vertices 2040
     0 3.22806864649576 6.40251708762414 4.46610369473936
     3 2.71696678945913 5.77632024544154 5.12480578670334
     5 3.32336212966325 5.08053342372540 4.13862508222026
     8 3.82938141713131 5.38641314484035 4.29744368464316
     9 3.84204766782234 5.60037813812395 4.22111223558935
    17 3.07555209125172 5.07874666761350 4.83062153772475
    31 3.39651563760382 6.48602632775891 6.57252806012599
    33 3.54970050713229 6.43632275952138 6.41069365757660
    46 2.53879826908998 5.69823057482735 6.82042101866058
    47 2.59763749163028 6.37752586492917 6.61146807989376
    48 2.99671373081426 6.59959675856762 6.20843427963801
    52 5.77914084927365 0.75801352486248 2.32008385776618
    55 5.76709351927721 0.60837586296762 2.76153338916077
    64 6.04359036628733 0.46889951416204 3.15752493799518
    71 6.93962145529936 1.00630978643000 2.17639886232120
    74 0.02651871120415 1.06845854888198 2.60131088468528
    77 6.00393654840052 0.33364149760049 2.95489288552896
    85 1.35415295043835 2.95847319733078 6.60978042502891
    87 0.99869388734589 3.27090454334365 6.48576039246727
    88 1.13173453322154 2.48559490771268 0.12741541294560
    91 1.43244648509643 2.68040256840732 6.30941106055247
   102 0.74846289305620 1.86242067032522 6.50514140512453
   103 1.00682964527012 1.85767876113194 6.78618279848071
   124 3.33318961278065 5.49640246466499 1.12786617504043
   125 3.28747805376444 5.61641593217645 1.12673660444012
   127 2.76885761472313 5.58147983673097 1.17924524413070
   131 2.28446252129146 5.81757594626609 0.65051541680832
   138 5.00912459037233 3.84672891059771 0.01067084360737
   141 6.15995819031396 3.29276997528664 0.36867309325428
   142 5.67287835726174 3.22743300322363 0.54120571966681
   143 5.91160501998199 3.46308485368023 0.79446172371696
   145 5.44107981745268 3.60848391256451 0.75502776984575
   146 5.62726202212912 3.91681789888259 0.80622964915524
   147 6.39446767112591 3.74491399977410 6.77844483169921
   148 5.67784358497042 3.35484845457214 0.75154172409723
   150 6.22001145950090 3.38231404937875 0.47491880623040
   151 5.87926607523221 3.83893038392867 0.83438209857220
   152 5.15014039748085 3.53690513957185 0.35240945885592
   158 6.25194779269281 3.44012179795159 6.80097981306742
   161 5.12971415229142 3.65274490025253 6.67601798791068
   162 5.18138817528237 4.08944438025598 6.74682413094992
   163 5.06282786475094 4.01350479159347 0.01164815222751
   171 2.57323894107063 0.74626749434273 0.41931064795080
   173 3.01072675023713 1.10324469366580 1.02861904573362
   174 3.26220891763766 1.24472247873100 0.38014978246192
   175 2.01304004410604 1.69703939595878 0.64390998934582
   177 3.31943825175527 1.56827335452271 0.64381705909278
   179 3.09888368778505 0.97265755898312 0.54041880956606
   180 3.14124556619917 1.49045257040300 1.01556538829856
   181 2.71926731325869 1.82375107195379 1.12645238202450
   185 2.35129884624864 0.87025353118017 0.16208035662972
   190 2.35301627896566 2.12919678252961 0.67891434695785
   191 2.62726261359379 2.11047810376803 0.89391368771535
   194 2.43788373096800 2.16760476316120 0.55838773757914
   197 2.46570448638861 1.89140073528643 0.00278110958810
   202 4.73994823736172 3.47060242710875 1.56963029956879
   229 4.67748889704491 2.13610392289625 1.58590458857567
   232 4.41993955685900 1.95620669145912 1.70922990945371
   238 3.49469561699117 2.63529760889951 1.48824696226706
   240 3.58865820962527 2.94132800057410 2.00697643974111
   241 3.87566276611078 3.32796663315196 1.84597240115164
   243 3.70935065698828 2.12378802018885 1.66397842699827
   260 6.39011001236416 2.05968205757383 5.08954698537153
   266 5.88264634415794 1.57585701285384 5.01262452121675
   274 6.51166798409878 0.63328397499650 5.25708535152867
   284 4.31935841805088 6.22731010679333 5.34911264971444
   285 4.24911050156427 5.98867321043546 5.67777005182268
   289 3.77142550781854 5.06970424954624 5.26647304526949
   295 2.21310116378819 2.69387028785771 5.07229851709096
   297 1.49734622479956 2.88450362361251 5.58901203309748
   298 2.29036313215330 2.79853569999811 4.78896229888952
   299 1.82352114374998 3.10002124133484 5.52583448637746
   300 1.24609070414874 3.22761548115074 5.55190250203368
   304 1.72132422560528 3.34577113228289 5.48886386084525
   306 1.22911885061218 3.05973804645600 5.56388530926874
   308 1.75806451622265 3.54151135654209 5.13377616790654
   312 2.03732008295872 3.34044276403910 4.69659691283880
   320 3.65462618048086 2.26664918466096 0.13425910543918
   321 4.36652288747287 3.10996243380476 0.54858384719250
   322 4.09166112535000 2.17228523240850 6.90234525318342
   324 3.62558858667552 2.71689034668771 0.24469320031511
   330 4.00107791620545 2.96115199371999 0.13039807908588
   332 4.28602650720492 2.65774802670514 6.85359129292645
   347 3.99027304625077 6.75252279926929 3.62306895093369
   353 5.16849834930160 6.62698053414210 3.45891819212655
   358 4.96712573286205 6.90258973605060 4.46797158999414
   362 4.57797297762370 1.60892229988380 0.41116979742364
   365 4.51827018553170 1.09351985945600 1.61542642524184
   375 4.31017807741698 1.27770935341883 0.57419253881559
   378 4.24548133503341 1.11609010472302 1.36779998106811
   389 6.26253610834253 5.38627868932383 6.57624169336109
   390 6.32324013205093 5.41484461675606 6.02245692480785
   392 6.61453335526284 5.94936927726689 5.82708745011899
   413 6.54454984260028 5.12660381254912 5.84921513881328
   419 6.42559599670568 5.07356091371748 6.74336332943051
   429 0.41452891589177 0.88325877095761 2.75293523656310
   430 0.34430220132399 1.18479739424777 1.88026897589965
   432 0.20304063053232 1.00671095257620 2.11159938870945
   438 0.89102360828147 1.84159710423290 2.75897039732873
   442 0.79172387365209 1.23430071525053 3.06163394767455
   453 6.19314876799620 0.53657583491205 1.27589628621765
   462 5.52773774864059 0.71550832212905 2.27749763292517
   469 4.99718468275644 4.74108193422397 0.78922175075530
   470 4.85919716424549 5.81310788522944 1.01215904172904
   471 4.61342057848726 5.48898033731943 0.97248280775854
   472 4.48156648628373 5.41698312401201 1.51991569914031
   476 5.34105799845619 4.57338440351600 1.15289091296359
   477 5.85901802369320 5.45352763848541 1.05929905861776
   478 5.42749579246520 5.55442322102123 0.64627544607260
   479 5.64811455613798 5.63803377647273 1.51952552460285
   480 5.90779623677243 5.17291834254123 1.01810988137184
   481 5.35638392681342 4.64395998796193 0.82711671630255
   482 4.87093754825692 5.18489002500062 2.02307795800998
   483 4.61724350148751 5.10573399711232 1.70877201359777
   484 5.65397829693306 4.81297596412869 1.44679983577284
   485 4.95008045737837 4.65863487963849 1.17748819809798
   486 4.91977763790264 5.08590544517801 0.63342193300610
   487 5.37362216759019 5.28461198518208 0.51119665359443
   488 5.64811907692177 4.99483153268134 0.67055521906713
   497 0.14432699727779 0.72805525481140 0.85784412072067
   509 6.58215199477678 1.29747046231791 0.91544536491813
   510 6.37027702802925 0.81802248483770 0.81891033327220
   514 0.75351883813848 1.56010222714043 6.08184151933586
   515 1.43713191808718 2.63529944193143 6.01145763696872
   518 1.34095341403818 1.48180608942319 6.77153460798869
   520 0.82513989093265 1.87498557946333 5.80369273139382
   531 0.45573924998278 0.77697395637880 3.61869199877260
   538 1.23475088132554 0.05944190002334 3.48656603156883
   539 0.88399166437823 0.31494327615264 3.84654509762455
   540 0.74707260017074 0.28932492921574 3.83144471114853
   544 3.14391179997560 1.82290425991066 5.00437026381975
   548 3.11459967830441 2.56669392692099 5.39369443568995
   549 2.32729724447190 1.59042615129149 5.04861002135761
   553 2.93711219258760 2.78929564978302 5.29963065786016
   554 2.63243880160752 2.70041611944969 5.44936808058223
   557 3.30457964970950 2.30660077610797 5.03591515539005
   562 2.12895028969472 1.81953994402154 5.19633239127504
   563 2.64349769214486 1.52827290830534 5.36997418286792
   566 3.02985392301941 4.46507880397655 4.91652369686409
   568 2.67245391704776 4.54615868980166 3.64510797194164
   576 2.17153713146817 4.38178489038367 4.23487804028591
   577 3.35318504415830 4.78015027785203 3.95771311931433
   580 3.25268221803638 4.46413930604881 4.14425391722292
   585 2.99645401254348 4.68059359292061 5.04943596999763
   586 2.37760471628161 4.40933395580454 4.98488727456121
   587 2.55998081535177 4.69723136503764 5.14536156732740
   602 1.03676904323803 1.83486988109698 4.86390194383476
   606 1.38235902410124 1.24378592814002 5.20463817850775
   617 1.78844739437162 1.00889432787439 5.05935883647456
   626 1.70778203687935 3.10374058404294 0.35338001517642
   627 1.45927407903188 3.45203887203201 0.66724231760377
   629 1.73306903738129 3.57264367247569 1.00365830297424
   641 1.99777657387732 2.43180775974169 0.77047236543916
   643 1.98887290332823 2.66286625684940 0.47789211139021
   644 1.73416968398173 2.51443635271771 1.63393626529678
   647 2.36941219803145 6.59562894097162 0.41432692602094
   648 2.14130335547499 5.93112688626119 0.71108152587855
   651 1.96635536031172 5.70945217887035 0.59850408611887
   655 1.47635471237079 5.72403985977724 6.74780676810807
   657 1.66264099479362 6.62496434406812 0.33603371520382
   662 2.09257206649013 6.49162214988088 0.59721850621983
   666 3.52862074719843 2.66355630501480 5.94782022823978
   668 4.28789007951416 2.80460911418110 6.50752710911899
   669 4.01123334839205 2.32200193718973 6.06750902867439
   671 3.54151152424922 3.17532452708144 6.19784601648465
   676 3.96018916699717 2.02978950957457 6.17804010919814
   678 3.99114893343646 1.90951333668166 6.57466868350893
   679 3.51241994903242 2.74237172043676 5.62676599415288
   681 2.67396077838212 2.49437179634127 6.44810408697326
   684 2.72312798508763 2.92287086387596 6.60846502295384
   686 2.43560310210671 3.52706588885375 5.90171175447274
   699 2.28513485848748 3.12155608969627 5.86090320015109
   700 3.64733183511470 6.69078201955722 3.59691662908239
   719 4.34209645716331 0.22677813893526 5.49034071334365
   721 3.76542408013066 0.23196556145410 5.56353923145520
   722 4.73471556396842 6.90926664437386 5.93798695003018
   724 3.93747997606634 6.66599235430227 6.48726073088729
   736 2.93284931344063 5.78454476367672 2.22523486903246
   739 3.96560107866405 5.52186113220736 2.88237299149050
   741 3.54024370587481 5.65197259460710 2.11980036503831
   742 3.74302847381362 5.95684673113483 2.37261053531684
   763 4.56259680160257 0.38401025568159 5.32289242992665
   764 4.40648075571358 0.43970730410386 4.93849768554402
   769 4.59299831368671 1.69362108122634 0.01785396076026
   776 4.85464974680854 1.64984715415565 6.82862711367029
   782 4.75667794526324 2.95177002253163 6.33797430836883
   783 4.62993763156379 1.50057995075749 6.61652767417951
   794 1.73257372070243 3.90845606545164 2.10255185898586
   795 2.01295388505793 3.56367596748829 2.18649400863444
   796 2.83030896733037 3.91299545464684 1.59156116975799
   802 2.65971960545035 3.46335665994294 1.18440881580732
   803 2.65082436730958 4.30527720586066 1.47829659130857
   808 1.84141745623588 0.05794526883729 4.91267727251849
   809 1.66104936927566 6.36979374140878 3.70966619417838
   813 1.25254747916947 6.98075292183813 4.63699796310502
   824 3.54241597004968 1.53396138864522 1.40371587337841
   833 3.43857159856435 1.86064118134533 1.66337212784807
   835 2.86182827277817 4.68868936297269 6.07783531287413
   836 2.02944126822407 4.21115914413574 5.73646289884284
   838 2.63878802105658 4.66261098984081 6.11976279913180
   841 3.07390530131510 4.38639531709812 6.21981403099481
   843 3.30012663112299 4.49613846557419 5.27662324392075
   844 3.32069764220836 4.18822886455890 5.83854367575651
   845 3.17209737869952 4.68150010380365 5.27713226989501
   846 2.04843390634461 4.11563206384916 5.33316866667605
   848 2.05614129308088 3.88936981869605 5.88969810207172
   849 2.09659867460469 3.75418377413679 5.73447860937667
   850 2.99539226481570 3.84988127526508 5.16275451698518
   851 3.19962156222623 4.32446909889002 5.03357504356418
   852 2.40012550149737 4.66877760288832 5.85931730336509
   853 2.09509675852234 3.95255239875128 5.32527889633592
   862 3.72626281274466 5.39027778555567 1.61747185239062
   863 2.56162454610298 4.74855842588698 1.75662746814215
   865 3.70181482193424 5.11928637312283 1.88053527500820
   867 2.39023492362476 5.02373860842331 1.63665043505155
   870 2.84446443452091 4.71111293450952 1.54920404964761
   871 3.34417663719057 4.73976750748018 1.92842549509661
   872 2.58686253252536 5.22045228660404 2.49880556935579
   875 2.11683383294033 6.20024990360402 3.20694736771717
   876 2.94506305207895 0.25606508509696 3.31165640693693
   877 2.14201212194623 6.54047693886697 2.77717870639345
   885 1.74800989740511 5.61017145682771 2.55550458311119
   890 2.07214366108186 5.32395093970233 2.88991419331643
   894 1.89695773899805 6.41767371335627 2.49119454851969
   900 0.64587527289881 6.04043225913769 5.80750666051466
   901 1.17609438675182 5.39994635948287 6.28220694047757
   903 0.33958330462853 6.39639240624024 6.78764546879186
   909 1.23070637225007 5.36331469873137 6.59688872128201
   910 0.76068288381595 6.55404399155059 6.77067824246578
   911 0.79344669701639 6.65094375119771 6.44764514936473
   912 0.27398726580652 5.84034964837149 6.93940527300999
   913 0.31715345732882 6.52681267915282 6.19215882953112
   920 2.22423745064913 0.70161308957333 2.30827397174565
   923 2.68320767567600 0.52764720676125 2.12519722921224
   924 2.44933670426914 1.18432504926834 2.17069364708695
   927 2.81984696019174 0.84590826552095 2.05135490547331
   929 2.74691595351895 1.21401029289753 3.40084351329621
   940 6.18364362674233 0.01634462151969 5.46080226921867
   945 5.27690623858048 0.69801138656609 5.54971624832338
   947 6.51030116069698 0.18934285774594 5.45144715174931
   950 3.83929974538263 4.78343651711700 0.67930768262296
   958 3.46829588615830 4.62971242216598 6.64402730538865
   967 0.67816919539181 4.30032130310434 6.73616160063631
   968 0.64639937610656 3.71095253414027 5.70445031000593
   969 1.13302819661191 3.57425982879951 6.56817363396012
   971 6.88495521133775 3.99687833770033 5.97686924667941
   973 6.86066865037682 3.77301441347630 6.60498311891246
   976 0.07556545814907 3.90841249352256 6.85815091413897
   977 0.34652790264851 4.39149701206884 6.68352663430698
   978 0.06507239350812 3.55667223277528 5.90704548265979
   979 0.75631797625138 3.80482675339115 6.94302577649061
   991 6.48730892409986 2.41459228703531 4.53561331339089
   996 0.11694218651453 3.28271354279018 5.00984389053623
  1001 5.83480488272533 3.42708339682287 4.26208388464188
  1015 6.36813638447048 2.66155268096115 4.90479625079783
  1020 2.95260815606959 0.77911825749475 1.48848250749576
  1021 2.44299677431558 6.86522799781583 0.86360238400009
  1022 2.90840275348744 6.92085040463416 1.56968861890855
  1035 2.68670487331584 0.34711342644652 0.28922385671118
  1036 2.57560075917111 6.85342939702956 0.62516098086382
  1037 2.88349259060323 6.71105677315273 1.37256612199281
  1038 2.71444465729197 0.23018164452611 1.57242499966010
  1044 5.61353614998946 1.19051819589165 3.92597256577771
  1045 6.11483689340903 0.15964943847842 4.03682299283621
  1046 5.83572642172883 0.20227189181695 3.66253566607582
  1050 6.35736128403430 0.67893892388497 4.33902248842757
  1059 1.91628945872466 0.64182908856330 2.08833414669123
  1065 1.22592452749612 5.28776654845514 4.89187890790979
  1068 1.24128648459407 5.63908050416021 4.87075808412510
  1070 1.33582420784486 5.13903860274559 4.69555515603423
  1076 0.71083276262397 5.91553401330362 4.67395037538545
  1077 0.65918631565975 5.52744061547476 3.54076532477677
  1080 0.88140670476030 6.08938736556429 4.31942108887884
  1081 0.91374245342259 5.71506452495709 4.92662151995154
  1091 5.73278994988366 5.14059512654290 5.65033213862168
  1092 5.16530931036591 5.00566330130416 5.58414477931764
  1093 6.11115110229563 5.22560119814082 4.69917554177043
  1094 5.50055615542616 5.44444027909171 5.50834150045772
  1097 5.51654296540710 5.61972385794658 5.22802868675652
  1098 5.58734377571026 4.93638141354155 5.71431007107726
  1099 6.18627455510342 4.85748929190280 5.43897566886092
  1100 5.72727225459031 4.65317662924230 5.60201751135496
  1101 5.13944646677465 5.29240455360666 5.50000693750667
  1102 6.35594321308726 4.89444172797100 5.07585125581322
  1103 5.07190387693502 4.77681317211370 5.38247783341884
  1104 5.40676086775835 4.46024837405215 5.33336710474171
  1106 6.16284012009143 4.73029507166880 5.44621462078609
  1112 3.96526837152717 5.27937691674352 1.52478482938204
  1114 4.36647806798536 6.14499573632501 0.64142278294775
  1118 4.79025854894822 6.09214921464760 0.89121960830629
  1122 4.23422070188315 6.31556521440314 0.75284264740907
  1126 4.66909955843858 0.34210398091504 0.09329019961587
  1130 5.00004924305296 0.34525242073986 0.02509303995520
  1134 5.30455524242276 0.47489184990138 0.42720049635255
  1136 4.27657633315216 6.79593606689500 0.15649599303699
  1137 4.13662734787874 6.80634031129740 0.42694954765764
  1147 6.73504324392001 6.54453679754872 4.87959666107052
  1148 6.69333627065496 6.86003571873264 4.10104098270110
  1151 6.85023395317712 6.32483275262603 4.95512323873292
  1153 0.31192018460323 6.53317165199745 3.68738847984265
  1155 0.46385046466020 6.83223923864637 4.12883161689207
  1156 0.78385109839251 6.51746438747317 4.44248047067177
  1168 0.57775452869881 2.91694865184794 2.05617418859484
  1174 6.41315725312870 2.85248619537218 2.74410814272881
  1178 6.62445296128679 2.28539855384208 1.68217703774423
  1181 6.98846514112783 2.57793465304135 1.50206385523532
  1184 0.50706877056050 2.91945023530922 1.81611371797138
  1202 5.45366685414862 1.61480579806186 4.80829819434043
  1207 1.67931106312898 3.34641236974778 6.82533625781679
  1209 2.58463773732476 2.99668522502438 0.18099209900634
  1210 2.30062371091788 2.50475817659204 0.31376091054529
  1211 2.35133980430288 2.17223043542931 6.82140055516203
  1212 6.05972227261663 6.50810464640852 5.58697464198367
  1214 5.18082172177322 0.22254992146253 6.36321098539377
  1216 5.89390413673889 6.67968072468514 6.38502865462097
  1217 5.55804330396709 6.28169252695916 5.64833886181640
  1218 6.20841134804680 6.72506535301502 5.99435089391925
  1221 5.74747064440111 6.98868938907862 6.52117983926057
  1226 6.11145588155265 6.79520876468322 5.33994767657175
  1227 3.63079502831102 0.83953493893850 5.90020466029559
  1244 3.98111489549482 4.06637303023627 2.22002913652887
  1249 5.45150245695485 4.11249904288831 2.18685027153937
  1255 4.32528058958628 4.37871001015892 2.00255558703310
  1259 1.16479848814892 4.60194960420768 5.70400461338374
  1261 1.12884107260690 4.84327924331865 5.68597271797698
  1265 1.39089721530839 5.14560589393549 5.07092185536992
  1266 1.46233524023902 4.31503188280061 5.10803679604534
  1279 0.42115196699471 3.52899431958604 2.66747685137079
  1287 3.14655048294956 3.89503208165200 2.79009216344403
  1288 3.81426371213957 3.80044711586014 3.63924664510616
  1289 3.39086191221245 4.18422597941669 2.68586830246402
  1293 3.10509408301673 4.58848978260522 2.79433470122451
  1294 3.55983033413130 3.63666426314429 3.16554159565654
  1300 3.57150166912771 4.22617543341780 4.12619988386743
  1303 3.57905544997450 4.73907794737837 3.16243076756844
  1304 5.43729031707869 4.20397876263933 1.25453406330507
  1309 6.45037286356955 4.89574063542495 0.39307683188993
  1317 6.59533765870138 5.02730470129030 1.06684566776211
  1318 6.30006815416544 5.49730765888010 2.25100695012104
  1323 0.34896766216081 5.16398838206519 1.71909694455571
  1324 0.46786514517324 5.68836111468537 2.76174193892346
  1325 0.65668414505518 5.66226362267454 2.38277675901844
  1326 6.76953482705586 5.15918013428575 1.59514904444882
  1328 0.19073941907511 5.11692639704750 2.85066680940832
  1329 0.04288435793671 6.03924854141058 2.64627827492703
  1330 0.40840237965503 5.75608700982909 1.75147294830818
  1336 0.27919656732829 5.40959498450599 2.94810063208028
  1344 6.50684941719443 2.73048326042353 0.25052680050084
  1345 6.59955934717042 2.83333350948164 6.72939240872962
  1346 6.75581425067356 3.93122006595283 0.32376451375153
  1347 0.28761912662824 2.65228456551503 0.41719638510812
  1348 6.85259694149988 2.71235093498189 0.56054788901010
  1349 0.18687854119495 3.50721169347060 0.67838075045920
  1350 6.74104764380914 3.09762342351559 0.76333615703784
  1352 2.09187487002199 6.57886011027389 0.80316518482755
  1353 1.01810783485348 5.66600901669623 0.55804763400147
  1357 0.75906122092344 6.12605754915739 1.04167484594274
  1361 1.56176417966669 6.70664840188561 0.42249507173094
  1362 1.28587316091756 6.52757396677118 0.37553400493295
  1364 1.76319340862810 6.74695251180602 0.87508094472370
  1375 0.19267909811203 6.15686345926978 1.00260244216416
  1376 6.64598014731471 5.08054530685217 1.09109031233415
  1377 0.31464602030844 4.90808009900429 0.86888850650078
  1380 0.05132502948288 5.80114454873321 0.62285001632980
  1382 6.57529151808823 5.29724178321119 1.03011427771768
  1386 0.92054290497643 2.34358465912488 3.65662380013242
  1391 0.54553316657606 1.77187766647037 3.02310627080731
  1401 6.19481959248761 6.21582569158417 5.48475451809459
  1405 6.34924469828794 6.52643185302861 5.02068720414375
  1406 3.60752901516413 0.99823262603024 0.24765734280652
  1409 3.72039910260793 1.04961960986423 6.82440298972555
  1416 4.31418427159811 2.55277797386873 3.30605366589763
  1419 4.30962769472350 2.00951083630969 4.39019646486975
  1421 4.81022866875959 2.02784697477693 4.13515763517835
  1424 4.85748406876663 1.53466822963930 3.98187086950609
  1430 3.98159395679872 2.35712092309586 4.15487871174985
  1439 0.04304566796235 6.87561579327646 3.01532464162894
  1440 0.85918427439604 6.59203072621049 2.09309805203893
  1445 0.44077575656105 6.84007115927595 2.17855030471357
  1446 0.08593003535303 6.61293001213335 2.27155918470268
  1447 6.89751127611818 6.69215201904149 2.78074910261296
  1448 0.06564427689083 6.66758817134141 3.17601018273394
  1449 6.89855616061627 6.50422521350584 2.90900062694759
  1450 5.74693533150264 2.39846793706189 2.96809421783052
  1457 1.41955497608798 5.45557022363044 2.51473740661074
  1459 0.58079115178565 4.40486564500755 2.09050989244484
  1460 0.61776820574910 5.44354477601527 3.20109852363873
  1461 0.45912914846701 4.41944072775898 2.15729331104139
  1466 1.37405533423937 5.42439006010119 2.35122314256292
  1472 1.89411394855454 5.04229387606955 3.01178966592584
  1481 2.27744674612011 4.88487259414019 5.98193399923023
  1484 4.59706237519999 4.49386799532241 0.40194752037810
  1489 6.04131145700484 1.57881069649215 6.47331897352602
  1493 6.69124147995100 1.90129707660582 6.47586776545204
  1496 5.97083685267833 1.20559026915469 6.58418209580395
  1499 0.24913880336882 0.92770461564450 6.74624217952796
  1502 6.53157837923561 1.81248734577406 6.67856645316376
  1504 6.06145492123896 1.63887105869342 6.17604465701194
  1508 0.25568735603563 1.59025795081596 6.58864950552084
  1510 4.43381967122857 6.96342348641855 1.42884198213600
  1511 4.61166535241070 0.16233636135066 1.73086002440119
  1517 5.89125244144028 6.39769026604478 1.95686291935098
  1521 6.12326665905490 6.58970731651018 0.98666475447918
  1525 0.10170960844498 0.11551234158552 1.72454500058660
  1527 5.95014398413524 6.16344509622139 1.59150505518442
  1528 6.80880672857492 6.62835617557026 1.26732748784495
  1529 0.11315105223376 0.11755863831530 1.55000764034165
  1530 6.47287556209337 6.89482125079324 2.22333739873850
  1532 5.44491821513333 2.60998416207697 0.81436946310490
  1544 2.95421230053467 3.51992903773484 2.25575535456294
  1549 2.40704947600796 2.34731551955162 2.07719284071998
  1559 1.78438309877357 2.35602771335267 1.78005330508246
  1563 2.31113050267916 2.30591860683329 1.78551821807082
  1566 5.08808802986962 4.80312529342896 6.55170480229021
  1570 4.91270491369616 4.39042036400416 6.63774892195319
  1571 4.56918903632543 4.54659686971063 5.97527085350585
  1577 0.86576219583871 6.13272941422117 5.38494407530965
  1580 3.76128722305271 2.30088209896719 5.13381171153280
  1582 3.57785742457114 1.27400825814628 5.72991502911976
  1587 3.85370967367484 2.54691292540628 5.46172111194275
  1616 0.96290872641913 4.26406409119047 0.60381336502938
  1617 0.81687973624055 4.71145132746771 0.12340239143290
  1619 1.78401776090619 3.81608308750011 6.67388067365305
  1622 1.56865248113504 3.56221631765971 6.81736675339616
  1624 1.95494264810898 4.60776028583896 0.21933041204965
  1639 0.66656693967160 4.14422478967976 1.61628332706979
  1642 0.36628591282465 3.64980450364189 0.92519405579907
  1656 5.81895299152913 2.00280873511288 0.69997378437190
  1657 5.69957103390152 2.06762325283402 0.88803320538088
  1663 3.67940332758908 6.83608939048184 0.35732599829849
  1666 6.08300094230400 2.97122710441154 5.88008664154960
  1667 6.06992242260037 2.87308389882491 6.02988002971127
  1668 4.74692026717880 3.43257139132947 5.86740155796082
  1671 6.03366439288660 3.42522513201905 5.83907279559048
  1674 4.69813750038480 3.34028343674568 6.28756810571453
  1676 5.75017011424856 2.79243888321377 5.68843575836985
  1677 5.36017803523900 3.12092382995234 5.46424109625832
  1698 1.40082669632533 5.06310922425974 5.98998170373528
  1699 1.58638546584103 5.91109786195657 5.31154952134085
  1701 1.79839965793204 5.51146415610432 5.53440620896553
  1702 1.78084644598357 5.46987299222843 5.73375371317722
  1703 1.27405982372615 6.20528151810601 5.56348075451065
  1709 6.17256075093984 6.47511723162201 0.63688201468771
  1717 3.66090291863273 6.39777329468372 2.39849104201684
  1719 3.50823548759668 6.81008207537703 2.10865507556187
  1722 3.84368925133752 6.05872293436091 2.29490810975168
  1723 4.26026629773278 6.68008567549761 2.60356202841977
  1724 4.33829155789689 6.10286401316982 2.45197130508429
  1725 3.87501110794668 6.74187576762919 2.57291049930739
  1732 2.32506094699400 6.07923360389931 5.29837209021760
  1736 1.87533815628458 6.15776036021993 5.17119449033134
  1742 6.94793419676838 5.88231186839814 0.46871112584987
  1751 5.36313157544964 4.68572091290032 3.19719736912099
  1762 4.90035566103742 3.67864088758172 4.14616796659128
  1765 5.10747362610210 4.82556248915849 3.47112850284146
  1769 1.81608683505249 0.68323433177549 5.38632620679908
  1772 1.30505853111479 6.90809796763092 5.33458112533010
  1775 2.25357661796041 0.62521478660308 5.76279762614105
  1779 2.14298495385753 0.70738841854188 6.01205792057530
  1789 5.37192794124275 5.18761006129332 3.25932941846985
  1792 5.12533570661736 5.07504043994123 3.46827247398737
  1795 5.40255995068165 5.70288724498531 2.82812714461827
  1797 4.33121418676124 5.39722583531716 2.96503356625439
  1798 4.82285272100724 5.75541823623020 2.60127962638485
  1800 5.25079325720607 5.21980417279581 3.71045465871417
  1804 2.75909406830079 2.02984689261423 1.38037511814110
  1806 2.49031818363915 1.97667138984329 1.72300804779610
  1809 2.99969974829091 1.88661333233188 2.31063127340513
  1810 2.64007507471074 1.96652434886113 2.14022301788894
  1815 3.00055581445476 3.36510258651267 3.90952546982212
  1822 3.54569460158217 2.20775416890847 3.55003422862252
  1835 5.51232349343320 1.87343428772405 5.76321147679416
  1843 1.90555517019999 4.87879054360073 1.56838431692177
  1854 4.17522276113501 1.05675947243806 0.37602219233924
  1855 4.94609135569082 0.50209626070560 6.71286142356635
  1861 5.79941241814722 2.54676231981642 5.24676317277724
  1862 6.32307050613279 2.54263334839040 5.09849327529957
  1867 4.68089219335428 0.82319562796228 4.49880562816893
  1883 3.37209126271647 2.16373670200885 2.54558399246762
  1884 3.52583734889694 0.57818298365522 2.83140388794688
  1885 3.80824172872081 1.75868915307434 3.12613342014557
  1891 3.93146626014035 0.93115635678092 2.94131608840974
  1894 5.13760615964556 2.14997007205890 4.38240494536847
  1895 5.21162301505386 2.65243145183909 4.68028030567780
  1900 5.08372502881041 2.24618215823564 4.75134380566187
  1901 5.26224093682940 1.93641252126869 5.01610135727451
  1904 6.27488104501977 5.48081303660676 4.60241774088664
  1905 6.30551373958704 5.67903865214780 3.69995365116417
  1912 4.49557708123829 0.84674277008113 4.84651602853846
  1913 4.72180333289845 0.79604092038678 5.38604188636348
  1915 4.69317518107819 0.98665883145596 5.10477479861595
  1924 3.41088944942716 2.75720393876151 2.49712558619365
  1926 3.62834788425031 4.10852582173169 2.10607395619579
  1927 3.50379523637559 3.87146097761930 1.95717823659129
  1931 6.23418170821067 5.55813731259087 3.54322641784624
  1938 5.78623413757603 6.24228041122677 2.46507048227322
  1939 5.85142448856027 5.86314124627775 2.56188472006644
  1964 0.20497772158277 0.89321498290524 3.90449732609837
  1965 0.68710469647598 0.21582990467296 4.06666404661472
  1971 4.79952870132746 0.21215918710248 2.67448523594454
  1973 3.82693452800112 6.95579825051859 3.05234314610604
  1989 1.44408707780765 1.93529008012505 0.72296414033310
  1996 4.14975848674617 4.99207604196405 2.96364139242649
  1999 5.93452080126983 5.84954928467341 1.56898314825724
  2000 5.95562368877635 5.60740930037458 2.22781349806422
  2003 3.01840700444008 3.10341164969107 0.38639715256074
  2008 1.55374089206982 0.70977146639625 0.20160250192732
  2014 2.35255715926090 2.42881599882952 3.27047345613735
  2024 4.31190131259042 2.80121257060451 5.04004023749874
  2025 4.08117015563044 3.48396220345901 4.92166144765330
  2027 4.29858349077571 3.62306416055761 5.61696706215014
  2029 4.25991963725742 2.85503490055417 5.24467726885703
  2030 4.06761354448875 3.31997639147844 5.29407292098929
  2031 4.61758682682510 2.70186684548716 5.09608885187597
  2032 5.06276242783567 2.87496991232282 4.77794562961248
  2034 5.39251202550351 3.32964215179930 4.78662257305904
  2035 4.86757495796865 3.53196133929699 4.48062193634481
  2038 5.31684676251321 2.99629822370528 4.89579081333885
  2043 6.06714866461569 3.76497388508139 2.94857602548566
  2045 6.11102495472384 3.32085781204650 3.09660845985730
  2057 4.46130655538617 4.91008045433288 2.22527755346551
  2058 4.15374114481211 5.18243283691673 2.83494454496694
  2062 1.51521235535447 4.92203615905498 6.61890587051650
  2063 1.51267371628100 4.19032344628951 4.08437349808270
  2071 1.42342068433755 4.33121486035059 3.82652589510066
  2074 1.27642658679496 4.08236072128714 3.58025166498908
  2084 1.43820550755002 4.53124089068407 6.00193212943120
  2085 1.55063159749945 4.84539367910138 6.13551387102440
  2094 0.22467522606009 0.50957836475912 0.27992365412675
  2096 0.68258274553853 1.23377933180857 0.21335501253232
  2097 0.45215062110679 0.84741025400719 6.94476125484847
  2100 0.57843373661460 0.08540453774575 0.37237912095542
  2104 1.23103358879687 0.97323733466532 6.94774576706933
  2106 0.90524726218025 0.23825100861847 4.13527342010789
  2109 6.71600232413140 2.58801051352836 6.42814098360543
  2110 6.51876357715351 2.72877253119129 6.64085867951732
  2111 6.28811899351989 2.32385665719627 6.96609779721236
  2114 0.14732028133298 1.84383337093618 4.44475585628401
  2118 3.83690263253241 4.62468877725962 5.29602974032641
  2119 6.31695358603577 2.39613881923643 0.25624135396573
  2120 6.23422912462511 1.92617047454260 0.83845457500216
  2121 6.78655497799976 1.69819958656841 0.45052849958964
  2122 6.49997800083245 1.45545051408417 0.70478467928778
  2123 6.54282585904025 2.15460752791590 0.56768227874465
  2127 0.64750920790110 1.98153571350384 4.92627679997927
  2135 0.46243221071717 2.00710526712655 5.41127146818567
  2141 0.37840814585994 2.45813067274242 5.50656030121468
  2143 0.58138043860580 0.80255031157950 5.03259680875012
  2146 5.49178715958297 5.85288180518329 0.34299803647093
  2153 5.52204441132898 4.91924975385588 3.10256997106066
  2160 6.18786276278774 5.27480094783332 3.60515109338203
  2161 6.58045022673328 4.86688246336294 3.91336119722440
  2162 0.22907367308033 4.75492847522643 3.98752721500847
  2171 6.74108727213040 2.61833289417196 1.09107226741836
  2173 6.85509046052369 2.50361720263208 0.71372970481490
  2178 5.67064389984882 5.90372807555658 5.53123360798031
  2180 5.88723422126387 5.39419845075368 5.93848424761644
  2182 0.44931644421035 1.58123700538960 0.06969328378387
  2186 0.26691153550897 3.90619576375461 2.64092579859583
  2192 0.18250489864758 4.00817397987995 2.95886121709289
  2203 3.53295317471504 0.75890128827069 3.92670810316985
  2207 4.30398066842745 3.66909246507219 0.48178685099962
  2218 3.95507605769746 4.20403171721983 4.76156341324981
  2221 4.33366145704335 4.85080707605649 4.71664074429200
  2222 4.60629732646266 4.41652695866046 5.72307724363787
  2223 4.23285808342997 4.45263678973482 4.42046886580070
  2225 4.22634307697799 4.33523186628203 5.58858084783629
  2227 4.00196528437450 4.53627281448647 5.15528766367922
  2229 2.42533488322906 3.62359913237458 4.59775118524192
  2230 3.18599764455493 3.52439365406365 5.01853853018841
  2237 0.79663724521306 6.87803272533661 0.18801462987034
  2238 4.76579425785192 2.22048714352632 4.93466192843740
  2251 0.66312655958833 1.41184796587499 0.21502290061425
  2253 5.50109025755323 4.78700924816322 6.49997882793378
  2259 3.64084707677242 3.62083454164686 4.72163000768676
  2260 3.66610077807401 4.10742957453626 4.65855639975079
  2262 3.57937497882588 4.38447600063268 1.83346515468732
  2264 3.67547067766637 4.21073862179746 1.05667670150817
  2265 3.40068776495695 4.19956621182891 1.55122036685397
  2266 2.86135135431784 4.48611184238332 1.42268709633517
  2268 0.56678535805579 0.69699402831266 4.99036761687152
  2269 4.31822420190286 2.08110622231705 4.73723190651963
  2283 6.52745901902219 4.62314332597017 4.09697144559445
  2285 6.86085616705739 4.50925515645901 4.98047754341856
  2288 1.33115614057372 1.44756147406468 6.84624834538428
  2289 6.48590592269533 4.15879768420692 6.02419046304181
  2297 2.99774052821356 3.35112306243300 0.51876264527340
  2298 3.08979636893139 3.29925928398929 0.90140000022650
  2303 2.30923694450678 0.65688955574926 5.76479594308560
  2306 3.73538076481063 3.86647642935369 0.94668796772481
  2308 0.88326773319167 0.38498132065222 6.32655941754162
  2311 2.28216437229830 0.78217372624286 6.02106709987658
  2312 3.36744966520078 4.00742828740529 1.59492099130060
  2313 3.60745494417021 3.67123578380856 1.15565385062703
  2337 5.27309274794075 1.78647559325088 0.98115440647689
  2366 2.78299781354636 1.06224177966318 1.10613534168766
  2401 0.59710530177532 4.35498616031641 1.01995138087875
  2402 0.31376859880090 4.04530600499022 1.09505431293951
  2425 2.43682333183244 5.83480828959053 5.44280590624824
  2428 4.36286315537430 4.58637595668168 2.70267177565731
  2430 4.50964022289766 4.65816601437963 2.31696988094462
  2436 1.84235648749339 0.05830353511854 5.03379441425846
  2455 3.07157598458469 5.45822342890445 3.49960305681647
  2460 5.49444819062977 3.96008792717949 2.30674400575383
  2461 6.06053414121304 3.78787928227260 2.58311680369662
  2463 4.81402578818694 4.93107295149530 6.03443815092772
  2464 6.12505986198402 0.77158149858150 1.13079326660006
  2466 5.28321891286738 1.35857474886541 4.20927502788330
  2467 5.45849195385416 1.69126916341780 4.43003668626555
  2486 4.94823799230734 6.16220916171307 3.98260775114716
  2487 4.88732046413205 6.41664610866520 4.37896812055259
  2493 2.29535501593796 6.79586488421127 6.98871672283034
  2495 2.12745011136745 5.62404527445737 0.54687414474384
  2501 0.63687598390692 5.40351535417166 6.19519805827667
  2502 0.47276984893893 5.78032053410698 5.90260430961755
  2505 6.55363522274809 3.16611066635456 3.80162596282144
  2506 6.62943886253340 3.25791254032187 3.42294427227109
  2507 3.21415764116363 0.84220621510616 1.37550323682947
  2513 3.40525709715417 0.29283530830180 6.83658419688463
  2517 1.95889496993655 3.39657051009326 2.49845018759798
  2522 4.06737717354103 2.29251499336503 5.98751496637704
  2531 1.52901736857237 3.94093930528390 6.27673079726341
  2533 1.33568517987601 4.33885911033604 6.25436512570487
  2540 3.06476348549784 1.82364123478318 3.23443334489095
  2541 3.00779630854687 1.95604686495184 3.11226130931986
  2546 6.47258491575076 0.24473768841921 3.98892239366897
  2548 6.59795132320246 0.50648886773117 4.16583377016528
  2561 4.24778156478001 3.74090261702491 4.94329303885903
  2584 4.08976017007914 6.35750412484183 6.47311930478545
  2586 6.02105914197202 6.16168357227982 1.69331689015743
  2587 6.03948388494197 5.86857253399641 1.72611428845040
  2588 3.40003220460107 1.75426118192664 2.09807860390232
  2612 0.38701406813368 3.43732192323541 3.11529024057604
  2620 0.72039403170908 4.75362866631751 1.94460693312338
  2621 1.34358288628627 4.94469126710620 2.17528612312255
  2624 5.95298238816968 1.04648818043947 6.34359833034674
  2632 4.56025390721323 6.95207068167902 1.11548252164028
  2645 1.38247143801660 1.79620957775962 1.59872206070130
  2652 1.17441032439698 2.31015598633990 3.76441303003962
  2664 0.55180561881247 6.90952563622353 0.35559493088013
  2670 2.53145395418188 0.77855896377426 6.33282696234330
  2683 3.98190118215924 3.69729993345339 5.93633126784480
  2692 5.47634085255191 3.47985874264840 5.48022912226643
  2694 5.49123688321993 3.62011923213093 5.12476324657313
  2701 3.19807129240805 2.53101751792593 4.52090216028646
  2704 3.82763050028101 5.45825903504952 4.61293407272844
  2709 3.20800825329294 1.31983509795805 6.31250875022099
  2714 2.30499676238494 0.30748231697006 1.05763281544265
  2716 0.87486351796283 5.93914098862063 1.35618649446970
  2732 0.69656877831089 4.35454990244813 5.78302204896392
  2733 0.64961019326119 4.28485113705561 5.71187668968225
  2738 0.07146374296640 4.45450902089441 4.20354332297294
  2739 0.18680370580314 4.37478349145111 4.61294326685651
  2740 6.84752578088584 6.90117161994096 0.04277213393950
  2745 3.46116957206943 1.10529106533318 2.06241999182321
  2753 5.67167249314806 1.86572164548211 2.44651438255019
  2756 6.34395649746949 1.00602958209041 6.94664236902372
  2758 6.51801405077706 1.86882780059017 6.13927674212611
  2759 6.58571701464725 2.59550205745359 6.11821734700014
  2763 5.10229368499095 0.88505150139572 6.58674485668142
  2778 1.06729624098886 0.40748002896855 4.48824908074734
  2779 0.35847902944394 2.32574757366042 2.65187889951708
  2780 0.54939605302550 2.34132929810995 2.32054911941709
  2795 2.76035816200692 6.96804884239943 5.13575130348324
  2796 2.80199126480138 0.09802584450619 4.71088340258820
  2800 0.54796863247223 1.87378659556243 6.66118448704615
  2802 0.62162920410876 1.87447427798586 6.85887357425729
  2803 0.84832597700941 0.58469491051448 5.87748707781342
  2812 0.64450631896949 4.98069521979014 1.36266770964383
  2815 0.39537527405501 1.71576040001223 4.72872173259283
  2821 3.88888048274053 6.50441508414542 5.15646107748190
  2822 4.00903956819859 0.13673340000896 5.29069196439048
  2826 3.50354334818347 1.27025564900925 4.37588612755484
  2827 0.80279607695664 5.36012811923076 4.96874079170242
  2832 6.57554019742792 6.70581427384557 4.16146072971118
  2833 1.31861125141209 2.20707411668677 4.73751450665707
  2834 1.44711735101810 2.21085783982953 4.50946885352045
  2845 0.48299156633020 5.35882356281958 6.67933528801288
  2846 0.19454521451904 5.75549871994774 6.81327927599302
  2854 1.17655014255351 6.12690013876137 5.95638990850186
  2855 1.40938323264888 5.78218295348699 6.15023159678444
  2858 0.40890534773517 6.59396245298507 3.35039140731875
  2860 1.36006202386021 3.38478654345121 4.46171259830770
  2866 0.96345630154082 1.86172659774984 6.87731002911702
  2867 1.04467367363732 1.67599733924031 0.03031374501417
  2870 3.09718045247068 4.89604149787723 3.66138696711613
  2871 3.32155333838209 4.86299666100127 3.12042375650804
  2874 1.98752069611051 6.84130062479997 6.90278533733016
  2878 3.69528475310075 6.17242818443452 6.39608191286203
  2881 4.09205898972859 5.19380839418122 4.20280871560073
  2882 0.21502697015549 3.16075964529127 6.27983944055966
  2883 0.09602934776808 2.81644226073169 6.20841698449376
  2886 0.82523011397591 6.29996827239410 1.02916241179262
  2888 4.70158870160213 3.26861327279079 4.46115802827630
  2889 4.23849453568165 3.19670723434980 4.70176718143720
  2891 6.82905385253098 1.98169607537763 1.85453646333459
  2898 3.92482343120972 4.38629597301664 1.07045393323919
  2901 5.89937843723549 0.05289242358007 0.05844649894697
  2904 5.21143985604157 1.06261247623978 4.85765841832833
  2915 3.52294797248394 1.43587007648475 5.10167805876049
  2916 3.65517416487762 1.19347335468629 4.79620109491265
  2921 4.44517302499855 1.04624376052298 0.76341489682208
  2930 5.94348247424868 1.75084275514779 4.24678964453067
  2933 5.44758118668338 0.46943384520234 6.13250277819690
  2941 6.40159658297904 4.90675450233177 3.39652438916452
  2942 6.25197698934005 4.73681735076826 3.24768842936488
  2966 5.59874004837254 2.78153285786231 2.98388331823479
  2967 0.55916805877669 0.32747283298140 1.17249580636492
  2968 0.47727310404163 0.01062681315810 1.33466701342054
  2969 5.22503810825667 3.81484721722126 6.54447336978411
  2980 2.93162225402346 2.93880453450514 3.74313207349300
  2981 2.55307102126003 2.91509167019589 3.52959426442071
  2982 5.73502849760063 5.08047977599911 6.77245809418745
  2989 4.18425487176226 3.49340172033636 6.41695210909144
  2992 6.21919039288580 4.01367717401195 6.51840571824005
  2994 2.73270115854543 5.30919395461492 2.56485670330595
  2997 5.98412040504716 2.25864049663805 3.99531798273310
  2999 5.60571064792698 5.66839772625075 5.72176569844738
  3001 3.62211877663720 6.15826286362846 0.85724597162568
  3002 6.44744359347437 5.42423894468336 4.08534486464501
  3003 6.35696228914198 5.18659282066225 4.00742307541765
  3004 1.45567258942431 4.78695218433081 6.70818035120080
  3005 0.99671287710462 4.86139078922585 0.10051327921059
  3016 2.69052289251817 5.27977920028211 4.83280307210276
  3017 2.41028558418304 5.02236082603995 5.01233553082080
  3020 2.55104333844450 4.24750920526023 4.86531736388897
  3021 2.52812944748923 3.98056257047505 4.96836775203371
  3026 4.03375250666651 2.61903402094924 3.47396806397456
  3027 4.19998792961781 2.68466031043879 3.75038981297883
  3036 1.81633466379066 0.34394836520408 6.43710237919620
  3048 3.01034761961401 6.61988912743233 6.39843795443800
  3053 3.45655149022372 5.82997248315277 0.74251232466252
  3055 1.17629594125119 6.83112980393316 4.42475970731514
  3058 6.47319053802981 0.37610664882217 1.09585116003873
  3059 6.54858063248081 0.61654756518796 0.80469411779671
  3064 6.76385551253804 1.50687095178660 6.96267024579614
  3065 0.21569744484163 1.43392624926411 6.81966635839271
  3068 2.10855533579002 5.43176899161208 5.72014494578676
  3069 2.11285492412616 5.46670203069287 5.55867998939779
  3070 2.09243257083897 0.97173316983072 0.29975863545274
  3071 2.00867009921816 1.43162268492494 0.17483114068837
  3073 4.27234389379923 3.43661146646298 2.66131281345669
  3079 0.94994713687535 2.43195168294775 3.37289628218532
  3084 3.59041429338689 3.41383632453645 4.41787389076163
  3085 3.98971627947978 3.10432595193732 4.41056658473154
  3094 1.47329277057941 3.82113543012263 1.62221382551882
  3097 5.24760473517781 2.04293922752776 6.64669363704119
  3098 5.53647258126487 1.86770808551144 6.79575456799548
  3101 5.28575434531149 3.87438170127992 5.14388410365819
  3102 4.77364949378937 3.76403988087736 4.64560917386975
  3106 2.73625945483297 2.27204909975984 5.73840578641461
  3107 2.82802191531826 2.24657153457482 5.73125816018466
  3113 5.72162268752161 2.22986959956732 0.00140944698633
  3114 5.83104528155153 2.32377434320082 0.37570519947848
  3127 3.53053761639678 5.76792179428120 3.96388472577957
  3128 5.03193936039823 6.34896036402293 4.54078484752250
  3134 6.04901010148743 3.45311408658443 2.41877070001166
  3135 6.08170572187210 3.13264894697201 2.84831494829081
  3136 6.91856655839445 6.38615457733533 0.57902316587245
  3137 0.13824708551283 6.68091829619738 0.17292196794660
  3145 2.17886505372021 5.22201152758530 0.68083578829872
  3147 0.95758710928770 3.80416185470439 1.76379377828208
  3153 4.30336443689069 5.09317097271733 4.64960428151462
  3154 6.42366558409894 0.21373708182685 2.70060708550944
  3155 6.48441610774156 6.86906288323896 2.62140698798235
  3157 5.97653183863184 5.79649802920605 4.72815082640846
  3162 1.45321664105290 6.55949604687596 5.55170736573723
  3164 3.25868435101286 2.10252141349716 3.09850311113261
  3165 3.34617628928020 2.00571703873764 3.21385745408708
  3166 0.54738262418118 1.53085799303176 4.62270462518734
  3167 0.48753872245767 0.84202110458569 4.98953574446412
  3174 4.88708650100010 4.94603478444749 4.83035419904821
  3180 4.93746848132175 5.91643859014174 6.64730589568537
  3185 5.42015218094150 3.49403364912968 3.55507789559334
  3187 2.99624265245505 2.43359006191406 6.41843314713596
  3189 0.90245102356003 3.22155294380708 6.17054442042725
  3190 0.99600529751491 3.47169223955249 5.96726722578746
  3191 6.61255366361514 1.70216404274095 5.89284607259268
  3192 6.77351001963022 2.00600878944479 5.49429865097746
  3194 5.40977067326816 0.58775301678092 2.59095506207277
  3199 3.00912647963288 3.61789840041876 5.58675197158992
  3203 0.48195057571137 3.60945757532289 6.98286613308766
  3211 1.19258902305718 3.78569900674726 6.27070444941893
  3212 1.03271065594728 4.19542030371040 6.25269232190928
  3215 1.27344525746600 4.39618781269625 4.51925564399375
  3217 5.55282194918478 4.21249436808362 0.51480952552317
  3218 5.97936310140738 4.36464735557128 0.23109360596953
  3221 6.40371125845911 5.17901998620136 0.91628925836564
  3223 0.30895057448814 3.94532904131370 1.35420493232391
  3226 3.09381985261391 5.01207747767759 2.58033825359058
  3227 3.32116993790889 5.00495509914732 3.05178846309140
  3229 2.29214596081659 3.66571027741594 3.18008443397885
  3234 1.05676813007115 6.07900929126173 1.54816640311402
  3235 6.43380353534129 6.89311481674976 0.30050580626543
  3239 6.33699930599935 2.51785193117130 2.77186668717337
  3241 0.57228849978957 1.81806739070203 3.68306337343541
  3251 2.25598254582755 2.40448377057551 3.40484896145537
  3263 2.29640013215342 1.53218022765306 1.59326137556490
  3268 3.50682678684818 5.43682960412081 0.84666230417959
  3269 3.85910230367849 5.26875336151136 0.90955545236657
  3270 2.78479998886407 1.70086940841025 5.61692327704670
  3272 0.60464969834833 3.52005456967400 0.70407724694515
  3281 5.50327579098608 2.70736193194560 0.57019905561747
  3282 0.80974549308702 0.84201377736359 5.78713794528598
  3287 3.69287121459433 0.02949803505692 2.26260167121410
  3289 3.45330975064050 0.56690462784177 2.56548260011247
  3293 1.71409804887532 2.40714645226078 2.03110713122258
  3296 2.84107194841431 5.46683131024227 3.78323870962345
  3300 5.90381724703081 2.74622714500236 4.15124964883910
  3301 5.94893140119161 3.10716809026561 3.96302433915398
  3302 5.43219641272545 3.68040036181406 3.94333075226600
  3312 2.51978889648710 4.86399448148755 6.23584399166993
  3319 1.49387815700844 0.64814226405977 0.72744241416504
  3322 0.11549238961175 1.48794365556053 1.61381811053558
  3331 2.49137290586182 0.10117470064925 4.49557469253227
  3333 4.75080454551150 2.48598392212189 1.83250671158767
  3334 2.69672530883392 4.86854208569497 2.42776269048771
  3335 3.04111056074085 4.85041466534275 2.51852159813673
  3336 1.81633676514960 6.53522402919791 5.32639242815172
  3341 4.17622586027069 3.14173958059723 3.98746987081707
  3342 1.00487652448043 3.01941851158474 5.21987748778834
  3348 6.94974271378979 5.87841992783201 1.60277212159566
  3349 6.64925734952342 5.51282402711887 1.54969150869209
  3355 0.16925971544874 2.38328888083450 0.67282148970621
  3356 0.17181523936246 1.74947153095113 0.50122993276499
  3361 3.26976721342313 1.50285917809057 6.09140518770555
  3362 3.19998443729258 6.75377994542170 0.75734961239773
  3363 3.40237429496626 6.46377901318818 0.59988849577214
  3366 6.11392983577745 3.69508550002911 4.36628116620924
  3374 5.94478075143188 3.42676189466006 6.54182706198929
  3376 6.01139203664492 2.97757811537038 6.35263481648866
  3378 5.74413492565613 6.76906621309133 1.16235899462385
  3386 0.32203455479170 0.03425642845071 2.99085332608908
  3387 0.19593955280135 0.61615012235764 3.07705552214505
  3388 6.38557015630361 6.73950013693313 0.93995309013132
  3389 6.41018572118627 6.62958238503847 0.64076217144379
  3395 5.45916854124059 2.82064261050154 4.82263964626195
  3396 4.38110100985308 3.82320406863277 5.49856162431930
  3398 4.43547205427971 1.53925120510619 6.77136488894776
  3399 4.20005963674136 1.10797234961811 6.88837519806517
  3400 0.61211250640742 5.92164152183450 3.82663989609373
  3401 0.38436674918262 5.66851666735135 3.83281967199154
  3406 2.41283801210797 0.78716733911685 0.75304604990674
  3407 2.14826365854588 0.93406770049418 0.72209043747969
  3410 1.87507868413422 0.99824175822487 2.06314708075619
  3413 6.16525969786055 6.57110861318739 2.81680796258266
  3415 6.83289709140154 0.89103828681935 3.81050013089294
  3416 4.01328155896017 0.29114985856598 4.97821078553682
  3417 3.93785573298499 6.97401291412572 4.63087442956261
  3431 6.34392844381966 6.22692633128129 5.14276283116844
  3432 4.47343133936989 6.36131688527179 4.37077765277196
  3437 4.69279217999960 5.00800381142501 0.33562292841462
  3438 6.43352360174115 0.80267999276810 4.86824271307303
  3439 6.68543873331587 0.69104649713791 5.06345637170405
  3442 3.51810553664090 3.23142856919407 5.57098527917116
  3443 3.18996304236028 3.33183826588101 5.39633654078216
  3444 6.65845053289300 6.37880086491078 1.68237397069639
  3445 6.82596965327570 6.74394402218386 2.01478755915899
  3446 5.42333772749942 0.80869204319093 6.19916322873834
  3447 5.33373554010258 0.96467621193377 5.91055071803970
  3450 6.94489189233872 6.57937157496554 3.68395688576743
  3452 3.89898249597838 1.81035650902822 3.24091379272678
  3457 5.15978329048019 0.14136246472785 2.57078519590298
  3463 2.86046132692709 1.59741759755493 5.37577308796680
  3464 3.36760388128488 1.27133820899417 5.32378573155776
  3467 0.96884604802770 5.73429701795938 2.41316131018977
  3468 0.81109456598753 6.06651085825845 2.08433950895722
  3469 0.34680036563754 3.61200062648889 1.29026473318625
  3474 0.98657828744524 2.65033296412149 4.73813529457291
  3475 1.18318261078168 0.03572578057485 4.30056009340204
  3476 1.48825900438677 6.91041757629697 3.68781117616507
  3488 1.56271566540431 4.10181245783665 3.18180280347447
  3492 5.70337195533154 5.56858563297566 4.86751760305242
  3494 4.63136625917026 4.29144279818310 0.02588040282184
  3498 2.17923879754816 2.56304380953357 4.53794290902931
  3503 3.33171669650331 6.92711672422189 3.52268570239372
  3509 1.84583069814987 2.91231942150085 3.78645712843760
  3510 1.88971242412603 6.57370788213977 6.46632157535172
  3513 1.53628460960475 3.48013748154567 1.42948175140179
  3515 6.15015690200458 0.81501976294375 0.43123835607427
  3516 6.15580277648635 0.99428127546044 0.34128015936175
  3518 3.32664025261151 0.93626577224436 4.25840251477903
  3519 3.99195277975730 3.24576060200109 6.51564803512094
  3520 3.84079468798652 3.31114325136795 6.90847372112896
  3521 6.45498174143167 5.70465412578635 1.78664422203731
  3522 6.79793322343501 6.01040112244679 1.77410633288389
  3527 2.47818366210296 3.74225442640949 2.21102907342396
  3528 2.66937758815714 3.63509205841786 2.01105093296963
  3533 0.81356075922168 3.50164575583866 2.47315359443378
  3543 3.63185766385016 5.95493480771502 5.94893816229084
  3548 3.15651505563427 3.71471931071159 5.83970806762539
  3549 3.52997339526958 3.42140429954006 5.87097091899824
  3550 2.21037437164283 1.04652068999032 2.29145763215370
  3552 4.71841813034715 5.45334693392286 6.69539931419937
  3553 4.97263948298887 5.18100059651636 6.90994078942536
  3554 2.46572006343854 1.47473541700189 1.19797543807677
  3555 2.10927853306548 1.37322839443690 0.95523314140784
  3564 4.08637598423257 0.46077208720080 0.82008942150283
  3566 4.34177360055672 0.80082088662565 0.61171300318227
  3568 0.16608069206935 3.18687741551754 6.47817311147020
  3571 4.21302571652420 5.46277499511324 0.68997909480166
  3572 4.35456468737124 5.15102224777318 0.33311539014834
  3575 5.10708620599142 6.38710159494392 3.50517655766254
  3578 3.00760716293008 6.89533516680248 3.47520822180538
  3580 4.66632585989233 6.02848769519035 2.16653933475320
  3585 2.27152216221965 1.58815182584428 6.89470625893139
  3589 3.23564863279495 6.66918912322396 4.34995665003976
  3591 3.59421227498703 0.08952131549986 4.39624641982906
  3600 4.12953050365920 1.42831556215567 4.34041474733120
  3601 1.96989806492029 2.22171146520964 4.93865485488113
  3602 1.62448323801059 2.21458353079208 5.05795504377967
  3603 2.19390473419694 5.49812497784096 0.07653612330577
  3606 4.07545616387127 5.30525416471673 4.83990795161897
  3608 2.03858586464520 1.69459572223107 6.61980761430435
  3610 0.17835846663019 4.93618169107710 6.72416803550588
  3611 3.94470870380686 6.87527044793511 6.73923710070711
  3612 3.65631433359253 6.88405506632467 6.85925794617872
  3617 1.72695657996275 6.92796232935654 4.91530682974819
  3618 1.72758568697105 6.92801524986746 5.03664252295180
  3620 1.69534745238097 6.01757557072796 2.73981997010768
  3622 5.22095546673580 6.99983411952289 6.97561284304567
  3623 5.34782937874755 6.96877476351021 6.54170117027877
  3628 2.93849848269318 3.18619813017143 2.53552040724108
  3629 2.90983606523313 3.53913129640465 2.46018975741493
  3642 0.64629943669527 1.59276800591402 2.90205580774815
  3643 0.24222810195245 1.08245732631911 2.58136979754652
  3644 2.49531365053815 3.12093092047671 2.74793893004830
  3645 2.60512949194660 2.80979143404469 3.29016636168346
  3649 5.17606706668970 6.22914752621362 0.42529928383344
  3650 2.99593554486097 0.21259812663926 6.59226233091501
  3651 2.96236034392767 0.49111918294384 6.26115403070859
  3653 4.41276986997684 6.44717836782767 1.34849891815998
  3658 4.50665460517809 2.62481253300659 3.63102818728343
  3664 0.29628263150647 4.84959133253768 2.15978494743183
  3665 0.46449250985276 4.98809942496024 2.02219211821030
  3679 4.43840044159204 3.48345939217828 0.60304343055617
  3688 6.72948887352296 5.61939624562994 4.83207147866269
  3690 5.17379092202348 6.76749159495350 4.68550283262267
  3691 5.69509706480405 6.95890056505830 4.70256323250449
  3695 6.05737393281152 4.74350563076100 0.24828670014364
  3696 6.03956858658223 4.80714345478990 6.94702367540076
  3701 2.88624412191701 0.86478533669686 3.61011476215042
  3704 0.66058261100502 2.86056404238613 3.48348696265724
  3712 3.13803439891474 2.32304777409836 6.14017093719831
  3713 3.43928392345829 1.83996603462406 6.29350599347240
  3716 4.50106150888674 6.45319017972877 1.12337845690411
  3717 4.81053472654520 6.24952673420799 1.08123200504278
  3719 3.07063340890201 6.66320874563125 4.40870558379678
  3720 5.44080057542870 4.97987444492381 4.32828149932402
  3721 6.05765502099635 5.01463334075517 4.46470558055846
  3736 1.35233234605340 2.60698092719518 6.93478240077704
  3737 1.57737151801733 2.72315318597807 0.30726079614837
  3740 5.42570523307098 6.78772650007672 0.89899105689756
  3742 1.97660087998799 0.37590837426766 1.13943922749754
  3743 1.87248273732143 0.77540894232494 0.92000742320559
  3748 5.12163820024829 0.48698465839276 1.57145322105051
  3749 5.39211027537441 0.32889898029836 1.89348082740991
  3750 3.80657581069423 1.17300617945976 3.20866203780263
  3752 1.17697683300352 1.99118419960386 1.20361891310839
  3753 1.25814272215068 1.78554353996956 0.98334378076854
  3755 1.26496224868752 6.41752946175378 6.23201603986592
  3759 4.24279547889494 0.72151575837498 1.89801608852153
  3761 4.32321836391010 0.36098339399200 1.90354622357543
  3764 6.14571443509336 4.76925412403019 4.52894100746428
  3766 4.83340563978204 3.95549894838490 1.48614701199968
  3768 0.22642395349929 6.06953092549538 5.93810317978123
  3769 0.34669360318011 6.21601624069969 5.87625461509307
  3775 4.06492071142115 1.28215859290587 4.76555145117612
  3777 3.72469335968665 0.90567049503495 2.22932880624986
  3779 3.53096858001339 1.05462648214166 1.62563489640295
  3784 4.67197278236338 4.21827907083102 0.09322631906024
  3785 4.57806085693336 3.93991668666986 0.09000658020654
  3788 5.40618741953628 3.99398123339613 2.05488938155427
  3792 4.85670188053633 6.32958055438592 1.99497059668483
  3796 2.34982952269729 3.43386604326792 3.55399554999704
  3799 1.98558022362014 6.45742360331698 3.57945731614392
  3800 0.19925904386416 6.95715188298256 5.99316439472092
  3801 0.66643894282196 0.47718196012942 6.14877642360234
  3802 6.64479526320476 5.55521941054975 6.97278967157283
  3803 6.60911840660660 5.13870385343952 6.93170544353451
  3804 1.85430989153493 1.63303903919040 3.63513808821675
  3806 5.52989799627134 6.68212509003794 0.53313810325852
  3807 5.49286103357859 0.04423094246047 0.24115701221863
  3818 4.17875808825963 3.82910254464013 6.81057900303762
  3819 3.92204664930340 3.60397598698374 0.04235900118455
  3820 1.49062228644970 1.51388219289311 1.52963444748125
  3822 1.46526505092094 1.42655088108296 1.22998505841271
  3828 3.19287962347110 1.84927535409384 0.47249610859176
  3829 2.71862634100016 2.16194357533185 0.73068024428667
  3831 5.10296156372681 2.51837703299165 2.45961834314134
  3841 4.57861558910532 4.31098940096059 1.34885506693940
  3842 4.25218681739479 4.22262003360819 0.97588427190130
  3843 2.65596127861736 5.21510970297316 1.17368450669802
  3844 2.82099014572943 5.10132746264803 1.14521200166173
  3848 0.07767149534665 1.29752040697264 0.99159207038452
  3852 1.34762542884815 0.98441219383077 3.33679134773260
  3853 1.69774130569832 1.12716229103974 3.47723869362701
  3854 3.48570776944566 6.85607336747550 3.77487391703108
  3855 3.69850364394845 0.15646859191077 4.05714858274474
  3863 3.12024928081537 3.18216475682319 4.42959349743043
  3865 2.94444117764080 3.24681034361411 4.66741838923444
  3866 2.79010485760479 6.90603487609976 1.83134508369205
  3871 6.80901040694421 2.64068079840875 3.75912020783749
  3873 5.82757598733176 6.16082935579681 3.93659169601374
  3876 0.82134917019369 5.03481981354132 0.12786737325940
  3886 5.72356033762290 5.74821722812751 6.74750728709585
  3887 5.91676854641488 5.38203873891236 6.57338249891081
  3888 4.68125401484909 1.13280802252720 6.47512480704319
  3893 6.79987220937402 3.66645365955224 3.43132045435117
  3894 3.11564657213330 0.97901609446226 2.25577280252221
  3895 3.35091389689123 0.59037196120459 2.58049458187411
  3903 6.41938752824510 5.68609691587773 6.74937007009865
  3906 3.49838881956571 4.52645022958460 6.84646102625861
  3910 0.29906247907326 0.79489626932805 6.31886789213977
  3911 1.98698888762022 2.21930465232717 4.69162557063345
  3912 2.34714156992974 1.78646606336924 4.51282630639498
  3915 0.14848129535859 1.78717424647191 5.40431272112372
  3922 5.57648064027849 5.57674202252468 3.39832506024038
  3923 5.51432907202262 5.33100360900458 3.45558319510709
  3924 2.49614430117346 4.60174988973424 2.58696762711079
  3929 2.97301752373346 1.32593942470747 3.13693697373249
  3931 1.27235939254410 5.90987337439884 6.99952936726218
  3933 1.36645784023704 5.93942685903004 0.25143646634270
  3934 1.01660803396065 6.90856035618144 5.15304865757635
  3936 0.66493502304004 0.25789713535270 5.35923839326624
  3942 5.92424582765008 1.75067695224850 5.22169530728148
  3943 5.62670322445681 2.00336554472937 5.30236363943314
  3945 1.10532852538522 0.99913473763077 0.97906724772816
  3946 4.32978343120435 0.21926813064456 0.71985081474635
  3947 4.58520567307644 0.48142572548564 0.51420451215341
  3950 3.67358578544915 0.75088152388387 6.57195478189600
  3951 3.41681602724855 0.85835160188627 6.25409901960855
  3952 1.43939566369829 6.68065886626956 6.08530868478370
  3953 1.82013362273170 6.75591213307342 6.24355787828273
  3955 0.38170530500457 1.51653588914377 4.07052255974391
  3956 4.59743731439891 6.28494014216591 3.30924413905882
  3958 4.51266690115941 5.86356286305973 2.77541964214262
  3961 1.21724621415390 0.69458243244216 6.77877756358515
  3966 4.28118028801124 5.43811705460065 6.92757850614567
  3967 2.37882860922098 3.23878840771691 6.32827900590587
  3975 4.57859194134731 0.03047897593748 2.29455044589102
  3976 4.77380438878194 6.91937492708221 2.07998096490369
  3981 1.48307418960293 4.56968810037152 2.53434556936388
  3985 3.72624168335168 2.75974790584639 2.25658576327666
  3991 4.16205299337107 4.79965122813496 0.33638528235457
  3992 4.55612001320237 4.56948117293484 0.32695886966550
  3995 2.25403764952544 1.04830833499926 3.18233146048007
  3996 2.22784894252424 1.23584813208846 2.55679784575459
  4003 2.68596489885659 4.19729734342370 6.37969838798697
  4005 1.24821076197335 0.15974304010120 4.48879980248403
  4006 3.60254835933842 5.29631757251463 2.24509203529237
  4007 3.92291862035875 5.29184825619234 2.80321103825102
  4008 1.25826299383445 6.23843179965838 6.90253858048461
  4009 1.38756822944831 6.37601946490925 0.23880861546739
  4010 6.41235497681613 4.08116864513630 2.54166289509129
  4011 6.53324789993078 4.15962127813414 2.93233273961887
  4012 4.01863217616827 1.12498213502675 2.50119427279240
  4013 4.32296572017839 1.04866301730676 2.38048749394809
  4015 4.42086375333223 1.20544916608874 4.14955998455631
  4024 5.36642878371879 6.05652861653638 3.74126018840826
  4026 0.57353121767919 6.83749099972696 3.28359312616150
  4027 0.92575652967202 6.76167934686088 3.15673365727715
  4029 5.61954133888266 3.93244899933194 3.17677461264221
  4030 1.84545933662150 1.36600456181842 1.51731564295306
  4031 1.81166153250610 1.28501328905330 1.20272836042026
  4032 4.18978598965279 6.94380858004220 3.23916660115492
  4034 4.40317188356808 6.80300444419062 3.09958387490467
  4041 1.29142172991867 2.56172114138852 0.44669066553179
  4043 1.47034069117079 2.23165806741053 0.78148787277750
  4044 1.03752395063640 0.55252828253658 5.92000125368427
  4054 0.73095265398714 2.10133526945517 2.91179230673608
  4055 2.38146767743000 3.42349531403216 2.72257717229320
  4056 2.65014883415593 3.65777501501713 2.52195650612147
  4057 4.11628893786917 3.76709999424980 2.88435332794324
  4059 3.71536708172999 3.78707628798176 3.14319719249080
  4062 0.82140997425107 4.41507879387385 1.36336732132371
  4063 0.82875361627440 4.74595115271539 1.51337948028114
  4071 3.84740521178835 2.59459031617518 4.47877095380636
  4072 4.03977528602704 2.44239471199674 4.84329319243933
  4073 0.23887914066239 3.72850106285754 3.24598315358776
  4076 0.71537550561262 2.98853851076953 2.04342447266261
  4077 4.96427653499260 1.02996131185074 1.51532193713978
  4080 5.46978006988896 4.36132457268933 5.04885236578274
  4082 3.35685206387868 5.82304024036854 1.38855924523788
  4085 5.24252964145253 5.91675365523737 2.80062747906875
  4086 5.16220427793415 6.36326785102938 3.48000452439011
  4088 1.42248519676885 2.40535732727037 6.69862376902834
  4089 2.07353014974196 2.08262404896417 6.59533936263831
  4097 5.86247261605983 0.29976629326819 6.24962104869672
  4099 3.94738454537656 0.79203162351495 1.57230244075111
  4103 2.66654106015367 0.15942078451687 2.77691063439506
  4104 2.89660740862086 0.28660176095106 2.38477622815700
  4105 3.55817138583424 5.40621241947309 6.42903793436412
  4106 3.55876001796844 5.57983263617783 5.95966160502525
  4114 2.15851663118198 5.52581088648033 3.19287369255963
  4116 4.50016026921864 1.94951350921184 0.12279074455462
  4119 1.47067152987488 5.06601541974622 2.81071847133707
  4120 1.49722966195625 4.60821951578960 2.65386890840192
  4121 2.51350683829312 6.42429266425073 2.02307020340903
  4123 1.92428317185264 5.99507849944820 3.17900953051558
  4125 6.40298684600704 4.03167360473926 3.10533070145828
  4129 2.99834577494267 5.29036240174505 3.80570679123320
  4130 3.01063150204434 5.40511632481427 3.75026919335731
  4131 4.92333434497992 2.48244912806018 0.85322711609408
  4133 6.90353070440027 5.35081535365941 5.59017212722817
  4134 6.86608887224719 5.21638028643845 5.17447659723664
  4136 3.88115323579588 4.21274987902101 5.93925018524304
  4137 6.02497720808226 6.46646288596367 3.81283031958177
  4138 6.17970114442181 6.76792202273219 4.14795744601706
  4145 5.74250357412421 0.21786551663796 1.34521652413442
  4146 5.71797828127588 0.17909432954827 1.73120714612821
  4147 0.12389425032183 6.40657606653825 0.94945520245947
  4148 0.45536101844343 6.60818814746016 0.94945289846425
  4149 5.68148810560436 6.37699658193018 1.61093795752296
  4150 5.69523000445118 6.50046947937575 1.83802988054952
  4151 0.78860655214512 5.34812033221759 6.89527021759156
  4152 0.77376678175657 5.57237252887485 0.06116765925511
  4153 5.97475609055888 6.64377437171497 4.52759562945371
  4154 5.74206888438144 6.17706141955380 4.35205877495228
  4155 2.52815100468530 1.33151302856754 6.82848304103666
  4156 2.59080406148209 1.15668764870288 6.36276781589093
  4160 5.14977613535787 0.95177372786339 4.52672096971777
  4162 4.25504499294209 5.53453542319485 2.98309602666149
  4165 1.74372046058959 2.87639767547632 4.17950954196641
  4166 1.71181937048928 3.31150521828445 4.33136063055191
  4173 0.84097751573738 2.24535258062768 6.07590682356120
  4174 0.61506227765897 2.56557637003511 5.93951206481977
  4178 3.53978555858034 5.71278282110582 0.66565423924109
  4180 6.47116024631194 6.29175087112978 3.04627273162592
  4183 0.52203455228550 3.24653144597481 6.76020707047291
  4184 0.51940107160132 2.73559496671401 0.19331605251197
  4187 2.11006060152775 2.18369320347062 6.31521331455281
  4188 1.58746715313890 2.65774055412612 6.19237323952606
  4191 0.88447120390428 0.47164871562791 1.25566814526212
  4192 1.45975393397412 0.01643260322419 1.68515091910406
  4193 2.64118547171965 6.72652636717863 4.14647218431841
  4194 2.41979519168800 6.35785811208750 4.07048114680493
  4197 3.28262468380404 6.22959899044896 5.00790515443911
  4198 1.07558032234096 2.80169067508927 4.38915386784825
  4199 1.32885910622643 2.58556736488402 4.23843665664054
  4201 4.65167318779001 1.40789653981863 1.83067469767788
  4202 4.56281044733085 1.39402922136577 2.28837998312623
  4204 3.65489537703192 4.63660774841482 6.61901087674520
  4205 3.97437939327536 4.37784981168644 6.21089660382738
  4208 5.81834888742476 2.92989596931255 4.59256384439099
  4209 5.78896860734599 3.31463661251836 4.55938616962262
  4210 5.65641713082970 3.18941045648178 3.51685201751531
  4211 5.44165982903046 2.90286424479404 3.40625292858004
  4215 2.29886062665772 2.68258693477666 3.67458567030024
  4217 4.17982129393264 3.81017027747366 0.86540844108543
  4218 0.15184408332669 1.06684537016909 5.18691550436127
  4219 0.13565158461393 1.59605146215963 4.98094795440294
  4226 6.28234407693312 2.23629458413890 2.36622530633671
  4227 6.30158727116681 2.45557430042139 2.02617730616267
  4230 5.95406541928659 4.38404672562173 6.85924253464161
  4231 5.66933545340189 4.31820811892161 6.64794695520457
  4236 2.63210757597243 0.19834637677028 1.76221452730085
  4237 6.20463159266793 2.51256040820701 4.13742420919697
  4238 6.71830025854833 2.72350020059193 3.91092031228690
  4239 4.39446284627643 5.44580417476773 3.87449905490101
  4240 4.48841594032169 5.16307412283707 3.40413952196878
  4241 3.40965911465115 0.66592233918311 0.43243637026149
  4243 3.61693260085312 0.40468577395083 0.71198966107639
  4244 5.70420105749452 4.28198499167257 3.41346605050273
  4247 5.91315924695112 4.37346793347980 4.87832114899874
  4248 5.90807888286438 4.54394169311358 4.52234429741449
  4250 3.86479364727728 1.40321006472083 4.15036878465428
  4251 4.97201891917550 5.50431096369466 4.02387214220644
  4254 0.50493105832833 3.89462949164462 3.59383979974029
  4259 2.39196405945928 6.42506002416282 3.79336213673212
  4260 2.61167386654547 6.79492379650671 3.88745035444954
  4262 3.85233743474267 5.16849992768156 6.47335753818946
  4264 2.52329995952431 1.11126379967065 5.27274429125957
  4265 1.72720197651831 1.58284920799377 2.70049406376616
  4267 4.78135448920649 3.66815887553235 1.34262031012949
  4268 4.34543650319956 3.59167421033135 0.97520870890758
  4269 5.55981227931312 2.97876186687605 1.11905985501042
  4273 1.69697962325856 5.02997994894942 1.68387905449528
  4275 0.35162701579220 4.47214074353121 4.70513083676033
  4278 0.32547255387387 1.59380718707064 0.72633165265917
  4279 0.63925917704742 1.39929647684554 0.54125454029530
  4280 1.97092878118245 4.33394814696434 2.08295554920083
  4282 2.03844429613944 4.52827469838555 1.67508913608658
  4285 6.80422614640546 1.55373979249759 1.70699123462861
  4286 6.60059766241706 0.91614765897881 5.80126514338478
  4288 3.30216829057043 0.37771305117210 0.28418514682097
  4289 3.47546604813664 0.12546182412602 0.52121925833894
  4290 6.27113025552803 4.59492418310996 5.13610478081509
  4291 6.36554417453190 4.74121429846663 5.00892693214743
  4292 5.10710140961446 6.00886370479640 4.02119952515650
  4293 5.25566130918380 6.07999658539853 4.38803591598846
  4294 0.78271050546511 1.14483180468818 3.52592549996067
  4296 0.66265425741393 1.59132518471966 3.83549857298791
  4297 6.81141114022706 5.91136547570918 5.67925622119003
  4298 6.66927869163691 6.10394669890168 5.13376322535647
  4302 6.14784552623420 6.02478936103517 0.52923973525621
  4303 6.02412628276884 5.55835037456116 1.05450291613841
  4308 5.12576287115458 1.43149706308880 0.65099719730969
  4310 5.38357374346194 5.34567612646408 0.06591553654364
  4311 5.43797763374293 5.68510380444329 6.99843323879730
  4315 2.08962154718437 6.38273719829282 2.06482459649855
  4316 1.53369972455390 6.91491790889839 1.85594334199826
  4319 2.29855817668454 4.32787840770374 2.12602358631081
  4320 2.40343276579805 4.50969601955422 1.74993093848256
  4326 1.11723582755063 2.43357950277890 3.29979897764490
  4330 4.91779022425487 1.35570613175890 2.48805304369701
  4332 5.36675699950259 0.41528741336586 1.16604828391851
  4333 2.31504146897518 1.67177359402502 4.40107536570353
  4337 4.92047063125922 1.89922091095153 5.20598298750250
  4339 4.61189728524823 5.92439282471739 1.76986895689510
  4343 2.95804341825165 5.14319140990208 6.26495282977070
  4344 1.99343450116442 4.72809043307037 2.92836194837092
  4345 2.05072925495284 4.53627799212356 3.21265191003351
  4347 5.50499533869229 6.31657482501124 2.54087884876654
  4349 1.49082541085121 3.59385935766365 3.42306690609134
  4354 3.86616693768884 6.45068367807160 4.89144391931520
  4355 4.18751062082106 6.13663915258275 4.75016560656666
  4359 0.26426721266088 0.96683517682849 0.92731688910421
  4360 0.65097547265793 1.26445709431157 0.55151406968157
  4365 5.15812843564109 4.52304918289203 2.42265299897084
  4369 3.97746447004314 4.12698203493975 2.64191570419061
  4370 3.61913324733599 4.18095180440229 2.84119474492919
  4373 0.42588958904943 3.42244546058452 0.53948560552421
  4374 0.47666484252852 2.79448839059695 0.41011848677431
  4378 2.97046324482751 6.88511633294720 2.13730413686363
  4379 2.41418261555980 4.18045492930953 4.27922106133446
  4382 0.78875235767931 3.32072424593078 3.38650047335547
  4384 0.25260067181937 5.03624673540040 5.11384508402122
  4385 0.19316617016535 4.62078304769163 5.04574417904198
  4386 1.53948603869961 4.55251384348108 4.80772046315457
  4387 1.49908111619982 5.00108144918645 4.84869189219251
  4389 1.84790312513668 3.18644281948636 1.65751724550476
  4390 1.60900476545537 2.75181358004850 1.76752492032599
  4391 4.72465499309692 6.11908758823094 1.65094358142602
  4392 4.92208882801967 6.04328093894419 1.44951935933681
  4393 5.69152868646359 2.00180461149506 2.41800112461837
  4394 5.53013928892643 2.09605378236301 2.63168465677259
  4398 6.34903959420628 4.31429626005866 3.93470749428089
  4399 6.17187150095670 4.37588198062203 3.39956678337230
  4406 3.53012679124997 0.42877571901131 1.23075407640743
  4409 4.10068536810686 5.73763173560888 0.54575904414357
  4410 4.15327715821005 5.71899500067912 0.01382097046614
  4411 5.19972696723002 0.50743512133163 0.64136637486101
  4412 5.22515147161768 0.23070073852150 0.95354607901877
  4413 1.43125376603195 0.44452189516662 0.77874426070176
  4414 1.73025156057171 0.18281834355282 1.06658787834105
  4416 3.58353951756575 2.17437234406695 0.44483204857540
  4418 6.78614307898339 3.92420719355217 2.28505881818061
  4420 5.90866520586365 2.44933741322661 1.75600917066812
  4421 1.85915046833259 3.37686044250087 3.74378834079798
  4422 1.79277520656082 3.54228059794434 4.06847237630006
  4423 2.75972841371018 5.61783847756201 3.45698886506341
  4424 2.62537542096655 6.06023306688775 3.30312533404062
  4426 6.25308248757183 4.09032686834062 0.42289829283211
  4427 6.41155524837998 3.84050616902311 0.26053796912147
  4429 1.27841890149852 2.25813098591128 1.14511023355245
  4431 1.59903506654294 2.65750315049259 2.06799985280116
  4436 5.06612382174536 3.05225271730768 1.55223998415486
  4437 5.31179827687516 2.97683026028185 1.83279012356659
  4438 2.66544816671427 3.64171994718985 3.82449938241505
  4439 2.35479666411993 3.79090014937793 4.23443766095634
  4442 4.17876302325038 4.56047863316779 5.95464625027092
  4443 4.07402326522191 4.41483520371734 5.71857311023438
  4446 2.63653822557280 3.48565601378502 0.48435886894961
  4447 2.33240702895020 4.96095808926377 0.31754120250933
  4449 2.16583211633866 4.70321483629169 0.18155634644150
  4450 2.94648077565724 3.70004232534615 6.14055706767776
  4451 2.90683756548189 4.15182985538703 6.36886128582871
  4452 1.60163358239526 1.57555107193849 2.94207180465018
  4453 1.80859774361443 1.29785037728946 3.36907859952283
  4454 4.06069707465378 0.67658570552942 1.84870219071841
  4455 4.09001817109801 0.36294969199208 1.84480225012156
  4456 4.75693594792583 3.65880861508583 1.82748283114763
  4457 4.81192930048943 3.91724943548007 1.76062056933440
  4458 5.30285380439889 6.50770374389399 2.12585368831799
  4459 5.13024019208054 6.97336875290570 2.17264695319811
  4460 4.70561733145599 5.73657847440526 1.68053966816760
  4461 4.93562453582557 5.91539690764251 1.43188631336514
  4463 5.27985283751365 3.32350381167789 0.24309909308258
  4465 2.63994791661164 6.01604066055296 4.22263300208188
  4471 1.37455717035575 0.21495474162663 0.36379675870595
  4472 1.52098267583313 0.53057260363098 0.07724012990101
  4473 1.33111045237024 0.61881178324399 6.38357167601899
  4474 1.07989749404672 0.42141266681247 6.20887231970472
  4475 1.57241301501527 5.94080884915432 6.45691614758415
  4476 1.48337359731392 6.26485953940499 6.50090227204210
  4477 5.91945303722462 1.23421411654338 2.19259392601962
  4480 1.17429760801087 1.14267145301605 2.98417873836156
  4481 1.41088699486895 1.52683069301457 2.82676645370224
  4482 2.25390756269048 3.00606705806497 6.12444206532698
  4483 2.51000285848171 2.47423760740009 6.22580728753429
  4484 0.60176894012827 4.40377752986567 5.78547700471859
  4485 0.56128390221341 4.34614280600969 5.72414953308138
  4486 3.48120202730925 3.70312979499323 0.08801421215067
  4488 3.34571441394691 3.75953396425725 0.31659358071803
  4491 3.25081029818165 4.10901907320152 6.96652788086905
  4492 3.15304782278940 4.10647296670366 0.18440827696657
  4495 4.38082024314877 2.08136757157228 3.11175976237533
  4497 4.49862058246253 2.08855919750360 2.73322759678496
  4498 3.29090651864609 5.75174574284727 0.00901918386029
  4499 3.62265629925394 5.76196034558957 6.70518014701482
  4500 2.55785504597944 6.03683869836737 3.21696237577178
  4501 2.53764534064225 5.64393679616704 3.19964006059688
  4503 5.90480216025464 3.37328637296877 1.93942474527103
  4505 1.98961530796359 0.31367428881197 1.72308245136588
  4506 1.55027596350910 0.04232693700335 1.81421196075896
  4509 0.82709429190464 0.06542345331777 0.20260957445042
  4510 0.89257068040874 0.53382127699483 6.74597289452839
  4511 1.63067755873032 5.54052273267777 4.23753356101581
  4512 1.52502760141796 5.52042416716378 3.86940190484986
  4514 4.49271130576259 0.28878656527274 3.27156977281339
  4515 4.64122900591921 0.01650329849472 3.10840628499824
  4517 6.77079117263569 2.96324075968596 5.13459037349931
  4519 1.08745721790925 1.01111641709241 3.62404547840945
  4522 0.13428225605949 3.01323338276155 4.95620762077941
  4524 6.80070296148949 3.25559998523551 5.16662299450088
  4525 6.71412491253118 3.35098576078770 5.60945654986001
  4526 0.54770395770036 2.76638101510062 5.09047132936538
  4531 2.65637702769451 5.94770085779693 5.01155395399314
  4532 2.46597179920979 5.85079631299300 4.41945268276282
  4538 2.98393246873282 2.59706118146359 4.36344587872421
  4541 2.72332447467869 5.34076213519510 6.76366300598206
  4542 2.75774879029961 5.20383888107055 6.31806989390380
  4546 3.50899682022317 6.42563832797487 5.35027017678590
  4548 3.41477052235887 6.86977027552828 5.64062281900697
  4550 3.54289752804559 6.74365187462717 3.41092859726793
  4553 4.35203439198655 2.43264680524122 2.27315923957364
  4566 4.08711000858829 3.30997999107651 1.94621940691707
  4567 4.22598105296664 3.58359698986237 2.14074276911093
  4569 4.96333366240318 1.84111761220507 5.77760728477288
  4572 2.24446970352962 1.24953458206021 4.99208718791310
  4575 0.79733503722011 5.82187064240445 3.62762404057464
  4577 6.23874526846519 0.02022696023042 5.85642657468563
  4579 0.21378607836441 1.65082742738044 4.05360722598818
  4580 0.25335948282894 1.86974146195856 3.83161790781680
  4581 3.05007512754242 2.94246920084461 6.60923630185689
  4582 3.26524169349692 3.24822493552601 6.46636677258607
  4593 4.02499060976460 0.09326683451639 4.01845491038123
  4594 3.03008795460497 5.30723499647234 6.84932703780600
  4595 3.20234217363025 5.16516578518123 6.54362449013677
  4596 5.32036894586474 3.37559460400466 6.79075879745319
  4599 2.93032072499861 1.02015488432003 4.12554961506927
  4600 2.48525443060394 3.17495129815757 1.50478246542535
  4605 3.63481219820136 2.10795465712727 3.87847725773081
  4606 3.65549881394187 2.18696857094593 3.56526099617391
  4607 2.48177976073225 3.57595258739733 6.09305603380138
  4608 2.34273379768391 3.78964695876554 6.18679776384133
  4612 6.17397295425354 1.23596615072433 1.44121102568066
  4613 6.41758078021298 1.46452995613624 1.29428187183999
  4614 3.04829175994576 2.70257476477171 4.49128159273715
  4615 2.84533505855708 2.88268503813715 4.77149436970315
  4617 1.57884859640215 5.00658236535744 1.44652568405810
  4618 1.64917849070076 3.78011226142987 3.15385426569753
  4619 1.53580645860528 3.61587771958470 2.76347082770558
  4627 2.66419586114635 6.09219717756458 0.31345039567273
  4629 3.15736588481085 6.08014041589366 0.39133896807508
  4630 2.34496858176392 6.93861817425675 5.36048855042276
  4631 2.19811891927489 6.60029507397239 5.49397919559511
  4633 4.57720301873381 0.20643706141226 4.51438841666395
  4634 4.21082960853248 6.95956292989186 4.39490428060480
  4637 4.69352008656856 0.71058282588130 2.80913697686734
  4638 4.42233556989656 2.76588433161128 2.88801848148941
  4639 4.54133500900033 2.41529530320720 2.58550392230275
  4640 2.50946743651212 1.86375974139840 4.38709746038612
  4641 2.48268700092358 2.42750774616456 4.30079454234669
  4642 5.70709015299178 2.65129746354415 5.88776210554517
  4644 5.56748704184652 2.03049840474234 5.94396794138610
  4646 1.92057984539775 0.32033610746547 6.79594044701142
  4647 2.38205944248063 0.37138270565221 3.86585688828076
  4648 2.62828933449637 0.56545075757266 3.53414489341177
  4649 3.70639714499388 4.54655959407979 6.79570548205228
  4650 4.11255115280477 4.18432279705953 6.70879199081400
  4651 1.17123668189428 2.69792899513873 2.30329288852219
  4654 0.39976307580455 2.63006867956883 0.16705911333127
  4660 0.82826468271955 2.09089318620022 2.84954647242194
  4661 0.83459904121243 2.20862799036581 2.44868725033554
  4663 2.31333096420933 4.06169910560121 0.93682136073626
  4664 2.34377812536163 4.71007975801461 3.74573174442566
  4665 2.01050176007502 4.68899589569790 3.46353438207916
  4666 5.59971857761515 4.18766586520768 3.89017802073712
  4667 5.99885380878926 4.21452250637706 4.16956760931415
  4668 6.04964198346865 3.79510313851523 4.91289557002711
  4670 3.66826904570185 5.67543283154609 1.73373724556935
  4671 3.91141211807411 5.95310181829919 1.79341488370076
  4672 4.01077956260413 0.22793708985088 1.59315709544902
  4673 3.88725778018611 0.47654422098747 1.36021597093649
  4674 1.88504636699654 5.05486917914720 3.36904016711747
  4677 0.97968647364118 1.58914090981216 4.67676412012093
  4679 2.08940350339390 3.33685102780782 0.96605738262079
  4680 2.42583091210251 3.55571353853718 0.92134505973083
  4683 6.28012511027216 1.10929772245354 1.85340159053573
  4684 6.65788461295232 1.30832779781874 2.01635859932644
  4687 0.41977326939821 1.89869455066545 1.67892860027754
  4689 5.46624356889851 0.73068235114949 0.49724618386661
  4690 5.15704627086839 2.53537133626790 2.04004776662576
  4691 5.56237615022171 2.16687737213827 1.97210612525313
  4692 2.77677342156308 4.26667540865681 3.90966155283269
  4693 2.82167637000515 3.86445884692720 3.70028387211758
  4701 2.39150418489561 1.24717969346079 6.12459827145887
  4703 6.71767047923979 3.59455794411671 4.07583461814237
  4704 6.80024882416451 3.80491860414757 3.91087575716056
  4710 6.58855552340005 5.70873953005920 0.42623415112314
  4711 6.43506551837481 5.29620819188658 0.93027855653440
  4712 2.54549107596781 0.27340936834111 6.96908625042416
  4713 2.32882908761829 0.52556328101598 6.86344335658617
  4716 2.11604827062387 0.41786830243746 3.79848956988192
  4722 2.10349233940449 4.91702248748795 4.71538666813867
  4723 2.08137028932458 4.60013660716186 4.68972597598581
  4727 0.07643597649518 0.24737512713785 1.53679429167708
  4728 0.37684489380770 0.51429992436585 1.23517387560202
  4733 5.79629235748727 3.86265219038382 6.27497520308758
  4734 5.92649991795684 3.77626967288658 6.28587185154500
  4736 2.12351457637435 3.44633280362247 6.68957877126718
  4737 2.11752778654934 3.71470462155222 6.62242528950437
  4738 2.01567822022936 3.03743114885150 0.48550515745593
  4739 2.41208508092435 3.20506151457572 0.23980243097828
  4740 1.79946710067222 0.03288136681167 3.56151895869109
  4746 3.62436130112030 3.08963106904914 3.02208952304625
  4748 4.00285233645804 2.86411849129876 2.31918853917104
  4749 4.08848176972096 3.03044095760502 2.71195584355778
  4754 0.08879535605768 2.88142802126902 2.83889242832337
  4755 0.18026899999914 3.04222292768414 3.15283068787184
  4758 2.15232018451931 3.07854730236908 1.41301506807677
  4759 2.12051230946033 2.66085015930912 1.39241948911925
  4762 3.36504528862092 2.93559290239443 2.83790518958550
  4763 3.23174925847220 2.67665483671831 3.20862036562552
  4764 6.85459153172247 5.81044057516417 3.86323362191321
  4765 6.71399010349992 6.34649020073729 3.79634577189978
  4767 3.41468495427201 6.10076302755962 5.80993006230479
  4768 3.31938546234290 6.48704513314384 6.07707180673810
  4769 6.11497073115411 3.62679950917947 4.70791743133662
  4770 6.53020629501005 3.60788834127409 4.94316300548084
  4773 5.26585247252568 4.48602895004556 4.02298019747845
  4778 5.30544073976595 5.53282621247903 2.77191501871348
  4779 2.33007791098941 5.11585334571420 0.05335456137160
  4780 2.19719802980172 4.91351584500291 6.92453359409221
  4781 1.79755710646891 2.92817968039212 2.48251299691687
  4783 0.77374818586669 5.50803640337231 0.38206740294601
  4784 0.80040116784275 5.35126430463487 0.43613470777248
  4785 6.98277520642223 2.81660945887813 6.59867725219104
  4786 6.98465493991046 2.69419088077716 6.46330204334786
  4789 2.25935580789289 6.69685964638935 5.81275536345033
  4790 2.41731678197082 0.10616010811398 5.63430850753278
  4791 3.84304776539799 5.73675528234515 4.55163071651427
  4792 3.48719558899931 6.24205694422442 4.77736226872695
  4794 4.70441768190047 4.43206032894526 2.99816203922238
  4796 3.47936790921217 3.33141007180604 6.90446035334687
  4797 3.30198009421714 3.06098029748450 0.04301637661723
  4801 0.23386592678243 6.91936933823751 5.46604544155005
  4802 2.00350511892549 4.45376260457166 0.23737137172383
  4805 5.80827882166670 0.19347227311249 5.24666006787349
  4811 4.50237687669025 4.27006043975557 3.93961877738129
  4813 0.30206057950824 2.45520137916129 1.55237233535694
  4814 0.28702200265701 2.11841816004731 1.79529825508979
  4815 0.62783916189256 4.90696990036615 5.70975392793425
  4816 0.47762942077304 5.13039677345440 5.42837897076178
  4818 0.36202501319521 0.75877641048943 1.96704413041433
  4819 0.06029163351929 0.27654694616623 1.69546638707608
  4820 5.17653990755287 4.63081708866376 4.61775050360977
  4821 5.41112947275746 4.72086556303179 4.38135579228319
  4822 5.69313513575335 2.94355337735923 1.68211393103737
  4823 5.76984862092964 2.94437419514612 1.29160828705685
  4824 3.11710828600985 6.41300826117581 4.49849998801462
  4825 3.05866652483050 6.33128821594154 4.90781093765062
  4828 5.31919504998202 0.45089550483071 5.60763690915134
  4830 2.02221406768272 5.28794118377793 3.49070505532660
  4834 0.12864432231390 6.15583102810891 2.23950658219894
  4835 0.53772874087762 5.92727764380707 2.11829241042687
  4836 1.14869227723263 1.18202877952195 4.87800085717288
  4837 1.37776190792567 0.96449953658605 4.57434768941686
  4839 5.25527071175837 6.59179020604418 3.42053019233480
  4840 5.47711194690469 6.72073308809730 2.92253473540931
  4841 0.64868581150744 0.56216887093143 2.41674179382318
  4842 0.61595668067422 0.07502233714413 2.51423452879425
  4843 0.49464343118595 5.21046985454937 4.77370011479395
  4848 2.73770494090180 5.99685003997561 6.96821300303962
  4849 3.15060330159088 5.98361496787933 0.03447624496205
  4850 3.16232252845450 6.70427932501524 1.28737512763062
  4853 6.44826704176647 6.22570942993210 3.59401625530772
  4854 6.46169540574457 5.77504715071245 3.60881588544825
  4856 5.98678410111348 6.08497543735627 0.34701662586329
  4858 4.99752459185299 0.96542576565466 3.19645634959641
  4859 4.95111956177500 0.88582585662705 2.82558817251240
  4860 5.86371300909504 0.74522437184971 3.07635803898671
  4862 5.50098881166909 0.87426141780604 3.41048858997720
  4863 2.80915434011034 4.02104284761691 2.86754190824452
  4864 2.62808165367005 4.01598276729830 3.20265053947494
  4868 3.53940688185092 5.80701065579181 3.37930917642661
  4869 3.70130685708897 5.91062626641160 3.64730677472379
  4873 2.24325853830984 0.69550741981417 3.25981316100256
  4874 2.23598451901092 0.41441365329808 2.81513834024497
  4876 0.19982758287630 3.17424743067715 2.44583114970367
  4882 0.29401311427713 0.52191473454171 4.31918853397657
  4884 0.46722347617044 0.72458644209396 4.94145584957567
  4886 0.15808884021745 3.93269432622457 4.02816348491836
  4888 2.01238446437642 0.62991912362653 3.41856188625798
  4889 4.93725719980283 5.34592771134210 2.06433687071398
  4890 4.85048052608016 5.61213313165776 2.60212825957655
  4891 0.52321484024902 2.32559302784068 1.19853030833697
  4892 0.59715027607651 2.04832047240461 1.23688731241731
  4893 2.09880287129041 1.78888415288343 5.99564683487074
  4894 2.07427981851697 1.51663595727034 6.20973238713843
  4895 4.57361033716102 0.71570611923499 3.31194713085748
  4896 4.49622665243659 0.64687942944399 3.15353078197357
  4898 0.21792977495481 4.47708035251371 6.31766338499482
  4903 0.33993197958295 5.28550599710729 5.68800611282747
  4904 0.45664589645526 5.10440928220527 5.91364482887194
  4905 0.94881661364939 3.84470634979953 0.44409415790361
  4906 1.38442214564782 3.73146663443324 0.46666703917852
  4909 4.62210439414096 5.23134981317003 6.08781081833594
  4910 0.66627820265521 2.57112726578774 4.78400953622921
  4912 4.91728725893103 6.14262317870645 4.94717504797975
  4915 2.57053057328888 4.33423271474851 3.20536990507320
  4916 2.75042790871173 4.37749743609039 2.87567212831189
  4917 1.54808555134299 5.81289067800482 1.53902012270048
  4919 1.71378050896358 5.51417184001551 1.93972959155474
  4920 5.75591269661400 6.99918443385644 5.14962610549577
  4922 2.50425426279643 5.44701231552149 4.31259618794094
  4923 2.79357967556776 5.37303813923053 3.84367603673187
  4925 1.30182971863485 2.65405519263885 6.10256349629740
  4926 1.03633602935328 2.90021435358022 5.96743326038570
  4928 0.05340590814520 6.17833513815687 6.29655011965176
  4930 5.39281327271132 6.30065351420139 6.16323150229035
  4933 4.33153445975736 5.65545590247828 5.60211726066869
  4934 4.71818953656173 5.48260043828603 5.88745336542047
  4938 6.01699932483854 3.93018834453817 6.30811853491900
  4939 5.86814799600986 3.99663145538985 6.29566213082661
  4940 6.70896965605582 2.79440968528376 2.94143721822535
  4941 6.83385709201705 2.98315260362062 3.29316429014772
  4943 3.08565900489544 5.77277741736767 5.21712533561568
  4945 3.24256791100466 6.89497336537628 1.45634282576771
  4946 3.59606431878412 6.81004677044821 1.70412423202450
  4947 0.12058267802966 4.76835823752299 6.33315000450733
  4948 6.71874646894174 4.78731139125268 6.27324075906297
  4951 0.41148677383430 4.93188863990025 4.07771967880991
  4953 5.53226504067405 1.20502078891515 3.54272044492562
  4955 6.93166671491079 5.70606498135903 4.61716203082669
  4956 6.87133909208272 5.58637532374078 4.15645305140791
  4957 6.06065815255044 5.97389394977417 6.90496300729592
  4958 6.16774308149844 6.50081242265155 6.68575756719959
  4962 3.32516166987197 4.67264200623377 0.41718726315313
  4965 0.31486574779948 5.54240093055441 4.54766954725904
  4966 0.23259904747102 5.45037914380725 4.15977218072109
  4968 6.06361878494444 1.46874755004077 2.47710590918947
  4976 4.59508904554546 0.44317242756065 3.48796661904136
  4977 5.73720035509013 6.79171359245262 3.48619709612330
  4978 5.81789123531786 6.83513468910972 3.05910739766785
  4979 3.82280383923352 6.28042105059448 1.50905510287011
  4980 3.53260040645170 6.18433789331549 1.26744402739874
  4989 4.72781419485910 4.71295938670001 3.41620971010921
  4990 4.43185908527593 5.03731909384144 3.39997423594475
  4999 4.97951971319167 6.00289515885924 6.38619698360914
  5000 5.35303203156381 6.02065200352982 6.24959910052631
  5005 2.38156326811941 0.48863597334261 4.26454898297352
  5006 2.26457954319707 1.16945103595187 4.59632150884234
  5007 2.64362629883779 0.80413337949842 4.41972829392599
  5008 1.38263973140394 5.84660059908476 3.84047940567151
  5009 1.54402776740108 6.12305024409831 3.54434722975111
  5010 3.62156124731865 4.68051159003022 3.86508468009249
  5011 3.70997217621790 4.31087709159605 4.01321058581773
  5018 0.57796221031231 6.34425449183392 4.85209930681682
  5019 0.03686060213187 6.46458824624284 5.00722838572046
  5021 2.37165251049268 5.16076334964681 3.81780089671217
  5022 2.25588883160121 5.29612916330857 4.23993238586864
  5023 0.73182021945208 3.59776600560659 5.30947852220141
  5029 1.16602021150230 1.00364350945046 5.80586037316458
  5041 1.03041285243732 4.79835661893284 4.39212620079136
  5042 0.57406219031946 4.85424012704498 4.46915313785461
  5046 0.74595728858448 5.23124051336476 3.25717198522497
  5047 0.44636036162389 4.78275445805514 3.09942569161139
  5048 6.00765084270533 6.50267809322827 0.44879196017218
  5049 6.14091630091282 6.76647300738057 0.15876269523737
  5055 2.86716876559823 4.63140235842179 0.65343453051501
  5056 3.22937407904597 4.51005024609974 0.50316191606175
  5058 5.29286917540314 2.42270032899030 6.76055291268280
  5059 0.29895394872014 6.53446236171668 5.35163246746852
  5060 0.66998245459750 6.44678052957461 5.16899953614688
  5065 2.69975597443976 2.28419563670850 1.26554097078564
  5066 3.01349568574292 2.65111515251610 1.30879432804762
  5067 1.41276819291575 5.99111153874198 4.17108326443554
  5070 4.67271174423161 0.40423909628472 4.33188499622342
  5071 4.37349648575778 0.48031962963414 3.90729265988466
  5074 1.44087686200472 6.88307680383921 1.72998338808340
  5075 1.00781664780537 6.67499461278723 1.70273948077653
  5077 3.13830453605193 4.92942878177460 0.45606325827096
  5078 2.84525093348649 4.81885538135946 0.62293269329829
  5084 4.44046898751262 6.03120652786975 5.05622930085170
  5085 4.44653238923168 5.66718435442900 5.14538548815319
  5086 2.46511328115348 1.82707861912310 5.63681272407763
  5087 2.63138878462848 1.64700387025125 5.61206046906978
  5088 1.09907632508401 6.35460102092963 1.45711661256306
  5089 1.50136657869735 6.48625827273088 1.42684702186909
  5091 6.95897318437437 6.97366821700804 4.37100826515416
  5093 1.55005652692759 5.82474837317436 4.35125199815092
  5094 1.87842679758985 6.07986283295663 4.47647091171899
  5105 3.61093724128343 2.98495695183271 3.27273648111929
  5106 3.31855568048137 2.71571873993548 3.33704651914885
  5107 1.08350726493613 3.29817010492427 5.28037687075470
  5108 1.34501372467609 3.55836021114076 4.96451721007759
  5109 4.02843004505502 1.23596568253401 3.51580669336349
  5111 3.98573845393363 1.12180201476078 3.82347908322344
  5112 2.41657581105819 2.53048131597075 1.51577564850843
  5113 2.66456985070174 2.83161416504143 1.57729805626044
  5124 0.11742018624332 1.39642838642771 5.83460443169914
  5125 0.37038533412174 1.33916230741125 6.08315885023666
  5131 0.96681614253786 3.22301104357944 0.88407503715951
  5136 6.74628873658942 6.15665173223723 6.26390891067906
  5137 6.58716922513310 6.50690238209451 6.33552595679276
  5138 0.91311585087576 2.78845940587178 0.74827196030656
  5139 0.90972605268539 2.57022688252914 1.13135208624863
  5142 2.98296143805127 0.55601085275748 4.74644899653058
  5143 0.11678758581279 1.19948653001306 5.79218693168773
  5144 0.36259071931305 1.12186820335932 6.02344743877150
  5147 3.50441457004149 6.23400183171123 2.51888281227166
  5148 3.32713893648793 5.27528321737266 5.01383895955385
  5149 3.42861264832699 5.11967428977084 5.25646734678775
  5150 4.34326899201707 6.13733470882686 3.67126522900510
  5151 4.47197755185811 6.06333946002841 3.91678019806310
  5153 5.12076713905564 4.41691215414661 2.84995349263358
  5154 5.26785993481583 4.01961381807735 2.84824385621091
  5155 3.96331326381960 5.34489810970673 5.73000153886849
  5156 4.13692280780454 5.10054126929700 6.02489695824504
  5157 4.12804162313403 4.47470703613566 4.15690653980771
  5158 4.01841022027100 4.85244150241462 3.98682773948106
  5162 5.96598920051137 1.39459094656744 5.65265337458312
  5163 6.16886713033882 1.37154509536815 5.85484700586093
  5168 5.30503685826068 2.68183789506078 6.49923207904406
  5169 5.10303797887309 2.86241748031755 6.62139034352619
  5170 4.89030437793748 0.12656654180330 5.45216284615777
  5173 6.03497125039220 1.38830232751307 5.98071490082987
  5174 5.84893590687876 1.40743511096759 5.80377376568623
  5175 1.19721930404794 1.23184790731910 5.93137548769988
  5176 1.40434472172697 1.15584631570110 6.16061628947540
  5182 3.14670108688715 5.78771194563698 5.70550765569578
  5183 3.29809866396166 5.50901444270282 5.81854169158368
  5184 1.26910270214543 0.86323393421907 5.87235251032035
  5185 1.42279016411909 0.91962886252780 6.10575263552786
  5186 6.94880871980534 0.33373463613231 4.43022440957197
  5187 6.94158827928994 0.44093733325655 4.94004452078962
  5190 1.62240824608013 1.33747256923726 4.00783328276657
  5191 6.82581667643466 4.09561441421435 6.20044157252571
  5192 6.57775003473990 4.19643058855538 6.18523960272770
  5193 3.51377492971358 0.74452009429429 4.90077633251034
  5194 3.32604770708392 0.62003893440614 4.62944256963040
  5195 1.34638075373398 1.81727330076487 4.11690455784316
  5196 1.69676116985430 1.56226250898768 3.99749936595291
  5204 1.23116484314331 6.11635401286994 2.75267595430386
  5207 6.76223392614376 2.72978729185878 5.90640570627564
  5208 6.87014000324605 2.53581718154667 5.59108413101269
  5213 6.67396643832137 4.90199421282149 1.94057520065238
  5215 4.31561060528956 1.11454470907313 3.58892218286325
  5216 4.23584332370210 1.03679226444874 3.83688916576386
  5220 2.07974149824298 2.73320503257148 2.60185304352469
  5222 2.12305518683484 2.40779907807094 3.05120733857016
  5223 2.09463494525527 2.39050042933543 2.31243612712931
  5224 2.12917912692780 2.07974151097712 2.59912916990426
  5225 0.13937855703365 6.43688654640670 6.36880982628903
  5226 6.86037430540400 6.66781086462614 6.40054749575722
  5232 6.86106756724983 6.65400339837642 4.91490440994791
  5233 6.87158595189451 0.04203000443335 5.20815969952497
  5237 6.66945497061454 2.76355625618387 5.40525633231954
  5238 6.59276288913611 2.93508088016113 5.69931358381178
  5242 1.95713321965170 5.62905580902862 2.07028592314449
  5244 3.49755420468630 2.12816399757433 3.88813820680121
  5246 3.10554609769976 1.70708437953477 4.23529316255692
  5249 6.67738717390966 3.05753785140433 1.00928967672948
  5250 1.86069828331025 6.24061571473406 4.38635692017893
  5251 1.56816533436284 6.25188081180760 4.16115933472921
  5252 1.53696159207280 1.12370661099776 2.16353480510717
  5254 1.53141618539944 1.53276073429244 2.59852667652594
  5255 2.37726298670650 1.80263004715923 3.77266230177137
  5256 2.72780600957057 1.60498260943411 3.67013409548962
  5260 3.66283315140147 2.00344530044075 2.34526011876230
  5263 4.87770967459463 5.17146379238517 4.77457768101199
  5266 1.18683519463785 1.62088820058730 4.16059955874373
  5267 1.37771131116718 1.31142178471712 4.08120812132018
  5268 1.05909246314978 5.75170965823565 2.60599503898622
  5269 0.70212242202330 5.71402956346017 2.94134328425288
  5275 5.29320782373010 5.60420264991623 4.74838635875017
  5276 5.13484737793061 5.30339773246002 4.52836887812556
  5277 5.17930036891886 6.81873948250031 5.18060765841252
  5278 5.09576009042004 6.53489095430117 5.33756814136368
  5279 2.87917815879272 6.31124429193111 3.12907013186578
  5280 3.34540422756194 6.26617549343753 3.12646874506467
  5281 2.37975707478455 5.44102991714494 2.00545799961131
  5283 5.90704564679684 1.12642553236099 5.24455331718629
  5284 6.25167572943962 0.73934266206044 5.07833865822023
  5286 4.76586388557648 6.64290267164841 5.60969308058562
  5287 4.71507847582882 6.94686645071531 5.63468795459684
  5288 3.96908854864066 1.78160497464456 2.57806556196030
  5289 4.26374445446355 1.90892755895598 2.47206852196795
  5297 3.12820722132547 2.44721010241923 4.40029547153961
  5298 2.95815586935344 1.91555678818383 4.48180295310630
  5301 5.69026783402913 2.21695191385765 3.27173392816332
  5303 6.58057348485685 2.45179374977094 2.93581417823173
  5305 4.25244002604675 5.72934317486089 3.86144828359421
  5306 4.17022513033576 5.83139175567851 3.64771733390415
  5307 3.98075340722031 4.97972616944831 1.76342472542177
  5308 4.30566573565787 4.88677161995372 1.88587220925758
  5310 0.20922459391753 2.48432222403233 3.99120055027551
  5313 1.30337717628841 1.40080028099225 1.79461331575803
  5315 0.64123472816221 2.67478485849923 3.83327124144898
  5316 0.69891018865439 2.86111919466003 4.14246632007688
  5317 4.83886665390898 2.30131935902085 3.78195890872718
  5319 4.96347654200955 5.43888739246420 5.05394098336361
  5320 5.18720178351877 5.64140374606874 4.96418714431945
  5321 5.85124259867024 0.50175903848579 5.03020074503850
  5322 5.58276468687724 0.83536979661346 5.17430678352651
  5327 6.18591755075553 0.71778760015928 6.39141183930556
  5329 4.20399452575453 2.16527062472570 2.20422351307215
  5330 3.84872351578456 2.22061574556784 2.15181550184351
  5336 6.47667138487601 1.93600939165974 4.73154543832556
  5338 6.76655172999570 1.72361946137679 4.67136793770895
  5339 2.82525722388163 1.55157011273045 4.09459077592767
  5340 2.48042470656180 1.74827335426944 4.27250794990514
  5341 6.13320349141925 3.60876773737744 1.45545577485849
  5342 6.07026053939177 3.29704484859324 1.12939871038452
  5355 1.41530137484312 2.94971172558569 2.69674557135143
  5356 1.34533733609405 2.77435615656992 3.19937146550590
  5366 0.48464750541806 0.88177928662422 1.77305087972782
  5367 0.48385974716194 0.71469623998003 1.30734930370097
  5368 6.25149810986434 1.67843410993364 4.62477573664368
  5369 6.44770195389538 1.47150691464239 4.56444191756176
  5370 0.87791833505576 0.87051113855187 1.73329880719927
  5371 0.80383391620771 0.69760719603769 1.31941493170468
  5373 3.54094592736343 2.59907549432475 0.59204996846987
  5374 3.18692453332873 2.74211831399900 0.72885020951680
  5375 4.25121336910358 4.55721111298238 1.78539330480366
  5376 3.97808186904437 4.59916106045106 1.67947454027405
  5378 1.27101453057377 5.19638689639159 3.72006621933464
  5379 1.04794335754483 4.82547820448698 3.97803052256416
  5380 3.01330566168604 3.01345530771898 2.29697457261533
  5381 3.03392953088189 3.06649006433587 2.20634259914537
  5385 2.45663591533483 4.14854515535629 6.92799027834415
  5386 2.22285645925329 4.47721703919220 0.20907975793594
  5388 5.56584393274741 0.41411043355288 3.79716935680299
  5391 0.37624304828102 4.69009972703790 3.19560681125408
  5392 0.47939773457223 4.69061186653437 3.68720093474264
  5394 6.39863674952880 5.86914569748816 2.95137364292193
  5395 6.42663325746896 5.65857052712559 3.37326007928303
  5399 2.55993881718235 6.33805236794084 6.12277965175524
  5406 3.21759973348374 2.85292661203938 0.97535847733560
  5412 0.78671656952407 5.27134291215644 3.53795346573393
  5413 0.63335220969992 4.89568112732774 3.83819886677010
  5414 2.33914636383876 5.94220275635266 6.40129902307883
  5415 2.41985816506677 6.27527604245790 6.38499244609379
  5416 1.55203890579876 1.85138000964452 5.57447147347757
  5417 1.33904764881912 1.68569572574798 5.55690374940326
  5421 5.06444753938716 0.21571072908968 4.23423314095529
  5422 5.14695630149096 0.18898632373747 3.81047661507401
  5431 6.76274745051993 5.45445134206013 2.98822260092211
  5432 6.60900842037103 5.71940747773764 2.77725901699031
  5435 5.07629788310097 1.07741961972038 0.84341043575947
  5437 5.31514987241022 0.71815849947762 0.71823365846424
  5438 1.22527414333213 3.28310544317469 3.20024123777230
  5439 1.28390002672119 3.34389756473825 2.81685996484807
  5440 5.19330375282818 1.06963835154519 1.13794944324256
  5441 5.43004984321154 0.71670716249282 0.99712302062069
  5442 1.60365039680851 1.82660306316626 5.34135420220669
  5443 1.38743598599612 1.65831173831258 5.32280459712034
  5444 0.79653487415675 6.07555959190137 3.24420121951928
  5445 1.06688071759389 6.23293963446724 3.16277827010265
  5446 2.51305658163174 4.32656340801760 0.45124192543371
  5447 2.66293580488173 4.08417015307173 0.22466046103352
  5450 6.87819604518436 0.41076725542803 0.11342933953578
  5451 0.65176242354681 4.26262685791706 3.48511686597915
  5452 0.48967183349826 4.43758305039942 3.11235549716765
  5453 5.24650256010471 2.43858491793345 4.24489380121307
  5454 5.68271085570776 2.50868842454731 4.01117105184572
  5457 6.53359350073114 0.18382046430547 5.84724343890919
  5458 6.92336917943593 0.04527549481294 6.11940887255192
  5459 6.02630616682003 1.47519524135514 3.98714946566383
  5464 5.44798879579411 2.55848251508970 3.63839443412782
  5465 5.03647296192406 2.51270122737035 3.83510233771169
  5469 6.40940610023000 0.80295986679108 6.88735065418873
  5470 6.86377597182133 0.67665186474596 6.78926533031702
  5471 6.38531848543074 1.27426300655625 4.16255149941079
  5472 6.68919283684716 1.29485206704347 3.87262897772556
  5476 4.77331093426246 4.17888229451572 4.18812948627015
  5477 4.73866192442746 4.21021161516856 4.34243381875896
  5485 1.48385712071764 0.36549749899210 3.19636129108737
  5491 4.59749332827450 2.27063311298243 1.22492228886424
  5496 5.78416002486083 4.61352713108162 2.02019705732237
  5497 6.29211850373781 0.56946108990525 0.21992804655525
  5498 6.50586604472708 0.41990254107532 0.34369637065538
  5506 1.73077484867877 4.89153863882304 1.34403513455713
  5507 2.61879819575349 5.86991774888818 5.86303240734771
  5508 2.48650225924032 5.69741919737935 6.03390599321891
  5519 6.57601510327337 0.61990843549678 6.08562203357431
  5520 6.91175063224427 0.54990586813943 6.32831432206230
  5526 4.50205594905371 1.80970815305005 0.46842265532551
  5527 4.83613308920615 2.15895690148046 0.92641457297697
  5530 5.19465651673609 2.85655937832188 2.64377287226043
  5536 2.13267893859417 6.15306378803116 1.11084024862340
  5537 1.80520863746982 6.11197521799823 1.49365658048944
  5545 6.21450614541838 4.65798549364092 2.19449739711994
  5546 1.66698544896775 4.71435997946883 0.53051852558678
  5547 1.81627298084414 5.09840533540926 0.82889213137043
  5553 1.93179490855005 0.18388598052930 2.86156607262281
  5554 1.77099369463898 0.30414004305731 3.24218915775500
  5590 4.72276508825174 3.39598471136378 2.80771248859672
  5591 4.80137185667366 3.04398970262353 2.93218233210585
  5592 2.10212889952151 6.08239472888859 1.86718280756938
  5622 0.99274202164094 6.94399672392442 2.60194950220725
  5627 1.44088899359667 6.85431910604546 2.29832069303706
  5628 1.11938520230879 6.70782449120405 2.40296986661734
  5630 6.40809696731052 3.77639376488810 5.11159264146005
  5631 6.56522037806683 4.27802098362867 5.22283310251260
  5636 5.61765317164241 5.05380823491150 2.35860109546035
  5637 5.35870748187851 5.12905513911907 2.01609342555644
  5638 5.50942268528081 4.92583461769002 2.21305019272632
  5639 5.37064541158930 5.22226167384292 2.03542980571529
  5640 5.56096196626743 5.26334661181791 2.30243173052507
  5646 5.82753148456092 4.59625052345952 1.59868756471322
  5650 6.53433073867211 1.56072002970589 2.40069083862684
  5651 6.62207124476332 1.94632893804705 2.35297877713443
  5661 6.87979148431701 2.08234877796220 2.71587073444584
  5662 4.83494433705358 1.51126933380107 3.54621058400804
  5667 0.02175849467345 2.63523697568884 4.26570880520352
  5668 0.20098595428857 2.84861884049943 4.41393525666534
  5670 0.35358440296241 2.72383810595485 4.36335774868033
  5671 0.17156351103571 2.53746127081621 4.23275708432099
  5672 6.02078483718961 3.95798854563539 1.28003392549597
  5673 5.67256960459657 4.19592731923496 1.47715782435204
  5674 4.84469697199223 1.82312673493115 3.38002608275819
  5676 6.47444506572973 3.59877553956458 5.62264072375611
  5677 6.63563191944676 4.02176114410200 5.83791627128267
  5679 5.05048720552118 1.40508620197163 3.37591274862534
  5680 5.20117468516912 3.92382422675982 5.46301797560544
  5681 4.84926534079857 3.91040180037082 5.64561387670652
  5683 4.97610421723914 3.72560803209235 5.81873469641679
  5684 5.28605665792876 3.74083200794635 5.65055301866560
  5691 6.71769593354318 3.66528614375561 1.67420617822096
  5692 0.01296828994720 3.36828864285262 1.44940600930165
  5700 0.12093710041194 3.03993055563457 1.72104802301485
  5703 0.84414839187910 3.98523202978285 5.07675649938475
  5704 1.12804041907235 3.99049371533919 4.92778347211569
  5706 1.05533409710532 4.05344970731337 4.68958526208795
  5707 0.69265148494852 4.08020353360139 4.77311859556721
  5708 1.94206043689298 0.96692007065360 4.44962502718725
  5710 2.07869233079405 0.57723642544940 4.28147163223420
  5713 1.71972776980812 0.86331811390897 4.66755035062394
  5714 1.75187431804092 0.44581855806516 4.59703915543436
  5716 1.09326318502788 5.49744534430214 0.66655048598230
  5717 1.60374639247162 5.40728589588366 0.84488488569233
  5720 6.53617413412912 4.67621390713963 1.89167686195141
  5723 3.94924775875483 1.66204590089260 0.82957913877287
  5724 1.09582966289188 5.48713182199190 1.11079578720444
  5725 1.45645922615673 5.43532035315453 1.18789468411971
  5726 6.50720070875133 4.30291640608206 1.33219011323408
  5727 6.38671929875799 4.62767556145276 1.49427787594601
  5731 4.11882272659921 2.12317412430619 1.17265364218741
  5732 4.02301728431761 1.84658832789671 0.77645897727105
  5733 1.69447993938108 4.21753613247066 0.71044499633490
  5736 1.57421119567434 4.36903676750127 0.76593421382518
  5737 1.57646855083930 4.41427091525998 1.15950575984740
  5738 4.05001907964186 1.96317047211490 1.40930049842702
  5739 3.93246105337839 1.61757282016055 1.25588745419052
  5740 0.30700817032620 4.77902477077791 0.79952068251671
  5743 6.85385389076801 4.01911153543358 1.62222924537497
  5744 6.89439850584955 4.20145437018324 1.95885875407463
  5745 1.71749062774441 4.25236613435846 1.25146016210183
  5746 1.84419522619910 4.08122020449816 0.97306143772108
  5747 6.54471587259361 2.21208435083704 3.43569295769215
  5748 6.09074147307414 2.07400013400998 3.58903907333010
  5751 5.54973330370091 1.49278193071590 2.08635071435468
  5752 5.03688664344216 1.33963917704797 1.74918523673068
  5753 5.26730944331605 1.28400656743865 2.11906925420508
  5755 1.32037620021482 4.40193764825738 2.71720866583305
  5757 0.28176597819066 4.73765908879670 6.90674957453491
  5758 0.67797772949360 4.83630959583679 0.14840981550602
  5760 3.47669087108225 0.49428143607651 5.56477369532893
  5762 6.19009782113026 1.96860217004186 1.12834007459969
  5763 6.33424481444870 2.27698950406514 1.31212420917736
  5765 5.53489933131641 1.89973952071915 3.12294836929939
  5767 5.06046482366057 1.72435727504731 3.19984757581010
  5768 0.59164670544763 4.50735888570472 2.96944924358620
  5769 0.57077089611513 4.26600168284574 2.44376038905207
  5770 6.02443168972375 2.36013048452814 1.37369966619632
  5771 5.92897101349087 2.03858376837216 1.18415183513870
  5772 1.37744217511103 3.94671986031399 2.46400723531046
  5774 0.95204099700094 3.86497455809880 2.29152850092289
  5775 1.31009349076729 4.37091785344384 2.61608332435898
  5776 0.73514018592852 4.24345363007717 2.35795420856806
  5780 6.82901868072664 4.65367826166349 0.78332778260327
  5781 6.73232767358481 4.61910818705750 0.51126870765622
  5785 5.49956765174588 1.97931583965436 2.67890668875302
  5786 4.99901025659173 1.78418906239548 2.79961560327799
  5787 6.77870757926776 4.39103617658253 0.87669897626774
  5788 6.64181326938722 4.29504033052611 0.55149265638727
  5789 3.33177129510611 0.77101147878502 5.18201378919022
  5790 2.99717681560313 0.66536213695014 5.12337334303894
  5791 4.44945962831979 3.25119785232223 1.55261760628269
  5796 1.19016859421029 3.67453185268377 4.28336351486441
  5797 1.27387884476641 3.82329115085024 3.66820210912023
  5798 1.42701089013227 3.81902273562422 4.02611474385988
  5799 4.74775285470948 2.83199568143968 1.53207362822118
  5800 4.65185603997619 2.59379819639704 1.17913188343054
  5804 0.81923569048196 3.63684084481972 3.68728861895639
  5805 0.77603196947360 3.52886893492095 4.05292724621091
  5810 6.11374175777533 1.61131867626952 3.61900957312856
  5813 6.41004218023117 4.71862777475847 3.05224335446828
  5814 6.09041729593844 1.22568835390733 3.07301268825604
  5815 5.85494112320799 1.46113710547784 3.35641285477641
  5816 6.76670742271466 5.16838341203390 2.89731916997896
  5817 6.59613998890863 4.87468883153320 3.14262265237092
  5820 3.89803326749958 3.29433611875492 1.33831260766557
  5821 4.22701406820675 2.95561064521895 1.01091175153286
  5822 4.20220986199427 3.27535661873612 1.22819635940316
  5823 6.40849917068483 5.09365149370915 2.32240356806543
  5824 6.20325926594624 4.89975575402893 2.38091271216596
  5827 4.69936067739040 1.24301958918402 5.98155333196363
  5828 5.03682179858764 2.65740787550040 6.94146022330314
  5830 5.08425365910083 2.80988325547666 0.25890277770580
  5831 4.76460874175514 2.57043433657433 0.06677726930612
  5832 4.85506645140077 2.73396584634330 0.34663860015331
  5833 3.81413799545954 2.69436966159597 1.02348134569851
  5834 3.62966337915552 2.81397772105138 1.17791159370894
  5836 4.49233992035098 1.13193093823161 5.77182850267998
  5839 6.77735311711094 1.82583041351165 3.41814003378421
  5840 3.32901740755244 1.47156347290889 6.59410090034590
  5843 3.27423618428686 1.98199916709028 6.73300434557286
  5844 3.45189088604190 1.78515163182073 6.51965775672112
  5845 4.60008966195552 1.69720376356976 6.09762870597313
  5846 4.05529482363287 1.98895038942440 6.05310744590223
  5848 1.32901881828266 2.37086751644511 3.45383438289668
  5849 1.68342914658570 1.99461252658860 3.33313674236695
  5852 4.65701655855544 1.48872588441516 5.91423658183945
  5853 6.48864062074630 1.23565757270306 3.17707329887738
  5854 6.51959279968585 1.48681406259294 3.51885522107418
  5855 6.77459310313900 1.42550904158728 2.77484676698410
  5856 6.96040667822669 1.77533495094564 2.94648032452863
  5862 1.98671409884887 2.37340303180747 3.25785670013974
  5863 1.54842460572141 2.61421348369799 3.39915732406930
  5864 5.93090891825251 0.39266065738170 4.25034950153859
  5866 5.73328419860100 0.31510723362789 4.53059828830170
  5868 1.13603479206963 0.59728342702170 2.45697056003473
  5870 3.02448746199035 1.53154986961522 6.94198783485751
  5871 3.01312935984945 1.73195674723453 6.98918908535132
  5875 1.27597052557870 0.67105801709494 2.20122918878266
  5876 1.51951526915205 0.40153504524596 2.17920778542852
  5877 5.64576493428816 0.52695245205794 4.10080898122707
  5878 5.46215612107800 0.46469939918760 4.32806051983223
  5879 6.45368605668909 3.02753703826463 2.31687881581216
  5881 6.23007245441187 3.36287301129370 2.23388854013600
  5884 4.51895503970237 1.38506597834464 5.25714870759346
  5885 6.13435877775793 0.47895054119030 2.00128480546288
  5886 6.40824405157609 0.30805070516244 2.18641377790559
  5890 6.31883723076837 0.63585734861645 1.83356612180330
  5891 6.59267083870728 0.52778874241186 1.96919904551231
  5892 1.29456502264096 0.26649655307059 2.58314285756825
  5893 1.47677442951887 0.20188646127964 2.45067525211325
  5894 3.86212349543874 1.61948085545124 5.22045951459160
  5895 4.14211042531448 1.53667730899049 5.01476118308517
  5896 3.94492346057220 1.51503551088410 5.65070848465141
  5897 4.43646468276149 1.32752113206492 5.69286845921555
  5898 6.85509399672377 3.23168924452025 2.17947438762530
  5899 6.67751291972690 3.55913360801505 2.10507771105764
  5901 5.24879925870286 2.58118079072782 6.17579028575204
  5931 5.23304174768315 2.14765449813319 6.16303475297500
  5932 4.88619375542723 1.97669482172636 5.93786879581037
  5940 2.94806203418704 6.21584649128479 2.48532646003810
  5941 2.75539752720681 6.27890367737472 2.93400945371493
  5943 2.57740974862627 6.56354064974275 2.70245859499875
  5944 2.74884911482077 6.48208452735874 2.35410595576150
  5948 6.55886530712151 0.51324297211946 3.26912337923285
  5949 6.69804126296675 0.74699937329086 3.27907525563264
  5953 6.71861886775264 0.39862626087696 3.05516284829774
  5954 6.88867272230427 0.65204453838976 3.05126540926669
  5956 0.92016382716773 1.94748836267752 2.35999630798144
  5957 0.73744156444609 1.72364452702193 1.94866516287508
  5959 4.87390045658185 3.03605370687805 5.71196237705138
  5960 4.56594321577871 2.77269410765326 5.39087963095801
  5963 4.03619354049401 0.71046385817466 5.97872330016034
  5964 4.86406271785775 2.77641471461501 6.02747099843615
  5965 4.61641590485205 2.48433222199210 5.84704697952198
  5966 4.21765802843323 0.11020607413654 6.18892371729362
  5967 4.08372532200169 0.33621410663686 5.79449073941576
  5968 1.27604469526432 1.87296112543914 2.19453152324886
  5969 1.20353840475473 1.68725043404470 1.85630609544549
  5971 4.37255446978398 3.80939305617145 3.66199461380599
  5973 0.78314946142029 3.36585817706439 1.55024744437434
  5975 0.70545667715182 3.02713748949824 1.77017703419628
  5976 4.50091183102389 3.84755422337885 3.13330497864462
  5977 4.79109633211351 3.60992644759001 3.04280579671365
  5978 4.90360949608510 6.34128201091685 0.07991193251518
  5980 4.85880149344203 6.05792171273310 6.68480050865692
  5981 1.00304098785375 3.22048471443448 1.38262907069780
  5982 0.98833927600028 2.95220809655249 1.50147608255098
  5983 4.57234828934111 3.22162196317055 3.98623768918966
  5986 4.67742866691576 3.47179901856940 3.85705645223062
  5987 4.96471408044120 3.34754885439522 3.45945599776467
  5988 4.51262096400939 6.32548175289498 0.14959667389678
  5989 4.42005827029950 6.12054104936630 6.87851314547246
  5990 4.96803858980359 3.07404631649033 3.39487225380264
  5991 4.75299112410014 2.83599045258827 3.69849128111357
  5997 0.06366978129764 3.62485622987802 4.64774952627981
  5999 0.29617085502251 3.90542111480037 4.54843103843532
  6000 0.09875412119758 3.55690563028762 4.36690929202722
  6001 0.27842407422173 3.75445984951601 4.28081738394136
  6025 3.53760264504107 3.53902398001645 3.53051726845661
  6026 3.28297471336489 3.61550609605234 3.75889750691984
  6030 3.69867658960540 3.63822236518376 3.71181719918398
  6031 3.52634694831321 3.70270947954453 3.90672486187531
  6033 5.44780071893856 3.83494989127293 2.17110297374039
  6034 5.70824981129798 3.47205529255236 2.14037057301830
  6035 5.16245042936055 3.52806081300461 2.18811619913777
  6036 5.34637535822987 3.27555240237391 2.16183161435173
  6050 3.21794491945390 0.73512492086746 3.49573814394716
  6052 3.18307040122293 0.35611276197782 3.32248685421771
  6053 2.92947655942899 0.19861730818222 5.84710179818702
  6054 2.67963662656718 0.26297844857408 5.65977077941230
  6058 3.11328246753663 0.20450781370330 5.62932375542581
  6059 2.88908542956404 0.25306159708546 5.44302778086317
  6060 3.36234715715727 0.94363899232825 3.19530315529048
  6061 3.42562776723187 0.60244440263959 2.87169768966433
  6062 2.52384180923119 1.39672810481411 2.41104735313787
  6064 2.58941251705262 1.75698707728251 2.39917985133521
  6065 2.77880772304505 1.41655039370786 2.52269018581514
  6066 2.79804443219804 1.71971786799013 2.49249153563282
  6067 4.54737273481002 6.27742410176550 6.10182537809295
  6068 4.78553377426393 6.60814119291757 5.92019083145525
  6070 5.15206082055168 6.41954694392448 6.23886784847894
  6071 4.93030454117810 6.10814968169404 6.39581745378876
  6075 5.37223904977157 1.57825862313664 1.36622427798131
  6076 5.59308209547822 1.63300290788560 1.46502551133101
  6080 5.25862650555262 1.63329532758702 1.57829016895907
  6081 5.46661831141314 1.68702959202294 1.69083574266068
  6082 4.38993697676860 0.85794991436412 6.64232830427865
  6083 4.58879810367254 0.51472727082437 6.75053260868032
  6085 4.20298057316973 0.31115415674037 6.47211261126225
  6086 4.08338481814586 0.64172182010496 6.41348315066487
  6093 5.34221777001862 1.46123537343452 0.01511000495535
  6094 5.45105469777121 1.21159381951677 6.94661372234672
  6095 5.41674554202421 1.40547328980772 0.33700141556159
  6096 5.53941637858042 1.13615251119760 0.25576292176017
  6115 2.64288843122645 5.83608184158990 1.84234329272751
  6116 2.76070765509008 5.86347022870201 1.54881699659495
  6120 2.49172142815166 6.08542058150136 1.79511067221863
  6121 2.58627399194348 6.10983611511335 1.54883691549862
edges 4080
5      8      5
6      5     17
12      9      8
50     31     33
94     64     77
95     77     55
102     55     52
115     71     74
126    103    102
148     87     85
150     85     91
173    124    125
204    131    127
210    127    125
217    142    141
218    141    158
221    152    145
222    145    148
223    148    142
231    151    146
233    147    158
234    141    150
236    148    143
237    143    150
238    145    146
239    151    143
241    161    138
242    138    152
245    138    163
251    162    163
261    171    185
264    173    179
265    179    171
268    181    180
269    180    173
271    175    190
272    190    191
273    191    181
274    179    174
284    174    177
290    180    177
294    197    194
295    194    190
346    229    232
379    241    240
380    240    238
382    238    243
440    284    285
465    297    299
466    299    295
467    295    298
472    299    304
473    304    308
474    308    312
475    312    298
484    306    297
485    306    300
486    300    304
504    322    320
505    320    324
508    322    332
509    332    330
510    330    324
511    321    330
563    378    365
570    375    362
599    392    390
600    390    413
616    389    390
620    419    389
654    430    432
685    442    429
693    462     52
726    472    471
727    471    470
728    470    478
729    478    477
730    477    479
733    471    486
734    486    487
735    487    478
736    472    483
737    483    485
738    485    469
739    469    486
743    482    483
752    476    481
753    481    469
754    485    476
755    476    484
756    484    480
757    480    488
758    488    481
762    487    488
763    480    477
786    432     71
793    509    510
796    514    102
797    103    518
800    514    520
821    538    539
847    539    540
848    540    531
859    548    557
860    557    544
866    549    563
871    553    554
872    554    295
879    548    553
882    562    549
887    577      5
896    580    577
900    586    587
901    587    585
902    585    566
903    566    580
906    585     17
962    606    617
986    626    627
994    629    627
1012    641    643
1029    647    662
1030    662    657
1034    131    648
1035    648    662
1036    648    651
1048    322    678
1057    668    332
1060    668    669
1061    669    676
1062    676    678
1064    671    666
1065    666    669
1070    679    548
1075    666    679
1089    699    686
1100    681    684
1107    699    554
1149    724     33
1163    742    739
1176    736    741
1177    741    742
1210    719    763
1212    763    764
1225    668    782
1242    769    776
1243    776    783
1277    795    794
1280    796    802
1291    796    803
1336    243    833
1337    833    824
1349    835    845
1350    845    843
1351    843    844
1352    844    841
1353    841    835
1354    835    838
1355    838    852
1356    852    587
1357    585    845
1361    836    846
1362    846    586
1363    852    836
1364    836    848
1365    848    849
1366    849    853
1367    853    846
1376    843    851
1377    851    850
1381    849    686
1382    566    851
1397    863    867
1405    865    871
1411    862    865
1413    124    862
1415    870    871
1416    870    863
1421    877    875
1436    872    890
1441    877    894
1459    885    890
1463    911    913
1470    910    911
1475    901    909
1476    909    655
1483    903    912
1487    903    910
1497    920    923
1498    923    927
1499    927    924
1542    947    940
1543    274    947
1584    971    978
1585    978    968
1591    969     87
1594    979    969
1597    979    967
1606    973    976
1615    967    977
1618    977    976
1620    991   1015
1664   1020   1038
1671   1022   1038
1677   1022   1037
1678   1037   1021
1679   1021   1036
1680   1036   1035
1681   1035    171
1714   1045   1046
1720   1046     64
1739   1020    927
1741   1059    920
1742   1065   1068
1748   1070   1065
1752   1081   1068
1776   1081   1076
1777   1076   1080
1783   1091   1099
1784   1099   1106
1785   1106   1100
1786   1100   1098
1787   1098   1091
1788   1091   1094
1789   1094   1097
1792   1093   1102
1793   1102   1099
1794   1098   1092
1795   1092   1101
1796   1101   1094
1797   1100   1104
1798   1104   1103
1799   1103   1092
1817   1112    472
1820    862   1112
1824   1118    470
1831   1114   1118
1833   1122   1114
1845   1137   1136
1846   1136   1126
1847   1126   1130
1848   1130   1134
1868   1122   1137
1890   1151   1147
1894   1153   1155
1902   1080   1156
1903   1156   1155
1919   1181   1178
1927   1168   1184
1957    266   1202
1980   1207     85
1984    626   1207
1985    643   1210
1986   1210   1211
1989   1209   1210
1991   1211    681
1992    684   1209
2003   1214    722
2004   1212   1226
2006   1217   1212
2007   1212   1218
2010    940   1226
2012   1216   1218
2020   1221   1216
2069   1244   1255
2078   1259   1266
2083   1259   1261
2084   1261   1265
2092   1065   1265
2137   1289   1293
2141   1287   1289
2145   1287   1294
2154    580   1300
2179    476   1304
2180   1304    146
2211   1336   1328
2215   1330   1323
2216   1323   1326
2219   1324   1336
2220   1329   1324
2221   1324   1325
2222    976   1346
2224    147    973
2227   1349   1346
2229    158   1345
2230   1345   1344
2231   1344   1348
2232   1348   1347
2234    141   1344
2235   1349   1350
2236   1350    150
2238   1348   1350
2244   1357   1353
2251   1364   1352
2254   1362   1361
2255   1361   1364
2261    662   1352
2262   1361    657
2286   1380   1382
2287   1382   1376
2288   1376   1377
2299   1375   1357
2301   1380   1375
2302   1326   1376
2333    392   1401
2334   1401   1212
2343   1147   1405
2345   1405   1226
2358   1406   1409
2362    174   1406
2384   1419   1421
2385   1421   1424
2389   1430   1419
2406   1439   1447
2407   1447   1446
2408   1446   1445
2411   1448   1439
2413   1329   1449
2414   1449   1448
2421   1449   1447
2422   1445   1440
2445   1460   1336
2455   1466   1457
2463   1459   1461
2470   1472    890
2471    885   1457
2488   1460   1077
2497    852   1481
2506   1484    469
2530   1508   1493
2533   1489   1504
2535   1493   1502
2536   1502   1489
2537   1489   1496
2555   1510   1511
2563   1517   1530
2570   1521   1527
2583   1528   1529
2589   1529   1525
2621   1549   1563
2622   1563   1559
2629   1559    644
2661   1566   1570
2669   1571   1570
2682    900   1577
2683   1577   1081
2690    557   1580
2691   1580   1587
2692   1587    679
2726    297    515
2731    299    699
2758   1616   1617
2770   1619   1622
2775   1622    969
2776    967   1617
2836    362    769
2837   1532   1657
2840   1656   1657
2853   1663   1137
2867   1671   1666
2868   1666   1667
2871   1666   1676
2877    161   1674
2878   1674   1668
2883   1674    782
2888   1677   1676
2924    901   1698
2925   1698   1261
2926   1577   1703
2930   1702   1698
2931   1702   1701
2932   1701   1265
2933   1701   1699
2934   1699   1068
2935   1699   1703
2956   1521   1709
2967   1722   1724
2972   1717   1719
2977   1725   1717
2978   1717   1722
2980   1725   1723
2981   1723   1724
3000   1732   1736
3016   1376   1317
3019    912   1742
3021   1742   1380
3036   1765   1751
3069   1775   1769
3077   1779   1775
3082    958    841
3117   1792   1789
3121   1800   1792
3128    824    180
3129    181   1804
3130   1804   1806
3132    833   1804
3135   1809   1810
3136   1810   1806
3146    849    304
3154   1207   1622
3229   1843    867
3252   1855   1130
3253    375   1854
3264   1861   1676
3269   1861   1862
3272   1862    260
3314   1809   1883
3325   1884   1891
3339   1862   1015
3342   1894   1900
3343   1900   1901
3344   1901   1202
3348   1895   1900
3372    763   1913
3373   1913    945
3381   1915   1912
3382   1912   1867
3383   1913   1915
3385   1912    764
3406   1544   1927
3407   1927   1926
3408   1926   1289
3409   1926   1244
3416    241   1927
3419   1795   1939
3420   1939   1938
3430   1905   1931
3461   1642   1349
3500   1965   1155
3501   1965    540
3516    531   1964
3533   1973   1884
3534   1973   1725
3574   1989    175
3575    190    641
3579   1806   1563
3594   1303   1996
3603    479   1999
3604   1999   1527
3605   1517   1938
3611   1939   2000
3618    194   1210
3619   1209   2003
3622    197   1211
3628   1699   1736
3640   1021   1352
3649    647   1036
3673   1677   2038
3674   2038   2032
3675   2032   2031
3681   2034   2038
3682   2031   2024
3683   2024   2029
3692   2027   2030
3693   2030   2025
3695   1668   2027
3699   2030   2029
3700   2034   2035
3704   1214   1855
3725   2043   2045
3744   1924   1883
3745   1549   1810
3747   1797   2058
3750   2057    482
3753   2057   2058
3755    742   1722
3764   2062    909
3775   2063   2071
3778    576   2063
3781   2074   2071
3817   2032   1895
3822   2035   1762
3828   1259   2084
3829   2084   2085
3830   2085   1698
3836   2062   2085
3842   1227   1582
3862   2094   2100
3865   2097   2094
3866   2094    497
3869   2097   2096
3876   2096   2104
3877   2104   2008
3881   1639   1459
3885   1965   2106
3890    539   2106
3899   2109   2110
3901   2110   2111
3905   2111   1502
3906   1493   2109
3921   2118    843
3922   2118    289
3924   2122   2121
3928   1656   2120
3929   2120   2122
3931   2119   2123
3932   2123   2120
3933   2111   2119
3935   2121   2123
3955    602   2127
3966   2135   2141
3971   2135    520
3991   1406   1854
3995   2135   2127
4002    478   2146
4013   1266    846
4014    836   2084
4017    308    853
4028   1751   2153
4030   1765   1792
4031   1789   2153
4033   1996   2058
4049   2029   1587
4060   2161   2162
4064   1931   2160
4074   2000   1318
4090   2173   2171
4091   2171   1181
4094   1348   2173
4112   2180    390
4113   1401   2178
4119   2178   1217
4126   2123   2173
4129   2119   1344
4130   2110   1345
4147   2178   1097
4149   2180   1091
4151   1099    413
4153   1093   1904
4160   2186   1279
4169   2192   2186
4197    347    700
4201   1481   2085
4242   2221   2223
4247   1103   2222
4248   2222   2225
4249   2225   2227
4250   2227   2221
4257   2223   2218
4259   2218   2227
4263    312   2229
4266   2230    850
4278   1362   2237
4279   2237    910
4287   2031   2238
4288   2238   1900
4310    509   2122
4330   1445   1525
4351   2097   1499
4352   2096   2251
4353   2251   2182
4360   2253   1566
4361   1570    162
4377   2218   2260
4378   2260   2259
4379   2259   2025
4380   2259   2230
4381   2260    851
4382   2227   2118
4393   2266   2265
4394   2265   2264
4397    870   2266
4399   2265   2262
4401    871   2262
4421   2269   1419
4452   1894   1421
4453   2269   2238
4458   1571   2222
4469    803   2266
4496   2260   1300
4503   2288    518
4508   2289   1106
4524   2161   2283
4527   2268   2143
4533   2253   1098
4548    802   2298
4552   2297   2298
4553   2003   2297
4571   1775   2303
4573    617   1769
4584   2306   2264
4596   2308    911
4605   2303   2311
4610   1779   2311
4613   2104   2288
4616   1927   2312
4617   2312   2313
4619    796   2312
4620   2313   2298
4623   2313   2306
4624   2312   2265
4626   1926   2262
4696   1657   2337
4785   1020   2366
4788    173   2366
4889   2401   2402
4895   1616   2401
4896   1642   2402
4964   1732   2425
4967      3   2425
4971   2428   2430
4975   1255   2430
4976   1996   2428
4978   2057   2430
4993    808   2436
4996   1769   2436
5070   2460   2461
5072   1249   2460
5076   2043   2461
5081   1571   2463
5082   1092   2463
5083   1566   2463
5086    453   2464
5087    510   2464
5091   2466   2467
5092   1044   2466
5093   1424   2466
5096   1894   2467
5097   1202   2467
5155   2486   2487
5162    358   2487
5177    647   2493
5180     47   2493
5185    131   2495
5188    651   2495
5200   2501   2502
5206    901   2501
5207    900   2502
5211   2505   2506
5214   2045   2506
5221    173   2507
5224   1020   2507
5249    795   2517
5266   1587   2522
5269    669   2522
5291   2531   2533
5293   1619   2531
5296    848   2531
5298   2084   2533
5317   2540   2541
5324   2014   2541
5336   2546   2548
5338   1045   2546
5340   1050   2548
5341   1148   2546
5383   2218   2561
5386   2025   2561
5451    724   2584
5457   2586   2587
5459   1517   2586
5460   1527   2586
5462   2000   2587
5463   1999   2587
5465    833   2588
5466   1809   2588
5541   1279   2612
5564   2620   2621
5568   1466   2621
5570   1459   2620
5577   1496   2624
5603   1510   2632
5643   1559   2645
5659   1386   2652
5695   2100   2664
5698   2237   2664
5716   2311   2670
5755   2027   2683
5788   1671   2692
5789   1677   2692
5794   2692   2694
5795   2034   2694
5820    557   2701
5831      8   2704
5859   1021   2714
5862   1038   2714
5867   1330   2716
5870   1357   2716
5911   2732   2733
5914    968   2733
5916   1259   2732
5929   2738   2739
5931   2162   2738
5934   2283   2738
5935   2285   2739
5950   2588   2745
5987   1496   2756
5993   2758   2759
5994   1493   2758
5996   1504   2758
5997   2109   2759
5999   1667   2759
6013   1855   2763
6058   2268   2778
6061   2106   2778
6062   2779   2780
6069   1168   2780
6109   2795   2796
6126   2800   2802
6128   1508   2800
6130   2182   2802
6131    102   2800
6164   1323   2812
6167   1377   2812
6173   2114   2815
6176   2127   2815
6188   2821   2822
6189    284   2821
6192    719   2822
6194    721   2822
6211   1081   2827
6212   1065   2827
6227   1148   2832
6229   1147   2832
6230   2833   2834
6233    602   2833
6269   2845   2846
6272   2501   2845
6276    912   2846
6296   2854   2855
6299   1703   2854
6300   1702   2855
6302    900   2854
6303    901   2855
6309   1448   2858
6312   1153   2858
6332   2866   2867
6333    103   2866
6334     88   2866
6335   2802   2866
6336   2288   2867
6337   1989   2867
6338   2251   2867
6346   2870   2871
6347    568   2870
6348    577   2870
6350   1293   2871
6351   1303   2871
6362   2493   2874
6363    657   2874
6375   2584   2878
6377     33   2878
6386      8   2881
6388   2882   2883
6390    978   2882
6404   1362   2886
6405   1357   2886
6409   2888   2889
6410   2035   2888
6412   2032   2888
6413   2025   2889
6415   2024   2889
6423   1178   2891
6439    950   2898
6442   2264   2898
6448   1221   2901
6457   1202   2904
6460   1915   2904
6490   2915   2916
6495    544   2915
6496   2826   2916
6512    375   2921
6514    378   2921
6545   2467   2930
6555   1214   2933
6581   2941   2942
6582   2161   2941
6583   2160   2941
6586   2153   2942
6665   1450   2966
6666   2967   2968
6668   2100   2967
6670   1529   2968
6674    161   2969
6676    162   2969
6710   2980   2981
6712   1815   2980
6720   2253   2982
6739   1674   2989
6742   2683   2989
6751    147   2992
6754    736   2994
6755    872   2994
6765   2930   2997
6771   2178   2999
6772   2180   2999
6773   1094   2999
6780   1122   3001
6781   3002   3003
6783   1904   3002
6784   1905   3002
6785   2161   3003
6787   2160   3003
6788   3004   3005
6789   2062   3004
6790   2533   3004
6791   1624   3004
6793   1617   3005
6827   3016   3017
6828     17   3016
6829      3   3016
6831    587   3017
6841   3020   3021
6842    566   3020
6843    586   3020
6845    850   3021
6846    853   3021
6847   2229   3021
6862   3026   3027
6864   1416   3026
6868   1430   3027
6897   1779   3036
6931     47   3048
6932     31   3048
6933     48   3048
6948    125   3053
6949   3001   3053
6955    813   3055
6957   1156   3055
6965   3058   3059
6968    453   3058
6969    497   3059
6971    510   3059
6986   3064   3065
6987   2756   3064
6988   1502   3064
6989   2121   3064
6990   1499   3065
6991   1508   3065
6992   2182   3065
7000   3068   3069
7001   1481   3068
7003   1702   3068
7004   3017   3069
7005   2425   3069
7006   1701   3069
7007   3070   3071
7008    185   3070
7009   2008   3070
7012   2288   3071
7013    175   3071
7038   1386   3079
7050   3084   3085
7052   2259   3084
7053   2889   3085
7083    794   3094
7091   3097   3098
7092    776   3097
7096   1489   3098
7105   3101   3102
7107   2694   3101
7110   2035   3102
7111   2561   3102
7121   3106   3107
7124    554   3106
7125    548   3107
7141   3113   3114
7143   2111   3113
7144   2119   3114
7146   3098   3113
7147   1656   3114
7186      9   3127
7188      0   3127
7192   2487   3128
7210   3134   3135
7213   2461   3134
7214   1174   3135
7215   2966   3135
7216   2045   3135
7217   3136   3137
7218   1742   3136
7221    903   3137
7222   2664   3137
7223   2740   3137
7250   2495   3145
7257   3094   3147
7258   1639   3147
7273   2221   3153
7276   2881   3153
7277   3154   3155
7279     77   3154
7281   1447   3155
7283   1530   3155
7290   1904   3157
7306   1703   3162
7307   1772   3162
7312   3164   3165
7314   2541   3164
7315   1883   3164
7316   1822   3165
7317   2540   3165
7318   1885   3165
7319   3166   3167
7321   2815   3166
7323   2143   3167
7348   1103   3174
7349   2221   3174
7393    681   3187
7395   3189   3190
7396   2882   3189
7397     87   3189
7399    968   3190
7401    300   3190
7402   3191   3192
7404   2758   3191
7406    260   3192
7413     55   3194
7415    462   3194
7433    850   3199
7436    686   3199
7443    976   3203
7446    979   3203
7466   3211   3212
7467   3190   3211
7468   2531   3211
7469    969   3211
7470   2732   3212
7471   2533   3212
7472    967   3212
7481   2063   3215
7487   3217   3218
7488    481   3217
7489    146   3217
7490    163   3217
7502   1317   3221
7503    480   3221
7504   1309   3221
7509   2402   3223
7510   1639   3223
7517   3226   3227
7520   2871   3227
7522   2994   3226
7523   2455   3227
7544   2716   3234
7549   2740   3235
7563   1450   3239
7564   1174   3239
7569   1386   3241
7570   1391   3241
7602   2014   3251
7638    924   3263
7641   1806   3263
7652   3268   3269
7653    124   3268
7656   1112   3269
7657    950   3269
7661   3107   3270
7667   1642   3272
7698   1532   3281
7699   3114   3281
7700    142   3281
7702   2143   3282
7704   2803   3282
7718   3287   3289
7720   1725   3287
7722   1884   3289
7723   1719   3287
7738   1559   3293
7758   3300   3301
7762   2505   3301
7763   1001   3301
7766   3185   3302
7767   1001   3302
7768   1762   3302
7798   1481   3312
7801    838   3312
7823   2008   3319
7835    430   3322
7858   2796   3331
7859    808   3331
7867    229   3333
7868   3334   3335
7869    872   3334
7870    863   3334
7872   3226   3335
7873    871   3335
7874   1293   3335
7876   3162   3336
7878   1736   3336
7893   3027   3341
7895   3085   3341
7899    306   3342
7917   3348   3349
7920   1330   3348
7921   1326   3349
7923   1375   3348
7924   1382   3349
7937   3355   3356
7939   1347   3355
7940   2182   3356
7942   2173   3355
7943   2121   3356
7957   1582   3361
7958   2709   3361
7959   3270   3361
7960   3362   3363
7961   1036   3362
7965   3001   3363
7966   1663   3363
7977   1001   3366
8003   3374   3376
8005    158   3374
8007   2110   3376
8010   1667   3376
8015   1521   3378
8038   3386   3387
8039   1439   3386
8043    531   3387
8044    429   3387
8045   3388   3389
8046   1528   3388
8047   3058   3388
8048   1521   3388
8049   3136   3389
8050   3235   3389
8051   1709   3389
8070   1861   3395
8071   1895   3395
8072   2038   3395
8074   2027   3396
8075   2561   3396
8076   2225   3396
8080   3398   3399
8081    783   3398
8082    678   3398
8083    769   3398
8085   1409   3399
8086   1854   3399
8087   3400   3401
8088   1080   3400
8089   1153   3400
8093   1077   3401
8108   3406   3407
8109   2366   3406
8110   2714   3406
8111    171   3406
8114   3070   3407
8125   1059   3410
8133   3155   3413
8135   1938   3413
8140   1964   3415
8141   2548   3415
8143   3416   3417
8144    764   3416
8146   2822   3416
8193   1405   3431
8194   3157   3431
8195   1401   3431
8199   2487   3432
8214    486   3437
8217   3438   3439
8219   1050   3438
8221    274   3439
8231   3442   3443
8232    679   3442
8234   2030   3442
8235    553   3443
8236   3199   3443
8237   2230   3443
8238   3444   3445
8240   1528   3444
8241   2586   3444
8242   1446   3445
8243   1525   3445
8244   1530   3445
8245   3446   3447
8246   2624   3446
8247   2933   3446
8248   2763   3446
8250    945   3447
8260   1148   3450
8261   1448   3450
8262   1153   3450
8269   1885   3452
8280   3194   3457
8283   1971   3457
8300   3463   3464
8301   3270   3463
8302    563   3463
8303    544   3463
8304   1582   3464
8306   2915   3464
8314   3467   3468
8315   1466   3467
8316   1325   3467
8318   3234   3468
8320   1440   3468
8323   3223   3469
8324   1642   3469
8340   3342   3474
8341   2833   3474
8342   3475   3476
8343   2106   3475
8344   3055   3475
8346    538   3476
8347    809   3476
8387   2074   3488
8401   1093   3492
8402   3157   3492
8403   1097   3492
8408   1570   3494
8427    298   3498
8460   2874   3510
8467   3094   3513
8469    629   3513
8473   3515   3516
8474    510   3515
8477   2122   3516
8478   2756   3516
8485   2826   3518
8486   2203   3518
8487   3519   3520
8488    671   3519
8489   2989   3519
8490    668   3519
8493    330   3520
8494   3521   3522
8495   2587   3521
8496   3349   3521
8497   1318   3521
8498   3444   3522
8499   3348   3522
8515   3527   3528
8516    795   3527
8520   1544   3528
8521    796   3528
8542   1279   3533
8567    285   3543
8569   2878   3543
8584   3548   3549
8586   3199   3548
8587    844   3548
8588    671   3549
8589   3442   3549
8590   2683   3549
8592    920   3550
8593   3410   3550
8594    924   3550
8598   3552   3553
8600   3180   3552
8602   1566   3553
8604   3437   3553
8605   3554   3555
8606    181   3554
8607   3263   3554
8608   2366   3554
8609    175   3555
8611   3407   3555
8638   3564   3566
8642   1854   3566
8645   2921   3566
8650   2882   3568
8653    973   3568
8657   3571   3572
8659   3269   3571
8662    471   3571
8663   3437   3572
8673   2486   3575
8674    353   3575
8682    876   3578
8683   3503   3578
8689   1724   3580
8691   1798   3580
8707    197   3585
8709   3071   3585
8721   3589   3591
8726      0   3589
8728   3417   3591
8752   1419   3600
8756   3601   3602
8757    562   3601
8758    295   3601
8761    297   3602
8762   2833   3602
8764    655   3603
8765   2495   3603
8766     46   3603
8774   2704   3606
8775   3153   3606
8776    289   3606
8782   3585   3608
8783    518   3608
8790   2845   3610
8791   3611   3612
8792    724   3611
8794   1136   3611
8795     31   3612
8796   2513   3612
8797   1663   3612
8812   3617   3618
8814    813   3617
8815    808   3617
8816   3336   3618
8817   1772   3618
8818   2436   3618
8823    894   3620
8826    885   3620
8828   3622   3623
8831   1130   3622
8832   1221   3623
8834   1214   3623
8849   3628   3629
8853   1287   3629
8855   1544   3629
8895   3642   3643
8896   1391   3642
8897    438   3642
8898    442   3642
8899     74   3643
8900    432   3643
8901    429   3643
8902   3644   3645
8905   3628   3644
8906   2014   3645
8907   2981   3645
8920   2146   3649
8921   1118   3649
8923   3650   3651
8924   2513   3650
8925   3048   3650
8929   2670   3651
8934   1510   3653
8950   1416   3658
8951   3027   3658
8969   3664   3665
8970   1328   3664
8971   1461   3664
8973   1325   3665
8974   2620   3665
8975   1323   3665
9019    321   3679
9020    152   3679
9021   2207   3679
9051   1904   3688
9054   3690   3691
9056    358   3690
9059   3128   3690
9070   3695   3696
9071   3218   3695
9072    488   3695
9073   1309   3695
9075   2982   3696
9076    419   3696
9092    929   3701
9105   3079   3704
9125   3712   3713
9126   3187   3712
9127   3107   3712
9128    666   3712
9130   3361   3713
9131    676   3713
9139   3716   3717
9140   1122   3716
9141   3653   3716
9142   2632   3716
9143   1118   3717
9150   3589   3719
9152   2796   3719
9153   3720   3721
9156   1800   3720
9157   1093   3721
9159   3003   3721
9203   3736   3737
9204     88   3736
9206     85   3736
9208    643   3737
9209    626   3737
9218   3378   3740
9219   3717   3740
9224   3742   3743
9227   2714   3742
9229   3319   3743
9230   3407   3743
9245   3748   3749
9246   1511   3748
9250    462   3749
9253   1885   3750
9255   1891   3750
9259   3752   3753
9260   2645   3752
9265   1989   3753
9270    911   3755
9272   2854   3755
9283   3759   3761
9285    365   3759
9287   1511   3761
9296   2283   3764
9299   3721   3764
9307   1304   3766
9309   3768   3769
9311   2502   3768
9313    913   3769
9314    900   3769
9334   3600   3775
9335   2916   3775
9336   1912   3775
9341   2745   3777
9342   3289   3777
9348   2507   3779
9349   2745   3779
9350    824   3779
9365   3784   3785
9366   1484   3784
9367   3494   3784
9368    163   3784
9369   2207   3785
9371    138   3785
9377   1249   3788
9396   3580   3792
9403   2981   3796
9406   3229   3796
9413    809   3799
9414    875   3799
9415   3800   3801
9418    913   3800
9419   2803   3801
9421   2308   3801
9422   3802   3803
9424   2846   3802
9426    419   3803
9427   3610   3803
9428   1309   3803
9436   3806   3807
9437   3649   3806
9438   3740   3806
9440   3622   3807
9441   1134   3807
9442   2901   3807
9475   3818   3819
9477   2989   3818
9478   3785   3818
9480   3520   3819
9481   2207   3819
9483   3820   3822
9488   2645   3820
9490   3753   3822
9507   3828   3829
9510    177   3828
9511    191   3829
9514    194   3829
9548   3841   3842
9549    485   3841
9550   3766   3841
9552   1484   3842
9554   2898   3842
9555   3843   3844
9556    867   3843
9557   3145   3843
9558    127   3843
9559    870   3844
9561    124   3844
9573    509   3848
9576   3322   3848
9585   3852   3853
9592   3854   3855
9593    700   3854
9594   3589   3854
9595   3503   3854
9597   3591   3855
9598   2203   3855
9623   3863   3865
9625   3084   3863
9627   2230   3865
9628   1815   3863
9630   2229   3865
9634   1022   3866
9660   1905   3873
9669   3005   3876
9695   3886   3887
9699    389   3887
9700   2982   3887
9701   2180   3887
9703    783   3888
9705   2763   3888
9722   2506   3893
9723   3894   3895
9725   2745   3894
9726    927   3894
9728   3289   3895
9755   3802   3903
9758    389   3903
9767    958   3906
9774   1499   3910
9777   3801   3910
9778   3911   3912
9779   3601   3911
9780   3498   3911
9781   2834   3911
9782    549   3912
9795   3192   3915
9798   2135   3915
9815   3922   3923
9817   1931   3922
9818   1795   3922
9819   1800   3923
9820   2160   3923
9821   1789   3923
9825   3334   3924
9839   2540   3929
9840    929   3929
9846   3931   3933
9848    655   3931
9850    651   3933
9853   1353   3933
9855   3934   3936
9857    813   3934
9859   2268   3936
9860   1772   3934
9862   2803   3936
9879   3942   3943
9880    266   3942
9882    260   3942
9883   1901   3943
9884   1835   3943
9885   1861   3943
9890   3319   3945
9892   3822   3945
9893   3946   3947
9894   2632   3946
9895   3564   3946
9896   1137   3946
9898   3566   3947
9899   1126   3947
9907   3950   3951
9908   2513   3950
9910   1409   3950
9911   3651   3951
9912   1227   3951
9913   2709   3951
9914   3952   3953
9915   3162   3952
9916   3755   3952
9919   3510   3953
9920   3036   3953
9926   1964   3955
9927   3166   3955
9929   3956   3958
9931   3575   3956
9933   1798   3958
9936   1724   3958
9945   2104   3961
9959   3552   3966
9960   3572   3966
9963    684   3967
9990   3975   3976
9991   3761   3975
9992   1971   3975
9993   1723   3975
9994   1511   3976
9996   3792   3976
10010   2621   3981
10025    240   3985
10026   1924   3985
10043   3991   3992
10044    950   3991
10045   3572   3991
10047   1484   3992
10048   3437   3992
10049   3494   3992
10057   3995   3996
10060    929   3995
10064   3550   3996
10083    838   4003
10088   3475   4005
10089   2778   4005
10090    813   4005
10091   4006   4007
10092    741   4006
10093   3226   4006
10094    865   4006
10095    739   4007
10096   3227   4007
10097   2058   4007
10098   4008   4009
10099    910   4008
10100   3931   4008
10102   1362   4009
10103   3933   4009
10104    657   4009
10105   4010   4011
10108   2461   4010
10109   2192   4011
10112   4012   4013
10114   3777   4012
10115   1891   4012
10117   3759   4013
10123   1867   4015
10124   3600   4015
10125   1424   4015
10152   3873   4024
10154   3922   4024
10158   4026   4027
10159   2858   4026
10160   3386   4026
10161    540   4026
10164    538   4027
10169   2043   4029
10170   3185   4029
10172   4030   4031
10173   3263   4030
10174   3820   4030
10175   3410   4030
10176   3555   4031
10177   3822   4031
10178   3743   4031
10180   4032   4034
10182    347   4032
10184   3956   4034
10185   1973   4032
10187   1723   4034
10210   4041   4043
10212     88   4041
10214   1989   4043
10215   3737   4041
10217    641   4043
10221   1772   4044
10224   2803   4044
10249   2779   4054
10250   1391   4054
10251   3079   4054
10252   4055   4056
10253   2517   4055
10254   3644   4055
10255   3229   4055
10256   3527   4056
10257   3629   4056
10260   4057   4059
10262   3073   4057
10264   1294   4059
10267   1288   4059
10275   4062   4063
10276   2401   4062
10278   1639   4062
10279   2812   4063
10281   2620   4063
10305   4071   4072
10306   1430   4071
10307   3085   4071
10308   2701   4071
10309   2269   4072
10310   2024   4072
10311   1580   4072
10313   2192   4073
10314   3893   4073
10315   2612   4073
10323   1168   4076
10325   3533   4076
10328   3748   4077
10329    365   4077
10337   3101   4080
10340   1104   4080
10348    125   4082
10351   4085   4086
10354   1795   4085
10355   4024   4086
10357   1798   4085
10358   3575   4086
10360   4088   4089
10361    103   4088
10362     91   4088
10363   3736   4088
10364   3608   4089
10366   1211   4089
10392   1221   4097
10395   2933   4097
10400    378   4099
10403   3779   4099
10408   4103   4104
10410    876   4103
10411   3895   4104
10414    923   4104
10415   4105   4106
10422   3543   4106
10446    890   4114
10455    322   4116
10458    769   4116
10461   4119   4120
10462   1472   4119
10463   1457   4119
10466   3981   4120
10470   3866   4121
10476    875   4123
10477   4114   4123
10478   3620   4123
10483   2043   4125
10484   4011   4125
10485   3893   4125
10496   4129   4130
10498      5   4129
10499   2870   4129
10500   3296   4130
10501   3127   4130
10502   2455   4130
10504   1532   4131
10510   4133   4134
10511    413   4133
10514   1102   4134
10515   3688   4134
10521    844   4136
10523   2683   4136
10524   4137   4138
10526   3873   4137
10528   2832   4138
10530   1045   4138
10552   4145   4146
10554   3378   4145
10555    453   4145
10556   3749   4146
10559   4147   4148
10560   1375   4147
10561   3136   4147
10562   1528   4147
10563   2886   4148
10564   2664   4148
10565   2968   4148
10566   4149   4150
10568   3378   4149
10569   1527   4149
10571   4146   4150
10572   1517   4150
10573   4151   4152
10574    909   4151
10575   3876   4151
10576   2845   4151
10577   3931   4152
10579    912   4152
10580   4153   4154
10581   1405   4153
10582   4138   4153
10583   3691   4153
10584   3157   4154
10585   3873   4154
10587   4155   4156
10588    185   4155
10589   3585   4155
10591   2670   4156
10593   2709   4156
10605   2466   4160
10606   2904   4160
10607   1867   4160
10612    739   4162
10613   3958   4162
10614   1797   4162
10622   4165   4166
10624   3509   4165
10625   3498   4165
10626   2860   4166
10628    312   4166
10647   4173   4174
10649    102   4173
10650   2883   4174
10652    520   4173
10653   2141   4174
10665   3268   4178
10668   3053   4178
10673   3413   4180
10676   1449   4180
10679   4183   4184
10680   3203   4183
10681   3568   4183
10682     87   4183
10685     88   4184
10693   4187   4188
10697    515   4188
10699   4089   4187
10700     91   4188
10704   4191   4192
10706   2967   4191
10711   4193   4194
10714   3331   4193
10717   3719   4193
10727   4198   4199
10728   3474   4198
10730   2860   4198
10731   2834   4199
10732   2652   4199
10733   4165   4199
10736   4201   4202
10738    232   4201
10741    365   4201
10742   4013   4202
10745   4204   4205
10750    958   4204
10751   4136   4205
10759   4208   4209
10760   3300   4208
10761   3395   4208
10762   1015   4208
10763   1001   4209
10764   2034   4209
10766   4210   4211
10767   2045   4210
10768   3301   4210
10769   3185   4210
10770   2966   4211
10784   3509   4215
10785   2981   4215
10786   3251   4215
10791   2207   4217
10792   3842   4217
10793   2306   4217
10794   4218   4219
10795   3167   4218
10797   3439   4218
10798   2815   4219
10799   3915   4219
10819   4226   4227
10821   3239   4226
10825   1178   4227
10833   4230   4231
10834   3218   4230
10835   2992   4230
10836   3696   4230
10837    162   4231
10839   2253   4231
10853    923   4236
10854   3866   4236
10855   1038   4236
10856   4237   4238
10857   3300   4237
10858   2997   4237
10859    991   4237
10860   2505   4238
10861   3871   4238
10863   4239   4240
10865   2881   4239
10867   1797   4240
10869   1792   4240
10871   4241   4243
10873    179   4241
10876   1406   4241
10878   3564   4243
10882   4029   4244
10885   1751   4244
10888   4247   4248
10890   4080   4247
10892   3764   4248
10899   2826   4250
10900   3600   4250
10905   1800   4251
10908   4239   4251
10917   4073   4254
10927   4259   4260
10929   4194   4259
10930   3799   4259
10931   3578   4260
10932   4193   4260
10938   3966   4262
10939   4105   4262
10940   4204   4262
10945   2303   4264
10947    563   4264
10950   3996   4265
10955   4267   4268
10956    202   4267
10957   3766   4267
10958    145   4267
10960   4217   4268
10961   3679   4268
10965   1532   4269
10968    148   4269
10976   2621   4273
10977   1843   4273
10984   2739   4275
10992   4278   4279
10993   3356   4278
10995   3848   4278
10996   2251   4279
10997   3753   4279
11000   4280   4282
11002    794   4280
11005   3981   4280
11007   1843   4282
11013   3322   4285
11016   2891   4285
11018    274   4286
11024   4288   4289
11025   2513   4288
11026   4241   4288
11027   1035   4288
11028   1663   4289
11029   4243   4289
11030   3362   4289
11031   4290   4291
11032   1106   4290
11033   4247   4290
11035   1102   4291
11036   3764   4291
11037   2285   4291
11038   4292   4293
11039   2486   4292
11040   4251   4292
11041   4024   4292
11042   3128   4293
11044   4154   4293
11046   4294   4296
11048    442   4294
11050   3241   4296
11051    531   4294
11053   3955   4296
11054   4297   4298
11055    392   4297
11056   4133   4297
11057   3768   4297
11058   3431   4298
11059   3688   4298
11060   1151   4298
11070   4302   4303
11073    477   4303
11075   1709   4302
11076   1999   4303
11090    362   4308
11093   2337   4308
11095   4310   4311
11096   2982   4310
11097   3553   4310
11098    487   4310
11099   3886   4311
11100   3180   4311
11101   2146   4311
11111   4315   4316
11113   4121   4315
11114    894   4315
11125   4319   4320
11126   3924   4319
11127   4280   4319
11128   3527   4319
11129    863   4320
11130   4282   4320
11131    803   4320
11154   3079   4326
11162   4202   4330
11168   3748   4332
11170   4145   4332
11172   3912   4333
11183   1901   4337
11186   2238   4337
11191   3580   4339
11204    835   4343
11205   4344   4345
11206   4120   4344
11207   3924   4344
11208   1472   4344
11209   3488   4345
11216   1938   4347
11218   4085   4347
11237   4354   4355
11240   3417   4354
11241   3432   4355
11243   2821   4354
11253   4359   4360
11255   3848   4359
11256    497   4359
11257   3945   4360
11258   4279   4360
11259   2096   4360
11274   2430   4365
11275   1249   4365
11285   4369   4370
11286   2428   4369
11287   4057   4369
11288   1244   4369
11289   1303   4370
11290   4059   4370
11291   1289   4370
11299   4373   4374
11300   3203   4373
11301   3272   4373
11302   1349   4373
11303   4184   4374
11305   1347   4374
11317   3866   4378
11318   4104   4378
11319   1719   4378
11323    576   4379
11326   3020   4379
11331   3704   4382
11332   2612   4382
11336   4384   4385
11337   4134   4384
11340   2285   4385
11342   4275   4385
11343   4386   4387
11346   3215   4386
11347   1070   4387
11349   1266   4386
11350   1265   4387
11352   4389   4390
11353    795   4389
11354   3513   4389
11358    644   4390
11359   4391   4392
11360   3653   4391
11361   4339   4391
11362   3792   4391
11363   3717   4392
11365   4149   4392
11366   4393   4394
11367   2753   4393
11369   4226   4393
11371   3831   4394
11372   1450   4394
11382   4398   4399
11383   2283   4398
11386   2942   4399
11387   4244   4399
11388   4125   4399
11413   4243   4406
11416   2507   4406
11419   4409   4410
11420   1114   4409
11421   4178   4409
11422   3571   4409
11425   3966   4410
11426   4411   4412
11427   3947   4411
11429   1134   4411
11430   2632   4412
11431   4332   4412
11432   3740   4412
11433   4413   4414
11434   3319   4413
11435   4191   4413
11437   3742   4414
11438   4192   4414
11439   1364   4414
11444    320   4416
11445   3828   4416
11451   4010   4418
11452   2186   4418
11458   4227   4420
11461   4421   4422
11462   4349   4421
11463   3796   4421
11464   3509   4421
11467   4166   4422
11468   4423   4424
11471   2455   4423
11474   3296   4423
11475   4259   4424
11477   4426   4427
11479    151   4426
11480   3218   4426
11481   1346   4427
11482    150   4427
11483    147   4427
11488    644   4429
11489   4043   4429
11490   3752   4429
11495   3293   4431
11498   4390   4431
11509   4436   4437
11510    202   4436
11511   4269   4436
11516   4438   4439
11517   1815   4438
11519   3796   4438
11520   2229   4439
11521   4379   4439
11522   4422   4439
11530   4442   4443
11532   4205   4442
11533   1571   4442
11534   2118   4443
11535   4136   4443
11536   2225   4443
11545   2297   4446
11547   4447   4449
11552   3145   4447
11554   1624   4449
11555   4450   4451
11556   3548   4450
11559    841   4451
11560   4003   4451
11562   4452   4453
11564   4265   4452
11566   3804   4453
11567   3995   4453
11568   3853   4453
11569   4454   4455
11570   3777   4454
11571   4099   4454
11572   3759   4454
11573   3287   4455
11575   3761   4455
11576   4456   4457
11577    202   4456
11580   3766   4457
11581   3788   4457
11582   1255   4457
11583   4458   4459
11584   4150   4458
11585   3792   4458
11586   4347   4458
11587   3749   4459
11588   3976   4459
11589   3457   4459
11590   4460   4461
11591    472   4460
11592   4339   4460
11594    470   4461
11595   4392   4461
11596    479   4461
11601    152   4463
11604    142   4463
11609   3296   4465
11612   4194   4465
11624   4471   4472
11625   4413   4471
11627   1361   4471
11628   2008   4472
11629   3961   4472
11631   4473   4474
11632   3961   4473
11634   3036   4473
11635   2308   4474
11636   4044   4474
11637   3952   4474
11638   4475   4476
11640   2855   4475
11641    655   4475
11642   3510   4476
11643   3755   4476
11644   4008   4476
11651     52   4477
11654   4480   4481
11656    442   4480
11657   3852   4480
11659    438   4481
11660   4452   4481
11661   4482   4483
11662   3967   4482
11663   4188   4482
11664    699   4482
11665    681   4483
11666   4187   4483
11667   3106   4483
11668   4484   4485
11671   2732   4484
11672    971   4485
11673   4385   4485
11674   2733   4485
11676   4486   4488
11680   2297   4488
11681   3819   4486
11683   2306   4488
11691   4491   4492
11692   3906   4491
11693   4486   4491
11694   4451   4491
11696   4488   4492
11706   4495   4497
11708   3452   4495
11711   1416   4495
11714   4498   4499
11716   4178   4498
11718   2878   4499
11719   4410   4499
11720   4105   4499
11721   4500   4501
11722    875   4500
11723   4424   4500
11725   4114   4501
11726   4423   4501
11727   2994   4501
11737   4505   4506
11738   3742   4505
11739   4236   4505
11740   1059   4505
11741   4192   4506
11742   4316   4506
11751   4509   4510
11752   2100   4509
11753   4471   4509
11754   2237   4509
11755   2097   4510
11756   3961   4510
11757   2308   4510
11758   4511   4512
11764   1070   4511
11767   4514   4515
11769   4032   4514
11771   1971   4515
11772   4034   4515
11773    353   4515
11778   1015   4517
11784    539   4519
11785   4294   4519
11786   3852   4519
11794   4517   4522
11797    996   4522
11799   4524   4525
11800    996   4524
11801   4517   4524
11803    978   4525
11807   3342   4526
11808   4522   4526
11809   2141   4526
11822   4531   4532
11823   1732   4531
11825      3   4531
11827   4465   4532
11851   2980   4538
11854   4541   4542
11857     46   4541
11858   3312   4542
11859   4343   4542
11871   4546   4548
11873   2821   4546
11875    721   4548
11876   4197   4546
11883    700   4550
11884   1973   4550
11885   3503   4550
11899   3333   4553
11934   4566   4567
11936    241   4566
11938   3073   4567
11939   1244   4567
11940   4456   4567
11946   4337   4569
11947   1835   4569
11956    617   4572
11957   4264   4572
11958    549   4572
11966   3400   4575
11969   1077   4575
11972    940   4577
11973   4097   4577
11974   1218   4577
11978   4579   4580
11979   2114   4579
11981   3955   4579
11984   3241   4580
11985   4581   4582
11988   3187   4581
11989    671   4582
11991    684   4581
11992   4450   4582
12022   3855   4593
12025    347   4593
12026   4594   4595
12028   4541   4594
12029   4498   4594
12030    958   4595
12031   4343   4595
12032   4105   4595
12034   3374   4596
12035   4463   4596
12036    161   4596
12044   3518   4599
12046   3701   4599
12050   3528   4600
12053    802   4600
12063   4605   4606
12065   4250   4605
12066   1430   4605
12067   1822   4606
12068   3452   4606
12069   3026   4606
12070   4607   4608
12071    686   4607
12072   4450   4607
12073   3967   4607
12074    848   4608
12075   4003   4608
12086   4612   4613
12089   2464   4612
12091   4285   4613
12092    509   4613
12093   4614   4615
12094   4538   4614
12095   3863   4614
12096   2701   4614
12097    298   4615
12098   3865   4615
12099    553   4615
12105   4273   4617
12106   4063   4617
12107   4618   4619
12108   3229   4618
12109   4349   4618
12110   3488   4618
12111   2517   4619
12138   4627   4629
12140    647   4627
12142   3363   4629
12143    131   4627
12145   3053   4629
12146   4630   4631
12149   2795   4630
12150   1732   4631
12152   2436   4630
12153   3336   4631
12155   4633   4634
12156    358   4633
12157    764   4633
12159   3432   4634
12160   3417   4634
12161   4593   4634
12167   4013   4637
12170   1971   4637
12171   4638   4639
12174   1416   4638
12175   3831   4639
12176   4553   4639
12177   4497   4639
12178   4640   4641
12181   3912   4640
12182   4215   4641
12183   4538   4641
12184   3498   4641
12186   4642   4644
12188   1676   4642
12190   1835   4644
12191   1667   4642
12193   1504   4644
12198   4472   4646
12199   3036   4646
12200   2874   4646
12201   4647   4648
12204   4260   4647
12206   3701   4648
12207    876   4648
12208   4649   4650
12209   3906   4649
12210   4204   4649
12211   3991   4649
12212   3818   4650
12213   4205   4650
12214   3494   4650
12216   4076   4651
12217   4431   4651
12226   2802   4654
12227   4184   4654
12228   1347   4654
12245   4660   4661
12246   4054   4660
12247   4326   4660
12248    438   4660
12249   2780   4661
12250   4651   4661
12256    803   4663
12259   4664   4665
12260    576   4664
12262    568   4664
12263   2071   4665
12265   4345   4665
12266   4666   4667
12268   4244   4666
12269   3302   4666
12270   4248   4667
12271   4398   4667
12272   3366   4667
12274   2694   4668
12276   4247   4668
12280   4670   4671
12281    862   4670
12282   4082   4670
12283    741   4670
12284   4339   4671
12286   1722   4671
12287   4672   4673
12288   4455   4672
12290   1510   4672
12291   4099   4673
12292   4406   4673
12293   3564   4673
12295   4665   4674
12296   1472   4674
12305    602   4677
12308   3166   4677
12310   4679   4680
12313    629   4679
12314    802   4680
12315   4446   4680
12316   4663   4680
12324   4683   4684
12326   4477   4683
12327   4612   4683
12328     71   4684
12330   4285   4684
12339   3322   4687
12344   3515   4689
12346   1134   4689
12347   4690   4691
12348   3333   4690
12349   4437   4690
12350   3831   4690
12352   4420   4691
12353   4393   4691
12354   4692   4693
12355    580   4692
12356   4379   4692
12357    568   4692
12359   4438   4693
12382   2311   4701
12385   4156   4701
12388   4703   4704
12390   2505   4703
12391   3893   4704
12393   3366   4703
12394   4398   4704
12411   4710   4711
12412   1742   4710
12413   4302   4710
12414   3802   4710
12415   1382   4711
12416   4303   4711
12417   3221   4711
12418   4712   4713
12419   3650   4712
12420   2493   4712
12421   1035   4712
12422   2670   4713
12423   4646   4713
12424    185   4713
12438   4647   4716
12450   4722   4723
12451   3017   4722
12452   4387   4722
12454    586   4723
12455   4386   4723
12456    576   4723
12466   4727   4728
12467   1529   4727
12469   3058   4727
12470   2967   4728
12472    497   4728
12487   4733   4734
12491   1671   4734
12493   2969   4733
12494   3374   4734
12496   4736   4737
12498   3967   4736
12499   1207   4736
12501   4608   4737
12502   1619   4737
12503   4738   4739
12504    643   4738
12505   4679   4738
12506    626   4738
12507   1209   4739
12508   4446   4739
12509   4736   4739
12511   3799   4740
12512   4716   4740
12513   3476   4740
12530   1294   4746
12535   4748   4749
12536   4566   4748
12537   4553   4748
12538   3985   4748
12539   3073   4749
12540   4638   4749
12541   4746   4749
12553   4754   4755
12556   2612   4755
12558   2779   4754
12559   3704   4755
12567   4758   4759
12568   4679   4758
12569   4600   4758
12570   4389   4758
12571    641   4759
12573    644   4759
12581   4762   4763
12582   1924   4762
12583   4746   4762
12584   3628   4762
12585   3164   4763
12587   3645   4763
12588   4764   4765
12591   3401   4764
12592   3450   4765
12595   2832   4765
12597   4767   4768
12599   4546   4767
12600   3543   4767
12601     48   4768
12602   4548   4768
12603     33   4768
12604   4769   4770
12605   4209   4769
12606   4668   4769
12607   3366   4769
12608   4524   4770
12621   1765   4773
12624   4666   4773
12632   1795   4778
12635   1789   4778
12636   4779   4780
12637   3603   4779
12638   4447   4779
12639   4541   4779
12640   2062   4780
12641   4449   4780
12642   3312   4780
12644   4431   4781
12646   2517   4781
12650   4783   4784
12651   1353   4783
12652   4152   4783
12653   1380   4783
12655   3876   4784
12656   1377   4784
12657   4785   4786
12658   1345   4785
12659   4654   4785
12660   3568   4785
12661   2109   4786
12662   2800   4786
12663   2883   4786
12671   4789   4790
12672   3953   4789
12673   4631   4789
12675   1775   4790
12676   4630   4790
12678   4791   4792
12679   2704   4791
12680   4355   4791
12681      9   4791
12682   4197   4792
12683   4354   4792
12684      0   4792
12692   2428   4794
12694   4796   4797
12695   4486   4796
12696   4582   4796
12697   3520   4796
12698   2003   4797
12699   4581   4797
12700    324   4797
12712   3800   4801
12714   3936   4801
12716   1624   4802
12718   1619   4802
12729    940   4805
12749   4813   4814
12750   1181   4813
12752   1184   4813
12753   2891   4814
12754   4687   4814
12755   2780   4814
12756   4815   4816
12759   1261   4815
12760   2827   4816
12762   4484   4815
12763   4384   4816
12765   4818   4819
12768    432   4818
12769   1525   4819
12770   4727   4819
12772   4820   4821
12773   4080   4820
12775   3174   4820
12776   4248   4821
12777   4773   4821
12778   3720   4821
12779   4822   4823
12780   4437   4822
12781   4503   4822
12782   4420   4822
12783   4269   4823
12786   4824   4825
12787   3719   4824
12788   4465   4824
12789      0   4824
12790   2795   4825
12791   4531   4825
12792   4197   4825
12801   2933   4828
12802   4805   4828
12803    945   4828
12808   4512   4830
12809   4674   4830
12810   4114   4830
12821   4834   4835
12822   1329   4834
12823   1446   4834
12824   3522   4834
12825   1325   4835
12826   3468   4835
12827   1330   4835
12828   4836   4837
12829   2143   4836
12830   4677   4836
12831    606   4836
12832   2778   4837
12837   4839   4840
12839    353   4839
12840   3457   4840
12842   4086   4839
12843   4347   4840
12844   4841   4842
12845   4818   4841
12847    429   4841
12848   1445   4842
12850   3386   4842
12852   4384   4843
12854   2827   4843
12867   4848   4849
12868     46   4848
12869   4627   4848
12870     47   4848
12871   4498   4849
12872   4629   4849
12873     31   4849
12877   1037   4850
12880   3362   4850
12883   4853   4854
12884   4137   4853
12885   4765   4853
12886   4180   4853
12887   1905   4854
12888   4764   4854
12894   4302   4856
12897   2146   4856
12899   4858   4859
12903   3194   4859
12904   4637   4859
12905   4330   4859
12907   4860   4862
12909     55   4860
12911   4858   4862
12912     64   4860
12915   4863   4864
12918   1287   4863
12919   4693   4864
12921   4056   4863
12922   3229   4864
12931   4868   4869
12932    739   4868
12934   2455   4868
12936    700   4869
12937   3127   4869
12947   4873   4874
12950   3995   4873
12951    920   4874
12953   4648   4873
12954   4103   4874
12957   1168   4876
12958   1279   4876
12959   4754   4876
12978   4882   4884
12980   1964   4882
12982   3167   4884
12983   1965   4882
12985   2268   4884
12990   2738   4886
12991   4704   4886
12992   4254   4886
12997   4716   4888
12998   4873   4888
12999   3853   4888
13000   4889   4890
13001    482   4889
13003   4460   4889
13004   1797   4890
13005   4778   4890
13006   1798   4890
13007   4891   4892
13008   3355   4891
13009   4813   4891
13011   4278   4892
13012   4687   4892
13013   3752   4892
13014   4893   4894
13015   4187   4893
13018   3608   4894
13019   4701   4894
13021   4895   4896
13023   4858   4895
13025   4514   4896
13026   4637   4896
13027   1891   4896
13032    977   4898
13035   4484   4898
13046   4903   4904
13047   4133   4903
13048   4816   4903
13049   2502   4903
13051   4815   4904
13052   2501   4904
13053   4905   4906
13054   1616   4905
13055   3272   4905
13056    979   4905
13058    627   4906
13059   1622   4906
13065   3552   4909
13068   2463   4909
13070   2127   4910
13071   4526   4910
13072   3474   4910
13082   3128   4912
13085   4915   4916
13086   4345   4915
13087   4864   4915
13088    568   4915
13089   3924   4916
13090   4863   4916
13091   1293   4916
13093   4917   4919
13095   3234   4917
13097   1466   4919
13100   4273   4919
13102   1226   4920
13103   4805   4920
13104   3691   4920
13108   4922   4923
13111   3016   4922
13112   4129   4923
13114   4532   4922
13115   3296   4923
13117   4925   4926
13118    515   4925
13119   4173   4925
13120     91   4925
13121    306   4926
13122   4174   4926
13123   3189   4926
13128   2846   4928
13131   3768   4928
13136   1216   4930
13139   1217   4930
13142   4933   4934
13145    285   4933
13146   1101   4934
13147   4909   4934
13158   4938   4939
13159   2992   4938
13160   4734   4938
13161   2289   4938
13162   4231   4939
13163   4733   4939
13164   1100   4939
13165   4940   4941
13167   4754   4940
13168   1174   4940
13169   3871   4941
13170   4755   4941
13171   2506   4941
13176      3   4943
13179   4197   4943
13181   4945   4946
13182   4406   4945
13183   4850   4945
13184   1022   4945
13185   4672   4946
13187   1719   4946
13188   4947   4948
13189   4904   4947
13190   4898   4947
13191   3610   4947
13192    413   4948
13194    419   4948
13200   2162   4951
13208   1044   4953
13209   4862   4953
13213   4955   4956
13215   1151   4955
13216   4764   4956
13218   3688   4955
13219   3002   4956
13220   4957   4958
13221   3886   4957
13222   4856   4957
13223   3903   4957
13224   1216   4958
13239    950   4962
13242   3906   4962
13245   4965   4966
13246   4843   4965
13247   4955   4965
13248   1076   4965
13249   4951   4966
13250   4956   4966
13251   3401   4966
13256   4477   4968
13258   2753   4968
13280   4514   4976
13283   4895   4976
13284   4977   4978
13285   4137   4977
13286   4839   4977
13287   1046   4977
13288   3413   4978
13289   4840   4978
13290     77   4978
13291   4979   4980
13292   3653   4979
13293   4946   4979
13294   4671   4979
13295   3001   4980
13296   4850   4980
13297   4082   4980
13323   4989   4990
13324   1765   4989
13325   4811   4989
13326   4794   4989
13327   4240   4990
13329   1996   4990
13355   4999   5000
13356   4934   4999
13358   3180   4999
13359   2999   5000
13360   4930   5000
13361   3886   5000
13374   4647   5005
13377   3331   5005
13378   5006   5007
13379   4572   5006
13381   4333   5006
13383   5005   5007
13384   4599   5007
13385   5008   5009
13386   4512   5008
13387   4575   5008
13389   4123   5009
13391    809   5009
13392   5010   5011
13395    577   5010
13396   1300   5011
13398   1303   5010
13399   1288   5011
13417   5018   5019
13420   1076   5018
13421   1151   5019
13423   1156   5018
13426   5021   5022
13427   4830   5021
13428   4923   5021
13429   4664   5021
13430   4511   5022
13431   4922   5022
13432   4722   5022
13436    996   5023
13439    968   5023
13453    606   5029
13456   3282   5029
13490   5041   5042
13491   1070   5041
13493   3215   5041
13494   4843   5042
13495   4951   5042
13496   4275   5042
13506   5046   5047
13507   1460   5046
13509   4119   5046
13510   1328   5047
13513   5048   5049
13514   3806   5048
13515   4856   5048
13516   1709   5048
13517   2901   5049
13518   4958   5049
13519   3235   5049
13536   5055   5056
13539   2266   5055
13540   4492   5056
13541   4962   5056
13542   2264   5056
13547   3113   5058
13549   3097   5058
13550   5059   5060
13551   4801   5059
13552   5019   5059
13553   3769   5059
13554   3934   5060
13555   5018   5060
13556   1577   5060
13568   5065   5066
13570    191   5065
13573   1804   5065
13574    238   5066
13578   1080   5067
13581   5008   5067
13584   5070   5071
13585   1867   5070
13587   4633   5070
13589   4976   5071
13590   4593   5071
13598   5074   5075
13601   4316   5074
13602   1440   5075
13604   4192   5074
13605   2968   5075
13607   5077   5078
13608   4594   5077
13609   4962   5077
13610   3268   5077
13611   4447   5078
13612   5055   5078
13613   3844   5078
13630   5084   5085
13631   4355   5084
13632   4912   5084
13633    284   5084
13634   3606   5085
13636   4933   5085
13637   5086   5087
13638   3106   5086
13639   4893   5086
13640    562   5086
13641   3270   5087
13642   4701   5087
13643    563   5087
13644   5088   5089
13645   2886   5088
13646   5075   5088
13647   3234   5088
13648   1364   5089
13649   5074   5089
13655   1148   5091
13658   1155   5091
13660   5093   5094
13661   4511   5093
13662   5067   5093
13663   1068   5093
13664   4532   5094
13666   1736   5094
13699   5105   5106
13700   3026   5105
13701   4746   5105
13703   1822   5106
13704   4763   5106
13705   2980   5106
13706   5107   5108
13707    300   5107
13708   5023   5107
13709   3342   5107
13710    308   5108
13712   2860   5108
13714   5109   5111
13716   3750   5109
13718   2203   5111
13719   3452   5109
13721   4250   5111
13722   5112   5113
13723   1563   5112
13724   5065   5112
13725   4759   5112
13727   5066   5113
13728   4600   5113
13761   5124   5125
13762   3191   5124
13763   3915   5124
13765   1508   5125
13766    514   5125
13785    627   5131
13787   3272   5131
13800   5136   5137
13801    392   5136
13802   4928   5136
13803   3903   5136
13804   1218   5137
13806   4958   5137
13807   5138   5139
13808   5131   5138
13809   4374   5138
13810   4041   5138
13812   4891   5139
13813   4429   5139
13819   2796   5142
13822   5007   5142
13823   5143   5144
13824   5124   5143
13825   4218   5143
13826   4286   5143
13827   5125   5144
13828   3282   5144
13829   3910   5144
13835    742   5147
13838   1717   5147
13839   5148   5149
13840   2704   5148
13841   4943   5148
13842     17   5148
13843    289   5149
13845    845   5149
13846   5150   5151
13849   3956   5150
13850   2486   5151
13852    347   5150
13853   3432   5151
13855   5153   5154
13856   4365   5153
13857   4794   5153
13858   1751   5153
13859   2460   5154
13861   4029   5154
13862   5155   5156
13863    289   5155
13864   4933   5155
13865   4106   5155
13866   4442   5156
13867   4909   5156
13868   4262   5156
13869   5157   5158
13870   4811   5157
13871   5011   5157
13872   2223   5157
13873   4990   5158
13874   5010   5158
13875   2881   5158
13885   5162   5163
13889   4286   5163
13891   3942   5162
13892   3191   5163
13903   5168   5169
13904   3376   5168
13905   5058   5168
13907   4596   5169
13909    782   5169
13913    763   5170
13916   4828   5170
13919   5173   5174
13920   1504   5173
13921   5163   5173
13922   2624   5173
13923   1835   5174
13924   5162   5174
13925   3447   5174
13926   5175   5176
13927    514   5175
13928   5029   5175
13930    518   5176
13932   4894   5176
13949   5182   5183
13950   4767   5182
13951   4943   5182
13953   4106   5183
13954   5149   5183
13955   4343   5183
13956   5184   5185
13957   4044   5184
13958   5029   5184
13959   1769   5184
13960   4473   5185
13961   5176   5185
13962   1779   5185
13963   5186   5187
13964   4882   5186
13965   5091   5186
13966   2548   5186
13967   4884   5187
13969   3439   5187
13978   3853   5190
13979   5191   5192
13980    971   5191
13981   4898   5191
13982    973   5191
13983   2289   5192
13984   4948   5192
13985   2992   5192
13986   5193   5194
13987   2916   5193
13989   3416   5193
13990   3518   5194
13991   5142   5194
13992   3591   5194
13993   5195   5196
13994   2652   5195
13996   2834   5195
13997   3804   5196
13998   5190   5196
13999   4333   5196
14029   3620   5204
14032   5207   5208
14035   2759   5207
14036   3192   5208
14038   2883   5207
14039   2141   5208
14051   3664   5213
14053   1326   5213
14057   5215   5216
14059   5109   5215
14060   4895   5215
14061   4015   5216
14062   5111   5216
14063   5071   5216
14074   5220   5222
14076   3644   5220
14078   2014   5222
14079   4781   5220
14082   5223   5224
14083   3293   5223
14084   5220   5223
14085   1549   5223
14086   4265   5224
14087   5222   5224
14089   5225   5226
14090    913   5225
14091   4928   5225
14092    903   5225
14094   5137   5226
14095   2740   5226
14112   5232   5233
14113   5019   5232
14114   5091   5232
14115   1147   5232
14116   4801   5233
14117   5187   5233
14118    947   5233
14128   5237   5238
14129   4517   5237
14130   5208   5237
14131   1862   5237
14132   4525   5238
14133   5207   5238
14134   1666   5238
14146    885   5242
14149   4919   5242
14152   5244   5246
14154   4605   5244
14156   2826   5246
14157   1822   5244
14165   1350   5249
14168   2171   5249
14169   5250   5251
14170   4194   5250
14171   5094   5250
14172   3617   5250
14173    809   5251
14174   5067   5251
14175   3055   5251
14177   5252   5254
14181   4481   5254
14182   3410   5252
14184   4265   5254
14185   5255   5256
14188   3251   5255
14189   2540   5256
14191   3804   5255
14192    929   5256
14204   2588   5260
14207   1883   5260
14213   3174   5263
14216   3153   5263
14219   5266   5267
14220   4296   5266
14221   5195   5266
14222   4677   5266
14223   4519   5267
14224   5190   5267
14225   4837   5267
14226   5268   5269
14227   1457   5268
14228   5204   5268
14229   3467   5268
14230   1460   5269
14232   1324   5269
14249   5275   5276
14250   4293   5275
14252   3492   5275
14253   4251   5276
14254   5263   5276
14255   3720   5276
14256   5277   5278
14257   4920   5277
14258   5170   5277
14259   3690   5277
14260   1217   5278
14262   4912   5278
14263   5279   5280
14264   3578   5279
14266   4424   5279
14267   4550   5280
14268   5147   5280
14269   4868   5280
14271    867   5281
14272   5242   5281
14273    872   5281
14277   5283   5284
14280    266   5283
14281   3438   5284
14283   5162   5283
14284    274   5284
14286   5286   5287
14288   5278   5286
14289    284   5286
14290    722   5287
14291   5170   5287
14292    719   5287
14293   5288   5289
14294   4012   5288
14295   1885   5288
14296   5260   5288
14297   4202   5289
14298   4497   5289
14323   5297   5298
14324   4538   5297
14325   5244   5297
14326   2701   5297
14327   4640   5298
14328   5246   5298
14329    544   5298
14338   1450   5301
14343   3239   5303
14346   4940   5303
14348   5305   5306
14349   5151   5305
14350      9   5305
14351   4239   5305
14352   5150   5306
14353   4869   5306
14354   4162   5306
14355   5307   5308
14358   1112   5307
14359    483   5308
14361    865   5307
14362   2057   5308
14367   3871   5310
14370   4580   5310
14374   3820   5313
14375   5252   5313
14380   5315   5316
14381   1386   5315
14382   5310   5315
14383   3704   5315
14384   4198   5316
14388   3658   5317
14390   1421   5317
14394   5319   5320
14395   5085   5319
14396   5263   5319
14397   1101   5319
14398   4912   5320
14399   5275   5320
14400   1097   5320
14401   5321   5322
14402   4805   5321
14403   5284   5321
14405    945   5322
14406   5283   5322
14407   2904   5322
14421   2624   5327
14424   4097   5327
14426   5329   5330
14427   4553   5329
14428   5289   5329
14429    232   5329
14430   3985   5330
14431   5260   5330
14432    243   5330
14450   5336   5338
14452    260   5336
14454   4219   5338
14455    991   5336
14457   2114   5338
14458   5339   5340
14459   4599   5339
14460   5256   5339
14461   5246   5339
14462   4333   5340
14463   5255   5340
14464   4640   5340
14465   5341   5342
14466   4503   5341
14469   4823   5342
14470   5249   5342
14471    143   5342
14511   5355   5356
14514   4651   5355
14515   4326   5356
14517   4781   5355
14545   5366   5367
14547    430   5366
14548   4359   5367
14550   4818   5366
14551   4728   5367
14552   5368   5369
14553   2930   5368
14554   5336   5368
14555    266   5368
14557   5338   5369
14558   3438   5369
14559   5370   5371
14561   5366   5370
14562   5313   5370
14563   4191   5371
14564   5367   5371
14565   3945   5371
14568   5373   5374
14570    324   5373
14571   2003   5374
14573   4416   5373
14574   3829   5374
14575   5375   5376
14576   1255   5375
14577   5308   5375
14578   3841   5375
14579   2262   5376
14580   5307   5376
14581   2898   5376
14584   5378   5379
14586   4674   5378
14587   2071   5379
14589   4512   5378
14590   5041   5379
14591   5380   5381
14592   1924   5380
14593   3628   5380
14594   1549   5380
14595    240   5381
14596   1544   5381
14597   5113   5381
14607   5385   5386
14610   4003   5385
14611   4449   5386
14613   4737   5385
14614   4802   5386
14619   1046   5388
14622   4862   5388
14625   5391   5392
14629   2162   5392
14631   5047   5391
14634   5394   5395
14637   1939   5394
14638   1931   5395
14640   4180   5394
14641   4854   5395
14653     48   5399
14656   4789   5399
14672   5066   5406
14673   5374   5406
14674   2298   5406
14691   5412   5413
14692   1077   5412
14693   5378   5412
14694   5046   5412
14695   4951   5413
14696   5379   5413
14697   5392   5413
14698   5414   5415
14699   4475   5414
14701     46   5414
14702   3510   5415
14703   5399   5415
14704     47   5415
14705   5416   5417
14706    515   5416
14708   4893   5416
14709    520   5417
14711   5175   5417
14721   5421   5422
14722   5070   5421
14724    358   5421
14725   4976   5422
14726   5388   5422
14727    353   5422
14753   5431   5432
14754   1336   5431
14755   5395   5431
14757   1329   5432
14758   5394   5432
14759   1318   5432
14768   5435   5437
14770   2921   5435
14772   4411   5437
14773   4308   5435
14775   4689   5437
14776   5438   5439
14777   4349   5438
14778   5356   5438
14779   4382   5438
14780   4619   5439
14781   5355   5439
14782   3533   5439
14783   5440   5441
14785   5435   5440
14786   4077   5440
14787   2464   5441
14788   5437   5441
14789   4332   5441
14790   5442   5443
14791   3602   5442
14792   5416   5442
14793    562   5442
14794    602   5443
14795   5417   5443
14796    606   5443
14797   5444   5445
14798   4575   5444
14799   5269   5444
14800   2858   5444
14801   5009   5445
14802   5204   5445
14803   4027   5445
14804   5446   5447
14805   4663   5446
14806   5386   5446
14807   5055   5446
14808   4446   5447
14809   5385   5447
14810   4492   5447
14816   2740   5450
14819   2094   5450
14820   5451   5452
14821   2074   5451
14822   5392   5451
14823   4254   5451
14825   5391   5452
14826   2192   5452
14827   5453   5454
14830   1894   5453
14831   2997   5454
14833   1895   5453
14834   3300   5454
14838   5457   5458
14840    947   5457
14841   3800   5458
14843   4577   5457
14844   5226   5458
14848   1044   5459
14851   2930   5459
14861   5464   5465
14862   4211   5464
14863   5454   5464
14864   5301   5464
14866   5453   5465
14867   5317   5465
14877   5469   5470
14878   2756   5469
14880   5327   5469
14881   1499   5470
14882   5450   5470
14884   5471   5472
14885   1050   5471
14886   5369   5471
14887   5459   5471
14888   3415   5472
14889   4579   5472
14900   5476   5477
14901   1762   5476
14902   4773   5476
14903   4811   5476
14904   3102   5477
14905   4820   5477
14906   2223   5477
14933   3852   5485
14936    538   5485
14951    229   5491
14962   1249   5496
14966   5497   5498
14967   3515   5497
14968   5469   5497
14969   2901   5497
14970   3059   5498
14971   5450   5498
14972   3235   5498
14994   4617   5506
14997   1843   5506
14998   5507   5508
14999   2425   5507
15000   5399   5507
15001   5182   5507
15002   3068   5508
15003   5414   5508
15004   4542   5508
15037   5519   5520
15038   5327   5519
15039   5457   5519
15040   4286   5519
15041   5470   5520
15042   5458   5520
15043   3910   5520
15060   5526   5527
15061   4116   5526
15063    362   5526
15064   4131   5527
15065   5491   5527
15066   2337   5527
15072   3831   5530
15075   2966   5530
15092   5536   5537
15095   1352   5536
15096   5089   5537
15098    648   5536
15099   4917   5537
15122   5496   5545
15123   4010   5545
15124   5546   5547
15125   1624   5546
15127   3005   5546
15128   3145   5547
15129   5506   5547
15147   5553   5554
15148    877   5553
15150   4874   5553
15151   4740   5554
15152   5485   5554
15153   4888   5554
15266   5590   5591
15269   3073   5590
15271   5530   5591
15272   4638   5591
15274   5242   5592
15275   5537   5592
15276   4315   5592
15372   4842   5622
15375   4027   5622
15385   5627   5628
15386    894   5627
15388   4316   5627
15389   5204   5628
15390   5622   5628
15391   1440   5628
15394   5630   5631
15396   4668   5630
15397   4290   5631
15399   4770   5630
15400   2285   5631
15413   2153   5636
15417   5637   5638
15418    484   5637
15420    482   5637
15421   5496   5638
15422   5636   5638
15423   4365   5638
15424   5639   5640
15425    479   5639
15426   5637   5639
15427   4889   5639
15428   2000   5640
15429   5636   5640
15430   4778   5640
15445    484   5646
15448   5496   5646
15458   5650   5651
15459   4968   5650
15461   4684   5650
15462   4226   5651
15464   2891   5651
15494   5303   5661
15495   2779   5661
15496   5651   5661
15500   1424   5662
15503   5215   5662
15513   5667   5668
15516   4238   5667
15519    991   5667
15520   4522   5668
15522   5670   5671
15523   4910   5670
15524   5668   5670
15525   5316   5670
15526   2114   5671
15527   5667   5671
15528   5310   5671
15529   5672   5673
15530   5341   5672
15532    151   5672
15533   3788   5673
15534   5646   5673
15535   1304   5673
15537   4495   5674
15538   5662   5674
15539   5317   5674
15543   5676   5677
15544   4525   5676
15545   5630   5676
15546   1671   5676
15547    971   5677
15548   5631   5677
15549   2289   5677
15554   4858   5679
15555   5662   5679
15556   4953   5679
15557   5680   5681
15560   1104   5680
15561   2222   5681
15563   3101   5680
15564   3396   5681
15566   5683   5684
15567   1668   5683
15568   5681   5683
15569   2969   5683
15570   2692   5684
15571   5680   5684
15572   4733   5684
15591   5691   5692
15594   5341   5691
15595   3469   5692
15597   5249   5692
15620   1181   5700
15621   5692   5700
15622   1184   5700
15630   5703   5704
15633   2733   5703
15634   1266   5704
15636   5023   5703
15637   5108   5704
15639   5706   5707
15641   5704   5706
15642   3215   5706
15644   5703   5707
15645   4275   5707
15647   5708   5710
15649   5190   5708
15651   4716   5710
15652   5006   5708
15654   5005   5710
15662   5713   5714
15663    617   5713
15664   5708   5713
15665   4837   5713
15666    808   5714
15667   5710   5714
15668   4005   5714
15671   5716   5717
15673   4784   5716
15674   5547   5717
15676   1353   5716
15677    651   5717
15683   5213   5720
15686   5545   5720
15692    177   5723
15695    375   5723
15696   5724   5725
15697   2716   5724
15698   5716   5724
15699   2812   5724
15700   4917   5725
15701   5717   5725
15702   4617   5725
15703   5726   5727
15704   5672   5726
15707   5646   5727
15708   5720   5727
15709   1317   5727
15719   5731   5732
15720   5491   5731
15723   5526   5732
15724   5723   5732
15725   4416   5732
15729   4906   5733
15732   4802   5733
15735   5736   5737
15736   5546   5736
15737   5733   5736
15738   1616   5736
15739   5506   5737
15741   4062   5737
15742   5738   5739
15743    232   5738
15744   5731   5738
15745    243   5738
15746    378   5739
15747   5723   5739
15748    824   5739
15752   1377   5740
15755   2401   5740
15758   5743   5744
15759   5691   5743
15760   5726   5743
15761   3223   5743
15762   4418   5744
15763   5720   5744
15764   1461   5744
15765   5745   5746
15766   4282   5745
15767   5737   5745
15768   3094   5745
15769   4663   5746
15770   5733   5746
15771    629   5746
15772   5747   5748
15773   3871   5747
15775   5303   5747
15776   2997   5748
15778   5301   5748
15784   4477   5751
15787   2753   5751
15788   5752   5753
15789   4201   5752
15791   4077   5752
15792   4330   5753
15793   5751   5753
15794    462   5753
15799   3488   5755
15802   4120   5755
15804   5757   5758
15805    977   5757
15807   3610   5757
15808   1617   5758
15809   5740   5758
15810   3876   5758
15815   1227   5760
15818    721   5760
15820   5762   5763
15823   2120   5762
15824   2171   5763
15826   4613   5762
15827   1178   5763
15830   5765   5767
15832   5301   5765
15834   5674   5767
15837   5679   5767
15838   5768   5769
15839   5047   5768
15840   5755   5768
15841   5452   5768
15842   1461   5769
15844   2186   5769
15845   5770   5771
15846   4420   5770
15847   5763   5770
15848   4823   5770
15850   5762   5771
15851   1657   5771
15853   5772   5774
15855    794   5772
15857   3147   5774
15858   4619   5772
15860   3533   5774
15861   5775   5776
15862   5755   5775
15863   5772   5775
15864   3981   5775
15865   5769   5776
15866   5774   5776
15867   1459   5776
15877   5780   5781
15878   5740   5780
15880   1317   5780
15881   5757   5781
15883   1309   5781
15893   5785   5786
15894   2753   5785
15895   5765   5785
15896   4394   5785
15897   4330   5786
15898   5767   5786
15899   4497   5786
15900   5787   5788
15901   5726   5787
15902   2402   5787
15903   5780   5787
15904   4426   5788
15905   1346   5788
15906   5781   5788
15907   5789   5790
15908   5193   5789
15909   5760   5789
15910   3464   5789
15911   5142   5790
15913   4264   5790
15917   4566   5791
15920    202   5791
15928   5706   5796
15931   2860   5796
15932   5797   5798
15933   4349   5797
15935   2074   5797
15936   4422   5798
15937   5796   5798
15938   2063   5798
15939   5799   5800
15940   4436   5799
15941   5791   5799
15942   3333   5799
15943   4131   5800
15945   5491   5800
15955   5804   5805
15956   4382   5804
15957   5797   5804
15958   4254   5804
15959   5316   5805
15960   5796   5805
15974   5459   5810
15977   5748   5810
15983   2942   5813
15986   4011   5813
15987   5814   5815
15988   4968   5814
15990   4860   5814
15991   5765   5815
15992   5810   5815
15993   4953   5815
15994   5816   5817
15995   1328   5816
15997   5431   5816
15998   5391   5817
15999   5813   5817
16000   2941   5817
16006   2313   5820
16009    241   5820
16010   5821   5822
16011   5800   5821
16013    321   5821
16014   5791   5822
16015   5820   5822
16016   4268   5822
16017   5823   5824
16018   5213   5823
16019   5816   5823
16020   1318   5823
16021   5545   5824
16022   5813   5824
16023   5636   5824
16029   3888   5827
16032   3447   5827
16034   5828   5830
16036   5169   5828
16038   4463   5830
16039   5058   5828
16041   3281   5830
16042   5831   5832
16043   4116   5831
16044   5828   5831
16045    332   5831
16046   4131   5832
16047   5830   5832
16048    321   5832
16049   5833   5834
16050   5731   5833
16051   5821   5833
16052   5373   5833
16053    238   5834
16054   5820   5834
16055   5406   5834
16060   1913   5836
16061   5827   5836
16068   4580   5839
16071   5747   5839
16075   1409   5840
16078   2709   5840
16081   5843   5844
16082   3187   5843
16084    320   5843
16085   3713   5844
16086   5840   5844
16087    678   5844
16088   5845   5846
16091    783   5845
16092    676   5846
16095   2522   5846
16097   5848   5849
16100   2652   5848
16101   3804   5849
16103   4326   5848
16104   4452   5849
16110   4569   5852
16111   5845   5852
16112   5827   5852
16113   5853   5854
16114   5814   5853
16117   5810   5854
16118   5839   5854
16119   5472   5854
16120   5855   5856
16121   5650   5855
16122   5853   5855
16123     74   5855
16124   5661   5856
16125   5839   5856
16126   1391   5856
16143   5862   5863
16144   5222   5862
16145   3251   5862
16146   5849   5862
16147   5356   5863
16148   3509   5863
16149   5848   5863
16151   5864   5866
16153   1045   5864
16155   3691   5866
16156   1050   5864
16158   5321   5866
16163   4480   5868
16166   4841   5868
16168   5870   5871
16169   4155   5870
16170   5840   5870
16171    174   5870
16172    197   5871
16173   5843   5871
16174   3828   5871
16184   5875   5876
16185   5370   5875
16186   5868   5875
16187   5252   5875
16188   4506   5876
16190   1059   5876
16191   5877   5878
16192   1044   5877
16193   5864   5877
16194   5388   5877
16195   4160   5878
16196   5866   5878
16197   5421   5878
16199   5879   5881
16201   1174   5879
16203   3134   5881
16204   4227   5879
16206   4503   5881
16212   1915   5884
16215   4337   5884
16216   5885   5886
16217   4146   5885
16219     52   5885
16220   1530   5886
16222   3154   5886
16232   5890   5891
16233   4683   5890
16234    453   5890
16235   5885   5890
16236     71   5891
16237   4819   5891
16238   5886   5891
16239   5892   5893
16240   5622   5892
16241   5868   5892
16242   5485   5892
16243   5627   5893
16244   5876   5893
16245   5553   5893
16246   5894   5895
16247   1580   5894
16249   2915   5894
16250   2269   5895
16251   5884   5895
16252   3775   5895
16253   5896   5897
16254   5846   5896
16255   5894   5896
16256   1582   5896
16257   5852   5897
16258   5884   5897
16259   5836   5897
16260   5898   5899
16261   5700   5898
16262   5879   5898
16263   4876   5898
16264   5691   5899
16265   5881   5899
16266   4418   5899
16271   5168   5901
16274   4642   5901
16365   5931   5932
16366   4644   5931
16367   5901   5931
16368   3097   5931
16369   4569   5932
16371   5845   5932
16395   5940   5941
16398   5147   5940
16399   5279   5941
16401    736   5940
16402   4500   5941
16404   5943   5944
16405    877   5943
16406   5941   5943
16407   4103   5943
16408   4121   5944
16409   5940   5944
16410   4378   5944
16420   5948   5949
16421     64   5948
16423   2546   5948
16424   5853   5949
16426   3415   5949
16436   5953   5954
16437   5948   5953
16438   1439   5953
16439   3154   5953
16440   5949   5954
16441   3387   5954
16442     74   5954
16445   5956   5957
16447    438   5956
16448    430   5957
16450   4661   5956
16451   4687   5957
16454   5959   5960
16456   1668   5959
16457   2029   5960
16459   1677   5959
16460   2031   5960
16466   1227   5963
16469   5836   5963
16470   5964   5965
16471   5901   5964
16472   5959   5964
16473    782   5964
16474   5932   5965
16475   5960   5965
16476   2522   5965
16477   5966   5967
16478    722   5966
16480    724   5966
16481    719   5967
16482   5963   5967
16483    721   5967
16484   5968   5969
16485   3293   5968
16486   5956   5968
16487   5254   5968
16488   2645   5969
16489   5957   5969
16490   5313   5969
16495   1288   5971
16498   4811   5971
16501   5973   5975
16503   3469   5973
16505   1184   5975
16506   3147   5973
16508   4076   5975
16509   5976   5977
16510   4794   5976
16511   5971   5976
16512   4057   5976
16513   5154   5977
16515   5590   5977
16517   5978   5980
16519   3622   5978
16522   3649   5978
16524   3180   5980
16525   5981   5982
16526   3513   5981
16527   5973   5981
16528   5131   5981
16529   4390   5982
16530   5975   5982
16531   5139   5982
16535   2888   5983
16538   3341   5983
16541   5986   5987
16542   5971   5986
16543   5983   5986
16544   1762   5986
16545   5977   5987
16547   3185   5987
16548   5988   5989
16549   1114   5988
16550   5978   5988
16551   1136   5988
16552   4410   5989
16553   5980   5989
16554   2584   5989
16555   5990   5991
16556   5591   5990
16557   5987   5990
16558   4211   5990
16559   3658   5991
16560   5983   5991
16561   5465   5991
16579   5997   5999
16581   4770   5997
16583   2739   5999
16584    996   5997
16586   5707   5999
16587   6000   6001
16588   5668   6000
16589   5997   6000
16590   4703   6000
16591   5805   6001
16592   5999   6001
16593   4886   6001
16667   6025   6026
16669   5105   6025
16670   1294   6025
16672   1815   6026
16673   4693   6026
16683   6030   6031
16684   6025   6030
16685   3341   6030
16686   1288   6030
16687   6026   6031
16688   3084   6031
16689   1300   6031
16692   6033   6034
16694   2460   6033
16695   3134   6034
16697   3788   6033
16698   4503   6034
16699   6035   6036
16700   4456   6035
16701   6033   6035
16702   5590   6035
16703   4437   6036
16704   6034   6036
16705   5530   6036
16748   6050   6052
16750   2203   6050
16752   3503   6052
16753   3701   6050
16755    876   6052
16756   6053   6054
16758   3651   6053
16759     48   6053
16761   2303   6054
16762   4790   6054
16772   6058   6059
16773   6053   6058
16774   5760   6058
16775   4548   6058
16776   6054   6059
16777   5790   6059
16778   2795   6059
16779   6060   6061
16780   3929   6060
16781   6050   6060
16782   3750   6060
16783   3895   6061
16784   6052   6061
16785   1884   6061
16787   6062   6064
16789    924   6062
16791   1810   6064
16792   3996   6062
16794   5224   6064
16795   6065   6066
16796   3929   6065
16797   6062   6065
16798   3894   6065
16799   2541   6066
16800   6064   6066
16801   1809   6066
16802   6067   6068
16805   2584   6067
16806    722   6068
16808    285   6067
16809   5286   6068
16811   6070   6071
16812   4930   6070
16813   6068   6070
16814   3623   6070
16815   4999   6071
16816   6067   6071
16817   5980   6071
16827   6075   6076
16828   5440   6075
16830   2337   6075
16831   4612   6076
16833   5771   6076
16843   6080   6081
16844   5752   6080
16845    229   6080
16846   6075   6080
16847   5751   6081
16848   4691   6081
16849   6076   6081
16850   6082   6083
16853   3399   6082
16854   1126   6083
16856   3888   6082
16857   1855   6083
16859   6085   6086
16860   5966   6085
16861   6083   6085
16862   3611   6085
16863   5963   6086
16864   6082   6086
16865   3950   6086
16884   6093   6094
16886   3098   6093
16887   1496   6094
16889    776   6093
16890   2763   6094
16891   6095   6096
16892   4308   6095
16893   6093   6095
16894   1656   6095
16895   4689   6096
16896   6094   6096
16897   3516   6096
16955   6115   6116
16956    736   6115
16958   5281   6115
16959   4082   6116
16961    127   6116
16971   6120   6121
16972   6115   6120
16973   5592   6120
16974   4121   6120
16975   6116   6121
16976   5536   6121
16977   1037   6121
polygons 2383
1      5      6   5831  13840  13842
2     12   5831  12679  12681
3  12682  12684  12786  12789  12792
5  12678  12679  12682  13179  13840  13841
6   6829  11822  11825  13111  13114
7   6828   6829  13176  13841  13842
8  11825  12791  12792  13176  13179
9  11609  11827  13108  13114  13115
11  10496  10500  13112  13115
12      6   6828  10498  13108  13111  13112
13      5     12   7186  10496  10498  10501
14   7186   7188  12678  12681  12684
16   7188  10500  10501  11609  12788  12789
17   6931   6932  12867  12870  12873
18     50   6377  11714  11718  12871  12873
19     50   6932   6933  12601  12603
20  10415  12031  12032  13953  13955
21  11857  12028  12029  12867  12868  12871
22  11859  13949  13955  14998  15001  15004
23   6377   8569  12597  12600  12603
24   6931   6933  14653  14703  14704
26  12597  12601  13950  14653  15000  15001
27  11854  11857  14701  15003  15004
29  12868  12870  14698  14701  14704
30  16122  16123  16424  16440  16442
33     94     95  12909  12912
34  12912  15990  16114  16420  16421  16424
36    102  11651  12909  13256  15988  15990
37     95    102   7279  16216  16219  16222
38     94   7279  16421  16437  16439
40    115  12328  15461  16121  16123
41  12324  12328  16232  16233  16236
43  11651  12326  16219  16233  16235
44    115  16222  16236  16238  16436  16439  16442
47    126   6126   6131   6333   6335
48   6334   6335  10685  12226  12227
49   6131  10647  10649  10650  12662  12663
50   6333   6334   9204  10361  10363
52    148   9204   9206  10679  10682  10685
53    150   9206  10362  10363
54    148    150   7397  13117  13120  13123
55   7396   7397   8650  10681  10682
56    126  10361  10362  10649  13119  13120
58   6388   7396  10650  13122  13123
60   6388   8650  12657  12660  12663
63   7653   9561  13607  13610  13613
65    173   6948   7653  10665  10668
68  10665  11716  12029  13608  13610
69   8766  11857  12637  12639
72   9555   9557  11552  13611  13613
73    204   5185   7250   9557   9558
74   5185   8765   8766  12143  12868  12869
78  10668  11716  12145  12871  12872
79    210    173   9555   9558   9561
80    210    204   6948  12138  12143  12145
81  12028  12638  12639  13607  13608  13611
83    217    218   8005  11604  12034  12035
84    221    222    223  11601  11604
85   6751  10834  10835  11477  11480  11483
86    231   7487   7489  11479  11480
87    233    218    234  11482  11483
88    217    223    236    237    234
89    236    222    238    231    239
90    239    237  11477  11479  11482
91    241    242  11601  12035  12036
92   6674  12034  12036  12487  12493  12494
93    221    242    245    238   7489   7490
94    233   6751   8005  12494  13159  13160
95    251    245    241   6674   6676
96    251   7487   7490  10833  10834  10837
97   6676  10837  12493  13162  13163
98   7007   7013   8114   8609   8611
99    261   7008   8108   8111   8114
100    264    265   4788   8109   8111
101    268    269   4788   8606   8608
103    271    272    273   8605   8606   8609
104    265    274    261  10588  16169  16171
106    284   9510  16168  16171  16174
108    269    290    284    274    264
109    294    295    271   7013   8707   8709
110    272    295   9511   9514
111    290    268    273   9507   9510   9511
112   7007   7008   8709  10588  10589
114   8707  10589  16168  16169  16172
115    294   9507   9514  16172  16174
116  11899  12536  12537  15917  15941  15942
117  12539  12540  15266  15269  15272
118  11938  11940  15269  16700  16702
119  11509  11510  11577  16699  16700  16703
121  12349  12350  15072  16703  16705
122  12171  12175  15072  15271  15272
124  11577  11934  11940  15917  15920
125  11510  15920  15940  15941
126  11899  12175  12176  12348  12350
128  11509  12348  12349  15940  15942
133    346   7867  11899  14427  14429
134    346  14951  15720  15743  15744
135   7867  14951  15939  15942  15945
136  14426  14429  14432  15743  15745
138  12537  12538  14426  14427  14430
141  15720  15945  16011  16050  16051
144    379    380  16009  16053  16054
145    382  15744  15745  16049  16050  16053
146  11936  15917  16009  16014  16015
147    380    382  10025  14430  14432
148    379  10025  11936  12536  12538
150  11018  13885  13889  14277  14283  14284
152   8217   8221  14281  14284
153  14277  14280  14281  14552  14555  14558
154   8221  10797  11018  13825  13826
155   7406   9795  10799  14450  14452  14454
156   7402   9795  13762  13763
157   9880  13891  14280  14283
158  13762  13824  13826  13889  13892
160   7402   7406   9882  13885  13891  13892
161   9880   9882  14452  14554  14555
163   8217  10794  10797  14454  14557  14558
164  11243  11873  11876  12682  12683
165   6189  11237  11243  13631  13633
166  13843  13863  13865  13953  13954
168    440   6189   8567  11873  12599  12600
169   8567  10422  13145  13864  13865
172   8776  13634  13636  13863  13864
173    440  13145  13630  13633  13636
175   8774   8776  13839  13840  13843
176   6230   8341  10727  10728  10731
177  10622  10626  10727  10730  10733
178   9780   9781  10625  10731  10733
179    465    466   8756   8758   8761
180    467   8427   8758   9779   9780
181    466    472    473    474    475    467
183    474  10626  10628  13710  13712
184    484   7899   8340   8341   8761   8762
185    484    485    486    472    465
186    475   8427  10622  10625  10628
187    485   7899  13707  13709
188    473    486  13706  13707  13710
189   6230   8756   8762   9779   9781
192  15943  16011  16013  16046  16048
193    504  10455  11444  15061  15723  15725
194    505  11444  14570  14573
195    504    508    509    510    505
196    511    509  16042  16045  16048
197    510    511  14570  16013  16051  16052
198    508  10455  16043  16045
203   8674   9931  10184  11772  11773
204   8673   9931  13846  13849  13850
205   5162   8199  12155  12156  12159
206   5155   8199  13850  13853
207  12025  12159  12161  13846  13852  13853
208  10180  10182  10184  13849  13852
209  12156  13587  14722  14724
210  10182  11769  12025  13280  13589  13590
211   5155   5162   8673   8674  14721  14724  14727
215  11767  11773  13280  14725  14727
218    563   6514  10329  14770  14785  14786
219    570  15063  15695  15723  15724
220  11090  11093  15060  15063  15066
221    570   6512  11090  14770  14773
222  14951  15065  15066  16830  16845  16846
224  14786  15791  16828  16844  16846
225    346  10738  15789  16844  16845
226    563  10738  10741  15742  15743  15746
227  10329  10741  15789  15791
229   6512   6514  15695  15746  15747
233    599    600  10511  11055  11056
234  11055  11057  13131  13801  13802
236    616    599   9758  13801  13803
237    620   9422   9426   9755   9758
238    620    600    616  13192  13194
239   9426   9427  13188  13191  13194
240   6272   8790  13052  13189  13191
241  10511  13046  13047  13188  13189  13192
243   9311  11056  11057  13047  13049
244   5200   6269   6272   9311  13128  13131
248   9424   9755  13128  13802  13803
253    654  12768  14547  14550
255   8900   8901  12768  12845  12847
256  14547  14561  14562  16448  16489  16490
258  12845  14550  14561  16166  16185  16186
260  11659  14181  16447  16486  16487
261    654   8895   8897   8900  16445  16447  16448
262   8897   8898  11654  11656  11659
263  14375  14562  16185  16187
264    685   8895   8898   8901
265    685  11656  12847  16163  16166
266  11654  14177  14181  16163  16186  16187
267    693   9250  10556  16217  16219
268  10552  10555  16217  16234  16235
269  12089  14783  14787  16827  16828  16831
271   5086  10555  11170  14787  14789
272   9245   9250  10328  15788  15791  15794
273  10328  11168  14783  14786  14789
274    693  11651  15784  15793  15794
275  12326  12327  15784  16831  16847  16849
277   5086  12089  12327  16233  16234
280   9245  10552  10556  11168  11170
283    726    727  11590  11591  11594
284    728    729    730  11594  11596
285    727    733    734    735    728
286    726    736    737    738    739    733
287    743    736  11591  13001  13003
289  11590  11596  13003  15425  15427
290    752    753    738    754
291    755    756    757    758    752
292    754    737    743    755  15418  15420
293    729    735    762    757    763
294    763    756    730  15418  15425  15426
295    758    762    734    739    753
296  13001  15420  15426  15427
302   6968  12469  12770  16232  16234  16237
303   6965   6969  12466  12469  12472
304  11256  12472  14548  14551
305   7835   9576  11255  14545  14547  14548
306    654    786   7835  11013  12328  12330
307    786  12765  12768  16236  16237
309   9573   9576  11013  12091  12092
310    793   6969   6971   9573  11255  11256
311   5086   5087   6965   6968   6971
312    793   5087  12086  12089  12092
313    796    126    797  13926  13927  13930
314    800    796  10649  10652
315    800  13927  14709  14711
317  10697  10700  13118  13120
318  10652  13118  13119  14705  14706  14709
319  10693  10697  13015  14706  14708
320  10360  10362  10693  10699  10700
321  10364  10699  13014  13015  13018
322    797   8783  10360  10361  10364
323   8783  13018  13930  13932
324    821  11784  11786  14933  14936
325  11657  14933  16163  16241  16242
327  10164  14936  15375  16240  16242
328  10158  10160  12850  15372  15375
331    685   8043   8044  11048  11051
332  11048  11656  11657  11785  11786
334    847    848  11051  11784  11785
335    848   8038   8043  10160  10161
336    847    821  10158  10161  10164
337   8038   8044  12844  12847  12850
338   8301   8302  13641  13643
340    859    860   7125   7661   8301   8303
341    866   8302   8303   9782  12181  14327  14329
342   8427  12093  12094  12097  12183  12184
343    871    872    467  12097  12099
344  12094  12096  14324  14326
345    872   7124   8757   8758  13638  13640
346    879    859   5820  12093  12096  12099
347    871    879   7121   7124   7125
348    882   8757   9778   9779   9782
349    882    866  13637  13640  13643
351    860   5820  14323  14326  14329
353    887   6348  10498  10499
354    896   6347   6348  12355  12357
355    900    901    902   6842   6843
356    903   6842  11326  12355  12356
357    902    906      6    887    896    903
358   6827  12451  13111  13431  13432
359   6347  10499  12262  13112  13428  13429
363  11323  12260  12262  12356  12357
364   6843  11323  11326  12454  12456
365    900   6831  12450  12451  12454
366  12260  12450  12456  13426  13429  13432
368    906    901   6827   6828   6831
369  14224  14225  15649  15664  15665
370   6230   6233  12305  13996  14221  14222
371  13381  13998  13999  15649  15652
375   6233   8762  14790  14791  14794
377    962  12828  12831  15663  15665
382   9782  11172  11958  13379  13381
383  12305  12830  12831  14794  14796
384    882    962  11956  11958  14790  14793  14796
385   8756   8757  14791  14793
386  11956  13379  15652  15663  15664
389   9778   9781  11172  13993  13996  13999
391   9208   9209  12504  12506
392    986   9209  10215  13785  13808  13810
393    994    986  12313  12505  12506
394    994   8469  13785  16526  16528
397   8469  11354  12313  12568  12570
398  11358  11488  13813  16529  16531
399  11352  11358  12567  12570  12573
400   1012   9208  10210  10215  10217
401  10217  11488  11489  12571  12573
403   1012  12504  12505  12567  12568  12571
404   8764   8766  11641  14699  14701
405   5180   6362   8460  14702  14704
406   5177   5180  12140  12869  12870
408   1029   1030   5177   6362   6363
409   1034   1035   1029  12140  12143
411   1036   1030   1035   9850  10103  10104
412   1034   1036   5185   5188
414   6363   8460  10098  10104  11642  11644
415   9848  10100  11638  11641  11644
416   5188   8764   8765   9846   9848   9850
419    504   1048  16081  16084  16087
420    505  11988  12699  12700  16082  16084
421   1057    509   8487   8490   8493
422    510   8493  12694  12697  12700
423   1057   1060   1061   1062   1048    508
424   1064   1065   1060   8488   8490
425   8487   8488  11989  12696  12697
426   1065   1061   9125   9128   9131
427   1062   9131  16085  16087
428   1064   9126   9128  11985  11988  11989
429   1070   1075   7125   9127   9128
430    879   1070   8231   8232   8235
431   1075   1064   8232   8588   8589
432   8584   8588  11556  11989  11992
433   1089  11662  11664  12071  12073
435   7436   8586  11556  12071  12072
436   7121   7393   9126   9127  11665  11667
437   1100   7393  11988  11991
438   1100   9963  11661  11662  11665
440   9963  11985  11991  11992  12072  12073
441   1089   1107    871   7436   8235   8236
442   1107   7124  11661  11664  11667
445   9593   9595  11883  11885
446   7188   8726   9593   9594  12936  12937
447  11883  12931  12936  14267  14269
448  11468  11471  12934  14263  14266  14269
449   8726   9150  12787  12789
451  10929  11468  11474  11475  11609  11612
453   8683   9150   9594   9595  10717  10931  10932
454  10927  10931  11475  14264  14266
455  10501  10502  12931  12934  12937
456  10500  10502  11471  11474
458   6375   8567   8569  16805  16808
459   6192   6194  16481  16483
460   6188   6189   6192  14286  14289  14292
461   6188   6194  11871  11873  11875
462   1149  11875  12602  12603  16477  16480  16483
463  14290  14292  16477  16478  16481
464   5451  16478  16480  16802  16805  16806
465    440  14289  16802  16808  16809
466  14286  14290  16806  16809
467   1149   5451   6375   6377
470   1163  12932  13835  14268  14269
471   7517   7522   7523  11471  11726  11727
472  11723  14266  16399  16402
475   1176   1177  13835  16398  16401
476   1176   6754   7522  10092  10093
477   7523  10095  10096  12932  12934
478   6754  11721  11727  16395  16401  16402
480   1163   1177  10091  10092  10095
482  13632  13633  14262  14288  14289
483   9059  13082  14256  14259  14262
489   1210  13913  14291  14292
490   1212   9056  12156  12157  13913  14258  14259
492   5162   7192   9056   9059
493   6188   8143   8146  11240  11243
494   7192   8199  11241  13082  13631  13632
495   1212   1210   6192   8144   8146
496  11237  11240  11241  12159  12160
497   8143   8144  12155  12157  12160
498   1057   1225  13909  16036  16044  16045
500  13549  13905  16271  16367  16368
501   1048   8082   8083  10455  10458
502   1062   8081   8082  16088  16091  16092
503   1242   1243   8081   8083
505   1243   7092  16091  16365  16368  16371
506  13903  13909  16271  16471  16473
507   1242   7092  10458  13549  16039  16043  16044
508   1061   5269  16092  16095
510   1225   1060   5269  16470  16473  16476
511   5831   6386   7276   8774   8775
513  11241  12680  12681  13853  14349  14350
514     12   6386  10865  14350  14351
517   7276  10865  10908  14216  14253  14254
518  10908  11039  11040  13850  14349  14351
520   7083  11000  11002  15766  15768
521   1277   8516  11002  11127  11128
522   1280   8521  12050  12053
523   8515   8516  11353  12050  12569  12570
524  12053  12310  12314  12568  12569
525   1280   1291  12256  12314  12316
526  12310  12313  12316  15769  15771
528  11130  11131  12256  15765  15766  15769
529   1291   8515   8521  11125  11128  11131
530   8467   8469  15765  15768  15771
532   1277   7083   8467  11353  11354
535   8814   8815  10090  15666  15668
536   7859   8815  10711  10714  14170  14172
537   7859  13377  15654  15666  15667
538   8347   9413  12511  12513
539   9413  10929  10930  14169  14170  14173
540   8342   8344   8347  14173  14175
541   8342  10088  12512  12513  15651  15667  15668
542  12438  13374  15651  15654
543   6955   8344  10088  10090
544   6955   8814  14169  14172  14175
546  10714  10932  12204  13374  13377
547    563   9285  10400  11571  11572
549   9350  10400  10403  15746  15748
550   1336   1337  15742  15745  15748
551   1337   5465   5950   9349   9350
554   5950   9341  10114  14204  14294  14296
555  10736  10738  14297  14428  14429
556  10112  10742  14293  14294  14297
557   9285  10117  10736  10741  10742
558   1336   5465  14204  14431  14432
559   1349   1350   1351   1352   1353
560   1354   1355   1356    901   1357   1349
561   1353   1354  10083  11559  11560
562   1361   1362    900   1356   1363
563   1364   1365   1366   1367   1361
564   1363   1355   1364  10083  12074  12075
566   1352   8587  11555  11556  11559
568   1351   1376   1377   7433   8586   8587
569   1366   1381   6845   6846   7433   7436
570   1350   1357    902   1382   1376
571   1362   1367   6841   6843   6846
572   1381   1365  12070  12071  12074
573   1377   1382   6841   6842   6845
574   6754   6755  14273  16956  16958
575    210  10348  16959  16961
576   1397   7869   7870  14271  14273
577   9556   9558  14271  16955  16958  16961
578   1176  12282  12283  16955  16956  16959
580   1405   7872   7873  10093  10094
581   1411  10092  10094  12281  12283
583    173   1413  10348  12281  12282
584   6755   7522   7868   7869   7872
585   1413   1415   1405   1411   9559   9561
586   1415   1416   7868   7870   7873
587   1416   1397   9555   9556   9559
589   1421  11722  16402  16405  16406
590   9414  10930  11475  11722  11723
591   1421   9414  12511  15147  15148  15151
592   8682  10931  12201  12204  12207
593   8682  10410  14264  16399  16406  16407
595  10410  12207  12947  12953  12954
596  12954  15148  15150  16405  16407
598   1436   6755  10446  11725  11727
599   1441  11113  11114  16404  16405  16408
600   1421   1441   8823  10476  10478
601  11113  15276  16973  16974
602   8823   8826  11114  14146  15274  15276
604  10476  10477  11721  11722  11725
605   1459   1436  14146  14272  14273
606   1459   8826  10446  10477  10478
608  16401  16408  16409  16956  16972  16974
610   1463   6302   9270   9272   9313   9314
611   1470   9270  10099  11643  11644
612   5207   9309   9311   9314
613   5200   5206   5207   6296   6302   6303
614   1475   1476   6303  11640  11641
615   1475   5206   6272  10574  10576
617   1483   6276  13128  14091  14092
618   1487   1483  10099  10100  10577  10579
619   1463   1470   1487  14090  14092
620   9309   9313  13131  14090  14091
621   1476   9848  10573  10574  10577
622   6269   6276  10573  10576  10579
623   8594  10064  16789  16792
624   1497   1498   1499   8592   8594
625   9092  10060  12206  12950  12953
627   1498   9723   9726  10411  10414
628  10408  10410  10411  16755  16783  16784
629   1499   9726  16789  16797  16798
630   9840  10057  10060  16792  16796  16797
631   9723  16779  16780  16783  16796  16798
633  12206  12207  16748  16753  16755
634   1497  10408  10414  12951  12954
635   8592  10057  10064  12947  12950  12951
636   9092   9840  16753  16780  16781
637   8246   8247  10395  14421  14424
638   8250  13924  13925  14283  14405  14406
639  10395  11972  11973  12729  12801  12802
640  13889  13921  13922  14421  15038  15040
642   1542  11972  14840  14843
643   1543  11018  14840  15039  15040
644   1542   1543  12729  14284  14402  14403
645   8245   8247   8250  12801  12803
647  12802  12803  14401  14402  14405
648   7657   8657   8659  10044  10045
649   7652   8659  10665  11421  11422
651   9767  12026  12030  13242  13608  13609
652   9767  10750  12209  12210
653  10750  10939  10940  12030  12032
654  10044  12209  12211  13239  13242
655   7652   7657  13239  13609  13610
659  10938  10939  11425  11719  11720
660   9960  10045  10938  10940  12210  12211
663   1584   1585   5914  11672  11674
664   5911   5914   7399   7466   7467   7470
665   1585   6390   7395   7396   7399
666   1591   1594   7446  10680  10682
667   1591   7395   7397   7467   7469
668   1594   1597   7466   7469   7472
671   1606   7443   8653  10680  10681
672   1584   6390   8650   8653  13980  13982
673  11668  11672  13035  13980  13981
674   1615   7470   7472  11671  13032  13035
676   1618   1606  13032  13981  13982
677   1618   1615   1597   7443   7446
679   1620  11778  11794  15513  15519  15520
680  10856  10859  15516  15519
681  11794  11797  11800  11801
682   1620  10760  10762  10857  10859
684  10860  12390  15513  15516  16588  16590
685   7758   7762  10856  10857  10860
686   7977  10763  12605  12607
687   7758   7763  10759  10760  10763
689  11797  15520  16584  16588  16589
690  11800  12608  16581  16584
692   7762   7763   7977  12390  12393
693  10759  10762  11778  11801  12604  12605  12608
696   1664   4785   5862   8109   8110
697   1671   1664   5224  11416  13182  13184
698   4785   4788   5221   5224
699   1671   1677   1678   5859   5862
700   1679   1680   1681   5859   8110   8111
701   1678   1679   7961  12877  12880
702    264   5221  10871  10873  11413  11416
703    265   1681  10873  11026  11027
704   1677  12877  13183  13184
708  11029  11030  11413  12880  13182  13183
709   1680   7961  11024  11027  11030
711  13208  14848  15974  15992  15993
712  13208  13209  14622  16192  16194
713   5336   5338   5340  16153  16156
715   1714  14619  16153  16193  16194
716  14848  14885  14887  16156  16192  16193
717  14888  16113  16119  16424  16426
718   1720  12907  12912  14619  14622
719   1720   1714   5338  16421  16423
720   5340   8141  14884  14885  14888
721   5862   9227  10855  11738  11739
723   8125   9224  10172  10175  10178  11738  11740
725   7638   8593   8594  10173  10175
726   1739   1499   4785   7638   8607   8608
727   8611   9230  10176  10178
728   1498   1739   1664  10853  10855
729   1741   1497  10853  11739  11740
730   1741   8125   8592   8593
731   1742   1748  11764  13661  13663
732   1752   1742   6211   6212
733   1748   6212  12854  13490  13491  13494
735  11758  11764  13491  14584  14589  14590
736  11969  13386  13387  14589  14692  14693
737  11758  13386  13581  13661  13662
738   8087   8093  11966  11969
739   8088  11966  13387  13578  13581
740   1752   1776   1777  13578  13662  13663
742   8093  13249  13251  14691  14692  14695
743   1777   8087   8088  13245  13248  13251
744   1776   6211  12854  13246  13248
747   1783   1784   1785   1786   1787
748   1788   1789   1792   1793   1783   8401   8403
749   1787   1794   1795   1796   1788
750   1794   1786   1797   1798   1799
751   1799   1795   7348  14213  14396  14397
752   8401   9153   9157  14249  14252  14255
753   1792   9157   9299  11035  11036
754   1796   1789  14394  14397  14400
755  12772  12775  12778  14213  14254  14255
756   1798   7348  10340  12773  12775
757   8403  14252  14399  14400
758   1793   1784  11031  11032  11035
759   1785   1797  10340  10890  11032  11033
760   1817    726   7656   8659   8662
761   1413   1820   7652   7653   7656
762   1824   9143  11363  11594  11595
763  11360  11361  12284  13292  13294
764   1817   1820  11591  11592  12280  12281  12284
765   1831   1833   9139   9140   9143
766    727   1824   1831   8662  11420  11422
767   1833   6780   6949  10668  11420  11421
768   6948   6949  10348  13295  13297
772   6780   9140   9141  13291  13292  13295
773   1845   1846   9893   9896   9899
774   1847   1848   9899  11427  11429
775   1846   1847   8831  16519  16550  16551
776   9436   9437   9440  16519  16522
777   1831   8921  16522  16549  16550
779   1868   9140   9142   9894   9896
780   1848   8831   9440   9441
781   8921   9143   9219   9437   9438
782   9139   9142   9219  11430  11432
783   9436   9438   9441  11426  11429  11432
784   1833   1845   1868  16549  16551
786   6227   6229  13655  14114  14115
787   6227   8260  12592  12595
788  12591  13216  13250  13251
789   1890  13421  14113  14115
790   1890   6229  12588  12595  13213  13215  13216
791   1894   8260   8262  13655  13658
792  13215  13247  13248  13417  13420  13421
794   8087   8089   8262  12588  12591  12592
795   1902   1903   1894   8088   8089
796   1777   1902  13420  13423
797   1903  13417  13423  13658  14113  14114
800   6062  12753  12755  15464  15495  15496
802   1919   6423  12749  12750  12753
803   6062   6069  12558  12957  12959
804   1927   6069  12749  12752  12755
805   1927  12957  15622  16261  16263
807   7564  13168  14343  14346
808  10821  14343  15462  15494  15496
809   1919  10825  15620  16204  16261  16262
810   6423  10819  10825  15462  15464
811  12959  13167  13168  16201  16262  16263
813   7564  10819  10821  16201  16204
814  12750  12752  15620  15622
815  12558  13167  14346  15494  15495
816   5091   5092   6545  14848  14851
817   1957   5097   6545  14553  14555
818  14552  14553  14851  14886  14887
819   5091   5097   6457  10605  10606
820   5092  10605  16191  16192  16195
823   8219  14558  14885  14886
824   8219  14281  14403  16151  16156  16158
825   1957   6457  14280  14406  14407
829   1980    150  10700  11662  11663  12498  12499
830   1984  12499  12503  12506  12509
831   1985   1986   9203   9208  10360  10363  10366
832   1989   1985  12503  12504  12507
834   1984   1980   9203   9206   9209
835   1991  10366  10699  11665  11666
836   1992   9963  12498  12507  12509
837   1100   1991   1986   1989   1992
838  13139  14260  14288  16809  16812  16813
840   2003   6555  12801  13916  14290  14291
841   2004   2006  13102  14256  14257  14260
842   2007   2010   2004  11972  11974
843   2006   2012   2007  13136  13139
844   6555   8832   8834  10392  10395
845   2003   8834  16806  16813  16814
846   2010  12729  13102  13103
847   2020   8832  13136  16812  16814
848   2020   2012  10392  11973  11974
852   9911   9912  15815  16758  16773  16774
853   9907   9912  16466  16863  16865
854  15815  15818  16466  16482  16483
855  11875  15818  16774  16775
857   6933   8923   8925  16758  16759
858  12601  12602  16759  16773  16775
859   6932   8795   8796   8924   8925
860   8792  16480  16860  16862
861   8923   8924   9907   9908   9911
862   1149     50   8791   8792   8795
865  13859  16513  16515  16694  16701  16702
866   5072  11275  13855  13856  13859
867  11286  11287  12692  16510  16512
868   4975   9377  11274  11275  11581  11582
869   2069   4971   4975  11286  11288
870   2069  11576  11582  11939  11940
871  10262  11287  11288  11938  11939
872  10262  15269  16509  16512  16515
873   5072   9377  16694  16697
878   2078   5911   5916  15630  15633  15634
879   2083   2084   2078  11343  11349  11350
880   2083   5916  11671  12759  12762
881   2092   2084   6212  12756  12759  12760
882  12760  12763  12852  12854
883  11343  11346  11347  13491  13493
884   2092   1748  11347  11350
885  11342  11673  11674  15633  15644  15645
887  11346  11349  15634  15641  15642
888  13490  13493  13496  15639  15642  15645
890   5541  12553  12556  12958  12959
891   9105  10249  10251  12553  12558  12559
893  11331  11332  12556  12559
894   8542  10323  10325  12957  12958
895   5541   8542  11332  14776  14779  14782
897   9105  11154  11331  14515  14778  14779
898   6069  10323  12216  12249  12250
899  10267  11289  11290  13392  13398  13399
900  13396  13399  16683  16686  16689
901  10264  10267  16670  16684  16686
902   2137   2141  12918  13090  13091
903   2137   6350   6351  11289  11291
904   2141   2145  10264  11290  11291
906  12354  12357  12919  13087  13088
908   2154  12354  12355  16673  16687  16689
909   6346   6347   6350  13085  13088  13091
910   2154    896  13392  13395  13396
911   6346   6348   6351  13395  13398
912   2145  12915  12918  12919  16667  16670  16673
913   9071   9073  11480  15883  15904  15906
914  11479  15532  15704  15900  15901  15904
916   7502   7504  15877  15880  15883
917    757   7503   7504   9072   9073
918    756   7502   7503  15445  15707  15709
919  15703  15709  15880  15901  15903
920    752   2179   2180   7488   7489
921    231   2180  15529  15532  15535
922   2179    755  15445  15534  15535
923    758   7487   7488   9071   9072
925   8494   8497  12822  12824  14757  14759
926   7920   8499  12821  12824  12827
927   7921   8496   8497  14053  16018  16020
929  14753  14759  15997  16019  16020
931   8970  14051  15995  16018  16019
932   2211  14754  15995  15997
933   2215   8973   8975  12825  12827
934   2216   8969   8975  14051  14053
935   2215   2216   7917   7920   7921
936   2219   2220  14753  14754  14757
937   2221   2211   2219   8969   8970   8973
938   2220   2221  12821  12822  12825
940   2222   2224   1606  11481  11483
941   2227   2222   7443  11300  11302
942   2224    233   2229   8653  12658  12660
943   2230   2231   2232  12228  12658  12659
944   2229    218   2234   2230
945   2227   2235   2236  11481  11482
946  11303  11305  12227  12228
947   2232   2238   2235  11299  11302  11305
948   2236   2238   2231   2234    234
949   2244   6404   6405   9853  10102  10103
950   9850   9853  15671  15676  15677
951   2244   5870  15676  15697  15698
952   2251  13648  15092  15095  15096
953   2254   2255   6404  13644  13645  13648
954   1036  15092  15098  15099  15677  15700  15701
956   5870   6405   7544  13645  13647
957   1030   2261   2251   2255   2262
958   2262   2254  10102  10104
959   2261   1035  15095  15098
960   1441  15148  15386  16243  16245
964  11742  15388  16188  16243  16244
965  11111  11114  15386  15388
966   1741  12951  15150  16190  16244  16245
968  10414  10853  10854  11317  11318
969  11737  11740  16188  16190
970  10470  11317  16408  16410
971   6167  12656  15673  15698  15699
972   2286   2287   2288  12650  12653  12656
973  12650  12651  15673  15676
974   2215   5867   6164  15697  15699
976   2299   5867   5870   7920   7923
977   2286   2301   7917   7923   7924
978   2301   2244   2299  12651  12653
979   2302   2287   7921   7924
980   2302   2216   2288   6164   6167
982   8896   8897  10250  12246  12248
983  11659  11660  12247  12248  16097  16103  16104
984  11566  11568  13978  13997  13998
985   9585  11562  11568  11654  11657  11660
986   5659   7569  11050  13994  14220  14221
987   5659   7038  11154  16100  16103
989   7038   7569   7570  10250  10251
990  11562  11566  16101  16104
991   7570   8896   8898  11046  11048  11050
994  11974  13804  14094  14838  14843  14844
995   2333   2334   2007  13800  13801  13804
996  12712  14116  14118  14838  14840  14841
997   9313   9418  12712  13551  13553
998   9309  11054  11057  11060  13421  13552  13553
999   1890   2343   8193  11058  11060
1000   2345   2004   2334   8193   8195
1001   9418  14089  14090  14841  14844
1004   2333   8195  11054  11055  11058
1005   2010   2345   2343   1542  14112  14115  14118
1006   8924  11025  11027  12419  12421
1008   2358   9908   9910  10876  11025  11026
1009    274   2362  10873  10876
1010   9907   9910   9913  16075  16078
1011   2358   2362  16075  16170  16171
1013   8929   9911   9913  10591  10593
1014  10587  10588  10591  12422  12424
1015    261   1681  12418  12421  12424
1016   6862   6864   8950   8951
1017   8950  11711  14388  15537  15539
1018   6864  11708  11711  12068  12069
1019   2384   2385   8752  10124  10125
1020   2389   8752  10900  12065  12066
1021  11708  13719  14059  15503  15537  15538
1022   2389   2384   6868   8951  14388  14390
1024   2385  14390  15500  15538  15539
1025  10125  14057  14061  15500  15503
1027   6862   6868  12063  12066  12069
1029  14802  14803  15375  15389  15390
1030   2406   2407   2408   8039  12848  12850
1031   2411   6309   8039  10159  10160
1032   2220   2413   2414   6309  14232  14799  14800
1033   2221   8316  14226  14229  14232
1034   8314   8320  14228  14229  15389  15391
1035   2411   2414   2421   2406
1036   2422  12848  15372  15390  15391
1037   2422   2408   8320  12821  12823  12826
1038   8314   8316  12825  12826
1039   2407   2421   2413  12822  12823
1041  13258  15894  15895  15987  15988  15991
1042  11372  14338  15832  15895  15896
1043  15778  15832  15977  15991  15992
1044   7563  14338  14343  15772  15775  15778
1045  11367  11369  13258  15458  15459  15462
1046  11366  11367  15894  15896
1048   7563  10821  11366  11369  11372
1050   2445   2219  14230  14232
1051  10463  13507  13509  14226  14227  14230
1052   2455   8315  14227  14229
1053   2455   5568  10010  10461  10463  10466
1054   5564   5568   8315   8316   8973   8974
1056   5564   5570  10010  15861  15864  15867
1057   2463  15842  15865  15867
1058   2463   5570   8969   8971   8974
1059   2211   2445  13506  13507  13510
1060   8970   8971  13510  15838  15839  15842
1061   2470   1459   2471  10462  10463
1062   2471   8826  14029  14227  14228
1066  10462  12296  13509  14586  14693  14694
1067  12808  12809  14586  14589
1068   2488  13507  14692  14694
1070   2470  10446  12296  12809  12810
1071   2488  11969  14230  14798  14799
1073   7001   7798  11858  15002  15004
1074   4967  13176  13951  14999  15001
1075   2497   1355   7798   7801
1076   1356   2497   6831   7000   7001   7004
1077   1354   7801  11204  11858  11859
1078   1349  11204  13845  13954  13955
1079   4967   6827   6829   7004   7005
1080   1357    906  13839  13842  13845
1081   6439   7656   7657  14358  14580  14581
1082   2506    739   8214  10047  10048
1083    733   8214   8657   8662   8663
1085   6439   9552   9554  10043  10044  10047
1086    738   2506   9548   9549   9552
1087    737   9549  14359  14577  14578
1088   1817    736  14355  14358  14359
1089   9774  14881  15041  15043
1090   6990   6991   9774  13765  13827  13829
1091   5996   7404  13892  13920  13921
1093   2530   5994   7404  13761  13762  13765
1094   2533   2535   2536   5994   5996
1095   2537   2533   5577  13920  13922
1096   2536   2537   5987   6987   6988
1097   6986   6987   6990  14877  14878  14881
1099   5577   5987  14421  14878  14880
1101   2530   2535   6986   6988   6991
1105   9246   9283   9285   9287  10328  10329
1106   2555   5603   9246  11168  11430  11431
1108   5603   9894   9895  12287  12290  12293
1109   8645   9898  11427  14768  14770  14772
1110   6514   8638   8645  10400  12291  12293
1111   2555   9287  11575  12288  12290
1112   2563   5459   8238   8241   8244
1113   2570   5460   8046   8048   8240   8241
1114   8243   8244  12769  16220  16237  16238
1116   6968   8015   8047   8048  10554  10555
1117   2583   8046   8047  12467  12469
1120   2563  10571  10572  16216  16217  16220
1121   2589  12467  12769  12770
1122   5459   5460  10566  10569  10572
1124   2570   8015  10568  10569
1125   2589   2583   8238   8240   8243
1126    222  10956  10958  10968  11510  11511
1127    221   9020  10955  10958  10961
1128   7700  11604  16038  16041
1129    223   7698   7700  10965  10968
1130  10504  10965  11511  15939  15940  15943
1132   7698  10504  16041  16046  16047
1133   9019   9020  11601  16038  16047  16048
1135   9019  10961  16010  16013  16016
1137  10955  10956  15920  16014  16016
1140   2621   2622   7738  14083  14085
1142   2629   7738  11358  11495  11498
1143   8515   8520   8855  10256  10257
1144   8849   8855  14591  14593  14596
1145   8520  12050  13728  14596  14597
1146   8905  14076  14084  14085  14593  14594
1147  10253  10254  12646  14076  14079
1150   5249  11352  11353  11498  12644  12646
1151   2629   2622  12573  13723  13725
1152   2621  13722  13723  14591  14594  14597
1154   5249   8516  10252  10253  10256
1156   9959  10938  13065  13867  13868
1157   5083   8598   8602  13065  13068
1158   2661   8408   8602   8604  10048  10049
1160   5081  11533  13068  13866  13867
1161   8598   8604   8663   9959   9960
1162   2669   2661   5081   5083
1163   2669   8408  11532  11533  12213  12214
1164  10043  10049  12208  12211  12214
1166  10515  11337  12852  13218  13246  13247
1168  11059  11060  13215  13218
1170   2682   2683   5207   6211  12760  13048  13049
1172   2682   9314  13550  13553  13556
1174   1776   2683  13420  13555  13556
1175  10510  11337  12763  13047  13048
1177   1070    859   2690   2691   2692
1178   2692   1065   1075   5266   5269
1179   7957   9130   9131  16092  16254  16256
1180   2690    860   6495  16247  16249
1181   2691   5266  16095  16247  16254  16255
1183   8304   8306  16249  16255  16256
1185   7957   7959   8300   8301   8304
1190   6495   8300   8303   8306
1192   7661   7959   9125   9127   9130
1193   2726   8761  14706  14791  14792
1195  13639  13640  14708  14792  14793
1196    465   2731   2726  10697  11663  11664
1197  11666  11667  13015  13638  13639
1201   1107   2731    466    872
1202   9483   9892  14374  14559  14562  14565
1203   9229   9890   9892  10177  10178
1204  10704  11741  14559  14563  16184  16185  16188
1205   9890  11434  11435  14563  14565
1206  11437  11438  11737  11738  11741
1207   8125  14182  16184  16187  16190
1208  10174  10175  14182  14374  14375
1212   2758   6793  15127  15736  15738
1213  13053  13054  15729  15737  15738
1215   2770  12718  13059  15729  15732
1216   2775   1594  13053  13056  13059
1217   1597   2776   2758  13054  13056
1219   5291   5293   6790   6791  12716  12718
1220  12716  15125  15732  15736  15737
1221   2776   6788   6790   6793   7471   7472
1222   2775   2770   5293   7468   7469
1223   6788   6791  15125  15127
1226   8600  13065  13147  13356  13358
1228  13142  13145  13356  16808  16815  16816
1231  13358  16524  16815  16817
1232   8600   9959  11425  16524  16552  16553
1233  16553  16554  16805  16816  16817
1234   6375  11718  11719  16552  16554
1235    994  13058  15729  15770  15771
1236  13053  13055  13058  13785  13787
1237   4895  10276  15735  15738  15741
1238   4889   4895   4896   7667  13054  13055
1239   4889   7509   7510  10276  10278
1240   7258   7510   8323  16503  16506
1241   7257   7258  10278  15741  15767  15768
1242   7667   8324  13787  16503  16527  16528
1246   4896   7509   8323   8324
1249   2836  10458  15061  15063
1250   2837   4696  10504  15064  15066
1251   2840   2837   7147   7698   7699
1252   7141   7146   7147  16886  16893  16894
1253   2836   1242  11090  16889  16892  16893
1254   2840   4696  11093  16892  16894
1257   7091   7092  16886  16889
1258   7091   7146  13547  13549
1259   2853   9895   9896  10878  11028  11029
1260   7960   7966  11028  11030
1261   8934  12290  13185  13292  13293
1262   1868   2853   6780   7965   7966
1263  10878  11413  12292  12293
1265   5603   8934   9141   9142
1267   2867   2868   8003   8010  12491  12494
1268   8010  12191  13904  16271  16274
1269   2868   2871  12188  12191
1270   2877   2878   6674  15567  15569
1271   5789  15566  15567  15570  16456  16459
1272   2878   2883  16456  16472  16473
1273   5788  12487  12491  15570  15572
1275   2888   2871   2867   5788   5789
1276   2888  12188  16274  16459  16471  16472
1278   2877   2883  12036  13907  13909
1281  16203  16206  16695  16698
1282  15758  15759  15762  16264  16266
1283  14466  15594  16206  16264  16265
1284  14466  15529  15530  15533  16692  16697  16698
1285  15530  15594  15704  15759  15760
1286   5070   5072  10108  14962  15122  15123
1287   7213  10108  11451  16203  16265  16266
1288   9377  14962  15448  15533  15534
1289   5070   7213  16692  16694  16695
1293  11451  15123  15686  15762  15763
1294   2924   2925   5206  12759  13051  13052
1295   2682   2926   6299   6302
1296   2930   2924   6300   6303
1297   2930   2931   2932   2084   2925
1298   2932   2933   2934   1742   2092
1299   2935   2926   2683   1752   2934
1300   2933   2931   2935   6296   6299   6300
1302   5087   8474  12344  14775  14787  14788
1303   9441   9442  12344  12346  14967  14969
1304  11429  12346  14772  14775
1305   6971   8474  14966  14967  14970
1306   9218  10554  11170  11431  11432
1311   2956   8015   9218   9438  13514  13516
1312   6965   8045   8047   8050  14970  14972
1313  13517  13519  14966  14969  14972
1314   8050   8051  13513  13516  13519
1315   2956   8045   8048   8051
1318   2967   8689  11191  12284  12286
1319   2972   2977   7720   7723
1320   2978   2972  12286  13187  13293  13294
1321   2977   2980   2981   2967   2978
1324   9396  11191  11361  11362
1325   9287   9990   9991   9994
1326   2980   7720   9991   9993  11573  11575
1330   7723  11573  12288  13185  13187
1331   2555   8934   9994   9996  11360  11362
1332   2981   8689   9396   9990   9993   9996
1333  11823  12146  12149  12150  12790  12791
1334   3000   7878  12150  12153
1335   3000  11822  11823  13664  13666
1336   4993   6109   7858   7859  12149  12152
1337   7858   9152  10714  10717
1338   4993   8812   8815   8818
1339   7878   8812   8816  13666  14171  14172
1340  11612  11827  13664  14170  14171
1341   7504   9422   9428  12411  12414  12417
1342   2287   3016   7502  12415  12417
1343   3019   6276   9424  12412  12414
1344   3021   2286  12411  12412  12415
1345   3019   3021  10579  12652  12653
1346   8790  10575  10576  15804  15807  15810
1347   9427   9428  15807  15881  15883
1349   3016   2288  15752  15878  15880
1350  12655  12656  15752  15809  15810
1352   3036  10885  12268  12621  12624
1353  12621  13324  13325  14902  14903
1354   3036  13324  13326  13857  13858
1355  10882  10885  13855  13858  13861
1356   7768  12269  12624  14901  14902
1357   7766   7768  16541  16544  16547
1358  13325  13326  16498  16510  16511
1359   7766  10170  10882  12268  12269
1362  14901  14903  16498  16542  16544
1363   4996   8817   8818  10221  13957  13959
1364   3069   4996  12152  12675  12676
1365   7307   7876   8816   8817
1366   7876   9914   9915  12153  12672  12673
1367   7307   9915  10221  11636  11637
1368   3077   6897   9920  12671  12672  12675
1369   6897  11634  13960  13962
1370   3077   3069  13956  13959  13962
1371   6742   8488   8489   8588   8590
1372   1352   3082  10521  10745  10750  10751
1373   3082   9767  11559  11692  11694
1374   9480  11681  12695  12697
1375   6742   9477  10523  10751  12212  12213
1376   9475  11681  11692  11693  12208  12209  12212
1380  11555  11693  11694  11992  12695  12696
1381   8584   8587   8590  10521  10523
1382   9933  10613  10614  13004  13006
1383  10614  10863  10867  14348  14351  14354
1385   9815   9819  10154  10905  11040  11041
1386   9818  10154  10351  10354  10355
1387   9929   9931   9933  10351  10357  10358
1388   8673  10355  10358  11039  11041
1389   3117  10867  10869  12635  13004  13005
1390   3121  10863  10869  10905  10908
1391  10354  10357  12632  13005  13006
1392   3121   3117   9819   9821
1393   9815   9818   9821  12632  12635
1397   3128    269   5221   9348   9350
1398   3129   3130   7641   8606   8607
1399    268   3128   1337   3132   3129
1400   3132   3135   3136   3130   5465   5466
1401   1739   5224   9348   9349   9725   9726
1403   3135  16791  16800  16801
1404   3136   7638   7641  16787  16789  16791
1406   5466   5950   9725  16795  16798  16801
1409   2731   1089   1381   3146    472
1410   3146   1365    486   5296   7401   7467   7468
1411    485   7395   7401  13121  13123
1412   5293   5296  12074  12501  12502
1413   3154   2770  12496  12499  12502
1415   1591   2775   3154   1980    148
1418   2726    484  13117  13118  13121
1419   9625   9628  16672  16687  16688
1420   6862   7893  13700  16669  16684  16685
1421   6712  13699  13705  16667  16669  16672
1422   6712   9628  11851  12094  12095
1424  12063  12067  14154  14157
1425  11851  13703  13705  14157  14324  14325
1426   6868   7893   7895  10306  10307
1428  10306  10308  12066  14154  14325  14326
1429   7050   9625  10307  10308  12095  12096
1432  12067  12069  13699  13700  13703
1433  16110  16111  16369  16371
1434  11947  12190  16365  16366  16369
1435  11947  13923  13925  16032  16110  16112
1436   5577   8246   8248  16887  16890
1437   9703  16029  16091  16111  16112
1438   8245   8248   9705  16029  16032
1439   2537   7096  16884  16886  16887
1440   2533   7091   7096  12193  16366  16368
1441  12190  12193  13919  13920  13923
1442   1243   9703   9705  16884  16889  16890
1443  15266  16515  16545  16556  16557
1444   6864  12174  12540  12541  13700  13701
1445  12530  13701  16669  16670
1446  10260  10262  10264  12530  12539  12541
1448   7893   8951  16538  16559  16560
1450  10260  10267  16495  16511  16512
1451   8950  12174  15272  16555  16556  16559
1452  16495  16538  16542  16543  16685  16686
1456   3229  10977  13100  14149  14271  14272
1458  10010  10976  10977  11000  11005  11007
1459  10466  11005  11126  11127  11206  11207
1460   2470   1436   7869   9825  11207  11208
1462   1397   3229  11007  11129  11130
1463   2471   2455  13097  14146  14149
1464   5568  10976  13097  13100
1467  10461  10462  11206  11208
1468   7870   9825  11125  11126  11129
1471   3252   1848   6013  12346  16890  16895  16896
1472   2836    570   3253   8080   8083   8086
1473   8080   8081   9703  16853  16856
1474   8086   8642   9898   9899  16850  16853  16854
1475   3252   1847  16854  16857
1476   3253   6512   8642   8645
1477   6013   9705  16850  16856  16857
1478   3264   9884   9885  12186  12188  12190
1479   2868   5999  14035  14133  14134
1480   2871   3264   3269  14128  14131  14134
1481   5993   7402   7404  14032  14035  14036
1482   5993   5996   5999  12186  12191  12193
1483   3272   7406  14036  14130  14131
1484   9879   9884  13891  13923  13924
1485   3272   3269   9879   9882   9885
1486  13023  14060  15503  15554  15555
1487  12911  13209  15554  15556
1488  12911  13023  13283  14622  14725  14726
1490  10607  13585  14722  16195  16197
1493   5092   5093  13208  15500  15555  15556
1495  10123  13584  13585  14061  14063
1496   5093  10123  10125  10605  10607
1497  13283  13589  14057  14060  14063
1500   7446  11300  11301  13055  13056
1501  10212  10685  11303  13809  13810
1502   9203   9204  10212  10215
1504   3154   1984    986  13058  13059
1506  11299  11301  13787  13808  13809
1507   3314   7314   7315  16799  16801
1508   7317   7318   9253   9839  16780  16782
1509   7312   7315   7318  14207  14295  14296
1510   3314   5466  14204  14207
1511   3325   7722   9342  10114  10115
1512   3325   9255  16779  16782  16785
1513   7722   9728  16783  16785
1514   9253   9255  10115  14294  14295
1515   5317   9839  16795  16796  16799
1518   5096   6545   6765  14827  14830  14831
1519   1620   3272   3339  14452  14455
1520   3339   3269   8070  10761  10762
1521   3342   3343   3344   5096   5097
1522   3344   1957   9879   9880   9883
1523   3348   3342  14830  14833
1525   8071  10760  10761  14827  14833  14834
1527   3343   3348   8070   8071   9883   9885
1528  10857  10858  14831  14834
1529   6765  10858  10859  14455  14553  14554
1530   8193   8194  10580  10581  10584
1531   6783   6784   7290   9660  10584  10585
1532   6783   9051  13213  13218  13219
1533   7290   8194   9051  11058  11059
1534   9660  10526  12883  12884  12887
1535   6784  12887  12888  13216  13219
1536   2343   6229  10528  10581  10582
1539   3372   3373  12803  13913  13916
1540  13103  13104  14402  16155  16158
1541   9054   9056  14724  16155  16196  16197
1544   3381   3382   6460  10606  10607
1545   3373   3383   6460  14405  14407
1547   3382   3385  12157  13585  13587
1548   3385   3381   3383   3372   1212
1550   9755  12413  12414  12894  13222  13223
1551   7221   7223  14089  14092  14095
1553   7218   8049   8051  11075  12412  12413
1554   1483   3019   7217   7218   7221
1555   7549  13518  13519  13806  14094  14095
1557  11075  12894  13515  13516
1558   7217   7223   7549   8049   8050
1560   2141   3406   3407   3408   8853   8855
1561   3408   3409  11285  11288  11291
1562  10025  10026  14591  14592  14595
1563  12582  12584  14592  14593
1564    379   3416   3406  14595  14596
1565   2145   8849   8853  12530  12583  12584
1566  10026  12535  12538  12541  12582  12583
1567   3407   3416   3409  11934  11936  11939
1568   3419   3420  10354  11216  11218
1569  10152  10355  10526  12842  13285  13286
1570   8135  11216  12843  13288  13289
1572   3430   9660   9817  10152  10154
1573   3430  12887  14638  14641
1574   3419   9817   9818  14634  14637  14638
1575   3420   8135  10673  14637  14640
1576  10673  12884  12886  13284  13285  13288
1579   8853  10257  12918  12921
1580   8902   8905  12581  12584  12587
1581   6710   8907  12587  13704  13705
1582   8902   8907   9403   9406  10254  10255
1583  11517  12359  16672  16673
1584   6710   6712   9403  11517  11519
1586   9406  11519  12359  12919  12922
1589    239  14465  14471  15530  15532
1590   3461   2235   8324  14165  15595  15597
1594  11477  11481  15904  15905
1595   2227   3461   4896  15900  15902  15905
1596   7509  15760  15761  15901  15902
1598   2236    237  14165  14470  14471
1601   8323  15591  15595  15759  15761
1603   2629   5643   9260  11488  11490
1604   5643   7738  16484  16485  16488
1605  12249  12754  12755  16445  16450  16451
1607   9260  13012  13013  16451  16488  16489
1608  11490  13007  13013  13812  13813
1609  12752  13009  13812  16505  16530  16531
1610   1927  10323  16505  16508
1611  11495  12217  12250  16450  16485  16486
1614   3500  12983  13658  13964  13965
1615   3500   3501   1894   6312  10159  10161
1616   2411   5341   8260   8261  16423  16437  16438
1617   8140   8141  12980  13964  13966
1618   3516   8043   8140  16426  16440  16441
1620   6309   6312   8261   8262
1622   3516    848   3501  12980  12983
1624   5336   5341  13655  13965  13966
1625   8038   8039  16436  16438  16441
1627   9992   9993  10187  11771  11772
1628   9283   9991   9992  10117  12167  12170
1629  11767  11771  12170  13025  13026
1631  10112  10115  12167  13026  13027
1632   3533   3325  10185  11769  13025  13027
1633   3534   3533   7718   7720   7722
1634   2980   3534  10180  10185  10187
1636   4964   4967  11823  11825
1637  12671  14653  14656  16756  16759  16762
1638  12149  12676  16762  16776  16778
1639   4964  12150  12673  14656  14999  15000
1640  11871  11876  12790  12792  16772  16775  16778
1644   1353   3082  11204  12030  12031
1645  11560  11691  11694  14610  14809  14810
1646   7801  10083  12641  12642  14607  14610  14611
1647  11547  13611  13612  14611  14806  14807
1648  13536  13540  14804  14807  14810
1649   9054   9059  10580  10583  11042  11044
1650  10530  10582  10583  16151  16153  16155
1651  12839  13286  13287  14619  14726  14727
1652   1714  10524  10530  13285  13287
1653  10152  10585  11038  11041  11044
1657   8674  10358  12839  12842
1658   7867  12347  12348  16843  16845  16848
1659  11371  12175  12177  15893  15896  15899
1660  11162  14297  14298  15897  15899
1662  11367  12353  15787  16847  16848
1663  12176  12177  14298  14427  14428
1664  15787  15792  15793  15893  15894  15897
1665   3574    271   3575  10214  10217
1666   9259   9265  10214  11489  11490
1667   3130   3579  13573  13723  13724
1669   2622   3579   5643   7641   9488  10173  10174
1670   3574   8609   9265   9490  10176  10177
1671   3575    272  12571  13570  13724  13725
1672    273   3129  13570  13573
1673  13399  13870  13871  16495  16498
1677   3594  13329  13398  13873  13874
1679   4976  12692  13323  13326  13329
1680   3594   4976  11285  11286  11289
1682  10566  11359  11362  11365  11584  11585
1683   3603   3604  10569  11365  11595  11596
1684   3605  10572  11216  11584  11586
1686   8691  11191  11592  13000  13003  13006
1687   3611   3419  12632  15428  15430
1688   3420   3605   3611   5457   5459   5462
1689   3603   5462   5463  15424  15425  15428
1690   3604   5457   5460   5463
1691   8691   9396  10357  11218  11585  11586
1693  11444  11445  16084  16173  16174
1694   3618   1989   3619   9514  14571  14574
1695   3619   1992  11991  12698  12699
1696  12698  12700  14568  14570  14571
1697   1986   3618    294   3622
1698   3622   1991   7393  16082  16172  16173
1701   2926   7306   7307   9860  13554  13556
1703   2934   3628  13660  13663  13666
1704   3628   2935   7306   7876   7878
1706   8812   8814   8817   9857   9860
1708   6955   6957   9857  13423  13554  13555
1709   1902   6957  13578  14174  14175
1711   7009   7823   8114   9229   9230
1712   3640   2251   5859   9227  11437  11439
1713   2262   6363  11624  11627  12198  12200
1714   7008   7009  11628  12198  12423  12424
1715   7823  11434  11624  11625  11628
1716   2255  11433  11439  11625  11627
1717   3649   1680   5177  12420  12421
1718   3649   1029   2261   3640   1679
1719  10950  14086  16787  16792  16794
1720  10060  11566  11567  14185  14191  14192
1721  11564  14086  14087  16104  16144  16146
1722   7602  14078  16144  16145
1723   5317   5324   7602  14185  14188  14189
1724   5324  14078  14087  16794  16799  16800
1725  14188  14191  16101  16145  16146
1727   9839   9840  14189  14192
1731   3673   3674   3675  16454  16459  16460
1732   3681   3673   5789   5794   5795
1733   3682   3683  16457  16460
1734   5386   6409   6410   6413   7110   7111
1735   3692   3693   5386   8074   8075
1736   5794   7107  15563  15570  15571
1737   3695   8074  15564  15567  15568
1738   3682   3675   6409   6412   6415
1739   3693   3699   3683   6413   6415
1740   3674   3681   3700   6410   6412
1741   3695   3699   3692  16454  16456  16457
1742   3700   5795   7105   7107   7110
1744   2003   3704  16478  16857  16860  16861
1745   1846   8794  16854  16861  16862
1747   5451   8792   8794  16548  16551  16554
1749   3252   3704   8828   8831   8834
1751   8828  16517  16519  16811  16814  16817
1754   5211   5214   7762  10767  10768
1755  10169  10483  10882  11387  11388
1756   3725   5214   9722  10483  10485
1757   7767   7977  12266  12269  12272
1758   7763   7766   7767  10768  10769
1759  12271  12272  12388  12393  12394
1760   3725  10169  10170  10767  10769
1763  10485  11382  11388  12391  12394
1766   5324   7314   8906  12585  12587
1769   3744   7315  12581  12582  12585
1770   3744   3745   3135   3314  14592  14594
1771   3745  14082  14085  16791  16794
1772   8902   8906  14074  14076  14078
1773   8689   8691   9933   9936
1775   3747  10095  10097  10612  10614
1776   3750    743  14359  14362
1777   3753   3747   3750  13000  13001  13004
1778   3753  10091  10094  10097  14355  14361  14362
1779   1820   1411  14358  14361
1780   1163   3755   2967   9936  10612  10613
1781   3755   1177  12280  12283  12286
1783   6789   6791  11554  12640  12641
1784   5188   7250  15128  15674  15677
1785   9669  12655  15124  15127  15671  15673  15674
1786   3764   6788   6789   9669  10574  10575
1787   3764   1476   8764  12636  12637  12640
1788   9846   9853  10577  12651  12652
1789  11547  11552  11554  15124  15125  15128
1790   2406   7277   7281  16438  16439
1791   2421   7281   8133  10673  10676
1792   5338   5341   6227  10528  10530
1794   2414   8261  10676  12592  12885  12886
1795   7277   7279   8133  13288  13290
1798     94   1720  13284  13287  13290
1799   3775   3778  12259  12260  12263
1800   3781   3775  15932  15935  15938
1801   3778  11323  11521  11522  15936  15938
1803  11461  11462  15932  15933  15936
1804  12259  12262  12265  13086  13088
1806   3781   8387  11209  12263  12265
1807  11209  12108  12110  12922  13086  13087
1809   8387  12109  12110  15933  15935
1811   4975   4978  14362  14576  14577
1812   9550  11580  11582  14576  14578
1813   9307  11580  11581  15533  15535
1814   2179    754   9307   9549   9550
1816  15417  15418  15421  15445  15448
1818  11275  14962  15421  15423
1819   3750   4978  11274  15417  15420  15423
1820   3817   6412  14833  14866  16535  16560  16561
1821   7758  10766  10768  14834  14862  14863
1823   3817   3674   8071   8072
1824   3700   3822   7767   7768  10763  10764
1825   3681   8072  10759  10761  10764
1826   3822   6410  16535  16543  16544
1827  10766  10769  16547  16557  16558
1830   1615   2776  15804  15805  15808
1831   2083   3828   3829   3830   2925
1833   3828   5298   5916   7470   7471
1834   6793   9669  15808  15810
1835   3836   3829   5298   6789   6790
1836  13032  13190  13191  15805  15807
1837   2924   3830   3836   3764   1475
1839  12762  13035  13051  13189  13190
1841   3383  16060  16212  16258  16259
1842   3842  16253  16256  16259  16466  16469
1843   3372   1210  16060  16469  16481  16482
1844   3381   9336  16212  16251  16252
1846   6490   8306  13987  15908  15910
1847   3385   8144   9335   9336  13987  13989
1848   3842   8304  15815  15909  15910
1849   6194   8146  13989  15818  15908  15909
1853  10706  12470  14551  14563  14564
1854   3862   3865  11751  11752  11755
1855   3866   3862   6668  12470  12472
1856   3865   3869   3866  11253  11256  11259
1857   6668  10706  11435  11625  11752  11753
1859   3876   3877   7823   9890  11257  11259
1860   3869   3876   9945  11755  11756
1862   3877   9945  11628  11629
1863   6167  10275  10276  10279  15752  15755
1864   6164   8974   8975  10279  10281
1865   3881   5570  10275  10278  10281
1866   2463   3881   7510  15758  15761  15764
1867   8971  14051  15683  15763  15764
1868   2302   3016  14053  15683  15708  15709
1871   6312   8089  11966  14798  14800
1872   1903   3500   3885   6957   8343   8344
1873   8346   8347  10164  13391  14801  14803
1874  13385  13391  13581  14173  14174
1875   3501    847   3890   3885
1876   3890    821   8342   8343   8346
1877  11474  11725  11726  12810  13115  13427  13428
1882  11205  11208  12265  12295  12296
1883   6346   7520   7523  10496  10499  10502
1884   6350   7517   7520   7872   7874
1885   7868   7874   9825  13089  13091
1886   3899   5997   5999   8007   8010
1888   3901   7143   8007  13547  13904  13905
1889   3905   2536   7096   7143   7146
1891   3906   5993   5994   5997
1892   3906   2535   3905   3901   3899
1893   5340   8217   8219  13963  13966  13969
1894  10795  10797  12982  13967  13969
1895  11979  14457  14557  14884  14886  14889
1897   7319   9926   9927  12978  12980  12982
1898   6173   7321   9927  11979  11981
1899   6173  10798  14454  14457
1900   8140   9926  11981  14888  14889
1901   3921   1351  10521  11534  11535
1902   1350   3921   3922  13843  13845
1904   3922  11530  11534  13862  13863  13866
1905   3924   6987   6989   8477   8478
1906   3928   3929   8477  16891  16894  16897
1907   3931   3932   3928   7144   7147
1908   3933   7141   7143   7144
1909   3905   3935   3931   3933   6988   6989
1910   5987   8478  16887  16896  16897
1911   3932   3935   3924   3929
1913   5659  10727  10732  14380  14381  14384
1914   7569  11984  14370  14381  14382
1915  11050  11053  11978  11981  11984
1918  11978  11979  14370  15526  15528
1919   6173   6176  13070  15522  15523  15526
1920   3955   6233   8341  13070  13072
1921  10728  13072  14384  15523  15525
1922   9927  11053  12308  14220  14222
1923   3955   6176   7321  12305  12308
1926  10731  10732  13994  13996
1928  16029  16061  16469  16856  16863  16864
1929   3842   7957   7958   9912   9913
1930   8085   9910  16853  16864  16865
1931   8080   8082   8085  16075  16086  16087
1933   7958   9130  16078  16085  16086
1934   3966   9795   9798  14036  14039
1935   3971   3966  10647  10652  10653
1936    800   3971   9798  13761  13763  13766
1937    796   6128   6131  13765  13766
1940   2530   3906   6128  12661  12662
1942   5997  12661  12663  14035  14038
1943  10650  10653  14032  14038  14039
1944   7415  12903  12905  15792  15794
1945   7415   8280   9250  11587  11589
1946   9245   9246   9994  11587  11588
1947  10742  11162  12167  12904  12905
1948   8280   8283  12170  12903  12904
1949   8283   9990   9992  11588  11589
1950    284   2362   3991   3253  15692  15695
1951   3991   8638   8642  10871  10876  10878
1952   3128    290  15692  15747  15748
1953   7323   7702  10795  13823  13825  13828
1954   3971   3995   3955  14709  14794  14795
1956  13453  13928  14711  14795  14796
1957   7702  12829  12831  13453  13456
1958  13456  13766  13827  13828  13927  13928
1959   3995   6176   9798  10798  10799
1960   7319   7323  12308  12829  12830
1961   1824    728   4002   8920   8921
1963   9218   9219  10568  11363  11365
1965   4002    729  11070  11073  12894  12897
1966   3604   2570   2956  11070  11075  11076
1967    730   3603  11073  11076
1968   8920   9437  12897  13514  13515
1969   2078   4013   1361   4014   3828
1970   7399   7401  13439  13707  13708
1971   4017   1367   4013  13710  15634  15637
1972    473   3146   1366   4017
1973   4014   1364   5291   5296   5298
1974   5914  13439  15633  15636
1975   7038   9105  14381  14383
1976  13165  13169  14346  15773  15775
1978  14367  14370  15773  16068  16071
1979  10249  10250  15495  16124  16126
1980   7570  11984  16068  16125  16126
1981  12559  13169  13170  14367  14382  14383
1983   4028  13856  13858  15413  15422  15423
1984   3036   4030   3117   4031   4028
1985   4030  10869  13323  13324  13327
1986   4033   3747  10867  13327  13329
1987   3753   4033   4971   4976   4978
1988   4031  12635  15413  15429  15430
1990   3775   7481  13493  14587  14590
1991  11347  11764  12452  13430  13432
1992   3778   7481  11346  12455  12456
1993  12263  12295  14584  14586  14587
1999  11564  11660  14181  14184
2000  12245  12248  16447  16450
2001  14082  14083  14086  14184  16485  16487
2002   4049   5266  16457  16475  16476
2003   2692   4049   3699   8232   8234
2004   3692   5755   8234   8589   8590
2006   3695   2878   5755   6739   6742
2008   2883   1225   6739   8489   8490
2009   4060   6582  14625  14629  15998  16000
2010   4064   6583  14638  14755  15994  15997  16000
2011   4060   6781   6785  13200  13219  13249  13250
2014   4064   3430   6781   6784   6787
2015  13510  14631  15994  15995  15998
2016  13200  14629  14695  14697
2017   6582   6583   6785   6787
2018   2445   2488   8093  12591  12888  14641  14754  14755
2020    763   7503  11073  12416  12417
2021  15122  15421  15422  16021  16023
2022   4074  15428  15429  16017  16020  16023
2024   4074   5462   8495   8497
2025   5463   7924   8495   8496  11076  12415  12416
2027   9919  12672  14656  14702  14703
2028   3628   2933   3000   4964   7005   7006
2029   6299   7306   9272   9915   9916
2030   6300   7003  11640  14699  15002  15003
2031   2931   7000   7003   7006
2033   4090   4091   7942  12750  13008  13009
2034   2232   4094   7939   7942
2035   4091  14168  15597  15620  15621
2036   4090   4094   2238  14165  14168
2037  15595  15621  15622  16501  16503  16505
2038   7939  11305  13008  13807  13809  13812
2039   3461   7667  11301  11302
2043  12780  12781  16698  16703  16704
2045  11458  12781  12782  16199  16204  16206
2046   6665  11371  11372  15072  15075
2047  12347  12349  12352  12780  12782
2048  10819  11369  11458  12352  12353
2049   6665   7214   7215   7563   7564
2050   7210   7214  16199  16201  16203
2051   7210   7215  15075  16695  16704  16705
2052   6772   9695   9701  13359  13361
2053   4112    599   2333   4113   6771   6772
2054   2012  13224  13804  13806
2055  13136  13220  13221  13224  13360  13361
2056   4119   6771  13139  13359  13360
2057   4119   4113   2334   2006
2058   9695   9699   9758  13221  13223
2059   4112    616   9699   9701
2060   7966   8795   8797  12142  12872  12873
2061  11419  11420  16548  16549  16552
2062   6949   7965  12142  12145
2063   2853   1845   8791   8794   8797
2064   6986   6989   6992   7940   7943
2065   3935   4126   7937   7942   7943
2066   6130   7937   7939   7940  12226  12228
2067   4126   3931   4129   2231   4094
2068   3933   3901   4130   2230   4129
2069   4130   3899  12657  12658  12661
2070   6126   6128   6130   6991   6992
2071  13598  13601  13602  15385  15388  15391
2072   8823  14029  15385  15386  15389
2074   8318   8320  13602  13646  13647
2076   8314   8315   8318  13093  13095  13097
2077  11111  13601  13649  15096  15275  15276
2078   6665  10770  14338  14862  14864
2079   7215   7216  10766  10767  10770
2080   5214   7214   7216  13165  13168  13171
2081  14831  14863  14864  15776  15778
2083  10856  10858  10861  15772  15773  15776
2084   5211  10860  10861  13169  13171
2085   4113   4147   8194   8195   8402   8403
2086   4149   1788   6772   6773
2087   4151   1793  10510  10511  10514
2088   1783   4149   4112    600   4151
2089   1789   4147   6771   6773
2090   4153   7290   8401   8402
2091   4153   1792   9051  10514  10515
2092  15524  15525  15959  16587  16588  16591
2093  10861  14367  15516  15527  15528
2094   9722  10314  10315  12556  13170  13171
2095   4160   8542  15844  15860  15865  15866
2097   4169  14826  15838  15841  15844
2098   8387  14820  14821  15799  15840  15841
2099   4160   4169   5541  10313  10315
2101  14821  14823  15935  15957  15958
2102  14777  14779  15933  15956  15957
2103  10313  10917  14820  14823  14826
2105   1585  11799  11800  11803  13436  13439
2106  11797  11807  11808  13436  13708  13709
2108  11794  11808  11809  14039  14129  14130
2109   7899  10653  11807  11809  13121  13122
2110   6388   6390  11803  14038  14132  14133
2113   9592   9595   9598  16748  16750  16752
2114   3533  11884  11885  16752  16784  16785
2115   4197   9592   9593  12022  12025
2116   4197  10182  10185  11883  11884
2117   9598  12022  13590  13718  14062  14063
2118   9255  13021  13027  13716  14059  14060
2119  13714  13716  13718  16750  16781  16782
2121   2497   4201   3829   4014   1363
2122  12075  12501  14610  14613
2123  12502  12718  14607  14613  14614
2125   3836   4201   7798  12640  12642
2127  11554  12716  14611  14614
2129    242   9020   9021   9369   9371
2130   2180    238   9307  10957  10958
2131    245   9365   9368   9371
2132    753   2506   7488   7490   9366   9368
2133   9021  10791  10960  10961
2134   9365   9366   9369   9552  10791  10792
2136  10556  10571  11583  11584  11587
2138   9634  11317  11319  13181  13184  13187
2139   2972  11319  13838  16398  16409  16410
2140   2978   3755  13835  13838
2141  12877  13296  13297  16959  16975  16977
2143   1677   9634  10470  16971  16974  16977
2144   5795  10764  12274  12605  12606
2145   3822   7110  14900  14901  14904
2146   7105  10337  12773  14904  14905
2147  12266  12270  12624  12776  12777
2148  10888  12270  12272  12276  12606  12607
2150   7107  10337  10890  12274  12276
2152   1543   8221  13969  14117  14118
2154   2345  10581  10583  13102  13104
2158   7413  12899  12903  12907  12909  12911
2159     95   7413   8280  12840  13289  13290
2160   8283  11771  11773  12837  12839  12840
2161   4242   7349  12775  14905  14906
2162   4247   4248   4249   4250   7348   7349
2163  10337  10340  15560  15563
2166   4257   5383   7111  14904  14906
2167   4259   4249   5383   8075   8076
2168   4247   1798  15557  15560  15561
2169   4250   4259   4257   4242
2170   4248   8076  15561  15564
2171   4017    474   4263   6846   6847
2172   4266   6845   6847   9627   9630
2173   4263    475   9630  12097  12098
2174   8235   8237   9627  12098  12099
2175   4266   7433   8236   8237
2176  10256  11126  11128  12921  13089  13090
2180   1277   5249  12111  15855  15858
2181  10253  10255  12107  12108  12111
2182  11002  11005  15855  15863  15864
2183  11205  11206  11209  15799  15802
2184   4278   4279  10098  10099  10102
2186   4278   5698   6404  10563  10564
2187   4279   1487   5698   7221   7222
2188   2301   3021   7218  10560  10561
2189   2299   6405  10559  10560  10563
2190   3348   3817   3675   4287   4288
2191   4288   3343  11183  11186
2192   3673   3264   2888   8070   8072
2193   9883   9884  11183  11946  11947
2194   4287  11186  11946  16369  16460  16474  16475
2197   2413  10676  14640  14757  14758
2198  10109  10313  10314  10484  10485
2199   4169  10105  10109  11451  11452
2200   3725   5076   7210   7213   7216
2204   5076  10105  10108  10483  10484
2205   4160  11452  12958  16260  16263  16266
2206   7923   8240   8498   8499  10560  10562
2208   5457   8241   8494   8495   8498
2211   8045   8046   8049  10561  10562
2212   4310   3929  12092  15823  15826
2213   4310   3924   7943   9573  10993  10995
2214   6423  11016  12091  15820  15826  15827
2215   4126   4090   3932  15820  15823  15824
2216  11013  11016  12339  12753  12754
2218   4091   1919  15824  15827
2220  10624  10732  10733  16100  16148  16149
2222  10730  14384  15931  15959  15960
2223  10626  11467  15931  15936  15937
2225  11462  11464  14777  14778  16147  16148
2228   2981   9929   9936  10184  10187
2229  11741  11742  13601  13604
2230   4330  12765  12769  12844  12845  12848
2231   2589   4330   2422   6670  13602  13605
2232   6666   6670  12466  12467  12470
2235   6666  10704  10706  13598  13604  13605
2237  10984  15645  16583  16586
2238   3781  14587  14696  14697  14821  14822
2239  15639  15928  15960  16586  16591  16592
2240   7481  15642  15928  15937  15938
2241   5931  12990  12992  14629  14822  14823
2243   5929   5931  10984  13200  13495  13496
2245   3991   2358   8085   8086
2246   8796   8797  11024  11025  11028
2247   2222   1618  15805  15881  15905  15906
2249   2758   4895  15755  15808  15809
2251  12899  12905  15554  15837  15897  15898
2253   8269   9253  13716  13719
2256   8269  11706  11708  14293  14295  14298
2258   8473   8478  14878  14967  14968
2259   3865   4351  14819  14881  14882
2260    793   4310   8473   8474   8477
2261   3866   6969  14819  14970  14971
2262   4351   3869   4352   4353   6990   6992
2263   4352  10996  11258  11259
2264   4353   7940  10992  10993  10996
2265    734   8214   8604  11097  11098
2267   4360   2661   4361  10837  10839
2268   4360   6720   8602  11096  11097
2269   6720   9075  10833  10836  10839
2270   9070   9071  10834  10836
2272    762   9070   9072   9075  11096  11098
2273    251   4361   8408   9367   9368
2275   9366   9367  10047  10049
2276   2407   7281   7283   8242   8244
2277   8238   8242   8498  12823  12824
2278   3605   2563   7283   8133   8135
2279   3611   4074  14637  14758  14759
2281   5755   8074   8076  10523  11535  11536
2282   4377   4378   4379   5383   5386
2283   4380   3693   4379   8231   8234   8237
2284   4378   4381   1377   4266   4380
2285   1376   4381   4377   4259   4382   3921
2286   4249   4382  11534  11536
2288   6448   8828   8832   9440   9442
2290   8473  12344  16895  16897
2291   6448  10392  14424  14880  14968  14969
2292   3704   6013   6555   8247   8248
2294    236  10968  12783  14469  14471
2295   4129   2234    217   7144   7699   7700
2296   3928   2840  15823  15850  15851
2297   2837  10965  12783  15845  15848  15851
2298  14168  14469  14470  15824  15847  15848
2299   1034    204  15098  16961  16975  16976
2300  14994  15129  15674  15701  15702
2301   3229   9556   9557  14997  15128  15129
2302  10977  12105  14994  14997
2304   4393   4394  13536  13539  13542
2305   4397   9559  13539  13612  13613
2306   6439   6442  13239  13541  13542
2307   4394   4399   6442  14579  14581
2308   4393   4397   1415   4401   4399
2309   4401   1405  14361  14579  14580
2310  12779  12782  15846  15848
2312  10825  11458  15827  15846  15847
2314   2621   3579   3136   3745
2315   9488  14374  16488  16490
2317   8593  10064  10950  14177  14182  14184
2320   6061   8343  10088  10089
2321   6058   9855   9857   9859  10089  10090
2322   3885   6058   6061  12978  12983  12985
2323   9859  12714  12985  13967  14116  14117
2324  11567  11568  12950  12998  12999
2325   9585  12999  14933  15152  15153
2327  14631  14825  15839  15841
2329   2690   5820  10305  10308  10311
2330  10309  10311  16246  16247  16250
2331   4421   8752   9334  16250  16252
2333   6490   6495   6496  14156  14328  14329
2334   2389   4421  10305  10306  10309
2335  10899  12065  14152  14154  14156
2336   6496   9334   9335  10899  10900
2337  10563  10565  13605  13645  13646
2338   5867   7544   8318  12826  12827
2340   2583   6670  10559  10562  10565
2341   4330   2408   8242   8243
2343  10612  12931  12932  14353  14354
2344   4197  12936  13852  14352  14353
2345   3534   2977  11884  13838  14267  14268
2346   6787   9153   9156   9159   9819   9820
2347   4153   6781   6783   9157   9159
2348   9156  10905  14253  14255
2349   8402  10584  11044  14250  14252
2350   4064   9815   9817   9820
2351    735   4002  11095  11098  11101
2353  11099  11101  12897  13221  13222
2354    620   9075   9076   9699   9700
2355   9070   9073   9076   9426   9428
2357   5788   5794  12274  15396  15545  15546
2358   2867  14132  14134  15544  15546
2359   3339  11778  14129  14131
2362  11799  12608  15399  15544  15545
2363   1796   6773  13146  13355  13356  13359
2364  13142  13146  13636  14395  14397
2365   4147   4119  14260  14262  14398  14400
2368   3382   9334   9336  10123  10124
2369   3344   6457   6460  11183  16212  16215
2371   4452   2385   5091   5093   5096
2373   4453  11186  16215  16250  16251
2374   4421   2384   4452   3342   4288   4453
2375   3373   8250  16032  16060  16061
2376    241   2877   6739   9371   9477   9478
2378   4361   2669   4458   6676  15561  15568  15569
2381   4248   4458  11530  11533  11536
2382   9365   9367   9478  12212  12214
2383   1678   3640  15095  16976  16977
2385  11438  11439  13604  13648  13649
2386   1671   9634  10854  10855
2388  11099  11100  13355  13358  13361
2389   8920  11100  11101  16517  16522  16524
2390   2020   6448  13224  13517  13518
2391   8485  12044  14156  14459  14461
2392  11172  12181  14462  14464
2394   8300   8302  10947  15907  15910  15913
2395    866  10947  11957  11958
2397  11007  14997  15739  15766  15767
2398   4469  12256  13539  14805  14807
2399   1416   4397   4469  11129  11131
2401   4696  15851  16827  16830  16833
2402  12086  15826  15850  16831  16833
2403   6586  15413  15983  16022  16023
2404   4031   6581   6583   6586   9820   9821
2405   6581  15983  15999  16000
2408   9413   9414  10476  13389  13391
2409  13114  13430  13431  13660  13661  13664
2411   8044   8899   8901  16441  16442
2412   8895   8896   8899  16120  16123  16126
2413   3516   9926  11046  11051  11053
2416   1799   4247   4458   5081   5082
2417   1795   5082  13068  13146  13147
2418   7273   7349  14213  14216
2420   3922   4382   4250   7273   8775   8776
2421   5935  15394  15399  15400  16579  16581  16583
2422  11031  11037  15397  15400
2423  11033  12276  15394  15396  15397
2424   9296  10892  11383  12270  12271
2426   5934  11383  12394  12990  12991
2427   5929   5934   5935   9296  11036  11037
2428   9623   9628   9630  11516  11517  11520
2429   6841   6847  11326  11520  11521
2430   4380   7052   9623   9625   9627
2431   4378   4496   7052  16688  16689
2434   4381   1382    903   2154   4496
2435   3574   6336   6337   7012   7013
2436   4503    797   6332   6333   6336
2437   4503   7012   8709   8782   8783
2438   3622   8707   8782  10364  10366
2439    295   3575   1012   1985   3618
2441   6332   6334   6337  10210  10212  10214
2442   3744  10026  14207  14430  14431
2443   7316   7318   8269  12067  12068
2444  11706  11711  12171  12174  12177
2445   7312   7316  12585  13703  13704
2447   4508  11032  15397  15548  15549
2448  12491  13160  13161  15543  15546  15549
2451   1797  13163  13164  15560  15571  15572
2452   4508   1785  13158  13161  13164
2456   3966   3995  11809  13070  13071
2460   8340  11807  13071  13072
2461  10956  10957  11576  11577  11580
2466    693    102   7413   7415
2467   7277   7283  16220  16222
2468   4028   6586  10885  11386  11387
2469   4524   6785   9159   9296   9299
2470   4030   3121   9156  12621  12777  12778
2471   4524   6581   6582  11382  11383  11386
2474   4527   7323  12982  12985
2475   9415   9419   9862  12712  12714
2476   7704   9419   9777  13828  13829
2478   4527   7702   7704   9859   9862
2479   4533   1794   4360   5082   5083
2480   4149   1787   4533   6720   9700   9701
2481   7316   7317  14152  14157  14189  14460  14461
2483   7602   8906   8907  10785  10786
2484   3682   4453   4287  10309  10310
2485   2691   3683   4049  10310  10311
2486  12997  12999  13978  15647  15649  15651
2487   9092  12046  14192  14459  14460
2488  12046  12201  12206  13374  13383  13384
2489   8485   8486  10899  13718  13721
2490   8143   8728  13986  13989  13992
2491   8728   9597  12022  12160  12161
2492   8486   9597   9598  13990  13992
2493   5070   5076  10169  13859  13861
2494  10484  11386  11388  15983  15986
2495   9511  13568  13570  14574  14672  14673
2496   9510  11445  15692  15724  15725
2497   1336   3132    382  13568  13573  13574
2498  13574  14672  16053  16055
2499   6415   7053  10305  10307  10310
2500   4379   6413   7050   7052   7053
2501   3862   5695   7222   7223  14816  14819
2502   5695   6666   6668  10564  10565
2503   2930   3830   4201   7001   7003
2507   4548  12053  13727  13728  14672  14674
2508   4552   4548  11545  12314  12315
2510   4553   3619  11545  12507  12508
2511   4552   4553  14571  14673  14674
2515   4257   4377   4496  13396  13871  13872
2516   6409   7053   7895  16535  16538
2518  13870  13872  14900  14903  14906
2520   5695   5698  11752  11754
2521   4278   2254  11627  11753  11754
2524   9403  10784  10785  11463  11464
2525  10784  10786  16143  16145  16148
2528  10945  15913  16761  16776  16777
2529   4571  12675  16761  16762
2530   6109  13819  15911  16777  16778
2531   4573   4993   4996  15662  15663  15666
2532   4571   3069   4573  10945  11956  11957
2533   7858  13377  13383  13819  13822
2535  10325  15857  15860  16501  16506  16508
2536   3881   7258  15857  15866  15867
2537  11452  15762  15764  15842  15844
2538   8346  12513  14936  15151  15152
2539   3890   6061  11784  12832  14223  14225
2540    115    786   8899   8900
2541  14450  14455  14457  15519  15526  15527
2544   2224   6751  13979  13982  13985
2545  13979  13980  13983  15547  15549
2546   1584  11803  15543  15544  15547
2549  13159  13161  13983  13985
2550   4130   2229   8003   8005   8007
2551   2932   7004   7006  11350  12451  12452
2552   4013   1362  11349  12454  12455
2553   4584   6442   9554  10792  10793
2554   4584  11683  11696  13540  13542
2555   9481  10791  10793  11676  11681  11683
2556   9369   9475   9478   9481
2557   7083   7257  15853  15855  15857
2560  11340  11672  11673  15400  15547  15548
2561   4151   4508   1784  13192  13983  13984
2562  10514  11035  11037  11336  11337  11340
2564   3649   7960   7961  12138  12140  12142
2565   5180   6931   8925  12419  12420
2567  14095  14816  14844  14882  15041  15042
2568  11545  11680  11696  14808  14810
2569   4553  11676  11680  12694  12695  12698
2570  12496  12508  12509  14613  14808  14809
2571   4596   9270   9916  11635  11637
2572   8460   9919   9920  12199  12200
2573   1470   4596   4279  11751  11754  11757
2574  11631  11632  11635  11756  11757
2575  11629  11632  11634  12198  12199
2576    511   8493   9019   9021   9480   9481
2577  12315  12316  14804  14805  14808
2578   4527   6058  12828  12829  12832
2580   7835  12339  16448  16451
2583   6337   6338   9265  10996  10997
2584   4353   6130   6332   6335   6338
2585  10109  14825  14826  15986  15998  15999
2587   8486  12044  12046  16750  16753
2589  10770  15075  15271  16556  16558
2592   4596   1463   9415   9418   9421
2593   4351   9421   9774   9777  11755  11757
2594   4263  10628  11467  11520  11522
2595  10624  10625  10784  12182  12184
2596   4605   5716   8929  16756  16758  16761
2598   4605  10945  10947  12382  13642  13643
2599   5716  10591  12382  12385
2600   7958   7959  10593  12385  13641  13642
2603  13712  15637  15641  15928  15931
2605  13436  15636  15644  16579  16584  16586
2606  12352  15845  15846  16833  16848  16849
2607  13256  13258  15784  15787
2608   8682   8683  16752  16755
2609   7718   7723   9728  10411  11318  11319
2610   8721   9150   9152  13819  13991  13992
2611   8721   8726   8728  11240  12683  12684
2613   4605   4571   3077   4610
2614   4610  12382  13019  13932  13961  13962
2615   4573    962  13453  13958  13959
2617   4613   4503   9945  11632  13930  13960  13961
2618   4352   4613   3876   6336   6338
2619   9419   9421  10224  11635  11636
2620  15556  15830  15837  15991  15993
2621   4452  14390  14830  14866  14867
2623   6765  14851  15776  15974  15977
2624   9855   9860   9862  10221  10224
2626   7186  12937  14348  14350  14353
2627   3416   4616   4617  16006  16009
2628    380  13574  13727  14595  14597
2629   3406   4619   4616   8520   8521
2630   4620  14674  16006  16054  16055
2631   4620   4617   4619   1280   4548
2632    887      5   6386  13395  13874  13875
2633   3594   4033   6351   7520  10096  10097
2634  10863  10865  13327  13873  13875
2635   9076  10835  10836  13194  13984  13985
2636   4533   1786  10839  13162  13164
2637   4623   4552   4620  11680  11683
2638   4617   4624   4394   4584   4623
2639   1291   4469   4393   4624   4619
2640   4610   5716   6897  12199  12422  12423
2641   4613   3877   7007   7009   7012
2644   9490   9892  10997  11257  11258
2645   3408   4626   4401   2137   7873   7874
2646   2069   4626   3409  14575  14576  14579
2649   4524   4060   5931   5934
2651   4626   4399   4624   4616   3407
2652   4242   7273   7276  13869  13872  13875
2653  14388  14867  16559  16561
2654   4623  10793  10960  16006  16015  16016
2656   5935  10984  11340  11342
2660  10745  10940  11532  13866  13868
2664  11093  14773  14785  16828  16830
2667  12044  13384  13822  13990  13991
2672  12201  12438  12953  12997  12998
2674   8108   8109   8605   8608   8611
2683  10461  13506  13509  15802  15839  15840
2684   8782  10587  10589  12385  13018  13019
2686   4889  15755  15878  15902  15903
2689   9341   9342   9723   9725   9728
2694   7000   7005  14998  14999  15002
2695   4971  11274  12692  13856  13857
2697   8816   8818  12146  12152  12153
2704   8569  10415  10422  11718  11720
2707   5155   7192  11038  11039  11042
2708  13021  13025  13280  13283
2709   6362  12200  12418  12420  12423
2710   7250   8765  11552  12637  12638
2712   5200  13046  13049  13052
2713   5211   9722  12388  12390  12391
2714   9348  10403  11416  12291  12292
2716   8791   8796   9908  16859  16862  16865
2717  12111  12646  14517  14780  14781
2718  11336  11342  12852  13494  13496
2719  16088  16095  16371  16474  16476
2720   6496   8485  13986  13987  13990
2722   5291   7466   7468   7471
2724  10524  10528  12595  12884  12885
2725   5317   7312   7314   7317
2726  14861  14862  16555  16558  16561
2727   5336   8141  16420  16423  16426
2732   7105   7111   8075  15557  15563  15564
2733  11638  11642  14698  14699  14702
2737   7960   7965  12880  13295  13296
2740  13997  13999  14191  14462  14463
2743  11498  12216  12217  16508  16529  16530
2744  10315  10917  11332  15956  15958
2747   5564  10281  10976  12105  12106
2748   8245   8246  13919  13922  13925
2751   9893   9894  11426  11427  11430
2755   9259   9260   9483   9488   9490
2757  13993  13994  13997  16097  16100  16101
2761   7217   7222  10559  10561  10564
2763   8923   8929  12418  12419  12422
2765  14780  14782  15853  15858  15860
2767   8774  12679  12680  13630  13631  13634
2768  10587  10593  16078  16169  16170
2770   8108   8110   9224   9227   9230
2771   7544  13095  15696  15697  15700
2772  10275  12106  14994  15739  15741
2775   9406  11462  11463  12108  12109
2776   5911  11668  11671  11674
2777  12493  15566  15569  15572
2778   5929  12990  16583  16592  16593
2779   7549  14816  14971  14972
2780   9341   9349  10403  11570  11571
2782  12107  12110  15799  15858  15862  15863
2785  10089  12832  15662  15665  15668
2786   6062  10249  12245  12246  12249
2789  10112  10114  10117  11570  11572
2791   6109   9152  12786  12787  12790
2793   6126  12226  12657  12659  12662
2794   7704  10224  13456  13957  13958
2796  10711  10717  11612  12787  12788
2797  10279  12106  15696  15699  15702
2798   7319   7321  10794  10795  10798
2800  15064  15065  15943  15945
2802   6269   8790   9422   9424   9427
2804  14515  16103  16147  16149
2805   6296   9272  11638  11640  11643
2806  10158  10159  14797  14800  14803
2807   8340  10728  10730  13706  13709  13712
2809  11016  12330  15458  15461  15464
2811   9548   9554  14575  14578  14581
2812   9436   9442  13513  13514  13517
2813  10606  14401  14407  16158  16195  16196
2814  14327  14328  14458  14461  14464
2816  10927  10930  12204  12438  12511  12512
2817   6490   9335  16246  16249  16252
2822   6710  10785  11851  12182  12183
2823   9695   9700  11095  11096  11099
2825   8487   8489   9475   9477   9480
2826  10833  10835  13158  13159  13162
2827  11042  13082  14250  14398  14399
2828  11934  11938  12535  12536  12539
2830  13095  13644  13647  15096  15099
2831   9914   9920  11631  11634  11637
2835  10422  12600  13949  13950  13953
2836  10251  11154  12246  12247
2838   7050   7895  16683  16685  16688
2839  14573  15719  15725  16050  16052
2841   7257   8467  16506  16526  16527
2843   7121   7661  13637  13638  13641
2845   7141   7699  13547  16034  16039  16041
2850   8775  13634  14216  14395  14396
2851   8598   8600  11095  11097  11100
2852  10170  13861  16513  16545  16547
2853   9125   9126  16081  16082  16085
2854   8231   8236   8584   8586   8589
2855  10679  10680  11299  11300  11303
2856  12393  12604  12607  16581  16589  16590
2857  10105  15123  15986  16021  16022
2858   7517  10091  10093  10096
2859  10252  10255  12915  12921  12922
2860   9415   9777  14841  15042  15043
2861  10786  12178  12182  14188  14463  14464
2863   8849   8905  10252  10254  10257
2864  11352  11354  16525  16526  16529
2865   8605   8607  10172  10173  10176
2866   9153   9299  10892  12776  12778
2868   7718   9342  11569  11570  11573
2870  11495  12644  14079  14083  14084
2871  11854  11858  12636  12639  12642
2872   8663  10043  10045  10048
2874   9224   9229  11433  11434  11437
2875   9576  10995  12339  13011  13012
2877   7917   8494   8496   8499
2879   7937  10993  13007  13008  13011
2880   9259  10992  10997  13011  13013
2881   8003  12034  13903  13904  13907
2882  10552  10554  10566  10568  10571
2887  12063  12065  12068  13714  13719  13721
2888  11583  11586  11589  12840  12843
2891   9778   9780  12178  12181  12184
2892   8683  11885  14263  14264  14267
2893  10477  12808  12810  13385  13386  13389
2894  10622  10624  11461  11464  11467
2895   9914   9916   9919  11642  11643
2896  10325  12216  14514  14781  14782
2901   8638   9893   9895   9898
2902  10679  10681  12227  12659  12660
2903   8657   9960  11419  11422  11425
2904   8721   9592   9594   9597
2907  10124  10900  13721  14061  14062
2908  10478  13389  14029  14801  14802
2911   9139   9141  11359  11360  11363
2913  11253  11257  14548  14564  14565
2915  10510  10515  11054  11056  11059
2916   9054  13104  14257  14259
2918  11331  14380  14383  15955  15956  15959
2921  11336  11668  11673  12756  12762  12763
2926   9283  11569  11572  11575
2927  10888  10892  11031  11033  11036
2928   9548   9550  10792  10955  10957  10960
2929  11576  11581  16697  16700  16701
2930  12105  13093  13100  15700  15702
2931   9996  11583  11585  11588
2932  11461  11463  11516  11519  11522
2933  10314  10917  12391  12991  12992
2934  11876  12599  13179  13950  13951
2935   9483  10172  10174  10177
2937   9507  11445  14568  14573  14574
2938  11366  11371  12347  12350  12353
2939   9585  11786  13978  14223  14224
2940  10992  10995  11253  11255  11258
2941  11978  14889  16068  16118  16119
2942   9623  12093  12095  12098
2943  10470  10854  11111  11113  11737  11739  11742
2944  10524  10526  10580  10582  10585
2945  10573  10575  12650  12652  12655
2947  13220  13223  13800  13803  13806
2948  11691  11692  13242  13540  13541
2949  13823  13826  13829  15037  15040  15043
2950  10794  10799  13763  13824  13825
2951  11205  11207  13085  13086  13089
2952   9846  10098  10100  10103
2953   9855  12714  13550  13551  13554
2954  12070  12073  12496  12498  12501
2955   9929  10613  13849  14352  14354
2956  11624  11629  11751  11753  11756
2957  10466  15802  15862  15864
2960  10057  10950  11562  11564  11567
2961  11957  13378  13379  13822  15911  15913
2962  11555  11560  12070  12072  12075
2963  10751  11530  11532  11535
2965  10180  11767  11769  11772
2966  10210  11489  13807  13810  13813
2967  11631  11636  13956  13957  13960
2968  11714  11720  12026  12029  12032
2970  10260  11285  11287  11290
2972  10888  10890  12772  12773  12776
2973  12280  12282  13291  13294  13297
2974  10351  11218  12837  12842  12843
2975  11973  14424  14843  15038  15039
2976  11569  11571  12287  12288  12291
2977  10408  11318  16404  16407  16410
2978  10415  10939  13862  13865  13868
2979  15060  15061  15064  16042  16043  16046
2981  10647  13117  13119  13122
2982  11419  11421  11714  11716  11719
2983  12883  12886  14634  14640  14641
2984  10693  11661  11663  11666
2985  10704  11433  11435  11438
2986  10711  10927  10929  10932
2987  10736  11162  15788  15789  15792
2988  10745  12208  12210  12213
2990  12259  12295  12809  13427  13429
2991  11426  11431  14772  14788  14789
2992  10871  11024  11026  11029
2993  11382  11387  12266  12268  12271
2994  11038  11040  14249  14250  14253
2995  12992  15955  15958  16591  16593
2996  11509  11511  12779  12780  12783
2997  11000  11125  11127  11130
2998  12086  12091  12324  12327  12330
2999  11046  11785  14219  14220  14223
3000  11070  12411  12413  12416
3002  14768  14773  14775  16891  16892  16895
3004  13378  13381  13384  14458  14459  14462
3005  12245  12247  12250  14511  14514  14515
3006  11946  16110  16215  16257  16258
3007  11359  11361  11590  11592  11595
3008  11854  11859  12026  12028  12031
3009  12107  12109  14776  14777  14780
3010  13014  13926  13932  14705  14708  14711
3011  11237  12678  12680  12683
3012  14614  14805  14806  15732  15769  15770
3014  11516  11521  12354  12356  12359
3015  11343  12450  12452  12455
3017  12287  12292  13181  13182  13185
3018  11468  11721  11723  11726
3019  12217  12644  14514  14517
3021  12310  12315  12503  12505  12508
3022  11547  12636  12638  12641
3023  12035  13907  16034  16036  16038
3024  11822  11827  12786  12788  12791
3025  12844  15372  16166  16240  16241
3026  12324  12326  13256  15459  15461
3027  11676  11691  11693  11696
3028  11706  15537  15834  15898  15899
3029  12779  12781  14465  14466  14469
3030  11758  12808  13426  13427  13430
3031  11799  11801  14128  14129  14132
3032  11808  13071  15520  15523  15524
3034  12466  12765  12770  14545  14550  14551
3035  12178  12183  14323  14324  14327
3037  11871  12597  12599  12602
3038  12171  12176  12535  12537  12540
3040  12604  12606  15396  15399
3041  13385  13387  14797  14798  14801
3042  11985  12694  12696  12699
3044  12155  12161  13584  13587  13590
3045  12567  12569  13722  13725  13728
3047  13245  13246  13249  13494  13495
3048  12138  12867  12869  12872
3049  12146  12671  12673  12676
3050  12899  12904  13021  13023  13026
3051  12186  16274  16366  16367
3053  12828  12830  14219  14222  14225
3054  12749  12754  13007  13009  13012
3056  13014  13019  13637  13639  13642
3057  12388  12991  16587  16590  16593
3058  13551  13552  14112  14113  14116
3059  12512  12997  15151  15153
3062  12487  13158  13160  13163
3063  14074  14079  14511  14517  16143  16144  16147
3064  12581  12583  13699  13701  13704
3066  12553  13165  13167  13170
3067  12588  12883  12885  12888
3068  12772  12777  14900  14902  14905
3069  13000  13005  15424  15427  15430
3070  13855  13857  16509  16510  16513
3071  12802  13103  13916  14257  14258
3073  13323  13325  13869  13870  13873
3074  12756  13046  13048  13051
3075  12837  13284  13286  13289
3077  13181  13183  13291  13293  13296
3078  13220  13222  13513  13515  13518
3079  12907  13209  15987  15990  15993
3080  12915  13085  13087  13090
3082  12947  12998  15147  15150  15153
3083  12978  13963  13964  13967
3084  13188  13190  13979  13981  13984
3085  13506  14625  14631  14691  14694  14697
3086  13142  13147  13862  13864  13867
3087  13630  13632  14394  14395  14398
3088  13093  14149  15099  15274  15275
3089  13108  13426  13428  13431
3090  13800  13802  14089  14091  14094
3091  13355  13360  16811  16812  16815
3092  15459  15988  16114  16121  16122
3093  13839  13841  13949  13951  13954
3094  13490  13495  14590  14695  14696
3095  13213  13245  13247  13250
3097  13536  13541  13607  13609  13612
3099  13584  13589  14721  14722  14725
3102  13903  13905  16036  16039
3104  13378  13383  15647  15652  15654
3105  13392  13869  13871  13874
3107  13417  13550  13552  13555
3108  13706  13708  15630  15636  15637
3109  13926  13928  13956  13958  13961
3115  13568  13722  13724  13727
3116  13660  13662  14169  14171  14174
3117  13598  13644  13646  13649
3118  13761  13823  13824  13827
3119  13963  13965  14112  14114  14117
3122  13714  14057  14059  14062
3124  13807  13808  16525  16528  16531
3127  13986  13991  15907  15908  15911
3128  14263  14268  16395  16398  16399
3129  13846  14348  14349  14352
3131  13885  13919  13921  13924
3132  15683  15686  16017  16018  16021
3133  14256  14258  14286  14288  14291
3135  13993  13998  14219  14221  14224
3137  14226  14228  14797  14799  14802
3138  14032  14128  14130  14133
3141  14074  14082  14084  14087
3144  14272  15274  16958  16972  16973
3145  14152  14323  14325  14328
3146  14465  14470  15591  15594  15597
3147  14177  14375  16484  16487  16490
3148  14185  14458  14460  14463
3149  14293  14296  14426  14428  14431
3150  14249  14254  14394  14396  14399
3152  14277  14401  14403  14406
3154  14861  14864  14867  15539  15830  15832  15834
3155  15494  15775  16071  16124  16125
3156  14355  14575  14577  14580
3157  14380  14382  15522  15525  15528
3159  14877  14880  15037  15038  15041
3161  14450  14552  14554  14557
3164  14511  14776  14778  14781
3166  14545  14559  14561  14564
3167  14568  14673  16049  16052  16055
3168  14584  14691  14693  14696
3169  14705  14790  14792  14795
3170  14607  14804  14806  14809
3171  14721  14726  16191  16194  16197
3172  14625  14820  14822  14825
3173  14634  14753  14755  14758
3174  14698  14703  14998  15000  15003
3180  14768  14783  14785  14788
3181  14877  14882  14966  14968  14971
3182  14827  14861  14863  14866
3183  14838  15037  15039  15042
3184  14884  14887  15974  16117  16119
3188  15147  15152  16239  16242  16245
3190  15060  15065  15719  15720  15723
3191  15122  15448  15686  15707  15708
3193  15124  15129  15735  15736  15739
3197  15266  15271  16699  16702  16705
3199  15092  15275  16971  16973  16976
3215  15385  15390  16239  16240  16243
3216  15394  15543  15545  15548
3217  15417  15422  15424  15426  15429
3218  15458  15496  16120  16121  16124
3219  15529  15534  15703  15704  15707
3223  15538  15555  15834  15837
3224  15513  15522  15524  15527
3225  15557  15566  15568  15571
3226  15591  15621  16260  16261  16264
3230  15630  15639  15641  15644
3231  15647  15662  15664  15667
3232  15671  15696  15698  15701
3233  15703  15708  15758  15760  15763
3234  15719  15724  15742  15744  15747
3235  15772  15977  16071  16117  16118
3236  15735  15737  15765  15767  15770
3237  15804  15809  15877  15878  15881
3238  15788  15793  16843  16844  16847
3239  15838  15840  15861  15862  15865
3240  15907  15909  16772  16774  16777
3241  15820  15845  15847  15850
3242  15830  15893  15895  15898
3243  15853  15861  15863  15866
3244  15877  15900  15903  15906
3246  15939  15941  16010  16011  16014
3247  15932  15937  15955  15957  15960
3249  15987  15992  16113  16114  16117
3250  15994  15999  16017  16019  16022
3251  16010  16015  16049  16051  16054
3252  16061  16112  16257  16259
3253  16034  16042  16044  16047
3254  16113  16118  16120  16122  16125
3255  16081  16086  16168  16170  16173
3256  16088  16111  16253  16254  16257
3257  16097  16143  16146  16149
3259  16151  16191  16193  16196
3260  16184  16186  16239  16241  16244
3261  16216  16232  16235  16238
3262  16199  16260  16262  16265
3263  16246  16251  16253  16255  16258
3265  16365  16367  16470  16471  16474
3273  16395  16404  16406  16409
3274  16420  16436  16437  16440
3276  16445  16484  16486  16489
3277  16454  16470  16472  16475
3278  16477  16482  16859  16860  16863
3279  16509  16511  16541  16542  16545
3280  16501  16525  16527  16530
3281  16517  16548  16550  16553
3282  16541  16543  16555  16557  16560
3284  16579  16587  16589  16592
3288  16667  16683  16684  16687
3291  16692  16699  16701  16704
3292  16756  16772  16773  16776
3295  16748  16779  16781  16784
3297  16787  16795  16797  16800
3298  16802  16811  16813  16816
3299  16827  16843  16846  16849
3301  16850  16859  16861  16864
3303  16884  16891  16893  16896
3304  16955  16971  16972  16975
cells 343
0      1      2      3      5      6      7      8      9     11     12     13     14     16   3024
1     17     18     19     20     21     22     23     24     26     27     29   2704   2835   2968   3008   3174
2     30     33     34     36     37     38     40     41     43     44   3026   3092   3261   3274
3     47     48     49     50     52     53     54     55     56     58     60   2793   2902   2981
4     63     65     68     69     72     73     74     21     78     79     80     81   2710   3048
5     83     84     85     86     87     88     89     90     91     92     93     94     95     96     97   2826   3062
6     98     99    100    101    103    104    106    108    109    110    111    112    114    115   2674
7    116    117    118    119    121    122    124    125    126    128   2828   3038   3197
8    133    134    135    136    138    141    116    144    145    146    147    148   3246   3251
9    150    152    153    154    155    156    157    158    160    161    163   2950   3161
10      5    164    165    166    168    169    172    173    175   2767   2835   2934   3011   3093
11    176    177    178    179    180    181    183    184    185    186    187    188    189   2807
12    141    192    193    194    195    196    197    198   2800   2839   2979   3190
13    203    204    205    206    207    208    209    210    211    215   2965   3044   3099
14    218    219    220    221    222    224    225    226    227    134    229   2664   3190   3234
15    233    234    236    237    238    239    240    241    243    244    248   2712   2802
16    253    255    256    258    260    261    262    263    264    265    266   3147   3276
17    267    268     43    269    271    272    224    273    274    275    277    280   3238   3299
18    283    284    285    286    287    289    290    291    292    293    294    295    296
19    302    303    304    305    306    253    307    309    277    310    311     41    312   2998   3034
20    313    314    315     56    317    318    319    320    321    322    323   3010
21    324    325    327    328    265    331    332    334    335    336    337   3025
22    338    340    341    342    343    344    345    180    346    347    348    349    351   2843   2891   3035
23    353    354    355    356    357    358     12    359    363    364    365    366    368   3089
24    369    370    371    189    375    348    377    382    383    384    385    386    389   3053   3135
25    391    392    393    394    397    398    399    400    401    403   2864   2966   3124
26     29    404    405    406    408    409     74    411    412    414    415    416   2733   2952
27    419    195    420    421    422    423    424    425    426    427    428   2853   3042
28    429    430    431    432    428    433    435    436    437    438    440    441    442    347   2854
29    445    446    447    448    449    451    453    454    455    456     16   2796   2892   2986
30    458    459    460    168    461    462    463    464    465    466     23    467   3037
31    448    470    471    472    475    476    477    478    480   2858   3018   3128
32    482    483    489    490    165    492    493    460    494    495    205    496    497   3133
33    498    500    501    502    503    505    506    507    508    198    423    510   2719   3102   3265
34    494      2    511    513    514    206    517    518   2707   2767   2827   2850   2994   3087   3150
35    520    521    522    523    524    525    526    528    529    397    530    532   2997
36    535    536    537    538    539    540    541    542    543    544    546   2816   2986
37    547    549    550    551    136    226    554    555    556    557    558   2780   2789   3149
38    559    560    561    562    563    564    566    568    569    570    435    355    571    572    573   2962
39    574    575    576    577    578    580    581     79    583    584    476    585    586    587
40    589    472    590    591    454    592    593    595    596   2672   2816   3059   3082
41    574    598    599    600    589    478    601    602    604    605    606    608   3144   3273
42    415    610    611    244    612    613    614    615    617    618    619    620    621    622   2805
43    623    624    625    627    628    629    630    631    633    634    635    636    595   3295
44    637    638    639    640    642    643    644    150    645    647   2748   2975   3131   3152
45    648    649     68    651    652    653    654    655    659    660   2903   2968   2982
46    663    664    665    666    667    668     55    671    672    673    674    676    677   2776
47    679    680    681    682    684    685    686    687    689    690    692    693   2856
48    696    697    698    699    700    701    702    703    100    704    708    709   2992
49    711     34    712    713    715    716    717    718    719    720   2727   3079   3184   3249
50    721    723    624    725    726    727    728    729    730    696   2674   2770   2865
51    731    732    733    735    736    737    738    739    740    742    743    744   3047   3094   3168
52    747    748    749    750    751    752    753    754    755    756    757    758    759   2866   2927   2972   3150
53    649    760     65    761    583    762    763    764    765    766    767    768    283    772   2911   2973   3007
54    773    774    775    776    777    779    780    781    782    783    784    765   2751
55    786    787    788    789    790    791    792    743    794    795    796    797   3095
56    800    802    803    804    805    807    808    809    810    811    813    814    815
57    816    817    818    819    820    823    716    824    825    153   2813   3152   3259
58    829    830    320     53    831    832    391    834    835    836    438    837   2984
59    466    838    840    841    842    843    844    845    846    847    848    639   3071   3133
60    852    853    854    855    857    858     19    859    860    861    862    462   2716   3278
61    865    866    867    868    869    870    871    872    873    118   2695   2929   3070
62    878    879    880    881    882    883    733    884    885    887    888   2718   2776   2921   3230
63    803    890    891    893    894    895    897    898   2786   2836   2896   3005   3164
64    899    900    901    902    903    904    354    906    908    909    910    911    912   3080   3288
65    913    914    916    917    918    919     86    920    921    922    291    923   3219   3244
66    925    926    927    929    931    932    933    934    935    936    937    938   2877
67    671    940    941    942    943    944    945    946    947     87    948   2855   2902
68    949    950    951    411    952    953    954    956    957    958    959   2771   2830   3232
69    960    964    599    965    729    966    634    968    596    969    970   2943   2977
70    971    972    973    974    976    977    978    951    979    935    980
71    982    983    262    984    332    985    986    987    989    990    991   2757   2836   2939   2999   3135
72    994    995    234    996    997    998    999   1000   1001    620    642    842   1004   1005    789   3058   3090
73   1006    703   1008   1009   1010    104   1011   1013   1014   1015    861   2763   2768
74   1016   1017   1018   1019   1020   1021   1022   1024   1025   1027   2887   2907   3122
75   1029    328   1030   1031   1032   1033   1034   1035   1036   1037    938   1038   1039   2806   3137
76   1041   1042   1043   1044    808   1045   1046   1048   3092   3155   3218   3235   3249   3254
77   1050   1051   1052   1053   1054   1056   1057   1058   1033    937   1059   1060   2683   2957   3239
78   1061   1051   1062   1066   1067   1068    606   1070    736   1071   2893   2908   3041   3137
79   1073     22   1074    560   1075   1076   1077   1078      7   1079   1080    368   2694   3093
80    648   1081   1082    760   1083   1085   1086   1087    286   1088   2811   2872   3156
81    640   1089    158   1090   1091   1093   1094   1095   1096   1097   1099   1101   2949   3118   3159
82    273   1105    547    218   1106   1108   1109   1110   1111   2751   2901   2926   2976   2991   3180
83   1112   1113   1114   1116   1117    302   1120   1121   1122    268   1124   1125   2882   3261
84   1126     84   1127   1128   1129   1130    125   1132   1133   1135    192   1137   3246
85   1140   1142   1143   1144   1145   1146   1147    523   1150   1151    399   1152   1154   2863   2870   3045
86    660   1156   1157   1158   1160   1161   1162   1163   1164   2660   2872   2988
87   1166   1168   1170    612    792    998    882    243   1172   1174    744   1175   2915   3107
88    429    340   1177   1178    508    426   1179   1180   1181   1183   1185   1190   1192
89    319   1193   1195    179   1196    442   1197    385    345   1201   2984
90   1202   1203    263   1204   1205   1206   1207   1208    723    969   2874   2935   2985
91   1212   1213   1215    668   1216   1217   1219   1220   1221   1222   1223   2722
92    169   1156    659   1226   1228   1231    458   1232   1233   1234   2704   2978   3086
93   1235    394   1236   1237   1213   1238   1239   1240   1241   1242   1246    530   2841   3236
94   1249   1250   1132   1251   1252    507   1253    220   1254   1257   1258   2845   2979   3253
95   1259   1260   1108   1261   1262    779    772   1263    708   1265   2737   3017   3077
96   1267   1268   1269   1270   1271   1272   1273   1275   1276   1278    506     92   2777   2881
97   1281   1282   1283   1284   1285   1286    873   1287   1288   1289   1293   3191   3219   3233
98   1294    613   1170   1295   1296   1297   1298    881   1299   1300    732   2712   3074
99    271   1302   1303   1304   1305   1306    783   1311    311   1312   1116   1313   1314   1315   2812   2991
100   1318   1319   1320   1321    763   1261   1324   1325   1326   1330   1111   1331   1332
101   1333   1334   1335   1336   1337   1338    536   1339   1340   2697   2791   2796   3024
102   1341   1342   1343   1344   1345   1346    622    916   1347    972   1349   1350   2802   2945   3237
103   1352   1353   1354   1355   1356   1357   1358   1359   1362   2852   3070   3279
104   1363   1364   1365   1366   1367   1368   1369   1370   2697   2831   2967   3049
105   1371    425    432   1372    566   1373   1374   1375    652   1376   1380   1381   2825   2988
106   1382   1383    204   1385   1386   1387   1388   1389   1390   1391   1392    518   1393   2955   3129
107   1397    551   1398   1399    101   1400    629   1401   1403   1404    726   1406    698   3297
108    185   1409   1196   1410   1411    317     54   1412   1222   1413    667   1415    829    433    572   1418   2954
109   1419   1420   1421   1422   1424   1425   1426   1428   1429    344   1432   1027   2838   3288
110   1433   1434   1435   1436   1437   1438   1439   1440    505   1095   1257   1441   1442   2748
111    117    872   1443   1444   1445   1446   1448   1450   1420    901   1451   1452   1016   3279   3282
112    576   1456    605   1458   1459   1460   1462   1463   1464   1053   1061   1467   1468   2997
113    221   1109   1442   1253   1471    503   1472   1473   1474   1475    774   1476   1304   1477   3002   3303
114   1478   1441   1269   1479   1480   1481   1091    160   1482   1483   1484   1485   3131   3138
115   1486   1487   1488    712   1490   1493    820   1495   1496   1025   1497   3099   3171
116    666   1500   1216   1501   1236   1502   1504    392   1506    834   1415     52   2855
117   1507   1508   1509   1510   1511   1512   1513   1514   1515    554   1406    631   2689   2725
118   1518    817   1519    682   1520   1521   1522   1523   1525   1527   1528    161   1485   1529
119   1530    999   1531   1532   1533   1534   1535   1536   1168    790   2724   2944   3067
120    490   1539   1540   1541    209    647   1490   1544   1545   1547   1548   2813   2916   3071
121   1550    248   1551   1314   1553   1554   1555   1557   1343   1558    617   2947   3078   3090
122   1560    904   1561   1562   1563   1564   1144   1565   1446   1566    871   1567    148   2828   2970
123   1568   1569   1570   1572   1573   1534   1574   1386   1575   1576   2974   2983   3075
124   1445   1421   1579   1565   1580    912   1581   1582   1583   1584   1586   2859   2863   3064
125   1589    914     90   1246   1285   1590    945   1594   1595   1596   1598   1601   3146
126   1603   1604   1605   1142    398   1607    804    898   1608   1609   1610   1611   2743   3054   3276
127   1614    791   1615   1616   1617   1618   1620   1031   1622    335   1624   1625   2727   3274
128   1627   1326   1628   1629   1631   1511   1632   1633   1634   2789   2868   2926   2965
129      8   1636   1637   1638   1639   1333   1640   1074    858     26   2934   3037   3049   3292
130   1644    561   1077   1373   1645     81    651   1646   1647   1648   2871   2948   3008   3022   3097   3170
131    492   1649   1650   1541    715   1651   1652   1569   1653   1657    211   1388   2707   2944   3171   3259
132   1658    225   1046    126   1659    133   1660   1662    555   1663   1664   2938   2987   3238
133   1665   1666   1667   1151   1398   1669    103    401   1670   1671   1603   1672   2755   2865   2935
134   1673   1358   1677   1450    867   1679    899   1680   2970   3073   3105
135   1682   1683   1324   1684   1122   1686   1687   1688   1568   1391   1689   1690    289   1691   3007   3069
136   1693    194   1694    420    437   1695    837    115   1696   1697   1698   2937
137   1365   1701    544   1339    740   1703   1704   1174   1299   1706   1708   1709    796   3116
138    700   1711   1712   1713    408    957   1714   1715   1716   1717   1015   1718     99   2709   2770   2874
139   1515    630   1719   1720   1721   1722   1723   1724   1725    990   1727   2960   3297
140   1731   1732   1271   1733   1734   1735   1736   1737   1738   1739   1740   1741   1742   2732   3225
141    860   1744   1475   1745    775   1747    464    845   1749   1233   1751   3281   3298
142   1754   1755   1359   1756    692   1757   1758   1759   1760   1763   2713   2993
143   1766   1724   1580   1563   1146   1769   1770   1507   1771   1403   1772   3141
144   1773   1318    581   1382   1775    480   1776   1777   1778   1779    764   1088   1780    287   1781   1686
145   1783    416   1784   1785   1223   1786   1787    621   1788    973    950   1789   2710   2945   3022
146   1790   1791     38   1792   1652   1576   1616    787   1794   1035   1795    719   1798   2724
147   1799   1800   1801   1803    363   1804   1806   1807   1809   1586    906   2775   2932   3014
148   1811   1812    868   1813   1288   1087   1814    292    922   1816   1776   1818   1819
149   1525   1820   1821   1740   1823   1824   1825   1826   1827   1758    687   1357   2726   3182   3282
150    240    674   1830   1221   1831    880   1294   1833   1834   1835   1836   1346    615   1837   1786   1839
151   1841   1842   1843   1548   1844   1183    854    459   1846   1847    495   1848   1849   2817   3263
152   1853   1205   1854   1855   1856   1857   1715   1859    304   1860   1862   2913   2956
153   1596   1863   1239   1864    980   1865   1866   1867   1058    934   1349   1868    919   2686   3233
154   1871    739    795   1615   1872    540   1873   1709   1874    336   1875   1876   2806   3041
155   1877    598   1070     11    456    359   1882   1883    471   1460    584   1884   1885    909   1804   2951   2990
156    500   1268   1482   1886   1440   1888   1889   1258   1094   1891   1892   3051
157   1893    720    163    823   1894   1895   1617   1897   1898   1899   1900   2798   3083
158   1901   1372    559   1902   1078    166     20    653   1644   1904   2660   2963   2978
159   1905   1906   1889   1907   1908   1909   1096   1910   1911   1439   1252   3303
160   1913    986   1914   1915   1898   1918   1919   1920    176   1921   1922    370   1923   1926   3157
161   1928   1437   1929   1930   1473   1931   1010    853   1842   1179    502   1933    427   3252   3256
162   1934   1935   1936    314     49   1937    156   1093   1940   1942   1943   1481   1891
163   1105    227    272   1944   1945   1946   1325    557   1947   1948   1628   1949   2987
164    229   1950    549   1397    108    702   1009   1951   1476   1263   1952   1110   2714
165   1923   1953   1936    315   1954   1956    383   1957   1958   1959   1960   2798   2950   3118
166    781   1961    762   1963   1311   1557   1965   1683   1966   1967    284   1124   1968
167   1969    878   1833   1970    664   1410    188   1971   1972   1973   1974    563   2722   3108
168   1975   1914    989    891    815   1976   1978   1979   1980   1981   3066   3155
169   1983   1354   1679   1984    296   1777   1389   1985   1819   1986   1987   1988   2695   3069   3217
170   1067   1990   1991    735    883   1992   1993    366   1799   2990   3015   3030
171    983   1611    260   1721   1999   2000   2001   2804   2870   3005   3019   3063   3141   3257
172   1272   2002   1741   2003   2004   1371    424   1178    510   2006    431   2008   3277
173    788   1535    932   2009   2010   2011    742   1573   2014   2015   1068   2016   1059   2017   2018   3085
174    918    294   2020   1868   1342    979   2021   2022    927   1967   1689   2024   2025   1816   3132   3191   3217
175   1639   1334   2027   1366   1704   2028   1300   2029   2030   2031   2694   2733   2805   2895   3174
176   2033   2034   2035   2036   1609   1242   2037   1506   2038    947   2039   1590    814   3124   3280
177   2043   1281   2045    121   2046   2047    813   2048   1048   2049   2050   2051   2938
178   2052   2053   2054    843   2055   2056   2057    995    236   2058   2059   2947
179   1747    467    862   2060     18   1262    767   2061    784   2062     78   1234   2063   2982
180   2064   2034   2065   2066    943   2067   1909   2068   2069   1940   1101   1892   2070   2793
181   1463    602   1062   2071   2072    965   1052   1034   2074   2076   2077   2830   3088   3117
182   1528    685   1754   2078   2079   1821   2080   2081   2083   2084   1044   1976    807   2049
183   2085   2053   1004   2086    233   2087   2088    748   2089   2090   1533   2091   2915
184   1981    893   2092   2093    684   2084   2094   2713   2744   2918   2933   2995   3057   3157   3224
185   2095    895   2097   2098   2099   2101   1809   2102   2103   2744   2765   2782   3009   3239   3243
186    187   1970   1411    681   2105   2106   2108   2109   1943     58    665   2110   3031   3138
187   2113   2114   2115    445   2116   2117   2118   1512   2119   1632   1497    210   2708   3122   3295
188    564   2121   1075   1646   2122   1412   1973   2123   1783   2125   1835   2127   1219
189   2129   1127   2130     93   2131   2132   1086   1814    290   2133   2134    920   2928
190   1306   2136   1946   1682   1331   1106   1963   1265    280    782   2882   2911   2931
191   2138   2139   1320   1781    578    475    704   2140    608   2141    970   2143   2973   3077   3304
192    686   2144   2145   1356   1824   1757   2146   2147   2148   2150   1742   2972   3068
193    644    846   1005   2152   1893    713    824   2154   1536    786   1792   1650   1540    152   1624   3119
194   1488    718     33   2158   2159   1948   2160    215   1798   1651   1629   2708   3050   3075
195   2161   2162    756   2163   2166   2167   2168   2169   2170   2146   2732
196   1409    441    569   2171   2172   2173   1201    181    343   1972   2174   2175
197   2176    521   1807   2180   1154   1459   2181   2182   2183   2782   2859   2951   2957   3080
198   2184    949    618   1788    978   1345   2186   2187   2188   2189   1554   2761   2952
199   2190   1527   2191   1731   1276   2192   1823   1478   2193   1434   2194   3051   3265   3277
200   2018    936   1050   1794   1620   1032   1071    738   1871    794   2197   2983   3067   3173
201    890   2094   2080   1287   2198   2199   2200   2050   2204   1756   2099    811   2205   3066   3262
202   2025   1690   1966   2188   1344   1553   2206    977   2208   2211   1113   1315   2877   3000
203   2212    309   2213   1911   2214   2215   2065   2033    802   2216   2218   2875   2879   3054
204   2102   1803   2220   1913    177   1975    987    897   2222   2223   2225   2804   2894   2918   3247
205   1773   1387    203   2228   1627   1332   1691   1657   2160   1949   2888   2931   2974
206   2071   2229   1121   2230    258   1036    964   2231   2232   1853   1204   2235   3025   3034   3166   3215   3260
207    888   1990   2237   2238   1800   2101   2239   2240   2241   2016   2243   2778   2995   3094   3247
208   1474   1259    773   1951   1008   1930   1745   2245   2063   2246   2716   2901   2992   3301
209   1830    677   2247   2039   1238   2249   1217   1595   1500    941   2686   3237   3244
210   1660    556   1947   1514   2251   2253   2256   1021   1486   2118   1631   3028   3050   3223
211   2258   2259   1305   2260    310   2213   2261   1856   1097   2064   2262   1905   2263   2264   2940   3181
212   2265   2267   2268   2269   1082   2132    295   2270     96   1158    923   2272   2273   2275
213   2276   1039   2277   1688   1575   2278   2197   2024   2279   1112    925   1791   2208
214   2281   1735   1381   2282   2167   2283   2284   2285    568   1901   2004   2286   2175   2854
215   2258   1099   1303   1471   1436   1910    780   2288    844   1749   2290   2291    637   2292
216   2294   2295   1129     88   2296   1907   2215   2067   2036    948   1251   2297   1598   2298   3241
217   1784    954   1456   2299   2300    412   2301   2302    577     73   2930   3088   3144   3199   3304
218   2304   2305   2306    585   2307   2308    655   1081   1779    761   2309     63   3097
219   2310   2045   2298   2312   1283   2035    809   2218   3029   3146   3226   3262
220   1719   1604   2001    623   1771   2314   1140   2315   1404   2317   1208   1669    725   3147
221    543   1872   1708   2320   2321   2322   2323    797   1614   2953   3058   3083   3107   3119
222    730   2324    635   1999    325    985    966   2325   2317    266   1207   2960   3082   3188   3260
223   2183   1066   1467   1882   1806   2327   2098   1993   2238   2683   3085   3168   3172
224   2329   1428    351   1180   2330   2331   1020   2333   2334   2335   2336   2817   3145
225   2074   1037   2206   2337   2189    976    926   2338   1125   2340   2341   2277   2231    956
226   1780    470   2140   1321   1634   2228   2116   2343   2344    208    447   2345   2955
227   2346   2347   2348   1572   1653   2349   1531   2350   2014   2090   1385    752   2994
228    917   2020    293   2351   1965   2272   1550    237   2058   2353   2354   1341   2355   2823   3000
229   1275   2357   2192   1732   2358   2359   1480    693   2144   1825   2362   1520   3031   3040
230   2363    754   2089    482   2364    173   2365    465   1228    838   2056   3087   3091   3298
231   1844   2368   1544   2369   1521   2191   1496   1019    819   2331   2371   2373   2374
232   1522    157    825   2193   2369    638   1435   2375   1484   1841   1545   3006   3252
233   2376   2006   1270   2281   1737   1375     95   2131   2378   1163   2273   2381   2382   2170   2963
234   2143    601   2383   1206    721   2077   2385   1712    699    952   2229   2386   2943   3199
235   2388   2055   1231    847   2389   2353   2288   1968   2390   1751    776   2812   3078   3091
236    777   1232    766    285   1961   2061   2389   2265   1161   2351   1083   2851   2903   3281
237   2333   2391   1190    341    382   2392   1846   2394   2395   2667   2720   2814   2961   3004   3127
238   2301   1789   1220   2397   2398   2399    528   1462    587   2305   2127     72   1647   3012   3193   3236
239   1302    269   1254   2401   2402   2290   1906   2212   2296   2260    312   2664   3002   3180
240   2403   1988   1393   2022   1687   2350   2010   1574    929   2279   2404   2405   3173   3250
241   2408    604    590      9   1877    737   1874    451   1340    539   2409   2893   3018   3030   3089   3116
242    264    991    331   2411   1618   1900    717     30   2412   1980   2413   1915   2941   3254
243   2416    751   2417   1904    172   2364   2418   2381   1160   2286   2162   2420   2850   3086
244   2421   2422   1759   2148   2423   2424   2426   2427   2778   2856   2927   3040   3057   3284
245   2428    908   1583   2429   2430   2431   2284   1419   2172    356    573   2434   3014
246   2435   2436   2437    322   2438     50   2439    109   1697    831   1502   1665    400   2441
247   1018   1432   1769   1566   2442   2256   2443   1509   1444   2444    138   2445   1663   3038   3064   3149
248   2447   2448   2357   1273   1736   2150   2163   2451    759   2452   2423   3062   3216
249    184    318   1954   1193   2109   1920   2456   1418    375   1935   2460   2981   3169
250   2130    921     89   1589   2294   1126   1813    119   1284   2043   2461   2929   2996   3029   3291
251   1120    267     37   1684   2278   1570   2466   2159   1945   2467   1795   2136   2888
252   2468   2424   1352   2147   2469   2346   2470   2404   1392   2017   2471   1984   2866   2993
253   1894    154   2474   2152    996    643   2475   2476   1953   2478   2323   2860   2949   3183
254   2479   2480   2268    749   2086   1226   2417   2388   1157   2052   2363   2823   2851
255   2445   1766   1581   2481   2483   1425   1723   2725   2814   2822   2861   3035   3145   3148
256   1433   1181   2194   2484   1733   2002   2485   2330   2373   2719   3006   3256   3263
257   2324    984    542    371   2486    625   1720   2487   2488   2672   2740   3004   3104   3148
258   2368   2489   2336   2490   2491   1495   1847   2492   2117   1547    497   2720   2907   3044
259   2493   1755   1818   1983    866   1355   2204   2494   2021   1286   2468   2403   2857
260   2495   2496    111   1952   1399    550   2497    145   2498   1672   2839   2937   3167   3234
261   2283   2174   2003    346    430   2499   1739   2485   2430   2500   1429   2329   1177   2942
262   2211   1558   2501   1312   1117   2261   1855   2340   2502    303   2232   2761   2779
263   1073     27     69   2503    404   2125   1837   2030   1296    614   1787   2871
264   1671   2495   2507    524   2508    403   1694   2439    110   2510   2511    832   3021   3045   3115
265   2496    106   1950   1931   1693    501   1249   1472   2245   1011    219    419    193   3255
266   2515    900   2431   1734   1673   1452   2516   2518   2500   2282   1826   1362   2166   2145   2838
267   2520   2502   1857   2385   2235    953   1716   2521   2337   2186   2985   3117
268   2225   1147   2524   2525   1582   2483   1722   1772   2181   2717   2775   3009   3063   3164
269   2528   2529   2530   1638   1336   2531   1364    386   2532   2533    537   2961   3104   3231
270   2095   1610   1240   2535   2536    894    805   2037   1282   1601   1866   2537   1057   2205   3226
271   2486   2325    324   2538   2320   1876   2539    369    541   2785   2939   3059   3231
272     44    307   1114   2540    255   2276   1030   1790   2411   1625   2341    337   2230   2467
273   2359   1519   1483   2541   1919   1899    679    155   1934   2108   2456   1959   3032   3224
274     94   2544   1942    672     60   2358   1479   1267   1886   2069    942   2545   2448   2546   2110   2549   2550
275   2121   2503   1831   2551    879   1297   2031   1076   2552    365   1969    562   3015
276   1085   2306   2553    654   1376   2554   2555   2275   2556   2382   2134   1164   2948   3027
277   2557   2182   2536   1865   1458   1241    520   2302   2397   1056   2747   2772   3243
278   1839    673   2560   1175    241   2561   2087    758   2562   2447   2545   2422   2921   3074   3084
279   2246   1260   2060    859   1006   1717   2564    709    406   2565     17   3048
280   2054   2291   1313   1555   2390    848   2567    994   2779   2975   3159   3181   3183
281   1645   2568   1380   2122   1695   2569   2510   2570    836    440   2954   2962   3027   3042
282   2184    611    958    414   2571   2572   2573   2574   2575   2521   1713   2831   2895   2956
283   2576   1133     91    498   2008   1278    421   2376   2129    196   2556   2825   3023   3253
284   1215   1235   1413   1504   2123    393    526    830   2577   2570   3012   3021   3170
285   2535   1150   2557   2180    532   2717   2743   2765   2841   2864   2896   3019   3280
286   1622   1897   2413   1922    334   2474   2322   2578   1960   1875   2539   2999   3053
287   1991    358    731   1703   1335   2028   1079   2551   1298    884   1636      6   2409
288    306   2216   2580   1605     40   2540    800   1979    982   2412   2000    261   2786   2809   3218
289   1501     48   2066    946   2038   1608   2583   2441   1666   2264   2584   2879   2880   2966
290   2327   2097   2015   1060   2537   1293   2199    931   2585   1867   2857   3132   3250
291   2391   1424   2335   2443   2489   2119   1508   1727   2253   2587   2481    636   2487   2887
292   1443   2589   1289   2200   2079    865   2493   1760   1827   2051   2852   3197   3291
293   2085   1000   2057   2365    757   2154    841    483   1530   2349   1649   2827   2916
294   1089   2501   1854   2259   2592   2573    619   2593   2520   1551   2187   1001   2567   2860
295   2292   1438   1928   2375   1843    463   1477   1744    840   1539    645    489   3278   3301
296    342   1422   2173    186   2428   1584   2594   2595   2524   2822   2894   2932   2942
297   1848    338   1185   1013   1929   2596    852   2528   2394   2598   2599   2600   3240   3292
298   2106    689   2222   2603   2239   2092   1921   2605   2460   2807   3032   3108   3230   3284
299   1197    321    835   2438   2600    436   1933   1192    114   1698   2684   2768   2843   2853   3056   3255
300   1873    591    600    960   2072   2408    538   1029    327   2538   2908   3188   3215
301   1045   2312   2048   1662    275    810   2606   2214   2402   2607   2809   2998   3026   3241
302    628   1513    593   2608   1319   2139   2609   2114   1633   2345   2892   2977   3128   3273
303   2610    449   1640    164    855   2530    461      3    493   1849   2611   2490   2791   3127   3240
304   2613   2598   2614   2395    349   1195   1956    384   2615   1370   2532   3010   3056   3109   3169
305   2617   2476   1937    313   1958   2593   2574     47   2618   2262   1860   1090   2436   2070   2584   2619   2794   2967   3109
306   2081   1518   2620   1043   1493    711   2621    816   2371   1024   2623   3154   3182   3223
307   2595   2525   1725   2220    389   2392    178   1926   2740   2757   2861   2891   3257
308   1888   1128     83   2550   2068   2295    944   1908   2845   2881   3023   3102
309   2578   2478   1957   2321   1706    377   2615   2531   2624   1363    535   1338   2785   2794
310   2115    207   2344   2611    513    496   2626     14   2491    446   2904   3011   3129
311   1658   2606   2310   2047    128   2401   2297   1250   1130    222    135   2800   2996   3299
312   2627    144   2628   1145   2629   1564   2630   2507   2631    522   2498
313   2626    477    455   1775   1383   2632    911   1986   2633   2343    353   2634     13    514   1677   1883
314   2635   2269   2480   2088    747   2636   2549   2452   2354   2059    238   2561   2826
315   2637   2638   2631   2554   2568   2508    525   2577   1648   2639   2398   2304
316   1054   2338   1038    974    933   1864   2076   1464   2747   2771   2797   2930
317   2575   2640   1014   2599    112   2614   2641   2617   1862   1369   2437    323   1714   2684
318   2571    610   1295   1172   2592   2619   1701    997   2475   2029   1367   2624   2953
319   2564    701   2062   2383    959   2299    575    409    768     80   2141   1718   2737
320   2263   1859   2641   1711     98   2644   1203   2583   1670    727   2435   2618
321   1884    903   2645   1561   2633    869   2646   1680    580   1811   2309   1778   1987   2858   3156
322   2544    940     85    676   2247   1836   2635    239   1594    913   1347   2355   2270   3084
323   1607   2580   2644   2315    305    256   1202   2755   2875   2880   2913   2940   3166
324   2494   2426   2471   2649   2198   2241   2103   2585   2009   1763   2405   2933   3172
325   2645    902   1560   1143   2308   2639   2399   1579   2629    529   1468    586   2176   2651   1885
326   1834   1350   1785   2249   1212   1237    971   2300   1863   2772   2797   3193   3232
327   2027   1368   2529   2613    405   2572   1637   2640     24   2565   2596    857   2709   2763
328   2378   1162   2416   2479    750   2636   2267     97   2451   2168   2777   3225
329   2603   1801   2223   2240   1992    887   1971    183   2171   2594   2552    571   2429    364
330    680   1529   2541   1918   1978   2083   2623    818   1895   2093   2941   3161   3184   3235
331   2420   1902   2285   2515    910   2632    357      1   1080    511    570   2434    175   2169   2652   3105
332    968   2138    627   1330   2609   1401    728   2386    697   2689   2714   2780   2868   2976   3017
333   2046   2589   1017   1042   2653   2444    122   2078   1451   1659   2726   3028   3154   3242
334    870    124   1812   1137   2461   2654   2307   2638   2651   2627   2553   1567   2646    146   2811   2928
335   2637   2511   2630   1696    197    422   1374   2555   2654   2569   2133   2576   1135   3167   3251
336   1562   2442   2497    147    558   1510   2314   1400   1770   1152   1667   2628   3115
337   1820   1022   2653   2621   1523   2190   2374   1448   2484   1426   2334   2499   2516   1738
338   2161    755   2470   1353   1985   2418   2348   1390   2634   2652    517   2518   3068   3073
339   2656   2427   2649   2469   2562   2091    753   2347   1166   2011   1532   2243   2718   3047   3095
340   2251   1944   2620   1041   1487    274     36   2466   2158   1664   2607   3079   3242
341   2610   2492    633   2608    592   2533   2587   2113    453    546   1337   2488   2667   2904
342   2237    885   2105   1974   2546    663   2605    690   2560   2362   2656   2421   3216
