,Initial_Stress,Final_Stress,Initial_s0,Final_s0
0,0.2826305478269877,0.2983460036083525,5.0,4.978702215411168
1,0.3123426196285015,0.33014963935961417,5.0,4.979860661312392
2,0.23490895877163265,0.24838947569254466,5.0,4.973234053578635
3,0.21408702611737462,0.22591971999726046,5.0,4.980450813215267
4,0.08202321085483022,0.08667373086775365,5.0,4.980827148311171
5,0.3863922367905608,0.40749159491190157,5.0,4.98247949537598
6,0.25515867602211184,0.26988726263456564,5.0,4.976684975274397
7,0.2787404094866721,0.29433470793246497,5.0,4.977358979927873
8,0.34615604590054305,0.365691951573454,5.0,4.977004350055374
9,0.22948110648449194,0.24221634852674012,5.0,4.9780189052428
10,0.22414277254066772,0.2365844587796515,5.0,4.980395722857889
11,0.15309950374647974,0.1618132173600495,5.0,4.97782700300907
12,0.4096732018800848,0.43225042812134307,5.0,4.979544812473744
13,0.23086295508754384,0.24377727903331725,5.0,4.979434481837748
14,0.19590495718959655,0.20727682396593905,5.0,4.978755931463654
15,0.14008843299594043,0.14771261710208505,5.0,4.979763697193498
16,0.20937027724624735,0.22106376093277613,5.0,4.979081674047752
17,0.3521897268608558,0.37173130979144253,5.0,4.978492934503986
18,0.1307251543489043,0.13788291634108907,5.0,4.98129282468561
19,0.2238607779213324,0.2363938479295673,5.0,4.9802194291884305
20,0.13545782951123342,0.14292946990171695,5.0,4.977084772632079
21,0.21292781984906894,0.22481659555319644,5.0,4.976044367344565
22,0.3861351415972698,0.40704000141608154,5.0,4.9808078940114076
23,0.26067698009877804,0.2749894149931078,5.0,4.980255704434491
24,0.16673664232380903,0.17602312173365964,5.0,4.978922517260296
25,0.2980213663721807,0.3143185284375569,5.0,4.981274481201972
26,0.17063946263033491,0.18011068747840664,5.0,4.978455255745962
27,0.36085066268508914,0.3807950732702703,5.0,4.977929067919709
28,0.2484966212354387,0.2622055540132491,5.0,4.9796551551013835
29,0.18772584344215582,0.19832575829898258,5.0,4.977042606500719
30,0.2481567416393422,0.2621388809915599,5.0,4.977893899609507
31,0.13511683426664822,0.14258032161349488,5.0,4.981251667013282
32,0.2652321135336766,0.2797362609045646,5.0,4.980909560388129
33,0.08300671879011534,0.08762492582213799,5.0,4.979900900412151
34,0.2664068320197215,0.28130397891123216,5.0,4.978955223027874
35,0.210527984307729,0.22207090221699022,5.0,4.980814341680508
36,0.26252499795306394,0.27735327231983997,5.0,4.975428071362016
37,0.2009480920051876,0.21206939140653613,5.0,4.97677961472597
38,0.075525135582303,0.07973457974822162,5.0,4.978962108864122
39,0.22193116864535845,0.23465740567709825,5.0,4.9758287764630715
40,0.27719313806402646,0.29274939680594914,5.0,4.977400245371149
41,0.21465821729208567,0.22650490137575874,5.0,4.980308606561765
42,0.16128510797775952,0.17034198717187743,5.0,4.979143928854937
43,0.18214890729112088,0.19205072217633679,5.0,4.984753272583822
44,0.11310308999760887,0.1193979622599326,5.0,4.979518912050924
45,0.24831470263994637,0.26173449070149135,5.0,4.978562887110298
46,0.20184437217881546,0.2131379634737558,5.0,4.976575245543264
47,0.2095996937966953,0.22137530501930214,5.0,4.977491069390005
48,0.17066760332342534,0.1802287637760771,5.0,4.978062379291348
49,0.25964436312172157,0.27382474530649037,5.0,4.983890336873662
50,0.17298357326006952,0.18246751226314495,5.0,4.979592310818219
51,0.21351383161304893,0.22517798810059353,5.0,4.980109362433467
52,0.18910870470539098,0.19987097797589182,5.0,4.980012610976798
53,0.13261732740872723,0.1400069318985182,5.0,4.979250914871507
54,0.2626761056623699,0.27708830907004733,5.0,4.980240507614075
55,0.07098893453609834,0.07525940964260136,5.0,4.980441249135215
56,0.19707403237956767,0.20757356724862164,5.0,4.980312276667274
57,0.22387403296056774,0.2364321855449183,5.0,4.9760295813399225
58,0.21229314787383502,0.22386336319063127,5.0,4.981520304451621
59,0.1877176201951234,0.19823606557061035,5.0,4.978341481857864
60,0.2715108531522883,0.286500012363579,5.0,4.9799073525647675
61,0.19629984748363016,0.20724108370854077,5.0,4.978733141520921
62,0.25423758071380487,0.26847898555945404,5.0,4.9773003939882
63,0.27390287515453826,0.28916714130160015,5.0,4.976810605741244
64,0.07354433129081883,0.07765475410850486,5.0,4.977840576965624
65,0.12238580150180911,0.12942604749078335,5.0,4.978656661380212
66,0.29957894055570344,0.31610093267782413,5.0,4.979565983558905
67,0.16675996132069892,0.1760353179106975,5.0,4.978210479430389
68,0.2397352691082426,0.25309206721063027,5.0,4.98016751366805
69,0.14092625241736467,0.1488885370319628,5.0,4.978608740721766
70,0.27547166606619045,0.29082990994825364,5.0,4.9790204531628035
71,0.15413475100022023,0.16266301692241547,5.0,4.979309379515158
72,0.2660275678958346,0.2808567145848955,5.0,4.979176391302316
73,0.20926557927678613,0.22095078478192232,5.0,4.978473736469251
74,0.16477048920001613,0.17395583927925085,5.0,4.978803684781008
75,0.1735014591599422,0.18308883859461567,5.0,4.978881107040474
76,0.43415142500405146,0.4583895408457188,5.0,4.976990818828426
77,0.3366938397366852,0.3550886293828994,5.0,4.979905002462344
78,0.19108382611202246,0.20158623623155703,5.0,4.980878646082232
79,0.18467076577441666,0.194887725066913,5.0,4.980555823317285
80,0.281065108507655,0.29759827533851557,5.0,4.977005066844047
81,0.23061836192175922,0.2434304634411779,5.0,4.979616506854141
82,0.14917329710423566,0.1573445793506043,5.0,4.980548794840747
83,0.43202629322306496,0.4563214299625411,5.0,4.9787138342829085
84,0.224937461719231,0.23737906696941025,5.0,4.980937770880853
85,0.27471199102716426,0.2896135769344139,5.0,4.9816170584681
86,0.21646967912733284,0.22866243873080583,5.0,4.9766601971961055
87,0.06271780382241388,0.0661365069506652,5.0,4.98005033755053
88,0.1704575123185843,0.17998667429840354,5.0,4.978612482456697
89,0.12623522877864768,0.13331092445496395,5.0,4.979575949947597
90,0.22905280883661416,0.24172027300515642,5.0,4.980215141994062
91,0.20936703684854785,0.22089934133199418,5.0,4.9803681928986165
92,0.22447501766384836,0.23708941941316253,5.0,4.9762944271730625
93,0.17892989656518576,0.1888860927717384,5.0,4.9791212911616345
94,0.20371006352951904,0.2151887783855606,5.0,4.975735826920236
95,0.2983227833949553,0.3150676083059769,5.0,4.977226194341267
96,0.1633993363793662,0.17255140327447083,5.0,4.977857800080656
97,0.17704757909464108,0.18697119591664157,5.0,4.977102506289901
98,0.3448604630005254,0.3639554981783868,5.0,4.979320725334162
99,0.34515025162942026,0.364214540148587,5.0,4.97795441733162
100,0.06842542423790343,0.07232106368218272,5.0,4.977593563041447
101,0.21744816883482287,0.22960090406662403,5.0,4.976872521176414
102,0.3181341919453613,0.3359779864439818,5.0,4.976893781175047
103,0.21110136919053968,0.22297129500973023,5.0,4.975747859697028
104,0.11961450701685084,0.12664729785103757,5.0,4.97700466896732
105,0.17372333591662636,0.1833732437713398,5.0,4.9788867245063795
106,0.254878439785194,0.26912525623989825,5.0,4.978862907359929
107,0.3090379426615757,0.326565309359631,5.0,4.975640567543316
108,0.2015919004411426,0.21285931091464927,5.0,4.977358065930559
109,0.24777569833541002,0.2616477323031934,5.0,4.9788399069588785
110,0.16418914439655286,0.17335433100908437,5.0,4.978512585506678
111,0.15579105379641156,0.1644508777112521,5.0,4.980746213598577
112,0.12458585910438558,0.13163760517721257,5.0,4.978793638792203
113,0.19990228308610214,0.21103377924796551,5.0,4.979066879547718
114,0.23196507065234861,0.2451005439659386,5.0,4.9772044722133835
115,0.3478418011651918,0.3672576672287857,5.0,4.975357926275716
116,0.2600542858656014,0.2747149739393091,5.0,4.977225520516297
117,0.13486865293558514,0.14245143335511967,5.0,4.976536715707551
118,0.22996517260419091,0.2428570836453523,5.0,4.978451750592887
119,0.12608486461741686,0.13301339527139677,5.0,4.9799722915282185
120,0.18410238077070917,0.19462163412157718,5.0,4.9788158097269
121,0.126353547994853,0.1332383437682665,5.0,4.979561264234977
122,0.20981459882216202,0.22153713935947295,5.0,4.978980711552792
123,0.1082840565462666,0.11436748927449347,5.0,4.97771736271174
124,0.2235115634386977,0.2359368199274292,5.0,4.9774529275199875
125,0.2730335964923738,0.2889847225479856,5.0,4.9780866816839
126,0.11511522376979588,0.1214299188780592,5.0,4.978894549782025
127,0.16134612647850544,0.17048535713983703,5.0,4.977002090936038
128,0.27592502074439595,0.2914150170019163,5.0,4.978164713857449
129,0.327854712908453,0.3457962421570089,5.0,4.9800095732017
130,0.09350067333122025,0.09876823960077652,5.0,4.976272588453643
131,0.32640180300667554,0.3448421257442349,5.0,4.982162531220284
132,0.14128378320098145,0.14909752158425982,5.0,4.979649148424645
133,0.19730922116018923,0.20816407932164505,5.0,4.980030340568371
134,0.2667977208203638,0.281394711433143,5.0,4.9795668366276935
135,0.162934332393478,0.17207097982464048,5.0,4.977788030040484
136,0.22204016224053258,0.23435750603075034,5.0,4.979762214778356
137,0.2233725035754448,0.23580578183337586,5.0,4.978260263133247
138,0.3045000232721071,0.321469560130452,5.0,4.978518919632409
139,0.2344136389165281,0.24737267799869,5.0,4.980092723223457
140,0.2621703979176988,0.2769452002320727,5.0,4.978037617023379
141,0.2262203642641234,0.23868124791085799,5.0,4.981433082323958
142,0.2102453836601279,0.22173094866441145,5.0,4.979852016356068
143,0.284581473935434,0.3003975819375271,5.0,4.979261871539569
144,0.17572875217545536,0.1856558320054036,5.0,4.977719318743308
145,0.13554500245363355,0.1432782517779887,5.0,4.980782563318211
146,0.3141348133872768,0.33153548346184447,5.0,4.978717732081845
147,0.1642476796468335,0.17360861565195718,5.0,4.975806827737257
148,0.08371238989491658,0.08835648274123398,5.0,4.979118173096486
149,0.2923223945216511,0.30867305578799575,5.0,4.978020907912519
150,0.21408087487815441,0.22610117099318439,5.0,4.9780269786868026
151,0.2995005567838598,0.3161835310216017,5.0,4.976633856906876
152,0.1504740672726308,0.1589500668284296,5.0,4.975580516871201
153,0.26487523732860274,0.2795907021815278,5.0,4.97875077155439
154,0.30594793784931684,0.3228601301274103,5.0,4.978134858660477
155,0.22595924352400054,0.2382251251657137,5.0,4.975708856421734
156,0.12130559139765995,0.12784713295665173,5.0,4.98191384124703
157,0.13425201318703106,0.1416569105785428,5.0,4.981239862338622
158,0.18456572662734394,0.19483562305147828,5.0,4.979417067431751
159,0.11506297679208966,0.12163410147327092,5.0,4.977193714058439
160,0.1859900971315649,0.19609337159022622,5.0,4.976546876339141
161,0.27816693427182937,0.2939936080880776,5.0,4.9752736412050425
162,0.17881232427350002,0.18873541499152902,5.0,4.980625277255593
163,0.1866604847160811,0.19709485287260176,5.0,4.979165651608239
164,0.23777761430451805,0.2509525093679936,5.0,4.978523379035984
165,0.258339404553934,0.2724906342742892,5.0,4.981115582210807
166,0.1268329714865022,0.13400993982049392,5.0,4.979861733036541
167,0.18129206471805448,0.19143856161573325,5.0,4.976926541917885
168,0.29885903869351904,0.31546083298413086,5.0,4.9781696905649575
169,0.23980270690260475,0.2532482478542637,5.0,4.976296898231034
170,0.2969325278882142,0.3133607970638326,5.0,4.978789383591824
171,0.29675572141577633,0.313491173582519,5.0,4.979111937034544
172,0.14123332212658868,0.14923707189922597,5.0,4.9792431339268095
173,0.2840298695154422,0.30001067827826544,5.0,4.9774676322125
174,0.3886614568192317,0.4102600505894689,5.0,4.9772498230528495
175,0.1949576224634002,0.20613616306222937,5.0,4.976771108711713
176,0.06746053225641924,0.07139336931125673,5.0,4.9793044310513235
177,0.24468352614870925,0.25884749702655485,5.0,4.979646716319142
178,0.09141065736118059,0.09646065810481108,5.0,4.979447842793769
179,0.21108566941043683,0.22285050714428345,5.0,4.979503683280901
180,0.19994644465202427,0.21108083253153587,5.0,4.980036821239562
181,0.11232206390176191,0.1186887794528868,5.0,4.979418595511866
182,0.15186365739525076,0.16020735450095835,5.0,4.980167740416865
183,0.2956486158769218,0.3121815659183458,5.0,4.976402910242319
184,0.2511961453199276,0.26513348031888295,5.0,4.977219869806033
185,0.19819609597736365,0.2094354063117132,5.0,4.976301461883468
186,0.2137472913124625,0.22552594996218622,5.0,4.981809893073104
187,0.10684536009611234,0.1128191819800819,5.0,4.977989459077277
188,0.20946274814170485,0.22130192262016268,5.0,4.977891134286754
189,0.20578341905014708,0.21751964354482323,5.0,4.978429483931084
190,0.369407575999523,0.3900857904047508,5.0,4.975749139028753
191,0.2125539763675306,0.2242522533118818,5.0,4.979386529338141
192,0.12732374173736405,0.13478507939750584,5.0,4.9794156272973655
193,0.3597227207728908,0.37967612830015307,5.0,4.977910751275028
194,0.3417940129018351,0.3604975240768493,5.0,4.9793453252872055
195,0.15700491379905235,0.16571992023534765,5.0,4.981804300332708
196,0.1647982200385505,0.17403303918789526,5.0,4.9777739307566105
197,0.1964684972347297,0.20730393299621985,5.0,4.978739393969374
198,0.12522930102434993,0.13207345186970287,5.0,4.982525063998855
199,0.2184595912431635,0.2305623205749372,5.0,4.977940793159554
200,0.2907304208179704,0.307013236829377,5.0,4.977429214145239
201,0.2124820787113737,0.22424957508334176,5.0,4.982180517427546
202,0.1601105994691714,0.16904599939095455,5.0,4.980270967909561
203,0.21446720649269135,0.22653384663636644,5.0,4.977975097339495
204,0.3241253276612226,0.34216550339017027,5.0,4.974179179351266
205,0.2955051709445615,0.3124167646376237,5.0,4.974259965795946
206,0.16967210473603855,0.17965291173756293,5.0,4.9797862242769675
207,0.3383479419209192,0.35718867301412915,5.0,4.979695771679031
208,0.22686697348012252,0.2394588177907464,5.0,4.979434020722611
209,0.07072758845679505,0.07461097959438256,5.0,4.9820009405844345
210,0.2928521599640881,0.30910693931887767,5.0,4.978771350033275
211,0.14915384698165068,0.1574160365713424,5.0,4.979587792320999
212,0.24390966124859248,0.25764276463654867,5.0,4.978446767748004
213,0.27227337072189606,0.28749108650201993,5.0,4.979090817952381
214,0.29928668302103567,0.3162519720516903,5.0,4.976541140141517
215,0.03748946416446497,0.03952038653249512,5.0,4.97968233400111
216,0.3417251503320897,0.36062159578075104,5.0,4.978598930251783
217,0.2561272125857894,0.27083511561729834,5.0,4.972319017135023
218,0.14218481776841307,0.1504279410777778,5.0,4.9784444665163985
219,0.174768833435055,0.1845862075079181,5.0,4.977967308537039
220,0.21389020509176326,0.22481428153254868,5.0,5.0
221,0.24539869504102407,0.2591124475687758,5.0,4.979710796704584
222,0.29544801149286304,0.31199657153876403,5.0,4.977726832192664
223,0.21308677301585432,0.22481279085587458,5.0,4.980126504813329
224,0.24579920244243247,0.2603194712595347,5.0,4.975968290418384
225,0.19070058326252437,0.2012631314594584,5.0,4.980959549979547
226,0.2194082151764447,0.23151800807517398,5.0,4.980346485194973
227,0.1440412318144284,0.15205630636235612,5.0,4.977973838613394
228,0.08070162867891706,0.08509213724326004,5.0,4.978544952312074
229,0.18854158206974914,0.19917117064152534,5.0,4.976075529548876
230,0.31112810241656086,0.32845236196845695,5.0,4.9781671942862715
231,0.25822885458710276,0.2728995776563279,5.0,4.98035586844277
232,0.18944268292579136,0.1998855227187344,5.0,4.980415829484368
233,0.22139949157286365,0.23372528163836015,5.0,4.979539480655131
234,0.2569485130500919,0.2713826969928279,5.0,4.978127260723602
235,0.20548161651125207,0.21692601337045558,5.0,4.978300956408512
236,0.2861914471316853,0.30188286222399796,5.0,4.98062360092411
237,0.21822456100094834,0.228820855548858,5.0,5.0
238,0.10831589610220105,0.11434560537752425,5.0,4.981302065097539
239,0.19778582044357473,0.20893720025035178,5.0,4.979187894548964
240,0.19657362400665424,0.20761988676584386,5.0,4.977757779421879
241,0.28638878503191845,0.30239275195282,5.0,4.979736466195872
242,0.2728650717523997,0.28790093440725895,5.0,4.979721005436746
243,0.3248580053928385,0.34297843056946253,5.0,4.97745519533181
244,0.13581196500496096,0.1433129378945328,5.0,4.980379735218907
245,0.19730931284487419,0.20838317045114163,5.0,4.977166933294681
246,0.20495097539955354,0.21633557255433633,5.0,4.979297959410571
247,0.2319845332894226,0.24458034902966652,5.0,4.9823709708365005
248,0.22076332928217668,0.23304050761647144,5.0,4.9789886165316855
249,0.22656432115438885,0.23935185968629646,5.0,4.977884938538768
250,0.10893914587117015,0.11500748802884164,5.0,4.977365224473207
251,0.12243273503738172,0.12927516978576659,5.0,4.980322746329104
252,0.221257876395075,0.2335095339027653,5.0,4.979223646952251
253,0.18529309169360508,0.19553570316918978,5.0,4.979185381600155
254,0.35132413802662876,0.3708361060259886,5.0,4.978408353499262
255,0.23004773041428295,0.24273337154019048,5.0,4.9794673303940495
256,0.1883665112883175,0.19946295458432206,5.0,4.98171555639737
257,0.15173521122102396,0.1601637644857472,5.0,4.978621802274246
258,0.27948371645484027,0.29355450179509046,5.0,5.0
259,0.14371005722138364,0.1517492338175992,5.0,4.978404666085314
260,0.15917806545674185,0.16809590208688974,5.0,4.979454498152789
261,0.32000719974543945,0.3378124440471597,5.0,4.977904887280884
262,0.2716071644142204,0.2867101394761995,5.0,4.978386670136725
263,0.3589288011067,0.37842811165370027,5.0,4.978338282594343
264,0.16715993073032287,0.17656907001359756,5.0,4.979233514642223
265,0.228308489309627,0.24071709075330872,5.0,4.981242119163083
266,0.14163362654485545,0.1495701832748202,5.0,4.978318633029355
267,0.23539490255741757,0.24855704933720402,5.0,4.976900597766152
268,0.18280228319706748,0.1921249648238843,5.0,5.0
269,0.1936340529374314,0.20439822108577532,5.0,4.979685208514404
270,0.2327924564798054,0.24564432795992697,5.0,4.978350369115807
271,0.2613595542680125,0.2756348430505231,5.0,4.979880891383486
272,0.26983573236036706,0.2857900264515343,5.0,4.976202831047756
273,0.20012489599671834,0.21142034474777072,5.0,4.977718464763807
274,0.17021374406496426,0.17969319042903753,5.0,4.9800598089716885
275,0.2409365102952279,0.25442400601927617,5.0,4.979117069880745
276,0.15621809842727852,0.16509626142896106,5.0,4.9779930995010435
277,0.3748225922421171,0.39586496533957694,5.0,4.9839995773178725
278,0.21146841232657732,0.22309560298055864,5.0,4.98013711277971
279,0.299674014354985,0.31609129787334944,5.0,4.980788638669198
280,0.15395366298373903,0.1624021077673512,5.0,4.980215420371019
281,0.15019667966659744,0.15859005306192486,5.0,4.978214671236509
282,0.20212225996159616,0.21319644755913414,5.0,4.981481327782733
283,0.22571620628158628,0.2382384757780367,5.0,4.978541795780869
284,0.45902554361887016,0.4845372119078988,5.0,4.977132984812149
285,0.43255175265509105,0.45666705519052586,5.0,4.976854670922686
286,0.46474016853908173,0.49042397955164896,5.0,4.9773103868909185
287,0.19954875619102697,0.21044878330991867,5.0,4.9805372999113295
288,0.27149679259312776,0.286494488995475,5.0,4.97882745112201
289,0.24692763129010808,0.26054152364032834,5.0,4.978512957263703
290,0.3697474561035714,0.3900217771408714,5.0,4.9783118240278235
291,0.23946362349127037,0.25282600597588134,5.0,4.980088292980422
292,0.2839180776947976,0.2996837951463367,5.0,4.9791499947839135
293,0.2592658727315338,0.27361702400320476,5.0,4.9773556433422605
294,0.21267262129937947,0.2245142603109711,5.0,4.979141360530415
295,0.2297200660804264,0.2421222924536357,5.0,4.981838080485117
296,0.17828523636652682,0.18803099406987034,5.0,4.979499221089689
297,0.26756433384717715,0.2825041986171133,5.0,4.979476909979246
298,0.31955083263409856,0.3372393445688844,5.0,4.978437800687967
299,0.18209239768523666,0.1919775061461224,5.0,4.9813040265405295
300,0.17981423307677336,0.1898402700517261,5.0,4.979543713513079
301,0.3083020943626966,0.32561716069293256,5.0,4.977506856186382
302,0.2746388456324307,0.2898257387683847,5.0,4.979162586971251
303,0.18833048588135193,0.1989380113095005,5.0,4.9751098101440405
304,0.20511454616151514,0.21637817109097646,5.0,4.981082066185039
305,0.3282277924816639,0.346571073197842,5.0,4.977163735726693
306,0.17462373958970523,0.1843670374496318,5.0,4.978740612699708
307,0.10776810393545033,0.11361800663312693,5.0,4.981171423563886
308,0.21906294147745764,0.2311318603526633,5.0,4.979428011732976
309,0.17179468382728413,0.1813773842350166,5.0,4.979163282221517
310,0.15410459467650872,0.16250329083319004,5.0,4.9819608356879375
311,0.20934056430493042,0.2210076053922665,5.0,4.978292434457829
312,0.22153724544806197,0.23381692194561543,5.0,4.97888191411854
313,0.1773276691400043,0.18726034078459497,5.0,4.977309108240444
314,0.3302444088773522,0.34844965908369874,5.0,4.979153058107713
315,0.11345784164472161,0.1198567208255692,5.0,4.97761428580068
316,0.3028295894691062,0.31930078778801274,5.0,4.980296296614535
317,0.32598156878149,0.34419626367518763,5.0,4.977051847319114
318,0.10222986030566306,0.10786084401387508,5.0,4.978902592430892
319,0.11200542119756562,0.1181171947142674,5.0,4.979821528823232
320,0.22035350787407504,0.23263725428285342,5.0,4.979067335409235
321,0.2211684291204732,0.234167768195777,5.0,4.976125659998312
322,0.20882402150782253,0.22048754262008718,5.0,4.977617686274405
323,0.09173505666741799,0.09677516574956835,5.0,4.9807089672904326
324,0.24735249702017437,0.26104544993445344,5.0,4.979626721517718
325,0.19885537222919258,0.20964056578804047,5.0,4.975811674557917
326,0.3090452174270608,0.3260513243763965,5.0,4.980133543550638
327,0.09988467652784405,0.10539910309333078,5.0,4.981056562693711
328,0.2561984102507522,0.27053109002661935,5.0,4.978307647469089
329,0.2897412508187107,0.3057928857958556,5.0,4.978499796746778
330,0.3356780147987408,0.35445871044846267,5.0,4.977248102451606
331,0.3428414641433246,0.36260090248628885,5.0,4.976555742587081
332,0.3000047204199279,0.3165421018796917,5.0,4.980704235355722
333,0.15842350994173438,0.16734532424338266,5.0,4.976343620904622
334,0.13259404923283302,0.13997462591602905,5.0,4.978487535381406
335,0.18264556534241283,0.1927399587225671,5.0,4.979357379192972
336,0.16774967790963835,0.17710991841280488,5.0,4.979104443445417
337,0.18002037482363176,0.18996687920238675,5.0,4.981252026531449
338,0.284941400163067,0.3007863856368582,5.0,4.97909929199654
339,0.16444915055950582,0.1735458444706499,5.0,4.978876419774121
340,0.19975751350449444,0.21103588003714369,5.0,4.977940659791962
341,0.26752979626131745,0.2821441625875767,5.0,4.979107541300811
342,0.21006670092439172,0.22033764068173078,5.0,5.0
343,0.1713476453907501,0.18098944063998856,5.0,4.977315034341023
344,0.19159609837789948,0.20255436252451542,5.0,4.977914722791423
345,0.2099026347036934,0.22163801941212258,5.0,4.9757774127166865
346,0.2890411384739595,0.30516483273145645,5.0,4.9787610727721265
347,0.1854699976478582,0.1957636021648772,5.0,4.979803244543541
348,0.1613109467441678,0.17027504191128928,5.0,4.980439524990166
349,0.3305914047404974,0.349134041878834,5.0,4.977198966655223
350,0.2137608066239518,0.22556436385134737,5.0,4.978973386140915
351,0.19137507914639929,0.2019698504894183,5.0,4.97888854003139
352,0.26325060052463245,0.27785831581658416,5.0,4.980335675312402
353,0.2756596955371591,0.2909549211510789,5.0,4.98025602416126
354,0.2718772044619888,0.2869873693807963,5.0,4.980019010826702
355,0.3224691011529941,0.34021570804429846,5.0,4.980997587313487
356,0.19335296082491404,0.20404237206261877,5.0,4.9809860208213586
357,0.16923261541888812,0.17883129398095088,5.0,4.976348933866168
358,0.2953375177208821,0.3116944936888024,5.0,4.979363624264392
359,0.23882136878092664,0.2521974162228795,5.0,4.9783019143886875
360,0.1735547009599998,0.18298202535044084,5.0,4.983310835966144
361,0.2075323475268711,0.21860458962861373,5.0,5.0
362,0.21993501989802167,0.2321554861184454,5.0,4.982992609651271
363,0.17885338146977148,0.18782152113744544,5.0,4.986987506559384
364,0.24624602086479253,0.2601135286862928,5.0,4.976490828447941
365,0.20720156210295415,0.2190181512974645,5.0,4.976763463986984
366,0.31806308443046083,0.3358499664934529,5.0,4.977970702340411
367,0.2918215185058157,0.3083287498803535,5.0,4.980961964244175
368,0.19257066085670416,0.20334180552432413,5.0,4.977152993962788
369,0.28224226342194325,0.2984712409059851,5.0,4.972496480145532
370,0.32128325072734754,0.33902965935811746,5.0,4.976812625217519
371,0.15218213392174418,0.16053315660931622,5.0,4.979188417800708
372,0.30039805371922235,0.3171062187458855,5.0,4.9767003851765335
373,0.4059473670020832,0.4283926681638699,5.0,4.978625582576681
374,0.17604963423896303,0.18550432430529806,5.0,4.98166301740155
375,0.2562995565838768,0.27086323975292403,5.0,4.977894785449051
376,0.21545418476253175,0.2275915345337194,5.0,4.979483427223972
377,0.21771434060690642,0.22994654564859518,5.0,4.980729862666564
378,0.282630709578527,0.29845698393530773,5.0,4.978268908167509
379,0.2415505484357634,0.2548276042035227,5.0,4.979099260347679
380,0.3445328121877016,0.36395165213773595,5.0,4.977011661227477
381,0.3583655544266018,0.3782571711300162,5.0,4.9800408143252906
382,0.1647742089074853,0.174131498193822,5.0,4.9760988898781555
383,0.24066952697046573,0.2540743042092728,5.0,4.979760858749254
384,0.24826812464843218,0.2623322767488996,5.0,4.97650314092275
385,0.17740234585001424,0.18746458710850167,5.0,4.97658207616035
386,0.26940766717684883,0.2842201245319167,5.0,4.980734722002493
387,0.24738297644733187,0.26133363856201797,5.0,4.976740163362177
388,0.12055810151859503,0.12826388190121985,5.0,4.980949349814274
389,0.11207967168372979,0.11843545562165558,5.0,4.975574786877006
390,0.1540410697572927,0.16251062022487073,5.0,4.979691843399463
391,0.1651501906344064,0.1743050022028647,5.0,4.97985225632692
392,0.22955793634988364,0.24276353553717533,5.0,4.976130250507138
393,0.19214902051411897,0.2029660464635441,5.0,4.977259554842455
394,0.23981452039998552,0.2533896261350954,5.0,4.976082638427792
395,0.18289427743748976,0.19326544113026167,5.0,4.97850415160201
396,0.32953724571258514,0.3477260818722996,5.0,4.977482048126678
397,0.2439251151128763,0.2578206793487501,5.0,4.97593505387897
398,0.26951720801726253,0.2847615461596249,5.0,4.976117240319224
399,0.20006129589683086,0.21126977015665482,5.0,4.9784721011945
400,0.2012643465363979,0.21271957324311774,5.0,4.978050543757053
401,0.40462406550728414,0.4267513607479858,5.0,4.980690798010068
402,0.21142143117581558,0.22325005126997888,5.0,4.978898334539021
403,0.1051254455120012,0.11108488150440365,5.0,4.979301969921801
404,0.22935368871972028,0.242300433592459,5.0,4.97745948185913
405,0.27017672835380124,0.28516696443950296,5.0,4.97955596028703
406,0.29182588656236774,0.30827883739151085,5.0,4.976646977746935
407,0.2451135153238173,0.258826010192414,5.0,4.979008486470455
408,0.16664228744847653,0.1748921669556911,5.0,5.0
409,0.20754887332388128,0.2192279514061133,5.0,4.9796253482836494
410,0.31121100674461966,0.32854846220576595,5.0,4.978556486229397
411,0.35237864260715734,0.37190204840178986,5.0,4.979787436194787
412,0.39708438912862043,0.4193827026778876,5.0,4.9761702433524935
413,0.3167780151838877,0.33446173887277464,5.0,4.977447842661169
414,0.2691080285507532,0.2840986497639293,5.0,4.98024302757063
415,0.16051720196600305,0.1695525424765747,5.0,4.978736407171276
416,0.2797934443741612,0.2953064965709402,5.0,4.9772824007349215
417,0.24352550269516704,0.2569308574145823,5.0,4.978425320813038
418,0.30368421790487776,0.3205939279389778,5.0,4.977960807116588
419,0.14025835906768225,0.14809025042094137,5.0,4.97613872088098
420,0.19803830248707177,0.20905774343797145,5.0,4.978273380996923
421,0.18320566654464376,0.1937280272080577,5.0,4.97827901333511
422,0.33088399306997873,0.3494909624047613,5.0,4.977298550346445
423,0.18452836019937968,0.19482869779483147,5.0,4.981342821286967
424,0.17790271293053128,0.1877519290289158,5.0,4.980313270430017
425,0.23114624563928854,0.24388290201006457,5.0,4.980044612083674
426,0.3526566209810176,0.37249978217572144,5.0,4.974590899707305
427,0.1944002727164975,0.2050479049834737,5.0,4.981166296942776
428,0.17767017979081312,0.18726962601993646,5.0,4.98113669900321
429,0.1178409981640105,0.12468695725425549,5.0,4.975348224182152
430,0.2961739714698568,0.3130152582537282,5.0,4.97842816483125
431,0.19058228706193425,0.201204882627962,5.0,4.978655544617885
432,0.2531683060866916,0.26701213391007816,5.0,4.980019961314124
433,0.21790940042069118,0.23120448032950858,5.0,4.9773032136748085
434,0.24995245484765238,0.26399678614909017,5.0,4.977243558926405
435,0.28929641504620096,0.30555687848365354,5.0,4.976729284305907
436,0.20351967061818854,0.21517738239254403,5.0,4.977242731039437
437,0.2944491649599976,0.310952956797262,5.0,4.976492638516241
438,0.2530778021071687,0.2668908919117208,5.0,4.981596927936458
439,0.23088927587193608,0.24398722349762725,5.0,4.978915379513893
440,0.20556501772341518,0.21714459564328803,5.0,4.978897994035751
441,0.1882362693592523,0.1985740120427335,5.0,4.979851547853658
442,0.2585026564053643,0.2730684039393425,5.0,4.978361588979414
443,0.13322335251981432,0.14076775553402832,5.0,4.976650090667851
444,0.4413274782956036,0.4660366684744197,5.0,4.976080872239841
445,0.24723005388959418,0.2611518709443086,5.0,4.976110989881972
446,0.29853102772068807,0.31512929587207106,5.0,4.9788557739324535
447,0.10924194896478201,0.11543389437755369,5.0,4.976953311888064
448,0.27794922194096694,0.293549866567161,5.0,4.977989273280956
449,0.23135055590166442,0.24417937716006355,5.0,4.979380757420779
450,0.19519652884963112,0.20622633973749105,5.0,4.9779060146169485
451,0.22341207470061697,0.23576393357531256,5.0,4.979138011985231
452,0.24021256493530463,0.25354767913676346,5.0,4.9805650615251285
453,0.1881967428446738,0.1986455120134587,5.0,4.980476847389372
454,0.20620484819561247,0.21765611710830357,5.0,4.978858810568694
455,0.21830245931662629,0.2307929574362908,5.0,4.975969989100895
456,0.1646000629261246,0.17380057388521641,5.0,4.977267414561775
457,0.12241878204013767,0.12936451925229187,5.0,4.978053719899753
458,0.3361713757559719,0.35508924254416785,5.0,4.977633354961846
459,0.2863852497547037,0.30236638714005903,5.0,4.978325961409995
460,0.16934311021945714,0.17875856470533158,5.0,4.979762610711029
461,0.22024246863571073,0.23256191473780197,5.0,4.977131644608539
462,0.25489290131029585,0.2690896671775107,5.0,4.97892042116022
463,0.16163240824805603,0.17124014286645428,5.0,4.97734157658531
464,0.1943320222974989,0.20500655057564732,5.0,4.980856815752253
465,0.14938007480890292,0.15765709439471798,5.0,4.981627107289102
466,0.17983300157365556,0.18986282124772735,5.0,4.97928935437888
467,0.1714918569400703,0.18118637871762844,5.0,4.975874052058389
468,0.1441227166923178,0.1521520154789986,5.0,4.9791097067697
469,0.22890648809347613,0.24174215472928573,5.0,4.978215762952782
470,0.2908020657109789,0.30670314099353013,5.0,4.978205410218228
471,0.13665827807119868,0.14425088615697756,5.0,4.982185405861346
472,0.18888673127776112,0.19940795794534227,5.0,4.980496730592945
473,0.25917276770092856,0.2736918225988414,5.0,4.976425895109067
474,0.12635007238362994,0.13348638718860917,5.0,4.976422494531265
475,0.20334361195842665,0.2144474994093728,5.0,4.97561010990724
476,0.35025520348055617,0.36978511369972034,5.0,4.977989712887583
477,0.2843888181200773,0.3000812444985992,5.0,4.97979824128822
478,0.26300591707903687,0.2775190499550806,5.0,4.978842394191263
479,0.2801714217294111,0.2956451588726625,5.0,4.978416801352994
480,0.10942513752248773,0.1154287511402039,5.0,4.981883603020503
481,0.23317331624284354,0.24645593560585888,5.0,4.978379480195656
482,0.20230392285041754,0.2139033769112184,5.0,4.977597623300483
483,0.3336294213284987,0.3522261616598561,5.0,4.978827048997996
484,0.21194239167150752,0.22397569226887004,5.0,4.976635486329437
485,0.34417939237422956,0.36338280605797824,5.0,4.978832912356319
486,0.08027546269271602,0.08477653387065187,5.0,4.97973993699909
487,0.20898776045814405,0.2206947069120191,5.0,4.977384265104412
488,0.3265759741603551,0.3449336978287103,5.0,4.978230855826249
489,0.325833984327657,0.3441982438095237,5.0,4.97902664313262
490,0.23379069187244794,0.24702998572802448,5.0,4.97634785906973
491,0.1580013161783853,0.1668243809850538,5.0,4.979722769855099
492,0.1822761293283599,0.1923991044987856,5.0,4.979667440955522
493,0.2803861590746215,0.296380995912243,5.0,4.976351212050796
494,0.22071780167335509,0.2329933413868459,5.0,4.980618935794343
495,0.15234308176811995,0.16080146733438028,5.0,4.978094526052628
496,0.2707343573639527,0.2857452748875289,5.0,4.9781287739888125
497,0.2699464640578919,0.28505253263991404,5.0,4.978229572961954
498,0.26208835963536226,0.27629557401115323,5.0,4.983307545763402
499,0.19795839514779234,0.20903367251917793,5.0,4.978138493675761
500,0.2016451654705611,0.21276406267120507,5.0,4.980009829257943
501,0.3387031096792552,0.3571876074467142,5.0,4.980147790769678
502,0.1449133168488057,0.15293603660404442,5.0,4.9794444871581955
503,0.30408499499710406,0.32092918599764,5.0,4.975199951003937
504,0.2869737398264962,0.30301524208103636,5.0,4.97860875673922
505,0.18544311831962257,0.19659110102531963,5.0,4.97847507584412
506,0.28414711284869476,0.30005283905441127,5.0,4.978176642377488
507,0.2631560857012909,0.2777740564740392,5.0,4.97850059070954
508,0.17052411049587501,0.18007271707088512,5.0,4.976675302970746
509,0.19536216988533606,0.20611297016876584,5.0,4.978211996921731
510,0.2591562550597255,0.27330747341666517,5.0,4.981019505653617
511,0.2742331835055716,0.28947896410710205,5.0,4.978039320532828
512,0.1133996923725975,0.1205070961786765,5.0,4.980045047670059
513,0.2507180760846579,0.2647213119070382,5.0,4.97949892850964
514,0.13438460115148088,0.14194509007292067,5.0,4.978149774450262
515,0.22301129055974478,0.23522950025281486,5.0,4.982034088032323
516,0.2756207547432725,0.2910641450206455,5.0,4.9809341347344915
517,0.14447580535192595,0.15252484530525856,5.0,4.980005202586915
518,0.35314751933880073,0.3727054438366897,5.0,4.978741319540534
519,0.35759451062569614,0.3777055085826637,5.0,4.974942255048154
520,0.34981128332119815,0.3689011065055887,5.0,4.981599463043116
521,0.19796706163290678,0.20902405077574304,5.0,4.9805261030166115
522,0.23414256226949726,0.24725667918075334,5.0,4.977789097583019
523,0.32668985641882897,0.3447248236668863,5.0,4.979910905199674
524,0.19323442068647667,0.20418882377969516,5.0,4.977999638177515
525,0.22259043142392,0.2335368088169456,5.0,5.0
526,0.21069777277156354,0.2229984989768541,5.0,4.979620277812975
527,0.4301730841299658,0.4535966755371612,5.0,4.980596382903881
528,0.20077747589108141,0.21188085931025769,5.0,4.976514884138794
529,0.22935682211488762,0.24213334078415794,5.0,4.977518891841957
530,0.1424741992575429,0.15056305261467173,5.0,4.977201662899624
531,0.20408039455377636,0.2156208420950596,5.0,4.979145806789065
532,0.15722139363022403,0.16594985845233934,5.0,4.980244795637363
533,0.18038363254865186,0.19049110470906738,5.0,4.976927959553583
534,0.28241814359841877,0.2977289311359086,5.0,4.981770378905672
535,0.14296520855529327,0.1509664966386126,5.0,4.978370612195198
536,0.15738554063981391,0.16627834893696902,5.0,4.981320398887572
537,0.2668048701997938,0.28182654603252777,5.0,4.97766968305867
538,0.19477474147654972,0.20577380296095726,5.0,4.975068844693986
539,0.22730079680442272,0.23998115637835782,5.0,4.977538202646308
540,0.15938079367909563,0.1682355918251761,5.0,4.978751598846278
541,0.23040332734261626,0.24231706706905998,5.0,5.0
542,0.16412421227570695,0.17326830613942934,5.0,4.9782715252937315
543,0.141187092958303,0.14895352581949717,5.0,4.97993883896882
544,0.3796264750652343,0.39992459734086805,5.0,4.97904286780428
545,0.19304674842839153,0.20369506982317698,5.0,4.981195365305595
546,0.2784444766345777,0.29392400450813994,5.0,4.9795396482849075
547,0.24400411066532857,0.2577963843694042,5.0,4.977279987733878
548,0.3115061791049045,0.32911155095080113,5.0,4.975633899981533
549,0.26712972032085935,0.28205419036058754,5.0,4.9786869775075715
550,0.33154637119866504,0.34950361662199003,5.0,4.980465173358031
551,0.1868808766893284,0.19718556290298772,5.0,4.979385208467946
552,0.26275636863359586,0.2774213470045792,5.0,4.973608042991096
553,0.15674806366704463,0.16564070638173822,5.0,4.9764678384151395
554,0.1577830582699573,0.16651550397096937,5.0,4.979183414310366
555,0.18904384256409212,0.19962183359334018,5.0,4.979005846222551
556,0.2767222939750993,0.2921505887566349,5.0,4.978843310686285
557,0.2221053638648962,0.23444788508279446,5.0,4.97818599594563
558,0.3818742993679538,0.4032966974302761,5.0,4.976767769580341
559,0.26321650471940194,0.27788751997987404,5.0,4.978498490788699
560,0.19689396116702573,0.20781107083031314,5.0,4.9790996948244
561,0.18716945574491617,0.19652559267368086,5.0,5.0
562,0.18104943719731748,0.19120476694115252,5.0,4.979013248374011
563,0.21217211785001733,0.22403046588999254,5.0,4.978960753712256
564,0.16883938295313738,0.1783035642021955,5.0,4.976429903891395
565,0.36863847657902626,0.3892697954875588,5.0,4.978261107439703
566,0.1763361702968098,0.1860907300387864,5.0,4.981618829525543
567,0.40327951552821895,0.4254975346233578,5.0,4.979277676268055
568,0.13663181986691653,0.14429414660717255,5.0,4.976967436936484
569,0.29736470449509955,0.3138284965270519,5.0,4.9796140544742595
570,0.21291735632575848,0.2248544337073306,5.0,4.979234821648806
571,0.23140002771248813,0.24479176251718293,5.0,4.980916577526884
572,0.2459975138765178,0.25973045322113575,5.0,4.976771539656086
573,0.32796849500088143,0.34620907450061034,5.0,4.978682695944245
574,0.24208615579783066,0.256028473831708,5.0,4.980885942950817
575,0.24062029345520286,0.2540203363888138,5.0,4.980207373310623
576,0.19506932575142377,0.2057461906885052,5.0,4.982416572544537
577,0.3591991845541511,0.37921891661250573,5.0,4.975791427785037
578,0.24732688960030447,0.2608995574693489,5.0,4.981080071495585
579,0.31052377898219374,0.32774927746414506,5.0,4.980262426184758
580,0.1721384313090044,0.1816571193730654,5.0,4.977373722651102
581,0.18425318555614134,0.19460745507936572,5.0,4.9780883735552095
582,0.37129838174006213,0.39182678563647655,5.0,4.9805039588549604
583,0.15608206563807703,0.16462508042417667,5.0,4.9800870296791455
584,0.1828149060601043,0.19309866636467077,5.0,4.976456610683027
585,0.28127623408045066,0.29701912284434573,5.0,4.9777483365788555
586,0.2692478208146367,0.28418145835919506,5.0,4.978984885214208
587,0.20670257225399502,0.2182117171508915,5.0,4.979270881910995
588,0.3077361462461654,0.3246297447391977,5.0,4.9753195155928065
589,0.20800860505911434,0.21935558619101014,5.0,4.981370114927124
590,0.2862775502422694,0.3023145238380638,5.0,4.978943561530107
591,0.22906332150731168,0.2416080227382562,5.0,4.981419079200258
592,0.24512206432399997,0.25887697449312164,5.0,4.977975630988336
593,0.34315204080939976,0.36256587576336696,5.0,4.976986447407663
594,0.09959540625593699,0.10505099128578776,5.0,4.978469749235419
595,0.11399329358790466,0.12052588736695613,5.0,4.976795376002112
596,0.2297502711626258,0.24257397432679628,5.0,4.977090288457653
597,0.1901785635753761,0.20076762561783346,5.0,4.978629013976521
598,0.19909279544620917,0.21045837011208124,5.0,4.976129399478504
599,0.32232557132879713,0.34039663645785145,5.0,4.978077221231398
600,0.22204732995970988,0.23472648992281675,5.0,4.976654851013889
601,0.38605469462582187,0.40762070949736695,5.0,4.97762762391349
602,0.20682221531206912,0.21839022620971393,5.0,4.978696064389485
603,0.2897535742717059,0.30564761674796603,5.0,4.9809209087918305
604,0.24818986499379125,0.2618306436825959,5.0,4.980558329667977
605,0.3253523618019658,0.3433505126368108,5.0,4.979656592879103
606,0.2939944627283715,0.3104538322148862,5.0,4.978173382648681
607,0.31614451856768766,0.3338696152113587,5.0,4.977037400573412
608,0.18013751069986017,0.19012699563272828,5.0,4.979567931837927
609,0.15767452963691597,0.16638612483978155,5.0,4.980834208876512
610,0.2256925891945627,0.2381973523094707,5.0,4.981549340847602
611,0.18837665680912252,0.1986993449470229,5.0,4.981151176136578
612,0.20838817661175035,0.2200450454559124,5.0,4.978535894729124
613,0.23861780823123713,0.2518450927697462,5.0,4.98114298211207
614,0.18543814042570972,0.1958560326460228,5.0,4.978152208890618
615,0.19847302531150168,0.20966307647045856,5.0,4.976674458237591
616,0.206841408207441,0.21859680387355862,5.0,4.977715201790378
617,0.239578140108901,0.2528719194898059,5.0,4.979631518155161
618,0.28319685716465126,0.2992588804032259,5.0,4.977279568170294
619,0.2226956858642204,0.2349556036732523,5.0,4.979065714488895
620,0.17321402066434488,0.18307028996529073,5.0,4.977329380617022
621,0.14954031412960522,0.15813938933880745,5.0,4.976918135522563
622,0.1743883260264194,0.18411878375629742,5.0,4.978822476874161
623,0.19531015562214726,0.20647980127364152,5.0,4.976565329928819
624,0.1967994835050526,0.20775436155025573,5.0,4.980006509145252
625,0.2733609496513003,0.2887255285665644,5.0,4.976843517454617
626,0.20997947710823128,0.22160074098117177,5.0,4.980869854418177
627,0.34526234895933094,0.36441904004925796,5.0,4.980233139998713
628,0.18630759659133633,0.19690563430310903,5.0,4.980985734447785
629,0.23680158687815012,0.24998831875936056,5.0,4.980407879119042
630,0.3411893865162148,0.3602468233049143,5.0,4.978290411850894
631,0.26822811348345343,0.2830843354532733,5.0,4.979759529854517
632,0.37436885204885617,0.3951430528249529,5.0,4.977891047018179
633,0.2155531665387289,0.2280456734776215,5.0,4.973087559136147
634,0.37122951669256077,0.3918537162124007,5.0,4.975151906283797
635,0.23227271612468714,0.245416468957403,5.0,4.97627315975679
636,0.27024425557976617,0.2851241812483005,5.0,4.979876473309952
637,0.28879882117465416,0.3048177589194836,5.0,4.97873494449526
638,0.19782233358848011,0.2089687389307604,5.0,4.976363382063642
639,0.1991968089640086,0.21043328240611037,5.0,4.979294548439839
640,0.2847299444672895,0.30074687199738315,5.0,4.978582174705357
641,0.1596366016689177,0.1686962914532184,5.0,4.980647773636626
642,0.3394967494173433,0.3584328516243058,5.0,4.979375265470791
643,0.27908125895289015,0.29465050488737865,5.0,4.978829614074609
644,0.22129227484787228,0.23355715093023433,5.0,4.979498994576685
645,0.2881229073438569,0.30435811077061725,5.0,4.976511679077662
646,0.14259439855313794,0.15064811958005242,5.0,4.976908777647413
647,0.24589108840330987,0.2595504189989235,5.0,4.979209373448175
648,0.40401813056315916,0.42694778889455165,5.0,4.971828215432783
649,0.16507333371296484,0.17419967578180873,5.0,4.978524432417402
650,0.15369120163779915,0.16229846814345872,5.0,4.982431401267293
651,0.30878524108518657,0.32614006723803457,5.0,4.9776908760382454
652,0.283414991667442,0.29924376658422336,5.0,4.979115999621033
653,0.13028028884488596,0.13785441831621714,5.0,4.976882703429277
654,0.32867875318930206,0.3478436406145262,5.0,4.974308761749464
655,0.19083252659167393,0.2016174890316904,5.0,4.976573281115311
656,0.19495310335281513,0.2055157813580355,5.0,4.978342156745468
657,0.10789375296576065,0.11402887044480114,5.0,4.977774276090008
658,0.22544964510192456,0.2380571173817425,5.0,4.977249162625448
659,0.26560936906241284,0.28058799642098853,5.0,4.980250845562013
660,0.19608640465276483,0.2069034199045383,5.0,4.981099669234883
661,0.20072931966199126,0.21184358470847608,5.0,4.977669576432344
662,0.33616036173033903,0.3550468831186311,5.0,4.975214480072063
663,0.31772888357238194,0.334729389802245,5.0,4.9824042822652626
664,0.13085366714127256,0.1381883586753876,5.0,4.979173040051625
665,0.17135509942386706,0.18099688892187538,5.0,4.974921829894008
666,0.41154869139669503,0.4347556117062046,5.0,4.976550854661026
667,0.2337119465355133,0.24663721309611075,5.0,4.980249268474566
668,0.2721500246071322,0.28746042507443015,5.0,4.976685961968332
669,0.35720484468661784,0.3770621780613628,5.0,4.975847551627579
670,0.17540495094763453,0.18517111007462472,5.0,4.979202678942407
671,0.11793348376378288,0.12448107978705947,5.0,4.977532634987414
672,0.1793187235097864,0.18929947512566803,5.0,4.978568622610604
673,0.15851719089301985,0.16734646053574087,5.0,4.979068181067099
674,0.26759271077938784,0.2825733234248302,5.0,4.978834644869199
675,0.2713595056048148,0.2863470820980256,5.0,4.980922449776317
676,0.2915276812436982,0.30786870444681047,5.0,4.977996853127165
677,0.30336525768356415,0.3202672867873009,5.0,4.978760041516841
678,0.1323135848442143,0.13974469292222014,5.0,4.978512729450095
679,0.16011273685552796,0.16898671777949703,5.0,4.97791336107511
680,0.20935849213896662,0.22106912704507042,5.0,4.977794661489057
681,0.18461858523516184,0.19497052327170494,5.0,4.9777824604700704
682,0.2256186618189484,0.2385982196687837,5.0,4.980427310195106
683,0.31806600868995116,0.33564596270019864,5.0,4.98025632666903
684,0.298473685118418,0.31496958815147624,5.0,4.979925709312836
685,0.15407616760920884,0.16277832177910767,5.0,4.97803144814255
686,0.2835284556280615,0.2989933799685034,5.0,4.976692032673551
687,0.31405566731222456,0.3308557118811275,5.0,4.980010051378239
688,0.15696010724547405,0.16446860374868688,5.0,4.9826754564354925
689,0.26416598921267576,0.2784391160898867,5.0,4.978618326035029
690,0.22286536968973736,0.23495531624284527,5.0,4.979717482755213
691,0.19417447749691474,0.2046471094472162,5.0,4.979802969460438
692,0.4288899049741446,0.45186757153865,5.0,4.979210961511074
693,0.1747514365965399,0.18391492294179113,5.0,4.981341840007216
694,0.29139809765608726,0.30698746856530823,5.0,4.97971546820283
695,0.23461592647258112,0.2471044305514305,5.0,4.982144227569716
696,0.2928804923355819,0.3086382943687105,5.0,4.9800647270321186
697,0.2335025433290452,0.2460866923226286,5.0,4.979401569478741
698,0.27295643174467243,0.28770405118672704,5.0,4.977845982809939
699,0.21604304339052605,0.22757278770938805,5.0,4.981601757902867
700,0.17923204722018915,0.18890707391810269,5.0,4.97761837082499
701,0.24970610973668106,0.26302402476065945,5.0,4.980934858504282
702,0.18754759847316138,0.19767761140831341,5.0,4.980311511241844
703,0.1500762768237769,0.15819272152345087,5.0,4.980235049266684
704,0.23752900079187889,0.2501824227358269,5.0,4.9807560627137
705,0.22966173206363116,0.24205228795299982,5.0,4.980012799756928
706,0.3328949010494908,0.3505982737668685,5.0,4.981123366203395
707,0.25225362322266554,0.2659120165748641,5.0,4.977624320384262
708,0.3110412177235182,0.3277761693442798,5.0,4.977711022099429
709,0.2827049724220898,0.29796890999974823,5.0,4.977810655682928
710,0.4073279739974671,0.4286395155227041,5.0,4.9834052775361215
711,0.397922552951145,0.4190764562749021,5.0,4.978594169533128
712,0.32562071626117617,0.3434160427021651,5.0,4.975152339909865
713,0.353846564977333,0.3725541422308265,5.0,4.979807824116431
714,0.36143282451952463,0.3806931751855003,5.0,4.979219745122796
715,0.31522561990210063,0.3322127931666701,5.0,4.9758814348219005
716,0.2589364732064585,0.27282447888717254,5.0,4.979695424897903
717,0.3455246320627665,0.364118363515068,5.0,4.978701424381899
718,0.18246989304288053,0.19182343874987273,5.0,4.978657539908111
719,0.32286667313456663,0.3404318840758771,5.0,4.97765578034687
720,0.210401536798432,0.2217558213343045,5.0,4.979610005240529
721,0.33129126971846823,0.34916636137319434,5.0,4.978834108928991
722,0.1775194024126141,0.18720680066136097,5.0,4.979612043914434
723,0.13121419913518917,0.13838239194269653,5.0,4.978856760466401
724,0.32766143427495464,0.34527478678033474,5.0,4.978782505851536
725,0.21942835269163585,0.23129045155814043,5.0,4.97845739658783
726,0.20887819030178156,0.22013857773772738,5.0,4.9804144361376945
727,0.38196192442320953,0.40264641243100585,5.0,4.97771152314102
728,0.2477056175215635,0.2613948706000211,5.0,4.976033693060913
729,0.26339002210703644,0.27734120653262817,5.0,4.982225712354804
730,0.18338626407915348,0.19348865343369015,5.0,4.977984182205946
731,0.19388601171501385,0.2043244442665586,5.0,4.980444651120246
732,0.22327820441219903,0.2355118142369963,5.0,4.976556781844179
733,0.21685598377993243,0.22849580171232042,5.0,4.98080117206503
734,0.16406288337494068,0.17298616177357573,5.0,4.980428276536806
735,0.15794874497190903,0.166614219399422,5.0,4.977158051678536
736,0.2791643197703131,0.29423995336413133,5.0,4.978274560180447
737,0.142526384214678,0.1503945312306838,5.0,4.976731053097314
738,0.20620390538458078,0.21733909170632315,5.0,4.979248709232715
739,0.2779712729162389,0.29280953093419093,5.0,4.980298183505685
740,0.276087202286605,0.29096690795589386,5.0,4.979332584771434
741,0.2059870398800483,0.2171288822954487,5.0,4.978888832212256
742,0.30142050420650324,0.31781324946235445,5.0,4.976717971997875
743,0.13521376328918677,0.14259281731589857,5.0,4.979283655095044
744,0.3763727549380047,0.39647596651367634,5.0,4.980099447866175
745,0.22566009796378417,0.23791280919834268,5.0,4.978713743005416
746,0.06759866297944872,0.07124323725202752,5.0,4.979362528785725
747,0.16604191725797612,0.17490256017304584,5.0,4.9802492614721405
748,0.36198965768048175,0.3815932456058766,5.0,4.976766828750057
749,0.24453084482612897,0.2579721928815826,5.0,4.977069001150793
750,0.2266397076916722,0.23900942464613495,5.0,4.978069384144748
751,0.2754443165569591,0.29044389353529265,5.0,4.978702940797817
752,0.1822210015432677,0.19194432588787858,5.0,4.979606835861929
753,0.3312360151010605,0.34930592743996813,5.0,4.976937154060277
754,0.21103407208839098,0.22241712920351842,5.0,4.979439988299976
755,0.38955618322825925,0.4105969821398008,5.0,4.976766219549322
756,0.3019887588288537,0.31819367571428514,5.0,4.979615914121549
757,0.21391556696918523,0.22575017137311804,5.0,4.980400776143643
758,0.1835684511082154,0.19360343037650596,5.0,4.977856659083741
759,0.21471746449425488,0.22631899864337046,5.0,4.979052636472057
760,0.23798308082322372,0.2507933037666312,5.0,4.978016953810016
761,0.3552158555580025,0.3743753815350186,5.0,4.977116069854217
762,0.09787585636434959,0.10321808888042283,5.0,4.978368818577996
763,0.2115718009924772,0.22293282398799108,5.0,4.979840844248109
764,0.16495672737726053,0.1739164988271753,5.0,4.977990747164611
765,0.24600177059145123,0.2593886248240096,5.0,4.97884531950997
766,0.21169450582935112,0.2229241753629645,5.0,4.981831649646127
767,0.1761063144202546,0.18555172852035096,5.0,4.981212777663506
768,0.2532889985932629,0.26678087891948277,5.0,4.98040878235539
769,0.42402394622311546,0.4470167335061883,5.0,4.974834153507937
770,0.16666923816176848,0.1757182015274661,5.0,4.978024183285541
771,0.3438013802371527,0.36228958914628007,5.0,4.978601495927268
772,0.2718743308328999,0.2864921771113378,5.0,4.97845932596511
773,0.09876269966291007,0.10417440822204305,5.0,4.982659273118104
774,0.25439445816103823,0.2680422165342473,5.0,4.980258350091216
775,0.16078220434502422,0.16951878181925917,5.0,4.978308087354204
776,0.13713793052658274,0.14444030077818848,5.0,4.980343076113689
777,0.27060726475710095,0.2849892854624918,5.0,4.980865654988946
778,0.24319811211428344,0.25640091016411426,5.0,4.977287754906268
779,0.14927252019616954,0.15771730414594365,5.0,4.9771596906931315
780,0.3984521140461377,0.4200012502639796,5.0,4.976186779135663
781,0.3359134594068287,0.35357799059044726,5.0,4.981716625971959
782,0.25335296681024677,0.2671576328655161,5.0,4.978644518306385
783,0.2686238668047569,0.2831148557543348,5.0,4.979622380806976
784,0.17132220257822128,0.1805587604486083,5.0,4.979122720882527
785,0.18096574327747428,0.19092070971673225,5.0,4.977208267048239
786,0.15256619775230695,0.1609975349010031,5.0,4.977437484269567
787,0.23918767905320482,0.2520140177394006,5.0,4.978742484056475
788,0.2420722585073214,0.25549067191845287,5.0,4.97594464665255
789,0.2607189945136965,0.274733116959772,5.0,4.97934407625686
790,0.19659904712945697,0.20756839269732041,5.0,4.977704945872645
791,0.19819661964820368,0.20895438860600168,5.0,4.978625920668183
792,0.22938964345028912,0.24179208684117004,5.0,4.978344097727279
793,0.17295785097258776,0.18204316286800548,5.0,4.978397024355541
794,0.20936197521694289,0.22114946235349864,5.0,4.9764264907262845
795,0.2837106270982752,0.298900702197866,5.0,4.981713483531802
796,0.1973439622141988,0.20783450001999393,5.0,4.980684615828546
797,0.18740160491361157,0.19729453911386985,5.0,4.982092941880092
798,0.22168778823481672,0.2336451798607544,5.0,4.9789674557328745
799,0.16456027184581057,0.17347489867481158,5.0,4.978405722499044
800,0.2141187206364492,0.2256394078588555,5.0,4.980107678640886
801,0.2046699849204725,0.2157245354603341,5.0,4.979636518734223
802,0.3030106340486165,0.31922593749393724,5.0,4.9795096694434715
803,0.24748435942549274,0.2609424170349388,5.0,4.978530584779497
804,0.22612896726722975,0.23837419085177625,5.0,4.977706627860288
805,0.2907709819970048,0.30648930124262797,5.0,4.978987456054238
806,0.18680590941332387,0.19707939102861438,5.0,4.977049076671092
807,0.2901416803958887,0.30534920184734005,5.0,4.975975641488812
808,0.1642307500000475,0.17324381098508734,5.0,4.980156516627279
809,0.2498187566361869,0.2621298262577103,5.0,5.0
810,0.15111734522288423,0.15956320006943603,5.0,4.976582926334867
811,0.17791816629230706,0.1874898023328364,5.0,4.980197597729461
812,0.13214345071237088,0.13927424942702338,5.0,4.978382054216546
813,0.24733130499076905,0.2606794721026291,5.0,4.978022795524142
814,0.30355859234046245,0.319975236434098,5.0,4.977735921275972
815,0.21421339109459825,0.22579328035962054,5.0,4.980391985880992
816,0.28145999952366574,0.2968257352278503,5.0,4.976947115203796
817,0.09472059939027244,0.10012681891260344,5.0,4.97847004576502
818,0.18805008988703942,0.19690382947973606,5.0,5.0
819,0.3412598139924168,0.3596940537153763,5.0,4.97862734788149
820,0.18321682403339223,0.19299738205990602,5.0,4.980725657500988
821,0.29560816580754623,0.311402535350366,5.0,4.978161825813787
822,0.2580676482733415,0.27171381247261017,5.0,4.9790731091611296
823,0.28063535279571283,0.2953538972540748,5.0,4.98269888663593
824,0.24600998265445195,0.25956917328469764,5.0,4.977078285519907
825,0.23527960473096843,0.24842065122325674,5.0,4.983931833190729
826,0.3144974597267933,0.33175970978603964,5.0,4.9764184239630005
827,0.14631971894252338,0.1543934158764506,5.0,4.97433650176089
828,0.21459270497825345,0.22608924697952548,5.0,4.979554796477679
829,0.09735318583105013,0.10268072201476275,5.0,4.980323314063373
830,0.158067392242347,0.16672617470121742,5.0,4.978684796418422
831,0.3236555089180406,0.3411517230980303,5.0,4.978547359618535
832,0.317002315100946,0.33409239634299714,5.0,4.978792257866456
833,0.15994618148111894,0.16858986372941787,5.0,4.980355944867778
834,0.20751704171140584,0.21877844527871826,5.0,4.979515855356702
835,0.17945640168347343,0.1890053397418754,5.0,4.9793322729739575
836,0.3080066216205932,0.3247150578867115,5.0,4.9777230061890965
837,0.3717156995673485,0.3914691108631332,5.0,4.980841326073158
838,0.21544942525027766,0.22724779965180364,5.0,4.977637295663273
839,0.2627728899905155,0.27706703374726716,5.0,4.978296890387206
840,0.3341174535727154,0.35215540907594445,5.0,4.978502528984556
841,0.17840532235350337,0.1882679833883063,5.0,4.979164687643509
842,0.20198639661530593,0.21353416539710457,5.0,4.979288451791577
843,0.280894305868731,0.2961761631333404,5.0,4.978111029431416
844,0.3392949409927988,0.35731153141734895,5.0,4.980576312156053
845,0.17777763658270773,0.18628772253516757,5.0,5.0
846,0.2862483637420077,0.3016993880073693,5.0,4.977027532759468
847,0.3881284172090951,0.4090874683181118,5.0,4.97778075171488
848,0.1272951631580621,0.134256957012586,5.0,4.9788413446193935
849,0.25730061344457744,0.2711540814279809,5.0,4.979071208540269
850,0.24682444528277836,0.26025781247795154,5.0,4.9781742991021005
851,0.26379588228259454,0.2780066890776589,5.0,4.97962120265016
852,0.27420037101747585,0.2888896868596862,5.0,4.9783651387600525
853,0.3823178200808093,0.40268099284805703,5.0,4.980372076235309
854,0.23081042131392593,0.24399062833764318,5.0,4.97526587653546
855,0.2487830173270671,0.26224010919281593,5.0,4.979361025969302
856,0.33289072276276577,0.35086136710355165,5.0,4.97798753732325
857,0.17544433530299752,0.1850398783676026,5.0,4.979325208605836
858,0.31060611542575156,0.32722276900591085,5.0,4.979892218461384
859,0.2558753543841097,0.2696253395594377,5.0,4.979764724318514
860,0.2808490829006749,0.29592880421241796,5.0,4.980788904951439
861,0.2771192645811338,0.2920305901788953,5.0,4.978758431003056
862,0.3210768238247492,0.33839181057598156,5.0,4.9769819700250295
863,0.16975991122835477,0.17882536482471023,5.0,4.98198383345593
864,0.14187274961375684,0.14960243148346763,5.0,4.979647767628794
865,0.2935908935351863,0.309801259926189,5.0,4.978466169407252
866,0.3021814384919823,0.31855056921113456,5.0,4.978356045103514
867,0.19572901275993604,0.20628084549412384,5.0,4.977579977863353
868,0.16662338617907535,0.17597419962447014,5.0,4.976818182283775
869,0.194363137969622,0.20498956421101755,5.0,4.977205325997307
870,0.3520650249264623,0.3711258265028927,5.0,4.978105281474461
871,0.2277004660194597,0.2403126271747862,5.0,4.976659784212254
872,0.22197052960215058,0.23419931104556246,5.0,4.977126988985017
873,0.08000163655479109,0.08438628306510143,5.0,4.978790582571646
874,0.27028688637479537,0.28490142071608426,5.0,4.979388307681347
875,0.1980239509433792,0.20870561833596946,5.0,4.983416189567
876,0.29219310161515866,0.3080448139538734,5.0,4.9771806417466635
877,0.32569583443160566,0.343019023701308,5.0,4.980429084849272
878,0.1749501117445853,0.18447486408238922,5.0,4.978033588182411
879,0.11513220702691207,0.12128964445535595,5.0,4.979866837713569
880,0.49398553284545055,0.5205003406048838,5.0,4.977900739603491
881,0.2035692369562887,0.2146097597313701,5.0,4.977577541670044
882,0.26697898650662655,0.2813601099956895,5.0,4.978141081871694
883,0.16258895004738982,0.17130304388579987,5.0,4.979493544310154
884,0.186201910374731,0.19616794239122326,5.0,4.98205234913331
885,0.21611205839509928,0.2280389195805066,5.0,4.976342708555377
886,0.27399545890113486,0.28946658482148035,5.0,4.979434625279957
887,0.301921104550793,0.3179987913430169,5.0,4.978845741267497
888,0.3335544954137597,0.35141417909186945,5.0,4.980493584529562
889,0.4056362245779579,0.42791226489674106,5.0,4.979459935658497
890,0.2774538436878402,0.2925561754834589,5.0,4.978056975045311
891,0.19340682842936663,0.20401803703482124,5.0,4.973637517348886
892,0.30595625057822584,0.32088550927018433,5.0,5.0
893,0.32891262703051183,0.3462012925678335,5.0,4.980782325211122
894,0.22876964316260828,0.24133148026037343,5.0,4.980135187729529
895,0.24073444126449317,0.25376001079434385,5.0,4.977738654704309
896,0.26755585818813143,0.28202505730540883,5.0,4.9789557320350575
897,0.20391787148031026,0.2149683305203045,5.0,4.9788377393522065
898,0.25273590078600283,0.2668846174174633,5.0,4.979241748886389
899,0.21967251539898935,0.2315028820271332,5.0,4.980183432047491
900,0.3058532674004506,0.3221585477830706,5.0,4.979596849001622
901,0.1559671889322798,0.1642060580238811,5.0,4.980319695607536
902,0.24060439703976622,0.25355680938037883,5.0,4.978642501631114
903,0.1317053130157544,0.1390824012033347,5.0,4.9806301561960975
904,0.11671599155874723,0.12311776232523752,5.0,4.978894719969977
905,0.16845628137527724,0.17755484023330848,5.0,4.98042963521776
906,0.2567554373590055,0.27050603779079685,5.0,4.980030623036873
907,0.14302967002650058,0.15032092513206496,5.0,4.978129357452312
908,0.3616073800016515,0.3812624047827968,5.0,4.978670526777984
909,0.16796696696245395,0.17706706033486497,5.0,4.980509905051234
910,0.29704477338504653,0.3127360573584623,5.0,4.982865200051316
911,0.10237034988047622,0.10800731684584197,5.0,4.977161334863842
912,0.21155628946916938,0.222951218296358,5.0,4.979937225799462
913,0.20657795943733448,0.21755725702153272,5.0,4.983389849670772
914,0.25144999945034474,0.26497276522398994,5.0,4.979200572935465
915,0.16764169194827194,0.1768651378961541,5.0,4.977705136483683
916,0.352162041660824,0.3713677898014187,5.0,4.97489357747094
917,0.2544099663867714,0.26810169511479653,5.0,4.980003823523083
918,0.22765137805579938,0.23982665525499103,5.0,4.980196381464648
919,0.1567779106654006,0.16527974299026726,5.0,4.980118056969367
920,0.47843130614653995,0.5042912533222288,5.0,4.976287939517965
921,0.28407720745617016,0.2993449611039103,5.0,4.979217195679446
922,0.21361631769642275,0.2255814610889071,5.0,4.975912010410175
923,0.1629255392740876,0.17168552339118404,5.0,4.978325480887955
924,0.1163710535222997,0.12279394935711818,5.0,4.977228876003448
925,0.4325863135741346,0.45529725348121164,5.0,4.982146539208561
926,0.25095592463466576,0.2644844539428106,5.0,4.979283270172017
927,0.4042370831544586,0.4260878580226135,5.0,4.973777816029781
928,0.22326902071322463,0.23567352900133365,5.0,4.978040100885464
929,0.2939739286023786,0.30965052270223015,5.0,4.98069210333826
930,0.1849840132898568,0.19465283595532634,5.0,4.982938782748292
931,0.2861164277057553,0.3016400179339327,5.0,4.978887875611155
932,0.16598075085636332,0.17481913757463508,5.0,4.981095622727834
933,0.2865472482106646,0.30209933041119985,5.0,4.976292201960106
934,0.23388331935969497,0.24651561291821156,5.0,4.979504909322907
935,0.26291974123280526,0.27721536994262075,5.0,4.97855791498635
936,0.3057748055039766,0.3224191126010416,5.0,4.977677282371609
937,0.19187094870424892,0.20217571205316154,5.0,4.978447915017563
938,0.2793530713090544,0.29531839750300337,5.0,4.978737273134541
939,0.24876947149016848,0.26234340234458964,5.0,4.976740369890349
940,0.154215600256997,0.1625247023287244,5.0,4.977010877048311
941,0.20097513519788257,0.21181610836694653,5.0,4.97944193492625
942,0.41559682291362465,0.4378013736714703,5.0,4.979569370659727
943,0.2494131927121237,0.26282026923961466,5.0,4.980034804377986
944,0.2939028002041042,0.30974328706201937,5.0,4.978885347189754
945,0.36744629142265683,0.38828003301557557,5.0,4.973864536232542
946,0.29911525867745903,0.315188056618132,5.0,4.981576274333648
947,0.22285424553117172,0.23476911298267056,5.0,4.981247012751053
948,0.3247513062731875,0.3421815555534713,5.0,4.980034144821941
949,0.2643996705749767,0.2787057004101927,5.0,4.978342996549472
950,0.3009586447732937,0.3176327747369694,5.0,4.976028762816771
951,0.1191589719894206,0.1255817154938692,5.0,4.980851495020007
952,0.14122183366000973,0.14875197110967098,5.0,4.980653327722413
953,0.17093386230489394,0.18002061785077128,5.0,4.980451060681066
954,0.1250209490679155,0.13172820629149684,5.0,4.981422349210103
955,0.19933275893352875,0.21005683932443175,5.0,4.980376497276522
956,0.2852359520442995,0.3007409219640371,5.0,4.978794500024977
957,0.2595641024101387,0.2736246732497052,5.0,4.978917722501928
958,0.40237243390815314,0.424137128885413,5.0,4.977297125414335
959,0.16723527810365035,0.17631332895549323,5.0,4.977887957824665
960,0.20748346251792538,0.2187022187552281,5.0,4.979804806955848
961,0.2941380638998041,0.3101437812958492,5.0,4.977264487372164
962,0.22699867588111444,0.23922624153054461,5.0,4.978657010394185
963,0.17955243960449208,0.18942907347740312,5.0,4.976596053659481
964,0.16364581820746937,0.17253600545147374,5.0,4.976264320602732
965,0.11137523011475814,0.11735087909650677,5.0,4.9791623270141105
966,0.34119750284836203,0.3599458015783281,5.0,4.97425722434925
967,0.378469281456594,0.39861369418405435,5.0,4.981061599330481
968,0.18474173209945444,0.19458463651396873,5.0,4.978139674765343
969,0.26794236082674394,0.28350277526351864,5.0,4.979730959854631
970,0.2147990447893764,0.22594877797665558,5.0,4.983178794319336
971,0.07800034867269923,0.08221596536679354,5.0,4.980053464033167
972,0.24858119110174592,0.261845909421331,5.0,4.980972546701601
973,0.32394600961253706,0.34107240443102715,5.0,4.983808808891146
974,0.2537346799864495,0.2674080710157878,5.0,4.98076189331857
975,0.21503628600104108,0.22673085285866001,5.0,4.979265089417764
976,0.14877580803562473,0.1568301344665044,5.0,4.973263768263267
977,0.3458508933834874,0.3648650205315509,5.0,4.976694343393255
978,0.14346816753774294,0.1513536066903287,5.0,4.976746566608998
979,0.24239910924323516,0.2555007119286259,5.0,4.980116824309224
980,0.3883222192358873,0.4091473634067153,5.0,4.979147785961162
981,0.1718857597597785,0.18137816993657108,5.0,4.97396197424206
982,0.1732283191857067,0.18265631240910873,5.0,4.9789381970868885
983,0.3627828296510034,0.38237242588343934,5.0,4.979141872177113
984,0.21287736837906812,0.22435712269052988,5.0,4.981116054415651
985,0.32939754528984166,0.34734163852855504,5.0,4.978780639725802
986,0.17700262753241458,0.1866607018415425,5.0,4.977627150129935
987,0.20390680320301446,0.21459687777162273,5.0,4.9810945884387525
988,0.13070963576885952,0.13778827284332618,5.0,4.979212500603376
989,0.18313292108327373,0.19318598883152305,5.0,4.9781400798171305
990,0.26701217008143585,0.2813005881925097,5.0,4.98013791160596
991,0.4146833045555356,0.43695585910017964,5.0,4.977662365757025
992,0.14697735794028355,0.1550569777224844,5.0,4.979197273472158
993,0.2805036781650807,0.2953610292291047,5.0,4.979344146400999
994,0.17048181039646804,0.17978469766789895,5.0,4.978538007469062
995,0.25218093747910597,0.2658493811481517,5.0,4.979365100994482
996,0.21231844365306207,0.2238625354530599,5.0,4.978686932977441
997,0.3084806831204998,0.3253169088561434,5.0,4.975853709250222
998,0.1835967359338848,0.193713586667825,5.0,4.975101347008097
999,0.3062435383528965,0.3224203564881045,5.0,4.979641459220385
1000,0.1526738498201139,0.16107737069228234,5.0,4.977679771513062
1001,0.24387739259322028,0.25715887642626156,5.0,4.976653302569778
1002,0.1688667927461014,0.17799915536468758,5.0,4.977701078636905
1003,0.227860750348293,0.23982701593297406,5.0,4.978352989332597
1004,0.24233849906663774,0.2555055663423005,5.0,4.9778049128377955
1005,0.2871304255947047,0.3027139511661472,5.0,4.975780568807613
1006,0.3200244637620455,0.33691337573728,5.0,4.98329822387948
1007,0.11531117186455653,0.12147112472935051,5.0,4.982285078575384
1008,0.18539307250953674,0.1952813264773996,5.0,4.974922800133124
1009,0.3654125635721581,0.385283402549345,5.0,4.977918582548915
1010,0.32640438507016456,0.3440115356454332,5.0,4.97892940678458
1011,0.26486089686993664,0.2788931166803168,5.0,4.980994730958379
1012,0.29470133853913394,0.31064491315516163,5.0,4.975839647144964
1013,0.1295448418599323,0.13639392824814522,5.0,4.980982851942635
1014,0.11182558119943398,0.11790559876540696,5.0,4.978643567746497
1015,0.31332875190686793,0.3303953028852593,5.0,4.975915098899719
1016,0.22434629662603944,0.23639645653814712,5.0,4.978738280721995
1017,0.17036321138510835,0.1794592846596197,5.0,4.980478829621147
1018,0.11470226499904168,0.12093106098788842,5.0,4.979744828643096
1019,0.2050790910262852,0.21616999641187018,5.0,4.978546391117176
1020,0.24400896810141703,0.2570507570974172,5.0,4.980458135857733
1021,0.2103924116448721,0.22158036181174,5.0,4.980576832183843
1022,0.17162134042578492,0.18022736660158212,5.0,5.0
1023,0.1852532558898472,0.1954043950638562,5.0,4.978225803243106
1024,0.25897141686127645,0.27298275072070477,5.0,4.978344302701041
1025,0.1625027624008346,0.17111051934094945,5.0,4.979743539996795
1026,0.15541725304596787,0.1637940341483799,5.0,4.980297561037759
1027,0.31665371786158913,0.3335575706352787,5.0,4.980444705937455
1028,0.28631347642381066,0.30178350851132385,5.0,4.9774662471400966
1029,0.14092032112266661,0.14884203214186664,5.0,4.975794802933171
1030,0.17724495967687437,0.1870334872563857,5.0,4.978323341099973
1031,0.28130355493078185,0.2967432124781757,5.0,4.979056622964508
1032,0.22432466580733346,0.2368913581006693,5.0,4.977103368239915
1033,0.19031760207114634,0.2008089073708581,5.0,4.98041830327784
1034,0.19567672986115525,0.20645062700769112,5.0,4.979742214317779
1035,0.25695177593046714,0.27127767360795807,5.0,4.982693587197415
1036,0.19690362783200155,0.20787913195259122,5.0,4.977586851055529
1037,0.22858139123832122,0.2414097527035166,5.0,4.977553261029755
1038,0.13674882548472178,0.14537237915456958,5.0,4.981944947834558
1039,0.16325604893695012,0.17229380844553033,5.0,4.978354376926264
1040,0.25789555555445576,0.27150715710871176,5.0,4.984241674522432
1041,0.13249621587394667,0.1398319030280577,5.0,4.9806515395694895
1042,0.15675720707702,0.1655440336900713,5.0,4.978396602216479
1043,0.20102567796243997,0.2122621557802371,5.0,4.97880766225701
1044,0.19571442283252827,0.2065762492962051,5.0,4.978530144794915
1045,0.15413396470030571,0.1625167944008854,5.0,4.982381302188248
1046,0.22238935427173323,0.23501464434787378,5.0,4.97559976912231
1047,0.26610577362079346,0.2804949059309436,5.0,4.980974151570869
1048,0.2367876131090516,0.2497622874043477,5.0,4.981267343948312
1049,0.18508722209486672,0.1959828367638934,5.0,4.972015471038453
1050,0.18620311680899038,0.19658067707994942,5.0,4.978535043178356
1051,0.2682077956092981,0.28321582219728514,5.0,4.982885866829347
1052,0.15203074439834796,0.1606784760785227,5.0,4.978991271902746
1053,0.29956532659738455,0.3161252422809586,5.0,4.978732737125524
1054,0.21319208254511768,0.22505125107288126,5.0,4.976315664402193
1055,0.3388822943141585,0.3573494172802647,5.0,4.980227706459344
1056,0.37395482402391345,0.3944157333725167,5.0,4.9800071269389345
1057,0.20302653781356095,0.2143331947058289,5.0,4.976571963651519
1058,0.16911436317069106,0.17849900552745956,5.0,4.978417376530189
1059,0.12950265283918405,0.13676310732891173,5.0,4.9786903778908
1060,0.15907686667090615,0.1675215155242722,5.0,4.978903515527584
1061,0.24208498177040738,0.2558350647516203,5.0,4.979668441700493
1062,0.24182978812136402,0.255157524340756,5.0,4.978609659608528
1063,0.26167450470797027,0.276079157497793,5.0,4.978935505369115
1064,0.1251968633744558,0.1322221841283273,5.0,4.9789958480665675
1065,0.34560638003100363,0.36482117415147486,5.0,4.97870880066742
1066,0.20995395947939466,0.22169026558527305,5.0,4.977735593216552
1067,0.24872073515544035,0.2624603744821017,5.0,4.978961463691141
1068,0.21972503772214536,0.23149591300410632,5.0,4.9775830596011605
1069,0.270247619243031,0.28506592787917007,5.0,4.980669880956592
1070,0.21364402928901516,0.22444526059529757,5.0,5.0
1071,0.08224632807946253,0.0865094100186059,5.0,4.9789743619029725
1072,0.1741328726847402,0.1838178784981277,5.0,4.9793668731646346
1073,0.22699352672654172,0.23967645411544303,5.0,4.977772930141331
1074,0.1747004742445042,0.18448668652912725,5.0,4.978053164517453
1075,0.06594063822395468,0.0694542285962032,5.0,4.9797841172634705
1076,0.21398090769188638,0.22574462229441528,5.0,4.978861809964448
1077,0.06748881673936125,0.07128175559108452,5.0,4.978707027710465
1078,0.22201676375686152,0.23415741495526077,5.0,4.9815814599069075
1079,0.0911321522223536,0.09619658193924896,5.0,4.9777745615567515
1080,0.1383346532798393,0.14596696950772992,5.0,4.979615209824884
1081,0.24353798542865812,0.2573250413222119,5.0,4.983066207363498
1082,0.188894194762945,0.1993061257268416,5.0,4.97941892183837
1083,0.18702790615177523,0.19730407078212853,5.0,4.976815711430094
1084,0.2190515944278515,0.23157621552788088,5.0,4.977341484047368
1085,0.16312180485343264,0.1720950126207339,5.0,4.977454615198393
1086,0.2383461988917479,0.25148218138420564,5.0,4.978423352252523
1087,0.11820639403792632,0.12478463992384503,5.0,4.979713286763969
1088,0.21753626706969675,0.22982235777293947,5.0,4.974307028413341
1089,0.30553342617487966,0.32251160150468383,5.0,4.981386828343464
1090,0.2675598795886185,0.28231540208630124,5.0,4.979591628015925
1091,0.1276730901822336,0.13472372291108603,5.0,4.978580927389018
1092,0.1856736629111797,0.19617048382848234,5.0,4.977749704464003
1093,0.3572699715124683,0.37696259486448036,5.0,4.97994239818091
1094,0.20442820037548293,0.21559471723786228,5.0,4.980786692013721
1095,0.40926159195057,0.43187562889812336,5.0,4.977998151647478
1096,0.16953747699819854,0.17916598108573223,5.0,4.9799061841562065
1097,0.2345711511347035,0.24796134842785622,5.0,4.977947787257877
1098,0.16962589608134637,0.17898357719894964,5.0,4.979510122050437
1099,0.1460380037380138,0.15411634857345846,5.0,4.980268105215675
1100,0.24677250536620488,0.260461309320539,5.0,4.979389742997569
1101,0.3158341053219438,0.33354117521230564,5.0,4.9773339876897005
1102,0.24769408507903545,0.2612900587078233,5.0,4.979127713124427
1103,0.2936304202018958,0.3103089979611464,5.0,4.981871029604266
1104,0.2375875560869114,0.25091756373050256,5.0,4.978476341963054
1105,0.1535827824281295,0.16215196092794115,5.0,4.978039913590218
1106,0.16696093671234458,0.17619758657589046,5.0,4.980195864913632
1107,0.238420637757226,0.251854149501632,5.0,4.976768202549575
1108,0.14519646660855767,0.15321049472167036,5.0,4.979564459845811
1109,0.2303999576648359,0.2434017873158958,5.0,4.976122420734717
1110,0.17222672463546318,0.18208221930931967,5.0,4.981853779954957
1111,0.18120893159708462,0.19112401955438507,5.0,4.979579798348395
1112,0.261402234382379,0.2758630608923398,5.0,4.979342975017369
1113,0.24290672040742134,0.2563442488177443,5.0,4.979998535857764
1114,0.2624336183705811,0.2770387537199652,5.0,4.977913152906188
1115,0.31059012395156893,0.3278703993012544,5.0,4.980682399576155
1116,0.2074288084214011,0.21882029072277764,5.0,4.980579837436334
1117,0.24655645209747967,0.26035957401670307,5.0,4.978360361550935
1118,0.22030335220212405,0.2324153502504256,5.0,4.978831153244947
1119,0.3221793869054681,0.3400825095266644,5.0,4.977269036951997
1120,0.2906812494581539,0.3065496214489052,5.0,4.972634189021639
1121,0.21635271195289163,0.22836414067728117,5.0,4.975303761260621
1122,0.26848568317644794,0.2830539600629147,5.0,4.983023773673159
1123,0.20422072138987635,0.21572179605327824,5.0,4.976135248812659
1124,0.2505753131954904,0.26447984788058476,5.0,4.978360670884268
1125,0.19786214729498663,0.2088052245219827,5.0,4.980225589585965
1126,0.22781122413017818,0.2404561577192299,5.0,4.978122794717752
1127,0.08655795482089856,0.09142574445624896,5.0,4.981038640904902
1128,0.19138959210348427,0.20221567514110816,5.0,4.978571449723059
1129,0.15572853143279852,0.1642911390213888,5.0,4.980889932963244
1130,0.21791580018840695,0.22997445389199145,5.0,4.979154957277228
1131,0.16248032016445935,0.17158173327121373,5.0,4.976884121273439
1132,0.20866013352977997,0.2201350981433976,5.0,4.981096162711367
1133,0.304976862291477,0.32190991075107145,5.0,4.977607103579205
1134,0.2676154946345488,0.28266911996327915,5.0,4.976696174525106
1135,0.25855629965977345,0.27298854687605845,5.0,4.977913092143007
1136,0.16557465366813195,0.1746900658880779,5.0,4.9795126345088025
1137,0.23289925278565815,0.24581302737083965,5.0,4.977681783812686
1138,0.19782516371358616,0.20874145070703243,5.0,4.974908029274427
1139,0.23642276870283307,0.24951012764758684,5.0,4.9781103695247
1140,0.26184139617823576,0.27620368821186436,5.0,4.979998751004455
1141,0.23020521594042287,0.24312050875782498,5.0,4.977597297367016
1142,0.38734670411507577,0.4087981145048596,5.0,4.977357883622284
1143,0.26941677702224776,0.2840664361189782,5.0,4.9808395387528925
1144,0.24448838482448498,0.2580471834861737,5.0,4.979413973837357
1145,0.21335714327587763,0.22528455022273897,5.0,4.97806742966004
1146,0.24421469096704862,0.2581313904286371,5.0,4.979335173917576
1147,0.25305017320808676,0.26722267218352824,5.0,4.975332693456096
1148,0.2535648424662429,0.26702348560704237,5.0,4.981288597583786
1149,0.18677862159571434,0.19700720514312753,5.0,4.979433049583584
1150,0.1602722113642796,0.16930676006720002,5.0,4.975845455303656
1151,0.32609412861940545,0.3440884316042765,5.0,4.978866777046225
1152,0.16490189383940201,0.1729643254585298,5.0,5.0
1153,0.30914472536235893,0.3260083181467195,5.0,4.9804963873492
1154,0.20117814557556457,0.2123755769026019,5.0,4.974671598235556
1155,0.2518207981589331,0.26573327780649225,5.0,4.9796370714036
1156,0.1614068700256761,0.1705518373083479,5.0,4.976093464751674
1157,0.24864049604161753,0.2623944973172381,5.0,4.978428322738067
1158,0.3966139110124267,0.4181746271591791,5.0,4.980464248075425
1159,0.3916890414157679,0.4132528811290166,5.0,4.979436596152418
1160,0.14358721677279118,0.15160613173038362,5.0,4.978075894122904
1161,0.23682986103865478,0.2497724959463321,5.0,4.980296094184267
1162,0.1894143786757294,0.19986833708632168,5.0,4.979240175435127
1163,0.1838755208331473,0.1941682075746285,5.0,4.97800115596978
1164,0.14905173868647292,0.15725731996451175,5.0,4.979577336551753
1165,0.14300543933901122,0.15087968635839766,5.0,4.980022951611289
1166,0.230750353914978,0.242886281576572,5.0,4.983813535014328
1167,0.1738906965863991,0.18254415209827846,5.0,5.0
1168,0.15749936122009744,0.16625257570360308,5.0,4.977542669754289
1169,0.3082642241276661,0.32518553376951487,5.0,4.977937533715808
1170,0.1771991521416676,0.18699564939595104,5.0,4.983200116204127
1171,0.15584501850507038,0.16451321303782573,5.0,4.97893071024361
1172,0.3321218006109299,0.3506004141163266,5.0,4.9765929163029465
1173,0.29415967963683576,0.3104824965735664,5.0,4.977682315393714
1174,0.1471795443290942,0.15533686507010502,5.0,4.982351932209488
1175,0.38560387253084016,0.40652039944004503,5.0,4.981217467276027
1176,0.1596513945142337,0.16841282567266425,5.0,4.978162195523224
1177,0.1813476445873825,0.19124460211607253,5.0,4.979947500276225
1178,0.15394842460189095,0.16240437131024565,5.0,4.983361296465487
1179,0.1979839479205472,0.20893955897492167,5.0,4.9793678181138645
1180,0.27888171010377527,0.29427892640242637,5.0,4.977955258782325
1181,0.1391250357453495,0.14680416918043337,5.0,4.981399975680558
1182,0.24201609527061674,0.2555123348651105,5.0,4.977510316419078
1183,0.22369583296591533,0.23615071127215348,5.0,4.976844265097045
1184,0.1365485637014361,0.1441735679107501,5.0,4.97903373291023
1185,0.14969816931018887,0.1579382482051892,5.0,4.98053249679713
1186,0.20738926064696717,0.21867439759047125,5.0,4.980947514885505
1187,0.24346630126666158,0.25678253765807035,5.0,4.980229130578797
1188,0.1684831122120536,0.17771708535222874,5.0,4.980538751905188
1189,0.11838155116329618,0.12481519522649553,5.0,4.98223652251907
1190,0.29979836647192926,0.3159959247079167,5.0,4.981642667181934
1191,0.2243914445394144,0.23662134534182577,5.0,4.981697135071714
1192,0.14845016157080382,0.15671789713714324,5.0,4.977839650350289
1193,0.2550807817417633,0.26916329704574204,5.0,4.978992080215345
1194,0.25211862978697597,0.2663793718457006,5.0,4.976383854923903
1195,0.16661854156574396,0.17580158750241526,5.0,4.979979304439892
1196,0.12858323656747928,0.13564387788465293,5.0,4.979383183756996
1197,0.2193253969196174,0.23170705335106168,5.0,4.976655939051344
1198,0.13495586797992476,0.14242647831506527,5.0,4.97859812210085
1199,0.2802819052273602,0.2956517211633747,5.0,4.979839577682936
1200,0.4244182739023634,0.44818284152774446,5.0,4.977596188668825
1201,0.3868637284923506,0.4082042096469298,5.0,4.978083991412117
1202,0.3055658154916572,0.3223250926579968,5.0,4.979832876721657
1203,0.1990899728488711,0.210210790260144,5.0,4.978183953923345
1204,0.25590411635420707,0.2700027363871389,5.0,4.97844158431862
1205,0.2417736121692442,0.2551878194444528,5.0,4.978230912790957
1206,0.14940308748478226,0.15762937924908527,5.0,4.9786433767992655
1207,0.25783739656809535,0.27228341993531213,5.0,4.977183846935196
1208,0.20003892402769674,0.21087008044063804,5.0,4.980506169535559
1209,0.3009773514077838,0.31773492187546815,5.0,4.977063182099748
1210,0.1859821749699837,0.19629046091113467,5.0,4.979159851491266
1211,0.11593120336397722,0.12232040128456623,5.0,4.979012532720093
1212,0.23916944297984122,0.2525026732535438,5.0,4.978930209982417
1213,0.12457909705256909,0.1313783623326552,5.0,4.98063607505971
1214,0.15521303995750335,0.16393382496178788,5.0,4.9764485675472425
1215,0.22312922303985805,0.23533128351565336,5.0,4.981018915039934
1216,0.27054515987396055,0.2857791796972602,5.0,4.975253543844245
1217,0.2196730179401467,0.23185136879482293,5.0,4.978357665751396
1218,0.12294768814833046,0.1298028979750685,5.0,4.977690253877798
1219,0.22098178188365591,0.23319354437129136,5.0,4.978654535138549
1220,0.09274824748276389,0.09789630501014379,5.0,4.980412567211188
1221,0.3396685659023455,0.35855098007296915,5.0,4.977347631495421
1222,0.1826623017083775,0.19280782939053975,5.0,4.979439108223396
1223,0.19775696898744344,0.20941812819081806,5.0,4.979985196311292
1224,0.1681433668383121,0.17734437702944406,5.0,4.980214200311739
1225,0.17257027585724583,0.18186675246787898,5.0,4.975839212351367
1226,0.1957819941676855,0.20661381023254477,5.0,4.977774062134257
1227,0.1983542631482218,0.20925953295981436,5.0,4.981266973999547
1228,0.17793640247850395,0.1876386953659901,5.0,4.97815175569043
1229,0.1595311990248014,0.16811654344072613,5.0,4.980812806160673
1230,0.1593369588397331,0.16819700646428082,5.0,4.978744543822788
1231,0.25067058479383597,0.2647140472338576,5.0,4.983984368503824
1232,0.1490221608703357,0.15750062456729408,5.0,4.9778486964719
1233,0.2285502376684323,0.2412332565425146,5.0,4.978163986386948
1234,0.24769090698660712,0.2608461029375351,5.0,4.977911380287976
1235,0.22687146471540887,0.2394479375427454,5.0,4.980062104724805
1236,0.28992853192808243,0.3060761352253991,5.0,4.977088598536721
1237,0.33373505983879515,0.3520575519456497,5.0,4.9801567358197385
1238,0.15176280497002947,0.16010057457513738,5.0,4.978875352836818
1239,0.30071201601830433,0.3173854283134654,5.0,4.977089520138325
1240,0.1472406164459341,0.15550392281544645,5.0,4.977957609234824
1241,0.21620123158203275,0.22826365396613535,5.0,4.977201224614802
1242,0.22838765060823207,0.24119017540659393,5.0,4.976459758888074
1243,0.2858544032609922,0.30181216158457236,5.0,4.97754392925323
1244,0.14057624897801602,0.1484375796788433,5.0,4.980248318515859
1245,0.2375771731796983,0.2506718770973384,5.0,4.980847416836154
1246,0.12924440006811344,0.13665635105777563,5.0,4.976701804158727
1247,0.2156012511065717,0.22758789436065507,5.0,4.97742934957726
1248,0.20767439045032643,0.21912400689753042,5.0,4.9788555119059374
1249,0.24079903277286863,0.2540202179641029,5.0,4.979647649760244
1250,0.18561993307839963,0.19592879805787877,5.0,4.978167368812523
1251,0.18153068106170012,0.1916123520432469,5.0,4.980180644891856
1252,0.31427815519126456,0.3316218437251648,5.0,4.979641892481368
1253,0.28376964793256887,0.2991731031206828,5.0,4.977034492442405
1254,0.2013782231045298,0.21257460490315827,5.0,4.9797187411151
1255,0.19527782436637486,0.20608456351297866,5.0,4.980062821858073
1256,0.07622095230103243,0.08035798534110516,5.0,4.980275668043106
1257,0.337247283639853,0.3557326601171469,5.0,4.979932370605411
1258,0.17325439274487797,0.1819972500885647,5.0,4.98258678000048
1259,0.22979552934173553,0.24246625064479854,5.0,4.978744099823729
1260,0.2350075786365129,0.24782356546149265,5.0,4.980225553466369
1261,0.2059381559890603,0.2170821866041508,5.0,4.982935319695523
1262,0.15822675899707916,0.16697378943690566,5.0,4.977270884956946
1263,0.1825311109210166,0.1925574160851653,5.0,4.981517948150183
1264,0.22835491617007553,0.24096477539514893,5.0,4.9809049824574725
1265,0.13118363445925363,0.13859390415222528,5.0,4.984900928051763
1266,0.26515998758945547,0.27995562427008913,5.0,4.979337635032008
1267,0.11037003316605687,0.11645695870032413,5.0,4.979406548203489
1268,0.30617437598499553,0.3234391400571248,5.0,4.984491606274961
1269,0.1478618857162295,0.1560431336095074,5.0,4.9786143774322955
1270,0.12366042155614987,0.1306542644358517,5.0,4.980300826451893
1271,0.18762673087157133,0.19808175214634582,5.0,4.978173930059695
1272,0.17583428773482335,0.1853021506951742,5.0,4.978462845273128
1273,0.38402686711146505,0.40517568158066974,5.0,4.978856428080141
1274,0.18253987308257003,0.19249221957625662,5.0,4.980799323118514
1275,0.22650747367866275,0.23905872855993815,5.0,4.978332710552067
1276,0.20850540934353945,0.22007212451421054,5.0,4.979930450302215
1277,0.19880858927493228,0.20983894055504848,5.0,4.979008222311032
1278,0.3818945386219015,0.40302103406291945,5.0,4.978200955940153
1279,0.2049133496954163,0.21622326864340646,5.0,4.979909995454808
1280,0.1159739589004809,0.1223875440622535,5.0,4.980659358358288
1281,0.1048000691735893,0.11077250118079074,5.0,4.9766943365000404
1282,0.2716209381541903,0.28665784947726003,5.0,4.978502218512668
1283,0.20113739267378916,0.21216130146431023,5.0,4.978491250796564
1284,0.2319115897969115,0.24469472364991507,5.0,4.98259682202435
1285,0.2763981597499623,0.2919732641343844,5.0,4.9759569057242015
1286,0.3459453598764948,0.3650898637192135,5.0,4.978156627895469
1287,0.34427277539768664,0.36363179447545124,5.0,4.98047401673408
1288,0.22650785371013593,0.23897726793137686,5.0,4.979640040874669
1289,0.2281608214793256,0.2407380514576123,5.0,4.979553351128212
1290,0.26871065850304543,0.2836508589328077,5.0,4.978421143616112
1291,0.26493025438019235,0.27972365130842425,5.0,4.976743882872121
1292,0.14156373008751832,0.14947038157143466,5.0,4.979575389843021
1293,0.17766587247500065,0.18749536826057556,5.0,4.976536528964894
1294,0.20519029758386376,0.21682645819131618,5.0,4.97486112114788
1295,0.253533600053653,0.26745641987016944,5.0,4.978273635285371
1296,0.33030328366435846,0.3486894574750352,5.0,4.976665857178819
1297,0.2864276591042836,0.3019916537913301,5.0,4.98214813146868
1298,0.2854355103457089,0.3013175360200173,5.0,4.978514907587632
1299,0.10936034604994749,0.11543004785361521,5.0,4.976657796355175
1300,0.2775673593883108,0.293013737523647,5.0,4.978698430102648
1301,0.27439112857696935,0.2902213383159393,5.0,4.975105187716622
1302,0.3486526396547831,0.3680103153195602,5.0,4.979722782088052
1303,0.16300051546187477,0.17193935073311994,5.0,4.979952822647986
1304,0.13553253470930215,0.14309144330897028,5.0,4.979343112496357
1305,0.2857626215551292,0.3012505454940426,5.0,4.981271214325371
1306,0.28165311660423575,0.29726452917675883,5.0,4.978221134637328
1307,0.25906392741224926,0.2736652369596553,5.0,4.977473341340453
1308,0.3380482940076328,0.35700740325839253,5.0,4.980837390726203
1309,0.16045901169560173,0.16944720282554804,5.0,4.977646790959724
1310,0.1234404935475355,0.13023357570490846,5.0,4.981010238641552
1311,0.1836384454569946,0.19388265279024464,5.0,4.97769968154703
1312,0.1859371075781091,0.19627543335933972,5.0,4.978819691279197
1313,0.24538512404097146,0.2589048566590473,5.0,4.979566395523349
1314,0.23997864078469355,0.2533667084731044,5.0,4.978345283468846
1315,0.253428897281609,0.26757554776365167,5.0,4.9763145019511335
1316,0.20980785842240568,0.22114704925420647,5.0,4.982798639957204
1317,0.2049929161003754,0.21624496684276417,5.0,4.979773634247557
1318,0.2159698424732419,0.22743865684321785,5.0,4.982899171881945
1319,0.33390553251099053,0.3519191504101167,5.0,4.980414183714483
1320,0.30902849999738224,0.32579439445174496,5.0,4.97944236489591
1321,0.23740947029954973,0.25089526957099473,5.0,4.977318466146476
1322,0.1404311328280914,0.14807922829179265,5.0,4.9775231894150185
1323,0.263790264056013,0.27807625576052364,5.0,4.982591863031436
1324,0.30685004080589295,0.32402628336472006,5.0,4.9786722807823836
1325,0.17885140453932258,0.18881239843148379,5.0,4.9780497736859175
1326,0.27421514585076734,0.28939224796801266,5.0,4.979604192103295
1327,0.205601795981309,0.217019692564266,5.0,4.977722243190392
1328,0.3365723082697185,0.3550939519858858,5.0,4.97980271927192
1329,0.30817598878132224,0.324800038269623,5.0,4.98113298622421
1330,0.1844976748146554,0.19460864245427945,5.0,4.975301968206223
1331,0.27891479211133285,0.29450408988160626,5.0,4.977702778191766
1332,0.2742131841969835,0.28925042908882737,5.0,4.980301657944093
1333,0.1398399523853704,0.14768507821218968,5.0,4.976797798796246
1334,0.2385363603659072,0.2516908050620996,5.0,4.97945072409391
1335,0.2421393961456353,0.25378872682135145,5.0,5.0
1336,0.17732478710155108,0.18725578414191624,5.0,4.97980880932003
1337,0.22087404188557835,0.23356334877333018,5.0,4.979296915028133
1338,0.23430593145561796,0.24728334326966372,5.0,4.979656169798243
1339,0.18390682243422574,0.19410136762628505,5.0,4.979014159405608
1340,0.25326136754326645,0.26726079946581627,5.0,4.980030742536137
1341,0.142951162250458,0.1508291403062847,5.0,4.979984602523668
1342,0.16445652916818698,0.1733429281884995,5.0,4.983350894621772
1343,0.0922856282016391,0.0976916713775351,5.0,4.979850099337124
1344,0.22410506932021712,0.23654868596768752,5.0,4.979410114329621
1345,0.25661421656140004,0.27107267779222366,5.0,4.975290577391878
1346,0.32520737582476356,0.3431034705753766,5.0,4.978088799914051
1347,0.28612149520652386,0.302267369623078,5.0,4.977538499746208
1348,0.19789502466412312,0.20872767954967442,5.0,4.98106780156137
1349,0.3261398641784372,0.34424157271013756,5.0,4.979310055025685
1350,0.16802382317454745,0.1772793592580999,5.0,4.97963779618253
1351,0.20680755754195768,0.21856811971064394,5.0,4.974021013854841
1352,0.22391178981928794,0.236160660825399,5.0,4.981903532583356
1353,0.1518870766985425,0.16012226521788286,5.0,4.980003212041009
1354,0.1042522936678576,0.10999239847498155,5.0,4.980393423650122
1355,0.22219348735854405,0.2343272062975279,5.0,4.98459842168276
1356,0.455281401359926,0.480508000420544,5.0,4.976225496628679
1357,0.35831927936688923,0.37799430545243085,5.0,4.978054807428558
1358,0.13610531124132552,0.14351193328309098,5.0,4.9826265578668405
1359,0.2548851010900359,0.26773652735780296,5.0,5.0
1360,0.13401405048157988,0.14154605586505542,5.0,4.97597298877217
1361,0.2230461788332876,0.23562171772144458,5.0,4.9768015999092
1362,0.32403541743871966,0.3420685873728151,5.0,4.976981253289834
1363,0.14032605526741948,0.14795102901467527,5.0,4.980699716158261
1364,0.2246272078958027,0.23683593348645648,5.0,4.981877333532996
1365,0.3461826296598063,0.3648946794347492,5.0,4.980332596425834
1366,0.23797887483046276,0.2512667539348714,5.0,4.97716685455587
1367,0.20540474392682406,0.21682700527454313,5.0,4.979579721761258
1368,0.16667353618092307,0.17590506827452845,5.0,4.979936467958579
1369,0.1253399014100749,0.13212505804046315,5.0,4.980237699048118
1370,0.203037407289266,0.2143748843313933,5.0,4.98047558843723
1371,0.13778215671797667,0.14551763665770379,5.0,4.976972490253262
1372,0.2068853450100432,0.2158842999786479,5.0,4.9778631705006315
1373,0.3666924291551821,0.3898463218226149,5.0,4.979907415068521
1374,0.11834436484430277,0.15459591298257513,5.0,4.976778831456254
1375,0.259018741051841,0.2686889834130053,5.0,4.9763658716415815
1376,0.28754996758327045,0.30623508879281247,5.0,4.983136468409484
1377,0.34281779638032917,0.35892692518738145,5.0,4.9675193336266865
1378,0.21468832510292257,0.22530716375526216,5.0,4.979232752388683
1379,0.19210625798873848,0.20105693104412747,5.0,4.9774678694608365
1380,0.18721407094476383,0.19696428355239437,5.0,4.972829984266305
1381,0.2731426420230443,0.2909035158950133,5.0,4.975484278808482
1382,0.11013130049879694,0.1174028470723294,5.0,4.9693471962762015
1383,0.279859920103271,0.29959651233639817,5.0,4.976193652737484
1384,0.12518279562857582,0.1355376392906582,5.0,4.978074223792044
1385,0.4014873926649656,0.43158796707460256,5.0,4.970439434928338
1386,0.1650835551776184,0.1749667538840176,5.0,4.971862195393788
1387,0.36975803449669553,0.39270794882515325,5.0,4.977360039596794
1388,0.23053965011189836,0.24872116806708156,5.0,4.9803658927167405
1389,0.2701587952057114,0.2898378764704177,5.0,4.979506191672254
1390,0.14290565009389633,0.1316970334709413,5.0,4.97793074029282
1391,0.26860400078433666,0.2800332432870811,5.0,5.008976853810259
1392,0.21125416068496494,0.21347786495409227,5.0,4.976280634973893
1393,0.2278605737583439,0.24176061335047883,5.0,4.930965387062827
1394,0.21951583363122085,0.22822507260388902,5.0,4.973518146804805
1395,0.3012088333708953,0.31578880607272275,5.0,4.9750993576800795
1396,0.22151578206591904,0.1993201863538554,5.0,4.974904124312438
1397,0.39340495858555546,0.42039003203056113,5.0,4.985884236504843
1398,0.26606356074704096,0.27846950118562974,5.0,4.97398064852324
1399,0.2606609831296596,0.2706269887706829,5.0,4.971726784639703
1400,0.162887296993665,0.1712047376105481,5.0,4.990655492563958
1401,0.2179632852227984,0.2301017326103303,5.0,4.979963471666711
1402,0.2373113839508767,0.24822994414402877,5.0,4.974323191832024
1403,0.23764352032108205,0.25154608030101455,5.0,4.972642164858971
1404,0.2410571278455984,0.24548292724407683,5.0,4.9792914654253995
1405,0.24448786541765966,0.25800820241968947,5.0,4.978869477484702
1406,0.24654081128017657,0.25978332444755603,5.0,4.97771215910273
1407,0.26475862775098347,0.28173281245006243,5.0,4.975377904805329
1408,0.2588723317275008,0.268701129381848,5.0,4.979208509718802
1409,0.3396031455167081,0.3440231303704768,5.0,4.972815122808889
1410,0.32971925260939217,0.34748489004680305,5.0,4.974414795528608
1411,0.15286961705393698,0.1617763899535729,5.0,4.967694803833282
1412,0.21036659948717595,0.22288265775362426,5.0,4.977994119072964
1413,0.25301815656995963,0.2649379608513298,5.0,4.975251702197001
1414,0.20571258000258452,0.21936259065896468,5.0,4.97443986459003
1415,0.225035172544916,0.21754081545390846,5.0,4.975760899700328
1416,0.28026834269477163,0.2951607047572644,5.0,4.974676825585265
1417,0.17473579014740714,0.1845104743961412,5.0,4.97807024904696
1418,0.2195726530346933,0.24184966496707117,5.0,4.9784602921385
1419,0.21617908426464805,0.2302079451510297,5.0,4.972684167897707
1420,0.36741949505153415,0.38858911472738056,5.0,4.975027035798272
1421,0.3931518751488916,0.4205629615647606,5.0,4.969361878024925
1422,0.22040047840061505,0.23021920861416056,5.0,4.975191075032193
1423,0.22316145680122212,0.2406686701100882,5.0,5.000847835532403
1424,0.22842482002653663,0.2394240911007981,5.0,4.967668507922136
1425,0.19324161880508806,0.2081097385948505,5.0,4.978691291742026
1426,0.20886465389962994,0.21982773442935066,5.0,4.961732515193571
1427,0.25022844189490834,0.26426075502908586,5.0,4.973429770078521
1428,0.19427825120349618,0.21330063391227005,5.0,4.972806360006992
1429,0.24343676677177162,0.2482994088330115,5.0,4.976116697268225
1430,0.09685209703899345,0.10334007830550584,5.0,4.986130568027729
1431,0.18996829804614035,0.19710013853831088,5.0,4.990186435344519
1432,0.13861317986513555,0.1479031779894091,5.0,4.978547170285896
1433,0.3005089289531586,0.3202440502078767,5.0,4.98027312264588
1434,0.31227254831325624,0.3164357225183525,5.0,4.980158916603985
1435,0.19759315002532007,0.1951453838503654,5.0,4.986141366236385
1436,0.23109965899503493,0.24125359602793228,5.0,4.984661136604318
1437,0.19790282249110458,0.20587791449639736,5.0,4.978264893511346
1438,0.21998755557566807,0.2708345192508037,5.0,4.979396766484472
1439,0.21970140055117549,0.23931012153455966,5.0,4.995188391216132
1440,0.22043483065154668,0.22868360393037745,5.0,4.992800284244758
1441,0.25296252838428734,0.26808498315870244,5.0,4.977790939564306
1442,0.1695797652811104,0.17904446920461048,5.0,4.980835474417535
1443,0.22133645913150968,0.2323215956526652,5.0,4.981355463191566
1444,0.15946637562507027,0.16751579127006577,5.0,4.978823317098282
1445,0.2849770877354043,0.29627798604229283,5.0,4.96924399102129
1446,0.13301163054140153,0.1390812920970006,5.0,4.978207580918053
1447,0.40337360754778806,0.42650865777354374,5.0,4.971445280096045
1448,0.32366662997507323,0.3389355280406898,5.0,4.980239134684785
1449,0.41886163803321375,0.4404173475147377,5.0,4.97803597470214
1450,0.23546205251149632,0.24533732479555836,5.0,4.97538039256276
1451,0.13333547786343902,0.14069325633379548,5.0,4.978468907415365
1452,0.10118063846861647,0.1045066081948196,5.0,4.976653316334199
1453,0.15424171606644244,0.16159399407147657,5.0,4.979552494689541
1454,0.1303613342111949,0.13123232932862505,5.0,5.092942946684893
1455,0.32784762151495994,0.3492616759064149,5.0,4.9838849016847675
1456,0.1992800660378813,0.21370878423544548,5.0,4.979443533834198
1457,0.22983654583128033,0.2627254741732805,5.0,4.97960032441358
1458,0.20247012124565855,0.21533244898060744,5.0,4.973539025161928
1459,0.3792363710512243,0.3993360837256157,5.0,4.9726467732060975
1460,0.1454546487322046,0.15680918461740934,5.0,4.9744679625692445
1461,0.23037876236530108,0.22560796840817088,5.0,4.976914236051897
1462,0.2250260507354227,0.23676287345102054,5.0,4.977711070816735
1463,0.07993827860019898,0.07010788071600582,5.0,4.975742144769999
1464,0.1608058220827322,0.17081439660646947,5.0,4.973867514949886
1465,0.23205739868074815,0.24486006039596564,5.0,4.977206106559162
1466,0.35099906239285583,0.37190824494675345,5.0,4.9859199227076
1467,0.3444061238744669,0.3654659437759544,5.0,4.956413162234181
1468,0.16548890328327936,0.1816657021676693,5.0,4.9707907029808585
1469,0.2687327695625046,0.3165549296482053,5.0,4.970969646810426
1470,0.14763003202345581,0.14845723683698586,5.0,4.9783623642682695
1471,0.27604687194612976,0.2897619034721828,5.0,4.981172293029594
1472,0.35967318783563984,0.3750489550440568,5.0,4.974404629892515
1473,0.23490961066896587,0.24785588579278284,5.0,4.970074957806965
1474,0.11181864897372562,0.09208355521711242,5.0,4.977866205530681
1475,0.16069892584723733,0.16781930855534233,5.0,4.978678328941246
1476,0.1833903523605771,0.1929261114013454,5.0,5.0
1477,0.2182521593756559,0.22990206888838816,5.0,5.034842121467724
1478,0.1530244895754782,0.16194789627233197,5.0,4.974529813702713
1479,0.28352220195219147,0.32114118773784384,5.0,4.975611090546055
1480,0.2896094130856497,0.30600174494318777,5.0,4.980872479650316
1481,0.37089581805975014,0.38779176232760904,5.0,4.9752969704652905
1482,0.19553708052441787,0.22230650609054559,5.0,4.977330566088112
1483,0.251348208877485,0.23492520232067937,5.0,4.975736276041323
1484,0.28590711690668114,0.3043702639907102,5.0,4.969398334707575
1485,0.17050451090946495,0.18686330870257994,5.0,4.949199494282022
1486,0.31146781527956247,0.3315255312965826,5.0,4.976037269990332
1487,0.3584667016866816,0.3773438530368143,5.0,4.97490729171445
1488,0.3323705652564952,0.3508823105847927,5.0,4.97504002496477
1489,0.21676706247681188,0.23985326017463926,5.0,4.9761734831206805
1490,0.27576167867282364,0.2891207957919071,5.0,4.975613733318713
1491,0.11107144615853937,0.11912163700674983,5.0,4.976071450271089
1492,0.17882226239985854,0.1990479208093987,5.0,4.979302020983054
1493,0.37993492555821784,0.391077182819217,5.0,4.973329542677476
1494,0.4179284228194413,0.4421271305242276,5.0,4.9473475648356935
1495,0.34058255803320003,0.3602972651081753,5.0,4.978320964559062
1496,0.120151441373052,0.12222627236919426,5.0,4.9715514120738735
1497,0.24554943563124088,0.25543133808332463,5.0,4.97902666905544
1498,0.21661999900307638,0.2280184141461834,5.0,4.972859498407152
1499,0.1926911462633487,0.20424887791400548,5.0,4.973712443649738
1500,0.4295906483589791,0.4555063402783406,5.0,4.979098958547548
1501,0.211711346051624,0.2073228818808257,5.0,4.978502516543832
1502,0.07912337655207402,0.08234421516399948,5.0,4.98145056803204
1503,0.21062223144946524,0.20879617835158548,5.0,4.97593512183113
1504,0.10646387313312666,0.12916414457677394,5.0,4.975944077612864
1505,0.29443397367460755,0.3100242654675647,5.0,4.979119988626319
1506,0.24124212260607103,0.2521499027213965,5.0,4.9812078676048355
1507,0.21413442942825855,0.2244074422520761,5.0,4.976218395803977
1508,0.2623122733162837,0.27836503009716385,5.0,4.977824762556411
1509,0.326499244034298,0.34120287019197026,5.0,4.972408152736962
1510,0.11750016092565163,0.12523499270284533,5.0,4.976232842304702
1511,0.251287947590219,0.2604685317491877,5.0,4.977187080219325
1512,0.309296522786058,0.3273495840808742,5.0,4.9780842778801215
1513,0.28102288202644843,0.30508959281928694,5.0,4.977073272908639
1514,0.19837664178133219,0.2010364156212816,5.0,4.976399179531503
1515,0.2155624088085395,0.21568266114308376,5.0,4.979842806922488
1516,0.2932535309335851,0.3048721142379751,5.0,4.994471352505112
1517,0.2578719762733557,0.26897255392035047,5.0,4.9770750580173395
1518,0.11235116198625583,0.14324713455679183,5.0,4.97762714404046
1519,0.237098188614979,0.24348667254890866,5.0,4.978517059605672
1520,0.22463904949898272,0.2351275719397401,5.0,5.0
1521,0.12554617702167792,0.11273796848999895,5.0,4.9810225253488305
1522,0.2758364907787729,0.28996230964381087,5.0,4.977071573319076
1523,0.12770432022934397,0.12604388686180168,5.0,4.979267902324507
1524,0.1867618544990728,0.19675069856202754,5.0,4.980788128246303
1525,0.2673412855517898,0.282513840110739,5.0,4.971216019812212
1526,0.26554953279424254,0.3213885168256263,5.0,4.976858759893021
1527,0.27025163791577556,0.2875728996390514,5.0,4.971592119268715
1528,0.3447250306266698,0.3646179346529679,5.0,4.9855529321470815
1529,0.2453330377335572,0.261620477452319,5.0,4.983982643561085
1530,0.16448434933580658,0.17397468063341903,5.0,4.974807799682868
1531,0.20668579388365815,0.21346709814042764,5.0,4.973752255384261
1532,0.1943495457577762,0.20402403725855356,5.0,4.9736000921105905
1533,0.27131586875193237,0.2837022957599802,5.0,4.969908037529054
1534,0.2713883445161438,0.28569622038739184,5.0,4.9765527802106035
1535,0.27409955437780487,0.28844906017360605,5.0,4.992893488789951
1536,0.2095729833836597,0.22084689047638628,5.0,4.975805560930464
1537,0.16520359109468652,0.142274929069248,5.0,4.977572684175149
1538,0.41173587284822144,0.4415506774032687,5.0,4.983826075265956
1539,0.28092597473767755,0.30321826158977894,5.0,4.973136858672849
1540,0.12006816643565821,0.1206859015128583,5.0,4.97481881306606
1541,0.27034860700850194,0.29127899499829324,5.0,4.908678389173025
1542,0.32574377858630843,0.3421951043527949,5.0,4.974330082300593
1543,0.23884336382332094,0.2493837918600741,5.0,5.005313283493802
1544,0.1354705328420116,0.14114159711662722,5.0,4.976356404803015
1545,0.25043206808395535,0.26088901073264203,5.0,4.9778005473263764
1546,0.3565009757957669,0.37783167103529314,5.0,4.979203965487526
1547,0.3110499179160602,0.3220589039686368,5.0,4.981018635082162
1548,0.127269390325486,0.13769504622219864,5.0,4.981647146996426
1549,0.1349973339817423,0.13790836527374273,5.0,4.975204472209773
1550,0.16276134122112218,0.17414727907179683,5.0,4.979730667143523
1551,0.19878782351490276,0.2025133073913299,5.0,4.982173122301807
1552,0.24911351076941024,0.2644501030863138,5.0,4.982830811253205
1553,0.20822477307254772,0.2181004896240255,5.0,4.976911256110768
1554,0.26424347558193917,0.2619182663669597,5.0,4.976955633276985
1555,0.27466345808461967,0.28786618988894186,5.0,4.969532471940035
1556,0.3221402315376798,0.3404055577428087,5.0,4.978276759450502
1557,0.15414960966389302,0.16217270386339866,5.0,4.973617681374076
1558,0.2210933905228918,0.23478919983445,5.0,4.975922791733618
1559,0.14314081665945877,0.16379163914111228,5.0,4.978554921025777
1560,0.2031325001425761,0.20873381240708833,5.0,4.9806784075013955
1561,0.2980769997212198,0.3136279872321064,5.0,4.976024529552676
1562,0.47219820389860345,0.502793088650884,5.0,4.966762211390794
1563,0.3848161221222619,0.40181279667750314,5.0,4.973974361580833
1564,0.2560692983948465,0.3232260328649903,5.0,4.979909953761732
1565,0.26014850110142307,0.27681729516865605,5.0,4.924061707402947
1566,0.11926226626877745,0.12801010071494767,5.0,4.976752924304453
1567,0.24633370801806698,0.2506837690226753,5.0,4.977786288147241
1568,0.31234353796587566,0.3291844122654104,5.0,4.98234318019704
1569,0.24201715562770043,0.26440820681708654,5.0,4.964273046070389
1570,0.2765036645633847,0.29024806058335817,5.0,4.9806707394025285
1571,0.22160703813164284,0.24963136857999757,5.0,4.9766773569821865
1572,0.0786481659080529,0.09819145945513275,5.0,4.97623342897386
1573,0.2049257815039538,0.23868654530852607,5.0,4.975736932470509
1574,0.1902481757383887,0.18696708147790697,5.0,4.976373623636725
1575,0.1425223412920158,0.15192124290909503,5.0,4.972782821610231
1576,0.26327836520011316,0.2815301197062292,5.0,4.975332324959432
1577,0.24195338664689325,0.26936329902656575,5.0,4.974993308757636
1578,0.39951486639348754,0.42403581985237127,5.0,4.976304266841591
1579,0.148398880705646,0.16336668660589204,5.0,4.975266958190909
1580,0.3658581106793666,0.38840421713554285,5.0,4.9772677351626005
1581,0.3622272227853074,0.3806978666412848,5.0,4.9706618932200985
1582,0.28894595932406997,0.30713527625691883,5.0,4.976028378396951
1583,0.30124041930903767,0.31171696958322515,5.0,4.975921612712
1584,0.1584272377067537,0.16739956518119814,5.0,4.981545517669392
1585,0.24604353792216527,0.25656602534889617,5.0,4.971830898015064
1586,0.30129490407480786,0.32731963137473663,5.0,4.9723354974216605
1587,0.2221362831121112,0.23375292604163334,5.0,4.97692751773422
1588,0.05354904899226409,0.05653837097069281,5.0,4.978086200779632
1589,0.2924227605962204,0.3048517489732132,5.0,4.974183738694187
1590,0.10805899417320086,0.11768897454182792,5.0,4.980963271644816
1591,0.14305678873089733,0.15638085326859774,5.0,4.977485739376721
1592,0.2664418842350118,0.2845051851712379,5.0,4.976349156229016
1593,0.21904340839562386,0.22303960215513885,5.0,4.978610412813538
1594,0.2300982863763934,0.23870386811695488,5.0,4.976380112102676
1595,0.18407130428736895,0.19672960957760477,5.0,4.9547392960896275
1596,0.31810683755070723,0.3387215473901275,5.0,4.977163994709084
1597,0.17921259237348375,0.1880616590380948,5.0,4.978570886047624
1598,0.23899137869556797,0.2185781758301657,5.0,4.9793127175068985
1599,0.2073673150041575,0.21339511718989757,5.0,4.976059794675942
1600,0.26756403644648086,0.27787882353445914,5.0,4.974237108836856
1601,0.23136148558494862,0.23931407083288536,5.0,4.976410506227573
1602,0.24090205798268305,0.2513263626540252,5.0,4.978713761547562
1603,0.2279658498121535,0.2512121279657391,5.0,4.977176665766816
1604,0.42893791450398555,0.45367767361281763,5.0,4.986583866744834
1605,0.2700408979310982,0.2861505943753013,5.0,4.977752695587716
1606,0.20753162074832532,0.2178751765027369,5.0,5.0
1607,0.2145714746924785,0.2343686507215077,5.0,4.976589828695808
1608,0.31401958009057496,0.33839445278111757,5.0,4.977392013028226
1609,0.28488164209780886,0.30407532184655683,5.0,4.975621368593668
1610,0.29990479197667885,0.32506248083377765,5.0,4.978816001181636
1611,0.1369913882541931,0.16932820156360595,5.0,4.988901917055806
1612,0.2215083852381574,0.2333965796883144,5.0,5.0
1613,0.269448841587103,0.2831835430292462,5.0,4.978373415033301
1614,0.20294808220749094,0.21800824994075474,5.0,4.952889023180198
1615,0.15969221908326992,0.16650133044492632,5.0,4.978724287938716
1616,0.22536856168628128,0.23626533481831524,5.0,4.978794576618872
1617,0.23579045136814192,0.24869493968184564,5.0,4.972365695758025
1618,0.2092803037581823,0.21280883026324715,5.0,4.974487858287073
1619,0.2731829960057788,0.2886750041830062,5.0,4.975465430240655
1620,0.17158631098551536,0.1617771875372982,5.0,4.978169713727167
1621,0.3137009519899918,0.33306614328426964,5.0,4.996143079434212
1622,0.36154883760475753,0.38765385003231256,5.0,4.97736326528055
1623,0.3075815984028152,0.3244772712012163,5.0,4.9702930369375675
1624,0.18612028492276034,0.19720131284479714,5.0,4.977892758296711
1625,0.3392025123858684,0.35954400237371464,5.0,4.972127272915499
1626,0.24420743337616746,0.22793810347098242,5.0,4.972019970838497
1627,0.3188509941635991,0.3389400888465932,5.0,4.97803198727512
1628,0.1590272274021718,0.17125754176931451,5.0,4.975049531074696
1629,0.2513677570351198,0.2665868137539902,5.0,4.98044077481226
1630,0.3105361885425728,0.32014442833261225,5.0,4.982321067675617
1631,0.31267403001780736,0.3268753734619554,5.0,4.978701121351543
1632,0.32191896179842483,0.33990949164740747,5.0,4.973517707219992
1633,0.2513386216988318,0.25881369898596707,5.0,4.976648287367693
1634,0.41167575404963674,0.43470145968196827,5.0,4.965162350792109
1635,0.26741391637605694,0.26917250915061564,5.0,4.975350475292721
1636,0.2626424413014663,0.299635593301244,5.0,4.9741610735876485
1637,0.3742305965696744,0.41609387617079974,5.0,4.974497323996365
1638,0.1474734322920348,0.15782617518075903,5.0,4.978821344250841
1639,0.15199143944105042,0.15976202868892364,5.0,4.975444371572548
1640,0.3827307536540132,0.40626337433368764,5.0,4.9822531737098075
1641,0.3191428095830071,0.3391338949275178,5.0,4.977298292738679
1642,0.34154739200920514,0.35837957120603114,5.0,4.977171756216983
1643,0.23724265357150975,0.24958253890336235,5.0,4.977040605569396
1644,0.16037117408352297,0.16966900626564207,5.0,4.974990561805184
1645,0.18574832709186095,0.21089417378228514,5.0,4.977152985172744
1646,0.26260931527008036,0.27781593428077334,5.0,4.978056670792519
1647,0.3408393903482021,0.36052152850007957,5.0,4.976391595765657
1648,0.2763438195152401,0.29023462580272086,5.0,5.0
1649,0.16155788549782257,0.16570453352314374,5.0,4.976649334956091
1650,0.1323783042887412,0.13654358006649536,5.0,4.978566324190545
1651,0.17131022131822493,0.18684278023901446,5.0,4.977716295691694
1652,0.11236997930874759,0.11962920848963421,5.0,4.97622438617868
1653,0.21255748551686726,0.22466135069612103,5.0,4.982097691466594
1654,0.30189286839139373,0.3186798301546472,5.0,4.971492660539907
1655,0.20167875445044436,0.20550960273151397,5.0,4.977328353838306
1656,0.3410966389347312,0.357813558960729,5.0,4.979376244236136
1657,0.09714479063829584,0.10526035579443649,5.0,4.979485017325418
1658,0.24274634327259803,0.2582955300254328,5.0,4.979169685306246
1659,0.1984203100520796,0.21488086849589427,5.0,4.977203022637102
1660,0.2139047739464519,0.2253702073253172,5.0,4.976928834240422
1661,0.15423791281111865,0.16430788546871078,5.0,4.982475260242376
1662,0.280492165841729,0.29699417369892167,5.0,4.966010735173958
1663,0.4932016740058509,0.519583027143891,5.0,4.968998772808408
1664,0.35260004553912716,0.38997757593981297,5.0,4.9760345525114325
1665,0.14757305747529004,0.15564774239712587,5.0,4.9778410412409
1666,0.21665806767122353,0.2275849945951378,5.0,4.976073948953905
1667,0.37265685807137006,0.39251169729086244,5.0,4.974553551819767
1668,0.3290309501308686,0.3453003147249596,5.0,4.973428996496345
1669,0.17202713595764396,0.18752817928772636,5.0,4.974873000648126
1670,0.2750969175457425,0.28287566262704145,5.0,4.975263705808324
1671,0.1883356547355557,0.20022001353265395,5.0,4.9727906437063485
1672,0.11653955387811799,0.12335720558778096,5.0,4.977850518058267
1673,0.3342472073072451,0.3501299034185881,5.0,4.98863798195849
1674,0.39412789550233707,0.4091901137143903,5.0,4.985986048140001
1675,0.2521980631695946,0.2642876135905081,5.0,4.991880288871062
1676,0.16270565901632272,0.17191551652012693,5.0,4.9764609035568075
1677,0.23954098613336638,0.25169734737642435,5.0,4.97877462114845
1678,0.36741885020066656,0.3871764896232157,5.0,4.971826760007927
1679,0.22497953651569857,0.23813116065573636,5.0,4.975154263613595
1680,0.3163862167846403,0.332706794879265,5.0,4.9950418749713865
1681,0.13397142863249423,0.1405045630048094,5.0,4.970723075594732
1682,0.20230707594026054,0.21089758290239158,5.0,4.97234371202806
1683,0.20249213680472344,0.21170977239404998,5.0,4.975940291274288
1684,0.25461267078860783,0.2758793607057235,5.0,4.974453322158263
1685,0.08876649766986211,0.08882869801724502,5.0,4.978058163347825
1686,0.37741606652667903,0.3987636584555585,5.0,4.9787879842413485
1687,0.29167037556405595,0.30719355555046524,5.0,4.9806814578813
1688,0.22607209373111248,0.23881125980505336,5.0,4.967916125404859
1689,0.12001106103263082,0.11905880307897299,5.0,4.9751411330399975
1690,0.11977257320341961,0.15708638814466513,5.0,4.977243721727893
1691,0.3120119195839526,0.3304695152311614,5.0,4.978672328468399
1692,0.24347158329343088,0.26002239409504657,5.0,4.976533946012456
1693,0.2167996915118393,0.22681742143088934,5.0,4.974581798086426
1694,0.2061229508819591,0.21855511845750564,5.0,4.975531755430067
1695,0.3972593509059469,0.41524221379295057,5.0,4.987045925655842
1696,0.25234168766358844,0.26628991995115414,5.0,4.97877875467835
1697,0.3215461021148762,0.3420656679709988,5.0,4.974907415107381
1698,0.16661267699414117,0.17937375558414081,5.0,4.975265227776262
1699,0.19686921787723177,0.19399352111869206,5.0,4.979263202274069
1700,0.2043690034330501,0.21723892412237156,5.0,4.971948186285369
1701,0.1526806242865637,0.1591185965177253,5.0,4.974424971068521
1702,0.24191115820191067,0.2547170067618545,5.0,4.986675696875693
1703,0.33514848814816744,0.3764007259503206,5.0,4.980626905962353
1704,0.22440046136778768,0.2133722402392082,5.0,4.975670939580885
1705,0.21800508335097168,0.24491752404738687,5.0,4.9746242927331075
1706,0.4690775684165338,0.4918219540110178,5.0,4.982795211244806
1707,0.18842106397895764,0.18125228730714138,5.0,4.979004720834208
1708,0.31846368375590717,0.33581730359139805,5.0,4.978844400734941
1709,0.2857258686504376,0.31066731406962855,5.0,4.975931378578329
1710,0.23308658883223754,0.24574049203544912,5.0,4.973506458031185
1711,0.3475378332404442,0.37958120022504116,5.0,4.975577216198008
1712,0.1260114347284309,0.12954490217806147,5.0,4.979249012195508
1713,0.41892245670623374,0.4399038308715115,5.0,4.992237002467119
1714,0.20795210294313926,0.3145016803167848,5.0,4.982079474369501
1715,0.20050269125324371,0.2117908603828087,5.0,4.9806638061854525
1716,0.3685913016039468,0.3895627146497529,5.0,4.978014255212679
1717,0.11312027355322374,0.11989563306118778,5.0,4.975805084535683
1718,0.22323897620139688,0.23613931432290847,5.0,4.978449284327828
1719,0.16406492056393085,0.17336098049304294,5.0,4.981784732636267
1720,0.30651590105145843,0.32413548747275733,5.0,4.979957386233149
1721,0.2615595070151766,0.2766783088045368,5.0,4.978638127153534
1722,0.1550614746305563,0.1636546718838381,5.0,4.977899618529147
1723,0.1711539606062662,0.1809409421194068,5.0,4.976459905192208
1724,0.1962555856669157,0.20760431153620007,5.0,4.976740346188766
1725,0.1361058187625348,0.14340651228611834,5.0,4.9756846726698445
1726,0.30637596734007944,0.3237761610128802,5.0,4.980003646684805
1727,0.12032438147171387,0.12725122818982149,5.0,4.979778944139213
1728,0.12894120275562204,0.13627142338710896,5.0,4.98002199965442
1729,0.22185663857025828,0.23466831047922443,5.0,4.976952712504588
1730,0.23369811834537702,0.24712548176213378,5.0,4.978911486566915
1731,0.29412060143178853,0.3112324815538008,5.0,4.975591485792528
1732,0.15591687781980523,0.16478733162663128,5.0,4.977945801674597
1733,0.08638741552039386,0.09122255194633744,5.0,4.979196662217262
1734,0.18733758725055094,0.19807082376293894,5.0,4.978561177386416
1735,0.2890282246001228,0.30563220261556423,5.0,4.978429147421508
1736,0.29694378529185217,0.3138069764857725,5.0,4.9800130290890365
1737,0.21077694032884708,0.2231087551565809,5.0,4.975413893106939
1738,0.1466204192222933,0.15504125088345955,5.0,4.980059009157545
1739,0.20796376781155934,0.21984855268931325,5.0,4.9786911667047296
1740,0.41454656607621687,0.4386478600053425,5.0,4.97526269462826
1741,0.18278166012187658,0.19346795202610223,5.0,4.974456273992169
1742,0.21570055821759482,0.22830996564457595,5.0,4.97535992039591
1743,0.08252340183040241,0.08722480282466916,5.0,4.978056426577693
1744,0.30501359682459994,0.3223157395487042,5.0,4.978894036509454
1745,0.20187591408951167,0.2134335027617278,5.0,4.977461968625958
1746,0.16633503693174823,0.17597755926251546,5.0,4.97838679299166
1747,0.19660448065907898,0.20797893136032064,5.0,4.978106592797005
1748,0.18930885924057117,0.20059219696344965,5.0,4.976849353983344
1749,0.19835126917178214,0.20989600564326216,5.0,4.980196493011988
1750,0.400262261469839,0.4234963111588259,5.0,4.974247712422928
1751,0.16155955320157855,0.1707620894160775,5.0,4.978858676193232
1752,0.2744880979508999,0.2908155807605921,5.0,4.974909165259467
1753,0.2699289714883135,0.28523924769998854,5.0,4.9784042098149595
1754,0.1721317510392184,0.18218332190607378,5.0,4.975927716708393
1755,0.1734539933464283,0.1834713426361485,5.0,4.979990316358229
1756,0.31017480607723247,0.3283661636946029,5.0,4.976477752350084
1757,0.21640303583037457,0.22875067870151478,5.0,4.980106435625871
1758,0.13650909352739915,0.14438584555203504,5.0,4.97825078709754
1759,0.2473989801946257,0.2617139702347091,5.0,4.975692748878631
1760,0.16370523546085436,0.173184303614772,5.0,4.97779274237657
1761,0.28495204399929697,0.30151790806900625,5.0,4.977874582354609
1762,0.23551563069931047,0.24936171940655694,5.0,4.9753869535179795
1763,0.2806433540497073,0.2969530295782794,5.0,4.978023050819154
1764,0.23925956252120373,0.25326922994925516,5.0,4.971680634323823
1765,0.29346801734228256,0.31028194374509654,5.0,4.978414680779162
1766,0.25173066738848315,0.26642241038996417,5.0,4.972235043305204
1767,0.31445042511737564,0.3325179033152139,5.0,4.977307204262891
1768,0.279639036675676,0.29571242764492256,5.0,4.977943780171472
1769,0.12829425134604966,0.13569121826358876,5.0,4.979413641027621
1770,0.2969903369027458,0.3141942123102901,5.0,4.976056188182536
1771,0.14215977087045095,0.1505033015523014,5.0,4.975040290358104
1772,0.21482231650877814,0.22728476808976916,5.0,4.978525893442578
1773,0.11710947360185853,0.12395372207563948,5.0,4.977985413426778
1774,0.22880361371351987,0.2420564735644115,5.0,4.979948088971273
1775,0.14737197230140442,0.15592481848789586,5.0,4.978075762770846
1776,0.24425268300242253,0.2578291635243488,5.0,4.978953711621701
1777,0.2559410177057624,0.27064936132404194,5.0,4.9793405948260006
1778,0.14097775885514152,0.1491199905135201,5.0,4.977792777696308
1779,0.22394524215722944,0.23683586460691397,5.0,4.978350067017301
1780,0.15249866055825478,0.1613603069402496,5.0,4.978246055036584
1781,0.24567310948334176,0.25984095733868906,5.0,4.977744400718009
1782,0.2519326028308231,0.26659368472416944,5.0,4.977905750144247
1783,0.2132506037391051,0.2252147406047249,5.0,4.974733923183097
1784,0.20849665215174173,0.22050150615740782,5.0,4.979279907306973
1785,0.17858330166465808,0.1889352887003164,5.0,4.9793289114851635
1786,0.23293617463173732,0.24469366280628657,5.0,5.0
1787,0.195850164034979,0.20709547645660065,5.0,4.978723705439005
1788,0.21277144525115288,0.22502239003520463,5.0,4.9778902707508355
1789,0.12075536197340564,0.12827228203726526,5.0,4.9792063752312465
1790,0.2407810553860934,0.2545869396624765,5.0,4.977363920672104
1791,0.3657608314460301,0.38591426630096826,5.0,4.980683195636573
1792,0.43705188038166143,0.4620742637172639,5.0,4.977312786718375
1793,0.1846147099108797,0.19508536399066378,5.0,4.976676507934981
1794,0.15950302257198445,0.16899606648550236,5.0,4.979302572670248
1795,0.09756646708859962,0.10312390491638168,5.0,4.979842941033654
1796,0.21888264974532157,0.23156614709989887,5.0,4.9788343219945475
1797,0.15262991565838147,0.16125961765911412,5.0,4.977284313344796
1798,0.2784387412395295,0.2947154842778046,5.0,4.975482080404099
1799,0.25364130110008776,0.26834354666197835,5.0,4.978974718812834
1800,0.2289048433109313,0.24209665847708428,5.0,4.979899927626361
1801,0.21871629790315317,0.23141787822539528,5.0,4.977019749090337
1802,0.4017499025256519,0.42510134267502364,5.0,4.974925566839721
1803,0.16264598716727008,0.17206906367721508,5.0,4.977523982095056
1804,0.1619293524114649,0.17129894226283215,5.0,4.978671003775679
1805,0.21074568358750922,0.22299607389821174,5.0,4.978151069194547
1806,0.1732667998342643,0.18337733668507172,5.0,4.977787830317988
1807,0.19333401514174708,0.20440462943801418,5.0,4.979204687843666
1808,0.35256703556963886,0.37276936704333097,5.0,4.977985486215735
1809,0.31806595180081265,0.33565784901704454,5.0,4.982059655841109
1810,0.16737371744097174,0.17680745773557693,5.0,4.978490480459872
1811,0.19784050947666265,0.20914212032419344,5.0,4.9782908736968245
1812,0.24682910911896982,0.2611733870856541,5.0,4.975998900866685
1813,0.10638356170865548,0.1125237004446773,5.0,4.977637079981276
1814,0.30055397652035953,0.3177934126340267,5.0,4.979870996405502
1815,0.4439734950512886,0.4696515642217669,5.0,4.976129907238578
1816,0.24684521356485267,0.2607805693726033,5.0,4.980295056970121
1817,0.2169438349559616,0.22938160255007345,5.0,4.977829030059242
1818,0.17335306153001162,0.1832955761603543,5.0,4.978627613814393
1819,0.14421856370231612,0.1531141722894811,5.0,4.9771136407902805
1820,0.12503196246206194,0.1321027445939531,5.0,4.975840967056859
1821,0.14774927303402974,0.1563525516971922,5.0,4.977382963806729
1822,0.2705156912054969,0.2863046162863092,5.0,4.977221494632023
1823,0.1250299968858788,0.1324297417004685,5.0,4.979926536539017
1824,0.5215591262629429,0.5513738331065781,5.0,4.9768100130407955
1825,0.16478699141815767,0.17441181488581803,5.0,4.976967681953752
1826,0.29420973905534487,0.3110120072736209,5.0,4.978069594783969
1827,0.28301006000465634,0.29939442200721667,5.0,4.975881943114704
1828,0.3115555233971006,0.32916569865735235,5.0,4.980559183116462
1829,0.29989246446498874,0.3172881590284422,5.0,4.9763857695210145
1830,0.2016428819117757,0.21320369285560115,5.0,4.978014834913642
1831,0.16181366606078162,0.1712028554268472,5.0,4.97756601680809
1832,0.22950540023068355,0.24301097422684914,5.0,4.977663300133477
1833,0.2915220615054195,0.3082129152041988,5.0,4.977308802762712
1834,0.16863221788255678,0.17831345015365496,5.0,4.975514241637571
1835,0.20840457648661892,0.22038572128689315,5.0,4.977505015702608
1836,0.3856770886135168,0.4078937192375638,5.0,4.976128071136738
1837,0.23387081889807226,0.24712959521646694,5.0,4.978934608303014
1838,0.36707887541331896,0.388133075600982,5.0,4.978340350685722
1839,0.09727027156545409,0.1027983752275674,5.0,4.980091047326054
1840,0.3332092258176105,0.3522182160349203,5.0,4.978330718462187
1841,0.26546380297301964,0.28083790445650814,5.0,4.9764104585208635
1842,0.19843739553235307,0.20985006536923412,5.0,4.976961557969295
1843,0.3056711277597097,0.3231919731471886,5.0,4.978893887498623
1844,0.2402278442658774,0.25396160014295144,5.0,4.98036456190424
1845,0.270081339904932,0.2856109243971279,5.0,4.977523362396443
1846,0.1859971111731975,0.19675395564409448,5.0,4.977361619590335
1847,0.14990287371718214,0.15864847243934177,5.0,4.97537487501579
1848,0.25813035955712293,0.27228290630311314,5.0,4.982499632617943
1849,0.09134705103936058,0.09663160508212632,5.0,4.97957134801192
1850,0.16069328658579107,0.16983153045841592,5.0,4.98227317133364
1851,0.26778075781417443,0.28294265066300484,5.0,4.976806114263734
1852,0.20017709639092418,0.2115965587682016,5.0,4.977506319390068
1853,0.24620585923163985,0.2603396740726118,5.0,4.9774883712645845
1854,0.23631758580895723,0.25007318417451074,5.0,4.976829281189659
1855,0.27968363156373766,0.2954647643778945,5.0,4.980655100905356
1856,0.3856908040291813,0.4079674660225001,5.0,4.976436668165167
1857,0.18027091654826632,0.19021950886402328,5.0,4.979141660627571
1858,0.22992727142919778,0.24297555435810536,5.0,4.979646783402876
1859,0.28977810964691386,0.3062952958094858,5.0,4.9789358955223495
1860,0.2717820162561049,0.28743401274495795,5.0,4.977853191348638
1861,0.1272879670190139,0.13459045166970385,5.0,4.977567151245923
1862,0.21125134075588603,0.2229246550112054,5.0,4.977857897177422
1863,0.17216629807690942,0.18190826067392862,5.0,4.9755720371200685
1864,0.16571404209796214,0.17508873236053168,5.0,4.9809087725184575
1865,0.17488458604516155,0.1849355658743772,5.0,4.979731334853117
1866,0.18911571941147876,0.200040071886453,5.0,4.979347648828529
1867,0.11311187051934657,0.11959413130086594,5.0,4.978796787130095
1868,0.2109231609762836,0.22306164476899504,5.0,4.976863612669069
1869,0.17921653831926943,0.1893859117922465,5.0,4.979689270742327
1870,0.14083246864000332,0.14893285048846994,5.0,4.978437476438495
1871,0.26440302756026335,0.27977576361493717,5.0,4.97767173356336
1872,0.21115944119486185,0.22194802022024662,5.0,5.0
1873,0.14338443067868756,0.15178657943820806,5.0,4.978474775251005
1874,0.22178204146852498,0.23458454426342024,5.0,4.979557959490872
1875,0.23267419378956844,0.24620626646658716,5.0,4.974761258456528
1876,0.2720127388522555,0.2856386041726111,5.0,5.0
1877,0.22225554642848477,0.2350821571638917,5.0,4.976887467118134
1878,0.27547384589551016,0.29117990627924284,5.0,4.980604170088814
1879,0.21295050697763718,0.22505336900923312,5.0,4.978083798298085
1880,0.17892615832403003,0.18917512967697614,5.0,4.978395132399136
1881,0.31188216284758186,0.329607266156446,5.0,4.978477189787629
1882,0.350857166214374,0.37115880238905974,5.0,4.9764268080179175
1883,0.19913899991159978,0.2106377897885321,5.0,4.977508548802971
1884,0.33627440252902874,0.35565196441225155,5.0,4.974823963577917
1885,0.4131064415200949,0.4366327768701397,5.0,4.978412293576371
1886,0.27030733174353605,0.2858225613870886,5.0,4.978051665134853
1887,0.18678279192427327,0.19750200809374818,5.0,4.9778916435688725
1888,0.19198612924402725,0.20229102857372006,5.0,4.980393437571653
1889,0.14639305121851254,0.15543301390742448,5.0,4.979846705567086
1890,0.27685332306636123,0.2927376548634537,5.0,4.977569250779572
1891,0.16198490904088314,0.17154688359851922,5.0,4.976303185796294
1892,0.26696065939345437,0.28225776574395867,5.0,4.977963519829345
1893,0.15291061880970935,0.16154119937313371,5.0,4.982569866650213
1894,0.25476087249347024,0.26988413362877073,5.0,4.977333439021612
1895,0.28264724133403596,0.29902966162366673,5.0,4.975568284786656
1896,0.20018247659626942,0.21047673733275785,5.0,5.0
1897,0.19246294051572388,0.20364258113165912,5.0,4.97851359574593
1898,0.22166871465297233,0.23452771952023732,5.0,4.974873720527606
1899,0.37502390221973747,0.3965131436345848,5.0,4.976026549486274
1900,0.16088651707087354,0.17017706486384432,5.0,4.979639664117572
1901,0.16594301398076583,0.17555018803506983,5.0,4.978027558994826
1902,0.07453591023284889,0.07888372885978101,5.0,4.976140170964518
1903,0.26739814745238255,0.2828503016730164,5.0,4.977572088319251
1904,0.2776109956494788,0.29375635532410316,5.0,4.978513526293371
1905,0.27819182321502467,0.2940530537401258,5.0,4.97808564186756
1906,0.09291959120153082,0.09821055412561575,5.0,4.980580969324686
1907,0.09133933830629481,0.09651938326857468,5.0,4.978723190860412
1908,0.1978996783152629,0.2096717642847572,5.0,4.975354975311772
1909,0.1337306206870621,0.14130342351677916,5.0,4.979286648136982
1910,0.19887043369851165,0.2105230498197086,5.0,4.980310542835644
1911,0.2864035804748124,0.3029690462725798,5.0,4.979734083748788
1912,0.20052198992750014,0.21237897595311006,5.0,4.977144744080535
1913,0.19458769387413977,0.20592154538079632,5.0,4.977189353416662
1914,0.20313622248232632,0.21501729593342866,5.0,4.975717972506377
1915,0.059491280292159,0.06319597369360896,5.0,4.974062747901629
1916,0.17799616587369926,0.18827912874018948,5.0,4.97655614975109
1917,0.11783308099472611,0.12474335368344858,5.0,4.975281660839599
1918,0.41176935286735095,0.4349657935641613,5.0,4.979096908016549
1919,0.290632015660063,0.3076670367859675,5.0,4.975706552485981
1920,0.16424914721870976,0.1737801791791329,5.0,4.9777089912579875
1921,0.29780116199055673,0.31497541506348226,5.0,4.977947951298347
1922,0.21672680073204798,0.22936570005346368,5.0,4.974947800948142
1923,0.39113844254421637,0.4132918292776082,5.0,4.979523903185132
1924,0.2174528952570236,0.2296833617210623,5.0,4.981044840246103
1925,0.16187936792971658,0.17142080753501387,5.0,4.974937715516976
1926,0.2946796677287027,0.31172910256847874,5.0,4.9766237876562425
1927,0.138255853420848,0.1458151629604012,5.0,4.9841320230243635
1928,0.21416625247338583,0.22666277951585267,5.0,4.975850008679981
1929,0.2268661432282899,0.24007466988091908,5.0,4.975079272245795
1930,0.3686967088224822,0.3899459220891095,5.0,4.977145347386713
1931,0.07748414764376776,0.08207418783386511,5.0,4.975731937209282
1932,0.336356443783419,0.35567429650062277,5.0,4.979264125346612
1933,0.13894169582484595,0.14675270460631573,5.0,4.978125867248693
1934,0.21203442482173696,0.22422908824618748,5.0,4.97836971051651
1935,0.447562386958962,0.4733100265198309,5.0,4.97432537049697
1936,0.1429002297591766,0.15118646447877881,5.0,4.977155492425691
1937,0.2615231191838876,0.2766667358312709,5.0,4.976358732993269
1938,0.21619943552528342,0.2284494119390379,5.0,4.982842529832396
1939,0.29021556889343936,0.3069284971391857,5.0,4.977499957482339
1940,0.1251382885770329,0.13233497029173558,5.0,4.980194488047651
1941,0.18442670519355286,0.1950858374852027,5.0,4.9794218478011665
1942,0.3134114890261217,0.3315166128603577,5.0,4.97704367027719
1943,0.30342007957088746,0.32105751467012933,5.0,4.976957955884771
1944,0.1408995516876308,0.14904680371888746,5.0,4.977035374563794
1945,0.3177001638190873,0.33593787556848187,5.0,4.978364658519325
1946,0.2348923771944933,0.24848583995532092,5.0,4.976130147584801
1947,0.3844215419257162,0.40638158100535904,5.0,4.9779687556811325
1948,0.2459163745188595,0.2600781293691756,5.0,4.9800905917640925
1949,0.18918709005019885,0.2000598625822525,5.0,4.979266407788412
1950,0.14177588206770086,0.15002825823003452,5.0,4.979080465051835
1951,0.15969108688331035,0.16887137636702376,5.0,4.978512497965024
1952,0.28397037436155403,0.30045204162256356,5.0,4.976518760000532
1953,0.3150984867445126,0.3328846542998005,5.0,4.979731233825602
1954,0.22017610448545022,0.2326164165750757,5.0,4.97820843385985
1955,0.2056199764410609,0.21725093666255368,5.0,4.979205891003131
1956,0.31199334603334816,0.329879361377611,5.0,4.978534209976813
1957,0.20550507375191507,0.21751970387415898,5.0,4.976636579948321
1958,0.179310347075764,0.18952915750358046,5.0,4.975993129273846
1959,0.27430855466632,0.2902140845387309,5.0,4.97769553276779
1960,0.26082937777924897,0.2759380129061324,5.0,4.977234571665612
1961,0.2513670403300876,0.26587352680390386,5.0,4.975390463955316
1962,0.2898624782663788,0.30657913974524864,5.0,4.978230166960458
1963,0.1964391277427242,0.20765913238775013,5.0,4.979869426331254
1964,0.3014107386810969,0.3186894229586641,5.0,4.976886936492431
1965,0.3159368100344597,0.3342274245207266,5.0,4.97720238994007
1966,0.31101627920278774,0.32984565877338046,5.0,4.9775358526527125
1967,0.1913530453325294,0.20249084059795175,5.0,4.9773334911684675
1968,0.25461780330864014,0.26905617709952034,5.0,4.97921497931987
1969,0.12301537076504743,0.12960704565927617,5.0,4.978867492540218
1970,0.20940732992772948,0.221303984256757,5.0,4.980703090214087
1971,0.15662152792845485,0.16573109422871424,5.0,4.9773658191774395
1972,0.2614977356617034,0.2765119398592135,5.0,4.978892996025666
1973,0.3002280017701715,0.3172250117634712,5.0,4.981079547213927
1974,0.3936770394378264,0.41581760631061515,5.0,4.980607383283706
1975,0.3271209818412908,0.3453907119816437,5.0,4.9809028789480525
1976,0.21575698891855621,0.22812609914958748,5.0,4.975969915010188
1977,0.4154790742767025,0.4395486085034843,5.0,4.976711417026882
1978,0.2522556883111209,0.2667792558741029,5.0,4.977704983930344
1979,0.2854902054212958,0.30229649190249885,5.0,4.9746552838614555
1980,0.31512942924173926,0.3333775306681295,5.0,4.976427380842905
1981,0.1337858141956374,0.14169839601487144,5.0,4.977440236615669
1982,0.26545417853624853,0.28057109054109897,5.0,4.977149157723737
1983,0.2710722897158926,0.2865247182523998,5.0,4.980509722330115
1984,0.20635154242061948,0.21822964582239668,5.0,4.978860869913042
1985,0.24050170860094844,0.2543878213619435,5.0,4.977946768615666
1986,0.2588882199460638,0.27384754385668075,5.0,4.97845605058016
1987,0.255557307014016,0.27006466883050684,5.0,4.978499656540611
1988,0.1074239619052797,0.11374925272195036,5.0,4.975028330905511
1989,0.1411373866894865,0.14934580070286585,5.0,4.975064652623358
1990,0.09980283789191824,0.1055926321788232,5.0,4.980134426253562
1991,0.2568635329144886,0.2713406735078254,5.0,4.979145534100908
1992,0.15621636510054948,0.16512017278432944,5.0,4.979409255066738
1993,0.13690884076541665,0.1447146595841715,5.0,4.98000900339985
1994,0.25981483133437466,0.2748168871529726,5.0,4.978052987465489
1995,0.20686059820922953,0.2189543506249534,5.0,4.974895633407552
1996,0.20776316708349163,0.21974989437618309,5.0,4.978548959243305
1997,0.2615839067758945,0.2767499047867932,5.0,4.97862219197569
1998,0.16868823100178032,0.17858820162368483,5.0,4.977500466129481
1999,0.3533367730110162,0.37347495305249656,5.0,4.978911783468334
2000,0.11282996246087107,0.11992109470327605,5.0,4.981270793742381
2001,0.2131459228837893,0.22505807485855134,5.0,4.981947221571792
2002,0.20557998857255622,0.21739362723782296,5.0,4.979200071149412
2003,0.25222677907021174,0.26726917646994797,5.0,4.975785046002468
2004,0.16939162645092964,0.17912266743667038,5.0,4.980643416159785
2005,0.1935866485387241,0.2044653116571793,5.0,4.9755686258356935
2006,0.19166913203252856,0.20234190656349482,5.0,4.980408086795132
2007,0.309521429847051,0.3275169231502508,5.0,4.976399584205158
2008,0.23455422284278438,0.2480713534418988,5.0,4.977227679355121
2009,0.23848384186513583,0.2517641453946289,5.0,4.978950658738794
2010,0.30398803109688566,0.3218315374531149,5.0,4.974312476023073
2011,0.3100046244269974,0.32789555357041,5.0,4.977177894610723
2012,0.2361245510877017,0.24981902526788136,5.0,4.97709975579486
2013,0.25052250600440784,0.26493523742498604,5.0,4.979012414908128
2014,0.14273483482300509,0.1509475096009203,5.0,4.975717639454418
2015,0.4133529679923551,0.4370593682245545,5.0,4.977685522827935
2016,0.25724834652503925,0.27212816763758574,5.0,4.97853158443843
2017,0.29892562812268686,0.3157483963848928,5.0,4.981027514392915
2018,0.25841722678614554,0.27319963782149115,5.0,4.978718635921826
2019,0.1737105324465147,0.18379745853059193,5.0,4.97829871755143
2020,0.2333540981772244,0.2466546385486066,5.0,4.979718704981764
2021,0.2986944953723294,0.3158845498357483,5.0,4.977889619974301
2022,0.22868005484783116,0.24206947482323748,5.0,4.97477376955846
2023,0.27401901624781155,0.29012574526537116,5.0,4.978680628189611
2024,0.1286251294191305,0.13608806066339763,5.0,4.976699215577272
2025,0.1616298063791879,0.17119653239104538,5.0,4.975287452958739
2026,0.16498656272299606,0.1743727957409844,5.0,4.976540165242627
2027,0.1551752833512372,0.16415702428346446,5.0,4.976201917697338
2028,0.1683815016985275,0.17669154769669437,5.0,5.0
2029,0.18065223308742562,0.19161414975092295,5.0,4.97605589470707
2030,0.27819658408359893,0.29411252123704745,5.0,4.978531172736833
2031,0.10509612127797774,0.11119261734022112,5.0,4.979895535800631
2032,0.2707899227125168,0.28649506512922485,5.0,4.976103594956713
2033,0.34805007154095247,0.3680916849225595,5.0,4.977512190054618
2034,0.18203929167440425,0.19239614809742211,5.0,4.980415817514743
2035,0.20548142285280946,0.21734340408167774,5.0,4.9783019296626385
2036,0.20436051471352323,0.21606112121678356,5.0,4.977974349240917
2037,0.21553314238926946,0.22791424026409302,5.0,4.978453273715644
2038,0.321919926232781,0.34019286715023256,5.0,4.97996061686055
2039,0.19618107553413422,0.20742723105528582,5.0,4.9796453603695845
2040,0.3509824693777661,0.37076316188179437,5.0,4.981402047658019
2041,0.1950071432072773,0.2063645996205652,5.0,4.97639733998934
2042,0.3407576052913883,0.3602484697423547,5.0,4.978237475846372
2043,0.3136902385940201,0.33179694056802744,5.0,4.976407066769486
2044,0.14218971973046957,0.15049045158794527,5.0,4.977683089396061
2045,0.1660638373998493,0.17562511219084698,5.0,4.980656504138841
2046,0.2648193481393384,0.2801259653637225,5.0,4.978214200190809
2047,0.1913808718126493,0.20213335413564293,5.0,4.979640172032989
2048,0.21267103014766842,0.22495119695543497,5.0,4.977479921279713
2049,0.4455843295117945,0.47087945776688067,5.0,4.979058007000887
2050,0.17377326722375486,0.1840053841045235,5.0,4.979357629872352
2051,0.2773235597094261,0.29321151289294956,5.0,4.977776559313183
2052,0.3390898840276406,0.35863437063266246,5.0,4.976365677667314
2053,0.19328937348804898,0.20429922905300058,5.0,4.979696532550921
2054,0.24472445556291844,0.25869352919584965,5.0,4.978937415507243
2055,0.12633443994575644,0.13359754785714872,5.0,4.9789159174835
2056,0.3920708993444646,0.41449908104045896,5.0,4.972196579910024
2057,0.18461858515380225,0.194998120929593,5.0,4.9809559774716305
2058,0.16306135037941805,0.17189356009456702,5.0,4.980083042503596
2059,0.23154741473620133,0.24470383857673106,5.0,4.97654740545193
2060,0.17011296669641318,0.17969483072623604,5.0,4.974936725959358
2061,0.25431470678918733,0.2685366376101481,5.0,4.978366318034624
2062,0.3003215573574176,0.3168808850783238,5.0,4.981087409301184
2063,0.3032810674913742,0.3204448852957338,5.0,4.976036048013706
2064,0.2241016213098077,0.23665384104877796,5.0,4.9791704090781685
2065,0.19703752003839403,0.20814301944298208,5.0,4.978892963285926
2066,0.09713238890911247,0.10339428596428535,5.0,4.976486457663043
2067,0.3040824387951977,0.32101415850715265,5.0,4.9748294488964895
2068,0.21589545148210898,0.22811404583168282,5.0,4.974880405444866
2069,0.2250436105051037,0.23784673422393454,5.0,4.979196437047273
2070,0.12396977553202038,0.13085765112631065,5.0,4.97958684638216
2071,0.325614585384834,0.34383578169750995,5.0,4.977284191464424
2072,0.19453156859202525,0.20551905216981958,5.0,4.979279240326671
2073,0.2521567749303393,0.2662569922167932,5.0,4.978679014282186
2074,0.22889933312822008,0.24177503553193636,5.0,4.97653968168704
2075,0.19100011361369873,0.20177499952315592,5.0,4.977459360790268
2076,0.036135514044257855,0.03825320077436545,5.0,4.980854244474058
2077,0.3318665190871455,0.35065012730329803,5.0,4.975874108330176
2078,0.27245584753684904,0.2877173647989375,5.0,4.978009960777516
2079,0.25296491683890343,0.2668792430421756,5.0,4.979582015901354
2080,0.2625868275847918,0.27753533412737097,5.0,4.976513225603227
2081,0.2696846161230644,0.28466966805279625,5.0,4.978927080660913
2082,0.2590737652384836,0.27358460109122484,5.0,4.97757292934355
2083,0.4273276558108736,0.4514114887293079,5.0,4.976259293578238
2084,0.344860631964222,0.3641268798372521,5.0,4.977622961801504
2085,0.2716628050864207,0.28727697182114453,5.0,4.974389763711384
2086,0.15724137429213125,0.16628828542840668,5.0,4.9773998104293415
2087,0.31598488023919313,0.333549586743366,5.0,4.977337610234471
2088,0.203727720980023,0.21502203332590653,5.0,4.97773473197844
2089,0.22983189338287846,0.2426662446993646,5.0,4.978035645622434
2090,0.1698521256172798,0.17929322707021078,5.0,4.977652231145058
2091,0.28755422551012,0.3038925868518152,5.0,4.975149869488131
2092,0.26534961385758415,0.27851962877917114,5.0,5.0
2093,0.26821166458644363,0.2846309968515144,5.0,4.972128210638207
2094,0.26144598831237165,0.2761009991459127,5.0,4.978413231802259
2095,0.33914887661700366,0.35820696930519524,5.0,4.975405656302003
2096,0.2409922156479456,0.254679719496568,5.0,4.976525051162222
2097,0.2680693879924616,0.2829768475283827,5.0,4.978327225708883
2098,0.2805551757022371,0.2963276291318233,5.0,4.981559285552173
2099,0.21090344515738813,0.22288092993660724,5.0,4.9758128175341465
2100,0.17447551739519018,0.18419834716877892,5.0,4.980636956664499
2101,0.2224497178175744,0.23496416128829356,5.0,4.976563218398482
2102,0.2883446428502683,0.304462434853803,5.0,4.982074089518713
2103,0.22429910893588278,0.2369266014014222,5.0,4.9798479822279695
2104,0.19151052850922023,0.20248047745379782,5.0,4.977357239413118
2105,0.27467728611090636,0.2901685869824524,5.0,4.977566674709273
2106,0.23005423441338202,0.2431427364447416,5.0,4.974269637413702
2107,0.3057813451855256,0.3225332657972757,5.0,4.976299853161157
2108,0.2295839272860496,0.24181259826786916,5.0,4.980239470369101
2109,0.22149332361442897,0.2341869562736043,5.0,4.972421498080486
2110,0.1917980414927647,0.20260355429112464,5.0,4.977728221579705
2111,0.3317629593887974,0.35047336239261906,5.0,4.976121820710917
2112,0.196776225191033,0.20798659612793768,5.0,4.976943785836099
2113,0.17436900590401105,0.18419206291492185,5.0,4.977804267919472
2114,0.10850154147824065,0.11459839680828199,5.0,4.976147624061671
2115,0.2335221494466535,0.24663738801188995,5.0,4.977991251595082
2116,0.15466097060784456,0.16340341621043408,5.0,4.978578083385488
2117,0.23407198211626978,0.24699982625376515,5.0,4.980425847790997
2118,0.09440376422830865,0.09995874054662646,5.0,4.978439191009327
2119,0.2716487081380592,0.28691623152465695,5.0,4.978515233097118
2120,0.2970727599250871,0.3136261403199838,5.0,4.978312966729632
2121,0.23120100284664136,0.24423301362256433,5.0,4.977279729636814
2122,0.19024541488287672,0.20088451206639113,5.0,4.977691952915029
2123,0.14947905854168075,0.15780483197832162,5.0,4.97885733645802
2124,0.26497092478173223,0.27982312907218154,5.0,4.979556121581323
2125,0.2937236440511146,0.31023480545309945,5.0,4.976925782443153
2126,0.23642476014293945,0.24975852674110488,5.0,4.975937646682054
2127,0.19390535221567662,0.20532103450120998,5.0,4.982391989122057
2128,0.1867333680202865,0.19713374153753316,5.0,4.979189985765098
2129,0.23179813798652704,0.24466298469847447,5.0,4.980286443089019
2130,0.32653155514223053,0.3448229461605421,5.0,4.9804614718542695
2131,0.35784393474319764,0.37783212386322185,5.0,4.975829480396747
2132,0.18917885765682696,0.1997657104609798,5.0,4.979782455421393
2133,0.20091661337349476,0.2119708346032465,5.0,4.978396586510572
2134,0.2821903694123178,0.29807488369254664,5.0,4.977803404729553
2135,0.37650046396524717,0.39727798816286186,5.0,4.978681498408788
2136,0.26898170249618736,0.28421998252335046,5.0,4.976254206192596
2137,0.08280786430173381,0.08740587335779515,5.0,4.980430424895976
2138,0.2791932202555707,0.2949605501772903,5.0,4.976703163033349
2139,0.17231139336899326,0.1820614574966195,5.0,4.979076518273509
2140,0.16219604431846513,0.17138437029443798,5.0,4.975942880556445
2141,0.27806273288041705,0.2936618989490163,5.0,4.976499548851461
2142,0.2205235438386728,0.23280605708488378,5.0,4.979450256223021
2143,0.16635908688052292,0.17514967113831026,5.0,4.9822303172876214
2144,0.3046125256138119,0.3216620056364863,5.0,4.974594758211586
2145,0.32430292121958604,0.3431574154580168,5.0,4.973070523901049
2146,0.18688793607176457,0.19744582768564967,5.0,4.977661785876997
2147,0.20439573091444418,0.215754759809053,5.0,4.976398523018517
2148,0.555864130423374,0.5870708649795922,5.0,4.973600466005328
2149,0.15774231700018393,0.16672605659399675,5.0,4.977328337366398
2150,0.210335012568442,0.22208958853999627,5.0,4.978325104452006
2151,0.3036077610301755,0.32062778850643237,5.0,4.978701278350535
2152,0.30208383648711634,0.31870174669194284,5.0,4.980340356084927
2153,0.270620056899755,0.28602335334803164,5.0,4.976580872188308
2154,0.14437520350068134,0.15153657398073284,5.0,4.977631958399993
2155,0.1989510321988206,0.21016768084257342,5.0,4.976179215382537
2156,0.3320776486765986,0.3504321246599371,5.0,4.977013407319193
2157,0.2825543410742821,0.29817289386361145,5.0,4.981021127201979
2158,0.30077267533341456,0.31767848949327027,5.0,4.976677431069412
2159,0.20374758497690149,0.21563883282430596,5.0,4.9799514102691855
2160,0.2470414009921862,0.2606755069879203,5.0,4.9791533793254406
2161,0.14949472628519667,0.15781440904206434,5.0,4.978233291331451
2162,0.21832821529722368,0.230532516987485,5.0,4.974110586954454
2163,0.17321060055125992,0.18306484559413927,5.0,4.977003218095817
2164,0.13850997709050739,0.14626813326629629,5.0,4.977619779606943
2165,0.28180131107271134,0.2981193604121135,5.0,4.97739894513245
2166,0.16870546254007057,0.1781567005657696,5.0,4.979532740055728
2167,0.38381011564164136,0.4050651256289164,5.0,4.977717830867521
2168,0.1808496643555959,0.1910135500105159,5.0,4.975439302396616
2169,0.3671261756892221,0.38757708026866733,5.0,4.977505343711304
2170,0.37737868359431515,0.39887006777448053,5.0,4.974822533309684
2171,0.16274450878254565,0.1713663157250609,5.0,4.979388423704156
2172,0.2206290016860437,0.2328628071593577,5.0,4.97996792622688
2173,0.3492192911490606,0.3686744855388042,5.0,4.97760751860346
2174,0.36032804853579625,0.38049863960248387,5.0,4.977560483807322
2175,0.26444855423033764,0.2793393107685431,5.0,4.976975139994444
2176,0.2409591532575066,0.2542604757156044,5.0,4.9793295294421736
2177,0.36703167446247353,0.38761416202087107,5.0,4.9768675391504935
2178,0.1462205806211181,0.15452867824500882,5.0,4.97834943742383
2179,0.3715068691893839,0.3920858362437418,5.0,4.977819083559281
2180,0.37675940390128804,0.39774833589103986,5.0,4.976991195806413
2181,0.26413422485441895,0.27883644290264,5.0,4.97950414340532
2182,0.2216647129708169,0.23394541290411697,5.0,4.978299833483719
2183,0.29600736121187987,0.31255293055985,5.0,4.9792663308654195
2184,0.355772578084788,0.37553496892852856,5.0,4.9765684519453135
2185,0.19631984973730487,0.20732825904831897,5.0,4.979247664829751
2186,0.413389792221303,0.43673114501793653,5.0,4.974842512426632
2187,0.24785953817133488,0.26156291393841125,5.0,4.980831699825012
2188,0.1834220027487865,0.19377609980850585,5.0,4.977435805479331
2189,0.18848140941684144,0.1989794081263816,5.0,4.979462804243973
2190,0.11734055516728281,0.12384131799455211,5.0,4.977059116195193
2191,0.29655437304542276,0.3131258547017517,5.0,4.977402330100702
2192,0.25091052423612203,0.2647613720336597,5.0,4.981332391619642
2193,0.25909661821015106,0.2736043770242427,5.0,4.9792564141353335
2194,0.24214873353833544,0.2557789042850427,5.0,4.977210936464678
2195,0.42694042983041536,0.45075458791695544,5.0,4.976382213238804
2196,0.3843447526141375,0.4060329719945355,5.0,4.97639989778202
2197,0.2508405545740946,0.26491639676551904,5.0,4.978443761811384
2198,0.27831074398677114,0.2934408876280259,5.0,4.9798370967462
2199,0.1856856195703218,0.19623747505502886,5.0,4.976775774001307
2200,0.330170449385909,0.3488509050352546,5.0,4.978335780067988
2201,0.21070575333912434,0.22225185746165188,5.0,4.980548463228409
2202,0.35434877716510305,0.3735593261257717,5.0,4.980369433217353
2203,0.23861168806017696,0.252072926265442,5.0,4.977248156938119
2204,0.2608196394144311,0.27518765457744077,5.0,4.978857510576091
2205,0.2399170450860968,0.25329585389574905,5.0,4.976938794806305
2206,0.2640381783059611,0.27906219152203704,5.0,4.972708017083383
2207,0.197408301479566,0.20821218514231865,5.0,4.9805510175522905
2208,0.16004679697020774,0.1690508042078087,5.0,4.977669497626742
2209,0.24032426070088553,0.25369327672824005,5.0,4.979966466530197
2210,0.39064633679394944,0.412454927311805,5.0,4.97842058778339
2211,0.1980885104709691,0.20929430838341667,5.0,4.977543107731499
2212,0.2641990220110113,0.27883299464750166,5.0,4.9794324300335635
2213,0.1835324895572814,0.19376014685472298,5.0,4.976389059739077
2214,0.3036140198567914,0.3210137557046244,5.0,4.973519162014259
2215,0.2612688649038257,0.27462210574759816,5.0,4.9806281506011185
2216,0.231265318683888,0.24423059122577317,5.0,4.978803384775992
2217,0.22214074571895104,0.2345565669393681,5.0,4.977735845784688
2218,0.2677220389196058,0.2829308829237194,5.0,4.9747532616412204
2219,0.15445960316904017,0.16333331517570238,5.0,4.975003336788175
2220,0.5863526198551228,0.6190923230876555,5.0,4.976748584744914
2221,0.21868689658561924,0.23078686245956703,5.0,4.979251916899203
2222,0.20806923198473015,0.21975588502791776,5.0,4.978019520763546
2223,0.20777867891410295,0.21934452290413176,5.0,4.9784154541556
2224,0.4599676586890511,0.4855208429921769,5.0,4.978095502651678
2225,0.2692301806186488,0.2846005783601846,5.0,4.974614258655521
2226,0.13041078398277395,0.1376734593874307,5.0,4.9773392350021695
2227,0.2798402624272034,0.29560929927123114,5.0,4.975968970454083
2228,0.3174161652267127,0.3352831692798435,5.0,4.977721039341967
2229,0.22581229766540245,0.23902571562371544,5.0,4.976714599806442
2230,0.21296121226382092,0.2250431650434208,5.0,4.976176392660943
2231,0.21445056190905354,0.22641058126895697,5.0,4.979524617827593
2232,0.3222965977060075,0.3399602081290789,5.0,4.981564716636653
2233,0.1623370778810196,0.1717463351137436,5.0,4.977844763229857
2234,0.19508615588411193,0.20472267089942098,5.0,5.0
2235,0.2429170237451126,0.25647108673379115,5.0,4.977279205093508
2236,0.16506114261444416,0.17416187866093913,5.0,4.98133064313854
2237,0.20614597140001067,0.21680007470353257,5.0,4.98018777459893
2238,0.24147598602257037,0.2551184975029557,5.0,4.9754334121012
2239,0.26113726182709285,0.27593253600387846,5.0,4.9761746306430155
2240,0.2004567666149426,0.21050024777757081,5.0,5.0
2241,0.30027614392459023,0.3173671581010242,5.0,4.973961893640606
2242,0.401860644414366,0.42450015376588945,5.0,4.974362162135968
2243,0.12852560139031555,0.13561346049342604,5.0,4.98080017236096
2244,0.12326899039982253,0.13020394520052214,5.0,4.977461949671929
2245,0.16729561863952558,0.17665719617215525,5.0,4.976138139390036
2246,0.16073811843277253,0.16960483091920997,5.0,4.978383910089423
2247,0.3191771995601451,0.33707261785059695,5.0,4.9789525227780995
2248,0.4913473271605011,0.5191582038460336,5.0,4.9745908931825245
2249,0.378206792263341,0.3992391393629793,5.0,4.980836617708899
2250,0.1476273351560069,0.1557794947219291,5.0,4.978546623936584
2251,0.1890817614357534,0.1994905006912322,5.0,4.977310260535139
2252,0.172285589614112,0.18197018014569544,5.0,4.978378930297467
2253,0.14272288235102604,0.15059973326821696,5.0,4.979433205493615
2254,0.32516030486863423,0.34301492785207865,5.0,4.980500151116329
2255,0.15712798423727392,0.16605163474649376,5.0,4.976728173040037
2256,0.24082087078329484,0.25419133992255905,5.0,4.977598839036093
2257,0.18369511557840434,0.19408802000024283,5.0,4.977676903023802
2258,0.06828251370377236,0.07219330410215563,5.0,4.975971182449452
2259,0.22605395464121414,0.23952552463109122,5.0,4.977102744330244
2260,0.24090146402071144,0.2543519390104756,5.0,4.979314067834126
2261,0.32407682449014485,0.34202618144415897,5.0,4.978631329647234
2262,0.24215822627961892,0.25586897347347315,5.0,4.976431288625882
2263,0.22337643222818415,0.23601863870546547,5.0,4.978228522184134
2264,0.36011032335202997,0.3802147152660633,5.0,4.978118444455735
2265,0.1974249558784753,0.20856131785028786,5.0,4.976472809059169
2266,0.3364269187893063,0.3550074046230445,5.0,4.980285870785668
2267,0.39899672971077793,0.4208699921284882,5.0,4.981742495521839
2268,0.2745605292197868,0.29030241849662786,5.0,4.974904249010539
2269,0.4210575720954144,0.44460606366121347,5.0,4.977369883285565
2270,0.16651281771871074,0.17571107113774231,5.0,4.9806182727199655
2271,0.2986396558105646,0.315548022264706,5.0,4.975713938507864
2272,0.18524747636846328,0.19587653341648403,5.0,4.975713742368066
2273,0.3242184254476488,0.3423759185966857,5.0,4.9779056734116445
2274,0.14782786684878446,0.15625405295275896,5.0,4.97742417119996
2275,0.30786838498246594,0.3250323566143971,5.0,4.978685021660354
2276,0.19897315609626842,0.21019775995647416,5.0,4.97694479310324
2277,0.1906650040829614,0.20135575832513353,5.0,4.978147154837327
2278,0.22815298212276902,0.24100911180470708,5.0,4.977231706948828
2279,0.25382026417291637,0.2677811968271331,5.0,4.977527948290943
2280,0.24886218872458366,0.26283602311387155,5.0,4.974394554964832
2281,0.1981929905103781,0.20937710760700212,5.0,4.9790564415079075
2282,0.35081027835292145,0.3702203739476224,5.0,4.977295207874048
2283,0.16970002989492605,0.17921437396578632,5.0,4.980781273139776
2284,0.21324234163273936,0.2251113117421064,5.0,4.97982256000288
2285,0.15853629098982425,0.1675026952706664,5.0,4.975103587138436
2286,0.2431994361245784,0.2568665071784133,5.0,4.97683281295445
2287,0.20391612716601504,0.2153726920037955,5.0,4.977888065062315
2288,0.2564129993834785,0.2707426942651294,5.0,4.978694389320708
2289,0.21153795630369143,0.22326852493457272,5.0,4.977415918414989
2290,0.42851655619875983,0.4523633917557375,5.0,4.978283667958081
2291,0.2836219102942843,0.2993426099177712,5.0,4.979877083987825
2292,0.22957484467554923,0.24258434284605213,5.0,4.9785820163119965
2293,0.16945153732830165,0.17902586403544007,5.0,4.977501592373619
2294,0.3037252008598841,0.32065574709654165,5.0,4.979212308185392
2295,0.18964008697917123,0.20033653515655714,5.0,4.977855500675599
2296,0.3086019414073118,0.32538372293706086,5.0,4.979694510684469
2297,0.17956780065006717,0.18967685988707217,5.0,4.980093647571273
2298,0.19660596536660746,0.20755948720730633,5.0,4.9768846068834005
2299,0.3191484712271888,0.3368947356327807,5.0,4.978462108933082
2300,0.24422088549711085,0.2583426579115753,5.0,4.97667312633939
2301,0.17577647206321467,0.1856572306848865,5.0,4.980649089356746
2302,0.2967838825469076,0.3140123339679932,5.0,4.976190360490502
2303,0.3283615808459539,0.3470255678903087,5.0,4.974236949218156
2304,0.22483777889361645,0.23746113274141956,5.0,4.976366779001777
2305,0.3316859669239398,0.35048523442500557,5.0,4.976107699371335
2306,0.18045808024232146,0.19062334871735254,5.0,4.9805994362576556
2307,0.3023621186433054,0.319328456480541,5.0,4.975956914021005
2308,0.19560650385510314,0.2065126286073351,5.0,4.979464209603304
2309,0.3048498229825023,0.3220028632569816,5.0,4.976670943056396
2310,0.42509753857012345,0.44856806536933136,5.0,4.977864119096056
2311,0.14093500147794247,0.14905771428681702,5.0,4.979389128372667
2312,0.17555787533832845,0.18559989345756955,5.0,4.9787264032321765
2313,0.34402969224751834,0.3629893494171026,5.0,4.979428934281751
2314,0.17093436569227682,0.18054928224272748,5.0,4.978325932771588
2315,0.23728456966453648,0.25064701127245104,5.0,4.977083664017421
2316,0.32687642949685647,0.3451590603181707,5.0,4.978502756897418
2317,0.4191809020486965,0.44210832020422,5.0,4.980037877791492
2318,0.2995015192093786,0.3156726339302727,5.0,4.981101274520503
2319,0.15057180546574522,0.1591063560522279,5.0,4.974386929336978
2320,0.17543502463558647,0.18546942710595715,5.0,4.977004850814604
2321,0.23372979775942948,0.2468392279615823,5.0,4.977585247360121
2322,0.3256701890670681,0.344216435644247,5.0,4.9740485063772955
2323,0.3186116367092642,0.3362924240047098,5.0,4.9768214926548815
2324,0.1052255465417602,0.11133519352244825,5.0,4.976955647062979
2325,0.17952821816536324,0.18968001182294025,5.0,4.977395914064466
2326,0.2856258776598779,0.301184726181319,5.0,4.9816759575717295
2327,0.2687986433079208,0.28394427331066474,5.0,4.978497982887182
2328,0.29925941422425106,0.31578376961866317,5.0,4.978561838816971
2329,0.3439182974287742,0.36342315021947647,5.0,4.977394962697312
2330,0.2549474523353792,0.268983530194127,5.0,4.98097012338274
2331,0.24502498458031385,0.25876309628275296,5.0,4.978228291949698
2332,0.2992915060454342,0.3158177119300061,5.0,4.976788932549692
2333,0.3988745967973295,0.42111478683258796,5.0,4.978524040655525
2334,0.42054574373938713,0.4440661043641978,5.0,4.977224480355762
2335,0.09655159604145647,0.10184730394016728,5.0,4.976933607452683
2336,0.18902834534865143,0.19967008467787206,5.0,4.978164337984001
2337,0.28102043316152914,0.2968180700005407,5.0,4.977887306290816
2338,0.06614962250248757,0.06979530290399172,5.0,4.976905296548351
2339,0.15690577817500007,0.16552911465938736,5.0,4.980178549966343
2340,0.3961610606254098,0.4182902890810418,5.0,4.977732017284859
2341,0.21107638042080756,0.2229534558401156,5.0,4.97747873991881
2342,0.1571893471249186,0.1661176542232654,5.0,4.978212556759196
2343,0.2344783775791235,0.24748857118303857,5.0,4.980232204718247
2344,0.22138859044794668,0.23360306016562582,5.0,4.980731212723475
2345,0.1265139608809136,0.1331679628198954,5.0,4.979810519268639
2346,0.37394027980218514,0.39513460077240325,5.0,4.974410485750278
2347,0.1604200658826047,0.16931851482146532,5.0,4.982392832648905
2348,0.2333524937139766,0.24522122997811024,5.0,5.0
2349,0.44271606649604456,0.46705996559504714,5.0,4.979069810616963
2350,0.35586909203979733,0.37574834207468655,5.0,4.9773218481991055
2351,0.2158553988676244,0.2279123374279599,5.0,4.978013620150641
2352,0.21623912493548247,0.22838416737483413,5.0,4.97924387919376
2353,0.36336557359284627,0.3839091968149293,5.0,4.974349227165655
2354,0.39075775992108963,0.41268863972680436,5.0,4.975626026711808
2355,0.1885333661580908,0.1989935968681129,5.0,4.97908482550085
2356,0.34426685810321955,0.3627573487331879,5.0,4.97685101076395
2357,0.24067102462266488,0.25429156664107944,5.0,4.976563693750595
2358,0.30835870945962895,0.3258178815801327,5.0,4.977147312038248
2359,0.28156638214495033,0.29743506117481733,5.0,4.978019772381312
2360,0.3223245678024331,0.33988463929284074,5.0,4.982518029780785
2361,0.1809674493233202,0.19129559838381538,5.0,4.974960237006574
2362,0.20792349041386315,0.2195410583690145,5.0,4.976134070388474
2363,0.26037770525012305,0.2752609760134872,5.0,4.975138875515119
2364,0.23577014617108571,0.24921403887747928,5.0,4.974849710889542
2365,0.25721098846561974,0.27212602282383247,5.0,4.9793927479523425
2366,0.36206974808658,0.3822273784874668,5.0,4.977266945850198
2367,0.20800369775690575,0.21976306453205208,5.0,4.978040600137152
2368,0.19955973179179853,0.2109386795324606,5.0,4.975069403050707
2369,0.15695195240804538,0.1660166767702682,5.0,4.974838612791297
2370,0.21228524574459273,0.22439940390254387,5.0,4.976121851990296
2371,0.14419327879481347,0.15222267184651872,5.0,4.97945939640859
2372,0.35434721344445097,0.37412279469045173,5.0,4.976748887198372
2373,0.23559898388076994,0.2485285347859898,5.0,4.979641082670083
2374,0.20251554987741383,0.21371453726002154,5.0,4.980708436016101
2375,0.15349376724575214,0.16228868392210716,5.0,4.975185772534001
2376,0.1792697105049963,0.1891647318459717,5.0,4.9793203683166976
2377,0.21683709578478827,0.22882712639260183,5.0,4.979656104557781
2378,0.19798092891953822,0.20901903500894514,5.0,4.976969275032994
2379,0.19205700930124836,0.20282499618407845,5.0,4.975765877971643
2380,0.2159636374502747,0.22664893142279885,5.0,5.0
2381,0.39949223464152794,0.42143126906287787,5.0,4.980979151690335
2382,0.19591501082950225,0.20697757422319651,5.0,4.97745746600593
2383,0.3701085275129887,0.39048181033456597,5.0,4.980256649227508
2384,0.16552917069755435,0.17497263009330988,5.0,4.975359260333727
2385,0.3321367288962147,0.3506899615923622,5.0,4.978580727175954
2386,0.2660412936007823,0.28147043368875013,5.0,4.976945862717415
2387,0.1620999088672901,0.17126342311223275,5.0,4.9761722349298765
2388,0.25155109643008444,0.2653599402974971,5.0,4.982165729894081
2389,0.26952353616788494,0.28455477107692384,5.0,4.9795797870193415
2390,0.2948112398652918,0.3118611496671633,5.0,4.9774108306527864
2391,0.1621596324399135,0.17123487009597538,5.0,4.977568735999096
2392,0.438888464731753,0.46313357701903035,5.0,4.97926567928098
2393,0.15151804148297665,0.16005893700394314,5.0,4.9785043923817
2394,0.4236342000537672,0.4471158359351386,5.0,4.977445341736058
2395,0.26365112512491273,0.2784708452518685,5.0,4.975612665900169
2396,0.29608045551794904,0.3123117743123571,5.0,4.9816080928469475
2397,0.12998208316734394,0.13740125878699638,5.0,4.978694318833519
2398,0.14663621833991614,0.15488201436181326,5.0,4.978264403560013
2399,0.4182201918486246,0.4413737439283194,5.0,4.9751286468080025
2400,0.2414458538826194,0.2548484318775672,5.0,4.979518621152161
2401,0.2099898108240903,0.22186411014419383,5.0,4.97810670706758
2402,0.15209953219336425,0.16055719026555315,5.0,4.980257484353494
2403,0.2473375015139223,0.2612139819882744,5.0,4.976364107992222
2404,0.3026265614351831,0.31976817905223864,5.0,4.9756206790783875
2405,0.17049557850722485,0.18008282076092552,5.0,4.975705667816728
2406,0.18581800933398895,0.19602680068053835,5.0,4.979552112725436
2407,0.25004348812330246,0.2642207568426542,5.0,4.976922316789372
2408,0.26525331459916224,0.27987621573712174,5.0,4.976999332717229
2409,0.18212375912301537,0.19309920308960127,5.0,4.976094926335914
2410,0.1455484311842956,0.1536545221440342,5.0,4.978725485175097
2411,0.2632630679167631,0.2778654408348127,5.0,4.979084379412582
2412,0.2679102188607667,0.28272149931005175,5.0,4.97669214835061
2413,0.28536122864089775,0.3009713008451147,5.0,4.979093661752652
2414,0.25996647667981176,0.27448886882426593,5.0,4.979256205744305
2415,0.10061161626274773,0.10615573920437926,5.0,4.980740738628278
2416,0.39255688140489275,0.41415808266637977,5.0,4.977706661479759
2417,0.26940223052221146,0.284283069822735,5.0,4.97865474170859
2418,0.28075651287868375,0.29614187152482363,5.0,4.980162823211094
2419,0.19140475172113014,0.201905930836497,5.0,4.981002502007605
2420,0.24316255423397903,0.2565026826546426,5.0,4.9812047551964245
2421,0.24567205058062447,0.25936580190542236,5.0,4.97912381358061
2422,0.27901965113871485,0.29476952821726665,5.0,4.984376832484658
2423,0.2159877510763759,0.227985199346189,5.0,4.978919805359121
2424,0.19343351849141044,0.2041207360946149,5.0,4.979734618340537
2425,0.27236903246162014,0.28749988151116557,5.0,4.977834261771665
2426,0.18863441455937124,0.19919542722531847,5.0,4.9770858182066835
2427,0.42853211162299143,0.45211109395780524,5.0,4.978721218835176
2428,0.19652799350617234,0.20732397572782735,5.0,4.982018508611992
2429,0.16619880174113488,0.17524206387773233,5.0,4.979083856829378
2430,0.22416956742790672,0.23664979616016324,5.0,4.979699450253454
2431,0.3222509598322276,0.34014417459416246,5.0,4.978186143056833
2432,0.4375753507845461,0.4618495199881092,5.0,4.975189488397378
2433,0.23950238436190974,0.25304177779990056,5.0,4.9769826798930605
2434,0.16000592748288422,0.1688301956070113,5.0,4.980395877850805
2435,0.31072076803967796,0.3280706842002521,5.0,4.97699775643289
2436,0.15597484371193016,0.16476644596263923,5.0,4.97772288265347
2437,0.36876220468586673,0.38992242087540974,5.0,4.9793204858873
2438,0.19745158729805445,0.20837522822582777,5.0,4.978610703787378
2439,0.19611265140736367,0.20691980498778118,5.0,4.979160876623787
2440,0.2348558686581521,0.24702719788509642,5.0,5.0
2441,0.23806890421832838,0.2513547519543593,5.0,4.976482601869279
2442,0.20663900065473317,0.2180998821447222,5.0,4.977455478409922
2443,0.31661337561210146,0.3339870698340932,5.0,4.979560468858226
2444,0.3361130414203237,0.35439857221342774,5.0,4.98025229563642
2445,0.24841097675440804,0.26222930986115545,5.0,4.977134011129545
2446,0.2641504260935168,0.27870472381960587,5.0,4.978780818262267
2447,0.3581005135478261,0.3777079359579927,5.0,4.9796835248002225
2448,0.1613354586112259,0.1703021281045256,5.0,4.9780242688027165
2449,0.1981476699431286,0.20929002739761304,5.0,4.976477561673267
2450,0.2824623956149588,0.29898245424787784,5.0,4.979362961204252
2451,0.2997828689619033,0.31650583716465586,5.0,4.977018416147745
2452,0.2970489884491281,0.31334468907043234,5.0,4.979665086255656
2453,0.15670410004687274,0.16622263592843978,5.0,4.9786539208351055
2454,0.16794119516275763,0.1773208626172078,5.0,4.9769590764723315
2455,0.36648738578936446,0.38711723114216223,5.0,4.975288386094752
2456,0.3256678112614877,0.34355191506075444,5.0,4.979519818443734
2457,0.19209581318886726,0.20277338149101642,5.0,4.97890153430288
2458,0.23558099803494859,0.24817047749172372,5.0,4.977497355722917
2459,0.20719748383892567,0.2186270492882907,5.0,4.980063868976723
2460,0.13452702151507978,0.14204765800707175,5.0,4.978966758045171
2461,0.27911649451850784,0.2944036215240746,5.0,4.978419768422997
2462,0.2849528641481891,0.30083299058007196,5.0,4.976383828414068
2463,0.34586788980625705,0.3648192621352597,5.0,4.979755496528018
2464,0.3051374389803658,0.3222004734727897,5.0,4.974909411556192
2465,0.18549666622050176,0.195857713501695,5.0,4.978379010569336
2466,0.3112672775182519,0.3285784863081822,5.0,4.977900972581546
2467,0.2887466028988035,0.30471949766117046,5.0,4.977978048568579
2468,0.166294860091327,0.1755650371777806,5.0,4.9802608431541096
2469,0.19389759387770722,0.20463254919242746,5.0,4.978341184852333
2470,0.14800472816814247,0.15627387427314132,5.0,4.972909538936081
2471,0.23857466310684106,0.25199198385656674,5.0,4.975711897052157
2472,0.13860386377443001,0.14618300000736761,5.0,4.981361732249905
2473,0.17438325311502711,0.18425308414733133,5.0,4.977669428456872
2474,0.2873241362349037,0.3031007082594006,5.0,4.980280186619499
2475,0.39499151524272413,0.41701691474303715,5.0,4.976575256879006
2476,0.204089583797189,0.21544196425664985,5.0,4.979074058490323
2477,0.38291324221990175,0.4046455342145432,5.0,4.975205344336198
2478,0.3045700369204625,0.3213045463612412,5.0,4.980406027724449
2479,0.26745767606542814,0.28269941248847097,5.0,4.976055653679943
2480,0.23154643208329295,0.24426812243952445,5.0,4.97863380374115
2481,0.23665378739224519,0.2496307765515302,5.0,4.97928001496641
2482,0.10400735413358686,0.10961645580447876,5.0,4.980174195823146
2483,0.19374628884836032,0.20420435267901738,5.0,4.975854286942889
2484,0.18918636924466514,0.19986542039118427,5.0,4.976583222284798
2485,0.24756810358501857,0.261787429201217,5.0,4.980978830276115
2486,0.21227137388735273,0.2241400371238349,5.0,4.975944330487163
2487,0.4410199116379838,0.46508293232383346,5.0,4.980007675537497
2488,0.317300651179764,0.3350153773730711,5.0,4.977752813257688
2489,0.1514905501307744,0.15984275690639604,5.0,4.979768264173732
2490,0.11652401191186801,0.12321601001686022,5.0,4.976897167269518
2491,0.16244815601340679,0.17146023907823094,5.0,4.978465717352627
2492,0.25731479188143824,0.27142378466071726,5.0,4.979687551917449
2493,0.2802062297064256,0.2954175697530437,5.0,4.981062263344267
2494,0.2811442982020951,0.2967263685125152,5.0,4.978093418616192
2495,0.2569578276082467,0.27134346009736476,5.0,4.977031996192229
2496,0.3953369949045509,0.416963703416408,5.0,4.980106526057542
2497,0.20165300157303845,0.2125265848458695,5.0,4.983372542190709
2498,0.32784248809356953,0.34581136296839343,5.0,4.9794251382958965
2499,0.2265531816868971,0.23904210607712617,5.0,4.979947216824048
2500,0.18165494285269035,0.19194038851718664,5.0,4.976828982314627
2501,0.2645335451843476,0.27791665935816523,5.0,5.0
2502,0.2814166936472897,0.29676592142029645,5.0,4.979831932047203
2503,0.363152116642941,0.3832266264985844,5.0,4.97478935979812
2504,0.21936804010564415,0.23152926299047794,5.0,4.978598618673242
2505,0.24058500156624185,0.25397807676693596,5.0,4.977820494832992
2506,0.23933194155083215,0.2525930066598694,5.0,4.979339795770263
2507,0.22166281513214536,0.2338230305167428,5.0,4.980782856508892
2508,0.29878762186572616,0.315338905180786,5.0,4.978352241623476
2509,0.22617176806656092,0.2383723669197355,5.0,4.981064939449347
2510,0.15326495219111558,0.1619305113882794,5.0,4.977885875893966
2511,0.19161198790291323,0.20219526580247438,5.0,4.980367834025987
2512,0.2978503616031334,0.314510954424724,5.0,4.977850285669438
2513,0.3734154156031546,0.39414216816527525,5.0,4.973079647954561
2514,0.34236856342461364,0.3612357852090249,5.0,4.979740189492015
2515,0.23187728637152438,0.24455793140034499,5.0,4.979760141499057
2516,0.31502764689890816,0.3324731227449489,5.0,4.979249862504176
2517,0.24563469614503508,0.25912545486098426,5.0,4.981752010047389
2518,0.17337574925964194,0.18280662242397194,5.0,4.980654425138411
2519,0.15108375431788001,0.15946332269170682,5.0,4.978018926672005
2520,0.16743048008185757,0.1767123153575869,5.0,4.977502977128019
2521,0.2761400963844787,0.28960439970832175,5.0,5.0
2522,0.13141055632688636,0.13868099338399653,5.0,4.979504385051543
2523,0.24085104994416362,0.25411020806152784,5.0,4.979583552316154
2524,0.32571822249742377,0.34374555047910427,5.0,4.978621162988812
2525,0.35320091664216946,0.37287274860972097,5.0,4.976585743897255
2526,0.20582969007601148,0.21748316401819912,5.0,4.977507881350656
2527,0.24048899192199946,0.2538282489643684,5.0,4.977789557003991
2528,0.28084222178681184,0.29631512446163355,5.0,4.97970220567197
2529,0.25596526048960944,0.27030563022827625,5.0,4.978046163136733
2530,0.21643587713601176,0.22835141410690407,5.0,4.978026065350747
2531,0.1324086054780722,0.14057431149467448,5.0,4.97486027843749
2532,0.21609700684551747,0.22810745508538788,5.0,4.978603620679358
2533,0.22332890758225532,0.23590564200537711,5.0,4.982155362238556
2534,0.1380243274073647,0.14576203859284353,5.0,4.976154992366153
2535,0.2374766240081203,0.24925445035206995,5.0,5.0
2536,0.1374990613712923,0.14509364092362564,5.0,4.980442576171242
2537,0.26714016178798805,0.28129428293219827,5.0,4.98207048040884
2538,0.26740150907776883,0.2819980518204628,5.0,4.977915792043666
2539,0.21701909496231475,0.22906359550843414,5.0,4.977834208982337
2540,0.267554187634226,0.28249631825053645,5.0,4.977320481451617
2541,0.20525613778644547,0.21681284899980757,5.0,4.978981684208437
2542,0.29864802009633395,0.31525129356138626,5.0,4.976507501419203
2543,0.32403243584182184,0.3418179876599854,5.0,4.979126014544448
2544,0.3617867073491623,0.3819757953780396,5.0,4.977064399260502
2545,0.12818968568906963,0.1351830785925896,5.0,4.980582702724536
2546,0.273011032484505,0.2880241905611727,5.0,4.980567807113818
2547,0.2992579552418233,0.31594739324987775,5.0,4.97699292957277
2548,0.24343839140534018,0.256921761455821,5.0,4.9792097151262205
2549,0.2914120973976284,0.3076997746916761,5.0,4.97606628735654
2550,0.3479688412977162,0.36706587752337705,5.0,4.979927777494293
2551,0.25076442929082954,0.26460674870974055,5.0,4.979295769352383
2552,0.3150113942359285,0.3323354717823357,5.0,4.9803971363300015
2553,0.16036759629815722,0.16943214510712767,5.0,4.978914587289713
2554,0.16071455645075217,0.1696127453117966,5.0,4.977692076705811
2555,0.2801239281008101,0.29546616162880834,5.0,4.976779160343057
2556,0.13472689604031496,0.14215314500234277,5.0,4.9786869536313105
2557,0.10960381681001374,0.11575231052894663,5.0,4.978664001193325
2558,0.2030032809740363,0.21427420743913816,5.0,4.979439790841242
2559,0.26693391302510716,0.2818769050162133,5.0,4.977095540229168
2560,0.32887834702170693,0.3471821489913083,5.0,4.976988404989493
2561,0.2533355085318998,0.2675489481787603,5.0,4.976360338499308
2562,0.31166914575068416,0.32862092986889047,5.0,4.980552241682057
2563,0.2173637841521321,0.22911632296145124,5.0,4.982567244219869
2564,0.24293993014883442,0.25614465494368854,5.0,4.98066716635333
2565,0.31958979949259003,0.33693493554209897,5.0,4.98017523178838
2566,0.25794743735638037,0.2723895377398713,5.0,4.976876983907124
2567,0.220978005530726,0.23317239609234264,5.0,4.978274091589521
2568,0.46048994544298094,0.4855095268026335,5.0,4.979354029009855
2569,0.23530233517504895,0.24837351092659143,5.0,4.978601697361622
2570,0.4087036435923834,0.4310046567682213,5.0,4.979122794559414
2571,0.1390573378911757,0.14654343236002387,5.0,4.974113508351623
2572,0.2725483481859894,0.2876012936376833,5.0,4.978442772124607
2573,0.23898447458719474,0.2508120829503979,5.0,5.0
2574,0.21778620853694153,0.2299238880976826,5.0,4.976990711467613
2575,0.20502892154347618,0.2164894172142604,5.0,4.975732394620271
2576,0.4011765729246788,0.42332704780638286,5.0,4.979136977903487
2577,0.18193072917424868,0.19192913719795968,5.0,4.980510238819278
2578,0.20700770094201526,0.2187334398093974,5.0,4.9778486120283105
2579,0.1710151777699307,0.18043860117848798,5.0,4.974158318376443
2580,0.2674133797000078,0.2823599865238322,5.0,4.977378803420516
2581,0.25187174056174877,0.26570672770429193,5.0,4.979929204520692
2582,0.1987921297346409,0.2094877345220636,5.0,4.981619737817331
2583,0.374607252871485,0.395441933476375,5.0,4.974177955990529
2584,0.29842464408676816,0.31486090545323075,5.0,4.979353985491617
2585,0.1961199524466617,0.2069377887695658,5.0,4.978604642645248
2586,0.19749602256848098,0.20932339879835626,5.0,4.978177095704988
2587,0.23364092196193864,0.2465879673191882,5.0,4.980375042070095
2588,0.18415975766948134,0.19455117115802079,5.0,4.9784856314748005
2589,0.3484646764807724,0.3674835428627157,5.0,4.980867956648352
2590,0.5080864228946431,0.5361497559822128,5.0,4.976466078127242
2591,0.16139753688118308,0.17044577487006163,5.0,4.97742384427311
2592,0.4844295646121586,0.510824711177154,5.0,4.97547851112544
2593,0.14680588501445957,0.15495553262895712,5.0,4.978598565983168
2594,0.3405330940611677,0.35950248849081,5.0,4.978562225907952
2595,0.22793451058730407,0.24064957097529782,5.0,4.9756957484049025
2596,0.1867592400837288,0.19705171039769853,5.0,4.97792795792078
2597,0.09900711312929977,0.10453093442067707,5.0,4.977140773903077
2598,0.27855285719910405,0.2941785536143622,5.0,4.973511704891003
2599,0.22469036780794993,0.2371154099484969,5.0,4.978738978053627
2600,0.2727185282082534,0.2875132362067141,5.0,4.98183771427918
2601,0.1282364179765232,0.13553576207230522,5.0,4.980804385279534
2602,0.15755768104022194,0.1663325120309349,5.0,4.9802710028123265
2603,0.2424594386511525,0.255780969329114,5.0,4.979264811459432
2604,0.2846078951556694,0.3001960693381709,5.0,4.978840172695538
2605,0.26455112912153655,0.2792316685635541,5.0,4.979038572059293
2606,0.2936130526064089,0.30985337069001107,5.0,4.978114808831
2607,0.23745579734853428,0.25064292748004435,5.0,4.9771949580997
2608,0.23350315428536184,0.24647394364600594,5.0,4.978216242503111
2609,0.12010082946916101,0.12691829660755527,5.0,4.9782187159277935
2610,0.25670904449995025,0.2709610212505167,5.0,4.975715318159368
2611,0.14731317302030256,0.15544326021349897,5.0,4.979125706455703
2612,0.2647006516853576,0.2794981076385028,5.0,4.976066079975565
2613,0.18701227771951268,0.19745697444588095,5.0,4.980348815871869
2614,0.11960697881508553,0.1260894084084312,5.0,4.977752378522409
2615,0.24472152721248008,0.2583019096879611,5.0,4.977611866710907
2616,0.09128469547346785,0.09649343747949546,5.0,4.9770219845134545
2617,0.21426544654513502,0.22611776994181598,5.0,4.979593642007316
2618,0.22484639602223822,0.23826457404458745,5.0,4.976495845376352
2619,0.1662819917582039,0.1755100914447827,5.0,4.980189782655273
2620,0.3467415575786308,0.3659078286686903,5.0,4.977697217953541
2621,0.1994717571956337,0.21040986577961096,5.0,4.977415810801489
2622,0.2075828280185097,0.21922799921223768,5.0,4.9780982138423635
2623,0.3070597200543672,0.3233455846953046,5.0,4.982994365976117
2624,0.12448282355019358,0.13124918931925156,5.0,4.980100196189596
2625,0.227797366258238,0.24051987644339534,5.0,4.977460816070343
2626,0.2852645900368238,0.3009681673491986,5.0,4.978130155735112
2627,0.17568587754696563,0.18530900719753074,5.0,4.978850592395885
2628,0.4129515513988544,0.43520366342291816,5.0,4.980928517095542
2629,0.22573131154257253,0.2385494262142469,5.0,4.974051925215415
2630,0.301677484063817,0.3185178957690995,5.0,4.977617258945957
2631,0.30348600450120333,0.3201031223527644,5.0,4.9797727542849035
2632,0.16431157040790856,0.17341646766794971,5.0,4.979490373371016
2633,0.2785765936919937,0.29415922864369337,5.0,4.977208214082216
2634,0.1405550743431183,0.14828328087674758,5.0,4.978087050072997
2635,0.4016918954557913,0.4243684133384773,5.0,4.9746800290060555
2636,0.15847590321204996,0.16723074025745532,5.0,4.977234340039587
2637,0.37755534479486275,0.39813116063127474,5.0,4.979817458298985
2638,0.19929702003882865,0.2100798208257415,5.0,4.977138364703935
2639,0.10369181645387071,0.10943902390625371,5.0,4.978791393598048
2640,0.2673903368811119,0.28219908877333766,5.0,4.978278875366833
2641,0.19338485712228648,0.20407376784749376,5.0,4.979770824339802
2642,0.3846904707112797,0.4058190603349776,5.0,4.976493006567164
2643,0.28632295510187844,0.3023067451439192,5.0,4.9773997806967785
2644,0.18996278022729807,0.2004762515728653,5.0,4.97889711873893
2645,0.2975966358330351,0.3138690019036494,5.0,4.980639530510853
2646,0.322947581735719,0.3403552829293428,5.0,4.981556426611693
2647,0.23797282417747256,0.2511844733548825,5.0,4.9777522573303035
2648,0.3862782665501663,0.40787012590055216,5.0,4.977088078495973
2649,0.23467590090551838,0.24802871035521012,5.0,4.974381294540464
2650,0.25357398419967647,0.2675581330997403,5.0,4.977031114952402
2651,0.29215552132882694,0.30826061476412736,5.0,4.979017190097377
2652,0.2582548761335033,0.2728089885510241,5.0,4.9756097879163885
2653,0.33269434490005456,0.3511320260558488,5.0,4.978739443089237
2654,0.30723400759915087,0.32430450458091675,5.0,4.978016178033338
2655,0.12879372040591042,0.1358861783487213,5.0,4.980690181826022
2656,0.21110880053601222,0.22259068056626874,5.0,4.978155882486082
2657,0.25556423496014813,0.26993933478781185,5.0,4.976958174295358
2658,0.1433061404835998,0.1512761847203301,5.0,4.979865522421267
2659,0.2621095165155316,0.27675255548369093,5.0,4.977478975886713
2660,0.10009130365867036,0.10571442249163576,5.0,4.979076837504328
2661,0.22063140784017699,0.23210839992075027,5.0,4.9769955502375485
2662,0.2879861473145273,0.303634707459576,5.0,4.980582015132287
2663,0.2617564570798687,0.27594604344075635,5.0,4.985031583233175
2664,0.22994836924240558,0.24268889479683997,5.0,4.980110173765073
2665,0.19699747796451805,0.20799714569394379,5.0,4.978220895916028
2666,0.18487555310403447,0.19509783542482007,5.0,4.978710305963032
2667,0.2599520764300587,0.27458413698528195,5.0,4.977453503028988
2668,0.17243758179822977,0.18199362275991882,5.0,4.980071196582472
2669,0.22165927836365662,0.23388138180749363,5.0,4.9788490059396295
2670,0.15950738955321042,0.16816505968734852,5.0,4.9801972675284745
2671,0.17871404045848482,0.18873312681147048,5.0,4.973510610556966
2672,0.27299291676728155,0.28759756717519425,5.0,4.98245261137142
2673,0.2954691569301766,0.312071785495351,5.0,4.976975227013192
2674,0.27447350461168707,0.2897033446624466,5.0,4.978331107758125
2675,0.20203193427903754,0.21304910757227202,5.0,4.981501128737351
2676,0.3279816849832311,0.34606332913010895,5.0,4.979285988042905
2677,0.17966662077602558,0.18967836776841418,5.0,4.978512466420595
2678,0.23671108209844127,0.24996211918231914,5.0,4.976925406413617
2679,0.19605293290427617,0.2061262884692745,5.0,4.985639769064907
2680,0.36842039859796283,0.38875578814985534,5.0,4.9777090742299634
2681,0.26024230484338085,0.2746880228001034,5.0,4.976564762435487
2682,0.22012373392235052,0.23231585631490237,5.0,4.977695973291372
2683,0.3292810112360931,0.3476004144424847,5.0,4.977204321755924
2684,0.2893203763094816,0.30540957870667795,5.0,4.977816719915893
2685,0.20519248099371556,0.21639616843409737,5.0,4.980894305999097
2686,0.3671650168086604,0.3873693147830002,5.0,4.9794153698490895
2687,0.07679016411459583,0.08108107505650652,5.0,4.978784067319717
2688,0.24670589288345934,0.2604318056566981,5.0,4.977767367552524
2689,0.17161089728077505,0.18116164578546123,5.0,4.977045670492837
2690,0.17349822722376507,0.18310327263555304,5.0,4.978268740830822
2691,0.29049108160846715,0.3066637650560251,5.0,4.9765408777690645
2692,0.22623613333838377,0.23880663650158818,5.0,4.976823050022192
2693,0.20398095532401905,0.21550336511104473,5.0,4.975823211247885
2694,0.2911596700029513,0.30740288640387914,5.0,4.977815728302053
2695,0.2718304061955483,0.28695197823882723,5.0,4.976278881811256
2696,0.22600563760883885,0.23857399601719242,5.0,4.977487117906598
2697,0.15434857698390947,0.1628516387125034,5.0,4.979992435701934
2698,0.12575914057095616,0.13260805094239103,5.0,4.982448246026818
2699,0.30678256381698255,0.3239030682380699,5.0,4.974460040383288
2700,0.16029249475741603,0.1690089884428838,5.0,4.980015893174485
2701,0.12286163706512765,0.12973633357186354,5.0,4.978680291313511
2702,0.21052621941001548,0.22211627144498425,5.0,4.979011559837643
2703,0.177718063605671,0.18752451413801352,5.0,4.980140077722925
2704,0.15050135941067233,0.1588324444710556,5.0,4.978900839785938
2705,0.22249768227039413,0.23494208200621358,5.0,4.977645284450309
2706,0.2200867197165528,0.23242257918234732,5.0,4.977448087797276
2707,0.2711067561144118,0.2860745128164721,5.0,4.9785010780680405
2708,0.15812911939517482,0.16690069172113375,5.0,4.978629160846619
2709,0.27409844477176804,0.2892568828245976,5.0,4.9782027913473925
2710,0.34308738361674695,0.36215584085760355,5.0,4.976082934133137
2711,0.16419301532558106,0.17331476573196802,5.0,4.978887436763175
2712,0.21225049542993601,0.2247674028137836,5.0,4.9798266004890746
2713,0.06455819405339147,0.0680396402198149,5.0,4.977409875450283
2714,0.1636119602814916,0.17269069277839133,5.0,4.978320452472209
2715,0.1968077659265146,0.20775631587692267,5.0,4.979677682047319
2716,0.15259451863256235,0.16121085521109957,5.0,4.977191823982192
2717,0.21293355022693583,0.22467861020974889,5.0,4.978101395085863
2718,0.1358257240412304,0.14347333279080798,5.0,4.974176355340347
2719,0.2628844407292781,0.27742192545826505,5.0,4.97880368580673
2720,0.30823948591760275,0.32504025808442405,5.0,4.980163904897523
2721,0.1644125874082225,0.17362372410070237,5.0,4.9761460934106605
2722,0.3093955994520059,0.3264978687659097,5.0,4.9779613131465705
2723,0.29616166054928095,0.3128745199625238,5.0,4.977563178463047
2724,0.22379802916900138,0.23635840389758567,5.0,4.9757556949544135
2725,0.2536357904527584,0.26779613835700133,5.0,4.976524945434759
2726,0.24761614760604256,0.26112367720601615,5.0,4.980057372795805
2727,0.11657321365404139,0.12303831712006796,5.0,4.979156526239201
2728,0.21217281035311775,0.22405677662527967,5.0,4.978093939219113
2729,0.34716148608058695,0.3662234324168765,5.0,4.9789458609360615
2730,0.2407810545168394,0.2539437759305052,5.0,4.9797593335889
2731,0.2745428036516804,0.28985976509513844,5.0,4.977000484976921
2732,0.19168066045692655,0.202475878913986,5.0,4.980687570849955
2733,0.2306374674945202,0.24346068983620772,5.0,4.976524489040992
2734,0.16711986668908185,0.17640201720790372,5.0,4.977048887703939
2735,0.3274938284376283,0.3456968975429906,5.0,4.978612137163152
2736,0.20597946914989196,0.21738983165418024,5.0,4.979484306877335
2737,0.14653002206655574,0.15458265268328186,5.0,4.977040065867708
2738,0.28169208523232725,0.29766760968140615,5.0,4.973584170422578
2739,0.3266957249640057,0.3445698594666535,5.0,4.979106761156986
2740,0.1866485492155585,0.19707847819584656,5.0,4.978111365108147
2741,0.22367216809658697,0.23646592950629786,5.0,4.973262041204878
2742,0.31331057444655497,0.3305525624934287,5.0,4.978081512280692
2743,0.12718845577151705,0.13432924766838972,5.0,4.977594073383802
2744,0.20898358870777844,0.22068302865172496,5.0,4.986891271748881
2745,0.08324587185851229,0.0879284296173588,5.0,4.978585963844777
2746,0.2603393392773754,0.27507986550649366,5.0,4.975802871820152
2747,0.35232049127158827,0.3718112787550141,5.0,4.980327572818926
2748,0.15462689177916733,0.16327960569545996,5.0,4.975324422858263
2749,0.113984715670026,0.12160025151268439,5.0,4.9672734141099895
2750,0.28476106826439684,0.3007649529402967,5.0,4.973906708257996
2751,0.23781517640464456,0.25163489953390705,5.0,4.975178295590537
2752,0.3302828109640954,0.348524404369138,5.0,4.978208521537324
2753,0.1328104211794432,0.14018732168543435,5.0,4.979267728556662
2754,0.13816028615864595,0.14580337581431468,5.0,4.979979130131591
2755,0.24013608614440063,0.25352434081698627,5.0,4.9782306057298875
2756,0.21456251628147993,0.2266523721960969,5.0,4.9767643786588245
2757,0.2958582131488037,0.31222439440257,5.0,4.978339299683494
2758,0.09967295320803915,0.10529051910646237,5.0,4.978489258951155
2759,0.3424169690407959,0.36133719019827626,5.0,4.977462886616175
2760,0.3825521125421876,0.40339504989373065,5.0,4.978125532601814
2761,0.34633737010691434,0.36552835074696266,5.0,4.979083749294642
2762,0.22124941776807638,0.23343142681425966,5.0,4.977923775407351
2763,0.34110162151181056,0.3600290940496007,5.0,4.979186847524977
2764,0.2900976450085804,0.3062735204019098,5.0,4.977490652577616
2765,0.31776992059616616,0.3349324505929374,5.0,4.978832901603827
2766,0.3119490761748356,0.3291002077298295,5.0,4.978961693885733
2767,0.16578167303824376,0.17497120029361546,5.0,4.97746400098694
2768,0.24262175612955228,0.25613883505618396,5.0,4.976938285926611
2769,0.16829860441878663,0.17732140578494104,5.0,4.9784793035869335
2770,0.33270187367702153,0.3508413646521964,5.0,4.97787256431689
2771,0.24207819280140352,0.25523286138531165,5.0,4.980496601623479
2772,0.26598154842679067,0.2807277201201617,5.0,4.977773323228716
2773,0.31391079120704757,0.3309225678382768,5.0,4.980954858332174
2774,0.25232843492932977,0.26672238705323315,5.0,4.978674782099208
2775,0.34812665177459867,0.36777783562435595,5.0,4.973045882503344
2776,0.26989376367425355,0.28513439072139235,5.0,4.9756148655238785
2777,0.13512080125195203,0.1426303533953266,5.0,4.980517496976864
2778,0.2101035433236238,0.22194716107408352,5.0,4.973500697742148
2779,0.24322162652501644,0.25672536327096007,5.0,4.977398833911648
2780,0.4130572748656487,0.43545675584752286,5.0,4.98149117053603
2781,0.3163225115767705,0.3338228257044009,5.0,4.977031205007059
2782,0.3663175988189722,0.3865260133031667,5.0,4.977466810555233
2783,0.23187354628306078,0.2447240860689499,5.0,4.976496194451636
2784,0.3224269433931537,0.3403412041927165,5.0,4.976953049122974
2785,0.19283805620682215,0.20351646162405435,5.0,4.974632487983719
2786,0.30940035816612643,0.3264184933241665,5.0,4.9778365049466
2787,0.2996257383424126,0.31607184965536694,5.0,4.979594243873322
2788,0.3309125260101804,0.34936567401046936,5.0,4.977302978644218
2789,0.18778061852600314,0.19801974784596799,5.0,4.978906260657876
2790,0.3901064210210421,0.41160266650377086,5.0,4.978930780854753
2791,0.20440467464998546,0.2158209386923411,5.0,4.9772767120563355
2792,0.2983307970231168,0.3149724831823968,5.0,4.97520062207836
2793,0.2391247435318311,0.2524771877681744,5.0,4.977354063283883
2794,0.39183538276362606,0.41373635988050284,5.0,4.975680775871298
2795,0.27572713134326277,0.2909372398307273,5.0,4.978976097712193
2796,0.13350382010339956,0.1407905561277618,5.0,4.977456150328994
2797,0.2794780602225426,0.294893743672046,5.0,4.976578598824659
2798,0.3213855493391826,0.3393907907079605,5.0,4.974846053819304
2799,0.3127923667528685,0.33037544289099263,5.0,4.976676177756572
2800,0.22788557724728364,0.24046784113266906,5.0,4.978689833317436
2801,0.2032982684550393,0.21441288822877702,5.0,4.978029189009021
2802,0.234067152724037,0.24717143082103799,5.0,4.978513614333933
2803,0.20607960307286133,0.21744647586618204,5.0,4.978696767472259
2804,0.25334258092607875,0.2669625438617713,5.0,4.979568835221251
2805,0.2819603987817847,0.29755360170160183,5.0,4.977272407753777
2806,0.292953811357644,0.30892638169462394,5.0,4.9806008040934735
2807,0.2481518589685281,0.26199327912128356,5.0,4.972783489530261
2808,0.22661176669933436,0.23943054711206968,5.0,4.976508016501056
2809,0.23148079762777818,0.24440819367295186,5.0,4.977677482305545
2810,0.24751796170077878,0.26118947782576707,5.0,4.978271608052625
2811,0.17134083142365109,0.18078225874206688,5.0,4.978915175248622
2812,0.2065396028481188,0.21801663894821788,5.0,4.977914523501115
2813,0.23507457770947426,0.24803194025660824,5.0,4.975195281428082
2814,0.16178034190072044,0.17081152458594784,5.0,4.9773021598502964
2815,0.18599264710530838,0.1960763731388362,5.0,4.980524579005783
2816,0.1944791415464171,0.20536790522997683,5.0,4.976842529480416
2817,0.28454657272773587,0.3000290581928593,5.0,4.979591088102842
2818,0.3993369499101789,0.42145826126708696,5.0,4.978005842071145
2819,0.27471310511119174,0.28996499235780737,5.0,4.973945201914711
2820,0.3233185077437577,0.34143322457494385,5.0,4.975620394429789
2821,0.37775899816457037,0.3983431684767853,5.0,4.980396254798549
2822,0.2640909875686639,0.2790596308284272,5.0,4.97541719906339
2823,0.28468154965137193,0.3003567585093485,5.0,4.9753199139715765
2824,0.24154463324844722,0.254736578855316,5.0,4.979321709261573
2825,0.3361969046248652,0.3547730463252263,5.0,4.977155479113389
2826,0.1773390879016674,0.18632886333694354,5.0,5.0
2827,0.32866918950723445,0.34692543400199183,5.0,4.978354317778972
2828,0.33208756873191203,0.35130033880784417,5.0,4.974336973784412
2829,0.26902619468984046,0.28431714322972135,5.0,4.977231249876617
2830,0.39704411831948394,0.4188749944096206,5.0,4.978022954247505
2831,0.36990966787582824,0.3901693323524946,5.0,4.9762034934584864
2832,0.27098060127287193,0.2861285210810123,5.0,4.978429518634382
2833,0.2042557351307619,0.21546742241476746,5.0,4.9781290456238025
2834,0.31355471390605016,0.33095905261260694,5.0,4.978919482135558
2835,0.2054417965624713,0.21668045680563286,5.0,4.980182226971319
2836,0.2490711899281015,0.2626363249581467,5.0,4.979316766384336
2837,0.2853786562156546,0.3010864823367574,5.0,4.97812377681738
2838,0.3531002533539813,0.3724682408973927,5.0,4.979118718083155
2839,0.36485280953557253,0.38485610174331786,5.0,4.979178168060381
2840,0.1862555559877619,0.1963656985563762,5.0,4.981868348014142
2841,0.4538712321244438,0.4786710682687083,5.0,4.977160038071737
2842,0.2401934071398415,0.25362480028690637,5.0,4.979455559446491
2843,0.19193826391361024,0.20278616646840741,5.0,4.9755372439300505
2844,0.30344708454712954,0.3183323071675288,5.0,5.0
2845,0.34612755583107213,0.36550073440926245,5.0,4.976084054063534
2846,0.32314121332679746,0.34083910467273126,5.0,4.976513800231599
2847,0.20623277186239242,0.21756789393877396,5.0,4.979055453145733
2848,0.2829380001836517,0.29846376632898,5.0,4.977967705436361
2849,0.2046120811359402,0.21605741276472146,5.0,4.978676512058424
2850,0.1663918546420735,0.17567671067289714,5.0,4.979529539759335
2851,0.16970389720863377,0.17908015691352785,5.0,4.976802545983308
2852,0.14910919535908596,0.1573264087491204,5.0,4.979931805930322
2853,0.26781114465082445,0.2827809019641556,5.0,4.973368799606348
2854,0.27190941858661,0.28700778838531793,5.0,4.979624985988984
2855,0.23001025804980357,0.24295755631010718,5.0,4.978077786657282
2856,0.34219651948075525,0.36129882246313993,5.0,4.973731954189464
2857,0.21349248901678752,0.22518859477725872,5.0,4.979108016597413
2858,0.15527351672181333,0.16381112931267805,5.0,4.978714114306895
2859,0.34474482414985586,0.3639280667539049,5.0,4.9772656558472494
2860,0.17440040977193538,0.1841256470025221,5.0,4.977146886129216
2861,0.24335605163221996,0.256550351779828,5.0,4.980995383034754
2862,0.34666744586788845,0.36599106108798174,5.0,4.977054747470682
2863,0.16334027010560725,0.17242252825468696,5.0,4.977565483358362
2864,0.26081023973001494,0.2748823973871035,5.0,4.978859003784946
2865,0.11745654988950704,0.12396770721913186,5.0,4.978516398218584
2866,0.3364892258696828,0.355142929233109,5.0,4.977244460470702
2867,0.2185599257196722,0.23078192594876112,5.0,4.979369078926537
2868,0.34132660086883604,0.3602807430875292,5.0,4.977184761818929
2869,0.16528201893553796,0.17448416660733468,5.0,4.974975632360739
2870,0.321326640046919,0.339107945297517,5.0,4.976143865956351
2871,0.3255871484782238,0.3432383636785079,5.0,4.979806308145145
2872,0.1938069970962062,0.204901219919561,5.0,4.975831605407102
2873,0.1968391044341704,0.2078557266682115,5.0,4.977871319348166
2874,0.17686060603197196,0.18812683479537884,5.0,4.9745880636962525
2875,0.2518929123175726,0.26599926614654557,5.0,4.974964931016155
2876,0.32268226679124234,0.34034221435958734,5.0,4.979398673212785
2877,0.23088597986204928,0.24382172571000105,5.0,4.976641886242152
2878,0.27364763303752326,0.2874175212525836,5.0,5.0
2879,0.23189689779468647,0.24471280315170385,5.0,4.979191153983598
2880,0.23424185993420732,0.2471739401066,5.0,4.979837468781865
2881,0.16502855147729112,0.1737889613361756,5.0,4.978787279818784
2882,0.29884094625634594,0.31542873880450095,5.0,4.980271825809739
2883,0.36998612757719584,0.3903236940206358,5.0,4.977469510847561
2884,0.2257535947414926,0.2382674455102436,5.0,4.976912806033029
2885,0.3541138435897009,0.373858582266801,5.0,4.975549444859011
2886,0.4263888295972855,0.4498527037038651,5.0,4.978254331867271
2887,0.42103725526983804,0.4443052644859904,5.0,4.976311183458453
2888,0.2709464022248027,0.28605975663372885,5.0,4.980651231379412
2889,0.40343924419309807,0.4252012832292864,5.0,4.981525528779365
2890,0.2627756239597514,0.27762301285325797,5.0,4.9747105037339345
2891,0.2923763741650829,0.30868586623650485,5.0,4.978062959018645
2892,0.13252875183633805,0.1399429164581416,5.0,4.976940479710512
2893,0.32286554396740397,0.3406988071219992,5.0,4.978923401182849
2894,0.28673033140627924,0.3027399018575734,5.0,4.978445737859625
2895,0.35734659344335773,0.37689247448615903,5.0,4.978859714948349
2896,0.1819957701984889,0.19203149733614833,5.0,4.979821611331605
2897,0.20855730345530632,0.22027495785196582,5.0,4.977690247192532
2898,0.23243795935166545,0.24544366092368008,5.0,4.977407634956403
2899,0.07539011102709847,0.07949386473438302,5.0,4.978419044446838
2900,0.2984712640395446,0.3150492380782992,5.0,4.9777798029909
2901,0.23538457705665672,0.24841903298864976,5.0,4.9768326690982345
2902,0.22962974663638724,0.2423943543409819,5.0,4.9760389079956635
2903,0.24969704126039116,0.26310779714636,5.0,4.976705302453848
2904,0.1788853624854818,0.18898716413060446,5.0,4.976202531123848
2905,0.41249118600466406,0.4349500261371333,5.0,4.979378049640664
2906,0.21476712263656506,0.2264543967835333,5.0,4.982133159719506
2907,0.15232036555794082,0.16069369034334757,5.0,4.978758322826113
2908,0.21036822155400925,0.22228965129817113,5.0,4.975619958142055
2909,0.25429043203203094,0.2682663972840973,5.0,4.977776100068052
2910,0.26266972095489227,0.27711674852371604,5.0,4.979051443273121
2911,0.5211121197847239,0.5500351783156952,5.0,4.975696397852483
2912,0.20774913970093545,0.21894085648921657,5.0,4.978974711089963
2913,0.284725234857482,0.3002229203846283,5.0,4.980344496284488
2914,0.11711743858470669,0.123750915798444,5.0,4.978453005931929
2915,0.28389540590621953,0.2997465349156234,5.0,4.977579486052086
2916,0.22135844455224585,0.23364445017246815,5.0,4.9780810900667305
2917,0.14667684079072374,0.15497826361797373,5.0,4.97693301892177
2918,0.15797375660759538,0.16672427215927765,5.0,4.975117406783278
2919,0.3707214782018693,0.3915836719479926,5.0,4.975710425721953
2920,0.15027573958792595,0.15905463534041298,5.0,4.984177708017814
2921,0.2388225273823663,0.2517730793300854,5.0,4.981835846835159
2922,0.129031498746913,0.13634238337557236,5.0,4.9736073105337475
2923,0.23149914251518333,0.24431599332209353,5.0,4.9786407451601455
2924,0.2665455357799378,0.2806982405056897,5.0,4.981869281590834
2925,0.24174912004421945,0.2550351458757554,5.0,4.978488753590096
2926,0.3730804597439943,0.3939560306647314,5.0,4.974343789513798
2927,0.26038605322939623,0.27486783449195507,5.0,4.976202009881856
2928,0.22366240285011352,0.23647354821153277,5.0,4.979656402393182
2929,0.22362103329127136,0.23640502629183158,5.0,4.979247119255925
2930,0.29766388719062364,0.31390321617115435,5.0,4.979977469745851
2931,0.15188523182501612,0.16039024515246791,5.0,4.978904819637586
2932,0.29769231259448325,0.31389318499649743,5.0,4.979673106003428
2933,0.4853787881009082,0.5116802040170405,5.0,4.979499684313078
2934,0.24820871255798416,0.26199976862018026,5.0,4.978427940789816
2935,0.31049569133822374,0.3272027520335823,5.0,4.979690820687743
2936,0.25448434698810485,0.2684502237763191,5.0,4.977939223337913
2937,0.4962419887047227,0.5238103764509656,5.0,4.97582986910742
2938,0.4118600688531002,0.434238723530443,5.0,4.977749058173915
2939,0.09017600101919232,0.0954123330012564,5.0,4.975850526653156
2940,0.0716488723451909,0.07558942718764694,5.0,4.978120558642356
2941,0.32237630761173675,0.34029795751535796,5.0,4.978427994556833
2942,0.19557167105709294,0.2063187602374179,5.0,4.977575435757542
2943,0.2872632616728661,0.3029325924008426,5.0,4.981671212201908
2944,0.17549933284313113,0.18500446310537466,5.0,4.978505613116733
2945,0.13533507947766243,0.1427768683081272,5.0,4.981537872491204
2946,0.2806377099830435,0.29593890385428545,5.0,4.980341413279055
2947,0.27495123253741993,0.2896516560043134,5.0,4.981548483561697
2948,0.34885053502381314,0.36818530789532833,5.0,4.97859489760633
2949,0.21744451563798362,0.22930961302058517,5.0,4.977222648581936
2950,0.26635142116284993,0.28084531914585464,5.0,4.978089336057616
2951,0.20847376226813719,0.2197760155226991,5.0,4.976318595337661
2952,0.08655086324949823,0.09147012495774787,5.0,4.976731490161361
2953,0.27648394148967226,0.291852078778126,5.0,4.9747193932811395
2954,0.18991978155476463,0.20044212689450158,5.0,4.978896053318476
2955,0.4066267179688572,0.4292753026891649,5.0,4.975312091428767
2956,0.18424898256698619,0.1944769923761307,5.0,4.9790662145253695
2957,0.06849605054743413,0.07227722763283118,5.0,4.979874394690533
2958,0.1401543212733556,0.14808757219573865,5.0,4.977087176337784
2959,0.11995325055440298,0.12670429433220587,5.0,4.978238268879016
2960,0.24932814665095804,0.2631543453242202,5.0,4.979196891213107
2961,0.2943459504348158,0.31056663567573906,5.0,4.976347000942978
2962,0.20748796383201396,0.21926713633748252,5.0,4.978871322341281
2963,0.18613725405510695,0.19645179492739473,5.0,4.976615374186064
2964,0.33299664523353,0.3513848727401052,5.0,4.977219378267179
2965,0.2786456120737608,0.293917076980333,5.0,4.97920610760195
2966,0.3423970145179849,0.3609635672025342,5.0,4.9826831538569305
2967,0.1825706382322574,0.19270315932387483,5.0,4.977183001845118
2968,0.09035987948316015,0.09543540739154799,5.0,4.976105269588489
2969,0.24200413786365726,0.2557305373356089,5.0,4.976458777879227
2970,0.20499129485097112,0.21625223480635092,5.0,4.979294889880306
2971,0.36674916591585927,0.3865686512077504,5.0,4.980490171040106
2972,0.35430096485138707,0.3741103252190363,5.0,4.975011615341085
2973,0.3714341404920871,0.3929126855858667,5.0,4.976371514437519
2974,0.4170326932884376,0.4398398589543606,5.0,4.978958059127168
2975,0.2586074549504671,0.27368339999260605,5.0,4.984792784891194
2976,0.3429141827558959,0.3621368542133132,5.0,4.975342838106993
2977,0.17861941917876534,0.18868271689743743,5.0,4.977351246587833
2978,0.27437261023178294,0.28969505738749035,5.0,4.976882580279538
2979,0.29437834100405436,0.31059807263972283,5.0,4.97739020378499
2980,0.36639201129455023,0.38662093019546906,5.0,4.979308853507964
2981,0.27438904483253723,0.2894015626033859,5.0,4.979107880301514
2982,0.13703781573742657,0.14471191499299096,5.0,4.97784051887467
2983,0.3574166069478524,0.37707595843939523,5.0,4.978019627632415
2984,0.22695557581214842,0.2379656466175455,5.0,5.0
2985,0.1986368864060961,0.20963015446852085,5.0,4.978490067445769
2986,0.27061352009749995,0.2857064113326724,5.0,4.974026602353989
2987,0.20013223440755223,0.21127432775607358,5.0,4.977912396135373
2988,0.29942684351559823,0.315684559941106,5.0,4.98126034990559
2989,0.33394725454942864,0.3524156979038684,5.0,4.977759730659441
2990,0.19250056362402446,0.20327060101795835,5.0,4.978503698439702
2991,0.42544175177361,0.44900707457295574,5.0,4.976436338871588
2992,0.40550379142109017,0.4264581969878307,5.0,4.984449214006288
2993,0.21799624193501943,0.2298051230382403,5.0,4.975730619996108
2994,0.27772307854985656,0.2931537644674893,5.0,4.976983047526682
2995,0.28637352147512307,0.3024238707233051,5.0,4.977293653713861
2996,0.19370533505251797,0.20489094244704886,5.0,4.978323777166791
2997,0.1908795081835113,0.20139662744093068,5.0,4.9782390265158405
2998,0.20382648454032526,0.21490903756352986,5.0,4.98125490818663
2999,0.310848887206864,0.32775305860685555,5.0,4.976489250024327
3000,0.22044772867543916,0.23262078430578326,5.0,4.977455352967306
3001,0.3623837508277328,0.3825516157264339,5.0,4.977310714740311
3002,0.1964219606087234,0.20722038920524732,5.0,4.9770862854203735
3003,0.1740980973637829,0.18350735534707585,5.0,4.978241786219959
3004,0.2280018226840239,0.24130822647825956,5.0,4.981296556275687
3005,0.3300110542560657,0.3479390173410415,5.0,4.9798902550025925
3006,0.23194655945203668,0.24493487710920836,5.0,4.977401457002566
3007,0.15176366124405205,0.15995908983643514,5.0,4.981003926410894
3008,0.20993471451802814,0.22163920101683954,5.0,4.9774580499191945
3009,0.2647280153019116,0.2796918518424465,5.0,4.977486416009418
3010,0.19843622640610548,0.20959847836673862,5.0,4.9792640471710925
3011,0.2648570399526602,0.27959403161711927,5.0,4.978070698851971
3012,0.18996378569804873,0.2005200212592848,5.0,4.9793215980702765
3013,0.39141797193999994,0.41281154841969503,5.0,4.976666877410834
3014,0.3051437831072572,0.32208055382838596,5.0,4.974748879173605
3015,0.1773428029298314,0.18690067214138373,5.0,4.9813155535286135
3016,0.23302152534665033,0.24582855230949185,5.0,4.980123556973339
3017,0.16014005808602594,0.16896852427020836,5.0,4.980381646129803
3018,0.20462161978044935,0.21595819969517005,5.0,4.979675817229543
3019,0.182679886476538,0.1928267853011154,5.0,4.979106715206596
3020,0.17417583219118904,0.18400222936033184,5.0,4.976992039111012
3021,0.25553772604032554,0.2697951318170486,5.0,4.976400991339416
3022,0.3901113301443966,0.4115868087706289,5.0,4.969832389717794
3023,0.42469672437763806,0.44830189428732026,5.0,4.976765698500607
3024,0.27171173966861706,0.2869600256179403,5.0,4.977813973914733
3025,0.2474108921059479,0.26095475798103407,5.0,4.977917233442701
3026,0.29437109921057836,0.31086418814947625,5.0,4.975528602796162
3027,0.1828331662926308,0.19301284402489882,5.0,4.976867925006445
3028,0.4087268179343744,0.4312340103062935,5.0,4.979983963571657
3029,0.30884426378639196,0.3257301083943631,5.0,4.9796011791396655
3030,0.11389689645386314,0.12010671355933256,5.0,4.977871325201715
3031,0.29041395183711205,0.30662969646403293,5.0,4.977230665762766
3032,0.23547454731757278,0.24969009602045533,5.0,4.979764912082025
3033,0.17306435640039664,0.18263755551364969,5.0,4.980192653022186
3034,0.2626077194719927,0.2771921316906443,5.0,4.976056777424898
3035,0.2563434042772863,0.2706864343870883,5.0,4.976851692144946
3036,0.19635916796579966,0.20707633068844467,5.0,4.977793379102176
3037,0.14461629392729192,0.1523387345919447,5.0,4.978993692541076
3038,0.35307355284233966,0.37236336704381534,5.0,4.977832530152515
3039,0.15823250077365358,0.1671204031074649,5.0,4.976181452220114
3040,0.3137135209860864,0.3312126202147907,5.0,4.977431836191233
3041,0.16899324069654975,0.17819187501417955,5.0,4.981312436882508
3042,0.2532374902119727,0.2673869864919103,5.0,4.9744467542775705
3043,0.14113511841647508,0.14895821402368492,5.0,4.978938576185028
3044,0.17349554662531053,0.1830987800548558,5.0,4.976919538513638
3045,0.16747488340100736,0.1766112213547606,5.0,4.98016816776409
3046,0.20455005646369018,0.2158151537297761,5.0,4.979446259377571
3047,0.05738002271928244,0.060509086255294164,5.0,4.976349244268796
3048,0.22426899280207713,0.23671066628286508,5.0,4.977075808942457
3049,0.1444926273283591,0.152464720662689,5.0,4.976544520644923
3050,0.20402900658472722,0.21524643263068755,5.0,4.979026458712736
3051,0.2558167678360066,0.2699873888740145,5.0,4.978625338738185
3052,0.2957510965885566,0.31227192420731265,5.0,4.976976429730522
3053,0.32350681996132247,0.3414155007422659,5.0,4.976436589411799
3054,0.20319147313191066,0.21455001858096723,5.0,4.9785443819178
3055,0.11376175146558554,0.12022257980255935,5.0,4.975913821184665
3056,0.1895076654687271,0.20006438529191972,5.0,4.980229028596552
3057,0.25205651578736976,0.26590595136666817,5.0,4.978202143593959
3058,0.13491908353510373,0.14222622792630513,5.0,4.979356906635557
3059,0.20891330312409973,0.22068796979663197,5.0,4.976496137858684
3060,0.19275077272509322,0.20356219623464833,5.0,4.977186251523094
3061,0.2567401656984267,0.27108528076415883,5.0,4.975570698708456
3062,0.17641224480050766,0.18643038411456136,5.0,4.987665126254264
3063,0.2206630268002372,0.23356492429423104,5.0,4.979515436672246
3064,0.1895904772366619,0.20024954324240585,5.0,4.974838310871785
3065,0.2851299052214331,0.3008447804435086,5.0,4.978237001011756
3066,0.4014836963162083,0.4239945072971989,5.0,4.9754457819735265
3067,0.23275106748578311,0.2457829098742037,5.0,4.977135909256631
3068,0.2884138811553363,0.3043896190008284,5.0,4.976101163264728
3069,0.4023247044099998,0.42474971510159376,5.0,4.977392241839356
3070,0.13090550021243086,0.13817962133707962,5.0,4.979988895158112
3071,0.11852279978965963,0.125146140978595,5.0,4.978393180884364
3072,0.2899902736047335,0.3057637899383463,5.0,4.980175479741726
3073,0.2807852728044562,0.2945200466330453,5.0,5.0
3074,0.1454616614595814,0.15359071728853646,5.0,4.976733673025269
3075,0.561773608883207,0.5917624461683451,5.0,4.9800098294200446
3076,0.306430525510786,0.32356369316461997,5.0,4.9745335014925995
3077,0.20319479703343402,0.21434113849025493,5.0,4.97702928726838
3078,0.18663664802795532,0.19689478422844608,5.0,4.978127969867625
3079,0.27763485916528996,0.2928435588138443,5.0,4.978663426749161
3080,0.30718598617002324,0.32458651463183275,5.0,4.9732700900367455
3081,0.40533485368072864,0.4281233987602693,5.0,4.972858590288931
3082,0.1975209258612156,0.2085937705855041,5.0,4.974214613488606
3083,0.3601253525183701,0.3797011878431793,5.0,4.974340859093234
3084,0.09899629798048415,0.10468492659748585,5.0,4.974199736939786
3085,0.5721828754881002,0.6040190866540835,5.0,4.97269285541762
3086,0.30427139681524773,0.3211322385656108,5.0,4.975904244515075
3087,0.24626017787389465,0.2601179986899329,5.0,4.976438865346182
3088,0.3109070779794336,0.32906645079622554,5.0,4.978041948204659
3089,0.2966539503341872,0.3134745610207068,5.0,4.976785169732851
3090,0.1865078027257263,0.19690142502031227,5.0,4.979657826925825
3091,0.26533137711130483,0.28032760631106823,5.0,4.978887774594929
3092,0.1473910810446264,0.1557747532978524,5.0,4.977658431868166
3093,0.24668702409437215,0.2605047540957053,5.0,4.979038244598906
3094,0.21522473919206098,0.2273512088496108,5.0,4.969946274836108
3095,0.224828888969419,0.23655723353101377,5.0,4.978566762986603
3096,0.2722832930920773,0.2877073501204275,5.0,4.977673790617327
3097,0.19035303520714764,0.20092949070165056,5.0,4.978831577293414
3098,0.19771931681355936,0.20882395711452073,5.0,4.978136402022777
3099,0.2534876774267447,0.26771564427254835,5.0,4.977701146703808
3100,0.3546376808751357,0.3747697461242194,5.0,4.977475024970177
3101,0.19961686737065398,0.21099070579163626,5.0,4.9783445112603975
3102,0.24377314420350893,0.2574908357252519,5.0,4.978270533338494
3103,0.29332863309322565,0.3096353834673753,5.0,4.980178445629084
3104,0.14010098239505098,0.1484829998021473,5.0,4.975337662432304
3105,0.1468977687519566,0.1553663555947482,5.0,4.97870775555044
3106,0.11359508578132615,0.11998521164560416,5.0,4.976279389463105
3107,0.184984041448655,0.19492196985748955,5.0,4.981922082229255
3108,0.2128161490603826,0.22476710225884178,5.0,4.979447815723468
3109,0.41198444765316444,0.4350113483183031,5.0,4.977720768364726
3110,0.14592904617487168,0.15406836599707585,5.0,4.978776896537438
3111,0.24275551609125512,0.2561808407737045,5.0,4.979060265706776
3112,0.2843014787047613,0.30019367716682543,5.0,4.9783359535384974
3113,0.1798527411603843,0.18991634703199511,5.0,4.979101528576049
3114,0.16828126322695214,0.17782533436028136,5.0,4.979243062574321
3115,0.2556301400646528,0.26980952018787496,5.0,4.9792695563252565
3116,0.13681701651390066,0.14445296091452353,5.0,4.977685280416626
3117,0.19770330163268168,0.20889592653350286,5.0,4.980961665810808
3118,0.16276029058437413,0.17180414058914684,5.0,4.9756336757967645
3119,0.2840764994498084,0.29995818604311086,5.0,4.978238729080893
3120,0.1573071961039869,0.16606919835406653,5.0,4.9801491913486995
3121,0.14644746908111128,0.155010859664501,5.0,4.977656941641406
3122,0.17761895269730066,0.1875724385156421,5.0,4.978686316835805
3123,0.11790755867702418,0.12447701462042104,5.0,4.979333851933623
3124,0.2598937320157457,0.27459845860284293,5.0,4.978570564146931
3125,0.20823477479734076,0.21996322315246708,5.0,4.979438386274673
3126,0.22197363526649205,0.23424679646960223,5.0,4.979270880746238
3127,0.2834923736640078,0.29946362514453395,5.0,4.978055464999249
3128,0.19494992464784655,0.20579402070915886,5.0,4.979535910512238
3129,0.2965640512506338,0.3131612160425772,5.0,4.978712068874787
3130,0.1399805969795993,0.1476456974394238,5.0,4.9807434931403805
3131,0.25528800683178376,0.26993930372910624,5.0,4.976340946365054
3132,0.24749108226524186,0.26105308374052827,5.0,4.9817903831493116
3133,0.23821012937932107,0.25165750897553685,5.0,4.978005740441853
3134,0.3210704436446561,0.3393424406538892,5.0,4.979620319160265
3135,0.24827152930052243,0.26234852476870985,5.0,4.976539106348303
3136,0.1685344276050862,0.17815476410080278,5.0,4.976405660698884
3137,0.20614315751114298,0.21747684440790027,5.0,4.981395985123571
3138,0.14002344057179417,0.14807417221931485,5.0,4.976730150693145
3139,0.29534833874722954,0.31155531081235566,5.0,4.978834368347913
3140,0.3157582984177021,0.3333361755763966,5.0,4.979001864462775
3141,0.18049618640907172,0.19038611389292548,5.0,4.974871255666722
3142,0.2522146677715027,0.26624424199636554,5.0,4.979445125364732
3143,0.18487306470648024,0.19508708833644506,5.0,4.979998793238929
3144,0.2483621138621097,0.2625323027227098,5.0,4.9767435156277795
3145,0.23475107358923264,0.24647737700972683,5.0,5.0
3146,0.18341697457486905,0.19369886138553127,5.0,4.978838532673544
3147,0.2601428915273778,0.27466423824204944,5.0,4.980906956832651
3148,0.2615368184056064,0.2757034213432159,5.0,4.98273728497483
3149,0.11157021686268154,0.11793926051968451,5.0,4.9794831136162365
3150,0.3428462150861351,0.36277794040274136,5.0,4.972072947875059
3151,0.2556581047618689,0.2698307741909509,5.0,4.978880597960202
3152,0.25577233565422475,0.2705690113999144,5.0,4.978198445025406
3153,0.22648269791433573,0.23888963292136856,5.0,4.979417600942835
3154,0.19978511675123323,0.21117891420007795,5.0,4.978838597164543
3155,0.35737659497130014,0.37745534963743554,5.0,4.977207312410741
3156,0.15993767245317403,0.16968889251532326,5.0,4.976905234840787
3157,0.12533650814340125,0.13236455079565834,5.0,4.978608027467608
3158,0.31639115074801305,0.33329541050227607,5.0,4.975971383557267
3159,0.2955403906405234,0.3119491783287791,5.0,4.978917888682215
3160,0.3864361492158641,0.40857434281326555,5.0,4.9768124953881365
3161,0.18207619097090788,0.1923239349215191,5.0,4.978422423478843
3162,0.3432853862866245,0.3622998107765407,5.0,4.978410094704646
3163,0.1622454894776273,0.1699215061593473,5.0,5.0
3164,0.322715671378605,0.3409422574353256,5.0,4.973991024635325
3165,0.18669516787207563,0.19715391283853378,5.0,4.976891334087883
3166,0.25985269523207477,0.2745981507018864,5.0,4.975938761962375
3167,0.12914516349254623,0.1363598100977228,5.0,4.97727777024739
3168,0.13260867391522435,0.14011232731360246,5.0,4.9773071738213215
3169,0.12694259703036126,0.13392880166374344,5.0,4.978958778464753
3170,0.18912764708521101,0.19993350990682046,5.0,4.976010669462871
3171,0.22846385564299054,0.2412256089404079,5.0,4.97830558701974
3172,0.3621076692988372,0.38231929791721075,5.0,4.9789191099683805
3173,0.4128871991154808,0.4358460684115526,5.0,4.978609515251522
3174,0.21158507366476265,0.22405818796657395,5.0,4.976814170598942
3175,0.17074112774171568,0.18034482843355093,5.0,4.978268794663165
3176,0.3712636981480817,0.3920887813586096,5.0,4.977941706253892
3177,0.20958803719377772,0.2215617951468145,5.0,4.975027951775992
3178,0.19270502879428952,0.20373962186622485,5.0,4.976427982040663
3179,0.2350332458501545,0.2483843952086069,5.0,4.977562352783584
3180,0.09392886110740029,0.0995836667569927,5.0,4.978136357480318
3181,0.20811626119710258,0.21981509150790135,5.0,4.979199230687916
3182,0.2158543349186901,0.22810275470959773,5.0,4.977193723327353
3183,0.12808034630669685,0.13542745120353428,5.0,4.977487816740949
3184,0.17103951741697077,0.18058803550414826,5.0,4.979278637851277
3185,0.16511135700407098,0.17441976248040736,5.0,4.976735939376669
3186,0.16779492270704743,0.17718270109538192,5.0,4.974363501758212
3187,0.2513106741628002,0.2645872952592687,5.0,4.98530003939698
3188,0.1257429617018222,0.13263246897579783,5.0,4.97939872652573
3189,0.33256552996944677,0.35117259105853127,5.0,4.973471817294461
3190,0.2657170997073306,0.2806969965044539,5.0,4.978267855157634
3191,0.24097159623845865,0.2543206194941987,5.0,4.979950570260652
3192,0.17826072101557622,0.18830908404449986,5.0,4.977501669841624
3193,0.10355738843198559,0.10945205876302277,5.0,4.979879898062203
3194,0.21656207506116498,0.22877931627047232,5.0,4.9777304341657125
3195,0.226239976731627,0.23882217875820544,5.0,4.977750704109409
3196,0.22725690273492716,0.24003676294395726,5.0,4.9787759297672185
3197,0.22642298272773065,0.23877812451739144,5.0,4.979511657931113
3198,0.18513780778539402,0.19584411309983918,5.0,4.979787005279324
3199,0.2589851263834262,0.27352175434990134,5.0,4.97800230550582
3200,0.18000154282016423,0.18979919538076007,5.0,4.9797181324349005
3201,0.3525506004191956,0.3720931941599117,5.0,4.978878698674052
3202,0.11092328286261921,0.11722718908731666,5.0,4.977809317908211
3203,0.14372114518231038,0.15190699063551838,5.0,4.976312834133649
3204,0.2943114234982511,0.3107217388984622,5.0,4.978642369284723
3205,0.12067590160225028,0.1274581840261717,5.0,4.978674033898214
3206,0.16551376347980318,0.17476124149518335,5.0,4.978049738587753
3207,0.10973468914864593,0.11567340969934103,5.0,4.975352523171255
3208,0.29759600935658304,0.31426846136807285,5.0,4.978979320384669
3209,0.24081824784754668,0.2544157612426683,5.0,4.977548943201988
3210,0.20884432547718768,0.22064901372404622,5.0,4.978145493580763
3211,0.12029165671087205,0.12708595051754568,5.0,4.9800338592743465
3212,0.20466657882477657,0.2163007571442297,5.0,4.974546001883482
3213,0.36414616254411647,0.3841582317066634,5.0,4.980536283796644
3214,0.2238926067808742,0.23649208750730621,5.0,4.9799617620375525
3215,0.2300031073607549,0.24312934052564472,5.0,4.976100217998356
3216,0.3471862776878871,0.36647437899787505,5.0,4.979332923562527
3217,0.24334452335797407,0.25690650550256167,5.0,4.97945048868683
3218,0.24219412253796102,0.2553612772149909,5.0,4.983239374823407
3219,0.3739184289529329,0.3949341899357264,5.0,4.975008858127259
3220,0.16084320211029035,0.16989135342727368,5.0,4.977325781022222
3221,0.18281159755159626,0.19331085160162575,5.0,4.974479680593218
3222,0.16578152352242181,0.17518605425291045,5.0,4.978194998901806
3223,0.2243935049275192,0.23696322454092567,5.0,4.978592578079661
3224,0.25339972683928624,0.268332803226937,5.0,4.9762710772092955
3225,0.3450807012580974,0.3647741627640728,5.0,4.981021290851064
3226,0.1898174422285681,0.19995188777054684,5.0,4.977202443040074
3227,0.23005331832364662,0.24294491467710855,5.0,4.9787800647954406
3228,0.20488304165515037,0.2164084439455043,5.0,4.9780799494156724
3229,0.2702779695159707,0.28565089848587677,5.0,4.977360194391549
3230,0.41992260451605,0.4430540034943131,5.0,4.979818713559645
3231,0.23124348194718936,0.2441837972799652,5.0,4.9786751404244
3232,0.18823978963481958,0.19891858232720505,5.0,4.9783889936519365
3233,0.17992692632547547,0.19008596158941793,5.0,4.9775994386609135
3234,0.07242582043882706,0.07640221599925567,5.0,4.976518317053307
3235,0.18788140150654442,0.19854364772746913,5.0,4.978118077822096
3236,0.1584645560469482,0.1674451448235621,5.0,4.977828080298918
3237,0.09478051504578944,0.10011167731256854,5.0,4.979081265006755
3238,0.10367678747715292,0.10937665923794793,5.0,4.981172769855551
3239,0.15346699524798924,0.1619840470922218,5.0,4.981225857453104
3240,0.17937371652741319,0.18948951955275306,5.0,4.978926476156733
3241,0.24363436285326778,0.2571788653682163,5.0,4.979840974859453
3242,0.29831975806105726,0.31458713518041925,5.0,4.983299969247534
3243,0.25203306091951827,0.26654871662017143,5.0,4.97654280956894
3244,0.2590833662109484,0.2741956561183554,5.0,4.973609566778521
3245,0.18008157180496287,0.1901961729119217,5.0,4.9784087571408975
3246,0.1723145959587744,0.1819817117006064,5.0,4.978463442055521
3247,0.17207553590210445,0.1818020987783071,5.0,4.978138237834742
3248,0.12089348294019486,0.12766442154752844,5.0,4.980426373930609
3249,0.29845800272710865,0.31511283336260276,5.0,4.979580904967698
3250,0.41822381039507417,0.44128317484773283,5.0,4.980765741702093
3251,0.27092694727395616,0.28599873216718263,5.0,4.977197895965979
3252,0.18196200845493427,0.19288301043591582,5.0,4.981119834865577
3253,0.23539552204242997,0.24896395342279076,5.0,4.976686070168963
3254,0.2626226140398187,0.2759601960473892,5.0,5.0
3255,0.2867387557230465,0.3028432933882008,5.0,4.978462529434786
3256,0.27450969685916227,0.28979412365889856,5.0,4.981028066084354
3257,0.19890799651303626,0.21012513401678845,5.0,4.977485521717648
3258,0.20557414844327182,0.21695057200248047,5.0,4.980672274413349
3259,0.24576309353654402,0.2594150714414998,5.0,4.979026694829036
3260,0.2987544162750888,0.31555705955419344,5.0,4.977963229226781
3261,0.17071801203300963,0.18038775609129654,5.0,4.978464780955285
3262,0.2390598881804913,0.2520828617344346,5.0,4.977775652338687
3263,0.12604801662246934,0.13328709210208145,5.0,4.980382008518109
3264,0.332927039834777,0.35145145604207073,5.0,4.9784742951508765
3265,0.19788066406415883,0.20931553000269054,5.0,4.97661909388496
3266,0.353813756624193,0.37344249334158164,5.0,4.979232196469328
3267,0.414010329058663,0.4368992618952592,5.0,4.979893001094089
3268,0.21318892810900714,0.22514328494347557,5.0,4.979607067796126
3269,0.10497923052823976,0.11087048150745327,5.0,4.97731199987232
3270,0.2608821042733047,0.27573406064392003,5.0,4.975459174340626
3271,0.26057268251482624,0.27528177927664865,5.0,4.9775538567746125
3272,0.2141624174363943,0.2261699059982818,5.0,4.977673077254581
3273,0.12988474525818416,0.13707482189693176,5.0,4.980509279999188
3274,0.14874231145157468,0.15716456838781312,5.0,4.977612824790034
3275,0.1158031624780429,0.12223701366841588,5.0,4.978968708477822
3276,0.14542783805612092,0.15437504014168701,5.0,4.976286228311846
3277,0.2524695426438337,0.2665841865482268,5.0,4.979753899770003
3278,0.2597498326681278,0.27434986806941275,5.0,4.978547546597429
3279,0.12001687946759043,0.12674076957161007,5.0,4.979112848940597
3280,0.1736451562635417,0.18336649482881584,5.0,4.980320064333705
3281,0.07442246776190897,0.07870619112558197,5.0,4.97818593686862
3282,0.24176543904808012,0.25497767352782974,5.0,4.978262777260838
3283,0.16203885660089568,0.1711136454838098,5.0,4.9796982336132345
3284,0.2261519142164683,0.2388137989942385,5.0,4.97864825840157
3285,0.24943060229405511,0.26348423613295857,5.0,4.9782272901935265
3286,0.2351077573157312,0.2482994377232095,5.0,4.9795706415936
3287,0.20911886405472946,0.2209540718262888,5.0,4.977560775300756
3288,0.29703144465075737,0.3137199137178668,5.0,4.977629406767239
3289,0.2172911856115638,0.2294523430121369,5.0,4.977695611506148
3290,0.39486359191938614,0.41689433401878606,5.0,4.978716087526607
3291,0.19336365617487927,0.20473143844897135,5.0,4.978235614328614
3292,0.15228314569491963,0.16080751490445855,5.0,4.977890247515893
3293,0.22894916126828302,0.24156796997744534,5.0,4.977658865553307
3294,0.21524675856670328,0.22740146593190214,5.0,4.977535825637824
3295,0.2549519675561873,0.269426808225556,5.0,4.977762946871405
3296,0.17708201388782574,0.1871887822819147,5.0,4.975281459485812
3297,0.4276718919356064,0.4514739302856978,5.0,4.977952080726915
3298,0.2551035813995386,0.2693960819747139,5.0,4.978303971933533
3299,0.2812952818221661,0.29711867828513716,5.0,4.981200954069713
3300,0.2431411840647908,0.25662626143260336,5.0,4.980908444898784
3301,0.29926702408936867,0.3160217932115663,5.0,4.976594840845845
3302,0.2798998381570761,0.2953120311184616,5.0,4.981088826031019
3303,0.15606011882311988,0.16477814345826447,5.0,4.979680984707944
3304,0.20692663244690412,0.2183548603258545,5.0,4.980390343838108
3305,0.24262192387851522,0.25585261549631055,5.0,4.979497561364967
3306,0.22357716408332307,0.2357949751649433,5.0,4.982132698523296
3307,0.30922785283482845,0.32589042832371584,5.0,4.982274293409041
3308,0.1914224010350587,0.20197516900410384,5.0,4.981702482683135
3309,0.26943746892133746,0.28520148304241855,5.0,4.973074608183055
3310,0.25837850239411786,0.2728486179700327,5.0,4.976911559139765
3311,0.42824275041578197,0.45230705257906645,5.0,4.97647031039917
3312,0.28537952884366513,0.301355345484825,5.0,4.978158654746085
3313,0.1941219038391211,0.20509602627365098,5.0,4.977175298511423
3314,0.3487892855323236,0.3684880015703147,5.0,4.977160527268927
3315,0.3662206081589976,0.38656014475820255,5.0,4.978500155512622
3316,0.1446693487121853,0.15284922380160304,5.0,4.9777303383748706
3317,0.3725188092918894,0.3934318063089155,5.0,4.976962729841885
3318,0.2197789194612252,0.2318482178802459,5.0,4.982694852896357
3319,0.20090068833434405,0.21218391645056323,5.0,4.977379844977419
3320,0.30326350671339375,0.3201982607590985,5.0,4.97800555592514
3321,0.2620079482955884,0.276602417314032,5.0,4.979876673395793
3322,0.29676176952115974,0.31335947158019084,5.0,4.979356791741534
3323,0.1767815808730797,0.18708535550613603,5.0,4.979393779687005
3324,0.1832264701930737,0.19308985470531637,5.0,4.981449735307111
3325,0.22007496857639208,0.2325750655619494,5.0,4.977649388049503
3326,0.18185522199405724,0.19216711423668187,5.0,4.975981889316632
3327,0.3389322947836848,0.3576956455651592,5.0,4.97874458850923
3328,0.2173306511483959,0.2295681932277569,5.0,4.978689461195884
3329,0.20632022864128952,0.21802347703405234,5.0,4.974505203396227
3330,0.29431580927972734,0.31115834295718425,5.0,4.975964284435257
3331,0.3616192672867271,0.38192954312327854,5.0,4.9786561130296825
3332,0.09663380318412518,0.1020312497734841,5.0,4.979525443698849
3333,0.3854227304251052,0.40743708189720484,5.0,4.9739928248946
3334,0.20353850020990638,0.21501147184208436,5.0,4.97803547295808
3335,0.22562896933516652,0.23821858644225036,5.0,4.979832792717653
3336,0.2157924114750418,0.22669336323168987,5.0,5.0
3337,0.08413690396838436,0.08840320416589131,5.0,4.974171310372899
3338,0.2886509111592399,0.3048898391775168,5.0,4.9780751960171
3339,0.16534434676495535,0.17456034114325591,5.0,4.978072960719047
3340,0.23978182403768744,0.2533535776136546,5.0,4.977648649617006
3341,0.2794305952272109,0.2953191534953903,5.0,4.976411467852202
3342,0.2838844812018997,0.3001361978984547,5.0,4.980800117367918
3343,0.32049774273452747,0.3383712300369335,5.0,4.9793050261380944
3344,0.08146923535013562,0.0859939909024412,5.0,4.978811937497918
3345,0.2150278914791932,0.22710038392174559,5.0,4.9741613975246946
3346,0.24924752462007937,0.26355276161760677,5.0,4.976918461007154
3347,0.15271794506599456,0.16116518304898797,5.0,4.977909510592555
3348,0.12649859719741197,0.13357147959203552,5.0,4.977756700960878
3349,0.27239102049352537,0.2873096634271861,5.0,4.980781999952617
3350,0.281418096649686,0.29708149728904076,5.0,4.978214998967028
3351,0.2081192964201306,0.21987830464591673,5.0,4.97709865598563
3352,0.22181399933484425,0.23428477398804626,5.0,4.979623598902672
3353,0.2337972523070071,0.24685422101554622,5.0,4.976639237952991
3354,0.25512186253293745,0.26941216951839553,5.0,4.975675716090242
3355,0.20010711237345236,0.21142864807550477,5.0,4.973131621587719
3356,0.21023636695534043,0.22222779014773586,5.0,4.976567435756385
3357,0.2657037062585288,0.28062887331538544,5.0,4.980724912121959
3358,0.2615317707297149,0.27600047681433515,5.0,4.979629675617723
3359,0.32681953888993065,0.3452485772816023,5.0,4.977537125336449
3360,0.1417466499030915,0.14955936429003258,5.0,4.980027018946007
3361,0.1489986394250471,0.15750322581874876,5.0,4.977928059304828
3362,0.27231352766354955,0.28765509023170943,5.0,4.976383892385581
3363,0.34801844812320715,0.36768750982670717,5.0,4.976295539841598
3364,0.23695964143074977,0.24997572314889616,5.0,4.977628045490681
3365,0.10748236901289454,0.11365634074378317,5.0,4.978275150361053
3366,0.17349359503314288,0.18304941490755833,5.0,4.981044989706875
3367,0.26499436939516907,0.27973969804373167,5.0,4.980376853568469
3368,0.11112205063844205,0.11736421640407957,5.0,4.980238038825435
3369,0.24683275458261789,0.2605967932678803,5.0,4.980020145651505
3370,0.2260066082408394,0.23864406535035854,5.0,4.978879059467731
3371,0.22089640960065804,0.23318632665807248,5.0,4.979492464513413
3372,0.19564847894329374,0.20751313279640904,5.0,4.9783627047401335
3373,0.22396022442607144,0.2366129805496484,5.0,4.977829405884382
3374,0.35207576230137483,0.37172058193946445,5.0,4.980232209168616
3375,0.17591307092889985,0.1858371820189595,5.0,4.9793814383437685
3376,0.17279123452368927,0.18248696387004082,5.0,4.977104387406408
3377,0.3469105683835312,0.3664261649233642,5.0,4.976465518334194
3378,0.28130087299424766,0.2972581485732926,5.0,4.977266545467867
3379,0.2888388913577198,0.3048949907877534,5.0,4.979031762066617
3380,0.22502695433045194,0.237672445705007,5.0,4.975279896849676
3381,0.2724859121058556,0.2876786332568586,5.0,4.978898804775351
3382,0.24229969124654827,0.2560071527517025,5.0,4.976723611629357
3383,0.32344681144426013,0.34169324616524843,5.0,4.976591856158761
3384,0.13759753120831308,0.14503167928081573,5.0,4.980575397125371
3385,0.1791255174328532,0.18917940240611597,5.0,4.979189521310046
3386,0.1636607292442851,0.17301689940006404,5.0,4.979608342378006
3387,0.1482152451510348,0.15661047457958,5.0,4.977866630511709
3388,0.2359368019064143,0.24902445742373414,5.0,4.9785014027967645
3389,0.16322289089178565,0.17241836756598272,5.0,4.9770445608823
3390,0.3039257914321243,0.32144535064107593,5.0,4.975390595148506
3391,0.2991641735269772,0.31615080989163036,5.0,4.983865797784777
3392,0.2392414443613209,0.25246512206849725,5.0,4.980064647724456
3393,0.29971525590956083,0.31449240847282844,5.0,5.0
3394,0.16759186225769906,0.17701619497291832,5.0,4.978974596990415
3395,0.2705874583867254,0.28586675609029744,5.0,4.977341289371884
3396,0.23989253784690256,0.25361064858257265,5.0,4.975413336016272
3397,0.37306703752492476,0.39413568666098,5.0,4.975595398965202
3398,0.3176722233267355,0.33518506396160896,5.0,4.98043178861499
3399,0.3413525856396544,0.36043148688669513,5.0,4.9770585529210365
3400,0.4241107380989244,0.44774862357623646,5.0,4.9778346209631685
3401,0.2370571573623934,0.2502460394794883,5.0,4.981262031283968
3402,0.18035785705911822,0.19033162220786304,5.0,4.978900516338687
3403,0.08692445896996692,0.09185733567663346,5.0,4.9793694174940395
3404,0.18746544720227432,0.19798444684737349,5.0,4.980801087597664
3405,0.22462852116885412,0.2373077109500159,5.0,4.976661992052751
3406,0.12961645970684144,0.13693857547815158,5.0,4.980205112467342
3407,0.2718333016199195,0.28714583117424053,5.0,4.9754000633829065
3408,0.17189958830863206,0.1814936121802757,5.0,4.979667989971537
3409,0.10618442893886537,0.11292338837430149,5.0,4.9775416368291925
3410,0.18961185782546242,0.20040953677137652,5.0,4.976501579357784
3411,0.3282884108572406,0.3464882633210049,5.0,4.977929039194038
3412,0.16108918195603872,0.17025468192256032,5.0,4.9787157007162985
3413,0.30429800991360434,0.321428164810998,5.0,4.976384943485295
3414,0.1286582366843183,0.13593462415939483,5.0,4.979805251829914
3415,0.27878430790790576,0.2944994874053368,5.0,4.984743812542494
3416,0.15856122464253564,0.1675205159332327,5.0,4.981111721410247
3417,0.21638229894402872,0.22868557692619929,5.0,4.978269212675013
3418,0.2271080786212396,0.23995056582962282,5.0,4.979285018326918
3419,0.3093725488876631,0.3266144097126349,5.0,4.980151510544397
3420,0.18257063056788647,0.19278732211950267,5.0,4.978656732124014
3421,0.24500367379449317,0.2584797135480006,5.0,4.981908713938932
3422,0.15013818995934125,0.15855108240631344,5.0,4.980178570622256
3423,0.22594091880724232,0.2387350173652294,5.0,4.975465026269257
3424,0.2753269671110523,0.29074233930177296,5.0,4.9788999006498
3425,0.12754133967798942,0.13557392189696205,5.0,4.977616482790053
3426,0.2626609295424054,0.27742962916988967,5.0,4.977427229212745
3427,0.20875724936194295,0.2205340574842236,5.0,4.978100486899528
3428,0.2021669805619939,0.21326696068267892,5.0,4.981430299941243
3429,0.13178842121594925,0.1391280826128305,5.0,4.9774366552288285
3430,0.34371370258266687,0.36254188629752826,5.0,4.97880506683658
3431,0.21496533185636335,0.22689640337661898,5.0,4.977442943489612
3432,0.23662342790577773,0.2497716920091373,5.0,4.978941716043188
3433,0.12484520693912526,0.13164336961063539,5.0,4.981589652276055
3434,0.3131355233361537,0.3304260026142065,5.0,4.9787306499422535
3435,0.2585551017983423,0.2727781441114314,5.0,4.979267318394207
3436,0.16280431055576727,0.17174709826723977,5.0,4.980529445021116
3437,0.08865228936822245,0.09356045767792875,5.0,4.978314149889513
3438,0.16158421184248417,0.17054148464860752,5.0,4.9796699700030445
3439,0.21488262575280292,0.2266586303947089,5.0,4.980055351924406
3440,0.14499580377409504,0.15292960942794753,5.0,4.97977345936869
3441,0.23091305925211736,0.24368581584656868,5.0,4.97867070791405
3442,0.2034963841299391,0.21451573402374713,5.0,4.981930906967973
3443,0.10300863926437298,0.10889146318314658,5.0,4.975391787540966
3444,0.22104946063607378,0.23323082513139148,5.0,4.978497894931051
3445,0.22702725493183218,0.23916565157496184,5.0,4.982044100945684
3446,0.1742706766878701,0.18375696382295503,5.0,4.97955116118864
3447,0.1242087955139266,0.13109247235827026,5.0,4.977497518653209
3448,0.3110109264948069,0.32820311881722297,5.0,4.978875437135164
3449,0.25458522928487004,0.268714007170352,5.0,4.978120582974475
3450,0.24746236256861942,0.26123827852989634,5.0,4.980483649885619
3451,0.2049602222418947,0.21627451165619305,5.0,4.979266689016164
3452,0.1466876127240171,0.15486054718207987,5.0,4.978179722176703
3453,0.35713939396390204,0.37674775566178464,5.0,4.978040532706229
3454,0.3070455014949649,0.32354753651444246,5.0,4.981766425467429
3455,0.2748847666697969,0.29013171264760396,5.0,4.978897703371006
3456,0.313170698814369,0.33060393340524996,5.0,4.9772888286458805
3457,0.25486695662464953,0.2689663420659374,5.0,4.979919781627098
3458,0.321679483896955,0.3393107754185132,5.0,4.979327070426605
3459,0.10569924032430555,0.11154161238973681,5.0,4.979840177212935
3460,0.1807444919256216,0.19074784334345085,5.0,4.979424459180146
3461,0.2954569859127745,0.30954089627646786,5.0,5.0
3462,0.12711682231271793,0.13411257097595253,5.0,4.97885664645044
3463,0.32846076514153943,0.3465429202067978,5.0,4.976787802663845
3464,0.1429243552854096,0.15070710053461633,5.0,4.980686914257895
3465,0.20153945194895395,0.21290396275821366,5.0,4.978050340395441
3466,0.1736548076940927,0.18342470852517856,5.0,4.977675549004239
3467,0.12595958470308033,0.13301634268492912,5.0,4.97925087750823
3468,0.20352130125034207,0.21471760947405283,5.0,4.979205432852805
3469,0.35302823356691126,0.37242980312247176,5.0,4.977351620718933
3470,0.2622426329504106,0.27670476316168147,5.0,4.980486330838891
3471,0.2935941788532581,0.3093298986597435,5.0,4.982766935745682
3472,0.26425175575680293,0.2789845115851577,5.0,4.979479119690495
3473,0.33029397471579913,0.34870668774768565,5.0,4.979106030970906
3474,0.3108031395782307,0.32801584338602474,5.0,4.977927592779965
3475,0.25880459100173425,0.27349722690885137,5.0,4.976901945045551
3476,0.2823905522944914,0.29804499658589023,5.0,4.978229871922872
3477,0.23626047021401653,0.2493161474450305,5.0,4.978602673225874
3478,0.26305995595204834,0.2776873176744721,5.0,4.979212163922853
3479,0.2106036293890159,0.22220976093252687,5.0,4.9805357175634235
3480,0.3208461673258931,0.33820058794537955,5.0,4.981121513510249
3481,0.14064643053366588,0.14841076251069052,5.0,4.9790005394499115
3482,0.18101468513951247,0.19119575657895682,5.0,4.976830295128645
3483,0.16006447168663263,0.16875414995591598,5.0,4.977940170750124
3484,0.2805691977826468,0.2959793921285794,5.0,4.980057921909724
3485,0.28828460334916706,0.3039805897789065,5.0,4.979935271175044
3486,0.23950475786940073,0.2526248679598826,5.0,4.979274834544691
3487,0.31606530582662606,0.33344855302390886,5.0,4.978028687282565
3488,0.18979812287007247,0.20034988875790516,5.0,4.978773010951603
3489,0.08887875624393438,0.09380412621612533,5.0,4.980640410351906
3490,0.07695725541879606,0.08094663220009402,5.0,4.980814826662607
3491,0.3105739989191989,0.32795516348020626,5.0,4.976796369085328
3492,0.1470320075783913,0.15490117399156622,5.0,4.979648816829458
3493,0.14950051646853568,0.1579477472181905,5.0,4.979440259664321
3494,0.2156049125853654,0.22758180561668873,5.0,4.978241794856553
3495,0.3113963847210022,0.3286044954264442,5.0,4.978016904283331
3496,0.24041951679846263,0.2538484896714801,5.0,4.976720266127277
3497,0.17292344886436384,0.18246918739947748,5.0,4.980370852248308
3498,0.3688476487611012,0.38996557770578666,5.0,4.976511072111016
3499,0.1432396673173002,0.1512243241322213,5.0,4.977943488556509
3500,0.19357661076254917,0.2042825968837627,5.0,4.978268919703854
3501,0.1161877848401962,0.12268760161442271,5.0,4.9808852487257305
3502,0.2381708321007232,0.2511927797129734,5.0,4.979407691906141
3503,0.2198848248072811,0.232116503730033,5.0,4.977017025998496
3504,0.24796523084086042,0.26153635623988913,5.0,4.9784979591833345
3505,0.2326932166546427,0.24568639766073197,5.0,4.979550684728515
3506,0.05719011683201525,0.060429075757467476,5.0,4.979790571586191
3507,0.2278136772371333,0.24028683720921284,5.0,4.979363621235757
3508,0.2826432164306749,0.2981867306612749,5.0,4.979416573480764
3509,0.16360420029168332,0.17256420218100055,5.0,4.982946997990467
3510,0.17463239428199362,0.1843743796589905,5.0,4.978623935694371
3511,0.17747753708566782,0.1874944217695238,5.0,4.979091346193609
3512,0.22218899308959927,0.23435628640766248,5.0,4.981290679300923
3513,0.17881807205367162,0.18871396000468454,5.0,4.977832851831323
3514,0.2776214092833835,0.29145417106321836,5.0,5.0
3515,0.1433949088667743,0.1513859366964465,5.0,4.978936090543442
3516,0.37942346544374494,0.4003149402306587,5.0,4.978441543507666
3517,0.10243968831811467,0.10854236967144981,5.0,4.981580952632054
3518,0.24988965276787778,0.2637773524328666,5.0,4.978841505410578
3519,0.2917229323505357,0.30826100171976334,5.0,4.976838474598502
3520,0.2589228898086595,0.2732501509424554,5.0,4.97916462534894
3521,0.17162151230049982,0.18142410726557912,5.0,4.977107907209497
3522,0.2888209064417191,0.3048222143258985,5.0,4.978717885466626
3523,0.2959335241309571,0.31268589962635884,5.0,4.975337810628648
3524,0.2849011649344291,0.3004793617676138,5.0,4.9792496713871515
3525,0.21385405873210783,0.22541385058960572,5.0,4.981095602693841
3526,0.12164501485816515,0.12855274447864207,5.0,4.977389055789594
3527,0.20110424183577336,0.2121983342835172,5.0,4.978685029043168
3528,0.18849101221749098,0.1989022346267939,5.0,4.978804580993126
3529,0.12754506796794662,0.13461636215453798,5.0,4.980061186787816
3530,0.17287738255587404,0.18148177248213515,5.0,5.0
3531,0.24838674218671253,0.2619698490659008,5.0,4.9803211097227695
3532,0.2073377884615244,0.21860637885443612,5.0,4.980496139372921
3533,0.2776592423632691,0.29312795005365255,5.0,4.977883523766398
3534,0.25544620236201787,0.2695867415327886,5.0,4.979569446907801
3535,0.27742934260314445,0.29286114585402734,5.0,4.97727114131604
3536,0.20853244452662967,0.2194757618238068,5.0,4.978294720386263
3537,0.45634230150191435,0.48145174153270576,5.0,4.978250943279781
3538,0.25640740222008973,0.26999206098079065,5.0,4.978479478119233
3539,0.3813587149545399,0.40263248982045674,5.0,4.972443528785293
3540,0.240885963249176,0.2540442870897359,5.0,4.9798039873854805
3541,0.22822804752601877,0.24063299822556128,5.0,4.980950157365749
3542,0.24333147849469428,0.25661123318248436,5.0,4.981056506468731
3543,0.3025992955074128,0.3192878588770316,5.0,4.979124999613571
3544,0.39413688658401247,0.4158463803206973,5.0,4.978153556416407
3545,0.2327835698537053,0.2455564041818219,5.0,4.980707886845561
3546,0.20805501976525353,0.2195289684305839,5.0,4.978608560235616
3547,0.2295431657002791,0.24223312322112522,5.0,4.977810099990947
3548,0.3863645853112929,0.4078870462520914,5.0,4.977639831724527
3549,0.11338703613023848,0.11902581794234668,5.0,4.980002942101169
3550,0.20324537520769104,0.21439489357106867,5.0,4.977187005492487
3551,0.2345703281797944,0.24853242606351,5.0,4.977080349848153
3552,0.3397828535646381,0.3583777693918244,5.0,4.97886358015462
3553,0.22769376165669963,0.2402995602926261,5.0,4.978230936525652
3554,0.27791945905231086,0.29330818337486875,5.0,4.977589198776409
3555,0.39814607295915105,0.4194895880492313,5.0,4.98229746738569
3556,0.20062575907388003,0.2116029105692956,5.0,4.981595362816993
3557,0.30323398256450496,0.3200405810752447,5.0,4.9776965066932455
3558,0.33905778095108063,0.35790191835463503,5.0,4.978530633520064
3559,0.17817395802112013,0.18817426091260425,5.0,4.979712836746009
3560,0.24187097451006134,0.25543557768565495,5.0,4.976682856322512
3561,0.1681086039934938,0.17748847052558125,5.0,4.979014973786535
3562,0.22295645287458998,0.2351116869900025,5.0,4.979222377758177
3563,0.1784935216148773,0.1884276256355797,5.0,4.978854385793108
3564,0.253256326814409,0.26743809760962334,5.0,4.977379669972182
3565,0.2936479478734686,0.3098008691282843,5.0,4.9789424616717515
3566,0.2655214869188298,0.28020048903685435,5.0,4.978800953411069
3567,0.33073588843741475,0.34911865251283913,5.0,4.977031381634323
3568,0.21269558601434846,0.22433335833950663,5.0,4.9816321293065435
3569,0.3656185579000737,0.3851540635716779,5.0,4.978136518141536
3570,0.15725671936386965,0.16580825653518927,5.0,4.9782249716648685
3571,0.2232323359718873,0.2355269105337976,5.0,4.98031269141201
3572,0.24271683504904007,0.255835799567498,5.0,4.9828286021164825
3573,0.25344953554729366,0.26728936519460933,5.0,4.979079918224931
3574,0.3136415094991787,0.33121072983245226,5.0,4.9752230205175785
3575,0.12472591067558092,0.13162272262550334,5.0,4.980288544541249
3576,0.2604213533635751,0.2750093479684488,5.0,4.9796179185895095
3577,0.07907608069921657,0.08346359546817728,5.0,4.978816907738626
3578,0.2813079307667836,0.29687922743519013,5.0,4.97793257811054
3579,0.23085605607563142,0.24360629215091256,5.0,4.978514875668401
3580,0.2988287036784383,0.3153126830023065,5.0,4.980061841569228
3581,0.2198979561349772,0.23232668452449934,5.0,4.976250194600791
3582,0.1463009607143375,0.15445873018195266,5.0,4.979880544956785
3583,0.27997985243471635,0.29576721833356356,5.0,4.977221745009448
3584,0.2739170856054942,0.28956230709659114,5.0,4.973102765042539
3585,0.208735564344962,0.220092433828581,5.0,4.980619745534547
3586,0.22338970965432958,0.2356898136333534,5.0,4.979139417157414
3587,0.20357192579108951,0.21466229695890227,5.0,4.980408167307795
3588,0.41411424672368047,0.43666351565378525,5.0,4.97912586262383
3589,0.39815390501299674,0.42035547543809604,5.0,4.976033269701121
3590,0.14083774777749403,0.14844694722656726,5.0,4.9818078817098055
3591,0.17340046168684387,0.1828003090428525,5.0,4.982077144189168
3592,0.18646992617640978,0.19729717286590454,5.0,4.978695073561772
3593,0.22879091383167394,0.24144826217608872,5.0,4.976360054145523
3594,0.16750358220375006,0.17663899662060545,5.0,4.980074892577324
3595,0.13623332417713674,0.14392985066654962,5.0,4.977025881061632
3596,0.1998114164715208,0.21070249940892927,5.0,4.979456053335438
3597,0.14255493650281292,0.15047514807093942,5.0,4.978599835825408
3598,0.2512858644163072,0.26517776741275934,5.0,4.9793402628481065
3599,0.1638028463141623,0.17266815770210298,5.0,4.979838849370148
3600,0.34488999779961627,0.3636257852000335,5.0,4.980804542717694
3601,0.12360598250018762,0.13038645514314418,5.0,4.980085749367857
3602,0.15613053439153912,0.16480268744574778,5.0,4.9767707276510365
3603,0.1658086711277318,0.1748462001340232,5.0,4.980936242284848
3604,0.1300711603082647,0.1373487859049478,5.0,4.977988353275
3605,0.28082587917994295,0.2964733093413965,5.0,4.975856613924998
3606,0.2309224338668867,0.24370529793109053,5.0,4.979178269796485
3607,0.22152799847003024,0.23391130920418002,5.0,4.977787776046112
3608,0.1363136213419498,0.14384249640265478,5.0,4.981255834541578
3609,0.24393609119894522,0.2573963020525234,5.0,4.977673160982734
3610,0.09876403553619384,0.10369777516560985,5.0,4.9819840621761635
3611,0.36195987648889383,0.3820847941271581,5.0,4.97725649241306
3612,0.15532544382904834,0.163635801598367,5.0,4.98152834161246
3613,0.2373392886025849,0.25035533477092464,5.0,4.979277460357565
3614,0.20936434066645937,0.22092549713032805,5.0,4.979800478053491
3615,0.2683971157499909,0.283247853962997,5.0,4.977880576979086
3616,0.17641768525006274,0.1863565322729901,5.0,4.977459617055731
3617,0.18800745576581557,0.1984622527149551,5.0,4.9787984850730815
3618,0.18128670247560352,0.19154211852068737,5.0,4.9767269047193174
3619,0.2427275418330368,0.25609386238401455,5.0,4.978719302751271
3620,0.18967778103550215,0.20005258685895133,5.0,4.9794503822843605
3621,0.3038906166082487,0.3205702814183333,5.0,4.979933716243412
3622,0.23754006666807492,0.2503041801688892,5.0,4.982797835286554
3623,0.16213799162870401,0.17100359424219058,5.0,4.9799700131684155
3624,0.18335115185738626,0.19344594668681925,5.0,4.978764609325621
3625,0.36539076193601394,0.3855726159848263,5.0,4.9781719415064885
3626,0.3913990758891577,0.41300915946481576,5.0,4.97704445939446
3627,0.17147675507375504,0.18073012693648915,5.0,4.9796723609622795
3628,0.14490586516932225,0.15307112750765528,5.0,4.977609584733562
3629,0.08980056288893645,0.09466434308764726,5.0,4.98032717098452
3630,0.23040326325708516,0.24325898791418843,5.0,4.974968922133671
3631,0.172778797507932,0.18237221258280245,5.0,4.981007896722511
3632,0.2312124963520803,0.24440762435416064,5.0,4.9746911753402046
3633,0.21335489048465917,0.22509512738167103,5.0,4.9769046224308156
3634,0.17130878323071386,0.1807852474075775,5.0,4.979451786496467
3635,0.1430461540583976,0.15096064124658004,5.0,4.979860633148183
3636,0.10757955657335949,0.1138446128059738,5.0,4.977328110093238
3637,0.12804990742026523,0.1349415596452812,5.0,4.975949694866939
3638,0.20325227041895877,0.2144014161785961,5.0,4.978893802820252
3639,0.24937379209010202,0.26324327781849055,5.0,4.977663651952007
3640,0.20404403042143926,0.21482088749782147,5.0,4.983812200763671
3641,0.2209058794660641,0.232799038309764,5.0,4.98200160681554
3642,0.19508456045459033,0.2057863053650255,5.0,4.97827645742233
3643,0.23421615094024828,0.24713247864642462,5.0,4.979659506304168
3644,0.18115869382447114,0.19132682327456885,5.0,4.978660139338311
3645,0.23508707859196942,0.24828095343728274,5.0,4.978108618900805
3646,0.23620101371203073,0.2492816123029633,5.0,4.9773370976372355
3647,0.16583488375866473,0.17541220895978094,5.0,4.981538919352788
3648,0.3919042516638487,0.41365460493557715,5.0,4.9770190963322225
3649,0.09988188156794431,0.10502760595763094,5.0,4.977756490747449
3650,0.26370795087486076,0.27816220356883825,5.0,4.97963959240753
3651,0.21165721197788945,0.2234783244239742,5.0,4.975933608974721
3652,0.1932643486872061,0.20387184447375883,5.0,4.9790954899923
3653,0.19386197408283534,0.20457323764997826,5.0,4.9792942499841075
3654,0.2394195548739182,0.25287427268879203,5.0,4.978507874903055
3655,0.20827649378530388,0.21943721117951487,5.0,4.981109381313198
3656,0.29394364781087123,0.3102272756049662,5.0,4.978268302377575
3657,0.3317523072848567,0.3501711689203775,5.0,4.976874395344195
3658,0.2474672006743326,0.26111900963739854,5.0,4.980107717324467
3659,0.2567839158244978,0.27088529153358354,5.0,4.980027026114229
3660,0.19418556203647852,0.2049766299892557,5.0,4.978687014448804
3661,0.16708447332467835,0.17493429856363307,5.0,5.0
3662,0.1404733729641825,0.14839461970415613,5.0,4.979160851261728
3663,0.2822974138088188,0.29569854031111054,5.0,5.0
3664,0.25419855469843156,0.26817460093859635,5.0,4.979334967565334
3665,0.2540816464105675,0.26796858783798894,5.0,4.980604758710898
3666,0.30768724102407785,0.32409605174262013,5.0,4.983156152608084
3667,0.17901477244843167,0.188996386012122,5.0,4.977542497937941
3668,0.2189249955713306,0.23091203404744953,5.0,4.978808684581022
3669,0.2844320239593998,0.3001312548363779,5.0,4.980424646191306
3670,0.4158142493243906,0.4387132364689641,5.0,4.9784060404907216
3671,0.22575871478663267,0.23819515226552368,5.0,4.978407031233196
3672,0.26808602927365,0.2825836439643039,5.0,4.981220248258609
3673,0.2669318170133257,0.281450981404197,5.0,4.980967582357101
3674,0.23242655233142862,0.24472104034016962,5.0,4.980080865146235
3675,0.35691869428773493,0.3767422257927586,5.0,4.974903498347558
3676,0.20493057864882847,0.2163125073494503,5.0,4.979478465773948
3677,0.2751692549621916,0.29046442321611043,5.0,4.978802617947604
3678,0.22098553340405447,0.2329927031031198,5.0,4.9817740758039175
3679,0.18125438882967249,0.1914739178373861,5.0,4.976399753720786
3680,0.2405224195476403,0.2541275428966523,5.0,4.975292490354644
3681,0.11671306505777723,0.12308233996417828,5.0,4.979793808430042
3682,0.27932464252515565,0.29457112397006524,5.0,4.981012847848891
3683,0.14874035499959293,0.15679106654720054,5.0,4.980316737676054
3684,0.20861902924574394,0.2203378081348526,5.0,4.980835569696005
3685,0.09373167402518168,0.09930882703946287,5.0,4.979634860681683
3686,0.12539385351148025,0.1324315247048835,5.0,4.978739393186
3687,0.2776425570126895,0.2928672015426321,5.0,4.980982488693142
3688,0.506511905213576,0.5340747742824177,5.0,4.978191144933959
3689,0.21797637838578754,0.23013569369679776,5.0,4.978259033182075
3690,0.3135416861535787,0.33071595533157283,5.0,4.980110022971127
3691,0.40946273483939466,0.43144760637001967,5.0,4.981444521033103
3692,0.24665526543010552,0.260349487061345,5.0,4.9772558432708625
3693,0.14342745179012795,0.151310998407318,5.0,4.980719641561349
3694,0.18970209200851662,0.20011226127577642,5.0,4.978779567895062
3695,0.24905951851106511,0.26277595333008397,5.0,4.979510063520189
3696,0.29442174146324396,0.31070228886375695,5.0,4.978230459555455
3697,0.3118901874527624,0.3294696919256339,5.0,4.975732786776863
3698,0.28285558240804876,0.29831900420368784,5.0,4.979978349306116
3699,0.19223986967101792,0.20251725792785136,5.0,4.98069335604348
3700,0.18407244989386862,0.19442755332135042,5.0,4.974983267416047
3701,0.09929410064459532,0.10487209338051917,5.0,4.9796423496051645
3702,0.15300341924736216,0.16227904972292606,5.0,4.9784458526745645
3703,0.15031059070814323,0.1585921659388836,5.0,4.98094117541827
3704,0.21244838709210012,0.22432786917027703,5.0,4.97790848176634
3705,0.1380083455197565,0.1456124409814592,5.0,4.981549011502722
3706,0.18870263472804627,0.19915827984951595,5.0,4.98007930782447
3707,0.4378400483013314,0.46191032520526676,5.0,4.977628487948458
3708,0.2282753003488327,0.24075257056074273,5.0,4.977375650918585
3709,0.33247635396917374,0.350605754858061,5.0,4.980064813813909
3710,0.15746877888190536,0.16603605989823156,5.0,4.977438910465715
3711,0.316895976218438,0.3343911416691887,5.0,4.978996968046676
3712,0.2798227809999245,0.29502638251197166,5.0,4.9805812137456495
3713,0.17385367831975507,0.18397354302125724,5.0,4.97783362694145
3714,0.32863551724888196,0.3469920190253699,5.0,4.977599801159753
3715,0.24334539534820543,0.2567476657170109,5.0,4.980185289853676
3716,0.28388622580070955,0.2994522278776022,5.0,4.980303877427197
3717,0.11590690298977369,0.12198975780778443,5.0,4.980319271506639
3718,0.2838690731035576,0.29953944074956307,5.0,4.977570839109324
3719,0.24552427695996082,0.259469288741065,5.0,4.979069068794333
3720,0.13076619557311941,0.13819995682755004,5.0,4.981359509710517
3721,0.3079586092587365,0.32530840769015557,5.0,4.975052022033157
3722,0.24335993198898476,0.25671731925853125,5.0,4.979469868592021
3723,0.2097018520291396,0.22132527135935942,5.0,4.9796683406890985
3724,0.347987741848488,0.3668217777849063,5.0,4.980172106643135
3725,0.20064730540668707,0.21170865547044349,5.0,4.979486574933558
3726,0.12561763319402153,0.13243625982556417,5.0,4.97978741110729
3727,0.1656669422910324,0.17500761843043589,5.0,4.977095234492186
3728,0.33845023868028123,0.3573403613755164,5.0,4.977319879684066
3729,0.2839870526491657,0.2997501611601663,5.0,4.97677612348113
3730,0.246758013790505,0.2599286215996499,5.0,4.977690358989557
3731,0.3022847815798002,0.31884847956897167,5.0,4.980246566916868
3732,0.22382215185468524,0.23606240800602163,5.0,4.977733637724047
3733,0.24318343811705456,0.2566311972328992,5.0,4.977236022777216
3734,0.19863586304579584,0.20969828213914887,5.0,4.977520847374981
3735,0.15987295142486446,0.16872833266537035,5.0,4.978785432377322
3736,0.2912487404188979,0.3071590136823372,5.0,4.979919641829165
3737,0.09559289044628283,0.10087757364182237,5.0,4.978432829788453
3738,0.2455750253704314,0.25898067453164786,5.0,4.980760208673294
3739,0.2817677027547796,0.29764501701142176,5.0,4.980550751588488
3740,0.21488733543009753,0.22684377534967726,5.0,4.9783607218500325
3741,0.19254943320350448,0.20329538793058655,5.0,4.978876600256008
3742,0.17385090895043387,0.1834393607498932,5.0,4.980115767927122
3743,0.24578992934166877,0.25954535874154283,5.0,4.977753035921824
3744,0.3390658937683222,0.3578579870850178,5.0,4.977926458688264
3745,0.1866835842535599,0.19693775491376764,5.0,4.979689781365657
3746,0.3864462845727812,0.40773047300163734,5.0,4.976760975731862
3747,0.15985530904027945,0.1687665139704182,5.0,4.980735101428255
3748,0.19732671751439268,0.2087105982881272,5.0,4.983741057966178
3749,0.19831724726205868,0.20918174799781664,5.0,4.9814240996464765
3750,0.1257072035989697,0.1328273330873282,5.0,4.979438283924775
3751,0.1465286656931597,0.15471928705727422,5.0,4.980473982305167
3752,0.14802212516031954,0.15603043244179893,5.0,4.981473280162563
3753,0.16004659377903474,0.1690636699727659,5.0,4.9790351973807745
3754,0.1718507946676513,0.1809534647230029,5.0,4.983838142264361
3755,0.22139105182178853,0.23378062547886458,5.0,4.973951474484011
3756,0.22691924003247754,0.23942452539358983,5.0,4.977557668357209
3757,0.3031686959586193,0.32008303095584023,5.0,4.978115009785622
3758,0.1059669373917993,0.11187199214898524,5.0,4.976586286617195
3759,0.3047602308726727,0.32170705224859497,5.0,4.977696023017177
3760,0.19253861251278148,0.2025589385216393,5.0,4.977600897671657
3761,0.2473721249169445,0.2611072376756647,5.0,4.977297644170582
3762,0.3196979684111305,0.33628431363365174,5.0,4.976436978962555
3763,0.1772960359235951,0.18699185707958854,5.0,4.980402329828184
3764,0.17177613429853422,0.1804802471565241,5.0,4.9845229424878035
3765,0.2551433043895672,0.2693982131623336,5.0,4.976832607314634
3766,0.13669887737103137,0.14420619589953,5.0,4.9777046714454265
3767,0.2721537980657114,0.28742537691045844,5.0,4.978926701125355
3768,0.09008865006495026,0.0954882275143436,5.0,4.978471691246407
3769,0.20483520676837474,0.21615502284909804,5.0,4.979690475339442
3770,0.20488909212907047,0.21618213706226475,5.0,4.977774506874972
3771,0.13391323017587098,0.14136513152411756,5.0,4.979804609470415
3772,0.21162329107289346,0.22325485138913237,5.0,4.9797072605974435
