,Initial_Stress,Final_Stress,Initial_s0,Final_s0
0,0.2826305478269877,0.3436730555122798,5.0,4.915762136220554
1,0.3123426196285015,0.3784601422971101,5.0,4.921604379314939
2,0.23490895877163265,0.28413939766485696,5.0,4.910190542690662
3,0.21408702611737462,0.2598842709230804,5.0,4.925807732502427
4,0.08202321085483022,0.09902081064042623,5.0,4.923200820024336
5,0.3863922367905608,0.47013505657912225,5.0,4.907772699849691
6,0.25515867602211184,0.3091270618251658,5.0,4.926790351982566
7,0.2787404094866721,0.33894636065262573,5.0,4.911675299120635
8,0.34615604590054305,0.421161513419265,5.0,4.909402093371975
9,0.22948110648449194,0.2787836241174959,5.0,4.916610008481017
10,0.22414277254066772,0.27336756592363254,5.0,4.918907602303504
11,0.15309950374647974,0.18655238219560322,5.0,4.9180346839553035
12,0.4096732018800848,0.49644951663976244,5.0,4.92206322788312
13,0.23086295508754384,0.280804024935027,5.0,4.917521304933201
14,0.19590495718959655,0.23883826895989757,5.0,4.8952422621246505
15,0.14008843299594043,0.1702586390262686,5.0,4.922168795930464
16,0.20937027724624735,0.2546172703721552,5.0,4.919218743451221
17,0.3521897268608558,0.42791448975505597,5.0,4.916594158190835
18,0.1307251543489043,0.15792558502372733,5.0,4.9277927211150185
19,0.2238607779213324,0.27139017920765274,5.0,4.929049340234375
20,0.13545782951123342,0.1650698311236949,5.0,4.913191392093825
21,0.21292781984906894,0.25926803367733986,5.0,4.899012477866513
22,0.3861351415972698,0.4636283702207409,5.0,4.943964953702249
23,0.26067698009877804,0.31639928739375733,5.0,4.92325552721101
24,0.16673664232380903,0.20295925529436754,5.0,4.919402467363714
25,0.2980213663721807,0.3633686170742654,5.0,4.919814075194928
26,0.17063946263033491,0.2073691341818349,5.0,4.918218639482124
27,0.36085066268508914,0.4379073505716846,5.0,4.915685821469324
28,0.2484966212354387,0.3017246021903375,5.0,4.921626353123161
29,0.18772584344215582,0.22887247085229934,5.0,4.9106579625405455
30,0.2481567416393422,0.3040093772139201,5.0,4.9373660656796226
31,0.13511683426664822,0.16426221786030948,5.0,4.92198286545344
32,0.2652321135336766,0.32205104571912324,5.0,4.919861912671593
33,0.08300671879011534,0.1015009936304343,5.0,4.917318011281795
34,0.2664068320197215,0.3237794375791778,5.0,4.9203387118439945
35,0.210527984307729,0.25524482504386437,5.0,4.925651147722583
36,0.26252499795306394,0.3199338906480236,5.0,4.903972058761559
37,0.2009480920051876,0.24537661705526248,5.0,4.913769671244204
38,0.075525135582303,0.09177098574563614,5.0,4.91813084120432
39,0.22193116864535845,0.2687270547747789,5.0,4.912330422209301
40,0.27719313806402646,0.3377089116005587,5.0,4.906180859634723
41,0.21465821729208567,0.2610509917943946,5.0,4.921230316251597
42,0.16128510797775952,0.1962133305024678,5.0,4.918287719406607
43,0.18214890729112088,0.2208070554835957,5.0,4.929637697978269
44,0.11310308999760887,0.138311869391885,5.0,4.920212929072623
45,0.24831470263994637,0.3019278469411648,5.0,4.927652316433493
46,0.20184437217881546,0.24495968588913297,5.0,4.910029212658138
47,0.2095996937966953,0.2551051097904007,5.0,4.912057271722441
48,0.17066760332342534,0.20610101986175144,5.0,4.9061032475434185
49,0.25964436312172157,0.3144064027788007,5.0,4.921355861187715
50,0.17298357326006952,0.20988777570292605,5.0,4.919066970655095
51,0.21351383161304893,0.2592531920921586,5.0,4.9232315558868756
52,0.18910870470539098,0.22972143821569202,5.0,4.924662026297488
53,0.13261732740872723,0.16137028975983436,5.0,4.918551259876027
54,0.2626761056623699,0.3186212668881643,5.0,4.922167408538716
55,0.07098893453609834,0.08602221775865626,5.0,4.924154804112044
56,0.19707403237956767,0.235585709006221,5.0,5.0
57,0.22387403296056774,0.27234077759451303,5.0,4.908444793530684
58,0.21229314787383502,0.2563897837814926,5.0,4.947083630779741
59,0.1877176201951234,0.22839534027997455,5.0,4.918351687164488
60,0.2715108531522883,0.32957306041976486,5.0,4.922708926633721
61,0.19629984748363016,0.23889938078838013,5.0,4.914875741840561
62,0.25423758071380487,0.30952597791927117,5.0,4.9143585970921855
63,0.27390287515453826,0.333359245816774,5.0,4.909282741707539
64,0.07354433129081883,0.0892540801180528,5.0,4.912696910695269
65,0.12238580150180911,0.14895919839029292,5.0,4.91979332127598
66,0.29957894055570344,0.3637854253669546,5.0,4.921405585298082
67,0.16675996132069892,0.20275267861282953,5.0,4.914472094060809
68,0.2397352691082426,0.29054941005563806,5.0,4.925013719834377
69,0.14092625241736467,0.17175539873860912,5.0,4.918001387399844
70,0.27547166606619045,0.33431356209488183,5.0,4.925941592004239
71,0.15413475100022023,0.18702283443731793,5.0,4.918936058784489
72,0.2660275678958346,0.32340028533465426,5.0,4.9195547980921805
73,0.20926557927678613,0.2545578260422019,5.0,4.917840508875928
74,0.16477048920001613,0.20034507263223067,5.0,4.916371931456851
75,0.1735014591599422,0.21108739971602164,5.0,4.916582500621285
76,0.43415142500405146,0.5277627459510887,5.0,4.912254177934523
77,0.3366938397366852,0.40899281573130297,5.0,4.918437582991331
78,0.19108382611202246,0.23196639542534836,5.0,4.922255799139057
79,0.18467076577441666,0.2241691957239107,5.0,4.923191723115332
80,0.281065108507655,0.3413424308350048,5.0,4.918102223340615
81,0.23061836192175922,0.28028956555027595,5.0,4.922773831348808
82,0.14917329710423566,0.1815446247432142,5.0,4.920514968863401
83,0.43202629322306496,0.5241568673184032,5.0,4.920365476426083
84,0.224937461719231,0.2721613942975929,5.0,4.927441116449778
85,0.27471199102716426,0.3323139229091452,5.0,4.9221634763585165
86,0.21646967912733284,0.26375756265476147,5.0,4.908950136587276
87,0.06271780382241388,0.07635035511085819,5.0,4.928829937032511
88,0.1704575123185843,0.20665605156113354,5.0,4.9170522388672655
89,0.12623522877864768,0.1533002888013979,5.0,4.920593886382738
90,0.22905280883661416,0.2766502239277284,5.0,4.921547287845964
91,0.20936703684854785,0.2539011188384803,5.0,4.924908150794014
92,0.22447501766384836,0.2735089816002685,5.0,4.9060005428776154
93,0.17892989656518576,0.2167914951683214,5.0,4.911878964683263
94,0.20371006352951904,0.24899737319436488,5.0,4.907095456127122
95,0.2983227833949553,0.3636324511959985,5.0,4.912385839426108
96,0.1633993363793662,0.1990790392727022,5.0,4.913728294948241
97,0.17704757909464108,0.2154686743031673,5.0,4.912806137693568
98,0.3448604630005254,0.4189907273150597,5.0,4.919625804841701
99,0.34515025162942026,0.4195954490908895,5.0,4.913891838298996
100,0.06842542423790343,0.08330677222841443,5.0,4.926356682996289
101,0.21744816883482287,0.2646334995002366,5.0,4.908967100983279
102,0.3181341919453613,0.38690155279895433,5.0,4.913153156023231
103,0.21110136919053968,0.25729687152564606,5.0,4.908299226033401
104,0.11961450701685084,0.1456301967961653,5.0,4.915237525754037
105,0.17372333591662636,0.21120589900457643,5.0,4.916990513562887
106,0.254878439785194,0.3099315105936875,5.0,4.920387720415871
107,0.3090379426615757,0.37643347937551885,5.0,4.908863380553461
108,0.2015919004411426,0.24698641476515282,5.0,4.927846442210901
109,0.24777569833541002,0.30128740067354065,5.0,4.91947314698872
110,0.16418914439655286,0.19946725916719177,5.0,4.9169104381089035
111,0.15579105379641156,0.18930102841712326,5.0,4.926958272814055
112,0.12458585910438558,0.15166215585509724,5.0,4.918589980526553
113,0.19990228308610214,0.24288783713100193,5.0,4.921822403476064
114,0.23196507065234861,0.28239578577522284,5.0,4.911285182178213
115,0.3478418011651918,0.423826088926478,5.0,4.909008247212832
116,0.2600542858656014,0.316817097644275,5.0,4.9110008603518995
117,0.13486865293558514,0.1645126752260857,5.0,4.908568428850932
118,0.22996517260419091,0.27984762664196894,5.0,4.917228735284391
119,0.12608486461741686,0.15263997156016118,5.0,4.925220471926002
120,0.18410238077070917,0.223962364973191,5.0,4.921640701471297
121,0.126353547994853,0.15457871359659725,5.0,4.912137710508562
122,0.20981459882216202,0.25503805292718074,5.0,4.915509486921863
123,0.1082840565462666,0.1316520217569337,5.0,4.913841267676489
124,0.2235115634386977,0.27187282398301327,5.0,4.91431659687354
125,0.2730335964923738,0.33181813275075944,5.0,4.918189051443811
126,0.11511522376979588,0.13955196963412986,5.0,4.916890598863395
127,0.16134612647850544,0.19653317969934236,5.0,4.911332147803549
128,0.27592502074439595,0.33439042909489336,5.0,4.923322831374151
129,0.327854712908453,0.3973770446267839,5.0,4.922782686315381
130,0.09350067333122025,0.11388117768335837,5.0,4.905776473753951
131,0.32640180300667554,0.3961297137523818,5.0,4.912637861923876
132,0.14128378320098145,0.1714718769199799,5.0,4.922432896513502
133,0.19730922116018923,0.2391870033560577,5.0,4.922367710800595
134,0.2667977208203638,0.3240079593270013,5.0,4.922503748899825
135,0.162934332393478,0.19803593793527408,5.0,4.915128600434233
136,0.22204016224053258,0.26979727079318017,5.0,4.923373835722682
137,0.2233725035754448,0.2716664944578684,5.0,4.917402910148114
138,0.3045000232721071,0.3701598549291307,5.0,4.917619875960781
139,0.2344136389165281,0.2856015680199828,5.0,4.918232721257896
140,0.2621703979176988,0.31787712153853454,5.0,4.938097362465985
141,0.2262203642641234,0.2736861956299219,5.0,4.931333983025672
142,0.2102453836601279,0.25494557431400744,5.0,4.922508874144569
143,0.284581473935434,0.34584488719306394,5.0,4.920715777118367
144,0.17572875217545536,0.21400517590245238,5.0,4.9170234448649985
145,0.13554500245363355,0.16458068472712584,5.0,4.925556479155517
146,0.3141348133872768,0.38118769383382856,5.0,4.919570681572214
147,0.1642476796468335,0.19649091360184334,5.0,5.0
148,0.08371238989491658,0.1016457892197431,5.0,4.9208810251885104
149,0.2923223945216511,0.3555686369088866,5.0,4.914173240244359
150,0.21408087487815441,0.26017558192828516,5.0,4.919374469637239
151,0.2995005567838598,0.36439865608321487,5.0,4.908216562583778
152,0.1504740672726308,0.18405645834932227,5.0,4.897131828013999
153,0.26487523732860274,0.3217298338802044,5.0,4.918265811978291
154,0.30594793784931684,0.37117379164525777,5.0,4.91632370092117
155,0.22595924352400054,0.27552788872240397,5.0,4.934661111100631
156,0.12130559139765995,0.14677164308053903,5.0,4.930790336780628
157,0.13425201318703106,0.16281331480841477,5.0,4.928384195239479
158,0.18456572662734394,0.22474799469412265,5.0,4.916979497567899
159,0.11506297679208966,0.13914928881381505,5.0,4.915350905391316
160,0.1859900971315649,0.22613240057557138,5.0,4.915050833205834
161,0.27816693427182937,0.33838420931783886,5.0,4.912592468025503
162,0.17881232427350002,0.21684340503065358,5.0,4.9267805674737275
163,0.1866604847160811,0.22698474694316606,5.0,4.920658268837137
164,0.23777761430451805,0.2878167738426971,5.0,4.916736790962872
165,0.258339404553934,0.3135637417358652,5.0,4.9251338478059115
166,0.1268329714865022,0.1562819311655379,5.0,4.920394675963333
167,0.18129206471805448,0.2210252135977251,5.0,4.910316660350942
168,0.29885903869351904,0.36375309988108073,5.0,4.915579383589623
169,0.23980270690260475,0.29196684774527526,5.0,4.908166788951149
170,0.2969325278882142,0.3606956904560614,5.0,4.913870207912927
171,0.29675572141577633,0.36082289629232434,5.0,4.919797721551591
172,0.14123332212658868,0.17192346797181068,5.0,4.919987521935747
173,0.2840298695154422,0.3458663304119194,5.0,4.914175597901069
174,0.3886614568192317,0.47217753702396115,5.0,4.914654566332732
175,0.1949576224634002,0.23756697957031037,5.0,4.914708455519028
176,0.06746053225641924,0.0821306891192608,5.0,4.922983419550091
177,0.24468352614870925,0.29823680341376724,5.0,4.914111557636431
178,0.09141065736118059,0.1107301161735792,5.0,4.920228111288125
179,0.21108566941043683,0.2567958303904023,5.0,4.919491578705886
180,0.19994644465202427,0.24298863248096558,5.0,4.92162593310554
181,0.11232206390176191,0.136184570390401,5.0,4.92797861680625
182,0.15186365739525076,0.18404718539737175,5.0,4.9172008230815845
183,0.2956486158769218,0.35955042250536806,5.0,4.909153004066074
184,0.2511961453199276,0.3048170563587671,5.0,4.911884393404282
185,0.19819609597736365,0.24128853323990263,5.0,4.914578204308739
186,0.2137472913124625,0.25839043208241863,5.0,4.928405308132371
187,0.10684536009611234,0.13008032820414273,5.0,4.914587273563038
188,0.20946274814170485,0.2548104591385514,5.0,4.917465543466069
189,0.20578341905014708,0.24985210202479413,5.0,4.924035514231946
190,0.369407575999523,0.4491830656379292,5.0,4.90724328957306
191,0.2125539763675306,0.25839118453671395,5.0,4.919037869007212
192,0.12732374173736405,0.15486087386762293,5.0,4.921677479645146
193,0.3597227207728908,0.4369586315422014,5.0,4.91367248521664
194,0.3417940129018351,0.41453944768553197,5.0,4.920308818042249
195,0.15700491379905235,0.19034016231379658,5.0,4.933314448565609
196,0.1647982200385505,0.20074756101775537,5.0,4.912658688031604
197,0.1964684972347297,0.23865175015130413,5.0,4.916599953737153
198,0.12522930102434993,0.15192742839165518,5.0,4.932795622681487
199,0.2184595912431635,0.26536221173009134,5.0,4.915393853642707
200,0.2907304208179704,0.3536654120319198,5.0,4.913699940780631
201,0.2124820787113737,0.25813378662230657,5.0,4.922687700420889
202,0.1601105994691714,0.19454146841853137,5.0,4.925001020142785
203,0.21446720649269135,0.2610389841358156,5.0,4.9152171501993625
204,0.3241253276612226,0.393885508791185,5.0,4.907941271390461
205,0.2955051709445615,0.35912768869566314,5.0,4.91185677295543
206,0.16967210473603855,0.207196878360417,5.0,4.914660271260356
207,0.3383479419209192,0.4110043509229686,5.0,4.925193114342514
208,0.22686697348012252,0.27568753000334834,5.0,4.9189396222980974
209,0.07072758845679505,0.08571075533138361,5.0,4.932500656637986
210,0.2928521599640881,0.35581277789722643,5.0,4.91611140865043
211,0.14915384698165068,0.18096463389177275,5.0,4.919206592684198
212,0.24390966124859248,0.2955417629647248,5.0,4.907132005505073
213,0.27227337072189606,0.3307228693176356,5.0,4.921009460596073
214,0.29928668302103567,0.36387619970507146,5.0,4.912175512327712
215,0.03748946416446497,0.04396249495718729,5.0,4.909827889925387
216,0.3417251503320897,0.4144204556038442,5.0,4.925099209632284
217,0.2561272125857894,0.3144345386057297,5.0,4.894239973891876
218,0.14218481776841307,0.173083178274138,5.0,4.9141528630125375
219,0.174768833435055,0.2128769411043756,5.0,4.915718551832047
220,0.21389020509176326,0.25728570521065186,5.0,4.928210866464973
221,0.24539869504102407,0.2957140368173561,5.0,4.955549122503484
222,0.29544801149286304,0.3596190627409146,5.0,4.916302135244965
223,0.21308677301585432,0.2588134406115479,5.0,4.9275952881530305
224,0.24579920244243247,0.3002931714228012,5.0,4.90823869268235
225,0.19070058326252437,0.2320605305988228,5.0,4.924211923273161
226,0.2194082151764447,0.26623282832041717,5.0,4.924240349613909
227,0.1440412318144284,0.1752645319566961,5.0,4.91856861278233
228,0.08070162867891706,0.09823119019363835,5.0,4.919301461079026
229,0.18854158206974914,0.22958445335112732,5.0,4.908034779318484
230,0.31112810241656086,0.3783439243396376,5.0,4.91541095839378
231,0.25822885458710276,0.3139843498187178,5.0,4.922964021034071
232,0.18944268292579136,0.22972652735934385,5.0,4.92480542647181
233,0.22139949157286365,0.2695055813303502,5.0,4.919662851644642
234,0.2569485130500919,0.3125637331813991,5.0,4.915702502144299
235,0.20548161651125207,0.25167112918447043,5.0,4.914122988398626
236,0.2861914471316853,0.34713113465276857,5.0,4.923288738071987
237,0.21822456100094834,0.26452143309877796,5.0,4.9267419489732145
238,0.10831589610220105,0.13153604116866524,5.0,4.922607024121799
239,0.19778582044357473,0.24060001330774017,5.0,4.919194857825051
240,0.19657362400665424,0.2388164449750505,5.0,4.91885061104222
241,0.28638878503191845,0.3480791166048971,5.0,4.923021133284138
242,0.2728650717523997,0.33099849573649154,5.0,4.923966099077077
243,0.3248580053928385,0.3950997820729383,5.0,4.912308492389066
244,0.13581196500496096,0.1648050959626839,5.0,4.924564183722611
245,0.19730931284487419,0.24028447873074255,5.0,4.912661498610884
246,0.20495097539955354,0.24911585764744282,5.0,4.922314935070693
247,0.2319845332894226,0.2808211458100036,5.0,4.930768135702657
248,0.22076332928217668,0.26816028877919873,5.0,4.922180160183229
249,0.22656432115438885,0.2758301054881991,5.0,4.913340776830344
250,0.10893914587117015,0.13272916536138935,5.0,4.912798800139511
251,0.12243273503738172,0.1488230708653422,5.0,4.923395379217386
252,0.221257876395075,0.2670296863347499,5.0,4.922768006857705
253,0.18529309169360508,0.2240777651009107,5.0,4.9175596674362865
254,0.35132413802662876,0.426988969630411,5.0,4.916456415680246
255,0.23004773041428295,0.2796201963963332,5.0,4.92085448268015
256,0.1883665112883175,0.22817080513051624,5.0,4.917621740579561
257,0.15173521122102396,0.18440134296280064,5.0,4.918173657655194
258,0.27948371645484027,0.34042943954738525,5.0,4.9034412162632535
259,0.14371005722138364,0.17490115390541838,5.0,4.9169975637744745
260,0.15917806545674185,0.1936920946436298,5.0,4.920900497874561
261,0.32000719974543945,0.38924638450771587,5.0,4.913335831792756
262,0.2716071644142204,0.330200109689337,5.0,4.916656314146621
263,0.3589288011067,0.43586924821543205,5.0,4.918441872530641
264,0.16715993073032287,0.20329748372395207,5.0,4.92181267099701
265,0.228308489309627,0.2771804282400514,5.0,4.92849411799166
266,0.14163362654485545,0.17225758105672018,5.0,4.918170809876132
267,0.23539490255741757,0.2862714679245635,5.0,4.912565928737118
268,0.18280228319706748,0.22104634422259073,5.0,4.920349103910739
269,0.1936340529374314,0.23570055661373224,5.0,4.9188375522856465
270,0.2327924564798054,0.2830846333033361,5.0,4.938797567206841
271,0.2613595542680125,0.3172203443064401,5.0,4.919010916484918
272,0.26983573236036706,0.32836656023808697,5.0,4.911165362002476
273,0.20012489599671834,0.24468223109947784,5.0,4.894138095511913
274,0.17021374406496426,0.20686285935670856,5.0,4.921664240066939
275,0.2409365102952279,0.2932313504727002,5.0,4.919477252592408
276,0.15621809842727852,0.19042186969669705,5.0,4.91652784732425
277,0.3748225922421171,0.4537056179672836,5.0,4.928114777615091
278,0.21146841232657732,0.25651044392791866,5.0,4.925465288124222
279,0.299674014354985,0.3633920444456289,5.0,4.920946798484449
280,0.15395366298373903,0.1866607187197158,5.0,4.925428060924064
281,0.15019667966659744,0.18238366431256403,5.0,4.919016099101885
282,0.20212225996159616,0.24534844249931864,5.0,4.9243038381768045
283,0.22571620628158628,0.2743690706008488,5.0,4.917237368151257
284,0.45902554361887016,0.5575961281599475,5.0,4.9122393509845885
285,0.43255175265509105,0.5257908852514053,5.0,4.911421497919326
286,0.46474016853908173,0.5639712851777539,5.0,4.913881890840912
287,0.19954875619102697,0.2420886139367715,5.0,4.920506114159684
288,0.27149679259312776,0.32996784306883886,5.0,4.9203524610078375
289,0.24692763129010808,0.29939131885245374,5.0,4.911619528271691
290,0.3697474561035714,0.44899277876424737,5.0,4.9097556802552145
291,0.23946362349127037,0.2904730686217112,5.0,4.9253024231982145
292,0.2839180776947976,0.3450089071448681,5.0,4.918047018571707
293,0.2592658727315338,0.3152711956220531,5.0,4.907540158086103
294,0.21267262129937947,0.25857944942546673,5.0,4.920980590476853
295,0.2297200660804264,0.2781094497033747,5.0,4.9302392224864455
296,0.17828523636652682,0.21645026299869974,5.0,4.928212498949449
297,0.26756433384717715,0.3253695365465237,5.0,4.9206786461746965
298,0.31955083263409856,0.3874556581581756,5.0,4.920064948794716
299,0.18209239768523666,0.22122163326768485,5.0,4.920467408600029
300,0.17981423307677336,0.21606737663495745,5.0,4.915408572416355
301,0.3083020943626966,0.37538698185400055,5.0,4.913810774751148
302,0.2746388456324307,0.3339754059649822,5.0,4.919149593383532
303,0.18833048588135193,0.22966238773398073,5.0,4.904795028000786
304,0.20511454616151514,0.24907408522704655,5.0,4.925042960370591
305,0.3282277924816639,0.3991745426485427,5.0,4.910916834294152
306,0.17462373958970523,0.21218548985888686,5.0,4.916420903271188
307,0.10776810393545033,0.13122805012439676,5.0,4.932092315227488
308,0.21906294147745764,0.2662520677590161,5.0,4.920112113587143
309,0.17179468382728413,0.2087569864329879,5.0,4.9222823871306876
310,0.15410459467650872,0.18681956753824536,5.0,4.928610758784844
311,0.20934056430493042,0.2548331769792642,5.0,4.916040620400084
312,0.22153724544806197,0.26915308507120095,5.0,4.916661411712093
313,0.1773276691400043,0.21592009003620682,5.0,4.913434052656589
314,0.3302444088773522,0.4012004811467398,5.0,4.91759465898487
315,0.11345784164472161,0.13830431776617957,5.0,4.919073598431485
316,0.3028295894691062,0.367348632060015,5.0,4.9252015544293215
317,0.32598156878149,0.39665788448001305,5.0,4.914171157577325
318,0.10222986030566306,0.1242391248801813,5.0,4.921263561883942
319,0.11200542119756562,0.1355234089286217,5.0,4.9228690411014675
320,0.22035350787407504,0.2677652452331567,5.0,4.921060529000538
321,0.2211684291204732,0.26901327657070273,5.0,4.91781244804085
322,0.20882402150782253,0.2540684291785458,5.0,4.91459393432204
323,0.09173505666741799,0.11126638342023076,5.0,4.9305878352162935
324,0.24735249702017437,0.300304072180958,5.0,4.9180189420842435
325,0.19885537222919258,0.24247955641549868,5.0,4.907932306995422
326,0.3090452174270608,0.3752276107396755,5.0,4.922710831563624
327,0.09988467652784405,0.12138840028671938,5.0,4.92600384696229
328,0.2561984102507522,0.31124485891560716,5.0,4.916296217461511
329,0.2897412508187107,0.3529316202252768,5.0,4.917948870012676
330,0.3356780147987408,0.40861789879191157,5.0,4.914756587847338
331,0.3428414641433246,0.41716039193925103,5.0,4.912823228166792
332,0.3000047204199279,0.36463232863758455,5.0,4.922999931621339
333,0.15842350994173438,0.19301568645675937,5.0,4.90931043196607
334,0.13259404923283302,0.16114608306568678,5.0,4.917718609482273
335,0.18264556534241283,0.22201952437091377,5.0,4.919527274928539
336,0.16774967790963835,0.2043983770327753,5.0,4.91734971860855
337,0.18002037482363176,0.2184718149656384,5.0,4.925380464951639
338,0.284941400163067,0.34630931501295037,5.0,4.915164022847769
339,0.16444915055950582,0.1997367543652111,5.0,4.919208286535959
340,0.19975751350449444,0.24267636673024273,5.0,4.918606533351655
341,0.26752979626131745,0.32628759298069077,5.0,4.914382958293384
342,0.21006670092439172,0.25551699686536367,5.0,4.918103168391408
343,0.16358833161164088,0.18992290902607234,5.0,4.895859142587877
344,0.30052681199275666,0.3647822052784673,5.0,4.910375601128916
345,0.20743808388278584,0.2665348018032885,5.0,4.914208368176993
346,0.15170194137824522,0.18391942507817371,5.0,4.900414998591991
347,0.2799875578801474,0.3479600310011757,5.0,4.903821782323412
348,0.17641545804558723,0.21460130748219464,5.0,4.922993625221377
349,0.38428178490372744,0.48915441614703115,5.0,4.89913638823853
350,0.21619964224142585,0.2617352055971016,5.0,4.913702557567028
351,0.3511752637086192,0.4242874648913697,5.0,4.909197942096766
352,0.2095732265018886,0.2522419073365143,5.0,4.902131006329551
353,0.2872987020451374,0.36429364654767604,5.0,4.896569027019346
354,0.24388862887314033,0.3329322876169012,5.0,4.89949399957065
355,0.23877156632721008,0.2966863236675914,5.0,4.915278435049091
356,0.2172389215214945,0.28404836949968826,5.0,4.911660012651593
357,0.19334471390939667,0.2419599579679812,5.0,4.913336400939814
358,0.37964827063259055,0.49138913941501516,5.0,4.904880981932909
359,0.36042557508350304,0.44591435792343326,5.0,4.9006567094765785
360,0.2382035400698863,0.29070456989614923,5.0,4.925344129799756
361,0.3141174286783217,0.38331948965297924,5.0,4.905403942355777
362,0.2202291989838574,0.2742776621599039,5.0,4.897985882716345
363,0.18862512505090612,0.2224163466396043,5.0,4.892808025265776
364,0.24481845700508975,0.30008957649924284,5.0,4.896988538075364
365,0.37116361839773093,0.45949676627681346,5.0,4.899301829774991
366,0.3392419838733849,0.40822388334994075,5.0,4.90530457921265
367,0.12467134021264559,0.1525306732839382,5.0,4.9121634177427165
368,0.32944505091327403,0.3541113156257625,5.0,4.913469797107837
369,0.267704700044437,0.3211823314993576,5.0,4.9097001695860865
370,0.2852870975859054,0.34867976854757465,5.0,4.914127936297543
371,0.20036404434380461,0.25044020281328216,5.0,4.901695010765446
372,0.15286194314789348,0.1946207971336149,5.0,4.898861653124884
373,0.37868542824056073,0.4718285662060826,5.0,4.89384705725171
374,0.20386484012596173,0.21155643180646622,5.0,4.9068122967522765
375,0.4119762039315409,0.5063222750976353,5.0,4.913486268888896
376,0.27306179166710254,0.33606570116177625,5.0,4.906238077024341
377,0.28942873493740007,0.38019141187547434,5.0,4.902602557144764
378,0.3512682146389552,0.4362476801848021,5.0,4.920063765219247
379,0.30463102608692916,0.3684741547387982,5.0,4.916500316158903
380,0.27142652732970474,0.34490751510438566,5.0,4.909599488857683
381,0.4484438081733937,0.5445658999288328,5.0,4.89918153607662
382,0.34588931203360507,0.4238274378111808,5.0,4.903191542677057
383,0.2529982077949706,0.3027026606151637,5.0,4.902443705746631
384,0.19844234896671442,0.23993796109584298,5.0,4.919699239187354
385,0.26508180221174826,0.3220495726185155,5.0,4.918817316077133
386,0.35478121828307096,0.43704505304644914,5.0,4.908464872724272
387,0.3735200419379312,0.42968755823446947,5.0,4.912290563596384
388,0.2077902868647783,0.24962887049144333,5.0,4.897610193826418
389,0.18266725683531582,0.21042301164508226,5.0,4.920611755692095
390,0.217385840306338,0.2843581657032206,5.0,4.911634177961588
391,0.2310450422413901,0.28630417724044,5.0,4.909441710643083
392,0.21928052940387732,0.2687815296998437,5.0,4.9037484963729305
393,0.1479949425890883,0.18554846097001465,5.0,4.903174081105179
394,0.250732665378546,0.30461638317586903,5.0,4.901662481180988
395,0.19896363083114,0.23676799376723556,5.0,4.896841332790194
396,0.12912391054800265,0.16242314654137924,5.0,4.919136318294992
397,0.2598072943086769,0.31390092119192237,5.0,4.901531908675487
398,0.3926932880034817,0.5172460491910524,5.0,4.90233197272965
399,0.12611506842728137,0.15623467582517536,5.0,4.90526499997201
400,0.3648054678591002,0.4527466208230053,5.0,4.899456177726753
401,0.12979241682975595,0.1636370403749563,5.0,4.912305804777395
402,0.26757787910643227,0.32699578282491526,5.0,4.8998121599374755
403,0.07737796692705534,0.10564848849856001,5.0,4.914258840632053
404,0.30821705983333203,0.3707773900920244,5.0,5.0
405,0.2946760684075673,0.3506796838932409,5.0,4.900783513208431
406,0.31978925821287807,0.3892715349738125,5.0,4.90913341921237
407,0.264434302493203,0.31975506476997784,5.0,4.901031670086082
408,0.37066892419118824,0.39111620447563133,5.0,4.919861898747913
409,0.3384883719489482,0.4004015291181968,5.0,4.906700782543121
410,0.08078369885473058,0.10164108211084888,5.0,4.913673735587469
411,0.32706684437172817,0.4460156790916552,5.0,4.9206218695740755
412,0.21012960084204724,0.2797059401919877,5.0,4.904840700772635
413,0.2989448168889104,0.3640170850265083,5.0,4.923690247275445
414,0.21179857927603196,0.2531442782110924,5.0,4.906553382307877
415,0.3067994016736806,0.38363179106467427,5.0,4.909076266281627
416,0.21867186400827898,0.27767654688566634,5.0,4.907679115370156
417,0.4865666382388554,0.5970174550788492,5.0,4.90930061427429
418,0.22702729920514475,0.29357165407785657,5.0,4.902136810051809
419,0.15036415558591787,0.19448335778458392,5.0,4.895067541043554
420,0.24185895780266287,0.2935421144730981,5.0,4.90345047985878
421,0.18327600515503795,0.22345985757547449,5.0,4.906373705124585
422,0.24876988051282956,0.314916516097969,5.0,4.909244445560805
423,0.16857809378705846,0.20167979118809254,5.0,4.912113112426457
424,0.29798282338173077,0.3639097074999811,5.0,4.906650492511693
425,0.27934517463104624,0.3439230267825484,5.0,4.912783528410243
426,0.5782047295864852,0.7060465334846941,5.0,4.905994735776309
427,0.21964699732541693,0.27397325812823325,5.0,4.909490504777274
428,0.2826915762234201,0.3612053541565885,5.0,4.903708392469568
429,0.12801942401344468,0.1648684652018635,5.0,4.8949310877184615
430,0.209531547981336,0.2556101339405408,5.0,4.919836317215465
431,0.2666303262663543,0.31140201301513315,5.0,4.897836220868559
432,0.24435547225029608,0.30740797096142125,5.0,4.899581265169433
433,0.3867896061335927,0.4649445912332586,5.0,4.965821882240107
434,0.26325663072735317,0.3167658263368287,5.0,4.910320758780493
435,0.38793254541868727,0.473522345778832,5.0,4.9057563063096765
436,0.2074248172468396,0.24578823108463976,5.0,4.9072888029014905
437,0.20166829294153876,0.23881594727600053,5.0,4.902013678482877
438,0.14603304969937558,0.17055839253841243,5.0,4.904253834515195
439,0.15989448308208298,0.2018192998999666,5.0,4.899760769202359
440,0.21632116297449722,0.2635728578335199,5.0,4.911586160667865
441,0.22403382340331435,0.2758286332392963,5.0,4.9132977075678586
442,0.2237641315181329,0.2768148823247738,5.0,4.908128584151905
443,0.24228094044468884,0.29600301910963567,5.0,4.908319640257028
444,0.2762173899022913,0.3373029797450027,5.0,4.897124256711507
445,0.2806442276388508,0.3378242520634893,5.0,4.913334264356131
446,0.25850114387284684,0.3183019413991448,5.0,4.91263038232109
447,0.23125281756658023,0.32606014354330526,5.0,4.902039798176521
448,0.2818883184115031,0.35548951490039493,5.0,4.90973729516373
449,0.2963060808874556,0.29668117032786023,5.0,4.911836384692423
450,0.31921871523132594,0.3895722064781346,5.0,4.905730314078056
451,0.12478448512976192,0.18527385549789543,5.0,4.915855175461399
452,0.44223754063880905,0.539948945612742,5.0,4.897743674792103
453,0.22554190538777696,0.26849644767116665,5.0,4.916350674120249
454,0.18154633935279585,0.2235892441255336,5.0,4.9343671429292435
455,0.18190856703807778,0.2196068185728317,5.0,4.902288308869629
456,0.35256681107956034,0.4366078640017781,5.0,4.913114341627951
457,0.2602529875706132,0.3515562946833539,5.0,4.910715289597585
458,0.13340385939865573,0.23333839271948942,5.0,4.918682521226856
459,0.3453667379052914,0.39350464526966134,5.0,4.896428568668316
460,0.10819131897015444,0.1317114823651233,5.0,4.905991377869867
461,0.16960201456084723,0.20621806840339807,5.0,4.9488322698933285
462,0.23195044818221322,0.27958970904985825,5.0,4.919535390848857
463,0.3668412169302335,0.44573193264234257,5.0,4.9095860770727295
464,0.27809365512097983,0.3411607213889727,5.0,4.923340793922817
465,0.19064919076907594,0.24874607067099364,5.0,4.908028123158177
466,0.33045742463920647,0.4990931159858738,5.0,4.902623303575773
467,0.2733418453300567,0.34224855530552145,5.0,4.898420028428028
468,0.29559517769969124,0.35958875534877377,5.0,4.914629919818596
469,0.3198632699355439,0.37010404529408025,5.0,4.906424612533655
470,0.46108762866531583,0.5658726681325388,5.0,4.908151025081047
471,0.15872206973162983,0.20157539694852944,5.0,4.903108328798158
472,0.3982221591687003,0.4891945421201176,5.0,4.908044001935377
473,0.39360762958191753,0.4396845157559921,5.0,4.912195471321343
474,0.28411637939696877,0.3332354149432637,5.0,4.909182223543018
475,0.2929254418356526,0.3718994320108473,5.0,4.910390738168653
476,0.1493243388825818,0.29824283083154146,5.0,4.893398796735555
477,0.18097241578102352,0.22832500286503654,5.0,4.9178881414240205
478,0.22774252563192832,0.27552788444346277,5.0,4.8987217032624475
479,0.305190787401181,0.34161883200407384,5.0,4.898121081999429
480,0.27225202414080574,0.3291719853121988,5.0,4.90088872215253
481,0.3282262804989551,0.31220962218279547,5.0,4.901654439035044
482,0.30190265715685194,0.3715056589431671,5.0,4.912036951812233
483,0.20464057639191813,0.24965638477374386,5.0,4.909113617634082
484,0.2138053979488368,0.2632702905510771,5.0,4.909733548126507
485,0.43814033665730556,0.5367220568072963,5.0,4.902083487939501
486,0.3065319376849911,0.3835930341703311,5.0,4.911260991368431
487,0.2885710795947771,0.35551960385871784,5.0,4.909341463458299
488,0.14992897079581713,0.17073668122157382,5.0,4.900583460544059
489,0.32435662693942313,0.4108189798225752,5.0,4.904978234930564
490,0.15688297080385305,0.18895296340973022,5.0,4.903065436274803
491,0.159321079765548,0.18955080126801382,5.0,4.912230703351623
492,0.2781175970475167,0.33572499963322877,5.0,4.90517454497815
493,0.33681050286676784,0.4006246871206509,5.0,4.898643241821947
494,0.2006861559856492,0.22392052000806828,5.0,4.902437893939684
495,0.29045420597281746,0.3344482705133023,5.0,4.902061409134744
496,0.2700079195018257,0.24888228306434668,5.0,4.900704355490211
497,0.13503165618271606,0.176258908189864,5.0,4.917197278235026
498,0.2986099331885055,0.3690509851077881,5.0,4.893335329545101
499,0.2635192491852989,0.32339513829767297,5.0,4.910954350889698
500,0.2660275036193376,0.33197375961238973,5.0,4.913517291257055
501,0.23812179220549812,0.2853763986670699,5.0,4.900855265955313
502,0.325552497640492,0.3966554863477727,5.0,4.911798927099111
503,0.3480767644873044,0.4374564596748338,5.0,4.902538573057216
504,0.3445124043784802,0.4275552202320323,5.0,4.9044342950297715
505,0.21587792270318862,0.253558665061286,5.0,4.908098041324616
506,0.32041763454237904,0.3921993858980237,5.0,4.895804221538027
507,0.28157901439574773,0.3020848912191123,5.0,4.906956442083841
508,0.25100237883165266,0.3158160825403413,5.0,4.9046364121109765
509,0.3076561575577714,0.41060706992044804,5.0,4.914461537196857
510,0.33272099848062653,0.3996081564065559,5.0,4.90765182756566
511,0.32030253688730803,0.39024256320461514,5.0,4.922825488885563
512,0.19885520229527165,0.2532422732737518,5.0,4.902518283204564
513,0.2743977937401785,0.3394641595655825,5.0,4.918739925508104
514,0.2213632392218392,0.2667939216739239,5.0,4.91427571617562
515,0.28455884557057276,0.3410785619985621,5.0,4.909999358856814
516,0.07872672837415129,0.11995545397689766,5.0,4.905609293312114
517,0.26243283493991454,0.3389558895278506,5.0,4.915513136130061
518,0.33710553957806066,0.41921976517269477,5.0,4.905123476301814
519,0.2535714714990416,0.31337877031830397,5.0,4.9187248270803074
520,0.23174165211955855,0.27560849587918046,5.0,4.903249867264146
521,0.16345883466780076,0.20369130616135678,5.0,4.911767329353625
522,0.34291086954917605,0.43221879622934334,5.0,4.909933149140535
523,0.3417267354345672,0.41972285497964346,5.0,4.910451514883478
524,0.21638459480153283,0.2883385106427876,5.0,4.898348181991086
525,0.24193411409325227,0.27652093190087346,5.0,4.891485950132246
526,0.2804582763825918,0.3518192088584471,5.0,4.916581804840847
527,0.3629644135353469,0.4498079439012401,5.0,4.915993593830512
528,0.29125630594607577,0.3651378493765922,5.0,4.897246341749719
529,0.2655733691819677,0.3123932901896427,5.0,4.90692268968572
530,0.1867586490328903,0.2290851179214708,5.0,4.901001014652566
531,0.34707332594189433,0.4279861670361269,5.0,4.908173867498231
532,0.29863323659764607,0.36082290586172316,5.0,4.919989041898729
533,0.29651847795485664,0.30359615090602987,5.0,4.919689180488458
534,0.2620456703477334,0.33094316493132037,5.0,4.903914678088075
535,0.2535551763066204,0.3048003211809722,5.0,4.8997640729228475
536,0.12116965901516341,0.15549572521202637,5.0,4.902946889548039
537,0.1899326267150221,0.2459776610423905,5.0,4.917234535727859
538,0.33977929939794693,0.41712923533577007,5.0,4.8687514724029946
539,0.19040626237498537,0.23240097438831242,5.0,4.900034056893192
540,0.1470198681042405,0.18060918537429238,5.0,4.91186215949317
541,0.2663869915285091,0.33200261251527885,5.0,4.906209827254573
542,0.21334638307388065,0.25258784586991845,5.0,4.915564913219352
543,0.32242616319690853,0.4050007821522059,5.0,4.895130437448865
544,0.22992609445381063,0.26728835286293484,5.0,4.903440121334528
545,0.3837641136522283,0.4597349278904348,5.0,4.911628691605356
546,0.2565600357808706,0.31684473689707393,5.0,4.902120271389503
547,0.19412113909267448,0.24305590562913637,5.0,4.916006372889177
548,0.24055428239160825,0.29438562951424396,5.0,4.916269733473824
549,0.21630978355870245,0.26783155470841136,5.0,4.921143475933549
550,0.284262375165093,0.34904600277180764,5.0,4.900187732430377
551,0.2691901583188665,0.3219372212646441,5.0,4.911484651526914
552,0.17004264753110077,0.21051888603848035,5.0,4.915582965876615
553,0.17245895857580007,0.2395776880143825,5.0,4.906232866332818
554,0.3510971212570484,0.42606425293641914,5.0,4.906151147091133
555,0.25643393538712544,0.24306724677854596,5.0,4.91570875254463
556,0.28364932625719663,0.3467926471064273,5.0,4.9036340560687375
557,0.21196727782513047,0.2627596441479876,5.0,4.917078856458907
558,0.15596148261498266,0.19336594860727385,5.0,4.907232953925966
559,0.1894698180316965,0.23186818066290615,5.0,4.9447505214533205
560,0.19758498433802218,0.24689147608616024,5.0,4.911126717048946
561,0.281514711059242,0.3505006519918459,5.0,4.909939524042919
562,0.14896265483786286,0.18156994191486908,5.0,4.917134201204041
563,0.34683609003360494,0.426940834330946,5.0,4.916357442234434
564,0.2957536919793442,0.3687383517150573,5.0,4.905557023198366
565,0.37615316432723866,0.44439530881432443,5.0,4.905738888054438
566,0.18240973374300307,0.22308331781358337,5.0,4.89773847287287
567,0.31495596629535405,0.3635335436809566,5.0,4.912957584806863
568,0.18107726332579777,0.2275961731910221,5.0,4.902926987468277
569,0.19853797178749066,0.24960225030579375,5.0,4.918337858994333
570,0.2962181575069589,0.36531792015983955,5.0,4.895194720009917
571,0.31930920803062235,0.4011782462989246,5.0,4.906104315708895
572,0.32585821527894354,0.38993081770031557,5.0,4.9004805673808605
573,0.4654723838443606,0.44044567248422606,5.0,4.899293568883554
574,0.2393068745871827,0.296903285385852,5.0,4.955411720819338
575,0.3521540447742084,0.3637772928482952,5.0,4.913246561568565
576,0.17066114811128763,0.2084115350999436,5.0,4.920757168672409
577,0.1344606822072647,0.19184417794908692,5.0,4.898902429169292
578,0.3186062964477916,0.40133498204024765,5.0,4.897020960037928
579,0.20545621177310114,0.25384057477556543,5.0,4.897711635728044
580,0.2089264255924339,0.2654857801742705,5.0,4.896740974501501
581,0.12184405787696706,0.14990175956168184,5.0,4.909726859851693
582,0.3313675001050689,0.4074091738075305,5.0,4.908426188903423
583,0.2962573144655103,0.3529410314444872,5.0,4.899260022559364
584,0.2562501152501593,0.3146999149723537,5.0,4.90025934353902
585,0.2015799483638847,0.27219926206354295,5.0,4.899717037269236
586,0.296214804641733,0.3636020710458876,5.0,4.904957848441356
587,0.3415221786002671,0.3975042618929612,5.0,4.900244035977073
588,0.23820611514200274,0.29211138296122363,5.0,4.868755239995073
589,0.2798945491035869,0.34746665879327354,5.0,4.913489054024236
590,0.23178801254827452,0.25302522075847667,5.0,4.909763610022422
591,0.4041202369754475,0.5002516144330738,5.0,4.901225868716965
592,0.26229972202492746,0.3198628456134214,5.0,4.906097489042498
593,0.23702049578881645,0.289083866144646,5.0,4.908073403656346
594,0.32757085741229286,0.41042802882766694,5.0,4.919507681094508
595,0.23339932463804947,0.28315445642256254,5.0,4.922050470497874
596,0.14090290561801488,0.172858076898879,5.0,4.901635087482452
597,0.32985641313042335,0.4066645082019926,5.0,4.908251442054512
598,0.21293320436224739,0.27592677165118573,5.0,4.898857582761167
599,0.18633319351127398,0.21185640245365822,5.0,4.896349022357844
600,0.3615665863318156,0.4466968648855427,5.0,4.875001691462435
601,0.24748127799392927,0.2893029298052747,5.0,4.904635858921926
602,0.4209499405578496,0.496801775172538,5.0,4.90874839820032
603,0.32674109020016684,0.3741351762601488,5.0,4.907975544637937
604,0.23545415087676846,0.2835660314327535,5.0,5.0
605,0.24934858423558803,0.30447011638621024,5.0,4.910679721654914
606,0.18250135567851467,0.21710545620908994,5.0,4.908673223625
607,0.20116962753187528,0.2510269936981133,5.0,4.898091998542142
608,0.3281179406182,0.41353346581225514,5.0,4.899224894661263
609,0.23222534139837325,0.28769502883750464,5.0,4.916677777275158
610,0.3759337710678414,0.46190293979339647,5.0,4.906803012135459
611,0.0937021740511077,0.11064268206537009,5.0,4.9106378068128365
612,0.34238292029412976,0.4175671529143141,5.0,4.910119858811139
613,0.3316422624049009,0.40276931042729114,5.0,4.911037314134594
614,0.3514312711316432,0.43702632687866383,5.0,4.9123531766154205
615,0.15074593532649772,0.21330664597087545,5.0,4.916893222003633
616,0.4022052491644674,0.49663511298090524,5.0,4.918555453044746
617,0.11821124530687888,0.15015668332163634,5.0,4.918304089620502
618,0.26666101962212907,0.32865959997845917,5.0,4.907573985349476
619,0.09220270046355661,0.11211719385547392,5.0,4.903113550576901
620,0.23405047418104186,0.28059220187414113,5.0,4.919189483476032
621,0.40801644178027585,0.4944859743781007,5.0,4.916372049035154
622,0.34933088520583766,0.42470203697516196,5.0,4.919081365515252
623,0.2579705862527235,0.32016418970341,5.0,4.917420688860696
624,0.10147290692582445,0.11838215803237673,5.0,4.913702081690348
625,0.33180626984380024,0.4060104703663139,5.0,4.907616269529909
626,0.11850144382135341,0.14440527617311938,5.0,4.916185515584308
627,0.1100407727142767,0.12140481831584071,5.0,4.917474273173887
628,0.23911787520920424,0.2973029060137249,5.0,4.898025626579923
629,0.12365847863039714,0.14936780769913605,5.0,4.907935333904341
630,0.26578050384733287,0.3266654950645591,5.0,4.910352074576014
631,0.21739127404451275,0.2648990152101578,5.0,4.932876674230107
632,0.13381070787158755,0.18729413452772037,5.0,4.898175381271654
633,0.20207006577239617,0.25155533122541374,5.0,4.905670194141152
634,0.23304115617341514,0.272633573647046,5.0,4.913947780420367
635,0.29865645835774446,0.3632618531632663,5.0,4.908674691231099
636,0.09454912675771321,0.11264624561065517,5.0,4.908615488987573
637,0.24976582574386863,0.30748684611194754,5.0,4.91712934342921
638,0.27808195232925526,0.3407026906210726,5.0,4.911742415970295
639,0.2890216265283623,0.3450280983981431,5.0,4.914146622313211
640,0.12132062853113679,0.14787951402676502,5.0,4.910107685685974
641,0.24581198642147073,0.3343019997613934,5.0,4.9052802550433405
642,0.18190984754872974,0.22156254027151823,5.0,4.910807070015224
643,0.1502014615996461,0.22398692995823422,5.0,4.904384224095999
644,0.22553488744079786,0.2648369214841306,5.0,4.895194241882388
645,0.26944773143900447,0.32685354158846924,5.0,4.900490970885718
646,0.46336847432272443,0.5643799616963949,5.0,4.919119086917494
647,0.3194829187410333,0.4057685178121304,5.0,4.913912578181172
648,0.22758551288342366,0.2967002465182542,5.0,4.9020119856391275
649,0.20058297627508193,0.25072611707051395,5.0,4.9085386689477595
650,0.2696261393443229,0.3224210687838358,5.0,4.90657958801183
651,0.2026852292868524,0.24810912715787903,5.0,4.905185146961131
652,0.2687382403181673,0.32633638553640876,5.0,4.909212115957322
653,0.16096823687321127,0.19357147880990277,5.0,4.903835259889746
654,0.2510312232776237,0.3053345154517053,5.0,4.9098609301317
655,0.2855255883593475,0.3690168058122114,5.0,4.90607589063405
656,0.26342172846530665,0.3304762201807261,5.0,4.89947478916835
657,0.21688173316307857,0.29348489194194327,5.0,4.888484988902233
658,0.15459988880553044,0.18612623722758026,5.0,4.908505601096778
659,0.16048838013094624,0.20090981184248968,5.0,4.912582858414707
660,0.18171373959186266,0.2290441583834224,5.0,4.9093942673196
661,0.2323417996134467,0.1977023418111299,5.0,4.896053002931708
662,0.34471303044715884,0.41678645062519415,5.0,4.914534817677509
663,0.12459848145935681,0.1494006466310276,5.0,4.915475453258509
664,0.36571919357610816,0.32723908995887263,5.0,4.911628184469299
665,0.2601275045565161,0.32323519258799016,5.0,4.892376337986013
666,0.3540965405502994,0.4412403923349597,5.0,4.89659807489625
667,0.24104648086571157,0.3028558097580112,5.0,4.898452851498529
668,0.17113592627969698,0.2138231169891116,5.0,4.905292710112805
669,0.31122436811212784,0.40826916638182653,5.0,4.894866303066916
670,0.1741565632217532,0.21279683897146962,5.0,4.9040402135824745
671,0.39986059634630244,0.48480044078592877,5.0,4.9266182510163326
672,0.29422748227166173,0.3610848001264815,5.0,4.922035156675566
673,0.2664185313116565,0.3298653651054768,5.0,4.9127779877986555
674,0.1412520275373208,0.16904089135958267,5.0,4.9032416524063915
675,0.23926601033638617,0.2910040938281939,5.0,4.914435293349904
676,0.2441727877182156,0.3064058360908348,5.0,4.9125384580385045
677,0.10556720430870925,0.13559462705981806,5.0,4.909780525478675
678,0.2111419952739102,0.271186871761685,5.0,4.900402655213156
679,0.14254928631609065,0.18458901468218714,5.0,4.911707530107261
680,0.2634173769355772,0.33136255491283784,5.0,4.912936123077305
681,0.27860421644505906,0.2949446415218966,5.0,4.91807824287843
682,0.15063510997334917,0.18741078517019694,5.0,4.918367262108028
683,0.2486034369082386,0.3051389123877406,5.0,4.915107394238998
684,0.29645318116813657,0.3703957301486336,5.0,4.914352892814122
685,0.2742531901641947,0.34305039127259773,5.0,4.902844470569745
686,0.1713476453907501,0.2099598906940756,5.0,4.9089199270577755
687,0.19159609837789948,0.23447561926316762,5.0,4.914078682059806
688,0.2099026347036934,0.2562112960914127,5.0,4.909542469696753
689,0.2890411384739595,0.35411032706008316,5.0,4.9128365364815
690,0.1854699976478582,0.22619209480888713,5.0,4.924441318945512
691,0.1613109467441678,0.19712688613150564,5.0,4.922054436368883
692,0.3305914047404974,0.4050708355757371,5.0,4.910644079430533
693,0.2137608066239518,0.2604107111559275,5.0,4.919273741193093
694,0.19137507914639929,0.2341747577421407,5.0,4.917099140155603
695,0.26325060052463245,0.32219484004828547,5.0,4.919879773195088
696,0.2756596955371591,0.3371051345728908,5.0,4.921402990584847
697,0.2718772044619888,0.33267175519368464,5.0,4.918849738972462
698,0.3224691011529941,0.39322614383626053,5.0,4.926549787227836
699,0.19335296082491404,0.2362558474228511,5.0,4.925007390852194
700,0.16923261541888812,0.2075425184069386,5.0,4.906639346476371
701,0.2953375177208821,0.36104391960982407,5.0,4.917685190889642
702,0.23882136878092664,0.292233623522699,5.0,4.916056664677972
703,0.1735547009599998,0.2113103253006352,5.0,4.9339178994604715
704,0.2075323475268711,0.2536338367546864,5.0,4.924357036774936
705,0.21993501989802167,0.26929642674964405,5.0,4.917425310962278
706,0.17885338146977148,0.21798570604386747,5.0,4.9291484283467835
707,0.24624602086479253,0.30172897161833645,5.0,4.909132712107249
708,0.20720156210295415,0.2544269655453726,5.0,4.90626109348101
709,0.31806308443046083,0.3894267734544681,5.0,4.912068609450992
710,0.2918215185058157,0.35671886901736616,5.0,4.946287522353305
711,0.19257066085670416,0.2345301691994781,5.0,4.923197994577722
712,0.28224226342194325,0.3462315536925895,5.0,4.900139351606931
713,0.32128325072734754,0.3926702916237035,5.0,4.904183988440787
714,0.15218213392174418,0.18553474881263665,5.0,4.920006065964735
715,0.30039805371922235,0.37042401978981143,5.0,4.899152225330603
716,0.4059473670020832,0.4962627533705699,5.0,4.914909052096252
717,0.17604963423896303,0.21545558422338984,5.0,4.919205566854146
718,0.2562995565838768,0.31432079297191073,5.0,4.910976927235229
719,0.21545418476253175,0.26393196213346415,5.0,4.916464476019611
720,0.21771434060690642,0.2664443052592256,5.0,4.9020569881008935
721,0.282630709578527,0.3468652922779849,5.0,4.912697104185373
722,0.2415505484357634,0.295958561324666,5.0,4.912836564642111
723,0.3445328121877016,0.4223160728691646,5.0,4.909410389067679
724,0.3583655544266018,0.43810955966014054,5.0,4.91989194900448
725,0.1647742089074853,0.2030977353324983,5.0,4.898042610911064
726,0.24066952697046573,0.29462809698182313,5.0,4.918724078646841
727,0.24826812464843218,0.3047045113749962,5.0,4.908051081462581
728,0.17740234585001424,0.21783535732382342,5.0,4.907644111526874
729,0.26940766717684883,0.32900163362799795,5.0,4.922869402454895
730,0.24738297644733187,0.30335627259300035,5.0,4.906973369808183
731,0.12055810151859503,0.14758689288419857,5.0,4.919621848937572
732,0.11207967168372979,0.13744335160861065,5.0,4.902350659142547
733,0.1540410697572927,0.1878883944733034,5.0,4.9240547777781085
734,0.1651501906344064,0.20173494381637336,5.0,4.920916793214625
735,0.22955793634988364,0.2818607518096814,5.0,4.902618736259816
736,0.19214902051411897,0.23563160527716964,5.0,4.909298377778928
737,0.23981452039998552,0.2942557685745977,5.0,4.90478232292503
738,0.18289427743748976,0.22458089594735364,5.0,4.9092906313441365
739,0.32953724571258514,0.4037088015904928,5.0,4.905196057039216
740,0.2439251151128763,0.29815942368762816,5.0,4.910889282241344
741,0.26951720801726253,0.33060211046172694,5.0,4.904685003440665
742,0.20006129589683086,0.24515274055078873,5.0,4.918439666818788
743,0.2012643465363979,0.24654872360950564,5.0,4.913356297879767
744,0.40462406550728414,0.493466563538961,5.0,4.923152852689245
745,0.21142143117581558,0.25894819694446736,5.0,4.913442038967641
746,0.1051254455120012,0.12898091337759565,5.0,4.917228292511284
747,0.22935368871972028,0.2808018506116594,5.0,4.916459266177604
748,0.27017672835380124,0.3299255650287838,5.0,4.919478808403408
749,0.29182588656236774,0.35748193090547087,5.0,4.908104226104211
750,0.2451135153238173,0.30047941960942604,5.0,4.915355941412791
751,0.16664228744847653,0.2043086553272453,5.0,4.91153906447404
752,0.20754887332388128,0.25415000166549206,5.0,4.919179443352872
753,0.31121100674461966,0.38059186971576664,5.0,4.915038653322972
754,0.35237864260715734,0.43044581791319136,5.0,4.919360272528985
755,0.39708438912862043,0.4867473632952508,5.0,4.903741875138996
756,0.3167780151838877,0.38779659726412863,5.0,4.910351008570695
757,0.2691080285507532,0.3285611518840912,5.0,4.923693124358719
758,0.16051720196600305,0.19682077354125949,5.0,4.915614849390453
759,0.2797934443741612,0.3426194961056639,5.0,4.906361273874733
760,0.24352550269516704,0.2976588014994548,5.0,4.91616988934922
761,0.30368421790487776,0.371230190907071,5.0,4.913247036482273
762,0.14025835906768225,0.17225558910439975,5.0,4.903436231889851
763,0.19803830248707177,0.24239442408789746,5.0,4.914097620184972
764,0.18320566654464376,0.22403714185180412,5.0,4.929037114783226
765,0.33088399306997873,0.40555153001379307,5.0,4.90872207826996
766,0.18452836019937968,0.22546325897143515,5.0,4.924598476088278
767,0.17790271293053128,0.2175243518169292,5.0,4.920731515886976
768,0.23114624563928854,0.28247054387313164,5.0,4.921489347486858
769,0.3526566209810176,0.4322852915789843,5.0,4.897286526996325
770,0.1944002727164975,0.23755321076134472,5.0,4.923165982383688
771,0.17767017979081312,0.2168700301358817,5.0,4.926876645749312
772,0.1178409981640105,0.14404761115915266,5.0,4.889414895041817
773,0.2961739714698568,0.365439393299376,5.0,4.906562926035587
774,0.19058228706193425,0.23320085150938152,5.0,4.9147181974433
775,0.2531683060866916,0.3109395158239219,5.0,4.911542407183793
776,0.21790940042069118,0.2666245727264587,5.0,4.917441504842435
777,0.24995245484765238,0.3064102982607648,5.0,4.91169945579502
778,0.28929641504620096,0.3541074346819988,5.0,4.907036011342774
779,0.20351967061818854,0.24960331740639385,5.0,4.911442863868274
780,0.2944491649599976,0.36071516180848273,5.0,4.905954325297213
781,0.2530778021071687,0.30891689037772396,5.0,4.925272556676346
782,0.23088927587193608,0.2830303767344018,5.0,4.918867008879433
783,0.20556501772341518,0.25182883596359806,5.0,4.915341960073425
784,0.1882362693592523,0.22974950870751942,5.0,4.922489070530318
785,0.2585026564053643,0.3170001842306496,5.0,4.912196783662726
786,0.13322335251981432,0.16423618122507722,5.0,4.915175735972799
787,0.4413274782956036,0.5402127412973936,5.0,4.910025486290719
788,0.24723005388959418,0.30295905415665647,5.0,4.903236232709647
789,0.29853102772068807,0.3646787857091569,5.0,4.918616662802124
790,0.10924194896478201,0.13370953856428858,5.0,4.9080304755523585
791,0.27794922194096694,0.3405529282870472,5.0,4.911831897839116
792,0.23135055590166442,0.2827612799070869,5.0,4.917787166793701
793,0.19519652884963112,0.23934261454929184,5.0,4.909646784581163
794,0.22341207470061697,0.27304491353081484,5.0,4.93155040562657
795,0.24021256493530463,0.29378341057087365,5.0,4.9215085546076764
796,0.1881967428446738,0.2302590778563509,5.0,4.921093591636874
797,0.20620484819561247,0.2521553263276113,5.0,4.918678369608296
798,0.21830245931662629,0.26780118529160557,5.0,4.914210314070324
799,0.1646000629261246,0.20173419928568492,5.0,4.908472908643056
800,0.12241878204013767,0.14984851588693804,5.0,4.914620792958697
801,0.3361713757559719,0.41151913405803353,5.0,4.912027137270689
802,0.2863852497547037,0.3503459113349714,5.0,4.911749301550685
803,0.16934311021945714,0.20722013227661762,5.0,4.915124634056873
804,0.22024246863571073,0.26968499692575754,5.0,4.908436105712237
805,0.25489290131029585,0.31190901411064864,5.0,4.915879098585281
806,0.16163240824805603,0.20061303251879647,5.0,4.897898405329091
807,0.1943320222974989,0.2373460137816037,5.0,4.924433214887793
808,0.14938007480890292,0.1826380903467475,5.0,4.924457866931311
809,0.17983300157365556,0.2195115230182807,5.0,4.92590914115997
810,0.1714918569400703,0.21045623895220156,5.0,4.902628126666775
811,0.1441227166923178,0.17651514217381425,5.0,4.91805758588078
812,0.22890648809347613,0.2804710435460085,5.0,4.910239917740968
813,0.2908020657109789,0.3550803622526484,5.0,4.912956646192095
814,0.13665827807119868,0.1668160108133827,5.0,4.9246876367227
815,0.18888673127776112,0.2309888407100691,5.0,4.92303540289539
816,0.25917276770092856,0.31781686975262136,5.0,4.903524921597295
817,0.12635007238362994,0.1550951401642835,5.0,4.904905844497716
818,0.20334361195842665,0.24864648461459904,5.0,4.888068779620092
819,0.35025520348055617,0.42844146254245175,5.0,4.912969995935601
820,0.2843888181200773,0.34739804336316205,5.0,4.919784951043171
821,0.26300591707903687,0.32161442504026927,5.0,4.916598823070268
822,0.2801714217294111,0.3423874063907866,5.0,4.912813682850858
823,0.10942513752248773,0.13350333037170214,5.0,4.928000007823021
824,0.23317331624284354,0.28719090139381986,5.0,4.908689748779995
825,0.20230392285041754,0.24921092875649342,5.0,4.902671347597289
826,0.3336294213284987,0.4083834606065673,5.0,4.915222737937857
827,0.21194239167150752,0.260276718155525,5.0,4.907143396010056
828,0.34417939237422956,0.4212546566467379,5.0,4.916488047377339
829,0.08027546269271602,0.0983986111863977,5.0,4.918171299979486
830,0.20898776045814405,0.2558271035286246,5.0,4.908821328160409
831,0.3265759741603551,0.4006602884572905,5.0,4.911829197831148
832,0.325833984327657,0.39907408182517234,5.0,4.916455700102684
833,0.23379069187244794,0.2873144021522336,5.0,4.907313655290997
834,0.1580013161783853,0.19343306680806815,5.0,4.918299616117805
835,0.1822761293283599,0.22297880680508753,5.0,4.916039377259809
836,0.2803861590746215,0.34382066007517254,5.0,4.910332748612047
837,0.22071780167335509,0.2694287847119887,5.0,4.924356103508405
838,0.15234308176811995,0.18647434936724427,5.0,4.912325450265058
839,0.2707343573639527,0.3311830874671835,5.0,4.912247548917152
840,0.2699464640578919,0.33264815451008833,5.0,4.931332141409808
841,0.26208835963536226,0.3208147403654933,5.0,4.915580691649293
842,0.19795839514779234,0.242089963762526,5.0,4.900143681456424
843,0.2016451654705611,0.24695083045841604,5.0,4.917702137219697
844,0.3387031096792552,0.4133165517578845,5.0,4.920892737391105
845,0.1449133168488057,0.17704119220625647,5.0,4.917159640467048
846,0.30408499499710406,0.37213174481933264,5.0,4.910585067481916
847,0.2869737398264962,0.35150867678314945,5.0,4.91333825878824
848,0.18544311831962257,0.2269517092104163,5.0,4.913583925940461
849,0.28414711284869476,0.3480123903063215,5.0,4.911786017594775
850,0.2631560857012909,0.3216787130545047,5.0,4.915781157110359
851,0.17052411049587501,0.2095620858515308,5.0,4.901949859477126
852,0.19536216988533606,0.23906353187074902,5.0,4.912352557365898
853,0.2591562550597255,0.3165430201314181,5.0,4.926185499513105
854,0.2742331835055716,0.3365938993666435,5.0,4.9085768775096295
855,0.1133996923725975,0.13993039408554742,5.0,4.909871519287048
856,0.2507180760846579,0.3066909646934637,5.0,4.918492437569499
857,0.13438460115148088,0.16550331411039165,5.0,4.910873248243384
858,0.22301129055974478,0.27200583506559184,5.0,4.9298598867711
859,0.2756207547432725,0.33703137271436123,5.0,4.919768946680829
860,0.14447580535192595,0.17684100674978898,5.0,4.919652529777476
861,0.35314751933880073,0.43159602836881805,5.0,4.916046047744773
862,0.35759451062569614,0.4389522619017405,5.0,4.890103583880849
863,0.34981128332119815,0.42671712170196696,5.0,4.926177780997927
864,0.19796706163290678,0.24205454853906216,5.0,4.922795701438885
865,0.23414256226949726,0.28730776378345957,5.0,4.910216730875971
866,0.32668985641882897,0.3991387364073462,5.0,4.918596897831353
867,0.19323442068647667,0.2363702098995235,5.0,4.907728035975314
868,0.22259043142392,0.2662484329136501,5.0,5.0
869,0.21069777277156354,0.257916552109668,5.0,4.914738270756631
870,0.4301730841299658,0.52673063709695,5.0,4.911049546394546
871,0.20077747589108141,0.2460706475770853,5.0,4.905454182757394
872,0.22935682211488762,0.2811351672758662,5.0,4.910512670932521
873,0.1424741992575429,0.17488853432492224,5.0,4.909961492792991
874,0.20408039455377636,0.24880390983954115,5.0,4.926106897364075
875,0.15722139363022403,0.19255270199730634,5.0,4.9191206090929285
876,0.18038363254865186,0.22085401994012788,5.0,4.908968020937614
877,0.28241814359841877,0.3434069068131831,5.0,4.927898713957752
878,0.14296520855529327,0.17503112014310407,5.0,4.913597245517227
879,0.15738554063981391,0.19123552749835793,5.0,4.941345482286081
880,0.2668048701997938,0.32885153996424243,5.0,4.910720886817703
881,0.19477474147654972,0.23891445364019237,5.0,4.9012827595228625
882,0.22730079680442272,0.2778313987384966,5.0,4.911687379426448
883,0.15938079367909563,0.19489969741595226,5.0,4.916361798007376
884,0.23040332734261626,0.2835277077548246,5.0,4.930779007797126
885,0.16412421227570695,0.2014691550257699,5.0,4.910386984930817
886,0.141187092958303,0.172418081821627,5.0,4.922435970857011
887,0.3796264750652343,0.4650090026885376,5.0,4.903585004191333
888,0.19304674842839153,0.23579999404881025,5.0,4.9274040244764095
889,0.2784444766345777,0.34026913420586924,5.0,4.916513642331672
890,0.24400411066532857,0.29934041097232944,5.0,4.909412313422203
891,0.3115061791049045,0.3818668616980698,5.0,4.904676669354924
892,0.26712972032085935,0.3263569417477383,5.0,4.922458028056207
893,0.33154637119866504,0.4031038361431778,5.0,4.923003844108758
894,0.1868808766893284,0.22842780749822889,5.0,4.919807940043972
895,0.26275636863359586,0.3218981242573853,5.0,4.91028652651722
896,0.15674806366704463,0.19333911772626022,5.0,4.910705076475201
897,0.1577830582699573,0.1928967083464188,5.0,4.916876141784643
898,0.18904384256409212,0.23169463188208983,5.0,4.916484203509839
899,0.2767222939750993,0.33881951999165527,5.0,4.9164873176513435
900,0.2221053638648962,0.2718165333757019,5.0,4.914300500976259
901,0.3818742993679538,0.4679486905081165,5.0,4.906561556248352
902,0.26321650471940194,0.3226128489878517,5.0,4.914452577242887
903,0.19689396116702573,0.24086245851694366,5.0,4.916078172682674
904,0.18716945574491617,0.22930346686479885,5.0,4.912145383751829
905,0.18104943719731748,0.22180589104392467,5.0,4.921711926587777
906,0.21217211785001733,0.25987294795127003,5.0,4.915960354289091
907,0.16883938295313738,0.20714157442026981,5.0,4.907787409677953
908,0.36863847657902626,0.45168365127836063,5.0,4.911690763492134
909,0.1763361702968098,0.21579070756212326,5.0,4.921252054895948
910,0.40327951552821895,0.4926782886275449,5.0,4.914840552147144
911,0.13663181986691653,0.16756705529800042,5.0,4.914387283065045
912,0.29736470449509955,0.36358554323528325,5.0,4.917569140396552
913,0.21291735632575848,0.2610135519686372,5.0,4.917331230577453
914,0.23140002771248813,0.27863620641368025,5.0,5.0
915,0.2459975138765178,0.30097438236192486,5.0,4.9088395563438425
916,0.32796849500088143,0.40074311087117453,5.0,4.915952593749431
917,0.24208615579783066,0.2959204428898021,5.0,4.9122054402320625
918,0.24062029345520286,0.29430995947154903,5.0,4.920145451781952
919,0.19506932575142377,0.2382428602084854,5.0,4.925482174518914
920,0.3591991845541511,0.44035876832244236,5.0,4.906810142321314
921,0.24732688960030447,0.3019757873293505,5.0,4.894816470540864
922,0.31052377898219374,0.3800766905281687,5.0,4.924455264869803
923,0.1721384313090044,0.21060126600214324,5.0,4.910794952403874
924,0.18425318555614134,0.2257507512420085,5.0,4.913198233373182
925,0.37129838174006213,0.45396187938585575,5.0,4.921547927379271
926,0.15608206563807703,0.1913753583886173,5.0,4.921654456794746
927,0.1828149060601043,0.22437163280077388,5.0,4.909786572130157
928,0.28127623408045066,0.3445041085623166,5.0,4.90985104210357
929,0.2692478208146367,0.32959370726023707,5.0,4.917007492995706
930,0.20670257225399502,0.2529360669380867,5.0,4.916528623250702
931,0.3077361462461654,0.3767619317326214,5.0,4.91514724548896
932,0.20800860505911434,0.2537854917333291,5.0,4.9232128716885
933,0.2862775502422694,0.35076769374143724,5.0,4.908200921221519
934,0.22906332150731168,0.27946357186260684,5.0,4.9259234922346895
935,0.24512206432399997,0.3001145067291229,5.0,4.91292340180677
936,0.34315204080939976,0.4205236347593999,5.0,4.910016133650732
937,0.09959540625593699,0.12121646021461396,5.0,4.91638702941664
938,0.11399329358790466,0.14025826533635755,5.0,4.904829827769763
939,0.2297502711626258,0.28134376734207245,5.0,4.908387703542143
940,0.1901785635753761,0.23283719370489697,5.0,4.912607263808635
941,0.19909279544620917,0.2444163592230486,5.0,4.90695464044232
942,0.32232557132879713,0.39491883108721404,5.0,4.912545414812017
943,0.22204732995970988,0.27278462639123924,5.0,4.906606014382513
944,0.38605469462582187,0.472428346187447,5.0,4.9114583596645645
945,0.20682221531206912,0.25309294444955865,5.0,4.913625117027118
946,0.2897535742717059,0.35329805829499494,5.0,4.925363525617286
947,0.24818986499379125,0.3031338951939133,5.0,4.922253041467375
948,0.3253523618019658,0.3977812261995628,5.0,4.9192738061517005
949,0.2939944627283715,0.36000074930085035,5.0,4.912975534666071
950,0.31614451856768766,0.3876736138150103,5.0,4.905866097897444
951,0.18013751069986017,0.22037542396180076,5.0,4.918661296860476
952,0.15767452963691597,0.19265394309185746,5.0,4.923781780250565
953,0.2256925891945627,0.2755918168085525,5.0,4.925248718469302
954,0.18837665680912252,0.22985191231906232,5.0,4.925140248148647
955,0.20838817661175035,0.2552226115644485,5.0,4.915327408371546
956,0.23861780823123713,0.2919475578929964,5.0,4.916073682127333
957,0.18543814042570972,0.22706452733912053,5.0,4.926315667327614
958,0.19847302531150168,0.2433629993830415,5.0,4.908877202450332
959,0.206841408207441,0.25316333720313255,5.0,4.915173351506876
960,0.239578140108901,0.29290912528931967,5.0,4.919044068044851
961,0.28319685716465126,0.34687327717960303,5.0,4.913366208595669
962,0.2226956858642204,0.2720857397298251,5.0,4.915560024510004
963,0.17321402066434488,0.21278106643685835,5.0,4.907731922056948
964,0.14954031412960522,0.1833467655246508,5.0,4.913339858498809
965,0.1743883260264194,0.21355033420239655,5.0,4.914823499699432
966,0.19531015562214726,0.24051731112387964,5.0,4.915643561633107
967,0.1967994835050526,0.24060902062982836,5.0,4.920267865320085
968,0.2733609496513003,0.3356302933461295,5.0,4.90513454291075
969,0.20997947710823128,0.2545191848926702,5.0,4.9495427450255125
970,0.34526234895933094,0.42057011600096006,5.0,4.9338480389652695
971,0.18630759659133633,0.22870154139652277,5.0,4.9195530104759655
972,0.23680158687815012,0.291929417715199,5.0,4.9144939530907905
973,0.3411893865162148,0.41818530120262065,5.0,4.909307713385562
974,0.26822811348345343,0.3277752240334928,5.0,4.918817410792933
975,0.37436885204885617,0.45893685318680477,5.0,4.906507908158009
976,0.2155531665387289,0.26522902274553006,5.0,4.895376913578406
977,0.37122951669256077,0.4552910843660021,5.0,4.904528696493111
978,0.23227271612468714,0.28501790255994486,5.0,4.904767803278309
979,0.27024425557976617,0.330273172494717,5.0,4.9202214690049395
980,0.28879882117465416,0.35369702390046376,5.0,4.910757085833497
981,0.19782233358848011,0.24227237309705751,5.0,4.90991357118479
982,0.1991968089640086,0.24402578852049883,5.0,4.917035285410574
983,0.2847299444672895,0.34904371803543444,5.0,4.91463053531195
984,0.1596366016689177,0.19523802511930333,5.0,4.924761025212421
985,0.3394967494173433,0.4154816040200573,5.0,4.914518670524659
986,0.27908125895289015,0.34174290486808845,5.0,4.908913083503634
987,0.22129227484787228,0.2703420095916478,5.0,4.922265273750481
988,0.2881229073438569,0.35341402763112395,5.0,4.905905336440908
989,0.14259439855313794,0.17485305175661203,5.0,4.906991700522472
990,0.24589108840330987,0.30050439820843944,5.0,4.91803192330261
991,0.40401813056315916,0.49355872124638256,5.0,4.911845211398376
992,0.16507333371296484,0.20024947616697952,5.0,4.908670218790645
993,0.15369120163779915,0.1877386894267299,5.0,4.91988568373162
994,0.30878524108518657,0.37849271112717586,5.0,4.911023855441687
995,0.283414991667442,0.34767922437605536,5.0,4.909342242133192
996,0.13028028884488596,0.16087972219729219,5.0,4.917793127801051
997,0.32867875318930206,0.4032823099402685,5.0,4.904984673855122
998,0.19083252659167393,0.23393226911588028,5.0,4.906763383371269
999,0.19495310335281513,0.23743358123463354,5.0,4.893449195711224
1000,0.10789375296576065,0.13237160685137606,5.0,4.909023829313206
1001,0.22544964510192456,0.27605441787339546,5.0,4.909052716770859
1002,0.26560936906241284,0.32503660986501415,5.0,4.917997218452754
1003,0.19608640465276483,0.23997714164697403,5.0,4.92424932830005
1004,0.20072931966199126,0.24582361717705714,5.0,4.911213134158325
1005,0.33616036173033903,0.4122374224619516,5.0,4.900209674622804
1006,0.31772888357238194,0.3863564866705582,5.0,4.929058322511102
1007,0.13085366714127256,0.16019079362247468,5.0,4.917382207261856
1008,0.17135509942386706,0.20996538158124878,5.0,4.8972678826388005
1009,0.41154869139669503,0.5037883500847828,5.0,4.90986052367691
1010,0.2337119465355133,0.2857795982342579,5.0,4.92064965125639
1011,0.2721500246071322,0.3334768388874234,5.0,4.90677560429738
1012,0.35720484468661784,0.43572676011922606,5.0,4.906060897035465
1013,0.17540495094763453,0.21489862711124808,5.0,4.919567960094984
1014,0.11793348376378288,0.1454400165420069,5.0,4.908168856833814
1015,0.1793187235097864,0.21855215295607078,5.0,4.915134033587938
1016,0.15851719089301985,0.19395865386473088,5.0,4.916762389339047
1017,0.26759271077938784,0.32794807531547465,5.0,4.91518827249358
1018,0.2713595056048148,0.33147499508905076,5.0,4.923803752579996
1019,0.2915276812436982,0.3571486414623861,5.0,4.909288157197054
1020,0.30336525768356415,0.371816464110881,5.0,4.914013887085282
1021,0.1323135848442143,0.1620699269598267,5.0,4.913783984144793
1022,0.16011273685552796,0.19539645078131018,5.0,4.909051116347349
1023,0.20935849213896662,0.25653061585210013,5.0,4.909648083823672
1024,0.18461858523516184,0.22608754835714606,5.0,4.910744221831376
1025,0.2256186618189484,0.2755681253070468,5.0,4.9467772259364295
1026,0.31806600868995116,0.3888028823406289,5.0,4.920117104402211
1027,0.298473685118418,0.3647432836211877,5.0,4.920277607440893
1028,0.15407616760920884,0.18916803608204114,5.0,4.911295185374849
1029,0.27361469045328346,0.39874864037348834,5.0,4.873264171235476
1030,0.36999792893044203,0.4727208176918878,5.0,4.904634451848358
1031,0.2829585374273407,0.36015728024450167,5.0,4.885624438500065
1032,0.251663610271589,0.3223966400950189,5.0,4.897202944978485
1033,0.2375376583676585,0.30031381084635345,5.0,4.896008069187525
1034,0.15242388265302753,0.1988715655897244,5.0,4.897938355057239
1035,0.37277394856787227,0.465936369846226,5.0,4.887776956694312
1036,0.18570263450832258,0.2733777534098949,5.0,4.888778748997353
1037,0.26304276902045,0.34556996594784106,5.0,4.899022491327347
1038,0.20651074805619585,0.27018928358688954,5.0,4.90836513426224
1039,0.2265934971833763,0.25882527482238205,5.0,4.893552369190894
1040,0.3023446665717586,0.38234620261709384,5.0,4.879583883040972
1041,0.2814701195889475,0.36959230822385347,5.0,4.85764563328015
1042,0.24490489313339214,0.2594140976119954,5.0,4.904741474235577
1043,0.18257450727248403,0.23106512635309984,5.0,4.8833427049833755
1044,0.3651491779680631,0.46000712987047687,5.0,4.891810350644699
1045,0.23124365893250087,0.2345610200259114,5.0,4.890538414857488
1046,0.3374684164890138,0.4289987779233342,5.0,4.902496142576487
1047,0.14911355244782776,0.19337399079176198,5.0,4.901240944899667
1048,0.22827443457388297,0.29149584895531633,5.0,4.898375953043104
1049,0.35427206617486684,0.44993106468707467,5.0,4.895186720774953
1050,0.10021896407709607,0.12348502767123182,5.0,4.920453932640445
1051,0.30283053020803097,0.38565683812713236,5.0,4.883851763659033
1052,0.23259908780310523,0.2932261020140443,5.0,4.898176742616407
1053,0.39567768492039646,0.49211900978715684,5.0,4.898874611567665
1054,0.4586932507321002,0.5823406646210301,5.0,4.88073972159099
1055,0.2838284842101584,0.36223740109240343,5.0,4.867025378567247
1056,0.21691416261604757,0.2793811933133228,5.0,4.888787692872398
1057,0.326807755428707,0.4016413249429729,5.0,4.8609137413515935
1058,0.2330174314514768,0.2957470096147654,5.0,4.897212068577357
1059,0.20410991242816467,0.16047337231934322,5.0,4.893020341962178
1060,0.1797340113006174,0.22301928555890616,5.0,4.871704294057171
1061,0.15519011269857663,0.1994080537804488,5.0,4.892563581462461
1062,0.31180479003422557,0.3943457036173297,5.0,4.88292468821224
1063,0.24800021338149247,0.30982187313952725,5.0,4.94133493207805
1064,0.2904443360232707,0.3659202902656342,5.0,4.892929034529878
1065,0.22466495557891286,0.29081914826715627,5.0,4.858743417684019
1066,0.2763918603294315,0.35345174524789447,5.0,4.916245876003895
1067,0.2875687436112293,0.36480333303585244,5.0,4.90302907196023
1068,0.1592949142731266,0.2340883842217758,5.0,4.887996612138625
1069,0.22795263315478476,0.24607821214531622,5.0,4.896181281659651
1070,0.38366758487862573,0.5490947507982684,5.0,4.885714213885866
1071,0.22875853824297843,0.26815788332390866,5.0,4.868092736437406
1072,0.4115378865109478,0.525960860690653,5.0,4.892957722315838
1073,0.21703356704047794,0.27951217155912644,5.0,4.87218981206329
1074,0.2512986229719263,0.31575059538852024,5.0,4.903376826864427
1075,0.1339986682136276,0.16986282126074337,5.0,4.881876043114719
1076,0.19075866943402087,0.24900133433042626,5.0,4.898483852143336
1077,0.299466758907559,0.38576683646969934,5.0,4.892539499240982
1078,0.14691491597173623,0.19273523956541516,5.0,4.866654408621152
1079,0.22660798930485204,0.2918034217132919,5.0,4.893134793226794
1080,0.1857170435674369,0.22227547348504828,5.0,4.888059326633236
1081,0.3183824068069392,0.4330390388534109,5.0,4.88161476271272
1082,0.2789865542743466,0.352528982830868,5.0,4.891702774744866
1083,0.27787480800505326,0.3489271544784336,5.0,4.884492029879057
1084,0.3069110137961897,0.38715169201395416,5.0,4.884818928911097
1085,0.3178180856594075,0.41099772005151247,5.0,4.877446897271982
1086,0.11376892784564308,0.15062695674134408,5.0,4.897009993576864
1087,0.2666009134438809,0.3481730174324611,5.0,4.906536601196656
1088,0.20911945478009653,0.2638274436935939,5.0,4.893526371282322
1089,0.141415891344723,0.37929781110855365,5.0,4.893409173441681
1090,0.31575527688974603,0.3915504784018493,5.0,4.911222773073085
1091,0.183896083252433,0.2539441866049552,5.0,4.882052343095458
1092,0.22955078882443192,0.30046704015208014,5.0,4.887041459423189
1093,0.26415402696193957,0.31978941936243355,5.0,4.884807578565145
1094,0.2875451377501219,0.35757925531675805,5.0,4.885146659967958
1095,0.29248883071721044,0.3538456918676611,5.0,4.885098301539088
1096,0.37403733782955007,0.471975024297433,5.0,4.890971996445721
1097,0.29441816810339194,0.3700050858964359,5.0,4.9275376904390455
1098,0.34708245775563884,0.4395819199530546,5.0,4.876053830413785
1099,0.27801479942731455,0.33797803719269215,5.0,4.878602803280874
1100,0.23086078856552517,0.29334525647522414,5.0,4.899732824299177
1101,0.12844465950941264,0.15980525741519802,5.0,4.872459884182518
1102,0.2987856792976409,0.37904635290166566,5.0,4.8990412438097675
1103,0.2536895357229725,0.31448363229601295,5.0,4.895642048206383
1104,0.33308700867707497,0.4241099452343029,5.0,4.885590340417361
1105,0.09616807779227243,0.11213345830680699,5.0,4.884774273964219
1106,0.2285133195898621,0.33529381932464486,5.0,4.884451213286951
1107,0.14801461657970316,0.17296225115838615,5.0,4.880427177012647
1108,0.2920403856813818,0.37192802698707617,5.0,4.880402860477977
1109,0.2122241630241235,0.27359490587184854,5.0,4.905305112166127
1110,0.14025885595717846,0.18273700441727736,5.0,4.900391849385555
1111,0.1872452762964565,0.24047476213795194,5.0,4.909027087292017
1112,0.41630762962695167,0.5473947437002309,5.0,4.874394382880798
1113,0.16589299463718032,0.2021411804811999,5.0,4.905741751455999
1114,0.15216898035342563,0.1907677554792755,5.0,4.965826193600362
1115,0.3073239682037232,0.39414290575950917,5.0,4.842238475662777
1116,0.25374946135324894,0.33921681794828307,5.0,4.8932622292848915
1117,0.12042647213242552,0.13874809870669846,5.0,4.893535835440126
1118,0.20335438370285353,0.26427425916595126,5.0,4.90518667447069
1119,0.14751652832821782,0.18718915905046019,5.0,4.897562207264361
1120,0.5208859959986123,0.660684798727641,5.0,4.884318294306915
1121,0.2670398721935565,0.33847435649795443,5.0,4.886274769919305
1122,0.1932151376642124,0.2406419650844811,5.0,4.881834878250153
1123,0.3309496299029684,0.4246416871933185,5.0,4.883107290799549
1124,0.28499505142776727,0.38685993061250046,5.0,4.903347608502733
1125,0.1902185245081438,0.2461482792280434,5.0,4.897768139629477
1126,0.29253815395417604,0.37459978470105204,5.0,4.895384998879031
1127,0.2980437765019863,0.3757365520252458,5.0,4.899546133997976
1128,0.23856782400239984,0.3105857988011367,5.0,4.885886532768913
1129,0.08436812370851343,0.1101893640545748,5.0,4.871883901349188
1130,0.12493708360254652,0.15677381860370554,5.0,4.914258057381566
1131,0.34942598157825233,0.44869896503803397,5.0,4.890595636532868
1132,0.3358476543370499,0.42430562385667026,5.0,4.88296220193174
1133,0.13554260170516907,0.19489545584090107,5.0,4.867729640221077
1134,0.30308887073543667,0.38955883626014653,5.0,4.8903676104669636
1135,0.35766056141649094,0.4543084556745103,5.0,4.904435395629285
1136,0.18747404617823116,0.22619926219095854,5.0,4.886562766083644
1137,0.3046918396191445,0.3848041668905715,5.0,4.893866870910939
1138,0.3517542163786753,0.4488058902439802,5.0,4.900100557311289
1139,0.1466975859398758,0.2394849229176521,5.0,4.9071954403929485
1140,0.16363286663989007,0.2121864338998085,5.0,4.912966564833443
1141,0.2754605438568216,0.34375466884715467,5.0,4.897454299914683
1142,0.16541415400771164,0.2106924267688437,5.0,4.879506952415422
1143,0.12235259359956863,0.16224901616041842,5.0,4.9071229855700516
1144,0.2095264502398424,0.26276903860640943,5.0,4.8961325986894355
1145,0.2550106811378119,0.33184697221679715,5.0,4.895141514958494
1146,0.2429818480321173,0.253731951593263,5.0,4.898759816739338
1147,0.21067800424004268,0.2829095397860011,5.0,4.889351874219594
1148,0.32719066665525554,0.41607388972509485,5.0,4.883202017659478
1149,0.2360973964330908,0.2935796828130708,5.0,4.904874841802629
1150,0.2300454906642846,0.2980710438736902,5.0,4.893477329247089
1151,0.23096395508108936,0.30861114382784294,5.0,4.8829219775814
1152,0.15944004673422052,0.20955320204792383,5.0,4.891311450382645
1153,0.20073029348056748,0.23448110516669396,5.0,4.887186969091415
1154,0.20837364707982498,0.2450068612318126,5.0,4.887997895078877
1155,0.14836462098483905,0.1958135214743919,5.0,4.888622671229355
1156,0.27231126295153096,0.343955434193143,5.0,4.902041323331279
1157,0.3381948092138307,0.42442567712794643,5.0,4.8881184104546005
1158,0.11479896740172868,0.1554415347517324,5.0,4.903514604030601
1159,0.31084293240182204,0.39561401684081354,5.0,4.876978328207304
1160,0.09879631464634064,0.14290712493796898,5.0,4.886928311992458
1161,0.18152775857354864,0.22522390977819962,5.0,4.891805154427171
1162,0.36410211489204714,0.45765227930846053,5.0,4.894395808420375
1163,0.2831435194199001,0.35627780245193796,5.0,4.900840171431078
1164,0.2161869311020712,0.28936081629803634,5.0,4.87954693756512
1165,0.23043448581053383,0.2929243676373783,5.0,4.89190249745322
1166,0.17277265648445628,0.21872181479675534,5.0,4.910080804939705
1167,0.33747054492043516,0.4250798308932062,5.0,4.964652977188484
1168,0.2616788191796007,0.325627893550382,5.0,4.884006312343168
1169,0.4740899544572299,0.4095251523983199,5.0,4.882012423454025
1170,0.17341782240518788,0.2248928715606231,5.0,4.886071395571481
1171,0.2384137957793233,0.3255291953526631,5.0,4.88689942081777
1172,0.11908232623532178,0.15049744474579474,5.0,4.896503717345597
1173,0.18834583901237512,0.24556375309994372,5.0,4.887403417532523
1174,0.40226067761436757,0.505136975170227,5.0,4.873413923780481
1175,0.28215166024617466,0.3676606157648672,5.0,4.897038256866759
1176,0.17935694019656623,0.22187221129723955,5.0,4.884882617752595
1177,0.2540950683961145,0.3057809352527947,5.0,4.893483617314853
1178,0.2061550047384184,0.2894222899608252,5.0,4.894573475502648
1179,0.24185067307425046,0.3151094658466891,5.0,4.889757806802093
1180,0.33684478315032207,0.4322950662261169,5.0,4.891691559654676
1181,0.19415279548892017,0.2532414265607086,5.0,4.880840513888298
1182,0.26710296297636305,0.3510902250456669,5.0,4.835309879727667
1183,0.34857823904621776,0.4606570926433138,5.0,4.869906990179249
1184,0.3020192694621935,0.3800766752316409,5.0,4.905656888378269
1185,0.12872750282567802,0.15443417989746178,5.0,4.8758946701394645
1186,0.34217729614001935,0.4533951441099471,5.0,4.887048998813794
1187,0.31968654770156757,0.40569464484308493,5.0,4.915885183689985
1188,0.1899845964867879,0.24554916818221684,5.0,4.8971367764741025
1189,0.33228517233711696,0.43632303768006375,5.0,4.885661978023359
1190,0.3582180176936882,0.473300446851022,5.0,4.880236945982963
1191,0.1636086441255673,0.20456422514914374,5.0,4.888449353328186
1192,0.1403271216168096,0.1613231758011595,5.0,4.895653386567256
1193,0.20115207881009756,0.25266051493781894,5.0,4.908509106648262
1194,0.2129946169785928,0.2940665837404992,5.0,4.8925354853587955
1195,0.1937003870024987,0.23347696611857627,5.0,4.873742615547414
1196,0.3350839953335705,0.41530849911800605,5.0,4.888108664003816
1197,0.18124960289890835,0.2381734605168353,5.0,4.891736060055498
1198,0.23397249003477705,0.30247195458542686,5.0,4.879916925681771
1199,0.2455247191962353,0.3108665496429015,5.0,4.900106802100224
1200,0.18931117221755245,0.23819064670460421,5.0,4.89460779788522
1201,0.23899822285345862,0.3068583190499419,5.0,4.902200568656667
1202,0.3436703845911375,0.41248827257863274,5.0,4.902140039866367
1203,0.28661998868757,0.15294996453476006,5.0,4.901610370790541
1204,0.33129402242964123,0.42203181168803683,5.0,4.893186194759522
1205,0.43205174307957184,0.4895989545672388,5.0,4.890673924710773
1206,0.2609073450887267,0.3288784372876883,5.0,4.929401654707819
1207,0.31535132993812254,0.40238461117763613,5.0,4.902595017588691
1208,0.29180269438321615,0.3616585814161748,5.0,4.87840204759757
1209,0.4166669297936052,0.5140028497326539,5.0,4.892735034200211
1210,0.25209953950089603,0.31311063993209265,5.0,4.8799174917961885
1211,0.15059105853758203,0.18858999234037888,5.0,4.872641817198575
1212,0.1804397606096657,0.21874218356666786,5.0,4.905150919838661
1213,0.34309093873529317,0.43403994003991775,5.0,4.871458220633018
1214,0.16942697632080272,0.23982635331385715,5.0,4.883655022943687
1215,0.23822629708591525,0.2963899101379448,5.0,4.884739629064043
1216,0.14269668248157497,0.18900472410016822,5.0,4.884316580887802
1217,0.3565585426569464,0.45022920928224,5.0,4.909223672638419
1218,0.21254993913702802,0.2619189338601242,5.0,4.901678829893283
1219,0.31387473026694956,0.39665875547688145,5.0,4.896292776233304
1220,0.20522234168458442,0.2535851198415575,5.0,4.909913286001553
1221,0.26804678546587524,0.33949781643464183,5.0,4.895820120115095
1222,0.1658930700240282,0.231457455264082,5.0,4.869321903697896
1223,0.41478986770147563,0.5299847202033678,5.0,4.876585669718283
1224,0.2501291575843858,0.31533204865977194,5.0,4.88141150931968
1225,0.26691220368781576,0.3397489548420283,5.0,4.89583076514732
1226,0.18396882672707138,0.23657091061169022,5.0,4.894800774610486
1227,0.16068657270073072,0.20572452218145632,5.0,4.9371094019013295
1228,0.1776304816519727,0.22350428782779197,5.0,4.883999295905719
1229,0.14804185227193045,0.17621006092406488,5.0,4.9012514518244465
1230,0.26878552199663264,0.3346819929051783,5.0,4.890051905164956
1231,0.3033163700731756,0.3778506250997642,5.0,4.896352747767843
1232,0.41456464018521877,0.5292860644695119,5.0,4.879555077755038
1233,0.29633314383421916,0.3661474167798544,5.0,4.85884264037578
1234,0.27894870393733884,0.3498375551305495,5.0,4.8771041256687475
1235,0.2476437227535062,0.324937905985371,5.0,4.8922051019821655
1236,0.31829541774526304,0.40806227306181597,5.0,4.892822942071096
1237,0.15617333196487304,0.20176826709862739,5.0,4.886998752332197
1238,0.2183043249839156,0.2756785023036339,5.0,4.893810426396241
1239,0.30274479251219244,0.40260025486727247,5.0,4.793195806988413
1240,0.08116860276280558,0.10246063214085188,5.0,4.871660705274179
1241,0.27221610009586095,0.3458564289005308,5.0,4.890898785115718
1242,0.3123930201526439,0.4230161872540159,5.0,4.853349468721282
1243,0.3663986076244379,0.4657501181538386,5.0,4.886118838363869
1244,0.25002284523310125,0.3437156533610424,5.0,4.9107576744639125
1245,0.19820535834528563,0.2491261849425459,5.0,4.8948620023952305
1246,0.21113883494138763,0.27103718104564,5.0,4.894427496378295
1247,0.18546557769797056,0.23529283042897942,5.0,4.928205636925158
1248,0.22737518736231732,0.30021904290836443,5.0,4.8462024163623685
1249,0.22067961001994219,0.271778989882155,5.0,4.898029072566512
1250,0.10507501242543182,0.137255415858909,5.0,4.888873673004932
1251,0.3035868066529246,0.39146458412568963,5.0,4.884405257886968
1252,0.16921925985129138,0.21149510212758726,5.0,4.9117879525455255
1253,0.29840501816475506,0.37556004205143934,5.0,4.89264966119471
1254,0.1652318541957074,0.2065407263372716,5.0,4.878221301035444
1255,0.28519554878906295,0.3631247521414196,5.0,4.8964320680762174
1256,0.21009347259228917,0.26492861688143754,5.0,4.889247967293464
1257,0.3016100488041462,0.3683870929078479,5.0,5.046707007853319
1258,0.1279178215055019,0.1827965032684542,5.0,4.886559935096324
1259,0.32176409029604036,0.41453784117146486,5.0,4.902321871298048
1260,0.3382149916427646,0.42344592491650723,5.0,4.897230208748873
1261,0.2912017416423345,0.38001625198980404,5.0,4.896851685098165
1262,0.13400976162659273,0.1696869480918528,5.0,4.900578249609575
1263,0.45224832682169636,0.5607174798588122,5.0,4.876132976681173
1264,0.2773316123426335,0.33218688324531453,5.0,5.0
1265,0.25036739748800185,0.31955405162135775,5.0,4.909704797013141
1266,0.23997352507012026,0.30362222054062626,5.0,4.903567729014124
1267,0.1670896425569417,0.2242576571522492,5.0,4.876086043092114
1268,0.4494924566890024,0.5770411195975051,5.0,4.904088545359571
1269,0.316594437895791,0.40347267862838554,5.0,4.8919249438204915
1270,0.38026380410844407,0.499921750799899,5.0,4.86746235462749
1271,0.312427669758675,0.408023230565445,5.0,4.873684202567405
1272,0.25156061272774366,0.31954308944509147,5.0,4.908721865041237
1273,0.19893915682664787,0.2534491097521312,5.0,4.919017682570539
1274,0.39552939483108496,0.4990922046736421,5.0,4.8889975848462
1275,0.26278194095273677,0.3333617090283094,5.0,4.916508950298644
1276,0.2399615674283062,0.3041972001754043,5.0,4.853166781098528
1277,0.17074880763131284,0.2227725944149308,5.0,4.892628831138612
1278,0.28202029821859664,0.304294952652314,5.0,4.884628286506683
1279,0.1604818143349105,0.20977284631394388,5.0,4.892803407832345
1280,0.15788476105620797,0.1950387775350173,5.0,4.885673585945467
1281,0.13669269430845232,0.17385288938405163,5.0,4.8806710936774245
1282,0.23516138433237632,0.29739058689158115,5.0,4.892795826758389
1283,0.19291174766273422,0.24974441108425283,5.0,4.890946429902261
1284,0.24264671937240845,0.307121711902691,5.0,4.878017362292066
1285,0.37031053943065384,0.4661299896152453,5.0,4.886217637062975
1286,0.31908963940400814,0.4042363086089402,5.0,4.8939515051716675
1287,0.41087628293727096,0.5148635143181945,5.0,4.888607707032087
1288,0.338827426456765,0.4330597660222537,5.0,4.878580892195279
1289,0.37715268072965547,0.472987184008099,5.0,4.913015661090849
1290,0.21084985643712062,0.26389656050466703,5.0,4.896933133362333
1291,0.24860630815299367,0.3115033895820516,5.0,4.909758399569677
1292,0.2233532743528437,0.2814650461754904,5.0,4.89556666039582
1293,0.32823856963228537,0.4300443258035813,5.0,4.8807379912360105
1294,0.1887716232550698,0.2468715071891856,5.0,4.896008218924868
1295,0.18706923497752959,0.2589278996481674,5.0,4.90079606474513
1296,0.19265327965143042,0.31516455054152814,5.0,4.904746590245157
1297,0.2270863228170379,0.2781586711932198,5.0,4.9000188138661205
1298,0.23604694974983786,0.28357885745764144,5.0,5.0
1299,0.3107977574251899,0.3987855226671948,5.0,4.8617998153741215
1300,0.10093441347127885,0.12862280904396384,5.0,4.8602634183170235
1301,0.2182197819364582,0.2761444627426666,5.0,4.873606027132951
1302,0.2582834691848337,0.3344380454764997,5.0,4.896320855734997
1303,0.26858513167408593,0.346546514834166,5.0,4.893399545777086
1304,0.36956756783260625,0.45597000113866204,5.0,4.899181453104839
1305,0.1781498140419231,0.20637943329099762,5.0,4.894864789676081
1306,0.22428829138290118,0.28566393013277325,5.0,4.883319028130293
1307,0.1306531722137101,0.22837722170746022,5.0,4.875815207640617
1308,0.157030043812858,0.199510727542894,5.0,4.900446643965548
1309,0.22221396395405635,0.2877618247336513,5.0,4.852683168489538
1310,0.20406979395203062,0.2310765176801528,5.0,4.898833408657737
1311,0.2434658851446856,0.30589690736756125,5.0,4.92610310846433
1312,0.30581103315596736,0.38941950910410217,5.0,4.905138128646609
1313,0.25624551789744365,0.32489411469488316,5.0,4.908398752477403
1314,0.22846749017150114,0.28839859510972077,5.0,4.898930109990403
1315,0.22357340117390234,0.28535391271624166,5.0,4.8857820590111345
1316,0.27375064914473324,0.35647836633702523,5.0,4.896770499760992
1317,0.2320836687889829,0.2814994988905217,5.0,4.9053934937668675
1318,0.22775928463898665,0.2933123291920914,5.0,4.907099947148739
1319,0.25033796451127466,0.31431775966747333,5.0,4.85913063874464
1320,0.4380174454769443,0.5616127961834421,5.0,4.887381339420891
1321,0.22823388087080265,0.35057104436273456,5.0,4.878248226083093
1322,0.33898900394879705,0.4223469590212585,5.0,4.909392499805785
1323,0.24656753231441564,0.3058894739246971,5.0,4.899411212361047
1324,0.24989640317030815,0.32834036193808713,5.0,4.882428477141936
1325,0.20016916757895675,0.2537232874983477,5.0,4.87677995135531
1326,0.32946473472336435,0.4209020614013157,5.0,4.891181427855011
1327,0.17158053045531707,0.21723627182248073,5.0,4.902478536921837
1328,0.35611256488958176,0.4567913503117844,5.0,4.893132978331796
1329,0.3001784595946584,0.3939043333695018,5.0,4.778861451421843
1330,0.16300026368698672,0.19525406529843603,5.0,4.904424096283133
1331,0.3693891347109928,0.457455244825403,5.0,4.879364379550477
1332,0.11179776445538869,0.1695184445535518,5.0,4.889800776663433
1333,0.19717133802437314,0.24965996272379432,5.0,4.890379640897651
1334,0.36093911960593195,0.45428991569234234,5.0,4.892262588807776
1335,0.21318595388810824,0.27778469714661824,5.0,4.851636047399648
1336,0.25430610140286736,0.32549804429391305,5.0,4.880766788568227
1337,0.15905516678570697,0.22036007790994527,5.0,4.88781846426992
1338,0.1682843035787973,0.19853796892565945,5.0,4.898375092987113
1339,0.2229926653013523,0.2919081126563885,5.0,4.854986453574606
1340,0.24688214111098894,0.30328870169823396,5.0,4.885839936431857
1341,0.15573051855076647,0.21022102573937373,5.0,4.8764227057674425
1342,0.2088245773461328,0.26288738134882594,5.0,4.889800378897693
1343,0.17530567819635046,0.2205238719950131,5.0,4.88921780418214
1344,0.2611410667037597,0.4226258726477037,5.0,4.880010997797513
1345,0.29375906760422454,0.37432802603688264,5.0,4.885716084758593
1346,0.10397595031339568,0.13027845333611632,5.0,4.903224250240772
1347,0.28458588855741707,0.36047306667655477,5.0,4.907135767966153
1348,0.3442564903278944,0.4348643918596171,5.0,4.875551741468156
1349,0.30421898863428587,0.37932523199868284,5.0,4.907155360653652
1350,0.13049141134214537,0.1662096296066382,5.0,4.893583727009716
1351,0.1126389616563257,0.14585027188851774,5.0,4.883513733034981
1352,0.3688430634196431,0.48436036433991125,5.0,4.884901144633034
1353,0.24130665270695761,0.34984770384932395,5.0,4.892680897749706
1354,0.2889406125847269,0.36471228034047654,5.0,4.890323076736562
1355,0.34379601271174853,0.43695548286029107,5.0,4.857592533729127
1356,0.16899300994425492,0.2143352943956418,5.0,4.90019614039781
1357,0.08994274370172017,0.1120634937760756,5.0,4.908473608493766
1358,0.2916453841306239,0.3639525060148383,5.0,4.882802610660679
1359,0.19056795640614932,0.24701247653529768,5.0,4.890739124333976
1360,0.25738623486993717,0.3095373658665741,5.0,4.910654187090131
1361,0.31652293052545155,0.353820142258485,5.0,4.911886063119342
1362,0.413751626267985,0.46097367481130025,5.0,4.888720665936637
1363,0.40948206320695224,0.5299425336125991,5.0,4.883806171521918
1364,0.23025656268822403,0.27982398358785643,5.0,4.906403340357466
1365,0.12774894323852526,0.14105883661173446,5.0,4.881685973164842
1366,0.26553316354566436,0.32877420681581837,5.0,4.889949956091364
1367,0.22423443938999643,0.33051523262149796,5.0,4.8844283749761175
1368,0.1282891078375188,0.16859773454126192,5.0,4.881739842434163
1369,0.08630793737730325,0.10452152198234099,5.0,4.893599994325717
1370,0.3108391369036163,0.3786806090034245,5.0,4.903621670221243
1371,0.3118978674405597,0.38260247262349134,5.0,4.8956355916600724
1372,0.2068853450100432,0.25142988563800905,5.0,4.908156320278687
1373,0.3666924291551821,0.4521478416367877,5.0,4.9105369075077565
1374,0.11834436484430277,0.14455870803650628,5.0,4.898404610206839
1375,0.259018741051841,0.3179049966185441,5.0,4.913287136356015
1376,0.28754996758327045,0.3541040815338248,5.0,4.922892027766279
1377,0.34281779638032917,0.4193216510088702,5.0,4.906862008459765
1378,0.21468832510292257,0.2629563033444462,5.0,4.912501688979605
1379,0.19210625798873848,0.2362042458691307,5.0,4.917371005163718
1380,0.18721407094476383,0.23059774174860959,5.0,4.908319427465999
1381,0.2731426420230443,0.3376311634931983,5.0,4.908347767384376
1382,0.11013130049879694,0.13591480522179356,5.0,4.909242136718186
1383,0.279859920103271,0.3454322947073101,5.0,4.918906328840782
1384,0.12518279562857582,0.1547386882899311,5.0,4.920268134690575
1385,0.4014873926649656,0.4941881825721772,5.0,4.9112501522703145
1386,0.1650835551776184,0.2042126821228918,5.0,4.904759568850778
1387,0.36975803449669553,0.4557344233203524,5.0,4.91097959505983
1388,0.23053965011189836,0.2857683644914746,5.0,4.9006747909154935
1389,0.2701587952057114,0.334623158874364,5.0,4.907354655695562
1390,0.14290565009389633,0.17538587596792854,5.0,4.903496206227844
1391,0.26860400078433666,0.33170129622485667,5.0,4.898644616485228
1392,0.21125416068496494,0.26233655033202075,5.0,4.898360345032922
1393,0.2278605737583439,0.278621275900959,5.0,4.921400542611893
1394,0.21951583363122085,0.2708677004769302,5.0,4.9035704733718966
1395,0.3012088333708953,0.3696160785251017,5.0,4.913628732345368
1396,0.22151578206591904,0.24625620303860374,5.0,4.912248658204952
1397,0.39340495858555546,0.48443251115920916,5.0,4.903251553405621
1398,0.26606356074704096,0.3268537834976284,5.0,4.902074984414133
1399,0.2606609831296596,0.3199596723039084,5.0,4.899423447353453
1400,0.162887296993665,0.20045108365345032,5.0,4.906857471348083
1401,0.2179632852227984,0.26689601191546464,5.0,4.916366675196668
1402,0.2373113839508767,0.29304799025750317,5.0,4.902544574174668
1403,0.23764352032108205,0.2948040673985419,5.0,4.906182862839534
1404,0.2410571278455984,0.29887387129205867,5.0,4.934393782191826
1405,0.24448786541765966,0.3024773894981032,5.0,4.904611873780409
1406,0.24654081128017657,0.30341707747839375,5.0,4.92210112775382
1407,0.26475862775098347,0.32596005302266096,5.0,4.893425938313252
1408,0.2588723317275008,0.3203322942694333,5.0,4.921497511034758
1409,0.3396031455167081,0.42084547431727404,5.0,4.894178415012362
1410,0.32971925260939217,0.40648000150373065,5.0,4.916997846187572
1411,0.15286961705393698,0.18682877547465826,5.0,4.907832670122492
1412,0.21036659948717595,0.25929298041243065,5.0,4.918512671426347
1413,0.25301815656995963,0.3108508127937466,5.0,4.906950623553543
1414,0.20571258000258452,0.2512755188112874,5.0,4.910803455658481
1415,0.225035172544916,0.27887432646533417,5.0,4.905756993900701
1416,0.28026834269477163,0.3452528554678844,5.0,4.899365054295295
1417,0.17473579014740714,0.21520549543069478,5.0,4.909906603005032
1418,0.2195726530346933,0.2746613969449596,5.0,4.911148219695125
1419,0.21617908426464805,0.26949692137708103,5.0,4.906518798342301
1420,0.36741949505153415,0.45183032417323865,5.0,4.907252771109336
1421,0.3931518751488916,0.48259848780744763,5.0,4.905289358560045
1422,0.22040047840061505,0.2723767769817915,5.0,4.913698102447297
1423,0.22316145680122212,0.27788139758111874,5.0,4.887177603631088
1424,0.22842482002653663,0.2816594626048603,5.0,4.907195991211459
1425,0.19324161880508806,0.23927383381240253,5.0,4.908074978402075
1426,0.20886465389962994,0.25790728318141376,5.0,4.9130691812768035
1427,0.25022844189490834,0.3082870227048622,5.0,4.908215245456331
1428,0.19427825120349618,0.23632408108543967,5.0,4.895918771588512
1429,0.24343676677177162,0.3015879407399631,5.0,4.909075961408327
1430,0.09685209703899345,0.12188528623140082,5.0,4.912296963577338
1431,0.18996829804614035,0.23204914033308977,5.0,4.920545794437681
1432,0.13861317986513555,0.17014406189554476,5.0,4.9087563701060954
1433,0.3005089289531586,0.37053396809209915,5.0,4.910876301238982
1434,0.31227254831325624,0.37991468440633214,5.0,4.910531959525404
1435,0.19759315002532007,0.23953889331469091,5.0,4.912349027724492
1436,0.23109965899503493,0.2833786295294083,5.0,4.91520945564389
1437,0.19790282249110458,0.24318469719018965,5.0,4.915736648530604
1438,0.21998755557566807,0.26759748672237604,5.0,4.911119106445039
1439,0.21970140055117549,0.2746709286277962,5.0,4.9093048794830185
1440,0.22043483065154668,0.272085972814222,5.0,4.907848414593534
1441,0.25296252838428734,0.312003558099722,5.0,4.913494382601016
1442,0.1695797652811104,0.20866341236033192,5.0,4.913681529044371
1443,0.22133645913150968,0.27178942309142196,5.0,4.92119294494028
1444,0.15946637562507027,0.1939475723501718,5.0,4.949272348629625
1445,0.2849770877354043,0.3498189734661492,5.0,4.896457908659393
1446,0.13301163054140153,0.16364736782640432,5.0,4.915455853226671
1447,0.40337360754778806,0.49680505424253707,5.0,4.904912740195506
1448,0.32366662997507323,0.3984763737606083,5.0,4.916648801512986
1449,0.41886163803321375,0.5140468355147014,5.0,4.920894893627299
1450,0.23546205251149632,0.28853377639849276,5.0,4.898538911972148
1451,0.13333547786343902,0.16410046924614785,5.0,4.917297838275276
1452,0.10118063846861647,0.12429534913814111,5.0,4.916574386438848
1453,0.15424171606644244,0.19174354361777102,5.0,4.908564501800772
1454,0.1303613342111949,0.1604204098961881,5.0,4.905961479423171
1455,0.32784762151495994,0.4039056566427053,5.0,4.90533390599837
1456,0.1992800660378813,0.24671817378003413,5.0,4.918332429532324
1457,0.22983654583128033,0.2943218253013524,5.0,4.913834484959807
1458,0.20247012124565855,0.2480519041831286,5.0,4.905579468114452
1459,0.3792363710512243,0.4704388836166449,5.0,4.8959517328848
1460,0.1454546487322046,0.18081536046688407,5.0,4.910321593804863
1461,0.23037876236530108,0.2808834573268877,5.0,4.913850615861843
1462,0.2250260507354227,0.27649987865446146,5.0,4.92099853626172
1463,0.07993827860019898,0.09821967339505178,5.0,4.9132713551252305
1464,0.1608058220827322,0.19820230585966137,5.0,4.9199501667722245
1465,0.23205739868074815,0.2874193795937454,5.0,4.915154993056694
1466,0.35099906239285583,0.42985316265540696,5.0,4.929105092322867
1467,0.3444061238744669,0.42230463585666134,5.0,4.914241790820633
1468,0.16548890328327936,0.20612869901336817,5.0,4.908549888055074
1469,0.2687327695625046,0.3490793740103044,5.0,4.901352920706188
1470,0.14763003202345581,0.17751891299361255,5.0,4.9168781945949025
1471,0.27604687194612976,0.3379971606015708,5.0,4.926146874314101
1472,0.35967318783563984,0.4427512741667581,5.0,4.906602496120049
1473,0.23490961066896587,0.289423845226922,5.0,4.917460864476313
1474,0.11181864897372562,0.13962631495711708,5.0,4.910283779799389
1475,0.16069892584723733,0.20045750789817385,5.0,4.910601076292096
1476,0.1833903523605771,0.22603307525381444,5.0,4.901837907945756
1477,0.2182521593756559,0.267936987093532,5.0,4.904500154195421
1478,0.1530244895754782,0.18826493984729598,5.0,4.907710664765421
1479,0.28352220195219147,0.3530137020279285,5.0,4.907309970938387
1480,0.2896094130856497,0.35415253190407725,5.0,4.92918054240806
1481,0.37089581805975014,0.4549093867548051,5.0,4.896820763731959
1482,0.19553708052441787,0.2386745669594701,5.0,4.905904060039168
1483,0.251348208877485,0.31549427473958636,5.0,4.901099888245861
1484,0.28590711690668114,0.35252715875938656,5.0,4.902759375347108
1485,0.17050451090946495,0.2090668163328706,5.0,4.913136830427822
1486,0.31146781527956247,0.38365956719634875,5.0,4.908282679049831
1487,0.3584667016866816,0.441519689153411,5.0,4.907974692404293
1488,0.3323705652564952,0.4094388649770211,5.0,4.910374458824656
1489,0.21676706247681188,0.27226397136032077,5.0,4.910172080371362
1490,0.27576167867282364,0.337217057920592,5.0,4.900192214411687
1491,0.11107144615853937,0.13795152568362212,5.0,4.906317534338438
1492,0.17882226239985854,0.22641904811186664,5.0,4.9137763379571275
1493,0.37993492555821784,0.46673838989177097,5.0,4.904846441890367
1494,0.4179284228194413,0.5151992933132841,5.0,4.911398353806344
1495,0.34058255803320003,0.42075530976976205,5.0,4.915539672142053
1496,0.120151441373052,0.14608617602395757,5.0,4.914739949333882
1497,0.24554943563124088,0.2997485695636979,5.0,4.91489109119545
1498,0.21661999900307638,0.26595135876046827,5.0,4.903163890286404
1499,0.1926911462633487,0.2373638395753881,5.0,4.90913218530217
1500,0.4295906483589791,0.5306627809377482,5.0,4.903710745480581
1501,0.211711346051624,0.2619625881939722,5.0,4.922871695551505
1502,0.07912337655207402,0.09636272924626277,5.0,4.914548556953777
1503,0.21062223144946524,0.2618378834895023,5.0,4.911082671034386
1504,0.10646387313312666,0.1305767971666154,5.0,4.904106708089895
1505,0.29443397367460755,0.36139995206799025,5.0,4.9198307710873745
1506,0.24124212260607103,0.29506236210784453,5.0,4.922309835448964
1507,0.21413442942825855,0.2623365797779198,5.0,4.924911940144874
1508,0.2623122733162837,0.32332835878591926,5.0,4.911081887593092
1509,0.326499244034298,0.3988810680059305,5.0,4.9116890761354615
1510,0.11750016092565163,0.1454709515565269,5.0,4.913520747150715
1511,0.251287947590219,0.30923358016922053,5.0,4.909497231334141
1512,0.309296522786058,0.38026255697368394,5.0,4.917934682435039
1513,0.28102288202644843,0.3462447497823591,5.0,4.906329332537309
1514,0.19837664178133219,0.24951440481177722,5.0,4.914139535696274
1515,0.2155624088085395,0.2592666291882306,5.0,4.91668853437945
1516,0.2932535309335851,0.3594923824876517,5.0,4.921626355463431
1517,0.2578719762733557,0.3154479194319164,5.0,4.908857297257967
1518,0.11235116198625583,0.15293470392852448,5.0,4.912490659404529
1519,0.237098188614979,0.289576420042722,5.0,4.909128023846572
1520,0.22463904949898272,0.27971109412815753,5.0,4.892365762972286
1521,0.12554617702167792,0.1311794309456491,5.0,4.9186749485060055
1522,0.2758364907787729,0.34006610598959686,5.0,4.899324542414822
1523,0.12770432022934397,0.15798230992152673,5.0,4.914990586930861
1524,0.1867618544990728,0.22881039115765178,5.0,4.927899828596347
1525,0.2673412855517898,0.3300261889108931,5.0,4.904641245534549
1526,0.26554953279424254,0.3268386621568833,5.0,4.9056051090514785
1527,0.27025163791577556,0.334024129590758,5.0,4.901818728834764
1528,0.3447250306266698,0.4248796992096011,5.0,4.906322488809325
1529,0.2453330377335572,0.30495914864733265,5.0,4.914667719787369
1530,0.16448434933580658,0.20161137688271769,5.0,4.913230279939391
1531,0.20668579388365815,0.2528029227699091,5.0,4.90411557143692
1532,0.1943495457577762,0.24601958617438102,5.0,4.846510122535266
1533,0.27131586875193237,0.3361818635721183,5.0,4.906635463187401
1534,0.2713883445161438,0.3334004871321845,5.0,4.9117728096620805
1535,0.27409955437780487,0.3363721613641226,5.0,4.922737501459169
1536,0.2095729833836597,0.2581254798816124,5.0,4.91096601953541
1537,0.16520359109468652,0.15824874989103432,5.0,4.903782791381888
1538,0.41173587284822144,0.5067487331706333,5.0,4.943381728450547
1539,0.28092597473767755,0.3471309960893534,5.0,4.906503080194717
1540,0.12006816643565821,0.14779803655237633,5.0,4.9062596105681155
1541,0.27034860700850194,0.3313395584910237,5.0,4.90901679394395
1542,0.32574377858630843,0.40212074664141784,5.0,4.905380151623602
1543,0.23884336382332094,0.29458952833597185,5.0,4.907800669762832
1544,0.1354705328420116,0.16621003919195787,5.0,4.9066233192807385
1545,0.25043206808395535,0.3071846151693618,5.0,4.914797097998038
1546,0.3565009757957669,0.43851347830760523,5.0,4.91150402900427
1547,0.3110499179160602,0.38375639432792163,5.0,4.902992696705146
1548,0.127269390325486,0.1603135109716507,5.0,4.9056317155648355
1549,0.1349973339817423,0.1675574421040138,5.0,4.905577878431888
1550,0.16276134122112218,0.2009071637008073,5.0,4.925619086276027
1551,0.19878782351490276,0.23785555765433464,5.0,4.91316634927359
1552,0.24911351076941024,0.3080514220950532,5.0,4.911435362847154
1553,0.20822477307254772,0.25652275850836914,5.0,4.903848992145194
1554,0.26424347558193917,0.32600139526046124,5.0,4.9139453045539305
1555,0.27466345808461967,0.3371320119680361,5.0,4.893990370417356
1556,0.3221402315376798,0.3967599160370492,5.0,4.892579658670266
1557,0.15414960966389302,0.18886895331023945,5.0,4.911187689801659
1558,0.2210933905228918,0.2711054996483031,5.0,4.902457868138903
1559,0.14314081665945877,0.19102423704967175,5.0,4.904873715432352
1560,0.2031325001425761,0.24907373364556484,5.0,4.911864607142418
1561,0.2980769997212198,0.3670129829926101,5.0,4.910640944336677
1562,0.47219820389860345,0.5828912182061183,5.0,4.903964475947369
1563,0.3848161221222619,0.4740443422524976,5.0,4.906822263256974
1564,0.2560692983948465,0.3590695444897507,5.0,4.916513687814739
1565,0.26014850110142307,0.321083262235923,5.0,4.902364277913263
1566,0.11926226626877745,0.14474672857999438,5.0,4.955477201675187
1567,0.24633370801806698,0.2995146030500404,5.0,4.911617299945563
1568,0.31234353796587566,0.38307021316076817,5.0,4.919581750748021
1569,0.24201715562770043,0.2997264870797167,5.0,4.907901873229639
1570,0.2765036645633847,0.34074905592539717,5.0,4.9106518416421086
1571,0.22160703813164284,0.2829521682986571,5.0,4.903561396034251
1572,0.0786481659080529,0.10018115552131768,5.0,4.903586663549326
1573,0.2049257815039538,0.25306994275803407,5.0,4.906829537254289
1574,0.1902481757383887,0.2330973794930966,5.0,4.911179680730839
1575,0.1425223412920158,0.17632521155031,5.0,4.898305604373201
1576,0.26327836520011316,0.32804445237476076,5.0,4.9014327579176875
1577,0.24195338664689325,0.2892688769034417,5.0,5.0
1578,0.39951486639348754,0.490508776402927,5.0,4.910501748695113
1579,0.148398880705646,0.18516318066563975,5.0,4.901206627533874
1580,0.3658581106793666,0.4496796927667459,5.0,4.9193140489961795
1581,0.3622272227853074,0.44376667182901564,5.0,4.913503692308243
1582,0.28894595932406997,0.3569874869087337,5.0,4.895308553626743
1583,0.30124041930903767,0.36368376042818573,5.0,4.915965650833263
1584,0.1584272377067537,0.19526268514447098,5.0,4.923209879574699
1585,0.24604353792216527,0.30441627811064587,5.0,4.893560828073422
1586,0.30129490407480786,0.3724032235756187,5.0,4.9009927163337075
1587,0.2221362831121112,0.27346203041488093,5.0,4.912413136793532
1588,0.05354904899226409,0.06488586683056075,5.0,4.912392156241987
1589,0.2924227605962204,0.36146410464721157,5.0,4.914574683266153
1590,0.10805899417320086,0.13323211908660326,5.0,4.906097611735234
1591,0.14305678873089733,0.176546456420831,5.0,4.914279731162194
1592,0.2664418842350118,0.3286806610444051,5.0,4.909328219729856
1593,0.21904340839562386,0.2673738382021653,5.0,4.90813667175285
1594,0.2300982863763934,0.2831762490869798,5.0,4.908507478723347
1595,0.18407130428736895,0.231054113608276,5.0,4.91701821187891
1596,0.31810683755070723,0.39199726415861624,5.0,4.906121294952914
1597,0.17921259237348375,0.220428095302311,5.0,4.887915589605569
1598,0.23899137869556797,0.28551847976932354,5.0,4.9127366532823835
1599,0.2073673150041575,0.2551862405950249,5.0,4.902602916097543
1600,0.26756403644648086,0.33221252578796356,5.0,4.8937502685487555
1601,0.23136148558494862,0.28234983773786637,5.0,4.9049694354867945
1602,0.24090205798268305,0.2981441134921592,5.0,4.908040220202778
1603,0.2279658498121535,0.2827917710972583,5.0,4.907064179287168
1604,0.42893791450398555,0.5272707724613352,5.0,4.911367543885534
1605,0.2700408979310982,0.3309037403251087,5.0,4.9192356786080005
1606,0.20753162074832532,0.25628482044489775,5.0,4.916336594992989
1607,0.2145714746924785,0.2633094246567982,5.0,4.919228937953255
1608,0.31401958009057496,0.38519809094946744,5.0,4.90560692823359
1609,0.28488164209780886,0.35157874281915413,5.0,4.906372196018669
1610,0.29990479197667885,0.36831333107770914,5.0,4.915783456674534
1611,0.1369913882541931,0.17427612373180157,5.0,4.920223196786271
1612,0.2215083852381574,0.2770857462616292,5.0,4.89473682216901
1613,0.269448841587103,0.33414177113439836,5.0,4.9177216710574445
1614,0.20294808220749094,0.25054069278740476,5.0,4.903110396354782
1615,0.15969221908326992,0.1989095985476872,5.0,4.9187972849602435
1616,0.22536856168628128,0.27557222223299305,5.0,4.9003255852470495
1617,0.23579045136814192,0.29256830389629584,5.0,4.893099615396865
1618,0.2092803037581823,0.25309650064284606,5.0,4.899200577975691
1619,0.2731829960057788,0.33884364309562254,5.0,4.908244750887452
1620,0.17158631098551536,0.19900733367102785,5.0,4.9165230149017525
1621,0.3137009519899918,0.3863023476281895,5.0,4.907556852344026
1622,0.36154883760475753,0.44213085761822035,5.0,4.912718801203981
1623,0.3075815984028152,0.37950865885000695,5.0,4.914019777739451
1624,0.18612028492276034,0.2293005801340129,5.0,4.915172189139287
1625,0.3392025123858684,0.419319659777601,5.0,4.907729119277624
1626,0.24420743337616746,0.28116629818158745,5.0,4.908597532723755
1627,0.3188509941635991,0.3916019004628961,5.0,4.912529184707424
1628,0.1590272274021718,0.1961775626877389,5.0,4.912738564215706
1629,0.2513677570351198,0.3087639666376545,5.0,4.913480324947832
1630,0.3105361885425728,0.3803161494301348,5.0,4.912367774144171
1631,0.31267403001780736,0.3808626300759421,5.0,4.928982521909688
1632,0.32191896179842483,0.39347147290314344,5.0,4.925198188283231
1633,0.2513386216988318,0.3084306006605364,5.0,4.907734421737189
1634,0.41167575404963674,0.5065217648911062,5.0,4.904460409547502
1635,0.26741391637605694,0.3304966479702345,5.0,4.904497179020835
1636,0.2626424413014663,0.3263230060448321,5.0,4.896361594208036
1637,0.3742305965696744,0.47749264032781413,5.0,4.908807920745346
1638,0.1474734322920348,0.18233224887057542,5.0,4.908380254867701
1639,0.15199143944105042,0.18817789433690546,5.0,4.915209523275328
1640,0.3827307536540132,0.46900578885636635,5.0,4.917191779285757
1641,0.3191428095830071,0.39345166485865457,5.0,4.911103687783811
1642,0.34154739200920514,0.4203788506670465,5.0,4.909926979626675
1643,0.23724265357150975,0.29101775665526386,5.0,4.914472816524942
1644,0.16037117408352297,0.19861694790050577,5.0,4.90481225120285
1645,0.18574832709186095,0.22959117339935897,5.0,4.910005104836204
1646,0.26260931527008036,0.32339037313259045,5.0,4.903699099659802
1647,0.3408393903482021,0.4205565253590102,5.0,4.9153390529755825
1648,0.2763438195152401,0.34217429219651385,5.0,4.918102166670462
1649,0.16155788549782257,0.19938262936397444,5.0,4.9092660173858516
1650,0.1323783042887412,0.16233179385183183,5.0,4.9143099966402914
1651,0.17131022131822493,0.2144669241150372,5.0,4.915120502569881
1652,0.11236997930874759,0.13964623154949196,5.0,4.900534495925752
1653,0.21255748551686726,0.25567502462515734,5.0,5.0
1654,0.30189286839139373,0.371535632680281,5.0,4.913809512378418
1655,0.20167875445044436,0.24583811603154704,5.0,4.910141685698939
1656,0.3410966389347312,0.4180739104611719,5.0,4.918240217259804
1657,0.09714479063829584,0.12122033799358323,5.0,4.917286736362971
1658,0.24274634327259803,0.2982612660837065,5.0,4.925107466747578
1659,0.1984203100520796,0.252469653403391,5.0,4.9164777465800835
1660,0.2139047739464519,0.263506959801036,5.0,4.901069817189132
1661,0.15423791281111865,0.1903352069627462,5.0,4.931096808199378
1662,0.280492165841729,0.3462649635527797,5.0,4.897235813930809
1663,0.4932016740058509,0.6048362099990086,5.0,4.912072153321976
1664,0.35260004553912716,0.43746920534623945,5.0,4.911057274639843
1665,0.14757305747529004,0.18177988445205617,5.0,4.909375633334472
1666,0.21665806767122353,0.26567700534344807,5.0,4.9153910930120315
1667,0.37265685807137006,0.4600260982247577,5.0,4.897771588495763
1668,0.3290309501308686,0.4046682452846482,5.0,4.900040876206635
1669,0.17202713595764396,0.2109067823808759,5.0,4.897130552365132
1670,0.2750969175457425,0.3376659945623841,5.0,4.9057329794223925
1671,0.1883356547355557,0.23429412508597514,5.0,4.898120332798062
1672,0.11653955387811799,0.13615586863178697,5.0,4.912400159745927
1673,0.3342472073072451,0.4097753858875339,5.0,4.914104066538014
1674,0.39412789550233707,0.48102641665527046,5.0,4.922525787172436
1675,0.2521980631695946,0.30975735306049,5.0,4.917103802621741
1676,0.16270565901632272,0.19919448914599047,5.0,4.914734345973537
1677,0.23954098613336638,0.295943404097216,5.0,4.916705788553779
1678,0.36741885020066656,0.45432779215968133,5.0,4.895718165827203
1679,0.22497953651569857,0.27837337141903973,5.0,4.905101572152519
1680,0.3163862167846403,0.3888428216487678,5.0,4.914935460226717
1681,0.13397142863249423,0.16339922049538447,5.0,4.905194097021397
1682,0.20230707594026054,0.2502970574751866,5.0,4.8951622701299335
1683,0.20249213680472344,0.24998965663526618,5.0,4.90282131650301
1684,0.25461267078860783,0.3152833871980467,5.0,4.901421079856805
1685,0.08876649766986211,0.11255148006076454,5.0,4.904407141250147
1686,0.37741606652667903,0.46632902483959415,5.0,4.912673668732062
1687,0.29167037556405595,0.3608620133433509,5.0,4.924947812888458
1688,0.22607209373111248,0.27758275013447364,5.0,4.914974691120859
1689,0.12001106103263082,0.14757138182064788,5.0,4.908300282222298
1690,0.11977257320341961,0.1485114490552788,5.0,4.9047815505389725
1691,0.3120119195839526,0.3821861245840117,5.0,4.92795391024246
1692,0.24347158329343088,0.3050284826952441,5.0,4.901295084654755
1693,0.2167996915118393,0.2674493958261346,5.0,4.905609475308932
1694,0.2061229508819591,0.2542422030447973,5.0,4.915337925235246
1695,0.3972593509059469,0.4860335909861131,5.0,4.924327767099594
1696,0.25234168766358844,0.3108253720491947,5.0,4.919662450069655
1697,0.3215461021148762,0.396313082825112,5.0,4.913357716683473
1698,0.16661267699414117,0.20753167173381426,5.0,4.895330131039826
1699,0.19686921787723177,0.23695547439255504,5.0,4.912494204316582
1700,0.2043690034330501,0.2517335752509924,5.0,4.90316220447526
1701,0.1526806242865637,0.18652416075836986,5.0,4.908078064184149
1702,0.24191115820191067,0.2964889394011341,5.0,4.927344363172814
1703,0.33514848814816744,0.40708870656943863,5.0,4.915680923162409
1704,0.22440046136778768,0.26954085496656877,5.0,4.9022647064877845
1705,0.21800508335097168,0.2733718486079828,5.0,4.9047815552072915
1706,0.4690775684165338,0.5762242612251218,5.0,4.916206495148332
1707,0.18842106397895764,0.22637928340958857,5.0,4.916040558837285
1708,0.31846368375590717,0.3944071020385316,5.0,4.908555523722118
1709,0.2857258686504376,0.35161374274894963,5.0,4.902745912362025
1710,0.23308658883223754,0.2865615230790779,5.0,4.914659801074848
1711,0.3475378332404442,0.4334479999443417,5.0,4.902837041603352
1712,0.1260114347284309,0.15702859353306797,5.0,4.9139759403021355
1713,0.41892245670623374,0.5138782729674709,5.0,4.913474747820441
1714,0.20795210294313926,0.32117139409251894,5.0,4.918179313454232
1715,0.20050269125324371,0.24294273341704176,5.0,4.92861390695702
1716,0.3685913016039468,0.4497220859058393,5.0,4.9207354963724015
1717,0.11312027355322374,0.13785756925555304,5.0,4.908892440500043
1718,0.22323897620139688,0.2710833869566529,5.0,4.920082078647772
1719,0.16406492056393085,0.19941745554229362,5.0,4.933845593285833
1720,0.30651590105145843,0.37268311338296445,5.0,4.9094486966455
1721,0.2615595070151766,0.3159330411467065,5.0,4.921058085919681
1722,0.1550614746305563,0.1880132583259806,5.0,4.9239267480584825
1723,0.1711539606062662,0.20441470202614886,5.0,4.9181762983829636
1724,0.1962555856669157,0.17892931057117156,5.0,4.923439034481145
1725,0.1361058187625348,0.16489187613085887,5.0,4.918555226679544
1726,0.30637596734007944,0.3722170375864038,5.0,4.9288119012813425
1727,0.12032438147171387,0.14505942903909075,5.0,4.9267048477006625
1728,0.12894120275562204,0.1680434236325472,5.0,4.925712299036791
1729,0.22185663857025828,0.2687463833112429,5.0,4.912743393826293
1730,0.23369811834537702,0.28308940503740687,5.0,4.920842319951939
1731,0.29412060143178853,0.35778070023857333,5.0,4.909480007422209
1732,0.15591687781980523,0.1890723260399454,5.0,4.917051545282272
1733,0.08638741552039386,0.10339761947574777,5.0,4.922013412349537
1734,0.18733758725055094,0.22060213929085482,5.0,4.923680836416056
1735,0.2890282246001228,0.35073701873142205,5.0,4.920399148938914
1736,0.29694378529185217,0.35671630031480084,5.0,5.0
1737,0.21077694032884708,0.260364401310055,5.0,4.90856576468742
1738,0.1466204192222933,0.177227689151513,5.0,4.926936111268727
1739,0.20796376781155934,0.2509645593959562,5.0,4.920404565455412
1740,0.41454656607621687,0.5013358567661912,5.0,4.893752525609232
1741,0.18278166012187658,0.2237618382502775,5.0,4.90588772558695
1742,0.21570055821759482,0.2603410872052492,5.0,4.909259546906579
1743,0.08252340183040241,0.10100129876284325,5.0,4.920798571021328
1744,0.30501359682459994,0.3707850916063058,5.0,4.922268964717356
1745,0.20187591408951167,0.2441338465883609,5.0,4.9178659052137785
1746,0.16633503693174823,0.201223514015902,5.0,4.923556127365281
1747,0.19660448065907898,0.23808841933007985,5.0,4.91818846282932
1748,0.18930885924057117,0.24861392112683567,5.0,4.895183342050018
1749,0.19835126917178214,0.2413747613509496,5.0,4.914986565283641
1750,0.400262261469839,0.47809771758276987,5.0,4.901329326985442
1751,0.16155955320157855,0.19666408580322736,5.0,4.921753968069655
1752,0.2744880979508999,0.3339116085679632,5.0,4.906966499235006
1753,0.2699289714883135,0.3245938299889286,5.0,4.921851035034566
1754,0.1721317510392184,0.2085463905345717,5.0,4.909784209924988
1755,0.1734539933464283,0.20616985643172048,5.0,4.9131922106372095
1756,0.31017480607723247,0.3774077300119294,5.0,4.90972334850321
1757,0.21640303583037457,0.26234518475933943,5.0,4.925260756848031
1758,0.13650909352739915,0.16495680518264955,5.0,4.919026887782385
1759,0.2473989801946257,0.2997669840710979,5.0,4.913846355082159
1760,0.16370523546085436,0.188781625827789,5.0,4.916321439346696
1761,0.28495204399929697,0.3452397524615958,5.0,4.917863306559127
1762,0.23551563069931047,0.28676098716146825,5.0,4.909629772161459
1763,0.2806433540497073,0.3392209465328637,5.0,4.925580893495685
1764,0.23925956252120373,0.2857908206888864,5.0,4.9207156027050125
1765,0.29346801734228256,0.3540640812982241,5.0,4.919376211105
1766,0.25173066738848315,0.3059521824198097,5.0,4.888876317413535
1767,0.31445042511737564,0.38621861761127585,5.0,4.909619394941673
1768,0.279639036675676,0.33838074068675783,5.0,4.917070066129483
1769,0.12829425134604966,0.1566728377704465,5.0,4.925089100418241
1770,0.2969903369027458,0.36089220073899453,5.0,4.91158762925866
1771,0.14215977087045095,0.17327674813045713,5.0,4.908917567275299
1772,0.21482231650877814,0.25893469013037307,5.0,4.920890090469845
1773,0.11710947360185853,0.14480942179895484,5.0,4.922096278878634
1774,0.22880361371351987,0.27962546177688496,5.0,4.925270682128744
1775,0.14737197230140442,0.17522004568697436,5.0,4.923996263857031
1776,0.24425268300242253,0.29715817704059977,5.0,4.917073378755656
1777,0.2559410177057624,0.3113402943170527,5.0,4.91682852927771
1778,0.14097775885514152,0.1671234352151263,5.0,4.916291635128536
1779,0.22394524215722944,0.27196951389066615,5.0,4.929478875676239
1780,0.15249866055825478,0.18628544206588526,5.0,4.919432496212481
1781,0.24567310948334176,0.2978679169504601,5.0,4.916887125034233
1782,0.2519326028308231,0.3062307031178313,5.0,4.918097621835953
1783,0.2132506037391051,0.25724505128672304,5.0,4.907746117808767
1784,0.20849665215174173,0.2530573566134735,5.0,4.920921427042337
1785,0.17858330166465808,0.21630704708757587,5.0,4.921788581441042
1786,0.23293617463173732,0.2818768619498242,5.0,4.9197850607177696
1787,0.195850164034979,0.2389367813133938,5.0,4.922152787468228
1788,0.21277144525115288,0.25912598840340206,5.0,4.9143510159524695
1789,0.12075536197340564,0.14764481090593384,5.0,4.921724270378105
1790,0.2407810553860934,0.29019012386772447,5.0,4.9177015500845656
1791,0.3657608314460301,0.44261356466497714,5.0,4.925693682508108
1792,0.43705188038166143,0.5286628744807615,5.0,4.917823226904767
1793,0.1846147099108797,0.22403071373029793,5.0,4.914918598571116
1794,0.15950302257198445,0.19203130464471196,5.0,4.925162202536768
1795,0.09756646708859962,0.11829906540430768,5.0,4.923702769261542
1796,0.21888264974532157,0.2642823281008613,5.0,4.923891901068158
1797,0.15262991565838147,0.18597987484703138,5.0,4.931356432540346
1798,0.2784387412395295,0.34089473628449185,5.0,4.914628687877141
1799,0.25364130110008776,0.30788067574464795,5.0,4.926276703100969
1800,0.2289048433109313,0.2771623976088431,5.0,4.926500346274647
1801,0.21871629790315317,0.2652110781948729,5.0,4.91465619397351
1802,0.4017499025256519,0.48823982379654907,5.0,4.905532757282334
1803,0.16264598716727008,0.19821423487183676,5.0,4.91699763655844
1804,0.1619293524114649,0.19734931420029445,5.0,4.921180699432819
1805,0.21074568358750922,0.2562060243077431,5.0,4.920068716637616
1806,0.1732667998342643,0.21091281588745092,5.0,4.918504989207166
1807,0.19333401514174708,0.23430936463614804,5.0,4.946493381555088
1808,0.35256703556963886,0.429252548745118,5.0,4.919088156139724
1809,0.31806595180081265,0.3830462711531055,5.0,4.936017429395747
1810,0.16737371744097174,0.2039540630025094,5.0,4.915669791473425
1811,0.19784050947666265,0.2425556684557113,5.0,4.921460474198787
1812,0.24682910911896982,0.2918015771197444,5.0,4.916473449054015
1813,0.10638356170865548,0.12838029318982858,5.0,4.917348208714438
1814,0.30055397652035953,0.36250597610301694,5.0,4.922419037486003
1815,0.4439734950512886,0.5394935064918633,5.0,4.9101558147211755
1816,0.24684521356485267,0.3018662389136264,5.0,4.92130510128578
1817,0.2169438349559616,0.26354750765504975,5.0,4.918187403522456
1818,0.17335306153001162,0.2098415660688182,5.0,4.9211002400089665
1819,0.14421856370231612,0.17823505452324717,5.0,4.921008058724006
1820,0.12503196246206194,0.1527926733197511,5.0,4.897108747187984
1821,0.14774927303402974,0.18034842200648948,5.0,4.923012771493198
1822,0.2705156912054969,0.3281964665108972,5.0,4.917154812678257
1823,0.1250299968858788,0.1522450902491035,5.0,4.928187801952735
1824,0.5215591262629429,0.6311111927756334,5.0,4.912409244920939
1825,0.16478699141815767,0.20174285314261775,5.0,4.915144746323747
1826,0.29420973905534487,0.3545983730740563,5.0,4.918270305456538
1827,0.28301006000465634,0.34256842084688177,5.0,4.906235256225573
1828,0.3115555233971006,0.3769624770038196,5.0,4.924116369205391
1829,0.29989246446498874,0.3680046333313711,5.0,4.912085237588624
1830,0.2016428819117757,0.2432392715159426,5.0,4.922050276701757
1831,0.16181366606078162,0.19648005898647614,5.0,4.915731904971867
1832,0.22950540023068355,0.2793524698423502,5.0,4.9175016371900515
1833,0.2915220615054195,0.354418186436126,5.0,4.91527334134112
1834,0.16863221788255678,0.203911860665263,5.0,4.917217308787558
1835,0.20840457648661892,0.2529181407640395,5.0,4.92597989909453
1836,0.3856770886135168,0.4664034583587906,5.0,4.911078143269725
1837,0.23387081889807226,0.2836442528761749,5.0,4.916134809433075
1838,0.36707887541331896,0.4455489046476704,5.0,4.919423549201429
1839,0.09727027156545409,0.11798105960658822,5.0,4.925017281625763
1840,0.3332092258176105,0.40329985155083103,5.0,4.918361978496781
1841,0.26546380297301964,0.3203226211531789,5.0,4.9110595133704305
1842,0.19843739553235307,0.24064969186932972,5.0,4.921589470802026
1843,0.3056711277597097,0.37177470519575695,5.0,4.926780053561384
1844,0.2402278442658774,0.2918590279669273,5.0,4.930010437972978
1845,0.270081339904932,0.32737423977159774,5.0,4.918705566834314
1846,0.1859971111731975,0.22567278307521743,5.0,4.916332788675053
1847,0.14990287371718214,0.1822729290331837,5.0,4.911125664816938
1848,0.25813035955712293,0.3137077704866431,5.0,4.924945803160972
1849,0.09134705103936058,0.1102340872497587,5.0,4.922162890420081
1850,0.16069328658579107,0.19425542895868797,5.0,4.931204811196368
1851,0.26778075781417443,0.3244136994171387,5.0,4.917672470347725
1852,0.20017709639092418,0.24258332438988384,5.0,4.917446525823133
1853,0.24620585923163985,0.2981568428659871,5.0,4.91611115874699
1854,0.23631758580895723,0.28768389474200484,5.0,4.915089420006966
1855,0.27968363156373766,0.3381137658783966,5.0,4.929738782850066
1856,0.3856908040291813,0.46797654585992565,5.0,4.912809984938997
1857,0.18027091654826632,0.21968722849037703,5.0,4.916647062161887
1858,0.22992727142919778,0.2878225679474926,5.0,4.925730212691342
1859,0.28977810964691386,0.3522784102462624,5.0,4.9132041324665465
1860,0.2717820162561049,0.3305317016939733,5.0,4.916884840487894
1861,0.1272879670190139,0.15309080801853603,5.0,4.9170470228008245
1862,0.21125134075588603,0.25652945514818226,5.0,4.911780064536346
1863,0.17216629807690942,0.20933107469758028,5.0,4.9115488794265705
1864,0.16571404209796214,0.20070992679024835,5.0,4.929734371378478
1865,0.17488458604516155,0.21194813423332715,5.0,4.924838825609328
1866,0.18911571941147876,0.22916107741951874,5.0,4.923305821438966
1867,0.11311187051934657,0.13686203343394077,5.0,4.918866626406562
1868,0.2109231609762836,0.255398756745288,5.0,4.913027717245182
1869,0.17921653831926943,0.2165459491715589,5.0,4.924290574546131
1870,0.14083246864000332,0.17041961318991627,5.0,4.914087517845687
1871,0.26440302756026335,0.31858940245696066,5.0,4.955161573747828
1872,0.21115944119486185,0.25865842199763267,5.0,4.919299597817259
1873,0.14338443067868756,0.1714275543094388,5.0,4.922265288866106
1874,0.22178204146852498,0.27080552235766797,5.0,4.913934811231826
1875,0.23267419378956844,0.28234454475544135,5.0,4.9069449173529645
1876,0.2720127388522555,0.3319212174946562,5.0,4.9125130907984005
1877,0.22225554642848477,0.2716129935499829,5.0,4.91461431776985
1878,0.27547384589551016,0.33031453434346947,5.0,5.0
1879,0.21295050697763718,0.25742228307190684,5.0,4.921111407396506
1880,0.17892615832403003,0.21676309021268714,5.0,4.919766146047335
1881,0.31188216284758186,0.37861569076508195,5.0,4.9217098128383885
1882,0.350857166214374,0.42552976506880125,5.0,4.91304317473678
1883,0.19913899991159978,0.24569137941761343,5.0,4.919022370849699
1884,0.33627440252902874,0.40942462082635234,5.0,4.902202564109572
1885,0.4131064415200949,0.4997140112061471,5.0,4.920691146970553
1886,0.27030733174353605,0.3287627190299074,5.0,4.9186407976027535
1887,0.18678279192427327,0.22752492156500614,5.0,4.916058609949863
1888,0.19198612924402725,0.23291960652224786,5.0,4.924198187204514
1889,0.14639305121851254,0.17498623325163587,5.0,4.928192425994151
1890,0.27685332306636123,0.3345521704504073,5.0,4.914737616826583
1891,0.16198490904088314,0.19677959418993818,5.0,4.913165579678465
1892,0.26696065939345437,0.3235006055945544,5.0,4.917888633245413
1893,0.15291061880970935,0.1876333084271682,5.0,4.941860522467296
1894,0.25476087249347024,0.30826544765461694,5.0,4.909437790016797
1895,0.28264724133403596,0.33606833983362416,5.0,4.910595896030996
1896,0.20018247659626942,0.2444442989307425,5.0,4.912053748020693
1897,0.19246294051572388,0.23438779602787463,5.0,4.9195596400376385
1898,0.22166871465297233,0.2666638859844932,5.0,4.905157557087021
1899,0.37502390221973747,0.45510248247577345,5.0,4.924792129946889
1900,0.16088651707087354,0.19512446182876064,5.0,4.923998501015303
1901,0.16594301398076583,0.2013917933674767,5.0,4.918501682676446
1902,0.07453591023284889,0.08998895501519355,5.0,4.915605437222954
1903,0.26739814745238255,0.31713443983241496,5.0,4.915805912350661
1904,0.2776109956494788,0.33606650194262033,5.0,4.919910115574284
1905,0.27819182321502467,0.33638700875007066,5.0,4.920391784960554
1906,0.09291959120153082,0.11273051665042733,5.0,4.92601336072469
1907,0.09133933830629481,0.11082066886116482,5.0,4.920738592059362
1908,0.1978996783152629,0.23875648404492011,5.0,4.962313941344494
1909,0.1337306206870621,0.16134316864035303,5.0,4.921821578610208
1910,0.19887043369851165,0.2411093034674141,5.0,4.9220970565624445
1911,0.2864035804748124,0.34181481140779213,5.0,4.909191020305208
1912,0.20052198992750014,0.2428706234461,5.0,4.910206959956689
1913,0.19458769387413977,0.249043058290769,5.0,4.916664742817618
1914,0.20313622248232632,0.24391539645762683,5.0,4.91113932806396
1915,0.059491280292159,0.07110170155231677,5.0,4.911889577642121
1916,0.17799616587369926,0.215733722779061,5.0,4.913566353882288
1917,0.11783308099472611,0.14319010602377236,5.0,4.909842993600799
1918,0.41176935286735095,0.4977608156244542,5.0,4.922725441313256
1919,0.290632015660063,0.35382729946174085,5.0,4.910598033125044
1920,0.16424914721870976,0.1996577070949741,5.0,4.918936345661802
1921,0.29780116199055673,0.362124981458086,5.0,4.92006855173476
1922,0.21672680073204798,0.2752694669450959,5.0,4.911889441247963
1923,0.39113844254421637,0.473108749128885,5.0,4.923397811745902
1924,0.2174528952570236,0.2769128676012109,5.0,4.937396590590426
1925,0.16187936792971658,0.19504931968175954,5.0,4.9054729412610065
1926,0.2946796677287027,0.35753208713723317,5.0,4.917862956609955
1927,0.138255853420848,0.15662612161051293,5.0,4.965618881556715
1928,0.21416625247338583,0.25979612717819967,5.0,4.9111330594419655
1929,0.2268661432282899,0.27408956005746465,5.0,4.910330052778811
1930,0.3686967088224822,0.448340520857611,5.0,4.915723913383143
1931,0.07748414764376776,0.09420913158432898,5.0,4.909675575626231
1932,0.336356443783419,0.40832846621679697,5.0,4.923792981743871
1933,0.13894169582484595,0.1693524347581128,5.0,4.914488415413043
1934,0.21203442482173696,0.25420965887591285,5.0,4.91772656457198
1935,0.447562386958962,0.5427331678955152,5.0,4.907644005226981
1936,0.1429002297591766,0.17475444994186695,5.0,4.909743652212661
1937,0.2615231191838876,0.3169345079621475,5.0,4.911525883319321
1938,0.21619943552528342,0.2601211348253809,5.0,4.927930179840443
1939,0.29021556889343936,0.3512700878273163,5.0,4.919413832611452
1940,0.1251382885770329,0.15345884886089034,5.0,4.928315107724979
1941,0.18442670519355286,0.2235285013134345,5.0,4.925297851396637
1942,0.3134114890261217,0.381487366942165,5.0,4.914965826000781
1943,0.30342007957088746,0.3685284925932115,5.0,4.911779178616893
1944,0.1408995516876308,0.17458130846841668,5.0,4.914663661270611
1945,0.3177001638190873,0.38570050945712087,5.0,4.918882079557481
1946,0.2348923771944933,0.28645412525531255,5.0,4.9096955513796825
1947,0.3844215419257162,0.465224504745386,5.0,4.946573480335603
1948,0.2459163745188595,0.29690149899990015,5.0,4.927606739191193
1949,0.18918709005019885,0.21556353877279255,5.0,4.922925890099767
1950,0.14177588206770086,0.17293676780202882,5.0,4.915648900413627
1951,0.15969108688331035,0.19392397853715648,5.0,4.921346353296654
1952,0.28397037436155403,0.34716727792496616,5.0,4.912026876286983
1953,0.3150984867445126,0.3811522534366507,5.0,4.925259049004449
1954,0.22017610448545022,0.2657299942996334,5.0,4.925023781391031
1955,0.2056199764410609,0.25048031776814517,5.0,4.911545649563651
1956,0.31199334603334816,0.37986790152716976,5.0,4.923074991804688
1957,0.20550507375191507,0.26950284931748025,5.0,4.908029170845243
1958,0.179310347075764,0.2184484247767966,5.0,4.913281255911022
1959,0.27430855466632,0.3326124922553728,5.0,4.914752516270751
1960,0.26082937777924897,0.31648109806646607,5.0,4.914472724384709
1961,0.2513670403300876,0.30440706411122376,5.0,4.911732085931559
1962,0.2898624782663788,0.3518391921336157,5.0,4.917177087265987
1963,0.1964391277427242,0.23870133775346325,5.0,4.926285134013417
1964,0.3014107386810969,0.3636635230061387,5.0,4.944572699052969
1965,0.3159368100344597,0.38315923959404397,5.0,4.916079956142747
1966,0.31101627920278774,0.37620436593434614,5.0,4.913662704765649
1967,0.1913530453325294,0.22921514770716667,5.0,4.918044252364133
1968,0.25461780330864014,0.3102420135985964,5.0,4.920333160987109
1969,0.12301537076504743,0.14978662194694436,5.0,4.923545019770064
1970,0.20940732992772948,0.2549178681366615,5.0,4.929202338213541
1971,0.15662152792845485,0.1918381308611774,5.0,4.9325613370391075
1972,0.2614977356617034,0.3185318533487733,5.0,4.923224735335809
1973,0.3002280017701715,0.36425925553464733,5.0,4.9189926439736364
1974,0.3936770394378264,0.4762104270894778,5.0,4.925879110350557
1975,0.3271209818412908,0.3957802360355054,5.0,4.926777578878276
1976,0.21575698891855621,0.26251313157137757,5.0,4.9097585493094
1977,0.4154790742767025,0.5058199832499555,5.0,4.903966787434344
1978,0.2522556883111209,0.30645194063785586,5.0,4.917684430379019
1979,0.2854902054212958,0.3464561552799308,5.0,4.9103755339241495
1980,0.31512942924173926,0.38270967115806553,5.0,4.91252185456573
1981,0.1337858141956374,0.15877700569613973,5.0,4.913467735929942
1982,0.26545417853624853,0.3202554157733484,5.0,4.91737926493319
1983,0.2710722897158926,0.2997037874937547,5.0,4.926630642639536
1984,0.20635154242061948,0.2516435213844963,5.0,4.922795013800929
1985,0.24050170860094844,0.2943052407934583,5.0,4.9206595926698515
1986,0.2588882199460638,0.3155060529849225,5.0,4.9438216749190556
1987,0.255557307014016,0.31021469848016103,5.0,4.920424259213911
1988,0.1074239619052797,0.13124304846677304,5.0,4.908268455563789
1989,0.1411373866894865,0.17604911427828474,5.0,4.907615190462202
1990,0.09980283789191824,0.12186886913973116,5.0,4.924249080702339
1991,0.2568635329144886,0.3069841228721062,5.0,4.9261975946077285
1992,0.15621636510054948,0.18430571314900268,5.0,4.923224765311929
1993,0.13690884076541665,0.1657673163963651,5.0,4.927320162596844
1994,0.25981483133437466,0.31524869351040774,5.0,4.9208384642870495
1995,0.20686059820922953,0.25226996708948923,5.0,4.908126640738075
1996,0.20776316708349163,0.25184158369395093,5.0,4.9205356656225785
1997,0.2615839067758945,0.3152772069340173,5.0,4.925835175950386
1998,0.16868823100178032,0.20541576041657184,5.0,4.918010664225152
1999,0.3533367730110162,0.4325386813680865,5.0,4.916905161816931
2000,0.11282996246087107,0.13296021666197433,5.0,4.921209067765151
2001,0.2131459228837893,0.25867240388711976,5.0,4.931020455514776
2002,0.20557998857255622,0.24961560089696255,5.0,4.923134452115017
2003,0.25222677907021174,0.30804807066029594,5.0,4.8996985237128055
2004,0.16939162645092964,0.20539440052345093,5.0,4.9256776099343025
2005,0.1935866485387241,0.2312007707089887,5.0,4.914984490395602
2006,0.19166913203252856,0.23148012558138675,5.0,4.925186765562231
2007,0.309521429847051,0.3750222030090571,5.0,4.9115023795332124
2008,0.23455422284278438,0.2857110525170061,5.0,4.916690169200422
2009,0.23848384186513583,0.2895747530778461,5.0,4.924836510787669
2010,0.30398803109688566,0.36838408693341473,5.0,4.915797403331874
2011,0.3100046244269974,0.37394719464076354,5.0,4.9140714293782395
2012,0.2361245510877017,0.28755956031078744,5.0,4.914991728086449
2013,0.25052250600440784,0.30917929118805754,5.0,4.922622233470975
2014,0.14273483482300509,0.1745743142694378,5.0,4.909576819780801
2015,0.4133529679923551,0.5005783595781543,5.0,4.916524002422742
2016,0.25724834652503925,0.3116875304895952,5.0,4.925208435088537
2017,0.29892562812268686,0.3615676037514266,5.0,4.928871385780544
2018,0.25841722678614554,0.31126802050249314,5.0,4.9924610959187365
2019,0.1737105324465147,0.2093791983754969,5.0,4.917465812735369
2020,0.2333540981772244,0.28271599003317927,5.0,4.9230336921497475
2021,0.2986944953723294,0.3629941212553305,5.0,4.919539832811353
2022,0.22868005484783116,0.2790930408317309,5.0,4.908840466956308
2023,0.27401901624781155,0.33235095535405734,5.0,4.925109603853999
2024,0.1286251294191305,0.1614203210437215,5.0,4.910028465860821
2025,0.1616298063791879,0.19678372310444736,5.0,4.910325471772552
2026,0.16498656272299606,0.19942742653075451,5.0,4.907127776921101
2027,0.1551752833512372,0.18930776744906286,5.0,4.912481750837694
2028,0.1683815016985275,0.20328393110539134,5.0,4.921412941731544
2029,0.18065223308742562,0.2214130734762767,5.0,4.91573806307855
2030,0.27819658408359893,0.336467422001979,5.0,4.915566128078224
2031,0.10509612127797774,0.12621813142026195,5.0,4.927372888804875
2032,0.2707899227125168,0.3288505294888633,5.0,4.910760198073474
2033,0.34805007154095247,0.42309626241669585,5.0,4.916152379631749
2034,0.18203929167440425,0.2207129836247339,5.0,4.927799409344624
2035,0.20548142285280946,0.2504476152500794,5.0,4.919784442517887
2036,0.20436051471352323,0.24926911048699774,5.0,4.914487992649272
2037,0.21553314238926946,0.2610051249743688,5.0,4.9189036208578685
2038,0.321919926232781,0.3880338377558439,5.0,4.930573155927558
2039,0.19618107553413422,0.23466177127180887,5.0,4.928159557730671
2040,0.3509824693777661,0.42145972467556825,5.0,4.9226827310438726
2041,0.1950071432072773,0.23596340674338334,5.0,4.914665012702599
2042,0.3407576052913883,0.41225070923741103,5.0,4.919688679034033
2043,0.3136902385940201,0.38051684969932253,5.0,4.9136654500336086
2044,0.14218971973046957,0.17457340152518297,5.0,4.915794641723883
2045,0.1660638373998493,0.20256381676635726,5.0,4.923580284452527
2046,0.2648193481393384,0.32080981818510046,5.0,4.9202221096228005
2047,0.1913808718126493,0.2322340743379112,5.0,4.923506690662087
2048,0.21267103014766842,0.2587163936888872,5.0,4.917677018494766
2049,0.4455843295117945,0.5392558022567369,5.0,4.962646492048082
2050,0.17377326722375486,0.20985260959162466,5.0,4.919308504638922
2051,0.2773235597094261,0.33473548665498387,5.0,4.919043545931139
2052,0.3390898840276406,0.41250898867402497,5.0,4.913487010513649
2053,0.19328937348804898,0.23063288013314276,5.0,4.921601456878388
2054,0.24472445556291844,0.29702869966938894,5.0,4.92118204366947
2055,0.12633443994575644,0.15320279747327636,5.0,4.923646807818525
2056,0.3920708993444646,0.473840336673391,5.0,4.911905395506171
2057,0.18461858515380225,0.22248236225509466,5.0,4.930443214896281
2058,0.2099898108240903,0.258155689245104,5.0,4.917424724136987
2059,0.15209953219336425,0.18690221896783998,5.0,4.9185884005451985
2060,0.2473375015139223,0.30453584674573375,5.0,4.90150241513283
2061,0.3026265614351831,0.36895302498904825,5.0,4.916660193775533
2062,0.17049557850722485,0.21023300559118074,5.0,4.8993870535679385
2063,0.18581800933398895,0.22758624775143077,5.0,4.914606813848179
2064,0.25004348812330246,0.3084224186717026,5.0,4.906436233790812
2065,0.26525331459916224,0.3264535079857305,5.0,4.905841462226306
2066,0.18212375912301537,0.22488018522720532,5.0,4.903607817089535
2067,0.1455484311842956,0.17890820173547062,5.0,4.914507298537947
2068,0.2632630679167631,0.3240658466073183,5.0,4.913750393315475
2069,0.2679102188607667,0.32919043033445683,5.0,4.906400890484495
2070,0.28536122864089775,0.3516080186294819,5.0,4.910465866484159
2071,0.25996647667981176,0.3194893822258884,5.0,4.913785755853404
2072,0.10061161626274773,0.1235680901191909,5.0,4.921721318546091
2073,0.39255688140489275,0.48251154641967053,5.0,4.909135677592573
2074,0.26940223052221146,0.33103593498348016,5.0,4.911843442974835
2075,0.28075651287868375,0.3431281354665352,5.0,4.9269204617061835
2076,0.19140475172113014,0.23515471467230853,5.0,4.917519549128748
2077,0.24316255423397903,0.29832907139613996,5.0,4.922048879334051
2078,0.24567205058062447,0.3017685384672295,5.0,4.910076919487754
2079,0.27901965113871485,0.3428717176852074,5.0,4.920811957138991
2080,0.2159877510763759,0.26559067933253133,5.0,4.914935667920881
2081,0.19343351849141044,0.23854423735666908,5.0,4.913636318982428
2082,0.27236903246162014,0.33457032315543844,5.0,4.910223666657796
2083,0.18863441455937124,0.23227093661933385,5.0,4.902778223208379
2084,0.42853211162299143,0.5279213198481199,5.0,4.912103590057857
2085,0.19652799350617234,0.24169827399713228,5.0,4.917541751648979
2086,0.16619880174113488,0.20379578063113124,5.0,4.915034330569865
2087,0.22416956742790672,0.2758959272056962,5.0,4.915141518188024
2088,0.3222509598322276,0.3962568280548784,5.0,4.9114888397508505
2089,0.4375753507845461,0.5382555892219179,5.0,4.898507106342969
2090,0.23950238436190974,0.2945705337534217,5.0,4.905225973876011
2091,0.16000592748288422,0.19680902489420915,5.0,4.919590293377212
2092,0.31072076803967796,0.38238357255782285,5.0,4.90628174181551
2093,0.15597484371193016,0.1935230209459513,5.0,4.910975759867897
2094,0.36876220468586673,0.4535456439671226,5.0,4.894580467950735
2095,0.19745158729805445,0.2407638840477555,5.0,4.910454992820377
2096,0.19611265140736367,0.23979405440213042,5.0,4.91949867792111
2097,0.2348558686581521,0.2898021505803434,5.0,4.908491014653507
2098,0.23806890421832838,0.2932264304642429,5.0,4.903853734771113
2099,0.20663900065473317,0.2540948823037821,5.0,4.905035555718458
2100,0.31661337561210146,0.38845750587940975,5.0,4.918309989217953
2101,0.3361130414203237,0.41212411004468885,5.0,4.916889593457672
2102,0.24841097675440804,0.30556256493009504,5.0,4.905592622594135
2103,0.2641504260935168,0.32502929657936264,5.0,4.903089591675336
2104,0.3581005135478261,0.43902572748725777,5.0,4.9140325949970265
2105,0.1613354586112259,0.1982710753035304,5.0,4.912726101122873
2106,0.1981476699431286,0.2437815472381637,5.0,4.913493148056363
2107,0.2824623956149588,0.3402494535332834,5.0,4.942057133330859
2108,0.2997828689619033,0.3691882393964183,5.0,4.90712977569685
2109,0.2970489884491281,0.36422769999387516,5.0,4.917004023099114
2110,0.15670410004687274,0.1928866856250906,5.0,4.9097454176242294
2111,0.16794119516275763,0.20657036500698012,5.0,4.908011281772753
2112,0.36648738578936446,0.4519877406001245,5.0,4.896317167251896
2113,0.3256678112614877,0.39971550278822554,5.0,4.910919849502395
2114,0.19209581318886726,0.23638633918881458,5.0,4.912122837778989
2115,0.23558099803494859,0.28919593775991537,5.0,4.9183213000977055
2116,0.20719748383892567,0.25286090791612126,5.0,4.840016221921486
2117,0.13452702151507978,0.1660767621161774,5.0,4.9179721805954735
2118,0.27911649451850784,0.3409654876301007,5.0,4.919661207341655
2119,0.2849528641481891,0.35103585693969874,5.0,4.900894614407791
2120,0.34586788980625705,0.42464535533615133,5.0,4.915391842542505
2121,0.3051374389803658,0.37578923483038507,5.0,4.8950569765086716
2122,0.18549666622050176,0.2284511784122476,5.0,4.911592690463635
2123,0.3112672775182519,0.3834116499535456,5.0,4.906995220088737
2124,0.2887466028988035,0.35537891413433553,5.0,4.912540541722841
2125,0.166294860091327,0.2054944088814752,5.0,4.912185310625619
2126,0.19389759387770722,0.2383589653410254,5.0,4.908415935586694
2127,0.14800472816814247,0.1820893711668945,5.0,4.891704469101166
2128,0.23857466310684106,0.2938326802626925,5.0,4.901592097561345
2129,0.13860386377443001,0.17007857879232846,5.0,4.92298670154617
2130,0.17438325311502711,0.21540172785611578,5.0,4.909727206303298
2131,0.2873241362349037,0.35273522466730967,5.0,4.918398002712232
2132,0.39499151524272413,0.4841553101675773,5.0,4.910823722992701
2133,0.204089583797189,0.25150898890686757,5.0,4.915784135387513
2134,0.38291324221990175,0.47319704768856385,5.0,4.889780922377138
2135,0.3045700369204625,0.37374281840690093,5.0,4.919237376073804
2136,0.26745767606542814,0.32655252492665277,5.0,4.920764208355219
2137,0.23154643208329295,0.28465412020972813,5.0,4.910555971784092
2138,0.23665378739224519,0.29033633909397016,5.0,4.916484672124186
2139,0.10400735413358686,0.1270525534837117,5.0,4.918416876364615
2140,0.19374628884836032,0.23143405241872683,5.0,5.0
2141,0.18918636924466514,0.23351145479506452,5.0,4.906528517796307
2142,0.24756810358501857,0.3040284811342018,5.0,4.916596343446633
2143,0.21227137388735273,0.2625779176633345,5.0,4.896680251394603
2144,0.4410199116379838,0.540956087708321,5.0,4.9176995335882445
2145,0.317300651179764,0.3911488826127334,5.0,4.906387186404375
2146,0.1514905501307744,0.18284554486442306,5.0,4.976974480019445
2147,0.11652401191186801,0.143953204504083,5.0,4.90251414952926
2148,0.16244815601340679,0.19971208789653838,5.0,4.90942678920633
2149,0.25731479188143824,0.31581818723582566,5.0,4.918983008553868
2150,0.2802062297064256,0.3436180054232998,5.0,4.921755541142607
2151,0.2811442982020951,0.3460728194007885,5.0,4.911473000174995
2152,0.2569578276082467,0.31677060740890317,5.0,4.9050295310293635
2153,0.3953369949045509,0.48550454521537434,5.0,4.912488793854273
2154,0.20165300157303845,0.2471481490923908,5.0,4.928492095064687
2155,0.32784248809356953,0.4024232261510854,5.0,4.917022687595445
2156,0.2265531816868971,0.2783258966095985,5.0,4.919760792968875
2157,0.18165494285269035,0.22413100692480614,5.0,4.905964553468634
2158,0.2645335451843476,0.32672158153588016,5.0,4.894603732873533
2159,0.2814166936472897,0.3455091563570103,5.0,4.911784685592355
2160,0.363152116642941,0.44688867488249984,5.0,4.901807520722938
2161,0.21936804010564415,0.270043145073088,5.0,4.91274315137562
2162,0.24058500156624185,0.29591843961590936,5.0,4.9077845392902475
2163,0.23933194155083215,0.29434120400909536,5.0,4.908914375212463
2164,0.22166281513214536,0.272355144084246,5.0,4.921315596609608
2165,0.29878762186572616,0.36686359327016915,5.0,4.915600032524283
2166,0.22617176806656092,0.2771400563980384,5.0,4.921408211449938
2167,0.15326495219111558,0.18860925571646758,5.0,4.919458627809501
2168,0.19161198790291323,0.23496510812039229,5.0,4.9148372065016055
2169,0.2978503616031334,0.3660499873815053,5.0,4.906840094531129
2170,0.3734154156031546,0.4607773624125935,5.0,4.888242670364145
2171,0.34236856342461364,0.42240837865110414,5.0,4.932723674766315
2172,0.23187728637152438,0.2855409667156805,5.0,4.9090841376098915
2173,0.31502764689890816,0.3872861124760063,5.0,4.912385049449801
2174,0.24563469614503508,0.3014887772082162,5.0,4.919709513552215
2175,0.17337574925964194,0.21277968105931078,5.0,4.920022150010768
2176,0.15108375431788001,0.18600111199948532,5.0,4.917592514286238
2177,0.16743048008185757,0.2066273354494681,5.0,4.852827570766101
2178,0.2761400963844787,0.34039794755631236,5.0,4.88888938545931
2179,0.13141055632688636,0.16165616241397784,5.0,4.915241590010453
2180,0.24085104994416362,0.29603394345871004,5.0,4.917769479358851
2181,0.32571822249742377,0.4003211594965015,5.0,4.914872714785563
2182,0.35320091664216946,0.43387019071426103,5.0,4.907267884997069
2183,0.20582969007601148,0.25261693202838065,5.0,4.907549192071459
2184,0.24048899192199946,0.2958929916297359,5.0,4.901953383909277
2185,0.28084222178681184,0.34470917800747913,5.0,4.919617172116046
2186,0.25596526048960944,0.3154666681041529,5.0,4.908250501357934
2187,0.21643587713601176,0.2667356206632594,5.0,4.911571726123727
2188,0.1324086054780722,0.16316655694699667,5.0,4.903462824265423
2189,0.21609700684551747,0.266044601799182,5.0,4.911791723298062
2190,0.22332890758225532,0.2682162376946591,5.0,4.902376013431029
2191,0.1380243274073647,0.17048613404520618,5.0,4.902511101541043
2192,0.2374766240081203,0.29238389193343184,5.0,4.91026773280792
2193,0.1374990613712923,0.1685945857660507,5.0,4.918904146700003
2194,0.26714016178798805,0.32663958414648264,5.0,4.926647291544581
2195,0.26740150907776883,0.32922500916648545,5.0,4.912616074627341
2196,0.21701909496231475,0.2669728340115678,5.0,4.907739469616237
2197,0.267554187634226,0.3291081087175167,5.0,4.9062050087148545
2198,0.20525613778644547,0.2534284807443463,5.0,4.913072763059558
2199,0.29864802009633395,0.3669970523562551,5.0,4.905656108226415
2200,0.32403243584182184,0.3976902440811425,5.0,4.916390891362301
2201,0.3617867073491623,0.445313402098624,5.0,4.90379772137663
2202,0.12818968568906963,0.15757482780148235,5.0,4.9154786383774685
2203,0.273011032484505,0.33511194154704715,5.0,4.923273781176878
2204,0.2992579552418233,0.3691457199568571,5.0,4.849630097662843
2205,0.24343839140534018,0.2994693271938098,5.0,4.915073304392035
2206,0.2914120973976284,0.3579515099784216,5.0,4.9055498467630265
2207,0.3479688412977162,0.4272071468493859,5.0,4.9169520572384595
2208,0.25076442929082954,0.30811754773238653,5.0,4.911169674876668
2209,0.3150113942359285,0.386921734146493,5.0,4.918441746967961
2210,0.16036759629815722,0.19725738424603279,5.0,4.913699175962201
2211,0.16071455645075217,0.1972062711709015,5.0,4.906694645475236
2212,0.2801239281008101,0.3439932531723535,5.0,4.911159373468337
2213,0.13472689604031496,0.1651238890566069,5.0,4.911857847394447
2214,0.10960381681001374,0.13480841190248882,5.0,4.91489434043098
2215,0.2030032809740363,0.24930455485802594,5.0,4.914025577652792
2216,0.26693391302510716,0.32897946196675276,5.0,4.906615109486836
2217,0.32887834702170693,0.40513933336716756,5.0,4.902413492317539
2218,0.2533355085318998,0.31183076349118477,5.0,4.906525708087788
2219,0.31166914575068416,0.3820774939875362,5.0,4.919893494581125
2220,0.2173637841521321,0.26646413713225425,5.0,4.929146359977432
2221,0.24293993014883442,0.29783231294983303,5.0,4.920689442383779
2222,0.31958979949259003,0.3912984376476403,5.0,4.924827011201689
2223,0.25794743735638037,0.31597550649946204,5.0,4.933381465164084
2224,0.220978005530726,0.27150346569481765,5.0,4.910955066874774
2225,0.46048994544298094,0.5636352401565627,5.0,4.91746704210982
2226,0.23530233517504895,0.28928538439851414,5.0,4.909469441258052
2227,0.4087036435923834,0.5010008048059225,5.0,4.915342921084607
2228,0.1390573378911757,0.1711033101986208,5.0,4.916340824567671
2229,0.2725483481859894,0.3369713669601597,5.0,4.920304347128681
2230,0.23898447458719474,0.2931074471401356,5.0,4.919244627185577
2231,0.21778620853694153,0.26774862133178257,5.0,4.904075323238635
2232,0.20502892154347618,0.25551844469883966,5.0,4.895123073280461
2233,0.4011765729246788,0.4913547391027857,5.0,4.915680721870741
2234,0.18193072917424868,0.22328816775224758,5.0,4.918454137801538
2235,0.20700770094201526,0.25504709879923926,5.0,4.906272791984554
2236,0.1710151777699307,0.2109862369991755,5.0,4.900927661277565
2237,0.2674133797000078,0.3295457443655416,5.0,4.909410567305539
2238,0.25187174056174877,0.309637868523009,5.0,4.9169190690075215
2239,0.1987921297346409,0.24363063739149649,5.0,4.926440164600896
2240,0.374607252871485,0.4604686126801065,5.0,4.8989967645367205
2241,0.29842464408676816,0.35881417546529826,5.0,5.0
2242,0.1961199524466617,0.2440608393944257,5.0,4.903704822743178
2243,0.19749602256848098,0.24314021055257196,5.0,4.9116021287692835
2244,0.23364092196193864,0.2886413781833197,5.0,4.935714005341776
2245,0.18415975766948134,0.2268891523902885,5.0,4.910046272071442
2246,0.3484646764807724,0.4286829896031672,5.0,4.913744206580253
2247,0.5080864228946431,0.6236808368660645,5.0,4.907758398060187
2248,0.16139753688118308,0.199204062469013,5.0,4.904887201950476
2249,0.4844295646121586,0.5948285818071548,5.0,4.906483392981613
2250,0.14680588501445957,0.18200519068424015,5.0,4.911854976213306
2251,0.3405330940611677,0.4180143273920569,5.0,4.913644797208727
2252,0.22793451058730407,0.2811175360594733,5.0,4.90032721609027
2253,0.1867592400837288,0.22898367618959958,5.0,4.911917112112443
2254,0.09900711312929977,0.12186590341555936,5.0,4.903840470612391
2255,0.27855285719910405,0.3412484125709825,5.0,4.921399794452412
2256,0.22469036780794993,0.27615718152455804,5.0,4.9120442401302356
2257,0.2727185282082534,0.33425399244897314,5.0,4.924873267228902
2258,0.1282364179765232,0.1589702503949182,5.0,4.905597940190187
2259,0.15755768104022194,0.19353759225407807,5.0,4.920185316974965
2260,0.2424594386511525,0.29768540681478517,5.0,4.920357907611921
2261,0.2846078951556694,0.35009622962126064,5.0,4.9141538049352995
2262,0.26455112912153655,0.3255003392458127,5.0,4.913231378840308
2263,0.2936130526064089,0.36107689418017586,5.0,4.908704012715708
2264,0.23745579734853428,0.2918077700861812,5.0,4.904820874945255
2265,0.23350315428536184,0.2873711243675363,5.0,4.910738311212022
2266,0.12010082946916101,0.1472704769705946,5.0,4.907509688322271
2267,0.25670904449995025,0.31576189655524156,5.0,4.900173139843771
2268,0.14731317302030256,0.18084178557805863,5.0,4.914669696720182
2269,0.2647006516853576,0.3256455950214858,5.0,4.899572155943677
2270,0.18701227771951268,0.2302354037969654,5.0,4.916783678365464
2271,0.11960697881508553,0.14883496715433742,5.0,4.9196782713535026
2272,0.24472152721248008,0.2991717904513653,5.0,4.910067032038485
2273,0.09128469547346785,0.11277915819048911,5.0,4.906744220378725
2274,0.21426544654513502,0.2636702052739659,5.0,4.918528576243855
2275,0.22484639602223822,0.26697371183369567,5.0,4.963497845531162
2276,0.1662819917582039,0.20443609917114047,5.0,4.919612966456501
2277,0.3467415575786308,0.4276212823755161,5.0,4.914130919531408
2278,0.1994717571956337,0.2446399271094093,5.0,4.912804493920895
2279,0.2075828280185097,0.25564629935279237,5.0,4.9123470003059655
2280,0.3070597200543672,0.3763608390514266,5.0,4.9213203347634416
2281,0.12448282355019358,0.1527367476713799,5.0,4.915053949590247
2282,0.227797366258238,0.2802305054285168,5.0,4.9119994642338405
2283,0.2852645900368238,0.35118134076857355,5.0,4.913892863813212
2284,0.17568587754696563,0.21915243355218328,5.0,4.913812901453598
2285,0.4129515513988544,0.5052692098218876,5.0,4.922441566801927
2286,0.22573131154257253,0.27837056466745125,5.0,4.893400608950564
2287,0.301677484063817,0.3713110316793431,5.0,4.907581820332192
2288,0.30348600450120333,0.3725340267029482,5.0,4.914829070590558
2289,0.16431157040790856,0.20178617708365154,5.0,4.914772200839996
2290,0.2785765936919937,0.3433912423367613,5.0,4.903381606241304
2291,0.1405550743431183,0.17279706579907406,5.0,4.913570978327133
2292,0.4016918954557913,0.4956297924029516,5.0,4.895734852200917
2293,0.15847590321204996,0.19341163861687005,5.0,4.907412487266756
2294,0.37755534479486275,0.46305779003292447,5.0,4.916029894584781
2295,0.19929702003882865,0.24606775256609748,5.0,4.910707890065922
2296,0.10369181645387071,0.12783795482892568,5.0,4.914307281063648
2297,0.2673903368811119,0.3292509704900364,5.0,4.908865049610807
2298,0.19338485712228648,0.23711717213500916,5.0,4.924388805235678
2299,0.3846904707112797,0.47189715021177037,5.0,4.915960348521864
2300,0.28632295510187844,0.3524231417674164,5.0,4.902458372704919
2301,0.18996278022729807,0.23377343639683024,5.0,4.9122398662124045
2302,0.2975966358330351,0.3648610722581134,5.0,4.923212853025571
2303,0.322947581735719,0.3984585500252067,5.0,4.899517491414924
2304,0.23797282417747256,0.29316645573459055,5.0,4.9096536091295295
2305,0.3862782665501663,0.476813627943083,5.0,4.897862173702743
2306,0.23467590090551838,0.29179918969447294,5.0,4.899472819377513
2307,0.25357398419967647,0.31298939408309234,5.0,4.880954403764104
2308,0.29215552132882694,0.35901394253502983,5.0,4.912143048162676
2309,0.2582548761335033,0.3176547040956934,5.0,4.901786669171209
2310,0.33269434490005456,0.4087837318243859,5.0,4.913781642217625
2311,0.30723400759915087,0.37812305037412286,5.0,4.9071062225009765
2312,0.12879372040591042,0.1572094204746486,5.0,4.922355589856489
2313,0.21110880053601222,0.25987272799335037,5.0,4.913446503100838
2314,0.25556423496014813,0.31428984182295827,5.0,4.908740926239181
2315,0.1433061404835998,0.17623283010529134,5.0,4.916932425117455
2316,0.2621095165155316,0.3228046569517369,5.0,4.908247213840182
2317,0.10009130365867036,0.12303283363039141,5.0,4.911764121751281
2318,0.22063140784017699,0.2717902297445458,5.0,4.919672277959215
2319,0.2879861473145273,0.35317235265599733,5.0,4.920639100677802
2320,0.2617564570798687,0.3218304716870215,5.0,4.915932884225249
2321,0.22994836924240558,0.2776252233903096,5.0,4.919664157867487
2322,0.19699747796451805,0.24195759962022878,5.0,4.900642245990676
2323,0.18487555310403447,0.22707159951618716,5.0,4.910357089829809
2324,0.2599520764300587,0.3198926598528906,5.0,4.908661878001759
2325,0.17243758179822977,0.21212819604811672,5.0,4.918541332086823
2326,0.22165927836365662,0.26895054477427394,5.0,4.949127208785198
2327,0.15950738955321042,0.1978332526725861,5.0,4.910129406286128
2328,0.17871404045848482,0.22047034650267694,5.0,4.893532159853482
2329,0.27299291676728155,0.3339919850462303,5.0,4.927974420810166
2330,0.2954691569301766,0.36404374086904734,5.0,4.903077159908991
2331,0.27447350461168707,0.3369856620180831,5.0,4.911527313964283
2332,0.20203193427903754,0.250702885030204,5.0,4.907329319910243
2333,0.3279816849832311,0.40317220979928714,5.0,4.912649859069713
2334,0.17966662077602558,0.22084322783720833,5.0,4.911319684208575
2335,0.23671108209844127,0.2914542026284843,5.0,4.90468750997433
2336,0.19605293290427617,0.2426864108197324,5.0,4.899770051971792
2337,0.36842039859796283,0.4530363175143508,5.0,4.905682857770728
2338,0.26024230484338085,0.32007787550240585,5.0,4.904189317586525
2339,0.22012373392235052,0.27021086953107876,5.0,4.90935762127191
2340,0.3292810112360931,0.40522803846045274,5.0,4.906776312727903
2341,0.2893203763094816,0.3557187103953441,5.0,4.910263039168807
2342,0.20519248099371556,0.2506542868492827,5.0,4.9278085319913245
2343,0.3671650168086604,0.45070769518992715,5.0,4.91633404226147
2344,0.07679016411459583,0.09476280904253254,5.0,4.9112341667039505
2345,0.24670589288345934,0.3033117862928125,5.0,4.906516363762075
2346,0.17161089728077505,0.2120890450567594,5.0,4.907409882351068
2347,0.17349822722376507,0.21324314045937998,5.0,4.912521954759743
2348,0.29049108160846715,0.35757875013302587,5.0,4.903153899475097
2349,0.22623613333838377,0.27829297479450243,5.0,4.900415407508394
2350,0.20398095532401905,0.25165047479351355,5.0,4.907197151919158
2351,0.2911596700029513,0.352485906695329,5.0,4.919705493273092
2352,0.2718304061955483,0.334747888266405,5.0,4.902540351396105
2353,0.22600563760883885,0.2775275317297259,5.0,4.9099463451572944
2354,0.15434857698390947,0.18962482709960704,5.0,4.918009416105074
2355,0.12575914057095616,0.154208562497669,5.0,4.925913476927457
2356,0.30678256381698255,0.37829483708693434,5.0,4.898085522393307
2357,0.16029249475741603,0.19700979979084443,5.0,4.916046656356512
2358,0.12286163706512765,0.15190467367598304,5.0,4.912389844215079
2359,0.21052621941001548,0.25875202767719374,5.0,4.913274258744025
2360,0.177718063605671,0.2184162126874618,5.0,4.915912180447082
2361,0.15050135941067233,0.18541658017398888,5.0,4.912230023140598
2362,0.22249768227039413,0.2740346931437603,5.0,4.910012157461674
2363,0.2200867197165528,0.27310481965260136,5.0,4.9033270363658765
2364,0.2711067561144118,0.33196057765411346,5.0,4.915488581125205
2365,0.15812911939517482,0.19428575371271672,5.0,4.913445286718465
2366,0.27409844477176804,0.33725969829846414,5.0,4.9095544498424815
2367,0.34308738361674695,0.42222318831040795,5.0,4.901195436089321
2368,0.16419301532558106,0.20194371443467474,5.0,4.914190122312938
2369,0.21225049542993601,0.26167633034862137,5.0,4.905694217227934
2370,0.06455819405339147,0.07920127441955604,5.0,4.904911104820826
2371,0.1636119602814916,0.19862780570289895,5.0,4.913912397723443
2372,0.1968077659265146,0.24236262702684153,5.0,4.910355733559477
2373,0.15259451863256235,0.18755169096487667,5.0,4.913582183893235
2374,0.21293355022693583,0.261809798509991,5.0,4.902078160306704
2375,0.1358257240412304,0.16744198699018753,5.0,4.896066047661263
2376,0.2628844407292781,0.3236660095396895,5.0,4.90152827089454
2377,0.30823948591760275,0.3786973136086045,5.0,4.907549859010745
2378,0.1644125874082225,0.20257099287227054,5.0,4.90196952551595
2379,0.3093955994520059,0.3808498325531844,5.0,4.903392680494001
2380,0.29616166054928095,0.3630113307188141,5.0,4.90314270019379
2381,0.22379802916900138,0.2758530240389494,5.0,4.902680159145891
2382,0.2536357904527584,0.3127763904730403,5.0,4.905082652612682
2383,0.24761614760604256,0.3034722168392652,5.0,4.920983169142659
2384,0.11657321365404139,0.14338208254345464,5.0,4.914211415481589
2385,0.21217281035311775,0.26066200776874093,5.0,4.912672430168383
2386,0.34716148608058695,0.4265499850008121,5.0,4.914067392992791
2387,0.2407810545168394,0.29553155235248885,5.0,4.915864208435252
2388,0.2745428036516804,0.33769075074662847,5.0,4.905543092649616
2389,0.19168066045692655,0.23592035210433804,5.0,4.915059696033959
2390,0.2306374674945202,0.2872435092699852,5.0,4.896587141273399
2391,0.16711986668908185,0.20468422980582757,5.0,4.907832716031422
2392,0.3274938284376283,0.4022424647218963,5.0,4.915549187244563
2393,0.20597946914989196,0.2530628675815394,5.0,4.914009964142236
2394,0.14653002206655574,0.17947204235277514,5.0,4.899420418184599
2395,0.28169208523232725,0.3475295690635394,5.0,4.895167283023767
2396,0.3266957249640057,0.4018787494243159,5.0,4.904110199309484
2397,0.1866485492155585,0.22956385580860816,5.0,4.9076490562973785
2398,0.22367216809658697,0.275843525077172,5.0,4.902175713957089
2399,0.31331057444655497,0.3854074681372528,5.0,4.920226967715404
2400,0.12718845577151705,0.15605567378134055,5.0,4.906476278262808
2401,0.1155838018818367,0.14155184086927552,5.0,4.917813587503348
2402,0.21938167786168528,0.2797552721501353,5.0,4.920296064360654
2403,0.12523480232829898,0.15432995307719244,5.0,4.902460830293691
2404,0.22289745425291474,0.27271633917527716,5.0,4.918893166996181
2405,0.16109210110698902,0.19661082569470256,5.0,4.901109345817201
2406,0.18077758292641355,0.22116512649841513,5.0,4.914236360603876
2407,0.29604748865277664,0.35425716192263956,5.0,4.902301543945198
2408,0.2591411553484466,0.31628484211670704,5.0,4.908534703970995
2409,0.282529983800605,0.3465943079576719,5.0,4.905976994681245
2410,0.09886943149574212,0.12231395507206466,5.0,4.922114585762394
2411,0.2428857185872173,0.2963985286699411,5.0,4.915620636579403
2412,0.2276475352101177,0.27839771690207216,5.0,4.911977270629944
2413,0.15518380675594146,0.19014000665059827,5.0,4.907055932677276
2414,0.21200373729015887,0.2579884397056069,5.0,4.915454706400082
2415,0.24058683005438852,0.29325907343275737,5.0,4.925573737052993
2416,0.3468537169159249,0.4239802628092557,5.0,4.906918462091241
2417,0.11482483969895507,0.14092287144421034,5.0,4.912269112612471
2418,0.263141078491536,0.3206883856036187,5.0,4.922469577485344
2419,0.15011872698103024,0.18436718059904522,5.0,4.927869518816603
2420,0.2910048856330081,0.35686685764445847,5.0,4.887290796661663
2421,0.31940101533363996,0.3907556274390571,5.0,4.913973819065207
2422,0.28829560554325395,0.3517586250541451,5.0,4.923317794375608
2423,0.19345164746777233,0.22870647187088466,5.0,4.917198541827812
2424,0.1987971562414732,0.24363575625469336,5.0,4.913689316690233
2425,0.2568389011390062,0.3167166168412998,5.0,4.906932901992702
2426,0.13551925452621472,0.16617122875744572,5.0,4.908290276917198
2427,0.32578302577443474,0.39650695420710935,5.0,4.922247631682746
2428,0.13415718512838892,0.1639445684886398,5.0,4.915869350401669
2429,0.2657326399759887,0.3251743469349093,5.0,4.910783466435262
2430,0.2517633425932482,0.30951505753701736,5.0,4.9147085313897065
2431,0.2642811545053314,0.32338418335867836,5.0,4.91379043072441
2432,0.35468034539527227,0.43417609715944927,5.0,4.899335524962005
2433,0.2969090803748813,0.3637897230041134,5.0,4.909891123740229
2434,0.21369992225877787,0.2604120467523934,5.0,4.933242378346563
2435,0.2751845462686673,0.3412202294307596,5.0,4.897268717144367
2436,0.17741210632284732,0.21699820566347583,5.0,4.91502941048692
2437,0.28839437429736026,0.3537914816171943,5.0,4.910174721662299
2438,0.27430430433061614,0.3347223176701002,5.0,4.9106523186864415
2439,0.19301573916043546,0.23611522213452862,5.0,4.913475207197369
2440,0.17479866139403533,0.21460838692135797,5.0,4.9126722133754
2441,0.22498264854242356,0.2757417507415223,5.0,4.905704264603781
2442,0.12247346215718213,0.14923824572579747,5.0,4.900079398403747
2443,0.2952290226953611,0.3603957958989501,5.0,4.916614586061163
2444,0.259337935104633,0.3182648870172531,5.0,4.913433375662271
2445,0.19236075477022485,0.23547491363767503,5.0,4.91012751647582
2446,0.29993789759865486,0.366578598306436,5.0,4.919916089670693
2447,0.29858170666648354,0.36394087807986497,5.0,4.917758006992967
2448,0.32038679825998795,0.38902504856799625,5.0,4.918832479881274
2449,0.3827657418934629,0.46785106188851144,5.0,4.900037161439865
2450,0.24304541938833024,0.2954799022476986,5.0,4.917745219392424
2451,0.35328348798272713,0.4324113544564432,5.0,4.902579908984324
2452,0.30797808356083944,0.37414802255387936,5.0,4.924075821313592
2453,0.20410410268584256,0.24897476981382005,5.0,4.919277705379361
2454,0.277614718653169,0.34048045107223146,5.0,4.906386812388037
2455,0.31707832855471585,0.4005332408821778,5.0,4.896647677288071
2456,0.25879637647239173,0.31538643728098736,5.0,4.912982768512819
2457,0.1572567481437206,0.19121470376941296,5.0,4.920630986660353
2458,0.22649139323563938,0.2760355914741175,5.0,4.916720488420916
2459,0.14351327276602932,0.17445970955560441,5.0,4.916339260094222
2460,0.2360789191726198,0.2813454468273253,5.0,4.917113204196015
2461,0.2509382999825982,0.30657755098511297,5.0,4.911825257886555
2462,0.16749034132621143,0.20357715783583807,5.0,4.90853891217264
2463,0.18851353443269292,0.22879018697048426,5.0,4.9209785880431145
2464,0.12024740436424763,0.15144963224919605,5.0,4.909592479291414
2465,0.23487477051442052,0.28722067546830377,5.0,4.910187892738209
2466,0.22851065372828394,0.28084353387668215,5.0,4.909200714738544
2467,0.3083868540765442,0.37841038242031044,5.0,4.908830859322029
2468,0.18542332730016553,0.22630170954283524,5.0,4.917610163126778
2469,0.3461976829504063,0.4214769891996992,5.0,4.905589636208854
2470,0.16819407904505135,0.2061233872083259,5.0,4.895796187713639
2471,0.23655927305175828,0.2917426950850175,5.0,4.901647607686419
2472,0.21615225545868966,0.26275913479784263,5.0,4.927411248504265
2473,0.21340494096335894,0.26093629860172207,5.0,4.913080481791088
2474,0.14196728306930795,0.1735823747576528,5.0,4.917682280181168
2475,0.31833898584243747,0.3891595381098465,5.0,4.90751439058263
2476,0.2666808220407664,0.32856328534824164,5.0,4.905439315810467
2477,0.316906915826793,0.38767533545577826,5.0,4.9098802896423965
2478,0.35154438097647867,0.43069771724031103,5.0,4.921810619109799
2479,0.28907125234151154,0.35466629390021986,5.0,4.904600402408921
2480,0.2345768080131465,0.28670748154050085,5.0,4.913413082290523
2481,0.308569829889638,0.37658425186410827,5.0,4.917482077983175
2482,0.25602379356203353,0.30980723609901006,5.0,4.92410702993296
2483,0.2081665596484361,0.2547645206819118,5.0,4.914604958247537
2484,0.22151439002872575,0.2731784544581677,5.0,4.913108984255912
2485,0.1779131909778724,0.19273870584952224,5.0,4.911048221609615
2486,0.21940801402368093,0.26920616488743376,5.0,4.916829827498077
2487,0.3753583457905738,0.45901799950034294,5.0,4.919229792512105
2488,0.16036758506437732,0.19498710886238846,5.0,4.920112852105714
2489,0.08984797022990532,0.11098790527197289,5.0,4.915863335934452
2490,0.13924916563398582,0.16762692552115332,5.0,4.908673637189631
2491,0.19473923632410384,0.23822590643217056,5.0,4.913832515770293
2492,0.2822087683020722,0.3460336050188826,5.0,4.914053592834673
2493,0.26945530890641023,0.3286609971269985,5.0,4.9178286986250175
2494,0.2524395679818332,0.30788562889995363,5.0,4.917350082422471
2495,0.27297164262666707,0.33366360804785256,5.0,4.91322855193709
2496,0.35212417325239276,0.43087547416030003,5.0,4.910274716786898
2497,0.20591186234030778,0.24940198319809825,5.0,4.960581639645767
2498,0.35947874811593783,0.4195040537860384,5.0,4.9094295633518925
2499,0.1641345585177083,0.20119618436704512,5.0,4.909640481465596
2500,0.13775902297327325,0.16912937536001427,5.0,4.901448008501497
2501,0.2601017602435789,0.31980359875552544,5.0,4.9105372013776805
2502,0.23061194099995874,0.2821797765062708,5.0,4.91016663337466
2503,0.3873551812274969,0.47493686165308113,5.0,4.905802484165349
2504,0.2458518330419317,0.2877957743705266,5.0,4.9169758704850075
2505,0.2398149110960448,0.2931257895024193,5.0,4.922285522186716
2506,0.2612375670781124,0.31972913965915817,5.0,4.910129975063944
2507,0.16406091249807564,0.20142086218622524,5.0,4.916672852768604
2508,0.27740452589263853,0.339003782391583,5.0,4.911930547912107
2509,0.23588852294539975,0.2881959503206639,5.0,4.915616401088458
2510,0.2558010043334551,0.31376676704465867,5.0,4.908503562707276
2511,0.13730699658010015,0.1680239687585947,5.0,4.915642252752512
2512,0.26392503642785825,0.3243034816194319,5.0,4.9115575989313776
2513,0.36923199324073974,0.45227488034334895,5.0,4.9007142061908215
2514,0.33956543346978507,0.41472964993035055,5.0,4.917866351350284
2515,0.25432512133460317,0.31228020763914466,5.0,4.908155180452711
2516,0.30656221475532264,0.38180943644622145,5.0,4.9040497783737536
2517,0.48727300869817247,0.5967445654414523,5.0,4.905960204029842
2518,0.2292380541242225,0.2794929956422656,5.0,4.927281616780945
2519,0.2158289112833418,0.20374296186243712,5.0,4.920994584883527
2520,0.14395572528292888,0.17581061251822572,5.0,4.919805094906486
2521,0.2689010830933678,0.3298226387313685,5.0,4.913690562991979
2522,0.10906031665119986,0.14447899344715598,5.0,4.896226626154174
2523,0.2634923428789555,0.3203556185242702,5.0,4.919172021293399
2524,0.08584657085155478,0.106777201425025,5.0,4.921105938669257
2525,0.3106977870461667,0.37866014424367433,5.0,4.905121591852053
2526,0.1969636034043203,0.24222905561318697,5.0,4.909201118303406
2527,0.23562792419217682,0.2886667260360998,5.0,4.906743610074553
2528,0.28678240341294914,0.3525382486769999,5.0,4.9148746433422374
2529,0.19462650045208463,0.2374799285172069,5.0,4.912449456532437
2530,0.2744306957593192,0.3356501808381043,5.0,4.909967117715803
2531,0.19418887809515795,0.24142699377825427,5.0,4.906273876632694
2532,0.17064403131171013,0.20957322442336523,5.0,4.894461308973357
2533,0.17056167296488378,0.20851380394811514,5.0,4.920491922322663
2534,0.2422746988192752,0.29751420617311,5.0,4.91448428713233
2535,0.19866033945404182,0.24390648901577205,5.0,4.907205897696532
2536,0.21343165583904344,0.26110340231048523,5.0,4.917532983246717
2537,0.1683348615150908,0.2051446163091668,5.0,4.919427609082465
2538,0.2487298832139364,0.30209400341942283,5.0,4.919383332821727
2539,0.2297092705153394,0.28096703446803617,5.0,4.921173424636489
2540,0.3062406559786919,0.374770853571061,5.0,4.910690223776291
2541,0.15950322289455543,0.19599000563195945,5.0,4.913803991405938
2542,0.2104824137336223,0.2526870319288417,5.0,5.0
2543,0.3694630820481317,0.45081186343398616,5.0,4.9133234469334575
2544,0.37153227513259823,0.453274648295074,5.0,4.91520767175575
2545,0.27903331061438985,0.34036696778449516,5.0,4.917895043508809
2546,0.1318460065458953,0.16148131968749557,5.0,4.917797707559268
2547,0.3345306198538285,0.4104741301800179,5.0,4.903775975131595
2548,0.1511381381896275,0.18396128123144995,5.0,4.927627516145332
2549,0.2023675799222795,0.24793297176669316,5.0,4.905755072793037
2550,0.2550164834501887,0.3130983487934489,5.0,4.914111869910833
2551,0.2671253093512673,0.326297469821651,5.0,4.912766485081912
2552,0.37128133123209683,0.4511852809288608,5.0,4.920678326579404
2553,0.19055461356843773,0.23196661288311415,5.0,4.924384532207657
2554,0.1617711760714311,0.1979915631960072,5.0,4.914129502794173
2555,0.20601969746906001,0.2526739452183058,5.0,4.9147821175163475
2556,0.17763156121495394,0.21653857833538037,5.0,4.914058668726762
2557,0.284689695700306,0.2694021440978691,5.0,4.911207295786424
2558,0.22854463427412286,0.27924169861616654,5.0,4.913610317959334
2559,0.21438510212020168,0.26173307443142946,5.0,4.906612341658176
2560,0.28516673367879686,0.3491426206705113,5.0,4.912284143150369
2561,0.1828457257038858,0.22353980857235833,5.0,4.911915023217874
2562,0.400641472454466,0.4853005347678445,5.0,4.949468708157383
2563,0.1776181930895675,0.2174337536292772,5.0,4.928991314733366
2564,0.16187700656991577,0.19797743474193918,5.0,4.922065146168144
2565,0.31218509263403127,0.38269589223863987,5.0,4.906583479154953
2566,0.2755632442065412,0.33752171431168354,5.0,4.904306413808914
2567,0.2019522025821714,0.24325001086889686,5.0,4.915441308699187
2568,0.2432648634235297,0.30023612953757817,5.0,4.915490804931366
2569,0.27680939582331,0.33802128556626565,5.0,4.94602297459295
2570,0.32854066507304314,0.4005535974163521,5.0,4.92264865140025
2571,0.1204801556758186,0.148043038850463,5.0,4.91520301014174
2572,0.25760341235291895,0.3161243317244087,5.0,4.909833113084483
2573,0.21742827597342718,0.2649836091586917,5.0,4.923476060701724
2574,0.23262484352426083,0.28464539126791033,5.0,4.907427521437864
2575,0.27754102512373535,0.33935585982495375,5.0,4.904118456487376
2576,0.35793039880618926,0.438549954602268,5.0,4.907498409613771
2577,0.1643945295363307,0.19991395330686257,5.0,4.92492857219931
2578,0.2262257838412136,0.2736951733263526,5.0,4.9233668512059925
2579,0.10994012556523414,0.13550893982611267,5.0,4.910768481759185
2580,0.19350852695389453,0.23686373768088154,5.0,4.923262525945891
2581,0.31077570573985525,0.37992338466852993,5.0,4.912067014645265
2582,0.20590841335484655,0.25123366355712573,5.0,4.9226651788626
2583,0.2779011275205654,0.3402057268349534,5.0,4.9015810509044755
2584,0.247542738394954,0.30171048393737254,5.0,4.92548642884441
2585,0.25997199006327953,0.3189712950547072,5.0,4.915344869967013
2586,0.19104890203284608,0.2340928049865465,5.0,4.914522836060469
2587,0.25270169780382834,0.3086584048425143,5.0,4.919874452073518
2588,0.17520857886840413,0.21552081228213238,5.0,4.912526544353906
2589,0.2869180803024711,0.3496650784729691,5.0,4.919552399492488
2590,0.17589744359933346,0.21736938649798931,5.0,4.922207690796299
2591,0.25787988296532305,0.30901988032833017,5.0,4.915488219954112
2592,0.48037600489055055,0.5867191728980714,5.0,4.908488497136592
2593,0.09683469539295864,0.11795447921707725,5.0,4.913600602650332
2594,0.2341762004382797,0.29111809085947526,5.0,4.887811870069481
2595,0.18645783264578086,0.22443959132995817,5.0,4.911022083792718
2596,0.17124102751054626,0.21000467523455169,5.0,4.913655648439077
2597,0.07941634840879908,0.09924781305872354,5.0,4.900277405726845
2598,0.27928779952220273,0.34007151015390025,5.0,4.911705932120505
2599,0.30161674333119826,0.36868791974994997,5.0,4.907614016946811
2600,0.22124605971399203,0.26863379608867843,5.0,4.936002632020511
2601,0.21486182527340003,0.26495321365347446,5.0,4.917074543378828
2602,0.13561262427269383,0.16573286076188376,5.0,4.9210260295005614
2603,0.2274118479495537,0.2772698698297589,5.0,4.917122551076005
2604,0.24817329336142024,0.3000187160181018,5.0,4.944884717178191
2605,0.26061490476793314,0.3181413074404025,5.0,4.917808798659378
2606,0.26555601914837634,0.32492705387770293,5.0,4.910741723146375
2607,0.2332255313796261,0.2847557483457457,5.0,4.910856728680546
2608,0.1945144123761242,0.23831640298848522,5.0,4.915255173405884
2609,0.20981191525837284,0.2568530170626526,5.0,4.9097896202977775
2610,0.2542145402767684,0.3108234694191845,5.0,4.904510664560728
2611,0.32791127004675524,0.3813455356747204,5.0,4.920013172629423
2612,0.31216760914597486,0.38238076349992767,5.0,4.898370140059383
2613,0.19343737644827175,0.2365328160642699,5.0,4.9250143487814135
2614,0.1809391459717007,0.22218523950886793,5.0,4.906575980000847
2615,0.21276097852442288,0.26136285498750644,5.0,4.885117326887576
2616,0.17898066231316756,0.22144098545223967,5.0,4.911869857697537
2617,0.2366888160133669,0.29054966564388907,5.0,4.9070776429723395
2618,0.19941643551972743,0.24301795454771224,5.0,4.902807651224421
2619,0.26955090792879255,0.33025723808161334,5.0,4.917575234958038
2620,0.2668751342140545,0.32595513404495424,5.0,4.9131736083488775
2621,0.17250311630047932,0.21136148044585235,5.0,4.912249445884713
2622,0.2300115846714188,0.28157548818677003,5.0,4.917708736746054
2623,0.14731753192451502,0.17964023442519794,5.0,4.9199337637813745
2624,0.17899468766691462,0.2183148066349181,5.0,4.917524207296653
2625,0.21220844723818244,0.26047944177952087,5.0,4.911905323322028
2626,0.2234738259745812,0.27354177312723227,5.0,4.910898694649415
2627,0.20653590365008578,0.2538408035414186,5.0,4.901018967181052
2628,0.3871678520939912,0.4727085727572382,5.0,4.922626363825948
2629,0.21635061577934867,0.270686249905298,5.0,4.898701064092501
2630,0.19169811982642027,0.2339303129609953,5.0,4.9156758072193
2631,0.19227460447722322,0.23444393277445674,5.0,4.9156408707963095
2632,0.1926769782420663,0.23512698805347343,5.0,4.91760988975801
2633,0.29737496498118654,0.36199094934640796,5.0,4.908449526400069
2634,0.17089962276185378,0.2123748794443887,5.0,4.914103348133425
2635,0.2828800389399544,0.34526985225882867,5.0,4.909729737386561
2636,0.19823936474665582,0.24214302737374882,5.0,4.908824896411064
2637,0.4052000103909841,0.4944772789852716,5.0,4.917883529021951
2638,0.20991686463635162,0.25686984754466,5.0,4.916074094920617
2639,0.16811374440501048,0.2891387243400265,5.0,4.915397167807738
2640,0.39393915385136347,0.4783891961549034,5.0,4.910133279649305
2641,0.12988532721756751,0.15882598215230503,5.0,4.909484129580068
2642,0.38009922559109355,0.4663516315129408,5.0,4.912739264456816
2643,0.2234042888452632,0.2725203854461482,5.0,4.908673749323089
2644,0.1715567146966599,0.20495491369272179,5.0,4.928314641725722
2645,0.2168249811028602,0.2644838364505768,5.0,4.928438646392221
2646,0.31477349455304027,0.3834341451418499,5.0,4.924671892584778
2647,0.20834183113523586,0.254952164592932,5.0,4.920513061997394
2648,0.3385493211425319,0.41425519728358995,5.0,4.9083473746796
2649,0.2955993032366422,0.36030486995758326,5.0,4.913118877313156
2650,0.22087373114289788,0.27351171167971766,5.0,4.91041665154901
2651,0.24055146125927118,0.29412813997622944,5.0,4.9076690159188185
2652,0.2519444842118246,0.30240054295834184,5.0,5.0
2653,0.2784663597779178,0.34022569564563754,5.0,4.917438032918948
2654,0.16161008741025262,0.21287324083965897,5.0,4.91766871630908
2655,0.17743333305695574,0.2172697014872047,5.0,4.922451024327348
2656,0.1938165341241278,0.23560342369895482,5.0,4.917375795127015
2657,0.14292087538880804,0.17515722699768976,5.0,4.913011171809529
2658,0.23171781715060158,0.2818351061636122,5.0,4.915735432378288
2659,0.38842938011853345,0.4766775188617247,5.0,4.9115205946231555
2660,0.14998068754018457,0.18470420479100325,5.0,4.913267882878545
2661,0.3265706420981558,0.3984181368717967,5.0,4.914106938745659
2662,0.27452397030537146,0.3355876956683359,5.0,4.928247074744911
2663,0.1951724152859884,0.23778510799470953,5.0,4.927161149872985
2664,0.17218617310063822,0.2102446240490834,5.0,4.921164719079885
2665,0.19868689890933267,0.2444959506557982,5.0,4.912595256590153
2666,0.2017831531168397,0.2463769323261209,5.0,4.915266947073285
2667,0.1692878265875868,0.20637776811153152,5.0,4.913919907702393
2668,0.28172619518163367,0.3425069593809049,5.0,4.911855896465518
2669,0.13000591170433795,0.15911443153461913,5.0,4.91691624634786
2670,0.16121633785012346,0.19687818984283112,5.0,4.9240691211222565
2671,0.1881844816827205,0.23033296889232346,5.0,4.903975355919359
2672,0.17636088017588425,0.29227335732250337,5.0,4.922900870459355
2673,0.17217601400922522,0.20851359883656784,5.0,4.918838368325904
2674,0.1647121466332231,0.20106815265572564,5.0,4.914104952774956
2675,0.16925934096671025,0.20590044670292018,5.0,4.91841440285552
2676,0.34608437100933154,0.42261915307019726,5.0,4.915948998650643
2677,0.3240132541790208,0.3992966362346706,5.0,4.909639062606477
2678,0.20713505899137696,0.2549154856173388,5.0,4.911758935785535
2679,0.257303465536717,0.31551784303436503,5.0,4.9104309606424135
2680,0.3574683672724943,0.4371915742107597,5.0,4.909783152111453
2681,0.2950891768628776,0.3596918892638943,5.0,4.908189652088915
2682,0.1583979115431291,0.1934761558112046,5.0,4.91942116387758
2683,0.18462821814083408,0.23082492396476462,5.0,4.91180920926185
2684,0.16796932615937243,0.2053940628982227,5.0,4.912148455182841
2685,0.35968436197306985,0.43911680570960177,5.0,4.921659096347293
2686,0.32459704740685846,0.395244275157268,5.0,4.9268302292430555
2687,0.10981626925808752,0.14622810665293273,5.0,4.910507224362721
2688,0.27728569640280787,0.3394408174323027,5.0,4.913622961223112
2689,0.14638506452241407,0.1795639251558676,5.0,4.910815695199773
2690,0.17301815041601953,0.21436405157355787,5.0,4.921950593876918
2691,0.2008033593187042,0.2454016984595906,5.0,4.900475425158497
2692,0.1331843974409832,0.16401796528371904,5.0,4.8994074232007545
2693,0.19248214953297116,0.23606023871088944,5.0,4.910593601706648
2694,0.22207055464662706,0.2710955483819988,5.0,4.9113749920386685
2695,0.277192541381273,0.33815282648312217,5.0,4.919900483617017
2696,0.18903662183680559,0.2303703910890169,5.0,4.915037531162021
2697,0.16360920409770285,0.19945023127270867,5.0,4.918498430264329
2698,0.18645830213114256,0.22753690443582197,5.0,4.91711973026602
2699,0.30339568535735095,0.36926504084021805,5.0,4.897153586300842
2700,0.20815748292042446,0.2520215789343585,5.0,4.925442192940821
2701,0.15209123794295554,0.188203043952891,5.0,4.915370910928081
2702,0.12507807989688624,0.1521205057320827,5.0,4.932175249934065
2703,0.21809733088635452,0.2642025151678009,5.0,4.939647841615464
2704,0.24714821226340766,0.30233437874337055,5.0,4.913133851781213
2705,0.18993299068665515,0.22864963968106178,5.0,4.905295473611879
2706,0.25357167875968956,0.3102984212467834,5.0,4.908670064084681
2707,0.16293286099786286,0.19909722639298555,5.0,4.917695576478387
2708,0.15820190486959862,0.19280500403144862,5.0,4.920060293637807
2709,0.3467823859569965,0.42333417770544646,5.0,4.917202443393851
2710,0.3419078699839435,0.41992177686962195,5.0,4.899135839914521
2711,0.30776465911827944,0.3773846038770958,5.0,4.909274565914501
2712,0.13076964010017922,0.16020345914334833,5.0,4.90775153431338
2713,0.2303384774518782,0.28747587743802017,5.0,4.912848406212529
2714,0.18151070734936625,0.22265792253187278,5.0,4.913818082617549
2715,0.12882065847720692,0.15903827388248137,5.0,4.91696947482132
2716,0.2018537606927575,0.2439655800697571,5.0,4.923742412720529
2717,0.28969202712701825,0.35373497869894743,5.0,4.908849697317752
2718,0.2689932770231198,0.32948424833205414,5.0,4.900182672996065
2719,0.3482818201485074,0.4249391147113126,5.0,4.917568911643464
2720,0.22626309068533534,0.2765326919824618,5.0,4.915376861411289
2721,0.25001326976677163,0.3058471581818645,5.0,4.905560843465135
2722,0.24615139733455949,0.3021937753085919,5.0,4.910465419949057
2723,0.37022279544502124,0.4546775034669661,5.0,4.893090789383576
2724,0.24238249693464464,0.2984806232144248,5.0,4.904759111674624
2725,0.2852831610804305,0.34671610327310765,5.0,4.9212755759265026
2726,0.2540688601281522,0.3106125246826672,5.0,4.915843854472479
2727,0.2094158756678175,0.2542246905675136,5.0,4.909289130297951
2728,0.1915463029090596,0.2352703738454449,5.0,4.912265314007396
2729,0.26280766573430325,0.3167113746701564,5.0,4.908989294360895
2730,0.24060192468830155,0.29299783447845473,5.0,4.921390332331956
2731,0.12992743810499574,0.15765561053405186,5.0,4.923342082017399
2732,0.3164079174995149,0.38733771023117947,5.0,4.913398899833394
2733,0.27517516698823785,0.3371851868704323,5.0,4.892810315694831
2734,0.3323400290796368,0.4110433468433967,5.0,4.90261555866593
2735,0.22183626716738947,0.27040741752402564,5.0,4.913039488526225
2736,0.23088278630892667,0.2815890937948742,5.0,4.917408580841851
2737,0.1899573878407872,0.23033700090456244,5.0,4.9088009958023004
2738,0.3580324468304541,0.4413888275839173,5.0,4.896173527580627
2739,0.28788318510136657,0.35015517643328975,5.0,4.90698482682264
2740,0.27032827365761025,0.33073818456502124,5.0,4.912178619074101
2741,0.2177178610354924,0.26780999431840624,5.0,4.897561321097728
2742,0.38616738901430225,0.4695345807945317,5.0,4.918665446383796
2743,0.16557103719621624,0.2019197696050299,5.0,4.912860217988939
2744,0.20898358870777844,0.2549827884940732,5.0,4.928192320285687
2745,0.08324587185851229,0.1017507427776938,5.0,4.915192888271118
2746,0.2603393392773754,0.3179636005910813,5.0,4.905832613123513
2747,0.35232049127158827,0.4303501799440974,5.0,4.91163377045992
2748,0.15462689177916733,0.18964010722597724,5.0,4.902089148747439
2749,0.113984715670026,0.13900255473156653,5.0,4.910370769375616
2750,0.28476106826439684,0.34889886544124105,5.0,4.903321661462723
2751,0.23781517640464456,0.2916511412277838,5.0,4.902294419844573
2752,0.3302828109640954,0.4043508368723292,5.0,4.911620606342648
2753,0.1328104211794432,0.1636392431063276,5.0,4.919097564348025
2754,0.13816028615864595,0.1690631597237624,5.0,4.920204380553432
2755,0.24013608614440063,0.29436646430327196,5.0,4.913284245884917
2756,0.21456251628147993,0.26283573137999494,5.0,4.9099207849049975
2757,0.2958582131488037,0.36123597634277793,5.0,4.915339180762022
2758,0.09967295320803915,0.1218270190846591,5.0,4.9217680901811445
2759,0.3424169690407959,0.41526868557322194,5.0,4.9426655922224505
2760,0.3825521125421876,0.46761423989204975,5.0,4.91700763229912
2761,0.34633737010691434,0.4233388353969818,5.0,4.917192895253679
2762,0.22124941776807638,0.2704566016266232,5.0,4.913898431566892
2763,0.34110162151181056,0.41726574138265127,5.0,4.918086128536192
2764,0.2900976450085804,0.3550375315532317,5.0,4.910021381402245
2765,0.31776992059616616,0.3864385652699449,5.0,4.915964911551818
2766,0.3119490761748356,0.3817959177674213,5.0,4.915009944651523
2767,0.16578167303824376,0.20302282668675398,5.0,4.910822635022072
2768,0.24262175612955228,0.29731746588178165,5.0,4.905823000162792
2769,0.16829860441878663,0.20989085183289458,5.0,4.878292584105379
2770,0.33270187367702153,0.4063532750224581,5.0,4.9097003278495155
2771,0.24207819280140352,0.2957381090410478,5.0,4.913322019339192
2772,0.26598154842679067,0.32477115806330636,5.0,4.912134492911724
2773,0.31391079120704757,0.3850586609575053,5.0,4.908429979506508
2774,0.25232843492932977,0.30919201062417456,5.0,4.910573594958141
2775,0.34812665177459867,0.42751098855067804,5.0,4.896681748829739
2776,0.26989376367425355,0.3258140568335359,5.0,4.942872760500077
2777,0.13512080125195203,0.16482706171178263,5.0,4.918803962139364
2778,0.2101035433236238,0.2580088995130396,5.0,4.8942231842664885
2779,0.24322162652501644,0.297307658508857,5.0,4.9066471449683835
2780,0.4130572748656487,0.5041710714393881,5.0,4.91888497974772
2781,0.3163225115767705,0.3869099617904965,5.0,4.910771107274625
2782,0.3663175988189722,0.4483562091056035,5.0,4.907895829176958
2783,0.23187354628306078,0.2837980545601544,5.0,4.905763461075194
2784,0.3224269433931537,0.39435183668566753,5.0,4.909098700848391
2785,0.19283805620682215,0.2378271001898371,5.0,4.881268003568211
2786,0.30940035816612643,0.37851532959038536,5.0,4.909339157476911
2787,0.2996257383424126,0.35993295171821527,5.0,5.0
2788,0.3309125260101804,0.4061342324090158,5.0,4.892853570782121
2789,0.18778061852600314,0.22948650519544112,5.0,4.919918411953841
2790,0.3901064210210421,0.47854009177811685,5.0,4.930975096403998
2791,0.20440467464998546,0.25024065345904445,5.0,4.911893803294376
2792,0.2983307970231168,0.3656018133993544,5.0,4.900590063407373
2793,0.2391247435318311,0.29287356062763736,5.0,4.911278792832103
2794,0.39183538276362606,0.48082839312958825,5.0,4.899519440434537
2795,0.27572713134326277,0.34274786027778137,5.0,4.90074875501616
2796,0.13350382010339956,0.16199335562857664,5.0,4.926426226029159
2797,0.2794780602225426,0.3416768255218452,5.0,4.906855323050099
2798,0.3213855493391826,0.39355316049603806,5.0,4.904986292525697
2799,0.3127923667528685,0.3845377378676904,5.0,4.900352246281523
2800,0.22788557724728364,0.278355337617991,5.0,4.917826230904492
2801,0.2032982684550393,0.24768017699652867,5.0,4.924444476817289
2802,0.234067152724037,0.2861090888943134,5.0,4.911710060598518
2803,0.20607960307286133,0.2522023564736695,5.0,4.915710036116776
2804,0.25334258092607875,0.30984353371108786,5.0,4.914997668855703
2805,0.2819603987817847,0.34464903592671603,5.0,4.910594624420916
2806,0.292953811357644,0.357031699683513,5.0,4.922103717877455
2807,0.2481518589685281,0.3042698269448012,5.0,4.8979422146882
2808,0.22661176669933436,0.2771040497460393,5.0,4.909683862810272
2809,0.23148079762777818,0.2842014526841887,5.0,4.90980956329282
2810,0.24751796170077878,0.3038333232471637,5.0,4.911076981367266
2811,0.17134083142365109,0.20969573993208712,5.0,4.916468343272147
2812,0.2065396028481188,0.2523658435027514,5.0,4.913641093567778
2813,0.23507457770947426,0.2943429864332996,5.0,4.862745300984166
2814,0.16178034190072044,0.1990508413340828,5.0,4.908904943675658
2815,0.18599264710530838,0.22590167673902983,5.0,4.927215106810223
2816,0.1944791415464171,0.2388762817137382,5.0,4.904289348860571
2817,0.28454657272773587,0.3475963599848797,5.0,4.917949595058255
2818,0.3993369499101789,0.4889159122631832,5.0,4.909259113273912
2819,0.27471310511119174,0.33745491149238926,5.0,4.9007592707044
2820,0.3233185077437577,0.39660070284601634,5.0,4.904008779203828
2821,0.37775899816457037,0.46365370493531133,5.0,4.909224571057225
2822,0.2640909875686639,0.32380163061073497,5.0,4.902278177288943
2823,0.28468154965137193,0.34796120407808484,5.0,4.904133800954353
2824,0.24154463324844722,0.294747291988698,5.0,4.914871026358316
2825,0.3361969046248652,0.4110216737016137,5.0,4.910991465118739
2826,0.1773390879016674,0.2173660510523605,5.0,4.9094121716779515
2827,0.32866918950723445,0.40215195566708806,5.0,4.914604482892253
2828,0.33208756873191203,0.40608981035768954,5.0,4.916135669457242
2829,0.26902619468984046,0.3290017762094486,5.0,4.900909171296979
2830,0.39704411831948394,0.4849491719164718,5.0,4.905046489304903
2831,0.36990966787582824,0.45225243321902897,5.0,4.903383411308502
2832,0.27098060127287193,0.3315922350859528,5.0,4.909380918415236
2833,0.2042557351307619,0.2486111398458175,5.0,4.922305331790859
2834,0.31355471390605016,0.38381301868256945,5.0,4.912886391110289
2835,0.2054417965624713,0.2496529545228825,5.0,4.946752919193287
2836,0.2490711899281015,0.3036394435518126,5.0,4.919904271296884
2837,0.2853786562156546,0.349549064435297,5.0,4.908099151208525
2838,0.3531002533539813,0.4313529524192108,5.0,4.9133789907130865
2839,0.36485280953557253,0.4486591578423713,5.0,4.913673928643449
2840,0.1862555559877619,0.22712605536153374,5.0,4.927148772326522
2841,0.4538712321244438,0.5567766952725413,5.0,4.899691817518335
2842,0.2401934071398415,0.2937101503036823,5.0,4.916937555611645
2843,0.19193826391361024,0.23520404033479658,5.0,4.899629415143174
2844,0.30344708454712954,0.3706342618264007,5.0,4.916844829142697
2845,0.34612755583107213,0.42473860543534414,5.0,4.90465351258246
2846,0.32314121332679746,0.3871797494456348,5.0,5.0
2847,0.20623277186239242,0.25217504754145637,5.0,4.915130553145763
2848,0.2829380001836517,0.34637111660235376,5.0,4.911945495518788
2849,0.2046120811359402,0.25078567700746923,5.0,4.912518025251416
2850,0.1663918546420735,0.20424232979990298,5.0,4.9174579782785255
2851,0.16970389720863377,0.2079531651023978,5.0,4.909091116945232
2852,0.14910919535908596,0.18257425666474392,5.0,4.915557835575761
2853,0.26781114465082445,0.32846342399536876,5.0,4.892781593275064
2854,0.27190941858661,0.3319335122670568,5.0,4.921254051607331
2855,0.23001025804980357,0.2813850077163129,5.0,4.920732580605902
2856,0.34219651948075525,0.4201240650280036,5.0,4.889033448608622
2857,0.21349248901678752,0.26064828194005685,5.0,4.918790481628426
2858,0.15527351672181333,0.18975335314813946,5.0,4.914123474504022
2859,0.34474482414985586,0.42200746112769605,5.0,4.90971096118523
2860,0.17440040977193538,0.2136667781185424,5.0,4.910642753478136
2861,0.24335605163221996,0.2987474722835459,5.0,4.916765935575702
2862,0.34666744586788845,0.42418507357091295,5.0,4.910799193619768
2863,0.16334027010560725,0.1997763383526454,5.0,4.909372897008044
2864,0.26081023973001494,0.31846314962000966,5.0,4.917881155886716
2865,0.11745654988950704,0.14369664634292123,5.0,4.917803456520469
2866,0.3364892258696828,0.41198526116567913,5.0,4.9023678897762935
2867,0.2185599257196722,0.26735489122041756,5.0,4.9223123046688055
2868,0.34132660086883604,0.41720024198456995,5.0,4.910184271591085
2869,0.16528201893553796,0.20251467471209672,5.0,4.9023919314230735
2870,0.321326640046919,0.3934924173294767,5.0,4.9055303373654
2871,0.3255871484782238,0.39771996894568784,5.0,4.919561224012936
2872,0.1938069970962062,0.23748487289040598,5.0,4.908581401021337
2873,0.1968391044341704,0.24119284282646025,5.0,4.910978597293152
2874,0.17686060603197196,0.21743937005544822,5.0,4.893534601214311
2875,0.2518929123175726,0.30871024041447326,5.0,4.898291223685929
2876,0.32268226679124234,0.3942363158273814,5.0,4.917380654788959
2877,0.23088597986204928,0.283395648980316,5.0,4.905621853333102
2878,0.27364763303752326,0.3357863056485273,5.0,4.913276636804396
2879,0.23189689779468647,0.28448670555090527,5.0,4.914884421552932
2880,0.23424185993420732,0.2869557202915307,5.0,4.91686119379751
2881,0.16502855147729112,0.2014716283986271,5.0,4.927687753664447
2882,0.29884094625634594,0.36436163921415354,5.0,4.909075909471365
2883,0.36998612757719584,0.4523696981086618,5.0,4.909888677921321
2884,0.2257535947414926,0.27660282426492744,5.0,4.9050502575914035
2885,0.3541138435897009,0.43347628623700674,5.0,4.901757190136697
2886,0.4263888295972855,0.5204892861095591,5.0,4.91441422902013
2887,0.42103725526983804,0.5154457808794441,5.0,4.9074530678336625
2888,0.2709464022248027,0.3315587176907244,5.0,4.919260869144884
2889,0.40343924419309807,0.49123517498939595,5.0,4.925219101665244
2890,0.2627756239597514,0.32130879740397233,5.0,4.903017772689147
2891,0.2923763741650829,0.3583595199534504,5.0,4.912259630110887
2892,0.13252875183633805,0.16224786915774025,5.0,4.907351646223379
2893,0.32286554396740397,0.3952475765396102,5.0,4.918750393253966
2894,0.28673033140627924,0.3509636851169937,5.0,4.912931529075273
2895,0.35734659344335773,0.4362512431711236,5.0,4.9160657932991825
2896,0.1819957701984889,0.222218981040192,5.0,4.919805601050475
2897,0.20855730345530632,0.2546967455839042,5.0,4.909228206296978
2898,0.23243795935166545,0.284991634945412,5.0,4.90959276949507
2899,0.07539011102709847,0.09225847124830655,5.0,4.914146795073799
2900,0.2984712640395446,0.3654115153241919,5.0,4.912617795895491
2901,0.23538457705665672,0.2885723743575823,5.0,4.904240874872938
2902,0.22962974663638724,0.281763414226087,5.0,4.904449182602706
2903,0.24969704126039116,0.304860703869102,5.0,4.911072764490116
2904,0.1788853624854818,0.21956273802517523,5.0,4.904156898414218
2905,0.41249118600466406,0.5024760364509355,5.0,4.918187816900037
2906,0.21476712263656506,0.26178248589693043,5.0,4.923737240050681
2907,0.15232036555794082,0.1863794483629695,5.0,4.930603514708984
2908,0.21036822155400925,0.25802535359140366,5.0,4.9038452976502
2909,0.25429043203203094,0.3108217584705528,5.0,4.910691239766107
2910,0.26266972095489227,0.32099639399282687,5.0,4.912500517147187
2911,0.5211121197847239,0.6383509486913146,5.0,4.900515828195049
2912,0.20774913970093545,0.253788706223002,5.0,4.915678485157908
2913,0.284725234857482,0.3475064172811104,5.0,4.929295202223667
2914,0.11711743858470669,0.14388028239345108,5.0,4.914419935007697
2915,0.28389540590621953,0.3475392226398688,5.0,4.907968048855604
2916,0.22135844455224585,0.27260956868954933,5.0,4.90138038234285
2917,0.14667684079072374,0.17977453903073282,5.0,4.909774561471583
2918,0.15797375660759538,0.19382532954814624,5.0,4.894513928975899
2919,0.3707214782018693,0.45417445364057296,5.0,4.901149742591748
2920,0.15027573958792595,0.18391323166570195,5.0,4.916686594515083
2921,0.2388225273823663,0.2906842381742949,5.0,4.926228567938962
2922,0.129031498746913,0.1579102461188746,5.0,4.907410435454587
2923,0.23149914251518333,0.28365622221162523,5.0,4.913906903558578
2924,0.2665455357799378,0.3260130284511742,5.0,4.918401740356808
2925,0.24174912004421945,0.2962273769512114,5.0,4.912672034788628
2926,0.3730804597439943,0.45725989811347056,5.0,4.899581019055361
2927,0.26038605322939623,0.31888728993063586,5.0,4.906961582057834
2928,0.22366240285011352,0.27409396369601,5.0,4.912462295535294
2929,0.22362103329127136,0.27071087746140976,5.0,4.940909908109035
2930,0.29766388719062364,0.36358926156273985,5.0,4.919777094024971
2931,0.15188523182501612,0.18705668621694937,5.0,4.878181447438221
2932,0.29769231259448325,0.36273520997223296,5.0,4.923107363601726
2933,0.4853787881009082,0.5917123359102108,5.0,4.919082031736348
2934,0.24820871255798416,0.3039396255451152,5.0,4.911809850840809
2935,0.31049569133822374,0.3780813937828529,5.0,4.924539897863358
2936,0.25448434698810485,0.31130075131338053,5.0,4.912187646504993
2937,0.4962419887047227,0.6075092423639887,5.0,4.901492390681179
2938,0.4118600688531002,0.5041794493497747,5.0,4.907394514421357
2939,0.09017600101919232,0.11117303164183823,5.0,4.90356434252619
2940,0.0716488723451909,0.08748943601194781,5.0,4.909544248475619
2941,0.32237630761173675,0.39405070294185873,5.0,4.918097168919031
2942,0.19557167105709294,0.23905376799325162,5.0,4.914464910274532
2943,0.2872632616728661,0.3525808513874016,5.0,4.92257557022727
2944,0.17549933284313113,0.21484665199649378,5.0,4.914407427189023
2945,0.13533507947766243,0.16536590658790384,5.0,4.91664391898845
2946,0.2806377099830435,0.3424338157372857,5.0,4.918360531249455
2947,0.27495123253741993,0.3338056754336949,5.0,4.92826647320193
2948,0.34885053502381314,0.42654242402419085,5.0,4.914646117598034
2949,0.21744451563798362,0.26545314566401945,5.0,4.945939049066794
2950,0.26635142116284993,0.32593352163263156,5.0,4.907526358833998
2951,0.20847376226813719,0.25554402702585977,5.0,4.895940859123735
2952,0.08655086324949823,0.1065270235518807,5.0,4.903667466818229
2953,0.27648394148967226,0.34055479848335946,5.0,4.889874377213781
2954,0.18991978155476463,0.23252379589882466,5.0,4.917468099110245
2955,0.4066267179688572,0.4981305265410647,5.0,4.898202333300876
2956,0.18424898256698619,0.22627325182701452,5.0,4.918390136165778
2957,0.06849605054743413,0.08383608545143284,5.0,4.921128484146946
2958,0.1401543212733556,0.17200009765373792,5.0,4.9080467989465415
2959,0.11995325055440298,0.14706524966920442,5.0,4.913902145990079
2960,0.24932814665095804,0.30412492430470794,5.0,4.91978738985595
2961,0.2943459504348158,0.3602842552715626,5.0,4.901430781011253
2962,0.20748796383201396,0.25420171520510104,5.0,4.913205778557437
2963,0.18613725405510695,0.22784861059782546,5.0,4.908229690506873
2964,0.33299664523353,0.40674244248768177,5.0,4.909040411049679
2965,0.2786456120737608,0.34049072832422733,5.0,4.917083876063266
2966,0.3423970145179849,0.41745758851655035,5.0,4.920089420625597
2967,0.1825706382322574,0.22366674815277388,5.0,4.90795886253383
2968,0.09035987948316015,0.11198519257516382,5.0,4.900918484396115
2969,0.24200413786365726,0.29644346204328786,5.0,4.905683633950453
2970,0.20499129485097112,0.2504956963293854,5.0,4.91688000925409
2971,0.36674916591585927,0.4461061305347118,5.0,4.9257223452026455
2972,0.35430096485138707,0.435387320450638,5.0,4.886932766356278
2973,0.3714341404920871,0.45483147263659274,5.0,4.899228685290398
2974,0.4170326932884376,0.5089105036077561,5.0,4.912794157077354
2975,0.2586074549504671,0.3158624520612061,5.0,4.920602546067592
2976,0.3429141827558959,0.42001853043945503,5.0,4.902072611972876
2977,0.17861941917876534,0.21898002636602,5.0,4.914763186345175
2978,0.27437261023178294,0.336051607019884,5.0,4.908314538202854
2979,0.29437834100405436,0.36019979867436813,5.0,4.909353592280663
2980,0.36639201129455023,0.44868454157832005,5.0,4.921109410657598
2981,0.27438904483253723,0.33528517567584704,5.0,4.912713495578913
2982,0.13703781573742657,0.167999366913951,5.0,4.912112573782084
2983,0.3574166069478524,0.4367486101091429,5.0,4.915630706236689
2984,0.22695557581214842,0.27687531139686805,5.0,4.918074828333525
2985,0.1986368864060961,0.242493611598821,5.0,4.914288577709911
2986,0.27061352009749995,0.33188164300156875,5.0,4.852207344156083
2987,0.20013223440755223,0.24527217294711856,5.0,4.912111258080927
2988,0.29942684351559823,0.3656867430342077,5.0,4.922860136339482
2989,0.33394725454942864,0.407454010280887,5.0,4.9163536628985405
2990,0.19250056362402446,0.2360062604274744,5.0,4.915091402310612
2991,0.42544175177361,0.5214642738631612,5.0,4.9014885105159856
2992,0.40550379142109017,0.4959630790411844,5.0,4.909036669295457
2993,0.21799624193501943,0.2674720819329195,5.0,4.905739014828692
2994,0.27772307854985656,0.3395118367884511,5.0,4.907148095383116
2995,0.28637352147512307,0.3525876375089094,5.0,4.901042302770824
2996,0.19370533505251797,0.23672652469805278,5.0,4.921776065275676
2997,0.1908795081835113,0.233319923382878,5.0,4.915121134610425
2998,0.20382648454032526,0.2485609092318053,5.0,4.926236589247264
2999,0.310848887206864,0.38076888921130636,5.0,4.909321024827005
3000,0.22044772867543916,0.26904853811594887,5.0,4.902159000402344
3001,0.3623837508277328,0.4432964344471928,5.0,4.912416530607864
3002,0.1964219606087234,0.23853370587491218,5.0,4.943995643384289
3003,0.1740980973637829,0.21315505766659348,5.0,4.915095541656296
3004,0.2280018226840239,0.27874908430641665,5.0,4.915214390597882
3005,0.3300110542560657,0.40271573615385425,5.0,4.918034801124822
3006,0.23194655945203668,0.2841591439239406,5.0,4.910185123346205
3007,0.15176366124405205,0.1852235207158499,5.0,4.922550303635669
3008,0.20993471451802814,0.2568453288261874,5.0,4.911095944656223
3009,0.2647280153019116,0.3242485567269704,5.0,4.91095557413602
3010,0.19843622640610548,0.24280746610468174,5.0,4.915226540844815
3011,0.2648570399526602,0.32308163804379286,5.0,4.921252244490741
3012,0.18996378569804873,0.232400902076773,5.0,4.910453006598612
3013,0.39141797193999994,0.4787854342191593,5.0,4.907662288925954
3014,0.3051437831072572,0.3741928380607078,5.0,4.898292035508085
3015,0.1773428029298314,0.2158297098416353,5.0,4.927498833527437
3016,0.23302152534665033,0.284738413018945,5.0,4.923010760392055
3017,0.16014005808602594,0.1959036797830811,5.0,4.9185933320063135
3018,0.20462161978044935,0.2501095088266623,5.0,4.914976109003186
3019,0.182679886476538,0.223567757276804,5.0,4.91592032609276
3020,0.17417583219118904,0.21299969030142618,5.0,4.910866652703607
3021,0.25553772604032554,0.3132679636616682,5.0,4.90428599167144
3022,0.3901113301443966,0.476894521542784,5.0,4.906830005466896
3023,0.42469672437763806,0.5199715728846424,5.0,4.905553708695312
3024,0.27171173966861706,0.3327479190677738,5.0,4.9050710619960025
3025,0.2474108921059479,0.30180296472010704,5.0,4.911968620337275
3026,0.29437109921057836,0.3605765637851026,5.0,4.90472368604884
3027,0.1828331662926308,0.2245291486838359,5.0,4.907108955597677
3028,0.4087268179343744,0.49813284605690544,5.0,4.922700291786404
3029,0.30884426378639196,0.3755130217640894,5.0,4.928326536855687
3030,0.11389689645386314,0.139585856985039,5.0,4.906304836209241
3031,0.29041395183711205,0.3556064004930135,5.0,4.9106380171318165
3032,0.23547454731757278,0.28859103023231136,5.0,4.9041873769824385
3033,0.17306435640039664,0.2113871343561189,5.0,4.9224413730810035
3034,0.2626077194719927,0.32164084624181766,5.0,4.903186353931286
3035,0.2563434042772863,0.314207106500072,5.0,4.9096400018118125
3036,0.19635916796579966,0.240459035857854,5.0,4.9105564509932265
3037,0.14461629392729192,0.17713343182435026,5.0,4.9149486882425375
3038,0.35307355284233966,0.43182445873271735,5.0,4.90184248125602
3039,0.15823250077365358,0.19389687560788227,5.0,4.912956729748519
3040,0.3137135209860864,0.3843465039786287,5.0,4.912450082674162
3041,0.16899324069654975,0.20496613475939496,5.0,4.924996730254154
3042,0.2532374902119727,0.31120600461509085,5.0,4.856910119473001
3043,0.14113511841647508,0.17222798968568465,5.0,4.919944079976899
3044,0.17349554662531053,0.21236203668360742,5.0,4.911590611016647
3045,0.16747488340100736,0.20483548191043321,5.0,4.9402942931589156
3046,0.20455005646369018,0.24988362219015325,5.0,4.919027973427124
3047,0.05738002271928244,0.07017072237353172,5.0,4.910590376145079
3048,0.22426899280207713,0.2747600316651797,5.0,4.909525632165153
3049,0.1444926273283591,0.17700522998965318,5.0,4.902468359867216
3050,0.20402900658472722,0.24959178593509135,5.0,4.913328125218257
3051,0.2558167678360066,0.3129917331999319,5.0,4.915619939521072
3052,0.2957510965885566,0.36175123251728825,5.0,4.909058785763962
3053,0.32350681996132247,0.39606129706411375,5.0,4.931312806323946
3054,0.20319147313191066,0.24839070177601807,5.0,4.913127584595145
3055,0.11376175146558554,0.1398817575267417,5.0,4.901519008141939
3056,0.1895076654687271,0.23248924655671654,5.0,4.902351712188118
3057,0.25205651578736976,0.30800302980074945,5.0,4.912068966493122
3058,0.13491908353510373,0.16591036631232292,5.0,4.941732812587105
3059,0.20891330312409973,0.25658514602872673,5.0,4.906804999042587
3060,0.19275077272509322,0.23725974802868888,5.0,4.892420197708844
3061,0.2567401656984267,0.31487792033464634,5.0,4.901550039366294
3062,0.17641224480050766,0.21440943471586849,5.0,4.924006056109906
3063,0.2206630268002372,0.2694267607524834,5.0,4.906831759404708
3064,0.1895904772366619,0.23264480736107163,5.0,4.898338887947027
3065,0.2851299052214331,0.3485752508579345,5.0,4.911214590549884
3066,0.4014836963162083,0.49189371232977575,5.0,4.901919912394428
3067,0.23275106748578311,0.2855549051006512,5.0,4.9083119249583085
3068,0.2884138811553363,0.352718036043117,5.0,4.933259690945908
3069,0.4023247044099998,0.49205828590052914,5.0,4.910376819934479
3070,0.13090550021243086,0.1593913306087944,5.0,4.917946165946585
3071,0.11852279978965963,0.1459434021572299,5.0,4.906490048404395
3072,0.2899902736047335,0.35413873496150505,5.0,4.921052332251845
3073,0.2807852728044562,0.3420877685099124,5.0,4.918213465641568
3074,0.1454616614595814,0.17853741174905147,5.0,4.907228552301852
3075,0.561773608883207,0.6850753463195769,5.0,4.910830804614648
3076,0.306430525510786,0.37557297542873513,5.0,4.897150650478244
3077,0.20319479703343402,0.24834192531841026,5.0,4.907668860609435
3078,0.18663664802795532,0.2287800810301377,5.0,4.8956903697239795
3079,0.27763485916528996,0.33931004538020315,5.0,4.915842655833078
3080,0.30718598617002324,0.37758062293798744,5.0,4.909476868330227
3081,0.40533485368072864,0.49701706363453413,5.0,4.8880940996886135
3082,0.1975209258612156,0.2421926416007636,5.0,4.906744749891319
3083,0.3601253525183701,0.43928335748442016,5.0,4.909182088192425
3084,0.09899629798048415,0.12141326146270703,5.0,4.897888789068938
3085,0.5721828754881002,0.6993255352228231,5.0,4.894558755997478
3086,0.30427139681524773,0.372249644323569,5.0,4.904138584866846
3087,0.23263627109768525,0.24871737054369691,5.0,4.996889912195348
3088,0.31850855719444593,0.3343755394165231,5.0,4.973346479584446
3089,0.26412450136930676,0.2405990044534856,5.0,4.863031624554743
3090,0.23514469798869397,0.2493714896397179,5.0,4.924585488221069
3091,0.2315439013954137,0.241841547632059,5.0,4.974816124477064
3092,0.2957073717632146,0.2832924110317607,5.0,5.227224407100799
3093,0.28887048506059054,0.3407352031639139,5.0,5.001147099881003
3094,0.17585305787677408,0.18870454415050375,5.0,4.98597767684787
3095,0.20338735838613253,0.19793681620365033,5.0,4.974401697979296
3096,0.243263451293237,0.25793656305958623,5.0,4.970352941644771
3097,0.3131528667744121,0.3298621431750124,5.0,4.961081326497103
3098,0.20791149587170454,0.18487414737592034,5.0,5.013366035066085
3099,0.2234047350448134,0.23209543120140186,5.0,5.122879612880178
3100,0.2811728707873524,0.28374317225374046,5.0,4.976682607754439
3101,0.2073840497532211,0.20673095811210862,5.0,4.958681775138132
3102,0.3224646227933581,0.33299790959450637,5.0,4.994407852210498
3103,0.27633940460531736,0.29018304743326273,5.0,4.939606681538287
3104,0.0905890721756113,0.11872444071664923,5.0,4.999931700742284
3105,0.19847028228571806,0.20715599689606257,5.0,4.969778240972325
3106,0.2654568558104433,0.27240360450166756,5.0,4.984158164987793
3107,0.16751548431660512,0.17101562854778796,5.0,4.966571581466033
3108,0.25709644533606135,0.27619615754350924,5.0,4.953856763527362
3109,0.13370435783685686,0.1253856945968681,5.0,4.990874282877149
3110,0.3865678436341493,0.3473288089023818,5.0,5.0200940332613975
3111,0.2482381005972225,0.2583833788286083,5.0,4.9790766964998845
3112,0.19699234484933048,0.2776189642659912,5.0,5.033245867027354
3113,0.15838552323386001,0.15078794823536357,5.0,5.001397376666947
3114,0.15053628060393387,0.15770706256065004,5.0,4.98872940725688
3115,0.20927001578130566,0.3198300435999317,5.0,5.018049263672388
3116,0.24407608389479796,0.26616690514049557,5.0,4.951033214994549
3117,0.13987607168905014,0.12878075917457177,5.0,4.750379225256243
3118,0.2225079147061204,0.22527715648998403,5.0,4.980508705665798
3119,0.11454035952884611,0.104693665511284,5.0,4.981492439492916
3120,0.27797416157885424,0.28589478700328375,5.0,4.988964310716719
3121,0.23752408108008405,0.19943163068161573,5.0,4.9924462792440405
3122,0.15461761282272102,0.15347526001898504,5.0,4.987905078452117
3123,0.11057205085863298,0.11103743654682852,5.0,4.988569990071099
3124,0.11019832710277533,0.1172141096364796,5.0,4.9780310823349705
3125,0.28262759843018137,0.29114723364098793,5.0,4.981515614637688
3126,0.3911405386385236,0.4058581840774671,5.0,4.989727843037697
3127,0.20790231251979385,0.22019772763206613,5.0,4.986153662795587
3128,0.29058386920838086,0.3004381645443728,5.0,4.978421932556012
3129,0.26631145614958474,0.2779249401339281,5.0,4.986587679216381
3130,0.18684244808971862,0.19742831906952474,5.0,5.000784506911371
3131,0.24928561428649143,0.3137240604726357,5.0,4.950818790015621
3132,0.2675562678055843,0.27759807055616537,5.0,4.976784267889718
3133,0.2489095364196907,0.26205741406689453,5.0,4.996087487959278
3134,0.34250415921753485,0.1561491025946553,5.0,4.952291504566357
3135,0.19528130394555165,0.21812039121675997,5.0,4.8441845346897505
3136,0.274648490153268,0.24885486841322568,5.0,5.282246476903634
3137,0.21213084715903263,0.2527420094662445,5.0,4.982356506599546
3138,0.12565443738546622,0.10570236813836709,5.0,4.979256861368002
3139,0.3716992624404982,0.38141172723051,5.0,4.9910122448943195
3140,0.3115266913203727,0.32592590255974785,5.0,4.984319301371745
3141,0.22855059223603846,0.23840002338604416,5.0,4.987150554301971
3142,0.2812483729215436,0.29654421749487336,5.0,4.977078199213638
3143,0.22542538466727047,0.22464073703812204,5.0,4.9818476102283515
3144,0.09581092038051242,0.09635507773331442,5.0,4.974451193251719
3145,0.211380175259966,0.2040976961842471,5.0,4.979080171379202
3146,0.17039221750819444,0.1798848214525448,5.0,4.991981951080406
3147,0.24940544357081462,0.2598674564986079,5.0,4.959762231268927
3148,0.20641347397883902,0.21708030938935496,5.0,4.984947414650245
3149,0.13186391137745446,0.14108600396643123,5.0,4.953909824991589
3150,0.29930853150874404,0.29012462394143146,5.0,5.023370831866645
3151,0.1661113325753918,0.1929514071772549,5.0,5.050080161953039
3152,0.20057882479774714,0.1884140540541972,5.0,5.022920351916911
3153,0.17187162320069027,0.1692719130009095,5.0,5.25519700482465
3154,0.14770595841998158,0.15146618027343584,5.0,4.980041588568973
3155,0.40307089508246485,0.416616409501404,5.0,5.014756633731734
3156,0.18948657936035684,0.1991693212555834,5.0,5.001320340896429
3157,0.22952698038770492,0.2299064688779875,5.0,4.982947420480652
3158,0.32992850320964884,0.3509639798348949,5.0,4.977001903752196
3159,0.3309192639671552,0.3432947086015694,5.0,4.95428585913003
3160,0.37044951832327766,0.34733703248092507,5.0,4.99435760823201
3161,0.2671996736551119,0.2738413377508928,5.0,4.942541437667609
3162,0.3934564335565196,0.4091465989049221,5.0,4.999146732506725
3163,0.27831267880742594,0.2844757824185302,5.0,4.994002795223986
3164,0.2734955406025448,0.21986277556687028,5.0,4.980894218473155
3165,0.1311171822658943,0.13758941754519194,5.0,4.977634226271315
3166,0.3397280066275745,0.33276805772433904,5.0,4.994119641850512
3167,0.1756018387705005,0.19044021780950326,5.0,4.983897774313535
3168,0.18577903541189045,0.1997250773098067,5.0,4.993884744126786
3169,0.21863351625710603,0.2510928015138556,5.0,4.957068606162078
3170,0.1863447750565317,0.18716500676284142,5.0,4.973064779717689
3171,0.42415419333968285,0.4076924394190422,5.0,5.02231823197401
3172,0.2512111712239298,0.26466533187587626,5.0,4.982309945408696
3173,0.3055662761383473,0.31865731332392033,5.0,4.974660165933571
3174,0.14621948086786873,0.1417164998539766,5.0,4.986163188174384
3175,0.1680124597701247,0.17926472842558572,5.0,5.038699932800075
3176,0.33648247916060514,0.32629704119276304,5.0,5.099997991357759
3177,0.17987224447386474,0.21108127318645686,5.0,4.754871494051267
3178,0.28315526245045675,0.267110998876819,5.0,5.0501208265482855
3179,0.2237144392405761,0.22943349365114218,5.0,4.98255979380172
3180,0.19936464697577838,0.20687203780357843,5.0,4.9776547351715905
3181,0.27603269203834535,0.31090626588928694,5.0,4.9730593729991845
3182,0.21607385086524045,0.2108663281786023,5.0,4.989411337653653
3183,0.1948963312997447,0.19439596287288996,5.0,4.968857281233383
3184,0.10548863188105817,0.09210619978259182,5.0,4.759648995709629
3185,0.19803861328643846,0.2054242020484962,5.0,4.9826489334053115
3186,0.15756356548032713,0.164126494230316,5.0,4.986475696509345
3187,0.2512482616670124,0.27286760197862736,5.0,4.96663156040035
3188,0.14575619624767344,0.16293744939832666,5.0,4.986230230012927
3189,0.3723461806751096,0.3899503869286689,5.0,4.9788272501888375
3190,0.3006858447734837,0.33828269050639026,5.0,4.889356879594864
3191,0.20610502845522927,0.21949610716701495,5.0,4.986898155951813
3192,0.08331488908666218,0.08807419793855953,5.0,4.992165458375437
3193,0.1534958892178886,0.1629262615216398,5.0,4.988460295186821
3194,0.2194613634180873,0.23397175023972028,5.0,4.990879249626499
3195,0.11379368907864418,0.11718714994864543,5.0,4.981641678505966
3196,0.20394448924745,0.20841297153627547,5.0,4.982790601302458
3197,0.26107240664313425,0.271744565977349,5.0,4.979969432320077
3198,0.1700341608963194,0.1784629417611645,5.0,5.022400579553858
3199,0.2941175357280885,0.31620204014456443,5.0,5.017861023159753
3200,0.16790136087403407,0.17307627727096753,5.0,4.9818119928154925
3201,0.2816623540821537,0.2826379748846566,5.0,5.025281056709616
3202,0.1580411383394369,0.15162137788489805,5.0,4.978506320676299
3203,0.24757983463156363,0.2570257214526315,5.0,4.984028384603301
3204,0.31107638527004,0.3173820693249496,5.0,4.99434592725831
3205,0.1636242694404364,0.21519378498537045,5.0,4.975478010883538
3206,0.16883203721141893,0.18800298829072215,5.0,4.996504172631093
3207,0.22372880989094224,0.23373324209359758,5.0,4.98344220886592
3208,0.23305130452424816,0.2419561636300298,5.0,4.985430428639832
3209,0.19214672382764397,0.19679866332167317,5.0,4.982383968417041
3210,0.3166040908419381,0.334431563482829,5.0,4.985070417375708
3211,0.11083986187647277,0.1232484553055222,5.0,5.064536628487826
3212,0.3784226253870926,0.36198259132659016,5.0,4.991243017972797
3213,0.20801619024942042,0.2086918003309699,5.0,4.93745008275325
3214,0.25047181088264603,0.26250589947773006,5.0,4.994330591947813
3215,0.184373708614731,0.22702735644704197,5.0,5.017469216771895
3216,0.2868705961386935,0.28146490394051416,5.0,5.004724725935628
3217,0.2926733527480909,0.31680608293361856,5.0,4.936188591564914
3218,0.1407161561413448,0.14946670399942175,5.0,4.985763570190338
3219,0.47011848152665636,0.47877830309863323,5.0,4.989466850880975
3220,0.07796190801804626,0.07888490970029371,5.0,4.993550605324701
3221,0.12889539476382073,0.13600215140442184,5.0,4.980264992948884
3222,0.16751191257474174,0.18227398896546831,5.0,4.902885097141096
3223,0.22698379821258463,0.2252865946245841,5.0,4.9770779227011275
3224,0.26427141360388395,0.2837457881244525,5.0,4.996379904873747
3225,0.21049087326864457,0.19154525214918494,5.0,4.978905660323445
3226,0.22781925142961645,0.23807549587090682,5.0,4.974314036952983
3227,0.2030706851948738,0.1993826039951756,5.0,4.998568922954476
3228,0.2135027154756124,0.22206657369197047,5.0,4.983179994019418
3229,0.26683789881843856,0.2713356030914087,5.0,4.958336921331208
3230,0.40663934382147615,0.4162943646566357,5.0,5.017920276343482
3231,0.28017558180024404,0.2873543364187878,5.0,4.9554777655462345
3232,0.1968840412488495,0.21476115201966728,5.0,4.991960598830385
3233,0.20420306914096842,0.20433049712448015,5.0,5.000982580956341
3234,0.18827656572173068,0.19793236891323174,5.0,4.983243211818245
3235,0.26695116212675885,0.27948348413052915,5.0,4.988335943357924
3236,0.20106052645794925,0.2192693670749526,5.0,4.927380161204056
3237,0.24185535238809908,0.26543583578486074,5.0,4.9766998211575775
3238,0.2045645965910654,0.21200676817482322,5.0,4.990471405437038
3239,0.241705206985245,0.22840171687510646,5.0,5.011123446220216
3240,0.18622791175629572,0.14393920080282285,5.0,5.107159082692467
3241,0.3564270027625822,0.32671267805237414,5.0,5.019835014224032
3242,0.3176358771547485,0.22888632717452007,5.0,4.985414355162074
3243,0.22274458523705198,0.23988027549836355,5.0,4.9797279896135915
3244,0.1712789196992306,0.1765030833263206,5.0,5.0064970712889245
3245,0.1740893526069709,0.20941667722780055,5.0,5.0
3246,0.11822832907302483,0.12080332093949409,5.0,4.966628893631038
3247,0.21140808766421681,0.21595794914004807,5.0,4.968886927240215
3248,0.15559128963751978,0.14405457797763077,5.0,4.97634607849446
3249,0.20966965735759313,0.2122822213394262,5.0,4.980623403647986
3250,0.37236609255456976,0.39025339778555623,5.0,5.006035417113486
3251,0.2918568517252089,0.2979027976253916,5.0,4.985329827717644
3252,0.21984619196520527,0.2259144024951425,5.0,4.990019498071057
3253,0.32649120257051645,0.32254758189349286,5.0,5.011575020659276
3254,0.2638251570508545,0.2271876649950384,5.0,4.942388149402035
3255,0.2968276593750876,0.2952337893294672,5.0,5.133019865446631
3256,0.20969104187288634,0.21291917398094706,5.0,5.002220979330874
3257,0.2599321650504729,0.2739169773637151,5.0,4.96372224568816
3258,0.2408959500101635,0.25793018024823255,5.0,4.98093279971771
3259,0.22785485653989612,0.23939188694643065,5.0,4.980430258825086
3260,0.1391227842951941,0.13974272152072476,5.0,4.999944855047538
3261,0.14318741249746925,0.16596997296232163,5.0,4.978883170904949
3262,0.2984152220074412,0.3073971005153677,5.0,4.98438711016667
3263,0.10545461147917123,0.14245329003492135,5.0,4.9783847754187605
3264,0.2359987710960545,0.2531437289749474,5.0,4.957731112759118
3265,0.26070934478304,0.25493459157165366,5.0,5.086702310905773
3266,0.2884732151364333,0.2923531360863909,5.0,4.9872185160646865
3267,0.2748748747890988,0.2812171995401611,5.0,4.9069161441907205
3268,0.16667690585211137,0.17428360569915546,5.0,4.96438488104646
3269,0.21152990851493314,0.2130323710922013,5.0,4.9845843389048206
3270,0.251336398069141,0.2435089517825897,5.0,4.865739828897269
3271,0.2097480675616965,0.21485661991555882,5.0,4.985445396634143
3272,0.30294187426712127,0.2930708753955782,5.0,5.03495921029014
3273,0.13463885846311663,0.1319058524265797,5.0,4.987216544234565
3274,0.20865012984033626,0.18195291852149764,5.0,5.0074895294687405
3275,0.1716899094237312,0.2196901874336501,5.0,5.003438651023782
3276,0.19064699772136495,0.16345157240004182,5.0,4.949088953224781
3277,0.2078407984513806,0.13174675643503608,5.0,4.994880658446661
3278,0.22049379850376982,0.22454836018749758,5.0,5.06253828066602
3279,0.22949431130213793,0.23449651777646996,5.0,4.9731412529577845
3280,0.3028951451877733,0.31292355816689676,5.0,4.978663090029007
3281,0.344821526822932,0.3470047933365654,5.0,4.984338730968636
3282,0.25763849217050216,0.265754826706305,5.0,5.012660269573086
3283,0.20547360840655782,0.2304120595206245,5.0,4.9769844382649
3284,0.2782688605618855,0.3497540507940591,5.0,4.974673445749405
3285,0.21128848630034125,0.25207469591806864,5.0,4.998151891435461
3286,0.32236324972195485,0.2913771315049014,5.0,4.960016834445113
3287,0.26203518620631283,0.2701430873361492,5.0,4.988695744421312
3288,0.3669818101881235,0.3429522547082291,5.0,5.067419898573116
3289,0.2000683480325276,0.22414436919092484,5.0,4.999007727052449
3290,0.3038088186060517,0.31045792312928744,5.0,4.992328492905056
3291,0.24144571222262345,0.2574982056212347,5.0,4.9757981584780175
3292,0.24095987850722533,0.2009846281100498,5.0,4.970564844677954
3293,0.25585936136274023,0.259362436040834,5.0,4.951187559795889
3294,0.308988217598412,0.2823335684676629,5.0,4.977375406055966
3295,0.19575419671131233,0.20069938881964489,5.0,4.990335073931247
3296,0.31266944818764153,0.32103483707444913,5.0,4.984382039483766
3297,0.39475655162366863,0.39733252584028156,5.0,4.939955374675495
3298,0.3168300021780204,0.3224918553224638,5.0,4.988466710689758
3299,0.32958200018649975,0.3467459889765536,5.0,4.940466069706417
3300,0.2332380764601254,0.23735857339758515,5.0,4.993887764133058
3301,0.3809122606222717,0.3668350216105791,5.0,4.821865561454066
3302,0.2609414188828183,0.2592136158187104,5.0,4.995180348836223
3303,0.2939161294764985,0.2996446952681686,5.0,5.090092131753643
3304,0.21132153519322072,0.21330828169621818,5.0,4.972923176526409
3305,0.19540249491868167,0.15252129419081473,5.0,5.0172019892098785
3306,0.19031233492491384,0.1827601394366285,5.0,5.045636501749753
3307,0.20470937169202497,0.21162756152606121,5.0,4.984152088688711
3308,0.16598252598632546,0.1732305951676325,5.0,4.983857683169193
3309,0.29518162522459845,0.2912584379505183,5.0,4.991385692070445
3310,0.22635033905392166,0.23929580275796258,5.0,4.955032035866038
3311,0.37898666125418634,0.38831255085209504,5.0,4.985650262641066
3312,0.31556660992453156,0.3283590113682955,5.0,4.9707636561766755
3313,0.28123866550604415,0.3147523191022641,5.0,4.958583592071486
3314,0.3806027019149263,0.36561448015665543,5.0,4.988642383927191
3315,0.34864644796031574,0.3417917817555072,5.0,5.047174716636249
3316,0.1756193651197675,0.17750046449343815,5.0,4.968663092772312
3317,0.10345911236725369,0.10196392225926365,5.0,4.988384589196988
3318,0.21948609232016203,0.22551511544752212,5.0,4.970522484967486
3319,0.2018053968083371,0.19984787925552672,5.0,5.0576119079262405
3320,0.2994125663047167,0.31854055053916386,5.0,4.936446422778271
3321,0.4000897198158724,0.45079614873393337,5.0,4.901886104832149
3322,0.21719736070567297,0.22485043737619304,5.0,4.9783996423736365
3323,0.18799021915699754,0.19588396481898518,5.0,4.954701730714435
3324,0.19186943879483032,0.19437114435705438,5.0,4.969110893428166
3325,0.19459888433520178,0.20556186944865118,5.0,5.010191696711344
3326,0.22653572010976797,0.24331974889476005,5.0,4.9775414354821645
3327,0.1890332927852687,0.1917344486147181,5.0,4.9780518705471355
3328,0.2952695828998657,0.3115337751946936,5.0,4.979200694191075
3329,0.20064454631865658,0.19691484727986142,5.0,4.956301360883302
3330,0.33589020760551436,0.30284477872374516,5.0,5.2562229159096585
3331,0.24362814993786874,0.2524517087194065,5.0,4.983533029292806
3332,0.18528818746299525,0.18400513846050992,5.0,4.980306718499055
3333,0.3461445875973843,0.41627585379476395,5.0,4.964257174942555
3334,0.2769741625919384,0.2838707326922867,5.0,4.984564737280506
3335,0.13969389366372398,0.117011665972101,5.0,4.987456207426497
3336,0.1969748597221117,0.19634503527791947,5.0,4.985290906486597
3337,0.17943565262985506,0.18393634387931557,5.0,5.011240821705796
3338,0.2536512659095562,0.2578065037038715,5.0,4.992520297595799
3339,0.14525236787786433,0.14459572144354338,5.0,4.989764118723459
3340,0.17812107289602164,0.1740070819115902,5.0,5.011695472177307
3341,0.09397543740129977,0.0955247734889979,5.0,5.001183905933688
3342,0.12846637795612437,0.12118868945410632,5.0,4.939036389941558
3343,0.2791382432752383,0.16140860560364279,5.0,4.998909431224696
3344,0.2744409879394769,0.2900285642456013,5.0,4.992655272472417
3345,0.2695376664288216,0.28496026805871066,5.0,4.974259308387374
3346,0.23385253051043864,0.19796841349488647,5.0,5.010824183754128
3347,0.21704062398805957,0.2251763098112598,5.0,4.967174512194399
3348,0.18044534067970286,0.18734718390576433,5.0,4.976324310742397
3349,0.3262304203159423,0.3273991807484473,5.0,4.985203586650249
3350,0.15018355765076974,0.18542064814400594,5.0,4.8863554832607825
3351,0.27635587735025924,0.2910136128277201,5.0,4.977938282403382
3352,0.2900176284343341,0.30143668089668085,5.0,4.967710602957158
3353,0.35798712312859005,0.3636631779760233,5.0,4.900785790685358
3354,0.17956380347108358,0.1871306292204431,5.0,4.991469933071988
3355,0.17169472621410153,0.18661254047525166,5.0,4.976806901977184
3356,0.24350337551626877,0.2440650278615606,5.0,4.984763025716923
3357,0.26141041348336236,0.2262125141900202,5.0,4.975907884909487
3358,0.3368182641710249,0.35313979451172006,5.0,4.970023446815297
3359,0.280384386800806,0.2837350936099885,5.0,4.992180296233304
3360,0.1353719374430853,0.13453558564663992,5.0,5.101874044521937
3361,0.280144021479658,0.28591647653633734,5.0,4.965270641127031
3362,0.3314813092429658,0.35725070166364703,5.0,4.979439565323194
3363,0.35107327307041714,0.39429665754498155,5.0,4.932033444609356
3364,0.2338014500215604,0.2514846376535389,5.0,4.977532769865718
3365,0.2938249355079192,0.35209161695949187,5.0,5.0
3366,0.47037976151020855,0.5051447531539219,5.0,5.00386600275033
3367,0.24326505637049944,0.2494900297412299,5.0,4.970823152347208
3368,0.17616046446994837,0.17992560166454852,5.0,4.985612321970514
3369,0.264794463562807,0.280109030435463,5.0,4.97608561447862
3370,0.2376319895447645,0.2506121368493852,5.0,4.971303788342949
3371,0.3385738609607478,0.33577785793308945,5.0,4.986386267231939
3372,0.1709567010232078,0.17066430603266602,5.0,4.966092450556916
3373,0.24043358637139867,0.27957740631097705,5.0,4.973242080474796
3374,0.32940620291854517,0.09602580577467679,5.0,4.930765843324583
3375,0.0896438651030802,0.10965429811363747,5.0,4.990138935345092
3376,0.3651552042755106,0.31479643257210177,5.0,5.394627441046778
3377,0.23435934186377505,0.22019554027670218,5.0,4.985536194231646
3378,0.2705272150908915,0.2654048420170285,5.0,5.061704063590735
3379,0.09477388851036372,0.09970679094820767,5.0,4.988674302582012
3380,0.2180831219399728,0.24807696591614636,5.0,4.972863823834244
3381,0.2533304539280792,0.260310293586111,5.0,4.980858539056925
3382,0.1816850761641966,0.1640724720322435,5.0,4.956911819968752
3383,0.3932595660127469,0.4250835447703176,5.0,4.992771754751093
3384,0.1545024006672897,0.15491398606265183,5.0,4.973188515811238
3385,0.14676234747611772,0.1595883151084161,5.0,4.932731166292079
3386,0.15533431853257373,0.15927850246833497,5.0,4.984846401046514
3387,0.20590548300318035,0.22281721922020292,5.0,4.988700904537726
3388,0.32082266607917154,0.32762704532427245,5.0,4.989078200646109
3389,0.2738917814832982,0.24808637216351048,5.0,4.994842951957557
3390,0.31095930053095033,0.32837751287925654,5.0,4.993248495588656
3391,0.2615936804838901,0.18674334493640887,5.0,5.026081368624364
3392,0.2993777294004958,0.3096217457310986,5.0,4.942364445883092
3393,0.3797483815383764,0.3953801340582792,5.0,4.999522297175041
3394,0.13019290058990385,0.13315313889900993,5.0,4.986877597125945
3395,0.22193327436433408,0.24266593573890405,5.0,4.976860281813984
3396,0.24480437907983776,0.26366274300055204,5.0,4.9778241555565295
3397,0.2651419785348088,0.28349114682075105,5.0,4.959473673707038
3398,0.16915804629668174,0.20831170787555897,5.0,4.774023862172125
3399,0.42834012395154497,0.44951452914775336,5.0,4.977196939259283
3400,0.33557929541267373,0.3412474343979337,5.0,4.9796621488024595
3401,0.3112256390412942,0.3143071265591699,5.0,4.978349877395241
3402,0.2916446007826634,0.30268570248255267,5.0,4.987248265378925
3403,0.2683585528970893,0.23102608995576546,5.0,4.999088613277944
3404,0.20337633537334776,0.20712664851244011,5.0,4.9534142669537395
3405,0.30548123432925256,0.33148548660418786,5.0,4.899650312508852
3406,0.08026072664028994,0.08628576331501492,5.0,4.985386057799195
3407,0.32119769614441496,0.3092933022631097,5.0,4.9732695799348825
3408,0.3012566426802976,0.3036666002990538,5.0,5.010018011977815
3409,0.20128469168417396,0.19021678489930594,5.0,4.925302403443688
3410,0.22855482181658138,0.24103669364722657,5.0,4.947008607333654
3411,0.2267532975646922,0.17146301928645813,5.0,4.995745755971317
3412,0.14469541364352145,0.12386383353737984,5.0,5.0201694749336045
3413,0.1888725763073016,0.19521791576357428,5.0,4.9859415517811545
3414,0.24863986547008055,0.2587234745131004,5.0,4.925023414760652
3415,0.15109626232643492,0.1507753787825754,5.0,4.99812969209211
3416,0.1754264549641389,0.17912283640948856,5.0,4.992237235867973
3417,0.2730577556634264,0.3387398698879487,5.0,4.95315538829038
3418,0.19800460734600045,0.19594524427018567,5.0,4.942949499843623
3419,0.3434255113304103,0.32759061083658025,5.0,4.978120483961579
3420,0.23621633557103294,0.24532907826950212,5.0,4.985133294585502
3421,0.1848828370036022,0.24774180664447276,5.0,4.981556730792143
3422,0.2126160403883568,0.22001160507044104,5.0,4.979785096152707
3423,0.2423456305596945,0.23850652100890413,5.0,4.992032915383051
3424,0.29601491920957357,0.25529993407510876,5.0,5.054064952061639
3425,0.15138338450294797,0.1593521686944177,5.0,4.976404551578746
3426,0.27948496096061115,0.28436613259747956,5.0,4.983763006559023
3427,0.2534507096658929,0.2802402057222244,5.0,4.681299589557266
3428,0.26378866719474914,0.2734030551762032,5.0,4.982928586117854
3429,0.13553609002526823,0.12624436151660046,5.0,4.961713343885306
3430,0.39644229704601375,0.481654221169435,5.0,4.746783336847722
3431,0.3538026442162572,0.5494373203876988,5.0,4.763204646193353
3432,0.31190017176479157,0.4845522903286923,5.0,4.791239039337025
3433,0.2018019378113205,0.3701102845068882,5.0,4.665850508773044
3434,0.21380765804587987,0.3408620487364957,5.0,4.780671573508819
3435,0.2217965148667571,0.38741615623691983,5.0,4.764214624468073
3436,0.23837118407696933,0.33580328154786865,5.0,4.806049432445256
3437,0.22236828776127093,0.34011262178502655,5.0,4.770957664910709
3438,0.28444201827049453,0.4599840138546851,5.0,4.678882558001911
3439,0.22886078161113255,0.3634559072340735,5.0,4.793549967679658
3440,0.3266425952963259,0.5612549765207637,5.0,4.800817951986449
3441,0.12214426113892607,0.20640220019033073,5.0,4.779795338497408
3442,0.1965743477036097,0.2440386643587229,5.0,4.779038799108246
3443,0.3128998254514024,0.5011900403063239,5.0,4.770793350593117
3444,0.291083226566176,0.26459027789011413,5.0,4.783143022275427
3445,0.3318732156672861,0.5055318369919015,5.0,4.790025038419783
3446,0.23752383085517703,0.4036141820784267,5.0,4.821682702373096
3447,0.12170227446859161,0.11702518176904197,5.0,4.759111167470005
3448,0.18304200458707087,0.2873499747315682,5.0,4.886953840669088
3449,0.09297560167327523,0.16806756533837097,5.0,4.764215216077448
3450,0.16736589382501976,0.21859695651072863,5.0,4.787803549506675
3451,0.21102707594909265,0.29306042277785926,5.0,4.777558510372435
3452,0.17688954767685328,0.09964184983655233,5.0,4.779447379368209
3453,0.3477192260272266,0.3805145355989399,5.0,4.790734196189668
3454,0.21415793624816382,0.3022761973612811,5.0,4.8181158752336195
3455,0.2756430380906385,0.32580009944664257,5.0,4.766328205914769
3456,0.2351501410962351,0.33881733029701033,5.0,4.784056206179033
3457,0.2682504929080072,0.35088799353813505,5.0,4.78361598811647
3458,0.3109597197158456,0.4880230013437976,5.0,4.776771735181757
3459,0.3277766427448723,0.3232734673913198,5.0,4.780232102234452
3460,0.1609792178433811,0.23473941223108974,5.0,4.779935338707562
3461,0.13449496375093584,0.28331325522616835,5.0,4.750641084039939
3462,0.0827237164675878,0.1099337164604548,5.0,4.79938093047628
3463,0.28805910116247646,0.4720732858301222,5.0,4.812691931620829
3464,0.3388218894383359,0.4493057938041112,5.0,4.792449608271525
3465,0.18918028710465018,0.32225474899942164,5.0,4.816460674873246
3466,0.1293165682268902,0.3036438029291535,5.0,4.764652290914118
3467,0.24884788237243738,0.40429007848980825,5.0,4.771348268934048
3468,0.32056669305283436,0.4417470213503001,5.0,4.771021252223129
3469,0.349847188583271,0.4578796462598955,5.0,4.78933190872759
3470,0.43874135808195214,0.684161588065836,5.0,4.77783082872131
3471,0.32256714701818523,0.477093623126186,5.0,4.825043084669591
3472,0.36426800281215344,0.2547608624398412,5.0,4.784106556790393
3473,0.22688227830450503,0.3433262984142478,5.0,4.787495482801409
3474,0.17402000799266903,0.2715620966531831,5.0,4.754391998698644
3475,0.1451590617253642,0.23015666844757843,5.0,4.794086484688345
3476,0.298984377932904,0.6082041177138406,5.0,4.779830585362648
3477,0.21983306076080855,0.330498614640254,5.0,4.798403562356297
3478,0.26577666635733976,0.38822654751358954,5.0,4.786984003427923
3479,0.22915996427309127,0.3276362648195432,5.0,4.734510822336446
3480,0.18521438275129776,0.26702508955620874,5.0,4.819917921173094
3481,0.19818823756861392,0.3098523233735646,5.0,4.766987526742081
3482,0.30731713714406217,0.4539100677263681,5.0,4.76990889168432
3483,0.2439212110816813,0.3638461757312952,5.0,4.799175363284149
3484,0.29398636076773,0.4513811274075632,5.0,4.779614498476397
3485,0.251287742390111,0.3538062760966758,5.0,4.79616031374805
3486,0.22693344525864823,0.33902591667640625,5.0,4.780170427680588
3487,0.20077816383686797,0.2319861172440285,5.0,4.756202982716449
3488,0.11376867673518354,0.17513602965061015,5.0,4.764266672967805
3489,0.2766832894532034,0.3948805746567383,5.0,4.749077979467993
3490,0.22605958032463902,0.3429204607041505,5.0,4.8168136324161015
3491,0.0594890844950926,0.07825727741141275,5.0,4.779921642207254
3492,0.1622494671848389,0.1829962271617518,5.0,4.809035875423211
3493,0.23732059836088992,0.41657165520837314,5.0,4.776525910533822
3494,0.22381083284708914,0.20154896929869492,5.0,4.798928864291874
3495,0.22653304347063186,0.33346095760198935,5.0,4.784173642005687
3496,0.16320947130738284,0.28514290240183504,5.0,4.778133992881122
3497,0.21008756581403198,0.29764005490685386,5.0,4.792206846476832
3498,0.219589143585474,0.2875989088348332,5.0,4.766167728092023
3499,0.2289690861123579,0.33633907831188004,5.0,4.787827973195462
3500,0.17317716847983777,0.3009264212159217,5.0,4.793518091409492
3501,0.32478720064259914,0.46993875502333005,5.0,4.799056830150823
3502,0.377852938803126,0.4967979692316764,5.0,4.81964566654665
3503,0.30129959664310624,0.45729935000412847,5.0,4.791183965086843
3504,0.21820657704553037,0.4570035399708754,5.0,4.755457985454266
3505,0.16647526951399327,0.23307469088736643,5.0,4.806242624472716
3506,0.20181581300666518,0.3068509086218745,5.0,4.772125629521362
3507,0.21235054421245714,0.3498524220093353,5.0,4.757942717283878
3508,0.1470243922087635,0.2557735754842754,5.0,4.7900694430411495
3509,0.2324252034010008,0.2782451525230867,5.0,4.7839430211760625
3510,0.18539867055039427,0.2944548250382444,5.0,4.791508371058262
3511,0.09145305691669314,0.1306833665170699,5.0,4.7882579819758675
3512,0.2660912120292336,0.33686848018245774,5.0,4.780832627279343
3513,0.29613213039568786,0.3800836243972734,5.0,4.770126491784641
3514,0.2810145485096087,0.3961328451600692,5.0,4.7885974618266225
3515,0.3583176215052599,0.3006520124630292,5.0,4.786888896863575
3516,0.36968227558517186,0.5467098744361045,5.0,4.778479143218561
3517,0.21166702175978092,0.3508277255466943,5.0,4.813268096303638
3518,0.2758884692952266,0.42288839727686933,5.0,4.803899974122263
3519,0.5673934762865276,0.7367907728912786,5.0,4.72581955147283
3520,0.31571171736752923,0.5148760392384957,5.0,4.7511662376785235
3521,0.3309572900079629,0.5056419299444359,5.0,4.782309286926463
3522,0.26493089664830416,0.3171883026556417,5.0,5.0
3523,0.2323729690755405,0.3380927811791563,5.0,4.790974320299881
3524,0.31695629612004783,0.45496088875214324,5.0,4.754679984831487
3525,0.20864745856376232,0.3344811192066399,5.0,4.7721696204530595
3526,0.31444233848607905,0.4929624242318813,5.0,4.780363057216199
3527,0.20883997336011606,0.2956021116986667,5.0,4.82026101611754
3528,0.15238751322135857,0.34090298972851496,5.0,4.778877237741286
3529,0.15635118468281894,0.14284657821508429,5.0,4.76956744672699
3530,0.2612153507761237,0.3862724399531088,5.0,4.804344762058728
3531,0.11597696770187182,0.1626382049924311,5.0,4.797471092201908
3532,0.35576245042789223,0.5257648408414188,5.0,4.741309887694305
3533,0.3212036606913573,0.4947472606929584,5.0,4.78290339522184
3534,0.21503991379856724,0.41545189143158634,5.0,4.779794030937818
3535,0.22506519888466703,0.28937333560843115,5.0,4.775938884284763
3536,0.2229314415780539,0.33054567460741957,5.0,4.791596862287042
3537,0.22943255994654566,0.3505773134542274,5.0,4.807425574740947
3538,0.2912142690249433,0.43079721739920585,5.0,4.805075178392064
3539,0.12591225187848787,0.16608619721998763,5.0,4.7964023836923975
3540,0.2759395813622578,0.2136530247266093,5.0,4.796274145764103
3541,0.2596972488097591,0.3336306052600255,5.0,4.793497351636917
3542,0.3282160589117564,0.48487504767586787,5.0,4.808095505612444
3543,0.3477796110234912,0.48600380730790826,5.0,4.800071761091216
3544,0.30692964416311797,0.44533241476539676,5.0,4.809649295349727
3545,0.19763665466107838,0.3098092658178837,5.0,4.769767547336752
3546,0.1640708228282044,0.21483370014793812,5.0,4.75053447238281
3547,0.33764335943022283,0.40770414305796043,5.0,4.749369539017474
3548,0.09464136752938734,0.1642830954532828,5.0,4.787734234975529
3549,0.1103748198145389,0.09002250371836995,5.0,4.760824370331953
3550,0.2122923587262353,0.3336422636465355,5.0,4.73575521497378
3551,0.24695010428582354,0.25301905076939035,5.0,4.837627518222076
3552,0.261193842844174,0.20752833226286427,5.0,4.746108045724435
3553,0.29493364756710205,0.44432684541242273,5.0,4.789509036715334
3554,0.26246028609350414,0.39621548099098547,5.0,4.762809976717186
3555,0.3218170984251709,0.531938138543254,5.0,4.791946543541412
3556,0.577057442171921,0.4196162030894566,5.0,4.791659614100752
3557,0.32182554022613674,0.4657683723562047,5.0,4.792548713077567
3558,0.2375593309307269,0.3764204950211498,5.0,4.77061927715809
3559,0.40711491919903353,0.6243916756938432,5.0,4.783294434237284
3560,0.2537040409261573,0.30719575707331814,5.0,4.786351050898379
3561,0.1714836645188078,0.2835585807013241,5.0,4.838536803943674
3562,0.4152901072310591,0.588013616682654,5.0,4.74098880141403
3563,0.24989715640645516,0.41352403081378375,5.0,4.7671643519269935
3564,0.4802160265479556,0.49198970198470127,5.0,4.734484140676036
3565,0.1276863595401403,0.17405888570032335,5.0,4.8639990792119026
3566,0.26042660083011415,0.3447118124958126,5.0,4.7851943788055795
3567,0.2688552952463741,0.40170929559655,5.0,4.7827907619699594
3568,0.20402330163996374,0.35605814224694154,5.0,4.790376500343481
3569,0.21710652248261475,0.35704813551808545,5.0,4.795844763790198
3570,0.2818970813519608,0.40957113796398814,5.0,4.788320626140932
3571,0.2513080943805417,0.4111270483988725,5.0,4.78196548585708
3572,0.18175647721204125,0.28528733538360984,5.0,4.784770477522553
3573,0.39781709120419784,0.5687865424686798,5.0,4.795186209216551
3574,0.2541103456753879,0.3691866110720605,5.0,4.811016533517529
3575,0.3232517874996923,0.4466557020161188,5.0,4.783781223423622
3576,0.14635316418076427,0.2893956189026996,5.0,4.77335285212491
3577,0.1514087418754888,0.20453840188774075,5.0,4.782506562179183
3578,0.2767848557612671,0.413647645081028,5.0,4.810821797135771
3579,0.19532809276355345,0.303428151762255,5.0,4.800618213931802
3580,0.2898849480636172,0.45241468526634265,5.0,4.786085569268952
3581,0.24474662735455044,0.46507176977436604,5.0,4.827147456836469
3582,0.24495483491651826,0.36013186634021066,5.0,4.804167373900237
3583,0.05393037740211315,0.12059808099208258,5.0,4.763637976050221
3584,0.37157850465930786,0.5410359436216383,5.0,4.794558042954931
3585,0.3141767483747069,0.49501752214291717,5.0,4.792480578400786
3586,0.23151627761739846,0.22041325121014532,5.0,4.747775857082406
3587,0.09747783674129673,0.1685640404561468,5.0,4.762564389390809
3588,0.421062188984036,0.6476739360063739,5.0,4.798455969354265
3589,0.2658350603622859,0.47215267099917524,5.0,4.726926027235381
3590,0.38009050562047886,0.5263479527585919,5.0,4.772789723302973
3591,0.16278836904136007,0.30935531396611426,5.0,4.805032038957169
3592,0.31697835769910276,0.4852681729829327,5.0,4.801257800005763
3593,0.40969104171663173,0.5950590746177578,5.0,4.760357027794049
3594,0.2455295083949669,0.4576792429180383,5.0,4.792911073673913
3595,0.2433814083753334,0.42398452522368735,5.0,4.800425868427496
3596,0.35112802007109023,0.5499003891773653,5.0,4.7999587349721295
3597,0.2142346542276774,0.35053696289438907,5.0,4.772033796431421
3598,0.3484320882996714,0.422295383098898,5.0,4.788363614012043
3599,0.20761304936886193,0.3390352290853673,5.0,4.8128844359855005
3600,0.35191744478402964,0.5252903094807528,5.0,4.781287107368293
3601,0.25083088161107225,0.38617792971054854,5.0,4.818140231312542
3602,0.24187446641032317,0.3854848620432554,5.0,4.794414792444375
3603,0.20574025349571712,0.2699904731281759,5.0,4.827170149529234
3604,0.16532729312649064,0.22829866312650338,5.0,4.8553425689806495
3605,0.07585947292776041,0.1365428932715309,5.0,4.750754397788004
3606,0.19539849943154963,0.23949429821035428,5.0,4.785877629527393
3607,0.3480478536425171,0.575331623898929,5.0,4.780708555172275
3608,0.17647497392844924,0.25798030484717005,5.0,4.774085194078479
3609,0.3348973448646835,0.48958546183049845,5.0,4.8190134768861
3610,0.315511145556602,0.5169044225479358,5.0,4.804747709637516
3611,0.14234026803944055,0.17264031143838965,5.0,4.79766468838104
3612,0.25787849750733893,0.2701001933878149,5.0,4.780337436973463
3613,0.32604291710371935,0.517948785225872,5.0,4.785370464641874
3614,0.28860765479611317,0.4014034903216035,5.0,4.790184509819619
3615,0.39500727037900063,0.5374702228992261,5.0,4.769320837364361
3616,0.199149012249894,0.3257202146173541,5.0,4.795822511908447
3617,0.2538447064660263,0.3825211431434512,5.0,4.814165078634236
3618,0.09417410564757889,0.117122464229793,5.0,4.793583385600924
3619,0.2005276049808784,0.3389125680856826,5.0,4.777326139731226
3620,0.235245554803019,0.315246379643636,5.0,4.80675607916262
3621,0.3491768228581187,0.535647933363717,5.0,4.801477596470134
3622,0.15465756479552573,0.3957497316115597,5.0,4.7658236112152785
3623,0.3301456252185788,0.4751839852930817,5.0,4.766706954344597
3624,0.12147070371752644,0.20074433213413245,5.0,4.7774412795455135
3625,0.22585891693408944,0.3788282970798653,5.0,4.811317034205418
3626,0.3617878255119513,0.5407965531710937,5.0,4.761568555707543
3627,0.3170354023737161,0.42008302664602204,5.0,4.802090974425193
3628,0.38080918728709334,0.6019277112681016,5.0,4.765719460674971
3629,0.29203986791657477,0.4804806287919252,5.0,4.713861317376233
3630,0.299567729215219,0.3253758024044715,5.0,4.76960163595237
3631,0.3925148154519724,0.5364421669266219,5.0,4.784047803754481
3632,0.13274274288421783,0.19334063100287402,5.0,4.804041846877132
3633,0.1724102238093015,0.4442354491639309,5.0,4.798661276111833
3634,0.20571180711057302,0.2740732398692671,5.0,4.843723408022074
3635,0.23042377896041266,0.3810884060608013,5.0,4.784378517740198
3636,0.38390436071621625,0.6098914277350742,5.0,4.806158280094186
3637,0.3212351883789837,0.5237431173960323,5.0,4.78554428882048
3638,0.3662794159132208,0.582256026786871,5.0,4.766222962387774
3639,0.3287009328931243,0.40786658733475933,5.0,4.762311850829066
3640,0.26389964961944745,0.36316918667672615,5.0,4.783567071896275
3641,0.28913172755797456,0.4352674253506488,5.0,4.780773680728938
3642,0.20203024577623907,0.27945429916545117,5.0,4.844412748142268
3643,0.2614142082301951,0.4085758076841488,5.0,4.787752080416183
3644,0.3203784453109142,0.49656785880494647,5.0,4.785741652097242
3645,0.1659734166133875,0.25733682928194557,5.0,4.79004607191956
3646,0.2369022983703688,0.3740044128001154,5.0,4.823432525371549
3647,0.3212604375842829,0.5264796479095544,5.0,4.792494909037055
3648,0.2079041206651111,0.31273919354598245,5.0,4.765153464346916
3649,0.1544701084568283,0.26530084766447315,5.0,4.594595636641889
3650,0.2689015222155786,0.4103780956323577,5.0,4.778918891058881
3651,0.16273307524962943,0.28206159373804907,5.0,4.800378074744209
3652,0.2599459383399063,0.39700809035944173,5.0,4.734570711109809
3653,0.39961039072859705,0.6488291235706982,5.0,4.752090923704797
3654,0.4470033343126181,0.6658309965693643,5.0,4.823663798709585
3655,0.3541082517385743,0.5351440276863126,5.0,4.793589914018632
3656,0.404648755369726,0.6456465892619949,5.0,4.7485151365844125
3657,0.3036835863202758,0.4318338213063728,5.0,4.766202903270749
3658,0.28103956206444836,0.39994587629007694,5.0,4.809557944296277
3659,0.31184659543940296,0.45603580650336983,5.0,4.764267635095667
3660,0.16086529323340715,0.26267873457749524,5.0,4.791206683807632
3661,0.16392252334089652,0.2567315337654301,5.0,4.833895715220482
3662,0.35908157722460965,0.5714915857773115,5.0,4.75167045902551
3663,0.2803792664001612,0.27272820590955194,5.0,4.776001066680111
3664,0.36695273741119117,0.4240715140554423,5.0,4.787353455789436
3665,0.24040297033276992,0.40068987796374733,5.0,4.783193947973903
3666,0.166702629522665,0.21027015566059148,5.0,4.774452964970353
3667,0.17395284334062833,0.25763376039033825,5.0,4.813824076247544
3668,0.30552460352186106,0.49850410405463474,5.0,4.785682555182431
3669,0.3186890629421142,0.5372695949708484,5.0,4.761203070917777
3670,0.2960646602665151,0.5028167444790865,5.0,4.784144934012682
3671,0.28893814065293255,0.43214827675017453,5.0,4.7965180945262365
3672,0.3355055145552426,0.6356621212704665,5.0,4.750356886916061
3673,0.26814362941961845,0.438757755411334,5.0,4.772786345567024
3674,0.35571883863482934,0.5266301106365072,5.0,4.797134078346028
3675,0.3917256480510425,0.6201492493948457,5.0,4.758939330121503
3676,0.451201357999663,0.667483895670562,5.0,4.780391477512005
3677,0.35678091470847284,0.5266556078352416,5.0,4.771489128650854
3678,0.2588966993705577,0.34109078475906474,5.0,4.766881405635353
3679,0.1767985426139198,0.26438936484606224,5.0,4.793904559152349
3680,0.1712668225544458,0.23128159692403427,5.0,4.916569768516075
3681,0.16708632663501843,0.31020119004137525,5.0,4.785184353420275
3682,0.17435901664890174,0.3544909533906182,5.0,4.761071299342872
3683,0.3287699085758802,0.18870577313146208,5.0,4.821977072757555
3684,0.23322179041940783,0.3326501322984319,5.0,4.777051893753077
3685,0.1464856204623295,0.23914450411992894,5.0,4.785935557254923
3686,0.27285805054846346,0.41670458546622524,5.0,4.794995102245778
3687,0.2584454978642632,0.34312390300268536,5.0,4.785395670583696
3688,0.25877995828133504,0.38166973530143267,5.0,4.7659395792639
3689,0.2910780904577075,0.46820147169387627,5.0,4.776062641172665
3690,0.1386983642552424,0.3500426599759594,5.0,4.786002605781503
3691,0.15880988371460947,0.2517680764377759,5.0,4.780062925870503
3692,0.36504887332676117,0.5515469714137491,5.0,4.793751012459859
3693,0.3519562382499759,0.4689038838098556,5.0,4.81864247747092
3694,0.2374920913266505,0.38737028175117993,5.0,4.7663605688044175
3695,0.39365067075885185,0.5823872734724167,5.0,4.791622096510064
3696,0.41110922166381214,0.6919867421978734,5.0,4.760732147980482
3697,0.16753212683287289,0.25391122666609434,5.0,4.766967031208438
3698,0.27097009153687535,0.41686405887582634,5.0,4.768737856494312
3699,0.20147352636516946,0.28342998234692107,5.0,4.763315310817262
3700,0.2244668225489619,0.3495020128056623,5.0,4.781409828358401
3701,0.2666384696790891,0.40492254942164574,5.0,4.797508317905228
3702,0.3938204151441349,0.5828821074272275,5.0,4.788992651971169
3703,0.13230444727251767,0.18362509544153305,5.0,4.809102295779777
3704,0.3089639860753739,0.3448754630465012,5.0,4.787181482999712
3705,0.2952898995256801,0.4171643933820959,5.0,4.760119951219259
3706,0.40022756044146934,0.6447262258669249,5.0,4.769166568204595
3707,0.4825850546915491,0.724590798214876,5.0,4.770306860039906
3708,0.21193746904645372,0.33656178916502055,5.0,4.7822504691137
3709,0.44612474051922124,0.6418362365666468,5.0,4.779983484964321
3710,0.2986837374856137,0.4578480810853953,5.0,4.805164330049108
3711,0.17882792714367213,0.2873563204784517,5.0,4.793844466621131
3712,0.18355752070921216,0.25613988209000027,5.0,4.799625107139072
3713,0.2767853579368862,0.42151115313657384,5.0,4.825449446464329
3714,0.30979747216496323,0.43100755456350526,5.0,4.781203512725956
3715,0.2881394521354923,0.484244534127356,5.0,4.748411538718029
3716,0.23008084944366392,0.31130410599586744,5.0,4.762137801164723
3717,0.22993539524248807,0.3564879379337589,5.0,4.78650486847604
3718,0.08215692636157801,0.12859170530285802,5.0,4.799373443361885
3719,0.32618469483551316,0.4049512349718407,5.0,4.774063609033314
3720,0.19650291523351782,0.3224188655610414,5.0,4.780766735259654
3721,0.35497411740671403,0.45811655501338144,5.0,4.764832566181383
3722,0.3180780231433642,0.4556132497467593,5.0,4.7758947810277075
3723,0.28461734578120557,0.48864410972933436,5.0,4.761957655688942
3724,0.3971820124489618,0.6383989313568239,5.0,4.7905986022587665
3725,0.1975008902577473,0.338610050059587,5.0,4.791520419827311
3726,0.3871853805674448,0.5756959144274378,5.0,4.741184383597199
3727,0.13071592669208254,0.1730879255029456,5.0,4.798297626103638
3728,0.06703919730469621,0.2216448053060338,5.0,4.7673335529880045
3729,0.3620407949650757,0.5492666496347294,5.0,4.702749372444774
3730,0.15025576815701513,0.40760889202424644,5.0,4.820410853160988
3731,0.4030055586237695,0.5574434353417108,5.0,4.768654701249391
3732,0.27854202324037436,0.43344328604356064,5.0,4.7936187410306275
3733,0.2640835581619658,0.3960518959639998,5.0,4.771823088324876
3734,0.17192911496877294,0.24217223919651532,5.0,4.782024339054081
3735,0.2168947565700141,0.37574381369081067,5.0,4.7969646374217945
3736,0.39746529160076216,0.6056223665790776,5.0,4.746619166991897
3737,0.2539317085178814,0.35982178147102095,5.0,4.789896119272683
3738,0.35173175384950905,0.5027778358342232,5.0,4.7655659763827
3739,0.22324901787349805,0.3542809142194998,5.0,4.755640818505533
3740,0.34926635295428543,0.5274608184339904,5.0,4.772710787627705
3741,0.3096205977362745,0.29756766943510193,5.0,4.825867959157453
3742,0.318940754374222,0.29803507136141794,5.0,4.808066234899799
3743,0.4390281062761239,0.6884487723042825,5.0,4.787588153880531
3744,0.15536784753460187,0.2234221092057318,5.0,4.8181344934875
3745,0.19854030372206743,0.2679629271721711,5.0,4.785947991633934
3746,0.20010902438316025,0.2138466660779459,5.0,4.81254109013137
3747,0.20317284015195525,0.24457682792681967,5.0,5.0
3748,0.3353402562271319,0.4824176167407095,5.0,4.774521669394316
3749,0.14704048316096618,0.20888563628540013,5.0,4.814312220834962
3750,0.2243733798946843,0.28364587060072344,5.0,4.742477196557839
3751,0.16992502937236909,0.3782214462755755,5.0,4.800383857657176
3752,0.15543434737591877,0.2287819769899042,5.0,4.737508763502403
3753,0.2291852275386541,0.3509794832473476,5.0,4.777747573932087
3754,0.257857561818265,0.3842335614128052,5.0,4.772066699574937
3755,0.11989193400410003,0.18215450895642693,5.0,4.79486108167837
3756,0.23006837239788358,0.3662666113325104,5.0,4.769220987592506
3757,0.19039273079486607,0.30276434105202754,5.0,4.796155009827681
3758,0.24840845945928192,0.3888567402526759,5.0,4.812787276519019
3759,0.1015472916770308,0.17473355063308182,5.0,4.81288280156666
3760,0.11188739737389075,0.16372746499838708,5.0,4.787643107997832
3761,0.14183138690043684,0.22451501527708873,5.0,4.904026448074834
3762,0.3151317119931072,0.39788630098261946,5.0,4.789439332984768
3763,0.22192964015238914,0.3326589206438577,5.0,4.7875062091866205
3764,0.17981525856182956,0.28068819157650426,5.0,4.808891604404701
3765,0.07547524711934672,0.1393495489680281,5.0,4.787678403877518
3766,0.3657752085781172,0.5610830787719499,5.0,4.790807939099855
3767,0.22987639765747736,0.37682519172048323,5.0,4.816971899629978
3768,0.1819223336721687,0.2732427756043472,5.0,4.788114492486573
3769,0.31081854781455487,0.4937961093438412,5.0,4.757324631719957
3770,0.17303324727205927,0.42936536916665835,5.0,4.780608008698852
3771,0.26307920785616057,0.40483243957588244,5.0,4.797869150658425
3772,0.32783377714693174,0.4389947162912471,5.0,4.79779925864765
3773,0.24626017787389465,0.28905989281197164,5.0,4.906563104525583
3774,0.3109070779794336,0.37880127104710914,5.0,4.914764389977773
3775,0.2966539503341872,0.363864631293233,5.0,4.908344625863297
3776,0.1865078027257263,0.22686158361719322,5.0,4.918122377044387
3777,0.26533137711130483,0.3244847818013097,5.0,4.917066436577118
3778,0.1473910810446264,0.18601700866346582,5.0,4.91382929015562
3779,0.24668702409437215,0.30221605416841,5.0,4.917713660883987
3780,0.21522473919206098,0.2636655522094784,5.0,4.896646293577636
3781,0.224828888969419,0.2751828303080712,5.0,4.916682186139223
3782,0.2722832930920773,0.3337855674102588,5.0,4.912418016590161
3783,0.19035303520714764,0.23234006783635963,5.0,4.916324154699918
3784,0.19771931681355936,0.24077075697621875,5.0,4.913962151822915
3785,0.2534876774267447,0.3107059939365635,5.0,4.915679884469402
3786,0.3546376808751357,0.4300772914851043,5.0,4.909716541195106
3787,0.19961686737065398,0.2451898746668213,5.0,4.915222206125813
3788,0.24377314420350893,0.2967525243516762,5.0,4.919452763771348
3789,0.29332863309322565,0.3577453957556538,5.0,4.920568850730591
3790,0.14010098239505098,0.16866634735033403,5.0,4.887995679651844
3791,0.1468977687519566,0.17803757788020236,5.0,4.923259025516833
3792,0.11359508578132615,0.1406898822387328,5.0,4.907770507624996
3793,0.184984041448655,0.22548956490278727,5.0,4.943434623581675
3794,0.2128161490603826,0.25825738253035047,5.0,4.920257796592011
3795,0.41198444765316444,0.49965876962114186,5.0,4.913581456792482
3796,0.14592904617487168,0.17814965970214391,5.0,4.9177755588059835
3797,0.24275551609125512,0.29944759303119195,5.0,4.921760973135854
3798,0.2843014787047613,0.3476457494396543,5.0,4.913013376208495
3799,0.1798527411603843,0.2212431787558331,5.0,4.916208017945047
3800,0.16828126322695214,0.22414530187888526,5.0,4.918158435934714
3801,0.2556301400646528,0.31334178270207125,5.0,4.915238482203064
3802,0.13681701651390066,0.16669331769719364,5.0,4.9104219189016085
3803,0.19770330163268168,0.24203980503444522,5.0,4.917378858400667
3804,0.16276029058437413,0.17989391329214355,5.0,4.902330698492534
3805,0.2840764994498084,0.3483336001098498,5.0,4.911939516651129
3806,0.1573071961039869,0.1893624850212785,5.0,4.922428208398868
3807,0.14644746908111128,0.1793566689745838,5.0,4.9170739891277115
3808,0.17761895269730066,0.21957649142612423,5.0,4.915858736168399
3809,0.11790755867702418,0.14806212975481836,5.0,4.918637433954869
3810,0.2598937320157457,0.3182138852956944,5.0,4.917006295251722
3811,0.20823477479734076,0.2569279744872588,5.0,4.920701760913344
3812,0.22197363526649205,0.2699985538910077,5.0,4.914726244959198
3813,0.2834923736640078,0.3492212270377628,5.0,4.905941501550872
3814,0.19494992464784655,0.24001904106104455,5.0,4.918993522983719
3815,0.2965640512506338,0.36491706333277873,5.0,4.915551316684139
3816,0.1399805969795993,0.17722403494499273,5.0,4.916198659822815
3817,0.25528800683178376,0.31432085688251266,5.0,4.9060953228016935
3818,0.24749108226524186,0.301472862768275,5.0,4.925609690454049
3819,0.23821012937932107,0.2883603343909109,5.0,4.914471202857991
3820,0.3210704436446561,0.384378310744234,5.0,4.91156458254741
3821,0.24827152930052243,0.30615658870533013,5.0,4.909234818455754
3822,0.1685344276050862,0.2074943344536535,5.0,4.906066690113473
3823,0.20614315751114298,0.2517783151479973,5.0,4.926318714303841
3824,0.14002344057179417,0.17117667647846013,5.0,4.908231680169699
3825,0.29534833874722954,0.37401710647733966,5.0,4.909114610588228
3826,0.3157582984177021,0.38414617319736055,5.0,4.912257179183701
3827,0.18049618640907172,0.22223090600252426,5.0,4.913347255269693
3828,0.2522146677715027,0.3104347285389928,5.0,4.927422362635356
3829,0.18487306470648024,0.22677923648887743,5.0,4.913567310339468
3830,0.2483621138621097,0.30203697357352177,5.0,4.911912298885808
3831,0.23475107358923264,0.28735751341399274,5.0,4.915503939749266
3832,0.18341697457486905,0.22433503488320272,5.0,4.913802538612728
3833,0.2601428915273778,0.31285874943056746,5.0,4.93182844530633
3834,0.2615368184056064,0.3190897455003965,5.0,4.925027781512927
3835,0.11157021686268154,0.13910486876085937,5.0,4.919263360047905
3836,0.3428462150861351,0.41875548132674245,5.0,4.90728375897727
3837,0.2556581047618689,0.3137516904971822,5.0,4.911842429737598
3838,0.25577233565422475,0.3143004730614072,5.0,4.907392188781552
3839,0.22648269791433573,0.2712013818257786,5.0,4.933349869303623
3840,0.19978511675123323,0.2943304061077383,5.0,4.916876186066723
3841,0.35737659497130014,0.4180001148147068,5.0,4.911905635952358
3842,0.15993767245317403,0.19688039699597337,5.0,4.9157962707682845
3843,0.12533650814340125,0.15160094850370398,5.0,4.914500892719902
3844,0.31639115074801305,0.3894740512725914,5.0,4.910668813641745
3845,0.2955403906405234,0.36129897072242234,5.0,4.915455287732975
3846,0.3864361492158641,0.47700634396291774,5.0,4.909981106174648
3847,0.18207619097090788,0.22118857180692442,5.0,4.912616606081874
3848,0.3432853862866245,0.4192612420695525,5.0,4.915686767553478
3849,0.1622454894776273,0.20346952220742365,5.0,4.895196753691513
3850,0.322715671378605,0.39323602603344177,5.0,4.900201080184869
3851,0.18669516787207563,0.2384755017575355,5.0,4.908861045323167
3852,0.25985269523207477,0.3173005057706315,5.0,4.907470766263575
3853,0.12914516349254623,0.1573246242299926,5.0,4.9144942482218745
3854,0.13260867391522435,0.15900956227009932,5.0,4.9279984705986735
3855,0.12694259703036126,0.15452081258563655,5.0,4.92548684825258
3856,0.18912764708521101,0.2323365849198029,5.0,4.906217533494095
3857,0.22846385564299054,0.27189354959009626,5.0,4.918855233133961
3858,0.3621076692988372,0.4839154636707952,5.0,4.917527208494121
3859,0.4128871991154808,0.5013187794920155,5.0,4.919954329856608
3860,0.21158507366476265,0.299173838660294,5.0,4.917169387970324
3861,0.17074112774171568,0.20711750366363235,5.0,4.883238284750853
3862,0.3712636981480817,0.4531966994614103,5.0,4.906862797264591
3863,0.20958803719377772,0.25469862204948157,5.0,4.895738020862286
3864,0.19270502879428952,0.2361828500548777,5.0,4.908603090506007
3865,0.2350332458501545,0.2800641886190798,5.0,4.912127902713017
3866,0.09392886110740029,0.11576438651761833,5.0,4.916725764235483
3867,0.20811626119710258,0.2526353082541142,5.0,4.916447684455898
3868,0.2158543349186901,0.26405550515101917,5.0,4.929075606345359
3869,0.12808034630669685,0.15865880175327307,5.0,4.910535179918991
3870,0.17103951741697077,0.20821365329737596,5.0,4.915749030566987
3871,0.16511135700407098,0.20269349933017877,5.0,4.908525106292814
3872,0.16779492270704743,0.20549811826352338,5.0,4.894535056299443
3873,0.2513106741628002,0.2891850914854235,5.0,4.925557576332027
3874,0.1257429617018222,0.1551178291336166,5.0,4.918267368109159
3875,0.33256552996944677,0.4055646130190629,5.0,4.9090053413614765
3876,0.2657170997073306,0.3195735308280798,5.0,5.0
3877,0.24097159623845865,0.29155235913347144,5.0,4.9228130739751474
3878,0.17826072101557622,0.2173564530952663,5.0,4.912812217310929
3879,0.10355738843198559,0.12489121032186068,5.0,4.9124788928487995
3880,0.21656207506116498,0.260604151507867,5.0,4.937662325838454
3881,0.226239976731627,0.27537968037859906,5.0,4.917424668640331
3882,0.22725690273492716,0.2794249163762721,5.0,4.914104679992395
3883,0.22642298272773065,0.27885069123151696,5.0,4.921063719313787
3884,0.18513780778539402,0.22967970042767827,5.0,4.914224353105476
3885,0.2589851263834262,0.3164399628206027,5.0,4.914539206686515
3886,0.18000154282016423,0.22026496585137356,5.0,4.920473156414573
3887,0.3525506004191956,0.4263369072114418,5.0,4.917737929110126
3888,0.11092328286261921,0.13582533190070056,5.0,4.913927377135545
3889,0.14372114518231038,0.18092137760183835,5.0,4.907022962510723
3890,0.2943114234982511,0.36569064397275897,5.0,4.913920147482118
3891,0.12067590160225028,0.14852983573289613,5.0,4.915465651904931
3892,0.16551376347980318,0.20368291636973312,5.0,4.910697465482201
3893,0.10973468914864593,0.15576352420706896,5.0,4.9014055702021775
3894,0.29759600935658304,0.3580382784245666,5.0,4.919223638558314
3895,0.24081824784754668,0.301357368415186,5.0,4.913269276846695
3896,0.20884432547718768,0.255091649401443,5.0,4.916129463290151
3897,0.12029165671087205,0.14835540190451568,5.0,4.919493419151033
3898,0.20466657882477657,0.25595985126984266,5.0,4.905559941557094
3899,0.36414616254411647,0.4444504758678687,5.0,4.923230528674667
3900,0.2238926067808742,0.27537942149236994,5.0,4.9253686006115505
3901,0.2300031073607549,0.28295175434024755,5.0,4.894987526503218
3902,0.3471862776878871,0.4233507191827346,5.0,4.913529635680485
3903,0.24334452335797407,0.2949710889063688,5.0,4.920188561642682
3904,0.24219412253796102,0.2947169840620014,5.0,4.932030800452374
3905,0.3739184289529329,0.4567803609987062,5.0,4.909934949953874
3906,0.16084320211029035,0.19907029636884266,5.0,4.905104572784236
3907,0.18281159755159626,0.22481185554743166,5.0,4.89767513215658
3908,0.16578152352242181,0.20427167046668848,5.0,4.912609458487118
3909,0.2243935049275192,0.27672593907736487,5.0,4.915268158781929
3910,0.25339972683928624,0.31724892782553304,5.0,4.905457726124718
3911,0.3450807012580974,0.42207630809223695,5.0,4.915122321799661
3912,0.1898174422285681,0.2284219950370996,5.0,4.964899865248276
3913,0.23005331832364662,0.28253813212452594,5.0,4.915950392800186
3914,0.20488304165515037,0.25356186259382074,5.0,4.9146686910355175
3915,0.2702779695159707,0.33006373505153896,5.0,4.9154467599212115
3916,0.41992260451605,0.5124355169461052,5.0,4.92102376420565
3917,0.23124348194718936,0.28393136556123433,5.0,4.916784388841133
3918,0.18823978963481958,0.23860615307580946,5.0,4.914367810394786
3919,0.17992692632547547,0.2211735650656843,5.0,4.911983348834195
3920,0.07242582043882706,0.08985453628224693,5.0,4.90963206552423
3921,0.18788140150654442,0.23474349342566492,5.0,4.914422865935677
3922,0.1584645560469482,0.19414673811922278,5.0,4.914857075368353
3923,0.09478051504578944,0.11646366979698186,5.0,4.9066455831558375
3924,0.10367678747715292,0.1286928089884496,5.0,4.930061792810383
3925,0.15346699524798924,0.1869342892293937,5.0,4.922428919296413
3926,0.17937371652741319,0.21935233442564672,5.0,4.914790491418257
3927,0.24363436285326778,0.29655986469599727,5.0,4.9196434537305755
3928,0.29831975806105726,0.36463724568175393,5.0,4.926551046597183
3929,0.25203306091951827,0.3200939761670081,5.0,4.905637368301656
3930,0.2590833662109484,0.31809021876595356,5.0,4.902151913202886
3931,0.18008157180496287,0.21758460134760327,5.0,4.913306653147149
3932,0.1723145959587744,0.20915333106699285,5.0,4.916642636609847
3933,0.17207553590210445,0.21168750152804594,5.0,4.913113433413532
3934,0.12089348294019486,0.14549390316170197,5.0,4.922277580177079
3935,0.29845800272710865,0.36406455644269053,5.0,4.92721436032741
3936,0.41822381039507417,0.5084915284662854,5.0,4.924857613664342
3937,0.27092694727395616,0.3300602063781679,5.0,4.911492175216621
3938,0.18196200845493427,0.23176364312192232,5.0,4.9082165419607815
3939,0.23539552204242997,0.28940120589970797,5.0,4.9099471916255055
3940,0.2626226140398187,0.31980412705786754,5.0,4.918491186494212
3941,0.2867387557230465,0.3512579565383507,5.0,4.905952023978806
3942,0.27450969685916227,0.3258085661248331,5.0,4.92676479802185
3943,0.19890799651303626,0.2480325656012008,5.0,4.911488443904224
3944,0.20557414844327182,0.2533614909274817,5.0,4.919765611051865
3945,0.24576309353654402,0.3009693183213513,5.0,4.916519726174782
3946,0.2987544162750888,0.3620767790463726,5.0,4.910141608754008
3947,0.17071801203300963,0.20686909036139212,5.0,4.914660838665981
3948,0.2390598881804913,0.2943522784568684,5.0,4.9037876331082675
3949,0.12604801662246934,0.15350037321929877,5.0,4.923088581986601
3950,0.332927039834777,0.4073006422284988,5.0,4.914318240063871
3951,0.19788066406415883,0.2595261385784533,5.0,4.8854504103651575
3952,0.353813756624193,0.4312590644324388,5.0,4.916505305947014
3953,0.414010329058663,0.5055523726014264,5.0,4.921069923031185
3954,0.21318892810900714,0.26109946901877734,5.0,4.919830815739452
3955,0.10497923052823976,0.1341247413312452,5.0,4.911618601797194
3956,0.2608821042733047,0.3201003510580227,5.0,4.880769908141618
3957,0.26057268251482624,0.32199821925153427,5.0,4.908372667802237
3958,0.2141624174363943,0.2631633877143278,5.0,4.910962670180936
3959,0.12988474525818416,0.15800795791849542,5.0,4.922564455501188
3960,0.14874231145157468,0.18238307753581107,5.0,4.912933957677712
3961,0.1158031624780429,0.14126177091628334,5.0,4.913154624690774
3962,0.14542783805612092,0.17828225016309696,5.0,4.914091863777488
3963,0.2524695426438337,0.30797916539352066,5.0,4.922787210883666
3964,0.2597498326681278,0.3181896045804562,5.0,4.914943278111092
3965,0.12001687946759043,0.1400942575646349,5.0,4.915534861599804
3966,0.1736451562635417,0.21264904537403795,5.0,4.921309130572649
3967,0.07442246776190897,0.09189237267431682,5.0,4.911152903388052
3968,0.24176543904808012,0.29338037256362703,5.0,4.91067368395071
3969,0.16203885660089568,0.19861293576421146,5.0,4.919558046360457
3970,0.2261519142164683,0.27719588021202735,5.0,4.915311923315002
3971,0.24943060229405511,0.30368396532953557,5.0,4.903985434773173
3972,0.2351077573157312,0.28823525547995477,5.0,4.9175281014606576
3973,0.20911886405472946,0.24541561941741374,5.0,4.912277908789777
3974,0.29703144465075737,0.36496107740060024,5.0,4.914900467856871
3975,0.2172911856115638,0.265271895712061,5.0,4.9068971167011455
3976,0.39486359191938614,0.4818560096082787,5.0,4.921179469634991
3977,0.19336365617487927,0.2379243593451026,5.0,4.908551699576442
3978,0.15228314569491963,0.18600695159340863,5.0,4.916830670817136
3979,0.22894916126828302,0.2782421662710832,5.0,4.94499360443629
3980,0.21524675856670328,0.2633408080551962,5.0,4.913774429844269
3981,0.2549519675561873,0.3120993665985763,5.0,4.915447681552569
3982,0.17708201388782574,0.21867868861035045,5.0,4.900323972883562
3983,0.4276718919356064,0.5252035274863565,5.0,4.913792082394828
3984,0.2551035813995386,0.31092359151190463,5.0,4.912183047622873
3985,0.2812952818221661,0.3424705282323459,5.0,4.9302308064238165
3986,0.2431411840647908,0.35680829394658575,5.0,4.9241914041639845
3987,0.29926702408936867,0.36945449123352225,5.0,4.910926789472461
3988,0.2798998381570761,0.34554622691251,5.0,4.921185750935653
3989,0.15606011882311988,0.1884883860600346,5.0,4.935129993727765
3990,0.20692663244690412,0.25367821220033027,5.0,4.922399058050209
3991,0.24262192387851522,0.2935410680798851,5.0,4.937917549502711
3992,0.22357716408332307,0.2726802193476625,5.0,4.917944508639334
3993,0.30922785283482845,0.374864230912453,5.0,4.926309484477098
3994,0.1914224010350587,0.23760023091790017,5.0,4.929229592364575
3995,0.26943746892133746,0.3148229650445118,5.0,4.900704666208373
3996,0.25837850239411786,0.31405583005254,5.0,4.909645893012851
3997,0.42824275041578197,0.5235521285295293,5.0,4.913236049363157
3998,0.28537952884366513,0.3464864494615538,5.0,4.917963930138551
3999,0.1941219038391211,0.23552086092662972,5.0,4.913026163680945
4000,0.3487892855323236,0.4261392616033304,5.0,4.91161060372602
4001,0.3662206081589976,0.44486152042081417,5.0,4.90493022225043
4002,0.1446693487121853,0.17548595087368057,5.0,4.913112605916465
4003,0.3725188092918894,0.4463775811593449,5.0,4.906738281304417
4004,0.2197789194612252,0.26829769937257963,5.0,4.923020061429959
4005,0.20090068833434405,0.2461334448630068,5.0,4.9088371154159205
4006,0.30326350671339375,0.36948298752519326,5.0,4.9198867366236065
4007,0.2620079482955884,0.3185472417221995,5.0,4.92732548326555
4008,0.29676176952115974,0.36526887097529204,5.0,4.9172406011972924
4009,0.1767815808730797,0.2148673803089074,5.0,4.914529253170281
4010,0.1832264701930737,0.22267851085099455,5.0,4.917170789802929
4011,0.22007496857639208,0.26922462251293755,5.0,4.928184336349268
4012,0.18185522199405724,0.25163796255906457,5.0,4.906922028318155
4013,0.3389322947836848,0.4115091163113269,5.0,4.917454196734088
4014,0.2173306511483959,0.26575905200803995,5.0,4.916848739991524
4015,0.20632022864128952,0.2495866977604635,5.0,4.902491000255695
4016,0.29431580927972734,0.3607564143792621,5.0,4.90545074430778
4017,0.3616192672867271,0.44353086871484537,5.0,4.909866018863784
4018,0.09663380318412518,0.11838930985289697,5.0,4.91637874787255
4019,0.3854227304251052,0.4709788003091282,5.0,4.907062543587113
4020,0.20353850020990638,0.24925777841721342,5.0,4.9139817203851255
4021,0.22562896933516652,0.2805328429759806,5.0,4.918708667954403
4022,0.2157924114750418,0.25514161942989455,5.0,4.921466572741222
4023,0.08413690396838436,0.10093766481698463,5.0,4.908740006387733
4024,0.2886509111592399,0.36326877587784767,5.0,4.91507638808951
4025,0.16534434676495535,0.21977135755402033,5.0,4.915872817945344
4026,0.23978182403768744,0.29025350720671295,5.0,4.912498178757145
4027,0.2794305952272109,0.3399058235590595,5.0,4.91156842413659
4028,0.2838844812018997,0.34545704162243474,5.0,4.915376475915378
4029,0.32049774273452747,0.388643789882682,5.0,4.9269830057380215
4030,0.08146923535013562,0.09985809295021886,5.0,4.917875564967149
4031,0.2150278914791932,0.26188482254020573,5.0,4.9080257124536875
4032,0.24924752462007937,0.3053538490989167,5.0,4.897998066544256
4033,0.15271794506599456,0.18666062134871564,5.0,4.915462765553222
4034,0.12649859719741197,0.15848769197594725,5.0,4.911066104802702
4035,0.27239102049352537,0.3332009876964641,5.0,4.918056650381262
4036,0.281418096649686,0.3427398292601376,5.0,4.913605407501693
4037,0.2081192964201306,0.25523191476068297,5.0,4.90763013289202
4038,0.22181399933484425,0.27146765050920263,5.0,4.919592250044635
4039,0.2337972523070071,0.282854931803489,5.0,4.922917620164311
4040,0.25512186253293745,0.3181028610123864,5.0,4.904847657832407
4041,0.20010711237345236,0.24433949927048526,5.0,4.912298641777255
4042,0.21023636695534043,0.2574109353323055,5.0,4.905661249637161
4043,0.2657037062585288,0.2963370852255003,5.0,4.935423558716057
4044,0.2615317707297149,0.3200294984360885,5.0,4.913213383646342
4045,0.32681953888993065,0.3979786448057576,5.0,4.9167523214864595
4046,0.1417466499030915,0.17482862239793873,5.0,4.9160065634025685
4047,0.1489986394250471,0.18102309953590923,5.0,4.916431515702566
4048,0.27231352766354955,0.33355431320898954,5.0,4.908058643186761
4049,0.34801844812320715,0.4060748910030181,5.0,4.8987553841112685
4050,0.23695964143074977,0.2908129114136515,5.0,4.9137324994795595
4051,0.10748236901289454,0.13111051102697346,5.0,4.912013380408338
4052,0.17349359503314288,0.21447527399336241,5.0,4.9317961771198515
4053,0.26499436939516907,0.3259775855995075,5.0,4.923943131265158
4054,0.11112205063844205,0.13291683258690257,5.0,4.9229043955080165
4055,0.24683275458261789,0.3019664902013002,5.0,4.92117144738911
4056,0.2260066082408394,0.27546234511377965,5.0,4.918155052328572
4057,0.22089640960065804,0.28170089331561265,5.0,4.920153697675351
4058,0.19564847894329374,0.2379530581197613,5.0,4.9050982239903895
4059,0.22396022442607144,0.27496905156801255,5.0,4.9170129958364495
4060,0.35207576230137483,0.43057669765766016,5.0,4.919086087022384
4061,0.17591307092889985,0.21752015549552683,5.0,4.920665007010596
4062,0.17279123452368927,0.2130404190032067,5.0,4.907765804383706
4063,0.3469105683835312,0.42544511034605037,5.0,4.896267726535717
4064,0.28130087299424766,0.3497664725705576,5.0,4.914422034040058
4065,0.2888388913577198,0.3482963758460582,5.0,4.92216719568316
4066,0.22502695433045194,0.2742493675973965,5.0,4.90930773099695
4067,0.2724859121058556,0.32839055955855834,5.0,4.916411892046462
4068,0.24229969124654827,0.2989631499743408,5.0,4.9153692068257016
4069,0.32344681144426013,0.38729491259923066,5.0,4.909838019370847
4070,0.13759753120831308,0.1496612379330715,5.0,4.9206082915289695
4071,0.1791255174328532,0.22011484407997828,5.0,4.918505323455582
4072,0.1636607292442851,0.20723269169229241,5.0,4.917325298374493
4073,0.1482152451510348,0.18608541693874536,5.0,4.914728566346946
4074,0.2359368019064143,0.28331505927250933,5.0,5.0
4075,0.16322289089178565,0.20003682771686582,5.0,4.912547117363255
4076,0.3039257914321243,0.37290881730368675,5.0,4.9089622750758455
4077,0.2991641735269772,0.36596090495274436,5.0,4.928438714450394
4078,0.2392414443613209,0.2928063673685899,5.0,4.925882816949629
4079,0.29971525590956083,0.3644811528829932,5.0,4.905668785636523
4080,0.16759186225769906,0.20458113515652476,5.0,4.917486650739695
4081,0.2705874583867254,0.33138516978654375,5.0,4.911735467053013
4082,0.23989253784690256,0.294775340029898,5.0,4.902569319316372
4083,0.37306703752492476,0.45704633281992724,5.0,4.905427596020209
4084,0.3176722233267355,0.38741832820293753,5.0,4.923875281487371
4085,0.3413525856396544,0.4133265313430978,5.0,4.9119709675034695
4086,0.4241107380989244,0.518896781521331,5.0,4.9166429838915615
4087,0.2370571573623934,0.28949687989153583,5.0,4.924326308499261
4088,0.18035785705911822,0.13062895075686742,5.0,4.9178731979392065
4089,0.08692445896996692,0.10683211240689006,5.0,4.914424255150358
4090,0.18746544720227432,0.23093157219248273,5.0,4.919649623954978
4091,0.22462852116885412,0.27531251663293066,5.0,4.904345789527129
4092,0.12961645970684144,0.15965054349158736,5.0,4.9201882402331965
4093,0.2718333016199195,0.3030290171822041,5.0,4.901420273595294
4094,0.17189958830863206,0.2095704490120578,5.0,4.921896094283431
4095,0.10618442893886537,0.1289985374743179,5.0,4.90814336472738
4096,0.18961185782546242,0.23219492581132828,5.0,4.9057325595685075
4097,0.3282884108572406,0.40125643313538695,5.0,4.906827026879963
4098,0.16108918195603872,0.19806849025888762,5.0,4.919510676085377
4099,0.30429800991360434,0.37167172661848724,5.0,4.909335668822381
4100,0.1286582366843183,0.15608781747830625,5.0,4.91916488036078
4101,0.27878430790790576,0.3384390998656832,5.0,4.931229792049061
4102,0.15856122464253564,0.19180405270879475,5.0,4.928518868371237
4103,0.21638229894402872,0.26292090019652736,5.0,4.916692957597828
4104,0.2271080786212396,0.27866971966915277,5.0,4.918182756405187
4105,0.3093725488876631,0.3747994026010726,5.0,4.922887706842962
4106,0.18257063056788647,0.22400556848110065,5.0,4.91303827101742
4107,0.24500367379449317,0.2979261538283031,5.0,4.926929851304163
4108,0.15013818995934125,0.18321973226392485,5.0,4.916640691989871
4109,0.22594091880724232,0.2638217388351516,5.0,4.906559911084587
4110,0.2753269671110523,0.33664303467692247,5.0,4.92031126412023
4111,0.12754133967798942,0.15417619684724326,5.0,4.914589566841663
4112,0.2626609295424054,0.3234230478753717,5.0,4.912154042160255
4113,0.20875724936194295,0.25441807011648354,5.0,4.915112479861836
4114,0.2021669805619939,0.24536130241025034,5.0,4.924186285897054
4115,0.13178842121594925,0.16106223240327822,5.0,4.908562715290117
4116,0.176398465334612,0.2230612990244294,5.0,4.897579966247374
4117,0.30869452528398766,0.3971122239804106,5.0,4.899186915889846
4118,0.24703235223097741,0.21689452382729235,5.0,4.9113535790521645
4119,0.26257920920416433,0.31918816056281374,5.0,4.9145975590852675
4120,0.23492427188745646,0.30308514758834293,5.0,4.906113809565769
4121,0.17694367713391035,0.2174976262856203,5.0,4.916522004000425
4122,0.16897258649385694,0.22372875308601392,5.0,4.914890702058443
4123,0.08323555012777706,0.10279167701323577,5.0,4.916044624530915
4124,0.3474951786519631,0.4199021238734868,5.0,4.914015853358906
4125,0.12764641817978317,0.14499686350460705,5.0,4.91974147037439
4126,0.2506665516469315,0.2955776913114465,5.0,4.920383459771189
4127,0.17911289549601395,0.1879934999548789,5.0,4.9105133988671845
4128,0.19100775930135128,0.23628808432711157,5.0,4.929164643106105
4129,0.17249996849466798,0.24011679715401946,5.0,4.901947213733617
4130,0.2188120704774854,0.2467580703081389,5.0,4.9449402822286626
4131,0.20824205417996566,0.21912001211063048,5.0,4.923672500261667
4132,0.21457905362476448,0.26723526146507437,5.0,4.913313394538648
4133,0.12485485997822265,0.15290814209554981,5.0,4.910946600612185
4134,0.32663569411404536,0.3890057966128164,5.0,4.930428718732207
4135,0.20908230031473818,0.2721415040698705,5.0,4.925263256584769
4136,0.20018895456741204,0.17180327149937602,5.0,4.916498337979389
4137,0.25116015462202346,0.3100148346812752,5.0,4.859378593401287
4138,0.1556357402926727,0.17155439555008045,5.0,4.91366334346842
4139,0.3519314549010384,0.40828192602770574,5.0,4.907804895740799
4140,0.3470642907223984,0.42621253124887626,5.0,4.918471892166716
4141,0.32809947547321694,0.42348982795134926,5.0,4.9080234797309785
4142,0.17723634687144973,0.21755058280147965,5.0,4.898599586725805
4143,0.31495301994372227,0.3686873163609028,5.0,4.921887321539469
4144,0.2713519860130489,0.33989676552947956,5.0,4.9136294704341665
4145,0.1625282278496467,0.18648574650400285,5.0,4.919374110483554
4146,0.19419854694665206,0.24055719938151188,5.0,4.915998226490634
4147,0.37280668794909677,0.3168662743934225,5.0,4.914445010420927
4148,0.214768773091085,0.28167034477539454,5.0,4.913896114556637
4149,0.2917922465880023,0.3689408129385008,5.0,4.90332798083549
4150,0.26188910711934876,0.3124401428488539,5.0,4.912025099853139
4151,0.20644439692648975,0.25352932745987333,5.0,4.907581920576964
4152,0.18897546736990134,0.2131042609457583,5.0,4.923160046534498
4153,0.17310284088502947,0.2192131930286607,5.0,4.916091848976274
4154,0.2308731281081633,0.26663691719996785,5.0,4.927412178905186
4155,0.28420330989746323,0.3541843201663024,5.0,4.906423473439769
4156,0.2258983027863981,0.27523770733921493,5.0,4.915624623728494
4157,0.29351909697746903,0.34986537642818694,5.0,4.9275840104822155
4158,0.12698204909102517,0.21118751553351367,5.0,4.913105193249949
4159,0.27981751418886747,0.3512892199835531,5.0,4.923347971311465
4160,0.3476846404408189,0.4187495589354018,5.0,4.912828511897862
4161,0.417438425606381,0.5105632444847454,5.0,4.90742070126327
4162,0.11228489771107464,0.12311595433205458,5.0,4.92465276516306
4163,0.2879357055959493,0.3441364794814763,5.0,4.918121397477542
4164,0.218793554346719,0.2648135626409529,5.0,4.920236939816469
4165,0.36219836950247175,0.4633286893949309,5.0,4.906801069470594
4166,0.3761480899106655,0.43798508798878166,5.0,4.9259352612680285
4167,0.19674753637871567,0.25253305306236196,5.0,4.9005442151182965
4168,0.20079233218616266,0.25033649421002035,5.0,4.908625581559001
4169,0.08023598825443967,0.1409837582508311,5.0,4.904867385802998
4170,0.3270376417571028,0.3935842489542283,5.0,4.914986734997466
4171,0.1930302801445083,0.23480033400984102,5.0,4.919996073034758
4172,0.2474713523947749,0.28743467125469735,5.0,4.910566109685304
4173,0.29299717208174525,0.3507587400226613,5.0,4.908915457591121
4174,0.11692399231744499,0.16829695904501252,5.0,4.910753320189247
4175,0.08603285089349733,0.11428011505212265,5.0,4.921769728789291
4176,0.1002912443106645,0.12291866517895289,5.0,4.964164563246829
4177,0.21305404420763652,0.27537915271627744,5.0,4.903489185388139
4178,0.17008864632311238,0.08132269870530795,5.0,4.914994051410684
4179,0.1902632946260372,0.24300484532978683,5.0,4.912459457152769
4180,0.40929322962755355,0.48880648489513834,5.0,4.925738442964374
4181,0.21612500006841096,0.26967611335054875,5.0,4.910828213973453
4182,0.25430452581055785,0.2833355163422391,5.0,4.905941675719321
4183,0.1648634505254032,0.20601767747122368,5.0,4.920302199666073
4184,0.2559507434450412,0.11677475931951031,5.0,4.904974184110715
4185,0.28759692301538786,0.2619206134604457,5.0,4.909462990690283
4186,0.17186013700533942,0.2240224626977927,5.0,4.915728252481069
4187,0.17348365731292992,0.20679290509722015,5.0,4.929378248230432
4188,0.21727551639780285,0.256701453026555,5.0,4.925202513600269
4189,0.25434714627995136,0.30431941825130737,5.0,4.895701983262084
4190,0.17975979057218838,0.2553371276519163,5.0,4.915688440499419
4191,0.2434199681853053,0.3062311271775626,5.0,4.909871125944099
4192,0.13392433959012107,0.1834019341634716,5.0,4.900659523849091
4193,0.1486266739388249,0.18014156502415468,5.0,4.906650785066571
4194,0.16974305924481303,0.2437932009709951,5.0,4.917241341041567
4195,0.0886171043929882,0.11991518526313927,5.0,4.92392901310315
4196,0.16112057290573167,0.2710031700729516,5.0,4.908383886130139
4197,0.23142716019456344,0.23626568065954068,5.0,4.916674823780953
4198,0.21182814566079933,0.25331792105587136,5.0,4.91497271658381
4199,0.18920519523705082,0.2240736965045238,5.0,4.913588209224038
4200,0.116715796956806,0.19297841319724207,5.0,4.912537456257207
4201,0.22285999370010545,0.25043532515150546,5.0,4.965426983626058
4202,0.27557052760308887,0.37349463375658654,5.0,4.919024106307148
4203,0.15624563467961772,0.1824512803117091,5.0,4.918698138874422
4204,0.28530847472539045,0.35336861545906784,5.0,4.903395229414826
4205,0.28035293525685234,0.3206716782007524,5.0,4.92465465669472
4206,0.18108937071881415,0.22255179139064873,5.0,4.908018326152739
4207,0.2111362213867134,0.24155662075248174,5.0,4.9138533894096526
4208,0.2646974438717469,0.2901551687445878,5.0,4.918640245936903
4209,0.35404039545384536,0.3851494222856613,5.0,4.911635287533986
4210,0.3092388768041612,0.3701846715939059,5.0,5.0
4211,0.3298284481603577,0.4030105435313873,5.0,4.9201916722866645
4212,0.08054008079840713,0.08420825726106762,5.0,4.908648281028771
4213,0.16777179965254407,0.21954974662851412,5.0,4.907122438066196
4214,0.20871880518762942,0.24500272624103325,5.0,4.9230645780376125
4215,0.09002971106475766,0.11509907398668484,5.0,4.93121869222243
4216,0.22727590029596456,0.29333928415450017,5.0,4.914150364509826
4217,0.3297219135893683,0.39265332378068174,5.0,4.912609114575011
4218,0.17978230753160074,0.2155450518293318,5.0,4.919719138836669
4219,0.1014859034342599,0.14964353951455833,5.0,4.914375808510769
4220,0.3121875553487157,0.3756330499134821,5.0,4.905791673957891
4221,0.2651518088458469,0.32336364902838044,5.0,4.940072089196237
4222,0.29567293609138123,0.35691350923264986,5.0,4.911583913687023
4223,0.2998984489599079,0.361316019618414,5.0,4.9185618250846375
4224,0.22843328777727323,0.20965059804821018,5.0,4.9197646736538925
4225,0.33502776082008134,0.41755960048319096,5.0,4.893442028019015
4226,0.2704956549177966,0.3204063691204122,5.0,4.923951914610036
4227,0.20248307751024464,0.23319372327330035,5.0,4.920887193123624
4228,0.3106830535475644,0.34200431979923107,5.0,4.917871113860333
4229,0.29441472417782966,0.35978970947513855,5.0,4.916013692740959
4230,0.28613493205201945,0.3385347127199587,5.0,4.909732078830302
4231,0.23814751551147584,0.2970162354142436,5.0,4.922581645580433
4232,0.20773581941163766,0.24291784645076198,5.0,4.918830588176366
4233,0.4533221372630578,0.378908585443841,5.0,4.910539197744264
4234,0.15081016287348858,0.15246393645056844,5.0,4.910633309239154
4235,0.16454907863825685,0.2221472021006312,5.0,4.9109473170909546
4236,0.16922599665449067,0.21633686940792463,5.0,4.908287542083345
4237,0.28485873988556887,0.3487284973299727,5.0,4.919207687356932
4238,0.3042502272983052,0.4021676844801487,5.0,4.916722176415087
4239,0.1819345801435326,0.21462595558494346,5.0,4.911003309461606
4240,0.28108228518467326,0.3375204282832087,5.0,5.0
4241,0.4338458671180647,0.5370705032076959,5.0,4.919723180747866
4242,0.25480934670979716,0.30231298700091735,5.0,4.920306309373332
4243,0.22248215359559365,0.23493419015995953,5.0,4.90383515780259
4244,0.4355249910465089,0.49641731314598836,5.0,4.911544817203293
4245,0.2115623539391267,0.23302005255322733,5.0,4.917345037709584
4246,0.3076742768296967,0.2250961754211318,5.0,4.90944159246582
4247,0.21564942754469563,0.2593073645304882,5.0,4.916713658250487
4248,0.2374480091439457,0.22503961016217433,5.0,4.9041238745195415
4249,0.19589249472753356,0.23681213407386514,5.0,4.911849660917698
4250,0.3254191682553076,0.3685796934929879,5.0,4.902592781856443
4251,0.25255018381984873,0.2930981588314383,5.0,4.925317013020969
4252,0.2462869872511939,0.30070727718502743,5.0,4.925395669880475
4253,0.17293079033607706,0.20663576237780212,5.0,4.905060819921374
4254,0.2557542724794819,0.31719015394366457,5.0,4.928095546277875
4255,0.2666459820197511,0.3333803932046968,5.0,4.912141378845432
4256,0.12706906987683864,0.15524117034218277,5.0,4.906618222528856
4257,0.2484547620035129,0.3001086014793466,5.0,4.9200737278070505
4258,0.2237052779514419,0.28341616805208036,5.0,4.90450842781784
4259,0.28002599707062004,0.3365294916672297,5.0,4.91451121267783
4260,0.17202470159168715,0.15084442686914667,5.0,4.892356952054522
4261,0.149974165135915,0.19238191649647707,5.0,4.923470143883932
4262,0.20399327799008926,0.26405162584107766,5.0,4.918064545684739
4263,0.3258435741545289,0.3958338121616236,5.0,4.913199340868939
4264,0.30400461730106754,0.36412284011685836,5.0,4.913624073485803
4265,0.19084919403176825,0.25010022027422796,5.0,4.911541983080818
4266,0.21253446060680892,0.25449965703801314,5.0,4.922481301624426
4267,0.2522532710303502,0.3117769454860968,5.0,4.859370331537383
4268,0.22158708312406428,0.2588171417788132,5.0,4.907105501193616
4269,0.27528382909232274,0.2266825305601734,5.0,4.918238650212805
4270,0.2728882808078472,0.2966425548728784,5.0,4.905712780553815
4271,0.24353181884375874,0.2898338059101291,5.0,4.922931620000339
4272,0.2967544868285825,0.35143404602402306,5.0,4.913671248821796
4273,0.1888991769520283,0.24128785915188145,5.0,4.921750379773568
4274,0.23581702456020226,0.28103053540922196,5.0,4.911675597785452
4275,0.2930780290409929,0.35545385158521836,5.0,4.896008719008131
4276,0.16344404293850734,0.18407561488664737,5.0,4.92461595764043
4277,0.13577193533250798,0.16769816810010574,5.0,4.919543173088234
4278,0.23581111614186367,0.27277746592688223,5.0,4.912282408893676
4279,0.20091816671229257,0.21733336356848088,5.0,4.905940731872382
4280,0.14568666246785655,0.1964646591830017,5.0,4.916597731656527
4281,0.2199335286944042,0.26502471623760626,5.0,4.936029843439496
4282,0.2802416778174932,0.34060401338234714,5.0,4.933127771804395
4283,0.1830432316420405,0.22118095171019214,5.0,4.915681189842349
4284,0.17884838455558438,0.23112666744130506,5.0,4.911252568984725
4285,0.20371888298030827,0.24888989635364167,5.0,4.921615688025547
4286,0.2963996615193174,0.2655295114058942,5.0,4.91692689566066
4287,0.1154148115015754,0.14294176407257075,5.0,4.92158520029407
4288,0.22883460975232595,0.28194417014550477,5.0,4.90749917408392
4289,0.19668793678257002,0.21399810778414707,5.0,4.925473963461693
4290,0.21087881496454397,0.17588862212351564,5.0,4.9120690381305465
4291,0.2871991412454653,0.3299344843913845,5.0,4.899070169718991
4292,0.233573491924858,0.2852736807218099,5.0,4.881707091444021
4293,0.28743391202140667,0.35226155685738125,5.0,4.915371779388318
4294,0.1520055188138405,0.18742892967354208,5.0,4.918619760891181
4295,0.22543641868276088,0.2935073168628295,5.0,4.91439662356318
4296,0.20690392292019855,0.24756059528118013,5.0,4.9190264730902555
4297,0.423303548806629,0.5217829642831404,5.0,4.908892617413976
4298,0.2687216319945309,0.25971405298699124,5.0,4.920318418360683
4299,0.1319912095013478,0.11481878834569548,5.0,4.916483498589885
4300,0.17119249024221506,0.20714142227272325,5.0,4.9157156736771945
4301,0.13701930637809867,0.16101019567085273,5.0,4.909090719861879
4302,0.2970603796144713,0.3640071593720624,5.0,4.907927893684958
4303,0.21947230055937128,0.25715937850633175,5.0,4.915423994429515
4304,0.16462590524548726,0.19859427924472528,5.0,4.908791582989638
4305,0.2296937598733384,0.27622731501887965,5.0,4.914906289757237
4306,0.1761804316733251,0.20758187184474441,5.0,4.922880370070191
4307,0.26664353332844026,0.30893294084940215,5.0,4.9044367703498715
4308,0.21311014163079278,0.2850315108711141,5.0,4.933677015145426
4309,0.20010281875423974,0.24987934368521136,5.0,4.927929149965191
4310,0.15912147509405727,0.19171291442459482,5.0,4.915748021527939
4311,0.37751039176384493,0.4700312620896103,5.0,4.907981696401578
4312,0.2837374010096758,0.3244548352421015,5.0,4.910752433926584
4313,0.3664895344566703,0.44860230234114673,5.0,4.924249745094027
4314,0.10370228262535197,0.12088734958451464,5.0,4.910721414217107
4315,0.3211481383638348,0.42577932678516084,5.0,4.908498580446485
4316,0.3030439093083017,0.3612561978194848,5.0,4.899115388929243
4317,0.14025958526389104,0.1531605165774499,5.0,4.916749743325388
4318,0.34683315524227076,0.3063720376892607,5.0,4.9005290797415935
4319,0.10627014486472541,0.11854824997131774,5.0,4.890115905552346
4320,0.10689972403775871,0.12550680655190916,5.0,4.907786612744385
4321,0.2190279184703876,0.2673977553396243,5.0,4.91676127498061
4322,0.13186683089340745,0.1592051669993344,5.0,4.9076505433165
4323,0.15446202555096433,0.1719312163058604,5.0,4.904448246573514
4324,0.2247634627650894,0.2437919160065447,5.0,4.9064555509872765
4325,0.3129260922806505,0.37554641642352093,5.0,4.919945726862149
4326,0.3365840629618395,0.3908590489756336,5.0,4.925682414358734
4327,0.27260643029602205,0.30491294999058294,5.0,4.9210455321069
4328,0.21945540954547393,0.27200408277305765,5.0,4.906797020228675
4329,0.36813041337218455,0.3194317152783419,5.0,4.914390522873564
4330,0.134486287692829,0.17187353625592872,5.0,4.9198811191722935
4331,0.26355730960854973,0.2766134911254561,5.0,4.916478494568617
4332,0.23453984480648193,0.2768703768110037,5.0,4.907531222912143
4333,0.08601743481415114,0.13158010444478752,5.0,4.924451721074998
4334,0.3360398610497859,0.46031816927760016,5.0,4.906610509362723
4335,0.16152990119856825,0.18264492429317647,5.0,4.9276535737122185
4336,0.3141049088723462,0.37467727521969785,5.0,4.931833917470696
4337,0.1100777473753265,0.06576696393412185,5.0,4.9087847596622325
4338,0.1846535457613141,0.17947269294417323,5.0,4.896595794030878
4339,0.2345735437323797,0.2883663944889048,5.0,4.889670181463641
4340,0.2904632242449947,0.35247180716555393,5.0,4.922595961654199
4341,0.31288187755551466,0.38569440836631896,5.0,4.915571942467816
4342,0.3313240878268173,0.40991718982788816,5.0,4.911609532753918
4343,0.30105902370745796,0.2980876686194509,5.0,4.903626762823405
4344,0.18047092886597205,0.21344184898673024,5.0,4.926388051275232
4345,0.11770996186680383,0.17617387849140043,5.0,4.917476855465459
4346,0.28995098768609595,0.3493666604301635,5.0,4.919443574268891
4347,0.2588973166496422,0.31130405835448394,5.0,4.916822113967667
4348,0.24312669042976087,0.2529530661873547,5.0,4.921733049116712
4349,0.24288747039791958,0.29652450184271206,5.0,4.899493915518125
4350,0.29721345862082327,0.3504096426476342,5.0,4.908941568176903
4351,0.19491524389156134,0.2664529501716144,5.0,4.92369004850846
4352,0.22328891739017243,0.22698734842789148,5.0,4.918285527866519
4353,0.14278173284657525,0.1730253747739703,5.0,4.9167792234459995
4354,0.27221245261755755,0.31054165617917007,5.0,4.912579190798487
4355,0.2585308108742208,0.264852132146735,5.0,4.921160713190815
4356,0.33132353792183533,0.41042760322788086,5.0,4.90970039023801
4357,0.22532984950288482,0.2649332418217383,5.0,4.920607815317659
4358,0.25565816739867997,0.31752707537933733,5.0,4.917457313742517
4359,0.1649683158397719,0.1990454163699107,5.0,4.904569307217397
4360,0.2567637700614511,0.29414671629508615,5.0,4.921504607100351
4361,0.1548034122409243,0.18746039712606688,5.0,4.921640974742392
4362,0.22305407077543782,0.2738558016564505,5.0,4.919433749095576
4363,0.23624196720211965,0.2781778494881768,5.0,4.924558473137601
4364,0.2174243982336308,0.25395641644745637,5.0,4.929636548285954
4365,0.2792004883121788,0.33330404266508107,5.0,4.901463799293211
4366,0.2241441613541555,0.22896556091440412,5.0,4.913261565206417
4367,0.170729495905515,0.22113526718373056,5.0,4.915005753973052
4368,0.22627261432380052,0.27482224758333307,5.0,4.9215200543811655
4369,0.2559056494628109,0.3027085163999921,5.0,4.915587671993
4370,0.19013608075315047,0.2534554838278733,5.0,4.913934386717571
4371,0.1201182028323522,0.17607471041987788,5.0,4.9215515342029015
4372,0.20758718748194505,0.2452520616969045,5.0,4.915225090942483
4373,0.27074042631283834,0.33260165551660426,5.0,4.919053259415671
4374,0.5179387984593564,0.6127485371602259,5.0,4.9071574790908645
4375,0.10595379638937263,0.1437342500655252,5.0,4.916643021662459
4376,0.22080196409018504,0.22110151079234286,5.0,4.913648018857204
4377,0.39334399651113805,0.44766397227224,5.0,4.923037411356939
4378,0.187082713434765,0.22291663296882214,5.0,4.899583175076172
4379,0.19851532781324677,0.24467469915433826,5.0,4.913843345524125
4380,0.20959180056109172,0.2712582509796502,5.0,4.913272946988716
4381,0.16834632050575205,0.21303222569225655,5.0,4.921289932633091
4382,0.26792789568598563,0.3214558015240523,5.0,4.913399025195879
4383,0.36707485396281947,0.39936285034431696,5.0,4.897974412116302
4384,0.3570858745667824,0.427522882379167,5.0,4.920439079232528
4385,0.26339762540601974,0.2861910629769915,5.0,4.907508295566316
4386,0.21748613020824714,0.2611512902551323,5.0,4.901043289757352
4387,0.15210841850869872,0.18424237288264766,5.0,4.933352189253712
4388,0.36683286245086055,0.4487011116665711,5.0,4.902619111583428
4389,0.25016891086947624,0.2182464684029306,5.0,4.921439472181017
4390,0.261646028978777,0.2137311209643724,5.0,4.9189930637633505
4391,0.07127717082155827,0.19221483869028644,5.0,4.923726077425936
4392,0.2021851780417847,0.25301536953250814,5.0,4.918293109264971
4393,0.47179414008485177,0.5623492256053488,5.0,4.90827354131226
4394,0.23670073308385864,0.29689299237939304,5.0,4.887812700062932
4395,0.24645163154212724,0.2362818952522403,5.0,4.924135090649022
4396,0.1665694057587257,0.18552864798910673,5.0,4.90506699376243
4397,0.3320143189846856,0.40397923585290885,5.0,4.919533788378043
4398,0.20413353754812413,0.25306754226533235,5.0,4.920911454251469
4399,0.13070549732966863,0.1567435709937237,5.0,4.917309100720617
4400,0.27046246238435034,0.3274962416117497,5.0,4.912024475131123
4401,0.22529602508113422,0.28163073465463473,5.0,4.914793804699098
4402,0.3016592686684594,0.36419391132310697,5.0,4.912595987199744
4403,0.09714483755149872,0.08021875645537646,5.0,4.9223204425070755
4404,0.2596537659087341,0.3316211256474677,5.0,4.900724406446848
4405,0.1536558095134437,0.13789696994718992,5.0,4.902834741689226
4406,0.17166399684843658,0.2381338742273269,5.0,4.927065550280467
4407,0.30773529380786435,0.3728717719808168,5.0,4.904109086876458
4408,0.20312259179554948,0.25269354836922786,5.0,4.9080473844540595
4409,0.39657584797957157,0.15336247056738417,5.0,4.914160636935225
4410,0.35371899307349053,0.3650657700387734,5.0,4.919832162827351
4411,0.20665291497973648,0.243789012298524,5.0,4.917376012908781
4412,0.24361025378500423,0.29920144629988754,5.0,4.90825576501285
4413,0.15384777386773973,0.3220924186643377,5.0,4.916815201045166
4414,0.25061183782848695,0.3165797026804995,5.0,4.915471193440091
4415,0.24809105970135348,0.3083744569713489,5.0,4.914248636065306
4416,0.37919077413551094,0.4156892706693742,5.0,4.92431476582178
4417,0.35093557992300517,0.41017941875725406,5.0,4.916618057368387
4418,0.2164790188859551,0.2783453345602802,5.0,4.910173768248791
4419,0.2397160298761538,0.33490882055708204,5.0,4.911900196267469
4420,0.21013240028596858,0.27922518379425787,5.0,4.919948476934968
4421,0.16683303042350595,0.1996593613180082,5.0,4.931558942157093
4422,0.40584252028755663,0.4846298706188188,5.0,4.914819672201984
4423,0.17254872290443313,0.22301285925210657,5.0,4.915941001663038
4424,0.34499970223303533,0.49345769518755955,5.0,4.915741092742429
4425,0.3210442563533993,0.3847567616009251,5.0,4.917801102633428
4426,0.22403856373324293,0.27684759527622993,5.0,4.914584869059819
4427,0.22386625966608542,0.27114011466182064,5.0,4.900058784309129
4428,0.18439581670645122,0.22972695385982989,5.0,4.902272805878143
4429,0.17787834200503072,0.20842639539780117,5.0,4.915157175927076
4430,0.2844484739578026,0.31471897527589365,5.0,4.907160874380692
4431,0.1489214297399768,0.19983378700531151,5.0,4.896596649788352
4432,0.34346814181251895,0.4379066471762383,5.0,4.912218542034257
4433,0.15354994158290136,0.18611527415645557,5.0,4.923613108026652
4434,0.26875139556168826,0.29963916487993436,5.0,4.923954165473425
4435,0.23621390735144177,0.1940529760665206,5.0,4.916248963212837
4436,0.2014797877058807,0.24154898549829573,5.0,4.919153517212997
4437,0.37828849431135536,0.2161013336226627,5.0,4.923454153624105
4438,0.11876200667758474,0.13684030696681226,5.0,4.915703590354639
4439,0.1795294871062838,0.22576911911076558,5.0,4.920033236466104
4440,0.21516026339613104,0.2630910304966476,5.0,4.932212367128841
4441,0.21983647648665428,0.2637915825992434,5.0,4.904552227132184
4442,0.42111370271902326,0.3026170920531661,5.0,4.900330537258926
4443,0.18938988127477008,0.2091271683706104,5.0,4.915976380320846
4444,0.1958108579988418,0.2246854712091062,5.0,4.910103396100141
4445,0.2383198846429364,0.34487043955521623,5.0,4.917074768434082
4446,0.2348449649700044,0.25726355815397506,5.0,4.916199611754655
4447,0.24903943186154476,0.22584555273651907,5.0,4.902821178184658
4448,0.2373611384060148,0.17938478323194063,5.0,4.911649542045282
4449,0.22368233120997472,0.2650053489879012,5.0,4.9230816420341394
4450,0.15920088029494717,0.18677400237107666,5.0,4.922973776713597
4451,0.32495934519499214,0.3535210108387634,5.0,4.9074875145084995
4452,0.18784975219279132,0.12030254994606993,5.0,4.9088654708305235
4453,0.27506995384187616,0.33884557426752226,5.0,4.915320045504803
4454,0.23539906673215683,0.302002539289667,5.0,4.916350894861932
4455,0.16155174031141528,0.1992262303437573,5.0,4.926944365991952
4456,0.23221468343506246,0.2817181908133788,5.0,4.910492135373925
4457,0.168222886738705,0.251683129067658,5.0,4.913539381713337
4458,0.25381671361003466,0.29501472425289954,5.0,4.9133407038479415
4459,0.34371370258266687,0.419027690357207,5.0,4.919949739430551
4460,0.21496533185636335,0.2627140613798704,5.0,4.910342481427525
4461,0.23662342790577773,0.2890775827652772,5.0,4.9177292299445075
4462,0.12484520693912526,0.1522546185621254,5.0,4.926583081572264
4463,0.3131355233361537,0.3819535590781937,5.0,4.917144874372159
4464,0.2585551017983423,0.31568762735065303,5.0,4.918844480712066
4465,0.16280431055576727,0.19894913997102237,5.0,4.92267157905828
4466,0.08865228936822245,0.108440007552572,5.0,4.915492944856581
4467,0.16158421184248417,0.197698896742859,5.0,4.918608001276388
4468,0.21488262575280292,0.26228997748318483,5.0,4.919969159732416
4469,0.14499580377409504,0.17711625435000178,5.0,4.916597695735687
4470,0.23091305925211736,0.282162225527435,5.0,4.934370371303514
4471,0.2034963841299391,0.24598729407114517,5.0,4.952122849663576
4472,0.10300863926437298,0.12639065850160813,5.0,4.904550442597646
4473,0.22104946063607378,0.2702806714558783,5.0,4.911446905406889
4474,0.22702725493183218,0.277435362838951,5.0,4.9209890263607114
4475,0.1742706766878701,0.21323248562270924,5.0,4.9160731661335255
4476,0.1242087955139266,0.15138998627356037,5.0,4.912585002686045
4477,0.3110109264948069,0.3794075801586396,5.0,4.920531552126102
4478,0.25458522928487004,0.3118749756163246,5.0,4.910191797553498
4479,0.24746236256861942,0.3021834515335051,5.0,4.917376204385828
4480,0.2049602222418947,0.25007281882448695,5.0,4.921388258212174
4481,0.1466876127240171,0.1795283514606627,5.0,4.914526067254981
4482,0.35713939396390204,0.4353371996922162,5.0,4.91758279653248
4483,0.3070455014949649,0.37454902861176764,5.0,4.919886908098512
4484,0.2748847666697969,0.3357914250511367,5.0,4.916199932454255
4485,0.313170698814369,0.38343106853599385,5.0,4.9101770270737966
4486,0.25486695662464953,0.3105838985598173,5.0,4.923747197095363
4487,0.321679483896955,0.3920757243526256,5.0,4.919537247982806
4488,0.10569924032430555,0.1291875027938667,5.0,4.915457267746062
4489,0.1807444919256216,0.2208836320626637,5.0,4.917258327598555
4490,0.2954569859127745,0.3606267483571235,5.0,4.90882888780904
4491,0.12711682231271793,0.1553904041684786,5.0,4.914499941973434
4492,0.32846076514153943,0.400342482607591,5.0,4.905120898313049
4493,0.1429243552854096,0.17447663828714743,5.0,4.92173880484482
4494,0.20153945194895395,0.24679373038136787,5.0,4.915701893168363
4495,0.1736548076940927,0.21239621760974758,5.0,4.913724963212482
4496,0.12595958470308033,0.153715130422597,5.0,4.916528111606127
4497,0.20352130125034207,0.24846319837707553,5.0,4.916779129297186
4498,0.35302823356691126,0.43072147608318123,5.0,4.908507619453504
4499,0.2622426329504106,0.31908116658370833,5.0,4.924770846571969
4500,0.2935941788532581,0.3568204974399376,5.0,4.930168834855531
4501,0.26425175575680293,0.32129611824062043,5.0,4.927671588755427
4502,0.33029397471579913,0.4028184334122473,5.0,4.9113050865962915
4503,0.3108031395782307,0.37955763037368717,5.0,4.912563149724463
4504,0.25880459100173425,0.31715068444761774,5.0,4.905419073516768
4505,0.2823905522944914,0.34545572954435233,5.0,4.910216916302073
4506,0.23626047021401653,0.28873921082460985,5.0,4.9157923027302
4507,0.26305995595204834,0.3218386796961572,5.0,4.91246563346186
4508,0.2106036293890159,0.2571266220543744,5.0,4.921669564318698
4509,0.3208461673258931,0.3905397816243861,5.0,4.92409742859599
4510,0.14064643053366588,0.17171255606208335,5.0,4.918582761125627
4511,0.18101468513951247,0.22199903707521607,5.0,4.902845673304812
4512,0.16006447168663263,0.19541731509313265,5.0,4.907391575844553
4513,0.2805691977826468,0.3425180769874745,5.0,4.919594790115633
4514,0.28828460334916706,0.3516206118534284,5.0,4.922368390524161
4515,0.23950475786940073,0.29223523532428874,5.0,4.918078246701594
4516,0.31606530582662606,0.38647124359716045,5.0,4.9066735735383915
4517,0.18979812287007247,0.23221602704565059,5.0,4.914675666775343
4518,0.08887875624393438,0.10868949769916036,5.0,4.921524930936378
4519,0.07695725541879606,0.09417237922675636,5.0,4.9163161544806755
4520,0.3105739989191989,0.3817955430631892,5.0,4.910633499863035
4521,0.1470320075783913,0.18060108159436106,5.0,4.91548778474912
4522,0.14950051646853568,0.18012109503588225,5.0,4.964100371954547
4523,0.2156049125853654,0.26344044447997494,5.0,4.9178392908102975
4524,0.3113963847210022,0.3802838342163899,5.0,4.912423220461859
4525,0.24041951679846263,0.2944892771091554,5.0,4.905605337797763
4526,0.17292344886436384,0.21077645160428649,5.0,4.924761063461203
4527,0.3688476487611012,0.4516073859530434,5.0,4.895890624195598
4528,0.1432396673173002,0.17528118724229858,5.0,4.9131174970654445
4529,0.19357661076254917,0.2369676739793063,5.0,4.915412991108923
4530,0.1161877848401962,0.1415954083192148,5.0,4.926943123979202
4531,0.2381708321007232,0.29056432521948694,5.0,4.916656088547375
4532,0.2198848248072811,0.26981148698626933,5.0,4.903572613778673
4533,0.24796523084086042,0.30248417166898256,5.0,4.911032695385087
4534,0.2326932166546427,0.2843504831042025,5.0,4.9181358422140065
4535,0.05719011683201525,0.06962842010696169,5.0,4.922138841696135
4536,0.2278136772371333,0.27833527778852063,5.0,4.927118589624184
4537,0.2826432164306749,0.35039481252162474,5.0,4.875354676410915
4538,0.16360420029168332,0.199655440575494,5.0,4.926013881522389
4539,0.17463239428199362,0.21321996321541814,5.0,4.9202734939868265
4540,0.17747753708566782,0.21694797357039786,5.0,4.923230662731237
4541,0.22218899308959927,0.2718323998427137,5.0,4.9217041331855516
4542,0.17881807205367162,0.21861687598846924,5.0,4.908977641593131
4543,0.2776214092833835,0.3353622157093097,5.0,4.937187128963467
4544,0.1433949088667743,0.17260314878646543,5.0,4.9026358097558465
4545,0.37942346544374494,0.4632031768827214,5.0,4.911685937972763
4546,0.10243968831811467,0.12579389220625936,5.0,4.914981465465074
4547,0.24988965276787778,0.3053504322637415,5.0,4.916894716267537
4548,0.2917229323505357,0.35626031153497295,5.0,4.9163239068403275
4549,0.2589228898086595,0.3166602599195274,5.0,4.913976118476029
4550,0.17162151230049982,0.2099361741791308,5.0,4.9151028840078315
4551,0.2888209064417191,0.3528039015993354,5.0,4.914929044814533
4552,0.2959335241309571,0.36296830357242826,5.0,4.900958650633944
4553,0.2849011649344291,0.3477577746158387,5.0,4.919113107511572
4554,0.21385405873210783,0.2607218822614028,5.0,4.9236068870083205
4555,0.12164501485816515,0.14860825288498303,5.0,4.918637535519457
4556,0.20110424183577336,0.24600815176000124,5.0,4.916436813550575
4557,0.18849101221749098,0.2308172555321626,5.0,4.918162724587178
4558,0.12754506796794662,0.1556651805287197,5.0,4.920695328491309
4559,0.17287738255587404,0.21161422783578998,5.0,4.918196308697524
4560,0.24838674218671253,0.30343518125495317,5.0,4.914100804507084
4561,0.2073377884615244,0.25293487778230506,5.0,4.923753629748706
4562,0.2776592423632691,0.33971448195291964,5.0,4.910475392401059
4563,0.25544620236201787,0.31202044846245736,5.0,4.921183724885099
4564,0.27742934260314445,0.3391997184260882,5.0,4.91248042810315
4565,0.20853244452662967,0.25493256529611985,5.0,4.915123377801658
4566,0.45634230150191435,0.5570402441603384,5.0,4.913593586941509
4567,0.25640740222008973,0.30839735410745117,5.0,4.903177183615943
4568,0.3813587149545399,0.4655826497384856,5.0,4.905632408787897
4569,0.240885963249176,0.29421910112861194,5.0,4.919462995387507
4570,0.22822804752601877,0.277967125439345,5.0,4.922999218515196
4571,0.24333147849469428,0.2970087642180559,5.0,4.923510555335824
4572,0.3025992955074128,0.36961462794304945,5.0,4.9135350220093965
4573,0.39413688658401247,0.4811750243478232,5.0,4.912358157204997
4574,0.2327835698537053,0.28365758411336817,5.0,4.922900649936919
4575,0.20805501976525353,0.25403936679903083,5.0,4.917358053377869
4576,0.2295431657002791,0.28111463000020476,5.0,4.910536270365986
4577,0.3863645853112929,0.4722118767092158,5.0,4.909647769107206
4578,0.11338703613023848,0.13830120824235093,5.0,4.926621527370525
4579,0.20324537520769104,0.24852695456925566,5.0,4.90670516727433
4580,0.2345703281797944,0.29321669706472675,5.0,4.883924348497901
4581,0.3397828535646381,0.4154797908350518,5.0,4.908533544464699
4582,0.22769376165669963,0.2782072732213636,5.0,4.911301835876314
4583,0.27791945905231086,0.3395980356152928,5.0,4.910472220046431
4584,0.39814607295915105,0.4847577213533698,5.0,4.922449434642422
4585,0.20062575907388003,0.2447326115498627,5.0,4.927581891610364
4586,0.30323398256450496,0.3706737736969339,5.0,4.909038324444612
4587,0.33905778095108063,0.4141056447131619,5.0,4.9148225670183
4588,0.17817395802112013,0.21754402649034343,5.0,4.920164198338854
4589,0.24187097451006134,0.2963156798599724,5.0,4.906828885772692
4590,0.1681086039934938,0.20373401979910333,5.0,4.938144624379603
4591,0.22295645287458998,0.27210371638461295,5.0,4.913501462884344
4592,0.1784935216148773,0.217795364348373,5.0,4.913944064638409
4593,0.253256326814409,0.3098609924144544,5.0,4.913940616171315
4594,0.2936479478734686,0.35654670532547184,5.0,4.909100475634611
4595,0.2655214869188298,0.32738888174996483,5.0,4.890887551075913
4596,0.33073588843741475,0.4045023552730236,5.0,4.907339119638845
4597,0.21269558601434846,0.2596749437550048,5.0,4.927320492282732
4598,0.3656185579000737,0.4461455128802867,5.0,4.908015853101588
4599,0.15725671936386965,0.19201056235036562,5.0,4.912452572325741
4600,0.2232323359718873,0.2727306815747994,5.0,4.9200541024882405
4601,0.24271683504904007,0.2956376639833742,5.0,4.921520263874095
4602,0.25344953554729366,0.30937491301501074,5.0,4.917686895582634
4603,0.3136415094991787,0.38415675696126805,5.0,4.902749621397575
4604,0.12472591067558092,0.1521629071838828,5.0,4.922933706334298
4605,0.2604213533635751,0.3181978556727729,5.0,4.916973034359975
4606,0.07907608069921657,0.09673836186189444,5.0,4.9164568949368
4607,0.2813079307667836,0.34354763977064207,5.0,4.917562923663068
4608,0.23085605607563142,0.28191959436238245,5.0,4.918293966435918
4609,0.2988287036784383,0.36398630505746876,5.0,4.930537995997151
4610,0.2198979561349772,0.2693899204106365,5.0,4.904227026920909
4611,0.1463009607143375,0.17866330724837032,5.0,4.919723363517221
4612,0.27997985243471635,0.3423646419910069,5.0,4.909030408520998
4613,0.2739170856054942,0.33700369239685535,5.0,4.90437041440094
4614,0.208735564344962,0.25458871962956975,5.0,4.922872158205891
4615,0.22338970965432958,0.27282668994713255,5.0,4.918021689914784
4616,0.20357192579108951,0.24832687185050162,5.0,4.922659457338492
4617,0.41411424672368047,0.5038772704033161,5.0,4.918019912584501
4618,0.39815390501299674,0.4868392511393862,5.0,4.9050887763594275
4619,0.14083774777749403,0.1715683169366402,5.0,4.927551354689639
4620,0.17340046168684387,0.21132463428631731,5.0,4.927890301664979
4621,0.18646992617640978,0.22774918960237422,5.0,4.914280740458485
4622,0.22879091383167394,0.27979979536556043,5.0,4.906434337999093
4623,0.16750358220375006,0.20392119372193385,5.0,4.922760556598691
4624,0.13623332417713674,0.16662653508988945,5.0,4.9091976862137
4625,0.1998114164715208,0.24287254237796452,5.0,4.9397639333130705
4626,0.14255493650281292,0.17452224134258665,5.0,4.914714227448931
4627,0.2512858644163072,0.3068404899461654,5.0,4.91872707784113
4628,0.1638028463141623,0.19962791136393565,5.0,4.918983873734009
4629,0.34488999779961627,0.41998335223583805,5.0,4.92206224714729
4630,0.12360598250018762,0.1507824039264143,5.0,4.920488362213238
4631,0.15613053439153912,0.19145956990067692,5.0,4.905103379644489
4632,0.1658086711277318,0.2016423901147213,5.0,4.9251614827272405
4633,0.1300711603082647,0.1591164055151857,5.0,4.9144585920424255
4634,0.28082587917994295,0.34371147262478075,5.0,4.900770039028268
4635,0.2309224338668867,0.2801462342580936,5.0,4.910666467104985
4636,0.22152799847003024,0.27088875189062556,5.0,4.906132902886071
4637,0.1363136213419498,0.1664142976165237,5.0,4.924803740915573
4638,0.24393609119894522,0.29817673177170034,5.0,4.909996015202518
4639,0.09876403553619384,0.12078776046056738,5.0,4.91983245458222
4640,0.36195987648889383,0.4424505311454112,5.0,4.910103494622913
4641,0.15532544382904834,0.18524142659721976,5.0,5.0
4642,0.2373392886025849,0.2892839769957263,5.0,4.919310281534504
4643,0.20936434066645937,0.2550812171475674,5.0,4.923626934046297
4644,0.2683971157499909,0.3285560043677924,5.0,4.903974395215025
4645,0.17641768525006274,0.2158701175776141,5.0,4.908542433652254
4646,0.18800745576581557,0.2301872641652214,5.0,4.9155258811295255
4647,0.18128670247560352,0.22157605195347818,5.0,4.908752967174772
4648,0.2427275418330368,0.29633988755408724,5.0,4.920874470456278
4649,0.18967778103550215,0.23144975775931664,5.0,4.917687141739391
4650,0.3038906166082487,0.37076591630134415,5.0,4.920250164801816
4651,0.23754006666807492,0.29036440471833225,5.0,4.9304779775200736
4652,0.16213799162870401,0.1975551406456748,5.0,4.9221992722118735
4653,0.18335115185738626,0.22367589092885298,5.0,4.916426136279446
4654,0.36539076193601394,0.44556757256940194,5.0,4.9171342430511
4655,0.3913990758891577,0.4780350232252668,5.0,4.908874610550935
4656,0.17147675507375504,0.20880958687879025,5.0,4.921029435951727
4657,0.14490586516932225,0.17772110803136099,5.0,4.911160735535924
4658,0.08980056288893645,0.10946825848785147,5.0,4.918681780356335
4659,0.23040326325708516,0.2821806645074225,5.0,4.900959046753526
4660,0.172778797507932,0.2107085280625831,5.0,4.919414954819619
4661,0.2312124963520803,0.2831587562978928,5.0,4.9093984277691405
4662,0.21335489048465917,0.26093295998387744,5.0,4.909067738961443
4663,0.17130878323071386,0.20861171352858943,5.0,4.9216508475035425
4664,0.1430461540583976,0.175170404497496,5.0,4.916565336689711
4665,0.10757955657335949,0.1318594784403253,5.0,4.910990275166771
4666,0.12804990742026523,0.15668658102114152,5.0,4.905606190259713
4667,0.20325227041895877,0.24855702393268975,5.0,4.913478384357202
4668,0.24937379209010202,0.30618324638329253,5.0,4.915970642671592
4669,0.20404403042143926,0.24951395859433756,5.0,4.925957546390416
4670,0.2209058794660641,0.2692887699221336,5.0,4.925732535689393
4671,0.19508456045459033,0.23860266358490478,5.0,4.912435806253752
4672,0.23421615094024828,0.2861551387593497,5.0,4.919435673950483
4673,0.18115869382447114,0.2217846059483426,5.0,4.915408764271856
4674,0.23508707859196942,0.28759252338131014,5.0,4.912285103389031
4675,0.23620101371203073,0.2886893094730403,5.0,4.911384919654722
4676,0.16583488375866473,0.203092925212633,5.0,4.903288292515793
4677,0.3919042516638487,0.47872816551403385,5.0,4.905308418384147
4678,0.09988188156794431,0.12304706317804803,5.0,4.914881938275535
4679,0.26370795087486076,0.3216396903873975,5.0,4.919673769094972
4680,0.21165721197788945,0.2592545885897184,5.0,4.9026611398190045
4681,0.1932643486872061,0.23558181923431576,5.0,4.916570664007551
4682,0.19386197408283534,0.23708735165279737,5.0,4.915277924593715
4683,0.2394195548739182,0.293213187002652,5.0,4.916910160263326
4684,0.20827649378530388,0.25475264475871584,5.0,4.919996507070019
4685,0.29394364781087123,0.35891653454614025,5.0,4.914985833886494
4686,0.3317523072848567,0.4057019863428861,5.0,4.906939765560567
4687,0.2474672006743326,0.301213869870389,5.0,4.925139245314583
4688,0.2567839158244978,0.3133715822229468,5.0,4.919245515267541
4689,0.19418556203647852,0.23766372134985558,5.0,4.916752567654834
4690,0.16708447332467835,0.20413892668293965,5.0,4.9186521534651995
4691,0.1404733729641825,0.17210448370977205,5.0,4.916282658517694
4692,0.2822974138088188,0.3454263746159174,5.0,4.913371315496509
4693,0.25419855469843156,0.31069314279898164,5.0,4.9137700003767115
4694,0.2540816464105675,0.30966089353715076,5.0,4.9214831195344555
4695,0.30768724102407785,0.37526328790292096,5.0,4.91772174525968
4696,0.17901477244843167,0.21564240905527177,5.0,5.0
4697,0.2189249955713306,0.26708011649209484,5.0,4.914836733587995
4698,0.2844320239593998,0.34816524922408165,5.0,4.911261709567718
4699,0.4158142493243906,0.5078850856270609,5.0,4.9137658211813395
4700,0.22575871478663267,0.27612916088853234,5.0,4.912477683145813
4701,0.26808602927365,0.3262870604351895,5.0,4.9256601177516135
4702,0.2669318170133257,0.32537074821508005,5.0,4.9196257049039005
4703,0.23242655233142862,0.2832507370305024,5.0,4.9219606893739964
4704,0.35691869428773493,0.4379038827220034,5.0,4.90407791198793
4705,0.20493057864882847,0.25048939067298237,5.0,4.918991210556731
4706,0.2751692549621916,0.3353866683302882,5.0,4.923119263276012
4707,0.22098553340405447,0.2687646974111326,5.0,4.92947372405145
4708,0.18125438882967249,0.22125257224477535,5.0,4.908091206088043
4709,0.2405224195476403,0.2945753136951077,5.0,4.905519414433268
4710,0.11671306505777723,0.14234185414089606,5.0,4.918521508035045
4711,0.27932464252515565,0.3408660469576077,5.0,4.922662694449693
4712,0.14874035499959293,0.1821339610202546,5.0,4.917706001750215
4713,0.20861902924574394,0.25469589435965245,5.0,4.92188028931456
4714,0.09373167402518168,0.11372583839260275,5.0,4.924252761345942
4715,0.12539385351148025,0.15349545003044152,5.0,4.9146000551648505
4716,0.2776425570126895,0.3388976045162726,5.0,4.922592454748749
4717,0.506511905213576,0.6175862919685526,5.0,4.912779553772024
4718,0.21797637838578754,0.26672326968311144,5.0,4.912604872170041
4719,0.3135416861535787,0.38248145806891665,5.0,4.915759827380324
4720,0.40946273483939466,0.4980891701335497,5.0,4.925189414652129
4721,0.24665526543010552,0.3017856793372973,5.0,4.906919441247934
4722,0.14342745179012795,0.17507137979596887,5.0,4.918007507257078
4723,0.18970209200851662,0.23149170933699081,5.0,4.915978963686003
4724,0.24905951851106511,0.3044588270082813,5.0,4.916385480472716
4725,0.29442174146324396,0.3595268635924893,5.0,4.915113642018847
4726,0.3118901874527624,0.3816045278353024,5.0,4.906492548932162
4727,0.28285558240804876,0.3450005393182265,5.0,4.921674821609177
4728,0.19223986967101792,0.23454541789028283,5.0,4.915840836111043
4729,0.18407244989386862,0.22596855181277897,5.0,4.897956206769027
4730,0.09929410064459532,0.12168320021551149,5.0,4.919892638606758
4731,0.15300341924736216,0.18733773372883467,5.0,4.91115021328195
4732,0.15031059070814323,0.18375183476513168,5.0,4.9113482926977525
4733,0.21244838709210012,0.2601211815336648,5.0,4.911464289348171
4734,0.1380083455197565,0.16791538757537294,5.0,4.927094358319506
4735,0.18870263472804627,0.23021887980902234,5.0,4.922197146611422
4736,0.4378400483013314,0.5342006015327303,5.0,4.911963390568896
4737,0.2282753003488327,0.278836963147723,5.0,4.906035792436327
4738,0.33247635396917374,0.40530135465479034,5.0,4.919897469830641
4739,0.15746877888190536,0.19488093482715962,5.0,4.892632150224756
4740,0.316895976218438,0.3869569281402947,5.0,4.9171798789862375
4741,0.2798227809999245,0.340868385296899,5.0,4.911708890605722
4742,0.17385367831975507,0.21291869160595134,5.0,4.913052993014073
4743,0.32863551724888196,0.4016031950866461,5.0,4.91356346909722
4744,0.24334539534820543,0.2966192459527093,5.0,4.917972487350717
4745,0.28388622580070955,0.3463828146026795,5.0,4.920526382275767
4746,0.11590690298977369,0.14192896511198794,5.0,4.919848293925
4747,0.2838690731035576,0.34695065138746495,5.0,4.911274739333367
4748,0.24552427695996082,0.30039989361261266,5.0,4.908661414860935
4749,0.13076619557311941,0.15970722914535784,5.0,4.92122134719426
4750,0.3079586092587365,0.3769600811966045,5.0,4.9032192111420425
4751,0.24335993198898476,0.29758908300254405,5.0,4.918881448290309
4752,0.2097018520291396,0.2573659346906192,5.0,4.913569920935892
4753,0.347987741848488,0.42452516216466507,5.0,4.921970628485237
4754,0.20064730540668707,0.24516786046650707,5.0,4.917239135171112
4755,0.12561763319402153,0.15325105289269847,5.0,4.9216020758387025
4756,0.1656669422910324,0.20259404249282587,5.0,4.910318151520787
4757,0.33845023868028123,0.4137994483020282,5.0,4.909430829486077
4758,0.2839870526491657,0.34685053424752144,5.0,4.909655327426288
4759,0.246758013790505,0.300183339902494,5.0,4.919016347281691
4760,0.3022847815798002,0.3690515767614424,5.0,4.91979076991
4761,0.22382215185468524,0.2737354067511064,5.0,4.912218078125852
4762,0.24318343811705456,0.29768985265314063,5.0,4.909844969069104
4763,0.19863586304579584,0.24323157428543962,5.0,4.91369644625447
4764,0.15987295142486446,0.1950829735160302,5.0,4.913480002509392
4765,0.2912487404188979,0.3554176374191458,5.0,4.919292744221355
4766,0.09559289044628283,0.11675427749407241,5.0,4.917024015665836
4767,0.2455750253704314,0.30002230414811737,5.0,4.915720585784724
4768,0.2817677027547796,0.34383958615588694,5.0,4.9196054959832125
4769,0.21488733543009753,0.2626601746186219,5.0,4.9133647866965635
4770,0.19254943320350448,0.2351643810950057,5.0,4.9160612651496916
4771,0.17385090895043387,0.2118957103319783,5.0,4.9274803262273625
4772,0.24578992934166877,0.2992675583878843,5.0,4.920761869115635
4773,0.3390658937683222,0.41544967934084287,5.0,4.914456848346802
4774,0.1866835842535599,0.22790608169722404,5.0,4.9233203213992205
4775,0.3864462845727812,0.47282249714231495,5.0,4.910653344558513
4776,0.15985530904027945,0.1952371305747802,5.0,4.924271026706419
4777,0.19732671751439268,0.2398813379525293,5.0,4.927193627915489
4778,0.19831724726205868,0.24218464501364356,5.0,4.924077208192763
4779,0.1257072035989697,0.15367277915831412,5.0,4.920763416703204
4780,0.1465286656931597,0.17900212944163485,5.0,4.895188004240811
4781,0.14802212516031954,0.18022121257464252,5.0,4.917105910027271
4782,0.16004659377903474,0.1957638864837934,5.0,4.921209365092132
4783,0.1718507946676513,0.2085483210656105,5.0,4.935232866780552
4784,0.22139105182178853,0.2708722919562858,5.0,4.906216064400244
4785,0.22691924003247754,0.2771553605973529,5.0,4.912070451832813
4786,0.3031686959586193,0.37023728197047023,5.0,4.915918845694511
4787,0.1059669373917993,0.13009153917107352,5.0,4.911154390542851
4788,0.3047602308726727,0.369539435414705,5.0,4.918636693713827
4789,0.19253861251278148,0.2346256364697732,5.0,4.922229039232864
4790,0.2473721249169445,0.3028368022490573,5.0,4.909175843157829
4791,0.3196979684111305,0.3874793771735663,5.0,4.932373568307682
4792,0.1772960359235951,0.21624397344752033,5.0,4.923111492582812
4793,0.17177613429853422,0.2080808851842748,5.0,4.933848036029991
4794,0.2551433043895672,0.31207532460819065,5.0,4.909473298179483
4795,0.13669887737103137,0.16705303922483528,5.0,4.906492484679754
4796,0.2721537980657114,0.3326784314096207,5.0,4.917574238833327
4797,0.09008865006495026,0.11001013272761262,5.0,4.9153190732096785
4798,0.20483520676837474,0.2505797439565842,5.0,4.9165035312063665
4799,0.20488909212907047,0.25084189489005637,5.0,4.910303510450804
4800,0.13391323017587098,0.16026670596225,5.0,4.966964852429312
4801,0.21162329107289346,0.25596039254335334,5.0,4.932877600499497
