# vtk DataFile Version 2.0
polydata
ASCII
DATASET POLYDATA
POINTS 2022 double
3.25443680530288 6.37868338818406 4.48095531057936 
2.74167644526523 5.76138893547252 5.15333119970004 
3.34778116429649 5.05794697620007 4.15344944320151 
3.85128941607298 5.3583487135813 4.31092171584091 
3.86469512295834 5.5835646076973 4.23086149655081 
3.09940393579907 5.05703835444142 4.85469350755696 
3.4301268537591 6.43979476605696 6.62671329450169 
3.60821928450835 6.39109992447456 6.44203698030392 
2.56833918548914 5.66130007144145 6.84087930338517 
2.65167796859805 6.26938723772179 6.71200760645006 
3.07080088150822 6.53395289016208 6.23097394863164 
5.81471961869804 0.721443299074196 2.36233526114949 
5.79918043978896 0.580975697426133 2.79223379731662 
6.07362720183281 0.449262662724486 3.1924431671098 
6.95706717498949 0.980538223762638 2.19134882132783 
6.03467238067049 0.311423826992942 2.9870230326356 
1.40066098372818 2.9289123633154 6.60750644464402 
1.05001495648888 3.24033339210005 6.47886299269119 
1.16246530415973 2.45504459114576 0.133524351175534 
1.48325744479938 2.6560782263051 6.33233462363395 
0.793116125844659 1.8328817016442 6.50202478883579 
1.04626007102882 1.8275325248037 6.78234563750178 
3.36285234775545 5.47616422933855 1.16581024062618 
3.31909292698762 5.5897738781983 1.16578575559297 
2.75756876700243 5.52865937647495 1.20863081830806 
2.33686773931233 5.79643931428751 0.686761363609632 
5.03893121293566 3.8279939034048 0.0236658611840412 
6.19459603071704 3.28151025948986 0.377413885082393 
5.7064813856932 3.21839109471263 0.551297498152792 
5.93933197803447 3.45528519802447 0.808117896749656 
5.4785913782778 3.60119521086881 0.769309497858957 
5.66036136710384 3.90032445236181 0.819003695939035 
6.42890166052376 3.72654476130094 6.78126761993629 
5.71153245262585 3.35022266611215 0.766061409735297 
6.25449106740091 3.37088538240829 0.482321610004786 
5.9089872272931 3.82309947298355 0.846809674435522 
5.17625627267363 3.52821892939769 0.354583015030193 
6.28707361224856 3.4249078772726 6.80532737847851 
5.15709313741562 3.63626087329593 6.69282553546116 
5.20955447530081 4.06651393727033 6.76208324804529 
5.09175046731467 3.99116867570098 0.0245402087943493 
2.59659598519364 0.710068433438713 0.472259615258782 
3.04466014304729 1.07675175044967 1.05999758484715 
3.29776671216674 1.22119277761655 0.410884112817368 
2.04386927688712 1.67153570989287 0.66090349739991 
3.35654361582005 1.53930651091653 0.660689132273653 
3.12726280647023 0.940113375050125 0.586686717761792 
3.17594524760819 1.46526216477011 1.04180223223541 
2.75027616194208 1.80631775515963 1.14898712136354 
2.37281767237186 0.831671189169936 0.206506560071743 
2.37874209797045 2.1001066837378 0.69440596051105 
2.66296087759091 2.08161098518279 0.921971065333045 
2.47481127969134 2.14177623100777 0.560072356374414 
2.50151058966741 1.88197236312994 0.0709331526642657 
4.76211680438311 3.45967226788313 1.59149913543324 
4.70694028577154 2.1092300224472 1.60679579145599 
4.46706307861779 1.93268338234986 1.72253985491576 
3.52736951615835 2.6197390970668 1.49731918107006 
3.6180420014325 2.93002270729306 2.02405720477416 
3.90403078899744 3.31752769019476 1.864310520159 
3.74911907824693 2.09869640706329 1.68294718240514 
6.40476507448803 2.04032151827535 5.10563676479823 
5.8919882621393 1.55599194151588 5.05004776004689 
6.54588684282468 0.617521971916363 5.27551092774226 
4.3252814108908 6.20245130291388 5.3574582863747 
4.26910224935763 5.96410991656221 5.69878603408488 
3.79068289901864 5.06227057735276 5.28438126169819 
2.23493797924583 2.68316920687138 5.06304447390834 
1.59544929658018 2.8111534044294 5.59817389206371 
2.28567309852745 2.82956417873686 4.76246729875685 
1.89739571390462 3.02733448187438 5.53416166023374 
1.28306720488933 3.20867149427656 5.56763167050532 
1.76795389807247 3.33069576039567 5.49504737568639 
1.26533806809103 3.0196770510035 5.57917974490941 
1.79360687801452 3.52724580644675 5.14959789137847 
2.05086111396943 3.3389861883476 4.71686416028666 
3.71153628754855 2.23101453646869 0.0942214813770237 
4.38633658874305 3.09047611519515 0.552982224382299 
4.12242751479808 2.13687107575189 6.90221605037704 
3.68548538323398 2.7214926737424 0.182565142772912 
3.99537448363289 2.92053097657138 0.0892140964200403 
4.29426171414726 2.63842088329899 6.84657070070596 
4.01900581137389 6.73521209436098 3.6463578007703 
5.19617490364298 6.61715932126353 3.49166089150304 
4.99581247356646 6.8871957369115 4.48767306786702 
4.61737304618907 1.58040960153933 0.455574704794297 
4.56908637388603 1.07956562454371 1.63969863162787 
4.36596459762262 1.27108324196665 0.611211996774698 
4.30348888170787 1.10654408494766 1.39174109212477 
6.29784497250406 5.37449741174424 6.57757292465905 
6.35637744915698 5.40173908573273 6.03383648420493 
6.64635487718311 5.93069303728783 5.83874946365405 
6.57901380243472 5.10992832404245 5.85938012279748 
6.46505251922633 5.05467418977843 6.74816861168897 
0.438630768119418 0.860643536826388 2.78286922006511 
0.365980141250649 1.1660010768047 1.88758001632918 
0.221309295910662 0.982121796634238 2.12669940538679 
0.906365427868115 1.81857169121517 2.76674660363565 
0.80277717254954 1.20495007305344 3.07772168576499 
6.24825118071294 0.495442515210408 1.28218460811396 
5.56152598410995 0.676878048650057 2.31737601117351 
5.03332756732226 4.72156548729173 0.810276981151053 
4.89976019042489 5.79656646461819 1.04389743988968 
4.64917312141874 5.47047272307132 1.00410253719701 
4.51973303730609 5.3990280349354 1.54506037275773 
5.37523200354703 4.5538696521081 1.17025391206753 
5.8943931648211 5.43193800621954 1.07817375861488 
5.47028383955297 5.53318539509111 0.673071176996703 
5.68102803972995 5.61838171530567 1.54466639065616 
5.94277189918174 5.15276160472123 1.03663108317394 
5.39043545048755 4.62466705436248 0.847428978272349 
4.91581002751199 5.17160642713393 2.05127569383753 
4.65283118893145 5.09033924016256 1.72870618747643 
5.68905241213148 4.7931816254761 1.46436759806206 
4.9867454531106 4.639142144313 1.19425757878601 
4.95743113290084 5.06159795147518 0.65862792853795 
5.41532081063139 5.26146635381947 0.535840045637577 
5.68379227590814 4.97708305448027 0.690775880640437 
0.170308755603243 0.703434541285277 0.868990001842278 
6.6097092206162 1.2678342569751 0.928345717353403 
6.40543383831413 0.795074737435286 0.832955223763986 
0.798517684646789 1.54516940074626 6.09649277285604 
1.55129791766547 2.59101865054172 5.95753285482472 
1.37856368708974 1.45393693715515 6.77163723631899 
0.869118048911974 1.85818618838425 5.81851126258583 
0.478837295825571 0.756218687581747 3.64087026483797 
1.26356263214796 0.0436772135530249 3.51374839223312 
0.917527412552248 0.297680026634427 3.86943387426172 
0.773024052364454 0.270137950155434 3.85416433570611 
3.10966982921222 1.80877863373092 4.95032036877926 
2.99477762860724 2.58307776554478 5.35580448363469 
2.353283797903 1.57413504779443 4.98760680484447 
2.93310152027671 2.69230792957792 5.31886909299333 
2.8135674108736 2.64625039616394 5.37736541686503 
3.27938061824927 2.28310517614665 5.02258645807445 
2.17947370665473 1.8197892647199 5.14072437592428 
3.05576223230627 4.45075354328978 4.92996379258817 
2.69589371469492 4.54331544564909 3.66318776962635 
2.19669991055782 4.37431208620415 4.25472759376714 
3.37535484643312 4.77003719265018 3.97946985570535 
3.27416801223744 4.45249963595008 4.16593630151796 
3.02228162270637 4.66994187819454 5.06679125315649 
2.40201117975683 4.3980455699474 5.00192353577394 
2.5851246637843 4.68536199807698 5.16410138823433 
1.04198029486604 1.82530296802718 4.88102693856616 
1.4129180998657 1.22898107495705 5.22418898073184 
1.78649267010195 1.01553970311695 5.07310625532912 
1.74402413152722 3.06987058133476 0.361970903009963 
1.48524923985858 3.42833011551802 0.680416962712963 
1.75770882954509 3.55051476604549 1.01786400009351 
2.02382890492984 2.40699894398952 0.782063662144867 
2.01682049732453 2.63764602256906 0.487260880032729 
1.75411156411223 2.49207326886802 1.6410630617791 
2.39630444729829 6.53335177547476 0.492503542245055 
2.16691784278258 5.93712812811374 0.760312743838957 
1.94057194112252 5.66898999806361 0.607828438194049 
1.49914621616469 5.69204249892078 6.75482723455666 
1.68689268924304 6.59241093978145 0.358518443231654 
2.14224425594245 6.44316235682722 0.653388476035773 
3.54188558754824 2.56755141304433 5.86248660082776 
4.31017895488864 2.77264260004414 6.52101188256754 
3.58826023403141 3.12682750140611 6.25660635016676 
4.06593990264254 1.85485037594026 6.59254061248571 
3.52256523219748 2.63605729606285 5.65408495280282 
2.72326355700567 2.46152476539911 6.47326014145729 
2.76642348129651 2.91153611979561 6.63755613198103 
2.45622141266489 3.51186832112528 5.90126585370873 
2.31849125221313 3.0654832369835 5.85145262412449 
3.66809747823943 6.67508062452467 3.61784253756691 
4.36696919006469 0.216655857413183 5.51074794329437 
3.78330647268455 0.205355956352826 5.5920794008127 
4.77120963251104 6.9004721923006 5.96736317378446 
3.98113746558581 6.62378966927463 6.51904966891957 
2.97484271967086 5.77695788774401 2.23936544934975 
3.98106053390442 5.50485322861334 2.90819493798615 
3.568363188058 5.61496773472355 2.1525168577362 
3.78080225366834 5.91730057415694 2.42394618134265 
4.57123038171525 0.370774757013708 5.34968202547839 
4.4203565428818 0.425922886553776 4.97948263960046 
4.63377435491825 1.66391051570385 0.065060258029937 
4.91423815011535 1.61702716688168 6.8636847737681 
4.79014789773839 2.94208746166215 6.36001022307962 
4.6535269113659 1.45495483567154 6.62890698196869 
1.75441799214411 3.88991325384954 2.11016284699675 
2.03152050221027 3.54719829244023 2.19480528492572 
2.85188523246187 3.90262134014842 1.60269282087059 
2.68283139335932 3.44713848083383 1.19393884758324 
2.67412945656581 4.28745136208879 1.48913826853063 
1.85189812076605 0.0226734648581979 4.92886509629797 
1.68106862511523 6.33000099013109 3.72558888782162 
1.28413041245208 6.95958689304827 4.68234168355449 
3.58043914379646 1.51302245424412 1.43260407679886 
3.47854507269056 1.83473174899858 1.68286767537843 
2.89867724370317 4.67258704845133 6.08739675143295 
2.05758101669609 4.18858861190197 5.74039295650535 
2.67062434576678 4.64478690098076 6.12947857057706 
3.11009174479498 4.37028663418547 6.22868532665138 
3.33177426771387 4.48610966453256 5.29974136117452 
3.35220848586248 4.1785451689286 5.85624340552441 
3.20400285698412 4.67025853540122 5.30088436563733 
2.07343223326584 4.09952654419795 5.35057388775318 
2.08824446298616 3.85463181766011 5.89656688688709 
2.12877729179183 3.72437052827381 5.74236467176777 
3.0223276298099 3.83044597957507 5.1751428346598 
3.22753349335658 4.308152355181 5.04745073937637 
2.42927257418661 4.65156659286281 5.86605935846738 
2.12366703336425 3.92667548173173 5.33981628535681 
2.71560297788419 5.91273156337569 1.74697788836189 
3.74534323351707 5.37207527962553 1.64281962390826 
2.5874871706341 4.72927422686796 1.75810972668088 
3.71704313210562 5.10251065449291 1.90351270774315 
2.41843824126961 4.982357495264 1.64388359523545 
2.86072963399947 4.69600122380805 1.56052228831175 
3.35963731862043 4.72968340548448 1.94364097861652 
2.6145792192944 5.21743858455656 2.50908638077127 
2.15850653891363 6.15845877787022 3.20175217195523 
2.9625707185793 0.24664110380891 3.32791163259217 
2.17894360116112 6.49981140145291 2.787924190526 
1.79236015164578 5.59933561394284 2.57481985150453 
2.11058157821257 5.32677629190475 2.89558250215018 
1.93575522159841 6.38611139019244 2.50749335833948 
2.63503913856471 6.05888579699398 1.7327705458463 
0.698631853828131 6.03622366427716 5.81384506812828 
1.20660422925348 5.3766794003251 6.29742401148077 
0.374519560815973 6.37980505952578 6.79234526966838 
1.25726590342479 5.34030398336135 6.60001090000347 
0.793529047970854 6.53484093182521 6.77970101834289 
0.832750275283097 6.6351466651541 6.45239859275323 
0.306654426568027 5.81849673426952 6.94291103922899 
0.366511001400211 6.51703191540349 6.19438023771263 
2.25359637729735 0.679439219959744 2.33267269288666 
2.71024786943799 0.509684100762037 2.15481426614022 
2.47857715975476 1.16118625432911 2.19135753682124 
2.84576404195047 0.832650972785927 2.07892214638933 
2.7696315022806 1.20469426492023 3.42622782783318 
5.29276108757493 0.687606423092774 5.5767836576157 
6.54697310079966 0.177926065650197 5.46547929337406 
3.86342900071529 4.76080692081686 0.702023216219832 
3.50366012106546 4.60961566854164 6.65712074999787 
0.714072276578616 4.28431693871429 6.74517895287939 
0.689448658069308 3.6832927401492 5.68784837804443 
1.18659236051204 3.54777386039958 6.56174451477183 
6.90923537508748 3.97408788144136 5.98302526599345 
6.8907727790184 3.75346839183952 6.60925174499741 
0.107706029870983 3.88966012816968 6.86381008057948 
0.380196712230283 4.37654738128332 6.69110769146456 
0.0970664130941381 3.52213031331479 5.90889396855658 
0.790855763029906 3.7863046403448 6.95025415643622 
6.49333544996892 2.39033119568717 4.56500897116109 
0.130969508991386 3.25398412042108 5.03058443006433 
5.84839382949698 3.39364470037259 4.27694589186437 
6.37911274160832 2.63139197618709 4.92150453396598 
2.98152416192987 0.761744075402002 1.5217041297297 
2.47505155552266 6.80417669513658 0.910307956053403 
2.92287996473872 6.91466512861795 1.63186823454178 
2.7137582139812 0.287537341662574 0.344973479555487 
2.59683708129621 6.78803191862067 0.697233611928908 
2.90001764297567 6.6703670867588 1.41712368969656 
2.74080724256522 0.196113023153004 1.62387939362519 
5.635266092495 1.17734019682511 3.95750228162574 
6.1382260945145 0.142990523781701 4.06578836351991 
5.86426226229227 0.184207890828346 3.69578607947745 
6.37671227949653 0.665899723608041 4.36975583145648 
1.94251242796004 0.615501218002457 2.110231323909 
1.26689956024328 5.25585610087618 4.91071082210752 
1.28096347643181 5.62459477963458 4.89001606011407 
1.36578141763347 5.12107207185243 4.72906323148004 
0.743884705206553 5.9009469561605 4.70048698084723 
0.692027996902915 5.50219917547149 3.5609646390245 
0.912125298661517 6.07313354600003 4.34651428991881 
0.94426057973146 5.70337467781052 4.94904055547874 
5.76623755570029 5.12598907870612 5.66331322766512 
5.18343576533489 4.99198987595615 5.5974699988878 
6.14005965588048 5.2084432296756 4.7175818655712 
5.52535236125398 5.44097059088495 5.51746455203383 
5.54098509975044 5.60549099369344 5.25505199014255 
5.61998548457467 4.92102309296619 5.72900458158863 
6.22005311903037 4.84038015787625 5.45147520712134 
5.76171541015035 4.63390874272734 5.61548484601232 
5.15320060931361 5.2765884238185 5.51290437945637 
6.38594796801183 4.87603405169908 5.09421022414647 
5.08855895399886 4.75963538332004 5.39322528969493 
5.43070063926393 4.43466976249198 5.33989097978817 
6.1959258197493 4.71029825969905 5.4593372630709 
3.98583300866934 5.25935488244433 1.54979200869622 
4.41061102113904 6.12764307202649 0.678955621398611 
4.831673223049 6.07544563731952 0.923737473897868 
4.28303009535941 6.29271188916511 0.78720201663048 
4.71505712479801 0.325820510438254 0.122311766235075 
5.04146185113181 0.329593624521201 0.0515593746991013 
5.34677022595152 0.455529559064852 0.448144785480717 
4.32114290047223 6.7702050354498 0.188172419258728 
4.1816455409363 6.7789359951388 0.464153770630023 
6.75502516039617 6.53126321643137 4.89306518336137 
6.72233548595808 6.84266542318403 4.13072413579396 
6.88067992992679 6.28653399659793 4.97711901655621 
0.341333790171965 6.51781406018445 3.71939207052757 
0.49429224884297 6.8153554709926 4.1557392908419 
0.818139655300699 6.49782301389387 4.46840960859834 
0.597467348255975 2.89945850718787 2.05662535612659 
6.42983206201318 2.82991013238707 2.76668291408882 
6.62388589769212 2.25326924753747 1.69155555849293 
0.000844343746141613 2.55174637733605 1.50852276166843 
0.532952987600142 2.90202492407099 1.83180195675461 
5.45261628075621 1.59419865051259 4.84207424145541 
1.71648872212129 3.31820976017342 6.81481151961851 
2.63041813786718 2.97477543663433 0.187811521873332 
2.34486557411025 2.46631981052931 0.321270956873599 
2.39250524958173 2.15714901318717 6.87802515723964 
6.08726735613076 6.49557688959052 5.59951767542036 
5.21560320067511 0.20855910284022 6.37723216000498 
5.92142464114326 6.65947324160192 6.39369810185094 
5.57189127091226 6.25953241928722 5.66338632953589 
6.23487295196081 6.70748301197322 5.99939698702448 
5.77578866561459 6.96818629730596 6.53292324790574 
6.13625595542771 6.77884535336496 5.3562162810532 
3.60795817334681 0.805536913105741 5.92902385731747 
4.0023200983529 4.05117924518364 2.23503106029104 
5.47433156072599 4.07921880462169 2.20898437077761 
4.34239404172779 4.36022910946358 2.02340706224972 
1.20966552803592 4.5648309143286 5.72695353079062 
1.1697870290137 4.82101677728308 5.70647461452521 
1.42470362476527 5.12065701244598 5.08061433590553 
1.49230381199683 4.29386206416433 5.1377501878986 
0.432965419053511 3.51812560660085 2.67851357820486 
3.16820659913329 3.87804271096632 2.79897083477605 
3.83956662949965 3.78217650748182 3.66063018351802 
3.41201139227755 4.16629029132103 2.69487544380258 
3.12362985199843 4.57423923368566 2.80360695889728 
3.59411834825272 3.62628829272102 3.18153124972733 
3.59797449443845 4.20934730552678 4.14718110810212 
3.6070228437596 4.72584634226488 3.17581118567628 
5.46925961157596 4.19000953324801 1.26976745143701 
6.48634360976923 4.87274134164626 0.40392256991284 
6.62604915877635 5.01279404890164 1.07684112535398 
6.32771994085624 5.4779998529783 2.26744082546371 
0.358516459919045 5.13951819407432 1.73421026324109 
0.493898892768481 5.66800913744731 2.78137276081193 
0.676456985841504 5.64068846725036 2.41195119273009 
6.79604461682021 5.13477597866233 1.61617600240205 
0.214434881368982 5.09680881451224 2.87326144882929 
0.0727795399277457 6.01722004059033 2.6681420447332 
0.419757563381947 5.73460635506576 1.76715062112362 
0.302166394928558 5.38615197381681 2.96998162234023 
6.54409708385807 2.71141140021153 0.261120643125923 
6.63620804644565 2.81112473378898 6.73703435426143 
6.78599953282634 3.91293333767424 0.332354286002255 
0.332369768980093 2.63323554497587 0.416658850167136 
6.88370336060068 2.69534382278214 0.564915477308137 
0.213700386586283 3.48928549126732 0.686056817776752 
6.77270972331003 3.08642305843696 0.770036527674781 
2.13867930560014 6.52930553979377 0.850186594514539 
1.02583281723544 5.63298188595643 0.56589041330397 
0.76533484970437 6.1046466045482 1.05453701751276 
1.57957482489014 6.68033003942673 0.447170669965332 
1.30275896102536 6.50526792945917 0.394053543318276 
1.78464803417372 6.71881217759 0.923105023868134 
0.221483306542925 6.13764133989299 1.01471144055834 
6.66740434669009 5.05549035593661 1.09636786427697 
0.333054204314288 4.88353398043891 0.87941862949592 
0.0789360105674933 5.77843488309337 0.629805149334136 
6.59762553406982 5.27294318796799 1.03458838139982 
0.932342444083655 2.32680863599338 3.65546612056292 
0.551407012711271 1.74571967109021 3.03932537210998 
6.22465897299934 6.19742284392574 5.49479115666937 
6.37204551633218 6.51245611863884 5.03614676961041 
3.6444308878054 0.971033510088496 0.278636414199509 
3.74677725415716 1.01924814268884 6.84291830079136 
4.33833646432831 2.53429831715984 3.33588188909002 
4.32469409593956 1.99121959455338 4.42525487951235 
4.82482878997762 2.01263033666492 4.18210498196594 
4.87620723789898 1.52004992961934 4.02948320250917 
4.00059534094123 2.33943613044256 4.18386051824195 
0.883765237542314 6.56768827396528 2.11466218784045 
0.470317877433194 6.8130279509307 2.20032834870848 
0.115456121536867 6.58510544776107 2.29424837128157 
6.92647671139059 6.66599535158226 2.81457213479239 
6.92795151262933 6.49073619440217 2.9346793099246 
5.76222919450991 2.3829576386677 2.98971295972157 
1.44144751089212 5.43609646402493 2.5367421391776 
0.602072213322223 4.38675268010357 2.10655029961239 
0.650762327961917 5.42072580883432 3.22912628393006 
0.483075503095693 4.40108079712853 2.17201106987529 
1.39499120713596 5.40464043765404 2.37545401297254 
1.92092376751695 5.02749665906133 3.02993655422053 
2.30578062449057 4.86554997011521 5.98909866503603 
4.62748047505903 4.47310240073428 0.418098601670821 
6.07395327533722 1.54070574799739 6.49324960537505 
6.73340363008178 1.87086685948814 6.48100315656019 
6.00787562239747 1.18079899172608 6.59982706108776 
0.29452717204696 0.910942713864544 6.75536207985177 
6.5673844712925 1.77649326727337 6.69567444364447 
6.09045730204247 1.60261440358538 6.18537419991797 
0.301297803397818 1.56257549469846 6.59033127785666 
4.48194748507603 6.94581399523821 1.44966752581494 
4.66411328022945 0.147996449516406 1.75303357459435 
5.92483402289332 6.37134391407526 1.98119162779317 
6.15915307883176 6.56488440225089 1.0030125519517 
0.133616594339709 0.0860335928429988 1.7484143347049 
5.98931067781313 6.13027428554027 1.61684572232068 
6.84270196889162 6.60373820057425 1.27641061444843 
0.146691255092957 0.0889779741641276 1.55915260213153 
6.50469313283073 6.86465483550955 2.24292601657825 
5.47791463711732 2.60558355313459 0.819339829579159 
2.97549561190122 3.50496507936145 2.27664095920453 
2.42679104931516 2.33153047895689 2.076674520381 
1.80233784880125 2.33888580343645 1.78367161105425 
2.33325496186751 2.28874530973457 1.79134116075679 
5.11973797978828 4.79102879790435 6.56504853906814 
4.93979362996316 4.37069106659436 6.65296683411899 
4.59235698591953 4.53125155606158 5.99127120083736 
0.903865171721954 6.12385417116923 5.41186314962329 
3.6802117094616 2.24911093754009 5.2027905716828 
3.50387632187787 1.22042045785317 5.75677067437375 
3.71338647439005 2.5036099124208 5.57306725197217 
0.993669656515958 4.23369641874303 0.605557848207501 
0.847313912270346 4.68260354922213 0.125568138685352 
1.80616087542413 3.77951536306009 6.66660968047439 
1.6025017224235 3.53789765839745 6.80333912790842 
1.97357955231099 4.57559803834583 0.22743478616015 
0.689194676563904 4.12197104832247 1.62379425242617 
0.393234519307221 3.6315085913308 0.933485695873918 
5.85842201411241 1.97306322670019 0.722585433983358 
5.73180229742331 2.04785013028072 0.919458840961473 
3.72438806763013 6.80225233966011 0.398428784670575 
6.11955527688527 2.93684190088848 5.88688403440637 
6.10756251734509 2.84120208928843 6.03535581934399 
4.77836131091189 3.42725566839828 5.88204087278832 
6.07100956414519 3.39252440497195 5.84766021156365 
4.73074882391016 3.3308445266535 6.30928820694083 
5.75418188892533 2.74901810605392 5.68372745424596 
5.37659500395952 3.07667770616457 5.47228864686724 
1.43567007163949 5.03336421726265 5.99977363275692 
1.62439925850062 5.89653810935691 5.33210880822914 
1.84371378155391 5.48678429910844 5.56062210911383 
1.82788416524772 5.44804669848727 5.73913303304882 
1.30900165094877 6.19292160807307 5.58486626878579 
6.20672541416874 6.44812631665993 0.643184635253666 
3.71092033181051 6.42014616253528 2.44223982805715 
3.56616418990723 6.81169742694048 2.16027077594259 
3.90908547567474 6.0420038356638 2.33099388189946 
4.30239789046964 6.65961507299702 2.64329506312218 
4.38014334952036 6.08023858032772 2.49083778381814 
3.90795620939844 6.72580447908677 2.60538931102806 
2.36210472322347 6.05570375135743 5.32298254386737 
1.90665400718686 6.13758233129395 5.19373292462543 
6.9765445297382 5.85996307055262 0.47501027222599 
5.38173781836343 4.65835035280974 3.21605955895974 
4.91397314350619 3.65044573306896 4.16531024755588 
5.12205302439027 4.80020684368662 3.49394479298915 
1.85687565375883 0.703361622256095 5.39101408402187 
1.40008132119021 6.89539843455642 5.37907737940828 
5.39435847291642 5.16969302111472 3.27752159148847 
5.1399314549591 5.05431670014866 3.49157354659876 
5.42992925045637 5.68532160808831 2.85498366843625 
4.35839266650508 5.37426810352751 2.99605585401846 
4.85877184026622 5.73568752599508 2.6313104252464 
5.26960630281299 5.20367211484714 3.74301844382659 
2.78762967414547 2.00404463991993 1.38787656582626 
2.51747056889037 1.9534570065499 1.73077840112053 
3.03298697643887 1.86816333040865 2.32340060406893 
2.66344463059938 1.94811025980329 2.14408894426218 
3.03750976866329 3.36376623983231 3.92375032310968 
3.59960731492904 2.18521775994828 3.56906456586132 
5.51944140582151 1.8516667959397 5.78565376458405 
1.94523388713793 4.81845937588003 1.58442615517398 
4.22300213110157 1.03685415230258 0.404788926414001 
4.98279642988617 0.490495291823576 6.73350087408548 
5.79411153833351 2.51841172430383 5.27364855971522 
6.33554349510867 2.51187026442803 5.11682922331907 
4.70310284969256 0.823133346726402 4.53098891295466 
3.40394671418667 2.15091246280172 2.56140281123892 
3.55760531626727 0.571716440935325 2.86201237440116 
3.84165296266116 1.74507035295757 3.14677211882333 
3.96223444237795 0.923988371212125 2.97186367538301 
5.13771959346241 2.12939725995574 4.42030775785713 
5.21537331884254 2.63064731633421 4.71793543632396 
5.08304547008393 2.22543242749518 4.78383093578215 
5.2631704984417 1.91141869425687 5.05106198876543 
6.30383117448837 5.4631939396858 4.62142225393706 
6.33435763866876 5.66085212586454 3.72757100747998 
4.50556105471826 0.842288530149466 4.89166690254821 
4.7189166919856 0.779272074695495 5.41408991988689 
4.68633817409344 0.972731924452644 5.13648378769108 
3.44430436057998 2.74316523606818 2.50993175326732 
3.64855009900455 4.09139629575018 2.11898444721412 
3.52839001891391 3.86126341357417 1.97479061306259 
6.26440448968086 5.54133513727185 3.57270054401962 
5.81956415944267 6.21638881755871 2.4938434763794 
5.88240862226303 5.84712837636602 2.58732798954967 
0.225958068168077 0.873601276351249 3.92978513149677 
0.713757017678278 0.195601831979995 4.09278888138472 
4.84240980533448 0.189597046619249 2.70548758353708 
3.86129375961587 6.93618783971218 3.08885986468862 
1.47173615418506 1.91279442625082 0.734509738417855 
4.16901265218517 4.97234041126255 2.98119343695435 
5.97403707127045 5.83450274622585 1.59633957845404 
5.98838527183877 5.58715092507784 2.24532972388186 
3.05693380956828 3.08790720562629 0.392808483944029 
1.59144396598973 0.67533272981119 0.228432374946964 
2.33626785845856 2.41298788696356 3.2402207831034 
4.31921980227068 2.75017602564526 5.11479084957841 
4.09038579088941 3.45672827378006 4.93627342983638 
4.32200298440906 3.62048711643874 5.6277529570933 
4.28438139646688 2.79539688749706 5.25405925158525 
4.0794928436735 3.30310395355345 5.2969471846589 
4.55438502198939 2.66954701485423 5.1672270658844 
5.08183926410853 2.83778864284823 4.80652614884512 
5.4167443052157 3.29765178291189 4.80480289085578 
4.88150992487102 3.50837106189498 4.4931921510696 
5.33025536475957 2.9502945833274 4.91944020958694 
6.08792737004704 3.74788069000567 2.9695345611267 
6.13140954965529 3.29850395201045 3.11927418570579 
4.4817408799473 4.88279553547395 2.25909042650269 
4.17414588686463 5.15226421233195 2.85952538170118 
1.54342094558386 4.89598766038963 6.62173444664012 
1.52945657848697 4.18317804267369 4.10364886705815 
1.4403223502865 4.32510591489434 3.8490256321018 
1.28760091637307 4.07055470219376 3.59603844922086 
1.46781103830743 4.50118303633402 6.00457827561547 
1.58108443455656 4.82164983120208 6.14107362498005 
0.253928948738881 0.485533289965588 0.284043914389792 
0.714268823548055 1.20488942110288 0.208499124885761 
0.489111261332294 0.83160556651541 6.94559248840483 
0.612022921919343 0.0522470087577288 0.377587547489138 
1.26174121832957 0.950194704265796 6.95386916298266 
0.941697689846978 0.220922949602278 4.16133230207621 
6.75631785827472 2.56165190333981 6.43250635680593 
6.55572616354659 2.70693455280483 6.6502244535694 
6.3202695641438 2.29459408321763 6.98788134900702 
0.15383756071772 1.82382243220689 4.46946008022263 
3.8549998918943 4.61218310662635 5.31553469933627 
6.34869665760489 2.36663433164447 0.269454629770112 
6.25835237793201 1.89685342794477 0.859610719842297 
6.8211355985931 1.66959540929145 0.467537270551508 
6.52923545523693 1.41955130569691 0.725768841473778 
6.57614978075973 2.12624397169717 0.583634385055081 
0.670166351921434 1.96806955097034 4.95087567229753 
0.498869747054079 1.99325722532405 5.42089419697427 
0.421172030822267 2.43346153572083 5.51444565345996 
0.627807724500666 0.789321957658247 5.06285793366628 
5.53557849226832 5.8434610926074 0.358686483538202 
5.54541671681636 4.89715148603846 3.11944856514913 
6.21754505763264 5.2570757708005 3.63467082175586 
6.60405252091696 4.85348619194418 3.93961210592208 
0.247731682488382 4.7383805156471 4.01313140737855 
6.76746462930616 2.59006459337064 1.11608522574858 
6.88607719041536 2.47091394921865 0.729529987562909 
5.68590279147918 5.87522391138688 5.54444212944656 
5.92210015244538 5.38119356303211 5.9503754696081 
0.492472009134081 1.55023731585675 0.0739263059136118 
0.281840388687192 3.88597211706271 2.65207184110359 
0.196579817316092 3.98850741045824 2.9705351518285 
3.56584623732178 0.738974420350357 3.95184049407381 
4.33379076596063 3.6449251121161 0.501372321793162 
3.97500368281806 4.18585335219891 4.77457884275347 
4.3524065291948 4.83232515719016 4.73319592983347 
4.62784323958422 4.39950311274098 5.73482619678343 
4.25042682716192 4.43099124866998 4.43542540297059 
4.24961320691483 4.31923318487276 5.60293620810555 
4.02374195203768 4.52060294437771 5.16987918132645 
2.45132254094038 3.62883735157233 4.61727173897939 
3.21549963989486 3.50242434540561 5.02929928418081 
0.825018886268392 6.85967352395926 0.202430333901685 
4.69423806729886 2.19607816459276 5.0100931222289 
0.693681552515381 1.392249800399 0.210485733887359 
5.5377867521967 4.77416272928261 6.51011461956655 
3.6614085708912 3.59160259517612 4.74000253811727 
3.69063469880355 4.09178620401641 4.67374655021161 
3.59929605949387 4.36793551408559 1.84664506147498 
3.69879741717497 4.19219808000544 1.07335577064608 
3.42142549373201 4.18334782916182 1.56428182247652 
2.88102687288979 4.46717425423274 1.43372828943701 
0.611287760010583 0.665467238112536 5.01385532744774 
4.31644903587037 2.07314858925842 4.82866637319807 
6.55108235906683 4.60722167663938 4.12402260374552 
6.90875936517426 4.48323651317146 4.99582861083388 
1.3660368379166 1.41713610554028 6.8524650098927 
6.52065662975315 4.13738505392184 6.04523694543657 
3.03519173456365 3.33292314806932 0.52663690555276 
3.12626571114058 3.28073234152443 0.905217429758711 
3.76136336572293 3.83915530753327 0.96041964981134 
0.929957806706598 0.367625498494962 6.33923210471731 
3.38980874288287 3.99826208110844 1.60658435377891 
3.63966994165185 3.65345481321122 1.15897815262399 
5.32639199208904 1.79033698554809 1.02358477998172 
5.42119377420056 1.65847991620812 1.58585409927675 
2.81350105084719 1.03532351087289 1.13910503663116 
0.616720052429874 4.32648915954598 1.03125242876247 
0.341066215789153 4.02657857831941 1.10299630947259 
2.46889484289141 5.81754177225152 5.46396633722295 
4.38030457504864 4.56951257965346 2.72274639184012 
4.52667661613317 4.64150664607479 2.34412306385626 
1.86575859162155 0.0345961700411611 5.07573959436078 
3.09761266931785 5.43803616769873 3.5127275911712 
5.5116825008768 3.94541697272666 2.31424291716047 
6.08165546038863 3.7715327804065 2.59831827166156 
4.84076756227282 4.91947201048005 6.04921080737719 
6.17229611854121 0.743216195067374 1.1344548864612 
5.28956545939133 1.3510310357031 4.25313514899481 
5.45704699423526 1.67117119284202 4.46687970176748 
4.97666647254822 6.14190597771249 4.00321438710287 
4.91529241774117 6.39026700614638 4.39312997558912 
2.15008067662363 5.55962564079689 0.543104690788655 
0.670814396082765 5.38148155330364 6.20824198202639 
0.510278055221956 5.75362647655925 5.91594549093954 
6.55525315546058 3.14155209404312 3.8270105716402 
6.6338239511848 3.23674424294807 3.4353930195077 
3.24772236159086 0.826985401462943 1.40426536841404 
3.43800438339026 0.239064549714274 6.89438479712277 
1.97792472364443 3.39184193046933 2.48573883782652 
1.56294899451265 3.90086078513043 6.28037728095793 
1.36496164291254 4.30834601308952 6.25666044881734 
3.08075910004946 1.76144588879279 3.24360437758676 
3.01289182223769 1.93144686420234 3.08209868431125 
6.49950430778508 0.22997226941365 4.01725973516228 
6.62319473946441 0.488907987661786 4.19159161510106 
4.26514447643658 3.7249512328226 4.95660946042335 
4.12334150364799 6.35096129227898 6.50512965881276 
6.05520494139353 6.12850144913459 1.71132785256672 
6.07133305524697 5.85150163729718 1.74157391713782 
3.43817327090287 1.73284776132697 2.11241392012635 
0.398835292872932 3.42603693375362 3.12611675770962 
0.736195935132041 4.72088906553966 1.96679255452749 
1.36368156837855 4.91527316231347 2.19584998610379 
5.98852536383084 1.02742028876045 6.36519632387968 
4.60507422016794 6.93258482639152 1.13889883720319 
1.40209811407546 1.77771431640569 1.60214572126287 
1.13230970616598 2.30491587312337 3.73469072631403 
0.58695144522672 6.89085700652856 0.361894444529216 
2.54026492640389 0.659736473642827 6.43039168686789 
4.00366157227522 3.69433573168366 5.94935424187962 
5.50465878994781 3.45270736537614 5.48885194857897 
5.52047339972473 3.58929679365073 5.14222165252472 
3.29500793312346 2.51106272794084 4.53918911659596 
3.8493008459569 5.43541614835725 4.65432258214983 
3.20872936002749 1.21114593278752 6.32676071040572 
2.33267895578984 0.27078990326498 1.10276246030101 
0.881644265103805 5.91450863412935 1.37424730191493 
0.800030061128273 4.3288009076962 5.81641043646029 
0.705622608963617 4.18972950043587 5.67717904055078 
0.0924202445178106 4.44030825828007 4.22763349577493 
0.214152703562695 4.35636437296967 4.65093407763733 
3.49897211948654 1.10411393220356 2.08481292787809 
5.70458002207664 1.82258897017471 2.44771572999691 
6.38222486705936 0.97969262995492 6.95854237336435 
6.55097080450846 1.83710367254978 6.13785093505358 
6.61708737388374 2.56831568970652 6.11272214384518 
5.13249840680275 0.860106267760088 6.61104698477998 
1.10374566705716 0.392083258992151 4.51226255307865 
0.373825348669782 2.3066571946136 2.66144162471399 
0.567379094665706 2.32127789745541 2.32707278274063 
2.77180399263997 6.95599366277511 5.16296426934397 
2.83357049665358 0.0542580676823879 4.69883763292719 
0.589072143651055 1.84335065888099 6.66171899562813 
0.664256683618578 1.84358728516087 6.86414247618299 
0.891208125012472 0.566751691454518 5.89208683289824 
0.659470165117153 4.95351114329845 1.36888753157953 
0.409983725218508 1.69622510291376 4.75411449715487 
3.91399599678475 6.47248142601422 5.19267657824671 
4.03195321691081 0.119457214723776 5.31511485708902 
3.5516614955128 1.24252936979509 4.38563221858842 
0.826319870988199 5.33325022124064 4.99337550958624 
6.60551569790372 6.6896411699503 4.19088891175545 
1.32601517604781 2.21212264264689 4.74452067563506 
1.44377204209904 2.22089364319618 4.51499615179139 
0.517859493728024 5.33783080529052 6.6848187153575 
0.229211761612814 5.73610949995831 6.81927363636613 
1.21140033297201 6.11589972417924 5.96622132984362 
1.44442608125223 5.76269026997718 6.16630479184262 
0.439263528959727 6.57966443617835 3.37407796184958 
1.37114034694716 3.38456294473143 4.484334711135 
0.996275748358902 1.83181153276719 6.88393521807387 
1.07324240220582 1.65051341976236 0.0336080298626377 
3.11719600316667 4.88818496012155 3.68078203734079 
3.34340336651099 4.85397744697919 3.13270239328238 
3.74083530701676 6.16262647594381 6.42790224273155 
4.11017660807486 5.17003085327117 4.21834094841329 
0.252870092127308 3.12960948766433 6.28043836292452 
0.136265111343744 2.79013054983629 6.2101624182727 
0.834558829185727 6.2822094863309 1.04167900514592 
4.7105900976862 3.23977173814246 4.47674964485095 
4.24242790837893 3.17207537659507 4.72368531849463 
6.82486359820639 1.94964102966045 1.86429631106535 
3.94520019136316 4.36534412335894 1.08824755209084 
5.93252068228088 0.0298661717430012 0.0721037526994757 
5.22035996648937 1.05950759836636 4.88543010243474 
3.53049794112749 1.41780206779243 5.1558037776089 
3.70785008076783 1.16275670116938 4.8278206962626 
4.50034322343431 1.03883650056526 0.798890783033047 
5.95404179597883 1.7331928535696 4.27887649728583 
5.4714959285576 0.449025509904274 6.15181885058038 
6.42729958563726 4.89723559570796 3.43236783728083 
6.26292264011684 4.71120992925234 3.26668014777298 
5.61643048928631 2.75844604865927 3.0064563723727 
0.583294946765037 0.303064549108653 1.19249981564339 
0.499906296497692 6.98783399355485 1.35347706673108 
5.25119163678585 3.79566701577668 6.56269307812836 
2.96591289236172 2.94045634221151 3.75095902555884 
2.55680173099495 2.92294789719173 3.50964053988144 
5.77005302077831 5.06441005779897 6.77848416830225 
4.21129852810368 3.48190634941626 6.43662853477864 
6.25626794562946 3.99421693335717 6.52047694568724 
2.7506631281205 5.30008193127687 2.57071371638877 
5.99284706824461 2.24152112727584 4.02903914981714 
5.62743837636754 5.66058760028069 5.72257602267467 
3.63772208729433 6.12452466899123 0.898463220830067 
6.47484955691325 5.40713178633432 4.11155325035967 
6.38408852338752 5.16931901042325 4.03296635409438 
1.48075895273425 4.75400719367244 6.71414199455482 
1.02078430757653 4.82691728140117 0.104599458340506 
2.71404769336004 5.2591196121312 4.85795582144883 
2.43751566847392 5.00482822764508 5.03528794332064 
2.57726967665744 4.23453155872316 4.878845351662 
2.55416499251527 3.96232222702545 4.98140649426045 
4.05655049244618 2.59941075664075 3.50059334328161 
4.22451468632336 2.66783214549776 3.788453144652 
1.84875746753876 0.308629111659553 6.4593271262986 
3.09409170660568 6.5508869763549 6.48315455397017 
3.48345027803707 5.81900118973935 0.790121450494237 
1.19560463447431 6.79286868858442 4.44796395213859 
6.51094181074769 0.34837889920008 1.11156256026897 
6.58583454577205 0.593570312411165 0.81695951198768 
6.79767201913333 1.47630484071072 6.97369926466996 
0.261300093333343 1.40264299184606 6.8263963659335 
2.13373763208721 5.41186879561901 5.72848016167011 
2.13813680704948 5.44407544025164 5.58286050763304 
2.12718953663966 0.932195657873705 0.330793926113819 
2.04399097774881 1.4004849475687 0.193285799428843 
4.29334856910219 3.42010981749685 2.68849062009176 
0.958827621656614 2.41429398957564 3.3689863024284 
3.61153320898691 3.38957577697348 4.44602843389208 
4.00460290234767 3.0803559919622 4.44249022067482 
1.49825518850506 3.8024790036433 1.62877340827255 
5.29981085075646 1.99892676801302 6.68319133077669 
5.57229170804198 1.83268064569804 6.82102396065438 
5.30722033482913 3.85932838522139 5.16245670061489 
4.78747068995897 3.74504211785855 4.6594601629327 
5.87141591296029 2.29580853826218 0.388934292310303 
3.55696609353061 5.74692713385045 3.98020138306547 
5.06053334107162 6.32094129864063 4.55627811436808 
6.06944394593582 3.43710899799935 2.43290379673666 
6.10123569341631 3.11008605160338 2.87059931425154 
6.9481989223313 6.36594661712987 0.587069500623142 
2.20105260310002 5.17275124588171 0.671133537889146 
0.976066253715016 3.78671619629584 1.77050217927659 
4.32212122950135 5.07001984154529 4.66680547593793 
6.45220031370753 0.195383613968012 2.73821002289897 
6.51622258687348 6.83931875131185 2.65662751055767 
6.00287155159086 5.78074525201771 4.74817421964062 
1.5264719003149 6.59420927556243 5.56819821075776 
3.29796174999229 2.10189335174171 3.06669013180099 
3.41439460269351 1.97422636367066 3.22506199099721 
0.567143823775968 1.50579750933474 4.64436570013786 
0.507824357748557 0.839107502014544 5.00894325855211 
4.90279202459584 4.928010680441 4.8456901559591 
4.99621955747121 5.88354283028131 6.68024262895062 
5.43373264765528 3.46933064243569 3.58530098485608 
3.05162337588894 2.39016665137647 6.42933904836358 
0.954391330717794 3.19023472156354 6.16570691511579 
1.04808007480875 3.43688862526772 5.9635323601326 
6.63786364181212 1.68267432615368 5.90667898044995 
6.79317396882045 1.98759503149152 5.51016899607307 
5.44567280216763 0.55754401290805 2.62166463511706 
3.03627957113162 3.60855619036997 5.58486759960365 
0.513964171027328 3.5897793094885 6.98880427846407 
1.24717481032141 3.75484878047532 6.27207738472627 
1.08677368569928 4.17860281026237 6.25119465923153 
1.29478791995995 4.38430564975903 4.53869539479603 
5.58745180990531 4.19105817494891 0.532554097164698 
6.01805781474607 4.34348090327027 0.245561014040105 
6.44245236291559 5.15868450268007 0.932815864156158 
0.335476492871564 3.92571112327666 1.364008160301 
3.11257209842345 4.99984500182162 2.58765209068078 
3.34337848344659 4.98897775783911 3.06773144056416 
2.31226208067946 3.66756648271775 3.19218179516374 
1.07456916149751 6.0611170162395 1.57636142445491 
6.47050991654433 6.86861149691527 0.311653382444918 
6.35364372675615 2.50184274785423 2.7931770310608 
0.581837628829676 1.79570575389375 3.69153968404661 
2.26198864119864 2.39590973113588 3.34136792610461 
2.32620256090318 1.50888865618487 1.60279248917655 
3.54324929609515 5.41478284158516 0.876093765285319 
3.88341787861312 5.24991392729963 0.937231200515483 
0.63404120128276 3.50009493591101 0.710844208254879 
5.53407367821049 2.69112654967781 0.58656721206435 
0.849376081335109 0.82767770964282 5.80064783866532 
3.73175165409198 0.0100034294558435 2.30017125903267 
3.4874566527802 0.559329363591245 2.60498367064476 
1.7312166246535 2.39092345217847 2.03243709760902 
2.86064509058514 5.4472011581822 3.80122834557337 
5.91255693171148 2.71464779223783 4.17921816197411 
5.95813065836463 3.08366640632269 3.9870559575275 
5.44636517026813 3.64942574930102 3.96087148624711 
2.55062164882699 4.8444721083396 6.2463238850465 
1.52161940282917 0.619387708597651 0.755009940713701 
0.137613664843149 1.46246260771246 1.62254190710605 
2.52964614465335 0.0459750675252223 4.4758920702351 
4.77266008217871 2.47575991932493 1.87085771491951 
2.7277709561822 4.85657230577764 2.43795240178411 
3.05889691855128 4.83970221885486 2.52460122102863 
1.84713525234898 6.55826749427679 5.36520525734794 
4.19956215411097 3.11294392773401 4.01623465664255 
1.01942440736433 2.97627366383817 5.21505873546264 
6.97114785680166 5.85565102353738 1.62198811751666 
6.67389789351281 5.49769317532127 1.57003278878491 
0.202860682103752 2.34855940549837 0.689928824889412 
0.203799941397336 1.72224961570989 0.51946136988763 
3.23737493420105 1.399860543294 6.07862320622855 
3.22505475778425 6.69136748630374 0.832208735482289 
3.43497770020438 6.38725091864943 0.672345813513251 
6.13839550088292 3.66875003603827 4.38422931741519 
5.98350352209656 3.41026868753727 6.54942088656747 
6.04960812306643 2.95184293720198 6.36049185332533 
5.78392060829071 6.74418361664603 1.17888259859866 
0.35065669837031 0.00859106174839272 3.02193077671186 
0.221964688176222 0.593906575768181 3.10864426256523 
6.42513916514335 6.71671534815657 0.954959628660488 
6.4493676824451 6.60572306418485 0.647692258701749 
5.4549690326112 2.79021122846395 4.85435593444232 
4.40102947049102 3.81073565995173 5.5136692950913 
4.46110209276203 1.49227638955131 6.78482692293928 
4.24404990542381 1.0877968267951 6.89495063712303 
0.641066859392509 5.90788992501116 3.85842251012365 
0.406765054348825 5.64974456739398 3.8664740539303 
2.44423427801136 0.754573897773095 0.788064647521577 
2.17897410315166 0.902166111649183 0.754189567560077 
1.9004985149521 0.966669720494536 2.08252000009058 
6.20245513077749 6.54695216743205 2.84790600621945 
6.85359164061885 0.869265838094629 3.83710565000597 
4.03330499987984 0.27262031210546 5.01124895004427 
3.95956728324441 6.94901845749631 4.64845104528864 
6.36767281564563 6.20790936724941 5.15979611059527 
4.49661128798659 6.33491032036895 4.38399772368078 
4.72321226032564 4.98395064840874 0.352999632228832 
6.45521269421555 0.788232833254533 4.88787184490064 
6.71437759696029 0.67469588322285 5.08509541458344 
3.5441789078837 3.22215642211616 5.57555902249018 
3.21691495001315 3.31999963567755 5.40258879518856 
6.68616424395154 6.34478038934029 1.70246374865031 
6.85593377004249 6.71497771932428 2.03790084251238 
5.44742758131119 0.785140640785485 6.22110961268626 
5.35109936261207 0.945786166453973 5.93118737816018 
6.97049560859359 6.56380366847087 3.71766493412221 
3.93456063487863 1.79912224282377 3.26624262065435 
5.1988158100209 0.118498896643566 2.6041511735083 
3.33657867077325 1.18547918104076 5.42251431337728 
0.996797099409984 5.71290732195624 2.4412564075271 
0.834925415365632 6.05257329525048 2.10595135208758 
0.37279068856715 3.59371249398746 1.30079387468958 
0.999767484964563 2.6372530172529 4.7626721493213 
1.20292434894718 0.0277586038535662 4.30820502928241 
1.57807121264159 4.09112553090561 3.19117115611036 
5.73267388865402 5.55336548583806 4.88580212153464 
4.66096894450862 4.27191010242109 0.0370074904646445 
2.12893358787774 2.59794533988563 4.47142076581707 
3.38132695275255 6.8936363768522 3.55519792254758 
1.83440721823036 2.94048065622965 3.77124186040208 
1.87159293266998 6.49434978208429 6.50692821356974 
1.56226405485474 3.46021601757329 1.43664805781942 
6.18590226970315 0.794720565219194 0.450206193559399 
6.1904386205546 0.965425678695403 0.365907592262778 
3.37556239768941 0.895095473484925 4.25462155352981 
3.99034114296641 3.18305168659642 6.5424460449359 
3.85345147020778 3.22419672109255 6.88551069973135 
6.48385755019891 5.68617622234016 1.80263523470108 
6.8210384529215 5.98577612316827 1.79144193500404 
2.50326011477455 3.72462203417223 2.22424427079834 
2.68888550708617 3.62067371973753 2.03054722422438 
0.833616011409291 3.49038154095959 2.47997170748131 
3.69997034827197 5.94152218556359 5.97493289534136 
3.19319202316635 3.71570720480302 5.85593780203303 
3.56182850916474 3.42289464913604 5.886222752643 
2.23832551728996 1.0208351561055 2.31300299347816 
4.77019187315652 5.42424262727654 6.72105233541149 
5.0095269982332 5.16264235471865 6.91846489009831 
2.49175534832518 1.45011481641 1.22429880277205 
2.13886413669869 1.34478981681075 0.981624786800917 
4.12883996519679 0.435664874663324 0.85674438593228 
4.39061491335151 0.783570525572418 0.640733816317341 
0.20356295030773 3.15705292341958 6.48279716066345 
4.24161944346114 5.44554574598227 0.7174405432335 
4.38642687833637 5.12816714498969 0.351679199141154 
5.13061259942735 6.36129334487367 3.54039052588921 
3.02756006577979 6.86370000471224 3.499524047498 
4.70979890365726 6.00306914227451 2.21167153472043 
2.27443406686102 1.52959825031102 6.95236301784072 
3.26228133443469 6.6492228784311 4.36091627945605 
3.62008227904923 0.0655464279352486 4.41321628222795 
4.15609840991448 1.40948044680588 4.36999364446446 
1.96362670826362 2.21783832600778 4.94698857009119 
1.69332523446475 2.21149474537327 5.08412685094924 
2.22181640130462 5.45282562420427 0.0919420205616395 
4.08587500089944 5.29044186004597 4.86401813964305 
2.04171501289674 1.64591842420209 6.64933792690761 
0.212726455014033 4.91676094774772 6.72827769791116 
3.98880837147846 6.84418158942699 6.78361916741292 
3.68998885388259 6.84846155124045 6.91437018271264 
1.75396298200238 6.90874633007673 4.93910752905561 
1.76056672940075 6.91191587186879 5.09607960532522 
1.74624973870342 5.98810591130068 2.75311648828482 
5.38730260826862 6.9494489158991 6.55655926060119 
2.96216854905043 3.17548637170688 2.53776728016608 
2.93341427547064 3.52295157501044 2.47072891228312 
0.655058264716454 1.56056370023909 2.91592079849011 
0.262937488350452 1.06118321611874 2.60782277080003 
2.51987532974956 3.10904070782391 2.74507470835907 
2.61328253103099 2.81384758613005 3.25858775760757 
5.22421863877728 6.21502788229079 0.443781148833426 
3.05413326091487 0.148682192200566 6.67823530437199 
2.98181598906777 0.402343960902325 6.3440568446737 
4.45905592135634 6.42274286220378 1.37193434555531 
4.53570932577946 2.60839352966892 3.67321271294533 
0.3221629126855 4.82708844269339 2.1749712696889 
0.479194101924223 4.9564252070142 2.04628827432201 
4.45587372145343 3.47611988193082 0.610997982637913 
6.76342405186245 5.60396350663446 4.85371354892554 
5.2051377755587 6.74954660903699 4.70822622161217 
5.72229646799768 6.94080927517517 4.72627161056394 
6.09720263753323 4.72335217487953 0.262137722693844 
6.07833675832504 4.78850934241268 6.95355065020382 
2.89612085092386 0.866874378483291 3.63515468510859 
0.658559786858677 2.85635949920879 3.48240327783248 
3.12503709205325 2.28000605287432 6.15473478127264 
3.43239583622547 1.79266027285257 6.23119320698243 
4.54548167811935 6.42811578980464 1.14718337151143 
4.85214909770758 6.22565473158324 1.10423709082035 
3.08210810426691 6.64402890757011 4.42413261651146 
5.4545878340324 4.96819508346536 4.34528646186762 
6.08699213912555 5.00029527232951 4.48576245498723 
1.39480685919044 2.58060802565378 6.93352272187672 
1.62004031463646 2.69924593138184 0.317777771232523 
5.46844115888836 6.76378677492007 0.919144631010346 
2.00613227594524 0.340723631773662 1.18156955172375 
1.90237850588525 0.748265182643356 0.951521756171198 
5.14738904029632 0.449469109041191 1.60401349772938 
5.42106353013067 0.283383275937395 1.93456375202326 
3.83994165455722 1.15524846815907 3.22796617012863 
1.20162169433383 1.96596271899692 1.21328408768051 
1.28273629281241 1.7629888990742 0.997814394976287 
1.30037128142132 6.40139177022844 6.24609696017182 
4.28436057622929 0.706958926956209 1.92225038790697 
4.36095401237063 0.358232333003466 1.92961953296665 
6.17666608586468 4.75039155236444 4.55086796478755 
4.8556428344321 3.93806167583739 1.50335189913093 
0.260078564931999 6.05021604207118 5.9512546693056 
0.396269215164546 6.21456218727827 5.88256965882252 
4.08053809021709 1.25543794212909 4.80954645981259 
3.76776889187376 0.902707109075573 2.25957024244654 
3.56962156072949 1.04939763581643 1.65424818317124 
4.70333881013407 4.19525587844971 0.106348348432573 
4.6114111916952 3.92044107701726 0.103224998334916 
5.43328992006161 3.97322653316039 2.08970609170786 
4.91265103278021 6.31820749704264 2.03350305119984 
2.35976498114178 3.44937477620474 3.5395053650832 
2.02311632127629 6.42273081625873 3.58718218624692 
0.251598298790598 6.94113585852242 5.99817091074453 
0.713410566035269 0.460454753194755 6.15738351498388 
6.68380988230301 5.53878941764397 6.97662581603893 
6.64725798017799 5.11903300705265 6.93468405382166 
1.86684105255975 1.60732571489708 3.62717513820615 
5.57191433993931 6.65643899094249 0.546826077969116 
5.53376330374611 0.0209632070375118 0.255738750093392 
4.2021465601213 3.80437531576447 6.81861412079796 
3.94912399966443 3.57764799616656 0.0492262348128394 
1.51596124421453 1.48454799966151 1.53200230697164 
1.49305242062492 1.40137685468763 1.25105684956419 
3.23260931739506 1.81560815886389 0.487931299248893 
2.76298003290023 2.13664564442587 0.74131978609221 
5.12627943133781 2.504665227837 2.48799927910972 
4.60696685746838 4.28580135483214 1.36846391258422 
4.27996456793945 4.19824926249594 0.992317495444573 
2.67253734394771 5.1743311501785 1.19605295212266 
2.83731909215473 5.06759056042778 1.17274368577707 
0.102408624304068 1.27220813584688 1.00398895211281 
1.37311977342114 0.960731770211677 3.35182325775076 
1.74362821830424 1.12344561099377 3.49848294804827 
3.51620191066216 6.82923491826813 3.7830593916465 
3.72853099917684 0.134422761745909 4.07847829357472 
3.13481987779501 3.16610301640635 4.45705802742959 
2.97760682478918 3.22310305596784 4.66484534877394 
2.82058919017129 6.9011162992906 1.86036227371134 
6.81167009387401 2.61594696919298 3.78319890684855 
5.85421010616651 6.14410562940182 3.96382980308579 
0.844572301888742 5.00247950512825 0.131961664892347 
5.75941095263217 5.73480776684432 6.75169893121824 
5.95295187489489 5.36985109379844 6.5759205842301 
4.69411900495438 1.12076222358984 6.50003380179085 
6.80582156538878 3.6483587829611 3.44319996437777 
3.14125396308712 0.971756764531124 2.28569342827846 
3.38511449540203 0.582560655972793 2.61955193966398 
6.45476793932487 5.67261835780828 6.75038417312637 
3.53125914088292 4.50940367981749 6.84998093092344 
0.344504860421665 0.779035826878476 6.32699357245939 
1.93580906181546 2.22789650317039 4.63136376665593 
0.175942091128466 1.76712311438959 5.41642002254683 
5.60267087597576 5.55937800371391 3.42470976264839 
5.54149864820612 5.3172635566275 3.48135824061095 
2.52336590134499 4.58161484538297 2.60438504170553 
5.48785766704646 1.56100428956745 1.50163421640394 
5.48063194595823 1.63300886402183 1.47910907564324 
3.00106384943951 1.31230575021413 3.15381853257659 
1.28895069540057 5.88003994316098 0.010954286069127 
1.37959979046476 5.90618170601663 0.267348147538024 
1.06185905308337 6.89236541058276 5.17708787778303 
0.7113077444016 0.240536106670133 5.3819206540813 
5.9310732212718 1.71711199793519 5.24293570539604 
5.62274158918902 1.97959735689401 5.33049589288506 
1.13227227868006 0.97251355493085 1.00035469918475 
4.37573579400663 0.19184597030296 0.75425023910158 
4.63591277938917 0.462229941264274 0.540814873268186 
3.70197201482397 0.725854465927325 6.60502883641829 
3.41317986477167 0.81636416604723 6.28042307048196 
1.51050150060021 6.70107808690217 6.08821396232157 
1.82123308450322 6.73590332059035 6.24127850777274 
0.396815031130826 1.48590374309537 4.08879953797588 
4.62494985863145 6.26260494913226 3.33949208466194 
4.54413465287431 5.84650044025816 2.80664748404189 
1.25034014210668 0.667373457670019 6.78270089355635 
4.31754397287341 5.41026888935739 6.96226885740579 
2.40821900710634 3.22540950960121 6.34516919605298 
4.62723535636858 0.0121704294715013 2.33827685041297 
4.83211211673089 6.8953442270413 2.11577301926076 
1.50250675007874 4.55098834540355 2.54353565672979 
3.75567223648312 2.74676429493698 2.27620072129079 
4.1945284347136 4.77910591378609 0.352541752356005 
4.58601108090178 4.55037685076683 0.34215968870584 
2.27912144776991 1.02601888330013 3.22398855658382 
2.25284223800335 1.20257873286847 2.56283120870751 
2.71942696358505 4.17718247096681 6.38872601962618 
1.27662486653142 0.160288476807737 4.5154278447897 
3.61927318408383 5.27768514721484 2.26454679361567 
3.93543610620384 5.26759988333503 2.82544616126266 
1.28077147738743 6.21466774246783 6.91497184966386 
1.40718990841689 6.34811070035525 0.255271013870665 
6.43263452884978 4.06274140865826 2.55861133061182 
6.55078933865397 4.13958483200997 2.94270041736485 
4.05433683889944 1.11886105799724 2.52655651124584 
4.36525358915888 1.03950969281779 2.4059885594564 
4.44889037043142 1.19568621270926 4.18739326996935 
5.39135004951054 6.03833032266074 3.76551594867932 
0.598585207665991 6.81660277989679 3.30853633092205 
0.951919297931235 6.74104853018405 3.18105458203411 
5.6375046083972 3.91662897375687 3.19936384948161 
1.86904088324164 1.33841496216317 1.52294831772842 
1.83937398755323 1.25989596453207 1.22732978523931 
4.21469150478383 6.92155164454344 3.27458052896119 
4.43666919669239 6.77571857102941 3.13154738863946 
1.32326979402148 2.53333458663416 0.459507851672456 
1.49781107837138 2.20849247569737 0.791370925791876 
1.14461528326413 0.52685773214976 5.9486185331886 
0.744125497023144 2.08898063334113 2.92074157067886 
2.40734948762842 3.41638641780753 2.71934420925715 
2.67372884888702 3.64135034432601 2.5321706461676 
4.13785336252478 3.74719931321562 2.90843335138612 
3.74150721613764 3.7684776486217 3.16119001432302 
0.841133531875183 4.38723172385802 1.37521545185647 
0.848038701296825 4.71332778902884 1.52245559874759 
3.8583626280083 2.57309698546538 4.50925040134697 
4.04868131813615 2.40753489938006 4.90956100665089 
0.252929241824055 3.71172979850412 3.25444064252291 
0.729566297410868 2.96813409460979 2.04421356774159 
5.01481426249868 1.00111857304538 1.54532221247989 
5.49020678609006 4.33993871593877 5.06770834519008 
3.3988446862295 5.79967599871513 1.4331101902177 
5.27618411419657 5.89206151705603 2.82931350479063 
5.19627075606931 6.33304142545719 3.51077155067422 
1.46637610206656 2.38309160399128 6.70366947261838 
2.09597986460448 2.06172013656712 6.6238638851366 
5.88780635169607 0.278913457152572 6.26390941390618 
3.99942356678047 0.779092778818009 1.60057659879277 
2.69668928972891 0.146454172966362 2.79966458251107 
2.9247091128144 0.270664044598492 2.41752242040649 
3.60384139010263 5.38787005905597 6.45401959273937 
3.63309842924621 5.58132631336483 5.98951630702593 
2.19642709831069 5.52621185390514 3.18757677364672 
4.54364912313161 1.91051527858369 0.161788064486897 
1.49287875327297 5.05272374782068 2.82987444936553 
1.51836940192711 4.59295919124535 2.67279641055614 
2.58133387868459 6.42513167669671 2.04970223545138 
1.97669114123836 5.96319907874215 3.17582618901186 
6.41546552670978 4.00729916262228 3.12221312540995 
3.02334504363439 5.2683402110972 3.82210965031119 
3.0359529972781 5.38354240326967 3.76684446146935 
4.95028395656483 2.47481311064047 0.857768681896758 
6.93480652549629 5.32984119690861 5.60293539861779 
6.89878802360854 5.19876283328181 5.19486147082463 
3.90318853005779 4.2010197478056 5.95517821732985 
6.05079815998719 6.44922538204341 3.84102862464777 
6.20425065361885 6.7517437507001 4.17688602739099 
5.78462933170616 0.164690549425894 1.35225461624259 
5.75992782481782 0.122089053526462 1.76268080148984 
0.154608824635208 6.38507404492962 0.962210080433951 
0.479876580377521 6.58128969090121 0.964031161392982 
5.71991580587665 6.34648085555886 1.6351239643914 
5.73450706278746 6.47220074892898 1.86554108129446 
0.81249653316118 5.32559323740648 6.89471547515564 
0.797503365568251 5.55277513333429 0.0643881127056396 
6.00159985808035 6.62828498724785 4.55163179935253 
5.7687629420348 6.15989293798907 4.37430146445196 
2.54368908367217 1.25373500094969 6.89047619625344 
2.61122883761224 1.07061575500025 6.42289829039745 
5.16178666594407 0.953038511863347 4.5617797588202 
4.28051215833362 5.51621479815357 3.01433117635381 
1.73259276874744 2.89245973151857 4.19226982523964 
1.70627372301559 3.31705083562528 4.35174251128063 
0.884049617473975 2.21371430951096 6.07556660199262 
0.657267384435583 2.53582586891996 5.93810248996353 
3.57811646308986 5.68527512172625 0.700795050680627 
6.49933871152132 6.27641413052574 3.0710573844622 
0.555126238356062 3.21730928166644 6.76173864067527 
0.548980790130232 2.70588464552738 0.198612794130022 
2.16713300150209 2.16762851606989 6.30632925053411 
1.71814664089477 2.6191148888511 6.15829544888128 
0.908915734035509 0.446751369097716 1.27728898424732 
2.6721206686193 6.70211877885074 4.17211067798847 
2.44664076064196 6.32001829016575 4.09769157521808 
3.32066754460207 6.20358685383061 5.03766853033002 
1.08371808627352 2.79622596246501 4.40590425668318 
1.31400791319943 2.60102425904381 4.25752386380563 
4.69936572924919 1.38542219631622 1.85286480049088 
4.6018194273763 1.37419740402605 2.31566314428542 
3.68225236461686 4.61609018984108 6.63400032456327 
3.99714489321426 4.36410158875065 6.22901194669095 
5.82877117723797 2.89898918474465 4.61531781779957 
5.80131692081047 3.27739305791551 4.58390408764903 
5.66904765725085 3.16529190847118 3.54694369032846 
5.4556332222109 2.88079448086859 3.43684367156736 
2.30758390218438 2.6986015673565 3.64502924669932 
4.2094859683165 3.78305815095092 0.879182649366935 
0.180907219739105 1.05263027620788 5.20508294363859 
0.160806929427012 1.57950177179337 5.00051491019135 
6.28983836948874 2.20455639737883 2.36395552773669 
6.30872107006513 2.42210486656469 2.02809971203257 
5.99149616095985 4.36387227702094 6.86456739265447 
5.70960670344378 4.30018269463905 6.65818046046302 
2.66705929554337 0.170269512656737 1.79084511898814 
6.20546637614854 2.48700758689996 4.16522345688476 
6.72034949678404 2.69893637769135 3.93613838960729 
4.41536366920852 5.42307487419581 3.89042817403078 
4.50905338131708 5.144148031831 3.42602466791825 
3.44684319301125 0.622936890171151 0.478806487445981 
3.65366940909206 0.37473815621543 0.750929012840672 
5.72036694237284 4.25763595351211 3.43060070595666 
5.93908675330825 4.35263954719151 4.8938477571209 
5.93320239168534 4.51982349475436 4.54451192151542 
3.89589179920345 1.37978378489323 4.1744450233018 
4.9980047982825 5.48093357141726 4.04458628521181 
0.526858841567353 3.88167691854935 3.61200734922257 
2.41748187649732 6.39100170422617 3.79613879646404 
2.6396885043836 6.7717260331837 3.89628041209301 
3.88647372029897 5.15266008508278 6.49630790329411 
2.56996760127808 1.02686905765957 5.30972294761995 
1.72669273529138 1.55534897996523 2.71140267122709 
4.80613363854844 3.66085230288509 1.36324749964899 
4.36164711482852 3.58347026524674 0.980695742763455 
5.59554815844584 2.98973966063493 1.1211555945077 
1.69814125779194 4.99801624796644 1.72259316465307 
0.367123127981436 4.44427646167179 4.73607648755315 
0.351940176359379 1.57152965180724 0.738402976666888 
0.665919186990198 1.37850924966845 0.556918926621211 
1.99012794705139 4.30935556780851 2.09251635317532 
2.06124542109477 4.50514660427975 1.67796347984172 
6.80314689475087 1.52990583350568 1.72069804305058 
6.63681024476298 0.896278285595734 5.81332536390271 
3.3414139654841 0.328654820784345 0.336476649509584 
3.51393173813293 0.0956560578542935 0.566474628347715 
6.30125336038871 4.57602341910822 5.15391530680731 
6.39577893937169 4.72268506021165 5.02647832912663 
5.13344526619135 5.99071776510153 4.04190946399344 
5.27866748505061 6.06098011274078 4.40791831483053 
0.797106491818118 1.11879163011797 3.54639338616248 
0.677784657823017 1.56148202652864 3.85052442168791 
6.84394808728401 5.89169807806824 5.69071222327008 
6.70530585151088 6.07886224636768 5.14910448782355 
6.18209758158217 6.01365438424688 0.537853902441173 
6.05979299983765 5.53676813702197 1.07297542354344 
5.16554119537918 1.40467825814152 0.687363145100805 
5.42330446310254 5.32662603841633 0.0714390284768889 
5.47702536580575 5.67030963706294 0.00298556476337566 
2.10589962535086 6.36608369601692 2.09441070096198 
1.56058602168286 6.88843223215949 1.8860422215136 
2.32448048236797 4.30185108740683 2.13958900564833 
2.43148126962377 4.48790745488228 1.75268365633488 
1.11591289156364 2.4165845138461 3.3014119550529 
4.9451354729417 1.33659535340746 2.51314237391475 
5.40195874789334 0.373841362997666 1.17250125907084 
4.85012020623275 1.87120026494886 5.28098474356087 
4.6547643487815 5.89566638128351 1.79336989164453 
2.99252141952929 5.12325366572163 6.27738493870771 
2.01962259791903 4.71284819408911 2.94784211851179 
2.07447820652719 4.52942688163231 3.2211383354461 
5.54027829551685 6.29134014489281 2.57004431710839 
1.49932105544299 3.60456851861865 3.4329699782512 
3.88498112082588 6.41422470988535 4.91408243739686 
4.19895427730728 6.10117334788366 4.77043673507998 
0.290607423474733 0.943706437600999 0.93978284315226 
0.677985061945877 1.23735910068939 0.568038701046189 
5.1774941006358 4.5018380927206 2.45070976498891 
3.99707780621997 4.11251495059708 2.66138611341565 
3.64626970304629 4.16428892403415 2.85490702168319 
0.455624121629994 3.4030209815642 0.545926056123173 
0.505840377538854 2.76397218679672 0.411755042604787 
3.00431461452615 6.88281387318126 2.17916501198759 
2.43962631114287 4.17205258325216 4.29684185694471 
0.784873719930544 3.31456397914988 3.38620090649753 
0.28197494044295 5.01784128847608 5.13447386078827 
0.216814442978614 4.58529818037431 5.05928279805126 
1.56570178367761 4.54049790225612 4.83122283893494 
1.52291530086402 4.98841773065857 4.87464427439313 
1.86854103229233 3.1709282039227 1.66410140212225 
1.62685359052202 2.73156681715782 1.77451584849731 
4.77176188602607 6.0953269666959 1.67109262763164 
4.96470848144078 6.01906900120863 1.47379545306124 
5.72522081054391 1.98709240504772 2.414768381441 
5.54635532805884 2.09258528573618 2.65920707259672 
6.36623083192792 4.28830713494824 3.95659284532901 
6.18485424086355 4.3513592212042 3.41671993506823 
3.57535053580078 0.40335978932799 1.26084298765676 
4.1354022039582 5.70852687287512 0.580881661057755 
5.24348444514 0.487176469443082 0.663059575064821 
5.26962953774957 0.207676196866909 0.975300354689125 
1.45662158000145 0.415163253226507 0.80807934636726 
1.75596033597133 0.146853756274958 1.10767572896814 
3.62944090798869 2.13706189345278 0.456545216269828 
6.80806394640696 3.90463019583051 2.30125731049333 
5.93941176999384 2.42857804852537 1.77976652515568 
1.85119469603434 3.39373308702151 3.7361969223016 
1.78708727552529 3.56298547219476 4.07886122718114 
2.77838223118255 5.60148577155051 3.46826882501698 
2.64934242480875 6.03571323790507 3.32141242259731 
6.28582053762082 4.07497836981767 0.432944449862006 
6.44510462887892 3.82384045140198 0.269440542626024 
1.30387481150438 2.23586174209808 1.1538751313249 
1.61581684807339 2.64070693100254 2.06731287589991 
5.06900611985033 3.06836147401332 1.57496823703206 
5.33469067607216 2.98629443886033 1.87206671712671 
2.69786543867429 3.66039313165337 3.83175458425368 
2.38095357992137 3.81216107375384 4.25140090798714 
4.20157584100059 4.54713398195138 5.97341941478444 
4.09423087374732 4.40131499778042 5.7369068847543 
2.6725381087453 3.46547481705562 0.492789098771875 
2.35587462381887 4.93048648201909 0.327184045788083 
2.19363289838705 4.67675972636748 0.190036189466987 
2.9785542963239 3.70144799000449 6.16174236744809 
2.94026130421238 4.13220792193942 6.37836041230121 
1.61038937016528 1.54836236290091 2.93762624091324 
1.83682964424749 1.27235413421583 3.39799917876223 
4.11271310948966 0.665163363404131 1.87536725919201 
4.14165520990059 0.358379201988115 1.87336555753976 
4.77782349507401 3.64692107557248 1.84815396506633 
4.83156873345062 3.89846809026671 1.7839347639034 
5.33791639167478 6.48320465580949 2.15767749899857 
5.16889370227462 6.94631976906851 2.20369202782784 
4.74488335744482 5.71541610372025 1.70636228339986 
4.9771643403652 5.89561377904856 1.4567146640221 
5.30485170903556 3.31482685345584 0.245828946148697 
2.65874313137897 5.99687437199668 4.24379750573221 
1.40308693865623 0.178930740646551 0.385932743584173 
1.55860610556807 0.491230196443387 0.102370582217752 
1.38832796629232 0.587509216097752 6.35807733618315 
1.17955474146491 0.414768067749639 6.19727367443291 
1.60081965730574 5.91258866016321 6.47069292610231 
1.51359909324738 6.2405348504316 6.5180979364861 
5.9517936416738 1.21130254789797 2.21403446368243 
1.19952093384147 1.11196442618183 2.99847279325134 
1.4417741324817 1.50368287692124 2.83517446179926 
2.28549001750316 2.94723834798398 6.10865599827713 
2.57610402079133 2.43343644344674 6.24905529196822 
0.61895650406412 4.41868448222692 5.81978882358448 
0.543553532918802 4.31033628707153 5.70721136198493 
3.50992442825678 3.6757192713189 0.0942825526276734 
3.37258799638257 3.73284920646483 0.330629744066371 
3.28004680382733 4.08882850091942 6.97010070530289 
3.17755219690698 4.08574663481498 0.198214446921718 
4.40617700177766 2.06418653812021 3.14361574539775 
4.52999853661734 2.07074676930108 2.75538328550849 
3.32916477049786 5.7302259267893 0.0402944784833936 
3.66359817372597 5.74167058485168 6.73860715551106 
2.5642226357018 6.00630014323064 3.21072628767229 
2.54522966734582 5.63217532977909 3.19411001345053 
5.92766956109038 3.3596892302644 1.95825200141912 
2.01621150101638 0.285014323922619 1.74959621086204 
1.57766129491398 0.0173817858365972 1.84271733247901 
0.853994488809062 0.0309502140014298 0.216265329287384 
0.933895824363608 0.512490831684889 6.74622282763425 
1.6601237695297 5.52559429766569 4.26258157497872 
1.55141686644293 5.50562315830489 3.88913827255021 
4.52963298667609 0.278741348692086 3.30976001805769 
4.68226382147257 6.99486928954517 3.14261576621646 
6.79861948591117 2.94602089864415 5.15405467773982 
1.10929463696679 0.987335950765718 3.64535601813407 
0.148773238616732 2.99483167456717 4.97634992146902 
6.82590371948415 3.2236457047445 5.18577149454065 
6.74545432613073 3.31367494361656 5.61468652239904 
0.583339311300338 2.73688828761543 5.10348632597149 
2.68201913792618 5.92944442366924 5.04330864172869 
2.48639814753153 5.83227975910791 4.43959463715722 
2.95944955380102 2.62717845341391 4.24374965071483 
2.7478649918554 5.31743947744275 6.7826860221428 
2.78655070186228 5.18451246411475 6.33198530275791 
3.55307327624909 6.40175721386168 5.38688915383219 
3.45056067229589 6.83696986742439 5.67031220395588 
3.57478347647087 6.72465887557638 3.44960293516551 
4.38578434266023 2.41318006932585 2.29610869289275 
4.11329495100732 3.30052233988915 1.96444065682401 
4.2484113628188 3.5702091250088 2.15658843624593 
4.91028112684548 1.81894409380299 5.83251260344944 
2.27403641123509 1.26199960095121 4.96325593785149 
0.832816173692964 5.80373809823664 3.65054598747302 
6.26385793218387 0.000185241519127213 5.86495907397525 
0.217439943076617 1.62738558248911 4.07151108008595 
0.25374591453959 1.84720825446874 3.84725269477236 
3.17109967079401 2.94691774957133 6.63748329846644 
3.3373961148484 3.17971676201581 6.5327178642086 
4.05261893125947 0.0716739698305542 4.04288902786987 
3.0638319350231 5.28236280338621 6.87241351972131 
3.24007904049279 5.14221610055022 6.56225549960403 
5.34512453380732 3.36182803848524 6.80633247914255 
2.95571837543325 1.00047692036677 4.12584652909573 
2.50780408104654 3.15916343203546 1.51397371482478 
3.65863257619099 2.08864381923485 3.89187733526339 
3.68533866077999 2.16941937137633 3.58356584267195 
2.50260942735086 3.56711212829515 6.10807935268534 
2.3725700521351 3.75734928996409 6.1901379158723 
6.20914747912481 1.21097812277309 1.46278285113159 
6.43730691267699 1.43836746471212 1.32099711840533 
3.06243629863215 2.80416276772469 4.49641471480156 
2.88998101414298 2.91552214228126 4.72759333124433 
1.55998731189244 4.96703849481676 1.45170051735915 
1.65806023026854 3.79000477779502 3.16419368380489 
1.54133184486916 3.6191385458736 2.75394971235489 
2.66996960844427 6.05707342396473 0.400440784748196 
3.2205764260264 6.04581358319371 0.490962080015384 
2.43346892073125 6.96111409852193 5.35062007072713 
2.23964008512437 6.5899495355695 5.52580425573589 
4.60420108036952 0.187768449428945 4.53588428156211 
4.23356821710371 6.93729572240427 4.41239884262445 
4.7351547388999 0.700696178447329 2.84075239549674 
4.44891892431487 2.75099231591345 2.91603167638613 
4.5725815167198 2.39703810001885 2.60880747349796 
2.46131510367739 2.46030313556551 4.16349730728368 
5.71091092046872 2.60234990480691 5.89545304989233 
5.57587141926019 2.00437121785861 5.95790715166299 
1.92310414676926 0.291744418474819 6.86653101937262 
2.38588956235779 0.394443834229865 3.88870259375639 
2.62998136685556 0.578184306141805 3.56432332197826 
3.73073372125389 4.52845705492178 6.80206387201407 
4.13243966675095 4.16931735677162 6.71529349867916 
1.18142917899557 2.68321874007422 2.30391019908475 
0.44056642617242 2.61022417382051 0.175095427401441 
0.838508062480949 2.07941976972242 2.86086163904978 
0.84492754890651 2.19571555145839 2.45176987026014 
2.34178203309442 4.03637764042408 0.950240648955886 
2.36990414521128 4.70717986405291 3.76301122034846 
2.03398605728245 4.68696292089644 3.47922744977467 
5.6166845969459 4.16280600761125 3.90698957900219 
6.02306187278081 4.18940294856294 4.1893141051817 
6.07928283850581 3.75705919331696 4.93017449229301 
3.69930559793157 5.63770036400416 1.7533115350643 
3.97439309149082 5.93348673233921 1.81853927239935 
4.05851543842022 0.215246894521871 1.6148905228418 
3.93668616854314 0.454811271498026 1.38691814339535 
1.91273141988249 5.04085768562121 3.38751933345658 
0.978428915814685 1.56709623290065 4.68845142282484 
2.11652194082236 3.31394626914726 0.982425051525505 
2.45568690934502 3.53560276786605 0.937307046514489 
6.32158276277409 1.09509846095586 1.88018762931136 
6.66194987341403 1.28925958992221 2.02445186969994 
0.438600356701809 1.87377150553737 1.68628365890843 
5.50909991488559 0.709272216831618 0.518732250054656 
5.17871473269968 2.52888736221441 2.07411685576741 
5.58977607727016 2.16175704578215 1.98151729700153 
2.79975342661749 4.25850498419585 3.93063299050212 
2.84253012322197 3.85929688584025 3.7212065992382 
2.3957661723847 1.19585382900813 6.14777719247452 
6.71969414402811 3.56777824056469 4.10181619931475 
6.80667814294041 3.78859289468476 3.9301115822039 
6.62842329963207 5.69242911044265 0.432442345866887 
6.47310711829136 5.27163261672584 0.94605895258448 
2.35339406692276 0.49530702602413 6.93928606194078 
2.18115093922288 0.431745244263409 3.84207165434109 
2.12995350521819 4.90137065390916 4.73839623943845 
2.10776943931831 4.58955938317229 4.71151430819957 
0.107931536597048 0.224958294810986 1.54538176485202 
0.404726368282404 0.485587309082752 1.25278297335769 
5.82108891799142 3.84021749718535 6.28827500330052 
5.9670447455273 3.74284221580713 6.30015501552432 
2.15713496038657 3.42243221124426 6.68277115535783 
2.14726810393992 3.67936933870231 6.61744879725144 
2.04377741073315 3.00674063208501 0.493682116297163 
2.45170167159062 3.18242193260281 0.245907510667576 
1.82645487980498 0.0244847102055223 3.5754788904149 
3.6611955525409 3.07278468344195 3.03306322887318 
4.02731727907631 2.85052915126777 2.33978716523886 
4.11120752070476 3.01831331498182 2.73682836689627 
0.100257749753686 2.86576366357837 2.84692243810603 
0.193029659465421 3.03008770079605 3.16436518726646 
2.17623340227542 3.06267013954813 1.42024132854038 
2.14358339729771 2.63796182767642 1.40036693205061 
3.39752084742657 2.91730189634358 2.84429153414453 
3.26924994776358 2.67280341826163 3.18209684396202 
6.8872602690428 5.7905517722007 3.89713271638911 
6.743960879005 6.3336488484747 3.82904285406725 
3.46772522102609 6.09607605225037 5.82764914019124 
3.36926651083914 6.44633421865707 6.0987554983291 
6.14083640356104 3.59757656382882 4.73720956119599 
6.55357649500557 3.57535296210011 4.96795856464004 
5.27941931195382 4.46364484096724 4.0414677632626 
5.32982429684121 5.51106777462312 2.79695707439994 
2.35544375957741 5.08808439788732 0.0651070501315549 
2.22568478311677 4.88787124565915 6.93414886135827 
1.80822891782753 2.9077582041329 2.47038214015263 
0.795439882046505 5.48523410611664 0.397569789372389 
0.821411822736269 5.33054927475819 0.450911884275645 
0.0235646388955797 2.7931817458538 6.60390187979025 
0.0251266173660161 2.66750468265183 6.46602378536038 
2.30208525279244 6.65844539989393 5.85861975930186 
3.86662783053903 5.73067355289714 4.58896752309281 
3.52288159100266 6.2159400685832 4.80886750572067 
4.72496957061821 4.41135694481482 3.02235230251823 
3.50678327849124 3.23583823707081 6.87633470337831 
3.38361539021573 3.04254916873568 6.97980990246776 
0.286613457639927 6.90457326927795 5.49149251285099 
2.02085896776773 4.42783372609066 0.244677985593041 
5.8349737256286 0.173134487798471 5.26546106765191 
4.52011260038027 4.2475599046799 3.96085550323803 
0.320756588088563 2.42608553568089 1.5601104861026 
0.305326841087205 2.09383901290055 1.80186228437099 
0.652104125521787 4.89060296880772 5.73402097516155 
0.505932151922452 5.10990379703341 5.45125640146042 
0.385783649241392 0.726371711798607 1.97854196003922 
0.0898113421387923 0.256659247761865 1.71648629878008 
5.19486679276233 4.61122901664981 4.63271620713979 
5.42446960612075 4.69958773795173 4.4008310501937 
5.72362063369703 2.95428725567563 1.7139991518106 
5.80683452613654 2.9551266732595 1.2973412449174 
3.13112515602463 6.39021558528517 4.51695236963575 
3.07694648820252 6.30950745534337 4.93625588224646 
5.33913441739287 0.433277430079787 5.6342249445863 
2.04929121196606 5.27211097598041 3.50826597312126 
0.156830108997497 6.13246733787473 2.26265223021269 
0.553598677526626 5.90996257040783 2.1426811751435 
1.16325391540863 1.15543579850992 4.89714763843307 
1.39473681564572 0.935422164307919 4.58988111613846 
5.29689429027919 6.57659425414369 3.44758355212319 
5.51413669592189 6.70126053059322 2.95740839067397 
0.679484477087727 0.529630466392369 2.44008384882893 
0.647541038587111 0.0503799485816965 2.53842242045401 
0.522618868476824 5.18886504080871 4.80085288270963 
2.7597044175447 5.95307718248571 6.9906676555654 
3.20447006267782 5.93978405997378 0.064328153082072 
3.21111079466993 6.65871653271728 1.31132532936761 
6.47482123740032 6.20984722008391 3.62318914330715 
6.48801813688485 5.75500955241993 3.63811615182937 
6.02426499084401 6.07277445269562 0.360645770654324 
5.01958920775574 0.945145009280618 3.23173323165527 
4.97511459784732 0.863639660167182 2.85697523898702 
5.89505345161379 0.722081956302077 3.1106930135004 
5.52563624154848 0.853588752815108 3.44905211538062 
2.83208007932156 4.00291512913871 2.87546278136039 
2.64715579649074 4.00844972660219 3.21422405293241 
3.56275888778928 5.78571036737666 3.39749302971816 
3.7251200446972 5.88867419102658 3.66792032702543 
2.27053946748744 0.703377322047983 3.30699246045642 
2.26496435528313 0.399006738427596 2.83451653930838 
0.210444109937004 3.15916197796265 2.45408690213128 
0.317678222511451 0.500940080558915 4.34917594493721 
0.48318791757288 0.69831141484124 4.95181524025072 
0.178434448506635 3.92002471721627 4.05112062073165 
2.06345795332634 0.647553594016696 3.45096230204382 
4.97698927744641 5.32093711194867 2.08973808071633 
4.88628388130339 5.58989647662511 2.63157645581135 
0.543934258306146 2.29545138601961 1.20493075515076 
0.616997847659288 2.02255965088522 1.24381859507304 
2.165285298899 1.78162418632462 6.0140932739592 
2.09780033584215 1.4730524768878 6.23093019478001 
4.60870966856873 0.703764115861053 3.34304320814711 
4.53452765366546 0.636856900438072 3.18999998616405 
0.250473201319729 4.46727668029313 6.32367306615768 
0.37436483451417 5.26127882554671 5.70249360859027 
0.489170970511316 5.08160710339914 5.92668502889884 
0.980975708340212 3.82560805467214 0.450579784727957 
1.40948178833492 3.71435914057644 0.473849705375167 
4.65867349863686 5.20879778411536 6.10412022171023 
0.687595119842239 2.55642865254103 4.81328518421189 
4.94234356995698 6.11580202363964 4.95028285099822 
2.5915226375812 4.32606117123174 3.21434436841026 
2.77181337049442 4.36562120335854 2.88406964684333 
1.55580897272125 5.79056882954894 1.56233783469774 
1.72495568422904 5.48787443660681 1.96138398251395 
5.78307642751277 6.97972790950868 5.16886423387366 
2.52455463498392 5.42805050436683 4.33214512024306 
2.81338439333714 5.35355959353626 3.8612699441965 
1.33795257728768 2.62364458166537 6.09678189884829 
1.08406220158544 2.8683944026035 5.96421517590534 
0.0900498223785183 6.15813967501527 6.30521190018887 
5.41135937554302 6.27365149914088 6.16798734633163 
4.33306199956533 5.62307524856646 5.63721900570551 
4.75027593183715 5.46032383364488 5.89733821556569 
6.07017721506494 3.91671366889454 6.32451707539891 
5.90184425285549 3.98946142627844 6.31087806983689 
6.70828813094747 2.77419376824869 2.9522778310121 
6.83518394967208 2.96700526595907 3.30901947622531 
3.12686976978151 5.75381639463882 5.24423249965706 
3.30891056210976 6.887372106091 1.49618881692965 
3.65579075223337 6.80905354034202 1.73294855770184 
0.155719702693344 4.75146475196935 6.34091558277374 
6.75254311272084 4.77160117498542 6.28209009370143 
0.436607163677183 4.91987698867476 4.10597284205944 
5.55634827685711 1.19061063650336 3.58273342203421 
6.96022550295998 5.68963858255873 4.64481778826497 
6.90254380686244 5.57088956105266 4.1839547972239 
6.09712790596537 5.96049884591891 6.90878253780516 
6.20032908299888 6.47772638643536 6.69620514590895 
3.34936445824271 4.65290620856297 0.436843129990238 
0.342492566163984 5.52601922912594 4.57349930590353 
0.259568537794349 5.43617935329739 4.18730385632928 
6.08588116703223 1.44687477486571 2.47928356781901 
4.62908555153513 0.429018645109512 3.52107046431822 
5.76622783426758 6.77038127111347 3.51631548385649 
5.84870465215078 6.81364282418727 3.09206142490962 
3.88457859381147 6.26095702315721 1.53624381791831 
3.56908105344602 6.15717051997725 1.29487235129421 
4.748019860739 4.68980055844328 3.43853146226129 
4.45123045019751 5.01685193358697 3.42154168178237 
5.0407840912085 5.98854981017976 6.37160195457692 
5.37644637380367 6.00994514730365 6.24823379373358 
2.389107702329 0.480190824777815 4.18566201780718 
2.30790346759916 1.21637612106562 4.61482577791549 
2.68428973344729 0.802778474686472 4.38034263412754 
1.41200803518433 5.82724445120743 3.86107497399675 
1.5711254670307 6.09831837547249 3.57024402427418 
3.64945046536217 4.66689867244097 3.88485316929439 
3.73686483289992 4.2935858600033 4.03420844858234 
0.615256976483209 6.32777336819767 4.87948432748951 
0.0943670513997139 6.44564950593565 5.0362596778376 
2.39756615927182 5.14432377143802 3.83389461377416 
2.28165891022049 5.28093536928037 4.26196820249077 
0.7626209243535 3.58162289125696 5.33015883222792 
1.22568898048544 1.00474010697079 5.81984278195522 
1.05640997755592 4.7817151636527 4.41971037330053 
0.599710415623291 4.83844337212193 4.49733877486774 
0.772807729070677 5.21952539340833 3.28081782526289 
0.468879724497366 4.7614313184439 3.1199461719709 
6.04452519590228 6.47641522403474 0.459952980217862 
6.17572524739198 6.74181481941494 0.169938775405689 
2.89390923820231 4.60901338734822 0.66838370171816 
3.2542392208315 4.49093907823526 0.520940375141361 
5.35032201954799 2.37782339271944 6.79718658920198 
0.352780848430939 6.5182679306879 5.37796900994526 
0.711623927801796 6.43187816618622 5.19962693418214 
2.72968823388197 2.25083497495132 1.2720959155137 
3.05132066053721 2.63258479260971 1.31540975048519 
1.44415477006137 5.97295483276638 4.19450940572385 
4.69896331690043 0.387396585206005 4.35518625915811 
4.40636862535402 0.46412416461101 3.93672890100098 
1.46492520041034 6.85571168848059 1.75529330721412 
1.03156970008852 6.64992869105046 1.72623564042389 
3.16852450541785 4.8998326421103 0.47482412217495 
2.87242947288403 4.78607180280406 0.640300024243355 
4.43079608688023 6.0017283989892 5.03951309967141 
4.43352733237342 5.61845210630953 5.1311094230336 
1.11908736980929 6.33693697398287 1.48574999695714 
1.52385046765804 6.46486135663416 1.45619036033825 
6.98976272276144 6.95857301986816 4.40155301589556 
1.58193198935315 5.80649911093027 4.374740531886 
1.90640493305064 6.05808162963736 4.49634603753485 
3.64436532811196 2.95923933245103 3.29802554122193 
3.37559481637358 2.71818610794622 3.34664470616368 
1.10880507596296 3.28840938814584 5.2874845640751 
1.36291877263892 3.54772869183759 4.98051957397385 
4.06645376951865 1.22088008184748 3.54669313450562 
4.02198489322882 1.10646065222081 3.85357210459639 
2.4368329516681 2.50796436244446 1.52564708068639 
2.68898713023806 2.81700950910339 1.58866479015817 
0.148842339541005 1.37982088264603 5.84385621035001 
0.412846447651796 1.32194337260417 6.0995926869852 
0.996464922799567 3.20199038056522 0.893036431914859 
6.77760152373954 6.1367858001757 6.27168161862344 
6.61998744050019 6.48527343522093 6.34345025046097 
0.942924283477329 2.7606194689044 0.756615962683436 
0.937741921994211 2.54510422990746 1.13793546963161 
3.01568695273227 0.485593816914517 4.73921273813425 
0.149043036626519 1.17938137370505 5.80032303745058 
0.405695943398844 1.09955812322231 6.0379836275517 
3.52043485103343 6.22295811388806 2.58110176626552 
3.36382218436262 5.26137093983177 5.04357247614497 
3.46194237065692 5.11189121015775 5.27676454964689 
4.37054725465206 6.11650506617237 3.69474140367558 
4.4952512323434 6.0428072544843 3.93468834236491 
5.14122742575309 4.39510963384715 2.87374333154744 
5.2845543521571 4.00440082853274 2.87084936995034 
4.00499200346819 5.35721294805824 5.77292948904829 
4.16957721599785 5.09173970880795 6.04971142071715 
4.1474458942027 4.45282321196273 4.17572748187045 
4.0378080935616 4.8334757995578 4.00437008589151 
5.97789563884629 1.37997119838874 5.64257133957328 
6.20867265258225 1.35380844128798 5.87017088935879 
5.35972488538063 2.66144601980233 6.50715152054594 
5.13346201041819 2.864875589911 6.64342111803833 
4.90964681395152 0.109152686942587 5.47791551919979 
6.06482147428146 1.37142514045708 6.00751523354898 
5.85280309709937 1.39250835508083 5.81330857290001 
1.25141281819821 1.21371246696768 5.9376668241144 
1.45380154348122 1.13681307799635 6.15736466436772 
3.18737037644646 5.76885246269888 5.72065437703191 
3.33524782311706 5.49877216379652 5.8298016819075 
1.35653592179154 0.838315510711343 5.89918047191811 
1.48003231315691 0.887286539464712 6.09398137070998 
6.9795821284225 0.315334321293988 4.45930131954202 
6.97424708922757 0.421469937017025 4.95814489799922 
1.6554856275785 1.32742549098569 3.9941826671871 
6.85171572913554 4.07410738429291 6.20676034840491 
6.60647190342808 4.17276775699932 6.19350216477678 
3.57014047426052 0.675898315462588 4.93330975350353 
3.37173194292405 0.548010785702618 4.6305354681084 
1.33282435098406 1.80230408147134 4.10370644412476 
1.71724229764053 1.54859223539139 3.9778449655726 
1.25804239630744 6.09197311348276 2.77359811395758 
6.78920639352843 2.70185088350765 5.89766198948932 
6.88601840274988 2.52298814850446 5.6080248991049 
6.70057924480734 4.88122275941399 1.95572982872937 
4.34765678412164 1.10397553326804 3.62005665961239 
4.2662195097162 1.02530203472185 3.86813986679086 
2.09283562390458 2.71240732885701 2.59402731152936 
2.1374700020308 2.39325209384011 3.05273716952253 
2.10878783436963 2.37646091508036 2.31378981493796 
2.14251026902801 2.06900035168556 2.60075736465957 
0.178356045138613 6.42165215234497 6.37965173477476 
6.8974952451409 6.65480138404655 4.93249800225988 
6.90738629841738 0.0325217373179872 5.2212514990742 
6.69600839555623 2.73863743171836 5.43513683486003 
6.62706882063916 2.89565529728091 5.70372477581137 
1.98158385458385 5.60705228444427 2.07800693518465 
3.52768590269783 2.10632866564958 3.89571545597806 
3.09289483101962 1.68775688447421 4.23924805043384 
6.7049865930936 3.04487695195404 1.02876111322198 
1.88966473402245 6.2041025840165 4.41350578665921 
1.5882330829646 6.21348680770726 4.18347268113315 
1.56182571970583 1.09008697098395 2.18185728902737 
1.55438620577599 1.50836806415479 2.62255706971803 
2.37871108923156 1.82531162700424 3.7449007704201 
2.76721016139116 1.5927527468766 3.65003738714445 
3.70147635801605 1.98544627294313 2.36148634660013 
4.89214044556546 5.1509271432014 4.78965090288667 
1.17792894511422 1.59942262856211 4.15372977161145 
1.38119547335444 1.28766183815626 4.07561040590672 
1.08624455295115 5.72995575449949 2.62928647368299 
0.734331124624127 5.69432166315702 2.96450781634005 
5.31231906734526 5.59044763765677 4.76148755552648 
5.15474425547486 5.28519368346204 4.53893288899712 
5.20760616493896 6.79787112042863 5.19879929276645 
5.12137531429229 6.5097445615222 5.35612569488832 
2.9133980730813 6.29535056799919 3.14856194838125 
3.37189141586336 6.24517508467713 3.14979452871539 
2.39488258920836 5.42185673241364 2.00018856635797 
2.6387945548685 5.86269031634678 1.71347372627152 
5.92011645173442 1.13326365494652 5.27027334903216 
6.28030421335575 0.726074056915679 5.09450472061491 
4.80250679339293 6.61135612304815 5.61919690185287 
4.74707017161053 6.94060513185399 5.64835301824396 
4.00636784815967 1.76498575815193 2.59818484200649 
4.29958523858863 1.89136415100266 2.49450616130317 
3.18769518539467 2.36272519173284 4.30790147358024 
3.00091524743863 1.7971889790316 4.36308070585264 
5.70422681596815 2.1938321673645 3.30418131627201 
6.58357716731684 2.43847968288106 2.94809894553157 
4.27337259412503 5.70898700636068 3.87710906239817 
4.19472819290735 5.80856255710535 3.66963187650477 
3.99839852231769 4.95890299639631 1.78710497156469 
4.32528415139238 4.86159797403728 1.91241486527904 
0.207506015272552 2.46308756493335 4.00854583206859 
1.32250737578748 1.36976027248021 1.80359452194779 
0.642734266218207 2.66149165341339 3.84440757820255 
0.704224818440392 2.85337703069197 4.16618822159008 
4.85567151524266 2.29699258873396 3.82113985506584 
4.97195391899711 5.41599881620529 5.06251138264925 
5.20366418522263 5.62758510336524 4.97292913905961 
5.87604910053398 0.484505639888594 5.04722907877634 
5.59278689795243 0.832298085932721 5.20024677177483 
6.21781065888162 0.704160019588284 6.40815971897331 
4.2405700230707 2.145274912939 2.22673547086406 
3.88429436061051 2.1982438743692 2.17174156911827 
6.48717069651212 1.92340594679193 4.75845013282501 
6.78881362200817 1.70574420431795 4.693904104916 
2.89844882695497 1.58076116547249 4.14808145660188 
6.16051720330321 3.59615926943978 1.46776318233907 
6.09672957261921 3.28828164204498 1.1446211436928 
1.41779549094073 2.93070186803235 2.68544739288007 
1.34221155155508 2.75411995792446 3.20246944774649 
0.5130247641406 0.852075233499143 1.77711249336889 
0.513536918531521 0.689402265312127 1.32691482573381 
6.2604592019037 1.66148765793822 4.65195744873979 
6.46381387263306 1.44744674314775 4.58736180793026 
0.896653057443454 0.840694729141704 1.74030086939561 
0.827116465710546 0.672584394656822 1.34027962756079 
3.58294442645194 2.58526830867627 0.606952811358121 
3.22857385132601 2.7255048725327 0.738576657293627 
4.27156113525836 4.5349115026142 1.81172590004435 
3.99442892425047 4.57818442225796 1.70157036815307 
1.29804716625971 5.18386945460609 3.74059216249327 
1.07415925457783 4.81207233667472 3.99925901667336 
3.03748480406208 3.00682357985994 2.30202464754263 
3.05585285304955 3.05351405510136 2.22370387884359 
2.48822082724406 4.1263892359094 6.9357714530409 
2.25105135449095 4.45310875341394 0.216936132429402 
5.59008296017933 0.39863505746474 3.83196546082988 
0.402682504083637 4.67439393322393 3.2100316567658 
0.504937051906133 4.67250955609074 3.70319965852243 
6.42659592586441 5.85305390821511 2.97618810426656 
6.45381219032398 5.63989847174486 3.40630083569686 
2.59923804103787 6.24160706666608 6.13053489124206 
3.25667553771913 2.83578124879649 0.980092801137789 
0.814041572165889 5.25916561798284 3.55867369097449 
0.663496211434786 4.88324218445389 3.85973074723632 
2.37233558386581 5.91283319929518 6.42686743572722 
2.4335664663221 6.15378331894523 6.42370979606032 
1.65035963081284 1.87504307972446 5.59326882515028 
1.37560317254456 1.66489513388106 5.57615452900795 
5.09347079303173 0.199982818220448 4.25757399352131 
5.17540238220923 0.175488217066626 3.84372176508519 
6.7984046129221 5.43043433422323 3.01095817818379 
6.64137579371537 5.70027504711701 2.79843484622929 
5.11952351666421 1.05999859489601 0.872158463680455 
5.35849961943655 0.693655591656484 0.739924052417259 
1.21954716821611 3.27815598642748 3.2003421836676 
1.28077479393531 3.34011099920865 2.80740647146856 
5.23974184453236 1.04222615278074 1.17037311180658 
5.47007609531895 0.685462547680882 1.00834230682441 
1.69721291199939 1.85282598434138 5.33706545398159 
1.41798402966983 1.63664055562001 5.33112760463174 
0.829926625159924 6.05690721462062 3.26751117451286 
1.09344570141633 6.21016396210111 3.18766068729611 
2.54356712191762 4.30260539054645 0.462780110284721 
2.69574562556754 4.06185125622102 0.236554470859054 
0.674447104124622 4.25016400640173 3.50354380357673 
0.511546784262399 4.43021073732765 3.12861250195078 
5.24735638412961 2.41443608916425 4.28542353215559 
5.69942994677567 2.48502319225759 4.04513713359752 
6.57169051782666 0.171631004889977 5.85498564536075 
6.9653535530013 0.0323828216323807 6.12771788917691 
6.03756452211651 1.45643454088278 4.01723592245923 
5.46181814610508 2.53533151677709 3.66864701498003 
5.03466562086536 2.48972926042017 3.87047528017308 
6.44424553194424 0.787418343172309 6.90138324794455 
6.90688653933757 0.659473944771043 6.79902722809432 
6.40108453376424 1.25511023947461 4.19394745937014 
6.70689243275244 1.27747950320366 3.89921382327828 
4.78734392488791 4.15699193923519 4.20687167885308 
4.75388360403047 4.18774662675515 4.35681534955544 
1.51167193885395 0.349116497807824 3.21976198321574 
4.61911276093014 2.23963063586705 1.23959298957009 
5.81635229944466 4.5969583865629 2.04101832823128 
6.32849688885267 0.550176530395185 0.235605695693399 
6.54267835127275 0.400702507278225 0.357870940811675 
1.739725188395 4.82846356652186 1.32841279477825 
2.65064309444214 5.84718132133709 5.89337088759066 
2.52018508742997 5.67666809128137 6.05685070417405 
6.61439123821089 0.604738020830376 6.09199937651221 
6.95418511801266 0.53321252126296 6.33587971673579 
4.54240904337669 1.77704371196168 0.509475334339983 
4.86431010125313 2.13515879414979 0.94729512467145 
5.21486374323712 2.83382377719217 2.66901548068173 
2.1522263814591 6.12023006964708 1.14904366206617 
1.8228620518502 6.07732550653972 1.51895277631598 
6.23726867912314 4.63945432030766 2.2126899178289 
1.68550727266003 4.67849942358078 0.535178186327512 
1.82179057586979 5.03709935444135 0.81785554516123 
1.95922086631015 0.165674366428834 2.88150601819816 
1.79788654077817 0.289138617068266 3.26393268330198 
4.73707409435865 3.38019323655406 2.83479617620326 
4.81688085508282 3.02207178947994 2.96087989824957 
2.10740562875892 6.02648298824358 1.8602324796485 
2.54516754669419 5.99260288008981 1.69152030895494 
1.01802441262977 6.92224140913646 2.62478099309258 
1.46961822978968 6.83119274036309 2.31784582183261 
1.14525324031015 6.68354812869543 2.42422808553963 
6.43777597851612 3.73698943033224 5.12838212206365 
6.60198543032119 4.2484351873048 5.2432434528846 
5.64052179307409 5.03432747446247 2.37490581742579 
5.38941990224052 5.1165735848909 2.04427605615718 
5.53814585116207 4.91466508973951 2.23788312611571 
5.40043979496122 5.19904960051034 2.0615064583058 
5.58637949024194 5.23775874110458 2.32096133184397 
5.85955905624307 4.58008298105834 1.61308535747274 
6.53773660366966 1.54099093554209 2.40170981588585 
6.6223232295991 1.91659760623756 2.35111122153623 
6.88929073293153 2.05944040374762 2.72687456996586 
4.85724465932797 1.49544299102825 3.58101609840872 
0.0238876740483506 2.61188748119483 4.29053904306595 
0.209712174984001 2.83481074847418 4.4433836220434 
0.3622363352858 2.71122303728915 4.39102038708205 
0.171676117289 2.51604683047233 4.25656557338868 
6.05107738085925 3.94245096153653 1.29388031892535 
5.70443506500406 4.18095901029689 1.49152168889786 
4.86723472827348 1.80825765888455 3.41372593939906 
6.50535616633472 3.5624788732857 5.63075955185061 
6.67237531956055 3.99656406828076 5.85332238716894 
5.07254507316968 1.3900374408042 3.41291285805886 
5.22739606764059 3.90945963993598 5.46792804860949 
4.86546356272973 3.89763246618474 5.65715945763869 
4.99714466036327 3.70609706542923 5.83634181494331 
5.31403409054323 3.7195593122686 5.66342662313761 
6.73929479903476 3.64733639589994 1.68509876042334 
0.034436030289948 3.34856657818556 1.46093374343758 
0.13915479195399 3.02383518719504 1.73212681880948 
0.859012176817726 3.9496143744624 5.12107288325429 
1.15577140385803 3.96269120614939 4.95672384392527 
1.0756999966384 4.0340679054604 4.70528303057168 
0.691587203600455 4.06158530520518 4.79458961652226 
1.95759716998644 0.997014904004117 4.41108386686096 
2.15138086339398 0.542899850015802 4.19129123853947 
1.6928493578567 0.858435214506806 4.67019474498608 
1.73071241998703 0.395332196539536 4.60197554394356 
1.09728410675049 5.46751807296432 0.670091572595988 
1.58991549988149 5.37369067996221 0.838272283573834 
6.56306994464942 4.65771292603534 1.90667200699002 
4.01878141092639 1.64084446640431 0.853453350688373 
1.1034829441162 5.45218080359105 1.12099708755772 
1.44340387873685 5.40013422098139 1.19062959922704 
6.5339177002691 4.28329147072248 1.34563406988919 
6.41346565246524 4.61021373617454 1.50911654477434 
4.1740613168871 2.08818963847847 1.19099009750266 
4.08542921906702 1.8111427188718 0.802839985155622 
1.71268000663737 4.19302091690839 0.712673631856349 
1.59526714966896 4.33988751083349 0.765679199856848 
1.59843511824461 4.38771189906212 1.16755076756715 
4.10747811279841 1.93282323605457 1.42153129067768 
3.99870655863008 1.60070423050558 1.27575293744678 
0.325447086741033 4.7533036461157 0.809005697564086 
6.87699967882455 4.00087658403814 1.63323800585272 
6.91815947071239 4.18440966793708 1.9728973616642 
1.74014969805753 4.22599618326742 1.26077656844428 
1.86690427213047 4.05389606630026 0.985249730834106 
6.54937161020482 2.1900659030575 3.46288691961002 
6.10042831636734 2.0526791809724 3.61644230641098 
5.42915470443131 1.58502344320242 1.60814778318629 
5.57331534992485 1.44187576795339 2.09396557615687 
5.10709026514863 1.30364709261095 1.78002735099452 
5.31132833566971 1.25235332928586 2.13249861472381 
1.34132227596733 4.38749420113085 2.73675739456623 
0.316485553633785 4.71569385545207 6.91242549377757 
0.704894330671241 4.81063537553354 0.151131286255725 
3.48463886600156 0.445614689826683 5.59857378277766 
6.21015078707039 1.94099794973448 1.15185748752916 
6.35285851669166 2.24824026555657 1.33617499357062 
5.5507937752315 1.88122514704974 3.15883172255494 
5.08402885347567 1.70883209485929 3.23483584491767 
0.608183273813927 4.49687470775436 2.99389517743731 
0.590765603155518 4.25102530550245 2.45106677122416 
6.05509726254782 2.3358690674076 1.39120758304306 
5.94391004191668 2.01743998323673 1.20223077622814 
1.39579794138466 3.92938924882551 2.47223539546171 
0.970859845043724 3.84851862648638 2.29985507007353 
1.32968120319518 4.35325464774216 2.6246258837354 
0.752924333520231 4.22883750535928 2.36647271229888 
6.86047805721858 4.6328350119851 0.791322002268292 
6.76418385236521 4.5983109772597 0.520347217027382 
5.50966354022225 1.95467408998596 2.71554051802823 
5.02517703744225 1.76836265029637 2.82676017193184 
6.80945506856052 4.37235017257209 0.883949084554867 
6.67326780056059 4.27747209557063 0.56050125547222 
3.34445137813979 0.692866216986824 5.26149875737819 
2.99849173827864 0.580055633069131 5.16110701343633 
4.47786262521829 3.24353998365406 1.5735227568048 
1.2007888123432 3.67436736738054 4.31330256455524 
1.28494484494654 3.83275450284421 3.67623804226995 
1.44477920751693 3.82586434647756 4.04515010022232 
4.76264475830815 2.8503087326139 1.55490163657602 
4.66824219796723 2.59135831766055 1.18514001388121 
0.817293185167787 3.64146137549527 3.69727133737782 
0.774778629268509 3.52613229256117 4.07984299449009 
6.12456594150566 1.59264447968618 3.64707527171213 
6.43146716597019 4.69179697234219 3.05822917929135 
6.1184051292717 1.20253285563032 3.10517107355654 
5.87563001070951 1.44566324618503 3.39544347619315 
6.80232817254338 5.14655458867081 2.92021801132544 
6.63834123342512 4.86219827269623 3.15724449063151 
3.92873199120271 3.28238447714824 1.34064767907796 
4.24780440688367 2.93722776076839 1.01555019698803 
4.21943809794948 3.26597685770157 1.23581261917209 
6.43557249811179 5.07255425375029 2.33781418258745 
6.22690012173516 4.87676267982793 2.39672810156228 
4.70360620420171 1.22666843921527 6.03300500134931 
5.05767584969667 2.6466892573961 0.00243415995036836 
5.09806865288663 2.78210813528033 0.265976654591355 
4.8227306038828 2.56979899735313 0.10616224155568 
4.89216750753837 2.7132094120833 0.345748820311429 
3.84889843709431 2.68120430406593 1.02950995265917 
3.6641399536733 2.80047604532832 1.18190853260208 
4.47723760982024 1.10418562424708 5.80758846538842 
6.78584791592433 1.80026824081979 3.44515436235588 
3.37018942399086 1.39852163060363 6.6432509196004 
3.33884408859311 1.95165025759137 6.75312148850472 
3.49436846279176 1.73705196307583 6.54464951287035 
4.60896102619366 1.67156519414159 6.11897470759956 
1.2800726075185 2.36733742545766 3.42473716805084 
1.68624279415514 1.94434109436488 3.30118293092139 
4.64805204927855 1.51452555205362 5.96425733259105 
6.50532874965726 1.2154958622454 3.20629866779667 
6.53542608140097 1.4678219369111 3.54540099514475 
6.79206535596165 1.4047379681157 2.79948483264421 
6.97174274106971 1.7474826581597 2.9641765476879 
2.03311919865502 2.36791480797994 3.20828181006652 
1.51162231728389 2.63024440040706 3.36456109480508 
5.95033360093507 0.378629620297724 4.28205792346802 
5.75933290141692 0.302248530002178 4.55281780366264 
1.16384395399255 0.566836981960302 2.47944065049512 
3.0772048728125 1.46831450836715 0.00785827982594088 
3.06626594864008 1.70259921940488 0.0555978885470626 
1.30430014074717 0.639727971614459 2.22200694534295 
1.54565852518323 0.374366228060748 2.20243472966806 
5.66944591519164 0.510615366113641 4.13464712288292 
5.49206259843874 0.449540639757601 4.35393863150746 
6.4711330629382 3.01240304008331 2.32885522411573 
6.2502368898625 3.34619745728627 2.24800302790738 
4.48302769289813 1.39981912058436 5.31067611604705 
6.19541413918741 0.437625922771806 2.03842203613629 
6.43746059127454 0.294658262130156 2.19972882712023 
6.37769574530297 0.59685934244483 1.87064423134493 
6.61488038820594 0.505987694308042 1.9896706113374 
1.31967417399093 0.245406770236882 2.60411501515351 
1.5043436412137 0.179849358621188 2.46981910180129 
3.78821122793352 1.59630684897018 5.29173820739889 
4.1429998215477 1.52630656953726 5.08103127989721 
3.82673907564052 1.5005409643563 5.67477740969417 
4.40182652014797 1.33206659792822 5.72066836104098 
6.87193196081776 3.21559584669929 2.19230319070746 
6.69777288267563 3.53918833760527 2.11983187403285 
5.29229332552676 2.5507270031266 6.17491555445832 
5.27118218890695 2.11289981520565 6.1699603176586 
4.86592505507372 1.92272191862291 5.954410714165 
2.97207404257199 6.20838212467632 2.51769065517173 
2.77634288502505 6.2622992228156 2.92062361205726 
2.61372628187941 6.52762745177193 2.71411438214881 
2.785464889122 6.46681027946542 2.38606766338956 
6.58370030135872 0.494190223026643 3.3034041910473 
6.71935403223258 0.723666421908923 3.31200973986405 
6.7437959381387 0.378638468817558 3.08916542219344 
6.91057103298866 0.628399587085855 3.08384238173833 
0.935336955668295 1.92510696728244 2.36138022453994 
0.75538435685234 1.70148977292084 1.95605654706841 
4.90326981954157 3.01233380401243 5.71891935519553 
4.52690695917846 2.72565567302978 5.36308882479916 
4.0545392050175 0.691379923653878 6.00696721347574 
4.8958934709324 2.75458854723255 6.03796751593967 
4.616951924838 2.44890676396937 5.87914659160935 
4.25665916093163 0.0919535073265726 6.21654316720998 
4.10901762020502 0.320375075988411 5.82213923033753 
1.28891319618241 1.85223166423239 2.19938499239425 
1.21772345338937 1.66667063786764 1.86646679883314 
4.3896286673916 3.78860266655983 3.6845917792977 
0.801976935530148 3.35294330191128 1.5596345230192 
0.719433394256158 3.00303620731413 1.78942208797796 
4.51902840441345 3.82594162775367 3.1567456046181 
4.80455029730995 3.59110542869276 3.06760426475795 
4.94612560093275 6.32747990873302 0.101726213428236 
4.89589377620022 6.06300784438321 6.73142082479258 
1.03088192662988 3.20110561543015 1.3870371627142 
1.01549837047591 2.9267081994672 1.50875271354985 
4.58393373472867 3.1891393859366 4.0173021445005 
4.69456359756108 3.44817321494949 3.88230463532521 
4.97959640947774 3.32423323173181 3.48984680269697 
4.5563142448108 6.31128779162764 0.176149902497427 
4.46809677250454 6.11590953293634 6.9170231105507 
4.98289006473787 3.05097511247394 3.42491557532464 
4.76152049945823 2.80408508239946 3.7366193978225 
0.0722934311665248 3.59218979766482 4.68419979968925 
0.320760626585903 3.89903073261592 4.58334816014655 
0.106776449362984 3.52544066944166 4.39654758122459 
0.300509028910813 3.74103519972786 4.30156254272364 
3.56869662310802 3.52498865279014 3.56461120820759 
3.31936065782933 3.60059141204213 3.78295792852151 
3.71928759585148 3.61624852732736 3.73480555002363 
3.55060861417932 3.68073405189989 3.92433770268981 
5.46982305108982 3.83359237834777 2.19156489258622 
5.73541420400458 3.45805211137173 2.15813024789976 
5.1806356587676 3.51741835526448 2.20806501359068 
5.36871767861067 3.26014167614591 2.1804518527846 
3.25169951018686 0.720678374822232 3.50930087566328 
3.22101655589536 0.357873910559214 3.34063253327439 
2.94445126418581 0.0881276137525091 5.9618489284846 
3.17333679465399 0.127427427952867 5.66173381204326 
2.85646496593302 0.180785803457626 5.38543006097908 
3.39535743816792 0.925941786692722 3.21367661553573 
3.45731781764995 0.596114150148329 2.90263126498022 
2.54406304167029 1.36209400712386 2.41677194774829 
2.61139348903808 1.74281041896638 2.4013081464761 
2.81529509771517 1.38821325581383 2.53786923995784 
2.83461156351837 1.70365123525752 2.50331897370023 
4.6098646532871 6.26997284297372 6.11722590357189 
4.82776932354845 6.56904298504663 5.94932224925009 
5.17602127765273 6.38890000705708 6.24413906488329 
4.97925555621157 6.12090467642699 6.38231177782721 
2.2686562384252 0.722140985212023 5.57742769903523 
2.19037040382049 0.815549128163498 6.00657023621554 
2.29632598540136 0.564606933526362 6.18728494417925 
2.56361764203382 0.181415469835038 5.53935606900366 
2.57190418453833 0.116006614856494 5.81641178939988 
2.70321285062099 1.45840077834165 5.8264451114398 
4.11036416785491 0.628763498224316 6.44003070247711 
4.24140611286545 0.29375753318187 6.50185068177122 
2.63294578503161 1.66418369895325 5.21952554238462 
2.75935710415793 1.34268740070899 5.45618167656197 
4.62886375051423 0.501752962600012 6.77579371898316 
4.41896348921809 0.856412430895028 6.66486165535459 
2.87518866341652 2.53553849415959 5.41507914103375 
2.82067563801341 2.27537559825535 5.98600845842844 
4.20654874471511 2.38851419007566 6.11036728772833 
3.73973127530965 2.41447969052363 5.81984225260636 
4.12824946504851 1.94592108399476 6.2236304689989 
3.77661352809604 1.89086374988189 6.00978390258853 
2.54062847936418 1.82446007215809 5.33622274868289 
2.56030961749478 1.76349925716737 5.78812224517097 
2.7611696352666 1.69886574769242 4.28421623023884 
2.44678016123271 1.8952832794403 4.15026509810771 
2.38766482164527 1.55384689454709 4.56399715175677 
2.2070338810027 1.77847048846399 4.35132701777351 
5.45850357872059 1.37685495241434 0.366899567651364 
5.58045134382415 1.10695823839145 0.284929428911431 
5.48765593337709 1.18556423069352 6.9701834600296 
POLYGONS 1848 11276
5 3 2 5 1587 635 
4 4 3 635 1418 
5 1117 1419 0 1437 1438 
6 1418 1419 1117 1504 1587 635 
5 1 711 1492 1297 1296 
5 5 711 1 1504 1587 
5 1 1296 1438 1117 1504 
5 790 1257 1297 1492 1493 
4 1082 1083 790 1493 
6 2 5 711 1492 1493 1082 
6 3 2 1082 1083 739 4 
5 4 739 0 1419 1418 
6 0 739 1083 790 1257 1437 
5 6 7 1405 10 718 
5 1073 1074 1607 1189 1317 
6 1189 1300 1758 1757 1606 1607 
5 7 676 870 1404 1405 
5 9 718 10 1712 1717 
6 1404 1405 10 1712 1757 1606 
5 1299 1300 1758 1716 8 
5 8 1450 9 1717 1716 
4 13 15 12 1458 
6 13 1458 1875 1900 1938 1937 
6 12 11 1264 1518 1875 1458 
6 15 12 11 1918 1919 747 
5 13 15 747 1939 1937 
5 1367 1368 14 1921 1920 
5 11 1264 1367 1920 1918 
5 21 20 654 655 672 
6 20 654 1416 679 1107 1106 
4 16 19 1067 930 
6 17 16 19 1494 1495 759 
5 678 759 17 1110 880 
6 21 20 1106 1494 19 1067 
5 678 679 1107 1495 759 
5 678 679 1416 1415 880 
5 22 782 1559 1560 973 
5 22 23 719 1108 782 
5 972 973 1560 1242 744 
5 25 24 972 744 603 
5 719 1108 1277 1451 1333 
5 24 23 22 973 972 
6 24 23 719 1333 1332 25 
5 36 30 33 28 1256 
5 35 31 769 770 1231 
5 28 27 34 29 33 
5 33 29 35 31 30 
5 35 29 34 1232 1231 
6 38 697 1386 1387 812 1318 
6 36 30 31 769 40 26 
6 32 37 812 1387 1500 702 
5 39 697 1386 1501 1135 
5 727 728 44 877 826 
5 41 49 727 826 825 
5 42 46 41 825 587 
5 48 47 42 587 876 
6 44 50 51 48 876 877 
5 43 45 967 1910 1909 
5 47 42 46 43 45 
4 50 51 968 52 
6 47 45 967 968 51 48 
5 53 52 968 967 1910 
6 798 1304 1394 1305 1865 1869 
5 729 1395 1339 1772 1771 
5 729 1306 1250 1978 1771 
6 1235 1236 1979 1978 1250 54 
5 1236 1371 969 1763 1979 
5 1339 1340 969 1763 1772 
5 54 1250 1306 1305 1865 
4 54 1235 1869 1865 
5 798 1304 1340 969 1371 
5 1235 1236 1371 798 1869 
5 55 56 1682 1304 798 
5 55 56 1828 1823 1752 
5 55 798 1869 1870 1752 
5 1682 1683 60 1828 56 
5 1304 1394 1024 1683 1682 
5 1752 1823 1889 1880 1870 
5 59 58 57 1890 1879 
6 57 60 1828 1823 1889 1890 
5 59 1305 1865 1881 1879 
5 58 57 60 1683 1024 
5 59 58 1024 1394 1305 
6 63 1164 1598 1597 1658 1659 
4 835 836 63 1659 
6 1658 1659 835 1694 1693 62 
4 62 1006 1597 1658 
6 761 762 61 1006 1597 1598 
5 62 1006 61 1684 1693 
5 659 1194 1419 1117 1301 
5 64 659 1194 1195 1561 
5 66 1588 1607 1074 1593 
6 64 65 870 1404 1301 659 
5 65 870 1074 1593 1498 
5 66 893 1562 1498 1593 
5 64 65 1498 1562 1561 
5 635 893 66 1588 1587 
5 664 665 1119 1118 850 
5 1104 1105 671 1118 1119 
5 855 994 665 1119 1104 
5 68 70 67 890 891 
5 67 69 855 994 890 
6 70 67 69 75 74 72 
5 74 75 1105 671 1571 
6 73 68 891 664 850 803 
5 73 68 70 72 71 
5 75 69 855 1104 1105 
4 73 71 1570 803 
5 72 74 1571 1570 71 
5 664 665 994 890 891 
5 1084 1870 1880 77 1888 
4 76 79 1697 1224 
6 80 79 1697 1889 1880 77 
5 83 883 1016 1047 1289 
5 601 883 1016 1589 1590 
4 601 602 833 1590 
5 1046 1047 1016 1589 82 
6 88 86 1062 1728 1724 689 
5 87 85 1761 1824 1818 
5 85 1177 585 1762 1761 
5 87 85 1177 1724 689 
6 55 586 1000 585 1762 1752 
5 999 1728 1062 1839 1837 
6 55 56 1120 1839 1837 586 
6 88 86 1120 56 1828 1829 
4 86 1062 1839 1120 
5 87 689 88 1829 1818 
5 91 90 92 1085 1173 
5 89 90 91 1579 991 
5 93 89 991 958 959 
5 93 89 90 92 1508 
5 604 666 895 1507 1481 
6 604 605 945 1496 667 666 
4 95 96 1431 1691 
5 96 905 94 1447 1431 
6 95 1691 1695 1673 1951 1942 
6 1431 1447 1908 1911 1695 1691 
5 97 1266 1641 1950 1941 
7 95 96 905 904 97 1941 1942 
5 97 904 98 1265 1266 
4 1640 1673 1695 1911 
4 98 94 905 904 
5 98 94 1447 1908 1265 
6 1265 1266 1641 1640 1911 1908 
5 100 11 1918 1091 936 
5 1090 1091 1918 1920 99 
5 999 1325 598 1729 1728 
5 99 598 1729 1186 1090 
6 935 936 100 1840 1839 1062 
5 935 1062 1728 1729 1186 
5 100 11 1264 1838 1840 
6 999 1325 1367 1264 1838 1837 
5 99 598 1325 1367 1920 
5 935 936 1091 1090 1186 
5 104 103 102 1255 1254 
5 102 107 106 108 1255 
5 103 102 107 116 115 
6 104 103 115 101 114 112 
5 111 112 104 1254 1471 
5 1254 1255 108 1783 1471 
4 105 110 101 114 
5 105 113 109 117 110 
6 114 105 113 1781 111 112 
5 107 106 109 117 116 
6 109 106 108 1783 1781 113 
5 117 110 101 115 116 
4 111 1471 1783 1781 
4 118 1196 1692 1385 
6 95 796 974 1196 1692 1691 
5 99 598 120 722 721 
5 119 120 598 1325 1326 
6 121 20 21 123 1605 1604 
4 121 124 1106 20 
4 121 124 1719 1604 
4 122 1113 19 1494 
6 124 1106 1494 122 1718 1719 
5 1112 1113 122 1718 1475 
5 1067 1068 1112 1113 19 
5 894 1068 1112 1475 1476 
5 21 123 894 1068 1067 
4 123 894 1476 1605 
5 126 127 1291 975 1751 
5 975 1265 1908 1922 1751 
5 98 94 816 125 1171 
5 98 1171 1291 975 1265 
5 127 128 125 1171 1291 
5 815 816 94 1447 1448 
6 130 134 129 2003 2013 2007 
6 129 1665 2015 2017 131 2003 
6 69 855 1341 1298 1327 1328 
5 132 133 67 69 1328 
4 1298 1327 634 1664 
6 133 67 890 135 2013 2007 
6 130 132 1328 1327 634 134 
4 132 133 2007 130 
6 135 131 2017 2018 994 890 
4 135 131 2003 2013 
5 134 129 1665 1664 634 
4 139 2 1082 674 
5 140 139 674 137 1373 
5 142 143 141 136 713 
5 136 140 1373 1204 713 
6 141 136 140 139 2 5 
5 711 712 1382 1538 1492 
6 137 674 1082 1493 1537 1354 
5 138 1204 1373 137 1354 
5 142 713 1204 138 1383 
5 142 143 712 1382 1383 
6 138 1354 1537 1538 1382 1383 
5 141 5 711 712 143 
5 1612 1647 1444 1813 1811 
6 664 665 1617 1646 1364 144 
6 1612 1618 2018 2017 1529 1811 
5 144 664 891 1730 1731 
5 145 146 1813 1444 1443 
4 131 1308 1529 2017 
5 144 1364 1443 145 1731 
7 135 131 1308 146 145 1731 1730 
4 890 891 1730 135 
5 146 1308 1529 1811 1813 
5 665 994 2018 1618 1617 
4 151 931 147 1390 
6 147 148 1578 1581 1048 931 
5 149 148 147 1390 1365 
5 149 148 1578 1959 859 
5 149 859 1210 1398 1365 
5 152 1211 1960 1582 1233 
5 1210 1211 152 1399 1398 
5 150 151 931 1048 1049 
5 150 1049 1233 152 1399 
6 150 151 1390 1365 1398 1399 
5 25 154 158 153 1332 
6 154 155 1003 1034 157 158 
4 25 154 155 603 
6 160 81 78 162 2011 2009 
6 161 159 2010 2009 160 863 
5 863 864 1421 1314 161 
5 923 924 2012 2010 159 
5 924 1895 162 2011 2012 
6 161 159 923 758 1313 1314 
6 163 130 2007 2008 923 159 
5 130 132 838 837 163 
5 159 163 837 872 161 
5 871 872 161 1314 1244 
5 167 166 1323 1020 1267 
5 166 764 871 1244 1323 
5 164 758 923 2008 1268 
4 164 165 1313 758 
5 164 165 1020 1267 1268 
6 165 1020 1323 1244 1314 1313 
6 167 166 764 838 132 133 
6 167 133 2007 2008 1268 1267 
4 168 977 856 1303 
6 0 739 1463 168 977 887 
5 168 1303 1655 1462 1463 
6 1229 1230 1654 1655 1462 594 
4 0 887 927 1437 
6 1116 1149 1230 1229 790 1257 
7 856 884 1150 1115 927 887 977 
5 1149 1150 884 1654 1230 
5 739 1083 594 1462 1463 
4 790 1083 594 1229 
5 618 676 870 65 1991 
4 169 660 170 1949 
5 64 65 1991 1992 1660 
4 1660 1661 171 1992 
4 172 7 676 618 
5 176 174 1462 1655 1586 
6 773 774 594 1229 1280 703 
4 1230 1279 1934 1654 
5 173 175 176 1586 1933 
5 173 175 1031 773 703 
5 594 774 1032 174 1462 
6 173 703 1280 1279 1934 1933 
5 176 174 1032 1031 175 
5 1486 1561 64 1660 1653 
5 740 917 1652 1653 1486 
4 84 602 740 917 
6 602 740 1486 1561 1195 833 
5 177 178 830 660 169 
5 1194 1195 833 1337 831 
5 734 1549 1599 1930 1931 
5 182 821 162 2011 1896 
6 180 182 1896 1932 1931 734 
5 1599 1600 181 1946 1930 
5 160 181 1946 1947 2009 
5 3 635 893 746 677 
6 833 1195 1418 4 1668 1590 
5 4 3 677 1139 1668 
6 677 746 1645 1651 1147 1139 
6 1139 1147 1169 601 1590 1668 
5 183 733 1833 1162 1161 
5 184 183 1161 1182 867 
4 185 186 1320 868 
6 867 868 1320 1398 1210 184 
5 186 1320 1398 1365 1366 
5 185 186 1366 1353 187 
5 1365 1366 1353 1834 149 
6 1162 1183 187 1353 1834 1833 
6 185 187 1183 1182 867 868 
5 733 859 149 1834 1833 
5 184 183 733 859 1210 
5 188 797 1528 1812 1814 
6 189 955 1149 1116 1638 1639 
4 1345 1381 1812 1528 
5 190 720 1639 1638 898 
5 88 86 941 1248 1070 
5 191 949 1070 88 1829 
5 60 192 191 1829 1828 
5 192 191 949 643 621 
6 621 643 948 1037 1662 1644 
5 1120 1121 1663 1682 56 
5 1037 1038 1121 1663 1662 
5 86 941 1038 1121 1120 
5 60 192 621 1644 1683 
5 193 199 197 198 196 
6 193 195 205 143 141 199 
5 196 193 195 1029 1245 
5 194 200 142 143 205 
5 194 201 202 206 200 
6 205 194 201 1324 1029 195 
5 198 196 1245 1244 871 
6 197 198 871 764 203 204 
6 202 206 714 203 764 166 
5 199 197 204 136 141 
5 200 142 713 714 206 
5 202 166 1323 1324 201 
5 204 203 714 713 136 
6 207 173 703 214 1656 1657 
5 24 23 1064 207 1657 
5 209 211 1656 214 799 
5 211 972 24 1657 1656 
5 173 175 1359 1064 207 
5 210 213 800 773 1031 
5 208 210 1031 175 1359 
5 22 23 1064 1359 208 
5 214 703 773 800 799 
6 22 208 210 213 212 973 
5 212 213 800 799 209 
5 212 209 211 972 973 
5 217 215 1279 1934 1935 
5 215 955 1149 1230 1279 
5 216 1071 1465 1464 1346 
5 214 219 1075 1280 703 
6 217 220 1180 1079 1936 1935 
5 217 215 1080 900 220 
5 221 1079 1180 1773 1774 
6 220 900 218 1634 1773 1180 
5 215 1080 1075 1280 1279 
5 218 219 214 1656 1634 
5 218 219 1075 1080 900 
6 221 207 173 1933 1936 1079 
4 221 207 1657 1774 
6 227 229 946 222 668 940 
5 226 227 940 1263 1033 
4 222 605 945 946 
6 604 605 222 668 669 223 
5 223 225 156 1262 669 
5 223 225 1096 666 604 
5 224 228 667 1496 1629 
5 227 229 1629 224 226 
5 945 946 229 1629 1496 
4 232 873 1028 1987 
5 230 231 233 232 873 
5 234 921 1346 1464 1027 
5 231 233 989 990 1072 
6 1071 1072 990 1986 1981 216 
5 233 232 1987 1989 989 
6 234 1001 1989 1987 1028 1027 
6 989 990 1986 1985 1001 1989 
5 921 1346 216 1981 1980 
5 230 231 1072 1071 1465 
6 230 873 1028 1027 1464 1465 
5 234 921 1980 1985 1001 
5 625 841 691 1069 1681 
6 235 842 1603 1597 1658 1680 
6 1164 1598 1602 625 1681 1759 
5 63 236 1740 1759 1164 
5 841 842 235 1439 691 
5 1425 1439 235 1680 1679 
5 237 783 881 882 1025 
5 782 783 881 1219 1108 
4 238 992 1347 1122 
5 238 1122 1151 1073 1317 
5 782 783 237 1515 1559 
6 639 640 240 760 766 767 
5 246 240 760 759 678 
5 241 17 1110 765 247 
5 241 17 759 760 766 
5 247 241 766 767 239 
6 239 245 1479 1269 639 767 
5 245 244 765 247 239 
5 248 251 1124 791 1137 
5 791 792 606 1138 1137 
4 250 811 1406 1125 
5 791 792 250 1125 1124 
5 249 1292 1791 1970 1968 
5 606 792 250 811 1376 
7 1124 1125 1406 1407 1293 1290 251 
5 252 258 637 825 587 
4 252 587 42 608 
5 257 253 256 809 1452 
6 42 46 1141 1142 1218 608 
5 46 41 255 1165 1141 
4 254 257 1452 1505 
5 259 1510 1876 1873 1742 
5 259 1510 1459 1707 1913 
5 615 616 262 1906 260 
5 260 261 1707 1913 1906 
6 259 1742 1747 262 1906 1913 
5 829 1748 1901 1900 1938 
5 261 13 1458 1459 1707 
5 261 13 1937 615 260 
5 262 616 829 1748 1747 
5 258 637 933 1282 1136 
7 263 827 1044 1045 934 933 1282 
5 232 781 1044 827 873 
6 252 233 232 781 876 587 
4 826 877 1045 934 
5 231 233 252 258 1136 
5 263 230 231 1136 1282 
4 263 230 873 827 
5 264 265 1566 1286 266 
4 270 265 264 662 
6 266 264 662 1449 1542 1541 
6 1286 1287 1701 1702 1541 266 
6 268 1309 1531 1287 1701 1714 
5 1286 1287 1531 1554 1566 
4 823 824 268 1309 
5 269 823 1309 1531 1554 
6 270 265 1566 1554 269 267 
6 268 824 1517 1509 1715 1714 
6 267 269 823 824 1517 1516 
5 270 267 1516 1449 662 
5 271 277 283 278 276 
7 271 274 275 853 273 280 277 
5 276 271 274 279 272 
5 276 272 281 282 278 
6 281 272 279 1677 1645 755 
6 273 853 1650 1651 928 929 
5 273 280 1168 943 929 
5 279 274 275 1678 1677 
6 1433 1434 928 1651 1645 755 
5 282 281 755 1433 1063 
4 275 853 1650 1678 
5 280 277 283 1167 1168 
6 283 278 282 1063 1144 1167 
5 284 104 103 881 783 
5 22 208 284 783 782 
5 286 102 1255 1213 926 
5 911 1212 1188 1360 1522 
7 284 104 1254 1188 1360 1359 208 
5 285 286 926 925 287 
6 103 102 286 285 1219 881 
6 287 285 1219 1108 719 706 
5 23 719 706 1523 1064 
6 287 706 1523 1522 911 925 
5 288 289 290 1220 1010 
5 285 286 908 1957 1964 
5 286 908 961 932 926 
5 287 285 1964 291 292 
5 294 663 293 1630 1565 
4 294 663 1403 843 
7 295 293 663 1403 1402 1512 1511 
5 269 298 297 296 823 
4 267 269 298 1535 
5 650 651 299 1466 1396 
5 299 303 1427 1428 651 
4 300 778 1667 1502 
5 778 1132 1787 1788 1667 
5 301 683 1787 1132 1133 
5 300 778 1132 1133 1915 
4 302 1427 303 1806 
5 599 600 690 1742 259 
5 62 304 600 690 1693 
5 1693 1694 1747 1742 690 
5 599 600 304 686 1102 
5 259 599 1102 1914 1913 
4 262 835 1694 1747 
6 262 835 1659 1679 1907 1906 
5 62 304 686 1680 1658 
7 305 16 19 1113 1267 1020 1388 
5 306 307 151 1390 1391 
5 308 164 1268 1112 1068 
6 312 1497 1993 1992 1660 1653 
6 309 315 1491 1652 1653 312 
5 312 309 313 311 1497 
5 314 311 1497 1993 901 
6 910 1012 316 1844 1983 1982 
5 1011 1012 316 1945 2001 
5 316 1844 170 1949 1945 
5 909 910 1012 1011 609 
5 172 7 6 897 896 
6 595 1592 1956 1771 1978 1976 
5 318 595 1592 1591 1198 
5 591 1199 1054 1955 1420 
6 319 592 1198 318 952 1251 
5 317 319 592 591 1199 
5 317 319 1251 1250 1306 
5 729 1054 1199 317 1306 
5 729 1054 1955 1956 1771 
4 318 595 1976 952 
6 320 323 1808 1807 640 639 
6 320 321 322 1209 1208 323 
5 320 321 1429 1269 639 
6 264 322 321 1429 1430 662 
4 662 1430 1206 1449 
5 1208 1209 266 1541 768 
4 264 322 1209 266 
6 1158 1207 1270 640 1807 1810 
5 768 1208 323 1808 1809 
6 1541 1542 1158 1810 1809 768 
5 324 622 1397 1396 1466 
6 730 922 1397 1396 650 1051 
4 922 1205 622 1397 
5 324 869 1061 299 1466 
6 324 622 1205 1726 1727 869 
6 730 922 1205 1726 1690 1184 
5 299 651 1352 1349 1061 
6 326 1055 1200 331 1533 1534 
5 330 1534 326 1974 1975 
5 329 1055 326 1974 1972 
5 327 328 1488 1460 325 
5 327 328 675 331 1200 
5 325 327 1200 1055 329 
5 1373 1374 1461 1487 137 
6 140 330 1975 1973 1374 1373 
6 674 675 328 1488 1487 137 
5 140 330 1534 1533 139 
5 674 675 331 1533 139 
7 325 329 1972 1973 1374 1461 1460 
6 770 919 333 1858 1862 1231 
6 35 1231 1862 1861 1821 1794 
5 334 771 333 1858 1857 
5 109 117 919 333 771 
6 113 109 771 334 1822 1785 
5 1821 1822 334 1857 1861 
5 105 110 769 31 332 
5 35 31 332 1795 1794 
5 105 332 1795 1785 113 
5 117 110 769 770 919 
6 339 805 865 335 1882 1622 
5 1722 1723 335 1882 1877 
5 342 336 914 338 1442 
6 337 338 914 913 340 343 
5 341 337 338 1442 1441 
4 1111 1202 347 1350 
5 350 34 27 344 348 
6 353 352 1003 1034 355 680 
5 155 1003 352 1815 1816 
5 353 352 1815 1819 638 
5 356 351 1764 1765 1564 
6 355 354 356 1564 1563 680 
7 154 155 1816 1820 1489 1765 1764 
5 353 638 776 1563 680 
5 158 157 354 356 351 
4 354 157 1034 355 
4 158 351 1764 154 
4 1180 1181 1776 220 
6 263 230 1465 1769 1923 1912 
4 1282 1283 1912 263 
4 981 1079 1936 1203 
5 359 657 1819 1815 1414 
4 1413 1414 1815 352 
5 342 336 657 1819 638 
5 360 357 353 352 1413 
4 339 358 361 805 
5 363 904 97 1351 1051 
7 97 1266 1246 1898 1897 1184 1351 
5 960 1247 976 1612 1618 
6 975 976 1247 1246 1266 1265 
6 362 628 1617 1646 1172 779 
5 362 628 1897 1184 730 
5 362 730 1051 363 779 
4 1246 1247 960 1898 
6 363 779 1172 1171 98 904 
6 91 364 309 313 1580 1579 
5 229 946 1550 1423 956 
5 295 293 365 832 1174 
5 365 315 309 364 832 
5 91 364 832 1174 1173 
4 46 43 366 1141 
5 1011 1012 636 1893 367 
5 630 910 1012 636 1101 
4 715 716 912 368 
5 368 912 1676 1796 1275 
5 368 715 1322 844 1275 
5 369 370 371 1039 889 
5 372 369 889 1146 1321 
6 844 1275 1796 1789 1623 1572 
6 372 369 370 1676 912 716 
5 370 371 1789 1796 1676 
5 371 1039 1624 1623 1789 
5 715 716 372 1321 1322 
5 1619 1733 1042 1775 1777 
5 337 338 847 1648 1649 
6 847 848 373 1777 1619 1648 
6 374 373 848 1442 1441 375 
4 847 848 1442 338 
6 644 1518 1875 1876 1847 1859 
5 378 1215 1859 1847 1666 
5 1666 1836 1873 1876 1847 
6 378 778 1667 1835 1836 1666 
6 644 1214 1132 1787 1786 1518 
4 1214 1215 1859 644 
5 378 778 1132 1214 1215 
4 381 343 337 1649 
6 379 1077 1543 381 1649 1648 
4 383 379 1648 847 
6 383 379 1077 1078 1023 624 
6 623 624 383 847 338 914 
6 623 624 1023 1855 1856 380 
4 380 382 1850 1856 
5 380 382 913 914 623 
5 343 340 1544 1543 381 
6 340 913 382 1850 1849 1544 
5 384 219 218 379 1077 
5 218 379 1648 1619 900 
6 384 1077 1543 1714 1701 1363 
4 1287 1440 1363 1701 
4 381 268 1714 1543 
5 384 219 1075 1440 1363 
5 381 268 1309 1732 1649 
5 385 725 1758 1300 794 
5 1 590 1757 1606 1504 
4 205 385 794 195 
6 205 143 712 726 725 385 
5 193 195 794 1300 1189 
5 193 199 1588 1607 1189 
5 1 590 726 712 711 
5 141 199 1588 1587 5 
6 237 684 1700 1670 284 783 
5 386 101 115 834 1026 
5 103 115 834 882 881 
6 237 684 971 386 1026 1025 
5 114 101 386 971 970 
5 112 114 970 1699 1671 
5 284 104 112 1671 1670 
6 390 724 393 1577 1585 993 
5 392 646 761 1598 1602 
5 387 392 646 388 391 
5 387 389 625 1602 392 
5 391 387 389 645 723 
5 389 625 1681 1745 645 
6 395 935 1062 86 941 942 
6 689 879 1010 1220 1725 1724 
6 88 689 879 878 1362 1070 
5 396 402 840 839 619 
6 397 399 619 839 400 817 
4 401 398 1432 1384 
5 396 619 399 1094 1095 
4 397 399 1094 814 
6 30 33 1156 1235 54 1154 
5 36 30 1154 1155 915 
4 28 785 1886 1256 
5 33 28 785 403 1156 
6 403 1084 1870 1869 1235 1156 
5 403 785 1886 1888 1084 
6 77 915 36 1256 1886 1888 
5 77 915 1155 1881 1880 
5 1154 1155 1881 1865 54 
5 405 407 406 789 1627 
5 406 152 1211 1234 789 
5 867 868 404 903 1053 
5 902 903 404 1704 1703 
5 404 868 1320 1575 1704 
6 902 906 1625 1627 405 1703 
5 610 1052 906 1625 1412 
6 184 610 1412 1234 1211 1210 
5 406 152 1399 1574 407 
6 405 407 1574 1575 1704 1703 
5 184 610 1052 1053 867 
5 874 1019 1151 1594 1484 
5 408 597 1484 874 875 
5 410 597 1484 1594 1239 
4 410 409 408 597 
4 916 1174 295 1511 
7 222 411 270 662 1430 1480 605 
5 222 411 1551 1550 946 
5 270 267 1535 1551 411 
5 163 130 134 412 414 
4 414 163 159 2010 
5 413 808 924 2012 1926 
5 134 412 1924 687 129 
6 412 414 2010 2012 1926 1924 
5 413 846 687 1924 1926 
5 413 808 2000 2004 846 
5 129 687 846 2004 2003 
6 923 924 808 2000 2014 2008 
5 68 122 1718 1730 891 
6 1475 1718 1730 135 2013 2014 
6 68 70 167 1267 1113 122 
5 1112 1268 2008 2014 1475 
4 167 133 67 70 
6 965 966 1008 1696 1695 1673 
5 795 934 1045 966 1008 
5 795 1008 1696 1114 1222 
5 263 827 1640 1911 1912 
5 965 1044 827 1640 1673 
5 415 416 710 1767 1826 
5 1482 1483 1825 1826 415 
5 419 1424 1825 1826 1767 
5 418 241 766 611 417 
5 756 874 1484 1499 1526 
6 1498 1499 1526 1994 1991 65 
4 756 1526 1994 1958 
5 1958 1965 618 1991 1994 
5 149 148 1483 1825 1834 
5 1482 1483 148 1578 784 
5 415 588 1056 1827 1826 
6 588 589 421 784 1482 415 
5 588 589 772 420 1056 
5 420 745 1953 849 772 
6 733 745 420 1056 1827 1833 
6 421 784 1578 1959 1953 849 
4 421 589 772 849 
4 85 179 1076 1761 
5 403 423 585 1762 1084 
5 422 423 403 785 738 
5 422 423 585 1177 2019 
5 287 292 424 810 706 
4 878 1142 1218 1362 
4 394 626 925 911 
6 428 425 426 813 812 1387 
5 426 813 1599 1930 1342 
4 425 426 1342 430 
5 38 429 427 1802 697 
6 431 632 1803 1802 427 1943 
5 429 427 1943 1946 181 
5 428 632 1803 1386 1387 
5 431 430 425 428 632 
6 431 430 1342 1930 1946 1943 
5 38 429 181 1600 1318 
4 741 1916 1281 1977 
5 1831 1832 1225 1929 1804 
5 1281 1687 1804 1929 1916 
7 1281 1687 1794 1795 952 1976 1977 
5 1687 1794 1821 1831 1804 
6 595 596 1035 1766 1753 318 
6 596 741 1916 1929 1225 1035 
5 318 952 1795 1785 1753 
5 595 596 741 1977 1976 
5 1035 1225 1832 1817 1766 
6 223 432 321 1429 1481 604 
4 222 411 436 668 
4 435 432 223 669 
5 435 432 321 322 434 
5 434 322 264 265 433 
5 433 436 411 270 265 
6 434 433 436 668 669 435 
6 120 598 1729 1725 1370 860 
6 290 962 685 1754 860 1370 
4 290 1220 1725 1370 
5 120 722 1755 1754 860 
6 397 437 1545 961 932 814 
5 777 818 437 1545 1546 
4 397 437 818 817 
5 440 442 885 1188 1360 
6 438 440 1360 1522 1506 439 
5 443 438 440 442 441 
4 885 953 1212 1188 
6 444 1296 1438 652 1334 1335 
4 444 445 801 1335 
5 444 445 1567 1297 1296 
6 445 801 899 898 1638 1567 
5 1116 1257 1297 1567 1638 
5 361 358 334 771 1379 
5 984 1414 359 1830 1843 
5 449 447 1143 1356 1408 
5 449 1408 1749 1426 1524 
5 449 447 1591 1420 1524 
5 1043 1143 447 1591 1592 
5 448 793 1356 1408 1749 
5 757 793 448 1962 1963 
5 1426 1524 1420 1955 1952 
5 757 793 1356 1143 1043 
5 448 1749 1426 1952 1962 
4 451 750 801 899 
6 750 801 1335 1417 1014 1013 
5 717 1260 1609 1996 1997 
5 1608 1609 1996 1995 450 
5 631 701 863 161 872 
6 198 196 238 1122 1123 1087 
5 238 196 1245 1273 992 
6 631 701 963 1348 1123 1087 
5 871 872 631 1087 198 
5 456 1017 1103 455 1472 
6 455 1103 1669 1668 1139 1140 
6 996 997 457 1147 1169 1040 
5 454 996 1040 1066 1065 
6 1016 1017 456 1065 1066 883 
5 601 883 1066 1040 1169 
6 453 452 1409 1472 455 1140 
5 457 453 1140 1139 1147 
5 454 1065 456 1472 1409 
4 457 453 452 997 
5 996 997 452 1409 454 
5 191 47 42 608 949 
5 48 458 459 781 876 
5 48 47 191 192 458 
6 192 458 459 461 460 621 
6 252 233 989 643 949 608 
4 460 461 1988 1990 
6 461 459 781 232 1987 1988 
6 460 621 643 989 1989 1990 
5 70 167 166 202 72 
7 202 72 71 760 766 611 201 
5 73 71 760 759 1495 
5 417 611 201 1324 1389 
5 305 418 417 1389 1388 
5 241 17 16 305 418 
5 68 122 1494 1495 73 
5 731 979 462 1973 1975 
6 715 716 802 1974 1972 1568 
6 462 698 1569 1568 1972 1973 
5 462 698 1298 1327 979 
4 1321 1322 463 1635 
6 698 1298 1664 1635 463 1569 
5 372 716 802 732 1058 
6 372 1058 634 1664 1635 1321 
6 731 732 1058 634 1327 979 
5 463 1322 715 1568 1569 
4 1307 1899 1896 1932 
5 464 1307 1932 1931 1343 
6 464 1307 1899 1884 842 1603 
5 389 625 841 648 2021 
5 182 987 1884 1899 1896 
5 841 842 1884 987 648 
6 387 392 1343 1931 734 735 
5 464 1343 392 1602 1603 
5 1771 1772 1966 1963 1956 
6 368 715 1568 1393 1395 1339 
4 329 1393 1568 1972 
6 1054 1055 329 1393 1395 729 
5 716 802 1961 1967 912 
5 1054 1055 326 1952 1955 
6 368 912 1967 1966 1772 1339 
6 326 1952 1962 1961 802 1974 
6 465 211 1656 1634 1490 1157 
6 624 1023 1161 1162 465 1157 
6 1023 1078 1190 998 1182 1161 
6 384 219 214 799 998 1190 
5 209 211 465 1162 1183 
5 218 379 383 1490 1634 
4 383 624 1157 1490 
4 1077 1078 1190 384 
5 209 799 998 1182 1183 
5 821 822 2006 987 182 
4 87 466 879 689 
5 467 648 987 2006 2005 
6 468 430 1342 1343 464 1007 
5 425 426 647 1620 1633 
6 425 430 468 469 1632 1633 
6 646 647 1620 1621 762 761 
6 646 647 426 1342 1343 392 
5 469 61 762 1621 1632 
5 1006 1007 464 1603 1597 
5 469 61 1006 1007 468 
5 1456 1477 1623 1789 1799 
4 1456 1459 1510 1799 
6 1456 1459 1707 1721 1519 1477 
5 470 1102 1914 1720 1555 
6 259 599 371 1789 1799 1510 
5 470 1039 1624 1556 1555 
5 371 599 1102 470 1039 
5 1477 1519 1556 1624 1623 
5 18 1048 1581 1202 1111 
5 1201 1202 1581 1578 784 
5 460 471 751 614 1990 
6 613 752 473 937 1985 1001 
6 751 752 473 1662 1644 471 
4 460 471 1644 621 
5 472 474 1037 948 788 
5 472 474 937 1985 1986 
4 472 788 990 1986 
5 473 937 474 1037 1662 
5 613 614 1990 1989 1001 
6 475 600 690 704 1739 1738 
5 248 251 469 61 1684 
5 469 251 1124 819 468 
5 475 477 478 304 600 
5 478 304 62 1006 1007 
4 476 477 475 1738 
6 476 819 1124 791 1739 1738 
6 477 478 1007 468 819 476 
4 791 1137 704 1739 
6 690 704 1137 248 1684 1693 
5 365 832 749 1099 1098 
6 479 707 480 983 1099 749 
5 479 707 1512 1511 916 
5 479 749 832 1174 916 
5 480 983 1088 1453 1454 
5 480 707 1512 1402 1454 
5 293 365 1098 1089 663 
5 177 482 235 1439 1601 
5 483 481 470 1102 686 
5 482 235 1680 686 483 
5 481 470 1555 1336 178 
5 481 178 177 482 483 
6 446 743 818 437 1175 1378 
4 437 1175 1455 1545 
6 325 327 485 486 404 903 
5 485 327 1200 1199 317 
5 58 1024 484 1703 1704 
4 484 1400 902 1703 
5 59 58 1704 404 486 
6 325 329 1393 1400 902 903 
6 484 1024 1394 1395 1393 1400 
6 486 485 317 1306 1305 59 
5 454 489 488 1192 1065 
6 983 1040 1066 1445 1520 1088 
5 488 828 1521 1446 1192 
5 480 487 996 1040 983 
4 480 487 1711 1454 
6 454 489 1710 1711 487 996 
5 489 488 828 1109 1710 
6 828 1109 1453 1088 1520 1521 
4 325 903 1053 1460 
5 906 907 1401 1400 902 
5 698 699 907 1401 1569 
6 906 907 699 954 775 1052 
4 462 1237 1374 1973 
5 698 699 954 1237 462 
5 775 954 1237 1374 1461 
5 35 29 1688 1687 1794 
4 1231 1232 346 1862 
5 350 34 29 1688 1637 
5 406 152 1233 938 627 
5 406 627 1951 1950 789 
6 651 1352 1941 1942 1369 1428 
6 627 938 1474 1369 1942 1951 
5 938 1233 1582 1473 1474 
6 303 1427 1473 1582 1960 1954 
4 299 303 1954 1061 
6 789 1234 1349 1352 1941 1950 
5 125 490 1467 491 128 
6 941 942 1021 492 1338 1038 
5 1037 1038 1338 1478 474 
5 443 441 1047 1046 493 
4 444 590 1 1296 
6 444 590 1757 1712 1417 1335 
5 196 193 1189 1317 238 
6 1242 1243 1706 1734 1547 1560 
5 1547 1548 1274 1735 1734 
6 917 918 1098 1099 1170 740 
5 983 1040 1169 1170 1099 
4 83 883 1066 1445 
5 55 586 1372 1371 798 
6 969 1215 1859 1860 1276 1340 
5 1121 1185 1860 1276 1663 
6 644 1214 1372 586 1837 1838 
5 1304 1340 1276 1663 1682 
6 644 1838 1840 1185 1860 1859 
5 494 44 50 150 1049 
5 938 939 494 1049 1233 
5 458 459 407 1574 1552 
7 407 406 627 965 1044 781 459 
6 494 44 877 1045 966 939 
6 50 150 1399 1574 1552 51 
4 51 48 458 1552 
5 326 1534 1595 1426 1952 
5 331 495 1525 1596 1533 
5 495 591 1420 1524 1525 
5 331 495 591 1199 1200 
6 1094 1095 1252 953 1212 1213 
6 108 496 399 1094 1213 1255 
5 396 488 1192 1252 1095 
6 456 885 1188 1254 1471 1472 
5 489 497 1784 1409 454 
6 489 488 396 619 620 497 
6 108 496 620 497 1784 1783 
4 496 399 619 620 
6 456 885 953 1252 1192 1065 
6 52 307 306 498 1698 968 
6 411 436 750 451 1004 1551 
5 433 265 1566 1567 445 
5 433 445 801 750 436 
5 898 899 451 1004 190 
6 190 720 298 1535 1551 1004 
5 269 298 720 1639 1554 
5 499 727 826 934 795 
5 499 795 1222 1258 1259 
5 153 256 253 351 158 
5 1028 1153 1628 1988 1987 
6 234 1027 1247 960 1642 1643 
6 1153 1246 1898 1904 1626 1628 
4 500 780 1904 1626 
6 613 614 500 780 1642 1643 
6 500 614 1990 1988 1628 1626 
5 780 1642 960 1898 1904 
4 613 1001 234 1643 
6 431 510 507 506 1944 1943 
5 508 510 431 632 633 
4 506 501 504 1944 
6 502 617 737 509 681 682 
5 503 505 502 617 820 
5 632 633 736 1800 1803 
5 427 503 820 1801 1802 
5 506 501 682 681 507 
5 505 502 682 501 504 
5 510 507 681 509 508 
6 427 503 505 504 1944 1943 
5 508 509 737 736 633 
5 606 607 512 1126 792 
5 511 1043 1143 1217 1081 
5 511 512 607 988 1081 
5 250 793 1356 1357 811 
5 250 792 1126 757 793 
5 1216 1357 811 1376 1377 
5 511 512 1126 757 1043 
5 988 1081 1217 1216 1377 
5 500 614 751 1401 907 
5 484 471 751 1401 1400 
6 484 471 460 461 405 1703 
5 405 461 1988 1628 1627 
5 906 907 500 1626 1625 
4 442 885 456 1017 
5 455 514 1032 174 1103 
4 513 111 112 1671 
6 513 514 455 1472 1471 111 
7 513 514 1032 1031 210 1670 1671 
4 208 284 1670 210 
6 176 174 1103 1017 442 440 
5 176 440 1360 1359 175 
5 155 603 744 1768 1816 
7 710 984 1414 1815 1816 1768 1767 
5 1002 1003 352 1413 1097 
6 1242 1243 419 1767 1768 744 
5 377 376 748 828 1109 
5 516 517 1355 1354 138 
5 518 517 516 1868 1867 
6 138 516 1868 1228 1238 1204 
5 1227 1228 1868 1867 1193 
5 1354 1355 1191 1487 137 
5 518 517 1355 1191 852 
6 852 1191 1487 1461 775 1330 
5 518 852 1330 1193 1867 
5 319 592 513 1671 1699 
5 944 970 1699 319 1251 
5 332 944 1251 952 1795 
5 105 332 944 970 114 
5 1781 1782 1753 1785 113 
4 318 1198 1782 1753 
6 513 111 1781 1782 1198 592 
7 507 476 1738 1744 1967 1961 681 
6 791 792 1126 1127 1743 1739 
4 507 476 819 510 
6 508 509 448 793 250 1125 
5 508 510 819 1124 1125 
5 509 448 1962 1961 681 
5 1126 1127 1966 1963 757 
5 320 321 432 520 519 
5 320 519 612 767 639 
4 416 710 984 1843 
5 515 520 519 612 709 
5 245 1479 1507 895 1842 
5 223 432 520 515 225 
5 1269 1429 1481 1507 1479 
5 482 483 1917 1927 1891 
6 316 413 1926 1927 1891 1945 
6 177 482 1891 1945 1949 169 
5 483 481 947 1925 1917 
5 687 688 1615 1863 846 
6 481 178 830 1615 688 947 
5 316 413 846 1863 1844 
6 170 660 830 1615 1863 1844 
5 695 1114 1696 1692 1385 
5 521 118 1385 695 524 
6 524 695 1114 1222 1258 1284 
6 359 657 1057 1056 588 1830 
5 336 657 1057 623 914 
5 420 380 623 1057 1056 
6 339 358 334 1822 1817 1622 
5 296 670 1732 1309 823 
5 1531 1532 189 1639 1554 
4 491 128 127 526 
7 790 1229 1280 1075 1440 1537 1493 
5 1190 1191 1355 1363 384 
6 674 675 774 594 1083 1082 
5 328 675 774 773 800 
5 799 800 328 1488 998 
5 527 528 813 426 647 
4 388 527 647 646 
5 388 527 528 529 391 
6 262 616 1610 1611 836 835 
6 753 754 1468 1467 490 1015 
5 530 658 753 1015 1311 
5 531 197 198 1087 1240 
5 199 197 531 66 1588 
6 531 66 1593 1594 1239 1240 
6 422 533 535 861 2020 2019 
5 532 536 533 422 738 
4 536 533 535 534 
6 362 628 1119 1118 1675 1674 
5 362 779 1312 1672 1674 
5 779 1172 1015 1311 1312 
5 1311 1312 1672 1793 530 
6 530 658 537 1485 1792 1793 
5 144 537 1485 850 664 
5 850 1118 1675 1792 1485 
5 753 1015 1172 1646 1364 
5 144 537 658 753 1364 
4 665 1119 628 1617 
6 987 1884 1891 1945 2001 2006 
5 316 413 808 636 1012 
5 367 822 2006 2001 1011 
6 821 822 367 1893 1895 162 
5 636 808 924 1895 1893 
5 538 124 1106 1107 539 
6 121 124 538 995 1576 1577 
5 121 20 654 393 1577 
5 100 763 1457 1185 1840 
5 1038 1121 1185 1457 1338 
5 763 845 492 1338 1457 
6 43 45 1818 87 466 366 
6 366 466 879 878 1142 1141 
5 191 47 45 1818 1829 
6 540 754 1130 1584 1585 786 
6 538 124 1719 1731 144 537 
5 145 1540 1604 1719 1731 
5 540 786 1540 145 1443 
6 786 1540 1604 121 1577 1585 
5 538 537 658 1131 995 
5 753 754 540 1443 1364 
5 286 102 107 541 908 
5 814 932 926 1213 1094 
6 107 541 1455 1175 1176 106 
6 496 399 397 437 1175 1176 
4 106 108 496 1176 
5 541 908 961 1545 1455 
5 320 323 200 194 519 
5 240 760 71 1570 1539 
6 74 206 200 323 1808 1571 
4 72 74 206 202 
5 194 519 612 611 201 
4 240 640 1807 1539 
4 362 730 922 1674 
5 1502 1503 982 1835 1667 
6 447 542 1780 1782 1198 1591 
5 449 447 542 452 453 
5 449 453 1140 1525 1524 
5 495 514 455 1140 1525 
5 513 514 495 591 592 
5 452 542 1780 1784 1409 
5 516 517 1702 1541 768 
5 266 1209 1382 1538 1286 
5 138 516 768 1208 1383 
5 517 1355 1363 1701 1702 
4 1153 1246 1266 1641 
4 1351 1352 1941 97 
6 1627 1628 1153 1641 1950 789 
6 504 414 2010 2009 1947 1944 
5 414 163 837 505 504 
5 503 505 837 872 631 
5 427 503 631 701 429 
5 429 181 160 863 701 
7 487 543 692 1878 1877 1722 1711 
5 487 543 708 707 480 
4 545 1509 1715 1709 
4 544 692 543 708 
5 109 106 1176 1379 771 
5 1753 1766 1883 1780 1782 
6 497 335 1882 1883 1780 1784 
4 497 335 865 620 
7 496 620 865 805 361 1379 1176 
5 858 1014 1417 1712 1717 
6 433 445 444 590 726 434 
5 436 668 940 1013 750 
6 435 669 1262 1716 1758 725 
4 435 434 726 725 
5 547 546 1637 350 348 
6 849 1805 1806 303 1954 1953 
6 347 806 1473 1582 1581 1202 
4 421 349 1201 784 
5 1236 1435 1281 1977 1979 
6 1133 1226 1435 1281 1916 1915 
5 378 694 1763 969 1215 
5 1371 1372 1226 1435 1236 
5 1132 1133 1226 1372 1214 
5 378 694 742 300 778 
5 741 742 300 1915 1916 
6 741 742 694 1763 1979 1977 
5 549 705 1527 985 986 
6 549 90 91 364 548 705 
4 311 313 1580 1514 
6 311 1497 1527 985 1513 1514 
5 548 312 1497 1527 705 
4 548 312 309 364 
5 985 986 89 991 1513 
4 549 90 89 986 
4 706 719 1333 810 
5 536 547 348 344 532 
6 1557 1558 373 1777 1776 1181 
5 220 900 1619 1777 1776 
5 776 848 373 1558 1563 
6 847 848 776 1489 1490 383 
6 1180 1181 1557 1564 1765 1773 
5 378 694 1127 1743 1666 
5 694 742 512 1126 1127 
6 512 607 1503 1502 300 742 
5 704 1739 1743 1666 1836 
6 1137 1138 982 1835 1836 704 
5 606 607 1503 982 1138 
6 364 548 275 853 749 832 
4 549 271 274 705 
5 277 92 1085 1086 280 
5 271 277 92 90 549 
4 274 275 548 705 
4 273 479 749 853 
5 273 479 916 1086 280 
6 1791 1792 1675 1872 1971 1970 
6 551 324 869 1854 1856 1850 
5 552 551 1850 1849 1737 
6 518 852 1841 1849 1737 1736 
5 551 324 622 1060 552 
5 518 1736 1148 1871 1867 
5 1193 1726 1205 1871 1867 
5 552 1060 1148 1736 1737 
6 249 1292 1295 803 1570 1539 
6 73 803 1295 539 1107 1495 
5 82 168 1303 493 1046 
6 553 978 1315 1556 1624 1573 
6 474 937 1572 1623 1477 1478 
6 1572 1573 553 1980 1985 937 
5 205 385 520 519 194 
4 1029 1324 1389 1705 
5 515 520 385 794 1411 
4 419 1243 1706 1424 
5 26 36 915 554 951 
5 332 31 30 1154 944 
4 26 40 950 951 
6 110 101 386 950 40 769 
4 554 915 1155 1129 
6 950 951 554 1129 971 386 
6 254 981 1203 439 1506 1505 
6 438 439 1203 1936 1933 1586 
4 438 440 176 1586 
6 257 221 207 1064 1523 1452 
5 257 221 1079 981 254 
5 508 633 1358 1406 1125 
5 509 448 1749 1750 737 
5 736 737 1750 1433 1063 
5 1356 1357 1145 1434 1408 
6 1144 1145 1357 811 1406 1358 
5 633 736 1063 1144 1358 
5 63 236 1631 1611 836 
5 365 315 1491 918 1098 
6 12 763 1457 1456 1459 1458 
5 556 558 1750 1433 755 
6 281 557 559 560 556 755 
4 736 1063 282 1800 
5 558 555 617 737 1750 
5 555 560 559 820 617 
5 281 557 1801 1800 282 
4 560 556 558 555 
4 557 559 820 1801 
5 74 206 714 561 75 
5 562 203 714 561 980 
5 75 561 980 1328 69 
5 132 838 562 980 1328 
4 562 203 764 838 
6 867 1053 1460 1488 998 1182 
5 184 183 1853 1331 610 
5 610 1052 775 1330 1331 
5 183 1161 1023 1855 1853 
5 1190 1191 852 1841 1078 
5 355 563 629 1093 680 
5 357 353 680 1093 1092 
5 476 477 564 506 507 
4 564 477 478 1187 
5 431 510 819 468 430 
5 478 1007 464 1307 1187 
7 506 564 1187 1307 1932 1947 1944 
5 511 512 742 741 596 
5 511 596 1035 1036 1081 
5 619 620 865 866 839 
5 119 535 533 1845 1326 
6 301 683 1163 1326 1845 1846 
6 536 547 546 1846 1845 533 
6 857 1104 1119 628 1897 1905 
5 671 1118 1675 1872 1866 
5 671 1105 1228 1868 1866 
6 1193 1227 857 1905 1690 1726 
5 441 442 1017 1016 1047 
4 642 1158 1810 1969 
6 518 517 1702 1715 1709 1736 
6 1809 1810 1969 1971 1872 1866 
5 516 768 1809 1866 1868 
6 545 641 1469 1148 1736 1709 
6 641 642 1158 1542 1509 545 
5 415 416 1843 1830 588 
6 1456 1457 1185 1860 1848 1799 
4 473 844 1572 937 
6 473 844 1275 1276 1663 1662 
5 119 120 860 861 535 
4 522 565 1160 1197 
5 565 550 807 1159 1160 
5 566 408 409 39 1135 
5 566 700 920 1134 1135 
4 386 950 854 1026 
5 396 488 828 748 402 
5 489 497 335 1723 1710 
6 503 631 1087 1240 559 820 
5 555 568 567 502 617 
6 567 562 838 837 505 502 
5 568 567 562 203 204 
6 197 204 568 555 560 531 
4 559 560 531 1240 
4 860 861 2020 1370 
5 310 467 648 841 691 
5 33 29 1688 1436 1156 
6 532 344 27 28 785 738 
5 422 533 1845 1852 423 
6 403 423 1852 1851 1436 1156 
6 546 1637 1688 1436 1851 1846 
6 25 154 1764 1774 1657 24 
5 1329 1756 1768 1816 1820 
6 465 211 972 744 1768 1756 
4 465 1157 1329 1756 
5 572 571 570 1548 1547 
5 212 572 1547 1560 973 
5 237 684 570 1548 1515 
5 571 570 684 1700 569 
5 572 571 569 213 212 
5 213 569 1700 1670 210 
4 1435 1436 1851 1226 
5 301 1133 1226 1851 1846 
4 405 407 459 461 
4 627 965 1673 1951 
6 827 873 1028 1153 1641 1640 
4 526 649 1030 851 
6 491 526 649 573 1468 1467 
5 1027 1247 976 1470 1464 
5 975 976 1470 1770 1751 
4 1544 1708 1737 1849 
5 134 412 1059 1058 634 
5 574 1059 412 1924 1925 
5 574 369 889 947 1925 
6 687 688 661 1636 1665 129 
5 372 369 574 1059 1058 
5 661 1146 1321 1635 1636 
5 661 688 947 889 1146 
5 680 1093 696 1558 1563 
5 342 638 776 848 1442 
5 174 1103 1669 1463 1462 
5 82 168 1463 1669 1589 
6 493 443 438 1586 1655 1303 
6 543 708 929 928 457 997 
5 273 479 707 708 929 
4 457 928 1651 1147 
5 749 853 1650 1170 1099 
4 487 543 997 996 
5 116 107 541 1179 1178 
5 93 89 986 700 920 
6 428 632 633 1358 1778 1797 
5 428 425 1633 1294 1797 
4 469 251 1290 1632 
5 1293 1294 1797 1778 1407 
6 279 274 705 1527 1526 1499 
5 1498 1499 279 1677 1562 
6 548 275 1678 1486 1653 312 
5 481 470 1039 889 947 
6 478 304 686 483 1917 1187 
5 475 370 371 599 600 
5 574 564 1187 1917 1925 
6 574 369 370 475 477 564 
5 482 235 842 1884 1891 
7 409 39 697 1802 1801 557 410 
5 557 559 1240 1239 410 
6 257 221 1774 1764 351 253 
5 661 862 1319 1686 1636 
5 1863 1864 1152 2004 846 
5 1152 1308 131 2003 2004 
5 465 1162 1833 1827 1756 
5 187 572 1547 1734 1353 
5 212 209 1183 187 572 
4 423 585 1000 1852 
6 999 1000 1852 1845 1326 1325 
5 542 693 1874 1883 1780 
6 452 542 693 692 543 997 
4 692 693 1874 1878 
5 189 955 215 1080 1532 
6 1297 1492 1538 1286 1566 1567 
5 125 490 1015 1172 1171 
5 281 272 597 410 557 
5 272 279 1499 1484 597 
4 556 746 1645 755 
6 531 66 893 746 556 560 
4 1167 1168 576 1779 
5 1144 1167 1779 1778 1358 
5 575 943 1145 1357 1216 
6 979 980 561 1238 1237 462 
5 713 714 561 1238 1204 
5 567 562 980 979 731 
5 568 567 731 1975 330 
5 568 204 136 140 330 
5 52 50 150 151 307 
5 484 471 1644 1683 1024 
5 463 752 473 844 1322 
5 1275 1276 1340 1339 368 
5 751 752 463 1569 1401 
5 578 283 1167 1779 1798 
6 428 1387 1500 578 1798 1797 
6 278 282 1800 1803 1386 1501 
5 578 283 278 1501 1500 
5 538 539 1295 1485 537 
4 803 850 1485 1295 
5 54 1154 944 1251 1250 
4 100 11 12 763 
5 447 542 693 1217 1143 
5 544 575 943 929 708 
6 449 453 457 928 1434 1408 
6 544 575 1216 1217 693 692 
4 573 540 754 1468 
5 656 786 1585 993 957 
5 573 540 786 656 1005 
5 566 276 272 597 408 
6 549 271 276 566 700 986 
7 463 752 613 1643 1686 1636 1635 
5 500 780 1128 699 907 
5 506 501 1059 574 564 
5 412 414 504 501 1059 
6 1381 1470 976 1612 1811 1812 
5 234 921 1319 1686 1643 
6 921 1319 1530 1528 1345 1346 
5 661 862 553 1573 1146 
5 553 862 1616 888 978 
5 595 596 511 1043 1592 
5 1036 1081 1217 693 1874 
6 51 968 1698 1713 1553 1552 
5 45 967 1224 1824 1818 
6 60 192 458 1552 1553 57 
4 57 1553 1713 1890 
5 501 682 732 1058 1059 
5 567 502 682 732 731 
5 435 432 520 385 725 
6 186 580 1713 1553 1575 1320 
5 579 580 186 1366 1241 
5 498 579 1241 1391 306 
5 579 580 1713 1698 498 
6 558 555 568 330 1534 1595 
5 681 682 732 802 1961 
5 1426 1595 558 1750 1749 
5 699 954 1227 857 1128 
5 857 1128 780 1904 1905 
5 1152 1864 1984 1998 1995 
6 146 450 593 188 1814 1813 
5 146 450 1995 1152 1308 
5 653 797 1528 1530 1583 
6 869 1061 1954 1953 745 1854 
5 420 380 1856 1854 745 
6 127 526 649 1444 1647 1291 
5 32 243 1613 1614 702 
5 1613 1614 578 1798 242 
4 702 1500 578 1614 
5 528 345 37 812 813 
6 434 322 1209 1382 712 726 
5 323 200 142 1383 1208 
5 581 570 684 971 1129 
5 581 570 1548 1274 1272 
6 554 964 1271 1272 581 1129 
5 183 733 745 1854 1853 
6 277 92 1508 1614 578 283 
6 153 256 809 810 1333 1332 
5 579 1241 1735 1274 1272 
5 1260 1261 582 1285 1018 
5 1241 1366 1353 1734 1735 
5 573 540 1443 1444 649 
4 95 796 1369 1942 
5 494 673 565 1160 939 
5 553 862 1319 921 1980 
5 694 1127 1966 1772 1763 
6 523 390 993 957 582 1285 
5 75 561 1238 1228 1105 
5 857 1104 855 1341 1128 
5 630 910 1982 1999 1997 
6 1152 1995 1996 1375 2000 2004 
5 630 1101 1375 1996 1997 
5 636 808 2000 1375 1101 
5 671 1571 1808 1809 1866 
6 249 1539 1807 1810 1969 1968 
6 586 1000 1852 1851 1226 1372 
4 1264 1518 644 1838 
5 1375 1476 1605 1609 1996 
5 146 450 1608 1540 145 
7 525 577 123 1605 1609 1260 1018 
5 656 957 582 1261 1050 
5 1510 1799 1848 1847 1876 
5 475 370 1676 1744 1738 
5 690 704 1836 1873 1742 
5 4 739 1463 1669 1668 
5 59 486 583 584 1879 
5 58 57 1553 1575 1704 
5 404 486 583 185 868 
5 584 580 1713 1890 1879 
5 584 580 186 185 583 
6 139 2 3 677 1596 1533 
6 331 495 514 1032 774 675 
5 1139 1140 1525 1596 677 
6 93 920 1134 702 1614 1508 
5 566 276 278 1501 1135 
5 584 581 1272 579 580 
5 583 584 581 570 571 
5 185 187 572 571 583 
5 717 1344 1380 630 1997 
5 939 966 1008 1197 1160 
6 485 327 328 800 213 569 
6 317 319 1699 1700 569 485 
5 485 569 571 583 486 
6 556 558 1595 1596 677 746 
4 912 1676 1744 1967 
6 584 581 1129 1155 1881 1879 
5 1122 1123 1239 1594 1151 
6 999 1000 585 1177 1724 1728 
4 999 1000 586 1837 
5 862 1319 1530 1583 1616 
5 1345 1346 1464 1470 1381 
5 825 826 877 876 587 
6 1077 1078 1841 1849 1544 1543 
6 886 894 1476 1375 1101 1100 
5 643 948 788 990 989 
5 725 726 590 1757 1758 
5 591 592 1198 1591 1420 
5 676 870 1074 1073 1278 
5 601 602 740 1170 1169 
4 1477 1478 1288 1519 
5 603 744 1242 1410 892 
4 604 605 1480 1481 
5 606 607 988 1377 1376 
5 608 949 1070 1362 1218 
5 610 1331 1727 1689 1412 
5 1206 1207 1158 1542 1449 
5 1896 1932 1947 2009 2011 
5 661 688 1615 1616 862 
4 611 612 767 766 
5 1088 1089 663 1403 1453 
4 613 614 751 752 
5 1743 1744 1967 1966 1127 
5 615 616 829 1938 1937 
6 736 737 617 820 1801 1800 
5 1262 1263 858 1717 1716 
5 809 810 706 1523 1452 
5 960 1618 2018 2016 1642 
6 1211 1234 1349 1061 1954 1960 
5 622 1060 1148 1871 1205 
5 623 624 1157 1329 1057 
5 841 842 1603 1602 625 
5 938 939 966 965 627 
6 1617 1618 960 1898 1897 628 
5 1331 1727 869 1854 1853 
6 635 893 1562 1561 1195 1418 
5 825 826 934 933 637 
5 638 776 1489 1820 1819 
5 1056 1057 1329 1756 1827 
5 775 954 1227 1193 1330 
4 639 640 1270 1269 
4 697 1386 1803 1802 
5 641 642 1969 1971 1469 
5 643 948 1248 1070 949 
6 1330 1331 1853 1855 1841 852 
5 649 1030 1814 1813 1444 
5 650 651 1352 1351 1051 
5 1037 1038 941 1248 948 
5 656 786 1540 1608 1050 
5 1115 1116 1257 1437 927 
5 657 1057 1329 1820 1819 
5 753 754 1130 1131 658 
4 1084 1762 1752 1870 
4 1184 1690 1905 1897 
5 668 669 1262 1263 940 
5 1041 1042 1733 1732 670 
6 803 850 1118 671 1571 1570 
5 683 1163 1368 1786 1787 
5 970 971 684 1700 1699 
6 686 1102 1914 1907 1679 1680 
4 1636 1665 2015 1686 
5 687 688 947 1925 1924 
5 698 699 1128 1341 1298 
5 1134 1135 1501 1500 702 
5 740 1170 1650 1678 1486 
5 1305 1306 729 1395 1394 
5 776 1489 1765 1564 1563 
5 870 1074 1607 1606 1404 
4 730 1051 1351 1184 
5 731 732 802 1974 1975 
5 1224 1697 1889 1823 1824 
5 733 745 1953 1959 859 
5 746 893 1562 1677 1645 
5 757 1043 1592 1956 1963 
5 923 924 1895 1894 758 
5 837 838 764 871 872 
5 1035 1036 1874 1883 1766 
4 773 774 1032 1031 
5 1052 1053 1460 1461 775 
5 780 1128 1341 2016 1642 
5 902 903 1053 1052 906 
5 1210 1211 1960 1959 859 
5 876 877 1045 1044 781 
5 928 929 943 1145 1434 
5 787 788 948 1248 1249 
5 789 1234 1412 1625 1627 
4 834 882 1025 1026 
5 933 934 795 1222 1223 
5 796 974 1159 1474 1369 
4 804 805 865 866 
5 806 807 1159 1474 1473 
5 938 939 1160 1159 1474 
5 812 813 1599 1600 1318 
6 1321 1322 844 1572 1573 1146 
5 855 994 2018 2016 1341 
5 856 884 1654 1655 1303 
6 1075 1080 1532 1531 1287 1440 
5 1104 1105 1228 1227 857 
5 1013 1014 858 1263 940 
5 869 1061 1349 1689 1727 
4 878 879 1010 1009 
5 889 1039 1624 1573 1146 
5 900 1080 1532 1733 1619 
5 925 926 1213 1212 911 
5 1196 1197 1008 1696 1692 
5 1085 1086 916 1174 1173 
4 917 918 1491 1652 
6 922 1205 1871 1872 1675 1674 
6 1206 1207 1270 1269 1429 1430 
4 941 942 1249 1248 
5 1144 1145 943 1168 1167 
6 970 971 1129 1155 1154 944 
5 1250 1251 952 1976 1978 
5 1157 1329 1820 1489 1490 
4 953 1022 1253 1252 
5 1227 1228 1238 1237 954 
5 1117 1301 1404 1606 1504 
4 965 966 1045 1044 
5 967 968 1698 1697 1224 
5 1214 1215 969 1371 1372 
5 975 976 1612 1647 1291 
5 1159 1160 1197 1196 974 
4 979 980 1328 1327 
5 1088 1089 1098 1099 983 
5 1513 1514 1580 1579 991 
5 1130 1131 995 1576 1584 
5 1190 1191 1487 1488 998 
5 1323 1324 1389 1388 1020 
5 1016 1017 1103 1669 1589 
4 1023 1078 1841 1855 
5 1027 1028 1153 1246 1247 
6 1152 1308 1529 1530 1583 1864 
5 1244 1245 1029 1324 1323 
4 1087 1123 1239 1240 
5 1048 1049 1233 1582 1581 
5 1260 1261 1050 1608 1609 
4 1054 1055 1200 1199 
5 1144 1145 1434 1433 1063 
5 1359 1360 1522 1523 1064 
5 1065 1066 1445 1446 1192 
5 1069 1310 1740 1759 1681 
5 1248 1249 1361 1362 1070 
5 1073 1074 1593 1594 1151 
6 1761 1762 1084 1888 1887 1076 
4 1106 1107 1495 1494 
5 1453 1454 1711 1710 1109 
4 1112 1113 1267 1268 
4 1115 1116 1149 1150 
5 1120 1121 1185 1840 1839 
4 1122 1123 1348 1347 
5 1354 1355 1363 1440 1537 
5 1220 1221 1186 1729 1725 
4 1141 1142 1166 1165 
5 1216 1217 1143 1356 1357 
5 1169 1170 1650 1651 1147 
5 1148 1469 1971 1872 1871 
5 1235 1236 1435 1436 1156 
4 1161 1162 1183 1182 
5 1325 1326 1163 1368 1367 
5 1171 1172 1646 1647 1291 
4 1175 1176 1379 1378 
6 1724 1725 1370 2020 2019 1177 
6 1529 1530 1319 1686 2015 2017 
6 1351 1352 1349 1689 1690 1184 
5 1187 1307 1899 1927 1917 
5 1212 1213 1255 1254 1188 
5 1299 1300 1189 1317 1316 
5 1330 1331 1727 1726 1193 
6 1475 1476 1605 1604 1719 1718 
4 1194 1195 1418 1419 
6 1424 1706 1734 1353 1834 1825 
5 1237 1238 1204 1373 1374 
4 1208 1209 1382 1383 
4 1229 1230 1279 1280 
4 1234 1349 1689 1412 
5 1365 1366 1241 1391 1390 
5 1296 1297 1257 1437 1438 
5 1367 1368 1786 1518 1264 
5 1275 1276 1860 1848 1796 
5 1435 1436 1688 1687 1281 
5 1286 1287 1440 1537 1538 
5 1293 1294 1633 1632 1290 
5 1292 1295 1485 1792 1791 
6 1384 1385 1692 1691 1431 1432 
6 1298 1341 2016 2015 1665 1664 
4 1301 1302 1405 1404 
5 1339 1340 1304 1394 1395 
4 1406 1407 1778 1358 
5 1531 1532 1733 1732 1309 
4 1313 1314 1421 1422 
5 1398 1399 1574 1575 1320 
5 1516 1517 1509 1542 1449 
5 1456 1457 1338 1478 1477 
4 1342 1343 1931 1930 
5 1443 1444 1647 1646 1364 
5 1427 1428 1369 1474 1473 
5 1475 1476 1375 2000 2014 
4 1381 1392 1770 1470 
4 1386 1387 1500 1501 
7 1625 1626 1904 1905 1690 1689 1412 
5 1400 1401 1569 1568 1393 
4 1402 1403 1453 1454 
5 1433 1434 1408 1749 1750 
5 1471 1472 1409 1784 1783 
5 1591 1592 1956 1955 1420 
5 1524 1525 1596 1595 1426 
4 1429 1430 1480 1481 
4 1445 1446 1521 1520 
5 1505 1506 1522 1523 1452 
5 1458 1459 1510 1876 1875 
4 1460 1461 1487 1488 
5 1464 1465 1769 1770 1470 
6 1543 1544 1708 1709 1715 1714 
5 1498 1499 1484 1594 1593 
5 1561 1562 1677 1678 1486 
5 1489 1490 1634 1773 1765 
4 1492 1493 1537 1538 
5 1526 1527 1497 1993 1994 
5 1518 1786 1902 1900 1875 
5 1587 1588 1607 1606 1504 
5 1541 1542 1509 1715 1702 
5 1547 1548 1515 1559 1560 
5 1555 1556 1519 1721 1720 
5 1529 1530 1528 1812 1811 
4 1533 1534 1595 1596 
4 1535 1536 1550 1551 
5 1570 1571 1808 1807 1539 
5 1604 1605 1609 1608 1540 
4 1552 1553 1575 1574 
5 1566 1567 1638 1639 1554 
4 1557 1558 1563 1564 
4 1576 1577 1585 1584 
4 1572 1573 1624 1623 
5 1581 1582 1960 1959 1578 
5 1615 1616 1583 1864 1863 
5 1654 1655 1586 1933 1934 
4 1589 1590 1668 1669 
4 1597 1598 1602 1603 
5 1622 1817 1766 1883 1882 
5 1617 1618 1612 1647 1646 
5 1648 1649 1732 1733 1619 
4 1620 1621 1632 1633 
4 1625 1626 1628 1627 
5 1656 1657 1774 1773 1634 
4 1635 1636 1665 1664 
5 1640 1641 1950 1951 1673 
5 1642 1643 1686 2015 2016 
5 1662 1663 1682 1683 1644 
5 1650 1651 1645 1677 1678 
4 1658 1659 1679 1680 
7 1743 1744 1676 1796 1848 1847 1666 
5 1667 1788 1903 1892 1835 
4 1670 1671 1699 1700 
5 1674 1675 1792 1793 1672 
5 1745 1746 1760 1759 1681 
4 1684 1685 1694 1693 
4 1689 1690 1726 1727 
4 1691 1692 1696 1695 
5 1697 1698 1713 1890 1889 
4 1701 1702 1715 1714 
4 1718 1719 1731 1730 
5 1720 1721 1707 1913 1914 
4 1708 1709 1736 1737 
4 1710 1711 1722 1723 
5 1716 1717 1712 1757 1758 
4 1724 1725 1729 1728 
4 1738 1739 1743 1744 
4 1740 1741 1760 1759 
5 1747 1748 1901 1873 1742 
5 1769 1770 1751 1922 1923 
5 1761 1762 1752 1823 1824 
5 1753 1766 1817 1822 1785 
5 1767 1768 1756 1827 1826 
5 1771 1772 1763 1979 1978 
4 1764 1765 1773 1774 
4 1778 1779 1798 1797 
5 1781 1782 1780 1784 1783 
5 1786 1787 1788 1903 1902 
5 1794 1795 1785 1822 1821 
4 1789 1796 1848 1799 
4 1790 1791 1792 1793 
4 1800 1801 1802 1803 
4 1807 1808 1809 1810 
4 1811 1812 1814 1813 
4 1815 1816 1820 1819 
5 1821 1822 1817 1832 1831 
5 1823 1824 1818 1829 1828 
5 1835 1836 1873 1901 1892 
5 1826 1827 1833 1834 1825 
4 1837 1838 1840 1839 
5 1849 1850 1856 1855 1841 
5 1863 1864 1984 1983 1844 
4 1845 1846 1851 1852 
4 1847 1848 1860 1859 
4 1853 1854 1856 1855 
4 1857 1858 1862 1861 
5 1869 1870 1880 1881 1865 
5 1867 1868 1866 1872 1871 
5 1875 1876 1873 1901 1900 
5 1877 1878 1874 1883 1882 
5 1880 1881 1879 1890 1889 
4 1884 1891 1927 1899 
4 1885 1886 1888 1887 
5 1900 1901 1892 1903 1902 
6 1896 1899 1927 1926 2012 2011 
4 1897 1898 1904 1905 
4 1906 1907 1914 1913 
5 1911 1912 1923 1922 1908 
4 1918 1919 1921 1920 
4 1915 1916 1929 1928 
5 1924 1925 1917 1927 1926 
5 1931 1932 1947 1946 1930 
4 1933 1934 1935 1936 
4 1937 1938 1940 1939 
4 1941 1942 1951 1950 
4 1943 1944 1947 1946 
5 1948 1949 1945 2001 2002 
5 1955 1956 1963 1962 1952 
4 1953 1954 1960 1959 
5 1962 1963 1966 1967 1961 
4 1968 1969 1971 1970 
4 1972 1973 1975 1974 
4 1976 1977 1979 1978 
5 1983 1984 1998 1999 1982 
4 1980 1981 1986 1985 
4 1987 1988 1990 1989 
4 1991 1992 1993 1994 
5 1996 1997 1999 1998 1995 
5 2003 2004 2000 2014 2013 
4 2001 2002 2005 2006 
4 2007 2008 2014 2013 
4 2009 2010 2012 2011 
4 2015 2016 2018 2017 
CELL_DATA 1848
SCALARS is_fixed double
LOOKUP_TABLE default
0
0
0
1
0
0
0
0
0
0
0
0
0
0
0
0
0
0
0
0
0
0
0
0
0
0
0
0
0
0
0
0
0
0
0
0
0
0
0
0
0
0
0
0
0
0
0
0
0
0
0
0
0
0
0
0
0
0
0
0
0
0
0
0
0
0
0
0
0
0
0
0
0
0
0
0
0
0
0
0
0
0
0
0
0
0
0
0
0
1
1
1
1
1
1
1
1
0
0
0
0
0
0
0
0
0
0
0
0
0
0
0
0
0
0
0
0
0
0
0
0
0
0
0
0
0
0
0
0
0
0
0
0
0
0
0
0
0
0
0
0
0
0
0
0
0
0
0
0
0
0
0
0
0
0
0
0
0
0
0
0
0
0
0
0
0
0
0
0
0
0
0
0
0
0
0
0
0
0
0
0
0
0
0
0
0
0
0
0
0
0
0
0
0
0
0
0
0
0
0
0
0
0
0
0
0
0
0
0
0
0
0
0
0
0
0
0
0
0
0
0
0
0
0
0
0
0
0
0
0
0
0
0
0
0
0
0
0
0
0
0
0
0
0
0
0
0
0
0
0
0
0
0
0
0
0
0
0
0
0
0
0
0
0
0
0
0
0
0
0
0
0
0
0
0
0
0
0
0
0
0
0
0
0
0
0
0
0
0
0
0
0
0
0
0
0
0
0
0
1
0
0
0
0
0
0
0
0
0
0
0
0
0
0
0
0
0
0
0
0
0
0
0
0
0
0
0
0
0
0
0
0
0
0
0
0
0
0
1
0
0
0
0
0
0
0
0
0
0
0
0
0
0
0
0
0
0
0
0
0
0
0
0
0
0
0
0
0
0
0
0
0
0
0
0
0
0
0
0
0
0
0
0
0
0
0
0
0
0
0
0
0
0
0
0
0
0
0
0
0
0
0
0
0
0
0
0
0
0
0
0
0
0
0
0
0
0
0
0
0
0
0
0
0
0
0
0
0
0
0
0
0
0
0
0
0
0
0
0
0
0
0
0
0
0
0
0
0
0
0
0
0
0
0
0
0
0
0
0
0
0
0
0
0
0
0
0
0
0
0
0
0
0
0
0
0
0
0
0
0
0
0
0
0
0
0
0
0
0
0
0
0
0
0
0
0
0
0
0
0
0
0
0
0
0
0
0
0
0
0
0
0
0
0
0
0
0
0
0
0
0
0
1
0
0
0
0
0
0
0
0
0
0
0
0
0
0
0
0
0
0
0
0
0
0
0
0
0
0
0
0
0
0
0
0
0
0
0
0
0
0
0
0
0
0
0
0
0
0
0
0
0
0
0
0
0
0
0
0
0
0
0
0
0
0
0
0
0
0
0
0
0
0
0
0
0
0
0
0
0
0
0
0
0
0
0
0
0
0
0
0
0
0
0
0
0
0
0
0
0
0
0
0
0
0
0
0
0
0
0
0
0
0
0
0
0
0
0
0
0
0
0
0
0
0
0
0
0
0
0
0
0
0
0
0
0
0
0
0
0
0
0
0
1
0
0
0
0
0
0
0
0
0
0
0
0
0
0
0
0
0
0
0
0
0
0
0
0
0
0
0
0
0
0
0
0
0
0
0
0
0
0
0
0
0
0
0
0
0
0
0
0
0
0
0
0
0
0
0
0
0
0
0
0
0
0
0
0
0
0
0
0
0
0
0
0
0
0
0
0
0
0
0
0
0
0
0
0
0
0
0
0
0
0
0
0
0
0
0
0
0
0
0
0
0
0
0
0
0
0
0
0
0
0
0
0
0
0
0
0
0
0
0
0
0
0
0
0
0
0
0
0
0
0
0
0
0
0
0
0
0
0
0
0
0
0
0
0
0
0
0
0
0
0
0
0
0
0
0
0
0
0
0
0
0
0
0
0
0
0
0
0
0
0
0
0
0
0
0
0
0
0
0
0
0
0
1
0
0
0
0
0
0
0
0
0
0
0
0
0
0
0
0
0
0
0
0
0
0
0
0
0
0
0
0
0
0
0
0
0
0
0
0
0
0
0
0
0
0
0
0
0
0
0
0
0
0
0
0
0
0
1
0
0
0
0
0
0
0
0
0
0
0
0
0
0
0
1
0
0
0
0
0
0
0
0
0
0
0
0
0
0
0
0
0
0
0
0
0
0
0
0
0
0
0
0
0
0
0
0
0
0
0
0
0
0
0
0
0
0
0
0
0
0
0
0
0
0
0
0
0
0
0
0
0
0
0
0
0
0
0
0
0
0
0
0
0
0
0
0
0
0
0
0
0
0
0
0
0
0
0
0
0
0
0
0
0
0
0
0
0
0
0
0
0
0
0
0
0
0
0
0
0
0
0
0
0
0
0
0
0
0
0
0
0
0
0
0
0
0
0
0
0
0
0
0
0
0
0
0
0
0
0
0
0
0
0
0
0
0
0
0
0
0
0
0
0
0
0
0
0
0
0
0
0
0
0
0
0
0
1
0
0
0
0
0
0
0
0
0
0
0
0
0
0
0
0
0
0
0
0
0
0
0
0
0
0
0
0
0
0
0
0
0
0
0
0
0
0
0
0
0
0
0
0
0
0
0
0
0
0
0
0
0
0
0
0
0
0
0
0
0
0
0
0
0
0
0
0
0
0
0
0
0
0
0
0
0
0
0
0
0
0
0
0
0
0
0
0
0
0
0
0
0
0
0
0
0
0
0
0
0
0
0
0
0
0
0
0
0
0
0
0
0
0
0
0
0
0
0
0
0
0
0
0
0
0
0
0
0
0
0
0
0
0
0
0
0
0
0
0
0
0
0
0
0
0
0
0
0
0
0
0
0
0
0
0
0
0
0
0
0
0
0
0
0
0
0
0
0
0
0
0
0
0
0
0
0
0
0
0
1
0
0
0
0
0
0
0
0
0
0
0
0
0
0
0
0
0
0
0
0
0
0
0
0
0
0
0
0
0
0
0
0
0
0
0
0
0
0
0
0
0
0
0
0
0
0
0
0
0
0
0
0
0
0
0
0
0
0
0
0
0
1
0
0
0
0
0
0
0
0
0
0
0
0
0
0
0
0
0
0
0
0
0
0
0
0
0
0
0
0
0
0
0
0
0
0
0
0
0
0
0
0
0
0
0
0
0
0
0
0
0
0
0
1
0
0
0
0
0
0
0
0
0
0
0
0
0
0
0
0
0
0
0
0
0
0
0
0
0
0
0
0
0
0
0
0
0
0
0
0
0
0
0
0
0
0
0
0
0
0
0
0
0
0
0
0
0
0
0
0
0
0
0
0
0
0
0
0
0
0
0
0
0
0
0
0
0
0
0
0
0
0
0
0
0
0
0
0
0
0
0
0
0
0
0
0
0
0
0
0
0
0
0
0
0
0
0
0
0
0
0
0
0
0
0
0
0
0
0
0
0
1
0
0
0
0
0
0
0
0
0
1
0
0
1
0
1
0
0
0
0
0
0
0
0
0
0
0
0
0
0
0
0
0
0
0
0
0
0
0
0
0
0
0
0
0
0
0
0
0
0
0
0
0
0
0
0
0
1
0
0
0
0
0
0
0
0
0
0
0
0
0
0
0
0
0
0
0
0
0
0
0
0
0
0
0
0
0
0
0
1
0
0
0
0
0
0
0
0
0
0
0
0
0
0
0
0
0
0
0
0
0
0
0
0
0
0
0
0
0
0
0
0
0
0
0
0
0
0
0
0
0
0
0
0
0
0
0
0
1
0
0
0
0
0
0
0
0
0
0
0
0
0
0
0
0
0
0
0
0
0
0
0
0
0
0
0
0
0
0
0
0
0
0
0
0
0
0
0
0
0
0
0
0
0
0
0
0
0
0
0
0
1
0
0
0
0
0
0
0
0
0
0
0
0
0
0
0
0
0
0
0
0
0
0
0
0
0
0
0
0
0
0
0
0
0
0
0
0
0
0
0
0
0
0
0
0
0
0
0
0
0
1
0
0
0
0
0
0
0
0
0
0
0
0
0
0
0
0
0
0
0
0
0
0
0
0
0
0
0
0
0
0
0
0
0
0
0
0
0
0
0
0
0
0
0
0
0
0
0
0
0
0
0
0
0
0
0
0
0
0
0
0
0
0
0
0
0
0
0
0
0
0
0
0
0
0
0
0
0
0
0
0
0
0
0
0
0
0
0
0
0
0
0
0
0
0
0
0
0
0
0
0
0
0
0
0
0
0
0
0
0
0
0
0
0
