,Final_Stress,Final_s0
0,0.2949536658749614,4.991172135539443
1,0.31354689436793937,4.161162798120905
2,0.4103260445157435,4.655876791958811
3,0.3689437119632588,4.771002422745294
4,0.6042346429536689,4.590346408423365
5,0.49831141911025734,4.5569870313879335
6,0.1971727143603763,4.743486373234944
7,0.4334633151094396,4.777869883783925
8,0.20027276916155223,4.342493735043083
9,0.21475160138406713,4.987286097218275
10,0.38405460651291223,4.662966578970753
11,0.5371604740699123,4.586347062809164
12,0.3069538138192609,4.871681734635249
13,0.23295016139108116,5.0
14,0.4354953367026808,4.680096781095475
15,0.45319539573601064,4.784143414245383
16,0.6108236634927708,4.648766438319907
17,0.45655096879728374,4.633553864753148
18,0.4275072037237071,4.794166746634536
19,0.4284463082837022,4.612264800226038
20,0.6294155002519135,4.58714023050558
21,0.3879755850258735,4.621376685109686
22,0.4888344094193098,4.653569762116847
23,0.4086676685301329,3.7453665411103376
24,0.20075628906511778,4.583475723854891
25,0.3526833669451954,4.655918820623199
26,0.33245520736273004,4.677940727445913
27,0.4750049934646934,4.586612643909227
28,0.4572682804538122,4.796053142521011
29,0.43135305146378977,4.76960625202814
30,0.2521709355459767,5.107640332317107
31,0.6105908341144679,4.849249455053455
32,0.411866780973976,4.907822523921963
33,0.3176063206243631,4.959978995378984
34,0.891947845637088,2.259668146472258
35,0.177856941430365,4.675053827018489
36,0.43769525860723313,4.605045424748546
37,0.579063133167959,4.483542990629497
38,0.46645368430086354,5.104240587130224
39,0.45479369896506494,4.666911028959229
40,0.79849510731828,4.7543493330852105
41,0.4825319445807552,4.424571510181554
42,0.3301597091124071,4.506033490515033
43,0.4408761235438021,4.925214034753669
44,0.3741767402859155,4.745758072777964
45,0.488095836378295,4.54703935351465
46,0.6724429700685226,4.53616223203996
47,0.46724685514086817,4.732208249839864
48,0.4829448280777666,3.428552616606675
49,0.5552531242262231,4.957783844135761
50,0.3520864549371776,4.4854103056586325
51,0.2712636166222979,4.653424595169593
52,0.3639774874465913,4.41968886498624
53,0.3390231930732246,4.575408895470323
54,0.48472019152160994,4.621784523317025
55,0.7584682867199657,3.163766464120852
56,0.35469805919471353,4.574670409737269
57,0.41453930853849386,4.6104861894339955
58,0.4243429877104097,4.38624129767387
59,0.5531045079876113,4.99882464845621
60,0.46607072514416714,4.682337007430943
61,0.6461200757975196,4.554168624717656
62,0.31289187190869816,4.790958063277602
63,0.373428158476107,4.80291894709298
64,0.3779802769500775,4.532612219013172
65,0.36561214097970884,4.323882468273466
66,0.2942873342426182,4.332546569138422
67,0.2793046016490508,4.6444628991300085
68,0.5805552877432256,4.546798745121086
69,0.520008694577879,4.656573731733644
70,0.3420365985013021,4.220108026760192
71,0.315338544901671,4.891826353137816
72,0.5227074365045463,4.820313576085553
73,0.5378036188174611,4.461674289680779
74,0.31955942285036,4.766071815869131
75,0.47814807353838695,4.68985553051132
76,0.3411773687092352,4.504256120409584
77,0.4244664878226696,4.37965334022568
78,0.46323664876293913,4.868042956191649
79,0.18124395215157607,4.74988800100002
80,0.5055739587060111,4.62685092263464
81,0.3374617687724992,4.77654882989734
82,0.4514708357880872,4.61701720202397
83,0.2063257409314292,6.56830919955917
84,0.4721890405656928,4.679487694766458
85,0.4338801428461667,4.724950799884198
86,0.32013401900460803,4.603188565717566
87,0.2545795047990467,4.562905628167719
88,0.5053997542998578,4.390446608431162
89,0.5528975834473617,4.7804164001783445
90,0.4169334081078784,4.600161621853109
91,0.4820073760637671,4.6121980330867896
92,0.5823527860861946,4.605491591743638
93,0.4020906445927457,4.6406505888856575
94,0.4420743017004187,4.7507014053691154
95,0.25182970960890794,4.725283678569561
96,0.49936235143054075,4.8608168140614705
97,0.5004602253800021,4.637844709293963
98,0.5947534141299298,4.879472936604472
99,0.37751733671518206,4.973973768832671
100,0.38647078605469565,4.620506776169897
101,0.40160025226322293,4.686441308403664
102,0.20506753563602187,4.6467444672033675
103,0.2644677285434618,4.634402321060058
104,0.3983743060717959,4.62886033201527
105,0.32902312607407813,4.675390930324168
106,0.5134520456866607,4.86941719039673
107,0.25067683858769163,6.675207640913765
108,0.8020760381965277,4.583269776980661
109,0.42383399381337705,4.765869812311516
110,0.5345209489190519,4.736330627562593
111,0.6864771319294523,4.803051964180787
112,0.32097007845397796,4.65041232976267
113,0.6011080148678303,4.750017039426986
114,0.3779742797243708,4.667865908432205
115,0.5759550926010975,4.712911374226971
116,0.48728773119682733,4.897950749295479
117,0.45467867292037845,4.6456983021428755
118,0.336694007289545,4.513500148358549
119,0.47617224064281327,4.115635497569814
120,0.20489632107122224,4.680663614088649
121,0.2237109403492119,4.653807944116917
122,0.4796932198457613,4.932773421570706
123,0.27714376028048227,4.827208112418893
124,0.37930631128940195,4.152056400462305
125,0.605157440735812,4.725286594985727
126,0.4142195550995722,4.526211106234372
127,0.3235748244344694,5.005492443545263
128,0.24853728116531304,4.813184255645773
129,0.4075647745988218,4.7488701518647325
130,0.38484694849721146,4.736203229181406
131,0.5184452431153672,4.570934974646974
132,0.5132238611714577,4.724783204241367
133,0.29282436285180724,4.578315260816392
134,0.3510343144884738,4.893721183800004
135,0.34614578630018666,4.681579352490868
136,0.5756669199207636,4.685098386503546
137,0.4228963167090747,4.599262701454334
138,0.5370059877758084,4.5344750307100945
139,0.5229977867562945,4.582609000449365
140,0.44796450641251706,4.229103556654934
141,0.5959118783807962,4.210527985014885
142,0.25041506103929834,4.603212838800186
143,0.5366422163891098,4.555653365254964
144,0.18299049665826939,4.874098031844527
145,0.5768292044736638,5.59981516703548
146,0.4055924142459104,4.733334746777587
147,0.23295026522354023,5.0
148,0.32675614166355027,4.815545637526855
149,0.35929842103943654,4.6209039111016015
150,0.5543584280718195,4.571435775788206
151,0.3528772495282726,4.615715248735324
152,0.3261566578531845,4.668608430690355
153,0.4187931727757932,4.661577283225711
154,0.14815685189711303,4.660747738954365
155,0.42842333556356094,4.7831128503274645
156,0.3624820210957229,4.700733715790699
157,0.5405064693163215,4.953946354581165
158,0.38972626685505984,4.760613496206405
159,0.6632739622403991,4.669937536073165
160,0.5041877210332211,4.402016256961261
161,0.46191406652116695,4.596739859761554
162,0.1277313922072274,4.633031946460893
163,0.39731215277574616,4.860768151628987
164,0.2563481234540541,4.642120220482306
165,0.6097703214297243,4.7826560067741575
166,0.5121221976166241,4.880653781637063
167,0.46981792224803254,4.264062305744307
168,0.3940419604447487,5.38176173549668
169,0.15309930112755898,4.320657814406053
170,0.2519384503449582,4.731042827511951
171,0.3202484985195255,4.80248029100375
172,0.4497078515996078,4.612722961954763
173,0.31293343709613186,4.648142204248362
174,0.6402966770481413,4.41205181918467
175,0.5540104813642306,3.4176547970541993
176,0.20728649192056237,6.168130221607404
177,0.4225355348215114,4.714598399535408
178,0.4920935822707322,4.916263187230943
179,0.28434621183736697,4.531597221022476
180,0.4738156136107481,4.975410990031746
181,0.37789849661336206,4.539103918529062
182,0.6258851246740216,4.60960205106125
183,0.4695834815830797,5.463851733863034
184,0.46514386509791583,4.916135166117259
185,0.3003222966200827,4.2705715065022165
186,0.5044551584067909,4.930122211051335
187,0.4090142302115325,4.807443028508702
188,0.3324412819646456,4.55602952211942
189,0.17437749848277306,4.528289243100314
190,0.607686139951312,3.85471859812073
191,0.49146240151406806,4.006458579232648
192,0.5052095428445544,4.8962406167310135
193,0.4324371706788952,4.4766810711587635
194,0.46790742416897046,4.5814639075279295
195,0.34790198170939,4.62110286153762
196,0.31055677179768715,4.735509577161432
197,0.193161633958979,4.825752185013004
198,0.47853531480574807,4.620927731394966
199,0.4901106105771178,4.1950679574073835
200,0.4381037445546383,5.489174690341274
201,0.19455349967120794,4.179577674327133
202,0.6078459970305281,4.758648041021143
203,0.387021191383798,4.678271706740746
204,0.41993034508587446,4.4156201614161095
205,0.39436348566501644,4.6911208433967655
206,0.363280183798927,4.6493216585123065
207,0.3377902758879947,5.029456580985441
208,0.37465476148188515,4.692265442671264
209,0.28944017292145396,4.644192771936151
210,0.4664778678312662,4.422735236664872
211,0.42212406508863465,4.680122532960906
212,0.5398376682050006,4.595809793451329
213,0.1908261833353584,5.358705288187684
214,0.37399294596661203,5.04445754826099
215,0.4255679688474059,4.673610667571433
216,0.19910220124962263,5.169853186712352
217,0.16445852975250674,5.105043162130336
218,0.23787393418617842,4.96188150941232
219,0.11823129935672094,5.077571594812751
220,0.2985482446077883,5.035442303095481
221,0.09936636696249201,5.045545490662118
222,0.19485919181548095,5.067311521226685
223,0.14756844938249292,5.066970136751534
224,0.1907771162137768,5.02998018811013
225,0.275743295838502,4.530022695549851
226,0.10147905329778872,5.052691417046313
227,0.1730764919751615,5.0937004060781454
228,0.15744044519504174,5.04379245900223
229,0.18727135458875122,5.0266671282739495
230,0.26206788351511334,5.1205910962941825
231,0.22667974435667615,5.097484800361087
232,0.18176576924155663,5.422682804993357
233,0.24237751226694093,5.160050367278242
234,0.17761860638019544,5.0098819177618825
235,0.13044729604992833,5.049360300634502
236,0.276936044258149,4.389604123380053
237,0.28232844109802624,5.118319759130969
238,0.2017345192900688,5.0238416973016875
239,0.12301116298818782,5.033842359835079
240,0.17454063958696464,5.036845739437492
241,0.11153142216092826,5.063895606787225
242,0.15358309761143496,5.118810432853804
243,0.08432492453849871,5.042862477704171
244,0.2731376188270003,5.007795758011104
245,0.2595807307188649,5.053442264059278
246,0.21510865372749355,5.019775509569717
247,0.3437773184688173,5.041984271563802
248,0.28645367905512953,5.0402801737808645
249,0.2700572127298493,5.01739291388728
250,0.31612318337843526,5.220702676983127
251,0.2603248021108824,4.99927115692647
252,0.22844554995637512,5.109761020859125
253,0.37207900646134506,5.151291897649264
254,0.20801366793704434,4.995103387147051
255,0.2394059215452966,4.951710617732212
256,0.2677555375878111,5.01074490404827
257,0.24707192455343385,5.0194999811639285
258,0.2631476873121317,5.103971553882403
259,0.20191517762159705,5.014857047718184
260,0.20005564615265037,4.98028262892273
261,0.1934715425627831,5.020779073617216
262,0.23295014338210684,5.0
263,0.16896539721534154,5.043942242258863
264,0.1442004465209774,5.021050026834324
265,0.20664610184204513,5.052104428749482
266,0.13720661350036956,5.040148778495004
267,0.13629300197706118,5.052493237267068
268,0.17947964094951607,4.981794119386018
269,0.20307416487454777,5.010597312062082
270,0.2965324011575514,5.029146601413084
271,0.1763719134076982,5.104766090434731
272,0.21207269848300192,4.864841212902924
273,0.20408933236422933,5.100485885466313
274,0.15742957834701743,5.074257754278291
275,0.22673761271167847,4.9369017189068565
276,0.26343877364035806,4.972999105121225
277,0.2632706005112466,5.2458740043909025
278,0.12099517364393875,4.546049253015889
279,0.15768866010482685,5.03026885348099
280,0.25546435836353854,4.9075311171978075
281,0.29437142552982687,4.962102427975061
282,0.205976610510471,5.0260668733627245
283,0.12843085355567352,5.086704962799207
284,0.20577514693713161,5.27714881410092
285,0.2253858083517306,5.22642753940775
286,0.18902551976402904,5.074807397961987
287,0.2132628591911785,5.08546901594471
288,0.20764570698485896,4.991172904194547
289,0.3063490092829635,5.041422964310973
290,0.1804900375866474,5.053714268620517
291,0.1399341185555545,5.038394311381635
292,0.2531745115463344,5.061153150899331
293,0.20300037374824043,5.031953580438833
294,0.2235443371192123,5.042207824713412
295,0.12824222616767544,5.084255563155455
296,0.10929439091427473,5.068222928948094
297,0.18261420828537078,5.0554959793762055
298,0.2603778333746354,5.052372277313255
299,0.17302498367961539,5.078015154687616
300,0.25154261418393475,4.847085664948514
301,0.19776187025479297,5.077929282484872
302,0.27257902098033004,4.960460630720833
303,0.1072524892540696,5.087100699325111
304,0.31384207395340646,5.031117406416463
305,0.22098305908010274,5.017780453609868
306,0.22209987277891996,5.120955913846563
307,0.12559506973076506,5.066627261321397
308,0.18467501677155962,4.970421684576216
309,0.30690472188570195,4.46083209881631
310,0.17520120301965125,5.058871588844287
311,0.09633212667470503,5.005811758895602
312,0.1984367098624673,5.193023364724256
313,0.17471835341568398,5.036447136062323
314,0.23004208290375594,5.055406578228636
315,0.27783357677245935,5.046591279644073
316,0.18923343633853462,4.996225984885738
317,0.10016140870238854,4.966377414428775
318,0.21556261445368974,4.929910249791858
319,0.2456869526911345,4.963368633459382
320,0.27615271263269836,5.092151471377582
321,0.31882762751645677,4.962221358412631
322,0.18478037641808265,5.062044203893823
323,0.2095002829846222,5.053823442054268
324,0.2655995976034946,5.040968567954351
325,0.23939536718201637,5.086984195549196
326,0.24931180072645787,5.045072963492112
327,0.15868484935865856,5.023323636027728
328,0.15036749552586826,5.146012291793491
329,0.33913592092734013,5.065311550557663
330,0.22406222943568765,4.902015733152094
331,0.17578723824035114,5.1056043647417315
332,0.1233203496415074,5.160739036292421
333,0.20172548393980794,5.059948309788691
334,0.11073391046021053,5.472151488229349
335,0.20306384919763465,5.021474987709906
336,0.06741481369503544,5.088363496588615
337,0.24617759080837764,5.106735423806832
338,0.2398329621730515,5.07795525843866
339,0.22656129427918437,5.019025470085712
340,0.2018318701767603,5.21875227664089
341,0.22446632187565774,5.009311731618
342,0.09772268525548888,5.068456223218254
343,0.3226333979816727,4.978812650284086
344,0.15383332811035766,5.037794973265646
345,0.2695587386849778,5.047790599098585
346,0.12599904767636594,5.04303998008691
347,0.1388254260843267,5.030147382149499
348,0.2604435557878044,4.985733774245418
349,0.23295019118817306,5.0
350,0.12383895735010841,5.067293053855488
351,0.26934427774443326,5.033805962332671
352,0.2940070155369222,5.046174697970214
353,0.28704288569595793,5.044859725577133
354,0.11204543937177913,4.9696644611593666
355,0.13966184092205358,5.04983261692467
356,0.1512536634482542,5.277224306761461
357,0.10128722826958958,5.513594279448721
358,0.18121349632950556,5.026497920872455
359,0.1275976948798676,5.058417862745879
360,0.0958249454661344,5.091041613009795
361,0.33938896163891563,5.023098231394716
362,0.13169315899386458,5.028901763130724
363,0.17315978183187153,5.0031644555814125
364,0.22994206810817808,5.026922214294336
365,0.1433772246452376,5.050078176078214
366,0.1718518953471575,5.064477058811825
367,0.18716499316554347,5.059784683669619
368,0.20042478914214668,5.176707275769772
369,0.14379579165194523,5.055385608507796
370,0.1020122435960713,5.053406303062529
371,0.2005557390456736,4.992986640928692
372,0.16687219792420005,5.012383772240874
373,0.29034570280282934,5.051114364398472
374,0.16383271607197414,5.011173132998357
375,0.22172282124039477,5.021857493094135
376,0.13878947075107173,5.3445985424958575
377,0.2437817972486125,4.926560478105637
378,0.16962566373852406,5.048882812604454
379,0.10784385399746754,5.040944290150078
380,0.09913506363651892,5.01634539864936
381,0.3331940153581834,5.080039672292704
382,0.21541977691562075,5.025009294985239
383,0.26420193173954276,5.080312884194367
384,0.20135867910128358,5.05123313096294
385,0.13504802561426343,5.089577078197554
386,0.1731019605055666,4.888012345199408
387,0.11824710189420218,5.045087038101066
388,0.2533467780297769,5.0476644702872075
389,0.12437821195418453,5.0832983522299635
390,0.17078523397886403,5.098220804899638
391,0.13413338086986215,5.04774066183395
392,0.21569789374204906,5.055100594594784
393,0.32117207184121277,5.035737217198317
394,0.14068276451028638,5.035217470775777
395,0.1334145137496392,5.021296870297354
396,0.15606506828286593,5.093752566128762
397,0.3402781101868144,4.999103537070564
398,0.16834285265735227,4.75018917227783
399,0.14696150900046834,5.00716859809053
400,0.2985565710355802,5.057886920261385
401,0.2580998103013925,5.072632794595346
402,0.35376050258660885,5.058753804587823
403,0.1227875598886905,5.049118140633926
404,0.16862325181500504,4.73224271897867
405,0.17507231426751058,4.956836525468233
406,0.27745258119699057,5.134161816886387
407,0.1447000008529875,5.0660391783500724
408,0.1178579268776363,5.02074878994307
409,0.19757098413498952,5.0535207154447015
410,0.19505726620405417,5.0540862034974765
411,0.22685074629958257,4.389551659077622
412,0.0881498317440681,5.06030159452747
413,0.14085198246779163,5.044139527079379
414,0.14013395397794914,4.9848447645669935
415,0.23109572370465026,4.9737093146947675
416,0.3396845012928864,4.872083722803797
417,0.3138173020398607,4.766843031242383
418,0.24372809290279762,5.060307855873587
419,0.2395572047492609,5.0801827113330145
420,0.22089795600441953,5.002069739927357
421,0.21522897113734274,5.02134834523658
422,0.07524972438694766,5.01450508294214
423,0.2783784619481229,4.942553550632054
424,0.1774791824087425,5.322959362366024
425,0.21790036088679887,5.141907374918313
426,0.10188288152079328,5.069587575322059
427,0.1794774557324268,4.971643247100088
428,0.22287242786928552,5.01720169497224
429,0.190053708575338,5.041227584187684
430,0.07983117915994797,5.017982394159883
431,0.19789347486135078,5.005897711810521
432,0.21880281913391286,5.13815928834263
433,0.3640098885936185,4.836621529659499
434,0.3628483824910038,4.956802134023697
435,0.37138647085148113,4.69474982867486
436,0.6482153768300198,4.7210634983749955
437,0.4940330857953801,4.746886539400688
438,0.22013736636449055,4.746657495792563
439,0.3626376090269241,4.803006430841172
440,0.45907428865483535,4.867792864875584
441,0.15193686236413573,4.830738971706401
442,0.17056354514222827,4.941621933160922
443,0.6454199056933589,4.706457710047927
444,0.37509421580140967,4.811639452773955
445,0.34645872810806755,5.018089260017113
446,0.44699789813220736,4.845924536076467
447,0.4422875627602867,4.6973434777247824
448,0.3175122005160933,4.705423069481132
449,0.37469505112796186,4.8270731871877
450,0.19614447007807922,4.825509854427983
451,0.44402578484172883,4.47447974293131
452,0.3791743628472566,4.654490933596032
453,0.4276369793298196,4.7296843748612805
454,0.5080172770710143,4.75972881365152
455,0.2698595613885,4.564025469918773
456,0.3344197082998557,4.543993981564656
457,0.3539529170182978,4.734337499065635
458,0.28751010873518235,4.758633832087531
459,0.22686531938965704,4.78509413411996
460,0.3264727661533815,4.906463667119256
461,0.42818276313312786,4.861970611523914
462,0.2613722629035671,4.72197131971579
463,0.6501359519979446,4.642400062262144
464,0.6789573324665148,4.550875072348477
465,0.4494748377447708,4.668412263184383
466,0.5423015988270099,4.474623761368477
467,0.33860725450247875,4.904941877766156
468,0.24716070175048044,4.756606915248316
469,0.5384956798191385,4.841956643654068
470,0.46617226679952894,4.687965425035827
471,0.2492221859479795,4.796379013706611
472,0.5986685226310628,4.775055834303084
473,0.3729018943590545,4.648384755882198
474,0.5731297230323147,4.474609580600575
475,0.28862747485765894,4.733432361317105
476,0.27702945777148535,4.827665756216488
477,0.3516749107157189,4.862286731875338
478,0.4285152422642775,4.56050236475904
479,0.48955575881054836,4.731331134502401
480,0.2329500052974387,5.0
481,0.5722567274041168,4.159238708599622
482,0.6385320145578945,4.701129602858574
483,0.3897074326494492,4.711895534020867
484,0.30308851753960786,4.594172134105703
485,0.46285943329155765,4.852130093558147
486,0.5546785127527403,4.679237218818955
487,0.25997091272454576,5.607416464441037
488,0.4130136957062125,4.794982132281902
489,0.3798879961765984,4.88905646621407
490,0.6881204279519493,4.902498637627408
491,0.34367588884632183,4.895525350913257
492,0.5195132663048283,4.886182213565888
493,0.4412879411596342,4.611899388536083
494,0.2225353078346095,4.741367938609793
495,0.3856087232813925,4.781677593636067
496,0.3652427889910057,4.892751914424149
497,0.3170676882673109,4.802651103561324
498,0.25804645012274996,4.497766736874933
499,0.3135559267994612,4.720988806973736
500,0.33444242937814517,4.74403442265702
501,0.41530476112918846,4.791923423365629
502,0.23295010841422759,5.0
503,0.36846323232171674,4.674858456197315
504,0.2893230075729387,4.871225442091021
505,0.4975376547419539,4.816813268021942
506,0.41374245833693113,4.852968861382774
507,0.28578842148556083,4.738464420584005
508,0.3844147951700103,4.997406209123172
509,0.35407806979581524,4.557965628530871
510,0.3400150014549763,4.771890260596594
511,0.38537632277343814,4.689992680289006
512,0.27211461065538245,4.688272166250602
513,0.34493299550391887,5.5859646343883895
514,0.48495431778864795,4.808928482575565
515,0.44509428192135836,4.315012912027427
516,0.4400056057457338,4.771213948093758
517,0.2720396487388932,4.765128210793375
518,0.46226314161871374,4.756958352204572
519,0.2440991670482302,4.873050751273702
520,0.5883551124114561,4.639125747926149
521,0.33600373024202446,4.788131751033005
522,0.2356776973747099,4.976985172758139
523,0.47094223906253596,4.827181771287821
524,0.1503055587187485,4.672575842941518
525,0.4618720762585631,4.650439733235041
526,0.5084761361016774,4.787524219417119
527,0.31769339130931096,5.050648542713452
528,0.30504975342544505,4.7513940188915615
529,0.9000026631764972,4.594351253116251
530,0.44970592924585384,4.81439434669495
531,0.26074137148995646,4.896744670827129
532,0.6909384430941725,4.560166119993241
533,0.364688102853,4.808971143484442
534,0.28957699728498576,4.677142001648029
535,0.33313358279808725,4.686186329824169
536,0.21803456451216396,4.035047074120914
537,0.33680958940672534,4.777675622446322
538,0.7798280116126848,4.157179897520162
539,0.3943715492211206,4.323934340816642
540,0.5133313365904335,4.768122258020622
541,0.32575013739368286,4.661621599544423
542,0.4796718168369458,4.77727042951174
543,0.29157832037549714,4.660832605320211
544,0.3091085284317949,4.920736818563762
545,0.4220810391191505,5.49838304673516
546,0.2307884778606053,4.841196859247301
547,0.2374775747465354,4.856849881278489
548,0.26575893571909504,4.777196213586548
549,0.35380717727962496,4.866139829044078
550,0.39383956836018963,4.86570199913813
551,0.5643082330263118,4.749310708317482
552,0.18181137582849427,4.761305278534067
553,0.43502624941933954,4.382632081109401
554,0.4445829214717332,4.698076694814857
555,0.22286496431210212,4.922574715922368
556,0.6166656469397567,4.778020108926917
557,0.43479427038127305,4.806655832389239
558,0.3201888904335428,4.477284119633422
559,0.41069765096253796,4.726991027858798
560,0.1505100499840446,4.676865982241827
561,0.27855881134373206,4.76838781177185
562,0.5741584232752803,4.680185937764643
563,0.35950095649355385,4.785108686755697
564,0.4430782399410802,4.7477287872962926
565,0.3222943212527116,4.737924945780527
566,0.22498937251846307,4.785230332268631
567,0.43994006111755235,4.960748003065181
568,0.26238111356600324,4.780006238304644
569,0.6206966534574443,4.622366526451875
570,0.31587036388066725,4.683575026325109
571,0.365479377038175,4.196049530861945
572,0.27216310892192297,5.0095220323914535
573,0.29723300347481096,4.896948752048518
574,0.35521461088543127,4.74755982334143
575,0.20166206231641315,4.723102939088726
576,0.3732617679483661,4.478242747841241
577,0.676677300240657,3.8680782439851313
578,0.22684012709948753,4.870390855227624
579,0.3691117244557378,4.675431350075341
580,0.27286360004099164,4.846678390251551
581,0.4449096301089166,4.558805183148609
582,0.1278561766800479,4.788380365354037
583,0.2704273795293215,4.748829262770986
584,0.2634753022102694,4.764674242301634
585,0.16979856095255808,4.745762071916326
586,0.22569152803927128,4.6633854604842995
587,0.3928231004181173,4.721102294529196
588,0.20467133087349776,5.00301206017868
589,0.5465798410122886,4.674325109975603
590,0.27930052133812433,4.88255520278007
591,0.537953392822466,4.73346904224746
592,0.1457953643009844,4.978574903383137
593,0.44897971737069664,4.708556438775338
594,0.7392647286724006,4.892623283246511
595,0.30773504341321645,4.724245170455141
596,0.510958036904507,4.5247533303240495
597,0.6190606077593146,4.5355237954862915
598,0.28350540698091287,4.708219713375552
599,0.19721521306113043,4.7229314772386655
600,0.4996030500299593,4.784739049699036
601,0.21504711977302904,4.7480315215885405
602,0.36103750102564636,4.712133584774012
603,0.403469986278294,4.672682158731991
604,0.24832470063880363,4.661975104954754
605,0.3988325358762288,4.657359717883827
606,0.5318386250576563,3.985729562144842
607,0.3850483824652917,5.100895971545656
608,0.18936811220500305,4.939280553369585
609,0.6014964899821706,4.870010445946482
610,0.33630870746402675,4.788774668277274
611,0.4091431041390554,4.768403949213935
612,0.3278044174510355,4.573882404746037
613,0.40853187750096254,4.75384343546831
614,0.33470846369790186,4.825744802557628
615,0.23009495438346228,4.628796082229014
616,0.6014230267581611,4.792735041250182
617,0.6948311372406515,4.164594867238609
618,0.34723138426631284,4.845000081562878
619,0.44771789716981014,4.338056634009915
620,0.299686980645681,4.609026269666812
621,0.508060699847189,4.770613757498348
622,0.40735973746683474,4.7356100660528355
623,0.6495083114991451,4.732892498669674
624,0.3445977526919979,4.78352503868174
625,0.3334220422408265,4.632144968365619
626,0.43938244726259157,5.163495641471032
627,0.18686069491350388,4.84502481719554
628,0.24189121983646356,4.843869864830168
629,0.2963317091116404,4.724852225827272
630,0.5280049464814294,4.911352775854478
631,0.3337210570947229,4.145808584135473
632,0.5052808645151541,4.382945805815561
633,0.42215719676180763,4.789262558314178
634,0.24001705928090544,4.768143892315795
635,0.42801231055767097,4.732650728812375
636,0.4206408252114331,4.596265765231831
637,0.7787695754938766,3.3852103165642777
638,0.25528670798372977,4.630401368992922
639,0.2965951482638154,4.827403241813988
640,0.18115439556172896,4.868975869104233
641,0.36082319225574766,4.80965709386691
642,0.5457728247536866,4.952082851147486
643,0.6238846953834631,4.808432360969439
644,0.4924711336488663,4.762828033970958
645,0.2533653111165597,5.094869695463773
646,0.4529832554576736,4.754234248844389
647,0.5714710023268053,4.6207979115035425
648,0.2342361363938814,5.033497792030293
649,0.1019257194917873,5.097061647573469
650,0.24651765000846937,5.051383079381457
651,0.23563859646374963,5.644071077816042
652,0.16859156982860268,5.641548700685792
653,0.22795532436749755,5.085782595189379
654,0.1582805919434369,5.268772292144028
655,0.07636927719843545,3.8211369548750085
656,0.23295030272537243,5.0
657,0.1697007612951854,5.092663269298292
658,0.13126714792495142,5.076950884067406
659,0.17426328169041072,5.126821204713732
660,0.15490615689344278,5.543295162590791
661,0.07472531219517187,4.850500706359702
662,0.20468581052814683,5.0077043243697705
663,0.21851547014637995,5.1413798980285375
664,0.1761920480722735,5.003655916290919
665,0.2489648991124317,4.998279639183201
666,0.10340544650901151,6.689002332582055
667,0.1410146916584123,5.114113247166054
668,0.20688878209972816,5.055644474353844
669,0.1352392287431734,6.663550517874661
670,0.11781922305244064,5.054434172704676
671,0.11614510771077335,5.135608385260539
672,0.10402613925496729,5.175940178278031
673,0.12445373650105607,4.657091423995761
674,0.13771832459166333,5.059462108505022
675,0.1705923652191088,4.988422314526266
676,0.26666553651908265,5.038800262036673
677,0.12226456585524481,5.161172579971698
678,0.19400989168767246,5.081225595002694
679,0.19656921328433186,5.055413757162608
680,0.16316938853283958,5.311084110458042
681,0.17549166079086442,5.402383897998462
682,0.17507066217000355,5.1209990015147255
683,0.2251896693223554,5.097909375256595
684,0.1840031048717461,4.8810407207680395
685,0.2950723174743519,5.125431324769796
686,0.245668979117747,5.086884117106427
687,0.17035791584174487,5.0615615640872225
688,0.3100769804814225,5.083154979307496
689,0.10836714934559954,5.273798323479504
690,0.24414851557950135,4.872410354306211
691,0.20144973929395615,4.972198795718379
692,0.14644314613523202,4.989632369529282
693,0.22378139794864693,5.086416961970972
694,0.19643040158008063,5.1338943189188235
695,0.18974691908641772,5.1204470165119265
696,0.13957277693126813,5.068687193738386
697,0.2040253387530293,4.737696219591063
698,0.20557047382875637,5.09966973022645
699,0.11096126674393036,5.140943240501796
700,0.1425745559928735,5.051453630647869
701,0.259839738542333,4.896658421843743
702,0.2116538605428846,5.05285929246913
703,0.14108630443587833,5.089001992104771
704,0.18567798670997138,5.116494974003958
705,0.1488997215782455,5.128213177845051
706,0.46455950294702786,3.5167335586696558
707,0.13063636381620536,5.8579331312829375
708,0.18656479647737578,5.05870284626365
709,0.23116297837805444,5.126374621096659
710,0.03763773646791613,4.960845574397004
711,0.12709768957176348,5.16473781289152
712,0.15342127822241225,5.294621709538241
713,0.1776548272140689,4.786912034214472
714,0.1601266763464858,4.8772126005464145
715,0.25355197561253506,4.185695231502375
716,0.2278805540302954,4.960666261407765
717,0.17098779369413175,5.0607938734187385
718,0.17459416956929608,5.080860528793911
719,0.1838112494012999,5.077103470913098
720,0.20208436923284356,5.170700043745633
721,0.18493862686785256,5.493818317859072
722,0.16897634009105533,5.038414487107676
723,0.14887546160777354,4.963555238597532
724,0.2963134943008261,5.043076172154475
725,0.17090693288767578,4.9912853405583135
726,0.17568397841836214,5.018991599789917
727,0.14564740556974987,4.995143553012724
728,0.08947812015099244,5.034409700279818
729,0.15998862588006246,5.3443930076581925
730,0.28773798313650123,5.032580885834346
731,0.27018550962577514,5.085473953707167
732,0.14005543270390242,5.204664510022665
733,0.16784760160596712,5.397390433308811
734,0.20289787220511535,5.1537117951219
735,0.10984796166985689,5.012294004540445
736,0.20992327701616353,5.124954842648579
737,0.1560288327440329,5.156888515118476
738,0.17851018618272185,5.143686176837399
739,0.16806746925206406,5.048119092184589
740,0.12861346581075872,5.242274538824274
741,0.1415893663334199,5.073210334351401
742,0.0961809471815731,5.053110666223208
743,0.07925886834997276,5.093932315341547
744,0.24344141634522065,4.950424146168171
745,0.17640812105708648,4.8185377037053545
746,0.21905805041758475,5.068810052877888
747,0.17384636229947625,5.618703890934151
748,0.17680834897138942,5.050854477852189
749,0.12865888875328246,5.093263678278737
750,0.18106937411911073,5.054275686374696
751,0.15652359351753287,5.074154816504013
752,0.2105926671970878,5.0578692603302855
753,0.19892135745873252,4.856979089039388
754,0.16787666015208125,5.113907176904897
755,0.2027519022284371,5.065903880231941
756,0.24946201923774902,5.124290018720563
757,0.21456922083560914,4.655729553234078
758,0.284879313412318,4.957887622862813
759,0.24196994162478358,3.9573549295309807
760,0.13458096895536853,5.075864490701623
761,0.30521619699960467,5.077112889440825
762,0.1921856248205307,5.048619553960174
763,0.23520466204829427,5.03602943442508
764,0.2724671825622029,4.759253155847638
765,0.28538184847428993,5.10215883160364
766,0.20702424208326264,5.009018289993845
767,0.15664226485456634,6.133388000288225
768,0.21961188713968127,4.920885174245306
769,0.12204729504794809,5.304233877537854
770,0.11827741265804881,5.001803546029526
771,0.2078226374547545,5.124875620933338
772,0.17083444321781038,5.068968609248854
773,0.23520762180223564,5.079820754679325
774,0.15759446842128821,3.830455645782065
775,0.2865649096800318,4.994903923610741
776,0.10158302125274732,5.239032638314134
777,0.2121521424618068,4.966619446981486
778,0.07546203550691599,5.109744701394288
779,0.2164529508130606,4.865768856360173
780,0.1635350837050168,5.039651080638832
781,0.10800586802071899,5.0303359332500275
782,0.14673953703618758,5.035239731021877
783,0.20099622066730272,5.162940515004726
784,0.1770885660819983,5.014902362118523
785,0.1794555415177279,5.505348766685314
786,0.13236856411682274,5.256089585057255
787,0.23932612015449295,4.826438737374215
788,0.28625370594595845,5.066766027011607
789,0.14350266146597235,5.098751332536402
790,0.21395853642327012,5.075547616442231
791,0.254687264174693,5.1401544362848295
792,0.1498482091029949,5.188565036631809
793,0.29576575307577735,4.90776326467846
794,0.11940004651222946,5.030161476503565
795,0.19700620495027965,5.27819830456588
796,0.25401151288577717,5.139381406368511
797,0.2601100129375953,5.0965260372111665
798,0.22266207678960614,5.21104045002688
799,0.1417190002300157,5.072359147269321
800,0.13447899120097528,4.8470490382092635
801,0.11243756667810934,5.541634753896076
802,0.13768373251341237,5.069929673156812
803,0.18533249686817121,5.044810124026888
804,0.17028071933535682,5.160832171913725
805,0.08471714746785741,5.104676586616819
806,0.06478360836321206,5.064902779518778
807,0.21561919085730563,5.080251598213099
808,0.27309433798969107,5.09565736771056
809,0.14071060861687457,5.177654408107077
810,0.20324657900022913,5.1459175503462795
811,0.07444814892768037,4.991464091904776
812,0.16952065826594864,5.353232535048376
813,0.15161748702844358,5.039323679009691
814,0.22260091062255594,4.940388094105934
815,0.21701653963384437,5.134068232654334
816,0.18561924314831857,5.094989865570927
817,0.1414966511828224,5.125197865680491
818,0.12303110457458666,5.014781930054992
819,0.21773088169636878,3.684510768670499
820,0.16060914668850268,5.051891908628496
821,0.12269001544939107,4.456553444275979
822,0.2802207300657147,5.1260368000369905
823,0.09897008362544035,5.069229319881492
824,0.14590316315261487,5.133819732203895
825,0.2364926117926378,4.9656602276822515
826,0.1287401567634634,4.539983644217953
827,0.06516636464135528,4.956516495489014
828,0.10756776154434222,5.094691688461923
829,0.1419737278223716,5.0397580616753945
830,0.15989506848426438,5.122244835135579
831,0.2145792492944184,5.459224586107387
832,0.22885022386986398,5.161428913365995
833,0.28484295917210267,4.93997407229525
834,0.23294989887383677,5.0
835,0.1984151927066643,4.667370961328556
836,0.16822385334024614,5.074328139746642
837,0.10175761555339702,5.183246635902838
838,0.18350586577234262,5.159612535981006
839,0.18793135457672216,5.184446090735237
840,0.14797484945790051,5.0274268238806386
841,0.20384181003355717,5.078618509878616
842,0.18712141453904518,5.017516667430435
843,0.07216873844443017,5.0373312659740765
844,0.1390868393922976,4.979857620942321
845,0.09589162107233695,5.084097909499734
846,0.14801783806042246,5.095894209127874
847,0.1463368230065606,5.017725323478066
848,0.26853902901201265,5.086764233613348
849,0.2728253870122246,5.200247117844752
850,0.11919833243819333,4.964710322943198
851,0.15605970654006263,5.036132717881081
852,0.10472051483533185,5.011168202167271
853,0.27841209833157654,5.090690644150548
854,0.11794890911569422,5.207733754093518
855,0.1131419734441973,5.018723928184281
856,0.13529505550747511,5.056606029772324
857,0.10381844363576587,5.041614219624488
858,0.09630060500894166,5.0502262076761895
859,0.15852027100717103,5.06945902313352
860,0.16849824722451212,4.9391429955921495
861,0.129368098821675,5.101684662992287
862,0.11363062313926198,5.333507485734721
863,0.11539974946870513,5.152143603770654
864,0.22008773124839398,5.492934429684233
865,0.10324654746999706,5.158499861386954
866,0.3552545281263293,5.025333113636243
867,0.2285807239262665,4.8907183008152
868,0.1409868055707666,5.075741346025149
869,0.13136585475924378,5.043174343710151
870,0.2671813468301283,5.032499573959672
871,0.12306261569888566,4.889412462849885
872,0.16729459875304276,5.017354281522115
873,0.21033361472501966,5.217270204366331
874,0.17119496770911669,4.972881672863689
875,0.16421374187821614,5.10716548785541
876,0.25746448625116414,5.062339304707759
877,0.3979428193180248,5.253398200566837
878,0.20757130536176405,5.053860738566502
879,0.3477023333210234,5.069779467852342
880,0.23824679466476328,4.947058162461708
881,0.14942597089016907,5.693206733477929
882,0.35027778530387654,4.693020235497665
883,0.29723995071923626,5.040961745321777
884,0.17098565821781042,5.155448875145323
885,0.19762435648835242,3.4889824397927693
886,0.189881106515428,4.9001878064257465
887,0.13767911262957444,4.951337202976003
888,0.21802432098846558,5.0269885386074975
889,0.15978396415631435,4.850341083424317
890,0.24005810874293365,5.062011429341977
891,0.48528532490659937,2.6907121814299373
892,0.19227314991860678,5.024638396475085
893,0.17966008316662596,4.959003542357037
894,0.17403724374958096,5.349168857201567
895,0.25197146881627996,5.1791978322193
896,0.1830899179897454,5.133969074756735
897,0.22872190256814173,4.734448268800531
898,0.16948164243629704,5.164216469252079
899,0.3629362539556409,5.038099187885816
900,0.16438365167533786,5.224135228919957
901,0.2052547191324332,5.249174269642767
902,0.11855988214690227,5.015792642707879
903,0.2734153902690277,5.2618780636388784
904,0.12256315330213519,6.029046644797367
905,0.2613680475413218,5.174118434900796
906,0.18152524651045843,5.078679079328188
907,0.18430762869365758,4.951477931767423
908,0.2031992361788033,4.981019202245616
909,0.1531080121278987,4.95424545427948
910,0.19780899933742724,5.105113353987667
911,0.3805276066371188,5.165637838176478
912,0.21021128876871287,5.1161862902798205
913,0.5107631497252549,4.029978033366577
914,0.23065561222636144,5.1033216007920945
915,0.17685365039818945,5.161093793431357
916,0.2050403928652278,5.0798357198759
917,0.28651873732451305,3.728260449121308
918,0.1250004310953694,5.103001828165317
919,0.13394051225065406,2.9111291521668115
920,0.24192275713803824,5.0368507618207925
921,0.2532564768604695,4.883275988417601
922,0.1821073083129754,5.171694905046049
923,0.2563103859448459,5.292932242025072
924,0.15915185500453988,5.056865142710425
925,0.1615474377871049,5.012501705348988
926,0.1547689982653908,5.476207653151723
927,0.20216704157290555,5.096855447107043
928,0.25839884492894605,4.911536320121952
929,0.1344164384657478,4.965487750982103
930,0.23295364703142596,5.0
931,0.3921836786865487,4.9560142559962905
932,0.25538957609697377,5.021323922776428
933,0.17312424330335152,4.7010287684299
934,0.16462968740620876,5.362051379513408
935,0.19663374834020653,5.138953209701613
936,0.21612938121894798,5.084625780169132
937,0.21351382245227035,4.865728277040642
938,0.15854943871764537,4.9034981395161825
939,0.1458369467097198,4.9342390028609096
940,0.1624979599378107,5.317264311294156
941,0.30557521375559205,4.8214043006318175
942,0.1275811602570669,5.09142993255983
943,0.0649097348504295,4.881660976188469
944,0.28632105791585993,4.056337238247121
945,0.13083240595134304,5.082802733817928
946,0.24668958141765218,5.216084367663871
947,0.18768382299295827,5.305995530844321
948,0.3484141289550955,5.087978383284586
949,0.15493358037123328,5.8586980037626635
950,0.2769972362689297,4.905412325955263
951,0.2099991446516285,5.085000426637336
952,0.286735538267584,4.990265689529085
953,0.35767178732096694,4.995100305939664
954,0.20202112375323944,4.855733252242862
955,0.2969737632045293,5.0214489964236275
956,0.3580501634103599,4.917208473129486
957,0.16653346158582516,5.024741479844623
958,0.2860687800739907,4.8733942574525635
959,0.34259610648917227,3.40578494642795
960,0.18279557225744214,5.075809883910551
961,0.2571828999462664,5.172839615505822
962,0.17356057858338514,4.954001691059666
963,0.3303517526054529,5.072562583611884
964,0.4305324908722552,3.2396775061775163
965,0.33559168558557384,5.054211999407601
966,0.22508042646840076,5.041688482555324
967,0.42004703349881356,3.74093366242926
968,0.12686864495437966,5.084410334074256
969,0.1595592056952324,5.044974103584785
970,0.17293179278636162,5.152999956867257
971,0.21744896133341785,5.0098092621181145
972,0.26157877068360014,5.045895139495418
973,0.2040204978389677,5.258751234709482
974,0.2794662330948021,5.064011521640799
975,0.23164585457691445,5.106187096568293
976,0.13231391070454768,5.131053613401697
977,0.29970150530016393,5.077593979434303
978,0.1755628753141658,5.107127688790554
979,0.19466742613056076,5.0050850564996185
980,0.2799450201505169,5.0932107560775375
981,0.20686238371786092,5.1338899779339275
982,0.2849938966368579,4.843368661085847
983,0.20257220414720112,5.094410794676287
984,0.23612900493830735,5.1378284666273455
985,0.24928087009916644,6.369313994879526
986,0.3107361985778838,5.058262977530852
987,0.2052582727665515,5.196551498458133
988,0.19851055466474232,5.070616114318138
989,0.1270352827441683,4.995135113842375
990,0.36468062279377134,3.487523030495181
991,0.3993485687982401,4.918940766276307
992,0.21242717671453204,5.079095921384962
993,0.14853961059081322,5.304668460178155
994,0.22583389469581094,5.040356327454987
995,0.19385985964426444,5.029454208459763
996,0.20470766707409194,5.169991288145006
997,0.08578573503350762,5.415853143264648
998,0.15581398880775899,5.1993637433085205
999,0.16635134520783645,5.119832151430979
1000,0.10981684736731112,5.229154744635673
1001,0.248476628979734,5.218804048221921
1002,0.3015812091116312,5.028754737345897
1003,0.22025899041107277,4.831286740296887
1004,0.10464261193912616,4.941132252138187
1005,0.275619684083666,5.221090604086394
1006,0.20133662314583578,5.085905490649267
1007,0.19440172792134924,4.988611112606751
1008,0.19019393671687967,4.62139344250704
1009,0.14896414166589733,4.969082916173839
1010,0.15886757870013235,5.070053735075755
1011,0.23341440317238504,5.191300366918634
1012,0.2947344433868031,4.756284894148983
1013,0.07359608684781316,5.088042027217732
1014,0.18475041700100348,5.888328580482467
1015,0.35012850278388563,4.8363007635284205
1016,0.2942123624616353,3.7373495879570617
1017,0.19126897296014378,5.020621359144757
1018,0.34186079111758794,5.086158827086464
1019,0.24375815311070625,4.858385264935405
1020,0.333967749878054,5.03793935199953
1021,0.23670446099789988,4.658783147665373
1022,0.24659219224270124,5.063544174637231
1023,0.15443154530980818,5.006690553176467
1024,0.11567138644866826,5.1553931103228035
1025,0.14051214201918794,5.168362910441333
1026,0.1836851309223808,4.365515677303726
1027,0.18861208219818937,5.019935048493656
1028,0.30596608805651004,4.883515763669051
1029,0.19086683631313828,5.007081752912654
1030,0.24208563788878368,5.214411603525617
1031,0.31242003255989337,5.101610772011362
1032,0.28749677572077603,5.060734042355186
1033,0.4333066865587336,3.4883585137572792
1034,0.12247827463158223,5.236131239212103
1035,0.28511337651039304,4.884615803768941
1036,0.43566044136577475,4.017613488142908
1037,0.11365825591927536,5.068197417059235
1038,0.22577811640706535,5.032051748011845
1039,0.3168386406908483,4.966487699659901
1040,0.2806813763208389,4.983104287296909
1041,0.17923660072846292,4.933707162208885
1042,0.19663029156313394,5.4918811971162285
1043,0.17663311568454,5.255918740878052
1044,0.4047161022539669,4.996847929050077
1045,0.23294820803880212,5.0
1046,0.21103702435189908,4.972474614824032
1047,0.2503134715073134,4.874286757930406
1048,0.19825049832952724,5.16109853472333
1049,0.28677604020376624,5.070638924799278
1050,0.10267751663221714,5.2946767093200275
1051,0.17217985710958783,5.492831336679735
1052,0.16099361496997444,4.979594112996866
1053,0.30760202400918435,5.179598734070785
1054,0.17467359321253184,5.102040487173669
1055,0.3954658817186527,4.814339244202497
1056,0.11874204558722345,4.709729073561064
1057,0.22433846949013425,5.012631094780771
1058,0.19935642696904665,5.396695608282149
1059,0.2396231865096321,4.944084750714071
1060,0.11588100761151399,5.1896459005279105
1061,0.15876862344281295,4.969086638603972
1062,0.19556748675779856,4.795488512165251
1063,0.17597654080323744,5.12230281978904
1064,0.24432268718377825,4.960715902807191
1065,0.23077752727222567,5.1141020611855215
1066,0.134776953871786,5.094412208067638
1067,0.24600839868869184,5.047211590682679
1068,0.20963814336515663,4.928356862269707
1069,0.19499402761625406,4.651545401675099
1070,0.22339907037786055,5.043538380695374
1071,0.12876906225079843,5.511326225546815
1072,0.2777610452733681,5.142393730555153
1073,0.1786765008078015,4.818481998558015
1074,0.30519560794716005,5.191297562365378
1075,0.36224706329241574,4.91172543947167
1076,0.37446896652297834,4.296648849551765
1077,0.2590270263823906,4.6427720753583035
1078,0.13064720308492705,5.246535788677278
1079,0.20495262671544712,4.5501207603181015
1080,0.22065461918711016,5.002836240274755
1081,0.11975045100975712,5.1109341704451605
1082,0.21052328819224786,5.094178084636081
1083,0.3149407396154553,5.1902051828057605
1084,0.20358076483739684,5.013279365780416
1085,0.2329500143473684,5.0
1086,0.3408325583007601,4.999180274172144
1087,0.13503730860540508,5.065048514258832
1088,0.25330511373164555,4.928412180516331
1089,0.19238920488160682,5.02390390032498
1090,0.23294984894357573,5.0
1091,0.17243376223589513,5.006952919193326
1092,0.21439690430733327,5.144642013624718
1093,0.2647519130734022,5.008335365409771
1094,0.15202151066902725,5.056417345553639
1095,0.30062644383966863,5.100489806775226
1096,0.20204141168250644,5.283726353620066
1097,0.15331621648633642,4.9516595883297665
1098,0.2082182901914965,5.072313167566209
1099,0.1587788731819395,5.087104632319219
1100,0.11319125030135901,5.0829978664844955
1101,0.1283842586482773,5.074728437513425
1102,0.12769412498266974,5.08843862322407
1103,0.3614079925477367,4.388640697967725
1104,0.38479869110454756,4.918732232395122
1105,0.23456706412668993,5.125991093990212
1106,0.3898749628337459,5.261474354195634
1107,0.26479452075834753,5.073558372382845
1108,0.272910375459835,5.064340216728533
1109,0.09398299870762683,5.36262451495964
1110,0.11604647198196338,5.019289731471863
1111,0.23668720089485706,5.070707903718219
1112,0.24506416903564932,5.022697114894372
1113,0.15834776001304496,5.126324326362424
1114,0.26336594700525495,4.976253595771736
1115,0.23416954702080717,5.083488338564619
1116,0.139037014903991,5.1138063300520376
1117,0.20159752817506948,5.032928873113285
1118,0.23382657757298997,5.224225509891829
1119,0.1624576159359643,5.012578442986371
1120,0.08076963530828607,5.160178246501257
1121,0.22269425624819572,4.77006993669022
1122,0.24983805506883217,5.078072704545793
1123,0.19131934565799413,5.24477356205348
1124,0.17756220981661608,4.986937067823796
1125,0.1711335250361823,5.081596285854051
1126,0.19355125915965377,4.989233976183529
1127,0.14489023995483086,5.041786353552551
1128,0.11386629146635241,5.088049978040106
1129,0.2081280754006718,5.146476558303821
1130,0.2747065690899526,5.081410720976534
1131,0.2248134131708186,5.075751234912307
1132,0.22458983351207595,5.027805608868698
1133,0.17526493882280048,5.121622045042438
1134,0.21208849926556406,4.997464716907611
1135,0.30477610235657404,5.032190878850926
1136,0.23421924299640784,5.069179941348043
1137,0.2817807484423096,5.024846774215801
1138,0.27074556186558785,5.068246376371075
1139,0.281665306268966,4.961980341994421
1140,0.1676813340451393,4.889922782954699
1141,0.25789086187783017,4.98967562981778
1142,0.16549944427359442,5.063179915776335
1143,0.14881681488340393,4.8728200457440085
1144,0.3434070795069244,5.035352715202004
1145,0.2763381310599171,5.085301341378168
1146,0.27993024749370676,5.098680048857798
1147,0.4180892566133334,5.090766614047713
1148,0.1732695093853729,5.03086702695918
1149,0.16118243218627737,5.1540376574930225
1150,0.2178699116133067,5.3305889184128485
1151,0.19621155064507168,4.980926645501755
1152,0.2263239386465008,5.078166199614547
1153,0.2645761272808851,5.006776188190445
1154,0.1544623689493485,5.590563430048396
1155,0.1480801603750368,5.2024261242386505
1156,0.2533967358114313,5.035667386455831
1157,0.06658891880293116,5.494163887452386
1158,0.27565494648214606,5.072185832733478
1159,0.14954603467106664,5.228293396194408
1160,0.19700681120307184,5.048342768851359
1161,0.2506279657044719,5.0551712604541255
1162,0.1708274849129685,5.079605841438193
1163,0.14843989438103722,5.017563193335697
1164,0.11330272472108494,5.076402879602435
1165,0.12044080219992792,5.184445032963492
1166,0.32290762777667226,5.131108806816513
1167,0.15971546214154864,4.949083346132754
1168,0.24129959307802262,5.097681743462168
1169,0.28787896806701774,5.0142234839234145
1170,0.14287808047435369,5.056237842000755
1171,0.2507428908852145,4.3522910236348
1172,0.20330736094826674,4.861414939776232
1173,0.24212216879677695,5.053178612304556
1174,0.26619568019062656,5.134972804411229
1175,0.10440820843245824,5.270175947753746
1176,0.08628694688935101,5.019163731507437
1177,0.06997545559945184,4.989390651928485
1178,0.29527123697982427,5.003727094405335
1179,0.2640123558642822,4.913209951759274
1180,0.10025902589516145,5.074955548742102
1181,0.2438566087494174,5.0933495974432486
1182,0.2620402640654038,5.18737415085182
1183,0.17695949263922706,5.191054980442988
1184,0.1752221510150609,5.135113692251876
1185,0.21240312435445396,5.128732027156495
1186,0.14577638970956697,5.112102618769825
1187,0.20980659876506635,5.211746936219983
1188,0.2450743409762859,5.081134708056316
1189,0.1141130187791306,5.045087029893969
1190,0.23854585086004776,5.052033161701326
1191,0.15700379510747609,4.984018704921551
1192,0.10279375950639591,5.015082238243771
1193,0.24175290002377758,5.041341450048931
1194,0.12568038359957634,5.031202303307287
1195,0.2034433104877913,5.050819240466309
1196,0.22762549092989492,5.0896783554751845
1197,0.30744692232354587,5.012854866993983
1198,0.3054489844253676,4.940050821721007
1199,0.17498277831427478,5.078685407010735
1200,0.2626313912442366,5.040515488195565
1201,0.2110486359538224,5.080859261520931
1202,0.19771150951363992,4.987426717018932
1203,0.14988519826784064,5.123615409953022
1204,0.13043585365888477,5.042355074971194
1205,0.19940145198769565,5.0769390052357455
1206,0.15415714795388236,5.021231296725759
1207,0.17379092874836344,5.150192116427146
1208,0.22789101663244848,4.914689755952439
1209,0.21675090027198807,5.109876802153934
1210,0.21300384152778296,5.212708726097421
1211,0.17611489268015235,4.380315420855796
1212,0.17509361196131645,5.552089921675041
1213,0.16890847981478685,5.129975278454619
1214,0.13254321630513255,5.160305096997524
1215,0.20996745250085525,5.140351438674449
1216,0.22766398203524152,5.002050131692952
1217,0.28469438099641,5.059950616428637
1218,0.2404051939319103,5.1624001273605735
1219,0.252774800798208,5.0770472748831175
1220,0.15065376278711806,4.9234009696819925
1221,0.23398106171679345,5.081751495254956
1222,0.16289688717978135,5.004436537878645
1223,0.20268290878365414,5.034722242428327
1224,0.17471922671108842,4.57790405405742
1225,0.17403692234861068,4.9438244916686624
1226,0.14421112428062366,5.0215616635673666
1227,0.20234412973708227,4.942132110776951
1228,0.30673235170812707,5.044365228356131
1229,0.1775266366494881,4.88883193128733
1230,0.16190172529784363,5.192911488447072
1231,0.27552668684163795,5.097159353821326
1232,0.2248493988809379,5.238847149859005
1233,0.19226861606239987,4.939856868513166
1234,0.1415043442198609,5.035908376969909
1235,0.258747653790784,5.078207414796747
1236,0.25754640389179184,5.095999279854766
1237,0.10088652829296985,5.110952572856906
1238,0.27067467848095383,4.9938543723163065
1239,0.18160740112238383,5.162957458787387
1240,0.4083426520984399,4.995776321743159
1241,0.2501100497879487,5.07841667468977
1242,0.3034641055612264,4.237614559300491
1243,0.1853472007773378,5.013773426678307
1244,0.16472314659985643,5.06904436440327
1245,0.31544255831508794,5.076632479964847
1246,0.20510358359684955,5.012176533350203
1247,0.2902622232735852,5.026799516705109
1248,0.18110392649918117,5.035543915507379
1249,0.26258975670057305,5.156067404991687
1250,0.18055059860418488,4.737456802890518
1251,0.16048046811071326,5.081884684538043
1252,0.21582953023447993,5.077082645351778
1253,0.09399209362606742,5.041440669856039
1254,0.19212684261825985,5.016032448680088
1255,0.2536144474954771,5.089242347428042
1256,0.2029918294863432,4.777063943022943
1257,0.1451237112028263,5.32887602189807
1258,0.24231123328671877,5.08600356793659
1259,0.16327734112453185,5.003600135531867
1260,0.35844054298510875,5.052018208064757
1261,0.2573470845114165,5.208102674908748
1262,0.23706943593201735,5.042306510737937
1263,0.26305737237673,5.216493944552907
1264,0.24004329117040535,5.060417632716554
1265,0.20831593866333264,4.9760203936039815
1266,0.18588707683314887,4.974024522665079
1267,0.2872148977169897,5.119727890988193
1268,0.21690773579427658,4.972327121788815
1269,0.2990735759460724,4.88386051530501
1270,0.21262805792540385,5.022433029183917
1271,0.11301145944370905,5.035495006248052
1272,0.19686457298804383,5.158915263871826
1273,0.20326878245921476,5.020648737878517
1274,0.22018159623979117,5.090751604818005
1275,0.2845795807079301,5.09174889962253
1276,0.18586781461316182,5.024305060010956
1277,0.23012696962817936,5.007342716203862
1278,0.11655151622688753,5.039713393103211
1279,0.21576186423588894,5.055364815755965
1280,0.18377215208437003,4.972897675927941
1281,0.23448622381452422,5.029397088456324
1282,0.18213838791381964,5.018968157486512
1283,0.11957945764194622,4.957389302692645
1284,0.2671842510842142,4.868533465243106
1285,0.10021253567996102,5.15449548173768
1286,0.2820347822368845,5.057222874666145
1287,0.28822834068727676,5.379627794236672
1288,0.1374749318611188,5.089549852964099
1289,0.12365594446032202,5.128471585155374
1290,0.2290237618916895,5.1511936655142065
1291,0.1717022035648641,5.062829287352217
1292,0.2246185184174876,5.049259403609261
1293,0.21795968955532308,4.979995007856894
1294,0.16015443471476798,5.355223179967599
1295,0.1324938559796669,5.112568004214477
1296,0.39771503770640004,4.808549859430791
1297,0.23595163176729872,4.932418885569394
1298,0.1594503368560405,4.901031762442543
1299,0.25338912394893276,4.605493630223636
1300,0.38726889996053826,5.014080667066496
1301,0.1823596540121577,5.380381651189721
1302,0.2577621775230803,4.998068091291019
1303,0.25133876177182435,4.865843942100954
1304,0.15098823236171333,4.939103464199421
1305,0.22023423995737978,5.04649759546818
1306,0.13974844474955783,4.760377317448352
1307,0.24375219276413707,4.92308910233457
1308,0.2417775428560449,4.989837177905683
1309,0.17821218074195255,4.9306370394514065
1310,0.37223186391377516,4.940854757194604
1311,0.09935264471537586,4.9322428098391935
1312,0.23126914978660307,4.952291107534714
1313,0.24153537644130707,5.096297636352984
1314,0.44677723382153545,4.884633008522821
1315,0.2780827127789258,4.974677186925938
1316,0.28152991034609487,5.169943676769515
1317,0.33399164075786647,4.78906244666228
1318,0.30265356405498167,4.890117780673009
1319,0.18873347478269475,5.03314356600586
1320,0.17215784943172152,4.932336815763287
1321,0.5907410414936605,4.535054702621526
1322,0.23915204103860943,5.487992996837736
1323,0.335107445491323,5.007166430448766
1324,0.21625475809715877,4.851441261067393
1325,0.3807693009463573,4.996714033597058
1326,0.2841267697946377,4.811752961606466
1327,0.3501349647056786,4.51945594845415
1328,0.23451287081573202,4.976382318990948
1329,0.3252035232374506,4.94754147411852
1330,0.26806231605340325,4.94773732101895
1331,0.2473945730029521,4.917641394325116
1332,0.324645216282879,4.12168737710684
1333,0.27983036864223076,4.910110049944354
1334,0.4581244861298317,4.938858631914025
1335,0.16163740526139514,4.927513211238459
1336,0.21095040155479539,5.680268169716811
1337,0.22189390826919442,4.85791817461342
1338,0.25971217343017816,4.914924860727483
1339,0.2707962047716219,4.836551811520815
1340,0.22228558961586353,4.693409729451448
1341,0.1932472091934745,4.936377235539187
1342,0.33966931056309657,4.840660097318805
1343,0.2884134418726436,5.23938536787079
1344,0.25580564244184134,4.622352358296986
1345,0.2874690006563727,4.911654064503335
1346,0.36832529955754323,4.980575927399302
1347,0.19062182776575098,5.007507520145689
1348,0.22504055801595757,4.984499396946482
1349,0.2978713759000249,4.922736214263015
1350,0.2745792685521451,4.996150783670359
1351,0.23110982964483195,5.019852659320074
1352,0.15000872409265842,5.008805668675116
1353,0.34772022759054977,4.893561952666223
1354,0.14556820347572774,4.92771185681776
1355,0.11767605848697693,4.952276296687499
1356,0.24914044812154335,4.971632513433244
1357,0.20297016716073113,4.86965652747978
1358,0.19865912096480765,5.005309247691656
1359,0.2834396483015795,4.8685019381692385
1360,0.3374005323824769,4.944459475197549
1361,0.2629587734414376,4.880131225283808
1362,0.3606504946374458,4.908377061035374
1363,0.31117138701769465,4.947236742912704
1364,0.43773866616031487,4.276549445822795
1365,0.23294759427331657,5.0
1366,0.3120011234233333,4.960262377359141
1367,0.35083412350335763,5.097254756922593
1368,0.16567766099927628,4.961322046212153
1369,0.19768983568902043,5.023006997630022
1370,0.1404824394217974,5.117895415699536
1371,0.30896821674806896,5.008936547919074
1372,0.2616897231743083,4.815196236126225
1373,0.17813244673503825,5.051102578535982
1374,0.4175917990617992,4.975006144018899
1375,0.36811827170871414,4.813951544511479
1376,0.4787199653551659,4.849234031729077
1377,0.30725574031809844,4.889703959811289
1378,0.14760457901787438,4.820059554526237
1379,0.22340198026440405,4.952746406173603
1380,0.2647985634406431,4.8051677240265
1381,0.22132211555600456,4.9112774402521175
1382,0.1053423063971406,5.123042586942779
1383,0.2844059354523929,4.929678784604015
1384,0.28421514406965054,4.984478513971418
1385,0.2110665969291181,4.960931375293773
1386,0.22486309779066138,5.1011641878796254
1387,0.2857672596914702,4.940551001531812
1388,0.2625660517890218,4.97569742382062
1389,0.3264824996604334,5.009490861006833
1390,0.22497052054473166,5.3574690395236235
1391,0.2029089257914749,4.7579838684129605
1392,0.2585081448732136,4.868617537419775
1393,0.29889662937444705,4.875252994223409
1394,0.24166323157952818,4.967250829377647
1395,0.21325068765222088,5.00699133361076
1396,0.21175083568511455,4.9043574961847725
1397,0.25581575861974626,4.905987259795053
1398,0.254945164311559,4.951794334858981
1399,0.30131709847734234,4.934449356180437
1400,0.2609878956602767,5.030021347708438
1401,0.3924604457026959,4.931971811055265
1402,0.3354655187552904,4.790701806795568
1403,0.40668909880976734,5.052107980491387
1404,0.3332001517637573,4.910742519190441
1405,0.2983249112906958,4.982174070012517
1406,0.2872000975774609,4.8728620848478155
1407,0.2944041268110955,4.936885968944109
1408,0.23295298496452999,5.0
1409,0.25327222478194766,4.837366611596954
1410,0.3017575704270541,4.90039208859951
1411,0.22974318781960124,4.671264711729535
1412,0.3172791605075105,4.897972049789097
1413,0.24485524882219156,4.966695178426939
1414,0.2635826695765191,5.118787600590418
1415,0.15817671829626945,4.930145980737377
1416,0.2908686009574666,4.871733957571571
1417,0.17988850547944946,4.996755415101308
1418,0.24140729418376372,4.983330002787643
1419,0.366455395290157,4.876747479872812
1420,0.3064723798561415,5.007182018819565
1421,0.35887668486745605,4.523410613552565
1422,0.16034950798680092,4.873320408418431
1423,0.14889711981080445,4.918263075522171
1424,0.3179369160575991,4.735453397546996
1425,0.40774656494241146,4.993694151966688
1426,0.367522319158367,5.000706316396792
1427,0.3174734921079305,5.107537622764333
1428,0.2872034910017509,4.8803827581906845
1429,0.17483514952888846,4.912836896541073
1430,0.3673891499512294,4.873338576798787
1431,0.21010938348823327,5.00228332989745
1432,0.16743419227148615,4.874068810575984
1433,0.26591464569106504,4.984753075300841
1434,0.27903897977611636,4.797007453101214
1435,0.3136995358171588,4.942387698364072
1436,0.3663978989231733,4.902577911551749
1437,0.25709290483697944,5.035252192501796
1438,0.23861034986663232,4.906793009688659
1439,0.3075988369213305,4.829974771571477
1440,0.25251460286788596,4.9636860890141055
1441,0.40941871405207597,4.792203904849615
1442,0.25288141362178407,4.806191090939027
1443,0.27278789207651255,4.9829856993145505
1444,0.11787890065052165,4.858208294831634
1445,0.26358411220276223,4.988510408498277
1446,0.24634182521242587,4.988218091970609
1447,0.2867955027606339,4.835451895868523
1448,0.12803338197109992,4.8827777216211565
1449,0.15617146390489545,5.025537050818798
1450,0.3141820191081519,4.97332002325189
1451,0.16700641834802266,4.977249423466947
1452,0.26263684812552235,5.285378289007419
1453,0.11865923509792231,4.922820058631663
1454,0.26256967497080597,4.712809375088023
1455,0.35081394731737214,4.923280618264165
1456,0.21871187708516504,4.985545806582659
1457,0.306893063563638,4.885214176200874
1458,0.3253008187289794,4.874449522466069
1459,0.3057581883244971,4.961636913741065
1460,0.4280871222309044,4.98302607933498
1461,0.4186381545822644,4.893888973883609
1462,0.24026802646743506,4.944510750140276
1463,0.36927518499182854,4.953591459320492
1464,0.2271632237508976,5.037256483005246
1465,0.13047412155471183,4.998768810948606
1466,0.3872916785302245,5.0650581024331665
1467,0.16609159606752,5.035938517485556
1468,0.23540286502619634,4.99025665793976
1469,0.41435315714887344,4.996710727757989
1470,0.22832219914798957,5.012623782498444
1471,0.3350225144675594,4.843181323606078
1472,0.3969565001547133,4.918859305189356
1473,0.37967924799985275,4.835884421560461
1474,0.25918733045841824,5.281133499938484
1475,0.11534395448230184,4.985112595520462
1476,0.4687212415463109,4.917936469476425
1477,0.4252285374471667,4.938768193274488
1478,0.288604444918124,5.107802766080791
1479,0.2295898844102262,4.815654615210088
1480,0.20880309607535863,4.947528309925637
1481,0.20746599568207258,5.001424264610526
1482,0.31061275652506337,5.339869533458668
1483,0.37240729698806163,4.893182296640939
1484,0.27980516139597134,4.94072541722641
1485,0.20528585695970825,4.7234224998544505
1486,0.232174922838708,4.8423070733595
1487,0.2479124667054724,4.962441962654198
1488,0.25128974891058964,5.0230000795499485
1489,0.2097011400441584,5.110401251646204
1490,0.3252705175610229,4.87758164084104
1491,0.24242512231386737,4.986041990186747
1492,0.20217353384495151,4.879629610074483
1493,0.38223731143973416,4.726412843343573
1494,0.133213718846928,5.022919907383567
1495,0.18161574635547284,4.90863773265386
1496,0.32273530326393995,4.973891715610863
1497,0.34622739944543657,4.864091542442033
1498,0.3239075229439743,4.898222703396868
1499,0.3046663892648731,4.409585175957211
1500,0.3316979341420805,5.063057187215376
1501,0.4249295037426297,4.892695593114578
1502,0.27151936161367174,4.7617246165014215
1503,0.34140914711168335,4.888756968608554
1504,0.4066374368006749,4.988659011431977
1505,0.21577467524676885,4.5413110695216385
1506,0.3574206484877418,4.993765092922375
1507,0.14956430578269875,4.637677877422384
1508,0.1989690804306894,4.834370044188825
1509,0.3909275921850477,5.069388937714869
1510,0.34087555047681595,4.840087291799238
1511,0.16852900072108667,5.441250535947875
1512,0.22263184125320212,5.136818949346935
1513,0.14109798490306524,5.123192617371393
1514,0.16641286501730812,5.135221552373084
1515,0.14168909303107724,5.132342805126813
1516,0.22864685274949315,5.058876246004926
1517,0.0757031862818992,5.173656644353644
1518,0.1037882420605567,5.074131350432696
1519,0.12918184483014306,5.150123593093703
1520,0.14791027478001895,5.1323291527466885
1521,0.08518891073648138,5.142296720603747
1522,0.13619012762038452,5.143659340895512
1523,0.16731443176213245,5.131819524372574
1524,0.11316064632417733,5.152900292363007
1525,0.10532020034091782,5.1188913102283
1526,0.12083590903231622,5.785981635259292
1527,0.1447399713247176,5.136361432851739
1528,0.2767182466256226,5.099729893349254
1529,0.13312555153793182,5.119429022911675
1530,0.2595592814737745,5.139175092663777
1531,0.1354688129085776,5.134503760849789
1532,0.1905832636185688,5.109332814078069
1533,0.18242567955832079,5.149294279162957
1534,0.10864017849998509,5.14301090151104
1535,0.12176151716044725,5.10787529400222
1536,0.08269090981247162,5.255861686580285
1537,0.2722406599702425,5.10579540556555
1538,0.15388555733755294,5.135895933809005
1539,0.1634275914919936,5.1201910226806735
1540,0.056809136030894325,5.06997764169455
1541,0.24652747606338854,5.143892898168412
1542,0.17636342948548533,5.128500527541471
1543,0.15321079776320734,5.147246737501865
1544,0.16722269613545948,5.147242211532017
1545,0.15743220904302113,5.133021171431444
1546,0.1560753368087372,5.122201575240419
1547,0.17209681110646313,5.153243662867926
1548,0.19370212402278475,5.127366831621902
1549,0.09009759720675659,5.109481338635913
1550,0.20196843638557083,5.094867464031072
1551,0.11224770005245599,5.082614944649562
1552,0.15036415377816525,5.146818633192476
1553,0.10393556996046482,5.121808135008807
1554,0.09250044641476374,5.13231710453411
1555,0.1787209969917284,5.090161616700026
1556,0.09991046098477241,5.130687817025592
1557,0.11529106704241776,5.129413574840624
1558,0.18218755028160505,5.114910061995905
1559,0.11668868666958887,5.149325352623402
1560,0.11098409215433047,5.121023837474379
1561,0.16141612162423336,5.116479639449016
1562,0.1889132404955869,5.220657438694367
1563,0.12336176429352763,5.14039374354863
1564,0.15350585574926534,5.055195257488734
1565,0.1714361349098985,5.1208494135028815
1566,0.15597448771569944,5.28442453167246
1567,0.15444002501033138,5.118209280462693
1568,0.0854884700627635,5.088405360005073
1569,0.21468427782690147,5.128281589342842
1570,0.1251269249040613,5.095854024864117
1571,0.053552890268685815,5.1312324997683145
1572,0.12123584190453063,5.115835876148411
1573,0.20707989438473084,5.027800194484069
1574,0.1530760442434438,5.113050314538752
1575,0.19091203029420778,5.127644540185727
1576,0.15612338277494997,5.1236950635690715
1577,0.1595018063638196,5.1474897304068445
1578,0.20500988425034383,5.106134785436787
1579,0.10876942383977695,5.125376774427561
1580,0.21800741811798696,5.149655163614222
1581,0.1907922368609254,5.130037903023679
1582,0.19940824527409606,5.121469049236005
1583,0.10779365848746769,5.312097074405964
1584,0.10994507946339338,4.826304345101429
1585,0.14683559978927407,5.1112223014340685
1586,0.10173842518475473,5.128609142133991
1587,0.16940925018979247,5.105113929428926
1588,0.14509515637488957,5.164169524481883
1589,0.10241522809769588,5.066947230036929
1590,0.25694040117531025,5.150691312376123
1591,0.1655605205880445,5.133183270236863
1592,0.27833956610730715,5.105662386428449
1593,0.1394474726116186,5.071198268964308
1594,0.08669808420417302,5.140902113162005
1595,0.08747617134165775,5.014613930708531
1596,0.16409468174270359,5.081611472792513
1597,0.09650647574101912,5.099364726556894
1598,0.09315524890071447,5.133427454179449
1599,0.15537088587683867,5.087207855777365
1600,0.15046681364598258,5.104425117427471
1601,0.1168184263896398,5.13077537726554
1602,0.18205270878237756,5.133976801067375
1603,0.13766127252033722,5.135002866761296
1604,0.1444298575872629,5.3857219051763305
1605,0.17702922149802958,5.072443350733682
1606,0.1588509268373044,5.127243237696213
1607,0.11350774660413687,5.1018242761935095
1608,0.1038348872071152,5.125505778572901
1609,0.17006205090703264,5.104769969593663
1610,0.18711031896728558,5.088899684705295
1611,0.11119387795143099,5.36525919573573
1612,0.09023290211298252,5.112967341144188
1613,0.24340100516054664,5.11680701914786
1614,0.10473323866901829,5.114112828931638
1615,0.16376601486974063,5.088963395244317
1616,0.15451517220328015,5.12163869975689
1617,0.17550675814090944,5.094314511441089
1618,0.22106791409986737,5.108890213993478
1619,0.23064416967510093,5.118209030307659
1620,0.1521479198386836,5.317529253932367
1621,0.15276776243528667,5.125744606509883
1622,0.18473111981138413,5.119565202956835
1623,0.1595878560863102,5.11791093275761
1624,0.1123131092058921,5.137612907843234
1625,0.1484296766101142,5.135115505879826
1626,0.1433453100010489,5.119783457022136
1627,0.08587567164018606,5.512388775393298
1628,0.09211601767818678,5.114851661075397
1629,0.15025182790598568,5.104891235305011
1630,0.12226747613655509,5.102656042007201
1631,0.11788593312123719,5.099851184487294
1632,0.1249691021262771,5.13313978319613
1633,0.08206027980413855,5.026889884040573
1634,0.1484356011880964,5.126897724368931
1635,0.1721170382569852,4.929623983336011
1636,0.17591753106592323,5.127361514451918
1637,0.1784139125826103,5.123393276479904
1638,0.11272267332125963,5.117333147649656
1639,0.09092887374874448,5.139323368073105
1640,0.16985096273504274,5.146289330945617
1641,0.29236343119964026,5.049510772319055
1642,0.18046496272734192,5.113493492433561
1643,0.3101793387872003,5.12525683493009
1644,0.12511240879550256,5.099012436068353
1645,0.1336717524862686,5.137031625452435
1646,0.19876370081517014,5.139185793872487
1647,0.08937094177466443,5.105419614480287
1648,0.0843717511920109,5.115671128196748
1649,0.15667961374321293,5.150609816561449
1650,0.16434926845128706,5.139381472860327
1651,0.19277863451408228,5.0596457452256605
1652,0.23397610955339754,5.135528384630765
1653,0.16924197035131294,5.1255347726973355
1654,0.1305900465554657,5.146544895707423
1655,0.14122302009134147,5.125354035102987
1656,0.16044684143153087,5.090019951521052
1657,0.15987590942837748,5.121030714590669
1658,0.19638213867003718,5.120615526029173
1659,0.13780156645595298,5.102099297474325
1660,0.04718374536599346,5.132869715159671
1661,0.20544763358088247,5.133418155533178
1662,0.19743636327087266,5.086206165405862
1663,0.1833311479987415,5.039378991928505
1664,0.10332131938389943,5.118085227308207
1665,0.09452830010383462,5.08819052176098
1666,0.220394046287667,5.1371131627730815
1667,0.14174396715914928,5.096752056355447
1668,0.1272148996676794,5.129055433916747
1669,0.10992476882289692,5.156935778043268
1670,0.2073924950418784,5.110687801167746
1671,0.17800027871704482,5.1336873090497726
1672,0.10369262366392962,5.114088506618035
1673,0.14953342527026525,5.0945802790609385
1674,0.22241144863141227,5.12465391592233
1675,0.21229819968345343,5.1284847227737895
1676,0.23295006230671056,5.0
1677,0.2140484893516882,5.138044548196552
1678,0.15356295114965424,5.103960036523709
1679,0.17981781496456495,5.159923874489447
1680,0.1378177815013123,5.0973779164306965
1681,0.07288022633646918,5.134074537830777
1682,0.23294994457696572,5.0
1683,0.13927308544874817,5.4915472961126
1684,0.1339600601354295,5.145862483059105
1685,0.27271627029160916,5.138625845960982
1686,0.16336716920308603,4.989105971203118
1687,0.18777115230776154,5.121988257785768
1688,0.19235918570152633,5.093575583022583
1689,0.1572008687283457,5.12914514988668
1690,0.1456192581933461,5.129950457802295
1691,0.09700167215090583,5.130361571852999
1692,0.2765013997600312,5.162983640901437
1693,0.22204135532070035,5.133175553317191
1694,0.19880057163311227,5.125127069206794
1695,0.2465992099769294,5.155283907808048
1696,0.09820829149866839,5.098970857002927
1697,0.13499347431101127,5.137087495477228
1698,0.22539314783603404,5.108035678263283
1699,0.2280629187365314,5.110591497756829
1700,0.12100717293392294,5.1197377695427
1701,0.1699349455445931,5.11547442986207
1702,0.18472958192348532,5.142263895984227
1703,0.16566725214305378,5.142261032057274
1704,0.20324053342211756,5.113808123614492
1705,0.1289573651155812,5.114729373376079
1706,0.17687359270179104,5.106450705884056
1707,0.15736886457244503,5.072044059339653
1708,0.2299927152422968,5.114407844010236
1709,0.24087182423617415,5.116963392421372
1710,0.07848175616212705,5.126188284483186
1711,0.12505098962843697,5.091143908549318
1712,0.2270463076303324,5.10901169293394
1713,0.1795458103674361,5.108643162423849
1714,0.29560214981292043,5.0918768169901885
1715,0.13206770447670912,5.121884661833596
1716,0.20580737195634125,5.127353519872377
1717,0.17345337374474235,5.119655912853576
1718,0.14873083475009852,5.125662480922575
1719,0.2337296664549472,5.113970700479671
1720,0.2340040234038837,5.1139251079140635
1721,0.08310529792632959,5.129751209790019
1722,0.2652899044615976,4.669569967750391
1723,0.05645476994602261,5.139307278027498
1724,0.09975823099946513,5.116248387802207
1725,0.2636968870402443,5.1244514895299975
1726,0.2265263266008115,5.125908965752348
1727,0.1739945455855998,5.11297263102791
1728,0.2771264533220952,4.990333177008743
1729,0.3713181081735535,4.958055750172106
1730,0.188094785077082,4.922403236907176
1731,0.2479070002296928,5.078445204285789
1732,0.32266187951552494,5.037485904761008
1733,0.22674931777679275,5.0681967679831885
1734,0.14233791033455634,4.987277853939993
1735,0.21654312002167986,5.0038751534942705
1736,0.20145541611590345,5.059384535714555
1737,0.12184081616247888,4.966062005450782
1738,0.19027734767215465,4.967221330095537
1739,0.2690068258002929,5.085481430183636
1740,0.2992870754145318,4.949832628792228
1741,0.19993029438010113,4.955229692659664
1742,0.10909412386538264,4.981342692079425
1743,0.12114913598761645,4.941036715909011
1744,0.24237128558734033,4.975415340239202
1745,0.28180440117377525,5.09027180133387
1746,0.37505437053236546,4.832851742483442
1747,0.1886583331035283,4.825519205023072
1748,0.28090678573180017,4.866509931058554
1749,0.2575044809134046,4.984630925310158
1750,0.2226045199518678,4.869324100004544
1751,0.21614795606581305,4.977521677191792
1752,0.19670112872667445,4.8569383478318695
1753,0.573337294180801,4.232456177837669
1754,0.16875964691405376,5.065724993529113
1755,0.2699536225020627,4.961567428172842
1756,0.32859019669346834,4.916667134247179
1757,0.27256064887078524,4.970364400624572
1758,0.2624547385979783,5.040714523362677
1759,0.13234726848071565,5.005182248635371
1760,0.25480865229183425,4.981467645784035
1761,0.2964728217424948,5.03571751648928
1762,0.18556966573931422,4.94430712436789
1763,0.16112386249367527,5.000679854851997
1764,0.220425025095907,5.100430838473944
1765,0.23351582236776092,4.978013058769495
1766,0.15354182304970543,4.939200413939604
1767,0.1921651293527289,4.8688644316934315
1768,0.1519169076345015,5.294001725492707
1769,0.20738316142221191,5.034268195649689
1770,0.18868483445084672,5.032058200026279
1771,0.2686195009933785,4.937867167084411
1772,0.1988769234697627,5.049083758594524
1773,0.4168549637261878,3.514879520037666
1774,0.26736002136663184,4.931878140755446
1775,0.13683662439238353,5.054465881542072
1776,0.35174266082290906,4.922660957966158
1777,0.26260503764260457,4.988763206261266
1778,0.22586114717817596,4.953548881985421
1779,0.26217986705101537,4.954531091979915
1780,0.30177167975689967,5.045653057496136
1781,0.21393205324209275,5.098708653885566
1782,0.07286621357342193,5.0772372946821775
1783,0.17014319167766767,4.98307970277283
1784,0.10144089715238414,5.00281297866322
1785,0.31756704050100315,4.955310806502915
1786,0.23112533170256544,4.955733807811082
1787,0.17105992948115833,5.058425471488999
1788,0.12356291504405514,5.012497046513822
1789,0.18162323694738447,5.015420662235535
1790,0.16448629238304724,5.0817737378276995
1791,0.23340386437366,5.03877884708535
1792,0.3235766588108233,4.971697990810604
1793,0.23856634621859008,4.973877919738161
1794,0.13369155032176594,4.561684162344886
1795,0.1428266866915482,4.91438861235979
1796,0.24664387880573502,4.871440525716597
1797,0.18485096269070977,5.126488171052825
1798,0.31873539775108717,5.046187944854603
1799,0.22912897741708416,5.107887074346653
1800,0.20610252605085466,5.022203162622052
1801,0.13928973838812242,4.9751469703844275
1802,0.10481792155794856,5.1283178435307075
1803,0.19871489207716175,4.978561162266049
1804,0.16759264294927578,5.012439592396634
1805,0.20353236093120453,4.969756365100846
1806,0.28539331928420864,4.93129103106428
1807,0.15469430340201784,4.74593209573781
1808,0.34573706600125176,5.127295263175871
1809,0.23174037932308944,4.914455081638387
1810,0.1394951995556839,4.820387387913536
1811,0.19219196995144738,5.01299401383152
1812,0.1680488955838324,5.206285940858626
1813,0.23137706516111933,5.0126007934296535
1814,0.23295258981757017,5.0
1815,0.18854372029433275,5.0007543030696056
1816,0.3551871041589214,4.724389275220462
1817,0.16396601636047192,4.951594328587481
1818,0.28661587874286476,4.902003903075967
1819,0.13203727861494685,5.0526362816312265
1820,0.18425842945844106,5.025259169216616
1821,0.3070379977845408,5.044537384542727
1822,0.24232334320955862,4.870685584046299
1823,0.14935825097896838,4.143443748908533
1824,0.3104277463173135,4.89913474014978
1825,0.3445157596761854,4.483946854285223
1826,0.2046522422445498,4.899893593850306
1827,0.13249752575786133,4.943955350550526
1828,0.16144400185858432,4.979358893480059
1829,0.20766929317842453,4.973930116966745
1830,0.16390354483134617,4.745360501764928
1831,0.2905849011780146,4.962392441451424
1832,0.2601121904579802,5.068595664642475
1833,0.16063612592891707,4.910889531812677
1834,0.2648853703211054,5.49523781816303
1835,0.2432756826070881,5.021526953400102
1836,0.2745543974565239,4.97689180420716
1837,0.28573136645113917,4.984901938227813
1838,0.21369181203966692,4.95389342282806
1839,0.12496076517006904,5.000265933609729
1840,0.1083263715767444,5.003671246334864
1841,0.16318887403723648,4.90783180499629
1842,0.1825531287515838,5.011506740956708
1843,0.18528890517258523,4.904634029955339
1844,0.13583519274403422,4.8161063379565405
1845,0.21994691687574885,4.9891456494088615
1846,0.2963391727210982,5.022423567983889
1847,0.24538103155536262,4.980984216554569
1848,0.1645948053413271,4.835329058265989
1849,0.13519926724652453,5.063424051052294
1850,0.18451321250462738,5.017161076641621
1851,0.2577009670468624,4.496569829447319
1852,0.12136466077294283,4.966917969896407
1853,0.18211020111009368,5.048782074218776
1854,0.2872710153032534,4.83086857841049
1855,0.25794097528157645,4.770533476135892
1856,0.22827626987639604,4.937570169711156
1857,0.28007265157286976,4.906024901869488
1858,0.3463565440302945,5.011002301166281
1859,0.4900701999491097,4.557960665503336
1860,0.22766042534870667,4.896444096070365
1861,0.2882402941357778,4.962212818437024
1862,0.12276150297271804,4.960186416345191
1863,0.15999253865090157,4.895810046058635
1864,0.2051130110748276,4.969464546305797
1865,0.2584394350933996,5.110440107326326
1866,0.2625643203996153,5.00161767676496
1867,0.23472205083146092,5.006234065000861
1868,0.2329467462772168,5.0
1869,0.18884376450183216,5.002686733180175
1870,0.28198010897367354,4.9378373220114735
1871,0.22508304994317996,4.878403499985966
1872,0.1436733198377973,5.032034652718087
1873,0.29986433591059747,5.032039498835532
1874,0.24609688088167547,4.916207260652614
1875,0.16311171418974046,4.959705095275684
1876,0.17316672783184206,4.932613194295028
1877,0.4006942111663212,4.965737695902401
1878,0.2840446980959963,4.985212593953827
1879,0.32311620744922154,4.527710652027839
1880,0.25230230008587706,4.943358991852254
1881,0.1989275448564105,5.009190860900468
1882,0.20950432844218914,4.7839748290644835
1883,0.19249107609150728,4.962854986825969
1884,0.23861802491367,5.000573814685598
1885,0.14185435057553275,5.009319892648287
1886,0.2609961641915699,4.9401280055688
1887,0.3037064163051566,4.932027091630271
1888,0.1458819865727341,4.9804256881294595
1889,0.26164507027500417,5.318735683142073
1890,0.17797717993383477,5.4020492116912955
1891,0.24792479583206672,4.986824368307561
1892,0.29220930611762297,5.043117591883224
1893,0.14804857377538716,5.024946906568539
1894,0.31227306072728145,5.000349414327516
1895,0.2547647239982864,4.905276214184209
1896,0.22260685295338178,4.978705584972545
1897,0.13294536672652124,4.9425165118056125
1898,0.27841332281875286,4.930209563378618
1899,0.14918303623096874,5.003502888608136
1900,0.15014085148196288,4.998753106157885
1901,0.16911759484752786,5.106720379312453
1902,0.2350753464566473,4.992828453105496
1903,0.24123814291593515,4.9025384635278435
1904,0.37756910146360223,4.767694588450757
1905,0.31576706532207766,4.988759668608189
1906,0.2706593674519857,4.7499602080450565
1907,0.17240028416838382,4.95525390869668
1908,0.33322141224405466,5.167752784216253
1909,0.33529028109672554,4.966381729483729
1910,0.2238313691078453,5.007446524442347
1911,0.15575783052268122,5.5469943031576285
1912,0.1139053419922238,5.010514342855341
1913,0.24361380829905355,4.959979514798762
1914,0.22522256894937764,5.527609812508851
1915,0.3193912993968888,4.9368473808612645
1916,0.28281857637725594,4.984865268085015
1917,0.26075553707769794,5.049654728074291
1918,0.33233134650704943,4.9821388320081805
1919,0.36269196251445557,5.017333358517773
1920,0.25528119746543165,4.9458001047027
1921,0.15438484646625517,4.995571640764913
1922,0.2299805662158818,5.044784045957913
1923,0.2518069921592434,4.960533071234083
1924,0.20870168178142445,4.9707425940265
1925,0.30514143990268994,4.832190439880746
1926,0.21930070315091488,4.892639106874546
1927,0.13460330359024741,5.055718710771231
1928,0.2542213878830826,5.14679094474034
1929,0.3625081385150044,4.983803963523643
1930,0.3191078172215489,4.685278138243003
1931,0.3305018425507731,4.818013256427349
1932,0.19311366267760444,5.0199383486454785
1933,0.2827364712825924,5.0699936044492855
1934,0.3611480033163925,4.960231478164818
1935,0.2641670396898741,5.065023509727133
1936,0.29356170671414694,4.970336731356539
1937,0.16239687682618809,4.977242902706598
1938,0.35746527212718116,4.978491709911825
1939,0.18946828367971724,4.992353555731297
1940,0.11057221364654923,5.004598274461918
1941,0.4073561232217724,5.01372812081188
1942,0.26869300052321154,5.014539531453792
1943,0.2127570211432981,4.955707770344757
1944,0.29483525100055785,5.185395765836622
1945,0.30635329146441226,4.963415874645669
1946,0.2159596663179706,4.935443017621433
1947,0.2858087599182171,4.979319159431297
1948,0.13985812835247957,4.919548100521709
1949,0.22781794689296042,4.675063972752573
1950,0.2430877988079574,5.672889355458173
1951,0.2729922443495656,4.999930698949306
1952,0.23459091454280045,4.9257838856691105
1953,0.12086208675134036,4.9400034469109855
1954,0.2081513975328828,4.729302908386277
1955,0.1716589677886513,5.432789695750344
1956,0.28264917085350794,4.944316597335288
1957,0.25218179476575897,5.080449453687139
1958,0.28128544608541683,4.682515349107206
1959,0.29543597969023194,5.037862683919165
1960,0.40128391893286564,4.85760042533915
1961,0.22329281914314514,4.9134922781447266
1962,0.20277572081267103,4.686376581435026
1963,0.25293125760309754,5.030538875031922
1964,0.17215728114075168,5.110245905987636
1965,0.2525841146213448,5.049364557725893
1966,0.47581327554343367,4.756873328187581
1967,0.2717228601511803,4.937408791322868
1968,0.23495216290972332,4.899152609739845
1969,0.24291697687223035,5.275211023646023
1970,0.1792145773452105,4.863593283315488
1971,0.3147280605422198,4.943855336637446
1972,0.28205434133313445,5.035854050998623
1973,0.07855238762715389,5.048230629919415
1974,0.22928936771934483,5.071512548739339
1975,0.2050014798636901,4.920368396181178
1976,0.11754899696320997,5.034913169621742
1977,0.1463155730716268,4.802691733457616
1978,0.12368873820044879,5.063500713725828
1979,0.26646764725822636,5.160486035584668
1980,0.1803363682597916,4.677616633038468
1981,0.17122144676053797,4.7443582178965915
1982,0.12267336870357948,5.082409899242535
1983,0.16733282009814676,4.9224564141215765
1984,0.20351233458647022,4.936279816918674
1985,0.3215226898631178,4.983556960078923
1986,0.2478695694288071,5.0503056522674505
1987,0.2920357213366893,4.875868912095882
1988,0.21592754463004793,5.114191842078819
1989,0.12665292686920226,5.671852746093764
1990,0.1511385082177792,4.999331243080052
1991,0.2510006876359867,5.15467595034778
1992,0.2668981937632746,4.948820432005201
1993,0.2621409764808753,5.213565326049396
1994,0.24996662065327224,4.952482930196069
1995,0.21681243275202577,5.007370188957347
1996,0.2062134068980046,4.923249945177188
1997,0.3088214039007382,4.985201008317368
1998,0.17674169516039173,4.872431746686194
1999,0.1517721534863663,5.1083181687576396
2000,0.0770089181777116,4.784467524768488
2001,0.13749641945671853,5.1341849191689715
2002,0.2844610150326832,4.981853341201372
2003,0.10248809786185498,4.982457678189975
2004,0.17672449377893695,5.388413603009052
2005,0.265590909972933,4.938042261317364
2006,0.1390922741086904,5.049031794575294
2007,0.25777862552554875,4.892127977214145
2008,0.30447356077659427,4.95053583619204
2009,0.19956292082447358,4.863784817757804
2010,0.3587866497720713,4.922921205444828
2011,0.36239690000016833,4.909835851088493
2012,0.24559259358956265,5.074429447916788
2013,0.32708262687385603,5.003661911574113
2014,0.3413333339881266,4.959107225420967
2015,0.3293549812567831,4.933475741836375
2016,0.2689093135694893,5.036137279188839
2017,0.16087714742498216,5.121742422062701
2018,0.20480296218593153,4.9836143790647025
2019,0.21485641721113824,4.49622074209338
2020,0.18286477333861906,5.024229945719387
2021,0.25451631230009664,5.027366453418756
2022,0.4057970696831119,4.908920663805523
2023,0.2539841937685976,4.97260009430315
2024,0.10805371850897072,4.949101835395204
2025,0.2802733118477909,4.93946474273546
2026,0.35562275781608554,4.962372817987051
2027,0.2806654493670864,4.681267418210426
2028,0.32489769025058557,5.104536598751501
2029,0.33098407306518474,4.950348920606862
2030,0.42160472716655395,4.156359286809543
2031,0.3976020043343893,5.067547417177627
2032,0.20138254244435472,4.998553955861569
2033,0.07252298061453955,4.977106103793725
2034,0.18407606699839563,4.977010547099878
2035,0.30671001127088715,5.031795571246942
2036,0.21174243033612195,4.890731801220003
2037,0.15458338117641368,5.020082942131765
2038,0.2884726979729131,4.772078038920586
2039,0.2388129093084217,5.060286548745996
2040,0.23771230060549486,5.100704499781701
2041,0.31448741126169644,4.054294022377354
2042,0.3165887886940193,4.79614388042612
2043,0.26729207309681535,4.802207563730443
2044,0.14766379723456002,5.098544623819192
2045,0.24728833258390703,5.08926594461907
2046,0.23295002143513455,5.0
2047,0.14379615390846023,4.801155803720212
2048,0.15245964874518791,4.880721724518056
2049,0.3507599689682197,4.9497475665368285
2050,0.13749370564064045,4.965210631797463
2051,0.3784674820847933,5.03724659749075
2052,0.15143040167527344,4.8795624075141575
2053,0.22451806764575566,4.937062847480922
2054,0.1658277358995941,5.17678897513786
2055,0.309135200017298,5.480788425895522
2056,0.2381139258829339,4.904415363366388
2057,0.3526028023713599,4.957661416478993
2058,0.26189463328088114,4.903217860594937
2059,0.3359941598913476,4.881116045955398
2060,0.12905523609346714,5.003267226531252
2061,0.30645324990453027,4.992022659065958
2062,0.2917579772998271,5.046320671985658
2063,0.19883213685637147,5.083173455840493
2064,0.1978483773847568,5.0744825591343545
2065,0.11324272287264403,4.860701314437357
2066,0.2881299507661268,4.979353819942025
2067,0.4161845664756101,4.792143529883601
2068,0.0687383071508767,4.89381484813614
2069,0.44139198519205736,4.695520838731184
2070,0.224466319063082,5.041845097188373
2071,0.19127056377667384,5.159343053397141
2072,0.2217309057446215,5.304907534334378
2073,0.18109993344800435,5.002695982934133
2074,0.257102926114934,5.121393620159056
2075,0.22464193995909176,5.362878389032177
2076,0.1696838085467487,5.141714196396334
2077,0.2384425720465495,4.871401848874051
2078,0.26936179707852004,4.7485334370857935
2079,0.3126032350389252,4.59958031606547
2080,0.304463699032711,4.958355602395654
2081,0.3323414930358748,5.147380717614398
2082,0.11440530209572919,5.21216064388665
2083,0.1790243098277673,4.9565468068445195
2084,0.14968122580219356,5.149786943260608
2085,0.20164671482281826,5.210763377396281
2086,0.1709703329646175,4.8681923704745955
2087,0.18305731496690192,6.305751123009937
2088,0.24253735073052707,4.905852216474571
2089,0.2685513943055964,4.911678555212999
2090,0.2763343965010654,5.074662822475382
2091,0.16205180058646462,5.028890321005468
2092,0.20278136115626544,4.972945945692588
2093,0.2558692726626195,4.928295607302875
2094,0.13060805252286833,5.012377371370276
2095,0.19675322508449877,4.967539926234599
2096,0.21982942556808016,5.403956252638764
2097,0.24244646830045768,4.956087114013945
2098,0.16694241625692086,5.018072650261818
2099,0.2909931424120229,4.948369805445507
2100,0.2329503827451016,5.0
2101,0.23355805922027928,4.876297890622743
2102,0.26193998380978845,4.882595960587857
2103,0.22700683085919504,4.956480316575815
2104,0.12477424045614871,4.815281369615452
2105,0.47898908589857725,4.70037342048335
2106,0.1914322576372529,5.018154768872742
2107,0.1708518192525419,4.948640939051119
2108,0.22980868088412865,4.381852603124008
2109,0.2499261754167308,4.899425684959811
2110,0.26518457817843033,4.730638925503845
2111,0.3824371501149255,4.984489315276681
2112,0.2211988934455622,4.59581081652086
2113,0.148796204652629,4.950009982048469
2114,0.1479562971780346,5.008632410910883
2115,0.23563032113872717,4.90344806759647
2116,0.31156980866922,5.0745070602638975
2117,0.24059784997075195,5.002054599804016
2118,0.13638763850498514,5.075954885281222
2119,0.11712894004602603,5.609411751160289
2120,0.19816590822231483,4.90078846049359
2121,0.24546229145194376,4.951314977531371
2122,0.17369268578147268,5.038531671060049
2123,0.18054201102445822,5.117995969875153
2124,0.20503102835901932,4.923986760509074
2125,0.20637644032424007,4.991178640241021
2126,0.3180931928797379,4.936383702223024
2127,0.22504545236652773,4.966256135155156
2128,0.1460320017774719,4.815354095957485
2129,0.1881605190076543,4.697427089137198
2130,0.29526542719447124,5.289640261024191
2131,0.24160045677229935,4.829868346573676
2132,0.21170273922119542,5.543311373043283
2133,0.3100737038763608,4.706364971920074
2134,0.23961492991753608,4.969191626621683
2135,0.23034756329596506,4.962736598731032
2136,0.15112982930299168,4.703676375418544
2137,0.3318878583229272,5.173192620681384
2138,0.28348189099530563,4.987904766747517
2139,0.3011894474526051,4.959200238164003
2140,0.32953897475886995,4.84734837913571
2141,0.13735063425757743,4.7684764094758325
2142,0.14914671364880783,4.761096124113395
2143,0.21739613873503183,4.938542118418949
2144,0.21218424022707483,4.990208534066278
2145,0.11513708385598287,5.036732662579908
2146,0.11279707434327291,4.878890660614825
2147,0.28170407402098485,5.054634177496453
2148,0.4308939173378632,5.06455695800784
2149,0.2901198980110784,4.947431493011232
2150,0.22478335265160898,4.843612205112571
2151,0.3716491868701526,4.856380056885126
2152,0.3642743444259209,4.088309047572274
2153,0.1870095666583147,4.994552630255065
2154,0.2821838978766613,5.002136771533365
2155,0.27158295519884956,4.965598680399559
2156,0.12660761516360441,5.057927195443304
2157,0.1769444027139928,5.182120217051436
2158,0.2775887456329651,4.942333493092432
2159,0.15862365199812656,4.9741828870064975
2160,0.23611184747676406,5.100987914084119
2161,0.19212115092788662,5.230835588815674
2162,0.19455835583574066,5.103095962216173
2163,0.12038776442286825,5.070884268622686
2164,0.15430391673026111,5.168404629283723
2165,0.09330634215174238,5.0997392653832385
2166,0.09552706735409144,5.041678419772291
2167,0.15870204986808023,5.078928519392338
2168,0.146634315073778,5.016583402159123
2169,0.10642835869730227,4.755491040134636
2170,0.10393572937993578,5.697935291638343
2171,0.12701582432733882,5.1020363400173885
2172,0.24743229571125402,5.079133592433811
2173,0.1852134751746548,5.03696879688694
2174,0.15746079736125085,5.127248468000758
2175,0.17833511944482128,5.082900306918683
2176,0.14905548805997648,5.101511510295094
2177,0.21117396679040334,5.008854256876187
2178,0.2223944011013126,5.071783665753298
2179,0.17152075692394142,4.982951587709472
2180,0.14784595124432343,5.102688168270424
2181,0.21219097868398928,5.0897336887774625
2182,0.18551263497892978,5.134965217169469
2183,0.20829812318565266,5.076780008810848
2184,0.19083295563993075,5.143040794037326
2185,0.15314625036574436,5.159672614006725
2186,0.14305733824025912,5.090228981211986
2187,0.11568171350070222,5.038157203584515
2188,0.25469392995309514,5.128392144815903
2189,0.08670438539163561,5.105942109355341
2190,0.132514394501292,5.083182557896091
2191,0.20168987027981766,5.084944321270397
2192,0.15247895939911804,5.0806307564680875
2193,0.14681487844610808,5.035590324717338
2194,0.12059910247899608,5.062443024178407
2195,0.09976840857292313,5.390468893918534
2196,0.15451955985816157,5.078593235550146
2197,0.08782079085089567,5.218111685528601
2198,0.1812706814126248,5.054243215560765
2199,0.22390704739083978,5.06291529257985
2200,0.16023752746778563,5.105177912574934
2201,0.22646003517000013,5.1381289763749205
2202,0.0817845173117655,5.23817177484367
2203,0.30621394443180827,5.055148180342419
2204,0.15682118974207415,5.0615232112726805
2205,0.2528869381548229,4.945570386337339
2206,0.0903673492375241,5.137468375428451
2207,0.10280388390338868,4.894459347680531
2208,0.30529819074751297,5.057888506229338
2209,0.07247155960561913,5.08090248213561
2210,0.20958457841635725,5.019748610201393
2211,0.09964426211746702,5.058950861935134
2212,0.16245842360173413,5.152041186754568
2213,0.20945819953099465,5.004537673724867
2214,0.06572758762498321,5.109090715634714
2215,0.19750296987165883,5.53821266774146
2216,0.10856806742773695,4.489645009537249
2217,0.1456663289508835,5.131764842695752
2218,0.35799219040641395,5.048757090374982
2219,0.15246376134452988,5.267756732916444
2220,0.23295016738946184,5.0
2221,0.2507070578172832,5.087907069149384
2222,0.17196840356685938,5.177058668668755
2223,0.19623816684147355,5.068087456737986
2224,0.15574290970892657,5.0198979895684825
2225,0.06583717966852687,5.075673231296456
2226,0.1649401231052906,5.065220207929801
2227,0.20174500995067857,4.994406552860102
2228,0.14949016691340966,5.13189737621639
2229,0.15645227608237966,5.107834213733273
2230,0.19001014492791335,5.090902059505975
2231,0.18233072706963815,5.0340464161559595
2232,0.1559891255346031,5.070222144060512
2233,0.09317895340438498,5.0191269017024
2234,0.21550980808460696,5.045711803371109
2235,0.13354657362301559,5.044094251225966
2236,0.0646173436706996,5.062545020511964
2237,0.1173424268528489,5.692893606235687
2238,0.258138090191945,5.119613568196746
2239,0.16582308030824422,5.081689339663216
2240,0.13733860611019422,5.068531953490627
2241,0.27573264000736364,5.0659838158139525
2242,0.16692745476140258,5.066304070364849
2243,0.15768974424621163,5.084250410916482
2244,0.14841684503683572,5.06840823273965
2245,0.34002039295129616,4.351811213465142
2246,0.24501493569175592,5.072267479648298
2247,0.18655162696304972,5.108309675860774
2248,0.1811009805969035,4.944529891329434
2249,0.15158530545769722,5.105796865810079
2250,0.14653056418512977,5.041833170859933
2251,0.09651336109878472,5.052115486019835
2252,0.0994759506338947,5.052006598529415
2253,0.10201257013368159,5.071341880851437
2254,0.07928937656202151,5.145204440699329
2255,0.19016574978531842,5.105748351134505
2256,0.2042306408096628,4.839708290001523
2257,0.15981958289284393,5.096989039830984
2258,0.2543599403986291,4.985178724313011
2259,0.1268362684715587,5.070283021817836
2260,0.32517429859329716,4.769567195890918
2261,0.3058135370469376,4.600804391166671
2262,0.20687112266975116,5.162181046941727
2263,0.12221913564123543,5.059765927131492
2264,0.18247982834302645,5.082326761274452
2265,0.23619267188256687,5.060211255756366
2266,0.11346544757833521,5.052767350146343
2267,0.24833460233456983,4.883699077466721
2268,0.20226342704965783,5.122587598145634
2269,0.24734769614991015,5.020542396456511
2270,0.15813965337787628,4.98294815586199
2271,0.1396751159121099,5.145895832968508
2272,0.17102853858581502,5.0779419316439345
2273,0.23295009686272716,5.0
2274,0.14165250510162952,4.943360385131621
2275,0.11354470878900091,5.050994054788882
2276,0.2146922765467547,5.095554593352514
2277,0.10780518821132434,5.045483223774907
2278,0.15101726351980693,5.235130835958417
2279,0.14537900902186984,5.045692505848871
2280,0.1590444150544723,5.080893301867908
2281,0.07911647820027268,4.772547229539299
2282,0.11069576907540779,5.073859282430417
2283,0.26462419307519724,5.035273583165933
2284,0.12689565470615505,5.067955558834241
2285,0.12652147584900142,5.022930349567334
2286,0.26859403078625155,5.086470216969898
2287,0.1564130193746175,5.040781392372766
2288,0.1469908153873134,5.1012942908254555
2289,0.2534368104143827,5.109214248761784
2290,0.13651196910448182,5.213298988570703
2291,0.15585976510359645,5.53799962902878
2292,0.0981807873677567,5.082005432804602
2293,0.24075465710088528,5.14770870313221
2294,0.2474671281453511,4.4700325672961405
2295,0.33014960731545906,5.097985585254321
2296,0.17636499224138058,5.066789618594081
2297,0.09490220777603442,5.01824058679623
2298,0.21873340772025707,5.0905513342247755
2299,0.11440634689240703,5.076135798904211
2300,0.09446367227523189,5.070977697337771
2301,0.1641998119235586,5.066865727496648
2302,0.17527122688750063,5.1151760353398235
2303,0.18813928312549133,5.050954879484717
2304,0.19358688262814638,5.05834362602843
2305,0.19208403292879184,5.098420570272326
2306,0.20374671764608154,5.138251728659462
2307,0.20585484644793972,5.052442066774407
2308,0.12569577650202501,5.268524112098785
2309,0.09610128337403756,5.068675056124556
2310,0.14857985584095013,5.072691942349712
2311,0.3579827480056388,5.088250475522527
2312,0.102186196296989,5.058319172448211
2313,0.19354802736102594,5.100769742526605
2314,0.09111591631309168,5.092517341294558
2315,0.16236145182101902,5.031193918217847
2316,0.16900815981831963,5.040949432863746
2317,0.15688051779476964,5.215322361429804
2318,0.1701020549318243,5.089523268069245
2319,0.2014588487736665,5.331735954562458
2320,0.20416548045801097,5.063197995685327
2321,0.12009140504883309,5.098004557183442
2322,0.10663823840175413,5.045309579268995
2323,0.1681035063479035,4.7823042761547185
2324,0.05652166319852314,5.1498649237031024
2325,0.23943954792798983,5.1138884483753255
2326,0.22416083197961267,5.093882015388251
2327,0.17249963558504589,5.122345956501455
2328,0.29919055164377184,4.98175857946495
2329,0.1761499478869657,5.032734408961552
2330,0.24062162873992843,5.073264329032945
2331,0.20911801423933274,5.104822296973577
2332,0.1810013781615033,5.08960462327086
2333,0.10853526021438986,5.066106485196427
2334,0.15268109577768652,5.106871286950581
2335,0.23300634274612608,4.9988315506210945
2336,0.22668969449812482,5.105373905755934
2337,0.1543976374687508,5.0569529501115795
2338,0.08215950889565071,5.0646897728991025
2339,0.15023685971797462,5.345455978719471
2340,0.14965372452942305,5.085054726024465
2341,0.1633583158170009,5.021234269094288
2342,0.17976288832427278,5.078189928789749
2343,0.17573612892024637,5.09626264215191
2344,0.13613781897153943,5.1050281599379765
2345,0.15464777170164412,5.111159025270409
2346,0.2725304996257292,5.156923288495552
2347,0.1970510450347187,5.062030656719418
2348,0.09469536266331557,5.052558135791676
2349,0.14672984215232576,5.08798322967106
2350,0.22566545045527486,5.036151566418869
2351,0.07659441847359882,5.071932415023088
2352,0.14495151107014548,5.150530157252904
2353,0.16564520091568058,5.134417017848465
2354,0.1840953089606685,5.051618396808006
2355,0.16095145600678673,5.137883699305172
2356,0.16304034726434402,5.101811168823218
2357,0.04656766810554602,5.103153157989713
2358,0.1014480554780548,5.23040348752275
2359,0.11812757528014917,4.887289345589982
2360,0.1550740199434496,5.072113480897729
2361,0.13361145068906388,5.065192341173459
2362,0.30108983002236867,5.042360861505699
2363,0.19447601038145645,5.075897282123121
2364,0.25547309838210397,5.148062540825382
2365,0.10959498034841308,4.96058198208952
2366,0.16051296007955296,5.010010242370937
2367,0.12249090989964029,4.943488084078069
2368,0.13938038830432675,5.0845530010851725
2369,0.18349751605696518,5.266155666118948
2370,0.10959790431253569,5.034873758028535
2371,0.1164103296601594,5.0571805176373985
2372,0.1230525250068375,5.080031772924087
2373,0.19790999111522178,5.264548519389338
2374,0.1614222430624085,5.513456539062611
2375,0.20775077343112036,5.047212098074638
2376,0.17523973691591865,4.963082732808415
2377,0.11569220408139036,4.947311992975756
2378,0.29630659377268764,5.013937066085905
2379,0.14555913475585314,4.99284496809044
2380,0.13861631298491428,5.004596652169155
2381,0.09419246848806595,5.0299572628172395
2382,0.28205140743916024,4.942051838598189
2383,0.13314177332391752,4.991365791049489
2384,0.30827902073965463,5.01023050128464
2385,0.21018068542842228,5.04077685799877
2386,0.22167610181123032,5.066185309912639
2387,0.05728933884548337,5.113118653653803
2388,0.26793678732525605,5.047943898719458
2389,0.18399382686969679,4.983678093783324
2390,0.17633751963854838,5.047287894322663
2391,0.2131034173196391,4.994000243158538
2392,0.18639245671586657,4.963348324273049
2393,0.28468852165313385,5.012420445695174
2394,0.22859567144814763,5.016523660586918
2395,0.19137646382882312,5.091693414833518
2396,0.22069521271942616,4.995164168892323
2397,0.17494525652568282,5.079497743415624
2398,0.25059131126485745,5.009706641245986
2399,0.34432087913837384,5.022916591931104
2400,0.17254520212540236,4.946988978174529
2401,0.1931000377126324,4.982364885340118
2402,0.1696067589223147,4.991966419639953
2403,0.12598816391221979,4.974788923511095
2404,0.19295044729818267,5.0098719618181065
2405,0.2996448873415758,4.966604598354891
2406,0.08014454056873155,5.007828039438378
2407,0.24442036238993814,4.859706231476144
2408,0.2691785829402642,5.000135171021922
2409,0.22262606697585618,5.026778965572261
2410,0.270942485034134,5.001093755981243
2411,0.3405948734515629,5.019952613937608
2412,0.3070104478958837,5.015592283572907
2413,0.22542650410834897,4.98638359901264
2414,0.20356878691657432,4.863529869931753
2415,0.17800525726275462,4.991219467097663
2416,0.2722410412519627,4.972945781276721
2417,0.2377831101843999,5.010961844920434
2418,0.2696888245241178,5.031415699776742
2419,0.1501786639600864,4.98279449583884
2420,0.11376843989794705,4.995092796617735
2421,0.28597505870221207,5.062147756690951
2422,0.18183078385429385,4.939234698279975
2423,0.22529603802473264,4.964752792775178
2424,0.21493688756757856,4.925226074926075
2425,0.23480623922355304,5.014080339901303
2426,0.10254450742829135,4.9403270000036414
2427,0.22468037559341214,5.052727788870639
2428,0.2955109221037462,4.968524390999862
2429,0.21354679742885763,4.976956145120797
2430,0.24138383691633702,5.035030883590377
2431,0.10075083829649478,4.988798352396193
2432,0.20529801058774133,4.943922788169246
2433,0.22229148741991533,4.9888147230539825
2434,0.13831641330456246,5.001294287970115
2435,0.10788180533285541,5.032164743227305
2436,0.2673001215880959,5.100694362254838
2437,0.12224811717157724,4.869704373702035
2438,0.4556549075217782,5.004948862658836
2439,0.08626842471785512,5.116152346977536
2440,0.29706797909555016,5.022063893955115
2441,0.31433678098019646,4.962611926414251
2442,0.22359157023846743,5.029031594269746
2443,0.27330047498223387,4.995139549229224
2444,0.18960646123746683,5.009506268355173
2445,0.22034909585164186,5.011746438048066
2446,0.23294998469905548,5.0
2447,0.2440001210865388,4.999972756410065
2448,0.2940328857811829,4.968663864276266
2449,0.26130559718295543,5.051701432326068
2450,0.19647346298044144,5.012296954927837
2451,0.2686603552362439,4.974358414949478
2452,0.363738781492537,5.004437810446474
2453,0.19245309380845854,4.985650508559685
2454,0.14985413494415423,5.042949750527432
2455,0.2960212763691277,4.8836345824529825
2456,0.14971311208548266,5.053211848334307
2457,0.08703836607884985,5.04453829832606
2458,0.13825914095429281,5.128413925296771
2459,0.08479907935274777,5.000996464805629
2460,0.1921910397896911,5.0464541836131716
2461,0.1469438573425348,4.988492859004401
2462,0.19779145877332494,5.023612331537706
2463,0.30488110128979073,5.061781490642598
2464,0.27404323472077996,5.196954825577578
2465,0.16282097905724102,5.026605851648549
2466,0.3428408835611312,5.0196733708934005
2467,0.2028847661465787,4.990749210005063
2468,0.24606022012001394,4.995675107653517
2469,0.2629570971517159,4.987755172241011
2470,0.5298072907409883,4.980710339329173
2471,0.2217316361825883,5.271387349787382
2472,0.16205005113368065,5.015010338176937
2473,0.13984958694058358,5.003854155309311
2474,0.3931828918087432,5.025918078922773
2475,0.218213808421158,5.004615394278913
2476,0.29563526278283714,5.0408741507739485
2477,0.25866863964711184,5.008462410597714
2478,0.12418794187906501,5.019594222337007
2479,0.14329791805010839,5.005744499974805
2480,0.31300090026820926,4.974059417756029
2481,0.2506512991672596,5.034628541803778
2482,0.34308426049571006,5.10370663286114
2483,0.2854642622097734,5.0093140719636065
2484,0.306746441735789,5.032433961059377
2485,0.1308433409109122,5.056150760660714
2486,0.30689619391103884,5.0319102259229265
2487,0.18575073678354137,5.00619185390855
2488,0.21873657827484294,4.969831117512422
2489,0.22473557431604463,5.02543434185613
2490,0.18830030620074845,5.201898705577888
2491,0.28373112705027936,5.048247482667776
2492,0.13930563691862785,5.181426107375291
2493,0.37921599347731316,5.087986609690249
2494,0.1037042493100575,4.953931253650854
2495,0.2808190928379406,4.993989743024789
2496,0.2737808805004802,4.983005186874863
2497,0.3196039048279624,5.05168242102811
2498,0.218039324857781,4.999907582248708
2499,0.14931549053117066,4.920769599528141
2500,0.30608558319877943,4.9706036190385205
2501,0.18209561222437398,4.993280871700492
2502,0.2999745998338874,4.992489856184292
2503,0.1821289005595057,5.0341824479550645
2504,0.31143330180560547,5.03647231058749
2505,0.2684354734729866,4.60795684520769
2506,0.16059601578320226,4.982603538317081
2507,0.42175095170158783,5.0388256652085595
2508,0.2875261523688686,5.02305884294028
2509,0.09950614046020467,5.02060968299574
2510,0.23452350205720096,5.007488022970694
2511,0.1901050843181562,5.126183493011034
2512,0.3108328714304174,4.992306036167218
2513,0.2503901810201725,5.387672431610664
2514,0.1627244479687897,4.995524983102841
2515,0.2339088030775236,4.919932121225168
2516,0.09901539622438715,4.988168939318918
2517,0.258830641931854,4.912831164954445
2518,0.24501456967972635,5.002691405163491
2519,0.2854087741324667,4.989895966849653
2520,0.3423259075142493,5.005653302494206
2521,0.21218173735346268,5.037666323307564
2522,0.2215819304002844,5.037184060672368
2523,0.33091560681639876,5.029818529541528
2524,0.20226040823319003,4.989386781508136
2525,0.23794062310237818,5.0351767123027535
2526,0.3224539750967286,4.910977121245432
2527,0.29402464055259325,4.952283653668053
2528,0.1605796416487193,5.014809760738528
2529,0.16712620232331554,5.07375156046419
2530,0.3273294769084556,4.463354733003291
2531,0.3119976306471337,4.98976479505191
2532,0.26518762493422354,4.99923894632448
2533,0.09354590792338358,4.9794427297979205
2534,0.2773569049681559,5.105334926745417
2535,0.16000485386028007,4.9960120498631255
2536,0.2329501234400173,5.0
2537,0.14268075971635663,5.002253942573036
2538,0.23966066022797117,4.9217018092522835
2539,0.20183188296056853,5.028057913158559
2540,0.3333401971133376,5.040235543692839
2541,0.2402511537067371,5.035445129981184
2542,0.21476670918275365,4.997117190975109
2543,0.18693199664282623,5.033264341329469
2544,0.32380182947599323,4.997847672656741
2545,0.26917308626745484,5.020284494537535
2546,0.15818736461041216,5.001790759413849
2547,0.13974935941906286,5.014343183771022
2548,0.30592761630853804,5.09049043473091
2549,0.18523861332922675,4.975730425248637
2550,0.2675112665166164,5.024421904545422
2551,0.28400157748535193,5.012154775109661
2552,0.2916705342461532,4.975703720987399
2553,0.20409298735337322,5.0043001958381605
2554,0.13511930330929767,4.97589023395081
2555,0.26360370642347886,4.994064462020473
2556,0.19150634864687466,5.004604627582383
2557,0.38634723823263006,5.074968805570643
2558,0.275833811506212,4.997094447681212
2559,0.11878281606589902,5.045240766214487
2560,0.16509411665321205,4.9309994355112075
2561,0.20793882221814908,5.019485179932257
2562,0.19739121209791488,5.010505723307963
2563,0.3522946975576495,4.967075877039431
2564,0.17176712416176043,5.007104198795682
2565,0.09549952082193514,4.950826240821176
2566,0.3056342542906132,5.028312511276596
2567,0.195612620705238,5.0242755657832205
2568,0.3887702957335195,5.004717651721018
2569,0.2410604022914724,5.031128916335232
2570,0.15962494781650438,5.0522672191165885
2571,0.18602604408413725,5.022325380752601
2572,0.21000100603030103,5.07752004246754
2573,0.21643022160547543,4.987865010127264
2574,0.42763788345379994,5.270632150198287
2575,0.2239480210581528,5.052267270721433
2576,0.15508062541851153,4.925090290803658
2577,0.18887473391985643,5.316207533643427
2578,0.20116642263393003,5.006097915284169
2579,0.23192706370104488,4.982064950624121
2580,0.17175538310090066,4.996732765033469
2581,0.3079807202055418,5.0195274590685734
2582,0.23460968641629298,4.997067336265557
2583,0.22525601905273618,4.994293156077232
2584,0.24992119837354698,4.8641973721426
2585,0.13809302998187234,4.934698775379607
2586,0.10317405523327894,5.386526445417639
2587,0.2179334278162488,5.438556633908789
2588,0.15326438120278252,4.994755492808816
2589,0.34216735302541634,4.984719011930796
2590,0.1622813336079303,5.0312991663040485
2591,0.2070535973045564,5.073922665650539
2592,0.2230667209196735,4.825455057661845
2593,0.33696617605124857,4.611032032092881
2594,0.7071331582919287,4.713087392897748
2595,0.3399534998583449,4.648278879402845
2596,0.4715156368364348,4.67398539202172
2597,0.18824671138127647,4.7060625738172845
2598,0.59510862934038,4.7380551194524045
2599,0.31735348030317034,4.624947150145635
2600,0.4701951489512064,4.656562534687998
2601,0.4369525145816464,4.687761986182304
2602,0.515549199088956,4.602047672080465
2603,0.2599837733961756,4.641697296487619
2604,0.3751213767706649,4.7499365078422695
2605,0.3315443613375453,4.6433307520440525
2606,0.39945223827532494,4.713916511580285
2607,0.35193211802015334,4.662202894243324
2608,0.3495826181496291,4.669390468044048
2609,0.2251985629383304,4.604951852103802
2610,0.3450162556642429,4.677210343884237
2611,0.39312496511109307,4.669114515354638
2612,0.23295018097991704,5.0
2613,0.5653680637963925,4.721023796196953
2614,0.518127300248135,4.643234580671196
2615,0.48699257560954035,4.6779360438240225
2616,0.3272683636693863,4.7204108671810285
2617,0.37680896413727094,4.710976689039308
2618,0.4876493050898132,4.685013566900587
2619,0.4856664042602228,4.618476231727708
2620,0.2041301217707323,4.771370974971845
2621,0.5545456153515813,4.688583777246205
2622,0.3067140531527057,4.661374692605653
2623,0.5373106991119609,4.730074659594639
2624,0.4743679925247617,4.749926735593402
2625,0.5438272575607384,4.681505457985757
2626,0.48976317917708334,4.606494738513263
2627,0.6696212759362998,4.719528194340317
2628,0.6573572769098037,4.378081487348826
2629,0.5656223546693981,4.693383879620638
2630,0.5694979672609692,4.512819526065526
2631,0.47664651932731683,4.6723958715430225
2632,0.27915645368938513,4.643495854415756
2633,0.3078698265305091,4.682253943675043
2634,0.528172915631751,4.665367374236595
2635,0.15763089001597708,4.620520352891981
2636,0.22535842835947317,4.593852553431841
2637,0.28447381884726797,4.666073940409046
2638,0.39911758152772103,4.6500049414522415
2639,0.6476948543902141,4.677333578352485
2640,0.3874629403591383,4.671351174007299
2641,0.5417850497700387,4.698826088513632
2642,0.2214419786901245,4.704113928768603
2643,0.42769509992621524,4.713862991404971
2644,0.4707531496159185,4.726663221935841
2645,0.2874595579082735,4.654179942640306
2646,0.4395226808544228,4.573784782907007
2647,0.36959875043767054,4.717539115539324
2648,0.3162514023935561,4.7284499583456
2649,0.265799290928614,4.589822195600588
2650,0.3977723125679762,4.723924677673876
2651,0.42045078298067384,4.671186770995321
2652,0.4154521362141663,4.67491072707098
2653,0.323389369233789,4.640719623033318
2654,0.17066540248582207,4.701714348103554
2655,0.3430294350440133,4.471595760718774
2656,0.45934540945055735,4.685301377408724
2657,0.5215959499364167,4.2595399024641445
2658,0.5842014582877264,4.718358913404677
2659,0.4988276557243996,4.712819020044368
2660,0.43743589186483334,4.669189689091073
2661,0.5006492700606042,4.7120441297644255
2662,0.2457704862930985,4.690819231111458
2663,0.4946723962969952,4.753358580980436
2664,0.4939387726959845,4.711521066400124
2665,0.3256137950172091,4.613751419718257
2666,0.47454193815351964,4.702250400984926
2667,0.45929039065176314,4.705085043212884
2668,0.28439815396634893,4.671808308224454
2669,0.30896613951526675,4.741987114117627
2670,0.41623771670240384,4.654003028474953
2671,0.5728425030244377,4.715263337958007
2672,0.33918116403507703,4.727895173002361
2673,0.3749998719475389,4.62005049107697
2674,0.30614694479794746,5.185750126479469
2675,0.2901193601833332,4.673364488833798
2676,0.4376530736043214,4.455754459013228
2677,0.22213902687296505,4.641745502078045
2678,0.39752463484274303,4.729766254543906
2679,0.5575215606504309,4.492432597012206
2680,0.31897931572898175,4.683500017910909
2681,0.2544080482629756,4.649533619105242
2682,0.6174366589490949,4.675524969619476
2683,0.365031716108847,4.652159400943736
2684,0.35440298885065635,4.694617071622034
2685,0.2990520604510962,4.786552959033639
2686,0.7420098324438547,4.716725675730382
2687,0.5360292902323454,4.682605752901781
2688,0.3161743885200705,4.695181119141827
2689,0.37764061732942356,4.680340342487019
2690,0.5564405657040772,4.693557464037612
2691,0.3946365699537684,4.704079489422162
2692,0.34808949028307135,4.839898066758428
2693,0.5299589061303205,4.787910574300813
2694,0.2351962053336778,4.690938970594329
2695,0.3565294539827901,4.691958611585596
2696,0.41586178322508927,4.753294135476347
2697,0.669880795501562,4.707831047265625
2698,0.5472375282324831,4.83264568533091
2699,0.24819718064609475,4.678838126700429
2700,0.4256153135923513,4.699191769015609
2701,0.27938001255682865,4.707263430966115
2702,0.6012209341341079,4.676443526409022
2703,0.28961513545101614,4.682664565266288
2704,0.2122393309753825,4.682207708505786
2705,0.1361284277695507,5.1355113872939295
2706,0.5267710788294759,4.634100879333483
2707,0.4230044818884138,4.686596094363322
2708,0.2930074674683305,4.840155630510221
2709,0.4693003506041311,4.655310443983494
2710,0.19437096702149637,4.640046704327752
2711,0.5818642074689038,4.690556175772613
2712,0.3979345381086743,4.142154833268803
2713,0.30868485173891047,4.691568931088996
2714,0.2231294426961874,4.722142177823967
2715,0.427379188451368,4.727869923039307
2716,0.4041093753305942,4.757802806163225
2717,0.27411152004454964,3.991993910560403
2718,0.2559076711065531,4.684453042169707
2719,0.3967898069668472,4.639800698958991
2720,0.38902631603229665,4.663965964261321
2721,0.20212488990002697,4.689983921216108
2722,0.26975732753053006,4.895174276102043
2723,0.30405194039175454,4.676904317398094
2724,0.3008920122508605,4.688024061465983
2725,0.37571503462088085,4.648911449231026
2726,0.5497150612169408,4.615532383989036
2727,0.29747362584306725,5.3376143441375135
2728,0.6111698878630616,4.673176772753873
2729,0.47724957924979927,4.713910650072135
2730,0.4384977013383806,4.690380205106939
2731,0.5413108472709558,4.6826077664430965
2732,0.2977184633578651,4.687340356990886
2733,0.1904028363895871,4.711298946123916
2734,0.40314641454690037,4.647026174966786
2735,0.567102655255115,4.656147413105627
2736,0.6914885314198678,4.664056247359776
2737,0.4087774370404649,4.665116084367522
2738,0.3943622114318601,4.637701521971902
2739,0.39584860780897424,4.710078096145267
2740,0.38012552619415096,4.661158437827906
2741,0.6277186181252938,4.639717439521904
2742,0.5148572897356711,4.636993616384872
2743,0.3766275119254159,5.37115735313364
2744,0.21774179763857449,4.663566120281262
2745,0.43447774177756004,4.6743642572979205
2746,0.2971400257809482,4.659256675645862
2747,0.7076600592998594,4.645454185666145
2748,0.21402159399705933,4.692905332808399
2749,0.4157834875214639,4.731489559302906
2750,0.46606756835094076,4.622202916408007
2751,0.569699102336497,4.689038812861428
2752,0.3977454661008881,4.578766807557129
2753,0.3054501408057355,4.6922852592995845
2754,0.23294992102017353,5.0
2755,0.2768458205989037,4.696693817508617
2756,0.4553768570261685,4.671737129767415
2757,0.5957096882776152,4.690281076328686
2758,0.4199158324973147,4.6836149496509005
2759,0.2930032234638893,4.651566163255394
2760,0.5177072464952706,4.661934516389126
2761,0.29173083019205714,4.727977033148347
2762,0.625981791268821,4.705327680904077
2763,0.49181288547083213,4.700928840053029
2764,0.1625368141993908,4.693813093597834
2765,0.4050458624276172,4.621748944434758
2766,0.36670447177257603,4.644232656051326
2767,0.5244577035757843,4.67736302816002
2768,0.5282236254600314,4.736966759690517
2769,0.3561589091573931,4.664236930734047
2770,0.40461030343908577,4.670720513628375
2771,0.35055286719821854,4.675005142593038
2772,0.5280372368316542,4.6718686705849155
2773,0.5378221755315802,4.62267056186195
2774,0.5520267589152046,4.7192782861616855
2775,0.41236956585740936,4.67170595258974
2776,0.251167649173742,4.718684057575189
2777,0.4302562602670945,4.73552952804801
2778,0.3808683947972269,4.70036338161143
2779,0.31146026103785784,4.711595824055808
2780,0.24765382724479634,4.634674844845463
2781,0.1828396195106854,4.69352942681744
2782,0.3928332532890768,4.707188436077185
2783,0.4497347990304119,4.741116232792724
2784,0.5719029361917767,4.675347002465768
2785,0.3314250781267436,4.694508643686879
2786,0.5528547365913017,4.677994814903617
2787,0.3095028810462481,4.672380450683482
2788,0.47381842306891997,4.6680681134650115
2789,0.22534116389472603,4.667519757803538
2790,0.6957479672061653,4.701338029610875
2791,0.5375188619602063,4.71365271655638
2792,0.3816094700652286,4.691813470728077
2793,0.5364427766159583,4.707721571801766
2794,0.2999022781637013,4.623319073965764
2795,0.41981876741469026,4.753450676274795
2796,0.3234561914135172,4.718124485736359
2797,0.4370064586231921,4.700481987745588
2798,0.5541063306559195,4.692389469395195
2799,0.3876272188474572,4.682256138279417
2800,0.4217432573656934,4.734523765113083
2801,0.40774302140365215,4.642219439586395
2802,0.2687956246395329,4.723766263662137
2803,0.4144578774347045,4.631837986853569
2804,0.5023357945219824,4.701751119285529
2805,0.604908543321236,4.695260971015758
2806,0.2109827792429697,4.692297178160727
2807,0.4468635214386305,4.656900880119705
2808,0.28513410208347434,4.8026917923112045
2809,0.23295487580317387,4.8683521580638
2810,0.3155780699690296,4.860245738607345
2811,0.36653045327884826,5.0084744483187915
2812,0.29208386858868396,4.864188059283379
2813,0.3368457129683651,4.823920043286654
2814,0.4223476024355397,4.928158149413839
2815,0.15671459618802097,4.940867543780962
2816,0.43435423613207624,4.84293479206598
2817,0.18919750415362935,4.880551971115459
2818,0.42109605414281526,4.655353060574994
2819,0.28188955024690254,4.856915187105431
2820,0.3588676404391311,4.886705149297095
2821,0.19153985551586872,4.844556153987023
2822,0.25513381371691657,4.823112110706429
2823,0.33404633934279504,4.3652887756119085
2824,0.35529978162054743,4.851580679168679
2825,0.38569692240632203,4.873288402685034
2826,0.18698619827806207,4.89686642216256
2827,0.23244964405518953,4.940579430887473
2828,0.4318481474237612,5.6953252910214935
2829,0.21439106120648255,4.873579833087502
2830,0.5002798838889997,4.857514787284991
2831,0.4439462620102701,4.848721369742091
2832,0.4100536959379357,4.803105705395927
2833,0.41700115663578297,4.878140090911671
2834,0.27338636552888285,4.895794673768412
2835,0.3105204668450847,4.913541212220096
2836,0.08873071619120165,4.886446358563301
2837,0.3626722621799898,4.905451771184923
2838,0.3831268003245978,4.834251395540949
2839,0.2887008424972195,4.930180185889608
2840,0.32772720804314703,4.919804362850284
2841,0.38545121421433004,4.926742131178079
2842,0.1378295757246475,4.875597423092728
2843,0.33300063862565543,4.891595601102585
2844,0.3142801712756311,5.3131000690510355
2845,0.42677949943018323,4.91382572463686
2846,0.2981874567125369,4.947481916011887
2847,0.45524231637064116,4.969568508892763
2848,0.3232906585147681,4.75103098066076
2849,0.3813019618774167,4.893353450782172
2850,0.3438590581912493,4.895946126234021
2851,0.2313901185083196,4.954843962853657
2852,0.19844251869679463,5.056976930217347
2853,0.1927171917469046,4.793921745483569
2854,0.4404813544343271,4.893927121369632
2855,0.23666222213006938,4.895889814908969
2856,0.31030087419420216,4.826828097929594
2857,0.275886521749346,4.820101748449623
2858,0.1942861128058282,4.8983595771773825
2859,0.27767301741991623,4.904681447236676
2860,0.36257924451079515,5.503061705513881
2861,0.28067565752512835,4.92688319523463
2862,0.248801692856649,4.787018892825419
2863,0.2804661068991059,4.782321125978362
2864,0.20949328476950635,4.924665662454961
2865,0.20762984706629894,4.73915481227249
2866,0.24446817602758153,4.881755532622636
2867,0.27587865870651207,4.786057988308974
2868,0.2902730952874264,4.897266309334984
2869,0.10918727877662837,4.908166791590229
2870,0.5184365409046088,4.990418167567974
2871,0.22322906023730682,4.877756060166991
2872,0.475080259812376,5.0948223063531195
2873,0.3845817170626822,4.962681815166894
2874,0.27587939829828567,4.9452532018980655
2875,0.3776887088782448,4.700402179759653
2876,0.25430941863084255,4.837079943910982
2877,0.35203207991385654,4.833290438981894
2878,0.2841761936385454,4.919364493081009
2879,0.27452935263787603,4.9160252103581215
2880,0.49362420188887435,4.909718664904306
2881,0.1958803120186421,4.767183212343937
2882,0.32907080578870174,4.8381712055607995
2883,0.30791318093632514,4.928302417365087
2884,0.2329508485641525,5.0
2885,0.23107623987272974,4.856300103967515
2886,0.17257766125888874,4.934376938015861
2887,0.3226043377474723,4.9086424504251625
2888,0.2784456851431627,4.835328703034918
2889,0.24524009234747823,4.822012034399652
2890,0.3233634677058361,5.231905603569915
2891,0.2474911662538788,4.867217884689818
2892,0.1983323759462039,4.851376422892404
2893,0.26093451179160776,4.917179532501983
2894,0.20614820336761386,4.842957264864971
2895,0.5381531999162252,4.3262500099826084
2896,0.23294861474895368,5.0
2897,0.17484943727865887,4.878315613842679
2898,0.511422524938822,4.880664528187086
2899,0.31391625771846776,4.910246436426053
2900,0.3066374913760128,4.972138878618297
2901,0.20663088510714256,4.931348878299389
2902,0.3696708852473798,4.877280775261994
2903,0.39278448234371366,4.807649442967721
2904,0.21725187457333917,5.029789764497901
2905,0.20852388275249578,4.778093757789392
2906,0.5611681854993809,4.870198390572895
2907,0.4277745517453204,4.580571127181221
2908,0.2872862895209549,4.951422497911198
2909,0.4258803239341016,4.881998977399711
2910,0.1892069033196624,4.910890763647249
2911,0.1943836491916755,4.895134882695338
2912,0.2542625306199664,4.898516224979037
2913,0.3804794437726198,5.033461735279285
2914,0.39198819469246327,4.975875868806634
2915,0.441315801399774,4.89037258177774
2916,0.32587348800255533,4.92998477761124
2917,0.17500616488332565,4.900356812950388
2918,0.3450885754601911,4.8141146002741575
2919,0.29911384925745166,4.844220445838214
2920,0.2777153889943811,4.886510006667644
2921,0.3100372078935214,4.889751054851761
2922,0.31301323326389685,4.940972827778385
2923,0.38260743620022564,4.8780961878228535
2924,0.13083537613168006,4.843089661545035
2925,0.3979439527589159,4.842639375055207
2926,0.19944002525270887,4.961943610807511
2927,0.4647210837458342,4.896692193120078
2928,0.3709247086252101,4.919677444525261
2929,0.39668968157144846,4.910809883764697
2930,0.2046126624542255,4.847059032148291
2931,0.22400042380502638,4.986296506291019
2932,0.3798166004199015,5.0121223145852944
2933,0.17273585585883966,4.639715803202229
2934,0.270516086673688,4.757244243939498
2935,0.28174576944620844,4.84210561063386
2936,0.5435179900907312,4.836346141531944
2937,0.4901417103662624,4.912836674599843
2938,0.23652073789078698,4.799187107465048
2939,0.5701881219025176,4.921507632693887
2940,0.179431453754743,4.922855463549958
2941,0.24938857905926448,4.921494730784817
2942,0.25026722277227575,4.930589586784375
2943,0.24407111741579324,4.093818487191179
2944,0.4794683543490632,4.830248572525333
2945,0.3311032823876745,5.040416557350351
2946,0.3097917043752445,4.6032306395458455
2947,0.371231980778844,4.836997595137893
2948,0.18010438537514006,4.887062445509622
2949,0.23283460274957446,4.921773430224121
2950,0.2776129333546691,4.912732908389561
2951,0.3487640008621127,5.006929692198323
2952,0.5402960576681402,4.864571395903754
2953,0.23171088526004624,4.998483012447057
2954,0.41666260620804674,4.867307007302042
2955,0.3297104029595057,4.8208054218892205
2956,0.24050019890603425,4.9134842086062935
2957,0.22492431394553858,4.992595551317418
2958,0.22875520883643152,5.131015249349735
2959,0.2972447639824949,4.985314346293217
2960,0.20298410255253296,4.829753119644096
2961,0.25988513166477123,4.861068828485973
2962,0.30223825156621875,4.944699381769082
2963,0.4141771681195745,4.944326353900088
2964,0.2641804623109856,4.930308275257502
2965,0.20137558984915094,4.940398500213776
2966,0.3027463614588617,4.967075593569534
2967,0.31292103988590037,4.6485037567965914
2968,0.3156043098882215,5.083321481023031
2969,0.2749662663753163,4.837987506405685
2970,0.24847504360752048,4.987202675592819
2971,0.18012060505390837,5.010140813250592
2972,0.43000171713939106,4.901975559235048
2973,0.33374259288587615,5.054571115993909
2974,0.23470312522575854,4.907506683157967
2975,0.28046349866924025,4.844458320285652
2976,0.4767679822464792,4.813001192902995
2977,0.12588793686344935,4.844867329073361
2978,0.44288767147484975,4.927646295981605
2979,0.14684569928809577,4.921541401525902
2980,0.42063973480330064,4.893992653720662
2981,0.29619099009270133,4.988349943316948
2982,0.30147088054067184,4.848356658247441
2983,0.3707016629314217,4.99874860194832
2984,0.42736721547236023,4.871904059065928
2985,0.35519007651158074,4.869171693721794
2986,0.29404317597836727,4.96567720988522
2987,0.30059482176683683,4.809031521565563
2988,0.6056186929184155,4.834954351550493
2989,0.3761757989284684,4.899016537774594
2990,0.3889842230558709,4.914312703521313
2991,0.3108076257450747,4.910423441265488
2992,0.4003664617281628,4.8568948289366976
2993,0.25985785877165224,4.604282417845784
2994,0.5863512561239592,4.946700341762389
2995,0.41388259742519495,5.0298128827162625
2996,0.13426067297920152,4.823658001552555
2997,0.16760203599667145,4.891661130295013
2998,0.28095308024923793,4.9440400127261785
2999,0.39448828689281434,4.931909209111129
3000,0.4926888065505406,4.910724350440594
3001,0.30383116208133876,4.573845107121182
3002,0.336081514801817,4.807772644180552
3003,0.14389770715556183,4.861898073969249
3004,0.33573022464275293,4.881168111029064
3005,0.20644355141515924,4.8739118042059815
3006,0.5480851143070686,4.880776891648262
3007,0.2700864250528312,4.680846171561921
3008,0.2593286918491151,4.783719981138086
3009,0.32544338959017605,4.894759424714321
3010,0.227734876498624,4.797000714838671
3011,0.17125840480978716,4.877649353707341
3012,0.2648548497573515,4.827632762749783
3013,0.37232136065268073,4.912197223743817
3014,0.30490764288221683,4.890952310532217
3015,0.34258978497802506,4.926025707056274
3016,0.3654043196969705,5.007539878091567
3017,0.3516048855545837,4.924019399357693
3018,0.2378980350510458,4.833092483030166
3019,0.29128345832642055,4.741438427242093
3020,0.3345336371150598,4.893103216928134
3021,0.3048934235057399,4.927201514506487
3022,0.25266042488694773,4.844701677001417
3023,0.2839420231961949,4.919846599519451
3024,0.1137413008772008,5.054308684145878
3025,0.3150522137595442,5.03057875838393
3026,0.21700286093597732,5.05781953455906
3027,0.26544288240893277,5.054152058984709
3028,0.18145473076833762,4.971317917036142
3029,0.1092353819207128,5.04836134282872
3030,0.2287799948826943,4.911485311551305
3031,0.1368492493499962,5.0445191685133395
3032,0.2956015461075101,4.935887947769002
3033,0.19182025624707788,5.047569195602897
3034,0.20613377383984544,5.020414658316783
3035,0.20851033739243774,5.025494553869541
3036,0.2610420652092451,5.05823221903805
3037,0.25421207116323896,5.037910087760054
3038,0.20125226191695966,5.0367285746727575
3039,0.13026823434202206,5.045935313964369
3040,0.15076383487579514,5.041948469876738
3041,0.12265029133505712,5.0615240522193705
3042,0.1433751635699816,5.032638600765775
3043,0.08544247797698645,5.04368981932326
3044,0.45073156416393667,5.035933476476648
3045,0.14037943175096634,5.031108015442154
3046,0.30843125125401016,5.124377505573552
3047,0.2702874119415437,5.052443625252696
3048,0.19156962197754335,5.101594915381709
3049,0.28304968579083156,5.057389436252651
3050,0.22422269687026364,5.048538750198901
3051,0.1970941054397355,5.024506228489569
3052,0.13318973185861505,5.1151746067502835
3053,0.20370553403336178,5.051383368034346
3054,0.1602166924964894,5.052425775861611
3055,0.13863442345671984,4.981229672662035
3056,0.24796686649418198,5.039039558784992
3057,0.0871473141790966,5.134635818761408
3058,0.17342687114789435,5.08396158550509
3059,0.27835013425780986,5.050592850726625
3060,0.18784997962316052,5.109037978184761
3061,0.3054452394721445,5.035692184991678
3062,0.16103397205376657,5.030615416237421
3063,0.1886713731430918,5.067316462082347
3064,0.2168802902060316,5.0803243602724635
3065,0.1950082830359825,5.075434409210855
3066,0.20453982403712945,5.043281876014403
3067,0.10460292977466557,5.037605891059762
3068,0.13281271268249117,5.094851722484348
3069,0.15396170784036478,5.039206036042021
3070,0.23612512304919497,5.027181312458318
3071,0.29087272338350667,5.0503656105032935
3072,0.17171515396839898,5.044832066418055
3073,0.26482056506332763,5.0591953237576615
3074,0.192497726947243,5.035931970576657
3075,0.2739290204759959,5.010605109515636
3076,0.24401988402680874,5.1232920961114825
3077,0.11870454423701582,5.038889135029807
3078,0.21327397915034307,5.079215029193467
3079,0.250612596361963,5.047919669120118
3080,0.1487401824775907,5.1391572624871
3081,0.1916449663678823,5.055582029207439
3082,0.10835928012782237,5.047231657489366
3083,0.11035355896514276,5.044435703269645
3084,0.15199068210780964,5.029366230262893
3085,0.18037696291882233,5.026146525872388
3086,0.413247115133051,5.0510798440599025
3087,0.23037903663042592,5.031651122635585
3088,0.23099221706484596,5.052351772405261
3089,0.15163559212753452,5.0066779045227605
3090,0.17914249224416,5.033661078010487
3091,0.2204467844214233,4.965150379511085
3092,0.29547864397535206,5.0333877848999276
3093,0.2068469234553889,5.007142982909327
3094,0.13368379136297381,5.09303318621809
3095,0.2198177598621267,5.040811724487382
3096,0.23780589361392912,5.037445925665569
3097,0.16727596934296463,5.081476478654796
3098,0.16925475562283587,5.040271814104891
3099,0.24074270135610543,5.027941363017945
3100,0.14312174318202175,5.0430304783216595
3101,0.23355137662217684,5.12617832731693
3102,0.15363144133632822,5.033070448945018
3103,0.1952179175253388,4.936798680221921
3104,0.09699564952536299,5.042499662748989
3105,0.16637363928156823,5.024991594275008
3106,0.1970525743666527,5.044884408472727
3107,0.0739718269696874,5.052766714967865
3108,0.1567033792863317,5.041635349157145
3109,0.14923182192595874,5.006614927138999
3110,0.41681455385082744,5.009693365455208
3111,0.1966424759219525,5.033287092012122
3112,0.21221940084701152,4.952113498236832
3113,0.18030526088282173,5.0625124023872825
3114,0.2638616192158598,5.037966553349387
3115,0.1825409446274382,5.033571677849533
3116,0.13205950172931757,5.04170584211221
3117,0.11726748033608925,5.005411890585698
3118,0.45086896101953056,5.156129527818507
3119,0.17207779782218124,5.05126145680765
3120,0.1940970027037905,5.043159192639353
3121,0.12362560998653138,5.07387541796251
3122,0.31504888713454715,5.04425761159875
3123,0.1811177789325903,5.054498757636736
3124,0.1487284311975241,5.0417900108118285
3125,0.22270342734254145,5.080650163449016
3126,0.1358910349363549,5.044561373280603
3127,0.18839515542088936,4.964038161820445
3128,0.2895016251479581,4.986488166909124
3129,0.2329532015607354,5.0
3130,0.10888049325548965,5.04942581749221
3131,0.22040049107056592,4.93624350487039
3132,0.1370778910382635,5.067271463924516
3133,0.12223854881078378,5.064636753716432
3134,0.26288666456118404,5.044714783838389
3135,0.11567786808453717,4.9008515711288325
3136,0.18154317480780513,5.023570236313262
3137,0.15771160862240152,4.9754326474188915
3138,0.15845375612805768,5.008190372439421
3139,0.2279481871237412,5.066932444171064
3140,0.17399344980098008,5.576443610527813
3141,0.19687583467280212,5.026151154266403
3142,0.07762839064315141,5.024102274220548
3143,0.19704822606297512,5.059629679464983
3144,0.2286149106399218,5.058693466290594
3145,0.2963730833703653,5.071970017320915
3146,0.11999180950097377,5.044444290396184
3147,0.20167705292235538,5.043024463560046
3148,0.20335767492163193,5.030762338510417
3149,0.12711631936677992,5.025145028184825
3150,0.21799464786584588,5.057928825302058
3151,0.16039686553448806,5.063567995996214
3152,0.20516627644086793,5.03928163739463
3153,0.0679618035146552,5.047663775751818
3154,0.13244792763678737,5.012189681610826
3155,0.17506897440997826,5.042969494789027
3156,0.1365386824280832,5.067979125803035
3157,0.13742703428285896,5.053804081273876
3158,0.16191308937658166,5.023958837310163
3159,0.1562068405117274,5.041536495803509
3160,0.3350821874780332,5.1800079041285585
3161,0.16708623453276683,5.042253526549212
3162,0.23406772163995737,5.040449075165583
3163,0.2150452870568933,5.085907757608226
3164,0.0638969192343688,5.061112097515412
3165,0.14590737450053504,5.050779030049988
3166,0.06739451400132257,5.10501732548831
3167,0.24776864376863583,5.208781625062295
3168,0.4114019702449807,5.0329941357848185
3169,0.20700357253810697,5.04527157737936
3170,0.21023587870898153,5.066894588729074
3171,0.32940081907695506,5.06745211700637
3172,0.1863682240179636,5.0193799987659204
3173,0.2584979854855214,5.037819044865834
3174,0.25444601127316235,5.0334213601407995
3175,0.1995077845904687,4.816764439683769
3176,0.17580622628570364,5.054797727051028
3177,0.16259086071180295,5.062722439021847
3178,0.13497083828091072,5.018719497447952
3179,0.12838489011462673,5.051034894303648
3180,0.1109275752324359,5.034424835083611
3181,0.1555884877260154,5.030676299027803
3182,0.2797725366169308,5.0568865190278345
3183,0.15509070682343729,5.026238290565654
3184,0.13892335542015655,5.009506694813117
3185,0.2088462663573536,5.039452877578947
3186,0.21356728931518343,5.070611086977639
3187,0.2809935053012034,5.028332401472815
3188,0.31313956385468433,5.04666667439472
3189,0.2089159794571207,5.044050710990007
3190,0.3100058820696552,4.701926582503457
3191,0.1579554234613827,5.046782835105832
3192,0.23949705608526495,5.034929994879995
3193,0.199425295601398,5.035271328490731
3194,0.266280532876497,5.195073314656078
3195,0.1287727273553836,5.02837438790853
3196,0.12734776709356832,5.0702548069779585
3197,0.1803227209459266,5.094294214924018
3198,0.20808582494092742,5.058060212790645
3199,0.17413410323192036,5.0472391195975685
3200,0.2666014763772564,5.04546616609173
3201,0.19293218103806153,4.999567171387866
3202,0.18695371367326152,5.060023726352849
3203,0.2055790740747545,5.034532491362045
3204,0.1699153379729712,5.043577103064303
3205,0.2575423524383156,5.100403873407524
3206,0.24984329872866984,5.070095745835141
3207,0.27515382818170764,5.050025534893754
3208,0.13918810700622597,4.9993106804585175
3209,0.23294772814425113,5.0
3210,0.4337747274763921,5.0781527651572755
3211,0.19783130910928803,4.777033038757175
3212,0.15267634588017232,5.0131243526992275
3213,0.22134757202751953,5.09044070931056
3214,0.29932859052849814,4.461657098221945
3215,0.19387178376103908,5.12949272945904
3216,0.32992276700102985,5.048257318609108
3217,0.17099080730903493,5.04595058989759
3218,0.30417138038986247,5.046388944711886
3219,0.1338149055190565,5.059133682838262
3220,0.23882008454584924,5.082689185041671
3221,0.10973382165717394,5.047142946164502
3222,0.291697920053523,5.064335153519943
3223,0.10518311423150006,5.197218175727096
3224,0.10304458429616337,5.043984549721738
3225,0.12202039871215065,5.052665689873637
3226,0.17883754516461647,5.042716214476659
3227,0.20607037587889998,5.029422704554154
3228,0.20999154908798867,4.862987361172255
3229,0.19420439569246128,5.052978181850687
3230,0.26794895509462946,4.849960549787253
3231,0.12514933533348116,5.0398192381219165
3232,0.18828955422290305,5.046040774289908
3233,0.22207973683452642,5.032561476118476
3234,0.1938039591909848,4.8396727940238815
3235,0.10725228877711945,5.039406854408099
3236,0.24137901248162774,5.033229521610565
3237,0.14079874166988882,5.0520130756487
3238,0.11773217051948781,5.060953560852086
3239,0.22659668682734857,5.012395788427737
3240,0.05813668305495878,5.070331557937129
3241,0.15496365460262573,5.244259522373014
3242,0.1871884934496768,5.113484385934708
3243,0.17137950697047144,5.115904463185785
3244,0.1712306684465793,5.099817293075617
3245,0.1472061175382975,5.152372763141093
3246,0.23961928915394115,5.141893385523035
3247,0.16886685734957518,5.084965625085474
3248,0.130811156724278,5.088142529862285
3249,0.28627810694875033,5.075759544931335
3250,0.2997573764431738,4.9408420892490135
3251,0.2838653468533038,5.311384431978103
3252,0.17139051765964575,5.123171733009784
3253,0.08735833621427536,5.159424040587899
3254,0.12751224543263462,5.049415368926269
3255,0.1649832994157724,5.078991640968935
3256,0.1659893122725119,5.5014145809346005
3257,0.13141563367699816,5.104975387398429
3258,0.1900936932809496,5.0103525122746895
3259,0.15744289729507677,5.0745953538943045
3260,0.04122735787096099,5.078556413168744
3261,0.39757782715432055,4.835689417709226
3262,0.14067392787386312,4.882925432653877
3263,0.12976301277077584,5.030919529565301
3264,0.20125221153892436,5.09620578320642
3265,0.152610948029404,5.120916520392269
3266,0.1357126878256375,5.007455575490027
3267,0.12244689389910235,5.091921948219698
3268,0.14709911090091732,5.027240609030175
3269,0.12145913531947106,4.9940262823059545
3270,0.23585668640516233,5.02935535425908
3271,0.2097239086120002,5.079194416977808
3272,0.1472943850164916,5.130604818058293
3273,0.24446401369022575,5.060390943353665
3274,0.07504960601965038,5.084849706582606
3275,0.1441557671793715,4.997947876972972
3276,0.1709034415507259,5.098695342575708
3277,0.15403087281136418,5.131938717841953
3278,0.2574965528466442,5.095853107443018
3279,0.19029839089826717,5.081354151195772
3280,0.1435600524792343,5.013399694220757
3281,0.0697732418679552,5.0755002609393784
3282,0.17418463748254998,5.016357079953568
3283,0.09923520131223451,5.159330783273486
3284,0.18436295350999743,5.131330900944793
3285,0.14713623845071944,5.09359803172539
3286,0.13970296053081044,5.082035802833582
3287,0.18443111715199512,5.126567791200065
3288,0.25174545008176397,5.127377828016826
3289,0.21208572779121748,4.9743349458374375
3290,0.157245954635585,5.100068364159016
3291,0.21880461878380375,5.123253489309638
3292,0.34353830141414743,5.105928388257235
3293,0.16415711905314323,4.944917472654469
3294,0.2014571233642618,5.01469622200494
3295,0.23295033300080592,5.0
3296,0.20863472901600444,5.141276208947403
3297,0.11287692563721574,5.061937110152197
3298,0.13209052370319285,5.007431921654186
3299,0.20069838127093043,5.0899047775173845
3300,0.12676466408600218,5.072798951702984
3301,0.13570422024323048,5.109200949596326
3302,0.13131856108768036,5.539340421754755
3303,0.17775814527138423,5.1036940708092615
3304,0.1481820608323846,5.117284663118866
3305,0.19487964305978023,5.65473642267853
3306,0.24014661237404056,5.067800169534324
3307,0.16482383911065912,4.987639805438775
3308,0.1977728123928857,5.099930580500898
3309,0.11907012368322256,5.08249446115042
3310,0.13948225786540647,5.077860676720718
3311,0.16435789225233122,5.027517491482856
3312,0.10357627218369536,5.09197776056407
3313,0.17350346080004309,5.1450824848385945
3314,0.16686400104002785,5.12947060610518
3315,0.27251174075730256,5.094073728782851
3316,0.13270069560891817,5.153880543051601
3317,0.0874756248424815,5.0903132667153805
3318,0.1372346379090157,5.398132247126304
3319,0.14053639072318114,5.08795631973487
3320,0.2329499953707349,5.0
3321,0.2343241332799667,5.041574206004995
3322,0.22422424589138823,5.1972332767213825
3323,0.20933654618880548,4.729654512285144
3324,0.1855425421881165,4.550075282797428
3325,0.18616187947014107,5.467073742804294
3326,0.2953181501549431,5.086060504325909
3327,0.12159474589914288,5.055344381550295
3328,0.2203135626842485,5.056887761230309
3329,0.19382930063597037,5.046426302722757
3330,0.18142620706276902,5.067560015382098
3331,0.23116569050048286,5.074041072790365
3332,0.12853512583773663,5.05689573297162
3333,0.17834639898300786,5.127112636230953
3334,0.23166896924273428,4.989667428200111
3335,0.13728050230305333,5.129726522041889
3336,0.16572657708405858,5.088558146525353
3337,0.24604344664479716,5.115213830927319
3338,0.08293059900423994,5.038817769228414
3339,0.17212085707280045,5.226382358866379
3340,0.20247182053709367,5.131682488987144
3341,0.13095062706192395,5.102164999207268
3342,0.12197281115459524,5.039266012560191
3343,0.15212682728705362,5.059723426073104
3344,0.19815414445980006,5.103415251283474
3345,0.2992336620130783,4.751384617460568
3346,0.12693542367411947,5.074271877456491
3347,0.17816048788259375,5.0783015326953596
3348,0.20679772978639666,5.176236808961772
3349,0.12183095788883713,5.378181703239493
3350,0.1460055506323531,5.1277363527094
3351,0.12037591425079386,5.128427767356749
3352,0.2189139038535235,5.063795079239721
3353,0.2848671085590987,5.084488688132263
3354,0.07464607621146324,5.09965276691954
3355,0.13643071173669075,5.052555276681439
3356,0.15646358331353816,5.132236053467141
3357,0.22021774708316832,5.106473495153683
3358,0.126178659925415,5.090906940230466
3359,0.14839381051236267,5.049745069674998
3360,0.15092682881636044,5.193209910946326
3361,0.14480053463381348,5.09348839611059
3362,0.2222638702017048,5.1155576722731855
3363,0.11442882349934791,5.0481170051048085
3364,0.16873937852890863,5.047593867945945
3365,0.17946392827563762,5.146933342023079
3366,0.28805114728572834,5.202057007472796
3367,0.18418056453047438,5.209684896646181
3368,0.10644566524330035,5.123819861129979
3369,0.27496164344779117,5.189855439110005
3370,0.16139737088654393,5.111250873486917
3371,0.11546927756247183,5.104576614764307
3372,0.1659652439161311,5.102949276199702
3373,0.07295056663933164,5.600529062683215
3374,0.20012364141346872,5.129575421577011
3375,0.10857592699486285,5.11327591834557
3376,0.12685758703909844,5.1743787316424505
3377,0.18844880678699316,5.191118169413524
3378,0.17078227602964235,4.986117840386939
3379,0.10410635035059246,5.176119501224523
3380,0.16279014661100333,5.090355982781487
3381,0.09781220351432351,5.099413996166868
3382,0.20972852651930152,5.041157129860441
3383,0.23938790466093662,5.273120052382154
3384,0.1493578572555041,5.119404394419069
3385,0.11506779152364022,5.096196234153103
3386,0.17566392250315443,4.957574151712869
3387,0.1317675374954389,5.082886701896783
3388,0.1003151225779827,6.0050679351211045
3389,0.23444257979677507,5.060271583390632
3390,0.11207251288077325,5.085840438009219
3391,0.1407585367711377,5.117567304233397
3392,0.2934205722628941,5.125966538868001
3393,0.06628301854364194,5.076217435935186
3394,0.16111824371227845,5.135358641602954
3395,0.24098527818269178,5.107221320984481
3396,0.17618173099285372,4.992011174296156
3397,0.10757660322224472,4.850546416816632
3398,0.27186497152551004,5.084966190193443
3399,0.19300647415634875,5.051364199063739
3400,0.09221740915873966,5.086556955545953
3401,0.17123857844687795,5.100827657505231
3402,0.19888891941070808,5.083384766424537
3403,0.22541893325499462,5.027018371609868
3404,0.19777592650844378,5.1579041282967
3405,0.1737236431252801,5.769778628489064
3406,0.2268425020923932,5.127223785453783
3407,0.09123113763688728,5.11533370565024
3408,0.16193747549892257,5.081743677168156
3409,0.09797382973163338,5.097050416445201
3410,0.16762003458574037,5.052242684523298
3411,0.12388785858935769,5.136999329841361
3412,0.2767354754690414,5.06790907554584
3413,0.21883686853096151,5.077572209019081
3414,0.3001402558644677,5.133701477459747
3415,0.26934514624203054,5.006051301982728
3416,0.09895470370665393,4.722654130322201
3417,0.11185022391787192,5.08720277677547
3418,0.16793924150855122,5.04751568467146
3419,0.17525041677583664,5.100943188030103
3420,0.18419559952276254,5.0513966671260135
3421,0.10845818223744197,5.092888522765007
3422,0.14235126773181772,5.024584419499929
3423,0.1740217247631728,5.059918091121807
3424,0.17001960240142067,5.129442349943583
3425,0.22738276516544131,5.091593362600566
3426,0.25727232695876023,5.074411107291024
3427,0.1129767330684468,5.092670099572922
3428,0.10391083230285725,5.056239801609328
3429,0.1449547218657653,5.076140606940838
3430,0.2802935480135428,5.102750849399067
3431,0.16236902908153183,5.10311310276327
3432,0.18830400667091518,5.025058576108261
3433,0.2023945281337849,5.03503208809887
3434,0.20964163891583054,5.081373116251706
3435,0.1287194049198791,5.099022857526911
3436,0.10153030681422737,5.050148674789812
3437,0.26252683279006084,5.022136869993883
3438,0.16846828609953257,5.124909188791893
3439,0.07344083298948323,4.986991741565605
3440,0.14691174966048792,5.045579738297565
3441,0.25552998348530176,5.1183384871038395
3442,0.08373126293014277,4.991483144223912
3443,0.2047317617776645,5.139077536796313
3444,0.1573628606148113,5.108633305625068
3445,0.27047944160505033,5.115959494217197
3446,0.09664011580691834,5.061600345122352
3447,0.17154971627973925,5.038251432338008
3448,0.2476271538064354,5.091487353322428
3449,0.1755564176267621,5.037578504000209
3450,0.09887639575314333,5.0110924746030605
3451,0.22080937835677117,5.06247669057152
3452,0.10322312212158402,5.031594460642532
3453,0.1312349668304551,5.118997122682671
3454,0.1424369861284327,5.052102924377708
3455,0.16830490482354543,5.132104672034128
3456,0.1464680467384749,4.871847434158187
3457,0.3034646873603637,4.856879801369187
3458,0.2614110117980848,4.893952736556795
3459,0.3069938190878445,5.219804082675168
3460,0.43136129952855495,4.875876727201414
3461,0.27180870067905105,4.897354521008381
3462,0.40066824265523726,4.892060821866071
3463,0.309059020303194,4.932718448326963
3464,0.3999664666008762,4.881198716655222
3465,0.3902824999441792,4.8884507503301045
3466,0.44578930922260973,4.902151788534743
3467,0.2015227719322108,4.859441001590161
3468,0.18782280141305874,4.873784163337573
3469,0.11864910225255709,4.889097401749574
3470,0.16574654940185995,4.890704134787844
3471,0.2629180595205034,4.861201669900108
3472,0.10763809790889667,4.86174352455798
3473,0.1990037331307266,4.916139831165527
3474,0.278397846592108,4.955963781681838
3475,0.32514238446763755,4.796522668442682
3476,0.3825491151626912,4.722974621190614
3477,0.2694299137303069,4.902320320689242
3478,0.3291567390293475,5.022514356747267
3479,0.21359275089341434,4.919067517835645
3480,0.3236155101691853,4.925452666673165
3481,0.13484558675436964,4.904072805302242
3482,0.21205311621577505,4.866384569750011
3483,0.3115860607474936,4.866431395330872
3484,0.29827066566765303,4.892405570389622
3485,0.30734006106571066,4.881776789655685
3486,0.3387362599619761,4.93023378090391
3487,0.41014413596563903,4.741737505554013
3488,0.16470229986281226,4.883713257355122
3489,0.3610758762993309,4.916859102026905
3490,0.17768242409690327,4.8652039101973354
3491,0.2076679989968946,4.934374257456975
3492,0.33311034287065167,4.869948375191244
3493,0.3549116796845675,4.884526254569774
3494,0.429615009450266,4.868272482269234
3495,0.23294984547918762,5.0
3496,0.3388249843134745,4.9497492923584385
3497,0.22608761185110904,4.885357894747067
3498,0.28106464058956737,4.893206399480121
3499,0.17739775734341534,4.8811343617743574
3500,0.26487357814768075,5.020645440968439
3501,0.1867278403216921,4.854612546588477
3502,0.32324377302065477,4.986232842006038
3503,0.29504443824307724,4.854902708222353
3504,0.23797669247448483,4.918107139089916
3505,0.4480405434933268,4.882121334831702
3506,0.2744073953545405,4.865742319856077
3507,0.1969546254283252,4.912263534345582
3508,0.4482462341664044,4.824930160737599
3509,0.3512933185348417,4.86638843730236
3510,0.3336482507330265,5.206063567319736
3511,0.19932901675699366,4.840969710810734
3512,0.29770557133228315,4.853968206091679
3513,0.23787419430095924,4.942596412076883
3514,0.30734355123164003,4.9383748511013525
3515,0.2928368967404744,4.931636550235039
3516,0.2461611800261876,4.927137289460397
3517,0.41144501172591985,4.813547103757259
3518,0.2616743770987666,4.8133946499007685
3519,0.1901802315566219,4.868957444127693
3520,0.3942475344069618,4.8179381780803965
3521,0.24550418710170985,4.899268127453267
3522,0.3567311787816596,4.896845590601737
3523,0.18743764514367012,4.843153484959979
3524,0.3771462725925405,4.943758049251024
3525,0.2676321889869342,4.87172261128527
3526,0.3001669387483594,5.033529893186639
3527,0.2931178598499131,4.985500785823023
3528,0.24394402139807458,4.781326752781565
3529,0.26424137303451634,4.878513667815847
3530,0.2858207176184626,4.196209812348615
3531,0.4126891960672987,5.224763335977434
3532,0.25028445844102043,4.650880230437275
3533,0.14517680084001316,4.92854066539544
3534,0.12683591717504994,4.832739992156361
3535,0.27078375226738616,4.489506532374747
3536,0.3160271634759988,4.883414497926024
3537,0.4118195236517532,4.962682090789627
3538,0.29313634607245764,4.844649556289378
3539,0.2305083538316537,4.914539718076032
3540,0.17432273844614032,4.843184589454701
3541,0.27582725335101843,4.8942269972603025
3542,0.37446536946141973,5.063951955611028
3543,0.21064820905494086,4.944647808044964
3544,0.20800866653418115,4.891263775792352
3545,0.2946135137930015,4.876351722254393
3546,0.3028404588221938,4.908825602624383
3547,0.3219758724566497,4.8905516552723505
3548,0.12720036956684644,4.883733710827682
3549,0.2689164195294822,4.88237395700704
3550,0.29326060131733667,4.903608463533136
3551,0.16392284032131244,4.902895422023272
3552,0.2915528110343337,4.911835895301255
3553,0.3790127682659472,4.924318001499985
3554,0.1818685431498619,4.879689057888221
3555,0.25961654205963747,4.889771682989776
3556,0.2518120574779308,4.953295908565103
3557,0.15696329642971074,4.900293315080999
3558,0.3991644257609659,4.875062611082486
3559,0.09930140990932723,4.903040467025335
3560,0.2730096110800897,4.8771592833953115
3561,0.3076857417409822,4.913559671758865
3562,0.1753583278162496,4.660730611366928
3563,0.23575121742333027,5.102207992383239
3564,0.37684617834904044,4.865739165751339
3565,0.1712245667187522,4.84733696752949
3566,0.3124761979355488,4.881649743451657
3567,0.30929036019156064,4.8868598722602385
3568,0.3335049197882174,4.891971622128652
3569,0.35986015673437133,4.902666746148334
3570,0.17244694372362712,4.879263727990457
3571,0.33695181056587886,4.869217543494679
3572,0.19403414183916867,4.84877082650903
3573,0.3905792653436313,4.885727736569905
3574,0.231570350758179,4.861294386686108
3575,0.2333933489840938,4.885270538015618
3576,0.16754598557514,4.868107504249037
3577,0.3280933878730776,4.903952773589273
3578,0.260761866842919,4.911095892103594
3579,0.3358715174173168,4.892786627835726
3580,0.16683401264191366,4.90163752267784
3581,0.1872664094262506,4.877669681393186
3582,0.2728423406735936,4.910305111554285
3583,0.1947419939586681,4.889282287887422
3584,0.25462068037998553,4.8657273152328795
3585,0.38162950937523266,4.876225708217055
3586,0.2731757196572673,4.815596640455189
3587,0.3566505710194319,4.845295178837699
3588,0.1505506764041875,4.843051321497862
3589,0.21183613615878727,4.881949615598522
3590,0.3087514756516221,4.902017826738767
3591,0.3757206215628459,4.87330965692041
3592,0.2115712298693535,4.911831070110733
3593,0.3279938376825291,4.849900669470779
3594,0.3291206218816598,4.906232866658415
3595,0.11410046026182785,4.849914366171717
3596,0.24279030382655553,4.601513350989785
3597,0.050502305963802785,4.823372541908926
3598,0.21205583378521498,4.937673734712691
3599,0.5541965513621903,4.878480336372837
3600,0.19184951294169772,4.868629989659903
3601,0.3547612951768697,4.886384228561544
3602,0.3490876813441033,4.891079312052566
3603,0.23246466350590334,4.8824359536882245
3604,0.2633439999228877,4.73886684192645
3605,0.1935909383184704,4.875149671418546
3606,0.27797584283595755,4.886267522347403
3607,0.25980763088226966,4.846743615725639
3608,0.21715372283841283,4.846543737955731
3609,0.20202055567052035,4.918595252845899
3610,0.21606359022623534,4.867784301639144
3611,0.28380115707716125,4.882469160341918
3612,0.32988813149474083,4.880344718930942
3613,0.2667283667308038,4.965254877282552
3614,0.5739045275080898,4.877960217540265
3615,0.26830287101805683,4.8667034191736125
3616,0.2635214375354078,4.855500905030707
3617,0.24005116112740654,4.868427627715768
3618,0.43612348532900613,4.862814603657801
3619,0.26989576051490727,4.875433541380314
3620,0.3930704188445602,4.82212581778902
3621,0.3277626191353955,4.8984170460532095
3622,0.2013081179402898,4.88128340735809
3623,0.3052039968195057,4.878270828975797
3624,0.28337609484687554,4.863855816056493
3625,0.31783539204968103,4.896044623514593
3626,0.26488706529700146,4.861293371901363
3627,0.27634084724115904,4.888979910141735
3628,0.2735447057473297,4.868443847654742
3629,0.2745474955485394,4.86798743332332
3630,0.4721721180710754,4.900138428759382
3631,0.3958861396025113,5.129407203271041
3632,0.3030213285825212,4.946567046452133
3633,0.1981390515306516,5.571155815525879
3634,0.25527250933740575,4.883622163065304
3635,0.28580434693305623,4.915874013416808
3636,0.3427018399044941,4.888977678763835
3637,0.28026659069321047,4.892316651242803
3638,0.2685137544269749,4.91064097022627
3639,0.23714508337247286,4.812585236349207
3640,0.32660115076495777,4.905335946118461
3641,0.3714090662540108,4.869808229477757
3642,0.30026916295724115,4.780500733020325
3643,0.09170696571286308,5.166604088342677
3644,0.2830209091635547,4.856828460559743
3645,0.15811458634679698,4.90880888992292
3646,0.32021758461615324,4.804027994022038
3647,0.23604386560175583,4.932775496121824
3648,0.14882493761640503,4.9044237382444855
3649,0.2962429697444928,4.88710451470971
3650,0.4033894416494215,4.865536524075331
3651,0.2692615652141852,4.894265950426089
3652,0.1835934885159649,4.876144716504607
3653,0.16733577053536486,4.886065354894891
3654,0.22708164172092182,4.903422742633525
3655,0.309157899590911,4.8880309899803365
3656,0.3960251814810327,4.926036253886625
3657,0.32574764601604245,4.896307122149919
3658,0.21683026481067547,4.841945855577308
3659,0.37797882466308863,4.8963457518639775
3660,0.27744034847217236,4.908277499410589
3661,0.27742789155037184,4.907494063877733
3662,0.17174968441279947,4.881047216284573
3663,0.12689664121155708,4.892636377167783
3664,0.5127404492952137,4.865330514349502
3665,0.2329499695560353,5.0
3666,0.1995026972281564,4.899728135196124
3667,0.21006685903948896,4.9143059429799685
3668,0.27365277348647243,4.875252916847366
3669,0.20572492064022985,4.876718893611045
3670,0.3775072542067872,4.910562631247277
3671,0.277988801045296,4.912996192967034
3672,0.2835953624064431,4.408235785618917
3673,0.4721788263159077,4.589710784459795
3674,0.2767293084814777,4.957531706504383
3675,0.2147566346249965,4.825916433639437
3676,0.29588717058880976,5.011661788113493
3677,0.33652559329873744,4.887967364634571
3678,0.4914000094861324,4.88874144969393
3679,0.42674158522215166,4.871401271080318
3680,0.30760375452337785,4.9900492217419945
3681,0.3922018814422197,4.751421550330637
3682,0.2745192793835316,4.8074804762479495
3683,0.3479581755556873,3.784240827298504
3684,0.2639527200478242,5.12203436595553
3685,0.3713528702526556,4.5957952483304165
3686,0.15989452294272843,4.825974598038911
3687,0.3147493002375559,4.610102217307324
3688,0.30104021820376436,4.987166692107667
3689,0.18077007451586313,4.678420585780021
3690,0.23242340379766357,4.6725680275906
3691,0.333289228843876,4.771062242783577
3692,0.2667133323081756,4.686636417366641
3693,0.20944559917332373,4.769622408038208
3694,0.2992815111772087,4.862604276466067
3695,0.2710663634216832,4.73916513813843
3696,0.32508038724093424,4.843732350120815
3697,0.2240561270265522,4.812814625521753
3698,0.40081076794698767,4.7216032888139114
3699,0.22017933301389658,4.910563273756798
3700,0.22382268862353327,4.860828870098981
3701,0.2990390493943349,4.81135685367617
3702,0.25276378865485283,4.9211568898336555
3703,0.34743946068330844,4.78528965957099
3704,0.2530187612835728,5.70654674199182
3705,0.4986694238535403,4.810474573477368
3706,0.41029984898825456,1.9118661607061904
3707,0.323966230705081,4.818105053983972
3708,0.15809881389912572,4.905903311930588
3709,0.3559868434158928,4.778585818476779
3710,0.2957727292513255,4.80677062334264
3711,0.221284233237794,4.939523914368937
3712,0.4625689498034904,4.768448899918694
3713,0.25818555285693723,5.301805040210805
3714,0.19609308828135963,4.881015058018452
3715,0.1970073578159517,4.963536337550725
3716,0.39468052062149517,4.927955634359966
3717,0.29746505526748734,2.5854888654198316
3718,0.38464380080936844,4.781611387946718
3719,0.3023735912996415,4.921566115848082
3720,0.38590662439698087,4.749164728394932
3721,0.26238225437934104,4.783956017057491
3722,0.22244451934068654,4.815584942503284
3723,0.37224413715881943,4.666089672403988
3724,0.32506752623602675,4.822598864534262
3725,0.3147694743288212,4.806976572953667
3726,0.32619501763173564,4.898230602921343
3727,0.24234368323720856,4.605762668011408
3728,0.35039460192297134,4.8647011270273754
3729,0.1184307248717813,4.808916411161208
3730,0.3590572575887123,4.926039949865579
3731,0.47022314926420195,4.712339313884115
3732,0.16605119567448212,4.884930192346415
3733,0.36053488242615384,4.6367708149146125
3734,0.3963220997399106,4.843533641953925
3735,0.3254467308900555,4.96820082935665
3736,0.2689523904091815,4.694215076675334
3737,0.4671877713418635,4.831046682633069
3738,0.09049474362747656,4.824810291969914
3739,0.16699332124983268,4.75390874611616
3740,0.4303413392398432,4.565414200482314
3741,0.16904658392517957,5.028974786792304
3742,0.5012265875954751,4.680423285299753
3743,0.331883540501269,4.827782391818536
3744,0.18693725839725128,4.741175179683488
3745,0.2564819673372867,4.910081623101119
3746,0.2604070750118661,4.917169786631748
3747,0.5159374844359523,4.664033810060078
3748,0.2913358036191407,4.911818389902933
3749,0.2957956233640797,4.799340974697106
3750,0.4034235099687322,4.8922861812653196
3751,0.10378804760086413,4.708853271046998
3752,0.49440033091068947,4.782030317351129
3753,0.6221151824318867,4.819839917310054
3754,0.20162606978563624,4.910308936121597
3755,0.2588982561078159,4.795100181340528
3756,0.17239807298405707,4.758165774759107
3757,0.4761894296345386,4.776752693852737
3758,0.31461411083692825,4.836450103576002
3759,0.5460441220913868,4.638136074872783
3760,0.4446693477432455,4.751041581279605
3761,0.4112144416503951,4.80449711942609
3762,0.23295015422549925,5.0
3763,0.38902712942973694,4.845034097387506
3764,0.3682148603474904,4.7706097442633055
3765,0.4459773322259144,5.10602290994977
3766,0.47207403897589817,4.741403980657255
3767,0.2710706178707074,4.746068557436978
3768,0.21544241402140463,4.843985193074536
3769,0.18661569654549348,4.453874488080833
3770,0.2874057588991681,4.890278174250131
3771,0.1797163197932259,4.823183938563291
3772,0.2902573161975761,4.72750344869838
3773,0.4344098704216328,4.965207744799294
3774,0.2536077789550515,5.076874602552692
3775,0.12407899877017492,4.777932486321674
3776,0.2656279380156319,4.838743521765689
3777,0.4658075150892349,4.860377951310264
3778,0.24308042119711115,4.760104960073432
3779,0.247446978456483,4.695881386741814
3780,0.17563015059175946,4.896118405812375
3781,0.11897619611571963,4.933606376848401
3782,0.34034917521313557,4.605876607274277
3783,0.2875053452894145,4.716589482220401
3784,0.37014742636139353,4.888945552500141
3785,0.3948454471132139,4.930833072886758
3786,0.2341267269546481,5.107508154632736
3787,0.2722934425886918,4.872075745481048
3788,0.2433674113519224,5.021588652821807
3789,0.3715646485359958,4.947162081251237
3790,0.1474374652472339,4.876157750386074
3791,0.2066775116483046,4.848687065508734
3792,0.2323432757837467,4.753547790508197
3793,0.19292482851173376,5.102343982713009
3794,0.2563027178346957,5.231653063450592
3795,0.18876390136552756,4.798402236942385
3796,0.20474948366436374,4.901152063125025
3797,0.16537349679286217,4.841065175652055
3798,0.1851132784001046,4.87428581915796
3799,0.17683450357719943,4.796710852955917
3800,0.3683184656871157,4.856395120981425
3801,0.30500616390715907,4.826765418141026
3802,0.29739493898665237,4.828467501163871
3803,0.2666633727646004,6.033079736663991
3804,0.39346679626986236,4.8351797197154145
3805,0.24405840786760846,4.904484273175216
3806,0.2267361721819916,5.423672063569436
3807,0.23854826738948387,4.781256598701802
3808,0.22362181406610304,4.780236797777198
3809,0.34934919178426793,4.979248679399024
3810,0.4205162419463442,4.752310476842503
3811,0.3602709704691276,4.8423147089642615
3812,0.258447003525603,4.807763131813401
3813,0.24335316408359686,4.818298682269022
3814,0.48451964782593504,4.771381660740843
3815,0.3983208800308995,4.79941988215395
3816,0.27866186939435056,4.491166148450203
3817,0.3390574065447607,5.2923264832297345
3818,0.4867629219194609,4.819107970681591
3819,0.24916513322429168,4.762424495125073
3820,0.5018698070230792,4.446144577333326
3821,0.2023512289859164,4.916937690065595
3822,0.27244752521521587,5.514215092618722
3823,0.40708966641982447,4.974161927130112
3824,0.43343210949289035,4.831914099112549
3825,0.2470050834949551,4.684901892427531
3826,0.26896175232310915,4.802258906934087
3827,0.3285972163081494,4.37214074752057
3828,0.19738520106107948,4.900908639067056
3829,0.42965679441327054,4.66368267493567
3830,0.40207469318744127,4.663699251561209
3831,0.29634313873992313,4.680942850886769
3832,0.3762903598873999,4.839474944221491
3833,0.23294988100286385,5.0
3834,0.4462547597686699,4.829865870213581
3835,0.4320635825453032,5.0974360355339865
3836,0.2452818912216701,4.85539113504589
3837,0.5708241328280321,4.864466625674897
3838,0.30243083223265765,5.427408506244253
3839,0.21335678284019366,5.819171175229165
3840,0.30662510355141137,4.141514544796481
3841,0.3010918295312661,4.84972455340591
3842,0.4684220235921841,4.602339299100722
3843,0.20853779000539352,4.599181146912867
3844,0.19992158541615912,4.921139803427224
3845,0.3451518632517876,5.1917400159551
3846,0.27769592460540427,4.855149944792778
3847,0.23119789932334056,4.6919184944445735
3848,0.35320706864909646,4.771985401570431
3849,0.2712018706863375,4.93550890945734
3850,0.2243713158417031,3.9919201306988983
3851,0.36634860449186224,4.898002458658928
3852,0.42126017726806997,4.76790581831942
3853,0.28858271825635873,4.880832479348864
3854,0.38984804874534973,4.852079654780166
3855,0.33570616588352964,4.890808105342721
3856,0.30980107055285,4.86555970443681
3857,0.29610260297407165,5.2662714863172955
3858,0.5536434723906001,4.612127780104753
3859,0.21240519006095426,4.700654726602451
3860,0.3146297097697055,4.848434034660691
3861,0.25287580155871847,4.871733268894651
3862,0.49472316851385423,5.129351284116961
3863,0.3087971771912561,4.949709300952003
3864,0.25074182395460687,4.839220750325852
3865,0.25759298640549666,5.084339826336874
3866,0.4472915833694453,4.640271514476728
3867,0.26637402931655463,4.989731389466661
3868,0.19159516629982098,4.633999020048725
3869,0.3800085675702096,4.523036953033026
3870,0.3609941802194996,5.468431125393192
3871,0.3615158670931178,4.809619857269407
3872,0.34641606309875117,4.817240002279837
3873,0.35511550578140705,4.969173591592861
3874,0.29953119582920884,4.76886697389074
3875,0.4466055336051109,4.756460282196349
3876,0.2826860619786884,4.92827929359521
3877,0.5139525304114265,5.0063444183301264
3878,0.2742171362098287,4.747891414019998
3879,0.4237409414945772,4.938409459626474
3880,0.42677170951624044,5.79942434241131
3881,0.31785461319209607,4.824357902270906
3882,0.15178664416093945,5.038716704997777
3883,0.3017729565545728,4.854337016313224
3884,0.4802259060324785,4.875558275968546
3885,0.2525552578232715,4.6580786620073855
3886,0.21092037703973254,5.058405164892266
3887,0.29037636388756183,6.5995287193069
3888,0.16921665723468848,4.830792824670196
3889,0.7036772940604799,4.227852297924608
3890,0.442175898497569,4.5424330319776995
3891,0.6389431060221202,4.569423874297076
3892,0.5656443191937135,4.727522762521685
3893,0.4652040555314958,4.606393658948322
3894,0.6295529945392908,4.656568596360051
3895,0.37043348764223305,4.572963568010513
3896,0.3097474001049587,4.559497889970192
3897,0.4281167960080494,4.521981455357773
3898,0.3810510474190809,4.692953608028816
3899,0.6466921229661988,4.903871433972959
3900,0.5135054337136244,4.68030306857357
3901,0.2962005022938672,4.534755252714078
3902,0.27648154137363923,4.515843593457793
3903,0.23787519708532923,5.345407155321533
3904,0.3251857884268765,4.479479576005927
3905,0.4146259428303751,4.609144609471798
3906,0.44653935146843793,4.776382953778482
3907,0.5336410437584136,4.567691676322836
3908,0.3701134070613721,4.754473765732117
3909,0.675718014805859,4.645869931784565
3910,0.23542263728576618,4.624946670443304
3911,0.36126363409467466,4.608533537890249
3912,0.5439103885376357,4.585252479239923
3913,0.25106949191057426,4.616974721959171
3914,0.4140286556745041,4.566065463720106
3915,0.38712551929193584,4.525565811614518
3916,0.4342259071448735,4.61650121555115
3917,0.4213340196795605,4.623388014985368
3918,0.3447059220486435,4.665209193666051
3919,0.7817282417131763,4.1365526795878615
3920,0.3776745348200814,4.256638746803292
3921,0.6545489410991774,4.517988383824232
3922,0.2329516080966254,5.0
3923,0.37732473517319853,4.605460983800773
3924,0.4436283953770035,4.461606881258344
3925,0.28967024549062304,4.590191502867684
3926,0.4120298538044773,4.46252492641209
3927,0.4175218926262074,4.598721666215848
3928,0.5373447112005345,4.47354444952766
3929,0.5419857003693855,5.157594670559247
3930,0.6073209038103382,4.591822819455196
3931,0.4216044642591723,4.538009348917278
3932,0.552935930624018,4.758144264099746
3933,0.5102533267069553,4.488422259494325
3934,0.459392698796512,4.617421552915264
3935,0.533844229201748,4.565007589311874
3936,0.4544386472680859,4.546446016277272
3937,0.3981790064290869,4.5904772385931025
3938,0.4661147623755584,4.637455443062084
3939,0.3255517403432595,4.542481131144935
3940,0.891849012810936,4.201861237526856
3941,0.4404656832426612,4.58869331882922
3942,0.5751059550339939,4.5901213439405275
3943,0.5688300637821362,4.612161606512855
3944,0.44077403008183325,4.646274021461556
3945,0.36624892647564744,4.597793833467714
3946,0.34001722957726077,4.601015588315942
3947,0.477404133102012,4.578196401254324
3948,0.46476991431647585,4.463590962398447
3949,0.5300501810090856,4.256672465010052
3950,0.36092941554279356,4.619339685531116
3951,0.39627083204958913,4.580206631055335
3952,0.45977620304102684,4.4954633963501855
3953,0.5358240349122978,4.602648873356863
3954,0.5377316680793394,4.565579058660232
3955,0.37739476212615486,5.081003968532327
3956,0.5460749867611021,4.720946848667076
3957,0.4714524359733949,4.6097357930621286
3958,0.4616073696133265,4.78894597251478
3959,0.2876420555036323,4.620401888902403
3960,0.4071412918799546,4.52430789213806
3961,0.450214168267586,4.677026674383358
3962,0.565175672793591,4.657072987109787
3963,0.6283214142501854,4.820310700861192
3964,0.49555649857561335,4.628188215962972
3965,0.4199035278074672,4.695122082772194
3966,0.5487004543951142,4.574535085902589
3967,0.2329489616438849,5.0
3968,0.6381159871909645,4.505263600575331
3969,0.5997919977368125,4.516074971534874
3970,0.3304612507198357,4.615053826397082
3971,0.5355369471103293,4.557573266279054
3972,0.5532261822082654,4.530544252349413
3973,0.6028600513363918,4.47095710095164
3974,0.6609431290563128,4.623311953225944
3975,0.453788279743486,4.602195058397909
3976,0.45656781930872237,4.52354538469268
3977,0.5710496421576718,4.634664817942724
3978,0.44777389139886026,4.49581515250931
3979,0.48530914712201634,4.524111894115892
3980,0.45748031930600774,4.470382842043854
3981,0.6511171308302197,4.613968046476131
3982,0.6600094076187006,4.5524121726363465
3983,0.35868045805913473,5.220667904964502
3984,0.3551733169350877,4.613962593142666
3985,0.6501201894912794,4.682490936707149
3986,0.34795032331902664,4.559837225062857
3987,0.19322654101452086,4.327379450438977
3988,0.4693598650726991,4.784305512935019
3989,0.497117964390108,4.553106730259211
3990,0.6689314835274969,4.4458995518689814
3991,0.3911875778451934,4.714159287019122
3992,0.29331899538011186,4.637837970325682
3993,0.5768693214589535,4.61483964854005
3994,0.5410044722652154,4.6461957744567695
3995,0.3408127972585353,5.566715279463734
3996,0.5840854279404444,4.595527546048199
3997,0.29049742619474905,4.650220485515426
3998,0.2877761385672093,4.702207611156259
3999,0.3364119855770644,4.598994898613791
4000,0.8121302287858287,4.536161103910343
4001,0.5356318379442735,4.5886536679228485
4002,0.2742564072030085,4.533504338892591
4003,0.24106578100380904,4.564185845315585
4004,0.2912613983735324,4.677863584141688
4005,0.5794989950498701,4.542636693069939
4006,0.4375585855063697,4.5150239224386635
4007,0.7068712818667837,4.559692341329571
4008,0.4604472703782725,4.552330966129716
4009,0.3797725890118677,4.558680274836808
4010,0.4993743792185503,4.50364485408512
4011,0.27474055064056335,4.574602864762749
4012,0.4547313866310594,4.582896974430675
4013,0.290444754438945,4.599379155784797
4014,0.7171336402529698,4.767908865549595
4015,0.4122865200521786,4.57450567575151
4016,0.22507100611264708,4.616887729734875
4017,0.5325931054746711,4.702269326058648
4018,0.5197427136415587,4.529981753641641
4019,0.43676582065686453,4.699350042428847
4020,0.5445770412312787,4.365771763205322
4021,0.49806813421641394,4.5011445337807565
4022,0.6324368631476629,4.561207771132558
4023,0.26864518688122274,4.550737545172954
4024,0.40478125165830825,4.686134222458289
4025,0.5897596680204624,4.6541377870416945
4026,0.44439941096026914,4.608451234032955
4027,0.4570931975662158,4.842904328568762
4028,0.4083741192853525,4.423525407556799
4029,0.35311905679073563,4.58070020314401
4030,0.6742195629560332,4.2952206659085235
4031,0.5904405147548974,4.319214228150079
4032,0.37731106091583344,4.826547162840793
4033,0.5217301505876377,4.699517500219388
4034,0.5635372792394326,4.511612854824589
4035,0.35308204450665137,4.616140896530325
4036,0.485625054665364,4.599657341486916
4037,0.44024523498532364,4.542800166952361
4038,0.49113262469492547,4.1655132749089585
4039,0.3874779983325052,4.601050474901074
4040,0.683845904132466,4.605898486690876
4041,0.3463931902503874,4.568907726917022
4042,0.3543292091549759,4.540063112210833
4043,0.43130836415988716,4.5782883902292415
4044,0.34788340397990725,4.5489027479917965
4045,0.5416431912668749,4.5319709156364585
4046,0.5117957323506772,4.594772966736018
4047,0.441295944945022,4.53491820513098
4048,0.5851212695646937,4.196930851024625
4049,0.3835024416630448,4.508780950685223
4050,0.6610492902457539,4.623284501001992
4051,0.4533148081787397,4.5209703510628785
4052,0.37065854405820486,4.698952728472454
4053,0.642209497295847,4.607222979879406
4054,0.5297434922132762,4.934069909580634
4055,0.14275703165553377,4.491954857643687
4056,0.4896614921482314,4.546110877257918
4057,0.360516526640394,4.565322476518574
4058,0.38644520666680027,4.580440132489194
4059,0.2166209990741086,4.642869458122627
4060,0.4804389279482848,4.531635173695472
4061,0.46898077838253993,4.460200727856654
4062,0.49804759322143655,4.555137132704523
4063,0.694588329401884,4.54765205007579
4064,0.170507308267962,4.142672533378056
4065,0.43193804922814705,4.60595762706439
4066,0.44583441654825195,4.538884048448812
4067,0.4679618338555458,4.594306321466481
4068,0.35555287260095225,4.592986288959402
4069,0.1953779885465785,4.601102590305874
4070,0.34007477223250193,4.601197510195076
4071,0.44274346460945546,4.623275129344933
4072,0.4480337468287452,4.561674736240722
4073,0.5553649567719701,4.543511969000038
4074,0.689153184237381,4.526498468593374
4075,0.3620596680200663,4.3053079697865915
4076,0.27094215261619414,4.617591841158468
4077,0.4267174838506511,4.59661963475007
4078,0.5790394038905942,4.547871150709808
4079,0.37005476152978023,4.527076231630014
4080,0.407679957487733,4.5593050320093464
4081,0.4010720845678253,4.445405608950441
4082,0.41496150285921773,4.923093362140802
4083,0.4550456397936564,4.655526824099043
4084,0.2395133084684673,4.63405771938497
4085,0.36303313038364493,4.8680796591364395
4086,0.4865383272076995,4.493666248087527
4087,0.2354857677915856,4.738415226808437
4088,0.44077046027171773,4.579555195191167
4089,0.8991239628920495,4.570391737923494
4090,0.38733490310333263,4.483429346667531
4091,0.6902654247897084,4.528550031741174
4092,0.7308262380596524,4.542158338341542
4093,0.7824964691349252,4.50834953249502
4094,0.3367138792639719,4.728814812617808
4095,0.5338949150420098,2.8607139993727637
4096,0.6534396358907713,4.4526230877695205
4097,0.568640235925967,4.7459336934710805
4098,0.38161232467546524,4.405029347074834
4099,0.23321216367356712,4.576956757337918
4100,0.2332965484255487,4.54905271362013
4101,0.38930064191218827,4.569857704941533
4102,0.5202580483360753,4.544332528093138
4103,0.4454711082271965,4.573861348996999
4104,0.16662748283533313,4.825614150647342
4105,0.20944417993160824,4.9651550730940475
4106,0.23295036150730497,5.0
4107,0.23056874730347765,5.001800630607853
4108,0.26482067528236475,5.285722307762839
4109,0.24610303625479735,4.989469098646282
4110,0.28603978379742645,5.2402131395914076
4111,0.1784105925778714,4.9546554925859265
4112,0.17628592233466,4.733816350882032
4113,0.23692476394133521,5.046645004203887
4114,0.2557563582992688,4.9883490011177045
4115,0.38253083522076503,4.89263144845637
4116,0.2363710104637724,4.69672414097464
4117,0.22562929763390427,4.855529464067949
4118,0.13876224615652544,4.941873613680263
4119,0.202553352429645,5.256790940090594
4120,0.14743630227809645,5.0007440871381
4121,0.16033990551839117,5.086260965667968
4122,0.20071347129623218,5.012897520906492
4123,0.32635931093576853,4.970500041373533
4124,0.233523403553475,4.97747069453351
4125,0.19932711336865672,4.974894153361191
4126,0.19199493439826187,4.940508392692706
4127,0.1783958256736804,5.070766879123871
4128,0.34683020257021857,4.96933795049312
4129,0.11260170961914961,4.971974916971167
4130,0.18684275757281688,4.986123641331641
4131,0.12179609298751992,5.1109736488606305
4132,0.2761677238359659,4.946418553964813
4133,0.22512881137314578,5.002486623471443
4134,0.19531920715568973,4.957857442859952
4135,0.43625715054932046,4.933817213814526
4136,0.2868207828667022,5.005374337294386
4137,0.33175609963573227,4.984401362929658
4138,0.17760837723590406,4.9619208459428865
4139,0.1779266789126419,4.990412618621258
4140,0.28933324540510386,4.974286285358422
4141,0.1730342268031364,4.9917920140823036
4142,0.33971132220944855,4.965750405663023
4143,0.22449901792894633,4.97749549927577
4144,0.2301159308795917,4.989569643676068
4145,0.2912901542850237,4.766146423700066
4146,0.22471233536502244,4.965964265528688
4147,0.24067392753632477,5.013684347843448
4148,0.29811754489797004,4.924460999440354
4149,0.26003808114651394,4.988918695221791
4150,0.22489258416680769,4.958804759464579
4151,0.189485060321402,4.981462301735613
4152,0.2619326741998842,5.02349294141875
4153,0.19717967757266752,4.970339899389389
4154,0.22664715335121866,4.889460598187592
4155,0.34130797153096704,4.9772264982274805
4156,0.33169307024336225,4.9510228085790775
4157,0.1355572229328088,5.031776778425039
4158,0.29108502700735217,5.086988887956547
4159,0.2533360937471074,4.98021426165395
4160,0.18444657197614323,4.980422426643454
4161,0.31690212857231814,4.983234362314111
4162,0.2826190016443222,4.985401578451354
4163,0.3068681662429762,4.960487768061093
4164,0.2059851418102947,4.896687022679389
4165,0.3669361241487141,4.480780201935444
4166,0.26682330699707957,4.962677573405241
4167,0.20899978114675766,5.106958759521714
4168,0.24342534662637139,5.277991123667416
4169,0.3039447353024778,4.877612272004548
4170,0.24966691874039681,4.976374609095506
4171,0.21039315681489157,4.958664074521835
4172,0.24507064527494138,5.289816330452473
4173,0.22273705715545544,5.003021867494821
4174,0.13178891990713026,5.013417527570194
4175,0.1482661471659985,4.9997525428895795
4176,0.17095766791977396,4.959164328950889
4177,0.25119643084756316,4.807380560487378
4178,0.20606633385736206,4.986881392722156
4179,0.4102716129062418,4.8652688340972094
4180,0.16317436343812686,4.999597984593835
4181,0.13966459380738394,4.963343041697783
4182,0.26244023930557425,5.009841399860928
4183,0.22064066324046205,4.907241887126439
4184,0.127985383663632,4.969841745555801
4185,0.3640439375178195,4.980534199066344
4186,0.08796969921020859,4.967215756432672
4187,0.2819434772000069,4.959172093625517
4188,0.2074239305188399,4.997167154994209
4189,0.3848684729846352,4.828933099965349
4190,0.3140683723918365,4.992203185133404
4191,0.18324178151853499,4.989181003875762
4192,0.15454933764177503,4.97101939029065
4193,0.3447482459067235,4.941809151870649
4194,0.20171298332968912,4.790127253590013
4195,0.2915993272728068,4.974926825621013
4196,0.23418070725267026,5.091800429134903
4197,0.16522530719495987,5.04055713445732
4198,0.1774268515642201,4.9802976614298
4199,0.16855687895444205,4.992890603360669
4200,0.1760480844409107,5.077317941832238
4201,0.3553201416845351,4.992009119562599
4202,0.10160196535299715,5.019397680330355
4203,0.1947056901505837,5.354092959225918
4204,0.3379636424597776,4.786277131445651
4205,0.2073331922128303,5.1372698467116695
4206,0.23571971775653577,4.984678304299841
4207,0.13811530942288353,4.968045831990793
4208,0.3890720267614831,5.0046583150287205
4209,0.28701448965245624,4.973036565508453
4210,0.15422349849982764,4.968345375818712
4211,0.3071760065006117,4.9647600521781055
4212,0.19400585666216408,4.988047900808716
4213,0.18379148749494312,4.966394747393448
4214,0.15426933318502312,4.963093568377381
4215,0.23688332689724567,4.992101947523393
4216,0.21190706208720456,4.970071539111514
4217,0.2077692666173665,5.055611557110451
4218,0.21349236274434902,4.922258188626563
4219,0.13045281237347428,5.165399515443534
4220,0.23841658145071176,5.028178983032348
4221,0.2770321466365797,4.985304062283138
4222,0.17957499106207853,4.972861860490259
4223,0.2749084415364571,4.979796616534609
4224,0.12519856964780174,5.125673757202405
4225,0.19805720502507262,4.999113995621283
4226,0.2454465167272457,4.813571256074987
4227,0.28239010049157454,4.968597662754606
4228,0.24581113884622874,4.956183060119992
4229,0.21281896747074636,5.0987668403083575
4230,0.24387638142628187,4.888416793574555
4231,0.1699268285992217,4.991590187426667
4232,0.13992463514639453,5.177612685242474
4233,0.480731832213509,5.058568148900298
4234,0.20477695483837377,4.985994007371115
4235,0.38354384505439576,5.047787651921674
4236,0.27120734849542294,4.847659920144185
4237,0.30355872515475335,4.407320598294477
4238,0.21367319412093466,4.9250723540932295
4239,0.13659835483382787,4.997246882148092
4240,0.1400013993561604,5.277760850966491
4241,0.3144847231415675,4.980765781836114
4242,0.25312321097384416,5.019393179919813
4243,0.1696791936682316,4.9507091854026175
4244,0.23371921814697316,4.9596971491679565
4245,0.13851167812291565,4.976288424741124
4246,0.36835224925157917,4.922682653314103
4247,0.32345204063283717,5.013871659167135
4248,0.23295010013747697,5.0
4249,0.2787261969714927,4.8784773398091374
4250,0.2377923976358216,4.994837159490704
4251,0.24681186659846865,4.861160735370111
4252,0.27676855045755144,5.009411544243685
4253,0.24552817194430254,5.0048750140335585
4254,0.28323770379550695,4.913005900990068
4255,0.27218342091576675,5.104100437437893
4256,0.41833597394055255,5.01262034778069
4257,0.11566265448779522,5.030360728644299
4258,0.2628354752225943,4.987959537317748
4259,0.36380984932817806,4.850744196708234
4260,0.08343894519239492,4.964375897605446
4261,0.1492872646921477,4.961852572466388
4262,0.2955882045035434,5.020453675398757
4263,0.29368607615505304,4.979164202075577
4264,0.2263311164322861,4.878891140483095
4265,0.19199908597135784,4.901298463400714
4266,0.4340729200801541,4.986599974769312
4267,0.21865412525984662,4.995522613865528
4268,0.3226896750646242,4.936804379435662
4269,0.29196329071949756,5.155689828121437
4270,0.3952861489169799,4.899085748732102
4271,0.0887487614870135,4.942250971064226
4272,0.12014933776298786,4.892166006671053
4273,0.2601829828398674,5.024405192115422
4274,0.21383710976039438,4.976066649654314
4275,0.13169795562937892,5.062624641156361
4276,0.21889044689507697,4.970248215611752
4277,0.3415297651644791,4.9349858003348235
4278,0.31403372502217763,4.971322908495726
4279,0.3316655916316278,4.986163761848088
4280,0.32095043604449836,4.897386986596466
4281,0.3483787609417168,4.946382410742878
4282,0.2467926733341752,4.92417320779281
4283,0.2907219760384172,5.099343850653799
4284,0.28419214400982495,4.866072382287525
4285,0.14827533029572781,5.016576370733317
4286,0.15492768266366697,4.974352805607722
4287,0.18746718624606795,4.9910701340960895
4288,0.1909190210542202,4.98485340643807
4289,0.5729043111468932,4.994422138154739
4290,0.35516950976104655,4.978770851605407
4291,0.1754695421120429,4.949129575139395
4292,0.12693863058268828,4.986652820851614
4293,0.23474441498203347,4.971095134046859
4294,0.2837885003309246,4.983157384853776
4295,0.2905256673298293,4.890485667342812
4296,0.29807913922614726,5.0093905506388925
4297,0.2421578593638556,5.103051097502984
4298,0.3231759312204776,5.055792913157342
4299,0.15748287129676863,4.937567389265309
4300,0.12795549645097726,4.991167885002081
4301,0.35745586110777494,5.2999227512505165
4302,0.27638059516350766,4.9644582865962406
4303,0.22256029662597032,5.043129491703668
4304,0.21327903337411658,4.943839401205796
4305,0.22400137580133284,5.038386460769484
4306,0.20983371444242138,4.97330712315148
4307,0.40838281116412234,4.962600944523867
4308,0.3463281530853701,4.900523547769273
4309,0.3396122935667856,4.8357375288261295
4310,0.14794288699260405,4.610413790452288
4311,0.24933065622339345,4.954298363861742
4312,0.33839125106119594,4.999913659544095
4313,0.29970348769385335,4.946365727647839
4314,0.1471198895478527,4.973246658966355
4315,0.2617091328508834,5.047768142550622
4316,0.1913348257123917,4.9641418966329365
4317,0.2831862930616855,5.006852789404723
4318,0.215454127280589,5.068446606930115
4319,0.2835604572099899,4.604985076617556
4320,0.5540140436662675,4.884830949850922
4321,0.3764001383054034,4.943146493919812
4322,0.41620233637816284,4.662067183566734
4323,0.24102853328400364,4.836607566724629
4324,0.41802591057789606,4.7842284764097975
4325,0.31523758268852053,4.734707199824335
4326,0.2117103867747121,5.017376208956614
4327,0.367107610629656,4.761969557760768
4328,0.37934665870273854,4.782299869574276
4329,0.2949256366170445,4.850617624480513
4330,0.3453733041727256,5.034360290317572
4331,0.22148029433171312,4.909718350658894
4332,0.32454988418156594,4.8840543625040755
4333,0.28960349641092265,4.947029351205474
4334,0.37100770786107673,4.798261235206036
4335,0.5783629967733306,4.729889685672024
4336,0.29427567163615165,4.907279194956571
4337,0.5516056792742807,4.769601222335238
4338,0.3460341925767829,4.8034232981838
4339,0.25814664497412587,4.912044585531801
4340,0.25709788095503816,4.758748862459905
4341,0.17968484105930482,4.855004469527486
4342,0.27571367457452545,4.890884706340524
4343,0.38628146963331433,4.5894391403179835
4344,0.38863485525196007,4.901376022135775
4345,0.16496600031594721,4.94405855674934
4346,0.23248081024025535,4.871226434958977
4347,0.385800639388709,4.852108563147137
4348,0.31544411530034866,4.773284323271323
4349,0.32362704396628916,4.768319358287743
4350,0.5231111048611967,4.963199361605275
4351,0.5049532449034941,5.015628931408518
4352,0.3340159074060358,4.672140318665221
4353,0.5385089894256019,4.779741067277348
4354,0.2747963736492345,4.87233452180555
4355,0.2649584446705118,4.932611165742546
4356,0.3875695172502558,4.608379746765712
4357,0.4503310300202119,4.088724269485384
4358,0.44763412307453887,4.558431160389347
4359,0.22313885428531743,5.618988038323494
4360,0.19824934928755256,4.753405210479702
4361,0.31523723360176703,4.861182560865993
4362,0.428672997124103,4.777935075470037
4363,0.36574407724943203,4.742471655866325
4364,0.491803978730345,4.669457911873858
4365,0.3337426140126605,4.766688218168245
4366,0.2645468859114326,4.837370250461079
4367,0.2623169253255908,4.823284915615815
4368,0.20321685862481553,4.892225394277849
4369,0.28183364668251576,5.452125109236441
4370,0.5479884830212711,4.78319434898828
4371,0.33821641577365646,4.751821671086942
4372,0.2619636983533289,5.431456299907946
4373,0.18398390317085833,4.814495087467625
4374,0.43169324325456016,5.127642653292437
4375,0.22412434482930932,4.693616544234347
4376,0.46934295726587427,4.734408402783492
4377,0.12921292103174586,4.913973465994594
4378,0.2227607543339596,4.830495073084604
4379,0.35089556786891274,4.9108745878869176
4380,0.5685894955021888,3.949300699267635
4381,0.6004738167240884,4.859110705869707
4382,0.4594604279246992,4.535709617046173
4383,0.21790847647026323,4.845794759598068
4384,0.43963370135936386,4.807415822606398
4385,0.4610511161012796,4.764409891067585
4386,0.2954137839183315,4.762349273391759
4387,0.1935582949258854,4.962714489603366
4388,0.13548224011204235,4.873339257103799
4389,0.2747307536015777,4.827974970006954
4390,0.4820964291009684,5.601243324279315
4391,0.34072435625006947,4.788440333509119
4392,0.22711487406554753,5.137784271252723
4393,0.47382832847305334,4.860940617725609
4394,0.4080175798359882,4.778273621335698
4395,0.24032706158329264,4.870379948073209
4396,0.3083690486433903,4.79248887811373
4397,0.385212330600345,4.784656105304457
4398,0.3085143025515056,4.679803615973004
4399,0.40085660179956095,4.971320964800876
4400,0.26057519622303893,3.4983757356434264
4401,0.3448894020842497,5.038388201633834
4402,0.44277281782841493,4.8473720302771905
4403,0.4630518098412111,4.745586642221964
4404,0.3057822196419213,4.790469797595156
4405,0.5179415417268356,4.984099041142187
4406,0.30688806659844237,4.882647303399015
4407,0.34051532501570314,4.73810642043051
4408,0.265297319026486,4.6936816514588475
4409,0.30569208200177567,4.5803871518742145
4410,0.20543424548907607,4.849487734336213
4411,0.11626285313072926,4.8818347360469705
4412,0.0941846134741795,4.809120415008055
4413,0.1786809819397357,5.480726621398961
4414,0.2991129285148373,4.887266644844814
4415,0.3859209450574954,4.771966979428592
4416,0.23100541412784237,5.722719104466201
4417,0.2756112176331209,4.817674617419696
4418,0.3191866093396636,4.718592202450349
4419,0.4893502084970398,5.225972202680369
4420,0.3784129295784142,4.858466562090724
4421,0.2722991893615454,5.075661071024511
4422,0.6040227284724751,4.882381811712442
4423,0.5072184726297027,4.837740006847646
4424,0.24750908020071805,4.875743168367572
4425,0.3086747721099312,4.862577636990855
4426,0.4531827853891608,4.764226960319755
4427,0.43686227186860616,4.790389674312063
4428,0.35864362395514515,4.874889946418577
4429,0.43120554236055386,4.555745742618589
4430,0.37842040983325087,4.867174103387413
4431,0.32039204906710395,4.774290656921689
4432,0.22735388258265044,4.881424075489846
4433,0.2645038038085401,4.698653554375243
4434,0.6219775342562461,4.108957269896214
4435,0.39097138264161924,4.229343031909849
4436,0.19942112676873203,4.846756402789758
4437,0.19110100818693487,4.852893403024723
4438,0.3236738831886379,4.766583096179735
4439,0.28729378535601535,4.59591602146447
4440,0.18629111789314234,4.827147869752864
4441,0.23402279058570175,4.8426956086232575
4442,0.33380716145789546,5.394307935057796
4443,0.5501516497745651,5.224805366930347
4444,0.29955250499685016,4.69821528818505
4445,0.2660617687908369,4.851392010037552
4446,0.2869300078212984,4.89884766313283
4447,0.3196899670244939,4.872865012322221
4448,0.5112285173287843,4.610868226580003
4449,0.11964376167698387,4.806728537412024
4450,0.24816286348285965,4.712545065485347
4451,0.5187823054293943,4.7387635084813695
4452,0.23295003344555942,5.0
4453,0.3516758882276949,3.926407389652571
4454,0.5407108453642078,4.42726431353428
4455,0.225801523059334,5.121239460175584
4456,0.37534652671816016,4.792208815433705
4457,0.47266940454290407,4.033762123526259
4458,0.5884652633627563,4.2861774832279576
4459,0.14224808131936983,5.065969835091417
4460,0.4359065413547667,4.920631561219109
4461,0.2659557357040703,4.943633353563266
4462,0.2920365620407481,4.718332249337385
4463,0.4913413279268739,4.717747370371761
4464,0.2593394393526576,4.915601148664983
4465,0.2550187102292645,4.627288205704385
4466,0.19441295330205355,4.83741361822374
4467,0.3330710161945065,4.732799164723183
4468,0.23671245953939168,4.81551998228845
4469,0.4219764841762801,4.7575516402796225
4470,0.34263838627019627,4.6269393055468555
4471,0.37164701555818946,4.8928317000702926
4472,0.547127814520818,4.748324244922788
4473,0.2121587668478293,4.747072147574221
4474,0.6772335831364638,3.400430393461318
4475,0.2912646085589321,4.8131631526169105
4476,0.3163667338610714,4.36365442959775
4477,0.42754783471688595,4.87685611478363
4478,0.13960565880831544,4.86526884404924
4479,0.3749923355137439,4.620798829895607
4480,0.5439022096721493,4.933827568489635
4481,0.3074956840683174,4.877236230571986
4482,0.39106597938682564,4.835776059577164
4483,0.25618918834903615,5.211336305976912
4484,0.26150198741056485,4.724861153191382
4485,0.21915201566084708,4.863712907725848
4486,0.1240249375932132,4.858212839921663
4487,0.37177638930697077,4.79575673769749
4488,0.711653301150651,4.859691156957524
4489,0.23294983197822616,5.0
4490,0.29835051391179923,4.788521136167665
4491,0.2678755452697681,4.801967735670383
4492,0.5211632952467973,4.822120346211252
4493,0.20309866614873706,4.861088189641283
4494,0.509319339415345,4.405637663332218
4495,0.21975978599085622,4.669442006350275
4496,0.1475475550914369,4.812873334673675
4497,0.13429470745430838,4.849877008549042
4498,0.2661259558157343,4.897544113587005
4499,0.3728699872793191,4.835458718056129
4500,0.24169901018150175,4.603152812907743
4501,0.29703371088611163,5.013967843489704
4502,0.36314810715507084,4.876040397089634
4503,0.48428003421143595,4.726046407089823
4504,0.3573840002717521,4.693082654520975
4505,0.2903441367827684,4.469402715768664
4506,0.43709719869517527,4.6377076122420124
4507,0.31887638010712793,4.6930805208284365
4508,0.3432752376051631,4.818688340617534
4509,0.41919707981254817,4.865726261806174
4510,0.500629477629368,4.9796922378240005
4511,0.4433125450791302,5.007596830057404
4512,0.37899883552723157,4.827516072337659
4513,0.16512749851366126,4.74380092028043
4514,0.46888250400424614,4.805444794463565
4515,0.48097665609777374,4.858582352112846
4516,0.19109344108197024,4.748660772571789
4517,0.24740542351719874,5.026239656703444
4518,0.5308478570306838,4.785040945102406
4519,0.3988765047046401,4.8529504185263495
4520,0.4065412229406893,4.672104958552783
4521,0.44256399882676223,4.830057413256643
4522,0.5072568398905304,4.842334372440318
4523,0.2753807388115166,4.7196111512034555
4524,0.5050271738347458,4.748390999196825
4525,0.5911436248165232,5.941009104810844
4526,0.2540243101076458,4.9345968189282985
4527,0.26997650554270836,4.779927085832831
4528,0.39647118087765465,4.655997210758951
4529,0.2908699159929704,4.840559210621587
4530,0.480429054898758,4.785210748541662
4531,0.3514094656461586,4.68813246454765
4532,0.5612318899387565,4.825292054619075
4533,0.15617572086290776,5.558952546201725
4534,0.2828078192852026,4.6947164765529426
4535,0.17241685388861616,4.830472871658156
4536,0.6027351739626103,5.012812631241053
4537,0.16309566579777135,4.6404347010424285
4538,0.35509823213923886,4.739802466973391
4539,0.529999813467747,4.764409982236986
4540,0.287232572778479,4.914298066295437
4541,0.6481521121088829,4.564784433752633
4542,0.1885731007627256,4.866866993088523
4543,0.3782995089395942,4.701323650024376
4544,0.579524151062774,4.577113233300336
4545,0.34985593697533424,5.22413849492966
4546,0.24148945985830972,4.9697369793719215
4547,0.45396646547595965,4.719053437280474
4548,0.3003044158346113,5.106193434260167
4549,0.4270414203123387,4.790328721446011
4550,0.5019303976243097,4.408191170543123
4551,0.579528254067637,4.905414053073276
4552,0.5237797988855886,5.227987649054127
4553,0.3914709496470987,4.875370043484857
4554,0.3828895448687537,4.618249334466524
4555,0.3319378258361545,4.705300315813021
4556,0.3466093490522666,4.827742501046446
4557,0.37263982968321097,4.307563727411745
4558,0.3425731488750783,4.827388874047456
4559,0.3873599067330087,4.943156859253648
4560,0.32469821715411307,4.854928476505798
4561,0.21314453290746838,4.762271619156353
4562,0.22088029319670466,5.152226820824506
4563,0.20266966454598823,4.7992881088654915
4564,0.386143871999165,4.74277705031052
4565,0.3412381459571212,5.283481141825979
4566,0.2156339280368389,4.824493273787445
4567,0.4294045265957134,4.771224603719437
4568,0.4287140173508346,4.8938300953973
4569,0.3385040832201214,4.498521168583665
4570,0.28393184305641417,5.1105957256742585
4571,0.19198092128780964,4.7960891776392955
4572,0.48471525013661143,4.837133251030439
4573,0.3639582272155646,4.833832619917038
4574,0.4331871147371409,4.704897660042393
4575,0.38971533191221264,4.773137541269179
4576,0.20323802902796517,4.790180061207581
4577,0.25504688047166235,4.730720231580605
4578,0.5302053538642295,4.702713882335576
4579,0.23340692226400872,4.68571372173896
4580,0.36868216738416715,4.910544439576094
4581,0.27836649180084594,4.63555688825954
4582,0.1413084983914572,4.846091375215957
4583,0.40744097994305606,4.872909250174482
4584,0.29416941433018895,4.836504948229523
4585,0.3090562847336631,4.769424251502805
4586,0.5577185413865009,4.8229326912662085
4587,0.32428227968557444,4.878155990341542
4588,0.370458226180981,4.838263969439955
4589,0.23529572771897156,4.697003771216952
4590,0.4872442038808926,4.743254083858384
4591,0.24999315496020502,4.7467839956430335
4592,0.34548644923922844,5.049026651331721
4593,0.37853648525127825,4.800923794400598
4594,0.40782877293718967,4.6846254803695775
4595,0.4636030900755075,4.846407363704932
4596,0.6063809157245714,3.7570347382726776
4597,0.48311756422726293,4.803089378765835
4598,0.4229429730540004,4.705586750237316
4599,0.400055465038188,4.494526594068562
4600,0.28629836794775665,4.784053880787225
4601,0.9299428718080534,4.634591800664616
4602,0.3573370436277865,4.839190786858847
4603,0.1777208668554051,4.877992275584422
4604,0.40396843031593654,4.780525828000979
4605,0.49894782795348114,4.77086950429535
4606,0.40781356253503986,5.9728965486166885
4607,0.3409861956581439,4.749755990223408
4608,0.3588292294106388,4.746306271850065
4609,0.4221761482151307,4.737346631195196
4610,0.4795281362622892,5.149193156000358
4611,0.3863237379419666,4.47258968254495
4612,0.21691670761311777,4.600698975064885
4613,0.35049858556383673,4.87284988560746
4614,0.458103543919429,5.031482380285066
4615,0.2953810623280828,4.773527481803699
4616,0.22975741857309018,4.724244770691897
4617,0.47134689499210847,4.829116761652381
4618,0.29385494228269016,4.789902625843556
4619,0.6204577524056201,4.77962229240152
4620,0.3730084913169649,4.680178453802641
4621,0.5011538541643827,4.857865303412341
4622,0.4363909866607574,4.940368256561571
4623,0.46899850741749227,4.934044923194163
4624,0.2792951357743836,5.2543231047073125
4625,0.2230881791481667,4.853577808821754
4626,0.2606627847019425,4.954207613343771
4627,0.21061121281696726,4.7970718183677
4628,0.4478950942430928,5.2583881638734375
4629,0.28243701679223054,4.718719602667534
4630,0.46446927237852376,4.815117564013747
4631,0.4703370971999339,4.676623070681245
4632,0.3369953155180574,4.774858812503142
4633,0.3823562155460949,4.77169258484154
4634,0.3903069465830489,4.707958021602057
4635,0.47456443167142615,4.778445134286615
4636,0.3144491029976755,4.353856731006935
4637,0.3189443537583374,4.585316765697804
4638,0.5007496081814913,4.451090148421617
4639,0.30590657233998075,4.552745315878699
4640,0.4902406271419859,4.640755268449368
4641,0.30876303863532195,4.781182937595698
4642,0.37892705160896334,4.704103529291919
4643,0.4408852444566138,4.7833047532108
4644,0.3244763616635089,4.785129268144566
4645,0.48572380023744754,4.676077468742568
4646,0.6408449081306293,4.644543357465922
4647,0.2329501023475684,5.0
4648,0.3816019288080521,4.70852711323789
4649,0.3392409505578484,4.740795676022387
4650,0.2608589895117084,4.946622486466765
4651,0.4321806069498262,4.502486945566897
4652,0.3359005999834159,4.73404090618029
4653,0.2458224076803175,4.6826654907146015
4654,0.26337980975651254,4.739421014004872
4655,0.2569825405486046,4.873014781346212
4656,0.27406964929280075,4.666639550879941
4657,0.26995718994810725,4.793020884418988
4658,0.4188167221594339,4.729254747898919
4659,0.5272488165430733,4.826129490933511
4660,0.3564821618988727,4.877505347801092
4661,0.31367619239816036,4.904847073844607
4662,0.13618648767061314,4.714107617654273
4663,0.29409305343329306,4.730580341669457
4664,0.37998504939545374,4.835497319452671
4665,0.14117663545038361,5.591637495848394
4666,0.28088470809350596,4.673860129503273
4667,0.36530265637159465,4.748701955893626
4668,0.30623526943101176,5.189840177752778
4669,0.29410129531299156,4.7652719521463816
4670,0.5586634058465612,5.046405689899034
4671,0.2681034456107594,5.0516596253290835
4672,0.4974966358747981,4.750122440663214
4673,0.5559521000369663,4.781529146010612
4674,0.4434747437188642,4.351685311775357
4675,0.25570819374160036,4.74490141536271
4676,0.5224390672433024,4.776414121206507
4677,0.28052563612140524,4.7726062024759575
4678,0.6553907213389554,4.901467520447538
4679,0.5280999762417826,4.790448499974085
4680,0.39312823257987284,4.79155723324487
4681,0.29094440077049066,4.790665190673504
4682,0.2934222370737012,4.352551857731184
4683,0.23295022871606674,5.0
4684,0.6172436681330691,4.8064126613733205
4685,0.42384218293100906,4.557148763837731
4686,0.3883643748494421,4.829598239945145
4687,0.47509434307214105,4.7709999800911795
4688,0.3599242649954473,4.6354072992442585
4689,0.27141583643463196,4.905639032024425
4690,0.4239085330658603,4.828270933230705
4691,0.28192989808416224,4.794771785377714
4692,0.2327066495604866,4.814461252325062
4693,0.32975177150456325,4.823938767282989
4694,0.4529886948339108,4.748091052239545
4695,0.3279246554741855,4.8329411407139755
4696,0.44064816354278546,4.835717173204426
4697,0.4642755798578426,4.747345481690095
4698,0.3429476204235091,4.762439225477744
4699,0.42508431413966985,4.661640762235564
4700,0.3218035236362966,4.553618346169683
4701,0.22935185587247497,4.841168981163282
4702,0.3043507072257712,4.601492561022269
4703,0.5831425852471634,4.647033620693888
4704,0.30299434567139283,4.793389763035494
4705,0.4934304755525485,4.80070809420992
4706,0.2755514116386566,4.752838234900114
4707,0.15405701059605437,4.80226157093762
4708,0.37940473236205197,4.792175654955413
4709,0.21838582599808443,4.809242806638121
4710,0.6369523181525274,4.868544561911534
4711,0.3049291904890743,4.8745477184909
4712,0.19253519107338368,4.760042920787271
4713,0.3305817174557988,4.73933958404011
4714,0.5910829309838774,4.42355378588057
4715,0.7774995453805835,2.9881514933572006
4716,0.5230752987439953,4.630830500267793
4717,0.3665342690829798,4.747260494189245
4718,0.37652031890225013,4.787094850774238
4719,0.3442383566170273,4.315364712599958
4720,0.3084580480475214,4.821111933998159
4721,0.3125362115853014,4.701480437231593
4722,0.2977493356203764,4.247660315952935
4723,0.39051396241470737,4.9808076960475045
4724,0.5492830445873689,4.975971828981782
4725,0.5250021897191166,3.598251474144467
4726,0.48597786802664844,4.478701464244672
4727,0.4061905777925585,4.925171604067549
4728,0.65867183728085,4.76369764869621
4729,0.45124134671714144,4.723893535050214
4730,0.3924950752173433,4.586455472682962
4731,0.37037925767956636,4.511537683537394
4732,0.28300551963723786,4.608168419861061
4733,0.3318603223294252,4.788015948326807
4734,0.428640570822874,4.641355897952462
4735,0.33891381733659953,4.448609899029128
4736,0.44624128224690285,4.896519367284915
4737,0.5087577124108131,4.764589129718901
4738,0.40246623712913965,4.836955344410034
4739,0.4278618939894727,4.995950242853073
4740,0.4404404066562231,4.81767692255346
4741,0.8776994267434324,4.913983340948747
4742,0.5459939586820526,4.707965502586147
4743,0.29187395367726143,4.704818649554365
4744,0.3862385536348354,5.597077185205626
4745,0.4404718490024724,4.784202799160475
4746,0.30137412717675405,4.777266603570096
4747,0.2268367399470712,5.038383529210186
4748,0.5894589476228398,4.856638781018532
4749,0.3706884832367212,4.7559997345669025
4750,0.2974412557934083,4.80061893449907
4751,0.6627237665777654,4.62067475304254
4752,0.2795028679101621,5.0886570888275084
4753,0.15744028478484917,5.688633144272819
4754,0.206341921557617,5.1199193192400205
4755,0.16267523440183118,4.587464030534187
4756,0.2037610201995329,5.1022711804681276
4757,0.14583527573742316,5.035147969294247
4758,0.09822746646952119,5.085169297327363
4759,0.14390372912101257,5.069417144949142
4760,0.19831134803818562,5.040397864068957
4761,0.13309986222589132,5.067829316223822
4762,0.20546957431676682,5.079293705478909
4763,0.16957584429665085,5.081216874850192
4764,0.19740002058473216,5.065309519213601
4765,0.2722441779586253,4.5974782576645
4766,0.19865371393042053,4.938157892251187
4767,0.2607840706444575,5.108307304707855
4768,0.1945125948077977,5.0640235074694395
4769,0.2948510951621941,5.112308766979039
4770,0.1506958034872664,5.08799989945266
4771,0.16060642780072287,4.4424294627417815
4772,0.06882986785674694,5.114750855456878
4773,0.12117184620388421,5.076151774347766
4774,0.15557479256357232,5.115763316431536
4775,0.17557566754838216,5.0730517896643335
4776,0.17804824392826835,5.133219305189138
4777,0.045867583654983446,5.046978537506828
4778,0.11837736593739168,4.659341078599031
4779,0.21113419852509874,5.547317170015865
4780,0.18835842869572839,5.0866817185928515
4781,0.1321018948202779,5.103332247317516
4782,0.13224346828122224,5.105026966162818
4783,0.22027426908933745,5.034047340071943
4784,0.2421218508076164,5.094114903598852
4785,0.22008870123672797,5.13843662126269
4786,0.1168856136174341,5.007908411242941
4787,0.19235048914621367,5.096746559972258
4788,0.25026042533688186,5.079846572329556
4789,0.1491072943254268,5.149361856596331
4790,0.1762683570547967,5.131046248645701
4791,0.16472184768093878,5.093264062458287
4792,0.1273330988388166,5.069527912398684
4793,0.1170657518992313,5.079420390959877
4794,0.18073729269306016,5.096433376216307
4795,0.18016545382792604,5.139808669628083
4796,0.2096009803377128,5.117028138052415
4797,0.1496986125994224,5.057048566895004
4798,0.28199809480598326,5.093144312463336
4799,0.21453141657356178,5.160704916858343
4800,0.1862107949022649,5.075490158542513
4801,0.11915720443090816,5.113786304619934
4802,0.34038393814751067,5.135981571993691
4803,0.1617130446762466,5.084030485332978
4804,0.1506670972265729,5.098719208397915
4805,0.17358014961126011,4.868320183669072
4806,0.2578915337767955,5.100604652352638
4807,0.08390116021309191,5.020810544608709
4808,0.2582302257218704,5.045297317589732
4809,0.1361914932791095,5.092901597291606
4810,0.19665531249274126,5.063284772488963
4811,0.19925903878979323,5.155983168007392
4812,0.23045211130212895,5.100127865007362
4813,0.2914436049128205,5.658713146875689
4814,0.22328744415703095,5.114973458149921
4815,0.1285943902794715,5.1296327152618915
4816,0.15927465570819777,4.9718359986368466
4817,0.4260025108639349,5.107665227206999
4818,0.259734150435073,5.109467932873564
4819,0.16194870847198273,4.751438913910286
4820,0.12759513256574295,5.037397779237329
4821,0.22763003715025187,5.185780057730787
4822,0.26504073889771707,5.095292613919646
4823,0.18072897369497531,5.096762423901664
4824,0.14310931225096635,5.657777794419161
4825,0.1791124042652379,5.088501704152399
4826,0.23045315744931671,5.231795919320152
4827,0.15476831793838774,5.108539009885025
4828,0.22582665316093697,5.005215428672631
4829,0.11897589763034311,5.060090420344077
4830,0.16562721773827427,5.104953275884254
4831,0.2321199778984835,4.946122026442472
4832,0.09925290596322434,5.02439300356702
4833,0.27477735967134254,5.118290690742002
4834,0.16198953112772863,5.086124274736035
4835,0.24511367665068318,5.130012593332598
4836,0.30786707969070815,4.48557733964547
4837,0.2775474807520403,5.073115616934896
4838,0.19070395333492485,5.1404671365943155
4839,0.19460810189978817,5.13311492686932
4840,0.09469627422927451,5.0860239181443045
4841,0.08942618647868805,5.130563166200419
4842,0.11768817437208012,5.006604211583561
4843,0.08095082263277242,5.0966108277609035
4844,0.13729722468844519,5.072821885243153
4845,0.11782894719138626,5.110624714192502
4846,0.24510730074861797,5.125637948894557
4847,0.21527529578144244,5.062656804235903
4848,0.13282971203986316,5.197819452382779
4849,0.15543420013934972,5.103787488890337
4850,0.15236545687197045,5.605919371153716
4851,0.13661617818602623,5.210495118742413
4852,0.14086181089246574,4.873229142363664
4853,0.11383597021682057,5.1200095140294355
4854,0.27861415374795984,5.124596297793458
4855,0.1530498197681034,5.019978525832114
4856,0.25747119512146965,4.912956651836273
4857,0.19738421840564202,5.0380215876243994
4858,0.08015019275161661,5.074079291579201
4859,0.2351580544158991,5.017371062644793
4860,0.19602713706767405,5.1134175412970695
4861,0.22849646480566088,4.918705937072474
4862,0.15215146379036149,5.11350346299432
4863,0.16179943192043544,5.261399707197949
4864,0.143989669398209,5.07317656327257
4865,0.18941706479848053,5.044335894637273
4866,0.12725664854326613,5.072602126077426
4867,0.22811896150141098,5.17442736815414
4868,0.12145174630904387,5.123202729798111
4869,0.10635781633034802,5.082625295283378
4870,0.15420329840501634,5.097755542101341
4871,0.15203776906829147,5.004610861213692
4872,0.191664763975951,5.164605310332053
4873,0.1448243341789055,5.032180676555118
4874,0.1461459126757415,5.000290308144555
4875,0.2356933217732502,5.111896398566005
4876,0.1230664272148787,5.070403137083206
4877,0.14767334433506463,4.999504638391237
4878,0.05022564475541236,5.084512635893326
4879,0.14841579418990192,5.007331676166782
4880,0.16686136563934983,5.4477674158837175
4881,0.16476587662441167,5.4277119109857885
4882,0.22794079973507353,4.968449737726814
4883,0.1727610862574126,5.116377370064491
4884,0.09344809720984837,5.122349226222429
4885,0.12180118935285988,5.076300182324722
4886,0.26239293221316207,5.165998481630103
4887,0.12312868012616995,5.140208299668689
4888,0.24122781899278767,5.115139325954621
4889,0.25327842115064103,5.173964207124477
4890,0.2776694178003265,5.105567227339858
4891,0.08101931761482428,5.135218485115809
4892,0.23295120062870234,5.0
4893,0.2456202386765174,5.17183029306465
4894,0.24446769140001656,5.1121175494361815
4895,0.3228706948621993,5.137214733122049
4896,0.183300630752272,5.110047575570826
4897,0.2147387228880181,5.136925234966165
4898,0.29487860266777866,5.067293960096624
4899,0.1714081535401647,5.095382552087697
4900,0.09453811953557656,5.124425403230308
4901,0.27273326398208,5.083719004977549
4902,0.13298754832580995,5.099374619234638
4903,0.13159170082750526,5.128889768152876
4904,0.32840142608259404,5.113936860846726
4905,0.12347511322688676,5.027691567724926
4906,0.16146951744136429,5.219713208647443
4907,0.2043470305946461,4.934238614895889
4908,0.13257742223449664,5.155207795677743
4909,0.23108356635534877,5.102635278749066
4910,0.16690980057528038,4.972716795894074
4911,0.20956931779826504,5.144690080299235
4912,0.14472906619909276,5.161210495006072
4913,0.2612909923152239,4.854482603985737
4914,0.16517991715817915,5.0861457397128085
4915,0.17706780274085676,5.062771790446776
4916,0.1891612939086298,5.042818388150412
4917,0.18049291283675872,5.071112924863952
4918,0.19172168290472535,5.076329597671885
4919,0.19570415656874396,5.109237823750181
4920,0.3879483736537641,5.021317411788262
4921,0.21723211223212335,5.23157725616775
4922,0.11503964341269979,5.151009253972303
4923,0.16306557694875035,5.0563421349475846
4924,0.24871180188236885,4.80673005054693
4925,0.08208835608540288,5.084684179486745
4926,0.2779859778908853,5.06231964856191
4927,0.10596518393635512,5.21221960149707
4928,0.13069331813596374,5.05402579443631
4929,0.2560912597367433,5.089788379832694
4930,0.1378357198560175,5.115157192286226
4931,0.2485827824240756,4.933471388149657
4932,0.10311442973858387,5.095385286579486
4933,0.15552490570831434,5.0892379288155265
4934,0.3107731110295866,4.6146605031398025
4935,0.14285595790874595,5.091683932120006
4936,0.10538866699544758,5.111794506090597
4937,0.1137781902186431,5.129992460631607
4938,0.2448426775177347,5.069238315010658
4939,0.1924814766076839,5.076307305130854
4940,0.23294874148257283,5.0
4941,0.23676143331933608,5.0791464124298
4942,0.17634644091745733,5.0881799921829
4943,0.20196356551737127,4.854375199521321
4944,0.3016397729276681,5.107160542507767
4945,0.24610649195408363,5.055351339408372
4946,0.16571638561308344,5.164158904085019
4947,0.17098812119763207,5.070115999165754
4948,0.16476341216791723,5.081632989760365
4949,0.16101981370950869,5.097101847815404
4950,0.13940389900818517,4.975799791391831
4951,0.21156856328875517,5.0419907635582994
4952,0.15478490459665528,5.299416514460233
4953,0.24975427227792713,5.063542805151355
4954,0.21817358816362142,5.528096424133393
4955,0.16174794821733873,5.21273801025254
4956,0.1506866116741361,4.744471887764572
4957,0.3911435330476495,5.0823725836290645
4958,0.26108389026916357,5.082204751915604
4959,0.08465488457781833,5.063784634247259
4960,0.11864116782260936,5.06846073897667
4961,0.1251977105755756,5.355677262775762
4962,0.18570075255050766,5.024678820362176
4963,0.13648030779737852,5.081016575308519
4964,0.21605115121920648,4.971164887824857
4965,0.12556357846518318,5.059368892893117
4966,0.1569341834322322,5.2627079182580605
4967,0.18216676630366924,5.139081400094767
4968,0.4603417405792989,4.55199309626388
4969,0.4334788896860835,4.645189746070795
4970,0.6235622799525902,4.477776627387735
4971,0.4335387006968894,3.553727074565698
4972,0.5437126710239131,4.605877736965862
4973,0.7679871463993044,4.017395089926357
4974,0.523170178476585,4.124378213744988
4975,0.5501438098754305,4.838136219086042
4976,0.5543614284686771,4.581756572146087
4977,0.4830445006797146,4.303577009183117
4978,0.7163143580690199,4.448087689598781
4979,0.45378977503692575,4.31478160827492
4980,0.5858063420813404,4.551399435766337
4981,0.8079747784062921,4.293681772571496
4982,1.3776637449655729,1.979213813502283
4983,0.8461537510360273,4.4933973034126495
4984,0.6250880539489336,4.2439951972906
4985,1.0335248106500279,4.403367099940372
4986,0.5021949675348933,4.4529617412649
4987,0.47667753681024294,4.140011081625472
4988,0.5594424481240114,5.182302584522569
4989,0.491575309546306,4.461244220056635
4990,0.44322330031963597,4.552221435484851
4991,0.7725294689621087,4.648302404054387
4992,0.6220486746898302,4.441012081612925
4993,0.3153849011954586,3.841843908721989
4994,0.38084919982720145,5.242983289082268
4995,0.5390478730039727,3.4907590879402584
4996,0.7538472232516611,4.352565495428182
4997,0.4428565930726376,4.662716257932926
4998,0.6408997830569629,4.922904970157944
4999,0.6326603431892952,4.552544894006774
5000,0.5663049643168678,4.440047691001201
5001,0.514034793299118,2.8131543405805637
5002,0.4767563721775483,4.573179130372296
5003,0.8189152702548754,4.227148773187519
5004,0.771278017802278,3.9530468241963046
5005,0.48415270919713693,4.4059344221172925
5006,0.43750708975787367,4.656044812093683
5007,0.6179321322854787,4.610698845777348
5008,0.5404395333761411,4.334906522874817
5009,0.7335712175130764,4.448741324052108
5010,0.8507536453687004,3.7894481116870793
5011,0.6557476719784168,4.461670558370718
5012,0.6861030523229403,4.613893721051241
5013,1.025778175038702,2.249933094423189
5014,0.7634132229668649,5.01522292100784
5015,0.21280487052485952,4.287015661274678
5016,0.5683307782512976,4.484493922898718
5017,0.8758874423215413,4.445566378267882
5018,0.5733862673832308,4.628525623137483
5019,0.6149474392869214,4.439155671953765
5020,0.30614243018936493,4.288883252310569
5021,0.4170064658069159,4.1041203061538845
5022,0.6798171377641284,4.660376790983625
5023,0.13024612312996897,4.54365009477975
5024,0.7525288356280209,4.329845682520155
5025,0.661116696954088,3.424124019441779
5026,0.23295016928699397,5.0
5027,0.5780487908187553,4.523098950663975
5028,0.7905784391563144,4.245115354700708
5029,1.1225347579155938,4.60014709279136
5030,0.8707302430248745,4.132466814483768
5031,0.859142476677965,4.542354397909234
5032,0.7006062114217402,4.443511890503107
5033,0.7836812959664834,3.8719771990956353
5034,0.6953489089558884,4.327424282982273
5035,0.363753281259688,4.855845405718817
5036,0.7028995488625336,4.61149303393662
5037,0.8412347392537325,4.379469251992392
5038,0.623884564575448,4.398205389487897
5039,0.39619208213291124,4.131957315044152
5040,0.42426023580736283,4.502818522505283
5041,0.7201526094708766,4.4166202075144145
5042,0.6579499659560204,4.772552535893713
5043,0.7128853700408908,4.458289700377014
5044,0.2797803150379723,4.254652019820426
5045,0.609829907027228,5.2897499332177755
5046,0.9148306914773774,4.674607508513873
5047,0.4090146492302078,4.73155659360037
5048,0.47537488126443117,4.424959018491474
5049,0.6399167874995104,4.345102165570998
5050,0.603206812966778,4.28604518017166
5051,0.792522153256161,4.325016059955473
5052,0.8515236405609761,4.22989238660155
5053,0.6377283724067051,4.605940362332062
5054,0.49666259906764854,4.468388731154089
5055,0.6338729530365752,3.78746866523171
5056,0.7014294189241572,4.541906287810251
5057,0.3710585483405384,4.5994817167161095
5058,0.7001060531372447,3.201447855559234
5059,0.257176339720361,4.547513628808391
5060,0.3660966513883608,4.306205724148864
5061,0.3300868079469357,4.416030341559027
5062,0.37271007162529024,4.5715746608532815
5063,0.7914252452729942,4.119716443483714
5064,0.5628140688772132,4.3089076712049845
5065,0.4432332957986107,4.555659625001214
5066,0.9192404747317893,4.228367960338595
5067,0.7644665261991257,4.371586604817752
5068,0.6845970340065421,4.734496580258103
5069,0.5295840249659527,4.202305794366152
5070,1.0697860732547149,4.313836725849436
5071,0.24687249771571596,4.665474039330562
5072,0.6395430195161147,4.554993143670298
5073,0.5301436307739777,5.503408419846645
5074,0.7701849004101149,4.348950413631902
5075,0.9171610954503961,4.17002578516847
5076,0.5589617239067097,4.652278736008757
5077,0.9893289378708947,2.9716155740239447
5078,0.5042861886980652,4.358459897360305
5079,0.37679157707842714,4.126229166976065
5080,0.2152690066011438,4.180555270986721
5081,0.7536590493810666,4.751792897161602
5082,0.3352236923931824,4.726629787968317
5083,0.485695181012753,6.423895359302678
5084,0.5692518197886005,3.0987653533720128
5085,0.3054075334402868,4.827258665317542
5086,0.6598711078493511,4.198060604091189
5087,0.5795811704799663,4.64957186377382
5088,0.7491864329994598,4.54105982994915
5089,0.28948240841434725,4.957720153717915
5090,0.6844297607674967,4.25824452653444
5091,0.6572721573436655,4.5758590751994355
5092,0.408434983014049,4.403729916346153
5093,0.40347897909429875,4.422981433242565
5094,0.23294982400735087,5.0
5095,0.4631436537494067,4.8925312551811295
5096,0.49351203955195855,4.202384951903593
5097,0.30107887460912997,4.262817494617934
5098,0.316948446688599,4.008671819077962
5099,0.4908302994009044,4.71449322706154
5100,0.4753161186833488,4.692021721579707
5101,0.4359337156964056,4.579103310900496
5102,0.7543551644460953,4.240078263767533
5103,0.4600965436505602,4.7476486561103926
5104,0.6809761686742504,4.361019266134782
5105,0.9557325875740315,4.3480689746468215
5106,0.42682987304318765,4.609938138383471
5107,0.2157194642170257,4.360668531833971
5108,0.6787275639441157,4.2487190515668605
5109,0.6325261221596259,4.523723763162755
5110,0.4117098947283133,4.103255619704278
5111,1.1188091425955928,4.08036737950602
5112,0.40304106033343334,4.290902976749491
5113,0.38689858448753744,4.866490530871381
5114,0.7620501106680204,4.424534406315832
5115,0.5311088236669739,4.456617647852337
5116,0.5665693393345883,4.793784135015944
5117,0.7576494044428599,4.374964211662418
5118,0.37041900196742006,4.416157085454797
5119,0.6399276800252145,4.353100366895086
5120,0.9148802628133286,4.438580425244307
5121,0.3987186240033447,5.1994748971613625
5122,0.8482275297952038,4.430159773019131
5123,0.6189280376622497,4.26850840630145
5124,0.49024985282896294,4.484530375602391
5125,0.890573640511974,4.140998274548364
5126,0.6646157129342023,1.9334609930660696
5127,0.7428395929456473,4.514309339780382
5128,1.1073926867631352,3.218441925226303
5129,0.6488790308701375,4.386190310450742
5130,1.020359550962481,3.968571009612525
5131,0.5240061606899022,4.524973684089666
5132,0.2913452479899661,5.894940781430398
5133,0.4951258783550987,4.242177482211034
5134,0.2828804749386675,4.333197378727656
5135,0.6730104564165922,4.3333109487242805
5136,0.5059305774174336,4.880219559285859
5137,0.7939039236380272,4.336492021910967
5138,0.3542965197586483,4.481286319620823
5139,0.5600742492263988,4.619761056810487
5140,0.6299978612108772,4.379113405662212
5141,0.3526851362096579,5.836151207981493
5142,0.8699577556513622,4.1333168895169425
5143,0.5213321912331224,4.473593782107592
5144,0.2885023148508945,4.6923693946529
5145,0.9402051961833195,3.5666067489639275
5146,0.5009516232497631,4.436598706364165
5147,0.4076257229491129,4.592497125978348
5148,0.3318410807673571,4.494884016414407
5149,0.3749292497019088,4.592177783851721
5150,0.803084036867086,4.254018408893332
5151,1.0474652320645892,4.3282928081960925
5152,0.4483114171357654,4.589148534430478
5153,0.5904928246368026,4.645725925514661
5154,0.36866398777114595,4.4821647632818
5155,0.8650002048552969,3.4219345098151166
5156,0.808367765600122,3.596046193148741
5157,0.5342038286438231,4.31466477652803
5158,0.34942783592045235,4.61657486189103
5159,0.7831176871546028,4.263634131370209
5160,0.8033236841271076,4.449861726911104
5161,0.4694333704504916,4.559674037678931
5162,0.6207909844603545,4.70378345126738
5163,0.7110533601537852,4.427933256407437
5164,0.5656440043048172,4.240930562314764
5165,0.6948519437414609,4.5381704659222954
5166,0.5895951391324554,4.856672272935159
5167,0.8469749549292138,3.056365848420981
5168,0.4894298985453629,4.768870843887001
5169,0.7830299219505137,4.407716938906585
5170,0.710477097060032,4.535285329180034
5171,0.6876240716871269,4.347509258178492
5172,0.708828900489511,4.126320604372502
5173,0.4120947722816668,4.431403726535548
5174,0.8165186123169828,4.215716523950768
5175,1.501231089474464,2.407611055475871
5176,0.7532452594916537,4.614057244846483
5177,0.47080809922479094,3.967647516715891
5178,0.7315682967616479,4.577907259160359
5179,0.6045152267283225,4.096434189010472
5180,1.2528362850602557,3.7442822604185544
5181,0.695721795727501,4.347798477501872
5182,0.4153157382065622,4.471245833357775
5183,0.5213741007474395,3.9836277449528357
5184,0.20013194242626997,5.110133284631413
5185,0.37942730343265696,2.1409142133386405
5186,0.30802607890318123,4.947864037455316
5187,0.4763189338094902,3.493250564409176
5188,0.19568271699268602,5.177698465720626
5189,0.297851806639313,4.777514076017857
5190,0.2259201628861699,5.3465922569473
5191,0.15003181484995753,4.565882075176102
5192,0.23314538961988474,4.704616575408949
5193,0.18747677616794967,5.103385666910798
5194,0.20645177978599216,4.907726892376321
5195,0.1912049519239738,5.332022086056618
5196,0.26448767581068133,5.327608343733967
5197,0.27572364363415314,4.964868232259683
5198,0.1729078670441977,4.923586906462338
5199,0.17224362334207632,5.383911553463685
5200,0.18464176096390394,4.965048681648403
5201,0.278382962085024,4.867142022525757
5202,0.24026005305487197,5.323597830664122
5203,0.1906788238769359,5.006136239795316
5204,0.17583979024446195,4.8200597847555215
5205,0.19702361113521327,4.998096579615243
5206,0.21085886431967182,5.081390463081075
5207,0.1148180995796908,5.153659317314023
5208,0.36525622987199813,4.56984511140746
5209,0.10693674848689971,5.245973183086408
5210,0.13277360346149059,4.794323393850348
5211,0.15380364619308518,4.900515000570778
5212,0.1368407820166817,5.177264711803176
5213,0.20292561847892632,5.405357549829537
5214,0.10928160391198816,5.12248545096714
5215,0.16784247964550802,4.91180313667865
5216,0.20562105246927898,5.247493025722534
5217,0.32245320374649433,5.069690940663145
5218,0.18566054242191687,4.98730919507735
5219,0.23556589931512995,5.523212628122032
5220,0.2447812620859926,5.1460657323100545
5221,0.1546413639983839,5.193565808493208
5222,0.13503513720096194,5.084962106830222
5223,0.18013066257407018,5.975718075498824
5224,0.22386753947532823,4.938550211094368
5225,0.30450267557128274,4.746109757851906
5226,0.3347696532562161,4.757665503698734
5227,0.26547211928455106,4.679468726387981
5228,0.3290177586437759,4.833138168933528
5229,0.2179045946433822,4.81253965722078
5230,0.3413223950278581,4.974447843908001
5231,0.1601384131381487,5.562753530295046
5232,0.23414698362734288,5.651993259427828
5233,0.2546348233469571,4.796123548032618
5234,0.16045261976764147,5.049633962788267
5235,0.30740564904531165,5.336272841729377
5236,0.17010968337127697,5.521167779107872
5237,0.1574239849908099,5.137775657040855
5238,0.16718452118140537,4.845507627493406
5239,0.1260059093614021,5.05236659707653
5240,0.17883101073301955,5.079517120100467
5241,0.30236627536871996,3.9247311079896985
5242,0.21388402569553877,5.133803192919206
5243,0.30444905168945025,5.155219635088768
5244,0.3068848286984014,4.535253449153744
5245,0.21628344714596137,4.8705973314111795
5246,0.30733716880388307,5.032500441537193
5247,0.2662905306548471,4.748920766998355
5248,0.30199809905741626,5.40517188561541
5249,0.1751816018667236,5.324633502429998
5250,0.26909412262932864,4.690171784264789
5251,0.2811127545150154,4.919379547822134
5252,0.1922850862439407,4.963034147162322
5253,0.3215476859482156,4.15821277501089
5254,0.24917666028419982,5.224054402569589
5255,0.27615186082540055,5.271308845949347
5256,0.23295111686848236,5.0
5257,0.1300812494496526,5.0788098143816995
5258,0.1511431815901707,5.916806235344296
5259,0.2649493102204834,4.958085601820406
5260,0.14674493732863136,5.158396217950996
5261,0.11691219288086807,4.9591031258587925
5262,0.2600396103808851,4.931186108967731
5263,0.25459052091381373,5.761677894135131
5264,0.27709878440715374,4.9605022302937485
5265,0.10559564308503466,5.235813657445396
5266,0.4561866721792156,4.671482595223528
5267,0.1803177637406026,5.005778059820596
5268,0.17546050874089758,4.853370604445901
5269,0.2560743542145645,4.202895655024204
5270,0.2045960810299683,5.48290508737157
5271,0.2814933217073179,4.283788913359734
5272,0.2519751720889414,4.912653797786781
5273,0.12841967848266433,5.077196897893161
5274,0.18088931211268044,5.491577923423883
5275,0.162063114452057,5.233801202556156
5276,0.06493420831874941,6.461618380827598
5277,0.27903783081423295,5.240808068744434
5278,0.14553868057040442,5.442239635697277
5279,0.11141094187037837,5.33915196652063
5280,0.19327144641910765,5.089568387240879
5281,0.3933119183140015,4.487747266088258
5282,0.24796519438681464,5.517548843836098
5283,0.3093079269518433,5.064010039896498
5284,0.18893206277788854,5.09611274989906
5285,0.20410755808850078,4.885875638564485
5286,0.11217712071879427,5.053825430248953
5287,0.12044790832855479,5.154805786428316
5288,0.20877421559981735,5.377161290826216
5289,0.22015931872340966,5.022516947727977
5290,0.1834883371595366,4.990724200778667
5291,0.21380848564438892,4.978214013008158
5292,0.1408344367170784,4.740215270913328
5293,0.25693894306416554,4.990765570548383
5294,0.1215882061149296,4.955332142417319
5295,0.2665410649392993,5.105877173559454
5296,0.2165781682893364,4.925286330740324
5297,0.21276471605457936,5.0509814101577
5298,0.27131110369324163,4.855237287286016
5299,0.2140619830632462,5.918015472641143
5300,0.17309263009655207,5.120347277717396
5301,0.3810493716099539,4.875833616262879
5302,0.1119692815991471,4.087010986371125
5303,0.14328785959990098,5.148485307327597
5304,0.19036037446848453,5.125243766668657
5305,0.2600834942936856,5.470863362888849
5306,0.15824288694235356,5.210334588236218
5307,0.21385710825789617,5.333211226595624
5308,0.2163920456898829,5.242066854344385
5309,0.23295009852742132,5.0
5310,0.1534331897770871,4.990484131749806
5311,0.32154458837532807,5.155782206977584
5312,0.13596267126314587,5.742511586465113
5313,0.27176892670563446,5.264717570405697
5314,0.18278819752599773,5.19423649834355
5315,0.33286251867250294,4.9705400049532145
5316,0.2473745167529584,5.242459730364812
5317,0.2233386471615495,5.380235694517648
5318,0.2092639437554238,4.974995657401253
5319,0.14008318590895685,5.017061015687281
5320,0.19256897403177264,5.227099926731613
5321,0.23679387539668517,5.086547665882666
5322,0.2413634173336301,4.944593519793861
5323,0.3204201659035748,5.109545667650908
5324,0.3441737325680636,5.236657769012147
5325,0.21003424063730702,5.122025566486528
5326,0.31154099437544414,4.983344334588979
5327,0.289397144156496,4.833600309687602
5328,0.28543094508747924,5.05679777061844
5329,0.32456253835824533,4.565566114616386
5330,0.1961081148664119,4.803180562560483
5331,0.17427702533841893,4.965271976375583
5332,0.3458742968067732,5.052097186413889
5333,0.12207534350224569,5.064093996428278
5334,0.5676321451424182,3.2148304053953103
5335,0.18940459892789852,5.099921873340545
5336,0.22309044315261928,5.113628935466492
5337,0.09644788426191453,5.623643860889089
5338,0.2843896620982538,4.6902515666004785
5339,0.2540113091483054,5.311812373062512
5340,0.1345191551228413,4.799257923856475
5341,0.21806846593189788,5.263551253554368
5342,0.3557655207946453,4.871266617875287
5343,0.12701625663328753,5.20460674279704
5344,0.20123139598795958,5.175592020450308
5345,0.2929134008640255,5.025116475405262
5346,0.21453583034972779,4.854108938040653
5347,0.36891976936816984,5.350765601499905
5348,0.2591707888884569,4.919443067314528
5349,0.13771151181652774,5.3095875077694465
5350,0.3661400681936299,4.807412276044971
5351,0.1363617207590695,5.537131566248927
5352,0.06353409098465423,5.673250589923864
5353,0.1682259993912505,4.930183707212397
5354,0.24716953720054025,5.10046235785639
5355,0.2293690332022884,5.139569232552974
5356,0.21981408070694441,5.010314989130125
5357,0.20832989416023628,5.134193138193277
5358,0.17902748279883096,4.476144612399979
5359,0.3416757636041119,4.657707771042654
5360,0.1831605611377629,5.035906291693495
5361,0.17061216598015694,5.175966041220814
5362,0.2319877822273635,5.181422547379055
5363,0.2193373324085064,5.055428024768762
5364,0.19387382002457754,5.134548519825524
5365,0.2406541544993277,4.8608359459968575
5366,0.10274952779992375,5.129115970844138
5367,0.22372960727794178,5.110558221330823
5368,0.1360235619996364,5.0640527707086225
5369,0.18241099530098115,5.5332007510365955
5370,0.19252629765809326,4.980307556134873
5371,0.22710534051644227,4.23407018613239
5372,0.26401241062191727,4.979494196699381
5373,0.4825293007100879,3.0001827680813875
5374,0.3583496729416662,4.217093562576126
5375,0.3480969772641367,4.957729582090016
5376,0.12248228720480459,4.704189428292942
5377,0.17442565390328135,5.164934099859844
5378,0.19425980455322245,5.131315868695054
5379,0.2565289503183168,5.07972063116175
5380,0.08038082151688775,5.775711491409021
5381,0.2711690171323673,4.8524152546531685
5382,0.18824302815308291,4.471557099803887
5383,0.21512079209770896,4.251754249840314
5384,0.22377399353905525,5.088543978107802
5385,0.15970736914735606,5.623389970924384
5386,0.12294492953792946,5.072932376347277
5387,0.24505506465177618,5.062386841520645
5388,0.2844221319677527,5.07876645809513
5389,0.15533090895485846,5.871345838196111
5390,0.13582197173593968,5.1589938900186905
5391,0.18885233471336704,5.05205627569155
5392,0.2863547146205261,4.925472938404987
5393,0.2717243114560488,5.147229502769433
5394,0.20562624840200772,4.893677523873734
5395,0.21859373122828463,5.219772101049198
5396,0.21055464327106876,5.139995295002295
5397,0.10455602015273935,5.762280867229199
5398,0.18844926490714298,5.242439198919513
5399,0.26971501587951585,5.042956241922356
5400,0.3941114803889014,5.004356808227399
5401,0.12463233700361998,4.951240915298305
5402,0.38428354683792976,5.1692382671556025
5403,0.4447567394935461,4.964184477578151
5404,0.22916218096708896,5.071480948976159
5405,0.24322877695064316,4.959851033304101
5406,0.393588584578924,4.962659530228981
5407,0.2329500274484797,5.0
5408,0.5509618622903267,5.093092767501348
5409,0.2937444580916311,4.979744958998351
5410,0.2671313769807344,4.832486662660687
5411,0.23628077460756924,4.822151242471824
5412,0.4163544289444856,5.04240053987167
5413,0.18591528412397618,4.887858047759339
5414,0.2300306459246899,4.782644291229179
5415,0.18791847845568088,4.680597447455588
5416,0.15081810817504349,4.315830065330388
5417,0.3639732823851809,4.788639893817974
5418,0.28819009572106147,4.942772515051761
5419,0.1042546237939177,4.960605673144363
5420,0.228164989677206,4.857005606942133
5421,0.24336894187884361,5.007350050020332
5422,0.2641346293463982,4.89511207185517
5423,0.2934123202644525,5.061235963629729
5424,0.21934731107078176,4.971986604747034
5425,0.10099658885570517,4.898809295675122
5426,0.14576613902227487,5.215152016553404
5427,0.16041527913588371,4.960866713163687
5428,0.12872034632823315,4.9604190011678995
5429,0.2573569253938297,5.003613949316623
5430,0.10791813239049275,5.012517448271847
5431,0.18985974841783682,4.54350325561534
5432,0.45506476481075353,4.856341542223213
5433,0.4040724713126771,5.108169126899185
5434,0.29942442852058315,4.903691637706968
5435,0.11947412304727867,4.977284743531225
5436,0.3137135382657983,4.899082276316484
5437,0.18391036517896087,5.019034735239352
5438,0.23940060018838172,5.009774493191479
5439,0.3428303308887781,4.891833518235904
5440,0.3641967510674309,4.9894466980747065
5441,0.28097766957178627,4.475485723599304
5442,0.3273388201184959,4.891925518091131
5443,0.2783426959474282,4.99557754295652
5444,0.275815590431995,4.912984007076737
5445,0.4540070159369034,4.867208143652304
5446,0.28591886286762835,4.986061724985484
5447,0.13226590074929834,4.962577974888109
5448,0.23772866320140218,4.996108966757911
5449,0.3067077304091115,4.543322570603934
5450,0.33098411694288754,4.827112603894328
5451,0.25974099100993553,5.048872144744259
5452,0.27863340478349063,5.079510243984755
5453,0.17629041774119902,4.894177165522002
5454,0.3610827632714546,4.955314070247834
5455,0.229167432238079,4.944972568424326
5456,0.395380891614008,4.8352830261237845
5457,0.3340768993244869,4.960150400158598
5458,0.3634817340356482,5.021190032249407
5459,0.4521785124214983,4.61136190154269
5460,0.1594326225254672,4.885057206523555
5461,0.3651392145956358,4.944442147137238
5462,0.3893528694060868,4.980482977943961
5463,0.3835683984043827,4.951092788651401
5464,0.29401298540253884,4.9969348026940885
5465,0.30567050511957894,5.062354711093109
5466,0.189312588222321,4.7262287672521275
5467,0.28023803954416393,4.970774554638373
5468,0.1929345651517318,4.886300397965009
5469,0.23295036137946612,5.0
5470,0.4198839000999446,5.019456014076864
5471,0.24455202081928507,4.959018328100386
5472,0.3618845596927682,5.018752322079125
5473,0.21043130574369995,4.972091512118428
5474,0.3695210449406572,4.86193862656962
5475,0.12546088130920463,4.967817826043444
5476,0.08372133676901328,4.945724476845488
5477,0.09985730959918437,4.956474855282353
5478,0.24275167102424522,4.9760844755379985
5479,0.3362576041277072,4.956491631331028
5480,0.19112188260601193,4.922239052435424
5481,0.2838345718519455,5.370186362119238
5482,0.3306751292424739,4.962122986532789
5483,0.3769017104752712,4.924685158970377
5484,0.30904437988149747,5.380513044361175
5485,0.19402456255653666,5.0915779576919284
5486,0.24910838486684894,5.165825929736254
5487,0.20969423071957616,4.949590166971074
5488,0.3387674121737154,4.876825736773345
5489,0.213871279454934,4.921442047420959
5490,0.2756183082959467,4.916737608079433
5491,0.21784760776395728,5.044244197088643
5492,0.28443092497024014,5.039466465914755
5493,0.303620556752896,4.95312384291358
5494,0.20431137274952582,4.960701835103851
5495,0.19343771150420097,4.929550088428893
5496,0.13440252774825923,4.964860966196829
5497,0.28596696523134923,4.929040030694765
5498,0.22859177630267413,4.977844808226841
5499,0.40207186677956996,4.93002362625556
5500,0.28932670311631603,4.892007887277154
5501,0.2743013031006163,4.61357309173926
5502,0.22076640208940113,5.162544241799676
5503,0.12216460115291294,4.908064344079399
5504,0.21036463795633842,4.955534205924792
5505,0.26081895262914956,4.893972137854252
5506,0.15012713666502253,4.8964094921519585
5507,0.1511980197266405,4.933827048424373
5508,0.34126124264111013,3.9318212129770735
5509,0.271333028567768,5.079142743200169
5510,0.2790528447581775,4.863525565994635
5511,0.2935503178469825,5.152330141055774
5512,0.3715324090789247,4.724392895542531
5513,0.4096209009267493,4.932822774190431
5514,0.24616828228656895,4.99346601704822
5515,0.36478443540620664,4.974046201777744
5516,0.2208276283893955,4.975494396297124
5517,0.3104302957260985,4.875451217411113
5518,0.13011457410371685,4.898127748695531
5519,0.2458512669233588,5.009056929873141
5520,0.34697150157679113,4.857585739166437
5521,0.31898101504794907,5.034727135499502
5522,0.19016628090236765,4.999882770885851
5523,0.25959191350142063,4.946106199462301
5524,0.2519729701595761,5.05909515019261
5525,0.160720683126633,4.655742763194439
5526,0.2969737189471404,4.948718263123357
5527,0.3406352770165302,5.010519784245231
5528,0.34423198310001113,4.783920776522983
5529,0.41446787156332077,5.090379985259261
5530,0.35489162570526944,4.985194588423303
5531,0.34176298685075923,4.955187271860346
5532,0.40525378106032384,5.077055051833801
5533,0.1418436087079289,5.318620938374856
5534,0.34139418350244277,4.907542711632136
5535,0.3192848769135195,4.963984401482833
5536,0.2581472271103191,5.034352875360906
5537,0.2841223341886854,5.05039455381997
5538,0.3284850151940666,4.623996322201904
5539,0.2600113497614416,4.985654963617225
5540,0.5015048863681468,4.972362255024336
5541,0.16538432334864384,5.1320159280416
5542,0.42196363742759324,4.841280306743032
5543,0.36803660663267546,4.795564262288172
5544,0.25378941718036474,4.941098668758777
5545,0.1794315247122853,4.950592839342756
5546,0.2851330084700705,4.919147645540534
5547,0.31896554345189676,4.806903830839211
5548,0.30534431475298773,4.84895660602187
5549,0.18382151349989528,4.990404559780819
5550,0.3276635726492858,4.926993135072193
5551,0.2211962521806612,4.919130691876834
5552,0.17207326817857393,4.896368525064663
5553,0.25812033449641514,4.946189559148486
5554,0.3922403294518757,4.913877323326679
5555,0.20054706682563395,6.06935273498177
5556,0.28281602103268577,4.886340641169502
5557,0.23227233170690798,5.015055762657097
5558,0.34441797193848345,4.856914161426653
5559,0.3163013505999295,4.859731817594231
5560,0.32442503175766535,4.898048513191737
5561,0.15810415147028434,4.95512097436321
5562,0.18247809271187543,4.9774889169439
5563,0.4173056150518104,4.958960429491137
5564,0.2684695460778046,4.811650960804732
5565,0.33752776525171235,4.908060429193579
5566,0.27767733362326363,4.279482844803288
5567,0.17173866717186237,4.7651253090827606
5568,0.16979281180121086,4.994615301332068
5569,0.30619216664621307,4.879931078404205
5570,0.2869555685575924,4.968014122021334
5571,0.3047004513395921,5.067172739139814
5572,0.297763044717982,4.964681833772753
5573,0.24252145422736193,4.974221955724953
5574,0.19552043996821955,4.9343961099500255
5575,0.32376393419837846,4.964049851677963
5576,0.33322628562043644,4.9594510083479015
5577,0.22648429777496637,4.963675460713821
5578,0.19966738868892042,4.988548122997987
5579,0.34196600788865705,4.929054570149942
5580,0.19468741912047038,5.111551117880113
5581,0.2938440883515925,4.963860675451821
5582,0.2110358417142273,5.004915009735518
5583,0.45745686071311575,4.968568767431263
5584,0.2255576421786918,4.899373848598749
5585,0.36813166351040527,4.9671131233233545
5586,0.4988559111038391,4.920336433711929
5587,0.3412445971340874,4.934037445226194
5588,0.28635749644856023,4.52397475899363
5589,0.28833712056818794,4.929572179558326
5590,0.3276090729082781,4.972442517479605
5591,0.3399546749777018,4.769468228821028
5592,0.23698649914520242,4.913054337858229
5593,0.19317664899224285,4.970003978879678
5594,0.45156328403016555,4.8716953811038
5595,0.3201240595214967,4.897915721483637
5596,0.20301907168706101,4.913377947746547
5597,0.31714813917935536,4.914146533113897
5598,0.26237630906262654,5.60697329703598
5599,0.1938557504454539,4.903927350627573
5600,0.2975919446076045,4.893801010621397
5601,0.31603908626854094,4.940576991527292
5602,0.1802739429386797,5.047866015465088
5603,0.3347594310106854,4.917736811508844
5604,0.3641208259004338,4.967873779466432
5605,0.2788324724660789,4.983735876106374
5606,0.23650043238638974,4.944536061512146
5607,0.24043092436336688,4.959903992361792
5608,0.26987853962545283,4.856223481325186
5609,0.2682376016875836,4.942476890451797
5610,0.3594505865374924,4.8927738394321985
5611,0.234319840239275,4.905405720231615
5612,0.2344740435214061,4.958942977233587
5613,0.17818773391250753,4.990585290251488
5614,0.3541157471571148,4.739381392599595
5615,0.28628806996512357,4.191357734343093
5616,0.22449989840501117,5.082494108851225
5617,0.1441939463106553,5.090390529955693
5618,0.2957484229297457,5.104640767123714
5619,0.27085587565469493,5.118752898171159
5620,0.08249806914698521,5.139607387722807
5621,0.2022882308856625,5.061540828910758
5622,0.14007595645617288,5.085813429717527
5623,0.15956684550654765,5.103140353902118
5624,0.352875531752454,5.0953626113438855
5625,0.15309025504199703,5.116428625790919
5626,0.2528060902146392,5.098640655823976
5627,0.158846618521437,5.105440951044056
5628,0.23567516817450185,5.110924650099564
5629,0.11403099053344545,5.013539133612506
5630,0.1351223586686351,5.104248084354586
5631,0.17298597728335596,5.1078368773529625
5632,0.15123629585383724,5.1063634692140525
5633,0.21020737117731436,5.123583505360685
5634,0.1363958029454011,5.1055649538266845
5635,0.14168467433081622,5.084474571191109
5636,0.12035808839669648,5.094359470625953
5637,0.08086176587737359,5.102266402719522
5638,0.19485451993962455,5.126189714794105
5639,0.170103660422114,5.107084272074287
5640,0.13175632740078425,5.110344466057812
5641,0.09063408115827609,5.1013440035395785
5642,0.09474574333283958,5.103785520271025
5643,0.14076929808464622,5.126365410535527
5644,0.11055563585196215,5.103410061582521
5645,0.15441423624797634,5.0821752227421335
5646,0.16611245930963592,5.120545457219476
5647,0.035722590597858206,5.116128152744137
5648,0.13406521299314145,5.104236931735553
5649,0.245080012175261,5.024811652299617
5650,0.18361147232551134,5.099230637935985
5651,0.13342007390182542,5.100370970970118
5652,0.2501616275750014,5.0904805476343995
5653,0.14954185781250762,5.140384810381979
5654,0.14941194673228453,5.112757733690385
5655,0.11390525435685495,5.099550558491881
5656,0.20181006636750642,5.11395378491291
5657,0.24485683009488446,5.114172725233805
5658,0.18695948583799082,5.114420232986028
5659,0.2150177120144089,5.112733948784527
5660,0.1711980075400844,5.132709590759195
5661,0.1645788823066726,5.110290221005442
5662,0.2506331889568484,5.096283380744424
5663,0.13615246265404468,5.106924903010004
5664,0.1573452176927328,5.0703581498287065
5665,0.17586483276404685,5.125972524792379
5666,0.13531175573288545,5.1025284018764605
5667,0.2173107559417955,5.086266796374597
5668,0.23966436642590705,5.115648542133737
5669,0.062221073674003646,5.110953828234068
5670,0.2214441039879973,5.0866677060887255
5671,0.19153517606815007,5.094713573544807
5672,0.20539645919437943,5.102902012330892
5673,0.2107245837013072,5.094408256513141
5674,0.30667864246182375,5.117209015325468
5675,0.2674910926994565,5.11794400235563
5676,0.1972749827214032,5.1143535992374645
5677,0.21071891304340096,5.0786766509838355
5678,0.24068871779837742,5.100768686063404
5679,0.14777298674397776,5.100279355325084
5680,0.21755556403884402,5.139090173295235
5681,0.1266731406346211,5.095203957453398
5682,0.14196409686306466,5.0971240512648475
5683,0.23437684776684475,5.091646143004702
5684,0.1509891683185106,5.106333812618686
5685,0.20892400416955725,5.104046023868749
5686,0.26701784837550635,5.113766617124904
5687,0.12446520212339018,5.032853969822471
5688,0.14913823219962064,5.115112362290288
5689,0.13257230081965699,5.102077861700405
5690,0.22887345080970078,5.103351000245011
5691,0.14654677814305983,5.124295098966902
5692,0.16954288434630205,5.09616087714444
5693,0.08435096553011734,5.120753846638966
5694,0.21369786475327757,5.09977122522173
5695,0.09907517803938959,5.132040124627375
5696,0.11417263691602075,5.090130366647925
5697,0.16232861513603847,5.099823213892911
5698,0.1602135851948897,5.033345966964751
5699,0.1815142040142056,5.09712894487885
5700,0.12607045321257715,5.133954632025972
5701,0.0739717118783666,5.120971370288592
5702,0.06876815534378167,5.080725387025673
5703,0.2164210628599469,5.093548758509181
5704,0.07013301792894178,5.097433161316518
5705,0.19417302018179605,5.100781483968362
5706,0.18543750014303262,5.104808995981447
5707,0.13428703237848705,5.064171074980237
5708,0.14207851283680106,5.113814593983106
5709,0.16375388815420822,5.111101525924866
5710,0.2114946408649011,4.914016051964776
5711,0.10816696972137718,5.086888921901771
5712,0.1486975712438614,5.116803179738669
5713,0.1711405712348414,5.094069183336529
5714,0.12506846080708411,5.089275707098935
5715,0.24774615889535534,5.086047924928909
5716,0.21565405788932124,5.118037650941316
5717,0.16730867124595106,5.110678626415286
5718,0.14284662499728862,5.14549633096161
5719,0.08970703933934243,5.0879171943142065
5720,0.07064975312280874,5.090384288560212
5721,0.1944344359800052,5.0629332822918105
5722,0.18234413145589579,5.101850411697084
5723,0.1200894624394202,5.043073629738588
5724,0.061597553861151066,5.108076776510506
5725,0.13288577199329477,5.12099010973512
5726,0.11145001056229209,5.102877165171931
5727,0.18444710663217123,5.076001381203659
5728,0.23193625548366448,5.10529057341599
5729,0.1804749505955373,5.073887833438837
5730,0.159112233245583,5.095475766534143
5731,0.22267648515321603,5.093272290739472
5732,0.15761901225723052,5.088075945246784
5733,0.17697299678196687,5.1101836693549085
5734,0.15857999914260534,5.093342775247427
5735,0.14126846544374227,5.225648310488529
5736,0.12947830099753221,5.114223027658795
5737,0.2616422451247501,5.232950336245814
5738,0.2067251840153952,5.091709001781002
5739,0.22421643744683362,5.151642947375468
5740,0.18235019998941882,5.115048126205588
5741,0.23826182224754455,5.117103569846844
5742,0.2219292725093761,5.035435820856478
5743,0.21194078570993002,5.1159438286048875
5744,0.14304123976875305,5.08194537075024
5745,0.23295156830661634,5.0
5746,0.2108812635707824,5.108207456733638
5747,0.2088059918447237,5.089319033517299
5748,0.14651622932671793,5.094270320036589
5749,0.11653713487896311,5.105515082384198
5750,0.23660406885191243,5.121297349136178
5751,0.14922083667302966,5.167363729022663
5752,0.1919445162159219,5.10404559382005
5753,0.20558111694361336,5.097325051307298
5754,0.1562079611207865,5.097296335642882
5755,0.14794702260611192,5.113869940022608
5756,0.31522169361714025,5.106029215600794
5757,0.12642185139773465,5.112688078227139
5758,0.3052031833261444,5.115092255910643
5759,0.19191902097987856,5.098253025044928
5760,0.1378784837758955,5.1671812201640765
5761,0.123383861968272,5.107424255832429
5762,0.15055866560650177,5.114441900006961
5763,0.250844675494879,5.115247947888948
5764,0.25042897029778954,5.1202841371198815
5765,0.15634408787989984,5.103706206558876
5766,0.1604969702234872,5.092220025914456
5767,0.18806485031029518,5.111986796694943
5768,0.11490978631200699,5.082355605597817
5769,0.26167037955206474,5.100485083760127
5770,0.201385386828847,5.094310880986832
5771,0.23484115300411823,5.098888535505521
5772,0.20679722795613986,5.111970675707402
5773,0.1767574736721027,5.116712361081035
5774,0.24488164592650852,5.11054331697034
5775,0.1932157110698708,5.103281143949907
5776,0.11678480420253878,5.1030680075400525
5777,0.1764956900970437,5.122170388399931
5778,0.13370653936157062,5.098326139879941
5779,0.3455008273860898,5.060528951085965
5780,0.2165113904716286,5.133678043013967
5781,0.12556451318320705,5.097429601884436
5782,0.22795109854371565,5.10073527193061
5783,0.15896996519115114,5.103743541235497
5784,0.20620160713127356,5.112377757648696
5785,0.12058293753333782,5.138665157618503
5786,0.2178576791265464,5.098112189063748
5787,0.23449581636122852,5.123164287846773
5788,0.12882760060774745,5.090824048386011
5789,0.11985547529095641,5.109304203409506
5790,0.2366447929021699,5.121436916404782
5791,0.20221669191407998,5.1057957522914865
5792,0.18516221562462265,5.1064748675481475
5793,0.12229890014371547,5.098067611338797
5794,0.16700702376533194,5.103491424314264
5795,0.11285382169056812,5.139345939354065
5796,0.1033494666649597,5.173041981977233
5797,0.22028003420411857,5.128806168017777
5798,0.12654034967822558,5.10037623003865
5799,0.17551194424299865,5.111574991166847
5800,0.14007494161293643,5.104600941726112
5801,0.12875915550053452,5.0953188241859415
5802,0.11199294545001615,5.105445726679143
5803,0.21373065773593092,5.102667226620898
5804,0.10205417467203448,5.102267189391014
5805,0.22215926226607297,5.106252391796318
5806,0.1686607467367618,5.11174320173418
5807,0.22810259250201248,5.100481825005616
5808,0.09749898561530557,5.104540177467882
5809,0.12192029020839545,5.100980310324141
5810,0.2348685699426295,5.098728339051837
5811,0.16744640145779333,5.103203912699037
5812,0.15601408267965144,5.105047657572399
5813,0.23294837870015883,5.0
5814,0.1876699216479205,5.109387516249662
5815,0.05241413170474163,5.110523473421242
5816,0.08788401141142499,5.0847675737591835
5817,0.15216086207068036,5.102184874924829
5818,0.10948892486845052,5.066214186170095
5819,0.14022804921682885,4.971185058483831
5820,0.2335785733275192,5.084674485570169
5821,0.13127263828946,5.099854837294675
5822,0.09456439160615737,5.1050482507418415
5823,0.21165182756665046,5.101774425194465
5824,0.24024461257889573,5.101475664357853
5825,0.21791533552209041,5.095246689511201
5826,0.1663209016895263,5.1330077797989215
5827,0.07889101857040026,5.102632340521485
5828,0.26922322152206024,5.122172160059257
5829,0.15326808834076333,5.130031120629788
5830,0.21265473939842128,5.10168136301961
5831,0.17874553198231902,5.112950640935212
5832,0.19926813348953465,5.127302601268751
5833,0.1454150393972662,5.133454481226778
5834,0.33933883045410895,5.11602740933971
5835,0.17580744824399064,5.167390192931505
5836,0.2434081185937622,5.1155937553862785
5837,0.23439442174980551,5.080990022745828
5838,0.16903124959949523,5.17948059309524
5839,0.150575105509266,5.161995516157196
5840,0.0945081072716093,5.192863223714763
5841,0.2454567838410353,5.169828211904521
5842,0.20283351706091168,4.965931543832927
5843,0.18605555538359708,5.169401359786869
5844,0.24770898827418908,5.193104535149198
5845,0.12392617766186598,5.192745821946669
5846,0.15583616931640132,5.022580512647137
5847,0.10503681616657479,5.125171995443356
5848,0.18387097041172196,5.136016297972068
5849,0.18850475059028304,5.220885985775352
5850,0.1539552909197892,5.2714305127907135
5851,0.1270765177392168,4.955006239743058
5852,0.2201257071300602,5.075285584181275
5853,0.16700730910609574,5.120212522318086
5854,0.21846336791033583,4.843583540240859
5855,0.1460105741490676,5.0936170389209945
5856,0.1411625143106372,5.042590020154405
5857,0.11361860063156815,5.071061306299072
5858,0.13612898545396657,5.087613486395064
5859,0.1591370327226298,4.985814889604461
5860,0.20169020777625413,5.032504966322344
5861,0.1367685691191649,5.070499089823857
5862,0.11871254033868928,4.978464861568073
5863,0.08686597520478023,5.1559106375701536
5864,0.1573683260072416,5.061054100532987
5865,0.24317661590121664,5.05767145772638
5866,0.29609803251036526,5.146225539550411
5867,0.18887739983294627,5.119962318210423
5868,0.2583768580036727,4.997675133638593
5869,0.10583568573743363,5.121425393814771
5870,0.15700344444322356,5.165707283333445
5871,0.18014196204051336,5.122563568040199
5872,0.12584477171206354,6.479700035421034
5873,0.26468102051673836,5.147825722514643
5874,0.2337255297833576,5.121659105114187
5875,0.1918703330033954,5.112930196396963
5876,0.23367744162880366,5.047455414453088
5877,0.24601419886780596,5.118375308443355
5878,0.19562114286676913,4.8215965220167245
5879,0.14478496595565948,5.218101561235962
5880,0.11866407554742253,5.792219231088982
5881,0.10489033964549499,5.3004223855126575
5882,0.23847788119265212,5.067644347862954
5883,0.21236132761357984,5.169608944111337
5884,0.22105774263201994,4.9543709245129985
5885,0.06496263006941061,5.061344028030028
5886,0.22652618446868755,5.05335317008254
5887,0.14348067647899543,4.941878592780133
5888,0.12060031489142731,5.071207083139431
5889,0.2826914109440999,5.096382573139335
5890,0.2130753818139911,5.068382804470977
5891,0.23295027896641207,5.0
5892,0.1116396675359479,5.1048858605114145
5893,0.12904081239527665,5.1620389024162705
5894,0.18664565377439768,5.096050482062111
5895,0.2646949279155346,5.009843020077023
5896,0.20658704788509297,5.072921199472402
5897,0.22974669079275034,4.976343221970652
5898,0.25822577681126413,5.063645678729678
5899,0.34690932076352665,5.066763182131373
5900,0.1575867331962021,5.129128856359184
5901,0.174716044551123,5.339573477138595
5902,0.2743849156972069,4.92198442214443
5903,0.27043327053907174,4.968669997350137
5904,0.25892936523524746,5.093439155462818
5905,0.1443247833241389,5.098121594866756
5906,0.22995030132497174,5.083467504278705
5907,0.18072812215220146,5.171475744398428
5908,0.1602211860200523,5.7064045520179985
5909,0.1555311999817297,5.07029909960508
5910,0.13594386715272522,5.175482967190783
5911,0.22363868827710975,5.127609183720718
5912,0.16658418342073533,5.081064183225319
5913,0.04511586931700773,5.366676790655234
5914,0.2884754538434202,5.019176079393217
5915,0.15498200733733125,5.072572060335139
5916,0.13246601745360986,5.094614240426711
5917,0.12408306583811002,5.094807110752262
5918,0.07505590561974507,5.0587013855677565
5919,0.24756696835880476,5.1000372869367805
5920,0.17705842438739783,5.075340147443361
5921,0.1978265565796461,5.0589020839175
5922,0.19183039005605396,5.203910319975469
5923,0.1005906541670828,5.073274080673453
5924,0.2602027389846967,5.15264934918962
5925,0.20752857062704821,4.718043212545062
5926,0.18552561453986027,5.643359412580704
5927,0.1483494669771993,5.086100818899197
5928,0.24373862741970964,5.389470378723544
5929,0.2274464380434701,5.112724773143409
5930,0.23699075806248326,5.124509889849991
5931,0.16633597978575965,5.122309230329307
5932,0.28507662061036054,4.6366694449213774
5933,0.21375120446494644,5.143564726136409
5934,0.13451407046415642,5.131963480308741
5935,0.15748348142777646,5.089989003845892
5936,0.23295026239577754,5.0
5937,0.17396567138687458,5.01323799686733
5938,0.13395440935742275,5.147868262694573
5939,0.13076446039964684,5.103615621700026
5940,0.11641135228699884,5.030645403075322
5941,0.34002471418055136,5.138131224568356
5942,0.17253343789867537,5.0972825147955
5943,0.21084883273460386,5.112915809625687
5944,0.0671284404988135,5.069707092297229
5945,0.11502299392765247,5.084550914153301
5946,0.11878377142607377,5.123007930550916
5947,0.23154970010240006,5.0546004576824455
5948,0.19436743676041635,5.156017537466244
5949,0.29938635496628674,4.883301541237897
5950,0.20708264413267674,5.071587421467099
5951,0.13634332172427932,5.100130743703994
5952,0.20988992103464466,5.058089329491908
5953,0.2931961483779493,5.13785773915882
5954,0.16893182867321654,5.05916713006723
5955,0.2260073942523504,5.02466402883913
5956,0.15309961637887948,5.195954392851974
5957,0.1739504983282001,5.155545821859739
5958,0.13528380669872864,5.058593705254726
5959,0.20105853126731144,5.096659073063918
5960,0.15911126531029218,5.074797229472123
5961,0.1924744106695847,5.0692437487894715
5962,0.21382674964679582,5.033244446456875
5963,0.21507176818165252,5.084716442739552
5964,0.24996277228402852,5.119719281372639
5965,0.16255357223076217,5.077892009783378
5966,0.19130653393447306,5.1479199347041416
5967,0.1528894103121523,5.002458638521459
5968,0.17961391534927906,5.029468147799472
5969,0.14770544877050729,5.038338809422678
5970,0.1479840802042678,5.099233494649376
5971,0.2670491086864101,5.379981717084137
5972,0.16845537735370386,4.996075424609119
5973,0.09788144429252266,5.079412091705091
5974,0.21023916843769597,5.436816272893399
5975,0.2564580585776324,5.122439514630832
5976,0.2890689286204353,4.994894641785201
5977,0.07822037289944195,5.101715506142108
5978,0.2101755687307456,4.893697144921694
5979,0.32440107379454275,5.121621931195222
5980,0.1777104156194953,5.066128074152019
5981,0.1539305444834821,5.1208330419569315
5982,0.2835578835405098,5.027431333670629
5983,0.2177737715558712,5.062138452199907
5984,0.12965780566278762,4.991595162596356
5985,0.27021746224256704,5.20756328778309
5986,0.18856694944384889,5.099332599731676
5987,0.3601217443218321,5.156610335246867
5988,0.16490628218121706,5.154037562950764
5989,0.17912178492314013,5.10839203616972
5990,0.16935780708963666,5.07716235409938
5991,0.26139162199743116,5.037498387284103
5992,0.1992592253634461,5.067650615394941
5993,0.16146999925640415,5.167724688535005
5994,0.19145264561385933,5.045606584340501
5995,0.1868211708735502,5.044288044839638
5996,0.14210339163549213,5.101494995262819
5997,0.10688352346544094,5.0139969382890115
5998,0.14344638393562625,5.1575350157433775
5999,0.22129994002279363,5.103138161525704
6000,0.211544117057195,5.137319602405199
6001,0.11399487715490975,5.008689265577075
6002,0.23687291927840115,5.166664759699708
6003,0.20199406346473803,5.085192294847154
6004,0.24692090919386134,5.073801855824902
6005,0.14596431833228563,4.997812050547115
6006,0.10842328815991875,5.125158724921466
6007,0.24290493249498046,5.150626904812929
6008,0.20448810369841586,5.0783454615899615
6009,0.19285646309217352,5.101179287277375
6010,0.14585469216045321,5.097242222717506
6011,0.15250708192939433,5.074410957024851
6012,0.17737258348242513,5.042337527545007
6013,0.21314390835040453,5.13035394560073
6014,0.20109182448923013,5.056295301083127
6015,0.29661384104333577,5.109201551677565
6016,0.10599412678019071,5.082184636710165
6017,0.15037957044440353,4.710086602210781
6018,0.3231934476448114,5.187781940448675
6019,0.22636825252095882,5.110030680456088
6020,0.17739864454084753,5.211070562630216
6021,0.25093115791314746,5.1047734604116
6022,0.20325304560330004,5.13533676170284
6023,0.2317838161737511,5.175717400550415
6024,0.21732329834258002,5.0939071148443915
6025,0.12813690918880427,5.016905654706676
6026,0.34285106709094704,4.601081260466753
6027,0.21146786984636257,4.815914210750556
6028,0.10709591542343877,5.14892776249817
6029,0.23438803275242803,5.169910346873978
6030,0.1878361213331572,5.122920793456007
6031,0.04360769900114714,5.114868495072997
6032,0.11808025854099391,5.142108150358968
6033,0.16223367317307213,5.09106949468185
6034,0.09675224455044729,5.222195143671087
6035,0.14342669536791464,5.008889868163839
6036,0.18391643158740523,5.037405107491786
6037,0.19361631161601223,5.060655684819304
6038,0.11203767137500453,4.9708220102045075
6039,0.17742483147634014,5.035989601358368
6040,0.32222472025535465,5.0131746985955505
6041,0.19585560107407662,5.000800591072014
6042,0.24293799743410938,5.006364063542987
6043,0.1900415799056694,5.094535399075264
6044,0.20017630769508588,5.1370867541162735
6045,0.16278876908635898,5.15359100934738
6046,0.20271025723606584,5.085750260132862
6047,0.18335293054777213,5.170573550938062
6048,0.21297858997946695,5.154678577894574
6049,0.11943296846357943,5.182695922185232
6050,0.2413354322600506,5.115824232414825
6051,0.17324436351421713,5.072780593337463
6052,0.13000595066081488,5.205615284009548
6053,0.18148071005774047,5.139445880572664
6054,0.1536400577242072,5.119318861137829
6055,0.0721883621107009,5.177945287430061
6056,0.22358104073011464,5.21491991376017
6057,0.14229965785839727,5.2313343399030465
6058,0.3113319110398066,3.649297497610071
6059,0.16208517971346503,5.1549004971268975
6060,0.2214093108991192,5.192925120034877
6061,0.08389754495124702,5.105860613504483
6062,0.1058212780333807,5.18533209823242
6063,0.1411779567624003,5.11882111710487
6064,0.10203642100863197,5.132275178484509
6065,0.24268922869320952,4.944606290020559
6066,0.06164958016705169,4.853380637039217
6067,0.11889148956981321,5.243813101448627
6068,0.07852428652502341,5.189601750242812
6069,0.08743986443348284,5.171072663207239
6070,0.13797080625201152,5.281532392447277
6071,0.16491402146888612,5.150125427296546
6072,0.1762217874333315,5.161897640999031
6073,0.11816206876473556,5.089188323060254
6074,0.15148959415802343,5.132041426598466
6075,0.08283583216148871,5.252448774327938
6076,0.120703533170613,5.22615016302856
6077,0.143134149436412,5.186898371575994
6078,0.0964589953269438,4.748136126999665
6079,0.1329878125003756,5.217272246587985
6080,0.22167688731691404,5.167969571004605
6081,0.2100429958618638,5.12089463547694
6082,0.1886367936874226,5.274729085429204
6083,0.14403654385776465,5.179030357234291
6084,0.12947146989730185,5.173285895233928
6085,0.1103695828035619,5.203422066176211
6086,0.1627981667428242,5.357177518337872
6087,0.08080839631591319,5.061706072649397
6088,0.16132542171124964,5.1879336302420676
6089,0.11085638147400456,5.065972942514874
6090,0.11382157250670044,5.1753000400132265
6091,0.12404731197263008,5.122930040313003
6092,0.16403801188036715,5.297882202005679
6093,0.23852542268541288,5.1172105047279
6094,0.1101381006280513,5.210888853890516
6095,0.06857996794177945,5.195131644352333
6096,0.1339338773893518,5.152711792086571
6097,0.13792044171457485,4.609441879204406
6098,0.2464585618978683,5.173831478219233
6099,0.10278432666516413,5.135494923826673
6100,0.19401178409668496,4.301056997032653
6101,0.08236092018486563,5.0495542718697894
6102,0.1470456868108413,5.165364658571079
6103,0.129422270502074,5.154447506372577
6104,0.14925683308493465,4.9337535315870795
6105,0.13473543537132515,5.128998391703039
6106,0.20435581770275157,5.187124900474354
6107,0.2329497634959652,5.0
6108,0.07792506419011647,5.1648999060788725
6109,0.22420423749650742,5.171844981948235
6110,0.1800405604123394,5.1947201427242895
6111,0.11292119245926568,5.186230644526262
6112,0.15912161846283446,5.190509353945725
6113,0.13410901814656395,5.2873855221537
6114,0.11067173369956695,5.180858266865984
6115,0.18582902476091534,5.149018587820988
6116,0.05594116748705835,5.329841530032153
6117,0.12957267909591297,4.896289108942007
6118,0.21359494418996072,5.109522353609011
6119,0.3117520750852222,5.17395212944642
6120,0.17915687161453953,5.185178111958582
6121,0.10242287631531632,5.159764387915926
6122,0.14592413631515444,5.210238552375017
6123,0.10210141171051768,5.208446449504489
6124,0.07725516030114099,5.070401709060395
6125,0.09983604110412814,5.35773746236095
6126,0.12597637537763973,5.217048797388282
6127,0.1370747671118513,5.2262731961182585
6128,0.1695439541977276,5.241034865199845
6129,0.16905399945115207,4.7314929111517845
6130,0.26941057296527227,5.150872231588215
6131,0.11949575905110266,5.190077812473364
6132,0.11503118062965201,5.05828715279903
6133,0.09915602205528184,5.1316734128435115
6134,0.0647907622117071,5.215536770066542
6135,0.14641043378388263,5.175134355923641
6136,0.07940725770552215,5.2376358472939
6137,0.20021037367931271,5.219216112251308
6138,0.12550675771956932,5.2776514628094695
6139,0.11415305690035815,5.220960618543007
6140,0.18661775904829625,4.998576780886728
6141,0.2252545952095134,4.829435420086945
6142,0.07131092286603147,5.1489357452497675
6143,0.09955269721472393,5.093051500452903
6144,0.08363214841842848,5.195648664174168
6145,0.1436503557568639,5.211289526617069
6146,0.1802658752977775,5.155848270905761
6147,0.1628413846711474,5.1608990013905665
6148,0.1386011909700362,5.300564939288179
6149,0.12802584418806828,6.191163554717161
6150,0.09002017099890658,5.158136228531296
6151,0.12098055764453519,5.031006311694446
6152,0.14097334505726145,5.112636965947317
6153,0.2250907920719296,5.1260391588057885
6154,0.15227419379118234,5.238024605265448
6155,0.17010932028385717,5.2811895513477225
6156,0.09905420651290164,5.426858134510777
6157,0.14602438935801543,5.254138965657722
6158,0.12576994389479157,5.136616452287326
6159,0.19785948784711782,5.156378203752139
6160,0.2292508490328411,5.183594086704515
6161,0.12608194853896904,5.129489507385925
6162,0.14811364807000282,5.16980926255127
6163,0.2708766404871733,5.180133510588361
6164,0.09074457349743814,5.178954071908413
6165,0.2593444343244996,5.258688448863413
6166,0.08741539485450656,5.135552698158454
6167,0.14281668648415635,5.244657378128554
6168,0.19114192643073502,4.630533023478973
6169,0.1630529413870243,5.199959171533761
6170,0.17160471982535508,5.126390896852486
6171,0.17744883847983062,5.20339271170057
6172,0.12982526856888899,5.107343315337314
6173,0.0831407545181636,5.042671205460438
6174,0.12931648976999222,5.0722609204877145
6175,0.05829145559158877,5.182175754411711
6176,0.16000080387983395,5.161861973868458
6177,0.1589878777211443,5.177336454232551
6178,0.18772950905007146,5.18127598131735
6179,0.20879267505769317,5.197665429326177
6180,0.21091352339142888,5.223133203942085
6181,0.091288547604094,5.185895037422172
6182,0.1266778949368157,5.247009873947297
6183,0.11153704161069766,5.19463863783991
6184,0.10543463515584894,5.164358952557944
6185,0.13605477524595344,5.147664752124124
6186,0.12948015578728977,5.207732874815756
6187,0.2262420836988096,4.98487145369265
6188,0.24032440292988277,5.196603787722234
6189,0.05599575081096542,5.192581693991878
6190,0.25942144272987955,4.523869639928355
6191,0.19011533557562355,5.14294518491317
6192,0.05255091873264672,5.204924904998238
6193,0.1229826591693497,5.195328091240121
6194,0.13077002078137834,5.4174061323528555
6195,0.14897028131241763,4.738687248679483
6196,0.20111266202835465,4.495594762167858
6197,0.06375101096115388,5.250954551065332
6198,0.2472048588378608,5.1568577901388934
6199,0.11265365332413002,5.217138040809131
6200,0.16136009705522203,4.047660577624432
6201,0.1837252244859724,5.154093024584991
6202,0.20367701681281858,5.151857743934274
6203,0.17621385149916502,5.070589581020926
6204,0.13120405356377374,5.088460218144402
6205,0.12636311997024174,5.158348188054838
6206,0.16580936002504632,5.150439765638595
6207,0.16941412390590127,5.106689985927151
6208,0.15222326098998706,5.157908284225643
6209,0.06529892636774903,5.218867978114661
6210,0.16831250201554093,5.1807946211820255
6211,0.1408481105500644,5.170388991411938
6212,0.164209515851245,5.154193699869181
6213,0.12184377718477546,5.218963704102393
6214,0.10839034234566358,5.119689571267934
6215,0.14353513533167406,5.155763234943054
6216,0.15224476704259304,5.17319359121271
6217,0.0671480137826268,5.233458346993123
6218,0.18918550105968845,5.186312411701399
6219,0.2625039834456687,5.1397507770545126
6220,0.1832909465814535,5.285367856863719
6221,0.13651249042121927,5.223745073513344
6222,0.17281905073594384,5.21297319921624
6223,0.23832705399587317,5.241019457369456
6224,0.15680936571164616,5.215397884267077
6225,0.16208058009543758,5.089795440810203
6226,0.1213931328537452,5.240137157962481
6227,0.08529385550541513,5.207623609431149
6228,0.10724432844316356,5.199868803360204
6229,0.18550571769138746,5.178416087243374
6230,0.09334297777357892,5.188541836665523
6231,0.23540922120164243,5.174826596182234
6232,0.11585422972978754,5.077508471914127
6233,0.14876768445768362,5.180483688867268
6234,0.1576285614468086,5.193738052659489
6235,0.18674889381121607,5.166069529968782
6236,0.05828057460977554,5.164134467746235
6237,0.13280624849935685,5.157525273882815
6238,0.11772452982536885,5.121743591729784
6239,0.18661431464757072,5.133230041912631
6240,0.16815406769831942,5.231768087934663
6241,0.08667651642563645,5.302374705279771
6242,0.23295071664895795,5.0
6243,0.19566055292739193,5.263343469701098
6244,0.05838541364287153,5.006165916494725
6245,0.16127048087780294,5.197060078600941
6246,0.14528227359779455,5.105472308011958
6247,0.08156425314926818,5.1398932010115495
6248,0.10734979961298885,5.227556501012884
6249,0.08334743641560483,5.134417971616516
6250,0.1878189122007975,5.152435088433647
6251,0.12126932909958532,5.287274161607156
6252,0.19670879688292442,5.185241538960819
6253,0.15748748981988692,5.156846052522104
6254,0.13157577064715864,5.160084560537692
6255,0.20755721134069605,5.182607563380293
6256,0.04183992767288125,5.18569356598328
6257,0.14048668976582623,5.179034815889123
6258,0.08588797644779522,5.58180206566651
6259,0.13848960563023305,5.148709321006448
6260,0.15060889092844287,5.205396667592694
6261,0.05151773321469577,5.168919895013087
6262,0.1608970662575605,5.218637266363171
6263,0.2024927247682251,5.014008617565606
6264,0.20858352817691417,5.020499718587015
6265,0.2359630637167569,5.027445494801537
6266,0.2477915085382234,5.0280252291335525
6267,0.1821547599834672,5.024866821049319
6268,0.23137804433787879,5.031584098876216
6269,0.13627419719088318,5.022320431015643
6270,0.17976113424440032,5.045523946984716
6271,0.10059349630881753,5.0008652407832965
6272,0.15182059973513873,5.019926464180617
6273,0.21945724581372228,5.0515079602820645
6274,0.2134063779904123,5.094911433004619
6275,0.31249018892617797,4.969338401722503
6276,0.18886773064340567,4.97104017925369
6277,0.2678025502346546,5.019817266327458
6278,0.08434181578369704,4.991989314513123
6279,0.1749527090125529,5.0403221733582715
6280,0.15668249746605833,5.817941952519421
6281,0.18829725045333667,4.936992738426875
6282,0.042289274019261525,5.019407247105114
6283,0.1803666705103264,5.089003739998468
6284,0.1831765849910585,5.0099764341643915
6285,0.31737721987128187,5.070077797367922
6286,0.11479762221970136,5.05480738056546
6287,0.2487336172255692,5.102576378199508
6288,0.06793647338714526,4.9678829626361765
6289,0.23380298929822163,5.031064481899437
6290,0.21399790045456357,5.356582939433165
6291,0.14579304279500294,5.051922481310944
6292,0.17914047575068115,4.984840270976223
6293,0.1884315485299759,5.066161427597304
6294,0.22852538268542522,5.009033658381465
6295,0.14714817502212818,4.99736614669632
6296,0.1744956394399293,5.046983915213037
6297,0.08248789419923908,4.990016845303353
6298,0.2479130008999455,4.990679433314025
6299,0.2435907638982897,5.0322637288812455
6300,0.2129662702811932,5.053709822637291
6301,0.1875474343424377,4.6836906744025875
6302,0.11021442716093399,4.987049534405266
6303,0.12453182615873071,4.99649702429684
6304,0.3327996692902848,5.031610164268523
6305,0.2541526086520216,5.01826949782763
6306,0.2314508399540236,5.01576679995364
6307,0.25643690082076387,5.071897768460003
6308,0.1471996514706908,5.1467229731432695
6309,0.27008866963167666,5.004628111935414
6310,0.28878973314178413,5.033349725985099
6311,0.05481876484512793,5.383076632710111
6312,0.22648344398326747,5.060831492724125
6313,0.18979035687886325,5.002006802946548
6314,0.14866924394992864,5.00986325452649
6315,0.2898681828414471,3.772715689530699
6316,0.13813056023773962,5.142195627637243
6317,0.10663428883989567,4.997889372184758
6318,0.23300078226437537,4.980189128190382
6319,0.22359306697179715,5.026828327689765
6320,0.2629416049449578,4.689485631654646
6321,0.25767841669756075,4.981444453375392
6322,0.1299459009949988,5.02381818160436
6323,0.1530349133003237,4.978258929778603
6324,0.18102393691815966,4.983647243334177
6325,0.25053288085097547,5.072974593059865
6326,0.15636187483818653,5.012835845015466
6327,0.27459623931958377,5.055439147061973
6328,0.10519870259350483,4.995847136685327
6329,0.32177768790266814,5.0266382527551645
6330,0.22871914091674173,5.021230498396054
6331,0.1169628548802557,5.009237455694082
6332,0.3426582981616597,3.2945761539437113
6333,0.18127557875482148,4.976023799871676
6334,0.16992559011934083,5.033891812841329
6335,0.18863001238728572,5.02358903496269
6336,0.1673430981888866,5.0649503251573424
6337,0.14541601437199958,5.007484054978413
6338,0.23671569890321464,4.971577377996983
6339,0.12546195805617444,5.015161533881614
6340,0.13091508718940092,5.10151697968614
6341,0.2190759975120269,4.995370511844648
6342,0.17329654480966505,4.951751346460709
6343,0.13262075689570008,5.701414690770097
6344,0.1643372857400407,4.692078166963318
6345,0.08833487269630669,5.034478959656772
6346,0.24852618823541528,5.026805007165933
6347,0.18732501502525722,4.890652840277676
6348,0.20512216676191164,5.023278212066877
6349,0.11709353244558995,5.011959690005527
6350,0.27201117742815906,5.035610677395903
6351,0.17601227809934228,5.050699703108439
6352,0.25137983551044174,5.0145988135870745
6353,0.18989972347938533,5.004724698128875
6354,0.12195834668542105,4.995974269513033
6355,0.1755704381129739,4.973548665836036
6356,0.191526215473782,5.056503347254839
6357,0.1537720276135226,5.129033277055326
6358,0.1568218066618643,5.001909159673978
6359,0.26644061250366,5.020265263391117
6360,0.3855560956768782,5.050804423794766
6361,0.330795222606207,4.334297011099704
6362,0.23328786488675912,5.066919358266766
6363,0.27550580603213337,5.004339450651143
6364,0.3330105049675711,5.022401601063358
6365,0.11980708370305759,4.946581022163885
6366,0.2888120953092368,5.204079852727022
6367,0.14913484712719605,5.018782121271226
6368,0.07238267399487652,5.021655311461313
6369,0.28129738421986006,4.998321470542226
6370,0.22805120374568877,5.00458597958211
6371,0.1853111428230496,5.036063076035671
6372,0.21466881376157532,5.021639020063082
6373,0.32611677051413746,5.024531412861233
6374,0.20170005185325568,5.008385907893036
6375,0.10143741782721571,5.003016633059083
6376,0.23342119033243236,5.090527557904565
6377,0.20395573515552523,5.101181351634798
6378,0.2310310026980602,4.800680777985944
6379,0.11685812171721777,4.9982251061287375
6380,0.25962282432351946,4.7219332755455135
6381,0.21576292931145602,5.0034993154263585
6382,0.332576293524129,5.003116491747299
6383,0.21071098919440923,5.0158564401561545
6384,0.16710027978499964,5.423902155627784
6385,0.2187106178042193,5.035663325623672
6386,0.1757807178432489,5.00218566335386
6387,0.2642130000840144,4.985360807760424
6388,0.17692220717834584,5.182084870349204
6389,0.2878655780925352,4.967646680151763
6390,0.2871500630442514,5.013379805087661
6391,0.12186411307545364,5.006475840144322
6392,0.19474696132344205,5.019663073945253
6393,0.26024694103665236,5.103527988294729
6394,0.16544833677137816,5.024808277088262
6395,0.1610502990783007,5.105400248053851
6396,0.08162529055012291,5.097961193421083
6397,0.16803994646751974,4.984811971958711
6398,0.22288461774753277,5.051519178200001
6399,0.26094647951335004,5.017822663647422
6400,0.34144282736759,4.760752554211436
6401,0.22908779509157529,5.018440512185478
6402,0.24035494658613388,5.010035873809189
6403,0.08872973516931659,5.059189510950288
6404,0.22329823196153487,5.022551279481036
6405,0.20375089538308155,4.991162115238197
6406,0.17533014168042382,5.018182699519667
6407,0.13182591581918968,5.008819462499119
6408,0.22867515136614003,4.99764537918848
6409,0.2942796621129198,4.973919121738559
6410,0.2188063047043427,5.024203531730169
6411,0.15255088620052848,4.972053623801838
6412,0.36725639752860073,5.0999425919751395
6413,0.29832885288298483,4.736773672662276
6414,0.2753397724317186,5.092704420623493
6415,0.23742102395098064,5.02319880491517
6416,0.10485564112278567,4.9471688312102025
6417,0.22665212219364017,4.995589639585285
6418,0.23294993988209178,5.0
6419,0.22405538333539443,5.027160280777583
6420,0.29750321333648744,4.994861309615919
6421,0.35860867926979223,5.0240500433434665
6422,0.22212671168777742,5.058237795325375
6423,0.18222210367897107,4.998086738650835
6424,0.23295023548273686,5.0
6425,0.18265621507416507,4.930739020209396
6426,0.27031017904930454,5.042452589976687
6427,0.2261182779645896,5.000089332410624
6428,0.2443240051605149,4.957384136648555
6429,0.17443630815530198,5.453393071087422
6430,0.25481766472070944,5.066670334928274
6431,0.27938277209174656,4.982016067379931
6432,0.21999298156986158,5.100290390011866
6433,0.26442295039029884,5.0324165460390535
6434,0.16794813981549384,5.008507687344297
6435,0.2873344146286383,3.9147608480582807
6436,0.24058935370203738,4.9278304221620495
6437,0.1651496186118151,4.9783473779478715
6438,0.21661210864837943,5.045153926065016
6439,0.11383825018960314,5.025328358372656
6440,0.17430637634436796,5.026025946956825
6441,0.24318577122015106,4.932490157297362
6442,0.14234054951256758,5.020459492273837
6443,0.16982797243790193,5.225078931898901
6444,0.1873533267601768,4.997781117103521
6445,0.25194856723874115,5.038389848167384
6446,0.20307293743007349,5.003509942796898
6447,0.19623072166826305,5.038666132577632
6448,0.15988323811174987,5.033041160928775
6449,0.1995043858102914,5.089976228433812
6450,0.1696871497761554,4.99277317869673
6451,0.24255628846200228,5.016420287317258
6452,0.3392217779500273,5.059211450733665
6453,0.10132007294761292,5.003194328136438
6454,0.10419552742028726,5.06456379015912
6455,0.15951980698038493,5.021561835152237
6456,0.1544032026012283,5.074409674583649
6457,0.1462648318958515,4.97149746924225
6458,0.3990116760289115,5.118983217512856
6459,0.28901010038684194,4.986568197778114
6460,0.2202855455394579,5.3185187188690985
6461,0.16749557587072839,4.990750917762377
6462,0.22794926780283142,5.03693425801897
6463,0.13465776794443296,4.975761120408695
6464,0.22042405149454614,4.757819335666502
6465,0.16650659024826808,5.04526307780834
6466,0.09298787281544918,5.049502948311382
6467,0.28430468786236296,4.973387715507744
6468,0.2134066874606484,5.657686787620806
6469,0.12992055207715714,5.110922804405478
6470,0.35759973294054004,5.065842815429384
6471,0.24391023895462594,5.053489373833111
6472,0.1938271575626147,5.005498589365818
6473,0.2549797189265244,5.017486715326571
6474,0.22446369378251196,4.959914201640148
6475,0.1738018445576084,4.998504329965483
6476,0.31374403299030273,5.0284868414411665
6477,0.27519746065959927,5.013760946151731
6478,0.09206828034027725,4.961642675459101
6479,0.0606095339584376,4.7480494641547555
6480,0.1647799692003702,7.406158472889324
6481,0.20361627773561297,5.2039061974269085
6482,0.38353767155037355,5.3336146773872795
6483,0.24071138886693966,4.91027577069012
6484,0.4072768416039003,4.95995435909963
6485,0.2971997268690332,4.854356062367788
6486,0.23017087048109341,4.7664058375360785
6487,0.12036364051020199,5.0164283442344715
6488,0.33607540592552576,5.3639618706879055
6489,0.17895511441708534,5.045743087303967
6490,0.29525701100257185,5.061786951919336
6491,0.27486555606288965,5.232368563173866
6492,0.30748349258028496,5.032979650076541
6493,0.4002647868453806,5.480634562163527
6494,0.20484562958162744,4.7188535029751755
6495,0.23109895049993656,5.0115387526750865
6496,0.3758264172740813,4.959064238067521
6497,0.8307354682417107,2.188583034975622
6498,0.2767384296692619,5.100215575610152
6499,0.250236476294329,5.038386407581195
6500,0.2124868199275587,5.016221146852073
6501,0.23184930760861389,5.359816177707142
6502,0.2830688713586018,5.696488760387961
6503,0.27741913224883663,5.085914404237011
6504,0.11131894964362643,4.81361135306531
6505,0.26823365155971857,5.137095347333753
6506,0.3755805341574372,3.120409360619827
6507,0.19289588673673697,5.1336972512166135
6508,0.20047588027323848,5.036822277255597
6509,0.16348043952768188,5.068415772966652
6510,0.262711215198022,4.611880363169938
6511,0.14156177643460488,4.961892770673275
6512,0.17199187773092817,5.211167976741713
6513,0.18399041343391898,5.12396384571054
6514,0.2065196157720084,5.077943168761747
6515,0.28866321944770523,4.7362643762542955
6516,0.7089525744250678,2.859120431992408
6517,0.22108036135945897,4.380934673156789
6518,0.28875718150397844,4.915464501431694
6519,0.1565287183166686,4.908417741159941
6520,0.38178377534022623,5.114761890897421
6521,0.31082879321188717,4.909636359693232
6522,0.24502808441589763,5.132759481582294
6523,0.11495638420613985,4.997688141622989
6524,0.37753819418979684,5.183116312793139
6525,0.3704511690520329,4.561655567467762
6526,0.18303380281346526,4.5500101726634234
6527,0.23226960473989866,4.942176830275944
6528,0.2591689698975099,5.416819517900482
6529,0.24079053263733297,4.518401411962962
6530,0.23284181782640156,5.684727510355634
6531,0.2601887320437424,5.6373273964092085
6532,0.19503165541270828,5.071899774746642
6533,0.2225557148361208,4.991839229483466
6534,0.1905420977477661,2.652362689405101
6535,0.289644664019711,4.92137614295344
6536,0.3062828197683001,5.442352840585842
6537,0.3186111800256357,5.195465553334504
6538,0.24387041086805272,4.985491695870179
6539,0.16083140550576336,4.795005557080829
6540,0.13151231465989222,5.001376391955281
6541,0.27849847969597685,5.013393504596868
6542,0.3064964493256779,5.253729054593368
6543,0.2580668065786984,4.046047435657281
6544,0.28474765489562803,5.044963090837893
6545,0.29138517063402514,5.104039463628665
6546,0.32129736188148383,4.876659039477413
6547,0.20207568878806303,5.006172836071006
6548,0.4010716407729329,5.0603340202015445
6549,0.2719530475354357,5.086513533849191
6550,0.32632988734958035,5.619294797629584
6551,0.06672572440092739,4.874896468840104
6552,0.3941333928674835,3.7694246971815737
6553,0.48224587256313023,4.101431577446739
6554,0.27788756677992654,5.998873526898398
6555,0.13545492360750822,4.947724447626456
6556,0.22485522382513556,4.87650641503091
6557,0.13430786309374354,5.206461870854309
6558,0.28633385283311985,5.126032347804372
6559,0.29170601980781186,4.097594140671736
6560,0.33073367859132863,2.0544748359368326
6561,0.2329503561812547,5.0
6562,0.2280291928256435,4.149052955246155
6563,0.14781064596521154,5.214910336741632
6564,0.24621989419712786,4.944931302418993
6565,0.17903586131424865,4.688261579524173
6566,0.4420899273545633,4.972338515678798
6567,0.38039240931542007,4.708595922029
6568,0.25227095664228694,5.271936413873046
6569,0.23128915412321072,5.110176570622977
6570,0.18212218253473766,5.3567916732102105
6571,0.2546527460043473,4.435965000564606
6572,0.36475496832705256,4.9931773118768685
6573,0.3208780354238876,5.178351875481013
6574,0.23295022184864478,5.0
6575,0.3125557819596736,5.124090338232712
6576,0.44122583160828954,5.008010877194646
6577,0.2978378483305546,5.345693640303502
6578,0.31711192411613087,5.164516459889494
6579,0.3207329065723732,5.604605045383586
6580,0.3565591824920302,4.959652948849804
6581,0.26840610680251853,5.118120739530774
6582,0.4386571955012408,4.584053981161311
6583,0.3700745939551393,5.095035079282431
6584,0.19962059072087235,5.02609405431933
6585,0.2663280856910757,5.047773263129605
6586,0.34219479088476557,4.970680402022891
6587,0.2176411987752811,5.3638059278802075
6588,0.27784175220723895,5.492199199577854
6589,0.35802394552624883,5.069026878352076
6590,0.3917689755005558,2.695427928505141
6591,0.22941393248485675,4.759189736558893
6592,0.4151166377348636,4.650560782470734
6593,0.32084097665001465,4.5140764215875695
6594,0.3188401006267012,3.9470625638525636
6595,0.221081213506231,6.199421853664209
6596,0.3495539432991721,4.974911376170672
6597,0.2343650722476065,5.344469433178309
6598,0.442824970428487,4.21379672010457
6599,0.3832610581184712,3.3212953718703186
6600,0.3383867702222685,4.860393778643912
6601,0.17392964027744195,5.142650616347932
6602,0.3042005588342127,4.909135121784791
6603,0.3242054460905046,5.029285860088599
6604,0.2006750475017598,5.03209373422556
6605,0.7708118714308343,2.1770252760296938
6606,0.18677473673566314,5.0517659746334065
6607,0.10126091643458524,4.960739255347297
6608,0.2910358416772292,5.051220645017986
6609,0.517025553080452,5.151699569882782
6610,0.45067159394982137,4.444766896481109
6611,0.26339981622890796,4.942757101983499
6612,0.1654645423468326,4.774276707910099
6613,0.10311630897944224,5.328578541389302
6614,0.23005248116562216,6.271114768441759
6615,0.24248470691684942,4.984704043704369
6616,0.23328596652872102,5.075999450013748
6617,0.2997562107186933,5.1959186732050355
6618,0.17677631154788775,4.38983145885862
6619,0.60259478516273,1.7809357452756025
6620,0.39393268593452113,4.407367216555507
6621,0.2199052300391544,5.349701370048514
6622,0.246344262149647,5.3511033369312955
6623,0.2015842856165746,4.985451269377377
6624,0.325217623727287,4.942480425219982
6625,0.38524580834842115,5.059882594304721
6626,0.07679731381204347,4.979046927007698
6627,0.21509258805876486,4.809594858295112
6628,0.46114310090958255,4.051525332670973
6629,0.41123409520966425,4.5559145996429695
6630,0.32176968793505867,4.914724615743307
6631,0.5994948373901652,4.2928058679719605
6632,0.1875039752571479,5.116576725704798
6633,0.40078046606640116,5.425288321110386
6634,0.21259317836384262,5.074245919210707
6635,0.25859781989996744,4.593199842535762
6636,0.22064837434470053,5.113223387698378
6637,0.2675637785781504,5.0726119815810655
6638,0.3610289745728099,4.912168816132807
6639,0.2990910223805421,5.0825873488585405
6640,0.23577866446872497,5.2037294368154186
6641,0.30048412980864003,5.074699314636
6642,0.41790296628784906,4.649097901662831
6643,0.20418317280311582,4.959444238665656
6644,0.27002344035299797,5.470478272573285
6645,0.19474180352194748,5.37052663571254
6646,0.22807893412386382,4.7055790219013005
6647,0.30138725896371343,5.15725592255964
6648,0.2370284915599541,4.883864665903124
6649,0.3148417665609333,4.940117752345952
6650,0.29366532257848355,4.24622074030812
6651,0.28843688746768126,4.659861743860532
6652,0.1925948916638076,4.721292279852438
6653,0.1016475508593675,6.518757020968904
6654,0.3581006528885884,4.162213842502442
6655,0.1884454754960938,4.508183435462607
6656,0.1850636822524938,5.0092638178939275
6657,0.22111106810182912,4.976680238539286
6658,0.19634668348602036,4.932740223421295
6659,0.3633856435485079,4.714403596176986
6660,0.1654365409250289,5.127954809930593
6661,0.28166154764957096,5.378980134181841
6662,0.12049436138965319,5.894477691461741
6663,0.18639204051016223,4.982414009433507
6664,0.17933383265496028,5.2497796675241215
6665,0.14200212529570422,4.970102121093838
6666,0.24395586935081925,4.606682261869883
6667,0.38562913873104154,4.925640094606143
6668,0.24882719027837896,5.23616580035517
6669,0.6146605732450086,3.977622685516229
6670,0.2886659377094767,4.951448502415472
6671,0.28289461077593225,4.98798127859625
6672,0.36130170201879697,4.764977525875027
6673,0.25639145679238773,4.658941646436787
6674,0.5425432686213489,4.442154847945039
6675,0.24739692237237176,5.310545000194242
6676,0.23190274514765852,5.014763043094899
6677,0.22929158519123116,4.790345437802772
6678,0.17049053088996025,5.048651909537059
6679,0.1891656388098526,4.9185566095001665
6680,0.4004040389312151,5.0668577049785934
6681,0.345637065485644,5.146298424137035
6682,0.10236010049950939,4.851276608061381
6683,0.33309788126795015,4.227826167295579
6684,0.21072731877424533,5.112827968330258
6685,0.2746377802592401,4.955105748073292
6686,0.19204310237346456,5.112831119203438
6687,0.41283406549527846,4.637875759086061
6688,0.3533829333310219,4.904589048377828
6689,0.357790210254759,4.940668037835829
6690,0.14311440022519806,5.1942147831620655
6691,0.12403110027916564,5.909392520897381
6692,0.37260251730354543,5.0659522589688954
6693,0.2594211780803206,5.643087564328786
6694,0.3745885114609959,4.8616541273014935
6695,0.23931658460054117,5.045667102529601
6696,0.21149589905548494,4.945602188480667
6697,0.33963548211829386,4.929015859534731
6698,0.30887486456805546,4.930557291417452
6699,0.305990140554393,4.927858421943254
6700,0.33859652377251415,4.931202682889051
6701,0.2136709956234184,4.910556246912057
6702,0.23117277760299548,4.914112865218758
6703,0.10393826892468061,4.921015285949748
6704,0.25362241874288083,4.914265161934308
6705,0.2735321429067459,4.939878011750771
6706,0.2537522252306259,4.851452977589963
6707,0.3860564205476744,4.912840181288836
6708,0.2131493254763428,4.9031427100212
6709,0.37007387165422645,4.925302978423645
6710,0.11679211699468062,4.90181685138773
6711,0.16522588632249224,4.921495191872189
6712,0.2375678113039521,4.543584539530912
6713,0.33927788443507145,4.96797269444861
6714,0.19683698485475087,4.924083976646951
6715,0.13663475218587906,4.771164940145338
6716,0.3503819189787232,4.926253050434317
6717,0.2600552199071273,4.936336351735493
6718,0.3545619036901144,4.937549923212368
6719,0.4167995372483666,5.003917138081375
6720,0.11695249472539815,4.931293939471564
6721,0.31564332352816526,4.92459119724149
6722,0.3708220788548413,5.296109926758712
6723,0.1532167938974267,4.963295546560813
6724,0.1447700576266473,5.025775844252358
6725,0.2865948110930787,4.908417277435477
6726,0.1756356057861841,4.9202536523546225
6727,0.23264529828391645,4.934560803282402
6728,0.22015640269717518,4.924548829315114
6729,0.13896234494447923,4.893755519937963
6730,0.14776144942346137,4.954238132050239
6731,0.42038559766893635,4.898360504962733
6732,0.29863423538459544,4.872181478973934
6733,0.2073166372440205,4.9059409976623325
6734,0.28907167266635203,4.918548067323352
6735,0.12123048110222978,4.927032554567576
6736,0.4275861009954418,4.897589146089016
6737,0.4229726427652991,4.905983014099906
6738,0.17834360532424265,4.941270463926806
6739,0.19955182183196518,5.0136412786223605
6740,0.1828036234226187,5.315778145089718
6741,0.3143080268780625,4.931930741343482
6742,0.38883585032845835,4.95544380207428
6743,0.11164014325530935,5.302105419773948
6744,0.23026202236477666,4.966015907434658
6745,0.301422363925971,4.9086733473253386
6746,0.29718023194482,4.9302591098549176
6747,0.30078233594116366,4.369907729006952
6748,0.22788727455380609,4.9297327849539485
6749,0.22437856362568875,4.905828952424631
6750,0.25937781798921655,4.9723212967889285
6751,0.3513507546064214,4.90086102912735
6752,0.48568576039911115,4.772572541940097
6753,0.3170241191691643,4.946248914763531
6754,0.2764127534460612,4.827678498445733
6755,0.2216700174094295,4.941814357799137
6756,0.2075691391434331,4.935830924134814
6757,0.377258984457459,4.961700886416134
6758,0.2753617736783025,4.924727292628948
6759,0.3626189986916557,4.947736068182298
6760,0.23269791751933133,4.923504845766358
6761,0.2677526150153786,4.902686360417512
6762,0.457410686035824,4.912748554112678
6763,0.24441639351984068,4.916111927421394
6764,0.2329502768842513,5.0
6765,0.336002525776673,4.932155739026456
6766,0.3014949145150907,4.945867940326947
6767,0.2545719607182242,4.923573859019195
6768,0.12368185201148352,4.976639365193982
6769,0.24187353145309798,4.934653928336221
6770,0.3774150894557995,4.80605792691061
6771,0.16356925018546242,4.921269136526636
6772,0.14808872557369734,5.0064697444058215
6773,0.34552721616189563,4.906276319799732
6774,0.2798114707580581,4.970843238034703
6775,0.25808287350601855,5.5451765582387225
6776,0.15985860562109155,5.059022707928165
6777,0.29019186117298545,4.920483205942832
6778,0.3979255190629827,4.920055051625347
6779,0.34332549944585966,4.461657647406803
6780,0.2517437385373946,4.9378877365063545
6781,0.17624893219698157,4.950329248110448
6782,0.4759372749551831,4.728041669025789
6783,0.30384342815915266,4.940453979959383
6784,0.30285272302612265,4.924713998407411
6785,0.2307730965909196,4.90598711258821
6786,0.2329224782237651,4.9377812477979255
6787,0.1327968715355461,4.9193612550389165
6788,0.35213332823627086,4.88728057407517
6789,0.15832259855827457,4.9109993962930165
6790,0.3672283101344136,5.020911200558267
6791,0.33726069555165017,4.898399720345736
6792,0.49187850755997764,4.906738277705225
6793,0.2800081184455838,4.713523261669659
6794,0.2745964897390527,4.936433128145552
6795,0.4002663146278731,4.9354122845805914
6796,0.3572556050507989,4.911201945148083
6797,0.27727344644788854,4.888649080937011
6798,0.4238671588388827,5.017868758202617
6799,0.23348357103227424,4.952503652063136
6800,0.3586852953391868,4.943420858206178
6801,0.21249481168699447,4.915309899545237
6802,0.14503449420834547,4.909800736516869
6803,0.2172123965535746,4.937067566883915
6804,0.2792759824396611,4.932711337910769
6805,0.4094555043035477,4.945567086000535
6806,0.17792573279148005,4.959450194493433
6807,0.32005273957096847,4.922415552387909
6808,0.33508922658217744,4.996058161101038
6809,0.26618545078802214,5.025593901870771
6810,0.38242033376283247,4.8599793475375375
6811,0.3858219891618164,4.95549747791582
6812,0.3376728645911773,5.1211990546113295
6813,0.289969228164896,4.871567130549774
6814,0.47390512370537907,4.897367528640846
6815,0.2011897041429529,4.921027368984312
6816,0.32107231147945137,5.3336629162352
6817,0.28771643528566515,4.94983639800175
6818,0.2745638567055215,4.884649928068523
6819,0.20951234141867214,4.919970467003232
6820,0.1492096419827864,4.864765258614332
6821,0.22589896272132926,5.27591132074674
6822,0.16421720573622878,4.938668253251182
6823,0.29461927346036876,4.923466979243916
6824,0.37330240205872856,4.927527609378357
6825,0.3269230080918646,4.912417482734197
6826,0.44594656328714066,4.943273897585785
6827,0.2800584961733561,4.886963292902005
6828,0.15149396277094662,4.951560416653864
6829,0.15579425021671134,4.938243412104688
6830,0.304900844206736,4.90211983925489
6831,0.370960915520093,4.915034296798462
6832,0.31610128844140206,4.885258205861112
6833,0.30387437420030494,4.889232103666883
6834,0.2984128685695635,4.910343759297637
6835,0.3568839915039337,4.963893820866838
6836,0.35873404415550714,4.933398542156802
6837,0.3073014695451326,4.882640335998909
6838,0.2069684407215724,4.926796245377005
6839,0.16171363167997255,4.897870740500867
6840,0.31092133507098185,4.918217996904266
6841,0.29901200482777,4.854793931492134
6842,0.2667241024964988,3.9521623892218205
6843,0.2338009678860553,4.8544376610124385
6844,0.5031081920270899,5.086254780663362
6845,0.4196121267970838,4.835115293435965
6846,0.39914962849707125,4.988382776377405
6847,0.338484768288412,4.881252578224906
6848,0.18855394437091544,4.933427110806052
6849,0.3020074049930481,4.916487568437793
6850,0.4051728265720922,4.00720045104114
6851,0.2277149063820625,4.935934919544831
6852,0.41079569978192665,4.851140454921827
6853,0.24768565918970342,4.87448737290741
6854,0.2804411371459048,4.891520018942819
6855,0.20317163101203084,4.8913312824597455
6856,0.23295015382263262,5.0
6857,0.32973329353630554,4.524781102078688
6858,0.3104107409543151,4.864617148512025
6859,0.1360046246756994,4.9464574996424915
6860,0.5051155358579433,4.441690905086242
6861,0.20326854454086196,5.259778959066939
6862,0.2401115111002987,4.904594759715675
6863,0.2929326431059285,4.92742538815766
6864,0.24424902175844831,4.866305294792266
6865,0.3293131401321394,4.866610902938602
6866,0.25468671556288447,4.985982893700243
6867,0.23868642536786533,4.866537974917549
6868,0.24347259027203294,4.953604986997524
6869,0.17617960835410584,4.917910282451281
6870,0.4781421438320288,4.920369075398705
6871,0.16847854811640928,4.926153413349361
6872,0.2961701101262313,4.907553933461992
6873,0.19888857172403163,4.915248157944951
6874,0.26352966591849425,4.885981830561681
6875,0.20808463511305342,4.9768492442431
6876,0.1936747141302293,4.925578732901235
6877,0.2135579103381151,4.941500208184397
6878,0.3220574992714478,4.944330968259392
6879,0.20740977626673707,4.91899077805134
6880,0.21319094071442324,4.894837911950232
6881,0.35185541647111673,4.89928762077402
6882,0.22448608740461906,4.920284459835393
6883,0.26726753127295555,4.8976065960047865
6884,0.40795958385762265,4.922198779809781
6885,0.39488967987778634,4.931752482607896
6886,0.3068965006242441,4.925368329053352
6887,0.2998755460984843,4.938633957347109
6888,0.30615853639579393,4.948737617457315
6889,0.22510955560955836,4.950648718249564
6890,0.5408456734989149,4.918160210652802
6891,0.3229300980243033,4.888452776398564
6892,0.2500601096398509,5.035572018741812
6893,0.24960033253870106,4.921831273631456
6894,0.3217351713067167,4.98660086940653
6895,0.350963625368804,4.861092054017178
6896,0.3236757023908594,4.756639592111753
6897,0.18639394561614475,4.880826501410551
6898,0.10765744523539245,4.922664511419779
6899,0.41934735700792825,4.936360077154127
6900,0.2865908613213386,4.890572467107184
6901,0.1391900060633231,4.911294785534537
6902,0.47356164593128014,4.914927783751484
6903,0.2892739586647868,4.928410961899701
6904,0.33829712243940824,4.88092834991444
6905,0.4216559480718687,4.912904315312128
6906,0.18746890246398817,4.968277639180254
6907,0.2182009116772312,4.894630313218586
6908,0.18908690521263094,4.920841905089439
6909,0.2749462869013759,4.932292978837172
6910,0.15010609684908016,4.924826018605399
6911,0.27836743254662344,4.744583149214243
6912,0.11482272801009707,5.258480194739761
6913,0.2982585765861222,5.084060638327186
6914,0.29253731887642687,5.059682977342703
6915,0.13936577459659993,4.9563635921564675
6916,0.05886780549672643,5.179452438666194
6917,0.24168196731248526,5.057202168840416
6918,0.2726143823513767,4.9991078996014515
6919,0.20692165758300907,5.034184109746036
6920,0.16327034902506732,5.066496237136926
6921,0.29544518604557135,5.084532037559795
6922,0.16287159057640155,4.911843599471579
6923,0.27166011685092495,5.024949035618453
6924,0.16649774665839367,4.983161688572002
6925,0.16899120551154878,5.03078035537925
6926,0.12138077461504548,5.084078078497916
6927,0.1733855147967529,5.024001477520921
6928,0.23528293280209112,4.9537439272320505
6929,0.12791961697726673,5.265073795349702
6930,0.39206086825080977,5.03620928096967
6931,0.29600066413491666,5.03474249432168
6932,0.11482040302377583,5.083560042181796
6933,0.1655875918770049,4.959852829042832
6934,0.07625410007894917,5.084908287079601
6935,0.19382489734217834,5.125886122250973
6936,0.11205482551810242,5.135530464939526
6937,0.2240909787735028,4.874054008339215
6938,0.17296857779986285,5.439367879739736
6939,0.218565780231053,4.993580322486624
6940,0.17846298231448499,5.015555658813637
6941,0.23782154608066208,4.930881949700119
6942,0.22525586312431045,5.1001976806253335
6943,0.1953798662223567,4.996111664080853
6944,0.1474463853521324,4.895802806289469
6945,0.18431018717084457,5.102214618101959
6946,0.3219325757421114,5.078654829529876
6947,0.15962278697655297,5.067408389446566
6948,0.15752502905121912,5.5030483870046165
6949,0.2535985165166028,4.057499711869639
6950,0.3096717973563017,5.240852119352972
6951,0.19980081731451982,5.1097152211191155
6952,0.2565403221387337,5.058539760616174
6953,0.35792779545570097,5.019205279935504
6954,0.15013976463213208,5.048040898457158
6955,0.21574764632421095,5.243865984370615
6956,0.15507023189182267,4.978253518076139
6957,0.24076360053313284,5.109379824583149
6958,0.17214962633031594,4.8555175333959255
6959,0.3675652313866338,5.010839212140361
6960,0.175784012925007,5.03766527101579
6961,0.13767566838768452,5.408938913027592
6962,0.1582176853334094,4.953623137774628
6963,0.2861987428260515,4.462762361324355
6964,0.138977479534097,5.1161657247912995
6965,0.18920669151254654,5.078025254672456
6966,0.13755657467895888,6.845343007993501
6967,0.23919999385460988,5.167692826864068
6968,0.19530018714520647,4.546095904857781
6969,0.24333004674801106,4.680709267009782
6970,0.18834682907870426,5.121832735663112
6971,0.11347261585047752,4.983231920557127
6972,0.2737296748543965,5.0603935540102185
6973,0.14809531671951537,4.994444417772597
6974,0.203121755081223,5.083607037225972
6975,0.2048745117254045,4.8334430767082015
6976,0.1714969812341287,5.06851129019573
6977,0.18998151983079414,5.1824421394350395
6978,0.12599922570266098,4.990419446423848
6979,0.18239186659817475,5.03857631860253
6980,0.23526079811720768,5.207225651106242
6981,0.2357749607772357,5.027284876414537
6982,0.34579734632975057,4.145720462758566
6983,0.22157650711682253,5.0623047404441746
6984,0.16040274066622429,4.6629994302854705
6985,0.18953251085579015,5.137034816282382
6986,0.18064567990413738,5.405518778557061
6987,0.07538462511538935,5.009751456760263
6988,0.17705043313232083,4.920785811591548
6989,0.1208808705316522,5.234514568052333
6990,0.29605665278182713,4.938345076026263
6991,0.2363146156177267,4.080478298535777
6992,0.14822317278235086,5.250094596137247
6993,0.13701804357189773,5.151076287895258
6994,0.31581168578282504,4.741138595355441
6995,0.2397965633169603,5.244077656882622
6996,0.23933429119710503,5.045288652672015
6997,0.2905769956641393,4.470332601800315
6998,0.3365289078932612,5.082227495767313
6999,0.11725303768203332,5.292838236785329
7000,0.1512132334151035,5.247137736882346
7001,0.13607459299224312,5.065892127228011
7002,0.11789420942810214,4.949594229715437
7003,0.11143976923890553,5.340455301632963
7004,0.1938927806944979,5.054104925993714
7005,0.20149217707120148,5.076687645930313
7006,0.23294915646436132,5.0
7007,0.25862410342245634,5.004641410423805
7008,0.21076555103773975,5.095839046603663
7009,0.257582820432531,4.93731568057445
7010,0.14987385511949936,4.97579964280062
7011,0.29825556280265597,5.236818266175822
7012,0.30945744616105353,5.120872826930398
7013,0.299557089903677,4.638088012547037
7014,0.1911659483442314,4.859634213987576
7015,0.14023774050003857,5.037897241456006
7016,0.15940545968898379,5.038242308369609
7017,0.13709347059135468,5.034859922960635
7018,0.16058238873905184,5.073922924240399
7019,0.23928161637594703,5.074169117947074
7020,0.37856925019089693,5.004426025814039
7021,0.12144077096960326,5.079176015772262
7022,0.12983438548586745,5.994435232690405
7023,0.20536148477541283,5.041167798755968
7024,0.4559844226927485,3.733395364400973
7025,0.15515629217338156,4.553418359847807
7026,0.20520204768159855,6.087344957346161
7027,0.27939814460995405,5.070556429492541
7028,0.268126592349053,5.260738470056054
7029,0.12561581031789792,5.013892682558518
7030,0.29277665452674895,4.764591970059149
7031,0.15329469333796064,5.4110035512663135
7032,0.2988795451723478,4.078137526782424
7033,0.2738019152068767,5.032486802800555
7034,0.23978116342416333,5.154144274549486
7035,0.2130814569894468,5.038598649060093
7036,0.1136056715983691,5.035309200399247
7037,0.16145063104599622,6.300292844720126
7038,0.17706495727772054,5.037582744919087
7039,0.07435879719569938,4.986896577700399
7040,0.34452840901638737,5.063342164483551
7041,0.30977809207333373,4.9165254106412615
7042,0.30488663494089496,5.065259546296836
7043,0.17248086536794593,5.239991031650328
7044,0.1214954901071974,5.069816923305934
7045,0.5142164742563342,3.591565696709531
7046,0.1877310631551421,4.7906919760071975
7047,0.15984142542972046,5.05082204249482
7048,0.2456794467557617,5.251216132052194
7049,0.24238130157825943,5.031301076034778
7050,0.24307859097314588,5.179717905178833
7051,0.2685469248326098,5.165504152220768
7052,0.1888213164283643,5.210287591840714
7053,0.27725365140570557,5.1679254855556245
7054,0.271672778714634,5.058254073735924
7055,0.21619925945287477,4.9488735838093145
7056,0.24238154646719656,5.0729558558406485
7057,0.18560129541798642,5.045342304621956
7058,0.1503495519239335,5.555098985128817
7059,0.07719450025200802,5.2117972361373255
7060,0.2329513371435743,5.0
7061,0.36715071656642695,3.6995376766434784
7062,0.13817073188354323,4.938128252734897
7063,0.27709037163717376,5.044337968739923
7064,0.1475493961814962,5.062170075098393
7065,0.17518992542194645,5.071405076954427
7066,0.27776403362737834,4.7940882866701
7067,0.2318038374649083,5.168382583193436
7068,0.0736518941939226,5.034161132880621
7069,0.2614055897910017,4.933437664819724
7070,0.18505937507783,5.174791132893901
7071,0.15759424229848773,5.029715421811467
7072,0.15027621073789366,5.493723487718389
7073,0.08922334725967174,4.96295837321977
7074,0.2105658267396191,5.131084181763512
7075,0.14859154610920333,5.092674174081777
7076,0.30283398115809446,4.063500632917716
7077,0.2097774127407095,4.806995640979412
7078,0.19882764536973352,5.079847753106703
7079,0.2483380334703651,5.015951063450466
7080,0.14458937175798514,4.9570662366486395
7081,0.07621227982647039,5.088474020387999
7082,0.265334282752933,4.226688405679395
7083,0.39561200639776417,5.170582695827575
7084,0.29492389474475256,4.673510618853811
7085,0.3819205705695179,4.879841001958054
7086,0.08642925463598106,4.723029282001843
7087,0.12409802478674559,5.119304070816115
7088,0.15979605191246504,5.010546549582564
7089,0.2273790251306269,5.075825242220473
7090,0.2874835373599043,5.078015344119073
7091,0.22809425863396382,5.116954027713252
7092,0.19099218294290154,4.966917218275384
7093,0.20162465187642464,4.973696639312202
7094,0.16546378381329108,5.418807670497339
7095,0.16866113995301135,5.0941610609530485
7096,0.1860328351621363,4.836281399891558
7097,0.2411818074116343,5.011416215750497
7098,0.20025345353560953,5.1608089487484765
7099,0.2115624666453182,5.121241573266451
7100,0.20384314379011848,5.029350411704732
7101,0.36392139519140176,4.888639651669617
7102,0.14458093207826317,5.139379963116912
7103,0.21028295086901982,5.068225788045897
7104,0.23989599429900021,4.993005644062087
7105,0.1083082241468023,5.065207221916577
7106,0.2324449711523664,5.494433147720503
7107,0.23391309529316895,5.030903013122039
7108,0.06414756002131683,5.0302184253286875
7109,0.182274130960558,5.00339050790374
7110,0.15903792236769587,4.9919301082658585
7111,0.16335773395290776,5.109439837148928
7112,0.1655615543667921,5.159803451810427
7113,0.0952476481143889,4.903355876811517
7114,0.1401116691999329,5.079753243064085
7115,0.2716878162843037,5.085560528050763
7116,0.23987188635064305,5.095778019130988
7117,0.1833096350410781,5.011369764186631
7118,0.2948626495627211,5.0314691966996605
7119,0.11852865201720553,4.863451361904945
7120,0.1481855262848666,5.130613940867459
7121,0.37966148840084935,5.0709442174725705
7122,0.20181956133190604,4.867787416442164
7123,0.11623998526436341,4.698361714914601
7124,0.32636193754808973,5.085717733514201
7125,0.18754939814164096,5.061451908716306
7126,0.173938909279991,4.687296584743885
7127,0.25553305015962735,4.856462693951249
7128,0.3052905435093074,4.779163063020384
7129,0.32386942741418645,5.0920944568729265
7130,0.21751781468532316,5.197626389712857
7131,0.18461873138819862,6.736152220242726
7132,0.2766037648914552,4.935005045261489
7133,0.18092007066143423,5.310557718694753
7134,0.3445756979340715,4.174265325666058
7135,0.12172911618985194,4.9351387576271755
7136,0.3707607214341071,4.85268289584563
7137,0.24465402623070798,4.898791794100887
7138,0.3412487876110746,5.067462933579749
7139,0.21994455258832568,4.978997700608705
7140,0.1472074183011589,5.042898003687322
7141,0.2044451577708939,4.873292090936614
7142,0.25181806625638603,4.739639160062259
7143,0.3700395666752152,4.52293467082157
7144,0.22908144590539892,5.012747409590812
7145,0.21149842928554774,4.901348679193971
7146,0.3293872382429297,5.103820113885567
7147,0.32348503773613757,4.9132737267478355
7148,0.17765830663729498,4.982810074304496
7149,1.106213726709707,1.0888296314198298
7150,0.3403032721390984,4.9162682349107545
7151,0.2703507221896939,5.0638660351757725
7152,0.2625692054803972,4.7836001633099645
7153,0.22603205109660007,5.093187844138418
7154,0.30015836911588445,5.001003356288347
7155,0.20308372694191945,4.9103810527855
7156,0.20520473654502047,5.295216392105786
7157,0.26870577640455284,5.167997562149793
7158,0.32822382761754176,5.058385039248234
7159,0.2198081184733207,4.974940930168108
7160,0.29285026714447904,3.0734070853133355
7161,0.1841469945300651,4.916489056667945
7162,0.2119954699234583,5.172842638429795
7163,0.4790502346093808,4.883992157757264
7164,0.28613485301472963,4.6418158467031745
7165,0.08407533729990746,4.793384008538117
7166,0.32184657137694983,4.810705628192649
7167,0.16115043155640874,5.014099626956288
7168,0.5412882316865104,4.785457104436146
7169,0.3082892198805618,4.842681846681396
7170,0.2534864434875794,5.043992481294692
7171,0.31402107947290014,4.944160056302991
7172,0.35172826499356113,5.026710324002437
7173,0.05887005001714285,4.805884776151359
7174,0.3333180102843303,5.011577115613415
7175,0.31456139802309546,5.182743994471206
7176,0.2799244235923328,4.9120593865476625
7177,0.3355715802024728,4.978811546993649
7178,0.10034393699871424,4.818980355437601
7179,0.2502600665597421,5.243233387396851
7180,0.17974157945741043,5.46768773522782
7181,0.3303609479512333,4.724238648368058
7182,0.35144886392858243,4.85799725363516
7183,0.29046559953520523,4.926085798607174
7184,0.3182273428060942,3.7041087013237206
7185,0.32758754326168393,4.921543418880736
7186,0.2748537261695325,4.836350969450622
7187,0.28630194344391846,4.707480222741101
7188,0.15857458956868586,4.916645101081238
7189,0.38016233054812054,5.106221744001065
7190,0.25969557836422186,5.0270047737542445
7191,0.2380574391649637,4.767226518691059
7192,0.22661074469783693,4.967334362840123
7193,0.24298710217185526,4.877687889074034
7194,0.3260226058310791,5.047627914612258
7195,0.2287591325781111,4.630601110904644
7196,0.31145794509140146,5.066798586636372
7197,0.13137179411218458,4.903682988764064
7198,0.23423420943345175,4.816507261127629
7199,0.19042335478193584,5.089282972266327
7200,0.3248089899118194,4.867302788273058
7201,0.2012970847544926,4.729895157397781
7202,0.3098218009996452,4.86944382350738
7203,0.24296965272866555,4.872848010127981
7204,0.12951725859073004,5.303572356509125
7205,0.22713103152692593,4.982280014869067
7206,0.30039485230312946,4.477616540473006
7207,0.39637773217216776,4.314699204077996
7208,0.2906264130508587,5.028397343218884
7209,0.22396999830082476,4.851611909565774
7210,0.3671145509252953,4.896635973449639
7211,0.12432817436811194,5.116542336989678
7212,0.2716982536910588,4.9906187962063076
7213,0.13722727369371102,4.877697727226593
7214,0.4665026908794112,4.898657852906219
7215,0.23593371918097628,4.879072831270594
7216,0.17503221139950376,5.452154878986724
7217,0.19777864277386947,4.873836753332155
7218,0.21897979222606878,5.159640239204952
7219,0.1764518380036646,4.917323639129867
7220,0.5618854447864898,4.20721844731947
7221,0.2895618634001369,4.978715799737419
7222,0.3335538056631415,4.818950686091048
7223,0.3338954374462728,5.014636435656206
7224,0.33251563484304536,5.062772165284795
7225,0.38761500073966637,5.1725175413918745
7226,0.11119156181358036,5.255818898635285
7227,0.309368129914791,5.007386953991775
7228,0.18020315261343467,4.946934511758574
7229,0.14669034152547833,3.9981919570560542
7230,0.37901935282670807,4.620929601913879
7231,0.30568401000400147,4.743806024843797
7232,0.23952464342823032,4.6857331206977015
7233,0.2471937725036688,5.081659874597495
7234,0.26390465157546616,5.553550769732096
7235,0.2781876194084796,5.069891110928175
7236,0.2969389882788849,4.98656478617689
7237,0.3400133267295038,4.935210884511312
7238,0.2986129774239754,4.7363793949220145
7239,0.34094304371031914,4.832041193318863
7240,0.32551180922348455,4.84328092343266
7241,0.23543257226646874,4.59344371699248
7242,0.29345440579599913,4.89957074410821
7243,0.347967981741679,4.883331947331353
7244,0.4432490196832901,5.031451928584838
7245,0.2920852157402156,5.0107655368127535
7246,0.24885935346343024,4.897758517416095
7247,0.3871617576617328,4.832797105902822
7248,0.33533922697335194,4.746413137825849
7249,0.21163482942242995,6.4246270836397645
7250,0.24957070897223632,5.065967377420897
7251,0.2341728280233919,5.676008703696409
7252,0.25356055668503497,3.2226939003144306
7253,0.4003744022285771,4.861321295202199
7254,0.3577661650660755,4.805593092126674
7255,0.24804531263645968,4.903098885823169
7256,0.23509197110569557,4.7123075186517305
7257,0.35793612660122753,5.106261767887794
7258,0.4776761002222749,4.313080014844086
7259,0.27181614182086067,4.990739712398344
7260,0.12578657072155752,4.848719175272427
7261,0.23246505112622406,4.92336054794567
7262,0.272311632721876,4.949720530725186
7263,0.3181351851367573,4.919604665781865
7264,0.397917718764083,4.229243118826167
7265,0.25826646874455306,5.297150721257404
7266,0.23102863513566452,4.845682139426009
7267,0.33316996055601145,4.724799630457719
7268,0.3800051299104259,4.928451261237106
7269,0.328814825378382,4.921301803976332
7270,0.3956420422410629,4.9093653324382736
7271,0.33085059656050886,4.284407981144049
7272,0.4143545233311885,5.036623375216198
7273,0.1751583457899475,4.930643007935469
7274,0.25184702126634684,4.842603936008061
7275,0.26169768078148614,4.858519563762371
7276,0.3650927639493289,4.886641733921522
7277,0.23443158859642477,4.572266308913058
7278,0.27262287977898336,4.779799607380788
7279,0.34832415305154396,5.246072886703734
7280,0.2401740888170032,4.737911195673696
7281,0.39230565653243876,4.975989290238028
7282,0.4111478728514899,4.615143280442631
7283,0.3439438992840558,4.996074933149259
7284,0.24491812031890636,4.842566714295895
7285,0.34444669520531845,4.923890164485547
7286,0.30766105432032886,4.930915802781213
7287,0.17252335291869736,3.390582001596969
7288,0.1687433017497919,5.341414071378674
7289,0.2961385286681062,4.784681155767716
7290,0.3719051406899936,4.838573794296881
7291,0.3550411775706075,5.078442669411833
7292,0.4023565589669833,4.844322363070148
7293,0.19380768708520546,5.218624905896974
7294,0.183364019384594,6.055208617720247
7295,0.261475369127665,5.257571609195422
7296,0.2329503756121749,5.0
7297,0.26356424389206845,4.851569281219383
7298,0.19497360942962128,4.742501569500508
7299,0.3856698030083565,4.589757679551081
7300,0.3059577362891619,5.299218529860452
7301,0.6075785056441501,4.998417581487464
7302,0.3475429385576301,4.996085820369016
7303,0.30122009309345166,4.917443513367292
7304,0.15511977488616013,6.224990898177367
7305,0.17181758362378563,5.005348516983652
7306,0.23081214801208527,4.95773151011301
7307,0.23646142698736683,4.506394857536762
7308,0.23664646409284162,4.699233757670314
7309,0.3949863748682487,4.597752677462905
7310,0.3202771575776766,4.974400027531685
7311,0.1392624510651077,4.987002612518738
7312,0.18005431938298755,5.000388520338506
7313,0.25335163064711264,4.947361226460201
7314,0.3018654545516726,4.827322783190651
7315,0.3651826235193443,4.962030435376166
7316,0.17850641344007845,4.902731285846009
7317,0.24384459289020222,4.909048863832144
7318,0.32903639277322805,4.898968963524037
7319,0.16106522681005897,4.596572549058617
7320,0.23942809822351818,4.888178714395126
7321,0.20666566851804435,4.762369074903221
7322,0.5234847324034895,4.813085332675833
7323,0.2584685750742255,5.178590204917262
7324,0.20286065345510607,5.354667824076023
7325,0.2507387944747348,4.8940714979037026
7326,0.2734566235069533,5.024818636292627
7327,0.17816561283679033,4.8477809593380705
7328,0.20597125589879206,5.1135360399930985
7329,0.2329501698550165,5.0
7330,0.20624479230004877,4.949459411292603
7331,0.24624036928005744,5.017074031940343
7332,0.34307293243204073,5.240577233932937
7333,0.3187049317134252,4.891084356690563
7334,0.3242958716866604,4.9723577491315485
7335,0.25029502883349664,4.868927313535849
7336,0.29670615234013753,4.645553493002996
7337,0.33419771933133724,4.852404002809747
7338,0.17396477210132444,4.768860026300912
7339,0.17179929266588023,4.952395938139427
7340,0.2537214618585468,5.541832785289644
7341,0.3748152786188166,4.8121689303939785
7342,0.49684997220373495,4.956186796489996
7343,0.08419319946435455,4.616630997557873
7344,0.29733644260303627,4.864148295332429
7345,0.23984465064364624,4.9116400304321495
7346,0.2650994739585357,4.808650231925222
7347,0.13264241003288668,5.0646955623033385
7348,0.3547747627767799,4.899402922763159
7349,0.5139706894964164,4.6825931299359524
7350,0.303888890686312,4.84467344616669
7351,0.2813634930357154,4.985262295529473
7352,0.14530785513533218,4.947859854554046
7353,0.24963890724610804,4.855748012121905
7354,0.5465322088815963,4.859806809431495
7355,0.19913674335687892,4.9981040647027
7356,0.24813019577114215,5.066034478184207
7357,0.43531422206809833,4.8624889855687226
7358,0.26547515758043394,4.896686544314148
7359,0.2464275456919205,4.856329382510944
7360,0.2141810675224134,4.8947947195992025
7361,0.16798758020821114,4.896723541184382
7362,0.17200584588779577,4.867265081851038
7363,0.3390546024495009,4.852915463419096
7364,0.34772178456561353,5.305004652329766
7365,0.28826294184126056,5.006749351834774
7366,0.36192794082210233,4.973190003772157
7367,0.4117215333940749,4.838612767276613
7368,0.27132138077066426,4.892453351675812
7369,0.23617358428405621,4.929224017493521
7370,0.2329502091545752,5.0
7371,0.38320945058392963,4.84867692669722
7372,0.19306701599201537,4.89876246210021
7373,0.39423826072324886,4.927909508128092
7374,0.32681370679485355,4.888450706064393
7375,0.209319055005311,5.049096038241796
7376,0.38060378744877976,4.895720114715161
7377,0.2566082769616542,4.906391674723478
7378,0.32152200288172983,4.9192365607745
7379,0.1668902960246692,4.753193010042764
7380,0.1676198070335253,4.850367026158251
7381,0.20796353612612672,4.727045321418117
7382,0.30651600612356056,4.873712524105489
7383,0.16882006343025258,4.9166658046503375
7384,0.1619230972779635,4.906031227820984
7385,0.2564138906264115,4.898026953089927
7386,0.19123590840621407,4.896464406156955
7387,0.24870509295781762,4.866235691032577
7388,0.3154243517449711,4.876152423821631
7389,0.19631289842850896,4.888406654890698
7390,0.2582168326769616,4.86473789879609
7391,0.2329500010309724,5.0
7392,0.25857567675513593,4.8943615930080675
7393,0.34107228741877993,4.97748793589202
7394,0.3108942519265516,4.904108467819697
7395,0.45223966386430803,4.846503490616936
7396,0.29612038321660505,4.940780128091635
7397,0.17976139690321902,4.897938244395306
7398,0.3432354096629977,4.7677055844191685
7399,0.33167684693468646,4.610566253848214
7400,0.31183630927062644,4.734904048145081
7401,0.21741794327982822,4.918174330169034
7402,0.29083052652162067,4.82543907368604
7403,0.1719152584898178,4.887389201290828
7404,0.2636638414092878,4.889210612028414
7405,0.2600831535574768,4.765239441254323
7406,0.3104003574904646,4.697775722520001
7407,0.21462462005671967,5.111426796379481
7408,0.20684206773741742,4.863556735118344
7409,0.2705446203928763,4.913675864241007
7410,0.264890063183127,4.995522893436677
7411,0.24264842314431467,4.873677599741439
7412,0.3135260759856753,4.894999503165378
7413,0.2951823899204844,4.952427120413168
7414,0.27548940107036635,4.879927548107723
7415,0.5250547217254087,4.943009413610113
7416,0.313965673094291,4.880229390773092
7417,0.35235496671425737,4.5830364725685335
7418,0.17636237272604904,5.1976601305337145
7419,0.2810664190302137,4.967405705183934
7420,0.293509735645632,4.899686137721178
7421,0.24683234380851604,4.858185624522537
7422,0.3321582724650318,4.934169081497828
7423,0.2889666366542871,4.93913621454622
7424,0.08806124680190175,4.768339426385113
7425,0.3102355447160168,4.886886742757479
7426,0.32265048545798014,4.882916391057313
7427,0.3415919948535304,4.906293374824884
7428,0.43451060190678126,4.8325898710471105
7429,0.2754434556170944,4.843682111234671
7430,0.32802462780085406,4.844159672449173
7431,0.4638698172773288,4.882468345299129
7432,0.18952324231239737,4.889780033829698
7433,0.26546391261462654,4.922224711177243
7434,0.26738508564935404,4.90837868350245
7435,0.41881214945152023,5.082678599916921
7436,0.3284155735030103,4.8912927420220775
7437,0.2870904355909596,4.8601840337284585
7438,0.30855960058848964,4.875590730685717
7439,0.11244797673147544,4.942071240866008
7440,0.40814060157986454,4.915357409199768
7441,0.21237000874382783,5.003922134154308
7442,0.260186678155063,4.6621007958527905
7443,0.33219397266986905,4.785507991720097
7444,0.31165289371106564,4.8935286682192025
7445,0.28129062580374375,4.909835598046204
7446,0.3502226028936346,4.398135542109021
7447,0.302009951140078,5.047511463226533
7448,0.32986747572367414,4.913727142777473
7449,0.20219720819861964,4.854032096882577
7450,0.18033792603028131,4.833737184273854
7451,0.3461322025099598,4.869446478181585
7452,0.20404423201070987,4.919978564142342
7453,0.5312481095205994,4.849644864611395
7454,0.3770547725852731,5.109329578827335
7455,0.5165263816023531,4.874590010435655
7456,0.34649184187519344,4.935565243113116
7457,0.11135779727017425,4.583834949726304
7458,0.2797128919047309,4.906030530320651
7459,0.25428830508283107,4.914359259434997
7460,0.23731236114592025,4.895717728974294
7461,0.1505395472386062,4.794048120563872
7462,0.44995819170996,4.848705303347147
7463,0.2122886080175379,4.893527781818721
7464,0.14863392849720158,4.903931010239386
7465,0.25287942086482995,4.927997847316297
7466,0.4935936198162538,4.953631183331266
7467,0.21359177053494305,5.094159690335376
7468,0.333295813180972,4.8773750794920545
7469,0.4515262279693497,4.956454501165339
7470,0.12408267058902056,4.877844895815384
7471,0.23093498462128603,4.966309878609065
7472,0.2803285081188329,4.921701169204331
7473,0.19529356292929223,4.850600768356488
7474,0.3156669526639009,4.895447726408868
7475,0.245455002524116,4.886897669605963
7476,0.38539809187559837,4.808096915097391
7477,0.1808590360202711,4.8615390930534375
7478,0.357004935495735,4.911137368239622
7479,0.1157170515091357,4.940373528242494
7480,0.4063275403284925,4.478317320137828
7481,0.4283319690249885,4.741300808242954
7482,0.3061179782426773,4.8912417777469575
7483,0.21076714776395855,4.891838644185391
7484,0.21192353871956282,4.921652150550688
7485,0.34151702298292963,4.9094800698880725
7486,0.20537368947608203,4.891909313213292
7487,0.045965883695411325,4.874749871037132
7488,0.37112296247001764,4.884651404527256
7489,0.2713519465008145,4.845247990508446
7490,0.5041949689748446,4.865923451912968
7491,0.4507955347283774,4.827717793016975
7492,0.1550767899156973,4.400372630856024
7493,0.3093112202209054,4.8410335212837285
7494,0.1965003204442941,4.911303565569041
7495,0.3611880699976504,4.896797728089455
7496,0.1818940942796825,4.895432941279738
7497,0.27748977426080823,4.904416448736653
7498,0.24704186871187428,4.973301675676529
7499,0.31674075213400466,4.896045651463892
7500,0.23935768374380784,4.910806055389045
7501,0.3026893683930705,4.85177216493609
7502,0.19586170410512715,4.891387978698756
7503,0.1473795289955171,4.939478947201614
7504,0.17767000889578033,5.059657377251607
7505,0.4545347406235418,4.904603728591113
7506,0.10044073219266125,4.891670212077894
7507,0.1833376904866888,4.890758461234075
7508,0.5390046961793518,4.911249702647842
7509,0.22365146517257006,4.898964352470214
7510,0.2775264820294956,4.973547346976579
7511,0.22210738172176958,4.910287339610244
7512,0.1619987224251671,4.877565569811759
7513,0.0674439094526722,5.363564081606
7514,0.21526291289637545,4.984771822349545
7515,0.22040720100484568,4.82287213895531
7516,0.20575767462227268,4.865741072438219
7517,0.23383094903969548,4.923106913283561
7518,0.3965890957716032,4.878852419418811
7519,0.3717730829822681,4.903502279026135
7520,0.30162651334468404,4.88161367009897
7521,0.23368434946220162,4.926334297826633
7522,0.1976188785492241,4.8730576872111975
7523,0.23858775203265892,5.161370134686347
7524,0.18208119124734612,5.005612995653541
7525,0.3016187035690643,4.933195859098589
7526,0.36500533416365544,4.897216118241454
7527,0.21624846760341243,4.911520824042155
7528,0.380546627649168,4.6942484064961665
7529,0.12389973594598458,4.899267215699439
7530,0.31700600739176954,4.973733962954041
7531,0.28003248198516584,4.895396827207792
7532,0.34308487654519504,4.887055335283517
7533,0.4029985572599377,4.93028224829005
7534,0.3657898110343347,5.003804191643502
7535,0.28145144961370594,4.865154074360385
7536,0.24914305418978433,5.331816738926118
7537,0.3681194260235643,4.933920755198464
7538,0.1791217182166278,4.864743105098581
7539,0.22155175912369907,4.866359904439017
7540,0.2652634981774644,4.8452408526960244
7541,0.2495043260301839,4.8213840360249804
7542,0.2862630566976423,4.888312752936814
7543,0.2944851197356726,4.906590457927198
7544,0.21474823683634714,4.902687411807456
7545,0.21213950356163602,4.82096551883858
7546,0.15243501131533566,4.8745968338606005
7547,0.28134649912456466,4.90195667593361
7548,0.37017981947977474,4.98610483337858
7549,0.25955685782301363,4.994896318303095
7550,0.4129523941793023,4.899888083662143
7551,0.2539294073770131,4.847952328173015
7552,0.18222394749131743,4.932720025816444
7553,0.30769482223003863,4.947466976859394
7554,0.38910129026898965,4.454156152553326
7555,0.1396284864449946,4.809388281317117
7556,0.17660734060447125,4.865004717604258
7557,0.1920087439246918,4.882754541533538
7558,0.2436795930076503,4.973625145902698
7559,0.3145742904817008,4.836936448016607
7560,0.1469586093945574,4.79586940490317
7561,0.2865667653959123,4.7986155339900005
7562,0.3734739615229157,4.766875344482653
7563,0.4608707337119289,4.782707714600827
7564,0.24500180312594066,4.764717273298844
7565,0.44901929476689784,4.7657884342231505
7566,0.37031158223918514,4.812470703157539
7567,0.510902253003175,4.754568732079134
7568,0.17267280644040683,4.779623482272424
7569,0.503176618745905,4.751117829539577
7570,0.3396155410962156,4.779741361875232
7571,0.35829517708839287,4.7827291131890615
7572,0.3670511153647318,4.737964421651535
7573,0.33100162101469044,4.764562541750648
7574,0.14405644254370742,4.8089298116408585
7575,0.3369885176641665,4.7963553858977725
7576,0.6886358031480642,4.716021951925358
7577,0.5694553798198037,4.783404412746792
7578,0.2639934903795431,4.785629248375427
7579,0.3714216625062299,4.771098288783797
7580,0.46714046417989463,4.789455538980558
7581,0.2972199500337971,4.775765920006316
7582,0.2581538009804758,4.776855783148548
7583,0.3353388488273812,4.80135003483527
7584,0.2836560549821354,4.763912061689757
7585,0.37630577124777953,4.775686160231993
7586,0.42412108361378853,4.782315003071895
7587,0.4984459098285483,4.780744514341846
7588,0.4388177480071609,4.767748619567227
7589,0.3696085918861205,4.789358077102044
7590,0.31228412704942765,4.77756987405467
7591,0.41693607239110353,4.756699918045539
7592,0.22411056870793766,4.7965129081244395
7593,0.4160712093539598,4.793044383842098
7594,0.33103306670287624,4.776105401123436
7595,0.44017234437786046,4.756230233007868
7596,0.18729073237031368,4.790998534339437
7597,0.4586150910993043,4.770519231240602
7598,0.1798077898902859,4.769007637711162
7599,0.4552143596307481,4.801788679386814
7600,0.46370880083756716,4.787436762248385
7601,0.735917770242779,4.753542619933793
7602,0.2211742942804853,4.775845566773986
7603,0.2505304663039061,4.6065228023809635
7604,0.5219980286618053,4.841604596121822
7605,0.47757727263077787,4.774674839783746
7606,0.5790013215167997,4.994298481485417
7607,0.3374631867645901,4.745383078548118
7608,0.3392087747391108,4.783014439005582
7609,0.24647405876104145,4.774054290991723
7610,0.3552204315640515,4.784904580553064
7611,0.32378962127212585,4.789601429649535
7612,0.404487607101331,4.797540378632101
7613,0.29812779666601763,4.788135201020705
7614,0.26999359648856736,4.783028266936231
7615,0.4349209424062943,4.796669091939076
7616,0.262614261275564,4.759771400221862
7617,0.5178390499512631,4.777213087800378
7618,0.33357507369816974,4.8310495392334385
7619,0.6211509757110578,4.811368382007446
7620,0.44217716048825517,4.765323528535426
7621,0.4124604493668953,4.785813440207001
7622,0.32518565787645226,4.769979466970229
7623,0.2642849285850766,4.79648704458806
7624,0.11798534483285517,4.786849063616216
7625,0.3473052619444501,4.756387743981962
7626,0.3364804582695913,4.777687211576609
7627,0.4201460480817141,4.786772216165662
7628,0.314207894393314,4.802463847601555
7629,0.2702338262453601,4.795984121881185
7630,0.22729007899307296,4.758425195342149
7631,0.35769900067871996,4.816327532028355
7632,0.3851904750503674,4.771042069166125
7633,0.29731797027916973,4.743175342502033
7634,0.42852551352098356,4.750349693076608
7635,0.4221724064203034,4.78553583488214
7636,0.23740301175753897,4.789119552011236
7637,0.36714003202204526,4.808217929343339
7638,0.5487619309816045,4.787726452744039
7639,0.36565635556093645,4.79956598468009
7640,0.4500831267670913,4.746568077919218
7641,0.3111161062113832,4.778773346565224
7642,0.20760272899286503,4.806906458724827
7643,0.49618891818539756,4.767738917084605
7644,0.20189355565468725,4.731402608680808
7645,0.23295033813617416,5.0
7646,0.4240657989713412,4.834903139536175
7647,0.45653936745501467,4.765695523778106
7648,0.48599387165423646,4.7904337185737145
7649,0.4507531215781053,4.778382305270945
7650,0.14974937151057954,4.717742958539857
7651,0.23857345075544134,4.788828391841511
7652,0.2677310813551097,4.763461615313442
7653,0.19683134940087066,4.79764648902731
7654,0.3658955526247838,4.788262150116234
7655,0.5232424524956079,4.74959865832477
7656,0.30161335730199634,4.781355725673642
7657,0.25742740305204803,4.774562446409858
7658,0.30060502813731205,4.712347078760706
7659,0.2723071773364787,4.795394837806448
7660,0.6889718585204561,4.7682050994681635
7661,0.5383934154287124,4.759735185435403
7662,0.20815704548034564,4.7699486439151695
7663,0.49530467450001625,4.775891916443706
7664,0.22454285267107799,4.778890012159822
7665,0.33722083063674546,4.793853719141534
7666,0.2736990619180306,4.770018350318015
7667,0.3161978806304351,4.770179557955547
7668,0.44408106571682193,4.753172556023921
7669,0.3289902427445699,4.770730671866197
7670,0.29645476099760826,4.796456211902056
7671,0.525324315980805,4.76625443691117
7672,0.2708293338610426,4.791832952593671
7673,0.38260377782135446,4.756801979772414
7674,0.43921405184238194,4.778657117894269
7675,0.25958910354755704,4.767136218121584
7676,0.3271796045894697,4.831777888713891
7677,0.44383337951100543,4.784232369740842
7678,0.4214060772595767,4.775800621405599
7679,0.1823877325612282,4.78716162979949
7680,0.24262204836744328,4.773652551011862
7681,0.23051902209015385,4.782760427199957
7682,0.4146934898146417,4.838195250367887
7683,0.2555786149975825,4.779382637993157
7684,0.17163256899529333,4.7722122827451585
7685,0.46942796457261693,4.752282577633826
7686,0.3034262421542542,4.801281662073702
7687,0.3048950877874155,4.788318206146505
7688,0.29049665518734247,4.800780448212967
7689,0.22296321518062312,4.768845200709277
7690,0.4757126324939056,4.772253866794873
7691,0.5592350304994655,4.770899931467252
7692,0.35894977258371386,4.7614733656658
7693,0.2856026667159832,4.727206671329132
7694,0.29556909515103147,4.771871395172127
7695,0.3304991226327454,4.766514946743063
7696,0.32518825740512214,4.776387603185563
7697,0.39942021579849474,4.789946162575953
7698,0.4751698845650374,4.7812842631133545
7699,0.40047993828828865,4.7826929132810125
7700,0.17956087290868972,4.784441113148663
7701,0.375816094899337,4.796177723266277
7702,0.31934425994066395,4.784115518745935
7703,0.2862504572008395,4.789550432777938
7704,0.3770760718712385,4.76764978167747
7705,0.36036916172101385,4.76535881115522
7706,0.4299666449277293,4.7703739103166765
7707,0.3328739894578625,4.79362960411823
7708,0.5104467310433809,4.793798270529956
7709,0.5606680436729763,4.772740260287023
7710,0.44237226647125927,4.776728476184582
7711,0.2887302478020515,4.769712644142432
7712,0.34384339294856936,4.79454427602243
7713,0.319780537695989,4.796569264434494
7714,0.3214423161650186,4.788931545404891
7715,0.29462196531372586,4.795734023843936
7716,0.5264948371637193,4.782102439505689
7717,0.15933333212925493,4.776434020318652
7718,0.4257963819476269,4.782740543526138
7719,0.46500339617546516,4.784292766120766
7720,0.31152107211175095,4.784432867403945
7721,0.5515377876781038,4.78267895727587
7722,0.41014105794500266,4.796642028426268
7723,0.44874317076492165,4.76560531788631
7724,0.27052372028495486,4.798945252547311
7725,0.24044372848580808,4.785540774425359
7726,0.27841726400321454,4.766737291201757
7727,0.3894509460816298,4.793847871963797
7728,0.37153714965606977,4.765030641074901
7729,0.3128703782628204,4.781826506950102
7730,0.2046166165116461,4.7851195975796745
7731,0.3022370961192522,4.80433241024059
7732,0.1536233359528798,4.784141581842265
7733,0.3588434958306497,4.781397956417717
7734,0.29643999400742116,4.765407684609473
7735,0.5476950382696952,4.779107925375774
7736,0.3130666202433863,4.796079280824799
7737,0.2121569986749816,4.7766873211527106
7738,0.2916335078055319,4.801503223451897
7739,0.2453810526349116,4.7700615555814
7740,0.2782159299125646,4.802341399520378
7741,0.27286194773112804,4.752474285736037
7742,0.17985880760995432,4.75843453274611
7743,0.29339322096695186,4.7660936724482905
7744,0.4520939950912488,4.777380844953134
7745,0.5560746655031381,4.775533433102828
7746,0.2679488082027157,4.809921046415493
7747,0.30173579939850503,4.759009512815657
7748,0.261815206366393,4.790507264395334
7749,0.4850074046960071,4.790051160707334
7750,0.3201729503601336,4.783154781155572
7751,0.52034851546278,4.793916266381144
7752,0.36305549838795703,4.758881142024514
7753,0.4425752937158447,4.7679627013444925
7754,0.3595576925296491,4.782956629911865
7755,0.4340053176839107,4.73986196838851
7756,0.4496211694425454,4.769314819665782
7757,0.3477858730827226,4.767903684333863
7758,0.31945875110505106,4.8066722457647515
7759,0.2238467360163665,4.759298679477713
7760,0.33312825599155893,4.780797788592919
7761,0.4494507557047345,4.760777087478614
7762,0.2329500735004144,5.0
7763,0.4581973646474471,4.758992061274556
7764,0.21296015506135668,4.778536670149487
7765,0.39024186174045417,4.728719712477787
7766,0.2636657286234245,4.792612207500824
7767,0.41976903372815033,4.827049910539358
7768,0.3945491717912246,4.795648632843186
7769,0.5619740891758407,4.798749511231986
7770,0.16583102975616626,4.781570615879582
7771,0.3852225022514546,4.7824602079804635
7772,0.3974659720985487,4.772398604186776
7773,0.537967739201074,4.808172389806655
7774,0.49086907806916,4.77205935100006
7775,0.4409977967898224,4.773415593565291
7776,0.21356331931558947,3.838858101233349
7777,0.34099792722361544,4.873778800230815
7778,0.12144284556886809,5.625348269448827
7779,0.335145414999209,4.651472862936625
7780,0.17794858008827208,5.129320829004369
7781,0.42593908753896814,4.653652094554914
7782,0.19139059871623365,5.126826623979941
7783,0.27513730024352223,4.930654039537936
7784,0.18435069550505356,5.264232524832249
7785,0.3108545262617821,5.282721326514759
7786,0.3178005871212015,4.2853563976238895
7787,0.2167304736712583,4.883986127675168
7788,0.435305545272743,5.142642206217918
7789,0.17994073469128602,5.113269116402925
7790,0.18908306389102014,5.165594154045383
7791,0.3002232193530521,4.8892567571561685
7792,0.43850668813203475,4.862385883171889
7793,0.33050115382673484,5.02202304537871
7794,0.29926839671891026,4.736447184475168
7795,0.3003785372198411,4.826707917498174
7796,0.3133401223552388,4.726090093508963
7797,0.4050538652312403,3.6245330407238185
7798,0.20164791670619286,4.913029867960024
7799,0.33600142403857136,5.098782571648117
7800,0.24882781216525984,5.219623713096269
7801,0.19005162009840615,4.812337363644872
7802,0.16260426251228854,6.9342700178641525
7803,0.20893073356148473,5.4436861231401235
7804,0.3906204843607739,4.838998335314377
7805,0.29466877318996487,4.666322389419699
7806,0.2814648368845396,5.005099856808224
7807,0.3129440080361088,4.9085785070561805
7808,0.3957291133840113,4.73114465118476
7809,0.1567098633632733,5.772199604436343
7810,0.4676103897151196,4.606492511034057
7811,0.3116215437764158,3.214313764000627
7812,0.24632764517071637,5.607942745737473
7813,0.2882563928615838,4.993980909185067
7814,0.1750090349773139,5.334177407344587
7815,0.17022596032586446,4.857282191903778
7816,0.5768506741705437,1.9378836031105129
7817,0.4997892967987372,4.1805971972812905
7818,0.1574863018975856,4.920354141207035
7819,0.28298736643883293,4.526985994531527
7820,0.25386016676843126,5.00865020095647
7821,0.41238771401817953,5.16572864452109
7822,0.16043479729832222,5.270706285683859
7823,0.21594272742664278,5.262731730958139
7824,0.20117538869193918,5.135926520404226
7825,0.26261750602361533,5.360174434279639
7826,0.2639257194446636,4.888893017379479
7827,0.16251593906440376,4.931410872656015
7828,0.3081152606901165,4.790605283237275
7829,0.28334040773439684,4.665805667963978
7830,0.33797356769197573,4.078503390151047
7831,0.3629176433733985,4.749144396958007
7832,0.21276611437358706,5.241377890730394
7833,0.31558162499680575,5.008787095436116
7834,0.208457765713161,5.227249500324609
7835,0.36264194507432723,5.135974854340608
7836,0.3004718889012492,4.829397571801444
7837,0.2689377204557486,5.416977013974806
7838,0.29184473522350207,5.08908515582716
7839,0.18764367840477947,4.686175872996614
7840,0.20930901698230797,4.686599536594889
7841,0.1619804012163173,5.0317628574027395
7842,0.2203602602629764,4.672845870235767
7843,0.2937048083644216,4.986293587895156
7844,0.17985059316079477,4.785658714885539
7845,0.3381036048794068,4.221652360935035
7846,0.12611779988033045,5.248350708936416
7847,0.12735488431211905,4.707957185174969
7848,0.5149818109251711,4.8822124451001425
7849,0.36487014176011434,4.7597322368028205
7850,0.1207535630885197,5.099692489640395
7851,0.1881296759299016,5.1465751432362605
7852,0.2835294192491413,5.070786936758331
7853,0.11838694295346497,5.256496874579177
7854,0.20973679747652207,4.812376291201597
7855,0.2744768848654051,4.609775990081184
7856,0.3607271174465976,5.047625239019569
7857,0.17942911151940977,4.954375095408539
7858,0.28694139628436055,4.81078684359364
7859,0.26917758686757653,5.202647383893746
7860,0.18605966442364674,4.925445582842887
7861,0.23295003252965651,5.0
7862,0.13401104109366413,6.059533340973626
7863,0.3485113653923122,5.00425942355216
7864,0.1897428042424676,6.663501980745297
7865,0.23088184635366815,4.74044112150338
7866,0.40361756927147363,5.180472814008823
7867,0.4060155688365341,4.875753946262158
7868,0.39394197357477045,4.52603124465095
7869,0.232632171040827,4.745083677624207
7870,0.3004326597598612,4.989875569720326
7871,0.3215257840223962,5.015182896667554
7872,0.3743652360091345,4.61820640443479
7873,0.18782649084412473,5.363910152008948
7874,0.27898749381972454,5.253736299369081
7875,0.2683631351944755,5.051397837072731
7876,0.23359429472829252,4.703321827856861
7877,0.30345106552338086,4.818709443733313
7878,0.24670845970400967,5.096879143994499
7879,0.5418684567426171,5.025115769636415
7880,0.21406484014266347,5.429403992492086
7881,0.25542937660015297,4.969570005894175
7882,0.2715023050922152,4.871781566363262
7883,0.31619811198678005,5.122396592057719
7884,0.39521971375200615,5.064627361879719
7885,0.22319446020446065,4.64382927447522
7886,0.16754346827744215,4.973644573740987
7887,0.29951421708084247,5.601835302196809
7888,0.14580246733808266,4.866859548627431
7889,0.27854168090499476,4.917387204955093
7890,0.411912027890454,4.084376332639357
7891,0.2031442829652772,4.982788904920028
7892,0.14708887651043168,6.713429692636437
7893,0.30099593235659783,5.2325781124699144
7894,0.91110769428952,1.7986998441244362
7895,0.28838550152427556,4.71801869629239
7896,0.15106765932187893,5.119278217077898
7897,0.12215098870681862,5.124774960533616
7898,0.35486869699702384,5.030500736686951
7899,0.1938581652760727,4.782442738663875
7900,0.15848511408141808,5.132509430541496
7901,0.14313863947872085,4.927813878485043
7902,0.21133802968942583,4.377161134268883
7903,0.4459844004985767,2.1797260947230823
7904,0.3452086448854057,4.6084076816160735
7905,0.18255575839458738,5.472965600300439
7906,0.43676269587771,3.4246286718650243
7907,0.345474244501192,4.94461998361774
7908,0.3770919809508877,5.006384157485133
7909,0.18825535171930174,4.413883068146429
7910,0.1976184586836507,5.356481938391093
7911,0.3971318226068905,4.922113993950816
7912,0.13084377000943404,5.308345713759826
7913,0.2513945647538405,5.312881297857617
7914,0.42727578000019384,5.1204300022988924
7915,0.33615444478469003,5.015871643071188
7916,0.2075638933920756,4.899629599616597
7917,0.34409111807206094,5.130125045341618
7918,0.19968768288241168,4.781506496584091
7919,0.3131061221741094,3.5962321795127306
7920,0.1351575423782141,5.278799754550132
7921,0.26413830045833153,5.404795327043566
7922,0.15752219291024283,5.100044316534698
7923,0.17352258379372998,5.031331111318202
7924,0.263258990225796,5.029233748559783
7925,0.33816882873550314,4.68866580259764
7926,0.2415360771545061,5.223418287324675
7927,0.311268164070547,5.1465256420602135
7928,0.19514776877381856,5.126170162949828
7929,0.12722020866338024,5.157751327167217
7930,0.21912188470489968,5.082262832651692
7931,0.18826402169463274,5.623845664483316
7932,0.23294978777928477,5.0
7933,0.18091764673231991,4.735423724542516
7934,0.3387873694245025,4.000401145197374
7935,0.13398772202560916,5.321389821915803
7936,0.16607158874821937,5.155146643259272
7937,0.2783030375218336,5.094393018098495
7938,0.3092843787309658,4.659685391962656
7939,0.20623370753811932,4.660419732601557
7940,0.2137509935123194,5.484336599856787
7941,0.09420216599737397,5.621566217062108
7942,0.21560862567887606,5.511707560257486
7943,0.44996133761649415,3.542142116091993
7944,0.18047547322005197,5.142903442841424
7945,0.07886835637103018,4.6397973295054395
7946,0.2921553275133242,4.970731936574735
7947,0.2372792393805343,5.1205508218978135
7948,0.07462048377737407,4.922607135217794
7949,0.360142545106501,4.791480353965625
7950,0.19328002944741063,4.507197245700603
7951,0.34965584687528284,5.012014852380329
7952,0.4708337951692163,4.032375460447835
7953,0.24689939187764254,5.2003286336418775
7954,0.36629020374728727,5.121161369865037
7955,0.3500318333179302,5.136486491919241
7956,0.32837866908856483,4.862998902309306
7957,0.3930756470637842,4.417922432903252
7958,0.21935399223799146,4.666400769091785
7959,0.24236001749573965,4.87428356334946
7960,0.11063620443875322,4.775268616125512
7961,0.30473983667530136,5.554328550553107
7962,0.5048709502017963,2.315284296497273
7963,0.27432674876073015,4.85665762478539
7964,0.11260954926165234,5.056048141081746
7965,0.29573680969172833,4.911465388933909
7966,0.2690547966965646,4.886700137186795
7967,0.2879150180933856,4.861802330162277
7968,0.32156057040994,5.038919634510464
7969,0.35359823841883786,4.976075452722251
7970,0.3125429375907245,5.514188265740705
7971,0.33757097668979985,4.59555845543373
7972,0.2437291056146711,4.536687692140093
7973,0.2969012235234316,5.311194341245633
7974,0.20639628928363263,5.215298659730694
7975,0.23600233756480993,5.163344924150373
7976,0.3351581388706013,4.166740402765345
7977,0.28842372234432156,5.305553422698992
7978,0.2488639766944576,4.79809492953474
7979,0.24411678131728087,5.221476012984203
7980,0.18111724667793827,5.945578186870231
7981,0.37637627591773026,4.901576301800841
7982,0.19231395009219598,5.300633747430377
7983,0.2839392993247143,5.322095937223903
7984,0.16051630253112825,5.156276222653675
7985,0.3100655858280601,4.789692518240436
7986,0.22121785473221411,4.872724817917966
7987,0.2106893303805435,4.5597882403782375
7988,0.3039067682594403,5.3401622862339515
7989,0.17557707618468066,4.75527643678487
7990,0.5280231505281918,4.08845980576463
7991,0.20302999003652955,4.956664085855085
7992,0.3648654534462126,4.909962405279522
7993,0.2852830720764681,4.922003657433969
7994,0.34240889396280494,4.912173190247735
7995,0.23294996288454817,5.0
7996,0.2929723660059973,4.9097106350202235
7997,0.2692038240303738,4.909021217902101
7998,0.23265342488752405,4.90630925830402
7999,0.21782606033173613,4.9132809071718775
8000,0.2502978331280783,4.9079000388637795
8001,0.31300391195374355,4.902289855825321
8002,0.31155457188970836,4.919523962612091
8003,0.4348183011734308,4.91536415116772
8004,0.274262645350251,4.9070167077226845
8005,0.363231769204416,4.902152270618982
8006,0.28402440367219084,4.908676407818344
8007,0.33574864809857785,4.9134820905727405
8008,0.5155717376726259,4.887610290391633
8009,0.3095075416518822,4.906090074093621
8010,0.1930550704920515,4.907333427841012
8011,0.259904954964292,4.921203475630538
8012,0.28520458933377024,4.912034982714841
8013,0.2973273324707375,4.915142387568494
8014,0.14490578062161852,4.917130515980608
8015,0.420297459209523,4.922744463808382
8016,0.41849036033733067,4.902416954620126
8017,0.5367127458372252,4.9158972993774785
8018,0.23720877321711287,4.905320816809011
8019,0.4128428971454481,4.910063090453649
8020,0.2413433358221,4.906122434983677
8021,0.41859407688616646,4.927127572375056
8022,0.2610134426874191,4.91373051994068
8023,0.26131755362169784,4.889361946994599
8024,0.2166587973447618,4.923135266383065
8025,0.2751548353989077,4.921011912903532
8026,0.25066468611042203,4.906196218005423
8027,0.27846666220152794,4.905354244832711
8028,0.3917209149341023,4.911675972858713
8029,0.21805591261247725,4.913405584158355
8030,0.14099619429232857,4.9082654618024435
8031,0.3402462748481516,4.909951432075976
8032,0.22195190326261116,4.896333033538163
8033,0.30573548319890587,4.908123516280556
8034,0.283527817846869,4.9144369486172845
8035,0.3410449029651681,4.908964194408183
8036,0.2793424116320291,4.897658178466298
8037,0.5242173823083631,4.911833779496009
8038,0.31930367332977894,4.910490388717168
8039,0.33819161992247704,4.898860731053292
8040,0.18753482983409908,4.9099483831290325
8041,0.3070124571349533,4.906519453599616
8042,0.24659651745952793,4.914806529981028
8043,0.22686672619331594,4.916343259956886
8044,0.30490169449394977,4.916687881202311
8045,0.2784055162686081,4.911394191792855
8046,0.4593162186713229,4.90376385668104
8047,0.26029456729274947,4.91700694718304
8048,0.22583641009267263,4.905418510543376
8049,0.2911289026795192,4.914217310371063
8050,0.2251068603143105,4.925191037396912
8051,0.27455411804648655,4.922870649621389
8052,0.28848874275380565,4.90933390941418
8053,0.3924027919077735,4.914691361715349
8054,0.17650047251344292,4.924316446142214
8055,0.2674784218893178,4.914574175813238
8056,0.3250248959250259,4.912520998875456
8057,0.274982569013279,4.906990967114
8058,0.3735127528672675,4.904501208516789
8059,0.2334432051907247,4.923882345139878
8060,0.2590462091400958,4.917243651344156
8061,0.23295037020070786,5.0
8062,0.2108657927529054,4.900269093905694
8063,0.2501822780112295,4.923052062301361
8064,0.19787684932302163,4.905354988548005
8065,0.3420012088801603,4.916111978057325
8066,0.3866494600046311,4.912196994999967
8067,0.6021786022373583,4.917410652343079
8068,0.23798297112200584,4.920784811704442
8069,0.3465043382112607,4.910773516649325
8070,0.3517386191611047,4.911521875059668
8071,0.36273265574938085,4.920432675959461
8072,0.16366832012623878,4.923709993420493
8073,0.3952866908920061,4.861405044488878
8074,0.27702717425972145,4.912746058033832
8075,0.19816869783865232,4.898112173730507
8076,0.2720636381494972,4.907897580409113
8077,0.2192807913896968,4.910122984769689
8078,0.2594161938856272,4.907402708503028
8079,0.39008635483715626,4.909120224937116
8080,0.5134998209045769,4.90842750088528
8081,0.2960830731587749,4.907890661815131
8082,0.17904335821195172,4.910900795212019
8083,0.4979509309049599,4.909305086983222
8084,0.19874028096213503,4.891367159303792
8085,0.24253492828273382,4.9424530416547885
8086,0.3104388007887997,4.908144609842884
8087,0.28873502680804997,4.915405928344692
8088,0.3925753733082311,4.904725906616791
8089,0.2256766703319808,4.910525571643625
8090,0.3215862408746639,4.907451077683556
8091,0.22476277274414236,4.919941295250769
8092,0.37640175998065994,4.895701859513366
8093,0.1523281942780459,4.908462388799428
8094,0.2664783809068645,4.899409006491373
8095,0.2570155020301743,4.920200489066895
8096,0.31995498378353915,4.9083395075736735
8097,0.24256390383500737,4.9085872282299725
8098,0.3148862914963815,4.922821482150832
8099,0.3212018783049504,4.904853391040103
8100,0.41425422386379185,4.903617158811864
8101,0.17286358840112914,4.916112722640529
8102,0.08810205486129985,4.91537460328118
8103,0.30014737146031645,4.915202076497174
8104,0.23460515067876475,4.948650924874238
8105,0.29362736857148164,4.916726140160774
8106,0.3446267404831478,4.906139110249432
8107,0.1612753955666293,4.92510552264207
8108,0.2079945696806742,4.907670538625153
8109,0.3256929071478367,4.916756676617453
8110,0.28098548024361625,4.91819139250973
8111,0.34668375286063724,4.903413508990173
8112,0.21641857624981098,4.903239513588025
8113,0.297056160248387,4.910596524723134
8114,0.38644717711174614,4.90074677641724
8115,0.12194576046006089,4.915817720686713
8116,0.24459765970675273,4.906654325023387
8117,0.2749268290947764,4.914920417812194
8118,0.12758186517803338,4.9228653583281545
8119,0.1706471017588922,4.9222056845244655
8120,0.3430999869612832,4.908043558868647
8121,0.22600438129857459,4.901575728720671
8122,0.5489246577213873,4.908718604724562
8123,0.24177753442072203,4.923969713899918
8124,0.4321463573742954,4.896193751883464
8125,0.36205685217594374,4.897483191268508
8126,0.11681420055566138,4.914105593449545
8127,0.19169543977028858,4.914287496088994
8128,0.2356207836550699,4.915385348495462
8129,0.32897141123013207,4.9072924262814155
8130,0.34668166331106365,4.909823677267511
8131,0.26055090589456564,4.89914034987029
8132,0.1991329798126953,4.909336398581425
8133,0.4082127246353615,4.850931676569736
8134,0.16994994482734582,4.907879418489367
8135,0.44910598303212046,4.915881974361316
8136,0.26913408224367696,4.909766716490722
8137,0.28472374723211136,4.911344534177218
8138,0.16931540225136432,4.910672294757745
8139,0.2251466508723836,4.915670277874717
8140,0.34835072977782633,4.920831168610951
8141,0.4382728275393517,4.906933875800998
8142,0.272212560482642,4.907265129506673
8143,0.1120444360598476,4.9090301640331635
8144,0.3175366743829382,4.913524668963731
8145,0.1934452500937185,4.9112173433309625
8146,0.3299658149141427,4.910756395531539
8147,0.271868998184545,4.926362099859647
8148,0.2249527502754447,4.934062167385251
8149,0.05268946078981851,4.914263910593704
8150,0.14487540190328096,4.904528473668872
8151,0.42945345215061836,4.894815953984537
8152,0.22399395418753865,4.914769975360951
8153,0.5092448350584473,4.910975908963833
8154,0.3142138232736096,4.922059813084445
8155,0.28168648661177653,4.904134784432133
8156,0.24959951488908838,4.911919066570043
8157,0.16812452116946086,4.908748518735067
8158,0.17757682867484292,4.907746578985019
8159,0.2150379789867085,4.903528988640513
8160,0.2896393842581364,4.902434595136169
8161,0.38429574203358086,4.915684371611189
8162,0.2205140322495167,4.908110517306721
8163,0.293541385669986,4.917806243034386
8164,0.17478375675725077,4.9125373704941655
8165,0.38071683964979997,4.918044457961912
8166,0.15633307567249055,4.89969653515387
8167,0.3200170438448515,4.916125818147874
8168,0.26847182990121343,4.902032335869251
8169,0.19631453977316227,4.910565438601759
8170,0.21744023522074607,4.908585578784379
8171,0.36037185557730433,4.900855202324115
8172,0.39162089783748755,4.920912158156954
8173,0.2237387940119675,4.916548550609878
8174,0.25091849066573113,4.908768399826524
8175,0.20393200565462566,4.910089863319946
8176,0.3619352412604122,4.906749853155095
8177,0.28135650116741173,4.917283606180778
8178,0.2971013550694954,4.919687932768442
8179,0.25905404272095134,4.903612647502502
8180,0.25968803094575765,4.921121264283581
8181,0.3285392932647926,4.9293448308206855
8182,0.2693833343085572,4.916644817804556
8183,0.24880821509230233,4.918766937468426
8184,0.24974099060668942,4.905152354856126
8185,0.34253024725984504,4.921299510045323
8186,0.38396315795276736,4.911869052622837
8187,0.2818894740670643,4.900865882786283
8188,0.38657271077751965,4.924067926255331
8189,0.22056099621953407,4.911808652620273
8190,0.08050929918057292,4.940308505261877
8191,0.2490230053677549,4.903888171096291
8192,0.1648407686500808,4.916233651312005
8193,0.28320011426681835,4.914203527972978
8194,0.23980113195458452,4.908004890059816
8195,0.25881821589305676,4.908374973450211
8196,0.25189281408391473,4.916555556243365
8197,0.3518344438365948,4.891815404369373
8198,0.3999328317938353,4.912329312040438
8199,0.47431158419265795,4.913638753849527
8200,0.39319672667542926,4.902772253570902
8201,0.1954654928525359,4.905780503059933
8202,0.449308618977482,4.904907028148449
8203,0.14386611652802594,4.919152405628031
8204,0.38587243568999186,4.906177825661633
8205,0.39726866961827034,4.9116639248414895
8206,0.23103705069846825,4.902491488154146
8207,0.3536635085466582,4.91789692802219
8208,0.07692034275411219,5.583323874956925
8209,0.0929780311547419,5.099742477289029
8210,0.17877179934167753,5.0312011295605785
8211,0.12449154903592641,5.092116462963121
8212,0.16947124029382943,5.156011475562368
8213,0.2061710881334804,5.206636681078383
8214,0.19394225459955416,5.027645401118432
8215,0.1647749247297443,5.112861521537537
8216,0.1516242862938999,5.123315553385712
8217,0.22768808779160787,5.026424672828034
8218,0.16942859891424966,5.109032115903576
8219,0.11478038844901484,5.109167870039402
8220,0.24783541561575317,5.105502730962845
8221,0.18054756782190817,5.047280429472885
8222,0.21121777859531266,5.196894443029656
8223,0.1510177531924961,5.197110924180466
8224,0.23763172133972255,5.110449302149558
8225,0.18214559776110684,5.091698161020153
8226,0.14915093147716663,5.068744374260605
8227,0.16471786427671264,5.1870207438589855
8228,0.2695756729534169,5.077332801381891
8229,0.1991118543440047,4.650983128860329
8230,0.18663110203319877,5.140335728244612
8231,0.1689441916898633,5.050031783348885
8232,0.1890952348091104,5.253524535092495
8233,0.3824475212495484,5.136028947135092
8234,0.11362648029626254,5.158537368366822
8235,0.48707080462523766,3.472697048299409
8236,0.22416317500628757,5.034368421785826
8237,0.19514784638180638,5.104094041296898
8238,0.19068876990329198,5.115691382972587
8239,0.2593622179146837,5.321662520452213
8240,0.20645630918736213,5.113395132958329
8241,0.25593678424052424,4.954325209313986
8242,0.17441206874274817,5.043655482344169
8243,0.10664532862705611,5.293687417561932
8244,0.28220323559606897,4.441176528131203
8245,0.16916039041755604,5.129031559747688
8246,0.16120701434080842,5.016581782778564
8247,0.21907772290163008,5.134195474745793
8248,0.24191108289014762,5.052765839911819
8249,0.44405386629404164,5.031886819009248
8250,0.14721543565928785,5.1037958411924045
8251,0.1916336198381985,4.838814416634243
8252,0.16608480863281927,5.159700272620356
8253,0.3198632722434043,5.124993466481671
8254,0.20545375244099984,5.130885839539214
8255,0.25316595881989956,5.225651129058155
8256,0.17810284522468312,5.0761875523721045
8257,0.22191660781772637,4.991692764019495
8258,0.21231310178408047,5.166077814842351
8259,0.20224092430857388,4.792577910870621
8260,0.1770297370726721,5.12827961220764
8261,0.3035919704529737,4.981763143771385
8262,0.29167410416178496,4.727018506661738
8263,0.13662846501372217,5.135313930735306
8264,0.13410731707355183,5.028569767936455
8265,0.2297434995746026,5.177878283551465
8266,0.1335618821116813,4.885541873134498
8267,0.24733545413933977,5.166783984706909
8268,0.11889677941100674,5.783146580618164
8269,0.186607780707851,5.1087790720614645
8270,0.1994251478328255,4.83612071081895
8271,0.15806873425609202,5.0697589056500725
8272,0.14150013262271566,4.7495238176305055
8273,0.16305738293882022,5.271431558935031
8274,0.08370521518465623,5.089247810778321
8275,0.10234766473718127,5.575520617040359
8276,0.19648495350235806,5.022032978880464
8277,0.16851801769319108,5.141736310253835
8278,0.10732753307030984,4.815488771152987
8279,0.10214151835377638,5.320259535476799
8280,0.3022879294410816,5.161573082165258
8281,0.2075220360774379,5.147366122682602
8282,0.2302316464646319,5.115905328130221
8283,0.18342238001257827,5.096573269716487
8284,0.23294843382436137,5.0
8285,0.24962483969218274,3.4298340964308904
8286,0.1849120791531237,5.212358984252141
8287,0.20027622886812824,5.102581473801537
8288,0.38421182543342325,5.09657072470028
8289,0.10780015508841045,4.996156347503211
8290,0.16004832069741326,5.274974780589599
8291,0.22998129327440386,5.057115477832426
8292,0.24228939527723403,4.942692846043943
8293,0.18640501984885072,4.833095239986962
8294,0.2573863612464802,4.936003597262042
8295,0.24903022756880544,5.150239778813859
8296,0.1653540549883492,4.944755845337161
8297,0.15398633554683694,5.194017894503142
8298,0.11716895427187302,5.106694365140045
8299,0.32767583128103406,5.031660225790997
8300,0.1417554965058372,5.199485919412243
8301,0.14062281424986844,5.1940816351869845
8302,0.13497349670563064,5.248531280073454
8303,0.32417305759444104,4.9601175368174655
8304,0.10911559544037441,5.076053705772052
8305,0.1131692066609975,5.140889249686396
8306,0.1839273171324205,5.137380151734483
8307,0.21496613045362623,5.111185800278548
8308,0.22498175018742206,5.142494479563693
8309,0.16997189350508113,5.1549748583214505
8310,0.15261688634738402,5.08014721886509
8311,0.19731991015762618,5.131901067185396
8312,0.11351084889572416,5.035511334223939
8313,0.14057823589565688,5.145478083745125
8314,0.14972362098398917,5.11372682215943
8315,0.2425609140935483,5.319042472014157
8316,0.2611778544779666,5.0956970832251525
8317,0.17003018936147218,5.082889057209474
8318,0.15039227773386887,5.076958737672053
8319,0.2305226981729236,5.16276971863606
8320,0.22187247444568126,5.152046777520436
8321,0.20723390561468724,5.17275615677061
8322,0.2224823696617464,5.075990845077039
8323,0.1382872060560949,5.077657123909987
8324,0.22413727929375682,4.9341568790532175
8325,0.1297989708464461,5.004257518706581
8326,0.3027411744557017,5.2234011484404785
8327,0.1523139237853821,5.0531938289901035
8328,0.16619413135978656,4.8480741084316925
8329,0.12491269756077039,5.125356407290278
8330,0.21857370991310954,5.076284421524031
8331,0.12364371178566735,5.453528579734623
8332,0.14056851226296496,5.041468796564574
8333,0.1973933559676142,5.062857854157565
8334,0.12354201542076804,5.18382732207324
8335,0.20800518481616415,5.040378454602816
8336,0.13241364914123488,5.022030205351982
8337,0.24492936376155194,4.573418375094898
8338,0.3867685767315068,4.143593563627546
8339,0.22164389101545945,5.143810982944066
8340,0.3172114810938429,5.080800232845046
8341,0.046957843008329725,5.11901650355207
8342,0.24054842581472613,5.024130825812625
8343,0.12142074071004871,5.144684707463432
8344,0.10062670189547274,5.086018822936573
8345,0.3101925720388753,5.04922014729658
8346,0.2767964506277325,5.129333608641344
8347,0.27048328636327024,5.068790122952809
8348,0.2944158817617817,4.805736308073287
8349,0.21143254707854808,5.300535103067707
8350,0.20494438552273775,5.0657600189393115
8351,0.208752982030313,4.981399992183437
8352,0.10670816517509851,5.1538392053094295
8353,0.21611915086028266,4.836910899330746
8354,0.11728679351402516,5.095504013599559
8355,0.2483709678531456,5.164951132425477
8356,0.20496992154357008,5.142020346279663
8357,0.16523901175198086,5.144061039536041
8358,0.18430002543175594,5.157915752053386
8359,0.12872563963751604,5.081340308896349
8360,0.13374962645836175,5.11033476208679
8361,0.14653372702563416,5.130466847728181
8362,0.12171420654965148,5.05991311198116
8363,0.06310557974105246,4.726592383015067
8364,0.10272303588881959,5.385575480282627
8365,0.2268645902397306,4.968929659130357
8366,0.17976730109386274,5.249153207587742
8367,0.22936148187465633,3.826532637393134
8368,0.16568785513982376,5.176048227348282
8369,0.22488739422816129,5.105759395449523
8370,0.24848837722508765,5.1475652579407605
8371,0.1389290995339474,5.181556371544049
8372,0.30878891891993876,5.078374308128799
8373,0.09519880285283766,4.9881553685693625
8374,0.11468977784062329,5.115038377976786
8375,0.2329512888968539,5.0
8376,0.05528680168465128,5.106817077760972
8377,0.22239076615611286,5.161142729018184
8378,0.13262265309948162,5.425245384541606
8379,0.14211674320774126,5.217061528172211
8380,0.12055881593338769,5.158563704599848
8381,0.18688516123642596,5.1299585452827845
8382,0.22448601431461768,5.188233820882742
8383,0.1983322806361536,5.166573860312846
8384,0.18313851794715208,5.107556508979743
8385,0.19879402169172922,5.03481442568992
8386,0.24522380077595574,5.055803151358909
8387,0.15948644405475543,5.254165235371966
8388,0.18767742113564678,5.167588249482709
8389,0.1760648647892964,5.121149924520942
8390,0.2616478248529246,5.146106649706779
8391,0.22538847316737498,5.158844279171024
8392,0.16747289547549693,4.805202725014022
8393,0.2577563165329886,5.055461848021414
8394,0.15217477202861818,4.266675671070672
8395,0.2051905654838555,4.826584728285956
8396,0.19261793097866797,5.15277196007375
8397,0.2723032736698019,5.04339824977615
8398,0.45120412454980596,2.922313651702737
8399,0.22097278674410403,5.114741030758481
8400,0.1637766181963085,5.062567892633725
8401,0.23859487801382828,5.146013406212964
8402,0.21167644644042038,5.190168158565713
8403,0.1804751005148546,5.171479805115036
8404,0.14167684551371829,5.167246980507834
8405,0.2256053915509666,4.974247341061524
8406,0.1754575861106047,4.909486110611843
8407,0.18402285601417057,5.047881239134462
8408,0.12673264493558434,5.579533765816818
8409,0.24109755126324006,5.057549347408372
8410,0.12534823340010415,5.143876407321306
8411,0.1886394933350315,5.102336104068366
8412,0.1749928063826749,5.709594782025276
8413,0.22181553037751978,5.239828248402212
8414,0.15420523884375748,5.099527976150773
8415,0.1742617396996592,4.965272149676707
8416,0.2460374846419473,5.059202366809288
8417,0.02686996283554799,5.10150481032527
8418,0.11266933584620809,5.0401405702715785
8419,0.44488655216363315,3.9252380612638937
8420,0.24863495596417762,5.088619734545228
8421,0.1908581545760164,4.704218663016997
8422,0.3319056382256784,5.112930257441386
8423,0.2516150095466152,5.097589354277199
8424,0.22137744081528132,5.00969247669337
8425,0.23699616178881588,5.003392783009621
8426,0.21331119776145835,4.859232188715881
8427,0.2554576399364652,5.022591848304074
8428,0.1874913288036264,5.301655456807497
8429,0.3141399582115265,5.008365538601476
8430,0.3679987147842494,4.994703031006447
8431,0.12315513189861438,5.010098881839138
8432,0.2648157845637309,5.010966028958741
8433,0.16057181268504772,5.0367325366777305
8434,0.2076640169095103,5.00431377656148
8435,0.3937142672090208,4.9401881795990565
8436,0.12358800946715309,5.010844862696366
8437,0.29131683740942593,5.006765834087439
8438,0.27443111352744687,5.001903968621582
8439,0.22272283126330583,5.009924411811735
8440,0.2402976112101518,5.000734401943205
8441,0.1396691803275818,4.997315044238064
8442,0.2932439292655329,5.004320568716638
8443,0.26299810887263697,4.972381489800188
8444,0.2892932622809856,4.999470208634955
8445,0.1819885320186514,4.990583841200431
8446,0.26534519802180956,5.005491485923139
8447,0.240888703391535,4.92225771242099
8448,0.14232029605298968,4.937152180161908
8449,0.24644102772393373,4.996705429278894
8450,0.20101241411966764,5.007743192785785
8451,0.25870373578229167,4.991758322418862
8452,0.2742543552898433,5.00339628505909
8453,0.16015948470325636,5.0055545409589985
8454,0.16521325643885687,4.942337499979947
8455,0.3535956061167831,4.109124045380401
8456,0.11850682760969011,4.836410789978629
8457,0.2588183095141212,4.973817513375236
8458,0.19707108929960082,5.0020595685612435
8459,0.5269924328694324,5.00071359140315
8460,0.1903989309979579,4.994603342839081
8461,0.19440914896636996,5.01860083179646
8462,0.25368965475847327,4.997341932566499
8463,0.1957445920053429,4.972245279763268
8464,0.21916248676918748,5.018157582203058
8465,0.2201038747932762,5.020098080865649
8466,0.12931932563942894,4.85396334746631
8467,0.27683122277791083,4.994278152941964
8468,0.3384736563824562,4.823332750550682
8469,0.19235807243741054,4.995395480036233
8470,0.19475790216559297,4.95827820468528
8471,0.158639441222316,5.1203930154151145
8472,0.4270829700593335,5.045758589099902
8473,0.27443382384364945,4.988351943827745
8474,0.3022789704933979,4.933332934830936
8475,0.173843284333703,4.9482335697518565
8476,0.352095208522369,5.010059859344631
8477,0.1647125278488315,5.013305884961401
8478,0.32810645660084226,4.9780540590105815
8479,0.19359925434585135,5.008468868044247
8480,0.2537291876340988,4.9910680924702255
8481,0.2329500129619262,5.0
8482,0.2714718613809912,4.984426327264204
8483,0.2147741389001201,5.0037767848569725
8484,0.3635902261627719,4.985021434555694
8485,0.26717853947732695,4.99289856856266
8486,0.24760334646780735,5.011630874007622
8487,0.3713648359161543,5.0078139399483845
8488,0.18647057811899348,4.99302633547642
8489,0.32843074402108474,5.006866800390819
8490,0.2718659548385489,5.04254534103973
8491,0.22603014558099144,4.9881290182800075
8492,0.19170367788494147,5.0108611708186945
8493,0.24772779659973,4.988717631560755
8494,0.1898647830030109,4.973310301018978
8495,0.1861674705345795,5.144488367066851
8496,0.19614913273966517,4.961386564025423
8497,0.3266386135985666,4.995688382681545
8498,0.19399948141521528,5.00023848967345
8499,0.10360000980161477,5.063835309100844
8500,0.30896227462306847,5.013238242806919
8501,0.22357417786233325,4.997853152394454
8502,0.1241718179865432,5.046875435403155
8503,0.31204964282375336,4.9850172558101935
8504,0.14975904478772817,4.996095516048342
8505,0.16958645379041593,5.018999203207937
8506,0.27435771697513767,5.019634879602908
8507,0.30807598519421253,5.008380348401742
8508,0.22279470437924687,5.032303459490395
8509,0.19966938337627904,5.045195751286089
8510,0.19847243882881394,4.979601722119815
8511,0.2297134823510083,4.985338092056146
8512,0.16904451209398785,5.011210640874415
8513,0.2800170667438846,5.076243879141504
8514,0.22667281109022364,5.005919418397546
8515,0.16132165865949322,4.994556724880894
8516,0.33928544521545434,5.003736499447493
8517,0.3178664018569761,5.003394392517118
8518,0.164396543994749,4.996776274616224
8519,0.3367520866373477,5.0031574105622845
8520,0.23169881964091021,5.074496334135139
8521,0.1386055888552915,5.004303975122273
8522,0.201884877645371,5.012951028290953
8523,0.3540378398605952,5.049694529327784
8524,0.23294979964836382,5.0
8525,0.19778467644662734,4.949238990344487
8526,0.216599264817547,5.082675598905331
8527,0.18098338854254736,4.9868645914752285
8528,0.1929965446800106,5.525853492672885
8529,0.2408272989110123,5.01142788020891
8530,0.3189679204384803,5.026372609280099
8531,0.1616206087151415,4.986477586530613
8532,0.18734201187704524,4.980211518637798
8533,0.22817302468028933,5.007027433708737
8534,0.19810223675867,4.90154381667252
8535,0.08846825785164247,4.994135882771262
8536,0.19535346277939092,4.9486919006445795
8537,0.1317973906460772,4.986453052132154
8538,0.3042518341291256,5.394827194755765
8539,0.23218400483917234,4.99422727320046
8540,0.18031627366987335,5.001683127177232
8541,0.19783942731475657,4.99961126683278
8542,0.14025579737568683,4.993897739685016
8543,0.1684933753482969,4.831605235071095
8544,0.2687554549327551,4.992407168918707
8545,0.34952972100602353,5.08293525708341
8546,0.30609508292550025,4.959461739236053
8547,0.22367645247024615,4.984860337275405
8548,0.2335093234663035,5.001961460659041
8549,0.31826635960435046,5.0750642799519685
8550,0.4398789979988891,5.005648628397781
8551,0.1964083017948699,5.070680612915313
8552,0.235014479976432,5.019591971781674
8553,0.24923687098104463,4.989763752063618
8554,0.18599847053728036,5.002439014497551
8555,0.1760532070219203,5.228963088856764
8556,0.3617148005843924,5.006172158489184
8557,0.1445072381213679,5.014544636946425
8558,0.22002792005411087,5.001195791346609
8559,0.2841158485964037,5.017987892097002
8560,0.5157904507999265,5.019307471442511
8561,0.2504923058962305,5.015449592544501
8562,0.1576276749661094,4.988158131583518
8563,0.28111646414247016,5.003351718935258
8564,0.24526825514965256,5.00623056933569
8565,0.2684678412453265,5.054019219019166
8566,0.11195243574241798,5.016612126187345
8567,0.19605843151269364,4.978646883835944
8568,0.3081552280432387,5.058570103734388
8569,0.3120276699542308,5.072557750184288
8570,0.0646326119080829,4.996179778050269
8571,0.16777533365197073,4.991098992927725
8572,0.2694468569659638,5.015099878245595
8573,0.20075416294857362,4.99882381165345
8574,0.296085870881043,5.004224586707258
8575,0.1746185505879121,4.977736814122684
8576,0.25865102592459355,4.96882160492544
8577,0.17677325691260948,4.9679100769121565
8578,0.2613105856869946,4.739193309206495
8579,0.1435525517450138,5.089094732400552
8580,0.31624382202991264,5.010706874883688
8581,0.27596286211126686,4.999214509755969
8582,0.2710646096584708,4.984127480240783
8583,0.179056587599965,4.982284156375414
8584,0.2500665360316843,5.002708073546369
8585,0.13791180328937203,5.05796505277309
8586,0.2562972790423388,4.960761767572164
8587,0.24764195508639975,5.025699584635133
8588,0.14557781530173686,5.028125422580922
8589,0.08901368981344904,5.040906100096665
8590,0.45830394443334677,5.014719381426209
8591,0.17613026050320557,4.98938332106432
8592,0.2631844694547334,4.99286402895553
8593,0.3085197002593578,5.013996318827356
8594,0.42258035319752585,5.02379203545976
8595,0.2561179514600982,4.999929835231844
8596,0.1733899269717718,4.9924729061952355
8597,0.15914556540672664,4.9725666666797785
8598,0.1819154791712445,4.967538321959033
8599,0.1463355177430219,4.998598016647433
8600,0.15861155693905982,4.9946991887516035
8601,0.12828536564904702,5.011190838979029
8602,0.07240290016469797,5.0390614502457876
8603,0.378529372893305,4.570328178944862
8604,0.15553947829000148,4.972849640012944
8605,0.21357968325259247,5.003064541191939
8606,0.2842361559353821,4.999962617484099
8607,0.21446475506520102,5.035616906672189
8608,0.3285150668095722,4.98718105877205
8609,0.23335794008069777,4.921379633153418
8610,0.2934144825880334,5.0546630265410375
8611,0.21583218412715488,4.97959324331025
8612,0.1851154337032208,5.006226639273237
8613,0.19478187506157463,4.9144788124465855
8614,0.17491536534866525,5.254470014341006
8615,0.14854908207321982,5.003502158980524
8616,0.3018074450519248,5.012171374972771
8617,0.2674223762848891,4.991371588195159
8618,0.23965734164806518,4.998649403105384
8619,0.1770563579905322,5.003212964759891
8620,0.1960656158540659,4.9938666387445085
8621,0.21461348756467546,5.0082164328448275
8622,0.24390641055738227,4.98490895260594
8623,0.261360906786432,4.96795435473798
8624,0.22505063523127267,4.966223888023196
8625,0.19744880400489895,4.993192407792071
8626,0.15044506376420563,5.01115643076921
8627,0.24165545581095382,5.009202245028002
8628,0.21577243405928215,4.988819428702822
8629,0.224780043031636,5.028206548615213
8630,0.280802278682607,5.000213679708914
8631,0.18480375832078844,5.030954483793817
8632,0.19897285612947702,5.002085138195715
8633,0.1295569033417816,4.9948209492320395
8634,0.33116633979837395,4.990081893252762
8635,0.16364949430847453,4.990113191090302
8636,0.24960793524216474,4.995816244195774
8637,0.23097400244425814,4.8099669669657
8638,0.17888377854064008,4.929727456962878
8639,0.18296388725972634,4.968050962224613
8640,0.22843698443835292,5.083062815227617
8641,0.17629845012246226,5.200984048130701
8642,0.3004469494387032,3.728454856533485
8643,0.14230593422087323,5.359572279924647
8644,0.29914947835241246,3.265724073017773
8645,0.20565895426889536,4.972078670130697
8646,0.2359834491590247,4.308624887836396
8647,0.12718296183311506,5.617227460121823
8648,0.15144743454620402,5.135968125333505
8649,0.17016002369928596,5.123808313974525
8650,0.15109175640002048,5.049138333209573
8651,0.27053364966389837,5.028207943883638
8652,0.2766234230806395,5.082994269949497
8653,0.24183351367515193,5.235705565838744
8654,0.13198496942244975,5.0921665574527
8655,0.19833662732660318,5.1854183700246015
8656,0.23352965087340727,5.127738089279532
8657,0.1228852083331784,5.163296296539501
8658,0.2305957713428719,5.0722885004807505
8659,0.1804746110375013,5.039977662740167
8660,0.21290429750634432,5.104187445433004
8661,0.24499219342258782,4.994909733181387
8662,0.17501165203682456,4.9903462319896885
8663,0.12957416158585056,5.118260682011719
8664,0.18100215768309713,4.45481244787632
8665,0.21316277685597784,5.522948501258087
8666,0.18615385232413417,5.058355015388418
8667,0.3395222172621082,5.059997078352572
8668,0.29007383653108,5.2638793003094975
8669,0.20528511508521796,4.82120055867262
8670,0.21621403297213804,5.29504625265532
8671,0.1534270415318395,5.322034716598258
8672,0.2155909907799778,5.501583680211999
8673,0.1775999753346138,5.143400239240004
8674,0.14955548115093142,5.069726365919305
8675,0.3233623248856694,4.179951361785239
8676,0.0848953568887405,5.147671022244795
8677,0.1502547903204019,5.187879320663962
8678,0.20558698854659974,5.158058237433103
8679,0.25885204694788677,3.464531320829054
8680,0.17502280903719192,5.219262134465277
8681,0.13918609032921547,4.893633440202931
8682,0.05523734720468365,5.215170735700303
8683,0.2029528842940418,4.983033822351501
8684,0.2693069190537458,3.6984640553350534
8685,0.19424763181931626,5.07450313984199
8686,0.14764331317123536,4.985743501181004
8687,0.17920215201072454,5.179670400973091
8688,0.32124437696671926,5.0806370840258985
8689,0.18610368975383484,4.9431167969275425
8690,0.42306241325620864,3.663469576399123
8691,0.17839324168698778,5.342171629354429
8692,0.3421325626454248,5.079490745196917
8693,0.2851266587685042,4.455034738956556
8694,0.22696116986397596,5.203126775046387
8695,0.09281276919980508,5.11619455401136
8696,0.22795912686517017,5.185319613423189
8697,0.23294447127518003,5.0
8698,0.2265237818897592,5.164446722797189
8699,0.21260908451131688,5.458125194100996
8700,0.16324044971204743,5.369417278426694
8701,0.15754926289133708,5.175497169880954
8702,0.20261877166240727,5.036543153315289
8703,0.1526405401234412,5.092530984477337
8704,0.10612772945994475,5.048354462332245
8705,0.2866430235925794,5.089108849469319
8706,0.25720413028497746,5.116688355354633
8707,0.2048996135816179,5.340937834135762
8708,0.054852931867150456,5.060183420265778
8709,0.16732283313770502,4.990520521562178
8710,0.12249592048483304,5.125929776369356
8711,0.17171165423541446,3.334337747680105
8712,0.23096037661422697,5.074490800715417
8713,0.21909020396792744,5.164468328897538
8714,0.21626411361999454,5.255658182480776
8715,0.16643256569010556,5.193220483121612
8716,0.30512830070584007,5.225369169314131
8717,0.22252906202719536,4.858892811958659
8718,0.2735536085851551,4.985407218980411
8719,0.16672368039425378,6.244922903256427
8720,0.13896849791634325,5.14368450885069
8721,0.22196129929140795,4.981724291433247
8722,0.27957569651201775,5.242125852981703
8723,0.24607538539631357,4.910036171041954
8724,0.21841199780436305,4.94076387068314
8725,0.2215853540381163,4.996439198670606
8726,0.08547022307372965,5.50510890193002
8727,0.28450523881977996,3.2127227201488395
8728,0.13456530911956488,5.071873515223961
8729,0.20478188734756464,5.120687686170484
8730,0.1817410782317883,5.03027189136751
8731,0.14254628491241172,5.1717861284727995
8732,0.22036357319184385,5.349293856834771
8733,0.2984979578750584,4.937767695341799
8734,0.12966128852118142,5.091470663488282
8735,0.17119889812079636,5.007939137338635
8736,0.1350458424627734,5.5121377293264295
8737,0.18054286339736492,5.0780948883638555
8738,0.22074296689865247,5.0372423077772766
8739,0.2439389087455186,5.077144148562596
8740,0.0927872150095237,5.5181546259519365
8741,0.2868857565028069,5.312837427038728
8742,0.22565843596694535,5.241547885400042
8743,0.19474159703243799,5.153888904980466
8744,0.320872000915454,3.449955970483325
8745,0.1434523876616145,5.696515535205293
8746,0.3205754309068345,5.051148897284268
8747,0.12872381013040934,5.131007523287652
8748,0.14576917020861302,5.247750366213584
8749,0.1753534467082103,5.056313807988717
8750,0.2551205118011166,5.341558238497113
8751,0.18171370155676025,5.365984346654864
8752,0.21612860644606413,5.036283539299227
8753,0.1940960100623661,4.903341921900779
8754,0.12673777448746737,4.032213981496842
8755,0.2204143334745936,5.058786746487636
8756,0.0942929264955854,5.051062237213442
8757,0.1478242145361932,5.004082239079235
8758,0.04373159319844322,5.098636002942865
8759,0.22872822453130426,3.7062538633211872
8760,0.19794312892545562,5.163886786162566
8761,0.2685318870820874,4.822118462486165
8762,0.1341704410869209,5.066752514342179
8763,0.20181580806230537,5.004078515632715
8764,0.1505624731674986,5.185815228043706
8765,0.2396566670257636,5.371979585878117
8766,0.21012268832098213,5.016116735372762
8767,0.17139391549651872,4.872265925146522
8768,0.1835182164847926,5.525115971935266
8769,0.11263539213879192,5.098608652254342
8770,0.21030198045719795,5.190442774751647
8771,0.18097565820907136,4.171622565215429
8772,0.2955163430386709,5.294284872645685
8773,0.1601781626892227,5.11957649748263
8774,0.2619987470071572,5.133675712214476
8775,0.1977799135685394,4.850622522983503
8776,0.2650288565197547,4.583583891741334
8777,0.27524858258994067,5.234740806308613
8778,0.16590123425751147,5.179877256696708
8779,0.2360757174684378,5.167741539207524
8780,0.1593542863483033,5.019806473548609
8781,0.191762255506833,4.87276090368935
8782,0.14883262043247902,4.836370205872065
8783,0.14894096625994857,5.034595499980119
8784,0.21349534993867803,5.1859915144970525
8785,0.37710353537533337,4.579470506327228
8786,0.17161011726158737,5.325497231705798
8787,0.32761835849519994,4.772465332246121
8788,0.3331541810090446,4.9600342430235855
8789,0.1716913285119952,5.2093205734550985
8790,0.2165209266082102,5.086700309669467
8791,0.16648688216385632,5.153287929284973
8792,0.34311083902169615,5.019802310555166
8793,0.13076974924905405,5.133771172765229
8794,0.20349231489713082,5.163520407060247
8795,0.19623094337820102,4.829256888374429
8796,0.15364955695865512,5.242824697605961
8797,0.2276914765311997,5.210369873284781
8798,0.2934999027863239,4.695895368147509
8799,0.21607135690367096,4.978446189676218
8800,0.1995881458415969,5.246768617607591
8801,0.2865004480111708,4.986331957132206
8802,0.15773748386014375,5.08570812210472
8803,0.24395291357476767,5.123540746870123
8804,0.16462949627676937,4.909132547359523
8805,0.08400034822736702,5.122558989551118
8806,0.27775283734047695,5.2980425060875636
8807,0.23295357204876121,5.0
8808,0.17149856607373892,5.120719444029609
8809,0.3144959134096843,5.025695899291227
8810,0.2880516021467283,5.314114857853358
8811,0.22081717285267133,5.085306232222804
8812,0.17589160597911968,5.254842007481688
8813,0.15986375262374164,5.214008150650304
8814,0.26083547745282387,5.204639868158294
8815,0.19510321408406672,5.033890847569031
8816,0.08821708072588974,5.051401406724345
8817,0.13844888680800294,5.126784853765001
8818,0.2248460135190975,5.150161019201933
8819,0.2892672946603887,4.91556156076169
8820,0.07216811177694349,4.919978659714648
8821,0.19890539779344607,5.084081802902762
8822,0.23060753234678666,5.1940262045665175
8823,0.3188042463720768,4.6827886609529745
8824,0.11722140494507438,5.539073802400409
8825,0.07571458347588655,5.102039594264909
8826,0.09707477751166804,4.832232498971472
8827,0.1287809385402212,4.802807697802862
8828,0.22983438359865982,5.0772483889471065
8829,0.20416398683204195,5.364677219682639
8830,0.20280530102204786,5.744063249881632
8831,0.28222233028074206,5.183117444260521
8832,0.20802484496653872,5.22194971453338
8833,0.12052265321934508,4.888382266250639
8834,0.19830808778381348,5.102719088968648
8835,0.12856756731840768,5.113540140777895
8836,0.22439953180917782,5.117641695508368
8837,0.13642602864554965,4.816034791101469
8838,0.2497607255545462,5.204214254618087
8839,0.12875422293084537,4.591218897729741
8840,0.1654754635058382,4.905288507077898
8841,0.10761247442044031,5.185893781892323
8842,0.3420958037898896,4.981894687821162
8843,0.3196562692381366,5.1155743283973365
8844,0.23632677430664772,5.217771962831872
8845,0.17040063668046268,5.198508399036381
8846,0.17685916017045789,5.297860915533565
8847,0.20154568240627913,4.8359945519266745
8848,0.16575771671117323,5.019486590555919
8849,0.12601778382252715,5.125757499204848
8850,0.2312004099430347,5.217279692220531
8851,0.344770374798796,5.031115044094454
8852,0.15711438011481682,5.194932210568002
8853,0.4144472563241868,3.1942693497087937
8854,0.14007994373037813,5.216965150175721
8855,0.09742559906865123,4.968254683901749
8856,0.32597911502296184,4.996919346452229
8857,0.25929701769991076,5.003878839623637
8858,0.19169663772721468,5.037341231588384
8859,0.19549578144063995,5.1186307171265355
8860,0.18150542411380655,5.119127321180281
8861,0.2752622648366776,4.982062027824021
8862,0.18012052573255688,5.061403465742327
8863,0.09229556369379721,4.901100127032647
8864,0.3017965109717182,5.032404353822404
8865,0.1647881889574272,4.978650190185432
8866,0.2607336875386701,5.046129091626197
8867,0.37215666910140976,4.651715140709518
8868,0.14564461780849625,4.949326314842306
8869,0.3130922379236858,5.071875892841655
8870,0.2970479401783406,5.002328265750995
8871,0.18250761278810113,4.96976457675113
8872,0.31493089007358677,4.993629300313929
8873,0.2072254009675385,4.873294808757382
8874,0.22748092717738255,4.641208968083266
8875,0.08813928949268846,5.069449064446427
8876,0.31177699773995915,5.064346075087238
8877,0.23517781531201853,4.94216319144118
8878,0.28766581441201944,4.971202135164656
8879,0.19658308625677678,4.940844842740564
8880,0.10240732789651563,5.037759589978785
8881,0.29193280328379845,5.063202417931878
8882,0.2741599123476879,4.992192831541882
8883,0.43882139931967923,4.971349651580104
8884,0.23294936727331783,5.0
8885,0.2573771603221833,5.007828492316602
8886,0.35023152918314304,5.043794008476903
8887,0.1963497617700498,5.005797870423985
8888,0.13072157080937452,5.05233757796824
8889,0.20471550251888426,4.982974487075804
8890,0.2542001722659726,4.720537245824525
8891,0.3328430120309358,4.988025120762938
8892,0.15768462338732858,4.901400467699748
8893,0.26541037138908474,5.008262530063368
8894,0.3232407729205158,4.923091857233048
8895,0.35421761178702305,5.027008971586868
8896,0.192053650495565,4.970615672768339
8897,0.2850262373824972,4.878524577092662
8898,0.1419829027578905,5.2935400708293034
8899,0.27423457185892164,4.926764336591543
8900,0.3650444538753561,5.007613460698437
8901,0.17443774656888777,5.004210262265971
8902,0.24243005584344157,4.99482948729594
8903,0.2733373554887042,4.944141701541627
8904,0.3972306558866614,4.907444589728307
8905,0.37605589476698986,4.2002795719561
8906,0.3852057552921433,5.308129573468676
8907,0.16759960347190406,4.948055025541889
8908,0.2459723799927691,5.790932122134258
8909,0.1997069813155561,5.002111600692274
8910,0.4126820261858346,4.947196561494405
8911,0.2500296458745508,4.973843104825395
8912,0.2704255738043966,4.938925237627316
8913,0.2499812693992829,5.013889982907749
8914,0.3515181248479706,4.905729934980112
8915,0.23404742606244322,4.968533765277172
8916,0.33848441516522043,4.844819682975494
8917,0.21123183277356206,4.979092611847111
8918,0.18096683778503864,4.751108136544282
8919,0.25987808835199955,4.852784003844821
8920,0.17445943265496378,5.11813838653512
8921,0.32221624715103236,4.972013272329816
8922,0.16361937536349713,5.020419062021837
8923,0.2631670919937632,5.032316294222019
8924,0.21988776775968777,4.9930951506932075
8925,0.2620096679396222,4.976212260514785
8926,0.27210538099413006,5.050617595394069
8927,0.2934926519877521,5.0443948486775625
8928,0.32766620742825636,5.293563268585366
8929,0.3024197363237442,4.8725143567629825
8930,0.18081868768968556,5.0195126782188915
8931,0.22224167717529641,4.921975745329181
8932,0.4106672373611493,4.673434282052833
8933,0.26109586851669686,4.984448034470255
8934,0.20228170584589544,4.957808472080902
8935,0.4026383726034548,4.951361717771654
8936,0.20016558048943933,4.961038669205209
8937,0.18801485185457323,4.914885025614488
8938,0.39957751632381555,5.036471765653827
8939,0.42079892903052185,4.806562927697824
8940,0.28779409766450703,4.94023997163807
8941,0.13211617072467075,4.789014411568742
8942,0.13744349271503942,4.992994097805905
8943,0.3267650910933908,4.88656059836746
8944,0.25519216484729035,4.948682333626717
8945,0.2615172236556076,4.863054294002085
8946,0.22764200030918968,5.061036386798481
8947,0.14218018647920427,4.938110394026527
8948,0.2696708717893561,5.006970568035927
8949,0.2864736340273477,5.0983158757624825
8950,0.21786377220198205,4.995675143169054
8951,0.376619097625166,4.986736877997124
8952,0.18464425298153753,5.066429532330883
8953,0.2265301119727623,5.020987131534831
8954,0.13099408077996055,4.727083762625455
8955,0.25684215977476943,4.782206975225796
8956,0.12893124389220745,5.003001313751838
8957,0.25878213123464056,4.968810653386093
8958,0.17473055973500573,5.024716564196634
8959,0.13383735155665444,4.9620800150129885
8960,0.3440931685334161,4.939261917366231
8961,0.24971128083762517,4.889034596679043
8962,0.4729764807931165,4.896843299978437
8963,0.23396329201756494,4.992756717699489
8964,0.3622125192774115,4.432583349151624
8965,0.09790483487838997,4.979454458548016
8966,0.17069095982919968,4.882078539665242
8967,0.07750076228804414,4.96596934884824
8968,0.21930767768271253,5.386423659025024
8969,0.17875544193261383,4.804796628992314
8970,0.5473374073702617,5.115299623927552
8971,0.14108424700625277,5.0395413431739655
8972,0.20768976452216203,5.06706413856568
8973,0.18557430560153,5.008659966164917
8974,0.1615006319607326,4.937481021891781
8975,0.2750637494395405,5.046825194070896
8976,0.2858170244396119,4.867241993985729
8977,0.23451381324884446,4.887410029285588
8978,0.14455400038656596,4.961906146481203
8979,0.22826667183916682,5.006647669159117
8980,0.18597796950937684,5.028024660797428
8981,0.32556923264449344,4.991613347049588
8982,0.19079590438952043,4.91804239897915
8983,0.30595926754033664,5.101650344909716
8984,0.2669041099836662,5.124641954136688
8985,0.3330641621560011,5.052788153218177
8986,0.3011444960797425,5.231421892271229
8987,0.19267884333819385,5.025570073432508
8988,0.39871969833676135,5.0485979947710025
8989,0.3718990601292629,4.98063476356549
8990,0.18142611517058027,4.99638199038694
8991,0.2801934339921286,4.962920128023285
8992,0.47532120606842776,4.9795790731289635
8993,0.34156955706054193,4.778805495929985
8994,0.17893708522119067,4.874295469844352
8995,0.2917774037870495,4.803885112086803
8996,0.29017027556144814,4.9681705384114405
8997,0.3405092893285513,5.100951970555965
8998,0.3224143385882978,4.8875215256573945
8999,0.2947791434968925,5.002572853173932
9000,0.40805140878174284,4.996008328466388
9001,0.3030070076329079,4.902459424284471
9002,0.13189066235620128,5.003803088943224
9003,0.3055960988744624,4.973517657421613
9004,0.18186140374191617,4.873961077125788
9005,0.15845216601283574,4.984248884028375
9006,0.24947581137945352,4.998446298751382
9007,0.25108402094233573,5.033587450228207
9008,0.41330732284535676,4.974488488767319
9009,0.2671100936972195,5.091518900243557
9010,0.30930932357140906,4.15066723836663
9011,0.14898068294672218,5.029833858051038
9012,0.3133676887061996,4.993582969601551
9013,0.16103777052582346,4.65574369273881
9014,0.15995607242383292,5.039169494780289
9015,0.2260207700530461,4.4789629487996585
9016,0.17897527464991692,4.987915338753197
9017,0.2522170602990401,5.0188719821986005
9018,0.17474332641397017,5.019719352994976
9019,0.28714653113370203,5.121131293704773
9020,0.41959938533291496,4.825112806740712
9021,0.16383510175812832,4.936772817352413
9022,0.28747828155735444,5.016223408123546
9023,0.220326331393778,5.070543643530652
9024,0.3032694181644324,5.041883233401077
9025,0.46461908764477045,4.916888100745336
9026,0.2718632266043475,4.931117807917236
9027,0.24697275093781368,4.967449590701394
9028,0.23597854978309152,5.128633634640165
9029,0.2162594577536503,5.008901930919238
9030,0.17347842749098996,5.036479697883536
9031,0.3954597856750781,5.358752909706448
9032,0.12546752710847198,4.997558490900431
9033,0.1481890519406346,4.9637618260467775
9034,0.26918584991468864,5.076873533731634
9035,0.3622463761454122,4.455609323602037
9036,0.3260142076565782,4.998261118112204
9037,0.16993448495338992,4.979636802073264
9038,0.3455467080209125,5.14945965263113
9039,0.3440870465947623,4.999263579934556
9040,0.3671832156552204,4.9761960136105365
9041,0.28805141920383326,4.967698542670345
9042,0.2475230930375274,4.9338054431052925
9043,0.14333299128120158,4.473374273625872
9044,0.11792916107539142,4.972590451791854
9045,0.1602286953023344,4.946257786857844
9046,0.38259095074825233,4.999172970157728
9047,0.24527208245748788,5.00262213407038
9048,0.1638781168943768,4.993570536895886
9049,0.3780779612327898,4.958670262321663
9050,0.2270878201868174,4.943785895637891
9051,0.23267411703203966,4.951885679217964
9052,0.2531300713924671,5.0605042793329424
9053,0.16273718463808473,4.984319253767113
9054,0.3165413518033444,4.965173549623572
9055,0.2517737524419221,5.015459017349766
9056,0.2183593366533716,5.224575893520376
9057,0.1821687438849926,5.007665006454678
9058,0.09617610657090525,4.95918210630558
9059,0.1821425155744152,5.09932269555148
9060,0.25538945481325226,5.466171907734809
9061,0.21778385379581344,5.006337587063383
9062,0.33165763929927894,4.9689823882665785
9063,0.18939992099738845,4.948679993698484
9064,0.17392756896059236,4.947310293926783
9065,0.07335567501262696,4.96225416474898
9066,0.5625698209786798,4.22221316474368
9067,0.2591242408729315,5.061070922834103
9068,0.3296631584605305,4.900588400494632
9069,0.29031130276742867,5.0446813548790015
9070,0.29733324112199555,5.005101069629392
9071,0.23295200337451472,5.0
9072,0.14582328146739254,5.011579389531686
9073,0.3178894184419665,4.866459418170397
9074,0.1743633426722253,4.364079391021463
9075,0.3008414010672942,5.381908049237314
9076,0.11631311690397483,5.08187277641337
9077,0.2568532435953419,5.118947333445174
9078,0.34132304655624357,4.736738369043687
9079,0.14562154768946556,4.966791580538619
9080,0.19004084047127434,4.8443025730101485
9081,0.10106210387873338,5.0271484260571775
9082,0.12122617453647333,5.11738270423451
9083,0.40595831148170025,5.0993614665295794
9084,0.22350681790391125,4.34446853803542
9085,0.14644410038960154,4.9990221871190155
9086,0.3498330402275711,4.994443528834953
9087,0.35470466154809865,4.306998096161765
9088,0.26211196240984935,5.069406273661894
9089,0.3740680524123652,4.946594364010206
9090,0.15987029610829806,4.954407021837515
9091,0.16555296483340132,5.430161428836149
9092,0.22990458211675446,5.133166135929601
9093,0.27987076270850797,5.135077775661783
9094,0.1785043644429416,4.871048697516054
9095,0.25725809171131275,4.945902607679731
9096,0.4346688679528805,5.0652800902776285
9097,0.23029628011295755,5.004341092264637
9098,0.2053432502159538,5.021096281458766
9099,0.24064145322651354,5.13468874917109
9100,0.29038374136569867,4.680544433601614
9101,0.16783364313770766,5.235349216507874
9102,0.19410301198825364,4.8739006997586465
9103,0.16227185423881085,5.089486529454765
9104,0.21430978976196968,4.942963336333053
9105,0.24408387793410036,4.980978985647964
9106,0.22715470381965885,4.787735781012641
9107,0.1443863027361978,5.058707806145053
9108,0.21940640641123577,5.537567496365714
9109,0.21506181457816065,4.91503276084523
9110,0.2237058263488132,2.694606925438827
9111,0.2122264239061995,5.300048042868362
9112,0.23295026046908673,5.0
9113,0.31043478820282866,4.3937641765991575
9114,0.24322190679686484,4.88810670553347
9115,0.28313411678401557,4.408502277817687
9116,0.30636819667381365,4.986963441992849
9117,0.3085005243857284,4.9656292501520305
9118,0.1319472347005224,5.620234772781085
9119,0.38936759828921463,5.031220088392212
9120,0.20609682169612742,5.050456595358153
9121,0.21914527472823186,4.861036384898139
9122,0.2505679787561501,4.9664727916388784
9123,0.23128163627083875,4.913824827453199
9124,0.24361113418386648,4.816907554203267
9125,0.1758127666435636,5.196073348597565
9126,0.3421119659934122,4.964876327493979
9127,0.3253952187162703,4.892343791334435
9128,0.22082877084608032,5.004731425872384
9129,0.2232404395776637,5.101346310149886
9130,0.1686716910263002,4.866961524994284
9131,0.15517514478067507,5.173509275315853
9132,0.1960357366702008,4.932645665526536
9133,0.29583584028452425,4.984606197260852
9134,0.3802404746406205,5.137961326633134
9135,0.45880665375726304,3.341183714418081
9136,0.2433213759040873,5.0734405619920775
9137,0.20886147160736113,5.111294252355609
9138,0.1615145971767744,5.368568091079888
9139,0.25750175750249427,5.034897394073692
9140,0.3685528035985548,4.93397532772013
9141,0.17231612184793899,5.070800595504856
9142,0.15908096690770468,4.65158508773003
9143,0.14103181273572818,5.040456915735572
9144,0.2541147831341808,5.157836166148204
9145,0.28274407927325695,4.987574279510465
9146,0.21032606973439005,5.449076054759283
9147,0.3149466334998339,4.488750191432125
9148,0.1756506220187053,5.113280033873515
9149,0.2584592807582007,5.095816050401067
9150,0.25513447565872505,5.03447924823484
9151,0.36165727135186665,5.034785574838203
9152,0.2463978172031518,4.98640416008115
9153,0.18591920737023448,5.100155464528875
9154,0.4322872748461104,5.061579260708191
9155,0.2775800725647417,5.267992461376174
9156,0.31368496982363103,5.016231104981772
9157,0.14856125389913277,4.763642069260348
9158,0.15348102834869404,3.623175225841573
9159,0.17345720376569296,5.040325753975914
9160,0.2676312548444504,5.02562669481037
9161,0.2753393869770684,4.950837997983566
9162,0.3300232105171246,4.826317623893539
9163,0.1623270570427784,5.322508175443668
9164,0.25968276439304794,5.20576961607957
9165,0.3575572214705094,4.930758900095045
9166,0.3649144152951127,5.114355894335594
9167,0.1744729865543282,5.047196057542127
9168,0.17896620360904913,4.84068613750722
9169,0.2255375166858029,5.134340193101963
9170,0.18656978628957055,4.898474477266097
9171,0.19393038862385503,5.641018187893687
9172,0.16433391886048354,5.048860356684015
9173,0.2229218383731728,4.425910310295942
9174,0.19523893346493182,4.958003962108428
9175,0.29186771552373414,5.028250402123584
9176,0.3161984194950507,5.252306776578974
9177,0.18136301610220174,4.978497272821265
9178,0.16592717591865225,5.032215138254035
9179,0.25664172794351003,4.956255080209946
9180,0.24359282966516727,4.650546500670307
9181,0.25688017787391115,4.966875520914398
9182,0.3787702414025931,4.985475598673785
9183,0.2817371828835509,4.858203216369672
9184,0.22516865218293214,6.37798293793618
9185,0.32208446526694723,4.919852070650856
9186,0.22893227248548742,5.082848545064795
9187,0.25543612014563855,5.0513149287327685
9188,0.24137948345362714,4.866775579296325
9189,0.28757390997557053,4.810688545226629
9190,0.24250476976388824,5.03753287609058
9191,0.30477571807528125,4.569177885454749
9192,0.2235611401996671,5.02436859995389
9193,0.32242326999665405,5.029951897015943
9194,0.21188202904528408,4.955270236814222
9195,0.26872903908818424,4.881183198462802
9196,0.21159324060949825,4.986129668722503
9197,0.3789857084454684,4.895550965812863
9198,0.1003595520644589,5.22328570538682
9199,0.23295027150506065,5.0
9200,0.25217059967221767,5.086685228259631
9201,0.31207933291539147,4.9990494068383295
9202,0.20839476147631197,5.145349087010214
9203,0.2603697722893563,5.1230430953715
9204,0.17317125450901227,5.002624841801682
9205,0.15015845393260951,4.8623263797338545
9206,0.13956453006477587,4.790312739461724
9207,0.11396672160036969,4.963517860407949
9208,0.14245133969428703,5.3553582567767855
9209,0.15770820721527845,5.049240193995566
9210,0.23344903860732735,4.864745954979686
9211,0.2003701857275928,5.03499974303006
9212,0.21202045929196145,5.016527514713269
9213,0.18362218867526559,5.177071171163181
9214,0.21189639183659925,4.868954380200625
9215,0.06116765785990208,4.86288675244694
9216,0.3601067267936089,4.85488698657889
9217,0.2605701598639336,5.086732569175574
9218,0.24383646682610527,3.813072104214541
9219,0.38066199868896655,4.922902530354207
9220,0.1925986556039092,4.968816414249346
9221,0.16642658503531904,4.87035265812545
9222,0.28148135270698105,5.059321540447694
9223,0.11423016075983305,4.999765615316951
9224,0.152632229250091,4.925471126906036
9225,0.22852849483643412,5.253786215998906
9226,0.14373663216074362,5.10823869257333
9227,0.18306176276703678,4.8599918103255835
9228,0.1173600492183351,5.072857078095394
9229,0.24873354818658155,4.997998555839631
9230,0.2661649658123899,5.049099377054889
9231,0.2642281769059496,4.938083076878508
9232,0.2873897203645004,4.2900937207334255
9233,0.3437977520637654,5.031699998633812
9234,0.23000899131767527,5.236385391336071
9235,0.21732736067483538,5.005682560694771
9236,0.29100807165141984,5.068905378977426
9237,0.4669638217921801,3.6781585509979298
9238,0.26385544480470435,4.465476710088003
9239,0.28249418248085734,5.364552636713311
9240,0.28764526795306455,4.791735525757677
9241,0.18393346703225655,5.064371358353128
9242,0.10386182504553165,5.04921826098327
9243,0.1781480046303061,5.564112182557617
9244,0.2913897998149102,4.997438315652767
9245,0.18016460090949304,4.508355436217419
9246,0.17297256494825786,5.111192185017472
9247,0.3318084676844033,4.963968377754169
9248,0.2616231220970173,4.924563281301584
9249,0.27364406139636555,5.108530584854716
9250,0.3422184698240711,5.127124707049919
9251,0.3531061568497449,5.127464203959686
9252,0.15930231884075563,4.985230791432338
9253,0.1331991876553693,5.064401128251301
9254,0.2125288804159069,4.915861511815889
9255,0.19231850524475247,5.593558661567739
9256,0.2739433483582414,5.065115765740327
9257,0.2765209847810539,5.098246225041869
9258,0.3147076858564761,4.984196618086143
9259,0.20545296705203597,5.051757075150727
9260,0.1535577616461954,4.997340616420898
9261,0.4825205973527964,4.891844690104152
9262,0.22950634534344982,5.844474912114412
9263,0.23508468845936026,4.945721219309798
9264,0.2815307252039727,4.877152655834829
9265,0.07508711162950044,5.149885391806546
9266,0.3155122661761631,5.172079552720348
9267,0.2362673036589935,5.085110543563127
9268,0.10265243379507072,4.962529724111278
9269,0.12663836799271122,4.8133109222334
9270,0.2739833944476806,4.798025972658175
9271,0.22310305641637762,4.958297430807841
9272,0.13221812643015296,5.062635126816364
9273,0.25917096362510805,5.042792730215044
9274,0.3067691577315552,4.641005059266705
9275,0.13844807663840664,4.808317240706046
9276,0.16076245919002208,5.088041881976757
9277,0.18281713108248732,4.8540008174065274
9278,0.18957515916137901,5.409045568884485
9279,0.22245631660199727,5.008486752379406
9280,0.2891584735773036,5.257502345335725
9281,0.18105551368882877,5.011440625817487
9282,0.23031682129943376,5.0653173892531544
9283,0.2875835028641207,4.341004052941164
9284,0.1801431288946409,4.9309266983034306
9285,0.20124874686801375,5.380895746574499
9286,0.14965969254191602,4.930467302093113
9287,0.2983247289985307,4.604896849764666
9288,0.2420738859592717,4.995857728313444
9289,0.26701553691958624,5.000501797881034
9290,0.35417312708089566,4.996301220641497
9291,0.20387274683397028,5.013026363625901
9292,0.14174460307526582,4.995346933944926
9293,0.29031109415433365,5.001802077596578
9294,0.3438186176356559,4.995440394718598
9295,0.18725639388863846,4.9947879604790835
9296,0.13384376899499362,5.009496516698437
9297,0.1952731421468552,4.996132764236192
9298,0.2822782691099659,5.007514670780138
9299,0.4416595837705475,5.0069766645066505
9300,0.09760630012454019,5.054447288452666
9301,0.17971267334080188,4.850033344197113
9302,0.2895824578322912,5.007288245481947
9303,0.2535744715952084,5.000388683175236
9304,0.29541766956057147,5.0052357603399145
9305,0.32940454098815497,5.015048568899063
9306,0.3660191594213733,4.989319677170112
9307,0.20147762394479596,4.997881651117391
9308,0.17362402524661658,5.054293965807455
9309,0.27038779007491454,4.999327690311235
9310,0.2317204202551455,4.994783403855756
9311,0.2043240985916268,5.003799724047049
9312,0.23295003926526547,5.0
9313,0.2547931078312826,4.986841846351577
9314,0.15602738988904452,4.982417435277773
9315,0.3950035084219914,4.99316456335972
9316,0.23273350587177388,4.999581864491303
9317,0.18604399075629208,4.999567003922234
9318,0.2313410713268389,4.987069764318122
9319,0.19382179909783837,4.9880588127866154
9320,0.20216838580638563,5.012896086766414
9321,0.201002767338456,4.985334534952006
9322,0.24664543976465025,4.999699241176208
9323,0.18113901971020274,4.9522020729453065
9324,0.2345418784375104,5.00193578643068
9325,0.12111400953047102,5.003874712033207
9326,0.12088116656861159,5.012241400591959
9327,0.1750778395974435,4.999313487672596
9328,0.24212756091938936,5.001789917041544
9329,0.25030192515547456,5.005701492888006
9330,0.1943025999525385,5.003645754058805
9331,0.14380171616933612,5.000385507047298
9332,0.33455017756562255,4.998122269367
9333,0.284366458894006,5.004040858931766
9334,0.28950277428114357,4.986549054555702
9335,0.29774084033183645,4.99359181069269
9336,0.1837567743467714,4.961255476120439
9337,0.19053003378307265,5.005720988146836
9338,0.22758940173168973,5.010382644598224
9339,0.2565863486015716,5.017873501621386
9340,0.197549543490944,5.001271384406287
9341,0.1698044765829716,5.00379231771249
9342,0.22859578899303346,4.9989381101473285
9343,0.2626117320400245,5.002961304367002
9344,0.34860663535018643,4.9980366610414695
9345,0.17481416581041365,4.997300635601949
9346,0.1751109458725788,4.948363242080918
9347,0.18756009811552787,4.999249097939513
9348,0.18119974731117505,5.008987913608518
9349,0.148767846392728,4.990815597258367
9350,0.23731121088838525,4.994517189632024
9351,0.2965059732677495,4.995541110030652
9352,0.20973266465411466,4.997029255228016
9353,0.2460296961151991,5.3867678941938735
9354,0.3015364423752904,5.041933154064795
9355,0.26618232296689603,4.633435635606595
9356,0.27359910268611376,4.990631968552357
9357,0.12897070864746296,4.977470355942346
9358,0.1313236555748154,5.0025662547659255
9359,0.0982316670272454,4.944137477591255
9360,0.19793277923606545,5.0012988352152465
9361,0.25282072987187565,4.97960394078139
9362,0.22098628303496737,5.015675353769113
9363,0.2220682986783573,5.003640407516192
9364,0.11486263369486771,4.9918555795036035
9365,0.2465596208810079,5.047174424696168
9366,0.16621892692905393,4.997030713993613
9367,0.3994159094544092,5.0154992722923275
9368,0.21151187074003008,4.98542425921614
9369,0.20628912712152636,5.018618739350469
9370,0.23089085410320975,4.984351443371624
9371,0.18655823032761787,4.996277770254753
9372,0.2699061789752246,4.992497013897834
9373,0.13499090736510988,4.9992895957077454
9374,0.1045145535650518,5.004076978477281
9375,0.18525611693029265,5.001677364298951
9376,0.12669927275012038,4.98971392597463
9377,0.21065789422734182,4.977691805589677
9378,0.26946214688710124,4.975793592581637
9379,0.19834568045668077,5.003427319464331
9380,0.23295035920094365,5.0
9381,0.3225376655509822,5.008711981171405
9382,0.17223489873873543,5.0084916574464255
9383,0.13426562964822342,5.003537156769555
9384,0.15419386229527476,4.998635976887638
9385,0.21281911711503776,4.996816518511631
9386,0.20094176096234273,4.9985132151722045
9387,0.2893041166835284,5.0036496628725935
9388,0.16459665534891976,4.99945286683853
9389,0.16252318167615298,4.972009882346047
9390,0.2069047562755446,5.011150791913295
9391,0.297529927537445,4.993066610028025
9392,0.33004252131017564,4.97863042350799
9393,0.153457394240196,5.024337439074005
9394,0.20027949670912415,4.986484929065469
9395,0.2392259008407237,5.004171674325368
9396,0.2124363616603473,4.994021758213298
9397,0.3037522303462352,4.996569435372198
9398,0.34350754628935687,4.974508779594169
9399,0.2378444350449489,5.004621814518133
9400,0.24906877027117935,4.9981711199936285
9401,0.3856500016211901,4.9961124693507575
9402,0.2088812551071244,5.0096430479246035
9403,0.2303182904393245,4.999852466874524
9404,0.2017165324351271,4.995310339205226
9405,0.25377326031429104,4.990600096160298
9406,0.2554403113846324,4.991708932373209
9407,0.27071583436183455,4.9941749338325625
9408,0.11404092760251094,4.968976443880901
9409,0.2609517902504952,5.002985623046543
9410,0.15043813237785408,4.987013803992122
9411,0.16233662713120012,4.995593927591093
9412,0.18313803717667754,4.997655264390257
9413,0.31418419715463597,5.0017366076068726
9414,0.13322967421060872,4.999668012892728
9415,0.18572412632571478,5.032249127751962
9416,0.3237401530259414,5.000356563664523
9417,0.2917045172755248,4.990659085410405
9418,0.13123356310669254,4.998495738739059
9419,0.20257531599169853,4.9947021126492075
9420,0.03656272230129587,4.994526066647449
9421,0.23440011674107453,5.449589010903733
9422,0.21315371996855115,4.974904640648381
9423,0.2043575390068213,4.9795952076240635
9424,0.15199273243043865,5.003033450010017
9425,0.2432294450034811,4.963510674524647
9426,0.26713093280560485,5.003861056168661
9427,0.15831462266941698,4.983411025146411
9428,0.16403081894693416,4.997830224570592
9429,0.2203351460602847,5.020707256153747
9430,0.18193792981569068,4.998299894707623
9431,0.19124667574034393,5.006268613903595
9432,0.19993141575884188,4.996090273239506
9433,0.17012282825806935,5.003229626817252
9434,0.1598473709095214,5.022874735303029
9435,0.2587737973632992,5.025369969125544
9436,0.25819894840876767,4.998715062504928
9437,0.1431536848324102,5.0150996370733925
9438,0.18811166662451617,4.99355668958243
9439,0.1809928616142431,5.002810990462656
9440,0.16247013372209018,5.035820490280063
9441,0.24040545000607993,4.985952688908162
9442,0.14171101942201236,4.984733807955566
9443,0.1937529520820953,5.122667793960813
9444,0.18795863352404196,4.999828832573101
9445,0.14824027552972519,5.021553700034875
9446,0.2468715198337832,5.00296851260118
9447,0.24438825865381308,4.995092164177013
9448,0.18569117787178713,4.996535262950559
9449,0.2587275957516568,5.047344303801227
9450,0.30393070065804717,5.000364742704901
9451,0.30651845233661823,5.007815887249905
9452,0.42634720856962804,5.001098889516937
9453,0.2746210521698913,4.970012466125722
9454,0.19481722825264103,4.999409971277213
9455,0.10253095387247191,4.992532253077684
9456,0.24574939536772633,4.8405348449875785
9457,0.1600019592278803,5.004937126651692
9458,0.22133772428526655,4.998511503691212
9459,0.19793561444533814,5.020847790594782
9460,0.2696348007517313,5.000886423103292
9461,0.1850071418193575,5.004715425990023
9462,0.2802631310873622,4.999939548637462
9463,0.2983934995273485,4.998116088142224
9464,0.18435935970895279,4.995918391035765
9465,0.2048936199969762,4.99459089805991
9466,0.44610811932319505,4.96102394812401
9467,0.27016388710224826,4.997088703202381
9468,0.16906921182802437,5.078839332429661
9469,0.25642430171761,4.98896137374329
9470,0.24330089128433063,5.002163960802539
9471,0.35812078759385435,5.002840205452328
9472,0.21749951787489596,4.994509453456963
9473,0.1727884590057267,4.993455422814197
9474,0.3149558184424732,4.998222515148774
9475,0.19085553458279625,5.015365521034658
9476,0.17127904678290862,4.9971625900472105
9477,0.3925946351836638,5.005773824986077
9478,0.1303849624779032,4.996322297940283
9479,0.4180323365518448,4.999128218512157
9480,0.2559928905345221,5.004224772238004
9481,0.17832402761216293,5.005033138002943
9482,0.13745436679573797,5.012392289778411
9483,0.13239701117218772,4.9958679013963625
9484,0.1661271597446483,4.988172775933819
9485,0.26836949697367807,5.013084355851269
9486,0.268618435124083,5.003917946160437
9487,0.13239614206001815,4.997391992790412
9488,0.17816560737098164,4.996541976108153
9489,0.2868476512914522,4.995492008528188
9490,0.33776301760043026,4.832794593882355
9491,0.24367963026034323,5.006258186342665
9492,0.13895965641301244,5.009739657388526
9493,0.1255209720417121,5.00578456990473
9494,0.19540766225973338,4.987199010001433
9495,0.17881093384488578,5.006756736582609
9496,0.23792550572251714,4.991781472866448
9497,0.24408539213962532,4.995206746633247
9498,0.21929339531520964,4.970674454622612
9499,0.148944947669706,5.009444023280274
9500,0.10926925745411742,4.902952154914217
9501,0.3055659235102237,5.013829431764654
9502,0.18715727734376708,4.977333918684579
9503,0.2523375243546826,4.997786540531566
9504,0.3859569976951518,5.05849846611417
9505,0.17389813703986223,5.094421443652806
9506,0.1849706872473531,4.995270707932908
9507,0.22846917844289938,5.485908058733724
9508,0.1915680675226652,5.1670496833894575
9509,0.23050308474091552,5.09864688245715
9510,0.213669225986429,5.040495829596532
9511,0.26762560153277115,4.936019110727203
9512,0.16932096016005715,5.315876174309144
9513,0.18782870783097216,5.102409599487556
9514,0.1974999335376053,4.995336981519705
9515,0.34333277711040755,4.861957841450106
9516,0.24657547077966524,5.21939033565002
9517,0.1509515655513496,4.993109612949915
9518,0.400536408439951,4.929378834288327
9519,0.2974329261709374,4.483690795209325
9520,0.22444978859945364,5.040321098788478
9521,0.30653281852405834,5.060318537719839
9522,0.3573033444536704,5.11347105109766
9523,0.17200388501209773,5.054475068383688
9524,0.16683500032845,5.025136086285649
9525,0.3696479652489215,4.970835778822753
9526,0.2320628772822897,5.220590755728125
9527,0.2741209294849203,4.628888431589404
9528,0.29090014547079424,5.100514898994151
9529,0.27408635171751916,5.024265289452119
9530,0.0916936981508123,4.919213231634467
9531,0.23522815066832647,4.813892308828782
9532,0.29456658764348487,5.532448413799376
9533,0.1573393223728874,5.280963687506679
9534,0.10809025304333142,4.134981628454346
9535,0.21225171412257104,5.065119016016375
9536,0.23614785833740193,5.36848703535127
9537,0.2582880215087644,5.191274656414997
9538,0.15956791675021997,5.221513075293318
9539,0.23015252265135544,5.076232018340514
9540,0.26419773322404394,5.426122062222607
9541,0.1649770675494373,5.142616472040702
9542,0.2808285318761836,3.524876388026179
9543,0.2654081628332037,5.125222536339429
9544,0.27020855060352034,5.347087963756039
9545,0.23359561048205002,5.0938595981434265
9546,0.2577657527731443,5.065775196499622
9547,0.1959077562998066,5.101103423841646
9548,0.28934911862918633,5.082148938755564
9549,0.36239752414710247,5.127988185823753
9550,0.15175607841689387,5.071354323352066
9551,0.30495304200692197,4.762377513185001
9552,0.2657165911837154,4.98139692184993
9553,0.17434898323704306,6.028466667997545
9554,0.09593004173094255,5.485560599953931
9555,0.244719693453324,4.953769031494817
9556,0.18781958171588808,5.027914042971622
9557,0.44178076967562263,1.084913826204641
9558,0.2784950255461587,5.229842014070885
9559,0.19936376539396505,5.2594644614951935
9560,0.22748074361504678,5.224652901411639
9561,0.24624438205318544,4.587163676946178
9562,0.21351421362829237,4.722050785023946
9563,0.3469269503012793,5.103368490688567
9564,0.3549305980372899,5.525172701251089
9565,0.2000408591098366,4.921590819844068
9566,0.22763864455462923,4.547558268005059
9567,0.18875589994184327,4.695539076686082
9568,0.23558223121263788,5.097428047909789
9569,0.23107525100096837,5.355682397663468
9570,0.37617601257285815,4.891941782446256
9571,0.1344203565785882,4.820199338728255
9572,0.2850501770430254,5.335430446678195
9573,0.20436398893412644,4.895633634958507
9574,0.09723889109900341,5.124766640941942
9575,0.21203348603847938,4.948649437154078
9576,0.27418743736404116,4.974014569146883
9577,0.31327075483754285,5.2943350315441595
9578,0.3488137027162077,5.192824777022649
9579,0.39993037607547843,3.673276570021109
9580,0.30555997172145144,4.540222385787986
9581,0.19068847306202508,4.978446154797025
9582,0.2561862413679754,5.029285993805015
9583,0.2712989073626122,4.938071708666598
9584,0.08175804527065411,5.269616156542822
9585,0.12172743634425287,5.027912437462243
9586,0.443677937783177,5.187773193797582
9587,0.22144467635800802,5.053172718490693
9588,0.30000925937684886,4.698345182160404
9589,0.0995398050023728,4.92309672268985
9590,0.1496963649797063,5.3007795701351235
9591,0.1758796066881534,5.393848333304341
9592,0.2383669621408433,4.968508205504039
9593,0.14981757014291075,4.785716886568077
9594,0.22428846577010608,4.880415394858053
9595,0.20650509647532833,5.161937091602713
9596,0.09383395728648392,5.5091118514154935
9597,0.31254258499026677,5.093443005628284
9598,0.3087274356700118,3.6821579010119354
9599,0.16500350418456033,4.972246683978394
9600,0.28423584814709346,4.773916824109712
9601,0.29234857018407245,5.10297211537404
9602,0.17196574158488986,5.16741677969045
9603,0.2307618053531888,5.073106139016019
9604,0.1792565723445192,4.926621816659802
9605,0.15230152561732058,4.999371487197006
9606,0.27989625104285065,5.052388880931922
9607,0.16420475629182918,4.89546662632252
9608,0.4423722734622151,3.6652263093526516
9609,0.21784150334289176,6.120635331796889
9610,0.08419906205194128,5.146550917544541
9611,0.2518520404382374,3.5201756858423083
9612,0.20488322675800252,5.066757273438318
9613,0.29511776322472105,4.917596082396738
9614,0.33213753154465375,5.006621278346808
9615,0.1622265173041315,6.291562230641183
9616,0.2470661184160814,4.220246540546793
9617,0.46654974663625404,4.978144784256564
9618,0.17352972185409343,4.757599841093683
9619,0.4405536773502885,3.3864604992087832
9620,0.2223397960130291,5.195654929301741
9621,0.22609218987766044,5.017124395796779
9622,0.26862825256279277,5.000202625033667
9623,0.1154860055976008,5.042045631812346
9624,0.19527108535845605,5.020768520868515
9625,0.16571527000029973,5.015729646808875
9626,0.32479121940189404,4.931653064648511
9627,0.3960578632077001,4.909504437799077
9628,0.22343105859862278,5.002950872019465
9629,0.4227681243118302,4.979739244269217
9630,0.2469858359208139,5.040172041739792
9631,0.29761808042333415,2.9039884979039643
9632,0.20824356278737977,5.262733407521312
9633,0.36083623348117544,4.789355656881522
9634,0.38084407756489935,5.625773324889263
9635,0.14458541064085084,4.673852938263927
9636,0.18838811145429113,5.437186447011069
9637,0.24122800791028576,5.039767011814638
9638,0.2665276802489378,4.9473108581694625
9639,0.25428583705060803,5.29691540695465
9640,0.19611309487974404,4.994805487181395
9641,0.23295149249155878,5.0
9642,0.1236932590088824,6.800768814310052
9643,0.2860294454484209,5.51776384382987
9644,0.2106276547884236,5.021998548662001
9645,0.18465243529602038,5.288132280430693
9646,0.2285168859352038,4.877261809007516
9647,0.1959662675332574,4.782304480234458
9648,0.22297909528782767,4.96753989823655
9649,0.12778943105515306,4.711029865719354
9650,0.31826014477717024,3.458029270347769
9651,0.32847009899039237,4.598531682050622
9652,0.12844528694827395,5.259240404311694
9653,0.09969221124931837,5.453458653526129
9654,0.23003540824382407,5.14782271775287
9655,0.18552701354918977,4.949016303706593
9656,0.21726811613359698,5.197212832335394
9657,0.14161158132231266,4.92524458081796
9658,0.1759366786459522,4.506174645582153
9659,0.23668964702656115,5.135224312527162
9660,0.18295089733261483,5.140870112029905
9661,0.2848089976013253,5.07806111163525
9662,0.1978467384623912,4.934544191910621
9663,0.25850996406360927,4.874899284460739
9664,0.20528854461683288,5.27300619014488
9665,0.23037974255972005,5.0551053898492615
9666,0.14565109859672387,4.9350555065701585
9667,0.26277011838462494,5.234111521555782
9668,0.15923993488859667,5.43108135672397
9669,0.45544880222199735,3.51436654795108
9670,0.1394351519273873,5.070287741095463
9671,0.15092531373575557,4.9947273386950375
9672,0.16669611566479547,5.088626586798535
9673,0.15046884154573115,6.281481560639932
9674,0.1682160090730731,4.921603824856575
9675,0.19936436442741234,4.958958439254415
9676,0.29523933750980036,5.4494762207958924
9677,0.28166887938967045,4.882693403320948
9678,0.26273908550042413,3.9739062637265388
9679,0.2600657238566739,4.860714963526593
9680,0.16969270507946765,4.944597370242452
9681,0.364602690147507,5.237518730529729
9682,0.2469313349984621,4.896576367493504
9683,0.32156154697974104,5.213468243953088
9684,0.18046290425896316,5.071426720982508
9685,0.20684601171754924,5.18137207449576
9686,0.23076626981348625,5.211664179266586
9687,0.24773908860069138,5.05446156932396
9688,0.2982640817865343,5.040121708865399
9689,0.21737295023704228,5.4567050671765305
9690,0.29371743855151555,5.219361040916111
9691,0.14720052371349968,4.469224981689592
9692,0.1243213825608458,5.249342182717589
9693,0.25770167490164186,4.9284206344129
9694,0.2504879616763982,4.244363534697193
9695,0.2544102405204436,5.576824907419864
9696,0.2155017730860389,4.9789675034442205
9697,0.25596946440101487,5.084860117676335
9698,0.3388836298654805,5.285135567409389
9699,0.26516775996449704,4.829284759359398
9700,0.2664757354388452,4.916673035339771
9701,0.3037825052654266,4.333039613581144
9702,0.2604415014803072,4.962109668021393
9703,0.19485393466996492,4.8414634168180815
9704,0.2570343093179952,4.806731877450625
9705,0.19563717520949897,5.058815635567644
9706,0.30041615536977795,5.239280133691988
9707,0.14262638805612693,5.024464508828519
9708,0.10184395472197427,4.929247453504688
9709,0.16268403756558225,5.140489179800651
9710,0.32385812310565987,5.3354726032399835
9711,0.2728115038152865,5.067518428298676
9712,0.28283629661541276,4.987765594312785
9713,0.17287727428290545,5.278532532531042
9714,0.27227790507424543,4.911438586782992
9715,0.23294912610469942,5.0
9716,0.15374854324522547,4.973751712914538
9717,0.183476244393046,4.870080550854121
9718,0.2134035108939596,4.794641885561344
9719,0.2779785815883107,4.8997451839610395
9720,0.20013421570774237,5.051963941703583
9721,0.1420127247368923,5.1715550482281625
9722,0.330373087704495,5.150294513262326
9723,0.2436555598990755,5.108070290286149
9724,0.15845496762420397,5.42606717564345
9725,0.32883549269167434,4.160015130868695
9726,0.12245596934496361,5.103429618342732
9727,0.17840244525290072,5.0084334616015
9728,0.17407097802700644,5.067314805488259
9729,0.14563437441710114,5.01745601398655
9730,0.22284239617881108,5.0337219972344815
9731,0.33698404896739675,5.000507362844608
9732,0.055014521871485034,4.715291078608983
9733,0.25654124942473433,3.6222173429889892
9734,0.17898582475759262,5.387336980933615
9735,0.2334209449374598,5.005350346035149
9736,0.31776330624917204,4.686817794865759
9737,0.21573227710477005,5.009672343465228
9738,0.38234596203169247,4.871179858211239
9739,0.21727520248570076,5.056600132407194
9740,0.32426824263464527,3.889871618220413
9741,0.329403962215443,5.196716532772845
9742,0.34580246340125353,4.530344478540407
9743,0.2516677942857677,4.671342336919437
9744,0.2889197030467474,5.504954805193973
9745,0.06722480078591464,7.289197225777739
9746,0.1857288159718269,4.780331018991459
9747,0.2016301244026526,4.969657204411382
9748,0.25470011423557537,5.0479624901753795
9749,0.0902049384512853,5.064041416062235
9750,0.15802914725476502,4.674957556197938
9751,0.19908299197966528,4.33295285071134
9752,0.3059405307888281,5.014206308964528
9753,0.1731800031103936,5.072137877052265
9754,0.2255435283824252,5.454907960347475
9755,0.2885288978256315,4.505201665137628
9756,0.15871060841698048,4.854124496001644
9757,0.11340832486048202,5.108689346034643
9758,0.23222810313233255,5.266371769709428
9759,0.22478194230363768,5.1465490321711815
9760,0.2643328013667574,5.2461863196933045
9761,0.2087571928217311,5.141422882055773
9762,0.22024795842935596,4.933681876505549
9763,0.23531401053127743,4.901341274847972
9764,0.1364079096343922,5.3743010727821705
9765,0.4882802784574205,2.751642359154225
9766,0.1660293527123642,4.948591357022236
9767,0.19316660449845902,4.842370048665563
9768,0.2565246931708578,4.997577252922207
9769,0.1313982853104645,4.984263245887917
9770,0.19566725623343162,5.314409921146179
9771,0.2805289705827614,4.943743119446999
9772,0.12438611738065797,4.948234697836025
9773,0.1897579505161322,5.027272942616907
9774,0.22580284046534937,4.781327537409128
9775,0.13497726790404507,5.1535728784968615
9776,0.15495660089289953,4.922910512570287
9777,0.1620995601742352,5.101231259741512
9778,0.26650849119138065,5.068554389267055
9779,0.3528689704925376,3.29731905247741
9780,0.09268844378759389,6.954667350634454
9781,0.1573537992493732,4.341587929071222
9782,0.21894370997839196,4.19799585859967
9783,0.23070659871893628,5.542180838335584
9784,0.1476029732673887,5.139923567349394
9785,0.21621329405790335,5.503288915493627
9786,0.37821691731419715,4.998024569490651
9787,0.2272903622234006,5.270538792511115
9788,0.3197275234090491,4.90637877738795
9789,0.11415482629129436,5.034056484793679
9790,0.16194416692399827,5.29271986380909
9791,0.15003537760358387,5.078727322216965
9792,0.20071071112612748,5.228974307061902
9793,0.21001164461846145,5.186142927014137
9794,0.26039859551362143,5.108986716430808
9795,0.2099318223003679,5.225045954633343
9796,0.21818294858261633,5.149736455041776
9797,0.20919669336594215,5.215868444810692
9798,0.18856678613806066,5.363056018881869
9799,0.17888458378528393,5.29429313188607
9800,0.32529901044543075,4.672324043964755
9801,0.20459859068554254,5.133974067784122
9802,0.4256043531349418,4.116693107971301
9803,0.16817294560606966,4.635481685407266
9804,0.2953929522584722,5.402464295705629
9805,0.13741967848026349,5.069791876775698
9806,0.1489378854115575,4.962398640293699
9807,0.1504018818079107,5.006217205154098
9808,0.25418797130588366,3.5905153257944944
9809,0.09193238496379519,4.429625040750045
9810,0.2061439953763129,5.11045490610436
9811,0.18779150839939018,5.051158714421051
9812,0.2356596999377345,4.855771288165629
9813,0.1862509492009472,5.112461896636784
9814,0.14001704753838373,5.025005017404851
9815,0.17906088230905426,5.247928807774649
9816,0.23295019011601514,5.0
9817,0.27544391759476183,4.5677156295688714
9818,0.10793585944227413,5.088332695809941
9819,0.3029383282181184,4.066665026650265
9820,0.15249566863924824,4.469796594518458
9821,0.16372877673573272,5.109342684528508
9822,0.22072387121308257,5.0644889159936834
9823,0.30026687664539975,4.68746820209077
9824,0.39578042904222155,5.043069375478293
9825,0.08483004177118247,4.930379414908597
9826,0.20715151146835065,4.906118980985861
9827,0.280908915850378,5.092769071408103
9828,0.1973623002326823,5.163655240833718
9829,0.5301851228705456,3.4151786742101065
9830,0.14921921844546437,4.477398969973976
9831,0.20099467921846892,5.105693446084603
9832,0.15345559261488528,5.055524125421966
9833,0.20025838493524972,5.349951310160224
9834,0.2412421726880689,5.130459326896881
9835,0.33610032982998184,5.086168080489513
9836,0.33577147808466234,4.922125237814532
9837,0.19789968314398765,4.9432355904186664
9838,0.17475672253642727,5.158262157244282
9839,0.25613057383722837,5.1002043308749645
9840,0.2620299638338468,4.848948839111147
9841,0.35218293034128245,4.858739550718445
9842,0.14943212050805843,5.164813449374339
9843,0.19863043703985195,5.355971553994934
9844,0.1553218382031767,5.62898992303821
9845,0.3328828813482372,5.006804110044811
9846,0.15230937647436837,5.054557163325528
9847,0.10331925978832257,5.125876001137781
9848,0.1164431060536999,5.007748519499993
9849,0.26656643959822035,3.7998795611824754
9850,0.1561851279360602,4.630265597609764
9851,0.18710556960434177,5.065057823447354
9852,0.11437951244515898,5.25639725568956
9853,0.1462891975115841,5.0141865100546035
9854,0.18723593665501115,5.033821222445756
9855,0.17095570290753526,3.882141273669353
9856,0.09312154419423724,5.13431927634894
9857,0.27631087124367215,4.827101548905777
9858,0.19993893498295856,4.913521809279144
9859,0.16250085790919222,5.4357223255179665
9860,0.24122490054195422,4.995206007317501
9861,0.3042877881861772,5.133098451391218
9862,0.1878416264856282,5.197277313215496
9863,0.22291557176350207,5.58367206262159
9864,0.2022281662791423,4.953858232786592
9865,0.16980028568209438,4.850931045738225
9866,0.1817600032821931,5.028033624329016
9867,0.16869816368893042,5.1490816719852095
9868,0.09718734998796696,4.440078785916102
9869,0.12912944208326604,5.113887744136241
9870,0.24232756145592393,5.169499613215347
9871,0.15833546640068397,4.986305742357668
9872,0.1014638664667491,5.088150163904581
9873,0.16508696537716117,4.995736352051923
9874,0.21136165309220978,4.880960757078654
9875,0.1834486535392308,5.156127035938782
9876,0.16974238374314243,5.357799764268805
9877,0.23294989990972836,5.0
9878,0.16827412011650078,4.736685840245922
9879,0.11770948359314626,7.060419490046126
9880,0.1713942731435718,4.988745440146136
9881,0.2744358018611712,4.532846186729174
9882,0.23033374293275033,4.9421198688110035
9883,0.26065118142243193,4.983223299299926
9884,0.21677395973690872,5.073108922300369
9885,0.13925843724640807,5.070636892961238
9886,0.2434399497955264,5.022774357700239
9887,0.06682585639682381,4.999961785906644
9888,0.20752969466977933,4.986482997537163
9889,0.1484577506515432,4.868130661298009
9890,0.15447875831188296,5.420636836922679
9891,0.2744867091343004,5.0107832275960895
9892,0.12320941152156362,6.063618071563921
9893,0.19610927567693714,5.406966822860921
9894,0.2087532085579975,4.972703209505891
9895,0.21415182315517067,4.884414024166253
9896,0.3075065150557612,2.9066992354388432
9897,0.0883180249289679,5.117802473044426
9898,0.41875825160304037,5.243772188733518
9899,0.17746976193012776,4.659726846594383
9900,0.3131324061484144,5.13987332077563
9901,0.1380591770373012,4.952901560066616
9902,0.25662728940611523,5.125920380362414
9903,0.24494746369867948,5.0660541760536315
9904,0.1734784374685494,4.448766968922868
9905,0.25920993051850716,4.93490328296752
9906,0.3283597811542467,4.940477481995078
9907,0.16840813727294024,5.114941473151937
9908,0.1535564227872075,4.665665595847308
9909,0.31995418578618007,5.1575892859720085
9910,0.2643227877146441,5.086408125273936
9911,0.5319265142598117,4.74291637501743
9912,0.17086045119968185,5.281872674674553
9913,0.046515825807450284,4.948494754856858
9914,0.08956598321088927,5.182749974728731
9915,0.12228998696746451,5.020751697278998
9916,0.21437489904158213,5.189342614894228
9917,0.2514972590395985,4.842599528669824
9918,0.10042810669077196,7.130402658223209
9919,0.2849339605724366,4.223208104327449
9920,0.2918356427737321,5.115801584607951
9921,0.29921243330164304,5.189703887036741
9922,0.2392188179841499,5.847351007868076
9923,0.21481894592832962,4.986849439153351
9924,0.1640995726339416,4.955080572134438
9925,0.20568461120606107,4.969616344056265
9926,0.23632453877753457,4.9674888492170854
9927,0.33409632978598713,5.131882380649779
9928,0.168004322291881,4.828184711211314
9929,0.19378688391386323,5.248253286755213
9930,0.22435135404362505,4.916051017940317
9931,0.09123788159087365,4.995258232301749
9932,0.1917347446811286,5.734410871735589
9933,0.2325904679869284,4.980483253077992
9934,0.22116232970250316,5.051642867453658
9935,0.2538142113999824,5.05569566881789
9936,0.20874732135974994,5.024639241624671
9937,0.24194508195313924,5.0291927740085995
9938,0.15732693262140796,4.995025228709764
9939,0.2294053087230834,5.374041028274128
9940,0.1499184337767947,5.029862640945204
9941,0.18304270718697913,5.086015241239998
9942,0.14237737595601185,5.040670448206788
9943,0.2959897329285679,5.059629079292698
9944,0.19153663257714681,5.090807293219379
9945,0.21146747453436765,5.057512532541875
9946,0.19965053754386575,5.0140694691384535
9947,0.1491866538405493,5.045091218476285
9948,0.20920059983559658,5.036168729211301
9949,0.2945502577191137,5.04069418321861
9950,0.10925042674410568,5.082461196604466
9951,0.13439231002974195,5.059056343214063
9952,0.16256777560942193,5.02052338422911
9953,0.21833434384007,5.0432031777721775
9954,0.14337954947871134,5.039399288177311
9955,0.13634763354446955,5.048645690239413
9956,0.12083099632981265,4.925954312272456
9957,0.19156076799682098,5.022708913986955
9958,0.21478860115085752,5.0351763643858405
9959,0.21744962260840506,4.939084886345775
9960,0.29489702174186583,5.016347636780223
9961,0.14195856890092062,5.032182274255428
9962,0.16755996057614064,5.0767167948398395
9963,0.2235651768840008,5.017158748284114
9964,0.21472400526149027,5.0349014376096335
9965,0.24349006293196718,5.020576929419551
9966,0.1867716809018194,5.038777092978055
9967,0.15262299657754985,5.0336287600269
9968,0.28494998842228414,5.037557910905726
9969,0.22859666152140234,5.035809123050443
9970,0.23081156514626877,5.011679802438236
9971,0.11771528059676606,5.048592670272853
9972,0.20723863101318374,5.2097812695077295
9973,0.29015616471296113,5.0329955610402966
9974,0.3056016131780446,5.022562099415451
9975,0.21444580239132738,4.912979440245753
9976,0.14713240109515446,5.151736780249374
9977,0.261518118757035,5.080246397147006
9978,0.14661339475260093,5.027350467043146
9979,0.29855805234947663,5.026583725253495
9980,0.1690801326766076,5.099440639229478
9981,0.197476538759374,5.099432593306412
9982,0.16715390203380087,5.137222316003669
9983,0.19238592159469592,5.117118723938088
9984,0.14473675035576838,5.0574249515953
9985,0.1426963111742079,5.02433838747951
9986,0.27918438010156565,5.1000731074329675
9987,0.17507300149423366,5.040889318683837
9988,0.1806248756320732,5.041419033416501
9989,0.21123063303458633,5.048037345667451
9990,0.18901623474821605,5.052279769634973
9991,0.23256127605470778,4.975748538501552
9992,0.23080282533775942,5.017321492049387
9993,0.1519561001509777,5.04428299138147
9994,0.2061885765238043,5.010735578056087
9995,0.16966833262896697,5.493469958033055
9996,0.30105533739801826,4.997422433257546
9997,0.21915709278510298,5.034761435014783
9998,0.11953013977262716,5.04492663974446
9999,0.3222111304458617,5.039896465220082
10000,0.16304744328636067,5.014792456286408
10001,0.2182974751418938,4.96122357061644
10002,0.2295207171808542,5.035252989346439
10003,0.20472281138010895,5.03960561346295
10004,0.16138051595252612,4.995945107740356
10005,0.16386713886773907,5.034144999186827
10006,0.17382655070817354,5.045666609824702
10007,0.23119647717209557,5.058637248424995
10008,0.25380867418229447,5.029985670453243
10009,0.1391779345301838,4.998189330456597
10010,0.12743808785813204,5.174787909408778
10011,0.26877776583681867,5.030658462315589
10012,0.20405610853372824,5.061787044554569
10013,0.17696936482879577,5.035389044719638
10014,0.26428241063453695,5.019491180119848
10015,0.17308146760918586,5.04099135997512
10016,0.3093360999151724,5.03413059512102
10017,0.23254386696290452,5.029559897582576
10018,0.09426696484841379,5.0554832351389845
10019,0.15706907274075044,5.012601251170725
10020,0.14804897041206222,5.038301126166713
10021,0.17260907344084075,5.067188646871292
10022,0.18876487321237212,5.034010311078374
10023,0.24789203106163193,5.078617069936957
10024,0.20273459387399084,5.0440946545336285
10025,0.14542903055146938,5.034648906102861
10026,0.11864260499187274,5.037927146384122
10027,0.16637996356572526,5.026804692944911
10028,0.2627542743845026,5.053926640558846
10029,0.30701544470827025,4.899069212509568
10030,0.35321767189277464,5.026766244985206
10031,0.19994683475463315,5.040691957665393
10032,0.12172688450384195,5.037981637166071
10033,0.1520510191909128,5.199187956427389
10034,0.16413682640738503,5.024838400185336
10035,0.26065282204754014,5.085260843084614
10036,0.13928349225263825,5.0330012076616715
10037,0.10887882761385859,5.024438748263975
10038,0.16346072452005722,5.045517439110672
10039,0.22497244765936908,5.056077793211973
10040,0.35448699942777684,5.02759888207553
10041,0.12715737993885878,5.035764161771308
10042,0.07228452728608814,5.03795383705377
10043,0.1837707981259611,4.9753929810721775
10044,0.1855057903877515,5.215783415765163
10045,0.17356205062409047,5.067144629447604
10046,0.18976652934556482,5.035801947172747
10047,0.16408592945849665,5.0441081483730965
10048,0.1319026522150326,5.040218754715955
10049,0.10550557145911288,5.034881484081337
10050,0.20328133046518237,5.077591663046714
10051,0.13372672906815053,5.048027233402745
10052,0.13779787721861236,5.032279672553841
10053,0.21098317895452579,5.007526009752441
10054,0.11277156996684523,5.015444978853596
10055,0.22097665948138379,5.038595380852744
10056,0.3761414771092557,4.999645451126158
10057,0.20921989229821492,5.043686178018927
10058,0.23735870441005424,5.026225501697281
10059,0.16669927959635378,5.017026471542021
10060,0.21113699126827123,5.010517846574656
10061,0.1689092224453419,5.015476831073817
10062,0.22539117604751757,5.0413732612941065
10063,0.0520757658929456,5.03755980458088
10064,0.29303113431121464,5.038768116483574
10065,0.16223843448396424,5.048321146452093
10066,0.13324843544957043,5.028239067044549
10067,0.24410663579655356,5.026478123511451
10068,0.28677077271573737,4.918693237437113
10069,0.22115991195386253,4.952900199847452
10070,0.1706746447844485,5.025711519176852
10071,0.2671839316981328,5.033913953084257
10072,0.2156255128457618,5.113737528859872
10073,0.14395500947082107,5.07506983528355
10074,0.202516276706608,5.010646648693875
10075,0.13864104550974976,5.01807079733978
10076,0.144633669113162,5.047987856156615
10077,0.2545124941333088,5.036256077397612
10078,0.22498277387381282,5.041996690121895
10079,0.3300104997734987,4.692376601513528
10080,0.1521732864529226,5.063276905693943
10081,0.3010573280954938,4.922861422451605
10082,0.21770314888253461,5.037371864140168
10083,0.31557417085358974,4.9712932579622215
10084,0.19720401209702776,5.058528815021255
10085,0.11335275567572545,5.033551558233977
10086,0.15903759775235327,5.041048018083707
10087,0.1109116038991449,5.042442700791794
10088,0.09760641701706474,5.042392748327975
10089,0.19376712919735883,5.016325190020714
10090,0.2025999519880035,5.042604212499224
10091,0.2763929948083561,5.03383146676426
10092,0.1492220919100682,5.04021867195644
10093,0.23575479669934984,5.067985790862766
10094,0.09604503042463919,5.020188781535522
10095,0.3376105595456933,5.066121233487815
10096,0.17681982548340214,5.012315927449658
10097,0.20666906479721114,4.886422892669113
10098,0.17023512053027334,5.0225982878091635
10099,0.15164003432340367,5.002777497308983
10100,0.27761172852018734,4.946875921071845
10101,0.24114009178139684,5.034451890035747
10102,0.26046470285515433,5.086102616320725
10103,0.14039192239613163,5.075008181058758
10104,0.21817565441823605,5.017516320988786
10105,0.358363573683373,5.0341978369156415
10106,0.2136614479064658,5.032384188899517
10107,0.13561200340664592,5.0156406057959035
10108,0.356146086894948,5.020965313222003
10109,0.20499630477018105,5.027414682819797
10110,0.2430094082031502,5.054300841572532
10111,0.22372853268545545,5.038923196969316
10112,0.24978885899012138,5.050089716642958
10113,0.18736544150469125,5.03926047332123
10114,0.28901798833928116,5.0409134314905835
10115,0.17601380348144002,5.0367162794079245
10116,0.20349951810677913,4.515207657168485
10117,0.18098332569772224,5.032289240698304
10118,0.2991612627390694,4.997484124977225
10119,0.2329515225309322,5.0
10120,0.15015536265811624,5.117403668074747
10121,0.15970814565150104,5.008809643041996
10122,0.21996786429005621,4.993622069195132
10123,0.1739093721956717,5.025649662512439
10124,0.08715150710218,4.8380417917162255
10125,0.07139897187213595,5.049137444702181
10126,0.09804110860732229,4.941976210630941
10127,0.23124250746935537,5.033687987795243
10128,0.2503980098438088,5.014083003179204
10129,0.21824924204872698,5.033592988753144
10130,0.3107441906626838,5.021167074357136
10131,0.17186813849959548,5.003051801923357
10132,0.152977772899898,5.034694376385236
10133,0.16750510066090984,5.032991249222176
10134,0.12056877005744582,5.08070593653839
10135,0.3262354085536904,5.003144828292125
10136,0.19971754700038358,5.000407861033862
10137,0.21829213614536425,5.034795783886974
10138,0.10104927714082357,5.057315282396209
10139,0.2570424978087158,5.038557080026269
10140,0.23294981967532014,5.0
10141,0.16844655222343663,4.985616851966306
10142,0.32482689120682373,5.02840147780903
10143,0.14071008828381104,5.011037662327116
10144,0.19498073834958962,5.020581221815377
10145,0.17976936794698783,5.167741733870814
10146,0.22261611644055268,5.023494731051841
10147,0.1663404031961797,4.825989859098749
10148,0.1327042805491918,5.033954805851417
10149,0.10591303758110748,5.001189419374246
10150,0.12649385232316468,4.979228646974194
10151,0.16803992994861172,5.078743494184783
10152,0.5371382701911533,4.958830638243379
10153,0.20855477045609216,4.787739186417239
10154,0.3239896062889449,4.825324097673489
10155,0.4134516839144964,4.786664148472708
10156,0.4463521872996006,4.781997776868563
10157,0.27353101032700566,4.6813815220308985
10158,0.5466554141211997,4.81795432916825
10159,0.4492021486635118,4.855190607062756
10160,0.4067281286939013,4.896312812785268
10161,0.4482414834014272,4.8530695548390845
10162,0.453582622964781,4.77710607208933
10163,0.3419023024094472,4.758340872661826
10164,0.23742337734327879,4.827600811492676
10165,0.293008074964924,4.786346702487556
10166,0.29919784639433344,4.576620283105264
10167,0.35257694627328107,4.792897044625493
10168,0.24504158475244542,4.883301577033574
10169,0.2733215197080079,4.8266996008278085
10170,0.08961272285792554,4.834948613589631
10171,0.2841989998386989,4.835651971728163
10172,0.4212413881112367,4.781409250481321
10173,0.24007178668234852,4.800907075641714
10174,0.3789457481317462,4.817997548935642
10175,0.321983229416098,4.784514382258145
10176,0.40422402444486627,4.805970646350852
10177,0.3122231001937412,4.807435028902605
10178,0.4032339796446356,4.847407105412573
10179,0.4847008181218724,4.753851545915184
10180,0.20214346364030766,4.81557098809648
10181,0.34403213674588207,4.803607744588625
10182,0.3633098125133154,4.819606997645085
10183,0.39472565992094966,4.860894486146963
10184,0.39928442165407296,4.798280716073329
10185,0.50873504797541,4.786860976515008
10186,0.4850256780199296,4.742105775540759
10187,0.16578062242220093,4.821117823276175
10188,0.26724192973043026,4.836404601253799
10189,0.1659440357379358,4.766596097998654
10190,0.32037790738358196,4.841054950094339
10191,0.3167984489406179,4.817468239917622
10192,0.338300723025426,4.806383863757802
10193,0.500081453573263,4.825930462557402
10194,0.16083269952428214,4.7845228008020335
10195,0.44787911590566254,4.867036869955115
10196,0.3315171740235223,4.854119537094599
10197,0.47248250398137026,4.72941812332321
10198,0.3891507445953164,4.823490382885174
10199,0.12753262394382237,4.829534801027924
10200,0.4738842216777688,4.810676568089818
10201,0.24523909075284323,4.842811359744221
10202,0.2731839220387282,4.827923178326063
10203,0.36392147468449476,4.83494990054588
10204,0.41304975950119505,4.846750245667231
10205,0.5093786935732931,4.815716876351868
10206,0.30709903093825863,4.837013906559919
10207,0.4443098533933407,4.835573163778379
10208,0.17733335208216672,4.84200367745145
10209,0.30502034607464346,4.823817266223793
10210,0.36691409042340983,4.810760886373586
10211,0.2936927475802267,4.818764109842766
10212,0.4577599471542837,4.828017338941182
10213,0.1523361944406154,5.079355098471909
10214,0.23642821676564907,4.835085245450088
10215,0.4034103937364384,4.860621949520221
10216,0.26710914681911935,4.776280263231136
10217,0.5395858188307583,4.838520247684954
10218,0.2863943941995959,4.877244329286468
10219,0.31099345102176246,4.7814595588333475
10220,0.3163183688946636,4.810799641513395
10221,0.13752975031410664,4.840275167659982
10222,0.48008802235957293,4.848129161268577
10223,0.3596372162758874,4.696844051076612
10224,0.46066995719171033,4.822227026339405
10225,0.28477180172188366,4.754711795074611
10226,0.3885904951553558,4.857678506450789
10227,0.5015846804599251,4.811215756842007
10228,0.36098069275912725,4.833105507786497
10229,0.3936703467971543,4.821699946677986
10230,0.3845944354031159,4.894863054017327
10231,0.22863472044166144,4.810222484582205
10232,0.505339554417676,4.7908064926343386
10233,0.46039013516567895,4.769852756173183
10234,0.38068312839331964,4.829217385464792
10235,0.46910610515061313,4.839546153668577
10236,0.281462029960432,4.838565624490956
10237,0.3105847738889673,4.795777795781504
10238,0.4130431589647796,4.835558733466474
10239,0.4124629568917182,4.815275407296671
10240,0.4196186419917223,4.813573250450398
10241,0.21328079485060103,4.848791597357431
10242,0.25230318830805043,4.92877675039777
10243,0.2103257852421314,4.845960963696205
10244,0.46410221723594214,4.838692419209192
10245,0.6754342889726754,4.824118095457388
10246,0.2930486113245452,4.8562592743500055
10247,0.252030223668843,4.799198321009097
10248,0.22849828095736147,4.792648502411865
10249,0.18873181214553592,4.868426680696425
10250,0.1428889771677575,4.834257159280089
10251,0.35814793361503416,4.841609219924052
10252,0.360742390677226,4.868901181544771
10253,0.4411140033102672,4.875034847181707
10254,0.3903623155981524,4.815716233268077
10255,0.281411655449044,4.989503979621732
10256,0.41679350497747625,4.781643487517826
10257,0.4122324486966171,4.812111638024614
10258,0.3327663018880338,4.978484202425868
10259,0.2932201272952659,4.825212454550316
10260,0.27677694065985126,4.770061147126743
10261,0.1858774324884831,4.829740711979875
10262,0.47954467423531355,4.826621914804852
10263,0.4746016640773121,4.823458559454119
10264,0.16208608813818048,4.852472835862622
10265,0.28104507979833016,4.8596238641517875
10266,0.3378069507957149,4.899947483762883
10267,0.3546967894116364,4.832532331018857
10268,0.3139724159047339,4.8551722170570955
10269,0.29099054871988894,4.840463620531166
10270,0.37309390237722795,4.792907881625474
10271,0.42200229146631774,4.796627890422451
10272,0.594159889448721,4.830879458875321
10273,0.2329502302050337,5.0
10274,0.2183291159234244,4.918687700139541
10275,0.24390326374796745,4.793268557186758
10276,0.24607354400271442,4.821944348521239
10277,0.17626795512074445,4.818484916984431
10278,0.31398402992982777,4.806598739694161
10279,0.3742755046014863,4.802032888363641
10280,0.32808004054309414,4.9749552082618465
10281,0.3464395613691462,4.811798103097962
10282,0.3461962997503685,4.860891725649417
10283,0.294515557303314,4.960981540750948
10284,0.38906915185406366,4.870943173609863
10285,0.23745120238304485,4.822086753722115
10286,0.4217965032869264,4.682330475770984
10287,0.7578555162350276,4.845748497321054
10288,0.48886833316236555,4.863664060627517
10289,0.24699841641775677,4.831307822057536
10290,0.4537077489826695,4.732293330156434
10291,0.27747315140231166,4.8510344896615365
10292,0.33276315142323787,4.828572014947472
10293,0.27938508112352434,4.851000796507305
10294,0.5196530089532354,4.7630675841059045
10295,0.5464280643668078,4.840137753892764
10296,0.24221035666337287,4.847210012378849
10297,0.5416277417071869,4.839418195182894
10298,0.4995141365390623,4.8391028567635175
10299,0.45220438476502745,4.868801710330928
10300,0.2097348095311402,4.839581432145987
10301,0.18812380389319117,4.817322320939352
10302,0.3808573405467932,4.7985151715889796
10303,0.21934147760961764,4.814051082101942
10304,0.4409092361249982,4.8089091233507375
10305,0.2101332832138374,4.836041505608826
10306,0.28725158097714054,4.814157311899727
10307,0.36189517786166747,4.829905930319001
10308,0.3022339377863612,4.891776480326451
10309,0.3863604238105214,4.8380328481990365
10310,0.2787549918553043,4.836531554000736
10311,0.4521641486755561,4.8457552902003975
10312,0.39072333682193117,4.8005478490317
10313,0.32184757878107617,4.916827875118601
10314,0.2782963597391208,4.846518044425245
10315,0.22154800894133198,4.790503361410172
10316,0.38237762638701733,4.802512899676774
10317,0.4013616478398623,4.829222432954028
10318,0.23607968128989243,4.807373334128009
10319,0.27548702241382084,4.849135516773497
10320,0.398470581773787,4.874535382543979
10321,0.2370675635311359,4.838764241891598
10322,0.29625454168469334,4.819114968193352
10323,0.23294989765392038,5.0
10324,0.40782758742027836,4.843462145998325
10325,0.3794503398695024,4.859966707338952
10326,0.36660783499178096,4.832414904635254
10327,0.4742450546147001,4.789540666149028
10328,0.24197392211596358,4.827098698800727
10329,0.37247060263679566,4.883744920342696
10330,0.5142815747978469,4.810500712853267
10331,0.3098350818369757,4.832988185855598
10332,0.339968749607517,4.781745755133793
10333,0.38762503124807335,4.754852678840438
10334,0.2246027066238041,4.826459406503529
10335,0.3339440942500733,4.781879784534322
10336,0.2485480525423307,4.82529922907136
10337,0.32212720683636453,4.796010989192805
10338,0.3829881503176835,4.918169930575216
10339,0.4712353678107164,4.755264495917633
10340,0.5821242041964951,4.808282386826965
10341,0.2483349241598658,4.810721324404081
10342,0.2459359448930205,4.88918806287943
10343,0.4141048330891588,4.787687353647074
10344,0.5456157272574631,4.816859370023572
10345,0.39672786119688674,4.829215154722233
10346,0.4306692949312705,4.8355349701497286
10347,0.6067840589773921,4.842842895383965
10348,0.44878130842220343,4.8599149595814595
10349,0.46256062626530947,4.848266801677834
10350,0.43341418722567604,4.8071733137399875
10351,0.5593630487042929,4.842544409224434
10352,0.4862404984672237,4.802248788885848
10353,0.2406845443880199,4.838716557714706
10354,0.3834049294400812,4.846073054346585
10355,0.43864908206181763,4.774227658231425
10356,0.18893079916841105,4.804903252129389
10357,0.4309844001765879,4.803263472841728
10358,0.38433674512219484,4.791259147903091
10359,0.38517644525241623,4.871157735347458
10360,0.3403835273355875,4.7688957091592865
10361,0.3873494687508783,4.835258898983126
10362,0.490321732230391,4.823854424115641
10363,0.3513359231468087,4.831193653348693
10364,0.3425812143662643,4.834243822104991
10365,0.25391558182368534,4.82727702508531
10366,0.3448315356628475,4.805683718139626
10367,0.1721264538781404,4.802390755745307
10368,0.28183304153744104,5.14822310549051
10369,0.27371302481828064,4.929021958249029
10370,0.25404471199360334,5.017760408953764
10371,0.1724788408018183,5.05701524949
10372,0.2174590532938645,4.921877256544196
10373,0.2323367362294635,4.875724954247769
10374,0.48577933741979384,5.321132717694512
10375,0.23397452608425295,4.9479134827821625
10376,0.4262006615671903,4.9247578182736
10377,0.22386693218583376,5.042206685811941
10378,0.2706719883506752,4.825555693503372
10379,0.2969473612192828,5.030095242863153
10380,0.301466594615593,4.428777022435355
10381,0.2367143233225788,5.0263127502717175
10382,0.1147008939500127,4.970027925693126
10383,0.23065584654542293,4.924145660266088
10384,0.2757911224881415,4.898383234928083
10385,0.17997282567787698,5.027134202847039
10386,0.28314756607564373,5.073646068659414
10387,0.16659864649932543,4.298027774432427
10388,0.10964597243882657,5.309816343550597
10389,0.4169837939939254,4.491882218282441
10390,0.33904458242801505,4.883350806787901
10391,0.129154716419424,4.529876551271936
10392,0.2917390563519413,4.833926689549717
10393,0.2311668882685165,4.853607807624671
10394,0.2165966329329081,4.603504818797353
10395,0.2539047354048585,5.04108894631873
10396,0.26787341032289946,4.98248820066701
10397,0.23295010299964614,5.0
10398,0.17224307574822073,5.416041757467465
10399,0.2178547912870663,4.945193248725621
10400,0.3657970521646001,4.851089593446778
10401,0.295739005444015,5.156954867839705
10402,0.1309343847665292,4.947341985378646
10403,0.18234434171753922,4.561083609588632
10404,0.2200666262267721,5.021867931128208
10405,0.36622451393842814,4.465979594252625
10406,0.29113845742836353,5.04183496769012
10407,0.3097038881248866,4.925596518063946
10408,0.33911094993811797,4.9625191451845385
10409,0.24839701985517149,3.82963583742292
10410,0.2519108613609329,4.600929402957652
10411,0.34739134458784915,4.800955832347951
10412,0.28833833170965173,4.8797163945095345
10413,0.451359923159363,4.928203497214323
10414,0.2031951132637957,6.938332712590745
10415,0.3519683930149453,5.0456696917435995
10416,0.15781562102624047,4.917122228324056
10417,0.20878505884565857,4.919815900358682
10418,0.19243521445084433,5.3202693748208585
10419,0.22923481156110292,4.889572627817929
10420,0.3265422017685802,4.897930916600339
10421,0.23913371999942745,5.073879048848644
10422,0.25870385767088977,5.66876785658847
10423,0.373352570987054,4.966742775825743
10424,0.2583362789595509,4.928791226931928
10425,0.29056342548087577,3.6793043324191643
10426,0.15793451683366122,4.99378206983474
10427,0.23997188158256577,5.17420696140797
10428,0.3162170704145961,5.0411523134185465
10429,0.27497640240292887,4.983597793978305
10430,0.23432180135234404,4.9724908952917435
10431,0.24355175057880252,4.995654440273851
10432,0.11171876699237338,4.971196729715146
10433,0.2996895995132307,5.163495381874839
10434,0.4121128815922681,4.836191820478177
10435,0.13152761547516345,5.436172686336782
10436,0.350706919624586,4.9916598665734835
10437,0.24211114278181656,5.021638964648751
10438,0.27275987415238956,4.823284461882409
10439,0.24108271623917177,5.033435273586004
10440,0.2990032325037293,5.030998091100356
10441,0.13805015661795994,4.936298895657716
10442,0.28912035968676264,5.022397607307099
10443,0.25607525065534453,5.388670457074847
10444,0.1524230171293588,5.2586577503088705
10445,0.2032977849030022,5.166046442700916
10446,0.2220769078323408,4.984752853185288
10447,0.29553843617743847,5.100368576092107
10448,0.21505517629624538,5.0420710206349995
10449,0.2859146995008275,4.941054328715637
10450,0.2121419851138573,4.947474472502371
10451,0.24781358693305688,5.06625069562622
10452,0.23715099696625153,4.700933061305967
10453,0.271939813360772,4.9074472767347554
10454,0.30430705837287997,4.93667944567135
10455,0.16212751130164538,4.910283965051541
10456,0.1266919637241004,5.328341765328819
10457,0.2034900424368944,4.95489884230909
10458,0.2488135219542289,5.041505411105316
10459,0.304195906203242,4.946748812353636
10460,0.2867919802039993,4.878441120415671
10461,0.23707644587248256,4.610758973341351
10462,0.26677846568923735,5.003692555092698
10463,0.24911390729288674,5.08997181248807
10464,0.23670256806683532,5.118248739708937
10465,0.28092780660002736,4.886957472767968
10466,0.23637292477689975,5.1020609797334515
10467,0.1207259127288236,2.551084852102523
10468,0.13156938821756747,4.753691366439954
10469,0.1348126090030941,5.024227421384486
10470,0.20986603563605577,5.1036338799346215
10471,0.1970492412312801,5.045160435071514
10472,0.228141467359819,3.297438183858259
10473,0.22982831054584318,4.907275160967242
10474,0.17143799986816077,4.852867682073692
10475,0.2369774500710189,4.843243269253152
10476,0.34160787399055415,4.900471860126743
10477,0.3689868225625026,4.806207424650957
10478,0.3160733940311691,4.828461689777699
10479,0.42219929184444505,4.994620496150359
10480,0.14804868003560556,5.096393787175728
10481,0.13912434967285514,4.838904353121496
10482,0.16463909890374007,4.811410292473397
10483,0.22920060020797361,4.9754677534615865
10484,0.11327311610420598,4.89204053096687
10485,0.29969560293747355,4.962337252759932
10486,0.21322576313364783,4.906848510513759
10487,0.12458093608874998,5.00427622738246
10488,0.24198286482703346,4.983720819737778
10489,0.12713956237447555,5.043347337180455
10490,0.40995313525769883,4.901278489197951
10491,0.3359609450251846,5.54675068797736
10492,0.3206134160112224,5.33369494702983
10493,0.32176930497177847,5.034059073827608
10494,0.18299992872802173,5.291752134404666
10495,0.34739732275139223,5.388475522358274
10496,0.2500220713809995,5.018600342232542
10497,0.23345706865983673,5.001942795730363
10498,0.237489307146576,4.779341168505855
10499,0.22574849765756078,4.939451683522442
10500,0.12159238549100793,5.217964104534314
10501,0.2630279192808267,4.721762947750845
10502,0.14704045626165896,4.941447272243931
10503,0.2916317904053991,5.839375194830954
10504,0.3575903317580098,4.574438375981025
10505,0.18585804334295397,4.786273650320938
10506,0.26055740355577783,5.110085402076248
10507,0.1580729294548091,4.951744978386543
10508,0.2931591334807957,4.984328733666077
10509,0.27299659215784056,5.18460840101346
10510,0.24573938762849945,5.022720206584834
10511,0.294214625649289,4.941249511702299
10512,0.39065669444630613,5.00750066940105
10513,0.22064190517310323,5.387121718566288
10514,0.13124640414836763,5.81994744830066
10515,0.3197658893760693,4.842618581910818
10516,0.1854033043494261,5.03521010507936
10517,0.21746030123284754,5.105213981136476
10518,0.24107183251958775,4.961217448916413
10519,0.1019424088309937,4.938999667821484
10520,0.13204438654261352,5.893387658319922
10521,0.20761923075731548,4.865497271031973
10522,0.1298747928137225,4.383771885295014
10523,0.17285445679676759,5.114246426353315
10524,0.14771880153209604,4.815190037763184
10525,0.2306661516923303,5.298899795059091
10526,0.27969168979881576,5.454063610331792
10527,0.31054450788664045,4.696017963745911
10528,0.3248731987631821,5.125418672701789
10529,0.21738381521206684,5.025820213866696
10530,0.26712512422328016,5.267410347429147
10531,0.0729416578360722,5.210754897783403
10532,0.3596301537894644,4.877154498676219
10533,0.16164477643342878,4.874417176114294
10534,0.35639548549791233,4.801312095455081
10535,0.26349597563101246,4.572103730515815
10536,0.18654764101381338,4.942388277073277
10537,0.21859440342051184,5.136874044522939
10538,0.3090402802767771,4.865558274913839
10539,0.29732201955121806,4.902381201994599
10540,0.4535948915901762,5.016661648465277
10541,0.06911017837397049,5.13707435066781
10542,0.22064589442991833,5.411804477009037
10543,0.2557021383264284,4.8618935813599595
10544,0.26138734528035834,4.990177090666874
10545,0.15890347831952778,5.069300924349012
10546,0.25979172013541274,4.903342280791714
10547,0.2896869173601093,4.306541476342991
10548,0.35211221258239433,5.305856382801402
10549,0.3017769079486805,4.544817940910644
10550,0.25078968529795587,4.576380558063695
10551,0.14826400564576092,5.0343291094644815
10552,0.24904263307881602,4.996527591068443
10553,0.21140535911334313,5.47870840933582
10554,0.3133066283204362,4.900925498297086
10555,0.19590932692564533,4.872154709177963
10556,0.1583437698730683,5.099998997876973
10557,0.23294986371715987,5.0
10558,0.22580200772859627,5.098010031799083
10559,0.23967350489915407,4.985648670989811
10560,0.2658128703881355,5.010831768361026
10561,0.39189576720071573,3.7662246386805442
10562,0.38054852499727976,4.97659431520602
10563,0.31346979097597605,3.9863069115063077
10564,0.17809607407967842,4.7327165342847
10565,0.2984994696491794,3.856887607583257
10566,0.36445559825703233,4.7080139829019
10567,0.24079721899700068,3.9717567070749737
10568,0.485366199223459,2.896523111922815
10569,0.21266226771665653,4.712159246115526
10570,0.4058601063555096,4.987554258157116
10571,0.48194031627863976,5.04030151631313
10572,0.3774969725612707,5.008854165307692
10573,0.170021363375928,5.090220197341884
10574,0.20460592511921694,4.985420037615267
10575,0.18101663678583368,4.784821420440011
10576,0.13104372789675667,5.356543766120492
10577,0.1643476285210761,5.085454445032767
10578,0.1606800668514199,5.255550381179255
10579,0.2769922618514009,5.091909162311223
10580,0.2933339884878967,4.844004892092313
10581,0.2697107899405664,5.02215640141106
10582,0.28879218633957704,5.012891534025696
10583,0.20673862402134202,5.161103123892596
10584,0.32095110265961413,4.5696937184500985
10585,0.3050047313708504,4.696607993186914
10586,0.45453213169328155,4.579959525377033
10587,0.3902118628251645,4.716594679969157
10588,0.5114754884769797,4.02038527019144
10589,0.4327845555792602,4.682616802166999
10590,0.26776084652828036,5.81565280614714
10591,0.1314369739070842,4.8919063524487605
10592,0.6527930593316702,4.625123102785453
10593,0.3315901324072068,4.851289764736837
10594,0.38107340842854764,4.469641011691516
10595,0.3310500183629914,4.821797490393234
10596,0.5451283911013944,4.749731299502873
10597,0.14907412743291282,6.304894222063382
10598,0.215745858194492,4.587701621729652
10599,0.23648493260858805,4.71907722136133
10600,0.26946923676742074,4.607533027480697
10601,0.6810186268078979,4.721173533895673
10602,0.4424856475179042,4.523876864405754
10603,0.180748461790607,5.640799857015395
10604,0.32192096726218145,4.679366823677293
10605,0.3901885624275576,4.598957745962471
10606,0.5235646498495288,4.772733496249213
10607,0.48157030261081246,4.71153477678131
10608,0.6298557632962387,4.63155855383798
10609,0.2952842091099428,4.636688203208772
10610,0.20300492720522456,4.777953732830333
10611,0.433856192745651,4.625723438422744
10612,0.5641941886626021,4.501966541625828
10613,0.32035270566275864,5.044525678747913
10614,0.3443561981312562,4.600719903004551
10615,0.3909719225257775,4.7032436503643815
10616,0.4660454201355573,5.208764300968722
10617,0.3412826787169072,4.025247206889038
10618,0.419253864685627,4.678448553338939
10619,0.35307546523384614,5.056342034157506
10620,0.6069250280085638,4.6413415413548
10621,0.23295004191873359,5.0
10622,0.3925043728491029,4.694865438039786
10623,0.16023708929077518,4.721921163887286
10624,0.5800219609545518,4.749169714887254
10625,0.3349531945081723,2.887946659611589
10626,0.28680672174786226,4.878447336410421
10627,0.5343472092211621,4.728264743480981
10628,0.3363738963375025,4.815514404049335
10629,0.4302596427499674,4.570241574190481
10630,0.8001264913438826,3.9777047903726714
10631,0.43196454663615835,4.615821366689046
10632,0.545729301567973,4.645733591336034
10633,0.4064698001814624,4.835006000570923
10634,0.2853649319574698,4.457823913246619
10635,0.4219913031881317,5.102469470593114
10636,0.3310432257542253,4.710481025534801
10637,0.4391350985071951,4.623986933800577
10638,0.5493805182852514,3.175688620060959
10639,0.4455700244690537,6.497997633518446
10640,0.39595742700982006,4.702589310716672
10641,0.4152090578795913,4.9028016467019775
10642,0.2112376715461437,4.7602775895729454
10643,0.4140497241391956,4.766379037241517
10644,0.4827461102977275,4.749552840651994
10645,0.435725531938568,4.844151055989538
10646,0.47153422938835154,4.648506895384763
10647,0.4784957665489118,4.808878177906388
10648,0.12752697815550018,4.55388749869293
10649,0.5737611303900483,4.831345615095506
10650,0.3924960026172273,4.608792014301999
10651,0.34746198425469954,4.889291294604767
10652,0.45878652241109696,4.685504692304523
10653,0.45754574743188625,4.616231309441945
10654,0.5467977744515622,4.958546487737747
10655,0.36664140130421785,4.4143257817620185
10656,0.2656091716792397,4.710027914522454
10657,0.17527052347705574,4.812110841131307
10658,0.5966166326230402,4.653920476168549
10659,0.21062598346186023,4.7073272131452715
10660,0.4400436575302398,5.1101055257010675
10661,0.35397249921737384,4.402736334615334
10662,0.4540868480912226,4.714609030857266
10663,0.5831160554839818,4.653365321373748
10664,0.31055126396995236,4.6838467921007165
10665,0.618768562263738,4.647625335019274
10666,0.25373990174706584,4.652410868583576
10667,0.3622722810044068,4.783605495529448
10668,0.2329497848972215,5.0
10669,0.39151671638510743,4.795577461168934
10670,0.3458319803711172,4.487089186753703
10671,0.35812219414288604,4.654454105473151
10672,0.18077227233892312,4.683834780940934
10673,0.3091305952829093,5.117009351389781
10674,0.614014630375308,4.446766798793584
10675,0.26839635466518397,4.468707131475469
10676,0.309893683221651,4.8772963092689015
10677,0.5879818424704011,4.722804787456809
10678,0.43626618197009925,4.519858706032096
10679,0.4932061289400842,4.661157886909857
10680,0.400747185414958,4.503160496891452
10681,0.3182563225623931,4.645660512101468
10682,0.3265469823699205,4.05091724725839
10683,0.32992971808497806,5.020514662547475
10684,0.3342132329767822,4.833409877459989
10685,0.41461579225458545,4.579858140905335
10686,0.4544791048082577,4.666051588276927
10687,0.6083417482434084,4.536823028412975
10688,0.22737451382308693,3.1671313504129595
10689,0.5163687148585674,4.98495154507256
10690,0.23821714901002622,4.236172962878708
10691,0.27252434126728975,4.479792378691192
10692,0.3342103021070364,4.722065548192065
10693,0.3078097594311946,4.697974367063935
10694,0.3579902479022743,4.739610279039628
10695,0.3776303856310883,4.732978046443952
10696,0.5038221623919235,4.797110578976751
10697,0.28109717010069546,4.297442799791593
10698,0.6071023014029251,4.829954342982701
10699,0.5614491048755534,4.71399306959702
10700,0.5283655141661914,4.155809769075827
10701,0.3676297671160902,4.679994859737269
10702,0.3628328069558129,4.701183825437241
10703,0.5675313785528284,4.810680848899462
10704,0.6129042620588128,4.551041115592502
10705,0.3149528741993137,4.528834820727559
10706,0.5419567874802882,4.596681445440964
10707,0.3504986505234724,4.618697013749786
10708,0.34298747245415573,4.613836295149758
10709,0.3148652077936829,4.669519312521375
10710,0.4431082737666747,4.471882402475371
10711,0.5566915828103691,4.973131610201182
10712,0.43708788872597526,4.767271343406874
10713,0.4524116488222716,4.722075689844036
10714,0.3273019648476363,4.636433139924581
10715,0.4503200892167545,3.8966960416620466
10716,0.560142533127856,4.703412668407694
10717,0.5853966148514615,4.560671921230712
10718,0.3953079169636222,5.040797232519356
10719,0.5978333536756941,4.586969374334959
10720,0.6428629658621914,4.770525053322352
10721,0.6974299546886646,4.7276692470213355
10722,0.7528568686930606,4.207914009863831
10723,0.3095069470477041,4.940034578556114
10724,0.3774556817752863,4.693805131631992
10725,0.39629380843353434,4.4277056453090236
10726,0.47684402547691107,4.234212366157619
10727,0.35438147451408986,4.753583787194167
10728,0.32453528996881564,4.585694185495495
10729,0.39286816789636925,4.770392828534993
10730,0.5484047681161082,4.5806599068199905
10731,0.37516643208620204,4.763020648821863
10732,0.6059523816874508,4.519167907570676
10733,0.3559084890373736,4.531399602004065
10734,0.3584849960233596,4.564134877603747
10735,0.2759590775666534,4.58608104043404
10736,0.42687737636747647,4.606322922946475
10737,0.39869651935506223,4.779780793305877
10738,0.42853315898692346,4.779169752927563
10739,0.30403372653166594,4.770231623725092
10740,0.2670410713369953,5.176950318509013
10741,0.42837268184200505,4.671808102939341
10742,0.5609929951236783,4.797337545253955
10743,0.22865736970630612,5.234551718118894
10744,0.3442653307377963,4.779874159795128
10745,0.5307492789180457,4.649646481190395
10746,0.4166798479496494,4.417901568690645
10747,0.2539339831553331,4.605590072506853
10748,0.35342696564634446,4.704618857401162
10749,0.4602107616168083,4.685582028698443
10750,0.597191338072393,4.972258311123898
10751,0.2677057493369923,4.658924134145543
10752,0.48466953833880666,5.2207366055752225
10753,0.35915453464630653,4.803302885728966
10754,0.6673331332839516,5.124959891531047
10755,0.3308003449361614,4.68108689687269
10756,0.4907527554623008,4.702045469812441
10757,0.3482705548893792,4.268945373517017
10758,0.3873598011786501,5.298177756385307
10759,0.5027720864166447,4.236306629186997
10760,0.28246295724850023,4.635338720494122
10761,0.3395433178914118,4.7690037788310935
10762,0.441462669683617,4.6133424382327615
10763,0.40995159182992946,4.928995198737933
10764,0.38555568739517376,4.784756647710813
10765,0.3436234691690361,4.794162340691823
10766,0.40020785049163043,4.728240515472013
10767,0.6815026931292936,4.716187480354304
10768,0.4670783609564544,4.655202166080521
10769,0.5505745018683652,5.447844557959032
10770,0.35713795260774717,5.240057194876595
10771,0.2892954310872038,4.537786332319227
10772,0.2737969122480126,4.685995964140535
10773,0.16961307127718106,4.171014450457529
10774,0.2567495990955244,4.676475447376536
10775,0.3735611893939401,4.665742335687133
10776,0.6735480211175267,4.621724628176889
10777,0.33802168581443537,4.815744839118512
10778,0.3750548566499168,4.538531798070631
10779,0.33066884375941585,4.861413526267988
10780,0.3114406504730334,5.309082603275108
10781,0.5972423025706732,4.56242897210501
10782,0.5023615361482934,3.8149456733377995
10783,0.6042725819222388,4.757320941427325
10784,0.48129622496064295,4.442056366499365
10785,0.31610713509370747,4.7463614873142745
10786,0.44890443223210363,4.578374586105118
10787,0.45385897683347665,4.6570454767507385
10788,0.46199122253363933,4.763330108498414
10789,0.37286928493771887,4.759136682920708
10790,0.31537623132906445,4.6993182971848935
10791,0.4680630122288547,4.702816682587381
10792,0.552842749262576,4.3225967538620225
10793,0.506275069825759,4.7498524343491155
10794,0.42127800060302967,4.837980588910407
10795,0.4604209873239289,4.622339407017506
10796,0.2849499099516355,4.822324742091828
10797,0.4625847290711418,4.753035567778836
10798,0.24032559641847584,4.654173986095849
10799,0.42854595713480004,5.059865928653888
10800,0.2103841294669131,4.923624773820032
10801,0.15022358989642082,4.830625541674207
10802,0.14906036928786892,4.928177323740615
10803,0.24088880252790856,5.042339576632351
10804,0.3108414936185746,4.912978890929001
10805,0.2889443140829313,4.9214117365457355
10806,0.24802768601175984,4.930183847667626
10807,0.19339961278267714,4.930044719769642
10808,0.1995253245641433,4.990912010207733
10809,0.10551858873811959,4.912977641191416
10810,0.35266869084078056,4.843073176010861
10811,0.2877218719591945,5.068260495399217
10812,0.16394937132360066,4.9404231289886
10813,0.13294512045919094,5.062206747261886
10814,0.19687746681298357,4.9370792104706585
10815,0.2565604590554622,4.956142566827184
10816,0.3002939326698548,4.785609420438979
10817,0.14525282256946026,4.795051222335829
10818,0.41870458654359344,4.963640352069154
10819,0.17764976002144195,4.793147663375477
10820,0.31433858295886474,4.948962913891233
10821,0.37700652424756287,4.926085339360835
10822,0.23414213521086435,4.928827696228488
10823,0.17795516270320832,5.083550310833553
10824,0.2629080615106021,4.975550843726948
10825,0.29678177361754554,5.126593940788444
10826,0.3421721304002028,4.899292463212186
10827,0.21519762059433512,4.995094773509798
10828,0.42343020437952283,4.91756250329515
10829,0.32317416377806674,4.933598025355028
10830,0.30114774193979055,4.958209092339194
10831,0.4573780166003054,4.850249200617807
10832,0.16692244367912856,4.845351825518094
10833,0.4250806673471641,4.613269837725005
10834,0.17574004544856292,4.914763420618957
10835,0.20203504749548484,4.787005333556618
10836,0.4181821545429958,5.029871531059431
10837,0.21702999900523334,4.874044619743678
10838,0.2537547133100466,4.901481907551526
10839,0.22162729610195142,5.126376116732487
10840,0.24736559248876921,4.936922588199275
10841,0.37520032799808334,4.879229752611609
10842,0.312575157398123,4.945892573230006
10843,0.2059312308615029,4.956955786630779
10844,0.20743711595114966,4.935619968785714
10845,0.24154115127170916,4.9167029848015975
10846,0.2848436816504738,4.957280130732027
10847,0.12496618141961013,4.957610614557408
10848,0.20804283030018378,4.9882886759945855
10849,0.25167412517182797,4.873447262256034
10850,0.15127965819834266,4.9765034100842875
10851,0.12046082805976033,4.88111541625555
10852,0.27280860956015207,4.911120445048178
10853,0.4047209030657297,4.88999293012558
10854,0.1687369496345601,4.947480169485825
10855,0.23570425663725558,4.970745776667647
10856,0.17641036326850168,4.889457528066714
10857,0.27134968837602913,4.8036182448943165
10858,0.2126862474843494,4.928286743404682
10859,0.17499121559845343,4.952178071343072
10860,0.18000929821315248,4.917396473705384
10861,0.1915170439315277,4.99433697751412
10862,0.304512237435941,4.899620368389179
10863,0.19219263057536318,5.318971002019506
10864,0.45990266665287605,4.931138152970549
10865,0.18165410291613227,4.866789937334728
10866,0.15204591531887512,4.931383667939304
10867,0.157024071640943,4.906254714865446
10868,0.21987860368053314,4.9407376185819984
10869,0.30054708704493804,5.0024810793147445
10870,0.22594389004835458,4.952573309430788
10871,0.14079719960678339,4.925747949014632
10872,0.1823273096904101,4.922368108299375
10873,0.1776821323537101,4.93762865710214
10874,0.09230329747316524,4.923424753753443
10875,0.3219899752772337,4.882999937164101
10876,0.16400228503866643,4.909397416364039
10877,0.3271956648252923,4.990517548331512
10878,0.17462698541991806,4.903369052980313
10879,0.31252055975668136,4.91874737292318
10880,0.16068917527646498,4.648629924301133
10881,0.1605355314327197,4.919178170941851
10882,0.27148745627204574,4.865633758509125
10883,0.2570365363386553,4.932140799555285
10884,0.3232508611870615,4.906106156616277
10885,0.13653826068454467,4.891103035400937
10886,0.27682370914211996,4.905778502583447
10887,0.2459177332885083,4.943131404277583
10888,0.22475899339924288,5.008329304470669
10889,0.2329435225414962,5.0
10890,0.3929849558987988,4.871136202046138
10891,0.17534848624964883,4.945784312905124
10892,0.16372464175038237,4.897471488785232
10893,0.1531130445486968,4.964695677998954
10894,0.1978089673801926,4.982590668059421
10895,0.17878585481994147,4.86207357813238
10896,0.317879011207459,4.951328514313147
10897,0.17449762458083562,4.900643584201916
10898,0.17161643893186018,4.865737900724154
10899,0.20203650755626001,4.888283499885349
10900,0.23394927920009234,4.945660138938273
10901,0.15871603705143156,4.852252006134181
10902,0.14908515448088466,4.921030109968489
10903,0.1060109186557765,4.926152999870608
10904,0.19036990517286934,4.694491047083069
10905,0.24450008688926705,4.890480855086166
10906,0.37054649828474484,4.800622640933092
10907,0.25229782978415694,4.92806869727092
10908,0.12816353906752687,4.801471985402861
10909,0.23355494335964622,5.051684196949058
10910,0.3640724781323683,4.92399172432461
10911,0.3764086620184779,4.9095076125157355
10912,0.2875872167851816,4.75175363664917
10913,0.2849367741410438,4.896104678471307
10914,0.32885652345466587,4.856503609763685
10915,0.14455616045075237,4.895126129358474
10916,0.18746894183485896,4.846707374636496
10917,0.13645412083548192,4.8913550654546345
10918,0.26241165497930186,4.961903817324833
10919,0.2796769793169611,4.865402155723544
10920,0.24094682644325083,4.961575277306078
10921,0.2111726724261327,5.005072929608945
10922,0.10098624034324355,4.905208998423793
10923,0.31352357403904296,4.9268404521632725
10924,0.16465944375120478,4.904369823256669
10925,0.2850274058794491,4.922761616873013
10926,0.151959190498,4.939004610946451
10927,0.22770897271547308,4.87121504231081
10928,0.29585608521648177,5.158222040088827
10929,0.3073007528503222,4.92113587467589
10930,0.22466923354327917,4.951042642251355
10931,0.31347746546846,4.7225614726500975
10932,0.28180851428943754,4.944907936332417
10933,0.3320348505128434,4.894667805280246
10934,0.20542488708664108,4.939181233975711
10935,0.1315947439052807,4.894160628864146
10936,0.20897158046328412,4.919847873185592
10937,0.2013051127623211,4.799250889582272
10938,0.31340484498054244,4.970776652646256
10939,0.23895474869385191,4.931308535866066
10940,0.22679862421597785,5.564776177099864
10941,0.31020861049225146,4.965426040953211
10942,0.14211122032181978,4.87502754068994
10943,0.21016736332431885,4.941557343461467
10944,0.22640740646187885,4.922087413465759
10945,0.27140557882994987,4.997940079823673
10946,0.24803205374156612,4.926805860471415
10947,0.24599056584858014,4.966036765291779
10948,0.1823229295097517,4.8817927702071096
10949,0.22978412107291346,4.907744006450789
10950,0.21141486741455684,4.930955534678878
10951,0.15877229384685587,4.8977761397353525
10952,0.2817520920954182,4.8950309978758355
10953,0.15464309355728334,4.899791242250444
10954,0.18976189745474503,4.951124445486315
10955,0.35166971605078223,4.940798621429128
10956,0.3423647229204658,4.939605040614463
10957,0.19549299653885055,4.975303016450718
10958,0.2280831781640238,4.920461758042505
10959,0.1459238537978158,4.963471118138685
10960,0.20822823320752382,4.93183625990417
10961,0.3494075944021984,4.948700889529425
10962,0.3107826214568046,4.9982487520882835
10963,0.32505143002843995,4.925188182440872
10964,0.23407936443011423,4.823370932483204
10965,0.15817142191240152,4.776853159716756
10966,0.2092903015717993,4.916073099037126
10967,0.29663985007871285,4.927271885967022
10968,0.32490449150655687,4.949481377217033
10969,0.2160219285263112,4.9120039145597705
10970,0.2441307516389848,4.933066329374105
10971,0.2500120841703508,4.941325604246245
10972,0.18398796476307688,5.204022514873916
10973,0.22053261965351778,4.905229047345481
10974,0.20663433814244314,4.926218996542815
10975,0.3329066860489833,4.96299769259875
10976,0.19314641721306947,4.915296132053548
10977,0.13520770822348815,4.991679058909968
10978,0.31364577513623293,4.932337159685467
10979,0.22900562098684696,4.8702132026086264
10980,0.11708886698729071,4.591857369022918
10981,0.12649237716450812,4.961960029519128
10982,0.23295676296490586,5.0
10983,0.3391674198520995,4.933833569551798
10984,0.15174265335393278,5.041597392960968
10985,0.24465558668713272,4.881953977421292
10986,0.28452472351374114,4.903804439567949
10987,0.1794922534642338,4.965313967393925
10988,0.3206338135051019,4.90388808647233
10989,0.15707259468560708,4.980046408724688
10990,0.17369544963639538,4.9409139983091865
10991,0.2686156136251263,4.848687702795029
10992,0.3705156754508716,4.90387471561287
10993,0.2247934918663943,4.838847201068059
10994,0.22953131807076077,4.9058839020240175
10995,0.20083348759132136,4.824586002288509
10996,0.42383171063464187,4.9660754375342275
10997,0.22680578482836444,4.904675885227441
10998,0.31522277909120255,4.992070476002022
10999,0.31624535635684303,4.8686223352658775
11000,0.10921513677874284,4.950004486768105
11001,0.2204112843437418,4.876278718264269
11002,0.2790885149410338,4.602757357567269
11003,0.2528085347684368,4.835482441067223
11004,0.22163127358553525,4.927197636757228
11005,0.22752536283313374,4.9513495309178435
11006,0.3431649274412467,4.9262697177838355
11007,0.24733251920927435,4.822424219730168
11008,0.3065548820578825,5.089525044098737
11009,0.23658088337627903,4.928420869126029
11010,0.2582932383105696,4.918545798345484
11011,0.28985304327112593,4.909308111290658
11012,0.34298284652499045,4.93468077185196
11013,0.2152078218635627,4.962713750096244
11014,0.2511278766894134,4.89980206721377
11015,0.23974304433673232,4.922833213445763
11016,0.22923203584195506,5.07236653719259
11017,0.17333221524960174,5.088635549566298
11018,0.163447602319013,5.008380128390586
11019,0.19372176119748707,5.075070743584389
11020,0.3207086448651675,5.0862608008324095
11021,0.30275063798689583,5.07835688989787
11022,0.2329518953287516,5.0
11023,0.2238884113109476,5.036629917299091
11024,0.1647864108361694,5.096548726606471
11025,0.2988471329060184,5.158626320553603
11026,0.19216675411643092,5.02330488223282
11027,0.21337411060646438,5.006903762876833
11028,0.21492227549682053,4.968424780142815
11029,0.12971196227612825,5.0241308955967146
11030,0.08223334447757158,5.04097733160048
11031,0.1870150208563579,5.003934134071901
11032,0.2168603686839714,4.9928114415939895
11033,0.36673147769584324,5.0756714086960475
11034,0.12310885118729575,5.132438035723972
11035,0.1994223943512452,5.225962753906881
11036,0.2548095108372117,5.072644225212395
11037,0.17586658294860902,4.971392777784498
11038,0.32658218767176594,5.062815586192393
11039,0.23163034362711632,4.790734969128945
11040,0.33414487168567764,5.019205280802623
11041,0.14952069356550068,5.020235793133292
11042,0.12735211610368058,5.022098794100929
11043,0.23962333821755966,4.9814657663878315
11044,0.2176598790599873,5.09992583757243
11045,0.20648702493695614,4.965928126382284
11046,0.16224917288018514,5.1215133936798285
11047,0.10611442649101988,5.058795788587274
11048,0.1833407970848857,5.066153525957997
11049,0.2915731360125531,5.03053353472521
11050,0.24443485604174464,5.095499505192569
11051,0.16449899134330925,5.051034404862476
11052,0.12804108988418883,5.104157161914928
11053,0.0937733800565681,5.032433599844772
11054,0.1813971903743159,5.029387787719513
11055,0.1695188708214126,5.020318947428706
11056,0.29217563174183425,5.036101003462861
11057,0.314773112530619,5.038797733229741
11058,0.23083729289001287,4.998879713268112
11059,0.3462931813338699,5.016442433714792
11060,0.07574016332971989,5.095867354714043
11061,0.21779351935313307,5.099328908289182
11062,0.18528006688026077,5.036614058592939
11063,0.0837996916043855,5.046456644524557
11064,0.2896133448950544,5.095098256938737
11065,0.21982799672606168,5.030187445937315
11066,0.13641445153763754,5.064879502125299
11067,0.25800058649495083,5.515278126762242
11068,0.28235466354619376,5.040753658679797
11069,0.15112522009442864,5.058729124629799
11070,0.2597569734387146,5.007070318588758
11071,0.2257292026809412,5.130624093248404
11072,0.21529552523432138,5.033465026676449
11073,0.1522256485427229,5.133308384722266
11074,0.18736407468281047,5.015705466495692
11075,0.28144522973183705,4.7673097137147025
11076,0.18184876512138048,5.02249847848022
11077,0.1908476834335613,4.985354452313597
11078,0.2136290780886645,5.043255016755666
11079,0.25444770671730854,4.933422060112358
11080,0.08364530156167715,5.08460373328532
11081,0.22979754343614878,4.9955588989066335
11082,0.17506500229596966,5.07038577637239
11083,0.20105442651415606,4.980398375490678
11084,0.30206422154914225,5.066882829784127
11085,0.20322396338189985,5.050947909248791
11086,0.2964976945852542,5.074969525976076
11087,0.16735061689623199,5.03262815958764
11088,0.17941092303249184,5.042044659523235
11089,0.15536012133504928,5.159932741152025
11090,0.26653096985247005,5.043566776230817
11091,0.30423768714566357,4.927723629089131
11092,0.1822835929424127,5.198673606896342
11093,0.23718711399443637,5.039144760965195
11094,0.16759398210838294,4.967448132187631
11095,0.21905307859150747,5.124228541247637
11096,0.2686820065694273,4.997510164139669
11097,0.35693451472876236,5.11034732375153
11098,0.14976713925856244,5.081531150998595
11099,0.2675102403042391,5.007038089096012
11100,0.13687227770377852,4.551011256943767
11101,0.1228741985458921,5.064494891135896
11102,0.19018841857312507,5.165869368494729
11103,0.2422505459321156,5.048437430455719
11104,0.27211913662814324,5.003980943647042
11105,0.1347607312254352,5.021034383347951
11106,0.11680811913878264,5.0923770368004995
11107,0.08809165697419119,5.097942478736419
11108,0.2846429248489415,5.224132516883033
11109,0.2859920931440343,4.845119051189757
11110,0.2596724740985935,5.003093278424293
11111,0.12952986772625152,5.06293434891413
11112,0.23787546887028488,5.000694936704493
11113,0.1695024668595797,5.038874963076703
11114,0.13996385667580813,5.015282393843901
11115,0.18932260503511134,5.513247303705517
11116,0.1415634032499289,5.055900229152792
11117,0.08782512014565169,5.083391960897252
11118,0.1055533941956619,5.015321607284751
11119,0.12544766778388494,5.062960558108074
11120,0.18148469403562628,4.882632979263608
11121,0.150824589996436,5.026823349717784
11122,0.1316836316055776,5.031718617182399
11123,0.18186171418807295,4.99651632398983
11124,0.14571465465622668,5.063310005641943
11125,0.17937128353612208,5.040048553205034
11126,0.18826644191529862,4.981549451899037
11127,0.09705262401253689,5.038074655698477
11128,0.36383897901253737,3.9975788250201383
11129,0.12791639737190375,5.169855084097801
11130,0.15200785773175107,5.0425689810000485
11131,0.2164900048513989,5.056436816756271
11132,0.26246257937817297,4.562141261951433
11133,0.1578265825225842,5.018066288167509
11134,0.195068421621166,5.061966315494848
11135,0.17198061733687187,5.0439834715191445
11136,0.2135444912703084,4.276187184053075
11137,0.07311949893756053,5.073204980836437
11138,0.21804920233378322,5.04370921742022
11139,0.0837138158921682,5.1552378328977255
11140,0.2578034842833139,5.101054297748497
11141,0.21303179417693463,5.043164616057725
11142,0.1044135704782525,5.084829125441486
11143,0.1601422249321942,5.156216411654704
11144,0.21630720118879676,5.062287485135588
11145,0.18088437535425683,5.445532615843991
11146,0.1527691037590173,5.050346637407213
11147,0.30158210975680766,4.981042583544504
11148,0.11453057778500098,5.126072020323278
11149,0.2660306583715317,5.006838088607761
11150,0.2185262496928737,5.084545627669952
11151,0.20766518752540097,5.149457818348395
11152,0.27755430342474674,5.047306778794063
11153,0.22272355918486253,5.050415752932693
11154,0.3192183306627494,5.0692317808484955
11155,0.14546599070626365,4.763828319596977
11156,0.2490791349396284,5.004880228970272
11157,0.15623655616159882,5.0145691850965335
11158,0.24018979106578198,5.086414992461226
11159,0.2914792163439699,4.963325555363012
11160,0.14535020652908193,5.047840634865963
11161,0.18824346780772472,5.029519540264804
11162,0.11118003211465077,5.327942127791472
11163,0.199756759543545,5.128714806557335
11164,0.2129924880783357,5.145580198967874
11165,0.20059554377346123,4.7483970029643
11166,0.09146246576097372,5.0768677573594
11167,0.14845493978469415,5.079087469609869
11168,0.21326063329228795,5.095881802379587
11169,0.1491268136893058,5.016976804757682
11170,0.14862570213497506,5.03891709697454
11171,0.17356985230774025,5.031905547070599
11172,0.16672423310369577,5.051953917197283
11173,0.11627683210064066,5.027546475054523
11174,0.2329481907811688,5.0
11175,0.1884958328499351,5.033457600441604
11176,0.190603034908009,4.529142280600027
11177,0.14073226608631506,4.969104618211162
11178,0.2043932197688001,5.064696250062672
11179,0.2522531895898428,5.03260270928938
11180,0.33870244016899953,4.966670007794383
11181,0.25626005967962573,5.03230955349939
11182,0.1891103878644219,4.9573226532950265
11183,0.1394787444174055,5.178515766966667
11184,0.29520850474631355,3.9959010207530987
11185,0.19401151903516878,5.068217797165868
11186,0.13499262714527616,4.9760787741766155
11187,0.15384618353893909,5.039405750715611
11188,0.14121431291663278,5.039316943565613
11189,0.29790192663010795,5.25112242084532
11190,0.3116632242923183,5.041611040999303
11191,0.2402480700333458,5.127610570524581
11192,0.2517584586191388,5.082201490339697
11193,0.11569834147976477,5.147178868173654
11194,0.23178701823982095,5.096196657934922
11195,0.319826446519196,4.4711281000072844
11196,0.154690269955285,4.924963377152931
11197,0.18208759704861444,5.073553543002625
11198,0.13518344725395415,5.001500671554391
11199,0.19787392448107677,4.977368934456798
11200,0.1880009365703943,4.991143844250239
11201,0.24928877816847805,4.946372357962163
11202,0.22564561429074725,4.857546788424374
11203,0.18837613007717224,5.057653417110233
11204,0.11034129802499537,5.037351466146909
11205,0.17195245354995015,5.070369588716925
11206,0.1494076046455397,5.233866009500288
11207,0.2846831018741205,5.046920274379385
11208,0.31383453330993727,4.791527817568664
11209,0.216432020182461,4.976103857780325
11210,0.21921879370475472,5.035962973876682
11211,0.20027311734245612,5.07627871878559
11212,0.17726887496769894,4.892709491287706
11213,0.22401466595279418,4.945756967909061
11214,0.19243947589897736,5.327142592005725
11215,0.18120664992544433,5.45476484369237
11216,0.04635703114160328,5.0039556801490725
11217,0.1703553545971439,4.977545170041964
11218,0.11474790347320774,5.083664575291618
11219,0.14702613960452493,5.101647159916833
11220,0.16334307107888502,5.052461963486845
11221,0.17611271552200924,4.933817331343402
11222,0.24410318116896423,5.069234971500398
11223,0.30465604836074656,5.046354490738043
11224,0.2658890658505535,5.004149222331131
11225,0.23037423383128663,5.062462069530369
11226,0.21138835600075856,5.048962553261145
11227,0.11531186283928818,5.038257233980943
11228,0.16743021817740278,5.01903930297809
11229,0.1658065327739917,5.018548503770965
11230,0.18165248402797052,5.029300095876872
11231,0.19086632141681448,4.961789807259951
11232,0.3887028289911749,4.945458050813425
11233,0.21418858039370114,4.942912236227084
11234,0.24546640354572746,4.929961790984221
11235,0.11201249478607056,4.935265634976469
11236,0.24859860087203733,4.941804999610646
11237,0.21184267115284694,4.817066855823615
11238,0.1758858204277245,4.8661423272103566
11239,0.23295029630645736,5.0
11240,0.3400283231487835,4.936565940841229
11241,0.1660901748486665,4.929404941423652
11242,0.2141155271290096,4.933430091969093
11243,0.22269311457667107,4.912559663092724
11244,0.32129988180265756,4.950622452541378
11245,0.1670143176422536,4.937642530602453
11246,0.30321085491357325,4.919464628437424
11247,0.3166940259083657,4.934686048338781
11248,0.1388615675991558,4.9270620737323245
11249,0.24614272139339732,4.931100931494132
11250,0.2188122552522085,4.936564049274184
11251,0.19908196062651573,4.9263942169587605
11252,0.23927500514709155,4.921585855143942
11253,0.16127130973096726,4.891447477759012
11254,0.28088911608972444,4.9062825855846
11255,0.21988667575694665,4.9276987776449666
11256,0.3472804214195835,4.927116454788614
11257,0.30584630609789176,4.887416521866639
11258,0.37918281086873007,4.8885072906688976
11259,0.2561871672453666,4.962796913576986
11260,0.23265772318091082,5.096704861240724
11261,0.1944714662428748,4.903559918587259
11262,0.12259954786503124,4.955795362303741
11263,0.4925724159101319,4.979299583737209
11264,0.2831880739545882,4.967121827381282
11265,0.31816858557455996,4.914324434335509
11266,0.13913515235488672,4.922062323301333
11267,0.15359727363924236,4.931015946334769
11268,0.2253586772415499,4.796126794562969
11269,0.14773937263171244,4.910295631370429
11270,0.15616145100044387,4.958018643855047
11271,0.10447501302242834,4.9332953792264345
11272,0.30479320385263176,4.923021380396628
11273,0.22356337681566973,4.986764117879776
11274,0.2453349389503836,4.924968461731183
11275,0.24800807353326793,4.93625147255587
11276,0.3677787111852373,4.935055539266653
11277,0.22175086697671342,4.928140363974727
11278,0.2801523627398943,4.923084954001089
11279,0.13676313146480945,4.945225351478424
11280,0.3644706864986298,4.94439813739346
11281,0.19769451174582264,4.92881809055576
11282,0.09535754696407706,4.944736130407161
11283,0.1846501552446136,4.920256120176543
11284,0.24002885920422012,4.898378577871263
11285,0.2329501264799394,5.0
11286,0.2686153852904989,4.883017574366226
11287,0.09740147728690474,4.934266270976622
11288,0.24426921833769422,4.834954104447382
11289,0.35195713408857787,4.935756462830625
11290,0.22853320750120631,4.926992110106649
11291,0.2941927999802658,4.950108127362487
11292,0.2790717698185958,4.944632164542515
11293,0.130968580306271,4.903131773274003
11294,0.2533478800612625,4.9397128796658585
11295,0.1926576806595699,5.152941837756835
11296,0.27366648030848517,4.910697235610266
11297,0.20364637112793238,4.95937341194403
11298,0.24453512072276262,4.928898994189517
11299,0.32188846581790664,4.929676605695841
11300,0.2561842779109067,4.938266456159894
11301,0.2738755083018751,4.9187925743441685
11302,0.3526891902180951,4.927358272820905
11303,0.29296664365102854,4.887814262448149
11304,0.3565600779950595,4.931204742670596
11305,0.30329790981389126,4.933440572724823
11306,0.29105364381006327,4.921847944824398
11307,0.22548704843014478,4.902658354726075
11308,0.18295184167750111,4.931725455580338
11309,0.3421813554987039,5.0160179064575505
11310,0.3892958816597014,4.919226057119301
11311,0.3059112442303116,4.90702479046341
11312,0.27800633310937584,4.96183139863188
11313,0.13608498887703924,4.924251591582349
11314,0.35594282085195084,4.938129632500843
11315,0.4453573887159723,4.944063525460658
11316,0.12487472073919403,4.898077142010333
11317,0.13601168397246233,4.932092398098424
11318,0.18956896051015293,4.96214056808836
11319,0.22478049896426788,4.9616330745424975
11320,0.2995955871680904,5.0510762153915945
11321,0.42559333182419556,4.943013272932166
11322,0.3303327615582212,4.932977521987887
11323,0.12858056590802747,4.927185224244344
11324,0.38339968058230345,4.924092423344728
11325,0.16268668135034936,4.942921655515136
11326,0.08864300724744845,4.929265226989639
11327,0.3127326607914296,4.895804809860946
11328,0.187772767843696,4.932820744434725
11329,0.1785316129422767,4.912053817777249
11330,0.4140902869456724,4.920217258630544
11331,0.19761365062760983,4.9501377021180115
11332,0.2603005386473898,4.943983375540277
11333,0.21928360877828212,4.940413036328719
11334,0.24672044704467977,4.76226541259706
11335,0.34274481991883743,4.927007368347454
11336,0.19388698188396303,4.931105147795218
11337,0.30029988347429937,4.937343721351128
11338,0.319788300743465,4.964214525742028
11339,0.20507533925465737,4.94220029346276
11340,0.2174405294364561,4.888132519348458
11341,0.3075246931244049,4.916155368956874
11342,0.3780001997915454,4.940746748953
11343,0.33483095399174356,4.9352082041519285
11344,0.4591366579665288,4.934248736420868
11345,0.20240870725711835,4.89694400351973
11346,0.17660119849586442,4.968263787689722
11347,0.3148055376965071,4.929286854262509
11348,0.3185971191223389,4.953062484860666
11349,0.2720851082860565,5.074859521277313
11350,0.20637827975848477,4.864846594845336
11351,0.2480386357657538,4.93009295986421
11352,0.3144194342698088,4.931690322236335
11353,0.2237923496088745,4.931744118328281
11354,0.21424896360669443,4.906268571599313
11355,0.20395674819469334,4.921003222731581
11356,0.45810385017226496,4.922937345041154
11357,0.23098823433780735,4.919527778937951
11358,0.1619337067965172,4.917604885735916
11359,0.34128086970142935,4.990824223233519
11360,0.2403362251340042,4.954874799674638
11361,0.2729964618205485,4.891148909704182
11362,0.3793344494099271,4.976769131481369
11363,0.31890064196795653,4.949163802673002
11364,0.14872985812099926,4.961540868286152
11365,0.35635108753865996,4.921282346439204
11366,0.26290718497049603,4.949006484238119
11367,0.1326496661313108,4.865996671747634
11368,0.36871038364653375,4.925202240791382
11369,0.3133841666541737,4.729989618138477
11370,0.23632259481856566,4.9369823898104315
11371,0.24366988071853446,4.91780143381189
11372,0.30688888016828875,4.925481163801839
11373,0.49841131318475296,4.911637150369517
11374,0.44667030635290095,4.937006361339629
11375,0.28013557823092405,4.9422394113575585
11376,0.1017041309909128,4.913474667018445
11377,0.2278340293451384,4.911198178724847
11378,0.36896160528814237,4.900445873572936
11379,0.263695491304337,4.942075051606354
11380,0.15954957462914843,4.928801914351801
11381,0.1518183031947813,4.93058053385
11382,0.2963545821698035,4.930806357903315
11383,0.26613011943947495,4.926040472627529
11384,0.3847778208982804,4.934322629988976
11385,0.179648130855947,4.934386768447352
11386,0.3584095779688068,4.940358951127797
11387,0.45374054743292147,4.904046722543214
11388,0.12244758165393055,4.951929387069196
11389,0.14149156314019695,4.922443748966279
11390,0.23601864804080597,4.9458581991218775
11391,0.2628036300067589,4.973148430376657
11392,0.07668245084521108,4.914114049048628
11393,0.37065607013999924,4.927570757976563
11394,0.24359127691093918,4.930490352191805
11395,0.2449784344591095,4.948199067378249
11396,0.4188434275260504,4.90960131859282
11397,0.19898910152863936,4.936340973243398
11398,0.20951582459867146,4.920923949610483
11399,0.1358746052454851,4.978859510785352
11400,0.27382494959938364,4.908517169494395
11401,0.23721597004110828,4.9210876955165705
11402,0.2293757886879293,4.943285099983212
11403,0.0863331393479041,4.968736609573687
11404,0.25097117288774173,4.943084724612623
11405,0.2762276088189033,4.936100883878298
11406,0.21925447717448865,4.928425875154714
11407,0.17483244093037342,4.945564269602087
11408,0.17060484212539606,4.93135438207867
11409,0.12530621359844152,4.933636362486586
11410,0.15578556755595785,4.841306419877354
11411,0.2939693525132572,4.970206280275384
11412,0.27112588369288626,4.965586940123394
11413,0.3504738966930887,4.943802555266803
11414,0.25814841660242394,4.91980235634176
11415,0.2625101785091748,4.930579215677913
11416,0.11870255016524967,4.946717805664305
11417,0.2454337302847931,4.940321443135254
11418,0.2819425485635165,4.9149771180151
11419,0.22272884200511922,4.952529739999907
11420,0.30011116284321226,4.935246455558255
11421,0.2522895499066411,4.928413094436701
11422,0.31651287410529694,4.935975931873511
11423,0.288439094965941,4.907226215526803
11424,0.25323159445112076,4.939563712259023
11425,0.23508185693276706,4.921822616012239
11426,0.21639290635890607,4.934484753568
11427,0.2175073760898023,4.917156353502152
11428,0.28703439331267266,4.908314581465092
11429,0.30176577057776566,4.94196066851365
11430,0.11119768734782864,4.93945322651685
11431,0.15631146853866573,4.9382478107940475
11432,0.4343040911896525,4.790541579811878
11433,0.1534255854173363,4.940570285549981
11434,0.32111484918751687,4.939269915441091
11435,0.28793367039151185,4.922299058460711
11436,0.11036546739308162,4.907224566860382
11437,0.12606546594024048,4.932148658967073
11438,0.21290758850930525,4.93585441605636
11439,0.12262624199588168,4.944786430334878
11440,0.22943010255616336,4.929709514762353
11441,0.3281348688788963,5.081487016403834
11442,0.41596477494037587,4.921159910228852
11443,0.23918819134201064,5.26064324708325
11444,0.40908293472990165,4.9271307323765345
11445,0.31405693909421273,4.936482659597292
11446,0.34488346356591215,4.915857568193411
11447,0.25109418631846037,4.927549413870649
11448,0.3835625647329386,5.085270839528775
11449,0.29971381574156886,5.005689504738733
11450,0.21563523206089608,4.978254292543607
11451,0.3311098561205006,4.981652989584875
11452,0.2440781738583342,4.986712756841349
11453,0.4322314155085225,4.96162242468432
11454,0.15340351346277004,4.952262257846929
11455,0.11761936104204973,4.980782300761648
11456,0.2891490320753707,4.892550727970715
11457,0.18460155179199167,5.036305676750192
11458,0.13658859455625638,5.0995336177096995
11459,0.3501916419931428,5.0211281259351015
11460,0.22197160190502152,4.928583285407235
11461,0.1991458157065229,5.287257631529396
11462,0.33433811639140565,4.9565682506910225
11463,0.2490140278149373,4.900891247642223
11464,0.07683337508802213,5.243034348057831
11465,0.22584992000738224,4.970862651298962
11466,0.17426733054339638,4.958119416073252
11467,0.4147160019628042,4.890054090614271
11468,0.2877015510412626,4.827546833166734
11469,0.17892321650403376,5.01676696066756
11470,0.2687573608549414,5.005908279226645
11471,0.26121943333534503,5.0160906846513065
11472,0.18890256078092893,4.7469456346620476
11473,0.2099825785896665,5.231953585586098
11474,0.4325149346610673,4.978231022020623
11475,0.2768273481012824,4.987184507317073
11476,0.3296667713279866,4.8652690286138345
11477,0.19976198871909467,4.811594173303115
11478,0.22848333007552712,4.986189995380208
11479,0.4328038606300546,5.035173032011535
11480,0.3734712183630975,4.983672415322289
11481,0.17205082333352983,4.987317139702396
11482,0.07336303906128872,5.00391714830867
11483,0.23655192350084908,4.951897283693727
11484,0.188551523979559,5.028819092264838
11485,0.3110045524409437,4.853623797172384
11486,0.1542183884428987,5.01425281762697
11487,0.33016223484609,4.977098261154369
11488,0.27182339069146355,5.03234437168353
11489,0.20558686407122728,4.954782948365279
11490,0.27995777404467304,5.019486201678491
11491,0.4142380694029728,5.017340273661475
11492,0.3815870537108845,4.878913826513704
11493,0.24095505698662412,4.945625650772136
11494,0.3352650839153042,5.020092411832726
11495,0.19646237084217444,4.741140521855556
11496,0.34261526763464145,5.3719741115087505
11497,0.25536356581449127,4.987362274287399
11498,0.221078556857641,4.980012329463532
11499,0.4207743269088713,4.936490501886546
11500,0.36882221249359226,4.75321520101585
11501,0.3224265030024005,4.972166633811517
11502,0.38413541069314205,4.963339728438898
11503,0.2900740998249862,4.985331896427745
11504,0.08417427513824882,4.96482619767959
11505,0.15737129633799873,4.970289424274794
11506,0.30535452170603117,5.018217960464169
11507,0.278183696729396,5.082589249721874
11508,0.30648569972515816,4.923258424051751
11509,0.11807755030960898,5.023565422107259
11510,0.18820291079194318,4.936103602041859
11511,0.33531402396602483,4.965438206526569
11512,0.2295095183050777,4.966782247151453
11513,0.19223216776468477,5.014449539398411
11514,0.3351273490104052,4.975932042599753
11515,0.3648490156304831,4.97429827777947
11516,0.26038547178957705,4.926314879676257
11517,0.2821380144525605,4.987164869641312
11518,0.08801807129539596,5.012033230410449
11519,0.38394731385606207,4.853557368465582
11520,0.16291771937895683,4.962572854590457
11521,0.2305540315073673,4.964198520384926
11522,0.17449053177683882,4.97514016819931
11523,0.3859304567511108,4.568423450565557
11524,0.2972540842901177,5.001735076906053
11525,0.2565463718118455,4.998625287533285
11526,0.20427222966208403,5.077209750188318
11527,0.1475590449367774,4.972743995419702
11528,0.2887344352336476,4.934478191463976
11529,0.23940762277326333,5.033787677089618
11530,0.25045205783858715,5.011197459917893
11531,0.3367109417392147,4.951764331967894
11532,0.06678592193524602,5.064836377366868
11533,0.13133180583977966,4.978956768705167
11534,0.21919937812281454,4.97783747103723
11535,0.09291426148145732,5.090822048635033
11536,0.21806379565724665,4.94659966238892
11537,0.3821705790101091,4.9428752595025305
11538,0.16810656172658378,5.0483034271015015
11539,0.21808705836190323,4.986993841527845
11540,0.2162351779686118,5.03032867140103
11541,0.21440571917938356,4.980060721160129
11542,0.10145337099363894,4.994147797387551
11543,0.2783368429470263,4.882549723402043
11544,0.17647137574273764,4.958026828257793
11545,0.38127894545795615,5.014477431867395
11546,0.0760306519333378,4.995652761136959
11547,0.37781433396492314,4.919367093995541
11548,0.34351647119551343,4.923173036167956
11549,0.21411560490985004,4.964747403884928
11550,0.4049474636428403,5.091972941053777
11551,0.39127339163283037,5.005289742457526
11552,0.20131425796633184,4.898873284601324
11553,0.16049020520667834,4.971099006447206
11554,0.3310742192799574,4.979404053733187
11555,0.23759309993833289,5.063899048413614
11556,0.20498540298544787,5.0255886558189555
11557,0.16723861361854953,4.946794924811044
11558,0.2582299167513449,4.925951699144413
11559,0.3423523311535004,4.997288843830958
11560,0.28001887049255525,5.098050172052178
11561,0.2496175044360729,4.3258307665897355
11562,0.1754528478858659,4.997006338991339
11563,0.46872798363309975,4.965703392519316
11564,0.2209166855964284,5.075962696394711
11565,0.2726100548080097,4.884515041332005
11566,0.2807195038559709,4.875398415971253
11567,0.17537147325750668,4.959966438872003
11568,0.271514922021008,4.987434132683228
11569,0.19300969474967844,5.030076516500737
11570,0.2718636384300057,4.963361082911231
11571,0.15989017760334145,4.819724769289602
11572,0.13749410223396397,5.246202336685837
11573,0.34921991091763416,4.8785847391074455
11574,0.23294993530925456,5.0
11575,0.150553723655229,5.020134806936376
11576,0.08227340892148449,4.7942961312717625
11577,0.2750664909587459,4.999719164229912
11578,0.40953327926780525,5.0170642780451935
11579,0.30138300028115705,4.961371397965868
11580,0.30022405366259974,5.096909760997823
11581,0.3727479557721043,5.02231513962113
11582,0.2764064548109313,4.99558715283726
11583,0.1384740014718855,5.0365842139177275
11584,0.15495817213021668,4.910013391367647
11585,0.39387726496022224,4.9155638690877534
11586,0.3183041196106722,4.7182551260675165
11587,0.2914356226848047,4.983885055282373
11588,0.15621102687944055,4.942735671755134
11589,0.48938792194400427,5.0079213537987055
11590,0.32637584027264355,4.924971760346244
11591,0.1968090976270711,5.007684509863415
11592,0.25290952092566665,4.988373811954299
11593,0.21380588904133635,4.9489428074245545
11594,0.40863078696012534,4.9880172337299555
11595,0.23378804488329286,5.001281918020322
11596,0.1355380569388267,4.991731021305821
11597,0.2852169422700812,4.883821318319361
11598,0.30601308114948167,5.1892928197406185
11599,0.24445183605962262,4.984927417094198
11600,0.37636226720198485,5.008565512527969
11601,0.2961152551200503,4.953007669268574
11602,0.33601246910378024,4.988513906022352
11603,0.4128162207996875,4.979810226263712
11604,0.15790005810137986,4.982701539559651
11605,0.3345216063691452,4.985395166490676
11606,0.2196877849333383,4.884818469443379
11607,0.2359811139025334,4.569291217064988
11608,0.23828480800151763,4.981172936541194
11609,0.28625357604614443,4.984222341136357
11610,0.16176168330487783,4.941246424059447
11611,0.14810146498213994,4.9803539079256165
11612,0.22914003337373323,5.00822538374198
11613,0.1777787857248072,5.000338452197175
11614,0.18535122003679239,5.055652695696322
11615,0.2154878931152111,4.978979833004882
11616,0.09801984259085095,4.967545916276412
11617,0.28105355593124215,4.960452175816625
11618,0.18093775163817405,5.014242331581862
11619,0.16865510200214917,4.796759357836784
11620,0.3812484840620731,4.7213911417439025
11621,0.23145908049972697,4.992251310531541
11622,0.19077413985059866,5.007620247649545
11623,0.3287287139128281,4.993795844415052
11624,0.29335218571796284,5.032207670455806
11625,0.16546787482822434,4.964985963941517
11626,0.18023407469873365,5.022941794675084
11627,0.39405123654210583,4.940755444495313
11628,0.14994358084994253,4.888381364930918
11629,0.33724467795432433,4.977133252716817
11630,0.169200552023264,4.8690053909550635
11631,0.2538271452018912,5.060961104313382
11632,0.20193531789612407,5.026488036012822
11633,0.1376204865225037,4.988481301927594
11634,0.24906905325105733,5.008261828716236
11635,0.23966674652539344,4.921619129211576
11636,0.28087741438617897,5.048403073127483
11637,0.26334908819197156,5.162279920511077
11638,0.10453747463524143,5.011497574853001
11639,0.16217992430197525,5.039716654130153
11640,0.1859865489785999,4.972302210151023
11641,0.53246562799025,4.960247068747314
11642,0.3014011674295056,4.952117264830198
11643,0.27120565423963394,4.929862153519986
11644,0.2361710836274753,4.9401428892764
11645,0.2216902998449093,4.978744295986619
11646,0.2674493697860978,5.020452104399693
11647,0.3232854293331191,4.980891046661302
11648,0.24140310163367373,4.998038927902382
11649,0.15874147911443548,4.979494480681135
11650,0.25743011400453497,4.534569745443466
11651,0.15330856494365652,4.959993602151114
11652,0.13326005542792463,4.851477589037678
11653,0.12317678718788283,4.844873256132072
11654,0.34130882893630177,4.955229029132653
11655,0.26766550867598915,4.974097679504501
11656,0.0980654180114815,5.183922293318517
11657,0.2754255262285612,5.0227168572862535
11658,0.26813492939765227,5.005606150579869
11659,0.1474619253138496,4.973605147314677
11660,0.1703005494448988,4.9479812909391185
11661,0.23294984187175816,5.0
11662,0.21847940020019863,4.788071628611696
11663,0.3061974780362,5.053761722689378
11664,0.19171452062997552,5.024034921236531
11665,0.23294992857730623,5.0
11666,0.2534367481458186,4.97750989134742
11667,0.11150876589151704,5.01027792940941
11668,0.19311711046193847,4.621208258496914
11669,0.21560508748695106,5.030290156310233
11670,0.24085331551348022,5.045918026544127
11671,0.17674402901012898,5.007959681198795
11672,0.24433677797144382,5.019082160192081
11673,0.19642112048676896,5.018501056773008
11674,0.14262424911561,4.98262301764222
11675,0.25768225787800003,4.912779238975649
11676,0.19439430329029306,5.033786511783376
11677,0.22241890561073607,4.956318175035239
11678,0.251764948475528,5.013897718385447
11679,0.19542175026500241,5.0588735709337485
11680,0.13561261514103395,5.03324026553809
11681,0.06610598704828674,5.09867077354917
11682,0.18671999531670247,4.938682938111807
11683,0.30444156167047765,5.0250741478583905
11684,0.23581919296136267,5.021877630292764
11685,0.17762610209782004,5.025669702877584
11686,0.22941264238547632,5.030374270181479
11687,0.25364738285043487,4.943485816183255
11688,0.25866876858130694,5.005994345125284
11689,0.1886409427421749,4.9439054477754585
11690,0.27289862899702033,5.077913087682671
11691,0.21536823474608635,5.024826739158117
11692,0.2471300973210353,5.038025509630524
11693,0.21708393028631612,5.0114580529960495
11694,0.24630047470215866,5.0295808528303265
11695,0.13217344490425043,5.025830205772142
11696,0.2217079802092814,5.052164247405173
11697,0.24487913916159343,5.0003079837965725
11698,0.11347289488168211,5.007238420093154
11699,0.08330584422023368,5.006766225306167
11700,0.27238376390233987,5.017976991827533
11701,0.20744551025155933,5.061294302098895
11702,0.1529197088638674,4.974423948163533
11703,0.2629889215301173,5.018134620445434
11704,0.22897817098861184,4.634041927359629
11705,0.20015686642530772,4.964041999588273
11706,0.24485097896636798,4.925027210215829
11707,0.1982795985287642,5.063264862536299
11708,0.2101894337795709,4.882480605947723
11709,0.12910813901161444,4.976173727918853
11710,0.21426644653459315,5.002567211929412
11711,0.1226917354448247,5.011000587791399
11712,0.3866884928974319,5.067611766636828
11713,0.18103484525848512,4.994801738090819
11714,0.1841058022802815,5.217139698233684
11715,0.24400381160133677,5.00063191407957
11716,0.15102779320240656,4.468532626695021
11717,0.30815147552422384,5.082455110548629
11718,0.09851322347037073,4.782611610918952
11719,0.12726284786674613,5.054308768632705
11720,0.17423427301431293,5.0097297729105605
11721,0.14267481483242506,5.034784565300887
11722,0.21322427106942032,5.003014985500931
11723,0.22340742772971245,5.035952732130129
11724,0.19956854290835868,5.0300371838482505
11725,0.16094079182437482,5.0039809884903885
11726,0.20687117000377064,5.009027343963242
11727,0.22779820576264576,5.09703779215922
11728,0.1887590017029268,5.019992481190512
11729,0.10201812596847182,5.026653185725394
11730,0.2849097653148829,5.018729447644832
11731,0.21620251853843553,5.102192946178228
11732,0.36396383144637956,5.076446383203432
11733,0.1612932768583093,5.0082756438848275
11734,0.2593841110248565,5.112815634763672
11735,0.23295032641082813,5.0
11736,0.29989792682146454,5.011546728533629
11737,0.12774832051467477,5.024354436624172
11738,0.19253607879267398,4.910099308495912
11739,0.2509310972906209,5.02511230852587
11740,0.16401596519608908,4.8610874028257545
11741,0.19373999856730273,5.015180754535935
11742,0.26887209729427264,4.8924762643168584
11743,0.237672729341591,4.941477751379626
11744,0.27796070808261253,5.074255994929722
11745,0.10178843257768255,5.050130975165308
11746,0.23811007453743205,5.062996800577073
11747,0.34418542228663207,4.969406995098158
11748,0.15902190330702703,5.06335628880052
11749,0.13970582658382158,5.477993652603184
11750,0.20045866535000378,5.0115180224067135
11751,0.09076888074961698,5.036640332074329
11752,0.1618200086332986,5.028655613847741
11753,0.3419054040267484,5.0950546679373065
11754,0.16197253210062668,5.027119854457931
11755,0.18097990758027627,5.050013380305289
11756,0.43683793728057885,4.967499851816939
11757,0.2582023753879623,4.993015393715936
11758,0.18417679031918532,5.1004573238181194
11759,0.18225612943001535,5.023170601580649
11760,0.06807974408758821,4.9892973521746065
11761,0.1311448589165285,5.055467832501845
11762,0.2691430110699671,4.941083475225536
11763,0.36390841110630245,5.073767475781601
11764,0.3389148489670166,5.086119146613335
11765,0.1167036730700921,5.069334922104485
11766,0.27216071414019427,5.022046164386396
11767,0.21470252166516657,4.654480562119785
11768,0.22118751380653734,5.252523281381869
11769,0.1960288525030507,5.035604761230266
11770,0.2519055841704445,4.916217506391591
11771,0.20487160148100636,5.04776891314731
11772,0.3024589030979503,5.025758455782476
11773,0.29862450707113775,4.92045574607352
11774,0.24392880751749813,5.028612804972719
11775,0.29794037500769255,5.026234557036817
11776,0.30684189515155835,5.069623644058439
11777,0.24592062876869192,4.931341446636317
11778,0.1253682534833256,5.047325994883494
11779,0.2157838920908961,5.004745030879532
11780,0.17056561735908082,4.977270154502582
11781,0.21061264832341142,5.068577084194317
11782,0.29163043828224744,4.9855478465051295
11783,0.16177754899965202,5.265050976651535
11784,0.13958722006024304,5.002866393166778
11785,0.1854392926578463,5.008469654106573
11786,0.1940432500049596,4.941180353743775
11787,0.08864962907497587,5.003025964586287
11788,0.3040187006101549,4.944143402503878
11789,0.2918987178881842,5.001317364042217
11790,0.12016952741963016,5.00557454723948
11791,0.3077575318091046,5.031030489654622
11792,0.21154099425572115,5.054691881509079
11793,0.20573612162897126,5.027403144135816
11794,0.29775341441764747,5.04139806405834
11795,0.1871402125225352,5.015942455408
11796,0.13293393397071562,5.055729015955075
11797,0.32529989558460337,5.037712641108563
11798,0.23373014679754478,5.338241802201971
11799,0.10500756516244092,5.037941583558894
11800,0.19950808683660703,5.025435531831235
11801,0.3118563471746094,5.022685351851202
11802,0.17852897555766467,5.022004757468155
11803,0.09206596899137609,5.016745528522835
11804,0.2140102001111388,4.968979056643024
11805,0.26915900449425223,5.031339975468665
11806,0.43902776579630576,5.01485700469722
11807,0.3309870050182244,4.950690016368
11808,0.10142691576575769,5.036454152912766
11809,0.13201054372141163,4.945347761045555
11810,0.31816621927618827,5.096957782613005
11811,0.19346509105700438,5.019592913406505
11812,0.21320973777564256,5.046189270358763
11813,0.14133671037941675,5.090928068632952
11814,0.21301372180826128,5.010138038785774
11815,0.2044142201233523,5.021287519781525
11816,0.21062719442168376,4.995103209098177
11817,0.24663599596338703,5.049197163407424
11818,0.22616039950409839,5.0193751450026
11819,0.31780124116902764,5.934310085560588
11820,0.15387314844152433,5.041771804207382
11821,0.29306639394624345,5.060316101124069
11822,0.19682664847312137,5.0174768924677515
11823,0.15877891002261202,4.96454717479093
11824,0.3022606870509392,5.011260466486744
11825,0.2907038178844308,4.960806940461984
11826,0.17207948774814374,5.0225160119236545
11827,0.21687484730441597,4.967917291987298
11828,0.19974356538684002,5.0126544398270845
11829,0.20276730782383656,5.025942028492212
11830,0.04075481426065042,5.033919934133113
11831,0.13895818365457124,5.288765011147563
11832,0.23478044443107038,5.020676092833138
11833,0.15360271430216454,5.034328003831314
11834,0.14927007796825364,5.097756722233218
11835,0.1093996977946674,5.025187426493272
11836,0.13467343322496905,5.0095650603064
11837,0.24885158006536545,5.056769815614679
11838,0.26891889288108795,4.963400645317071
11839,0.24920869488292197,5.027632099214667
11840,0.15723976085149305,5.038913618559526
11841,0.2133354746936269,5.093336795495098
11842,0.2573145304501472,5.082870001485098
11843,0.2168816479186202,5.012668116802157
11844,0.17529620159535053,4.991131748750446
11845,0.37619220173807677,5.039774094051959
11846,0.3150233032132268,4.427133870827351
11847,0.18975763861309503,5.019753030411458
11848,0.03294564784600218,5.0259344150146035
11849,0.2541475064219134,5.00631827500845
11850,0.27081814318347175,5.013577005466328
11851,0.26123133648838803,5.004567989836328
11852,0.2922215641451491,5.025833469160554
11853,0.19583523861595586,4.912489476706616
11854,0.13482870843710115,5.058369493916519
11855,0.11948015102719611,5.0303400517433605
11856,0.19617059203968035,5.025579058366656
11857,0.23873376364451748,5.03647868537537
11858,0.19721552504733042,4.774899004846498
11859,0.1607415838762576,5.056255124346061
11860,0.1537764697934909,5.032896983769772
11861,0.17283351568389493,5.023080076384758
11862,0.17207457516941327,5.032595827963888
11863,0.17604705430501966,4.875760325176293
11864,0.24471136812584637,4.905656975238042
11865,0.23686473320323476,5.01955987738345
11866,0.11462481512887712,5.021332114842387
11867,0.0987411494026329,5.192608031452082
11868,0.10709869608230882,4.970028279065115
11869,0.10189081121563048,5.022481154966281
11870,0.1378909635100911,4.955195088642972
11871,0.21026097598923554,4.935075541991969
11872,0.20709136850280174,4.993397915047222
11873,0.20661280394108394,5.012920106724765
11874,0.2814746899281255,4.995982391503535
11875,0.147876007081452,5.031527128601754
11876,0.345392080685732,4.502841150748713
11877,0.2568806506904999,5.058309316505474
11878,0.2914588492591914,5.127315212592212
11879,0.24014245721592942,5.023209628836405
11880,0.2574963094115903,5.063104116181458
11881,0.29782484967153167,5.111602768932819
11882,0.3217492067463472,4.736799440995236
11883,0.2748118823870711,4.963223291512904
11884,0.2811458398879787,5.011776714600105
11885,0.13151096243235072,5.518764720357803
11886,0.2659311408150884,4.852796644336941
11887,0.3494092756747096,3.5520326201935415
11888,0.26162628189550996,4.954529890322554
11889,0.23576595479423168,5.1335788518505066
11890,0.25562325288142995,4.976010976425931
11891,0.3082643627208781,4.6006037992451265
11892,0.30237361010609054,4.851250432735732
11893,0.28385214253559443,4.981159932858512
11894,0.37533855462299126,4.890401759035994
11895,0.31247150150216485,4.8167815334871555
11896,0.37216832122661136,4.908369047934196
11897,0.306904902565178,4.849032969034512
11898,0.2037047011633255,4.923059335096998
11899,0.3610787504843411,4.945710654806064
11900,0.19474119774408383,4.867675459362326
11901,0.2679279566509505,5.072359725393216
11902,0.2754020699619413,4.907839712585593
11903,0.21926104992338802,5.0400216381861895
11904,0.32321053424654256,5.374190870793685
11905,0.24318294703813836,4.393864838029433
11906,0.35573614526357455,5.02004140327176
11907,0.21538827685677364,5.068324894360048
11908,0.2740571711326347,4.680745720283053
11909,0.3418738830930821,4.797383233593022
11910,0.3994090977999256,4.348304208266622
11911,0.2120566520750229,5.037768948629049
11912,0.4069731766552602,4.606518436334781
11913,0.1095750122723731,4.957872275144597
11914,0.17070512422126005,5.0220855215174165
11915,0.2979917094286366,5.395924980976599
11916,0.2574700592995438,5.0926583561001415
11917,0.2773867496330269,4.920155942510842
11918,0.20922052659699997,4.924499506666251
11919,0.24829579295803805,4.741710379567801
11920,0.17865103278878958,4.936706949323826
11921,0.18056339207657612,5.048556963993285
11922,0.2614737438117163,4.990474803191818
11923,0.3730071364234162,4.813944569665205
11924,0.3129029627993434,5.027028768196642
11925,0.12743337061938753,4.954923229615105
11926,0.25289210236757076,5.0878730767629765
11927,0.24657893918684604,4.922779151076231
11928,0.31931018525879473,4.937214644788961
11929,0.17240793432224888,4.9958425845996945
11930,0.18863625211474266,5.441259007493837
11931,0.37425652528674846,4.943810407193858
11932,0.11377500994536605,5.157868711152087
11933,0.23295025953693216,5.0
11934,0.14076695384390536,5.068945611274236
11935,0.20787277003500848,5.002883584416935
11936,0.17663487596090555,4.876900190084994
11937,0.43137704859849246,4.8565975721062316
11938,0.26820384300362,4.857976917577531
11939,0.21257172074356911,5.003114150674879
11940,0.2660055142735749,4.872141771843559
11941,0.27065880494713346,4.975869797389381
11942,0.26177073314971255,4.861662867139547
11943,0.38647620213301725,5.631077443056487
11944,0.1860826940815341,4.936735575705011
11945,0.24734001000189276,5.19991729113924
11946,0.34917713866121036,4.86490641849743
11947,0.1929690744482837,5.116037352013212
11948,0.24449027690533454,4.962554460106814
11949,0.2605180726361107,4.901350013079648
11950,0.21947735717909156,5.065865243580561
11951,0.22601788719002114,4.905722520566815
11952,0.3561366410864364,4.918356893572682
11953,0.25790898341568047,4.921083988255601
11954,0.25465800128960203,4.140726312946308
11955,0.20706545889339778,4.841873906273326
11956,0.22387957434533123,4.821777338480109
11957,0.22903920692044988,4.629359245660716
11958,0.3614529758783043,4.822276660152109
11959,0.19033534274990282,4.931062286465471
11960,0.2614850775052322,4.965395815578022
11961,0.23735014425696632,5.003701847044688
11962,0.17427200006763655,5.060058397158453
11963,0.271234844925172,5.067060135176851
11964,0.3175070226314396,4.818663503790601
11965,0.23498535567872003,5.094067218477463
11966,0.29770067632077213,5.09707314954416
11967,0.13836379504526475,5.662339898106552
11968,0.2425523134600318,4.884784113138636
11969,0.45313127840459244,5.099286053191685
11970,0.2766106365537284,4.937137503229554
11971,0.24828654960768293,4.841716940386505
11972,0.36693997041776605,4.892375165837262
11973,0.21993435157275854,4.914124829769628
11974,0.10866443195330522,4.90543839082445
11975,0.17912720914518876,5.158995870319121
11976,0.18143382564957,5.092198849597587
11977,0.20574292446135534,5.0579296555973485
11978,0.25116408313518734,4.942939396475676
11979,0.14993305721114192,4.965165511453957
11980,0.275779192364741,4.850017574910259
11981,0.15855620846125706,4.839216728863507
11982,0.3185576383364168,4.760867528456512
11983,0.2876475624846553,4.9473435556324485
11984,0.20916378607362107,4.924365666143462
11985,0.14340653184467778,5.2157997817257495
11986,0.2383307524090288,4.912047912451678
11987,0.22629861908200377,4.7877505707841905
11988,0.18701079127636255,4.6462812314469915
11989,0.19222450185602535,4.881181288510783
11990,0.21176454219064045,4.8388191465127495
11991,0.307895091628003,4.4970507404246085
11992,0.1905200837622949,4.813973397488995
11993,0.35379777440558446,4.937587787301778
11994,0.1832711022535196,5.221936244957597
11995,0.19748712705541327,4.959580198376665
11996,0.2540766547418505,4.921677512818645
11997,0.24340668248270925,6.081660242597744
11998,0.31682798264262435,4.925123519205954
11999,0.3164638280581167,4.894160125602509
12000,0.09684070911344977,5.009078199753132
12001,0.25241435412770086,4.8651414783484
12002,0.25476432919966263,4.816902378016801
12003,0.2032097467948677,4.929483456256962
12004,0.1414047230003559,5.01825049755392
12005,0.3215066465712637,4.819795770926385
12006,0.08749125824320525,4.9712064710052495
12007,0.46819352950989845,3.495168495133232
12008,0.13341927387067765,4.660152765605945
12009,0.3616685275900644,5.051627857738765
12010,0.27524759895416295,5.390474424410154
12011,0.25386637830961933,4.753063570402798
12012,0.15676830819223309,4.951433181999523
12013,0.18459293713827307,4.868139849839581
12014,0.2109562017264106,4.980138271912651
12015,0.25704328824375233,6.199306538657563
12016,0.2560206753524832,4.963853873204043
12017,0.3805517771894542,4.929152405875863
12018,0.23049667565325294,4.902127887640999
12019,0.13148937383212522,4.849204537663079
12020,0.3154899672535434,4.928613050008641
12021,0.5852967078994449,4.672290444041618
12022,0.2928891693560536,4.99081812792463
12023,0.21808380009700112,4.815078816179641
12024,0.19781842077368794,4.489703564788794
12025,0.19983518216840768,4.887957201517041
12026,0.12173826263340715,5.281005267471306
12027,0.315344278303646,4.85992212217476
12028,0.3046749511504099,4.81239685447286
12029,0.3569538466786144,4.915371443518568
12030,0.22029284478894207,4.919849117793671
12031,0.21031697166936447,4.9303648859838844
12032,0.39664461764416825,4.861999253185081
12033,0.2687776215912985,4.840831026500219
12034,0.28967415878947933,5.084092741792174
12035,0.2473738726289083,5.0216660147123715
12036,0.15889082068560412,5.1214812046670755
12037,0.2932812604978947,4.909674108028277
12038,0.13864077524960194,5.101262230139145
12039,0.14702313449533566,4.925064987885186
12040,0.11459265707690602,4.975353797206585
12041,0.33337019025267445,4.938830422287763
12042,0.2860838481215695,4.991825870741602
12043,0.23501773066321396,4.986492683253072
12044,0.2823015232094175,4.8457808117768675
12045,0.25065354159749487,4.88934719946454
12046,0.2263182926834899,5.085835248928463
12047,0.302402780429724,5.273565218332976
12048,0.26652523522243476,5.006014962621768
12049,0.2714410877079598,4.9255158381989705
12050,0.24744598258248995,4.834928658373672
12051,0.16747278515976305,5.179695195789158
12052,0.20308513687722374,5.015074266725197
12053,0.37441286991371303,5.136631551065882
12054,0.24894518434304236,5.4568772030888635
12055,0.20276209617994057,4.181177204841644
12056,0.29048557927016305,4.683177915202892
12057,0.16185020190046906,4.800333478629035
12058,0.30206506392786925,4.978823217105539
12059,0.105135719702526,4.50285493744655
12060,0.2751249457877798,4.699226803250092
12061,0.14195891034736952,5.123777515864276
12062,0.2305132843451827,4.926758335315151
12063,0.41659207214148997,4.965034397829475
12064,0.22737174511691283,5.066750773827593
12065,0.1647242043679531,4.963053364883576
12066,0.21109548812844747,4.971826955222207
12067,0.32332929143392564,5.021822618328073
12068,0.377495047021116,4.954487004047516
12069,0.1525216225408601,4.886331039615008
12070,0.2329502506792167,5.0
12071,0.2369086225023429,4.655685535375582
12072,0.33612623632035454,5.01145069784136
12073,0.3534599021921643,4.930147207399926
12074,0.2741429736518963,5.179742809302814
12075,0.14269098194963004,4.754458812490725
12076,0.1458670895174079,4.975338447760365
12077,0.19901950312187466,4.926225390864456
12078,0.23823101548199244,5.056301032355739
12079,0.1647941958171142,4.8695247172335865
12080,0.30880522384159126,4.9700998482605385
12081,0.1480706660782396,5.209511153810773
12082,0.28274117511496355,4.940033989915067
12083,0.3062806399222462,4.951295486560179
12084,0.25893675245027836,4.913808619516153
12085,0.1981529339805872,4.925664672556245
12086,0.3334291044607469,4.918358946290473
12087,0.3155334462789159,5.017465718402949
12088,0.22097157105080756,4.882462789698003
12089,0.19453035580142108,4.518726920742564
12090,0.38306447286626066,4.8653036150814
12091,0.15773123507577758,6.638843098733442
12092,0.2568088041603851,5.03547032535292
12093,0.21410751729684252,4.811836038398303
12094,0.35198388679752024,4.851730272941381
12095,0.30678257185241864,4.818253941499462
12096,0.1893814421791593,5.231837335789304
12097,0.2991803424457773,4.950835067307757
12098,0.2800924149832915,5.013081328289637
12099,0.13408136416834582,6.140524543816497
12100,0.21132820705594546,5.044426584006656
12101,0.2005037755443866,4.225095709770779
12102,0.20794411515977496,5.251188999942551
12103,0.12042096984032469,5.001135878742469
12104,0.23093175334446858,4.980150637887384
12105,0.1980537310740762,5.065577429884165
12106,0.14284954234333846,5.132728898300103
12107,0.25830106190126445,5.052986013002094
12108,0.21987291856814073,5.1304423806634425
12109,0.3156699697471137,5.131531071752278
12110,0.1965689602884162,4.2963861309730955
12111,0.19386228481428192,5.066039544289502
12112,0.16368921210712362,4.8255020184967545
12113,0.18330259395684334,5.015837704798578
12114,0.1773745392658046,4.955347687764018
12115,0.2707381851564925,5.025465746642039
12116,0.20029953221100794,4.788765294369597
12117,0.16861568819538886,4.955965060367307
12118,0.2945261842672151,4.814575332465756
12119,0.2509146851649511,5.096439068962155
12120,0.3775232902626191,4.437664402717463
12121,0.23932434686360726,5.025333137241299
12122,0.38281956214973123,5.089080428728305
12123,0.1960386273246406,4.879534297182158
12124,0.15460438862900316,5.122673434204028
12125,0.18261324619722719,4.81455064162323
12126,0.16775386875100762,5.026414963175938
12127,0.2000542650246957,4.955601143523616
12128,0.15563040626860425,4.924110066898937
12129,0.2211437395415332,4.871346722549221
12130,0.15991672470443574,5.166874848439944
12131,0.11584892925875923,5.001762522943274
12132,0.2828948555678734,5.050386290204765
12133,0.21579344632194175,4.384459786476347
12134,0.07878398723170155,5.003788842363575
12135,0.3156998844686245,4.530912720844444
12136,0.24890558086912784,3.776708908083015
12137,0.23294843325243408,5.0
12138,0.24412191481227197,5.121012463833958
12139,0.26781763359810973,4.974039258859717
12140,0.26935975801092304,4.977837223369166
12141,0.24491747349163573,4.9870918593662505
12142,0.24801532934182635,5.120792729087533
12143,0.20838915499017396,4.803613430131195
12144,0.38330499770711124,4.72704061811525
12145,0.25296235390412436,5.0963562372714755
12146,0.12707775173525637,4.99692963683775
12147,0.227851947502286,4.979867168985663
12148,0.2468631750173762,4.18177857669396
12149,0.20034241583626078,5.076673383504113
12150,0.09482758818882342,5.047868699770932
12151,0.15685450620750951,5.498367574275864
12152,0.21037014491524886,4.910558839441395
12153,0.13338232197018907,4.971446379649036
12154,0.3607101365774108,3.4941624468714805
12155,0.1796178625573519,5.252462473591377
12156,0.22932977210894334,5.071897686119744
12157,0.11667779159021552,5.32762640396764
12158,0.22712969421409324,5.702470746872992
12159,0.1821555089514435,4.918767582536674
12160,0.17749006479273643,4.925852844806187
12161,0.09079957700590358,5.0779407849167235
12162,0.39780459341699337,4.972592246745888
12163,0.16958243573025666,5.008557639042666
12164,0.2186743874463648,5.080506801899913
12165,0.2191556243136239,5.070279018279029
12166,0.10072453832214001,5.142976296884996
12167,0.25612014436793396,4.950287614909019
12168,0.27938926925302265,4.437099194703702
12169,0.26524744675493017,4.888234459645684
12170,0.17599482842053105,5.055055895909213
12171,0.29812447881031967,5.142996379392422
12172,0.20120362368503675,5.113357570305572
12173,0.3089889163589248,4.6942619730671
12174,0.10824240878112246,4.954483295082124
12175,0.12060747163353236,5.142359988528957
12176,0.2997763050937823,5.003658063587411
12177,0.17994273333282984,5.034568542545257
12178,0.21316018217616906,4.937247360487129
12179,0.19150071603737273,4.6002355308447385
12180,0.15732798893988753,5.075713292804309
12181,0.12066171924097269,5.099206246590491
12182,0.24962289871631826,5.026423364533361
12183,0.16399442359285632,4.830169387944121
12184,0.21604855186581062,4.986331922882075
12185,0.21657555910402437,4.914455867132563
12186,0.1773082898054006,4.957547475734669
12187,0.11290493104813182,4.9182986817405006
12188,0.21305034643197507,4.905235120057636
12189,0.24737765309441961,4.316401494185955
12190,0.11845563934773962,5.002541220360364
12191,0.1354059390543929,4.644280544937427
12192,0.15136623814512662,5.076457828254943
12193,0.2725573145673681,5.082051845975242
12194,0.22881118237641918,5.1948357890764285
12195,0.2931716418812329,5.103951446697694
12196,0.23728663820274054,4.9746941369676545
12197,0.1781983255253552,4.942453994384897
12198,0.3163747152486922,5.065613446779205
12199,0.31347771146907255,5.08611544187624
12200,0.20264077012885418,4.9629555003130665
12201,0.26249528923550236,5.122386957387253
12202,0.26175763272821473,4.670947382591386
12203,0.26584963742789514,4.93813868862218
12204,0.23831869936949435,4.991147918031142
12205,0.21739704154494244,5.168574151273351
12206,0.27387365543855635,4.89319384626878
12207,0.28110735357842453,4.986006198784585
12208,0.24623160223169527,5.054006681715988
12209,0.17932269401829215,4.784952200065566
12210,0.19242632383176206,5.069266029640058
12211,0.12321469017547249,4.947924509152584
12212,0.17604011191685198,4.944849556989208
12213,0.13668128287529124,4.8351321067696595
12214,0.23084661202821755,4.958409692676815
12215,0.25808448234491843,4.7781115344246405
12216,0.2985314323579278,5.206026237696673
12217,0.1397623115815434,5.502583075054401
12218,0.23347552325779497,4.905548818246821
12219,0.15395000235527423,4.800415525956954
12220,0.33231659178844253,5.0429001760005665
12221,0.26001919822576336,4.979613859009691
12222,0.05056854323748872,5.440061801554341
12223,0.2063639412103606,4.920808155944032
12224,0.19934017469126086,4.959535650834503
12225,0.23761093389526522,5.023192336334574
12226,0.38691123201894073,3.708681029859502
12227,0.18872833581590087,5.153048634211395
12228,0.1883731694838764,4.928594901224965
12229,0.3406843684606593,5.080670353442063
12230,0.16375977414898668,5.096559021822085
12231,0.20011354965804617,5.045962945781355
12232,0.34810973223996045,4.719704330101626
12233,0.2151896417400989,4.98260460385473
12234,0.19237932756932263,5.121565919358915
12235,0.1446613189852206,4.951370070853542
12236,0.18585626159753899,5.116546666976607
12237,0.22053215871504928,4.995757404038237
12238,0.19802688884023145,5.056445401332583
12239,0.20035894242464014,4.999881796594883
12240,0.13495285162898507,5.06649157686037
12241,0.2398596437280891,5.107396232971242
12242,0.19822000316740773,5.0630137792680685
12243,0.23249531440022397,4.96993218865402
12244,0.19056275317777072,5.218531346811002
12245,0.16518307383244335,5.205276429908539
12246,0.2141202296946576,5.014145532070291
12247,0.08862396474970602,5.000951312907835
12248,0.3558717867730199,5.037496235193348
12249,0.2610322190922658,5.031677259966472
12250,0.1868987901689656,5.113068423117628
12251,0.40284138150020854,4.945065072079711
12252,0.1527166467238874,5.041920989675521
12253,0.18285455199840883,4.825192335459745
12254,0.21736065489211764,5.102191453563538
12255,0.11858239490211409,4.897001940510224
12256,0.2019020107478504,4.825233737324828
12257,0.2642013340686997,6.129331428969831
12258,0.24210372458633334,5.092374871907994
12259,0.14711198535796988,4.969672245438508
12260,0.2462354764431245,4.964487238616666
12261,0.2504759178714049,5.023416668693859
12262,0.1291969233745478,4.927562676822133
12263,0.19698581320961095,5.011214497981893
12264,0.1749094334489052,4.975625059971431
12265,0.32686287655370383,4.987562478203076
12266,0.21994630413340488,4.954991339482433
12267,0.14153443421723666,4.431256810817965
12268,0.2317685595410559,4.742673800744042
12269,0.1849232699433765,5.122505503008874
12270,0.21267154535547683,5.0271527501403845
12271,0.2090798344998408,5.19155188664004
12272,0.18532186002847872,5.0724164759479695
12273,0.24963196256987796,4.95004005039867
12274,0.16047967296663224,5.064143137353829
12275,0.19591972794286838,4.530418838624959
12276,0.1240506679906046,4.963614921666366
12277,0.21995287287393772,4.980899321738628
12278,0.23741994717148307,5.138135574350278
12279,0.2241233641436413,5.086226026773977
12280,0.16395163920254574,5.298690907970149
12281,0.25360470411899994,4.928403425851204
12282,0.19305911245761376,4.971672426461211
12283,0.34853045877363,4.569135644170794
12284,0.23295177924409916,5.0
12285,0.23403882663158582,4.815266359096704
12286,0.15267827066784956,5.000736965574806
12287,0.09769627490592603,4.82382119515731
12288,0.1825067686542321,5.089263466381215
12289,0.23446647492493322,5.027891290262119
12290,0.1745814635038223,4.96329220829586
12291,0.1820928493448546,4.858232117632282
12292,0.22540514685271762,5.064610740767996
12293,0.16041507722587234,4.990322091571784
12294,0.24319459936413423,5.235798991170757
12295,0.16531766963503136,5.009760426921597
12296,0.23315688948867908,4.859092513994341
12297,0.19923864637491762,5.047650238261561
12298,0.1440646941561119,4.9724882690321515
12299,0.1876629300296242,5.03865618184145
12300,0.08021985152648337,6.152492372233196
12301,0.19166389877133594,4.935938606195309
12302,0.33418937765555223,4.97246637925068
12303,0.24989216428942296,5.000705706925661
12304,0.15827402269613788,5.148459076119289
12305,0.1650966906866178,5.327023211664992
12306,0.293889523604262,5.220438819047013
12307,0.17455432380396307,4.8425551567925496
12308,0.31774455761959697,5.2848735949676495
12309,0.2870403516995632,4.947862965527801
12310,0.37885952377814314,5.173437285213067
12311,0.2506613532606341,5.021568341492815
12312,0.5610527853869571,4.737189211830586
12313,0.24918257608830774,4.818638836043947
12314,0.3376759318740741,5.029775606684286
12315,0.48344749847109036,4.82999384137587
12316,0.4886001041131647,5.001275303222981
12317,0.6747090163614533,4.67912124596273
12318,0.4241073256580792,4.651797754595144
12319,0.12658968415820282,4.821141780069231
12320,0.27426052952393554,4.830722007421748
12321,0.35401104537241546,4.779291699608228
12322,0.2506249407780632,5.28608436300444
12323,0.3908843986658568,4.9103886192402335
12324,0.37954960885337785,4.531390228413352
12325,0.4442724637662461,4.8116953168125765
12326,0.5730201391963305,4.801014439183815
12327,0.3884738606792155,4.921642217387356
12328,0.22544246951923075,4.533692333760797
12329,0.31579639897927647,4.844187975978995
12330,0.11127801633868861,4.851377800516277
12331,0.3975650320039903,4.891538918381482
12332,0.42609601617081894,4.755155057040286
12333,0.14769011121332132,4.842909459624645
12334,0.45137154279354186,4.441994482175655
12335,0.3551888567411188,4.924232379369924
12336,0.3353384274243778,4.390106557986808
12337,0.2679577838894689,4.837823610080845
12338,0.6967035981828522,5.067121913261179
12339,0.2734583974570124,4.9720742896511805
12340,0.25314819745480666,4.812626046692632
12341,0.33021909430356233,5.0922040191906515
12342,0.3556429181694911,4.56145802224059
12343,0.33037332063104485,4.829721730148808
12344,0.3348287920566482,5.050571147845746
12345,0.24113036142182653,5.367110283316183
12346,0.22118273806346544,4.949381063286538
12347,0.36744639094003695,4.648588654151169
12348,0.35676974763218694,4.859073081089607
12349,0.28819940329933247,5.208074291888343
12350,0.22649437148881435,4.988838775232605
12351,0.34621731685723955,4.86385863623406
12352,0.5261984109602937,4.717332476245737
12353,0.4795808299844089,4.50950291391325
12354,0.4755961861602318,4.915959037715867
12355,0.36913966667808396,4.811620016848233
12356,0.44345384304728674,5.322508430410746
12357,0.20019283103103613,4.798073173943731
12358,0.32261427264475806,4.8669297373489595
12359,0.3002418252241419,4.724945026059686
12360,0.3700718696206424,3.7432218677117657
12361,0.5959168261435508,4.489294204327097
12362,0.2701515120630156,4.8857122035134815
12363,0.3413765444779344,4.263671954740005
12364,0.3268035893502981,5.0972183439538465
12365,0.413621017440557,4.7110175993309245
12366,0.4035634536517767,4.207503893679654
12367,0.29658613239379905,4.81504142841036
12368,0.29619134300026295,4.921431556861471
12369,0.24895364400911246,4.873041567259797
12370,0.3283561145577456,4.448600776457665
12371,0.5348559047784969,4.872946776048668
12372,0.43158867721856864,4.837144224608165
12373,0.2726680836592008,4.851400257189287
12374,0.17189867493249267,4.63378380035393
12375,0.4537747656617741,4.80288671208859
12376,0.37728651059326523,4.709472298295925
12377,0.11555884581151954,4.8840078037929135
12378,0.4512514773133298,4.833942481267464
12379,0.32696272970191265,5.027122759812057
12380,0.39266462015811365,5.784120160374222
12381,0.3730356483109525,4.8780022656306965
12382,0.25381028634461034,4.738549948460431
12383,0.23295447972329186,5.0
12384,0.19033538426953278,5.045073036819856
12385,0.5706918343614109,4.873996979122763
12386,0.2334581673196312,4.699669359701808
12387,0.34469672006732943,4.967720970450866
12388,0.12696987193721987,5.54841851920715
12389,0.4229517129115927,4.8183238675618245
12390,0.2376569088639937,4.817386114727258
12391,0.409371432217714,4.659221126706781
12392,0.3671776779486291,5.24940565755907
12393,0.27207208975035746,4.820606109911978
12394,0.2713529018387373,4.7006707866666275
12395,0.4360834634998334,4.649950434630261
12396,0.447999851266663,4.734778166904681
12397,0.23481229242705193,4.774804684593672
12398,0.5355833959515295,4.833327863638184
12399,0.1457456078387911,4.790210051896739
12400,0.37451898471713485,4.928466853218056
12401,0.5602837717512168,4.890083476862435
12402,0.25388499945336784,4.761345731324393
12403,0.28565136786103595,4.872089991212318
12404,0.3810228287572308,5.118984975576346
12405,0.24718237332199444,4.790704361342923
12406,0.299676704306737,4.858031836326928
12407,0.3260685461350139,4.621309591891567
12408,0.17178825507422246,5.1778485832579335
12409,0.41127611058226976,4.843408849244479
12410,0.46802093092435415,4.493695688915622
12411,0.7147532869893511,3.427281532363615
12412,0.23294566354900703,5.0
12413,0.3360804999533351,4.7876930034447085
12414,0.5536453358329656,4.836315734961536
12415,0.49691353469774935,4.3935597945707805
12416,0.591468666538566,4.567794655280242
12417,0.18976143545287805,4.760148335234939
12418,0.4808252675394784,4.704136656745392
12419,0.3829211942724571,5.27270359446832
12420,0.2851811587869997,4.8524568744056396
12421,0.25848331214474163,4.569688229512137
12422,0.3784431646266644,5.256080791763829
12423,0.41413925466214296,4.828050115686482
12424,0.3984622757432894,5.7431843168384145
12425,0.4812888078302098,5.2746682534905265
12426,0.20258728720154462,4.85881616705492
12427,0.3881522000494715,4.79442767831153
12428,0.4446566509440746,4.29978424729903
12429,0.48084171888818816,4.995918245575277
12430,0.3957679338275222,5.405243933962147
12431,0.18122800890696444,5.513573695737133
12432,0.22700140212274134,4.943406188791437
12433,0.4529344335580907,4.838155378061995
12434,0.7826457233151298,4.687515825197348
12435,0.28700427556009966,4.921999941784314
12436,0.3732451894554596,4.873418765423914
12437,0.42453819389781766,4.829931652006536
12438,0.3930201029799507,4.4807848049841414
12439,0.38794648580910485,4.830376375543111
12440,0.3574483932170309,4.503046138244571
12441,0.3450480424218514,4.806131473054389
12442,0.29717151710744716,4.756429169571108
12443,0.46092835985140357,4.7755403791088735
12444,0.237816422430859,4.757308614448297
12445,0.24584777317806283,4.943485259070863
12446,0.2809301623322291,4.905851082641748
12447,0.10245121521035072,4.916366409749902
12448,0.23742907033017602,4.6248579559847425
12449,0.4411509493836152,4.753617146892175
12450,0.3184608715176074,4.695306470384093
12451,0.21660136709374123,4.7012675507796775
12452,0.2943880614385721,5.002018389683691
12453,0.5822997594663692,4.99443515869646
12454,0.21496860498453363,5.0876581250854525
12455,0.25966915044727057,4.801362770050632
12456,0.22720151599675065,4.842970625858047
12457,0.3132808725108791,4.663418694843973
12458,0.6561829914716737,5.004472462576448
12459,0.48119582682801276,4.004749747834646
12460,0.1670172874854572,4.825484183766298
12461,0.2898014357339136,4.689755272450844
12462,0.4634377116312369,5.050735859470921
12463,0.2879965945492713,4.804147286794551
12464,0.39009750222610906,4.522552562551638
12465,0.3143122545688106,4.890236637485401
12466,0.44250128197288907,4.845119523398358
12467,0.7533173962610469,3.3764541868281306
12468,0.2589863523317062,4.783156293991011
12469,0.21759376053259993,4.501567772523121
12470,0.2743259062856933,4.649950623325756
12471,0.4374290074698084,4.377121380319187
12472,0.2049367748515314,5.075891989051868
12473,0.4739595275175166,4.278423144785144
12474,0.5246764110076374,4.84311265088297
12475,0.1590791164083487,4.932756141558379
12476,0.3082387394045405,4.703647112885472
12477,0.2929315389036762,4.912321110846554
12478,0.2678828765790997,4.738002886622894
12479,0.5178725345218442,4.78110924475148
12480,0.4156914670280194,4.789048298218663
12481,0.1337918657509427,4.7071455816355545
12482,0.30500650446743927,4.797215845131655
12483,0.46881636046750996,4.8857321482457206
12484,0.27687219478249103,4.824769213026947
12485,0.38272616643654866,4.818294990174481
12486,0.2553504054402671,4.910078361604002
12487,0.49565578293288803,4.769551179831408
12488,0.21275248831500626,4.733519322368442
12489,0.40198252596461304,4.758545719256482
12490,0.3870039546070654,4.811804495539507
12491,0.4342891390737327,4.662962963916328
12492,0.26929324674171307,4.870381065362608
12493,0.5258350077858371,5.14145404178743
12494,0.656656760192281,3.321982110040431
12495,0.4976592489211442,4.819198758652723
12496,0.22019933726174257,4.832708568599671
12497,0.25931823892241423,4.866603930494193
12498,0.22132128179260158,4.811847222873045
12499,0.34197767525126843,4.836426481417835
12500,0.3044819349407224,4.40078664074079
12501,0.3284673990410232,4.574516122992156
12502,0.27854029908113853,4.932881552038264
12503,0.18605358550545947,4.838916959547639
12504,0.4025333807377738,4.744083059968496
12505,0.36699512626439823,4.370873779356463
12506,0.336896019697138,4.581398768192004
12507,0.39457068437387965,4.788270655424007
12508,0.27850185557506313,4.839577246018809
12509,0.32197096741071674,4.854172176694593
12510,0.3321150039833991,4.6888409275265275
12511,0.25347668020772196,4.801463781216881
12512,0.3460455220885199,4.867682184763398
12513,0.41378561457540064,4.762086933668721
12514,0.32961166642707185,4.966327838528839
12515,0.25664836172050687,4.981244186747906
12516,0.23188453936831266,4.933898636927276
12517,0.253588707873442,4.785101543334136
12518,0.27122830606182613,4.8276838856543325
12519,0.3268430861630194,4.928664221116916
12520,0.40861072287450306,4.3822886887648504
12521,0.2076286138719119,4.695688831165032
12522,0.256615428112577,4.496307660715653
12523,0.19798148910066393,4.769252092728404
12524,0.35150985944513113,4.89342794761618
12525,0.5790288790001163,4.775136705966192
12526,0.4182525144771483,4.605987069597193
12527,0.3593961075608394,4.804766081983525
12528,0.26749102367475985,4.815343382123691
12529,0.24500261012577673,4.919551647159173
12530,0.3419279604367025,4.418861741291584
12531,0.4165874476947986,5.072611375014215
12532,0.33265334055952556,4.870847969355818
12533,0.4360269655798712,4.846605159901181
12534,0.28718299974067496,4.6585252793681065
12535,0.25364755174645937,4.852097382205027
12536,0.21606553634712422,6.273119056639462
12537,0.2239745527241741,4.813613257216129
12538,0.1668548773535703,5.138336273136526
12539,0.2343628428511102,4.9328199468830825
12540,0.1830386957586707,5.054540149531537
12541,0.13321518148333555,7.7294029557328425
12542,0.3399094828579776,4.912239054504832
12543,0.25041552908573195,4.981351680171446
12544,0.20604059441962153,5.068235247755304
12545,0.3264363794366165,4.81097330435194
12546,0.2472266302707613,4.709784625758058
12547,0.3037512972920342,5.22953088361386
12548,0.3236512615280549,3.826554276052665
12549,0.21819136737606337,5.060600502647006
12550,0.3781835618857885,5.824861046733707
12551,0.2861504604090295,4.850358243401969
12552,0.41495721121152895,4.802499745385083
12553,0.317860259009082,4.903863287786621
12554,0.32547871991401767,4.9413071099028105
12555,0.3182936290471139,5.120367462189392
12556,0.4190355536541719,3.3771457077892775
12557,0.29298983078477847,4.984264925191582
12558,0.3068059908535756,4.896631510149865
12559,0.30355040723462,5.062364538471069
12560,0.33304292412330283,5.123758814938615
12561,0.44955063811874063,4.856047593547643
12562,0.28643340667829786,5.003425426480428
12563,0.22174650725294964,5.254703031236971
12564,0.24135438733478032,4.797475922621448
12565,0.23295008639703085,5.0
12566,0.19232001072019544,5.13223685733478
12567,0.16941268470373338,5.009153468633123
12568,0.1476717279523576,5.001419440377557
12569,0.2738913287977862,4.963913570121532
12570,0.29539281850953136,4.80332832415348
12571,0.1286049366674089,6.205667809624034
12572,0.36455667353077015,4.821189248401376
12573,0.32067283084561615,4.886833757857891
12574,0.2509224086031743,4.941669130869197
12575,0.2422334594680422,4.597976332065654
12576,0.5189500526804662,4.978759536299204
12577,0.25793215647083834,5.703868334455207
12578,0.3500831731923282,4.767714453011527
12579,0.19966777419091897,4.960404131840193
12580,0.38418232285076326,5.015416284763514
12581,0.23343012269537078,4.997512072599237
12582,0.18689062371679177,4.706437360233355
12583,0.33200621531665986,5.054163265105585
12584,0.3751738505223232,4.962824330363116
12585,0.38688205824963706,4.640616442614176
12586,0.18362951290097418,5.03875730832168
12587,0.3463493485737803,4.869243759730555
12588,0.22824557274321622,4.947579595319116
12589,0.24525343887815598,4.824979163628926
12590,0.2744301012302224,4.933199440062026
12591,0.19976333048526018,4.999290758990087
12592,0.36011927120837095,4.103192720152782
12593,0.20402477499889504,4.7476129674461465
12594,0.24186420286862487,4.981403228203378
12595,0.18004672598843463,5.387315703762896
12596,0.307145650413289,4.894906715808718
12597,0.32358916475664223,4.981999549364451
12598,0.3090824582520213,4.91852566281187
12599,0.23634390295919827,4.79404506104026
12600,0.3283497389395911,4.969211005262331
12601,0.19212821706685657,5.232003844032871
12602,0.274701906587949,4.99573446625023
12603,0.2800268022586352,5.481865321426875
12604,0.31226724215120427,4.785112096833073
12605,0.22229408173422716,5.0547791754408244
12606,0.20148681449923855,4.86847757162189
12607,0.2068890171129194,4.945199801001019
12608,0.21343262854495282,4.841463750011883
12609,0.24273878848179287,4.964710253620561
12610,0.21094028819053046,4.833231816970711
12611,0.2970405136223031,4.826108649398728
12612,0.16830147454193978,4.962581898297458
12613,0.23471403229826704,4.99354930773289
12614,0.24318516515636524,4.973681581064575
12615,0.3398023899464826,4.925668326019341
12616,0.3047447798189098,4.691634679524501
12617,0.21798902998230152,4.86557822104027
12618,0.2523331977608483,5.011115078635804
12619,0.23295040997911753,5.0
12620,0.18399482138871837,4.95229688656825
12621,0.21974900696436928,4.8887445492319515
12622,0.2389275580788628,4.973933373630066
12623,0.3043364063478826,4.801819275213672
12624,0.3614282755776179,4.553494255993034
12625,0.19836603655788898,4.769108766951202
12626,0.6288839904315637,4.377362874076258
12627,0.3695769384027905,5.029098995090653
12628,0.18621386033833853,4.669192108082356
12629,0.20030346285608536,4.853178039968027
12630,0.22282261342752796,3.596223782851773
12631,0.35876261858138503,5.02449500248952
12632,0.2801543809631355,4.8645129932159925
12633,0.30628105091009883,4.982572511018324
12634,0.36944642420911933,5.082614370467224
12635,0.3734959386644734,5.269429822329066
12636,0.20932815214578238,4.878676535357904
12637,0.17691283793202195,4.868205725874972
12638,0.17850895520884702,5.0025481585256415
12639,0.2319846669111829,4.496543404256119
12640,0.3646967895080613,3.9721591264381484
12641,0.17809903803022542,4.946842717542559
12642,0.18790441394624513,6.903358562395718
12643,0.327227684495335,4.822066018686977
12644,0.300463524693678,5.319036889710604
12645,0.26556289150558454,4.752882671787448
12646,0.1306487097726805,5.0135949075477
12647,0.2083273797144325,5.228733082568633
12648,0.1516560183109119,5.011699442682964
12649,0.36026423654209894,4.857785213458596
12650,0.24730971978425442,4.944362316302104
12651,0.21104184045545504,5.32893640371908
12652,0.22737410351006804,4.9521602619505956
12653,0.19214263398519882,4.523749439491009
12654,0.2783798422533881,4.956557282327925
12655,0.4602303471470106,5.063014489049049
12656,0.3444807681252282,4.932180685195009
12657,0.2762245155309282,4.8347517777905935
12658,0.22335947145184787,5.481533296588097
12659,0.24887770468155823,4.667699550028388
12660,0.22775705277190839,4.518913498434642
12661,0.30838565118646755,4.0978405807210905
12662,0.28075408608938135,4.796091117196584
12663,0.15978133135962835,4.808039020630419
12664,0.2013575811645556,5.204513318261892
12665,0.13853562115268647,5.329588828966987
12666,0.2592013722751145,4.267874369519786
12667,0.2882228433456644,4.9138329197831165
12668,0.3347810135861222,4.845543662977061
12669,0.45944551430329184,4.893038577060915
12670,0.26530974228678406,4.8389291362350395
12671,0.34274508308872775,4.9106577542659124
12672,0.272089739360452,4.75167265937654
12673,0.24798437612161983,4.79866939377227
12674,0.11640660176936168,4.9941330934149875
12675,0.2497237012607001,5.5715227187394145
12676,0.1346900894728258,4.8541779495325255
12677,0.1429409094457923,4.9266455194784875
12678,0.24077359520250674,4.904276592017807
12679,0.30739461363840825,4.963109514295212
12680,0.18895641798245477,4.763782244037289
12681,0.18966112632078613,4.877123849359641
12682,0.32243639618872044,4.921547030622184
12683,0.36170527586264845,4.877741499111501
12684,0.2254739121223439,4.880101509181021
12685,0.3399135680434695,4.884119571007011
12686,0.3860334246263648,4.91583550785843
12687,0.10892953100143665,4.363695073718068
12688,0.24164785934193156,4.963452253785761
12689,0.15546313313582205,5.140446861199051
12690,0.3789194165280254,4.821487140577734
12691,0.19505388226212972,4.076668236752283
12692,0.3378872023198647,4.863389234328208
12693,0.16116879704321474,5.020431341521068
12694,0.29964634033077653,4.8595340002616805
12695,0.13574705340033377,4.854342858240441
12696,0.20974860390324213,4.94249792688584
12697,0.24291381971593218,4.875771231852637
12698,0.3485401249075688,4.433343453565639
12699,0.09167438694457086,5.030208182572702
12700,0.20588910727409537,4.969914157893909
12701,0.3722317434121749,4.981744103344479
12702,0.3185482745312973,4.8598489864462024
12703,0.22732382637615878,4.698109332968263
12704,0.2517468052813756,5.0988587840293675
12705,0.32008097136906866,4.865364758984887
12706,0.29837983777059796,4.998021796431882
12707,0.28372452676754567,4.879564183887686
12708,0.16233415778735605,4.922960306044937
12709,0.14928220027415695,5.694661302317137
12710,0.381138441930845,4.639161827188971
12711,0.47439511321496264,4.617605982127628
12712,0.34226579578077065,4.906059893407244
12713,0.15626759141222624,4.901523431682175
12714,0.13889580773961985,5.110588616166414
12715,0.2479726096231598,4.788168759575644
12716,0.42847730234401826,4.971546035225911
12717,0.1503002581034425,5.599667563646529
12718,0.3174883615054289,5.217449619478511
12719,0.2657217966338341,4.429627327171017
12720,0.25468567674772724,5.001801295041979
12721,0.2665022407452462,4.834784561584673
12722,0.35067762271901715,4.94213928422889
12723,0.23632711187782274,5.088492250810814
12724,0.17372083960411966,4.994500319427324
12725,0.4018997112895131,4.9612646503181335
12726,0.19099793608315174,4.946641667446139
12727,0.29875312806766785,4.9458084833483
12728,0.14876514370285787,4.928745211516494
12729,0.23135984219784023,5.016919075476007
12730,0.236534522394114,4.804649454072418
12731,0.12705209832371311,5.1032960681147355
12732,0.25121536257338684,4.830912736069273
12733,0.17941488390072324,4.880347310431068
12734,0.2915490374005605,4.508269798850613
12735,0.38406724741722664,4.84402869237007
12736,0.2107689472080374,5.112059146697732
12737,0.2825534686024198,4.9297478924310845
12738,0.41399759046397033,5.009256419046766
12739,0.1776134487241836,4.820292662780021
12740,0.3268354447128323,4.993105778778881
12741,0.43802949470135033,4.630771927540023
12742,0.3193086020576217,4.797388769397601
12743,0.2637264202815979,4.691941680311107
12744,0.18890980346792086,4.7799290048041865
12745,0.18918267954983992,4.87564920972801
12746,0.1924400611424819,4.744489397119844
12747,0.15717095480887244,4.768657691505114
12748,0.2968047915674321,5.059233480371104
12749,0.2340440444977676,4.532941515204758
12750,0.3267096092181696,4.842540304305567
12751,0.2923770004622974,4.837210561076093
12752,0.3105924948000338,5.039063439669782
12753,0.28107962527079344,5.367696610213448
12754,0.17702296974433862,5.2423604255648115
12755,0.166033412233215,5.403889605902821
12756,0.35339192985840984,5.046852622988505
12757,0.2126525039318219,5.123810669926803
12758,0.2997721414807788,5.127110356675741
12759,0.22290265140554788,5.094644359492291
12760,0.1921438155614752,4.9905150184680735
12761,0.11120043573636784,4.892820494987733
12762,0.32977694596085017,4.055474755996178
12763,0.17487883817121253,5.054989368112848
12764,0.2962201757348333,4.924721059575914
12765,0.7353078879883737,3.0150355446248867
12766,0.3371015914932214,4.9852560084515485
12767,0.3189069917265468,5.074310338972818
12768,0.3010527090390076,5.118486854547983
12769,0.13352814772687727,4.9014484560656335
12770,0.2591486795838396,4.8161238814832785
12771,0.2313417623478844,5.236179561538936
12772,0.16002218083016695,5.348859323246469
12773,0.11564210466179858,5.177785763220619
12774,0.3625511026244306,5.049666267461532
12775,0.2556338295657141,5.0694599932363005
12776,0.23006211742749305,4.7573686164180895
12777,0.4399426023430242,4.855221102567429
12778,0.15667363698975323,5.164626234902814
12779,0.17654582995390533,4.818291111251352
12780,0.3506842007198576,4.3357319877495915
12781,0.2258028812424313,4.940502673487357
12782,0.2369494396607692,5.113157890674991
12783,0.2556013012822451,5.027380953735543
12784,0.13259406128743056,4.9959293987061315
12785,0.31592326978387963,4.711324318935377
12786,0.3118988256983455,5.023412076390219
12787,0.2638563854591789,5.078210752418526
12788,0.3323838356096074,4.844540946830085
12789,0.27473381343125425,5.0666294898535735
12790,0.14321782038089603,5.094893915272456
12791,0.2346291759915482,5.074740330882994
12792,0.25740206395662124,4.407541443551315
12793,0.28960832927992497,5.113403809180026
12794,0.2638946570724565,4.903087294141537
12795,0.2188826455038022,5.245874319278636
12796,0.3443723369004379,4.298216644926871
12797,0.22163689072860926,5.016240327911214
12798,0.3141986767356073,4.639288058471074
12799,0.1678364474323648,4.43394774703056
12800,0.32084845602003265,4.863412813711578
12801,0.3167974368478521,5.076472536297674
12802,0.10838797364032371,6.102244066402642
12803,0.3168245888463448,4.911833293049215
12804,0.3333909329569167,5.410598996307332
12805,0.3060535025936093,4.586862071957416
12806,0.24088453159342604,4.675652168215327
12807,0.23922790440420094,5.0905664577624865
12808,0.20652929913899087,4.8794443896880235
12809,0.20653498399214532,5.267385913891056
12810,0.14038411581844934,4.904838197701142
12811,0.31029220668635915,5.445776836668621
12812,0.181882193207763,4.95225810875664
12813,0.33586083637111797,5.001169302171347
12814,0.13284580946633207,4.889821861214774
12815,0.21168279142136792,5.157245521822373
12816,0.25435461173262897,5.109034263311463
12817,0.2222819041910551,5.089836801450174
12818,0.3192631963432315,4.944265574263014
12819,0.24852841670720727,5.399811398020207
12820,0.5121613586919083,4.574772074093518
12821,0.24917232958111546,5.07769205723041
12822,0.23015963011613327,4.211102103546525
12823,0.18004283204855964,5.063595650584167
12824,0.2252624134351251,4.75671643073456
12825,0.17426293569895268,6.442423421281092
12826,0.1831438194167192,4.997139747865642
12827,0.10987072063057535,5.947340651820019
12828,0.41427062457397645,4.845791158428385
12829,0.13024244744574442,5.30783164648704
12830,0.1492149485822729,5.210950177331917
12831,0.2267031362767402,5.036703935397284
12832,0.3445028342171559,5.002525500308961
12833,0.3328230167013084,3.7058540153882458
12834,0.15203878456363018,5.245153587244955
12835,0.2796357812509316,4.9405156658617155
12836,0.6590489470106693,3.6362148474589517
12837,0.2560482440885612,4.777787482049076
12838,0.12350786678913739,5.3199285914817285
12839,0.3012279432999263,4.505401917231655
12840,0.23294449031050934,5.0
12841,0.24546560135114137,4.834739747539762
12842,0.23145803793924813,4.962229368265394
12843,0.2718978846225242,5.316271779527764
12844,0.17624911752711747,4.816128108159354
12845,0.4016440146099294,4.961064083471856
12846,0.23567715415032087,5.167554429520802
12847,0.3039011634854345,4.893198080630228
12848,0.26049515261211575,5.001142472756159
12849,0.22965195404131422,4.92716837122722
12850,0.36944095002532085,4.48517159994358
12851,0.37579922653994413,4.802834501188471
12852,0.2815813985701845,4.653539253468546
12853,0.21130880698142396,5.028270385629741
12854,0.17736150353794122,5.239424206787744
12855,0.30832196153104796,4.965034624010922
12856,0.18935757315765978,5.11765399827568
12857,0.2943571130482081,4.460377480894149
12858,0.23284989253540167,4.9021977836468
12859,0.16133676486543091,5.374078328290581
12860,0.33440867360167825,5.036224474007813
12861,0.26532414372884294,5.343504803535577
12862,0.12711086367489322,4.842271154163944
12863,0.31720588412750295,3.4449962376308108
12864,0.15552761278726224,4.933753680394881
12865,0.1984967050669244,5.312286340002803
12866,0.23295418954293634,5.0
12867,0.2101188626976167,5.091418982673508
12868,0.21971845165955406,5.004540527316799
12869,0.36972555053821443,4.963908668902741
12870,0.15101410437108131,5.253805936580678
12871,0.3598681111002273,5.086513205288989
12872,0.22153881510393325,6.485370972459501
12873,0.3183630412583578,5.037042448143403
12874,0.24704306023456857,4.941474811106508
12875,0.3741760186367151,5.004773186077092
12876,0.17067872036986653,4.924578690719894
12877,0.25663750716283995,5.2439499407427625
12878,0.24163818338290355,5.248531511889301
12879,0.3128880028967618,5.00311533528448
12880,0.27105473266701186,5.120668057916342
12881,0.26169298171644817,4.9602421332569335
12882,0.24507457714129144,3.5061123735218924
12883,0.2067415677806579,5.467367709869597
12884,0.31770556932631333,4.959654536814133
12885,0.37612361847136877,5.028077176955383
12886,0.2860115483598811,4.94683601942385
12887,0.49583815461657244,4.474486533803956
12888,0.29146340562056294,4.953893418936781
12889,0.26963265697830163,5.133819572230349
12890,0.0968829786511245,5.044737763163232
12891,0.16040348174419727,5.525157940456618
12892,0.30689422370745034,4.687705992553859
12893,0.17844732218838955,5.053187971918449
12894,0.10705749310879242,4.738685915294356
12895,0.24343014306128663,5.219542101356485
12896,0.3053749582369425,5.059425307528036
12897,0.33387045256037506,5.679124952849834
12898,0.13007796646142666,4.883165248535519
12899,0.29267497214438953,4.976482969895892
12900,0.19526604580259566,4.884352838065249
12901,0.1898495273404479,4.806979633193462
12902,0.3205580878975356,5.052951871935276
12903,0.21792089766893508,4.815188666128565
12904,0.18151916971785176,4.811962289164677
12905,0.16705362102903365,5.165420405742225
12906,0.15642371512141628,4.991720342461283
12907,0.12390714692774596,4.682048977325781
12908,0.33919134721607436,4.790458292246642
12909,0.23499858258829698,5.132283020797095
12910,0.2979034950812698,5.076209625887991
12911,0.08944990220429716,5.142035920712313
12912,0.16515207294275647,4.966841008239955
12913,0.17543598379416991,5.037204636393815
12914,0.16182399944234005,4.9916089392394
12915,0.325581021766163,4.936835887119502
12916,0.28243108090006297,4.790271203511898
12917,0.4625528898625151,4.727513474092149
12918,0.21820763048741498,5.175040277133336
12919,0.425321560211539,4.919625133357872
12920,0.27405821688557364,5.316649149915875
12921,0.31692460817630375,5.013367003263953
12922,0.30898347444103225,4.52602568804342
12923,0.20746469656857802,4.969427233278525
12924,0.2194207122728793,5.005362686340771
12925,0.10251710777567391,5.084182855619845
12926,0.2758757203020077,5.156205606155497
12927,0.22402030227644487,4.998991458183859
12928,0.3126766205076499,4.642302275564143
12929,0.15911305419383925,4.985344971243064
12930,0.24413376848919088,4.986877597327508
12931,0.08307057053207845,5.136698634508257
12932,0.6131435148653195,4.231069494260629
12933,0.22929355489979386,5.027483947900873
12934,0.2957259759138735,4.86866230659686
12935,0.18358960564278837,5.0607667807072865
12936,0.36303178943975123,5.03669745688053
12937,0.1840010941284076,5.086725075827836
12938,0.17660127245889634,5.190605081078807
12939,0.36175349668145396,4.882055211447831
12940,0.2518658928675357,4.991820315327038
12941,0.3913266773778341,4.840300635688468
12942,0.27239440272546833,4.841118700956555
12943,0.2140992800467587,5.079828627521019
12944,0.16067479098366322,5.322522695036467
12945,0.2677875317407059,5.044079628456926
12946,0.34220029204064106,4.795242387018552
12947,0.21917660549174256,5.071443650379566
12948,0.2387577090629689,5.018808740037777
12949,0.23972201345667332,4.982416221178774
12950,0.1482575959429997,4.970968842582426
12951,0.16646680475865727,4.407410965342811
12952,0.3374726616028445,5.118762811883055
12953,0.3441238182504387,4.951451430144163
12954,0.4932451371111801,4.0263062675189065
12955,0.2471801569170009,4.54850945754357
12956,0.2382493509461714,5.347499802190807
12957,0.2785167521915035,4.805752870101054
12958,0.311325875639509,5.093572372111597
12959,0.27970173234015694,4.615799763611106
12960,0.32376297822237543,4.817198874764328
12961,0.2563720521234829,5.321573171265932
12962,0.1804293498664742,5.038855384303531
12963,0.2677306522207623,5.223857474950506
12964,0.19178005690007005,5.2391889468291275
12965,0.10939397367074077,5.163200083276198
12966,0.09250887346044578,5.19656751725134
12967,0.2724215576878164,4.9666204168957595
12968,0.3994116566328856,4.451426121658768
12969,0.2912053582675025,5.228797551018092
12970,0.2154527497741323,5.246809641446175
12971,0.26044593048584885,5.157136910810056
12972,0.20435511652784322,5.21157070683131
12973,0.16771786708240066,4.304687164997061
12974,0.09241190867215021,5.218823392703147
12975,0.21184140120268946,4.879680348491835
12976,0.1255604680427136,5.21246066344589
12977,0.28958758546201113,5.203748644070396
12978,0.22358460874626962,4.979187234367641
12979,0.1746722098002147,4.718742886311942
12980,0.20858051138796108,5.043181353464696
12981,0.19544773272483695,5.384541426146754
12982,0.19636622778328805,5.368919902042091
12983,0.1348810832191143,5.156582689085809
12984,0.20855415157823953,5.4752398314943385
12985,0.18066297361864136,5.0409170806752535
12986,0.13815817612051107,5.052333654092376
12987,0.1735938782524693,5.190059024147882
12988,0.37422679678732496,4.102587456878881
12989,0.17232461884328742,5.1449992832106695
12990,0.4268273812108434,4.66631190684768
12991,0.29730063307361254,3.9213969143465466
12992,0.12601367814626285,4.757431611023621
12993,0.16910348946659304,5.486042319318258
12994,0.2739933617536874,3.894479046763202
12995,0.14600418108993618,5.186745687516723
12996,0.15929205864405582,4.943397763498787
12997,0.23295280119836093,5.0
12998,0.18357475426390213,4.9793459228918735
12999,0.18406845866162302,4.8726464687500926
13000,0.08222310948576772,4.977290271392807
13001,0.15358002397588533,5.116301030678487
13002,0.21126606566840866,5.30659997102874
13003,0.07323560290455422,5.824211478538848
13004,0.27518510468733925,4.917659741553981
13005,0.1634331312662758,5.131159977545252
13006,0.23759745577351543,5.0309986745994895
13007,0.13068746080977367,5.143710406667301
13008,0.15319175854788902,5.205001757588006
13009,0.19199514846648724,5.646769312356064
13010,0.22692074398078677,5.401364005829485
13011,0.15972563113717064,4.834037844895036
13012,0.1865232028496122,5.298914200567699
13013,0.212476241886697,5.096972678801324
13014,0.25876384146282017,5.331179516598938
13015,0.09607645890544969,5.347416207031879
13016,0.15445578596509035,5.278860418221827
13017,0.19822984577403968,5.205848022521575
13018,0.10535142987172308,5.2636536260511235
13019,0.17939170769051493,5.259568292438654
13020,0.1485508539399678,5.176741080979488
13021,0.07001236493417151,5.04935409527274
13022,0.15294342444722664,5.124892857348344
13023,0.15189441501394452,4.929309043585484
13024,0.17992140621479824,4.758288648879168
13025,0.15807625229847155,5.249826804517204
13026,0.13197243033578832,5.065671616771263
13027,0.21524495162534008,4.5414568417283885
13028,0.13305138833274288,5.018089222896611
13029,0.10617124177092085,4.897177346591972
13030,0.17025863142091535,5.231667640733377
13031,0.11069220165745519,6.031974962212034
13032,0.1581446226200398,4.6188094217875175
13033,0.1985028450767794,5.034010989280677
13034,0.17485210788071703,5.002557925196696
13035,0.3590697527050424,2.8757383861447527
13036,0.16786989910350059,5.552297575305376
13037,0.30010666790521157,5.0745497019295005
13038,0.12658724716015812,4.938968838374178
13039,0.1748833874621989,5.166870371709704
13040,0.1697696952151444,5.161943330435372
13041,0.20379735520139186,5.436191343506636
13042,0.29282668942833046,4.303395040116351
13043,0.1915222772249845,4.955670523596858
13044,0.19981278382315382,5.131304503729037
13045,0.1898096073136346,4.912195639835888
13046,0.06396921625521634,5.1983165418177535
13047,0.12795201752635066,5.073792924136029
13048,0.2126951294022945,5.167547999819995
13049,0.14212599384229674,5.286023681138774
13050,0.18570812325521424,6.421536009507918
13051,0.1301247261950811,5.792721825182046
13052,0.19043861461796263,5.09685378994293
13053,0.22769900097182094,5.3296844253236575
13054,0.10451481233474347,5.408566578083294
13055,0.12919408865286686,5.283504264988199
13056,0.20885170733329494,5.413479929079736
13057,0.18040881756195115,5.174075261770481
13058,0.3681144841904822,4.943056371832828
13059,0.13339478683155626,5.113974673674955
13060,0.14236789046659348,5.1607535573917485
13061,0.4187170824992419,3.381432373310025
13062,0.24937755357784863,4.07424046358722
13063,0.2137160227595769,5.232045582800122
13064,0.232470395770912,5.18308476131609
13065,0.25904077942939785,5.278527324377338
13066,0.27211431897771177,5.196086354283382
13067,0.193259614661226,5.274362608762058
13068,0.19317528166292908,5.164124119069955
13069,0.19894216428478173,5.299052464559582
13070,0.11072884419546547,4.874297977649729
13071,0.23294773236674948,5.0
13072,0.26032201942400524,4.08840435135577
13073,0.20399419122020968,5.011608535436105
13074,0.5513204537338623,3.25892587190018
13075,0.12052062049814216,4.950539600953565
13076,0.09068084258599352,5.07099126369476
13077,0.22478191238458334,5.4189134765636915
13078,0.14207639835259256,5.129505786564925
13079,0.07256549748134122,5.23856120435485
13080,0.16524067757289607,5.238068430027605
13081,0.2902480445022835,4.9133367581182785
13082,0.18095241912610271,5.3465190226276516
13083,0.23754207812760053,4.6507591360018985
13084,0.3122933720216243,5.014923032021841
13085,0.19372001601749367,6.019379983262869
13086,0.09119320922317597,5.326881735814117
13087,0.30920436286655173,2.8996982170499175
13088,0.19981232869214338,5.141592436546976
13089,0.2947130507949397,5.15996252944003
13090,0.25253273283275424,4.64724855396299
13091,0.161599500283097,5.260479908392597
13092,0.23416452951955025,4.383229484464222
13093,0.20394712670058346,5.5294811397002075
13094,0.2554509334652446,5.254367767258863
13095,0.18489440380282418,5.155056848249355
13096,0.1867802573989461,5.298202900993516
13097,0.2528732872018904,4.717809451863362
13098,0.1531800840621158,5.677257538462701
13099,0.22727677832227777,5.295061243507648
13100,0.23551189204784495,5.094310235378385
13101,0.22558665101367392,5.38101397027031
13102,0.2073558654954717,5.229258340592855
13103,0.0907033128171475,5.229202320948048
13104,0.21491510515081558,4.671826866075719
13105,0.2105753091277207,5.0431103954077106
13106,0.2582993932244051,5.234296808030576
13107,0.2223931003678694,4.930187320753747
13108,0.18178347027831054,5.20594170749999
13109,0.09224744783404915,5.007935317825316
13110,0.21358412479175337,5.292632765066356
13111,0.11081158462467111,5.321232096531352
13112,0.13081276024309418,5.134586216628891
13113,0.23046476289698048,5.171684026805963
13114,0.1741837678241871,5.238508931542141
13115,0.1914734202236852,5.184952408230856
13116,0.10551690417641812,5.296170371745879
13117,0.13235574852774734,5.07835811355144
13118,0.1917072303662457,5.2213009348841855
13119,0.14557199469904636,5.165553867104844
13120,0.1512820670620576,4.991468765027154
13121,0.14902856789361074,4.431675093379166
13122,0.3060249631290475,4.02361737392515
13123,0.13830325591406112,4.04198529686286
13124,0.14336661126929373,5.227256690474018
13125,0.20762401720603862,5.591699495206068
13126,0.16068116521286635,5.409121597123159
13127,0.2814132724982934,4.804390031268833
13128,0.252820145946536,5.649109433925794
13129,0.1544501036193433,5.1979006728921195
13130,0.12152410499073674,5.562063311870107
13131,0.1784768590535044,5.00522115929507
13132,0.252258290790504,5.215141961477592
13133,0.16563698283845052,4.9047185256717984
13134,0.1221210526973735,5.28880492580603
13135,0.3044639315179898,3.626727641199281
13136,0.14974014330619512,5.00390494086199
13137,0.25915876230562684,5.289007867930371
13138,0.1865205943098367,5.240592639384172
13139,0.21631340970803214,5.171957143219208
13140,0.16720488226286245,4.967584587599978
13141,0.7751298702835225,2.269071975327881
13142,0.22618066016716476,5.047028404259146
13143,0.6172049811560112,1.9448872753722046
13144,0.18982140698505678,5.130845558458921
13145,0.32020880660223394,5.079684171548129
13146,0.4314184471303515,1.243277360632169
13147,0.09570090106804319,4.699720522559687
13148,0.21006356484420685,5.540265140319072
13149,0.19137955615349012,5.180051238581687
13150,0.3437148141427424,5.069421651544017
13151,0.19220237595621859,5.154067729345622
13152,0.13433755172795037,5.246135833553698
13153,0.2636300563954528,4.7174500914341255
13154,0.23662541567902384,5.075671573818319
13155,0.14623681389829302,5.129392813719562
13156,0.17577164865106054,4.993354707664928
13157,0.06055396078363484,6.097296863275066
13158,0.19875263260330533,5.126196314475999
13159,0.13360488526657632,5.091943761643689
13160,0.2092298895361513,4.7247443028104374
13161,0.2130777837591633,5.188243697568051
13162,0.19926031623997287,4.832963371741821
13163,0.1824986722696451,5.087753760683746
13164,0.14284956581717156,5.11566062749357
13165,0.16651443995550963,5.496419386816038
13166,0.303209184603461,4.841511969916672
13167,0.10203751755734491,5.314676502992546
13168,0.230686018631588,5.85680443086857
13169,0.09410937089009708,5.286720160241289
13170,0.21132424666184035,5.100349951646308
13171,0.10010023742622853,5.098289208216551
13172,0.19831192419898636,4.939838401554502
13173,0.12241007200298548,5.27804338183766
13174,0.35213899358959444,4.5200692041987445
13175,0.12076421729732667,5.69224892306214
13176,0.20390900937119327,4.689480204896803
13177,0.1722554907738021,5.000026762965648
13178,0.1473736205699867,5.966380510709968
13179,0.3904666562849606,4.926363101915268
13180,0.3108754775995446,5.025254535564123
13181,0.24586500430969216,4.959479062581673
13182,0.27631426094858935,5.033968726087101
13183,0.36525420503689987,4.91459269370023
13184,0.44727370581226844,4.824280441212627
13185,0.17199229835359842,4.779414646226483
13186,0.21988135713909784,4.860343798538214
13187,0.2979707941893375,5.0424886709395444
13188,0.25770946486045876,4.9055444655977976
13189,0.08723800316264363,5.731408542386447
13190,0.25971179458108873,4.921581706427158
13191,0.2215236240332712,4.944021457691274
13192,0.19865800573934367,4.932425434117045
13193,0.39539665700847504,4.860613533697968
13194,0.26651389108311907,4.884588511969152
13195,0.14514676225349232,4.997862179861023
13196,0.28060390033514926,4.868091639026488
13197,0.3747207781914321,4.8975101480696726
13198,0.23295003892491373,5.0
13199,0.21032411058775824,4.672504694712449
13200,0.48634690180266604,4.994066768567613
13201,0.3169781597115806,5.226421311426019
13202,0.1936244108097962,4.923103757558156
13203,0.24962960502610443,4.897391505296298
13204,0.17358894440529093,4.156870269389508
13205,0.17099379543608406,4.897010687390351
13206,0.49117573164954687,4.9518237489688754
13207,0.19659719547452492,4.672771434198939
13208,0.21217575622836304,4.9560789783743875
13209,0.2046204366401072,4.793700407330057
13210,0.28508135464998263,5.152771191157246
13211,0.22178343602154715,4.878167445744186
13212,0.25026790093983875,4.995821989264684
13213,0.14556320018622015,4.858882092328791
13214,0.18493561512749457,4.921564262425502
13215,0.18673936023767435,4.931991723964098
13216,0.11224920113221426,4.9121222386552255
13217,0.27846995809080677,4.901034712348604
13218,0.20876217156584898,4.928328525791068
13219,0.14015604257820446,4.951311952956967
13220,0.37401716207130487,4.960764787111112
13221,0.26180892453819027,4.954302975993983
13222,0.12528250151648823,4.898531685434744
13223,0.2183632997876186,5.001823030205763
13224,0.2115814570654988,4.9649896289479045
13225,0.18082836166295002,4.705703689445713
13226,0.25493840167080806,4.924624306309493
13227,0.2296535434779503,4.956778437746312
13228,0.37283865592613963,4.916140222125138
13229,0.11344604223833299,4.64039479794768
13230,0.2614221330873532,4.912630694641411
13231,0.2296696976546826,4.987376162616757
13232,0.2613840574058768,4.907453693493302
13233,0.4031111038736561,4.88729397072408
13234,0.3350317657773323,4.864164328794853
13235,0.2450135559231399,4.953245839617457
13236,0.3133714119891726,4.909977329106132
13237,0.10512542176532902,4.9778823384981585
13238,0.17426495905444406,4.9065924939315675
13239,0.19787086977819301,5.109607884030298
13240,0.3218727562019674,4.924359898898523
13241,0.2361863313486574,4.954700110369208
13242,0.24999307979998298,4.930173526696917
13243,0.32477744929671326,4.858450882463341
13244,0.3138733878220801,4.9060471757301904
13245,0.2987686438801149,4.790300446685594
13246,0.20379536239797025,4.956804851904355
13247,0.26980632098113033,4.919537223461887
13248,0.2725023570131728,4.893229197997506
13249,0.21871936447799767,5.244154734104995
13250,0.18209474182656438,5.389627246952795
13251,0.4200617287996711,4.95762723469495
13252,0.26878367058582664,4.845412870893595
13253,0.20365149060336285,4.814297001361645
13254,0.1558351538494347,5.156170104887057
13255,0.23742445277582713,4.904443500665758
13256,0.10007028212584745,4.922520594475488
13257,0.3578519027159117,4.979601373127984
13258,0.33758676680865296,5.005943848469148
13259,0.29515702750484896,5.10232693638045
13260,0.21260157941869862,4.9749007411243085
13261,0.139777128092762,4.926657650761319
13262,0.24337469809901435,4.872622581866066
13263,0.3120843288404602,4.3887676626799
13264,0.33366105249120714,4.950208983224407
13265,0.20616327116226274,4.887585271958397
13266,0.20460618971819344,4.891269867091159
13267,0.1680766541117893,4.780222167184762
13268,0.2478716757822823,4.891157990538666
13269,0.30109478266029255,4.927448556971088
13270,0.15821578442559447,4.9232941122260065
13271,0.23116041298548673,5.12181874285063
13272,0.3244288611772088,4.914046346357059
13273,0.1535619237227741,4.924288920081805
13274,0.2214179754281509,4.941914457692684
13275,0.23295035519749674,5.0
13276,0.21492013418421774,4.957600117056051
13277,0.4025241976230287,4.996453185326262
13278,0.251751533213022,4.816000708991455
13279,0.21825651101165433,4.9624514096608685
13280,0.20269413351793975,4.946222580147639
13281,0.24420309855571065,4.903583767856032
13282,0.4312697843561353,4.906885938169729
13283,0.3231321529246618,4.890920405820083
13284,0.22677167836324186,4.88273141260656
13285,0.3117907579295174,4.994989521423747
13286,0.11553141520648391,4.929623079813963
13287,0.2314807951260176,5.020103764738417
13288,0.25554943611336634,4.9181248086334595
13289,0.38538113973521004,4.913510833633881
13290,0.24947031715955625,4.995521159846517
13291,0.2525093050621847,4.753551822079771
13292,0.34342383064377,4.746215767192332
13293,0.2867174800780352,4.937082280820473
13294,0.1788260705293716,4.860275143538386
13295,0.17972465815608518,4.91017582276867
13296,0.17454488665693701,5.017741678628198
13297,0.27662238417140683,5.000052072526788
13298,0.3282723679955706,4.996244754095764
13299,0.20290549427350135,5.25536986649362
13300,0.13402389272516135,4.8494383831644505
13301,0.15644605628953023,4.90464599840883
13302,0.5547984430815247,4.912647230288227
13303,0.32138025285345173,5.4215591620458525
13304,0.2596265284704733,4.931682840478935
13305,0.3189579769854336,4.940355508351519
13306,0.2697878536723459,4.916780538369272
13307,0.10826338839157756,5.022459951244844
13308,0.24826218014856383,5.040447821267069
13309,0.31446683883186255,4.937650200317467
13310,0.24198479066726697,4.9110551517672985
13311,0.24120237692729996,4.97331333505131
13312,0.3718135161789293,4.991542254865511
13313,0.3536301057455762,4.939863595459411
13314,0.26188125291460573,4.8525433754083025
13315,0.2042672013815019,4.590219457746771
13316,0.15761627234729136,4.8896538023061975
13317,0.5654912709458955,4.904557113605277
13318,0.2205326822153928,5.0208250521901565
13319,0.3567243647111975,4.862700576764141
13320,0.2990421335474569,4.8642129270027645
13321,0.3585266479076308,4.93629947611935
13322,0.14615866788431697,4.861858132042771
13323,0.2449771638273308,4.912615140262275
13324,0.41058582143926214,4.898482425531965
13325,0.2751580395403872,4.902358905067521
13326,0.46788273499514066,4.910846191944174
13327,0.2591828304455728,4.918092198769477
13328,0.16469690357399824,4.973243787757049
13329,0.25640490639978664,4.995686074593859
13330,0.3295970597176725,4.909033690963387
13331,0.3016367912003759,4.9217454195773325
13332,0.18616993613592525,5.0514909647131745
13333,0.3609103395313016,4.942789380612451
13334,0.23091477145591188,4.9797648154318885
13335,0.2105035268751716,5.004095543895657
13336,0.24893207257532945,4.9196356412111
13337,0.23414472588475155,4.773234153701802
13338,0.08899031874021368,5.353664457871048
13339,0.2440409523046423,5.1273615824284136
13340,0.27018243841477463,4.94635728591776
13341,0.22459482992585533,4.991110827351326
13342,0.14601419321802211,4.947859115234259
13343,0.11659748345647714,4.96947111944551
13344,0.13506595052961812,4.951338850122404
13345,0.23072913357609215,5.071637093597161
13346,0.2414135179417669,4.9818557593847945
13347,0.2657526631839655,5.07149406659436
13348,0.2769819897076997,4.859546588454986
13349,0.5595298751026372,4.89836192608184
13350,0.18699294941987477,4.9087396925297
13351,0.37539588096528087,4.694285609769393
13352,0.2957572429302533,5.010052818959103
13353,0.3825515661840795,4.842347921364594
13354,0.22498417800097026,4.937812394121561
13355,0.366098071797728,4.89338202030261
13356,0.3107183944584675,4.878566684648771
13357,0.2021787584925261,4.849142864643987
13358,0.30769949485810133,4.804888455245155
13359,0.40643324631767697,5.088199342763691
13360,0.3781627151018583,4.953484458808282
13361,0.2798092617453267,4.000531960820144
13362,0.23069949384084842,4.8719496994989875
13363,0.36819640834059486,4.831524305610904
13364,0.4677697954532145,4.891211480003372
13365,0.1472081195784316,4.80546799926195
13366,0.2341063102374601,5.272197629527131
13367,0.22184234507996958,4.932045734731734
13368,0.33555142489250667,4.917356121522314
13369,0.2733048419085611,4.858408580907101
13370,0.11730541474607104,4.933478493048948
13371,0.1468410027929623,4.544029242318404
13372,0.3610750312263944,4.9101110307681495
13373,0.46831733920676455,4.828847037234434
13374,0.47016238675319677,4.909866991422289
13375,0.38222971647345516,5.036919506158162
13376,0.2074146599212785,5.101454253343984
13377,0.28732854903587857,4.9144483299094155
13378,0.24941478298218778,4.9158278218908436
13379,0.14483297202993684,4.872286063239004
13380,0.1741138538168201,4.990318549720678
13381,0.5024173940783079,4.764320549648318
13382,0.20428527486359216,5.127537349711417
13383,0.2509181340069988,4.911135526878461
13384,0.2553584731102765,4.980398697185597
13385,0.20783285461105638,4.802196389783742
13386,0.22835959012297335,5.056734426606706
13387,0.24014938850842005,4.935524489417551
13388,0.22317074787067748,4.948674688811021
13389,0.2709967510533262,4.981737785464873
13390,0.3370490363345211,4.9542973466224804
13391,0.2905012804634992,5.023569383776341
13392,0.3067052549770177,4.784299214451835
13393,0.28870850194858777,4.785217998386049
13394,0.1784657811535475,5.128489085780865
13395,0.3963092065901215,4.940366373657481
13396,0.34664573505002916,4.947781749413496
13397,0.28424219859172095,4.915915580087358
13398,0.1913242857970423,4.911507585722834
13399,0.33782930612876383,4.796963039935491
13400,0.45066268514441243,4.027041474249531
13401,0.26779945232606606,5.041868198203545
13402,0.27473286155737586,4.774157657310241
13403,0.18202550992980315,4.907906353117051
13404,0.23667622493350615,5.069215983929061
13405,0.24539804647780383,4.834746871043096
13406,0.24339847851751917,5.016905124973183
13407,0.15193307284257584,4.9155598468394945
13408,0.2870032684297117,4.742114411165339
13409,0.19919683110340514,4.917440960326509
13410,0.26450832916689326,5.06704205734648
13411,0.345608050454564,4.514781438003945
13412,0.36677776227016157,5.166485499301681
13413,0.3000176382040718,4.854592136348543
13414,0.26571476446929454,4.891652474744355
13415,0.2798884927821388,4.9700774166750605
13416,0.4304587770866224,4.884216218390991
13417,0.28627256178366056,4.971814957142113
13418,0.3084228671364362,4.771380793731197
13419,0.21167637163481867,4.55226871323279
13420,0.1444832682166206,5.011840308552333
13421,0.21418822965821116,4.923622666595646
13422,0.2671259222320521,5.149948847938131
13423,0.08444766219151023,4.7072791270522
13424,0.3651520256942091,4.983738346885085
13425,0.39212470306323266,5.002383113676379
13426,0.20477711505005813,5.078118697824179
13427,0.30661244257888365,4.924862345269787
13428,0.2794371006494891,6.28351795750115
13429,0.19940629175120717,4.786169933673188
13430,0.2579014865642657,4.769844007413946
13431,0.2329503269352664,5.0
13432,0.19362789019757476,4.833020711446743
13433,0.13420394521679513,4.788629002684743
13434,0.36559633996662866,4.951200805289
13435,0.18570410697220896,4.828972123965896
13436,0.4432131682193139,4.725909966127055
13437,0.15792026440066942,5.1953829941833085
13438,0.18458529249034306,4.911885429163805
13439,0.3436267173724159,5.0787344039284665
13440,0.082249654729867,4.960932451935198
13441,0.19047911001383921,4.814665435237604
13442,0.5183334280805787,4.981911066482443
13443,0.2168367224380705,5.015482340373838
13444,0.4062296518057902,4.910642651158481
13445,0.2533158921175558,5.032134844413481
13446,0.20020801876426653,4.894589803528957
13447,0.2141958290890531,4.9197643062548035
13448,0.3323009092089191,5.047004273143951
13449,0.6820444010810023,4.86959222426278
13450,0.28979224471303633,4.852060554767181
13451,0.2638603018801877,4.967852705248559
13452,0.3370642877249588,4.866208586825458
13453,0.5096982107525279,5.054997059209336
13454,0.2826138644741869,4.865851514413686
13455,0.24961061756358682,4.898510414515487
13456,0.2903604429445992,4.928552259920735
13457,0.1841292994184165,5.087345874991671
13458,0.4394057141851391,2.5457709961680264
13459,0.38848630606077017,5.047541577320187
13460,0.28030934310691236,4.636134286777862
13461,0.3049354980680621,5.072686231424823
13462,0.12223270892065163,4.981798264217465
13463,0.1465381339335674,4.773358841636206
13464,0.46581146836938814,4.617896704893898
13465,0.2251131914482618,4.977669732982726
13466,0.3284396721865588,4.944492625200239
13467,0.37623981615093194,4.795130092553457
13468,0.2668943044903054,4.85228409183188
13469,0.16718442824442215,5.029228750843648
13470,0.08665455464328153,4.8477600466222
13471,0.22895093548902135,4.849223139825041
13472,0.14909851343599567,4.904016369098825
13473,0.3065575753196672,4.893215230848327
13474,0.150034038416758,5.080203125265799
13475,0.2517901755858305,5.19531466011574
13476,0.2844384314380759,5.004081596781971
13477,0.23591690594137793,4.983946390435143
13478,0.26266824348807893,4.895220228657555
13479,0.26424436599120926,5.046422306746754
13480,0.44889590992656925,3.935035886218028
13481,0.25500373644612817,4.964885868488258
13482,0.12274204700709856,5.047546753778844
13483,0.21899197802062687,5.738878527775189
13484,0.2965566829705599,4.864608046945191
13485,0.24366532227940896,4.911689244779733
13486,0.4120451957325004,4.378278891698715
13487,0.35704760615533004,5.011788869806573
13488,0.3811625387294668,4.979213576204069
13489,0.23294997525266337,5.0
13490,0.40393492164782474,4.8972587021717295
13491,0.34394057359283314,4.9994510839369255
13492,0.24811703843088595,4.769450166833602
13493,0.3175231356425836,5.0108032778581
13494,0.3247247223059462,4.086616348000707
13495,0.2321948130040805,4.942330074702781
13496,0.2401513226239822,4.945041904982332
13497,0.3531036400505285,4.956643443767925
13498,0.39623869816147295,4.681304005442426
13499,0.3829424740112859,4.9823721721960545
13500,0.2912927073346747,5.008445786603684
13501,0.21809673326725787,5.0792882293698405
13502,0.1358902694454196,5.400866518477567
13503,0.3671495091710808,4.90877655963919
13504,0.17145572524166863,5.04970290845332
13505,0.2140043000616454,4.938869461372368
13506,0.10645778619854562,4.815098913146922
13507,0.19436868838429167,4.907874430467096
13508,0.2270821232806559,4.844406903542842
13509,0.3089019512336011,4.873125757394536
13510,0.24310783536487968,4.870366153089858
13511,0.28068587278444435,4.559520288907626
13512,0.15296846642918482,4.682548612910704
13513,0.3209555276267857,4.828411017004592
13514,0.16684961255382014,4.854749766390434
13515,0.13389729392095595,5.012412700779905
13516,0.18670144305493763,5.230551789550049
13517,0.13169770053197372,4.998264543547295
13518,0.491582251305432,4.9263770409716034
13519,0.4232759930879768,4.845385597894705
13520,0.22447420596576872,4.93682279254303
13521,0.1782959534897084,4.663779758037361
13522,0.21833121381524268,5.043614424676166
13523,0.3337675155473643,5.571156106451554
13524,0.15319762102809542,4.722269896954323
13525,0.15097228043342148,5.964522798207197
13526,0.2492207459286313,5.369740447617275
13527,0.28794173853442606,4.881290897877424
13528,0.15177364917550573,5.0416370584803705
13529,0.2849731330432601,4.755098530047013
13530,0.15288634832831827,6.236691529136964
13531,0.3638069728803637,5.189324607039669
13532,0.1386796075951009,4.843617517065182
13533,0.5130377228020306,4.990636847635379
13534,0.3409098293570294,5.02390909526893
13535,0.3152232998131468,4.8604622549882315
13536,0.25337778088698126,4.8986800314720735
13537,0.23604290731644872,4.860262040834282
13538,0.24166103349189227,5.460644184117713
13539,0.220410912091473,4.134007313994186
13540,0.06447233261265595,4.76663075132671
13541,0.1798062103097715,4.976408085005515
13542,0.36279231721365246,4.897489098566545
13543,0.1523523428449467,5.676083625192723
13544,0.254858961353728,4.926731716833119
13545,0.35828927395397936,4.92512479947778
13546,0.35188101774133695,4.857892406799023
13547,0.18862046195599547,4.861840369091839
13548,0.21923336920721082,4.98087717479744
13549,0.3583663621688009,4.960593076309534
13550,0.15730044971868296,4.777435450392655
13551,0.27644305833911864,5.164626116608755
13552,0.2150077528850316,4.854259233421736
13553,0.24441767467383335,4.775412066300735
13554,0.29175097238810244,4.961198101774675
13555,0.26715289789300756,4.795684227725152
13556,0.24249425598408147,4.910408360296126
13557,0.2807244367638657,4.801596703133679
13558,0.12560168222548995,5.039970348309941
13559,0.20965508420475265,5.02708657419074
13560,0.1717013912547407,4.65010733110252
13561,0.09588211894611076,5.0246152673227495
13562,0.30407967789312473,4.9356707923687
13563,0.14985910876364583,5.033599233146004
13564,0.37342452090097344,4.895473538682618
13565,0.47481283441061173,4.549514695183792
13566,0.29693331696583103,4.830374295692534
13567,0.35415666376986343,5.1159944969616955
13568,0.30378270986971767,5.180268014130878
13569,0.27194213908421383,4.70511966716626
13570,0.3311251155377364,4.830882028607091
13571,0.1700371714049036,5.4705980166450985
13572,0.2811597876717258,4.890911359290913
13573,0.3716559482997073,4.527386254384318
13574,0.3603577052314946,4.917229884987897
13575,0.4456946652782092,4.7422356409756095
13576,0.33653928106890496,4.731892317392248
13577,0.21968640155725838,5.036795603576909
13578,0.26482736945627305,4.768424627180341
13579,0.15476696076354446,5.085273662010241
13580,0.26227582495153,4.800176801221658
13581,0.3165930299278701,4.731685591729695
13582,0.28729893564400855,5.272954845700353
13583,0.22994526753181166,4.872866808276868
13584,0.4268608680925787,5.041310954254099
13585,0.29156061214964724,5.47611283829295
13586,0.3350069283501138,4.892967804617969
13587,0.28224134011184865,4.878960711486897
13588,0.31105304261185474,4.799693228152098
13589,0.4643095033539122,4.8941528639153375
13590,0.21603452601075634,4.961763227866864
13591,0.1840094936211032,4.982032129996066
13592,0.22358917180610716,4.744868018445123
13593,0.29981433972258564,4.867114875446701
13594,0.2290236541553612,4.827510792043714
13595,0.20557914343241324,5.045531479223495
13596,0.1707243466174666,4.955747465978622
13597,0.1823071029565766,4.988286029547622
13598,0.34133591778639505,4.921901269211348
13599,0.4179138684564181,4.958662758122827
13600,0.21364562783218166,4.768452504302871
13601,0.370139651463701,4.894687466813306
13602,0.2808871028451103,4.859999857875028
13603,0.21636316318117,4.919816595198032
13604,0.24284559001643458,4.546807955816643
13605,0.3991511327481134,4.87266250305745
13606,0.26128608182851165,4.788081841520437
13607,0.2775573670009499,5.665868048404059
13608,0.1925741818931952,5.2496247530741424
13609,0.11314317214847591,5.078219766954142
13610,0.18943944571849847,5.018656722487709
13611,0.15738201063791268,5.061338164172584
13612,0.12070246209006807,5.091653597912691
13613,0.18736877569917199,5.045507558982347
13614,0.16645766614276603,5.070680834109389
13615,0.09176828418149441,5.044987169465314
13616,0.21151405633308584,5.02366233814028
13617,0.2501172890682357,5.09027380736919
13618,0.0715573813479714,5.01074619665598
13619,0.14030893893891683,5.061053108305087
13620,0.23007891920429557,5.095902017229621
13621,0.15341877710758411,5.0625024731759005
13622,0.2276664172144771,5.073266208467757
13623,0.2778135029012053,5.073686318287516
13624,0.14776976660184227,5.039049778198361
13625,0.08101605635964892,4.959875934182181
13626,0.1405696013407325,5.023830304406998
13627,0.14465238888521936,5.22385773110269
13628,0.11482997782346094,5.082323556523898
13629,0.2014596078241938,5.06930319021154
13630,0.2250677781509034,5.042778781037871
13631,0.10273477883899096,5.1008813508853645
13632,0.1003035630768323,5.046737129172421
13633,0.15710263192785257,5.042912063660783
13634,0.11168348433835806,5.149546653528603
13635,0.14613025468603547,5.079343301888839
13636,0.07601939953528869,5.010255988728849
13637,0.2662159497447526,5.074049519135446
13638,0.1434315636874871,5.019826104319067
13639,0.17723082438944582,5.100835253571043
13640,0.19515493990610366,6.10871329721701
13641,0.2015177230102796,5.069594960607109
13642,0.19303563180009498,5.047848943402045
13643,0.188095363325546,5.066410446595695
13644,0.12828437826937034,5.070862532554932
13645,0.22319570233311137,4.986534621290071
13646,0.1947461033901725,5.111998280454504
13647,0.06272583062727466,5.094284193160634
13648,0.33143442459399175,5.060075984132091
13649,0.14605237575315866,5.483972251153917
13650,0.1296256101666885,5.018574388977246
13651,0.15601632723204228,5.065563955435044
13652,0.16325478369117552,5.064198880273452
13653,0.28294131363465325,5.140263029041341
13654,0.21766911300703007,5.06100248393853
13655,0.20534866833899934,5.078021291752712
13656,0.10902477112335118,5.111991605893147
13657,0.16698645986899419,5.050295284045054
13658,0.0986084238779461,5.061361898068961
13659,0.16817665827041572,5.065627485785136
13660,0.17882233546698012,5.068414911142796
13661,0.3103976785478477,5.025674831897549
13662,0.18504495085849648,5.04590444326201
13663,0.09262501489979402,5.085764522746938
13664,0.19556944276441635,5.0681931789913826
13665,0.18569720602250395,5.097047257939575
13666,0.14639334109055746,5.086790609671903
13667,0.1720123034835671,5.07533697327184
13668,0.1261235978397437,5.09008561110079
13669,0.2579482379979462,5.078481336647425
13670,0.22243538339523206,5.056638977325232
13671,0.10777171409505215,5.067931419294682
13672,0.3181701867717368,5.060392043987072
13673,0.14565874085473351,5.085052408524255
13674,0.17233226379535704,5.084613801168221
13675,0.05685518231169606,5.067843421357416
13676,0.06988899827877182,5.038321556121499
13677,0.13177914383056233,5.050662761441753
13678,0.16234869728903734,5.069562983241056
13679,0.16946472480922392,5.926608248365284
13680,0.12385293451426282,5.086229178834998
13681,0.19458011822332133,5.106327381471019
13682,0.21041894672141748,5.08722724738317
13683,0.04900705088268498,5.129800613490874
13684,0.19061149833315638,5.078460980356541
13685,0.15664085039864428,5.100977279821226
13686,0.1406044740238559,5.0535895575739875
13687,0.1341042565104099,5.0648630080888335
13688,0.09714507273037087,5.050582225965057
13689,0.23552336150013053,5.071037165507422
13690,0.21144014596119376,5.013707540455048
13691,0.07636208477525741,5.063980353061961
13692,0.2248885001641382,5.055614834606077
13693,0.2810386590385592,5.062607910720125
13694,0.13673711569490798,5.0988790442156695
13695,0.15171387577922668,5.095028358556393
13696,0.3255969826837207,5.074142316654857
13697,0.12903147289704742,5.057049020085911
13698,0.16037776774241697,5.021431131478975
13699,0.29677160569951466,5.02618091373165
13700,0.19646183447589471,5.053985753408181
13701,0.1430874100543893,5.062214140659895
13702,0.09874331648620538,5.184089829414074
13703,0.08885814016488391,5.070885625348804
13704,0.2383386075780355,5.079897256112762
13705,0.2826929434906602,5.06495023646556
13706,0.19359947040624848,5.1062998410106
13707,0.24121862742413236,5.111355645620934
13708,0.22428863011669664,5.082920467737884
13709,0.07780516758685896,5.037330427774256
13710,0.10867820419292906,5.012850205682167
13711,0.1314726423234034,5.042440861970068
13712,0.21931144170759953,5.057534897210889
13713,0.15508902180797324,5.075842546065381
13714,0.1983880134899283,5.074705011287586
13715,0.23147612348735547,5.0937822288685375
13716,0.3062693868804428,5.021623124232839
13717,0.25300771052378823,4.70935364074494
13718,0.23062311987106043,5.05919953435324
13719,0.1361019434945897,5.075451179173545
13720,0.16835859498432604,5.09900207396111
13721,0.12846130960764035,5.065317086414458
13722,0.22083736743513582,5.12521734245956
13723,0.3365965345336426,5.080239917557927
13724,0.1784893780034672,5.029688082200812
13725,0.13167224366013186,5.060607415829974
13726,0.07910007953070197,5.100680278178027
13727,0.13709441197937988,5.07809211089322
13728,0.21760457829052293,5.080740235910621
13729,0.10711258226709619,5.045946770482388
13730,0.21859992587381272,5.061283906069827
13731,0.0779908245455796,5.050093974613112
13732,0.18246698483588708,5.082431869537922
13733,0.25600770908991144,5.083239681058078
13734,0.08994696540031732,5.1608892728561795
13735,0.22479221648002568,5.072283864296692
13736,0.166991305782759,5.059309405721724
13737,0.16342269930270015,5.098991633121681
13738,0.1922511201957895,5.043279012916502
13739,0.08655804329639727,5.0795335315758905
13740,0.30553087122555844,4.949663887516387
13741,0.12429219846262685,5.117546199467808
13742,0.1797392426576433,5.064265721903194
13743,0.23295039422430597,5.0
13744,0.27601354936500155,5.071620423329559
13745,0.2297204182449415,4.814762329839528
13746,0.21351757877094957,5.065511545413539
13747,0.22133654339995035,5.063122014281172
13748,0.18430641126775016,5.095270305905757
13749,0.12386052360850675,5.060380945532632
13750,0.18065947380799352,5.091330592191063
13751,0.165457118068852,5.228558145960616
13752,0.19081277858036505,5.0609910418550985
13753,0.15198120929736447,5.230893158172787
13754,0.15562648388289213,5.0481919889297
13755,0.13320890704162114,5.1093849683927495
13756,0.19538175369854915,5.068349140350863
13757,0.23295009457675298,5.0
13758,0.222864075631234,5.057047801651233
13759,0.13463511097155512,4.991832908041713
13760,0.17501099955177257,5.031506687760725
13761,0.2514468002837069,5.064974411044547
13762,0.22647619458991852,5.044193952544349
13763,0.09284813680099391,5.061905681843264
13764,0.13247583598815105,5.0727058283009985
13765,0.34915691694394513,5.027907323010847
13766,0.08794828501811369,4.7354246160549085
13767,0.24884952213544365,5.03389067830315
13768,0.25306191234155095,5.068370616246929
13769,0.1348170561857598,5.070548037621405
13770,0.18751841590088825,5.063406579950023
13771,0.13920185156286247,5.112600549189512
13772,0.22653419875990277,5.056044519190861
13773,0.2891622260666157,4.529589398726648
13774,0.11365822803442638,5.06470829681942
13775,0.09019757829789832,5.026966139157478
13776,0.29373243752520195,5.060374312157618
13777,0.2816998291748414,5.0704130248978
13778,0.21741532649651973,5.067862431381247
13779,0.21404503098285588,5.125878179988801
13780,0.29633740756392035,5.029866057721142
13781,0.1079506177177536,5.065654532776627
13782,0.22089130274875624,5.085458503266311
13783,0.18529726656296208,5.086414927365208
13784,0.20041585542578932,5.147643416959884
13785,0.15388577800600878,5.061056273350664
13786,0.14904813120632765,5.136466100628807
13787,0.15138970883067127,5.073379815457386
13788,0.19766050407896074,5.100147218789592
13789,0.23974373268862192,5.07072537273344
13790,0.17271495890113497,5.075154912776085
13791,0.17206351374494644,5.09783180825198
13792,0.15879433169849577,5.0531205603022755
13793,0.11371916250806535,5.0722338191610294
13794,0.22795268400931867,5.066811088202039
13795,0.31791423693218634,5.077273295139539
13796,0.24301077923710435,5.079670425099447
13797,0.16775025228193818,5.123359840322683
13798,0.13458637696036102,5.046911144979154
13799,0.16482514276504312,4.995516393438377
13800,0.17574313239644024,5.085936625711991
13801,0.11323664815915102,5.0831518381581375
13802,0.1691576349930196,5.141374617864001
13803,0.1904927415966443,5.074705483502839
13804,0.24246023617957313,5.0416418216888825
13805,0.25176576992336597,5.127507856648679
13806,0.16189556477797384,5.00764429581662
13807,0.1670290510285115,5.224357540628315
13808,0.26960678226770507,5.073945197065397
13809,0.2935410950162396,4.899914159031562
13810,0.22771834423797732,5.003287700402792
13811,0.3467259749262289,5.148076471116232
13812,0.19950317895956604,4.995465643278889
13813,0.21147471323549416,5.544040975652544
13814,0.2835954759580408,5.117226004185698
13815,0.309879739305956,4.659216438451859
13816,0.2377751482432171,5.052181313645185
13817,0.1247532532652309,5.141168685695217
13818,0.21381707285831286,5.0483494470908585
13819,0.26355674401568663,5.051847128435716
13820,0.08123092496020812,5.114784862714377
13821,0.18380306309852545,5.091445586711805
13822,0.17148054907287635,5.133180831599908
13823,0.17031261402809683,5.302249089544215
13824,0.31625816525587735,4.896059706511711
13825,0.2051050193878614,5.050169771615094
13826,0.20575895278417455,4.906884507794533
13827,0.09731678872383687,4.892846779130435
13828,0.27126650770532845,4.933588076413988
13829,0.39093261869074714,4.907653429185563
13830,0.24864642161390194,4.906931663883549
13831,0.4630541972645681,4.902040451306533
13832,0.39321049070544123,4.870740266360443
13833,0.2419223910837236,4.894405262683108
13834,0.31200002062914667,4.848179431139998
13835,0.4176623836133735,4.885253647715073
13836,0.36865688740450353,4.894712473480354
13837,0.2689746816278642,4.878695128968813
13838,0.4600176132193228,4.8904383814385355
13839,0.43865661327106165,4.827574492355691
13840,0.3449320338532489,4.888944888428037
13841,0.4869097380492804,4.833791699515739
13842,0.20117951627218278,4.860287820357989
13843,0.16367307099983686,4.91457211777691
13844,0.19868181159292875,4.907535623192132
13845,0.16434203300144934,4.895001851881808
13846,0.27008614820784005,4.909114576701752
13847,0.191238197754954,4.914774569988243
13848,0.39134898118829287,4.894991402890305
13849,0.25914064868670916,4.908803966998185
13850,0.3003561197450224,4.941921102084388
13851,0.23295020226023566,5.0
13852,0.34331897565213754,4.8402511703588225
13853,0.2964937286287517,4.882563764799457
13854,0.18213529665372663,4.880976970335897
13855,0.4493276162026194,4.8791639102971995
13856,0.43999491746106134,4.8837079581253295
13857,0.22425367756951253,4.893294391874328
13858,0.18243504332687643,4.855943882569225
13859,0.46560268102898306,4.863676799068157
13860,0.3247838674374841,4.815118848013817
13861,0.3225252249403838,4.900448851777659
13862,0.3528036264885621,4.871924623669228
13863,0.3356774692485809,4.864973916918647
13864,0.21807614568021516,4.9130350071528195
13865,0.3339982423556249,4.897480139323758
13866,0.2257300370783104,4.766802502746934
13867,0.3277541660527825,4.820903940914993
13868,0.3173308458950783,4.904973835574884
13869,0.22903702984056684,4.9119585191751725
13870,0.3196288239176941,4.939789832438013
13871,0.34062256224078724,4.892320709667555
13872,0.23508317387159572,4.855750554215232
13873,0.40695641017907214,4.904925185940394
13874,0.13996937849243096,4.916072305893628
13875,0.2996766945500653,4.808544305485114
13876,0.42052794062287147,4.949743626053671
13877,0.2105569394514053,4.915572963195904
13878,0.23435756399549557,4.926120729588082
13879,0.23084996543320968,4.864747948150958
13880,0.19910224886441474,5.20020365489251
13881,0.2635884019632462,4.926629777296867
13882,0.2733757443254714,4.894725550775334
13883,0.0785492198981308,4.923267088053667
13884,0.33702995356695653,4.886361990642385
13885,0.31893475272614435,4.874596739863142
13886,0.33296359242115847,4.370575246912507
13887,0.1471812730142954,4.902382244485972
13888,0.27313581515923047,4.901084048483844
13889,0.20204009716880567,4.904054135689888
13890,0.2785567195435623,4.8725497438692145
13891,0.5172403355548845,4.886477365283124
13892,0.34139358289155686,4.936936072601741
13893,0.4849202770453791,4.894229663564529
13894,0.29493381077400604,4.916292987893094
13895,0.2173824992656439,4.924216336440148
13896,0.18883283921762728,4.805377586707689
13897,0.22222289551278185,4.928687554988729
13898,0.25820019326449684,4.988287173032866
13899,0.33124482898192076,4.781567375918039
13900,0.31122710803044495,4.901769198741146
13901,0.29326294988822177,4.905579430819307
13902,0.22550042496434264,4.918602605420874
13903,0.38160128589135645,4.899927163036493
13904,0.35397256176801384,4.89865372613294
13905,0.1800590393345134,4.888834976463681
13906,0.39802714708662723,4.878885459040401
13907,0.24323191364046526,4.9067141995508745
13908,0.24647393794499495,4.897319044354225
13909,0.39033045491904406,4.896603246860725
13910,0.1137231681335793,4.840227108525346
13911,0.39649037099374085,4.906379378996828
13912,0.30250476530522175,4.89462825420083
13913,0.18164408818816358,4.982758908140736
13914,0.2436577047623132,4.9353219169748375
13915,0.39639713070197957,4.9201429709720035
13916,0.23812732110338608,4.931555066492885
13917,0.46798436810152566,4.874501966390863
13918,0.18172654058934157,4.949083506032936
13919,0.2973195815475407,4.904563209609076
13920,0.3380018165823806,4.8723028038173855
13921,0.24233363912599448,4.9494357344400886
13922,0.35417795320184875,4.906304972647497
13923,0.26381679558720417,4.895121046906121
13924,0.37623116845133175,4.930303858716858
13925,0.2818828306851733,4.899017088492608
13926,0.17853931052992422,4.801259035784495
13927,0.4453253839609066,4.91174531861537
13928,0.20498350502064167,4.925240760107776
13929,0.3091549635096642,4.7112993364050215
13930,0.21049862336388325,4.855192459234843
13931,0.3654586146384744,4.921206359660024
13932,0.4309034849940654,4.898790801467863
13933,0.4423812842806747,4.711150291656878
13934,0.1793590656101689,5.177590586455754
13935,0.1668208675027023,4.856152843436865
13936,0.3514892970685668,4.912078213772775
13937,0.2161992645480817,4.901143200482778
13938,0.34449768679109605,4.896265309504173
13939,0.3319519475009829,4.894478072644457
13940,0.37826393417689497,4.902740736769724
13941,0.36638023883047777,4.886583248628771
13942,0.19892497207823623,4.90833830617337
13943,0.3061942700798883,4.920902213924139
13944,0.3486423316688074,4.876692423252855
13945,0.2106099168740887,4.827084715379177
13946,0.2184679030704797,4.91428037779265
13947,0.19697786267935236,4.9309724064423754
13948,0.31126868335450153,4.907536508135495
13949,0.27785439315139127,4.922367979072613
13950,0.37745009576093813,5.106883889384317
13951,0.2981042580888029,4.913160554444591
13952,0.3729716740690876,4.904395529087209
13953,0.37524975159250396,4.925649418326827
13954,0.3652572383045336,4.90519899615057
13955,0.2381385517809409,4.901616052281188
13956,0.30800995759921457,4.910896823233184
13957,0.4148615422620381,5.312335109858219
13958,0.42793911824120445,4.87806447473905
13959,0.3676425185050176,4.906483877676715
13960,0.19202924251578724,4.9138928136215565
13961,0.1509999393913899,4.854099287700402
13962,0.292426322732521,4.933050442156217
13963,0.2901415415423203,4.859123860701047
13964,0.2686029056382264,4.901935528397114
13965,0.3497091855945833,4.8638382019455495
13966,0.2665060516878166,4.930988087406858
13967,0.3279786368415605,4.8843877931345325
13968,0.24503173142140233,4.914104078515775
13969,0.2398335467712427,4.891711925402795
13970,0.346144559857434,5.003821749699373
13971,0.2865111041091024,4.922866094048715
13972,0.26812997103219005,4.910952564482933
13973,0.23714254044189031,4.89221855590813
13974,0.3453978767165051,4.91864410960404
13975,0.19106880456614572,4.912780301162778
13976,0.38153904203456035,4.925383208397989
13977,0.1019253520953114,4.882905148425598
13978,0.2574973574502821,4.909391710554596
13979,0.30692110828692476,4.894929850031691
13980,0.34265449009045534,4.936312534066047
13981,0.32807509143622204,4.883205419904764
13982,0.4827242177591615,4.645372713379388
13983,0.38996019794360115,4.932639537711001
13984,0.2267311033599353,4.8853248878067745
13985,0.25762922308852376,4.920813653645952
13986,0.307764608575565,4.867815228882124
13987,0.16425602272456974,4.869355699314388
13988,0.25785101388965503,4.931609817256497
13989,0.16045613124175895,4.8965555704362895
13990,0.4442161248133043,4.896016112481849
13991,0.3238018991375806,4.90888200848989
13992,0.21944763241040355,4.92358122676821
13993,0.3596083480470271,4.906433342516596
13994,0.19293185239624422,4.982589761561496
13995,0.37453662317570235,4.940082110151325
13996,0.28398726540978436,4.898302840162536
13997,0.3975892020931229,4.86510628296875
13998,0.3161488404806352,4.940479185312272
13999,0.2778420830329027,4.8875640268063325
14000,0.22085943127017527,4.927860975875262
14001,0.3005391573603622,4.884422859545392
14002,0.37496593005124,4.851522700839386
14003,0.18212556023054605,4.897199040581022
14004,0.33408529780574936,4.9138816014135855
14005,0.18911784899645245,4.8908556662198865
14006,0.4263968536829956,4.8735680030319894
14007,0.2910812857804579,4.888388362799123
14008,0.374896064676979,4.903953305490711
14009,0.4719168242296481,4.969716111732199
14010,0.34708239267556484,4.9790730021615826
14011,0.14478667589364957,4.895097230827856
14012,0.2539832017100314,4.861215801549408
14013,0.3677081898542709,4.898495857931318
14014,0.37986411749205584,4.886879508865336
14015,0.41545140998278085,4.795195802890406
14016,0.36683125379370485,4.9784504159879095
14017,0.25744193851210695,4.908896205820055
14018,0.3039176963469896,4.944008843864314
14019,0.47667441418501055,4.889249025988223
14020,0.5299740641407595,4.918260875358573
14021,0.49490091449425666,4.900218033409773
14022,0.2741878184488711,4.9178702658732565
14023,0.23295034188300878,5.0
14024,0.19674366275964905,4.842190755969593
14025,0.20322429252807894,4.890607634183528
14026,0.31288966988277345,4.891352351215277
14027,0.41375686711699067,4.876341672010165
14028,0.3189872129936291,4.9126679673147855
14029,0.48341308030131924,4.917545003746842
14030,0.19913707160666227,4.902959926273791
14031,0.3050328531216726,4.945528139561288
14032,0.3496489848132214,4.902605402807341
14033,0.39923566630113605,4.909826040375895
14034,0.15258499830925554,4.90854413018317
14035,0.22335949205816852,4.910831295374463
14036,0.3536134584512569,4.925627019893923
14037,0.18082419832073549,4.910058977728022
14038,0.3470865554032325,4.927199873865904
14039,0.2350802475548066,5.1179770898096955
14040,0.17484584533433445,4.919935833601237
14041,0.28127409938194137,4.6133566708151275
14042,0.14708429579484594,5.202736395784484
14043,0.2419771038792733,5.001886575971204
14044,0.1051150106687202,4.917400302609458
14045,0.2896359626615044,5.0009706048844205
14046,0.2299687310706806,5.174340413297012
14047,0.23990568689655878,4.847837458544042
14048,0.3439176853067092,5.04972031120845
14049,0.18569720320143368,4.851619814096377
14050,0.15814194624502464,4.997968799309591
14051,0.2460596890124973,4.973479389752216
14052,0.23295165544744756,5.0
14053,0.20668319398001822,4.882652455429861
14054,0.37472396588155266,5.089844253721951
14055,0.31333931093266165,4.77468533585804
14056,0.13374898402083146,4.962719483653579
14057,0.1283082552678163,5.149962397153116
14058,0.09524969555899987,5.082144775140405
14059,0.34957013619904664,4.15885174741609
14060,0.2745518191301459,5.163388138168106
14061,0.24184535335820923,4.975552674022259
14062,0.23294915616006895,5.0
14063,0.17805157140726968,3.843390660908179
14064,0.16226521581472664,5.12404561658407
14065,0.28955425354678144,4.940914718999796
14066,0.15805898817013508,4.960234216854289
14067,0.21901138855951974,4.660562745141679
14068,0.332249535166935,5.144039424939297
14069,0.293934207386612,4.669301421067624
14070,0.23408825448711523,4.960297984610467
14071,0.2926249439300759,5.070843374875631
14072,0.17908594195824135,4.946904284407445
14073,0.15787557789157547,4.482619789796809
14074,0.29716124077345807,5.179336239052494
14075,0.1929561335906318,5.0828819267113445
14076,0.1423986783176665,4.910644074162898
14077,0.40709537227388104,4.692242236860107
14078,0.1912540708317363,5.160204156326573
14079,0.19313600810029485,4.851748816881765
14080,0.2861056311568899,4.779531891533759
14081,0.3243565001873956,4.892025911414155
14082,0.206708485823494,4.837987661879435
14083,0.32455546401701674,5.703884785856657
14084,0.3008961672796173,4.984076551535752
14085,0.3530489506728429,5.00851464149477
14086,0.2212533405451922,4.969113377523877
14087,0.33694354644795377,5.122149609817841
14088,0.27699513521399854,5.008355752394378
14089,0.22590228603557705,3.9846650065639544
14090,0.23910897659427532,5.084761717767687
14091,0.1070556074857929,5.00628566254294
14092,0.16906904030505765,4.905469749658931
14093,0.2626011491107907,4.960185129491892
14094,0.24397740495712572,5.070622151547717
14095,0.39492632635027713,4.948979011200931
14096,0.16014668265583643,4.918310392080993
14097,0.27698848979956825,5.078085661120362
14098,0.05107294916969196,4.942993097238748
14099,0.33361307680333496,4.911274135009904
14100,0.2817783068365618,5.012521026460632
14101,0.27477610761343785,4.959356850369243
14102,0.22485429013998148,4.92338235092217
14103,0.24603151462798878,4.986154050495619
14104,0.33723458167129383,5.0915600360001
14105,0.22508953809960408,6.032584619037573
14106,0.3878515936828604,4.503593299666795
14107,0.36903734814904765,4.950170743571363
14108,0.18907487949323398,4.937540237240894
14109,0.2408617859169102,4.654496628599141
14110,0.2963605592226737,4.7678419472553735
14111,0.23561515914394238,4.9481331648895654
14112,0.2109423156762964,4.989843974531043
14113,0.3484843683680414,5.021766886452532
14114,0.2549197135896002,4.930713122659762
14115,0.2329289270208399,4.893893439418449
14116,0.2703349349471713,4.8268186087046505
14117,0.3151872907918196,5.116507745496985
14118,0.37068434932566685,4.961942895776605
14119,0.059241322646964134,5.091808964050939
14120,0.19927200793429822,4.9541885050421985
14121,0.34879523681509306,4.988860832478839
14122,0.23022802386732932,4.742722622064619
14123,0.33998933998453995,4.922649507291688
14124,0.28339423765385474,4.943054966657385
14125,0.19909319737503495,5.602382674278337
14126,0.19954524169625887,4.421465313713293
14127,0.31038311816468234,5.173652940449118
14128,0.27439171919610894,4.87484422927011
14129,0.2247557193708467,5.544228020208308
14130,0.3095452777934877,5.073276598768803
14131,0.3659522319096198,5.090560356232725
14132,0.20009167160217345,4.714245284857883
14133,0.26451488930931477,4.902501699863473
14134,0.19477893761323406,4.984269307028981
14135,0.12268316757084463,4.948438393078156
14136,0.3695471473649976,4.913658401904577
14137,0.3780060457181502,4.901740815590863
14138,0.19903871588520405,4.848059927685586
14139,0.2667538777999654,4.972749414662525
14140,0.3207435123996898,4.795268127050463
14141,0.21255623872308305,6.18031961472977
14142,0.24752379515727263,3.4873031682392996
14143,0.16127672324232956,5.0207217797496995
14144,0.3286483032661147,4.93913462424123
14145,0.1407217929486113,5.260703746695157
14146,0.1367998850361538,4.947845602993741
14147,0.39086986174822846,4.952008282232576
14148,0.4118849820493051,4.263885687984841
14149,0.3842536634641145,4.810031331769906
14150,0.26668142709977527,4.965904193413531
14151,0.37146392270250206,4.893350454927345
14152,0.19057239601259024,4.978015034647569
14153,0.13162988248563856,4.955874617285199
14154,0.26312479440320025,4.9440226242381335
14155,0.42850154152136066,4.940414762700769
14156,0.30476995955351316,5.004546658771707
14157,0.20571175356235072,4.920071946807818
14158,0.28244890530166256,4.830768991002854
14159,0.45663144726296223,4.943997346983542
14160,0.2707274253448546,4.828498645847494
14161,0.11306878835460044,4.723615685660532
14162,0.23520057594716448,5.120408637541107
14163,0.34275248414805337,4.911888158298234
14164,0.26282270494337845,4.786265742977722
14165,0.43516067309547557,4.432971249127586
14166,0.2993413973823946,4.815467138195233
14167,0.33679730833503596,4.918267677307373
14168,0.31862944296149953,4.939234819712883
14169,0.2758890336027435,4.908823875118493
14170,0.24290406780744256,5.019052398961419
14171,0.13986315487908052,4.936020325100001
14172,0.3575637377470604,4.903922308120423
14173,0.20335784284838287,5.264655459631378
14174,0.1652997455077918,4.9242521883398105
14175,0.2102547904446037,4.912393460947033
14176,0.2695471096808626,5.112717920347158
14177,0.3212923186342027,4.96392939282055
14178,0.2857671841481062,4.906583628229875
14179,0.20309813536897958,5.045185084919517
14180,0.20635467145890396,4.80397479975756
14181,0.24578451109634414,4.911228149889988
14182,0.2768131216845866,4.861336126516207
14183,0.22718342646484024,4.907258660278373
14184,0.2977371853888431,4.914522428355861
14185,0.28293560172949017,4.807103588798203
14186,0.4126272460246685,4.999312268134828
14187,0.1884093773443496,4.2408965521465625
14188,0.1062739024723316,5.083228394608703
14189,0.21452916259011956,4.8624120273969496
14190,0.3087629790519113,4.808859668125649
14191,0.190009548665953,5.113625998979874
14192,0.19135418043237884,4.986733371980696
14193,0.31816602222678037,4.818478405809703
14194,0.2799013760046558,4.929449394262964
14195,0.20611776998335385,4.968430811188274
14196,0.3659624033305493,4.826570984400993
14197,0.4021511790986685,5.132714291291549
14198,0.2474743107470172,4.838713207286158
14199,0.168362294389385,5.260990906306207
14200,0.32246757370873946,4.982572596718482
14201,0.15185890806385083,4.959012254544755
14202,0.18494575107559252,4.82202473262876
14203,0.23705514576578857,5.0974163411257045
14204,0.17904855688979304,4.885313229949011
14205,0.41512492178443794,5.017332239704544
14206,0.13413669737110512,4.922473444132205
14207,0.2710977660521705,4.844508943650263
14208,0.1848149475648373,4.836720152296614
14209,0.33557427805813234,4.9329247871366455
14210,0.2937693823855254,4.873967368688019
14211,0.2327591691499067,4.998974014559341
14212,0.22161653673229287,4.956363377672446
14213,0.32667496665334994,3.9705331090616003
14214,0.34457349625487077,5.027461735793484
14215,0.2761260644962009,4.957874890688432
14216,0.3209424503517624,4.919001001607963
14217,0.18427323591705203,4.847624906693637
14218,0.24185068034155544,4.973063923279772
14219,0.24134929711209718,4.926459780402865
14220,0.23508362760887924,5.664009496638647
14221,0.3464705584499519,4.640731379702272
14222,0.3011651631103174,4.937580379606281
14223,0.3662183821085587,4.9441487707350795
14224,0.29414762774575376,4.938082221148399
14225,0.29871266010523856,4.928195623113014
14226,0.2688025130729621,5.002157060077819
14227,0.3237947322396719,4.868087214089849
14228,0.21497309887449667,4.871056726921985
14229,0.19585586596199178,4.8905245691629595
14230,0.33331262364369607,5.062164444384676
14231,0.3083362752679375,4.801959508557143
14232,0.4405730248433093,4.799522311955924
14233,0.3889414402102229,4.904888296223007
14234,0.3835376684226872,4.918178031517284
14235,0.22404710330437028,5.042251380555056
14236,0.353368206692793,5.006081255411363
14237,0.29089524468805017,4.8006870883007124
14238,0.15352931733504094,4.791540745261624
14239,0.20010248348755288,4.846403490773721
14240,0.4184484908502686,4.887535440835586
14241,0.2746041154542531,5.011565085582861
14242,0.3254556580987278,4.963278935540947
14243,0.2639267222068431,4.84988397845604
14244,0.3159596171504717,4.9047464550540365
14245,0.2679076028415057,4.869034799108558
14246,0.38870128776043966,4.948192990911506
14247,0.332437972291872,4.940826161775913
14248,0.3123795468100494,4.941883904648421
14249,0.3839048203831701,4.964593758342053
14250,0.2904286432922589,4.921350557141944
14251,0.31793588687355,4.983580903750298
14252,0.24184583655349168,4.965174225070381
14253,0.27125367780446186,5.625891992526855
14254,0.35369361934477705,4.902201163045836
14255,0.21515955901461314,4.967607986791283
