# vtk DataFile Version 2.0
polydata
ASCII
DATASET POLYDATA
POINTS 1669 double
3.42106978898413 3.0484853961278 0.150426843282383 
2.29675480042134 3.10065592134185 6.45098288475957 
3.14368280010055 3.85259457053039 0.566468904433916 
1.94641828032305 3.73863983594423 3.75036255546289 
3.11301740503763 1.45358864963303 3.38335664061452 
2.92367347510835 1.70301705556359 3.90418897231181 
2.88140607172205 1.62640931206129 2.93647384617665 
2.78238759411294 1.82515278844854 3.94028191200041 
3.06620270770247 2.4038723479636 2.7153973509172 
4.12148498335583 6.06397115280185 3.37066592114787 
3.99204356465657 5.47980534254191 3.56234671426212 
4.57249720887916 5.61636769835379 3.88175721050958 
4.42590841180828 5.47268780821732 2.48091504791107 
4.36502669304719 6.08465270313815 2.76092592045919 
4.66970446759105 4.88853487846857 3.18631469389308 
4.08213386376456 2.68220505389039 5.52636910306606 
3.39587595554602 1.61108884198762 4.88125066593794 
3.58462733299403 2.34131286172082 5.88254502330759 
3.40083134321501 2.44382762202628 4.99770441476646 
3.96496527492095 1.85093143229066 4.67580857126141 
5.19800411632544 0.994714668221769 6.06244151072294 
4.7410856721573 0.703937779902459 0.422187536594402 
4.53566959427854 1.10334647234109 6.30053841547313 
5.0557532778257 0.373749438057218 0.417983373397977 
5.40808686883788 0.47442280907501 0.328231755810805 
0.770184335271294 3.39426199313531 3.35619800583261 
0.827850295114996 2.86217217556638 3.26606062456147 
1.02759721822496 3.58370325053257 2.94627437330568 
0.637309213760945 2.54388801728566 2.36279573084146 
2.86377683958447 5.32359753560141 3.33923684411138 
3.27847459666252 5.06169135005502 3.38203741853305 
3.65312372691853 5.11967628712029 2.96825676130708 
3.31951946224768 4.61580977150647 3.29247294735603 
2.36194110768485 4.45010411133863 2.74281673803198 
2.62832276992339 5.12688236847636 2.22920783380202 
2.32618313676694 5.30018410628629 2.64994690945785 
4.58785250493014 0.65908681368055 0.764574382915576 
4.76267489080337 0.431950143889791 0.915113634019574 
4.18596629866891 0.981659993145738 1.87893917414499 
4.12030519508978 3.95839351734161 6.41889808356305 
4.47020319445426 4.52983907471595 6.38466821039645 
4.7819610715446 3.39309430768395 5.88964683423894 
5.37825206472925 4.48778326793729 6.00239264531972 
4.09617567002809 4.14228751841834 6.30985370074413 
4.75584318592796 4.28440974934553 6.68581339992579 
4.83746929794324 6.56377271462993 2.6554059845757 
4.3534770049569 6.25376444582562 2.6321573440213 
4.3557184397228 6.12553595450653 1.9297407337547 
5.10450357586797 6.50448278940579 2.0350275061184 
4.88804392717339 6.33896103257096 1.75072556893974 
6.43223675995164 5.25214522769473 3.74962402537808 
0.121339049936009 5.26697560713684 3.00958269323612 
6.5204712774349 5.379036633946 3.56351302949147 
0.304300414301577 5.13284101858022 3.98046743674684 
5.89845921017442 4.45768917451498 1.27482984638938 
5.73890440896433 5.03026636676732 1.23039229878487 
6.12723638587557 4.4684967978876 1.72659579113617 
6.42063849442369 4.2523708141023 1.61518913928162 
5.89694178432881 5.50446326713339 3.90734636131347 
5.89599860379666 4.74129266831873 3.78475112186949 
5.93791706462775 4.93312031566571 2.60580452607304 
6.33463263468869 5.29330570443545 2.74682248227978 
5.71963347511145 4.95465290555218 2.61376097839646 
5.88842641057228 4.55210652220649 3.50274116926494 
5.59779609203754 0.435684808051591 4.27276299063568 
5.40465323447432 0.686884585764161 4.32265242530259 
5.09504325354024 0.351069657464129 4.38584948457815 
5.30073529281617 6.59712134662311 3.73204251157132 
5.21255705531438 6.63225397179006 3.88072544433424 
4.65065532001736 0.286664766530459 4.15260970432745 
2.27927794797677 1.10174264037838 6.04255316708609 
3.45157014614317 0.512771964848325 6.11991975660393 
3.54527229002572 0.938697860483928 6.42379292614303 
0.980216695079654 6.44099447928154 0.629236509745196 
0.762116371398814 0.472792354786037 0.535045128368217 
0.681664330792854 6.68728537007115 1.06255949201542 
1.41524704303792 0.679713743584134 0.885446460958157 
0.542677969351388 0.347967250175715 0.844533193620359 
2.81066851677302 5.57809550337616 4.38179702843768 
2.89421553987774 4.84342052723741 5.02856574241727 
3.47080198932469 5.58384670382972 3.92108215723149 
3.16837880690643 5.66540885254251 4.61940204674759 
2.77195582750605 5.23720332581132 4.90926455837567 
2.91838308624344 4.36017172913236 4.24425396073264 
3.46385316476011 5.67961466832096 4.51721742284349 
2.5964241743809 5.25471226119495 4.6924846350294 
1.50082429131177 5.52020044037212 3.11930241326438 
0.200471556316031 4.38271985741147 1.99346525594155 
1.36932737853194 4.90960421925588 2.01902343322952 
1.26093076696611 4.33721947455633 2.8164161640925 
0.880040338255281 4.40521917387102 1.77058881182183 
1.35980121320969 4.55448010943571 2.07320567285291 
0.810894032661085 4.59323821797115 1.68292193380599 
1.12455877349724 5.00074283611418 1.85499926779056 
0.762272360292407 5.29772929239355 2.12202349322455 
0.470252692657033 4.19489591699114 2.01921622715304 
1.42666678373274 4.42607047164889 2.66401211911985 
0.196631959014329 4.92293929743222 2.05415012364862 
0.24671470882831 4.626892193537 1.85693029335862 
6.79492663532432 2.37213348285252 6.90526639226913 
6.26947878432343 2.86702202709505 6.81255985937922 
6.89360044665903 2.71238531593776 6.85243262014564 
6.2183290102257 6.15834940823568 2.67083426409777 
5.80034137077309 6.19826155898427 3.82169531155454 
6.60952651749032 1.76193276768493 1.30108198133985 
0.424134471880808 0.710215855669147 1.41846623921182 
6.28282501873173 0.911920595956866 1.2367778036654 
0.178783129122185 0.671479855748394 1.04240261442097 
3.89801164310736 2.15068494485864 1.43859488743188 
3.90725439956949 1.28877374223263 2.53766036761856 
2.46476091516438 0.464193405853925 1.23468974594251 
1.80651079674542 1.1033994238949 0.725402040419278 
2.57409437849534 0.742096734167267 1.32344399486252 
5.74712449684841 2.64782242890232 0.72845284632244 
3.23060084317531 5.85746363673492 0.529234358403461 
3.11366037743607 5.70430080747585 0.532063963394893 
3.813414587863 6.21690508968609 1.24817447786391 
1.05984280220801 1.42364366317715 0.217034599896232 
1.52578166231806 1.14065872323862 0.800254533488247 
1.90632816207955 2.18990594850052 0.828995622134545 
0.348062743774033 6.44349846133942 1.23541826129715 
0.843009413046222 6.63026527054534 1.65134086305174 
0.871478224349478 6.17492943072388 0.472927665659771 
0.442647395356629 6.41342806627799 1.6080988373923 
1.23819297314863 2.34233760167714 4.60697818995179 
1.26205154597724 2.58745340388641 4.51864833938353 
0.956058897734844 2.71320878910721 5.04280778433801 
2.61816500807919 3.64877905065626 1.39196129019156 
2.22421246677947 3.63898936063809 1.28414403916681 
2.2015471634154 3.58966954393406 1.14524765651234 
5.4641762184312 1.18704535123348 2.18811766268376 
5.42189271117723 0.78163605106729 1.50604090992731 
4.34763280631206 5.02074791437036 6.58549404569738 
3.23015780252797 4.7513769029292 5.69359644911785 
3.56622048597476 5.41296236679407 5.89080966195363 
3.227103128415 5.15769701293008 5.9504111724935 
3.69163459748552 4.32072686468356 6.51479539957935 
2.99637417559006 6.49437556696124 4.57820060395136 
2.91196980416418 6.59710799120632 4.70204409348488 
3.76851534915461 0.300452777685769 5.84857771955601 
5.03972686327374 0.267630055317945 0.70490489325085 
2.86579052969641 0.547253163727805 4.34806124649861 
3.40534489148888 0.410955471705415 4.35441025114231 
2.35053501345266 0.490032437493719 5.08344632475397 
3.59427639496397 0.600461102617582 4.49545779804881 
4.16606060991242 3.56640842872333 3.21136358080784 
4.24336969252201 4.13195856249876 3.3260333643392 
3.21347600229979 3.54831185596585 3.89444778847123 
3.875770645525 3.36247120617229 3.52897685237996 
3.26938486901259 3.29171123375925 3.48866758585246 
3.74063805863704 3.60298311256221 3.93031048036847 
3.00818154336088 3.91090823959818 3.83095148564953 
3.49723285884511 3.62581009412156 2.72932186486395 
5.76754699960662 0.836691790871692 5.55918643606637 
6.19415670362079 0.703218509431265 5.97711998834022 
3.89702379545065 6.33608234149624 3.41462268572852 
4.76248830168061 0.206355760122184 2.77334444246334 
4.105133130264 0.166775542287878 3.0310616744354 
4.61407169334649 0.275688712151549 2.78115186095288 
4.01914369299834 0.0248834572740838 3.44680491782185 
2.03672682690784 6.2109342176619 4.80517186698694 
1.77385429031614 5.86460955927264 4.29817265811278 
1.44255557374797 5.40745389487397 4.29293894943157 
1.51093751570453 6.26259762285302 4.36489176452959 
1.99973765400889 6.11789714112426 5.15292537745993 
1.57247534814616 5.16942136374263 4.59236268155127 
1.37260572463148 5.10826560007962 4.80479585303791 
1.56664258364811 5.29271499210425 5.20258923200709 
6.48571163917899 4.98715374485024 6.20432655798209 
6.01769218606545 4.50222115617399 6.04288792445726 
0.274963124712707 4.55394960790539 5.65532559429189 
6.45446312517614 4.04696434343468 5.56642046745819 
6.34575151853564 4.42774295333629 5.53671836532344 
6.74403699053659 4.80661452564241 5.59920169630137 
3.12765000304767 2.6685371498264 1.36156135275262 
3.79170581405234 2.61511262165337 1.00428478965634 
3.12147198959543 3.11869626462009 1.51621925745166 
4.28956664487008 2.67279196684896 1.21818390831741 
3.93400113234276 2.48544623949603 1.05106885334112 
0.843135761759048 4.6899383329848 1.14195173841373 
1.15951264709569 5.05231430407187 1.13290690835198 
1.74413520186105 5.22584547936148 1.55577983600012 
0.987340724623312 4.33137874991483 0.819551351959404 
1.80850722765464 5.16797332057962 1.67767383120393 
1.29993600164881 5.21205274711648 1.49043220195131 
4.72507572850682 1.86501203115874 0.419807299810032 
2.0289511664318 5.84391380646838 3.77891942807179 
1.8371449583244 5.39221912253195 3.56675730921185 
2.24104113964955 5.09225479278123 3.51253997119303 
2.12275891570272 4.66831118877378 3.82032209476346 
4.59071528373098 1.95589563070044 5.8600828082508 
5.18358172485377 1.8002606655749 5.51009086291997 
4.35099140698431 0.709467194398087 5.78284165994074 
5.37427156646936 1.5392350322379 5.66512060767901 
5.05033578527473 1.77175111584392 5.17286968685327 
4.27808164212675 0.846320680847584 5.34915589254959 
3.67482582810686 6.32641243314221 3.54961038382059 
2.70998296147009 3.89826614598405 5.83824502502541 
3.11269366505391 3.57532884161305 5.570758843469 
3.3403141452025 0.414084394439709 2.6357137132983 
3.09437634721573 0.338222396078856 2.78818074821984 
3.43977944247391 0.522180350692896 1.83003689138695 
2.56863939080183 0.574705978734063 2.69813612294158 
5.8583255916775 5.63521518743773 4.23007106843192 
4.6444759102489 6.04861559299603 4.33689305167074 
5.78342321808832 6.13879735324934 4.18148111498806 
4.58728575934944 5.68138772510861 4.28364205627261 
2.62340409084209 4.06544230054422 5.81826763956515 
1.94605555231895 3.48821538201909 5.85737325587288 
2.63699102936584 3.90854364105932 5.78866203834824 
2.51543833606126 4.33893466730269 6.64244931936007 
5.51571579377328 1.14253635604724 4.70199619862637 
5.4902055823442 1.37842890205806 4.48253684387722 
1.44404047145741 5.56443278898762 0.289787125198806 
1.61450858270436 5.05485503795461 0.229246296902859 
5.14246659290302 3.74052087563572 1.45594173982467 
5.30632147522672 3.45652577450385 1.91787919005011 
5.97292845469254 4.33213026161534 2.13243461467398 
5.2271022234506 4.08719215919182 1.49328575989288 
5.51921394666343 4.13637453531005 2.13589696809258 
5.52440990014531 3.84757914646317 2.26742288495672 
5.93510650666447 3.70833751252605 4.84765828139144 
6.22890637199761 3.87623230328571 4.8648163975499 
6.5642476067256 3.90485606446592 4.52463020435003 
6.52727750052481 3.72324904250351 4.05750117927917 
5.93958481864338 3.09827008299737 5.03656421034778 
6.35353342922137 3.73469761310783 5.10745168265216 
6.00281828192516 3.42373867945828 5.19501842186316 
6.09357103165492 3.43003769563697 5.24007924309759 
3.99879212149714 1.06990100613621 2.92835913947486 
3.67093417646213 0.490129635097737 3.01320166531192 
2.80248227721725 1.52441331221628 2.83572951373408 
0.596259740388162 5.51511328745008 6.30634151744611 
0.700762184915476 5.32013376937356 5.92072384796814 
5.21851931934131 1.99997976228756 5.00096486171568 
5.53973921167727 2.24650065238363 5.36241733841539 
5.39192738645951 2.74774763843694 5.26356845322513 
5.3522731439035 1.77977064344718 4.56357174130548 
0.576206445932884 1.00411271241584 5.70263046676936 
2.1504131046646 6.42349301488553 3.37179279375692 
1.40770319778636 6.93214031085842 2.35962993977443 
5.96192697566524 0.834174787364686 0.758281312423817 
6.22006241158858 2.00367381176383 2.63271706056361 
3.33037420883951 6.1450639227844 1.85909268148088 
3.40657327407858 6.43807350764137 2.29910402455978 
3.86067554030483 6.07508402898224 1.61244804152315 
4.08969304647199 6.29310954898988 1.81537093650054 
0.446989600519489 0.325433882732552 3.85925781359406 
0.672220200124987 0.132778634579347 4.10234450608763 
0.235349034294472 0.840311792488827 4.2725180446849 
4.63781835778489 4.65734083887476 4.7603768330789 
5.98891234199096 4.61598660771313 4.99847754868894 
5.96788916773357 4.46570397420562 4.82226493049939 
5.52063150860373 4.68596390562255 5.40033047295813 
4.95468881284208 4.53166863642715 4.28118588667743 
6.25795759494843 6.11616456113138 4.68679614569791 
6.55608353517991 5.54252967404836 4.59236059328076 
6.24001076352106 5.66551135085131 4.62006754396066 
6.0769707285693 6.33596939285371 4.46103852415582 
3.93904477658611 0.759853922625263 4.10895673299002 
4.43597425049532 0.285995478608937 4.71379953343589 
0.92701260146072 1.75887446976625 3.40398722742531 
0.686171582302939 1.56924980596392 2.90406748638864 
1.40529344527857 1.86229271166808 3.30704909107361 
1.02985366408432 2.00008864389113 2.2686550465652 
1.5529327367108 1.94981250788522 2.62725991377351 
0.924991660464474 2.32474866510027 2.17384969428022 
4.57028487847668 4.2918775113742 3.42313669702799 
0.472575477032971 5.85746508350617 6.24175934401497 
1.44343075755987 3.53597690927644 2.80299197709774 
2.16574422682379 3.45020524616322 2.5491576395963 
1.73435288256071 3.71463428843642 2.43006409233595 
2.33166716349146 3.99175196743656 3.64397696289055 
2.04501419092181 3.23728034177038 2.89254655891801 
2.36560544315177 3.58193602974933 2.59941570131751 
1.63839216191834 6.17920957127473 5.79172742872657 
1.21793434736563 1.1122260756231 1.43932403602443 
4.15132426720159 3.79729508321858 4.84208282814535 
3.86379887767236 3.59175055055873 4.9489028499133 
2.8167188888624 3.94689022345795 3.99968732635663 
5.76306977639597 4.25280734466214 3.5220618703427 
4.26646418509317 2.20359318224813 0.393036823659232 
4.68772396293725 0.459484745726525 2.52436370561962 
5.52781045422261 4.57547254605596 0.0271947577053384 
6.43481861508556 5.15713332096399 6.24822981545394 
5.4816697002146 6.0376973982339 0.71911608680706 
5.10848166695801 4.96435887651691 1.0424575661033 
2.5094191555326 0.667404579635112 2.87319041374303 
2.22801679016563 0.515552025575281 3.29770997350848 
5.83557969672636 2.11744687412061 5.73230399357216 
5.87162417077243 1.8966099520331 5.81644496410044 
5.49860210905671 2.17669728178416 5.5424709280106 
4.80670607242948 5.34958269255618 0.099843187705437 
0.942845688603826 3.67599794260955 5.41233555776996 
0.854064629190559 3.5479433760334 6.46708085812982 
0.476602168588468 3.95726265159789 5.2024421806597 
5.96763331936788 2.70052595575968 2.9360535908532 
2.07564332158801 4.79684908984143 6.47800502422936 
2.26158173889557 5.60743855606859 0.298340792872502 
2.07593727845172 5.79612025765247 0.296443351876962 
0.520479516443932 2.12695807991767 0.965619251977894 
5.37205662294304 2.85039106656322 1.07547798950002 
5.22284728609577 2.43774874550837 1.41484000987237 
4.52051581506063 3.46368808468372 0.963850999592846 
4.95350046731857 2.32408374571881 1.36061761931392 
5.00351078466367 3.27257549018809 2.11525793165282 
2.76044298814099 2.50175922724143 4.49691643345063 
3.30663483861092 2.85521695994142 4.52871022589426 
3.12227587229656 2.70642064155206 4.76245054985921 
4.19850479477977 3.03079489603325 3.51336541024103 
4.32130403475215 2.66365598828787 2.86690979923415 
4.05001546913987 2.630858085121 3.33761344315751 
4.34851833480906 2.59996049189578 4.05183458181484 
4.57383713739559 2.6486669865608 4.10901482372796 
4.35998684409708 2.09773136261885 3.21138308131491 
4.50566877177903 2.30909597275787 2.84011286407902 
4.70849582519672 1.93498167597796 3.43580769861751 
4.72518885351518 4.50208294668692 1.50064837269501 
4.76426635356551 4.79525121166156 1.20294403712939 
3.97895592885789 1.09842387901499 4.00614993063102 
3.68501359401162 1.54151157930188 4.22604282931206 
1.21958360736573 1.99739372474381 6.16542779238054 
1.13379943149515 2.28096871531763 6.35650472074771 
1.53655279870288 0.784887283644089 3.80667104532945 
0.627051528954002 1.10702848558615 3.56982479921984 
0.976631928632152 0.121866277360426 3.93046679506421 
5.29427864433153 4.39111252748273 2.32534899399232 
3.86876957891978 3.27730446717421 0.527525385200989 
3.78363107669066 2.95433824585511 0.334227970905287 
4.58736853709849 3.57403329012685 5.07308301203711 
5.11181356395429 2.97686463830689 5.80457556390015 
5.99633685286998 3.55635027510569 5.88597394174283 
6.2167294952434 3.04793580314952 6.15213923154232 
6.40195328446022 2.73669298215974 5.69734455443978 
5.87457366706413 4.85467879704106 2.40368662240817 
5.69397583534383 4.88827714528668 2.44978216850073 
0.38662383981013 5.49275855261508 5.28681593275114 
1.63702990607854 1.955371051127 5.43124135141339 
2.05255473635069 1.38164167839512 5.07784529145599 
1.50682011215931 2.15754939537056 5.74211407871196 
0.213831806144419 1.8627417325523 5.23606415123313 
0.73876548014158 1.63577730966771 5.12829111414515 
0.528327785924871 1.59562469436793 5.31249628459067 
0.477906513966215 1.21350094084382 5.29832488753874 
0.795594116850177 1.17745581453861 4.99168139300341 
2.0255660502698 1.33691985335499 4.81382980291939 
4.75088818679319 0.325914631816242 4.88386765793098 
5.43448061021249 5.345757134974 5.48143083094882 
4.37722413727775 5.34099379482766 5.432321393102 
4.50596454203655 4.304766659628 5.3423467063214 
4.38255895299532 3.21151101126745 2.61605088307204 
5.13915071894164 6.6956600436373 1.89881641618346 
4.92095354526693 6.53436415404676 1.61434881891698 
6.56876983434953 4.92511200855296 5.01519577462878 
0.162812200858243 4.92743396478722 5.33642147293237 
6.78100717491264 4.99221366646699 5.31447660786016 
6.69009984654085 5.2762404493322 5.2944565143442 
6.49667918216939 5.24001196224244 5.01238280579078 
0.864503134482623 6.34197630070309 4.06029448731932 
3.63951160062319 2.79047633286814 4.56951504809448 
4.02112092779157 2.44620258812464 4.31829964489051 
2.45263126850872 5.90436446816452 6.57560495197895 
1.39854189446421 3.5152880957803 5.12124266994984 
1.43175930731566 3.93631662648263 5.53782898011174 
1.95332076814021 3.31444426128756 1.70540080231736 
1.14851415215106 3.37080264501387 1.8945667433116 
1.28613924759469 3.01398382652998 1.63352552967087 
1.30628054189901 2.70518152641803 1.76480941117959 
4.78475357473433 4.63414128160761 0.376168852067451 
2.0518243181073 5.4804001339378 2.02084975591168 
1.9806301198775 5.47775622351279 2.50729323996711 
1.92062640904621 5.7521244613974 2.54549681740756 
0.55605972353292 2.28234473585212 1.72881987524748 
5.22277187547346 1.59702573625086 2.50823460078221 
4.37315128204371 3.64260156479555 0.473603826947672 
4.32331843969606 3.80729638592506 0.418493755332971 
4.43703026012613 3.80577964011101 0.33715929647582 
4.02786586461629 5.4127418310161 4.63938603177555 
6.13339196469381 4.40410437627423 4.85077225621031 
6.15569820772912 4.55850993956971 5.0299364162415 
6.55433113135906 4.37407159078204 4.45387228021413 
4.50464875070058 0.905598855493895 2.89069129819773 
4.65188414478131 1.25100424004553 3.83162156302699 
4.635982222069 1.36901970961296 3.47319130372438 
4.81871253686439 1.22547837175155 3.33350593310421 
1.32483210684513 4.79361656477463 4.83218503370777 
1.61647841879007 5.01080819183143 5.48131794351456 
1.45097408469096 4.62803341169979 5.28922609108534 
0.446706678825307 3.79249607180148 1.86105118412577 
6.10477605037167 5.39013889109075 4.99825026511209 
4.84329641242258 4.49041299763126 0.303388853471698 
3.99850350994458 1.78002071289914 4.38162000444095 
1.56527731326777 5.26599777041477 6.10977532279628 
1.41064234038829 5.21273213046504 5.83845352582401 
1.77335781601648 5.81671063942681 6.21184353328631 
2.32586902483186 5.76428975142998 6.25089556025353 
2.64840503849238 1.78151650124996 2.95368273160802 
5.11315489564791 5.54107132262102 5.39113132392135 
6.8350884978495 0.867878420592587 4.32433665456573 
5.28459587052619 4.13590165453491 3.15658149288453 
5.56652620484425 5.01813183119553 0.0507887737261086 
1.29297147798234 3.7834548257442 3.30580465851199 
1.24415189029652 3.73343453050299 2.99619963227104 
0.667022732973842 1.90595874681545 4.87950279024502 
6.7412918759078 5.25171063115855 4.04902702639715 
4.75187343356793 0.720582898820415 6.0917551167194 
4.62561037129455 0.58306498304458 5.85054493510579 
0.397394144993576 4.64212877343723 5.87297776248784 
1.15918158657612 6.75591713179365 2.31588144646756 
3.58329079962394 2.34179169171273 6.46717748336884 
4.0784863545111 6.50916334317935 4.51104427370479 
4.18087941252125 6.30806681940601 4.66163257100641 
4.66942504916584 4.56024265727522 3.11288483425829 
4.85809880626738 3.42991399148802 4.69299535973421 
1.87601414813633 4.04416077833965 0.946640649560808 
0.181082978428223 2.16661579431248 5.6744816762116 
3.56113261898382 2.56825505845393 3.31912140343056 
3.19470509672381 2.61515650097356 2.84588573738778 
0.908911789008263 2.23758746313339 1.95304163751085 
1.12434412192848 2.42013286670379 1.64062637708213 
3.19944511624395 5.98129673648693 1.94492423002111 
2.50682118772758 4.45128813427198 5.48096922349267 
2.20185573160147 4.52285973592703 5.63167484148823 
5.62791091966944 5.18253386007401 3.87692029659559 
5.33296018784023 5.73967812587133 3.3414698414855 
5.83431586233535 5.82991283282622 3.6256139965837 
6.16572942395968 3.08537540399189 0.980155364768401 
5.97298170919947 3.33379443018995 1.26512743168761 
2.73946399756201 0.643649116915768 2.746127542883 
2.69415662418053 0.71523692202517 2.8828964811927 
1.27316125462061 5.14267663434702 5.94481798719966 
1.45691872121405 5.20922700402839 6.19586695107991 
3.03216277713115 2.81287398750839 0.2572811413867 
3.09468998208937 2.47640678540424 0.589644572758117 
3.1592972723036 1.72931710524747 5.35461110985127 
3.3031747161836 2.2790846643272 5.69230665691561 
4.14555378496715 1.85291981678122 0.428835282272388 
2.64098349482403 5.5864194073931 6.79215387886833 
3.18120508364002 0.556718636644151 5.70352781366606 
4.22037874619392 6.76174797678545 1.5025277881833 
5.0145451756796 4.53338847250593 0.376290130879764 
4.24184274148832 2.45607350345684 6.92305500921834 
4.47029579784607 2.51707748877249 6.85806723516251 
2.95257840513452 4.55799882186558 0.630193302176025 
0.477205025739071 1.10873830539408 3.13213867230823 
0.572111668920476 1.36992731272654 2.86851253829365 
3.40929624100379 3.0730272273837 2.29366977183731 
3.3920970109454 2.74041105693396 2.40726521574238 
4.87799468189612 5.80525363573396 0.757455359059281 
5.08515569638998 6.07084937486265 0.762820304691052 
2.45913849136649 5.2773344688149 1.89316920081819 
4.16747947408822 4.28786978702912 4.59148786678774 
2.11203748211368 5.09931021743477 0.236285695331263 
3.25243226758935 5.60804598916492 1.91937354277534 
2.08485030380678 4.35975548002781 3.60556825849573 
4.59054053053535 4.97932908626546 3.56916854374617 
4.16885999835793 5.36988327011508 3.72324476997208 
3.72717639759625 5.1940234614047 2.01464191622772 
2.93469555210968 4.30774747575054 4.54577684052487 
4.24375552931198 1.32184134460198 1.27747681721432 
4.56221076533534 1.19821721935786 1.10963907539212 
4.30733509291009 1.20551576645377 2.28192036187261 
4.61318406837919 0.954267004460798 2.59003507217538 
2.20981576816227 6.78160940765269 2.59271994319951 
2.26600094787377 4.59020875938736 3.11965915074891 
2.3259458410547 5.00086903426461 3.23512960968103 
4.53946642900616 3.72161380086045 1.37109330262509 
4.28839251634711 4.2634085147877 1.39900905975428 
2.97955175242618 6.43714972262873 2.68963273864501 
5.86469683691296 2.29749259767296 0.790353201563345 
0.512478998038248 5.94433199210481 1.73201125631588 
6.09460391470263 2.20380457270881 5.53846075095785 
4.08112775665933 5.11976604229116 6.67098127634849 
3.65819792944422 4.77839374577465 6.71228364037439 
1.56735851723378 0.740573990621894 4.31924740476927 
5.6234767064694 0.762319696036212 6.45718753103351 
1.28056343847935 4.3889626945841 2.86413231677651 
6.45672330761375 2.85115413999356 1.13472752467937 
0.133031253393045 0.987410505983829 0.890340732903726 
0.481954087008277 1.18655044046172 0.217554474791269 
4.23075784576857 1.68378320086835 6.00318104764691 
0.688567487736442 5.8027826013791 1.94938525533525 
5.18162603661425 2.25403523417139 4.21368214731121 
5.17785326983191 5.13594709042354 3.16468773914186 
5.46503789455387 4.76604923688876 3.03419512929702 
2.67785961020947 4.53148867858566 4.73250419301483 
2.46040264189135 4.30128874439086 4.91089989282572 
0.548326013728001 4.37859312511254 5.31118464979814 
6.44668492465058 2.32728329421253 6.92094553587726 
2.28469982412375 3.17087295485478 2.05814365840775 
3.92430114103238 1.6473096664368 1.17477598787131 
3.89906105351133 1.86923316509157 0.684423237043538 
3.67107884955267 6.4384874682527 4.33077779036818 
3.72148731653282 6.5054212663167 3.68364452816408 
2.80867095028404 4.15404053993393 6.39423970147453 
2.72001327178472 4.04602224083768 5.88294002217304 
2.44882165254877 2.93042130499457 6.43487148267937 
3.25796687692605 2.55512577233685 2.29942008593526 
4.99629671809147 2.96005986048386 0.806793236289616 
4.88903020738585 3.38034093296567 0.832836366235299 
4.41314013799736 5.2686454985185 6.1738387703043 
5.37253068481813 6.35513522247807 4.33400839323068 
6.48119597267745 2.87266109948424 1.50975588383197 
6.15401102922346 3.25837755450324 1.6803324370899 
0.922430846828014 3.12247625542567 1.21132243219675 
4.34607206008625 2.84212951627112 6.8149556828886 
4.10701085059118 2.74622520838342 6.90034868634373 
0.471342715714489 3.54412914269907 2.21265198575571 
1.76815260943952 6.25317140165128 5.30052092667756 
5.43264990973528 5.2269781256443 5.31920584942284 
1.13599101446484 1.25531176402262 6.29852274175405 
0.649553786763192 1.26949746630207 6.07951824079053 
4.27879784918901 2.38586410586534 3.92121678060701 
4.08285045759053 2.40287521218819 3.46907315019999 
1.44339528931532 4.4797275714741 2.72280761300922 
3.80605372439087 0.977363987112924 1.78918479066744 
3.6010833859985 0.548021761290903 1.7343268865206 
2.02297341283027 2.04915525739666 5.16553175933998 
0.610373988984569 5.63466231175543 5.55655482448382 
1.09241674220388 2.30838554606194 4.93730363891577 
1.40215170460194 2.03176725177119 5.40290514668565 
3.34062376496157 6.14602546244342 2.66657609906096 
3.26350850863709 6.27069686750192 2.45753198490053 
1.96164106449543 6.76714584705376 2.22836915011425 
0.389909983729544 3.9623741123852 4.80541760107403 
4.0529785023259 3.62375094181902 2.85093642240954 
1.5941801511081 3.62362468590546 1.94820253923785 
2.49586903606086 4.76450055385671 4.500092573159 
2.59211709532457 4.71983282231111 4.20740764409636 
2.57471726597093 1.69568596137428 2.86603408951628 
1.50481642929649 5.17154613094487 3.86952759394374 
5.66063184351993 2.05550962448767 1.224694253431 
4.0257100898231 5.74273960191471 0.359470625460949 
4.77358108474101 4.69380626372132 1.92575138894804 
3.92984026707968 6.54982644613036 3.58420812754906 
3.27153412767666 3.34781089932282 2.46824903528146 
0.180315739114135 4.72867774373724 5.63993824864697 
5.61398199228638 0.313525728208616 0.843179668306973 
5.71710076758833 0.396809258828016 0.635926401481069 
5.16376250260714 2.64223947841275 5.98453886033987 
4.76518271283814 2.52309223235649 6.09692665216742 
6.32225164675019 3.00976453737476 5.19606581110134 
3.3843038522052 4.42241213193778 2.75734078786576 
3.5754880668791 4.62034167866889 2.99197786203903 
5.12592588741779 6.50402037278837 1.09837068001949 
1.97953452384997 0.717518849900465 3.33902380164658 
4.37378210145253 0.449014514269368 1.96929545255207 
0.550056668153432 5.6148685157166 0.605541435917851 
6.20365402026626 2.42798271325505 2.48836201314766 
6.06736256789029 2.71341869484427 2.67022250539836 
4.54936130401734 0.379149085326376 2.96455705488695 
2.07789539056566 6.41564145976153 3.18213086366533 
5.44597752151229 0.667156385800348 2.30032391155314 
4.85541159806231 0.385070844729843 2.49800902821826 
4.50174892358206 0.161077673461384 3.68621771288385 
4.55510485780725 0.453123867752651 3.98200480604678 
3.33676410519669 4.7901995777941 5.01023118426002 
3.78414194003296 5.39032149209267 4.65011730924144 
5.43450400990997 1.19877189607038 5.45895674925026 
1.7206690168277 6.45735329342292 4.70161053463394 
1.56488345575764 6.51948876074814 4.97454654927621 
6.59531598637408 1.64651656772625 5.13953277895694 
6.51900968662972 1.73238036265929 4.87386118595178 
1.57731704036241 6.0354349265547 6.66699875827 
2.43584315052837 3.92907700083613 0.38501558207215 
6.99701998465431 2.6886649888733 6.71596355681435 
2.44647561626748 1.9455065871034 3.56979946508931 
3.42666270318074 6.65901084783533 4.35676817672169 
3.51416025199718 6.72336334254747 3.70670610206661 
4.32981472781411 1.15690518307293 6.18053499628514 
5.69101264877072 4.67694659443316 4.16521976101978 
4.82825629331012 6.73159088417053 0.849534443667359 
2.01104724801786 3.19609085537885 4.88382253328821 
1.50930278922595 3.30702835895058 5.1479234087204 
1.50047552997434 5.66302521494471 2.83109689225132 
6.53137732541722 1.09535525964005 5.89218126514083 
0.970921575255001 4.57134313531509 5.87377231924543 
3.23561755664934 4.59980160212822 2.32168270623887 
2.6788982710579 4.63197465907772 2.28315903951043 
2.51004812998917 0.917791295287378 1.70818417355398 
4.52205682061872 2.21885391697844 0.415843303001623 
4.67495972804093 2.57368654573041 0.996313101437975 
2.88773580596171 2.38289068918672 6.94325616435251 
1.69110035181088 4.70809126677444 4.0363909310386 
2.91342286377473 1.47049949762702 0.883811277017831 
2.4504805671114 2.41160977673637 6.72923605351246 
1.80383218320629 4.29472279112694 4.81739295353289 
1.65968674007568 4.39126172106534 5.28372471336055 
1.08248508320154 2.891978258686 5.37706369560535 
2.7530109501043 5.60970959123821 5.54870660900386 
2.58843317720292 5.34387989929182 5.29245651694054 
4.94501103996929 4.67231120311851 0.444734444643124 
1.77712016934699 4.22531031731886 3.67988181719671 
5.44282772843597 0.473016431089152 1.98669097316851 
5.01055530852643 0.211773243092948 2.02973758942271 
4.18080199942595 6.78093169844705 0.974111639885132 
4.05018637172468 6.73211181461581 1.15662741341436 
1.63939130034034 2.10199534768184 5.738701589801 
6.09910859604303 1.3055153577926 0.269068900986513 
3.61443060994505 0.303423155077516 5.53786234308027 
4.27876777619717 0.490004510231384 4.75763765999166 
5.4566480413262 4.24108926902287 1.17742951834564 
5.03013476694553 4.77398775797094 0.99680877093946 
0.788478175345613 0.387148637698533 1.24099095099671 
1.25700012269864 0.592731905446183 1.2461462814179 
5.90108838506778 3.20538721570162 1.96682244941432 
5.49076371078798 3.2258698562428 1.82921273620486 
4.56466274487167 4.60836609106431 6.18579077061498 
4.49550576211046 5.15530249707487 6.26676042704469 
5.52390700323736 4.00747566068313 0.975223423475086 
5.41816623877172 4.01948380721116 0.677938085237494 
0.749200808385016 1.38337479497728 1.96088807457709 
1.30680475501659 1.17065660014523 1.6599384220659 
0.723974772933792 0.791020373005282 3.45852951059073 
2.25973971142789 4.23082701369967 2.50661267076816 
1.77188436363332 4.17399223827424 2.40174760539695 
0.838320718464765 3.46508121003848 3.51526942952316 
5.69129856045944 6.00954480018977 5.51677375274622 
5.8034608082477 5.62003905489491 5.51739466935237 
4.64852413425985 1.62276857131553 1.67500272389904 
4.93076137209322 1.43857987973483 1.36569914179586 
5.85758408723674 1.44629035919621 1.53050931310661 
4.73418048435989 4.6329035261658 5.06209488234995 
5.23698705994941 4.4031776466637 5.2383600832429 
3.44184047820533 3.71297274088205 0.294725535355098 
3.75401069582994 3.94702390126653 0.247085571456961 
4.36680171172581 6.57716856955425 3.91750598741199 
3.84475654384661 1.19435961795141 1.31896785492823 
3.02277731566016 6.39666348629392 6.4698848854666 
5.59934608573561 1.0253420064713 6.68974522204834 
5.19766768325432 5.26857868961767 0.668860516907807 
5.12036600197643 5.0891208564398 0.347342741068853 
2.48694380579189 5.86122531109102 3.83356322918728 
4.89438465667681 2.88027519000467 4.87624977060221 
3.14640105175297 0.337234147487676 3.14095064762185 
4.10496350543559 4.07966013353629 6.1189199396322 
4.0069850889422 2.27195102283766 4.14267212955617 
6.11775728336722 0.6734958915738 6.28609249928399 
2.35576313663835 0.483723051656838 4.82823842022719 
4.82248867019257 3.33014350540968 3.36022039862127 
4.92512457607944 4.00294167664039 3.47368652468976 
2.59095901371594 4.04863275091486 0.322265299965199 
4.94687081168305 0.218968809513314 3.05697058649859 
3.7253403818659 3.99208866301258 6.72666948919081 
2.1733739851156 5.92356057920217 0.719650203673993 
2.25673590206004 6.16891486166828 0.787831820031119 
4.86448353211344 0.672325451028488 1.31844719151332 
4.67550448508694 0.309666013250079 1.73001329152853 
5.36897867648854 0.964498554016275 5.62238112129886 
3.24045864716995 4.11093509868088 0.710910983959222 
2.60597414418234 6.2733665830741 3.51687744820964 
4.67376263170819 1.6149356773839 2.07873971743532 
5.08685604803801 1.40716476209921 2.3692739110332 
2.04716469855564 5.5043814094592 4.80809604658491 
2.02413867396829 5.53685198013232 5.02296514013826 
2.25830358180125 2.65231207691348 4.73650485454092 
3.44407903863832 3.56117141293175 0.373049298641007 
4.69541311743898 6.37369781588932 0.466247128131414 
0.794475068321786 6.26095703359092 6.50923788313158 
1.16349907534787 6.15113762746079 6.78649709573561 
4.35642420555255 2.93356638522479 3.93776407185736 
0.639770714263573 2.3073701399352 3.56975424829176 
5.91849770490868 2.7053237188084 0.704283901995525 
6.44777741455318 2.60950527335665 4.59909574369527 
6.23807333214727 2.01573066871816 4.83897238412522 
5.20207472757307 1.21887950155127 5.06422688116439 
3.54190606401845 3.72967860414659 5.51237216374123 
3.63414828440735 3.78908145075712 5.08344129694586 
4.99191942806099 6.04710327953172 1.61456419503341 
6.42081624520515 5.5281236473973 5.91081553031117 
6.20753133405455 2.90031295802807 5.08648881579022 
6.01203659858801 2.26786571704554 5.32065421178004 
6.26996066487233 1.30157950221797 1.49029293004002 
6.43644040195253 1.24275333849424 1.97825601806896 
2.22675121254214 1.7438598934805 5.0468859069868 
1.81330521603038 0.555068513663974 0.765310708960177 
2.01306032709115 0.337641663455157 0.904931429810475 
3.06586309539562 6.31659064275558 5.54295526783307 
4.3008828894626 5.28518242935144 2.28380115385962 
5.42211091908915 0.853796503805376 0.259504719644402 
5.78251689454865 1.0948389137513 0.548280501496939 
5.60893109873085 5.40322993599965 4.37404694821203 
5.85732225353186 5.19599703443159 4.94173877115266 
4.05522925897688 4.2360619479789 1.58244198768748 
6.878638758785 2.19647574541972 5.83556717886929 
5.70573077523874 1.95427079969887 0.520746883971185 
6.04270584740529 1.78078396981548 0.268813206072867 
2.22245005503001 2.76975978520576 2.10020363888767 
6.35334445207649 4.71927370229925 0.739006054371044 
6.29755535637001 4.73930082662089 0.370016416434341 
5.40674932712768 2.34746173539588 4.03967756786839 
5.2272544516008 2.40097187947156 3.79609798221408 
4.52615511793265 3.04779079053323 2.86750188947661 
4.44433174691879 3.23864593735423 3.2404031180394 
1.01791922235044 1.93231791467439 2.06719706734079 
0.558120567986409 0.918553496855339 3.10203084253237 
3.56376991708694 2.17029077368187 2.07382801908617 
5.28034066561277 3.62215273711103 1.21320818932655 
5.53802921471276 3.27029937241991 1.3462378309277 
5.02273735306373 1.6267989247469 0.802348826424099 
5.10084326239368 1.67955451209727 1.11342074511665 
2.63029746193199 2.33493827436119 1.0999464609205 
2.78767145436026 4.80361359994337 5.42760171314013 
2.00421872939602 6.86338952545486 2.91589589225031 
5.14095113607574 4.24971604363741 2.55516149726674 
5.17733201592776 4.3917368324113 2.9632868485834 
2.12593759107859 4.91295763223351 1.33174978492734 
2.16477836760158 4.86897832113354 1.46921208410021 
6.77808640724469 2.69210878377611 5.81159177562509 
6.84857841144404 2.98296455758686 6.29760151561902 
2.84098120914295 1.36607854025346 0.854972191545848 
1.89876106198844 3.12088016115929 6.17199601803061 
5.95120803272993 2.53601020631616 2.15541233244697 
1.0595777009933 6.3944621127275 5.02593134620048 
1.40164170942697 3.47938492461289 6.58347888771537 
0.917231099562026 3.42951129063153 6.5600878953281 
1.09214870857118 6.19466068292368 1.85196138438458 
0.755350743607375 5.86962264387633 1.83038289890879 
4.5441645573416 6.89290282772692 1.05630715167106 
4.53494169327239 6.83983985464245 1.44511028867902 
0.341555303388191 2.69946913233421 5.45231173620807 
2.25068906852454 4.74984250956432 0.700775444759363 
2.61359361724128 4.50010403149787 0.433154082388545 
4.51657678371672 4.45269281369555 3.74312054172073 
2.78038565705519 5.89556576802842 1.70474358109113 
1.05140896540868 5.40801883299453 1.04981453850905 
2.03984451233837 2.17780018059895 4.81165275564173 
1.02731416474142 5.78513219184307 0.476402165658163 
1.23056442269044 5.70474799655653 0.631871814349987 
3.25128369244679 4.4158524619115 5.89718759020616 
3.27388851104034 4.45572868950172 6.29777922653442 
3.90887666907607 3.45280070179921 4.23511377286393 
3.64526487350851 3.29606670060012 4.5363100669736 
1.97905857170054 1.28477803647887 0.876154169921989 
2.46501744386828 1.10085238483754 1.23733291486975 
1.35852149597787 4.20854114380534 3.36851539376356 
1.4424157461618 6.27764823048675 6.6567661926881 
1.47182171540651 6.0568175658393 5.48347796517921 
1.33843518979106 5.57157889829143 5.4416780745645 
5.44809199314706 5.82136955684645 1.91104708978224 
2.33858668247994 6.23223543193027 2.83734846963963 
2.38738611472169 6.37262804198572 2.63780901953846 
3.20961895553235 1.81842639279259 4.97614482615882 
2.69051897389967 1.92262573432746 4.55946954913497 
2.05781424554474 5.86563917779301 4.57382439803011 
2.56508059809331 5.89195397663465 4.29947651407212 
2.16505935660482 4.62492369562064 2.91751610018481 
2.15499645133772 5.05386462422761 2.89958139546954 
1.21158430439335 3.96913372214825 5.62480047343392 
1.05357429682737 4.39343343053499 5.55284330620281 
3.20594398278173 1.78503726698764 2.84630737930022 
3.27343744424298 4.92219883359568 0.309432963994579 
3.32077834471726 5.35664129918233 0.672833275428897 
4.06478541661831 6.43109055226743 2.71215121250794 
3.79621057850149 6.54270446381359 2.33802799410419 
6.83631463334451 1.53257001496994 2.11547817146482 
6.98489100740986 1.84383730557952 1.74678706456869 
2.82940680905338 5.58229648827502 1.67979021376504 
3.70005624448984 1.46468413360954 1.23637772797634 
3.47021556940392 1.37670400903732 0.901676207126362 
3.44078302579827 4.46817289598838 4.76459329301385 
0.314685190379365 2.04279146890165 4.98288689337819 
0.398035328164505 2.62666995129783 5.12140026087658 
6.03452779231406 2.17686071610145 3.19977577807367 
5.07110600932564 5.14022467939199 4.08677748716026 
5.52623628403996 5.13433109701529 4.08241537869915 
5.26420218267962 1.58549734308369 4.55962161155893 
4.69180474463217 1.54042594283772 4.11012242245648 
2.12171519404831 2.44969169451055 1.10245074533879 
4.97354044854591 6.15305289411984 3.04673314303086 
5.07821105996349 6.44424494134609 2.87841213874695 
3.04214670686323 5.39058411218235 3.77919804959194 
2.87714892842405 5.37096652989937 3.88756920047598 
3.60305115796232 4.07188153619313 2.57537026759478 
2.83268840250107 6.48069497900118 4.47639671131957 
2.75117368301121 6.56827736639671 4.57672025969996 
2.37399847035304 5.70815266602743 0.729857710266047 
2.70324975192768 5.78059042461013 0.854736416260658 
3.08654515376702 3.47964245886279 3.14605805418136 
2.91600810300064 6.56715546111541 5.3008487406122 
0.625845741134498 1.06772581191382 0.156961154857293 
1.23913015687197 3.45969296972389 5.10155697789923 
5.01918560063457 6.06543889964832 4.54406785319075 
4.23333117459165 4.14875876988015 4.37039452211356 
4.74994374414429 4.30009008955712 4.09389989517833 
0.240131005005769 5.87329475183799 0.9287170310076 
3.25835488442444 4.06470639182512 0.997865176950388 
3.93615587836283 4.32381089208512 1.41769288131749 
3.4761195115159 1.64351183118475 2.42578115859416 
3.85558558139435 1.5145900536654 2.59675201763083 
4.22553651477475 3.78111034277692 4.48771789952727 
2.0044807799425 1.03104481092154 2.96646742196207 
1.99630539203821 1.39881369510681 3.02206993377294 
0.944845397518242 6.74429869993069 1.40815305611155 
5.63934226237262 4.60573945520341 6.08657339435184 
5.50941739321849 4.64138114919379 5.9569513278778 
1.44842308576931 0.281845941603041 1.45462084779628 
1.8833581079757 0.110076153906481 1.22466507546353 
0.335395524613929 4.77499051291328 5.8758738800868 
4.74261360627514 0.704685481500209 5.16527878994294 
5.66947669061429 1.30468350000899 2.29092409173692 
5.61838352160752 1.51162805570867 2.43877549056761 
3.03692029579778 0.957201034795122 5.48694110906495 
4.4132667252395 1.2986101132685 1.4323788958578 
4.63117874249953 1.19753667081039 1.25395071273467 
3.74935594506822 2.54442269003474 0.764369306618465 
3.92238939642656 2.35621945250144 0.777083544282979 
1.4432782245311 2.62888953444146 5.81647237391142 
1.7994333074584 2.83188096535199 5.81920406124642 
4.69764717404602 3.31259817223428 2.05603545321651 
4.69306277607653 3.40137694148722 2.31674239193888 
5.91984030676281 6.32539029840256 5.18875880519078 
3.36634628849062 3.30368250925462 4.51222325243973 
3.09670943537542 3.45114489051221 4.07969658219616 
3.05372656139861 6.28842106560915 2.91892862802716 
2.81829223672717 6.10716591058684 3.05505175749293 
4.92803404297447 3.36434602276113 2.36464151249307 
5.29487373280995 3.84006375657543 2.53087533268691 
4.0989673359365 6.06129215533163 2.94946697552513 
3.94837268266273 6.2483241040308 2.91586494779477 
1.72832031121276 4.74423283129233 4.42766784534979 
1.58869866063164 4.56280539486485 4.55711392745212 
6.1569507415744 5.83847649733391 3.3963678100141 
6.05539368550198 5.77338690176832 2.92078945406503 
2.44210117607178 1.42849810634943 6.35623643450786 
3.34235108190789 1.04956166188728 5.11887523932809 
3.81707670204348 0.584267912534787 5.20039439062434 
2.85872388331602 6.14769961976243 3.30603286754324 
3.12214835208375 6.36904814806816 3.26840499258794 
3.88123974209796 0.399184334840465 4.88604829785144 
1.01907965970892 6.13182140096752 4.37167207923785 
0.992575477962256 5.56157940118075 4.29453628407374 
3.22594780315193 5.99489443237958 6.71572007217307 
1.46150966066934 1.71955754818082 2.91503641835934 
1.80622683840377 1.45988848160123 2.8367971943515 
0.818853614351513 6.33068690978849 5.66496634962333 
0.47219215228262 5.96099908455175 5.78035166007991 
5.53829932984097 6.12917186744895 0.892590840131802 
5.18248678065526 6.21007809226775 1.01717230941956 
5.05371842608296 1.4867112799092 4.97885180204269 
0.996739193112798 0.481006121901213 4.7355786928058 
2.46990079110988 3.4848190591971 2.96729812503361 
2.9346125227905 3.30995316222453 2.99705941975502 
1.5685405738614 3.89932050099235 4.45548692118109 
1.92080238849728 3.63563307362115 3.89038553374839 
0.600598376309428 0.386076180895859 3.60491568881936 
1.07488724408846 2.89567269044665 4.82500701387563 
1.28334824991779 3.21975397040188 5.11970429038492 
1.22446091926235 6.25585654774848 2.13809155294323 
3.6472496976894 5.40216350947346 1.75084008893951 
3.6109726856198 5.18328760338106 1.43405999550635 
1.09881685073907 0.22974158306912 5.07749484947329 
5.26999307816281 6.35570759709103 6.08614683197616 
6.75964930058752 0.825341192705501 4.60160993791476 
6.41400060406929 1.47869251291542 4.71923086195986 
3.13762863991221 3.78953765738991 0.610135433884779 
3.1876724545851 3.81933816412525 0.981703022066981 
3.74153364137022 4.07460517546049 5.06611053412284 
4.11022517749784 4.04340391273524 4.90688139125209 
5.04122612068206 4.01334867124269 3.98958837167683 
2.22144290160518 1.92298819465386 0.570953251126781 
2.34700077284164 5.0091735142435 1.14799768827754 
2.45987465409743 2.76687486083483 6.72354326717904 
2.95586231026155 2.70873733107463 6.97258764065894 
5.73156747780686 1.49054412749003 2.8690664100537 
4.49375778993184 0.81129685235179 5.12202937199145 
0.379337414539861 0.75404413513925 4.60523489034552 
0.654249184248005 0.343427917912905 4.5814204357759 
0.948723434290781 2.819186124519 4.08641558299068 
1.07794389269582 2.88706181893863 3.89943915544612 
4.37881355095247 6.32880844610084 0.504756120596744 
4.31353538492917 5.96535113875113 0.586243760711332 
2.77185784334619 6.62333529116799 3.69223975351202 
3.11734301726901 6.67778509060068 3.45686903260371 
0.831420641924911 6.19060185557697 4.65555385922482 
4.50614730973659 3.89325562085241 6.71721241914635 
4.67566126199468 3.5727758513067 6.62095867134855 
3.86392330126759 4.17428125180095 3.85076460817484 
3.87889595784833 1.18008389011137 6.49634096761688 
5.84277518572623 2.71916555458917 2.23236964499953 
1.47936321633442 2.41089147281708 3.34855513928123 
0.965693430022037 2.65808446156922 3.51594413183132 
5.23272990963875 5.32674510829041 3.51469063883831 
4.90514920722473 5.26116492786071 3.76319849744951 
5.82489419255698 1.61593432028884 4.40899623564023 
0.828619289888299 3.13231859147882 4.19120683864468 
1.04403370747705 3.1532639021268 3.90824903991646 
2.91409070475764 2.80905928378813 3.92876882363838 
1.94568147693332 0.934161833972349 3.56848315696241 
1.70538116122918 3.87672581949191 4.65873574241208 
2.82018469674536 2.58545143091837 1.01546054861799 
1.84450364404001 3.1958498551615 5.49290988391403 
1.61299906723853 4.81499307962376 6.60940018762663 
2.25142869920596 1.84645801202525 4.72802573631937 
2.18984596194949 1.75173523592116 4.61960101481071 
6.15905751131448 1.91110888275879 2.93896792540581 
1.76696506814806 3.02324581537443 1.54336722396333 
2.65159120165891 2.33124673161664 2.79812846365836 
2.37784783852694 2.35543779391869 2.49296512587089 
4.01772876525579 5.48557479794134 5.28058981277769 
3.9143159472914 5.47971799980429 4.73656621181905 
5.79854690354646 6.18295759942419 5.84190612584109 
0.537703349084125 5.4792467921313 0.876181576873017 
0.420825241644635 5.81960991827029 0.610687760175252 
0.387043760900911 5.9089223020675 3.45819900004968 
0.718192589081119 5.9208287787037 3.58370027835419 
4.29614882357091 6.53949793655084 5.05423097369177 
1.85137009428842 3.51882162039723 3.79676168614829 
3.75869661185454 4.60383192429128 4.47422967688308 
3.86626771338423 5.32305961907922 4.55847272333249 
1.65795765534351 3.10427163069467 6.4453986818665 
1.2346532261177 2.6469978791344 6.18992182789359 
4.20849985283809 0.747014681537346 4.1795622773757 
4.26612986339068 1.10748989959996 4.07999770478311 
3.1463130607254 2.93401999804092 3.45867392300249 
2.93730788271991 2.92062416307618 3.14510091140138 
6.35083732133035 1.04868434497874 6.57216438826438 
5.19042811831904 1.61231581064541 3.10864686941501 
3.67065054662426 2.28806669406322 3.48709794993919 
4.74393344141246 0.353299258118498 3.18524078686951 
4.64260132493201 5.43932189685178 6.14774804610836 
4.75555697543909 5.60460258598435 5.62255944215673 
1.68826710545122 2.00928967323618 4.32077922563936 
1.6160402176154 2.29167336587835 4.50718564078569 
6.04463159094256 2.3519873417755 0.761819554072593 
6.31048657614918 2.05838404367561 0.390759972467216 
3.41757705112999 4.37370365399161 3.8199520046561 
5.82287770634456 2.0644841050101 4.06489916892974 
5.79125198266342 1.75158487524973 4.43659814212853 
4.00184618103048 4.30994483917603 4.01043273202602 
1.61804680281325 2.49771641292001 0.393834691263036 
4.17447763115674 5.21167854302282 0.0878182605597228 
4.49261182730732 5.11018583747283 0.0196273014835749 
3.66914289192175 4.18209842605299 5.70024378191905 
2.97711820575104 2.67004396702868 1.95135884131723 
5.28536575577718 5.42643877265604 2.08747837107915 
5.35627917658 5.27461271552517 2.02398116691301 
5.82320831884286 1.42009087093856 2.14797165560033 
5.7629548460598 1.65087915984629 2.31509143350096 
6.62573598482544 0.938155145329385 2.11793005470538 
1.87271716404169 3.60203280288128 3.65828111489213 
2.17598007558343 3.25990010783639 3.06653163800435 
2.20166611721815 0.686969594893205 2.00674800554887 
4.58023635631413 1.380684226115 4.93363034640397 
4.40017993890612 1.44670748068381 4.31792884232996 
2.81913057130668 1.34525186397148 5.66391642523734 
3.06286376146197 1.23605639784625 5.62532639538231 
2.47892827894797 2.53199151090408 2.07263130677656 
4.8458373921849 5.02850455025383 1.27274718583035 
0.291954444480806 5.69352635529687 1.0771611505918 
0.775261331272223 1.54694552039084 2.81343781087931 
2.7588077599208 5.31323963538 5.7665355445855 
5.45364179946483 1.60684900371749 0.829787901752414 
5.44541454529208 1.64939759346289 1.08208801994709 
4.93790727303085 5.14051097955925 1.84025798111942 
2.60632775981969 4.73822052369509 6.8532485199344 
2.39708267907355 4.95059649217131 6.79003905990513 
0.63961555173196 3.6152034520192 1.32823254141357 
1.55090884486936 4.49075554952214 3.98071751695211 
6.5212482699645 5.11577368654914 2.97683134849099 
1.20557507868928 5.50822846948011 1.42233365574188 
3.41672764977492 6.38808091199822 5.80035043813429 
3.58432451328423 6.22016240564623 5.78612123513162 
6.48727440003561 4.0492498491084 1.88196121957106 
6.41958638793591 1.35391833093289 4.82918089308174 
2.76138290349971 5.45318662884759 3.72121016843915 
2.8762275498999 5.47656419407403 3.62652026920022 
2.68446098037385 1.53189981421898 6.28297082775582 
2.70174695579562 2.00480236727211 6.2693413419273 
6.22561138077046 4.11607206038231 2.25497487916843 
6.09632500506297 3.75782805472867 2.3890023435064 
5.40051670373832 3.75823968519544 2.87567409569579 
4.87131781521473 0.582787492684882 5.49057774408743 
2.22964685714079 1.51362281409363 0.587908376782801 
2.76892201837146 1.44912531840968 0.699098344939636 
3.11559467797249 2.13413924239853 6.68657955362108 
4.39044546478668 4.33675998334241 5.82239828691722 
2.54280475287308 1.60932334984934 4.17189608471659 
2.70331006193801 1.67203532862322 4.17044008307605 
2.45165145064658 5.37612338231547 6.23128250063066 
2.08188008688666 5.04158625539333 6.15904269986624 
6.59607165866468 1.29565826308992 6.24515709271323 
6.47979568668982 1.6952872256529 6.1966682574912 
2.77163568475992 6.38754751697499 6.40934635267021 
2.64699299356941 5.31580082657571 6.62854364531385 
6.32007085833723 2.31560670497314 0.996018320349852 
5.60515404429705 2.01770344565511 3.42351455005894 
5.41495504471581 1.57240001104355 3.1876766047317 
5.81884490832618 2.00862107264791 1.39014537608662 
5.66122759478923 2.2567551036845 2.01394095940464 
3.38470753206014 1.77289534845932 3.82616047868083 
3.5511327506694 2.22267968455418 3.80794788213586 
2.52841393811282 1.15560631844429 4.17250783068622 
3.38669200686977 4.53415534132176 3.97448035274878 
1.00762173265258 4.13491254910025 1.55378805307726 
0.746438517216851 3.73930828083877 1.62595393076689 
2.14857867637497 4.43294996532128 6.42240221426298 
2.98752830278726 2.66782076710108 4.03667441438137 
2.88588251303167 2.61482035355867 4.05504779070389 
3.72343605718066 1.17245065204606 3.4277162834093 
3.96636808335075 1.27545728548693 3.15495576597616 
2.89269578445793 5.58881692435942 6.84415622435206 
0.343499207899509 1.223146115093 4.05132417243842 
2.76353230877601 0.827695368850046 4.51266674488231 
3.87728586649508 1.54864584757191 3.0343030578529 
1.81156362717125 2.75887879385207 1.65882072525948 
2.00469276860122 2.39594191302717 1.419597638713 
0.692453534504365 5.56738367384988 4.96881478392028 
0.842073366784348 5.29521471161444 4.72361512135359 
5.99599686015292 6.94642119616152 1.62042050450563 
5.82011196058193 6.90119365078486 1.87607423172664 
6.91420893690001 2.00358031460535 6.28830407031333 
2.73594267451552 3.55898011678666 1.23805017342362 
5.29099954497994 2.92768105341189 3.61211018347971 
4.65718505346014 2.34623038976164 6.59101444819163 
2.6899348157579 6.07764056199623 0.94159504540681 
2.71850735175144 6.19245616545925 1.3455524202977 
1.5860668646862 0.0378110224605018 5.01183957792641 
1.79249953037374 0.185908551359788 5.33287065498876 
6.09408906108057 5.01075756007149 1.93127265532231 
5.82356373544912 5.25651336923471 1.67647742866965 
5.09430822373326 5.59315921752033 4.58077691211172 
2.4231860041106 0.741078613050054 4.79554507834364 
2.21375567101515 0.979137606523138 4.59974027197032 
5.87487519946875 0.126274254643003 1.9267813741162 
6.0370905069484 0.140263080677793 1.6758955057831 
1.33490041844522 1.11682891143911 4.55092749268692 
5.65283614505392 6.63070804563088 4.79340183595124 
2.42084487295829 2.17174208900189 6.34101770614538 
6.28655827133481 2.18170145421851 1.25968997904457 
6.41769123825815 2.5528007850357 1.65967592114892 
1.52094737248788 6.54335338922882 4.0215779241084 
1.15056490713795 6.58467152364312 3.87607036485735 
3.71638782651039 4.60424128296984 4.14622804888251 
3.8203351436795 5.25312734768322 3.99681093602432 
3.28389756810749 5.9446455031143 4.73927850304369 
4.51024271998673 1.80460793501039 6.08750853847471 
0.801007903838341 1.10323716983303 4.82108246113842 
0.952750957632406 1.02152810006167 4.85097539105021 
4.87502486490314 5.4461276703066 4.44609731070026 
4.58786136361177 5.12535872135315 4.81129169498635 
0.061520196624316 4.89367248557259 2.73085175446917 
0.0312628447242024 4.56159288112932 2.74251314766839 
1.554856979843 1.75706482867051 3.47616451890997 
1.93001127528412 1.47976946986094 3.34489544291055 
5.67374001925596 1.3053321337078 1.37804346304528 
5.43674493832615 1.16076856890387 1.557573278335 
4.98320913583366 5.98746825341825 6.60203806064265 
6.58214110555331 0.510410218469697 1.54201901968329 
1.4481352313071 4.36412773558705 4.34472188359355 
0.772914168068613 4.29856186613262 4.31371856444302 
5.94534269403787 0.875397485010006 1.13699075272874 
5.76609076591527 0.612558395338223 1.2496070376647 
0.634274250216883 5.69046888381988 4.76506835211447 
0.767957335955226 5.43875805023658 4.53754818285375 
1.50424922317123 6.98387125014583 2.82931018904344 
4.48584840529341 4.65392395644775 2.10674152141256 
6.56974676148983 1.49274364682567 5.15260880220098 
6.30196680247184 1.42656227275446 5.54575479491792 
5.85381584523205 0.47598935773354 3.80555291087817 
5.80175529016963 0.791109249107905 3.67950322662366 
4.4408165888452 4.55697836548558 2.88905452946983 
6.96442796041068 2.29898223691552 6.68891902220119 
6.64867493529092 1.75036837439102 1.23917482670896 
2.99930316217848 6.40471786524164 1.38653435619884 
1.50798837190821 5.463010966685 2.86610169653479 
1.06170637411765 6.13380175127535 5.37130269912671 
0.917058288630165 5.72968762139262 5.33019671929496 
5.24371900952891 6.1347956054376 6.56095494429205 
5.46782079549739 6.62007097602431 4.73134993484034 
1.42333561394576 5.04428533306257 2.58430349359201 
1.73395992281463 5.28742349835697 2.7141661261742 
2.50614148063119 2.71884893318134 3.19256792281876 
5.90753858521977 1.05476934152394 4.93073882847508 
5.79290038225292 1.09816632260536 5.39149353611512 
4.9647638383585 2.31068746156325 3.96721359148452 
4.69737319201191 2.07370188385861 3.83979647237948 
6.34943904961559 2.17096330280562 3.60301281279445 
3.24890955395058 1.0218821942209 4.71883505580163 
3.30372227252654 1.43788690953158 4.58361527102406 
3.89134859493873 5.89035020361764 5.23112083268818 
3.060567863279 2.45529599447438 1.61957602174672 
1.73759346727899 3.83621835781929 5.90491969263812 
2.2170949954581 4.26181443903402 5.9245327946882 
2.84405304004285 5.59916943306255 2.96084004707331 
3.64886674958697 5.37406647353596 3.83147679953783 
3.3107005032076 5.13719546010984 3.69259548550299 
2.59115124575362 1.13456196020857 4.16834564423868 
2.79220802749369 1.58372257420987 4.1587156865423 
2.6099078188989 5.10235169989231 5.53130755486598 
2.15667371871576 4.87237776652745 5.70421369889095 
5.66284701932568 5.44418911388823 0.673853079316639 
1.45274023745853 1.36728816045264 1.04141696632283 
2.06092268156035 2.83728860549874 4.58749081496902 
1.61045778909261 2.54056614628554 4.42167528791048 
4.67671879501176 5.11616520341926 5.08405390902088 
5.10630115885812 5.39177984985263 5.1882313049665 
3.70216734143856 4.2295658791088 0.456271165577184 
6.48790492938322 0.253093838817592 1.68323115549049 
5.90633011671589 1.57932038832452 4.11183140679249 
5.87475352585987 1.97182752652549 3.921524359303 
1.69153266974543 2.82699607437216 0.432284193906497 
3.6259047449386 4.78250993894691 0.202715473799174 
6.49753931306678 5.35527351330341 2.60208696624783 
6.52941050118122 6.00252878882981 2.42925782521809 
6.42651213078051 3.61765205423862 1.96525635656166 
6.18147431930444 3.58850682485023 2.30282968063162 
2.79390425653473 2.12853295863902 5.85649663728073 
2.82224929453389 1.68119471873288 5.48599679343458 
0.896193520330061 0.279392089528679 3.60166556981139 
5.11631815497166 4.18841865489533 5.47774266487519 
4.71395152591403 4.15108787670068 5.50332687756462 
4.8891811886069 2.2824617318027 2.81244437531211 
3.75362232975748 4.30690130846739 5.54448034938628 
2.22170787876435 2.88996662523634 3.15061571899976 
6.01712978746257 1.26978341767016 6.79065874377838 
4.73268517911668 5.33313972041373 6.23992650180359 
5.42980337796672 5.03386258530265 6.00735576363264 
1.70064238304401 1.80123573117545 6.09253228596153 
4.11149807312572 2.71593349965879 5.28550277489776 
6.53047377894672 6.01937107745339 2.09529317867187 
4.35431255242943 2.39055669853923 4.97205012977114 
4.79685601402031 2.6143524745582 4.74106249135806 
6.80000845588193 4.60274349396828 4.52197018758788 
6.24089831446582 4.72576625990089 3.70480031063108 
2.7269833524379 3.51618394908648 6.29987713565226 
1.1219243659528 2.57459033712839 2.23011777270562 
2.42246178367245 0.761597722812388 5.09895070955078 
2.21431316157885 1.10187113798986 5.30138860052914 
6.36659550458757 1.89965935465782 5.57540171773632 
6.26923615710463 1.75119311379606 5.70563245998117 
3.5170548661581 5.91232629625816 4.62498084102239 
3.83781753087648 5.87528689337281 4.810149820513 
4.31255349300926 2.96060500645894 1.84348326500872 
3.66085340126177 1.70765819018103 0.548071929329496 
4.99794885439259 5.51591515804405 6.62161444498719 
4.13852748773395 4.31504057354387 2.98007002619527 
4.06626615099187 4.04690897066082 2.70310505694838 
3.48718067051008 4.74321692789005 5.48904321723846 
3.86182639063749 5.22321778667404 5.60488867561163 
3.40947339671528 1.54038067902577 3.41125435611114 
3.51134771800228 1.70586408082802 3.20513086667059 
6.57868213552878 4.52190681125777 3.98601320382996 
6.61516705912859 4.22117714611228 3.71873804399676 
5.31188405084318 2.23679381337926 3.40655160379735 
5.03088463933931 2.01671968618261 3.22513613761318 
2.24761127301265 1.83696583499287 3.64951754328719 
1.82549782483052 2.06348276338963 3.72765051274713 
4.59502585635301 1.66144403935286 0.426489645408974 
0.736316234175118 1.81405403073683 4.43656147804825 
2.12241048793023 1.86252796927347 6.41301495047748 
0.551079488707424 4.14514800972882 2.61109822892283 
2.12527421661244 3.61868871792996 4.59743722108905 
2.23371882699976 3.5092974226277 4.17850480101684 
6.27991591295532 2.6797621479449 4.26038648858054 
4.8071601199594 3.89450386847115 5.46109726544914 
5.14560608048861 4.01451773561205 5.44615879909073 
4.91795154464969 3.19276559214495 3.68462893747799 
4.54660702018516 2.96259611640107 3.98979410459794 
6.2541470953431 6.1520412656834 1.91092511366447 
0.941518084440776 2.3279265533072 6.35770703329611 
5.02446213682114 6.60966215089055 3.76755759219386 
4.70824234934903 5.89748498043977 0.542344595872997 
4.82927935027491 6.1772742265279 0.473354524041564 
4.87785093443588 1.03206886156315 0.356902760674455 
4.78330654252824 1.42363970444404 0.697157045049135 
2.83418374583554 3.88666855261061 6.57173776036851 
3.38977282972526 3.71694950730343 6.79397008237581 
4.01836231225045 2.3240010119119 4.69329534881095 
3.750446843564 2.56685736064564 4.85592938766469 
5.1342713330272 2.77651478176572 4.88817976696168 
5.01178030464766 2.51359865315028 4.7496618671586 
2.07266213887975 0.25817877315501 1.83067724136753 
2.18586054940671 0.155284890980648 1.53757419020417 
1.83022456696888 1.18242576919656 5.85471563304062 
4.56417100871694 1.85050773600484 5.23968390991355 
3.46230394818189 0.645448486869667 3.4434204343492 
3.64056211058282 0.465887782743429 3.79797845660698 
4.20856039799162 5.13638099346156 5.68715191749569 
4.27945055871228 4.43547279619822 5.63897527295128 
3.39222349016835 2.97064110208248 6.81641946866373 
3.46846081090145 2.11559474674749 1.73551007608878 
3.33020379062043 1.73158194595659 1.67334312515389 
1.03994566148347 6.53429282278075 6.18166981027146 
1.37487139816893 6.50091167217994 6.2520610841704 
5.92455292846612 6.58653372666317 0.891936478239349 
5.72534802271552 6.82319528636071 1.05340477064242 
2.42057821073369 2.61536621470442 3.48942250267038 
0.189204565519152 5.42983676669233 3.52131962531694 
4.23025362878303 6.41821483416878 5.32661462155126 
3.9496016019735 6.54961083584743 5.66938268681769 
0.523708893977047 3.82974509658446 2.68077389117926 
2.78996447787672 2.75360952609482 3.94124959237238 
2.23311741560021 3.04693924714222 4.11080320176925 
3.49392066189569 0.444531306055216 3.27093145840483 
3.68859689965789 0.183476824665581 3.55245282455475 
2.0499045083939 2.91137968001347 0.920106354886247 
1.88843982915488 3.13476878525945 1.10336115187473 
1.55271326912327 0.927170145010654 5.97090204420099 
0.259650988465563 4.78889537110812 4.04019448558754 
6.84979889748994 4.76398893770998 4.13312429427695 
5.41111929610633 3.78101096457697 4.25002134394294 
5.47080554534396 3.71461840266931 4.56315470997673 
6.69645669095622 1.73884483959224 3.1931578383794 
5.00151721800623 6.14633581342354 3.38158089409452 
5.1341541991654 6.57550328673155 3.62325520506696 
1.91754261356013 6.27025364809838 3.48383228923061 
1.37306227522956 1.81665985934484 6.30089965082893 
2.42419764159735 2.23624895400163 1.72646581486255 
4.39042278261412 1.58212490476625 5.08909066384343 
3.2005141800988 5.99859984697572 5.41821925421988 
3.51929347771595 5.95472822802278 5.56770355311942 
1.23700406887457 3.1548597271491 0.548628001513113 
1.25550426301857 3.26146164145513 0.729896196380362 
4.33624035566333 4.09601116333884 2.40543122690704 
4.55497238525208 4.3744953399578 2.48003312643234 
1.74228691262234 1.36617893572902 5.28883274478575 
0.972528182940685 1.07050103889754 5.00424199426746 
4.60652959965762 6.08666154642189 3.65080006723989 
4.6389906052128 6.3181847224962 3.87624625510795 
6.64671335772867 1.05148851562281 0.834301038936459 
2.79204454103631 3.75986683534774 4.1673605166409 
2.75406079683142 0.871457188008249 5.475890397136 
2.57757258480686 1.10314125680142 5.59134221023078 
1.28771165095349 5.85377030567969 6.81180435213067 
2.90255070567986 1.74788802194278 1.52026050747108 
2.74257938129137 2.21364660083574 1.49897709980933 
3.985237483159 5.4211701818677 6.40181732303933 
3.91005163035616 5.80867346247602 6.49019824907763 
6.29098206822099 0.834017350286146 3.67621469636053 
0.188371355239004 4.45104300882322 2.88474446496135 
6.67156144531265 1.95245082399086 3.57551765171628 
5.04641509084635 3.70607132431806 4.10893485460724 
4.70774033181266 3.50807248941729 4.3890269171356 
4.37157677407495 4.97600740588337 2.90909723240245 
4.31075091403515 5.3425659300622 2.52047814845747 
1.60841669584942 1.98140603655797 1.07336592365813 
1.65125233008588 1.49100562907826 1.12026495280728 
1.42783285160752 4.41107012558264 6.67139287803714 
3.02749097751949 1.01277672509622 0.828544952404456 
3.4824978550092 1.1201141691263 0.870028246855763 
1.68281806476974 1.47687517746435 1.62633966211712 
3.25537594855678 1.78865240514439 6.87423502860347 
3.53894113592672 0.518105602873042 1.55668710633675 
3.72050303513213 0.955775659837011 1.13296520392306 
4.44834131822314 1.95095479979156 5.74597957075241 
3.63912332499369 5.46179003162506 6.23773916212044 
3.65189199858909 5.80314163185675 6.34934323748304 
0.401967651698352 4.58025078744837 3.7594246654445 
1.50458862361905 4.03702029530813 0.730189824306394 
1.20548386807916 3.54645291406153 0.603560326383805 
6.54059868892709 0.888772829899654 0.879127571096139 
6.38992171285903 0.836028624514517 0.652365403045742 
1.82408789742768 1.12618912695011 5.51639320155813 
3.67421400878869 2.81222550299811 6.62138947968896 
5.37145974148944 4.33220368484283 4.2851105246109 
5.35544793743197 4.08728418886999 4.10251285605168 
0.474361933229789 3.33248670649159 4.28221330200123 
0.502911182569088 3.67343589165718 3.77373832907111 
3.94918465923763 5.25261236123974 2.99039657867846 
3.94551146053913 5.4250558139823 2.78671412114985 
1.15864169659858 5.53668407896581 6.66927799857034 
0.692425049269211 4.32020151162048 3.89191963022874 
1.10909932311744 4.47505296878906 3.65609253441381 
5.29570733844863 1.36092491603573 6.46603082575723 
5.14811614229482 1.28523189395753 6.1605478427529 
2.97552207077842 2.16522832936559 0.447534734095636 
2.68103996766904 1.98955358024175 0.710017030991582 
4.00875361156125 2.8856838785494 2.29395248379557 
3.97236934991489 2.72448032388182 2.35475899336975 
1.09605092100666 4.22764948348477 6.38986447566499 
1.20877371459617 3.91007129590018 6.28114148483105 
1.65763174901013 5.97193801855273 1.08130786355048 
1.56105331398848 5.75176534148182 1.42033401483959 
6.52174647971494 2.16036713896208 0.859366557288345 
6.43003421725773 2.01072500220972 0.446088137955836 
2.8518709944856 1.56821939854418 0.730972977873011 
3.17809341554857 1.84172837906222 0.406486690922406 
4.55468451884252 3.14585111860736 5.31960320507474 
4.19686836444508 2.99839083146123 5.38632860534882 
1.17235399387013 3.37745207690206 2.76144747734474 
0.945460727544097 3.25838397624701 2.27259580231634 
1.62598194948891 4.15548104863541 6.6326318425465 
1.43084007759482 3.85500637075801 6.35625282636316 
1.14036601968089 2.92236234574325 2.82940601015065 
0.947998969300719 2.77571410914876 2.38811592195805 
1.03188991926055 4.16254187857457 0.901794851828003 
0.850222876364756 3.92608473840345 0.8225359981804 
4.93702046151107 1.46489159808867 6.6038282093704 
4.80216858791757 1.38516468371042 6.30142591448576 
1.68052078577699 1.63956592818177 1.70406864536369 
1.63881254118285 2.07801579250332 1.38927389901832 
3.45607316265097 1.15527538404151 6.38028968807347 
3.03205112372019 1.3913717753109 6.64291024942192 
6.54943976704833 1.17409471189078 0.435292879816388 
6.47025856416287 1.10601542323153 0.392811532396375 
2.66381275860438 1.54383542419219 1.78148182565089 
4.31017922634902 2.04631214401374 2.3550325616924 
1.54876835115686 4.70829017400443 0.67322079493597 
3.29609917648658 0.853068400357926 2.2293511784027 
1.80477676618803 0.185800385785805 4.62299439558313 
3.01725133931625 0.984060831891186 2.24746107486843 
3.04169419807342 1.32103661959245 2.25496417623639 
3.77073883177223 5.66155614152825 0.671911526792925 
3.99852596943426 5.83802669066558 0.957140772363824 
1.10954134819926 0.445709966036413 5.46794698553789 
1.44262396619871 0.454653198614292 5.61595297851775 
5.60043331794559 0.849037366486473 3.35899000868214 
5.41096766674634 0.374732379063159 3.06436871033251 
4.72141674555273 3.14433330650506 5.78126930596367 
4.16323563840955 1.38414163925421 5.35509020899808 
1.46027019945477 0.779697130220484 5.65072510773586 
1.06816018773086 0.743347928044544 5.47062607255894 
4.06202721441338 2.31487455546041 2.10836469820683 
1.89564294559784 1.40072162901614 1.77843557987512 
2.42864554633821 1.19122445748705 1.59526032673071 
6.21410963922786 5.21059397295716 0.772244104453428 
1.45411007926906 0.345934987064289 4.12418067108111 
1.4816267381676 0.461519736155104 4.36846321483323 
5.13227954788899 5.93279176220321 5.38753444047242 
5.04477608697832 6.26302025783094 4.92402239116674 
3.52826068203618 1.14682992524516 2.19988756714345 
3.34065176088388 1.41495166393132 2.19897604683677 
0.568473643371666 1.82698279918758 4.24199313434017 
0.531889096059658 2.30716323684983 3.91146761595787 
3.82774424470918 3.21296824859316 5.88648711875488 
1.8992037699618 4.17087311690052 0.786344905461816 
1.97510459357058 4.59606053598615 0.848460909337334 
4.51866440565035 3.01125879433984 5.90642942297121 
4.16036229226665 2.94007504765068 5.59520716974995 
1.89771502459987 6.3494956789318 5.53785039785238 
5.91455231969968 5.31980029696569 0.965789105639036 
3.03652591462727 0.758261582764178 3.4354222046912 
2.75671832984433 0.702325408460238 3.78841892239408 
5.00599463333428 2.05071914827055 2.38062411245673 
1.38950999638059 4.42495617832741 0.574596359579301 
1.57624433236871 4.13249112283505 0.627312813722248 
0.685869839273467 3.33556812921481 6.26865086966783 
1.85207378650297 0.917376975707706 2.09006492321088 
4.05931278208972 1.7508942018466 5.9670626251172 
4.20624251081816 1.70967996430202 5.92044639623817 
5.69320198079621 0.612828242808623 2.50726121001894 
2.90090092336698 0.57850367774767 3.2603518836634 
2.60439039870116 0.47835001120905 3.52308656675199 
0.657557907346966 1.33630055337468 2.77576189351025 
0.790726879710935 1.00190390537602 2.78639426279828 
0.605712596978764 1.18201263438723 2.25466355246789 
0.780990893051169 0.836094804913289 2.45680557925312 
6.16656349905721 2.98962226348341 3.05806002186847 
4.09208579783919 1.72039808810237 6.06608614159311 
3.89193278669235 2.07001441185804 6.5875895176544 
6.42567352488996 0.713095387526453 2.44016114069752 
4.63905758418657 1.92764908538315 2.12996551848859 
0.65867911940815 3.27502305403343 5.76234738037702 
0.77928565517039 2.92987236705858 5.65673060379829 
5.96677073967521 3.21535732054211 3.20402763777515 
4.90839070568259 3.49267559039388 0.563531932571343 
1.02975124586795 2.70590643207957 6.1847330341907 
0.790579349704714 3.19271070153323 6.42278920988028 
2.20280272475645 6.42048080870471 1.46601192462512 
2.15534455742706 2.74046775813017 3.50158497999491 
2.0120076080068 2.99433745119977 3.84970374563383 
0.508783562581806 1.94250217659816 6.07843096388654 
0.672254903334182 1.73368466493576 5.97038768134252 
1.57448311899804 5.99649057565207 1.54215094197478 
4.57833164257137 6.55359538726153 5.1688489096495 
1.36428115958289 0.804532407335795 2.77084133059961 
1.78826109587859 1.0799317270597 2.75906193488595 
3.72776096504332 1.73103161794571 6.80896687084706 
3.79381777830454 1.32758982594864 6.45991923689531 
5.86989140049372 0.890580878532879 2.55561840084953 
5.88119859134422 1.06836554718327 2.95790626957084 
5.39072587544263 2.95628734491364 3.20339967939304 
2.56236919264854 3.17608205882869 0.51653244040449 
2.46637012931814 3.08740494278067 0.838208444855013 
5.87174742680504 4.32252047256774 0.186681880213246 
5.75706004015224 4.01786262814048 0.51732395337767 
4.48076408516614 3.64168351167921 0.393030268323757 
2.70936998709184 6.31716499396163 5.72400629566718 
2.52227837047242 6.04996785763386 5.71756643139292 
2.59372691292327 6.47163404342953 5.58094909569193 
2.25837865810032 6.24372331753839 5.49202031727263 
6.70803878578477 1.30555184978157 4.1792336748094 
3.16394744142701 6.4303215628906 1.13207234458579 
5.15391465234249 2.7205719927327 2.77763104130254 
5.41299464052532 2.73189686868835 3.07000254264135 
1.60949630709009 0.359818353683672 1.86027594886843 
3.18862826361867 3.63369442643836 4.84965247422997 
3.66712182060554 3.106710472476 6.31725635059358 
1.76460209963828 2.46666037265699 3.62248754217324 
1.66005505426537 2.70604403432408 3.92413057097592 
5.39192898657642 1.08351648770569 3.50018415374314 
6.56155782681161 1.32838473382182 4.00068701510489 
6.74087439644741 1.46792506818995 3.84743150092513 
5.37099987168344 1.03141391752666 4.05621658443261 
5.55257648523446 1.07228164759811 3.83191150653153 
2.29016524417355 1.92309230269967 2.4670775918766 
1.86971447418655 1.73724449425061 2.52059193830194 
0.484420617963826 3.34909147235872 4.34005296712267 
0.659543550691323 3.78955932542657 4.53827114018696 
5.91584296217318 2.96816563254876 4.2659755795013 
6.5178823810692 3.02334476973746 6.764709909262 
6.55781780050409 3.14533199694353 6.41199260066387 
3.37317472737829 3.23279123565318 6.5694390663413 
2.91807159642797 3.25910993667551 6.28683204472175 
2.62944842477 3.58616204040868 0.643588838648398 
2.50939441360114 3.47814989893264 0.989555677554435 
0.810452708558608 3.23385314398731 4.42833904146035 
1.00812493372451 3.5802578693649 4.61781750800569 
1.56051470977213 0.759319002958194 2.0080392838201 
1.27377044049875 0.649785369617217 2.39659548148399 
5.09982690145888 3.2079683471819 3.04624833477775 
4.95144576312029 3.06656650241502 2.80604072309673 
6.73072617340519 0.564764346913381 1.8609501813211 
3.30815035395562 1.49831609501883 5.42101956038722 
3.4482402086293 1.39252850020778 5.18191235300036 
2.97785232451267 6.24215989387892 0.80946047856203 
6.48503315277653 0.437088924560681 4.65803763407347 
6.0972124728664 0.47366453558602 4.800709268102 
2.85290366780424 3.93188218328951 4.60051548938588 
2.57810982529997 3.90048625448464 4.80710511883041 
4.47501980166034 3.45702502130513 6.23932466590544 
4.14809008970757 3.79997916710707 6.24163342062871 
3.96394612336754 3.30287904499717 6.14809396961706 
4.34239033630585 3.21702797393184 6.21416176104943 
2.52012808717238 2.4315980500528 5.817101642935 
2.21851101953333 2.4502989993397 5.58393175300376 
5.24292041667996 3.34537323445394 5.95557307061374 
3.6096063533432 2.56728946232595 5.74857087459232 
2.36234094927842 2.4597460278227 6.01339754130541 
2.06847169231632 2.47367661613446 5.76825124684978 
5.49711643666713 3.59386982336161 5.80147289948064 
6.36558044038742 0.261573628756424 4.41452316009836 
5.98146932199085 0.307742969550104 4.57809796231411 
6.74336992188572 1.94545486865952 2.51047604843783 
1.89577219515849 1.57319873137985 1.86256803180124 
2.34564692959578 1.81497671179851 1.92990963867619 
3.35236343705452 2.4977429083568 5.58042962422914 
3.016779234029 2.79665738264569 5.60705917518598 
5.78072432387345 3.15982430705911 4.65958127256732 
5.7908182863331 3.51972770380679 4.56517904266017 
4.59260684093795 2.053829270416 1.79951361136782 
4.79206947328597 2.3562133384525 1.63159689615634 
5.98484500118131 4.18413603755169 6.22186579829419 
6.19980728209147 3.84314143483262 5.99662116908129 
3.52222451285955 4.10294341360748 2.20329749290487 
4.96215229714069 1.01307216134908 3.49911493039753 
4.8882252000103 1.00910497334665 3.78012418613655 
1.13748932430795 5.20812352745695 3.59711015861695 
3.61051758125646 3.05790836456038 5.98261125129378 
3.17147957768571 3.17107404827989 5.85239023901321 
0.763383180665972 1.80321206212612 0.746145176842439 
0.710466131122433 1.691511761164 0.324491856498225 
0.894336694468521 1.72462912657996 0.30904585097717 
0.953013357753426 1.8225841861971 0.699545271472864 
6.65250382921934 0.361292874900996 1.95753606727821 
5.77091391138167 2.43216390507096 6.24999292016322 
5.95251708293496 2.84242646748706 6.39068445654947 
5.30004705726854 3.56401086531988 6.51428376117417 
4.26578910665367 2.28915563414923 1.74146303743676 
4.40573526904833 2.53589114429273 1.62298833606403 
6.33235091515583 6.65487367483126 1.52429233925527 
6.2712561268353 6.45278457490606 1.11911652626225 
3.26390032941054 5.16297528889545 6.3335726752341 
2.91467708873897 5.27021525309767 6.65926159617946 
1.46385444153484 0.551571930077092 3.07825940394725 
1.10483182578576 0.591889918518198 3.4944234731771 
3.29180616331905 4.88449723320765 6.51389574619198 
3.0060247593277 4.98957233830025 6.77599650576758 
0.945399857533275 2.83539349799512 0.515205693289425 
0.376619923501608 5.94788431704961 2.74416538684235 
4.02582215784512 4.31936645114012 1.78832659121364 
4.00217449971556 4.19182917879482 1.86192373325891 
0.4310382353919 5.19283623799134 3.72591928039165 
0.816795490806285 5.43521319879962 3.78580349301229 
5.41455715070956 3.39738447144338 6.1734282482513 
5.60391746264966 3.62121892472269 5.96468925324964 
5.45770877543837 2.63049320806613 6.34146198642408 
5.61596787228626 2.94662693580749 6.44129010724224 
4.23960081024156 6.60189153962213 5.89157652965968 
0.471810968830548 4.6100847213074 4.96945579515307 
0.726093513977303 4.76727059922662 4.74909297877737 
0.450269184143378 6.11511820519282 2.93201164237495 
1.90130995764226 0.63230280943854 3.35114018601802 
1.51735829726566 0.690577949516739 3.76152068081995 
0.371248814008503 4.46216326309279 4.71109501276373 
0.551394424542631 4.56437743576281 4.52042263218798 
5.55770353118903 4.19307997817337 4.80602262648398 
5.56237003775574 3.94129375089459 4.83393081588393 
1.20649237384735 2.40713610847319 0.418557906866376 
1.09379178663433 2.1223440481114 0.784845313027702 
0.668766638476114 1.54501205057779 4.17056834977854 
3.32404045230554 4.40116554984723 2.09610003612659 
6.30355734337776 4.16561036975829 1.18730996662322 
6.09293131980925 3.78192994764413 1.0049243232308 
6.09634105140276 4.30628495055397 1.07023151585848 
5.87273165804287 4.0114843247466 0.895917268013452 
0.781054773409283 5.80504434090736 2.43741459950173 
1.01407406152461 5.97109811799898 2.54359234132122 
0.89443969676941 1.43818149991697 3.75851639433443 
1.13630329414298 1.39352687252842 3.83662525057902 
0.804355936583815 1.54331724079593 4.34135834077466 
1.1338247903443 1.48075581938454 4.24973890622184 
3.68608298132472 4.60683347095215 1.77956217933 
3.65292871667834 4.62255195438654 1.59041840260212 
4.30941664384662 6.17750177020639 6.37825543187796 
4.67895159665227 5.97368626785253 6.26691552396089 
0.563062898032388 1.36109081076369 1.84156856019881 
6.76694500903183 1.34817018658591 3.30838710736098 
6.90226251644251 2.34140951806822 1.96968195485049 
0.451979872657099 1.44318134760155 1.22454622686735 
0.626321296866274 1.20901819064996 1.50227135504289 
6.46980170520796 1.00119442987245 3.22019637325664 
5.96196557726211 5.28115271546468 0.257208827362739 
6.7975319604599 2.31519298290874 2.36677014958098 
2.8587915655486 2.97839851179846 5.1690594120662 
6.15839770669539 5.20708997046465 0.332963143432038 
0.268276813299908 1.7684354137427 1.36025419688027 
0.290170186009946 1.81314528613378 1.62724285108461 
0.756114464781083 2.48280738660766 1.35372791147376 
0.660765982244357 2.80919621703128 1.16893126715018 
4.54981017228033 6.55196447567006 5.7025552490186 
4.49648868828937 6.43479558647012 5.41590748972819 
0.723809246707439 2.37037211514077 1.0364460046539 
0.64327433990605 2.6901769842142 0.935998246694992 
2.33709100218705 2.8688371124052 5.11495359417895 
2.1801169361822 3.15126153764558 5.12198461952728 
2.66911549027131 3.61469036155901 5.18681094389711 
2.927646439665 3.48580808846548 5.19271537547339 
6.15721516851457 3.31987010860853 3.8727383126623 
6.1671702941347 3.55827734871088 3.95281793791037 
5.90988576392271 3.23100012557696 4.06010825479517 
5.87348741052315 3.48887792523856 4.19028782481999 
6.15534656041042 5.72829360359865 1.57684700880681 
5.96381362003929 5.64529969946131 1.55116622647206 
6.02799280377528 0.260818824062387 2.35229653710031 
1.47245672012813 6.46386248703842 1.06296113471247 
5.16969875945613 2.52956779495018 1.78442484006993 
5.34469731342939 2.43267256257291 2.06200399993728 
6.1597944506689 5.76111336664148 1.32151377353382 
5.99917221133464 5.69562605112781 1.29554561676481 
2.75160871228542 0.65661349770096 1.25168668740281 
3.3267736444256 0.477399802157819 1.60773284604174 
1.67147256003953 6.17979508949638 1.17752516093505 
1.94454716437021 6.36366479021013 1.11866355603825 
6.42762126518643 0.40834902983242 2.35894514312372 
5.27579850758227 2.89544602266125 1.99048385811794 
5.40477688017008 2.6799355201177 2.18980284478864 
1.88968090291466 6.08339267633406 1.98651104389649 
1.98029695077874 6.15060700768517 1.98557041290497 
2.05328247547815 6.07455682550844 2.04686230663506 
1.97485499636856 5.99286319591141 2.06037429473751 
2.1023272489799 2.59747754469584 2.54020749374644 
2.03675780983932 2.86394822678473 2.90580133353905 
4.16830938024432 3.09158171219675 1.20439004139311 
3.56852038945273 3.33633389918563 1.35873237819323 
3.89942740593959 3.07133863416525 1.0699090618752 
4.82447016189285 6.19802789689366 5.87711010015071 
4.81820248897807 6.0223227353457 5.59743303939638 
5.30954857997128 5.72817663258622 2.97646724367217 
5.52530556067803 5.73475652548225 2.79511732330998 
1.62551944505953 2.44083562073709 2.64225831013182 
1.59171836171133 2.6293398234617 2.90735167301077 
5.2285269191066 5.49822362314254 2.85820330162877 
5.4145088419498 5.48758752667277 2.68786876099614 
3.72523332188633 5.42174631633355 0.720767912536594 
3.91449142714146 5.31873602285459 1.13763960442283 
3.9516976834462 5.02415303873678 0.371484892596148 
6.28017040011083 3.04175218996364 2.85480087304308 
6.31232798552985 3.4956083525787 2.63674615005543 
6.49775181597444 5.54920545039011 1.81267788400792 
6.46885562640062 5.24726685956587 1.9845175657377 
2.58852679476236 4.46921410255603 2.11712205095117 
2.84971275572477 4.25646312071795 1.9399683072578 
2.37127193656135 4.60452911804996 1.62324303842442 
3.05610831701534 4.4289096547564 1.30874572043327 
2.75588145145116 4.28552975467751 1.57296743905751 
4.39170546774431 3.60996975353084 1.57286932981076 
4.03001005874813 4.04905857627849 1.66808598610138 
2.31986964067403 4.88503388659982 1.50522166950199 
4.14244751019133 3.24485297620534 1.50098572325935 
3.71532350331782 3.40846381183494 1.54913169668999 
3.28050401689595 3.23031039731985 2.05442929019947 
2.49344444262746 4.39072026263748 3.02808592239124 
3.03690791485396 4.37162325376445 3.10747399110208 
4.57298682227897 5.55345408002555 1.28022280728877 
3.04151379154929 3.10458590246248 1.861478496543 
2.73872538555264 3.34966219436113 1.91999242742804 
3.1888669695982 3.43967994125318 2.212972090774 
2.82507207371144 3.53282317296924 2.12881947918852 
1.95819591778222 4.09149117369089 1.30210530644507 
2.1588289140153 4.57701435511776 1.56126554451009 
4.09307093298695 5.61593057280135 1.23058002286074 
3.99854170314299 5.74564354821683 1.59674932747931 
2.85351070599196 3.9166960129714 3.34538134470869 
2.55982169533281 3.93747486423984 3.28797205836822 
1.64939728098256 4.33398026631885 1.95857179933013 
1.55653268025822 4.07250188766168 1.72948760600772 
4.17735114838606 4.36680974414619 1.23196478421997 
4.14890531127374 4.28490508209469 0.717761379960709 
5.87172126242358 6.34535361741706 2.48480319839415 
5.84360536444091 6.35380058853588 2.24624094990665 
5.59719071316547 6.21276433127026 2.50550658947522 
5.58009164188623 6.2276796928132 2.25673039498462 
4.33140435094884 4.71377231264081 1.0462580425902 
4.30464049946421 4.62026424923316 0.689195192799669 
3.61674413238721 5.34377871091528 2.67098634275159 
3.31507591800314 5.58284135453021 2.6007497321284 
5.54205520940453 4.40131561415642 6.1903752765491 
5.46102770013419 4.30420578032754 6.48650908616366 
5.58626231626207 4.13393960265925 6.47061510264208 
5.67354760770443 4.15776323182084 6.25363302924982 
4.85253932453378 5.35248905667573 1.93341938488756 
4.41423327112542 5.41466013899898 2.23852677268214 
4.65037678195363 5.68593619936572 1.64988651639894 
4.3503173558111 5.77384453085126 1.82498716977856 
5.77927146093189 5.85696030894646 6.5553525059784 
3.47738602524823 5.21620945065976 2.28997169966098 
3.26426265849634 5.40393900185397 2.26480625387649 
2.88946691693415 4.77591037760085 1.08907141201707 
2.48930719663922 4.99084822233006 1.24082995070861 
5.99706609404251 5.99944031897749 6.0562596969307 
6.0655591149382 5.62051774711212 5.95004289968947 
2.81311906629193 5.36959090380664 1.23787665655151 
3.10372951295657 5.18744101591643 1.12727362778897 
5.58523158954684 5.25891096284629 6.58105076392795 
5.64624672118704 5.0585142528276 6.23201124222042 
5.8288736391784 5.43002960206656 6.57030429453503 
5.96479545121538 5.315688055453 6.2720651953771 
0.814363341510741 5.36455725334929 2.45320310588663 
1.25116323018883 5.17284861962093 2.70928890069767 
0.322575570170731 2.41111556603472 2.73817439433346 
0.301727169391981 2.05964182035481 2.94065110916123 
0.272393589387632 5.03202503982311 2.88721855463861 
0.348346509873954 2.59382802623842 3.17079707296912 
0.329870010342356 2.35856927553446 3.33166154670775 
6.33658702000635 4.74230019793147 2.99429791594536 
6.56059443597036 4.41167991814093 2.86864889942719 
6.19284943118097 4.56596739317924 3.4535601687653 
0.456951039649494 4.7903816168585 3.09085746992332 
0.933068641744315 4.78195207999295 3.08291253818345 
0.544172586942711 4.83464309936662 3.51937381372375 
0.920608237888686 4.81926409237938 3.45591581044176 
6.06088194546241 4.03277951122187 3.46283147567908 
1.13227281264186 6.70813537098374 3.07698507175786 
6.56789620113216 4.22518747160047 3.03701639121938 
6.34022586060531 4.28243102595995 3.43273828836928 
5.95057018312164 3.65380133156713 3.00863596937365 
6.20896546159721 3.68736717745971 2.70491372870206 
0.867458974024578 6.20853409678934 2.86956888082555 
0.90272626899658 6.58283392098997 2.82981098980036 
1.48912330494398 5.74001752915414 3.03432061725869 
1.81780180502184 6.25521421046843 3.29179292778434 
1.06682039626599 6.1198232273695 3.15968976721819 
1.24253096257637 6.41811630980681 3.2838372601473 
6.61946843327381 2.90850297376557 3.53820732915895 
6.64773826954244 2.59458842237414 3.72399886548239 
6.60839944668478 2.78598322679015 4.01159142387601 
6.577060134001 3.07394146832781 3.84914218966283 
5.95310023057084 1.73143031544421 6.6946253762407 
6.09035102220836 1.87677049139236 6.52308357002164 
5.7257248882061 1.80235479984629 6.57065129009755 
5.88278086226818 1.95367150560027 6.38684223707158 
5.13710783926423 2.37596891265271 6.8675951971395 
4.8797839656343 2.30347360281151 6.86494173782417 
5.21442514659602 2.14295162741278 6.94062813139493 
4.97469741431448 2.06653695544684 6.93560464246525 
6.34743483277742 0.464592714887089 3.80520195317279 
6.49172972443979 0.404426960723665 3.9818365924509 
POLYGONS 1598 9788
4 2 624 656 855 
5 564 641 2 855 1405 
4 1 496 1404 1125 
6 0 432 1373 1405 855 656 
5 401 616 886 907 940 
5 3 592 735 401 940 
4 885 1257 1398 1407 
6 401 616 1258 1262 1263 735 
4 3 844 907 940 
6 3 592 958 1049 843 844 
5 1049 1050 1399 1408 843 
7 843 844 907 886 885 1407 1408 
6 1257 1258 1262 1050 1399 1398 
6 4 6 396 566 7 5 
5 4 6 750 1141 1140 
4 5 4 1140 990 
4 997 998 1192 887 
5 8 417 915 1072 897 
5 396 566 1187 1072 897 
5 6 396 897 8 750 
6 7 5 990 991 997 998 
6 887 914 416 918 991 997 
6 416 417 8 750 1141 918 
5 7 566 1187 1192 998 
5 13 12 1563 1559 769 
6 13 769 1204 1218 9 818 
5 9 10 1259 1260 818 
5 14 455 883 882 483 
5 9 10 456 11 1218 
6 455 456 10 1259 1234 14 
6 882 883 11 1218 1204 424 
5 424 882 483 1563 1559 
5 13 12 1235 1260 818 
4 455 456 11 883 
4 424 1204 769 1559 
6 14 483 1563 12 1235 1234 
5 434 435 1437 18 742 
4 17 435 1437 1428 
5 434 742 16 1415 1414 
6 15 1245 1340 1339 17 1428 
5 434 435 17 1339 1414 
5 15 1119 1121 1175 1245 
6 15 1119 1169 18 1437 1428 
5 19 1168 1121 1175 1209 
6 16 19 1168 1169 18 742 
5 16 19 1209 1310 1415 
5 20 475 629 1264 1265 
5 22 405 20 1265 1289 
5 24 23 21 1164 679 
5 25 27 1280 1284 26 
5 27 1191 507 1281 1280 
6 1284 1285 28 1631 1634 26 
4 33 746 464 1583 
4 542 543 32 1584 
7 29 30 32 1584 1583 464 465 
5 29 465 747 35 1084 
6 31 30 29 1084 1607 1606 
4 31 30 32 543 
6 577 578 33 1583 1584 542 
6 542 543 31 1606 1617 577 
6 34 35 747 746 33 578 
5 577 578 34 1618 1617 
5 34 35 1084 1607 1618 
6 38 546 647 646 804 803 
5 36 37 646 804 460 
5 38 515 627 459 803 
5 39 43 40 44 875 
4 39 43 635 1422 
5 875 876 1421 1422 39 
6 40 44 1609 1608 42 607 
5 43 40 607 976 635 
6 875 876 1458 1610 1609 44 
6 876 1421 41 1427 1475 1458 
5 1155 1156 1431 1427 41 
7 635 976 1111 1155 41 1421 1422 
5 42 607 976 1111 1110 
7 42 1110 1156 1431 1476 1611 1608 
6 1563 1564 935 1612 1613 12 
6 739 935 1564 1560 1602 1603 
5 668 739 935 1612 1614 
5 48 49 668 739 1603 
6 47 46 13 12 1613 1615 
5 45 48 1603 1602 770 
5 49 47 1615 1614 668 
5 46 13 769 770 45 
5 46 45 48 49 47 
5 542 577 1492 1445 773 
6 31 543 1136 1061 1234 1259 
5 577 1492 1503 457 1617 
5 773 1137 1214 1472 1445 
5 457 678 1056 1471 1503 
6 457 678 1235 1260 1606 1617 
4 1259 1260 1606 31 
6 51 1188 1473 1641 1639 1633 
5 50 404 1200 1142 1124 
5 53 1199 1248 1641 1473 
6 50 52 959 1636 1638 1124 
6 55 54 1495 688 1316 1331 
5 54 56 57 1493 1495 
5 55 54 56 1019 1020 
5 55 1020 1534 1540 1331 
5 58 50 1124 59 423 
5 50 52 822 425 58 
5 58 423 882 424 425 
4 61 60 1636 959 
6 60 62 484 63 1638 1636 
6 60 62 1564 1560 823 61 
5 822 823 61 959 52 
6 59 63 484 483 882 423 
4 59 63 1638 1124 
6 424 425 822 823 1560 1559 
5 483 484 62 1564 1563 
6 64 65 1394 1395 1060 1059 
6 66 65 1394 1447 555 69 
4 1060 1307 1391 1395 
4 67 68 1161 1205 
6 71 72 1292 946 802 438 
5 70 824 967 945 1223 
4 73 75 793 1536 
5 74 76 604 603 77 
6 76 604 796 797 676 675 
6 80 84 81 78 772 771 
4 80 771 1086 1085 
4 81 78 85 82 
5 85 78 772 528 527 
6 83 528 772 771 1086 993 
6 80 84 557 909 1034 1085 
5 82 85 527 485 79 
5 83 458 485 527 528 
5 458 485 79 556 760 
6 82 79 556 557 84 81 
6 83 458 760 908 1033 993 
5 904 1188 51 1470 1482 
5 574 1498 1649 1653 1651 
5 51 1470 1497 1629 1633 
5 904 905 1653 1649 1482 
6 86 1065 1630 1640 1642 1448 
4 86 1065 574 1651 
6 86 1448 1474 905 1653 1651 
5 88 93 92 90 91 
6 94 93 88 1070 1630 1629 
5 91 88 1070 514 96 
4 96 89 476 514 
6 89 476 1640 1639 1230 1151 
6 96 89 1151 95 90 91 
5 476 514 1070 1630 1640 
5 92 90 95 87 98 
5 98 87 1042 1041 97 
5 87 95 1151 1230 1042 
5 97 94 1629 1633 1041 
5 93 92 98 97 94 
5 99 101 1401 100 488 
5 426 477 985 924 662 
5 924 925 1275 1274 985 
5 967 968 1107 1108 945 
6 946 1292 1369 1349 1339 1414 
6 17 409 975 968 1107 435 
5 945 946 1414 434 1108 
5 17 409 1350 1349 1339 
5 102 823 1560 1602 1600 
6 67 103 425 424 1204 1205 
6 672 673 939 1413 1048 106 
6 106 672 104 1063 1220 1251 
5 105 107 478 1510 1511 
5 672 673 755 756 104 
6 109 461 651 1352 1297 789 
6 515 627 758 1182 1322 1321 
5 696 788 1322 1182 1181 
7 108 490 459 803 619 1441 1459 
4 619 651 1352 1441 
5 38 461 651 619 803 
4 459 490 758 627 
5 108 490 758 1182 1181 
5 696 1181 108 1459 1313 
5 788 789 1297 1313 696 
5 788 789 109 1321 1322 
5 38 461 109 1321 515 
7 112 110 676 675 111 733 734 
5 710 734 112 1541 1239 
6 100 488 1660 1662 1456 1457 
6 1456 1477 1663 1665 1661 1662 
4 113 469 924 662 
6 472 473 1467 1463 1246 1227 
5 114 115 752 1565 1303 
5 532 931 1567 1565 1303 
4 532 871 1304 1303 
6 595 596 116 1304 871 870 
6 1303 1304 116 1383 1416 114 
5 118 117 1453 1454 1092 
5 119 930 1489 1490 1236 
6 119 860 973 733 1237 1236 
5 111 118 1092 1237 733 
5 120 123 470 949 785 
5 120 75 793 121 123 
6 122 73 75 120 785 903 
5 716 717 960 1273 1364 
6 470 717 960 725 902 949 
5 725 728 1272 1273 960 
6 121 716 1364 1543 1536 793 
5 547 902 949 785 903 
5 121 123 470 717 716 
7 122 73 1536 1543 1272 728 727 
4 122 727 547 903 
5 727 728 725 902 547 
5 125 846 1407 885 868 
4 124 519 403 1149 
6 124 125 868 1324 1323 1149 
5 124 125 846 126 519 
5 126 519 403 761 762 
4 128 129 414 1590 
5 128 127 1012 1406 129 
6 128 127 1576 1574 1591 1590 
4 706 861 721 1327 
6 129 414 1326 564 1405 1406 
6 564 641 722 721 1327 1326 
5 2 641 722 443 649 
5 443 649 786 1575 1619 
6 786 856 1012 127 1576 1575 
5 2 649 786 856 855 
4 1574 1579 707 1591 
5 939 1351 1545 1455 1413 
5 1351 1370 1341 1535 1545 
6 106 1048 1098 1025 1052 1051 
4 672 673 937 621 
5 106 672 621 1045 1051 
6 130 800 937 621 1045 1046 
5 130 552 1341 1370 800 
5 130 552 593 131 1046 
6 673 937 800 1370 1351 939 
5 1045 1046 131 1052 1051 
5 552 593 1024 1535 1341 
5 131 593 1024 1025 1052 
6 1024 1025 1098 1455 1545 1535 
6 43 40 132 472 473 136 
4 132 40 607 608 
6 43 136 730 729 933 635 
5 132 472 1227 500 608 
4 136 473 1467 730 
6 133 135 1463 1467 730 729 
5 134 135 133 1138 1139 
5 133 729 933 1113 1138 
6 134 1139 1178 500 1227 1246 
4 134 135 1463 1246 
6 607 608 500 1178 1179 976 
5 411 906 1189 1080 1132 
5 1189 1190 962 1211 1080 
5 137 567 492 1131 1035 
6 138 137 1035 1210 677 779 
5 410 411 1132 1131 492 
5 961 962 1211 1210 677 
4 1059 1060 1229 1667 
5 1060 1229 1512 1371 1307 
4 1120 1159 1533 1570 
4 139 71 438 599 
5 677 961 628 983 1378 
5 571 657 870 595 718 
5 21 23 140 37 36 
6 962 1190 1479 1505 1228 1247 
5 142 141 1003 1078 144 
5 825 826 829 144 1078 
4 143 638 1022 1127 
5 438 599 826 825 802 
7 802 825 1078 1003 1022 1127 1222 
6 149 148 145 525 152 778 
5 145 146 1136 1137 525 
5 148 145 146 877 150 
5 151 147 149 778 1594 
6 32 543 1136 146 877 926 
4 147 150 148 149 
5 151 147 150 877 926 
4 152 525 1137 773 
5 151 926 32 1584 1594 
6 152 773 542 1584 1594 778 
6 153 154 637 475 20 648 
5 405 406 972 648 20 
6 9 155 534 626 1219 1218 
4 9 155 819 818 
5 46 13 818 819 753 
5 156 158 550 919 642 
5 157 159 554 919 550 
5 161 163 830 831 162 
5 161 163 559 160 744 
5 162 161 744 653 165 
6 166 165 162 831 1054 1008 
5 508 560 713 1066 737 
5 160 164 508 560 559 
6 559 560 713 874 830 163 
5 160 164 654 653 744 
6 164 508 737 738 167 654 
5 166 165 653 654 167 
6 166 167 738 1067 1007 1008 
4 169 168 173 172 
5 172 171 1444 1443 169 
4 170 407 798 536 
5 174 176 1586 934 1081 
5 174 175 1556 1555 176 
6 108 178 175 174 1081 1181 
6 446 447 497 934 1586 1582 
5 176 1555 1581 1582 1586 
6 1133 1268 446 1582 1581 1580 
5 1133 1460 177 1554 1580 
5 178 175 1556 1554 177 
5 447 497 696 1313 1269 
5 178 177 1460 1459 108 
6 182 179 92 90 994 1286 
5 1249 1286 182 1335 1336 
5 179 92 93 184 180 
6 414 1249 1286 994 1597 1590 
4 414 1249 1336 1326 
6 181 184 180 1298 1327 706 
5 179 180 1298 1335 182 
5 90 91 1596 1597 994 
6 91 88 183 707 1591 1596 
4 183 181 706 707 
5 183 181 184 93 88 
4 185 699 1165 1148 
5 1264 1288 1666 1665 1661 
5 598 680 952 685 686 
5 162 165 820 583 530 
5 187 186 161 162 530 
5 78 745 632 965 772 
5 186 161 744 745 632 
5 85 78 745 744 653 
5 527 528 189 583 820 
5 85 527 820 165 653 
5 189 188 187 530 583 
5 188 187 186 632 965 
5 189 188 965 772 528 
6 190 191 193 1265 1289 1036 
6 192 195 1310 1340 480 569 
5 194 191 190 1245 1175 
6 194 191 193 558 665 839 
5 195 865 943 1209 1310 
5 194 839 943 1209 1175 
6 192 195 865 799 972 406 
5 480 1036 190 1245 1340 
5 405 406 192 569 22 
5 193 558 648 20 1265 
5 480 569 22 1289 1036 
5 61 823 102 1104 1103 
6 31 30 1086 1085 10 1259 
5 29 30 1086 771 966 
6 80 196 155 9 10 1085 
6 80 196 828 827 966 771 
6 196 155 819 521 814 828 
5 815 827 966 29 1084 
6 818 819 521 1607 1606 1260 
5 814 815 1084 1607 521 
4 39 43 136 643 
6 666 933 635 1422 1423 1325 
6 197 198 666 933 729 495 
5 198 666 1325 1449 1450 
6 136 643 1167 1166 494 730 
5 494 495 197 1125 1166 
5 197 198 1450 1404 1125 
7 39 643 1167 1403 1388 1423 1422 
5 202 428 1301 579 942 
5 199 200 428 1301 1299 
7 112 579 1301 1299 201 1542 1541 
6 112 110 1173 1172 942 579 
5 203 58 423 765 681 
6 205 203 681 1021 782 501 
5 205 203 58 425 103 
5 206 204 782 1021 1039 
5 764 765 681 1021 1039 
6 68 501 782 204 1219 1161 
5 206 204 1219 1218 11 
5 67 103 205 501 68 
5 206 11 883 764 1039 
6 208 711 910 714 1283 1082 
5 208 209 207 1083 1082 
6 197 209 208 711 1 1125 
4 197 209 207 495 
6 494 495 207 1083 996 210 
6 211 212 884 854 964 1073 
5 1060 1229 1392 1099 1395 
5 398 853 1417 1432 1668 
5 853 964 1073 1418 1417 
6 64 1059 1667 1668 1432 1433 
6 64 65 211 1073 1418 1433 
5 212 884 1099 1395 1394 
4 211 212 1394 65 
6 398 1382 1392 1229 1667 1668 
6 213 214 1298 180 725 728 
6 697 698 427 1494 1496 609 
7 427 503 1105 963 57 1493 1494 
5 218 215 697 609 601 
5 215 216 606 698 697 
5 218 215 216 220 219 
4 503 605 1106 1105 
6 220 216 606 605 1106 970 
5 427 503 605 606 698 
6 54 56 217 219 218 601 
5 54 601 609 1496 1495 
5 56 217 969 963 57 
5 219 220 970 969 217 
5 222 226 228 227 221 
7 221 222 223 224 1530 1532 1440 
5 227 221 1440 1439 225 
5 227 225 670 541 228 
6 663 670 225 1439 1400 1154 
5 109 229 1000 1004 789 
5 999 1140 4 1332 1176 
6 229 230 1194 1176 999 1000 
5 428 429 231 1302 1301 
6 6 231 1302 1322 788 750 
5 199 200 634 1194 230 
6 230 199 1299 1321 109 229 
5 428 429 1342 634 200 
6 6 231 429 1342 1332 4 
5 233 430 576 407 798 
5 232 233 430 431 1261 
6 430 431 892 1238 1270 576 
4 72 878 1369 1292 
5 584 710 1239 1240 759 
4 584 710 974 1276 
5 663 664 928 927 1154 
4 690 927 1154 1400 
4 225 236 1170 1439 
6 482 690 1400 1439 1170 1171 
5 235 236 225 670 671 
6 237 234 235 671 664 928 
5 234 235 236 1170 1171 
5 237 482 690 927 928 
4 237 234 1171 482 
6 510 511 238 1312 1311 1198 
5 82 85 653 654 590 
6 81 82 590 589 1210 1035 
5 677 1210 589 1379 1378 
6 81 78 745 774 137 1035 
7 160 164 1381 1380 779 138 775 
4 138 137 774 775 
6 589 590 654 164 1381 1379 
5 744 745 774 775 160 
5 632 650 872 774 745 
5 186 632 650 239 1206 
5 186 161 163 1031 1206 
6 240 408 848 1548 1549 523 
4 716 848 1548 1364 
5 796 797 1173 1172 1386 
5 241 680 598 1295 1252 
5 106 1051 241 1252 1251 
5 621 672 104 1029 988 
5 985 1029 104 1063 1274 
6 469 531 988 1029 985 924 
5 469 531 953 952 685 
5 531 953 1045 621 988 
6 241 680 952 953 1045 1051 
6 598 686 925 1275 1294 1295 
6 673 755 1434 242 938 937 
5 801 864 895 242 938 
5 800 801 864 1371 1370 
6 102 1104 1120 1159 1601 1600 
4 94 481 1497 1629 
5 243 245 116 1383 1064 
5 244 243 245 246 754 
4 201 516 1243 1542 
5 246 245 116 596 439 
5 248 247 249 866 867 
5 435 1107 1425 1438 1437 
6 496 1404 1450 1438 1425 1429 
5 968 1028 1429 1425 1107 
6 17 409 1254 1388 1449 1428 
6 582 863 1180 1254 409 975 
5 496 862 585 1028 1429 
5 582 585 1028 968 975 
6 254 250 622 623 1487 1255 
4 250 622 1095 1040 
5 254 250 1040 1039 764 
6 252 251 682 681 765 570 
4 251 253 509 682 
5 252 251 253 623 1487 
6 253 509 1096 1095 622 623 
4 252 570 1255 1487 
5 764 765 570 1255 254 
7 459 460 1165 1148 436 491 490 
5 21 36 460 1165 1164 
6 58 50 404 256 257 203 
5 205 203 257 255 258 
4 259 144 142 1177 
7 554 555 912 259 1177 1195 159 
5 259 144 829 600 912 
5 260 69 555 912 600 
5 492 493 534 626 410 
4 265 264 950 833 
7 264 266 28 1631 1632 262 950 
5 262 261 263 833 950 
6 265 833 263 880 1562 1561 
5 261 263 880 881 661 
5 262 261 661 1635 1632 
5 880 881 26 1284 1562 
5 264 266 1126 1561 265 
5 661 881 26 1634 1635 
4 266 28 1285 1126 
5 146 267 412 1061 1136 
4 14 412 1061 1234 
4 10 456 1034 1085 
5 14 412 267 723 455 
5 30 32 926 993 1086 
5 146 267 723 929 877 
6 232 268 658 659 1224 1261 
5 758 759 584 1225 1182 
6 1225 1226 701 1267 1276 584 
5 433 890 701 1267 1266 
5 108 178 806 491 490 
4 178 175 805 806 
5 174 175 805 433 890 
5 701 890 174 1081 1226 
7 805 806 491 1134 1277 1266 433 
5 274 270 273 941 841 
6 273 269 402 401 940 941 
4 272 3 592 454 
6 96 514 746 33 614 615 
6 96 89 402 269 271 615 
5 401 402 89 476 735 
4 273 269 271 270 
7 454 464 746 514 476 735 592 
6 272 3 940 941 841 1595 
5 274 270 271 615 614 
6 33 614 274 841 1595 1583 
5 272 454 464 1583 1595 
6 275 737 1066 835 1183 1184 
4 275 737 508 1330 
5 118 76 604 276 1092 
5 117 780 479 1452 1453 
5 74 76 118 117 780 
6 107 77 74 780 479 478 
5 105 603 604 276 1511 
5 478 479 1452 1451 1510 
6 276 1092 1454 1451 1510 1511 
4 105 107 77 603 
6 150 731 790 783 929 877 
5 451 783 790 277 858 
5 278 277 790 731 732 
5 83 279 151 926 993 
5 151 147 813 1221 279 
6 147 150 731 732 812 813 
5 278 667 1387 812 732 
6 458 760 857 667 1387 1419 
5 83 279 1221 1419 458 
5 278 277 858 857 667 
5 451 783 929 1033 908 
4 859 1232 1201 1256 
5 1013 1157 639 1411 1372 
5 639 640 399 971 1411 
5 280 399 640 859 1256 
6 280 1256 1201 1532 1530 1643 
5 1355 1372 1013 1531 1529 
6 1013 1157 1232 1201 1532 1531 
5 1355 1372 1411 971 1647 
5 280 399 971 1647 1643 
7 441 442 1014 1036 480 1349 1350 
5 281 436 1148 185 580 
6 567 568 873 872 774 137 
5 632 650 827 966 965 
6 80 196 493 492 1131 84 
5 196 493 568 873 828 
4 84 81 1035 1131 
5 131 646 804 620 1046 
6 619 620 1046 130 652 651 
5 461 462 282 546 38 
5 282 546 647 594 553 
6 282 462 652 130 552 553 
5 593 594 647 646 131 
6 283 400 1513 1516 689 1375 
6 169 168 284 1628 1626 794 
5 169 794 1608 1611 1443 
5 285 837 1540 1331 1091 
5 837 1185 1462 1539 1540 
5 286 55 54 601 602 
5 286 602 591 631 630 
4 688 689 1516 1316 
5 283 400 631 591 440 
5 283 440 610 1376 1375 
4 609 610 1376 1496 
5 286 55 1331 1091 630 
5 630 631 400 1513 1091 
6 688 689 1375 1376 1496 1495 
5 1118 1174 1198 510 1207 
5 70 824 1150 1118 1174 
6 202 287 791 1367 1338 942 
6 545 791 1367 1366 1465 1483 
4 287 288 545 791 
5 240 523 463 703 1055 
5 289 291 191 193 290 
5 289 291 539 1477 1456 
4 290 289 1456 1662 
6 193 290 1662 1661 1264 1265 
4 190 540 1014 1036 
6 539 540 1014 1664 1663 1477 
5 190 191 291 539 540 
5 448 449 285 1091 630 
5 630 631 292 1162 448 
6 293 748 1271 294 1337 1353 
5 170 407 576 749 487 
5 293 295 487 749 748 
5 714 715 294 1271 1283 
5 486 586 889 1152 1420 
5 586 821 1049 843 889 
6 272 279 83 528 189 454 
5 189 454 592 958 583 
6 485 486 586 821 820 527 
6 272 279 1221 1153 844 3 
6 296 763 1077 1656 1655 1348 
4 242 548 1514 1434 
5 763 895 1203 1231 1077 
6 548 549 296 763 895 242 
4 296 549 1568 1348 
5 955 956 297 996 210 
5 214 452 721 1327 1298 
5 297 892 1238 1282 996 
5 115 752 1624 1623 777 
5 298 452 721 861 776 
5 751 752 1624 1619 443 
4 563 736 659 1224 
5 299 213 728 1272 644 
4 300 1451 1510 1517 
5 268 658 1183 835 836 
7 305 809 1133 1460 1442 1537 1546 
6 301 302 1537 1546 606 698 
5 498 499 697 698 301 
5 303 466 1577 1580 1554 
5 304 302 301 498 581 
4 304 302 1537 1442 
5 303 466 215 697 499 
4 809 1133 1580 1577 
4 305 216 606 1546 
6 498 499 303 1554 177 581 
6 305 216 215 466 1577 809 
5 177 581 304 1442 1460 
5 154 575 981 916 637 
5 572 1093 1193 1153 1152 
5 812 813 887 997 307 
6 307 308 1515 1528 1387 812 
5 572 1152 1420 1527 1526 
5 308 306 655 1525 1515 
6 306 655 1093 1193 1192 998 
5 655 1093 572 1526 1525 
5 308 306 998 997 307 
6 813 887 1192 1193 1153 1221 
5 485 486 421 702 79 
6 209 207 421 486 1420 1527 
6 207 421 702 133 729 495 
5 197 209 1527 1528 198 
5 666 667 1387 1528 198 
5 556 760 857 1113 1138 
5 79 556 1138 133 702 
5 666 667 857 1113 933 
6 311 309 660 312 512 513 
4 313 312 660 1158 
5 311 309 693 692 310 
6 309 660 1158 1157 639 693 
5 692 693 639 1411 1412 
6 310 315 1112 1384 1412 692 
5 311 310 315 314 513 
5 691 1013 1372 1385 1144 
5 313 312 512 1076 1075 
6 1075 1076 316 1145 1144 691 
6 691 1013 1157 1158 313 1075 
5 314 315 1112 1145 316 
5 314 316 1076 512 513 
6 129 414 1249 1250 1213 1197 
5 1196 1197 129 1406 1374 
6 457 678 1613 1615 1593 849 
6 787 1504 850 1566 1604 1598 
4 467 683 787 1598 
5 683 787 1504 1503 1471 
6 317 467 683 1471 1056 533 
5 317 318 1604 1598 467 
6 318 948 1585 1592 1566 1604 
5 849 850 1566 1592 1593 
5 317 318 948 954 533 
6 5 4 1332 1333 1087 1088 
5 319 320 990 1140 999 
6 259 144 1078 1079 320 319 
5 319 259 1177 1176 999 
5 320 990 5 1088 1079 
4 141 1003 1087 1333 
6 142 141 1333 1332 1176 1177 
5 510 511 1363 321 1207 
5 321 322 1160 1362 1363 
5 325 1109 1466 1484 1317 
6 247 249 1002 324 613 845 
7 324 613 1466 1484 323 1500 1499 
6 249 866 1037 1501 1491 1002 
4 613 845 1109 1466 
5 323 474 1026 1502 1500 
4 324 1002 1491 1499 
5 323 474 1318 1317 1484 
6 325 248 867 840 1318 1317 
5 325 248 247 845 1109 
5 474 1026 1038 840 1318 
5 482 1075 313 1122 1171 
6 413 633 1170 1439 1440 1202 
5 690 691 1013 1531 1400 
6 413 633 1122 313 1158 1233 
4 809 810 816 305 
5 220 216 305 816 817 
5 218 317 467 466 215 
5 218 219 326 533 317 
5 326 533 1056 1215 704 
6 809 810 1214 1472 1578 1577 
5 219 326 704 817 220 
6 816 817 704 1215 1214 810 
5 920 1116 1135 1047 1506 
4 500 608 1116 920 
6 532 871 1162 292 932 931 
6 500 920 1506 1505 1228 1227 
5 327 328 805 175 1556 
6 327 656 855 856 1555 1556 
4 176 1012 856 1555 
4 0 328 327 656 
6 174 176 1012 1406 1374 890 
5 0 328 805 433 432 
4 329 413 633 1278 
5 41 1155 329 1278 1309 
4 330 1309 41 1427 
5 227 221 1488 1156 1431 
6 329 413 1202 1488 1156 1155 
6 330 236 1170 633 1278 1309 
6 330 236 225 227 1431 1427 
4 1202 1440 221 1488 
4 118 76 675 111 
5 331 228 226 171 1444 
5 331 332 333 541 228 
5 332 333 708 709 1402 
5 298 299 213 214 452 
4 181 184 960 1273 
4 180 184 960 725 
7 181 706 861 776 644 1272 1273 
4 298 299 644 776 
6 326 335 62 484 705 704 
4 335 62 60 334 
5 63 280 399 705 484 
5 63 280 1643 1646 1638 
6 220 817 971 1647 1648 970 
6 334 60 1636 1637 969 217 
5 969 970 1648 1645 1637 
5 326 335 334 217 219 
6 742 743 893 674 1108 434 
4 517 674 893 726 
5 306 655 726 893 743 
5 308 18 1437 1438 1515 
5 308 306 743 742 18 
5 1425 1426 1525 1515 1438 
5 517 726 655 1525 1426 
5 114 115 777 1015 1416 
5 1565 1566 850 1624 752 
5 1303 1304 1592 1566 1565 
5 245 116 1304 1592 1593 
6 243 245 1593 849 453 420 
5 243 420 724 1016 1064 
6 724 757 1623 777 1015 1016 
5 300 1451 1454 1490 1523 
4 99 101 565 1062 
6 415 720 1354 1357 1160 1362 
4 336 518 1067 1007 
5 337 517 674 338 1216 
5 337 517 1426 1430 597 
5 70 1174 1253 1128 1223 
6 338 674 1108 945 1223 1128 
6 597 1118 1150 1028 1429 1430 
6 337 597 1118 1174 1253 1216 
4 338 1128 1253 1216 
6 1 496 1429 1430 808 711 
5 321 322 911 807 339 
5 321 339 597 1118 1207 
5 339 597 1430 808 807 
6 344 341 403 1149 1501 1037 
5 561 562 854 964 1057 
5 341 342 340 761 403 
4 344 341 342 343 
4 56 217 334 1019 
6 286 55 1020 936 954 948 
5 335 334 1019 1020 936 
5 326 335 936 954 533 
4 286 602 318 948 
5 317 318 602 601 218 
6 261 661 1324 1323 1491 1499 
6 262 261 1499 324 444 445 
6 396 529 792 1044 1146 566 
5 529 792 834 1397 1396 
6 1396 1397 265 1561 1552 898 
4 833 834 1397 265 
5 263 880 1389 1147 1043 
6 1114 1360 1389 880 1562 1553 
6 833 834 792 1044 1043 263 
6 897 898 1552 1553 1114 1072 
7 337 517 726 923 124 519 520 
6 344 341 520 337 1216 1217 
6 922 923 124 1149 1501 1502 
5 345 894 922 1502 1026 
4 1037 1038 1217 344 
6 338 345 1026 1038 1217 1216 
4 341 403 519 520 
5 338 345 894 893 674 
5 558 665 211 1073 1074 
4 558 648 153 1074 
6 66 65 211 665 799 346 
5 347 509 253 795 1117 
6 347 397 921 920 1116 1117 
5 253 623 1110 42 795 
6 349 622 1095 348 1178 1179 
4 347 397 1096 509 
4 349 1111 976 1179 
5 920 921 348 1178 500 
5 397 921 348 1095 1096 
6 607 608 1116 1117 795 42 
5 622 623 1110 1111 349 
5 315 1112 1334 1352 1297 
5 310 315 1297 1313 1269 
5 350 692 310 1269 1268 
5 350 692 1412 816 810 
6 305 816 1412 1384 1547 1546 
5 809 810 350 1268 1133 
4 164 508 1330 1381 
5 143 638 1300 1017 1018 
5 48 351 1010 1601 1603 
6 351 352 544 1186 1009 1010 
4 48 351 352 49 
5 49 352 544 838 668 
6 668 739 1534 1540 837 838 
5 1185 1186 1009 1461 1462 
5 611 612 276 1511 1507 
6 276 604 796 1386 1409 612 
4 353 357 356 355 
6 256 357 353 1123 1200 404 
6 1008 1054 53 1199 1486 1481 
6 354 336 1007 1008 1481 1480 
6 152 525 350 1268 446 535 
5 350 525 1137 1214 810 
4 446 535 1588 1582 
5 152 535 1588 1445 773 
6 1445 1472 1578 1581 1582 1588 
6 742 743 978 1088 1079 16 
5 802 825 1415 1414 946 
5 1078 1079 16 1415 825 
5 345 894 977 992 1023 
6 338 345 1023 1022 1127 1128 
5 893 894 977 978 743 
5 426 427 503 502 477 
7 348 899 1080 1189 1522 1558 921 
4 348 899 1139 1178 
5 899 1080 1211 134 1139 
5 962 1211 134 1246 1247 
6 331 332 1457 1478 1475 1476 
5 1443 1444 331 1476 1611 
5 1401 1402 332 1457 100 
5 463 703 551 740 741 
4 202 287 429 428 
5 287 288 1343 1342 429 
6 239 551 740 815 827 650 
5 701 768 119 860 1267 
5 119 768 1196 1101 930 
5 701 768 1196 1374 890 
5 840 851 1017 1300 1318 
5 358 830 163 1031 1032 
5 323 888 1044 1043 1500 
5 323 474 1023 992 888 
5 922 1147 1043 1500 1502 
4 474 1023 345 1026 
5 894 922 1147 1146 977 
5 977 992 888 1044 1146 
6 149 148 309 311 416 914 
5 309 148 150 731 660 
5 147 149 914 887 813 
4 359 307 812 732 
6 359 360 636 991 997 307 
6 312 360 359 732 731 660 
4 311 416 918 513 
4 312 360 636 512 
5 296 763 986 1144 1385 
5 296 1348 1355 1372 1385 
6 927 1100 1077 1656 1657 1154 
6 690 691 1144 986 1100 927 
4 763 986 1100 1077 
6 361 437 1001 832 628 983 
5 363 748 1271 1283 1082 
5 588 807 911 1357 1354 
6 293 781 847 588 1354 1353 
4 294 715 1358 1337 
4 208 711 808 891 
6 807 808 891 573 847 588 
6 363 362 573 891 208 1082 
5 363 362 781 293 748 
4 362 573 847 781 
4 366 367 1005 896 
5 365 366 896 364 526 
6 270 273 1553 1552 687 489 
6 273 269 1280 1284 1562 1553 
5 364 489 687 1005 896 
6 687 1005 367 1126 1561 1552 
6 269 271 526 365 1281 1280 
6 366 367 1126 1285 1281 365 
5 270 271 526 364 489 
6 871 1162 448 1585 1592 1304 
5 448 630 286 948 1585 
5 931 932 368 1605 1567 
5 368 591 631 292 932 
6 368 591 602 318 1604 1605 
6 420 453 1618 1607 521 522 
5 34 450 757 453 1618 
6 420 522 468 741 1550 724 
4 371 370 369 1551 
6 369 450 757 724 1550 1551 
5 740 741 1550 1551 371 
6 35 370 371 740 815 1084 
5 370 369 450 34 35 
4 521 522 468 814 
5 340 415 720 762 761 
6 561 562 664 671 471 1129 
5 333 471 1129 684 708 
5 333 471 671 670 541 
4 239 551 1652 1206 
6 371 574 1651 1652 551 740 
5 29 465 188 965 966 
7 86 187 188 465 747 1071 1065 
6 187 186 1206 1652 1651 86 
4 35 370 1071 747 
5 371 370 1071 1065 574 
6 372 418 694 611 1507 1518 
6 264 694 611 1346 1344 950 
4 262 445 1344 950 
5 755 756 1509 1514 1434 
4 264 266 418 694 
5 545 888 323 1484 1483 
7 288 545 888 992 1087 1333 1343 
6 1022 1023 474 1318 1300 638 
6 302 531 988 989 1538 1537 
5 304 302 531 953 700 
5 651 652 373 1334 1352 
5 620 700 953 1045 1046 
5 373 652 130 800 801 
6 373 801 938 989 1538 1334 
6 619 620 700 304 1442 1441 
6 552 553 156 642 1308 1341 
5 830 831 1474 905 358 
5 831 1054 53 1473 1474 
5 267 412 705 399 640 
6 146 267 640 639 693 145 
5 145 525 350 692 693 
5 1047 1068 852 1557 1506 
5 242 548 712 989 938 
5 104 756 1509 1030 1029 
5 548 712 1030 1509 1514 
6 321 339 520 341 342 1363 
5 340 342 1363 1362 415 
6 519 520 339 807 588 126 
5 126 588 1354 720 762 
4 322 911 1357 1160 
6 375 374 327 656 624 625 
4 376 375 374 1377 
6 377 206 11 456 1034 909 
6 206 204 411 1132 900 377 
4 196 155 534 493 
5 84 557 900 1132 1131 
4 557 900 377 909 
5 410 411 204 1219 626 
5 170 487 1480 354 536 
5 353 379 378 380 1123 
5 353 355 173 172 379 
4 378 222 223 380 
6 379 378 222 226 171 172 
5 295 487 1480 1485 524 
5 475 629 1115 916 637 
5 981 982 1130 1058 575 
5 153 154 575 1058 1074 
5 982 1130 290 1662 1660 
6 193 290 1130 1058 1074 558 
5 612 1241 1314 1338 1409 
5 276 612 1241 1237 1092 
5 579 942 1338 1314 1315 
4 110 676 797 1173 
4 112 579 1315 734 
6 733 734 1315 1314 1241 1237 
5 724 1016 1359 1549 1550 
7 369 183 181 1273 1364 1548 1551 
5 369 183 707 1579 450 
5 229 230 157 550 381 
5 229 381 462 461 109 
5 282 158 550 381 462 
5 515 516 201 1299 1321 
5 250 451 858 349 622 
5 623 1110 1156 1488 1487 
6 329 277 858 349 1111 1155 
5 329 277 790 1233 413 
5 254 250 451 783 784 
5 254 784 859 1256 1255 
5 912 913 382 1447 555 
5 382 383 384 1446 1447 
6 382 383 1000 999 319 913 
5 229 381 384 383 1000 
5 157 159 1195 1194 230 
4 319 259 912 913 
5 381 384 1446 919 550 
5 421 422 587 586 486 
5 387 386 1090 422 587 
6 386 167 654 590 1089 1090 
5 82 79 702 1089 590 
5 385 387 587 586 821 
5 385 166 167 386 387 
5 166 165 820 821 385 
4 786 787 1504 1575 
5 1573 1576 127 1587 1589 
5 176 1012 127 1587 1586 
7 786 787 683 1578 1581 1555 856 
5 537 538 241 1051 1052 
4 970 1106 1569 1648 
5 388 95 1151 1191 507 
5 24 538 241 680 679 
5 24 23 140 537 538 
6 140 37 646 131 1052 537 
6 699 700 620 804 460 1165 
6 1517 1518 372 1519 1523 300 
5 189 188 465 464 454 
5 272 279 151 1594 1595 
5 422 587 363 1082 1083 
4 421 422 1083 207 
4 572 573 891 1526 
5 208 209 1527 1526 891 
5 363 362 889 586 587 
5 572 573 362 889 1152 
4 285 449 838 837 
5 935 936 1020 1534 739 
6 448 449 838 668 1614 1585 
4 935 936 954 1612 
6 389 257 255 811 617 618 
6 357 356 669 1622 618 389 
4 357 389 257 256 
5 101 565 709 1402 1401 
6 390 368 1605 1599 375 376 
4 375 625 1097 1599 
5 844 907 1361 1193 1153 
5 149 778 842 915 914 
6 841 842 915 1072 1114 941 
4 33 578 1572 614 
6 614 615 1596 1591 1574 1572 
6 370 369 183 88 1070 1071 
4 91 96 615 1596 
6 34 450 1579 1574 1572 578 
6 1314 1338 1367 834 1397 1435 
4 1345 1347 1410 1366 
6 265 264 694 1290 1435 1397 
7 833 834 1367 1366 1345 1344 950 
6 1236 1291 419 1519 1523 1490 
5 367 419 1291 1006 1005 
5 119 768 1006 1291 1236 
6 366 367 419 1519 1520 504 
5 366 504 1213 1197 896 
5 930 1101 1212 1469 1489 
6 1212 1213 504 1520 1524 1469 
6 63 280 1256 1255 570 59 
6 455 723 784 254 764 883 
5 14 412 705 484 483 
5 267 640 859 784 723 
4 59 423 765 570 
5 352 544 571 718 719 
4 687 947 898 1552 
5 418 419 367 1126 266 
5 898 947 1208 1436 1396 
6 1006 1208 1436 1435 1290 1291 
5 408 848 1498 1649 1650 
5 240 408 1650 1644 1055 
6 371 574 1498 848 1548 1551 
6 551 703 1055 1644 1654 1652 
5 463 523 1549 1550 741 
6 385 821 1049 1050 1486 1481 
5 162 530 1448 1474 831 
4 385 166 1008 1481 
6 530 583 958 1263 1642 1448 
5 1199 1248 1262 1050 1486 
6 184 93 94 481 717 960 
4 794 795 42 1608 
4 794 795 1117 1626 
4 390 368 591 440 
5 374 303 499 1356 1377 
7 375 374 303 466 467 1598 1599 
6 390 376 1377 1356 610 440 
5 609 610 1356 499 697 
6 899 900 377 1040 1095 348 
6 250 451 908 909 377 1040 
5 857 858 349 1179 1113 
6 556 557 900 899 1139 1138 
5 577 578 1572 1573 1492 
4 152 535 842 778 
6 841 842 535 1588 1589 274 
5 274 614 1572 1573 1589 
5 869 886 907 1361 1390 
5 362 781 1408 843 889 
5 868 869 1390 1094 125 
7 572 573 847 846 125 1094 1093 
4 258 255 811 1027 
4 377 206 1039 1040 
5 384 917 987 1391 1446 
5 864 987 1391 1307 1371 
5 373 801 864 987 917 
6 381 384 917 373 652 462 
4 282 158 156 553 
4 324 444 695 613 
5 224 1143 1646 1643 1530 
7 378 252 570 59 1124 1142 380 
6 378 222 221 1488 1487 252 
5 223 380 1142 1143 224 
4 418 419 1519 372 
4 244 243 420 522 
5 453 849 457 1617 1618 
5 47 46 753 754 246 
5 246 47 1615 1593 245 
4 12 1235 678 1613 
6 521 522 244 754 753 819 
5 364 128 129 1197 896 
5 364 128 1590 1597 526 
5 504 957 1287 1250 1213 
5 365 366 504 957 995 
5 365 526 1597 994 995 
5 388 95 90 994 995 
5 476 735 1263 1642 1640 
5 27 402 89 1151 1191 
5 25 27 402 401 616 
5 1050 1399 524 1485 1486 
4 380 1123 1200 1142 
6 613 695 1345 1366 1465 1466 
6 332 333 471 289 1456 1457 
5 330 236 235 291 539 
5 291 235 671 471 289 
5 228 227 1431 1476 331 
6 330 539 1477 1478 1475 1427 
4 309 148 145 693 
5 297 956 984 979 980 
6 297 980 1090 422 1083 996 
6 210 494 730 1467 1468 955 
5 133 135 951 1089 702 
6 135 951 979 984 1464 1463 
6 178 177 581 580 281 806 
4 281 436 491 806 
6 580 581 304 700 699 185 
6 99 488 1660 982 1011 1062 
5 982 1011 684 1129 1130 
5 290 289 471 1129 1130 
5 1301 1302 1296 1315 579 
5 1182 1225 1296 1302 1322 
6 584 710 734 1315 1296 1225 
6 544 571 657 1163 449 838 
6 246 47 49 352 719 439 
6 25 26 881 869 886 616 
4 273 941 1114 1553 
5 880 881 869 1390 1389 
4 269 402 27 1280 
5 234 194 191 291 235 
6 234 194 1175 1121 1122 1171 
4 15 1119 1279 1329 
6 190 540 1328 1329 15 1245 
5 539 540 1328 1309 330 
6 347 618 1622 1628 1626 1117 
5 347 397 1319 617 618 
4 397 921 1558 1319 
6 852 901 617 1319 1558 1557 
5 301 302 531 469 113 
5 443 649 1097 1102 751 
5 624 625 1097 649 2 
5 192 195 826 599 139 
5 195 826 829 600 865 
4 906 1189 1522 1365 
5 346 260 600 865 799 
4 6 231 529 396 
6 231 529 1396 1436 1296 1302 
5 8 497 696 788 750 
6 8 497 934 947 898 897 
5 314 315 1297 789 1004 
5 383 316 1145 917 384 
5 314 316 383 1000 1004 
5 373 917 1145 1112 1334 
5 342 343 238 511 1363 
5 1057 1058 1130 1129 561 
6 296 549 879 1547 1384 1385 
5 712 879 1547 1538 989 
4 548 549 879 712 
5 850 1504 1575 1619 1624 
6 766 767 382 1447 1394 212 
5 237 766 212 884 928 
6 237 482 1075 1076 767 766 
5 382 383 316 1076 767 
6 986 987 1391 1395 1099 1100 
6 442 505 1424 1328 540 1014 
5 41 1309 1328 1424 1421 
5 825 826 195 1310 1415 
5 391 320 319 913 944 
5 391 320 1079 16 19 
5 391 19 1209 943 944 
5 335 62 1564 935 936 
6 334 60 61 1103 1571 1019 
5 211 212 766 839 665 
4 260 69 66 346 
4 382 767 944 913 
5 232 268 836 518 233 
6 354 336 518 233 798 536 
6 356 355 173 168 284 669 
5 701 768 1006 1208 1226 
6 512 636 391 944 767 1076 
5 234 194 839 766 237 
6 312 360 1168 1121 1122 313 
5 391 19 1168 360 636 
5 391 320 990 991 636 
5 314 513 918 1141 1004 
6 311 310 1269 447 417 416 
6 446 447 417 915 842 535 
6 617 811 1027 1069 1320 1319 
5 347 509 682 389 618 
5 258 205 501 1069 1027 
4 501 782 1320 1069 
5 389 257 203 681 682 
5 388 507 1281 365 995 
5 271 526 1597 1596 615 
4 86 187 530 1448 
5 358 905 1653 1654 1032 
5 261 263 1043 1500 1499 
4 791 792 834 1367 
5 374 303 1554 1556 327 
7 143 1018 1306 1311 1253 1128 1127 
6 840 851 1305 1312 1217 1038 
4 7 5 1088 978 
5 7 566 1146 977 978 
6 231 429 287 791 792 529 
6 359 732 278 1279 1119 1169 
5 329 277 278 1279 1278 
4 359 360 1168 1169 
6 301 113 662 426 427 698 
5 306 743 978 7 998 
5 308 18 1169 359 307 
6 394 392 431 1261 1224 563 
6 393 430 233 518 1067 738 
5 275 394 563 736 1184 
4 392 393 430 431 
6 394 392 393 738 737 275 
6 922 923 1094 1390 1389 1147 
4 126 588 847 846 
6 293 295 524 1399 1408 781 
6 134 135 951 589 1210 1211 
6 385 387 749 487 1480 1481 
5 363 587 387 749 748 
4 337 520 339 597 
5 343 344 1217 1312 238 
5 441 506 1254 409 1350 
4 1339 1340 480 1349 
5 15 1329 1325 1449 1428 
6 489 687 947 934 1586 1587 
5 364 128 127 1587 489 
5 274 270 489 1587 1589 
6 353 357 389 682 251 379 
4 284 669 1622 1628 
7 169 172 379 251 253 795 794 
6 139 71 72 878 569 192 
6 502 503 605 879 712 1030 
4 252 251 379 378 
5 589 951 979 395 1379 
5 395 361 437 984 979 
5 395 361 983 1378 1379 
6 605 879 549 1568 1569 1106 
5 868 869 881 661 1324 
4 124 125 1094 923 
6 666 667 278 1279 1329 1325 
5 198 1450 1438 1515 1528 
6 808 891 1526 1525 1426 1430 
5 562 664 928 884 854 
6 204 411 906 1365 1320 782 
4 386 167 738 393 
6 386 393 430 576 749 387 
5 386 393 392 980 1090 
5 392 431 892 297 980 
4 8 417 447 497 
5 394 395 979 980 392 
6 275 394 395 1379 1381 1330 
5 396 529 1396 898 897 
5 764 765 423 882 883 
6 782 1021 1096 397 1319 1320 
5 398 853 964 854 1382 
5 1236 1237 1092 1454 1490 
5 704 705 399 971 817 
4 1471 1472 1578 683 
4 633 1122 1171 1170 
5 706 707 1579 1620 861 
6 611 612 1409 1410 1347 1346 
5 409 975 1242 1368 1350 
5 704 705 412 1061 1215 
6 783 784 859 1232 1233 790 
5 660 731 790 1233 1158 
5 1201 1202 413 1233 1232 
7 706 707 1591 1590 414 1326 1327 
5 776 777 1623 1620 861 
5 1445 1492 1573 1589 1588 
4 416 417 915 914 
5 418 419 1291 1290 694 
5 611 612 1241 1290 694 
4 420 453 757 724 
6 505 506 1254 1388 1423 1424 
5 421 422 1090 1089 702 
5 432 433 890 1374 1373 
4 434 435 1107 1108 
4 437 984 1464 1001 
5 595 596 439 719 718 
6 440 591 602 601 609 610 
5 945 946 1292 1293 967 
4 441 442 505 506 
5 1015 1016 1359 1544 645 
6 721 722 443 1619 1620 861 
5 444 445 1344 1345 695 
4 446 447 1269 1268 
4 448 449 1163 1162 
5 450 757 1623 1620 1579 
5 857 858 451 908 760 
4 783 784 723 929 
6 453 757 1623 1624 850 849 
6 455 456 1034 1033 929 723 
6 679 680 952 699 1165 1164 
5 849 850 1504 1503 457 
5 485 486 1420 1419 458 
4 459 460 804 803 
4 461 462 652 651 
5 955 956 984 1464 1468 
4 464 465 747 746 
5 466 467 683 1578 1577 
5 655 726 923 1094 1093 
5 1112 1334 1538 1547 1384 
5 740 741 468 814 815 
5 685 686 925 924 469 
5 644 645 1015 777 776 
5 477 502 1030 1029 985 
5 628 832 1247 962 961 
5 629 1115 1659 1661 1264 
5 480 569 878 1369 1349 
6 716 717 481 1497 1498 848 
6 708 709 565 1062 1011 684 
4 690 691 1075 482 
5 512 513 918 991 636 
5 490 491 1134 759 758 
6 864 895 1203 1508 1512 1371 
4 492 493 568 567 
4 494 495 729 730 
6 862 863 1180 1403 1404 496 
5 497 696 1181 1081 934 
5 788 789 1004 1141 750 
5 758 759 1240 1244 627 
5 681 682 509 1096 1021 
5 644 645 1544 1543 1272 
6 1533 1534 739 1603 1601 1159 
5 769 770 1602 1560 1559 
5 746 747 1071 1070 514 
5 515 516 1243 1244 627 
6 517 674 1108 1107 1425 1426 
5 835 836 518 1067 1066 
6 533 954 1612 1613 678 1056 
5 864 895 763 986 987 
4 1241 1290 1435 1314 
5 542 543 1136 1137 773 
5 837 838 544 1186 1185 
5 791 792 1044 888 545 
4 552 553 594 593 
5 554 555 1447 1446 919 
5 556 557 909 908 760 
5 558 648 972 799 665 
6 1146 1147 1389 1360 1187 566 
4 582 585 862 863 
5 967 968 1028 1150 824 
6 574 1065 1630 1629 1497 1498 
5 748 749 576 1270 1271 
5 665 799 865 943 839 
5 820 821 1049 958 583 
5 584 759 1134 1277 1276 
6 642 919 1446 1391 1307 1308 
4 589 590 1089 951 
4 592 735 1263 958 
6 600 865 943 944 913 912 
4 1201 1202 1440 1532 
5 1009 1010 1601 1159 1461 
5 605 606 1546 1547 879 
5 885 886 616 1258 1257 
5 617 618 1622 1621 901 
5 967 968 975 1242 1293 
4 619 620 804 803 
5 937 938 989 988 621 
6 1121 1122 633 1278 1279 1119 
5 634 1194 1176 1332 1342 
5 635 933 1113 1179 976 
6 714 715 1358 1357 911 910 
5 639 640 859 1232 1157 
6 786 787 1598 1599 1097 649 
5 854 884 1099 1392 1382 
5 827 828 873 872 650 
5 870 871 1162 1163 657 
5 658 659 736 1184 1183 
4 663 664 671 670 
4 1119 1121 1168 1169 
4 677 779 1380 1378 
6 678 1056 1215 1061 1234 1235 
5 920 921 1558 1557 1506 
5 687 947 1208 1006 1005 
5 1348 1355 1529 1658 1655 
4 699 700 953 952 
5 733 734 710 974 973 
5 807 808 711 910 911 
5 988 989 712 1030 1029 
6 713 874 1053 1007 1067 1066 
5 973 974 1276 1267 860 
4 899 900 1132 1080 
5 893 894 922 923 726 
4 737 738 1067 1066 
5 751 752 1565 1567 1102 
5 766 767 944 943 839 
6 1005 1006 768 1196 1197 896 
4 771 772 965 966 
5 841 842 778 1594 1595 
5 846 847 781 1408 1407 
6 914 915 1072 1187 1192 887 
4 800 801 938 937 
5 945 946 802 1222 1223 
5 942 1172 1386 1409 1338 
5 812 813 1221 1419 1387 
4 814 815 827 828 
5 816 817 971 1411 1412 
5 1093 1094 1390 1361 1193 
5 830 831 1054 1053 874 
6 832 1001 1464 1463 1246 1247 
5 866 867 840 1038 1037 
6 1014 1036 1289 1288 1666 1664 
5 1022 1023 992 1087 1003 
5 843 844 1153 1152 889 
4 1325 1423 1388 1449 
5 1017 1018 1306 1305 851 
5 852 901 1621 1616 1068 
5 1041 1042 1230 1639 1633 
5 855 856 1012 1406 1405 
4 868 869 886 885 
5 877 926 993 1033 929 
5 927 928 884 1099 1100 
5 904 905 1474 1473 1188 
6 940 941 1114 1360 1361 907 
4 908 909 1034 1033 
6 981 982 1660 1659 1115 916 
5 986 987 917 1145 1144 
5 990 991 918 1141 1140 
5 934 947 1208 1226 1081 
5 948 954 1612 1614 1585 
5 1031 1032 1654 1652 1206 
5 979 980 1090 1089 951 
5 994 995 957 1287 1286 
5 1049 1050 1262 1263 958 
5 1015 1016 1064 1383 1416 
5 969 970 1106 1105 963 
5 1057 1058 1074 1073 964 
5 977 978 1088 1087 992 
5 1033 1034 1085 1086 993 
5 1082 1083 996 1282 1283 
5 999 1000 1004 1141 1140 
5 1078 1079 1088 1087 1003 
4 1007 1008 1054 1053 
6 1019 1020 1534 1533 1570 1571 
5 1039 1040 1095 1096 1021 
5 1037 1038 1026 1502 1501 
6 1131 1132 1080 1211 1210 1035 
4 1043 1044 1146 1147 
6 1047 1068 1616 1627 1625 1135 
4 1048 1098 1455 1413 
5 1214 1215 1056 1471 1472 
5 1136 1137 1214 1215 1061 
4 1070 1071 1065 1630 
5 1063 1220 1294 1275 1274 
4 1072 1114 1360 1187 
6 1099 1100 1077 1231 1393 1392 
5 1181 1182 1225 1226 1081 
5 1091 1331 1316 1516 1513 
5 1097 1102 1567 1605 1599 
5 1196 1197 1213 1212 1101 
5 1103 1104 1120 1570 1571 
4 1110 1111 1155 1156 
5 1144 1145 1112 1384 1385 
5 1138 1139 1178 1179 1113 
5 1116 1117 1626 1625 1135 
5 1142 1143 1646 1638 1124 
5 1166 1167 1403 1404 1125 
4 1149 1323 1491 1501 
5 1284 1285 1126 1561 1562 
4 1127 1128 1223 1222 
6 1268 1269 1313 1459 1460 1133 
5 1152 1153 1221 1419 1420 
6 1154 1400 1531 1529 1658 1657 
4 1157 1158 1233 1232 
5 1461 1462 1539 1533 1159 
5 1204 1205 1161 1219 1218 
4 1203 1231 1393 1508 
4 1174 1198 1311 1253 
5 1175 1209 1310 1340 1245 
6 1201 1202 1488 1487 1255 1256 
4 1176 1177 1195 1194 
4 1180 1254 1388 1403 
5 1192 1193 1361 1360 1187 
5 1189 1190 1479 1521 1522 
5 1225 1226 1208 1436 1296 
5 1216 1217 1312 1311 1253 
6 1239 1240 1244 1243 1542 1541 
5 1251 1252 1295 1294 1220 
4 1227 1228 1247 1246 
5 1392 1393 1508 1512 1229 
4 1234 1235 1260 1259 
5 1236 1237 1241 1290 1291 
5 1270 1271 1283 1282 1238 
5 1292 1293 1242 1368 1369 
5 1262 1263 1642 1641 1248 
4 1249 1250 1287 1286 
4 1272 1273 1364 1543 
4 1264 1265 1289 1288 
4 1266 1267 1276 1277 
5 1278 1279 1329 1328 1309 
4 1280 1281 1285 1284 
5 1529 1530 1643 1647 1355 
5 1314 1315 1296 1436 1435 
5 1297 1313 1459 1441 1352 
5 1326 1327 1298 1335 1336 
5 1301 1302 1322 1321 1299 
4 1305 1306 1311 1312 
5 1307 1308 1341 1370 1371 
5 1339 1340 1310 1415 1414 
5 1319 1320 1365 1522 1558 
5 1328 1329 1325 1423 1424 
4 1332 1333 1343 1342 
6 1334 1352 1441 1442 1537 1538 
5 1353 1354 1357 1358 1337 
5 1366 1367 1338 1409 1410 
4 1344 1345 1347 1346 
6 1348 1355 1647 1648 1569 1568 
4 1349 1350 1368 1369 
6 1543 1544 1359 1549 1548 1364 
4 1360 1361 1390 1389 
5 1384 1385 1372 1411 1412 
4 1373 1374 1406 1405 
4 1378 1379 1381 1380 
5 1419 1420 1527 1528 1387 
5 1403 1404 1450 1449 1388 
5 1394 1395 1391 1446 1447 
4 1396 1397 1435 1436 
4 1398 1399 1408 1407 
5 1439 1440 1532 1531 1400 
4 1417 1418 1433 1432 
4 1421 1422 1423 1424 
4 1425 1426 1430 1429 
4 1427 1431 1476 1475 
5 1437 1438 1450 1449 1428 
4 1441 1442 1460 1459 
5 1471 1472 1445 1492 1503 
5 1473 1474 1448 1642 1641 
4 1451 1452 1453 1454 
4 1456 1457 1478 1477 
5 1475 1476 1611 1610 1458 
4 1463 1464 1468 1467 
4 1465 1466 1484 1483 
5 1489 1490 1523 1524 1469 
5 1470 1482 1649 1498 1497 
5 1505 1506 1557 1521 1479 
4 1480 1481 1486 1485 
5 1499 1500 1502 1501 1491 
6 1503 1504 1575 1576 1573 1492 
4 1493 1494 1496 1495 
5 1510 1511 1507 1518 1517 
5 1525 1526 1527 1528 1515 
4 1519 1520 1524 1523 
4 1521 1522 1558 1557 
4 1529 1530 1532 1531 
4 1533 1534 1540 1539 
4 1537 1538 1547 1546 
4 1548 1549 1550 1551 
4 1552 1553 1562 1561 
5 1555 1556 1554 1580 1581 
4 1559 1560 1564 1563 
5 1565 1566 1604 1605 1567 
4 1572 1573 1576 1574 
6 1575 1576 1574 1579 1620 1619 
4 1577 1578 1581 1580 
5 1586 1587 1589 1588 1582 
4 1583 1584 1594 1595 
5 1592 1593 1615 1614 1585 
4 1590 1591 1596 1597 
4 1598 1599 1605 1604 
4 1600 1601 1603 1602 
4 1606 1607 1618 1617 
4 1608 1609 1610 1611 
4 1612 1613 1615 1614 
5 1621 1622 1628 1627 1616 
4 1619 1620 1623 1624 
4 1625 1626 1628 1627 
5 1629 1630 1640 1639 1633 
4 1631 1632 1635 1634 
5 1636 1637 1645 1646 1638 
4 1639 1640 1642 1641 
5 1645 1646 1643 1647 1648 
5 1649 1650 1644 1654 1653 
4 1651 1652 1654 1653 
4 1655 1656 1657 1658 
4 1659 1660 1662 1661 
4 1663 1664 1666 1665 
CELL_DATA 1598
SCALARS scalar_1 double
LOOKUP_TABLE default
    4.997927
    4.998455
    4.998215
    4.998103
    4.999053
    4.998637
    4.998397
    4.998560
    4.998290
    4.998484
    4.998196
    4.998720
    4.998154
    4.998600
    4.998653
    4.996515
    4.997982
    4.998533
    4.998279
    4.998409
    4.996544
    4.998842
    4.996652
    4.998040
    4.998475
    4.998257
    4.998504
    4.998342
    4.998280
    4.998518
    4.998077
    4.998400
    4.998373
    4.998645
    4.998480
    4.998336
    4.998404
    4.998626
    4.998039
    4.998593
    4.998676
    4.998851
    4.998368
    4.997234
    4.996544
    4.999899
    4.998337
    4.997756
    4.998139
    4.999053
    4.999172
    4.998968
    4.998637
    4.998390
    4.998325
    4.998384
    4.998504
    4.998518
    4.998443
    4.998249
    4.998512
    4.998429
    4.998390
    4.998286
    4.998139
    4.997882
    4.998466
    4.998311
    4.998311
    4.998410
    4.998264
    4.998839
    4.998380
    4.998648
    4.998192
    4.998333
    4.998267
    4.998336
    4.998106
    4.998422
    4.998481
    4.998373
    4.998559
    4.998203
    4.998257
    4.998576
    4.998443
    4.998518
    4.998429
    4.998552
    4.998101
    4.998373
    4.998504
    4.998306
    4.998336
    4.998260
    4.998400
    4.998174
    4.998093
    4.998558
    4.998422
    4.998336
    4.998286
    4.998077
    4.998470
    4.998073
    4.998106
    4.998449
    4.998342
    4.998099
    4.998480
    4.998336
    4.997945
    4.996208
    4.998744
    4.998077
    4.998581
    4.998431
    4.998275
    4.998514
    4.998094
    4.998315
    4.998504
    4.998366
    4.998596
    4.998325
    4.998280
    4.998373
    4.998484
    4.998558
    4.998547
    4.998486
    4.998449
    4.998143
    4.998387
    4.998332
    4.998539
    4.998384
    4.998570
    4.998721
    4.998184
    4.998512
    4.998637
    4.998560
    4.999172
    4.998539
    4.997655
    4.998470
    4.997899
    4.998387
    4.998380
    4.999007
    4.998267
    4.998495
    4.998431
    4.998581
    4.998626
    4.998039
    4.998593
    4.998106
    4.998077
    4.998302
    4.998495
    4.998514
    4.999008
    4.995792
    4.998245
    4.998409
    4.998242
    4.998265
    4.998286
    4.998315
    4.997649
    4.997794
    4.996652
    4.998653
    4.998469
    4.998094
    4.998245
    4.999007
    4.998205
    4.998267
    4.998264
    4.998217
    4.998441
    4.998441
    4.998203
    4.998217
    4.998514
    5.000000
    4.997610
    4.998094
    4.998247
    4.998244
    4.998295
    4.998184
    4.998380
    4.998275
    4.997982
    4.998279
    4.998553
    4.998245
    4.998413
    4.998524
    4.998720
    4.998274
    4.998543
    4.998151
    4.998899
    5.002822
    4.995890
    4.999341
    4.998275
    4.998807
    4.998355
    4.998273
    4.998566
    4.998701
    4.997927
    4.998512
    4.998335
    4.998496
    4.998230
    4.999008
    4.998495
    4.998265
    4.998327
    4.998286
    4.998722
    4.998139
    4.998559
    4.998597
    4.998359
    4.998466
    4.998410
    4.998311
    4.998280
    4.998273
    4.997924
    4.998547
    4.998558
    4.998375
    4.998271
    4.998333
    4.998415
    4.998375
    4.998315
    4.998366
    4.998280
    4.998271
    4.997945
    4.998744
    4.998106
    4.998581
    4.998271
    4.998203
    4.998139
    4.998375
    4.996515
    4.999899
    4.998524
    4.998581
    4.998039
    4.998299
    4.998349
    4.998632
    4.998290
    4.998518
    4.998842
    4.998486
    4.998552
    4.998325
    4.998443
    4.998337
    4.997756
    4.998280
    4.998504
    4.998373
    4.998327
    4.998547
    4.998570
    4.998597
    4.998596
    4.998260
    4.998386
    4.998488
    4.998309
    4.998366
    4.998370
    4.998373
    4.998381
    4.998378
    4.998267
    4.998381
    4.995890
    4.998103
    4.997649
    4.998533
    4.998701
    4.998552
    4.998353
    4.998493
    4.996652
    4.998242
    4.997655
    4.998784
    4.998380
    5.002822
    4.998807
    4.998275
    4.998524
    4.999172
    4.998512
    4.998156
    4.998184
    4.998242
    4.998205
    4.998495
    4.998260
    4.998570
    4.998315
    4.998597
    4.998366
    4.998484
    4.998373
    4.998539
    4.998384
    4.998325
    4.998205
    4.998581
    4.998851
    4.997802
    4.999899
    4.997234
    4.997765
    4.998593
    4.998586
    4.998337
    4.999000
    4.998106
    4.998518
    4.998325
    4.998280
    4.998315
    4.998515
    4.998384
    4.998373
    4.998390
    4.998466
    4.998192
    4.998558
    4.998368
    4.998273
    4.998896
    4.998215
    4.998311
    4.999166
    4.998653
    4.998245
    4.998094
    4.998336
    4.998439
    4.998286
    4.998415
    4.998572
    4.998208
    4.998280
    4.998541
    4.998645
    4.998196
    4.998115
    4.998215
    4.998558
    4.997924
    4.997802
    4.998744
    4.998241
    4.998333
    4.998541
    4.998037
    4.997950
    4.996208
    4.998332
    4.998275
    4.998456
    4.998260
    4.998185
    4.998353
    4.998497
    4.998347
    4.998219
    4.998267
    4.998558
    4.998174
    4.998470
    4.998073
    4.998267
    4.998099
    4.998648
    4.998470
    4.998550
    4.995792
    4.996515
    4.998547
    4.999166
    4.998409
    4.998515
    4.998469
    4.998551
    4.998600
    4.998381
    4.998454
    4.998386
    4.998581
    4.998245
    4.997610
    4.998601
    4.998635
    4.998648
    4.998793
    4.998470
    4.997802
    4.998851
    4.997950
    4.997234
    4.998436
    4.998373
    4.998547
    4.998271
    4.998315
    4.998488
    4.998219
    4.998370
    4.998597
    4.998315
    4.998384
    4.998570
    4.998143
    4.998184
    4.998094
    4.998333
    4.998230
    4.999008
    5.001084
    4.998267
    4.998199
    4.998265
    4.998139
    4.998219
    4.999008
    4.998161
    4.998327
    4.998106
    4.998184
    4.998217
    4.998373
    4.998245
    4.998203
    4.998218
    4.998404
    4.998215
    4.998431
    4.998593
    4.998361
    4.998523
    4.997885
    4.998405
    4.998399
    4.998645
    4.998336
    4.998378
    4.998267
    4.998333
    4.998099
    4.998342
    4.998242
    4.998139
    4.998336
    4.998439
    4.996515
    4.998547
    4.999899
    4.996208
    4.998280
    4.998145
    4.997820
    4.998131
    4.998279
    4.998543
    4.998418
    4.999053
    4.999153
    4.998222
    4.994785
    4.998349
    4.998336
    4.998280
    4.998342
    4.998325
    4.998632
    4.998454
    4.998245
    4.997610
    4.999061
    4.998242
    4.998493
    4.998103
    4.995890
    4.998361
    4.998533
    4.999053
    4.998484
    4.998512
    4.999172
    4.998560
    5.001340
    4.998539
    4.998290
    4.999341
    4.998443
    4.998325
    4.998454
    4.998370
    4.998094
    4.998084
    4.998680
    4.998116
    4.998033
    4.998910
    4.998743
    4.998244
    4.998632
    4.998405
    4.998610
    4.998325
    4.998290
    4.998842
    4.998368
    4.998558
    4.998484
    4.998192
    4.998645
    4.998405
    4.997338
    4.998349
    4.998342
    4.998099
    4.998635
    4.998793
    4.998219
    4.998073
    4.998593
    4.998242
    4.998219
    4.998384
    4.998280
    4.998515
    4.998547
    4.998139
    4.998265
    4.998469
    4.998576
    4.998327
    4.998597
    4.998174
    4.998378
    4.998267
    4.998422
    4.998481
    4.998558
    4.998441
    4.998279
    4.998410
    4.998839
    4.998456
    4.998422
    4.998351
    4.997845
    4.998436
    4.998431
    4.999166
    4.998131
    4.998600
    4.998143
    4.997802
    4.998470
    4.999007
    4.998337
    4.998593
    4.998380
    4.998851
    4.998422
    4.998441
    4.998196
    4.998381
    4.998196
    4.998196
    4.998115
    4.998196
    4.998325
    4.998539
    4.998373
    4.998290
    4.998635
    4.999008
    4.998744
    4.998161
    4.998219
    4.997924
    4.998275
    4.998386
    4.998217
    4.998275
    4.998566
    4.998454
    4.998275
    4.998743
    4.998454
    4.997716
    4.998267
    4.998456
    4.997927
    4.998199
    4.998265
    4.998185
    4.998552
    4.998219
    4.998493
    4.998497
    4.998242
    4.998337
    4.998720
    4.998842
    4.998368
    4.998115
    4.998404
    4.998040
    4.998151
    4.996544
    4.998290
    4.998373
    4.998115
    4.997924
    4.998215
    4.998368
    4.998399
    4.998547
    4.998192
    4.998842
    4.998610
    4.998299
    4.998632
    4.998349
    4.997716
    4.996652
    4.998635
    4.997234
    4.997950
    4.998793
    4.995792
    5.000000
    5.002822
    4.995890
    4.998373
    4.998566
    4.997927
    4.998701
    4.998497
    4.998185
    4.998441
    4.998217
    4.998558
    4.998600
    5.000000
    4.999899
    4.998547
    4.996544
    4.998081
    4.998219
    4.998436
    4.998899
    4.998548
    4.998332
    4.998131
    4.998081
    4.998558
    4.998816
    4.998418
    4.998081
    4.998309
    4.998332
    4.998524
    4.997234
    4.998648
    4.998635
    4.998610
    4.997716
    4.998219
    4.998185
    4.998558
    4.998336
    4.998552
    4.998073
    4.998349
    4.998362
    4.998333
    4.998441
    4.998375
    4.998493
    4.997927
    4.998701
    4.998311
    4.995890
    4.998361
    4.998610
    4.998192
    4.998380
    4.998267
    4.998405
    4.998851
    4.998470
    4.998099
    4.998094
    4.998267
    4.998470
    4.999007
    4.998114
    4.998184
    4.998380
    4.998156
    4.998238
    4.998336
    4.998106
    4.998342
    4.998099
    4.998219
    4.998470
    4.997899
    4.998558
    4.998039
    4.998274
    4.998040
    4.998368
    4.996544
    4.998215
    4.998151
    4.998238
    4.998566
    4.998441
    4.998203
    4.998373
    4.998691
    4.998156
    4.998743
    4.999007
    4.998899
    4.998381
    4.998274
    4.998151
    4.998498
    4.998039
    4.998523
    4.998436
    4.998524
    4.998215
    4.998899
    4.998436
    4.998151
    4.998274
    4.997802
    4.998899
    4.998436
    4.998470
    4.998422
    4.998106
    4.998336
    4.998441
    4.998185
    4.998543
    4.998131
    4.998600
    4.999166
    4.999153
    4.998145
    4.998543
    4.999053
    4.998131
    4.998533
    4.998151
    4.998436
    4.998543
    4.998816
    4.998069
    4.998524
    4.998899
    4.998039
    4.997802
    4.998337
    4.996208
    4.998378
    4.998362
    4.998267
    4.998399
    4.998439
    4.998192
    4.998375
    4.998415
    4.998410
    4.998405
    4.995792
    4.996652
    4.998299
    4.998349
    4.998219
    4.998552
    4.998370
    4.998524
    4.998559
    4.998597
    4.998576
    4.998203
    4.998422
    4.998230
    4.998743
    4.998094
    4.998378
    4.998336
    4.998260
    4.998381
    4.998299
    4.998349
    4.998533
    4.998443
    4.998701
    4.996544
    4.998581
    4.999899
    4.998816
    4.998524
    4.998040
    4.998267
    4.998415
    4.998399
    4.998547
    4.998271
    4.998470
    4.998267
    4.999007
    4.998143
    4.999166
    4.998600
    4.998384
    4.997610
    5.000000
    4.995890
    4.998524
    4.998570
    4.998131
    4.998081
    4.998543
    4.998524
    4.998040
    4.998600
    4.998299
    4.998632
    4.998290
    4.998368
    4.996544
    4.998610
    4.996652
    4.997234
    4.998161
    4.998219
    4.998601
    4.997950
    4.998744
    4.998271
    4.998386
    4.998899
    4.998149
    4.997464
    4.998215
    4.998151
    4.998115
    4.998196
    4.998720
    5.000000
    5.002822
    4.998533
    4.999053
    4.995890
    4.999153
    4.999172
    4.994785
    4.999341
    4.998203
    4.998422
    4.998466
    4.998410
    4.998185
    4.998373
    4.998429
    4.998691
    4.998184
    4.998156
    4.998143
    4.998384
    4.998512
    4.998515
    4.998899
    4.997802
    4.999007
    4.998470
    4.998548
    4.998143
    4.998325
    4.998539
    4.998570
    4.998512
    4.998184
    4.998743
    4.998145
    4.998131
    4.999008
    4.999153
    4.998131
    4.998600
    4.998524
    4.998267
    4.998199
    4.995792
    4.998139
    4.998327
    4.998161
    4.998242
    4.998327
    4.998570
    4.998260
    4.998342
    4.998632
    4.998299
    4.998362
    4.998161
    5.001084
    4.998347
    4.998436
    4.998147
    4.998151
    4.998149
    4.998814
    4.997927
    4.998185
    4.998645
    4.998415
    4.998515
    4.998547
    4.998399
    4.998208
    4.998381
    4.998336
    4.998378
    4.998099
    4.998267
    4.998196
    4.998333
    4.998147
    4.998333
    4.999007
    4.997802
    4.998145
    4.998743
    4.999166
    4.998274
    4.998245
    4.997610
    4.998691
    4.998184
    4.998512
    4.998547
    4.995792
    4.998327
    4.998245
    4.998399
    4.998267
    4.998192
    4.998610
    4.998645
    4.998342
    4.996208
    4.997950
    5.000000
    4.995792
    4.998515
    4.999899
    4.998327
    4.998115
    4.998386
    4.998370
    4.998547
    4.998196
    4.998381
    4.998260
    4.998566
    4.999341
    4.995890
    4.997927
    4.998139
    4.998219
    4.999172
    4.998333
    4.998332
    4.998597
    4.998242
    4.998743
    4.998539
    4.998290
    4.998386
    4.997924
    4.998151
    4.998215
    4.998196
    4.998720
    4.998332
    4.998106
    4.998203
    4.998336
    4.998439
    4.998378
    4.998336
    4.999007
    4.998185
    4.997927
    4.998720
    4.998299
    4.998533
    4.998443
    4.999341
    4.998184
    4.999172
    4.998429
    4.999166
    4.998558
    4.999153
    4.998131
    4.998743
    4.999153
    4.997610
    4.994785
    5.002822
    4.998814
    4.993997
    4.998099
    4.998645
    4.998336
    4.998632
    4.998336
    4.998203
    4.998533
    4.994785
    4.998409
    4.997610
    4.998553
    4.998558
    4.998184
    4.998548
    4.998691
    4.998196
    4.998570
    4.998381
    4.998539
    4.998154
    4.998184
    4.998267
    4.998378
    4.998185
    4.998493
    4.997927
    4.998839
    4.998456
    4.998415
    4.998645
    4.998192
    4.998547
    4.998429
    4.998299
    4.998533
    4.999341
    4.999053
    4.998196
    4.998543
    4.998151
    4.998439
    4.998415
    4.997950
    4.998744
    4.998161
    4.995792
    4.998576
    4.998131
    4.998350
    4.998336
    4.998267
    4.998154
    4.994785
    4.998691
    4.998429
    4.998576
    4.998203
    4.998336
    4.998515
    4.995890
    4.999341
    4.993997
    4.994785
    4.999172
    4.999172
    4.998539
    4.999172
    4.999053
    4.998196
    4.998336
    4.998131
    4.999007
    4.998851
    4.997802
    4.998267
    4.998380
    4.998299
    4.998114
    4.998386
    4.998273
    4.998547
    4.998271
    4.998493
    4.998361
    4.998199
    4.998219
    4.998147
    4.997802
    4.999166
    4.998409
    4.997610
    4.998203
    4.998203
    4.998222
    4.998533
    4.998543
    4.999172
    4.997802
    4.997234
    4.998368
    4.998593
    4.998380
    4.998378
    4.998439
    4.998415
    4.998394
    4.998267
    4.998566
    4.997927
    4.998581
    4.999899
    4.998415
    4.996208
    4.998600
    4.999166
    4.996652
    4.998533
    4.996652
    4.997950
    5.000000
    4.998161
    4.998436
    4.997802
    4.998219
    4.998267
    4.998347
    4.998566
    4.996208
    4.997802
    4.997234
    5.000000
    4.998744
    4.998593
    4.998192
    4.998581
    5.000000
    4.996544
    4.997234
    4.998336
    4.998470
    4.997802
    4.998208
    5.000000
    4.998454
    4.998381
    4.998378
    4.995890
    5.000000
    4.997802
    4.998610
    4.996544
    4.996544
    4.996652
    4.996652
    4.998533
    4.998394
    4.998378
    4.998541
    4.998208
    4.998336
    4.994785
    4.999341
    4.998539
    4.998332
    4.998543
    4.999166
    4.998493
    4.998498
    4.998069
    4.996544
    4.998040
    4.999166
    4.998368
    4.998192
    4.996544
    4.998267
    4.998040
    4.998368
    4.998114
    4.998381
    4.998408
    4.998386
    4.998370
    4.998543
    4.998151
    4.998196
    4.998271
    4.998381
    4.998386
    4.998151
    4.998069
    4.998361
    4.998581
    4.998368
    4.998533
    4.999341
    4.998533
    4.998336
    4.998319
    4.998267
    4.998581
    4.998347
    4.998267
    4.998370
    4.998114
    4.998408
    4.998347
    4.998222
    4.998151
    4.998192
    4.998215
    4.998151
    4.997802
    4.998208
    4.998370
    4.998386
    4.998370
    4.998114
    4.998533
    4.998114
    4.998408
    4.998409
    4.998342
    4.998415
    4.998081
    4.998743
    4.998349
    4.998701
    4.998851
    4.998156
    4.998145
    4.998361
    4.998336
    4.998632
    4.998610
    4.998405
    4.998721
    4.998156
    4.998443
    4.998299
    4.998743
    4.998743
    4.998390
    4.998593
    4.997924
    4.999061
    4.998404
    4.998271
    4.998203
    4.998185
    4.998676
    4.998493
    4.998274
    4.998181
    4.998131
    4.998299
    4.998203
    4.998429
    4.998399
    4.998632
    4.998429
    4.998645
    4.998139
    4.998429
    4.998558
    4.998242
    4.995792
    4.997924
    4.998539
    4.997927
    4.998151
    4.998161
    4.998390
    4.998495
    4.998156
    4.998267
    4.998271
    4.998337
    4.998581
    4.998184
    4.999007
    4.997950
    5.000000
    4.997649
    4.998744
    4.998315
    4.997924
    4.998626
    4.998409
    4.996652
    4.998245
    4.998439
    4.998156
    4.998106
    4.998480
    4.998539
    4.998245
    4.998431
    4.998454
    4.998336
    4.998744
    4.997610
    4.998390
    4.998332
    4.998600
    4.998559
    4.998547
    4.998399
    4.998037
    4.998040
    4.999061
    4.997885
    4.998184
    4.998386
    4.996208
    4.998260
    4.997649
    4.998327
    4.998370
    4.998539
    4.996208
    4.998099
    4.998481
    4.998219
    4.998222
    4.998362
    4.997885
    4.998242
    4.999008
    4.998610
    4.998219
    4.998192
    4.998814
    4.998632
    4.998566
    4.998601
    4.998551
    4.998203
    4.998401
    4.998331
    4.998610
    4.998366
    4.998336
    4.998362
    4.995890
    4.998350
    4.998199
    4.997610
    4.998196
    4.998267
    4.998329
    4.997885
    4.998415
    4.998040
    4.998454
    4.998566
    4.997234
    4.995890
    4.998325
    4.998443
    4.998149
    4.998290
    4.998265
    4.998039
    4.998094
    4.997982
    4.998551
    4.998219
    4.998040
    4.998385
    4.998271
    4.998069
    4.998205
    4.998081
    4.998720
    4.998593
    4.998524
    4.998362
    4.997933
    4.998103
    4.998222
    4.998486
    4.998601
    4.998385
    4.999053
    4.998645
    4.998219
    4.997950
    5.000000
    4.995890
    4.998422
    4.998570
    4.998370
    4.997655
    4.998260
    4.998274
    4.997899
    4.998333
    4.998600
    4.998518
    4.998386
    5.000000
    4.998039
    4.998262
    4.998106
    4.998415
    4.998274
    4.998547
    4.998816
    4.998362
    4.998244
    4.998497
    4.998349
    4.998539
    4.998910
    4.998290
    4.998744
    4.998409
    4.998174
    4.998566
    5.000000
    4.998106
    4.998405
    4.998161
    4.998399
    4.998362
    4.998099
    4.998311
    4.998543
    5.001340
    4.998498
    4.997716
    4.997982
    4.998635
    4.998632
    4.998481
    4.998077
    4.998744
    4.998498
    4.997756
    4.998099
    4.998219
    4.998311
    4.998040
    4.997765
    4.997610
    4.998436
    4.998245
    4.998116
    4.998375
    4.998744
    4.998249
    4.997610
    4.998386
    4.999433
    4.998560
    5.002822
    4.998156
    4.998205
    4.997885
    4.998192
    5.001340
    4.998350
    4.999166
    4.997716
    4.998355
    4.998245
    4.998524
    4.998327
    4.998581
    4.998415
    4.998192
    4.998219
    4.998265
    4.998196
    4.998145
    4.998145
    4.998350
    4.999000
    4.998156
    4.998040
    4.998219
    4.998103
    4.998408
    4.998558
    4.998626
    4.997950
    4.999166
    4.998149
    4.998793
    4.998374
    4.998192
    4.998215
    4.998470
    4.998368
    4.998242
    4.998701
    4.998260
    4.999003
    4.998470
    4.998361
    4.997924
    4.998131
    5.000000
    4.998553
    4.998407
    4.998196
    4.998543
    4.998429
    4.997845
    4.998743
    4.998215
    5.000000
    4.998394
    4.998794
    4.998481
    4.998267
    4.998143
    5.001340
    4.997927
    4.998400
    4.998566
    4.999341
    4.998429
    4.997927
    4.998533
    4.998443
    4.998203
    4.999341
    4.998566
    4.998106
    4.998373
    4.998117
    4.998101
    4.998319
    4.998429
    4.998362
    4.997933
    4.998388
    4.998073
    4.998560
    4.998350
    4.998332
    4.998570
    4.998222
    4.998337
    4.998199
