vertices 2040
     0 3.27845549556254 6.40141131615922 4.46431542532630
     3 2.74552027655119 5.77603431289721 5.13410790870681
     5 3.33954278061311 5.07188356090270 4.13052121370372
     8 3.84508923324481 5.37280888655815 4.28340957799770
     9 3.86188665678329 5.60979267507833 4.19783475039885
    17 3.08895190632674 5.07767672739497 4.84165095498382
    31 3.42286009647963 6.49053803261921 6.57735445970668
    33 3.57863944289527 6.43976132032489 6.41336006776169
    46 2.56341733423493 5.69969807821468 6.82703374237834
    47 2.62339568671174 6.38092640235610 6.61743776372739
    48 3.02557784071009 6.60352641153979 6.21333656751074
    52 5.80726319328241 0.77349484197699 2.32370065504515
    55 5.79579380240803 0.62032976135630 2.77713264220816
    64 6.06106906077570 0.48613041806805 3.15561402025609
    71 6.97358068744887 1.01173677820614 2.18564097565872
    74 0.05906163455332 1.07373092722107 2.60735798975991
    77 6.02032857289967 0.35562366829377 2.96191591607725
    85 1.38419227509142 2.97749610397967 6.60941326933679
    87 1.04040340867022 3.27900530543248 6.48771697635340
    88 1.16239518557242 2.49294358689232 0.13554847553034
    91 1.46580479017241 2.68390035336371 6.28829464674314
   102 0.78015957291569 1.86490889807876 6.51095255794714
   103 1.03669786107596 1.86005618916791 6.78976559336459
   124 3.35527206618498 5.49821434665433 1.13375795240511
   125 3.30829142526557 5.62026130393847 1.13263379391434
   127 2.79006142859157 5.58390912138459 1.18555005369708
   131 2.30518886516418 5.81748325864977 0.65809240672291
   138 5.03721244472704 3.85174731360268 0.01721266440906
   141 6.19017044037646 3.29916082765562 0.37641463776512
   142 5.70234797638858 3.23295179507366 0.54901785154924
   143 5.94345209083030 3.47075622124504 0.80447904616284
   145 5.47006645967741 3.61483270301388 0.76419580469550
   146 5.65841066474712 3.92693290119447 0.81642544839961
   147 6.42390603620388 3.75499339890440 6.78369848713191
   148 5.70720166808316 3.36109041151526 0.76086116735710
   150 6.25147150913876 3.39075009902859 0.48523972413905
   151 5.91056780615645 3.84902368527629 0.84482033471663
   152 5.17829430624269 3.54234031117679 0.35932084443243
   158 6.28119002962726 3.44765732514859 6.80693541976704
   161 5.15809886156013 3.65832656085885 6.68260380853599
   162 5.20948123532756 4.09746119507467 6.75442367062672
   163 5.09181607593918 4.02183203598267 0.01823043385876
   171 2.59809655454767 0.74890187543367 0.42234791748784
   173 3.03433310423585 1.10700772911997 1.03577277227021
   174 3.28777004711681 1.24903104353667 0.38292393650579
   175 2.03936440616062 1.69952107249564 0.65055827126883
   177 3.34496642368399 1.57342013330438 0.64764226502546
   179 3.12342474995988 0.97539772292489 0.54386659568806
   180 3.16512290446665 1.49474253220528 1.02259544328777
   181 2.74553638115777 1.82573337057901 1.13292498637692
   185 2.37878163300778 0.87142746359659 0.16765819658186
   190 2.38000973578772 2.13210057396960 0.68519389500480
   191 2.65328932044647 2.11352839545841 0.89932867258512
   194 2.46534857645839 2.17063249754180 0.56396445425513
   197 2.49377156000272 1.89282631218711 0.00559706234873
   202 4.77049797280228 3.47470616606701 1.57745625676096
   229 4.70669684930765 2.14182030814552 1.59285075764951
   232 4.44764226901670 1.96098205966057 1.71656035769959
   238 3.52246623986361 2.63723184839402 1.49641603128960
   240 3.61616409107765 2.94256863872302 2.01361784443925
   241 3.90324810776473 3.33048927385430 1.85231168842662
   243 3.73566958940032 2.12898313244256 1.67011653730376
   260 6.42193825712322 2.06789925527559 5.09726637176896
   266 5.91806001191927 1.58676317410642 5.02403044054851
   274 6.55051208348270 0.64335325156735 5.27938504926000
   284 4.35365352513597 6.23385317945560 5.35330947388160
   285 4.28087717226925 5.99452983393881 5.68892186814682
   289 3.80898021826322 5.07109369582636 5.29092458172754
   295 2.24707350948689 2.69338866351351 5.07550973426970
   297 1.52852838538460 2.89332417263271 5.59779149383341
   298 2.32317333696057 2.79593213589607 4.79698425295129
   299 1.85449587924771 3.10660449041530 5.53330834742479
   300 1.27875069183602 3.23370008036393 5.55987379101639
   304 1.75451988748241 3.34964335467560 5.49593531125309
   306 1.26165112440646 3.06809204137070 5.57237693221714
   308 1.79095320781076 3.54179884292625 5.14545302996593
   312 2.07063020809678 3.33897883415585 4.70458612447181
   320 3.68214977438421 2.27112097299686 0.13921654203751
   321 4.39512684838505 3.11437884057002 0.55526514168312
   322 4.11985010294081 2.17650384435657 6.90760434783854
   324 3.65301240626470 2.71969428987011 0.24891355056732
   330 4.02837730180457 2.96430145348054 0.13470063451987
   332 4.31344255420303 2.66185704931137 6.85882286440254
   347 4.11385588632908 6.73450866194041 3.62815166894450
   358 4.95739255458256 6.97391544603602 4.45435544551751
   362 4.60505283160616 1.61810978336160 0.41529442022659
   365 4.53561735137618 1.10050648924054 1.61343808479036
   375 4.33561568357464 1.28329624205052 0.57901384998911
   378 4.26853388089447 1.12298865662809 1.37077466868279
   389 6.29180608241494 5.39109311121999 6.58173659305102
   390 6.35351260887259 5.42096259556389 6.01504822372207
   392 6.64077179640817 5.94767089635461 5.82376799191258
   413 6.56808598549560 5.13936742938230 5.84570296045880
   419 6.45232422124103 5.08239236258336 6.74625844909187
   429 0.44407704140963 0.88448455192294 2.76184856497366
   430 0.37367893592930 1.19011449026587 1.88964041864809
   432 0.23034484085089 1.01121038441817 2.12319090839994
   438 0.92186499906065 1.84313553877592 2.76956188903794
   442 0.82464587344110 1.23596967968135 3.07148009955430
   453 6.22329548425042 0.54166782669185 1.28381083104356
   462 5.55177880092161 0.73196194761367 2.27971416715251
   469 5.02868382682001 4.74660412249318 0.79484668983653
   470 4.88689215701787 5.81704268822350 1.01671001138627
   471 4.64325098206121 5.49412816455804 0.97713559433710
   472 4.51166001735476 5.42337845414164 1.51613157498059
   476 5.37254770296357 4.57872323579012 1.16085217138120
   477 5.89814814089710 5.45912651507124 1.07756323996968
   478 5.45740405043330 5.55911965009769 0.65196408748657
   479 5.68821563279379 5.64075696888771 1.52349281876407
   480 5.94633065358173 5.18553626660594 1.03726214638558
   481 5.38889319784008 4.64970975679141 0.83416648110242
   482 4.90207513462162 5.18635151599083 2.02376068731789
   483 4.64934302206066 5.10678322482223 1.70860911814552
   484 5.69023737037170 4.82322377969478 1.46341504560046
   485 4.98021038285577 4.66390153709762 1.18386330218876
   486 4.95131645501601 5.09111198120290 0.63907401510712
   487 5.40443570558764 5.29031917425562 0.51792684613732
   488 5.67961899222180 5.00057067318302 0.67850148558463
   497 0.17234849210146 0.73010133141976 0.86676023095452
   509 6.61317477884122 1.30333916966093 0.92400181994129
   510 6.40077349275021 0.82375306814388 0.82723752594467
   514 0.78426010962877 1.56268368523210 6.08889961388014
   515 1.46577169965532 2.64469797320670 6.03090916526797
   518 1.37141262499596 1.48283826703078 6.77559572400766
   520 0.85679863480184 1.87946605173900 5.80949607206797
   531 0.48785135812260 0.78012401669046 3.62771696306431
   538 1.26233341230340 0.05873476912870 3.49791666467009
   539 0.91469832978426 0.31332497769774 3.85641965204974
   540 0.77969983505278 0.28853530580488 3.84181550518564
   544 3.17600695067970 1.82021267303222 5.00615696997214
   548 3.14277667591122 2.56583334537301 5.39775067450177
   549 2.36359032511426 1.58660843047768 5.05168575940389
   553 2.96522879960985 2.78775866784753 5.30351922784083
   554 2.66412247678698 2.69992979089229 5.45112463393903
   557 3.33570131530176 2.30412433584901 5.03789662009603
   562 2.16290404231036 1.81813592866778 5.20089391700717
   563 2.67464868082158 1.52581466027281 5.36796829770049
   566 3.04212821496039 4.45418660529698 4.92446635507106
   568 2.70031751756139 4.54615895400745 3.65498609183765
   576 2.19802960104142 4.37947844684017 4.24652581341075
   577 3.36698866978050 4.77800793462218 3.95432366546667
   580 3.26512052755105 4.45559998525330 4.14416579042169
   585 3.00810098096022 4.67737734006180 5.06288382246405
   586 2.40015260081324 4.40867293863131 4.99660080543040
   587 2.58143035771402 4.69395818555184 5.15621700178744
   602 1.07260027501006 1.83887993199348 4.87111420820446
   606 1.41747872747517 1.24474804511258 5.20936090576492
   617 1.82398875995762 1.00900426153529 5.06328504425710
   626 1.73536311330664 3.11060165104681 0.35959205497651
   627 1.48682990048875 3.46030607614762 0.67514158774523
   629 1.75885973912561 3.57923347162478 1.00941393651190
   641 2.02414341286669 2.43547290515402 0.77698849496458
   643 2.01510698597373 2.66727836028196 0.48333925819722
   644 1.76221291776237 2.51861800937351 1.64043566876249
   647 2.39439499991001 6.59949030043410 0.41875360482493
   648 2.16319191991459 5.92963455741692 0.71800897190588
   651 1.99235588582649 5.71263935000750 0.60772711237514
   655 1.50429108233922 5.72516343783197 6.75568728985036
   657 1.68638067036465 6.62640821356010 0.34518072059742
   662 2.11333878611118 6.49403063172890 0.60420228159346
   666 3.55627595171914 2.66401009095449 5.95134693236539
   668 4.31544382152872 2.80824684934894 6.51320446467669
   669 4.03993424987727 2.32228396373831 6.07132602818521
   671 3.56824784598649 3.17601983783883 6.20169944327942
   676 3.99049751312825 2.03550919295335 6.17941020242060
   678 4.02077450240417 1.91386188858999 6.58013236440637
   679 3.54036467399406 2.74244177601949 5.63145496456724
   681 2.70264632647203 2.49603208590630 6.45017122994371
   684 2.75152129016861 2.92629385487164 6.61090124421406
   686 2.46115068903210 3.52520030210059 5.90443624984475
   699 2.31309379079849 3.12769876807573 5.86586897640383
   700 3.69175038135328 6.68713918477842 3.59843401990826
   719 4.38473000963787 0.22690386814482 5.48992591692978
   721 3.79362565516382 0.23336094126982 5.56535816721670
   722 4.76597892056362 6.91429070099381 5.94516785995773
   724 3.96655389738586 6.67002600791105 6.49072384678530
   736 2.95305255255541 5.78455522312107 2.23231213195791
   739 3.98526843764188 5.51356802933711 2.88025982390059
   741 3.55752881049874 5.65470371477585 2.12417855365383
   742 3.75962290691533 5.95641297270546 2.37224368820728
   763 4.58377550151358 0.37220851138883 5.34057039014581
   764 4.43321248040879 0.42889363504840 4.94881444984408
   769 4.62024588684477 1.70240657215542 0.02727456714307
   776 4.88541231038532 1.65816152913351 6.83573618605462
   782 4.78483510930951 2.95635651865976 6.34338331371455
   783 4.65828382968645 1.50682954740958 6.62034350367939
   794 1.75815842539274 3.91099558783371 2.10736670944776
   795 2.03936238774769 3.56361021867795 2.19106186547074
   796 2.85608252739812 3.91440544354133 1.59709543635044
   802 2.68608749133759 3.46665681196586 1.19108917035427
   803 2.67554505774715 4.30853067921672 1.48359250855810
   808 1.87585148844153 0.05956230911112 4.91710280857230
   809 1.68703021522350 6.37198287996976 3.72010353428006
   813 1.28457814833661 6.98119842654238 4.64277928357999
   824 3.56564085499882 1.53768286652507 1.40928701156719
   833 3.46247476682666 1.86393905116416 1.66923408704502
   835 2.89122123204577 4.68514598717631 6.08221940195641
   836 2.05683418810789 4.21337965698843 5.73872739073379
   838 2.66685884066395 4.65877078618617 6.12403070985903
   841 3.10122580925886 4.38521953632103 6.22406461077808
   843 3.32975900370167 4.48153789863813 5.30286203627654
   844 3.34912777962938 4.18615489755022 5.84315244294672
   845 3.19359677332117 4.67846495320730 5.30358037340155
   846 2.07453876973904 4.11858934467014 5.34083650912268
   848 2.08332410537188 3.88947553180696 5.89417594913773
   849 2.12448685598836 3.75120501508210 5.73657609562164
   850 3.02318672658504 3.84160028403100 5.17399322111953
   851 3.22360613206626 4.30317511647580 5.04884481388218
   852 2.42290999131332 4.66505572835857 5.85733012437494
   853 2.12349045807828 3.94620673522831 5.33275459430927
   862 3.74356397788737 5.39639476428961 1.61627783081173
   863 2.58504317481126 4.74978418617545 1.76258726641009
   865 3.72000136862845 5.11819110474219 1.88656046362341
   867 2.41265938915621 5.02550784995365 1.64326211748854
   870 2.86857097820008 4.71272221294664 1.55403635213435
   871 3.36714362966531 4.74155897987645 1.93286387513792
   872 2.61179959569943 5.22286953147893 2.50743483780049
   875 2.14356416521001 6.20309061272153 3.21558371779632
   876 2.97768020543732 0.25779512929088 3.31812189459625
   877 2.16789731013299 6.54201831364134 2.78646990816474
   885 1.77043974923552 5.61211291839659 2.56649598744368
   890 2.09572262618720 5.32634182402137 2.90152761960384
   894 1.92019688245747 6.41915395109649 2.50001803766846
   900 0.66645123443279 6.04114710052710 5.81416127793538
   901 1.20396465281911 5.40237746872708 6.29034795045705
   903 0.36814983452649 6.39778853431564 6.79819894369792
   909 1.25919243472677 5.36600846104072 6.60570364908986
   910 0.79022098070344 6.55533663980069 6.78159559937878
   911 0.82334100503447 6.65307381377429 6.45443806592507
   912 0.30195163181392 5.84387428886963 6.94939684373160
   913 0.34777304352655 6.52896802980728 6.19922705753780
   920 2.25250043719941 0.70211784202552 2.31747150451234
   923 2.70559996517484 0.53094966234768 2.13459116638426
   924 2.47572144915255 1.18455475857489 2.18076720460773
   927 2.84242545804235 0.85026652342860 2.06099689456465
   929 2.78539321873142 1.21314094280020 3.40905274245563
   940 6.22753195333396 0.02061765046011 5.48730647783474
   945 5.31103848219640 0.71740471722493 5.57798334434466
   947 6.54578548900430 0.18753678365980 5.47969795299837
   950 3.86486383632054 4.78533267466945 0.68461793726226
   958 3.49702035068316 4.62975664959739 6.65112741500736
   967 0.71374190070315 4.31485474435645 6.74717346544228
   968 0.68105128930494 3.72009837290482 5.67986556285555
   969 1.17612360447341 3.58732010192838 6.57294999343188
   971 6.90665852264271 4.00682460037117 5.96894755129344
   973 6.88623573679594 3.78351136147241 6.60984549110283
   976 0.10430087750372 3.92053511472335 6.86582684507326
   977 0.37607757911909 4.40785194361318 6.69238306610511
   978 0.08727547940257 3.56482299239505 5.89912417650177
   979 0.79001185595403 3.81906925002787 6.95176433636333
   991 6.51806690914178 2.42697229518080 4.54238764609720
   996 0.14466401403858 3.29255439321478 5.01503144055861
  1001 5.86441041737604 3.43693880830365 4.27128062403355
  1015 6.39886582757166 2.67221105773625 4.91031309941486
  1020 2.97587589297948 0.78502388556653 1.49189347463947
  1021 2.46480296291481 6.86855447698184 0.87212073211234
  1022 2.92717076045441 6.92430358996302 1.57447730326634
  1035 2.71153901181192 0.35062532739320 0.29290422875523
  1036 2.59992465825906 6.85664746425336 0.62958515837213
  1037 2.90155137123797 6.71385145802503 1.37648669081372
  1038 2.73534786616332 0.23195718876662 1.57731698035900
  1044 5.63784930840190 1.19831453694920 3.93582088612480
  1045 6.24763736067683 0.19794487876987 4.04373382538264
  1046 5.88756611602765 0.25582134604427 3.61620044803493
  1050 6.40244060562234 0.68347708097781 4.34925625213272
  1059 1.94287841457412 0.64222593792863 2.09751654453302
  1065 1.26870272698918 5.26889611197125 4.90599458499531
  1068 1.28243626216097 5.64498618852776 4.88408491677027
  1070 1.37032556938785 5.13102846055010 4.72199558417099
  1076 0.73215684806139 5.92596966356358 4.68406338519718
  1077 0.69198400728450 5.59037698949796 3.58141475510105
  1080 0.90046063771993 6.09520427246498 4.33467541731786
  1081 0.93579711362142 5.72574160064247 4.94154206683512
  1091 5.75946885119629 5.15265546167224 5.64792286272427
  1092 5.19285796555339 5.01616170008588 5.58636954050781
  1093 6.10474692696665 5.26952915681501 4.66863877288380
  1094 5.53355540004959 5.45014529310660 5.51302916591922
  1097 5.54829026403929 5.62799103050698 5.23442444834127
  1098 5.61463626027207 4.94766592492714 5.71193212552266
  1099 6.20539291763240 4.87155839030192 5.43558331172137
  1100 5.75137438864032 4.67051330201640 5.59998839047819
  1101 5.16523054922413 5.29543100218105 5.50650843890300
  1102 6.37310830338219 4.90958074509101 5.07201941379461
  1103 5.10111851438509 4.79352120275106 5.39022992500396
  1104 5.43817191377368 4.48167346334172 5.34047096056142
  1106 6.18213305987883 4.74721104412772 5.44257160783525
  1112 3.99008706444243 5.28292666532109 1.52074546510913
  1114 4.39405689699014 6.14925622796011 0.64308085202023
  1118 4.81754750192485 6.09659004252872 0.89478871391797
  1122 4.26060197833790 6.32075930459938 0.75464623773379
  1126 4.69794722357897 0.34812932300485 0.09735875161840
  1130 5.02862783881857 0.35151028494639 0.03010178485515
  1134 5.33345507176129 0.48224905655525 0.43533983003224
  1136 4.30365770932597 6.80088921092546 0.16040813856421
  1137 4.16387444889283 6.81142800775744 0.42842268806607
  1147 6.72628296196195 6.49684765930089 4.87489744598782
  1148 6.72827712307739 6.85347736220645 4.10445206628786
  1151 6.83159649682612 6.28134000835936 4.94625648778988
  1153 0.33369827023393 6.52744080370902 3.69945909270624
  1155 0.48746285530704 6.82171767926043 4.13878934112506
  1156 0.80488504619257 6.50640780270113 4.45184537624118
  1168 0.60793635600446 2.92510283516890 2.06360423576976
  1174 6.44420597737427 2.86037425256449 2.75560610104617
  1178 6.65537596312790 2.29401240536526 1.69119583798989
  1181 0.01829794116489 2.58567748825618 1.51157398587703
  1184 0.53845070216492 2.92807087580833 1.82734001770148
  1202 5.48482429205207 1.62465227681792 4.81761089796419
  1207 1.70724380499218 3.35698884840201 6.82454913113598
  1209 2.61198005472636 3.00073631187738 0.18539143871592
  1210 2.32761776089788 2.50874753925792 0.31841608788723
  1211 2.37920543721480 2.17342103185252 6.82364083173030
  1212 6.09766453631835 6.51420113294427 5.59916611851700
  1214 5.21179310379344 0.22778935450645 6.37418656902294
  1216 5.92941312226433 6.68030556618854 6.39357544426062
  1217 5.58922738258955 6.28653542075379 5.65908526993473
  1218 6.24546491752930 6.72554323050892 6.00290000580098
  1221 5.78063515524915 6.99401404312742 6.53234791393107
  1226 6.15277424111357 6.79737097852814 5.36139512539033
  1227 3.66151694268081 0.84220445721324 5.90332524168279
  1244 4.01196603669440 4.06522130038390 2.22589443688805
  1249 5.48817400242136 4.13536394678637 2.20614161460331
  1255 4.35566292021190 4.37940730378879 2.00753869444473
  1259 1.20393953457937 4.59417846292195 5.72156920775132
  1261 1.16492708690799 4.84233964741333 5.70066904730377
  1265 1.42135865721643 5.13870500428783 5.07276174214671
  1266 1.49402797814722 4.31288216370163 5.12173882505262
  1279 0.44898660303635 3.53309857890003 2.67765438319298
  1287 3.16962383745301 3.89346954837251 2.79684610502128
  1288 3.83472101539399 3.79037301791806 3.65375575411259
  1289 3.41437501146566 4.18369780098464 2.69286935528266
  1293 3.12862982786264 4.58782422109878 2.80119426597480
  1294 3.58819537279445 3.63523376768326 3.17730441197961
  1300 3.60058484685961 4.20485774947967 4.12369746143596
  1303 3.59791103319536 4.73324413993473 3.16352207022709
  1304 5.46865519774838 4.21128435991573 1.26182936231786
  1309 6.47938731234342 4.90363321295305 0.40316179470419
  1317 6.61952086243568 5.04484283157734 1.08571415268322
  1318 6.31411734034034 5.49825120008756 2.31642106353253
  1323 0.36660626347932 5.17432833199244 1.73873655929575
  1324 0.49170215242791 5.68985932192606 2.79101141122260
  1325 0.67816512253019 5.66657188047750 2.39579570618691
  1326 6.79255029732763 5.16806408005190 1.62179434733788
  1328 0.22899226846175 5.11289837327307 2.84248217665179
  1329 0.05237863406282 6.05057972211006 2.66565678808388
  1330 0.42519468468063 5.75948923743254 1.77034291249694
  1336 0.33770802399848 5.44411116234082 2.95138272092989
  1344 6.53698665537395 2.73824503834477 0.25841696537141
  1345 6.62963350090300 2.84127304659496 6.73467142532125
  1346 6.78408977900654 3.94216725653749 0.33295283548048
  1347 0.31870365449341 2.66021856197211 0.42534210896556
  1348 6.88332091474611 2.72038947446040 0.56902395746312
  1349 0.21840999284873 3.51700628810438 0.68741892433755
  1350 6.77142512446126 3.10669962267177 0.77252636803745
  1352 2.11252195670348 6.58154239540713 0.81117230720087
  1353 1.03997632483128 5.66364667518336 0.56922050324231
  1357 0.78124574246083 6.12873810999389 1.05590604029247
  1361 1.58676620003206 6.70700619857489 0.43047648835870
  1362 1.31295815592008 6.52904862645712 0.38379131244522
  1364 1.78667199315958 6.74778484924423 0.88178151035523
  1375 0.21507423891607 6.16080946806037 1.01654941765425
  1376 6.66192652815321 5.08927187453820 1.10600352702831
  1377 0.34101499801786 4.91666844247412 0.88127649099635
  1380 0.07448838464706 5.80549995823048 0.63813137244532
  1382 6.59380303764583 5.29796021207933 1.04730614833680
  1386 0.95286204932954 2.34633869946230 3.66487065525916
  1391 0.57825036834612 1.77876231277273 3.03291002396672
  1401 6.23218181756893 6.21300185818373 5.49066633524015
  1405 6.41288613227435 6.48925271259134 4.99302549462531
  1406 3.63345625853739 1.00308374856046 0.25087508842153
  1409 3.74690185353756 1.05487226466553 6.82770896231365
  1416 4.34391264884591 2.55159815404615 3.31592914048607
  1419 4.33959851894976 2.01036280883786 4.39832295694875
  1421 4.84012295954327 2.03032054397297 4.14427590353526
  1424 4.88930393873429 1.53586723140169 3.99183723805632
  1430 4.01267741858880 2.35361629915598 4.16481584185354
  1439 0.06669349759141 6.88176786184454 3.02499267338360
  1440 0.88084359336293 6.59224148124043 2.10713922223018
  1445 0.46587971187344 6.84143352207359 2.19199756572265
  1446 0.10032185695339 6.61159320518744 2.28765290850610
  1447 6.91529632803550 6.69494815492074 2.78658136432013
  1448 0.08561698193069 6.66871001620498 3.18915892405498
  1449 6.91375014067012 6.50514806048644 2.91796584231086
  1450 5.77755674943186 2.40771390990683 2.97889595151794
  1457 1.44616727452716 5.45803612917312 2.52597176378485
  1459 0.60995689688665 4.41046249572182 2.09057170501433
  1460 0.63895655135483 5.48936084345947 3.16430625217442
  1461 0.47396513032299 4.42681934394514 2.16621713238074
  1466 1.39952863049094 5.42580934559343 2.35673495302911
  1472 1.92870399055593 5.05915853686992 3.01722017516841
  1481 2.29635092019680 4.88753362516178 5.98308873393214
  1484 4.62549555916285 4.49670496647924 0.40075539332798
  1489 6.07397287916554 1.58726568185238 6.48112018437447
  1493 6.72194091247472 1.90868454801183 6.48226774230966
  1496 6.00322008033919 1.21289944607772 6.59274855147333
  1499 0.28146937308423 0.92964042773849 6.75504851154437
  1502 6.56199535582867 1.82004427856879 6.68548099028564
  1504 6.09415066126722 1.64691797549041 6.18360019802340
  1508 0.28916984613380 1.59584736513728 6.59584078247357
  1510 4.45684872807065 6.96855050305054 1.41892601203941
  1511 4.63298916755703 0.17045028299873 1.72836743262090
  1517 5.92138790092611 6.40735103696116 1.97104521218379
  1521 6.15458399264322 6.59386544404660 0.99500909473882
  1525 0.12853148911704 0.11733573646432 1.73625838567875
  1527 5.97385029741934 6.17574012079614 1.59366011570832
  1528 6.83455421700580 6.62904372280088 1.27868353809181
  1529 0.14042858379639 0.11885058364224 1.56109814167528
  1530 6.49440365632564 6.89798421150914 2.23595309423653
  1532 5.47515195407963 2.61652037626382 0.82231969866951
  1544 2.98129279036071 3.52090270052173 2.26268265042913
  1549 2.43517403989091 2.34846897985972 2.08625450622609
  1559 1.81297965166797 2.35799726480391 1.78845870063184
  1563 2.33866294489441 2.30759413647554 1.79383429881796
  1566 5.11749651032637 4.81040370085110 6.55973574049481
  1570 4.94226871666686 4.39619966070213 6.64652914625490
  1571 4.59646800717409 4.55482446932042 5.98218330157980
  1577 0.88934989005774 6.13332008134918 5.38896096754370
  1580 3.78979570544919 2.29959820442671 5.13661022154010
  1582 3.60857467026977 1.27563813044285 5.73180974765380
  1587 3.88133241083135 2.54813335084069 5.46744442135165
  1616 0.99336134815682 4.27272384863391 0.60991406372063
  1617 0.84871059456222 4.71986942412813 0.13167983525578
  1619 1.80595708687575 3.82043622046776 6.67655727223360
  1622 1.59675146515081 3.57433353181838 6.81620099511823
  1624 1.98698250550055 4.60700826146086 0.22639458908100
  1639 0.69217569990309 4.15272939206332 1.62313168323179
  1642 0.39556711195507 3.65718156684964 0.93025996183283
  1656 5.84902807540893 2.01078691561395 0.70770040851822
  1657 5.72967579915424 2.07523745355798 0.89533649936321
  1663 3.70550701347344 6.84148011624664 0.35698780704764
  1666 6.11075697336134 2.97938906918403 5.88366703092888
  1667 6.09800348362112 2.88073279311126 6.03485920504081
  1668 4.77406355457034 3.43479439387903 5.87284416044693
  1671 6.05988988319391 3.43598806670166 5.84134004458125
  1674 4.72559693659693 3.34365435853621 6.29265661147435
  1676 5.77954562306540 2.80011752233624 5.69327503941616
  1677 5.38931631876842 3.12639989416118 5.46939946228846
  1698 1.43187254974039 5.05767240160468 5.99313896396825
  1699 1.61833137052013 5.91232483206398 5.31999848712377
  1701 1.83568226010147 5.50625775852759 5.54868071257407
  1702 1.81972755238829 5.46808794545288 5.73082212057015
  1703 1.30437396341006 6.20699397132423 5.57140333484327
  1709 6.20572593056634 6.48023421452995 0.64993394732480
  1717 3.67485186017164 6.39758881705171 2.40262306564333
  1719 3.51653051234499 6.81401870503216 2.11391169019453
  1722 3.85830489240300 6.05815989699072 2.29382119953082
  1723 4.25033320028854 6.68489263285723 2.59092614830399
  1724 4.31931793362304 6.10183128670729 2.42988789208224
  1725 3.89544672306607 6.74319378188882 2.57544949584527
  1732 2.35354661853430 6.08235337044354 5.30542775155618
  1736 1.90841061180512 6.15977886887289 5.17899194391198
  1742 6.97194349232570 5.88626500320805 0.48439737263381
  1751 5.39830889228665 4.69848142526930 3.21457279872910
  1762 4.92722385670089 3.68276407632817 4.15541491940470
  1765 5.13260712280819 4.83421395727148 3.47702162758611
  1769 1.85151881363235 0.68280063184121 5.39010683171605
  1772 1.33614494480774 6.90943146346244 5.34224917158532
  1775 2.28604623659101 0.62446007000244 5.76359933406519
  1779 2.17227204277354 0.70845924173890 6.01750736601772
  1789 5.42221439821482 5.18268532197969 3.24601817039538
  1792 5.13752750064555 5.04434780997540 3.47178439408512
  1795 5.45472825727471 5.70378137430727 2.82653075950246
  1797 4.32172680531498 5.34987506961084 2.94015321489381
  1798 4.84496480326759 5.74612612985875 2.55407400152120
  1800 5.25972693060101 5.22343669005819 3.73909324793844
  1804 2.78564964776883 2.03276904385170 1.38807970299135
  1806 2.51667818018654 1.97989571059903 1.73125782622089
  1809 3.03369199586073 1.88715516149837 2.32066626916613
  1810 2.66637597303153 1.96979577026090 2.14710112685725
  1815 3.02962038514922 3.35529577405297 3.91985358771276
  1822 3.58114561646832 2.19639885155910 3.56303350819783
  1835 5.54473153647834 1.88342580485071 5.77271112589730
  1843 1.93387469545774 4.88140944689808 1.57658857409893
  1854 4.20174260839753 1.06294026745459 0.38111951185721
  1855 4.97662299656549 0.50563401545616 6.72317515758016
  1861 5.82950119260303 2.55505776200156 5.25393101718976
  1862 6.35379364799293 2.55236030345416 5.10545450606085
  1867 4.70740711972169 0.82759633835344 4.51068728288327
  1883 3.40168380071560 2.16012322204106 2.55395141793403
  1884 3.56369063251736 0.57736762495761 2.86507289886638
  1885 3.83620192365516 1.75494358328172 3.13717640658327
  1891 3.95707395028088 0.92100111183652 2.96544998202331
  1894 5.16914645470635 2.15475747107155 4.39295571131204
  1895 5.24192324180980 2.65784313080716 4.68731692472035
  1900 5.11518538776589 2.25085843215760 4.75891776884760
  1901 5.29337365108819 1.94453239743004 5.02275495578439
  1904 6.25050185130031 5.49400495140991 4.57331833276791
  1912 4.51821665299277 0.85359641166595 4.85050319008490
  1913 4.74589237275672 0.81388393540370 5.40865945508950
  1915 4.71898732930949 1.00485952749326 5.12213511326764
  1924 3.43998052127452 2.75541679140800 2.50702297569214
  1926 3.65357814666199 4.10725386644633 2.11002937296560
  1927 3.53101915089550 3.87322285389725 1.96336982834090
  1938 5.79488266972970 6.25941284979968 2.48457379170883
  1939 5.86120352743300 5.87090399544472 2.60928485598069
  1964 0.23996407732205 0.89669643357654 3.91163800987539
  1965 0.72100305445852 0.21626319335055 4.07379576100292
  1971 4.81156556697444 0.23400609083736 2.66025730414075
  1973 3.86505096959286 6.95409599716947 3.05059505495894
  1989 1.47230871434445 1.93786997664045 0.72920538723717
  1996 4.17612060723943 4.98974122602906 2.96189330704664
  1999 5.95660017680023 5.83880036109344 1.56952836408505
  2000 5.97909154804998 5.60171625677627 2.29139370219479
  2003 3.04459200725786 3.10710579832585 0.39015898550554
  2008 1.58088548335065 0.71212080808464 0.20705295246207
  2014 2.38555809459719 2.42586586713911 3.28191646190375
  2024 4.33846781637777 2.80309499939668 5.04487618825761
  2025 4.10544835960525 3.48315518757375 4.92824546022438
  2027 4.32286045212758 3.62386333897331 5.62138053943691
  2029 4.28573417947928 2.85731098009052 5.25109702601751
  2030 4.09270851795430 3.31950953088994 5.29962304149609
  2031 4.64793346299499 2.70372820599463 5.10178533414095
  2032 5.09284080939099 2.87853005320137 4.78400452293966
  2034 5.42189924451171 3.33844307713193 4.79217856781224
  2035 4.89550149703913 3.53799234115616 4.48614237587094
  2038 5.34669587642355 3.00123324072000 4.90217543483288
  2043 6.09801903050865 3.77955817337701 2.96349258985871
  2045 6.14257347085459 3.33120865275770 3.11241353531656
  2057 4.48716769628991 4.90771451907429 2.22529731173604
  2058 4.17955727601428 5.17772121552610 2.83490987123920
  2062 1.54388824645438 4.92329630592891 6.62677381264434
  2063 1.53797791538944 4.18949742670823 4.09452226944709
  2071 1.45394870573960 4.32685873466331 3.84567911531863
  2074 1.30462819086841 4.07562335322472 3.59481722728442
  2084 1.46608852530395 4.53023235798685 6.00297420500783
  2085 1.57849343727866 4.84548790561518 6.13583147419839
  2094 0.25372309681826 0.51114858350882 0.28931769432135
  2096 0.71274147168634 1.23288981627554 0.21839715343921
  2097 0.48333171355899 0.84972259810121 6.95257569803232
  2100 0.60534569886351 0.08824521959288 0.38270208855896
  2104 1.26086935404003 0.97309908043347 6.95449201947059
  2106 0.93567543847280 0.23776696777414 4.14060102138180
  2109 6.74667518593906 2.59611444879556 6.43359621434380
  2110 6.54917139538603 2.73715767533876 6.64680116465419
  2111 6.31857294448934 2.33171352647466 6.97271682049535
  2114 0.18074378405150 1.85241932330172 4.45262184252082
  2118 3.88134294832564 4.61087945976069 5.32293671141348
  2119 6.34754657515718 2.40437938657310 0.26424519035006
  2120 6.26472823122536 1.93396749003105 0.84675532846299
  2121 6.81827689988134 1.70417689335368 0.45855023779856
  2122 6.53128520024802 1.46163945682213 0.71275849093780
  2123 6.57357733429010 2.16262232245616 0.57613469749536
  2127 0.67934328026970 1.98666780900351 4.93385235374860
  2135 0.49453852750322 2.01197820686424 5.41649720944523
  2141 0.40956311955747 2.46680803302329 5.51262028297982
  2143 0.61689245688718 0.80487512393945 5.03991443670162
  2146 5.52163369722081 5.85624303230672 0.34899409193523
  2153 5.56758946802586 4.95422790231580 3.11808186652111
  2160 6.25641186523473 5.33176711202774 3.72985819944739
  2161 6.59900956108876 4.88719132170701 3.91723368888989
  2162 0.23479000314678 4.73638222475094 4.01766817385927
  2171 6.77132504632103 2.62633219964609 1.10108128311457
  2173 6.88578960121758 2.51144148997810 0.72236293164924
  2178 5.70191285956221 5.90257261849659 5.53576278589161
  2180 5.91170631744007 5.40039315413222 5.93036562856434
  2182 0.48104746935082 1.58557894679770 0.07613551182827
  2186 0.29367948427840 3.91524731407929 2.65296193536258
  2192 0.21000200872655 4.01626651505734 2.97204606280704
  2203 3.59188120488979 0.74143059455271 3.92465950606600
  2207 4.33155271598096 3.67344481532413 0.48790704532376
  2218 3.97877572442709 4.18021014471581 4.77341265509015
  2221 4.38032537165975 4.87433553853501 4.72906768325945
  2222 4.63267926407419 4.42910394174573 5.73644194289338
  2223 4.27019535824567 4.44116079615559 4.41408966963345
  2225 4.23441001024794 4.34775354397576 5.59792914498435
  2227 4.02502676556858 4.53485936976039 5.20158831296674
  2229 2.45092058861599 3.61655351583917 4.60710201726403
  2230 3.21313344989124 3.51803259456516 5.03097438076336
  2237 0.82615389970665 6.87733835262716 0.19631899732838
  2238 4.79680513353569 2.22442352279273 4.94197550061901
  2251 0.69269077982436 1.41789778804132 0.21989260163360
  2253 5.53210792142881 4.79459450718631 6.50648226079534
  2259 3.67268163148442 3.61608561303594 4.73177218251819
  2260 3.69609664198011 4.08507429482562 4.67082796920862
  2262 3.60416006388516 4.38430411224739 1.83669327462720
  2264 3.70183529124105 4.21321895908503 1.06199140157758
  2265 3.42724365266504 4.20143554279615 1.55679021238611
  2266 2.88542516003744 4.48912799788625 1.42805952928907
  2268 0.60171171186245 0.69672329756360 4.99660769495521
  2269 4.34697830361353 2.08190751800558 4.74280711855092
  2283 6.53754504448898 4.64074283987787 4.10546502874829
  2285 6.89986284084654 4.51784558673501 4.97446565224201
  2288 1.36127776722590 1.44779567036495 6.85241714568051
  2289 6.51067132570331 4.17003046253302 6.02341130647984
  2297 3.02391496550234 3.35504205521189 0.52267756107989
  2298 3.11655331441038 3.30252257966331 0.90738385320681
  2303 2.34265050635599 0.65671461915738 5.76563200578502
  2306 3.76168795381607 3.86989258938381 0.95212062077369
  2308 0.91335858835046 0.38631343770351 6.33235642416590
  2311 2.31548883272416 0.78543526228595 6.02687306142379
  2312 3.39416743738612 4.00930731372368 1.60030866195611
  2313 3.63377723391692 3.67412948934177 1.16151109336623
  2337 5.30223904113940 1.79312905414105 0.98777831195267
  2366 2.80744257957552 1.06629908027332 1.11302253168227
  2401 0.62287130767595 4.36370898188879 1.03043292683626
  2402 0.34233055753519 4.05780165963169 1.10378796805778
  2425 2.46555084737691 5.83655061220267 5.45146238528199
  2428 4.39080114475621 4.58410872857839 2.70055504437412
  2430 4.53659061185384 4.65560954909380 2.31698724844184
  2436 1.87694879218942 0.05998825304694 5.03902671329415
  2455 3.09890305117275 5.46257053217010 3.50187565435547
  2460 5.53376252879067 3.97245855226062 2.33353724707797
  2461 6.09167608184263 3.80348291268487 2.60044087782286
  2463 4.84119680335569 4.93902252860487 6.04188926551246
  2464 6.15590301297242 0.77814394774380 1.13712720339996
  2466 5.31229857292860 1.36329086746369 4.21805941553053
  2467 5.48906662909532 1.69994502982812 4.44056040726263
  2487 5.00254554046487 6.37148260725685 4.42214190044121
  2493 2.32112901300362 6.79930013867614 6.99357650308471
  2495 2.15198077482757 5.62831173727792 0.55681639573545
  2501 0.66249081948125 5.40646090268098 6.20407196870351
  2502 0.49756274904513 5.78913183585421 5.90673236696979
  2505 6.58178203296441 3.17815583557805 3.81241646203039
  2506 6.65686023017133 3.26935218229245 3.43629760894502
  2507 3.23605325721502 0.84790566036198 1.37912161394429
  2513 3.43228885837333 0.29615066892058 6.84022977317312
  2517 1.98468049146237 3.39407623260506 2.50683215715532
  2522 4.09405758745885 2.29407347679985 5.99460620401308
  2531 1.55143106567505 3.94540669107748 6.28079007617935
  2533 1.36254344863138 4.33612448210601 6.25727546398541
  2540 3.09649208991484 1.80935603502001 3.24891738803844
  2541 3.03693742895361 1.95110432809296 3.12006735281281
  2546 6.51095149132665 0.25077098406144 3.99928422476704
  2548 6.64157817447768 0.51398111965527 4.17590112723010
  2561 4.26713118140519 3.73566933726392 4.94943159770549
  2584 4.11829613443363 6.36187144647790 6.47712680990453
  2586 6.05713639797837 6.17329769545170 1.71593350374478
  2587 6.07686388368890 5.86506108278643 1.75518164914638
  2588 3.42444331480242 1.75628209699247 2.11099721322133
  2612 0.41514143398633 3.44014520425333 3.12685504031761
  2620 0.74740360419874 4.75770292767067 1.94886473150059
  2621 1.37077562921193 4.94892313979254 2.17939790591492
  2624 5.98589546153505 1.05670143743967 6.35685368629654
  2632 4.58191127973611 6.95717688361560 1.11495736320151
  2645 1.41094289338207 1.80019654591338 1.60686189089039
  2652 1.20705790870900 2.31255559282000 3.77242833918128
  2664 0.57813673143092 6.90966547784701 0.36575449703550
  2670 2.56105588352446 0.78169973617203 6.33431014713084
  2683 4.00680056260478 3.69779748912022 5.94088036352541
  2692 5.50420503404789 3.48713122151204 5.48474185706976
  2694 5.51833679794564 3.62717541616574 5.12829278489273
  2701 3.23348587676533 2.52408898097506 4.53299877369963
  2704 3.84383938840325 5.45520244784504 4.64205046098313
  2709 3.23627170175815 1.32163328339577 6.31463252154989
  2714 2.32761959199886 0.30955890197072 1.06541198320722
  2716 0.89588231083916 5.94353966711005 1.36758048589723
  2732 0.79729438211673 4.36004822108709 5.81088023807533
  2733 0.69919750990105 4.21527259961730 5.66624844902698
  2738 0.09015985375485 4.46792678236864 4.21558624639516
  2739 0.20567689586456 4.38873954862337 4.62668743884223
  2740 6.87828370940271 6.90245603066099 0.05313479273492
  2745 3.48495001982410 1.10883780745023 2.07121610765476
  2753 5.70061730050277 1.87688970486347 2.45492399349641
  2756 6.37618840130528 1.01329473209081 6.95591908447529
  2758 6.54822744141250 1.87554395483052 6.14591698811080
  2759 6.61581674497266 2.60306591210989 6.12341936429403
  2763 5.13522966794826 0.89319923443227 6.59565248349916
  2778 1.09971632365195 0.40730016802274 4.49466035699397
  2779 0.38742226026491 2.33237897058154 2.66158466632603
  2780 0.57868110973208 2.34789586892941 2.32896715459530
  2795 2.79789503641778 6.97055914101169 5.13480091646233
  2796 2.84075695806644 0.09948226358975 4.70850776498245
  2800 0.57974374304275 1.87693490753566 6.66738056476945
  2802 0.65353373321212 1.87768666488680 6.86536640301885
  2803 0.88382953957329 0.58476596520469 5.88484196325310
  2812 0.66842836671658 4.98785697684950 1.37085484017490
  2815 0.43004688366237 1.72368595151788 4.73840403056844
  2821 3.93189517297008 6.50992559931396 5.15863259803474
  2822 4.04978213402003 0.13413180425741 5.28534530792494
  2826 3.55022716599420 1.25521465791470 4.38234336309580
  2827 0.81585630583299 5.34883382598248 4.98672072507830
  2832 6.59435543494668 6.68563929241799 4.16774014927977
  2833 1.35161408684732 2.20715202945293 4.74548106598312
  2834 1.48063743764582 2.21074312236036 4.51557421239883
  2845 0.50822826413838 5.36236574356676 6.68735283379884
  2846 0.22110650714086 5.75758885005903 6.82087938559680
  2854 1.20641487695258 6.12874709591373 5.96491962109598
  2855 1.43833135396890 5.78622910732645 6.15743656514189
  2858 0.43047088706458 6.58873749733942 3.36422199616929
  2860 1.38804638692915 3.38511420638421 4.46949855819073
  2866 0.99185021168708 1.86440140407894 6.88382485368199
  2867 1.07250868729085 1.67879718477943 0.03711139142381
  2870 3.12037675178582 4.89012660599962 3.67217511073800
  2871 3.34324425074263 4.85636263903144 3.12217264988050
  2874 2.01570279916952 6.84449935339864 6.90783374978386
  2878 3.72330565541331 6.17719387590994 6.39940299627318
  2881 4.11829382770125 5.17560825177975 4.18420942387072
  2882 0.24376643082036 3.16587142241723 6.27999848974623
  2883 0.12613996167397 2.82494523458005 6.21064183033959
  2886 0.84722115350726 6.30057592229900 1.04327325934807
  2888 4.72921889803311 3.27111182616246 4.46648142865048
  2889 4.26405809338432 3.19638385247331 4.70829722830820
  2891 6.85978474585866 1.98977151661859 1.86369114858180
  2898 3.95111071661122 4.38888368619179 1.07557768637582
  2901 5.93033087725769 0.05725080859384 0.06648095084803
  2904 5.24661047081310 1.08093418372285 4.87108239501507
  2915 3.55465083515592 1.43489319415418 5.10470024263305
  2916 3.69465288759040 1.18307272957883 4.78928266061306
  2921 4.46876952215331 1.05435814875253 0.76580669375858
  2930 5.97604036872906 1.76071293478649 4.25561536372638
  2933 5.47865109841194 0.47588132625493 6.14429431371148
  2941 6.43542351277435 4.93759521552807 3.43800516888717
  2942 6.27822505042270 4.77523762213547 3.27855149358087
  2966 5.62972301784273 2.78760957884300 2.99504218711557
  2967 0.58608833425709 0.32960463654899 1.18407578902769
  2968 0.50301337674490 0.01046793361137 1.34735276244904
  2969 5.25366032967124 3.82150892837026 6.55052678280171
  2980 2.96098024653457 2.93007252464157 3.75298560166184
  2981 2.58384303843026 2.90617321507488 3.53942358263974
  2982 5.76594181170877 5.08701406782917 6.77731606452422
  2989 4.21117592773305 3.49548791647590 6.42197955668719
  2992 6.24594789541703 4.02493215125656 6.52285482091230
  2994 2.75612207575589 5.31076475650975 2.57211057374370
  2997 6.01545963646824 2.26726866413349 4.00439312360707
  2999 5.63773554167935 5.66805866832117 5.72245416063081
  3001 3.64161573939058 6.16085914612648 0.85868354874309
  3002 6.39578952767379 5.37575158797606 4.02170237666717
  3003 6.35417443593413 5.26714093723599 3.99189420301593
  3004 1.48463281509471 4.78917739320105 6.71548638046386
  3005 1.02358162012548 4.86531563622741 0.10975932070161
  3016 2.71661961743534 5.27496861667079 4.84247524603026
  3017 2.43331211775227 5.01736044229133 5.02354924648367
  3020 2.57685527320250 4.24363234106302 4.87458167212304
  3021 2.55368040891423 3.97391714037603 4.97853746542223
  3026 4.06392723803865 2.61665238377253 3.48384839553648
  3027 4.22975963058118 2.68287594814932 3.75988732462190
  3036 1.84556058901935 0.34549923975838 6.44196938826788
  3048 3.03894434424446 6.62401248258784 6.40351362521719
  3053 3.47823979063942 5.83587847754597 0.74523649134690
  3055 1.20787270716158 6.83087086919823 4.43146142800921
  3058 6.50273477643255 0.38023097244705 1.10539035050945
  3059 6.57980265461272 0.62059498630128 0.81335630482626
  3064 6.79555299295280 1.51276455742821 6.97173513752832
  3065 0.24877926557361 1.43907529711069 6.82826479067746
  3068 2.12788199576187 5.43143318301219 5.71969477643290
  3069 2.13242664794849 5.46303583959257 5.57184013416994
  3070 2.11849629033267 0.97362710110141 0.30575082547077
  3071 2.03507764663744 1.43276911214317 0.18045694584854
  3073 4.30334116134632 3.43828471865463 2.67100259505305
  3079 0.98219821885348 2.43455947642665 3.38148085634622
  3084 3.62277651658037 3.40811244759049 4.42751629661785
  3085 4.01815773653152 3.10359017118269 4.42006211789945
  3094 1.49919181362745 3.82533139864512 1.62873489968384
  3097 5.27751657693747 2.05191367889322 6.65365847547618
  3098 5.56774996204303 1.87666160763075 6.80350688993431
  3101 5.31581004612729 3.87438428585214 5.14692565355751
  3102 4.80242480204477 3.76323174636287 4.64689361403829
  3106 2.76731499629442 2.27249201088230 5.74006010906487
  3107 2.85801132524546 2.24740960895057 5.73310582832227
  3113 5.75148259989142 2.23757123943404 0.00805262316776
  3114 5.86112405232426 2.33179221559506 0.38366735775716
  3127 3.56894607333570 5.76995643867922 3.96055628004944
  3128 5.07876863491564 6.33601466926614 4.52744600870457
  3134 6.08017384347752 3.46157450597575 2.43102594829173
  3135 6.11315229676677 3.14011282641204 2.85990808456939
  3136 6.94358763485134 6.38629452497773 0.59367235480182
  3137 0.16676343055154 6.68291243440816 0.18332863055680
  3145 2.20392405835083 5.22401572818684 0.69147075844506
  3147 0.98494021576930 3.80946775740132 1.77070277838318
  3153 4.35428953045811 5.06733642048232 4.67466357897218
  3154 6.44664933631268 0.22464859575784 2.70159670978032
  3155 6.50231636782827 6.87798859455351 2.62475269939768
  3157 5.99971027634157 5.80507120313836 4.70153345358813
  3162 1.48391707732190 6.56171909223974 5.55950892105250
  3164 3.28967022493281 2.09861649495643 3.10640666134549
  3165 3.38338723360979 1.99556059313249 3.22820360678831
  3166 0.58520954718477 1.53483113606980 4.63003664125093
  3167 0.52413701835260 0.84402695721140 4.99748807657161
  3174 4.90205098970635 4.96510676958125 4.83309728919120
  3180 4.96753147245050 5.92047265575479 6.65279068589213
  3185 5.45274843550452 3.50157542515476 3.56728893616844
  3187 3.02437721235991 2.43557052265516 6.42132299320929
  3189 0.94244753848419 3.22680976571711 6.16414123954651
  3190 1.03745873818195 3.47454550542183 5.95865679891749
  3191 6.64180549294541 1.70976132203905 5.90195604514957
  3192 6.80373964345623 2.01546591296202 5.50033403541770
  3194 5.42750868749273 0.60264274955912 2.59602246260542
  3199 3.03618839215015 3.61497426186196 5.58901021567640
  3203 0.51191294631200 3.62109138016533 6.99052550875989
  3211 1.24080444066194 3.80336601091718 6.27285183344726
  3212 1.08795391614442 4.20820198405523 6.25242720330774
  3215 1.29866705040632 4.39355744591426 4.53021735905112
  3217 5.58445874633005 4.22192988820058 0.52527301825177
  3218 6.00953679305734 4.37305750034282 0.24248366741046
  3221 6.43202414737763 5.19330299919625 0.93933874506784
  3223 0.33783560950069 3.95637327016200 1.36553819939550
  3226 3.11703483127672 5.01354523625240 2.58643327096775
  3227 3.34297668228471 5.00635568081731 3.04982817932411
  3229 2.32169558821041 3.66207799980830 3.18978941548190
  3234 1.07769242671572 6.08260370104742 1.55868984172235
  3235 6.46399949734332 6.89573467607907 0.31021025490822
  3239 6.36854267653645 2.52797120463517 2.78276460851418
  3241 0.60538952769870 1.82413287881629 3.69080105514433
  3251 2.29029430843956 2.40164534558961 3.41471366007276
  3263 2.32208407673203 1.53429697570595 1.60075166968948
  3268 3.53001914127142 5.43838800986373 0.85066144817210
  3269 3.88426534277187 5.27060273506714 0.91395548443076
  3270 2.81641649039068 1.70165490909176 5.61949714736638
  3272 0.63125076622500 3.52923871425438 0.71173103777080
  3281 5.53371799546072 2.71435768142916 0.57760506994080
  3282 0.84529174036110 0.84402318951383 5.79365864561548
  3287 3.70579237188176 0.03490128521459 2.26615455986518
  3289 3.47572119115379 0.56821177598091 2.57006679837684
  3293 1.74247260753624 2.40900050157795 2.04108630827006
  3296 2.86187379914042 5.47928022994457 3.78262902649490
  3300 5.93562142775860 2.75702985569265 4.16162884100943
  3301 5.97961210960465 3.11833853435083 3.97308913190051
  3302 5.46250625351015 3.68718813935980 3.95262307119583
  3312 2.54359143052242 4.86692283586893 6.24304671184582
  3319 1.52068387846346 0.65047867253912 0.73602692072576
  3322 0.14520278452026 1.49361240335140 1.62267599853666
  3331 2.53299884892652 0.10274929381300 4.49490545831935
  3333 4.77986303116794 2.49147968058838 1.83962731535469
  3334 2.72222474198819 4.86952762960513 2.43575609945671
  3335 3.06391990679311 4.85157571423595 2.52464783347673
  3336 1.84996663290603 6.53624488909213 5.33255005801407
  3341 4.20385446567062 3.14162965966146 3.99795178068337
  3342 1.03590869306454 3.02633387282157 5.22669813485908
  3348 6.96859374613454 5.88123298604904 1.62529802800029
  3349 6.67116941613944 5.52019818626941 1.57683741239295
  3355 0.20012617251918 2.39089827509082 0.68136067239402
  3356 0.20231764199815 1.75513298328008 0.50925103228228
  3361 3.29841224535497 1.50500647629839 6.09292663293834
  3362 3.21866052074801 6.75680033809951 0.76234023050043
  3363 3.42396113449390 6.46238144677001 0.60329771977515
  3366 6.14286199071445 3.70727176341037 4.37638830850962
  3374 5.97269631280226 3.43398042758479 6.54812432706507
  3376 6.03961244898830 2.98566650068801 6.35886049404003
  3378 5.77387284123728 6.77382183816353 1.16866487747801
  3386 0.34856242997768 0.03799487441570 2.99985004978291
  3387 0.22579872519661 0.61923767955145 3.08599724680775
  3388 6.41280354765708 6.73975828900682 0.94970033298980
  3389 6.43792498269282 6.63025125652256 0.65419898777657
  3395 5.48880100084535 2.82709966355899 4.82965289368865
  3396 4.40100136256833 3.81728179636904 5.50601364882615
  3398 4.46143794283246 1.54574039645527 6.77649201405653
  3399 4.22727742140695 1.11446329691586 6.89264841078509
  3400 0.63247530543683 5.91408496254208 3.82840245622170
  3401 0.44686099161951 5.69265606029974 3.83201823079086
  3406 2.43602287505922 0.79055141810936 0.75928202889464
  3407 2.17428640829646 0.93597642146898 0.72857063752633
  3410 1.90159757333053 0.99929738243857 2.07245601599039
  3413 6.15439439644099 6.57979452024871 2.83286854780394
  3415 6.87666975694604 0.89578461707507 3.82037906536292
  3416 4.05764244868712 0.28354932484767 4.98058813932300
  3417 3.98669057833063 6.96472662224531 4.63454263576438
  3431 6.40143590457028 6.22701656944264 5.09783152261296
  3432 4.52759950648550 6.34355830219808 4.37647840930551
  3437 4.72492405633763 5.01278798063977 0.34048307985073
  3438 6.47536825870803 0.81508991439768 4.87788076011873
  3439 6.73276855878139 0.70322226743396 5.07627290147146
  3442 3.54531666891065 3.22984061940171 5.57546007019838
  3443 3.21656836089690 3.33005594209193 5.40003845424311
  3444 6.67830048714570 6.37711688702706 1.70559876644177
  3445 6.84490619238814 6.74170538061388 2.03247307668666
  3446 5.45392488213920 0.81730350892371 6.21180047550498
  3447 5.36397749391018 0.97356631518049 5.92163940301989
  3450 6.96305499070185 6.58003861548570 3.69759243339670
  3452 3.92900437333602 1.80792510004489 3.25418368299700
  3457 5.18030839733264 0.16758216838007 2.56314502239622
  3463 2.89431592989545 1.59613369647810 5.37423712881305
  3464 3.39995606865041 1.27154453926806 5.32506392818618
  3467 0.98723002151925 5.73899112948501 2.42332662172383
  3468 0.83096807308915 6.06946286301602 2.09894555958573
  3469 0.37603399970262 3.61922847500838 1.30113119225558
  3474 1.01580678079231 2.65695818551372 4.74545975218759
  3475 1.21444042852895 0.03449158909092 4.30683471951222
  3476 1.51557476101355 6.90968206085509 3.69839694053411
  3488 1.59521600594583 4.09101886745074 3.19125275038484
  3492 5.73341000034014 5.58312555549935 4.84934315553811
  3494 4.66085994833316 4.29665421859622 0.03741895756540
  3498 2.21151186230543 2.55930698824986 4.54478779930864
  3503 3.39182371814037 6.92147534027141 3.53119976965521
  3509 1.87492092114327 2.91090377121595 3.79608882956631
  3510 1.91856276428882 6.57691707443741 6.47235032461077
  3513 1.56138038682883 3.48599470229485 1.43633318505275
  3515 6.18199640871283 0.82069238455102 0.44023084440974
  3516 6.18804663213237 1.00180482674204 0.34928267954830
  3518 3.37668142321982 0.92531271545485 4.26589610523467
  3519 4.01965100802063 3.24745720358666 6.52083027532066
  3520 3.86850267371527 3.31240382547852 6.91323676647519
  3521 6.47742289170427 5.71305907523004 1.81521019512367
  3522 6.81426857988947 6.01664467454887 1.79922956234375
  3527 2.50620621668657 3.74221616738426 2.21537802413816
  3528 2.69539854607064 3.63612642407112 2.01716312332429
  3533 0.84185378439857 3.50554636849030 2.48191031966412
  3543 3.66190509776448 5.96349181207820 5.96127167930809
  3548 3.18453994966270 3.71299175481774 5.84438228618175
  3549 3.55666305592053 3.42089788878990 5.87632863305087
  3550 2.23883201814987 1.04782889314752 2.30096984908829
  3552 4.74864003399493 5.45677304101888 6.70142823427942
  3553 5.00300279085155 5.18552157676608 6.91554083141675
  3554 2.49176039993019 1.47686209725959 1.20450436588178
  3555 2.13548833926395 1.37580244804079 0.96208233815672
  3564 4.10831927015209 0.46694074432676 0.82227823049293
  3566 4.36604152480593 0.81032127234821 0.61387084796557
  3568 0.19472277786746 3.19329646635301 6.48211779223880
  3571 4.24119575900720 5.46668251198032 0.69199163456227
  3572 4.38209251817466 5.15727553109287 0.33769371107452
  3578 3.04167500746027 6.89180005769310 3.48223672636246
  3580 4.68484982039702 6.02357224088900 2.09758418047879
  3585 2.30050922531148 1.59043165101918 6.89797398411909
  3589 3.28865965817483 6.67483847479363 4.34391538340772
  3591 3.64311361026760 0.08297998343574 4.39341351528609
  3600 4.15968348663986 1.41381423549483 4.34701918401781
  3601 2.00369685135583 2.22128778084097 4.94229336324520
  3602 1.65480274954778 2.21460238456677 5.06263654919392
  3603 2.22001738342702 5.50071973337338 0.08185475107035
  3606 4.10242723208513 5.29747348011334 4.87772232991539
  3608 2.06861845545145 1.69582242639885 6.62382801280600
  3610 0.20851785036181 4.94634210075391 6.73080614048066
  3611 3.97339066691889 6.87994194273577 6.74304140454138
  3612 3.68261357825855 6.88899658166330 6.86369014704172
  3617 1.76012320927913 6.92864012904702 4.92015818388745
  3618 1.76099411207044 6.92882494138047 5.04223327842867
  3620 1.71823438977516 6.01882435411629 2.75039521821552
  3622 5.25140233740200 0.00416052668564 6.98119503715297
  3623 5.37831358080884 6.97403247566085 6.55222964873485
  3628 2.96601664468719 3.18400796377492 2.54478810444178
  3629 2.93631674739884 3.54049893723773 2.46976253244817
  3642 0.67907560539348 1.59859778171851 2.91110716846132
  3643 0.26964284520577 1.08650758516333 2.58771310226479
  3644 2.52420091101560 3.11840119908243 2.75675577787891
  3645 2.63523043400435 2.80263702968528 3.30245252669669
  3649 5.20442404458475 6.23345246985507 0.43020301414186
  3650 3.02454489120871 0.21557211224888 6.59609589813760
  3651 2.99168642229026 0.49384120954303 6.26414910619896
  3653 4.43504046003396 6.45159284814482 1.33869535555670
  3658 4.53643908973869 2.62434482159557 3.64033085777581
  3664 0.31381019238170 4.86104629370798 2.17224486551296
  3665 0.48234885667840 5.00088973566046 2.03338797319692
  3679 4.46637326854375 3.48787387696751 0.60954289613625
  3688 6.74114548576038 5.64798725254479 4.80707658962530
  3690 5.22702895822404 6.79985329339840 4.76175499089124
  3691 5.75525172287352 6.99119082828516 4.81205694594607
  3695 6.08705242612157 4.75149171336900 0.25944984343914
  3696 6.06832778359487 4.81722577335265 6.94907373999914
  3701 2.92497143775051 0.86006786255938 3.61738680854582
  3704 0.68977349266232 2.86845247893960 3.49318574051930
  3712 3.16718749972468 2.32445871330180 6.14237064225526
  3713 3.46731628487358 1.84339993859722 6.29550295951845
  3716 4.52235005607544 6.45725440068213 1.12201269422270
  3717 4.83629663192032 6.25062958195702 1.08083999522105
  3719 3.10464623635079 6.66960142431173 4.40906748085141
  3720 5.45017113708379 5.01798950489463 4.32732580961826
  3721 6.05399801147991 5.07735661223900 4.45565292579624
  3736 1.38001899494263 2.61286419713119 6.94660800739131
  3737 1.60243957482142 2.72740299156292 0.31291879628572
  3740 5.45446880743092 6.79267666814825 0.90152440586358
  3742 2.00116155457233 0.37838697637923 1.14667682518205
  3743 1.89741472016278 0.77686469724767 0.92742214680483
  3748 5.15001522250390 0.49578188011026 1.56844970543805
  3749 5.41527051356522 0.33955377456748 1.89059550664044
  3750 3.83901271348012 1.13606954374523 3.21665873831144
  3752 1.20501372263079 1.99545521931437 1.21116224765756
  3753 1.28624288277444 1.78857806298791 0.98992727699400
  3755 1.29454973040460 6.41928160458765 6.23946525368032
  3759 4.26761512000744 0.73499561245681 1.89165094347064
  3761 4.35255616810987 0.36506521152891 1.89579356212312
  3764 6.16056753120897 4.78639153099071 4.53038291686401
  3766 4.86308881046770 3.95989712536420 1.49260861076323
  3768 0.25919244504880 6.06903637480456 5.94021074593944
  3769 0.37760702835001 6.21227583200207 5.87946136533196
  3775 4.09542916532404 1.27222405696388 4.76252436676528
  3777 3.74186585153156 0.91435744861234 2.22973669059872
  3779 3.55414156489398 1.05964599188923 1.62971929836037
  3784 4.69852289354822 4.22875664157094 0.10036239047532
  3785 4.60339625446585 3.94431193039532 0.09707598278455
  3788 5.43792800537876 4.00234849662044 2.05887532871125
  3792 4.85283222382157 6.29394735513153 1.94630742623596
  3796 2.37902503659186 3.42913403801968 3.56453242961254
  3799 2.01511534031703 6.46003168200904 3.58707110804301
  3800 0.23133466247058 6.95514415311958 6.00187183279720
  3801 0.70077617502313 0.47678677541111 6.15783026589749
  3802 6.67408134321768 5.55842423585590 6.97894765948980
  3803 6.63925205085370 5.14862671497700 6.93818768103773
  3804 1.88846911671141 1.63095635212384 3.64512124937283
  3806 5.55912837426826 6.68800671324760 0.53910513918553
  3807 5.52341022885583 0.04865795728082 0.24824286946302
  3818 4.20463999130346 3.83253583689741 6.81734610000033
  3819 3.95013664864267 3.60811017202673 0.04836857832820
  3820 1.51968039290232 1.51511558229654 1.53683326011619
  3822 1.49394700130264 1.42821132755895 1.23780588627868
  3828 3.21929728017564 1.85269537589921 0.47743339377893
  3829 2.74506409898069 2.16510786669169 0.73549970664666
  3831 5.13444715914157 2.52365626364141 2.46991069337378
  3841 4.60747198635558 4.31435878753517 1.35508165738873
  3842 4.27949879519312 4.22498098321636 0.98026616871878
  3843 2.67723582625189 5.21757497762228 1.18013402635541
  3844 2.84444727495630 5.10244403743814 1.15109120025104
  3848 0.10734285107972 1.30280633237390 1.00068860365083
  3852 1.37847078112305 0.98496293468970 3.34596318799477
  3853 1.73236845390187 1.12822109054831 3.48666783789212
  3854 3.53774786787600 6.85134513892102 3.77391009393498
  3855 3.75089294032314 0.14883056393841 4.05945939374941
  3863 3.14771038129548 3.17331942510314 4.44030670967623
  3865 2.97192142628125 3.23823355318350 4.67726508888988
  3866 2.80969796653198 6.90947374343401 1.83610648094908
  3871 6.83949564887117 2.64948649640270 3.76689218132962
  3873 5.82987046324361 6.21330548673509 3.95832558854295
  3876 0.84947006490555 5.03871514240380 0.13687330913113
  3886 5.75499199982263 5.75115427839727 6.75221590972293
  3887 5.94562341545953 5.38720251525714 6.57933174893488
  3888 4.70978789048026 1.14312968406331 6.48121382498522
  3893 6.82601977204549 3.67455646795280 3.44497272942068
  3894 3.13970009536838 0.98209796245698 2.26564559391081
  3895 3.37321307908343 0.59140907921436 2.58663443707912
  3903 6.44839404791952 5.69015906993769 6.75480076399379
  3906 3.52663691488542 4.52794584570062 6.85164288901877
  3910 0.33090623737373 0.79681966291349 6.32929112222047
  3911 2.02062679268667 2.21869972526755 4.69698056626850
  3912 2.38368883223895 1.78217047801051 4.51562863463503
  3915 0.18357312095460 1.79384427916037 5.40938060790691
  3922 5.58622486837341 5.61220865241376 3.42045836465419
  3923 5.55059471510397 5.35670053841860 3.48319220380488
  3924 2.52441532498006 4.60486653775435 2.59392842740563
  3929 3.00550666397297 1.32208723305958 3.14997970267720
  3931 1.29859293955348 5.91218040762310 0.00990386323533
  3933 1.39227428871499 5.94165708588850 0.26117508784186
  3934 1.04848082494024 6.90954357720629 5.16112670797869
  3936 0.69938266535523 0.25714423446698 5.36599900516295
  3942 5.95886753909279 1.75975276256834 5.22951568618975
  3943 5.65906244983287 2.01355448236673 5.31008683184417
  3945 1.13281297389035 1.00175217185463 0.98760059453021
  3946 4.35513474864685 0.22251366967265 0.72135407783395
  3947 4.61321703153946 0.48671876492514 0.51536264330530
  3950 3.70099669263641 0.75533418271471 6.57468260913362
  3951 3.44575810857201 0.86144451202226 6.25747087649021
  3952 1.46989785257635 6.68367564461443 6.09163713522567
  3953 1.84933651517027 6.75877120549548 6.24947838239922
  3955 0.41879555129050 1.52105077947609 4.07714829148089
  3956 4.63044214911434 6.25432739403229 3.27424701854802
  3958 4.49904004046148 5.86124481023650 2.74696723753201
  3961 1.24726849118516 0.69659723564277 6.78692100974952
  3966 4.30937639465707 5.44133805904236 6.93484273748859
  3967 2.40534147838966 3.24443812778287 6.32765056031928
  3975 4.58338061870949 0.05794672575707 2.25434847745003
  3976 4.77066212692059 6.95146191312476 2.04400098510133
  3981 1.51220394768348 4.56880719826665 2.53851942213226
  3985 3.75570728445267 2.75846836268885 2.26622841322524
  3991 4.18725999378459 4.80096156197465 0.34119614386747
  3992 4.58761537878304 4.56646995615038 0.33134528854801
  3995 2.28551692957563 1.04709769504680 3.19099642820882
  3996 2.25718644444662 1.23552714426520 2.56454045436877
  4003 2.71143961344742 4.19686272652964 6.38296742476372
  4005 1.28024360959777 0.15905684021464 4.49501256712793
  4006 3.62160470808996 5.29562098778687 2.25104736876307
  4007 3.94194269333114 5.29040162164999 2.80238662211973
  4008 1.28445596658732 6.24185908744440 6.91263482534153
  4009 1.41353553733014 6.37955704363787 0.24889857099765
  4010 6.43835498299225 4.09257097494537 2.55920149239121
  4011 6.56076650508576 4.16934200326595 2.94782466241517
  4012 4.04500794291976 1.13571027374959 2.50860381622596
  4013 4.34641147846127 1.06203280158251 2.38719202625722
  4015 4.44800841386411 1.19834576317908 4.16174196314330
  4026 0.60200452859498 6.83823332502011 3.29491608639695
  4027 0.95069297951147 6.76110971211951 3.16782627879294
  4029 5.65371694959188 3.94401959008399 3.18749321934379
  4030 1.87099341682003 1.36830935980285 1.52455114337669
  4031 1.83693311857414 1.28762980097898 1.21078174008521
  4032 4.32454855309362 6.92101000375288 3.24450400839502
  4034 4.44799731791686 6.82645427849755 3.14256623649620
  4041 1.31991354368630 2.56812836609879 0.45095709411252
  4043 1.49911679163090 2.23637292993239 0.78788677657680
  4044 1.06924366449151 0.55320904135987 5.92649122735047
  4054 0.76306751393392 2.10591808909425 2.92295617808550
  4055 2.41084852771318 3.42036798091081 2.73203583213654
  4056 2.68171080414174 3.65647557465138 2.53038933623789
  4057 4.15202034729453 3.75737165476800 2.88728862082535
  4059 3.73482902238418 3.77677010575755 3.15670794709543
  4062 0.84574218986221 4.42248813574942 1.37088148781323
  4063 0.85346731705148 4.75187228037136 1.52102660271342
  4071 3.87735884219721 2.59020532570583 4.48908554340836
  4072 4.06702654453805 2.44151564131411 4.84768843594109
  4073 0.26575433562522 3.73573536446506 3.25928689023181
  4076 0.74087985998980 2.99417505819775 2.05105992261336
  4077 4.99524222725860 1.03592811666461 1.51086371240377
  4080 5.50256333478842 4.38009363182864 5.04751761840319
  4082 3.37644685495240 5.82435394801714 1.39117976464703
  4085 5.25522682712445 5.93127036247627 2.77874158749715
  4088 1.45320869668070 2.40172775636663 6.70002565075910
  4089 2.10243278209632 2.08257506912236 6.59812714498610
  4097 5.89624468404459 0.30467777437382 6.26229549900465
  4099 3.96879893868843 0.79773881034192 1.57559498745716
  4103 2.69720803955006 0.15939092037017 2.78406048080747
  4104 2.92265832461800 0.28709939748909 2.39536328645688
  4105 3.58561963935080 5.40725498283325 6.43460961557757
  4106 3.58654566458939 5.57672396218716 5.97334363484247
  4114 2.18194055920699 5.52766519765035 3.20232759250241
  4116 4.52900323833434 1.95286704431199 0.12953525960063
  4119 1.49759099676986 5.07776377301942 2.81438621871758
  4120 1.52585911426289 4.60471609111304 2.65140535656670
  4121 2.53060907063306 6.42371378891866 2.03029873147475
  4123 1.94827457506768 5.99622691215831 3.18833992128346
  4125 6.43052828017647 4.04158337773460 3.12000801389824
  4129 3.03015912977460 5.26796549486548 3.81481213216665
  4130 3.04460181619844 5.41142558116350 3.74577251810830
  4131 4.95159292481432 2.48785129641437 0.86116055763936
  4133 6.92009401927970 5.35717934265724 5.59193389141792
  4134 6.88080319863049 5.22233072941126 5.17017847288530
  4136 3.90282726033704 4.20901624906057 5.94271053960686
  4137 6.05888389968844 6.48118482253360 3.81208471685898
  4138 6.29018549131245 6.75289228211218 4.16356405196300
  4145 5.77152054744782 0.22426370467558 1.35159493999247
  4146 5.74407464299181 0.18709375458298 1.73121162194860
  4147 0.14783955084893 6.40675661306002 0.96354090075772
  4148 0.48031351620401 6.60790240929374 0.96345748088929
  4149 5.70878044655275 6.38510698632408 1.61265690720554
  4150 5.72002896687526 6.51125747624703 1.84357331442312
  4151 0.81674643187863 5.35123033137144 6.90532507516310
  4152 0.80209074691501 5.57552521738371 0.07132564703276
  4153 6.07406065849187 6.62034122569378 4.57471355158934
  4154 5.79040035772249 6.21202637139487 4.37452445106116
  4155 2.55649013906590 1.33460000609301 6.83242048319846
  4156 2.61983846906487 1.15783673497768 6.36372468570258
  4160 5.18080365271960 0.96190485471629 4.53679125370860
  4162 4.22878636139259 5.52046041061259 2.96351171199655
  4165 1.77396211926162 2.87503740452400 4.18516076180606
  4166 1.74274663288406 3.31066943929761 4.33760020235341
  4173 0.87374789184069 2.24491282787309 6.08109017032134
  4174 0.64300539896405 2.57362717977289 5.94128217035157
  4178 3.56290193832903 5.71691022261702 0.66743306442305
  4180 6.42440612230193 6.28304825411151 3.07652082040996
  4183 0.55295286913687 3.25414993585418 6.76567573962247
  4184 0.54977263130976 2.74235172698856 0.20023948245929
  4187 2.13860269551154 2.18270799835893 6.31840457708533
  4188 1.59644595264592 2.66435306417339 6.19056195713961
  4191 0.91019208008243 0.47251549790517 1.26650675976709
  4192 1.48150099746901 0.02038737230120 1.68999603310639
  4193 2.67921784783975 6.73099092334066 4.14955709309238
  4194 2.45456254529572 6.36079083533260 4.07415461628491
  4197 3.31450792662226 6.23391049309215 5.01353944903550
  4198 1.10436196729570 2.80718311865908 4.39793416570047
  4199 1.36179735930295 2.58655440427943 4.24408620975557
  4201 4.67361109800511 1.42407970337942 1.83569769220638
  4202 4.58420439683118 1.40695248452418 2.29961368610559
  4204 3.68381761942531 4.63665407352930 6.62653984176699
  4205 3.99952700495267 4.38151379019837 6.22663611076017
  4208 5.85033616684308 2.93823958730683 4.59837498235645
  4209 5.81930942572657 3.32550914928449 4.56514356263886
  4210 5.68931170363958 3.19919937668785 3.52994891690177
  4211 5.47208621952740 2.90800565863918 3.41735159701417
  4215 2.33371848929841 2.67731768650027 3.68211756706908
  4217 4.20792540643232 3.81364388407183 0.87019978898465
  4218 0.18690101106029 1.07015599623234 5.19700582272900
  4219 0.17039202612988 1.60404769671253 4.99016810547567
  4226 6.31326931305945 2.24531968954875 2.37475239035450
  4227 6.33231677304886 2.46428126551479 2.03603970882278
  4230 5.98282942215153 4.39235092681237 6.86104953891775
  4231 5.70071697545905 4.32755705297437 6.65335671227892
  4236 2.65286219299279 0.20013096173009 1.76878026511096
  4237 6.23768198183156 2.52374508108700 4.14770675710567
  4238 6.74676401957298 2.73400005915814 3.92241027479908
  4239 4.39388031663428 5.41405133936417 3.87990275435668
  4240 4.48917912655822 5.11385647920824 3.39620845057443
  4241 3.43477511089102 0.66808447256369 0.43618326124357
  4243 3.63854028532777 0.41086483123549 0.71197012264132
  4244 5.73663797264413 4.30599149421823 3.43527527203209
  4247 5.93659873117619 4.39457834487543 4.87946663786760
  4248 5.93008118294248 4.56583184616549 4.52381125530537
  4250 3.90429957357949 1.38706040137808 4.16202296903859
  4251 4.94473958070168 5.49803519392647 4.01878071135128
  4254 0.52979682053827 3.90109962465050 3.60357659138224
  4259 2.42650275835071 6.42664283460200 3.80161234380375
  4260 2.64933320970940 6.79733548767886 3.89422567477235
  4262 3.88069458407044 5.16966735992083 6.47982806569295
  4264 2.55645658422795 1.11359347225531 5.27248152468087
  4265 1.75645567188707 1.58329274964832 2.71030862951263
  4267 4.81189587400043 3.67345042234722 1.34944645235822
  4268 4.37357664988321 3.59581131113171 0.97970645465741
  4269 5.58955150362966 2.98535380431184 1.12749250366786
  4273 1.71969242436725 5.03636889025393 1.69518645558692
  4275 0.36075300184056 4.47778632291058 4.71406062384367
  4278 0.35609556826294 1.59914883827816 0.73506262735351
  4279 0.66831399294515 1.40531686342892 0.55174814195654
  4280 1.99769929495482 4.33694588336221 2.08808777539949
  4282 2.06552771783805 4.53156213966045 1.68181616170475
  4285 6.83431129441352 1.55986178526059 1.71563822981391
  4286 6.63834925398728 0.92221320460905 5.81089717769806
  4288 3.32858538233990 0.38187082181738 0.28900117361552
  4289 3.49870907281955 0.13477506525795 0.52257678575233
  4290 6.28749558415025 4.61256035623604 5.13340212917357
  4291 6.38177257858956 4.75979889083454 5.00559449730315
  4293 5.20892035823267 6.19150268738163 4.41768218168842
  4294 0.81570716561759 1.14671963281633 3.53411746667378
  4296 0.69644160543358 1.59479067861585 3.84469641992074
  4297 6.83558500383755 5.90919036792540 5.67757587575222
  4298 6.68617656898837 6.11482204195031 5.08527175289656
  4302 6.18006273829989 6.02635336800075 0.54159475995355
  4303 6.04984161009276 5.55613089530073 1.07409307415408
  4308 5.15514119834425 1.43890606805513 0.65700338548951
  4310 5.41466177038381 5.35130855047683 0.07145425492336
  4311 5.46838169508827 5.68815755075795 0.00446006218890
  4315 2.11122423237627 6.38354175145415 2.07373800761055
  4316 1.55960248834622 6.91206883365824 1.87122298566647
  4319 2.32464358728137 4.33069096032860 2.13066030817992
  4320 2.42829740873897 4.51265246266165 1.75584388246291
  4326 1.14790200047693 2.43588156473540 3.30910295318012
  4330 4.94239039048944 1.36746231512480 2.49982681114191
  4332 5.39450272274333 0.42359982575477 1.16898914447439
  4333 2.35250248536111 1.67093565109054 4.40732182082520
  4337 4.95052905098433 1.90674358690753 5.21266855007894
  4339 4.64076465474407 5.93158189288667 1.76413642478180
  4343 2.98784000301880 5.14450652622797 6.27081716993202
  4344 2.03481830150758 4.72774442967723 2.92932969849946
  4345 2.09455682474132 4.53135751156319 3.22271743650585
  4347 5.52060944407013 6.33277079220971 2.53186682221176
  4349 1.51948535976141 3.59185448360649 3.43209139860145
  4354 3.91020634721580 6.45329541768930 4.88939112313544
  4355 4.21368368288124 6.14586953986428 4.75974043671221
  4359 0.29386267331517 0.97094621022464 0.93679048046066
  4360 0.68026837758943 1.26498986578831 0.56277798025339
  4365 5.20452843511166 4.52222105156354 2.42851053693387
  4369 4.00855926894488 4.12520666267033 2.63844834636275
  4370 3.63665670787482 4.18104980814751 2.84477092567450
  4373 0.45527788391153 3.43324784042691 0.54952043247088
  4374 0.50673110913115 2.80168070167218 0.41829752277755
  4378 2.99551636189792 6.88752782151680 2.14806832808888
  4379 2.44045657454740 4.17781455307160 4.29046210310267
  4382 0.81691988343669 3.32256101095067 3.39766417169901
  4384 0.26994802351548 5.03586578674500 5.11061936264670
  4385 0.20690636063874 4.61937374577272 5.03838891391930
  4386 1.56642921060029 4.54984606429092 4.82268538700178
  4387 1.52216810877266 5.00329735966291 4.86479885761831
  4389 1.87485795959131 3.18974087692471 1.66546742607181
  4390 1.63659229406772 2.75721882332975 1.77475319635353
  4391 4.74552821831341 6.11612493790553 1.65348603034569
  4392 4.94686929040127 6.04315633337465 1.44959567729901
  4393 5.72016231639094 2.00981346070466 2.42717451551328
  4394 5.55983008641916 2.10314088383273 2.63954789653214
  4398 6.36150127877630 4.33874664562492 3.94779749705415
  4399 6.19145615415546 4.39943933716963 3.42810301773022
  4406 3.55182137792644 0.43441457261901 1.23318547791886
  4409 4.12876340156954 5.74168837472447 0.54713499961450
  4410 4.18139178347713 5.72203359958047 0.02054556837023
  4411 5.22966282772291 0.51389999626839 0.64522263507469
  4412 5.25323162337835 0.23853960813442 0.95546930742612
  4413 1.45726553038569 0.44483042832996 0.78792714379350
  4414 1.75378794336061 0.18475480587911 1.07355598392498
  4416 3.61087069433001 2.17887643270770 0.44983470696137
  4418 6.81410974169788 3.93475136270688 2.29907701231533
  4420 5.93868557119947 2.45819092178139 1.76526612311458
  4421 1.88895521477550 3.37262063976416 3.75391597427554
  4422 1.82276367420755 3.53798002803183 4.07900286704588
  4423 2.78586883346212 5.62372979970381 3.46193172618776
  4424 2.65490657780914 6.06151745063237 3.31279149710225
  4426 6.28365427374150 4.10053943903285 0.43318361564994
  4427 6.44224445234474 3.85149408809355 0.27049460741196
  4429 1.30684307018493 2.26300103641070 1.15244489542569
  4431 1.62650991698182 2.66151231010258 2.07908462767733
  4436 5.09595400350831 3.05828210553349 1.56011885009227
  4437 5.34302605320258 2.98268268677786 1.84220138493742
  4438 2.69122174339763 3.63498329553688 3.83351060591743
  4439 2.38033695449432 3.78395530036051 4.24433143616358
  4442 4.20975698634776 4.57003883824256 5.96259064730748
  4443 4.10050809445064 4.41786175202005 5.71192788114696
  4446 2.66308821111171 3.48975206197686 0.48841607976117
  4447 2.35779375367039 4.96345812506752 0.33172261277886
  4449 2.18367843506373 4.69429103163820 0.19169411722637
  4450 2.97381282776931 3.69882957562509 6.14488705236263
  4451 2.93365745302460 4.15105457110254 6.37274150154666
  4452 1.63241637605671 1.57600170801035 2.95010834015223
  4453 1.84174275734710 1.29631887847008 3.37958208834179
  4454 4.07719040214642 0.68724391459370 1.83997779777027
  4455 4.10596775557999 0.37069909894292 1.83440793456443
  4456 4.78712973363631 3.66143914277194 1.83337211901569
  4457 4.84182010231011 3.92179036239556 1.76599414761476
  4458 5.34891029735070 6.51192427453216 2.10577459371335
  4459 5.16192197598752 0.00551198925525 2.15159492310201
  4460 4.73450298023931 5.74405863028032 1.67601459614819
  4461 4.96064528634988 5.91962978202040 1.43244939335226
  4463 5.30852791796415 3.32892240732245 0.25010538169176
  4465 2.67124202970804 6.02103627553184 4.22413027778019
  4471 1.40026972999056 0.21496446693368 0.37173315578209
  4472 1.54834438660178 0.53344291026283 0.08299992271396
  4473 1.36199227469737 0.61990297694786 6.38814092218225
  4474 1.11133409660439 0.42288944837557 6.21393598427987
  4475 1.60077082570536 5.94354764123168 6.46299410360795
  4476 1.51180537283993 6.26804405034401 6.50701493767593
  4477 5.94679390878804 1.24443409442227 2.19827205152491
  4480 1.20434807079724 1.14386061983074 2.99340857740640
  4481 1.44148034108996 1.52768323422669 2.83542118198951
  4482 2.28170222532712 3.01489549555911 6.12541581768332
  4483 2.53996477426953 2.47557985472006 6.22853818228937
  4484 0.61257921564123 4.45195435315266 5.81375702821481
  4485 0.53408837933589 4.33899355388801 5.69660548212536
  4486 3.50509631801360 3.70782690952939 0.09438660615011
  4488 3.37108865860555 3.76320922279582 0.32050903595787
  4491 3.27765055458285 4.10826186141650 6.97359201571833
  4492 3.18049532147800 4.10577038539333 0.19006381317448
  4495 4.41108360535858 2.08066890586717 3.12221574703720
  4497 4.52731562242745 2.08837088637752 2.74583940032880
  4498 3.31604773110119 5.75449133253442 0.01640894370095
  4499 3.64981865443766 5.76440316449280 6.71102754230723
  4500 2.58423118468179 6.03755090121447 3.22382226352959
  4501 2.56434636215861 5.64780127559006 3.20782071048103
  4503 5.93594976285266 3.38266001788534 1.95189687592165
  4505 2.01473168336306 0.31615163458516 1.73345486641989
  4506 1.57749240463776 0.04778016328535 1.82671956934735
  4509 0.85719155826348 0.06772952446971 0.21097646802670
  4510 0.92263796891851 0.53605551168946 6.75412394161968
  4511 1.66808942701437 5.53769418247739 4.24989152351072
  4512 1.55845422930388 5.51676103368111 3.87848005506409
  4514 4.51904326172455 0.13026986570652 3.26309231280003
  4515 4.62032576532146 6.98123948519935 3.14900695484381
  4517 6.79866089952808 2.97288916869792 5.13977113457471
  4519 1.12085517839579 1.01197143755137 3.63195954191849
  4522 0.16270268356086 3.02399914354627 4.96134265035671
  4524 6.82741146410320 3.26430423993051 5.17210619109060
  4525 6.74215986948604 3.35990982183086 5.61010041759884
  4526 0.57991549728548 2.77467631750402 5.09711487702554
  4531 2.68496979206074 5.94880728094218 5.01907832101229
  4532 2.49217308976946 5.85167125745809 4.42711148927962
  4538 3.00975234409605 2.59124386951764 4.36715829735146
  4541 2.74634027875487 5.34466706859510 6.77110086273603
  4542 2.78165154371499 5.20692640157903 6.32497740774162
  4546 3.54137069110532 6.43290782993685 5.35714299125057
  4548 3.44853856131186 6.87593057466009 5.64137731705793
  4550 3.58687933517042 6.74345793837108 3.41793355517088
  4553 4.37868015845588 2.43723516902001 2.28278599613425
  4566 4.11760049257221 3.31254748560527 1.95374577162070
  4567 4.25609600811314 3.58570144102663 2.14754272401992
  4569 4.99186476463483 1.84967245787361 5.78711234404420
  4572 2.28179499698985 1.25023181551581 4.99591806285666
  4575 0.80308699018517 5.82279946007680 3.64344508272446
  4577 6.27834764819225 0.02275563254083 5.86380274617623
  4579 0.24730609652828 1.65843156874040 4.05999754910549
  4580 0.28657548406100 1.87597385546299 3.83957826736354
  4581 3.07788299276915 2.94593293909390 6.61236057972221
  4582 3.29102304886599 3.24885545080041 6.47076423571721
  4593 4.16811969022679 0.06075178301152 4.01816824167904
  4594 3.05594966111301 5.31070423222580 6.85760556661568
  4595 3.23034525978895 5.16665508707352 6.54885908708960
  4596 5.34906866266249 3.38145917502086 6.79720649577014
  4599 2.97082064371140 1.01242906553076 4.12896268359475
  4600 2.51139641098379 3.17744108209870 1.51164444041910
  4605 3.66304918714560 2.10046174488781 3.88281012888511
  4606 3.68320656384488 2.17783973331158 3.57697865056937
  4607 2.50726869785195 3.57471583983563 6.09668009523582
  4608 2.36807558758615 3.79014287769605 6.19045249555867
  4612 6.20520218561868 1.24425801507564 1.44832271089821
  4613 6.44797958962088 1.47092117023993 1.30279421156545
  4614 3.07677891766160 2.70311460228806 4.50228058917497
  4615 2.87502784611423 2.88028033124663 4.77955040306148
  4617 1.59978772914034 5.01285299376396 1.45364017738682
  4618 1.67783081151583 3.77767439409831 3.16378748728991
  4619 1.56303345004302 3.61378260064617 2.77234844650131
  4627 2.68987234509074 6.09469335438752 0.31816724649975
  4629 3.18211975552008 6.08291050949506 0.39712962855896
  4630 2.37620086422489 6.94152871547956 5.36244803535043
  4631 2.22806191183172 6.60046778356607 5.49804374252010
  4633 4.65884382377445 0.16832762479529 4.46057264368030
  4634 4.31956383658963 6.93870799578358 4.35491061912863
  4637 4.70726843098630 0.71873507669205 2.80449308477443
  4638 4.45155977013198 2.76563307700815 2.89685340832146
  4639 4.56969735805400 2.41936118911116 2.59703438584934
  4640 2.54194823290869 1.85746413327204 4.39308189092713
  4641 2.51663584135662 2.42285857865909 4.30592567105848
  4642 5.73663056574300 2.65860178442663 5.89355456461647
  4644 5.59876252261016 2.03856269557211 5.95067323829938
  4646 1.94951759921647 0.32191938003722 6.80112320725020
  4647 2.42390646210836 0.36938852888065 3.87277196270233
  4648 2.66660811888854 0.56226306816522 3.54270733329015
  4649 3.73434801453191 4.54814614732146 6.80094439955626
  4650 4.13646813149604 4.19011972088148 6.71486359559244
  4651 1.20174642380928 2.70140297883963 2.31287694742504
  4654 0.43132570694861 2.63781748584477 0.17428497066618
  4660 0.85892627211647 2.09557822501636 2.86159783155760
  4661 0.86519548075786 2.21432645118967 2.45739083280530
  4663 2.33919934341466 4.06723206451929 0.94395302814710
  4664 2.37133595552063 4.71024457451517 3.75695404314290
  4665 2.05144821504350 4.69032481500324 3.48484416547904
  4666 5.63130473821569 4.21199197994473 3.89847688754477
  4667 6.02195605902370 4.24137651663338 4.17423136972236
  4668 6.07967258223275 3.80438077617886 4.91473381321957
  4670 3.68529647914395 5.67906475378667 1.73158168746948
  4671 3.92189312721184 5.95093863849295 1.78853146665770
  4672 4.02676296991086 0.24009015426187 1.58585879278907
  4673 3.90823110007437 0.48163134071626 1.36218424578807
  4674 1.91901099952950 5.07044069632659 3.38742873556607
  4677 1.01511172445617 1.59239146656074 4.68325994734302
  4679 2.11643702889034 3.34217227286057 0.97127463421321
  4680 2.45149322928044 3.55981708769952 0.92722892731789
  4683 6.30939556349252 1.11839540619404 1.85801740546357
  4684 6.68915497579586 1.31767265181057 2.02203375095135
  4687 0.44981171291063 1.90357303917655 1.68739578370932
  4689 5.49378991734511 0.73617452597388 0.50534783924905
  4690 5.18878599241329 2.54119850855200 2.04906072647594
  4691 5.59178426847192 2.17498537081094 1.98167317041220
  4692 2.80493931350311 4.26571216364842 3.91848196845992
  4693 2.84973111885232 3.86186671254267 3.70724334653244
  4701 2.42329698750405 1.24656683901299 6.12838729261797
  4703 6.74631302115333 3.60960652171352 4.08733555504737
  4704 6.82626820002583 3.81412374575263 3.92652502441074
  4710 6.61587027470966 5.71418378049736 0.44143833970672
  4711 6.45963702247116 5.29646209490727 0.95184680225905
  4712 2.57131378802432 0.27689928335118 6.97398886670739
  4713 2.35667060065449 0.52657006170468 6.86893907131273
  4716 2.14961109372424 0.41790732974536 3.80424539185333
  4722 2.13088144118179 4.91474385906469 4.73024410993142
  4723 2.10775075185144 4.59822591549621 4.70462048683516
  4727 0.10390036772524 0.25019296986388 1.54741515884106
  4728 0.40526197625340 0.51517745863905 1.24657875535754
  4733 5.82918280550702 3.87169233688429 6.27905928451118
  4734 5.95256965198499 3.79030464155947 6.28901612116263
  4736 2.14846670623944 3.45394847383544 6.69037823974355
  4737 2.14322709231243 3.71715168942854 6.62403440165045
  4738 2.04233361224632 3.04366575576711 0.49104733084694
  4739 2.43878883003568 3.21055964588474 0.24467745633929
  4740 1.83127609771918 0.03345205573938 3.56906455199485
  4746 3.65434160873029 3.08649765974341 3.03126467364948
  4748 4.03310229188559 2.86327399763382 2.32912988202964
  4749 4.11829341367309 3.02891204676588 2.72135172104148
  4754 0.11808608494489 2.88909899322324 2.84930842396265
  4755 0.21041026422674 3.04993482792756 3.16387828210419
  4758 2.17961724638526 3.08168326187261 1.42036174497737
  4759 2.14752731658804 2.66446728341374 1.39945477551579
  4762 3.39448450469398 2.93206958976605 2.84648535280005
  4763 3.26135266517438 2.67017647241298 3.21919185530146
  4764 6.89090336393698 5.78019370626130 3.87019932591286
  4765 6.73235043998108 6.35365135793055 3.80362794050566
  4767 3.44421603996361 6.11041186574013 5.82038755007703
  4768 3.35112135678852 6.48991296346590 6.08188399440949
  4769 6.14424187910544 3.63997253465645 4.71474547182908
  4770 6.55115437393678 3.62259412355654 4.94569448115243
  4773 5.29441137730023 4.50108901532318 4.02848960617428
  4778 5.37128494231450 5.51975142549113 2.76302302134757
  4779 2.35552164841708 5.12291396852239 0.05862324954368
  4780 2.21854865182349 4.91414339065792 6.92576595168274
  4781 1.82393037981642 2.92918106581943 2.49083850626291
  4783 0.80278391369688 5.51009418011416 0.39834960438638
  4784 0.82821152026281 5.36226394058258 0.44949134535856
  4785 0.01252804346957 2.82458576703492 6.60323963558971
  4786 0.01425500122988 2.70203842238135 6.46814993417126
  4789 2.28980004558654 6.69847562836025 5.81891532511110
  4790 2.44941516558052 0.11226218908511 5.63827454864712
  4791 3.86607650442855 5.76934767180992 4.57029096623165
  4792 3.53213710930176 6.24500310370247 4.77338722036132
  4794 4.73850616594564 4.43045761373583 3.00314524919930
  4796 3.50398839230928 3.33220288837715 6.90872012762590
  4797 3.32869961406383 3.06455972961270 0.04593315985094
  4801 0.26592238214945 6.91711084172547 5.47377182469971
  4802 2.03122370832261 4.46575253556113 0.24292699389014
  4805 5.85159278422849 0.19895787122325 5.27208576645079
  4811 4.53271819828361 4.26444683856154 3.95308770358515
  4813 0.33145789226985 2.46286967551734 1.56159736470971
  4814 0.31610427547273 2.12550021549795 1.80475374745144
  4815 0.64634862395649 4.90962331856339 5.72791268454459
  4816 0.49760990213407 5.13111367076160 5.43677278576437
  4818 0.39036094762733 0.76025598817062 1.97722400156490
  4819 0.08758110230908 0.27981330397371 1.70658026787501
  4820 5.20346228991157 4.64486510322267 4.61774048949603
  4821 5.42944408011529 4.73649612947464 4.38464656585626
  4822 5.72391409071768 2.94979356024615 1.69197762280160
  4823 5.80083882217669 2.95082739111469 1.30138982659665
  4824 3.15160100193194 6.41431349231942 4.50143453422184
  4825 3.09292639253920 6.33517682217246 4.91274681231297
  4828 5.35550385101899 0.45904723054516 5.63888789659126
  4830 2.04669264366905 5.28947748355266 3.50147410996539
  4834 0.13983836872160 6.16445221624998 2.25796427376062
  4835 0.55691635320444 5.93051995155449 2.13412051186972
  4836 1.18453913816777 1.18384955165020 4.88478197177896
  4837 1.41289106657177 0.96616690940681 4.58068938366915
  4840 5.44749208000885 6.76696548016854 2.89470998421957
  4841 0.67584038692116 0.56424178527329 2.42690593473207
  4842 0.64098926353895 0.07516486759083 2.52552866926231
  4843 0.50843518699612 5.20135688263247 4.78708362542314
  4848 2.76331258357330 5.99974452615491 6.97534258394864
  4849 3.17549602460795 5.98659698495841 0.04162973336926
  4850 3.18179139454606 6.70682615417449 1.29038435445674
  4853 6.39497689823418 6.22402343616276 3.54049510435983
  4856 6.01640194778555 6.08788604941327 0.35419660664189
  4858 5.02608782696843 0.97871296428463 3.21028851390179
  4859 4.97593472115413 0.89983621812279 2.82621712185844
  4860 5.88951405650462 0.75221278166719 3.07720535002036
  4862 5.52472442897231 0.88691446225027 3.41766772784482
  4863 2.84027879158590 4.01554180222707 2.87194232940628
  4864 2.65641697533172 4.01075600868616 3.21328329915152
  4868 3.56512643196692 5.80407975726402 3.37936586734544
  4869 3.73342245685685 5.90596516641140 3.64921891387095
  4873 2.27480930295983 0.69475193509234 3.26793292826713
  4874 2.26555600484450 0.41446877888768 2.82417811799145
  4876 0.22871602952591 3.18218723608933 2.45699325006040
  4882 0.32909974170163 0.52316958004812 4.32897952819872
  4884 0.50303149192261 0.72421010186110 4.94822491703063
  4886 0.17862736469254 3.94085920624443 4.04248183042488
  4888 2.04569414109106 0.62976528780659 3.42676264767547
  4889 4.96929954002320 5.34948027075205 2.06580122057651
  4890 4.87972000369559 5.58943428091354 2.55533869620861
  4891 0.55329330861110 2.33281761393856 1.20581870252017
  4892 0.62762186850971 2.05291157500472 1.24446481007009
  4893 2.12897702420546 1.78835467742191 5.99890690574672
  4894 2.10497274860197 1.51660333540046 6.21290715181470
  4895 4.60504986850525 0.72759028831748 3.32975194518715
  4896 4.50987382040457 0.64779374984169 3.13493250864477
  4898 0.24313070739744 4.50058175217561 6.31620689449213
  4903 0.36214594439460 5.28726560919414 5.69214130082633
  4904 0.48014811253980 5.10381764593504 5.92250717657881
  4905 0.97947207694013 3.85696105469182 0.45047586230809
  4906 1.41165814224428 3.74372336057741 0.47281023044000
  4909 4.65195747412086 5.23445495672915 6.09526993831885
  4910 0.69879546186074 2.57920859301041 4.79052808040902
  4912 4.95201621275481 6.14004543099679 4.95664604679671
  4915 2.59753466733366 4.33702626466081 3.21667883298670
  4916 2.77988908748832 4.38121024856310 2.88082621616269
  4917 1.57063067320789 5.81529060103711 1.54937605762875
  4919 1.73617095048159 5.51658336812101 1.94882407544205
  4920 5.79827904095688 0.00655864842862 5.17346038617200
  4922 2.52767902464791 5.44088251509072 4.31722849267823
  4923 2.80069941686152 5.36293142069417 3.85905019487457
  4925 1.35156693720945 2.66072398336620 6.10868949237563
  4926 1.07270433813182 2.91469804907487 5.96825729006516
  4928 0.08177446127404 6.18020274188063 6.30506897070319
  4930 5.42618689893537 6.30299292852124 6.17039507653103
  4933 4.36448834570643 5.65435780175625 5.61309381488701
  4934 4.74699430280121 5.48467598556253 5.89483632162194
  4938 6.04005868131061 3.93997561922269 6.31042723683235
  4939 5.89938968749075 4.00312298375015 6.29908777597359
  4940 6.73865183401582 2.80223814376668 2.95186201637511
  4941 6.86401435962193 2.99086100976429 3.30420768256432
  4943 3.11036565009019 5.77192540456052 5.22675160812028
  4945 3.26283698463148 6.89790450726351 1.45979380887298
  4946 3.60334479263545 6.81475341402321 1.69790056786966
  4947 0.15063212739231 4.77605124169088 6.33274927312847
  4948 6.74549156433669 4.79522900288611 6.27367801369119
  4951 0.44654201947289 4.93388106636606 4.12564026511813
  4953 5.55402821503612 1.21391685906629 3.54920820085129
  4955 6.91544696364771 5.71963043158308 4.62726214302755
  4956 6.89093341920470 5.57793152275258 4.14714213329953
  4957 6.09195306959169 5.97622203729351 6.90939794468626
  4958 6.19994117957732 6.50226707735134 6.69114759123428
  4962 3.35266318600387 4.67484367124321 0.42421174264874
  4965 0.33182140739150 5.53877844046389 4.55646334869452
  4966 0.26855115285576 5.44765927194558 4.18684660415348
  4968 6.09199563319983 1.47972918821887 2.48482251121177
  4976 4.65267452785585 0.34435421065980 3.56954199387936
  4977 5.76732226560792 6.87036450076242 3.50338034578268
  4978 5.82893839756332 6.88306870605867 3.06453793730735
  4979 3.83038366089795 6.28025122267981 1.50119607953346
  4980 3.55183454811157 6.18724736433959 1.27005699418572
  4989 4.75696566897891 4.71435260757246 3.41896887890896
  4990 4.45647386764895 5.03837292676443 3.39482944779586
  4999 5.00918272504146 6.00593696299638 6.39460984770640
  5000 5.38569599976815 6.02325885888029 6.25638821800054
  5005 2.42524623982090 0.48522822561029 4.26816520936608
  5006 2.30142479937203 1.17031097041580 4.60174497204483
  5007 2.68620935139617 0.79763753528266 4.42155810868133
  5008 1.41117564364645 5.85187012421153 3.85044315259845
  5009 1.56913733087387 6.12574488723022 3.55570397657964
  5010 3.63887151010782 4.67618112590376 3.85875909746694
  5011 3.73205369735973 4.28457637169331 4.01609756664882
  5018 0.60391479883428 6.33677819956616 4.85385198267060
  5019 0.07112873651877 6.45478447248908 5.01578717976054
  5021 2.39998602423386 5.16225942990791 3.83222028103417
  5022 2.28633253935441 5.29555713231774 4.24853658931386
  5023 0.75834390913511 3.61293512600523 5.31888965866844
  5029 1.20012491544407 1.00393132376291 5.81255848291723
  5041 1.06194142539873 4.79194409911346 4.41030469789052
  5042 0.58774770703140 4.85415977546116 4.48719525805797
  5046 0.81545233542066 5.21160038373880 3.24174826899608
  5047 0.49929855589130 4.74345951095336 3.09767258941442
  5048 6.03769869578510 6.50827643449573 0.45631700980035
  5049 6.17200998847568 6.76991235403894 0.16797855522920
  5055 2.88996395701516 4.63422322894395 0.66358270564118
  5056 3.25677565937509 4.51159365438848 0.51060042334440
  5058 5.32167745207442 2.43056869974030 6.76663032116484
  5059 0.33163585517949 6.52743814707954 5.35812460503348
  5060 0.69780602782755 6.44098470498102 5.17750693494531
  5065 2.72615244456061 2.28829823121185 1.27304022357945
  5066 3.03828964635149 2.65303832951710 1.31625170737754
  5067 1.44374401182116 5.99757773626012 4.18110262235195
  5070 4.72302838360976 0.31251823543347 4.32628057319548
  5071 4.44858056567371 0.36828611748589 3.93508803634248
  5074 1.46094990628812 6.87834613210374 1.73784508246402
  5075 1.03062172379118 6.67448161271981 1.71294531115535
  5077 3.16414931178135 4.93384656054861 0.46357427827054
  5078 2.86789929801033 4.82202885009672 0.63307240144209
  5084 4.46869779046097 6.03886885207341 5.07265639670722
  5085 4.47293189222007 5.66170533192336 5.17142843226463
  5086 2.49657219353797 1.82687873164279 5.63885571719025
  5087 2.66244289530394 1.64733511042024 5.61454242591940
  5088 1.12002277578207 6.35493707459928 1.46850581486078
  5089 1.52187795344942 6.48606533288859 1.43771746052546
  5091 0.00135785927315 6.96271028412735 4.37527187063707
  5093 1.58631456669057 5.82814009166490 4.36565523547277
  5094 1.90997020111659 6.08037114615260 4.48665543245935
  5105 3.64116932569866 2.98020371147236 3.28382345383794
  5106 3.34826940954966 2.70918468019458 3.34780220298056
  5107 1.11581096033368 3.30483378212885 5.28744162884388
  5108 1.37407601651691 3.55993509008979 4.97598501833605
  5109 4.07633876480728 1.20290660555027 3.54453778629060
  5111 4.03646733466819 1.09809936579475 3.82596573724674
  5112 2.44440036619606 2.53360690331205 1.52271409749636
  5113 2.69109843014751 2.83281410158414 1.58389276564969
  5124 0.15269218114635 1.40002518580385 5.84354096017407
  5125 0.40346217155042 1.34352231031464 6.09013700867277
  5131 0.99480506814722 3.23147553280366 0.89139221299708
  5136 6.77575315325723 6.15941675332859 6.27182227659549
  5137 6.61889590599430 6.50746349103757 6.34263688403627
  5138 0.94072740707716 2.79550875196595 0.75426492460395
  5139 0.93760817350453 2.57575358246478 1.13905516763730
  5142 3.02073113461711 0.55158738665675 4.74410789851428
  5143 0.15199626685113 1.20346001488357 5.80140992432909
  5144 0.39539400076643 1.12672064281287 6.03075290970111
  5147 3.52218130310812 6.23641222841265 2.52296102626759
  5148 3.34862547404462 5.28043752593960 5.03021298899536
  5149 3.45232299759155 5.12181407354597 5.28038032983429
  5150 4.37717047025349 6.11754020908675 3.66108127471139
  5151 4.49900625052923 6.01428817340853 3.91350443358492
  5153 5.16129690867255 4.41767748506137 2.85667986394565
  5154 5.30703702998232 4.03041095186009 2.85722133544707
  5155 3.99385307065617 5.34118873573725 5.74313162622047
  5156 4.16520706319271 5.10208038644157 6.03295188799690
  5157 4.17074186785215 4.45939531156849 4.16517626310963
  5158 4.05198305046544 4.85659065175295 3.98336480586432
  5162 6.00045711102567 1.40550419117696 5.66023478398785
  5163 6.20456820973736 1.38263214600326 5.86436222258527
  5168 5.33328883242543 2.68840146243934 6.50643979898370
  5169 5.13246942144852 2.86730821071238 6.62767822041325
  5170 4.91107775869726 0.12176939549232 5.47121016916119
  5173 6.06837370109539 1.39999202911139 5.99215213475917
  5174 5.88118550247696 1.41894021385676 5.81386083427416
  5175 1.23155351323798 1.22969591250706 5.93693820585424
  5176 1.43544251160452 1.15475846258517 6.16320483297999
  5182 3.16847101223285 5.78926607638640 5.71312810175591
  5183 3.32303585169030 5.50440923379986 5.83023067138685
  5184 1.30183575610010 0.86484065452038 5.87848282658767
  5185 1.45376456347644 0.92096482234419 6.10929778620531
  5186 6.99442928377967 0.34169672001884 4.43793074671938
  5187 6.99158712232875 0.44934351512007 4.94931027266861
  5190 1.65899016624011 1.33768449063409 4.01475618629902
  5191 6.84724065869385 4.11053421444090 6.20014945626717
  5192 6.60511713810503 4.20872439083745 6.18672273412473
  5193 3.55545636917693 0.73887993068022 4.89358890605849
  5194 3.37360610038641 0.61683303956041 4.62607226123523
  5195 1.37971073191713 1.81928679982670 4.12530610994648
  5196 1.73327829128431 1.56109357996941 4.00426872202989
  5204 1.25099971470086 6.11972696067621 2.76412075030507
  5207 6.79295209556420 2.73793349639638 5.90986309981155
  5208 6.90009696382611 2.54491101452680 5.59671390712628
  5213 6.70310286698103 4.91696964658559 1.95974140803670
  5215 4.33661323900045 1.10055700741385 3.60593349584213
  5216 4.26107242814613 1.02454162551301 3.84131412653759
  5220 2.10910817602254 2.73190452306742 2.61089012558006
  5222 2.15313690366961 2.40537468184807 3.06002129796297
  5223 2.12331875138903 2.39136139660604 2.32190263172007
  5224 2.15801448720510 2.07877503543279 2.60894747313603
  5225 0.16787069075493 6.43851988021395 6.37736097204924
  5226 6.89194058279436 6.66756523281218 6.40810213541487
  5232 6.89958352788843 6.64334579491536 4.92595668543481
  5233 6.91761089952790 0.03568478560851 5.22701120130802
  5237 6.69816146702298 2.77331692076693 5.40994865641231
  5238 6.62195724533173 2.94378317516227 5.70142471402325
  5242 1.97958930069405 5.63172630354927 2.07910189220062
  5244 3.53434918803898 2.11873963775914 3.89132486852771
  5246 3.14414098444079 1.69821786570007 4.23797142818680
  5249 6.70755188146020 3.06632817003598 1.01933009324579
  5250 1.89154062890082 6.24416874642565 4.39457667627463
  5251 1.59660100452155 6.25526154899914 4.16958660127590
  5252 1.56456605020487 1.12439458279951 2.17331466341826
  5254 1.56046320465422 1.53348020455779 2.60878618015192
  5255 2.40960429237775 1.79955297269196 3.77980891399664
  5256 2.76873246075385 1.59608364206823 3.67287901167701
  5260 3.68647087504562 2.00357531747167 2.35748657455912
  5263 4.88981455143326 5.15307660567102 4.78616426767140
  5266 1.22076021415442 1.62380743453885 4.16917521032830
  5267 1.41267667170113 1.31187151293633 4.08904826892866
  5268 1.07855624155770 5.75579771386312 2.61777991817195
  5269 0.70798036293158 5.71356238142330 2.95733068865150
  5275 5.30912644343878 5.62124166011470 4.75661931087193
  5276 5.14797059559793 5.30561230212792 4.52498304219996
  5277 5.21650953938164 6.82375792983285 5.19715280110615
  5278 5.13047617625428 6.54052808077519 5.34916033225273
  5279 2.91354834473378 6.31650434943694 3.13572137058066
  5280 3.37368923344969 6.26738181414486 3.12908748371096
  5281 2.40275839912218 5.44393858216893 2.01346770838357
  5283 5.94255011063077 1.13827113916801 5.25898746521259
  5284 6.28674240519059 0.74994851857984 5.09634003840078
  5286 4.79967731177303 6.64775761836971 5.61326257809771
  5287 4.74772954871614 6.95421990269547 5.63614287225428
  5288 3.99569135180553 1.77980921638726 2.59046709287555
  5289 4.29171052389767 1.90880772748257 2.48387494987531
  5297 3.16027884805577 2.43572735284513 4.40606587547949
  5298 2.99302102186334 1.91098853681974 4.48830337744864
  5301 5.72131004997987 2.22582012742523 3.28226213754249
  5303 6.61137793868714 2.46196454318870 2.94607712875316
  5305 4.25340575234896 5.70730165786242 3.86536286089017
  5306 4.16880348891920 5.81756171164125 3.64044214877345
  5307 4.00754842892072 4.97512346563690 1.76577754816553
  5308 4.33276706125845 4.88358542260059 1.88803602231324
  5310 0.24224646369122 2.49197945528010 4.00041812009376
  5313 1.33058509507362 1.40136747159013 1.80470055567434
  5315 0.67056344284665 2.68144900379538 3.84431673776831
  5316 0.72847404451812 2.86692761968671 4.15239433442475
  5317 4.86819562427871 2.30355278265132 3.79054619593113
  5319 4.98397039199381 5.43669801014858 5.07452277869064
  5320 5.21313277585219 5.65225212065666 4.97364704171181
  5321 5.89517330514029 0.50856699134191 5.05212664714389
  5322 5.62411973933509 0.85370912401348 5.19366198208125
  5327 6.22150920801054 0.72326615426272 6.40528062967971
  5329 4.23076017670417 2.16991586367753 2.21324771063221
  5330 3.87634945516530 2.22542664133615 2.16128677110009
  5336 6.50842943150429 1.94415566296804 4.74055309313168
  5338 6.79952896256071 1.73166527289531 4.68022445440061
  5339 2.86662218529814 1.54303286379010 4.09860740546770
  5340 2.51347974262962 1.74515001682511 4.28214510050803
  5341 6.16476607770716 3.61962614734845 1.46937104985303
  5342 6.10183748462672 3.30480907367441 1.13909484366870
  5355 1.44485253461344 2.95047460106460 2.70353911774208
  5356 1.37461670749475 2.77313538519967 3.20982542666073
  5366 0.51482465124533 0.88359219072924 1.78132634396342
  5367 0.51393192063068 0.71734977564905 1.31959607186436
  5368 6.28642915201364 1.68893817175460 4.63554611539261
  5369 6.48496849264189 1.48103499447754 4.57477287175609
  5370 0.90356325045637 0.87161767973264 1.74246581888134
  5371 0.82936143334029 0.69965858475162 1.33092310905276
  5373 3.56829811348947 2.60197957437552 0.59632384678443
  5374 3.21342360247184 2.74524936996743 0.73340438465826
  5375 4.28029243746005 4.55864949492086 1.78932153183957
  5376 4.00483770541058 4.60051124604196 1.68255390434746
  5378 1.30794102984217 5.19745140492284 3.73562453646858
  5379 1.08308511101699 4.82470321828965 3.99129675246178
  5380 3.04041548136682 3.01264110440977 2.30681410550689
  5381 3.06149323573721 3.06741981063949 2.21337374467709
  5385 2.48050350211832 4.14855013505349 6.92605623993356
  5386 2.23562248722884 4.48886989006115 0.21626912570155
  5388 5.59132575479457 0.49716071466540 3.76077038488190
  5391 0.42991374138398 4.65239644469238 3.19467755482919
  5392 0.52969622334096 4.64723527243079 3.66333319291056
  5394 6.35038813082839 5.93950443082302 3.01367712311492
  5399 2.58808737130147 6.34216860373162 6.12711692095675
  5406 3.24411285375750 2.85637837200010 0.98065116547684
  5412 0.86553846714747 5.25735848913125 3.57438153124518
  5413 0.71530187647484 4.89292385559759 3.85399046275229
  5414 2.36460862218824 5.94380224012472 6.40809588544753
  5415 2.44638734717210 6.27914885990243 6.39181811918115
  5416 1.58183010450108 1.84970211581026 5.57526146977159
  5417 1.37646951739345 1.68962682209276 5.55776823860633
  5421 5.00275016208862 0.20883963298051 4.27408122790790
  5422 5.14070249006828 0.18868808826652 3.80650137772107
  5431 6.78819567535765 5.45201498098716 3.01619331753859
  5432 6.61768884467975 5.73040610992172 2.80224992905593
  5435 5.10542472225550 1.08506865364444 0.84823669636560
  5437 5.34477546402097 0.72429653345536 0.72240346238352
  5438 1.25484700838602 3.28416684441789 3.21072316968379
  5439 1.31366028165748 3.34570926078570 2.82493403873814
  5440 5.22152411989239 1.07651291026005 1.14116408575698
  5441 5.45854098682912 0.72325992366113 1.00081951138131
  5442 1.63216684395898 1.82521055649693 5.34776806511347
  5443 1.42348448966497 1.66313641550876 5.32978634375821
  5444 0.80621465901933 6.07539486042140 3.25975015306610
  5445 1.08837997186871 6.23728208920487 3.17393694219718
  5446 2.53746133939515 4.33164573513822 0.46408828471033
  5447 2.69112953239740 4.08292310990742 0.23070226989712
  5450 6.91026145294686 0.41373048558294 0.12358491295967
  5451 0.67694768294464 4.26907979935828 3.49152733344265
  5452 0.52023646758205 4.44351598091462 3.12506963628898
  5453 5.27770008569387 2.44513508736323 4.25434591381339
  5454 5.71334785787664 2.51672207051381 4.02041352278820
  5457 6.56728884353516 0.18163271782444 5.85552012409252
  5458 6.95602984784080 0.04325801259942 6.12783314827474
  5459 6.05770649112480 1.49026639309875 3.99964658169779
  5464 5.47899052579041 2.56565903774383 3.64794322101148
  5465 5.06771965089868 2.51838394869355 3.84435021507068
  5469 6.44243565068090 0.80747037269799 6.89592591255889
  5470 6.89697877649130 0.68008852064417 6.79814892116554
  5471 6.42397622491114 1.28602367413936 4.17640338855903
  5472 6.73133595887242 1.30800627509481 3.88308056273633
  5476 4.79701513431999 4.17896183782043 4.19539662402052
  5477 4.76353637801452 4.20918982568069 4.34191159108800
  5485 1.51295262299495 0.36595420504881 3.20526686015102
  5491 4.62703143084813 2.27697885268483 1.23095070101753
  5496 5.81413209026434 4.62386200004145 2.04434270920169
  5497 6.32418629494821 0.57417977389557 0.22877080150418
  5498 6.53760743753035 0.42405376614039 0.35321395926161
  5506 1.75549179552740 4.89479428812992 1.34800071121030
  5507 2.64620869875453 5.87208911133904 5.86740370824248
  5508 2.51194533332717 5.69868366819513 6.04025562860005
  5519 6.61269205003804 0.62351606980616 6.09825294233546
  5520 6.94505942454418 0.55328840861612 6.33891010783202
  5526 4.53054898031096 1.81460841219684 0.47146391524541
  5527 4.86521780462104 2.16602136631369 0.93338820299036
  5530 5.22573858228937 2.86236928815634 2.65512122637991
  5536 2.15409647257224 6.15416960764641 1.12062959536329
  5537 1.82608758232571 6.11303632557860 1.50417700759312
  5545 6.24218681508968 4.66707969609625 2.21682320176717
  5546 1.69246384556848 4.71692280172800 0.54063051323258
  5547 1.84087810386787 5.10048489284496 0.83816414385422
  5553 1.96055897684044 0.18368683048720 2.87164327702828
  5554 1.80232617149183 0.30360783474936 3.25065616178312
  5590 4.75482703867989 3.39809545890062 2.81808266083152
  5591 4.83369720325394 3.04743158007522 2.94202479412376
  5592 2.12332689192505 6.08427906859967 1.87657389349640
  5622 1.01692585779994 6.94254576563965 2.61307452540902
  5627 1.46719911302615 6.85403907179952 2.30892825035688
  5628 1.14131894162791 6.70717593095931 2.41570019909459
  5630 6.43277882957437 3.78646276654106 5.11069417467240
  5631 6.59148970843855 4.28163852095611 5.22367976816705
  5636 5.68411956484178 5.08590259862622 2.41850045722715
  5637 5.39242302593224 5.13142006790251 2.01967942848897
  5638 5.54958245190049 4.91754035678329 2.22756765584141
  5639 5.40379754550571 5.23043649287168 2.04015418482455
  5640 5.62564455359687 5.28710193208747 2.36210946660811
  5646 5.86160844925875 4.60847587251700 1.61397212700276
  5650 6.56543905221684 1.57140417832462 2.40816381195180
  5651 6.65328467676824 1.95463287636879 2.36107546138661
  5661 6.91192437613583 2.09079685793536 2.72514724906734
  5662 4.86601523512657 1.51208599349311 3.55465044664061
  5667 0.04691543952857 2.64649435902873 4.27405420374747
  5668 0.22899316579903 2.86311127337118 4.42448398569594
  5670 0.38874873385107 2.73209866697723 4.37136798766644
  5671 0.20470331864116 2.54382992971682 4.23946065234685
  5672 6.05243721869054 3.96860760873379 1.29449703472527
  5673 5.70641871990153 4.20346467595761 1.48882322554690
  5674 4.87455926972156 1.82353659486634 3.38810850930041
  5676 6.50065874152516 3.61005639827163 5.62275988133188
  5677 6.66142976609307 4.03041043436235 5.83402162788243
  5679 5.07689363080074 1.40916561327369 3.38708489561644
  5680 5.22867367237813 3.92331487411386 5.47764179519145
  5681 4.88536412230312 3.90821718672324 5.65690799760159
  5683 5.00591799079413 3.73244283109877 5.82190978405053
  5684 5.31166243882519 3.74849378928333 5.65547164647226
  5691 6.74480730471169 3.67619529729609 1.68713374448589
  5692 0.04312647575176 3.37660655897934 1.45984948179985
  5700 0.15102013964353 3.04850538695800 1.73139425868763
  5703 0.85693980350768 3.97259217476893 5.11046078492531
  5704 1.16256771604627 3.98466103055809 4.94413577882368
  5706 1.08446730783807 4.05397177831508 4.69147501131710
  5707 0.69471779527619 4.08231178741699 4.77874234577535
  5708 1.97785919831115 0.96773382942442 4.45510279605135
  5710 2.11381081994757 0.57729512100606 4.28690141388372
  5713 1.75524969353249 0.86437172139768 4.67362046867361
  5714 1.78685821481175 0.44596839660388 4.60292337290476
  5716 1.11067009619111 5.50309560230224 0.67127906701085
  5717 1.62860878831938 5.41018547331516 0.85318605293081
  5720 6.56266500079497 4.68731376643198 1.91011170843982
  5723 3.97545779716410 1.66679608857345 0.83396364167490
  5724 1.11542328769293 5.49128816922666 1.12139593595129
  5725 1.47957036816357 5.43840962264378 1.19868820747669
  5726 6.53474457003174 4.31120567320807 1.34780476085985
  5727 6.41176548311198 4.64063025883886 1.51354194368575
  5731 4.14562198432989 2.12866827732150 1.17812849168530
  5732 4.04944498653748 1.85159409448031 0.78091212594771
  5733 1.72037678896278 4.22501099657740 0.71619511779619
  5736 1.59999147872942 4.37667691680133 0.77192834564085
  5737 1.60190492206604 4.42122556521051 1.16513636573923
  5738 4.07659340222963 1.96835560414543 1.41491135874568
  5739 3.95838612997112 1.62173751418111 1.26031967761477
  5740 0.33352084439061 4.78713873161629 0.81143553037616
  5743 6.88003574043370 4.02951859228634 1.63557917939433
  5744 6.92112795470447 4.21243218778233 1.97429179652633
  5745 1.74419978493924 4.25716483517494 1.25792708495563
  5746 1.87046346394236 4.08690864651758 0.97991220006542
  5747 6.57607420284672 2.22230034112722 3.44416560777273
  5748 6.12183740926287 2.08335966628733 3.59804964115839
  5751 5.57825098559729 1.50299400807169 2.09266959296504
  5752 5.06887974890948 1.35437554490851 1.75226113491815
  5753 5.29871455429627 1.29663231010965 2.12418273182845
  5755 1.34881395694976 4.39698808398311 2.71848707894013
  5757 0.31190538198382 4.74740668219270 6.91322695197445
  5758 0.70923191459046 4.84540850809084 0.15657050917663
  5760 3.50790299390637 0.49195844877834 5.56458064188799
  5762 6.22057370462150 1.97607892349775 1.13634408012672
  5763 6.36554893432250 2.28590103593224 1.32132299662932
  5765 5.56577367188831 1.90762332702014 3.13330912683711
  5767 5.08437015002334 1.72789703555066 3.21224750400258
  5768 0.61612526743626 4.50810478843199 2.98909037974981
  5769 0.59110061624048 4.26615529289370 2.46366795922688
  5770 6.05459599167801 2.36928428252190 1.38303963615463
  5771 5.95908134154683 2.04597079156423 1.19205382177504
  5772 1.40271646318240 3.94953627024056 2.47019509379915
  5774 0.98163058941265 3.87006611448506 2.30083788693419
  5775 1.33793840832525 4.36700133646305 2.62051250894582
  5776 0.77259276520320 4.24038836949548 2.36856301197591
  5780 6.85817873320719 4.66249383977609 0.79533498645200
  5781 6.76039284462724 4.62782678613001 0.52052890678099
  5785 5.53007924878643 1.98902558780845 2.68535747106195
  5786 5.02132096878213 1.78918645035374 2.80883582220729
  5787 6.80837521589041 4.40101769625079 0.88796483751040
  5788 6.67019124979367 4.30428712394774 0.56051290585707
  5789 3.36534712173302 0.76635511682898 5.18298746715159
  5790 3.03444954069704 0.66198586015021 5.12365263386783
  5791 4.47957990946512 3.25431311785579 1.56029617790898
  5796 1.21673458223390 3.67864962211920 4.28931947996866
  5797 1.30023226509356 3.82496923341530 3.68063294641584
  5798 1.45122763005947 3.82057896050611 4.03566415496785
  5799 4.77697248143535 2.83716669511875 1.53970892708193
  5800 4.68107382579820 2.59826703252256 1.18565299857469
  5804 0.84830915905093 3.64056738472972 3.69971688012607
  5805 0.80589487789806 3.53465467167811 4.06180267177577
  5810 6.14503984205903 1.62991005467571 3.62682961119914
  5813 6.43629067450483 4.76030804649519 3.08269659186613
  5814 6.11894638468169 1.23896722847171 3.07148411440354
  5815 5.88056166891464 1.47679257005827 3.35979424943589
  5816 6.77740885462396 5.18065538793358 2.92087058623617
  5817 6.61426353440715 4.89462589803475 3.16488713176134
  5820 3.92539535810960 3.29682670122728 1.34420146213408
  5821 4.25563613669604 2.95998631775543 1.01730687335546
  5822 4.23047245646860 3.27826229748589 1.23359502876629
  5823 6.41457305980954 5.12575838459813 2.38541057369706
  5824 6.23038272622079 4.94983562639197 2.43929444084056
  5827 4.72931050861591 1.25090953865303 5.99174048906687
  5828 5.06716897028354 2.66328680557288 6.94584698593873
  5830 5.11458812715978 2.81690350284481 0.26587336366923
  5831 4.79234203391908 2.57508283570642 0.07255027376262
  5832 4.88303012257285 2.73986370392055 0.35435127719843
  5833 3.84241173600110 2.69791454910859 1.02971014792830
  5834 3.65820250836719 2.81726353728014 1.18405132597391
  5836 4.51970011317131 1.13667685736382 5.77774164540535
  5839 6.81025356267304 1.83299390484984 3.42592851297424
  5840 3.35688315921014 1.47443616428243 6.59762574951540
  5843 3.30132427912638 1.98527960309561 6.73634993576057
  5844 3.47956070104980 1.78834682958093 6.52337538570620
  5845 4.62950977426675 1.70296437514193 6.10401374692881
  5846 4.08241717550295 1.99614346392204 6.05893661289047
  5848 1.36029694879288 2.37286682527813 3.46314815975733
  5849 1.71570825366165 1.99529859741090 3.34162357341505
  5852 4.68648494095410 1.49799153510127 5.92352484410483
  5853 6.52619185227027 1.24836926656933 3.17630880209329
  5854 6.55912095087748 1.50321084064180 3.52384296834896
  5855 6.80631144557754 1.43435171203146 2.78364277000228
  5856 6.99239089843638 1.78314660026041 2.95576765749891
  5862 2.01714021192958 2.37094824426581 3.26658778686347
  5863 1.57708818953579 2.61324182207046 3.40887028324059
  5864 6.07284203544634 0.45588939966052 4.27812462033685
  5866 5.80163921759397 0.35135062793830 4.66161210070278
  5868 1.16394145790195 0.59859693708346 2.46667315227035
  5870 3.05105760631365 1.53452410100298 6.94579377068630
  5871 3.03948802246844 1.73473480709289 6.99282202365144
  5875 1.30316996674835 0.67178412149525 2.21145955401756
  5876 1.54668416895774 0.40230785286276 2.18901008394867
  5877 5.67574629840186 0.63643910708995 4.07695822655229
  5878 5.43792818426714 0.55036482355762 4.37999419797708
  5879 6.48462063276119 3.03653549514150 2.32816936168375
  5881 6.26051513563993 3.37241531103289 2.24600403531991
  5884 4.54812480659328 1.38809171083370 5.26559764451603
  5885 6.16257076708972 0.48796766542991 2.00520749404179
  5886 6.43483506545590 0.31398090872451 2.19457743385739
  5890 6.34687186003935 0.64177522704671 1.83898037226325
  5891 6.62240057508858 0.53202778096669 1.97702548160124
  5892 1.32242844943671 0.26707893033961 2.59330654745119
  5893 1.50388469752758 0.20227039016756 2.46114990209653
  5894 3.89276869102539 1.61952724736933 5.22442012988938
  5895 4.17254750679360 1.53770127331243 5.02098594865385
  5896 3.97401293322081 1.51691910895179 5.65338021715324
  5897 4.46337097566674 1.33250348240274 5.69767162999361
  5898 6.88424598384069 3.24010259670277 2.19161833105149
  5899 6.70533363770766 3.56910130403364 2.11781100475395
  5901 5.27729299874420 2.58733007664377 6.18226845151310
  5931 5.26278993165804 2.15595470511716 6.17013256582472
  5932 4.91546161213535 1.98313014366755 5.94455364210313
  5940 2.96926739851481 6.22198909782753 2.49565020815388
  5941 2.78418179654336 6.28438343722310 2.93310445204136
  5943 2.60893611299428 6.56335599557649 2.70870774338247
  5944 2.77400322236535 6.48294312387768 2.36866430152561
  5948 6.59966033498091 0.52545486541012 3.26808304489112
  5949 6.73616269510729 0.74804208237309 3.27726495372350
  5953 6.74936021694549 0.41406417766172 3.06508782691814
  5954 6.91530108536174 0.65652607205415 3.06103446122271
  5956 0.95143274762087 1.94935297805923 2.36735710932310
  5957 0.76903660150816 1.72735730717298 1.95874950279144
  5959 4.90158471482582 3.03967416540425 5.71872833502938
  5960 4.59537711333736 2.77538434461309 5.39931937778185
  5963 4.06435114051220 0.71505660785184 5.98358937824388
  5964 4.89249703186195 2.78131956782973 6.03365174912170
  5965 4.64574709227518 2.48871701884940 5.85354546316763
  5966 4.24646610636573 0.11333906991197 6.19495813406771
  5967 4.11465539004899 0.33988572795869 5.80074412213027
  5968 1.30353379401778 1.87506135542973 2.20380560310380
  5969 1.23034587091226 1.69043612869435 1.86731441830150
  5971 4.40715442114450 3.80320975087171 3.67653038607053
  5973 0.80974524098952 3.37571798699788 1.55908941871131
  5975 0.73029642874704 3.03208227160802 1.78311604643835
  5976 4.53821285698958 3.84204374355070 3.13947994889944
  5977 4.82181297452598 3.61228985573307 3.05281031394904
  5978 4.93379813678356 6.34472451635156 0.08543428128320
  5980 4.88975776218055 6.06047555553707 6.68976339870741
  5981 1.03175249738861 3.22862330184718 1.38939670241335
  5982 1.01694203811315 2.95681052998488 1.50949323723746
  5983 4.60220500244160 3.22392166200231 3.99678634052024
  5986 4.70672799816277 3.47522673506083 3.86721915845917
  5987 4.99515342068711 3.35169744096865 3.47001780689708
  5988 4.54054548862991 6.32863580429025 0.15457859906823
  5989 4.44872735589422 6.12409895517229 6.88451199709280
  5990 4.99960019197539 3.07746970138622 3.40539956952623
  5991 4.78496940281949 2.83861962148056 3.70859229405746
  5997 0.09107574302298 3.64106890684493 4.64716458727698
  5999 0.31326902592470 3.91165402942975 4.55570753482094
  6000 0.12551675509941 3.57516022889011 4.37678617660790
  6001 0.29737264257771 3.76460787160832 4.29451893466501
  6025 3.56646612120035 3.53735743917457 3.54483568496547
  6026 3.31937510992121 3.61097258668892 3.76640815660394
  6030 3.72478696933364 3.63532731798968 3.72288602194020
  6031 3.55785074901741 3.69743428534811 3.91178871112695
  6033 5.48206540155012 3.83248711950932 2.18288247675882
  6034 5.73812699176050 3.48032889774406 2.15281146520440
  6035 5.19812621342212 3.52948326607723 2.19872061239552
  6036 5.37754604063837 3.28349807203417 2.17343676223393
  6050 3.27899240807959 0.71912903036831 3.49044115963497
  6052 3.24414109899237 0.37170251702654 3.32798551621858
  6053 2.96002325989301 0.20160864222922 5.85334846501483
  6054 2.70694478060696 0.26693465887252 5.66314811666674
  6058 3.15186704948543 0.20709297431347 5.62770413716211
  6059 2.92583984040541 0.25568740451631 5.43873355033872
  6060 3.41306518585481 0.91475609353890 3.20668739203138
  6061 3.46126180307244 0.60261294263258 2.91102310941755
  6062 2.54945016641697 1.39439454516175 2.41985084443947
  6064 2.61535411274523 1.75730085114061 2.40855254456773
  6065 2.80891491199526 1.41420156309401 2.53332580813002
  6066 2.82942084399330 1.71842168302385 2.50405108104534
  6067 4.57577229564398 6.28091889604924 6.10810284579420
  6068 4.81696154500423 6.61288930807257 5.92677072805956
  6070 5.18315145138605 6.42326724707739 6.24687974092701
  6071 4.96053000781025 6.11003856116396 6.40419729902391
  6075 5.40007468496134 1.58565067828114 1.36931685063682
  6076 5.62608436383207 1.64175195874317 1.47076425856769
  6080 5.28388895947064 1.64156108718102 1.58601255094520
  6081 5.49662445397268 1.69668898958250 1.70158161515682
  6082 4.41695938099493 0.86668050834927 6.64906934941197
  6083 4.61990169790020 0.51790598384797 6.75999574935537
  6085 4.23057372715837 0.31265346706916 6.47742522242111
  6086 4.10917134391779 0.64746297830102 6.41768413698591
  6093 5.37328456097552 1.46862926018653 0.02355518232816
  6094 5.48198896522969 1.21944639392564 6.95539642013171
  6095 5.44678402760504 1.41295348067205 0.34289508835397
  6096 5.56870360089644 1.14494310249562 0.26199353932174
  6097 2.78277716636274 5.86266598128164 1.55131299025280
  6098 2.66261768660772 5.83443861895198 1.85237808632532
  6110 2.50807737237661 6.08830187935229 1.80466895664682
  6111 2.60436848875076 6.11332647821085 1.55222495728027
  6112 5.02179761103512 6.25890063099242 3.31375529112336
  6115 5.33224798593856 6.75790015279740 3.58870279084287
  6116 5.14613404302196 6.67170201645951 3.28305039954896
  6117 6.11650004207667 5.73695941581480 3.62064487913982
  6119 6.30332937750704 5.48543547730937 3.73448450693381
  6120 6.32609677774726 5.83360737409837 3.48169034935784
  6121 6.49280416861374 5.64278302513272 3.55828011196361
  6122 5.12726542058500 6.21802685811700 4.27157115919955
  6123 4.95777139427909 5.95033158052039 3.97170339940472
  6125 5.19324405500645 6.07089730912905 3.71863248185849
  6126 5.34026395072451 6.27399577832635 3.87915407258814
edges 4080
5      8      5
6      5     17
12      9      8
50     31     33
94     64     77
95     77     55
102     55     52
115     71     74
126    103    102
148     87     85
150     85     91
173    124    125
204    131    127
210    127    125
217    142    141
218    141    158
221    152    145
222    145    148
223    148    142
231    151    146
233    147    158
234    141    150
236    148    143
237    143    150
238    145    146
239    151    143
241    161    138
242    138    152
245    138    163
251    162    163
261    171    185
264    173    179
265    179    171
268    181    180
269    180    173
271    175    190
272    190    191
273    191    181
274    179    174
284    174    177
290    180    177
294    197    194
295    194    190
346    229    232
379    241    240
380    240    238
382    238    243
440    284    285
465    297    299
466    299    295
467    295    298
472    299    304
473    304    308
474    308    312
475    312    298
484    306    297
485    306    300
486    300    304
504    322    320
505    320    324
508    322    332
509    332    330
510    330    324
511    321    330
563    378    365
570    375    362
599    392    390
600    390    413
616    389    390
620    419    389
654    430    432
685    442    429
693    462     52
726    472    471
727    471    470
728    470    478
729    478    477
730    477    479
733    471    486
734    486    487
735    487    478
736    472    483
737    483    485
738    485    469
739    469    486
743    482    483
752    476    481
753    481    469
754    485    476
755    476    484
756    484    480
757    480    488
758    488    481
762    487    488
763    480    477
786    432     71
793    509    510
796    514    102
797    103    518
800    514    520
821    538    539
847    539    540
848    540    531
859    548    557
860    557    544
866    549    563
871    553    554
872    554    295
879    548    553
882    562    549
887    577      5
896    580    577
900    586    587
901    587    585
902    585    566
903    566    580
906    585     17
962    606    617
986    626    627
994    629    627
1012    641    643
1029    647    662
1030    662    657
1034    131    648
1035    648    662
1036    648    651
1048    322    678
1057    668    332
1060    668    669
1061    669    676
1062    676    678
1064    671    666
1065    666    669
1070    679    548
1075    666    679
1089    699    686
1100    681    684
1107    699    554
1149    724     33
1163    742    739
1176    736    741
1177    741    742
1210    719    763
1212    763    764
1225    668    782
1242    769    776
1243    776    783
1277    795    794
1280    796    802
1291    796    803
1336    243    833
1337    833    824
1349    835    845
1350    845    843
1351    843    844
1352    844    841
1353    841    835
1354    835    838
1355    838    852
1356    852    587
1357    585    845
1361    836    846
1362    846    586
1363    852    836
1364    836    848
1365    848    849
1366    849    853
1367    853    846
1376    843    851
1377    851    850
1381    849    686
1382    566    851
1397    863    867
1405    865    871
1411    862    865
1413    124    862
1415    870    871
1416    870    863
1421    877    875
1436    872    890
1441    877    894
1459    885    890
1463    911    913
1470    910    911
1475    901    909
1476    909    655
1483    903    912
1487    903    910
1497    920    923
1498    923    927
1499    927    924
1542    947    940
1543    274    947
1584    971    978
1585    978    968
1591    969     87
1594    979    969
1597    979    967
1606    973    976
1615    967    977
1618    977    976
1620    991   1015
1664   1020   1038
1671   1022   1038
1677   1022   1037
1678   1037   1021
1679   1021   1036
1680   1036   1035
1681   1035    171
1714   1045   1046
1720   1046     64
1739   1020    927
1741   1059    920
1742   1065   1068
1748   1070   1065
1752   1081   1068
1776   1081   1076
1777   1076   1080
1783   1091   1099
1784   1099   1106
1785   1106   1100
1786   1100   1098
1787   1098   1091
1788   1091   1094
1789   1094   1097
1792   1093   1102
1793   1102   1099
1794   1098   1092
1795   1092   1101
1796   1101   1094
1797   1100   1104
1798   1104   1103
1799   1103   1092
1817   1112    472
1820    862   1112
1824   1118    470
1831   1114   1118
1833   1122   1114
1845   1137   1136
1846   1136   1126
1847   1126   1130
1848   1130   1134
1868   1122   1137
1890   1151   1147
1894   1153   1155
1902   1080   1156
1903   1156   1155
1919   1181   1178
1927   1168   1184
1957    266   1202
1980   1207     85
1984    626   1207
1985    643   1210
1986   1210   1211
1989   1209   1210
1991   1211    681
1992    684   1209
2003   1214    722
2004   1212   1226
2006   1217   1212
2007   1212   1218
2010    940   1226
2012   1216   1218
2020   1221   1216
2069   1244   1255
2078   1259   1266
2083   1259   1261
2084   1261   1265
2092   1065   1265
2137   1289   1293
2141   1287   1289
2145   1287   1294
2154    580   1300
2179    476   1304
2180   1304    146
2211   1336   1328
2215   1330   1323
2216   1323   1326
2219   1324   1336
2220   1329   1324
2221   1324   1325
2222    976   1346
2224    147    973
2227   1349   1346
2229    158   1345
2230   1345   1344
2231   1344   1348
2232   1348   1347
2234    141   1344
2235   1349   1350
2236   1350    150
2238   1348   1350
2244   1357   1353
2251   1364   1352
2254   1362   1361
2255   1361   1364
2261    662   1352
2262   1361    657
2286   1380   1382
2287   1382   1376
2288   1376   1377
2299   1375   1357
2301   1380   1375
2302   1326   1376
2333    392   1401
2334   1401   1212
2343   1147   1405
2345   1405   1226
2358   1406   1409
2362    174   1406
2384   1419   1421
2385   1421   1424
2389   1430   1419
2406   1439   1447
2407   1447   1446
2408   1446   1445
2411   1448   1439
2413   1329   1449
2414   1449   1448
2421   1449   1447
2422   1445   1440
2445   1460   1336
2455   1466   1457
2463   1459   1461
2470   1472    890
2471    885   1457
2488   1460   1077
2497    852   1481
2506   1484    469
2530   1508   1493
2533   1489   1504
2535   1493   1502
2536   1502   1489
2537   1489   1496
2555   1510   1511
2563   1517   1530
2570   1521   1527
2583   1528   1529
2589   1529   1525
2621   1549   1563
2622   1563   1559
2629   1559    644
2661   1566   1570
2669   1571   1570
2682    900   1577
2683   1577   1081
2690    557   1580
2691   1580   1587
2692   1587    679
2726    297    515
2731    299    699
2758   1616   1617
2770   1619   1622
2775   1622    969
2776    967   1617
2836    362    769
2837   1532   1657
2840   1656   1657
2853   1663   1137
2867   1671   1666
2868   1666   1667
2871   1666   1676
2877    161   1674
2878   1674   1668
2883   1674    782
2888   1677   1676
2924    901   1698
2925   1698   1261
2926   1577   1703
2930   1702   1698
2931   1702   1701
2932   1701   1265
2933   1701   1699
2934   1699   1068
2935   1699   1703
2956   1521   1709
2967   1722   1724
2972   1717   1719
2977   1725   1717
2978   1717   1722
2980   1725   1723
2981   1723   1724
3000   1732   1736
3016   1376   1317
3019    912   1742
3021   1742   1380
3036   1765   1751
3069   1775   1769
3077   1779   1775
3082    958    841
3117   1792   1789
3121   1800   1792
3128    824    180
3129    181   1804
3130   1804   1806
3132    833   1804
3135   1809   1810
3136   1810   1806
3146    849    304
3154   1207   1622
3229   1843    867
3252   1855   1130
3253    375   1854
3264   1861   1676
3269   1861   1862
3272   1862    260
3314   1809   1883
3325   1884   1891
3339   1862   1015
3342   1894   1900
3343   1900   1901
3344   1901   1202
3348   1895   1900
3372    763   1913
3373   1913    945
3381   1915   1912
3382   1912   1867
3383   1913   1915
3385   1912    764
3406   1544   1927
3407   1927   1926
3408   1926   1289
3409   1926   1244
3416    241   1927
3419   1795   1939
3420   1939   1938
3461   1642   1349
3500   1965   1155
3501   1965    540
3516    531   1964
3533   1973   1884
3534   1973   1725
3574   1989    175
3575    190    641
3579   1806   1563
3594   1303   1996
3603    479   1999
3604   1999   1527
3605   1517   1938
3611   1939   2000
3618    194   1210
3619   1209   2003
3622    197   1211
3628   1699   1736
3640   1021   1352
3649    647   1036
3673   1677   2038
3674   2038   2032
3675   2032   2031
3681   2034   2038
3682   2031   2024
3683   2024   2029
3692   2027   2030
3693   2030   2025
3695   1668   2027
3699   2030   2029
3700   2034   2035
3704   1214   1855
3725   2043   2045
3744   1924   1883
3745   1549   1810
3747   1797   2058
3750   2057    482
3753   2057   2058
3755    742   1722
3764   2062    909
3775   2063   2071
3778    576   2063
3781   2074   2071
3817   2032   1895
3822   2035   1762
3828   1259   2084
3829   2084   2085
3830   2085   1698
3836   2062   2085
3842   1227   1582
3862   2094   2100
3865   2097   2094
3866   2094    497
3869   2097   2096
3876   2096   2104
3877   2104   2008
3881   1639   1459
3885   1965   2106
3890    539   2106
3899   2109   2110
3901   2110   2111
3905   2111   1502
3906   1493   2109
3921   2118    843
3922   2118    289
3924   2122   2121
3928   1656   2120
3929   2120   2122
3931   2119   2123
3932   2123   2120
3933   2111   2119
3935   2121   2123
3955    602   2127
3966   2135   2141
3971   2135    520
3991   1406   1854
3995   2135   2127
4002    478   2146
4013   1266    846
4014    836   2084
4017    308    853
4028   1751   2153
4030   1765   1792
4031   1789   2153
4033   1996   2058
4049   2029   1587
4060   2161   2162
4074   2000   1318
4090   2173   2171
4091   2171   1181
4094   1348   2173
4112   2180    390
4113   1401   2178
4119   2178   1217
4126   2123   2173
4129   2119   1344
4130   2110   1345
4147   2178   1097
4149   2180   1091
4151   1099    413
4153   1093   1904
4160   2186   1279
4169   2192   2186
4197    347    700
4201   1481   2085
4242   2221   2223
4247   1103   2222
4248   2222   2225
4249   2225   2227
4250   2227   2221
4257   2223   2218
4259   2218   2227
4263    312   2229
4266   2230    850
4278   1362   2237
4279   2237    910
4287   2031   2238
4288   2238   1900
4310    509   2122
4330   1445   1525
4351   2097   1499
4352   2096   2251
4353   2251   2182
4360   2253   1566
4361   1570    162
4377   2218   2260
4378   2260   2259
4379   2259   2025
4380   2259   2230
4381   2260    851
4382   2227   2118
4393   2266   2265
4394   2265   2264
4397    870   2266
4399   2265   2262
4401    871   2262
4421   2269   1419
4452   1894   1421
4453   2269   2238
4458   1571   2222
4469    803   2266
4496   2260   1300
4503   2288    518
4508   2289   1106
4524   2161   2283
4527   2268   2143
4533   2253   1098
4548    802   2298
4552   2297   2298
4553   2003   2297
4571   1775   2303
4573    617   1769
4584   2306   2264
4596   2308    911
4605   2303   2311
4610   1779   2311
4613   2104   2288
4616   1927   2312
4617   2312   2313
4619    796   2312
4620   2313   2298
4623   2313   2306
4624   2312   2265
4626   1926   2262
4696   1657   2337
4785   1020   2366
4788    173   2366
4889   2401   2402
4895   1616   2401
4896   1642   2402
4964   1732   2425
4967      3   2425
4971   2428   2430
4975   1255   2430
4976   1996   2428
4978   2057   2430
4993    808   2436
4996   1769   2436
5070   2460   2461
5072   1249   2460
5076   2043   2461
5081   1571   2463
5082   1092   2463
5083   1566   2463
5086    453   2464
5087    510   2464
5091   2466   2467
5092   1044   2466
5093   1424   2466
5096   1894   2467
5097   1202   2467
5162    358   2487
5177    647   2493
5180     47   2493
5185    131   2495
5188    651   2495
5200   2501   2502
5206    901   2501
5207    900   2502
5211   2505   2506
5214   2045   2506
5221    173   2507
5224   1020   2507
5249    795   2517
5266   1587   2522
5269    669   2522
5291   2531   2533
5293   1619   2531
5296    848   2531
5298   2084   2533
5317   2540   2541
5324   2014   2541
5336   2546   2548
5338   1045   2546
5340   1050   2548
5341   1148   2546
5383   2218   2561
5386   2025   2561
5451    724   2584
5457   2586   2587
5459   1517   2586
5460   1527   2586
5462   2000   2587
5463   1999   2587
5465    833   2588
5466   1809   2588
5541   1279   2612
5564   2620   2621
5568   1466   2621
5570   1459   2620
5577   1496   2624
5603   1510   2632
5643   1559   2645
5659   1386   2652
5695   2100   2664
5698   2237   2664
5716   2311   2670
5755   2027   2683
5788   1671   2692
5789   1677   2692
5794   2692   2694
5795   2034   2694
5820    557   2701
5831      8   2704
5859   1021   2714
5862   1038   2714
5867   1330   2716
5870   1357   2716
5911   2732   2733
5914    968   2733
5916   1259   2732
5929   2738   2739
5931   2162   2738
5934   2283   2738
5935   2285   2739
5950   2588   2745
5987   1496   2756
5993   2758   2759
5994   1493   2758
5996   1504   2758
5997   2109   2759
5999   1667   2759
6013   1855   2763
6058   2268   2778
6061   2106   2778
6062   2779   2780
6069   1168   2780
6109   2795   2796
6126   2800   2802
6128   1508   2800
6130   2182   2802
6131    102   2800
6164   1323   2812
6167   1377   2812
6173   2114   2815
6176   2127   2815
6188   2821   2822
6189    284   2821
6192    719   2822
6194    721   2822
6211   1081   2827
6212   1065   2827
6227   1148   2832
6229   1147   2832
6230   2833   2834
6233    602   2833
6269   2845   2846
6272   2501   2845
6276    912   2846
6296   2854   2855
6299   1703   2854
6300   1702   2855
6302    900   2854
6303    901   2855
6309   1448   2858
6312   1153   2858
6332   2866   2867
6333    103   2866
6334     88   2866
6335   2802   2866
6336   2288   2867
6337   1989   2867
6338   2251   2867
6346   2870   2871
6347    568   2870
6348    577   2870
6350   1293   2871
6351   1303   2871
6362   2493   2874
6363    657   2874
6375   2584   2878
6377     33   2878
6386      8   2881
6388   2882   2883
6390    978   2882
6404   1362   2886
6405   1357   2886
6409   2888   2889
6410   2035   2888
6412   2032   2888
6413   2025   2889
6415   2024   2889
6423   1178   2891
6439    950   2898
6442   2264   2898
6448   1221   2901
6457   1202   2904
6460   1915   2904
6490   2915   2916
6495    544   2915
6496   2826   2916
6512    375   2921
6514    378   2921
6545   2467   2930
6555   1214   2933
6581   2941   2942
6582   2161   2941
6583   2160   2941
6586   2153   2942
6665   1450   2966
6666   2967   2968
6668   2100   2967
6670   1529   2968
6674    161   2969
6676    162   2969
6710   2980   2981
6712   1815   2980
6720   2253   2982
6739   1674   2989
6742   2683   2989
6751    147   2992
6754    736   2994
6755    872   2994
6765   2930   2997
6771   2178   2999
6772   2180   2999
6773   1094   2999
6780   1122   3001
6781   3002   3003
6783   1904   3002
6785   2161   3003
6787   2160   3003
6788   3004   3005
6789   2062   3004
6790   2533   3004
6791   1624   3004
6793   1617   3005
6827   3016   3017
6828     17   3016
6829      3   3016
6831    587   3017
6841   3020   3021
6842    566   3020
6843    586   3020
6845    850   3021
6846    853   3021
6847   2229   3021
6862   3026   3027
6864   1416   3026
6868   1430   3027
6897   1779   3036
6931     47   3048
6932     31   3048
6933     48   3048
6948    125   3053
6949   3001   3053
6955    813   3055
6957   1156   3055
6965   3058   3059
6968    453   3058
6969    497   3059
6971    510   3059
6986   3064   3065
6987   2756   3064
6988   1502   3064
6989   2121   3064
6990   1499   3065
6991   1508   3065
6992   2182   3065
7000   3068   3069
7001   1481   3068
7003   1702   3068
7004   3017   3069
7005   2425   3069
7006   1701   3069
7007   3070   3071
7008    185   3070
7009   2008   3070
7012   2288   3071
7013    175   3071
7038   1386   3079
7050   3084   3085
7052   2259   3084
7053   2889   3085
7083    794   3094
7091   3097   3098
7092    776   3097
7096   1489   3098
7105   3101   3102
7107   2694   3101
7110   2035   3102
7111   2561   3102
7121   3106   3107
7124    554   3106
7125    548   3107
7141   3113   3114
7143   2111   3113
7144   2119   3114
7146   3098   3113
7147   1656   3114
7186      9   3127
7188      0   3127
7192   2487   3128
7210   3134   3135
7213   2461   3134
7214   1174   3135
7215   2966   3135
7216   2045   3135
7217   3136   3137
7218   1742   3136
7221    903   3137
7222   2664   3137
7223   2740   3137
7250   2495   3145
7257   3094   3147
7258   1639   3147
7273   2221   3153
7276   2881   3153
7277   3154   3155
7279     77   3154
7281   1447   3155
7283   1530   3155
7290   1904   3157
7306   1703   3162
7307   1772   3162
7312   3164   3165
7314   2541   3164
7315   1883   3164
7316   1822   3165
7317   2540   3165
7318   1885   3165
7319   3166   3167
7321   2815   3166
7323   2143   3167
7348   1103   3174
7349   2221   3174
7393    681   3187
7395   3189   3190
7396   2882   3189
7397     87   3189
7399    968   3190
7401    300   3190
7402   3191   3192
7404   2758   3191
7406    260   3192
7413     55   3194
7415    462   3194
7433    850   3199
7436    686   3199
7443    976   3203
7446    979   3203
7466   3211   3212
7467   3190   3211
7468   2531   3211
7469    969   3211
7470   2732   3212
7471   2533   3212
7472    967   3212
7481   2063   3215
7487   3217   3218
7488    481   3217
7489    146   3217
7490    163   3217
7502   1317   3221
7503    480   3221
7504   1309   3221
7509   2402   3223
7510   1639   3223
7517   3226   3227
7520   2871   3227
7522   2994   3226
7523   2455   3227
7544   2716   3234
7549   2740   3235
7563   1450   3239
7564   1174   3239
7569   1386   3241
7570   1391   3241
7602   2014   3251
7638    924   3263
7641   1806   3263
7652   3268   3269
7653    124   3268
7656   1112   3269
7657    950   3269
7661   3107   3270
7667   1642   3272
7698   1532   3281
7699   3114   3281
7700    142   3281
7702   2143   3282
7704   2803   3282
7718   3287   3289
7720   1725   3287
7722   1884   3289
7723   1719   3287
7738   1559   3293
7758   3300   3301
7762   2505   3301
7763   1001   3301
7766   3185   3302
7767   1001   3302
7768   1762   3302
7798   1481   3312
7801    838   3312
7823   2008   3319
7835    430   3322
7858   2796   3331
7859    808   3331
7867    229   3333
7868   3334   3335
7869    872   3334
7870    863   3334
7872   3226   3335
7873    871   3335
7874   1293   3335
7876   3162   3336
7878   1736   3336
7893   3027   3341
7895   3085   3341
7899    306   3342
7917   3348   3349
7920   1330   3348
7921   1326   3349
7923   1375   3348
7924   1382   3349
7937   3355   3356
7939   1347   3355
7940   2182   3356
7942   2173   3355
7943   2121   3356
7957   1582   3361
7958   2709   3361
7959   3270   3361
7960   3362   3363
7961   1036   3362
7965   3001   3363
7966   1663   3363
7977   1001   3366
8003   3374   3376
8005    158   3374
8007   2110   3376
8010   1667   3376
8015   1521   3378
8038   3386   3387
8039   1439   3386
8043    531   3387
8044    429   3387
8045   3388   3389
8046   1528   3388
8047   3058   3388
8048   1521   3388
8049   3136   3389
8050   3235   3389
8051   1709   3389
8070   1861   3395
8071   1895   3395
8072   2038   3395
8074   2027   3396
8075   2561   3396
8076   2225   3396
8080   3398   3399
8081    783   3398
8082    678   3398
8083    769   3398
8085   1409   3399
8086   1854   3399
8087   3400   3401
8088   1080   3400
8089   1153   3400
8093   1077   3401
8108   3406   3407
8109   2366   3406
8110   2714   3406
8111    171   3406
8114   3070   3407
8125   1059   3410
8133   3155   3413
8135   1938   3413
8140   1964   3415
8141   2548   3415
8143   3416   3417
8144    764   3416
8146   2822   3416
8193   1405   3431
8194   3157   3431
8195   1401   3431
8199   2487   3432
8214    486   3437
8217   3438   3439
8219   1050   3438
8221    274   3439
8231   3442   3443
8232    679   3442
8234   2030   3442
8235    553   3443
8236   3199   3443
8237   2230   3443
8238   3444   3445
8240   1528   3444
8241   2586   3444
8242   1446   3445
8243   1525   3445
8244   1530   3445
8245   3446   3447
8246   2624   3446
8247   2933   3446
8248   2763   3446
8250    945   3447
8260   1148   3450
8261   1448   3450
8262   1153   3450
8269   1885   3452
8280   3194   3457
8283   1971   3457
8300   3463   3464
8301   3270   3463
8302    563   3463
8303    544   3463
8304   1582   3464
8306   2915   3464
8314   3467   3468
8315   1466   3467
8316   1325   3467
8318   3234   3468
8320   1440   3468
8323   3223   3469
8324   1642   3469
8340   3342   3474
8341   2833   3474
8342   3475   3476
8343   2106   3475
8344   3055   3475
8346    538   3476
8347    809   3476
8387   2074   3488
8401   1093   3492
8402   3157   3492
8403   1097   3492
8408   1570   3494
8427    298   3498
8460   2874   3510
8467   3094   3513
8469    629   3513
8473   3515   3516
8474    510   3515
8477   2122   3516
8478   2756   3516
8485   2826   3518
8486   2203   3518
8487   3519   3520
8488    671   3519
8489   2989   3519
8490    668   3519
8493    330   3520
8494   3521   3522
8495   2587   3521
8496   3349   3521
8497   1318   3521
8498   3444   3522
8499   3348   3522
8515   3527   3528
8516    795   3527
8520   1544   3528
8521    796   3528
8542   1279   3533
8567    285   3543
8569   2878   3543
8584   3548   3549
8586   3199   3548
8587    844   3548
8588    671   3549
8589   3442   3549
8590   2683   3549
8592    920   3550
8593   3410   3550
8594    924   3550
8598   3552   3553
8600   3180   3552
8602   1566   3553
8604   3437   3553
8605   3554   3555
8606    181   3554
8607   3263   3554
8608   2366   3554
8609    175   3555
8611   3407   3555
8638   3564   3566
8642   1854   3566
8645   2921   3566
8650   2882   3568
8653    973   3568
8657   3571   3572
8659   3269   3571
8662    471   3571
8663   3437   3572
8682    876   3578
8683   3503   3578
8689   1724   3580
8691   1798   3580
8707    197   3585
8709   3071   3585
8721   3589   3591
8726      0   3589
8728   3417   3591
8752   1419   3600
8756   3601   3602
8757    562   3601
8758    295   3601
8761    297   3602
8762   2833   3602
8764    655   3603
8765   2495   3603
8766     46   3603
8774   2704   3606
8775   3153   3606
8776    289   3606
8782   3585   3608
8783    518   3608
8790   2845   3610
8791   3611   3612
8792    724   3611
8794   1136   3611
8795     31   3612
8796   2513   3612
8797   1663   3612
8812   3617   3618
8814    813   3617
8815    808   3617
8816   3336   3618
8817   1772   3618
8818   2436   3618
8823    894   3620
8826    885   3620
8828   3622   3623
8831   1130   3622
8832   1221   3623
8834   1214   3623
8849   3628   3629
8853   1287   3629
8855   1544   3629
8895   3642   3643
8896   1391   3642
8897    438   3642
8898    442   3642
8899     74   3643
8900    432   3643
8901    429   3643
8902   3644   3645
8905   3628   3644
8906   2014   3645
8907   2981   3645
8920   2146   3649
8921   1118   3649
8923   3650   3651
8924   2513   3650
8925   3048   3650
8929   2670   3651
8934   1510   3653
8950   1416   3658
8951   3027   3658
8969   3664   3665
8970   1328   3664
8971   1461   3664
8973   1325   3665
8974   2620   3665
8975   1323   3665
9019    321   3679
9020    152   3679
9021   2207   3679
9051   1904   3688
9054   3690   3691
9056    358   3690
9059   3128   3690
9070   3695   3696
9071   3218   3695
9072    488   3695
9073   1309   3695
9075   2982   3696
9076    419   3696
9092    929   3701
9105   3079   3704
9125   3712   3713
9126   3187   3712
9127   3107   3712
9128    666   3712
9130   3361   3713
9131    676   3713
9139   3716   3717
9140   1122   3716
9141   3653   3716
9142   2632   3716
9143   1118   3717
9150   3589   3719
9152   2796   3719
9153   3720   3721
9156   1800   3720
9157   1093   3721
9159   3003   3721
9203   3736   3737
9204     88   3736
9206     85   3736
9208    643   3737
9209    626   3737
9218   3378   3740
9219   3717   3740
9224   3742   3743
9227   2714   3742
9229   3319   3743
9230   3407   3743
9245   3748   3749
9246   1511   3748
9250    462   3749
9253   1885   3750
9255   1891   3750
9259   3752   3753
9260   2645   3752
9265   1989   3753
9270    911   3755
9272   2854   3755
9283   3759   3761
9285    365   3759
9287   1511   3761
9296   2283   3764
9299   3721   3764
9307   1304   3766
9309   3768   3769
9311   2502   3768
9313    913   3769
9314    900   3769
9334   3600   3775
9335   2916   3775
9336   1912   3775
9341   2745   3777
9342   3289   3777
9348   2507   3779
9349   2745   3779
9350    824   3779
9365   3784   3785
9366   1484   3784
9367   3494   3784
9368    163   3784
9369   2207   3785
9371    138   3785
9377   1249   3788
9396   3580   3792
9403   2981   3796
9406   3229   3796
9413    809   3799
9414    875   3799
9415   3800   3801
9418    913   3800
9419   2803   3801
9421   2308   3801
9422   3802   3803
9424   2846   3802
9426    419   3803
9427   3610   3803
9428   1309   3803
9436   3806   3807
9437   3649   3806
9438   3740   3806
9440   3622   3807
9441   1134   3807
9442   2901   3807
9475   3818   3819
9477   2989   3818
9478   3785   3818
9480   3520   3819
9481   2207   3819
9483   3820   3822
9488   2645   3820
9490   3753   3822
9507   3828   3829
9510    177   3828
9511    191   3829
9514    194   3829
9548   3841   3842
9549    485   3841
9550   3766   3841
9552   1484   3842
9554   2898   3842
9555   3843   3844
9556    867   3843
9557   3145   3843
9558    127   3843
9559    870   3844
9561    124   3844
9573    509   3848
9576   3322   3848
9585   3852   3853
9592   3854   3855
9593    700   3854
9594   3589   3854
9595   3503   3854
9597   3591   3855
9598   2203   3855
9623   3863   3865
9625   3084   3863
9627   2230   3865
9628   1815   3863
9630   2229   3865
9634   1022   3866
9669   3005   3876
9695   3886   3887
9699    389   3887
9700   2982   3887
9701   2180   3887
9703    783   3888
9705   2763   3888
9722   2506   3893
9723   3894   3895
9725   2745   3894
9726    927   3894
9728   3289   3895
9755   3802   3903
9758    389   3903
9767    958   3906
9774   1499   3910
9777   3801   3910
9778   3911   3912
9779   3601   3911
9780   3498   3911
9781   2834   3911
9782    549   3912
9795   3192   3915
9798   2135   3915
9815   3922   3923
9818   1795   3922
9819   1800   3923
9820   2160   3923
9821   1789   3923
9825   3334   3924
9839   2540   3929
9840    929   3929
9846   3931   3933
9848    655   3931
9850    651   3933
9853   1353   3933
9855   3934   3936
9857    813   3934
9859   2268   3936
9860   1772   3934
9862   2803   3936
9879   3942   3943
9880    266   3942
9882    260   3942
9883   1901   3943
9884   1835   3943
9885   1861   3943
9890   3319   3945
9892   3822   3945
9893   3946   3947
9894   2632   3946
9895   3564   3946
9896   1137   3946
9898   3566   3947
9899   1126   3947
9907   3950   3951
9908   2513   3950
9910   1409   3950
9911   3651   3951
9912   1227   3951
9913   2709   3951
9914   3952   3953
9915   3162   3952
9916   3755   3952
9919   3510   3953
9920   3036   3953
9926   1964   3955
9927   3166   3955
9929   3956   3958
9933   1798   3958
9936   1724   3958
9945   2104   3961
9959   3552   3966
9960   3572   3966
9963    684   3967
9990   3975   3976
9991   3761   3975
9992   1971   3975
9993   1723   3975
9994   1511   3976
9996   3792   3976
10010   2621   3981
10025    240   3985
10026   1924   3985
10043   3991   3992
10044    950   3991
10045   3572   3991
10047   1484   3992
10048   3437   3992
10049   3494   3992
10057   3995   3996
10060    929   3995
10064   3550   3996
10083    838   4003
10088   3475   4005
10089   2778   4005
10090    813   4005
10091   4006   4007
10092    741   4006
10093   3226   4006
10094    865   4006
10095    739   4007
10096   3227   4007
10097   2058   4007
10098   4008   4009
10099    910   4008
10100   3931   4008
10102   1362   4009
10103   3933   4009
10104    657   4009
10105   4010   4011
10108   2461   4010
10109   2192   4011
10112   4012   4013
10114   3777   4012
10115   1891   4012
10117   3759   4013
10123   1867   4015
10124   3600   4015
10125   1424   4015
10158   4026   4027
10159   2858   4026
10160   3386   4026
10161    540   4026
10164    538   4027
10169   2043   4029
10170   3185   4029
10172   4030   4031
10173   3263   4030
10174   3820   4030
10175   3410   4030
10176   3555   4031
10177   3822   4031
10178   3743   4031
10180   4032   4034
10182    347   4032
10184   3956   4034
10185   1973   4032
10187   1723   4034
10210   4041   4043
10212     88   4041
10214   1989   4043
10215   3737   4041
10217    641   4043
10221   1772   4044
10224   2803   4044
10249   2779   4054
10250   1391   4054
10251   3079   4054
10252   4055   4056
10253   2517   4055
10254   3644   4055
10255   3229   4055
10256   3527   4056
10257   3629   4056
10260   4057   4059
10262   3073   4057
10264   1294   4059
10267   1288   4059
10275   4062   4063
10276   2401   4062
10278   1639   4062
10279   2812   4063
10281   2620   4063
10305   4071   4072
10306   1430   4071
10307   3085   4071
10308   2701   4071
10309   2269   4072
10310   2024   4072
10311   1580   4072
10313   2192   4073
10314   3893   4073
10315   2612   4073
10323   1168   4076
10325   3533   4076
10328   3748   4077
10329    365   4077
10337   3101   4080
10340   1104   4080
10348    125   4082
10354   1795   4085
10357   1798   4085
10360   4088   4089
10361    103   4088
10362     91   4088
10363   3736   4088
10364   3608   4089
10366   1211   4089
10392   1221   4097
10395   2933   4097
10400    378   4099
10403   3779   4099
10408   4103   4104
10410    876   4103
10411   3895   4104
10414    923   4104
10415   4105   4106
10422   3543   4106
10446    890   4114
10455    322   4116
10458    769   4116
10461   4119   4120
10462   1472   4119
10463   1457   4119
10466   3981   4120
10470   3866   4121
10476    875   4123
10477   4114   4123
10478   3620   4123
10483   2043   4125
10484   4011   4125
10485   3893   4125
10496   4129   4130
10498      5   4129
10499   2870   4129
10500   3296   4130
10501   3127   4130
10502   2455   4130
10504   1532   4131
10510   4133   4134
10511    413   4133
10514   1102   4134
10515   3688   4134
10521    844   4136
10523   2683   4136
10524   4137   4138
10526   3873   4137
10528   2832   4138
10530   1045   4138
10552   4145   4146
10554   3378   4145
10555    453   4145
10556   3749   4146
10559   4147   4148
10560   1375   4147
10561   3136   4147
10562   1528   4147
10563   2886   4148
10564   2664   4148
10565   2968   4148
10566   4149   4150
10568   3378   4149
10569   1527   4149
10571   4146   4150
10572   1517   4150
10573   4151   4152
10574    909   4151
10575   3876   4151
10576   2845   4151
10577   3931   4152
10579    912   4152
10580   4153   4154
10581   1405   4153
10582   4138   4153
10583   3691   4153
10584   3157   4154
10585   3873   4154
10587   4155   4156
10588    185   4155
10589   3585   4155
10591   2670   4156
10593   2709   4156
10605   2466   4160
10606   2904   4160
10607   1867   4160
10612    739   4162
10613   3958   4162
10614   1797   4162
10622   4165   4166
10624   3509   4165
10625   3498   4165
10626   2860   4166
10628    312   4166
10647   4173   4174
10649    102   4173
10650   2883   4174
10652    520   4173
10653   2141   4174
10665   3268   4178
10668   3053   4178
10673   3413   4180
10676   1449   4180
10679   4183   4184
10680   3203   4183
10681   3568   4183
10682     87   4183
10685     88   4184
10693   4187   4188
10697    515   4188
10699   4089   4187
10700     91   4188
10704   4191   4192
10706   2967   4191
10711   4193   4194
10714   3331   4193
10717   3719   4193
10727   4198   4199
10728   3474   4198
10730   2860   4198
10731   2834   4199
10732   2652   4199
10733   4165   4199
10736   4201   4202
10738    232   4201
10741    365   4201
10742   4013   4202
10745   4204   4205
10750    958   4204
10751   4136   4205
10759   4208   4209
10760   3300   4208
10761   3395   4208
10762   1015   4208
10763   1001   4209
10764   2034   4209
10766   4210   4211
10767   2045   4210
10768   3301   4210
10769   3185   4210
10770   2966   4211
10784   3509   4215
10785   2981   4215
10786   3251   4215
10791   2207   4217
10792   3842   4217
10793   2306   4217
10794   4218   4219
10795   3167   4218
10797   3439   4218
10798   2815   4219
10799   3915   4219
10819   4226   4227
10821   3239   4226
10825   1178   4227
10833   4230   4231
10834   3218   4230
10835   2992   4230
10836   3696   4230
10837    162   4231
10839   2253   4231
10853    923   4236
10854   3866   4236
10855   1038   4236
10856   4237   4238
10857   3300   4237
10858   2997   4237
10859    991   4237
10860   2505   4238
10861   3871   4238
10863   4239   4240
10865   2881   4239
10867   1797   4240
10869   1792   4240
10871   4241   4243
10873    179   4241
10876   1406   4241
10878   3564   4243
10882   4029   4244
10885   1751   4244
10888   4247   4248
10890   4080   4247
10892   3764   4248
10899   2826   4250
10900   3600   4250
10905   1800   4251
10908   4239   4251
10917   4073   4254
10927   4259   4260
10929   4194   4259
10930   3799   4259
10931   3578   4260
10932   4193   4260
10938   3966   4262
10939   4105   4262
10940   4204   4262
10945   2303   4264
10947    563   4264
10950   3996   4265
10955   4267   4268
10956    202   4267
10957   3766   4267
10958    145   4267
10960   4217   4268
10961   3679   4268
10965   1532   4269
10968    148   4269
10976   2621   4273
10977   1843   4273
10984   2739   4275
10992   4278   4279
10993   3356   4278
10995   3848   4278
10996   2251   4279
10997   3753   4279
11000   4280   4282
11002    794   4280
11005   3981   4280
11007   1843   4282
11013   3322   4285
11016   2891   4285
11018    274   4286
11024   4288   4289
11025   2513   4288
11026   4241   4288
11027   1035   4288
11028   1663   4289
11029   4243   4289
11030   3362   4289
11031   4290   4291
11032   1106   4290
11033   4247   4290
11035   1102   4291
11036   3764   4291
11037   2285   4291
11042   3128   4293
11044   4154   4293
11046   4294   4296
11048    442   4294
11050   3241   4296
11051    531   4294
11053   3955   4296
11054   4297   4298
11055    392   4297
11056   4133   4297
11057   3768   4297
11058   3431   4298
11059   3688   4298
11060   1151   4298
11070   4302   4303
11073    477   4303
11075   1709   4302
11076   1999   4303
11090    362   4308
11093   2337   4308
11095   4310   4311
11096   2982   4310
11097   3553   4310
11098    487   4310
11099   3886   4311
11100   3180   4311
11101   2146   4311
11111   4315   4316
11113   4121   4315
11114    894   4315
11125   4319   4320
11126   3924   4319
11127   4280   4319
11128   3527   4319
11129    863   4320
11130   4282   4320
11131    803   4320
11154   3079   4326
11162   4202   4330
11168   3748   4332
11170   4145   4332
11172   3912   4333
11183   1901   4337
11186   2238   4337
11191   3580   4339
11204    835   4343
11205   4344   4345
11206   4120   4344
11207   3924   4344
11208   1472   4344
11209   3488   4345
11216   1938   4347
11218   4085   4347
11237   4354   4355
11240   3417   4354
11241   3432   4355
11243   2821   4354
11253   4359   4360
11255   3848   4359
11256    497   4359
11257   3945   4360
11258   4279   4360
11259   2096   4360
11274   2430   4365
11275   1249   4365
11285   4369   4370
11286   2428   4369
11287   4057   4369
11288   1244   4369
11289   1303   4370
11290   4059   4370
11291   1289   4370
11299   4373   4374
11300   3203   4373
11301   3272   4373
11302   1349   4373
11303   4184   4374
11305   1347   4374
11317   3866   4378
11318   4104   4378
11319   1719   4378
11323    576   4379
11326   3020   4379
11331   3704   4382
11332   2612   4382
11336   4384   4385
11337   4134   4384
11340   2285   4385
11342   4275   4385
11343   4386   4387
11346   3215   4386
11347   1070   4387
11349   1266   4386
11350   1265   4387
11352   4389   4390
11353    795   4389
11354   3513   4389
11358    644   4390
11359   4391   4392
11360   3653   4391
11361   4339   4391
11362   3792   4391
11363   3717   4392
11365   4149   4392
11366   4393   4394
11367   2753   4393
11369   4226   4393
11371   3831   4394
11372   1450   4394
11382   4398   4399
11383   2283   4398
11386   2942   4399
11387   4244   4399
11388   4125   4399
11413   4243   4406
11416   2507   4406
11419   4409   4410
11420   1114   4409
11421   4178   4409
11422   3571   4409
11425   3966   4410
11426   4411   4412
11427   3947   4411
11429   1134   4411
11430   2632   4412
11431   4332   4412
11432   3740   4412
11433   4413   4414
11434   3319   4413
11435   4191   4413
11437   3742   4414
11438   4192   4414
11439   1364   4414
11444    320   4416
11445   3828   4416
11451   4010   4418
11452   2186   4418
11458   4227   4420
11461   4421   4422
11462   4349   4421
11463   3796   4421
11464   3509   4421
11467   4166   4422
11468   4423   4424
11471   2455   4423
11474   3296   4423
11475   4259   4424
11477   4426   4427
11479    151   4426
11480   3218   4426
11481   1346   4427
11482    150   4427
11483    147   4427
11488    644   4429
11489   4043   4429
11490   3752   4429
11495   3293   4431
11498   4390   4431
11509   4436   4437
11510    202   4436
11511   4269   4436
11516   4438   4439
11517   1815   4438
11519   3796   4438
11520   2229   4439
11521   4379   4439
11522   4422   4439
11530   4442   4443
11532   4205   4442
11533   1571   4442
11534   2118   4443
11535   4136   4443
11536   2225   4443
11545   2297   4446
11547   4447   4449
11552   3145   4447
11554   1624   4449
11555   4450   4451
11556   3548   4450
11559    841   4451
11560   4003   4451
11562   4452   4453
11564   4265   4452
11566   3804   4453
11567   3995   4453
11568   3853   4453
11569   4454   4455
11570   3777   4454
11571   4099   4454
11572   3759   4454
11573   3287   4455
11575   3761   4455
11576   4456   4457
11577    202   4456
11580   3766   4457
11581   3788   4457
11582   1255   4457
11583   4458   4459
11584   4150   4458
11585   3792   4458
11586   4347   4458
11587   3749   4459
11588   3976   4459
11589   3457   4459
11590   4460   4461
11591    472   4460
11592   4339   4460
11594    470   4461
11595   4392   4461
11596    479   4461
11601    152   4463
11604    142   4463
11609   3296   4465
11612   4194   4465
11624   4471   4472
11625   4413   4471
11627   1361   4471
11628   2008   4472
11629   3961   4472
11631   4473   4474
11632   3961   4473
11634   3036   4473
11635   2308   4474
11636   4044   4474
11637   3952   4474
11638   4475   4476
11640   2855   4475
11641    655   4475
11642   3510   4476
11643   3755   4476
11644   4008   4476
11651     52   4477
11654   4480   4481
11656    442   4480
11657   3852   4480
11659    438   4481
11660   4452   4481
11661   4482   4483
11662   3967   4482
11663   4188   4482
11664    699   4482
11665    681   4483
11666   4187   4483
11667   3106   4483
11668   4484   4485
11671   2732   4484
11672    971   4485
11673   4385   4485
11674   2733   4485
11676   4486   4488
11680   2297   4488
11681   3819   4486
11683   2306   4488
11691   4491   4492
11692   3906   4491
11693   4486   4491
11694   4451   4491
11696   4488   4492
11706   4495   4497
11708   3452   4495
11711   1416   4495
11714   4498   4499
11716   4178   4498
11718   2878   4499
11719   4410   4499
11720   4105   4499
11721   4500   4501
11722    875   4500
11723   4424   4500
11725   4114   4501
11726   4423   4501
11727   2994   4501
11737   4505   4506
11738   3742   4505
11739   4236   4505
11740   1059   4505
11741   4192   4506
11742   4316   4506
11751   4509   4510
11752   2100   4509
11753   4471   4509
11754   2237   4509
11755   2097   4510
11756   3961   4510
11757   2308   4510
11758   4511   4512
11764   1070   4511
11767   4514   4515
11769   4032   4514
11771   1971   4515
11772   4034   4515
11778   1015   4517
11784    539   4519
11785   4294   4519
11786   3852   4519
11794   4517   4522
11797    996   4522
11799   4524   4525
11800    996   4524
11801   4517   4524
11803    978   4525
11807   3342   4526
11808   4522   4526
11809   2141   4526
11822   4531   4532
11823   1732   4531
11825      3   4531
11827   4465   4532
11851   2980   4538
11854   4541   4542
11857     46   4541
11858   3312   4542
11859   4343   4542
11871   4546   4548
11873   2821   4546
11875    721   4548
11876   4197   4546
11883    700   4550
11884   1973   4550
11885   3503   4550
11899   3333   4553
11934   4566   4567
11936    241   4566
11938   3073   4567
11939   1244   4567
11940   4456   4567
11946   4337   4569
11947   1835   4569
11956    617   4572
11957   4264   4572
11958    549   4572
11966   3400   4575
11969   1077   4575
11972    940   4577
11973   4097   4577
11974   1218   4577
11978   4579   4580
11979   2114   4579
11981   3955   4579
11984   3241   4580
11985   4581   4582
11988   3187   4581
11989    671   4582
11991    684   4581
11992   4450   4582
12022   3855   4593
12025    347   4593
12026   4594   4595
12028   4541   4594
12029   4498   4594
12030    958   4595
12031   4343   4595
12032   4105   4595
12034   3374   4596
12035   4463   4596
12036    161   4596
12044   3518   4599
12046   3701   4599
12050   3528   4600
12053    802   4600
12063   4605   4606
12065   4250   4605
12066   1430   4605
12067   1822   4606
12068   3452   4606
12069   3026   4606
12070   4607   4608
12071    686   4607
12072   4450   4607
12073   3967   4607
12074    848   4608
12075   4003   4608
12086   4612   4613
12089   2464   4612
12091   4285   4613
12092    509   4613
12093   4614   4615
12094   4538   4614
12095   3863   4614
12096   2701   4614
12097    298   4615
12098   3865   4615
12099    553   4615
12105   4273   4617
12106   4063   4617
12107   4618   4619
12108   3229   4618
12109   4349   4618
12110   3488   4618
12111   2517   4619
12138   4627   4629
12140    647   4627
12142   3363   4629
12143    131   4627
12145   3053   4629
12146   4630   4631
12149   2795   4630
12150   1732   4631
12152   2436   4630
12153   3336   4631
12155   4633   4634
12156    358   4633
12157    764   4633
12159   3432   4634
12160   3417   4634
12161   4593   4634
12167   4013   4637
12170   1971   4637
12171   4638   4639
12174   1416   4638
12175   3831   4639
12176   4553   4639
12177   4497   4639
12178   4640   4641
12181   3912   4640
12182   4215   4641
12183   4538   4641
12184   3498   4641
12186   4642   4644
12188   1676   4642
12190   1835   4644
12191   1667   4642
12193   1504   4644
12198   4472   4646
12199   3036   4646
12200   2874   4646
12201   4647   4648
12204   4260   4647
12206   3701   4648
12207    876   4648
12208   4649   4650
12209   3906   4649
12210   4204   4649
12211   3991   4649
12212   3818   4650
12213   4205   4650
12214   3494   4650
12216   4076   4651
12217   4431   4651
12226   2802   4654
12227   4184   4654
12228   1347   4654
12245   4660   4661
12246   4054   4660
12247   4326   4660
12248    438   4660
12249   2780   4661
12250   4651   4661
12256    803   4663
12259   4664   4665
12260    576   4664
12262    568   4664
12263   2071   4665
12265   4345   4665
12266   4666   4667
12268   4244   4666
12269   3302   4666
12270   4248   4667
12271   4398   4667
12272   3366   4667
12274   2694   4668
12276   4247   4668
12280   4670   4671
12281    862   4670
12282   4082   4670
12283    741   4670
12284   4339   4671
12286   1722   4671
12287   4672   4673
12288   4455   4672
12290   1510   4672
12291   4099   4673
12292   4406   4673
12293   3564   4673
12295   4665   4674
12296   1472   4674
12305    602   4677
12308   3166   4677
12310   4679   4680
12313    629   4679
12314    802   4680
12315   4446   4680
12316   4663   4680
12324   4683   4684
12326   4477   4683
12327   4612   4683
12328     71   4684
12330   4285   4684
12339   3322   4687
12344   3515   4689
12346   1134   4689
12347   4690   4691
12348   3333   4690
12349   4437   4690
12350   3831   4690
12352   4420   4691
12353   4393   4691
12354   4692   4693
12355    580   4692
12356   4379   4692
12357    568   4692
12359   4438   4693
12382   2311   4701
12385   4156   4701
12388   4703   4704
12390   2505   4703
12391   3893   4704
12393   3366   4703
12394   4398   4704
12411   4710   4711
12412   1742   4710
12413   4302   4710
12414   3802   4710
12415   1382   4711
12416   4303   4711
12417   3221   4711
12418   4712   4713
12419   3650   4712
12420   2493   4712
12421   1035   4712
12422   2670   4713
12423   4646   4713
12424    185   4713
12438   4647   4716
12450   4722   4723
12451   3017   4722
12452   4387   4722
12454    586   4723
12455   4386   4723
12456    576   4723
12466   4727   4728
12467   1529   4727
12469   3058   4727
12470   2967   4728
12472    497   4728
12487   4733   4734
12491   1671   4734
12493   2969   4733
12494   3374   4734
12496   4736   4737
12498   3967   4736
12499   1207   4736
12501   4608   4737
12502   1619   4737
12503   4738   4739
12504    643   4738
12505   4679   4738
12506    626   4738
12507   1209   4739
12508   4446   4739
12509   4736   4739
12511   3799   4740
12512   4716   4740
12513   3476   4740
12530   1294   4746
12535   4748   4749
12536   4566   4748
12537   4553   4748
12538   3985   4748
12539   3073   4749
12540   4638   4749
12541   4746   4749
12553   4754   4755
12556   2612   4755
12558   2779   4754
12559   3704   4755
12567   4758   4759
12568   4679   4758
12569   4600   4758
12570   4389   4758
12571    641   4759
12573    644   4759
12581   4762   4763
12582   1924   4762
12583   4746   4762
12584   3628   4762
12585   3164   4763
12587   3645   4763
12588   4764   4765
12591   3401   4764
12592   3450   4765
12595   2832   4765
12597   4767   4768
12599   4546   4767
12600   3543   4767
12601     48   4768
12602   4548   4768
12603     33   4768
12604   4769   4770
12605   4209   4769
12606   4668   4769
12607   3366   4769
12608   4524   4770
12621   1765   4773
12624   4666   4773
12632   1795   4778
12635   1789   4778
12636   4779   4780
12637   3603   4779
12638   4447   4779
12639   4541   4779
12640   2062   4780
12641   4449   4780
12642   3312   4780
12644   4431   4781
12646   2517   4781
12650   4783   4784
12651   1353   4783
12652   4152   4783
12653   1380   4783
12655   3876   4784
12656   1377   4784
12657   4785   4786
12658   1345   4785
12659   4654   4785
12660   3568   4785
12661   2109   4786
12662   2800   4786
12663   2883   4786
12671   4789   4790
12672   3953   4789
12673   4631   4789
12675   1775   4790
12676   4630   4790
12678   4791   4792
12679   2704   4791
12680   4355   4791
12681      9   4791
12682   4197   4792
12683   4354   4792
12684      0   4792
12692   2428   4794
12694   4796   4797
12695   4486   4796
12696   4582   4796
12697   3520   4796
12698   2003   4797
12699   4581   4797
12700    324   4797
12712   3800   4801
12714   3936   4801
12716   1624   4802
12718   1619   4802
12729    940   4805
12749   4813   4814
12750   1181   4813
12752   1184   4813
12753   2891   4814
12754   4687   4814
12755   2780   4814
12756   4815   4816
12759   1261   4815
12760   2827   4816
12762   4484   4815
12763   4384   4816
12765   4818   4819
12768    432   4818
12769   1525   4819
12770   4727   4819
12772   4820   4821
12773   4080   4820
12775   3174   4820
12776   4248   4821
12777   4773   4821
12778   3720   4821
12779   4822   4823
12780   4437   4822
12781   4503   4822
12782   4420   4822
12783   4269   4823
12786   4824   4825
12787   3719   4824
12788   4465   4824
12789      0   4824
12790   2795   4825
12791   4531   4825
12792   4197   4825
12801   2933   4828
12802   4805   4828
12803    945   4828
12808   4512   4830
12809   4674   4830
12810   4114   4830
12821   4834   4835
12822   1329   4834
12823   1446   4834
12824   3522   4834
12825   1325   4835
12826   3468   4835
12827   1330   4835
12828   4836   4837
12829   2143   4836
12830   4677   4836
12831    606   4836
12832   2778   4837
12840   3457   4840
12843   4347   4840
12844   4841   4842
12845   4818   4841
12847    429   4841
12848   1445   4842
12850   3386   4842
12852   4384   4843
12854   2827   4843
12867   4848   4849
12868     46   4848
12869   4627   4848
12870     47   4848
12871   4498   4849
12872   4629   4849
12873     31   4849
12877   1037   4850
12880   3362   4850
12884   4137   4853
12885   4765   4853
12886   4180   4853
12894   4302   4856
12897   2146   4856
12899   4858   4859
12903   3194   4859
12904   4637   4859
12905   4330   4859
12907   4860   4862
12909     55   4860
12911   4858   4862
12912     64   4860
12915   4863   4864
12918   1287   4863
12919   4693   4864
12921   4056   4863
12922   3229   4864
12931   4868   4869
12932    739   4868
12934   2455   4868
12936    700   4869
12937   3127   4869
12947   4873   4874
12950   3995   4873
12951    920   4874
12953   4648   4873
12954   4103   4874
12957   1168   4876
12958   1279   4876
12959   4754   4876
12978   4882   4884
12980   1964   4882
12982   3167   4884
12983   1965   4882
12985   2268   4884
12990   2738   4886
12991   4704   4886
12992   4254   4886
12997   4716   4888
12998   4873   4888
12999   3853   4888
13000   4889   4890
13001    482   4889
13003   4460   4889
13004   1797   4890
13005   4778   4890
13006   1798   4890
13007   4891   4892
13008   3355   4891
13009   4813   4891
13011   4278   4892
13012   4687   4892
13013   3752   4892
13014   4893   4894
13015   4187   4893
13018   3608   4894
13019   4701   4894
13021   4895   4896
13023   4858   4895
13025   4514   4896
13026   4637   4896
13027   1891   4896
13032    977   4898
13035   4484   4898
13046   4903   4904
13047   4133   4903
13048   4816   4903
13049   2502   4903
13051   4815   4904
13052   2501   4904
13053   4905   4906
13054   1616   4905
13055   3272   4905
13056    979   4905
13058    627   4906
13059   1622   4906
13065   3552   4909
13068   2463   4909
13070   2127   4910
13071   4526   4910
13072   3474   4910
13082   3128   4912
13085   4915   4916
13086   4345   4915
13087   4864   4915
13088    568   4915
13089   3924   4916
13090   4863   4916
13091   1293   4916
13093   4917   4919
13095   3234   4917
13097   1466   4919
13100   4273   4919
13102   1226   4920
13103   4805   4920
13104   3691   4920
13108   4922   4923
13111   3016   4922
13112   4129   4923
13114   4532   4922
13115   3296   4923
13117   4925   4926
13118    515   4925
13119   4173   4925
13120     91   4925
13121    306   4926
13122   4174   4926
13123   3189   4926
13128   2846   4928
13131   3768   4928
13136   1216   4930
13139   1217   4930
13142   4933   4934
13145    285   4933
13146   1101   4934
13147   4909   4934
13158   4938   4939
13159   2992   4938
13160   4734   4938
13161   2289   4938
13162   4231   4939
13163   4733   4939
13164   1100   4939
13165   4940   4941
13167   4754   4940
13168   1174   4940
13169   3871   4941
13170   4755   4941
13171   2506   4941
13176      3   4943
13179   4197   4943
13181   4945   4946
13182   4406   4945
13183   4850   4945
13184   1022   4945
13185   4672   4946
13187   1719   4946
13188   4947   4948
13189   4904   4947
13190   4898   4947
13191   3610   4947
13192    413   4948
13194    419   4948
13200   2162   4951
13208   1044   4953
13209   4862   4953
13213   4955   4956
13215   1151   4955
13216   4764   4956
13218   3688   4955
13219   3002   4956
13220   4957   4958
13221   3886   4957
13222   4856   4957
13223   3903   4957
13224   1216   4958
13239    950   4962
13242   3906   4962
13245   4965   4966
13246   4843   4965
13247   4955   4965
13248   1076   4965
13249   4951   4966
13250   4956   4966
13251   3401   4966
13256   4477   4968
13258   2753   4968
13280   4514   4976
13283   4895   4976
13284   4977   4978
13285   4137   4977
13287   1046   4977
13288   3413   4978
13289   4840   4978
13290     77   4978
13291   4979   4980
13292   3653   4979
13293   4946   4979
13294   4671   4979
13295   3001   4980
13296   4850   4980
13297   4082   4980
13323   4989   4990
13324   1765   4989
13325   4811   4989
13326   4794   4989
13327   4240   4990
13329   1996   4990
13355   4999   5000
13356   4934   4999
13358   3180   4999
13359   2999   5000
13360   4930   5000
13361   3886   5000
13374   4647   5005
13377   3331   5005
13378   5006   5007
13379   4572   5006
13381   4333   5006
13383   5005   5007
13384   4599   5007
13385   5008   5009
13386   4512   5008
13387   4575   5008
13389   4123   5009
13391    809   5009
13392   5010   5011
13395    577   5010
13396   1300   5011
13398   1303   5010
13399   1288   5011
13417   5018   5019
13420   1076   5018
13421   1151   5019
13423   1156   5018
13426   5021   5022
13427   4830   5021
13428   4923   5021
13429   4664   5021
13430   4511   5022
13431   4922   5022
13432   4722   5022
13436    996   5023
13439    968   5023
13453    606   5029
13456   3282   5029
13490   5041   5042
13491   1070   5041
13493   3215   5041
13494   4843   5042
13495   4951   5042
13496   4275   5042
13506   5046   5047
13507   1460   5046
13509   4119   5046
13510   1328   5047
13513   5048   5049
13514   3806   5048
13515   4856   5048
13516   1709   5048
13517   2901   5049
13518   4958   5049
13519   3235   5049
13536   5055   5056
13539   2266   5055
13540   4492   5056
13541   4962   5056
13542   2264   5056
13547   3113   5058
13549   3097   5058
13550   5059   5060
13551   4801   5059
13552   5019   5059
13553   3769   5059
13554   3934   5060
13555   5018   5060
13556   1577   5060
13568   5065   5066
13570    191   5065
13573   1804   5065
13574    238   5066
13578   1080   5067
13581   5008   5067
13584   5070   5071
13585   1867   5070
13587   4633   5070
13589   4976   5071
13590   4593   5071
13598   5074   5075
13601   4316   5074
13602   1440   5075
13604   4192   5074
13605   2968   5075
13607   5077   5078
13608   4594   5077
13609   4962   5077
13610   3268   5077
13611   4447   5078
13612   5055   5078
13613   3844   5078
13630   5084   5085
13631   4355   5084
13632   4912   5084
13633    284   5084
13634   3606   5085
13636   4933   5085
13637   5086   5087
13638   3106   5086
13639   4893   5086
13640    562   5086
13641   3270   5087
13642   4701   5087
13643    563   5087
13644   5088   5089
13645   2886   5088
13646   5075   5088
13647   3234   5088
13648   1364   5089
13649   5074   5089
13655   1148   5091
13658   1155   5091
13660   5093   5094
13661   4511   5093
13662   5067   5093
13663   1068   5093
13664   4532   5094
13666   1736   5094
13699   5105   5106
13700   3026   5105
13701   4746   5105
13703   1822   5106
13704   4763   5106
13705   2980   5106
13706   5107   5108
13707    300   5107
13708   5023   5107
13709   3342   5107
13710    308   5108
13712   2860   5108
13714   5109   5111
13716   3750   5109
13718   2203   5111
13719   3452   5109
13721   4250   5111
13722   5112   5113
13723   1563   5112
13724   5065   5112
13725   4759   5112
13727   5066   5113
13728   4600   5113
13761   5124   5125
13762   3191   5124
13763   3915   5124
13765   1508   5125
13766    514   5125
13785    627   5131
13787   3272   5131
13800   5136   5137
13801    392   5136
13802   4928   5136
13803   3903   5136
13804   1218   5137
13806   4958   5137
13807   5138   5139
13808   5131   5138
13809   4374   5138
13810   4041   5138
13812   4891   5139
13813   4429   5139
13819   2796   5142
13822   5007   5142
13823   5143   5144
13824   5124   5143
13825   4218   5143
13826   4286   5143
13827   5125   5144
13828   3282   5144
13829   3910   5144
13835    742   5147
13838   1717   5147
13839   5148   5149
13840   2704   5148
13841   4943   5148
13842     17   5148
13843    289   5149
13845    845   5149
13846   5150   5151
13849   3956   5150
13852    347   5150
13853   3432   5151
13855   5153   5154
13856   4365   5153
13857   4794   5153
13858   1751   5153
13859   2460   5154
13861   4029   5154
13862   5155   5156
13863    289   5155
13864   4933   5155
13865   4106   5155
13866   4442   5156
13867   4909   5156
13868   4262   5156
13869   5157   5158
13870   4811   5157
13871   5011   5157
13872   2223   5157
13873   4990   5158
13874   5010   5158
13875   2881   5158
13885   5162   5163
13889   4286   5163
13891   3942   5162
13892   3191   5163
13903   5168   5169
13904   3376   5168
13905   5058   5168
13907   4596   5169
13909    782   5169
13913    763   5170
13916   4828   5170
13919   5173   5174
13920   1504   5173
13921   5163   5173
13922   2624   5173
13923   1835   5174
13924   5162   5174
13925   3447   5174
13926   5175   5176
13927    514   5175
13928   5029   5175
13930    518   5176
13932   4894   5176
13949   5182   5183
13950   4767   5182
13951   4943   5182
13953   4106   5183
13954   5149   5183
13955   4343   5183
13956   5184   5185
13957   4044   5184
13958   5029   5184
13959   1769   5184
13960   4473   5185
13961   5176   5185
13962   1779   5185
13963   5186   5187
13964   4882   5186
13965   5091   5186
13966   2548   5186
13967   4884   5187
13969   3439   5187
13978   3853   5190
13979   5191   5192
13980    971   5191
13981   4898   5191
13982    973   5191
13983   2289   5192
13984   4948   5192
13985   2992   5192
13986   5193   5194
13987   2916   5193
13989   3416   5193
13990   3518   5194
13991   5142   5194
13992   3591   5194
13993   5195   5196
13994   2652   5195
13996   2834   5195
13997   3804   5196
13998   5190   5196
13999   4333   5196
14029   3620   5204
14032   5207   5208
14035   2759   5207
14036   3192   5208
14038   2883   5207
14039   2141   5208
14051   3664   5213
14053   1326   5213
14057   5215   5216
14059   5109   5215
14060   4895   5215
14061   4015   5216
14062   5111   5216
14063   5071   5216
14074   5220   5222
14076   3644   5220
14078   2014   5222
14079   4781   5220
14082   5223   5224
14083   3293   5223
14084   5220   5223
14085   1549   5223
14086   4265   5224
14087   5222   5224
14089   5225   5226
14090    913   5225
14091   4928   5225
14092    903   5225
14094   5137   5226
14095   2740   5226
14112   5232   5233
14113   5019   5232
14114   5091   5232
14115   1147   5232
14116   4801   5233
14117   5187   5233
14118    947   5233
14128   5237   5238
14129   4517   5237
14130   5208   5237
14131   1862   5237
14132   4525   5238
14133   5207   5238
14134   1666   5238
14146    885   5242
14149   4919   5242
14152   5244   5246
14154   4605   5244
14156   2826   5246
14157   1822   5244
14165   1350   5249
14168   2171   5249
14169   5250   5251
14170   4194   5250
14171   5094   5250
14172   3617   5250
14173    809   5251
14174   5067   5251
14175   3055   5251
14177   5252   5254
14181   4481   5254
14182   3410   5252
14184   4265   5254
14185   5255   5256
14188   3251   5255
14189   2540   5256
14191   3804   5255
14192    929   5256
14204   2588   5260
14207   1883   5260
14213   3174   5263
14216   3153   5263
14219   5266   5267
14220   4296   5266
14221   5195   5266
14222   4677   5266
14223   4519   5267
14224   5190   5267
14225   4837   5267
14226   5268   5269
14227   1457   5268
14228   5204   5268
14229   3467   5268
14230   1460   5269
14232   1324   5269
14249   5275   5276
14250   4293   5275
14252   3492   5275
14253   4251   5276
14254   5263   5276
14255   3720   5276
14256   5277   5278
14257   4920   5277
14258   5170   5277
14259   3690   5277
14260   1217   5278
14262   4912   5278
14263   5279   5280
14264   3578   5279
14266   4424   5279
14267   4550   5280
14268   5147   5280
14269   4868   5280
14271    867   5281
14272   5242   5281
14273    872   5281
14277   5283   5284
14280    266   5283
14281   3438   5284
14283   5162   5283
14284    274   5284
14286   5286   5287
14288   5278   5286
14289    284   5286
14290    722   5287
14291   5170   5287
14292    719   5287
14293   5288   5289
14294   4012   5288
14295   1885   5288
14296   5260   5288
14297   4202   5289
14298   4497   5289
14323   5297   5298
14324   4538   5297
14325   5244   5297
14326   2701   5297
14327   4640   5298
14328   5246   5298
14329    544   5298
14338   1450   5301
14343   3239   5303
14346   4940   5303
14348   5305   5306
14349   5151   5305
14350      9   5305
14351   4239   5305
14352   5150   5306
14353   4869   5306
14354   4162   5306
14355   5307   5308
14358   1112   5307
14359    483   5308
14361    865   5307
14362   2057   5308
14367   3871   5310
14370   4580   5310
14374   3820   5313
14375   5252   5313
14380   5315   5316
14381   1386   5315
14382   5310   5315
14383   3704   5315
14384   4198   5316
14388   3658   5317
14390   1421   5317
14394   5319   5320
14395   5085   5319
14396   5263   5319
14397   1101   5319
14398   4912   5320
14399   5275   5320
14400   1097   5320
14401   5321   5322
14402   4805   5321
14403   5284   5321
14405    945   5322
14406   5283   5322
14407   2904   5322
14421   2624   5327
14424   4097   5327
14426   5329   5330
14427   4553   5329
14428   5289   5329
14429    232   5329
14430   3985   5330
14431   5260   5330
14432    243   5330
14450   5336   5338
14452    260   5336
14454   4219   5338
14455    991   5336
14457   2114   5338
14458   5339   5340
14459   4599   5339
14460   5256   5339
14461   5246   5339
14462   4333   5340
14463   5255   5340
14464   4640   5340
14465   5341   5342
14466   4503   5341
14469   4823   5342
14470   5249   5342
14471    143   5342
14511   5355   5356
14514   4651   5355
14515   4326   5356
14517   4781   5355
14545   5366   5367
14547    430   5366
14548   4359   5367
14550   4818   5366
14551   4728   5367
14552   5368   5369
14553   2930   5368
14554   5336   5368
14555    266   5368
14557   5338   5369
14558   3438   5369
14559   5370   5371
14561   5366   5370
14562   5313   5370
14563   4191   5371
14564   5367   5371
14565   3945   5371
14568   5373   5374
14570    324   5373
14571   2003   5374
14573   4416   5373
14574   3829   5374
14575   5375   5376
14576   1255   5375
14577   5308   5375
14578   3841   5375
14579   2262   5376
14580   5307   5376
14581   2898   5376
14584   5378   5379
14586   4674   5378
14587   2071   5379
14589   4512   5378
14590   5041   5379
14591   5380   5381
14592   1924   5380
14593   3628   5380
14594   1549   5380
14595    240   5381
14596   1544   5381
14597   5113   5381
14607   5385   5386
14610   4003   5385
14611   4449   5386
14613   4737   5385
14614   4802   5386
14619   1046   5388
14622   4862   5388
14625   5391   5392
14629   2162   5392
14631   5047   5391
14637   1939   5394
14640   4180   5394
14653     48   5399
14656   4789   5399
14672   5066   5406
14673   5374   5406
14674   2298   5406
14691   5412   5413
14692   1077   5412
14693   5378   5412
14694   5046   5412
14695   4951   5413
14696   5379   5413
14697   5392   5413
14698   5414   5415
14699   4475   5414
14701     46   5414
14702   3510   5415
14703   5399   5415
14704     47   5415
14705   5416   5417
14706    515   5416
14708   4893   5416
14709    520   5417
14711   5175   5417
14721   5421   5422
14722   5070   5421
14724    358   5421
14725   4976   5422
14726   5388   5422
14753   5431   5432
14754   1336   5431
14757   1329   5432
14758   5394   5432
14759   1318   5432
14768   5435   5437
14770   2921   5435
14772   4411   5437
14773   4308   5435
14775   4689   5437
14776   5438   5439
14777   4349   5438
14778   5356   5438
14779   4382   5438
14780   4619   5439
14781   5355   5439
14782   3533   5439
14783   5440   5441
14785   5435   5440
14786   4077   5440
14787   2464   5441
14788   5437   5441
14789   4332   5441
14790   5442   5443
14791   3602   5442
14792   5416   5442
14793    562   5442
14794    602   5443
14795   5417   5443
14796    606   5443
14797   5444   5445
14798   4575   5444
14799   5269   5444
14800   2858   5444
14801   5009   5445
14802   5204   5445
14803   4027   5445
14804   5446   5447
14805   4663   5446
14806   5386   5446
14807   5055   5446
14808   4446   5447
14809   5385   5447
14810   4492   5447
14816   2740   5450
14819   2094   5450
14820   5451   5452
14821   2074   5451
14822   5392   5451
14823   4254   5451
14825   5391   5452
14826   2192   5452
14827   5453   5454
14830   1894   5453
14831   2997   5454
14833   1895   5453
14834   3300   5454
14838   5457   5458
14840    947   5457
14841   3800   5458
14843   4577   5457
14844   5226   5458
14848   1044   5459
14851   2930   5459
14861   5464   5465
14862   4211   5464
14863   5454   5464
14864   5301   5464
14866   5453   5465
14867   5317   5465
14877   5469   5470
14878   2756   5469
14880   5327   5469
14881   1499   5470
14882   5450   5470
14884   5471   5472
14885   1050   5471
14886   5369   5471
14887   5459   5471
14888   3415   5472
14889   4579   5472
14900   5476   5477
14901   1762   5476
14902   4773   5476
14903   4811   5476
14904   3102   5477
14905   4820   5477
14906   2223   5477
14933   3852   5485
14936    538   5485
14951    229   5491
14962   1249   5496
14966   5497   5498
14967   3515   5497
14968   5469   5497
14969   2901   5497
14970   3059   5498
14971   5450   5498
14972   3235   5498
14994   4617   5506
14997   1843   5506
14998   5507   5508
14999   2425   5507
15000   5399   5507
15001   5182   5507
15002   3068   5508
15003   5414   5508
15004   4542   5508
15037   5519   5520
15038   5327   5519
15039   5457   5519
15040   4286   5519
15041   5470   5520
15042   5458   5520
15043   3910   5520
15060   5526   5527
15061   4116   5526
15063    362   5526
15064   4131   5527
15065   5491   5527
15066   2337   5527
15072   3831   5530
15075   2966   5530
15092   5536   5537
15095   1352   5536
15096   5089   5537
15098    648   5536
15099   4917   5537
15122   5496   5545
15123   4010   5545
15124   5546   5547
15125   1624   5546
15127   3005   5546
15128   3145   5547
15129   5506   5547
15147   5553   5554
15148    877   5553
15150   4874   5553
15151   4740   5554
15152   5485   5554
15153   4888   5554
15266   5590   5591
15269   3073   5590
15271   5530   5591
15272   4638   5591
15274   5242   5592
15275   5537   5592
15276   4315   5592
15372   4842   5622
15375   4027   5622
15385   5627   5628
15386    894   5627
15388   4316   5627
15389   5204   5628
15390   5622   5628
15391   1440   5628
15394   5630   5631
15396   4668   5630
15397   4290   5631
15399   4770   5630
15400   2285   5631
15413   2153   5636
15417   5637   5638
15418    484   5637
15420    482   5637
15421   5496   5638
15422   5636   5638
15423   4365   5638
15424   5639   5640
15425    479   5639
15426   5637   5639
15427   4889   5639
15428   2000   5640
15429   5636   5640
15430   4778   5640
15445    484   5646
15448   5496   5646
15458   5650   5651
15459   4968   5650
15461   4684   5650
15462   4226   5651
15464   2891   5651
15494   5303   5661
15495   2779   5661
15496   5651   5661
15500   1424   5662
15503   5215   5662
15513   5667   5668
15516   4238   5667
15519    991   5667
15520   4522   5668
15522   5670   5671
15523   4910   5670
15524   5668   5670
15525   5316   5670
15526   2114   5671
15527   5667   5671
15528   5310   5671
15529   5672   5673
15530   5341   5672
15532    151   5672
15533   3788   5673
15534   5646   5673
15535   1304   5673
15537   4495   5674
15538   5662   5674
15539   5317   5674
15543   5676   5677
15544   4525   5676
15545   5630   5676
15546   1671   5676
15547    971   5677
15548   5631   5677
15549   2289   5677
15554   4858   5679
15555   5662   5679
15556   4953   5679
15557   5680   5681
15560   1104   5680
15561   2222   5681
15563   3101   5680
15564   3396   5681
15566   5683   5684
15567   1668   5683
15568   5681   5683
15569   2969   5683
15570   2692   5684
15571   5680   5684
15572   4733   5684
15591   5691   5692
15594   5341   5691
15595   3469   5692
15597   5249   5692
15620   1181   5700
15621   5692   5700
15622   1184   5700
15630   5703   5704
15633   2733   5703
15634   1266   5704
15636   5023   5703
15637   5108   5704
15639   5706   5707
15641   5704   5706
15642   3215   5706
15644   5703   5707
15645   4275   5707
15647   5708   5710
15649   5190   5708
15651   4716   5710
15652   5006   5708
15654   5005   5710
15662   5713   5714
15663    617   5713
15664   5708   5713
15665   4837   5713
15666    808   5714
15667   5710   5714
15668   4005   5714
15671   5716   5717
15673   4784   5716
15674   5547   5717
15676   1353   5716
15677    651   5717
15683   5213   5720
15686   5545   5720
15692    177   5723
15695    375   5723
15696   5724   5725
15697   2716   5724
15698   5716   5724
15699   2812   5724
15700   4917   5725
15701   5717   5725
15702   4617   5725
15703   5726   5727
15704   5672   5726
15707   5646   5727
15708   5720   5727
15709   1317   5727
15719   5731   5732
15720   5491   5731
15723   5526   5732
15724   5723   5732
15725   4416   5732
15729   4906   5733
15732   4802   5733
15735   5736   5737
15736   5546   5736
15737   5733   5736
15738   1616   5736
15739   5506   5737
15741   4062   5737
15742   5738   5739
15743    232   5738
15744   5731   5738
15745    243   5738
15746    378   5739
15747   5723   5739
15748    824   5739
15752   1377   5740
15755   2401   5740
15758   5743   5744
15759   5691   5743
15760   5726   5743
15761   3223   5743
15762   4418   5744
15763   5720   5744
15764   1461   5744
15765   5745   5746
15766   4282   5745
15767   5737   5745
15768   3094   5745
15769   4663   5746
15770   5733   5746
15771    629   5746
15772   5747   5748
15773   3871   5747
15775   5303   5747
15776   2997   5748
15778   5301   5748
15784   4477   5751
15787   2753   5751
15788   5752   5753
15789   4201   5752
15791   4077   5752
15792   4330   5753
15793   5751   5753
15794    462   5753
15799   3488   5755
15802   4120   5755
15804   5757   5758
15805    977   5757
15807   3610   5757
15808   1617   5758
15809   5740   5758
15810   3876   5758
15815   1227   5760
15818    721   5760
15820   5762   5763
15823   2120   5762
15824   2171   5763
15826   4613   5762
15827   1178   5763
15830   5765   5767
15832   5301   5765
15834   5674   5767
15837   5679   5767
15838   5768   5769
15839   5047   5768
15840   5755   5768
15841   5452   5768
15842   1461   5769
15844   2186   5769
15845   5770   5771
15846   4420   5770
15847   5763   5770
15848   4823   5770
15850   5762   5771
15851   1657   5771
15853   5772   5774
15855    794   5772
15857   3147   5774
15858   4619   5772
15860   3533   5774
15861   5775   5776
15862   5755   5775
15863   5772   5775
15864   3981   5775
15865   5769   5776
15866   5774   5776
15867   1459   5776
15877   5780   5781
15878   5740   5780
15880   1317   5780
15881   5757   5781
15883   1309   5781
15893   5785   5786
15894   2753   5785
15895   5765   5785
15896   4394   5785
15897   4330   5786
15898   5767   5786
15899   4497   5786
15900   5787   5788
15901   5726   5787
15902   2402   5787
15903   5780   5787
15904   4426   5788
15905   1346   5788
15906   5781   5788
15907   5789   5790
15908   5193   5789
15909   5760   5789
15910   3464   5789
15911   5142   5790
15913   4264   5790
15917   4566   5791
15920    202   5791
15928   5706   5796
15931   2860   5796
15932   5797   5798
15933   4349   5797
15935   2074   5797
15936   4422   5798
15937   5796   5798
15938   2063   5798
15939   5799   5800
15940   4436   5799
15941   5791   5799
15942   3333   5799
15943   4131   5800
15945   5491   5800
15955   5804   5805
15956   4382   5804
15957   5797   5804
15958   4254   5804
15959   5316   5805
15960   5796   5805
15974   5459   5810
15977   5748   5810
15983   2942   5813
15986   4011   5813
15987   5814   5815
15988   4968   5814
15990   4860   5814
15991   5765   5815
15992   5810   5815
15993   4953   5815
15994   5816   5817
15995   1328   5816
15997   5431   5816
15998   5391   5817
15999   5813   5817
16000   2941   5817
16006   2313   5820
16009    241   5820
16010   5821   5822
16011   5800   5821
16013    321   5821
16014   5791   5822
16015   5820   5822
16016   4268   5822
16017   5823   5824
16018   5213   5823
16019   5816   5823
16020   1318   5823
16021   5545   5824
16022   5813   5824
16023   5636   5824
16029   3888   5827
16032   3447   5827
16034   5828   5830
16036   5169   5828
16038   4463   5830
16039   5058   5828
16041   3281   5830
16042   5831   5832
16043   4116   5831
16044   5828   5831
16045    332   5831
16046   4131   5832
16047   5830   5832
16048    321   5832
16049   5833   5834
16050   5731   5833
16051   5821   5833
16052   5373   5833
16053    238   5834
16054   5820   5834
16055   5406   5834
16060   1913   5836
16061   5827   5836
16068   4580   5839
16071   5747   5839
16075   1409   5840
16078   2709   5840
16081   5843   5844
16082   3187   5843
16084    320   5843
16085   3713   5844
16086   5840   5844
16087    678   5844
16088   5845   5846
16091    783   5845
16092    676   5846
16095   2522   5846
16097   5848   5849
16100   2652   5848
16101   3804   5849
16103   4326   5848
16104   4452   5849
16110   4569   5852
16111   5845   5852
16112   5827   5852
16113   5853   5854
16114   5814   5853
16117   5810   5854
16118   5839   5854
16119   5472   5854
16120   5855   5856
16121   5650   5855
16122   5853   5855
16123     74   5855
16124   5661   5856
16125   5839   5856
16126   1391   5856
16143   5862   5863
16144   5222   5862
16145   3251   5862
16146   5849   5862
16147   5356   5863
16148   3509   5863
16149   5848   5863
16151   5864   5866
16153   1045   5864
16155   3691   5866
16156   1050   5864
16158   5321   5866
16163   4480   5868
16166   4841   5868
16168   5870   5871
16169   4155   5870
16170   5840   5870
16171    174   5870
16172    197   5871
16173   5843   5871
16174   3828   5871
16184   5875   5876
16185   5370   5875
16186   5868   5875
16187   5252   5875
16188   4506   5876
16190   1059   5876
16191   5877   5878
16192   1044   5877
16193   5864   5877
16194   5388   5877
16195   4160   5878
16196   5866   5878
16197   5421   5878
16199   5879   5881
16201   1174   5879
16203   3134   5881
16204   4227   5879
16206   4503   5881
16212   1915   5884
16215   4337   5884
16216   5885   5886
16217   4146   5885
16219     52   5885
16220   1530   5886
16222   3154   5886
16232   5890   5891
16233   4683   5890
16234    453   5890
16235   5885   5890
16236     71   5891
16237   4819   5891
16238   5886   5891
16239   5892   5893
16240   5622   5892
16241   5868   5892
16242   5485   5892
16243   5627   5893
16244   5876   5893
16245   5553   5893
16246   5894   5895
16247   1580   5894
16249   2915   5894
16250   2269   5895
16251   5884   5895
16252   3775   5895
16253   5896   5897
16254   5846   5896
16255   5894   5896
16256   1582   5896
16257   5852   5897
16258   5884   5897
16259   5836   5897
16260   5898   5899
16261   5700   5898
16262   5879   5898
16263   4876   5898
16264   5691   5899
16265   5881   5899
16266   4418   5899
16271   5168   5901
16274   4642   5901
16365   5931   5932
16366   4644   5931
16367   5901   5931
16368   3097   5931
16369   4569   5932
16371   5845   5932
16395   5940   5941
16398   5147   5940
16399   5279   5941
16401    736   5940
16402   4500   5941
16404   5943   5944
16405    877   5943
16406   5941   5943
16407   4103   5943
16408   4121   5944
16409   5940   5944
16410   4378   5944
16420   5948   5949
16421     64   5948
16423   2546   5948
16424   5853   5949
16426   3415   5949
16436   5953   5954
16437   5948   5953
16438   1439   5953
16439   3154   5953
16440   5949   5954
16441   3387   5954
16442     74   5954
16445   5956   5957
16447    438   5956
16448    430   5957
16450   4661   5956
16451   4687   5957
16454   5959   5960
16456   1668   5959
16457   2029   5960
16459   1677   5959
16460   2031   5960
16466   1227   5963
16469   5836   5963
16470   5964   5965
16471   5901   5964
16472   5959   5964
16473    782   5964
16474   5932   5965
16475   5960   5965
16476   2522   5965
16477   5966   5967
16478    722   5966
16480    724   5966
16481    719   5967
16482   5963   5967
16483    721   5967
16484   5968   5969
16485   3293   5968
16486   5956   5968
16487   5254   5968
16488   2645   5969
16489   5957   5969
16490   5313   5969
16495   1288   5971
16498   4811   5971
16501   5973   5975
16503   3469   5973
16505   1184   5975
16506   3147   5973
16508   4076   5975
16509   5976   5977
16510   4794   5976
16511   5971   5976
16512   4057   5976
16513   5154   5977
16515   5590   5977
16517   5978   5980
16519   3622   5978
16522   3649   5978
16524   3180   5980
16525   5981   5982
16526   3513   5981
16527   5973   5981
16528   5131   5981
16529   4390   5982
16530   5975   5982
16531   5139   5982
16535   2888   5983
16538   3341   5983
16541   5986   5987
16542   5971   5986
16543   5983   5986
16544   1762   5986
16545   5977   5987
16547   3185   5987
16548   5988   5989
16549   1114   5988
16550   5978   5988
16551   1136   5988
16552   4410   5989
16553   5980   5989
16554   2584   5989
16555   5990   5991
16556   5591   5990
16557   5987   5990
16558   4211   5990
16559   3658   5991
16560   5983   5991
16561   5465   5991
16579   5997   5999
16581   4770   5997
16583   2739   5999
16584    996   5997
16586   5707   5999
16587   6000   6001
16588   5668   6000
16589   5997   6000
16590   4703   6000
16591   5805   6001
16592   5999   6001
16593   4886   6001
16667   6025   6026
16669   5105   6025
16670   1294   6025
16672   1815   6026
16673   4693   6026
16683   6030   6031
16684   6025   6030
16685   3341   6030
16686   1288   6030
16687   6026   6031
16688   3084   6031
16689   1300   6031
16692   6033   6034
16694   2460   6033
16695   3134   6034
16697   3788   6033
16698   4503   6034
16699   6035   6036
16700   4456   6035
16701   6033   6035
16702   5590   6035
16703   4437   6036
16704   6034   6036
16705   5530   6036
16748   6050   6052
16750   2203   6050
16752   3503   6052
16753   3701   6050
16755    876   6052
16756   6053   6054
16758   3651   6053
16759     48   6053
16761   2303   6054
16762   4790   6054
16772   6058   6059
16773   6053   6058
16774   5760   6058
16775   4548   6058
16776   6054   6059
16777   5790   6059
16778   2795   6059
16779   6060   6061
16780   3929   6060
16781   6050   6060
16782   3750   6060
16783   3895   6061
16784   6052   6061
16785   1884   6061
16787   6062   6064
16789    924   6062
16791   1810   6064
16792   3996   6062
16794   5224   6064
16795   6065   6066
16796   3929   6065
16797   6062   6065
16798   3894   6065
16799   2541   6066
16800   6064   6066
16801   1809   6066
16802   6067   6068
16805   2584   6067
16806    722   6068
16808    285   6067
16809   5286   6068
16811   6070   6071
16812   4930   6070
16813   6068   6070
16814   3623   6070
16815   4999   6071
16816   6067   6071
16817   5980   6071
16827   6075   6076
16828   5440   6075
16830   2337   6075
16831   4612   6076
16833   5771   6076
16843   6080   6081
16844   5752   6080
16845    229   6080
16846   6075   6080
16847   5751   6081
16848   4691   6081
16849   6076   6081
16850   6082   6083
16853   3399   6082
16854   1126   6083
16856   3888   6082
16857   1855   6083
16859   6085   6086
16860   5966   6085
16861   6083   6085
16862   3611   6085
16863   5963   6086
16864   6082   6086
16865   3950   6086
16884   6093   6094
16886   3098   6093
16887   1496   6094
16889    776   6093
16890   2763   6094
16891   6095   6096
16892   4308   6095
16893   6093   6095
16894   1656   6095
16895   4689   6096
16896   6094   6096
16897   3516   6096
16898   6097   6098
16901   4082   6097
16902    736   6098
16904    127   6097
16905   5281   6098
16939   6110   6111
16940   6098   6110
16941   5592   6110
16942   4121   6110
16943   6097   6111
16944   5536   6111
16945   1037   6111
16949   3956   6112
16952   4085   6112
16955   6115   6116
16956   4977   6115
16958   5422   6115
16959   4840   6116
16960   6112   6116
16961   4515   6116
16963   6117   6119
16965   3873   6117
16967   3002   6119
16968   3922   6117
16970   2160   6119
16971   6120   6121
16972   5394   6120
16973   6117   6120
16974   4853   6120
16975   5431   6121
16976   6119   6121
16977   4764   6121
16978   6122   6123
16981   2487   6122
16982   5151   6123
16984   4293   6122
16985   4251   6123
16987   6125   6126
16988   3922   6125
16989   6123   6125
16990   6112   6125
16991   3873   6126
16992   6122   6126
16993   6115   6126
polygons 2383
1      5      6   5831  13840  13842
2     12   5831  12679  12681
3  12682  12684  12786  12789  12792
5  12678  12679  12682  13179  13840  13841
6   6829  11822  11825  13111  13114
7   6828   6829  13176  13841  13842
8  11825  12791  12792  13176  13179
9  11609  11827  13108  13114  13115
11  10496  10500  13112  13115
12      6   6828  10498  13108  13111  13112
13      5     12   7186  10496  10498  10501
14   7186   7188  12678  12681  12684
16   7188  10500  10501  11609  12788  12789
17   6931   6932  12867  12870  12873
18     50   6377  11714  11718  12871  12873
19     50   6932   6933  12601  12603
20  10415  12031  12032  13953  13955
21  11857  12028  12029  12867  12868  12871
22  11859  13949  13955  14998  15001  15004
23   6377   8569  12597  12600  12603
24   6931   6933  14653  14703  14704
26  12597  12601  13950  14653  15000  15001
27  11854  11857  14701  15003  15004
29  12868  12870  14698  14701  14704
30  16122  16123  16424  16440  16442
33     94     95  12909  12912
34  12912  15990  16114  16420  16421  16424
36    102  11651  12909  13256  15988  15990
37     95    102   7279  16216  16219  16222
38     94   7279  16421  16437  16439
40    115  12328  15461  16121  16123
41  12324  12328  16232  16233  16236
43  11651  12326  16219  16233  16235
44    115  16222  16236  16238  16436  16439  16442
47    126   6126   6131   6333   6335
48   6334   6335  10685  12226  12227
49   6131  10647  10649  10650  12662  12663
50   6333   6334   9204  10361  10363
52    148   9204   9206  10679  10682  10685
53    150   9206  10362  10363
54    148    150   7397  13117  13120  13123
55   7396   7397   8650  10681  10682
56    126  10361  10362  10649  13119  13120
58   6388   7396  10650  13122  13123
60   6388   8650  12657  12660  12663
63   7653   9561  13607  13610  13613
65    173   6948   7653  10665  10668
68  10665  11716  12029  13608  13610
69   8766  11857  12637  12639
72   9555   9557  11552  13611  13613
73    204   5185   7250   9557   9558
74   5185   8765   8766  12143  12868  12869
78  10668  11716  12145  12871  12872
79    210    173   9555   9558   9561
80    210    204   6948  12138  12143  12145
81  12028  12638  12639  13607  13608  13611
83    217    218   8005  11604  12034  12035
84    221    222    223  11601  11604
85   6751  10834  10835  11477  11480  11483
86    231   7487   7489  11479  11480
87    233    218    234  11482  11483
88    217    223    236    237    234
89    236    222    238    231    239
90    239    237  11477  11479  11482
91    241    242  11601  12035  12036
92   6674  12034  12036  12487  12493  12494
93    221    242    245    238   7489   7490
94    233   6751   8005  12494  13159  13160
95    251    245    241   6674   6676
96    251   7487   7490  10833  10834  10837
97   6676  10837  12493  13162  13163
98   7007   7013   8114   8609   8611
99    261   7008   8108   8111   8114
100    264    265   4788   8109   8111
101    268    269   4788   8606   8608
103    271    272    273   8605   8606   8609
104    265    274    261  10588  16169  16171
106    284   9510  16168  16171  16174
108    269    290    284    274    264
109    294    295    271   7013   8707   8709
110    272    295   9511   9514
111    290    268    273   9507   9510   9511
112   7007   7008   8709  10588  10589
114   8707  10589  16168  16169  16172
115    294   9507   9514  16172  16174
116  11899  12536  12537  15917  15941  15942
117  12539  12540  15266  15269  15272
118  11938  11940  15269  16700  16702
119  11509  11510  11577  16699  16700  16703
121  12349  12350  15072  16703  16705
122  12171  12175  15072  15271  15272
124  11577  11934  11940  15917  15920
125  11510  15920  15940  15941
126  11899  12175  12176  12348  12350
128  11509  12348  12349  15940  15942
133    346   7867  11899  14427  14429
134    346  14951  15720  15743  15744
135   7867  14951  15939  15942  15945
136  14426  14429  14432  15743  15745
138  12537  12538  14426  14427  14430
141  15720  15945  16011  16050  16051
144    379    380  16009  16053  16054
145    382  15744  15745  16049  16050  16053
146  11936  15917  16009  16014  16015
147    380    382  10025  14430  14432
148    379  10025  11936  12536  12538
150  11018  13885  13889  14277  14283  14284
152   8217   8221  14281  14284
153  14277  14280  14281  14552  14555  14558
154   8221  10797  11018  13825  13826
155   7406   9795  10799  14450  14452  14454
156   7402   9795  13762  13763
157   9880  13891  14280  14283
158  13762  13824  13826  13889  13892
160   7402   7406   9882  13885  13891  13892
161   9880   9882  14452  14554  14555
163   8217  10794  10797  14454  14557  14558
164  11243  11873  11876  12682  12683
165   6189  11237  11243  13631  13633
166  13843  13863  13865  13953  13954
168    440   6189   8567  11873  12599  12600
169   8567  10422  13145  13864  13865
172   8776  13634  13636  13863  13864
173    440  13145  13630  13633  13636
175   8774   8776  13839  13840  13843
176   6230   8341  10727  10728  10731
177  10622  10626  10727  10730  10733
178   9780   9781  10625  10731  10733
179    465    466   8756   8758   8761
180    467   8427   8758   9779   9780
181    466    472    473    474    475    467
183    474  10626  10628  13710  13712
184    484   7899   8340   8341   8761   8762
185    484    485    486    472    465
186    475   8427  10622  10625  10628
187    485   7899  13707  13709
188    473    486  13706  13707  13710
189   6230   8756   8762   9779   9781
192  15943  16011  16013  16046  16048
193    504  10455  11444  15061  15723  15725
194    505  11444  14570  14573
195    504    508    509    510    505
196    511    509  16042  16045  16048
197    510    511  14570  16013  16051  16052
198    508  10455  16043  16045
203  10184  11772  16949  16960  16961
204  13846  13849  16949  16982  16989  16990
205   5162   8199  12155  12156  12159
206   8199  13853  16978  16981  16982
207  12025  12159  12161  13846  13852  13853
208  10180  10182  10184  13849  13852
209  12156  13587  14722  14724
210  10182  11769  12025  13280  13589  13590
211   5162  14721  14724  16958  16981  16992  16993
215  11767  13280  14725  16955  16958  16961
218    563   6514  10329  14770  14785  14786
219    570  15063  15695  15723  15724
220  11090  11093  15060  15063  15066
221    570   6512  11090  14770  14773
222  14951  15065  15066  16830  16845  16846
224  14786  15791  16828  16844  16846
225    346  10738  15789  16844  16845
226    563  10738  10741  15742  15743  15746
227  10329  10741  15789  15791
229   6512   6514  15695  15746  15747
233    599    600  10511  11055  11056
234  11055  11057  13131  13801  13802
236    616    599   9758  13801  13803
237    620   9422   9426   9755   9758
238    620    600    616  13192  13194
239   9426   9427  13188  13191  13194
240   6272   8790  13052  13189  13191
241  10511  13046  13047  13188  13189  13192
243   9311  11056  11057  13047  13049
244   5200   6269   6272   9311  13128  13131
248   9424   9755  13128  13802  13803
253    654  12768  14547  14550
255   8900   8901  12768  12845  12847
256  14547  14561  14562  16448  16489  16490
258  12845  14550  14561  16166  16185  16186
260  11659  14181  16447  16486  16487
261    654   8895   8897   8900  16445  16447  16448
262   8897   8898  11654  11656  11659
263  14375  14562  16185  16187
264    685   8895   8898   8901
265    685  11656  12847  16163  16166
266  11654  14177  14181  16163  16186  16187
267    693   9250  10556  16217  16219
268  10552  10555  16217  16234  16235
269  12089  14783  14787  16827  16828  16831
271   5086  10555  11170  14787  14789
272   9245   9250  10328  15788  15791  15794
273  10328  11168  14783  14786  14789
274    693  11651  15784  15793  15794
275  12326  12327  15784  16831  16847  16849
277   5086  12089  12327  16233  16234
280   9245  10552  10556  11168  11170
283    726    727  11590  11591  11594
284    728    729    730  11594  11596
285    727    733    734    735    728
286    726    736    737    738    739    733
287    743    736  11591  13001  13003
289  11590  11596  13003  15425  15427
290    752    753    738    754
291    755    756    757    758    752
292    754    737    743    755  15418  15420
293    729    735    762    757    763
294    763    756    730  15418  15425  15426
295    758    762    734    739    753
296  13001  15420  15426  15427
302   6968  12469  12770  16232  16234  16237
303   6965   6969  12466  12469  12472
304  11256  12472  14548  14551
305   7835   9576  11255  14545  14547  14548
306    654    786   7835  11013  12328  12330
307    786  12765  12768  16236  16237
309   9573   9576  11013  12091  12092
310    793   6969   6971   9573  11255  11256
311   5086   5087   6965   6968   6971
312    793   5087  12086  12089  12092
313    796    126    797  13926  13927  13930
314    800    796  10649  10652
315    800  13927  14709  14711
317  10697  10700  13118  13120
318  10652  13118  13119  14705  14706  14709
319  10693  10697  13015  14706  14708
320  10360  10362  10693  10699  10700
321  10364  10699  13014  13015  13018
322    797   8783  10360  10361  10364
323   8783  13018  13930  13932
324    821  11784  11786  14933  14936
325  11657  14933  16163  16241  16242
327  10164  14936  15375  16240  16242
328  10158  10160  12850  15372  15375
331    685   8043   8044  11048  11051
332  11048  11656  11657  11785  11786
334    847    848  11051  11784  11785
335    848   8038   8043  10160  10161
336    847    821  10158  10161  10164
337   8038   8044  12844  12847  12850
338   8301   8302  13641  13643
340    859    860   7125   7661   8301   8303
341    866   8302   8303   9782  12181  14327  14329
342   8427  12093  12094  12097  12183  12184
343    871    872    467  12097  12099
344  12094  12096  14324  14326
345    872   7124   8757   8758  13638  13640
346    879    859   5820  12093  12096  12099
347    871    879   7121   7124   7125
348    882   8757   9778   9779   9782
349    882    866  13637  13640  13643
351    860   5820  14323  14326  14329
353    887   6348  10498  10499
354    896   6347   6348  12355  12357
355    900    901    902   6842   6843
356    903   6842  11326  12355  12356
357    902    906      6    887    896    903
358   6827  12451  13111  13431  13432
359   6347  10499  12262  13112  13428  13429
363  11323  12260  12262  12356  12357
364   6843  11323  11326  12454  12456
365    900   6831  12450  12451  12454
366  12260  12450  12456  13426  13429  13432
368    906    901   6827   6828   6831
369  14224  14225  15649  15664  15665
370   6230   6233  12305  13996  14221  14222
371  13381  13998  13999  15649  15652
375   6233   8762  14790  14791  14794
377    962  12828  12831  15663  15665
382   9782  11172  11958  13379  13381
383  12305  12830  12831  14794  14796
384    882    962  11956  11958  14790  14793  14796
385   8756   8757  14791  14793
386  11956  13379  15652  15663  15664
389   9778   9781  11172  13993  13996  13999
391   9208   9209  12504  12506
392    986   9209  10215  13785  13808  13810
393    994    986  12313  12505  12506
394    994   8469  13785  16526  16528
397   8469  11354  12313  12568  12570
398  11358  11488  13813  16529  16531
399  11352  11358  12567  12570  12573
400   1012   9208  10210  10215  10217
401  10217  11488  11489  12571  12573
403   1012  12504  12505  12567  12568  12571
404   8764   8766  11641  14699  14701
405   5180   6362   8460  14702  14704
406   5177   5180  12140  12869  12870
408   1029   1030   5177   6362   6363
409   1034   1035   1029  12140  12143
411   1036   1030   1035   9850  10103  10104
412   1034   1036   5185   5188
414   6363   8460  10098  10104  11642  11644
415   9848  10100  11638  11641  11644
416   5188   8764   8765   9846   9848   9850
419    504   1048  16081  16084  16087
420    505  11988  12699  12700  16082  16084
421   1057    509   8487   8490   8493
422    510   8493  12694  12697  12700
423   1057   1060   1061   1062   1048    508
424   1064   1065   1060   8488   8490
425   8487   8488  11989  12696  12697
426   1065   1061   9125   9128   9131
427   1062   9131  16085  16087
428   1064   9126   9128  11985  11988  11989
429   1070   1075   7125   9127   9128
430    879   1070   8231   8232   8235
431   1075   1064   8232   8588   8589
432   8584   8588  11556  11989  11992
433   1089  11662  11664  12071  12073
435   7436   8586  11556  12071  12072
436   7121   7393   9126   9127  11665  11667
437   1100   7393  11988  11991
438   1100   9963  11661  11662  11665
440   9963  11985  11991  11992  12072  12073
441   1089   1107    871   7436   8235   8236
442   1107   7124  11661  11664  11667
445   9593   9595  11883  11885
446   7188   8726   9593   9594  12936  12937
447  11883  12931  12936  14267  14269
448  11468  11471  12934  14263  14266  14269
449   8726   9150  12787  12789
451  10929  11468  11474  11475  11609  11612
453   8683   9150   9594   9595  10717  10931  10932
454  10927  10931  11475  14264  14266
455  10501  10502  12931  12934  12937
456  10500  10502  11471  11474
458   6375   8567   8569  16805  16808
459   6192   6194  16481  16483
460   6188   6189   6192  14286  14289  14292
461   6188   6194  11871  11873  11875
462   1149  11875  12602  12603  16477  16480  16483
463  14290  14292  16477  16478  16481
464   5451  16478  16480  16802  16805  16806
465    440  14289  16802  16808  16809
466  14286  14290  16806  16809
467   1149   5451   6375   6377
470   1163  12932  13835  14268  14269
471   7517   7522   7523  11471  11726  11727
472  11723  14266  16399  16402
475   1176   1177  13835  16398  16401
476   1176   6754   7522  10092  10093
477   7523  10095  10096  12932  12934
478   6754  11721  11727  16395  16401  16402
480   1163   1177  10091  10092  10095
482  13632  13633  14262  14288  14289
483   9059  13082  14256  14259  14262
489   1210  13913  14291  14292
490   1212   9056  12156  12157  13913  14258  14259
492   5162   7192   9056   9059
493   6188   8143   8146  11240  11243
494   7192   8199  11241  13082  13631  13632
495   1212   1210   6192   8144   8146
496  11237  11240  11241  12159  12160
497   8143   8144  12155  12157  12160
498   1057   1225  13909  16036  16044  16045
500  13549  13905  16271  16367  16368
501   1048   8082   8083  10455  10458
502   1062   8081   8082  16088  16091  16092
503   1242   1243   8081   8083
505   1243   7092  16091  16365  16368  16371
506  13903  13909  16271  16471  16473
507   1242   7092  10458  13549  16039  16043  16044
508   1061   5269  16092  16095
510   1225   1060   5269  16470  16473  16476
511   5831   6386   7276   8774   8775
513  11241  12680  12681  13853  14349  14350
514     12   6386  10865  14350  14351
517   7276  10865  10908  14216  14253  14254
518  10908  14349  14351  16982  16985
520   7083  11000  11002  15766  15768
521   1277   8516  11002  11127  11128
522   1280   8521  12050  12053
523   8515   8516  11353  12050  12569  12570
524  12053  12310  12314  12568  12569
525   1280   1291  12256  12314  12316
526  12310  12313  12316  15769  15771
528  11130  11131  12256  15765  15766  15769
529   1291   8515   8521  11125  11128  11131
530   8467   8469  15765  15768  15771
532   1277   7083   8467  11353  11354
535   8814   8815  10090  15666  15668
536   7859   8815  10711  10714  14170  14172
537   7859  13377  15654  15666  15667
538   8347   9413  12511  12513
539   9413  10929  10930  14169  14170  14173
540   8342   8344   8347  14173  14175
541   8342  10088  12512  12513  15651  15667  15668
542  12438  13374  15651  15654
543   6955   8344  10088  10090
544   6955   8814  14169  14172  14175
546  10714  10932  12204  13374  13377
547    563   9285  10400  11571  11572
549   9350  10400  10403  15746  15748
550   1336   1337  15742  15745  15748
551   1337   5465   5950   9349   9350
554   5950   9341  10114  14204  14294  14296
555  10736  10738  14297  14428  14429
556  10112  10742  14293  14294  14297
557   9285  10117  10736  10741  10742
558   1336   5465  14204  14431  14432
559   1349   1350   1351   1352   1353
560   1354   1355   1356    901   1357   1349
561   1353   1354  10083  11559  11560
562   1361   1362    900   1356   1363
563   1364   1365   1366   1367   1361
564   1363   1355   1364  10083  12074  12075
566   1352   8587  11555  11556  11559
568   1351   1376   1377   7433   8586   8587
569   1366   1381   6845   6846   7433   7436
570   1350   1357    902   1382   1376
571   1362   1367   6841   6843   6846
572   1381   1365  12070  12071  12074
573   1377   1382   6841   6842   6845
574   6754   6755  14273  16902  16905
575    210  10348  16901  16904
576   1397   7869   7870  14271  14273
577   9556   9558  14271  16898  16904  16905
578   1176  12282  12283  16898  16901  16902
580   1405   7872   7873  10093  10094
581   1411  10092  10094  12281  12283
583    173   1413  10348  12281  12282
584   6755   7522   7868   7869   7872
585   1413   1415   1405   1411   9559   9561
586   1415   1416   7868   7870   7873
587   1416   1397   9555   9556   9559
589   1421  11722  16402  16405  16406
590   9414  10930  11475  11722  11723
591   1421   9414  12511  15147  15148  15151
592   8682  10931  12201  12204  12207
593   8682  10410  14264  16399  16406  16407
595  10410  12207  12947  12953  12954
596  12954  15148  15150  16405  16407
598   1436   6755  10446  11725  11727
599   1441  11113  11114  16404  16405  16408
600   1421   1441   8823  10476  10478
601  11113  15276  16941  16942
602   8823   8826  11114  14146  15274  15276
604  10476  10477  11721  11722  11725
605   1459   1436  14146  14272  14273
606   1459   8826  10446  10477  10478
608  16401  16408  16409  16902  16940  16942
610   1463   6302   9270   9272   9313   9314
611   1470   9270  10099  11643  11644
612   5207   9309   9311   9314
613   5200   5206   5207   6296   6302   6303
614   1475   1476   6303  11640  11641
615   1475   5206   6272  10574  10576
617   1483   6276  13128  14091  14092
618   1487   1483  10099  10100  10577  10579
619   1463   1470   1487  14090  14092
620   9309   9313  13131  14090  14091
621   1476   9848  10573  10574  10577
622   6269   6276  10573  10576  10579
623   8594  10064  16789  16792
624   1497   1498   1499   8592   8594
625   9092  10060  12206  12950  12953
627   1498   9723   9726  10411  10414
628  10408  10410  10411  16755  16783  16784
629   1499   9726  16789  16797  16798
630   9840  10057  10060  16792  16796  16797
631   9723  16779  16780  16783  16796  16798
633  12206  12207  16748  16753  16755
634   1497  10408  10414  12951  12954
635   8592  10057  10064  12947  12950  12951
636   9092   9840  16753  16780  16781
637   8246   8247  10395  14421  14424
638   8250  13924  13925  14283  14405  14406
639  10395  11972  11973  12729  12801  12802
640  13889  13921  13922  14421  15038  15040
642   1542  11972  14840  14843
643   1543  11018  14840  15039  15040
644   1542   1543  12729  14284  14402  14403
645   8245   8247   8250  12801  12803
647  12802  12803  14401  14402  14405
648   7657   8657   8659  10044  10045
649   7652   8659  10665  11421  11422
651   9767  12026  12030  13242  13608  13609
652   9767  10750  12209  12210
653  10750  10939  10940  12030  12032
654  10044  12209  12211  13239  13242
655   7652   7657  13239  13609  13610
659  10938  10939  11425  11719  11720
660   9960  10045  10938  10940  12210  12211
663   1584   1585   5914  11672  11674
664   5911   5914   7399   7466   7467   7470
665   1585   6390   7395   7396   7399
666   1591   1594   7446  10680  10682
667   1591   7395   7397   7467   7469
668   1594   1597   7466   7469   7472
671   1606   7443   8653  10680  10681
672   1584   6390   8650   8653  13980  13982
673  11668  11672  13035  13980  13981
674   1615   7470   7472  11671  13032  13035
676   1618   1606  13032  13981  13982
677   1618   1615   1597   7443   7446
679   1620  11778  11794  15513  15519  15520
680  10856  10859  15516  15519
681  11794  11797  11800  11801
682   1620  10760  10762  10857  10859
684  10860  12390  15513  15516  16588  16590
685   7758   7762  10856  10857  10860
686   7977  10763  12605  12607
687   7758   7763  10759  10760  10763
689  11797  15520  16584  16588  16589
690  11800  12608  16581  16584
692   7762   7763   7977  12390  12393
693  10759  10762  11778  11801  12604  12605  12608
696   1664   4785   5862   8109   8110
697   1671   1664   5224  11416  13182  13184
698   4785   4788   5221   5224
699   1671   1677   1678   5859   5862
700   1679   1680   1681   5859   8110   8111
701   1678   1679   7961  12877  12880
702    264   5221  10871  10873  11413  11416
703    265   1681  10873  11026  11027
704   1677  12877  13183  13184
708  11029  11030  11413  12880  13182  13183
709   1680   7961  11024  11027  11030
711  13208  14848  15974  15992  15993
712  13208  13209  14622  16192  16194
713   5336   5338   5340  16153  16156
715   1714  14619  16153  16193  16194
716  14848  14885  14887  16156  16192  16193
717  14888  16113  16119  16424  16426
718   1720  12907  12912  14619  14622
719   1720   1714   5338  16421  16423
720   5340   8141  14884  14885  14888
721   5862   9227  10855  11738  11739
723   8125   9224  10172  10175  10178  11738  11740
725   7638   8593   8594  10173  10175
726   1739   1499   4785   7638   8607   8608
727   8611   9230  10176  10178
728   1498   1739   1664  10853  10855
729   1741   1497  10853  11739  11740
730   1741   8125   8592   8593
731   1742   1748  11764  13661  13663
732   1752   1742   6211   6212
733   1748   6212  12854  13490  13491  13494
735  11758  11764  13491  14584  14589  14590
736  11969  13386  13387  14589  14692  14693
737  11758  13386  13581  13661  13662
738   8087   8093  11966  11969
739   8088  11966  13387  13578  13581
740   1752   1776   1777  13578  13662  13663
742   8093  13249  13251  14691  14692  14695
743   1777   8087   8088  13245  13248  13251
744   1776   6211  12854  13246  13248
747   1783   1784   1785   1786   1787
748   1788   1789   1792   1793   1783   8401   8403
749   1787   1794   1795   1796   1788
750   1794   1786   1797   1798   1799
751   1799   1795   7348  14213  14396  14397
752   8401   9153   9157  14249  14252  14255
753   1792   9157   9299  11035  11036
754   1796   1789  14394  14397  14400
755  12772  12775  12778  14213  14254  14255
756   1798   7348  10340  12773  12775
757   8403  14252  14399  14400
758   1793   1784  11031  11032  11035
759   1785   1797  10340  10890  11032  11033
760   1817    726   7656   8659   8662
761   1413   1820   7652   7653   7656
762   1824   9143  11363  11594  11595
763  11360  11361  12284  13292  13294
764   1817   1820  11591  11592  12280  12281  12284
765   1831   1833   9139   9140   9143
766    727   1824   1831   8662  11420  11422
767   1833   6780   6949  10668  11420  11421
768   6948   6949  10348  13295  13297
772   6780   9140   9141  13291  13292  13295
773   1845   1846   9893   9896   9899
774   1847   1848   9899  11427  11429
775   1846   1847   8831  16519  16550  16551
776   9436   9437   9440  16519  16522
777   1831   8921  16522  16549  16550
779   1868   9140   9142   9894   9896
780   1848   8831   9440   9441
781   8921   9143   9219   9437   9438
782   9139   9142   9219  11430  11432
783   9436   9438   9441  11426  11429  11432
784   1833   1845   1868  16549  16551
786   6227   6229  13655  14114  14115
787   6227   8260  12592  12595
788  12591  13216  13250  13251
789   1890  13421  14113  14115
790   1890   6229  12588  12595  13213  13215  13216
791   1894   8260   8262  13655  13658
792  13215  13247  13248  13417  13420  13421
794   8087   8089   8262  12588  12591  12592
795   1902   1903   1894   8088   8089
796   1777   1902  13420  13423
797   1903  13417  13423  13658  14113  14114
800   6062  12753  12755  15464  15495  15496
802   1919   6423  12749  12750  12753
803   6062   6069  12558  12957  12959
804   1927   6069  12749  12752  12755
805   1927  12957  15622  16261  16263
807   7564  13168  14343  14346
808  10821  14343  15462  15494  15496
809   1919  10825  15620  16204  16261  16262
810   6423  10819  10825  15462  15464
811  12959  13167  13168  16201  16262  16263
813   7564  10819  10821  16201  16204
814  12750  12752  15620  15622
815  12558  13167  14346  15494  15495
816   5091   5092   6545  14848  14851
817   1957   5097   6545  14553  14555
818  14552  14553  14851  14886  14887
819   5091   5097   6457  10605  10606
820   5092  10605  16191  16192  16195
823   8219  14558  14885  14886
824   8219  14281  14403  16151  16156  16158
825   1957   6457  14280  14406  14407
829   1980    150  10700  11662  11663  12498  12499
830   1984  12499  12503  12506  12509
831   1985   1986   9203   9208  10360  10363  10366
832   1989   1985  12503  12504  12507
834   1984   1980   9203   9206   9209
835   1991  10366  10699  11665  11666
836   1992   9963  12498  12507  12509
837   1100   1991   1986   1989   1992
838  13139  14260  14288  16809  16812  16813
840   2003   6555  12801  13916  14290  14291
841   2004   2006  13102  14256  14257  14260
842   2007   2010   2004  11972  11974
843   2006   2012   2007  13136  13139
844   6555   8832   8834  10392  10395
845   2003   8834  16806  16813  16814
846   2010  12729  13102  13103
847   2020   8832  13136  16812  16814
848   2020   2012  10392  11973  11974
852   9911   9912  15815  16758  16773  16774
853   9907   9912  16466  16863  16865
854  15815  15818  16466  16482  16483
855  11875  15818  16774  16775
857   6933   8923   8925  16758  16759
858  12601  12602  16759  16773  16775
859   6932   8795   8796   8924   8925
860   8792  16480  16860  16862
861   8923   8924   9907   9908   9911
862   1149     50   8791   8792   8795
865  13859  16513  16515  16694  16701  16702
866   5072  11275  13855  13856  13859
867  11286  11287  12692  16510  16512
868   4975   9377  11274  11275  11581  11582
869   2069   4971   4975  11286  11288
870   2069  11576  11582  11939  11940
871  10262  11287  11288  11938  11939
872  10262  15269  16509  16512  16515
873   5072   9377  16694  16697
878   2078   5911   5916  15630  15633  15634
879   2083   2084   2078  11343  11349  11350
880   2083   5916  11671  12759  12762
881   2092   2084   6212  12756  12759  12760
882  12760  12763  12852  12854
883  11343  11346  11347  13491  13493
884   2092   1748  11347  11350
885  11342  11673  11674  15633  15644  15645
887  11346  11349  15634  15641  15642
888  13490  13493  13496  15639  15642  15645
890   5541  12553  12556  12958  12959
891   9105  10249  10251  12553  12558  12559
893  11331  11332  12556  12559
894   8542  10323  10325  12957  12958
895   5541   8542  11332  14776  14779  14782
897   9105  11154  11331  14515  14778  14779
898   6069  10323  12216  12249  12250
899  10267  11289  11290  13392  13398  13399
900  13396  13399  16683  16686  16689
901  10264  10267  16670  16684  16686
902   2137   2141  12918  13090  13091
903   2137   6350   6351  11289  11291
904   2141   2145  10264  11290  11291
906  12354  12357  12919  13087  13088
908   2154  12354  12355  16673  16687  16689
909   6346   6347   6350  13085  13088  13091
910   2154    896  13392  13395  13396
911   6346   6348   6351  13395  13398
912   2145  12915  12918  12919  16667  16670  16673
913   9071   9073  11480  15883  15904  15906
914  11479  15532  15704  15900  15901  15904
916   7502   7504  15877  15880  15883
917    757   7503   7504   9072   9073
918    756   7502   7503  15445  15707  15709
919  15703  15709  15880  15901  15903
920    752   2179   2180   7488   7489
921    231   2180  15529  15532  15535
922   2179    755  15445  15534  15535
923    758   7487   7488   9071   9072
925   8494   8497  12822  12824  14757  14759
926   7920   8499  12821  12824  12827
927   7921   8496   8497  14053  16018  16020
929  14753  14759  15997  16019  16020
931   8970  14051  15995  16018  16019
932   2211  14754  15995  15997
933   2215   8973   8975  12825  12827
934   2216   8969   8975  14051  14053
935   2215   2216   7917   7920   7921
936   2219   2220  14753  14754  14757
937   2221   2211   2219   8969   8970   8973
938   2220   2221  12821  12822  12825
940   2222   2224   1606  11481  11483
941   2227   2222   7443  11300  11302
942   2224    233   2229   8653  12658  12660
943   2230   2231   2232  12228  12658  12659
944   2229    218   2234   2230
945   2227   2235   2236  11481  11482
946  11303  11305  12227  12228
947   2232   2238   2235  11299  11302  11305
948   2236   2238   2231   2234    234
949   2244   6404   6405   9853  10102  10103
950   9850   9853  15671  15676  15677
951   2244   5870  15676  15697  15698
952   2251  13648  15092  15095  15096
953   2254   2255   6404  13644  13645  13648
954   1036  15092  15098  15099  15677  15700  15701
956   5870   6405   7544  13645  13647
957   1030   2261   2251   2255   2262
958   2262   2254  10102  10104
959   2261   1035  15095  15098
960   1441  15148  15386  16243  16245
964  11742  15388  16188  16243  16244
965  11111  11114  15386  15388
966   1741  12951  15150  16190  16244  16245
968  10414  10853  10854  11317  11318
969  11737  11740  16188  16190
970  10470  11317  16408  16410
971   6167  12656  15673  15698  15699
972   2286   2287   2288  12650  12653  12656
973  12650  12651  15673  15676
974   2215   5867   6164  15697  15699
976   2299   5867   5870   7920   7923
977   2286   2301   7917   7923   7924
978   2301   2244   2299  12651  12653
979   2302   2287   7921   7924
980   2302   2216   2288   6164   6167
982   8896   8897  10250  12246  12248
983  11659  11660  12247  12248  16097  16103  16104
984  11566  11568  13978  13997  13998
985   9585  11562  11568  11654  11657  11660
986   5659   7569  11050  13994  14220  14221
987   5659   7038  11154  16100  16103
989   7038   7569   7570  10250  10251
990  11562  11566  16101  16104
991   7570   8896   8898  11046  11048  11050
994  11974  13804  14094  14838  14843  14844
995   2333   2334   2007  13800  13801  13804
996  12712  14116  14118  14838  14840  14841
997   9313   9418  12712  13551  13553
998   9309  11054  11057  11060  13421  13552  13553
999   1890   2343   8193  11058  11060
1000   2345   2004   2334   8193   8195
1001   9418  14089  14090  14841  14844
1004   2333   8195  11054  11055  11058
1005   2010   2345   2343   1542  14112  14115  14118
1006   8924  11025  11027  12419  12421
1008   2358   9908   9910  10876  11025  11026
1009    274   2362  10873  10876
1010   9907   9910   9913  16075  16078
1011   2358   2362  16075  16170  16171
1013   8929   9911   9913  10591  10593
1014  10587  10588  10591  12422  12424
1015    261   1681  12418  12421  12424
1016   6862   6864   8950   8951
1017   8950  11711  14388  15537  15539
1018   6864  11708  11711  12068  12069
1019   2384   2385   8752  10124  10125
1020   2389   8752  10900  12065  12066
1021  11708  13719  14059  15503  15537  15538
1022   2389   2384   6868   8951  14388  14390
1024   2385  14390  15500  15538  15539
1025  10125  14057  14061  15500  15503
1027   6862   6868  12063  12066  12069
1029  14802  14803  15375  15389  15390
1030   2406   2407   2408   8039  12848  12850
1031   2411   6309   8039  10159  10160
1032   2220   2413   2414   6309  14232  14799  14800
1033   2221   8316  14226  14229  14232
1034   8314   8320  14228  14229  15389  15391
1035   2411   2414   2421   2406
1036   2422  12848  15372  15390  15391
1037   2422   2408   8320  12821  12823  12826
1038   8314   8316  12825  12826
1039   2407   2421   2413  12822  12823
1041  13258  15894  15895  15987  15988  15991
1042  11372  14338  15832  15895  15896
1043  15778  15832  15977  15991  15992
1044   7563  14338  14343  15772  15775  15778
1045  11367  11369  13258  15458  15459  15462
1046  11366  11367  15894  15896
1048   7563  10821  11366  11369  11372
1050   2445   2219  14230  14232
1051  10463  13507  13509  14226  14227  14230
1052   2455   8315  14227  14229
1053   2455   5568  10010  10461  10463  10466
1054   5564   5568   8315   8316   8973   8974
1056   5564   5570  10010  15861  15864  15867
1057   2463  15842  15865  15867
1058   2463   5570   8969   8971   8974
1059   2211   2445  13506  13507  13510
1060   8970   8971  13510  15838  15839  15842
1061   2470   1459   2471  10462  10463
1062   2471   8826  14029  14227  14228
1066  10462  12296  13509  14586  14693  14694
1067  12808  12809  14586  14589
1068   2488  13507  14692  14694
1070   2470  10446  12296  12809  12810
1071   2488  11969  14230  14798  14799
1073   7001   7798  11858  15002  15004
1074   4967  13176  13951  14999  15001
1075   2497   1355   7798   7801
1076   1356   2497   6831   7000   7001   7004
1077   1354   7801  11204  11858  11859
1078   1349  11204  13845  13954  13955
1079   4967   6827   6829   7004   7005
1080   1357    906  13839  13842  13845
1081   6439   7656   7657  14358  14580  14581
1082   2506    739   8214  10047  10048
1083    733   8214   8657   8662   8663
1085   6439   9552   9554  10043  10044  10047
1086    738   2506   9548   9549   9552
1087    737   9549  14359  14577  14578
1088   1817    736  14355  14358  14359
1089   9774  14881  15041  15043
1090   6990   6991   9774  13765  13827  13829
1091   5996   7404  13892  13920  13921
1093   2530   5994   7404  13761  13762  13765
1094   2533   2535   2536   5994   5996
1095   2537   2533   5577  13920  13922
1096   2536   2537   5987   6987   6988
1097   6986   6987   6990  14877  14878  14881
1099   5577   5987  14421  14878  14880
1101   2530   2535   6986   6988   6991
1105   9246   9283   9285   9287  10328  10329
1106   2555   5603   9246  11168  11430  11431
1108   5603   9894   9895  12287  12290  12293
1109   8645   9898  11427  14768  14770  14772
1110   6514   8638   8645  10400  12291  12293
1111   2555   9287  11575  12288  12290
1112   2563   5459   8238   8241   8244
1113   2570   5460   8046   8048   8240   8241
1114   8243   8244  12769  16220  16237  16238
1116   6968   8015   8047   8048  10554  10555
1117   2583   8046   8047  12467  12469
1120   2563  10571  10572  16216  16217  16220
1121   2589  12467  12769  12770
1122   5459   5460  10566  10569  10572
1124   2570   8015  10568  10569
1125   2589   2583   8238   8240   8243
1126    222  10956  10958  10968  11510  11511
1127    221   9020  10955  10958  10961
1128   7700  11604  16038  16041
1129    223   7698   7700  10965  10968
1130  10504  10965  11511  15939  15940  15943
1132   7698  10504  16041  16046  16047
1133   9019   9020  11601  16038  16047  16048
1135   9019  10961  16010  16013  16016
1137  10955  10956  15920  16014  16016
1140   2621   2622   7738  14083  14085
1142   2629   7738  11358  11495  11498
1143   8515   8520   8855  10256  10257
1144   8849   8855  14591  14593  14596
1145   8520  12050  13728  14596  14597
1146   8905  14076  14084  14085  14593  14594
1147  10253  10254  12646  14076  14079
1150   5249  11352  11353  11498  12644  12646
1151   2629   2622  12573  13723  13725
1152   2621  13722  13723  14591  14594  14597
1154   5249   8516  10252  10253  10256
1156   9959  10938  13065  13867  13868
1157   5083   8598   8602  13065  13068
1158   2661   8408   8602   8604  10048  10049
1160   5081  11533  13068  13866  13867
1161   8598   8604   8663   9959   9960
1162   2669   2661   5081   5083
1163   2669   8408  11532  11533  12213  12214
1164  10043  10049  12208  12211  12214
1166  10515  11337  12852  13218  13246  13247
1168  11059  11060  13215  13218
1170   2682   2683   5207   6211  12760  13048  13049
1172   2682   9314  13550  13553  13556
1174   1776   2683  13420  13555  13556
1175  10510  11337  12763  13047  13048
1177   1070    859   2690   2691   2692
1178   2692   1065   1075   5266   5269
1179   7957   9130   9131  16092  16254  16256
1180   2690    860   6495  16247  16249
1181   2691   5266  16095  16247  16254  16255
1183   8304   8306  16249  16255  16256
1185   7957   7959   8300   8301   8304
1190   6495   8300   8303   8306
1192   7661   7959   9125   9127   9130
1193   2726   8761  14706  14791  14792
1195  13639  13640  14708  14792  14793
1196    465   2731   2726  10697  11663  11664
1197  11666  11667  13015  13638  13639
1201   1107   2731    466    872
1202   9483   9892  14374  14559  14562  14565
1203   9229   9890   9892  10177  10178
1204  10704  11741  14559  14563  16184  16185  16188
1205   9890  11434  11435  14563  14565
1206  11437  11438  11737  11738  11741
1207   8125  14182  16184  16187  16190
1208  10174  10175  14182  14374  14375
1212   2758   6793  15127  15736  15738
1213  13053  13054  15729  15737  15738
1215   2770  12718  13059  15729  15732
1216   2775   1594  13053  13056  13059
1217   1597   2776   2758  13054  13056
1219   5291   5293   6790   6791  12716  12718
1220  12716  15125  15732  15736  15737
1221   2776   6788   6790   6793   7471   7472
1222   2775   2770   5293   7468   7469
1223   6788   6791  15125  15127
1226   8600  13065  13147  13356  13358
1228  13142  13145  13356  16808  16815  16816
1231  13358  16524  16815  16817
1232   8600   9959  11425  16524  16552  16553
1233  16553  16554  16805  16816  16817
1234   6375  11718  11719  16552  16554
1235    994  13058  15729  15770  15771
1236  13053  13055  13058  13785  13787
1237   4895  10276  15735  15738  15741
1238   4889   4895   4896   7667  13054  13055
1239   4889   7509   7510  10276  10278
1240   7258   7510   8323  16503  16506
1241   7257   7258  10278  15741  15767  15768
1242   7667   8324  13787  16503  16527  16528
1246   4896   7509   8323   8324
1249   2836  10458  15061  15063
1250   2837   4696  10504  15064  15066
1251   2840   2837   7147   7698   7699
1252   7141   7146   7147  16886  16893  16894
1253   2836   1242  11090  16889  16892  16893
1254   2840   4696  11093  16892  16894
1257   7091   7092  16886  16889
1258   7091   7146  13547  13549
1259   2853   9895   9896  10878  11028  11029
1260   7960   7966  11028  11030
1261   8934  12290  13185  13292  13293
1262   1868   2853   6780   7965   7966
1263  10878  11413  12292  12293
1265   5603   8934   9141   9142
1267   2867   2868   8003   8010  12491  12494
1268   8010  12191  13904  16271  16274
1269   2868   2871  12188  12191
1270   2877   2878   6674  15567  15569
1271   5789  15566  15567  15570  16456  16459
1272   2878   2883  16456  16472  16473
1273   5788  12487  12491  15570  15572
1275   2888   2871   2867   5788   5789
1276   2888  12188  16274  16459  16471  16472
1278   2877   2883  12036  13907  13909
1281  16203  16206  16695  16698
1282  15758  15759  15762  16264  16266
1283  14466  15594  16206  16264  16265
1284  14466  15529  15530  15533  16692  16697  16698
1285  15530  15594  15704  15759  15760
1286   5070   5072  10108  14962  15122  15123
1287   7213  10108  11451  16203  16265  16266
1288   9377  14962  15448  15533  15534
1289   5070   7213  16692  16694  16695
1293  11451  15123  15686  15762  15763
1294   2924   2925   5206  12759  13051  13052
1295   2682   2926   6299   6302
1296   2930   2924   6300   6303
1297   2930   2931   2932   2084   2925
1298   2932   2933   2934   1742   2092
1299   2935   2926   2683   1752   2934
1300   2933   2931   2935   6296   6299   6300
1302   5087   8474  12344  14775  14787  14788
1303   9441   9442  12344  12346  14967  14969
1304  11429  12346  14772  14775
1305   6971   8474  14966  14967  14970
1306   9218  10554  11170  11431  11432
1311   2956   8015   9218   9438  13514  13516
1312   6965   8045   8047   8050  14970  14972
1313  13517  13519  14966  14969  14972
1314   8050   8051  13513  13516  13519
1315   2956   8045   8048   8051
1318   2967   8689  11191  12284  12286
1319   2972   2977   7720   7723
1320   2978   2972  12286  13187  13293  13294
1321   2977   2980   2981   2967   2978
1324   9396  11191  11361  11362
1325   9287   9990   9991   9994
1326   2980   7720   9991   9993  11573  11575
1330   7723  11573  12288  13185  13187
1331   2555   8934   9994   9996  11360  11362
1332   2981   8689   9396   9990   9993   9996
1333  11823  12146  12149  12150  12790  12791
1334   3000   7878  12150  12153
1335   3000  11822  11823  13664  13666
1336   4993   6109   7858   7859  12149  12152
1337   7858   9152  10714  10717
1338   4993   8812   8815   8818
1339   7878   8812   8816  13666  14171  14172
1340  11612  11827  13664  14170  14171
1341   7504   9422   9428  12411  12414  12417
1342   2287   3016   7502  12415  12417
1343   3019   6276   9424  12412  12414
1344   3021   2286  12411  12412  12415
1345   3019   3021  10579  12652  12653
1346   8790  10575  10576  15804  15807  15810
1347   9427   9428  15807  15881  15883
1349   3016   2288  15752  15878  15880
1350  12655  12656  15752  15809  15810
1352   3036  10885  12268  12621  12624
1353  12621  13324  13325  14902  14903
1354   3036  13324  13326  13857  13858
1355  10882  10885  13855  13858  13861
1356   7768  12269  12624  14901  14902
1357   7766   7768  16541  16544  16547
1358  13325  13326  16498  16510  16511
1359   7766  10170  10882  12268  12269
1362  14901  14903  16498  16542  16544
1363   4996   8817   8818  10221  13957  13959
1364   3069   4996  12152  12675  12676
1365   7307   7876   8816   8817
1366   7876   9914   9915  12153  12672  12673
1367   7307   9915  10221  11636  11637
1368   3077   6897   9920  12671  12672  12675
1369   6897  11634  13960  13962
1370   3077   3069  13956  13959  13962
1371   6742   8488   8489   8588   8590
1372   1352   3082  10521  10745  10750  10751
1373   3082   9767  11559  11692  11694
1374   9480  11681  12695  12697
1375   6742   9477  10523  10751  12212  12213
1376   9475  11681  11692  11693  12208  12209  12212
1380  11555  11693  11694  11992  12695  12696
1381   8584   8587   8590  10521  10523
1382   9933  10613  10614  13004  13006
1383  10614  10863  10867  14348  14351  14354
1385   9815   9819  10905  16985  16988  16989
1386   9818  10354  16952  16988  16990
1387   9929   9933  10357  16949  16952
1389   3117  10867  10869  12635  13004  13005
1390   3121  10863  10869  10905  10908
1391  10354  10357  12632  13005  13006
1392   3121   3117   9819   9821
1393   9815   9818   9821  12632  12635
1397   3128    269   5221   9348   9350
1398   3129   3130   7641   8606   8607
1399    268   3128   1337   3132   3129
1400   3132   3135   3136   3130   5465   5466
1401   1739   5224   9348   9349   9725   9726
1403   3135  16791  16800  16801
1404   3136   7638   7641  16787  16789  16791
1406   5466   5950   9725  16795  16798  16801
1409   2731   1089   1381   3146    472
1410   3146   1365    486   5296   7401   7467   7468
1411    485   7395   7401  13121  13123
1412   5293   5296  12074  12501  12502
1413   3154   2770  12496  12499  12502
1415   1591   2775   3154   1980    148
1418   2726    484  13117  13118  13121
1419   9625   9628  16672  16687  16688
1420   6862   7893  13700  16669  16684  16685
1421   6712  13699  13705  16667  16669  16672
1422   6712   9628  11851  12094  12095
1424  12063  12067  14154  14157
1425  11851  13703  13705  14157  14324  14325
1426   6868   7893   7895  10306  10307
1428  10306  10308  12066  14154  14325  14326
1429   7050   9625  10307  10308  12095  12096
1432  12067  12069  13699  13700  13703
1433  16110  16111  16369  16371
1434  11947  12190  16365  16366  16369
1435  11947  13923  13925  16032  16110  16112
1436   5577   8246   8248  16887  16890
1437   9703  16029  16091  16111  16112
1438   8245   8248   9705  16029  16032
1439   2537   7096  16884  16886  16887
1440   2533   7091   7096  12193  16366  16368
1441  12190  12193  13919  13920  13923
1442   1243   9703   9705  16884  16889  16890
1443  15266  16515  16545  16556  16557
1444   6864  12174  12540  12541  13700  13701
1445  12530  13701  16669  16670
1446  10260  10262  10264  12530  12539  12541
1448   7893   8951  16538  16559  16560
1450  10260  10267  16495  16511  16512
1451   8950  12174  15272  16555  16556  16559
1452  16495  16538  16542  16543  16685  16686
1456   3229  10977  13100  14149  14271  14272
1458  10010  10976  10977  11000  11005  11007
1459  10466  11005  11126  11127  11206  11207
1460   2470   1436   7869   9825  11207  11208
1462   1397   3229  11007  11129  11130
1463   2471   2455  13097  14146  14149
1464   5568  10976  13097  13100
1467  10461  10462  11206  11208
1468   7870   9825  11125  11126  11129
1471   3252   1848   6013  12346  16890  16895  16896
1472   2836    570   3253   8080   8083   8086
1473   8080   8081   9703  16853  16856
1474   8086   8642   9898   9899  16850  16853  16854
1475   3252   1847  16854  16857
1476   3253   6512   8642   8645
1477   6013   9705  16850  16856  16857
1478   3264   9884   9885  12186  12188  12190
1479   2868   5999  14035  14133  14134
1480   2871   3264   3269  14128  14131  14134
1481   5993   7402   7404  14032  14035  14036
1482   5993   5996   5999  12186  12191  12193
1483   3272   7406  14036  14130  14131
1484   9879   9884  13891  13923  13924
1485   3272   3269   9879   9882   9885
1486  13023  14060  15503  15554  15555
1487  12911  13209  15554  15556
1488  12911  13023  13283  14622  14725  14726
1490  10607  13585  14722  16195  16197
1493   5092   5093  13208  15500  15555  15556
1495  10123  13584  13585  14061  14063
1496   5093  10123  10125  10605  10607
1497  13283  13589  14057  14060  14063
1500   7446  11300  11301  13055  13056
1501  10212  10685  11303  13809  13810
1502   9203   9204  10212  10215
1504   3154   1984    986  13058  13059
1506  11299  11301  13787  13808  13809
1507   3314   7314   7315  16799  16801
1508   7317   7318   9253   9839  16780  16782
1509   7312   7315   7318  14207  14295  14296
1510   3314   5466  14204  14207
1511   3325   7722   9342  10114  10115
1512   3325   9255  16779  16782  16785
1513   7722   9728  16783  16785
1514   9253   9255  10115  14294  14295
1515   5317   9839  16795  16796  16799
1518   5096   6545   6765  14827  14830  14831
1519   1620   3272   3339  14452  14455
1520   3339   3269   8070  10761  10762
1521   3342   3343   3344   5096   5097
1522   3344   1957   9879   9880   9883
1523   3348   3342  14830  14833
1525   8071  10760  10761  14827  14833  14834
1527   3343   3348   8070   8071   9883   9885
1528  10857  10858  14831  14834
1529   6765  10858  10859  14455  14553  14554
1530   8193   8194  10580  10581  10584
1531   6783   7290  10584  10585  16963  16965  16967
1532   6783   9051  13213  13218  13219
1533   7290   8194   9051  11058  11059
1534  10526  12884  16965  16973  16974
1535  13216  13219  16967  16976  16977
1536   2343   6229  10528  10581  10582
1539   3372   3373  12803  13913  13916
1540  13103  13104  14402  16155  16158
1541   9054   9056  14724  16155  16196  16197
1544   3381   3382   6460  10606  10607
1545   3373   3383   6460  14405  14407
1547   3382   3385  12157  13585  13587
1548   3385   3381   3383   3372   1212
1550   9755  12413  12414  12894  13222  13223
1551   7221   7223  14089  14092  14095
1553   7218   8049   8051  11075  12412  12413
1554   1483   3019   7217   7218   7221
1555   7549  13518  13519  13806  14094  14095
1557  11075  12894  13515  13516
1558   7217   7223   7549   8049   8050
1560   2141   3406   3407   3408   8853   8855
1561   3408   3409  11285  11288  11291
1562  10025  10026  14591  14592  14595
1563  12582  12584  14592  14593
1564    379   3416   3406  14595  14596
1565   2145   8849   8853  12530  12583  12584
1566  10026  12535  12538  12541  12582  12583
1567   3407   3416   3409  11934  11936  11939
1568   3419   3420  10354  11216  11218
1569  10526  13285  16956  16991  16993
1570   8135  11216  12843  13288  13289
1572  16965  16968  16987  16988  16991
1574   3419   9818  14637  16968  16972  16973
1575   3420   8135  10673  14637  14640
1576  10673  12884  12886  13284  13285  13288
1579   8853  10257  12918  12921
1580   8902   8905  12581  12584  12587
1581   6710   8907  12587  13704  13705
1582   8902   8907   9403   9406  10254  10255
1583  11517  12359  16672  16673
1584   6710   6712   9403  11517  11519
1586   9406  11519  12359  12919  12922
1589    239  14465  14471  15530  15532
1590   3461   2235   8324  14165  15595  15597
1594  11477  11481  15904  15905
1595   2227   3461   4896  15900  15902  15905
1596   7509  15760  15761  15901  15902
1598   2236    237  14165  14470  14471
1601   8323  15591  15595  15759  15761
1603   2629   5643   9260  11488  11490
1604   5643   7738  16484  16485  16488
1605  12249  12754  12755  16445  16450  16451
1607   9260  13012  13013  16451  16488  16489
1608  11490  13007  13013  13812  13813
1609  12752  13009  13812  16505  16530  16531
1610   1927  10323  16505  16508
1611  11495  12217  12250  16450  16485  16486
1614   3500  12983  13658  13964  13965
1615   3500   3501   1894   6312  10159  10161
1616   2411   5341   8260   8261  16423  16437  16438
1617   8140   8141  12980  13964  13966
1618   3516   8043   8140  16426  16440  16441
1620   6309   6312   8261   8262
1622   3516    848   3501  12980  12983
1624   5336   5341  13655  13965  13966
1625   8038   8039  16436  16438  16441
1627   9992   9993  10187  11771  11772
1628   9283   9991   9992  10117  12167  12170
1629  11767  11771  12170  13025  13026
1631  10112  10115  12167  13026  13027
1632   3533   3325  10185  11769  13025  13027
1633   3534   3533   7718   7720   7722
1634   2980   3534  10180  10185  10187
1636   4964   4967  11823  11825
1637  12671  14653  14656  16756  16759  16762
1638  12149  12676  16762  16776  16778
1639   4964  12150  12673  14656  14999  15000
1640  11871  11876  12790  12792  16772  16775  16778
1644   1353   3082  11204  12030  12031
1645  11560  11691  11694  14610  14809  14810
1646   7801  10083  12641  12642  14607  14610  14611
1647  11547  13611  13612  14611  14806  14807
1648  13536  13540  14804  14807  14810
1649   9054   9059  10580  10583  11042  11044
1650  10530  10582  10583  16151  16153  16155
1651  13287  14619  14726  16956  16958
1652   1714  10524  10530  13285  13287
1653  10585  11044  16984  16991  16992
1658   7867  12347  12348  16843  16845  16848
1659  11371  12175  12177  15893  15896  15899
1660  11162  14297  14298  15897  15899
1662  11367  12353  15787  16847  16848
1663  12176  12177  14298  14427  14428
1664  15787  15792  15793  15893  15894  15897
1665   3574    271   3575  10214  10217
1666   9259   9265  10214  11489  11490
1667   3130   3579  13573  13723  13724
1669   2622   3579   5643   7641   9488  10173  10174
1670   3574   8609   9265   9490  10176  10177
1671   3575    272  12571  13570  13724  13725
1672    273   3129  13570  13573
1673  13399  13870  13871  16495  16498
1677   3594  13329  13398  13873  13874
1679   4976  12692  13323  13326  13329
1680   3594   4976  11285  11286  11289
1682  10566  11359  11362  11365  11584  11585
1683   3603   3604  10569  11365  11595  11596
1684   3605  10572  11216  11584  11586
1686   8691  11191  11592  13000  13003  13006
1687   3611   3419  12632  15428  15430
1688   3420   3605   3611   5457   5459   5462
1689   3603   5462   5463  15424  15425  15428
1690   3604   5457   5460   5463
1691   8691   9396  10357  11218  11585  11586
1693  11444  11445  16084  16173  16174
1694   3618   1989   3619   9514  14571  14574
1695   3619   1992  11991  12698  12699
1696  12698  12700  14568  14570  14571
1697   1986   3618    294   3622
1698   3622   1991   7393  16082  16172  16173
1701   2926   7306   7307   9860  13554  13556
1703   2934   3628  13660  13663  13666
1704   3628   2935   7306   7876   7878
1706   8812   8814   8817   9857   9860
1708   6955   6957   9857  13423  13554  13555
1709   1902   6957  13578  14174  14175
1711   7009   7823   8114   9229   9230
1712   3640   2251   5859   9227  11437  11439
1713   2262   6363  11624  11627  12198  12200
1714   7008   7009  11628  12198  12423  12424
1715   7823  11434  11624  11625  11628
1716   2255  11433  11439  11625  11627
1717   3649   1680   5177  12420  12421
1718   3649   1029   2261   3640   1679
1719  10950  14086  16787  16792  16794
1720  10060  11566  11567  14185  14191  14192
1721  11564  14086  14087  16104  16144  16146
1722   7602  14078  16144  16145
1723   5317   5324   7602  14185  14188  14189
1724   5324  14078  14087  16794  16799  16800
1725  14188  14191  16101  16145  16146
1727   9839   9840  14189  14192
1731   3673   3674   3675  16454  16459  16460
1732   3681   3673   5789   5794   5795
1733   3682   3683  16457  16460
1734   5386   6409   6410   6413   7110   7111
1735   3692   3693   5386   8074   8075
1736   5794   7107  15563  15570  15571
1737   3695   8074  15564  15567  15568
1738   3682   3675   6409   6412   6415
1739   3693   3699   3683   6413   6415
1740   3674   3681   3700   6410   6412
1741   3695   3699   3692  16454  16456  16457
1742   3700   5795   7105   7107   7110
1744   2003   3704  16478  16857  16860  16861
1745   1846   8794  16854  16861  16862
1747   5451   8792   8794  16548  16551  16554
1749   3252   3704   8828   8831   8834
1751   8828  16517  16519  16811  16814  16817
1754   5211   5214   7762  10767  10768
1755  10169  10483  10882  11387  11388
1756   3725   5214   9722  10483  10485
1757   7767   7977  12266  12269  12272
1758   7763   7766   7767  10768  10769
1759  12271  12272  12388  12393  12394
1760   3725  10169  10170  10767  10769
1763  10485  11382  11388  12391  12394
1766   5324   7314   8906  12585  12587
1769   3744   7315  12581  12582  12585
1770   3744   3745   3135   3314  14592  14594
1771   3745  14082  14085  16791  16794
1772   8902   8906  14074  14076  14078
1773   8689   8691   9933   9936
1775   3747  10095  10097  10612  10614
1776   3750    743  14359  14362
1777   3753   3747   3750  13000  13001  13004
1778   3753  10091  10094  10097  14355  14361  14362
1779   1820   1411  14358  14361
1780   1163   3755   2967   9936  10612  10613
1781   3755   1177  12280  12283  12286
1783   6789   6791  11554  12640  12641
1784   5188   7250  15128  15674  15677
1785   9669  12655  15124  15127  15671  15673  15674
1786   3764   6788   6789   9669  10574  10575
1787   3764   1476   8764  12636  12637  12640
1788   9846   9853  10577  12651  12652
1789  11547  11552  11554  15124  15125  15128
1790   2406   7277   7281  16438  16439
1791   2421   7281   8133  10673  10676
1792   5338   5341   6227  10528  10530
1794   2414   8261  10676  12592  12885  12886
1795   7277   7279   8133  13288  13290
1798     94   1720  13284  13287  13290
1799   3775   3778  12259  12260  12263
1800   3781   3775  15932  15935  15938
1801   3778  11323  11521  11522  15936  15938
1803  11461  11462  15932  15933  15936
1804  12259  12262  12265  13086  13088
1806   3781   8387  11209  12263  12265
1807  11209  12108  12110  12922  13086  13087
1809   8387  12109  12110  15933  15935
1811   4975   4978  14362  14576  14577
1812   9550  11580  11582  14576  14578
1813   9307  11580  11581  15533  15535
1814   2179    754   9307   9549   9550
1816  15417  15418  15421  15445  15448
1818  11275  14962  15421  15423
1819   3750   4978  11274  15417  15420  15423
1820   3817   6412  14833  14866  16535  16560  16561
1821   7758  10766  10768  14834  14862  14863
1823   3817   3674   8071   8072
1824   3700   3822   7767   7768  10763  10764
1825   3681   8072  10759  10761  10764
1826   3822   6410  16535  16543  16544
1827  10766  10769  16547  16557  16558
1830   1615   2776  15804  15805  15808
1831   2083   3828   3829   3830   2925
1833   3828   5298   5916   7470   7471
1834   6793   9669  15808  15810
1835   3836   3829   5298   6789   6790
1836  13032  13190  13191  15805  15807
1837   2924   3830   3836   3764   1475
1839  12762  13035  13051  13189  13190
1841   3383  16060  16212  16258  16259
1842   3842  16253  16256  16259  16466  16469
1843   3372   1210  16060  16469  16481  16482
1844   3381   9336  16212  16251  16252
1846   6490   8306  13987  15908  15910
1847   3385   8144   9335   9336  13987  13989
1848   3842   8304  15815  15909  15910
1849   6194   8146  13989  15818  15908  15909
1853  10706  12470  14551  14563  14564
1854   3862   3865  11751  11752  11755
1855   3866   3862   6668  12470  12472
1856   3865   3869   3866  11253  11256  11259
1857   6668  10706  11435  11625  11752  11753
1859   3876   3877   7823   9890  11257  11259
1860   3869   3876   9945  11755  11756
1862   3877   9945  11628  11629
1863   6167  10275  10276  10279  15752  15755
1864   6164   8974   8975  10279  10281
1865   3881   5570  10275  10278  10281
1866   2463   3881   7510  15758  15761  15764
1867   8971  14051  15683  15763  15764
1868   2302   3016  14053  15683  15708  15709
1871   6312   8089  11966  14798  14800
1872   1903   3500   3885   6957   8343   8344
1873   8346   8347  10164  13391  14801  14803
1874  13385  13391  13581  14173  14174
1875   3501    847   3890   3885
1876   3890    821   8342   8343   8346
1877  11474  11725  11726  12810  13115  13427  13428
1882  11205  11208  12265  12295  12296
1883   6346   7520   7523  10496  10499  10502
1884   6350   7517   7520   7872   7874
1885   7868   7874   9825  13089  13091
1886   3899   5997   5999   8007   8010
1888   3901   7143   8007  13547  13904  13905
1889   3905   2536   7096   7143   7146
1891   3906   5993   5994   5997
1892   3906   2535   3905   3901   3899
1893   5340   8217   8219  13963  13966  13969
1894  10795  10797  12982  13967  13969
1895  11979  14457  14557  14884  14886  14889
1897   7319   9926   9927  12978  12980  12982
1898   6173   7321   9927  11979  11981
1899   6173  10798  14454  14457
1900   8140   9926  11981  14888  14889
1901   3921   1351  10521  11534  11535
1902   1350   3921   3922  13843  13845
1904   3922  11530  11534  13862  13863  13866
1905   3924   6987   6989   8477   8478
1906   3928   3929   8477  16891  16894  16897
1907   3931   3932   3928   7144   7147
1908   3933   7141   7143   7144
1909   3905   3935   3931   3933   6988   6989
1910   5987   8478  16887  16896  16897
1911   3932   3935   3924   3929
1913   5659  10727  10732  14380  14381  14384
1914   7569  11984  14370  14381  14382
1915  11050  11053  11978  11981  11984
1918  11978  11979  14370  15526  15528
1919   6173   6176  13070  15522  15523  15526
1920   3955   6233   8341  13070  13072
1921  10728  13072  14384  15523  15525
1922   9927  11053  12308  14220  14222
1923   3955   6176   7321  12305  12308
1926  10731  10732  13994  13996
1928  16029  16061  16469  16856  16863  16864
1929   3842   7957   7958   9912   9913
1930   8085   9910  16853  16864  16865
1931   8080   8082   8085  16075  16086  16087
1933   7958   9130  16078  16085  16086
1934   3966   9795   9798  14036  14039
1935   3971   3966  10647  10652  10653
1936    800   3971   9798  13761  13763  13766
1937    796   6128   6131  13765  13766
1940   2530   3906   6128  12661  12662
1942   5997  12661  12663  14035  14038
1943  10650  10653  14032  14038  14039
1944   7415  12903  12905  15792  15794
1945   7415   8280   9250  11587  11589
1946   9245   9246   9994  11587  11588
1947  10742  11162  12167  12904  12905
1948   8280   8283  12170  12903  12904
1949   8283   9990   9992  11588  11589
1950    284   2362   3991   3253  15692  15695
1951   3991   8638   8642  10871  10876  10878
1952   3128    290  15692  15747  15748
1953   7323   7702  10795  13823  13825  13828
1954   3971   3995   3955  14709  14794  14795
1956  13453  13928  14711  14795  14796
1957   7702  12829  12831  13453  13456
1958  13456  13766  13827  13828  13927  13928
1959   3995   6176   9798  10798  10799
1960   7319   7323  12308  12829  12830
1961   1824    728   4002   8920   8921
1963   9218   9219  10568  11363  11365
1965   4002    729  11070  11073  12894  12897
1966   3604   2570   2956  11070  11075  11076
1967    730   3603  11073  11076
1968   8920   9437  12897  13514  13515
1969   2078   4013   1361   4014   3828
1970   7399   7401  13439  13707  13708
1971   4017   1367   4013  13710  15634  15637
1972    473   3146   1366   4017
1973   4014   1364   5291   5296   5298
1974   5914  13439  15633  15636
1975   7038   9105  14381  14383
1976  13165  13169  14346  15773  15775
1978  14367  14370  15773  16068  16071
1979  10249  10250  15495  16124  16126
1980   7570  11984  16068  16125  16126
1981  12559  13169  13170  14367  14382  14383
1983   4028  13856  13858  15413  15422  15423
1984   3036   4030   3117   4031   4028
1985   4030  10869  13323  13324  13327
1986   4033   3747  10867  13327  13329
1987   3753   4033   4971   4976   4978
1988   4031  12635  15413  15429  15430
1990   3775   7481  13493  14587  14590
1991  11347  11764  12452  13430  13432
1992   3778   7481  11346  12455  12456
1993  12263  12295  14584  14586  14587
1999  11564  11660  14181  14184
2000  12245  12248  16447  16450
2001  14082  14083  14086  14184  16485  16487
2002   4049   5266  16457  16475  16476
2003   2692   4049   3699   8232   8234
2004   3692   5755   8234   8589   8590
2006   3695   2878   5755   6739   6742
2008   2883   1225   6739   8489   8490
2009   4060   6582  14625  14629  15998  16000
2010   6583  15994  15997  16000  16970  16975  16976
2011   4060   6781   6785  13200  13219  13249  13250
2014   6781   6787  16967  16970
2015  13510  14631  15994  15995  15998
2016  13200  14629  14695  14697
2017   6582   6583   6785   6787
2018   2445   2488   8093  12591  14754  16975  16977
2020    763   7503  11073  12416  12417
2021  15122  15421  15422  16021  16023
2022   4074  15428  15429  16017  16020  16023
2024   4074   5462   8495   8497
2025   5463   7924   8495   8496  11076  12415  12416
2027   9919  12672  14656  14702  14703
2028   3628   2933   3000   4964   7005   7006
2029   6299   7306   9272   9915   9916
2030   6300   7003  11640  14699  15002  15003
2031   2931   7000   7003   7006
2033   4090   4091   7942  12750  13008  13009
2034   2232   4094   7939   7942
2035   4091  14168  15597  15620  15621
2036   4090   4094   2238  14165  14168
2037  15595  15621  15622  16501  16503  16505
2038   7939  11305  13008  13807  13809  13812
2039   3461   7667  11301  11302
2043  12780  12781  16698  16703  16704
2045  11458  12781  12782  16199  16204  16206
2046   6665  11371  11372  15072  15075
2047  12347  12349  12352  12780  12782
2048  10819  11369  11458  12352  12353
2049   6665   7214   7215   7563   7564
2050   7210   7214  16199  16201  16203
2051   7210   7215  15075  16695  16704  16705
2052   6772   9695   9701  13359  13361
2053   4112    599   2333   4113   6771   6772
2054   2012  13224  13804  13806
2055  13136  13220  13221  13224  13360  13361
2056   4119   6771  13139  13359  13360
2057   4119   4113   2334   2006
2058   9695   9699   9758  13221  13223
2059   4112    616   9699   9701
2060   7966   8795   8797  12142  12872  12873
2061  11419  11420  16548  16549  16552
2062   6949   7965  12142  12145
2063   2853   1845   8791   8794   8797
2064   6986   6989   6992   7940   7943
2065   3935   4126   7937   7942   7943
2066   6130   7937   7939   7940  12226  12228
2067   4126   3931   4129   2231   4094
2068   3933   3901   4130   2230   4129
2069   4130   3899  12657  12658  12661
2070   6126   6128   6130   6991   6992
2071  13598  13601  13602  15385  15388  15391
2072   8823  14029  15385  15386  15389
2074   8318   8320  13602  13646  13647
2076   8314   8315   8318  13093  13095  13097
2077  11111  13601  13649  15096  15275  15276
2078   6665  10770  14338  14862  14864
2079   7215   7216  10766  10767  10770
2080   5214   7214   7216  13165  13168  13171
2081  14831  14863  14864  15776  15778
2083  10856  10858  10861  15772  15773  15776
2084   5211  10860  10861  13169  13171
2085   4113   4147   8194   8195   8402   8403
2086   4149   1788   6772   6773
2087   4151   1793  10510  10511  10514
2088   1783   4149   4112    600   4151
2089   1789   4147   6771   6773
2090   4153   7290   8401   8402
2091   4153   1792   9051  10514  10515
2092  15524  15525  15959  16587  16588  16591
2093  10861  14367  15516  15527  15528
2094   9722  10314  10315  12556  13170  13171
2095   4160   8542  15844  15860  15865  15866
2097   4169  14826  15838  15841  15844
2098   8387  14820  14821  15799  15840  15841
2099   4160   4169   5541  10313  10315
2101  14821  14823  15935  15957  15958
2102  14777  14779  15933  15956  15957
2103  10313  10917  14820  14823  14826
2105   1585  11799  11800  11803  13436  13439
2106  11797  11807  11808  13436  13708  13709
2108  11794  11808  11809  14039  14129  14130
2109   7899  10653  11807  11809  13121  13122
2110   6388   6390  11803  14038  14132  14133
2113   9592   9595   9598  16748  16750  16752
2114   3533  11884  11885  16752  16784  16785
2115   4197   9592   9593  12022  12025
2116   4197  10182  10185  11883  11884
2117   9598  12022  13590  13718  14062  14063
2118   9255  13021  13027  13716  14059  14060
2119  13714  13716  13718  16750  16781  16782
2121   2497   4201   3829   4014   1363
2122  12075  12501  14610  14613
2123  12502  12718  14607  14613  14614
2125   3836   4201   7798  12640  12642
2127  11554  12716  14611  14614
2129    242   9020   9021   9369   9371
2130   2180    238   9307  10957  10958
2131    245   9365   9368   9371
2132    753   2506   7488   7490   9366   9368
2133   9021  10791  10960  10961
2134   9365   9366   9369   9552  10791  10792
2136  10556  10571  11583  11584  11587
2138   9634  11317  11319  13181  13184  13187
2139   2972  11319  13838  16398  16409  16410
2140   2978   3755  13835  13838
2141  12877  13296  13297  16901  16943  16945
2143   1677   9634  10470  16939  16942  16945
2144   5795  10764  12274  12605  12606
2145   3822   7110  14900  14901  14904
2146   7105  10337  12773  14904  14905
2147  12266  12270  12624  12776  12777
2148  10888  12270  12272  12276  12606  12607
2150   7107  10337  10890  12274  12276
2152   1543   8221  13969  14117  14118
2154   2345  10581  10583  13102  13104
2158   7413  12899  12903  12907  12909  12911
2159     95   7413   8280  12840  13289  13290
2160   8283  11771  12840  16959  16961
2161   4242   7349  12775  14905  14906
2162   4247   4248   4249   4250   7348   7349
2163  10337  10340  15560  15563
2166   4257   5383   7111  14904  14906
2167   4259   4249   5383   8075   8076
2168   4247   1798  15557  15560  15561
2169   4250   4259   4257   4242
2170   4248   8076  15561  15564
2171   4017    474   4263   6846   6847
2172   4266   6845   6847   9627   9630
2173   4263    475   9630  12097  12098
2174   8235   8237   9627  12098  12099
2175   4266   7433   8236   8237
2176  10256  11126  11128  12921  13089  13090
2180   1277   5249  12111  15855  15858
2181  10253  10255  12107  12108  12111
2182  11002  11005  15855  15863  15864
2183  11205  11206  11209  15799  15802
2184   4278   4279  10098  10099  10102
2186   4278   5698   6404  10563  10564
2187   4279   1487   5698   7221   7222
2188   2301   3021   7218  10560  10561
2189   2299   6405  10559  10560  10563
2190   3348   3817   3675   4287   4288
2191   4288   3343  11183  11186
2192   3673   3264   2888   8070   8072
2193   9883   9884  11183  11946  11947
2194   4287  11186  11946  16369  16460  16474  16475
2197   2413  10676  14640  14757  14758
2198  10109  10313  10314  10484  10485
2199   4169  10105  10109  11451  11452
2200   3725   5076   7210   7213   7216
2204   5076  10105  10108  10483  10484
2205   4160  11452  12958  16260  16263  16266
2206   7923   8240   8498   8499  10560  10562
2208   5457   8241   8494   8495   8498
2211   8045   8046   8049  10561  10562
2212   4310   3929  12092  15823  15826
2213   4310   3924   7943   9573  10993  10995
2214   6423  11016  12091  15820  15826  15827
2215   4126   4090   3932  15820  15823  15824
2216  11013  11016  12339  12753  12754
2218   4091   1919  15824  15827
2220  10624  10732  10733  16100  16148  16149
2222  10730  14384  15931  15959  15960
2223  10626  11467  15931  15936  15937
2225  11462  11464  14777  14778  16147  16148
2228   2981   9929   9936  10184  10187
2229  11741  11742  13601  13604
2230   4330  12765  12769  12844  12845  12848
2231   2589   4330   2422   6670  13602  13605
2232   6666   6670  12466  12467  12470
2235   6666  10704  10706  13598  13604  13605
2237  10984  15645  16583  16586
2238   3781  14587  14696  14697  14821  14822
2239  15639  15928  15960  16586  16591  16592
2240   7481  15642  15928  15937  15938
2241   5931  12990  12992  14629  14822  14823
2243   5929   5931  10984  13200  13495  13496
2245   3991   2358   8085   8086
2246   8796   8797  11024  11025  11028
2247   2222   1618  15805  15881  15905  15906
2249   2758   4895  15755  15808  15809
2251  12899  12905  15554  15837  15897  15898
2253   8269   9253  13716  13719
2256   8269  11706  11708  14293  14295  14298
2258   8473   8478  14878  14967  14968
2259   3865   4351  14819  14881  14882
2260    793   4310   8473   8474   8477
2261   3866   6969  14819  14970  14971
2262   4351   3869   4352   4353   6990   6992
2263   4352  10996  11258  11259
2264   4353   7940  10992  10993  10996
2265    734   8214   8604  11097  11098
2267   4360   2661   4361  10837  10839
2268   4360   6720   8602  11096  11097
2269   6720   9075  10833  10836  10839
2270   9070   9071  10834  10836
2272    762   9070   9072   9075  11096  11098
2273    251   4361   8408   9367   9368
2275   9366   9367  10047  10049
2276   2407   7281   7283   8242   8244
2277   8238   8242   8498  12823  12824
2278   3605   2563   7283   8133   8135
2279   3611   4074  14637  14758  14759
2281   5755   8074   8076  10523  11535  11536
2282   4377   4378   4379   5383   5386
2283   4380   3693   4379   8231   8234   8237
2284   4378   4381   1377   4266   4380
2285   1376   4381   4377   4259   4382   3921
2286   4249   4382  11534  11536
2288   6448   8828   8832   9440   9442
2290   8473  12344  16895  16897
2291   6448  10392  14424  14880  14968  14969
2292   3704   6013   6555   8247   8248
2294    236  10968  12783  14469  14471
2295   4129   2234    217   7144   7699   7700
2296   3928   2840  15823  15850  15851
2297   2837  10965  12783  15845  15848  15851
2298  14168  14469  14470  15824  15847  15848
2299   1034    204  15098  16904  16943  16944
2300  14994  15129  15674  15701  15702
2301   3229   9556   9557  14997  15128  15129
2302  10977  12105  14994  14997
2304   4393   4394  13536  13539  13542
2305   4397   9559  13539  13612  13613
2306   6439   6442  13239  13541  13542
2307   4394   4399   6442  14579  14581
2308   4393   4397   1415   4401   4399
2309   4401   1405  14361  14579  14580
2310  12779  12782  15846  15848
2312  10825  11458  15827  15846  15847
2314   2621   3579   3136   3745
2315   9488  14374  16488  16490
2317   8593  10064  10950  14177  14182  14184
2320   6061   8343  10088  10089
2321   6058   9855   9857   9859  10089  10090
2322   3885   6058   6061  12978  12983  12985
2323   9859  12714  12985  13967  14116  14117
2324  11567  11568  12950  12998  12999
2325   9585  12999  14933  15152  15153
2327  14631  14825  15839  15841
2329   2690   5820  10305  10308  10311
2330  10309  10311  16246  16247  16250
2331   4421   8752   9334  16250  16252
2333   6490   6495   6496  14156  14328  14329
2334   2389   4421  10305  10306  10309
2335  10899  12065  14152  14154  14156
2336   6496   9334   9335  10899  10900
2337  10563  10565  13605  13645  13646
2338   5867   7544   8318  12826  12827
2340   2583   6670  10559  10562  10565
2341   4330   2408   8242   8243
2343  10612  12931  12932  14353  14354
2344   4197  12936  13852  14352  14353
2345   3534   2977  11884  13838  14267  14268
2346   6787   9153   9156   9159   9819   9820
2347   4153   6781   6783   9157   9159
2348   9156  10905  14253  14255
2349   8402  10584  11044  14250  14252
2350   9815   9820  16963  16968  16970
2351    735   4002  11095  11098  11101
2353  11099  11101  12897  13221  13222
2354    620   9075   9076   9699   9700
2355   9070   9073   9076   9426   9428
2357   5788   5794  12274  15396  15545  15546
2358   2867  14132  14134  15544  15546
2359   3339  11778  14129  14131
2362  11799  12608  15399  15544  15545
2363   1796   6773  13146  13355  13356  13359
2364  13142  13146  13636  14395  14397
2365   4147   4119  14260  14262  14398  14400
2368   3382   9334   9336  10123  10124
2369   3344   6457   6460  11183  16212  16215
2371   4452   2385   5091   5093   5096
2373   4453  11186  16215  16250  16251
2374   4421   2384   4452   3342   4288   4453
2375   3373   8250  16032  16060  16061
2376    241   2877   6739   9371   9477   9478
2378   4361   2669   4458   6676  15561  15568  15569
2381   4248   4458  11530  11533  11536
2382   9365   9367   9478  12212  12214
2383   1678   3640  15095  16944  16945
2385  11438  11439  13604  13648  13649
2386   1671   9634  10854  10855
2388  11099  11100  13355  13358  13361
2389   8920  11100  11101  16517  16522  16524
2390   2020   6448  13224  13517  13518
2391   8485  12044  14156  14459  14461
2392  11172  12181  14462  14464
2394   8300   8302  10947  15907  15910  15913
2395    866  10947  11957  11958
2397  11007  14997  15739  15766  15767
2398   4469  12256  13539  14805  14807
2399   1416   4397   4469  11129  11131
2401   4696  15851  16827  16830  16833
2402  12086  15826  15850  16831  16833
2403   6586  15413  15983  16022  16023
2404   4031   6581   6583   6586   9820   9821
2405   6581  15983  15999  16000
2408   9413   9414  10476  13389  13391
2409  13114  13430  13431  13660  13661  13664
2411   8044   8899   8901  16441  16442
2412   8895   8896   8899  16120  16123  16126
2413   3516   9926  11046  11051  11053
2416   1799   4247   4458   5081   5082
2417   1795   5082  13068  13146  13147
2418   7273   7349  14213  14216
2420   3922   4382   4250   7273   8775   8776
2421   5935  15394  15399  15400  16579  16581  16583
2422  11031  11037  15397  15400
2423  11033  12276  15394  15396  15397
2424   9296  10892  11383  12270  12271
2426   5934  11383  12394  12990  12991
2427   5929   5934   5935   9296  11036  11037
2428   9623   9628   9630  11516  11517  11520
2429   6841   6847  11326  11520  11521
2430   4380   7052   9623   9625   9627
2431   4378   4496   7052  16688  16689
2434   4381   1382    903   2154   4496
2435   3574   6336   6337   7012   7013
2436   4503    797   6332   6333   6336
2437   4503   7012   8709   8782   8783
2438   3622   8707   8782  10364  10366
2439    295   3575   1012   1985   3618
2441   6332   6334   6337  10210  10212  10214
2442   3744  10026  14207  14430  14431
2443   7316   7318   8269  12067  12068
2444  11706  11711  12171  12174  12177
2445   7312   7316  12585  13703  13704
2447   4508  11032  15397  15548  15549
2448  12491  13160  13161  15543  15546  15549
2451   1797  13163  13164  15560  15571  15572
2452   4508   1785  13158  13161  13164
2456   3966   3995  11809  13070  13071
2460   8340  11807  13071  13072
2461  10956  10957  11576  11577  11580
2466    693    102   7413   7415
2467   7277   7283  16220  16222
2468   4028   6586  10885  11386  11387
2469   4524   6785   9159   9296   9299
2470   4030   3121   9156  12621  12777  12778
2471   4524   6581   6582  11382  11383  11386
2474   4527   7323  12982  12985
2475   9415   9419   9862  12712  12714
2476   7704   9419   9777  13828  13829
2478   4527   7702   7704   9859   9862
2479   4533   1794   4360   5082   5083
2480   4149   1787   4533   6720   9700   9701
2481   7316   7317  14152  14157  14189  14460  14461
2483   7602   8906   8907  10785  10786
2484   3682   4453   4287  10309  10310
2485   2691   3683   4049  10310  10311
2486  12997  12999  13978  15647  15649  15651
2487   9092  12046  14192  14459  14460
2488  12046  12201  12206  13374  13383  13384
2489   8485   8486  10899  13718  13721
2490   8143   8728  13986  13989  13992
2491   8728   9597  12022  12160  12161
2492   8486   9597   9598  13990  13992
2493   5070   5076  10169  13859  13861
2494  10484  11386  11388  15983  15986
2495   9511  13568  13570  14574  14672  14673
2496   9510  11445  15692  15724  15725
2497   1336   3132    382  13568  13573  13574
2498  13574  14672  16053  16055
2499   6415   7053  10305  10307  10310
2500   4379   6413   7050   7052   7053
2501   3862   5695   7222   7223  14816  14819
2502   5695   6666   6668  10564  10565
2503   2930   3830   4201   7001   7003
2507   4548  12053  13727  13728  14672  14674
2508   4552   4548  11545  12314  12315
2510   4553   3619  11545  12507  12508
2511   4552   4553  14571  14673  14674
2515   4257   4377   4496  13396  13871  13872
2516   6409   7053   7895  16535  16538
2518  13870  13872  14900  14903  14906
2520   5695   5698  11752  11754
2521   4278   2254  11627  11753  11754
2524   9403  10784  10785  11463  11464
2525  10784  10786  16143  16145  16148
2528  10945  15913  16761  16776  16777
2529   4571  12675  16761  16762
2530   6109  13819  15911  16777  16778
2531   4573   4993   4996  15662  15663  15666
2532   4571   3069   4573  10945  11956  11957
2533   7858  13377  13383  13819  13822
2535  10325  15857  15860  16501  16506  16508
2536   3881   7258  15857  15866  15867
2537  11452  15762  15764  15842  15844
2538   8346  12513  14936  15151  15152
2539   3890   6061  11784  12832  14223  14225
2540    115    786   8899   8900
2541  14450  14455  14457  15519  15526  15527
2544   2224   6751  13979  13982  13985
2545  13979  13980  13983  15547  15549
2546   1584  11803  15543  15544  15547
2549  13159  13161  13983  13985
2550   4130   2229   8003   8005   8007
2551   2932   7004   7006  11350  12451  12452
2552   4013   1362  11349  12454  12455
2553   4584   6442   9554  10792  10793
2554   4584  11683  11696  13540  13542
2555   9481  10791  10793  11676  11681  11683
2556   9369   9475   9478   9481
2557   7083   7257  15853  15855  15857
2560  11340  11672  11673  15400  15547  15548
2561   4151   4508   1784  13192  13983  13984
2562  10514  11035  11037  11336  11337  11340
2564   3649   7960   7961  12138  12140  12142
2565   5180   6931   8925  12419  12420
2567  14095  14816  14844  14882  15041  15042
2568  11545  11680  11696  14808  14810
2569   4553  11676  11680  12694  12695  12698
2570  12496  12508  12509  14613  14808  14809
2571   4596   9270   9916  11635  11637
2572   8460   9919   9920  12199  12200
2573   1470   4596   4279  11751  11754  11757
2574  11631  11632  11635  11756  11757
2575  11629  11632  11634  12198  12199
2576    511   8493   9019   9021   9480   9481
2577  12315  12316  14804  14805  14808
2578   4527   6058  12828  12829  12832
2580   7835  12339  16448  16451
2583   6337   6338   9265  10996  10997
2584   4353   6130   6332   6335   6338
2585  10109  14825  14826  15986  15998  15999
2587   8486  12044  12046  16750  16753
2589  10770  15075  15271  16556  16558
2592   4596   1463   9415   9418   9421
2593   4351   9421   9774   9777  11755  11757
2594   4263  10628  11467  11520  11522
2595  10624  10625  10784  12182  12184
2596   4605   5716   8929  16756  16758  16761
2598   4605  10945  10947  12382  13642  13643
2599   5716  10591  12382  12385
2600   7958   7959  10593  12385  13641  13642
2603  13712  15637  15641  15928  15931
2605  13436  15636  15644  16579  16584  16586
2606  12352  15845  15846  16833  16848  16849
2607  13256  13258  15784  15787
2608   8682   8683  16752  16755
2609   7718   7723   9728  10411  11318  11319
2610   8721   9150   9152  13819  13991  13992
2611   8721   8726   8728  11240  12683  12684
2613   4605   4571   3077   4610
2614   4610  12382  13019  13932  13961  13962
2615   4573    962  13453  13958  13959
2617   4613   4503   9945  11632  13930  13960  13961
2618   4352   4613   3876   6336   6338
2619   9419   9421  10224  11635  11636
2620  15556  15830  15837  15991  15993
2621   4452  14390  14830  14866  14867
2623   6765  14851  15776  15974  15977
2624   9855   9860   9862  10221  10224
2626   7186  12937  14348  14350  14353
2627   3416   4616   4617  16006  16009
2628    380  13574  13727  14595  14597
2629   3406   4619   4616   8520   8521
2630   4620  14674  16006  16054  16055
2631   4620   4617   4619   1280   4548
2632    887      5   6386  13395  13874  13875
2633   3594   4033   6351   7520  10096  10097
2634  10863  10865  13327  13873  13875
2635   9076  10835  10836  13194  13984  13985
2636   4533   1786  10839  13162  13164
2637   4623   4552   4620  11680  11683
2638   4617   4624   4394   4584   4623
2639   1291   4469   4393   4624   4619
2640   4610   5716   6897  12199  12422  12423
2641   4613   3877   7007   7009   7012
2644   9490   9892  10997  11257  11258
2645   3408   4626   4401   2137   7873   7874
2646   2069   4626   3409  14575  14576  14579
2649   4524   4060   5931   5934
2651   4626   4399   4624   4616   3407
2652   4242   7273   7276  13869  13872  13875
2653  14388  14867  16559  16561
2654   4623  10793  10960  16006  16015  16016
2656   5935  10984  11340  11342
2660  10745  10940  11532  13866  13868
2664  11093  14773  14785  16828  16830
2667  12044  13384  13822  13990  13991
2672  12201  12438  12953  12997  12998
2674   8108   8109   8605   8608   8611
2683  10461  13506  13509  15802  15839  15840
2684   8782  10587  10589  12385  13018  13019
2686   4889  15755  15878  15902  15903
2689   9341   9342   9723   9725   9728
2694   7000   7005  14998  14999  15002
2695   4971  11274  12692  13856  13857
2697   8816   8818  12146  12152  12153
2704   8569  10415  10422  11718  11720
2707   7192  11042  16981  16984
2708  13021  13025  13280  13283
2709   6362  12200  12418  12420  12423
2710   7250   8765  11552  12637  12638
2712   5200  13046  13049  13052
2713   5211   9722  12388  12390  12391
2714   9348  10403  11416  12291  12292
2716   8791   8796   9908  16859  16862  16865
2717  12111  12646  14517  14780  14781
2718  11336  11342  12852  13494  13496
2719  16088  16095  16371  16474  16476
2720   6496   8485  13986  13987  13990
2722   5291   7466   7468   7471
2724  10524  10528  12595  12884  12885
2725   5317   7312   7314   7317
2726  14861  14862  16555  16558  16561
2727   5336   8141  16420  16423  16426
2732   7105   7111   8075  15557  15563  15564
2733  11638  11642  14698  14699  14702
2737   7960   7965  12880  13295  13296
2740  13997  13999  14191  14462  14463
2743  11498  12216  12217  16508  16529  16530
2744  10315  10917  11332  15956  15958
2747   5564  10281  10976  12105  12106
2748   8245   8246  13919  13922  13925
2751   9893   9894  11426  11427  11430
2755   9259   9260   9483   9488   9490
2757  13993  13994  13997  16097  16100  16101
2761   7217   7222  10559  10561  10564
2763   8923   8929  12418  12419  12422
2765  14780  14782  15853  15858  15860
2767   8774  12679  12680  13630  13631  13634
2768  10587  10593  16078  16169  16170
2770   8108   8110   9224   9227   9230
2771   7544  13095  15696  15697  15700
2772  10275  12106  14994  15739  15741
2775   9406  11462  11463  12108  12109
2776   5911  11668  11671  11674
2777  12493  15566  15569  15572
2778   5929  12990  16583  16592  16593
2779   7549  14816  14971  14972
2780   9341   9349  10403  11570  11571
2782  12107  12110  15799  15858  15862  15863
2785  10089  12832  15662  15665  15668
2786   6062  10249  12245  12246  12249
2789  10112  10114  10117  11570  11572
2791   6109   9152  12786  12787  12790
2793   6126  12226  12657  12659  12662
2794   7704  10224  13456  13957  13958
2796  10711  10717  11612  12787  12788
2797  10279  12106  15696  15699  15702
2798   7319   7321  10794  10795  10798
2800  15064  15065  15943  15945
2802   6269   8790   9422   9424   9427
2804  14515  16103  16147  16149
2805   6296   9272  11638  11640  11643
2806  10158  10159  14797  14800  14803
2807   8340  10728  10730  13706  13709  13712
2809  11016  12330  15458  15461  15464
2811   9548   9554  14575  14578  14581
2812   9436   9442  13513  13514  13517
2813  10606  14401  14407  16158  16195  16196
2814  14327  14328  14458  14461  14464
2816  10927  10930  12204  12438  12511  12512
2817   6490   9335  16246  16249  16252
2822   6710  10785  11851  12182  12183
2823   9695   9700  11095  11096  11099
2825   8487   8489   9475   9477   9480
2826  10833  10835  13158  13159  13162
2827  11042  13082  14250  14398  14399
2828  11934  11938  12535  12536  12539
2830  13095  13644  13647  15096  15099
2831   9914   9920  11631  11634  11637
2835  10422  12600  13949  13950  13953
2836  10251  11154  12246  12247
2838   7050   7895  16683  16685  16688
2839  14573  15719  15725  16050  16052
2841   7257   8467  16506  16526  16527
2843   7121   7661  13637  13638  13641
2845   7141   7699  13547  16034  16039  16041
2850   8775  13634  14216  14395  14396
2851   8598   8600  11095  11097  11100
2852  10170  13861  16513  16545  16547
2853   9125   9126  16081  16082  16085
2854   8231   8236   8584   8586   8589
2855  10679  10680  11299  11300  11303
2856  12393  12604  12607  16581  16589  16590
2857  10105  15123  15986  16021  16022
2858   7517  10091  10093  10096
2859  10252  10255  12915  12921  12922
2860   9415   9777  14841  15042  15043
2861  10786  12178  12182  14188  14463  14464
2863   8849   8905  10252  10254  10257
2864  11352  11354  16525  16526  16529
2865   8605   8607  10172  10173  10176
2866   9153   9299  10892  12776  12778
2868   7718   9342  11569  11570  11573
2870  11495  12644  14079  14083  14084
2871  11854  11858  12636  12639  12642
2872   8663  10043  10045  10048
2874   9224   9229  11433  11434  11437
2875   9576  10995  12339  13011  13012
2877   7917   8494   8496   8499
2879   7937  10993  13007  13008  13011
2880   9259  10992  10997  13011  13013
2881   8003  12034  13903  13904  13907
2882  10552  10554  10566  10568  10571
2887  12063  12065  12068  13714  13719  13721
2888  11583  11586  11589  12840  12843
2891   9778   9780  12178  12181  12184
2892   8683  11885  14263  14264  14267
2893  10477  12808  12810  13385  13386  13389
2894  10622  10624  11461  11464  11467
2895   9914   9916   9919  11642  11643
2896  10325  12216  14514  14781  14782
2901   8638   9893   9895   9898
2902  10679  10681  12227  12659  12660
2903   8657   9960  11419  11422  11425
2904   8721   9592   9594   9597
2907  10124  10900  13721  14061  14062
2908  10478  13389  14029  14801  14802
2911   9139   9141  11359  11360  11363
2913  11253  11257  14548  14564  14565
2915  10510  10515  11054  11056  11059
2916   9054  13104  14257  14259
2918  11331  14380  14383  15955  15956  15959
2921  11336  11668  11673  12756  12762  12763
2926   9283  11569  11572  11575
2927  10888  10892  11031  11033  11036
2928   9548   9550  10792  10955  10957  10960
2929  11576  11581  16697  16700  16701
2930  12105  13093  13100  15700  15702
2931   9996  11583  11585  11588
2932  11461  11463  11516  11519  11522
2933  10314  10917  12391  12991  12992
2934  11876  12599  13179  13950  13951
2935   9483  10172  10174  10177
2937   9507  11445  14568  14573  14574
2938  11366  11371  12347  12350  12353
2939   9585  11786  13978  14223  14224
2940  10992  10995  11253  11255  11258
2941  11978  14889  16068  16118  16119
2942   9623  12093  12095  12098
2943  10470  10854  11111  11113  11737  11739  11742
2944  10524  10526  10580  10582  10585
2945  10573  10575  12650  12652  12655
2947  13220  13223  13800  13803  13806
2948  11691  11692  13242  13540  13541
2949  13823  13826  13829  15037  15040  15043
2950  10794  10799  13763  13824  13825
2951  11205  11207  13085  13086  13089
2952   9846  10098  10100  10103
2953   9855  12714  13550  13551  13554
2954  12070  12073  12496  12498  12501
2955   9929  10613  13849  14352  14354
2956  11624  11629  11751  11753  11756
2957  10466  15802  15862  15864
2960  10057  10950  11562  11564  11567
2961  11957  13378  13379  13822  15911  15913
2962  11555  11560  12070  12072  12075
2963  10751  11530  11532  11535
2965  10180  11767  11769  11772
2966  10210  11489  13807  13810  13813
2967  11631  11636  13956  13957  13960
2968  11714  11720  12026  12029  12032
2970  10260  11285  11287  11290
2972  10888  10890  12772  12773  12776
2973  12280  12282  13291  13294  13297
2974  11218  12843  16952  16959  16960
2975  11973  14424  14843  15038  15039
2976  11569  11571  12287  12288  12291
2977  10408  11318  16404  16407  16410
2978  10415  10939  13862  13865  13868
2979  15060  15061  15064  16042  16043  16046
2981  10647  13117  13119  13122
2982  11419  11421  11714  11716  11719
2983  12886  14640  16972  16974
2984  10693  11661  11663  11666
2985  10704  11433  11435  11438
2986  10711  10927  10929  10932
2987  10736  11162  15788  15789  15792
2988  10745  12208  12210  12213
2990  12259  12295  12809  13427  13429
2991  11426  11431  14772  14788  14789
2992  10871  11024  11026  11029
2993  11382  11387  12266  12268  12271
2994  14249  14250  14253  16978  16984  16985
2995  12992  15955  15958  16591  16593
2996  11509  11511  12779  12780  12783
2997  11000  11125  11127  11130
2998  12086  12091  12324  12327  12330
2999  11046  11785  14219  14220  14223
3000  11070  12411  12413  12416
3002  14768  14773  14775  16891  16892  16895
3004  13378  13381  13384  14458  14459  14462
3005  12245  12247  12250  14511  14514  14515
3006  11946  16110  16215  16257  16258
3007  11359  11361  11590  11592  11595
3008  11854  11859  12026  12028  12031
3009  12107  12109  14776  14777  14780
3010  13014  13926  13932  14705  14708  14711
3011  11237  12678  12680  12683
3012  14614  14805  14806  15732  15769  15770
3014  11516  11521  12354  12356  12359
3015  11343  12450  12452  12455
3017  12287  12292  13181  13182  13185
3018  11468  11721  11723  11726
3019  12217  12644  14514  14517
3021  12310  12315  12503  12505  12508
3022  11547  12636  12638  12641
3023  12035  13907  16034  16036  16038
3024  11822  11827  12786  12788  12791
3025  12844  15372  16166  16240  16241
3026  12324  12326  13256  15459  15461
3027  11676  11691  11693  11696
3028  11706  15537  15834  15898  15899
3029  12779  12781  14465  14466  14469
3030  11758  12808  13426  13427  13430
3031  11799  11801  14128  14129  14132
3032  11808  13071  15520  15523  15524
3034  12466  12765  12770  14545  14550  14551
3035  12178  12183  14323  14324  14327
3037  11871  12597  12599  12602
3038  12171  12176  12535  12537  12540
3040  12604  12606  15396  15399
3041  13385  13387  14797  14798  14801
3042  11985  12694  12696  12699
3044  12155  12161  13584  13587  13590
3045  12567  12569  13722  13725  13728
3047  13245  13246  13249  13494  13495
3048  12138  12867  12869  12872
3049  12146  12671  12673  12676
3050  12899  12904  13021  13023  13026
3051  12186  16274  16366  16367
3053  12828  12830  14219  14222  14225
3054  12749  12754  13007  13009  13012
3056  13014  13019  13637  13639  13642
3057  12388  12991  16587  16590  16593
3058  13551  13552  14112  14113  14116
3059  12512  12997  15151  15153
3062  12487  13158  13160  13163
3063  14074  14079  14511  14517  16143  16144  16147
3064  12581  12583  13699  13701  13704
3066  12553  13165  13167  13170
3067  12588  12885  16971  16974  16977
3068  12772  12777  14900  14902  14905
3069  13000  13005  15424  15427  15430
3070  13855  13857  16509  16510  16513
3071  12802  13103  13916  14257  14258
3073  13323  13325  13869  13870  13873
3074  12756  13046  13048  13051
3075  13284  13289  16955  16956  16959
3077  13181  13183  13291  13293  13296
3078  13220  13222  13513  13515  13518
3079  12907  13209  15987  15990  15993
3080  12915  13085  13087  13090
3082  12947  12998  15147  15150  15153
3083  12978  13963  13964  13967
3084  13188  13190  13979  13981  13984
3085  13506  14625  14631  14691  14694  14697
3086  13142  13147  13862  13864  13867
3087  13630  13632  14394  14395  14398
3088  13093  14149  15099  15274  15275
3089  13108  13426  13428  13431
3090  13800  13802  14089  14091  14094
3091  13355  13360  16811  16812  16815
3092  15459  15988  16114  16121  16122
3093  13839  13841  13949  13951  13954
3094  13490  13495  14590  14695  14696
3095  13213  13245  13247  13250
3097  13536  13541  13607  13609  13612
3099  13584  13589  14721  14722  14725
3102  13903  13905  16036  16039
3104  13378  13383  15647  15652  15654
3105  13392  13869  13871  13874
3107  13417  13550  13552  13555
3108  13706  13708  15630  15636  15637
3109  13926  13928  13956  13958  13961
3115  13568  13722  13724  13727
3116  13660  13662  14169  14171  14174
3117  13598  13644  13646  13649
3118  13761  13823  13824  13827
3119  13963  13965  14112  14114  14117
3122  13714  14057  14059  14062
3124  13807  13808  16525  16528  16531
3127  13986  13991  15907  15908  15911
3128  14263  14268  16395  16398  16399
3129  13846  14348  14349  14352
3131  13885  13919  13921  13924
3132  15683  15686  16017  16018  16021
3133  14256  14258  14286  14288  14291
3135  13993  13998  14219  14221  14224
3137  14226  14228  14797  14799  14802
3138  14032  14128  14130  14133
3141  14074  14082  14084  14087
3144  14272  15274  16905  16940  16941
3145  14152  14323  14325  14328
3146  14465  14470  15591  15594  15597
3147  14177  14375  16484  16487  16490
3148  14185  14458  14460  14463
3149  14293  14296  14426  14428  14431
3150  14249  14254  14394  14396  14399
3152  14277  14401  14403  14406
3154  14861  14864  14867  15539  15830  15832  15834
3155  15494  15775  16071  16124  16125
3156  14355  14575  14577  14580
3157  14380  14382  15522  15525  15528
3159  14877  14880  15037  15038  15041
3161  14450  14552  14554  14557
3164  14511  14776  14778  14781
3166  14545  14559  14561  14564
3167  14568  14673  16049  16052  16055
3168  14584  14691  14693  14696
3169  14705  14790  14792  14795
3170  14607  14804  14806  14809
3171  14721  14726  16191  16194  16197
3172  14625  14820  14822  14825
3173  14753  14758  16971  16972  16975
3174  14698  14703  14998  15000  15003
3180  14768  14783  14785  14788
3181  14877  14882  14966  14968  14971
3182  14827  14861  14863  14866
3183  14838  15037  15039  15042
3184  14884  14887  15974  16117  16119
3188  15147  15152  16239  16242  16245
3190  15060  15065  15719  15720  15723
3191  15122  15448  15686  15707  15708
3193  15124  15129  15735  15736  15739
3197  15266  15271  16699  16702  16705
3199  15092  15275  16939  16941  16944
3215  15385  15390  16239  16240  16243
3216  15394  15543  15545  15548
3217  15417  15422  15424  15426  15429
3218  15458  15496  16120  16121  16124
3219  15529  15534  15703  15704  15707
3223  15538  15555  15834  15837
3224  15513  15522  15524  15527
3225  15557  15566  15568  15571
3226  15591  15621  16260  16261  16264
3230  15630  15639  15641  15644
3231  15647  15662  15664  15667
3232  15671  15696  15698  15701
3233  15703  15708  15758  15760  15763
3234  15719  15724  15742  15744  15747
3235  15772  15977  16071  16117  16118
3236  15735  15737  15765  15767  15770
3237  15804  15809  15877  15878  15881
3238  15788  15793  16843  16844  16847
3239  15838  15840  15861  15862  15865
3240  15907  15909  16772  16774  16777
3241  15820  15845  15847  15850
3242  15830  15893  15895  15898
3243  15853  15861  15863  15866
3244  15877  15900  15903  15906
3246  15939  15941  16010  16011  16014
3247  15932  15937  15955  15957  15960
3249  15987  15992  16113  16114  16117
3250  15994  15999  16017  16019  16022
3251  16010  16015  16049  16051  16054
3252  16061  16112  16257  16259
3253  16034  16042  16044  16047
3254  16113  16118  16120  16122  16125
3255  16081  16086  16168  16170  16173
3256  16088  16111  16253  16254  16257
3257  16097  16143  16146  16149
3259  16151  16191  16193  16196
3260  16184  16186  16239  16241  16244
3261  16216  16232  16235  16238
3262  16199  16260  16262  16265
3263  16246  16251  16253  16255  16258
3265  16365  16367  16470  16471  16474
3273  16395  16404  16406  16409
3274  16420  16436  16437  16440
3276  16445  16484  16486  16489
3277  16454  16470  16472  16475
3278  16477  16482  16859  16860  16863
3279  16509  16511  16541  16542  16545
3280  16501  16525  16527  16530
3281  16517  16548  16550  16553
3282  16541  16543  16555  16557  16560
3284  16579  16587  16589  16592
3288  16667  16683  16684  16687
3291  16692  16699  16701  16704
3292  16756  16772  16773  16776
3295  16748  16779  16781  16784
3297  16787  16795  16797  16800
3298  16802  16811  16813  16816
3299  16827  16843  16846  16849
3301  16850  16859  16861  16864
3303  16884  16891  16893  16896
3304  16898  16939  16940  16943
3305  16955  16960  16987  16990  16993
3306  16963  16971  16973  16976
3307  16978  16987  16989  16992
cells 343
0      1      2      3      5      6      7      8      9     11     12     13     14     16   3024
1     17     18     19     20     21     22     23     24     26     27     29   2704   2835   2968   3008   3174
2     30     33     34     36     37     38     40     41     43     44   3026   3092   3261   3274
3     47     48     49     50     52     53     54     55     56     58     60   2793   2902   2981
4     63     65     68     69     72     73     74     21     78     79     80     81   2710   3048
5     83     84     85     86     87     88     89     90     91     92     93     94     95     96     97   2826   3062
6     98     99    100    101    103    104    106    108    109    110    111    112    114    115   2674
7    116    117    118    119    121    122    124    125    126    128   2828   3038   3197
8    133    134    135    136    138    141    116    144    145    146    147    148   3246   3251
9    150    152    153    154    155    156    157    158    160    161    163   2950   3161
10      5    164    165    166    168    169    172    173    175   2767   2835   2934   3011   3093
11    176    177    178    179    180    181    183    184    185    186    187    188    189   2807
12    141    192    193    194    195    196    197    198   2800   2839   2979   3190
13    203    204    205    206    207    208    209    210    211    215   2965   3044   3099   3305   3307
14    218    219    220    221    222    224    225    226    227    134    229   2664   3190   3234
15    233    234    236    237    238    239    240    241    243    244    248   2712   2802
16    253    255    256    258    260    261    262    263    264    265    266   3147   3276
17    267    268     43    269    271    272    224    273    274    275    277    280   3238   3299
18    283    284    285    286    287    289    290    291    292    293    294    295    296
19    302    303    304    305    306    253    307    309    277    310    311     41    312   2998   3034
20    313    314    315     56    317    318    319    320    321    322    323   3010
21    324    325    327    328    265    331    332    334    335    336    337   3025
22    338    340    341    342    343    344    345    180    346    347    348    349    351   2843   2891   3035
23    353    354    355    356    357    358     12    359    363    364    365    366    368   3089
24    369    370    371    189    375    348    377    382    383    384    385    386    389   3053   3135
25    391    392    393    394    397    398    399    400    401    403   2864   2966   3124
26     29    404    405    406    408    409     74    411    412    414    415    416   2733   2952
27    419    195    420    421    422    423    424    425    426    427    428   2853   3042
28    429    430    431    432    428    433    435    436    437    438    440    441    442    347   2854
29    445    446    447    448    449    451    453    454    455    456     16   2796   2892   2986
30    458    459    460    168    461    462    463    464    465    466     23    467   3037
31    448    470    471    472    475    476    477    478    480   2858   3018   3128
32    482    483    489    490    165    492    493    460    494    495    205    496    497   3133
33    498    500    501    502    503    505    506    507    508    198    423    510   2719   3102   3265
34    494      2    511    513    514    206    517    518   2707   2767   2827   2850   2994   3087   3150
35    520    521    522    523    524    525    526    528    529    397    530    532   2997
36    535    536    537    538    539    540    541    542    543    544    546   2816   2986
37    547    549    550    551    136    226    554    555    556    557    558   2780   2789   3149
38    559    560    561    562    563    564    566    568    569    570    435    355    571    572    573   2962
39    574    575    576    577    578    580    581     79    583    584    476    585    586    587
40    589    472    590    591    454    592    593    595    596   2672   2816   3059   3082
41    574    598    599    600    589    478    601    602    604    605    606    608   3144   3273
42    415    610    611    244    612    613    614    615    617    618    619    620    621    622   2805
43    623    624    625    627    628    629    630    631    633    634    635    636    595   3295
44    637    638    639    640    642    643    644    150    645    647   2748   2975   3131   3152
45    648    649     68    651    652    653    654    655    659    660   2903   2968   2982
46    663    664    665    666    667    668     55    671    672    673    674    676    677   2776
47    679    680    681    682    684    685    686    687    689    690    692    693   2856
48    696    697    698    699    700    701    702    703    100    704    708    709   2992
49    711     34    712    713    715    716    717    718    719    720   2727   3079   3184   3249
50    721    723    624    725    726    727    728    729    730    696   2674   2770   2865
51    731    732    733    735    736    737    738    739    740    742    743    744   3047   3094   3168
52    747    748    749    750    751    752    753    754    755    756    757    758    759   2866   2927   2972   3150
53    649    760     65    761    583    762    763    764    765    766    767    768    283    772   2911   2973   3007
54    773    774    775    776    777    779    780    781    782    783    784    765   2751
55    786    787    788    789    790    791    792    743    794    795    796    797   3095
56    800    802    803    804    805    807    808    809    810    811    813    814    815
57    816    817    818    819    820    823    716    824    825    153   2813   3152   3259
58    829    830    320     53    831    832    391    834    835    836    438    837   2984
59    466    838    840    841    842    843    844    845    846    847    848    639   3071   3133
60    852    853    854    855    857    858     19    859    860    861    862    462   2716   3278
61    865    866    867    868    869    870    871    872    873    118   2695   2929   3070
62    878    879    880    881    882    883    733    884    885    887    888   2718   2776   2921   3230
63    803    890    891    893    894    895    897    898   2786   2836   2896   3005   3164
64    899    900    901    902    903    904    354    906    908    909    910    911    912   3080   3288
65    913    914    916    917    918    919     86    920    921    922    291    923   3219   3244
66    925    926    927    929    931    932    933    934    935    936    937    938   2877
67    671    940    941    942    943    944    945    946    947     87    948   2855   2902
68    949    950    951    411    952    953    954    956    957    958    959   2771   2830   3232
69    960    964    599    965    729    966    634    968    596    969    970   2943   2977
70    971    972    973    974    976    977    978    951    979    935    980
71    982    983    262    984    332    985    986    987    989    990    991   2757   2836   2939   2999   3135
72    994    995    234    996    997    998    999   1000   1001    620    642    842   1004   1005    789   3058   3090
73   1006    703   1008   1009   1010    104   1011   1013   1014   1015    861   2763   2768
74   1016   1017   1018   1019   1020   1021   1022   1024   1025   1027   2887   2907   3122
75   1029    328   1030   1031   1032   1033   1034   1035   1036   1037    938   1038   1039   2806   3137
76   1041   1042   1043   1044    808   1045   1046   1048   3092   3155   3218   3235   3249   3254
77   1050   1051   1052   1053   1054   1056   1057   1058   1033    937   1059   1060   2683   2957   3239
78   1061   1051   1062   1066   1067   1068    606   1070    736   1071   2893   2908   3041   3137
79   1073     22   1074    560   1075   1076   1077   1078      7   1079   1080    368   2694   3093
80    648   1081   1082    760   1083   1085   1086   1087    286   1088   2811   2872   3156
81    640   1089    158   1090   1091   1093   1094   1095   1096   1097   1099   1101   2949   3118   3159
82    273   1105    547    218   1106   1108   1109   1110   1111   2751   2901   2926   2976   2991   3180
83   1112   1113   1114   1116   1117    302   1120   1121   1122    268   1124   1125   2882   3261
84   1126     84   1127   1128   1129   1130    125   1132   1133   1135    192   1137   3246
85   1140   1142   1143   1144   1145   1146   1147    523   1150   1151    399   1152   1154   2863   2870   3045
86    660   1156   1157   1158   1160   1161   1162   1163   1164   2660   2872   2988
87   1166   1168   1170    612    792    998    882    243   1172   1174    744   1175   2915   3107
88    429    340   1177   1178    508    426   1179   1180   1181   1183   1185   1190   1192
89    319   1193   1195    179   1196    442   1197    385    345   1201   2984
90   1202   1203    263   1204   1205   1206   1207   1208    723    969   2874   2935   2985
91   1212   1213   1215    668   1216   1217   1219   1220   1221   1222   1223   2722
92    169   1156    659   1226   1228   1231    458   1232   1233   1234   2704   2978   3086
93   1235    394   1236   1237   1213   1238   1239   1240   1241   1242   1246    530   2841   3236
94   1249   1250   1132   1251   1252    507   1253    220   1254   1257   1258   2845   2979   3253
95   1259   1260   1108   1261   1262    779    772   1263    708   1265   2737   3017   3077
96   1267   1268   1269   1270   1271   1272   1273   1275   1276   1278    506     92   2777   2881
97   1281   1282   1283   1284   1285   1286    873   1287   1288   1289   1293   3191   3219   3233
98   1294    613   1170   1295   1296   1297   1298    881   1299   1300    732   2712   3074
99    271   1302   1303   1304   1305   1306    783   1311    311   1312   1116   1313   1314   1315   2812   2991
100   1318   1319   1320   1321    763   1261   1324   1325   1326   1330   1111   1331   1332
101   1333   1334   1335   1336   1337   1338    536   1339   1340   2697   2791   2796   3024
102   1341   1342   1343   1344   1345   1346    622    916   1347    972   1349   1350   2802   2945   3237
103   1352   1353   1354   1355   1356   1357   1358   1359   1362   2852   3070   3279
104   1363   1364   1365   1366   1367   1368   1369   1370   2697   2831   2967   3049
105   1371    425    432   1372    566   1373   1374   1375    652   1376   1380   1381   2825   2988
106   1382   1383    204   1385   1386   1387   1389   1390   1391   1392    518   1393   2955   3129
107   1397    551   1398   1399    101   1400    629   1401   1403   1404    726   1406    698   3297
108    185   1409   1196   1410   1411    317     54   1412   1222   1413    667   1415    829    433    572   1418   2954
109   1419   1420   1421   1422   1424   1425   1426   1428   1429    344   1432   1027   2838   3288
110   1433   1434   1435   1436   1437   1438   1439   1440    505   1095   1257   1441   1442   2748
111    117    872   1443   1444   1445   1446   1448   1450   1420    901   1451   1452   1016   3279   3282
112    576   1456    605   1458   1459   1460   1462   1463   1464   1053   1061   1467   1468   2997
113    221   1109   1442   1253   1471    503   1472   1473   1474   1475    774   1476   1304   1477   3002   3303
114   1478   1441   1269   1479   1480   1481   1091    160   1482   1483   1484   1485   3131   3138
115   1486   1487   1488    712   1490   1493    820   1495   1496   1025   1497   3099   3171
116    666   1500   1216   1501   1236   1502   1504    392   1506    834   1415     52   2855
117   1507   1508   1509   1510   1511   1512   1513   1514   1515    554   1406    631   2689   2725
118   1518    817   1519    682   1520   1521   1522   1523   1525   1527   1528    161   1485   1529
119   1530    999   1531   1532   1533   1534   1535   1536   1168    790   2724   2944   3067   3306
120    490   1539   1540   1541    209    647   1490   1544   1545   1547   1548   2813   2916   3071
121   1550    248   1551   1314   1553   1554   1555   1557   1343   1558    617   2947   3078   3090
122   1560    904   1561   1562   1563   1564   1144   1565   1446   1566    871   1567    148   2828   2970
123   1568   1569   1570   1572   1534   1574   1386   1575   1576   2974   2983   3075   3305
124   1445   1421   1579   1565   1580    912   1581   1582   1583   1584   1586   2859   2863   3064
125   1589    914     90   1246   1285   1590    945   1594   1595   1596   1598   1601   3146
126   1603   1604   1605   1142    398   1607    804    898   1608   1609   1610   1611   2743   3054   3276
127   1614    791   1615   1616   1617   1618   1620   1031   1622    335   1624   1625   2727   3274
128   1627   1326   1628   1629   1631   1511   1632   1633   1634   2789   2868   2926   2965
129      8   1636   1637   1638   1639   1333   1640   1074    858     26   2934   3037   3049   3292
130   1644    561   1077   1373   1645     81    651   1646   1647   1648   2871   2948   3008   3022   3097   3170
131    492   1649   1650   1541    715   1651   1652   1569   1653    211   2707   2944   3171   3259
132   1658    225   1046    126   1659    133   1660   1662    555   1663   1664   2938   2987   3238
133   1665   1666   1667   1151   1398   1669    103    401   1670   1671   1603   1672   2755   2865   2935
134   1673   1358   1677   1450    867   1679    899   1680   2970   3073   3105
135   1682   1683   1324   1684   1122   1686   1687   1688   1568   1391   1689   1690    289   1691   3007   3069
136   1693    194   1694    420    437   1695    837    115   1696   1697   1698   2937
137   1365   1701    544   1339    740   1703   1704   1174   1299   1706   1708   1709    796   3116
138    700   1711   1712   1713    408    957   1714   1715   1716   1717   1015   1718     99   2709   2770   2874
139   1515    630   1719   1720   1721   1722   1723   1724   1725    990   1727   2960   3297
140   1731   1732   1271   1733   1734   1735   1736   1737   1738   1739   1740   1741   1742   2732   3225
141    860   1744   1475   1745    775   1747    464    845   1749   1233   1751   3281   3298
142   1754   1755   1359   1756    692   1757   1758   1759   1760   1763   2713   2993
143   1766   1724   1580   1563   1146   1769   1770   1507   1771   1403   1772   3141
144   1773   1318    581   1382   1775    480   1776   1777   1778   1779    764   1088   1780    287   1781   1686
145   1783    416   1784   1785   1223   1786   1787    621   1788    973    950   1789   2710   2945   3022
146   1790   1791     38   1792   1652   1576   1616    787   1794   1035   1795    719   1798   2724
147   1799   1800   1801   1803    363   1804   1806   1807   1809   1586    906   2775   2932   3014
148   1811   1812    868   1813   1288   1087   1814    292    922   1816   1776   1818   1819
149   1525   1820   1821   1740   1823   1824   1825   1826   1827   1758    687   1357   2726   3182   3282
150    240    674   1830   1221   1831    880   1294   1833   1834   1835   1836   1346    615   1837   1786   1839
151   1841   1842   1843   1548   1844   1183    854    459   1846   1847    495   1848   1849   2817   3263
152   1853   1205   1854   1855   1856   1857   1715   1859    304   1860   1862   2913   2956
153   1596   1863   1239   1864    980   1865   1866   1867   1058    934   1349   1868    919   2686   3233
154   1871    739    795   1615   1872    540   1873   1709   1874    336   1875   1876   2806   3041
155   1877    598   1070     11    456    359   1882   1883    471   1460    584   1884   1885    909   1804   2951   2990
156    500   1268   1482   1886   1440   1888   1889   1258   1094   1891   1892   3051
157   1893    720    163    823   1894   1895   1617   1897   1898   1899   1900   2798   3083
158   1901   1372    559   1902   1078    166     20    653   1644   1904   2660   2963   2978
159   1905   1906   1889   1907   1908   1909   1096   1910   1911   1439   1252   3303
160   1913    986   1914   1915   1898   1918   1919   1920    176   1921   1922    370   1923   1926   3157
161   1928   1437   1929   1930   1473   1931   1010    853   1842   1179    502   1933    427   3252   3256
162   1934   1935   1936    314     49   1937    156   1093   1940   1942   1943   1481   1891
163   1105    227    272   1944   1945   1946   1325    557   1947   1948   1628   1949   2987
164    229   1950    549   1397    108    702   1009   1951   1476   1263   1952   1110   2714
165   1923   1953   1936    315   1954   1956    383   1957   1958   1959   1960   2798   2950   3118
166    781   1961    762   1963   1311   1557   1965   1683   1966   1967    284   1124   1968
167   1969    878   1833   1970    664   1410    188   1971   1972   1973   1974    563   2722   3108
168   1975   1914    989    891    815   1976   1978   1979   1980   1981   3066   3155
169   1983   1354   1679   1984    296   1777   1389   1985   1819   1986   1987   1988   2695   3069   3217
170   1067   1990   1991    735    883   1992   1993    366   1799   2990   3015   3030
171    983   1611    260   1721   1999   2000   2001   2804   2870   3005   3019   3063   3141   3257
172   1272   2002   1741   2003   2004   1371    424   1178    510   2006    431   2008   3277
173    788   1535    932   2009   2010   2011    742   2014   2015   1068   2016   1059   2017   2018   3085
174    918    294   2020   1868   1342    979   2021   2022    927   1967   1689   2024   2025   1816   3132   3191   3217
175   1639   1334   2027   1366   1704   2028   1300   2029   2030   2031   2694   2733   2805   2895   3174
176   2033   2034   2035   2036   1609   1242   2037   1506   2038    947   2039   1590    814   3124   3280
177   2043   1281   2045    121   2046   2047    813   2048   1048   2049   2050   2051   2938
178   2052   2053   2054    843   2055   2056   2057    995    236   2058   2059   2947
179   1747    467    862   2060     18   1262    767   2061    784   2062     78   1234   2063   2982
180   2064   2034   2065   2066    943   2067   1909   2068   2069   1940   1101   1892   2070   2793
181   1463    602   1062   2071   2072    965   1052   1034   2074   2076   2077   2830   3088   3117
182   1528    685   1754   2078   2079   1821   2080   2081   2083   2084   1044   1976    807   2049
183   2085   2053   1004   2086    233   2087   2088    748   2089   2090   1533   2091   2915
184   1981    893   2092   2093    684   2084   2094   2713   2744   2918   2933   2995   3057   3157   3224
185   2095    895   2097   2098   2099   2101   1809   2102   2103   2744   2765   2782   3009   3239   3243
186    187   1970   1411    681   2105   2106   2108   2109   1943     58    665   2110   3031   3138
187   2113   2114   2115    445   2116   2117   2118   1512   2119   1632   1497    210   2708   3122   3295
188    564   2121   1075   1646   2122   1412   1973   2123   1783   2125   1835   2127   1219
189   2129   1127   2130     93   2131   2132   1086   1814    290   2133   2134    920   2928
190   1306   2136   1946   1682   1331   1106   1963   1265    280    782   2882   2911   2931
191   2138   2139   1320   1781    578    475    704   2140    608   2141    970   2143   2973   3077   3304
192    686   2144   2145   1356   1824   1757   2146   2147   2148   2150   1742   2972   3068
193    644    846   1005   2152   1893    713    824   2154   1536    786   1792   1650   1540    152   1624   3119
194   1488    718     33   2158   2159   1948   2160    215   1798   1651   1629   2708   3050   3075
195   2161   2162    756   2163   2166   2167   2168   2169   2170   2146   2732
196   1409    441    569   2171   2172   2173   1201    181    343   1972   2174   2175
197   2176    521   1807   2180   1154   1459   2181   2182   2183   2782   2859   2951   2957   3080
198   2184    949    618   1788    978   1345   2186   2187   2188   2189   1554   2761   2952
199   2190   1527   2191   1731   1276   2192   1823   1478   2193   1434   2194   3051   3265   3277
200   2018    936   1050   1794   1620   1032   1071    738   1871    794   2197   2983   3067   3173
201    890   2094   2080   1287   2198   2199   2200   2050   2204   1756   2099    811   2205   3066   3262
202   2025   1690   1966   2188   1344   1553   2206    977   2208   2211   1113   1315   2877   3000
203   2212    309   2213   1911   2214   2215   2065   2033    802   2216   2218   2875   2879   3054
204   2102   1803   2220   1913    177   1975    987    897   2222   2223   2225   2804   2894   2918   3247
205   1773   1387    203   2228   1627   1332   1691   2160   1949   2888   2931   2974
206   2071   2229   1121   2230    258   1036    964   2231   2232   1853   1204   2235   3025   3034   3166   3215   3260
207    888   1990   2237   2238   1800   2101   2239   2240   2241   2016   2243   2778   2995   3094   3247
208   1474   1259    773   1951   1008   1930   1745   2245   2063   2246   2716   2901   2992   3301
209   1830    677   2247   2039   1238   2249   1217   1595   1500    941   2686   3237   3244
210   1660    556   1947   1514   2251   2253   2256   1021   1486   2118   1631   3028   3050   3223
211   2258   2259   1305   2260    310   2213   2261   1856   1097   2064   2262   1905   2263   2264   2940   3181
212   2265   2267   2268   2269   1082   2132    295   2270     96   1158    923   2272   2273   2275
213   2276   1039   2277   1688   1575   2278   2197   2024   2279   1112    925   1791   2208
214   2281   1735   1381   2282   2167   2283   2284   2285    568   1901   2004   2286   2175   2854
215   2258   1099   1303   1471   1436   1910    780   2288    844   1749   2290   2291    637   2292
216   2294   2295   1129     88   2296   1907   2215   2067   2036    948   1251   2297   1598   2298   3241
217   1784    954   1456   2299   2300    412   2301   2302    577     73   2930   3088   3144   3199   3304
218   2304   2305   2306    585   2307   2308    655   1081   1779    761   2309     63   3097
219   2310   2045   2298   2312   1283   2035    809   2218   3029   3146   3226   3262
220   1719   1604   2001    623   1771   2314   1140   2315   1404   2317   1208   1669    725   3147
221    543   1872   1708   2320   2321   2322   2323    797   1614   2953   3058   3083   3107   3119
222    730   2324    635   1999    325    985    966   2325   2317    266   1207   2960   3082   3188   3260
223   2183   1066   1467   1882   1806   2327   2098   1993   2238   2683   3085   3168   3172
224   2329   1428    351   1180   2330   2331   1020   2333   2334   2335   2336   2817   3145
225   2074   1037   2206   2337   2189    976    926   2338   1125   2340   2341   2277   2231    956
226   1780    470   2140   1321   1634   2228   2116   2343   2344    208    447   2345   2955
227   2346   2347   2348   1572   1653   2349   1531   2350   2014   2090   1385    752   2994   3307
228    917   2020    293   2351   1965   2272   1550    237   2058   2353   2354   1341   2355   2823   3000
229   1275   2357   2192   1732   2358   2359   1480    693   2144   1825   2362   1520   3031   3040
230   2363    754   2089    482   2364    173   2365    465   1228    838   2056   3087   3091   3298
231   1844   2368   1544   2369   1521   2191   1496   1019    819   2331   2371   2373   2374
232   1522    157    825   2193   2369    638   1435   2375   1484   1841   1545   3006   3252
233   2376   2006   1270   2281   1737   1375     95   2131   2378   1163   2273   2381   2382   2170   2963
234   2143    601   2383   1206    721   2077   2385   1712    699    952   2229   2386   2943   3199
235   2388   2055   1231    847   2389   2353   2288   1968   2390   1751    776   2812   3078   3091
236    777   1232    766    285   1961   2061   2389   2265   1161   2351   1083   2851   2903   3281
237   2333   2391   1190    341    382   2392   1846   2394   2395   2667   2720   2814   2961   3004   3127
238   2301   1789   1220   2397   2398   2399    528   1462    587   2305   2127     72   1647   3012   3193   3236
239   1302    269   1254   2401   2402   2290   1906   2212   2296   2260    312   2664   3002   3180
240   2403   1988   1393   2022   1687   2350   2010   1574    929   2279   2404   2405   3173   3250   3306
241   2408    604    590      9   1877    737   1874    451   1340    539   2409   2893   3018   3030   3089   3116
242    264    991    331   2411   1618   1900    717     30   2412   1980   2413   1915   2941   3254
243   2416    751   2417   1904    172   2364   2418   2381   1160   2286   2162   2420   2850   3086
244   2421   2422   1759   2148   2423   2424   2426   2427   2778   2856   2927   3040   3057   3284
245   2428    908   1583   2429   2430   2431   2284   1419   2172    356    573   2434   3014
246   2435   2436   2437    322   2438     50   2439    109   1697    831   1502   1665    400   2441
247   1018   1432   1769   1566   2442   2256   2443   1509   1444   2444    138   2445   1663   3038   3064   3149
248   2447   2448   2357   1273   1736   2150   2163   2451    759   2452   2423   3062   3216
249    184    318   1954   1193   2109   1920   2456   1418    375   1935   2460   2981   3169
250   2130    921     89   1589   2294   1126   1813    119   1284   2043   2461   2929   2996   3029   3291
251   1120    267     37   1684   2278   1570   2466   2159   1945   2467   1795   2136   2888
252   2468   2424   1352   2147   2469   2346   2470   2404   1392   2017   2471   1984   2866   2993
253   1894    154   2474   2152    996    643   2475   2476   1953   2478   2323   2860   2949   3183
254   2479   2480   2268    749   2086   1226   2417   2388   1157   2052   2363   2823   2851
255   2445   1766   1581   2481   2483   1425   1723   2725   2814   2822   2861   3035   3145   3148
256   1433   1181   2194   2484   1733   2002   2485   2330   2373   2719   3006   3256   3263
257   2324    984    542    371   2486    625   1720   2487   2488   2672   2740   3004   3104   3148
258   2368   2489   2336   2490   2491   1495   1847   2492   2117   1547    497   2720   2907   3044
259   2493   1755   1818   1983    866   1355   2204   2494   2021   1286   2468   2403   2857
260   2495   2496    111   1952   1399    550   2497    145   2498   1672   2839   2937   3167   3234
261   2283   2174   2003    346    430   2499   1739   2485   2430   2500   1429   2329   1177   2942
262   2211   1558   2501   1312   1117   2261   1855   2340   2502    303   2232   2761   2779
263   1073     27     69   2503    404   2125   1837   2030   1296    614   1787   2871
264   1671   2495   2507    524   2508    403   1694   2439    110   2510   2511    832   3021   3045   3115
265   2496    106   1950   1931   1693    501   1249   1472   2245   1011    219    419    193   3255
266   2515    900   2431   1734   1673   1452   2516   2518   2500   2282   1826   1362   2166   2145   2838
267   2520   2502   1857   2385   2235    953   1716   2521   2337   2186   2985   3117
268   2225   1147   2524   2525   1582   2483   1722   1772   2181   2717   2775   3009   3063   3164
269   2528   2529   2530   1638   1336   2531   1364    386   2532   2533    537   2961   3104   3231
270   2095   1610   1240   2535   2536    894    805   2037   1282   1601   1866   2537   1057   2205   3226
271   2486   2325    324   2538   2320   1876   2539    369    541   2785   2939   3059   3231
272     44    307   1114   2540    255   2276   1030   1790   2411   1625   2341    337   2230   2467
273   2359   1519   1483   2541   1919   1899    679    155   1934   2108   2456   1959   3032   3224
274     94   2544   1942    672     60   2358   1479   1267   1886   2069    942   2545   2448   2546   2110   2549   2550
275   2121   2503   1831   2551    879   1297   2031   1076   2552    365   1969    562   3015
276   1085   2306   2553    654   1376   2554   2555   2275   2556   2382   2134   1164   2948   3027
277   2557   2182   2536   1865   1458   1241    520   2302   2397   1056   2747   2772   3243
278   1839    673   2560   1175    241   2561   2087    758   2562   2447   2545   2422   2921   3074   3084
279   2246   1260   2060    859   1006   1717   2564    709    406   2565     17   3048
280   2054   2291   1313   1555   2390    848   2567    994   2779   2975   3159   3181   3183
281   1645   2568   1380   2122   1695   2569   2510   2570    836    440   2954   2962   3027   3042
282   2184    611    958    414   2571   2572   2573   2574   2575   2521   1713   2831   2895   2956
283   2576   1133     91    498   2008   1278    421   2376   2129    196   2556   2825   3023   3253
284   1215   1235   1413   1504   2123    393    526    830   2577   2570   3012   3021   3170
285   2535   1150   2557   2180    532   2717   2743   2765   2841   2864   2896   3019   3280
286   1622   1897   2413   1922    334   2474   2322   2578   1960   1875   2539   2999   3053
287   1991    358    731   1703   1335   2028   1079   2551   1298    884   1636      6   2409
288    306   2216   2580   1605     40   2540    800   1979    982   2412   2000    261   2786   2809   3218
289   1501     48   2066    946   2038   1608   2583   2441   1666   2264   2584   2879   2880   2966
290   2327   2097   2015   1060   2537   1293   2199    931   2585   1867   2857   3132   3250
291   2391   1424   2335   2443   2489   2119   1508   1727   2253   2587   2481    636   2487   2887
292   1443   2589   1289   2200   2079    865   2493   1760   1827   2051   2852   3197   3291
293   2085   1000   2057   2365    757   2154    841    483   1530   2349   1649   2827   2916
294   1089   2501   1854   2259   2592   2573    619   2593   2520   1551   2187   1001   2567   2860
295   2292   1438   1928   2375   1843    463   1477   1744    840   1539    645    489   3278   3301
296    342   1422   2173    186   2428   1584   2594   2595   2524   2822   2894   2932   2942
297   1848    338   1185   1013   1929   2596    852   2528   2394   2598   2599   2600   3240   3292
298   2106    689   2222   2603   2239   2092   1921   2605   2460   2807   3032   3108   3230   3284
299   1197    321    835   2438   2600    436   1933   1192    114   1698   2684   2768   2843   2853   3056   3255
300   1873    591    600    960   2072   2408    538   1029    327   2538   2908   3188   3215
301   1045   2312   2048   1662    275    810   2606   2214   2402   2607   2809   2998   3026   3241
302    628   1513    593   2608   1319   2139   2609   2114   1633   2345   2892   2977   3128   3273
303   2610    449   1640    164    855   2530    461      3    493   1849   2611   2490   2791   3127   3240
304   2613   2598   2614   2395    349   1195   1956    384   2615   1370   2532   3010   3056   3109   3169
305   2617   2476   1937    313   1958   2593   2574     47   2618   2262   1860   1090   2436   2070   2584   2619   2794   2967   3109
306   2081   1518   2620   1043   1493    711   2621    816   2371   1024   2623   3154   3182   3223
307   2595   2525   1725   2220    389   2392    178   1926   2740   2757   2861   2891   3257
308   1888   1128     83   2550   2068   2295    944   1908   2845   2881   3023   3102
309   2578   2478   1957   2321   1706    377   2615   2531   2624   1363    535   1338   2785   2794
310   2115    207   2344   2611    513    496   2626     14   2491    446   2904   3011   3129
311   1658   2606   2310   2047    128   2401   2297   1250   1130    222    135   2800   2996   3299
312   2627    144   2628   1145   2629   1564   2630   2507   2631    522   2498
313   2626    477    455   1775   1383   2632    911   1986   2633   2343    353   2634     13    514   1677   1883
314   2635   2269   2480   2088    747   2636   2549   2452   2354   2059    238   2561   2826
315   2637   2638   2631   2554   2568   2508    525   2577   1648   2639   2398   2304
316   1054   2338   1038    974    933   1864   2076   1464   2747   2771   2797   2930
317   2575   2640   1014   2599    112   2614   2641   2617   1862   1369   2437    323   1714   2684
318   2571    610   1295   1172   2592   2619   1701    997   2475   2029   1367   2624   2953
319   2564    701   2062   2383    959   2299    575    409    768     80   2141   1718   2737
320   2263   1859   2641   1711     98   2644   1203   2583   1670    727   2435   2618
321   1884    903   2645   1561   2633    869   2646   1680    580   1811   2309   1778   1987   2858   3156
322   2544    940     85    676   2247   1836   2635    239   1594    913   1347   2355   2270   3084
323   1607   2580   2644   2315    305    256   1202   2755   2875   2880   2913   2940   3166
324   2494   2426   2471   2649   2198   2241   2103   2585   2009   1763   2405   2933   3172
325   2645    902   1560   1143   2308   2639   2399   1579   2629    529   1468    586   2176   2651   1885
326   1834   1350   1785   2249   1212   1237    971   2300   1863   2772   2797   3193   3232
327   2027   1368   2529   2613    405   2572   1637   2640     24   2565   2596    857   2709   2763
328   2378   1162   2416   2479    750   2636   2267     97   2451   2168   2777   3225
329   2603   1801   2223   2240   1992    887   1971    183   2171   2594   2552    571   2429    364
330    680   1529   2541   1918   1978   2083   2623    818   1895   2093   2941   3161   3184   3235
331   2420   1902   2285   2515    910   2632    357      1   1080    511    570   2434    175   2169   2652   3105
332    968   2138    627   1330   2609   1401    728   2386    697   2689   2714   2780   2868   2976   3017
333   2046   2589   1017   1042   2653   2444    122   2078   1451   1659   2726   3028   3154   3242
334    870    124   1812   1137   2461   2654   2307   2638   2651   2627   2553   1567   2646    146   2811   2928
335   2637   2511   2630   1696    197    422   1374   2555   2654   2569   2133   2576   1135   3167   3251
336   1562   2442   2497    147    558   1510   2314   1400   1770   1152   1667   2628   3115
337   1820   1022   2653   2621   1523   2190   2374   1448   2484   1426   2334   2499   2516   1738
338   2161    755   2470   1353   1985   2418   2348   1390   2634   2652    517   2518   3068   3073
339   2656   2427   2649   2469   2562   2091    753   2347   1166   2011   1532   2243   2718   3047   3095
340   2251   1944   2620   1041   1487    274     36   2466   2158   1664   2607   3079   3242
341   2610   2492    633   2608    592   2533   2587   2113    453    546   1337   2488   2667   2904
342   2237    885   2105   1974   2546    663   2605    690   2560   2362   2656   2421   3216
