# vtk DataFile Version 2.0
polydata
ASCII
DATASET POLYDATA
POINTS 1721 double
3.28539752762748 6.33043018180427 4.48568013671933 
2.75563345224258 5.74679887641501 5.17945826088493 
3.37249015439275 5.0280542048886 4.16989835099883 
3.87823987184784 5.33264220992442 4.3170443512433 
3.88888240679093 5.56113193814277 4.23983521071031 
3.1311090782713 5.00242578606359 4.87635469477047 
5.80468251424287 0.732183955822562 2.29714056842921 
5.79394735762877 0.5751668712288 2.75933729389026 
6.05177165964437 0.47133473934225 3.15242339107081 
1.42247558009029 3.02602878725068 6.64208454689255 
1.07416965003892 3.30230752186402 6.52638899503861 
3.34591273065815 5.46762030963776 1.14896566146586 
3.30147971669184 5.57059248403313 1.14555125707985 
2.74928393629566 5.49853641815439 1.19002337968119 
2.31586007757515 5.75002846676391 0.676822762411547 
5.04303095904279 3.85306196341003 0.025539945145063 
6.20867768168414 3.34250771973038 0.41059082352168 
5.74770434837984 3.28013607498062 0.581649491628873 
5.93291896064001 3.48187328669745 0.806416604429368 
5.51606247031107 3.62675284172163 0.775542585758349 
5.73894273011713 3.97019350538512 0.834345637117059 
5.7433447641275 3.39180911253748 0.770107823642488 
6.25033059607875 3.40144602003251 0.476539958829606 
5.89207980986489 3.9287748139807 0.85243733246226 
5.20046635548311 3.56058228067895 0.354635283794212 
5.16412107772785 3.64272127927667 6.69529720501356 
5.20898456641998 4.08282665340305 6.75683498629387 
5.08993031250021 4.00601382692596 0.0180790086301192 
3.03440020161139 1.06466616730847 1.10478609118908 
3.29340440059505 1.23276623471957 0.392947853027909 
2.0568138573739 1.59588529491456 0.703195996488016 
3.36157572036741 1.55250581082256 0.648510020836289 
3.11477953684495 0.936857741966539 0.571697754438349 
3.17188166176241 1.47318120000005 1.07620736995194 
2.78463245499697 1.78514574220646 1.17189084908172 
2.50428726427729 2.09847517917223 0.778969325433346 
2.68139538362378 2.08928597022108 0.911571388024263 
2.57750526610808 2.13486926506573 0.675972812680811 
4.81879871641493 3.48680325205578 1.56283700311482 
4.73897087099283 2.11878779806531 1.58490322255862 
4.44941426547709 1.93342264242789 1.72232576799159 
3.56870220109926 2.65274581102034 1.46760299257763 
3.66593592446274 2.9534200803104 2.01000141260406 
3.97461496799742 3.35579522088928 1.85536281586997 
3.78952501653726 2.11531896152841 1.65450094426727 
6.420226318206 1.987595313722 5.02897917524075 
5.88265765221916 1.52196474681907 4.99943898859577 
6.52872479782292 0.5801677370257 5.2992055389945 
4.35716131418615 6.20463543866036 5.33550416672616 
4.28147523771824 5.9600440639017 5.68548284111812 
3.78414948683535 5.02795949528022 5.28402794499768 
2.19486496241868 2.67675437320982 5.1753240273318 
1.52505485748642 2.80299954986604 5.65310129889884 
2.26366062652847 2.84030502416832 4.7878682601169 
1.87864407021651 3.01251685549903 5.57018634352627 
1.24747971058723 3.1885772546462 5.58794441095117 
1.75105755961546 3.31988541786776 5.50282796059302 
1.24150715807548 2.96398547300925 5.61625450241547 
1.77677490000794 3.5057053933026 5.13433588104089 
2.03431548919583 3.30902001988607 4.71981679792244 
4.41089725121887 3.11448931867949 0.554655375051989 
4.06592881244211 6.71461055414916 3.63468870486588 
4.61589665899867 1.59484484908004 0.428506892462853 
4.53106741101868 1.08342153626617 1.63211230818856 
4.32584645241369 1.28035102953719 0.60133228380545 
4.26612224297861 1.10362591104339 1.39783991418968 
6.34514242100783 5.40862711872991 6.46444707690459 
6.37334022716239 5.42258756455537 5.97932325175593 
6.65971228141597 5.94735566619122 5.75048994780678 
6.59834106235468 5.11844106280034 5.79792352871055 
6.56381790952303 5.0261419773039 6.67382843707323 
0.442946023190466 0.843842659167451 2.71856354485205 
0.379203036338038 1.14718650692331 1.87226184407458 
0.251465552109825 0.978213167822601 2.10006428073795 
0.922558888438021 1.79637876939036 2.76037153282668 
0.822708433555678 1.19816873005055 3.04643986400293 
6.22679056654375 0.540805318921009 1.29192382074025 
5.55898648842239 0.69127491965301 2.25322132511262 
5.0800130262699 4.75477547805837 0.780133791547953 
4.94474278558692 5.83870850028287 1.01499937134346 
4.70818799379516 5.51989023672298 0.998284906757629 
4.64677734238826 5.45306560400013 1.51975088515012 
5.48276947415044 4.55550235344685 1.21190120213026 
5.49854018528809 5.6169240803423 0.580369281919028 
5.51569382689098 4.62572731380728 0.821984765278946 
4.75535939804161 5.24232833368406 1.64134348742634 
5.72287911215157 4.75012896650547 1.4618638580822 
5.04660380142838 4.68711139319912 1.20454701950293 
4.99763313827908 5.09533634712976 0.62016066072067 
5.44513403867977 5.31548365656175 0.447691512367537 
5.81337541523713 4.98959529212745 0.628386224655216 
6.62730774811722 1.24980924709157 0.91372692157931 
6.42106222428578 0.821169431169411 0.818762193274488 
0.748551931036411 1.46145041095853 6.12576206239612 
0.866563333063666 1.76060386721488 5.89749657931494 
0.470539414435421 0.759359781165953 3.60403148237581 
0.895400440455257 0.322235553666993 3.82963982524664 
0.764556265895824 0.296728819186194 3.81871811196577 
3.10338255665459 1.83862797686043 5.00023968605925 
3.08911660630799 2.56446811754907 5.40853908198672 
2.33296992399865 1.64354033560493 5.07772053287938 
2.96733289160268 2.7812549922697 5.33295847892378 
2.66546120536338 2.67024894045353 5.48075753639501 
3.31122591017103 2.29744106336758 5.090965956167 
2.15755759303554 1.8554486330312 5.22797224426545 
3.0871314243637 4.44190315228813 4.96218762195063 
2.68596673396443 4.55103070526168 3.66345919039861 
2.22174795815445 4.34019709501046 4.25902770743726 
3.39270797875434 4.75787758518951 3.97788275796684 
3.29876597966028 4.44512376524822 4.16033671676926 
3.05472320647445 4.63670412347514 5.08716380955028 
2.43492837248646 4.35097977057993 4.99563836863472 
2.62293758673175 4.65381891526071 5.17012113940184 
1.06122351753052 1.77585975246818 4.89659860326529 
1.40531885812228 1.2076000387542 5.23171413513591 
1.77864300603091 1.01818388144074 5.11359674835878 
1.76451239176089 3.07844163485762 0.381384162975792 
1.49039939401584 3.44674285462266 0.732420536879923 
1.77029016176928 3.56569227838537 1.06326712379989 
2.06154424782562 2.4517246757185 0.889657972305571 
2.04259278574517 2.75356569928051 0.498598832809913 
1.79727485211815 2.47723626232821 1.6582660736927 
2.38267718060082 6.51907876134977 0.48240879662664 
2.16374840707644 5.87305853560892 0.742760672219099 
1.99343110349622 5.65082435586737 0.61236717949435 
1.68415127575122 6.54020237130367 0.387640473259876 
2.12003624269607 6.39706442196851 0.655190922755201 
3.54531483278579 2.58181340729489 5.85863517954357 
4.33147523055485 2.77410046116207 6.52719155329826 
3.58180338702871 3.1183953037954 6.23677717413668 
4.08836633549415 1.8642697562533 6.57216835813253 
3.53238868380578 2.63736688110161 5.67759492305927 
2.7092271632913 2.44240615288103 6.48896709217399 
2.78264769981944 2.89920286069438 6.65158092322262 
2.47144538197628 3.49500563604641 5.92421313327468 
2.30370883763337 3.03899529194031 5.88489015782223 
3.67881380747269 6.6530138202279 3.61536221008097 
4.34590702945327 0.219290293707204 5.48968105356998 
3.7596863402437 0.220337343499035 5.58562482740065 
2.93864700377013 5.76339553807924 2.21754873286311 
3.97303115168503 5.48141335159916 2.8883143234576 
3.54892477503908 5.59687991693176 2.1442313576585 
3.76408246630947 5.90170382461971 2.40465920496557 
4.54311559400509 0.381814927894236 5.33245211540661 
4.40487872965075 0.428168632788877 4.99504969724889 
4.8140417223323 2.9563978759015 6.36427802067527 
4.64370024938132 1.48224316292352 6.60815385316541 
1.7471752420145 3.90212197106825 2.15315133419389 
2.05671067848073 3.53026146931643 2.20613943532018 
2.8665020320317 3.90760975434677 1.59998308838714 
2.69240783903132 3.45926606369123 1.21449902821699 
2.67792725462462 4.27246695151128 1.49360387512716 
1.68037941599031 6.29306843677684 3.70355160682593 
1.31434615618753 6.92495079117649 4.65753398515781 
3.58675459363674 1.52558903644817 1.4404738208588 
3.49729787416183 1.83488759085044 1.6685902886451 
2.90730515349497 4.64025289851163 6.10758653008092 
2.05425688815771 4.14213483038054 5.72855361663464 
2.70939580423037 4.61160451051466 6.14867114180828 
3.11613487464281 4.34694499291445 6.24790089431677 
3.33666101028227 4.46791483780762 5.29719008451281 
3.37009643281514 4.14832467726022 5.85622079162618 
3.21583341579303 4.63758416917677 5.30745011694759 
2.08157151220576 4.04594142535553 5.3421842366401 
2.06962993618077 3.86153758434901 5.86662814851414 
2.10956782079818 3.73580790230001 5.73004904193607 
3.03318829074987 3.8089619635494 5.1949520484571 
3.24364064737904 4.31533675466321 5.06532568558212 
2.44763424743362 4.61744250257592 5.86181028284387 
2.11554496621813 3.92630067787835 5.33682545384347 
2.71350549489815 5.89501941490211 1.72337831140718 
3.72224830924571 5.39026833266634 1.61734679942515 
2.57329181076096 4.71588813472658 1.77000388519372 
3.70607050940686 5.10456156414887 1.89619580590953 
2.40942775232077 4.94894037266403 1.66628228492418 
2.87119887262462 4.68458684513022 1.55042541269041 
3.37154886052115 4.72781167638191 1.94197236629788 
2.59830225862339 5.21362326101986 2.51189571038791 
2.14560950081921 6.1529923055231 3.18038290368928 
3.01477626326343 0.233451413902048 3.31228767340389 
2.16184271793953 6.49315607322725 2.75568934631435 
1.77896594393154 5.60304088366371 2.58241026784099 
2.10867396285665 5.3263781101799 2.8948049580577 
1.92356023545833 6.37918464390051 2.48269631890882 
2.60230065476684 6.10325339735079 1.70294391859879 
0.686875912433313 6.01544452879166 5.79465504485712 
1.25953514457811 5.36455970098126 6.26540657951046 
1.3013282405009 5.31161631175799 6.55490186341695 
2.30739415318421 0.69741827780182 2.31228217059982 
2.70777321138263 0.523309502522067 2.13818518629543 
2.50761229531513 1.15330731708149 2.18837373260821 
2.86563664560136 0.821335374230178 2.06446318522507 
2.73549977279537 1.0767694930195 3.37609670364012 
6.1925503978626 0.0150979578235461 5.4789297803861 
5.28665484485081 0.697940316842625 5.57165584183598 
6.51441211765198 0.17171475272493 5.46137636184478 
3.90255627678249 4.7637661782151 0.707619478499418 
3.50372599572557 4.59200563964735 6.67059263628881 
0.597311483401038 4.3481439766111 6.78944205185504 
0.676814693171254 3.63357833906222 5.71316971036977 
1.18156581050238 3.60589219140694 6.6172033086129 
0.430927626164329 4.37848332477174 6.75460094379468 
6.49806829398393 2.33883879789982 4.56646207266155 
0.146636586641268 3.20306966038541 5.01143542867169 
5.87441539486088 3.33413062304618 4.25806803138815 
6.3872590948845 2.57444694334865 4.92007802315188 
3.00442931451827 0.782971401189777 1.48525656063283 
2.43028723883846 6.78269434494828 0.870196622037126 
2.87398710032331 6.89525840550558 1.59516148948259 
2.55007968402626 6.76743787574812 0.670487187233987 
2.85517024432976 6.67154902167406 1.39891293617024 
2.70174389429879 0.180981396471577 1.58123231911797 
5.6080371448719 1.18800998832751 3.9116931135524 
6.20134993152093 0.143817107899017 4.04053404135148 
5.85858530432595 0.203755763639835 3.64452169390725 
6.35860660421639 0.600302927033754 4.33119934890489 
1.9339599087483 0.616494413427561 2.06509590179389 
1.30872304839209 5.23460449322173 4.89433701493465 
1.31780799988361 5.62192419291986 4.88088402251905 
1.40726680225942 5.10435294558144 4.69752587116861 
0.755281950736535 5.86902751585678 4.68620756307781 
0.69918900281272 5.60428508676752 3.60243403787257 
0.946926511723578 6.05491159222478 4.305993918235 
0.945693099943774 5.70056436602531 4.9401691449817 
5.76807797497605 5.13045832506626 5.65244436750786 
5.18365769313783 5.00901653203986 5.60139239655755 
6.11499980432 5.15047804970673 4.69798272185303 
5.52259119179259 5.43153661036042 5.49898386692913 
5.52233617274359 5.60456356716861 5.19837432855422 
5.63246997266425 4.94097723295596 5.73120862305893 
6.23349118254787 4.82768095809402 5.43013781241506 
5.79075480385607 4.62159895141859 5.60608694653763 
5.15787419859417 5.2862116759113 5.51069785094056 
6.3874449519895 4.85030493865185 5.0544427697131 
5.07537857552644 4.76242180379891 5.38549783475817 
5.42706920159167 4.41358317768724 5.31274441848385 
6.21068717879636 4.69430526651355 5.44513421185336 
4.00776550988972 5.27695370145899 1.51286375502101 
4.38345218566858 6.1140136980329 0.667973381874536 
4.8592589149477 6.07648010998911 0.910315667577198 
4.26196950203295 6.26610784145292 0.771193565562241 
6.72924858273774 6.48509182017388 4.78989374107513 
6.83589234992107 6.23239749677173 4.88863141019758 
0.843175798723614 6.5068751943588 4.44151693932925 
0.609545462993359 2.82490254457082 2.09800454191575 
6.42898174267992 2.82067729539869 2.7642317733761 
6.6572990309775 2.25979003666317 1.67534783047584 
0.51130377706602 2.82860874634601 1.80807023865155 
5.40655574865326 1.57450290153324 4.76647202680972 
1.70109660962565 3.35035945601448 6.84703724041307 
2.63818549313875 2.9847686359639 0.20439965003828 
2.3958000426701 2.56816527165393 0.329380550742632 
6.1004728118385 6.56173613661251 5.5838598649681 
5.92167932053845 6.69072688923928 6.36899053064712 
5.57654185916167 6.30031315898489 5.65859126438876 
6.24332657736301 6.75094951004963 5.9463332306165 
3.57056656871077 0.84897802864296 5.90342055270723 
4.01457437175503 4.07594597082404 2.1877754152519 
5.47297936148916 4.1857855966534 2.2101121647633 
4.3869146026569 4.41378252286671 1.9732576165363 
1.23613065452482 4.52829602693057 5.62937205354 
1.20240655424096 4.80705474444636 5.61376751035901 
1.45555104522151 5.09896233036822 5.05352794629862 
1.49751210195572 4.25693414145834 5.09737652547737 
0.45037458936505 3.45298010359242 2.7114103491377 
3.19226092411205 3.88663695625481 2.7883268761423 
3.82440286256618 3.79494652892666 3.6697743717381 
3.42758475211997 4.19249950721438 2.68662840708323 
3.12026419461071 4.603580162995 2.79012263638078 
3.58851525702101 3.65761379242083 3.15232009310496 
3.60042687126392 4.21708308287904 4.12526646586313 
3.59294967839222 4.75037436823834 3.14848970995114 
5.53502126429762 4.26867533324772 1.30254302994092 
6.57956693356278 4.90164778671582 0.348182645262922 
6.28828479781178 5.47749672120911 2.42786723604826 
0.316954447083236 5.10972052358124 1.76440407621612 
0.364720895695304 5.79480913987689 2.71076659298979 
0.589530956073697 5.7390595648188 2.27454660593708 
6.78348723032558 5.00668437179303 1.7275427829516 
0.135351427784792 5.09631116863576 2.88958072601212 
0.329874216436995 5.68009752732859 1.67902876727167 
0.16924612306159 5.40521242443415 2.97980972057931 
6.57852522240389 2.7166952719839 0.259396660452294 
6.92323782556661 2.68544505650705 0.538675449949252 
6.79976308616229 3.10912150954745 0.774255254381558 
2.11096817851955 6.48772390152786 0.830251182139889 
0.683400828005089 5.879351296543 1.05932659587612 
1.56891513318397 6.63664215551746 0.487918055177284 
1.2027291634067 6.40476305417117 0.416216240887286 
1.73706802488528 6.68216796361395 0.88655525035938 
0.934183526446485 2.25007980557168 3.68685114069561 
0.574993205876894 1.70450868004982 3.02525807791898 
6.25632960072683 6.19176017610546 5.44599843688158 
6.41053590993553 6.49243421107023 4.93014187945188 
3.61031413239772 0.985956473967153 0.259046181914589 
3.71492827193379 1.03497516570666 6.80520097116932 
4.28988555265674 2.56267615478255 3.39387430392937 
4.26838704214711 1.99797113612658 4.34309756002837 
4.70399418112851 1.99691138145127 4.0974782823797 
4.75253111434075 1.55139047798227 3.96133554753014 
3.97125312997837 2.34842763016884 4.16650908165161 
0.816309164226996 6.52939691897929 2.01916947922357 
5.73838533657827 2.36586848283759 2.99638357823558 
1.52811466895914 5.49087503958069 2.57158254969015 
0.66763315915813 5.51832388801887 3.32268106040325 
1.43664342119736 5.42734230181708 2.28524754546737 
1.89818740245883 4.99439479568886 3.03722013826229 
2.32409036934758 4.83052524880909 5.97359797635344 
4.67117904005087 4.49701328209411 0.420810155316588 
6.06932512631962 1.60843834505693 6.14935271979594 
5.87114129503338 6.34635564563615 1.91074649421734 
5.9052101515485 6.14812556684542 1.55399888440995 
5.49192330464605 2.57848927327057 0.803143144948228 
3.00089942400443 3.50998600016021 2.26544986776008 
2.46846371508903 2.3403985836885 2.09677202392011 
1.84552292902367 2.33304112990469 1.78342210633296 
2.36844223706199 2.29451600233756 1.78701647361428 
5.14170356829122 4.81946110778246 6.57299103693435 
4.95342468847678 4.37736558425314 6.66319918711929 
4.59804507717605 4.53943061480695 6.01172685717322 
0.9019488116325 6.10933546041892 5.38820955641019 
3.66421970850269 2.25056535260754 5.23484137109038 
3.48438015882037 1.22267219745647 5.75400945630181 
3.71430613039934 2.50381445021849 5.60043444313734 
0.989048473671667 4.24397327286159 0.684395898474861 
1.75256780830153 3.81506025910229 6.72065276598757 
1.57036609684251 3.59741135166391 6.8448398947036 
1.96570518956731 4.51098570752061 0.238241287065322 
0.772820055816523 4.03329488699303 1.74461054352739 
0.382281199201796 3.66502096264048 1.02626470792862 
5.84217840932198 1.99095562979133 0.741321461715054 
5.74032137190517 2.05238132428381 0.888460482460057 
5.54620426177177 1.28108826839085 0.249286482243044 
6.1541651208124 2.88507087568701 5.87781349321038 
6.14197379268484 2.81385120352518 5.98890786504006 
4.80230176669954 3.41036176732426 5.89584961819207 
6.10614146069027 3.37654229651885 5.86291487352964 
4.74720028046556 3.30474178909229 6.32179572670789 
5.7623716825299 2.72358181491289 5.66732533734058 
5.39579608890551 3.06059772565744 5.49157603846879 
1.49967519095791 5.02992303389666 5.95030956474442 
1.64231570880185 5.89407138145827 5.31076104920331 
1.89100976228649 5.4554138490155 5.56749519268536 
1.88235255334123 5.43286921508715 5.68283557308607 
1.31959945406473 6.18691464531978 5.56801946462149 
3.70666327195488 6.35931437497224 2.41124197993088 
3.53646675067028 6.79702815468452 2.10783673855699 
3.88791624031231 6.01998964062769 2.30636163660244 
4.25964924531759 6.69806253211395 2.61898755985277 
4.33696215207088 6.06493335133474 2.44022964622835 
3.92258866595831 6.73440635926106 2.59800306874303 
2.40956827180778 6.00965934591612 5.32930002035247 
1.90290924483122 6.11076282606319 5.17717128192142 
5.40758625918697 4.62536748403869 3.253662870734 
4.92950592571112 3.60378417361185 4.16543726655258 
5.14463234321712 4.76520960108332 3.53541300764357 
1.84108810509671 0.721636465127243 5.40995333095719 
1.39510504912242 6.86803216241303 5.3824115587475 
5.39868216945504 5.16788747824053 3.34016313436142 
5.1701272298423 5.05268780839343 3.5282578366824 
5.40800157882744 5.65465181306732 2.83666833631561 
4.31553805144555 5.37633778627251 2.97208891844434 
4.86965741580654 5.68453007814674 2.59891847241487 
5.26791950171022 5.16443460812616 3.71454389014708 
2.82452272385793 1.98455865339679 1.39984797443011 
2.56254162945259 1.94926405952684 1.72666421366307 
3.11585952008979 1.89109003544227 2.36616980589408 
2.70308644855338 1.9631914647001 2.16397289239146 
3.01994764729006 3.38904952604818 3.92800904212248 
5.50648695476017 1.85683340289079 5.76944535314608 
1.86061455046238 4.76856255845589 1.60803662786929 
4.16481259207289 1.03391003919853 0.37626596040491 
5.76964007153493 2.50337450942647 5.21990780060403 
6.35046031222321 2.49108411146242 5.04844180056698 
4.6758402661894 0.838282527730539 4.51769325196608 
3.45122224562932 2.19705834359877 2.56566949319287 
3.98225320323905 0.970879183565679 3.01317947041959 
5.09834674828062 2.12881479052434 4.39530519635533 
5.19050113704962 2.58780739519591 4.70130201906065 
5.05121236146861 2.21944351339509 4.76210981731484 
5.20724350655067 1.92874023807881 4.99852660373508 
6.29419353977211 5.45478354039668 4.57292896573234 
4.48213520174417 0.867635286541963 4.88767454816298 
4.70047267926238 0.81317078430714 5.39305040256697 
4.6589670668841 1.0022523087578 5.09949789413022 
3.42894905330347 2.77490239680833 2.5051640353524 
3.67406418773456 4.11042701203719 2.08412406335111 
3.5817525652816 3.91073884009014 1.97057022311645 
5.72744812844536 6.19244656770617 2.45018299660244 
5.79665262048144 5.79110374639859 2.60373980661537 
0.208868733360204 0.867809066805659 3.89307320637761 
0.704991676902593 0.212995330900029 4.06653511093515 
3.86960911076815 6.93726431549588 3.07515597290355 
1.4655652239363 1.89884496954144 0.773083477038222 
4.12600487527512 4.98540715635715 2.96827471140583 
5.88437101679746 5.5853150542255 2.39894165194062 
3.07391450198128 3.09833921796765 0.412607386153682 
2.43061744949014 2.35122054834658 3.33488890225369 
4.35576491484457 2.73767171205297 5.12781523463998 
4.12576753565934 3.46312601340342 4.94087428670518 
4.33460262864596 3.6146416577091 5.61956470233237 
4.32986889958885 2.7749142428717 5.24216714212222 
4.11321948871084 3.31495188841815 5.29204311004712 
4.53968106125628 2.67022211456035 5.1648012088433 
5.05705204098788 2.81755812951761 4.80228112080518 
5.43105285487544 3.26052135965837 4.80592014195868 
4.89622460601332 3.46712566339441 4.49060416197123 
5.34315585782795 2.93473189906768 4.92996622395903 
6.10110166162389 3.72460173811568 2.9573387945226 
6.13591405552713 3.26072706363242 3.09518763734791 
4.48221672299939 4.91745313011139 2.2455313613551 
4.13585693764505 5.17651078985464 2.83830780859257 
1.58114926522149 4.88111911561225 6.57380131561812 
1.541141872321 4.14037959741863 4.09249303198698 
1.44636857892847 4.28482741752562 3.81399715308179 
1.32547513720928 4.05532500718157 3.63040924704446 
1.51781980404563 4.4506974740436 5.94664199606372 
1.64912965604674 4.80252633204544 6.09736684085268 
0.928375168661319 0.237745440980401 4.12848530883613 
0.153263867863087 1.77108729811944 4.43232044267214 
3.85558214437881 4.61168537585647 5.30770982906906 
6.4174110836126 2.42066747968514 0.27110002225 
6.2729565439425 1.90477562640382 0.906230489102917 
6.56376834834673 1.37011211301495 0.754839206549576 
6.65970656387162 2.17906139720812 0.569590201479016 
0.701936548485741 1.91296793294688 4.95295076956435 
0.500246684236211 1.9314013709003 5.42349760603166 
0.428137733405786 2.37367557890165 5.50791504092065 
0.62337744848706 0.745580850318271 5.01373042173499 
5.51521573401116 5.88027170047614 0.28993104717269 
5.58129120693705 4.90002789601895 3.16119530766588 
6.29461540731928 5.25659134423048 3.76680863962735 
6.6454099346805 4.81325833185175 3.93352987813571 
0.242604857329731 4.68304452219707 4.04025052079713 
6.80025829366928 2.58703401791175 1.11744861323386 
6.93094085136736 2.45883670221488 0.69202034392587 
5.70027709272335 5.8863094692468 5.52147339439852 
5.93557631330477 5.40042478862747 5.91881927097252 
0.329419413047033 3.79269629270689 2.68198881953796 
0.246771427483818 3.90886771603908 2.98596475067445 
3.59960047766474 0.604167743511598 4.01481624189403 
4.40026996352381 3.65976926737202 0.542386911589353 
3.97999104925652 4.17216013725418 4.76472524691774 
4.35680344857211 4.83791950252993 4.75016384298108 
4.6317793106143 4.39794746427534 5.73031254605941 
4.26321521278042 4.42298600032405 4.4236135414513 
4.26283470176798 4.31429897259184 5.61232544737329 
4.03239796351305 4.52186322655156 5.16572822513609 
2.46352584554994 3.61986219815824 4.61912004467105 
3.20876098499609 3.5064664474613 5.05754335717458 
4.67980672950631 2.19718400693105 4.99139487664929 
5.55822090678203 4.80503387945312 6.50802626338731 
3.68731956686856 3.6014300375697 4.74859640518389 
3.71593413140658 4.09959530565562 4.6782982730433 
3.62318072943092 4.35590793593292 1.84436087960134 
3.72290412503008 4.18382866995838 1.06599399165057 
3.44561979635538 4.17346439119294 1.55508935627595 
2.89422216141149 4.46401257633771 1.42454585995272 
0.615106584128718 0.669967496149685 4.98416239662008 
4.29386198246314 2.0900367058214 4.82206433076499 
6.58463992287801 4.58563211971097 4.11069022416655 
6.54654817331859 4.13958621772175 6.03150247909015 
3.06319674591891 3.32630097734518 0.527626698260049 
3.15273540026647 3.28265834175601 0.886455673379255 
3.7922487243618 3.84262616265493 0.968138500824784 
3.42978921692541 4.0460183541324 1.58720880372208 
3.69722374746972 3.69956670608207 1.13260734004635 
5.29603066697904 1.77872522511722 0.986127350052863 
2.86932264830914 1.03490403785151 1.16323486305862 
0.687669687383601 4.31525786109483 1.11700193108205 
0.347921508579992 3.92571919435613 1.17453550800231 
2.49890494680968 5.79612599504536 5.46039259949274 
4.36147033818825 4.55591300920025 2.69303388566949 
4.53337617789156 4.66135972334213 2.31017037976864 
3.09535400541391 5.42425427468721 3.53693884555577 
5.52471265990499 3.96759885052343 2.36209249346583 
6.09192433659258 3.75894480297262 2.63211974122978 
4.84722554278856 4.93859578201943 6.05887063836077 
6.16294074319933 0.779960909973902 1.15035018652259 
5.2557020104161 1.36420081411293 4.22726304252693 
5.41282933811154 1.65157845725333 4.42513433245233 
5.06661896016303 6.10698390786124 3.99270887900922 
4.93834264105406 6.3934129277376 4.36807845628461 
2.16785896625491 5.56704862346544 0.562015503158927 
0.719416207397208 5.36998806853013 6.17106242585353 
0.540499877711346 5.78959378474944 5.87077713171086 
6.58152803916909 3.09379126739506 3.79130504112619 
6.66341428239909 3.18259359949239 3.42167653583624 
3.21667003570513 0.833681570304259 1.39608384888461 
2.00705078349403 3.34747549524715 2.53050444681879 
1.46504718394717 3.94738809053832 6.3047157871786 
1.35098281392738 4.21862648843108 6.26816433123365 
3.0869346157951 1.73407084029372 3.34849440207715 
3.02553965184233 1.93522642854411 3.17068582494778 
6.50139758520479 0.213147567182406 3.98160975870904 
6.60508394390247 0.438366379892699 4.15449003275098 
4.27063893690587 3.67585554117044 4.9520714286625 
5.99304169434395 6.13471285690381 1.69933438330273 
6.00896073218734 5.75315531942582 1.81341444550619 
3.4712445231613 1.762067416568 2.1744593018475 
0.417831737235294 3.3491835545113 3.13927483006353 
0.79072044266263 4.75963273164969 2.07201504126873 
1.3516205380567 4.93378755498308 2.20825907019008 
5.97607343726534 1.04642692135334 6.38016969833823 
1.41662690636844 1.75698392286922 1.60044946395913 
1.2145718559557 2.21833207266633 3.80001541413966 
2.50617239947797 0.685687299052968 6.42112061119933 
3.99748329554418 3.67873388551313 5.94614259063642 
5.53231514951969 3.43169848769152 5.50801862961991 
5.5465607964107 3.56936223970868 5.13306066495579 
3.32019935906607 2.55167942463258 4.57843890847705 
3.88087889504578 5.40455253979971 4.65028568851951 
3.18754344847936 1.24642874019767 6.309835128943 
2.28500945536734 0.27920807659877 1.05439309667842 
0.744842297537564 5.79769711505439 1.23268241332852 
0.714235478771824 4.27564689679395 5.72450592610028 
0.686920555654005 4.23731248048989 5.68884902077613 
0.11363386132619 4.42633818388492 4.23274132078112 
0.22586879588502 4.33851729966402 4.68579327812292 
3.5208995912078 1.08455136329119 2.21680424399141 
5.68254950895179 1.8360788806069 2.44069740687825 
6.54772304325016 1.83612190478799 6.12837515882957 
6.62227111933162 2.53469428620276 6.08425914442946 
1.11113866913798 0.402061322162987 4.49454891544549 
0.383959804913774 2.26923411971371 2.67590011694163 
0.592661969570879 2.29768393617206 2.31444573198401 
0.651884627516138 4.88316622609888 1.38285346748829 
0.416965930603066 1.6260869295243 4.72506898500532 
3.92743142059453 6.4722933189563 5.14076057742803 
4.03335850844601 0.124351609403161 5.29315353045018 
3.53476054131557 1.20327336958902 4.53908239134858 
0.817355125186797 5.31599025725991 4.9840079361796 
6.62509021892061 6.6552668300799 4.12693557981996 
1.35504080574277 2.17643208005997 4.78521140944014 
1.4860376613741 2.1761182325255 4.55560178703403 
0.599455731588904 5.30901237305738 6.51561028946845 
1.22890938443539 6.10458264899974 5.95161492577125 
1.47681765346671 5.76152195827762 6.14017160530605 
1.39314308207387 3.3262222894481 4.48755198234587 
3.10353543585646 4.8948006717234 3.68099969297564 
3.32939372618074 4.87619567204507 3.10927250598059 
4.10896904424053 5.17223623940071 4.22556375392304 
0.780885113135589 6.18557836593348 1.01900612722121 
4.72938238611093 3.21774715080903 4.48130890618461 
4.27407037727935 3.17223186809331 4.7275038094647 
6.8559016743705 1.94359411120526 1.84351960983964 
4.00268775542653 4.37790166668441 1.08651988563202 
5.18801536160268 1.07880206232849 4.81683654682828 
3.49254089077963 1.42015498258241 5.17584144977649 
3.65155021923481 1.15672201003482 4.84934990659116 
4.45851554204932 1.03278629984578 0.800894112298549 
5.91684905776324 1.71003066616939 4.2348950263102 
5.44927651953667 0.499547021925821 6.16553660888604 
6.48585398298066 4.86527900724905 3.45383776358219 
6.33126615863158 4.71228056357178 3.30081330899357 
5.60206603593287 2.74165022223215 3.0141374623923 
5.2596281621976 3.80942085091577 6.5525100067224 
2.97177673342796 2.91060577353977 3.7592098129772 
2.62333276906906 2.85632350867257 3.55530581463891 
5.77353382879104 5.06844244786386 6.73449987117194 
4.20603133266328 3.44876247767046 6.45612802725323 
6.27348973774004 4.00508493798848 6.49870984658368 
2.69899224755711 5.27729046707946 2.55822184945848 
5.96708737991859 2.20218571818805 4.0031821792251 
5.64383222426216 5.66909934162892 5.70432326935116 
3.60727824847465 6.08849416244399 0.886055058199452 
6.43295460682778 5.33196792794827 4.04144275755622 
6.38457493195258 5.19314847038647 4.00229281951203 
1.48277380385689 4.72240272407963 6.6770633441245 
2.73557023419995 5.21390878218478 4.87113813252752 
2.47594690691542 4.97533436156115 5.03729938722435 
2.58867760354044 4.2161141115513 4.89482171433339 
2.56160928571391 3.95685273598114 4.99020526122254 
4.06221978948741 2.63463477501969 3.50965018978455 
4.21586554648039 2.65853006273706 3.73523983562038 
3.46154746076289 5.79801916988526 0.779869708899415 
1.22225454489096 6.76617518511369 4.42424682302421 
2.15110476720759 5.39911732455789 5.67121669867438 
2.15496843780253 5.41449266528677 5.5874692381547 
4.31198082334831 3.45430177484795 2.65835990329045 
0.962263007168093 2.35413835135031 3.38381714887829 
3.64211501652269 3.43078218672293 4.4998663580586 
4.05043324059986 3.10574390638234 4.48856604449675 
1.50022916672168 3.84784309943123 1.72329108761148 
5.32007792511143 3.85109586428239 5.14161901486315 
4.80973874466565 3.69052209928368 4.6410591574232 
5.86394673161261 2.31296212667336 0.421273786114189 
3.570508486704 5.73045241334213 3.99804027022158 
5.08649933802424 6.32270749218632 4.5548951892087 
6.06311170844838 3.41641382053331 2.44494950118701 
6.10120546316409 3.09563184509082 2.87222486963796 
2.22791055835002 5.13487940113403 0.698687071858846 
0.99836727748375 3.78514543211793 1.84872254610343 
4.32086493612328 5.06886719050403 4.6800040373156 
5.99931889044916 5.80742246767565 4.71595989472385 
1.51622433211424 6.58102373849258 5.56284885211125 
3.39458668428782 2.20534412274022 3.13231221488898 
0.533492334332242 1.4814039190949 4.64182623142188 
0.520539709004194 0.785172941085869 4.97104321552051 
4.89758118011688 4.94226276070648 4.86178326843953 
5.43351818891931 3.43615246667963 3.58914719825664 
3.04777693413068 2.36641911898068 6.43286405546106 
0.960050152975596 3.22325397723092 6.12543343447846 
1.02036715181564 3.42187826291274 5.95231886941945 
6.65047242099018 1.64924105692298 5.87977933570916 
6.82900037223508 1.93081352577765 5.48023856389632 
5.43099751167688 0.555904208917168 2.58536637708642 
3.05049642752678 3.58088951538836 5.6032789230792 
1.24899109689103 3.84612179796061 6.30543757926025 
1.12976885174541 4.12213680508633 6.26808578883143 
1.31539739587222 4.3462894951992 4.49633730415143 
5.67572470598725 4.23805496169083 0.564258731124024 
6.05215791555381 4.3510522037633 0.307463231497264 
0.33859862360055 3.82588727816312 1.35843411698642 
3.09008295661803 4.9667790506947 2.58635504132112 
3.32900448979979 4.95936117245852 3.07136075259768 
2.32440470622163 3.62735188943769 3.22365653440658 
1.0295487312593 6.0618338409732 1.53756639729127 
6.35115407377506 2.47268920337798 2.7875962761798 
0.609316611223849 1.73532209589459 3.70891520339292 
2.34282501987016 2.32750335379114 3.45720985820529 
2.37592379305607 1.5201601116244 1.60415725676031 
3.53344652366892 5.41080156472596 0.863605559067006 
3.90554432638274 5.25712289866284 0.930702504284299 
0.647854378302496 3.53946631444258 0.762242466031949 
5.55017987275635 2.65540075223138 0.606123519240434 
0.822775246784693 0.75611281395907 5.72612560535631 
1.76173174693779 2.38331198061447 2.05249509086895 
2.8827861685911 5.43115709619298 3.83083554723391 
5.92050695751086 2.68466465398211 4.16982892231161 
5.96595678107128 3.03917449194514 3.9813062715817 
5.4535136752277 3.59814576614638 3.94934526887902 
2.58288227094602 4.81569859604057 6.26074726360608 
1.47820901625103 0.65743677527029 0.725977868588934 
0.113689942003933 1.44204862302039 1.5979555770133 
4.81444807580043 2.48772673932875 1.83780332242596 
2.72398031551951 4.84715535582469 2.44275151519515 
3.05583767012531 4.83757404208638 2.53434455551379 
1.84034697331312 6.55475601188574 5.35748308453607 
4.24948864657721 3.13852120935644 4.0092466165561 
0.995457531305472 2.89378210139158 5.21314739620497 
6.6002190077504 5.4005669826907 1.60533333512847 
3.20965313789575 1.40807616108038 6.10769473729331 
3.19118610386803 6.68533415629181 0.802368022309776 
3.40098595171071 6.36893056513024 0.640202096447123 
6.16266027668193 3.62180220346079 4.36010114933943 
6.00810070969242 3.45880188011728 6.53233054324913 
6.06416386297008 2.97615304899227 6.36181714903742 
5.76779490371239 6.83319179617101 1.15317768385168 
5.4746656862372 2.75436886073693 4.85595138336771 
4.4113487425153 3.79495391852105 5.51527579170907 
4.45316988801495 1.51825190040269 6.74976485225094 
4.19542667038359 1.08634124383958 6.85758010457432 
0.669428543261073 5.87476265043374 3.78408815406677 
0.514994080502774 5.69188395489312 3.79526031070738 
2.3976021518508 0.742034116560785 0.760245727059942 
2.11881626911831 0.922136934989359 0.740118750878298 
1.89658650165701 0.97138296513397 2.04237310274867 
6.12422024422435 6.54147833134617 2.81364882751294 
6.84516044633565 0.856345589502805 3.7951488841748 
4.03238174031806 0.269872258397193 5.0301886796999 
6.39398395843932 6.18893812292005 5.05618349946295 
4.5505310457258 6.33328396310525 4.35726284740303 
4.77171741587043 5.01457869172198 0.349796088382385 
6.43080041617742 0.756882862822072 4.85461814075262 
3.54324759791331 3.2265152953241 5.5936421864511 
3.21550828907598 3.31661164269853 5.4287405657445 
5.42985588576944 0.797590239833537 6.2291425296439 
5.3379690581008 0.964037169000224 5.92406565886166 
3.31185671852302 1.20003115048879 5.41916725973885 
0.908829146872687 5.83391497642249 2.29592616411263 
0.785748119607939 6.06565731444708 2.02459891604038 
0.363394145213376 3.6059632115268 1.28979882934206 
1.01835096982496 2.5820598651737 4.7993257993469 
1.63259950582061 4.03783280089656 3.19565505141523 
5.65117534219478 5.55481544739021 4.91167168555805 
2.13533443518398 2.58070803740282 4.51384368544218 
3.41647925605383 6.8566143084127 3.55813824708206 
1.87081049368163 2.84137350490185 3.81687760413098 
1.83690252591362 6.49816175688665 6.5015744819155 
1.58417227991236 3.46575412654131 1.48165756431325 
6.1962684040838 0.838543126037827 0.432368548235403 
6.20802181296316 0.952192148027856 0.381040981382033 
3.33938368676243 0.804497003105224 4.43562757073462 
4.00733827902539 3.17969815621088 6.54447121683438 
6.40457483560477 5.64528130301756 1.85344117379273 
2.54873887072726 3.71718343932307 2.21815436384242 
2.72647736955306 3.62277836284653 2.02395287943914 
0.868167913054687 3.43025793454236 2.50325352311649 
3.66030641642095 5.94207300785133 5.95056470248564 
3.20852058449733 3.68147884799429 5.85627861251261 
3.55780983898685 3.40787331867083 5.88017650713305 
2.29320746756492 1.02620133021019 2.29368150570226 
2.54329295734278 1.46218253863838 1.24533272103975 
2.10168613500082 1.31868463286301 0.942035738398956 
4.08378614452887 0.424602333591535 0.846360565367338 
4.34001491538074 0.75818461795799 0.634683182038196 
4.24078676848781 5.46478581457896 0.704986412529536 
4.38713246008817 5.16275591788171 0.357220919566205 
3.0519592888871 6.83691971268556 3.49579706507436 
4.70613657109822 5.97471091503319 2.08085766011194 
3.29159835671563 6.60549360455234 4.36790334593427 
4.09771606093548 1.40977657966004 4.31072698671839 
1.96001102743792 2.20798618345445 5.05625243134746 
1.71238331877807 2.19379908027049 5.16037597339603 
4.10132116631877 5.27034797519049 4.84870888145156 
0.237865862228194 4.84692392572572 6.56966063582549 
1.76406759746758 6.86031607529361 4.91572936247063 
1.76519620243904 6.87176217869981 5.1156650716082 
1.73997723195618 5.98520710307669 2.74310964915305 
2.98463188373133 3.15183516604507 2.53406929331086 
2.95917015452565 3.52190382223593 2.45638753322952 
0.679573795308894 1.53795003224954 2.89369399451627 
0.284880311408229 1.04064432443205 2.55847711949151 
2.5268210407587 3.09285299482437 2.76873290436951 
2.67163966815353 2.76794593636546 3.35193779520234 
5.20664132191053 6.23973996909242 0.387994986596428 
2.93754519483174 0.444844706802468 6.32964537190694 
4.46076968751196 6.40970814096964 1.3326091110822 
4.41561578092123 2.5942572606219 3.64616631656223 
0.313650977505952 4.86748010729424 2.26834451308148 
0.46360473297482 5.03031166371431 2.0865982701567 
4.50067032047829 3.52301547464032 0.623501746464242 
6.74105821831292 5.61667401125668 4.78802260021755 
6.14939695482551 4.72830891650931 0.277405189972339 
6.12046863429661 4.76512706990819 6.93547440777914 
2.87057415260084 0.693028528720914 3.58309827024839 
0.691019061499254 2.77653298785728 3.51112154978419 
3.10642157415001 2.27139277111929 6.18362661489174 
3.41934832736637 1.80272972504414 6.2569920464981 
4.53742115069067 6.41719296349183 1.14177608003941 
4.88051080947986 6.21603702777367 1.07869277415192 
3.08086710990835 6.60196815541535 4.44362095957649 
5.46040116834185 4.90927147593353 4.36276228555779 
6.06935058647518 4.96851722854254 4.49461386731244 
1.67627974556943 2.77605443084025 0.351203577374266 
5.43523911740258 6.83841678547416 0.900478444824649 
1.97596693837386 0.354543412105564 1.14218023118108 
1.87595449381344 0.804988092309679 0.916334527093793 
5.1632568827043 0.474159111057637 1.5771003246908 
5.4273280370912 0.325491853672563 1.87925011640256 
1.21723994518861 1.98224393344405 1.21483872727462 
1.2934423429022 1.76784241341727 0.97419709008286 
1.30669349032282 6.39551632454625 6.24380104489681 
4.24630211077515 0.692068315903562 1.92438534228218 
6.18604822784537 4.73217871590658 4.55292931656087 
4.9138994720351 4.00903269128832 1.53469654502538 
4.05347502950469 1.25554390395961 4.81550117446917 
3.64959321254717 0.973517962574604 2.30301070426452 
3.57602910272281 1.04729547097108 1.66316366132525 
4.75284431022907 4.18879523633506 0.0982179081891647 
4.67465371046596 3.93599489299213 0.109679173273669 
5.42088995892091 4.04314272351471 2.0298334801281 
4.86662084648924 6.21783497145006 1.9373187976406 
2.38235046329537 3.4177152956953 3.57069590211553 
2.02828193182203 6.3932924317633 3.55702273407071 
1.89897162232799 1.57997136811867 3.64357300884598 
5.55128669569927 6.75385551831085 0.48099871003812 
1.49904654957691 1.49618407920581 1.53385399704946 
1.465995302087 1.40180571978833 1.1895364829544 
3.24803481783507 1.80904490613914 0.493125772246829 
2.75128472835697 2.13336140830274 0.780041369583165 
5.11304933056313 2.52455551990416 2.49718982771467 
4.66141996405838 4.33462501444568 1.40035444907174 
4.32690854755951 4.2187315251354 1.00345597156073 
2.67438170554189 5.14885291324766 1.18755309430364 
2.84456754295361 5.04480108959323 1.16705208862809 
0.0767752097647413 1.26113463607595 0.991723605138218 
1.38635809348617 0.956708647572613 3.29423563719253 
1.76485679966358 1.09626491899192 3.45981428196857 
3.54401946883382 6.79161957737411 3.77528938807129 
3.12646143750186 3.17996390763977 4.50836045935706 
2.98182529027196 3.22836136106896 4.68807473440037 
2.77126092692063 6.8824675358339 1.8213515484453 
6.80419915218181 2.59075107641081 3.78712074518604 
5.80202292062643 6.14987224085481 3.94969945343566 
5.74959633967304 5.79410587503801 6.68399709824354 
5.9736810342652 5.40120223258879 6.47824768636682 
4.68040751459296 1.13977226223078 6.46932757268664 
6.82983322438763 3.58276407719291 3.43414672875215 
3.32702105352735 0.996761949973264 2.33501832804028 
6.50401235675451 5.69871115725962 6.64902342490235 
1.95032347496775 2.19855009257154 4.69786346477568 
2.34117467471842 1.74849965920124 4.52525122850893 
0.178707370487784 1.72014360049747 5.40624942451002 
5.55928653725211 5.59140270436262 3.44643391294017 
5.49530590850493 5.27671833157948 3.50744835902814 
2.55347012474695 4.5986382071624 2.59705920346837 
3.02909146922847 1.25539461814163 3.13074759497585 
1.36254778160096 5.86406839878371 0.231476715979424 
1.06215292196096 6.86416965913148 5.17112920145586 
5.92817394957771 1.68231101082094 5.18364254769098 
5.59161425732972 1.98782611546721 5.27869303367575 
1.11438627371153 1.00258981436584 0.958272860787317 
3.66813808156616 0.770363758270885 6.59467481438473 
3.3705242383823 0.867828858783686 6.25818083662655 
1.49122838630951 6.67913305887382 6.10761233533826 
1.78646716907469 6.71873416735628 6.26114459750913 
0.359508016931796 1.47741954731845 4.07610505213832 
4.62713803885601 6.25262836543698 3.26141670323428 
4.5186575419577 5.82783867919935 2.77767490061719 
2.4185725143064 3.23908251486731 6.34125186237048 
3.78334287846951 2.80166511003565 2.22572434650694 
4.2107391533875 4.79116518720333 0.362394096713808 
4.62989851836522 4.56745819452825 0.346745140811762 
2.35051419440438 0.94805604453179 3.16970985186664 
2.3142276250774 1.17569113691247 2.53789341472362 
2.7464772272885 4.16779817598168 6.40214920792933 
3.60360638968909 5.27924938449944 2.25906561858328 
3.92904503283762 5.27255045016116 2.81370010415991 
1.34554072023296 6.21204753528846 0.229443640891302 
6.4895280184908 4.05184437634082 2.60097496632312 
6.60384943796546 4.10888015913006 2.93532614623791 
4.03179431934772 1.16270409778083 2.54993544530299 
4.34432246492947 1.03490213625503 2.39321879830554 
4.36300487038879 1.22020212812731 4.13547437145162 
5.2649812206409 6.08229924463401 3.84717122185834 
5.64669111046701 3.90376558842348 3.20967828293396 
1.8687337765365 1.33363263080884 1.51851314110212 
1.83495114209045 1.24002758815075 1.15256738879469 
4.25983272633153 6.9301293778327 3.22287093630793 
4.42296123862613 6.81786800553797 3.08713136014692 
1.35313012823264 2.5836767513942 0.501792889540294 
1.50064786413203 2.23215642315518 0.866223457099588 
0.74779289827379 2.04371155044964 2.91666651513556 
2.41996833413564 3.37049193013284 2.74133467278461 
2.72162275902531 3.6282457385606 2.51700327161593 
4.16162806339138 3.77403574146792 2.87859775797773 
3.73437891609789 3.79947846708344 3.1427166371796 
0.952047145215173 4.37602342154612 1.47595937061907 
0.933672165037785 4.65402013296901 1.58912443825211 
3.8679100989195 2.59285301531362 4.5385485423876 
4.0594247192433 2.40684782420377 4.9148776571163 
0.267790941283618 3.63502080116958 3.26401295623 
0.80377275949732 2.92656929697561 2.07768873663653 
4.98657984145533 1.02851046217516 1.52265080162273 
5.48728914435831 4.31913911866059 5.04040470849701 
3.38142009074505 5.78193143094249 1.4074626825645 
5.24625440341033 5.85047597509975 2.77767852360727 
5.8711196710539 0.315881320493738 6.28099564966395 
3.97405241954914 0.788634357280721 1.59323376972323 
2.72490785801603 0.164525818807963 2.75798399247355 
2.92613589331602 0.261946153166358 2.39160542727022 
3.57929986967682 5.37017911341534 6.44839716637852 
3.57892138152066 5.54054669539005 5.97410935393556 
2.20875846927636 5.52043121783835 3.17386238398172 
1.51634354498489 5.06725324527002 2.85401923002984 
2.54421084199714 6.42318571690158 2.00841852486029 
1.98471778611824 5.97580781326534 3.16700083546518 
6.44730518566487 3.96234482057804 3.12220561300961 
3.0224991204675 5.27104136015965 3.84535600535053 
3.03837272508931 5.38033002820335 3.79957963476911 
4.99547616190399 2.46046388843706 0.83451327676634 
6.92187711671991 5.32213053212873 5.54134083768364 
6.89177526595538 5.19433232963706 5.14815571878711 
3.9063396799717 4.16228894880933 5.95798888929214 
6.02535371824709 6.4556520497362 3.79461186961053 
6.25352131153279 6.74217207064856 4.13716809230871 
5.7649182839323 0.224273015061602 1.36375857196018 
5.7548914527029 0.177505217900925 1.71185160792517 
5.71592180828721 6.32513778987784 1.58816744981222 
5.73188861299974 6.42383855396308 1.82289746394863 
0.957716777037759 5.26692878494155 6.7533663451371 
6.06512793781247 6.62119785284012 4.54164428737035 
5.76837292086029 6.1651924288047 4.3725869663963 
2.5663552291085 1.0976793414226 6.4162590658225 
5.1305951228779 0.977444172940719 4.53686102436755 
4.25108373827043 5.4932944877075 2.98577359917775 
1.76126815955903 2.80973414067388 4.22503162024509 
1.71334599515388 3.26578166577355 4.37174639569377 
0.882232939755702 2.15848117235817 6.13909506840513 
0.660523502553345 2.50243457627712 5.93625755064554 
3.56047810779701 5.67288535939077 0.693147235937572 
6.39736928904569 6.26117438384458 3.05472567446989 
1.99975858042542 2.10053104632429 6.39843792501172 
0.89626268141237 0.403118828410352 1.25840241110183 
1.41993765987305 0.00578320080732819 1.62493984361039 
2.68017279783058 6.67256406190226 4.20746443411543 
2.44340364425727 6.26582690755906 4.12848984330398 
3.32695293997297 6.18610016222416 5.04988035145849 
1.11929962770486 2.73920332723895 4.43250068887456 
1.3742716588751 2.52463275490927 4.2893885683711 
4.66357027736908 1.39517932258324 1.8425085839658 
4.5911033473275 1.37828529334918 2.28399114803507 
3.70588930625853 4.6068693882398 6.64445122006977 
4.00816675913995 4.35848641592658 6.28057257793859 
5.84678440335439 2.86141600409181 4.61140596712543 
5.82936068417636 3.22110889231349 4.57574278449491 
5.66209072772561 3.12676624509106 3.54082219456947 
5.45048715698189 2.86205415291245 3.43268470714289 
2.37363559546056 2.60907141402086 3.71060654741633 
4.27867373114652 3.78959974286103 0.890468312821995 
0.179998588211347 0.99466907511521 5.1852867599214 
0.166143878879468 1.52038874048276 4.97697422108188 
6.28697532496066 2.1884967603529 2.36508469461307 
6.30909630635424 2.41618600747466 2.03800443668648 
6.0184603237581 4.37135540233239 6.85693309519966 
5.73002438091382 4.32312300155932 6.64949984269865 
2.62038192959585 0.160223354166649 1.75118695351497 
6.20254202974895 2.45858088216434 4.1517331469714 
6.73281984954163 2.66264114807245 3.90567419197096 
4.38861266568001 5.40242579431037 3.92240532048658 
4.47838468187266 5.12444963257874 3.45350694272164 
3.40180761920374 0.645032497595031 0.461717239951978 
3.62804413747235 0.371476254096266 0.752243431975334 
5.73311115094906 4.2256265202909 3.44919567705658 
5.94443218404988 4.33004591130937 4.87284802933209 
5.93545636999435 4.48528631465124 4.54640213407431 
3.92541280114323 1.37340778313312 4.21483556699154 
4.96798269035075 5.46242660473222 4.0510898158621 
0.560319044830808 3.82728960346853 3.67021591617707 
2.41329821617575 6.35619161452384 3.76166924978041 
2.65550078208578 6.76160550002431 3.8856837124192 
3.87169659522121 5.15202035972804 6.492677116243 
2.53053132577325 1.08531706985963 5.34412564467215 
1.8032657479557 1.53941020170988 2.71745133253459 
4.86025119772544 3.67495324181507 1.35532992495499 
4.4216775235745 3.61627730842213 0.981720298581859 
5.61455638899797 2.97940345450205 1.1480500352707 
1.67169387613996 4.9239995400145 1.72588920163761 
0.347526531074157 4.39931783758991 4.74661658833795 
0.376672564303792 1.61228622804768 0.702267319434538 
0.675515885207215 1.44114389801758 0.548697045138409 
1.94204776308801 4.29825644784025 2.13295179544691 
1.96692276408413 4.50190544803931 1.69317540897152 
6.83653092749353 1.49774075274734 1.68204471320608 
6.63339901208856 0.869674509821789 5.83272472224694 
6.31205377395316 4.55388364168648 5.13379969140587 
6.40691913116583 4.71246107691681 4.99359872383092 
5.12191883606519 6.04273349472146 4.01225458454814 
5.28225274898131 6.09145987063097 4.4215073948333 
0.800416785165236 1.12201493941819 3.50676719318379 
0.676659473677745 1.57269855256884 3.8166872860584 
6.81780796126784 5.91299899742746 5.62538692277648 
6.67289128495876 6.07345632976777 5.0402937914409 
6.2378271007704 5.95628909513216 0.518708128701427 
5.1184312780029 1.38378554291867 0.657466353703786 
2.08123598633708 6.36098526480669 2.06897993499202 
1.54393399158883 6.86492998362735 1.89696550261216 
2.35080155378156 4.30606839837937 2.15399714019803 
2.43254574168861 4.48597252068266 1.77110994837275 
1.15476016108314 2.35190171866836 3.29930043425838 
4.95804002295018 1.33005149618444 2.48279315617161 
5.36532408950354 0.419444556605488 1.21058274881733 
2.31314310176802 1.6249708069489 4.42076174970992 
4.8307311021012 1.89707781328053 5.22649363620243 
4.64900278239814 5.88892036339959 1.76698327515295 
2.99865626897559 5.09612873997083 6.30034977587648 
2.01133467438158 4.68935337000748 2.95311739522138 
2.06136252159984 4.51264498064492 3.23182833687996 
5.53151471935141 6.24625109877224 2.48435129865586 
1.56940152382056 3.51078075736726 3.50614775294587 
3.90595916429109 6.42586366657327 4.90104899568879 
4.24155952516018 6.10697442626259 4.76561638939465 
0.263852239561872 0.96507849462662 0.921037936986915 
0.680120449530336 1.24093125272941 0.567236187469077 
5.20563090196012 4.5186568564642 2.44931880598011 
4.01768701340621 4.14673580294778 2.6355072845147 
3.64033899961509 4.19937370734212 2.84177311744122 
2.97267443032065 6.86539444490011 2.14340712109721 
2.45661007495891 4.15370620694226 4.30388320186012 
0.835634439895982 3.2077590772244 3.43333307240637 
0.300034963460584 5.01551307798302 5.08427366034107 
0.228150534973641 4.53300377268556 5.01480296981481 
1.58823474350591 4.50319394218319 4.78613871484179 
1.55914856005071 4.96406530200661 4.83493163494613 
1.89956307065595 3.17949190408665 1.69436638593561 
1.66236409357631 2.7059964956864 1.80404381438413 
4.76242221945653 6.07205506336677 1.65903342830682 
5.01409195729225 6.00701961448714 1.39987377464238 
5.70615013739405 1.98348494888306 2.40466150551757 
5.51919496854327 2.09840453830293 2.66932390729019 
6.378140162964 4.23915529666007 3.9387786813211 
6.22186892871954 4.31000392944657 3.44577426477974 
3.5571245865179 0.393558050918252 1.23620654122712 
4.12426860145586 5.70957150067088 0.574402680649599 
1.40589116689741 0.379150698769698 0.805322850312956 
1.69435653222783 0.138068391737425 1.06601724418362 
3.64523756419479 2.13948754911193 0.452423433104578 
6.83459507271908 3.87112652066445 2.33866921825478 
5.94620076172025 2.42030012850137 1.7870724872388 
1.86359168202089 3.35118370648589 3.76840508885386 
1.79283489641428 3.51473283033983 4.08105739219168 
2.80081641321341 5.57148764025693 3.48176378202165 
2.66411507135732 6.03114872345733 3.30062714938183 
6.24972808760482 4.14484380626091 0.460514522456141 
1.32746255001942 2.23527707509692 1.16748871192087 
1.65273199020954 2.60294636353203 2.08636347729218 
5.14263406935513 3.0449916068747 1.55018630850881 
5.36253708611765 2.96873578113539 1.8284538701536 
2.71692166714643 3.63679245723972 3.84828478647106 
2.39883433824708 3.78972267373681 4.26206339642979 
4.22404635667688 4.54600044624029 5.99923487062459 
4.1178842866431 4.38242211538183 5.74038981013207 
2.66757613246546 3.47585426621629 0.494198914086376 
2.3809045799151 4.88956978507073 0.364775312046181 
2.19470617148581 4.60540628732679 0.206761422755549 
2.98756841996122 3.66746063282949 6.17001644672266 
2.94885771024891 4.11855358797415 6.39668552382029 
1.66474299361823 1.52693671599475 2.98751153281678 
1.86173595911608 1.24440514132022 3.37281118526779 
4.08781265324218 0.655351681297895 1.87884366568638 
4.82626645879663 3.67323831534315 1.81499124820503 
4.89555860306502 3.97983075513256 1.7421905435019 
5.37124272959706 6.41551849767954 2.09234659114606 
4.77445571237717 5.62434484289006 1.62648468611069 
5.03133281229489 5.90161286630749 1.37483524371532 
5.32537801601169 3.36839761220117 0.248986592575097 
2.66167823278863 5.95700977307236 4.26852985735923 
1.6280663569784 5.91417241901274 6.44062009244969 
1.51944120290055 6.24256597037616 6.5037772418568 
5.94670930357202 1.22875396361833 2.18521579246949 
1.2413821057413 1.09990711065385 2.98473647612522 
1.45644104868556 1.47372726676774 2.85191020232953 
2.27181120240328 2.9531362937532 6.10341222851806 
2.54157893473287 2.42129381828134 6.25956981262634 
0.616833542940908 4.33215327517917 5.72827418322034 
0.595411885301063 4.3043470943346 5.69885490058788 
3.40434675332378 3.73223038944981 0.325051800872949 
3.22404271898786 4.06888245639253 0.202230839215648 
4.37397027556579 2.09974119083514 3.14775531589394 
4.55378146187155 2.11203502028395 2.74580747966826 
2.56576461956893 6.00171112097353 3.17093135080813 
2.52471618067814 5.60303819378049 3.15551287252628 
5.92183904879488 3.35834585474017 1.97034181656729 
1.98871344496504 0.298127900890861 1.72667072672116 
1.56510510690568 0.0502165953195818 1.83275337549356 
1.69212827391228 5.50492219132403 4.24101275952884 
1.58813619841183 5.4937092431447 3.91062374734006 
6.79195542116897 2.87505635278064 5.14253703986325 
1.10073799795379 0.9831774710478 3.60615202076078 
0.169616213747965 2.93152515199706 4.95591792843653 
6.83434503758986 3.18181528137043 5.17393738864028 
6.74960003703007 3.28400390013083 5.63894388305364 
0.615532095324088 2.66967888696086 5.10121770186119 
2.7050184564233 5.89606483795478 5.08258186617292 
2.51130163612911 5.80875776516325 4.44077393133091 
2.98481994800997 2.63172324281086 4.27334400338354 
2.82357803237875 5.15472714218026 6.34377021389857 
3.5453915613774 6.38620680505602 5.35215686503561 
3.58822984810441 6.69903286761912 3.4608833057143 
4.42685881664467 2.45340511664081 2.24549873737269 
4.13442011176125 3.33682401398896 1.93119130292409 
4.2618148718272 3.60298569406764 2.11689998184047 
4.91555532667713 1.82892689726208 5.81971214387433 
2.24385535024332 1.27215745137536 5.03428057551494 
0.793399212723592 5.80833258785877 3.64867283839152 
6.26312932545635 0.0115278270481791 5.83663020358025 
0.205468989999673 1.60131147556314 4.06253762799179 
0.247278918219289 1.78672745230562 3.87926370808459 
3.16409182667768 2.92073766012692 6.6387013532999 
3.3322378579776 3.16801480635321 6.51626475385923 
3.22004293339652 5.1119677310141 6.56888247799201 
5.36023514059382 3.40695467030206 6.79995169864151 
2.88607374308156 0.890739071091625 4.27768319369893 
2.54396465570581 3.1826280184865 1.53805907934692 
2.51607753895838 3.54751681212762 6.11832308410878 
2.38660214943589 3.75580438669267 6.20648599929143 
6.23642599254176 1.21470549623729 1.44558896848643 
6.47163378069553 1.41903872170035 1.29908621517689 
3.07874575439329 2.85168286402082 4.54076327603418 
2.91159120762259 2.95615532165881 4.75010573588325 
1.57603132810963 4.89135987075474 1.53460758923298 
1.74381724052603 3.72052271721383 3.18786765352821 
1.62034996020257 3.54875818734387 2.78850876200712 
2.6791427673163 6.04010221492326 0.366539477408542 
3.19562066883527 6.03326734356278 0.457456677564969 
2.26272677283424 6.58906443882782 5.54448433186166 
4.69596497182568 0.677677474157057 2.8032210822223 
4.48071570611917 2.81736650103361 2.88957809210164 
4.6157224490225 2.44510269272798 2.5909936476508 
2.5627406366844 1.83584705414424 4.34479178591473 
2.51750099464786 2.4306408210629 4.21311797238147 
5.73186029881373 2.58157679620316 5.87603621521529 
5.57926316017949 2.00176609250855 5.9467821122633 
2.44377180702609 0.293169022946631 3.87224415658362 
2.73046960080413 0.519096924260097 3.51722648967628 
1.22467797410156 2.63595478432091 2.31262851145164 
0.865778955015206 2.0309311246459 2.84434044563929 
0.887962833688606 2.15693974187759 2.44173534589776 
2.3389637511892 4.02348262645138 0.985875432376883 
2.39469722298589 4.68065753553252 3.76019432574694 
2.00915664735278 4.64386930571269 3.44547650627826 
5.63346152061012 4.12245292380816 3.89989366416922 
6.03114259161769 4.14003354812782 4.17091716417515 
6.09468793705742 3.7302415158583 4.91861423568206 
3.68168939281454 5.61994370438541 1.71606950984228 
3.95477331240945 5.90881489013673 1.77816483840201 
3.89883150502475 0.437831870128532 1.34909746827735 
1.884928941565 4.98219177465159 3.36814061499545 
1.00649559214844 1.5529221279258 4.7100096340731 
2.13268530539685 3.33204108356952 1.01857076963528 
2.44918564657114 3.5455419214226 0.968060958042357 
6.33725477031257 1.09184130849188 1.83260706270978 
6.69176568662898 1.26378033109807 1.98830417209996 
0.45152599804749 1.9067534368707 1.67280779829205 
5.44992802038409 1.23330341638924 0.260470614009829 
5.44807266251958 0.753282528731618 0.495016188772459 
5.18706690792331 2.53557584713303 2.0400253638604 
5.6041648163032 2.13849782523633 1.98630147052516 
2.80911258904779 4.24365607274266 3.94744593482083 
2.8578751584739 3.83914360966212 3.73533059487909 
2.35163616757575 1.21137296609406 6.16377192536097 
6.74886463436579 3.54062860684265 4.07620239025753 
6.81861274420906 3.72933486227071 3.93360099240446 
2.154797639812 0.353927180985016 3.78537858705304 
2.14917038283506 4.86788532721258 4.7104194954188 
2.12963168494939 4.54655442958721 4.68135294897402 
5.82845747144985 3.84918647537297 6.26583410778292 
6.00060167272205 3.7371071381443 6.28781614547507 
2.15859275963934 3.45700025546062 6.7084360791751 
2.1544482951847 3.68787361409936 6.65117398983287 
2.05420072469339 3.02247078512544 0.496374917513507 
2.45181526476643 3.20497945438169 0.25978932564853 
3.66939041531265 3.13999832972846 3.01309987326624 
4.0557208798033 2.91169250523608 2.28491431297682 
4.14638240527776 3.08940449035237 2.70358167866497 
0.121502626271142 2.8205682582654 2.88769438609807 
0.215249596506699 2.96084607408421 3.18224985085408 
2.19979043880848 3.08258828943341 1.44978507785265 
2.16814695499386 2.63251486433479 1.42435395735372 
3.38020752033378 2.9472360003815 2.80643760766906 
3.28902135921536 2.67941870977549 3.23346200884925 
6.90998901930747 5.76931148058449 3.86103605008887 
6.74241635233331 6.35757911377423 3.79623694235283 
3.47563064452446 6.05686442210041 5.84206136972585 
6.16740332684591 3.55531810102498 4.71988548620958 
6.56891956090493 3.54058486024872 4.94913057968694 
5.28229665673001 4.44173246752404 4.05143730545446 
5.33271380956227 5.50262826639729 2.80296238461815 
1.85298124607512 2.87418438510333 2.5151069553055 
2.30639378524965 6.65437888888234 5.86934845947751 
3.89419603080191 5.70714503321494 4.5787770372993 
3.53875229549937 6.19587828531448 4.79263823034494 
4.74069693473518 4.36394871397624 3.01929316397883 
1.98958918191139 4.42309551378917 0.251024713411517 
5.8258384073074 0.188113719244375 5.26817780709071 
4.53033558024299 4.24265710440848 3.96888290372086 
0.338487040990993 2.41954298054154 1.57456395441669 
0.335000579210751 2.09673839242707 1.78744354345236 
0.658842925772637 4.89082709504555 5.64787807204378 
0.522058114357096 5.1040796740454 5.39466281848799 
0.4113013294705 0.720960700714063 1.96041082843685 
5.21756525812041 4.58797294310888 4.61403063525267 
5.4283472091223 4.66904138700052 4.40843940795782 
5.71142430908183 2.93296307074834 1.70646709188367 
5.79741308104624 2.94201572080089 1.29816868554877 
3.13487821429847 6.34400098217707 4.5321473834801 
3.1044280357101 6.27667142005263 4.96077875006971 
5.32367664660855 0.474549897025726 5.62914266040698 
2.05848176846071 5.25795411732796 3.52323532195977 
0.500135281906747 5.91531481492297 2.06769506530616 
1.17360785553942 1.14173512000528 4.890369594604 
1.4110904761202 0.91644766924522 4.57524220514222 
5.44889889786782 6.73577502356697 2.88446217751101 
0.671165196011402 0.51519963494212 2.3924271281879 
0.524672959218733 5.18147781365792 4.77831568132191 
3.18103278159453 6.6560207540119 1.29039703472102 
6.38027356999704 6.20598899456538 3.52138270692736 
6.02244282640351 6.09320867561471 0.255806215715303 
5.03915199109782 0.950931442783468 3.23922771581271 
4.98605539507078 0.861883853812573 2.81611704850839 
5.89312525750204 0.717397181713132 3.08427325714648 
5.50024358811573 0.859913185637967 3.44348250470656 
2.8861708000318 3.98859023407522 2.85796052576872 
2.6671590269335 3.98336470068172 3.25285101421961 
3.57286054276922 5.7726333976926 3.39907698525708 
3.73947525895906 5.87178407877226 3.66564237616493 
2.33814846421609 0.667555564127415 3.22099488108723 
2.32294480677088 0.432755576058661 2.80547643445091 
0.2290605158859 3.12345863461234 2.51097168929678 
0.323239866959354 0.482056828868012 4.31153434706443 
0.507313643637185 0.695631363649392 4.93260893327185 
0.210035498761207 3.87562013169685 4.07817956918676 
2.06595336044801 0.589179941374627 3.39942746596494 
4.88318207558636 5.57479431311963 2.60986449172406 
0.558996733496942 2.3021242110136 1.21698454513888 
0.62440653243962 2.06461886100264 1.24344231835495 
1.99361973863441 1.75633061092135 6.13597315267183 
1.98041095694117 1.51037734019639 6.2912466291743 
4.60548166474054 0.706145920309294 3.34333354458919 
4.50140975175271 0.624178319212193 3.1416255194891 
0.255685590516138 4.43902308950593 6.28254724915189 
0.403736630291678 5.2450657879249 5.63516375179679 
0.515154026603429 5.067781673491 5.84186796212161 
0.962218467417475 3.85558927115144 0.523576536862678 
1.40152223179178 3.75333074090719 0.514333574377199 
4.64999496052573 5.23636605363754 6.1070409223449 
0.729869816792924 2.5000017031604 4.83067218265612 
4.96573562693421 6.12737876457261 4.95784035196732 
2.59353656262236 4.35240407480189 3.25276026158322 
2.80762392899627 4.40987536467335 2.86379310893567 
1.5484344220649 5.7788272456387 1.56313336811164 
1.70253772040017 5.48146546573098 1.97677322703161 
2.55300481462065 5.39969997419549 4.32491510866112 
2.8420788203999 5.34379402419904 3.882040043297 
1.12597424115427 2.86861360320756 5.90365634936021 
5.42589050341936 6.31078419240108 6.14726959203309 
4.36271524292953 5.64352316618349 5.61955643335488 
4.74087189097419 5.48275616790792 5.8992679738283 
6.11064059530484 3.93678769144138 6.30580065937684 
5.92086947131518 4.01539528309965 6.28503169893699 
6.74892439148869 2.74156277919112 2.98064127646722 
6.85836585010983 2.91380646506369 3.31632914876802 
3.13629668093244 5.73767192414072 5.27388371577495 
3.27591365824336 6.8706460641237 1.46537088823405 
3.62293548066972 6.79391823781127 1.69562662439406 
0.167423938890446 4.72641920775002 6.29667001799103 
6.80295846590437 4.75553458400264 6.25682490204137 
0.477233901146241 4.90960171162076 4.16196739671926 
5.53363845027221 1.20148800230606 3.58407419355076 
6.92684289307181 5.69740883564416 4.61114208625295 
6.91882799452643 5.55978297107675 4.169733386479 
6.09811224297807 6.0192584344148 6.85532603926329 
6.20692019203041 6.49483090750819 6.68043561015619 
3.37568839842394 4.62765491714673 0.458645333501417 
0.371715921603312 5.50902839448482 4.55610516614562 
0.313896680168846 5.43008800128005 4.22124818512726 
6.08724052003568 1.45564975269942 2.46870666847749 
4.63828923957087 0.391680282980744 3.53809551635867 
5.73706262632115 6.82023093129364 3.51399972838496 
5.80532319311104 6.83833429070421 3.03893053377659 
3.86234031580528 6.2257898120983 1.49547298320584 
3.54809282479845 6.12309102656425 1.27007556131464 
4.76352106971027 4.6545716533143 3.47633075388475 
4.43009957426179 5.02444630722483 3.45235643884691 
5.00274839511423 6.00779243415267 6.37790246250552 
5.39266907055608 6.03207565474707 6.23411252446019 
2.42522723036812 0.411652644244769 4.25385323121233 
2.27885211093743 1.18964775648196 4.61190175412413 
2.72299366601979 0.777868536500475 4.44042606374341 
1.4432966613762 5.83990930432621 3.87886571503428 
1.59433393322015 6.11138835042784 3.57943643534524 
3.64692470409393 4.67130482069749 3.85249138510316 
3.73466647596733 4.28721358666474 4.00291157309127 
0.614961883064927 6.32668070188184 4.86889327980282 
2.41569218757699 5.1250170849201 3.84139103954385 
2.30411890635813 5.24953272306396 4.24528903179971 
0.755557607770981 3.51166951361543 5.31134819716036 
1.21070873472396 0.955882837461794 5.76940844019738 
1.06919376452509 4.76044899746716 4.37017895523722 
0.603257269999923 4.82769780642104 4.4588732202955 
0.862698255682578 5.17484329233213 3.36215261548342 
0.525566688779268 4.76221552937044 3.12444187160581 
6.09000302029914 6.61971261006831 0.364710811887843 
2.90661758614131 4.61187481379314 0.699850361735812 
3.29888052291862 4.48313571641918 0.537227482512923 
0.710475180214034 6.42500546041464 5.17787265150942 
2.76211315267833 2.24757778313667 1.27875039998805 
3.10438404726763 2.66418813923303 1.3082044711744 
1.47291848110902 5.96674131968581 4.17030498645804 
4.69549528217877 0.33657671878504 4.32454039195492 
4.42221386927644 0.402781574420682 3.96343818813289 
1.38989999583315 6.81379431452956 1.69272872630242 
0.935631831129498 6.59573236444674 1.68802750646547 
3.18299408267609 4.87151162960252 0.494469455884693 
2.88786618312188 4.75671987387032 0.672223319706026 
4.47970822574022 6.01437520181285 5.06558813439113 
4.4842589557627 5.64670400361439 5.16528193853618 
1.04776116201749 6.27537171135265 1.45123291460998 
1.47466675721228 6.4448879668913 1.42156047775005 
1.61488325276705 5.800997810592 4.35696322322397 
1.91856564467724 6.03582519929837 4.48697972369379 
3.65418337752312 3.0188130184187 3.31048948930964 
3.38518430825415 2.73543753459809 3.37932757423466 
1.08095643316233 3.24816685271083 5.28905089579412 
1.36730136106996 3.50960364580278 4.95977648345562 
4.02212983321704 1.08725092027964 3.89884147110498 
2.4618958446926 2.49923759939092 1.55122338943792 
2.73433943951872 2.85037099544945 1.61237853365036 
0.133371267837991 1.32819349147465 5.83954963207571 
0.371515051601644 1.26369951290617 6.08374605486021 
1.00936173070665 3.21643765724254 0.940424994387664 
6.81417515975216 6.17086156975096 6.22834954430254 
6.66686277630282 6.50043139486432 6.30614055834133 
0.960329352047759 2.78860218675724 0.790504846474793 
0.946137836028218 2.55669029478414 1.1629423962889 
3.03505761842276 0.53064563755518 4.78405469671376 
0.135510467830294 1.12722662755071 5.80386463286062 
0.350001490922569 1.05104841156281 6.0115109391566 
3.53829468484939 6.17856453072598 2.54334660166283 
3.38821250722846 5.2102494287996 5.06363302082948 
3.47256122513721 5.07099425966456 5.28200513233309 
4.37567071849761 6.13264673526154 3.6593536792231 
4.53940365400232 6.04502160269221 3.94806442194578 
5.15877246956753 4.36083908111537 2.87809664384973 
5.28420957234425 4.01686607179287 2.86353580788792 
3.97762862632394 5.31638289763688 5.75815040471061 
4.15466578492276 5.08869860605811 6.05058046400175 
4.15783034734817 4.44934236411324 4.15486558495653 
4.03821042525624 4.8393322029999 3.98198037956806 
5.97012084868025 1.38554552438612 5.60594635697574 
6.21144182675406 1.3705322490748 5.85314216360318 
5.40439365586991 2.70125053949672 6.51138357952354 
5.17506610176834 2.89966642605071 6.64699264549917 
6.04997130233217 1.40955178489656 5.9968479680349 
5.83556751216968 1.41960442641429 5.79929312330183 
1.20528582076412 1.23025177079601 5.9767416015531 
1.42217405308432 1.12582704984984 6.20383577708399 
3.20658280466419 5.74282256758802 5.75713912203408 
3.34699826617299 5.47491237072838 5.85470966178095 
1.36479483514498 0.786669110545903 5.84088275294422 
1.5006367979168 0.842641101453588 6.09746480687057 
1.6681578837131 1.30235917136815 4.0141102144059 
6.63541816219869 4.17709609418218 6.17453629512346 
3.51830692190664 0.713916397442707 4.95389501456784 
3.34433290985994 0.593385323293735 4.68880729609551 
1.36952792573563 1.75485849047792 4.13231274295259 
1.7254070026754 1.50457775236833 4.01313150240709 
1.22660765101078 6.09047514232357 2.77459641943867 
6.78002085598051 2.65292480007078 5.90060642574269 
6.90678038256746 2.45249220748039 5.57811234389884 
6.74785035580622 4.79743929089143 2.10446658803463 
4.33262366872461 1.12877518178573 3.59260787973029 
4.22374363731205 1.0499202264299 3.89689098409737 
2.12119747634507 2.69761391490657 2.62338884921071 
2.17979969382534 2.3303295482301 3.09225312434819 
2.14378472833721 2.37062328769314 2.33431412100212 
2.19043170514536 2.02443604348947 2.63628568324661 
6.69410063090621 2.69349264246401 5.38177732658856 
6.61098746742592 2.85442661204675 5.70659022644908 
1.95188255925496 5.59512032989362 2.09384602022771 
3.07827967807516 1.72914536978268 4.32323491748907 
6.73552291610243 3.06217519393102 1.02104527552809 
1.90865341887738 6.15120425437687 4.4212920836488 
1.58940550831923 6.16518455263063 4.16296967562651 
1.59623167188479 1.07578259553397 2.15124628923248 
1.59004193982723 1.48715329876214 2.60428681887336 
2.4579275109763 1.75536773451538 3.82241880857597 
2.69399115735848 1.60267751421875 3.76201604850312 
3.72899533252552 2.023496967976 2.35895590166354 
4.89266217041212 5.14254605691278 4.81066967184184 
1.22724512447223 1.59778324687155 4.16416838227687 
1.41247268601384 1.27956601337872 4.08096748106823 
1.11526000649434 5.89005665577837 2.70666526807574 
0.774864299890322 5.86174464003924 3.03263274474496 
5.31649204313739 5.59404252092782 4.82022089839594 
5.13430036864918 5.25714591191764 4.58097841964855 
5.12889674392297 6.53530183714612 5.35203040561627 
2.90886247357505 6.26008536102521 3.14838958202213 
3.38508645229721 6.20839718129035 3.15652818427403 
2.38374679063019 5.39297652956661 2.01587873551157 
2.62407370715257 5.83371753886616 1.68513985781619 
5.89718513276323 1.0950972155144 5.22836481649144 
6.23002914781419 0.699304181166084 5.08450412882315 
4.78060624179711 6.63888227621849 5.61234891741155 
4.05767722115475 1.82641862815207 2.5839640332856 
4.30964022073151 1.915600512276 2.46920538594456 
3.20965090592898 2.41123897339379 4.35347332295103 
2.98876962523217 1.87780294687578 4.45502823065527 
5.67648564155835 2.18442120825006 3.2914736128515 
6.59885713158501 2.3968591334924 2.95921846212513 
4.2645727507292 5.66517050379961 3.90935338453676 
4.16464441400187 5.7929952603857 3.64722314468856 
4.0424798094764 4.95817261798157 1.75348473615297 
4.35116431833254 4.88903717253202 1.87323339248883 
0.223470154409801 2.41342964584326 4.04337332801122 
1.33527849194995 1.39668395448648 1.76626138911866 
0.667771021252627 2.59189030500824 3.86923192268553 
0.734540744884609 2.78713439582536 4.1715186662501 
4.73643166800049 2.23403407094341 3.79301727516257 
4.98304377120444 5.41739915395997 5.08348824665073 
5.23673398744346 5.63469007128117 4.98084438811951 
5.87714436130096 0.473687986953847 5.04306044447598 
5.60520163943372 0.828633914220057 5.17391853817637 
6.20283431506104 0.720006987760469 6.42457876764592 
4.25726864357031 2.16340928002801 2.18014481940353 
3.91644547211006 2.23104997481077 2.13103316915134 
6.48124928301064 1.89145490058142 4.74937214271559 
2.75694023065166 1.58199482095049 4.16598582362519 
2.53913029110863 1.72106982398998 4.24694005370428 
6.16370433916178 3.61638961884972 1.49763089312866 
6.09863310915405 3.30470782919912 1.14308346964287 
1.4715324915669 2.88955090821623 2.7266085598281 
1.39460281576169 2.70137503894106 3.2145460184603 
0.533083321273899 0.83955672370561 1.75131002405106 
0.521618363085147 0.690858518700582 1.32756571166436 
6.23308672097696 1.61521525868028 4.63396779753387 
6.43687168143399 1.40213373109428 4.56184730826241 
0.856255286478034 0.825620280996289 1.69817417630658 
0.787377207984798 0.681263682272663 1.33956789380879 
3.59764491663985 2.60245216789754 0.608136563255535 
3.24532367657102 2.74811276338427 0.752454828398083 
4.32846826277517 4.56492145196702 1.78467180228567 
4.05379423818196 4.59592891183762 1.67620422717979 
1.26514136850626 5.10308450838456 3.72104914581276 
1.08104882905093 4.79107143622603 3.92998443036255 
3.04902456629838 2.99553541543596 2.32121721353686 
3.08048413144014 3.07141793459531 2.20465361474987 
2.23585228432169 4.44947766454491 0.227777799264988 
5.56598568558328 0.442296186014736 3.79386775315341 
0.446798593535942 4.61763470766059 3.24162920098982 
0.567095943972519 4.59543342127515 3.65622681223145 
6.33229655302929 5.90671904215637 3.00800007896591 
2.58546826308552 6.25326766129477 6.16256636567183 
3.2787608244963 2.85684599458587 0.972949077739511 
0.908245640486761 5.17489314594498 3.58883231665881 
0.78018752933574 4.8551523246059 3.82587467324766 
2.38059778579313 5.94102033205614 6.40542619033493 
2.43226284756064 6.17681910779275 6.4106991887704 
1.59324771964087 1.85576374903736 5.81978771920149 
1.27456519599941 1.60343340985396 5.75933767175107 
5.04570556711881 0.206726585665954 4.24928597806901 
5.17365323330685 0.193051175626427 3.81513041613398 
6.78760867317522 5.40297897369499 3.04269835966461 
6.56574749063185 5.71074742837645 2.80662628378307 
5.06036525713021 1.05506167623573 0.861100522055729 
5.27699377911443 0.735387097832201 0.752192525067572 
1.28015471294541 3.17137308897977 3.24760855995534 
1.3478664320793 3.25433839085468 2.84044102517481 
5.18957950216344 1.05812349451324 1.16037338099428 
5.40410752503021 0.736947483047084 1.02944886546541 
1.71964407303009 1.8659353407408 5.37539526039765 
1.38293424285076 1.58403184114397 5.3303180405513 
0.828015029099217 6.08018897490508 3.22522044488698 
1.06810385378053 6.217235207484 3.15873887558915 
2.53510305988796 4.29653953906662 0.483642179601784 
2.69006490964652 4.05124631251257 0.246375579087063 
0.720428774948099 4.19393217723858 3.52118922559391 
0.575916241011956 4.28202408459796 3.14432347505532 
5.20996545069838 2.39227335129799 4.27795966767274 
5.6826141367366 2.45383784745434 4.02633479270237 
6.53493633173054 0.152605108163649 5.83137410352898 
5.99687937117182 1.45151001991775 3.97432961249704 
5.44619235757327 2.52098961438634 3.65392349245002 
5.0041278940854 2.48639995779424 3.86626961920329 
6.37656973973958 1.2313208948317 4.15778726589809 
6.69015954515952 1.26397029665749 3.86606499867696 
4.80474398242654 4.15065000040378 4.21766097299722 
4.78219618857146 4.17061520801201 4.32105439725991 
1.51086789988502 0.351580879840377 3.16373919227725 
4.66450186526176 2.25457760835331 1.21105690524684 
5.74507925855944 4.53165540673724 2.11679194961971 
1.72929149659126 4.77361186599336 1.44269985151352 
2.66074789145504 5.82245967085608 5.91751332673828 
2.55953396842115 5.69815265587709 6.02548063655125 
6.60402238510809 0.60776150098714 6.09925762587217 
4.55995799735175 1.78100130147503 0.473381886352673 
4.90002106064826 2.1339331669472 0.916566758645099 
5.19900535727675 2.82967205104338 2.66362393451347 
2.13107442451712 6.09352916293821 1.16131625487637 
1.80511933011541 6.06171089254787 1.51611895972188 
6.35133205701127 4.53344950562432 2.34573777946106 
1.67601080834621 4.6412936708841 0.556163449098587 
1.83897926746274 5.00672093834042 0.839442438236882 
1.95323304082943 0.167453486004375 2.85776714823828 
1.81137421234749 0.280139586075681 3.2169942669027 
4.73384293604093 3.41393734592183 2.79916142705521 
4.80545811823848 3.03258673274131 2.93436076012461 
2.07751136806597 6.0352237695029 1.84074460895436 
2.48481686995218 6.01350597880873 1.65023559412015 
1.45699795262329 6.82595176585239 2.28290523857472 
1.12686768197151 6.68270526185643 2.38852256785502 
6.44839174334936 3.71319805241362 5.11724431476219 
6.61728464698067 4.21563660231994 5.23177068489342 
5.63377855517196 5.03301379270189 2.5770846486421 
5.48680339636868 4.87850953132919 2.36501323269434 
5.55028400321346 5.26850074603676 2.49601087135723 
5.83630419364685 4.53856174959145 1.59806248805253 
6.55342542206897 1.53593438190374 2.39105084300105 
6.63529620179789 1.89046858127553 2.34610808069274 
6.89961276762764 2.0209970830646 2.73135318095949 
4.74815481126639 1.5218495387516 3.63773485659149 
0.24261940222491 2.78423726755071 4.43494420005237 
0.404408011152027 2.65662556739329 4.38087357889424 
0.200604344170679 2.45414801111807 4.23807580146975 
6.03900040205835 4.04020452822578 1.31174639948356 
5.71751751346953 4.25758240078215 1.49045416083641 
4.75627258982042 1.88374489944795 3.45599215477839 
6.52076434179887 3.53276888773191 5.65099051846455 
6.69134468674669 3.995707546362 5.86297755596868 
5.08865837057728 1.36868899397896 3.41629141841658 
5.24163315399816 3.92314173419558 5.45386590520199 
4.87249363587279 3.91142866314634 5.65524759588083 
5.02582160385113 3.70951438754863 5.8568732026177 
5.34275238609161 3.71994916679032 5.68603830727037 
6.72524684352705 3.64487650693198 1.70002948615155 
0.86027215820865 3.91827577069529 5.06987535008047 
1.15152776022386 3.92353340509025 4.91207353625412 
1.07660395869827 3.98711154416957 4.67653778162318 
0.693199326086804 4.01500298186848 4.78540250463029 
1.93648714425056 0.955548051195173 4.42515514475658 
2.10246368703611 0.510366339470413 4.24934523545543 
1.69827435120743 0.838696483016576 4.64966579984839 
1.62592843751355 5.34927394589461 0.832571615969236 
6.61814844845919 4.55692791627455 2.06165743592049 
4.00187144182203 1.64086965296876 0.833534002159301 
0.902330091217575 5.48423505981535 1.08753458366868 
1.44726666870543 5.38670838964202 1.21020565493712 
6.50850831820592 4.30714140383225 1.39910143909539 
6.4356083746902 4.54945562417493 1.55339012204735 
4.18082790437854 2.11686643145544 1.16652014328749 
4.08155250179722 1.83243565494192 0.776426771611095 
1.69475556176017 4.20097729533264 0.716829761894315 
1.58968826514276 4.3384941719241 0.771977945334222 
1.60970800874188 4.40282453625067 1.31571983252491 
4.09805813012623 1.94412542581995 1.43812769837417 
3.97362221874528 1.59498616599918 1.29011212241134 
6.84698024758838 3.91431287409843 1.67988922417187 
6.92552934051985 4.08791599350342 2.08319967067368 
1.71831114402978 4.27769756873033 1.39117795149932 
1.8796174906666 4.0415495288037 1.03146337823603 
6.53208447474264 2.16005046054488 3.46497207643927 
6.06860769638341 2.02871082105185 3.61169626514061 
5.57666866555281 1.49020909550726 2.09190857156061 
5.05167553823738 1.33494351937303 1.7506376450985 
5.29214585553629 1.27021740322576 2.11681402749385 
0.411420064726091 4.54169511247069 6.8373982245626 
3.45303570342787 0.479871877822975 5.58031451427236 
6.24318844496063 1.94177953199203 1.11717640109378 
6.40560513973895 2.27376998715405 1.31578697321524 
5.5333645405157 1.89986023213896 3.15167175012757 
5.10933727815504 1.74982683266601 3.20199802758722 
6.0685710796097 2.35472569994924 1.37862194746123 
5.96872571695778 2.0322778838106 1.18421929689957 
1.44746445400832 3.87538079948458 2.5452221651601 
0.964931871136161 3.77613847832386 2.36243724683655 
6.79717009111154 4.70542854661433 0.459090549961208 
5.48634161418798 1.96615436879412 2.72332312974333 
5.05811239919162 1.79796278418386 2.82996714331368 
6.81417061629037 4.39111494680026 1.0243003637094 
6.64785633400002 4.30462976179859 0.571914466007066 
3.3193317180315 0.72402551174761 5.2501079780981 
3.01725294963063 0.620443586197762 5.16508944991583 
4.5141162084979 3.26148860509316 1.54018862952617 
1.20987740526248 3.62991821412691 4.28542289656124 
1.33293724263426 3.7580223055944 3.75907793740773 
1.44939632400009 3.76446469332624 4.03610834821013 
4.82094622009164 2.82845940193379 1.5232359780567 
4.7232274615167 2.57857589831673 1.16151678762277 
0.869362791100864 3.56872421787439 3.78102315945322 
0.827707869005137 3.49119694001249 4.06559387304089 
6.08421771101013 1.59251147414033 3.63417963279274 
6.50577148915597 4.70162769128414 3.0857250951488 
6.12237964358706 1.20596886121996 3.0864561035648 
5.86069064797689 1.46576608980257 3.40036388867412 
6.784739747049 5.09362469409672 2.94886632729066 
6.66479653067132 4.82694303731135 3.16809506180951 
3.99998662163339 3.32586939095836 1.33115519428946 
4.28447693221694 2.96310055762811 0.99949294782077 
4.27120776731204 3.29877330148681 1.23191981841027 
6.47015420276142 4.99524474554534 2.54710744039372 
6.34621389855753 4.85854224121689 2.60090297463686 
4.71752332373176 1.25596934234786 5.98860828997285 
5.11341154429831 2.75500773730122 0.25957323259459 
4.94756948391935 2.69942152828532 0.322144644076766 
3.86849575638694 2.70037236300973 1.02025218410971 
3.69209976076991 2.82130771687711 1.1749762143636 
4.49026217158369 1.14640791868563 5.75977810957922 
6.7683663075546 1.75022731845004 3.45174017723379 
3.35693260892854 1.41758326488664 6.61690857545022 
3.48123435601564 1.74755074155314 6.52454886171872 
4.61899292395841 1.69278112327642 6.11795032321746 
1.38076416455003 2.27667113336046 3.46809714150863 
1.7363644124219 1.90517844199576 3.35731110000928 
4.67150030237795 1.51212895090654 5.93183268752998 
6.50773817073302 1.20538012123324 3.18282903813028 
6.53885667456422 1.45375794008786 3.52886660758751 
6.79793501724928 1.3895658403527 2.77960647991667 
6.97403747802087 1.7039728634666 2.95068661331905 
2.04698552147903 2.29342421015439 3.2876434989453 
1.60096020998934 2.53256808284739 3.41739260878494 
6.04229589931111 0.374517780228703 4.26376026408722 
5.78658556734988 0.288669381649366 4.63187027904565 
1.20250760034697 0.52420475499016 2.432902682386 
1.32426094060458 0.587768515700798 2.2016905920904 
1.52092915264735 0.37379750535358 2.1770805757372 
5.64409243568103 0.557449675089865 4.06917525872777 
5.42962095576864 0.486786958341152 4.34799861840109 
6.46086326100128 2.99375862310242 2.3369129972011 
6.23843433908907 3.32604938014722 2.25308820854089 
4.47557010226008 1.40970874396014 5.2734720546843 
6.16617282480484 0.458165928046803 1.97090861023704 
6.35342577523337 0.614816317147983 1.80708459605017 
1.33027916194607 0.244973392799977 2.54552647230566 
1.48486369070671 0.188558989811878 2.43550952049241 
3.75926068049271 1.59611276260768 5.31029490832551 
4.12625929296026 1.52635571178414 5.07494702586309 
3.80501814297112 1.50002946897222 5.67122666408737 
4.43104275909013 1.3295100768092 5.69304518947614 
6.68476650770831 3.50636084437504 2.13573877765607 
5.3230734387322 2.56750162667543 6.17307231474183 
5.28184866974921 2.11457152636145 6.17693790621906 
4.86766346665453 1.93884343059742 5.95651639823201 
2.95056128174258 6.16913440169692 2.4817121662758 
2.76153792645062 6.22751489718211 2.90889215136159 
2.59506237270049 6.51869882165526 2.67821620220426 
2.75662430138806 6.45586231219292 2.3456822313328 
6.57471578123083 0.504832843595746 3.2601053185559 
6.70769175179279 0.721367082900222 3.27145071012356 
0.961240792412502 1.90985597595753 2.36075105823717 
0.776256100364229 1.69893251584159 1.93972051464514 
4.93025937749347 3.01377088576282 5.73362440311909 
4.51962006550555 2.71643028671231 5.32758482955751 
4.02133252984344 0.725866387735679 5.98349870062058 
4.92134406288028 2.7674891740066 6.04275662529669 
4.62442348857999 2.43406480764952 5.88279071778145 
4.07483504627162 0.335846804248922 5.80929859949608 
1.32430257865367 1.83112131887094 2.19919697980128 
1.24853203331477 1.65067440009048 1.83345766843274 
4.39403332000654 3.77648622922272 3.70143332862976 
0.853280744632187 3.29885156231984 1.57167593765259 
0.793669761864637 2.98333360395293 1.74453717977031 
4.53897792914335 3.83021347607558 3.11926575417123 
4.79926072268437 3.61569483634329 3.03094961802862 
1.03547510876507 3.19100430378965 1.43199788771777 
1.020441334275 2.92358127420177 1.53958543700563 
4.59608390872088 3.1839886552442 4.00909063760855 
4.69996814124608 3.41545002696827 3.89324609133339 
4.98123430747021 3.30144269936475 3.4903682807963 
4.97531409560651 3.05782591631267 3.42546574321893 
4.73878696950973 2.82922252089064 3.73561445548727 
0.0861691752177011 3.56037907194097 4.66222575550396 
0.317998721977951 3.85996753323188 4.58513953120415 
0.127317184956882 3.505327718789 4.38027436968623 
0.305230333269977 3.71771138250663 4.29658788033432 
3.56708078596998 3.55461625166275 3.53154347142529 
3.28023626313804 3.62649454536318 3.78423362301714 
3.74152599817241 3.6725372006137 3.72441170285478 
3.55774946934531 3.73530806844025 3.93728698823845 
5.47044249305671 3.81427596690083 2.18628634429525 
5.72787615509119 3.45145902031733 2.1597334731637 
5.20086611417123 3.54150759768034 2.18723513601487 
5.38734976933916 3.27508916216693 2.16443429257732 
3.26540348550766 0.58058940228568 3.49194953707776 
3.26165397293332 0.31488448904939 3.34210129025773 
2.90769893624354 0.113462016994326 5.95093407886511 
3.1459041914169 0.152736095060357 5.64562820635085 
2.87253333971604 0.180969906767983 5.40639476606926 
3.47900183305337 0.917364438770348 3.19912326818116 
2.56397774914686 1.3272911377613 2.42471310043539 
2.63448718288762 1.74117026260676 2.43974807172969 
2.90836558468588 1.37026000770652 2.5937862557719 
2.89976712799452 1.69906549989175 2.5724746620101 
3.66714782507647 2.4059600789834 3.52800762725543 
6.59784455356816 4.80296679532119 1.41812306466605 
5.38144264847167 1.59011677914412 1.36317746777895 
5.64052429300234 1.65099817570188 1.47887951999806 
3.62003069501643 2.23426543312082 3.99257514737004 
3.54897032549035 1.90336816084275 3.96217747142531 
5.26510658502142 1.64679394311779 1.58165821623249 
5.51274745987241 1.70681512102931 1.7197891057553 
6.57623736772914 5.24148046922413 0.627234057328519 
6.62301031952848 5.23267901054242 0.673931986314974 
6.41112697375025 5.14589121198864 1.26681765699516 
4.04694294907144 1.90145136070939 3.08934993865796 
1.40417330665431 2.34976998211097 6.11767727792825 
1.42071506640276 2.68475014151934 6.00024904100787 
1.56310602632403 2.4082183691549 6.3237750447273 
1.58077835407633 2.71331573241222 6.22933742436794 
0.476049691311611 4.86584995631491 0.64090204724225 
0.47745432763366 4.63382043797986 1.06579589394506 
3.48060027672738 0.861605554639579 2.44867048036987 
3.40029647268996 0.416302649473251 2.51886753624537 
3.61868556614532 2.11560709396605 3.31995145047961 
3.52252809438891 1.84442358500538 3.49793447579752 
2.23427030473203 0.757238519670936 5.60783999169816 
6.87858002870669 4.80239321399946 0.626655693430777 
6.8851254992236 4.57602995354178 1.0280283943386 
2.15607552858286 0.828886613842102 6.01636557819889 
2.26805922288523 0.58289097649088 6.19127955497451 
3.60920487575972 0.798701183017648 2.97813071344869 
3.52817316297997 0.41667561433882 2.98136857203679 
1.11057947397082 5.5196785796916 0.536736417440845 
0.840281028741458 5.55879165762301 0.829141705844093 
0.658454924157991 5.38484292241087 0.589712462973475 
0.924290364542018 5.37056383153508 0.363279803505469 
2.57401656966486 0.170272361693562 5.55717063132102 
2.5744225486269 0.115615669523037 5.81710083881614 
3.99936187992924 1.25338952411104 3.36021615612696 
3.89047222775671 1.24902954169716 3.43231778883377 
4.22477237592965 2.38288990543067 6.11581103015991 
3.7402735359954 2.42690884784082 5.82101654998133 
2.63832856171759 1.47653836772962 5.85269684669875 
5.90179692154092 5.61201854099214 0.826644837837609 
2.58386658736214 1.69067670245163 5.28424928358123 
2.69736618261063 1.37244142980967 5.47927950016561 
6.09879261207196 5.17205663750094 1.23819698030632 
6.0721074820592 5.24818273718736 0.861510304862605 
4.14380039696738 1.95347288417178 6.22951358221069 
3.7697878323397 1.90175093221733 6.01955994852127 
5.43003565218607 5.23687598560848 1.83601254061525 
5.3855098789864 5.14698777100114 2.26615656499579 
2.78280091116421 2.4409050594863 5.55576030134763 
2.75777809053583 2.25771171731484 6.00554545562931 
5.75033492440832 5.79732647110729 1.43845324481331 
5.8337041295665 5.60976261804974 1.59849720532744 
2.48483668723819 1.84701639993744 5.42259646321253 
2.49847058205801 1.76662160494099 5.82299870498975 
4.90062686153104 5.36403304937419 1.78675981376493 
4.90942433237818 5.2757041435242 2.20581707845298 
6.37521749886567 6.46360948795306 0.980204006285247 
6.24698804295678 6.73596014678704 0.887583365353282 
6.27240958530767 6.64667910423727 0.53458143832257 
6.42263322831055 6.35387079404367 0.70002864412567 
5.01573650078001 6.27278550400778 3.31285058805522 
5.18543890635657 6.17945575449416 3.80446132032065 
0.613322067167413 4.55202912335562 6.90369149422302 
0.771423252879205 4.67610394715769 0.328336506388645 
5.3249786668549 6.72908739461614 3.57401788533151 
5.14632581750124 6.6559997803832 3.26203332416077 
0.995967770682839 4.89927183435178 6.91607712827463 
1.00777969552826 4.89685812822957 0.222614505240454 
6.32828743579632 5.83275276504742 3.48214905311688 
6.53131666593481 5.6142664391978 3.57843901207998 
6.09291628708224 5.72417494143149 3.64520737973957 
6.33707780089044 5.43183177749602 3.77780935515441 
4.57879031101846 6.27870829895237 6.12001771689182 
4.7966510495797 6.60551163222322 5.93745156097174 
5.15461638644777 6.43718475727859 6.23524729713361 
4.94232906454434 6.13617472779312 6.39000099557164 
0.632565842650815 4.57337122127119 2.27344565415008 
0.561592793494467 4.2048646993515 2.18756152252442 
0.689275369455774 4.03674042810819 2.47288280119494 
4.36210266363362 0.854482503066622 6.63125575766642 
4.08321891530924 0.662993849951892 6.43034321524047 
1.42600787132248 4.15334508288821 2.75213196468624 
1.41494797763209 4.73103517095717 2.58975171698786 
1.63931696602978 4.49302279409514 2.62142941503379 
0.846027352497314 4.48749380107122 2.69425959032772 
0.855539748699611 4.30624319712485 2.74511644638251 
POLYGONS 1642 10058
5 3 2 5 1281 511 
4 4 3 511 1132 
5 879 1133 0 1147 1148 
6 1132 1133 879 1204 1281 511 
5 1 569 1194 1036 1035 
5 5 569 1 1204 1281 
5 1 1035 1148 879 1204 
5 628 1008 1036 1194 1195 
4 850 851 628 1195 
6 2 5 569 1194 1195 850 
6 3 2 850 851 587 4 
5 4 587 0 1133 1132 
6 0 587 851 628 1008 1147 
5 843 844 1300 947 1052 
6 947 1038 1435 1434 1299 1300 
6 8 1162 1534 1556 1589 1588 
6 7 6 1011 1218 1534 1162 
5 6 1011 1093 1573 1572 
6 10 9 1649 1647 1196 602 
5 11 622 1255 1256 766 
5 11 12 575 872 622 
5 765 766 1256 995 591 
5 14 13 765 591 483 
5 13 12 11 766 765 
6 13 12 575 1066 1065 14 
5 24 19 21 17 1007 
5 23 20 611 612 985 
5 17 16 22 18 21 
5 21 18 23 20 19 
6 25 556 1108 1109 646 1053 
6 24 19 20 611 27 15 
5 26 556 1108 1201 897 
5 34 33 28 468 693 
6 30 35 36 34 693 694 
5 33 28 32 29 31 
4 35 36 761 37 
6 33 31 760 761 36 34 
6 635 1041 1115 1042 1524 1528 
5 579 1116 1069 1448 1447 
5 579 1043 1002 1622 1447 
6 988 989 1623 1622 1002 38 
5 989 1098 762 1439 1623 
5 1069 1070 762 1439 1448 
5 38 1002 1043 1042 1524 
4 38 988 1528 1524 
5 635 1041 1070 762 1098 
5 988 989 1098 635 1528 
5 39 40 1366 1041 635 
5 39 40 1496 1491 1431 
5 39 635 1528 1529 1431 
5 1366 1367 44 1496 40 
5 1041 1115 802 1367 1366 
5 1431 1491 1546 1539 1529 
5 43 42 41 1547 1538 
6 41 44 1496 1491 1546 1547 
5 43 1042 1524 1540 1538 
5 42 41 44 1367 802 
5 43 42 802 1115 1042 
6 47 926 1292 1291 1343 1344 
6 1343 1344 664 1378 1377 46 
4 46 791 1291 1343 
6 604 605 45 791 1291 1292 
5 46 791 45 1368 1377 
5 528 952 1133 879 1039 
5 48 528 952 953 1257 
5 50 1282 1300 844 1287 
6 48 49 689 1125 1039 528 
5 49 689 844 1287 1198 
5 50 705 1258 1198 1287 
5 48 49 1198 1258 1257 
5 511 705 50 1282 1281 
5 533 534 881 880 673 
5 868 869 538 880 881 
5 676 782 534 881 868 
5 52 54 51 703 704 
5 51 53 676 782 703 
6 54 51 53 59 58 56 
5 58 59 869 538 1266 
6 57 52 704 533 673 640 
5 57 52 54 56 55 
5 59 53 676 868 869 
4 57 55 1265 640 
5 56 58 1266 1265 55 
5 533 534 782 703 704 
5 852 1529 1539 60 1545 
6 1283 1284 481 1696 1695 799 
4 481 482 662 1284 
5 820 821 799 1283 61 
6 65 63 835 1410 1406 550 
5 64 62 1437 1492 1486 
5 62 936 467 1438 1437 
5 64 62 936 1406 550 
6 39 1431 1438 467 1636 1640 
5 835 1410 1636 1640 1505 
5 39 40 882 1505 1640 
6 65 63 882 40 1496 1497 
4 63 835 1505 882 
5 64 550 65 1497 1486 
5 68 67 69 853 933 
5 66 67 68 1273 781 
5 70 66 67 69 1208 
5 484 535 706 1207 1184 
4 72 73 1142 1375 
5 73 713 71 1155 1142 
6 72 1375 1379 1357 1599 1591 
6 1142 1155 1564 1565 1379 1375 
5 74 1013 1327 1598 1590 
7 72 73 713 712 74 1590 1591 
5 74 712 75 1012 1013 
4 1326 1357 1379 1565 
4 75 71 713 712 
5 75 71 1155 1564 1012 
6 1012 1013 1327 1326 1565 1564 
5 77 6 1572 859 740 
5 858 859 1572 1573 76 
6 478 1058 1637 1636 1410 1411 
5 76 478 1411 943 858 
6 739 740 77 1506 1505 835 
5 739 835 1410 1411 943 
5 77 6 1011 1504 1506 
6 1011 1093 1058 1637 1641 1504 
5 76 478 1058 1093 1573 
5 739 740 859 858 943 
5 81 80 79 1006 1005 
5 79 83 1674 1685 1006 
5 80 79 83 89 88 
6 81 80 88 78 87 85 
4 81 85 1689 1005 
6 1005 1006 1685 1686 1681 1689 
4 82 84 78 87 
6 82 86 1677 1678 90 84 
6 87 82 86 1681 1689 85 
5 89 83 1674 1678 90 
4 86 1677 1686 1681 
5 90 84 78 88 89 
6 72 634 767 954 1376 1375 
5 91 92 478 1058 1059 
4 93 94 1401 1297 
5 94 870 1646 1400 1401 
5 874 1178 1400 1646 1648 
5 768 1012 1564 1574 1430 
5 75 931 1030 768 1012 
5 96 97 95 931 1030 
6 99 103 98 1675 1687 1683 
6 100 783 1071 1349 98 1675 
6 53 676 1072 1037 1060 1061 
5 101 102 51 53 1061 
4 1037 1060 510 1348 
6 102 51 703 104 1687 1683 
6 99 101 1061 1060 510 103 
4 101 102 1683 99 
5 104 100 783 782 703 
4 104 100 1675 1687 
5 103 98 1349 1348 510 
4 108 2 850 539 
5 109 108 539 106 1100 
5 111 112 110 105 571 
5 105 109 1100 960 571 
6 110 105 109 108 2 5 
5 569 570 1106 1237 1194 
6 106 539 850 1195 1236 1081 
5 107 960 1100 106 1081 
5 111 571 960 107 1107 
5 111 112 570 1106 1107 
6 107 1081 1236 1237 1106 1107 
5 110 5 569 570 112 
5 1303 1333 1153 1483 1481 
6 533 534 1307 1332 1090 113 
5 944 1229 1481 1303 1308 
5 113 533 704 1412 1413 
5 114 115 1483 1153 1152 
5 100 783 944 1229 1045 
5 113 1090 1152 114 1413 
7 104 100 1045 115 114 1413 1412 
4 703 704 1412 104 
5 115 1045 1229 1481 1483 
6 782 783 944 1308 1307 534 
4 120 735 116 1112 
6 116 117 1272 1275 822 735 
5 118 117 116 1112 1091 
5 118 117 1272 1605 680 
5 118 680 966 1119 1091 
5 121 967 1606 1276 986 
5 966 967 121 1120 1119 
5 119 120 735 822 823 
5 119 823 986 121 1120 
6 119 120 1112 1091 1119 1120 
5 14 123 126 122 1065 
6 123 124 789 810 125 126 
4 14 123 124 483 
6 129 127 1672 1671 128 684 
5 728 729 1680 1672 127 
5 729 1551 130 1679 1680 
6 129 127 728 601 1050 1051 
6 131 99 1683 1684 728 127 
5 99 101 666 665 131 
5 127 131 665 691 129 
5 690 691 129 1051 997 
5 135 134 1056 801 1014 
5 134 607 690 997 1056 
5 132 601 728 1684 1015 
4 132 133 1050 601 
5 132 133 801 1014 1015 
6 133 801 1056 997 1051 1050 
6 135 134 607 666 101 102 
6 135 102 1683 1684 1015 1014 
4 136 770 677 1040 
6 0 587 1167 136 770 701 
5 136 1040 1340 1166 1167 
6 983 984 1339 1340 1166 474 
4 0 701 732 1147 
6 878 911 984 983 628 1008 
7 677 699 912 877 732 701 770 
5 911 912 699 1339 984 
5 587 851 474 1166 1167 
4 628 851 474 983 
4 137 529 138 1597 
5 48 49 1707 1708 1345 
5 142 140 1166 1340 1280 
6 614 615 474 983 1023 562 
4 984 1022 1585 1339 
5 139 141 142 1280 1584 
5 139 141 808 614 562 
5 474 615 809 140 1166 
6 139 562 1023 1022 1585 1584 
5 142 140 809 808 141 
5 1189 1257 48 1345 1338 
6 482 588 1189 1257 953 662 
5 143 144 660 529 137 
5 146 651 130 1679 1552 
5 1293 1294 145 1595 1581 
5 128 145 1595 1596 1671 
5 3 511 705 593 541 
6 662 953 1132 4 1352 1284 
5 4 3 541 901 1352 
6 541 593 1331 1337 909 901 
6 901 909 929 481 1284 1352 
5 147 583 1500 924 923 
5 148 147 923 939 686 
4 149 150 1055 687 
6 686 687 1055 1119 966 148 
5 150 1055 1119 1091 1092 
5 149 150 1092 1080 151 
5 1091 1092 1080 1501 118 
6 924 940 151 1080 1501 1500 
6 149 151 940 939 686 687 
5 583 680 118 1501 1500 
5 148 147 583 680 966 
6 152 755 911 878 1324 1325 
4 1075 1105 1482 1228 
5 153 576 1325 1324 707 
5 65 63 744 1001 840 
5 154 749 840 65 1497 
5 44 155 154 1497 1496 
5 155 154 749 519 499 
6 499 519 748 813 1346 1330 
5 882 883 1347 1366 40 
5 813 814 883 1347 1346 
5 63 744 814 883 882 
5 44 155 499 1330 1367 
5 156 162 160 161 159 
6 156 158 168 112 110 162 
5 159 156 158 807 998 
5 157 163 111 112 168 
5 157 164 165 169 163 
6 168 157 164 1057 807 158 
5 161 159 998 997 690 
6 160 161 690 607 166 167 
6 165 169 572 166 607 134 
5 162 160 167 105 110 
5 163 111 571 572 169 
5 165 134 1056 1057 164 
5 167 166 572 571 105 
6 170 139 562 177 1341 1342 
5 13 12 837 170 1342 
5 172 174 1341 177 636 
5 174 765 13 1342 1341 
5 139 141 1086 837 170 
5 173 176 637 614 808 
5 171 173 808 141 1086 
5 11 12 837 1086 171 
5 177 562 614 637 636 
6 11 171 173 176 175 766 
5 175 176 637 636 172 
5 175 172 174 765 766 
5 180 178 1022 1585 1586 
5 178 755 911 984 1022 
5 179 841 1169 1168 1076 
5 177 182 845 1023 562 
6 180 183 937 847 1587 1586 
5 180 178 848 709 183 
5 184 847 937 1449 1450 
6 183 709 181 1321 1449 937 
5 178 848 845 1023 1022 
5 181 182 177 1341 1321 
5 181 182 845 848 709 
6 184 170 139 1584 1587 847 
4 184 170 1342 1450 
6 484 485 185 536 537 186 
5 186 187 862 535 484 
4 190 692 806 1630 
5 188 189 191 190 692 
5 192 726 1076 1168 805 
6 189 191 780 1652 1653 842 
6 841 842 1653 1662 1625 179 
5 191 190 1630 1632 780 
6 192 788 1632 1630 806 805 
6 788 1629 1661 1652 780 1632 
5 726 1076 179 1625 1624 
5 188 189 842 841 1169 
6 188 692 806 805 1168 1169 
5 192 726 1624 1629 788 
5 503 667 552 839 1365 
6 194 668 1296 1291 1343 1364 
6 552 839 1047 193 1136 1149 
6 926 1292 1295 503 1365 1436 
4 195 193 1047 1422 
5 47 195 1422 1436 926 
6 195 193 1136 1363 1344 47 
5 667 668 194 1149 552 
5 1136 1149 194 1364 1363 
5 196 623 697 698 803 
5 622 623 697 975 872 
5 197 884 913 843 1052 
5 622 623 196 1215 1255 
6 515 516 199 603 608 609 
5 200 10 602 603 608 
6 198 201 1182 1016 515 609 
5 202 205 886 629 899 
5 629 630 486 900 899 
4 204 645 1126 887 
5 629 630 204 887 886 
5 203 1031 1463 1614 1612 
5 486 630 204 645 1103 
7 886 887 1126 1127 1032 1029 205 
5 206 211 513 655 468 
4 206 468 28 488 
5 210 207 209 643 1157 
6 28 32 903 904 974 488 
4 208 210 1157 1205 
5 212 1210 1535 1532 1423 
5 212 1210 1163 1390 1567 
5 494 495 215 1562 213 
5 213 214 1390 1567 1562 
6 212 1423 1426 215 1562 1567 
5 659 1427 1557 1556 1589 
5 214 8 1162 1163 1390 
5 214 8 1588 494 213 
5 215 495 659 1427 1426 
5 211 513 737 1025 898 
7 216 657 818 819 738 737 1025 
5 190 621 818 657 692 
6 206 191 190 621 693 468 
4 656 694 819 738 
5 189 191 206 211 898 
5 216 188 189 898 1025 
4 216 188 692 657 
5 217 218 1261 1027 219 
4 223 218 217 531 
6 219 217 531 1156 1241 1240 
6 1027 1028 1385 1386 1240 219 
6 221 1046 1231 1028 1385 1396 
5 1027 1028 1231 1250 1261 
4 653 654 221 1046 
5 222 653 1046 1231 1250 
6 223 218 1261 1250 222 220 
6 221 654 1217 1209 1397 1396 
6 220 222 653 654 1217 1216 
5 223 220 1216 1156 531 
5 224 230 236 231 229 
7 224 227 228 675 226 233 230 
5 229 224 227 232 225 
5 229 225 234 235 231 
6 234 225 232 1361 1331 599 
6 226 675 1336 1337 733 734 
5 226 233 928 745 734 
5 232 227 228 1362 1361 
6 1143 1144 733 1337 1331 599 
5 235 234 599 1143 836 
4 228 675 1336 1362 
5 233 230 236 927 928 
6 236 231 235 836 906 927 
5 237 81 80 697 623 
5 11 171 237 623 622 
5 239 79 1006 969 731 
5 718 968 946 1087 1222 
7 237 81 1005 946 1087 1086 171 
5 238 239 731 730 240 
6 80 79 239 238 975 697 
6 240 238 975 872 575 565 
5 12 575 565 1223 837 
6 240 565 1223 1222 718 730 
5 239 716 757 736 731 
7 242 241 532 1124 1123 1212 1211 
4 220 222 243 1235 
5 524 525 244 1170 1117 
5 244 247 1138 1139 525 
4 245 618 1351 1202 
5 618 894 1460 1461 1351 
5 246 545 1460 894 895 
5 245 618 894 895 1569 
5 479 480 551 1423 212 
5 46 248 480 551 1377 
5 1377 1378 1426 1423 551 
5 479 480 248 547 866 
5 212 479 866 1568 1567 
4 215 664 1378 1426 
6 215 664 1344 1363 1563 1562 
5 46 248 547 1364 1343 
6 249 9 1649 1014 801 1110 
5 250 251 120 1112 1113 
6 254 1197 1709 1708 1345 1338 
5 254 252 255 253 1197 
6 717 795 256 1508 1627 1626 
5 794 795 256 1594 1715 
5 256 1508 138 1597 1594 
6 475 1286 1604 1447 1622 1620 
5 258 475 1286 1285 956 
5 472 957 827 1603 1134 
6 259 473 956 258 752 1003 
5 257 259 473 472 957 
5 257 259 1003 1002 1043 
5 579 827 957 257 1043 
5 579 827 1603 1604 1447 
4 258 475 1620 752 
6 260 263 1478 1477 516 515 
6 260 261 262 965 964 263 
5 260 261 1140 1016 515 
6 217 262 261 1140 1141 531 
4 531 1141 962 1156 
5 964 965 219 1240 610 
4 217 262 965 219 
6 920 963 1017 516 1477 1480 
5 610 964 263 1478 1479 
6 1240 1241 920 1480 1479 610 
5 264 500 1118 1117 1170 
6 580 727 1118 1117 524 824 
4 727 961 500 1118 
5 264 688 834 244 1170 
6 264 500 961 1408 1409 688 
6 580 727 961 1408 1374 941 
5 244 525 1079 1077 834 
6 266 828 958 271 1233 1234 
5 270 1234 266 1618 1619 
5 269 828 266 1618 1616 
5 267 268 1191 1164 265 
5 267 268 540 271 958 
5 265 267 958 828 269 
5 1100 1101 1165 1190 106 
6 109 270 1619 1617 1101 1100 
6 539 540 268 1191 1190 106 
5 109 270 1234 1233 108 
5 539 540 271 1233 108 
7 265 269 1616 1617 1101 1165 1164 
6 612 724 273 1517 1521 985 
6 23 985 1521 1520 1489 1466 
5 273 1517 1657 1643 1642 
5 90 724 273 1642 1678 
6 86 1458 1490 1635 1644 1677 
5 1489 1490 1635 1658 1520 
5 82 84 611 20 272 
5 23 20 272 1467 1466 
5 82 272 1467 1458 86 
5 90 84 611 612 724 
6 278 641 685 274 1541 1312 
5 1404 1405 274 1541 1536 
5 280 275 721 277 1151 
6 276 277 721 720 279 281 
5 284 22 16 282 283 
7 288 542 286 1664 1663 789 810 
4 124 789 1663 1484 
4 286 514 1487 1664 
5 289 285 1440 1441 1260 
6 288 287 289 1260 1259 542 
7 123 124 1484 1488 1192 1441 1440 
5 286 514 617 1259 542 
5 126 125 287 289 285 
4 287 125 810 288 
4 126 285 1440 123 
4 937 938 1451 183 
6 216 188 1169 1445 1575 1566 
4 1025 1026 1566 216 
4 773 847 1587 959 
6 526 1487 1664 1665 1650 1651 
5 280 275 526 1487 514 
4 278 641 1644 1635 
5 291 712 74 1078 824 
7 74 1013 999 1554 1553 941 1078 
5 756 1000 769 1303 1308 
6 768 769 1000 999 1013 1012 
6 290 505 1307 1332 932 619 
5 290 505 1553 941 580 
5 290 580 824 291 619 
4 999 1000 756 1554 
6 291 619 932 931 75 712 
6 68 292 252 255 1274 1273 
5 242 241 293 661 934 
5 68 292 661 934 933 
4 32 29 294 903 
5 794 795 512 1550 295 
5 506 717 795 512 865 
4 573 574 719 296 
5 296 719 1360 1468 1020 
6 296 573 1634 1654 1645 1020 
5 297 298 299 815 702 
6 300 297 702 908 1639 1638 
6 1313 1462 1468 1020 1645 1669 
6 300 297 298 1360 719 574 
5 298 299 1462 1468 1360 
5 299 815 1314 1313 1462 
5 573 574 300 1638 1634 
5 276 277 670 1334 1335 
6 670 671 301 1452 1309 1334 
4 670 671 1151 277 
6 520 1218 1534 1535 1511 1518 
5 302 971 1518 1511 1350 
5 1350 1503 1532 1535 1511 
6 302 618 1351 1502 1503 1350 
6 520 970 894 1460 1459 1218 
4 970 971 1518 520 
5 302 618 894 970 971 
4 304 281 276 1335 
6 303 846 1242 304 1335 1334 
4 305 303 1334 670 
5 305 303 846 1717 502 
6 501 502 305 670 277 721 
5 501 502 1717 1719 1711 
4 720 721 501 1711 
5 281 279 1243 1242 304 
5 279 720 1711 1719 1243 
5 306 182 181 303 846 
5 181 303 1334 1309 709 
6 306 846 1242 1396 1385 1089 
4 1028 1150 1089 1385 
4 304 221 1396 1242 
5 306 182 845 1150 1089 
5 304 221 1046 1414 1335 
5 307 577 1435 1038 632 
5 1 471 1434 1299 1204 
4 168 307 632 158 
6 168 112 570 578 577 307 
5 156 158 632 1038 947 
5 156 162 1282 1300 947 
5 1 471 578 570 569 
5 110 162 1282 1281 5 
6 196 546 1384 1354 237 623 
5 308 78 88 663 804 
5 80 88 663 698 697 
6 196 546 764 308 804 803 
5 87 78 308 764 763 
5 85 87 763 1383 1355 
5 237 81 85 1355 1354 
5 309 521 604 1292 1295 
6 65 550 696 695 1088 840 
5 310 497 311 860 861 
5 648 860 311 1691 1692 
6 19 21 918 988 38 916 
5 24 19 916 917 722 
4 17 625 1544 1007 
5 21 17 625 312 918 
6 312 852 1529 1528 988 918 
5 312 625 1544 1545 852 
6 60 722 24 1007 1544 1545 
5 60 722 917 1540 1539 
5 916 917 1540 1524 38 
5 314 316 315 627 1317 
5 315 121 967 987 627 
5 686 687 313 711 826 
5 710 711 313 1388 1387 
5 313 687 1055 1269 1388 
6 710 714 1315 1317 314 1387 
5 489 825 714 1315 1130 
6 148 489 1130 987 967 966 
5 315 121 1120 1268 316 
6 314 316 1268 1269 1388 1387 
5 148 489 825 826 686 
5 319 477 1187 1288 992 
4 319 318 317 477 
4 723 934 242 1211 
7 185 320 223 531 1141 1183 485 
5 223 220 1235 1247 320 
5 131 99 103 321 323 
4 323 131 127 1672 
5 322 642 729 1680 1578 
5 103 321 1576 548 98 
6 321 323 1672 1680 1578 1576 
5 322 669 548 1576 1578 
5 322 642 1673 1676 669 
5 98 548 669 1676 1675 
6 728 729 642 1673 1688 1684 
6 52 704 1412 1400 1646 1647 
6 1178 1400 1412 104 1687 1688 
6 52 54 135 1014 1649 1647 
5 874 1015 1684 1688 1178 
4 135 102 51 54 
6 758 759 793 1380 1379 1357 
5 633 738 819 759 793 
7 875 876 1026 1566 1565 1379 1380 
5 633 793 1380 875 976 
5 737 977 876 1026 1025 
5 216 657 1326 1565 1566 
5 758 818 657 1326 1357 
5 1443 1494 324 1698 1702 
5 1185 1186 1493 1494 324 
5 327 1135 1493 1494 1443 
6 491 568 1701 1697 198 609 
5 326 200 608 490 325 
6 1198 1199 1226 1710 1707 49 
5 118 117 1186 1493 1501 
5 1185 1186 117 1272 624 
5 324 469 829 1495 1494 
6 469 470 329 624 1185 324 
5 469 470 613 328 829 
5 328 592 1601 672 613 
6 583 592 328 829 1495 1500 
6 329 624 1272 1605 1601 672 
4 329 470 613 672 
5 312 331 467 1438 852 
5 330 331 312 625 586 
6 330 331 467 936 1096 332 
4 695 904 974 1088 
6 336 333 334 647 646 1109 
5 334 647 1293 1581 1073 
4 333 334 1073 338 
5 25 337 335 1474 556 
6 339 508 1475 1474 335 1592 
5 337 335 1592 1595 145 
5 336 508 1475 1108 1109 
5 339 338 333 336 508 
6 339 338 1073 1581 1595 1592 
5 25 337 145 1294 1053 
4 589 1570 1024 1621 
5 1498 1499 979 1580 1476 
5 1024 1371 1476 1580 1570 
7 1024 1371 1466 1467 752 1620 1621 
5 1371 1466 1489 1498 1476 
6 475 476 811 1442 1432 258 
6 476 589 1570 1580 979 811 
5 258 752 1467 1458 1432 
5 475 476 589 1621 1620 
5 811 979 1499 1485 1442 
6 186 340 261 1140 1184 484 
4 185 320 344 536 
4 343 340 186 537 
5 343 340 261 262 342 
5 342 262 217 218 341 
5 341 344 320 223 218 
6 342 341 344 536 537 343 
6 92 478 1411 1407 1097 681 
6 648 736 757 1244 1693 1692 
5 347 349 700 946 1087 
6 345 347 1087 1222 1206 346 
5 350 345 347 349 348 
4 700 753 968 946 
4 351 352 638 1067 
5 351 352 1262 1036 1035 
6 352 638 708 707 1324 1262 
5 878 1008 1036 1262 1324 
6 535 706 1507 1697 1701 862 
5 1665 1666 1702 1698 1650 
5 355 353 905 1083 1128 
5 355 1128 1428 1137 1224 
5 355 353 1285 1134 1224 
5 817 905 353 1285 1286 
5 354 631 1083 1128 1428 
5 600 631 354 1608 1609 
5 1137 1224 1134 1603 1600 
5 600 631 1083 905 817 
5 354 1428 1137 1600 1608 
4 357 595 638 708 
6 595 638 1067 1131 797 796 
5 1301 1302 1659 1656 356 
5 507 560 684 129 691 
6 161 159 197 884 885 855 
5 690 691 507 855 161 
5 362 800 867 361 1175 
6 361 867 1353 1352 901 902 
6 785 786 363 909 929 816 
6 360 785 816 1696 1695 838 
5 799 800 362 838 1695 
4 481 929 816 1696 
6 359 358 1129 1175 361 902 
5 363 359 902 901 909 
5 360 838 362 1175 1129 
4 363 359 358 786 
5 785 786 358 1129 360 
5 154 33 28 488 749 
5 34 364 365 621 693 
5 34 33 154 155 364 
6 155 364 365 367 366 499 
6 206 191 780 519 749 488 
4 366 367 1631 1633 
6 367 365 621 190 1630 1631 
6 366 499 519 780 1632 1633 
5 54 135 134 165 56 
7 165 56 55 603 608 490 164 
5 57 55 603 602 1196 
5 325 490 164 1057 1111 
5 249 326 325 1111 1110 
5 200 10 9 249 326 
4 57 52 1647 1196 
5 581 771 368 1617 1619 
6 573 574 639 1618 1616 1263 
6 368 557 1264 1263 1616 1617 
5 368 557 1037 1060 771 
6 557 1037 1348 1638 1634 1264 
5 300 574 639 582 831 
5 300 831 510 1348 1638 
6 581 582 831 510 1060 771 
4 1263 1264 1634 573 
4 1044 1555 1552 1583 
5 369 1044 1583 1582 1074 
6 369 1044 1555 1543 668 1296 
5 146 778 1543 1555 1552 
5 369 1074 309 1295 1296 
5 1447 1448 1610 1609 1604 
6 296 573 1263 1114 1116 1069 
4 269 1114 1263 1616 
6 827 828 269 1114 1116 579 
5 574 639 1607 1611 719 
5 827 828 266 1600 1603 
6 296 719 1611 1610 1448 1069 
6 266 1600 1608 1607 639 1618 
6 370 174 1341 1321 1193 919 
7 502 919 370 924 923 1718 1717 
5 787 939 923 1718 948 
6 306 182 177 636 787 948 
5 172 174 370 924 940 
5 181 303 305 1193 1321 
4 305 502 919 1193 
5 306 846 1717 1718 948 
5 172 636 787 939 940 
5 651 652 1714 778 146 
4 64 371 696 550 
6 372 338 1073 1074 369 792 
5 333 334 522 1310 1320 
6 333 338 372 373 1319 1320 
6 521 522 1310 1311 605 604 
6 521 522 334 1073 1074 309 
5 373 45 605 1311 1319 
5 791 792 369 1296 1291 
5 373 45 791 792 372 
5 1160 1180 1313 1462 1471 
4 1160 1163 1210 1471 
6 1160 1163 1390 1403 1219 1180 
5 374 866 1568 1402 1251 
6 212 479 299 1462 1471 1210 
5 374 815 1314 1252 1251 
5 299 479 866 374 815 
5 1180 1219 1252 1314 1313 
5 366 375 596 493 1633 
5 492 788 1629 1670 1655 
6 375 596 1654 1645 1346 1330 
4 366 375 1330 499 
5 748 813 376 1661 1652 
5 1629 1661 376 1669 1670 
5 376 813 1346 1645 1669 
5 492 493 1633 1632 788 
6 377 480 551 563 1421 1420 
5 202 205 373 45 1368 
5 373 205 886 649 372 
5 377 379 380 248 480 
5 380 248 46 791 792 
4 378 379 377 1420 
6 378 649 886 629 1421 1420 
6 379 380 792 372 649 378 
4 629 899 563 1421 
6 551 563 899 202 1368 1377 
5 293 661 594 864 863 
7 381 566 1706 1705 775 864 594 
5 381 566 1212 1211 723 
5 381 594 661 934 723 
5 775 856 1158 1703 1705 
5 1123 1212 566 1706 1704 
5 241 293 863 857 532 
5 384 382 374 866 547 
5 383 194 1364 547 384 
5 382 144 143 383 384 
5 935 1159 1244 1693 1694 
6 265 267 386 387 313 711 
5 386 267 958 957 257 
5 42 802 385 1387 1388 
4 385 1121 710 1387 
5 43 42 1388 313 387 
6 265 269 1114 1121 710 711 
6 385 802 1115 1116 1114 1121 
6 387 386 257 1043 1042 43 
5 360 389 388 950 838 
6 775 816 1696 1699 1220 856 
5 388 658 1221 1154 950 
4 775 816 785 1705 
6 360 389 1393 1703 1705 785 
5 389 388 658 873 1393 
6 658 873 1158 856 1220 1221 
4 265 711 826 1164 
5 714 715 1122 1121 710 
5 557 558 715 1122 1264 
6 714 715 558 754 616 825 
4 368 990 1101 1617 
5 557 558 754 990 368 
5 616 754 990 1101 1165 
5 23 18 1372 1371 1466 
5 284 22 18 1372 1323 
5 315 121 986 741 504 
5 315 504 1599 1598 627 
6 525 1079 1590 1591 1095 1139 
6 504 741 1177 1095 1591 1599 
5 741 986 1276 1176 1177 
6 247 1138 1176 1276 1606 1602 
4 244 247 1602 834 
6 627 987 1077 1079 1590 1598 
5 95 390 1171 391 97 
5 813 814 1068 1181 376 
5 350 348 821 820 392 
4 351 471 1 1035 
6 351 471 1434 1394 1131 1067 
5 159 156 947 1052 197 
6 995 996 1389 1416 1245 1256 
5 1245 1246 1019 1417 1416 
5 775 816 929 930 864 
6 39 635 1098 1099 1641 1640 
6 762 971 1518 1519 1021 1070 
5 883 942 1519 1021 1347 
5 520 970 1099 1641 1504 
5 1041 1070 1021 1347 1366 
6 520 1504 1506 942 1519 1518 
5 393 30 35 119 823 
5 741 742 393 823 986 
5 364 365 316 1268 1248 
7 316 315 504 758 818 621 365 
6 393 30 694 819 759 742 
6 35 119 1120 1268 1248 36 
4 36 34 364 1248 
5 266 1234 1289 1137 1600 
5 271 394 1225 1290 1233 
5 394 472 1134 1224 1225 
5 271 394 472 957 958 
6 860 861 1004 753 968 969 
5 311 860 969 1006 1685 
5 310 388 950 1004 861 
7 362 700 946 1005 1689 1690 1175 
5 389 395 1457 1129 360 
6 389 388 310 497 498 395 
6 395 498 1686 1681 1682 1457 
5 497 498 1686 1685 311 
6 362 700 753 1004 950 838 
6 37 251 250 396 1382 761 
6 320 344 595 357 790 1247 
5 341 218 1261 1262 352 
5 341 352 638 595 344 
5 707 708 357 790 153 
6 153 576 243 1235 1247 790 
5 222 243 576 1325 1250 
5 122 209 207 285 126 
5 806 915 1318 1631 1630 
6 192 805 1000 756 1328 1329 
6 915 999 1554 1560 1316 1318 
4 397 620 1560 1316 
6 492 493 397 620 1328 1329 
6 397 493 1633 1631 1318 1316 
5 620 1328 756 1554 1560 
4 492 788 192 1329 
6 339 407 404 403 1593 1592 
5 405 407 339 508 509 
4 403 398 401 1593 
6 399 496 585 406 543 544 
5 400 402 399 496 650 
5 508 509 584 1472 1475 
5 335 400 650 1473 1474 
5 403 398 544 543 404 
5 402 399 544 398 401 
5 407 404 543 406 405 
6 335 400 402 401 1593 1592 
5 405 406 585 584 509 
5 486 487 409 888 630 
5 408 817 905 973 849 
5 408 409 487 779 849 
5 204 631 1083 1084 645 
5 204 630 888 600 631 
5 972 1084 645 1103 1104 
5 408 409 888 600 817 
5 779 849 973 972 1104 
5 397 493 596 1122 715 
5 385 375 596 1122 1121 
6 385 375 366 367 314 1387 
5 314 367 1631 1318 1317 
5 714 715 397 1316 1315 
4 349 700 362 800 
5 361 411 809 140 867 
5 85 1355 410 1690 1689 
5 410 411 361 1175 1690 
7 410 411 809 808 173 1354 1355 
4 171 237 1354 173 
6 142 140 867 800 349 347 
5 142 347 1087 1086 141 
5 124 483 591 1444 1484 
6 1443 1444 1484 1663 1666 1702 
5 412 187 862 1701 568 
6 995 996 327 1443 1444 591 
5 413 414 1082 1081 107 
5 415 414 413 1527 1526 
6 107 413 1527 982 991 960 
5 981 982 1527 1526 951 
5 1081 1082 949 1190 106 
5 415 414 1082 949 674 
6 674 949 1190 1165 616 1063 
5 415 674 1063 951 1526 
5 259 473 410 1355 1383 
5 746 763 1383 259 1003 
5 272 746 1003 752 1467 
5 82 272 746 763 87 
6 1432 1456 1682 1681 86 1458 
4 258 956 1456 1432 
6 410 473 956 1456 1682 1690 
7 404 378 1420 1425 1611 1607 543 
6 629 630 888 889 1424 1421 
4 404 378 649 407 
6 405 406 354 631 204 887 
5 405 407 649 886 887 
5 406 354 1608 1607 543 
5 888 889 1610 1609 600 
4 198 201 1507 1697 
5 260 261 340 417 416 
5 260 416 491 609 515 
5 412 417 416 491 568 
5 201 1182 1207 706 1507 
5 186 340 417 412 187 
5 1016 1140 1184 1207 1182 
5 383 384 1571 1579 1548 
6 256 322 1578 1579 1548 1594 
6 143 383 1548 1594 1597 137 
5 384 382 747 1577 1571 
5 548 549 1305 1522 669 
6 382 144 660 1305 549 747 
5 256 322 669 1522 1508 
6 138 529 660 1305 1522 1508 
5 829 830 526 1651 469 
5 275 526 830 501 721 
6 829 830 501 1711 1712 328 
5 278 1312 1485 1490 1635 
5 1231 1232 152 1325 1250 
4 391 97 96 418 
7 628 983 1023 845 1150 1236 1195 
5 948 949 1082 1089 306 
6 539 540 615 474 851 850 
5 268 540 615 614 637 
5 636 637 268 1191 787 
6 597 598 1172 1171 390 798 
5 419 527 597 798 1048 
5 420 160 161 855 993 
5 162 160 420 50 1282 
6 420 50 1287 1288 992 993 
5 332 330 422 423 682 
5 421 424 422 330 586 
6 290 505 881 880 1359 1358 
5 290 619 1049 1356 1358 
5 619 932 798 1048 1049 
5 1048 1049 1356 1465 419 
6 419 527 425 1188 1464 1465 
5 113 425 1188 673 533 
5 673 880 1359 1464 1188 
5 597 798 932 1332 1090 
5 113 425 527 597 1090 
4 534 881 505 1307 
6 778 1543 1548 1594 1715 1714 
5 256 322 642 512 795 
5 295 652 1714 1715 794 
6 651 652 295 1550 1551 130 
5 512 642 729 1551 1550 
5 426 94 870 871 427 
6 93 94 426 784 1270 1271 
5 77 606 1161 942 1506 
5 814 883 942 1161 1068 
6 29 31 1486 64 371 294 
6 294 371 696 695 904 903 
5 154 33 31 1486 1497 
6 428 598 892 1278 1279 626 
6 426 94 1401 1413 113 425 
5 114 1239 1297 1401 1413 
5 428 626 1239 114 1152 
6 626 1239 1297 93 1271 1279 
5 426 425 527 893 784 
5 597 598 428 1152 1090 
5 239 79 83 429 716 
5 648 736 731 969 860 
5 83 429 1159 935 1674 
6 935 1674 1685 311 1691 1694 
5 429 716 757 1244 1159 
5 260 263 163 157 416 
5 199 603 55 1265 1238 
6 58 169 163 263 1478 1266 
4 56 58 169 165 
5 157 416 491 490 164 
4 199 516 1477 1238 
4 290 580 727 1358 
5 1202 1203 774 1502 1351 
6 353 430 1455 1456 956 1285 
5 355 353 430 358 359 
5 355 359 902 1225 1224 
5 394 411 361 902 1225 
5 410 411 394 472 473 
5 358 430 1455 1457 1129 
5 413 414 1386 1240 610 
5 219 965 1106 1237 1027 
5 107 413 610 964 1107 
5 414 1082 1089 1385 1386 
4 915 999 1013 1327 
4 1078 1079 1590 74 
6 1317 1318 915 1327 1598 627 
6 401 323 1672 1671 1596 1593 
5 323 131 665 402 401 
5 400 402 665 691 507 
5 335 400 507 560 337 
5 337 145 128 684 560 
7 431 553 1537 1536 1404 1704 1706 
4 566 567 431 1706 
4 433 1209 1397 1392 
4 432 553 431 567 
5 1432 1442 1542 1455 1456 
6 395 274 1541 1542 1455 1457 
4 395 274 685 498 
6 498 685 641 1644 1677 1686 
5 679 797 1131 1394 1399 
6 341 352 351 471 578 342 
5 344 536 743 796 595 
6 343 537 1009 1398 1435 577 
4 343 342 578 577 
5 435 434 1323 284 283 
5 989 1145 1024 1621 1623 
6 895 980 1145 1024 1570 1569 
5 302 555 1439 762 971 
5 1098 1099 980 1145 989 
5 894 895 980 1099 970 
5 302 555 590 245 618 
5 589 590 245 1569 1570 
6 589 590 555 1439 1623 1621 
5 437 564 1227 776 777 
6 437 67 68 292 436 564 
4 253 255 1274 1214 
6 253 1197 1227 776 1213 1214 
5 436 254 1197 1227 564 
4 436 254 252 292 
5 776 777 66 781 1213 
4 437 67 66 777 
4 565 575 1066 644 
5 424 435 283 282 421 
6 1253 1254 301 1452 1451 938 
5 183 709 1309 1452 1451 
5 617 671 301 1254 1259 
6 670 671 617 1192 1193 305 
6 937 938 1253 1260 1441 1449 
5 302 555 889 1424 1350 
5 555 590 409 888 889 
6 409 487 1203 1202 245 590 
5 563 1421 1424 1350 1503 
6 899 900 774 1502 1503 563 
5 486 487 1203 774 900 
6 292 436 228 675 594 661 
4 437 224 227 564 
5 230 69 853 854 233 
5 224 230 69 67 437 
4 227 228 436 564 
4 226 381 594 675 
5 226 381 723 854 233 
6 1463 1464 1359 1531 1615 1614 
5 438 264 688 1516 1713 
5 439 438 1713 1720 1419 
6 415 674 1716 1720 1419 1418 
5 438 264 500 833 439 
5 415 1418 910 1530 1526 
5 951 1408 961 1530 1526 
5 439 833 910 1418 1419 
6 203 1031 1034 640 1265 1238 
6 57 640 1034 427 871 1196 
5 61 136 1040 392 820 
5 1180 1181 376 1669 1313 
5 440 1267 1670 1629 1624 
5 168 307 417 416 157 
4 327 996 1389 1135 
5 15 24 722 441 751 
5 272 20 19 916 746 
4 15 27 750 751 
6 84 78 308 750 27 611 
4 441 722 917 891 
6 750 751 441 891 764 308 
6 208 773 959 346 1206 1205 
6 345 346 959 1587 1584 1280 
4 345 347 142 1280 
6 210 184 170 837 1223 1157 
5 210 184 847 773 208 
5 405 509 1085 1126 887 
5 406 354 1428 1429 585 
5 584 585 1429 1143 836 
5 1083 1084 907 1144 1128 
6 906 907 1084 645 1126 1085 
5 509 584 836 906 1085 
6 7 606 1161 1160 1163 1162 
5 443 445 1429 1143 599 
6 234 444 446 447 443 599 
4 584 836 235 1472 
5 445 442 496 585 1429 
5 442 447 446 650 496 
5 234 444 1473 1472 235 
4 447 443 445 442 
4 444 446 650 1473 
5 58 169 572 448 59 
5 449 166 572 448 772 
5 59 448 772 1061 53 
5 101 666 449 772 1061 
4 449 166 607 666 
6 686 826 1164 1191 787 939 
5 148 147 1515 1064 489 
5 489 825 616 1063 1064 
5 147 923 1718 1716 1515 
5 948 949 674 1716 1718 
5 378 379 450 403 404 
4 450 379 380 945 
5 339 407 649 372 338 
5 380 792 369 1044 945 
7 403 450 945 1044 1583 1596 1593 
5 408 409 590 589 476 
5 408 476 811 812 849 
5 91 423 422 1509 1059 
6 246 545 925 1059 1509 1510 
6 424 435 434 1510 1509 422 
6 678 868 881 505 1553 1561 
5 538 880 1359 1531 1525 
5 538 869 982 1527 1525 
6 951 981 678 1561 1374 1408 
5 348 349 800 799 821 
4 518 920 1480 1613 
6 415 414 1386 1397 1392 1418 
6 1479 1480 1613 1615 1531 1525 
5 413 610 1479 1525 1527 
6 433 517 1173 910 1418 1392 
6 517 518 920 1241 1209 433 
5 324 469 1651 1650 1698 
6 1160 1161 942 1519 1512 1471 
5 1020 1021 1347 1346 1645 
5 91 92 681 682 423 
5 451 317 318 26 897 
5 451 559 725 896 897 
5 389 395 274 1405 1393 
6 400 507 855 993 446 650 
5 442 453 452 399 496 
6 452 449 666 665 402 399 
5 453 452 449 166 167 
6 160 167 453 442 447 420 
4 446 447 420 993 
5 681 682 332 1096 1097 
5 21 18 1372 1146 918 
6 421 282 16 17 625 586 
5 330 422 1509 1514 331 
6 312 331 1514 1513 1146 918 
6 434 1323 1372 1146 1513 1510 
6 14 123 1440 1450 1342 13 
5 1062 1433 1444 1484 1488 
6 370 174 765 591 1444 1433 
4 370 919 1062 1433 
5 457 456 455 1246 1245 
5 175 457 1245 1256 766 
5 196 546 455 1246 1215 
5 456 455 546 1384 454 
5 457 456 454 176 175 
5 176 454 1384 1354 173 
4 1145 1146 1513 980 
5 246 895 980 1513 1510 
4 314 316 365 367 
4 504 758 1357 1599 
6 657 692 806 915 1327 1326 
6 391 418 523 458 1172 1171 
5 805 1000 769 1174 1168 
5 768 769 1174 1446 1430 
5 1243 1391 1419 1720 1719 
5 103 321 832 831 510 
5 459 832 321 1576 1577 
5 459 297 702 747 1577 
6 548 549 530 1322 1349 98 
5 300 297 459 832 831 
4 530 908 1639 1322 
5 530 549 747 702 908 
5 280 514 617 671 1151 
5 140 867 1353 1167 1166 
5 61 136 1167 1353 1283 
6 392 350 345 1280 1340 1040 
6 431 567 734 733 363 786 
5 226 381 566 567 734 
4 363 733 1337 909 
5 594 675 1336 930 864 
5 785 786 431 1706 1705 
5 70 66 777 559 725 
6 336 508 509 1085 1453 1469 
5 336 333 1320 1033 1469 
4 373 205 1029 1319 
5 1032 1033 1469 1453 1127 
6 232 227 564 1227 1226 1199 
5 1198 1199 232 1361 1258 
6 436 228 1362 1189 1338 254 
5 382 374 815 702 747 
6 380 248 547 384 1571 945 
5 377 298 299 479 480 
5 459 450 945 1571 1577 
6 459 297 298 377 379 450 
5 383 194 668 1543 1548 
7 318 26 556 1474 1473 444 319 
5 444 446 993 992 319 
6 210 184 1450 1440 285 207 
5 530 683 1054 1369 1322 
4 783 944 1370 1071 
5 1522 1523 914 1676 669 
5 914 1045 100 1675 1676 
5 370 924 1500 1495 1433 
5 151 457 1245 1416 1080 
5 175 172 940 151 457 
5 331 467 1636 1637 1514 
5 1058 1059 1509 1514 1637 
5 430 554 1533 1542 1455 
6 358 430 554 553 431 786 
4 553 554 1533 1537 
5 152 755 178 848 1232 
6 1036 1194 1237 1027 1261 1262 
5 95 390 798 932 931 
5 234 225 477 319 444 
5 225 232 1199 1187 477 
4 443 593 1331 599 
6 420 50 705 593 443 447 
5 906 927 1454 1453 1085 
5 460 745 907 1084 972 
6 771 772 448 991 990 368 
5 571 572 448 991 960 
5 452 449 772 771 581 
5 453 452 581 1619 270 
5 453 167 105 109 270 
5 37 35 119 120 251 
5 385 375 1330 1367 802 
5 1020 1021 1070 1069 296 
5 596 1122 1264 1634 1654 
5 461 236 927 1454 1470 
6 336 1109 1200 461 1470 1469 
6 231 235 1472 1475 1108 1201 
5 461 236 231 1201 1200 
5 426 427 1034 1188 425 
4 640 673 1188 1034 
5 38 916 746 1003 1002 
4 77 6 7 606 
5 353 430 554 973 905 
5 432 460 745 734 567 
6 355 359 363 733 1144 1128 
6 432 460 972 973 554 553 
4 458 428 598 1172 
5 451 229 225 477 317 
6 437 224 229 451 559 777 
6 492 1329 1369 1322 1639 1655 
5 397 620 890 558 715 
5 403 398 832 459 450 
5 321 323 401 398 832 
6 1105 1174 769 1303 1481 1482 
5 192 726 1054 1369 1329 
6 726 1054 1230 1228 1075 1076 
5 530 683 440 1267 908 
5 475 476 408 817 1286 
5 812 849 973 554 1533 
6 36 761 1382 1395 1249 1248 
5 31 760 978 1492 1486 
6 44 155 364 1248 1249 41 
4 41 1249 1395 1547 
5 398 544 582 831 832 
5 452 399 544 582 581 
5 343 340 417 307 577 
6 150 463 1395 1249 1269 1055 
5 462 463 150 1092 994 
5 396 462 994 1113 250 
5 462 463 1395 1382 396 
6 445 442 453 270 1234 1289 
5 543 544 582 639 1607 
5 1137 1289 445 1429 1428 
5 558 754 981 678 890 
5 678 890 620 1560 1561 
5 914 1523 1628 1667 1656 
5 115 356 1656 914 1045 
6 688 834 1602 1601 592 1516 
5 328 592 1516 1713 1712 
6 96 418 523 1153 1333 1030 
4 561 1200 461 1304 
6 342 262 965 1106 570 578 
5 263 163 111 1107 964 
5 464 455 546 764 891 
5 464 455 1246 1019 1018 
5 147 583 592 1516 1515 
6 230 69 1208 1304 461 236 
6 122 209 643 644 1066 1065 
5 462 994 1417 1019 1018 
5 994 1092 1080 1416 1417 
5 458 428 1152 1153 523 
4 72 634 1095 1591 
5 440 683 1054 726 1624 
5 555 889 1610 1448 1439 
5 59 448 991 982 869 
5 678 868 676 1072 890 
5 506 717 1626 1668 1660 
6 914 1656 1659 1102 1673 1676 
5 506 865 1102 1659 1660 
5 512 642 1673 1102 865 
5 538 1266 1478 1479 1525 
6 203 1238 1477 1480 1613 1612 
6 980 1099 1641 1637 1514 1513 
4 1011 1218 520 1504 
5 1102 1179 1298 1302 1659 
5 115 356 1301 1239 114 
5 1210 1471 1512 1511 1535 
5 377 298 1360 1425 1420 
5 551 563 1503 1532 1423 
5 4 587 1167 1353 1352 
5 43 387 465 466 1538 
5 42 41 1249 1269 1388 
5 313 387 465 149 687 
5 466 463 1395 1547 1538 
5 466 463 150 149 465 
6 108 2 3 541 1290 1233 
6 271 394 411 809 615 540 
5 901 902 1225 1290 541 
6 70 725 896 561 1304 1208 
5 451 229 231 1201 897 
5 466 464 1018 462 463 
5 465 466 464 455 456 
5 149 151 457 456 465 
5 742 759 793 955 922 
6 386 267 268 637 176 454 
6 257 259 1383 1384 454 386 
5 386 454 456 465 387 
6 443 445 1289 1290 541 593 
4 719 1360 1425 1611 
6 466 464 891 917 1540 1538 
5 884 885 992 1288 913 
5 467 936 1406 1410 1636 
5 683 1054 1230 1277 1306 
5 1075 1076 1168 1174 1105 
5 655 656 694 693 468 
5 1242 1243 1719 1717 846 
4 519 748 1652 780 
5 577 578 471 1434 1435 
5 472 473 956 1285 1134 
5 481 482 588 930 929 
4 484 485 1183 1184 
5 486 487 779 1104 1103 
5 488 749 840 1088 974 
5 489 1064 1409 1373 1130 
5 962 963 920 1241 1156 
5 1552 1583 1596 1671 1679 
5 530 549 1305 1306 683 
4 490 491 609 608 
5 856 857 532 1124 1158 
5 492 493 596 1654 1655 
5 1424 1425 1611 1610 889 
5 494 495 659 1589 1588 
6 584 585 496 650 1473 1472 
5 1009 1010 679 1399 1398 
5 643 644 565 1223 1157 
5 756 1308 944 1370 1328 
6 967 987 1077 834 1602 1606 
5 500 833 910 1530 961 
5 501 502 919 1062 830 
5 667 668 1296 1295 503 
5 741 742 759 758 504 
6 1307 1308 756 1554 1553 505 
5 1064 1409 688 1516 1515 
6 511 705 1258 1257 953 1132 
5 655 656 738 737 513 
5 514 617 1192 1488 1487 
5 829 830 1062 1433 1495 
5 616 754 981 951 1063 
4 515 516 1017 1016 
4 556 1108 1475 1474 
5 517 518 1613 1615 1173 
5 519 748 1001 840 749 
5 1063 1064 1515 1716 674 
5 524 525 1079 1078 824 
5 813 814 744 1001 748 
5 877 878 1008 1147 732 
5 526 830 1062 1488 1487 
5 597 598 892 893 527 
4 852 1438 1431 1529 
4 941 1374 1561 1553 
5 536 537 1009 1010 743 
6 640 673 880 538 1266 1265 
5 545 925 1094 1459 1460 
5 763 764 546 1384 1383 
6 547 866 1568 1563 1363 1364 
5 1071 1349 1322 1369 1370 
5 548 549 747 1577 1576 
5 557 558 890 1072 1037 
5 896 897 1201 1200 561 
5 588 930 1336 1362 1189 
5 1042 1043 579 1116 1115 
5 617 1192 1441 1260 1259 
5 689 844 1300 1299 1125 
4 580 824 1078 941 
5 581 582 639 1618 1619 
5 978 1381 1546 1491 1492 
5 583 592 1601 1605 680 
5 593 705 1258 1361 1331 
5 600 817 1286 1604 1609 
5 665 666 607 690 691 
5 811 812 1533 1542 1442 
4 614 615 809 808 
5 825 826 1164 1165 616 
6 620 890 1072 1071 1370 1328 
5 710 711 826 825 714 
5 966 967 1606 1605 680 
5 693 694 819 818 621 
5 733 734 745 907 1144 
5 627 987 1130 1315 1317 
4 663 698 803 804 
5 737 738 633 976 977 
5 634 767 921 1177 1095 
5 741 742 922 921 1177 
5 646 647 1293 1294 1053 
5 908 1267 1670 1655 1639 
5 782 783 1071 1072 676 
5 677 699 1339 1340 1040 
6 845 848 1232 1231 1028 1150 
5 868 869 982 981 678 
5 796 797 679 1010 743 
5 688 834 1077 1373 1409 
5 702 815 1314 1267 908 
5 709 848 1232 1415 1309 
5 730 731 969 968 718 
5 954 955 793 1380 1376 
5 853 854 723 934 933 
6 727 961 1530 1531 1359 1358 
6 962 963 1017 1016 1140 1141 
5 906 907 745 928 927 
6 763 764 891 917 916 746 
5 1002 1003 752 1620 1622 
5 919 1062 1488 1192 1193 
5 981 982 991 990 754 
5 879 1039 1125 1299 1204 
4 758 759 819 818 
5 760 761 1382 1381 978 
5 970 971 762 1098 1099 
5 768 769 1303 1333 1030 
5 921 922 955 954 767 
4 771 772 1061 1060 
5 856 857 863 864 775 
5 1213 1214 1274 1273 781 
5 892 893 784 1270 1278 
5 948 949 1190 1191 787 
5 1056 1057 1111 1110 801 
5 799 800 867 1353 1283 
5 805 806 915 999 1000 
6 914 1045 1229 1230 1277 1523 
5 997 998 807 1057 1056 
4 855 885 992 993 
5 822 823 986 1276 1275 
4 827 828 958 957 
5 906 907 1144 1143 836 
5 1086 1087 1222 1223 837 
5 838 950 1154 1700 1695 
5 839 1047 1422 1436 1365 
5 843 844 1287 1288 913 
5 870 871 1196 1647 1646 
4 873 1158 1703 1393 
5 1014 1015 874 1648 1649 
4 875 876 977 976 
4 877 878 911 912 
5 882 883 942 1506 1505 
5 1081 1082 1089 1150 1236 
5 972 973 905 1083 1084 
5 929 930 1336 1337 909 
5 910 1173 1615 1531 1530 
5 988 989 1145 1146 918 
4 923 924 940 939 
5 1058 1059 925 1094 1093 
5 931 932 1332 1333 1030 
5 1096 1097 1407 1406 936 
6 1229 1230 1054 1369 1370 944 
6 1078 1079 1077 1373 1374 941 
5 945 1044 1555 1579 1571 
5 968 969 1006 1005 946 
5 1063 1064 1409 1408 951 
6 1178 1179 1298 1297 1401 1400 
4 952 953 1132 1133 
6 1135 1389 1416 1080 1501 1493 
5 990 991 960 1100 1101 
4 964 965 1106 1107 
4 983 984 1022 1023 
4 987 1077 1373 1130 
5 1091 1092 994 1113 1112 
5 1035 1036 1008 1147 1148 
5 1093 1094 1459 1218 1011 
5 1020 1021 1519 1512 1468 
5 1145 1146 1372 1371 1024 
5 1027 1028 1150 1236 1237 
5 1032 1033 1320 1319 1029 
5 1031 1034 1188 1464 1463 
5 1071 1072 1037 1348 1349 
5 1069 1070 1041 1115 1116 
4 1126 1127 1453 1085 
5 1231 1232 1415 1414 1046 
5 1119 1120 1268 1269 1055 
5 1216 1217 1209 1241 1156 
5 1160 1161 1068 1181 1180 
4 1073 1074 1582 1581 
5 1152 1153 1333 1332 1090 
5 1138 1139 1095 1177 1176 
5 1178 1179 1102 1673 1688 
4 1108 1109 1200 1201 
7 1315 1316 1560 1561 1374 1373 1130 
5 1121 1122 1264 1263 1114 
5 1123 1124 1158 1703 1704 
5 1143 1144 1128 1428 1429 
5 1129 1175 1690 1682 1457 
5 1285 1286 1604 1603 1134 
5 1224 1225 1290 1289 1137 
4 1140 1141 1183 1184 
5 1220 1221 1154 1700 1699 
5 1205 1206 1222 1223 1157 
5 1162 1163 1210 1535 1534 
4 1164 1165 1190 1191 
5 1168 1169 1445 1446 1174 
6 1242 1243 1391 1392 1397 1396 
5 1198 1199 1187 1288 1287 
5 1257 1258 1361 1362 1189 
5 1192 1193 1321 1449 1441 
4 1194 1195 1236 1237 
5 1226 1227 1197 1709 1710 
5 1218 1459 1558 1556 1534 
5 1281 1282 1300 1299 1204 
5 1240 1241 1209 1397 1386 
5 1245 1246 1215 1255 1256 
5 1251 1252 1219 1403 1402 
5 1229 1230 1228 1482 1481 
4 1233 1234 1289 1290 
5 1265 1266 1478 1477 1238 
5 1297 1298 1302 1301 1239 
4 1248 1249 1269 1268 
5 1261 1262 1324 1325 1250 
4 1253 1254 1259 1260 
4 1270 1271 1279 1278 
5 1313 1314 1267 1670 1669 
5 1275 1276 1606 1605 1272 
5 1305 1306 1277 1523 1522 
5 1339 1340 1280 1584 1585 
4 1283 1284 1352 1353 
4 1291 1292 1295 1296 
5 1312 1485 1442 1542 1541 
5 1307 1308 1303 1333 1332 
5 1334 1335 1414 1415 1309 
4 1310 1311 1319 1320 
4 1315 1316 1318 1317 
5 1341 1342 1450 1449 1321 
5 1348 1349 1322 1639 1638 
5 1326 1327 1598 1599 1357 
4 1328 1329 1369 1370 
5 1346 1347 1366 1367 1330 
5 1336 1337 1331 1361 1362 
4 1343 1344 1363 1364 
7 1424 1425 1360 1468 1512 1511 1350 
5 1351 1461 1559 1549 1502 
4 1354 1355 1383 1384 
5 1358 1359 1464 1465 1356 
4 1373 1374 1408 1409 
4 1375 1376 1380 1379 
5 1381 1382 1395 1547 1546 
4 1385 1386 1397 1396 
4 1400 1401 1413 1412 
5 1402 1403 1390 1567 1568 
4 1391 1392 1418 1419 
5 1404 1405 1393 1703 1704 
5 1398 1399 1394 1434 1435 
4 1406 1407 1411 1410 
4 1420 1421 1424 1425 
5 1426 1427 1557 1532 1423 
5 1445 1446 1430 1574 1575 
5 1437 1438 1431 1491 1492 
5 1432 1442 1485 1490 1458 
5 1443 1444 1433 1495 1494 
5 1447 1448 1439 1623 1622 
4 1440 1441 1449 1450 
4 1453 1454 1470 1469 
4 1455 1456 1682 1457 
5 1459 1460 1461 1559 1558 
5 1466 1467 1458 1490 1489 
4 1462 1468 1512 1471 
4 1472 1473 1474 1475 
4 1477 1478 1479 1480 
5 1487 1488 1484 1663 1664 
5 1489 1490 1485 1499 1498 
5 1491 1492 1486 1497 1496 
5 1502 1503 1532 1557 1549 
5 1494 1495 1500 1501 1493 
5 1505 1506 1504 1641 1640 
5 1522 1523 1628 1627 1508 
4 1509 1510 1513 1514 
4 1511 1512 1519 1518 
5 1515 1516 1713 1720 1716 
5 1520 1521 1517 1657 1658 
5 1528 1529 1539 1540 1524 
5 1526 1527 1525 1531 1530 
5 1534 1535 1532 1557 1556 
5 1536 1537 1533 1542 1541 
5 1539 1540 1538 1547 1546 
4 1543 1548 1579 1555 
5 1556 1557 1549 1559 1558 
6 1552 1555 1579 1578 1680 1679 
4 1553 1554 1560 1561 
4 1562 1563 1568 1567 
5 1565 1566 1575 1574 1564 
5 1576 1577 1571 1579 1578 
5 1582 1583 1596 1595 1581 
4 1584 1585 1586 1587 
4 1590 1591 1599 1598 
4 1592 1593 1596 1595 
5 1603 1604 1609 1608 1600 
4 1601 1602 1606 1605 
5 1608 1609 1610 1611 1607 
4 1612 1613 1615 1614 
4 1616 1617 1619 1618 
4 1620 1621 1623 1622 
5 1627 1628 1667 1668 1626 
5 1624 1625 1662 1661 1629 
4 1630 1631 1633 1632 
5 1638 1639 1655 1654 1634 
5 1643 1644 1635 1658 1657 
4 1636 1637 1641 1640 
5 1643 1644 1677 1678 1642 
5 1654 1655 1670 1669 1645 
4 1646 1647 1649 1648 
4 1652 1653 1662 1661 
5 1659 1660 1668 1667 1656 
4 1663 1664 1665 1666 
4 1671 1672 1680 1679 
5 1675 1676 1673 1688 1687 
5 1677 1678 1674 1685 1686 
4 1681 1682 1690 1689 
4 1683 1684 1688 1687 
4 1691 1692 1693 1694 
4 1695 1696 1699 1700 
4 1703 1704 1706 1705 
4 1707 1708 1709 1710 
5 1711 1712 1713 1720 1719 
5 1717 1718 1716 1720 1719 
CELL_DATA 1642
SCALARS scalar_1 double
LOOKUP_TABLE default
    5.193526
    5.201732
    5.189823
    5.203601
    5.197335
    5.200103
    5.189823
    5.192095
    5.190454
    5.199280
    5.196819
    5.189823
    5.200904
    5.198243
    5.200103
    5.194876
    5.268111
    5.200000
    5.197601
    5.201267
    5.191357
    5.210584
    5.207447
    5.196820
    5.189124
    5.232266
    5.188599
    5.248558
    5.189433
    5.184295
    5.211270
    5.198804
    5.196757
    5.190151
    5.195295
    5.198505
    5.163098
    5.156717
    5.202113
    5.213462
    5.189433
    5.198335
    5.202951
    5.189951
    5.232266
    5.102004
    5.070039
    5.102004
    5.049201
    5.070039
    5.172445
    5.152865
    5.156717
    5.192087
    5.163098
    5.189951
    5.195686
    5.190247
    5.201831
    5.196971
    5.185386
    5.179398
    5.193667
    5.203601
    5.203601
    5.198243
    5.203601
    5.203601
    5.197188
    5.194800
    5.193526
    5.189022
    5.195562
    5.199780
    5.204818
    5.195415
    5.202033
    5.197437
    5.194307
    5.197601
    5.197736
    5.196526
    5.193474
    5.195527
    5.232266
    5.180008
    5.201732
    5.191636
    5.049201
    5.049201
    5.049201
    5.049201
    5.070039
    5.200000
    5.102004
    5.172445
    5.049201
    5.195295
    5.196046
    5.199663
    5.201449
    5.196277
    5.173996
    5.173996
    5.202011
    5.173996
    5.195083
    5.173996
    5.198091
    5.200512
    5.173996
    5.173996
    5.193273
    5.200000
    5.200000
    5.310246
    5.200000
    5.200000
    5.200000
    5.268111
    5.249763
    5.200000
    5.200000
    5.191357
    5.205286
    5.205470
    5.206105
    5.206561
    5.185111
    5.211270
    5.188599
    5.200602
    5.205470
    5.202225
    5.205470
    5.202011
    5.310246
    5.202158
    5.194307
    5.204818
    5.193273
    5.198091
    5.190725
    5.199674
    5.197487
    5.197736
    5.202033
    5.192522
    5.204818
    5.201377
    5.202707
    5.195527
    5.206744
    5.196280
    5.196819
    5.192765
    5.196381
    5.192815
    5.193526
    5.197335
    5.190454
    5.200089
    5.197437
    5.192342
    5.199701
    5.200103
    5.195527
    5.189022
    5.192580
    5.194307
    5.195527
    5.197487
    5.202158
    5.206744
    5.204818
    5.195527
    5.199780
    5.206116
    5.206116
    5.206116
    5.202974
    5.196550
    5.207069
    5.206960
    5.206116
    5.190151
    5.198505
    5.189124
    5.200054
    5.207447
    5.201076
    5.199674
    5.204957
    5.202707
    5.199674
    5.201377
    5.201076
    5.202707
    5.197601
    5.196381
    5.202707
    5.202707
    5.202707
    5.202707
    5.202033
    5.204818
    5.200904
    5.200904
    5.191636
    5.183644
    5.200904
    5.192095
    5.200904
    5.200904
    5.196819
    5.190454
    5.179158
    5.194800
    5.191636
    5.190454
    5.183644
    5.189756
    5.196820
    5.196819
    5.198884
    5.206561
    5.194800
    5.201732
    5.179158
    5.204957
    5.184295
    5.201076
    5.193526
    5.201732
    5.196819
    5.196553
    5.180008
    5.203246
    5.198065
    5.192087
    5.206960
    5.198505
    5.204798
    5.196550
    5.210584
    5.201977
    5.202974
    5.205914
    5.192095
    5.192580
    5.193002
    5.172445
    5.195295
    5.163098
    5.196757
    5.198455
    5.102004
    5.204072
    5.172445
    5.195686
    5.198243
    5.200103
    5.196381
    5.192342
    5.193474
    5.196381
    5.196381
    5.200695
    5.202033
    5.193526
    5.197437
    5.197601
    5.192815
    5.198884
    5.189124
    5.191892
    5.207447
    5.189756
    5.196398
    5.206561
    5.191357
    5.190454
    5.201267
    5.201977
    5.210584
    5.198884
    5.192095
    5.211710
    5.190454
    5.198884
    5.198884
    5.198884
    5.190287
    5.192095
    5.191892
    5.192656
    5.189756
    5.189124
    5.199548
    5.196277
    5.195598
    5.202033
    5.192580
    5.211710
    5.211710
    5.196757
    5.200039
    5.198455
    5.211710
    5.211710
    5.193273
    5.191220
    5.201831
    5.185386
    5.201831
    5.201831
    5.201831
    5.201831
    5.201831
    5.201831
    5.201831
    5.206105
    5.191357
    5.198243
    5.201267
    5.193474
    5.197601
    5.196277
    5.193667
    5.203425
    5.208964
    5.198884
    5.196933
    5.200896
    5.192967
    5.202033
    5.196757
    5.189124
    5.195295
    5.189756
    5.198444
    5.170185
    5.194876
    5.194876
    5.196971
    5.194876
    5.194876
    5.194876
    5.194876
    5.202033
    5.200512
    5.195598
    5.196757
    5.202033
    5.202033
    5.202033
    5.193273
    5.197335
    5.199548
    5.201723
    5.199701
    5.192656
    5.192095
    5.196861
    5.196861
    5.193002
    5.196861
    5.196861
    5.196861
    5.201449
    5.196046
    5.191429
    5.198804
    5.197188
    5.199196
    5.191429
    5.194800
    5.196553
    5.199536
    5.191429
    5.191429
    5.199752
    5.206105
    5.201267
    5.205286
    5.191357
    5.206561
    5.191357
    5.191357
    5.191357
    5.189124
    5.191357
    5.205286
    5.198483
    5.193002
    5.196507
    5.207069
    5.203425
    5.218773
    5.249763
    5.198335
    5.198444
    5.193667
    5.196971
    5.187626
    5.170185
    5.196971
    5.196971
    5.185386
    5.197601
    5.198505
    5.194800
    5.199663
    5.201842
    5.204957
    5.179158
    5.217096
    5.201350
    5.192648
    5.200602
    5.196398
    5.189951
    5.190247
    5.202113
    5.196434
    5.193474
    5.192342
    5.196277
    5.199548
    5.201723
    5.199701
    5.197335
    5.201723
    5.197437
    5.201811
    5.196507
    5.196507
    5.196507
    5.196507
    5.195644
    5.195562
    5.207069
    5.192648
    5.204455
    5.202113
    5.201977
    5.196398
    5.190247
    5.200089
    5.192815
    5.190454
    5.193526
    5.196819
    5.190743
    5.188599
    5.188599
    5.188599
    5.188599
    5.202225
    5.188599
    5.211270
    5.189433
    5.200602
    5.188599
    5.202225
    5.197510
    5.190723
    5.199152
    5.248558
    5.200054
    5.200054
    5.200054
    5.200054
    5.200054
    5.207447
    5.200054
    5.200054
    5.200054
    5.189124
    5.190287
    5.193273
    5.200512
    5.189756
    5.198601
    5.190723
    5.202225
    5.198091
    5.195083
    5.192580
    5.193273
    5.189022
    5.195562
    5.198091
    5.200039
    5.198091
    5.199663
    5.198483
    5.196046
    5.195295
    5.204957
    5.201842
    5.202113
    5.202951
    5.152865
    5.187626
    5.196280
    5.204072
    5.192201
    5.198444
    5.170185
    5.192522
    5.199152
    5.190287
    5.190723
    5.268111
    5.202951
    5.198444
    5.203425
    5.249763
    5.102004
    5.198335
    5.199152
    5.192656
    5.190287
    5.191892
    5.190723
    5.203246
    5.199152
    5.199152
    5.199152
    5.191892
    5.190287
    5.200893
    5.199701
    5.192656
    5.190454
    5.192656
    5.200103
    5.200103
    5.200103
    5.192342
    5.200103
    5.198243
    5.197335
    5.193526
    5.201267
    5.206105
    5.206105
    5.206105
    5.211270
    5.200602
    5.206561
    5.179398
    5.195295
    5.185111
    5.205286
    5.189433
    5.211270
    5.232266
    5.248558
    5.070039
    5.232266
    5.232266
    5.232266
    5.189951
    5.195598
    5.207069
    5.201977
    5.190247
    5.192087
    5.197739
    5.200209
    5.205914
    5.190151
    5.195686
    5.198065
    5.197188
    5.198804
    5.198483
    5.199548
    5.193002
    5.201377
    5.201076
    5.204957
    5.196280
    5.199293
    5.179158
    5.201842
    5.197487
    5.199674
    5.194307
    5.206744
    5.197601
    5.204818
    5.202033
    5.202011
    5.200512
    5.200512
    5.200512
    5.200512
    5.193273
    5.195598
    5.198601
    5.202974
    5.210584
    5.196277
    5.197601
    5.194800
    5.202974
    5.202974
    5.198601
    5.202974
    5.202974
    5.202974
    5.203246
    5.202974
    5.202974
    5.070039
    5.248558
    5.310246
    5.195295
    5.184295
    5.184295
    5.179398
    5.184295
    5.192388
    5.201076
    5.199752
    5.192967
    5.207820
    5.184295
    5.198335
    5.196434
    5.196434
    5.189433
    5.196434
    5.201350
    5.196434
    5.200602
    5.217096
    5.196434
    5.196277
    5.199548
    5.199548
    5.192342
    5.197335
    5.193002
    5.193450
    5.310246
    5.205286
    5.206561
    5.189756
    5.191636
    5.185111
    5.193450
    5.197335
    5.193002
    5.192095
    5.196277
    5.198601
    5.199133
    5.196553
    5.195744
    5.201350
    5.208964
    5.198884
    5.192648
    5.200896
    5.204455
    5.193002
    5.193450
    5.206744
    5.201076
    5.198243
    5.200695
    5.206561
    5.196819
    5.199196
    5.199659
    5.180008
    5.180008
    5.195744
    5.196553
    5.185111
    5.199133
    5.197510
    5.195295
    5.190151
    5.163098
    5.195686
    5.196757
    5.197739
    5.195598
    5.198455
    5.202033
    5.193474
    5.197601
    5.197601
    5.197601
    5.197601
    5.194307
    5.192815
    5.202113
    5.190743
    5.197736
    5.188230
    5.192201
    5.196280
    5.201377
    5.152865
    5.199293
    5.207820
    5.185386
    5.204957
    5.179398
    5.217096
    5.152865
    5.190743
    5.190247
    5.192201
    5.192648
    5.202951
    5.204455
    5.207447
    5.203246
    5.198065
    5.190454
    5.210584
    5.190287
    5.190723
    5.200893
    5.201977
    5.204957
    5.195295
    5.207820
    5.179398
    5.192967
    5.179398
    5.179398
    5.179398
    5.185386
    5.193667
    5.204072
    5.268111
    5.170185
    5.170185
    5.198444
    5.170185
    5.187626
    5.170185
    5.197739
    5.191220
    5.152865
    5.195686
    5.198455
    5.198455
    5.204072
    5.200039
    5.198444
    5.193667
    5.192967
    5.187626
    5.185386
    5.192201
    5.198884
    5.207820
    5.203425
    5.193667
    5.198483
    5.199196
    5.198483
    5.196046
    5.199659
    5.198483
    5.198483
    5.187626
    5.185386
    5.179158
    5.205286
    5.201977
    5.196398
    5.195686
    5.197739
    5.192087
    5.190743
    5.152865
    5.189951
    5.185111
    5.199659
    5.199659
    5.199196
    5.197510
    5.199659
    5.199659
    5.201977
    5.197739
    5.188230
    5.200209
    5.192815
    5.197736
    5.200089
    5.189433
    5.248558
    5.190151
    5.195598
    5.207069
    5.202011
    5.207069
    5.207069
    5.207069
    5.195083
    5.190725
    5.204072
    5.191636
    5.197335
    5.193450
    5.198243
    5.210584
    5.204798
    5.199196
    5.070039
    5.202951
    5.204072
    5.249763
    5.152865
    5.268111
    5.190151
    5.190151
    5.195686
    5.195598
    5.190151
    5.198505
    5.163098
    5.204455
    5.196819
    5.195744
    5.196398
    5.185111
    5.205286
    5.185111
    5.206561
    5.197510
    5.185111
    5.202225
    5.185111
    5.185111
    5.198505
    5.193002
    5.197335
    5.193450
    5.193002
    5.193002
    5.193002
    5.189124
    5.195598
    5.192580
    5.195083
    5.200209
    5.188230
    5.197739
    5.199780
    5.191220
    5.207820
    5.192967
    5.199293
    5.204455
    5.200695
    5.199752
    5.192388
    5.192201
    5.201377
    5.198884
    5.201076
    5.208964
    5.203425
    5.201350
    5.200896
    5.208964
    5.198884
    5.200896
    5.217096
    5.200896
    5.188230
    5.152865
    5.195686
    5.195598
    5.200209
    5.206561
    5.196819
    5.200602
    5.195744
    5.196398
    5.201267
    5.191636
    5.189756
    5.207447
    5.198601
    5.196277
    5.210584
    5.199701
    5.201811
    5.197437
    5.195562
    5.190454
    5.200893
    5.198065
    5.195644
    5.196398
    5.189951
    5.189433
    5.211270
    5.202225
    5.201350
    5.195744
    5.192201
    5.203425
    5.207820
    5.208964
    5.192967
    5.204455
    5.217096
    5.196277
    5.192342
    5.193474
    5.196277
    5.196277
    5.196277
    5.196277
    5.185386
    5.204957
    5.179158
    5.187626
    5.197487
    5.179158
    5.201842
    5.179158
    5.198601
    5.190723
    5.203246
    5.202225
    5.192095
    5.190725
    5.192095
    5.200893
    5.196819
    5.196398
    5.201977
    5.190725
    5.189022
    5.200695
    5.193526
    5.197188
    5.310246
    5.248558
    5.195562
    5.189022
    5.189022
    5.189022
    5.189022
    5.194307
    5.196933
    5.190725
    5.202158
    5.199780
    5.204957
    5.201842
    5.204957
    5.204957
    5.204957
    5.194307
    5.202158
    5.268111
    5.204072
    5.195295
    5.195295
    5.163098
    5.202158
    5.194307
    5.206744
    5.202158
    5.202158
    5.202158
    5.190725
    5.205286
    5.205286
    5.205286
    5.205286
    5.205286
    5.192342
    5.193474
    5.197437
    5.202033
    5.193474
    5.193474
    5.195562
    5.203425
    5.201350
    5.199133
    5.196553
    5.196819
    5.196398
    5.197510
    5.201811
    5.197335
    5.197437
    5.200893
    5.193273
    5.195083
    5.195598
    5.199293
    5.201377
    5.200695
    5.201076
    5.201076
    5.197510
    5.199196
    5.201811
    5.199133
    5.201350
    5.197510
    5.202225
    5.202225
    5.193450
    5.197335
    5.193450
    5.193450
    5.192342
    5.248558
    5.189433
    5.198335
    5.202951
    5.070039
    5.249763
    5.203425
    5.198335
    5.217096
    5.199663
    5.196046
    5.199663
    5.199663
    5.194800
    5.199663
    5.199663
    5.201449
    5.189124
    5.248558
    5.190287
    5.190287
    5.190287
    5.190723
    5.190287
    5.202951
    5.217096
    5.203425
    5.198444
    5.203425
    5.203425
    5.196046
    5.196046
    5.196046
    5.201449
    5.194800
    5.199196
    5.196046
    5.196933
    5.195644
    5.195644
    5.200893
    5.195644
    5.201811
    5.195562
    5.195644
    5.196933
    5.194307
    5.191636
    5.204072
    5.191220
    5.192342
    5.210584
    5.211270
    5.189433
    5.211270
    5.211270
    5.211270
    5.211270
    5.189756
    5.189756
    5.191636
    5.189124
    5.189756
    5.192967
    5.204455
    5.199536
    5.199133
    5.208964
    5.199752
    5.268111
    5.196553
    5.197188
    5.199752
    5.204455
    5.200695
    5.198804
    5.193526
    5.199536
    5.197437
    5.192815
    5.197736
    5.201377
    5.200695
    5.201977
    5.205914
    5.200209
    5.203246
    5.200893
    5.192201
    5.187626
    5.192967
    5.185386
    5.199293
    5.217096
    5.201350
    5.310246
    5.249763
    5.248558
    5.199780
    5.196933
    5.197437
    5.200209
    5.191636
    5.201811
    5.200893
    5.196933
    5.197437
    5.201811
    5.201811
    5.198601
    5.268111
    5.152865
    5.310246
    5.198804
    5.201449
    5.197510
    5.200695
    5.204455
    5.201377
    5.192815
    5.193526
    5.197188
    5.310246
    5.189433
    5.248558
    5.310246
    5.070039
    5.248558
    5.189124
    5.198601
    5.210584
    5.203246
    5.204798
    5.210584
    5.201267
    5.189951
    5.201977
    5.196398
    5.070039
    5.249763
    5.195686
    5.202011
    5.193273
    5.190725
    5.192580
    5.193273
    5.200893
    5.201377
    5.199293
    5.187626
    5.197487
    5.192201
    5.191220
    5.196280
    5.190723
    5.196819
    5.191636
    5.191636
    5.199133
    5.199196
    5.196553
    5.199196
    5.197510
    5.201449
    5.199752
    5.192967
    5.192967
    5.192967
    5.194800
    5.197188
    5.194800
    5.187626
    5.185386
    5.198444
    5.199293
    5.192201
    5.185386
    5.198804
    5.197188
    5.189124
    5.191220
    5.199780
    5.201842
    5.206744
    5.203246
    5.204798
    5.201977
    5.070039
    5.249763
    5.201350
    5.199133
    5.197510
    5.192095
    5.197335
    5.190725
    5.198804
    5.197188
    5.196553
    5.193526
    5.199752
    5.199133
    5.197736
    5.197437
    5.201377
    5.204455
    5.193526
    5.198505
    5.195686
    5.202951
    5.188230
    5.199752
    5.199752
    5.198804
    5.201449
    5.194307
    5.196933
    5.189951
    5.268111
    5.201350
    5.199133
    5.196553
    5.199133
    5.190725
    5.198804
    5.201449
    5.191220
    5.200209
    5.192201
    5.201377
    5.192580
    5.191220
    5.192580
    5.191220
    5.217096
    5.201350
    5.198505
    5.163098
    5.195686
    5.192087
    5.192201
    5.204455
    5.192342
    5.192087
    5.204798
    5.198505
    5.198505
    5.193526
    5.192201
    5.196553
    5.197736
    5.199780
    5.201842
    5.206744
    5.205914
    5.203246
    5.190725
    5.201449
    5.197335
    5.197437
    5.189951
    5.204798
    5.205914
    5.201449
    5.189124
    5.204798
    5.204798
    5.190725
    5.202011
    5.191220
    5.202951
    5.197437
    5.199780
    5.201842
    5.206744
    5.201842
    5.201842
    5.197437
    5.196933
    5.070039
    5.268111
    5.206744
    5.206744
    5.268111
    5.192201
    5.198444
    5.196819
    5.189951
    5.195686
    5.201977
    5.192087
    5.204798
    5.193526
    5.196398
    5.196553
    5.201449
    5.198804
    5.204798
    5.189951
    5.201977
    5.202011
    5.201977
    5.189951
    5.189951
    5.196553
    5.192201
    5.189951
    5.198243
    5.310246
    5.197487
    5.192580
    5.202033
    5.200893
    5.198455
    5.193450
    5.195744
    5.201732
    5.199548
    5.200896
    5.195295
    5.205914
    5.201723
    5.199293
    5.197487
    5.193474
    5.198483
    5.188230
    5.202951
    5.194876
    5.199536
    5.193450
    5.189124
    5.199780
    5.205914
    5.195644
    5.190723
    5.201831
    5.202011
    5.199780
    5.205914
    5.201732
    5.202033
    5.190723
    5.198601
    5.200209
    5.201723
    5.198804
    5.201811
    5.172445
    5.198065
    5.196507
    5.172445
    5.200904
    5.198601
    5.202158
    5.070039
    5.195562
    5.193450
    5.196933
    5.249763
    5.189951
    5.196971
    5.188230
    5.196280
    5.197736
    5.201449
    5.201732
    5.190247
    5.190287
    5.203601
    5.198091
    5.204455
    5.163098
    5.205914
    5.197188
    5.217096
    5.200695
    5.201350
    5.196398
    5.198065
    5.199780
    5.190743
    5.205914
    5.190151
    5.199133
    5.195083
    5.206105
    5.200512
    5.202011
    5.202011
    5.184295
    5.191220
    5.199780
    5.200904
    5.192095
    5.197736
    5.193450
    5.205914
    5.189640
    5.192656
    5.191357
    5.202011
    5.196046
    5.195562
    5.201723
    5.191429
    5.189951
    5.189433
    5.190723
    5.197736
    5.203601
    5.190151
    5.163098
    5.198335
    5.198091
    5.202011
    5.197736
    5.198483
    5.199663
    5.202158
    5.198065
    5.197601
    5.191636
    5.193273
    5.197487
    5.196381
    5.198243
    5.206116
    5.192648
    5.208964
    5.189756
    5.199659
    5.201831
    5.198243
    5.194307
    5.199659
    5.204818
    5.200512
    5.200904
    5.102004
    5.199701
    5.199133
    5.199196
    5.201811
    5.070039
    5.191892
    5.249763
    5.190725
    5.310246
    5.192580
    5.195083
    5.199293
    5.185111
    5.200209
    5.206744
    5.203601
    5.210584
    5.192815
    5.192342
    5.192095
    5.205914
    5.198505
    5.189823
    5.249763
    5.202951
    5.189433
    5.192095
    5.192967
    5.196933
    5.188230
    5.152865
    5.192967
    5.192656
    5.198505
    5.196861
    5.204072
    5.207820
    5.190725
    5.207069
    5.206744
    5.199752
    5.200209
    5.152865
    5.198483
    5.196553
    5.195744
    5.202896
    5.196553
    5.199548
    5.199659
    5.189756
    5.268111
    5.198065
    5.193273
    5.200893
    5.197188
    5.194800
    5.207447
    5.192095
    5.194800
    5.218773
    5.200103
    5.201811
    5.201267
    5.170185
    5.192580
    5.193526
    5.196933
    5.206744
    5.195686
    5.192095
    5.190287
    5.202158
    5.189640
    5.206116
    5.197487
    5.183644
    5.180008
    5.179398
    5.202225
    5.198091
    5.192656
    5.179398
    5.195083
    5.207447
    5.188230
    5.195598
    5.192580
    5.152865
    5.191429
    5.196971
    5.202951
    5.218773
    5.196398
    5.189022
    5.200209
    5.202011
    5.163098
    5.200893
    5.206744
    5.170185
    5.200893
    5.197510
    5.193450
    5.310246
    5.198444
    5.194876
    5.193273
    5.049201
    5.202225
    5.198601
    5.217096
    5.207447
    5.199752
    5.202225
    5.218773
    5.196434
    5.198444
    5.198804
    5.196933
    5.198601
    5.196434
    5.163098
    5.218773
    5.210584
    5.102004
    5.201842
    5.249763
    5.268111
    5.203246
    5.188599
    5.232266
    5.201811
    5.218773
    5.197510
    5.156717
    5.185386
    5.218773
    5.199293
    5.199780
    5.196971
    5.193273
    5.199293
    5.207820
    5.198884
    5.207069
    5.207820
    5.202113
    5.205914
    5.198884
    5.196933
    5.192522
    5.217096
    5.201842
    5.211710
    5.200039
    5.188230
    5.188599
    5.070039
    5.188599
    5.198455
    5.204818
    5.211710
    5.201842
    5.198601
    5.199293
    5.206744
    5.205470
    5.200602
    5.204818
    5.205286
    5.199659
    5.197510
    5.194800
    5.203246
    5.203246
