# vtk DataFile Version 2.0
polydata
ASCII
DATASET POLYDATA
POINTS 1672 double
2.71661614515773 5.73762695831282 5.26722772077912 
3.5088264817133 5.17729807874475 4.20237530197185 
3.71295207358885 5.29164400510166 5.12081619108265 
3.87401208006285 5.39680463500919 4.35335010652911 
3.82928169646118 5.71020982121928 4.24329056129813 
3.12306365437064 5.60332878073385 5.4921445962359 
3.10281769296693 5.69714572779399 5.92580565841658 
5.98158509678742 0.678055035645396 2.40257303980073 
6.79961677122603 1.50658065296182 3.0526402897571 
6.76207608125652 1.81175130074143 2.49322681081956 
6.17688814900476 1.545034753508 2.85707580861562 
6.5841070232654 1.7270600265688 2.89498422014288 
0.935222446838592 3.26177970883046 6.65648995476164 
3.30519047082593 5.49307390419042 1.13455209890237 
3.21073737589768 5.72198392476705 1.2047763246581 
2.62633179918739 5.47954320711925 1.18863233236301 
2.26763356513371 5.82384643591098 0.772831775097893 
5.05959985717379 3.83949959610697 6.93399690290542 
6.15663195288086 3.23457048927275 0.177680018097446 
5.62768996582437 3.17301149308093 0.355642943672462 
6.01705250370794 3.56719803028152 0.809646277793528 
5.4636778061766 3.55534361976983 0.69063578670104 
5.66389534518791 3.89153039313945 0.765324599253092 
5.63130670263296 3.37422747376151 0.691487239119144 
6.31938289048496 3.51840163302217 0.571026120158498 
5.97248661922669 3.81468647343576 0.831511677305109 
5.17492587127224 3.51336096019114 0.25868363702035 
5.21773509672968 3.59421052421636 6.56606104845227 
5.24151410053291 4.04836240431339 6.7066336139328 
5.10250734728359 3.97020806025105 6.9389721343127 
3.0517671852096 0.991115646527778 1.20926353141953 
3.35641515154945 1.23142128927712 0.613189272069028 
1.98046282189115 1.63570589138622 0.769313833317776 
3.38085629301982 1.37499381384033 0.742899281052982 
3.14284293495367 0.87417489942172 0.764040947180469 
3.15603178384969 1.30766096641803 1.19080109935466 
2.7474718054899 1.64011124597525 1.28366983003593 
2.45163425241142 2.08248628499232 0.744657891175955 
2.64851046196213 2.06584093853314 0.85981522384284 
2.55419578034871 2.09970705019469 0.559437913158773 
4.71072429578913 3.36100360393935 1.4421681266116 
4.28898380347908 3.15441274848013 1.26147505904155 
4.84591328225482 3.09293559279579 2.50373815975602 
4.92179920851071 1.91673213785159 1.68380094015116 
4.59007177317875 1.59489409612018 1.91952440599925 
3.67494213689097 2.47107695073082 1.56357501903855 
3.70374947580767 1.74171302051451 1.78329034913988 
6.14146513906891 1.18418603771714 5.785325746699 
6.50095913923931 2.0794962800377 5.175593056465 
6.04579880665328 1.60265795096067 4.99018160030969 
4.45648139111944 6.38125001106496 5.36244602601857 
4.38196371184977 6.12000589921655 5.73136026243052 
3.87801963529985 5.23996970950015 5.19151180130236 
2.27223014905709 2.8353861400721 5.16768405636104 
1.50149731331323 2.87416103803546 5.5763247036319 
2.33672218679969 2.8986319669205 4.98377424132384 
1.78274093952905 3.15111765409744 5.54803843301282 
1.22400004911854 3.24603939765538 5.48458156815819 
1.63618981714775 3.37587937792882 5.4913418188946 
1.20706138124993 3.02398093917662 5.50817697132053 
1.67201458055909 3.56642242003775 5.12243743521129 
2.04237298573262 3.38519811780573 4.77007213026002 
4.37510391292105 3.03741983491987 0.454447143290793 
4.06285104253724 3.18457236734682 1.22911112997534 
3.48979298430977 2.87037244020255 0.904789464054401 
3.42888998790626 2.71883520157714 0.541713714060424 
4.62798493815441 2.67025540419537 0.208149687393634 
4.47214453672812 5.773409934501 3.78109770212579 
4.71345953697122 1.3496037463604 0.663521628003982 
4.56722934780831 0.807308829181033 1.73548904389643 
4.37174953302774 0.891890467721185 1.54266475340014 
6.72688379165475 6.16749175421445 6.13702828620975 
6.31361646390861 5.33408007761439 6.57965754710501 
6.38541572642492 5.33823846945264 6.04179083449004 
6.67279153175868 5.91954172201938 5.82462971736121 
0.73793875595473 1.67995452614633 1.83891408005078 
0.336741582823017 1.36137508919692 1.56862600749575 
0.759324252361785 0.763451818972998 1.54868309576192 
1.18299830247664 1.36316329058322 2.08188036557863 
1.01241334015045 1.50455121890783 1.80282437781386 
0.753841345507782 1.07217610852232 2.96039635190598 
5.59733990084173 0.559622590494979 2.37978232722107 
5.15434809532504 4.72238222658676 0.858366431033386 
4.59750483464897 5.51014943447683 1.04425483181862 
5.35634156468081 4.61726822216405 1.08714787441432 
5.85131709615003 5.35154653031554 1.03664313938955 
5.44411680827618 5.48550531264122 0.704377509705997 
5.7420028166958 5.52171231998811 1.51503709387834 
5.8667873391133 5.14160713188447 0.997699785025213 
5.32927149732835 4.68464888632092 0.861624542553794 
5.73575102281153 4.86157411658727 1.32738705078949 
5.11670744965224 4.63766415381885 1.14487654140325 
5.03984208667185 5.13015018888013 0.688975095110966 
5.3807580827608 5.26423078948687 0.602607159485873 
5.58979325227089 5.01910587211505 0.70597347696734 
6.56067376193887 1.18658989405542 0.880029010215331 
6.42552551890682 0.65018437780535 0.79061720498952 
1.02447318589168 1.50996581009028 6.03765062977187 
1.43608431032715 2.5736298482461 6.07911337450146 
1.05194828826466 1.70966167505912 5.91065441298934 
1.30575071130695 6.75155581107632 2.71337809813366 
0.679824205810948 0.642765444718561 3.62749899581782 
1.35900207015898 6.90340203763588 3.37577392605765 
1.19473960479336 0.331913761883035 3.68766135167537 
0.896910620733026 0.298970509900373 3.7391813286572 
3.21467559875825 1.86030314426428 5.14831692655668 
3.18353487539751 2.6160799254333 5.50411152171965 
2.45357727913507 1.65049141645283 5.22860141587812 
2.86605619729672 2.97305039728003 5.33471929121962 
2.61433375541052 2.88268792331284 5.4790558178838 
3.377759742445 2.32975832761465 5.1520025057922 
2.23267709130261 1.91177832094423 5.37404348482894 
2.73050194225077 1.60747053510365 5.52387821542076 
3.12381982850586 4.569220130285 4.8019588893965 
2.81233367067727 4.54349509504526 3.64986864936596 
3.54614094558118 4.83023927000597 3.95813571479832 
3.32516975485079 4.4443933889483 4.19096938379578 
2.64710516039948 4.84807185494496 5.0652465384231 
1.20359415572029 1.80016476591604 4.99596308193835 
1.88930692259724 0.748410324810017 4.68238261570935 
1.48846674250918 1.19169389740379 5.31060688862145 
1.91681899384574 0.972361990496113 5.22425882342999 
1.7771350342054 3.04285590366244 0.378411441910769 
1.53885817283031 3.28334683251684 0.675593713088725 
1.9079301268454 3.59632118267591 1.18850134672635 
1.26531499292774 2.9385334086583 0.98152722883768 
2.19922800244971 2.40930474407181 0.871120559285009 
2.1176905726728 2.6972250273768 0.47795982420229 
1.92566699245126 2.50875382374993 1.72053309342786 
2.08901044574638 5.90978138892002 0.870672076828815 
1.7750590518345 5.69350254904906 0.604874028232426 
3.49215142532107 2.68816862246068 5.991824509142 
4.25891283722454 2.77299777139033 6.51399777693574 
4.03360955504561 2.35298846154544 6.16447656640669 
3.52830892999958 3.2261069859878 6.24658248512489 
3.94991478314515 1.9596319334768 6.34034360736154 
3.47560759079062 2.75909056883836 5.67049561644099 
2.83513147527243 2.60479456386725 6.53485245262728 
2.89910479731029 2.87244767489786 6.65932475830992 
2.20959234147034 3.29264954652881 6.01414516619016 
4.82731267650873 6.41058958142909 6.01596542473845 
4.44235563166858 0.325472602542187 5.46619451136822 
3.87458278339967 0.372280434677759 5.76032869152306 
3.11232555939725 5.70947605638108 2.35274961537108 
4.04591869199904 5.48690136602444 2.97461933765339 
3.60875679066568 5.66444547275582 2.18946079888706 
3.68095147530509 5.82954038910668 2.43334764240672 
4.70056825338822 0.538149589636551 5.17940940638196 
4.6227572054994 0.572316447102403 5.05536850958402 
4.74877704676825 2.87399201941549 6.29659816872474 
1.84364807722411 3.93632517181917 1.20676994492119 
1.87712488575273 3.88204291132081 2.1566137606672 
2.11867749667231 3.46225782307241 2.24474188891352 
3.10436646231855 3.77555833260844 1.67333344882144 
2.81314724318119 3.39062105607131 1.2466205761297 
2.77424158647775 4.30133532363541 1.47356447846345 
1.77857579597887 6.44527529661325 3.8407013122149 
3.62838546540276 1.43824540294391 1.64616015336396 
3.58132962891223 1.66900399463088 1.81946715742192 
2.99186125958325 4.79774759957745 6.07724968950758 
2.56890640516249 4.59331104274401 6.17135077211845 
3.20665048517637 4.58568441882043 6.17574810296949 
3.51623046551435 4.63047773705546 5.28744500694016 
3.49900940403218 4.4228374684394 5.80722990084148 
3.03766257106307 3.81137409859455 5.23466256402756 
3.34698960701093 4.33525759894596 4.98742992945503 
2.3537693709208 4.54728497706678 5.8755283470398 
2.42817463068137 5.56508724354164 1.97882706754764 
2.35870347769113 5.45763643172529 1.74951668750746 
2.81437765625058 5.88458198083431 2.02224527363208 
2.66964764872344 4.71518566776155 1.67958409967773 
2.43671032589996 4.96250435916297 1.52712536217199 
2.91121814138904 4.70182147549715 1.4922285186939 
3.48107739319639 4.83316916717894 1.75846299046071 
2.6859985011662 5.16932796686351 2.44444572730067 
2.22692208866594 6.08878425593826 3.28944116077876 
2.77740974456793 0.369289432593927 3.44333104335405 
2.16198123652808 6.41509487109595 2.79543152228717 
1.9042547583438 5.47208350823019 2.62270412175907 
2.0975937474505 5.273084797141 2.79595427182179 
2.27347646450673 5.63680925539427 2.00528779780618 
2.32817380459825 6.30031905122364 2.03362434261206 
1.9948357711122 6.29947027991873 2.60860192508555 
2.47523432881373 6.3565903160924 2.04607145026224 
0.851984504146958 6.01407909288998 5.83070536455752 
1.22022146723519 5.42575199978557 6.30545492601357 
1.21817137432165 5.37374407652011 6.60442858304942 
2.19740013864729 0.671298652919287 2.48559918706319 
2.46033325876993 0.541013303585983 2.43189925623893 
2.46959044873245 1.1895896736673 2.31884097325205 
2.69845213306748 0.865792517713724 2.32086411638863 
5.50747007483269 0.70051973475251 5.35733962955057 
3.4933518198795 4.77904153603691 6.50592177801874 
0.548876849535295 3.77596113210361 5.6625542059458 
1.11210890924904 3.52079330518772 6.78457612685934 
6.73990844310905 2.41628843986494 4.46372637317258 
0.325619312278838 3.29136177209163 4.85147946027477 
5.90237499297815 3.37145102324618 4.28297431578745 
0.269642565316934 2.91324212697579 4.15064415470244 
6.52013294945683 2.63856277525562 4.86292935006839 
2.89653274639387 0.671097475406923 1.75082168282531 
2.79294723482547 6.88895813519067 1.85104055782365 
3.64601857646835 0.182977655284168 1.46235339191051 
2.78089712624028 6.64817677941932 1.64218393836908 
2.62512445341467 0.213067106105898 1.78644692739195 
3.37350109768554 6.9301390676958 1.83840037319215 
5.84797856968495 0.219009327288513 4.28555614878175 
5.58631709332521 0.264911801245945 4.0312893736939 
5.93731129610843 1.08693527203953 3.85620255862277 
6.15572135136626 0.00811856743476832 4.06379185975633 
5.88298617682389 0.00685039542121316 3.65377765083999 
5.5378857281986 0.434715284014727 4.00712386107597 
6.46553313228258 0.659168828579009 4.30899493635777 
1.73305458555301 0.545397169180944 2.02254941991727 
1.36534539102889 5.32014466335958 4.89338623063945 
1.4068562271779 5.67939879428683 4.88587770910522 
1.47407656061486 5.13060528890501 4.63543219401603 
0.841644687121022 5.91100790037267 4.805021551667 
0.7576429294701 5.38235737420619 3.61591721431479 
1.01181154794653 6.14271251064101 4.43156033646323 
1.03525397335048 5.74787661500918 4.98464840108428 
5.88085793301967 5.09848749489415 5.72027294254546 
5.24774849280127 4.97239269235401 5.6026803713135 
6.27876540241629 5.19612311875034 4.70913703512165 
5.63486312787703 5.40415988949746 5.52555986095466 
5.65913020208216 5.55865653542833 5.21345416975111 
5.73935376478644 4.89887776807595 5.78755407103935 
6.33297547094216 4.81449029970763 5.5317801205605 
5.88728854505488 4.59989819897793 5.67788844526905 
5.23580403847125 5.2320286832698 5.50418488506731 
6.53888106358556 4.86291010751344 5.08916133848932 
5.15262656997336 4.73521275396509 5.39680292364515 
5.44024626996371 4.41936673223842 5.35157170512838 
6.30000867367081 4.65777866410424 5.53428728388503 
4.32934943480816 6.1083747419576 0.700455608652064 
4.22128989062604 6.23760037676385 0.782507220991184 
0.874881968668548 6.54963965776032 4.60569154556117 
5.92555721717115 2.12584160209277 3.2643381467327 
6.21757305330945 2.99241873092946 2.48647459387722 
6.61554833594006 2.96405128932845 2.38412971220989 
6.10962554328007 2.88015421654051 2.81050290043121 
6.19313886021516 2.89278928871201 2.26826281724388 
6.49516832098798 2.20175721597164 3.19328384897985 
5.79558439609903 1.80501355643873 3.10582377471259 
5.63918849973801 1.69628699975103 4.80795466787506 
1.95126396692874 3.55884321304737 6.65926451350258 
1.63947098307087 3.28476088127964 6.91139007501213 
2.80263673216963 2.91817291003048 0.062422981855433 
2.4520205722481 2.4369857409177 0.253833614531086 
6.08481221645197 6.46613449081708 5.53735164479873 
5.7851721919285 6.51984192839526 6.31027657007974 
5.6029034994707 6.23469893566078 5.57702054325231 
6.18647992185582 6.59863085717169 5.83833734287378 
6.13414118887679 6.75726535125813 5.29148702470228 
3.70027648629694 0.858771130343693 6.03101042946878 
2.88707570671463 0.288836468646499 5.89202869678611 
4.62054998204489 3.87206673328818 2.90540758801854 
5.6055014173656 4.02796376890975 2.18736637763681 
4.69243914492903 4.243161703359 1.78094104986255 
5.01652299731875 3.23625811228687 2.70079188715831 
1.30030838240461 4.6153518663949 5.68220624541376 
0.824147528336059 5.12320202588909 5.65578221366937 
1.33056155344884 4.79514185161527 5.67342238918559 
1.60458337751592 5.04576730259966 5.12688430856039 
1.46723620719596 4.24510625030822 5.0670913528374 
0.414296292474396 3.50655302774427 2.62779279443342 
3.53399019872344 3.66343851698693 3.10712705101378 
3.55658692083723 4.19829453428305 4.20834467301062 
5.53120973255028 4.13439680771521 1.16395522842489 
6.55612541585855 4.51730616846335 1.25705348810769 
5.90818080482676 4.08013796641858 1.33244173316553 
6.54354929851635 4.86634683352793 0.336262281792893 
6.12697485513107 4.42988967319175 1.46064235136966 
6.74948843746046 4.31502457450908 0.791308875828602 
6.81497790376443 4.64607044647071 0.68425810519965 
6.68835097723728 4.88015717089481 0.976195327028466 
6.41887828803198 5.42243442766233 2.18781909902519 
6.41533953867906 4.94433039462575 2.26231125894352 
6.61351111255301 4.80272804246696 2.76222535300108 
0.387296068234214 5.11250696362686 1.70608449182196 
0.512844152203597 5.6829311900509 2.69760756705508 
0.655919295120847 5.64560158734955 2.33988625515408 
6.96241390889678 5.08134888542466 1.60717452577269 
0.338175230958334 4.99228076665894 2.85386521844377 
0.403834704813188 5.64204851845077 1.76860184438175 
6.72579616493885 5.49992479012032 2.89142563550168 
0.380766663820707 5.39621983168122 2.92950633501859 
6.7498101775437 4.99339927594972 2.95546790068657 
6.38304552548883 2.80878133309643 0.101268475580128 
6.83405889738633 2.65918079351477 0.512070307812752 
6.72062716757797 3.22857523986891 0.842641202978431 
1.1176682500822 5.69348460379732 0.584192886454809 
1.33253192797025 5.44241262076213 0.787218651818134 
0.723476064264318 6.08702950171861 1.05759023301433 
6.84637038945267 5.03440148001419 1.06654431341278 
6.75634377093325 5.29620160704831 1.03872890980183 
1.26140195948874 5.17948941427037 0.757417960194105 
6.2471654902492 6.14907754318338 5.43367007105803 
6.38541241813075 6.49972276157062 4.97976822294118 
3.60585059256084 0.976864774044192 0.517865809593095 
4.39447293397295 2.06958234717683 3.20343307191137 
4.35090432317266 1.94210565848237 4.43165701575382 
4.84911611872387 1.63745923928831 3.60474096687421 
3.99881155400328 2.25170663837945 4.22731084884636 
1.0136798575485 6.46224108767979 2.01572087564382 
5.47363071782011 2.52298043638861 3.08586963310139 
5.25086734318284 1.48878312956143 3.28335019486407 
5.62436531100775 1.50401303233737 3.41530158418351 
1.6136736325719 5.34457913570591 2.56040767770738 
0.830276270116772 4.40718406590992 2.00165012728605 
0.715639200414258 5.31389203600124 3.20018795921173 
0.647419502018154 4.41505805754864 2.123043027527 
0.722592790375968 4.85665981534937 3.17193851880024 
1.51643034421989 5.31535146019211 2.25124861289396 
0.71825771779802 4.78375375614686 3.28226148409796 
1.88310936235619 4.85399302970678 2.86060359199659 
0.880269347272591 4.65519421799097 3.22174947241437 
2.06005671452901 4.77118617849324 6.01856863728845 
4.63767294580598 4.43441389010519 0.351358990174074 
5.88038404369352 1.48521216878539 6.45901152370543 
6.22792774607954 1.80428836837226 6.56968900638832 
6.0385201239438 6.37947105897883 2.13764330976945 
6.2177918961918 6.53507306385972 1.04673124627414 
6.06622256956847 6.11539302445257 1.61468341206481 
5.4223100305933 2.49632564115774 0.729704202062761 
2.6153304118017 2.2881520996667 2.25902198581674 
1.91679966442263 2.39735880301742 1.8050178812441 
2.26182723671323 2.30876223362744 2.58394990736481 
2.27040187807973 2.69992013542989 2.95657914124958 
2.53831654497702 2.29012824037654 1.93941555355546 
2.72698462508777 2.59326001127181 1.71397168555765 
5.07079181502046 4.80109242258053 6.47928143042744 
4.91577587972234 4.43068359318537 6.51994903637237 
4.67634326814916 4.53547628711373 5.91528362214676 
0.987692436627065 6.12129941772792 5.44196420168214 
3.92112668704958 2.34716668907241 5.26121044837318 
3.67914303956652 1.28895129847471 5.88975680214559 
3.96524705222848 2.51535702325841 5.45643310235803 
1.4099221942656 1.4706703680332 2.05019447397598 
1.31880195924739 1.69632395016949 1.72366470121412 
1.6481963804653 4.13078810952024 0.894840801313954 
1.05120155685582 4.04680178376206 0.660438877021459 
1.76192090471827 3.72904150808011 6.72061818478153 
1.56085069990346 4.73394095975847 0.631028755249942 
1.50924297438817 3.47401478502354 6.93300607815939 
1.99117214142644 4.54874772269152 0.0874908666350527 
1.75452488661651 4.71387946792289 0.610756626318121 
0.869513265687002 4.12370547770493 1.56551308821368 
0.720818242805984 3.17476160836869 1.53944969723662 
0.917770322800548 2.93852990124362 1.00535238710467 
6.13506330962308 3.09799010814981 5.84696537620839 
4.77642116889503 3.33654498648953 5.79833676425217 
4.78180695357393 2.83366145394251 5.65308574533574 
6.03669905057955 3.41836860589224 5.75989433932238 
4.74375873332945 3.2937976107154 6.1979271111489 
5.85779568872928 2.79146278308894 5.59340105322525 
5.4736146115277 3.09561427701879 5.33801677720704 
4.95209898995581 2.75798227975805 5.53668304921672 
6.14350999154425 4.18593917870798 1.83290432567875 
5.95502225892561 3.94889246941058 1.60235564226388 
1.58273297117912 4.89712098027278 5.95769179766859 
1.80897555732362 5.97784315504909 5.35935662245869 
1.39277786578463 6.25119219708987 5.62416354391199 
6.26178228755137 6.44133187552589 0.760853176487445 
3.88778924035106 6.17251779922137 2.29965974669235 
4.21142469210231 6.56754579508701 2.58555463600668 
4.24799261689002 6.25821773804768 2.44753996225649 
2.35502508615241 6.14144373961735 5.35243538515937 
2.07801332223666 6.20639147542854 5.23404408085931 
0.463509031981243 4.79287939014111 6.88271104081568 
4.83241025994537 3.71176184950193 4.17088601779598 
4.48220596213302 4.79284499758967 3.26716411990991 
5.01730741201904 4.812347597787 3.53529141840646 
4.71175302819243 4.93905190895587 3.50723472563576 
4.73822438434646 3.94583182567464 4.3472295307238 
1.93291545134216 0.721092358289982 5.49222179873548 
1.43151865454201 6.89014483104114 5.43210590811073 
5.44303835964499 5.06234197676082 3.18638646546107 
5.06506257628061 4.94802959462279 3.50781773818029 
5.55338134968535 5.65996839429011 2.82385665547167 
4.51541358634583 5.26462142887634 3.01578895954763 
4.99621036481343 5.76111292663753 2.60547387827362 
5.37076935894461 5.18424724917596 3.77800517792495 
2.85912901341139 1.97324499876943 1.65873533228937 
2.66981438991233 1.96648636838688 1.86592771640792 
3.22489278173724 1.74057186166162 2.49433120418608 
2.78357981906188 1.90691794907302 2.25902041082477 
3.15264115652753 3.36781716079174 4.12721309115791 
2.07713609160645 4.70410076659999 1.4943591098017 
6.09789512969392 2.48559236543869 5.16796499815807 
6.44414748141361 2.49636835311147 5.11610136493626 
4.83407606365781 0.914495631035226 4.51735490501659 
4.74350526038814 0.66036147843273 4.32182798133889 
3.67925304393088 0.768732868257892 3.44051944055219 
3.46783562498609 1.98608996196739 2.69042367567784 
3.82780010941195 0.656043088086965 3.24510846630618 
4.11283951638383 0.872653529065074 3.1727492302338 
5.58233591630266 1.83590936406459 4.87026265440459 
6.41493509920512 5.42846402309329 4.62292429702746 
6.43772137937371 5.64539963714277 3.72029383724121 
4.70488981195592 0.894327207216169 4.98561043290998 
4.91922731255775 0.907446355119954 5.25349091792712 
4.90193739923403 0.984083490561656 5.16761431915323 
3.38563477384435 2.73422256424585 2.62916377452793 
3.52668821675857 3.73895059000744 1.85844071244906 
6.30531480295176 5.4464825557836 3.48308536655439 
6.58717822591839 5.629431438636 3.05075092169768 
5.95156931845076 6.24723175901678 2.50884773664029 
6.02303811514229 5.80602158251005 2.59032806942244 
6.19292670202107 4.38915051261621 1.7707200408765 
1.32370054599088 1.90354732959812 1.69985570169167 
0.410731794704101 0.809270373901185 4.00449063875896 
0.763863839540057 0.223715330764654 4.21934266756473 
4.5432629794207 2.09858126788572 2.87405353576249 
2.83448689012013 2.53901527330821 1.3581880306972 
2.88660459753756 2.47159681477319 1.54369934889338 
6.05943873527845 5.7283072674162 1.56184384419454 
6.18847635985839 5.52136699369081 2.14590917147734 
3.15260161321522 2.9875313402867 0.196405943893914 
2.44132989233311 2.51196456844762 3.41577582811255 
1.71895314010494 2.55127316356816 3.53047386607178 
4.3098208171991 2.73607785655528 5.095596727325 
4.06499712915456 3.46780967979733 4.99603340432221 
4.33461017609911 3.61759937179005 5.56823246749624 
4.266405747589 2.79754266272016 5.28524318257093 
4.06491194290537 3.35836450419023 5.29148027730383 
4.73522241990699 2.62835590622206 5.0632664917739 
5.04082173433238 2.89739604735455 4.63793351169314 
5.48626374265004 3.27576450515428 4.74842267262135 
4.85607995816971 3.5382189620681 4.44151494038589 
5.46185981791064 3.0908947709697 4.80151598509209 
6.02732315714406 3.78372164139013 2.96452638919117 
5.97052823571781 3.3211811613159 3.14206472115301 
1.61090821197574 4.75164139484533 6.6254075737205 
1.47875126238492 4.16715974511075 3.87245853005328 
1.40080654355825 4.00941245224552 3.79068217616561 
1.47645520615208 4.25092855046415 3.6877409865403 
1.3977791475879 4.09126653626552 3.63275374154241 
1.55121186207486 4.47326722788225 5.99273494511202 
1.66920527451896 4.70322135064079 6.08441419281793 
6.02281298894274 2.21027460649467 6.7808683934025 
0.332649480278276 1.78912768033697 4.43581689412886 
3.883113781666 4.72802286905242 5.32336150024146 
6.10369527324096 2.36569234668581 0.164128861898854 
6.38768124423617 1.36565073121986 0.579114585661998 
6.33083862859281 2.18012120902356 0.438308315253865 
0.781741260697701 1.93561960987962 5.00138670026935 
0.58779701090455 1.91344709025074 5.41180382103885 
0.427877327821578 2.43031647896457 5.57803237927098 
5.51022397965636 5.82568047615399 0.326487969616083 
6.879911287389 2.63259762521876 3.46293312682775 
5.65384654963307 4.7057862453149 2.97895018272423 
6.28620488957967 5.14616836080508 3.58019613971445 
6.54837080877675 4.92637907032084 3.88225512045929 
0.190988364594697 4.77223403542956 3.91791504199664 
0.438968467061288 4.63521531876769 3.35051792897574 
6.66218353062393 2.57049032409896 1.03691236954851 
6.80435626342233 2.50838084764097 0.601569583811695 
5.75438304493509 5.81222496525633 5.46105071795457 
5.97480351215947 5.30063019580252 5.92914825438581 
0.378741501385669 3.77312279537288 2.65829859205147 
0.824446761507921 4.02937713183585 2.65831378775158 
1.05638664860424 3.75199370215275 4.0198179911243 
0.822938767472511 4.29055150283098 3.222629294629 
0.530315540473154 4.2270207549125 3.30966235881065 
0.237374619245863 3.92982996288501 3.03299685609063 
3.61986382719882 0.516067904538309 4.14995133198189 
3.5432114559658 0.440139648226528 3.94152274874949 
4.03617452167475 4.17449850229299 4.79308154420669 
4.4576441199804 4.85619677706747 4.78296203133371 
4.73969603892759 4.429171414101 5.69567034479792 
5.14667457659244 3.91062660735418 5.61061741606888 
4.39099082518032 4.3496936929072 5.59161962534567 
4.13664420361326 4.55685897124237 5.14607195749226 
2.32534853764829 3.69881346183051 4.68538896182901 
3.11351301726251 3.61345170549584 5.15262236998292 
4.77316583458473 2.20427228557062 4.92687068612424 
5.59186335401519 4.78544973852863 6.50787553014709 
3.55374850017076 3.65277262809761 4.80486355853626 
3.63287315500781 4.09454939591478 4.70914848560496 
3.73395694925895 4.40201420138503 1.64888770931341 
3.78335639205437 4.17916894269173 0.987263962016044 
3.54464762383292 4.20997840875298 1.48158984996088 
2.94412022089703 4.46326500198247 1.38500113984749 
4.42321052710757 2.07037397030768 4.87631007181716 
6.51327142139227 4.68637831839554 4.05347292341344 
3.10203707749331 3.43723992975892 0.473010791150024 
3.26909858829455 3.291777726219 0.961197666250158 
3.83197642040213 3.92917391175615 0.899019369941259 
3.45819372280511 3.81862202964865 1.63188903924614 
3.66982693031362 3.56995923309419 1.19812968539194 
5.34614826281183 1.68453162361709 1.020565259925 
5.29547148184261 1.81871351756802 1.76213002268425 
2.78577477176783 0.961152268435499 1.29179072425057 
4.12522445590093 0.609954965280344 6.16147779258386 
4.28208461581956 0.658486813440344 6.14562456784511 
0.89533011045055 4.71623818098487 3.10105991192587 
0.87295928387438 4.3033152018107 2.43723863541711 
0.758108409132743 4.18156294085794 1.12602122957895 
2.40162823017214 5.90616464114506 5.51588604159246 
4.62925513959934 4.46010932788215 2.37042414186713 
4.88203706442007 4.49810334237206 2.14381987910736 
5.99894523311828 3.70310614959193 2.68755542139471 
6.1972856222 0.587385048760465 1.13197956473515 
4.97363472824034 6.06230976280164 3.9159736372399 
4.86530785786205 6.44866355421249 4.34465366803704 
4.99902944873903 0.418542067558631 4.02513522119925 
2.08647552877914 5.56709452557572 0.486117035848113 
3.26197838658347 0.69001366489431 1.67378985258684 
3.53579646642668 0.322156574669448 1.69192326218174 
0.347596852407025 3.26814195978699 2.9973782583951 
2.04493515063499 3.27436777162123 2.74928157988565 
1.47035245320556 1.90675134732795 1.5355218031118 
6.86411939333554 0.751507446346648 3.85434923146227 
4.27910624643393 3.74880220796686 4.97581331981699 
4.28834819156915 4.83505164334527 4.06106218512593 
6.21484900677513 6.10706668010464 1.81566166460022 
6.25735033341936 5.72721563650529 1.84195225195529 
3.52774377928092 1.59927976366047 2.32968288992915 
1.14549668761051 4.18148282170931 6.32858480964852 
1.23107748163669 3.901980561812 6.33353618388193 
6.52910456709694 3.15879446170763 3.77448744557127 
6.54367598006598 3.22574024910324 3.43639290834287 
0.894642038749529 4.63453943738137 1.90281311249395 
1.44670801425048 4.84262773240303 2.09577164243301 
5.88376785617638 1.13781824970272 6.02019702935659 
2.59627834627861 6.36935288649988 6.22940842685535 
2.64508209725904 0.736448992003111 6.51751211694993 
0.0947037062997505 4.48943012110927 4.12129403583987 
0.250616051957574 4.38253970406741 4.46862358730848 
0.591838477984137 2.3014213863774 1.37635649459596 
4.05015149296905 3.75116046214169 5.91628878125935 
3.53747097250537 1.28139284674884 4.60177355131856 
5.54431115851406 3.51905468454633 5.06266438519725 
3.28948845734919 2.49017447572828 4.67859888777537 
3.90770089145517 5.45831577886924 4.77922001994636 
3.21862769177105 1.39037046099621 6.47958546664827 
2.3414811385211 0.364417272079042 1.18781317826729 
6.93555227938365 2.3700149265766 2.42142411796675 
0.837208771562472 5.86265668813583 1.43676443297125 
4.1730262545256 2.29400131947978 6.00439653930197 
4.76331557980498 2.63269265518665 6.00761430532197 
1.57430879897746 4.5617447833422 0.866522086600732 
1.41036392716672 4.26143089158994 0.907093879350553 
1.49540257097713 2.11937971414051 3.54975498242742 
1.31393989875151 2.09212066776541 3.79831220970227 
5.23321827284029 3.76433838222499 5.75091097840613 
5.86931721765408 3.71356545862318 6.04035647822332 
4.02689984583442 6.69452850785044 5.23366795713966 
4.18563070645896 0.283520021373518 5.36201798354827 
0.564088648214937 5.35912549559121 6.61164641492058 
3.70079341042295 6.67004238252599 2.50356468620378 
3.53473583430003 6.74519779242232 2.6809444468226 
3.4796396483621 1.0039425862632 2.35476175345715 
3.63755112143833 1.42447311141165 5.27912262678165 
3.72292987036264 1.23670678153782 5.06148797312449 
0.755072995628762 4.87734637221134 1.249479241147 
0.467206656459966 1.61774248521048 4.70270081835848 
0.970019817110559 5.41898497176125 5.00624850597618 
0.8063433796012 6.38359687431042 1.02549006913735 
5.52426794388458 3.36944535664451 5.38191059881818 
5.16690665708633 3.67318285869861 5.64077278174321 
1.71892662117706 4.54282169126672 0.864445550967412 
1.28176524914648 2.11599833291499 3.05610437734466 
1.24004155543684 6.14166583216016 6.02739032963755 
1.45645700822967 5.82686812222984 6.2502311341592 
0.90054038883224 6.4677505586334 3.29426351953739 
1.46110920657115 2.22428590647604 4.86986879287601 
1.60781975922502 2.21793006634538 4.65420312107113 
2.65617646908134 1.54472424117708 2.55607982223109 
2.40514476869795 1.66711881422115 2.80547100304596 
5.89350008209284 0.409243650433628 4.35492940952055 
4.25966521518192 5.19965534834686 4.25793315207039 
6.20814801955446 1.6868222113486 5.802016577779 
6.39266411147809 4.98005362640807 3.48916619182954 
6.16794847820494 4.64882140040464 3.15924831818814 
2.20714303130547 5.13831775607879 0.533634198680298 
6.66562580181971 2.21694278151832 3.46345094136174 
4.70792294162578 3.26346513511743 4.42662782564823 
4.2053382116371 3.14230807264736 4.75258520047504 
6.41842022155306 2.2072674871934 3.90954027395132 
4.8868628126636 4.91186173195653 6.01045747329887 
5.45303214837912 2.9624934257178 3.08786092395724 
1.56774886453611 4.66353324434061 6.68098773613366 
1.15233666952996 4.71428311047599 6.94472977493827 
5.3148531012314 3.72209004506412 6.46832892493649 
5.82638438245394 3.66917039865608 6.36143442192982 
2.99228443026172 2.7743071560879 3.85647223357356 
2.58795336144627 2.77451191069645 3.65219541495569 
2.80708140097874 5.19947988718888 2.50176359673411 
6.59796285511125 5.38507478995326 4.06369668899872 
6.46097190757546 5.05475682353602 3.93225706143202 
3.98475923805064 4.32147477083163 0.989628894103882 
4.20611975281193 3.5518183382011 6.35553945882752 
5.74320494006682 4.31204606567164 6.7128086620848 
5.33400162291613 1.06681190074087 4.89927389857147 
4.2184301379305 3.38636929485017 2.5001582137309 
3.59651874864896 6.84923594217572 2.41924249452143 
3.48495277734895 6.84046783814527 2.62903662326789 
2.69305762654986 5.10172847133397 4.97695269098975 
2.54728538780453 4.95804987755517 5.01253228178766 
5.68650305239637 5.57184850418614 5.66154336411912 
3.44697453705437 3.38695221194496 4.46010067044892 
3.97162579166955 3.0362177907363 4.50734766460356 
3.43527985295585 2.69278065065656 0.985372532563459 
2.96301356994029 2.57543723795773 6.51181222404954 
1.23267586665598 3.75808907389686 1.89987392480717 
5.07337542499002 6.36103320343189 4.58279532248033 
5.10933000691171 1.9000273880807 6.72395536209956 
5.36791969554193 1.77603250261913 6.81661556440149 
1.0461040242803 4.29969838931961 2.28884026834651 
5.27297885713149 3.81406668869943 5.09353946766676 
4.77858564343999 3.72595760618217 4.5886265798691 
2.75495719848515 2.41299764310073 5.81366851296324 
2.93848626122166 2.36293234936842 5.80292491145493 
3.59070560679824 5.74529518114403 4.08504980530639 
5.91699616650564 3.37371010449638 2.6568878253121 
5.89751423352807 3.17498691690646 2.93553736046512 
1.55938677149426 6.61159201506471 5.61698459846831 
3.38550965999075 2.02325945399441 3.23554414112238 
0.696497195877907 1.2873734356936 4.52913890589257 
5.06411663781349 4.8957438741361 5.01429128408246 
5.6376085009392 2.40926054278996 3.00351090480592 
3.05027046339371 3.6756511419206 5.50473504180745 
4.39336530426358 5.17074289479764 4.71305234246119 
6.09573026090473 5.74164066691436 4.7447630702128 
1.46895726755431 3.96081668883586 6.31513593675268 
1.39857776234194 4.25937654351941 6.30840252719022 
5.46506243813148 0.459763244349133 2.72861643889525 
5.55536939821496 4.1982464495763 0.425373128120094 
1.66491656518196 3.71469468376996 1.7822134243525 
6.44857628175736 5.10392349316796 0.827068756399442 
5.25119359534442 3.76175772356888 3.72764848151046 
5.52262057184212 2.14271167988414 6.93888903296055 
5.66880536077911 2.31938770356168 0.334008136575301 
6.73703519945445 4.69413316666381 2.71273948315105 
2.42464101766217 3.51476365220716 3.2788594641834 
1.24770506073395 4.42100751351134 4.40146160711548 
2.37965199102597 1.50836298620949 1.68205603929245 
0.786895650758605 3.28178120585795 6.08919254462529 
0.907113640096941 3.50705785951925 5.91875515638074 
1.07666924113196 6.06984039413513 1.78575906485363 
1.41431000333859 0.735697901835784 0.779690660932949 
3.31930965628173 1.56792079136202 6.22797124555259 
2.8680963333552 1.73984461877174 5.68570042382619 
6.15411135266552 3.6361497507301 4.36323331786545 
0.88342867267863 0.827196281744896 5.73399059109489 
1.67850951491918 2.42867240760509 2.13370301863446 
0.993484280777917 2.90522184683023 5.07229527559536 
6.83144083912355 5.43396554978903 1.59924872568978 
3.02428179281251 6.60138327208952 1.05887861449948 
0.759051920267357 3.17769633976748 0.845231563072033 
2.78187908656794 4.93532188880856 2.37839622392329 
5.26709615918762 3.79431281950208 3.85804531521204 
5.4593135464678 2.57454988541765 0.433432562941248 
4.2172501065705 3.13098113404291 3.93591741490928 
0.803774315502734 6.04480634899674 3.97395462882909 
0.434429385437029 5.62494063969871 3.93630454997343 
5.8854298679266 3.42852350447441 6.4725492016202 
0.430693358120584 5.11886253320022 5.88266945878137 
2.36354465948254 4.8026677159253 6.33285270244259 
6.02121894425713 1.01387308693548 5.26551001513914 
6.31229568505106 0.696870400331927 5.08374232605232 
5.68838553442224 6.69901741297126 1.308706155153 
0.136617320363021 1.51907256575502 1.32108217415493 
0.290468224193012 2.14225413271844 1.19975205256043 
1.78838220669697 1.18561489083716 1.96220143843622 
6.27569212351936 6.50100428466365 2.85541414959108 
5.8045967336968 2.77285497802514 4.62269164978068 
4.44659122291058 3.81481189388285 5.43473465890958 
5.10521288976776 3.804931233029 5.53755485598913 
2.67231023510996 0.798736367709194 3.7095619277304 
2.92803295951415 0.606417872283762 3.55563198779439 
1.88445995711959 6.60278420774672 6.67180839585213 
6.5566004118476 0.798609726611142 4.81322411823624 
4.78680410299625 2.38480579477593 1.83286307941996 
5.99243587702442 2.75966579127978 4.16533159301999 
5.9909593972146 3.09042451738756 3.99843290146159 
2.04637176824372 6.53046473446885 5.34357596856643 
6.5787638450938 0.152731272617987 4.02076646073007 
6.68938894385863 0.497336130094246 4.18259446540129 
3.49988719049864 3.34473890339525 5.58617468013303 
3.12041796300182 3.50010685796657 5.39298808769289 
4.62466950457218 4.33024540659429 6.83804489743402 
2.33517790864725 2.48142186058526 3.56931327431114 
1.04684103205098 3.2731367474521 1.8345805360198 
4.37066144667882 6.43421835640845 4.38675295286547 
2.50202890921298 0.754321504716214 0.998219027819252 
2.02933211356539 1.06358474117757 0.916773956603452 
4.66837557052715 5.04533389649052 0.184394566664568 
0.31486546113439 4.92567168761258 6.70028684324766 
3.31415839918761 0.808767040391775 4.52590267816314 
4.16393705706155 0.412015888026302 5.15293527510426 
3.9663090798741 0.0787063562752848 4.70484044247187 
1.73622629432348 6.74288441364398 3.70823320276197 
0.5136125838676 1.08933719989072 1.41235486844377 
5.21508102835243 1.72099073839461 2.97638208827215 
6.38999197174297 6.15420624571912 5.12495915234697 
2.51776756217569 1.41776970134357 1.35852162968111 
2.01716231227552 1.31291638739356 1.03364491921122 
2.24555210491197 2.58460470042769 4.68125755369632 
2.05956768994861 2.32429894720107 5.0674071300777 
1.70872274431732 2.29517075425437 5.17402785083386 
5.850140242405 5.50813543347412 4.87384688256336 
5.44828667339694 5.45756426556647 4.74834535981764 
2.91634354589247 1.66207592001984 5.53062106814632 
3.49674078128928 1.2817608982507 5.48635899088422 
4.14293298765055 0.439347307647719 6.05677799490346 
4.28225646193151 0.453216428550551 6.01554462968851 
1.0331053803343 5.76792477155462 2.34913999153188 
0.950757678445922 6.06204243901562 2.04438470177042 
3.93887559387458 3.26725018612802 6.50500834312333 
3.85129487702347 3.32731123944033 6.77935058664943 
6.5910528441741 5.60180146807844 1.87432413868755 
1.0797522914369 2.58905339135815 4.78259624053507 
5.58466313643452 0.948266121436573 5.90891730719892 
3.98318288459039 1.97332645465662 0.909832412978949 
3.78055163201229 2.52508456984977 1.35216639375114 
2.92465474007882 3.03169831593457 2.73479588717118 
4.19073134983975 5.49226313308632 0.653625761583752 
4.38783155085931 5.17244226785249 0.183716441924515 
3.52121716132901 5.48142548993548 0.762753450221604 
3.88985122138207 5.28655192667802 0.798346730091243 
3.25419914790066 3.78376003200592 5.8081558043815 
3.52673001779578 3.51649023173472 5.84135662645043 
2.23825695365301 1.13373336715879 2.4066175611858 
1.98864338185195 6.22864393350941 1.58891407195389 
5.65119217325641 4.92384409269417 4.35180369092232 
6.19887454510288 4.90570872009947 4.3849251845822 
0.422310124291769 2.79388222191221 3.10380461516389 
1.81691990972586 5.74251103213521 2.80575459001017 
5.4735262558634 1.18945366890958 2.01228375088538 
5.35298510061455 1.4044038354307 2.10424846597914 
4.24213911459444 1.50372434263922 4.45716346104738 
1.98511438230127 3.24597982149325 1.91271256171228 
1.73324861670822 2.89297280958328 1.91219304207072 
4.92160491344905 3.96949762572602 1.44771330976156 
3.70704520690169 6.06281305194157 6.02886395014865 
5.12986700409804 6.30137826226572 3.43630572309452 
2.9854549477868 6.70928448023429 3.73054008851371 
2.96119383080886 0.549346555049857 6.45461002417391 
3.69323374878361 0.269072708985191 4.24549697066965 
4.04917618531875 0.316829126915214 1.00421502637218 
1.74230911612748 2.76766631942919 0.386286505413576 
5.2231981033918 6.18348760175002 0.431593440761639 
1.27092598571609 6.45710851540701 6.34473376947803 
3.29660099947731 1.5928050761561 0.551278512355294 
2.75769413341154 2.07909171646674 0.695416570108159 
5.26568389775153 6.77666824458538 4.67191771263279 
5.74898175960404 6.89966224576983 4.64858734497926 
1.49210036607445 1.71496128062173 1.52101824771147 
1.4945410252967 1.56008591753351 1.13177794610548 
6.55145345227073 1.04985709255071 3.2160983922237 
3.16039494549705 2.42373775036882 6.13582568430984 
3.43999217023384 1.84846005820834 6.38627350887997 
6.24847904148531 0.631969887329936 0.446705992991359 
6.19463821001499 0.964411214504302 0.271496006645524 
0.833470613209759 3.40498571664037 2.53659956068204 
0.959097880778799 3.08826824361425 2.83542639755451 
4.19278336420564 0.562145127766327 1.68754231445547 
4.05304881635117 0.232496204439109 1.37600554018121 
2.52639600995706 2.95657436323623 2.99936158127718 
2.60824623341096 2.69119444326469 3.44896812924563 
4.2385492729486 1.35684403398722 4.97204430874095 
1.06413480084802 3.78887181915567 2.58543109218904 
4.29391595002347 6.35144280017135 1.46336337018998 
2.05913751276696 6.47198344115116 3.69135050750863 
5.72684451544584 5.50539812276734 3.39516342082591 
5.66141616626183 5.25979253095775 3.45808001075787 
1.9119234677046 0.471204418413973 1.25930296962537 
1.88762000189045 0.996710422215768 1.00160060557226 
0.433617526298114 4.75745337391027 2.14676570984685 
0.543139902028759 4.91669577928786 2.01953543803446 
3.6330538517694 3.08928758753306 3.01374782673448 
6.23624172131779 4.79947134367936 4.4079636690772 
4.43794578730803 6.31792464026655 1.11388416098621 
5.35636220931634 6.68529798732994 1.01797684438583 
4.10665750834729 5.37451940824043 4.91624278875015 
3.7749121451874 0.549572280432563 1.89521287224437 
3.53604187610267 0.855349981698792 1.89554775626859 
5.50950639792359 6.58566763253377 0.498441249722554 
3.87104790828681 4.82597445032303 0.518414194698215 
3.59289490709005 0.201802836697037 4.53141918685573 
5.66453826834959 0.603411586086849 4.17590926191982 
5.27027072367303 1.01396590673502 4.54050074876745 
1.34428518437281 4.6177397088799 3.56718573038631 
5.51668901792636 3.85437700209781 1.93861599461518 
3.46877855632021 5.88914151466572 5.89898167900504 
2.9550507663397 1.47126285065823 2.69212399031184 
3.22257048476634 3.28050727045057 4.47087583605439 
2.90731595506304 3.39044272180641 4.87202586365137 
5.99626999091921 6.06628659280155 3.90896532639246 
4.23125897172857 3.86470945886991 6.69683411671264 
3.9740863082901 3.67064706156581 6.92338640251002 
4.52177385458076 3.46374085277113 0.497785039375486 
2.87744282996267 0.326039708587747 2.94342395608938 
3.18301180974584 6.80243773360779 2.70128929477103 
2.60447141028099 4.54855349050818 2.49233879243552 
5.0443380351935 3.23578464205322 1.96327189775159 
5.48645827042659 3.48625265487563 2.07096094799155 
3.18337383994609 0.837900295541988 3.26526122794813 
1.89333136085378 1.42346488348561 1.57691091743529 
1.8849968702346 1.28567735323275 1.12811580670783 
1.38768195138507 5.90541105385211 0.395274022228729 
3.3085861138687 5.91623262138436 1.55354296303946 
2.08209668854046 2.29889016326067 4.8303391943629 
2.46267938965318 1.83047697379383 4.67173488051629 
6.64512576223381 3.97077422581732 2.43019085432693 
6.70800508745216 4.14613195175111 2.79106769454013 
1.7974593921573 1.69766648749032 3.65774896205525 
1.50726744766682 6.7809291386403 6.17295635774587 
1.84691528790567 6.84073202306037 6.35354752405263 
0.261026181531897 1.68123243005037 5.37638256584191 
0.624629812233135 4.99305865997684 5.66133612005789 
6.74162090490149 3.72188979543792 3.40984517672987 
0.975893896513837 6.66016306058316 3.23474591278324 
5.72652610383613 5.71824104322512 6.73794447944258 
5.95303965318774 5.31556513379215 6.56231523490676 
3.53567565087868 4.62627488412704 6.75978489232596 
0.594332929890365 1.31975615740685 4.08873533843613 
2.6328159245634 6.69965726861996 1.07734975374577 
0.842568345834109 5.06153750648074 6.9772225919267 
0.75367959065449 1.08292923754648 1.43537316368416 
1.07455679106371 1.18637813085352 0.983702707123408 
5.61086021326183 1.19363118616212 1.48029108634175 
5.53618762802054 1.63339619588029 1.30630723060755 
3.42350260412407 0.881774138337101 6.44268570936132 
2.46992350073745 3.21806919151009 2.94904834413247 
6.133448752792 1.91589190095408 5.27497846392373 
5.97745283041761 2.05291424959148 5.26808900584085 
2.55803994137633 0.293886471231896 2.73524298221343 
1.77948195486872 2.37719715031956 2.44084428361675 
2.40142643260841 4.68670198957064 3.81333568636003 
1.9395033807201 4.54464522729005 3.4471748518457 
1.07785886812072 6.8806505494282 5.22178395208393 
3.07687833947295 0.989866887389703 2.57917286483128 
3.17722242046674 0.699143204974961 2.91066280115959 
4.75062429218967 4.26713097831477 1.35882522391599 
4.28447001790825 4.15848917272522 0.890693937854844 
4.70970028042728 2.5132609248205 0.287458858919137 
4.54117461197032 1.27186366439799 4.23623540681325 
1.29418292527424 2.67582413213778 4.20251495003685 
1.37550552197041 2.616325957302 4.17825965203099 
4.52432742943593 6.08669436435711 3.15934773451679 
4.50258122120984 5.90399300027984 2.90567691138791 
2.09648807592985 6.36002735517355 0.949444398156436 
4.33407677322876 6.56468090483809 3.04339563423396 
2.02537797988372 1.29561172553345 3.24896769879019 
2.13771425790771 1.46680796260617 2.78614973931398 
3.73908098656401 5.37348581468311 2.1348159183967 
6.97432888716978 1.74769090024595 3.46819604990258 
0.369989797330187 2.15155239681008 0.833953979972333 
4.72462655467953 4.14076705429749 6.99630618471616 
4.65279622662214 3.95351113987874 6.98953762624223 
3.34461605513497 2.87509567959775 2.88445002919557 
3.27235324756082 2.54401968803373 3.34977751062316 
4.15477967160712 3.68209498952882 2.5918298233732 
3.7154597606845 3.85694515019111 2.96782647465251 
4.19552572780679 4.85216864925509 0.167732806840267 
4.53095387913524 4.65200639110619 0.160691205304632 
2.16138143206094 5.50624739697125 3.26353435592873 
6.06504460183873 6.56878123360774 4.52409361554101 
5.87471761272454 6.08948340315248 4.37201210619883 
2.63127651934796 5.18698349228949 1.11023440921242 
2.81932992504496 5.10920245565512 1.07475603360348 
4.79547574276626 2.44003576242295 0.931365737099681 
1.69850407605697 4.92821670246899 1.68944251242655 
4.09925629843405 0.989367062083471 2.73309641752689 
4.43758116665236 0.845349251292552 2.55259535317914 
1.9982540401214 5.74366822958053 3.23600300375096 
4.24087815226021 3.2027226897692 1.14757054706798 
5.08704096655654 0.702449375570426 1.63956550472395 
5.33442704650536 1.05118096451483 2.07074128151466 
2.4542475368923 3.35563556373539 3.69477227139548 
1.98754053848597 3.47876784347746 4.02589479914505 
0.830464979973666 2.05825154342523 1.72041943219989 
2.22424644859208 3.42011421363507 6.18684258416815 
0.201782846901481 3.75944983621838 3.23140898746736 
2.70907609465537 1.23929557005389 6.52602181190541 
2.43402220088904 3.50880405234366 6.37907603275356 
4.60211916519987 2.59037552557529 1.34069350291882 
4.65416891340688 2.69385794365918 1.27967511298494 
0.856600938402782 5.34417741630007 6.80662936494268 
6.48683806974736 2.50561547999157 4.07322436503244 
6.75601208270372 2.79910898490143 3.83031975459896 
6.38558474052007 4.0095374965236 3.08334338698665 
0.947305766737927 4.29121049383466 1.29685545048458 
0.963902110960362 4.62769819971188 1.38126412193823 
6.1362151803162 6.31219319032992 3.82130152930656 
3.58657162652499 5.77068441301137 0.623663410183102 
2.66799757645393 3.81851772684143 6.18459909340793 
2.72260756106615 4.21664078539559 6.378964035313 
3.35860854655218 0.644287024117157 0.676709757299581 
3.59805505737629 0.298812664419677 0.950602840133505 
5.12159269848194 5.26911736976252 5.05620952601141 
5.33783187485664 5.48591526765961 4.89479953887954 
2.62805762967474 6.62677882984031 3.94702821261593 
2.47748837800986 6.4265282328584 3.90737536932611 
2.42339276016194 2.64246692351688 3.75870406978094 
4.21703033404522 3.8898087513379 0.816652729364599 
3.88400372049685 1.41392079336318 4.29533150211284 
3.31684697063545 5.7048036659779 5.44279255533504 
2.50860414181291 4.29135339700011 2.125507557199 
2.56181062555865 4.47756948550619 1.69009246564092 
5.95219167119108 2.85691915899484 4.52477292560519 
5.88866700351896 3.28313521950767 4.499390118514 
6.66973212100938 1.52128758195171 1.51331961977778 
0.907875896835117 3.14426447111402 2.01874732765858 
5.49726623782725 4.32404677277513 5.04008167693629 
2.50683566010313 6.39464924297923 4.08213311831354 
2.64904900900621 6.5948222351191 4.09196473127112 
1.36512658555021 0.891093811980659 3.17780536556345 
1.80454325890139 1.18752124872932 3.34366244243837 
3.86443756165862 2.56874013544015 4.61200114942391 
4.11722446285619 2.44836995490658 5.00579686739164 
1.73666835989209 3.97494886154265 2.3474384953275 
1.24026555697506 3.94828333606397 2.28415019392755 
4.79048832063327 3.58000159532118 1.22971776610798 
4.43130290211873 3.55872953537408 0.942854533336042 
0.181958349497166 0.997331237169558 5.08895124481915 
0.198779627517638 1.51167447870974 4.94374656256144 
0.993035017481996 0.435464407512471 1.28815658920861 
1.43267052261727 0.170578833934472 1.4797085740368 
0.478974068333348 4.50228220066763 4.59210492538724 
2.06040033062205 4.21452917799061 2.10853853516525 
2.18481225566025 4.45381647321889 1.59369192909504 
4.78245353846906 1.2665970571706 2.14456366664995 
4.73702910352049 1.26376263023838 2.35972256327622 
5.36704007475003 5.91858217022872 2.79696115207096 
5.26876253331979 6.26590988781763 3.3811209765532 
1.37987489090501 3.16854350253545 3.1025097994314 
5.90396695571253 2.34960799833285 2.09176067459124 
5.60668484120899 3.23724022419661 3.5216328167029 
5.38799288989999 3.03461506389894 3.40956112366226 
5.69967085818539 6.33835644588035 1.66020924787857 
5.68950989582453 6.50734322768369 1.93893278414361 
5.12565298229713 2.92215330062258 1.75054804057199 
4.97537442340581 2.96655095156017 1.44775858470085 
1.63757309537443 1.74634771887504 2.61566146368246 
3.69111927906936 2.95669241028307 3.34336183316014 
3.34155103615377 2.57612049629969 3.44238037040482 
3.65597522696561 5.61633516981856 6.38217075008676 
3.6562163903401 5.85648075337157 6.01202927575835 
0.580941439039668 3.07435999888768 3.10394136329012 
0.811685996395452 3.1941970012053 3.72350578687249 
2.31548663170542 6.49326767829145 0.838690822471232 
2.07323732940499 2.24936190913093 6.43903638834052 
1.6885025127843 2.66656248237682 6.36209603078154 
1.18688230218316 5.10892223673664 1.06543823297366 
1.33061434963154 4.81747922959849 1.22612008570089 
4.33377884147371 5.84195331538232 3.42612320394215 
4.32807629988817 5.59976277216929 3.07206655597035 
2.72562672739006 4.27762277554277 0.290223563516139 
2.43148078592653 4.29482412968386 0.0381601282469932 
1.58173371935741 4.90410058921273 2.7025221199651 
5.52698318330792 5.93183220105099 3.68936542812952 
5.37351109216808 4.33614094073026 2.36231689971028 
4.6053192902069 5.45537011023175 3.89174424380303 
4.73965630595243 5.0224832188479 3.4887018095159 
6.70940757531814 6.09934754904848 3.16007693811568 
6.73371465182707 5.76751244918403 3.14238690661253 
0.436001203920051 3.96761702032353 3.58579208412254 
0.740913693971059 3.69129325985717 3.92740938982511 
1.26880057359326 5.42639593731318 1.12493539133041 
4.73741597048471 2.00099325727706 3.40385869585427 
4.95574555319518 2.02902382100162 3.05898713850334 
5.13041086099831 1.28929938079761 0.722798296963327 
2.45322416391038 0.173965211101214 2.00738567973109 
1.79715075356055 4.26198946382254 0.861922139993985 
2.52396169453359 6.13030287979861 0.64440505065618 
1.7425203595163 3.44197787581854 1.7026757738253 
1.48444693676303 3.15410385058631 1.6938257539275 
6.02991897971496 4.0180800767465 6.45588503032344 
6.8137548241164 1.85936323979443 4.46695067292428 
0.88225389960635 2.23972101530678 6.15490504093919 
0.49744036383939 2.51032259160873 5.79437654553331 
2.3901686572483 1.63206589809669 4.48529156724667 
6.41832523067056 4.52506578047652 5.1737028204682 
6.54457563826852 4.7192068161957 5.01939084890641 
5.97893083961305 1.08819951551371 2.19594256157974 
2.10315348467569 4.51297165285655 2.73008735445513 
2.14110433530267 4.30983676551208 3.11100556828511 
5.14046900519478 1.24971607894267 2.1957929087819 
5.00705483656362 1.24954919788023 2.47148608098314 
5.07712258160076 1.86353969370609 5.24398512010854 
3.02737934051357 5.29446227542863 6.31432632384316 
2.58488561864618 1.13624209354286 5.42115407496906 
3.92943548808793 5.33410298442053 6.37737181277078 
2.28763515897228 6.38620065175935 2.12381611596555 
1.56149818241926 6.75192604847542 1.95633098765209 
4.10473171283935 5.75321567655154 0.546506995869849 
1.52723851281589 2.82037071198292 4.04848329162222 
1.87750029919824 2.91837428605766 4.16007185317204 
5.96754643922011 4.30644790439186 4.8631174763542 
5.94026666236557 4.53333614526416 4.43367877549134 
6.32275088187155 4.32742598929114 3.87936694094073 
6.13533394391163 4.33772533920749 3.27735064192429 
0.884763899265573 0.923261798136219 3.51993149043847 
0.775340136085147 1.37620971047023 3.90931862822349 
0.690458281688007 2.41432479372667 2.00066004161179 
5.60996500977414 6.31265003820466 2.57982600920699 
1.59120691808318 0.400910259025567 2.80978930244386 
1.55789595467746 6.9614652908262 2.97656360284038 
4.11885787029235 5.93392126388505 3.9540385443755 
3.96722622363053 6.00642552945655 3.71280566434866 
5.50770342126203 2.91055986015698 1.07362795899574 
3.38049208318761 2.51965039821299 0.684584982732958 
3.66198524360648 2.06853834231446 0.545049482167738 
1.60815887711461 4.4673710295933 4.75266332903869 
1.68220726051816 4.89789999583786 4.83043407476498 
1.72298399851213 5.42224492490492 4.30337256855689 
2.32462022306307 1.81914387191317 3.70356852798865 
2.80887026785805 3.61790327358091 3.98797761035598 
2.31981305745788 3.78729807407175 4.35603541937849 
4.86698100627487 2.64934660677776 2.45354540278829 
1.45484674319535 1.69924505431757 2.84163573883998 
1.84551197864857 1.34080622978811 3.30807070393192 
4.20619098256852 6.30792001300711 4.72617873498352 
3.93594201477372 6.65077615686798 4.92820546418525 
0.277328191018771 2.70156117978709 4.45200175137935 
0.308479610409663 2.93016238499979 4.84815298724334 
4.2707609343866 4.29710553085392 4.36151762642269 
4.4404827075925 4.57834321581248 4.35320810881191 
1.38336449453843 0.560390345877891 0.840772337648233 
1.69464347640414 0.309370631009681 1.13913337721683 
0.689176015340619 2.71726909351838 5.01966837614058 
3.70003695800145 5.74320757352874 1.92523219288406 
3.90159309700851 6.06727014881568 1.90855376784878 
5.1167603336898 5.59574059988652 4.063918533956 
5.27050091564812 5.63757771951597 4.58897631415542 
4.74077959493886 3.4930647884466 1.71224349587939 
4.91068630562025 3.9336147153111 1.6309370662459 
6.19143522780966 1.05804740098108 1.43677851198202 
6.37388372556132 1.33535641125682 1.25999150602987 
0.981362164213542 1.06978465920443 2.83344718291352 
1.0355282581502 1.44503413073091 2.66763264449772 
3.51590463273694 3.36156590979287 6.79676711094006 
0.151119021112365 1.33572920790816 0.946345923678103 
3.67437054286473 4.78422844552628 6.47077012473116 
2.71120365633137 3.54438870335126 0.49013622368966 
5.42581777990053 6.46345715309969 2.16502865397431 
5.31385244675146 3.27094433574534 0.116410149902928 
2.7108861080645 5.86970698432873 4.33129172392388 
4.16470409542902 3.53928887520602 2.12633157221438 
6.86489382798266 2.91953852023333 5.08020456712146 
1.19659919207555 1.3488239330721 4.66097176137305 
1.82911640398751 4.73525471945442 3.38547845811848 
2.2100089388997 3.24629059107161 6.11629958080457 
2.57416232574461 2.59319732836278 6.25886899072224 
6.34315840778107 1.0176935325284 1.82973280012479 
6.66949559821131 1.35527547454058 1.85650564106414 
6.51544937194016 4.2240641307184 5.91783475455873 
6.08361770456514 4.08326088334834 6.09323365391479 
5.19623783884606 5.86964791887855 4.0193153789699 
5.32790766751424 5.96680566522704 4.38783225933138 
6.58096312672347 4.16824546995803 1.98398990911638 
2.9900410501808 3.81922997825839 6.18761232549767 
2.97660568279608 4.2056254267507 6.37842982522038 
1.59760012055987 5.37745528947013 3.90192489228664 
2.01924074325616 5.19959513970099 3.61467857127646 
6.48964781205723 1.5240693856427 4.63968420839237 
6.72629874322466 1.7295621829141 4.70760411897367 
1.50148988091352 4.6305763652824 2.33194506778154 
1.86552851715685 4.29059905194668 2.34106425977675 
0.276547291475116 1.1858331468609 0.932250641166306 
0.640851865824923 1.31737882911612 0.54346040359672 
0.330336942950476 5.0065200658444 5.15523241434651 
0.296010704584951 4.59052503004301 5.01819214902749 
2.71793243061974 5.91700459488026 5.11758442959733 
2.59184118926103 5.80146205028068 4.48277469158215 
2.67531121053073 5.36482769914554 6.46136903400607 
3.23575836312534 5.29531957035334 6.50110836095699 
1.42297477488994 5.99621049662918 3.84180005999577 
1.12879330940014 5.99502778023879 3.71109071147167 
3.5822221101721 6.55747217853329 5.52210238642582 
3.11189199361365 2.68674924227137 4.62246665172298 
2.79887137115164 2.9972291598877 5.01689102252963 
1.57525913615952 3.65380721954453 3.76854965226483 
5.75099801417794 2.60659984036255 5.76270548189082 
1.23169383486916 0.827351644336324 3.51099827377969 
6.91578199473612 3.34729670697624 5.08308556778159 
6.83200743080435 3.50793518059723 5.50268507204467 
5.91163413141394 0.485946962368047 5.00567237121361 
5.6773633705752 0.781920084183772 5.168101546629 
1.16500972365519 5.77467161319154 3.59088609977867 
1.46002896181113 5.76062928023004 3.70508513507595 
0.439400082707298 1.53900763337087 4.04347745813384 
2.02109158162741 4.12660166177309 1.15124020868057 
2.43090662448603 4.01560702281016 1.03064086229829 
5.38871206394441 4.12347852687962 3.80601687807079 
5.99637438340699 4.22528375742912 4.12627304041033 
3.20311838216846 6.42014252609111 3.29256435250708 
5.36769355690972 3.34809350002471 6.66985404612687 
1.56886900419325 5.99244967044127 6.62803388799809 
1.46266214492504 6.3010347056037 6.6621138605673 
1.00375777276357 6.63534644454415 1.46069328611 
1.38334236318329 6.76694821777595 1.48948895866595 
4.55099726460249 3.19306094154803 2.6526818272603 
4.76265751983186 3.35385297077019 2.86102299080624 
2.93504620027465 4.3086618231491 3.97224472239448 
3.01390823298976 3.87757092493437 3.83272242815885 
5.73206847303056 2.36895020110894 1.87495676068695 
5.33415146624265 2.35069981351086 2.91462819315872 
5.82928521526388 3.15449218407814 1.85442150220282 
6.24727971698771 5.86747618807675 0.631565724339239 
6.15667492068915 5.51663856675864 1.00975636929001 
0.593069951621648 3.06184668509965 1.71483815962401 
2.60581831076945 5.94654267854803 6.04436696170182 
2.43510089652572 5.7741414482095 6.24929582478613 
2.28494503539034 6.01539091943155 6.64079453812742 
2.3550489289176 6.2856281988409 6.64127216308916 
2.34359009673193 5.02963048507322 0.26699057865909 
2.17124727404914 4.66375605937797 0.0303404861278731 
2.6301516561323 3.17888852508849 1.35076003673762 
2.5632260917631 3.09552643629517 1.66652477624303 
6.09249647804865 3.75872372429673 4.87741834798705 
5.37010570140438 5.38572135656958 2.71767056394138 
6.51627603695238 1.74332225473313 2.23690777536737 
6.08939935225062 1.55273797174083 2.47820395835078 
2.99946504867812 2.48102076877737 4.40129233409543 
3.26188663372154 6.60643732279558 2.80728223807284 
3.75612973203303 4.64353986187271 6.69959633463429 
4.20064274429998 4.21043585396828 6.58972522882593 
0.598781816626298 5.26915015387528 4.79023386246128 
1.79271472775117 0.362094237153723 1.84791607499007 
1.59726031962113 0.24765195396251 1.85338239743063 
5.52375206331888 3.5473305731059 2.41999980023775 
5.60014414718789 3.86696868491453 2.44560790404875 
3.29502859341118 4.22599780317469 6.86841732634987 
3.16273667232435 4.23515955586886 0.200865555290392 
2.58408668086168 4.11210562575421 0.371479626391809 
6.80255693442654 2.82035437952354 3.212538413793 
4.13758989933694 0.122349940247754 4.43125097673672 
2.84958476936182 3.89638492615306 3.28320418551917 
6.81968704764469 2.72081411049732 2.73326450418496 
6.62562535956333 2.6851144889775 2.993392421813 
5.64416591693712 0.752932691914323 3.37348223010075 
1.59017702669489 2.6343706350283 2.20112112151605 
6.16727916115572 3.56658614047989 4.62856800556225 
6.70338186630073 3.60149023165783 4.90316058844216 
2.35642953878892 1.22676081069168 5.17536416272028 
0.293590154440417 1.60714129661748 0.643973126959693 
0.632392005650897 1.39366485159951 0.505118514758589 
4.34360340890496 2.32020350776228 2.26133916391322 
1.90247742211832 3.75973295834011 3.14666320590992 
1.78417511062534 3.63196126537341 2.93196756436961 
4.37656251465001 6.11968562844389 1.75496483927528 
2.40351184710375 3.4050387893177 1.06122720449797 
2.54545814268656 3.52918952760866 1.01758385834317 
1.29262742859211 6.67598053287055 2.29105942179407 
1.39992883154583 6.53496697118812 2.55366710728793 
1.63061990228515 3.74824816870467 3.34540321878713 
1.5553130026459 3.5908228417528 3.03526108286556 
4.77870364856881 4.26445869174515 3.07082565704181 
5.57734493789331 0.562417750809799 0.412247149700225 
2.26481820847285 4.86152656051813 4.67849631876112 
2.78869363115227 0.95059289671238 4.34514977614657 
3.32120807381395 3.29910948163708 6.46192934680137 
2.99586405184097 2.86734762944993 6.65166745569215 
2.3605983117555 6.70808757539583 5.92599910592066 
1.29449945757142 1.06678745445466 4.83146457718958 
4.86839316066954 5.44737646465871 4.92725399736387 
4.30074078069378 2.93090669860026 2.7408883734652 
4.51038856064786 2.50012399029775 2.54969158071435 
6.39595012598322 3.99581930836822 0.499787191063616 
2.67263512383795 1.91388441636562 4.48404253993075 
2.659521564948 2.37045160501414 4.3763930589892 
3.56779140214224 6.13910605101183 5.95075553940734 
3.54172756943035 3.77671423840037 6.98666026007829 
3.38858733850952 3.84271928144605 0.300930889108344 
4.36608840500772 0.520627374372246 1.8251040856788 
4.26000659134713 0.468023065840165 2.18293906190884 
4.57877845344205 6.26278701976501 2.06365247412782 
4.94342484783476 6.02447305885761 2.10586841478745 
0.875201473211698 2.4472031045992 0.88281942841826 
0.811691148520276 2.39857818812943 0.771527613592689 
4.97891860092779 6.22642801132152 4.89301804791565 
5.17841023927738 5.6237370249346 4.80041463943867 
1.80985342233533 3.20667597375361 4.21674658696167 
2.61471385728745 5.51920152194805 4.39149410588771 
2.06447266601087 4.27964862256372 0.134488703148486 
2.36529194618704 4.2074192093476 0.0797325684680111 
3.13516812740228 6.55179824233918 1.47770608729972 
3.44652948668847 6.79046452255553 1.66094549853412 
2.43755370758593 1.33930830378326 6.19927358767427 
5.01475502152868 2.54972832734576 1.97720433545481 
5.50344688401723 2.23961165077332 1.99437321509939 
1.02838827770481 4.05649542486293 4.92997863728236 
3.52978234616461 6.3725431985646 3.6214911478367 
2.15229026679227 3.0271740574517 0.472194178255308 
2.49194295270811 3.25822167985441 0.210174291585329 
0.53185618209123 5.82420584286107 2.13640799595581 
3.56624484011609 5.61284147690134 3.36062797333939 
3.7151267848299 5.93389777895475 3.71218910318089 
5.93061565012898 6.00339902423543 0.292746521865471 
4.81192581424602 4.18575369472423 2.81273129726041 
5.35109937078413 4.2097359127032 2.61016455963532 
6.20923861966094 1.06022402045186 3.11283562731663 
5.85718415917951 1.07492164881504 3.44442027278618 
0.460546866785509 5.53765411702866 4.65772365736321 
0.338722596665172 5.46504125941475 4.14081338171191 
5.21442417458039 4.47856943749707 4.01991283363787 
4.92586573420036 4.38342443103015 4.32620972715306 
4.04224226527153 3.05006087941739 2.63622277337438 
4.77969892233018 0.58747722963504 2.91420611263812 
5.34524548275107 6.49990579356029 3.35204486011459 
5.53767374595462 6.66742123694288 2.9822104130123 
0.490599330039241 5.03820421801596 4.05142362995713 
3.61785945427786 2.22137474527079 3.57156013655414 
3.57500106788221 2.0865922051489 4.05234527464971 
2.73689508540223 4.25857662550976 3.21620218966989 
2.95655188452889 4.38520748006379 2.81946187453246 
1.12056531011235 6.45268979623995 1.78815913325643 
1.45584609973084 6.61228133727146 1.73073330883023 
5.77381123378896 6.97358339678387 5.07019705499624 
3.51996345860456 1.83062760165647 4.05172359238566 
3.84013361589042 5.86699338559463 4.61550261656294 
4.99608454578593 5.32327018214718 2.12209391727736 
5.01887240502656 5.48880094209985 2.59250444109952 
0.155937779637844 4.07435060054027 3.99035031226005 
6.66312851325653 6.08109935066364 6.46317934823858 
6.43628445578531 5.63458780494656 6.74668708289559 
5.16965599248844 0.898370003320045 3.20379108295211 
5.09260316272727 0.766874915989883 2.88790641825322 
4.88897937921513 1.93268691227902 6.12543456633902 
4.94353890371011 2.4974020476835 6.03095463858122 
6.4994535069894 5.31697924864887 0.872807158084103 
0.478217275157835 2.61702613740584 1.70203377867351 
1.06026813345777 2.75570761449603 2.22773087926511 
1.04499245185066 2.75974939038762 2.66905820096039 
0.32902255570839 4.50012447496031 6.35580018419185 
6.72211865814168 0.680114374980806 3.03597585796138 
0.92346227914543 4.16537578457518 4.59006705851117 
0.867564634573644 3.86722796856687 4.44392359145841 
5.61689063165707 2.86056276398065 1.67512486982286 
5.74452816759179 2.86129460213728 1.26864660531458 
4.52444941101067 6.17146906559391 5.02770606704216 
4.48795412526452 5.68132634369897 5.12807340242776 
5.12408530790924 2.50619058554594 5.7481641398235 
1.99639785499485 6.7233856718538 3.59981723738125 
1.98514203475542 6.82778252871614 3.05284017687735 
5.63079409916358 4.80777340844282 2.35577834689146 
2.34030829455383 5.13560241199972 3.84772881078793 
2.26950557568683 5.24777847363409 4.28031328863038 
0.234101878849914 4.73556880214318 6.35751477962141 
0.808618578324872 2.49661354550832 4.80574881395933 
0.572899749730142 2.46013653587553 4.44214447790284 
1.11422432437986 4.83540734247468 4.31327232277614 
0.669991238837119 4.90603204369043 4.40442165805498 
5.1059498607941 0.919562247410342 0.87220614444335 
5.35458336625762 0.529768800526595 0.717580526151831 
2.77301516567423 1.5453364536633 4.22313173391246 
2.58331781136964 1.70927083202203 4.31061620510851 
5.31443591676605 5.89562399037958 1.55435971698111 
5.29702952049922 4.59914781265963 4.71409449277749 
5.58505145814761 4.70261348413679 4.3917748772128 
3.76436467462247 6.27611147068791 1.65216097067765 
3.37292849980272 6.10386401365559 1.45626383590234 
1.65360952443777 5.64897434280913 1.60442638753123 
1.78790230883232 5.3984828396371 1.82112257384645 
1.17112738366916 4.95443140821612 3.88664672660683 
0.783786258995885 5.0758111030048 3.72615695299645 
1.12059554864797 3.61556894150688 0.479307096592507 
1.3911269739182 3.57441513602344 0.467793763383159 
3.0399552758531 0.602374268144947 4.84360460830164 
3.62294529779667 0.902587413930012 5.14851473541776 
3.3231801221941 0.668605789940623 4.72443764360179 
3.20284422977892 6.66985346755662 3.91200385558954 
2.2924649652814 6.55954249533577 5.47611193237213 
4.64682669717246 5.33323352328917 6.07593841547781 
0.793019409186039 2.53315894150854 4.0728987528022 
4.43547687330407 1.10165413469515 4.05944840789334 
4.51128746924418 1.17032785716824 3.65616720588335 
6.68692486059118 6.04487827611646 3.5789272701089 
6.71646907057991 5.84023731226303 3.58059312609696 
6.68131127615074 3.62588981505269 4.06861333610013 
6.74941573080251 3.88715400536589 3.86660861543596 
0.371566888999701 2.61458483167606 3.43431291147967 
0.578620480190943 2.8194388808258 3.87817695457114 
0.677015304660149 6.32183191858193 5.02671294526362 
5.30659985959736 0.811261287091728 1.23089848216645 
5.49257236156166 0.502744100602296 1.04869656030918 
6.92575633400973 1.52423363254332 3.87703950560989 
5.91019711617065 4.87077399854154 2.1348490375717 
1.16744047705627 2.61007394060031 6.17990388672767 
0.931719888590286 2.89043544389348 5.90092577311418 
0.462982148794995 2.25840074345777 2.39506240704794 
4.41646408186469 5.71047712115421 5.66046805336912 
4.75669329416995 5.53531044402473 5.8995621358987 
3.39407770492398 4.74121804521603 0.267973262167324 
4.63385315948156 0.360336756576506 4.48029357417616 
2.00504337707394 1.1402418199593 3.27763414618805 
6.76440144285516 0.260584747538989 3.27404141936037 
6.86983583248235 0.483348936245993 3.26012431170858 
4.96825894805196 2.71910158965144 0.0438909603363084 
4.79980280871229 0.749362836365292 3.44581576556725 
4.63101561654975 0.595440312548658 3.24413157245882 
5.80427449989998 6.70020527634562 3.46804717359744 
5.86847257459031 6.77755759821257 3.1781202858272 
5.94865731948211 6.45389789238453 0.405346277260403 
4.02488151576432 1.10681384003433 4.02208811014316 
0.745134708860665 6.38870665529813 5.23672271460453 
1.96104853898777 5.81751993351491 1.54322000118399 
2.16634539974447 5.56519541986408 1.80863817714205 
5.38885613480461 1.3450242702825 0.395966738683462 
5.62518880747784 0.969715334586979 0.211809016993379 
1.51697879579132 3.19265660414282 4.18132653435208 
1.44097504898163 2.91480170508155 4.06901896813528 
4.61886595828803 5.80849379875515 1.63892853607328 
4.95266918007655 5.80692449334599 1.8678820688931 
5.29048991810505 6.85641948850079 5.07309901904025 
5.15254929174486 6.52097471011862 5.24665899939397 
5.02325081780181 2.56696813461718 0.118983480679881 
5.2205154240896 2.27657357126926 6.82631784851515 
6.42930048112399 1.07447785461003 4.02663099191726 
6.67530601395516 1.05926664313023 3.80873792191378 
1.2157439095293 3.47403217154858 4.92481838588037 
1.06628090725353 3.3287392541549 5.09570686711285 
4.72844669895989 2.26444678265139 3.75825864104859 
2.33556596264629 0.317259427464079 2.93519976735094 
2.09051090589438 0.583688375424834 2.79714158426309 
4.83054375866786 6.61178055417867 5.52151822581184 
2.9388197708179 4.54931122778032 0.516210241778819 
3.22973555065501 4.47228984538093 0.396690317723434 
2.58531043803486 2.70910330766934 1.60272399134877 
2.63320968388876 2.70422307639154 1.40010187096327 
6.02563098778601 5.92288318697661 6.89915420037729 
6.11305369277196 6.2543140104135 6.75149623394738 
3.14915428357798 5.07833426921752 0.352639237877623 
2.8563110704353 4.92080879687104 0.510193204410932 
0.451291538601935 0.59135417658208 4.32863892273219 
1.95928212385337 0.794782662518127 4.60076413334329 
2.37106445304617 0.590527682649355 4.42688322256534 
1.26644269953983 3.19964409151719 3.77867956626657 
1.36472372790038 3.41078983570484 3.91913435414416 
6.77733273022153 2.76893436557821 5.35906242858919 
6.68300517998876 3.07948892607829 5.70109251844418 
2.35712974523334 1.10761534218206 4.69975323677437 
2.63109810794995 0.843712500967224 4.5292498301625 
2.47987082840105 1.93265842555047 5.70977700461742 
2.71507009852619 1.69026882496688 5.68005159353701 
0.616315229194882 5.44597509927368 6.07520244175515 
0.779718395391181 5.46570435944933 6.004767463724 
0.71336653877349 2.47372870136782 2.80162692751556 
0.859467973380834 2.10416060629306 3.03136328874043 
4.5445270809229 3.24480218460365 3.94682321917197 
4.08101101040498 5.5111798116998 5.76317343748781 
4.16252210168327 5.28728303528259 5.98792541723441 
5.18475092952296 2.64305411263509 6.433306243876 
5.06403829799664 2.81666271051369 6.5348590962473 
1.99120289650295 5.60159717440443 5.92919188173192 
1.90474766354389 5.04607910335713 5.84006786075277 
0.554110240557406 4.47029658672501 6.78489220719514 
0.8444701789664 3.51753933151507 5.05939755810101 
0.999549702609387 3.68981838201584 4.87788249322351 
1.36641521986578 6.34497562675294 0.511946462940032 
4.63192934683284 6.09733157297729 1.01681257148795 
4.96563323690058 6.13208397319405 0.966247397786558 
4.86972813614722 3.28437488512348 3.46483622445324 
4.6423029619014 3.05030867411647 3.75024697750537 
0.291527551345452 3.51340357331399 4.40754406190853 
0.525048780987003 3.77084093420432 4.27338296757487 
3.83024444173478 6.48836063121239 3.60610850401676 
4.80340278422282 2.00258679776503 4.10989422171078 
3.29983355956532 5.97755665992705 1.05369314367706 
3.51286505726123 5.99526460136325 0.766179488248157 
6.43691271266556 1.55687827664329 4.28500461279482 
6.64220612309274 1.74643554458465 4.19593797415334 
0.273930278872661 3.95140485447382 4.26683795267243 
4.7616756840046 1.44170308587441 5.3780220820835 
3.99626430392893 6.71590747495261 3.25498116422227 
0.841833092005 4.38581891804204 6.80849973788908 
4.8950407767394 1.69701246120011 4.00264890242895 
6.67516212428687 4.66854771827051 2.09669594503707 
6.59477829953599 4.40864791076637 1.89717566789517 
6.82816077942153 4.67654770019107 1.94255453248597 
6.70695811179634 4.43507680449146 1.80799625049346 
4.73134534582528 5.86515111933579 1.16322555143996 
4.99533879394603 5.91430646348282 1.10459808255577 
3.03496745343385 2.841393428748 2.45138466318526 
3.06198150711415 2.97378141689735 2.12919953550152 
2.05258525302394 5.6965238380806 5.57097646355239 
1.98626531972638 5.17376040494482 5.4217734987325 
4.70843424324791 2.28525500398532 1.0304259628942 
4.40526723306249 1.96514748990194 0.792901785303204 
4.55389108395643 1.66204910808018 0.921080414249973 
4.87481958590965 1.90747989696566 1.15019775575062 
2.99215822261965 1.50567299525974 3.37079090041602 
3.79479891950455 1.51513459999915 1.57941389274571 
3.9164645210462 1.55985050668726 1.0865879854692 
4.05422662738145 1.67018592739095 5.395798233784 
4.32169619482592 1.58630974944659 5.17273280625695 
4.65235814177774 4.38376461720206 1.5326440924296 
4.04417229524195 4.50574084293557 1.37317094007301 
4.24218552381048 1.32063773695694 1.51472538534982 
4.25981493786664 1.39287536343585 1.11284922074186 
3.11209581662879 6.18682576836404 0.849165594323642 
1.37004781377744 5.68792643164798 2.77799173157758 
1.08048232326803 5.70360250107978 3.02959359605359 
2.02606285573154 1.90257829386425 6.17905830711537 
2.02291568685728 1.66673986832857 6.35119964784116 
1.17691134128992 5.86916424598199 2.68496358349835 
0.988070114150682 5.84883882589315 2.90380565176239 
1.82368336535899 6.57685231764122 0.845991611374024 
2.94665494421928 1.62243636798404 3.2418353007832 
2.6104046999684 1.725716736169 3.27580208025997 
1.50693893242533 1.7844701387971 0.949334021471903 
1.12859000187989 1.86754534997311 0.580375466958663 
5.36919610160875 4.09823272513501 3.60094532207573 
5.75673153870617 4.18853363504218 3.20276128123723 
2.49563418829386 1.59864723376637 3.46589563180479 
2.70498161615509 1.44659465403337 3.5856559401776 
0.559815909367632 1.47004376813638 2.92115597676616 
6.59750224513591 2.89833372483587 2.25031391806354 
6.45037870613549 2.12557792814887 2.00083845847519 
6.52183220896517 2.02954608311651 1.56717517468893 
0.719615266698304 1.64268484397485 2.75580740116391 
0.495283513137988 1.77509722504645 2.40599950361177 
5.96905562677593 2.15508496669906 3.85735491991976 
5.97929272561424 0.111575885974535 3.23388373825835 
4.32487058694775 1.79918683543488 2.55528642086805 
4.85384370814898 1.17445089371029 5.70264132896079 
1.26074486155529 1.02312330475532 5.77081550534773 
4.06236060389464 1.67529476712127 2.69735737182165 
3.77732978993737 1.80841577859216 2.49759893316477 
4.60693138104324 3.97593455543825 3.1477190780905 
5.1781746283108 4.39065167502866 3.30039179617373 
5.51015074414044 4.40164013110379 3.03349872072393 
1.02724857481034 2.3011553625557 0.69067267582555 
1.45254685473253 0.806230691410403 5.89676286177318 
1.59130394956326 0.867447925883022 6.15141030986878 
4.78369438283104 1.40588568026709 5.66434291422127 
6.11864130363658 0.652208871752476 2.87491671683281 
5.82580962382644 0.496163311455785 3.05331527396592 
4.51788100958587 1.0708568877623 6.06262120315274 
1.13090215567861 0.218086374060663 4.54381091785712 
3.88991277125129 3.36453955822748 1.89401609400851 
1.36436734032847 0.223998974077021 4.47708109589732 
1.49907316599063 0.270599329597604 4.03256947924377 
3.02137892121408 0.321625308868486 5.75957254071153 
3.59222802966285 0.651933356476934 5.76808553167462 
6.78388496582147 2.50415948373567 2.15591427855604 
0.545241330612425 3.43524152861265 1.32529078280953 
5.98287129039738 4.73742251172507 0.084272120642258 
6.29639132910985 4.72146587473269 0.0821598170350607 
1.21170118465518 1.44143237315309 5.99893193850984 
1.49261087685418 1.3121520758663 6.30608341900128 
4.63217685429559 3.57105663709012 3.86904276393896 
4.84147410190807 3.59057278169345 3.59954998701676 
1.86519110783241 2.84808683507393 2.81222871207995 
1.67593228712916 2.60544414800066 2.53083781625457 
2.73937212687306 5.57746655940323 4.22809425439556 
2.62181617777748 5.36063348473802 3.74077121256071 
6.42487056653954 0.471553227971419 2.86324578289562 
6.43899802441273 0.219800991410128 3.01277534438699 
1.11155846543065 0.724430424596902 2.06476320503626 
1.49390305559521 0.441761959877798 2.0538924930406 
4.14712861731054 1.57528263346067 5.86951513473619 
4.42567862582347 1.45976818791691 5.95429181030762 
4.00267917128514 2.71059278532788 1.4785376152627 
4.11379132382258 3.14137847983792 1.33311378328453 
1.40840884319245 6.95508486939077 4.63006516338834 
1.18923639617442 6.94487447961328 4.69996491933423 
1.01977006624635 0.610109727610985 2.32796902777157 
1.32931046495237 0.346354886112858 2.37358700387779 
3.4726710182556 0.926687476745067 5.39421752292711 
3.05743880620747 0.761661317127023 5.32116885768987 
4.2566124851668 1.94657855780671 2.30298799731946 
4.00033735618138 1.97613676474884 2.2537118489015 
3.37292373788028 5.3766957021667 4.04762991649065 
0.62565963294186 3.96678444021897 1.37063227226961 
5.03079196919398 6.29940790968611 6.16494006604289 
5.36896748214773 6.21823495240758 6.10012222619782 
4.18947112581866 1.83311696111739 6.09287580432907 
4.45527403617342 1.68156798683529 6.15664270330707 
1.44000256449035 2.62629757543629 2.79197357947163 
1.60197238273154 2.81305971844865 2.98536181661085 
5.08858891183144 6.00171728206034 6.23387936636109 
5.33966527362591 6.00309612533716 6.17121535239084 
1.37812051863598 2.58728871367089 0.847943518785513 
1.65331876823282 2.33557979011176 1.09427532527849 
5.37930904728318 2.68696168246773 3.56581818914059 
5.00956168540585 2.59740337055511 3.83347259177279 
1.09150883906556 2.36458896157299 0.826336618688443 
1.45058293520059 2.07953505028583 1.10485123071724 
3.15386828087078 6.12454762541754 4.37953692247274 
5.94016283803951 4.41275798933888 0.0446990860609217 
6.19248872863037 4.34880802460243 0.0467237413473436 
1.76540211086267 0.772333859622839 4.59562430972614 
5.82880062016375 2.07898898080763 5.57693711314448 
5.73442029051084 2.50751886662238 4.02794291275059 
3.05610824851346 6.56265867962771 4.20038947999913 
2.04382482661215 6.11524830272405 4.60558329434736 
4.06229993443394 2.40349728161173 2.19199062207409 
3.81746520522799 2.82302537317721 2.37081184534261 
5.70244331190427 1.56514216686563 3.96524603790363 
5.45628012641343 1.60063197260246 4.19559275863068 
5.50455770375663 2.26661346436809 2.85484040947401 
5.65763337697886 2.1852127282193 2.27127791507856 
5.58395321501053 1.77793080859521 4.32690298052622 
5.82508239250924 1.74999742657874 4.09489668642435 
2.02360894678689 6.33453939274709 4.48940985952635 
1.70711883511719 6.37418846148339 4.28575847263049 
5.54355896387018 1.89855729196385 2.87627373398257 
5.67652985445692 1.78660017407857 2.45311725245571 
5.84434448627327 1.44890185798017 6.09012627589146 
6.12798425882899 1.73747268934294 5.88204364063621 
1.47948170424969 6.07066782206313 4.28007784224711 
1.63887790286329 5.83933857922279 4.48238262348422 
5.10366438263337 1.74807979667738 5.82547777206148 
5.21749536615747 1.98809563224861 5.58169925562919 
3.86704495147764 2.64162073233329 1.7405824026083 
3.71757601663063 2.95428403620687 2.04959385863475 
3.54468155147367 0.577506173747294 2.83258614914944 
2.2844921784043 0.514622031019927 3.99871320872501 
3.86981720148078 0.468765580809431 2.20025775374706 
3.71830646571877 0.774527253028909 2.52539587103146 
4.55593983901359 1.0173536906063 0.787077490779599 
4.38904281343653 1.01879802061101 0.938713020379477 
4.27257785747919 0.877191187372846 0.787749633196046 
6.34868219196227 1.94816310715556 6.27177652723055 
0.838663074823546 2.07265498529207 3.74841045013216 
0.653202647929444 2.09335853775115 3.42702740244909 
2.58353909011233 0.390689480696684 3.47657630790408 
2.49989145122357 0.689715591826432 3.66508732325732 
5.45472218414209 2.07187587284218 4.43255979136173 
5.12480903284807 2.20756827445279 4.3801305297197 
5.52738372641865 2.43394153044223 4.30534558090003 
5.21561616448103 2.47609889429126 4.28651484535859 
3.35463241991537 6.19866199707606 4.8118391189516 
3.40418649431262 6.48196180589726 4.91128659798332 
3.21147012333037 6.14328883670087 5.07271952503742 
3.2951378321422 6.45648359640511 5.12478713031951 
0.264891640297024 1.27158120502188 5.61743453154276 
0.599225515734597 1.15955459156418 5.90557758688109 
1.56478563290483 1.04450808304438 3.7457625193662 
0.622456890535478 4.31284915535134 5.44295700630558 
0.764554342261322 4.52193016350812 5.70615834926306 
0.679543943950928 4.34510334008252 5.93431388328343 
0.49777243241869 4.07508152140579 5.69374319555987 
0.625316818995553 1.63954979372634 3.82470467203115 
0.471744860225533 1.76835952874734 3.44568630563877 
4.03414692862298 4.63485156958745 5.77714163937351 
4.26803133390724 4.44417188556214 5.79911773552891 
3.88549019596105 4.50724742153458 5.92899121156741 
4.09329332942831 4.30348888149253 5.97586291238167 
6.18047629408141 2.44150603797288 6.40627079774084 
3.68927514104268 3.40776519642105 3.76373252169744 
3.38422857242168 3.49076522669649 4.08216433724677 
3.64852630537535 3.67139308417588 3.68102795826022 
3.39229114262245 3.7673254738883 3.94107012662354 
5.88160556153934 2.71539316344085 6.15339410921278 
6.0920692337812 3.01387070066612 6.15678209275061 
1.81890483861389 0.814485202526205 4.51641552203733 
1.79213135450134 0.653850340395447 4.09645623964377 
2.00515724944718 6.83813448022414 5.04303609904594 
1.84759108153576 6.9644998767709 5.05715709039015 
3.13676767858182 1.70907889053351 4.37679554888472 
3.15799130699098 2.315658715533 4.45809917925634 
3.01110874166059 1.92812127487968 4.55351469694226 
0.702823462656798 0.652398800270036 5.21939383710735 
0.875086896427831 0.728749159856897 4.83921965826165 
0.344478258032931 0.795251712058963 4.99103584410807 
0.602082347178509 0.842158371655424 4.69425182314392 
2.82012637212703 3.29415009033608 2.71984899514856 
3.12844146190056 3.77338712707242 2.96545322139737 
3.17300581999655 4.02760446827254 2.71979703477041 
1.64277350521459 1.59781454978234 4.23762974012379 
1.56159600566004 1.61120640547552 4.01085369671334 
1.53545352715075 1.41225741803082 4.26026043528297 
1.46192997198495 1.42511533996188 4.0502624507781 
1.25604999823756 1.65576308107764 5.85646178012284 
1.60644309107335 1.95886341419239 5.87656864377003 
1.78818516963519 3.93623855051606 5.17922436021351 
1.72141475263526 1.92034097328376 5.47516590370103 
1.43280495114051 1.64637820469626 5.41319341781358 
2.66969047283279 4.5176381357509 4.89030296216513 
1.83142819212887 3.75873960311385 5.87735198236654 
2.29532232119669 4.12251337207696 5.72256520268727 
1.91076796793796 4.02115916476872 5.72041804235714 
2.54403865320791 4.12461651800787 5.11026152307079 
2.25570964279678 4.00531789601057 4.85709245273001 
3.14254243714546 4.85633083351689 4.89143961843419 
2.82910979414106 4.96387803750897 5.042214946456 
3.09549007966586 5.03383745233368 5.31301614301867 
3.31732229352837 4.9253877125995 5.15001706184569 
2.53960954252045 3.76879529185525 5.95236822719449 
2.22036437550169 3.45710162451551 6.07732240306038 
6.59164590830277 3.78380181878573 5.12839319038742 
6.7157274906723 4.17770416682075 5.2210852570556 
6.65819236202062 3.68784708511497 5.47735701674507 
6.76789211380178 3.97709928946708 5.60024536768851 
2.42922339173591 4.39234520599918 4.29644241096619 
2.23020476378547 4.19246761616769 4.3830302235964 
2.38035681305402 4.47510074153986 4.58144362349905 
2.20172311560393 4.26833733084641 4.59105308749894 
3.48764854000154 4.94160475304813 2.14292641220427 
2.89705233736348 4.96762838898137 2.43591364319261 
3.31538781995751 5.20879852202383 3.60400934798143 
3.07398242612556 5.17305664978012 3.51040768218501 
3.14071128483515 4.9362481986135 3.4819778612424 
3.37084258436904 4.99769406223926 3.57900639740434 
2.89144066791345 3.32275007025391 2.0491555019642 
3.1105439278449 3.67278445239939 1.93608016580069 
2.76204410216052 3.47098833727291 2.26327454318212 
2.91294457573569 3.78298557143186 2.21304039062744 
3.11847998248013 4.60267706115205 2.82883668870366 
2.48966706338782 6.01384920463644 3.37472041833455 
2.86964434605135 5.47977083046648 3.13735068832371 
2.51501879540103 5.598341948745 3.37455391675317 
1.20029402235978 2.75228479316323 6.62960831178362 
1.46745374524675 2.76772433614639 6.70390189978913 
4.05588164318493 1.76731372540553 3.14761638123016 
3.57031919447722 1.96682209861332 3.39849524330733 
3.49397395480104 1.71474165900854 3.580606413924 
4.10605597478743 1.19473148356991 3.43378619141432 
3.91577397963461 1.17192596548749 3.57459818748816 
2.53430910523972 0.424925858316258 5.89682288368127 
2.31739833043708 0.769751112582093 5.77500233153782 
2.25023783426968 0.837064737127881 6.04433518764222 
2.35569464498329 0.631509359787852 6.19102735321235 
4.15132258612223 2.44947355026541 3.50050074490724 
4.1314794673284 2.77104828155822 3.39712752386137 
4.28424553140962 2.49168582394346 3.72504531516937 
4.31589456637283 2.86473195903888 3.69107763797433 
3.77593903953217 4.80659251266531 3.24189822072746 
4.42335778389902 4.98461674115895 2.5181709826481 
4.3856939996923 5.11012142469595 2.94179420538762 
4.12370795204529 5.16971142123683 2.91025093136058 
4.05669532404429 5.06323917336283 2.51104035884608 
2.44527057464237 6.44464574099357 2.13727515508752 
2.6124277611187 6.83453546954063 2.10053467249487 
3.20723402202826 5.91303603629441 2.66335108872496 
3.05593611672487 6.22672221964603 2.77810835630475 
3.13546132787723 5.83406301883952 3.01603927124745 
3.01833959655355 6.11669947157351 3.0557148056019 
2.58107555914195 6.50767127907484 2.4801191319372 
2.70256694922439 6.79287907405337 2.44137455739237 
3.69770374292929 5.24402027174408 1.538418582242 
3.82344405463445 5.48441839361858 1.87595417719182 
3.99825999825465 5.1373434921229 1.31709495806109 
6.62263624189228 3.13828579657541 1.11036585531006 
6.0604572012291 2.29706372393993 1.12583545133691 
6.05485288544 2.11742451582914 1.32198801845979 
5.9258343950374 1.80205639766142 1.14741273095182 
6.16676665539694 3.42139143297449 1.50439513700152 
6.15135997269834 3.29786321084602 1.20902090454907 
4.83727548691862 4.79278281342779 1.52528869329263 
3.45466977451741 4.10559716827025 2.70174719747919 
4.83605774977677 5.1914993576804 2.07309451907029 
4.97935860485755 4.96617405397128 1.97576860925142 
3.44024964128787 4.51918381525914 2.76809037253584 
3.68194379615352 4.72471821098158 2.35956799212427 
4.45156683321111 5.29622620528748 1.42505325592976 
4.46443681052931 5.46209803976373 1.68258830280891 
3.9275383826563 4.30304514368444 4.02911625658658 
4.0286659144301 4.60991432831179 3.45261994041454 
3.94270587029414 4.639984305148 3.88306569078684 
4.05934201222033 4.10004081541199 3.37301370866598 
4.00797238275906 3.95693679463314 3.69176604790961 
5.64194133052407 1.83745963225459 0.78411574715345 
5.68686558212901 2.15305988262533 0.688750257787572 
5.93406987230374 2.0907751748977 0.814902151460002 
5.88884044740772 1.85666969147309 0.873166535056906 
5.24475392769256 5.12061834283586 2.03798272423509 
5.53921171758472 5.05706094125387 2.2534253310672 
5.63010487782121 5.16070106762766 1.78394428877397 
5.77261476260368 5.095493584454 2.07310793388522 
4.28628443194819 4.16586560993476 2.09879696287942 
4.09793394588496 3.82199849187842 2.22867733422943 
3.78527163246875 3.99493955605178 2.14911949557709 
3.88198263597175 4.2520100441908 2.05140052867778 
POLYGONS 1595 9768
6 3 1 1582 1585 2 535 
4 4 3 535 1216 
5 5 901 2 1585 1584 
6 2 535 1216 1529 1531 901 
5 0 599 1179 1069 1068 
5 0 5 1584 1583 599 
5 0 5 901 1531 1068 
4 1042 1069 1179 1451 
7 599 1179 1451 1469 1 1582 1583 
5 3 1 1469 615 4 
5 4 615 1485 1529 1216 
5 1042 1451 1469 615 1485 
6 6 787 942 941 1071 985 
5 6 985 1070 1108 1107 
5 10 11 8 752 1197 
5 752 1197 1432 1453 1231 
6 7 979 1118 10 1197 1432 
5 11 9 1117 1118 10 
5 12 639 1285 1284 1610 
5 13 721 1328 1329 864 
6 13 14 1364 1365 889 721 
5 863 864 1329 1111 576 
5 16 15 863 576 507 
5 15 14 13 864 863 
6 15 14 1364 1396 969 16 
5 26 21 23 19 1041 
6 25 22 629 1486 1487 1164 
5 19 18 24 20 23 
5 23 20 25 22 21 
5 585 586 658 1092 27 
5 28 29 17 27 585 
5 585 586 972 594 28 
5 36 35 30 493 698 
6 32 37 38 36 698 699 
5 35 30 34 31 33 
4 37 38 747 39 
6 35 33 746 747 38 36 
6 675 880 1459 1511 1493 1143 
4 596 1097 1162 1203 
6 42 798 1030 1043 596 1097 
5 936 937 40 1030 798 
5 42 798 936 1185 1014 
5 42 1014 1163 1162 1097 
6 41 40 1030 1043 1436 1460 
4 41 40 937 881 
5 675 1143 1163 1014 1185 
6 880 881 937 936 1185 675 
5 880 881 41 1460 1459 
5 43 44 1467 1143 675 
6 43 44 1394 1395 1385 1386 
5 43 675 880 1383 1386 
6 46 1388 1394 44 1467 1468 
5 716 1384 1385 1395 1389 
4 1467 1468 1493 1143 
6 716 717 1459 880 1383 1384 
4 45 717 1459 1511 
6 45 46 1388 1389 716 717 
5 45 46 1468 1493 1511 
5 661 662 674 1060 49 
5 47 573 828 49 661 
5 49 828 48 1061 1060 
5 548 1018 1530 1532 1074 
5 50 548 1018 1017 1236 
6 52 2 901 787 942 1346 
6 50 51 737 1167 1074 548 
5 51 737 942 1346 1287 
5 52 777 1237 1287 1346 
5 50 51 1287 1237 1236 
4 52 2 535 777 
5 567 568 842 841 714 
4 841 842 991 1307 
6 700 805 568 842 991 992 
5 54 56 53 701 702 
5 53 55 700 805 701 
6 56 53 55 61 60 58 
5 60 61 1178 1306 1316 
6 59 54 702 567 714 648 
5 59 54 56 58 57 
5 61 55 700 992 1178 
4 59 57 1317 648 
5 58 60 1316 1317 57 
5 567 568 805 701 702 
4 41 870 63 1460 
7 62 66 839 865 881 41 870 
6 63 64 604 717 1459 1460 
4 64 65 1006 604 
5 67 504 738 843 950 
5 504 505 686 1003 67 
6 843 846 1370 1362 1004 950 
4 67 950 1004 1003 
7 70 69 871 1280 1249 1517 1518 
5 68 1385 1395 1518 1517 
5 68 966 491 1386 1385 
4 68 966 1249 1517 
5 43 492 825 491 1386 
4 731 732 982 872 
5 731 824 1280 871 872 
6 43 44 926 982 732 492 
5 70 69 926 44 1394 
5 871 872 982 926 69 
4 1394 1395 1518 70 
6 72 73 74 71 1220 1221 
5 550 690 1244 659 1341 
5 79 75 76 695 822 
6 79 75 1417 1416 1035 78 
5 1034 1035 1416 1412 80 
5 79 78 1455 77 822 
5 1034 1035 78 1455 1463 
5 824 1032 503 1281 1280 
5 81 7 979 731 872 
5 731 824 1032 1049 979 
5 1308 1377 83 1653 1654 
5 86 85 87 1253 1378 
6 83 92 93 86 1378 1377 
6 91 82 92 83 1653 1647 
5 1308 1309 1217 1649 1654 
6 87 1253 1309 1217 1664 1666 
4 84 89 82 91 
5 84 90 88 94 89 
7 91 84 90 1666 1664 1650 1647 
5 86 85 88 94 93 
5 88 85 87 1666 90 
5 94 89 82 92 93 
4 1649 1650 1664 1217 
5 76 664 1037 1064 695 
5 95 96 503 1032 1033 
4 97 99 1571 1445 
5 98 947 1611 1610 1284 
6 99 974 1284 98 1572 1571 
5 946 947 98 1572 1399 
5 911 1001 1464 1463 1034 
4 100 815 102 1002 
5 80 997 1079 911 1034 
5 103 104 101 997 1079 
4 644 705 112 1340 
6 106 110 105 705 644 614 
7 107 112 705 105 1559 1165 806 
6 55 700 1166 1119 1075 1076 
5 108 109 53 55 1076 
4 534 1075 1119 1558 
6 109 53 701 111 1339 613 
6 106 108 1076 1075 534 110 
5 108 109 613 614 106 
5 111 107 806 805 701 
5 111 107 112 1340 1339 
5 110 105 1559 1558 534 
5 115 1 1469 1598 1601 
6 116 115 1601 1600 114 1099 
5 117 1576 113 1582 1583 
6 113 116 1099 1592 1594 1576 
5 115 1 1582 113 116 
5 599 600 1155 1243 1179 
6 114 832 1242 1452 1599 1600 
4 114 832 1592 1099 
5 117 600 1155 1594 1576 
6 1242 1243 1155 1594 1592 832 
4 599 600 117 1583 
6 567 568 1567 1569 1045 118 
6 1331 1337 976 1567 1569 1553 
4 119 1331 1553 1488 
5 118 567 702 1574 1575 
5 120 121 119 1488 1160 
5 107 806 976 1337 1140 
5 118 1045 1160 120 1575 
7 111 107 1140 121 120 1575 1574 
4 701 702 1574 111 
5 121 119 1331 1337 1140 
5 805 806 976 1567 568 
4 127 743 122 1189 
5 122 123 125 1479 743 
5 124 123 122 1189 1147 
5 124 123 125 971 970 
6 734 970 124 1147 1113 1114 
6 128 735 971 125 1479 1480 
5 734 735 128 1324 1114 
5 126 127 743 1479 1480 
5 1324 1325 126 1480 128 
6 126 127 1189 1147 1113 1325 
5 16 129 845 945 969 
6 129 130 803 1355 1403 845 
4 16 129 130 507 
5 134 131 133 132 711 
5 711 712 1036 1157 134 
5 131 133 135 754 753 
6 134 131 753 605 1158 1157 
5 136 106 614 753 131 
5 106 108 682 681 136 
5 131 136 681 724 134 
5 723 724 134 1157 1056 
4 876 1047 139 1587 
5 623 723 1056 890 1586 
6 137 605 753 614 613 1048 
4 137 138 1158 605 
6 137 138 879 876 1047 1048 
6 138 879 890 1056 1157 1158 
7 139 109 108 682 623 1586 1587 
5 139 109 613 1048 1047 
6 1188 1193 615 1485 1491 1267 
6 1091 1188 1193 1192 1634 1635 
5 1598 1599 1608 1634 1192 
7 897 909 1042 1451 1452 1609 1607 
5 739 896 910 1491 1267 
6 896 897 1607 1635 1091 739 
5 1192 1193 615 1469 1598 
4 1452 1599 1608 1609 
5 141 549 142 707 708 
4 50 51 140 1321 
5 146 144 1192 1634 1632 
6 589 1597 1606 1600 1599 1608 
4 143 145 146 1632 
6 143 145 849 1596 1597 589 
6 144 1192 1598 1601 1625 1628 
5 143 589 1608 1634 1632 
6 146 144 1628 1629 849 145 
5 1176 1236 50 1321 1311 
5 607 748 1310 1311 1176 
6 505 607 1176 1236 1017 686 
5 147 148 692 549 141 
5 692 693 1132 1290 148 
4 66 839 1312 1294 
5 1224 1225 1348 1313 608 
5 149 541 1225 1348 1349 
4 133 135 1473 540 
5 132 149 541 540 133 
5 3 535 777 624 572 
5 4 1003 686 1017 1216 
6 4 3 572 957 67 1003 
7 572 624 1161 1177 1029 1028 957 
5 67 504 1053 1028 957 
6 151 630 150 1087 925 924 
6 152 151 924 902 1605 1604 
6 153 154 1113 1114 1602 1603 
5 152 734 1114 1602 1604 
4 154 1113 1147 1148 
5 153 154 1148 1088 155 
6 150 124 1147 1148 1088 1087 
5 155 903 925 1087 1088 
6 153 155 903 902 1605 1603 
4 150 124 970 630 
5 152 151 630 970 734 
4 156 694 1239 766 
6 156 766 897 909 1501 1502 
5 1331 1332 1514 1554 1553 
5 1501 1502 1461 1556 1555 
4 70 69 1170 759 
7 70 759 778 779 157 1388 1394 
4 46 158 157 1388 
5 158 157 779 553 518 
5 759 778 1515 1171 1170 
6 518 553 1516 867 1423 1424 
5 926 927 1420 1467 44 
5 867 868 927 1420 1423 
6 926 927 868 1171 1170 69 
5 46 158 518 1424 1468 
6 162 163 161 159 1584 1585 
6 159 160 166 117 1583 1584 
5 161 159 160 891 1057 
5 166 117 1576 1580 1578 
6 160 166 1578 1586 890 891 
5 163 161 1057 1056 723 
6 162 163 723 623 164 165 
5 164 623 1586 1578 1580 
5 113 165 162 1585 1582 
5 165 164 1580 1576 113 
5 167 169 143 589 174 
6 167 168 15 14 804 169 
6 174 167 168 171 170 652 
4 171 168 15 863 
5 143 145 1026 804 169 
5 849 1596 173 1638 1639 
4 145 849 1639 1026 
6 13 14 804 1026 1639 1638 
4 174 589 1597 652 
5 172 173 1638 13 864 
6 172 173 1596 1597 652 170 
5 172 170 171 863 864 
6 177 175 1607 1635 1633 1636 
4 175 766 897 1607 
5 177 175 766 1239 1240 
5 796 1120 1633 1636 1637 
5 176 795 830 1319 1523 
6 174 179 860 1609 1608 589 
5 177 182 988 1630 1636 
5 177 175 869 730 182 
4 181 183 1630 988 
6 178 180 181 988 182 730 
5 175 869 860 1609 1607 
5 178 179 174 167 180 
5 178 179 860 869 730 
7 183 169 143 1632 1633 1636 1630 
5 167 169 183 181 180 
5 564 565 185 1342 184 
6 185 186 882 550 1341 1342 
5 569 570 848 725 189 
5 187 188 190 189 725 
6 847 1291 1524 671 1411 1410 
6 188 190 835 836 795 830 
5 176 672 800 836 795 
5 190 189 569 788 835 
5 847 848 570 1405 1410 
6 835 836 800 1387 1404 788 
5 671 672 176 1523 1524 
5 187 188 830 1319 1320 
6 187 725 848 847 1291 1320 
5 671 672 800 1387 1411 
6 47 525 715 191 1083 661 
5 719 720 858 781 722 
5 721 722 719 990 889 
4 192 818 1121 1038 
5 941 987 1038 192 1071 
5 721 722 781 1289 1328 
6 519 520 640 193 1539 1538 
5 194 12 639 640 520 
5 1230 1352 1371 519 1538 
5 195 199 904 676 883 
5 676 677 521 884 883 
4 197 645 1138 905 
5 676 677 197 905 904 
5 1019 1020 196 1360 198 
5 197 645 1275 521 677 
7 904 905 1138 1139 1080 1044 199 
5 200 204 537 687 493 
4 200 493 30 508 
4 203 820 650 1182 
7 30 34 892 893 202 509 508 
5 205 201 203 1182 1183 
6 1197 1198 208 1314 1315 752 
5 211 783 208 1198 1136 
6 209 206 571 212 680 679 
5 206 207 211 783 571 
4 209 206 207 210 
5 212 571 783 208 1314 
5 752 1231 1293 513 1315 
6 210 207 211 1136 1433 1419 
6 209 210 1419 1454 1292 679 
5 212 680 513 1315 1314 
5 204 537 769 1124 967 
7 213 666 801 802 770 769 1124 
5 189 638 801 666 725 
6 200 190 189 638 698 493 
4 688 699 802 770 
5 188 190 200 204 967 
5 213 187 188 967 1124 
4 213 187 725 666 
5 214 215 1508 1010 216 
4 220 215 214 558 
6 216 214 558 1123 1248 1247 
5 216 1010 1058 1260 1247 
6 1084 1085 1058 1260 1261 218 
6 1010 1058 1085 1072 1507 1508 
5 656 657 218 1084 1073 
5 219 656 1073 1072 1507 
6 220 215 1508 1507 219 217 
5 218 657 1200 1207 1261 
6 217 219 656 657 1200 1199 
5 220 217 1199 1123 558 
5 221 227 233 228 226 
7 221 224 225 703 223 230 227 
5 226 221 224 229 222 
5 226 222 231 232 228 
5 231 222 229 894 621 
5 703 704 727 728 223 
5 223 230 978 774 728 
5 229 224 225 895 894 
7 704 727 1255 1254 621 894 895 
5 232 231 621 1254 908 
4 703 704 895 225 
5 230 227 233 977 978 
6 233 228 232 908 993 977 
5 83 719 722 1640 1653 
5 721 722 1640 1638 13 
4 1027 1146 765 1256 
6 1026 1027 1146 1308 1654 1639 
4 235 234 1356 775 
6 83 719 990 234 1356 1377 
5 235 234 990 889 1365 
4 14 804 1257 1364 
7 235 775 765 1256 1257 1364 1365 
4 744 780 776 1357 
4 217 219 236 1279 
5 9 538 1441 1414 1117 
5 243 10 1118 1504 1503 
5 538 1134 239 1413 1441 
5 237 242 11 10 243 
5 237 242 1135 240 622 
5 243 237 622 1497 1503 
5 241 931 1414 1441 1413 
6 1117 1118 1504 1498 931 1414 
5 238 239 1134 1135 240 
4 238 241 1413 239 
7 240 238 241 931 1498 1497 622 
6 11 9 538 1134 1135 242 
5 208 1314 1366 1500 1495 
6 49 244 1499 1500 1366 1060 
5 244 595 784 1496 1499 
5 783 784 1496 1495 208 
5 212 674 1060 1366 1314 
5 212 571 1082 662 674 
5 49 244 595 1083 661 
6 245 246 1611 947 1047 876 
5 247 248 127 1189 1190 
6 251 1311 1321 140 1471 1472 
6 249 253 1214 1310 1311 251 
5 251 249 252 250 1472 
6 255 740 826 254 1440 1439 
5 254 494 707 142 1440 
7 259 1098 256 1195 1196 1127 1126 
4 257 956 1196 1127 
6 256 856 1669 1668 500 1195 
6 258 501 956 257 786 1031 
4 500 501 258 1668 
6 1030 1031 258 1668 1669 1043 
4 596 856 1669 1043 
5 596 856 256 1098 1097 
5 257 786 799 1126 1127 
5 42 259 1126 799 798 
4 42 259 1098 1097 
5 260 264 1187 1536 1537 
6 260 262 263 1009 1008 264 
5 261 262 260 1537 813 
5 214 263 262 261 558 
5 261 558 1123 1066 813 
5 1008 1009 216 1247 637 
4 214 263 1009 216 
5 923 1067 1536 1187 1232 
5 637 1008 264 1187 1232 
5 923 1232 637 1247 1248 
5 265 510 943 758 757 
5 758 943 729 1343 1229 
5 907 1106 1227 999 1228 
6 857 1648 1651 1625 1656 1658 
5 1549 1550 267 1655 1659 
5 266 857 1658 1659 1549 
5 1211 1566 1648 1651 1606 
5 266 857 1648 1566 1565 
5 1099 1100 1133 1210 114 
5 116 267 1550 1100 1099 
5 1210 1211 1606 1600 114 
5 116 267 1655 1657 115 
5 115 1601 1625 1656 1657 
6 1100 1133 1565 266 1549 1550 
6 273 274 271 1444 1487 1164 
6 25 270 272 269 273 1164 
4 274 271 631 275 
6 88 94 1443 1444 271 631 
6 275 269 272 90 88 631 
4 275 269 273 274 
5 84 89 629 22 268 
4 25 270 268 22 
5 268 270 272 90 84 
5 94 89 629 1486 1443 
7 276 277 1373 1375 282 649 713 
4 277 278 635 1373 
5 276 277 278 287 285 
5 284 279 772 281 1191 
6 280 281 772 771 283 286 
5 290 24 18 288 289 
5 293 291 803 1355 559 
4 291 292 130 803 
5 293 291 292 963 539 
5 726 845 1403 1096 1213 
5 1095 1096 1403 1355 559 
6 129 130 292 963 1258 1302 
6 293 539 641 1212 1095 559 
4 129 845 726 1302 
6 177 182 1150 100 1002 1240 
5 988 989 1149 1150 182 
6 213 187 1320 1001 1464 1456 
4 1124 1125 1456 213 
6 284 279 556 948 963 539 
4 282 294 295 649 
4 296 292 963 948 
5 563 1015 1035 1416 1344 
6 809 1016 912 1535 1570 1568 
6 911 912 1016 1015 1035 1034 
6 545 1521 1540 998 1570 1568 
6 544 545 1521 1522 1344 563 
5 1412 1416 1344 1522 1541 
5 544 563 1015 1016 809 
6 997 998 1540 1541 1412 80 
5 71 74 297 249 252 
5 298 253 249 297 697 
4 34 31 299 892 
5 527 740 826 536 878 
5 300 964 1318 1623 1621 
5 300 1612 1613 1208 1621 
5 301 733 840 1372 1363 
6 303 301 733 900 1215 1209 
6 302 964 300 1612 1615 1272 
5 303 301 1363 1318 1623 
5 1271 1272 302 1372 840 
5 302 964 1318 1363 1372 
5 1208 1209 303 1623 1621 
6 566 815 100 1150 1401 1402 
5 280 281 709 1401 1402 
6 709 710 304 1149 1150 1401 
4 709 710 1191 281 
5 302 306 696 965 964 
5 306 307 243 1503 696 
7 964 965 1102 305 1481 1482 1318 
6 243 237 1418 1500 1495 307 
6 237 622 305 1481 1490 1418 
5 696 965 1102 1497 1503 
6 302 306 307 1495 1496 1372 
4 305 622 1497 1102 
5 310 286 280 1402 1398 
7 312 310 1398 1397 308 954 496 
5 313 308 1397 1401 709 
5 313 308 954 1062 524 
6 523 524 313 709 281 772 
5 523 524 1062 610 309 
4 309 311 497 610 
5 309 311 771 772 523 
4 312 310 286 283 
6 312 283 771 311 497 496 
5 315 179 178 308 954 
4 178 308 1397 730 
5 316 314 1261 1260 785 
6 316 496 954 315 1046 785 
5 785 1046 1059 1058 1260 
5 314 312 310 218 1261 
4 316 314 312 496 
5 315 179 860 1059 1046 
4 310 218 1084 1398 
6 317 660 1070 1108 1350 1351 
5 0 5 6 1107 499 
4 166 317 660 160 
6 166 117 600 1382 1351 317 
5 159 160 660 1070 985 
5 5 6 985 159 1584 
6 0 499 1381 1382 600 599 
5 722 781 592 1393 1640 
5 318 82 92 689 859 
5 83 92 689 720 719 
6 592 781 858 859 318 838 
5 91 82 318 838 837 
4 91 837 1392 1647 
5 320 319 1505 1506 1520 
5 47 525 1505 1506 573 
6 759 760 742 1519 1518 70 
5 321 516 323 934 935 
4 322 323 934 663 
6 21 23 1005 937 40 917 
5 26 21 917 918 794 
5 19 654 1312 1294 1041 
5 23 19 654 324 1005 
5 324 865 881 937 1005 
5 324 654 1312 839 865 
6 62 66 1294 1041 26 794 
4 62 794 918 870 
5 41 40 917 918 870 
6 327 325 329 326 647 831 
5 326 128 735 1137 647 
6 1379 1380 1602 1604 1564 718 
5 1114 1324 330 1380 1602 
6 327 325 1379 718 761 328 
5 328 761 827 511 1449 
7 152 511 1449 1450 1137 735 734 
5 326 128 1324 330 329 
5 329 330 1380 1379 325 
5 327 328 1449 1450 831 
5 152 511 827 1564 1604 
6 333 581 1269 1347 1542 1543 
4 333 332 331 581 
6 333 332 683 1122 1545 1543 
5 261 813 659 1341 1342 
6 184 334 220 558 261 1342 
5 220 217 1279 1301 334 
5 136 106 110 335 337 
5 337 136 131 133 540 
6 336 643 754 135 1473 1457 
5 110 335 1390 554 105 
6 335 337 540 1473 1457 1390 
5 336 706 554 1390 1457 
5 336 643 644 705 706 
4 105 554 706 705 
5 643 644 614 753 754 
5 54 98 1572 1574 702 
5 111 1339 1399 1572 1574 
6 54 56 139 1047 947 98 
5 946 1048 613 1339 1399 
4 139 109 53 56 
6 339 79 822 823 751 750 
5 642 770 802 751 823 
6 921 922 1125 1456 1455 77 
6 822 823 642 1023 921 77 
5 769 1024 922 1125 1124 
6 78 338 666 213 1456 1455 
5 338 339 750 801 666 
4 78 338 339 79 
4 343 346 562 542 
5 340 543 341 1262 1263 
5 542 543 340 968 562 
5 346 345 1180 968 562 
5 583 584 1371 519 627 
5 344 194 520 626 342 
6 140 51 1287 1288 1477 1471 
5 124 123 1263 340 150 
6 349 125 123 1263 1262 651 
4 341 498 886 543 
6 341 498 1470 1442 651 1262 
4 498 886 347 1470 
6 347 606 685 348 1442 1470 
7 150 340 543 886 347 606 630 
4 348 349 651 1442 
5 349 125 971 685 348 
7 324 865 1383 1386 491 1660 1661 
4 324 654 634 1661 
4 491 966 1304 1660 
4 608 609 633 1313 
4 742 760 202 893 
6 353 350 1552 658 586 547 
5 1078 1238 1225 1348 1551 
5 350 355 1078 1551 1552 
6 27 354 351 561 546 585 
6 351 352 357 356 560 561 
5 354 351 352 541 149 
5 546 547 353 560 561 
5 352 357 1238 1225 541 
5 356 355 350 353 560 
5 356 355 1078 1238 357 
5 27 354 149 1349 1092 
6 238 241 1103 799 1126 616 
5 359 786 799 1103 1645 
6 257 358 1055 807 502 1127 
4 257 358 359 786 
4 502 616 1126 1127 
5 185 360 262 261 1342 
4 184 334 362 564 
5 185 360 1351 1350 565 
5 262 263 1382 1351 360 
6 361 215 214 263 1382 1381 
5 361 362 334 220 215 
6 361 362 564 565 1350 1381 
6 96 503 1281 1250 1154 755 
6 322 363 1299 780 776 663 
5 364 366 1172 1146 1027 
7 364 551 597 205 1183 1256 1027 
4 365 366 364 551 
5 202 509 778 759 760 
4 367 368 678 1268 
5 367 368 1492 1069 1068 
5 368 678 1555 1501 1492 
5 909 1042 1069 1492 1501 
5 295 294 275 631 1226 
5 369 690 550 882 821 
4 1021 1022 1202 374 
5 372 1201 1089 1408 1426 
6 373 372 1201 1202 1022 515 
5 373 372 1426 1153 371 
6 370 374 1202 1201 1089 653 
5 632 653 370 1447 1448 
5 371 1153 1425 1658 1656 
4 632 653 1089 1408 
5 373 371 1656 1657 515 
6 370 374 1021 1655 1659 1447 
5 376 618 678 1555 1556 
6 618 678 1268 1159 811 810 
5 1429 1430 1619 1618 375 
5 531 593 711 134 724 
5 163 161 192 1038 1544 
5 192 161 1057 1128 818 
4 712 793 1168 1036 
5 531 593 792 1122 1545 
7 792 793 1168 1128 818 1121 1122 
6 1056 1057 1128 1168 1036 1157 
6 723 724 531 1545 1544 163 
5 381 844 951 380 1218 
6 950 951 380 958 957 67 
6 767 768 382 1028 1053 955 
5 379 767 955 929 928 
6 843 844 381 928 929 738 
5 504 738 929 955 1053 
6 378 377 1116 1218 380 958 
5 382 378 958 957 1028 
5 379 928 381 1218 1116 
4 382 378 377 768 
5 767 768 377 1116 379 
5 157 35 30 508 779 
5 36 383 384 638 698 
5 36 35 157 158 383 
6 158 383 384 386 385 518 
6 200 190 835 553 779 508 
4 385 386 569 788 
5 386 384 638 189 569 
5 385 518 553 835 788 
5 56 139 1587 1577 58 
6 57 58 1577 626 520 640 
5 59 57 640 639 1285 
6 245 342 626 1577 1587 876 
4 245 342 344 246 
6 194 12 1610 1611 246 344 
5 54 98 1284 1285 59 
4 602 789 387 1548 
5 939 1547 655 1624 1622 
6 387 587 940 939 1547 1548 
5 387 587 1119 1075 789 
6 587 940 1208 1209 1558 1119 
6 603 655 1624 1623 303 913 
5 303 913 534 1558 1209 
6 602 603 913 534 1075 789 
5 939 940 1208 1621 1622 
5 1431 1458 1474 1224 1509 
6 525 715 1421 1431 1509 1505 
6 608 609 319 1505 1509 1224 
5 256 1098 1358 1448 1425 
5 773 939 1622 1162 1203 
5 266 773 939 1547 1549 
6 266 773 1203 596 856 857 
4 655 1345 1359 1624 
5 856 857 1658 1425 256 
7 1097 1098 1358 1359 1624 1622 1162 
6 655 1345 1447 1659 1549 1547 
4 167 168 1303 180 
6 388 171 168 1303 1259 866 
7 524 866 388 925 924 1063 1062 
5 797 902 924 1063 980 
6 315 179 174 652 797 980 
5 170 171 388 925 903 
6 178 180 1303 1259 313 308 
4 313 524 866 1259 
5 315 954 1062 1063 980 
5 170 652 797 902 903 
5 389 355 1078 1489 829 
6 350 355 389 390 1335 1336 
6 1078 1489 1506 1520 1546 1551 
5 828 829 1489 1506 573 
5 390 48 828 829 389 
5 302 306 1222 1295 1272 
5 306 307 1198 1136 1222 
5 211 506 1295 1222 1136 
6 392 391 784 783 211 506 
4 208 1198 307 1495 
4 392 391 840 1271 
5 391 784 1496 1372 840 
5 392 506 1295 1272 1271 
5 349 125 1479 1483 1174 
5 385 394 619 1404 788 
5 393 800 1387 1614 1616 
6 394 619 1613 1612 1423 1424 
4 385 394 1424 518 
5 395 396 867 1516 1513 
5 395 393 1616 1615 396 
5 395 393 800 836 1513 
5 396 867 1423 1612 1615 
5 1366 1367 580 1418 1500 
6 195 199 390 48 1061 973 
5 390 199 904 668 389 
4 397 244 1499 1525 
5 397 244 49 828 829 
5 676 904 668 1527 1490 
6 389 668 1527 1525 397 829 
5 676 883 580 1418 1490 
5 580 883 195 973 1367 
5 298 697 625 862 861 
6 398 590 399 791 862 625 
5 399 791 888 1273 1274 
5 402 400 391 784 595 
5 401 191 1083 595 402 
5 392 391 400 148 1290 
5 400 148 147 401 402 
4 363 1104 1194 1299 
6 404 1603 1605 1566 1648 1670 
5 1379 1380 1512 1494 403 
4 403 854 718 1379 
6 404 1436 1512 1380 1602 1603 
6 266 773 854 718 1564 1565 
5 403 854 773 1203 1494 
5 404 1436 1043 1669 1670 
5 379 408 407 1000 928 
6 791 888 1297 1205 929 955 
5 407 667 1298 1206 1000 
5 399 405 767 955 791 
5 406 405 399 1274 960 
5 406 405 767 379 408 
6 408 407 667 959 960 406 
6 667 959 1273 888 1297 1298 
5 854 855 940 939 773 
5 761 762 855 854 718 
5 587 588 762 855 940 
6 761 762 588 873 636 827 
5 387 1012 1100 1550 1548 
5 587 588 873 1012 387 
5 636 873 1012 1100 1133 
6 25 270 359 1645 1646 20 
4 358 409 1374 1055 
5 409 272 269 1376 1374 
5 358 409 272 270 359 
5 290 24 20 1646 1641 
5 326 128 1480 1484 512 
4 410 512 326 647 
4 530 875 999 1227 
7 410 512 1484 1483 1174 530 875 
6 348 349 1174 530 1227 1106 
4 348 685 907 1106 
6 410 647 1137 1228 999 875 
5 101 411 1330 412 104 
5 867 868 1204 1296 396 
5 551 552 1370 846 365 
4 367 499 0 1068 
6 367 499 1107 526 1159 1268 
4 5 6 787 901 
5 161 159 985 1071 192 
6 952 953 1112 1111 1329 1322 
4 952 1129 1323 1322 
6 748 749 861 862 1054 607 
5 791 862 1054 1053 955 
5 43 492 1186 1185 675 
5 413 965 1102 1014 1163 
6 696 965 413 1420 927 983 
5 492 732 1504 1498 1186 
5 1143 1163 413 1420 1467 
6 982 983 696 1503 1504 732 
6 32 37 126 1480 1484 1406 
5 330 415 383 384 329 
5 414 415 330 1324 1325 
7 329 326 512 750 801 638 384 
5 32 699 802 751 1406 
5 37 126 1325 414 38 
5 415 383 36 38 414 
5 371 1627 1628 1625 1656 
4 256 1195 1153 1425 
6 371 1153 1195 500 1626 1627 
6 500 1626 1629 1652 1671 1668 
6 934 935 1040 1173 1309 1253 
5 87 416 323 934 1253 
5 321 407 1000 1040 935 
5 381 1173 1309 1217 1218 
6 408 417 1667 1665 1116 379 
6 408 407 321 516 517 417 
6 87 416 517 417 1667 1666 
4 416 323 516 517 
5 381 928 1000 1040 1173 
7 39 248 247 418 65 1006 747 
6 334 362 618 376 834 1301 
5 361 215 1508 1492 368 
5 361 368 678 618 362 
5 376 834 1462 1461 1556 
5 236 1279 1301 834 1462 
6 219 236 1462 1461 1502 1507 
5 327 570 848 938 831 
5 809 1011 1410 847 1016 
6 831 938 1015 563 1475 1450 
6 328 419 684 420 1476 1449 
5 419 684 1011 1410 1405 
5 328 419 1405 570 327 
5 420 544 809 1011 684 
5 420 544 563 1475 1476 
5 356 430 427 426 357 
5 428 430 356 560 533 
5 426 357 352 424 421 
6 422 514 612 429 578 579 
5 423 425 422 514 669 
5 560 561 670 611 533 
5 351 423 669 670 561 
5 426 421 579 578 427 
5 425 422 579 421 424 
5 430 427 578 429 428 
5 351 423 425 424 352 
5 428 429 612 611 533 
5 521 522 432 932 677 
4 431 885 996 1409 
5 431 432 522 814 885 
5 197 645 1090 1089 653 
5 632 653 197 677 932 
5 995 1090 645 1275 1276 
6 431 432 932 632 1408 1409 
5 814 885 996 995 1276 
6 419 762 855 619 1404 1405 
5 403 394 619 855 854 
6 403 394 385 386 325 1379 
5 325 386 569 570 327 
4 328 419 762 761 
5 381 844 366 1172 1173 
5 144 951 380 1627 1628 
6 1217 1218 380 1627 1626 1649 
6 849 1629 1626 1649 1654 1639 
6 146 144 951 844 366 364 
5 146 364 1027 1026 145 
7 343 346 576 507 130 292 296 
6 433 186 882 821 584 583 
5 346 345 1112 1111 576 
6 434 436 833 832 1592 1593 
4 434 435 437 436 
6 434 435 1077 874 1013 1593 
5 832 833 981 1210 114 
6 437 436 833 981 1144 1151 
5 636 1133 1210 981 1144 
4 435 437 1151 1077 
5 258 501 1650 1647 1392 
5 736 837 1392 258 1031 
6 270 359 786 1031 736 268 
5 84 268 736 837 91 
6 272 90 1666 1667 1283 409 
6 358 409 1283 1241 956 257 
6 501 956 1241 1665 1664 1650 
6 427 578 1345 1359 1482 1528 
6 676 677 932 933 1481 1490 
5 430 427 1528 1527 668 
6 428 429 370 653 197 905 
5 428 430 668 904 905 
5 429 370 1447 1345 578 
5 932 933 1358 1448 632 
5 260 262 360 439 438 
6 260 438 627 519 1538 1537 
5 369 821 584 1371 1352 
5 433 439 438 627 583 
5 369 690 1244 1230 1352 
5 185 360 439 433 186 
6 659 813 1537 1538 1230 1244 
5 401 402 1369 1431 1421 
7 254 336 1457 1458 1434 495 494 
7 147 401 1421 1434 495 708 141 
5 402 400 763 1391 1369 
5 554 555 1265 1465 706 
6 400 148 692 1265 555 763 
5 254 336 706 1465 1440 
6 142 549 692 1265 1465 1440 
5 279 556 887 523 772 
5 347 309 523 887 886 
6 282 294 275 269 1376 1375 
7 102 694 156 1072 1073 566 815 
4 156 1072 1507 1502 
6 412 104 103 1438 1437 1435 
5 860 1059 1242 1452 1609 
5 832 833 1046 1059 1242 
5 980 981 833 1046 315 
5 652 797 1211 1606 1597 
6 440 633 1313 1348 1551 1546 
5 440 320 319 609 633 
4 440 320 1520 1546 
5 411 819 620 1563 1330 
5 441 557 620 819 1086 
5 442 162 163 1544 1542 
5 442 162 1585 2 52 
5 442 52 1346 1347 1542 
6 444 756 1305 1304 1660 1663 
5 443 445 1662 1661 634 
5 841 842 545 1521 1270 
4 819 998 1540 1086 
6 441 1086 1540 1521 1270 1246 
5 441 557 446 1245 1246 
5 118 446 1245 714 567 
5 714 841 1270 1246 1245 
6 620 819 998 1570 1569 1045 
5 118 446 557 620 1045 
5 568 842 545 1568 1567 
5 254 336 643 536 826 
5 447 99 974 975 448 
6 97 99 447 812 1533 1534 
6 81 628 1223 983 982 872 
5 868 927 983 1223 1204 
7 31 33 1389 1395 1518 1519 299 
5 892 893 742 1519 299 
5 157 35 33 1389 1388 
6 1533 1534 646 1560 1562 919 
6 447 99 1571 1575 118 446 
5 120 1422 1445 1571 1575 
6 120 1160 1561 1560 646 1422 
5 646 1422 1445 97 1534 
5 447 446 557 920 812 
5 620 1045 1160 1561 1563 
5 86 449 744 1357 1378 
6 663 776 1357 1378 1253 934 
6 86 449 1194 1104 1105 85 
6 416 323 322 363 1104 1105 
4 85 87 416 1105 
5 449 744 780 1299 1194 
5 260 264 1573 1579 438 
5 193 640 57 1317 1353 
6 264 1187 1354 1316 60 1573 
5 58 60 1573 1579 1577 
5 626 627 438 1579 1577 
6 1353 1354 1187 1536 1539 193 
5 729 1277 1522 1344 1343 
5 242 577 450 1131 1135 
5 8 11 242 577 850 
5 956 1196 1427 451 1241 
6 372 378 377 451 1427 1426 
4 372 378 958 373 
5 373 371 1627 380 958 
5 500 501 1650 1649 1626 
5 377 451 1241 1665 1116 
6 434 436 785 1260 1247 637 
5 216 1009 1155 1243 1010 
5 434 637 1008 1595 1593 
4 436 785 1046 833 
5 79 75 875 410 339 
5 78 338 938 1015 1035 
5 75 875 999 1286 1417 
6 339 410 647 831 938 338 
5 424 352 541 540 337 
5 337 136 681 425 424 
5 423 425 681 724 531 
5 351 423 531 593 354 
5 354 149 132 711 593 
6 285 287 574 452 405 406 
5 405 452 591 590 399 
5 455 314 1261 1207 454 
4 453 574 452 591 
5 88 85 1105 1226 631 
5 277 1283 409 1374 1373 
5 417 276 277 1283 1667 
4 417 276 713 517 
7 416 517 713 649 295 1226 1105 
5 673 811 1159 526 1110 
5 361 368 367 499 1381 
5 362 564 745 810 618 
5 565 1093 1109 1108 1350 
5 457 456 1641 290 289 
5 798 799 1103 1234 936 
5 241 931 1101 1234 1103 
6 42 259 582 305 1102 1014 
5 1185 1186 1101 1234 936 
4 931 1101 1186 1498 
5 305 582 617 240 622 
4 240 238 616 617 
5 259 582 617 616 1126 
5 459 601 1478 816 817 
6 459 73 74 297 458 601 
5 250 252 71 1220 1327 
6 1326 1327 250 1472 1478 816 
5 458 251 1472 1478 601 
4 458 251 249 297 
5 816 817 72 1221 1326 
4 459 73 72 817 
5 445 457 289 288 443 
5 989 1149 304 1212 1213 
5 182 730 1397 1401 1150 
4 641 710 304 1212 
5 180 181 726 1302 1303 
6 709 710 641 1258 1259 313 
5 181 726 1213 989 988 
4 305 582 933 1481 
5 582 617 432 932 933 
6 432 522 1131 1135 240 617 
5 237 242 577 580 1418 
5 450 577 580 883 884 
5 521 522 1131 450 884 
6 297 458 225 703 625 697 
4 224 225 458 601 
4 223 398 625 703 
6 944 962 1361 1360 198 1278 
5 461 460 265 757 764 
5 462 962 944 1333 1334 
5 461 463 464 465 460 
6 437 463 461 764 1152 1151 
5 460 265 510 877 465 
4 462 435 1077 1334 
7 463 464 961 962 462 435 437 
5 758 930 1333 944 943 
4 464 465 877 961 
6 196 1020 1025 648 1317 1353 
6 59 648 1025 448 975 1285 
7 466 741 1132 1290 392 1271 1300 
5 1295 1296 396 1615 1272 
5 467 466 1300 1616 393 
6 166 317 439 438 1579 1578 
5 953 1112 345 1180 1181 
5 268 22 21 917 736 
4 17 29 852 853 
7 205 201 1631 1637 796 598 597 
4 552 598 796 1120 
7 146 364 551 552 1120 1633 1632 
6 203 183 169 804 1257 1182 
5 203 183 1630 1631 201 
5 428 533 1115 1138 905 
4 370 374 612 429 
6 611 612 374 1202 1254 908 
5 1089 1090 994 1255 1201 
6 993 994 1090 645 1138 1115 
5 533 611 908 993 1115 
5 298 253 1214 749 861 
5 1222 1223 628 1433 1136 
5 469 621 1254 1202 1022 
6 231 470 472 473 469 621 
5 471 232 908 611 670 
5 468 514 612 374 1021 
5 468 473 472 669 514 
4 471 232 231 470 
5 473 469 1022 1021 468 
5 471 470 472 669 670 
5 60 61 474 1581 1573 
6 475 164 1580 1581 474 790 
5 61 474 790 1076 55 
5 108 682 475 790 1076 
4 475 164 623 682 
5 797 902 1605 1566 1211 
5 152 151 915 1145 511 
5 636 827 511 1145 1144 
4 151 915 1063 924 
6 980 981 1144 1145 915 1063 
5 427 426 476 1526 1528 
5 397 984 476 1526 1525 
5 356 430 668 389 355 
5 397 829 1489 1510 984 
6 426 476 984 1510 1238 357 
5 566 1073 1084 1398 1402 
5 431 432 617 616 502 
5 431 502 807 808 885 
5 95 444 1663 1644 1033 
5 906 1033 1644 1643 1415 
5 445 457 456 1642 1662 
5 544 545 842 991 420 
6 841 1270 1278 944 1333 1307 
6 420 991 1307 1333 930 1476 
5 758 930 1476 1475 1229 
5 365 366 844 843 846 
6 529 923 1232 1233 1361 1368 
5 437 436 785 316 463 
4 462 962 1361 1233 
6 462 435 434 637 1232 1233 
6 464 455 454 528 1219 961 
5 455 314 316 463 464 
6 528 529 923 1248 1207 454 
5 306 696 983 1223 1222 
5 413 300 1612 1423 1420 
4 413 300 964 965 
5 95 96 755 756 444 
5 477 331 332 28 594 
5 28 29 852 683 332 
5 408 417 276 285 406 
6 423 531 1545 1543 472 669 
5 468 479 478 422 514 
6 478 475 682 681 425 422 
5 479 478 475 164 165 
6 162 165 479 468 473 442 
5 472 473 442 1542 1543 
4 755 756 1305 1154 
5 23 20 1646 1235 1005 
6 443 288 18 19 654 634 
6 324 1005 1235 1642 1662 1661 
5 456 1641 1646 1235 1642 
6 16 129 1302 1303 168 15 
5 343 296 948 949 542 
6 388 171 863 576 346 562 
5 388 562 542 949 866 
5 483 482 481 1323 1322 
5 172 483 1322 1329 864 
5 481 592 781 1289 1323 
5 482 481 592 1393 480 
5 483 482 480 173 172 
5 173 480 1393 1640 1638 
5 1234 1235 1642 1643 1101 
5 931 1101 1643 1415 1414 
4 325 329 384 386 
4 339 410 512 750 
5 338 666 725 848 938 
5 412 1330 1563 1561 1435 
4 847 1016 912 1291 
5 911 912 1291 1320 1001 
5 461 497 610 916 764 
5 316 463 461 497 496 
5 915 916 610 1062 1063 
5 110 335 914 913 534 
5 484 914 335 1390 1391 
5 484 301 733 763 1391 
6 554 555 532 1557 1559 105 
5 303 301 484 914 913 
4 532 900 1215 1557 
5 532 555 763 733 900 
5 284 539 641 710 1191 
6 950 951 144 1192 1193 1004 
4 1004 1193 1188 1362 
6 552 1120 1091 1188 1362 1370 
6 452 591 728 727 382 768 
5 223 398 590 591 728 
5 704 727 382 1028 1029 
6 703 704 1029 1054 862 625 
4 405 452 768 767 
6 533 560 353 1590 1588 1115 
5 353 350 1336 1081 1590 
4 390 199 1044 1335 
5 1080 1081 1590 1588 1139 
6 229 224 601 1478 1477 1288 
6 229 894 1161 1237 1287 1288 
7 458 225 895 1177 1176 1311 251 
4 894 895 1177 1161 
5 400 391 840 733 763 
6 397 244 595 402 1369 984 
5 484 476 984 1369 1391 
5 484 301 1363 1526 476 
4 401 191 715 1421 
6 27 17 853 792 593 354 
7 332 28 585 546 471 470 333 
4 471 546 561 670 
4 470 472 1543 333 
5 852 853 792 1122 683 
7 203 183 181 726 845 945 820 
5 532 691 1156 1251 1557 
4 806 976 1252 1165 
6 705 706 1465 1466 986 112 
4 107 112 986 1140 
5 388 562 968 1087 925 
6 155 483 1322 952 1130 1088 
5 172 170 903 155 483 
5 491 825 1644 1663 1660 
5 824 825 1644 1033 1032 
6 277 278 575 451 1241 1283 
6 377 451 575 574 452 768 
4 287 278 575 574 
6 156 766 175 869 1085 1072 
6 1069 1179 1243 1010 1508 1492 
5 101 411 819 998 997 
5 8 752 1315 1282 850 
5 231 222 581 333 470 
5 222 229 1288 1269 581 
5 469 621 894 1161 624 
6 442 52 777 624 469 473 
5 977 993 1115 1588 1589 
5 485 774 994 1090 995 
6 789 790 474 1013 1012 387 
5 474 1013 1593 1595 1581 
5 478 475 790 789 602 
6 479 478 602 1548 1550 267 
5 479 165 113 116 267 
5 39 37 126 127 248 
6 403 394 1424 1468 1493 1494 
6 413 300 1621 1622 1162 1163 
5 619 855 940 1208 1613 
5 233 977 1589 1591 1051 
6 353 547 1052 1051 1591 1590 
6 228 232 471 546 547 1052 
4 233 228 1052 1051 
5 447 448 1025 1245 446 
4 648 714 1245 1025 
5 40 917 736 1031 1030 
5 81 7 1432 1433 628 
5 451 575 996 1409 1427 
5 453 485 774 728 591 
6 372 378 382 727 1255 1201 
6 453 485 995 996 575 574 
5 477 226 222 581 331 
6 1387 1411 1251 1557 1215 1614 
5 419 684 898 588 762 
5 426 421 914 484 476 
5 335 337 424 421 914 
6 912 1291 1524 1514 1554 1535 
4 671 1156 1251 1411 
6 671 1156 1338 1332 1514 1524 
5 532 691 466 1300 900 
5 692 693 782 1266 1265 
4 741 782 693 1132 
5 466 691 1266 782 741 
6 431 502 1127 1196 1427 1409 
6 278 575 996 885 808 635 
5 38 414 604 1006 747 
5 33 746 1007 716 1389 
5 46 158 383 415 45 
5 415 45 717 604 414 
5 421 579 603 913 914 
5 478 422 579 603 602 
4 439 360 1351 317 
7 154 487 64 604 414 1325 1113 
5 486 487 154 1148 1039 
5 418 486 1039 1190 247 
5 418 65 64 487 486 
5 468 479 267 1655 1021 
5 578 579 603 655 1345 
6 873 874 1178 992 898 588 
5 420 684 898 992 991 
6 255 1439 1466 986 1618 1617 
5 121 375 1618 986 1140 
6 606 685 907 757 764 916 
5 347 309 610 916 606 
5 102 694 1239 1240 1002 
5 103 1079 1535 1554 1438 
4 547 586 972 1052 
5 263 1009 1155 600 1382 
5 264 1008 1595 1581 1573 
5 488 481 592 838 899 
5 488 481 1323 1129 1169 
5 151 630 606 916 915 
4 150 340 968 1087 
5 650 820 945 969 1396 
6 486 1039 1130 952 1129 1169 
4 1088 1130 1039 1148 
5 1435 1437 1488 1160 1561 
6 75 76 664 665 530 875 
4 393 467 672 800 
6 467 466 691 1156 671 672 
5 259 582 933 1358 1098 
4 704 895 1177 1029 
5 61 474 1013 874 1178 
4 898 992 700 1166 
5 255 740 527 1620 1617 
6 112 986 1618 1619 1184 1340 
5 527 878 1184 1619 1620 
6 536 643 644 1340 1184 878 
5 198 1019 1246 1270 1278 
6 462 1233 1354 1316 1306 1334 
6 1353 1354 1233 1361 1360 196 
6 492 825 1644 1643 1101 1186 
5 731 732 1504 1118 979 
5 1184 1400 1446 1430 1619 
5 121 375 1429 1422 120 
5 243 10 1197 1198 307 
5 577 580 1367 1282 850 
5 4 615 1193 1004 1003 
6 404 489 490 63 1460 1436 
6 415 45 1511 1512 1380 330 
4 153 489 404 1603 
4 63 64 487 490 
5 490 487 154 153 489 
6 115 1 3 572 515 1657 
5 373 515 572 957 958 
6 477 226 228 1052 972 594 
5 490 488 1169 486 487 
5 489 490 488 481 482 
5 153 155 483 482 489 
6 751 823 1065 1142 1407 1406 
5 173 480 1671 1652 1596 
6 1392 1393 480 1671 1668 258 
6 482 480 1671 1670 404 489 
5 515 572 624 469 1022 
5 1359 1482 1318 1623 1624 
6 490 488 899 918 870 63 
5 987 1038 1544 1542 1347 
6 824 825 491 966 1249 1280 
5 731 732 492 825 824 
5 691 1156 1338 1264 1266 
5 687 688 699 698 493 
4 494 495 708 707 
5 496 497 610 1062 954 
5 835 836 1513 1516 553 
5 1107 1108 1350 1381 499 
5 500 501 956 1196 1195 
5 504 505 607 1054 1053 
4 508 509 778 779 
6 510 877 961 962 944 943 
6 511 1145 1152 930 1476 1449 
5 1066 1067 923 1248 1123 
5 532 555 1265 1266 691 
5 750 751 1406 1484 512 
5 1387 1404 619 1613 1614 
5 679 680 513 1293 1292 
5 611 612 514 669 670 
5 1093 1094 673 1110 1109 
5 1021 1022 515 1657 1655 
6 809 1011 1252 976 1567 1568 
4 519 520 626 627 
5 521 522 814 1276 1275 
5 523 524 866 949 887 
5 1107 1108 1109 1110 526 
5 1358 1359 1482 1481 933 
4 528 529 1368 1219 
5 650 1182 1257 1364 1396 
5 530 665 851 1175 1174 
6 535 777 1237 1236 1017 1216 
6 685 907 1228 1137 735 971 
5 687 688 770 769 537 
4 539 641 1258 963 
6 540 541 1225 1224 1474 1473 
5 542 543 886 887 949 
5 867 868 1171 1515 1516 
4 544 545 1568 809 
4 546 547 586 585 
5 757 758 930 1152 764 
4 880 881 865 1383 
4 551 552 598 597 
6 873 874 1077 1151 1144 636 
5 778 779 553 1516 1515 
5 554 555 763 1391 1390 
4 556 887 949 948 
6 557 620 1563 1562 919 920 
5 1343 1344 563 1475 1229 
5 564 565 1093 1094 745 
5 909 910 1491 1485 1042 
5 906 1050 1117 1414 1415 
5 569 570 1405 1404 788 
5 1251 1252 1165 1559 1557 
7 648 714 841 1307 1306 1316 1317 
6 783 784 595 1083 1082 571 
5 607 1054 1029 1177 1176 
5 587 588 898 1166 1119 
6 596 1043 1436 1512 1494 1203 
5 837 838 592 1393 1392 
5 711 712 793 792 593 
4 787 942 737 1167 
6 1212 1213 726 1302 1258 641 
5 602 603 655 1547 1548 
5 716 717 604 1006 1007 
5 606 630 970 971 685 
5 613 614 644 1340 1339 
5 681 682 623 723 724 
4 624 777 1237 1161 
4 718 761 827 1564 
6 632 1408 1426 1153 1425 1448 
6 807 808 635 1373 1374 1055 
5 636 827 1564 1565 1133 
5 727 728 774 994 1255 
4 849 1596 1652 1629 
5 698 699 802 801 638 
5 769 770 642 1023 1024 
4 647 831 1450 1137 
4 689 720 858 859 
6 658 1092 1349 1348 1551 1552 
4 661 662 1082 1083 
5 664 665 851 1141 1037 
5 900 1215 1614 1616 1300 
5 810 811 673 1094 745 
6 1141 1142 1407 1428 1175 851 
5 860 869 1085 1058 1059 
6 684 898 1166 1165 1252 1011 
5 822 823 1065 1064 695 
5 805 806 1165 1166 700 
4 739 1091 1188 1267 
5 733 840 1271 1300 900 
5 943 944 1278 1277 729 
6 730 869 1085 1084 1398 1397 
4 734 735 971 970 
6 837 838 899 918 917 736 
4 746 747 1006 1007 
4 748 749 1214 1310 
4 750 751 802 801 
5 915 916 764 1152 1145 
5 757 758 1229 1228 907 
6 765 775 1356 1377 1308 1146 
5 977 978 774 994 993 
5 874 1077 1334 1306 1178 
6 787 901 1531 1532 1074 1167 
6 948 949 866 1259 1258 963 
5 798 799 786 1031 1030 
4 789 790 1076 1075 
4 911 912 1535 1079 
5 980 981 1210 1211 797 
5 1026 1027 1256 1257 804 
4 919 920 812 1533 
5 1066 1067 1536 1537 813 
4 843 844 951 950 
5 847 848 938 1015 1016 
5 856 857 1648 1670 1669 
5 876 879 890 1586 1587 
4 873 874 1013 1012 
4 1174 1175 1428 1483 
5 1209 1215 1557 1559 1558 
6 986 1140 1337 1338 1264 1466 
4 890 891 1057 1056 
5 1032 1033 906 1050 1049 
4 896 897 909 910 
4 1091 1120 1633 1635 
4 902 903 925 924 
5 993 994 1255 1254 908 
6 995 996 1409 1408 1089 1090 
4 921 922 1024 1023 
4 926 927 983 982 
6 1151 1152 930 1333 1334 1077 
5 928 929 1205 1206 1000 
5 936 937 1005 1235 1234 
5 941 942 1346 1347 987 
4 946 947 1047 1048 
4 952 953 1181 1130 
4 959 960 1274 1273 
5 961 962 1361 1368 1219 
6 1249 1250 1154 1305 1304 966 
6 1087 1088 1130 1181 1180 968 
5 1060 1061 973 1367 1366 
4 974 975 1285 1284 
6 1251 1252 976 1337 1338 1156 
5 1049 1050 1117 1118 979 
6 1012 1013 1593 1592 1099 1100 
5 984 1369 1431 1509 1510 
5 991 992 1178 1306 1307 
5 997 998 1570 1535 1079 
5 1228 1229 1343 1286 999 
5 1008 1009 1155 1594 1595 
5 1058 1059 1242 1243 1010 
5 1251 1252 1011 1410 1411 
5 1199 1200 1207 1248 1123 
6 1014 1102 1497 1498 1186 1185 
5 1017 1018 1530 1529 1216 
5 1019 1020 1025 1245 1246 
4 1138 1139 1588 1115 
4 1028 1029 1054 1053 
5 1064 1065 1142 1141 1037 
5 1121 1122 1545 1544 1038 
5 1147 1148 1039 1190 1189 
6 1068 1069 1042 1485 1529 1531 
5 1080 1081 1336 1335 1044 
5 1045 1160 1488 1553 1569 
4 1072 1073 1084 1085 
4 1078 1238 1510 1489 
4 1095 1096 1213 1212 
5 1234 1235 1646 1645 1103 
4 1113 1114 1324 1325 
5 1217 1218 1116 1665 1664 
5 1165 1166 1119 1558 1559 
5 1210 1211 1566 1565 1133 
5 1197 1198 1136 1433 1432 
5 1228 1229 1475 1450 1137 
6 1162 1163 1143 1493 1494 1203 
4 1144 1145 1152 1151 
5 1172 1173 1309 1308 1146 
4 1232 1233 1354 1187 
5 1195 1196 1427 1426 1153 
5 1176 1177 1161 1237 1236 
5 1242 1243 1179 1451 1452 
4 1182 1183 1256 1257 
5 1339 1340 1184 1400 1399 
4 1201 1202 1254 1255 
5 1222 1223 1204 1296 1295 
4 1205 1206 1298 1297 
5 1247 1248 1207 1261 1260 
5 1208 1209 1215 1614 1613 
4 1220 1221 1326 1327 
5 1224 1225 1238 1510 1509 
5 1292 1293 1231 1453 1454 
4 1241 1283 1667 1665 
4 1249 1250 1281 1280 
5 1308 1309 1253 1378 1377 
4 1258 1259 1303 1302 
5 1265 1266 1264 1466 1465 
5 1287 1288 1269 1347 1346 
5 1277 1278 1270 1521 1522 
5 1271 1272 1615 1616 1300 
5 1314 1315 1282 1367 1366 
5 1343 1344 1416 1417 1286 
5 1322 1323 1289 1328 1329 
5 1319 1320 1291 1524 1523 
4 1306 1307 1333 1334 
4 1316 1317 1353 1354 
5 1318 1363 1526 1528 1482 
4 1331 1332 1338 1337 
6 1399 1400 1446 1445 1571 1572 
4 1350 1351 1382 1381 
5 1358 1359 1345 1447 1448 
5 1392 1393 1640 1653 1647 
6 1363 1372 1496 1499 1525 1526 
6 1390 1391 1369 1431 1458 1457 
4 1373 1374 1376 1375 
4 1383 1384 1385 1386 
4 1397 1398 1402 1401 
5 1404 1405 1410 1411 1387 
4 1388 1389 1395 1394 
5 1406 1407 1428 1483 1484 
4 1408 1409 1427 1426 
6 1418 1490 1527 1525 1499 1500 
5 1432 1433 1419 1454 1453 
5 1423 1424 1468 1467 1420 
4 1421 1431 1458 1434 
5 1429 1430 1446 1445 1422 
5 1447 1448 1425 1658 1659 
5 1459 1460 1436 1512 1511 
5 1437 1438 1554 1553 1488 
4 1439 1440 1465 1466 
4 1443 1444 1487 1486 
4 1449 1450 1475 1476 
5 1451 1452 1599 1598 1469 
4 1455 1456 1464 1463 
4 1457 1458 1474 1473 
4 1471 1472 1478 1477 
4 1479 1480 1484 1483 
5 1481 1482 1528 1527 1490 
5 1505 1506 1489 1510 1509 
5 1501 1502 1507 1508 1492 
4 1493 1494 1512 1511 
4 1495 1496 1499 1500 
4 1497 1498 1504 1503 
4 1525 1526 1528 1527 
4 1521 1522 1541 1540 
4 1529 1530 1532 1531 
5 1553 1554 1535 1570 1569 
4 1536 1537 1538 1539 
4 1542 1543 1545 1544 
4 1547 1548 1550 1549 
4 1560 1561 1563 1562 
5 1565 1566 1605 1604 1564 
4 1567 1568 1570 1569 
4 1571 1572 1574 1575 
5 1578 1579 1573 1581 1580 
5 1580 1581 1595 1594 1576 
5 1578 1579 1577 1587 1586 
4 1582 1583 1584 1585 
4 1588 1589 1591 1590 
4 1592 1593 1595 1594 
5 1600 1601 1625 1651 1606 
5 1596 1597 1606 1651 1652 
4 1598 1599 1600 1601 
4 1602 1603 1605 1604 
5 1608 1609 1607 1635 1634 
5 1613 1614 1616 1615 1612 
4 1617 1618 1619 1620 
4 1621 1622 1624 1623 
5 1628 1629 1652 1651 1625 
4 1626 1627 1628 1629 
4 1630 1631 1637 1636 
4 1632 1633 1635 1634 
5 1638 1639 1654 1653 1640 
5 1643 1644 1663 1662 1642 
5 1649 1650 1647 1653 1654 
5 1651 1652 1671 1670 1648 
5 1656 1657 1655 1659 1658 
4 1660 1661 1662 1663 
4 1664 1665 1667 1666 
4 1668 1669 1670 1671 
CELL_DATA 1595
SCALARS scalar_1 double
LOOKUP_TABLE default
    4.784771
    4.794982
    4.800485
    4.807713
    4.778890
    4.877969
    4.812816
    4.791700
    4.761938
    4.830871
    4.813225
    4.856200
    4.800485
    4.877969
    4.818014
    4.803463
    4.813062
    4.816133
    4.787150
    4.822635
    4.785817
    4.802445
    4.823337
    4.780239
    4.805888
    4.828768
    4.817237
    4.820436
    4.803472
    4.802358
    4.822085
    4.843506
    4.835870
    4.813306
    4.826506
    4.829303
    4.840085
    4.838330
    4.821375
    4.780586
    4.803472
    4.813396
    4.802977
    4.802675
    4.828768
    4.816282
    4.810078
    4.816898
    4.816282
    4.818501
    4.810078
    4.816418
    4.812203
    4.809625
    4.816898
    4.807086
    4.840085
    4.826506
    4.834008
    4.814899
    4.806964
    4.812776
    4.797227
    4.800485
    4.822102
    4.808567
    4.801192
    4.823396
    4.784771
    4.818080
    4.796724
    4.833143
    4.838988
    4.803715
    4.786258
    4.785726
    4.820694
    4.787150
    4.822735
    4.818737
    4.793460
    4.825627
    4.802675
    4.828768
    4.807086
    4.829303
    4.800794
    4.794982
    4.810867
    4.830871
    4.821017
    4.812203
    4.818915
    4.810236
    4.810078
    4.813062
    4.829290
    4.816282
    4.816418
    4.830673
    4.826506
    4.835071
    4.772962
    4.797019
    4.816632
    4.815583
    4.822687
    4.823851
    4.822028
    4.813062
    4.827260
    4.785817
    4.826848
    4.804928
    4.837130
    4.784257
    4.800605
    4.825024
    4.817237
    4.776713
    4.801423
    4.790376
    4.821998
    4.781160
    4.797019
    4.822028
    4.816003
    4.787150
    4.820694
    4.838988
    4.823851
    4.808471
    4.815583
    4.803874
    4.812234
    4.807408
    4.795963
    4.822735
    4.786258
    4.829909
    4.838988
    4.808756
    4.778653
    4.825627
    4.806916
    4.817377
    4.830871
    5.000000
    4.780688
    4.799634
    4.784771
    4.778890
    4.881175
    4.893330
    4.789027
    4.766186
    4.877969
    4.818080
    4.795877
    4.814862
    4.820694
    4.818521
    4.795963
    4.816003
    4.806916
    4.838988
    4.812248
    4.833143
    4.821752
    4.789942
    4.821805
    4.829400
    4.816417
    4.810931
    4.821594
    4.812136
    4.813306
    4.829303
    4.805888
    4.838992
    4.823337
    4.826302
    4.809325
    4.807408
    4.778653
    4.807408
    4.808756
    4.826302
    4.809325
    4.787150
    4.780688
    4.793615
    4.832431
    4.821752
    4.816249
    4.786258
    4.838988
    4.813225
    4.810867
    4.805040
    4.791700
    4.801811
    4.830377
    4.830871
    4.881175
    4.786267
    4.823396
    4.810867
    4.881175
    4.807702
    4.780239
    4.830871
    4.814964
    4.784257
    4.823396
    4.822822
    4.794982
    4.786267
    4.828352
    4.828768
    4.840103
    4.802358
    4.807408
    4.826302
    4.784771
    4.813225
    4.830871
    4.819092
    4.800794
    4.822419
    4.811864
    4.807086
    4.821594
    4.829303
    4.829871
    4.821805
    4.802445
    4.772166
    4.829400
    4.792883
    4.808471
    4.791700
    4.795877
    4.801186
    4.821017
    4.826506
    4.840085
    4.835870
    4.820670
    4.817906
    4.816282
    4.828838
    4.830673
    4.826506
    4.800485
    4.877969
    4.802222
    4.789027
    4.766504
    4.809325
    4.793797
    4.786258
    4.784771
    4.799634
    4.814964
    4.805888
    4.801430
    4.823337
    4.807702
    4.794182
    4.784257
    4.785817
    4.881175
    4.822635
    4.772166
    4.802445
    4.814964
    4.791700
    4.808471
    4.807702
    4.801343
    4.881175
    4.801348
    4.808471
    4.824416
    4.808129
    4.791700
    4.801430
    4.814040
    4.807702
    4.805888
    4.819595
    4.772962
    4.834511
    4.832032
    4.795877
    4.821580
    4.834354
    4.835870
    4.813870
    4.817906
    4.801811
    4.801348
    4.823851
    4.839962
    4.814899
    4.837130
    4.785817
    4.809325
    4.800485
    4.822635
    4.793460
    4.787150
    4.772962
    4.806964
    4.824753
    4.839215
    4.811188
    4.805505
    4.865700
    4.821801
    4.832032
    4.835870
    4.805888
    4.826506
    4.807702
    4.818014
    4.831424
    4.790047
    4.787851
    4.817638
    4.834008
    4.823488
    4.819448
    4.828316
    4.803426
    4.824416
    4.822687
    4.834511
    4.835870
    4.818523
    4.821580
    4.801348
    4.823851
    4.778890
    4.819595
    4.799791
    4.766186
    4.814040
    4.791700
    4.826071
    4.818333
    4.801186
    4.802369
    4.822759
    4.792763
    4.812604
    4.826240
    4.825673
    4.843506
    4.801192
    4.816689
    4.794019
    4.823396
    4.819092
    4.849149
    4.822822
    4.796659
    4.835023
    4.837130
    4.822635
    4.820670
    4.784257
    4.823104
    4.804928
    4.819089
    4.805888
    4.827451
    4.826848
    4.801186
    4.819444
    4.813062
    4.814028
    4.818014
    4.824753
    4.796204
    4.828673
    4.827260
    4.828532
    4.826926
    4.813396
    4.816223
    4.818014
    4.806964
    4.821799
    4.831424
    4.803426
    4.790047
    4.814899
    4.787150
    4.829303
    4.823396
    4.822822
    4.835071
    4.812234
    4.786267
    4.828572
    4.821326
    4.860578
    4.776713
    4.794182
    4.802675
    4.743477
    4.821375
    4.826926
    4.813396
    4.802977
    4.793460
    4.789027
    4.772962
    4.819595
    4.792763
    4.766186
    4.778890
    4.817770
    4.785726
    4.821558
    4.824629
    4.796724
    4.810931
    4.860578
    4.822699
    4.821375
    4.772166
    4.743477
    4.893330
    4.799634
    4.881175
    4.784771
    4.830871
    4.823546
    4.790633
    4.788003
    4.812868
    4.801423
    4.790376
    4.804505
    4.825024
    4.803472
    4.776713
    4.821998
    4.790376
    4.821326
    4.793219
    4.843648
    4.816504
    4.820436
    4.823883
    4.800842
    4.845419
    4.824416
    4.840143
    4.823337
    4.819959
    4.805888
    4.808471
    4.808129
    4.823851
    4.822687
    4.843648
    4.790376
    4.823337
    4.816632
    4.795877
    4.823851
    4.818080
    4.796724
    4.816223
    4.813870
    4.823488
    4.835071
    4.822822
    4.826506
    4.812234
    4.802977
    4.809625
    4.821799
    4.817377
    4.828838
    4.839508
    4.831424
    4.796204
    4.829909
    4.808471
    4.816504
    4.808129
    4.843648
    4.828838
    4.813062
    4.802977
    4.818014
    4.824753
    4.816282
    4.831424
    4.813396
    4.826071
    4.814040
    4.808129
    4.801430
    4.843648
    4.822419
    4.798292
    4.804505
    4.802369
    4.812321
    4.801430
    4.808129
    4.821558
    4.772909
    4.766186
    4.802369
    4.812321
    4.881175
    4.826071
    4.847189
    4.812816
    4.766504
    4.789027
    4.802222
    4.800485
    4.778890
    4.822635
    4.821998
    4.804928
    4.813672
    4.825024
    4.776713
    4.840103
    4.814899
    4.826506
    4.800605
    4.826848
    4.803472
    4.825024
    4.826666
    4.820436
    4.810078
    4.818915
    4.825115
    4.835265
    4.802675
    4.834511
    4.810931
    4.743477
    4.807086
    4.839554
    4.772518
    4.792883
    4.813306
    4.826506
    4.813870
    4.811864
    4.801192
    4.843506
    4.822085
    4.772962
    4.819595
    4.801186
    4.808756
    4.826302
    4.790021
    4.817377
    4.806844
    4.786267
    4.812234
    4.795963
    4.793615
    4.820694
    4.806916
    4.787150
    4.793615
    4.786258
    4.797019
    4.818523
    4.800950
    4.825105
    4.824416
    4.823851
    4.834511
    4.816632
    4.823337
    4.829400
    4.822419
    4.802445
    4.772962
    4.787150
    4.823396
    4.821805
    4.789942
    4.827654
    4.841067
    4.804505
    4.798292
    4.822419
    4.794045
    4.810931
    4.810078
    4.820436
    4.822028
    4.840103
    4.826506
    4.788498
    4.840103
    4.808332
    4.822085
    4.811043
    4.826302
    4.835023
    4.806844
    4.821801
    4.838220
    4.825115
    4.813396
    4.803472
    4.821326
    4.776713
    4.828572
    4.772962
    4.810821
    4.847189
    4.789027
    4.778890
    4.801186
    4.813727
    4.822028
    4.826848
    4.784257
    4.807702
    4.810867
    4.826506
    4.813727
    4.778890
    4.801186
    4.791700
    4.790376
    4.772962
    4.849149
    4.814663
    4.819092
    4.781160
    4.839215
    4.811188
    4.860578
    4.865700
    4.830871
    4.822699
    4.801186
    4.813727
    4.806916
    4.826302
    4.800485
    4.802222
    4.835265
    4.822085
    4.813672
    4.816249
    4.793797
    4.784257
    4.830871
    4.816689
    4.828428
    4.821549
    4.817638
    4.781160
    4.819092
    4.800605
    4.814663
    4.793219
    4.826506
    4.813306
    4.840085
    4.826506
    4.821580
    4.839554
    4.834511
    4.817906
    4.786258
    4.793460
    4.818737
    4.766504
    4.821805
    4.789942
    4.820694
    4.799634
    4.821375
    4.823546
    4.822735
    4.794430
    4.839508
    4.817377
    4.808756
    4.809625
    4.806844
    4.814899
    4.840103
    4.828572
    4.809625
    4.823546
    4.743477
    4.839508
    4.860578
    4.802977
    4.822699
    4.805888
    4.823337
    4.822419
    4.811864
    4.881175
    4.802445
    4.808129
    4.843648
    4.772909
    4.772166
    4.838220
    4.821801
    4.840103
    4.814899
    4.806964
    4.828838
    4.813062
    4.819448
    4.787851
    4.818014
    4.828352
    4.821799
    4.822719
    4.810931
    4.839554
    4.839962
    4.809625
    4.826506
    4.830544
    4.822719
    4.834354
    4.828838
    4.818014
    4.826342
    4.821801
    4.821799
    4.814899
    4.811188
    4.838220
    4.824753
    4.823971
    4.822822
    4.816689
    4.828428
    4.821799
    4.814899
    4.828352
    4.786267
    4.826848
    4.772166
    4.826506
    4.839554
    4.807086
    4.823546
    4.809625
    4.802675
    4.800605
    4.817638
    4.809459
    4.816689
    4.802369
    4.793219
    4.805967
    4.828316
    4.809625
    4.839554
    4.794430
    4.772518
    4.799634
    4.822735
    4.893330
    4.803472
    4.821326
    4.790376
    4.776713
    4.820436
    4.813306
    4.834511
    4.819444
    4.797019
    4.794045
    4.798292
    4.816632
    4.803874
    4.828838
    4.810867
    4.778890
    4.813727
    4.800485
    4.800485
    4.802445
    4.829871
    4.822822
    4.816689
    4.810078
    4.802977
    4.828838
    4.827260
    4.809625
    4.813062
    4.812136
    4.826506
    4.807086
    4.834511
    4.818523
    4.829303
    4.840085
    4.830871
    4.828572
    4.781160
    4.794182
    4.789330
    4.826848
    4.809459
    4.784257
    4.793219
    4.805967
    4.790376
    4.822661
    4.821549
    4.829303
    4.810821
    4.778890
    4.813727
    4.818521
    4.821682
    4.818333
    4.834511
    4.795877
    4.816632
    4.772518
    4.794430
    4.839554
    4.833143
    4.796724
    4.838220
    4.821801
    4.806844
    4.822699
    4.793797
    4.835023
    4.822085
    4.839508
    4.808756
    4.811188
    4.826302
    4.839215
    4.824753
    4.821326
    4.828532
    4.839215
    4.811188
    4.832725
    4.828572
    4.832360
    4.794430
    4.809625
    4.826506
    4.834511
    4.772518
    4.821549
    4.830871
    4.781160
    4.794182
    4.810867
    4.807702
    4.823337
    4.772962
    4.802445
    4.766186
    4.821558
    4.785726
    4.881175
    4.772909
    4.811864
    4.824629
    4.794182
    4.802675
    4.803472
    4.825024
    4.790376
    4.821326
    4.781160
    4.839508
    4.824753
    4.838220
    4.839215
    4.821801
    4.822699
    4.828572
    4.789027
    4.793460
    4.827654
    4.766504
    4.790633
    4.847189
    4.796659
    4.814899
    4.790021
    4.833485
    4.821799
    4.795963
    4.828352
    4.812234
    4.812776
    4.843648
    4.822419
    4.790376
    4.808471
    4.791700
    4.803874
    4.791700
    4.766186
    4.772909
    4.772166
    4.826666
    4.831303
    4.819745
    4.803874
    4.818080
    4.793797
    4.784771
    4.801192
    4.822028
    4.820436
    4.796724
    4.823488
    4.823971
    4.826342
    4.820694
    4.805505
    4.803874
    4.816003
    4.833143
    4.812234
    4.820694
    4.816003
    4.813062
    4.828838
    4.812203
    4.821464
    4.840085
    4.817615
    4.820694
    4.806916
    4.818521
    4.783398
    4.826342
    4.803874
    4.804928
    4.789330
    4.801423
    4.822661
    4.790376
    4.814051
    4.789027
    4.818737
    4.785726
    4.786258
    4.766504
    4.817770
    4.796724
    4.824753
    4.818014
    4.821326
    4.814663
    4.819092
    4.830871
    4.794182
    4.793219
    4.821558
    4.778890
    4.785726
    4.772909
    4.797019
    4.823851
    4.819444
    4.834511
    4.806844
    4.808756
    4.793797
    4.822085
    4.825115
    4.793219
    4.816689
    4.821558
    4.814663
    4.801423
    4.821326
    4.793219
    4.805967
    4.822661
    4.821335
    4.778890
    4.810821
    4.847189
    4.820436
    4.803472
    4.828673
    4.802977
    4.810078
    4.827260
    4.824753
    4.828532
    4.828572
    4.825673
    4.826240
    4.839572
    4.814051
    4.823396
    4.822822
    4.801423
    4.812604
    4.820436
    4.800950
    4.808471
    4.819959
    4.805888
    4.843648
    4.824416
    4.802977
    4.828572
    4.828532
    4.818014
    4.823971
    4.828076
    4.822822
    4.823396
    4.816689
    4.805505
    4.798292
    4.805505
    4.812321
    4.772909
    4.828532
    4.785726
    4.821558
    4.796724
    4.832360
    4.805505
    4.820694
    4.828352
    4.828838
    4.839962
    4.789027
    4.802445
    4.803472
    4.822085
    4.821580
    4.834354
    4.810867
    4.805888
    4.824416
    4.821801
    4.822699
    4.849149
    4.814663
    4.832725
    4.835023
    4.822822
    4.813062
    4.819092
    4.801192
    4.835023
    4.822699
    4.793797
    4.843506
    4.784771
    4.822085
    4.785726
    4.799634
    4.822735
    4.808756
    4.793797
    4.772166
    4.792883
    4.772518
    4.822419
    4.772909
    4.839508
    4.821799
    4.821801
    4.814899
    4.806844
    4.808471
    4.828572
    4.821326
    4.822028
    4.827260
    4.820436
    4.833143
    4.805505
    4.772518
    4.792883
    4.810867
    4.817770
    4.772909
    4.805505
    4.785726
    4.832360
    4.812321
    4.794019
    4.813062
    4.809625
    4.802977
    4.822028
    4.843506
    4.822085
    4.793219
    4.822085
    4.822699
    4.808756
    4.799634
    4.784771
    4.801192
    4.822028
    4.803472
    4.826666
    4.810078
    4.828673
    4.805888
    4.827654
    4.802445
    4.822419
    4.829871
    4.802445
    4.813672
    4.802675
    4.772166
    4.794182
    4.810078
    4.827260
    4.826506
    4.797019
    4.823851
    4.803874
    4.795877
    4.831941
    4.798292
    4.812321
    4.822419
    4.808756
    4.806844
    4.821799
    4.795963
    4.839508
    4.839962
    4.828352
    4.843648
    4.830871
    4.813225
    4.834354
    4.814663
    4.794019
    4.819092
    4.822822
    4.793219
    4.835023
    4.788498
    4.826342
    4.817770
    4.825673
    4.801192
    4.822822
    4.819092
    4.828352
    4.814899
    4.806844
    4.839508
    4.833485
    4.825115
    4.843506
    4.835023
    4.801192
    4.813672
    4.805888
    4.839962
    4.833143
    4.812234
    4.806916
    4.822419
    4.829871
    4.772166
    4.810078
    4.827260
    4.821326
    4.814663
    4.832360
    4.808471
    4.778890
    4.803874
    4.818014
    4.843506
    4.825673
    4.819092
    4.784771
    4.835023
    4.814663
    4.822735
    4.785726
    4.808756
    4.822699
    4.784771
    4.829303
    4.826506
    4.802977
    4.794430
    4.796659
    4.788498
    4.843506
    4.812604
    4.826342
    4.805505
    4.802675
    4.813062
    4.821326
    4.794019
    4.819092
    4.832360
    4.843506
    4.839962
    4.772518
    4.839508
    4.808756
    4.831941
    4.839962
    4.801811
    4.839962
    4.812776
    4.813225
    4.801811
    4.828572
    4.832360
    4.829303
    4.812203
    4.826506
    4.807086
    4.839508
    4.822699
    4.789027
    4.807086
    4.829871
    4.816249
    4.835265
    4.784771
    4.839508
    4.822735
    4.833143
    4.812234
    4.806916
    4.792883
    4.822419
    4.808471
    4.803874
    4.843506
    4.778890
    4.785726
    4.802675
    4.829871
    4.792883
    4.821805
    4.805888
    4.829871
    4.829871
    4.818521
    4.797019
    4.834354
    4.801811
    4.802977
    4.819092
    4.785726
    4.833143
    4.821335
    4.806916
    4.814261
    4.793615
    4.823971
    4.785726
    4.817770
    4.810078
    4.813062
    4.814261
    4.818521
    4.813062
    4.823971
    4.830871
    4.802675
    4.826506
    4.772166
    4.835265
    4.829871
    4.784771
    4.819092
    4.843506
    4.835265
    4.802675
    4.772166
    4.797019
    4.772166
    4.802675
    4.802675
    4.819092
    4.839508
    4.835265
    4.800485
    4.822028
    4.827260
    4.801811
    4.832032
    4.786267
    4.772909
    4.821580
    4.813727
    4.781160
    4.817638
    4.821580
    4.824629
    4.792883
    4.794019
    4.828352
    4.797019
    4.794430
    4.822605
    4.849149
    4.813727
    4.784771
    4.833143
    4.793460
    4.828076
    4.843648
    4.813727
    4.802977
    4.832725
    4.805888
    4.797019
    4.794982
    4.792883
    4.812953
    4.843648
    4.806844
    4.827654
    4.830544
    4.833143
    4.843506
    4.792883
    4.810078
    4.807702
    4.772518
    4.821580
    4.817377
    4.827654
    4.816003
    4.796724
    4.813727
    4.788527
    4.827260
    4.839554
    4.794430
    4.805505
    4.787851
    4.822822
    4.822735
    4.743477
    4.802675
    4.825115
    4.807713
    4.808129
    4.822699
    4.840085
    4.792883
    4.793615
    4.793797
    4.801192
    4.823546
    4.828572
    4.812321
    4.811864
    4.814663
    4.794182
    4.813306
    4.812953
    4.816632
    4.835524
    4.826666
    4.834008
    4.797019
    4.839962
    4.805742
    4.797019
    4.791700
    4.833143
    4.797019
    4.833143
    4.834354
    4.828352
    4.796724
    4.808471
    4.792883
    4.802675
    4.840085
    4.822822
    4.813306
    4.792883
    4.792883
    4.789330
    4.832725
    4.785726
    4.812816
    4.843648
    4.803472
    4.822735
    4.831941
    4.811864
    4.807702
    4.816003
    4.796659
    4.810867
    4.823851
    4.860578
    4.766504
    4.822735
    4.797019
    4.794430
    4.812248
    4.816249
    4.827260
    4.814862
    4.810867
    4.801430
    4.839215
    4.814663
    4.840143
    4.830673
    4.772518
    4.821549
    4.810078
    4.800485
    4.838988
    4.816249
    4.826071
    4.821558
    4.822028
    4.821805
    4.803426
    4.820694
    4.795877
    4.827260
    4.799634
    4.806844
    4.772518
    4.803874
    4.816632
    4.789027
    4.791700
    4.795877
    4.794019
    4.813396
    4.813225
    4.805505
    4.832725
    4.816689
    4.797019
    4.809325
    4.821805
    4.788527
    4.821801
    4.803874
    4.808471
    4.838220
    4.800950
    4.803472
    4.807086
    4.781160
    4.794430
    4.811864
    4.813062
    4.792883
    4.809625
    4.772518
    4.789330
    4.817770
    4.828572
    4.823396
    4.791700
    4.807702
    4.806916
    4.819092
    4.828838
    4.819448
    4.821558
    4.794430
    4.835071
    4.806844
    4.806446
    4.793219
    4.822028
    4.789330
    4.823337
    4.812776
    4.801192
    4.823971
    4.822719
    4.818014
    4.816632
    4.822635
    4.831941
    4.805505
    4.805505
    4.839508
    4.812248
    4.806916
    4.819595
    4.811188
    4.794182
    4.821799
    4.806844
    4.812321
    4.818915
    4.808471
    4.794430
    4.826506
    4.797019
    4.828572
    4.806964
    4.809459
    4.809625
    4.786267
    4.783398
    4.821375
    4.807086
    4.803874
    4.812776
    4.812604
    4.792883
    4.856200
    4.823851
    4.806844
    4.814051
    4.812136
    4.811188
    4.814899
    4.791700
    4.826506
    4.796204
    4.816282
    4.838220
    4.823971
    4.788527
    4.803874
    4.796659
    4.793797
    4.822699
    4.821682
    4.811864
    4.795877
    4.806916
    4.789027
    4.789027
    4.786258
    4.780688
    4.817770
    4.799634
    5.000000
    4.772166
    4.805040
    4.743477
    4.814964
    4.817906
    4.812234
    4.802977
    4.860578
    4.784257
    4.807702
    4.810867
    4.794182
    4.810078
    4.794182
    4.772166
    4.819794
    4.810078
    4.776713
    4.802675
