# vtk DataFile Version 2.0
polydata
ASCII
DATASET POLYDATA
POINTS 1660 double
2.71993226450901 5.71240011989469 5.26914605287074 
3.50595018554144 5.15265912566365 4.21168806818432 
3.71037035476005 5.26774901765037 5.1266219576289 
3.87404825537547 5.37398028922421 4.36308431050763 
3.8301730476396 5.68334760650065 4.25439177547098 
3.12737623922199 5.57740484202737 5.49436774362241 
3.10656966511397 5.67107967394102 5.93002421152834 
5.98381470355147 0.651832213558031 2.40873471972347 
6.80174360295402 1.4799665006357 3.05887769006408 
6.76389496183817 1.78533549356978 2.49929471893948 
6.17903847268092 1.51864415818541 2.8632133766889 
6.58593712416297 1.70064956299007 2.90103484864696 
0.936884839882426 3.23500683431082 6.66243913779529 
3.30766121851908 5.46661459492131 1.14064199311046 
3.21312859184243 5.69581722398691 1.21090753476914 
2.62866047563655 5.45298719555394 1.19465631581526 
2.27026868872406 5.79761924956854 0.778741144722289 
6.15867210266586 3.20791129799754 0.183856463042532 
5.62998178780796 3.14646836585266 0.361673619981615 
6.01886110668962 3.54069364567092 0.81569043833872 
5.46577797456159 3.52926681814286 0.696755056203569 
5.66585786115708 3.86533612886243 0.771427732833244 
5.63355438448875 3.34792996806985 0.697644002746036 
6.32129617678162 3.49182111830382 0.577036681878093 
5.9742110177636 3.7885316773478 0.837574167921275 
5.17705427833528 3.48705817935859 0.264682619189679 
5.22013978570974 3.56740728817641 6.57269678788907 
5.24414148538211 4.02201009026196 6.71315231900765 
3.05378018000623 0.964986409746272 1.21494744878638 
3.35856040273538 1.20539653104371 0.618885624879898 
1.98222593824865 1.6092666134527 0.775209805617594 
3.38302521104175 1.34922093813843 0.748842134080828 
3.14489686078027 0.848105269229514 0.769737049103419 
3.15813203567435 1.28181979557787 1.19657561772706 
2.74957924877679 1.61420799004186 1.28948167974439 
2.45325980271697 2.05630999111708 0.750601574299944 
2.65068251283957 2.03969296850294 0.866076849393966 
2.55611192878803 2.07363168509494 0.564744091861544 
4.71371512314315 3.33436301618077 1.44855581971711 
4.29266690143597 3.127908593452 1.26839387547183 
4.84880118837179 3.06861622058963 2.51099898877946 
4.92414707009989 1.89047798988731 1.68980527367397 
4.59256551815878 1.56868128565927 1.92542179306547 
3.67687074490463 2.44490915202317 1.56996045326076 
3.70581237826216 1.71551684163259 1.78943821208044 
6.1436949265008 1.1575182479738 5.79153327607253 
6.50308953200516 2.05273188467749 5.18166455474022 
6.04786290801254 1.57596510930672 4.99625682777436 
4.45794160495389 6.35434056639549 5.36850531294321 
4.3835347439811 6.09316115218825 5.73708294181786 
3.88061450507655 5.21437771422856 5.19945761337689 
2.27416379214567 2.8089013658801 5.17470653497596 
1.50319421424967 2.84735722772282 5.5832591941264 
2.33838924687943 2.87198467443734 4.99138559930429 
1.78427919750709 3.12465479134375 5.55526077785906 
1.22637139116999 3.2196212356688 5.49144724564482 
1.63801413944124 3.34911438284317 5.49854884325124 
1.20933749618371 2.99673215572499 5.51508048476157 
1.67394112021644 3.53912528839875 5.13079413903001 
2.04405710369253 3.35803936147514 4.77841901057815 
3.78428645522661 2.12965356868801 0.196673576417353 
4.37747134939079 3.01112284209621 0.460573413070782 
4.07824250860335 2.13206612312406 0.0869011502908132 
4.06388430625824 3.15863660414092 1.23486382962558 
3.6025937361307 2.66739553494648 0.269563333821693 
3.49178557943496 2.84368719757344 0.910827574847017 
3.43123265891355 2.69232240794308 0.548765438707855 
4.0593069679984 2.85620893955601 0.147105009202022 
4.25135300238741 2.62133898946737 0.00588831412590936 
4.63006700841283 2.64395519868434 0.214433188864747 
4.47877448707269 5.74706717046239 3.78819828610938 
4.71583930484235 1.3235322098251 0.669514869304502 
4.56974231450509 0.781262507927134 1.7412564433959 
4.37432867616111 0.865759941013946 1.54855677195314 
6.72889045798525 6.14077913761601 6.14318048881263 
6.31552604287657 5.3076463246528 6.58597939314105 
6.38737307197256 5.31183429807356 6.04826903981705 
6.67488387763075 5.89326497738066 5.83121801470406 
0.739915376879004 1.65344697969484 1.84516436477463 
0.338843193682201 1.33485895560903 1.57509498563809 
0.761109598929514 0.737221073109171 1.5549521872018 
1.18500717012606 1.3367123864892 2.08798188385604 
1.01445415069116 1.47799594816451 1.80907521822353 
0.755856129910652 1.04562837814132 2.96670372155656 
5.60000300632812 0.533539686634616 2.38597672138612 
5.15719192132668 4.69576543705385 0.864533631629584 
4.60028554478167 5.4837584507897 1.05006049691572 
5.35856703823336 4.59070032943684 1.09340735045903 
5.8536346515411 5.32509134249911 1.04267775534297 
5.44642931170201 5.45907597120107 0.71044890691809 
5.74442029708716 5.49537013553373 1.52122348264817 
5.86904977960134 5.1150378285731 1.00366273436283 
5.33145880370224 4.65816646585684 0.867790545230667 
5.73778498915433 4.83451208036508 1.33360822046283 
5.11951842599145 4.61102321435979 1.15107425719546 
5.04260530215693 5.10379147141285 0.69496144413115 
5.3830619750802 5.2377071717313 0.608706410721554 
5.59205393890021 4.99263757321699 0.712041916315068 
6.56272021761609 1.16011483773303 0.886117064035661 
6.42764358961842 0.624012586503742 0.796904440816673 
1.02679897334073 1.48370740861598 6.04341023617856 
1.43790593182584 2.54696823243811 6.08525341812462 
1.05424726984816 1.6827373837143 5.91678741722878 
1.30700474648054 6.72547395513317 2.71947725624676 
0.681835978637567 0.616231776652457 3.63399113196348 
1.36071539324725 6.8774388715564 3.38267842923618 
1.19668528405857 0.305457758755834 3.69421006545197 
0.89891928845144 0.272474650168225 3.74570478543916 
3.21676704885172 1.83238567688152 5.1552489127489 
3.18542385543141 2.58907396077906 5.51121793819276 
2.45556009923239 1.62255933075351 5.23470597722102 
2.86732470749301 2.94633029386877 5.34192043612647 
2.61654662200972 2.8561773241517 5.48600725542155 
3.3798095932929 2.30268490392137 5.15888378096616 
2.23373195242814 1.8850942953132 5.38055994104023 
2.73124667240441 1.57926558020906 5.52856939209196 
3.12419971174523 4.54358511079799 4.81206018119638 
2.80939778111452 4.52086205205628 3.66733556569446 
3.54180732387633 4.81119456063899 3.97126935031874 
3.32178254864192 4.42231691738408 4.20468558208413 
2.64940692702499 4.81421881292322 5.07361977810405 
1.20558622821055 1.77337346964363 5.00218450936657 
1.89193766069546 0.720667193016393 4.6905298624942 
1.49030125358086 1.16463417386469 5.31687042433463 
1.9190530213943 0.944963052644099 5.23062194504869 
1.77894479560822 3.01643207739234 0.383884984025351 
1.54080088729097 3.25663994357666 0.681033391550175 
1.90985073872537 3.56939496509844 1.19397713125185 
1.2672804974379 2.91166675875389 0.987126071379153 
2.20118464179552 2.3827605772425 0.876866308831198 
2.11981057556999 2.67060942287521 0.483577129887875 
1.92723657031577 2.48224553558277 1.72606297618355 
2.09087595549353 5.88388567075946 0.877058176945784 
1.77589301075507 5.66715529800429 0.610490159242156 
3.49454487548183 2.66139829859574 5.99887599893982 
4.26093752986977 2.74651487719091 6.52082801479383 
4.03555860676796 2.32641469586293 6.17122534419733 
3.53058515838099 3.19931987962549 6.25347672567769 
3.95204087243436 1.93335932341751 6.34673055441889 
3.47793313401664 2.73232342234523 5.67774626120879 
2.83664962702018 2.57793999774546 6.54055525246555 
2.90085249795519 2.84670815197169 6.66531356923199 
2.21185889120882 3.26802322180433 6.02406045876151 
4.82954862633933 6.38430915655291 6.02234465913932 
4.44461460711986 0.298534922844432 5.47253662450728 
3.87690627685075 0.345228642181805 5.76591337078612 
3.11303854068902 5.6825263900317 2.35529620056652 
4.04889601988869 5.46229495122046 2.97766695956552 
3.61387842890537 5.63655511606397 2.18965510841716 
3.68636170864204 5.80418988832262 2.43762691466215 
4.70290334845998 0.511326356346546 5.1856266903645 
4.62491344302014 0.545583930893086 5.06133130338134 
4.750813499323 2.84747308581287 6.3032947862044 
1.84556556057754 3.90924079004082 1.2123378948988 
1.87870227488661 3.85453382809685 2.16160256442139 
2.11983154018959 3.43567330550098 2.24997033995574 
3.1068417673279 3.74943369575792 1.67916944600861 
2.81584527831095 3.36424440692446 1.25234904929687 
2.77669976635939 4.27507925028739 1.47916533840623 
1.78088871019646 6.42057312411398 3.84641127429815 
3.63062677974641 1.41233623806015 1.65225204240794 
3.58358730720334 1.64291191735612 1.82552372959482 
2.99472634220257 4.76982539550379 6.08315546443038 
2.57029799108399 4.56553263162492 6.17775179974901 
3.20943870667322 4.55822179272155 6.18192492139053 
3.51662582105919 4.60283912310315 5.29525363210015 
3.50082295119185 4.39569136622546 5.81444950501907 
3.03952568238152 3.78259555850731 5.24360673025541 
3.34820854562876 4.30906055570374 4.99653296957708 
2.35557475498549 4.51915833287562 5.88216390544459 
2.43185608976883 5.53866186746718 1.98352430657782 
2.36200353532845 5.43042148892761 1.752905482455 
2.8169733072898 5.85729585412231 2.02635889360163 
2.67235057490349 4.6902846492636 1.68506999443087 
2.43960951402563 4.93750762721337 1.53223779119895 
2.91373945055169 4.67673693324168 1.49788103372106 
3.4835334810193 4.80862295340846 1.76394495014402 
2.68851575323938 5.14504425782835 2.44751539724888 
2.22744314315867 6.06312359801053 3.29619604088108 
2.77954581655144 0.343293383300923 3.45035403220471 
2.16244967060087 6.3902793025939 2.801962137639 
1.90500554394175 5.44688986885124 2.62855857102618 
2.09728008075635 5.24938072064572 2.80091820373772 
2.2740791240978 5.61174701888915 2.01038318236723 
2.32737683559615 6.27049029898637 2.03659458090214 
1.99461699786102 6.27434017823479 2.61454834519053 
2.48037431609627 6.32903197164373 2.04944101465839 
0.854949989732026 5.98771719931216 5.83624767745192 
1.22191398952254 5.39945571070553 6.31013465155901 
1.21988825187724 5.34727319879137 6.61028516800691 
2.19876794889082 0.645178789826556 2.4917897906681 
2.46190731425559 0.514667964578228 2.43808375839496 
2.47136581792893 1.16289774507809 2.32507749730071 
2.70006050435803 0.839481577714949 2.32703262276758 
5.50971003844738 0.673856424199374 5.36341299894555 
3.4962508471291 4.75201366376221 6.51187041146784 
0.55165801326841 3.74912770665033 5.66934814225855 
1.11372885306375 3.49378433072447 6.7903067169749 
6.74217534666494 2.38942087734992 4.46963995289821 
0.328589275265561 3.26443489374754 4.85759088967663 
5.90464302051645 3.34520954726951 4.28922395758019 
0.272287749933227 2.88638710888668 4.15646749905447 
6.5223344572398 2.61176476122991 4.8691055206948 
2.89830348798516 0.64478874088715 1.75658159853825 
2.79594594310805 6.8623942973121 1.85664539681931 
3.64857102262238 0.156573975918662 1.46770815535283 
2.78369065388933 6.62088999215027 1.64676246306828 
2.62728064326946 0.187134812783515 1.79205848769007 
3.37618642608117 6.9040879840495 1.84386659179936 
5.93955518565427 1.06053906547599 3.86216179111426 
5.54038196371946 0.408536708479619 4.01332170185785 
6.46769112046272 0.632906570354143 4.31504738603278 
1.73507777560618 0.519472945856968 2.02908069111457 
1.36866744035851 5.29345522975564 4.89933027162466 
1.410046495525 5.65318568637909 4.89186237099706 
1.47669207717186 5.1053911030416 4.64322630073165 
0.843982617479466 5.88510745385096 4.81121211680629 
0.760043845204452 5.35711950708095 3.62337439024885 
1.01383221100722 6.11645390876556 4.43817990312311 
1.0378234915731 5.72179190625224 4.99088938372385 
5.88308613564575 5.07241760728943 5.72673869777778 
5.24975801252258 4.94631211995907 5.60883108425795 
6.28157559713142 5.17019634153373 4.71545836876436 
5.63732532697092 5.37790289845088 5.5320848959663 
5.66174223049043 5.53213872534484 5.22036172340525 
5.74127989614153 4.87245161992532 5.79394860390461 
6.33514764298603 4.7885625291197 5.53848322446927 
5.88913549310451 4.57362823433072 5.68439137688464 
5.23791535364274 5.20551557018555 5.51054911939074 
6.54149526308832 4.83706520108149 5.09540770071315 
5.15493243246415 4.71021618863821 5.40360932941991 
5.44294492289357 4.39360767013368 5.35837404495345 
6.30205486181238 4.63138770806615 5.54094830952048 
4.33198693271668 6.08163595652525 0.706001018673816 
4.22358637228916 6.21129690279023 0.788303067248945 
0.877056313310083 6.52300883850792 4.61214614572509 
5.92718110330539 2.0986532472715 3.27004243397497 
6.22005817714234 2.96556488618479 2.49129422498375 
6.61725082756724 2.93713434048644 2.38938978336456 
6.11180693452743 2.85343215843596 2.81549738348403 
6.19572266481845 2.86646107261902 2.27433313855811 
6.49712153198136 2.17463815671356 3.19879096224725 
5.79762867154407 1.77855702636065 3.11204827068264 
5.64128268571665 1.66961721700064 4.81410096477703 
1.95151792471169 3.53217040653854 6.66530600831221 
1.64104694441884 3.25835592734266 6.91701653946267 
2.80435871237806 2.89211706323405 0.0684797062205229 
2.45393597309357 2.41063527203842 0.25967333417081 
6.08712224148387 6.43957652746229 5.54353590709882 
5.78748520563742 6.49336517310693 6.31607210809356 
5.60516350451178 6.20818170816544 5.58320079893924 
6.18864043811348 6.57210834389485 5.84462040525884 
6.13652676921609 6.7306339307489 5.29761994205693 
3.70229580382894 0.832410137063184 6.03693124875662 
2.88936038211504 0.262719083456044 5.89779676162618 
4.62380370351693 3.84391371003088 2.90728550715622 
5.60743377783329 4.00235053971188 2.19182564576753 
4.69614539012796 4.21800755254213 1.78797184164199 
5.01676231158142 3.20979166372429 2.70496485267545 
1.30212413609243 4.58828573090754 5.68849832951325 
0.826971793445781 5.09727637800332 5.6618387987568 
1.33265566545517 4.76936658802284 5.67957828393622 
1.60718247323239 5.02008956294998 5.1318633237809 
1.46881898685328 4.21897595116636 5.07533072313683 
0.416570605588378 3.4801162642086 2.6331524689015 
3.5357297443423 3.63197933728086 3.11142052668057 
3.55748504064403 4.17236927150423 4.22147795305851 
5.53317748910399 4.10823318830282 1.17006325975577 
6.55771357947275 4.49095208423952 1.26306597566682 
5.90991474749764 4.05401643169474 1.33849420679935 
6.54554443572936 4.83997478603207 0.342088948323356 
6.12840429333783 4.40346468635306 1.4665640818575 
6.75124937446608 4.28852060341367 0.796906545958845 
6.81682647439002 4.61969792209878 0.68988870155796 
6.68997485056396 4.8539612522075 0.982260387316772 
6.42081028482299 5.39665028418485 2.19332379630929 
6.41711226709533 4.91894593126526 2.26775326459028 
6.61561920871538 4.77706930029848 2.76792870264533 
0.388949018998988 5.08611758774022 1.71193160529071 
0.514408711154619 5.65716268530851 2.70369609771819 
0.657549024959027 5.61994117045872 2.34597969787689 
6.96395742628909 5.0548889939292 1.61309544302673 
0.340257666180689 4.96629944225987 2.85970641234965 
0.405390851664617 5.61544534148959 1.77452214807552 
6.72809178069849 5.47411401608674 2.89715626365144 
0.382623911389798 5.37080594547678 2.93529991774644 
6.75199636893927 4.96772283026584 2.96126529220015 
6.38511620288911 2.78210897821485 0.10758683960254 
6.83575730610156 2.63286800627036 0.518195413875269 
6.72229856673135 3.20228181225676 0.848602351392791 
1.1199324861816 5.66688666538343 0.589993360100299 
1.33448713884103 5.41640549833368 0.792491517915944 
0.725316118200157 6.0603462806858 1.06373761201592 
6.84793599582226 5.00822541194463 1.07268557669584 
6.75808334162818 5.26968037496893 1.04495202208975 
1.2632172856461 5.15281123808744 0.762706027625496 
6.24943745251255 6.12280954606901 5.44005293908156 
6.38780660119795 6.47318941550547 4.98611208580402 
3.60828596137001 0.950590604376975 0.52348166899885 
4.39724902797594 2.04307917973327 3.20995715095278 
4.35269208674381 1.91466318257037 4.43823866077282 
4.85154840573807 1.61070264309284 3.61127788517228 
3.99995773417188 2.22455883301823 4.23373439950067 
1.0146944568549 6.43629428784491 2.02244364470134 
5.47603295686358 2.49458159247369 3.09026781968542 
5.25351618145784 1.46211625795851 3.28978191071824 
5.6266306110608 1.47740662973514 3.42153580482016 
1.61474967050244 5.31927030365258 2.56630331893638 
0.831192027483451 4.38106370246328 2.00785867470899 
0.717723161081421 5.28855785551783 3.20603788111389 
0.649621836560626 4.38890930782895 2.12849482052193 
0.72501822993508 4.83126119041513 3.17768506391947 
1.51754811930794 5.28985979150605 2.25725254428514 
0.720920641442803 4.75825564662354 3.28810069901376 
1.88237169315412 4.82946738858766 2.86555323525984 
0.88293924566615 4.62991996094574 3.22719918210679 
2.06316811196688 4.74283805189794 6.02472328890487 
4.6400164492317 4.40757119968579 0.356721042925529 
5.88268110142806 1.45844281364392 6.46514709673407 
6.23010910863559 1.77761062258238 6.57595175969897 
6.0411706389472 6.35312210044322 2.14386997054705 
6.21989312609987 6.50853665382171 1.05300413992881 
6.06836509467518 6.0890810810677 1.62068337141318 
5.42448456626405 2.47010634800823 0.735916492568878 
2.61766430002755 2.2605763456044 2.26500012897645 
1.9182034133915 2.37024931592838 1.81096858503862 
2.26354227107541 2.28109573855531 2.59072578775179 
2.27223553276096 2.6724112369648 2.96421643147131 
2.54069514690009 2.26274555297758 1.94568154481957 
2.7296675908073 2.56661822925098 1.71977855230491 
5.07316851218007 4.77470713362028 6.48571220939075 
4.91816758687816 4.4040670476754 6.52653281008917 
4.67795064962454 4.50882173365959 5.92081315234085 
0.990377696475044 6.09481448067125 5.4479808767268 
3.92292338224491 2.32018932243133 5.26790301156497 
3.68126617416072 1.26249657202754 5.89568487285806 
3.96719087056509 2.48879741216237 5.46365188424659 
1.4115524278853 1.44399124121372 2.05627136240941 
1.32022460223639 1.66934979385456 1.72986724923891 
1.64984206687424 4.10376469850208 0.90020397788255 
1.05290639486113 4.02029850213346 0.666089181008215 
1.76336247770391 3.7015868893044 6.72625334710827 
1.56258958004123 4.70729717222117 0.636619737526727 
1.51105966728139 3.44705025815987 6.93857855237037 
1.99325874889615 4.52140210269809 0.0928683143942834 
1.75651462447521 4.68719144769591 0.616394385302586 
0.870581478201408 4.09708098151278 1.57058524258368 
0.722488778942447 3.14809647398035 1.54558127298012 
0.919561399349125 2.91161077869113 1.0110395481744 
6.13698576527202 3.07137408274807 5.85330602864836 
4.77835300704046 3.30989002856531 5.80523302293407 
4.78364841710395 2.80703351070773 5.65996759330194 
6.03849050375001 3.39191179864241 5.76626423217019 
4.74583619749304 3.26724450805945 6.20459170935065 
5.85979668951556 2.76497744416002 5.5998487231324 
5.4755046114812 3.06901143111944 5.34462526330167 
4.95413816083503 2.73126256900079 5.54335581510152 
6.14445198474178 4.15943333315086 1.83776063983558 
5.95665005361882 3.92308882371803 1.60798880742789 
1.58370471090616 4.87096178930078 5.96262279395919 
1.81136727233611 5.95104224743583 5.36447765625583 
1.39460965271347 6.22447684382239 5.62974344768221 
6.26390974718147 6.41483113248587 0.766985545105522 
3.89155463063469 6.14541638807904 2.30468639222607 
4.21479281738867 6.54169585984899 2.59141797530964 
4.25169687900814 6.23155304048754 2.45291643658649 
2.35711269079984 6.11524897342235 5.35696731766138 
2.08067441733169 6.18000587538986 5.23894781901611 
0.465299411813755 4.76652378840051 6.88835082517064 
4.8350123406877 3.6855078488944 4.17728130164248 
4.48776708148498 4.76771223222203 3.27006063827981 
5.01822154020859 4.79244323827635 3.53914795079392 
4.72015941373251 4.91571469135809 3.51178308808103 
4.74069043095515 3.92000494164258 4.35398789928773 
1.93501584297999 0.6943644405251 5.4979994840146 
1.43381152993034 6.86375277342957 5.43775964544241 
5.44588065955492 5.03644873377083 3.18978363106841 
5.06339090684269 4.92077408104845 3.51317796605692 
5.55672494558369 5.63386917277828 2.82944114738651 
4.52117794054101 5.23888805321344 3.019505596754 
4.99973305922565 5.73495146882208 2.61122368778844 
5.37353503631213 5.15935438580619 3.78542311988579 
2.86128134681016 1.94734290971408 1.6648378300785 
2.67168741476996 1.94056261520457 1.87238403425809 
3.2277116513612 1.71403720367108 2.50037431940336 
2.78523695578092 1.88097110406731 2.2644916077509 
3.15334474211474 3.34078995436673 4.13481533665168 
2.07923747647198 4.67830253040932 1.49966338947513 
6.09997375496353 2.45888921001281 5.17408926771185 
6.44636454342022 2.46962273345009 5.12217428561241 
4.83622057335784 0.887822051754014 4.52323608212033 
4.74580286921401 0.634068095698862 4.32797907386529 
3.68142195870778 0.74211078162671 3.44718423454021 
3.46983333535018 1.95890444469955 2.6961512309507 
3.83009052241971 0.629384456345025 3.25151109640714 
4.1151291328984 0.846065642333184 3.17911545392339 
5.58445677214144 1.80914333908421 4.87639109983439 
6.41776613861953 5.40255050143284 4.62926586575346 
6.44042663223995 5.61968476845959 3.72660115513007 
4.70699663255051 0.867530148844043 4.99164314409426 
4.92147739016991 0.880635097028045 5.25970306983463 
4.90412225159131 0.957337406889642 5.1737650564711 
3.38704786301924 2.70848391129128 2.63531195610318 
3.52865670619299 3.71248189084467 1.86517257070356 
6.30743377187053 5.42019932456588 3.48878928866366 
6.58967310108901 5.60338523786635 3.05621772738798 
5.95428928681581 6.22099330003389 2.51486068935769 
6.02582184098483 5.77989436210997 2.59626995674877 
6.19395332541085 4.36296714000525 1.77537647506915 
1.32515465104122 1.87719302271217 1.70589358574192 
0.412944601343829 0.782629842921846 4.01062169089546 
0.765897393261184 0.197294738625235 4.22562586536607 
4.54611223038559 2.07209722195146 2.88037958041121 
2.8365082643926 2.51288584373489 1.36424688888338 
2.8887231616199 2.44535443380815 1.55000613643048 
6.06157187525275 5.7016324042251 1.56786564471505 
6.19126661434242 5.49524425659687 2.15168854016948 
3.15446401773739 2.96155632752127 0.202650778833397 
2.44276367720428 2.48470277692292 3.42227410719392 
1.7203911270772 2.52375847316483 3.53666929856352 
4.3115684332402 2.70949697465025 5.10273417235494 
4.06658055927593 3.44121721065462 5.00420704920368 
4.33636444697159 3.59103955178549 5.57531355123554 
4.26822615984713 2.77094105089119 5.29241048169879 
4.06665155818639 3.33200357593472 5.29881018834936 
4.73732573704578 2.60172077057645 5.07020772763852 
5.042886187782 2.87089539589916 4.64473058175526 
5.48800345290996 3.24936892411739 4.75510610835148 
4.85863802464946 3.5114908960952 4.44860991468922 
5.4636245857664 3.06434935281334 4.80817894163643 
6.0296232698781 3.75805169681219 2.96905942436169 
5.97261855210736 3.29477204656542 3.1470905547641 
1.61303158504167 4.72389428055472 6.63117282779718 
1.48314508743974 4.14746281300778 3.892897819506 
1.39854331349527 3.97542954254968 3.8039420448896 
1.48084913301742 4.24073631611157 3.6888005805263 
1.39519275620777 4.06692425650884 3.62947437728104 
1.55334057646346 4.44606333439494 5.99955104809126 
1.67099328684561 4.67508336104998 6.09079024092908 
6.02496495858995 2.18356194540285 6.78709201242416 
0.334846662948877 1.76235048288073 4.44172999602997 
3.88584376189895 4.70128883964367 5.33112511569627 
6.10579711051752 2.33910902600678 0.170516161087419 
6.38971578996844 1.339166725111 0.585086210874372 
6.33264292725917 2.15375026714428 0.444469532456866 
0.784118488174214 1.90880491487833 5.00759070856545 
0.590186387784892 1.8866374092911 5.41785779628893 
0.430449308832166 2.40333967528508 5.58394623236892 
5.51250640278488 5.7992324655551 0.332532352808414 
6.88240022982768 2.60575917517064 3.46877312502386 
5.65628892169613 4.68083056517867 2.98346812622956 
6.2881104361953 5.12143336765617 3.58532362890294 
6.55157699937333 4.90002297770713 3.88863982781047 
0.193739306503967 4.74613941106905 3.92413358176155 
0.441889724951301 4.60943794607186 3.35634406029963 
6.66372405852479 2.54399377018038 1.04317367409598 
6.80598887340114 2.48186416917352 0.607831798962035 
5.75667232023477 5.78560317980058 5.46741694100485 
5.97691652045605 5.27428886505492 5.93550420625816 
0.380982310873261 3.74745011612097 2.66373528501861 
0.826214519734709 4.0034463276915 2.66335352324376 
1.0612771235302 3.72411615905462 4.02671254784382 
0.825740454823813 4.26495685190167 3.22793091722138 
0.533327785470404 4.20128773675529 3.31515645629708 
0.239884096562934 3.9039488033022 3.03809596367269 
3.62158338276209 0.488490479248857 4.1558982591235 
3.54547718356392 0.413017365261939 3.94882930544486 
4.03737963236701 4.14907055127008 4.80135107917792 
4.45979013643329 4.83138469287572 4.79045096060757 
4.74076381158031 4.40354006103514 5.70303091622111 
5.14878318673973 3.88432811638254 5.61766646629487 
4.39258293684841 4.32415649271521 5.59927937748764 
4.13818973913772 4.5310729947892 5.15443374131431 
2.32638552922206 3.67106320250769 4.69403173372856 
3.1146116520842 3.58688499690598 5.16204292992012 
4.77538769723133 2.1770670085894 4.93353694915756 
5.59374527456311 4.75897417153286 6.51409110692057 
3.55461527264018 3.62649780367697 4.81337207309555 
3.6336968944395 4.06905642733986 4.71774225378333 
3.7366859945544 4.37730328002098 1.65486397088364 
3.78545500891664 4.15309752500767 0.992842882052853 
3.54666153729736 4.18424294976253 1.48714201110932 
2.94676502156383 4.43721772026083 1.39043758087051 
4.42507255696211 2.04294787384924 4.88299329901602 
6.51631086660884 4.66054769632023 4.05945945171336 
3.10400370025555 3.41077938539693 0.479098632980421 
3.27099628965838 3.26541585160277 0.967188154771676 
3.83404664962946 3.90282897622815 0.904558611980214 
3.46003176448825 3.79239579295837 1.63788320907745 
3.67171867172331 3.54344236932875 1.20394204696949 
5.34843417304307 1.65844049887122 1.02673945519093 
5.29764488361209 1.79241948561835 1.76798340895974 
2.78752792364318 0.934917436476315 1.2975165373824 
4.12721866736488 0.583758099565524 6.16756869899582 
4.28481630446727 0.632586335679678 6.15173850618687 
0.897665263967617 4.69118773666423 3.1065471210725 
0.874528659135592 4.27774467565253 2.44155309778946 
0.759837378101551 4.15520429085767 1.13166540143873 
2.40354301932931 5.88092092906488 5.51956512273699 
4.63479447225337 4.43407001674398 2.37262771022209 
4.88509458031222 4.47162067952354 2.14813073374818 
6.00136026151187 3.67744823625683 2.69240631283187 
6.19946982773254 0.561257403578542 1.13811552259992 
4.97683553183559 6.0354395977962 3.92218073893646 
4.86812954637459 6.42249422514707 4.35132195419119 
5.00139934465056 0.392304158184811 4.03135834696322 
2.08887465108483 5.54020244869314 0.49124256990046 
3.26404802611421 0.663781658586534 1.67957735288886 
3.53811235822639 0.295867023984595 1.69766154035459 
0.349819917277666 3.24161412482104 3.00301197665161 
2.04581831080882 3.24677600186561 2.75700263138451 
1.47197959994231 1.880367966379 1.54130598520759 
4.28085102662017 3.72242437626137 4.98397596742986 
4.29137920385146 4.80992721801087 4.07022334749453 
6.21737928428676 6.08076060207577 1.82211440237714 
6.25993507558517 5.70045008917052 1.84858558893495 
3.52987489830833 1.57306420653403 2.33610052042028 
1.14675719577649 4.1547599617408 6.33465532972556 
1.23253567542252 3.8742624388847 6.33964022513985 
6.53171827065187 3.13222069105411 3.78026005006789 
6.54630536433062 3.19921581673565 3.44178607636669 
0.895608179201217 4.60858988496844 1.90890003220214 
1.44803350307304 4.81699425703812 2.1019783513583 
5.88620665176467 1.11113011527852 6.0263286635909 
2.59861485798766 6.34336581825995 6.23422688017978 
2.64709295057002 0.710222097718054 6.5231953015166 
0.0976531504182642 4.46356732959648 4.1272081163293 
0.25364006700947 4.35654758517805 4.47484385198265 
0.593670354486115 2.2748801766089 1.38245658064151 
4.05236988567537 3.72449203079526 5.92319621723112 
3.53916845432241 1.25433318055664 4.60806170807956 
5.546080397517 3.49259225501174 5.06942835065649 
3.29146216390488 2.46293909021069 4.6861197634827 
3.90714325640793 5.43553073281276 4.78200571070037 
3.22081306463044 1.36417433312685 6.48544939884348 
2.34345017212922 0.337639079918836 1.19400668315114 
6.9373141432601 2.34350931938919 2.42746250581159 
0.838919359706508 5.8361184825158 1.44259480058073 
4.17490299422567 2.2674905547389 6.01116508184064 
4.76525732667001 2.60615722093352 6.01426212901858 
1.57592451236247 4.53557065325214 0.871718747889496 
1.41152649121319 4.23462043460316 0.912434698252492 
1.49725940456112 2.09272281003151 3.55571041213339 
1.31566223984483 2.06557583638834 3.80426878866412 
5.23557204156238 3.73768136756821 5.7582268654089 
5.87129855242744 3.68675756181947 6.04670169984757 
4.02870440514531 6.66722633871167 5.23983575710028 
4.1874807427048 0.256515942256432 5.36826860007758 
0.566150718604686 5.33266336848456 6.6175613423818 
3.70326109383931 6.64425009747342 2.50916545474223 
3.53695844145309 6.71932006213121 2.68668935906936 
3.48176498749166 0.977711876635991 2.36089427965709 
3.63904294759284 1.39749199998791 5.28562210573053 
3.72457030502827 1.2095536282393 5.06765832867623 
0.756990599916001 4.85096203781576 1.25500633323387 
0.469478250809304 1.5908741600394 4.70878196218742 
0.972550366146377 5.39264726742099 5.01253371443289 
0.808230467722656 6.35719575309517 1.03170985634546 
5.52607657437974 3.34288406619337 5.38857483971616 
5.16888222016052 3.6462377253777 5.64760470060724 
1.72096712247921 4.51657938252875 0.869683008800071 
1.28404666532595 2.08930496293139 3.06239843594596 
1.24212483105208 6.11509071888226 6.03243049036798 
1.45830143731376 5.8006045260326 6.25506909312623 
0.902087882128232 6.4432929136696 3.30068949597719 
1.46328877711932 2.19750900592045 4.87630324000018 
1.60984624079728 2.1912748034103 4.66096001231515 
2.65771753537945 1.51768325652965 2.56214886837204 
2.40656658159878 1.6402063960297 2.81176536637875 
5.89572528702886 0.382963354458695 4.36088952503631 
4.26264300070853 5.17461577124661 4.26688290682662 
6.21033942926658 1.65992250389736 5.80824657601316 
6.39528937253425 4.95404352156989 3.49364793115562 
6.17077794991612 4.623536094246 3.16434432691873 
2.20957812580784 5.11186451238123 0.539142858218291 
6.66791919523387 2.189911914959 3.46942101146586 
4.71038741639818 3.23662586701755 4.43369206167417 
4.2070350158754 3.11528442353141 4.76027140315699 
6.42070671063095 2.18032589560914 3.91559133258804 
4.88890793949879 4.88577209960367 6.01653629941599 
5.4550914637543 2.93581873233681 3.09271077834258 
1.57007949357588 4.63637241898264 6.68642614973246 
1.15439225432579 4.68741995569536 6.95037843813704 
5.31741479070057 3.69540646199816 6.47478146031281 
5.82852173264134 3.64224968735499 6.36789748853144 
2.99310052626247 2.74700204411664 3.86385063726993 
2.58867897844946 2.74704713310362 3.65943259048281 
2.81007222384642 5.17544808909498 2.50476418737649 
6.60072755782785 5.35925509728147 4.07018646907465 
6.46370364999245 5.02925071427057 3.93896544914022 
3.98700686036381 4.29551531465262 0.995132430512341 
4.20835775755328 3.5252549140831 6.36222201868836 
5.74518231649502 4.28546320812117 6.71910780774614 
5.33624540654337 1.04023130675372 4.90537261538326 
4.22074129792109 3.36489085625103 2.50257152723158 
3.59915828935817 6.82302041096324 2.42508850972135 
3.4874041941312 6.81407859695745 2.63507648689426 
2.69672052356167 5.08816410192857 4.97852176919346 
2.54098199357811 4.93353122434199 5.01669581483845 
5.6888251586601 5.54538882827431 5.66789534435111 
3.44697668847109 3.35977537505357 4.46726154764951 
3.97238473358481 3.00878591206324 4.51428129334629 
3.4375738352752 2.66688773353013 0.991065784536475 
2.96628883343579 2.54803984807168 6.51724460220317 
1.23411419014036 3.73112879691992 1.90559947294735 
5.0756728946263 6.33500410811523 4.58895755910316 
5.11144615805906 1.87309844002958 6.73036769207533 
5.36982755696507 1.74924110312741 6.82291743814011 
1.04637805930865 4.27409701498272 2.29423940662836 
5.2749975439494 3.78739965777437 5.10028332328102 
4.78108031198822 3.69954128071786 4.59597082221316 
2.75690726294355 2.38644035008989 5.82063130025831 
2.94079714092681 2.33619072838141 5.8098443118519 
3.5908308773864 5.71874964818573 4.09549653012122 
5.91916536512087 3.34725831384659 2.66172745763682 
5.89960825350642 3.14846234823182 2.94047548860778 
1.56157179607359 6.5855850176934 5.6224282387758 
3.38724373147133 1.99625212912429 3.24219545879378 
0.698650281482433 1.26062699694147 4.53526374682207 
5.06686068273498 4.87057647424443 5.02235651689857 
5.63838413951448 2.38210483136774 3.00878684616036 
3.05237716351403 3.64764986860597 5.51078187995497 
4.39562393924098 5.14615226361217 4.72075097274258 
6.09875913637065 5.71531499565748 4.75091317067254 
1.47138133036247 3.93315160087149 6.32126465928371 
1.40100064355458 4.23294470591229 6.31439704264687 
5.46764987345166 0.433574078159372 2.73481780138652 
5.55744807927616 4.1718883347461 0.431539368184137 
1.66679916942438 3.68759894545243 1.78804871261017 
6.4504214166003 5.07752938003421 0.833233029838502 
5.25281108493061 3.7343548990356 3.73190342651586 
5.52472465776605 2.11608853609252 6.94521969979674 
5.67105879850666 2.29288937955914 0.340308794930492 
6.73961024595595 4.668035790844 2.71815439125413 
2.42438887039898 3.48647750442652 3.28520608268985 
1.25221562492147 4.39583838308154 4.40942692957679 
2.38127493827254 1.48190188137421 1.68797502686216 
0.788783868309535 3.2550211193265 6.09582830536527 
0.909201269817504 3.48044771247528 5.92539706901028 
1.07818354006462 6.04308496862987 1.7914370707504 
1.41646908492063 0.70897919777547 0.785651314453521 
3.32132951264576 1.54158755992399 6.23424229691861 
2.87113303754388 1.71394374863811 5.6931883766226 
6.1567118064759 3.61013344540058 4.36956665849715 
0.885384384251977 0.800478306922616 5.73973348185142 
1.68023130319796 2.40136054684428 2.13898992811948 
0.99573238379512 2.87782351175258 5.07833126089983 
6.83311783587203 5.40727451523154 1.60531162513994 
3.0263798422434 6.57436199820434 1.06475711700546 
0.760533916875088 3.15119452280329 0.850685865606851 
2.78448608447765 4.91040330504919 2.38152958151751 
5.26911774669299 3.76772019530991 3.86525562329786 
5.46151686810103 2.54819039118286 0.439675996188291 
4.21765353139817 3.1034746737788 3.94213782197495 
0.806117788664179 6.01858254710818 3.98107718302525 
0.437180145592792 5.59901667569922 3.94314523314689 
5.88755481041869 3.40168532628852 6.47900242241341 
0.432784400865366 5.09275999879084 5.88885930249626 
2.36559891207181 4.77443659402156 6.33825902242027 
6.02328767386424 0.987118887208144 5.27157311154359 
6.31405206456025 0.670317065767687 5.08987293594365 
5.69101444336564 6.67222722900197 1.31468774490797 
0.138473117211678 1.49267545501987 1.32721646976437 
0.292241110487834 2.11566294842106 1.20583954899512 
1.79016357348734 1.15880215628733 1.96841581182266 
6.27846960175411 6.47483711068928 2.86147384366674 
5.80674635936072 2.74598495313226 4.62908360555797 
4.44815953318218 3.78812260345959 5.44185225461579 
5.10710267756248 3.77820544925419 5.54429625080051 
2.67409928437602 0.772264450692127 3.71648282478362 
2.92986166477421 0.579758929525954 3.56240996455888 
1.88671377973509 6.57649970227316 6.67732201378645 
6.55865797421781 0.772227544043153 4.8190014925484 
4.78921664172022 2.35867274419983 1.83912557919174 
5.99476525893662 2.73275973466616 4.17137092152361 
5.99329249545185 3.06388474137852 4.00430089469305 
2.04904036253947 6.50421950230741 5.3484891276982 
3.502090979123 3.31839083017948 5.59351955260694 
3.12168375355985 3.47434372227907 5.40019129252339 
2.33653434939452 2.4540079489917 3.57587974204959 
1.04841552225399 3.24655110151878 1.84051907557008 
4.37290706792743 6.40778702467941 4.39332832958757 
2.50399658007792 0.728097797888828 1.00400340935401 
2.03132514608437 1.03707184110857 0.922478200449171 
4.67134988600672 5.01902752418805 0.190279100731323 
0.316888125228883 4.89914631077954 6.70633511256883 
3.31578737280265 0.781720333707273 4.53203935866687 
4.16575116021892 0.385090756858548 5.15901387994569 
3.96840480113389 0.0518305934595669 4.71143060239938 
1.73871639944184 6.71641128805499 3.71502320106912 
0.515954717504367 1.06253080599908 1.41884003922956 
5.21772098041893 1.69456281086289 2.98272937105616 
6.39247783735803 6.12796698544329 5.13118488046059 
2.51946844000032 1.39140609733518 1.36434590934067 
2.01905133735371 1.28658959987354 1.03947201166032 
2.24700963271609 2.557413629121 4.68814527465017 
2.06115651831039 2.29723277974862 5.07431199497033 
1.71091239605789 2.26820054439959 5.18062721604374 
5.85348096307489 5.48155281084661 4.87984701853593 
5.45357853977294 5.43075887545027 4.75422103047422 
2.92038247075933 1.63482110967708 5.53544537790563 
3.49877637322783 1.25535125719047 5.49208049799362 
4.14507622829282 0.412250033958871 6.06229057262602 
4.28503167485229 0.426138092890935 6.02088196148495 
1.03378929044727 5.74221659032373 2.35501853752997 
0.951544471078891 6.03515040792635 2.05130843626687 
3.94103267611449 3.24055666519842 6.51182367301542 
3.85374494958357 3.30046466883623 6.78529489872955 
6.59243689026903 5.57538814856048 1.88078831620518 
1.08226684250688 2.56215991811463 4.78908605701769 
5.587005788529 0.921525679245645 5.91500271877245 
3.98539728705737 1.9476645839415 0.915888968585709 
3.78274178785194 2.49909758151102 1.35820747700643 
2.92880616091425 3.00378370234831 2.7402967661867 
4.19350617678121 5.46598539253247 0.65939174104969 
4.39048677970128 5.14630259144932 0.189569001917358 
3.52382245507666 5.45490831687835 0.768707802376831 
3.89229271625935 5.26009889773964 0.804297794004708 
3.25687398506839 3.75601619113456 5.81532237469199 
3.5288566409956 3.48968394114814 5.84824509911545 
2.23975141724135 1.10699073782092 2.41288856658854 
1.99059671591414 6.20105438513953 1.59530204595299 
5.65460761601154 4.89856868440054 4.35846803532722 
6.20164635314096 4.88006689308498 4.39137537013605 
0.42499172217777 2.76675013938743 3.10969453865752 
1.81745737577566 5.7176631011364 2.81182400339121 
5.47535582929561 1.16319308651848 2.01867436511048 
5.35522076705872 1.37736224304367 2.11035101982442 
4.24414746479217 1.47688083235032 4.4636377935755 
1.98635355886985 3.21945466197576 1.91831874212484 
1.73476888776233 2.86693530300061 1.91781860519694 
4.92512691505656 3.94383929093768 1.45322807579226 
3.70974699399598 6.03607575785414 6.0339922814543 
5.13312717119455 6.27489390180674 3.44204312663918 
2.98689584321161 6.68390411710654 3.73690295103204 
2.96342990528875 0.522990256712852 6.46020269857155 
3.69455361213272 0.242671780058333 4.25087013952191 
4.0516724150375 0.290456619620159 1.00991270641925 
1.744178350881 2.74093204657327 0.391744155578502 
5.22558319477973 6.15685597570646 0.437515379413344 
1.27310277769528 6.43091914270757 6.35022562006613 
3.29884168471103 1.56700591140229 0.557248632091063 
2.76020904367868 2.05300580670678 0.701193020836938 
5.26776658088091 6.75006998132567 4.67807565820003 
5.75120285331433 6.87312465224184 4.65491075452897 
1.4938234749811 1.68802928613344 1.52673894467502 
1.4963506396643 1.53329434183383 1.13771770066462 
6.55369291947063 1.0234317101719 3.22229863071825 
3.16280634345098 2.39691440561581 6.14286913246571 
3.44203457377292 1.82206929329335 6.39270632546039 
6.25043380168183 0.605667315667405 0.4526972002441 
6.19669135437038 0.93786842443972 0.277531912987731 
0.835465773088251 3.37864010435552 2.54177430622216 
0.961709907754531 3.06075653180272 2.84149575945472 
4.19553733597274 0.536207736898242 1.69327152430584 
4.05561324679473 0.20617597647102 1.38129725420521 
2.52695406887176 2.92779217498376 3.00711233658565 
2.6090007807601 2.66340683416135 3.45534411045974 
4.24062686014727 1.32988539041794 4.97816206737371 
1.06612423332811 3.76312398641831 2.59039312603953 
4.29711539072249 6.32525096863233 1.46842838846495 
2.05949145389223 6.44676815774438 3.6982077344532 
5.73053527894509 5.47897562890469 3.4012119001022 
5.66573548050083 5.23519518859319 3.46363130163404 
1.91402003130848 0.444196734426704 1.26549624673053 
1.88940500731587 0.970007050651027 1.00746281699061 
0.435868040915836 4.73127704946262 2.15220859184202 
0.544954058229225 4.89002050799861 2.02541995622807 
3.63412159791633 3.06233687756733 3.01857908038728 
6.23896990471727 4.77370324989679 4.41437842496694 
4.44061907377657 6.2919130994777 1.12014477057585 
5.35876510981229 6.65853731596866 1.02371848066799 
4.11066809018504 5.34951376712884 4.92279343559472 
3.7771893004606 0.523436520912926 1.90113896809079 
3.5382188633829 0.829193838042151 1.90153380365168 
5.51192898912196 6.55903987326986 0.50435185117705 
3.8733707523971 4.79920957153183 0.5242090802386 
3.59406871252228 0.175109398363138 4.5376278751805 
5.66683068439398 0.57701681390354 4.18186341490621 
5.27249022877583 0.987423255946648 4.5464108416705 
1.35198345805074 4.59204750911813 3.57375401809869 
5.51872895670281 3.82889246785623 1.94362901854104 
3.47061946085747 5.86202642518684 5.90337643070404 
2.95717832043193 1.44408731170734 2.69839952134415 
3.22319833858341 3.25353799052483 4.47819989459085 
2.90776337861301 3.36308898116392 4.8799836869544 
5.99945548784486 6.04007773084662 3.91500096347285 
4.23340013109064 3.83800368556444 6.70345084815147 
3.97682830833794 3.64439899303186 6.92955878491018 
4.52413082763616 3.43750587823552 0.503724225181804 
2.87978520458 0.300100507791268 2.94974139234927 
3.18568494735129 6.77591123582258 2.70718247862492 
2.60650023330276 4.52288854088558 2.49632253968667 
5.04706282667395 3.21046810109382 1.96938424874725 
5.48836253900884 3.4603181326941 2.07642971622591 
3.18534651065429 0.811355219507338 3.27199653597754 
1.89503190087584 1.39687836338788 1.58272577239889 
1.88667638141744 1.25924712800779 1.13410949894224 
1.38956888166329 5.87864013828192 0.401479402287678 
3.31038194247645 5.88869632328617 1.55770789673775 
2.08375377684204 2.2718995497109 4.83694683030289 
2.4648048018296 1.8029837878692 4.67782526925672 
6.64741203021423 3.94474790708655 2.43487161503351 
6.71051073203768 4.12041354125777 2.79631022708384 
1.79963517931177 1.67049758997953 3.66408160596143 
1.50953189631632 6.75495532345617 6.17835235925339 
1.84896384364725 6.81475851623297 6.35870510264552 
0.263227968831221 1.65432731992748 5.38241066256207 
0.626841828605253 4.96682507459582 5.667398092675 
6.7447211298864 3.69584979762357 3.41526309520986 
0.976613377418528 6.63386654825752 3.2417394977066 
5.72887006430828 5.69168884287753 6.7440493799575 
5.95512512274533 5.28919379945912 6.5686273586988 
3.53855499038112 4.59946003955082 6.76568483317063 
0.596503569283646 1.29303503502757 4.0948289897349 
2.63520473485587 6.67260013186102 1.08329135525108 
0.844622183932807 5.03503915533564 6.9829291007289 
0.755490512537538 1.05611973786844 1.44178746279686 
1.07656114799696 1.15956253658618 0.989718303345263 
5.61291095827845 1.16734991342258 1.48626523356898 
5.53827422768663 1.60728271564317 1.31224134990675 
3.42567924334837 0.855334141369747 6.44839164524917 
2.46994712795958 3.19110006292208 2.95648397514548 
6.13554493265359 1.88915249158037 5.28106636769332 
5.97953997194557 2.02615255666265 5.27421052447665 
2.55939201174079 0.267924328703862 2.74091923721691 
1.78185616988591 2.3493656797995 2.44794975925715 
2.40282559162907 4.66221379058744 3.82756262865037 
1.93382169803846 4.52205615057437 3.4559033215425 
1.08017396839905 6.85423026799715 5.22752961306503 
3.07877250136285 0.963560169268994 2.58545024673168 
3.17919874412982 0.672576312730875 2.91709296491658 
4.75437134050876 4.2412320735726 1.36456738861913 
4.28726152311688 4.13214651671279 0.896001864808883 
4.4227056476385 2.03868249512067 0.280596548205236 
4.71180675596093 2.48691540305582 0.293815991983423 
4.54347811420277 1.24490278739938 4.24240764294657 
1.29856819301787 2.64911853824048 4.20761427129873 
1.37730501206107 2.5914051665059 4.18420056099279 
4.5275569173937 6.05927971262827 3.16448565333986 
4.50617484831529 5.87736839900006 2.91157143586164 
2.09855695021789 6.33312035942515 0.955863982807295 
4.33703080407759 6.53850765157546 3.04890885740519 
2.0262877543631 1.26850544893492 3.25593124534962 
2.13918448522841 1.44008159137294 2.79240110200563 
3.74204959666452 5.3506581507017 2.13594152540982 
6.97640424886858 1.72100980903883 3.4741987950065 
0.371781848024411 2.12495828648477 0.839824867510026 
3.34621979074938 2.84845367699642 2.88925196323804 
3.27398573985279 2.51635306685664 3.35620852896098 
4.15862928947844 3.65373143366652 2.59277203192823 
3.72057480063068 3.82891631249742 2.9691535405752 
4.19755396705776 4.8251609638345 0.173613569412441 
4.53362017290967 4.62445463453183 0.166549669932695 
2.16085051247112 5.48424959723069 3.27035798365557 
6.06760760989935 6.54209885348526 4.53038510409973 
5.87774368044029 6.0631346378695 4.37817126637319 
2.63369395524883 5.16091279423161 1.11642154101064 
2.82197365278159 5.08297803318614 1.08092220933771 
4.79784622951617 2.41397450662041 0.937567017841197 
1.70013884534534 4.90261303078621 1.69482817651129 
4.10151883884693 0.962881940571277 2.73932732676673 
4.43989129199683 0.818925879770342 2.55877860994404 
1.9993469596144 5.71892923651135 3.24291584865004 
4.24371002012428 3.17700901836038 1.15248628308576 
5.08952880398544 0.676526525475889 1.64537120615704 
5.33703922210757 1.02571651150621 2.07681781692103 
2.45436208954003 3.32730698428351 3.70184003186966 
1.98561040978452 3.44916763413745 4.03433479009313 
0.832387445946173 2.03170681625294 1.72656937323463 
2.22591000190635 3.39220744986275 6.18908909939938 
0.204187954884666 3.73310593463245 3.23708105677576 
2.71104009742192 1.21302807218873 6.53188136333543 
2.43693917679935 3.48195244565115 6.38382820015162 
4.6045273907429 2.56450266115334 1.34731871530807 
4.65664050522094 2.66813561456034 1.28629146132112 
0.858711955318812 5.31768817630889 6.81244768713904 
6.48914247766123 2.47872089812317 4.07925805159064 
6.75855932554655 2.7723791082218 3.83614782941335 
6.38843813196885 3.98413060761234 3.08814881584461 
0.948448486330684 4.2645194942965 1.30192597486549 
0.965174739020432 4.6018751010582 1.38645955017328 
6.13913891990931 6.28573697799448 3.82747118361075 
3.58916853617729 5.74422489731511 0.6295741607332 
2.66894370389697 3.78952586386377 6.1906778715245 
2.72371722658895 4.18957706004459 6.38572220678512 
3.36106749158455 0.617905000177786 0.682273637949552 
3.60066752202975 0.272351635315166 0.956275878045458 
5.12416446248041 5.24200383538443 5.06474218107558 
5.34148004903989 5.45942082174355 4.90285903226749 
2.629027989368 6.60157792067676 3.95369543889992 
2.47754084601478 6.40057097398758 3.91380062790403 
2.42480339932816 2.61536221526428 3.76555547302744 
4.21975891964358 3.86328634640171 0.821984790490566 
3.88568435988879 1.3869918019802 4.30169456009731 
3.31864761288964 5.67764752743859 5.44605801235707 
2.51069386475144 4.26587846315822 2.13030604268493 
2.56393635350942 4.45148011300271 1.69583531504327 
5.95449069780126 2.8301009450977 4.53104052279464 
5.8909190225601 3.25680569740927 4.50572521348924 
6.67174150642052 1.49488997584205 1.51939182159242 
0.909734376002418 3.11797233570779 2.02435963790428 
5.49999330127019 4.29835949876225 5.04691148061206 
2.50718514220599 6.368272573359 4.09036964655571 
2.65028508658071 6.56923162097068 4.10020006820745 
1.36712912500449 0.864633095361464 3.18388609227269 
1.80730376208307 1.1615359429724 3.34976668947595 
3.86555233024303 2.5417216255804 4.61894747035126 
4.11868250766638 2.42132124450938 5.01280593082917 
1.73710298077473 3.94829905575644 2.35365962742955 
1.24146890088915 3.92167950008276 2.28994828274081 
4.79368905599304 3.55409792443543 1.23525008520196 
4.43383994745486 3.53263910608493 0.948078472403637 
0.184156435612044 0.970843069068335 5.0949072101701 
0.2009718013628 1.48479267248959 4.94992216398061 
0.994914870385984 0.408932320108854 1.29428767188558 
1.43479439460642 0.143655555299921 1.4861905995856 
0.482096903147019 4.47647938752207 4.59871854649816 
2.06343973020755 4.18937992342963 2.11299281857582 
2.18729757382692 4.42763596677214 1.59946559396973 
4.78485973741423 1.24049487807234 2.15010441946752 
4.73932181615157 1.2376028407579 2.36596584165016 
5.37024620723842 5.89240455476979 2.80262567872534 
5.27170975918981 6.23963888821028 3.3870065350777 
1.38307222216298 3.14025129430505 3.10867809688729 
5.90608643213288 2.32338150618948 2.09777106889843 
5.60838335859046 3.2107534525238 3.52677096717569 
5.38988000324036 3.0080457677278 3.41475322105852 
5.70225767994308 6.31173301097728 1.66606432954977 
5.69204612031265 6.48097307194575 1.9450622017092 
5.12820534256636 2.89632682984164 1.75653720684228 
4.97779341003664 2.94062717453165 1.4540720835453 
1.6396820097227 1.71967970161757 2.62204212683631 
3.69257766603642 2.92896358809958 3.35020813871647 
3.34332812568905 2.54856365677562 3.44908082684424 
3.65861106205994 5.5891027723673 6.3877104103864 
3.65890194633006 5.82929232662371 6.01709416082343 
0.583734138778871 3.04711499082411 3.10988940555654 
0.81429970694343 3.1664458503971 3.72948219178379 
2.31806693998634 6.46667123779333 0.844860752131122 
2.0752521262295 2.22282601771531 6.44541953234547 
1.690220365782 2.64007709994622 6.36839079830147 
1.18852530832593 5.08209513038922 1.07126966369511 
1.33188962551298 4.79159555229255 1.23143769437566 
4.33885033654229 5.81644450842523 3.42757846530195 
4.33325203572126 5.57617729498156 3.07626604039932 
2.72760248143661 4.25074758263485 0.296148098167981 
2.43301281408521 4.2678502942812 0.0437221200472166 
1.58295760618674 4.87957929875734 2.70822507781499 
5.53034655795512 5.90547105527617 3.69543650362082 
5.37584912912468 4.31024692376007 2.36621048321898 
4.61064207431144 5.4309429190943 3.89871017954582 
4.74633684289233 4.99398671902832 3.49433811793234 
6.71187306271425 6.07371288634082 3.16566092702843 
6.7362018653986 5.74144548165233 3.14783605864702 
0.438836140159835 3.94126139651104 3.59165189863651 
0.744110249339601 3.66399468916688 3.93365238380705 
1.27058609957908 5.40020934417583 1.13094632904056 
4.73985966024866 1.97445538748288 3.41031094526815 
4.95858618818907 2.00244525916533 3.06530212637635 
5.1326423353745 1.26318071418457 0.728825151137202 
2.45453060926347 0.147947627299007 2.01422748862229 
1.79927856213734 4.2354423641793 0.867166185946602 
2.52641796596394 6.10394431221665 0.650516076316171 
1.74431581471219 3.41495367474363 1.70869835136151 
1.48654903800767 3.12746544140143 1.69984777338202 
6.03211763509447 3.99147349589738 6.46228474498714 
6.81592733914056 1.83265930552616 4.47286207228087 
0.884354194757268 2.21318008959688 6.1609357133333 
0.500176782317187 2.48351570388156 5.8008141824591 
2.39239755027418 1.60493642421606 4.49144783154384 
6.42057153565992 4.49861677404789 5.1801739187759 
6.54716839045034 4.69318013278983 5.02555971639695 
5.98111243022125 1.06188981536887 2.20220556758584 
2.10302745597122 4.48763459560442 2.73472479173638 
2.139404590014 4.28401274249532 3.11595592254042 
5.14396386498694 1.22351888798275 2.20132918336842 
5.00990033396376 1.22332802325301 2.47800928327406 
5.07910095725681 1.83668073861771 5.25024718349711 
3.03041438419027 5.26744976038976 6.31985508803535 
2.58643604379957 1.10939806063149 5.42676209767539 
3.93175036181345 5.3073653651105 6.38302209789371 
2.28461168855138 6.36110886061152 2.13165719792189 
1.56301250868755 6.7258006122914 1.96254531072652 
4.10759112376299 5.72679943295224 0.552331143916716 
1.52734903802552 2.79314125715573 4.05594297406538 
1.87825450534648 2.89126309556561 4.16732150948883 
5.97042452840977 4.28058154073998 4.86990638899779 
5.94318923139423 4.50808689388082 4.43995060441228 
6.32570071979177 4.30230157853323 3.88541203629129 
6.13795590496916 4.31298103553169 3.28228710702012 
0.886812936313601 0.896732931599634 3.52639092100494 
0.777468765817375 1.34945457147049 3.91549122343102 
0.692495815028861 2.38762427912038 2.00666382179525 
5.61282236362152 6.28632039057909 2.58574821731869 
1.59290693405209 0.375013425774012 2.81648851962204 
1.55963341746145 6.93568502843437 2.98318061050948 
4.12198547135536 5.90894131023493 3.9626679551598 
3.96773440043977 5.98258766287524 3.71782248879902 
5.50992636149519 2.8844976949415 1.07980116223002 
3.38302686649299 2.49411600413094 0.69075399202915 
3.66439409747662 2.04298127854916 0.551147973834592 
1.61040454573937 4.44209015932494 4.75992161153568 
1.68427936102858 4.87345151244719 4.83791215991711 
1.72464216070844 5.39638219178962 4.31198981392224 
2.32623050804341 1.79203910781434 3.71009484624821 
2.80961651499792 3.59065522977158 3.99563350074222 
2.32034493341314 3.75986607902969 4.36484418317432 
4.86993400034902 2.62306262328131 2.46000580229189 
1.45697794553377 1.67261774982284 2.84789455543282 
1.8479086556292 1.31341832505947 3.31452539125178 
4.20818657410215 6.28121981042241 4.73306866608447 
3.93801101899509 6.6235714766974 4.93495925496077 
0.27994909886084 2.67465071588963 4.45788579487664 
0.311285125874662 2.90323095417606 4.85422470258455 
4.27218545244347 4.27241298177326 4.36857936644667 
4.44243339990338 4.55430170224695 4.36051481433543 
1.385543282983 0.533736694924151 0.846711410753284 
1.69701570169477 0.282470102332281 1.14548829963962 
0.691845365100029 2.69026092448565 5.02572205679124 
3.70327936517233 5.71382050348484 1.931099645602 
3.90570809829082 6.04027881892399 1.91401576961205 
5.12024094938092 5.57089067670054 4.07036094474119 
5.27317291597757 5.6135640114984 4.59213853253955 
4.74419038657908 3.46696220100872 1.71919144311716 
4.91435526261978 3.90777172991938 1.63735674264512 
6.19354953359956 1.03175027477626 1.44276750241733 
6.37590812364384 1.30893721452149 1.26605641746169 
0.983411018237663 1.04322161883295 2.83971027453073 
1.03761798666586 1.4185822525647 2.67385151907624 
3.51799604706643 3.33470539963531 6.80259772502279 
0.152990923689646 1.30923567626755 0.95240849687802 
3.67651419285401 4.75715340341108 6.4768113790829 
2.71304449753015 3.51801962890823 0.49624001758345 
5.42861282110042 6.437138704416 2.17094679402835 
5.31610227226247 3.24435382205672 0.122366575770718 
2.71135048100585 5.84092196503255 4.34096992666464 
4.16797781832166 3.51431892954537 2.13545361424577 
6.86708687262194 2.89260562889916 5.08650787370882 
1.19834300273396 1.32191637861257 4.66697147508622 
1.82672136054032 4.70814861555286 3.39580850663798 
2.21229269772678 3.22405316711974 6.12109306709305 
2.57667498133494 2.5665725566433 6.26518336819362 
6.34532498877889 0.991389971230955 1.83600805677988 
6.67150160490858 1.32883882801962 1.86277684865169 
6.51732982474558 4.19757529563118 5.92450404075649 
6.08570393465453 4.05672177986064 6.0997805752519 
5.19925271353329 5.84311038945804 4.02572754880083 
5.33046136610003 5.94004012239407 4.39350028882747 
6.58312800603421 4.14172952030513 1.98908771416129 
2.99353626655408 3.79068006829834 6.1938686496199 
2.97980524925708 4.17849367631589 6.38518254856751 
1.59902289293725 5.35112475711627 3.90975134539014 
2.01730543547189 5.17485983250876 3.62534734903305 
6.49173328407828 1.49733686207402 4.64575982063775 
6.72836857060784 1.70279236714811 4.71371901224346 
1.50272162074833 4.60582076663259 2.3374635681556 
1.86686705967029 4.26620268755007 2.34705998805109 
0.278818162166643 1.15892950532526 0.938299468439762 
0.642842513186477 1.29042090139324 0.549626012054818 
0.33303566887507 4.98039101088737 5.16165466128464 
0.298780770919079 4.56439371210901 5.0245032702541 
2.72095750163123 5.89027789824166 5.12140601036867 
2.59487641160986 5.77448738829164 4.48962013584951 
2.67822714301376 5.33806622376996 6.46684661670888 
3.23872793451282 5.2684046890282 6.50667028584355 
1.42343954815278 5.96946883774806 3.84744122879827 
1.13178068657768 5.96852272819514 3.71810553441039 
3.5846140508709 6.53033264832722 5.52757838632763 
3.11277503654626 2.66057140885283 4.62982025717089 
2.79994134957296 2.97061729700195 5.02429101883441 
1.5752166261725 3.61982232320816 3.78029760383744 
5.75285578911061 2.57979812922496 5.76939398114274 
1.23358631979796 0.800854626419678 3.51748111042179 
6.91810919617574 3.32062534117878 5.08951059399983 
6.83425395736275 3.48121606831094 5.50920187935791 
5.91376201550328 0.459618491045685 5.01186507856524 
5.67964326832279 0.755311667885703 5.17419656466026 
1.16775395962067 5.75005215292456 3.5988323714528 
1.46026616484319 5.73610500788963 3.71207118984919 
0.441563254518128 1.51231732823946 4.04954553180626 
2.0234180381163 4.10000744620195 1.15661986961762 
2.43313455482745 3.9890222853062 1.03589854293088 
5.3919675901894 4.09998882167772 3.81301052154623 
5.99895412235317 4.2003194184777 4.13254719105342 
3.20524748687753 6.39397627824859 3.29693006987663 
5.36989130052224 3.32133634477882 6.67641846747532 
1.5709786276297 5.96649597537584 6.63360669050298 
1.4649517772819 6.27478208806309 6.66768727132295 
1.00556381724932 6.60892058594168 1.46694612405154 
1.38528931258873 6.74047229348176 1.49594265031489 
4.55913933848939 3.16780588409388 2.65775588168248 
4.76628506814929 3.32552718172318 2.86265329290731 
2.93026558378183 4.28690384392382 3.98515229451217 
3.01147056574966 3.84732396495459 3.84214384250775 
5.73426072463924 2.34275426741237 1.88108379772802 
5.33798598607451 2.32426691133553 2.92091146512699 
5.83135521801229 3.12841880012828 1.85999589123278 
6.24946482034664 5.84100013251626 0.637631036880295 
6.15884335304044 5.49009036460138 1.01581619809513 
0.59503231608011 3.03544558422812 1.72064660526352 
2.60819000525629 5.92099519088055 6.04920748049512 
2.43743151291513 5.74822229632892 6.25441663540985 
2.28724994938357 5.9895713406293 6.64621531788904 
2.3572223665332 6.25948313868617 6.64667223430523 
2.34597320692324 5.0031618892352 0.273047675107923 
2.17313474311265 4.63613564453777 0.0357812182796347 
2.6321920375428 3.15156613848634 1.35704787114508 
2.56552556356809 3.0686588609057 1.67178278777907 
6.09522475712726 3.7325968410685 4.88404849390268 
5.37353539090317 5.35958381855562 2.72297865103263 
6.51826255572645 1.71691221948014 2.24314537275511 
6.09152711824979 1.52630865517546 2.4843586845112 
2.99999751252958 2.45396444739394 4.40773235396338 
3.26419331781776 6.58042083685152 2.8128597604942 
3.75829910557961 4.61660960279983 6.70569393157357 
4.20269875279089 4.18364933973819 6.59621790776554 
0.601605642622536 5.24297304848766 4.79674600759688 
1.79500828758052 0.335429518740062 1.85391333209223 
1.59891386921987 0.22054843025852 1.85929274929425 
5.5252696567408 3.52130658946439 2.42422003569878 
5.60195029917991 3.84183034831801 2.4498228599485 
3.2977100239321 4.1989167421266 6.87465215531179 
3.16551460187259 4.20818156507391 0.206608082706609 
2.58599905251572 4.08515113605463 0.37756889141653 
6.80498704795627 2.79373722384992 3.21790632280119 
4.14015362333206 0.0955538618345053 4.43731511673853 
2.84683346224597 3.86674359364897 3.29035787114188 
6.82155557144778 2.69396160454093 2.73891097379083 
6.62782114418228 2.65838304649817 2.99857044124752 
5.64659802459198 0.726725901247079 3.37970942546526 
1.5914000231345 2.60827306628658 2.20692573768077 
6.16993049888001 3.54048354197498 4.63512607598602 
6.70567631989688 3.5751319160397 4.90950577078606 
2.35865694404144 1.19937944046873 5.18172390507804 
0.295430377719803 1.58061161093297 0.649969832101545 
0.634324221750981 1.36706741524211 0.511091198086014 
4.34640181587829 2.29409292495412 2.26760937682464 
1.89760719742613 3.72993200041489 3.14999227170927 
1.78355628308934 3.60550606833941 2.94119025806566 
4.37987260080858 6.09307147673053 1.76046623679785 
2.40498438625376 3.37828331654449 1.06669155092204 
2.54760095265252 3.50303089460889 1.02283542742227 
1.29378335202649 6.65003349653753 2.29769140767498 
1.40101388729877 6.50918864889796 2.56003607081002 
1.6347249297703 3.71712812855102 3.33895799410141 
1.56150323471531 3.565639517244 3.04152334315786 
4.78347913301543 4.24081580410619 3.07494175818036 
5.57957486522384 0.536107805327822 0.418291115651912 
2.26495935511625 4.83741508058876 4.68705001221577 
2.79039100503578 0.92379917345617 4.35125168337483 
3.32385692041709 3.27218839659785 6.4682175443932 
2.99923198453542 2.84158220102744 6.65762632767362 
2.36271615029518 6.68210196534497 5.93075207004042 
1.29622718444277 1.03945055343394 4.83762657710915 
4.86822629842132 5.42191208354418 4.93448237288394 
4.30487220219689 2.90221950698223 2.74707268974648 
4.51337509679551 2.47386245018126 2.55619620964843 
6.39790780695317 3.96968610336462 0.505639323054874 
2.67424907607146 1.88634625862852 4.49057489080837 
2.66106473882613 2.3434857604093 4.38295717599161 
3.56988140802529 6.11276525309205 5.9554522423756 
3.54380983203467 3.75067714012697 6.99288070333534 
3.39088084006686 3.81657263233751 0.306710973851832 
4.36880458738648 0.49471865652218 1.83080252397296 
4.26253639401217 0.441896981798228 2.18924315356364 
4.58219031965012 6.23642277803942 2.06953655139465 
4.94676035154109 5.99839444332521 2.11175712944558 
0.877046069438472 2.4206895429687 0.88867161266308 
0.813399083950829 2.3719735709228 0.777277347175405 
4.98107014654226 6.20014998557486 4.89937754548161 
5.17942246470239 5.5995226603989 4.80691547746017 
1.81035352061166 3.17916202404298 4.22389847695131 
2.61707055583418 5.49565682974355 4.40030803967359 
2.06628903063156 4.25278243498002 0.139968291180527 
2.36685508902298 4.18049905275745 0.085307373597348 
3.1369633999879 6.52482001339706 1.48224534263054 
3.44939646279153 6.76434693900722 1.66612186614574 
2.4394472315572 1.31314905880353 6.20521778014821 
5.01734352663569 2.52361127303765 1.98345592964725 
5.50591153706629 2.21359392614892 2.00042960233883 
1.03140252354168 4.03068662609143 4.93837965458857 
3.5332738902025 6.34590005674091 3.62742520178757 
2.15437845524611 3.00081309789666 0.477844467190403 
2.49377995002724 3.2318008436176 0.216190884973602 
0.533744576777622 5.79798694443971 2.1430533079571 
3.5679007295284 5.58723283927011 3.36299507360282 
3.71725702426553 5.91035307081916 3.7173044364042 
5.93276334925287 5.97693734765621 0.298782511988008 
4.81720609113497 4.16102622707168 2.81390918294245 
5.35332833114014 4.18445264365361 2.6136145788759 
6.21146873810828 1.03379592628756 3.11904106401503 
5.85948216017952 1.04850909798573 3.45058630164712 
0.463123616170874 5.51176333384846 4.66405293220558 
0.341569584691054 5.43916258826756 4.1473270712194 
5.21777026013837 4.45446014323917 4.02708779590412 
4.92906227192722 4.35884799657704 4.33325267556601 
4.04223388511798 3.02314886086508 2.64102289979103 
4.78209919974038 0.560966069622041 2.92039107299603 
5.34795387866731 6.47343969698916 3.35803002139478 
5.54034482741285 6.6411513840251 2.98830006450817 
0.493704781949947 5.01274735865327 4.05795893339023 
3.61940667389423 2.19424738639844 3.57815876999505 
3.5764706801839 2.05933001638756 4.05896289489846 
2.73343532479019 4.23176252816033 3.22315142256095 
2.95622427712428 4.36034858698426 2.82111819811457 
1.12211252946203 6.42668944068097 1.79388707240525 
1.45730446385525 6.5860549334107 1.73679698672204 
5.77595565996539 6.94704522415727 5.07613074626263 
3.52157606598191 1.8034813256472 4.05829956867161 
3.84099505804588 5.83808696931859 4.62143869867646 
4.99971996430476 5.2977194965669 2.12788741025702 
5.02250340295646 5.46268513284404 2.59804277994004 
0.158979269363783 4.04811013071754 3.99605557182629 
6.66516857952095 6.05445684560952 6.46932149591133 
6.43825611487071 5.60818916813798 6.75295470973168 
5.17240831153148 0.872114428168098 3.21020571186283 
5.09529400837987 0.740581773420242 2.8941166486567 
4.89102733378414 1.90592771626491 6.13192824636294 
4.94560751004374 2.47071139818145 6.03755315782945 
6.50132044398952 5.29057021972784 0.879000466773649 
0.480118842943258 2.59035726078249 1.70796322328482 
1.06241610863681 2.72912828069964 2.23367016280963 
1.04721605036819 2.73314226950537 2.67548519458609 
0.331182254507573 4.47326003891907 6.36218653319636 
0.926796860860276 4.13972918397761 4.59738058668093 
0.870856884149202 3.83975220796493 4.45028531796606 
5.61908365075114 2.83469335529845 1.68100720094592 
5.74660087686912 2.83527448482033 1.27473637357392 
4.52592124549676 6.14501370179371 5.03428413949811 
4.48963262166096 5.65499174573203 5.13441044417637 
5.12608760258563 2.47952386704133 5.75475086314837 
1.99721470406728 6.69711127288355 3.60713006263009 
1.98605574947462 6.80210740805397 3.05919651268936 
5.63393132422461 4.78339967819211 2.35881748071097 
2.34199179958313 5.11081022948129 3.86203128321265 
2.27068912783893 5.22257206023324 4.28938056960038 
0.23607554623181 4.70925864387024 6.36392390653776 
0.811153690655465 2.46979038477645 4.81205864405995 
0.575206381191142 2.43327853626589 4.4480273863544 
1.11822260009521 4.81029082869597 4.32091858986492 
0.673133788141526 4.88042487897107 4.4114369304032 
5.10810167779434 0.893667259598312 0.878072143277707 
5.35695177779738 0.503544361395854 0.7233286412342 
2.77484899269274 1.51803844685262 4.22956564697749 
2.58501930657868 1.68209114173432 4.31728289416083 
5.3171670045617 5.86917918067904 1.56036549862082 
5.29995703330723 4.57381034873203 4.72117229776601 
5.58835240613985 4.67755411541077 4.39830238153838 
3.76796974609715 6.24957448435318 1.65711077316813 
3.37477775920926 6.07644493357583 1.46044134821311 
1.65551991684371 5.62259372792955 1.61042679203374 
1.78940984460564 5.37332774712226 1.82618253747292 
1.17585092704264 4.92961788806644 3.89452863100867 
0.786497557197488 5.05085128695132 3.73324943250256 
1.12219652101812 3.58880813944828 0.48489321138243 
1.39302365566802 3.54757994457142 0.47337262924891 
3.04152222023074 0.575303722300964 4.84989291450317 
3.62468759278964 0.875697825309596 5.15461149700752 
3.32478162591326 0.641570079917428 4.73055169221123 
3.20497230638513 6.64419404346758 3.91888442178503 
2.29452739123796 6.53329809749704 5.48067208872448 
4.64914449747969 5.30673505398725 6.08221382647876 
0.795560568553815 2.50622092938812 4.07823587135102 
4.43795360941144 1.07491528134357 4.06583254193687 
4.51378654225563 1.14362215473038 3.66257743209428 
6.68931823219942 6.01910645991321 3.5853880226103 
6.71893435090669 5.81424429679985 3.58702220882932 
6.68427149310438 3.59970165292835 4.0746403761832 
6.75257017404097 3.86121699438284 3.87244727921877 
0.374190857678617 2.58759409201654 3.44014522382859 
0.581286751425339 2.7924034687494 3.88379959192435 
0.679534016835264 6.29541549088137 5.0327467954713 
5.30890308650831 0.785265097998276 1.23710519719987 
5.49502545404976 0.476541480426035 1.05479754765668 
6.92784634295299 1.49757569101312 3.88305754226642 
5.91019603359675 4.8456317472743 2.1402777649943 
1.16922784851622 2.58326836924539 6.18595752261381 
0.933892303793179 2.86318528393306 5.90738049005764 
0.465104579955472 2.23174620591131 2.40110369330045 
4.41815564562309 5.68432479316818 5.66621901544805 
4.75903230238678 5.5088850411873 5.90577186124385 
3.39687133914776 4.7145714819432 0.274007964581618 
4.63603572578838 0.333599171073622 4.48658951570927 
2.00606070465456 1.11455478157794 3.28434234671872 
4.97040520654978 2.69271046478604 0.0500563152437397 
4.80223750555494 0.722927300254485 3.45238330883391 
4.63332189660407 0.568869988288142 3.25048278320012 
5.806880508102 6.67395298270764 3.47405809638452 
5.87104223599142 6.75136435959429 3.18426778667111 
5.95069903429095 6.42744369931765 0.411379961796828 
4.02668957636578 1.07993873411466 4.0283510490977 
0.74758268770902 6.36226048950001 5.24259231679746 
1.96274708270579 5.79093144753067 1.54944970183423 
2.16641031959491 5.53973524388471 1.81314602555415 
5.39099979128491 1.31890869678376 0.402217733016904 
5.62750720172014 0.943141888200498 0.217878148164481 
1.5202395340062 3.1651585948475 4.18900010349575 
1.44367833610572 2.88466239070364 4.07593008633251 
4.62181946328959 5.78230785272021 1.64448652344065 
4.9560155687544 5.78071713447954 1.87361167609268 
5.29263405078922 6.8298621931652 5.0791238917156 
5.15471829799407 6.49443723284592 5.252754698914 
5.02541392937983 2.54049289768561 0.125236344490552 
5.22261519370641 2.24994615444655 6.83268336132743 
6.43150047834898 1.04810764775375 4.03271436014144 
6.67753886722278 1.03287329319096 3.81480509457843 
1.21713500709518 3.44678932747763 4.93280108373599 
1.0687932145014 3.30279648309159 5.10190460466828 
4.7307840216828 2.23734596023963 3.76363718485503 
2.33631815341768 0.291391167981689 2.94161719248917 
2.09162648193513 0.557494013578156 2.80381893742816 
4.83268983745176 6.58533513721056 5.52782512625354 
2.94119888480009 4.52300279052546 0.522422601180923 
3.2325764701136 4.44581634666509 0.402692716508528 
2.58766142713669 2.68283224832468 1.60821431305243 
2.63535545273995 2.6779875927622 1.40623856954588 
6.0278793955952 5.89631789596716 6.9051724503601 
6.11531817505222 6.22779868702163 6.75743376572198 
3.15187520567934 5.05189236292773 0.358645631388881 
2.8587842220504 4.89432612404114 0.516349187296473 
0.453478511369191 0.564745117008459 4.3348150692155 
1.96385597278444 0.768175997173761 4.60681573567865 
2.37298436917438 0.564352889064487 4.43363364495205 
1.26908859818865 3.17113035119827 3.78478433108958 
1.36861569790018 3.38355970700535 3.92687837813784 
6.77948938926448 2.74206539287456 5.36513777421735 
6.68510476320655 3.05285758146729 5.70746156150822 
2.35940332132217 1.07971665637233 4.70566728888874 
2.63242358097764 0.816718140920867 4.53567166023216 
2.48121919228992 1.90588710493235 5.7168280921679 
2.71567455562278 1.66361345528935 5.68743809997081 
0.618253658449425 5.41950294382958 6.08117607412032 
0.782745401617195 5.43935600491052 6.0102796116595 
0.715602042271866 2.4471106017004 2.80790821684501 
0.861600645860793 2.07751688439164 3.03755050667676 
4.54678752591332 3.21798142490312 3.95301366615789 
4.0828170697917 5.48501043499354 5.76887993591136 
4.16449889723483 5.26064761517641 5.99413398673825 
5.18689716728122 2.61622431223995 6.43980945012539 
5.06610149020248 2.79008563466977 6.54152205410378 
1.99280114246109 5.5755075415182 5.93397743625409 
1.90639242149719 5.02001472243269 5.84463504776476 
0.555905543221449 4.44346872564173 6.79035889847956 
0.848399737104557 3.49052581922151 5.06575198684981 
1.00245247825591 3.66113052924582 4.88605544943187 
1.36833054742439 6.31853144544667 0.518265920470216 
4.63511346265255 6.07061244784152 1.02281692469436 
4.968062406289 6.1053624840286 0.972225405794789 
4.87311161005201 3.25648841480534 3.46936376732879 
4.64539996420346 3.02201143379124 3.75510945505286 
0.294553948150889 3.4865157413617 4.41348519134009 
0.52841967494393 3.74384117037267 4.27934930223397 
3.83202371807183 6.46118673309917 3.61228140358327 
4.80584563177729 1.97528038467728 4.11587316054705 
3.30196085833684 5.95079733661484 1.06020359882799 
3.51546521715035 5.96864702225495 0.771962807582875 
6.43904702838357 1.53018241409584 4.2909099137431 
6.64437620766325 1.71974180379051 4.20186072049154 
0.276994577891789 3.92500777160729 4.2727307600418 
4.76371411625099 1.41485851275135 5.38423698434804 
3.99855093621589 6.68972358197141 3.26081309252892 
0.843675515920254 4.35885879458395 6.8140030361318 
4.89737146054093 1.67015788861234 4.00881626288242 
6.67738932543574 4.64242885064012 2.10141586669609 
6.59686108545702 4.38267647676338 1.90195530084365 
6.82977633345918 4.65037127053828 1.94783918618819 
6.70840133475422 4.40892175648458 1.81318435306294 
4.73427771328593 5.83887602267043 1.16896759208751 
4.99777098219757 5.88785277704425 1.11042062135322 
3.03829969619104 2.81501914281664 2.4586114940422 
3.06515004016479 2.94766577228463 2.13561173136164 
2.05412458907393 5.67096919977781 5.57474360549482 
1.98743372666834 5.14754609255153 5.42492878052184 
4.71082628952577 2.25925074441005 1.03658689564706 
4.40760877984374 1.93939127451823 0.798949011948832 
4.55626678838641 1.63598481148984 0.927129926168542 
4.87718810637154 1.88135201853133 1.15631978442559 
2.99428586910128 1.47861576254068 3.37765744987401 
3.79683519196207 1.48915364445045 1.58560453245811 
3.91856880717413 1.53399786551757 1.09258051299592 
4.05601138279966 1.64333078847768 5.40236402703439 
4.32379155890226 1.55943134032189 5.17899738600336 
4.65590268652325 4.3584543842989 1.53894584238709 
4.0465329426986 4.4804792668557 1.37916948184951 
4.24467726057033 1.29454602238532 1.5206906383576 
4.26224998824937 1.3668332648263 1.11880531982434 
3.1139022504757 6.16040984545333 0.855236613788466 
1.37069181980818 5.66317029817778 2.78432151024461 
1.08243447208249 5.67877009208452 3.03512323923852 
2.02808780702853 1.87595484171997 6.18527156098875 
2.02494659153008 1.64035176201333 6.35720903084405 
1.17818007927554 5.84379417097247 2.69166465312903 
0.990093935201674 5.82350050935111 2.90988754172892 
1.82579747094814 6.5502126683892 0.852419568576407 
2.94870436383784 1.59550013215894 3.24849409717527 
2.6119884277999 1.69889894305696 3.28248944850186 
1.50871449383916 1.7578735850926 0.955116821290946 
1.13044111278704 1.84088581219403 0.586223352922846 
5.37210416945022 4.07448201843064 3.60352252651796 
5.75839123394194 4.16389729072032 3.20735412402559 
2.49709311550866 1.5717667026363 3.47278121035397 
2.70682385811676 1.41945600380829 3.59276817493601 
0.561862713816133 1.44347710789492 2.92746817123 
6.59933233371209 2.87171136505476 2.25632491910356 
6.45230949992749 2.09940709845485 2.00692085601055 
6.52374556339459 2.00338614631278 1.57324347920183 
0.721790653634086 1.61622668628488 2.7620246041563 
0.497392364123507 1.7486754454833 2.4120695116868 
5.97096257533562 2.12807435517165 3.86341354544188 
4.32756604031122 1.77262025271621 2.56143442273851 
4.85597891111534 1.14756211528159 5.70875101296491 
1.26273026459606 0.996431666480481 5.77664899396581 
4.0645168069434 1.64837532705465 2.70381520564969 
3.77880790715215 1.78170839328353 2.50370880832499 
4.6098909605773 3.94932619478687 3.15266052930823 
5.18144366647812 4.36634844128265 3.30339989808517 
5.51242390028063 4.37686964174344 3.03796905191026 
1.02907765341177 2.27445211309206 0.696365578517858 
1.4545296624183 0.779553959616643 5.90267522127754 
1.59335145318646 0.840791293893476 6.15732251105227 
4.78570633198084 1.37901460957967 5.67044997461833 
6.12090306031903 0.625886819901903 2.88114986326365 
5.82823823745768 0.469910926400847 3.05940631499822 
4.52001995958185 1.04404279020684 6.06881286646739 
1.13291979917265 0.19177475371508 4.5501405977166 
3.89165126021774 3.33807177584551 1.90100100464329 
1.36672975557584 0.197788714491454 4.48333945455084 
1.50130110342491 0.244317018672603 4.03939781356985 
3.02377036171206 0.295448271970228 5.76510692142431 
3.59407763933234 0.62528712225932 5.77358631190858 
6.78559034111108 2.47768210129052 2.16188330170402 
0.54670401825354 3.40888530109282 1.33106160060057 
5.98483517503862 4.71117554568985 0.0904823135857074 
6.29866716232558 4.69526615985073 0.0883137327173203 
1.21353845052591 1.41532825338696 6.00484365027953 
1.49469460974141 1.28585020961283 6.3121745219568 
4.63453141180415 3.54455179077029 3.8749492526862 
4.84465872499321 3.56402503973971 3.60447789962236 
1.86606698563586 2.82069769589586 2.81944284165333 
1.67755318967315 2.57914409953559 2.53887037570237 
2.73906617405892 5.55161760321648 4.24016010178342 
2.62209921963471 5.33381012521521 3.75715388011949 
1.11345945456599 0.697912038377367 2.07108092169142 
1.49504419848596 0.415538385404297 2.0605108691462 
4.14870934538082 1.54849509115211 5.87537191096382 
4.42782581055135 1.43277387080502 5.96030968211646 
4.00521094708479 2.68490227973983 1.48507644068423 
4.11571906014958 3.11473295316347 1.34065423445722 
1.41088424541951 6.92864522941517 4.63643880158872 
1.19132811917227 6.91832785924014 4.70641414082751 
1.02164546401152 0.58360569808146 2.33435434965816 
1.33063149326125 0.32032177172046 2.37985083397034 
3.47464150166914 0.899785784042232 5.39998481075066 
3.0592404292129 0.734625646125618 5.32702412618618 
4.2592806696042 1.92008318189793 2.30915493542198 
4.00204885554935 1.94971012140111 2.25971582647505 
3.37192793893643 5.34840692126547 4.05912087925718 
0.62738921373034 3.94055380110645 1.3762692162571 
5.03255922974026 6.27346395492656 6.17100056063404 
5.3715634880319 6.19196047814256 6.10601875139279 
4.19121596470155 1.80711543137682 6.09947142474099 
4.45760744589631 1.65510197100654 6.16324142822809 
1.44257836346184 2.59966697002567 2.79855036895492 
1.60403310257413 2.78575877074053 2.99158985026641 
5.09063121596657 5.97506220788821 6.24008656206012 
5.34218960602696 5.97644534279186 6.17730034078173 
1.37997593319235 2.56063604467487 0.853641299693278 
1.65505971989231 2.30907250172031 1.09998827261401 
5.38128444475367 2.65942752941497 3.57171804641989 
5.01180745251718 2.57015801270876 3.83878765940141 
1.09341891799991 2.33799824512395 0.832131447139271 
1.45230069491102 2.05304951131255 1.11062055082373 
3.15578991560326 6.09704811094466 4.38847824702262 
5.94210052018383 4.3862782287196 0.0509148971941207 
6.19463276287544 4.3222689035581 0.0529374497440721 
1.76573383082059 0.745019854016513 4.60206819899657 
5.83071215340883 2.05216592873819 5.58348673526814 
5.73643642094629 2.48025495011005 4.03382848927992 
3.0576867902619 6.53660835868871 4.20845776837967 
2.04635816025986 6.0889714373411 4.6132205916575 
4.06407896631894 2.37784215530049 2.19807991909463 
3.81912195135908 2.79733316535097 2.37701665331412 
5.70464652993215 1.53845716762204 3.97098821287932 
5.45819646209313 1.57393531816853 4.20158132405702 
5.50665179125631 2.24103036021723 2.86169821522705 
5.65997497675444 2.15930104666942 2.27697959024933 
5.5859327771437 1.7513522340512 4.33290872033216 
5.82726775822091 1.72341139563281 4.10069287194881 
2.02599323069261 6.30910014517476 4.4965414571288 
1.70915949982542 6.34907868512561 4.29278667876034 
5.54577164696903 1.87195227924103 2.88286133663089 
5.67888424896342 1.75990149311604 2.45926656698829 
5.84670737226012 1.42222021330613 6.09637212643694 
6.12995125762429 1.71065903303051 5.88852998080516 
1.48043072363846 6.04435658485194 4.28706802354422 
1.64060333247065 5.81219626729135 4.49023347387507 
5.10577583306949 1.72131858626349 5.83174704396957 
5.21952221960763 1.9612460756061 5.58814194505554 
3.86926744843633 2.6157626261379 1.74742766581188 
3.71963897007817 2.92832224646255 2.05625126092753 
3.54693745691902 0.550885990336801 2.83889986515866 
2.28625773254376 0.488223460306624 4.00533649280181 
3.87219841046246 0.442504456722187 2.20649840494466 
3.72065466025064 0.748083782728364 2.53160350486398 
4.55837774283635 0.991357654070711 0.792962411497549 
4.39151449694278 0.992757348988008 0.944594635165376 
4.27492374064814 0.85097816134181 0.793425102970611 
6.35067202582272 1.92142165808379 6.2783812622459 
0.841010151729451 2.04618352180466 3.75446044884052 
0.655444080807915 2.06680399521549 3.43294634741928 
2.58479999267574 0.364822184659217 3.48383494070256 
2.50141134494585 0.663074622566167 3.67197475763137 
5.45669592659072 2.04521073780078 4.43848771044367 
5.12742207603261 2.18049235972992 4.38613172302295 
5.52916710955407 2.40661911854324 4.31144618613818 
5.2180747204848 2.44866974143514 4.292593820544 
3.35554182934492 6.17122548540365 4.81858916993155 
3.40511664256523 6.4542147379253 4.91795367132209 
3.21373278177234 6.11643675968681 5.07697384230775 
3.29716808306631 6.4289616239233 5.12916058886322 
0.267066106222342 1.24493680759462 5.62334621053311 
0.601045344245771 1.13300413093708 5.91125812308548 
1.56693952402485 1.01813880355942 3.7524444011134 
0.62522673080844 4.28646440173924 5.44988072813042 
0.76679098068751 4.49503648417145 5.71241818772124 
0.681637502171314 4.31815223543913 5.94074369817305 
0.500414384417102 4.04869282095207 5.70056826709708 
0.627460033109437 1.61279679171667 3.830869490007 
0.473846321316691 1.74165492449297 3.45166051258968 
4.03634383802865 4.6086671478324 5.78313560057671 
4.27098283225537 4.41765325733174 5.80499137425233 
3.88697504075786 4.48035314103875 5.93587009350936 
4.09540487485073 4.27617914258946 5.98278279908636 
6.18249289732109 2.41443166790478 6.41278996673644 
3.69054764581085 3.37954850735972 3.76986383061349 
3.3839541922905 3.46314472161796 4.08991925038697 
3.65035519872943 3.6400338032895 3.68791913488897 
3.39168509927423 3.73669303537615 3.95054001777831 
5.88343072391576 2.68840979469602 6.15982891598562 
6.09412515979814 2.98720380915045 6.16317957084872 
1.82055985470974 0.788265218691997 4.520816138721 
1.79412146906623 0.627671724729048 4.10302548872964 
2.00787129015591 6.81064130203509 5.04883131545267 
1.84894717384111 6.93807807276165 5.06311658254792 
3.13854409523004 1.6818001354706 4.38326682119853 
3.15943684697432 2.28775441842352 4.46478871333333 
3.0128585617187 1.90064951476695 4.5599945566053 
0.705078757220919 0.625725687230426 5.22540414042771 
0.877382210050345 0.70200762707422 4.8453669880375 
0.346764504231066 0.768649156452086 4.99689712329083 
0.604236436382012 0.815517218925675 4.70031855784457 
2.82320837938633 3.26818972722615 2.72543190436818 
3.12855897032823 3.74266842276489 2.96924103934462 
3.173768418807 3.99919063943125 2.72090728341346 
1.64446180960857 1.570487600767 4.24342481117045 
1.56355195628874 1.58387631794269 4.01734478727511 
1.53743094187752 1.38548795056127 4.2658668018864 
1.46420025193045 1.39836495105684 4.05660358721459 
1.25774384311928 1.62895737909385 5.86279034095043 
1.60849401939238 1.93229415563643 5.8828021410946 
1.79046313473572 3.90934524469048 5.18774096419971 
1.7235641517886 1.89375247422682 5.48130303832746 
1.434683458493 1.61954140706912 5.41928944681159 
2.67193518928787 4.49186242441648 4.90034535139543 
1.83310441807983 3.73117637156707 5.8843280738122 
2.29697518628404 4.09487415132997 5.7295210003901 
1.91273998203553 3.99385689213594 5.7272559553102 
2.54515711705415 4.09705181003489 5.1197759404794 
2.25675408431252 3.97825350780916 4.86652300803474 
3.14322602286951 4.83475415576893 4.90413732426015 
2.84614815579058 4.93798455930023 5.0493605952346 
3.10055822861131 5.00526063198088 5.31131386329301 
3.31337696559686 4.90168953130169 5.15549530501629 
2.54147269727713 3.74017046010204 5.95983706867669 
2.22231686705826 3.42737103295983 6.08524149257153 
6.59396092934754 3.75748708254134 5.13486882246907 
6.71807103140777 4.15101097607743 5.22759436158732 
6.66030876596764 3.66146074632413 5.48377476050879 
6.7699747674397 3.95043728360194 5.60664538991106 
2.42977893288015 4.36857482204745 4.30574053676618 
2.23022682006796 4.16837498978414 4.39250216895724 
2.38098992626594 4.45003058862777 4.58942020525729 
2.20239381170067 4.24344173779579 4.59881406827733 
3.49003728591258 4.91657324989752 2.14504905773139 
2.90000040018444 4.9428029937494 2.43892994362797 
3.31135952552088 5.17253794915653 3.60891951453451 
3.08985949770924 5.1384490196237 3.52327424896484 
3.14888343168146 4.92736701281228 3.49821122171614 
3.36076473272962 4.98377521588181 3.58687021322609 
2.89430097381894 3.29693109584648 2.05541043572457 
3.1128911410142 3.64644694155546 1.94254939798475 
2.76514024454332 3.44481743160565 2.26888249556435 
2.91574639237471 3.75640246260244 2.21861814433589 
3.12082548778701 4.58068338258809 2.83001086410231 
2.48888081669621 5.98829594635576 3.38097386617923 
2.87500056757422 5.45644712326105 3.13882948278485 
2.51332580232212 5.57696178548038 3.38099278952501 
1.20201042350226 2.72545154163556 6.63554306287707 
1.46947141300503 2.74102990698559 6.70986808729763 
4.05807923588369 1.74031055879307 3.15401702401334 
3.57198914965552 1.93989522838809 3.40515386174347 
3.49564839375286 1.68764696062735 3.58734954557204 
4.10832707777433 1.16797651011982 3.44004531867161 
3.91760236205664 1.14504196713908 3.58122735182676 
2.53536230531999 0.39940089198614 5.9026478679614 
2.31924117760255 0.743036186567075 5.78095452688484 
2.25216518991804 0.810383698500209 6.05008502536179 
2.35738259962194 0.60533691816209 6.19629008207493 
4.15427303743759 2.42326468061034 3.50717775287558 
4.13479544222082 2.74223548484549 3.4046844510546 
4.28583041197758 2.46521582132075 3.72971141393714 
4.31698839662027 2.83483168408451 3.69546698816658 
3.78083496515423 4.78469149728564 3.24151906891962 
4.4286362294613 4.95882086617576 2.52084390222802 
4.3912220509919 5.08430574516851 2.94527140491163 
4.12709952958306 5.14440937605956 2.91324417603492 
4.0606600378917 5.03809096457572 2.51396751977495 
2.44906724495511 6.42211625283839 2.14581543648673 
2.61422436444583 6.80722249558734 2.10850781249504 
3.20905222974068 5.88815419585709 2.66932566198858 
3.05831177968817 6.20110483289787 2.78371719145301 
3.13798560112403 5.80861991634736 3.0197062343503 
3.02074012651757 6.09143847871426 3.06001711099597 
2.58309230152143 6.48363584965046 2.48485671733673 
2.70361837018502 6.76615529330818 2.44639776657537 
3.69928541414253 5.21805558790514 1.54427352272776 
3.82466756903731 5.45905586869993 1.88259176719633 
4.00060014537221 5.11108868429466 1.32259073653384 
6.62416023105175 3.11196721329186 1.11659363392409 
6.0624241836443 2.27087033787031 1.13200358878123 
6.05681728938263 2.09126831093692 1.32812875471874 
5.92768891670559 1.77585059144912 1.15347487608194 
6.16869261961146 3.39491367064701 1.5099539088396 
6.15322328628734 3.27150179001949 1.21507085959145 
4.84035178192863 4.7657386844119 1.53124256538916 
3.45950044872628 4.07793405756455 2.70244182071341 
4.8382824681878 5.16475541604173 2.07843009924949 
4.98233195868287 4.93778806694081 1.98033806002575 
3.44534977869927 4.4960725069128 2.76869733175214 
3.68518976062739 4.69914774082981 2.36239191333589 
4.4542685271814 5.26999213620116 1.43067449241921 
4.46721805286573 5.43581528239483 1.68818064439284 
3.93280860166342 4.27869726115513 4.03992037821421 
4.03560733842537 4.58561631213892 3.45507769650265 
3.9481467593697 4.6163834759479 3.89353652049211 
4.06591140485854 4.07308023991436 3.3757223370679 
4.01387128634149 3.9284395151086 3.69847796498862 
5.64425109220169 1.81139617143845 0.790372743667701 
5.68915074808019 2.12662043919752 0.695094983707734 
5.93588872519781 2.06447966275987 0.821025287375015 
5.89065724136949 1.83053248800985 0.87925911841479 
5.25079627430219 5.09356634324909 2.04311356507582 
5.54339258475485 5.03040893964378 2.25727351010603 
5.63211356779156 5.13341270938306 1.79132985513513 
5.77387818065105 5.06832390646933 2.07912775465218 
4.29567830772959 4.14204419717055 2.10284878164113 
4.10322904920162 3.79065185335633 2.23573255488684 
3.7858370409703 3.9672669681148 2.15471884869431 
3.88408787246639 4.22908317094137 2.05498278061086 
POLYGONS 1585 9707
6 3 1 1570 1573 2 533 
4 4 3 533 1210 
5 5 895 2 1573 1572 
6 2 533 1210 1517 1519 895 
5 0 597 1173 1063 1062 
5 0 5 1572 1571 597 
5 0 5 895 1519 1062 
4 1036 1063 1173 1441 
7 597 1173 1441 1457 1 1570 1571 
5 3 1 1457 613 4 
5 4 613 1473 1517 1210 
5 1036 1441 1457 613 1473 
6 6 782 936 935 1065 979 
5 6 979 1064 1102 1101 
5 10 11 8 747 1191 
6 7 973 1112 10 1191 1422 
5 11 9 1111 1112 10 
5 12 637 1278 1277 1598 
5 13 716 1319 1320 858 
6 13 14 1355 1356 883 716 
5 857 858 1320 1105 574 
5 16 15 857 574 506 
5 15 14 13 858 857 
6 15 14 1355 1387 963 16 
5 25 20 22 18 1035 
6 24 21 627 1474 1475 1158 
5 18 17 23 19 22 
5 22 19 24 21 20 
5 583 584 656 1086 26 
5 583 584 966 592 27 
5 34 33 28 492 693 
6 30 35 36 34 693 694 
5 33 28 32 29 31 
4 35 36 742 37 
6 33 31 741 742 36 34 
6 673 874 1447 1499 1481 1137 
4 594 1091 1156 1197 
6 40 793 1024 1037 594 1091 
5 930 931 38 1024 793 
5 40 793 930 1179 1008 
5 40 1008 1157 1156 1091 
6 39 38 1024 1037 1426 1448 
4 39 38 931 875 
5 673 1137 1157 1008 1179 
6 874 875 931 930 1179 673 
5 874 875 39 1448 1447 
5 41 42 1455 1137 673 
6 41 42 1385 1386 1376 1377 
5 41 673 874 1374 1377 
6 44 1379 1385 42 1455 1456 
5 711 1375 1376 1386 1380 
4 1455 1456 1481 1137 
6 711 712 1447 874 1374 1375 
4 43 712 1447 1499 
6 43 44 1379 1380 711 712 
5 43 44 1456 1481 1499 
5 659 660 672 1054 47 
5 45 571 823 47 659 
5 47 823 46 1055 1054 
5 546 1012 1518 1520 1068 
5 48 546 1012 1011 1229 
6 50 2 895 782 936 1337 
6 48 49 732 1161 1068 546 
5 49 732 936 1337 1280 
5 50 772 1230 1280 1337 
5 48 49 1280 1230 1229 
4 50 2 533 772 
5 565 566 838 837 709 
4 837 838 985 1298 
6 695 800 566 838 985 986 
5 52 54 51 696 697 
5 51 53 695 800 696 
6 54 51 53 59 58 56 
5 58 59 1172 1297 1307 
6 57 52 697 565 709 646 
5 57 52 54 56 55 
5 59 53 695 986 1172 
4 57 55 1308 646 
5 56 58 1307 1308 55 
5 565 566 800 696 697 
4 39 864 63 1448 
7 61 69 835 859 875 39 864 
6 62 60 1001 711 1375 834 
5 60 64 66 1000 1001 
5 62 60 64 67 68 
4 61 67 68 69 
7 63 65 66 64 67 61 864 
5 68 69 835 834 62 
6 63 65 602 712 1447 1448 
4 65 66 1000 602 
5 70 503 733 839 944 
5 503 504 681 997 70 
6 839 842 1361 1353 998 944 
4 70 944 998 997 
7 73 72 865 1273 1242 1505 1506 
5 71 1376 1386 1506 1505 
5 71 960 490 1377 1376 
4 71 960 1242 1505 
5 41 491 820 490 1377 
4 726 727 976 866 
5 726 819 1273 865 866 
6 41 42 920 976 727 491 
5 73 72 920 42 1385 
5 865 866 976 920 72 
4 1385 1386 1506 73 
6 75 76 77 74 1214 1215 
5 548 685 1237 657 1332 
5 82 78 79 690 817 
6 82 78 1408 1407 1029 81 
5 1028 1029 1407 1403 83 
5 82 81 1443 80 817 
5 1028 1029 81 1443 1451 
5 819 1026 502 1274 1273 
5 84 7 973 726 866 
5 726 819 1026 1043 973 
5 1299 1368 86 1641 1642 
5 89 88 90 1246 1369 
6 86 95 96 89 1369 1368 
6 94 85 95 86 1641 1635 
5 1299 1300 1211 1637 1642 
6 90 1246 1300 1211 1652 1654 
4 87 92 85 94 
5 87 93 91 97 92 
7 94 87 93 1654 1652 1638 1635 
5 89 88 91 97 96 
5 91 88 90 1654 93 
5 97 92 85 95 96 
4 1637 1638 1652 1211 
5 79 662 1031 1058 690 
5 98 99 502 1026 1027 
4 100 102 1559 1435 
5 101 941 1599 1598 1277 
6 102 968 1277 101 1560 1559 
5 940 941 101 1560 1390 
5 905 995 1452 1451 1028 
4 103 810 105 996 
5 83 991 1073 905 1028 
5 106 107 104 991 1073 
4 642 700 115 1331 
6 109 113 108 700 642 612 
7 110 115 700 108 1547 1159 801 
6 53 695 1160 1113 1069 1070 
5 111 112 51 53 1070 
4 532 1069 1113 1546 
6 112 51 696 114 1330 611 
6 109 111 1070 1069 532 113 
5 111 112 611 612 109 
5 114 110 801 800 696 
5 114 110 115 1331 1330 
5 113 108 1547 1546 532 
5 118 1 1457 1586 1589 
6 119 118 1589 1588 117 1093 
5 120 1564 116 1570 1571 
6 116 119 1093 1580 1582 1564 
5 118 1 1570 116 119 
5 597 598 1149 1236 1173 
6 117 827 1235 1442 1587 1588 
4 117 827 1580 1093 
5 120 598 1149 1582 1564 
6 1235 1236 1149 1582 1580 827 
4 597 598 120 1571 
6 565 566 1555 1557 1039 121 
6 1322 1328 970 1555 1557 1541 
4 122 1322 1541 1476 
5 121 565 697 1562 1563 
5 123 124 122 1476 1154 
5 110 801 970 1328 1134 
5 121 1039 1154 123 1563 
7 114 110 1134 124 123 1563 1562 
4 696 697 1562 114 
5 124 122 1322 1328 1134 
5 800 801 970 1555 566 
4 130 738 125 1183 
5 125 126 128 1467 738 
5 127 126 125 1183 1141 
5 127 126 128 965 964 
6 729 964 127 1141 1107 1108 
6 131 730 965 128 1467 1468 
5 729 730 131 1315 1108 
5 129 130 738 1467 1468 
5 1315 1316 129 1468 131 
6 129 130 1183 1141 1107 1316 
5 16 132 841 939 963 
6 132 133 798 1346 1394 841 
4 16 132 133 506 
5 137 134 136 135 706 
5 706 707 1030 1151 137 
5 134 136 138 749 748 
6 137 134 748 603 1152 1151 
5 139 109 612 748 134 
5 109 111 678 677 139 
5 134 139 677 719 137 
5 718 719 137 1151 1050 
4 870 1041 142 1575 
5 621 718 1050 884 1574 
6 140 603 748 612 611 1042 
4 140 141 1152 603 
6 140 141 873 870 1041 1042 
6 141 873 884 1050 1151 1152 
7 142 112 111 678 621 1574 1575 
5 142 112 611 1042 1041 
6 1182 1187 613 1473 1479 1260 
6 1085 1182 1187 1186 1622 1623 
5 1586 1587 1596 1622 1186 
7 891 903 1036 1441 1442 1597 1595 
5 734 890 904 1479 1260 
6 890 891 1595 1623 1085 734 
5 1186 1187 613 1457 1586 
4 1442 1587 1596 1597 
5 144 547 145 702 703 
4 48 49 143 1312 
5 149 147 1186 1622 1620 
6 587 1585 1594 1588 1587 1596 
4 146 148 149 1620 
6 146 148 845 1584 1585 587 
6 147 1186 1586 1589 1613 1616 
5 146 587 1596 1622 1620 
6 149 147 1616 1617 845 148 
5 1170 1229 48 1312 1302 
5 605 743 1301 1302 1170 
6 504 605 1170 1229 1011 681 
5 150 151 687 547 144 
5 687 688 1126 1283 151 
4 69 835 1303 1285 
5 1218 1219 1339 1304 606 
5 152 539 1219 1339 1340 
4 136 138 1461 538 
5 135 152 539 538 136 
5 3 533 772 622 570 
5 4 997 681 1011 1210 
6 4 3 570 951 70 997 
7 570 622 1155 1171 1023 1022 951 
5 70 503 1047 1022 951 
6 154 628 153 1081 919 918 
6 155 154 918 896 1593 1592 
6 156 157 1107 1108 1590 1591 
5 155 729 1108 1590 1592 
4 157 1107 1141 1142 
5 156 157 1142 1082 158 
6 153 127 1141 1142 1082 1081 
5 158 897 919 1081 1082 
6 156 158 897 896 1593 1591 
4 153 127 964 628 
5 155 154 628 964 729 
4 159 689 1232 761 
6 159 761 891 903 1489 1490 
5 1322 1323 1502 1542 1541 
5 1489 1490 1449 1544 1543 
4 73 72 1164 754 
7 73 754 773 774 160 1379 1385 
4 44 161 160 1379 
5 161 160 774 551 516 
5 754 773 1503 1165 1164 
6 516 551 1504 861 1413 1414 
5 920 921 1410 1455 42 
5 861 862 921 1410 1413 
6 920 921 862 1165 1164 72 
5 44 161 516 1414 1456 
6 165 166 164 162 1572 1573 
6 162 163 169 120 1571 1572 
5 164 162 163 885 1051 
5 169 120 1564 1568 1566 
6 163 169 1566 1574 884 885 
5 166 164 1051 1050 718 
6 165 166 718 621 167 168 
5 167 621 1574 1566 1568 
5 116 168 165 1573 1570 
5 168 167 1568 1564 116 
5 170 172 146 587 177 
6 170 171 15 14 799 172 
6 177 170 171 174 173 650 
4 174 171 15 857 
5 146 148 1020 799 172 
5 845 1584 176 1626 1627 
4 148 845 1627 1020 
6 13 14 799 1020 1627 1626 
4 177 587 1585 650 
5 175 176 1626 13 858 
6 175 176 1584 1585 650 173 
5 175 173 174 857 858 
6 180 178 1595 1623 1621 1624 
4 178 761 891 1595 
5 180 178 761 1232 1233 
5 791 1114 1621 1624 1625 
5 179 790 825 1310 1511 
6 177 182 854 1597 1596 587 
5 180 185 982 1618 1624 
5 180 178 863 725 185 
4 184 186 1618 982 
6 181 183 184 982 185 725 
5 178 863 854 1597 1595 
5 181 182 177 170 183 
5 181 182 854 863 725 
7 186 172 146 1620 1621 1624 1618 
5 170 172 186 184 183 
5 562 563 188 1333 187 
6 188 189 876 548 1332 1333 
5 567 568 844 720 192 
5 190 191 193 192 720 
6 843 1284 1512 669 1402 1401 
6 191 193 830 831 790 825 
5 179 670 795 831 790 
5 193 192 567 783 830 
5 843 844 568 1396 1401 
6 830 831 795 1378 1395 783 
5 669 670 179 1511 1512 
5 190 191 825 1310 1311 
6 190 720 844 843 1284 1311 
5 669 670 795 1378 1402 
6 45 523 710 194 1077 659 
5 714 715 852 776 717 
5 716 717 714 984 883 
4 195 813 1115 1032 
5 935 981 1032 195 1065 
5 716 717 776 1282 1319 
6 517 518 638 196 1527 1526 
5 197 12 637 638 518 
5 1224 1343 1362 517 1526 
5 198 202 898 674 877 
5 674 675 519 878 877 
4 200 643 1132 899 
5 674 675 200 899 898 
5 1013 1014 199 1351 201 
5 200 643 1268 519 675 
7 898 899 1132 1133 1074 1038 202 
5 203 207 535 682 492 
4 203 492 28 507 
4 206 815 648 1176 
7 28 32 886 887 205 508 507 
5 208 204 206 1176 1177 
6 1191 1192 209 1305 1306 747 
5 210 778 209 1192 1130 
5 211 569 778 209 1305 
5 207 535 764 1118 961 
7 212 664 796 797 765 764 1118 
5 192 636 796 664 720 
6 203 193 192 636 693 492 
4 683 694 797 765 
5 191 193 203 207 961 
5 212 190 191 961 1118 
4 212 190 720 664 
5 213 214 1496 1004 215 
4 219 214 213 556 
6 215 213 556 1117 1241 1240 
5 215 1004 1052 1253 1240 
6 1078 1079 1052 1253 1254 217 
6 1004 1052 1079 1066 1495 1496 
5 654 655 217 1078 1067 
5 218 654 1067 1066 1495 
6 219 214 1496 1495 218 216 
5 217 655 1194 1201 1254 
6 216 218 654 655 1194 1193 
5 219 216 1193 1117 556 
5 220 226 232 227 225 
7 220 223 224 698 222 229 226 
5 225 220 223 228 221 
5 225 221 230 231 227 
5 230 221 228 888 619 
5 698 699 722 723 222 
5 222 229 972 769 723 
5 228 223 224 889 888 
7 699 722 1248 1247 619 888 889 
5 231 230 619 1247 902 
4 698 699 889 224 
5 229 226 232 971 972 
6 232 227 231 902 987 971 
5 86 714 717 1628 1641 
5 716 717 1628 1626 13 
4 1021 1140 760 1249 
6 1020 1021 1140 1299 1642 1627 
4 234 233 1347 770 
6 86 714 984 233 1347 1368 
5 234 233 984 883 1356 
4 14 799 1250 1355 
7 234 770 760 1249 1250 1355 1356 
4 739 775 771 1348 
4 216 218 235 1272 
5 9 536 1431 1405 1111 
5 242 10 1112 1492 1491 
5 536 1128 238 1404 1431 
5 236 241 11 10 242 
5 236 241 1129 239 620 
5 242 236 620 1485 1491 
5 240 925 1405 1431 1404 
6 1111 1112 1492 1486 925 1405 
5 237 238 1128 1129 239 
4 237 240 1404 238 
7 239 237 240 925 1486 1485 620 
6 11 9 536 1128 1129 241 
5 209 1305 1357 1488 1483 
6 47 243 1487 1488 1357 1054 
5 243 593 779 1484 1487 
5 778 779 1484 1483 209 
5 211 672 1054 1357 1305 
5 211 569 1076 660 672 
5 47 243 593 1077 659 
6 244 245 1599 941 1041 870 
5 246 247 130 1183 1184 
6 250 1302 1312 143 1459 1460 
6 248 252 1208 1301 1302 250 
5 250 248 251 249 1460 
6 254 735 821 253 1430 1429 
5 253 493 702 145 1430 
7 258 1092 255 1189 1190 1121 1120 
4 256 950 1190 1121 
6 255 850 1657 1656 499 1189 
6 257 500 950 256 781 1025 
4 499 500 257 1656 
6 1024 1025 257 1656 1657 1037 
4 594 850 1657 1037 
5 594 850 255 1092 1091 
5 256 781 794 1120 1121 
5 40 258 1120 794 793 
4 40 258 1092 1091 
5 259 263 1181 1524 1525 
6 259 261 262 1003 1002 263 
5 260 261 259 1525 808 
5 213 262 261 260 556 
5 260 556 1117 1060 808 
5 1002 1003 215 1240 635 
4 213 262 1003 215 
5 917 1061 1524 1181 1225 
5 635 1002 263 1181 1225 
5 917 1225 635 1240 1241 
5 264 509 937 753 752 
5 753 937 724 1334 1223 
5 901 1100 1221 993 1222 
6 851 1636 1639 1613 1644 1646 
5 1537 1538 266 1643 1647 
5 265 851 1646 1647 1537 
5 1205 1554 1636 1639 1594 
5 265 851 1636 1554 1553 
5 1093 1094 1127 1204 117 
5 119 266 1538 1094 1093 
5 1204 1205 1594 1588 117 
5 119 266 1643 1645 118 
5 118 1589 1613 1644 1645 
6 1094 1127 1553 265 1537 1538 
6 272 273 270 1434 1475 1158 
6 24 269 271 268 272 1158 
4 273 270 629 274 
6 91 97 1433 1434 270 629 
6 274 268 271 93 91 629 
4 274 268 272 273 
5 87 92 627 21 267 
4 24 269 267 21 
5 267 269 271 93 87 
5 97 92 627 1474 1433 
7 275 276 1364 1366 281 647 708 
4 276 277 633 1364 
5 275 276 277 286 284 
5 283 278 767 280 1185 
6 279 280 767 766 282 285 
5 289 23 17 287 288 
5 292 290 798 1346 557 
4 290 291 133 798 
5 292 290 291 957 537 
5 721 841 1394 1090 1207 
5 1089 1090 1394 1346 557 
6 132 133 291 957 1251 1293 
6 292 537 639 1206 1089 557 
4 132 841 721 1293 
6 180 185 1144 103 996 1233 
5 982 983 1143 1144 185 
6 212 190 1311 995 1452 1444 
4 1118 1119 1444 212 
6 283 278 554 942 957 537 
4 281 293 294 647 
4 295 291 957 942 
5 561 1009 1029 1407 1335 
6 804 1010 906 1523 1558 1556 
6 905 906 1010 1009 1029 1028 
6 543 1509 1528 992 1558 1556 
6 542 543 1509 1510 1335 561 
5 1403 1407 1335 1510 1529 
5 542 561 1009 1010 804 
6 991 992 1528 1529 1403 83 
5 74 77 296 248 251 
5 297 252 248 296 692 
4 32 29 298 886 
5 525 735 821 534 872 
5 299 958 1309 1611 1609 
5 299 1600 1601 1202 1609 
5 300 728 836 1363 1354 
6 302 300 728 894 1209 1203 
6 301 958 299 1600 1603 1265 
5 302 300 1354 1309 1611 
5 1264 1265 301 1363 836 
5 301 958 1309 1354 1363 
5 1202 1203 302 1611 1609 
6 564 810 103 1144 1392 1393 
5 279 280 704 1392 1393 
6 704 705 303 1143 1144 1392 
4 704 705 1185 280 
5 301 305 691 959 958 
5 305 306 242 1491 691 
7 958 959 1096 304 1469 1470 1309 
6 242 236 1409 1488 1483 306 
6 236 620 304 1469 1478 1409 
5 691 959 1096 1485 1491 
6 301 305 306 1483 1484 1363 
4 304 620 1485 1096 
5 309 285 279 1393 1389 
7 311 309 1389 1388 307 948 495 
5 312 307 1388 1392 704 
5 312 307 948 1056 522 
6 521 522 312 704 280 767 
5 521 522 1056 608 308 
4 308 310 496 608 
5 308 310 766 767 521 
4 311 309 285 282 
6 311 282 766 310 496 495 
5 314 182 181 307 948 
4 181 307 1388 725 
5 315 313 1254 1253 780 
6 315 495 948 314 1040 780 
5 780 1040 1053 1052 1253 
5 313 311 309 217 1254 
4 315 313 311 495 
5 314 182 854 1053 1040 
4 309 217 1078 1389 
6 316 658 1064 1102 1341 1342 
5 0 5 6 1101 498 
4 169 316 658 163 
6 169 120 598 1373 1342 316 
5 162 163 658 1064 979 
5 5 6 979 162 1572 
6 0 498 1372 1373 598 597 
5 717 776 590 1384 1628 
5 317 85 95 684 853 
5 86 95 684 715 714 
6 590 776 852 853 317 833 
5 94 85 317 833 832 
4 94 832 1383 1635 
5 319 318 1493 1494 1508 
5 45 523 1493 1494 571 
6 754 755 737 1507 1506 73 
5 320 514 322 928 929 
4 321 322 928 661 
6 20 22 999 931 38 911 
5 25 20 911 912 789 
5 18 652 1303 1285 1035 
5 22 18 652 323 999 
5 323 859 875 931 999 
5 323 652 1303 835 859 
6 61 69 1285 1035 25 789 
4 61 789 912 864 
5 39 38 911 912 864 
6 326 324 328 325 645 826 
5 325 131 730 1131 645 
6 1370 1371 1590 1592 1552 713 
5 1108 1315 329 1371 1590 
6 326 324 1370 713 756 327 
5 327 756 822 510 1439 
7 155 510 1439 1440 1131 730 729 
5 325 131 1315 329 328 
5 328 329 1371 1370 324 
5 326 327 1439 1440 826 
5 155 510 822 1552 1592 
6 332 579 1262 1338 1530 1531 
4 332 331 330 579 
5 260 808 657 1332 1333 
6 187 333 219 556 260 1333 
5 219 216 1272 1292 333 
5 139 109 113 334 336 
5 336 139 134 136 538 
6 335 641 749 138 1461 1445 
5 113 334 1381 552 108 
6 334 336 538 1461 1445 1381 
5 335 701 552 1381 1445 
5 335 641 642 700 701 
4 108 552 701 700 
5 641 642 612 748 749 
5 52 101 1560 1562 697 
5 114 1330 1390 1560 1562 
6 52 54 142 1041 941 101 
5 940 1042 611 1330 1390 
4 142 112 51 54 
6 338 82 817 818 746 745 
5 640 765 797 746 818 
6 915 916 1119 1444 1443 80 
6 817 818 640 1017 915 80 
5 764 1018 916 1119 1118 
6 81 337 664 212 1444 1443 
5 337 338 745 796 664 
4 81 337 338 82 
4 342 345 560 540 
5 339 541 340 1255 1256 
5 540 541 339 962 560 
5 345 344 1174 962 560 
5 581 582 1362 517 625 
5 343 197 518 624 341 
6 143 49 1280 1281 1465 1459 
5 127 126 1256 339 153 
6 348 128 126 1256 1255 649 
4 340 497 880 541 
6 340 497 1458 1432 649 1255 
4 497 880 346 1458 
6 346 604 680 347 1432 1458 
7 153 339 541 880 346 604 628 
4 347 348 649 1432 
5 348 128 965 680 347 
7 323 859 1374 1377 490 1648 1649 
4 323 652 632 1649 
4 490 960 1295 1648 
4 606 607 631 1304 
4 737 755 205 887 
6 352 349 1540 656 584 545 
5 1072 1231 1219 1339 1539 
5 349 354 1072 1539 1540 
6 26 353 350 559 544 583 
6 350 351 356 355 558 559 
5 353 350 351 539 152 
5 544 545 352 558 559 
5 351 356 1231 1219 539 
5 355 354 349 352 558 
5 355 354 1072 1231 356 
5 26 353 152 1340 1086 
6 237 240 1097 794 1120 614 
5 358 781 794 1097 1633 
6 256 357 1049 802 501 1121 
4 256 357 358 781 
4 501 614 1120 1121 
5 188 359 261 260 1333 
4 187 333 361 562 
5 188 359 1342 1341 563 
5 261 262 1373 1342 359 
6 360 214 213 262 1373 1372 
5 360 361 333 219 214 
6 360 361 562 563 1341 1372 
6 99 502 1274 1243 1148 750 
6 321 362 1290 775 771 661 
5 363 365 1166 1140 1021 
7 363 549 595 208 1177 1249 1021 
4 364 365 363 549 
5 205 508 773 754 755 
4 366 367 676 1261 
5 366 367 1480 1063 1062 
5 367 676 1543 1489 1480 
5 903 1036 1063 1480 1489 
5 294 293 274 629 1220 
5 368 685 548 876 816 
4 1015 1016 1196 373 
5 371 1195 1083 1399 1416 
6 372 371 1195 1196 1016 513 
5 372 371 1416 1147 370 
6 369 373 1196 1195 1083 651 
5 630 651 369 1437 1438 
5 370 1147 1415 1646 1644 
4 630 651 1083 1399 
5 372 370 1644 1645 513 
6 369 373 1015 1643 1647 1437 
5 375 616 676 1543 1544 
6 616 676 1261 1153 806 805 
5 1419 1420 1607 1606 374 
5 529 591 706 137 719 
5 166 164 195 1032 1532 
5 195 164 1051 1122 813 
4 707 788 1162 1030 
5 529 591 787 1116 1533 
7 787 788 1162 1122 813 1115 1116 
6 1050 1051 1122 1162 1030 1151 
6 718 719 529 1533 1532 166 
5 380 840 945 379 1212 
6 944 945 379 952 951 70 
6 762 763 381 1022 1047 949 
5 378 762 949 923 922 
6 839 840 380 922 923 733 
5 503 733 923 949 1047 
6 377 376 1110 1212 379 952 
5 381 377 952 951 1022 
5 378 922 380 1212 1110 
4 381 377 376 763 
5 762 763 376 1110 378 
5 160 33 28 507 774 
5 34 382 383 636 693 
5 34 33 160 161 382 
6 161 382 383 385 384 516 
6 203 193 830 551 774 507 
4 384 385 567 783 
5 385 383 636 192 567 
5 384 516 551 830 783 
5 54 142 1575 1565 56 
6 55 56 1565 624 518 638 
5 57 55 638 637 1278 
6 244 341 624 1565 1575 870 
4 244 341 343 245 
6 197 12 1598 1599 245 343 
5 52 101 1277 1278 57 
4 600 784 386 1536 
5 933 1535 653 1612 1610 
6 386 585 934 933 1535 1536 
5 386 585 1113 1069 784 
6 585 934 1202 1203 1546 1113 
6 601 653 1612 1611 302 907 
5 302 907 532 1546 1203 
6 600 601 907 532 1069 784 
5 933 934 1202 1609 1610 
5 1421 1446 1462 1218 1497 
6 523 710 1411 1421 1497 1493 
6 606 607 318 1493 1497 1218 
5 255 1092 1349 1438 1415 
5 768 933 1610 1156 1197 
5 265 768 933 1535 1537 
6 265 768 1197 594 850 851 
4 653 1336 1350 1612 
5 850 851 1646 1415 255 
7 1091 1092 1349 1350 1612 1610 1156 
6 653 1336 1437 1647 1537 1535 
4 170 171 1294 183 
6 387 174 171 1294 1252 860 
7 522 860 387 919 918 1057 1056 
5 792 896 918 1057 974 
6 314 182 177 650 792 974 
5 173 174 387 919 897 
6 181 183 1294 1252 312 307 
4 312 522 860 1252 
5 314 948 1056 1057 974 
5 173 650 792 896 897 
5 388 354 1072 1477 824 
6 349 354 388 389 1326 1327 
6 1072 1477 1494 1508 1534 1539 
5 823 824 1477 1494 571 
5 389 46 823 824 388 
5 301 305 1216 1286 1265 
5 305 306 1192 1130 1216 
5 210 505 1286 1216 1130 
6 391 390 779 778 210 505 
4 209 1192 306 1483 
4 391 390 836 1264 
5 390 779 1484 1363 836 
5 391 505 1286 1265 1264 
5 348 128 1467 1471 1168 
5 384 393 617 1395 783 
5 392 795 1378 1602 1604 
6 393 617 1601 1600 1413 1414 
4 384 393 1414 516 
5 394 395 861 1504 1501 
5 394 392 1604 1603 395 
5 394 392 795 831 1501 
5 395 861 1413 1600 1603 
5 1357 1358 578 1409 1488 
6 198 202 389 46 1055 967 
5 389 202 898 666 388 
4 396 243 1487 1513 
5 396 243 47 823 824 
5 674 898 666 1515 1478 
6 388 666 1515 1513 396 824 
5 674 877 578 1409 1478 
5 578 877 198 967 1358 
5 297 692 623 856 855 
6 397 588 398 786 856 623 
5 398 786 882 1266 1267 
5 401 399 390 779 593 
5 400 194 1077 593 401 
5 391 390 399 151 1283 
5 399 151 150 400 401 
4 362 1098 1188 1290 
6 403 1591 1593 1554 1636 1658 
5 1370 1371 1500 1482 402 
4 402 848 713 1370 
6 403 1426 1500 1371 1590 1591 
6 265 768 848 713 1552 1553 
5 402 848 768 1197 1482 
5 403 1426 1037 1657 1658 
5 378 407 406 994 922 
6 786 882 1288 1199 923 949 
5 406 665 1289 1200 994 
5 398 404 762 949 786 
5 405 404 398 1267 954 
5 405 404 762 378 407 
6 407 406 665 953 954 405 
6 665 953 1266 882 1288 1289 
5 848 849 934 933 768 
5 756 757 849 848 713 
5 585 586 757 849 934 
6 756 757 586 867 634 822 
5 386 1006 1094 1538 1536 
5 585 586 867 1006 386 
5 634 867 1006 1094 1127 
6 24 269 358 1633 1634 19 
4 357 408 1365 1049 
5 408 271 268 1367 1365 
5 357 408 271 269 358 
5 289 23 19 1634 1629 
5 325 131 1468 1472 511 
4 409 511 325 645 
4 528 869 993 1221 
7 409 511 1472 1471 1168 528 869 
6 347 348 1168 528 1221 1100 
4 347 680 901 1100 
6 409 645 1131 1222 993 869 
5 104 410 1321 411 107 
5 861 862 1198 1287 395 
5 549 550 1361 842 364 
4 366 498 0 1062 
6 366 498 1101 524 1153 1261 
4 5 6 782 895 
5 164 162 979 1065 195 
6 946 947 1106 1105 1320 1313 
4 946 1123 1314 1313 
6 743 744 855 856 1048 605 
5 786 856 1048 1047 949 
5 41 491 1180 1179 673 
5 412 959 1096 1008 1157 
6 691 959 412 1410 921 977 
5 491 727 1492 1486 1180 
5 1137 1157 412 1410 1455 
6 976 977 691 1491 1492 727 
6 30 35 129 1468 1472 1397 
5 329 414 382 383 328 
5 413 414 329 1315 1316 
7 328 325 511 745 796 636 383 
5 30 694 797 746 1397 
5 35 129 1316 413 36 
5 414 382 34 36 413 
5 370 1615 1616 1613 1644 
4 255 1189 1147 1415 
6 370 1147 1189 499 1614 1615 
6 499 1614 1617 1640 1659 1656 
6 928 929 1034 1167 1300 1246 
5 90 415 322 928 1246 
5 320 406 994 1034 929 
5 380 1167 1300 1211 1212 
6 407 416 1655 1653 1110 378 
6 407 406 320 514 515 416 
6 90 415 515 416 1655 1654 
4 415 322 514 515 
5 380 922 994 1034 1167 
7 37 247 246 417 66 1000 742 
6 333 361 616 375 829 1292 
5 360 214 1496 1480 367 
5 360 367 676 616 361 
5 375 829 1450 1449 1544 
5 235 1272 1292 829 1450 
6 218 235 1450 1449 1490 1495 
5 326 568 844 932 826 
5 804 1005 1401 843 1010 
6 826 932 1009 561 1463 1440 
6 327 418 679 419 1464 1439 
5 418 679 1005 1401 1396 
5 327 418 1396 568 326 
5 419 542 804 1005 679 
5 419 542 561 1463 1464 
5 355 429 426 425 356 
5 427 429 355 558 531 
5 425 356 351 423 420 
6 421 512 610 428 576 577 
5 422 424 421 512 667 
5 558 559 668 609 531 
5 350 422 667 668 559 
5 425 420 577 576 426 
5 424 421 577 420 423 
5 429 426 576 428 427 
5 350 422 424 423 351 
5 427 428 610 609 531 
5 519 520 431 926 675 
4 430 879 990 1400 
5 430 431 520 809 879 
5 200 643 1084 1083 651 
5 630 651 200 675 926 
5 989 1084 643 1268 1269 
6 430 431 926 630 1399 1400 
5 809 879 990 989 1269 
6 418 757 849 617 1395 1396 
5 402 393 617 849 848 
6 402 393 384 385 324 1370 
5 324 385 567 568 326 
4 327 418 757 756 
5 380 840 365 1166 1167 
5 147 945 379 1615 1616 
6 1211 1212 379 1615 1614 1637 
6 845 1617 1614 1637 1642 1627 
6 149 147 945 840 365 363 
5 149 363 1021 1020 148 
7 342 345 574 506 133 291 295 
6 432 189 876 816 582 581 
5 345 344 1106 1105 574 
6 433 435 828 827 1580 1581 
4 433 434 436 435 
6 433 434 1071 868 1007 1581 
5 827 828 975 1204 117 
6 436 435 828 975 1138 1145 
5 634 1127 1204 975 1138 
4 434 436 1145 1071 
5 257 500 1638 1635 1383 
5 731 832 1383 257 1025 
6 269 358 781 1025 731 267 
5 87 267 731 832 94 
6 271 93 1654 1655 1276 408 
6 357 408 1276 1234 950 256 
6 500 950 1234 1653 1652 1638 
6 426 576 1336 1350 1470 1516 
6 674 675 926 927 1469 1478 
5 429 426 1516 1515 666 
6 427 428 369 651 200 899 
5 427 429 666 898 899 
5 428 369 1437 1336 576 
5 926 927 1349 1438 630 
5 259 261 359 438 437 
6 259 437 625 517 1526 1525 
5 368 816 582 1362 1343 
5 432 438 437 625 581 
5 368 685 1237 1224 1343 
5 188 359 438 432 189 
6 657 808 1525 1526 1224 1237 
5 400 401 1360 1421 1411 
7 253 335 1445 1446 1424 494 493 
7 150 400 1411 1424 494 703 144 
5 401 399 758 1382 1360 
5 552 553 1258 1453 701 
6 399 151 687 1258 553 758 
5 253 335 701 1453 1430 
6 145 547 687 1258 1453 1430 
5 278 554 881 521 767 
5 346 308 521 881 880 
6 281 293 274 268 1367 1366 
7 105 689 159 1066 1067 564 810 
4 159 1066 1495 1490 
6 411 107 106 1428 1427 1425 
5 854 1053 1235 1442 1597 
5 827 828 1040 1053 1235 
5 974 975 828 1040 314 
5 650 792 1205 1594 1585 
6 439 631 1304 1339 1539 1534 
5 439 319 318 607 631 
4 439 319 1508 1534 
5 410 814 618 1551 1321 
5 440 555 618 814 1080 
5 441 165 166 1532 1530 
5 441 165 1573 2 50 
5 441 50 1337 1338 1530 
6 443 751 1296 1295 1648 1651 
5 442 444 1650 1649 632 
5 837 838 543 1509 1263 
4 814 992 1528 1080 
6 440 1080 1528 1509 1263 1239 
5 440 555 445 1238 1239 
5 121 445 1238 709 565 
5 709 837 1263 1239 1238 
6 618 814 992 1558 1557 1039 
5 121 445 555 618 1039 
5 566 838 543 1556 1555 
5 253 335 641 534 821 
5 446 102 968 969 447 
6 100 102 446 807 1521 1522 
6 84 626 1217 977 976 866 
5 862 921 977 1217 1198 
7 29 31 1380 1386 1506 1507 298 
5 886 887 737 1507 298 
5 160 33 31 1380 1379 
6 1521 1522 644 1548 1550 913 
6 446 102 1559 1563 121 445 
5 123 1412 1435 1559 1563 
6 123 1154 1549 1548 644 1412 
5 644 1412 1435 100 1522 
5 446 445 555 914 807 
5 618 1039 1154 1549 1551 
5 89 448 739 1348 1369 
6 661 771 1348 1369 1246 928 
6 89 448 1188 1098 1099 88 
6 415 322 321 362 1098 1099 
4 88 90 415 1099 
5 448 739 775 1290 1188 
5 259 263 1561 1567 437 
5 196 638 55 1308 1344 
6 263 1181 1345 1307 58 1561 
5 56 58 1561 1567 1565 
5 624 625 437 1567 1565 
6 1344 1345 1181 1524 1527 196 
5 724 1270 1510 1335 1334 
5 241 575 449 1125 1129 
5 8 11 241 575 846 
5 950 1190 1417 450 1234 
6 371 377 376 450 1417 1416 
4 371 377 952 372 
5 372 370 1615 379 952 
5 499 500 1638 1637 1614 
5 376 450 1234 1653 1110 
6 433 435 780 1253 1240 635 
5 215 1003 1149 1236 1004 
5 433 635 1002 1583 1581 
4 435 780 1040 828 
5 82 78 869 409 338 
5 81 337 932 1009 1029 
5 78 869 993 1279 1408 
6 338 409 645 826 932 337 
5 423 351 539 538 336 
5 336 139 677 424 423 
5 422 424 677 719 529 
5 350 422 529 591 353 
5 353 152 135 706 591 
6 284 286 572 451 404 405 
5 404 451 589 588 398 
5 454 313 1254 1201 453 
4 452 572 451 589 
5 91 88 1099 1220 629 
5 276 1276 408 1365 1364 
5 416 275 276 1276 1655 
4 416 275 708 515 
7 415 515 708 647 294 1220 1099 
5 671 806 1153 524 1104 
5 360 367 366 498 1372 
5 361 562 740 805 616 
5 563 1087 1103 1102 1341 
5 456 455 1629 289 288 
5 793 794 1097 1227 930 
5 240 925 1095 1227 1097 
6 40 258 580 304 1096 1008 
5 1179 1180 1095 1227 930 
4 925 1095 1180 1486 
5 304 580 615 239 620 
4 239 237 614 615 
5 258 580 615 614 1120 
5 458 599 1466 811 812 
6 458 76 77 296 457 599 
5 249 251 74 1214 1318 
6 1317 1318 249 1460 1466 811 
5 457 250 1460 1466 599 
4 457 250 248 296 
5 811 812 75 1215 1317 
4 458 76 75 812 
5 444 456 288 287 442 
5 983 1143 303 1206 1207 
5 185 725 1388 1392 1144 
4 639 705 303 1206 
5 183 184 721 1293 1294 
6 704 705 639 1251 1252 312 
5 184 721 1207 983 982 
4 304 580 927 1469 
5 580 615 431 926 927 
6 431 520 1125 1129 239 615 
5 236 241 575 578 1409 
5 449 575 578 877 878 
5 519 520 1125 449 878 
6 296 457 224 698 623 692 
4 223 224 457 599 
4 222 397 623 698 
6 938 956 1352 1351 201 1271 
5 460 459 264 752 759 
5 461 956 938 1324 1325 
5 460 462 463 464 459 
6 436 462 460 759 1146 1145 
5 459 264 509 871 464 
4 461 434 1071 1325 
7 462 463 955 956 461 434 436 
5 753 924 1324 938 937 
4 463 464 871 955 
6 199 1014 1019 646 1308 1344 
6 57 646 1019 447 969 1278 
7 465 736 1126 1283 391 1264 1291 
5 1286 1287 395 1603 1265 
5 466 465 1291 1604 392 
6 169 316 438 437 1567 1566 
5 947 1106 344 1174 1175 
5 267 21 20 911 731 
7 208 204 1619 1625 791 596 595 
4 550 596 791 1114 
7 149 363 549 550 1114 1621 1620 
6 206 186 172 799 1250 1176 
5 206 186 1618 1619 204 
5 427 531 1109 1132 899 
4 369 373 610 428 
6 609 610 373 1196 1247 902 
5 1083 1084 988 1248 1195 
6 987 988 1084 643 1132 1109 
5 531 609 902 987 1109 
5 297 252 1208 744 855 
5 1216 1217 626 1423 1130 
5 468 619 1247 1196 1016 
6 230 469 471 472 468 619 
5 470 231 902 609 668 
5 467 512 610 373 1015 
5 467 472 471 667 512 
4 470 231 230 469 
5 472 468 1016 1015 467 
5 470 469 471 667 668 
5 58 59 473 1569 1561 
6 474 167 1568 1569 473 785 
5 59 473 785 1070 53 
5 111 678 474 785 1070 
4 474 167 621 678 
5 792 896 1593 1554 1205 
5 155 154 909 1139 510 
5 634 822 510 1139 1138 
4 154 909 1057 918 
6 974 975 1138 1139 909 1057 
5 426 425 475 1514 1516 
5 396 978 475 1514 1513 
5 355 429 666 388 354 
5 396 824 1477 1498 978 
6 425 475 978 1498 1231 356 
5 564 1067 1078 1389 1393 
5 430 431 615 614 501 
5 430 501 802 803 879 
5 98 443 1651 1632 1027 
5 900 1027 1632 1631 1406 
5 444 456 455 1630 1650 
5 542 543 838 985 419 
6 837 1263 1271 938 1324 1298 
6 419 985 1298 1324 924 1464 
5 753 924 1464 1463 1223 
5 364 365 840 839 842 
6 527 917 1225 1226 1352 1359 
5 436 435 780 315 462 
4 461 956 1352 1226 
6 461 434 433 635 1225 1226 
6 463 454 453 526 1213 955 
5 454 313 315 462 463 
6 526 527 917 1241 1201 453 
5 305 691 977 1217 1216 
5 412 299 1600 1413 1410 
4 412 299 958 959 
5 98 99 750 751 443 
5 476 330 331 27 592 
5 407 416 275 284 405 
6 422 529 1533 1531 471 667 
5 467 478 477 421 512 
6 477 474 678 677 424 421 
5 478 477 474 167 168 
6 165 168 478 467 472 441 
5 471 472 441 1530 1531 
4 750 751 1296 1148 
5 22 19 1634 1228 999 
6 442 287 17 18 652 632 
6 323 999 1228 1630 1650 1649 
5 455 1629 1634 1228 1630 
6 16 132 1293 1294 171 15 
5 342 295 942 943 540 
6 387 174 857 574 345 560 
5 387 560 540 943 860 
5 482 481 480 1314 1313 
5 175 482 1313 1320 858 
5 480 590 776 1282 1314 
5 481 480 590 1384 479 
5 482 481 479 176 175 
5 176 479 1384 1628 1626 
5 1227 1228 1630 1631 1095 
5 925 1095 1631 1406 1405 
4 324 328 383 385 
4 338 409 511 745 
5 337 664 720 844 932 
5 411 1321 1551 1549 1425 
4 843 1010 906 1284 
5 905 906 1284 1311 995 
5 460 496 608 910 759 
5 315 462 460 496 495 
5 909 910 608 1056 1057 
5 113 334 908 907 532 
5 483 908 334 1381 1382 
5 483 300 728 758 1382 
6 552 553 530 1545 1547 108 
5 302 300 483 908 907 
4 530 894 1209 1545 
5 530 553 758 728 894 
5 283 537 639 705 1185 
6 944 945 147 1186 1187 998 
4 998 1187 1182 1353 
6 550 1114 1085 1182 1353 1361 
6 451 589 723 722 381 763 
5 222 397 588 589 723 
5 699 722 381 1022 1023 
6 698 699 1023 1048 856 623 
4 404 451 763 762 
6 531 558 352 1578 1576 1109 
5 352 349 1327 1075 1578 
4 389 202 1038 1326 
5 1074 1075 1578 1576 1133 
6 228 223 599 1466 1465 1281 
6 228 888 1155 1230 1280 1281 
7 457 224 889 1171 1170 1302 250 
4 888 889 1171 1155 
5 399 390 836 728 758 
6 396 243 593 401 1360 978 
5 483 475 978 1360 1382 
5 483 300 1354 1514 475 
4 400 194 710 1411 
7 331 27 583 544 470 469 332 
4 470 544 559 668 
4 469 471 1531 332 
7 206 186 184 721 841 939 815 
5 530 686 1150 1244 1545 
4 801 970 1245 1159 
6 700 701 1453 1454 980 115 
4 110 115 980 1134 
5 387 560 962 1081 919 
6 158 482 1313 946 1124 1082 
5 175 173 897 158 482 
5 490 820 1632 1651 1648 
5 819 820 1632 1027 1026 
6 276 277 573 450 1234 1276 
6 376 450 573 572 451 763 
4 286 277 573 572 
6 159 761 178 863 1079 1066 
6 1063 1173 1236 1004 1496 1480 
5 104 410 814 992 991 
5 8 747 1306 1275 846 
5 230 221 579 332 469 
5 221 228 1281 1262 579 
5 468 619 888 1155 622 
6 441 50 772 622 468 472 
5 971 987 1109 1576 1577 
5 484 769 988 1084 989 
6 784 785 473 1007 1006 386 
5 473 1007 1581 1583 1569 
5 477 474 785 784 600 
6 478 477 600 1536 1538 266 
5 478 168 116 119 266 
5 37 35 129 130 247 
6 402 393 1414 1456 1481 1482 
6 412 299 1609 1610 1156 1157 
5 617 849 934 1202 1601 
5 232 971 1577 1579 1045 
6 352 545 1046 1045 1579 1578 
6 227 231 470 544 545 1046 
4 232 227 1046 1045 
5 446 447 1019 1238 445 
4 646 709 1238 1019 
5 38 911 731 1025 1024 
5 84 7 1422 1423 626 
5 450 573 990 1400 1417 
5 452 484 769 723 589 
6 371 377 381 722 1248 1195 
6 452 484 989 990 573 572 
5 476 225 221 579 330 
6 1378 1402 1244 1545 1209 1602 
5 418 679 892 586 757 
5 425 420 908 483 475 
5 334 336 423 420 908 
6 906 1284 1512 1502 1542 1523 
4 669 1150 1244 1402 
6 669 1150 1329 1323 1502 1512 
5 530 686 465 1291 894 
5 687 688 777 1259 1258 
4 736 777 688 1126 
5 465 686 1259 777 736 
6 430 501 1121 1190 1417 1400 
6 277 573 990 879 803 633 
5 36 413 602 1000 742 
5 31 741 1001 711 1380 
5 44 161 382 414 43 
5 414 43 712 602 413 
5 420 577 601 907 908 
5 477 421 577 601 600 
4 438 359 1342 316 
7 157 486 65 602 413 1316 1107 
5 485 486 157 1142 1033 
5 417 485 1033 1184 246 
5 417 66 65 486 485 
5 467 478 266 1643 1015 
5 576 577 601 653 1336 
6 867 868 1172 986 892 586 
5 419 679 892 986 985 
6 254 1429 1454 980 1606 1605 
5 124 374 1606 980 1134 
6 604 680 901 752 759 910 
5 346 308 608 910 604 
5 105 689 1232 1233 996 
5 106 1073 1523 1542 1428 
4 545 584 966 1046 
5 262 1003 1149 598 1373 
5 263 1002 1583 1569 1561 
5 487 480 590 833 893 
5 487 480 1314 1123 1163 
5 154 628 604 910 909 
4 153 339 962 1081 
5 648 815 939 963 1387 
6 485 1033 1124 946 1123 1163 
4 1082 1124 1033 1142 
5 1425 1427 1476 1154 1549 
6 78 79 662 663 528 869 
4 392 466 670 795 
6 466 465 686 1150 669 670 
5 258 580 927 1349 1092 
4 699 889 1171 1023 
5 59 473 1007 868 1172 
4 892 986 695 1160 
5 254 735 525 1608 1605 
6 115 980 1606 1607 1178 1331 
5 525 872 1178 1607 1608 
6 534 641 642 1331 1178 872 
5 201 1013 1239 1263 1271 
6 461 1226 1345 1307 1297 1325 
6 1344 1345 1226 1352 1351 199 
6 491 820 1632 1631 1095 1180 
5 726 727 1492 1112 973 
5 1178 1391 1436 1420 1607 
5 124 374 1419 1412 123 
5 242 10 1191 1192 306 
5 575 578 1358 1275 846 
5 4 613 1187 998 997 
6 403 488 489 63 1448 1426 
6 414 43 1499 1500 1371 329 
4 156 488 403 1591 
4 63 65 486 489 
5 489 486 157 156 488 
6 118 1 3 570 513 1645 
5 372 513 570 951 952 
6 476 225 227 1046 966 592 
5 489 487 1163 485 486 
5 488 489 487 480 481 
5 156 158 482 481 488 
6 746 818 1059 1136 1398 1397 
5 176 479 1659 1640 1584 
6 1383 1384 479 1659 1656 257 
6 481 479 1659 1658 403 488 
5 513 570 622 468 1016 
5 1350 1470 1309 1611 1612 
6 489 487 893 912 864 63 
5 981 1032 1532 1530 1338 
6 819 820 490 960 1242 1273 
5 726 727 491 820 819 
5 686 1150 1329 1257 1259 
5 682 683 694 693 492 
4 493 494 703 702 
5 495 496 608 1056 948 
5 830 831 1501 1504 551 
5 1101 1102 1341 1372 498 
5 499 500 950 1190 1189 
5 503 504 605 1048 1047 
4 507 508 773 774 
6 509 871 955 956 938 937 
6 510 1139 1146 924 1464 1439 
5 1060 1061 917 1241 1117 
5 530 553 1258 1259 686 
5 745 746 1397 1472 511 
5 1378 1395 617 1601 1602 
5 609 610 512 667 668 
5 1087 1088 671 1104 1103 
5 1015 1016 513 1645 1643 
6 804 1005 1245 970 1555 1556 
4 517 518 624 625 
5 519 520 809 1269 1268 
5 521 522 860 943 881 
5 1101 1102 1103 1104 524 
5 1349 1350 1470 1469 927 
4 526 527 1359 1213 
5 648 1176 1250 1355 1387 
5 528 663 847 1169 1168 
6 533 772 1230 1229 1011 1210 
6 680 901 1222 1131 730 965 
5 682 683 765 764 535 
4 537 639 1251 957 
6 538 539 1219 1218 1462 1461 
5 540 541 880 881 943 
5 861 862 1165 1503 1504 
4 542 543 1556 804 
4 544 545 584 583 
5 752 753 924 1146 759 
4 874 875 859 1374 
4 549 550 596 595 
6 867 868 1071 1145 1138 634 
5 773 774 551 1504 1503 
5 552 553 758 1382 1381 
4 554 881 943 942 
6 555 618 1551 1550 913 914 
5 1334 1335 561 1463 1223 
5 562 563 1087 1088 740 
5 903 904 1479 1473 1036 
5 900 1044 1111 1405 1406 
5 567 568 1396 1395 783 
5 1244 1245 1159 1547 1545 
7 646 709 837 1298 1297 1307 1308 
6 778 779 593 1077 1076 569 
5 605 1048 1023 1171 1170 
5 585 586 892 1160 1113 
6 594 1037 1426 1500 1482 1197 
5 832 833 590 1384 1383 
5 706 707 788 787 591 
4 782 936 732 1161 
6 1206 1207 721 1293 1251 639 
5 600 601 653 1535 1536 
5 711 712 602 1000 1001 
5 604 628 964 965 680 
5 611 612 642 1331 1330 
5 677 678 621 718 719 
4 622 772 1230 1155 
4 713 756 822 1552 
6 630 1399 1416 1147 1415 1438 
6 802 803 633 1364 1365 1049 
5 634 822 1552 1553 1127 
5 722 723 769 988 1248 
4 845 1584 1640 1617 
5 693 694 797 796 636 
5 764 765 640 1017 1018 
4 645 826 1440 1131 
4 684 715 852 853 
6 656 1086 1340 1339 1539 1540 
4 659 660 1076 1077 
5 662 663 847 1135 1031 
5 894 1209 1602 1604 1291 
5 805 806 671 1088 740 
6 1135 1136 1398 1418 1169 847 
5 854 863 1079 1052 1053 
6 679 892 1160 1159 1245 1005 
5 817 818 1059 1058 690 
5 800 801 1159 1160 695 
4 734 1085 1182 1260 
5 728 836 1264 1291 894 
5 937 938 1271 1270 724 
6 725 863 1079 1078 1389 1388 
4 729 730 965 964 
6 832 833 893 912 911 731 
4 741 742 1000 1001 
4 743 744 1208 1301 
4 745 746 797 796 
5 909 910 759 1146 1139 
5 752 753 1223 1222 901 
6 760 770 1347 1368 1299 1140 
5 971 972 769 988 987 
5 868 1071 1325 1297 1172 
6 782 895 1519 1520 1068 1161 
6 942 943 860 1252 1251 957 
5 793 794 781 1025 1024 
4 784 785 1070 1069 
4 905 906 1523 1073 
5 974 975 1204 1205 792 
5 1020 1021 1249 1250 799 
4 913 914 807 1521 
5 1060 1061 1524 1525 808 
5 834 835 859 1374 1375 
4 839 840 945 944 
5 843 844 932 1009 1010 
5 850 851 1636 1658 1657 
5 870 873 884 1574 1575 
4 867 868 1007 1006 
4 1168 1169 1418 1471 
5 1203 1209 1545 1547 1546 
6 980 1134 1328 1329 1257 1454 
4 884 885 1051 1050 
5 1026 1027 900 1044 1043 
4 890 891 903 904 
4 1085 1114 1621 1623 
4 896 897 919 918 
5 987 988 1248 1247 902 
6 989 990 1400 1399 1083 1084 
4 915 916 1018 1017 
4 920 921 977 976 
6 1145 1146 924 1324 1325 1071 
5 922 923 1199 1200 994 
5 930 931 999 1228 1227 
5 935 936 1337 1338 981 
4 940 941 1041 1042 
4 946 947 1175 1124 
4 953 954 1267 1266 
5 955 956 1352 1359 1213 
6 1242 1243 1148 1296 1295 960 
6 1081 1082 1124 1175 1174 962 
5 1054 1055 967 1358 1357 
4 968 969 1278 1277 
6 1244 1245 970 1328 1329 1150 
5 1043 1044 1111 1112 973 
6 1006 1007 1581 1580 1093 1094 
5 978 1360 1421 1497 1498 
5 985 986 1172 1297 1298 
5 991 992 1558 1523 1073 
5 1222 1223 1334 1279 993 
5 1002 1003 1149 1582 1583 
5 1052 1053 1235 1236 1004 
5 1244 1245 1005 1401 1402 
5 1193 1194 1201 1241 1117 
6 1008 1096 1485 1486 1180 1179 
5 1011 1012 1518 1517 1210 
5 1013 1014 1019 1238 1239 
4 1132 1133 1576 1109 
4 1022 1023 1048 1047 
5 1058 1059 1136 1135 1031 
5 1115 1116 1533 1532 1032 
5 1141 1142 1033 1184 1183 
6 1062 1063 1036 1473 1517 1519 
5 1074 1075 1327 1326 1038 
5 1039 1154 1476 1541 1557 
4 1066 1067 1078 1079 
4 1072 1231 1498 1477 
4 1089 1090 1207 1206 
5 1227 1228 1634 1633 1097 
4 1107 1108 1315 1316 
5 1211 1212 1110 1653 1652 
5 1159 1160 1113 1546 1547 
5 1204 1205 1554 1553 1127 
5 1191 1192 1130 1423 1422 
5 1222 1223 1463 1440 1131 
6 1156 1157 1137 1481 1482 1197 
4 1138 1139 1146 1145 
5 1166 1167 1300 1299 1140 
4 1225 1226 1345 1181 
5 1189 1190 1417 1416 1147 
5 1170 1171 1155 1230 1229 
5 1235 1236 1173 1441 1442 
4 1176 1177 1249 1250 
5 1330 1331 1178 1391 1390 
4 1195 1196 1247 1248 
5 1216 1217 1198 1287 1286 
4 1199 1200 1289 1288 
5 1240 1241 1201 1254 1253 
5 1202 1203 1209 1602 1601 
4 1214 1215 1317 1318 
5 1218 1219 1231 1498 1497 
4 1234 1276 1655 1653 
4 1242 1243 1274 1273 
5 1299 1300 1246 1369 1368 
4 1251 1252 1294 1293 
5 1258 1259 1257 1454 1453 
5 1280 1281 1262 1338 1337 
5 1270 1271 1263 1509 1510 
5 1264 1265 1603 1604 1291 
5 1305 1306 1275 1358 1357 
5 1334 1335 1407 1408 1279 
5 1313 1314 1282 1319 1320 
5 1310 1311 1284 1512 1511 
4 1297 1298 1324 1325 
4 1307 1308 1344 1345 
5 1309 1354 1514 1516 1470 
4 1322 1323 1329 1328 
6 1390 1391 1436 1435 1559 1560 
4 1341 1342 1373 1372 
5 1349 1350 1336 1437 1438 
5 1383 1384 1628 1641 1635 
6 1354 1363 1484 1487 1513 1514 
6 1381 1382 1360 1421 1446 1445 
4 1364 1365 1367 1366 
4 1374 1375 1376 1377 
4 1388 1389 1393 1392 
5 1395 1396 1401 1402 1378 
4 1379 1380 1386 1385 
5 1397 1398 1418 1471 1472 
4 1399 1400 1417 1416 
6 1409 1478 1515 1513 1487 1488 
5 1413 1414 1456 1455 1410 
4 1411 1421 1446 1424 
5 1419 1420 1436 1435 1412 
5 1437 1438 1415 1646 1647 
5 1447 1448 1426 1500 1499 
5 1427 1428 1542 1541 1476 
4 1429 1430 1453 1454 
4 1433 1434 1475 1474 
4 1439 1440 1463 1464 
5 1441 1442 1587 1586 1457 
4 1443 1444 1452 1451 
4 1445 1446 1462 1461 
4 1459 1460 1466 1465 
4 1467 1468 1472 1471 
5 1469 1470 1516 1515 1478 
5 1493 1494 1477 1498 1497 
5 1489 1490 1495 1496 1480 
4 1481 1482 1500 1499 
4 1483 1484 1487 1488 
4 1485 1486 1492 1491 
4 1513 1514 1516 1515 
4 1509 1510 1529 1528 
4 1517 1518 1520 1519 
5 1541 1542 1523 1558 1557 
4 1524 1525 1526 1527 
4 1530 1531 1533 1532 
4 1535 1536 1538 1537 
4 1548 1549 1551 1550 
5 1553 1554 1593 1592 1552 
4 1555 1556 1558 1557 
4 1559 1560 1562 1563 
5 1566 1567 1561 1569 1568 
5 1568 1569 1583 1582 1564 
5 1566 1567 1565 1575 1574 
4 1570 1571 1572 1573 
4 1576 1577 1579 1578 
4 1580 1581 1583 1582 
5 1588 1589 1613 1639 1594 
5 1584 1585 1594 1639 1640 
4 1586 1587 1588 1589 
4 1590 1591 1593 1592 
5 1596 1597 1595 1623 1622 
5 1601 1602 1604 1603 1600 
4 1605 1606 1607 1608 
4 1609 1610 1612 1611 
5 1616 1617 1640 1639 1613 
4 1614 1615 1616 1617 
4 1618 1619 1625 1624 
4 1620 1621 1623 1622 
5 1626 1627 1642 1641 1628 
5 1631 1632 1651 1650 1630 
5 1637 1638 1635 1641 1642 
5 1639 1640 1659 1658 1636 
5 1644 1645 1643 1647 1646 
4 1648 1649 1650 1651 
4 1652 1653 1655 1654 
4 1656 1657 1658 1659 
CELL_DATA 1585
SCALARS scalar_1 double
LOOKUP_TABLE default
    4.681023
    4.684232
    4.694342
    4.703432
    4.655139
    4.819055
    4.712696
    4.679982
    4.610062
    4.757033
    4.715471
    4.792001
    4.694342
    4.819055
    4.719565
    4.711436
    4.716135
    4.669802
    4.727432
    4.670178
    4.698022
    4.729314
    4.653153
    4.698746
    4.736960
    4.718682
    4.723295
    4.696007
    4.695760
    4.760088
    4.749062
    4.713807
    4.734253
    4.737976
    4.754696
    4.752499
    4.735633
    4.650094
    4.696007
    4.711485
    4.693440
    4.702325
    4.736960
    4.717918
    4.707753
    4.718897
    4.717918
    4.719964
    4.707753
    4.718584
    4.711739
    4.710037
    4.718897
    4.703693
    4.754696
    4.733496
    4.745010
    4.715469
    4.703228
    4.712315
    4.688173
    4.694342
    4.726144
    4.706126
    4.693090
    4.729231
    4.681023
    4.720530
    4.684854
    4.743828
    4.753508
    4.699581
    4.668401
    4.671088
    4.723579
    4.669802
    4.725907
    4.722242
    4.680783
    4.733002
    4.702325
    4.736960
    4.711739
    4.743356
    4.722667
    4.730224
    4.747648
    4.715310
    4.703693
    4.737976
    4.692704
    4.684232
    4.707738
    4.757033
    4.724785
    4.711739
    4.721006
    4.708436
    4.707753
    4.711436
    4.737425
    4.717918
    4.718584
    4.740506
    4.734253
    4.746135
    4.651237
    4.688353
    4.718436
    4.716565
    4.727788
    4.728666
    4.726241
    4.711436
    4.734748
    4.670178
    4.733170
    4.700235
    4.752039
    4.663980
    4.686516
    4.730070
    4.718682
    4.650011
    4.694351
    4.673642
    4.726261
    4.655394
    4.688353
    4.726241
    4.716479
    4.669802
    4.723579
    4.753508
    4.728666
    4.704018
    4.716565
    4.697900
    4.711998
    4.703272
    4.684989
    4.725907
    4.668401
    4.738081
    4.753508
    4.706599
    4.656893
    4.733002
    4.703085
    4.719220
    4.757033
    5.000000
    4.662946
    4.695757
    4.681023
    4.655139
    4.839536
    4.845748
    4.678379
    4.633060
    4.819055
    4.720530
    4.684512
    4.714167
    4.723579
    4.720218
    4.684989
    4.716479
    4.703085
    4.753508
    4.710569
    4.743828
    4.727124
    4.676984
    4.726294
    4.738879
    4.718974
    4.709740
    4.731472
    4.711068
    4.713807
    4.737976
    4.698746
    4.752391
    4.729314
    4.732507
    4.705433
    4.703272
    4.656893
    4.703272
    4.706599
    4.732507
    4.705433
    4.669802
    4.662946
    4.682060
    4.743356
    4.727124
    4.718189
    4.668401
    4.753508
    4.715471
    4.707738
    4.691962
    4.679982
    4.694810
    4.741664
    4.757033
    4.839536
    4.671515
    4.729231
    4.707738
    4.839536
    4.707029
    4.653153
    4.757033
    4.716729
    4.663980
    4.729231
    4.728534
    4.684232
    4.671515
    4.736881
    4.736960
    4.754257
    4.695760
    4.703272
    4.732507
    4.681023
    4.715471
    4.757033
    4.723062
    4.692704
    4.730598
    4.723184
    4.703693
    4.731472
    4.737976
    4.739423
    4.726294
    4.698022
    4.656460
    4.738879
    4.681801
    4.704018
    4.679982
    4.684512
    4.693317
    4.724785
    4.734253
    4.754696
    4.749062
    4.725663
    4.720308
    4.717918
    4.737828
    4.740506
    4.733496
    4.694342
    4.819055
    4.697438
    4.678379
    4.639471
    4.705433
    4.681266
    4.668401
    4.681023
    4.695757
    4.716729
    4.698746
    4.695604
    4.729314
    4.707029
    4.681221
    4.663980
    4.670178
    4.839536
    4.727432
    4.656460
    4.698022
    4.716729
    4.679982
    4.704018
    4.707029
    4.695666
    4.839536
    4.693892
    4.704018
    4.731180
    4.704553
    4.679982
    4.695604
    4.715023
    4.707029
    4.698746
    4.720887
    4.651237
    4.746187
    4.742285
    4.684512
    4.726850
    4.746431
    4.749062
    4.712909
    4.720308
    4.694810
    4.693892
    4.728666
    4.753535
    4.715469
    4.752039
    4.670178
    4.705433
    4.694342
    4.727432
    4.680783
    4.669802
    4.651237
    4.703228
    4.732477
    4.755511
    4.712995
    4.701187
    4.798027
    4.727027
    4.742285
    4.749062
    4.698746
    4.734253
    4.707029
    4.719565
    4.740068
    4.745010
    4.731180
    4.727788
    4.746187
    4.749062
    4.721254
    4.726850
    4.693892
    4.728666
    4.655139
    4.720887
    4.691699
    4.633060
    4.715023
    4.679982
    4.734090
    4.720620
    4.693317
    4.698516
    4.726545
    4.680432
    4.712044
    4.733143
    4.732393
    4.760088
    4.693090
    4.716748
    4.682930
    4.729231
    4.723062
    4.771719
    4.728534
    4.688094
    4.747514
    4.752039
    4.727432
    4.725663
    4.663980
    4.729151
    4.700235
    4.722167
    4.698746
    4.734747
    4.733170
    4.693317
    4.722341
    4.711436
    4.714343
    4.719565
    4.732477
    4.684604
    4.735262
    4.734748
    4.737496
    4.734645
    4.711485
    4.717240
    4.719565
    4.703228
    4.726000
    4.740068
    4.697498
    4.677202
    4.715469
    4.669802
    4.737976
    4.729231
    4.728534
    4.746135
    4.711998
    4.671515
    4.737426
    4.725250
    4.774901
    4.650011
    4.681221
    4.702325
    4.612870
    4.735633
    4.734645
    4.711485
    4.693440
    4.680783
    4.678379
    4.651237
    4.720887
    4.680432
    4.633060
    4.655139
    4.721520
    4.671088
    4.726493
    4.734178
    4.684854
    4.709740
    4.774901
    4.736768
    4.735633
    4.656460
    4.612870
    4.845748
    4.695757
    4.839536
    4.681023
    4.757033
    4.723367
    4.677201
    4.673012
    4.712551
    4.694351
    4.673642
    4.698917
    4.730070
    4.696007
    4.650011
    4.726261
    4.673642
    4.725250
    4.687472
    4.759907
    4.717135
    4.723295
    4.729436
    4.694327
    4.762872
    4.731180
    4.754449
    4.729314
    4.723150
    4.698746
    4.704018
    4.704553
    4.728666
    4.727788
    4.759907
    4.673642
    4.729314
    4.718436
    4.684512
    4.728666
    4.720530
    4.684854
    4.717240
    4.712909
    4.728427
    4.746135
    4.728534
    4.734253
    4.711998
    4.693440
    4.710037
    4.726000
    4.719220
    4.737828
    4.756623
    4.740068
    4.684604
    4.738081
    4.704018
    4.717135
    4.704553
    4.759907
    4.737828
    4.711436
    4.693440
    4.719565
    4.732477
    4.717918
    4.740068
    4.711485
    4.734090
    4.715023
    4.704553
    4.695604
    4.759907
    4.730598
    4.689746
    4.698917
    4.698516
    4.711903
    4.695604
    4.704553
    4.726493
    4.649524
    4.633060
    4.698516
    4.711903
    4.839536
    4.734090
    4.768419
    4.712696
    4.639471
    4.678379
    4.697438
    4.694342
    4.655139
    4.727432
    4.726261
    4.700235
    4.712591
    4.730070
    4.650011
    4.754257
    4.715469
    4.734253
    4.686516
    4.733170
    4.696007
    4.730070
    4.733378
    4.723295
    4.707753
    4.721006
    4.730224
    4.747648
    4.702325
    4.746187
    4.709740
    4.612870
    4.703693
    4.753879
    4.644836
    4.681801
    4.713807
    4.733496
    4.712909
    4.723184
    4.693090
    4.760088
    4.651237
    4.720887
    4.693317
    4.706599
    4.732507
    4.676751
    4.719220
    4.703557
    4.671515
    4.711998
    4.684989
    4.682060
    4.723579
    4.703085
    4.669802
    4.682060
    4.668401
    4.688353
    4.721254
    4.694159
    4.731272
    4.731180
    4.728666
    4.746187
    4.718436
    4.729314
    4.738879
    4.730598
    4.698022
    4.651237
    4.669802
    4.729231
    4.726294
    4.676984
    4.735032
    4.755979
    4.698917
    4.689746
    4.730598
    4.683723
    4.709740
    4.707753
    4.723295
    4.726241
    4.754257
    4.734253
    4.674386
    4.754257
    4.705818
    4.727426
    4.709554
    4.732507
    4.747514
    4.703557
    4.727027
    4.751938
    4.730224
    4.711485
    4.696007
    4.725250
    4.650011
    4.737426
    4.651237
    4.709002
    4.768419
    4.678379
    4.655139
    4.693317
    4.714271
    4.726241
    4.733170
    4.663980
    4.707029
    4.707738
    4.734253
    4.714271
    4.655139
    4.693317
    4.679982
    4.673642
    4.651237
    4.771719
    4.718035
    4.723062
    4.655394
    4.755511
    4.712995
    4.774901
    4.798027
    4.757033
    4.736768
    4.693317
    4.714271
    4.703085
    4.732507
    4.694342
    4.697438
    4.747648
    4.727426
    4.712591
    4.718189
    4.681266
    4.663980
    4.757033
    4.716748
    4.736038
    4.724651
    4.720219
    4.655394
    4.723062
    4.686516
    4.718035
    4.687472
    4.734253
    4.713807
    4.754696
    4.733496
    4.726850
    4.753879
    4.746187
    4.720308
    4.668401
    4.680783
    4.722242
    4.639471
    4.726294
    4.676984
    4.723579
    4.695757
    4.735633
    4.723367
    4.725907
    4.683658
    4.756623
    4.719220
    4.706599
    4.710037
    4.703557
    4.715469
    4.754257
    4.737426
    4.710037
    4.723367
    4.612870
    4.756623
    4.774901
    4.693440
    4.736768
    4.698746
    4.729314
    4.730598
    4.723184
    4.839536
    4.698022
    4.704553
    4.759907
    4.649524
    4.656460
    4.751938
    4.727027
    4.754257
    4.715469
    4.703228
    4.737828
    4.711436
    4.722239
    4.673462
    4.719565
    4.736881
    4.726000
    4.727429
    4.709740
    4.753879
    4.753535
    4.710037
    4.733496
    4.739567
    4.727429
    4.746431
    4.737828
    4.719565
    4.733424
    4.727027
    4.726000
    4.715469
    4.712995
    4.751938
    4.732477
    4.729386
    4.728534
    4.716748
    4.736038
    4.726000
    4.715469
    4.736881
    4.671515
    4.733170
    4.656460
    4.733496
    4.753879
    4.703693
    4.723367
    4.710037
    4.702325
    4.686516
    4.720219
    4.706321
    4.716748
    4.698516
    4.687472
    4.700282
    4.735455
    4.710037
    4.753879
    4.683658
    4.644836
    4.695757
    4.725907
    4.845748
    4.696007
    4.725250
    4.673642
    4.650011
    4.723295
    4.713807
    4.746187
    4.722341
    4.688353
    4.683723
    4.689746
    4.718436
    4.697900
    4.737828
    4.707738
    4.655139
    4.714271
    4.694342
    4.694342
    4.698022
    4.739423
    4.728534
    4.716748
    4.707753
    4.693440
    4.737828
    4.734748
    4.710037
    4.711436
    4.711068
    4.733496
    4.703693
    4.746187
    4.721254
    4.737976
    4.754696
    4.757033
    4.737426
    4.655394
    4.681221
    4.674842
    4.733170
    4.706321
    4.663980
    4.687472
    4.700282
    4.673642
    4.727015
    4.724651
    4.737976
    4.709002
    4.655139
    4.714271
    4.720218
    4.725423
    4.720620
    4.746187
    4.684512
    4.718436
    4.644836
    4.683658
    4.753879
    4.743828
    4.684854
    4.751938
    4.727027
    4.703557
    4.736768
    4.681266
    4.747514
    4.727426
    4.756623
    4.706599
    4.712995
    4.732507
    4.755511
    4.732477
    4.725250
    4.737496
    4.755511
    4.712995
    4.744078
    4.737426
    4.741795
    4.683658
    4.710037
    4.733496
    4.746187
    4.644836
    4.724651
    4.757033
    4.655394
    4.681221
    4.707738
    4.707029
    4.729314
    4.651237
    4.698022
    4.633060
    4.726493
    4.671088
    4.839536
    4.649524
    4.723184
    4.734178
    4.681221
    4.702325
    4.696007
    4.730070
    4.673642
    4.725250
    4.655394
    4.756623
    4.732477
    4.751938
    4.755511
    4.727027
    4.736768
    4.737426
    4.678379
    4.680783
    4.735032
    4.639471
    4.677201
    4.768419
    4.688094
    4.715469
    4.676751
    4.743994
    4.726000
    4.684989
    4.736881
    4.711998
    4.712315
    4.759907
    4.730598
    4.673642
    4.704018
    4.679982
    4.697900
    4.679982
    4.633060
    4.649524
    4.656460
    4.733378
    4.740695
    4.722446
    4.697900
    4.720530
    4.681266
    4.681023
    4.693090
    4.726241
    4.723295
    4.684854
    4.728427
    4.729386
    4.733424
    4.723579
    4.701187
    4.697900
    4.716479
    4.743828
    4.711998
    4.723579
    4.716479
    4.711436
    4.737828
    4.711739
    4.725530
    4.754696
    4.719232
    4.723579
    4.703085
    4.720218
    4.667206
    4.733424
    4.697900
    4.700235
    4.674842
    4.694351
    4.727015
    4.673642
    4.714212
    4.678379
    4.722242
    4.671088
    4.668401
    4.639471
    4.721520
    4.684854
    4.732477
    4.719565
    4.725250
    4.718035
    4.723062
    4.757033
    4.681221
    4.687472
    4.726493
    4.655139
    4.671088
    4.649524
    4.688353
    4.728666
    4.722341
    4.746187
    4.703557
    4.706599
    4.681266
    4.727426
    4.730224
    4.687472
    4.716748
    4.726493
    4.718035
    4.694351
    4.725250
    4.687472
    4.700282
    4.727015
    4.725778
    4.655139
    4.709002
    4.768419
    4.723295
    4.696007
    4.735262
    4.693440
    4.707753
    4.734748
    4.732477
    4.737496
    4.737426
    4.732393
    4.733143
    4.753145
    4.714212
    4.729231
    4.728534
    4.694351
    4.712044
    4.723295
    4.694159
    4.704018
    4.723150
    4.698746
    4.759907
    4.731180
    4.693440
    4.737426
    4.737496
    4.719565
    4.729386
    4.735887
    4.728534
    4.729231
    4.716748
    4.701187
    4.689746
    4.701187
    4.711903
    4.649524
    4.737496
    4.671088
    4.726493
    4.684854
    4.741795
    4.701187
    4.723579
    4.736881
    4.737828
    4.753535
    4.678379
    4.698022
    4.696007
    4.726850
    4.746431
    4.707738
    4.698746
    4.731180
    4.727027
    4.736768
    4.771719
    4.718035
    4.744078
    4.747514
    4.728534
    4.711436
    4.723062
    4.693090
    4.747514
    4.736768
    4.681266
    4.760088
    4.681023
    4.727426
    4.671088
    4.695757
    4.725907
    4.706599
    4.681266
    4.656460
    4.681801
    4.644836
    4.730598
    4.649524
    4.756623
    4.726000
    4.727027
    4.715469
    4.703557
    4.704018
    4.737426
    4.725250
    4.726241
    4.734748
    4.723295
    4.743828
    4.701187
    4.644836
    4.681801
    4.707738
    4.721520
    4.649524
    4.701187
    4.671088
    4.741795
    4.711903
    4.682930
    4.711436
    4.710037
    4.693440
    4.726241
    4.760088
    4.687472
    4.727426
    4.736768
    4.706599
    4.695757
    4.681023
    4.693090
    4.726241
    4.696007
    4.733378
    4.707753
    4.735262
    4.698746
    4.735032
    4.698022
    4.730598
    4.739423
    4.698022
    4.712591
    4.702325
    4.656460
    4.681221
    4.707753
    4.734748
    4.733496
    4.688353
    4.728666
    4.697900
    4.684512
    4.741478
    4.689746
    4.711903
    4.730598
    4.706599
    4.703557
    4.726000
    4.684989
    4.756623
    4.753535
    4.736881
    4.759907
    4.757033
    4.715471
    4.746431
    4.718035
    4.682930
    4.723062
    4.728534
    4.687472
    4.747514
    4.674386
    4.733424
    4.721520
    4.732393
    4.693090
    4.728534
    4.723062
    4.736881
    4.715469
    4.703557
    4.756623
    4.743994
    4.760088
    4.747514
    4.693090
    4.698746
    4.753535
    4.743828
    4.711998
    4.703085
    4.730598
    4.739423
    4.656460
    4.707753
    4.734748
    4.725250
    4.718035
    4.741795
    4.704018
    4.655139
    4.697900
    4.719565
    4.760088
    4.732393
    4.723062
    4.681023
    4.747514
    4.718035
    4.725907
    4.671088
    4.706599
    4.736768
    4.681023
    4.737976
    4.733496
    4.693440
    4.683658
    4.688094
    4.674386
    4.760088
    4.712044
    4.733424
    4.701187
    4.702325
    4.711436
    4.725250
    4.682930
    4.723062
    4.741795
    4.760088
    4.753535
    4.644836
    4.756623
    4.706599
    4.741478
    4.753535
    4.694810
    4.753535
    4.712315
    4.715471
    4.694810
    4.737426
    4.741795
    4.737976
    4.711739
    4.733496
    4.703693
    4.756623
    4.736768
    4.678379
    4.703693
    4.739423
    4.718189
    4.747648
    4.681023
    4.756623
    4.725907
    4.743828
    4.711998
    4.703085
    4.681801
    4.730598
    4.704018
    4.697900
    4.760088
    4.655139
    4.671088
    4.702325
    4.739423
    4.681801
    4.726294
    4.698746
    4.739423
    4.739423
    4.720218
    4.688353
    4.746431
    4.694810
    4.693440
    4.723062
    4.671088
    4.743828
    4.725778
    4.703085
    4.714429
    4.682060
    4.729386
    4.671088
    4.721520
    4.707753
    4.711436
    4.714429
    4.720218
    4.711436
    4.729386
    4.757033
    4.702325
    4.733496
    4.656460
    4.747648
    4.739423
    4.681023
    4.723062
    4.760088
    4.747648
    4.702325
    4.656460
    4.688353
    4.656460
    4.702325
    4.702325
    4.723062
    4.756623
    4.747648
    4.694342
    4.726241
    4.734748
    4.694810
    4.742285
    4.671515
    4.649524
    4.726850
    4.714271
    4.655394
    4.720219
    4.726850
    4.734178
    4.681801
    4.682930
    4.736881
    4.688353
    4.683658
    4.771719
    4.714271
    4.681023
    4.743828
    4.680783
    4.735887
    4.759907
    4.714271
    4.693440
    4.744078
    4.698746
    4.688353
    4.684232
    4.681801
    4.712804
    4.759907
    4.703557
    4.735032
    4.739567
    4.743828
    4.760088
    4.681801
    4.707753
    4.707029
    4.644836
    4.726850
    4.719220
    4.735032
    4.716479
    4.684854
    4.714271
    4.671121
    4.734748
    4.753879
    4.683658
    4.701187
    4.673462
    4.728534
    4.725907
    4.612870
    4.702325
    4.730224
    4.703432
    4.704553
    4.736768
    4.754696
    4.681801
    4.682060
    4.681266
    4.693090
    4.723367
    4.737426
    4.711903
    4.723184
    4.718035
    4.681221
    4.713807
    4.712804
    4.718436
    4.748647
    4.733378
    4.745010
    4.688353
    4.753535
    4.701697
    4.688353
    4.679982
    4.743828
    4.688353
    4.743828
    4.746431
    4.736881
    4.684854
    4.704018
    4.681801
    4.702325
    4.754696
    4.728534
    4.713807
    4.681801
    4.681801
    4.674842
    4.744078
    4.671088
    4.712696
    4.759907
    4.696007
    4.725907
    4.741478
    4.723184
    4.707029
    4.716479
    4.688094
    4.721006
    4.707738
    4.728666
    4.774901
    4.639471
    4.725907
    4.688353
    4.683658
    4.710569
    4.718189
    4.734748
    4.714167
    4.707738
    4.695604
    4.755511
    4.718035
    4.754449
    4.740506
    4.644836
    4.724651
    4.707753
    4.694342
    4.753508
    4.718189
    4.734090
    4.726493
    4.726241
    4.726294
    4.697498
    4.723579
    4.684512
    4.734748
    4.695757
    4.703557
    4.644836
    4.697900
    4.718436
    4.678379
    4.679982
    4.684512
    4.682930
    4.711485
    4.715471
    4.701187
    4.744078
    4.716748
    4.688353
    4.705433
    4.726294
    4.671121
    4.727027
    4.697900
    4.704018
    4.751938
    4.694159
    4.696007
    4.703693
    4.655394
    4.683658
    4.723184
    4.711436
    4.681801
    4.710037
    4.644836
    4.674842
    4.721520
    4.737426
    4.729231
    4.679982
    4.707029
    4.703085
    4.723062
    4.737828
    4.722239
    4.726493
    4.683658
    4.746135
    4.703557
    4.687472
    4.726241
    4.674842
    4.729314
    4.712315
    4.693090
    4.729386
    4.727429
    4.719565
    4.718436
    4.727432
    4.741478
    4.701187
    4.701187
    4.756623
    4.710569
    4.703085
    4.720887
    4.712995
    4.681221
    4.726000
    4.703557
    4.711903
    4.721006
    4.704018
    4.683658
    4.734253
    4.688353
    4.737426
    4.703228
    4.710037
    4.671515
    4.667206
    4.735633
    4.703693
    4.697900
    4.712315
    4.712044
    4.681801
    4.792001
    4.728666
    4.703557
    4.714212
    4.711068
    4.712995
    4.715469
    4.679982
    4.733496
    4.684604
    4.717918
    4.751938
    4.729386
    4.671121
    4.697900
    4.688094
    4.681266
    4.736768
    4.725423
    4.723184
    4.684512
    4.703085
    4.678379
    4.678379
    4.668401
    4.662946
    4.721520
    4.695757
    5.000000
    4.656460
    4.691962
    4.612870
    4.716729
    4.720308
    4.711998
    4.693440
    4.774901
    4.663980
    4.707029
    4.707738
    4.681221
    4.707753
    4.681221
    4.656460
    4.735768
    4.707753
    4.650011
    4.702325
