# vtk DataFile Version 2.0
polydata
ASCII
DATASET POLYDATA
POINTS 1715 double
3.28050296235634 6.33606315055035 4.4859465349407 
2.75825055375937 5.74874349653166 5.17973451072359 
3.37316665600186 5.02818429991649 4.17738715343364 
3.87159965966188 5.33358217304824 4.32424718163633 
3.88293514606228 5.56176886728498 4.24673903451279 
3.13356486046822 5.00657228416119 4.88055175926269 
5.80340312653018 0.723542222562775 2.32424926095938 
5.78953646847285 0.574467999964348 2.76208947524915 
6.05160968119326 0.464983337930758 3.15956843959529 
1.42193586335381 3.02759089531661 6.64568917823615 
1.07463823515216 3.30352444252581 6.52902469337643 
3.34897133513264 5.47196962822926 1.14452561993083 
3.30625918668682 5.57389179476536 1.14148222950259 
2.75247064657679 5.50467765575755 1.18855122393108 
2.31562129511195 5.75589849310109 0.679506601950091 
5.04241660985836 3.84550035789197 0.0299950699001123 
6.20145445512467 3.32468669647803 0.419471797169122 
5.75248369962927 3.26251408352817 0.585849619289406 
5.93910764622137 3.45805263163522 0.806477179277256 
5.51277568598757 3.61927366389005 0.777456718840083 
5.73783442451795 3.96777041214722 0.83290176669287 
5.75376958361177 3.37074921127158 0.772662793648478 
6.24348270226839 3.38226306276246 0.487225108339082 
5.89427286266992 3.92652900331287 0.850272653880905 
5.19835827605976 3.55152270477759 0.359461748542885 
5.16200656872 3.63848734911319 6.70296646582365 
5.20990231714747 4.07804394676126 6.76079338948404 
5.09050417292016 4.00170787202618 0.0224229170539393 
3.04089695536305 1.07248763017651 1.07477079649372 
3.28500286113834 1.22742752863741 0.399355466130288 
2.04457800894836 1.60141893698954 0.723470073298234 
3.35609629271545 1.55743156457026 0.66055341692845 
3.1164464827557 0.947858244691314 0.569899242583014 
3.17980770701555 1.48444337856942 1.05416426146864 
2.79150276095824 1.80190018259723 1.16079119852528 
2.50156223496888 2.10574708572003 0.796392063644696 
2.68368577902424 2.10455161197714 0.912908679463073 
2.57312087874971 2.14260301991211 0.691239317139085 
4.83375845736026 3.47350981919744 1.54904453839801 
4.71579826981598 2.11297204442469 1.58277249470039 
4.44673392018175 1.94354334954874 1.71328434429984 
3.57219414624284 2.66536346073909 1.49390363292052 
3.66842754494477 2.97905541663223 2.03460227005782 
3.9835600357876 3.38877870661203 1.86385978640086 
3.79263417467268 2.1335379465647 1.67060881375005 
6.42342198954298 1.98881111637613 5.02371046417368 
5.88372385525829 1.52050911378176 4.9941949154317 
6.52859183475082 0.580079243401482 5.29732161778127 
4.3551519461369 6.20423231937768 5.33779189112558 
4.28004690939163 5.96051216956165 5.68708109886447 
3.78244732353136 5.02964790796142 5.28820450454206 
2.19395228866222 2.67602870583102 5.1751522361207 
1.52510310659125 2.80692283946442 5.65612129661818 
2.26262320999355 2.84095248938097 4.78800149023307 
1.87684176764719 3.0143951618622 5.57282091289157 
1.24886077836731 3.19262871083242 5.59138481537042 
1.75099756171769 3.32174158945136 5.50529108176487 
1.24425200005891 2.96568061971357 5.62069432615567 
1.77762259561384 3.50625253081946 5.13755906006956 
2.03481680911847 3.30927464614722 4.72199788065944 
4.41309703473306 3.10456197238183 0.559517946803734 
4.06788882441721 6.7062708547491 3.63646344085873 
4.60392356509764 1.59952243528139 0.414137225963551 
4.55344338197899 1.07248522539777 1.63774121071505 
4.32833177946263 1.28527718251471 0.588277374884291 
4.28437604209486 1.11472550657698 1.39219406179956 
6.3443328796129 5.40534503997587 6.46416041163348 
6.37280889926145 5.41821567871462 5.98034119550039 
6.6604794777391 5.94477225811536 5.7496815133242 
6.5971897546384 5.11545429013116 5.8004372178513 
6.56433946931066 5.02200824026969 6.67481338020243 
0.443018951307717 0.840645628934291 2.71539001958915 
0.37057219603851 1.1278188138511 1.87098357614043 
0.251159875648594 0.96453240668983 2.08894663587521 
0.923713950143075 1.79422145524874 2.74954006484411 
0.820468329527229 1.19912401736156 3.04079012882958 
6.23365128935617 0.521346653074932 1.28775500712819 
5.55731711343932 0.682930806517912 2.27848079439561 
5.0793266294098 4.74877581702536 0.7812457773341 
4.9496199931097 5.83450993511024 1.01069251232018 
4.7105701914682 5.5163952707181 0.996089337827042 
4.64986044142494 5.45107996372026 1.51619127621029 
5.48274008218953 4.55060691604994 1.20991154856494 
5.49852311339639 5.61046662912808 0.577830869993357 
5.51472000823091 4.61941966269845 0.82304755075861 
4.75779820134648 5.24005530460524 1.63841300794921 
5.72677037372457 4.74817690806178 1.46200023612485 
5.04700683056872 4.68264497230931 1.2030267286957 
4.99687849439828 5.09118244842237 0.619972799004176 
5.44503232640634 5.31098035761697 0.446723125214545 
5.81447340909375 4.98371729344492 0.628348043237055 
6.61201821283334 1.24219579416053 0.910085318121171 
6.40772505756543 0.808669954444143 0.820924681961685 
0.750917312992336 1.46556380785493 6.12237821449879 
0.868597856267253 1.76190597794983 5.8959683198256 
0.474587482446523 0.755423768431845 3.60079087637702 
0.905384544881512 0.326715951168908 3.82212875809861 
0.766516183029516 0.298776445796627 3.81067191152312 
3.10186687784676 1.84178145289112 4.99669480437215 
3.08092093578771 2.56550829150057 5.40943080197658 
2.33106658322313 1.6453730290683 5.07291307603373 
2.96386840157537 2.77645086954659 5.33714624039963 
2.66932703775047 2.66775250645217 5.48163289795794 
3.30770260201551 2.2954789596685 5.08789556644314 
2.15155560275326 1.8605918187296 5.22543718978767 
3.08771611619196 4.43926262778665 4.97255041883083 
2.68360932834014 4.55802023918449 3.67019883065786 
2.22061236159106 4.34131752753903 4.26319459076819 
3.39368719853418 4.76009773548928 3.98590131273819 
3.29969642442416 4.44465433362343 4.16794724820662 
3.05496432095138 4.63558844563666 5.09804544893871 
2.43387334816675 4.3501093533447 5.00295549106473 
2.62215276665577 4.65443057957982 5.17818010396112 
1.06385645703151 1.7775834800244 4.89460601410032 
1.40890497315655 1.21176753335261 5.22813380079114 
1.78088944358007 1.02346286447982 5.10834374965225 
1.76095016322011 3.07867528665714 0.391374955864007 
1.48714848868381 3.44519369195567 0.735679488528314 
1.76888308793951 3.56591455099828 1.06980894250668 
2.05951869492223 2.45194865672359 0.903669518336026 
2.03945019305665 2.7572904562627 0.510217238111547 
1.79524468010954 2.49126819672117 1.68615950195327 
2.38234887453516 6.52132081321932 0.482523072082388 
2.16428913192915 5.87568185185828 0.743582428233834 
1.9963751606344 5.65292364291481 0.61466668781336 
1.67783901479798 6.5390036352664 0.385159158367752 
2.11680192490693 6.39830670077742 0.654859502296767 
3.54070148484007 2.57955045921455 5.86061604405225 
4.32715742502635 2.77010637980715 6.52917468521036 
3.57902218925556 3.11781395040587 6.24038898528466 
4.08101934171211 1.86512164253974 6.57267370400511 
3.52822180636656 2.63471539701708 5.68139246397263 
2.70563021409107 2.44468182998453 6.49714935000402 
2.77944947544998 2.89956938791355 6.658507626235 
2.46933889191074 3.49497705695377 5.92825329026601 
2.302798873685 3.04049834102633 5.8898525816978 
3.68282927499002 6.64628198786524 3.6171240609273 
4.34402435259074 0.218623646081006 5.48903895220497 
3.75784544636453 0.22046126164858 5.58638180325783 
2.93841584248569 5.76374272793972 2.21920553665657 
3.97241657146554 5.4784872306698 2.88823385075246 
3.55239270578372 5.59709581398822 2.14558621686078 
3.76250801599142 5.89815179052882 2.40379371737173 
4.54217618193009 0.382341917679813 5.3297524714317 
4.40695423230446 0.426942590474941 4.99972024739325 
4.80976993168106 2.95256568587464 6.36636019407928 
4.63912140237803 1.48072761765555 6.60279830258057 
1.74885837936524 3.90614744357392 2.15740769719599 
2.05598593449985 3.53565832711304 2.20984267449116 
2.86675464252307 3.91680481346371 1.61188224658312 
2.6964021004159 3.46427626936413 1.23387858688569 
2.67680563206907 4.28316922046047 1.49813084395879 
1.68153991052997 6.30323012664701 3.70210901564426 
1.31628321534686 6.9287316943808 4.65655759250877 
3.61020556790332 1.53884392471954 1.43958720551641 
3.51313515195527 1.85442938291776 1.68286371769948 
2.90705743531194 4.64235375424853 6.11026655862598 
2.05350152438392 4.1461333387096 5.73441920084419 
2.70536263691371 4.61431137932012 6.15190416736812 
3.11691056281007 4.34696012856073 6.2510839617477 
3.33321918583567 4.46719279296086 5.30358379962383 
3.36883971478008 4.14879656844287 5.86047865468619 
3.21249292724123 4.63664157372796 5.31486831907726 
2.08273797697887 4.0488909962025 5.34560850289419 
2.06837487378926 3.8652933227978 5.87281826805798 
2.10996971909805 3.73559818383924 5.73206146079834 
3.03143647200181 3.8079782123448 5.20079203512587 
3.24037214329747 4.31602311898 5.07249415676515 
2.44582573144692 4.62057021635425 5.86763580093967 
2.11773160147973 3.92558550574067 5.33999317601525 
2.70990314972126 5.89643110837316 1.722556167859 
3.7276594421756 5.39388786640947 1.6158529514458 
2.57073025967476 4.72219806459002 1.76641193727499 
3.709442957048 5.10789402102941 1.89559810872553 
2.41220024839528 4.94765438349644 1.667158192567 
2.86546116685439 4.69034288644647 1.54856106277628 
3.3730650758293 4.73344557231421 1.94345727725081 
2.60629827771276 5.2178378033801 2.52269589957987 
2.15242930448762 6.16907708144413 3.1840807055732 
3.02877351867175 0.240190301817041 3.32126514924085 
2.16914963445882 6.50352373738997 2.75953908178931 
1.78540910045765 5.60483498975504 2.58817533160226 
2.11463808454464 5.33189616044023 2.90254021376728 
1.92941145377876 6.38583826185317 2.48236899736394 
2.6007123766427 6.10048940715967 1.70234900012412 
0.689679355663977 6.01663935368716 5.79261712711868 
1.26100317979521 5.36554904308206 6.26575555761076 
1.30253889181453 5.31307720525836 6.5558581054892 
2.29998806401755 0.71467849100954 2.28693179417565 
2.69551054246727 0.542468372989373 2.11421342951198 
2.50613440746146 1.17054173667842 2.13883930575123 
2.85271602427019 0.824080138109403 2.02980461729441 
2.75315336987371 1.10709438295081 3.35757561109281 
6.19254285087779 0.0136263013922532 5.47873084585223 
5.28339059664558 0.700156662544442 5.56792675282386 
6.51420695471229 0.170429109056231 5.46091548571391 
3.89982813309985 4.76324384229702 0.709068172328617 
3.50553105345043 4.59140971516699 6.67457041065249 
0.593652822946363 4.34870465663273 6.79264296548593 
0.677408669196135 3.6351880293575 5.71517196188537 
1.18104432824992 3.60626320488592 6.61993507873089 
0.430512260528435 4.37770484894211 6.75874493610437 
6.49995646314689 2.34052185038174 4.56766820298758 
0.146820661690861 3.20283875855663 5.01117295908625 
5.87222019010785 3.33352801628768 4.25735297983338 
6.38997424881833 2.57360138816689 4.92194327127144 
2.98068605523324 0.769709591751151 1.49224793410991 
2.43373751618035 6.78918917500338 0.868747470738066 
2.87402073078594 6.89900029101723 1.58718400462897 
2.55197358425868 6.77458958255637 0.673740295844282 
2.85647153303626 6.6804845744218 1.39500629042605 
2.68962106769074 0.197619504319022 1.57506057383082 
5.61093034541084 1.18713263568327 3.90636542306624 
6.20306195655072 0.138421127775697 4.04311337005102 
5.86073350176921 0.199062670362016 3.64762987411181 
6.36122424395417 0.59720388028851 4.33107822591578 
1.92583319141872 0.618822534650251 2.06994733206464 
1.30972370620329 5.23507423338609 4.89546489534598 
1.31860686860652 5.62530204849035 4.88170626138385 
1.4071877875305 5.10656147565311 4.7010545348391 
0.755739622610269 5.87241820176884 4.68603091596032 
0.698846124571521 5.60609912454358 3.60522695041616 
0.947798855745066 6.05914138227903 4.30360375477825 
0.947558807713013 5.70356893543238 4.94088686043079 
5.76757606982771 5.12742904868479 5.65612657857114 
5.18201654414165 5.00633346732749 5.60437073650011 
6.11658533566116 5.14450211165834 4.6995083110386 
5.52220846946645 5.42898961798854 5.50077218812733 
5.52242228855047 5.60096186511802 5.20115526095922 
5.63159996214085 4.93810694314775 5.73511176912464 
6.23430382080591 4.82375403746495 5.43414295863916 
5.78970206885403 4.61884967566559 5.60967798761292 
5.1560040375639 5.28481756176917 5.51252585129802 
6.38980843764405 4.84603390931158 5.0559658585352 
5.07454340467702 4.76119630041399 5.38944613072265 
5.42617738513226 4.41312095869334 5.31626880225851 
6.21173206851468 4.69132108730687 5.44892202340227 
4.0095078430348 5.27878715756683 1.5117060882532 
4.38461262317137 6.11538561014955 0.664427529876126 
4.86249428926864 6.07659518762527 0.90429826927319 
4.26173216669783 6.26941757155333 0.769702629596384 
6.7298299153098 6.48341603951996 4.79065918874451 
6.83778572255061 6.23113030606926 4.88964084609827 
0.84441328489977 6.50814422309494 4.43839497294878 
0.607845095526427 2.82334161466381 2.10015738659284 
6.42597054806749 2.81936136344832 2.76049234260621 
6.65562748745626 2.25547566980347 1.67648555501843 
0.504016986794324 2.82702381472082 1.80342343992488 
5.40626596846145 1.57316334094433 4.76043915303307 
1.69968905487975 3.35194789879053 6.85154390296367 
2.63442995171794 2.98763492735059 0.214915930822684 
2.39086962060697 2.5724973237828 0.341573982592199 
6.10080072886204 6.56067329017209 5.58418913166985 
5.91999589485783 6.68819145802783 6.36558607222626 
5.57500925369428 6.29763820122228 5.66072204416965 
6.24195193923601 6.74821125467619 5.94253152629551 
3.56749896168247 0.848711136928437 5.90217357078337 
4.02638652503236 4.09136882976013 2.18178720632168 
5.47122584018188 4.18357258493312 2.2129695466967 
4.3937234565166 4.41951783227101 1.97534569307703 
1.23602259104615 4.5298337179512 5.63216880209586 
1.20225510192153 4.80774350050647 5.61623249183091 
1.45589918288901 5.09999526799883 5.05408894269627 
1.49826295496836 4.25832429685603 5.10092423135053 
0.450126884018031 3.4488083004985 2.71148592098763 
3.18432946738366 3.89156327782219 2.80668528407644 
3.82546264572494 3.79624133349778 3.67544506910801 
3.42044491059602 4.21186780847616 2.70276540778272 
3.11893833008832 4.61433171931356 2.80521461373974 
3.58680607587616 3.657023018184 3.17210213360602 
3.60165121988476 4.21564103832501 4.13157248134541 
3.59322540169653 4.75343057249964 3.15562390275145 
5.53554597146428 4.26566770527386 1.30128737914172 
6.58171755977054 4.89854960232259 0.348800471262912 
6.29222758052919 5.47227719319925 2.42870239029883 
0.324442131324127 5.10782218763223 1.7668257806604 
0.370215392728677 5.79400777235532 2.71007399051507 
0.593493086022434 5.73924425564165 2.277093563241 
6.7881731885642 5.00375322516473 1.72748400736033 
0.142284781085281 5.09354293822677 2.8886881358653 
0.333987194312718 5.67900140809036 1.68115936435344 
0.175498486999597 5.40427046285515 2.9791891897122 
6.56638417579773 2.7145425570627 0.261506607603954 
6.90281181286026 2.68491197659463 0.540758752423509 
6.78285727295129 3.09838896926061 0.775903013044483 
2.10860414774893 6.48838078933684 0.829417164330746 
0.682894095081506 5.87927686080495 1.05947999091499 
1.56727353297988 6.63072089040322 0.480525168582393 
1.2068413694551 6.40160737887446 0.411036562184672 
1.73891450020701 6.67986681811388 0.886064040773014 
0.933504570455769 2.25941907150788 3.6889814497169 
0.569637681811273 1.70274993369785 3.02248008332273 
6.25859186705821 6.18776499755203 5.44573940861125 
6.41077433181801 6.49051550449674 4.93170798259495 
3.60016002623609 0.985515542470226 0.265678888102922 
3.71013633129487 1.03414568627761 6.80360909488538 
4.30100338015908 2.56205877731932 3.39438030071469 
4.27007525681789 1.99475032556514 4.34052285952342 
4.70591072294396 1.99573801232571 4.09558314196078 
4.75386668177756 1.54924063316011 3.95701711220267 
3.97156286467185 2.34798064590803 4.16560556857404 
0.822867095707012 6.53000112565636 2.01646367107232 
5.74261528787168 2.36279158202127 2.99528641496073 
1.53493959631366 5.49171319408358 2.57818889145534 
0.668808274423952 5.51873837031892 3.32327551674436 
1.44397586882285 5.42783059895418 2.28825070898485 
1.90167936674099 4.99675364033846 3.04561870187203 
2.32464958051938 4.83113197662436 5.97744384602815 
4.67073830434197 4.49218030731887 0.423176821927579 
6.06570347485561 1.60770793584931 6.14148720036267 
5.8755906745127 6.34074082036165 1.91483152168492 
5.91094698580692 6.13933294941169 1.54632040859092 
5.49170466161556 2.54811156469935 0.826135874391311 
3.00655958703889 3.51615947808596 2.27894754240703 
2.47098074171379 2.33566596987803 2.11038404288722 
1.83862226131396 2.3680189046661 1.78537567673843 
2.38863032359909 2.31689646877926 1.78631896380456 
5.14076904427309 4.81750728516443 6.57564538722889 
4.95222825685045 4.37564846794049 6.66591051549194 
4.59685225431778 4.5366956263339 6.01497098395976 
0.903916231338894 6.11056240206686 5.38627886549814 
3.66167504918928 2.24824344647477 5.23450992556058 
3.47844227179782 1.22788268275394 5.75130328862243 
3.70996348542443 2.50165002422795 5.6036586826037 
0.987937409409232 4.24460554804902 0.687230066083713 
1.75230092420606 3.81629218006026 6.7251643332423 
1.56945880482967 3.59802845328089 6.84867501912629 
1.95799194426647 4.51453769729532 0.238644018984929 
0.775257958016609 4.03287308962019 1.74932663938226 
0.379618276425078 3.66289183563906 1.03171064897101 
5.84035996552762 1.9796671473042 0.727915899926181 
5.7262859178406 2.03791663218068 0.898573283816835 
5.54685251823398 1.29015578420784 0.240102656345573 
6.15620447678428 2.88310680889448 5.8772224946976 
6.14453812962831 2.81777186305395 5.97777015652887 
4.79890945934988 3.40937184444961 5.89766808466735 
6.10662201578883 3.37495580358415 5.86406390666496 
4.74231685101552 3.30209890111043 6.32563517011189 
5.76373207028506 2.72211117724176 5.66659693946042 
5.39352542200443 3.06160114038405 5.49261841801263 
1.49986662761062 5.03246991393674 5.9536275171157 
1.64199877624047 5.89839115972939 5.31124797243084 
1.89229736398326 5.45850290005552 5.57072480064739 
1.88364353986563 5.43666000993432 5.68416950166088 
1.32019568747444 6.18939525167122 5.56574729698147 
3.7028934317239 6.35699069927271 2.41035813212767 
3.53120334256315 6.79689922002853 2.10366062821604 
3.885951071905 6.01800339859343 2.30543152763261 
4.2619873151056 6.68591970967861 2.61747876520814 
4.33226519215079 6.06406631734751 2.43797556256031 
3.9176007932402 6.72554280495258 2.59558233976247 
2.4070740923765 6.01735653349479 5.3293863145816 
1.90347546160958 6.11589987841064 5.17694015674263 
5.41035863557123 4.62368352049664 3.25547701426633 
4.92836772402802 3.60340757642785 4.16707537318328 
5.14602610700362 4.76512410276699 3.54018326439437 
1.84457501584178 0.725763831126935 5.4048561443801 
1.39717941342437 6.8730629606066 5.37949564405521 
5.40320571000812 5.1661319293075 3.34367242058122 
5.17248063784048 5.04989887205459 3.53350496256659 
5.40884616608253 5.64403627581578 2.83970905051012 
4.31295447846324 5.37652829266197 2.9726164184093 
4.87371410969518 5.67293783673736 2.59944066941559 
5.26962753217128 5.16013797717507 3.71834099209267 
2.83963797532639 2.01532126686159 1.41852131846264 
2.57885596371909 1.97166309531652 1.71593854541762 
3.12400411732451 1.86031325973307 2.34641629290495 
2.71236014785756 1.94111171518219 2.14835847447602 
3.01896698883141 3.39037889104192 3.9272382994408 
5.504269484295 1.85382824749097 5.76089645348291 
1.8669572585523 4.77335273675498 1.6105540427677 
4.17117393482979 1.0394575147521 0.376370026658469 
5.76902479177176 2.50273792370062 5.21353904563111 
6.35521132353683 2.49354667681786 5.04329810199647 
4.6804654503553 0.83464534129297 4.51442837292141 
3.4554375096945 2.18364308908712 2.58311369925393 
3.99257447290667 0.961508010282501 3.01658558103529 
5.09514329934375 2.12742228303797 4.39161473472446 
5.18797071509234 2.5890327048176 4.70235539488591 
5.048254024188 2.21902233650977 4.76358988804235 
5.2056193264319 1.92937212632267 4.99451263489091 
6.29616846569252 5.45143306325569 4.57437033839696 
4.48415709689265 0.866097543275026 4.89174417279892 
4.69619769568755 0.810487689578895 5.38816337476727 
4.6542299858395 0.997968678409808 5.09578058786808 
3.42367110692412 2.81730942116104 2.54098808330266 
3.6656946833939 4.12946871168297 2.0768474734424 
3.58021315038531 3.94240728130167 1.97252192810871 
5.72934659531531 6.18380054618416 2.45310465834302 
5.79926916536932 5.78336552113005 2.60476895019882 
0.211947800800195 0.86356828634091 3.89225364820117 
0.705298336794083 0.212399518408112 4.06626429869755 
3.86487823175766 6.92899259843512 3.0789171051251 
1.44260804861789 1.90576092476844 0.775859969632351 
4.12814083570982 4.98843721658494 2.97326938934577 
5.88657083009853 5.58115353167258 2.40120359628791 
3.07185510330465 3.10154911453537 0.42201378918592 
2.41014416473866 2.36990400051901 3.33600349275847 
4.34828243023227 2.73571597164593 5.1258457689907 
4.1213483072316 3.46233407854907 4.94628985198721 
4.33342323929831 3.6145773030589 5.62369349784195 
4.32134807937623 2.77511729086005 5.24654787291721 
4.10852072161585 3.31485072364723 5.29610950550379 
4.54051643371973 2.66595114943796 5.16457150890093 
5.05648652131841 2.81667802133917 4.80275704242684 
5.4275874775965 3.25799255486683 4.80607873776977 
4.89488629049164 3.46511406958999 4.49381671666483 
5.33970608599282 2.93395355900585 4.92889176043506 
6.09783108088267 3.72131924080746 2.95578021498501 
6.13273804706995 3.26125015778924 3.09292894480256 
4.48854935667634 4.91764990912989 2.24688164780359 
4.13822564887415 5.17933164175164 2.84290726360538 
1.58133809887924 4.8844266162665 6.57526400525984 
1.54227842555621 4.14164617053853 4.09471125801873 
1.44742445213545 4.2855616217904 3.81631366712231 
1.32694697024452 4.05563241955217 3.63218412679976 
1.51790223443216 4.45298201816387 5.95035440746766 
1.64947430334013 4.80511881526205 6.10081416856075 
0.94219825424223 0.239720308194736 4.13252970235607 
0.15484008429412 1.76968587793634 4.43087353054035 
3.85275062102015 4.61193289645978 5.31159456266413 
6.40967819204815 2.42245081734018 0.266909877734142 
6.2683805342064 1.89353167739463 0.889500748208917 
6.54904496917236 1.37071056573815 0.739985561544299 
6.65047167537339 2.17778523231384 0.567010436438321 
0.705997168956954 1.91400565056457 4.95082067908629 
0.503995435644622 1.93220710733167 5.42097946661795 
0.431889140012719 2.37491064594366 5.50571305217443 
0.626801615276349 0.747447433053631 5.01213956121417 
5.51505396600361 5.87538553880594 0.284707882368812 
5.58462464853763 4.89826083995257 3.16326567646723 
6.29964687438501 5.25526802368001 3.77164409903814 
6.64846520165006 4.81208652574237 3.93444691163267 
0.242076366317288 4.68193233650086 4.04151604805002 
6.78936395343409 2.57916965807175 1.12153593460768 
6.91337523076105 2.45476739387087 0.693298712215333 
5.69967993379079 5.88033341746221 5.52262118763829 
5.93469469314212 5.39631304760736 5.91999212558865 
0.327011296854568 3.78992057894535 2.68123074366041 
0.244190658739601 3.9063129085995 2.98569080365558 
3.60256501619776 0.601006363833471 4.01903583311894 
4.40148899992134 3.65768911256209 0.539142703034746 
3.98144311457208 4.17364855471074 4.76983696479334 
4.35578499338748 4.83498279320949 4.75611218288518 
4.6305406945251 4.39552687983922 5.73468281184149 
4.26345084611224 4.42157581509301 4.43012147986197 
4.26411095563061 4.31169819309066 5.61722609636309 
4.03331214991881 4.52038622992352 5.16723750403637 
2.46375565738554 3.62020671114966 4.62301935192749 
3.20706050898825 3.50649751329506 5.06324263174146 
4.67979535067223 2.19535281495551 4.99223559528265 
5.55706559277069 4.80286042563505 6.51027384132174 
3.68639484854944 3.6009479291435 4.75417164573466 
3.715760258114 4.10078089675307 4.68223681139321 
3.61523945291577 4.36521211334605 1.84881753495028 
3.71820976425282 4.1870814731225 1.06584324079228 
3.43805861253188 4.18226004993868 1.56542275946051 
2.88907410551473 4.47011262100683 1.4272859320229 
0.618511277245965 0.670377408945756 4.98211182445363 
4.29440229473574 2.08695984773636 4.82197017214621 
6.58693930774942 4.58450112884077 4.11161768297168 
6.54452930750596 4.13779771160731 6.03118289118225 
3.06125716667404 3.32692967646252 0.535222430068649 
3.15767717824582 3.28434259887241 0.904075418000485 
3.79123549015739 3.84464902156415 0.971245494849605 
3.4259663968735 4.06527388227398 1.59734455485087 
3.70247693266511 3.70761978098666 1.13749684076908 
5.29353113700385 1.75538763275843 0.989597099267136 
2.8408191804921 1.03694809042523 1.14657065789748 
0.688311189087258 4.31562206749287 1.11856672524475 
0.346044989847087 3.92057569040717 1.17749637004561 
2.49927233420181 5.79833267140634 5.4641956397782 
4.36495295973453 4.55732062486435 2.69399632201486 
4.53917902619727 4.66298696428267 2.31108988110631 
3.10511708258047 5.43745343447988 3.53870622422477 
5.52299810297016 3.96186801260523 2.36784804364759 
6.08745781684117 3.75471875053931 2.63285233282308 
4.8460330363277 4.93630500794979 6.06147068857674 
6.16000379725105 0.75981161738871 1.15763296787649 
5.2561080986574 1.36140391508792 4.22188207907291 
5.41323090853737 1.65018679424674 4.42208019153568 
5.06666225729792 6.10452659862042 3.99683467472253 
4.93830569312756 6.39037976662406 4.37066798818621 
2.16785677789703 5.57111428657189 0.565611131508819 
0.719253329879838 5.36985930140866 6.17033419606567 
0.540830977768571 5.78623602344036 5.87039407639014 
6.58150053641548 3.09470486165038 3.79202531903633 
6.66429066155914 3.18369949185994 3.42088063448844 
3.23406450463718 0.825521049530606 1.38893270248673 
2.00620880484011 3.35701850917338 2.52419944463039 
1.46504880366962 3.95019951674874 6.3078927614717 
1.35081933204475 4.2210855459046 6.27159167306705 
3.10596352488071 1.72103159781239 3.3272541830982 
3.04790945934824 1.90842991702918 3.15713585617205 
6.50591694512762 0.209043708053598 3.98358291442507 
6.60877950616019 0.433955559778748 4.15488250012202 
4.26923831066892 3.67418092717611 4.95818362288642 
6.00167744130094 6.12491269427871 1.69832782056062 
6.01506801543521 5.75024179695659 1.81076634385033 
3.48599775947637 1.76024492726041 2.15895800138616 
0.418475992664494 3.34583731132086 3.13733960973948 
0.793791177741523 4.76177081676578 2.0730585713443 
1.35911650547991 4.93649876913916 2.21046523170255 
5.97260529141492 1.04878117455459 6.3735930261954 
1.38369181268476 1.75952386233481 1.57955156603545 
1.21600582500914 2.22686451021961 3.80135903179133 
2.50532508292704 0.688573867298985 6.41740275162663 
3.99679737698067 3.67808025176736 5.95037218137876 
5.53011042053271 3.42855422485027 5.50952949997168 
5.54382333160598 3.5665198404076 5.13482581857018 
3.32096777939907 2.54982655853826 4.58058431402555 
3.87514671830278 5.40683067249583 4.65081760959063 
3.18304389867361 1.24978610802723 6.30858811066593 
2.28083522395112 0.27946814156376 1.04864735166614 
0.746134361601565 5.79641523236827 1.2373606985023 
0.712072391232311 4.2759629807729 5.72618567653156 
0.685857367195934 4.23888913154574 5.69168242096194 
0.113555129577742 4.4256712683092 4.23385821080119 
0.224991344529043 4.33745831974713 4.68799599706552 
3.53534663496296 1.08223327272645 2.18463110228667 
5.70669139756189 1.83734539928997 2.44230723358727 
6.54690832847774 1.83863686242115 6.12048230293634 
6.62214598106351 2.53765351421669 6.07670606340863 
1.11816082399457 0.40071029647979 4.48670970472425 
0.389262199267384 2.26235143321775 2.67366237749684 
0.592408023125126 2.28883184796727 2.31792236196415 
0.657315540619897 4.88301067890631 1.38849489895188 
0.418806763953971 1.62532413105766 4.7219831640484 
3.92551341640187 6.47345873638345 5.14238540974133 
4.03294803193203 0.123842523474986 5.29358379962024 
3.53718350954577 1.20174089146352 4.54368599107444 
0.818737678050901 5.316843947204 4.98508340622024 
6.62371728484965 6.6518391079747 4.12937682642107 
1.35811123378861 2.17721099021985 4.78388785194102 
1.49066437994415 2.17737286347627 4.55108836958419 
0.599350884954813 5.3089844025112 6.5163041541692 
1.22841742968947 6.10715626086904 5.95022748584994 
1.47781354016526 5.76430512864023 6.13986931693548 
1.39480677085448 3.32833174122402 4.4894997581548 
3.10745093891343 4.90155497193727 3.69534249527741 
3.32714469996889 4.88276839897128 3.1175588086484 
4.10827607400442 5.16896896063316 4.23045627628308 
0.780938871171807 6.18411066388816 1.01804792217952 
4.72792098419941 3.21744802686264 4.48295568860025 
4.26843565854595 3.17023865493113 4.73009854529425 
6.85515716492237 1.9385578211432 1.84200636826857 
3.99827367941911 4.38075560696568 1.08529788746652 
5.18940541474918 1.07776363562766 4.81151858120134 
3.48544422841273 1.42443668892656 5.17272535548088 
3.6469742349914 1.15776726015365 4.84807462584804 
4.47052843425318 1.05009186113715 0.789103002082535 
5.91707769446683 1.71044167516607 4.23384388506338 
5.44728633727073 0.500066127231562 6.16270768013935 
6.49062728000556 4.86360796497156 3.45823231200013 
6.332073893043 4.70720352893889 3.30194600309777 
5.60029461034389 2.73728698505785 3.01098880804105 
5.25946960165869 3.80795301672811 6.55989383231212 
2.97064968902419 2.90397638984633 3.76099078519194 
2.6145078062644 2.8464693630878 3.55233518344336 
5.77139499233578 5.06491515197735 6.73543571473869 
4.20394049465495 3.44624939647 6.45987198124448 
6.26949801813762 4.00201373377218 6.50483578377732 
2.69560289764848 5.27398588606117 2.56372139710358 
5.9665444926711 2.20359887111326 4.00138145415571 
5.6433805875938 5.66540079385575 5.70442898927019 
3.61355116348952 6.09184004568278 0.884113566510842 
6.43474675858477 5.32770617940254 4.04038438480374 
6.38792786392163 5.19285495264382 4.0023682593606 
1.48100933395374 4.72371373159432 6.67985779873941 
2.73585240545056 5.21812703094344 4.87452754874028 
2.47470172632292 4.97869854392557 5.04258722984663 
2.58821531972226 4.2137797321984 4.90233439922109 
2.56112097794979 3.95636580842169 4.99612733347401 
4.06298010173095 2.639264976085 3.52064996129585 
4.21477384659351 2.66156914959733 3.74128747815587 
3.46523209108808 5.80036038471431 0.777236026920026 
1.22360754638184 6.76906611206014 4.42160604789795 
2.15221621148412 5.40258061414418 5.67216708799061 
2.15590765704305 5.41737177118555 5.59078002326482 
4.32057459379625 3.45421036147805 2.66798748471339 
0.962060226719925 2.3632191888141 3.38893949017162 
3.64097870326045 3.43021433675084 4.5055118656749 
4.04902070120381 3.10480716940074 4.4937896701636 
1.50070197216607 3.85200914416852 1.72478354420644 
5.31872444036195 3.84587258845141 5.14344699444625 
4.80919454888754 3.68685658421426 4.64593266567541 
5.85413345799177 2.30934533082777 0.416123436495555 
3.56277269997706 5.73601689274686 3.99813312844836 
5.08686524449351 6.31930127862028 4.55831473952457 
6.0574780428267 3.40938282940589 2.44389881908809 
6.09731752356901 3.0930731027401 2.8673182396116 
2.22884872760139 5.13809839791929 0.700609389607187 
0.996878707324435 3.78943582809853 1.85122322142817 
4.31915095161726 5.06734722657921 4.68529136941405 
6.00104366922946 5.80450235915849 4.71789340318384 
1.51776672489382 6.58597078904289 5.56046861644822 
3.39275974623638 2.18552543301377 3.12784545755734 
0.535187530641637 1.48098021072999 4.63920148813172 
0.523472921599723 0.786857827814104 4.96911033099754 
4.89689022577596 4.94103804133884 4.86729771877198 
5.43233339486234 3.43431911235837 3.58850884431334 
3.04235005613957 2.36871125885328 6.44061206336189 
0.961638052196545 3.22502244476266 6.1273393382997 
1.02185341523959 3.42469686920388 5.95359063769891 
6.65044608577077 1.65095475164066 5.87417261496381 
6.82943143431799 1.93171150304565 5.47643390977894 
5.43397588977937 0.554345396179256 2.59223245825627 
3.04960145656324 3.58069903485212 5.60700967658455 
1.24864595382966 3.84835073523152 6.30782461685684 
1.12862550017026 4.12362739677035 6.27113179203203 
1.31551872371174 4.34677727350512 4.49797771076226 
5.67359468348389 4.23227234581122 0.565688528752693 
6.05086699368569 4.34502617384709 0.309002076972273 
0.337097697080557 3.82277316084093 1.35787920072284 
3.08412517413829 4.96283492469025 2.59292654009969 
3.32696679442252 4.96025318957528 3.08169241061317 
2.32652544955815 3.6279676283512 3.2259512550384 
1.03195688045277 6.06448554973781 1.54056102906385 
6.35128625556144 2.47747791087872 2.78635404166078 
0.605105244059331 1.73705100558347 3.71081805173762 
2.33804449796433 2.35278785805943 3.44454355052482 
2.37085897631955 1.5335232160576 1.5775024950177 
3.53268729212762 5.41301617288465 0.863625403904358 
3.9051475558549 5.25742210412736 0.931341795940936 
0.645963000954763 3.53643471380281 0.765875558133293 
5.551522076218 2.64178332130052 0.602334357897294 
0.824997948218611 0.758477490251221 5.72162594733346 
1.76043817206045 2.40150186672177 2.04073285056721 
2.86762231595985 5.4616257753394 3.84466883637326 
5.91960350958303 2.68597893274441 4.16841342895675 
5.9641791771208 3.03930225912474 3.98165209464707 
5.45306478296755 3.59704043641732 3.9507604245788 
2.58099651587947 4.81688782512921 6.26271082151034 
0.0999343084313126 1.43591397893082 1.59678097040352 
4.80094015719978 2.48365961427642 1.83529401871576 
2.72875578733968 4.85939576552831 2.45711771320326 
3.0542985362093 4.84848433581626 2.54699595628969 
1.84069492281491 6.55948202781006 5.35624080249796 
4.24825381911224 3.13850342061636 4.01534086911019 
0.996409202928855 2.89400316408278 5.2127019570285 
6.60524959200997 5.396678476781 1.60562175452997 
3.2044438157589 1.41138373005901 6.10770901873987 
3.18900431197446 6.69436772160965 0.806266321735797 
3.40401215026243 6.37267753788372 0.640389464328457 
6.16113420302553 3.62181363618656 4.35959361976854 
6.00590445439903 3.45906710352804 6.53391247606349 
6.06259298665458 2.98105059694543 6.35901164183982 
5.76620740311508 6.82564004766004 1.15276211705712 
5.47181825621461 2.75314539476906 4.85434171287944 
4.41003714597557 3.79292811284949 5.520500934874 
4.44331998840671 1.51722599850514 6.75005826795911 
4.19374752220855 1.08887979233911 6.8565560988413 
0.672025533058145 5.87895023176754 3.78498194152442 
0.515619231027477 5.69335573924521 3.7967906363337 
2.39123073123399 0.745777417880762 0.754881885055233 
2.10509822460748 0.925368818878548 0.727448327806565 
1.88430730759238 0.979740854197111 2.03845286575811 
6.12667525792095 6.53329655063405 2.81783890912427 
6.84688807760919 0.851835679365884 3.79477072496433 
4.03273485033494 0.26819699097076 5.0340974961547 
6.39518295490092 6.18549043065039 5.05873253342856 
4.54928895328655 6.33020776082751 4.35996127454275 
4.7720266272524 5.01122752942692 0.35048635204622 
6.43147476116865 0.755796086155784 4.85080801789753 
3.54134167457762 3.2276311147173 5.59835055848599 
3.21400751697487 3.3178028635903 5.43381288914987 
5.42760725942581 0.798505859944243 6.2254782325317 
5.33389990523876 0.965148665054157 5.91627609890798 
3.3042777778091 1.20589002636025 5.41381182272437 
0.916884687051948 5.83556599267074 2.29928919659903 
0.792208172131843 6.07137645989218 2.02394389798632 
0.361318310393041 3.60483668675686 1.28969456226106 
1.02056918355218 2.584023036097 4.79894569579631 
1.63404739911656 4.03939157045132 3.19822702307512 
5.65034949018403 5.55128196789671 4.91476636320684 
2.13577785104737 2.58438378129269 4.51306902681427 
3.40310979958716 6.86639314016211 3.5545642780368 
1.87205301702421 2.8511582381846 3.81106845353565 
1.83868173677368 6.50036264475368 6.50167326353753 
1.58515027559933 3.46803331425089 1.48285784783335 
6.18544409008047 0.830829020100007 0.43412825122024 
6.20163286698974 0.965975782916077 0.370803883921152 
3.34230732523618 0.810757596223487 4.43949063442954 
4.00429090605319 3.17757173946467 6.54767905768881 
6.40968191349553 5.64094456070804 1.85291942207775 
2.55042365115258 3.72170763945255 2.22293348275593 
2.72594144816328 3.63023871488951 2.03416936725307 
0.867005826204058 3.42921200844849 2.50352291377318 
3.66068446433598 5.94304156005208 5.95204427285704 
3.20778500678039 3.68188076621887 5.85997831490742 
3.55618705472403 3.40816301888706 5.88382436434999 
2.28311201672516 1.0387929757776 2.25920260159791 
2.52403475639102 1.47135990491517 1.23798647531605 
2.08323463954036 1.33773380461174 0.943255547478003 
4.08469972570357 0.428877615443945 0.848155764907762 
4.34622346121739 0.77146523567217 0.626890372478706 
4.24190484775306 5.46331698474285 0.704193690519469 
4.38646508862224 5.16118863536932 0.357884036505679 
3.05516293406953 6.84915503977986 3.4952228497526 
4.70678008114623 5.97411471759437 2.06595960421783 
3.28861291748744 6.60751058128399 4.37103607871913 
4.09936468554981 1.40643375529287 4.30757002416723 
1.95885117450325 2.20692755975494 5.05597847083247 
1.71569982143296 2.19268875873933 5.15783792158646 
4.10027993276782 5.26979966350317 4.85329778318736 
0.236165538790785 4.84404404142194 6.57125267177033 
1.76365881109058 6.86464346238563 4.9119557228303 
1.76499214449496 6.876534010684 5.11491711631638 
1.7437262347935 5.98897556739087 2.746558029601 
3.01775940759342 3.1431669226132 2.54356273212639 
2.9640443782326 3.52389047711757 2.47091898905013 
0.677746295751229 1.52915665768608 2.88882174771902 
0.287975044022387 1.03014956971013 2.55963871239919 
2.53687752528494 3.07085174036259 2.76763802919494 
2.66168396121429 2.7491302017578 3.33719121018522 
5.20500798863306 6.23807251568322 0.38443686206301 
2.93801964075825 0.447471404770669 6.3283085402421 
4.454437144734 6.40986486796092 1.33115422240598 
4.42934308417238 2.59249893469933 3.64576234143742 
0.321058405258989 4.86553517741317 2.26970042086215 
0.470603733282415 5.02886435172282 2.08746116937396 
4.5103255920842 3.51014029408487 0.625977059650066 
6.74330642923817 5.61422579201732 4.79063005497052 
6.14895856673611 4.72364113231178 0.278720738449132 
6.11995459592891 4.7603349236405 6.93732899631614 
2.87309559800154 0.701096162470593 3.59342014192865 
0.692070607992644 2.78100152861795 3.50858763926825 
3.10153164648762 2.27217407457336 6.18650589029517 
3.41353202177372 1.80479525687691 6.25848091266245 
4.53359343004609 6.41785013079291 1.13555675785165 
4.88402846430385 6.21358665977272 1.07065944094787 
3.08163008451977 6.60436441463949 4.44493515768543 
5.46141608645473 4.90516263692727 4.36645475202495 
6.07167153914332 4.96486241405987 4.49799414189211 
1.67433576760448 2.77919616232678 0.361563039117571 
5.4331692799873 6.83269260245647 0.899057826775674 
1.95560818748047 0.34836654657393 1.13070588948146 
1.84538661480763 0.796873714178637 0.902071685476485 
5.1575505584648 0.454574712002266 1.57683945981291 
5.42383195223124 0.296880365096243 1.8873578606553 
1.17590817471402 1.97852541277247 1.20610259693549 
1.26035662147126 1.76954018408815 0.969054799500039 
1.30373540360365 6.39676273102701 6.2408623624085 
4.24102244034014 0.648557534781985 1.91267108215313 
6.18824212094691 4.73080739344297 4.55455171159528 
4.92645972653344 4.00815003502842 1.53522843138645 
4.05319807457962 1.25570119177515 4.81613308244954 
3.67337099639944 0.957587819413188 2.28291400327157 
3.59524090051664 1.03876411711458 1.66382961611401 
4.75093710817048 4.18637419768779 0.102906466645744 
4.67107121768885 3.92944848197681 0.114190240960354 
5.41821069028053 4.03917855226887 2.02999338398853 
4.85832240960801 6.20217399315868 1.93275036299148 
2.38133726998974 3.4174090451822 3.56824332437229 
2.03508592478213 6.4057139742303 3.55402049915688 
1.88751599990823 1.59788118845757 3.60910129018489 
5.54876647049276 6.7481583786721 0.476629082413051 
1.4741228086144 1.50542597107334 1.51141653339067 
1.4401299247415 1.40461435595049 1.18629701193263 
3.24140070907096 1.81622415445648 0.505122810709337 
2.74410941784361 2.14260297667039 0.793313968155329 
5.10612399574563 2.51540975524318 2.48956016639074 
4.6682587323373 4.33617195250865 1.40033114987292 
4.32868938013439 4.21552512221227 1.00261361694719 
2.67598329109513 5.14870086426206 1.18464708891674 
2.84061469608422 5.04830653332376 1.16446218510981 
0.059739528443269 1.25215107221979 0.982065232667933 
1.38753943707985 0.96497506855018 3.28808733786159 
1.7584038639043 1.11481939881091 3.45312201248858 
3.54037238061717 6.79458728568096 3.78835462859019 
3.12333493303163 3.18011029795678 4.51339778735134 
2.98027232293191 3.22808076476561 4.69094377561955 
2.77026475063283 6.88626708366292 1.81748091344108 
6.8044651619666 2.59284663941304 3.78703059848592 
5.80458940421857 6.14432891942827 3.95046426829567 
5.74938740900597 5.7909218408267 6.68330717622502 
5.97260627681465 5.39805734361702 6.47796689581024 
4.67562500710339 1.14161179739552 6.46544304467459 
6.82901937693102 3.58098502450877 3.43301629049115 
3.31283816349279 0.991066337507659 2.31185228471076 
6.50294577183583 5.6957835357886 6.6483049939409 
1.95046026488085 2.19947420043204 4.69200203824162 
2.33830616062549 1.75911662161494 4.51164017667339 
0.180009890192211 1.7198452749775 5.40287655704342 
5.5610317588718 5.58317787048503 3.44907690996017 
5.49884890038854 5.27359232322832 3.50977737162142 
2.55611148466074 4.60862525394311 2.61245405180683 
3.06083168712863 1.23173544218764 3.12304590944423 
1.363506354464 5.86406232050937 0.232083775957611 
1.06609557139039 6.86805129951199 5.16850369017444 
5.92776649931239 1.67944075468358 5.17638754019036 
5.58963525101154 1.985361925421 5.27047166527354 
1.10017306869566 0.998043257746214 0.946714009928178 
3.66622077797939 0.771964379217988 6.5960739200348 
3.36822723257957 0.868210043366423 6.25777177514494 
1.4914999879131 6.6840308819851 6.10292138493178 
1.78778011702012 6.72322943806434 6.2575068176566 
0.361626412030309 1.47627924317412 4.07571970425132 
4.62652330699297 6.24616457385902 3.26235012320851 
4.51631827366566 5.82073116755322 2.77959227800417 
2.41596572604106 3.23927180488662 6.3481663774079 
3.78550603154696 2.82748492345992 2.25279358818943 
4.20869514218711 4.78941302522113 0.363536669295321 
4.62892916327893 4.56373961273915 0.347924598950506 
2.37350184128066 0.988738531212809 3.14745777587801 
2.31469057372707 1.1831527108608 2.48459079344692 
2.74306121598924 4.16691013750059 6.4075305880048 
3.60706995143342 5.28119422513765 2.25885812486668 
3.93154001855925 5.27564965225868 2.8175479004098 
1.34610494000522 6.21537639289321 0.230381839167119 
6.48947272116402 4.04950708678316 2.60009135471867 
6.60431113589743 4.10611880173093 2.93471655987513 
4.0488080448059 1.15311568496602 2.53218984217082 
4.34526397759445 1.0251017112447 2.38952569475416 
4.36346598958228 1.2168470297527 4.13241570410795 
5.26705733201629 6.07797246706371 3.84974930607811 
5.64572707431848 3.90098227930417 3.20802667971996 
1.83381300137576 1.34748253625092 1.49454083523053 
1.79618320036537 1.25419057852031 1.15537566433934 
4.2586826467362 6.91955963833438 3.22891342145152 
4.42711916679559 6.80335060628264 3.08823366199903 
1.34554917071181 2.58449438022675 0.509385301951621 
1.47635853687587 2.23575917548971 0.868315249237628 
0.741520020443666 2.04065099703776 2.9086024859049 
2.42370310433496 3.375272742999 2.74426886724694 
2.72382396581102 3.62693576222197 2.53246510614839 
4.17848410275882 3.77531537536725 2.8885793597593 
3.73464681259355 3.80036532427508 3.16523999806565 
0.95460673846456 4.37682859956966 1.48009313719862 
0.936341840416442 4.65567030798346 1.59351424670233 
3.86711137922124 2.59155910114062 4.54177893803467 
4.05655069588512 2.40697291900472 4.91497217602703 
0.26577219553134 3.63367175727625 3.26284959181783 
0.803865539951578 2.92664515621163 2.0787951887828 
4.99864051819958 1.00477114836017 1.53669116364372 
5.48655656765445 4.31813817120004 5.04131118408987 
3.38829808575416 5.78410232323153 1.40444512218026 
5.24850155837678 5.83853421890099 2.77910377896254 
5.86880109305212 0.31684651688011 6.27742491742874 
3.98535466060901 0.769795922914334 1.58498478816751 
2.73397757580401 0.190441163585528 2.75671186797079 
2.92864564139648 0.280489675903375 2.39362712258714 
3.57883409780561 5.37260120293571 6.45080986302809 
3.57907457140558 5.54240553656153 5.97544012594035 
2.21091305090745 5.52428973270781 3.17935343943044 
1.52247664054313 5.06977191147036 2.86081851849387 
2.54265682627143 6.42556825883841 2.00917755910426 
1.98330745629217 5.98181992132973 3.16912151157378 
6.44749325468753 3.95998027469672 3.12144894433983 
3.0390240448596 5.25470785700626 3.86554307256413 
3.05899250947534 5.40044564582112 3.80534329057615 
4.97572082698077 2.43793655581857 0.844553422667945 
6.92337376891738 5.32088953787016 5.54203433698539 
6.89412041261162 5.19311449333176 5.15061585593715 
3.90718659819115 4.16211196757538 5.96277760284734 
6.0268102843233 6.44899884277206 3.79495143074749 
6.25612666112659 6.7377134631904 4.13939611069567 
5.76387816542926 0.195593774556519 1.35617260033058 
5.75405723374004 0.144202159503076 1.71729109403438 
5.71711143529043 6.3189675843847 1.58177514255469 
5.73297943913113 6.41873408333768 1.8246112376438 
0.957954372602647 5.26760508940925 6.7539843792354 
6.0672615219007 6.61702048449988 4.54476138509717 
5.77130675169175 6.16045661648416 4.37581260674176 
2.5647860247079 1.10132671293234 6.41212050113041 
5.13255034100075 0.975181171788497 4.53145202688847 
4.25025139820316 5.49019008230812 2.98557045858926 
1.76141291307747 2.81613704948437 4.22460901220376 
1.71513858074991 3.2678834536861 4.37351280754118 
0.88284561420794 2.16114047822602 6.13766578008008 
0.663270946804322 2.50296453941004 5.93549591593977 
3.5611794795798 5.67660145073109 0.691425383999001 
6.39912733961604 6.25536913149843 3.0569318353857 
1.99872756671259 2.10608113233316 6.40187435396135 
2.67888310526327 6.67828882220158 4.20704606372363 
2.4437692552871 6.27606043902009 4.12805412618555 
3.32472272570281 6.18814276852979 5.04923053969944 
1.12109479067103 2.7423410694942 4.43317584593145 
1.37665797985793 2.52905375888562 4.28763820753313 
4.67598086719082 1.36725898295671 1.85090341305465 
4.59926707990134 1.36809232703343 2.27368077326478 
3.7043010592 4.60592450816076 6.64860792267485 
4.00798676109274 4.35644432514963 6.28292177244969 
5.8431061547366 2.86199083254899 4.61203037368386 
5.82570831275469 3.2193059745278 4.57725406819155 
5.65966845660901 3.12636826416088 3.54015904468854 
5.44665104971852 2.85734257687229 3.43077345039508 
2.37752655000755 2.61621344574941 3.70035067496323 
4.28004964534219 3.78951688598991 0.890645844869626 
0.181822903941441 0.996289509989189 5.18290900889226 
0.168181545057589 1.52029659995519 4.97381939060483 
6.288620975887 2.18903032943152 2.36542268442464 
6.3093117265314 2.41381541255124 2.04210447022928 
6.01733439371078 4.3649437840329 6.85859638976642 
5.73024506519329 4.31724092370821 6.65259339104136 
2.61076548072777 0.177243671042287 1.74241870750739 
6.20257070520458 2.46136749978198 4.15094881203335 
6.7323561489475 2.66512031713413 3.90648500683023 
4.38757257491978 5.39922434741348 3.92633189481824 
4.477242559364 5.12329780883741 3.45819800974545 
3.40117049079595 0.657903389933904 0.462752577776669 
3.63002818927546 0.378810554711139 0.756332063449101 
5.73375717591719 4.22519990340624 3.44887187897684 
5.94410122071814 4.32783999116806 4.87403640020435 
5.93514951235155 4.48273544176539 4.54793417496958 
3.93782117321872 1.37208318962398 4.21747564186804 
4.96801084466303 5.45938979489528 4.05564634599331 
0.560932059906795 3.82786504501927 3.67209862887942 
2.41339331644267 6.36932367940951 3.75565400215953 
2.65465897156719 6.76991177439534 3.88424273819635 
3.87167171920637 5.15286975001672 6.49506595729896 
2.53212075061699 1.08997407892588 5.33703342599642 
1.83301193893426 1.53751795664017 2.70063160512238 
4.87417588595798 3.65939296062194 1.34684465342946 
4.43783649216615 3.6008871370309 0.987370641694509 
5.6188233915929 2.95937146293499 1.17145335766291 
1.68061688407119 4.92725099770216 1.72715017637587 
0.348101430714952 4.39892884897265 4.7494575494928 
0.361786635938101 1.60506626880217 0.68986701574464 
0.661901032274354 1.43555400458154 0.534695471765321 
1.94545506508993 4.30415005627736 2.13695389443358 
1.97114906582841 4.50830144125009 1.69466929702751 
6.83008857745228 1.49353659525542 1.67994077116501 
6.63161577650646 0.868191954549734 5.82643718042308 
6.31423010414748 4.55090542814514 5.13647061134337 
6.40996932241148 4.70988862773426 4.99589072379465 
5.12276828299325 6.0392850426389 4.0166749837833 
5.28290889445424 6.08741769240768 4.42495456098422 
0.800759830945209 1.11991714886995 3.50469207035391 
0.673712006881158 1.57291602082351 3.8188847716685 
6.81818457719739 5.91083569667159 5.62547343979326 
6.67417806676301 6.07071274888033 5.04318646286502 
6.24092143147418 5.94981557163971 0.515955737379434 
5.13572203770515 1.37842167984259 0.65899206757191 
2.08641908778081 6.36535544661306 2.07122901754956 
1.55695434339827 6.86430590719131 1.90450285913878 
2.35200725854602 4.31271221998853 2.15840103829867 
2.43334333683 4.49454956384826 1.76954723534394 
1.1693684849743 2.36148101173624 3.30071129021825 
4.95032801978442 1.3310027223509 2.46477362801138 
5.36581531275025 0.399624492055337 1.20551954527711 
2.31034763842372 1.63280163957661 4.40147275681285 
4.82792333047508 1.89757863604465 5.22362820995022 
4.64946189351438 5.89316313604983 1.76551552183824 
2.99880277149793 5.09930550158757 6.30339789814774 
2.01468420761807 4.69546878463616 2.9616373645546 
2.0626017135336 4.51802308474283 3.23767309910351 
5.534284071156 6.23561440876912 2.48624239303276 
1.56835905792753 3.51899696811956 3.50604092709039 
3.90408631049449 6.42712141126204 4.90434906821152 
4.24088654535605 6.10473498569502 4.76787766103658 
0.250928615299815 0.950631498228289 0.908153307927257 
0.667377488745173 1.24195735113816 0.551726341210361 
5.20563711652374 4.51788297262344 2.4521992875347 
4.0313390620449 4.16349683478131 2.63620262588745 
3.6341369914699 4.21926849616808 2.85573021328851 
2.97483147218023 6.86874177406013 2.13976706380992 
2.45700391597209 4.15269508845283 4.30850621985944 
0.833541193914508 3.20847102386457 3.42961260886444 
0.300790544194211 5.01563341055734 5.08702486751202 
0.229121351058619 4.53244144419375 5.01752376123414 
1.58856208660971 4.50479459355676 4.78846983038431 
1.55854270715376 4.96680753138674 4.83767562991886 
1.90234057047659 3.18261960156075 1.70042288639202 
1.66882796073811 2.70212031302263 1.81443834281574 
4.75652882274124 6.0646351851586 1.66477159925213 
5.02002857881233 5.99935591084107 1.39364520111825 
5.72824873410374 1.97163032889776 2.41078245316799 
5.53829683869851 2.08103407323921 2.66778429196525 
6.37842852508557 4.23674775735966 3.93875010229565 
6.22220635795627 4.30828155623446 3.44546144212863 
3.55914394531038 0.398507658874086 1.23464614427756 
4.12434345397287 5.71174110662465 0.571779725399239 
3.6343683396649 2.13938645507914 0.461507873655964 
6.83282818000856 3.86885615726526 2.33789838763217 
5.94391206970559 2.41843888686743 1.78201009697639 
1.86640317261025 3.35515559474727 3.76600665958133 
1.79549587496326 3.51806827717159 4.08280037516835 
2.7879722536017 5.59280292986822 3.48084301127527 
2.65553729524272 6.04854816023822 3.29829323450325 
6.24804651137182 4.13921520494623 0.462419033151415 
1.29449261192592 2.24510318774207 1.16218952270976 
1.65843145234593 2.60369243648303 2.07854802379255 
5.15200828858325 3.03522708150543 1.55462240664823 
5.35551606720892 2.96523659824006 1.8274547797497 
2.72070231624976 3.63578718649046 3.84660644059389 
2.39962499078932 3.79140144248323 4.26570316079019 
4.22279391577359 4.54257097954779 6.00270653340716 
4.11768821774226 4.38041569254613 5.74706966745349 
2.6672492123578 3.47502297127673 0.502851176096465 
2.38144098275786 4.89318974960151 0.362185744142322 
2.19909777836853 4.61501861351233 0.204943058821584 
2.98508110432591 3.66796782830068 6.17556068078195 
2.94775574414749 4.11675883818355 6.40140779653955 
1.65755813267665 1.52517272463408 2.99712538114983 
1.85271556334598 1.28350170991727 3.35614999437569 
4.10396655685981 0.617684215444058 1.87229889650301 
4.83398078098574 3.66561786045772 1.81425289640012 
4.90831085882814 3.97947971489841 1.7437911118019 
5.37370388449958 6.40526050880806 2.09271823331245 
4.77782332602926 5.62216483376483 1.62241729220797 
5.03685830274025 5.8985789279087 1.36957797162405 
5.32129802376695 3.36045373804129 0.254006626059505 
2.66128461164747 5.96486289186382 4.26802234434435 
1.62795159617276 5.91717087241055 6.44019172720263 
1.51874717341005 6.24221327356926 6.50375076978929 
5.95259964321955 1.21978900976184 2.19811757168397 
1.24317189960901 1.10492347476032 2.97963010192056 
1.44748224329811 1.46964759402164 2.85061546131786 
2.26991424216693 2.95376052215547 6.11129870071782 
2.53743824230717 2.42433664386571 6.26677516631816 
0.61733195750618 4.33067876016633 5.72978743609773 
0.596762671936704 4.3038785899019 5.70134862298521 
3.40130702483882 3.73164257326694 0.330337135060271 
3.22080509602444 4.06818843483779 0.207905112127283 
4.37806801608539 2.09743018173838 3.14701006797382 
4.55002932958362 2.11355356565612 2.73359323482368 
2.56504884219992 6.02165244616427 3.17948970936253 
2.52201025888032 5.61103687845888 3.16565718354127 
5.91678798443861 3.35408910635811 1.9772249400706 
1.9753151538339 0.295890328332327 1.72986712687221 
1.6925142505781 5.50702431231236 4.24527483026825 
1.58798883207857 5.49428551858738 3.91175849965233 
6.79385341618561 2.87512959520178 5.14338221559049 
1.09963492355143 0.986206984616238 3.6019236223426 
0.169953275123754 2.93362817487407 4.95569582009233 
6.83543610413141 3.18126917574403 5.17507406193382 
6.75129825069502 3.28329773939949 5.64031784198741 
0.619057148786586 2.67080340766262 5.10082594649141 
2.7056603174542 5.90226054027635 5.07979703506711 
2.50859395490188 5.81384618114672 4.44366902549048 
2.98032929462428 2.63122267870782 4.26679571717103 
2.82357961419311 5.15815505866435 6.3463296673566 
3.54378859742614 6.38829680178596 5.35325824969369 
3.58675682287915 6.69635536718925 3.45200100367452 
4.41233400346377 2.45043479216561 2.25790936672039 
4.13769819807066 3.36701666024959 1.9364090483571 
4.26644756031995 3.61045080699972 2.10915942188341 
4.91193918374743 1.82779045203694 5.81336138491107 
2.2446625585137 1.27760257853063 5.0287030957301 
0.79436428058435 5.81307440958251 3.65132761734583 
6.26196895979335 0.0107907782891035 5.83164218647146 
0.205521878138623 1.60112006851724 4.06258327402592 
0.247088346435596 1.7875337923447 3.87925071852647 
3.15927101239275 2.92026065364543 6.64490419269566 
3.32852043917941 3.16822929787866 6.52103058976095 
3.21970803227402 5.11529891098998 6.571817203107 
5.35463771861871 3.40494423268122 6.80266320282261 
2.87887234344127 0.906521416674258 4.26671591084437 
2.55206540265702 3.19608929562495 1.55089913116432 
2.51387663656499 3.54839697198491 6.12411165597808 
2.38436786856448 3.75791508932561 6.21305925816104 
6.22919934262769 1.2024975840165 1.45855876138283 
6.46092738629963 1.41496655696961 1.29935259924622 
3.07543345628482 2.8560614917307 4.54361743360779 
2.90998642514363 2.95743143114058 4.7510401569584 
1.58464925741606 4.89525037285256 1.53664891067062 
1.7417342970231 3.72963430092806 3.18962578382338 
1.61728170130879 3.55947345155645 2.78289933920651 
2.67798327740077 6.04599102087777 0.369290515384638 
3.19791484538741 6.03780198894046 0.458202699840797 
2.26202503023676 6.5921725298338 5.54289287196275 
4.70017017314539 0.673870736492582 2.80890691413656 
4.48115361985603 2.81393803829189 2.89741172765135 
4.60581742996307 2.43645870407337 2.58721709842289 
2.56266231937665 1.85017803420702 4.32992097115466 
2.52221589660358 2.43396920736128 4.20681220141889 
5.73452186396504 2.58641432177446 5.86311905395334 
5.5771848135318 1.99818299354584 5.93566449113212 
2.43723287128342 0.319228858489455 3.87526406731723 
2.73424359872447 0.537543310799343 3.53025972323464 
1.22899918702391 2.63419479831622 2.30928485499731 
0.868079936980554 2.02538960142728 2.82873295974963 
0.886526044458209 2.14678570521241 2.44062415813974 
2.33821428594266 4.02477806592502 0.989319884103875 
2.39617564462278 4.68326496931616 3.76723170782734 
2.00869614744194 4.64654726251615 3.45043412506 
5.63385599168308 4.12128567170627 3.90185495634647 
6.03019178781517 4.13760535231045 4.1714734979767 
6.094045490377 3.72873587618537 4.91903716352628 
3.68775020406636 5.62218020162659 1.71325794041131 
3.95320053497158 5.90761823129017 1.77503813733098 
3.907605515151 0.439983403669873 1.35036354972865 
1.88509833665621 4.98388916128705 3.37407956428166 
1.00827064867665 1.55389804834195 4.70698605438886 
2.12988222138425 3.33361944600289 1.02800596683668 
2.44886589506857 3.54871099076158 0.977493154141054 
6.33953665063048 1.08472167644048 1.84404745540442 
6.68449842213998 1.25765941209708 1.98879924544244 
0.43949527920148 1.8957053417938 1.67023645759155 
5.45485873124762 1.24275705365888 0.2539131223288 
5.45877065234407 0.75906318493831 0.494574326319238 
5.17934538076173 2.52706940233545 2.03695821514208 
5.60614292273819 2.13112504965021 1.97794858994282 
2.80872524216586 4.24404913684144 3.9546451316452 
2.85945650125692 3.83521357020593 3.73635779257704 
2.35309798848545 1.21435799007374 6.16174378705746 
6.74747971134263 3.54031136845029 4.07621938758045 
6.81719583547614 3.72842704982737 3.93404410891412 
2.16793322492748 0.375436623212382 3.7939488489454 
2.14771695356031 4.87133164118467 4.71411088006763 
2.1275949760027 4.5472986977914 4.68443521928287 
5.83385749123813 3.84917331480503 6.27093677709943 
5.99807159549729 3.74187005517532 6.29131264331799 
2.15675222646946 3.45784440889175 6.7141761145713 
2.15272271099517 3.6894645431771 6.65659496198324 
2.05115692937388 3.02219717762391 0.508012221223127 
2.45143458807679 3.2049033637475 0.269215276703605 
3.66754943633685 3.15322263612113 3.02460258144521 
4.04489228492115 2.92512866048862 2.30675436182314 
4.14601258693628 3.09512156197485 2.71426957361541 
0.126448198422333 2.82169652241264 2.88563396506576 
0.220638336068378 2.96328552308036 3.18064182993986 
2.19804641459512 3.08835120630443 1.46160854829584 
2.17081536935819 2.64584777508631 1.44761268253734 
3.38611775750996 2.96317369903019 2.79947368337904 
3.27595138204062 2.66837512496478 3.23764924804576 
6.91174349331115 5.76833565548971 3.86147046485183 
6.74248325390689 6.35186017301979 3.79613186692553 
3.47397403658514 6.05920983123344 5.84220364545957 
6.16610856611464 3.55533343669416 4.72202863645879 
6.56842016348527 3.54038633446822 4.95058145570571 
5.28318927517298 4.44076422578545 4.05484815488262 
5.33707123246441 5.50084186417848 2.80802657180563 
1.84553511837032 2.86764559757028 2.50554890429821 
2.30552923009708 6.65730863703406 5.8683860734253 
3.88886341440917 5.70387293845144 4.57991984627855 
3.53449539611945 6.19790403659059 4.79508058730672 
4.74283948422942 4.3641644013978 3.02057438042449 
1.9845874629988 4.41643774072946 0.252888832000648 
5.82584318346526 0.185951613116018 5.26719709624309 
4.53121527787276 4.24141073814717 3.97230729303222 
0.327216871161454 2.41482607926734 1.56933637360091 
0.324799032967113 2.08580118154121 1.78494018172655 
0.658367215833121 4.89179326276995 5.64947686974727 
0.522342267806674 5.10400585981494 5.39747466358289 
0.408073682264984 0.712868879460197 1.95009429976776 
5.21808655587658 4.58592250780546 4.61756137629879 
5.4292404291406 4.66693965521521 4.41143229639058 
5.71335842202536 2.93217910127429 1.70702005974698 
5.79710799151693 2.93208960393989 1.31265345564513 
3.13388776662164 6.34946412789005 4.53111639263562 
3.10186523720598 6.27954391793323 4.9598780844184 
5.3215172208879 0.473667491432578 5.62687576977957 
2.05864001540266 5.26092315429338 3.53058965474008 
0.501985013856959 5.91638988837103 2.06924786617329 
1.1758519893708 1.14538180895932 4.88612406496616 
1.41434398758552 0.921404420279091 4.56937448656051 
5.44655232944132 6.72789317498789 2.88935901179185 
0.674862824054995 0.511078132134687 2.38691869161538 
0.526249973394845 5.18241671351985 4.77973125630395 
3.17679428979736 6.66588264924905 1.29030087248079 
6.38238052050441 6.20003303650138 3.52161117331522 
6.02219477824491 6.08825108011225 0.249989874308003 
5.04008950148772 0.948694883357666 3.23355966234987 
4.98194063720252 0.853988205788289 2.82118313703013 
5.89080397356496 0.715580083481426 3.08726400393296 
5.503979778276 0.863941302189464 3.43505035802734 
2.88586058638441 3.98788147222762 2.87462807670621 
2.66973282370325 3.98178635377165 3.25766584983086 
3.56603483820281 5.77466588686458 3.39874475543846 
3.73380938011894 5.87625066861519 3.66736037753113 
2.35312751752835 0.690619409519599 3.21699182274772 
2.33682958118611 0.455824283221031 2.80162838604618 
0.231404685072499 3.12067425660211 2.51297792294374 
0.32637827246335 0.480723289760517 4.30828673930889 
0.510188829200988 0.695922525541872 4.93019949340707 
0.210395130559446 3.87588592495351 4.0799101802885 
2.07332713091929 0.611290047995487 3.3972528236234 
4.88508004022575 5.57478664522755 2.60993716193226 
0.543813966256109 2.2985496898324 1.21116658098737 
0.61110739651828 2.05475395900021 1.23628437143772 
1.993332391646 1.75993750333675 6.13593811116174 
1.97948815702505 1.51354059067719 6.2900478934501 
4.60829975122678 0.706594303309555 3.34602255389241 
4.5061132574825 0.623561897826313 3.14583793299728 
0.254694176943828 4.43732141146152 6.28594494371734 
0.404604122629361 5.24402623808268 5.63625699935979 
0.515276095003872 5.06773106237572 5.84209855110879 
0.961229018035714 3.85486609958905 0.525784978001146 
1.39897949776045 3.75316227595649 0.51685521240976 
4.64825336413611 5.23521674557909 6.10939211693364 
0.733654282493169 2.50166823026932 4.82950289688065 
4.96532097322228 6.12457889973281 4.95984481774728 
2.59205278095745 4.36178688057399 3.2595593820396 
2.80511187076354 4.42107905778198 2.87881316968183 
1.552012399379 5.78212010484067 1.56578579220889 
1.71082224080008 5.48267813835686 1.98054755629352 
2.54859515313087 5.40128186762936 4.3261499796103 
2.81323347595627 5.34501125308305 3.91204278136435 
1.12973878283567 2.87054655054347 5.90495925589236 
5.42672050519082 6.30986662814735 6.14598332584559 
4.3615991993584 5.64258779394089 5.62066399233565 
4.73951048912053 5.48289905109918 5.89984883848334 
6.10229995931817 3.93225768958375 6.30841320203767 
5.92140306993199 4.00771376267665 6.28880875062271 
6.749427599 2.74171146787607 2.97928262524374 
6.8593854282468 2.9157633875593 3.31625427211377 
3.13537096703831 5.7404821393577 5.2724369327358 
3.26889275020119 6.87408378902356 1.4606097305875 
3.61750597082045 6.79390928333526 1.69255037585805 
0.166041152524606 4.72414881341862 6.29997553310439 
6.80236868945899 4.75285981405402 6.26013338643034 
0.478984153438162 4.91144009799521 4.16432843213468 
5.53601806299353 1.20356506072769 3.56705039045728 
6.93015881973415 5.69605991933921 4.61178281683497 
6.92186326279993 5.55860715431171 4.17104388604954 
6.09712228501764 6.01556344247838 6.85393558829226 
6.20591610353934 6.49206926484253 6.67806820489762 
3.3744908939116 4.62813033219933 0.459182093787768 
0.372147905230277 5.51081544667285 4.55633745034898 
0.314769563008994 5.43161497145641 4.22271406127161 
6.09681877865995 1.44891566533323 2.47404836266984 
4.64385199874264 0.389058168026973 3.5451324604983 
5.73796305080492 6.81318127949237 3.51463393262009 
5.80504161312477 6.83157539443635 3.0451629023544 
3.85846974234502 6.22515136927851 1.49135376625957 
3.55320957734056 6.12414730017891 1.27036484913674 
4.76575150524169 4.65574731166574 3.48077469619314 
4.43098971042779 5.02580278553654 3.45690580446307 
5.001716659748 6.00681167128899 6.37748237082778 
5.39284929117481 6.03005457678194 6.23361366757379 
2.4170888631004 0.433702152086317 4.23584200826249 
2.28033186062713 1.1947967040044 4.58781106912983 
2.7124072809244 0.79765068253344 4.42487446956878 
1.44127808045085 5.84389830385345 3.87815598386248 
1.59403939452458 6.11701388394486 3.5757268882188 
3.65132581252758 4.67121539549513 3.85610557877751 
3.7386011038856 4.28613018602453 4.00607094344765 
0.61606341050816 6.32704218287839 4.86771303840325 
2.41609692875689 5.13345049210139 3.85684257101635 
2.30491575330767 5.25403134382795 4.24892275573168 
0.756981255196213 3.51316106167208 5.31173642859609 
1.21566987590358 0.959647901215075 5.76534443744128 
1.06827831637648 4.76199289311163 4.37169332356541 
0.604704369167013 4.8291505552606 4.46022706806792 
0.864904983515563 5.17568487988951 3.36492598307515 
0.528289561513813 4.76219039393503 3.12383690837645 
6.08807257100667 6.61145317680453 0.35920186499844 
2.90536789820081 4.60959675628069 0.698083570344027 
3.29527224681602 4.48044228552835 0.539234852485912 
0.71209967308206 6.42527661497169 5.17575887182559 
2.77754160124044 2.28180260967728 1.30493319456486 
3.09612323838342 2.67615937865214 1.33648483244965 
1.47113820125376 5.971506494787 4.16892336273534 
4.7001972023447 0.332023008616289 4.32422955004225 
4.42914683155518 0.398023771749638 3.96832276288717 
1.39221908135984 6.81035122666031 1.68686612740377 
0.93971433566911 6.59565223550004 1.68314045796468 
3.18087963022531 4.87382459918039 0.494280829734203 
2.88645367077272 4.75973930448124 0.669618403299557 
4.47781288790014 6.01203919239779 5.06622203379936 
4.48178692461921 5.64433835705838 5.1666773977639 
1.04959668277612 6.277621700576 1.45136123103225 
1.47678716577399 6.44703758564115 1.42071843071125 
1.61549312079871 5.80231730896963 4.36039785842889 
1.91969617960028 6.03864336866008 4.49045653396891 
3.6490348087108 3.0328520096591 3.32179542567494 
3.3733865895733 2.73366068327417 3.3953484460827 
1.08197680290061 3.25130072257389 5.28997291356178 
1.36843724914989 3.51116272931021 4.96306897058237 
4.03397790094632 1.08302001198343 3.90034891165569 
2.4816565320186 2.51435657082559 1.57230931555429 
2.74645777772642 2.85559728361621 1.62746689537451 
0.133224964055588 1.33039387615737 5.83448243985958 
0.370939014102264 1.26629445929406 6.0793610541213 
1.00428231734408 3.21552748341705 0.942143200110033 
6.8136195829925 6.16838707566758 6.22644229291764 
6.66601144196809 6.49778758459336 6.30370483067894 
0.954371254720002 2.78902125395179 0.792427543783912 
0.938390387138254 2.55712882148669 1.15869361488618 
3.03442092675886 0.540300169450287 4.78709153532431 
0.13563340786223 1.12840050183245 5.79864269086465 
0.349874851013978 1.05286300645999 6.0069888989077 
3.53425019324299 6.17693690047347 2.54315342818122 
3.38713746084349 5.21455028066421 5.064252716864 
3.47305562930223 5.07373370257203 5.28694080852529 
4.3721428107311 6.1289162630184 3.6631772831881 
4.53566892980076 6.04223805351863 3.95270907770124 
5.15946648464759 4.36023298279855 2.87958431034454 
5.28533736419674 4.01318823491833 2.86483190048156 
3.97631475194473 5.31683367632836 5.76011504090328 
4.15323923970641 5.08845256662441 6.05348840056049 
4.15748470528191 4.4479353233266 4.15760208951541 
4.03868030765262 4.83657125276599 3.98575066338305 
5.96752289955577 1.38259012761519 5.59586717769077 
6.2104991598092 1.36732190333508 5.84726488693608 
5.39643536198504 2.70073750546944 6.50562239232965 
5.1664667061107 2.89661838659448 6.64347116910959 
6.04642415237845 1.40686632591179 5.99225821072354 
5.82932313419235 1.41687487482337 5.79101296601915 
1.20962945632918 1.23435003068956 5.97398903893173 
1.42294353632484 1.13057765870249 6.19860304430424 
3.20659749969957 5.74630264108863 5.75801980840348 
3.34822391252926 5.47750841588397 5.85634687211044 
1.36779270796828 0.79207297959541 5.83635817618579 
1.50188165051704 0.84744257714773 6.09172112383863 
1.67108342319798 1.31357486241881 4.00397812151645 
6.63548072238451 4.17615384095839 6.17763743401235 
3.51236343616121 0.719880458753814 4.95319801714036 
3.34358585329611 0.601589499777623 4.69309987710792 
1.37179302776128 1.76159608445703 4.12982381780473 
1.72476303858428 1.51144204605963 4.00299407617115 
1.23249530528256 6.09454632209593 2.77525553801972 
6.78082874314553 2.65618799422333 5.89715627799079 
6.909334403261 2.45584688367195 5.57478543024646 
6.75143327977949 4.79378304453966 2.10474528837849 
4.33501993671513 1.12636377111158 3.59094302901193 
4.22624274849453 1.04775175299365 3.89883255048111 
2.11023091470866 2.68674035835639 2.61784200950905 
2.15908806153612 2.3444658826245 3.11868053273892 
2.13622544135946 2.35945519487373 2.33435664411152 
2.18253648654084 1.98950215635514 2.63935742219696 
6.69908527550412 2.69557658260815 5.37907741059341 
6.61519614889877 2.85608033427858 5.70626033289558 
1.96032489626788 5.5966992891273 2.09705064525319 
3.08296888192241 1.73266777316315 4.3116229666796 
6.72284180860913 3.05431107077468 1.02300700803667 
1.90905393125491 6.16078464561352 4.42085144737605 
1.58996477136042 6.1747182132315 4.16162873735231 
1.60290346397095 1.08698710246648 2.15454422826376 
1.59575535062964 1.4841347450519 2.57636975098674 
2.45190711999571 1.77690869148202 3.77151632618939 
2.71852565343237 1.6026466823768 3.70557338650321 
3.747430860326 2.02743998191705 2.3629866293945 
4.89159482783083 5.14136012623279 4.81600883373805 
1.2251771399495 1.59952406094831 4.16313878157718 
1.40987855695807 1.28625956251236 4.07715349219081 
1.11987017360007 5.89140783293995 2.70796153754914 
0.777330538568879 5.86339224618944 3.03169761464429 
5.31562611076522 5.59162186436311 4.82331661708224 
5.13377647908706 5.25496243829048 4.58554445689939 
5.12792631642719 6.53163512725476 5.35377318573829 
2.89628738286391 6.26700360946062 3.14641893787196 
3.38113408286836 6.20951984097715 3.15326902693329 
2.38891734017751 5.39770440659664 2.02077346334259 
2.62903290231751 5.84064259431453 1.6877287171056 
5.89709579273626 1.09579967993176 5.22306370805169 
6.22947314111192 0.698683006449905 5.08117661715201 
4.77903254232465 6.63781005584436 5.61381824427061 
4.06744810799167 1.8356082874882 2.57667581063182 
4.3071774999835 1.92898408935588 2.47009695742496 
3.20865082845547 2.40681159998071 4.34809495435983 
2.99025013082862 1.88601442821348 4.44437828617963 
5.680590639974 2.18221907173191 3.292988689534 
6.60253766200403 2.40335844122459 2.96081438091194 
4.26150576233682 5.66694889005866 3.91396834311387 
4.16209779400764 5.79475004298596 3.6517235186549 
4.04354733302344 4.96038891797027 1.75140859095406 
4.356650341035 4.8893751650637 1.87136606665918 
0.223586242951551 2.41548877345981 4.04378399154847 
1.31825962783819 1.4066074051719 1.75089631856423 
0.668843144390016 2.59558385169267 3.8693759654574 
0.734801427847441 2.79037938261797 4.17219838141539 
4.74065166566253 2.23656306176719 3.78976909077336 
4.980881167125 5.4147102593583 5.0851838534218 
5.23574407763995 5.63259748102454 4.98276659695117 
5.8782964235696 0.473311552225231 5.03993716328359 
5.6047226592135 0.830645066851567 5.16926204458002 
6.20091026153831 0.719396718789662 6.41881207383574 
4.24988893903256 2.17837631021427 2.1968971799637 
3.92254779139679 2.2416954787365 2.15171284395929 
6.48326739738739 1.89445514480743 4.74935341850113 
2.77036995311292 1.58517550085332 4.14885921814994 
2.53830087510476 1.73467282171958 4.22929136559317 
6.16256835046318 3.61493890127649 1.49970324978915 
6.10151899965898 3.2914167611173 1.14452831123049 
1.47080675199989 2.88165889543498 2.71276415125909 
1.39477105140771 2.69177520689998 3.21677018483528 
0.520912519677111 0.826447616637078 1.75215304495132 
0.512414393422564 0.672031576934759 1.31090276798531 
6.23120554179789 1.61414052834216 4.63175868903724 
6.43788184416658 1.39902977308456 4.55810981595319 
0.863288170903298 0.81781883022491 1.69381072456423 
0.791997846450044 0.667693058387732 1.31772428790045 
3.59233259333621 2.61034634434433 0.614580893413145 
3.24215777775344 2.76015646207012 0.757650564873126 
4.33474931944805 4.57171655554831 1.78581712305407 
4.05241912879661 4.60441873513354 1.67649348061992 
1.26553113045686 5.10490793783385 3.72427134889225 
1.08022178828378 4.79330259861086 3.93293275052252 
3.07035873630288 3.01655661094874 2.37608004721426 
3.09965585814476 3.09805369687697 2.2298357302958 
2.24457107352625 4.44253663328278 0.228439069666749 
5.57061338494716 0.438141221323375 3.80045658567136 
0.447332922793652 4.61553019905882 3.24251366228932 
0.566688882982256 4.59383032147949 3.65764609159632 
6.33608641599811 5.90186906421427 3.01050850509589 
2.58583649764743 6.25498227989753 6.16317988556894 
3.27904393030248 2.87536828727506 0.98617587581803 
0.909399771904376 5.17595062352184 3.59267520626232 
0.78208838882012 4.85755289284282 3.82946470109224 
2.38154416712841 5.94504901823152 6.4057624131817 
2.43287354446676 6.17925955315113 6.41121979504167 
1.59631359083984 1.85900699913273 5.82030553932599 
1.27795486342882 1.60449731290473 5.75913420175459 
5.04765668162131 0.201903493469712 4.24965546797025 
5.17471859582834 0.190252333638008 3.82033460885465 
6.79203681884341 5.4010702312717 3.04197581062415 
6.57083026768088 5.70568413786251 2.80785141377428 
5.08820792550486 1.06290090565998 0.852730539206682 
5.29639821754256 0.740021696156313 0.743934107181518 
1.27227973532094 3.17507671426011 3.2459424581191 
1.33885551140975 3.26001390881076 2.83291203012339 
5.21699469076478 1.0492807728872 1.16419181538312 
5.42029129814274 0.73010856917869 1.0316497853062 
1.72414044336373 1.87003102880804 5.36987474913836 
1.38661809223539 1.58508768088442 5.32639968806341 
0.829690189951516 6.08455254878556 3.225402611888 
1.07327490393438 6.22269910636379 3.15799469056114 
2.53661761340422 4.29382373661522 0.481449577875601 
2.68843907065194 4.05312893684079 0.251150327684762 
0.720043447416845 4.19375414075539 3.52349470293168 
0.575383941378149 4.28229132823694 3.14597677053189 
5.20654627630668 2.39176440015635 4.27426144812088 
5.6809076415186 2.45354792499282 4.02319077710753 
6.53421049752374 0.152241742578643 5.82637261419075 
5.99896192887796 1.4520286661309 3.97080706495587 
5.44401381747742 2.51868306181063 3.65180755121522 
5.00211879784069 2.48409460039134 3.86174054228305 
6.3790590059723 1.23072710190707 4.15522252309094 
6.68984915960827 1.26406005165503 3.86663486120723 
4.80444319583054 4.14870981187586 4.22057644858703 
4.78163499298065 4.16897554191774 4.32608081457686 
1.5183155019822 0.359946717104615 3.15847669048924 
4.63528415425491 2.24211692276959 1.21621695565063 
5.74807934120946 4.53100386000578 2.11841349852144 
1.73499775940875 4.77937900983379 1.44551023651987 
2.66131320896243 5.82489777438087 5.91909974168344 
2.56090916969209 5.70173887262251 6.02621060551018 
6.60234316389524 0.606107212350045 6.09300422439075 
4.55029189961378 1.76629998078144 0.458461154777805 
4.87731649445968 2.11696204492545 0.919478732509677 
5.19277192164656 2.82318271188903 2.65979523066976 
2.13155915502767 6.09611043676908 1.16069562704789 
1.80751696142451 6.06425737437 1.5171819926077 
6.35342785520024 4.52976746665264 2.34634592782373 
1.67353772916586 4.64236580424744 0.556040865419285 
1.84120354877089 5.01055202657424 0.8425141315733 
1.95533904259375 0.179701614211032 2.85586011873567 
1.81354509579638 0.291483592356393 3.21048587797586 
4.73006547168689 3.40765430559797 2.79875094389764 
4.80121735671219 3.02342140901897 2.93550214889891 
2.0827538232387 6.03685944279381 1.84232696338369 
2.49120853914841 6.01679205748604 1.65310260467539 
1.46928634622041 6.82864531618587 2.28078568977989 
1.135339578789 6.68507455424314 2.38628501759658 
6.44862791776773 3.71205631685136 5.11787657591668 
6.6168505568885 4.21466513252895 5.23322061072609 
5.63564951849465 5.03255765718893 2.5779839830729 
5.48992150037204 4.88042496425294 2.36820833921002 
5.55378283485473 5.26463676199839 2.498754037593 
5.83946835930998 4.53721827040524 1.59795479378494 
6.55336352195826 1.5285967352892 2.39355875811946 
6.63825942472419 1.88775094235916 2.3475664112348 
6.9068359999701 2.01874463061394 2.73126641708235 
4.74913607194781 1.52078504997457 3.63293988417095 
0.242048750266677 2.78876136496017 4.43612645878608 
0.407527704345792 2.65908499185571 4.38035573368755 
0.201471777944922 2.45489097231636 4.23601426714209 
6.03868254674551 4.03868791421984 1.31127050850875 
5.71835207691725 4.25427579229451 1.4888088557252 
4.75871029630967 1.88007548963904 3.45162786200874 
6.52128380600984 3.53192561763772 5.65198435110448 
6.69008384983145 3.99394297079451 5.86290976228491 
5.093956844802 1.36800300549475 3.40354230831703 
5.24010825472114 3.91958379602772 5.45914826177225 
4.87163895788585 3.90904611777099 5.66050712950259 
5.02329622271985 3.70925963598469 5.85987325465972 
5.34082889862586 3.71916422307523 5.68844374608258 
6.72459289024479 3.64641799902661 1.70221530296001 
0.860896739898485 3.91906846640404 5.0721487354865 
1.15301718614459 3.9243800365058 4.91526731506323 
1.07811817795788 3.98877570713203 4.67692536109086 
0.69277033287292 4.01622362382026 4.78708192867108 
1.9483332337694 0.969883648804805 4.40698866082712 
2.11889683510197 0.522340692009062 4.22829822963839 
1.69955996437901 0.845454675027182 4.64300430217339 
1.62930481948263 5.34933956254419 0.835493686137676 
6.62054190568909 4.55198524224937 2.06163766296604 
3.98867553233741 1.65448794823234 0.831271508756027 
0.905485860120248 5.48128501753702 1.09256889517733 
1.45117685982661 5.38735075847996 1.21362275153697 
6.50987803493371 4.3045823766006 1.40056178314842 
6.43855196836388 4.54495580715975 1.55309873948489 
4.17198173098496 2.12160167122648 1.18518633687191 
4.05616813707109 1.82264410050806 0.777856291328342 
1.6918878552683 4.20047573174009 0.718535331114133 
1.58759669683388 4.33809807855455 0.773446134265891 
1.61137195011193 4.40322693828436 1.31795316850244 
4.09957392276772 1.9619557797503 1.439892186689 
3.97449315251166 1.61637443144407 1.29582812498936 
6.84532851318045 3.91213338075834 1.68115542091937 
6.92394571675116 4.08520085433186 2.08299905449614 
1.71823737950904 4.28049651625208 1.39171063004726 
1.87772629176207 4.0432422890851 1.03473795353357 
6.53603965436765 2.16777356216672 3.46947346819033 
6.06930605029149 2.03346896418096 3.61496049934267 
5.58681372767141 1.47526161716394 2.08795168054076 
5.07245891336429 1.2999798657577 1.76511620171064 
5.28941114434313 1.25680862617312 2.11479708942001 
0.411377869781511 4.53714198399687 6.83963480897838 
3.45035601867436 0.481037465997473 5.58078849691795 
6.23689564825645 1.92584054940575 1.1238513642519 
6.4046097853095 2.2676616498568 1.32733635833467 
5.54270250307189 1.89230089035164 3.15045787143091 
5.11022745878393 1.74083966074299 3.19738215848014 
6.0608215215405 2.3550401676012 1.39497011080276 
5.95556005000281 2.00766173155783 1.19331659697793 
1.45074144802241 3.87900639093661 2.54715653946349 
0.963466748664229 3.77929307591185 2.36141764937743 
6.79935594663788 4.70217211473219 0.459732517719003 
5.51056379089348 1.96845464100014 2.7097598217189 
5.05173740848235 1.79965052519625 2.80871943955796 
6.81487451414845 4.38638766727462 1.02711984431233 
6.64785144152867 4.29934672824635 0.574037948896044 
3.31386206730138 0.730921254237144 5.2440912937655 
3.0153701055439 0.628867475699682 5.1593383169348 
4.53601423643873 3.26328508923021 1.52090786663135 
1.21138812720958 3.63283382982903 4.28782968806836 
1.33481086617617 3.76220318620819 3.75830319329194 
1.45206939014002 3.7678214038171 4.037931671916 
4.81553739540654 2.81787958650596 1.52311439917799 
4.70655689004961 2.5662709101231 1.1627075489699 
0.867545795198621 3.5716169897459 3.78066456535342 
0.826307169202057 3.49327228644953 4.06701332345126 
6.08628383453996 1.59338729092135 3.63679659758992 
6.5092132281615 4.69545617615318 3.08358273565621 
6.12616928946665 1.20514545325243 3.08711300070953 
5.85870333905003 1.46547262848854 3.3939431119597 
6.79000095515882 5.08997228208824 2.94763716026925 
6.67195498666474 4.82356176249091 3.16747547765435 
4.00567211473321 3.35062186462652 1.32954377807066 
4.29086657798651 2.96727636955282 0.994682857457751 
4.29636823268901 3.31024005242264 1.21850070769686 
6.47401298258578 4.99056044705662 2.5463727490522 
6.34992000784252 4.85382923511878 2.60061441038431 
4.70724389528589 1.25694075093011 5.98502803004525 
5.10758254256974 2.74785648932634 0.260672064587005 
4.93330582334565 2.68863291772462 0.325783803958688 
3.86843317538731 2.71415711927944 1.02934567940786 
3.69720165684065 2.84039685426853 1.18337401025749 
4.4810924363216 1.14646107485561 5.75901890726748 
6.77426277267192 1.75252014941969 3.45637518916853 
3.35027547968127 1.41856443202422 6.61368958637414 
3.47509958206268 1.74992009253026 6.52234975690928 
4.61077974516617 1.69224884316693 6.11826176562862 
1.38351967675581 2.28840293849871 3.46583490512306 
1.71662157344787 1.92030912321453 3.36067603450729 
4.66159579327306 1.50828008477279 5.92906409934317 
6.51037434296846 1.20273464066491 3.18647299743098 
6.5415884587778 1.45352665829774 3.53313324251631 
6.80116763117544 1.38463167504974 2.78094396957202 
6.98079715794806 1.70367148386318 2.95112432157233 
2.0378155851633 2.32188317030871 3.2894931616344 
1.59872347855533 2.53734520271989 3.41471469738861 
6.04318243442964 0.368374426736924 4.26372412541667 
5.78843124827307 0.285921688154246 4.62977553452627 
1.21456838134553 0.526838479704336 2.43050259964636 
1.33418456671424 0.587796934837132 2.21061688071904 
1.53776205377692 0.373353453078328 2.19012111042392 
5.64791735981497 0.548510165479691 4.06784841781479 
5.4339737995724 0.480398923507356 4.34574967474017 
6.4564367080148 2.9854460716508 2.34396078045519 
6.226768876897 3.32337139380439 2.25824907396677 
4.4683548264594 1.41001470832971 5.26958470799943 
6.18549886393828 0.436807524369128 1.98527585894809 
6.36930927908081 0.594324960291231 1.82199984478047 
1.34112594426538 0.25101020112382 2.54265828300298 
1.49577284073744 0.195372368432229 2.43510492189208 
3.75535042966906 1.60058596370155 5.30946377443924 
4.12592360597699 1.52692490338764 5.07354177613087 
3.80029211157289 1.50468064309001 5.66858595514019 
4.42182917200731 1.33004798888019 5.69243062919263 
6.68522493456728 3.51024112706929 2.13833575285835 
5.31432204026476 2.57012051495175 6.17044637728566 
5.2746927529807 2.11470485155788 6.17246061418522 
4.86287962338765 1.94159661546494 5.95516964449068 
2.95302813176392 6.17037979228986 2.4834010468213 
2.75843845123078 6.2360009084601 2.9247654448928 
2.59390326324498 6.52832222172569 2.68525092897396 
2.7576129050214 6.46031514913657 2.34526538569324 
6.57391615861687 0.498088111272752 3.26784831824778 
6.70993023798731 0.720234651986085 3.27880385661916 
0.95795287257891 1.9061014798883 2.35706325439165 
0.768254053682925 1.69188266789493 1.93254878087473 
4.92724181877265 3.01370737373389 5.73533698644019 
4.51944358950096 2.71451884911456 5.33480892809661 
4.01937849752904 0.726330007477861 5.98131768386813 
4.91824735128712 2.76572754694699 6.04445121360518 
4.62223470049603 2.43317497329025 5.883691986034 
4.0729104370048 0.336415974930196 5.80911385039314 
1.31654954588187 1.83208273735224 2.18588861697548 
1.22843225734724 1.65100160307607 1.81623072997078 
4.39608744098362 3.77948288586555 3.70591616145023 
0.850082485687405 3.29535942802769 1.5686056102599 
0.792473115558303 2.98575678767136 1.73655060548317 
4.54136102439251 3.83086613904007 3.12077871007074 
4.80031680192957 3.61519922645872 3.03323841479637 
1.02925893739444 3.18970084595213 1.43100683390234 
1.01363997203122 2.92654546437324 1.53709684276828 
4.59583824929787 3.1839328460549 4.01551268123173 
4.70151998316063 3.4180059523395 3.89798932163815 
4.98357787381902 3.30201293550446 3.49184432661325 
4.97720712725373 3.04839714363245 3.42423189523184 
4.7426046199394 2.81860425673904 3.73307680280556 
0.0850925613149248 3.55980912395038 4.66333102034509 
0.316934639685164 3.8606208412532 4.58681050652096 
0.126029623958869 3.50495125438115 4.38168772584044 
0.304725970052738 3.71881699163472 4.29762138626026 
3.56469682746791 3.55457355255155 3.53508591170775 
3.27707968527584 3.62516521091401 3.78598902995108 
3.74184708264391 3.67238339031073 3.73097622549507 
3.55851596386351 3.7349932509086 3.94356697115121 
5.46769821790602 3.80580281371731 2.19067231063975 
5.72597974939308 3.44349094541326 2.16420407400028 
5.19539098425169 3.52948487558658 2.18845363558167 
5.37848070164922 3.2661607565325 2.16613678504837 
3.27565141784243 0.573298746597735 3.50548401227864 
3.26486716613305 0.307531171671884 3.35412417323177 
2.90826593285276 0.116395135759043 5.94981502063761 
3.14424983493064 0.15500995434929 5.6464201005943 
2.86621546112734 0.184137182305076 5.40367975565455 
3.49436826330437 0.906098461794482 3.19984114089402 
2.56994880605607 1.3190224615553 2.34138093316694 
2.65855881678935 1.71002771529228 2.37657788760697 
2.9466055400443 1.33093031868323 2.52249267296026 
2.93796666451281 1.66004039318158 2.50558518310607 
3.66131061394264 2.40313406744005 3.5436224733818 
6.60287200008046 4.79948621010556 1.41679578330992 
5.39771504237958 1.54504888811388 1.39059804597972 
5.63465270804985 1.6055383188799 1.49265029507028 
3.61966546075715 2.23350619395471 3.98978817787828 
3.55251179911919 1.90462005630952 3.958487843799 
5.29418365196524 1.59881317923108 1.58662893835647 
5.51493426996694 1.65969905750178 1.70744939452804 
6.57846419237534 5.23690956453061 0.625267045792426 
6.62810974682405 5.22764835919943 0.674821762059394 
6.41675685550662 5.14101943601161 1.26635520514787 
4.04848653903856 1.896316784049 3.08823956451382 
1.40510607730231 2.35315090059453 6.1178577218038 
1.42145394636862 2.68827112176539 6.00076324044142 
1.56431505933035 2.41217022875412 6.32618485950809 
1.582655324334 2.71562347413444 6.23329032901262 
0.478651590047321 4.86268130017354 0.642325005859572 
0.48057148594045 4.6308859527253 1.06789713934358 
3.48981009075975 0.841024597043802 2.44438319700112 
3.40402030469729 0.420618921798425 2.51464015147687 
3.61478724961369 2.09846118907717 3.31949252059078 
3.52975363844695 1.83967826829751 3.48303568173233 
2.23650928593949 0.760728552094541 5.60086239591309 
6.88183534997776 4.79988264342941 0.628193778979082 
6.88774654586963 4.57375370655014 1.0305034565292 
2.15835975034088 0.832890664050113 6.0127417374204 
2.27028514513661 0.586422748784028 6.18809999261333 
3.62704425810649 0.789151222147208 2.98317178773678 
3.54029488496765 0.407385867899346 2.98772463166813 
1.11001855489892 5.51806315642769 0.537785374682268 
0.841480291924597 5.55634186776613 0.827801635556515 
0.660636152453199 5.38302326545711 0.590097604426918 
0.924195541636397 5.36901392732906 0.365133784241786 
2.57604100162475 0.174668871376103 5.55009633569479 
2.57607742846413 0.11961951867499 5.81582619608196 
4.00569864146602 1.24593308677935 3.36074643571737 
3.90484671724826 1.24228981994899 3.42704719933552 
4.21923207023344 2.38093352579322 6.11780775769701 
3.73543769064581 2.42480175886583 5.82315663928751 
2.63718788486646 1.47894322634844 5.85511227916547 
5.90491979573241 5.60530138809717 0.825484954718433 
2.5828384515977 1.6921922854666 5.27995872546334 
2.697324684888 1.3745745255052 5.47268431752199 
6.10090850825482 5.16698334440145 1.23777146328677 
6.07408793476924 5.24276337606496 0.860994225725128 
4.13772839682934 1.95559126480458 6.22911949493621 
3.76549393198209 1.90577733065597 6.01862869727381 
5.43589452456942 5.23488675553104 1.8341627809612 
5.39077340675915 5.14366662161903 2.2709658666594 
2.78193343395534 2.44634883061307 5.55324942478475 
2.75557192788345 2.25958497887483 6.01044045233706 
5.75691430989871 5.79297614483795 1.4335760570087 
5.83926158404893 5.60628461875595 1.59567506570231 
2.4825678629675 1.85184592601188 5.42176695248222 
2.49671211129027 1.77028058323008 5.82612978587805 
4.90339579530369 5.36181659650481 1.78368255200858 
4.91111747230709 5.27295798622975 2.20763544760692 
6.37785296485669 6.45656276551683 0.974644252442533 
6.24929103769031 6.72735299385953 0.883792337201326 
6.27490878587871 6.63885107969955 0.534057580196112 
6.42468504036728 6.34853086578272 0.69757486377743 
5.01619683974956 6.26598080488807 3.31431747870046 
5.18635923299558 6.17643149714012 3.80616151757629 
0.608594607165981 4.54722374787249 6.90371277610405 
0.770098767238871 4.67423694990219 0.333544946613945 
5.32589006501311 6.72233763816293 3.57485478850752 
5.14707166412117 6.6491783177932 3.26194133199442 
0.996447749130935 4.89991973498794 6.91645845330795 
1.00810299723417 4.89732726560918 0.226075136735699 
6.33237166607478 5.82911113664033 3.48256157042769 
6.53606249801968 5.61170687159115 3.5791348730353 
6.09405055433475 5.71896473696277 3.64825562678941 
6.34023931068892 5.42508159126984 3.78241841707056 
4.5776677595739 6.28016090175966 6.12202302134596 
4.79514495830828 6.60619993352477 5.93841806921978 
5.15218214837189 6.43929963040184 6.23563191510875 
4.93954650948415 6.13937166229459 6.39051662002778 
0.635934478015609 4.57563430106206 2.27488631966416 
0.564444454060144 4.20277824333703 2.18829754375831 
0.690171408750877 4.03648846284125 2.47056942114041 
4.36009166716923 0.855579669705794 6.62948378173322 
4.08359236479234 0.664193484635625 6.43150438890637 
1.42880381897445 4.15578426928108 2.7542160097158 
1.42136469317804 4.7324876013903 2.59380878564453 
1.64291885112585 4.49780204480307 2.62468114894845 
0.848307246410597 4.48854875586361 2.69594367914749 
0.857412876359744 4.30789748690262 2.74611491376687 
POLYGONS 1635 10016
5 3 2 5 1275 511 
4 4 3 511 1126 
5 876 1127 0 1141 1142 
6 1126 1127 876 1198 1275 511 
5 1 569 1188 1030 1029 
5 5 569 1 1198 1275 
5 1 1029 1142 876 1198 
5 628 1003 1030 1188 1189 
4 849 850 628 1189 
6 2 5 569 1188 1189 849 
6 3 2 849 850 587 4 
5 4 587 0 1127 1126 
6 0 587 850 628 1003 1141 
5 842 843 1294 944 1046 
6 944 1032 1429 1428 1293 1294 
6 8 1156 1528 1550 1583 1582 
6 7 6 1006 1212 1528 1156 
5 6 1006 1087 1567 1566 
6 10 9 1643 1641 1190 602 
5 11 622 1249 1250 765 
5 11 12 575 871 622 
5 764 765 1250 990 591 
5 14 13 764 591 483 
5 13 12 11 765 764 
6 13 12 575 1060 1059 14 
5 24 19 21 17 1002 
5 23 20 611 612 980 
5 17 16 22 18 21 
5 21 18 23 20 19 
6 25 556 1102 1103 645 1047 
6 24 19 20 611 27 15 
5 26 556 1102 1195 894 
5 34 33 28 468 692 
6 30 35 36 34 692 693 
5 33 28 32 29 31 
4 35 36 760 37 
6 33 31 759 760 36 34 
6 634 1035 1109 1036 1518 1522 
5 579 1110 1063 1442 1441 
5 579 1037 997 1616 1441 
6 983 984 1617 1616 997 38 
5 984 1092 761 1433 1617 
5 1063 1064 761 1433 1442 
5 38 997 1037 1036 1518 
4 38 983 1522 1518 
5 634 1035 1064 761 1092 
5 983 984 1092 634 1522 
5 39 40 1360 1035 634 
5 39 40 1490 1485 1425 
5 39 634 1522 1523 1425 
5 1360 1361 44 1490 40 
5 1035 1109 801 1361 1360 
5 1425 1485 1540 1533 1523 
5 43 42 41 1541 1532 
6 41 44 1490 1485 1540 1541 
5 43 1036 1518 1534 1532 
5 42 41 44 1361 801 
5 43 42 801 1109 1036 
6 47 923 1286 1285 1337 1338 
6 1337 1338 663 1372 1371 46 
4 46 790 1285 1337 
6 604 605 45 790 1285 1286 
5 46 790 45 1362 1371 
5 528 949 1127 876 1033 
5 48 528 949 950 1251 
5 50 1276 1294 843 1281 
6 48 49 688 1119 1033 528 
5 49 688 843 1281 1192 
5 50 704 1252 1192 1281 
5 48 49 1192 1252 1251 
5 511 704 50 1276 1275 
5 533 534 878 877 672 
5 867 868 538 877 878 
5 675 781 534 878 867 
5 52 54 51 702 703 
5 51 53 675 781 702 
6 54 51 53 59 58 56 
5 58 59 868 538 1260 
6 57 52 703 533 672 639 
5 57 52 54 56 55 
5 59 53 675 867 868 
4 57 55 1259 639 
5 56 58 1260 1259 55 
5 533 534 781 702 703 
5 851 1523 1533 60 1539 
6 1277 1278 481 1690 1689 798 
4 481 482 661 1278 
5 819 820 798 1277 61 
6 65 63 834 1404 1400 550 
5 64 62 1431 1486 1480 
5 62 933 467 1432 1431 
5 64 62 933 1400 550 
6 39 1425 1432 467 1630 1634 
5 834 1404 1630 1634 1499 
5 39 40 879 1499 1634 
6 65 63 879 40 1490 1491 
4 63 834 1499 879 
5 64 550 65 1491 1480 
5 68 67 69 852 930 
5 66 67 68 1267 780 
5 70 66 67 69 1202 
5 484 535 705 1201 1178 
4 72 73 1136 1369 
5 73 712 71 1149 1136 
6 72 1369 1373 1351 1593 1585 
6 1136 1149 1558 1559 1373 1369 
5 74 1008 1321 1592 1584 
7 72 73 712 711 74 1584 1585 
5 74 711 75 1007 1008 
4 1320 1351 1373 1559 
4 75 71 712 711 
5 75 71 1149 1558 1007 
6 1007 1008 1321 1320 1559 1558 
5 77 6 1566 858 739 
5 857 858 1566 1567 76 
6 478 1052 1631 1630 1404 1405 
5 76 478 1405 940 857 
6 738 739 77 1500 1499 834 
5 738 834 1404 1405 940 
5 77 6 1006 1498 1500 
6 1006 1087 1052 1631 1635 1498 
5 76 478 1052 1087 1567 
5 738 739 858 857 940 
5 81 80 79 1001 1000 
5 79 83 1668 1679 1001 
5 80 79 83 89 88 
6 81 80 88 78 87 85 
4 81 85 1683 1000 
6 1000 1001 1679 1680 1675 1683 
4 82 84 78 87 
6 82 86 1671 1672 90 84 
6 87 82 86 1675 1683 85 
5 89 83 1668 1672 90 
4 86 1671 1680 1675 
5 90 84 78 88 89 
6 72 633 766 951 1370 1369 
5 91 92 478 1052 1053 
4 93 94 1395 1291 
5 94 869 1640 1394 1395 
5 873 1172 1394 1640 1642 
5 767 1007 1558 1568 1424 
5 75 928 1024 767 1007 
5 96 97 95 928 1024 
6 99 103 98 1669 1681 1677 
6 100 782 1065 1343 98 1669 
6 53 675 1066 1031 1054 1055 
5 101 102 51 53 1055 
4 1031 1054 510 1342 
6 102 51 702 104 1681 1677 
6 99 101 1055 1054 510 103 
4 101 102 1677 99 
5 104 100 782 781 702 
4 104 100 1669 1681 
5 103 98 1343 1342 510 
4 108 2 849 539 
5 109 108 539 106 1094 
5 111 112 110 105 571 
5 105 109 1094 957 571 
6 110 105 109 108 2 5 
5 569 570 1100 1231 1188 
6 106 539 849 1189 1230 1075 
5 107 957 1094 106 1075 
5 111 571 957 107 1101 
5 111 112 570 1100 1101 
6 107 1075 1230 1231 1100 1101 
5 110 5 569 570 112 
5 1297 1327 1147 1477 1475 
6 533 534 1301 1326 1084 113 
5 941 1223 1475 1297 1302 
5 113 533 703 1406 1407 
5 114 115 1477 1147 1146 
5 100 782 941 1223 1039 
5 113 1084 1146 114 1407 
7 104 100 1039 115 114 1407 1406 
4 702 703 1406 104 
5 115 1039 1223 1475 1477 
6 781 782 941 1302 1301 534 
4 120 734 116 1106 
6 116 117 1266 1269 821 734 
5 118 117 116 1106 1085 
5 118 117 1266 1599 679 
5 118 679 963 1113 1085 
5 121 964 1600 1270 981 
5 963 964 121 1114 1113 
5 119 120 734 821 822 
5 119 822 981 121 1114 
6 119 120 1106 1085 1113 1114 
5 14 123 126 122 1059 
6 123 124 788 809 125 126 
4 14 123 124 483 
6 129 127 1666 1665 128 683 
5 727 728 1674 1666 127 
5 728 1545 130 1673 1674 
6 129 127 727 601 1044 1045 
6 131 99 1677 1678 727 127 
5 99 101 665 664 131 
5 127 131 664 690 129 
5 689 690 129 1045 992 
5 135 134 1050 800 1009 
5 134 607 689 992 1050 
5 132 601 727 1678 1010 
4 132 133 1044 601 
5 132 133 800 1009 1010 
6 133 800 1050 992 1045 1044 
6 135 134 607 665 101 102 
6 135 102 1677 1678 1010 1009 
4 136 769 676 1034 
6 0 587 1161 136 769 700 
5 136 1034 1334 1160 1161 
6 978 979 1333 1334 1160 474 
4 0 700 731 1141 
6 875 908 979 978 628 1003 
7 676 698 909 874 731 700 769 
5 908 909 698 1333 979 
5 587 850 474 1160 1161 
4 628 850 474 978 
4 137 529 138 1591 
5 48 49 1701 1702 1339 
5 142 140 1160 1334 1274 
6 614 615 474 978 1018 562 
4 979 1017 1579 1333 
5 139 141 142 1274 1578 
5 139 141 807 614 562 
5 474 615 808 140 1160 
6 139 562 1018 1017 1579 1578 
5 142 140 808 807 141 
5 1183 1251 48 1339 1332 
6 482 588 1183 1251 950 661 
5 143 144 659 529 137 
5 146 650 130 1673 1546 
5 1287 1288 145 1589 1575 
5 128 145 1589 1590 1665 
5 3 511 704 593 541 
6 661 950 1126 4 1346 1278 
5 4 3 541 898 1346 
6 541 593 1325 1331 906 898 
6 898 906 926 481 1278 1346 
5 147 583 1494 921 920 
5 148 147 920 936 685 
4 149 150 1049 686 
6 685 686 1049 1113 963 148 
5 150 1049 1113 1085 1086 
5 149 150 1086 1074 151 
5 1085 1086 1074 1495 118 
6 921 937 151 1074 1495 1494 
6 149 151 937 936 685 686 
5 583 679 118 1495 1494 
5 148 147 583 679 963 
6 152 754 908 875 1318 1319 
4 1069 1099 1476 1222 
5 153 576 1319 1318 706 
5 65 63 743 996 839 
5 154 748 839 65 1491 
5 44 155 154 1491 1490 
5 155 154 748 519 499 
6 499 519 747 812 1340 1324 
5 879 880 1341 1360 40 
5 812 813 880 1341 1340 
5 63 743 813 880 879 
5 44 155 499 1324 1361 
5 156 162 160 161 159 
6 156 158 168 112 110 162 
5 159 156 158 806 993 
5 157 163 111 112 168 
5 157 164 165 169 163 
6 168 157 164 1051 806 158 
5 161 159 993 992 689 
6 160 161 689 607 166 167 
6 165 169 572 166 607 134 
5 162 160 167 105 110 
5 163 111 571 572 169 
5 165 134 1050 1051 164 
5 167 166 572 571 105 
6 170 139 562 177 1335 1336 
5 13 12 836 170 1336 
5 172 174 1335 177 635 
5 174 764 13 1336 1335 
5 139 141 1080 836 170 
5 173 176 636 614 807 
5 171 173 807 141 1080 
5 11 12 836 1080 171 
5 177 562 614 636 635 
6 11 171 173 176 175 765 
5 175 176 636 635 172 
5 175 172 174 764 765 
5 180 178 1017 1579 1580 
5 178 754 908 979 1017 
5 179 840 1163 1162 1070 
5 177 182 844 1018 562 
6 180 183 934 846 1581 1580 
5 180 178 847 708 183 
5 184 846 934 1443 1444 
6 183 708 181 1315 1443 934 
5 178 847 844 1018 1017 
5 181 182 177 1335 1315 
5 181 182 844 847 708 
6 184 170 139 1578 1581 846 
4 184 170 1336 1444 
6 484 485 185 536 537 186 
5 186 187 861 535 484 
4 190 691 805 1624 
5 188 189 191 190 691 
5 192 725 1070 1162 804 
6 189 191 779 1646 1647 841 
6 840 841 1647 1656 1619 179 
5 191 190 1624 1626 779 
6 192 787 1626 1624 805 804 
6 787 1623 1655 1646 779 1626 
5 725 1070 179 1619 1618 
5 188 189 841 840 1163 
6 188 691 805 804 1162 1163 
5 192 725 1618 1623 787 
5 503 666 552 838 1359 
6 194 667 1290 1285 1337 1358 
6 552 838 1041 193 1130 1143 
6 923 1286 1289 503 1359 1430 
4 195 193 1041 1416 
5 47 195 1416 1430 923 
6 195 193 1130 1357 1338 47 
5 666 667 194 1143 552 
5 1130 1143 194 1358 1357 
5 196 623 696 697 802 
5 622 623 696 972 871 
5 197 881 910 842 1046 
5 622 623 196 1209 1249 
6 515 516 199 603 608 609 
5 200 10 602 603 608 
6 198 201 1176 1011 515 609 
5 202 205 883 629 896 
5 629 630 486 897 896 
4 204 644 1120 884 
5 629 630 204 884 883 
5 203 1025 1457 1608 1606 
5 486 630 204 644 1097 
7 883 884 1120 1121 1026 1023 205 
5 206 211 513 654 468 
4 206 468 28 488 
5 210 207 209 642 1151 
6 28 32 900 901 971 488 
4 208 210 1151 1199 
5 212 1204 1529 1526 1417 
5 212 1204 1157 1384 1561 
5 494 495 215 1556 213 
5 213 214 1384 1561 1556 
6 212 1417 1420 215 1556 1561 
5 658 1421 1551 1550 1583 
5 214 8 1156 1157 1384 
5 214 8 1582 494 213 
5 215 495 658 1421 1420 
5 211 513 736 1020 895 
7 216 656 817 818 737 736 1020 
5 190 621 817 656 691 
6 206 191 190 621 692 468 
4 655 693 818 737 
5 189 191 206 211 895 
5 216 188 189 895 1020 
4 216 188 691 656 
5 217 218 1255 1021 219 
4 223 218 217 531 
6 219 217 531 1150 1235 1234 
6 1021 1022 1379 1380 1234 219 
6 221 1040 1225 1022 1379 1390 
5 1021 1022 1225 1244 1255 
4 652 653 221 1040 
5 222 652 1040 1225 1244 
6 223 218 1255 1244 222 220 
6 221 653 1211 1203 1391 1390 
6 220 222 652 653 1211 1210 
5 223 220 1210 1150 531 
5 224 230 236 231 229 
7 224 227 228 674 226 233 230 
5 229 224 227 232 225 
5 229 225 234 235 231 
6 234 225 232 1355 1325 599 
6 226 674 1330 1331 732 733 
5 226 233 925 744 733 
5 232 227 228 1356 1355 
6 1137 1138 732 1331 1325 599 
5 235 234 599 1137 835 
4 228 674 1330 1356 
5 233 230 236 924 925 
6 236 231 235 835 903 924 
5 237 81 80 696 623 
5 11 171 237 623 622 
5 239 79 1001 966 730 
5 717 965 943 1081 1216 
7 237 81 1000 943 1081 1080 171 
5 238 239 730 729 240 
6 80 79 239 238 972 696 
6 240 238 972 871 575 565 
5 12 575 565 1217 836 
6 240 565 1217 1216 717 729 
5 239 715 756 735 730 
7 242 241 532 1118 1117 1206 1205 
4 220 222 243 1229 
5 524 525 244 1164 1111 
5 244 247 1132 1133 525 
4 245 618 1345 1196 
5 618 891 1454 1455 1345 
5 246 545 1454 891 892 
5 245 618 891 892 1563 
5 479 480 551 1417 212 
5 46 248 480 551 1371 
5 1371 1372 1420 1417 551 
5 479 480 248 547 865 
5 212 479 865 1562 1561 
4 215 663 1372 1420 
6 215 663 1338 1357 1557 1556 
5 46 248 547 1358 1337 
6 249 9 1643 1009 800 1104 
5 250 251 120 1106 1107 
6 254 1191 1703 1702 1339 1332 
5 254 252 255 253 1191 
6 716 794 256 1502 1621 1620 
5 793 794 256 1588 1709 
5 256 1502 138 1591 1588 
6 475 1280 1598 1441 1616 1614 
5 258 475 1280 1279 953 
5 472 954 826 1597 1128 
6 259 473 953 258 751 998 
5 257 259 473 472 954 
5 257 259 998 997 1037 
5 579 826 954 257 1037 
5 579 826 1597 1598 1441 
4 258 475 1614 751 
6 260 263 1472 1471 516 515 
6 260 261 262 962 961 263 
5 260 261 1134 1011 515 
6 217 262 261 1134 1135 531 
4 531 1135 959 1150 
5 961 962 219 1234 610 
4 217 262 962 219 
6 917 960 1012 516 1471 1474 
5 610 961 263 1472 1473 
6 1234 1235 917 1474 1473 610 
5 264 500 1112 1111 1164 
6 580 726 1112 1111 524 823 
4 726 958 500 1112 
5 264 687 833 244 1164 
6 264 500 958 1402 1403 687 
6 580 726 958 1402 1368 938 
5 244 525 1073 1071 833 
6 266 827 955 271 1227 1228 
5 270 1228 266 1612 1613 
5 269 827 266 1612 1610 
5 267 268 1185 1158 265 
5 267 268 540 271 955 
5 265 267 955 827 269 
5 1094 1095 1159 1184 106 
6 109 270 1613 1611 1095 1094 
6 539 540 268 1185 1184 106 
5 109 270 1228 1227 108 
5 539 540 271 1227 108 
7 265 269 1610 1611 1095 1159 1158 
6 612 723 273 1511 1515 980 
6 23 980 1515 1514 1483 1460 
5 273 1511 1651 1637 1636 
5 90 723 273 1636 1672 
6 86 1452 1484 1629 1638 1671 
5 1483 1484 1629 1652 1514 
5 82 84 611 20 272 
5 23 20 272 1461 1460 
5 82 272 1461 1452 86 
5 90 84 611 612 723 
6 278 640 684 274 1535 1306 
5 1398 1399 274 1535 1530 
5 280 275 720 277 1145 
6 276 277 720 719 279 281 
5 284 22 16 282 283 
7 288 542 286 1658 1657 788 809 
4 124 788 1657 1478 
4 286 514 1481 1658 
5 289 285 1434 1435 1254 
6 288 287 289 1254 1253 542 
7 123 124 1478 1482 1186 1435 1434 
5 286 514 617 1253 542 
5 126 125 287 289 285 
4 287 125 809 288 
4 126 285 1434 123 
4 934 935 1445 183 
6 216 188 1163 1439 1569 1560 
4 772 846 1581 956 
6 526 1481 1658 1659 1644 1645 
5 280 275 526 1481 514 
4 278 640 1638 1629 
5 291 711 74 1072 823 
7 74 1008 994 1548 1547 938 1072 
5 755 995 768 1297 1302 
6 767 768 995 994 1008 1007 
6 290 505 1301 1326 929 619 
5 290 505 1547 938 580 
5 290 580 823 291 619 
4 994 995 755 1548 
6 291 619 929 928 75 711 
6 68 292 252 255 1268 1267 
5 242 241 293 660 931 
5 68 292 660 931 930 
4 32 29 294 900 
5 793 794 512 1544 295 
5 506 716 794 512 864 
4 573 574 718 296 
5 296 718 1354 1462 1015 
6 296 573 1628 1648 1639 1015 
5 297 298 299 814 701 
6 300 297 701 905 1633 1632 
6 1307 1456 1462 1015 1639 1663 
6 300 297 298 1354 718 574 
5 298 299 1456 1462 1354 
5 299 814 1308 1307 1456 
5 573 574 300 1632 1628 
5 276 277 669 1328 1329 
6 669 670 301 1446 1303 1328 
4 669 670 1145 277 
6 520 1212 1528 1529 1505 1512 
5 302 968 1512 1505 1344 
5 1344 1497 1526 1529 1505 
6 302 618 1345 1496 1497 1344 
6 520 967 891 1454 1453 1212 
4 967 968 1512 520 
5 302 618 891 967 968 
4 304 281 276 1329 
6 303 845 1236 304 1329 1328 
4 305 303 1328 669 
5 305 303 845 1711 502 
6 501 502 305 669 277 720 
5 501 502 1711 1713 1705 
4 719 720 501 1705 
5 281 279 1237 1236 304 
5 279 719 1705 1713 1237 
5 306 182 181 303 845 
5 181 303 1328 1303 708 
6 306 845 1236 1390 1379 1083 
4 1022 1144 1083 1379 
4 304 221 1390 1236 
5 306 182 844 1144 1083 
5 304 221 1040 1408 1329 
5 307 577 1429 1032 632 
5 1 471 1428 1293 1198 
4 168 307 632 158 
6 168 112 570 578 577 307 
5 156 158 632 1032 944 
5 156 162 1276 1294 944 
5 1 471 578 570 569 
5 110 162 1276 1275 5 
6 196 546 1378 1348 237 623 
5 308 78 88 662 803 
5 80 88 662 697 696 
6 196 546 763 308 803 802 
5 87 78 308 763 762 
5 85 87 762 1377 1349 
5 237 81 85 1349 1348 
5 309 521 604 1286 1289 
6 65 550 695 694 1082 839 
5 310 497 311 859 860 
5 647 859 311 1685 1686 
6 19 21 915 983 38 913 
5 24 19 913 914 721 
4 17 625 1538 1002 
5 21 17 625 312 915 
6 312 851 1523 1522 983 915 
5 312 625 1538 1539 851 
6 60 721 24 1002 1538 1539 
5 60 721 914 1534 1533 
5 913 914 1534 1518 38 
5 314 316 315 627 1311 
5 315 121 964 982 627 
5 685 686 313 710 825 
5 709 710 313 1382 1381 
5 313 686 1049 1263 1382 
6 709 713 1309 1311 314 1381 
5 489 824 713 1309 1124 
6 148 489 1124 982 964 963 
5 315 121 1114 1262 316 
6 314 316 1262 1263 1382 1381 
5 148 489 824 825 685 
5 319 477 1181 1282 987 
4 319 318 317 477 
4 722 931 242 1205 
7 185 320 223 531 1135 1177 485 
5 223 220 1229 1241 320 
5 131 99 103 321 323 
4 323 131 127 1666 
5 322 641 728 1674 1572 
5 103 321 1570 548 98 
6 321 323 1666 1674 1572 1570 
5 322 668 548 1570 1572 
5 322 641 1667 1670 668 
5 98 548 668 1670 1669 
6 727 728 641 1667 1682 1678 
6 52 703 1406 1394 1640 1641 
6 1172 1394 1406 104 1681 1682 
6 52 54 135 1009 1643 1641 
5 873 1010 1678 1682 1172 
4 135 102 51 54 
6 757 758 792 1374 1373 1351 
5 216 656 1320 1559 1560 
5 757 817 656 1320 1351 
5 1437 1488 324 1692 1696 
5 1179 1180 1487 1488 324 
5 327 1129 1487 1488 1437 
6 491 568 1695 1691 198 609 
5 326 200 608 490 325 
6 1192 1193 1220 1704 1701 49 
5 118 117 1180 1487 1495 
5 1179 1180 117 1266 624 
5 324 469 828 1489 1488 
6 469 470 329 624 1179 324 
5 469 470 613 328 828 
5 328 592 1595 671 613 
6 583 592 328 828 1489 1494 
6 329 624 1266 1599 1595 671 
4 329 470 613 671 
5 312 331 467 1432 851 
5 330 331 312 625 586 
6 330 331 467 933 1090 332 
4 694 901 971 1082 
6 336 333 334 646 645 1103 
5 334 646 1287 1575 1067 
4 333 334 1067 338 
5 25 337 335 1468 556 
6 339 508 1469 1468 335 1586 
5 337 335 1586 1589 145 
5 336 508 1469 1102 1103 
5 339 338 333 336 508 
6 339 338 1067 1575 1589 1586 
5 25 337 145 1288 1047 
4 589 1564 1019 1615 
5 1492 1493 974 1574 1470 
5 1019 1365 1470 1574 1564 
7 1019 1365 1460 1461 751 1614 1615 
5 1365 1460 1483 1492 1470 
6 475 476 810 1436 1426 258 
6 476 589 1564 1574 974 810 
5 258 751 1461 1452 1426 
5 475 476 589 1615 1614 
5 810 974 1493 1479 1436 
6 186 340 261 1134 1178 484 
4 185 320 344 536 
4 343 340 186 537 
5 343 340 261 262 342 
5 342 262 217 218 341 
5 341 344 320 223 218 
6 342 341 344 536 537 343 
6 92 478 1405 1401 1091 680 
6 647 735 756 1238 1687 1686 
5 347 349 699 943 1081 
6 345 347 1081 1216 1200 346 
5 350 345 347 349 348 
4 699 752 965 943 
4 351 352 637 1061 
5 351 352 1256 1030 1029 
6 352 637 707 706 1318 1256 
5 875 1003 1030 1256 1318 
6 535 705 1501 1691 1695 861 
5 1659 1660 1696 1692 1644 
5 355 353 902 1077 1122 
5 355 1122 1422 1131 1218 
5 355 353 1279 1128 1218 
5 816 902 353 1279 1280 
5 354 631 1077 1122 1422 
5 600 631 354 1602 1603 
5 1131 1218 1128 1597 1594 
5 600 631 1077 902 816 
5 354 1422 1131 1594 1602 
4 357 595 637 707 
6 595 637 1061 1125 796 795 
5 1295 1296 1653 1650 356 
5 507 560 683 129 690 
6 161 159 197 881 882 854 
5 689 690 507 854 161 
5 362 799 866 361 1169 
6 361 866 1347 1346 898 899 
6 784 785 363 906 926 815 
6 360 784 815 1690 1689 837 
5 798 799 362 837 1689 
4 481 926 815 1690 
6 359 358 1123 1169 361 899 
5 363 359 899 898 906 
5 360 837 362 1169 1123 
4 363 359 358 785 
5 784 785 358 1123 360 
5 154 33 28 488 748 
5 34 364 365 621 692 
5 34 33 154 155 364 
6 155 364 365 367 366 499 
6 206 191 779 519 748 488 
4 366 367 1625 1627 
6 367 365 621 190 1624 1625 
6 366 499 519 779 1626 1627 
5 54 135 134 165 56 
7 165 56 55 603 608 490 164 
5 57 55 603 602 1190 
5 325 490 164 1051 1105 
5 249 326 325 1105 1104 
5 200 10 9 249 326 
4 57 52 1641 1190 
5 581 770 368 1611 1613 
6 573 574 638 1612 1610 1257 
6 368 557 1258 1257 1610 1611 
5 368 557 1031 1054 770 
6 557 1031 1342 1632 1628 1258 
5 300 574 638 582 830 
5 300 830 510 1342 1632 
6 581 582 830 510 1054 770 
4 1257 1258 1628 573 
4 1038 1549 1546 1577 
5 369 1038 1577 1576 1068 
6 369 1038 1549 1537 667 1290 
5 146 777 1537 1549 1546 
5 369 1068 309 1289 1290 
5 1441 1442 1604 1603 1598 
6 296 573 1257 1108 1110 1063 
4 269 1108 1257 1610 
6 826 827 269 1108 1110 579 
5 574 638 1601 1605 718 
5 826 827 266 1594 1597 
6 296 718 1605 1604 1442 1063 
6 266 1594 1602 1601 638 1612 
6 370 174 1335 1315 1187 916 
7 502 916 370 921 920 1712 1711 
5 786 936 920 1712 945 
6 306 182 177 635 786 945 
5 172 174 370 921 937 
5 181 303 305 1187 1315 
4 305 502 916 1187 
5 306 845 1711 1712 945 
5 172 635 786 936 937 
5 650 651 1708 777 146 
4 64 371 695 550 
6 372 338 1067 1068 369 791 
5 333 334 522 1304 1314 
6 333 338 372 373 1313 1314 
6 521 522 1304 1305 605 604 
6 521 522 334 1067 1068 309 
5 373 45 605 1305 1313 
5 790 791 369 1290 1285 
5 373 45 790 791 372 
5 1154 1174 1307 1456 1465 
4 1154 1157 1204 1465 
6 1154 1157 1384 1397 1213 1174 
5 374 865 1562 1396 1245 
6 212 479 299 1456 1465 1204 
5 374 814 1308 1246 1245 
5 299 479 865 374 814 
5 1174 1213 1246 1308 1307 
5 366 375 596 493 1627 
5 492 787 1623 1664 1649 
6 375 596 1648 1639 1340 1324 
4 366 375 1324 499 
5 747 812 376 1655 1646 
5 1623 1655 376 1663 1664 
5 376 812 1340 1639 1663 
5 492 493 1627 1626 787 
6 377 480 551 563 1415 1414 
5 202 205 373 45 1362 
5 373 205 883 648 372 
5 377 379 380 248 480 
5 380 248 46 790 791 
4 378 379 377 1414 
6 378 648 883 629 1415 1414 
6 379 380 791 372 648 378 
4 629 896 563 1415 
6 551 563 896 202 1362 1371 
5 293 660 594 863 862 
7 381 566 1700 1699 774 863 594 
5 381 566 1206 1205 722 
5 381 594 660 931 722 
5 774 855 1152 1697 1699 
5 1117 1206 566 1700 1698 
5 241 293 862 856 532 
5 384 382 374 865 547 
5 383 194 1358 547 384 
5 382 144 143 383 384 
5 932 1153 1238 1687 1688 
6 265 267 386 387 313 710 
5 386 267 955 954 257 
5 42 801 385 1381 1382 
4 385 1115 709 1381 
5 43 42 1382 313 387 
6 265 269 1108 1115 709 710 
6 385 801 1109 1110 1108 1115 
6 387 386 257 1037 1036 43 
5 360 389 388 947 837 
6 774 815 1690 1693 1214 855 
5 388 657 1215 1148 947 
4 774 815 784 1699 
6 360 389 1387 1697 1699 784 
5 389 388 657 872 1387 
6 657 872 1152 855 1214 1215 
4 265 710 825 1158 
5 713 714 1116 1115 709 
5 557 558 714 1116 1258 
6 713 714 558 753 616 824 
4 368 985 1095 1611 
5 557 558 753 985 368 
5 616 753 985 1095 1159 
5 23 18 1366 1365 1460 
5 284 22 18 1366 1317 
5 315 121 981 740 504 
5 315 504 1593 1592 627 
6 525 1073 1584 1585 1089 1133 
6 504 740 1171 1089 1585 1593 
5 740 981 1270 1170 1171 
6 247 1132 1170 1270 1600 1596 
4 244 247 1596 833 
6 627 982 1071 1073 1584 1592 
5 95 390 1165 391 97 
5 812 813 1062 1175 376 
5 350 348 820 819 392 
4 351 471 1 1029 
6 351 471 1428 1388 1125 1061 
5 159 156 944 1046 197 
6 990 991 1383 1410 1239 1250 
5 1239 1240 1014 1411 1410 
5 774 815 926 927 863 
6 39 634 1092 1093 1635 1634 
6 761 968 1512 1513 1016 1064 
5 880 939 1513 1016 1341 
5 520 967 1093 1635 1498 
5 1035 1064 1016 1341 1360 
6 520 1498 1500 939 1513 1512 
5 393 30 35 119 822 
5 740 741 393 822 981 
5 364 365 316 1262 1242 
7 316 315 504 757 817 621 365 
6 393 30 693 818 758 741 
6 35 119 1114 1262 1242 36 
4 36 34 364 1242 
5 266 1228 1283 1131 1594 
5 271 394 1219 1284 1227 
5 394 472 1128 1218 1219 
5 271 394 472 954 955 
6 859 860 999 752 965 966 
5 311 859 966 1001 1679 
5 310 388 947 999 860 
7 362 699 943 1000 1683 1684 1169 
5 389 395 1451 1123 360 
6 389 388 310 497 498 395 
6 395 498 1680 1675 1676 1451 
5 497 498 1680 1679 311 
6 362 699 752 999 947 837 
6 37 251 250 396 1376 760 
6 320 344 595 357 789 1241 
5 341 218 1255 1256 352 
5 341 352 637 595 344 
5 706 707 357 789 153 
6 153 576 243 1229 1241 789 
5 222 243 576 1319 1244 
5 122 209 207 285 126 
5 805 912 1312 1625 1624 
6 192 804 995 755 1322 1323 
6 912 994 1548 1554 1310 1312 
4 397 620 1554 1310 
6 492 493 397 620 1322 1323 
6 397 493 1627 1625 1312 1310 
5 620 1322 755 1548 1554 
4 492 787 192 1323 
6 339 407 404 403 1587 1586 
5 405 407 339 508 509 
4 403 398 401 1587 
6 399 496 585 406 543 544 
5 400 402 399 496 649 
5 508 509 584 1466 1469 
5 335 400 649 1467 1468 
5 403 398 544 543 404 
5 402 399 544 398 401 
5 407 404 543 406 405 
6 335 400 402 401 1587 1586 
5 405 406 585 584 509 
5 486 487 409 885 630 
5 408 816 902 970 848 
5 408 409 487 778 848 
5 204 631 1077 1078 644 
5 204 630 885 600 631 
5 969 1078 644 1097 1098 
5 408 409 885 600 816 
5 778 848 970 969 1098 
5 397 493 596 1116 714 
5 385 375 596 1116 1115 
6 385 375 366 367 314 1381 
5 314 367 1625 1312 1311 
5 713 714 397 1310 1309 
4 349 699 362 799 
5 361 411 808 140 866 
5 85 1349 410 1684 1683 
5 410 411 361 1169 1684 
7 410 411 808 807 173 1348 1349 
4 171 237 1348 173 
6 142 140 866 799 349 347 
5 142 347 1081 1080 141 
5 124 483 591 1438 1478 
6 1437 1438 1478 1657 1660 1696 
5 412 187 861 1695 568 
6 990 991 327 1437 1438 591 
5 413 414 1076 1075 107 
5 415 414 413 1521 1520 
6 107 413 1521 977 986 957 
5 976 977 1521 1520 948 
5 1075 1076 946 1184 106 
5 415 414 1076 946 673 
6 673 946 1184 1159 616 1057 
5 415 673 1057 948 1520 
5 259 473 410 1349 1377 
5 745 762 1377 259 998 
5 272 745 998 751 1461 
5 82 272 745 762 87 
6 1426 1450 1676 1675 86 1452 
4 258 953 1450 1426 
6 410 473 953 1450 1676 1684 
7 404 378 1414 1419 1605 1601 543 
6 629 630 885 886 1418 1415 
4 404 378 648 407 
6 405 406 354 631 204 884 
5 405 407 648 883 884 
5 406 354 1602 1601 543 
5 885 886 1604 1603 600 
4 198 201 1501 1691 
5 260 261 340 417 416 
5 260 416 491 609 515 
5 412 417 416 491 568 
5 201 1176 1201 705 1501 
5 186 340 417 412 187 
5 1011 1134 1178 1201 1176 
5 383 384 1565 1573 1542 
6 256 322 1572 1573 1542 1588 
6 143 383 1542 1588 1591 137 
5 384 382 746 1571 1565 
5 548 549 1299 1516 668 
6 382 144 659 1299 549 746 
5 256 322 668 1516 1502 
6 138 529 659 1299 1516 1502 
5 828 829 526 1645 469 
5 275 526 829 501 720 
6 828 829 501 1705 1706 328 
5 278 1306 1479 1484 1629 
5 1225 1226 152 1319 1244 
4 391 97 96 418 
7 628 978 1018 844 1144 1230 1189 
5 945 946 1076 1083 306 
6 539 540 615 474 850 849 
5 268 540 615 614 636 
5 635 636 268 1185 786 
6 597 598 1166 1165 390 797 
5 419 527 597 797 1042 
5 420 160 161 854 988 
5 162 160 420 50 1276 
6 420 50 1281 1282 987 988 
5 332 330 422 423 681 
5 421 424 422 330 586 
6 290 505 878 877 1353 1352 
5 290 619 1043 1350 1352 
5 619 929 797 1042 1043 
5 1042 1043 1350 1459 419 
6 419 527 425 1182 1458 1459 
5 113 425 1182 672 533 
5 672 877 1353 1458 1182 
5 597 797 929 1326 1084 
5 113 425 527 597 1084 
4 534 878 505 1301 
6 777 1537 1542 1588 1709 1708 
5 256 322 641 512 794 
5 295 651 1708 1709 793 
6 650 651 295 1544 1545 130 
5 512 641 728 1545 1544 
5 426 94 869 870 427 
6 93 94 426 783 1264 1265 
5 77 606 1155 939 1500 
5 813 880 939 1155 1062 
6 29 31 1480 64 371 294 
6 294 371 695 694 901 900 
5 154 33 31 1480 1491 
6 428 598 889 1272 1273 626 
6 426 94 1395 1407 113 425 
5 114 1233 1291 1395 1407 
5 428 626 1233 114 1146 
6 626 1233 1291 93 1265 1273 
5 426 425 527 890 783 
5 597 598 428 1146 1084 
5 239 79 83 429 715 
5 647 735 730 966 859 
5 83 429 1153 932 1668 
6 932 1668 1679 311 1685 1688 
5 429 715 756 1238 1153 
5 260 263 163 157 416 
5 199 603 55 1259 1232 
6 58 169 163 263 1472 1260 
4 56 58 169 165 
5 157 416 491 490 164 
4 199 516 1471 1232 
4 290 580 726 1352 
5 1196 1197 773 1496 1345 
6 353 430 1449 1450 953 1279 
5 355 353 430 358 359 
5 355 359 899 1219 1218 
5 394 411 361 899 1219 
5 410 411 394 472 473 
5 358 430 1449 1451 1123 
5 413 414 1380 1234 610 
5 219 962 1100 1231 1021 
5 107 413 610 961 1101 
5 414 1076 1083 1379 1380 
4 912 994 1008 1321 
4 1072 1073 1584 74 
6 1311 1312 912 1321 1592 627 
6 401 323 1666 1665 1590 1587 
5 323 131 664 402 401 
5 400 402 664 690 507 
5 335 400 507 560 337 
5 337 145 128 683 560 
7 431 553 1531 1530 1398 1698 1700 
4 566 567 431 1700 
4 433 1203 1391 1386 
4 432 553 431 567 
5 1426 1436 1536 1449 1450 
6 395 274 1535 1536 1449 1451 
4 395 274 684 498 
6 498 684 640 1638 1671 1680 
5 678 796 1125 1388 1393 
6 341 352 351 471 578 342 
5 344 536 742 795 595 
6 343 537 1004 1392 1429 577 
4 343 342 578 577 
5 435 434 1317 284 283 
5 984 1139 1019 1615 1617 
6 892 975 1139 1019 1564 1563 
5 302 555 1433 761 968 
5 1092 1093 975 1139 984 
5 891 892 975 1093 967 
5 302 555 590 245 618 
5 589 590 245 1563 1564 
6 589 590 555 1433 1617 1615 
5 437 564 1221 775 776 
6 437 67 68 292 436 564 
4 253 255 1268 1208 
6 253 1191 1221 775 1207 1208 
5 436 254 1191 1221 564 
4 436 254 252 292 
5 775 776 66 780 1207 
4 437 67 66 776 
4 565 575 1060 643 
5 424 435 283 282 421 
6 1247 1248 301 1446 1445 935 
5 183 708 1303 1446 1445 
5 617 670 301 1248 1253 
6 669 670 617 1186 1187 305 
6 934 935 1247 1254 1435 1443 
5 302 555 886 1418 1344 
5 555 590 409 885 886 
6 409 487 1197 1196 245 590 
5 563 1415 1418 1344 1497 
6 896 897 773 1496 1497 563 
5 486 487 1197 773 897 
6 292 436 228 674 594 660 
4 437 224 227 564 
5 230 69 852 853 233 
5 224 230 69 67 437 
4 227 228 436 564 
4 226 381 594 674 
5 226 381 722 853 233 
6 1457 1458 1353 1525 1609 1608 
5 438 264 687 1510 1707 
5 439 438 1707 1714 1413 
6 415 673 1710 1714 1413 1412 
5 438 264 500 832 439 
5 415 1412 907 1524 1520 
5 948 1402 958 1524 1520 
5 439 832 907 1412 1413 
6 203 1025 1028 639 1259 1232 
6 57 639 1028 427 870 1190 
5 61 136 1034 392 819 
5 1174 1175 376 1663 1307 
5 440 1261 1664 1623 1618 
5 168 307 417 416 157 
4 327 991 1383 1129 
5 15 24 721 441 750 
5 272 20 19 913 745 
4 15 27 749 750 
6 84 78 308 749 27 611 
4 441 721 914 888 
6 749 750 441 888 763 308 
6 208 772 956 346 1200 1199 
6 345 346 956 1581 1578 1274 
4 345 347 142 1274 
6 210 184 170 836 1217 1151 
5 210 184 846 772 208 
5 405 509 1079 1120 884 
5 406 354 1422 1423 585 
5 584 585 1423 1137 835 
5 1077 1078 904 1138 1122 
6 903 904 1078 644 1120 1079 
5 509 584 835 903 1079 
6 7 606 1155 1154 1157 1156 
5 443 445 1423 1137 599 
6 234 444 446 447 443 599 
4 584 835 235 1466 
5 445 442 496 585 1423 
5 442 447 446 649 496 
5 234 444 1467 1466 235 
4 447 443 445 442 
4 444 446 649 1467 
5 58 169 572 448 59 
5 449 166 572 448 771 
5 59 448 771 1055 53 
5 101 665 449 771 1055 
4 449 166 607 665 
6 685 825 1158 1185 786 936 
5 148 147 1509 1058 489 
5 489 824 616 1057 1058 
5 147 920 1712 1710 1509 
5 945 946 673 1710 1712 
5 378 379 450 403 404 
4 450 379 380 942 
5 339 407 648 372 338 
5 380 791 369 1038 942 
7 403 450 942 1038 1577 1590 1587 
5 408 409 590 589 476 
5 408 476 810 811 848 
5 91 423 422 1503 1053 
6 246 545 922 1053 1503 1504 
6 424 435 434 1504 1503 422 
6 677 867 878 505 1547 1555 
5 538 877 1353 1525 1519 
5 538 868 977 1521 1519 
6 948 976 677 1555 1368 1402 
5 348 349 799 798 820 
4 518 917 1474 1607 
6 415 414 1380 1391 1386 1412 
6 1473 1474 1607 1609 1525 1519 
5 413 610 1473 1519 1521 
6 433 517 1167 907 1412 1386 
6 517 518 917 1235 1203 433 
5 324 469 1645 1644 1692 
6 1154 1155 939 1513 1506 1465 
5 1015 1016 1341 1340 1639 
5 91 92 680 681 423 
5 451 317 318 26 894 
5 451 559 724 893 894 
5 389 395 274 1399 1387 
6 400 507 854 988 446 649 
5 442 453 452 399 496 
6 452 449 665 664 402 399 
5 453 452 449 166 167 
6 160 167 453 442 447 420 
4 446 447 420 988 
5 680 681 332 1090 1091 
5 21 18 1366 1140 915 
6 421 282 16 17 625 586 
5 330 422 1503 1508 331 
6 312 331 1508 1507 1140 915 
6 434 1317 1366 1140 1507 1504 
6 14 123 1434 1444 1336 13 
5 1056 1427 1438 1478 1482 
6 370 174 764 591 1438 1427 
4 370 916 1056 1427 
5 457 456 455 1240 1239 
5 175 457 1239 1250 765 
5 196 546 455 1240 1209 
5 456 455 546 1378 454 
5 457 456 454 176 175 
5 176 454 1378 1348 173 
4 1139 1140 1507 975 
5 246 892 975 1507 1504 
4 314 316 365 367 
4 504 757 1351 1593 
6 656 691 805 912 1321 1320 
6 391 418 523 458 1166 1165 
5 804 995 768 1168 1162 
5 767 768 1168 1440 1424 
5 1237 1385 1413 1714 1713 
5 103 321 831 830 510 
5 459 831 321 1570 1571 
5 459 297 701 746 1571 
6 548 549 530 1316 1343 98 
5 300 297 459 831 830 
4 530 905 1633 1316 
5 530 549 746 701 905 
5 280 514 617 670 1145 
5 140 866 1347 1161 1160 
5 61 136 1161 1347 1277 
6 392 350 345 1274 1334 1034 
6 431 567 733 732 363 785 
5 226 381 566 567 733 
4 363 732 1331 906 
5 594 674 1330 927 863 
5 784 785 431 1700 1699 
5 70 66 776 559 724 
6 336 508 509 1079 1447 1463 
5 336 333 1314 1027 1463 
4 373 205 1023 1313 
5 1026 1027 1463 1447 1121 
6 232 227 564 1221 1220 1193 
5 1192 1193 232 1355 1252 
6 436 228 1356 1183 1332 254 
5 382 374 814 701 746 
6 380 248 547 384 1565 942 
5 377 298 299 479 480 
5 459 450 942 1565 1571 
6 459 297 298 377 379 450 
5 383 194 667 1537 1542 
7 318 26 556 1468 1467 444 319 
5 444 446 988 987 319 
6 210 184 1444 1434 285 207 
5 530 682 1048 1363 1316 
4 782 941 1364 1065 
5 1516 1517 911 1670 668 
5 911 1039 100 1669 1670 
5 370 921 1494 1489 1427 
5 151 457 1239 1410 1074 
5 175 172 937 151 457 
5 331 467 1630 1631 1508 
5 1052 1053 1503 1508 1631 
5 430 554 1527 1536 1449 
6 358 430 554 553 431 785 
4 553 554 1527 1531 
5 152 754 178 847 1226 
6 1030 1188 1231 1021 1255 1256 
5 95 390 797 929 928 
5 234 225 477 319 444 
5 225 232 1193 1181 477 
4 443 593 1325 599 
6 420 50 704 593 443 447 
5 903 924 1448 1447 1079 
5 460 744 904 1078 969 
6 770 771 448 986 985 368 
5 571 572 448 986 957 
5 452 449 771 770 581 
5 453 452 581 1613 270 
5 453 167 105 109 270 
5 37 35 119 120 251 
5 385 375 1324 1361 801 
5 1015 1016 1064 1063 296 
5 596 1116 1258 1628 1648 
5 461 236 924 1448 1464 
6 336 1103 1194 461 1464 1463 
6 231 235 1466 1469 1102 1195 
5 461 236 231 1195 1194 
5 426 427 1028 1182 425 
4 639 672 1182 1028 
5 38 913 745 998 997 
4 77 6 7 606 
5 353 430 554 970 902 
5 432 460 744 733 567 
6 355 359 363 732 1138 1122 
6 432 460 969 970 554 553 
4 458 428 598 1166 
5 451 229 225 477 317 
6 437 224 229 451 559 776 
6 492 1323 1363 1316 1633 1649 
5 397 620 887 558 714 
5 403 398 831 459 450 
5 321 323 401 398 831 
6 1099 1168 768 1297 1475 1476 
5 192 725 1048 1363 1323 
6 725 1048 1224 1222 1069 1070 
5 530 682 440 1261 905 
5 475 476 408 816 1280 
5 811 848 970 554 1527 
6 36 760 1376 1389 1243 1242 
5 31 759 973 1486 1480 
6 44 155 364 1242 1243 41 
4 41 1243 1389 1541 
5 398 544 582 830 831 
5 452 399 544 582 581 
5 343 340 417 307 577 
6 150 463 1389 1243 1263 1049 
5 462 463 150 1086 989 
5 396 462 989 1107 250 
5 462 463 1389 1376 396 
6 445 442 453 270 1228 1283 
5 543 544 582 638 1601 
5 1131 1283 445 1423 1422 
5 558 753 976 677 887 
5 677 887 620 1554 1555 
5 911 1517 1622 1661 1650 
5 115 356 1650 911 1039 
6 687 833 1596 1595 592 1510 
5 328 592 1510 1707 1706 
6 96 418 523 1147 1327 1024 
4 561 1194 461 1298 
6 342 262 962 1100 570 578 
5 263 163 111 1101 961 
5 464 455 546 763 888 
5 464 455 1240 1014 1013 
5 147 583 592 1510 1509 
6 230 69 1202 1298 461 236 
6 122 209 642 643 1060 1059 
5 462 989 1411 1014 1013 
5 989 1086 1074 1410 1411 
5 458 428 1146 1147 523 
4 72 633 1089 1585 
5 440 682 1048 725 1618 
5 555 886 1604 1442 1433 
5 59 448 986 977 868 
5 677 867 675 1066 887 
5 506 716 1620 1662 1654 
6 911 1650 1653 1096 1667 1670 
5 506 864 1096 1653 1654 
5 512 641 1667 1096 864 
5 538 1260 1472 1473 1519 
6 203 1232 1471 1474 1607 1606 
6 975 1093 1635 1631 1508 1507 
4 1006 1212 520 1498 
5 1096 1173 1292 1296 1653 
5 115 356 1295 1233 114 
5 1204 1465 1506 1505 1529 
5 377 298 1354 1419 1414 
5 551 563 1497 1526 1417 
5 4 587 1161 1347 1346 
5 43 387 465 466 1532 
5 42 41 1243 1263 1382 
5 313 387 465 149 686 
5 466 463 1389 1541 1532 
5 466 463 150 149 465 
6 108 2 3 541 1284 1227 
6 271 394 411 808 615 540 
5 898 899 1219 1284 541 
6 70 724 893 561 1298 1202 
5 451 229 231 1195 894 
5 466 464 1013 462 463 
5 465 466 464 455 456 
5 149 151 457 456 465 
5 741 758 792 952 919 
6 386 267 268 636 176 454 
6 257 259 1377 1378 454 386 
5 386 454 456 465 387 
6 443 445 1283 1284 541 593 
4 718 1354 1419 1605 
6 466 464 888 914 1534 1532 
5 881 882 987 1282 910 
5 467 933 1400 1404 1630 
5 682 1048 1224 1271 1300 
5 1069 1070 1162 1168 1099 
5 654 655 693 692 468 
5 1236 1237 1713 1711 845 
4 519 747 1646 779 
5 577 578 471 1428 1429 
5 472 473 953 1279 1128 
5 481 482 588 927 926 
4 484 485 1177 1178 
5 486 487 778 1098 1097 
5 488 748 839 1082 971 
5 489 1058 1403 1367 1124 
5 959 960 917 1235 1150 
5 1546 1577 1590 1665 1673 
5 530 549 1299 1300 682 
4 490 491 609 608 
5 855 856 532 1118 1152 
5 492 493 596 1648 1649 
5 1418 1419 1605 1604 886 
5 494 495 658 1583 1582 
6 584 585 496 649 1467 1466 
5 1004 1005 678 1393 1392 
5 642 643 565 1217 1151 
5 755 1302 941 1364 1322 
6 964 982 1071 833 1596 1600 
5 500 832 907 1524 958 
5 501 502 916 1056 829 
5 666 667 1290 1289 503 
5 740 741 758 757 504 
6 1301 1302 755 1548 1547 505 
5 1058 1403 687 1510 1509 
6 511 704 1252 1251 950 1126 
5 654 655 737 736 513 
5 514 617 1186 1482 1481 
5 828 829 1056 1427 1489 
5 616 753 976 948 1057 
4 515 516 1012 1011 
4 556 1102 1469 1468 
5 517 518 1607 1609 1167 
5 519 747 996 839 748 
5 1057 1058 1509 1710 673 
5 524 525 1073 1072 823 
5 812 813 743 996 747 
5 874 875 1003 1141 731 
5 526 829 1056 1482 1481 
5 597 598 889 890 527 
4 851 1432 1425 1523 
4 938 1368 1555 1547 
5 536 537 1004 1005 742 
6 639 672 877 538 1260 1259 
5 545 922 1088 1453 1454 
5 762 763 546 1378 1377 
6 547 865 1562 1557 1357 1358 
5 1065 1343 1316 1363 1364 
5 548 549 746 1571 1570 
5 557 558 887 1066 1031 
5 893 894 1195 1194 561 
5 588 927 1330 1356 1183 
5 1036 1037 579 1110 1109 
5 617 1186 1435 1254 1253 
5 688 843 1294 1293 1119 
4 580 823 1072 938 
5 581 582 638 1612 1613 
5 973 1375 1540 1485 1486 
5 583 592 1595 1599 679 
5 593 704 1252 1355 1325 
5 600 816 1280 1598 1603 
5 664 665 607 689 690 
5 810 811 1527 1536 1436 
4 614 615 808 807 
5 824 825 1158 1159 616 
6 620 887 1066 1065 1364 1322 
5 709 710 825 824 713 
5 963 964 1600 1599 679 
5 692 693 818 817 621 
5 732 733 744 904 1138 
5 627 982 1124 1309 1311 
4 662 697 802 803 
5 633 766 918 1171 1089 
5 740 741 919 918 1171 
5 645 646 1287 1288 1047 
5 905 1261 1664 1649 1633 
5 781 782 1065 1066 675 
5 676 698 1333 1334 1034 
6 844 847 1226 1225 1022 1144 
5 867 868 977 976 677 
5 795 796 678 1005 742 
5 687 833 1071 1367 1403 
5 701 814 1308 1261 905 
5 708 847 1226 1409 1303 
5 729 730 966 965 717 
5 951 952 792 1374 1370 
5 852 853 722 931 930 
6 726 958 1524 1525 1353 1352 
6 959 960 1012 1011 1134 1135 
5 903 904 744 925 924 
6 762 763 888 914 913 745 
5 997 998 751 1614 1616 
5 916 1056 1482 1186 1187 
5 976 977 986 985 753 
5 876 1033 1119 1293 1198 
4 757 758 818 817 
5 759 760 1376 1375 973 
5 967 968 761 1092 1093 
5 767 768 1297 1327 1024 
5 918 919 952 951 766 
4 770 771 1055 1054 
5 855 856 862 863 774 
5 1207 1208 1268 1267 780 
5 889 890 783 1264 1272 
5 945 946 1184 1185 786 
5 1050 1051 1105 1104 800 
5 798 799 866 1347 1277 
5 804 805 912 994 995 
6 911 1039 1223 1224 1271 1517 
5 992 993 806 1051 1050 
4 854 882 987 988 
5 821 822 981 1270 1269 
4 826 827 955 954 
5 903 904 1138 1137 835 
5 1080 1081 1216 1217 836 
5 837 947 1148 1694 1689 
5 838 1041 1416 1430 1359 
5 842 843 1281 1282 910 
5 869 870 1190 1641 1640 
4 872 1152 1697 1387 
5 1009 1010 873 1642 1643 
4 874 875 908 909 
5 879 880 939 1500 1499 
5 1075 1076 1083 1144 1230 
5 969 970 902 1077 1078 
5 926 927 1330 1331 906 
5 907 1167 1609 1525 1524 
5 983 984 1139 1140 915 
4 920 921 937 936 
5 1052 1053 922 1088 1087 
5 928 929 1326 1327 1024 
5 1090 1091 1401 1400 933 
6 1223 1224 1048 1363 1364 941 
6 1072 1073 1071 1367 1368 938 
5 942 1038 1549 1573 1565 
5 965 966 1001 1000 943 
5 1057 1058 1403 1402 948 
6 1172 1173 1292 1291 1395 1394 
4 949 950 1126 1127 
6 1129 1383 1410 1074 1495 1487 
5 985 986 957 1094 1095 
4 961 962 1100 1101 
4 978 979 1017 1018 
4 982 1071 1367 1124 
5 1085 1086 989 1107 1106 
5 1029 1030 1003 1141 1142 
5 1087 1088 1453 1212 1006 
5 1015 1016 1513 1506 1462 
5 1139 1140 1366 1365 1019 
5 1021 1022 1144 1230 1231 
5 1026 1027 1314 1313 1023 
5 1025 1028 1182 1458 1457 
5 1065 1066 1031 1342 1343 
5 1063 1064 1035 1109 1110 
4 1120 1121 1447 1079 
5 1225 1226 1409 1408 1040 
5 1113 1114 1262 1263 1049 
5 1210 1211 1203 1235 1150 
5 1154 1155 1062 1175 1174 
4 1067 1068 1576 1575 
5 1146 1147 1327 1326 1084 
5 1132 1133 1089 1171 1170 
5 1172 1173 1096 1667 1682 
4 1102 1103 1194 1195 
7 1309 1310 1554 1555 1368 1367 1124 
5 1115 1116 1258 1257 1108 
5 1117 1118 1152 1697 1698 
5 1137 1138 1122 1422 1423 
5 1123 1169 1684 1676 1451 
5 1279 1280 1598 1597 1128 
5 1218 1219 1284 1283 1131 
4 1134 1135 1177 1178 
5 1214 1215 1148 1694 1693 
5 1199 1200 1216 1217 1151 
5 1156 1157 1204 1529 1528 
4 1158 1159 1184 1185 
5 1162 1163 1439 1440 1168 
6 1236 1237 1385 1386 1391 1390 
5 1192 1193 1181 1282 1281 
5 1251 1252 1355 1356 1183 
5 1186 1187 1315 1443 1435 
4 1188 1189 1230 1231 
5 1220 1221 1191 1703 1704 
5 1212 1453 1552 1550 1528 
5 1275 1276 1294 1293 1198 
5 1234 1235 1203 1391 1380 
5 1239 1240 1209 1249 1250 
5 1245 1246 1213 1397 1396 
5 1223 1224 1222 1476 1475 
4 1227 1228 1283 1284 
5 1259 1260 1472 1471 1232 
5 1291 1292 1296 1295 1233 
4 1242 1243 1263 1262 
5 1255 1256 1318 1319 1244 
4 1247 1248 1253 1254 
4 1264 1265 1273 1272 
5 1307 1308 1261 1664 1663 
5 1269 1270 1600 1599 1266 
5 1299 1300 1271 1517 1516 
5 1333 1334 1274 1578 1579 
4 1277 1278 1346 1347 
4 1285 1286 1289 1290 
5 1306 1479 1436 1536 1535 
5 1301 1302 1297 1327 1326 
5 1328 1329 1408 1409 1303 
4 1304 1305 1313 1314 
4 1309 1310 1312 1311 
5 1335 1336 1444 1443 1315 
5 1342 1343 1316 1633 1632 
5 1320 1321 1592 1593 1351 
4 1322 1323 1363 1364 
5 1340 1341 1360 1361 1324 
5 1330 1331 1325 1355 1356 
4 1337 1338 1357 1358 
7 1418 1419 1354 1462 1506 1505 1344 
5 1345 1455 1553 1543 1496 
4 1348 1349 1377 1378 
5 1352 1353 1458 1459 1350 
4 1367 1368 1402 1403 
4 1369 1370 1374 1373 
5 1375 1376 1389 1541 1540 
4 1379 1380 1391 1390 
4 1394 1395 1407 1406 
5 1396 1397 1384 1561 1562 
4 1385 1386 1412 1413 
5 1398 1399 1387 1697 1698 
5 1392 1393 1388 1428 1429 
4 1400 1401 1405 1404 
4 1414 1415 1418 1419 
5 1420 1421 1551 1526 1417 
5 1439 1440 1424 1568 1569 
5 1431 1432 1425 1485 1486 
5 1426 1436 1479 1484 1452 
5 1437 1438 1427 1489 1488 
5 1441 1442 1433 1617 1616 
4 1434 1435 1443 1444 
4 1447 1448 1464 1463 
4 1449 1450 1676 1451 
5 1453 1454 1455 1553 1552 
5 1460 1461 1452 1484 1483 
4 1456 1462 1506 1465 
4 1466 1467 1468 1469 
4 1471 1472 1473 1474 
5 1481 1482 1478 1657 1658 
5 1483 1484 1479 1493 1492 
5 1485 1486 1480 1491 1490 
5 1496 1497 1526 1551 1543 
5 1488 1489 1494 1495 1487 
5 1499 1500 1498 1635 1634 
5 1516 1517 1622 1621 1502 
4 1503 1504 1507 1508 
4 1505 1506 1513 1512 
5 1509 1510 1707 1714 1710 
5 1514 1515 1511 1651 1652 
5 1522 1523 1533 1534 1518 
5 1520 1521 1519 1525 1524 
5 1528 1529 1526 1551 1550 
5 1530 1531 1527 1536 1535 
5 1533 1534 1532 1541 1540 
4 1537 1542 1573 1549 
5 1550 1551 1543 1553 1552 
6 1546 1549 1573 1572 1674 1673 
4 1547 1548 1554 1555 
4 1556 1557 1562 1561 
5 1559 1560 1569 1568 1558 
5 1570 1571 1565 1573 1572 
5 1576 1577 1590 1589 1575 
4 1578 1579 1580 1581 
4 1584 1585 1593 1592 
4 1586 1587 1590 1589 
5 1597 1598 1603 1602 1594 
4 1595 1596 1600 1599 
5 1602 1603 1604 1605 1601 
4 1606 1607 1609 1608 
4 1610 1611 1613 1612 
4 1614 1615 1617 1616 
5 1621 1622 1661 1662 1620 
5 1618 1619 1656 1655 1623 
4 1624 1625 1627 1626 
5 1632 1633 1649 1648 1628 
5 1637 1638 1629 1652 1651 
4 1630 1631 1635 1634 
5 1637 1638 1671 1672 1636 
5 1648 1649 1664 1663 1639 
4 1640 1641 1643 1642 
4 1646 1647 1656 1655 
5 1653 1654 1662 1661 1650 
4 1657 1658 1659 1660 
4 1665 1666 1674 1673 
5 1669 1670 1667 1682 1681 
5 1671 1672 1668 1679 1680 
4 1675 1676 1684 1683 
4 1677 1678 1682 1681 
4 1685 1686 1687 1688 
4 1689 1690 1693 1694 
4 1697 1698 1700 1699 
4 1701 1702 1703 1704 
5 1705 1706 1707 1714 1713 
5 1711 1712 1710 1714 1713 
CELL_DATA 1635
SCALARS scalar_1 double
LOOKUP_TABLE default
    5.206538
    5.207053
    5.176955
    5.198538
    5.202739
    5.202412
    5.176955
    5.181375
    5.223711
    5.201706
    5.191117
    5.176955
    5.200000
    5.205506
    5.202412
    5.208912
    5.215063
    5.204471
    5.191900
    5.211254
    5.197414
    5.215547
    5.198166
    5.227683
    5.216872
    5.202488
    5.194625
    5.201114
    5.208805
    5.204267
    5.203116
    5.201425
    5.200000
    5.329906
    5.226362
    5.196099
    5.186574
    5.237650
    5.200152
    5.205341
    5.208805
    5.196763
    5.197996
    5.235892
    5.202488
    5.199548
    5.201041
    5.199548
    5.216188
    5.201041
    5.255050
    5.172432
    5.237650
    5.244431
    5.186574
    5.235892
    5.253333
    5.189450
    5.202573
    5.206407
    5.207490
    5.204843
    5.210810
    5.198538
    5.198538
    5.205506
    5.198538
    5.198538
    5.196865
    5.206397
    5.206538
    5.196081
    5.191601
    5.171704
    5.198715
    5.196327
    5.197940
    5.195516
    5.200648
    5.191900
    5.191273
    5.205417
    5.201902
    5.183368
    5.202488
    5.205716
    5.207053
    5.193187
    5.216188
    5.216188
    5.216188
    5.216188
    5.201041
    5.204471
    5.199548
    5.255050
    5.216188
    5.226362
    5.201920
    5.199224
    5.198484
    5.201263
    5.208435
    5.208435
    5.228124
    5.208435
    5.215242
    5.208435
    5.196611
    5.208435
    5.208435
    5.208435
    5.199132
    5.204471
    5.204471
    5.198500
    5.204471
    5.204471
    5.204471
    5.215063
    5.198407
    5.204471
    5.204471
    5.197414
    5.197514
    5.201175
    5.206941
    5.205723
    5.210487
    5.203116
    5.194625
    5.199671
    5.201175
    5.210762
    5.201175
    5.228124
    5.198500
    5.207034
    5.200648
    5.198715
    5.199132
    5.196611
    5.196288
    5.186745
    5.199797
    5.191273
    5.197940
    5.182395
    5.198715
    5.193430
    5.209840
    5.183368
    5.195969
    5.196006
    5.191117
    5.187208
    5.189121
    5.199486
    5.206538
    5.202739
    5.223711
    5.201066
    5.195516
    5.201990
    5.198800
    5.202412
    5.183368
    5.196081
    5.175904
    5.200648
    5.183368
    5.199797
    5.207034
    5.195969
    5.198715
    5.183368
    5.171704
    5.198202
    5.198202
    5.198202
    5.201618
    5.193243
    5.207745
    5.188796
    5.198202
    5.329906
    5.196099
    5.216872
    5.208481
    5.198166
    5.202864
    5.186745
    5.196626
    5.209840
    5.186745
    5.193430
    5.202864
    5.209840
    5.191900
    5.189121
    5.209840
    5.209840
    5.209840
    5.209840
    5.197940
    5.198715
    5.200000
    5.200000
    5.193187
    5.215625
    5.200000
    5.181375
    5.200000
    5.200000
    5.191117
    5.223711
    5.187672
    5.206397
    5.193187
    5.223711
    5.215625
    5.209218
    5.227683
    5.191117
    5.211600
    5.205723
    5.206397
    5.207053
    5.187672
    5.196626
    5.204267
    5.202864
    5.206538
    5.207053
    5.191117
    5.205386
    5.205716
    5.208851
    5.197039
    5.244431
    5.188796
    5.196099
    5.236565
    5.193243
    5.215547
    5.230353
    5.201618
    5.211225
    5.181375
    5.175904
    5.196761
    5.255050
    5.226362
    5.186574
    5.200000
    5.215171
    5.199548
    5.208461
    5.255050
    5.253333
    5.205506
    5.202412
    5.189121
    5.201990
    5.201902
    5.189121
    5.189121
    5.199424
    5.197940
    5.206538
    5.195516
    5.191900
    5.199486
    5.211600
    5.216872
    5.197669
    5.198166
    5.209218
    5.215883
    5.205723
    5.197414
    5.223711
    5.211254
    5.230353
    5.215547
    5.211600
    5.181375
    5.312578
    5.223711
    5.211600
    5.211600
    5.211600
    5.208606
    5.181375
    5.197669
    5.207248
    5.209218
    5.216872
    5.203099
    5.201263
    5.268719
    5.201406
    5.175904
    5.312578
    5.312578
    5.200000
    5.430358
    5.215171
    5.312578
    5.312578
    5.199132
    5.218956
    5.202573
    5.207490
    5.202573
    5.202573
    5.202573
    5.202573
    5.202573
    5.202573
    5.202573
    5.206941
    5.197414
    5.205506
    5.211254
    5.201902
    5.191900
    5.201263
    5.210810
    5.208758
    5.208742
    5.197295
    5.201313
    5.208635
    5.206218
    5.201406
    5.200000
    5.216872
    5.226362
    5.209218
    5.205411
    5.205038
    5.208912
    5.208912
    5.206407
    5.208912
    5.208912
    5.208912
    5.208912
    5.201406
    5.201406
    5.268719
    5.200000
    5.201406
    5.201406
    5.201406
    5.199132
    5.202739
    5.203099
    5.204415
    5.198800
    5.207248
    5.181375
    5.195632
    5.195632
    5.196761
    5.195632
    5.195632
    5.195632
    5.198484
    5.201920
    5.202839
    5.201425
    5.196865
    5.205107
    5.202839
    5.206397
    5.205386
    5.197806
    5.202839
    5.202839
    5.202460
    5.206941
    5.211254
    5.197514
    5.197414
    5.205723
    5.197414
    5.197414
    5.197414
    5.216872
    5.197414
    5.197514
    5.206881
    5.196761
    5.196150
    5.207745
    5.208758
    5.201131
    5.198407
    5.196763
    5.205411
    5.210810
    5.206407
    5.203388
    5.205038
    5.206407
    5.206407
    5.207490
    5.191900
    5.196099
    5.206397
    5.199224
    5.192391
    5.196626
    5.187672
    5.211336
    5.205593
    5.193270
    5.199671
    5.215883
    5.235892
    5.189450
    5.200152
    5.203742
    5.201902
    5.201990
    5.201263
    5.203099
    5.204415
    5.198800
    5.202739
    5.204415
    5.195516
    5.207897
    5.196150
    5.196150
    5.196150
    5.196150
    5.202639
    5.191601
    5.207745
    5.193270
    5.198493
    5.200152
    5.230353
    5.215883
    5.189450
    5.201066
    5.199486
    5.223711
    5.206538
    5.191117
    5.164567
    5.194625
    5.194625
    5.194625
    5.194625
    5.210762
    5.194625
    5.203116
    5.208805
    5.199671
    5.194625
    5.210762
    5.210717
    5.205331
    5.198771
    5.201114
    5.208481
    5.208481
    5.208481
    5.208481
    5.208481
    5.198166
    5.208481
    5.208481
    5.208481
    5.216872
    5.208606
    5.199132
    5.209218
    5.204906
    5.205331
    5.210762
    5.196611
    5.215242
    5.175904
    5.199132
    5.196081
    5.191601
    5.196611
    5.430358
    5.196611
    5.199224
    5.206881
    5.201920
    5.226362
    5.196626
    5.192391
    5.200152
    5.197996
    5.172432
    5.203388
    5.196006
    5.208461
    5.193394
    5.205411
    5.205038
    5.182395
    5.198771
    5.208606
    5.205331
    5.215063
    5.197996
    5.205411
    5.208758
    5.198407
    5.199548
    5.196763
    5.198771
    5.207248
    5.208606
    5.197669
    5.205331
    5.208851
    5.198771
    5.198771
    5.198771
    5.197669
    5.208606
    5.210956
    5.198800
    5.207248
    5.223711
    5.207248
    5.202412
    5.202412
    5.202412
    5.201990
    5.202412
    5.205506
    5.202739
    5.206538
    5.211254
    5.206941
    5.206941
    5.206941
    5.203116
    5.199671
    5.205723
    5.204843
    5.226362
    5.210487
    5.197514
    5.208805
    5.203116
    5.202488
    5.201114
    5.201041
    5.202488
    5.202488
    5.202488
    5.235892
    5.268719
    5.207745
    5.230353
    5.189450
    5.244431
    5.406454
    5.215006
    5.211225
    5.329906
    5.253333
    5.197039
    5.196865
    5.201425
    5.206881
    5.203099
    5.196761
    5.193430
    5.202864
    5.196626
    5.196006
    5.200215
    5.187672
    5.192391
    5.199797
    5.186745
    5.200648
    5.195969
    5.191900
    5.198715
    5.197940
    5.228124
    5.199132
    5.268719
    5.204906
    5.201618
    5.215547
    5.201263
    5.191900
    5.206397
    5.201618
    5.201618
    5.204906
    5.201618
    5.201618
    5.201618
    5.208851
    5.201618
    5.201618
    5.201041
    5.201114
    5.198500
    5.226362
    5.204267
    5.204267
    5.204843
    5.204267
    5.207558
    5.202864
    5.202460
    5.206218
    5.200943
    5.204267
    5.196763
    5.203742
    5.203742
    5.208805
    5.203742
    5.205593
    5.203742
    5.199671
    5.211336
    5.203742
    5.201263
    5.203099
    5.203099
    5.201990
    5.202739
    5.196761
    5.201501
    5.198500
    5.197514
    5.205723
    5.209218
    5.193187
    5.210487
    5.201501
    5.202739
    5.196761
    5.181375
    5.201263
    5.204906
    5.204507
    5.205386
    5.205074
    5.205593
    5.208742
    5.197295
    5.193270
    5.208635
    5.198493
    5.196761
    5.201501
    5.195969
    5.202864
    5.205506
    5.199424
    5.205723
    5.191117
    5.205107
    5.203314
    5.205716
    5.205716
    5.205074
    5.205386
    5.210487
    5.204507
    5.210717
    5.226362
    5.329906
    5.186574
    5.253333
    5.200000
    5.406454
    5.268719
    5.215171
    5.197940
    5.201902
    5.191900
    5.191900
    5.191900
    5.191900
    5.200648
    5.199486
    5.200152
    5.164567
    5.191273
    5.157833
    5.193394
    5.196006
    5.193430
    5.172432
    5.200215
    5.200943
    5.207490
    5.196626
    5.204843
    5.211336
    5.172432
    5.164567
    5.189450
    5.193394
    5.193270
    5.197996
    5.198493
    5.198166
    5.208851
    5.197039
    5.223711
    5.215547
    5.208606
    5.205331
    5.210956
    5.230353
    5.196626
    5.226362
    5.200943
    5.204843
    5.206218
    5.204843
    5.204843
    5.204843
    5.207490
    5.210810
    5.208461
    5.215063
    5.205038
    5.205038
    5.205411
    5.205038
    5.203388
    5.205038
    5.406454
    5.218956
    5.172432
    5.253333
    5.215171
    5.215171
    5.208461
    5.430358
    5.205411
    5.210810
    5.206218
    5.203388
    5.207490
    5.193394
    5.197295
    5.200943
    5.208758
    5.210810
    5.206881
    5.205107
    5.206881
    5.201920
    5.203314
    5.206881
    5.206881
    5.203388
    5.207490
    5.187672
    5.197514
    5.230353
    5.215883
    5.253333
    5.406454
    5.244431
    5.164567
    5.172432
    5.235892
    5.210487
    5.203314
    5.203314
    5.205107
    5.210717
    5.203314
    5.203314
    5.230353
    5.406454
    5.157833
    5.215006
    5.199486
    5.191273
    5.201066
    5.208805
    5.201114
    5.329906
    5.268719
    5.207745
    5.228124
    5.207745
    5.207745
    5.207745
    5.215242
    5.196288
    5.208461
    5.193187
    5.202739
    5.201501
    5.205506
    5.215547
    5.236565
    5.205107
    5.201041
    5.197996
    5.208461
    5.198407
    5.172432
    5.215063
    5.329906
    5.329906
    5.253333
    5.268719
    5.329906
    5.196099
    5.186574
    5.198493
    5.191117
    5.205074
    5.215883
    5.210487
    5.197514
    5.210487
    5.205723
    5.210717
    5.210487
    5.210762
    5.210487
    5.210487
    5.196099
    5.196761
    5.202739
    5.201501
    5.196761
    5.196761
    5.196761
    5.216872
    5.268719
    5.175904
    5.215242
    5.215006
    5.157833
    5.406454
    5.171704
    5.218956
    5.200943
    5.206218
    5.200215
    5.198493
    5.199424
    5.202460
    5.207558
    5.193394
    5.193430
    5.197295
    5.202864
    5.208742
    5.208758
    5.205593
    5.208635
    5.208742
    5.197295
    5.208635
    5.211336
    5.208635
    5.157833
    5.172432
    5.253333
    5.268719
    5.215006
    5.205723
    5.191117
    5.199671
    5.205074
    5.215883
    5.211254
    5.193187
    5.209218
    5.198166
    5.204906
    5.201263
    5.215547
    5.198800
    5.207897
    5.195516
    5.191601
    5.223711
    5.210956
    5.197039
    5.202639
    5.215883
    5.235892
    5.208805
    5.203116
    5.210762
    5.205593
    5.205074
    5.193394
    5.208758
    5.200943
    5.208742
    5.206218
    5.198493
    5.211336
    5.201263
    5.201990
    5.201902
    5.201263
    5.201263
    5.201263
    5.201263
    5.207490
    5.196626
    5.187672
    5.203388
    5.199797
    5.187672
    5.192391
    5.187672
    5.204906
    5.205331
    5.208851
    5.210762
    5.181375
    5.196288
    5.181375
    5.210956
    5.191117
    5.215883
    5.230353
    5.196288
    5.196081
    5.199424
    5.206538
    5.196865
    5.198500
    5.201114
    5.191601
    5.196081
    5.196081
    5.196081
    5.196081
    5.200648
    5.201313
    5.196288
    5.207034
    5.171704
    5.196626
    5.192391
    5.196626
    5.196626
    5.196626
    5.200648
    5.207034
    5.215063
    5.208461
    5.226362
    5.226362
    5.186574
    5.207034
    5.200648
    5.195969
    5.207034
    5.207034
    5.207034
    5.196288
    5.197514
    5.197514
    5.197514
    5.197514
    5.197514
    5.201990
    5.201902
    5.195516
    5.197940
    5.201902
    5.201902
    5.191601
    5.208758
    5.205593
    5.204507
    5.205386
    5.191117
    5.215883
    5.210717
    5.207897
    5.202739
    5.195516
    5.210956
    5.199132
    5.215242
    5.268719
    5.200215
    5.193430
    5.199424
    5.202864
    5.202864
    5.210717
    5.205107
    5.207897
    5.204507
    5.205593
    5.210717
    5.210762
    5.210762
    5.201501
    5.202739
    5.201501
    5.201501
    5.201990
    5.201114
    5.208805
    5.196763
    5.197996
    5.201041
    5.198407
    5.208758
    5.196763
    5.211336
    5.199224
    5.201920
    5.199224
    5.199224
    5.206397
    5.199224
    5.199224
    5.198484
    5.216872
    5.201114
    5.208606
    5.208606
    5.208606
    5.205331
    5.208606
    5.197996
    5.211336
    5.208758
    5.205411
    5.208758
    5.208758
    5.201920
    5.201920
    5.201920
    5.198484
    5.206397
    5.205107
    5.201920
    5.201313
    5.202639
    5.202639
    5.210956
    5.202639
    5.207897
    5.191601
    5.202639
    5.201313
    5.200648
    5.193187
    5.208461
    5.218956
    5.201990
    5.215547
    5.203116
    5.208805
    5.203116
    5.203116
    5.203116
    5.203116
    5.209218
    5.209218
    5.193187
    5.216872
    5.209218
    5.206218
    5.198493
    5.197806
    5.204507
    5.208742
    5.202460
    5.215063
    5.205386
    5.196865
    5.202460
    5.198493
    5.199424
    5.201425
    5.206538
    5.197806
    5.195516
    5.199486
    5.191273
    5.193430
    5.199424
    5.230353
    5.211225
    5.215006
    5.208851
    5.210956
    5.193394
    5.203388
    5.206218
    5.207490
    5.200215
    5.211336
    5.205593
    5.198500
    5.198407
    5.201114
    5.171704
    5.201313
    5.195516
    5.215006
    5.193187
    5.207897
    5.210956
    5.201313
    5.195516
    5.207897
    5.207897
    5.204906
    5.215063
    5.172432
    5.198500
    5.201425
    5.198484
    5.210717
    5.199424
    5.198493
    5.193430
    5.199486
    5.206538
    5.196865
    5.198500
    5.208805
    5.201114
    5.198500
    5.201041
    5.201114
    5.216872
    5.204906
    5.215547
    5.208851
    5.236565
    5.215547
    5.211254
    5.235892
    5.230353
    5.215883
    5.201041
    5.198407
    5.253333
    5.228124
    5.199132
    5.196288
    5.175904
    5.199132
    5.210956
    5.193430
    5.200215
    5.203388
    5.199797
    5.193394
    5.218956
    5.196006
    5.205331
    5.191117
    5.193187
    5.193187
    5.204507
    5.205107
    5.205386
    5.205107
    5.210717
    5.198484
    5.202460
    5.206218
    5.206218
    5.206218
    5.206397
    5.196865
    5.206397
    5.203388
    5.207490
    5.205411
    5.200215
    5.193394
    5.207490
    5.201425
    5.196865
    5.216872
    5.218956
    5.171704
    5.192391
    5.195969
    5.208851
    5.236565
    5.230353
    5.201041
    5.198407
    5.205593
    5.204507
    5.210717
    5.181375
    5.202739
    5.196288
    5.201425
    5.196865
    5.205386
    5.206538
    5.202460
    5.204507
    5.191273
    5.195516
    5.193430
    5.198493
    5.206538
    5.196099
    5.253333
    5.197996
    5.157833
    5.202460
    5.202460
    5.201425
    5.198484
    5.200648
    5.201313
    5.235892
    5.215063
    5.205593
    5.204507
    5.205386
    5.204507
    5.196288
    5.201425
    5.198484
    5.218956
    5.215006
    5.193394
    5.193430
    5.175904
    5.218956
    5.175904
    5.218956
    5.211336
    5.205593
    5.196099
    5.186574
    5.253333
    5.244431
    5.193394
    5.198493
    5.201990
    5.244431
    5.236565
    5.196099
    5.196099
    5.206538
    5.193394
    5.205386
    5.191273
    5.171704
    5.192391
    5.195969
    5.211225
    5.208851
    5.196288
    5.198484
    5.202739
    5.195516
    5.235892
    5.236565
    5.211225
    5.198484
    5.216872
    5.236565
    5.236565
    5.196288
    5.228124
    5.218956
    5.197996
    5.195516
    5.171704
    5.192391
    5.195969
    5.192391
    5.192391
    5.195516
    5.201313
    5.201041
    5.215063
    5.195969
    5.195969
    5.215063
    5.193394
    5.205411
    5.191117
    5.235892
    5.253333
    5.230353
    5.244431
    5.236565
    5.206538
    5.215883
    5.205386
    5.198484
    5.201425
    5.236565
    5.235892
    5.230353
    5.228124
    5.230353
    5.235892
    5.235892
    5.205386
    5.193394
    5.235892
    5.205506
    5.198500
    5.199797
    5.175904
    5.201406
    5.210956
    5.215171
    5.201501
    5.205074
    5.207053
    5.203099
    5.208635
    5.226362
    5.211225
    5.204415
    5.200215
    5.199797
    5.201902
    5.206881
    5.157833
    5.197996
    5.208912
    5.197806
    5.201501
    5.216872
    5.171704
    5.211225
    5.202639
    5.205331
    5.202573
    5.228124
    5.171704
    5.211225
    5.207053
    5.201406
    5.205331
    5.204906
    5.215006
    5.204415
    5.201425
    5.207897
    5.255050
    5.197039
    5.196150
    5.255050
    5.200000
    5.204906
    5.207034
    5.201041
    5.191601
    5.201501
    5.201313
    5.198407
    5.235892
    5.206407
    5.157833
    5.196006
    5.191273
    5.198484
    5.207053
    5.189450
    5.208606
    5.198538
    5.196611
    5.198493
    5.186574
    5.211225
    5.196865
    5.211336
    5.199424
    5.205593
    5.215883
    5.197039
    5.171704
    5.164567
    5.211225
    5.329906
    5.204507
    5.215242
    5.206941
    5.228124
    5.228124
    5.204267
    5.218956
    5.171704
    5.200000
    5.181375
    5.191273
    5.201501
    5.211225
    5.206004
    5.207248
    5.197414
    5.228124
    5.201920
    5.191601
    5.204415
    5.202839
    5.235892
    5.208805
    5.205331
    5.191273
    5.198538
    5.329906
    5.186574
    5.196763
    5.196611
    5.228124
    5.191273
    5.206881
    5.199224
    5.207034
    5.197039
    5.191900
    5.193187
    5.199132
    5.199797
    5.189121
    5.205506
    5.198202
    5.193270
    5.208742
    5.209218
    5.203314
    5.202573
    5.205506
    5.200648
    5.203314
    5.198715
    5.200000
    5.199548
    5.198800
    5.204507
    5.205107
    5.207897
    5.201041
    5.197669
    5.198407
    5.196288
    5.198500
    5.175904
    5.215242
    5.200215
    5.210487
    5.215006
    5.195969
    5.198538
    5.215547
    5.199486
    5.201990
    5.181375
    5.211225
    5.196099
    5.176955
    5.198407
    5.197996
    5.208805
    5.181375
    5.206218
    5.201313
    5.157833
    5.172432
    5.206218
    5.207248
    5.196099
    5.195632
    5.208461
    5.200943
    5.196288
    5.207745
    5.195969
    5.202460
    5.215006
    5.172432
    5.206881
    5.205386
    5.205074
    5.202088
    5.205386
    5.203099
    5.203314
    5.209218
    5.215063
    5.197039
    5.199132
    5.210956
    5.196865
    5.206397
    5.198166
    5.181375
    5.206397
    5.201131
    5.202412
    5.207897
    5.211254
    5.205038
    5.175904
    5.206538
    5.201313
    5.195969
    5.253333
    5.181375
    5.208606
    5.207034
    5.206004
    5.198202
    5.199797
    5.215625
    5.205716
    5.204843
    5.210762
    5.196611
    5.207248
    5.204843
    5.215242
    5.198166
    5.157833
    5.268719
    5.175904
    5.172432
    5.202839
    5.206407
    5.197996
    5.201131
    5.215883
    5.196081
    5.215006
    5.228124
    5.186574
    5.210956
    5.195969
    5.205038
    5.210956
    5.210717
    5.201501
    5.198500
    5.205411
    5.208912
    5.199132
    5.216188
    5.210762
    5.204906
    5.211336
    5.198166
    5.202460
    5.210762
    5.201131
    5.203742
    5.205411
    5.201425
    5.201313
    5.204906
    5.203742
    5.186574
    5.201131
    5.215547
    5.199548
    5.192391
    5.198407
    5.215063
    5.208851
    5.194625
    5.202488
    5.207897
    5.201131
    5.210717
    5.237650
    5.207490
    5.201131
    5.200215
    5.171704
    5.206407
    5.199132
    5.200215
    5.200943
    5.211600
    5.207745
    5.200943
    5.200152
    5.211225
    5.197295
    5.201313
    5.182395
    5.211336
    5.192391
    5.312578
    5.430358
    5.157833
    5.194625
    5.201041
    5.194625
    5.215171
    5.198715
    5.312578
    5.192391
    5.204906
    5.200215
    5.195969
    5.201175
    5.199671
    5.198715
    5.197514
    5.203314
    5.210717
    5.206397
    5.208851
    5.208851
