vertices 2039
     0 3.27064868668537 6.35020422776485 4.48752432852687
     3 2.74808303052441 5.76372506255902 5.18540874394523
     5 3.36940267342203 5.04669910736003 4.17994596258457
     8 3.86872928340964 5.34649976052453 4.32091371331421
     9 3.87867485446269 5.58014015984436 4.24126981438214
    17 3.13003405101242 5.02443724860083 4.88561114972979
    31 3.42491557194609 6.48301394886215 6.59368142250900
    33 3.57598818785580 6.45236827175979 6.42475110684714
    46 2.56064390873727 5.68338349351072 6.82267572860433
    47 2.61943607076888 6.30043996616612 6.68371000647496
    48 3.04530005148608 6.57962030673537 6.26876867285475
    52 5.79711833012996 0.73973547025253 2.33134912734788
    55 5.78270277376224 0.59056893735331 2.76626067625388
    64 6.04066279504610 0.48108387683579 3.15976143047297
    71 6.95852203796969 0.98218221614327 2.16464895179122
    74 0.04819221573527 1.03378539339895 2.58610722285193
    77 5.99586380453885 0.33453778078351 2.94108668625496
    85 1.41270669089726 3.02878786532725 6.64009204249938
    87 1.07682800030715 3.29185043790599 6.53016515021502
    88 1.21042710077627 2.50482758013800 0.12645088089227
   124 3.33287908880031 5.48271203738575 1.14932803027452
   125 3.28909235539959 5.58472792480209 1.14618408412792
   127 2.73664662830765 5.51168968824116 1.19093344403765
   131 2.30099111468526 5.76423309684991 0.67787969175124
   138 5.02964123406240 3.85852728565773 0.03457115280356
   141 6.18283677233585 3.33301795539911 0.43054302313971
   142 5.73627673531850 3.27061725892997 0.59543724024576
   143 5.92571751436159 3.46822132952638 0.81811796773972
   145 5.49683999259983 3.62715451725039 0.78683038516432
   146 5.72283597337082 3.97455201412951 0.84287394735803
   147 6.40473968184312 3.72800483144924 6.77574477936058
   148 5.73645039516429 3.37890849902009 0.78319064550876
   150 6.22651782448876 3.39301121785252 0.50105474353920
   151 5.88031952011416 3.93301015390528 0.86123654619506
   152 5.18581332432914 3.56044117598170 0.36839158286539
   158 6.27740409453167 3.48015478132899 6.80282194662795
   161 5.15049217514081 3.65001240987881 6.70563190175184
   162 5.19679630406657 4.08998915891227 6.76581121945397
   163 5.07728055200870 4.01342397965264 0.02700962074676
   171 2.51861737937112 0.71742423914040 0.44872011705089
   173 3.02858788772934 1.07853969361873 1.11293493361583
   174 3.27964804316792 1.23504224097688 0.40321883715713
   175 2.04258719094782 1.60403023884245 0.71038625773869
   177 3.34737996212965 1.56039540578534 0.65665666424021
   179 3.11008063169560 0.95051110740354 0.57652695499733
   180 3.16049889138651 1.48165571980087 1.08399436501762
   181 2.76555515547084 1.79031476345838 1.18043949025352
   185 2.32514829189450 0.82896702556805 0.22704160754710
   190 2.48839865440272 2.10487559234893 0.78561950386641
   191 2.65826854739224 2.09662557565986 0.91365273338939
   194 2.56242546860074 2.14140982203603 0.68192612246372
   197 2.55500315575603 1.84684831321913 0.07524592993211
   202 4.80934408836163 3.48649883045841 1.56097378863018
   229 4.70804052076103 2.12631577454972 1.58396672534205
   232 4.43884992329946 1.95460856449902 1.71290260604713
   238 3.55527939321707 2.67060121796697 1.47043622879903
   240 3.64905299717098 2.97222624481676 2.02376862270428
   241 3.96237116890487 3.38282158656855 1.86936372950686
   243 3.78022424575082 2.12957191758237 1.65339926135286
   260 6.41259575132051 2.00192568543156 5.02813351178279
   266 5.87457416191036 1.53557821301265 4.99570790238854
   274 6.51800112073886 0.59333936222505 5.29827250418711
   284 4.34535195210523 6.21982144801557 5.33925386617447
   285 4.26984950259919 5.97469741620429 5.69090064610987
   289 3.77405807712157 5.04370245788899 5.29097352864541
   295 2.18404606255345 2.68730038329117 5.17407265999210
   297 1.51538961699474 2.81069347596756 5.65145418399747
   298 2.25237680865069 2.85293213389362 4.78544904944207
   299 1.87130354133427 3.02053136923542 5.56878866413279
   300 1.23576350932395 3.19613934410591 5.58979318594904
   304 1.74443300578116 3.32906165065067 5.50325452718791
   306 1.22928597316813 2.97504219868176 5.61563417692036
   308 1.76953555691570 3.51323367013733 5.14243178235508
   312 2.02727885496941 3.31657786265527 4.72176011492244
   320 3.70751460128343 2.24508119345576 0.09637051632766
   321 4.40420850095839 3.11317870140471 0.56029570746549
   322 4.13225642331262 2.15032337888678 6.89747496510233
   324 3.68005611394736 2.74301830331779 0.18827706413335
   330 3.99355939186976 2.94180716347823 0.08973420018152
   332 4.30430215523274 2.64969808472521 6.84891611921550
   347 4.05187065912014 6.73308291743409 3.63635084349481
   358 4.96027281582975 6.95088343336670 4.44922796851651
   362 4.59617880022944 1.60860800958079 0.41773958247023
   365 4.54227346825992 1.09228237750957 1.64262352836484
   375 4.31523887018991 1.29391613830415 0.59367196686160
   378 4.27082821084146 1.12978404152414 1.39600454127449
   389 6.33253742670114 5.42273426979443 6.47028648314659
   390 6.35896032160603 5.43690221662702 5.98237230599981
   392 6.64653251699738 5.96209682591311 5.75414626261955
   413 6.57311943476564 5.14328085753329 5.80665564907683
   419 6.55015483915992 5.03936238993755 6.67705595357694
   429 0.43252019944713 0.85273971567715 2.71926805268288
   430 0.36584723137336 1.15278882312250 1.88167332733822
   432 0.23919229668065 0.98550669839971 2.10929578652842
   438 0.91835171478227 1.81404025191288 2.76414296469658
   442 0.81697157953158 1.21149640570061 3.05067469234251
   453 6.22773824569633 0.53491858279598 1.29669717477438
   462 5.54904465697927 0.69947058344820 2.28533751960944
   469 5.06988734216143 4.76140986802367 0.78924632982111
   470 4.93739364938188 5.84920665565649 1.01869039953816
   471 4.69935050397471 5.53245976554625 1.00343391892072
   472 4.63683070214450 5.46633618208512 1.52117187720176
   476 5.46683398910553 4.56240748148391 1.21802885288826
   478 5.48685629393653 5.62536745922584 0.58587392936484
   481 5.50018787919898 4.63262056089295 0.83004378451213
   483 4.74522769854163 5.25241232801425 1.64513582091692
   484 5.70882398516555 4.75714925570554 1.46893454777785
   485 5.03662808281325 4.69427562831288 1.20930127031903
   486 4.98712229026835 5.10628435794405 0.62677921221624
   487 5.43251917485605 5.32388191290793 0.45408159954133
   488 5.80133271787141 4.99748995545201 0.63518300262613
   497 0.07552692986627 0.64507818131368 0.81492140181747
   509 6.60675878650525 1.25617301684613 0.92075633352682
   510 6.40188083630666 0.82093352983186 0.83099379518658
   514 0.73585526050873 1.46912486707541 6.12521109717696
   520 0.85545320638607 1.77175900923764 5.89577982684857
   531 0.46264604285757 0.77001833541302 3.59911485907269
   538 1.22742993236253 0.05215653221690 3.45981954175586
   539 0.88383024131001 0.33298844768212 3.82544076828572
   540 0.75599651639456 0.30789478513078 3.81443866410983
   544 3.09174559123122 1.85324523486109 4.99839034135629
   548 3.07646384313359 2.57572536585023 5.40731431636005
   549 2.31990855967464 1.65547314182753 5.07678602971966
   553 2.95732568020659 2.78909865294115 5.33352405736672
   554 2.65683761865283 2.67883899533339 5.48002712224178
   557 3.29815501330831 2.30863579814031 5.08856529384791
   562 2.14637519976342 1.86568352461943 5.22592469536601
   566 3.08528683440510 4.45109684175106 4.96928546452941
   568 2.67134803539391 4.56313337082290 3.67178444574474
   576 2.23149263421761 4.34534393999993 4.26996071943342
   577 3.38844245833302 4.76623990681091 3.98140770319775
   580 3.29502639394560 4.45344638469176 4.16330741636662
   585 3.05237056313486 4.65121672657622 5.09777535701917
   586 2.43256494132154 4.36677238185567 5.00284719902350
   587 2.61877167948022 4.66784515743353 5.17793513631937
   602 1.04930515231135 1.78830989627458 4.89275434799397
   606 1.39347136652203 1.21974534837927 5.22547092396247
   617 1.76466618816921 1.03198565002148 5.10805542747571
   626 1.75218031954687 3.08278487142310 0.37898005544577
   627 1.48650099469262 3.43649292906840 0.71397662591547
   629 1.76347631160320 3.55824035736454 1.04263682651118
   641 2.05265862219647 2.45296431708487 0.89231393747226
   643 2.03377439945988 2.75578075610092 0.49916347908584
   644 1.78455239935211 2.48560533342360 1.66672137445786
   647 2.37051054138746 6.53254504900697 0.48631223393577
   648 2.15330657179642 5.88109631727790 0.74170503798724
   651 1.98361400133089 5.66097776807366 0.61022698352631
   655 1.52039387080963 5.68467760351831 6.73092962456313
   657 1.67151832087724 6.55320064082182 0.38992937416155
   662 2.10784785002567 6.41061911901002 0.65681334296735
   666 3.53588456469091 2.59051388591944 5.86004363392742
   668 4.32060268730806 2.78007880378395 6.52900692089084
   671 3.57288580703671 3.12635940492132 6.23894602838868
   678 4.07511855105097 1.87240930170161 6.57203338283456
   679 3.52273063670056 2.64723118283397 5.67707501571723
   681 2.70000716418917 2.44992151439696 6.49076315564304
   684 2.77258671612715 2.90556524306146 6.65355498327106
   686 2.46643890185450 3.50473069891818 5.92606921744426
   699 2.29649875279405 3.04508777977359 5.88358673055872
   700 3.66221633394236 6.67201197569314 3.61653803241791
   719 4.33692834255834 0.23035961721205 5.49200509044560
   721 3.74600917017505 0.23143728132165 5.58885026590185
   722 4.72201123842115 6.95014738665700 5.95032345737348
   724 3.94199963194477 6.66984401237023 6.50769049989085
   736 2.93187557448822 5.77906232948408 2.22158968810027
   739 3.96335754778435 5.49352107649956 2.89034704188424
   741 3.53973719650174 5.61253261141360 2.14787520961958
   742 3.75302296431789 5.91514590401697 2.40676841677828
   763 4.53542541056671 0.39531720417788 5.33170796814047
   764 4.39666450702241 0.44156639183122 4.99557681213635
   769 4.61766642544005 1.68820805919440 0.05620257563813
   776 4.87929415588838 1.62743002852961 6.85349288395576
   782 4.80020828931599 2.96221585886237 6.36841319127467
   783 4.63120608157101 1.48892183577738 6.60701349489625
   794 1.77845159653458 3.87966360636493 2.13494838803284
   795 2.04519458293195 3.55711393303958 2.21458781813180
   796 2.87160631038256 3.93034287587367 1.60205213458509
   802 2.69725022952496 3.46583738866444 1.20647575257000
   803 2.68498366350334 4.29359285405367 1.49233723771646
   808 1.88385069394114 0.03915961065928 4.90283660582926
   809 1.66434978919884 6.30890069134049 3.69921905770179
   813 1.30173496163249 6.93864068241057 4.65560630587811
   824 3.58056491140506 1.54285662392763 1.44718806892427
   833 3.49240205534251 1.84966162420610 1.67189111653239
   835 2.89882178205125 4.65418538035168 6.10987077665587
   836 2.04838376122202 4.15427410059064 5.73487362817458
   838 2.69538015807853 4.62475445346959 6.15135805031338
   841 3.10882318796334 4.35842129402739 6.25180979502410
   843 3.32962424588763 4.48064367748988 5.30349501818661
   844 3.36214206210360 4.16095273669599 5.86005716703340
   845 3.20795148430896 4.65190560146786 5.31392511037793
   846 2.07592177015695 4.05983229469370 5.35250194326216
   848 2.06386360243710 3.87402898157042 5.87310941319300
   849 2.10505059258549 3.74608179373473 5.73305764332213
   850 3.02435915127584 3.82164011223934 5.19985850983007
   851 3.23626579754886 4.32805878583221 5.07012004837149
   852 2.44034513534283 4.63038731076929 5.86986278720560
   853 2.11118455243674 3.93534150585608 5.34638634027699
   861 2.70506839897246 5.90964965541810 1.72685892522691
   862 3.71250654423963 5.40595996937765 1.61897621799907
   863 2.56925624059717 4.72902916780270 1.77062390848695
   865 3.69594625042250 5.11746568055961 1.89988425000608
   867 2.40569509131707 4.95788591700517 1.66692148477010
   870 2.86444719777271 4.69783200426921 1.55509776336883
   871 3.35875365521678 4.73991327969047 1.94501359043362
   872 2.60232117615456 5.23402490596430 2.52525916322894
   875 2.13249610506337 6.16873483166145 3.17692072928983
   876 3.00126191624710 0.24960602764315 3.31099896878555
   877 2.14948522213769 6.50721908648346 2.75546183455955
   885 1.76982287964731 5.61901485383272 2.58159703098828
   890 2.09868219134849 5.35135713804360 2.91559565040843
   894 1.91063140379429 6.39145264376416 2.47716753063457
   898 2.59156649362600 6.12015865482527 1.70532978937037
   900 0.66865320423117 6.03105450391066 5.79951652059439
   901 1.23456953338528 5.35458843770283 6.27237178606331
   903 0.37221106286791 6.33098751806329 6.81135796102836
   909 1.27456483744948 5.30386967123650 6.53654723664792
   910 0.76639406452322 6.47518807114087 6.83740838149561
   911 0.81855181970356 6.62128404225227 6.45193582948667
   912 0.31366387500485 5.84830027570226 6.88202984932649
   913 0.32951536796822 6.50064166070368 6.18025579626086
   920 2.29978544844287 0.71058746332882 2.31760124243449
   923 2.70047087049786 0.53691180172100 2.14213131439727
   924 2.49847139661029 1.17002235577897 2.19572970726159
   927 2.85889796124887 0.83723643736709 2.06864459985821
   929 2.72275930236459 1.09569243594923 3.37443316486730
   940 6.17862044121582 0.02807602793603 5.47781162322352
   945 5.27494048233401 0.71298125624475 5.56981380525657
   947 6.50307668785791 0.18550524377437 5.46008136786943
   950 3.89227509453852 4.77702350880126 0.70957069604277
   958 3.49813922301021 4.60282394699166 6.67638293817637
   967 0.56095587904324 4.38268371188518 6.78609948485983
   968 0.68101757962279 3.63486442043071 5.73900167578290
   969 1.18341590734014 3.60719187636559 6.62220365835520
   971 6.88865607485078 3.99539411732477 6.00373970804375
   973 6.85265250378872 3.73958028423626 6.61941285705966
   976 0.10403603810310 3.90204988829665 6.93178985532233
   977 0.41591881070320 4.40646339293467 6.75629048681915
   978 0.08074872355728 3.49607793246606 5.94310678255434
   979 0.73169131625873 3.82452865644816 0.03117537530269
   991 6.49162235912939 2.35394491695216 4.56853700799908
   996 0.13217260941458 3.24548153255385 5.02460333407730
  1001 5.86290719707882 3.34255162014393 4.26989539925725
  1015 6.37994840187812 2.58803679596495 4.92734275377453
  1020 2.99635965270884 0.79957512452310 1.48912424998015
  1021 2.42192167068576 6.79672448759966 0.87089961597051
  1022 2.86151466066800 6.91454923940565 1.59853122151882
  1035 2.63607610327127 0.30656710077371 0.31841662851291
  1036 2.53900886573614 6.78173323138753 0.67601329656433
  1037 2.84361488595250 6.68623876881927 1.39828531058275
  1038 2.69286827995017 0.19467585951735 1.58535540187205
  1044 5.59948535277401 1.20198046566163 3.90752148048862
  1045 6.18926010610737 0.15906309294673 4.04218565440403
  1046 5.84845320172852 0.21839864323229 3.64833259429730
  1050 6.35019711459761 0.61515880409922 4.33000704670106
  1059 1.92274074976433 0.62824670014986 2.06701840173907
  1065 1.29091425188157 5.28213527717610 4.89972117592309
  1068 1.30100208662273 5.63921601309876 4.88643404160884
  1070 1.39472934157286 5.14851918516065 4.70050899510739
  1076 0.74139279351417 5.88552169114245 4.68171586611056
  1077 0.67311009068042 5.61355914388086 3.58572747215975
  1080 0.93294716261299 6.07287969771168 4.30001998772083
  1081 0.93532537738979 5.71532291365582 4.94165894619483
  1091 5.74978810646096 5.14629000845348 5.65965874814160
  1092 5.17037876067755 5.02123259180775 5.60918313670885
  1093 6.09771720329928 5.16208829962172 4.70237484338346
  1094 5.50571349530184 5.44310928852910 5.50556001311534
  1097 5.50473093251062 5.61973847541360 5.19685497721074
  1098 5.61322033610543 4.95462667573535 5.73950498242712
  1099 6.20827524555803 4.85191697657301 5.44232534240029
  1100 5.77427818071156 4.63239690272299 5.61335651070157
  1101 5.14445805587367 5.30036565225763 5.51691111727370
  1102 6.36813389976732 4.87434401355125 5.04983622979900
  1103 5.06265767422263 4.77440937291019 5.39268893495124
  1104 5.41477627907496 4.42604583018699 5.32075305650827
  1106 6.18457119012977 4.70469008559382 5.45855641530706
  1112 3.99853635847622 5.29220985333511 1.51400809582776
  1114 4.37351744119893 6.12935187634387 0.67160727686828
  1118 4.85077417158077 6.09074517425919 0.91245061215252
  1122 4.25230966791628 6.28125679391264 0.77493971389678
  1126 4.63872161971360 0.32783841108431 0.12992872446838
  1130 5.03242263378610 0.33841644065545 0.04826997465171
  1134 5.28315094120892 0.46121424944854 0.39814140127329
  1136 4.26947985908054 6.79138549147532 0.17598796334054
  1137 4.13381770845659 6.78964363837188 0.44449465389740
  1147 6.71756376692622 6.49970669386542 4.79104596389571
  1148 6.73003836053428 6.82125043828472 4.06967228989655
  1151 6.82227247969581 6.25326636661215 4.88746889476987
  1153 0.33975780317512 6.53316537551589 3.66884078695245
  1155 0.50008059673636 6.84670785674849 4.12076361903209
  1156 0.83103978335125 6.52201461080144 4.43408813209913
  1168 0.60764729483152 2.86867156468795 2.09787244761922
  1174 6.42072932276022 2.83482024811635 2.76924083714371
  1178 6.65337946638311 2.27287808105266 1.68884296348227
  1181 0.00987143262750 2.55405747427881 1.53238915968784
  1184 0.51908656527184 2.86864679017559 1.83426994037456
  1202 5.39694977924807 1.58909573510430 4.76134451445770
  1207 1.68899968554329 3.35132175372342 6.84396755823326
  1209 2.62770185552650 2.99194857737164 0.20468770633384
  1210 2.38274375117893 2.57268022830390 0.33245028136424
  1211 2.41441339822790 2.19665664519439 6.85182237824431
  1212 6.08766410687705 6.57571931726535 5.58759743263480
  1214 5.18561683433147 0.28589746439741 6.37892400841339
  1216 5.90897047673641 6.70414530620017 6.37221396974669
  1217 5.56377452772977 6.31409452968041 5.66280472211076
  1218 6.23059703656274 6.76401965075330 5.94848975350822
  1221 5.75373243417379 0.04419239361942 6.53101119760135
  1226 6.11977631558243 6.84183027894570 5.37249731368272
  1227 3.55794712126332 0.85850549640146 5.90086394221531
  1244 4.00049201364723 4.08928997567312 2.19197339031524
  1249 5.44700078693977 4.19386442908933 2.21719115636658
  1255 4.37344130714537 4.42518713606581 1.97872860199517
  1259 1.22465464204231 4.53661207872256 5.62494951091071
  1261 1.18990720015647 4.82108815837199 5.61609402245589
  1265 1.45522214195603 5.12678140509908 5.07906758980382
  1266 1.50005585680873 4.26796145744792 5.11080170440862
  1279 0.44526993438066 3.51774677517217 2.71761839417918
  1287 3.17126285368000 3.90785070966374 2.79449036889000
  1288 3.80803143235929 3.80380749288706 3.67241911663371
  1289 3.40696072484115 4.21097064636843 2.69279946762546
  1293 3.10381117852702 4.62147526224235 2.79755172577283
  1294 3.56932457023252 3.66550254010186 3.16452611314510
  1300 3.59096755070017 4.22769659843787 4.12610413453099
  1303 3.57735098474942 4.76381790507635 3.15329407238355
  1304 5.51838950563771 4.27462782833734 1.31025855183477
  1309 6.56975275015117 4.91439598446524 0.35419803544820
  1318 6.29429886456606 5.48405090584260 2.43555977434877
  1323 0.30824812045168 5.11300065386188 1.77553785942480
  1324 0.45742422855562 5.70607506265205 2.74488230253469
  1325 0.62399195920654 5.65149213085128 2.36385383100844
  1326 6.77768467437425 5.01890271666060 1.74067010704392
  1328 0.19933169249495 5.09354978182662 2.88136934395698
  1329 0.01849414933080 6.05555018891002 2.61643518924876
  1330 0.31758710126493 5.68273014714717 1.69612171307879
  1336 0.28120429290642 5.40991537470927 2.96707752511783
  1344 6.55332805956924 2.71368816745506 0.27025088347652
  1345 6.61820186346837 2.82075379828008 6.76576829617945
  1346 6.76248731078250 3.92453507624545 0.36357367063430
  1347 0.31933292002524 2.64685369371543 0.42353922579579
  1348 6.89324040457147 2.68470620817803 0.55241514483242
  1349 0.18241207637980 3.51210254531495 0.72264688632122
  1350 6.77119275859298 3.10571135402623 0.79148493730251
  1352 2.09904322936307 6.50021274753802 0.83052224974778
  1357 0.67349577367293 5.88616576877611 1.06373047040385
  1361 1.55653529062666 6.64854473868480 0.49039242497571
  1362 1.18971848530831 6.41514949573451 0.41799732678816
  1364 1.72523337740658 6.69342059813627 0.88812026135275
  1375 0.09116660938380 5.97776142442564 1.00073783749123
  1380 6.97733651071751 5.69040549637097 0.61023214680912
  1386 0.93162493995086 2.27314955144857 3.68487203083355
  1391 0.56842977499748 1.72686834128216 3.03116751624023
  1401 6.24269725176045 6.20824339580730 5.45034211888569
  1405 6.39902664277902 6.50748128002998 4.93140956469407
  1406 3.59281082898937 0.99274585260068 0.27042153103153
  1409 3.70121988714641 1.04118460503470 6.80274739418418
  1416 4.28575075732014 2.57154516654102 3.38394139892968
  1419 4.25797558571813 2.00974642748215 4.33896283144361
  1421 4.69467008788944 2.00894715296397 4.09250875492208
  1424 4.74076945935803 1.56715046049981 3.95583416915653
  1430 3.95750939125003 2.36437535008384 4.16292336739676
  1439 0.02884655586918 6.84752652132829 2.99421660289271
  1440 0.81227087239545 6.53359750402457 2.02623138107574
  1445 0.40402563163003 6.78594064878135 2.12132214959288
  1446 0.05168570207172 6.56982692684690 2.23124150160342
  1447 6.87812229802315 6.66598863876657 2.77169044759466
  1448 0.04557271867060 6.68783512529852 3.11286562281631
  1449 6.88260981768615 6.53139842680624 2.86873232420500
  1450 5.73668607023914 2.37486526895764 3.00025460316838
  1457 1.45637178837069 5.46494026922301 2.55964162313091
  1459 0.66058674741177 4.32293940579138 2.26725518039172
  1460 0.63575003638024 5.48842586323868 3.21186957151073
  1461 0.59654003647574 4.32967972872303 2.30512755719413
  1466 1.39442936096088 5.41393762496544 2.33233388995306
  1472 1.88891616809999 5.04266668934750 3.06693214669746
  1481 2.31671734328287 4.84231905865751 5.98057385183082
  1484 4.66059624720260 4.50553144546599 0.43139313070816
  1489 6.05340744958512 1.54303592913140 6.50413560691249
  1493 6.72859666119366 1.87785828867676 6.50081900634577
  1496 5.99608671767541 1.21349651103609 6.60992702517725
  1499 0.22058639686842 0.82854761658068 6.75490912705087
  1502 6.61753194248026 1.81156400181041 6.66810771982158
  1504 6.05740067911098 1.61726086512782 6.14584236166706
  1508 0.29487777247899 1.51498493293202 6.58681927042071
  1510 4.46164514245580 6.92968828438535 1.41078584594923
  1511 4.64301859109959 0.14357545775636 1.73526178034392
  1517 5.87050820118189 6.35131402012804 1.92144862964787
  1525 0.09063098505141 0.04762466567548 1.69974865688964
  1527 5.90020197036997 6.15445234262023 1.55486807011071
  1528 6.72540615081430 6.45358118031364 1.22073032230136
  1529 0.10290297605419 0.04406457089824 1.50549931784728
  1530 6.46547712228482 6.84941766260628 2.19261687468547
  1532 5.48070019667503 2.56111548576215 0.83151602141819
  1544 2.97837696809116 3.52770154446705 2.27211419485616
  1549 2.45899942277339 2.35495595108230 2.10223297568214
  1559 1.83170218484056 2.34718780907034 1.78861589955698
  1563 2.35846968272444 2.30796985658111 1.79130028782186
  1566 5.12985704696891 4.83087518049191 6.58207377255216
  1570 4.94016486640196 4.38602754383764 6.67196458010021
  1571 4.58360152299076 4.54922404572227 6.01767890414450
  1577 0.88817988288499 6.12621949185093 5.38765021096433
  1580 3.65310747970897 2.26093785243457 5.23307288263530
  1582 3.46983234872808 1.23622121392376 5.75108524754955
  1587 3.70412565594632 2.51383747589702 5.59963566112563
  1616 0.96813040927295 4.25933736003851 0.65874676468723
  1619 1.73910136514880 3.82732180405330 6.71333030256018
  1622 1.55361125551166 3.60531796105344 6.83983181965977
  1624 1.93624942710229 4.52640924575808 0.22792130357189
  1639 0.74297555218462 4.03638720804760 1.69172197968270
  1642 0.36051723749524 3.65329562170818 1.00329421902213
  1656 5.83221540373384 1.99106166644750 0.73428927041561
  1657 5.71772666837953 2.04971626842786 0.90506067070574
  1659 5.54120203446152 1.30043939026162 0.24924136402582
  1661 5.39039618110536 1.28825278996643 0.06049263646097
  1662 5.50838608582280 1.34171186920215 0.05124601077200
  1663 3.68574288715440 6.80307519511805 0.37543031972162
  1666 6.14277310050343 2.89513241163208 5.88184869759144
  1667 6.13048912297545 2.82707532360970 5.98570520797105
  1668 4.78995498543888 3.42031967264047 5.89880567140535
  1671 6.09223805338642 3.38744270093350 5.86844189029268
  1674 4.73244164321057 3.31241138178317 6.32738585983851
  1676 5.75375955773315 2.73470961125231 5.66980595686045
  1677 5.38666167826800 3.07283250996646 5.49510719196558
  1698 1.47188195437579 5.03204343174641 5.96091988597555
  1699 1.62458313983062 5.91493824892533 5.31662837887783
  1701 1.87610185846801 5.47339727962444 5.57675657343488
  1702 1.86780211870819 5.45197529263816 5.68621517220252
  1703 1.30592409282375 6.20406630556632 5.56857184191264
  1717 3.69470101885046 6.37119574856297 2.41364936216780
  1719 3.52373226943791 6.81121321525932 2.10941175573262
  1722 3.87624612544919 6.03421519116740 2.30891681637880
  1723 4.24881656137670 6.71023058284904 2.62362657111082
  1724 4.32217638066308 6.07872872044619 2.44231641482182
  1725 3.91033898786535 6.74700476270336 2.60174793489876
  1732 2.39435224784131 6.03409206378405 5.33481279702624
  1736 1.88831300225466 6.13370118128361 5.18181368763585
  1742 6.90254964453423 5.78527974460770 0.47969935329342
  1751 5.38242805479825 4.64081565778844 3.27310058924076
  1762 4.91997509294644 3.61219341554031 4.17477261642267
  1765 5.12998913045826 4.77650372258687 3.54613046450709
  1769 1.82837263525718 0.73292935592537 5.40767927029397
  1772 1.38179580673551 6.88319488638088 5.38381631390842
  1789 5.38139430588971 5.17809191660340 3.35418343393985
  1792 5.15781763159973 5.06677995472839 3.53905306100276
  1795 5.39169288795846 5.66324452771608 2.84221876744157
  1797 4.29750903566478 5.39430252151635 2.97287125589562
  1798 4.85739697286003 5.69187610753542 2.60131563930256
  1800 5.25294339023704 5.17521265421505 3.71969818331761
  1804 2.80664452796502 1.99666560300056 1.40984542832570
  1806 2.55165598630358 1.96335613865580 1.73243088151822
  1809 3.10212442983882 1.90894637170806 2.37183869368162
  1810 2.69266255097035 1.97926246367817 2.17089188069511
  1815 3.00133574306575 3.40641920425810 3.92517794733272
  1835 5.49492678334303 1.86637778991249 5.76482396952825
  1843 1.98088677693012 4.79616287331418 1.62026594069129
  1854 4.15972222577032 1.04676433813344 0.38208943522101
  1855 4.96855252851222 0.52711437238750 6.68964952168336
  1861 5.76162476346785 2.51658043065733 5.21839882465755
  1862 6.34477585823166 2.50752644359579 5.04924431109365
  1867 4.66644753132171 0.85038845658056 4.51424812703014
  1883 3.43906381051716 2.21879615084944 2.57206216579257
  1891 3.96991086258681 0.98953356367695 3.01426006571630
  1894 5.08961592938103 2.14182242560320 4.39246594947990
  1895 5.17911457948371 2.59650088108179 4.70224703706884
  1900 5.04240991277638 2.23300887623165 4.76183588417053
  1901 5.19793135461644 1.94295685602679 4.99439178812834
  1904 6.27843990135372 5.47171687660436 4.57495424565170
  1912 4.47387988822988 0.88104432864377 4.88796491963776
  1913 4.68920514854050 0.82456526866296 5.38906958930714
  1915 4.64719336237793 1.01384267010068 5.09377867431018
  1924 3.41228998451081 2.79226678235251 2.51039121786976
  1926 3.65599745943985 4.12550761422454 2.08758372878711
  1927 3.56773409345347 3.93276819997830 1.97916018893792
  1938 5.72584285963112 6.19730280672110 2.45495907944615
  1939 5.79150084300081 5.80228131671845 2.60604650949786
  1964 0.20040563236394 0.87919167108052 3.88999152333870
  1965 0.69749595436001 0.22595763667861 4.05882725490191
  1971 4.76308436343279 0.21289900799686 2.68668434412214
  1973 3.85598913347548 6.95159443529690 3.08100895253677
  1989 1.44968424593241 1.90651406585091 0.77775188744382
  1996 4.10813965786191 4.99677298272922 2.97453737388374
  2000 5.87731322790864 5.59879309081720 2.40394748742637
  2003 3.06737196016915 3.10724276108162 0.41471601691005
  2008 1.49870835404732 0.66361166251975 0.23731956767362
  2014 2.39757574086652 2.37859739489501 3.33698795271293
  2024 4.34377713388365 2.74686149714449 5.12549783785652
  2025 4.11516423107321 3.47303987396885 4.94362177895915
  2027 4.32470202978154 3.62457484528402 5.62378268156544
  2029 4.31723170240878 2.78499905425889 5.24301116407192
  2030 4.10190577868721 3.32400476402884 5.29356773288088
  2031 4.53104078473931 2.67837183300745 5.16329723974165
  2032 5.04467641510460 2.82695919013617 4.80405263203252
  2034 5.42300190004321 3.26804231068931 4.81172813135589
  2035 4.88686496184239 3.47703820019125 4.49485224501588
  2038 5.33568724750526 2.94723304364197 4.93412983890800
  2043 6.07818369129925 3.73013971359772 2.97342644608094
  2045 6.11942042765960 3.27583310671633 3.10555841136117
  2057 4.46810596066793 4.92891279785812 2.25058401267500
  2058 4.11874761899499 5.19268801727500 2.84031353046545
  2062 1.54563790815774 4.89200953083082 6.55435938655612
  2063 1.53839815633699 4.15385499635141 4.11214747004362
  2071 1.45890612316902 4.28166677151085 3.89447250809460
  2074 1.29037699363186 3.99890006980219 3.62736028365170
  2084 1.49235455466082 4.46887407770831 5.95467856957032
  2085 1.61545818301338 4.81460668776255 6.10307123137746
  2094 0.14401751976300 0.43681124830123 0.30351614697574
  2096 0.68757933387710 1.16945527331838 0.16485054975807
  2097 0.40651731814453 0.75782290193896 6.94576557683746
  2100 0.49469604641387 0.01577528762370 0.44423417728034
  2104 1.20177385577831 0.86592679116282 6.96001480984200
  2106 0.91549447786423 0.25043442118389 4.11887930138228
  2109 6.75967021706140 2.54664739802547 6.43463003904253
  2110 6.54407197257658 2.72379183893389 6.68958956330291
  2111 6.36034970929766 2.35701902826340 6.99308998363743
  2114 0.14681088768396 1.78342873706657 4.43105519957724
  2118 3.84557852410448 4.62205400392515 5.31444039626593
  2119 6.40157146749837 2.43062449405923 0.27559697452447
  2120 6.26345097278664 1.90482969899084 0.89713220856426
  2121 6.91302322382135 1.67834497613137 0.44938599245947
  2122 6.54394075449277 1.38387468607683 0.75018478706428
  2123 6.64226356971003 2.18613611268477 0.57673885857614
  2127 0.69467688593202 1.92405506505394 4.94864185755092
  2135 0.49084588691250 1.94311717906476 5.42291387018131
  2141 0.41796786248612 2.38531517378360 5.50873707042291
  2143 0.60983310415344 0.75604769947535 5.00920677512182
  2146 5.50365092790149 5.89089102800770 0.29238667927300
  2153 5.55739532557505 4.91576757636669 3.17887531863748
  2160 6.28146665926725 5.26913294508800 3.77754901045289
  2161 6.62607184790850 4.83305112291716 3.93852158446637
  2162 0.24799356802385 4.70559337257763 4.04845491634438
  2171 6.77976682994205 2.58986385098921 1.13214912561319
  2173 6.90383116700301 2.46207776619648 0.70118197693897
  2178 5.68664865250370 5.90466351439151 5.52605038531083
  2180 5.91719780348676 5.41577756987180 5.92326261880757
  2182 0.58016784562249 1.54008060724291 0.05920925097698
  2186 0.30741307416253 3.83157089604738 2.69096177479198
  2192 0.22918969002571 3.93229877037670 2.99985438802162
  2203 3.58485937782187 0.62375619398826 4.01699275598112
  2207 4.39230629405795 3.66928917484793 0.54004373992494
  2218 3.97101609172917 4.18253022976463 4.76950380229488
  2221 4.34625400091515 4.84887393078135 4.75778797471863
  2222 4.61791797836963 4.40845260297416 5.73741474455977
  2223 4.25252783532406 4.43172629412368 4.43094448335451
  2225 4.25131376306244 4.32472432319469 5.61949384747102
  2227 4.02198023742806 4.53247544575309 5.17279472732421
  2229 2.45748272720133 3.62765781110182 4.62096798714305
  2230 3.20073288977090 3.51596201416145 5.06036614350716
  2237 0.78806210713641 6.72336287196875 0.22323755124115
  2238 4.67089833297484 2.20939700042438 4.99052416962844
  2251 0.66551473795422 1.47854903319381 0.11035434207610
  2253 5.53872226325808 4.81717368753581 6.51714473702032
  2259 3.67898655814310 3.61178726451751 4.75169493140774
  2260 3.70844148101189 4.11038488030003 4.68225502943520
  2262 3.60657895641843 4.36998268614495 1.84868895266133
  2264 3.71502826928125 4.20025557654939 1.06760507403169
  2265 3.43147198883668 4.19049359421813 1.56125683578957
  2266 2.88923628971988 4.47493721832231 1.42786466367749
  2268 0.60215740692826 0.68607348653248 4.98156087871910
  2269 4.28368084537679 2.10139015486870 4.81938041073620
  2283 6.56230920970432 4.58819466188286 4.13539465885738
  2285 0.01101920626788 4.46190201979087 4.96146108584350
  2289 6.52524120040188 4.15187392486736 6.04236984400103
  2297 3.05742121360937 3.33534159400896 0.52822405935377
  2298 3.14738214388624 3.29208853838654 0.89196730062209
  2306 3.78678339801762 3.85443283571136 0.97052208797919
  2308 0.88564787855324 0.24604371831895 6.36964456284308
  2312 3.41578352985806 4.06485252616619 1.59397001710527
  2313 3.69088570368373 3.71068739767443 1.13737032682361
  2337 5.28865062983990 1.76938361348925 0.99547410101700
  2366 2.86163705515171 1.04792562468645 1.17241603251314
  2401 0.66593334903107 4.32861107673238 1.10619199392516
  2402 0.32699892771268 3.94471392040098 1.17042315734824
  2425 2.48775524709699 5.81271425025348 5.47093704040327
  2428 4.34480174967331 4.56672861581141 2.69992485572518
  2430 4.51916559507318 4.67250294633148 2.31614744552665
  2436 1.89240491792792 0.05293818647050 5.09160335677039
  2455 3.08262010864178 5.44037306229634 3.54095460452337
  2460 5.49962101525248 3.96844413984048 2.37500441794361
  2461 6.06770617914169 3.76476437188108 2.64430745601200
  2463 4.83381314600811 4.95071754386486 6.06536583291062
  2464 6.15439628865426 0.77319962472925 1.16595365722243
  2466 5.24559494946671 1.37662717745628 4.22205984385122
  2467 5.40393107508739 1.66604276162914 4.42269303491762
  2486 5.05071284088812 6.12333792635233 3.99791623832050
  2487 4.92413651436931 6.40801112979212 4.36941873101703
  2493 2.29129668801391 6.72813559337948 0.11955538134237
  2495 2.15275123177330 5.58031515867232 0.56018060485484
  2501 0.70969949835225 5.36368971053759 6.18219134445455
  2502 0.52359331285346 5.80823145007630 5.87414901883954
  2505 6.57559368422302 3.10910515007118 3.80065347010050
  2506 6.65442425070796 3.20137504278299 3.43128986958708
  2507 3.20889683391753 0.85079699750259 1.39960930759979
  2513 3.38086639978010 0.28381870232013 6.88251550948528
  2517 1.99137476514587 3.38898090586743 2.52724261462171
  2531 1.46614727872724 3.95192654471309 6.30736171672352
  2533 1.33537178705186 4.25085848975167 6.26225827530250
  2540 3.07370938939022 1.75486802070234 3.34643558043346
  2541 3.01301125497240 1.95305101301711 3.17241165932601
  2546 6.49549897589202 0.22902559019353 3.98140288270217
  2548 6.59887618839545 0.45105293414826 4.15157632185627
  2561 4.26091853958066 3.68579090787005 4.95665990571722
  2584 4.09998128801534 6.37192914245484 6.48802995582804
  2586 5.99278851536750 6.13908227852109 1.70738644884805
  2587 6.00550147513397 5.76581718239185 1.81694437338494
  2588 3.46980816284202 1.77770072404114 2.17302734140304
  2612 0.42306146786110 3.42377328098342 3.13785721686817
  2620 0.81872917562913 4.73375006733381 2.00941827947078
  2621 1.37020669979025 4.93928099373847 2.17976240532697
  2624 5.96375539214985 1.05831121523813 6.37859943361348
  2632 4.56958171431992 6.92374445988441 1.14284221957884
  2645 1.39987764551137 1.76285917286322 1.60895964510008
  2652 1.19762444730442 2.24486134810966 3.79020837341040
  2664 0.46013148911943 6.76518438816134 0.42277618331858
  2670 2.49353049571756 0.69834183527610 6.42270354605581
  2683 3.98838938354093 3.68693059684625 5.94909243439587
  2692 5.52131044479805 3.43884325541762 5.51320975028795
  2694 5.53686644135083 3.57685089835955 5.14114842653734
  2701 3.30618265686058 2.56414927710520 4.57652139501649
  2704 3.87078544296399 5.42009306978208 4.65733729294020
  2709 3.17603289707644 1.25610826981219 6.31100780206043
  2714 2.27561786845370 0.29511264311386 1.05785878395220
  2716 0.73634570188635 5.80305209694747 1.23738345408066
  2738 0.10461826373674 4.43305862056522 4.25699334260557
  2739 0.22763006090925 4.35844164021603 4.72128115544845
  2740 6.83467272674477 6.87127690244926 0.07529081288716
  2745 3.51914924502466 1.09992089993028 2.21784076402380
  2753 5.70188428819632 1.85517394714690 2.44976580116902
  2756 6.38716952736850 0.96841541375481 6.95331386720833
  2758 6.53495526393722 1.84574576593657 6.12519833043740
  2759 6.61070796824622 2.54611328321107 6.08399291137111
  2763 5.09773085438643 0.88157126264873 6.60001655160282
  2778 1.10053077758202 0.41664922346728 4.48983697553297
  2779 0.39665299896016 2.29741416184848 2.67997586648168
  2780 0.59389637355967 2.32258833147331 2.33751058637908
  2795 2.78197389424176 6.97911144902330 5.19624269514081
  2796 2.82817716684666 0.06736020550633 4.75167753134677
  2803 0.84756600476026 0.49965891637866 5.80338598906872
  2812 0.64089640891685 4.89323191276711 1.38279476309870
  2815 0.41046184290749 1.63780675248305 4.72203366649733
  2821 3.91507909336172 6.48861051466300 5.14418487793148
  2822 4.02219206302234 0.13432962833755 5.29463306404509
  2826 3.52341501764164 1.21870752762143 4.53701183838149
  2827 0.81619394190597 5.35735512482070 4.98119289768627
  2832 6.61042029676870 6.66813981821682 4.12957668097226
  2833 1.34393771564120 2.19034352862588 4.78226932342846
  2834 1.47496021832043 2.19093435741171 4.55284958720987
  2845 0.59952578620801 5.30295570163974 6.50256216337664
  2846 0.22689172830279 5.76794936050949 6.72747720441467
  2854 1.21376091424586 6.12060413441481 5.95576892473897
  2855 1.46257253996472 5.77708187114241 6.14238090245008
  2858 0.43708908407953 6.59884094124768 3.30760392629072
  2860 1.37906916546009 3.33764881773072 4.48643214719579
  2870 3.09096299806317 4.90797550743656 3.68389085774503
  2871 3.31307991467584 4.89118008414164 3.11366377497944
  2874 1.92275863658857 6.78530163383244 0.02796393232081
  2878 3.71893844213478 6.19652310472920 6.40514201446336
  2881 4.09695820005727 5.18661099876508 4.22994778549285
  2882 0.22685251269862 3.11601847358076 6.28510328966770
  2883 0.12494105149907 2.77177545939000 6.22028499506553
  2886 0.76991883920477 6.19265501009716 1.02255978071524
  2888 4.71786634921204 3.22667307799928 4.48364281788222
  2889 4.26368252191295 3.18142045728318 4.72789746641041
  2891 6.85159919721754 1.96175058810414 1.85430108532611
  2898 3.99100477585023 4.39059932797836 1.08900655357157
  2901 5.90271081923033 0.09972842311919 0.04797074473769
  2904 5.17816876683141 1.09246504568734 4.81158529573854
  2915 3.47996217609411 1.43737604314835 5.17398584351847
  2916 3.64027867464156 1.17306998163695 4.85047775532210
  2921 4.45693392780575 1.05645300122345 0.79795262448708
  2930 5.91023181191914 1.72515119614234 4.23304100988650
  2933 5.43849420432895 0.51485504007478 6.16785216312845
  2941 6.46735832044507 4.86857571882848 3.45973914266062
  2942 6.31929794725066 4.72150485820593 3.31795099013696
  2966 5.59392433943416 2.74619554731834 3.01532324996856
  2967 0.48191493398589 0.24865277737180 1.17625998732061
  2968 0.38631764467940 6.93503453176511 1.34603424315383
  2969 5.24748411187088 3.81911916590580 6.56317783056014
  2980 2.95285064511528 2.93088814446910 3.75497729948459
  2981 2.59405992861637 2.87606265507990 3.54523152990594
  2982 5.75513946870424 5.08119346023378 6.74452841616831
  2989 4.19587442237370 3.45481305417067 6.45978187908399
  2992 6.24816014393505 4.01405485505232 6.50798083155500
  2994 2.68873613853276 5.28867322331547 2.56491781360211
  2997 5.96033104915346 2.21450265056650 4.00263164309607
  2999 5.62883545611986 5.68315110454285 5.71214620911495
  3001 3.59728425903229 6.10366892222954 0.88885137628774
  3002 6.41520545941533 5.34367438179762 4.03905044279121
  3003 6.36814402345696 5.20982694173910 4.00285463623574
  3004 1.45064221478997 4.73968745284694 6.65180195915397
  3016 2.72914938817470 5.23696353539840 4.87974390756110
  3017 2.46930847011090 4.99426433809011 5.04428561488252
  3020 2.58700881196432 4.22898679188968 4.90118930675330
  3021 2.55855107965951 3.96790781707436 4.99770149743236
  3026 4.04302253633858 2.65115686247644 3.51376480989266
  3027 4.19871298167233 2.67419381624217 3.73944809964925
  3036 1.77700339694604 0.29747756433538 6.48032528447384
  3048 3.06066755262141 6.59678401454215 6.44615837780762
  3053 3.44995352657966 5.81279978164056 0.78138462302457
  3055 1.20757334899374 6.77634373585540 4.41689190334939
  3058 6.50756941653281 0.35457039891209 1.08758534678548
  3059 6.59740027848593 0.58078995809754 0.80176968254688
  3064 6.88252687437517 1.47800968408654 6.94821772073312
  3065 0.24870741453222 1.38504168687196 6.81256230789405
  3068 2.14194247770347 5.41774046735962 5.67437317564923
  3069 2.14553522032389 5.43205752563047 5.59714851782662
  3070 2.07817716327086 0.93415813685312 0.33744415759792
  3071 2.05164514063950 1.38204762792416 0.19679532083261
  3073 4.29354392868793 3.46311632193601 2.66259866319805
  3079 0.96126219849867 2.38099356346576 3.36497912033972
  3084 3.63211730393820 3.44078779059572 4.50015296489575
  3085 4.03721436017862 3.11495768622308 4.48502065946183
  3094 1.51594020973335 3.78340000201792 1.64601722114289
  3097 5.30032185870019 2.00908768018956 6.67227987001917
  3098 5.61595793742593 1.81123241266733 6.82520751965754
  3101 5.30805912278597 3.86054962515234 5.14966158399034
  3102 4.79985770285688 3.70167957381557 4.64827550535607
  3113 5.76799321146186 2.22132051356070 0.04368770095276
  3114 5.84576478901005 2.31776615577468 0.42428493526027
  3127 3.55832900326237 5.74795318831603 4.00060248037174
  3128 5.07327923498886 6.33691575346784 4.55761793452317
  3134 6.04360041211636 3.42272521365526 2.45638897028858
  3135 6.08646512253789 3.10570823852398 2.87610131363410
  3136 6.86611822561030 6.23883393701158 0.64596130693832
  3137 0.14759003088579 6.60344256178475 0.23718414757986
  3145 2.21233848380275 5.15367282048253 0.68988411630568
  3147 0.98097072167415 3.76444203078852 1.80215243101996
  3153 4.30993401532797 5.08306348590177 4.68637796674996
  3154 6.42014960734301 0.20119849243258 2.68398007159311
  3155 6.47458435161808 6.83863380518148 2.60807061360559
  3157 5.98520999775394 5.82498317958984 4.71762692396154
  3162 1.50206477005170 6.59789988195497 5.56390545661450
  3164 3.37816686644119 2.22232873685152 3.13924489541781
  3166 0.52437983691132 1.49615993418527 4.64050172355957
  3167 0.51369565312726 0.79311074213223 4.96911034558674
  3174 4.88518396154018 4.95406659548882 4.86855724098938
  3180 4.95218362164009 5.93277192281249 6.66702852618035
  3185 5.41864027939682 3.44633321071925 3.59660757346617
  3187 3.03635525580618 2.37470199847873 6.43513378564409
  3189 0.95726190254197 3.21440110479228 6.12119129641804
  3190 1.01723755201463 3.41728085095674 5.94966802816172
  3191 6.63777098138428 1.65939723580499 5.87903544874155
  3192 6.81830247659711 1.94361908005039 5.47881099492131
  3194 5.42679398986377 0.57168757345721 2.59516743471330
  3199 3.04141835072564 3.59171752270593 5.60825852196947
  3203 0.48365674882367 3.63198551193463 0.06289155261059
  3211 1.24212681830088 3.84158536927491 6.30856395331636
  3212 1.09830288055787 4.13595004931238 6.26492536870174
  3215 1.31997833719364 4.35191077068801 4.51187895697925
  3217 5.65972785168379 4.24340828370736 0.57094314921675
  3218 6.03412007274252 4.35365764642233 0.31729169349953
  3223 0.32182073922131 3.83551162716791 1.37882151721172
  3226 3.07497175696815 4.97915127895606 2.59261288044023
  3227 3.31318889040880 4.97106946797122 3.07710419162548
  3229 2.29178258529114 3.66245562815133 3.20054542446062
  3234 1.02024647972180 6.06460270344891 1.54186535160698
  3235 6.38196887964965 6.85225491695830 0.29544936028096
  3239 6.35084649195143 2.49644901119115 2.79320264793051
  3241 0.60169322682531 1.75697965419099 3.70718706089565
  3251 2.32149046748105 2.35888394648493 3.44196366185007
  3263 2.36608447255220 1.53387470547573 1.61323228981244
  3268 3.52034038068953 5.42668644439740 0.86482601766283
  3269 3.89587530738400 5.27244512598326 0.93337398893671
  3272 0.60580933609120 3.53045887806838 0.75092390247049
  3281 5.53914238058293 2.65308883138875 0.61143841602632
  3282 0.81240400600259 0.76701076818762 5.72660352989696
  3287 3.69811201504463 0.03522406359374 2.26714229716829
  3293 1.74820607454318 2.39927418035603 2.05776468653265
  3296 2.86704633607133 5.44957713948008 3.83960685243379
  3300 5.91233564893965 2.70225588437381 4.17370106979323
  3301 5.95553046358314 3.04938440066871 3.99210954710256
  3302 5.43813279344289 3.60770663219731 3.95999242164191
  3312 2.56818693158727 4.82926373113305 6.26294354249912
  3319 1.46337255222578 0.66504604487739 0.73193140353178
  3322 0.10025075232808 1.45298749835600 1.60806030768779
  3331 2.50774187981326 0.05846252851507 4.51615195309728
  3333 4.78948874991321 2.49655424908442 1.83701779045014
  3334 2.72446717970953 4.86654229642199 2.45659579210118
  3335 3.04100021904270 4.85394674674816 2.54250866134141
  3336 1.82593270723846 6.57173815116803 5.35902048866568
  3341 4.23367982675980 3.14837045598648 4.01001409793740
  3342 0.98700843254527 2.91006546301645 5.21958364170916
  3348 6.88918653174327 5.78493419072302 1.57908675135852
  3349 6.59801977186969 5.42172398288495 1.62150512974904
  3355 0.20006224322410 2.36235177018068 0.66952202311855
  3356 0.24064608654069 1.74232420623264 0.50848263154945
  3361 3.19812207767234 1.42001677792275 6.10650189168656
  3362 3.18130751634357 6.69884523737469 0.80794101460480
  3363 3.39108297983519 6.38330168777143 0.64536722382346
  3366 6.16028522473024 3.63895589340332 4.37713162616765
  3374 5.98896871590682 3.46838925856376 6.54311288518577
  3376 6.04715126300952 2.98882007045732 6.36734110286724
  3378 5.76023811868965 6.83952869648703 1.16217175052352
  3386 0.32915886563194 0.01441356245081 2.96545172612835
  3387 0.20374826979702 0.59543663597476 3.04842281648365
  3395 5.46832117608900 2.76661277744919 4.85966023798957
  3396 4.40071509798968 3.80346414793577 5.52128736838718
  3398 4.43784423498802 1.52446117373155 6.75092907542360
  3399 4.18763755892167 1.09652590775348 6.85639026693174
  3400 0.64688586121961 5.89400787112968 3.77515339404587
  3401 0.48697434034370 5.70546054803710 3.79030774482255
  3406 2.38601124023877 0.75241252190608 0.76887506743548
  3407 2.10598883402448 0.93228672499725 0.74931902659534
  3410 1.88398201204733 0.98872708127356 2.04476278464501
  3413 6.12062135560754 6.54430636870122 2.81813939428020
  3415 6.83897585560781 0.86859179974091 3.79315937262931
  3416 4.02158196137268 0.28301280587607 5.03125770867363
  3417 3.94852344702935 6.94570067779615 4.65556873504823
  3431 6.38229548939512 6.20598848049248 5.05709753912681
  3432 4.53705610538971 6.34916595839631 4.35902310927059
  3437 4.76076852352190 5.02569008778258 0.35666094880779
  3438 6.42120143491483 0.77125830744336 4.85049702773732
  3439 6.71561992864203 0.64882169812495 5.07473541576796
  3442 3.53415297968466 3.23481292857783 5.59461001736219
  3443 3.20734182345298 3.32518751134954 5.43057191607912
  3444 6.60296460191363 6.26246280228331 1.66136571533654
  3445 6.80503554102570 6.68942958185969 1.99975697047227
  3446 5.41920730068347 0.80890092100577 6.22963557436989
  3447 5.32534053867580 0.97727798893988 5.91803234281677
  3450 6.93441491777010 6.57809404883035 3.69153885035030
  3457 5.18036155459207 0.13061141978685 2.57024305306257
  3464 3.29699831894789 1.21449098244574 5.41962515132753
  3467 0.95954798796839 5.73633033364575 2.38887697441480
  3468 0.78780252932964 6.07428175902751 2.02883115941692
  3469 0.34553859338189 3.59594194853399 1.31113634793171
  3474 1.00724574626633 2.59742834153591 4.79808202693833
  3475 1.21811056513948 0.01513257956041 4.26981929910518
  3476 1.49144957536747 6.88555167607704 3.67905994258020
  3488 1.58709874289860 4.03228352384751 3.19731804331223
  3492 5.62929082909686 5.57063906680631 4.91805690487660
  3494 4.68726485176993 4.29134357955709 0.02665012072142
  3498 2.12228165383679 2.59476789067724 4.50975746208170
  3503 3.40618400706277 6.87044468037170 3.56094374070350
  3509 1.84886132721524 2.86639953846210 3.80614104870228
  3510 1.82352569808836 6.51439973896814 6.50513207722667
  3513 1.57465631592520 3.46452667480118 1.46668629227468
  3515 6.17928083082661 0.84327733011525 0.44153559429155
  3516 6.19516545006573 0.97490312812888 0.37963457916333
  3518 3.32799017208435 0.82085897523693 4.43230523643451
  3519 3.99719188262667 3.18674679786881 6.54678959206659
  3520 3.85595375352402 3.22720169948875 6.88643817170688
  3521 6.41656782279244 5.65234856761872 1.85614472336976
  3522 6.73018685584719 5.95308600254656 1.77048230036659
  3527 2.52143705764077 3.73999870448795 2.24054511699935
  3528 2.71828843585620 3.63665676226978 2.03780563087319
  3533 0.85910441024569 3.48991788337884 2.50372000213906
  3543 3.65058429502421 5.95739706126752 5.95564166004808
  3548 3.19888668991464 3.69043006078072 5.85936314739397
  3549 3.54908613214852 3.41620352001735 5.88241227925651
  3550 2.28607183455437 1.04384714200291 2.29993173342626
  3552 4.74325791963101 5.49114970817204 6.72270480476466
  3553 5.02543353244832 5.20059500399562 6.93821948524231
  3554 2.53342308542354 1.47462450289648 1.25480124107794
  3555 2.08776904018170 1.32652645400523 0.94980708687059
  3564 4.07858162183280 0.44234852859126 0.85191841549310
  3566 4.33492991020772 0.77743219853188 0.63634271382346
  3568 0.17416761419803 3.14341212598945 6.50194953946474
  3571 4.23032405090021 5.47849695207131 0.70931103149378
  3572 4.37658789480740 5.17512135166034 0.36285030499171
  3578 3.03800267945354 6.85143565800731 3.49692061275574
  3580 4.69549562651411 5.98844566901631 2.07538775799889
  3585 2.28924484885555 1.51069704054234 6.97104544614047
  3589 3.27572221369637 6.62213118542736 4.36979398207198
  3591 3.63798151447248 0.04314742969828 4.43776746810502
  3600 4.08695466238271 1.42336362949647 4.30635709260865
  3601 1.94847220896441 2.22128692956036 5.05444298712391
  3602 1.70050830333317 2.20656142228708 5.15869659555792
  3603 2.23029623915148 5.47157353545900 0.05920227637269
  3606 4.09062501176365 5.28545762942264 4.85582962731430
  3608 1.96274448385592 1.65085262845354 6.66919331621761
  3610 0.22746328774477 4.84659961094836 6.55961981311198
  3611 3.94193439818824 6.87008344637122 6.77302129151049
  3612 3.66277498188630 6.86217419166911 6.89247814532588
  3617 1.74906401934845 6.87410009713226 4.91187960331515
  3618 1.75028867611239 6.88631760318812 5.11903001860584
  3620 1.72481446739737 5.99172448583575 2.73587545553601
  3622 5.23858464068512 0.04205278716446 6.99199423893822
  3623 5.35962175198225 0.02201629459818 6.55789261117649
  3628 2.96122716930405 3.16953547920699 2.53884499520112
  3629 2.93537709616852 3.53839712217338 2.45506950919287
  3642 0.67524204080428 1.55478728555298 2.89784695355715
  3643 0.27314881559066 1.04789608994662 2.55799204485297
  3644 2.50119681488067 3.10985859329780 2.77228739846854
  3645 2.64042515600294 2.79297015213547 3.35409963390137
  3649 5.19492306520557 6.25241574321603 0.39178624045096
  3650 3.00935731019402 0.19629837786627 6.67032110080446
  3651 2.92567483746579 0.45735528120427 6.33121412023828
  3653 4.44691127045076 6.42283211582475 1.33702046734540
  3658 4.41710041842979 2.60414743971443 3.64193786669027
  3664 0.29401314482811 4.85320281490290 2.27910897772314
  3665 0.46302147213149 5.01359440002208 2.09490440420044
  3679 4.50151954582089 3.52051347501970 0.62791157149550
  3688 6.72533102913622 5.63463942566541 4.78955991135380
  3690 5.21315248560248 6.79426251588145 4.73249960255992
  3691 5.73863400710395 0.00418991021198 4.76602042938689
  3695 6.13447792936437 4.73923880711523 0.28620519756844
  3696 6.10351773842942 4.77720647398528 6.94227904171456
  3701 2.85935743469534 0.71113581582220 3.58026350575426
  3704 0.68195020526050 2.81581750871924 3.50463986427206
  3712 3.09560140521083 2.27944528560325 6.18458755269948
  3713 3.40672586052485 1.81214539841747 6.25575103106098
  3716 4.52548851415446 6.43052953999116 1.14280322615609
  3717 4.87229867541810 6.22812954811545 1.07901441358195
  3719 3.06815265247958 6.61896896912572 4.44443991647467
  3720 5.44425381388214 4.92253232761791 4.37273833572206
  3721 6.05281641582094 4.98388252327927 4.50412771333561
  3736 1.41422264433827 2.61637473746933 6.97967419122624
  3737 1.66378898414769 2.77856199159026 0.35007380750421
  3740 5.42376334877438 6.84721378529773 0.90627458225119
  3742 1.96614820937494 0.36932530241998 1.14620531286106
  3743 1.86574300350700 0.81548100605957 0.92387351411781
  3748 5.14942583760161 0.47103279208064 1.58369724313724
  3749 5.41593317163345 0.31314603837739 1.89492140343042
  3752 1.19863087689147 1.98790336648477 1.21943939494574
  3753 1.27540474743191 1.77400394573980 0.97995114676190
  3755 1.28973671656514 6.41007718063934 6.24688787591719
  3759 4.23405297462148 0.68916312286948 1.92304194674985
  3761 4.29325250580633 0.38617328953278 1.93074780792487
  3764 6.17782615529013 4.73553178458358 4.56614279181142
  3766 4.90224071720645 4.01767997201377 1.54007303232637
  3768 0.26336968241827 6.10872574952312 5.91466913131177
  3769 0.35286863688153 6.21729104813937 5.87086601092583
  3775 4.04324853820775 1.27081954085336 4.81624737315345
  3777 3.64348191113270 0.98973115862096 2.30235994626872
  3779 3.57171858930936 1.06373385236883 1.66887893861180
  3784 4.74286192227723 4.19437853698109 0.10559340202908
  3785 4.66396806815767 3.94098379124324 0.11673197473689
  3788 5.39509310594255 4.05012628084716 2.03554432046606
  3792 4.85010413569123 6.21998948846268 1.93977164999335
  3796 2.35542494565155 3.43487569007813 3.56627825822815
  3799 2.01219194667726 6.40835299848200 3.55434044928553
  3800 0.21652862544632 6.91179299239253 6.00749521145821
  3801 0.61517730916540 0.35822968259359 6.15369085460266
  3802 6.72343457382848 5.55381213113539 6.86479555935791
  3803 6.69632704819183 5.09336054012072 6.81066060751303
  3804 1.88717299268201 1.59928292898829 3.64392528230229
  3806 5.53943009950344 6.76286080362058 0.48447360055715
  3807 5.48033993442893 0.08578007589060 0.22999355771934
  3818 4.19227776108966 3.79023063205556 6.83536232765750
  3819 3.95939507580314 3.58697883412717 0.05584123941065
  3820 1.48153771103010 1.50683734278640 1.54524497182294
  3822 1.44847502209676 1.40897839875133 1.19504885530480
  3828 3.23009368331736 1.81783711532366 0.50051868087644
  3829 2.72894186475092 2.13998460646928 0.78388290872542
  3831 5.09904881070259 2.52884586437900 2.49146447902140
  3841 4.65001900908659 4.34437149557202 1.40416435274201
  3842 4.31662382771046 4.22886149191134 1.00772076301189
  3843 2.66564906301432 5.16712659080383 1.18692760240271
  3844 2.83804259250832 5.06335233285135 1.16616266259557
  3848 0.06077107176194 1.26847327176176 0.99737050679531
  3852 1.37496556247045 0.97040913670132 3.29141242753350
  3853 1.75456489419437 1.11167424968372 3.45734758213726
  3854 3.52965063823760 6.80773455064073 3.77253762289917
  3855 3.74549854141841 0.12027350323134 4.10160806110551
  3863 3.11055702410307 3.18930364771012 4.51108775115202
  3865 2.97097025570981 3.23628018401149 4.68606640761961
  3866 2.76014665699763 6.90142942063983 1.82071191169723
  3871 6.80190390547879 2.61178957103637 3.79011391561671
  3873 5.78852978779926 6.16226679040186 3.95137027291159
  3886 5.73787880364224 5.80654520154263 6.69002562464676
  3887 5.95726431346870 5.41669479151986 6.48581665980552
  3888 4.66756329204701 1.15152762622925 6.47037489260449
  3893 6.81398259207416 3.59402559661066 3.44714322783541
  3894 3.32326796855832 1.01225190069864 2.33729723526104
  3903 6.49158848578867 5.70958969807683 6.65260652599025
  3906 3.53464473007765 4.50004777121695 6.88187071135478
  3910 0.25048481509824 0.69230211630904 6.35051061019505
  3911 1.93687451281911 2.21251905381020 4.69170776054127
  3912 2.33008114097741 1.76162932436818 4.51281138416627
  3915 0.16903109200271 1.73156931099662 5.40466672343122
  3922 5.54230453927773 5.60323012790409 3.45315538786315
  3923 5.47619237672050 5.28436376825366 3.51667261501126
  3924 2.53137264086294 4.59855978356500 2.62189364020101
  3929 3.01810316425488 1.27752326475604 3.12805933695885
  3931 1.27498811218429 5.85795906499378 0.01294268611640
  3933 1.35127839197586 5.87656670575369 0.23084378074151
  3934 1.04713260371281 6.87860204906693 5.17017429400173
  3936 0.70078228014009 0.23257121786591 5.36740880684837
  3942 5.91885113145947 1.69442689965682 5.17910809335621
  3943 5.58204026863243 1.99920626350573 5.27372876982315
  3945 1.10032316532199 1.00946600224144 0.96469822275938
  3946 4.32525579540609 0.20272441506406 0.74637755990541
  3947 4.56889444931678 0.46554379552116 0.54371248548410
  3950 3.65733286206003 0.78238737420346 6.59836495480009
  3951 3.35749367517057 0.87924712171568 6.25965161238148
  3952 1.47582844186845 6.69597950840729 6.11018882322558
  3953 1.77261432645317 6.73549040985698 6.26450891528386
  3955 0.35066845818253 1.49340391821731 4.07577931186809
  3956 4.61289384836329 6.26516346090251 3.26559457987142
  3958 4.50296796875933 5.83810906471265 2.77957973600751
  3961 1.19927952404575 0.60103442898106 6.84934209371188
  3966 4.29243820403784 5.46240563494597 6.96835557877376
  3967 2.41156289528011 3.24451143852212 6.34509997155280
  3975 4.55046921617697 0.04687346627599 2.33026108913468
  3976 4.78453320637965 6.91310805345776 2.06327618200444
  3981 1.49778240620545 4.55976050484491 2.56740648044577
  3985 3.76267811012497 2.82385916328067 2.23550043796171
  3991 4.19931623979500 4.80413052217288 0.36782531849134
  3992 4.61736132596712 4.57990985781567 0.35367930256195
  3995 2.33875924589108 0.96521411076760 3.16838165041454
  3996 2.30537391882306 1.19117622770968 2.54082646803659
  4003 2.73351005976545 4.17878717182693 6.40699067984569
  4005 1.30205310064311 0.15380838612114 4.48509057899610
  4006 3.59432675438465 5.29248348470339 2.26245933605367
  4007 3.92005017465021 5.28539580664614 2.81627789842449
  4008 1.24032444890891 6.15840628331387 6.96324066587897
  4009 1.33308392627994 6.22374776576884 0.23007457377493
  4010 6.41756252663662 4.03031462565366 2.61422837816246
  4011 6.54858301664938 4.09622395170949 2.99010277866857
  4012 4.02271149978172 1.17825959204126 2.54645067158547
  4013 4.33569232637284 1.04509235373181 2.39336507544116
  4015 4.34842476808531 1.23515536907341 4.13150157369887
  4024 5.25185584928896 6.09643969582401 3.85022078863814
  4026 0.57939490115963 6.81891455400459 3.25016554962602
  4027 0.91658573177010 6.74365865111037 3.13120896777166
  4029 5.62510627918652 3.90482377182048 3.22694846580692
  4030 1.85680574074881 1.34391122668196 1.52973230993222
  4031 1.82348278254224 1.24692180611232 1.15789501097498
  4032 4.24309475167861 6.94496086345150 3.22852385806567
  4034 4.41093842011373 6.82903787938945 3.08905418699694
  4041 1.33626973935714 2.58326722762084 0.50258220427436
  4043 1.48361829988929 2.23180309768202 0.86802412001988
  4044 1.13343773362998 0.44715639048337 5.87049029670909
  4054 0.75344803603962 2.08325303652642 2.91635879933314
  4055 2.38254775753023 3.41580328714292 2.73627838897105
  4056 2.66903836135162 3.65889335311418 2.51968201716655
  4057 4.14636931889399 3.78504812230715 2.88612656362091
  4059 3.71792499732125 3.80945140907386 3.15453595662160
  4062 0.89898611262568 4.37236236410940 1.39400812085528
  4063 0.89270898809254 4.69635035009299 1.54117115102973
  4071 3.85582613633353 2.60563300675323 4.53365320637545
  4072 4.04923708699354 2.41771650423976 4.91256580533797
  4073 0.28436353661819 3.66681560716271 3.25456158041625
  4076 0.77012096910923 2.95324491447903 2.07771414469512
  4077 4.99152109036620 1.02006921414682 1.54003683557791
  4080 5.47560753463058 4.33100746307982 5.04844814540528
  4082 3.37100947180750 5.79695495632112 1.40958148316982
  4085 5.23335082977376 5.85699112549416 2.78220551069831
  4088 1.48253166099237 2.34468233922515 6.74142949070857
  4089 1.97594846533167 2.05651437637546 6.59530426038555
  4097 5.85986543645211 0.33111350658780 6.28284196328610
  4099 3.97392027268118 0.79804884893343 1.59366455133523
  4103 2.71418472979405 0.17869373003630 2.75927949832097
  4104 2.91709380241469 0.27578588734381 2.39297814011754
  4105 3.56879881959728 5.38569544901555 6.45247429372827
  4106 3.56903826105259 5.55532689049857 5.97900568768169
  4114 2.18637005282606 5.53368735157523 3.17268345122067
  4116 4.55226630654495 1.90209600726599 0.15108546302272
  4119 1.49382985192189 5.07396303940531 2.87330860290491
  4120 1.50478739175892 4.59465118419958 2.68580741031203
  4121 2.53268759557714 6.43879821627068 2.00869024602262
  4123 1.96356666831217 5.98102746003955 3.16091760025913
  4125 6.42716019515060 3.97437504306979 3.14196883145213
  4129 3.01096110938207 5.28956862775552 3.85236844130979
  4130 3.02670554826189 5.39736715256774 3.80677124499296
  4131 4.96624591978173 2.44816512410085 0.84976383678322
  4133 6.90414614309264 5.35144422129121 5.54379010813233
  4134 6.87234229299187 5.22217227607186 5.14238249683248
  4136 3.89696849864913 4.17375173446511 5.96191226260065
  4137 6.01170374667579 6.46679561110027 3.79589344834154
  4138 6.24159537080768 6.75485685506995 4.14005712751740
  4145 5.75905527528455 0.20993815734768 1.36586194556217
  4146 5.74912660963074 0.15897169396176 1.72331022309153
  4147 0.01066585532374 6.25389398269535 0.93435455202129
  4148 0.36602259704438 6.49371246050605 0.93605804718416
  4149 5.70898708817571 6.33328837341720 1.59077491296396
  4150 5.72535268226719 6.43196984165266 1.82983835172486
  4151 0.94460751664966 5.25791363858250 6.72710109469164
  4152 0.90294726731441 5.53829670448941 0.00411231081669
  4153 6.05407709498627 6.63551877628140 4.54336246600627
  4154 5.75610797575277 6.17943653756961 4.37591905387946
  4155 2.49644080984240 1.28949002034350 6.90112585292824
  4156 2.55270506484423 1.10712304192191 6.41784444108727
  4160 5.12092833252985 0.99048171459045 4.53128086456528
  4162 4.23607267675830 5.50515440563443 2.98563177686199
  4165 1.74016372661067 2.83183154171132 4.21830985787061
  4166 1.69690972956389 3.27751911199258 4.36765413177483
  4173 0.87096475849575 2.16308486707090 6.13588836421955
  4174 0.64809836733531 2.51003155314909 5.93430222289611
  4178 3.54790252250041 5.68848332500264 0.69510820149891
  4180 6.39083732170572 6.26761282165868 3.05925915801389
  4183 0.55073454427359 3.22853301949537 6.81552002111320
  4184 0.55682814623860 2.74929571202515 0.19222467717056
  4187 1.98733791589922 2.10624557400106 6.39736740359015
  4191 0.88485570775223 0.41128936665135 1.26319482010390
  4192 1.40920983857751 0.01518299666162 1.62823087398096
  4193 2.66652569160856 6.68941294303556 4.20803358500463
  4194 2.42899024596634 6.28030372881980 4.13103348120475
  4197 3.31591902830253 6.20537251214645 5.05481534920860
  4198 1.10892088450920 2.76151592403787 4.42593750207690
  4199 1.35924305237067 2.55167290000799 4.28152912033407
  4201 4.66917395752997 1.38569927977225 1.84953575801186
  4202 4.58979880415670 1.38600749261828 2.27803029323014
  4204 3.69436907858224 4.61737502578659 6.65099247078431
  4205 3.99806671973917 4.36921734189892 6.28525861116527
  4208 5.83595399129509 2.87629470576503 4.61900627988964
  4209 5.81783160558173 3.22959265665875 4.58515684026630
  4210 5.64995217474607 3.13701216680940 3.54750957144131
  4211 5.43750469720943 2.86569479154531 3.43565386924267
  4215 2.35122115787203 2.63500810313283 3.69395888108614
  4217 4.26746564500075 3.80302579723425 0.89640191872898
  4218 0.16970235975252 1.00631759464884 5.18391573147016
  4219 0.15709315171474 1.53243320126134 4.97555883380268
  4226 6.29062948322319 2.20831036224791 2.37078319878654
  4227 6.30830534860894 2.42971640957642 2.05298450842357
  4230 5.99809893146498 4.37388421323842 6.86043258834608
  4231 5.71451486315778 4.32787904852191 6.65850250309038
  4236 2.61288466207592 0.17382861666052 1.75247785507783
  4237 6.19825804548153 2.47543166632782 4.15508344642179
  4238 6.72847656641153 2.68350129321023 3.91076224408032
  4239 4.37332268168087 5.41415916201162 3.92808109195419
  4240 4.46194682315526 5.14019251460412 3.46384328895244
  4241 3.39329452212460 0.66403088251150 0.46818916690474
  4243 3.62109154075032 0.38914023376172 0.75907491918942
  4244 5.71357140372644 4.23299605983218 3.47117950266500
  4247 5.94045155190293 4.34175864418493 4.88137824287150
  4248 5.93402061443024 4.49102384793355 4.56155181744012
  4250 3.91592973261995 1.38773955299782 4.21193161060352
  4251 4.95176198510045 5.47446826540430 4.05651455073717
  4254 0.57329577643929 3.84403169417035 3.64086271615317
  4259 2.39855844453011 6.37067100802378 3.76048298883742
  4260 2.64178133584502 6.77796238800404 3.88551356647892
  4262 3.86247696061260 5.16605958559234 6.49740622063126
  4264 2.51853123380972 1.09787580718106 5.34328043942322
  4265 1.77790232889590 1.55939821719390 2.72355297124639
  4267 4.85037438405398 3.67232985362073 1.35541518371134
  4268 4.42442393774076 3.61333176118783 0.99524162642342
  4269 5.60503730827380 2.97308265616770 1.17595228119361
  4273 1.66960337806855 5.01494242914036 1.77815454322072
  4275 0.32409768961631 4.40959036719277 4.76583321776776
  4278 0.35892267298314 1.61725399667116 0.70904575279099
  4279 0.66022042588217 1.44432724962168 0.55350650761213
  4280 2.01985321922120 4.32128386796341 2.11574875789291
  4282 2.09022659013519 4.51478031170312 1.70425641354023
  4285 6.82786286767618 1.51103093721273 1.69242680449345
  4286 6.62200124219574 0.88165840873182 5.82976580951553
  4288 3.27517795964428 0.35290454762060 0.31470920449281
  4289 3.46293506753292 0.09333937240078 0.55556873984880
  4290 6.29158246976046 4.55974135733523 5.13822762052950
  4291 6.39116947769525 4.72756418290120 4.98717507571495
  4292 5.10705044440116 6.05772922530268 4.01769141726667
  4293 5.26744028359568 6.10666377479957 4.42567292436054
  4294 0.79413838261436 1.13393636144852 3.50216284477816
  4296 0.66894872544116 1.59119394770150 3.81608002277709
  4297 6.80468983809533 5.92815565919924 5.62871300904428
  4298 6.65777106012122 6.09193415342002 5.04130041640711
  4302 6.22819462301294 5.96514610534195 0.52104974580218
  4308 5.12864961227243 1.38741585375790 0.66411371480177
  4310 5.40472911525936 5.36446482726445 0.05870518273266
  4311 5.43949999901396 5.73114468533045 6.97575061483820
  4315 2.06921259166301 6.37502772601656 2.06890540287703
  4316 1.53313344144533 6.87311948124146 1.89857005753829
  4319 2.33652085767997 4.32167807616020 2.15815788259932
  4320 2.43234781297203 4.50496088615929 1.77184940262361
  4326 1.12556983298103 2.37904472740349 3.29256521253237
  4330 4.94124735836062 1.34834574130662 2.47042242304836
  4332 5.35640389432057 0.41605073994282 1.21321458189672
  4333 2.30414829138548 1.64876215524981 4.41710710363605
  4337 4.82001626004724 1.91040406761219 5.22268273476452
  4339 4.63958711352911 5.90636213307482 1.77015007301635
  4343 2.99074404001012 5.11298318979888 6.30425685217342
  4344 1.99074947592320 4.70857280725412 2.97889948828132
  4345 2.06076864597790 4.51346898063163 3.24577405793848
  4347 5.52171785537038 6.25328245886387 2.48952112436973
  4349 1.50510047510394 3.55981117411407 3.46913603175665
  4354 3.89315945502091 6.44180900340987 4.90439777233613
  4355 4.22694152729556 6.12325364116359 4.76871416771121
  4359 0.24745505723013 0.97261474532775 0.92642838013471
  4360 0.66456442980564 1.24992037162719 0.57124711623530
  4365 5.17699736542653 4.53157865780574 2.45797172866058
  4369 4.00337601657300 4.16152126403418 2.64122174962868
  4370 3.62273345107790 4.21697310902500 2.84966636939639
  4373 0.42665141001345 3.44086382564721 0.58362686722167
  4374 0.50126106238212 2.79895649188540 0.43085035474780
  4378 2.96267080459002 6.88155385711845 2.14476974198654
  4379 2.45109521263600 4.16809725289339 4.30697616780620
  4382 0.83709140262194 3.29704597727747 3.42111545903743
  4384 0.27623205513963 5.04407058203471 5.08024797485789
  4385 0.21432542148607 4.53763860888991 5.00631113750970
  4386 1.59227032210245 4.50902130863796 4.80620464149933
  4387 1.56345999969693 4.99025296118835 4.85685952057350
  4389 1.88750128308087 3.17971307884491 1.69041488397634
  4390 1.64956597514081 2.71687004197099 1.80719198033647
  4391 4.74818280762855 6.07987065881326 1.66866544441806
  4392 5.00790151020918 6.01472644770271 1.40253447914251
  4393 5.72303400574711 1.98480020121077 2.41882788533260
  4394 5.53516451856003 2.09169364667493 2.67129311071029
  4398 6.36235909852055 4.24611761504144 3.97055317044482
  4399 6.20393407830122 4.31711521296133 3.46648478719031
  4406 3.55060249450033 0.41062107900937 1.23852996627378
  4409 4.11336387577002 5.72502884291719 0.57766137791143
  4410 4.16579129748700 5.71173389174588 0.04638947509180
  4411 5.15204578580596 0.49845665823138 0.66275439002395
  4412 5.20412871935514 0.21744054022964 0.98068579899241
  4413 1.39241083844707 0.38918039982192 0.81017068050311
  4414 1.68149015651694 0.14941671157877 1.06897403667556
  4416 3.62537715179837 2.14460743224288 0.45835655556773
  4418 6.80589030570131 3.86075699783522 2.33060637339424
  4420 5.93750098450167 2.43239137554660 1.78964677128234
  4421 1.84415406552391 3.36728657287572 3.76332366686846
  4422 1.77565560409016 3.52862201004491 4.08227261443335
  4423 2.78367570846132 5.58966326657178 3.48405391954334
  4424 2.64893660880429 6.04775272890083 3.30116285326963
  4426 6.23342783856096 4.14631794236973 0.47137911577467
  4427 6.41989374780783 3.83568382965498 0.28720606934644
  4429 1.30812614315629 2.23793923853273 1.17205627042917
  4431 1.63820266654128 2.62196838371413 2.08869654062232
  4436 5.13445913445249 3.04760036398982 1.56488431954661
  4437 5.34372348371866 2.97810251709463 1.83690485554384
  4438 2.69944435632836 3.65456068195493 3.84951266543541
  4439 2.39018379522314 3.80218879471871 4.26194455320508
  4442 4.21362818411216 4.55566765701915 6.00515504638917
  4443 4.10745878655566 4.39211683596239 5.74640722524054
  4446 2.66023245655864 3.48517342814903 0.49388821037704
  4447 2.36613477876816 4.90950296185030 0.34806599003357
  4449 2.18901151790477 4.63625887421422 0.19275648309136
  4450 2.97944484772121 3.67511804777898 6.17288167890324
  4451 2.94082435854964 4.12863519970794 6.40148162722192
  4452 1.64905916594819 1.54705590494076 2.97404333371067
  4453 1.85051770254108 1.25896276781185 3.37071760320545
  4454 4.08895507484790 0.65683165006025 1.88043919740589
  4455 4.10938232907007 0.38598585752382 1.87778785621824
  4456 4.81121183895470 3.67918627089237 1.82287882056255
  4457 4.88202334311203 3.98882757987352 1.75015923447358
  4458 5.36414720051487 6.42115454267463 2.09953095837741
  4459 5.15756669173697 6.96734152562307 2.16400107739057
  4460 4.76618558189288 5.63886671817477 1.62890201606624
  4461 5.02473982845568 5.91284736580158 1.37826671522837
  4463 5.30916963035755 3.36869657632825 0.26338503265434
  4465 2.64804811253362 5.97296788786226 4.27255169809809
  4471 1.34325110456236 0.16471819384323 0.40293540604260
  4472 1.46812361294945 0.47141399434756 0.13852502924645
  4473 1.39238584732984 0.50747082028962 6.38673806871987
  4474 1.17509504624711 0.30171592141312 6.20328787266054
  4475 1.61266826350304 5.92788908337328 6.44166699290586
  4476 1.50312257586620 6.25598053794767 6.50694115018497
  4477 5.94793233823004 1.23533322894580 2.20496955471925
  4480 1.23197042714284 1.11261506221962 2.98611205128877
  4481 1.45603168676490 1.49773196769191 2.84939292477100
  4482 2.26378973308650 2.95759841776652 6.10535942091003
  4483 2.53131535686545 2.42889619142471 6.25985947247619
  4486 3.51260400673776 3.69414102047891 0.11526190344364
  4488 3.39857389686843 3.74145907310814 0.32429583778111
  4491 3.29788573855037 4.08110921325694 0.00880332138736
  4492 3.21732901870468 4.08039305127638 0.19963065326886
  4495 4.36284455816288 2.11459324927357 3.14379553104021
  4497 4.54087144801962 2.12581494412111 2.73191643443671
  4498 3.30714109351563 5.73223945167503 0.01451002925900
  4499 3.62240176578666 5.75164904150804 6.73371513587229
  4500 2.55311127422241 6.01893254671281 3.17229060982365
  4501 2.51169025184101 5.61816255278606 3.15805992698660
  4503 5.90383843564993 3.36410990267670 1.97877886014904
  4505 1.97903138830190 0.31105613677429 1.72844721787791
  4506 1.55351317255006 0.05930916282501 1.83460347659897
  4509 0.82815498167750 6.99614569809357 0.23871433789677
  4510 0.87653440521370 0.41807424547076 6.79899870390983
  4511 1.68160012533755 5.54011942407834 4.25397587803981
  4512 1.57739445234787 5.51381232948308 3.89333051122650
  4514 4.48679009474157 0.21810325403306 3.25142592977550
  4515 4.61255931719387 0.01159127266672 3.09509439605941
  4517 6.77869445453966 2.88510332735699 5.14704523066978
  4519 1.09011585922649 0.99669251788452 3.60087653192996
  4522 0.15975252263901 2.94516441000092 4.95909786338717
  4524 6.83032527844730 3.22650769194586 5.18229117805852
  4525 6.74662743968906 3.31943284293831 5.64456691785110
  4526 0.60464458858886 2.68483235768592 5.10394745210264
  4531 2.69517496001101 5.91824835009238 5.08510255067414
  4532 2.50108050685017 5.82781644826066 4.44363232645085
  4538 2.96765394659020 2.64807971795066 4.27239436017634
  4541 2.75625141387278 5.29700227766349 6.75523591703414
  4542 2.80962204802547 5.17323527605712 6.34827713701151
  4546 3.53357116359188 6.40345362673715 5.35562680962738
  4548 3.42472371185251 6.88626988743608 5.66514358653079
  4550 3.57507050976372 6.71583810539445 3.46642872078619
  4553 4.40421603116844 2.46014437304782 2.24668763268456
  4566 4.11550368840681 3.36178306801121 1.94170794921612
  4567 4.24298868691153 3.61470923688601 2.12163333842175
  4569 4.90392291294574 1.83955647359386 5.81545592237126
  4572 2.23078376333798 1.28662864197960 5.03089454069418
  4575 0.77386221396158 5.82409058204933 3.63041291934086
  4577 6.25056451413039 0.02500893475642 5.83844518044196
  4579 0.19792729644074 1.61585739384926 4.06307053828793
  4580 0.24134549129939 1.80835035361761 3.87533958426152
  4581 3.15262013416382 2.92677692937840 6.64097069661358
  4582 3.32314164349504 3.17633631832026 6.51770839671846
  4593 4.10748119546095 0.06079397043117 4.05377735097607
  4594 3.04484460196836 5.25897344616420 6.84951543524434
  4595 3.21015461451010 5.12842593419617 6.57245429125459
  4596 5.34470211476596 3.41414011253534 6.80725373188872
  4599 2.87395551075722 0.90734938175627 4.27424000739963
  4600 2.53983612718102 3.18220119614434 1.54265673520815
  4607 2.51106466169897 3.55618967338926 6.12134651858880
  4608 2.37782616119096 3.76941584674894 6.21203973234524
  4612 6.22408080110256 1.21823426539194 1.46742450809417
  4613 6.45530485296596 1.42956421273691 1.30853263376157
  4614 3.06267023243038 2.86796079576972 4.54157529478264
  4615 2.90151760116500 2.96834973282979 4.74592727935709
  4617 1.52840684630945 4.96928311952065 1.47044798424089
  4618 1.67305494107213 3.76436361800259 3.17454635465157
  4619 1.56921101138475 3.60236852958958 2.78645164883605
  4627 2.66554078045024 6.05594845231448 0.37082659608657
  4629 3.18567149120206 6.04835491163882 0.46234545128737
  4630 2.44815671482381 6.97879116269271 5.37842827966213
  4631 2.24966399060973 6.60568447371812 5.54647367234219
  4633 4.61806087795502 0.17719677208615 4.47513913808115
  4634 4.27704186141490 6.93647074174397 4.37003031084733
  4637 4.68397541996214 0.69166230163237 2.81211691583086
  4638 4.46567377259491 2.82038624896504 2.89253547529573
  4639 4.59606638806153 2.44716931301122 2.58592347855154
  4640 2.54035173148008 1.84545416676403 4.34189926466126
  4641 2.49842751913193 2.44705529713906 4.21110661338320
  4642 5.72316081855792 2.59610601211275 5.86978395411180
  4644 5.56716279997885 2.01024315529316 5.94012400103706
  4646 1.85388719442743 0.28353570905332 6.91219420333666
  4647 2.42981727544715 0.30819347262129 3.87261180925303
  4648 2.71842209272003 0.53555932752685 3.51406033306066
  4649 3.75067029926003 4.53029170703847 6.82235132101107
  4650 4.11791574355520 4.20216601478303 6.72005671047122
  4651 1.20377983361435 2.66222300264196 2.31957848735772
  4654 0.45089300812303 2.64427558507555 0.16140296627867
  4660 0.85169152831620 2.07311296460794 2.85735568214634
  4661 0.87192236563857 2.19498882187096 2.45432158621406
  4663 2.33762455257629 4.03532437704127 0.96288633453938
  4664 2.39496630056611 4.68738205264693 3.77313457103814
  4665 2.02730089897731 4.65758836559594 3.50298669764508
  4666 5.61699129531407 4.13192917298572 3.91163216548640
  4667 6.03120661624024 4.15106742144095 4.19321537682643
  4668 6.08843631416184 3.74126795227172 4.93053382886400
  4670 3.67226848931121 5.63557490079646 1.71728567537397
  4671 3.94401366206454 5.92391895001491 1.77908210412997
  4672 4.01762061847255 0.21324764075841 1.57724979691674
  4673 3.89760825105028 0.45525736363417 1.35321027600422
  4674 1.88713941867308 5.05301923373290 3.41825696669196
  4677 0.99525828361689 1.56865348700358 4.70857682872084
  4679 2.11972352511755 3.33016521731423 1.00030621419824
  4680 2.44877986772062 3.55341850462322 0.94784076169198
  4683 6.33378336948167 1.10162889428601 1.85065308296213
  4684 6.68489738984769 1.27887824628993 1.99903229256417
  4687 0.44062258056369 1.91579654861108 1.67931379344209
  4688 5.44423402999271 1.25052574816759 0.26410741276916
  4689 5.45007262025487 0.77182966932755 0.50270140344548
  4690 5.17120989510931 2.54153126838652 2.04316588529247
  4691 5.60197530064817 2.14502063030772 1.98367535103328
  4692 2.79529555296168 4.25373497442865 3.95157927189858
  4693 2.83924642277025 3.85415077936517 3.73832924664662
  4701 2.33715208703450 1.22067355445806 6.16456581324960
  4703 6.74441551586507 3.55843166523139 4.09113960120783
  4704 6.80742723551253 3.73470070400526 3.95952779660928
  4710 6.64877279997036 5.65223709087698 0.39160906785742
  4712 2.54058103560456 0.25150184190935 0.10117627839596
  4713 2.30747076037716 0.51294726626167 6.98323403976504
  4716 2.14461298414485 0.36870641265013 3.78692758972312
  4722 2.16383815170366 4.89458238153235 4.73418111556805
  4723 2.14337448201954 4.55259998776212 4.70177056371998
  4727 0.07104815531701 0.20201843029749 1.48663358147302
  4728 0.34278181044053 0.40415599710483 1.22734234999001
  4733 5.81855989285416 3.86117284846290 6.27695039542305
  4734 5.98145105202548 3.75469800257715 6.29764376950663
  4736 2.15374679532682 3.45978830722159 6.70601313767329
  4737 2.14950447706379 3.70154724384015 6.64577262007494
  4738 2.04534429998217 3.02727378028594 0.49579362198195
  4739 2.44320005268252 3.20977482913832 0.25818298127888
  4740 1.82352091324059 0.00922175800046 3.54632339881544
  4746 3.64220367482306 3.16350708058449 3.02701009890284
  4748 4.03003606886373 2.93028237200504 2.29403074708240
  4749 4.12527851974567 3.10186603014498 2.70732485862328
  4754 0.11922860337864 2.85170333042177 2.89142430469019
  4755 0.20874049307708 2.99332832101351 3.18435332863817
  4758 2.18860954987722 3.07692626361740 1.45075298784148
  4759 2.15904985368549 2.63938848516271 1.43153444713899
  4762 3.35623677863556 2.97170110183616 2.81909663176168
  4763 3.25950151813025 2.70802695801707 3.24381325053599
  4764 6.89575006257174 5.78045243104822 3.85952030159087
  4765 6.72908312108320 6.36379508186829 3.79206084169126
  4767 3.46367586822089 6.07380780590720 5.84572613060604
  4768 3.35969107382619 6.49396485315356 6.13296009449533
  4769 6.16279094800454 3.56777659441066 4.73219858891840
  4770 6.59714777665323 3.54879693914090 4.97949768730203
  4773 5.26759080527773 4.44893295209800 4.06495450613930
  4778 5.31648457723115 5.51484315899064 2.80923995083430
  4779 2.36850946537095 5.09152508093017 0.02883286935273
  4780 2.23806857561641 4.88190517968998 6.89247100387436
  4781 1.83234579211407 2.90026087230071 2.51434799667050
  4785 0.03079899533248 2.80690466346947 6.61763736326693
  4786 0.03340565280075 2.65572090629387 6.46041751686607
  4789 2.29346985884808 6.67086688978285 5.87153906659868
  4791 3.88399329572321 5.72912514554524 4.58436376338843
  4792 3.52845273832259 6.21504343109988 4.79720615574959
  4794 4.72263121312918 4.37504004232400 3.02753894050769
  4796 3.50795543531043 3.23550142142857 6.87901585144059
  4797 3.38761739869883 3.03865409067572 6.99274258540938
  4801 0.26221482345564 6.89336685646636 5.45508731379765
  4802 1.96437054384097 4.42465255028669 0.24253910086021
  4805 5.81579177012960 0.19964182155526 5.26931796881127
  4811 4.51348739357243 4.25479910285296 3.97644760230394
  4813 0.32805131257809 2.42584219918745 1.58372651884374
  4814 0.32419971042278 2.10991842602503 1.79573427830249
  4815 0.63376390060518 4.91132444761682 5.63532573707441
  4816 0.50282753713504 5.13040212797343 5.39858657996547
  4818 0.39879774473968 0.72845896169850 1.96520695958118
  4819 0.05129796601698 0.23665902224426 1.65818788715125
  4820 5.20716721982861 4.59711834646811 4.62093359668948
  4821 5.41181393834368 4.67515464887322 4.42013075109400
  4822 5.70517493110035 2.94630215015306 1.71416958609615
  4823 5.78849005521104 2.94592697183071 1.32116902107663
  4824 3.12203230331853 6.36341966578325 4.53363548283242
  4825 3.09144853913977 6.29675239071856 4.96495643378311
  4828 5.31238081619674 0.48819197747450 5.62851013828050
  4830 2.03452862603667 5.27970303979036 3.52936578122740
  4834 0.08553874944461 6.14749985303850 2.21342436774838
  4835 0.48464413439665 5.91358142285488 2.07856893784290
  4836 1.16369901707972 1.15484311170248 4.88814371701684
  4837 1.40047859255057 0.93006052179783 4.57163694204776
  4840 5.43651703784518 6.74538493949416 2.89044950034531
  4841 0.66187390662766 0.52500690774552 2.39150161526276
  4842 0.61763415141584 0.04812840350950 2.48894793667068
  4843 0.50779976748575 5.21484388568051 4.76534682512576
  4848 2.74808391320109 5.95977164188164 6.96698697019101
  4849 3.17996651084173 5.94724350343729 0.03671483596497
  4850 3.17158956505569 6.67017455125499 1.28975638041234
  4853 6.37196946132054 6.21330014030531 3.51853124966614
  4856 6.01176099788888 6.10318718158479 0.25770028469208
  4858 5.02834091161187 0.96610609854906 3.23353846091271
  4859 4.97083251635284 0.87312324839202 2.82580141424229
  4860 5.88289605519170 0.72871173401361 3.08709598950292
  4862 5.49332786523965 0.87985147442208 3.43618312348721
  4863 2.82851198485857 4.02604869488404 2.87164534871038
  4864 2.63284692019683 4.01694919987299 3.22696955442511
  4868 3.55838377066498 5.78685203553635 3.40266561804068
  4869 3.72508962401582 5.88734638185497 3.67090398519674
  4873 2.32690343333793 0.68283343545061 3.21953435708596
  4874 2.31245210008237 0.44784933179017 2.80536918263869
  4876 0.22234487493537 3.15899023284135 2.50704630313572
  4882 0.31475780010334 0.49558094345731 4.30511190556395
  4884 0.50162104718968 0.71049423152658 4.93340134761778
  4886 0.19803718768001 3.87951545747157 4.09743816714318
  4888 2.05557957004146 0.60527430418893 3.39814001242680
  4890 4.86930312486110 5.58919376497054 2.61229501842543
  4891 0.54454443503737 2.30734414993041 1.22426266641413
  4892 0.60973835459777 2.07061292255837 1.25060024934746
  4893 1.98132545353082 1.76535482751956 6.13557957578361
  4894 1.96799275202026 1.51745242892669 6.29136869877696
  4895 4.59192943527508 0.72407646662282 3.34575502260824
  4896 4.48977370801128 0.64182290427534 3.14609878313940
  4898 0.21875955355128 4.43176043766948 6.27452996142091
  4903 0.38542340879039 5.26602541469428 5.63438048413009
  4904 0.49674107760041 5.07600898168721 5.83946654052215
  4905 0.93840486386161 3.86253949530076 0.49406346398787
  4906 1.38964472819834 3.75908692384474 0.48420312255482
  4909 4.63617119780364 5.24864966739329 6.11317367229374
  4910 0.72137814890787 2.51506934837223 4.82785353206092
  4912 4.95219762489441 6.14164148789514 4.96228044609927
  4915 2.56653835115737 4.35486364913681 3.23440523306080
  4916 2.76090972864783 4.41066497923362 2.87855786404083
  4917 1.53364612063290 5.77814233438854 1.56495568921499
  4919 1.68918899965872 5.48444476701513 1.97775941721097
  4920 5.77263530335727 0.03122129514567 5.18793786421225
  4922 2.54453884659793 5.41884807050919 4.33005707599225
  4923 2.82700335630097 5.36215993197292 3.89180675048357
  4926 1.11356750237917 2.87679726877289 5.90419243086485
  4928 0.09369179092591 6.19965797331522 6.27124438173055
  4930 5.41367267844872 6.32529192820559 6.15198986818721
  4933 4.35135298140199 5.65682766388643 5.62471228969747
  4934 4.72797019947660 5.49754164869656 5.90311808362720
  4938 6.08623030214676 3.94575937109847 6.31545212371780
  4939 5.90600988578418 4.02030665908004 6.29531215292682
  4940 6.74121698820351 2.76319092647080 2.98523048143512
  4941 6.85036614621599 2.93773130224124 3.32221493296333
  4943 3.12475347680398 5.75590500546467 5.27860141817202
  4945 3.26826756635842 6.88793294239641 1.46727179106277
  4946 3.61139899738512 6.80899746372080 1.69678940280751
  4947 0.14741685939679 4.73194329501149 6.29387916847286
  4948 6.78058283438094 4.77085868336287 6.26351191819127
  4951 0.46592034807371 4.91889255441939 4.15933644100216
  4953 5.52558656836476 1.21857102777625 3.56786404272788
  4955 6.91349042499012 5.71614584865665 4.60987200465014
  4956 6.90511100854147 5.57511265741203 4.16548834670662
  4957 6.08638258030237 6.03045848940877 6.86034308675595
  4958 6.19577766929494 6.50657561487821 6.68519729865870
  4962 3.36694682438397 4.64107771101997 0.46013685822638
  4965 0.36051230542924 5.52812714422013 4.55369709795289
  4966 0.29827313814680 5.44760460228213 4.21484523291553
  4968 6.09350770024762 1.46505213144692 2.48130543963630
  4976 4.62553830423460 0.41040068193552 3.54212621088890
  4977 5.72465551110534 6.83036290929146 3.51598404783356
  4978 5.79331878094262 6.84818712202628 3.04662486697314
  4979 3.85148332830119 6.23995311063685 1.49676280336285
  4980 3.53820042543631 6.13756343966247 1.27142880022349
  4989 4.74574122599433 4.66623391884961 3.48624486251576
  4990 4.41241855660750 5.03682844859467 3.46254494632310
  4999 4.99069419163208 6.02367684063094 6.38237799346391
  5000 5.37994935352403 6.04683397909706 6.23905160117178
  5005 2.41116350756647 0.42568850787785 4.24954498464650
  5006 2.26724154810397 1.20500156031394 4.60895490028658
  5007 2.71007816398935 0.79363951980648 4.43702455774857
  5008 1.42779754817799 5.85394583073102 3.85722760261514
  5009 1.57302440769721 6.11508034718265 3.56781044598142
  5010 3.63084178887736 4.68388175599651 3.85788146362754
  5011 3.71935410199958 4.29463364346549 4.00828582381112
  5018 0.60147704553217 6.34308817519470 4.86388398145063
  5019 0.10404264658380 6.45837128749932 4.98282152381038
  5021 2.42217048810015 5.15227923365732 3.85860397606840
  5022 2.31860292793926 5.28203630173969 4.26114141409355
  5023 0.75393569936732 3.52703669371462 5.32708398714291
  5029 1.19834646567003 0.96527078366663 5.76969761286533
  5041 1.05748940880418 4.78373702675955 4.36813381810495
  5042 0.58850478169441 4.85104631729492 4.45049457996366
  5046 0.82229965746922 5.21101748254535 3.29116997166914
  5047 0.51211689384668 4.73902304442810 3.13469783470599
  5048 6.07891524235539 6.62582437800917 0.36694607345337
  5049 6.17180547764946 6.77288694418303 0.18103268643348
  5055 2.90627226937920 4.62427844353908 0.69475984766381
  5056 3.29182652302376 4.49930160879740 0.53714716544977
  5058 5.37288105578696 2.39850379132506 6.82066658215002
  5059 0.32814459843838 6.53672333126599 5.34033168640848
  5060 0.69779053573617 6.44280463737779 5.17630673652229
  5065 2.74264191708562 2.25973092618135 1.28758785205701
  5066 3.09238340804747 2.68231478514389 1.31523189413938
  5067 1.45810696005002 5.98763192413138 4.16578833546368
  5070 4.68503882273566 0.35212815905929 4.32378992802581
  5071 4.41126137905029 0.41964450370118 3.96499596503020
  5074 1.38017094576505 6.82235947357255 1.69594606778654
  5075 0.92864242521117 6.60235250857827 1.69308392437791
  5077 3.17182233437841 4.88642910965291 0.49549531320933
  5078 2.88623761472885 4.77432128929780 0.66601080235791
  5084 4.46681714814392 6.02958036069319 5.06981194373377
  5085 4.47174565690962 5.65951965109077 5.16988387407336
  5088 1.03938072891969 6.28307737874385 1.45493050483760
  5089 1.46552754264159 6.45413571490808 1.42375342703734
  5091 0.00589056137386 6.95720051206212 4.35857238449367
  5093 1.60477963175321 5.81892019527935 4.35954037864353
  5094 1.90554707350354 6.05475323938460 4.48886313353631
  5105 3.62617591023794 3.05282423002692 3.31278838929523
  5106 3.34956017276525 2.76345425904499 3.38675393530900
  5107 1.07297372385926 3.25790560419577 5.29804075113925
  5108 1.35699149467667 3.51960586183734 4.96949744063684
  5111 4.00896347158184 1.10515099719294 3.90104277813343
  5112 2.44972549878260 2.50887581436188 1.55813413873568
  5113 2.72359550366615 2.86430346772462 1.61775849073739
  5124 0.12310023692849 1.33750465840068 5.83819792277713
  5125 0.36090090751144 1.27249223727486 6.08261772229681
  5131 0.98642358186662 3.19665361747868 0.93457942763519
  5136 6.80178747742267 6.18308047103945 6.23097800464282
  5137 6.65578809284264 6.51205053197244 6.30928946589570
  5138 0.93891473997902 2.79014481013047 0.79601418085892
  5139 0.92818220813601 2.56040725570341 1.16742168064372
  5142 3.02196406507079 0.54542306001872 4.78193443008685
  5143 0.12492580983505 1.13888228651882 5.80233416031215
  5144 0.33969279728803 1.06210642948441 6.01091935964477
  5147 3.52723112543372 6.19103475012762 2.54513032913245
  5148 3.37839082705161 5.22692460016204 5.06794693648546
  5149 3.46438466068188 5.08677191596112 5.28925218104214
  5150 4.35990777889869 6.14873671963477 3.66448300053102
  5151 4.52397097979612 6.06229342581715 3.95437239568748
  5153 5.12837443020434 4.37208929419800 2.89167937752292
  5154 5.25769616691910 4.01856901766200 2.87685593844110
  5155 3.96744258391681 5.33085833743530 5.76332545119392
  5156 4.14450077628476 5.10243459894818 6.05673775507391
  5157 4.14663192817719 4.45768049020860 4.16226273721257
  5158 4.02511884532853 4.85410396164799 3.98751231283154
  5162 5.95867100043112 1.39475999232631 5.59930596917853
  5163 6.20278346941986 1.37882966626398 5.85128169307966
  5168 5.38732097393024 2.71018727608108 6.51074693585643
  5169 5.15702445494668 2.90610085488156 6.64793392900213
  5170 4.87441179955445 0.14940329168775 5.46883828570252
  5173 6.03829373955427 1.41797647034136 5.99665227019116
  5174 5.82055850847541 1.42853999330986 5.79470196604265
  5175 1.19313965926961 1.23716983658839 5.97571970545250
  5176 1.40940539344009 1.13254220115269 6.20255982265216
  5182 3.19605012656055 5.76112259758864 5.76122767247803
  5183 3.33879692855846 5.49029327803192 5.86024663218739
  5184 1.34951217555876 0.79930200636732 5.84006539351165
  5185 1.48620579096144 0.85595659213614 6.09861192196389
  5186 6.97028974001923 0.28421738852393 4.41632715116602
  5187 6.95960976121742 0.39455530220457 4.94468477055723
  5190 1.65694565840521 1.31743113430689 4.00997403875936
  5191 6.83449122779732 4.08583787532168 6.19065372902728
  5192 6.61146519944268 4.18917851410820 6.18190431304858
  5193 3.50694434983472 0.73008275529436 4.95575181045083
  5194 3.33225683861208 0.60814538462352 4.68701996020006
  5195 1.35784335953563 1.77253205887319 4.12939226401700
  5196 1.71436171741212 1.52421381931983 4.00957355042779
  5204 1.21956990529541 6.09477530467248 2.75347943051455
  5207 6.76876356067650 2.66468917563213 5.90515352082101
  5208 6.89831914028484 2.46338113386200 5.57794617684776
  5213 6.73347781380302 4.83469964335948 2.07861839453573
  5215 4.31988670754095 1.14669099398323 3.59209197466563
  5216 4.21095325057778 1.06769936849284 3.89882993944463
  5220 2.10662784487572 2.72056966469267 2.63127517174394
  5222 2.16382888991096 2.35793566733275 3.10749745774055
  5223 2.13115853776265 2.38784146364853 2.34219962619047
  5224 2.17468644373320 2.04867169887343 2.64058002001274
  5225 0.16242331583773 6.40937786914763 6.34293222307622
  5226 6.88391529465961 6.64076435680934 6.37318921972859
  5232 6.90908261018349 6.66496391512501 4.85941450795733
  5233 6.89706953781697 0.03251122125557 5.18120451253745
  5237 6.68477469029122 2.70654603102297 5.38037081994112
  5238 6.60063351121813 2.86819899480135 5.71270673665594
  5242 1.94818780155675 5.60882456828020 2.09178863628416
  5246 3.06423644727324 1.74564552631264 4.32300173659306
  5249 6.71312676692608 3.06352210917815 1.03191903381776
  5250 1.89577014940248 6.16687552892632 4.42374925037151
  5251 1.57124079038130 6.18040387629161 4.15918234484708
  5252 1.58458284176338 1.09143671234691 2.15352453197700
  5254 1.57992123535645 1.51007522147589 2.61874921491699
  5255 2.43896908852227 1.77513700734922 3.82051541352432
  5256 2.68006583089677 1.62013119859558 3.75948683816373
  5260 3.72785025190375 2.04097656127140 2.35493457548304
  5263 4.87966697737920 5.15689909445995 4.81621391966886
  5266 1.21545222896225 1.61578053605907 4.16115527911649
  5267 1.40193896302291 1.29434393445955 4.07667644829885
  5268 1.07185501755822 5.76939611502163 2.64190758871635
  5269 0.72445299556777 5.74973834959706 2.94940641129495
  5275 5.30141906499767 5.60977559272457 4.82800403109638
  5276 5.11850543795437 5.26969963527506 4.58868538233135
  5277 5.19922783332637 6.83631308973569 5.19822296078785
  5278 5.11554953869840 6.54905178203649 5.35663523049628
  5279 2.89411287497398 6.27498062420464 3.14939825370175
  5280 3.37202391415018 6.22156444550059 3.15910052017548
  5281 2.37746552786760 5.41501748277405 2.01239401527800
  5282 2.60940062180590 5.84387244073519 1.68615912889310
  5283 5.88789160860075 1.10776028375082 5.22462427783252
  5284 6.21802155188890 0.71335478719640 5.08218927749878
  5286 4.76958266917637 6.65301969176931 5.61511006790051
  5287 4.70360761988928 6.97919285919818 5.63860819457192
  5288 4.05142833788931 1.84522543379839 2.57634494662795
  5289 4.29800596036117 1.93332770287563 2.46308698629401
  5297 3.19539801079634 2.42488833701384 4.35241958609827
  5298 2.97605171234901 1.89152286273578 4.45370238272104
  5301 5.67442616765137 2.19599433009263 3.29310010282794
  5303 6.60067165053480 2.42452685493519 2.96600687498629
  5305 4.24665811421875 5.68195125706578 3.91563485810748
  5306 4.14709268939695 5.80881426091142 3.65390160292673
  5307 4.03331332941653 4.96908973630060 1.75615079347639
  5308 4.33777432083479 4.89992265230702 1.87510804253614
  5310 0.21671220892372 2.43890617660234 4.04410167179913
  5313 1.32477108710248 1.41090921058539 1.77080689276990
  5315 0.65999631991771 2.62116025376445 3.87275791567863
  5316 0.72655011772053 2.81115919412852 4.16987371263960
  5317 4.72918274364744 2.24744066722322 3.78689977689402
  5319 4.96841337327774 5.43156982313612 5.08759037941388
  5320 5.22346892673875 5.65034620579602 4.98426586167447
  5321 5.86768617981769 0.48920450195469 5.04104924452814
  5322 5.59647507024138 0.84331057430635 5.17052892785861
  5327 6.19011698019365 0.73082156782584 6.42379275096619
  5329 4.24133249526867 2.17901973311649 2.18238908192845
  5330 3.90501142230720 2.24356820569232 2.13488790767685
  5336 6.47397631719221 1.90625726875154 4.74890780878626
  5338 6.77508247992079 1.67331509634628 4.67129576274019
  5339 2.74410992837892 1.59790308501826 4.16674737559777
  5340 2.51895657660826 1.74078083804288 4.25236910904513
  5341 6.14866397851265 3.62307173006510 1.50366824033726
  5342 6.08865079400130 3.30271998391247 1.15394411019532
  5355 1.45333860839031 2.91942235353351 2.71940603278997
  5356 1.37495687743320 2.73674352436910 3.21091729584189
  5366 0.51673410995041 0.84694188187487 1.76030157786635
  5367 0.50611897844712 0.69790855640807 1.33222381486302
  5368 6.22445994361178 1.62924214432223 4.63183461070843
  5369 6.42872806306633 1.41561061758540 4.55923091391983
  5370 0.84463462474813 0.83378927442330 1.70525860548125
  5371 0.77606338576827 0.68852095346935 1.34429906749810
  5373 3.58171158593767 2.61739086795524 0.61296807068872
  5374 3.23542363114653 2.76586659739600 0.75210057321440
  5375 4.31491926998617 4.57874762651241 1.78726323439000
  5376 4.04302392114246 4.61055005775265 1.67949095027735
  5378 1.32696052133323 5.18450839312399 3.74918530126404
  5379 1.08406420347854 4.79338348261052 4.02780145998945
  5380 3.03074915426043 3.00916444237508 2.32330827532238
  5381 3.06249097475117 3.08427397340356 2.20949045160943
  5385 2.48513032046225 4.13229377725508 6.94840570002811
  5386 2.23845900661865 4.45224180292178 0.21731016630473
  5388 5.55819977708566 0.45837787737320 3.79965833715633
  5391 0.43716794396147 4.62543420307445 3.25002760815850
  5392 0.53750336318239 4.62394242601871 3.71811844380723
  5394 6.32791800449738 5.91874089695857 3.01454221498936
  5399 2.57385764169583 6.26806654196565 6.16563202764520
  5406 3.27005245307687 2.87991458994563 0.97648120751958
  5412 0.86981663013935 5.24920135664005 3.57784953533389
  5413 0.71452426436824 4.86007949126343 3.88520440620120
  5414 2.36897430113085 5.95511877614418 6.40668139371002
  5415 2.42110411478099 6.19199389221818 6.41273680001459
  5416 1.58109098861437 1.86545980469292 5.81870222346506
  5417 1.26369435122325 1.61415348309251 5.75742640810229
  5421 5.03445947595899 0.22168389153641 4.24829631008359
  5422 5.16065740692281 0.20947863066085 3.82059150748010
  5431 6.77384271589468 5.41880271910523 3.04850818366841
  5432 6.56617366997958 5.71395706215259 2.80915815003805
  5435 5.08098622420131 1.07051247931254 0.86083187468237
  5437 5.28635278529579 0.75294450589727 0.75470694597860
  5438 1.24896862395353 3.26558369953665 3.24678562106715
  5439 1.31651187651549 3.33775370294419 2.83795322180437
  5440 5.20857764192286 1.05971334811830 1.16971759818050
  5441 5.40969881229667 0.74388150449710 1.03946460841960
  5442 1.70796893313302 1.87692802793975 5.37242945058470
  5443 1.37162674313445 1.59551605327680 5.32544979316484
  5444 0.80229975414116 6.08696226608110 3.21436295029087
  5445 1.05046139555859 6.22326115791868 3.14593745701440
  5446 2.53137252243026 4.30257099203096 0.47247543755623
  5447 2.68293419378750 4.06358253931218 0.24270981553009
  5450 6.88098859403136 0.36376305770113 0.15148048050792
  5451 0.71213732154449 4.18487865155646 3.53502056826538
  5452 0.54604925069751 4.36775835578948 3.15843777475142
  5453 5.19904604088162 2.40205745153748 4.27703083373500
  5454 5.67199966709828 2.46646645660292 4.02521345150765
  5457 6.52364237955408 0.16631990611407 5.83295480628086
  5458 6.95302759579584 6.99194690802458 6.12932665330165
  5459 5.99101936799040 1.46862185308731 3.97314841817267
  5464 5.43540304952169 2.53188130888206 3.65135676935494
  5465 4.99232410014217 2.49594613230068 3.85960335552123
  5469 6.42327508613432 0.80373569173005 6.90506655496936
  5470 6.90485041513556 0.64498822753773 6.79332609527312
  5471 6.36942786007989 1.24749000551020 4.15690728329623
  5472 6.68343711105643 1.28077502447260 3.86583324340088
  5476 4.79524604469598 4.15996919126430 4.22987710959730
  5477 4.77340238190438 4.17933098716881 4.33009670795683
  5485 1.50112857019524 0.35947975961689 3.16115198908379
  5491 4.63007607779595 2.25556136756239 1.21391430901524
  5496 5.72639947755208 4.54691918198605 2.12336505607541
  5497 6.30785721947510 0.58493098972116 0.20914691818434
  5498 6.53447756870515 0.39770200773016 0.34506376516900
  5506 1.73870710080993 4.80704012161622 1.32657872070577
  5507 2.64895644335039 5.83934263990647 5.92194115506647
  5508 2.54767423970853 5.71493087627452 6.02947302406365
  5519 6.59196066046557 0.61759276418070 6.09819499532443
  5520 6.95359251445882 0.52406875233212 6.36473247176549
  5526 4.54301085933243 1.77510622454605 0.46055674410987
  5527 4.87067944034858 2.13260418867890 0.92347998563095
  5530 5.18501388060962 2.83318768929275 2.66083285689826
  5536 2.11994985919697 6.10188504897640 1.16737148424847
  5537 1.79965589014403 6.07010343020257 1.51649910124119
  5545 6.26767904967582 4.54276151253599 2.33956658743017
  5546 1.66053374370127 4.64733995272461 0.53625976201475
  5547 1.82780995491860 5.02017590275077 0.82873657811849
  5553 1.93760290767064 0.17828007832387 2.85726364681235
  5554 1.79586023485563 0.29006923285924 3.21338646874957
  5590 4.71690069103577 3.41945715505843 2.80130838327067
  5591 4.78939693711069 3.03426453553812 2.93623799025521
  5592 2.06853271019192 6.04568382771538 1.83812898397891
  5593 2.46795771325074 6.02524150813753 1.65033151800291
  5622 0.99065955410029 6.91531296526486 2.57453482019146
  5627 1.44661089506911 6.83211348498876 2.28024239014688
  5628 1.11289353669438 6.68314486685597 2.38598113373462
  5630 6.46929423310142 3.72595542355089 5.15038471926934
  5631 6.61897396181884 4.20549875471437 5.25644667886327
  5636 5.60971565266530 5.04895610783380 2.58183688657308
  5638 5.46604452042537 4.89919537398997 2.37403556409837
  5640 5.53141692077524 5.27580474558000 2.50277494279407
  5646 5.81849481469525 4.55136789556132 1.60250064074391
  5650 6.55324243926285 1.54622175764576 2.39875937083146
  5651 6.63806983736938 1.91240318313848 2.35215297397553
  5661 6.90636786558745 2.04536582669541 2.73753613122197
  5662 4.73605672563109 1.53891349340222 3.63452847307950
  5667 0.04486508500719 2.58214874148641 4.27907522517582
  5668 0.23370402336301 2.80106955534702 4.43550840777389
  5670 0.39422360417523 2.67618192200669 4.37984976249038
  5671 0.19411287910496 2.47808709613145 4.23821923913894
  5672 6.02246304150615 4.04535969358999 1.31401729615387
  5673 5.69607222905194 4.26430425693949 1.49330929900038
  5674 4.74629293716977 1.89545824527284 3.45361138100114
  5676 6.52932783032362 3.55450169318375 5.65290325033461
  5677 6.68129049983287 4.00440618451017 5.86736048144953
  5679 5.08353355154976 1.38421983324006 3.40345757638180
  5680 5.22874983564487 3.93246896317306 5.46276577006433
  5681 4.86138755887423 3.92033994289542 5.66226360726052
  5683 5.01320689275436 3.72030911421703 5.86172347206391
  5684 5.32864522212407 3.73093260057941 5.69282676584140
  5691 6.72412263834928 3.66200067649500 1.71438038326252
  5692 0.03782757715323 3.35672381224781 1.45265113586972
  5700 0.14736816632656 2.99700922039610 1.74300117172482
  5703 0.86061724590763 3.93446804613405 5.08062051726489
  5704 1.14762816279048 3.92970707961558 4.92455029621245
  5706 1.07476955450928 3.99079570191091 4.69693521381264
  5707 0.68450107124287 4.02732083775304 4.80820821836084
  5708 1.92520252476929 0.97090023697418 4.42073542966074
  5710 2.09242801559401 0.52357972549153 4.24427855512430
  5713 1.68527552688304 0.85289029082061 4.64559831848600
  5714 1.74236412336728 0.40339206869312 4.57494030586775
  5717 1.62069974197045 5.36432310589351 0.82456851526823
  5720 6.58116857284632 4.56527546294167 2.02528487305583
  5723 3.98199957243298 1.66039842206767 0.82984994150578
  5724 0.88396671995908 5.50818900082374 1.09653001513973
  5725 1.43557448785967 5.40023516555220 1.21589704458955
  5726 6.49224729555656 4.31511114388834 1.40285659206778
  5727 6.41929927278542 4.55957484276423 1.55696997098624
  5731 4.15844489405896 2.12472317376684 1.17770937208570
  5732 4.04967966795113 1.82956390299999 0.77698860142586
  5733 1.68250465727421 4.21226820190689 0.69073646869579
  5736 1.57784108801981 4.34878998260156 0.74650804296633
  5737 1.59963344132610 4.39022280380500 1.17375829769913
  5738 4.08602612646664 1.96393976156549 1.43190170118908
  5739 3.96734603291010 1.62295211280305 1.29245652412550
  5743 6.83796346836778 3.92117290575705 1.69312652687655
  5744 6.89941339795842 4.09473892746952 2.06663730249775
  5745 1.75360670365676 4.21425235315430 1.26998375586648
  5746 1.86948004326432 4.05085774757139 1.00716789368239
  5747 6.53811708810212 2.18630846510417 3.47072735249711
  5748 6.06296057058415 2.04646039927257 3.61791642013474
  5751 5.58247041960990 1.48970223862378 2.09391246690257
  5752 5.06526741054396 1.31546150876716 1.76566065669806
  5753 5.28342178906727 1.27150325536028 2.12020767453499
  5755 1.33499992601786 4.38916274980640 2.72157444838763
  5757 0.40331215012575 4.53992079396992 6.82032046305432
  5760 3.44092957760157 0.49239177011434 5.58281837448513
  5762 6.23176907926480 1.93775741659044 1.13239163455566
  5763 6.40029783171795 2.28265107649841 1.33678061296800
  5765 5.53906182010780 1.90809778942898 3.15147817169404
  5767 5.10037437541681 1.75455516610712 3.19828911909496
  5768 0.66681168998922 4.46444198047564 2.97833946646074
  5769 0.64782382756531 4.27134728378733 2.41505238671134
  5770 6.05390007495121 2.36974736170916 1.40449337112536
  5771 5.94870560034734 2.02000860402389 1.20211637093599
  5772 1.41707449060568 3.92385654008530 2.48438981957006
  5774 0.98263646895648 3.83737851818868 2.30972356767383
  5775 1.33046850791360 4.37591607079764 2.63934131726223
  5776 0.72133604451804 4.26837064282887 2.37031263015984
  5781 6.77887230485279 4.72459969687757 0.45955631738729
  5785 5.50904703576834 1.98409047203040 2.71087111748284
  5786 5.04211520969308 1.81265823773523 2.81021534567716
  5787 6.79332183210741 4.39583971317803 1.03173571032283
  5788 6.62101818264701 4.30308887567289 0.57767884412274
  5789 3.30687569606249 0.73981083151183 5.25056969167913
  5790 3.00349969538762 0.63559641892131 5.16495859807588
  5791 4.51466437860293 3.27316751780828 1.53328463601244
  5796 1.20396032183857 3.63097828088370 4.30029775355025
  5797 1.29387831729439 3.77806175779284 3.70517452067668
  5798 1.44327233819193 3.77320494364412 4.04753425647525
  5799 4.80351878998041 2.82888041610359 1.53312881318056
  5800 4.69760146392364 2.57258173965903 1.16281650679876
  5804 0.86370285632610 3.60217665158946 3.72379400479597
  5805 0.81428618571206 3.49462369340256 4.07690752964597
  5810 6.07929250860325 1.60990134046042 3.63843114018863
  5813 6.44974001956180 4.70806023663986 3.15169842622109
  5814 6.12243062978727 1.22314500395015 3.08785560396862
  5815 5.85300542014742 1.48320342012188 3.39489306199603
  5816 6.76146497908195 5.13468785944374 2.96128132382237
  5817 6.61044916149512 4.83193898762513 3.22385116922164
  5820 3.98812995991921 3.35118393494146 1.33115675078462
  5821 4.27910146077146 2.97190802410832 0.99448092383818
  5822 4.27876155854468 3.31645884498322 1.22652751091287
  5823 6.43921237109427 5.05755510821934 2.53944049708175
  5824 6.26468727975293 4.87885355098390 2.60740993929243
  5827 4.70133733203172 1.26871227232728 5.98455714953850
  5828 5.07234097487245 2.65389705818369 0.04478257102418
  5830 5.09566332038305 2.75690587637102 0.26802540192388
  5831 4.86719821523802 2.58091285327610 0.12543443208026
  5832 4.92668027932546 2.69917925116149 0.32998701559373
  5833 3.85233980647660 2.71646851555595 1.02158641357643
  5834 3.67816163143657 2.84321344355150 1.17626132375103
  5836 4.47488035663822 1.15868437911215 5.75576254134778
  5839 6.77603413848358 1.77552579336488 3.45711952075791
  5840 3.34202928014070 1.42373259404038 6.61290234408763
  5843 3.31821404937804 1.95835282937277 6.72725904608686
  5844 3.46769397868121 1.75686627703411 6.52058745810146
  5845 4.60426095083624 1.70285517970677 6.11761908909629
  5848 1.35985870451093 2.30261632916845 3.46737569749447
  5849 1.72384966438311 1.92849916433163 3.35333085009807
  5852 4.65577459745513 1.52035391415664 5.92898714618752
  5853 6.50646349487181 1.21959060145354 3.18866320675153
  5854 6.53700691990397 1.46886510014502 3.53516644261252
  5855 6.79888247512000 1.40302274486099 2.78209849417132
  5856 6.98157909547352 1.72866264639003 2.95805188768607
  5862 2.04491117669437 2.32520106645909 3.28230027499574
  5863 1.58479353977600 2.56669111817065 3.41598603326496
  5864 6.03221155549222 0.38787474612081 4.26228777777262
  5866 5.77694304329562 0.30334937308822 4.63060234114032
  5868 1.19014162744762 0.53576289232509 2.43029919378366
  5870 3.04671359125738 1.50176483417178 0.00223191824408
  5871 3.03921681280527 1.68772143403819 0.04055508235236
  5875 1.30895044724138 0.59782020216235 2.20374893254349
  5876 1.50769881262170 0.38248308890009 2.17898568135925
  5877 5.63509970257180 0.56945609301598 4.06638412861855
  5878 5.41969448083417 0.50013607644420 4.34547742348437
  5879 6.45023625149703 3.00172590496501 2.35201641617456
  5881 6.21922486281381 3.33646543223127 2.26559643645539
  5884 4.46278062055387 1.42258606693912 5.26756875527815
  5885 6.17938671688290 0.45090251134896 1.99111404412922
  5886 6.40515554033661 0.30681246220292 2.13969955999331
  5890 6.36301167886093 0.60807549764481 1.82820717663055
  5891 6.58263519146496 0.51040133361099 1.93419647565660
  5892 1.32039002738805 0.25220293574014 2.54409132190391
  5893 1.47209917496178 0.19758413590241 2.43605309077866
  5894 3.74560967021347 1.61164833552018 5.30770471565783
  5895 4.11583881106381 1.53962452005683 5.07070425175074
  5896 3.79166256182084 1.51422795851790 5.66834203620651
  5897 4.41650329760341 1.34081211890681 5.69047512757783
  5898 6.85566457313981 3.21753434661603 2.21597483808666
  5899 6.68443822979917 3.53086251623661 2.14332807810794
  5901 5.30585391428933 2.57896104893565 6.17301018805694
  5931 5.26645122026687 2.12489336355698 6.17409081514949
  5932 4.85501536158374 1.95163615947772 5.95571426945809
  5940 2.94306736344289 6.18220370207899 2.48360516402995
  5941 2.75003249558405 6.24253254356395 2.91325520005906
  5943 2.58392371902595 6.53448172000671 2.67965771776718
  5944 2.74638560081207 6.47199163031446 2.34619953711409
  5948 6.56396775430427 0.51238871531497 3.27071105337810
  5949 6.70382464053107 0.73824847090140 3.28191254754170
  5953 6.73002809202828 0.37938025588596 3.03523908619144
  5954 6.91048899417644 0.63201233883764 3.02603497494204
  5956 0.95532201549163 1.92680278514494 2.36557648930410
  5957 0.76833848692168 1.71070829491308 1.94480580475542
  5959 4.91959824478448 3.02433639036528 5.73605824453181
  5960 4.51034611784843 2.72550919593638 5.32976600432167
  5963 4.00879901328861 0.73639359995209 5.97993812812135
  5964 4.90990277436604 2.77504899266139 6.04592157559284
  5965 4.61412541261877 2.44180375642131 5.88435008057096
  5966 4.21425488555882 0.14123247775627 6.19858581948518
  5967 4.06296900782028 0.34875787277637 5.81228707280128
  5968 1.31419279374957 1.85155602595020 2.20796815929440
  5969 1.23903573632616 1.66265287439659 1.83634654156337
  5971 4.37633818716447 3.78635452990583 3.70391837928525
  5973 0.82092869308878 3.31561232830437 1.58190350387039
  5975 0.75633233877930 2.99686301165223 1.77708491487142
  5976 4.52144035750926 3.84133857783726 3.12641369322069
  5977 4.78395704133067 3.62585058049148 3.03811967562057
  5978 4.91611180641421 6.36527713624205 0.06930949202196
  5980 4.85882241157158 6.10539749481952 6.70612889184035
  5981 1.02103994768838 3.18590529637029 1.42773264913932
  5982 1.00780723295208 2.92732559215420 1.53968391030281
  5983 4.58437821863755 3.19402309313992 4.00991474940838
  5986 4.68620653818734 3.42118293944891 3.89688778565078
  5987 4.96643565101130 3.31060312067012 3.49630609538561
  5988 4.51514041974487 6.34346859312959 0.14652193642560
  5989 4.43560112537073 6.15510125896719 6.89038727071107
  5990 4.96146064770828 3.05824693412989 3.42794129704767
  5991 4.73081084377800 2.83260447356149 3.72986131694655
  5997 0.07200528140478 3.56919170325011 4.71485832222100
  5999 0.31860316275597 3.88412963339868 4.62815702403262
  6000 0.11817973414461 3.51306727533784 4.39047625544992
  6001 0.29699265661643 3.72291102600040 4.30960792718418
  6025 3.54821067789032 3.56599141817275 3.52258476958478
  6026 3.25578822716689 3.64051733414009 3.78307742075941
  6030 3.72903022318129 3.68748541179828 3.72406757995432
  6031 3.54537221083678 3.75121479423876 3.93993283207903
  6033 5.44561971991677 3.81365994301328 2.19858206599175
  6034 5.70526468048223 3.45485746389899 2.17122623121296
  6035 5.18044776454928 3.54499760959845 2.19744217996830
  6036 5.36809355080245 3.27738894386630 2.17341472053190
  6050 3.25095075251369 0.60063443307440 3.49130479544075
  6052 3.24880959991812 0.33181253098065 3.34101833053420
  6053 2.89630528502657 0.12810972131963 5.95473171976760
  6058 3.13577949954081 0.16747768415315 5.64813965936440
  6059 2.85830576232945 0.19630662767486 5.40572503783679
  6060 3.46781295698930 0.93838237506186 3.19826660325452
  6062 2.55321175017909 1.34277703987355 2.42907473773378
  6064 2.62415842087282 1.76158210164260 2.44343529006949
  6065 2.90043332314186 1.38942102835194 2.59934634026788
  6066 2.88997572497602 1.71972606807065 2.57689940471128
  6068 2.77182595163487 2.45306385307625 5.55331486057876
  6069 2.74579864288786 2.26652578547492 6.00658484341677
  6070 1.67021568369696 1.51357735150466 6.91855473476576
  6072 1.26771414431262 1.19312915949742 6.76276984047954
  6082 5.39134589994763 1.55957060714520 1.39645341437542
  6083 5.63023618726734 1.62027824856287 1.49997486439450
  6093 6.58486274567269 4.81142023371050 1.41982292822799
  6094 5.28860827661105 1.61234125058324 1.58909165146753
  6095 5.51180716997551 1.67366580749391 1.71205540469135
  6097 3.64653424309066 2.41994877863521 3.53704456045799
  6104 3.47205821554925 0.87968117364596 2.44839967674343
  6106 3.38869436040961 0.42892391935467 2.52050757968893
  6109 2.62380364323418 1.48757980381282 5.85199543540232
  6110 4.21380859626825 2.39016168668303 6.11670029921732
  6112 3.73025540782989 2.43558852609134 5.82207363112054
  6113 3.60484016301178 2.24986813961788 3.98907476632475
  6114 3.53562751455246 1.92383600243110 3.95843028862282
  6125 6.56786088179008 5.25143249599352 0.62861886534074
  6128 6.61347691636993 5.24269618624720 0.67415996128995
  6129 6.40020787337301 5.15503508593468 1.26894545887055
  6130 2.47025709388679 1.85583267058902 5.41897089829130
  6131 2.48438876239887 1.77530890585476 5.82310717282770
  6132 2.56748630118279 1.70252657430530 5.28380346563924
  6133 2.68287998947364 1.38408476998080 5.47869604063965
  6134 3.59771294030498 0.81913992655041 2.97914398593420
  6135 3.51446630075098 0.43088651196338 2.98380386829544
  6136 4.13240665956667 1.96332999355560 6.22820455112798
  6137 3.75829193824779 1.91307670377918 6.01726262588668
  6142 4.03776325693302 1.91936547723850 3.08649944309720
  6152 1.18140141744084 2.20679699612373 6.96912558137175
  6154 1.24199047270646 1.83950042540690 0.14128816747343
  6155 0.75529473575309 1.54095989120481 0.02428763504031
  6156 0.44652997483610 4.87961942668580 0.63689579045667
  6158 0.45780905243497 4.64422685344021 1.06252403613396
  6160 2.22298607784726 0.76886578702246 5.60655549251173
  6162 3.60017720016818 2.13369410318898 3.32401626787917
  6163 3.50806012074647 1.86626031783267 3.49594651472860
  6164 6.86104265898871 4.82023378369444 0.62553470718084
  6165 6.86790660642514 4.58776087608699 1.03377882437804
  6166 2.14403337190493 0.84130693998605 6.01824577346683
  6167 2.25568534048589 0.59568429127540 6.19278507195365
  6173 5.89086594626943 5.62004013623707 0.83134048996896
  6182 0.71453812961934 2.07497701921784 6.87393673775624
  6183 0.65366052911052 1.60192275119911 6.97707803789708
  6184 0.59978919784440 2.04664170300597 6.60283686099705
  6185 0.53866668461184 1.64105920062364 6.61312094074212
  6186 1.10880535259380 5.54348787305538 0.52733682191218
  6187 0.82011859079865 5.58517736658578 0.84669018424471
  6197 0.62267058003028 5.39967802443215 0.58869700888277
  6198 0.90750143338633 5.38583758512971 0.34291951362600
  6202 1.57073160747926 2.71793256672059 6.22958760276395
  6203 1.41026871870081 2.69033903710311 6.00033900406968
  6204 2.56066390636983 0.18593604468686 5.55623508526386
  6205 2.56093708380531 0.13053504795730 5.81980969342802
  6206 6.08822693456927 5.18055768884573 1.24130413517733
  6207 6.06082400587710 5.25620635809506 0.86683441724162
  6208 1.55278538367617 2.41269732815393 6.32309785137446
  6209 1.39339562000142 2.35486827700069 6.11582554076779
  6210 5.74401668352409 5.80675578894800 1.44089537240172
  6211 5.82649821978209 5.62083142382764 1.60094119214297
  6212 5.41705835531037 5.24747321073881 1.84290217623683
  6214 5.37056946440633 5.15738369571888 2.27786383480452
  6223 3.98625343726572 1.27116969460641 3.35835773496572
  6224 3.87702501801722 1.26722635831638 3.43021432960752
  6245 4.89177840683429 5.37493354154929 1.79255139289845
  6246 4.89725238477057 5.28723507587489 2.21234568158638
  6272 6.23906526732492 6.74153137067356 0.89422164824708
  6273 6.36628513197619 6.47108363228951 0.98401497834905
  6287 6.26418483261563 6.65257755044305 0.53996647847865
  6288 6.41301291533464 6.36201021590958 0.70292860628063
  6289 5.00256966914919 6.28437681732295 3.31768508452356
  6290 5.17121766662290 6.19527195287043 3.80633034083381
  6297 5.31162917326428 6.73950427408547 3.57571407697633
  6298 5.13445664030569 6.66711277571145 3.26547343320136
  6304 4.56794306622511 6.29435709314709 6.12576997432886
  6305 4.78566391002636 6.62019022379996 5.94279712014486
  6307 5.14234675070982 6.45276472896489 6.24033128436416
  6308 4.92993069392357 6.15328207016687 6.39481968651452
  6312 4.35238859200370 0.86695510222453 6.63284933079298
  6313 4.53523635341318 0.53603088665092 6.73023107043750
  6320 6.07392070469896 5.73686905720294 3.65095434600636
  6321 6.32280953060658 5.43731880070737 3.78796203872999
  6330 6.32117298301892 5.84863304328351 3.47976312015546
  6331 6.52380437855727 5.62716037942609 3.57894075610410
  6332 4.19954171763369 0.35200400633175 6.49218915216056
  6333 4.07434151122990 0.67452512529951 6.43346718481064
  6340 0.57167508777364 4.54665146289279 6.87097558134980
  6341 0.74772017710725 4.68346152242388 0.31225707714630
  6342 0.97750657500820 4.91192819017479 6.87870202242807
  6343 0.98837133422975 4.90846330894735 0.20279241747844
  6344 0.42413450253791 4.28155411096735 5.87175969638465
  6346 0.55063583220112 4.44743003259351 5.61137708195534
  6347 0.70263479645318 4.14802609074810 5.81929118372662
  6348 0.76359024058763 4.29334558509887 5.61343283269100
edges 4078
5      8      5
6      5     17
12      9      8
50     31     33
94     64     77
95     77     55
102     55     52
115     71     74
148     87     85
173    124    125
204    131    127
210    127    125
217    142    141
218    141    158
221    152    145
222    145    148
223    148    142
231    151    146
233    147    158
234    141    150
236    148    143
237    143    150
238    145    146
239    151    143
241    161    138
242    138    152
245    138    163
251    162    163
261    171    185
264    173    179
265    179    171
268    181    180
269    180    173
271    175    190
272    190    191
273    191    181
274    179    174
284    174    177
290    180    177
294    197    194
295    194    190
346    229    232
379    241    240
380    240    238
382    238    243
440    284    285
465    297    299
466    299    295
467    295    298
472    299    304
473    304    308
474    308    312
475    312    298
484    306    297
485    306    300
486    300    304
504    322    320
505    320    324
508    322    332
509    332    330
510    330    324
511    321    330
563    378    365
570    375    362
599    392    390
600    390    413
616    389    390
620    419    389
654    430    432
685    442    429
693    462     52
726    472    471
727    471    470
728    470    478
733    471    486
734    486    487
735    487    478
736    472    483
737    483    485
738    485    469
739    469    486
752    476    481
753    481    469
754    485    476
755    476    484
758    488    481
762    487    488
786    432     71
793    509    510
800    514    520
821    538    539
847    539    540
848    540    531
859    548    557
860    557    544
871    553    554
872    554    295
879    548    553
882    562    549
887    577      5
896    580    577
900    586    587
901    587    585
902    585    566
903    566    580
906    585     17
962    606    617
986    626    627
994    629    627
1012    641    643
1029    647    662
1030    662    657
1034    131    648
1035    648    662
1036    648    651
1048    322    678
1057    668    332
1064    671    666
1070    679    548
1075    666    679
1089    699    686
1100    681    684
1107    699    554
1149    724     33
1163    742    739
1176    736    741
1177    741    742
1210    719    763
1212    763    764
1225    668    782
1242    769    776
1243    776    783
1277    795    794
1280    796    802
1291    796    803
1336    243    833
1337    833    824
1349    835    845
1350    845    843
1351    843    844
1352    844    841
1353    841    835
1354    835    838
1355    838    852
1356    852    587
1357    585    845
1361    836    846
1362    846    586
1363    852    836
1364    836    848
1365    848    849
1366    849    853
1367    853    846
1376    843    851
1377    851    850
1381    849    686
1382    566    851
1384    861    736
1397    863    867
1405    865    871
1411    862    865
1413    124    862
1415    870    871
1416    870    863
1421    877    875
1436    872    890
1441    877    894
1459    885    890
1461    898    861
1463    911    913
1470    910    911
1475    901    909
1476    909    655
1483    903    912
1487    903    910
1497    920    923
1498    923    927
1499    927    924
1542    947    940
1543    274    947
1584    971    978
1585    978    968
1591    969     87
1594    979    969
1597    979    967
1606    973    976
1615    967    977
1618    977    976
1620    991   1015
1664   1020   1038
1671   1022   1038
1677   1022   1037
1678   1037   1021
1679   1021   1036
1680   1036   1035
1681   1035    171
1714   1045   1046
1720   1046     64
1739   1020    927
1741   1059    920
1742   1065   1068
1748   1070   1065
1752   1081   1068
1776   1081   1076
1777   1076   1080
1783   1091   1099
1784   1099   1106
1785   1106   1100
1786   1100   1098
1787   1098   1091
1788   1091   1094
1789   1094   1097
1792   1093   1102
1793   1102   1099
1794   1098   1092
1795   1092   1101
1796   1101   1094
1797   1100   1104
1798   1104   1103
1799   1103   1092
1817   1112    472
1820    862   1112
1824   1118    470
1831   1114   1118
1833   1122   1114
1845   1137   1136
1846   1136   1126
1847   1126   1130
1848   1130   1134
1868   1122   1137
1890   1151   1147
1894   1153   1155
1902   1080   1156
1903   1156   1155
1919   1181   1178
1927   1168   1184
1957    266   1202
1980   1207     85
1984    626   1207
1985    643   1210
1986   1210   1211
1989   1209   1210
1991   1211    681
1992    684   1209
2003   1214    722
2004   1212   1226
2006   1217   1212
2007   1212   1218
2010    940   1226
2012   1216   1218
2020   1221   1216
2069   1244   1255
2078   1259   1266
2083   1259   1261
2084   1261   1265
2092   1065   1265
2137   1289   1293
2141   1287   1289
2145   1287   1294
2154    580   1300
2179    476   1304
2180   1304    146
2211   1336   1328
2215   1330   1323
2216   1323   1326
2219   1324   1336
2220   1329   1324
2221   1324   1325
2222    976   1346
2224    147    973
2227   1349   1346
2229    158   1345
2230   1345   1344
2231   1344   1348
2232   1348   1347
2234    141   1344
2235   1349   1350
2236   1350    150
2238   1348   1350
2251   1364   1352
2254   1362   1361
2255   1361   1364
2261    662   1352
2262   1361    657
2299   1375   1357
2301   1380   1375
2333    392   1401
2334   1401   1212
2343   1147   1405
2345   1405   1226
2358   1406   1409
2362    174   1406
2384   1419   1421
2385   1421   1424
2389   1430   1419
2406   1439   1447
2407   1447   1446
2408   1446   1445
2411   1448   1439
2413   1329   1449
2414   1449   1448
2421   1449   1447
2422   1445   1440
2445   1460   1336
2455   1466   1457
2463   1459   1461
2470   1472    890
2471    885   1457
2488   1460   1077
2497    852   1481
2506   1484    469
2530   1508   1493
2533   1489   1504
2535   1493   1502
2536   1502   1489
2537   1489   1496
2555   1510   1511
2563   1517   1530
2583   1528   1529
2589   1529   1525
2621   1549   1563
2622   1563   1559
2629   1559    644
2661   1566   1570
2669   1571   1570
2682    900   1577
2683   1577   1081
2690    557   1580
2691   1580   1587
2692   1587    679
2731    299    699
2770   1619   1622
2775   1622    969
2836    362    769
2837   1532   1657
2840   1656   1657
2843   1662   1659
2844   1659   1656
2847   1661    776
2851   1662   1661
2853   1663   1137
2867   1671   1666
2868   1666   1667
2871   1666   1676
2877    161   1674
2878   1674   1668
2883   1674    782
2888   1677   1676
2924    901   1698
2925   1698   1261
2926   1577   1703
2930   1702   1698
2931   1702   1701
2932   1701   1265
2933   1701   1699
2934   1699   1068
2935   1699   1703
2967   1722   1724
2972   1717   1719
2977   1725   1717
2978   1717   1722
2980   1725   1723
2981   1723   1724
3000   1732   1736
3019    912   1742
3021   1742   1380
3036   1765   1751
3082    958    841
3117   1792   1789
3121   1800   1792
3128    824    180
3129    181   1804
3130   1804   1806
3132    833   1804
3135   1809   1810
3136   1810   1806
3146    849    304
3154   1207   1622
3198   1662   1496
3229   1843    867
3252   1855   1130
3253    375   1854
3264   1861   1676
3269   1861   1862
3272   1862    260
3314   1809   1883
3339   1862   1015
3342   1894   1900
3343   1900   1901
3344   1901   1202
3348   1895   1900
3372    763   1913
3373   1913    945
3381   1915   1912
3382   1912   1867
3383   1913   1915
3385   1912    764
3406   1544   1927
3407   1927   1926
3408   1926   1289
3409   1926   1244
3416    241   1927
3419   1795   1939
3420   1939   1938
3461   1642   1349
3500   1965   1155
3501   1965    540
3516    531   1964
3534   1973   1725
3574   1989    175
3575    190    641
3579   1806   1563
3594   1303   1996
3605   1517   1938
3611   1939   2000
3618    194   1210
3619   1209   2003
3622    197   1211
3628   1699   1736
3640   1021   1352
3649    647   1036
3673   1677   2038
3674   2038   2032
3675   2032   2031
3681   2034   2038
3682   2031   2024
3683   2024   2029
3692   2027   2030
3693   2030   2025
3695   1668   2027
3699   2030   2029
3700   2034   2035
3704   1214   1855
3725   2043   2045
3744   1924   1883
3745   1549   1810
3747   1797   2058
3753   2057   2058
3755    742   1722
3764   2062    909
3775   2063   2071
3778    576   2063
3781   2074   2071
3817   2032   1895
3822   2035   1762
3828   1259   2084
3829   2084   2085
3830   2085   1698
3836   2062   2085
3842   1227   1582
3862   2094   2100
3865   2097   2094
3866   2094    497
3869   2097   2096
3876   2096   2104
3877   2104   2008
3881   1639   1459
3885   1965   2106
3890    539   2106
3899   2109   2110
3901   2110   2111
3905   2111   1502
3906   1493   2109
3921   2118    843
3922   2118    289
3924   2122   2121
3928   1656   2120
3929   2120   2122
3931   2119   2123
3932   2123   2120
3933   2111   2119
3935   2121   2123
3955    602   2127
3966   2135   2141
3971   2135    520
3991   1406   1854
3995   2135   2127
4002    478   2146
4013   1266    846
4014    836   2084
4017    308    853
4028   1751   2153
4030   1765   1792
4031   1789   2153
4033   1996   2058
4049   2029   1587
4060   2161   2162
4074   2000   1318
4090   2173   2171
4091   2171   1181
4094   1348   2173
4112   2180    390
4113   1401   2178
4119   2178   1217
4126   2123   2173
4129   2119   1344
4130   2110   1345
4147   2178   1097
4149   2180   1091
4151   1099    413
4153   1093   1904
4160   2186   1279
4169   2192   2186
4197    347    700
4201   1481   2085
4222   1037    898
4242   2221   2223
4247   1103   2222
4248   2222   2225
4249   2225   2227
4250   2227   2221
4257   2223   2218
4259   2218   2227
4263    312   2229
4266   2230    850
4278   1362   2237
4279   2237    910
4287   2031   2238
4288   2238   1900
4310    509   2122
4330   1445   1525
4351   2097   1499
4352   2096   2251
4353   2251   2182
4360   2253   1566
4361   1570    162
4377   2218   2260
4378   2260   2259
4379   2259   2025
4380   2259   2230
4381   2260    851
4382   2227   2118
4393   2266   2265
4394   2265   2264
4397    870   2266
4399   2265   2262
4401    871   2262
4421   2269   1419
4452   1894   1421
4453   2269   2238
4458   1571   2222
4469    803   2266
4496   2260   1300
4508   2289   1106
4524   2161   2283
4527   2268   2143
4533   2253   1098
4548    802   2298
4552   2297   2298
4553   2003   2297
4573    617   1769
4584   2306   2264
4596   2308    911
4616   1927   2312
4617   2312   2313
4619    796   2312
4620   2313   2298
4623   2313   2306
4624   2312   2265
4626   1926   2262
4696   1657   2337
4785   1020   2366
4788    173   2366
4889   2401   2402
4895   1616   2401
4896   1642   2402
4964   1732   2425
4967      3   2425
4971   2428   2430
4975   1255   2430
4976   1996   2428
4978   2057   2430
4993    808   2436
4996   1769   2436
5070   2460   2461
5072   1249   2460
5076   2043   2461
5081   1571   2463
5082   1092   2463
5083   1566   2463
5086    453   2464
5087    510   2464
5091   2466   2467
5092   1044   2466
5093   1424   2466
5096   1894   2467
5097   1202   2467
5155   2486   2487
5162    358   2487
5177    647   2493
5180     47   2493
5185    131   2495
5188    651   2495
5200   2501   2502
5206    901   2501
5207    900   2502
5211   2505   2506
5214   2045   2506
5221    173   2507
5224   1020   2507
5249    795   2517
5291   2531   2533
5293   1619   2531
5296    848   2531
5298   2084   2533
5317   2540   2541
5324   2014   2541
5336   2546   2548
5338   1045   2546
5340   1050   2548
5341   1148   2546
5383   2218   2561
5386   2025   2561
5451    724   2584
5457   2586   2587
5459   1517   2586
5460   1527   2586
5462   2000   2587
5465    833   2588
5466   1809   2588
5541   1279   2612
5564   2620   2621
5568   1466   2621
5570   1459   2620
5577   1496   2624
5603   1510   2632
5643   1559   2645
5659   1386   2652
5695   2100   2664
5698   2237   2664
5755   2027   2683
5788   1671   2692
5789   1677   2692
5794   2692   2694
5795   2034   2694
5820    557   2701
5831      8   2704
5859   1021   2714
5862   1038   2714
5867   1330   2716
5870   1357   2716
5929   2738   2739
5931   2162   2738
5934   2283   2738
5935   2285   2739
5950   2588   2745
5987   1496   2756
5993   2758   2759
5994   1493   2758
5996   1504   2758
5997   2109   2759
5999   1667   2759
6012   1661   2763
6013   1855   2763
6058   2268   2778
6061   2106   2778
6062   2779   2780
6069   1168   2780
6109   2795   2796
6164   1323   2812
6173   2114   2815
6176   2127   2815
6188   2821   2822
6189    284   2821
6192    719   2822
6194    721   2822
6211   1081   2827
6212   1065   2827
6227   1148   2832
6229   1147   2832
6230   2833   2834
6233    602   2833
6269   2845   2846
6272   2501   2845
6276    912   2846
6296   2854   2855
6299   1703   2854
6300   1702   2855
6302    900   2854
6303    901   2855
6309   1448   2858
6312   1153   2858
6346   2870   2871
6347    568   2870
6348    577   2870
6350   1293   2871
6351   1303   2871
6362   2493   2874
6363    657   2874
6375   2584   2878
6377     33   2878
6386      8   2881
6388   2882   2883
6390    978   2882
6404   1362   2886
6405   1357   2886
6409   2888   2889
6410   2035   2888
6412   2032   2888
6413   2025   2889
6415   2024   2889
6423   1178   2891
6439    950   2898
6442   2264   2898
6448   1221   2901
6457   1202   2904
6460   1915   2904
6490   2915   2916
6495    544   2915
6496   2826   2916
6512    375   2921
6514    378   2921
6545   2467   2930
6555   1214   2933
6581   2941   2942
6582   2161   2941
6583   2160   2941
6586   2153   2942
6665   1450   2966
6666   2967   2968
6668   2100   2967
6670   1529   2968
6674    161   2969
6676    162   2969
6710   2980   2981
6712   1815   2980
6720   2253   2982
6739   1674   2989
6742   2683   2989
6751    147   2992
6754    736   2994
6755    872   2994
6765   2930   2997
6771   2178   2999
6772   2180   2999
6773   1094   2999
6780   1122   3001
6781   3002   3003
6783   1904   3002
6785   2161   3003
6787   2160   3003
6789   2062   3004
6790   2533   3004
6791   1624   3004
6827   3016   3017
6828     17   3016
6829      3   3016
6831    587   3017
6841   3020   3021
6842    566   3020
6843    586   3020
6845    850   3021
6846    853   3021
6847   2229   3021
6862   3026   3027
6864   1416   3026
6868   1430   3027
6931     47   3048
6932     31   3048
6933     48   3048
6948    125   3053
6949   3001   3053
6955    813   3055
6957   1156   3055
6965   3058   3059
6968    453   3058
6969    497   3059
6971    510   3059
6986   3064   3065
6987   2756   3064
6988   1502   3064
6989   2121   3064
6990   1499   3065
6991   1508   3065
6992   2182   3065
7000   3068   3069
7001   1481   3068
7003   1702   3068
7004   3017   3069
7005   2425   3069
7006   1701   3069
7007   3070   3071
7008    185   3070
7009   2008   3070
7013    175   3071
7038   1386   3079
7050   3084   3085
7052   2259   3084
7053   2889   3085
7083    794   3094
7091   3097   3098
7092    776   3097
7095   1662   3098
7096   1489   3098
7105   3101   3102
7107   2694   3101
7110   2035   3102
7111   2561   3102
7141   3113   3114
7143   2111   3113
7144   2119   3114
7146   3098   3113
7147   1656   3114
7186      9   3127
7188      0   3127
7192   2487   3128
7210   3134   3135
7213   2461   3134
7214   1174   3135
7215   2966   3135
7216   2045   3135
7217   3136   3137
7218   1742   3136
7221    903   3137
7222   2664   3137
7223   2740   3137
7250   2495   3145
7257   3094   3147
7258   1639   3147
7273   2221   3153
7276   2881   3153
7277   3154   3155
7279     77   3154
7281   1447   3155
7283   1530   3155
7290   1904   3157
7306   1703   3162
7307   1772   3162
7314   2541   3164
7315   1883   3164
7319   3166   3167
7321   2815   3166
7323   2143   3167
7348   1103   3174
7349   2221   3174
7393    681   3187
7395   3189   3190
7396   2882   3189
7397     87   3189
7399    968   3190
7401    300   3190
7402   3191   3192
7404   2758   3191
7406    260   3192
7413     55   3194
7415    462   3194
7433    850   3199
7436    686   3199
7443    976   3203
7446    979   3203
7466   3211   3212
7467   3190   3211
7468   2531   3211
7469    969   3211
7471   2533   3212
7472    967   3212
7481   2063   3215
7487   3217   3218
7488    481   3217
7489    146   3217
7490    163   3217
7509   2402   3223
7510   1639   3223
7517   3226   3227
7520   2871   3227
7522   2994   3226
7523   2455   3227
7544   2716   3234
7549   2740   3235
7563   1450   3239
7564   1174   3239
7569   1386   3241
7570   1391   3241
7602   2014   3251
7638    924   3263
7641   1806   3263
7652   3268   3269
7653    124   3268
7656   1112   3269
7657    950   3269
7667   1642   3272
7698   1532   3281
7699   3114   3281
7700    142   3281
7702   2143   3282
7704   2803   3282
7720   1725   3287
7723   1719   3287
7738   1559   3293
7758   3300   3301
7762   2505   3301
7763   1001   3301
7766   3185   3302
7767   1001   3302
7768   1762   3302
7798   1481   3312
7801    838   3312
7823   2008   3319
7835    430   3322
7858   2796   3331
7859    808   3331
7867    229   3333
7868   3334   3335
7869    872   3334
7870    863   3334
7872   3226   3335
7873    871   3335
7874   1293   3335
7876   3162   3336
7878   1736   3336
7893   3027   3341
7895   3085   3341
7899    306   3342
7917   3348   3349
7920   1330   3348
7921   1326   3349
7923   1375   3348
7937   3355   3356
7939   1347   3355
7940   2182   3356
7942   2173   3355
7943   2121   3356
7957   1582   3361
7958   2709   3361
7960   3362   3363
7961   1036   3362
7965   3001   3363
7966   1663   3363
7977   1001   3366
8003   3374   3376
8005    158   3374
8007   2110   3376
8010   1667   3376
8038   3386   3387
8039   1439   3386
8043    531   3387
8044    429   3387
8070   1861   3395
8071   1895   3395
8072   2038   3395
8074   2027   3396
8075   2561   3396
8076   2225   3396
8080   3398   3399
8081    783   3398
8082    678   3398
8083    769   3398
8085   1409   3399
8086   1854   3399
8087   3400   3401
8088   1080   3400
8089   1153   3400
8093   1077   3401
8108   3406   3407
8109   2366   3406
8110   2714   3406
8111    171   3406
8114   3070   3407
8125   1059   3410
8133   3155   3413
8135   1938   3413
8140   1964   3415
8141   2548   3415
8143   3416   3417
8144    764   3416
8146   2822   3416
8193   1405   3431
8194   3157   3431
8195   1401   3431
8199   2487   3432
8214    486   3437
8217   3438   3439
8219   1050   3438
8221    274   3439
8231   3442   3443
8232    679   3442
8234   2030   3442
8235    553   3443
8236   3199   3443
8237   2230   3443
8238   3444   3445
8240   1528   3444
8241   2586   3444
8242   1446   3445
8243   1525   3445
8244   1530   3445
8245   3446   3447
8246   2624   3446
8247   2933   3446
8248   2763   3446
8250    945   3447
8260   1148   3450
8261   1448   3450
8262   1153   3450
8280   3194   3457
8283   1971   3457
8304   1582   3464
8306   2915   3464
8314   3467   3468
8315   1466   3467
8316   1325   3467
8318   3234   3468
8320   1440   3468
8323   3223   3469
8324   1642   3469
8340   3342   3474
8341   2833   3474
8342   3475   3476
8343   2106   3475
8344   3055   3475
8346    538   3476
8347    809   3476
8387   2074   3488
8401   1093   3492
8402   3157   3492
8403   1097   3492
8408   1570   3494
8427    298   3498
8460   2874   3510
8467   3094   3513
8469    629   3513
8473   3515   3516
8474    510   3515
8477   2122   3516
8478   2756   3516
8479   1659   3516
8485   2826   3518
8486   2203   3518
8487   3519   3520
8488    671   3519
8489   2989   3519
8490    668   3519
8493    330   3520
8494   3521   3522
8495   2587   3521
8496   3349   3521
8497   1318   3521
8498   3444   3522
8499   3348   3522
8515   3527   3528
8516    795   3527
8520   1544   3528
8521    796   3528
8542   1279   3533
8567    285   3543
8569   2878   3543
8584   3548   3549
8586   3199   3548
8587    844   3548
8588    671   3549
8589   3442   3549
8590   2683   3549
8592    920   3550
8593   3410   3550
8594    924   3550
8598   3552   3553
8600   3180   3552
8602   1566   3553
8604   3437   3553
8605   3554   3555
8606    181   3554
8607   3263   3554
8608   2366   3554
8609    175   3555
8611   3407   3555
8638   3564   3566
8642   1854   3566
8645   2921   3566
8650   2882   3568
8653    973   3568
8657   3571   3572
8659   3269   3571
8662    471   3571
8663   3437   3572
8682    876   3578
8683   3503   3578
8689   1724   3580
8691   1798   3580
8707    197   3585
8709   3071   3585
8721   3589   3591
8726      0   3589
8728   3417   3591
8752   1419   3600
8756   3601   3602
8757    562   3601
8758    295   3601
8761    297   3602
8762   2833   3602
8764    655   3603
8765   2495   3603
8766     46   3603
8774   2704   3606
8775   3153   3606
8776    289   3606
8782   3585   3608
8790   2845   3610
8791   3611   3612
8792    724   3611
8794   1136   3611
8795     31   3612
8796   2513   3612
8797   1663   3612
8812   3617   3618
8814    813   3617
8815    808   3617
8816   3336   3618
8817   1772   3618
8818   2436   3618
8823    894   3620
8826    885   3620
8828   3622   3623
8831   1130   3622
8832   1221   3623
8834   1214   3623
8849   3628   3629
8853   1287   3629
8855   1544   3629
8895   3642   3643
8896   1391   3642
8897    438   3642
8898    442   3642
8899     74   3643
8900    432   3643
8901    429   3643
8902   3644   3645
8905   3628   3644
8906   2014   3645
8907   2981   3645
8920   2146   3649
8921   1118   3649
8923   3650   3651
8924   2513   3650
8925   3048   3650
8929   2670   3651
8934   1510   3653
8950   1416   3658
8951   3027   3658
8969   3664   3665
8970   1328   3664
8971   1461   3664
8973   1325   3665
8974   2620   3665
8975   1323   3665
9019    321   3679
9020    152   3679
9021   2207   3679
9051   1904   3688
9054   3690   3691
9056    358   3690
9059   3128   3690
9070   3695   3696
9071   3218   3695
9072    488   3695
9073   1309   3695
9075   2982   3696
9076    419   3696
9092    929   3701
9105   3079   3704
9125   3712   3713
9126   3187   3712
9128    666   3712
9130   3361   3713
9139   3716   3717
9140   1122   3716
9141   3653   3716
9142   2632   3716
9143   1118   3717
9150   3589   3719
9152   2796   3719
9153   3720   3721
9156   1800   3720
9157   1093   3721
9159   3003   3721
9203   3736   3737
9204     88   3736
9206     85   3736
9208    643   3737
9209    626   3737
9218   3378   3740
9219   3717   3740
9224   3742   3743
9227   2714   3742
9229   3319   3743
9230   3407   3743
9245   3748   3749
9246   1511   3748
9250    462   3749
9259   3752   3753
9260   2645   3752
9265   1989   3753
9270    911   3755
9272   2854   3755
9283   3759   3761
9285    365   3759
9287   1511   3761
9296   2283   3764
9299   3721   3764
9307   1304   3766
9309   3768   3769
9311   2502   3768
9313    913   3769
9314    900   3769
9334   3600   3775
9335   2916   3775
9336   1912   3775
9341   2745   3777
9348   2507   3779
9349   2745   3779
9350    824   3779
9365   3784   3785
9366   1484   3784
9367   3494   3784
9368    163   3784
9369   2207   3785
9371    138   3785
9377   1249   3788
9396   3580   3792
9403   2981   3796
9406   3229   3796
9413    809   3799
9414    875   3799
9415   3800   3801
9418    913   3800
9419   2803   3801
9421   2308   3801
9422   3802   3803
9424   2846   3802
9426    419   3803
9427   3610   3803
9428   1309   3803
9436   3806   3807
9437   3649   3806
9438   3740   3806
9440   3622   3807
9441   1134   3807
9442   2901   3807
9475   3818   3819
9477   2989   3818
9478   3785   3818
9480   3520   3819
9481   2207   3819
9483   3820   3822
9488   2645   3820
9490   3753   3822
9507   3828   3829
9510    177   3828
9511    191   3829
9514    194   3829
9548   3841   3842
9549    485   3841
9550   3766   3841
9552   1484   3842
9554   2898   3842
9555   3843   3844
9556    867   3843
9557   3145   3843
9558    127   3843
9559    870   3844
9561    124   3844
9573    509   3848
9576   3322   3848
9585   3852   3853
9592   3854   3855
9593    700   3854
9594   3589   3854
9595   3503   3854
9597   3591   3855
9598   2203   3855
9623   3863   3865
9625   3084   3863
9627   2230   3865
9628   1815   3863
9630   2229   3865
9634   1022   3866
9695   3886   3887
9699    389   3887
9700   2982   3887
9701   2180   3887
9703    783   3888
9705   2763   3888
9722   2506   3893
9725   2745   3894
9726    927   3894
9755   3802   3903
9758    389   3903
9767    958   3906
9774   1499   3910
9777   3801   3910
9778   3911   3912
9779   3601   3911
9780   3498   3911
9781   2834   3911
9782    549   3912
9795   3192   3915
9798   2135   3915
9815   3922   3923
9818   1795   3922
9819   1800   3923
9820   2160   3923
9821   1789   3923
9825   3334   3924
9839   2540   3929
9840    929   3929
9846   3931   3933
9848    655   3931
9850    651   3933
9855   3934   3936
9857    813   3934
9859   2268   3936
9860   1772   3934
9862   2803   3936
9879   3942   3943
9880    266   3942
9882    260   3942
9883   1901   3943
9884   1835   3943
9885   1861   3943
9890   3319   3945
9892   3822   3945
9893   3946   3947
9894   2632   3946
9895   3564   3946
9896   1137   3946
9898   3566   3947
9899   1126   3947
9907   3950   3951
9908   2513   3950
9910   1409   3950
9911   3651   3951
9912   1227   3951
9913   2709   3951
9914   3952   3953
9915   3162   3952
9916   3755   3952
9919   3510   3953
9920   3036   3953
9926   1964   3955
9927   3166   3955
9929   3956   3958
9933   1798   3958
9936   1724   3958
9945   2104   3961
9959   3552   3966
9960   3572   3966
9963    684   3967
9990   3975   3976
9991   3761   3975
9992   1971   3975
9993   1723   3975
9994   1511   3976
9996   3792   3976
10010   2621   3981
10025    240   3985
10026   1924   3985
10043   3991   3992
10044    950   3991
10045   3572   3991
10047   1484   3992
10048   3437   3992
10049   3494   3992
10057   3995   3996
10060    929   3995
10064   3550   3996
10083    838   4003
10088   3475   4005
10089   2778   4005
10090    813   4005
10091   4006   4007
10092    741   4006
10093   3226   4006
10094    865   4006
10095    739   4007
10096   3227   4007
10097   2058   4007
10098   4008   4009
10099    910   4008
10100   3931   4008
10102   1362   4009
10103   3933   4009
10104    657   4009
10105   4010   4011
10108   2461   4010
10109   2192   4011
10112   4012   4013
10114   3777   4012
10115   1891   4012
10117   3759   4013
10123   1867   4015
10124   3600   4015
10125   1424   4015
10152   3873   4024
10154   3922   4024
10158   4026   4027
10159   2858   4026
10160   3386   4026
10161    540   4026
10164    538   4027
10169   2043   4029
10170   3185   4029
10172   4030   4031
10173   3263   4030
10174   3820   4030
10175   3410   4030
10176   3555   4031
10177   3822   4031
10178   3743   4031
10180   4032   4034
10182    347   4032
10184   3956   4034
10185   1973   4032
10187   1723   4034
10210   4041   4043
10212     88   4041
10214   1989   4043
10215   3737   4041
10217    641   4043
10221   1772   4044
10224   2803   4044
10249   2779   4054
10250   1391   4054
10251   3079   4054
10252   4055   4056
10253   2517   4055
10254   3644   4055
10255   3229   4055
10256   3527   4056
10257   3629   4056
10260   4057   4059
10262   3073   4057
10264   1294   4059
10267   1288   4059
10275   4062   4063
10276   2401   4062
10278   1639   4062
10279   2812   4063
10281   2620   4063
10305   4071   4072
10306   1430   4071
10307   3085   4071
10308   2701   4071
10309   2269   4072
10310   2024   4072
10311   1580   4072
10313   2192   4073
10314   3893   4073
10315   2612   4073
10323   1168   4076
10325   3533   4076
10328   3748   4077
10329    365   4077
10337   3101   4080
10340   1104   4080
10345    861   4082
10348    125   4082
10354   1795   4085
10357   1798   4085
10360   4088   4089
10363   3736   4088
10364   3608   4089
10366   1211   4089
10392   1221   4097
10395   2933   4097
10400    378   4099
10403   3779   4099
10408   4103   4104
10410    876   4103
10414    923   4104
10415   4105   4106
10422   3543   4106
10446    890   4114
10455    322   4116
10458    769   4116
10461   4119   4120
10462   1472   4119
10463   1457   4119
10466   3981   4120
10470   3866   4121
10471    898   4121
10476    875   4123
10477   4114   4123
10478   3620   4123
10483   2043   4125
10484   4011   4125
10485   3893   4125
10496   4129   4130
10498      5   4129
10499   2870   4129
10500   3296   4130
10501   3127   4130
10502   2455   4130
10504   1532   4131
10510   4133   4134
10511    413   4133
10514   1102   4134
10515   3688   4134
10521    844   4136
10523   2683   4136
10524   4137   4138
10526   3873   4137
10528   2832   4138
10530   1045   4138
10552   4145   4146
10554   3378   4145
10555    453   4145
10556   3749   4146
10559   4147   4148
10560   1375   4147
10561   3136   4147
10562   1528   4147
10563   2886   4148
10564   2664   4148
10565   2968   4148
10566   4149   4150
10568   3378   4149
10569   1527   4149
10571   4146   4150
10572   1517   4150
10573   4151   4152
10574    909   4151
10576   2845   4151
10577   3931   4152
10579    912   4152
10580   4153   4154
10581   1405   4153
10582   4138   4153
10583   3691   4153
10584   3157   4154
10585   3873   4154
10587   4155   4156
10588    185   4155
10589   3585   4155
10591   2670   4156
10593   2709   4156
10605   2466   4160
10606   2904   4160
10607   1867   4160
10612    739   4162
10613   3958   4162
10614   1797   4162
10622   4165   4166
10624   3509   4165
10625   3498   4165
10626   2860   4166
10628    312   4166
10647   4173   4174
10650   2883   4174
10652    520   4173
10653   2141   4174
10665   3268   4178
10668   3053   4178
10673   3413   4180
10676   1449   4180
10679   4183   4184
10680   3203   4183
10681   3568   4183
10682     87   4183
10685     88   4184
10699   4089   4187
10704   4191   4192
10706   2967   4191
10711   4193   4194
10714   3331   4193
10717   3719   4193
10727   4198   4199
10728   3474   4198
10730   2860   4198
10731   2834   4199
10732   2652   4199
10733   4165   4199
10736   4201   4202
10738    232   4201
10741    365   4201
10742   4013   4202
10745   4204   4205
10750    958   4204
10751   4136   4205
10759   4208   4209
10760   3300   4208
10761   3395   4208
10762   1015   4208
10763   1001   4209
10764   2034   4209
10766   4210   4211
10767   2045   4210
10768   3301   4210
10769   3185   4210
10770   2966   4211
10784   3509   4215
10785   2981   4215
10786   3251   4215
10791   2207   4217
10792   3842   4217
10793   2306   4217
10794   4218   4219
10795   3167   4218
10797   3439   4218
10798   2815   4219
10799   3915   4219
10819   4226   4227
10821   3239   4226
10825   1178   4227
10833   4230   4231
10834   3218   4230
10835   2992   4230
10836   3696   4230
10837    162   4231
10839   2253   4231
10853    923   4236
10854   3866   4236
10855   1038   4236
10856   4237   4238
10857   3300   4237
10858   2997   4237
10859    991   4237
10860   2505   4238
10861   3871   4238
10863   4239   4240
10865   2881   4239
10867   1797   4240
10869   1792   4240
10871   4241   4243
10873    179   4241
10876   1406   4241
10878   3564   4243
10882   4029   4244
10885   1751   4244
10888   4247   4248
10890   4080   4247
10892   3764   4248
10899   2826   4250
10900   3600   4250
10905   1800   4251
10908   4239   4251
10917   4073   4254
10927   4259   4260
10929   4194   4259
10930   3799   4259
10931   3578   4260
10932   4193   4260
10938   3966   4262
10939   4105   4262
10940   4204   4262
10950   3996   4265
10955   4267   4268
10956    202   4267
10957   3766   4267
10958    145   4267
10960   4217   4268
10961   3679   4268
10965   1532   4269
10968    148   4269
10976   2621   4273
10977   1843   4273
10984   2739   4275
10992   4278   4279
10993   3356   4278
10995   3848   4278
10996   2251   4279
10997   3753   4279
11000   4280   4282
11002    794   4280
11005   3981   4280
11007   1843   4282
11013   3322   4285
11016   2891   4285
11018    274   4286
11024   4288   4289
11025   2513   4288
11026   4241   4288
11027   1035   4288
11028   1663   4289
11029   4243   4289
11030   3362   4289
11031   4290   4291
11032   1106   4290
11033   4247   4290
11035   1102   4291
11036   3764   4291
11037   2285   4291
11038   4292   4293
11039   2486   4292
11040   4251   4292
11041   4024   4292
11042   3128   4293
11044   4154   4293
11046   4294   4296
11048    442   4294
11050   3241   4296
11051    531   4294
11053   3955   4296
11054   4297   4298
11055    392   4297
11056   4133   4297
11057   3768   4297
11058   3431   4298
11059   3688   4298
11060   1151   4298
11090    362   4308
11093   2337   4308
11095   4310   4311
11096   2982   4310
11097   3553   4310
11098    487   4310
11099   3886   4311
11100   3180   4311
11101   2146   4311
11111   4315   4316
11113   4121   4315
11114    894   4315
11125   4319   4320
11126   3924   4319
11127   4280   4319
11128   3527   4319
11129    863   4320
11130   4282   4320
11131    803   4320
11154   3079   4326
11162   4202   4330
11168   3748   4332
11170   4145   4332
11172   3912   4333
11183   1901   4337
11186   2238   4337
11191   3580   4339
11204    835   4343
11205   4344   4345
11206   4120   4344
11207   3924   4344
11208   1472   4344
11209   3488   4345
11216   1938   4347
11218   4085   4347
11237   4354   4355
11240   3417   4354
11241   3432   4355
11243   2821   4354
11253   4359   4360
11255   3848   4359
11256    497   4359
11257   3945   4360
11258   4279   4360
11259   2096   4360
11274   2430   4365
11275   1249   4365
11285   4369   4370
11286   2428   4369
11287   4057   4369
11288   1244   4369
11289   1303   4370
11290   4059   4370
11291   1289   4370
11299   4373   4374
11300   3203   4373
11301   3272   4373
11302   1349   4373
11303   4184   4374
11305   1347   4374
11317   3866   4378
11318   4104   4378
11319   1719   4378
11323    576   4379
11326   3020   4379
11331   3704   4382
11332   2612   4382
11336   4384   4385
11337   4134   4384
11340   2285   4385
11342   4275   4385
11343   4386   4387
11346   3215   4386
11347   1070   4387
11349   1266   4386
11350   1265   4387
11352   4389   4390
11353    795   4389
11354   3513   4389
11358    644   4390
11359   4391   4392
11360   3653   4391
11361   4339   4391
11362   3792   4391
11363   3717   4392
11365   4149   4392
11366   4393   4394
11367   2753   4393
11369   4226   4393
11371   3831   4394
11372   1450   4394
11382   4398   4399
11383   2283   4398
11386   2942   4399
11387   4244   4399
11388   4125   4399
11413   4243   4406
11416   2507   4406
11419   4409   4410
11420   1114   4409
11421   4178   4409
11422   3571   4409
11425   3966   4410
11426   4411   4412
11427   3947   4411
11429   1134   4411
11430   2632   4412
11431   4332   4412
11432   3740   4412
11433   4413   4414
11434   3319   4413
11435   4191   4413
11437   3742   4414
11438   4192   4414
11439   1364   4414
11444    320   4416
11445   3828   4416
11451   4010   4418
11452   2186   4418
11458   4227   4420
11461   4421   4422
11462   4349   4421
11463   3796   4421
11464   3509   4421
11467   4166   4422
11468   4423   4424
11471   2455   4423
11474   3296   4423
11475   4259   4424
11477   4426   4427
11479    151   4426
11480   3218   4426
11481   1346   4427
11482    150   4427
11483    147   4427
11488    644   4429
11489   4043   4429
11490   3752   4429
11495   3293   4431
11498   4390   4431
11509   4436   4437
11510    202   4436
11511   4269   4436
11516   4438   4439
11517   1815   4438
11519   3796   4438
11520   2229   4439
11521   4379   4439
11522   4422   4439
11530   4442   4443
11532   4205   4442
11533   1571   4442
11534   2118   4443
11535   4136   4443
11536   2225   4443
11545   2297   4446
11547   4447   4449
11552   3145   4447
11554   1624   4449
11555   4450   4451
11556   3548   4450
11559    841   4451
11560   4003   4451
11562   4452   4453
11564   4265   4452
11566   3804   4453
11567   3995   4453
11568   3853   4453
11569   4454   4455
11570   3777   4454
11571   4099   4454
11572   3759   4454
11573   3287   4455
11575   3761   4455
11576   4456   4457
11577    202   4456
11580   3766   4457
11581   3788   4457
11582   1255   4457
11583   4458   4459
11584   4150   4458
11585   3792   4458
11586   4347   4458
11587   3749   4459
11588   3976   4459
11589   3457   4459
11590   4460   4461
11591    472   4460
11592   4339   4460
11594    470   4461
11595   4392   4461
11601    152   4463
11604    142   4463
11609   3296   4465
11612   4194   4465
11624   4471   4472
11625   4413   4471
11627   1361   4471
11628   2008   4472
11629   3961   4472
11631   4473   4474
11632   3961   4473
11634   3036   4473
11635   2308   4474
11636   4044   4474
11637   3952   4474
11638   4475   4476
11640   2855   4475
11641    655   4475
11642   3510   4476
11643   3755   4476
11644   4008   4476
11651     52   4477
11654   4480   4481
11656    442   4480
11657   3852   4480
11659    438   4481
11660   4452   4481
11661   4482   4483
11662   3967   4482
11664    699   4482
11665    681   4483
11666   4187   4483
11676   4486   4488
11680   2297   4488
11681   3819   4486
11683   2306   4488
11691   4491   4492
11692   3906   4491
11693   4486   4491
11694   4451   4491
11696   4488   4492
11706   4495   4497
11711   1416   4495
11714   4498   4499
11716   4178   4498
11718   2878   4499
11719   4410   4499
11720   4105   4499
11721   4500   4501
11722    875   4500
11723   4424   4500
11725   4114   4501
11726   4423   4501
11727   2994   4501
11737   4505   4506
11738   3742   4505
11739   4236   4505
11740   1059   4505
11741   4192   4506
11742   4316   4506
11751   4509   4510
11752   2100   4509
11753   4471   4509
11754   2237   4509
11755   2097   4510
11756   3961   4510
11757   2308   4510
11758   4511   4512
11764   1070   4511
11767   4514   4515
11769   4032   4514
11771   1971   4515
11772   4034   4515
11778   1015   4517
11784    539   4519
11785   4294   4519
11786   3852   4519
11794   4517   4522
11797    996   4522
11799   4524   4525
11800    996   4524
11801   4517   4524
11803    978   4525
11807   3342   4526
11808   4522   4526
11809   2141   4526
11822   4531   4532
11823   1732   4531
11825      3   4531
11827   4465   4532
11851   2980   4538
11854   4541   4542
11857     46   4541
11858   3312   4542
11859   4343   4542
11871   4546   4548
11873   2821   4546
11875    721   4548
11876   4197   4546
11883    700   4550
11884   1973   4550
11885   3503   4550
11899   3333   4553
11934   4566   4567
11936    241   4566
11938   3073   4567
11939   1244   4567
11940   4456   4567
11946   4337   4569
11947   1835   4569
11956    617   4572
11957   4264   4572
11958    549   4572
11966   3400   4575
11969   1077   4575
11972    940   4577
11973   4097   4577
11974   1218   4577
11978   4579   4580
11979   2114   4579
11981   3955   4579
11984   3241   4580
11985   4581   4582
11988   3187   4581
11989    671   4582
11991    684   4581
11992   4450   4582
12022   3855   4593
12025    347   4593
12026   4594   4595
12028   4541   4594
12029   4498   4594
12030    958   4595
12031   4343   4595
12032   4105   4595
12034   3374   4596
12035   4463   4596
12036    161   4596
12044   3518   4599
12046   3701   4599
12050   3528   4600
12053    802   4600
12070   4607   4608
12071    686   4607
12072   4450   4607
12073   3967   4607
12074    848   4608
12075   4003   4608
12086   4612   4613
12089   2464   4612
12091   4285   4613
12092    509   4613
12093   4614   4615
12094   4538   4614
12095   3863   4614
12096   2701   4614
12097    298   4615
12098   3865   4615
12099    553   4615
12105   4273   4617
12106   4063   4617
12107   4618   4619
12108   3229   4618
12109   4349   4618
12110   3488   4618
12111   2517   4619
12138   4627   4629
12140    647   4627
12142   3363   4629
12143    131   4627
12145   3053   4629
12146   4630   4631
12149   2795   4630
12150   1732   4631
12152   2436   4630
12153   3336   4631
12155   4633   4634
12156    358   4633
12157    764   4633
12159   3432   4634
12160   3417   4634
12161   4593   4634
12167   4013   4637
12170   1971   4637
12171   4638   4639
12174   1416   4638
12175   3831   4639
12176   4553   4639
12177   4497   4639
12178   4640   4641
12181   3912   4640
12182   4215   4641
12183   4538   4641
12184   3498   4641
12186   4642   4644
12188   1676   4642
12190   1835   4644
12191   1667   4642
12193   1504   4644
12198   4472   4646
12199   3036   4646
12200   2874   4646
12201   4647   4648
12204   4260   4647
12206   3701   4648
12207    876   4648
12208   4649   4650
12209   3906   4649
12210   4204   4649
12211   3991   4649
12212   3818   4650
12213   4205   4650
12214   3494   4650
12216   4076   4651
12217   4431   4651
12227   4184   4654
12228   1347   4654
12245   4660   4661
12246   4054   4660
12247   4326   4660
12248    438   4660
12249   2780   4661
12250   4651   4661
12256    803   4663
12259   4664   4665
12260    576   4664
12262    568   4664
12263   2071   4665
12265   4345   4665
12266   4666   4667
12268   4244   4666
12269   3302   4666
12270   4248   4667
12271   4398   4667
12272   3366   4667
12274   2694   4668
12276   4247   4668
12280   4670   4671
12281    862   4670
12282   4082   4670
12283    741   4670
12284   4339   4671
12286   1722   4671
12287   4672   4673
12288   4455   4672
12290   1510   4672
12291   4099   4673
12292   4406   4673
12293   3564   4673
12295   4665   4674
12296   1472   4674
12305    602   4677
12308   3166   4677
12310   4679   4680
12313    629   4679
12314    802   4680
12315   4446   4680
12316   4663   4680
12324   4683   4684
12326   4477   4683
12327   4612   4683
12328     71   4684
12330   4285   4684
12339   3322   4687
12340   4688   4689
12341   1659   4688
12342   4308   4688
12343   1661   4688
12344   3515   4689
12346   1134   4689
12347   4690   4691
12348   3333   4690
12349   4437   4690
12350   3831   4690
12352   4420   4691
12353   4393   4691
12354   4692   4693
12355    580   4692
12356   4379   4692
12357    568   4692
12359   4438   4693
12385   4156   4701
12388   4703   4704
12390   2505   4703
12391   3893   4704
12393   3366   4703
12394   4398   4704
12412   1742   4710
12413   4302   4710
12414   3802   4710
12418   4712   4713
12419   3650   4712
12420   2493   4712
12421   1035   4712
12422   2670   4713
12423   4646   4713
12424    185   4713
12438   4647   4716
12450   4722   4723
12451   3017   4722
12452   4387   4722
12454    586   4723
12455   4386   4723
12456    576   4723
12466   4727   4728
12467   1529   4727
12469   3058   4727
12470   2967   4728
12472    497   4728
12487   4733   4734
12491   1671   4734
12493   2969   4733
12494   3374   4734
12496   4736   4737
12498   3967   4736
12499   1207   4736
12501   4608   4737
12502   1619   4737
12503   4738   4739
12504    643   4738
12505   4679   4738
12506    626   4738
12507   1209   4739
12508   4446   4739
12509   4736   4739
12511   3799   4740
12512   4716   4740
12513   3476   4740
12530   1294   4746
12535   4748   4749
12536   4566   4748
12537   4553   4748
12538   3985   4748
12539   3073   4749
12540   4638   4749
12541   4746   4749
12553   4754   4755
12556   2612   4755
12558   2779   4754
12559   3704   4755
12567   4758   4759
12568   4679   4758
12569   4600   4758
12570   4389   4758
12571    641   4759
12573    644   4759
12581   4762   4763
12582   1924   4762
12583   4746   4762
12584   3628   4762
12585   3164   4763
12587   3645   4763
12588   4764   4765
12591   3401   4764
12592   3450   4765
12595   2832   4765
12597   4767   4768
12599   4546   4767
12600   3543   4767
12601     48   4768
12602   4548   4768
12603     33   4768
12604   4769   4770
12605   4209   4769
12606   4668   4769
12607   3366   4769
12608   4524   4770
12621   1765   4773
12624   4666   4773
12632   1795   4778
12635   1789   4778
12636   4779   4780
12637   3603   4779
12638   4447   4779
12639   4541   4779
12640   2062   4780
12641   4449   4780
12642   3312   4780
12644   4431   4781
12646   2517   4781
12657   4785   4786
12658   1345   4785
12659   4654   4785
12660   3568   4785
12661   2109   4786
12663   2883   4786
12672   3953   4789
12673   4631   4789
12678   4791   4792
12679   2704   4791
12680   4355   4791
12681      9   4791
12682   4197   4792
12683   4354   4792
12684      0   4792
12692   2428   4794
12694   4796   4797
12695   4486   4796
12696   4582   4796
12697   3520   4796
12698   2003   4797
12699   4581   4797
12700    324   4797
12712   3800   4801
12714   3936   4801
12716   1624   4802
12718   1619   4802
12729    940   4805
12749   4813   4814
12750   1181   4813
12752   1184   4813
12753   2891   4814
12754   4687   4814
12755   2780   4814
12756   4815   4816
12759   1261   4815
12760   2827   4816
12763   4384   4816
12765   4818   4819
12768    432   4818
12769   1525   4819
12770   4727   4819
12772   4820   4821
12773   4080   4820
12775   3174   4820
12776   4248   4821
12777   4773   4821
12778   3720   4821
12779   4822   4823
12780   4437   4822
12781   4503   4822
12782   4420   4822
12783   4269   4823
12786   4824   4825
12787   3719   4824
12788   4465   4824
12789      0   4824
12790   2795   4825
12791   4531   4825
12792   4197   4825
12801   2933   4828
12802   4805   4828
12803    945   4828
12808   4512   4830
12809   4674   4830
12810   4114   4830
12821   4834   4835
12822   1329   4834
12823   1446   4834
12824   3522   4834
12825   1325   4835
12826   3468   4835
12827   1330   4835
12828   4836   4837
12829   2143   4836
12830   4677   4836
12831    606   4836
12832   2778   4837
12840   3457   4840
12843   4347   4840
12844   4841   4842
12845   4818   4841
12847    429   4841
12848   1445   4842
12850   3386   4842
12852   4384   4843
12854   2827   4843
12867   4848   4849
12868     46   4848
12869   4627   4848
12870     47   4848
12871   4498   4849
12872   4629   4849
12873     31   4849
12877   1037   4850
12880   3362   4850
12884   4137   4853
12885   4765   4853
12886   4180   4853
12894   4302   4856
12897   2146   4856
12899   4858   4859
12903   3194   4859
12904   4637   4859
12905   4330   4859
12907   4860   4862
12909     55   4860
12911   4858   4862
12912     64   4860
12915   4863   4864
12918   1287   4863
12919   4693   4864
12921   4056   4863
12922   3229   4864
12931   4868   4869
12932    739   4868
12934   2455   4868
12936    700   4869
12937   3127   4869
12947   4873   4874
12950   3995   4873
12951    920   4874
12953   4648   4873
12954   4103   4874
12957   1168   4876
12958   1279   4876
12959   4754   4876
12978   4882   4884
12980   1964   4882
12982   3167   4884
12983   1965   4882
12985   2268   4884
12990   2738   4886
12991   4704   4886
12992   4254   4886
12997   4716   4888
12998   4873   4888
12999   3853   4888
13004   1797   4890
13005   4778   4890
13006   1798   4890
13007   4891   4892
13008   3355   4891
13009   4813   4891
13011   4278   4892
13012   4687   4892
13013   3752   4892
13014   4893   4894
13015   4187   4893
13018   3608   4894
13019   4701   4894
13021   4895   4896
13023   4858   4895
13025   4514   4896
13026   4637   4896
13027   1891   4896
13032    977   4898
13046   4903   4904
13047   4133   4903
13048   4816   4903
13049   2502   4903
13051   4815   4904
13052   2501   4904
13053   4905   4906
13054   1616   4905
13055   3272   4905
13056    979   4905
13058    627   4906
13059   1622   4906
13065   3552   4909
13068   2463   4909
13070   2127   4910
13071   4526   4910
13072   3474   4910
13082   3128   4912
13085   4915   4916
13086   4345   4915
13087   4864   4915
13088    568   4915
13089   3924   4916
13090   4863   4916
13091   1293   4916
13093   4917   4919
13095   3234   4917
13097   1466   4919
13100   4273   4919
13102   1226   4920
13103   4805   4920
13104   3691   4920
13108   4922   4923
13111   3016   4922
13112   4129   4923
13114   4532   4922
13115   3296   4923
13121    306   4926
13122   4174   4926
13123   3189   4926
13128   2846   4928
13131   3768   4928
13136   1216   4930
13139   1217   4930
13142   4933   4934
13145    285   4933
13146   1101   4934
13147   4909   4934
13158   4938   4939
13159   2992   4938
13160   4734   4938
13161   2289   4938
13162   4231   4939
13163   4733   4939
13164   1100   4939
13165   4940   4941
13167   4754   4940
13168   1174   4940
13169   3871   4941
13170   4755   4941
13171   2506   4941
13176      3   4943
13179   4197   4943
13181   4945   4946
13182   4406   4945
13183   4850   4945
13184   1022   4945
13185   4672   4946
13187   1719   4946
13188   4947   4948
13189   4904   4947
13190   4898   4947
13191   3610   4947
13192    413   4948
13194    419   4948
13200   2162   4951
13208   1044   4953
13209   4862   4953
13213   4955   4956
13215   1151   4955
13216   4764   4956
13218   3688   4955
13219   3002   4956
13220   4957   4958
13221   3886   4957
13222   4856   4957
13223   3903   4957
13224   1216   4958
13239    950   4962
13242   3906   4962
13245   4965   4966
13246   4843   4965
13247   4955   4965
13248   1076   4965
13249   4951   4966
13250   4956   4966
13251   3401   4966
13256   4477   4968
13258   2753   4968
13280   4514   4976
13283   4895   4976
13284   4977   4978
13285   4137   4977
13287   1046   4977
13288   3413   4978
13289   4840   4978
13290     77   4978
13291   4979   4980
13292   3653   4979
13293   4946   4979
13294   4671   4979
13295   3001   4980
13296   4850   4980
13297   4082   4980
13323   4989   4990
13324   1765   4989
13325   4811   4989
13326   4794   4989
13327   4240   4990
13329   1996   4990
13355   4999   5000
13356   4934   4999
13358   3180   4999
13359   2999   5000
13360   4930   5000
13361   3886   5000
13374   4647   5005
13377   3331   5005
13378   5006   5007
13379   4572   5006
13381   4333   5006
13383   5005   5007
13384   4599   5007
13385   5008   5009
13386   4512   5008
13387   4575   5008
13389   4123   5009
13391    809   5009
13392   5010   5011
13395    577   5010
13396   1300   5011
13398   1303   5010
13399   1288   5011
13417   5018   5019
13420   1076   5018
13421   1151   5019
13423   1156   5018
13426   5021   5022
13427   4830   5021
13428   4923   5021
13429   4664   5021
13430   4511   5022
13431   4922   5022
13432   4722   5022
13436    996   5023
13439    968   5023
13453    606   5029
13456   3282   5029
13490   5041   5042
13491   1070   5041
13493   3215   5041
13494   4843   5042
13495   4951   5042
13496   4275   5042
13506   5046   5047
13507   1460   5046
13509   4119   5046
13510   1328   5047
13513   5048   5049
13514   3806   5048
13515   4856   5048
13517   2901   5049
13518   4958   5049
13519   3235   5049
13536   5055   5056
13539   2266   5055
13540   4492   5056
13541   4962   5056
13542   2264   5056
13547   3113   5058
13549   3097   5058
13550   5059   5060
13551   4801   5059
13552   5019   5059
13553   3769   5059
13554   3934   5060
13555   5018   5060
13556   1577   5060
13568   5065   5066
13570    191   5065
13573   1804   5065
13574    238   5066
13578   1080   5067
13581   5008   5067
13584   5070   5071
13585   1867   5070
13587   4633   5070
13589   4976   5071
13590   4593   5071
13598   5074   5075
13601   4316   5074
13602   1440   5075
13604   4192   5074
13605   2968   5075
13607   5077   5078
13608   4594   5077
13609   4962   5077
13610   3268   5077
13611   4447   5078
13612   5055   5078
13613   3844   5078
13630   5084   5085
13631   4355   5084
13632   4912   5084
13633    284   5084
13634   3606   5085
13636   4933   5085
13644   5088   5089
13645   2886   5088
13646   5075   5088
13647   3234   5088
13648   1364   5089
13649   5074   5089
13655   1148   5091
13658   1155   5091
13660   5093   5094
13661   4511   5093
13662   5067   5093
13663   1068   5093
13664   4532   5094
13666   1736   5094
13699   5105   5106
13700   3026   5105
13701   4746   5105
13704   4763   5106
13705   2980   5106
13706   5107   5108
13707    300   5107
13708   5023   5107
13709   3342   5107
13710    308   5108
13712   2860   5108
13718   2203   5111
13721   4250   5111
13722   5112   5113
13723   1563   5112
13724   5065   5112
13725   4759   5112
13727   5066   5113
13728   4600   5113
13761   5124   5125
13762   3191   5124
13763   3915   5124
13765   1508   5125
13766    514   5125
13785    627   5131
13787   3272   5131
13800   5136   5137
13801    392   5136
13802   4928   5136
13803   3903   5136
13804   1218   5137
13806   4958   5137
13807   5138   5139
13808   5131   5138
13809   4374   5138
13810   4041   5138
13812   4891   5139
13813   4429   5139
13819   2796   5142
13822   5007   5142
13823   5143   5144
13824   5124   5143
13825   4218   5143
13826   4286   5143
13827   5125   5144
13828   3282   5144
13829   3910   5144
13835    742   5147
13838   1717   5147
13839   5148   5149
13840   2704   5148
13841   4943   5148
13842     17   5148
13843    289   5149
13845    845   5149
13846   5150   5151
13849   3956   5150
13850   2486   5151
13852    347   5150
13853   3432   5151
13855   5153   5154
13856   4365   5153
13857   4794   5153
13858   1751   5153
13859   2460   5154
13861   4029   5154
13862   5155   5156
13863    289   5155
13864   4933   5155
13865   4106   5155
13866   4442   5156
13867   4909   5156
13868   4262   5156
13869   5157   5158
13870   4811   5157
13871   5011   5157
13872   2223   5157
13873   4990   5158
13874   5010   5158
13875   2881   5158
13885   5162   5163
13889   4286   5163
13891   3942   5162
13892   3191   5163
13903   5168   5169
13904   3376   5168
13905   5058   5168
13907   4596   5169
13909    782   5169
13913    763   5170
13916   4828   5170
13919   5173   5174
13920   1504   5173
13921   5163   5173
13922   2624   5173
13923   1835   5174
13924   5162   5174
13925   3447   5174
13926   5175   5176
13927    514   5175
13928   5029   5175
13932   4894   5176
13949   5182   5183
13950   4767   5182
13951   4943   5182
13953   4106   5183
13954   5149   5183
13955   4343   5183
13956   5184   5185
13957   4044   5184
13958   5029   5184
13959   1769   5184
13960   4473   5185
13961   5176   5185
13963   5186   5187
13964   4882   5186
13965   5091   5186
13966   2548   5186
13967   4884   5187
13969   3439   5187
13978   3853   5190
13979   5191   5192
13980    971   5191
13981   4898   5191
13982    973   5191
13983   2289   5192
13984   4948   5192
13985   2992   5192
13986   5193   5194
13987   2916   5193
13989   3416   5193
13990   3518   5194
13991   5142   5194
13992   3591   5194
13993   5195   5196
13994   2652   5195
13996   2834   5195
13997   3804   5196
13998   5190   5196
13999   4333   5196
14029   3620   5204
14032   5207   5208
14035   2759   5207
14036   3192   5208
14038   2883   5207
14039   2141   5208
14051   3664   5213
14053   1326   5213
14057   5215   5216
14060   4895   5215
14061   4015   5216
14062   5111   5216
14063   5071   5216
14074   5220   5222
14076   3644   5220
14078   2014   5222
14079   4781   5220
14082   5223   5224
14083   3293   5223
14084   5220   5223
14085   1549   5223
14086   4265   5224
14087   5222   5224
14089   5225   5226
14090    913   5225
14091   4928   5225
14092    903   5225
14094   5137   5226
14095   2740   5226
14112   5232   5233
14113   5019   5232
14114   5091   5232
14115   1147   5232
14116   4801   5233
14117   5187   5233
14118    947   5233
14128   5237   5238
14129   4517   5237
14130   5208   5237
14131   1862   5237
14132   4525   5238
14133   5207   5238
14134   1666   5238
14146    885   5242
14149   4919   5242
14156   2826   5246
14165   1350   5249
14168   2171   5249
14169   5250   5251
14170   4194   5250
14171   5094   5250
14172   3617   5250
14173    809   5251
14174   5067   5251
14175   3055   5251
14177   5252   5254
14181   4481   5254
14182   3410   5252
14184   4265   5254
14185   5255   5256
14188   3251   5255
14189   2540   5256
14191   3804   5255
14192    929   5256
14204   2588   5260
14207   1883   5260
14213   3174   5263
14216   3153   5263
14219   5266   5267
14220   4296   5266
14221   5195   5266
14222   4677   5266
14223   4519   5267
14224   5190   5267
14225   4837   5267
14226   5268   5269
14227   1457   5268
14228   5204   5268
14229   3467   5268
14230   1460   5269
14232   1324   5269
14249   5275   5276
14250   4293   5275
14252   3492   5275
14253   4251   5276
14254   5263   5276
14255   3720   5276
14256   5277   5278
14257   4920   5277
14258   5170   5277
14259   3690   5277
14260   1217   5278
14262   4912   5278
14263   5279   5280
14264   3578   5279
14266   4424   5279
14267   4550   5280
14268   5147   5280
14269   4868   5280
14270   5281   5282
14271    867   5281
14272   5242   5281
14273    872   5281
14274    127   5282
14276    861   5282
14277   5283   5284
14280    266   5283
14281   3438   5284
14283   5162   5283
14284    274   5284
14286   5286   5287
14288   5278   5286
14289    284   5286
14290    722   5287
14291   5170   5287
14292    719   5287
14293   5288   5289
14294   4012   5288
14296   5260   5288
14297   4202   5289
14298   4497   5289
14323   5297   5298
14324   4538   5297
14326   2701   5297
14327   4640   5298
14328   5246   5298
14329    544   5298
14338   1450   5301
14343   3239   5303
14346   4940   5303
14348   5305   5306
14349   5151   5305
14350      9   5305
14351   4239   5305
14352   5150   5306
14353   4869   5306
14354   4162   5306
14355   5307   5308
14358   1112   5307
14359    483   5308
14361    865   5307
14362   2057   5308
14367   3871   5310
14370   4580   5310
14374   3820   5313
14375   5252   5313
14380   5315   5316
14381   1386   5315
14382   5310   5315
14383   3704   5315
14384   4198   5316
14388   3658   5317
14390   1421   5317
14394   5319   5320
14395   5085   5319
14396   5263   5319
14397   1101   5319
14398   4912   5320
14399   5275   5320
14400   1097   5320
14401   5321   5322
14402   4805   5321
14403   5284   5321
14405    945   5322
14406   5283   5322
14407   2904   5322
14421   2624   5327
14424   4097   5327
14426   5329   5330
14427   4553   5329
14428   5289   5329
14429    232   5329
14430   3985   5330
14431   5260   5330
14432    243   5330
14450   5336   5338
14452    260   5336
14454   4219   5338
14455    991   5336
14457   2114   5338
14458   5339   5340
14459   4599   5339
14460   5256   5339
14461   5246   5339
14462   4333   5340
14463   5255   5340
14464   4640   5340
14465   5341   5342
14466   4503   5341
14469   4823   5342
14470   5249   5342
14471    143   5342
14511   5355   5356
14514   4651   5355
14515   4326   5356
14517   4781   5355
14545   5366   5367
14547    430   5366
14548   4359   5367
14550   4818   5366
14551   4728   5367
14552   5368   5369
14553   2930   5368
14554   5336   5368
14555    266   5368
14557   5338   5369
14558   3438   5369
14559   5370   5371
14561   5366   5370
14562   5313   5370
14563   4191   5371
14564   5367   5371
14565   3945   5371
14568   5373   5374
14570    324   5373
14571   2003   5374
14573   4416   5373
14574   3829   5374
14575   5375   5376
14576   1255   5375
14577   5308   5375
14578   3841   5375
14579   2262   5376
14580   5307   5376
14581   2898   5376
14584   5378   5379
14586   4674   5378
14587   2071   5379
14589   4512   5378
14590   5041   5379
14591   5380   5381
14592   1924   5380
14593   3628   5380
14594   1549   5380
14595    240   5381
14596   1544   5381
14597   5113   5381
14607   5385   5386
14610   4003   5385
14611   4449   5386
14613   4737   5385
14614   4802   5386
14619   1046   5388
14622   4862   5388
14625   5391   5392
14629   2162   5392
14631   5047   5391
14637   1939   5394
14640   4180   5394
14653     48   5399
14656   4789   5399
14672   5066   5406
14673   5374   5406
14674   2298   5406
14691   5412   5413
14692   1077   5412
14693   5378   5412
14694   5046   5412
14695   4951   5413
14696   5379   5413
14697   5392   5413
14698   5414   5415
14699   4475   5414
14701     46   5414
14702   3510   5415
14703   5399   5415
14704     47   5415
14705   5416   5417
14708   4893   5416
14709    520   5417
14711   5175   5417
14721   5421   5422
14722   5070   5421
14724    358   5421
14725   4976   5422
14726   5388   5422
14753   5431   5432
14754   1336   5431
14757   1329   5432
14758   5394   5432
14759   1318   5432
14768   5435   5437
14770   2921   5435
14772   4411   5437
14773   4308   5435
14775   4689   5437
14776   5438   5439
14777   4349   5438
14778   5356   5438
14779   4382   5438
14780   4619   5439
14781   5355   5439
14782   3533   5439
14783   5440   5441
14785   5435   5440
14786   4077   5440
14787   2464   5441
14788   5437   5441
14789   4332   5441
14790   5442   5443
14791   3602   5442
14792   5416   5442
14793    562   5442
14794    602   5443
14795   5417   5443
14796    606   5443
14797   5444   5445
14798   4575   5444
14799   5269   5444
14800   2858   5444
14801   5009   5445
14802   5204   5445
14803   4027   5445
14804   5446   5447
14805   4663   5446
14806   5386   5446
14807   5055   5446
14808   4446   5447
14809   5385   5447
14810   4492   5447
14816   2740   5450
14819   2094   5450
14820   5451   5452
14821   2074   5451
14822   5392   5451
14823   4254   5451
14825   5391   5452
14826   2192   5452
14827   5453   5454
14830   1894   5453
14831   2997   5454
14833   1895   5453
14834   3300   5454
14838   5457   5458
14840    947   5457
14841   3800   5458
14843   4577   5457
14844   5226   5458
14848   1044   5459
14851   2930   5459
14861   5464   5465
14862   4211   5464
14863   5454   5464
14864   5301   5464
14866   5453   5465
14867   5317   5465
14877   5469   5470
14878   2756   5469
14880   5327   5469
14881   1499   5470
14882   5450   5470
14884   5471   5472
14885   1050   5471
14886   5369   5471
14887   5459   5471
14888   3415   5472
14889   4579   5472
14900   5476   5477
14901   1762   5476
14902   4773   5476
14903   4811   5476
14904   3102   5477
14905   4820   5477
14906   2223   5477
14933   3852   5485
14936    538   5485
14951    229   5491
14962   1249   5496
14966   5497   5498
14967   3515   5497
14968   5469   5497
14969   2901   5497
14970   3059   5498
14971   5450   5498
14972   3235   5498
14994   4617   5506
14997   1843   5506
14998   5507   5508
14999   2425   5507
15000   5399   5507
15001   5182   5507
15002   3068   5508
15003   5414   5508
15004   4542   5508
15037   5519   5520
15038   5327   5519
15039   5457   5519
15040   4286   5519
15041   5470   5520
15042   5458   5520
15043   3910   5520
15060   5526   5527
15061   4116   5526
15063    362   5526
15064   4131   5527
15065   5491   5527
15066   2337   5527
15072   3831   5530
15075   2966   5530
15092   5536   5537
15095   1352   5536
15096   5089   5537
15098    648   5536
15099   4917   5537
15122   5496   5545
15123   4010   5545
15124   5546   5547
15125   1624   5546
15128   3145   5547
15129   5506   5547
15147   5553   5554
15148    877   5553
15150   4874   5553
15151   4740   5554
15152   5485   5554
15153   4888   5554
15266   5590   5591
15269   3073   5590
15271   5530   5591
15272   4638   5591
15273   5592   5593
15274   5242   5592
15275   5537   5592
15276   4315   5592
15277   5282   5593
15278   5536   5593
15279    898   5593
15372   4842   5622
15375   4027   5622
15385   5627   5628
15386    894   5627
15388   4316   5627
15389   5204   5628
15390   5622   5628
15391   1440   5628
15394   5630   5631
15396   4668   5630
15397   4290   5631
15399   4770   5630
15400   2285   5631
15413   2153   5636
15421   5496   5638
15422   5636   5638
15423   4365   5638
15428   2000   5640
15429   5636   5640
15430   4778   5640
15445    484   5646
15448   5496   5646
15458   5650   5651
15459   4968   5650
15461   4684   5650
15462   4226   5651
15464   2891   5651
15494   5303   5661
15495   2779   5661
15496   5651   5661
15500   1424   5662
15503   5215   5662
15513   5667   5668
15516   4238   5667
15519    991   5667
15520   4522   5668
15522   5670   5671
15523   4910   5670
15524   5668   5670
15525   5316   5670
15526   2114   5671
15527   5667   5671
15528   5310   5671
15529   5672   5673
15530   5341   5672
15532    151   5672
15533   3788   5673
15534   5646   5673
15535   1304   5673
15537   4495   5674
15538   5662   5674
15539   5317   5674
15543   5676   5677
15544   4525   5676
15545   5630   5676
15546   1671   5676
15547    971   5677
15548   5631   5677
15549   2289   5677
15554   4858   5679
15555   5662   5679
15556   4953   5679
15557   5680   5681
15560   1104   5680
15561   2222   5681
15563   3101   5680
15564   3396   5681
15566   5683   5684
15567   1668   5683
15568   5681   5683
15569   2969   5683
15570   2692   5684
15571   5680   5684
15572   4733   5684
15591   5691   5692
15594   5341   5691
15595   3469   5692
15597   5249   5692
15620   1181   5700
15621   5692   5700
15622   1184   5700
15630   5703   5704
15634   1266   5704
15636   5023   5703
15637   5108   5704
15639   5706   5707
15641   5704   5706
15642   3215   5706
15644   5703   5707
15645   4275   5707
15647   5708   5710
15649   5190   5708
15651   4716   5710
15652   5006   5708
15654   5005   5710
15662   5713   5714
15663    617   5713
15664   5708   5713
15665   4837   5713
15666    808   5714
15667   5710   5714
15668   4005   5714
15674   5547   5717
15677    651   5717
15683   5213   5720
15686   5545   5720
15692    177   5723
15695    375   5723
15696   5724   5725
15697   2716   5724
15699   2812   5724
15700   4917   5725
15701   5717   5725
15702   4617   5725
15703   5726   5727
15704   5672   5726
15707   5646   5727
15708   5720   5727
15719   5731   5732
15720   5491   5731
15723   5526   5732
15724   5723   5732
15725   4416   5732
15729   4906   5733
15732   4802   5733
15735   5736   5737
15736   5546   5736
15737   5733   5736
15738   1616   5736
15739   5506   5737
15741   4062   5737
15742   5738   5739
15743    232   5738
15744   5731   5738
15745    243   5738
15746    378   5739
15747   5723   5739
15748    824   5739
15758   5743   5744
15759   5691   5743
15760   5726   5743
15761   3223   5743
15762   4418   5744
15763   5720   5744
15764   1461   5744
15765   5745   5746
15766   4282   5745
15767   5737   5745
15768   3094   5745
15769   4663   5746
15770   5733   5746
15771    629   5746
15772   5747   5748
15773   3871   5747
15775   5303   5747
15776   2997   5748
15778   5301   5748
15784   4477   5751
15787   2753   5751
15788   5752   5753
15789   4201   5752
15791   4077   5752
15792   4330   5753
15793   5751   5753
15794    462   5753
15799   3488   5755
15802   4120   5755
15805    977   5757
15807   3610   5757
15815   1227   5760
15818    721   5760
15820   5762   5763
15823   2120   5762
15824   2171   5763
15826   4613   5762
15827   1178   5763
15830   5765   5767
15832   5301   5765
15834   5674   5767
15837   5679   5767
15838   5768   5769
15839   5047   5768
15840   5755   5768
15841   5452   5768
15842   1461   5769
15844   2186   5769
15845   5770   5771
15846   4420   5770
15847   5763   5770
15848   4823   5770
15850   5762   5771
15851   1657   5771
15853   5772   5774
15855    794   5772
15857   3147   5774
15858   4619   5772
15860   3533   5774
15861   5775   5776
15862   5755   5775
15863   5772   5775
15864   3981   5775
15865   5769   5776
15866   5774   5776
15867   1459   5776
15881   5757   5781
15883   1309   5781
15893   5785   5786
15894   2753   5785
15895   5765   5785
15896   4394   5785
15897   4330   5786
15898   5767   5786
15899   4497   5786
15900   5787   5788
15901   5726   5787
15902   2402   5787
15904   4426   5788
15905   1346   5788
15906   5781   5788
15907   5789   5790
15908   5193   5789
15909   5760   5789
15910   3464   5789
15911   5142   5790
15913   4264   5790
15917   4566   5791
15920    202   5791
15928   5706   5796
15931   2860   5796
15932   5797   5798
15933   4349   5797
15935   2074   5797
15936   4422   5798
15937   5796   5798
15938   2063   5798
15939   5799   5800
15940   4436   5799
15941   5791   5799
15942   3333   5799
15943   4131   5800
15945   5491   5800
15955   5804   5805
15956   4382   5804
15957   5797   5804
15958   4254   5804
15959   5316   5805
15960   5796   5805
15974   5459   5810
15977   5748   5810
15983   2942   5813
15986   4011   5813
15987   5814   5815
15988   4968   5814
15990   4860   5814
15991   5765   5815
15992   5810   5815
15993   4953   5815
15994   5816   5817
15995   1328   5816
15997   5431   5816
15998   5391   5817
15999   5813   5817
16000   2941   5817
16006   2313   5820
16009    241   5820
16010   5821   5822
16011   5800   5821
16013    321   5821
16014   5791   5822
16015   5820   5822
16016   4268   5822
16017   5823   5824
16018   5213   5823
16019   5816   5823
16020   1318   5823
16021   5545   5824
16022   5813   5824
16023   5636   5824
16029   3888   5827
16032   3447   5827
16034   5828   5830
16036   5169   5828
16038   4463   5830
16039   5058   5828
16041   3281   5830
16042   5831   5832
16043   4116   5831
16044   5828   5831
16045    332   5831
16046   4131   5832
16047   5830   5832
16048    321   5832
16049   5833   5834
16050   5731   5833
16051   5821   5833
16052   5373   5833
16053    238   5834
16054   5820   5834
16055   5406   5834
16060   1913   5836
16061   5827   5836
16068   4580   5839
16071   5747   5839
16075   1409   5840
16078   2709   5840
16081   5843   5844
16082   3187   5843
16084    320   5843
16085   3713   5844
16086   5840   5844
16087    678   5844
16091    783   5845
16097   5848   5849
16100   2652   5848
16101   3804   5849
16103   4326   5848
16104   4452   5849
16110   4569   5852
16111   5845   5852
16112   5827   5852
16113   5853   5854
16114   5814   5853
16117   5810   5854
16118   5839   5854
16119   5472   5854
16120   5855   5856
16121   5650   5855
16122   5853   5855
16123     74   5855
16124   5661   5856
16125   5839   5856
16126   1391   5856
16143   5862   5863
16144   5222   5862
16145   3251   5862
16146   5849   5862
16147   5356   5863
16148   3509   5863
16149   5848   5863
16151   5864   5866
16153   1045   5864
16155   3691   5866
16156   1050   5864
16158   5321   5866
16163   4480   5868
16166   4841   5868
16168   5870   5871
16169   4155   5870
16170   5840   5870
16171    174   5870
16172    197   5871
16173   5843   5871
16174   3828   5871
16184   5875   5876
16185   5370   5875
16186   5868   5875
16187   5252   5875
16188   4506   5876
16190   1059   5876
16191   5877   5878
16192   1044   5877
16193   5864   5877
16194   5388   5877
16195   4160   5878
16196   5866   5878
16197   5421   5878
16199   5879   5881
16201   1174   5879
16203   3134   5881
16204   4227   5879
16206   4503   5881
16212   1915   5884
16215   4337   5884
16216   5885   5886
16217   4146   5885
16219     52   5885
16220   1530   5886
16222   3154   5886
16232   5890   5891
16233   4683   5890
16234    453   5890
16235   5885   5890
16236     71   5891
16237   4819   5891
16238   5886   5891
16239   5892   5893
16240   5622   5892
16241   5868   5892
16242   5485   5892
16243   5627   5893
16244   5876   5893
16245   5553   5893
16246   5894   5895
16247   1580   5894
16249   2915   5894
16250   2269   5895
16251   5884   5895
16252   3775   5895
16253   5896   5897
16255   5894   5896
16256   1582   5896
16257   5852   5897
16258   5884   5897
16259   5836   5897
16260   5898   5899
16261   5700   5898
16262   5879   5898
16263   4876   5898
16264   5691   5899
16265   5881   5899
16266   4418   5899
16271   5168   5901
16274   4642   5901
16365   5931   5932
16366   4644   5931
16367   5901   5931
16368   3097   5931
16369   4569   5932
16371   5845   5932
16395   5940   5941
16398   5147   5940
16399   5279   5941
16401    736   5940
16402   4500   5941
16404   5943   5944
16405    877   5943
16406   5941   5943
16407   4103   5943
16408   4121   5944
16409   5940   5944
16410   4378   5944
16420   5948   5949
16421     64   5948
16423   2546   5948
16424   5853   5949
16426   3415   5949
16436   5953   5954
16437   5948   5953
16438   1439   5953
16439   3154   5953
16440   5949   5954
16441   3387   5954
16442     74   5954
16445   5956   5957
16447    438   5956
16448    430   5957
16450   4661   5956
16451   4687   5957
16454   5959   5960
16456   1668   5959
16457   2029   5960
16459   1677   5959
16460   2031   5960
16466   1227   5963
16469   5836   5963
16470   5964   5965
16471   5901   5964
16472   5959   5964
16473    782   5964
16474   5932   5965
16475   5960   5965
16477   5966   5967
16478    722   5966
16480    724   5966
16481    719   5967
16482   5963   5967
16483    721   5967
16484   5968   5969
16485   3293   5968
16486   5956   5968
16487   5254   5968
16488   2645   5969
16489   5957   5969
16490   5313   5969
16495   1288   5971
16498   4811   5971
16501   5973   5975
16503   3469   5973
16505   1184   5975
16506   3147   5973
16508   4076   5975
16509   5976   5977
16510   4794   5976
16511   5971   5976
16512   4057   5976
16513   5154   5977
16515   5590   5977
16517   5978   5980
16519   3622   5978
16522   3649   5978
16524   3180   5980
16525   5981   5982
16526   3513   5981
16527   5973   5981
16528   5131   5981
16529   4390   5982
16530   5975   5982
16531   5139   5982
16535   2888   5983
16538   3341   5983
16541   5986   5987
16542   5971   5986
16543   5983   5986
16544   1762   5986
16545   5977   5987
16547   3185   5987
16548   5988   5989
16549   1114   5988
16550   5978   5988
16551   1136   5988
16552   4410   5989
16553   5980   5989
16554   2584   5989
16555   5990   5991
16556   5591   5990
16557   5987   5990
16558   4211   5990
16559   3658   5991
16560   5983   5991
16561   5465   5991
16579   5997   5999
16581   4770   5997
16583   2739   5999
16584    996   5997
16586   5707   5999
16587   6000   6001
16588   5668   6000
16589   5997   6000
16590   4703   6000
16591   5805   6001
16592   5999   6001
16593   4886   6001
16667   6025   6026
16669   5105   6025
16670   1294   6025
16672   1815   6026
16673   4693   6026
16683   6030   6031
16684   6025   6030
16685   3341   6030
16686   1288   6030
16687   6026   6031
16688   3084   6031
16689   1300   6031
16692   6033   6034
16694   2460   6033
16695   3134   6034
16697   3788   6033
16698   4503   6034
16699   6035   6036
16700   4456   6035
16701   6033   6035
16702   5590   6035
16703   4437   6036
16704   6034   6036
16705   5530   6036
16748   6050   6052
16750   2203   6050
16752   3503   6052
16753   3701   6050
16755    876   6052
16758   3651   6053
16759     48   6053
16772   6058   6059
16773   6053   6058
16774   5760   6058
16775   4548   6058
16777   5790   6059
16778   2795   6059
16780   3929   6060
16781   6050   6060
16787   6062   6064
16789    924   6062
16791   1810   6064
16792   3996   6062
16794   5224   6064
16795   6065   6066
16796   3929   6065
16797   6062   6065
16798   3894   6065
16799   2541   6066
16800   6064   6066
16801   1809   6066
16804   6068   6069
16806    554   6068
16807   4483   6069
16809    548   6068
16810   3712   6069
16812   6070   6072
16814   3071   6070
16816   2104   6072
16817   3608   6070
16819   5176   6072
16847   6082   6083
16849   5440   6082
16850   4612   6083
16852   2337   6082
16853   5771   6083
16882   5727   6093
16885   1326   6093
16886   6094   6095
16887    229   6094
16888   6082   6094
16889   5752   6094
16890   4691   6095
16891   6083   6095
16892   5751   6095
16897   5106   6097
16900   3026   6097
16919   6104   6106
16921   3894   6104
16923   4104   6106
16924   3777   6104
16926   3287   6106
16932   3361   6109
16935   4701   6109
16937   6110   6112
16939    668   6110
16941    666   6112
16942   5965   6110
16944   1587   6112
16945   6113   6114
16946   1430   6113
16947   6097   6113
16948   5297   6113
16949   4250   6114
16951   5246   6114
16987   1309   6125
16990   4710   6125
16993   6128   6129
16994   1380   6128
16995   6125   6128
16997   3349   6129
16999   6093   6129
17000   6130   6131
17001    562   6130
17003   6068   6130
17004   4893   6131
17005   6109   6131
17006   6069   6131
17007   6132   6133
17008    549   6132
17009   6130   6132
17010    544   6132
17011   4264   6133
17012   6109   6133
17013   3464   6133
17014   6134   6135
17015   1891   6134
17016   6104   6134
17017   6060   6134
17018   1973   6135
17019   6106   6135
17020   6052   6135
17021   6136   6137
17022   5845   6136
17023   6110   6136
17024    678   6136
17025   5896   6137
17026   6112   6137
17027   3713   6137
17041   5288   6142
17044   4495   6142
17073   4088   6152
17076     88   6152
17078   6154   6155
17079   1989   6154
17080   6152   6154
17081   6070   6154
17082   2251   6155
17084   6072   6155
17086   6156   6158
17090   2812   6158
17093   2401   6158
17098   1769   6160
17101   4264   6160
17103   6162   6163
17104   6097   6162
17105   6142   6162
17106   3164   6162
17107   6114   6163
17109   2540   6163
17110   6164   6165
17111   5781   6164
17112   6156   6164
17113   6128   6164
17114   5787   6165
17115   6158   6165
17116   6093   6165
17117   6166   6167
17118   4701   6166
17119   6160   6166
17120   5185   6166
17121   2670   6167
17123   3036   6167
17143    478   6173
17146   4302   6173
17167   6182   6183
17169   4654   6182
17170   2182   6183
17172   6152   6182
17173   6155   6183
17174   6184   6185
17175   4173   6184
17176   6182   6184
17177   4786   6184
17178    514   6185
17179   6183   6185
17180   1508   6185
17181   6186   6187
17184   3933   6186
17185   1357   6187
17187   5717   6186
17188   5724   6187
17215   6197   6198
17216   6156   6197
17217   6187   6197
17218   1380   6197
17220   6186   6198
17221   4152   6198
17231   6202   6203
17233     85   6202
17234   4926   6203
17236   4482   6202
17237    297   6203
17238   6204   6205
17239   6059   6204
17240   6160   6204
17241   4630   6204
17242   6053   6205
17243   6167   6205
17244   4789   6205
17245   6206   6207
17246   6129   6206
17248    484   6206
17249   6125   6207
17250   6173   6207
17251    488   6207
17252   6208   6209
17253   4187   6208
17254   6202   6208
17255   4088   6208
17256   5416   6209
17257   6203   6209
17258   4173   6209
17259   6210   6211
17260   1527   6210
17261   6173   6210
17262   4461   6210
17263   2587   6211
17264   6206   6211
17267   6212   6214
17269    484   6212
17271   5638   6214
17272   6211   6212
17274   5640   6214
17300   6223   6224
17301   5215   6223
17302   6142   6223
17303   1891   6223
17304   5111   6224
17305   6163   6224
17306   6060   6224
17371   6245   6246
17372   4460   6245
17373   6212   6245
17374    483   6245
17375   4890   6246
17376   6214   6246
17377   2057   6246
17458   6272   6273
17459   3378   6272
17461   3058   6272
17462   1527   6273
17464   1528   6273
17506   6287   6288
17507   5048   6287
17508   6272   6287
17509   3235   6287
17510   4302   6288
17511   6273   6288
17512   3136   6288
17513   6289   6290
17516   3956   6289
17517   2486   6290
17519   4085   6289
17520   4024   6290
17538   6297   6298
17539   6290   6297
17540   4977   6297
17541   5422   6297
17542   6289   6298
17543   4840   6298
17544   4515   6298
17561   6304   6305
17564   2584   6304
17565    722   6305
17567    285   6304
17568   5286   6305
17570   6307   6308
17571   4930   6307
17572   6305   6307
17573   3623   6307
17574   4999   6308
17575   6304   6308
17576   5980   6308
17586   6312   6313
17589   3399   6312
17590   1126   6313
17592   3888   6312
17593   1855   6313
17611   6320   6321
17612   3922   6320
17614   3873   6320
17615   2160   6321
17617   3002   6321
17643   6330   6331
17644   4853   6330
17645   5394   6330
17646   6320   6330
17647   4764   6331
17648   5431   6331
17649   6321   6331
17650   6332   6333
17651   5966   6332
17652   6313   6332
17653   3611   6332
17654   5963   6333
17655   6312   6333
17656   3950   6333
17675   6340   6341
17677    967   6340
17678   1616   6341
17680   5757   6340
17681   6156   6341
17682   6342   6343
17683   4151   6342
17684   6340   6342
17685   3004   6342
17686   6198   6343
17687   6341   6343
17688   5546   6343
17690   6344   6346
17692   4898   6344
17694   4815   6346
17695    971   6344
17697   4385   6346
17698   6347   6348
17699    968   6347
17700   6344   6347
17701   3212   6347
17702   5703   6348
17703   6346   6348
17704   1259   6348
polygons 2382
1      5      6   5831  13840  13842
2     12   5831  12679  12681
3  12682  12684  12786  12789  12792
5  12678  12679  12682  13179  13840  13841
6   6829  11822  11825  13111  13114
7   6828   6829  13176  13841  13842
8  11825  12791  12792  13176  13179
9  11609  11827  13108  13114  13115
11  10496  10500  13112  13115
12      6   6828  10498  13108  13111  13112
13      5     12   7186  10496  10498  10501
14   7186   7188  12678  12681  12684
16   7188  10500  10501  11609  12788  12789
17   6931   6932  12867  12870  12873
18     50   6377  11714  11718  12871  12873
19     50   6932   6933  12601  12603
20  10415  12031  12032  13953  13955
21  11857  12028  12029  12867  12868  12871
22  11859  13949  13955  14998  15001  15004
23   6377   8569  12597  12600  12603
24   6931   6933  14653  14703  14704
26  12597  12601  13950  14653  15000  15001
27  11854  11857  14701  15003  15004
29  12868  12870  14698  14701  14704
30  16122  16123  16424  16440  16442
33     94     95  12909  12912
34  12912  15990  16114  16420  16421  16424
36    102  11651  12909  13256  15988  15990
37     95    102   7279  16216  16219  16222
38     94   7279  16421  16437  16439
40    115  12328  15461  16121  16123
41  12324  12328  16232  16233  16236
43  11651  12326  16219  16233  16235
44    115  16222  16236  16238  16436  16439  16442
48  10685  12227  17076  17169  17172
49  10647  10650  12663  17175  17177
50   9204  10363  17073  17076
52    148   9204   9206  10679  10682  10685
53   9206  10363  17233  17254  17255
54    148   7397  13123  17231  17233  17234
55   7396   7397   8650  10681  10682
56  17073  17172  17175  17176  17252  17255  17258
58   6388   7396  10650  13122  13123
60   6388   8650  12657  12660  12663
63   7653   9561  13607  13610  13613
65    173   6948   7653  10665  10668
68  10665  11716  12029  13608  13610
69   8766  11857  12637  12639
72   9555   9557  11552  13611  13613
73    204   5185   7250   9557   9558
74   5185   8765   8766  12143  12868  12869
78  10668  11716  12145  12871  12872
79    210    173   9555   9558   9561
80    210    204   6948  12138  12143  12145
81  12028  12638  12639  13607  13608  13611
83    217    218   8005  11604  12034  12035
84    221    222    223  11601  11604
85   6751  10834  10835  11477  11480  11483
86    231   7487   7489  11479  11480
87    233    218    234  11482  11483
88    217    223    236    237    234
89    236    222    238    231    239
90    239    237  11477  11479  11482
91    241    242  11601  12035  12036
92   6674  12034  12036  12487  12493  12494
93    221    242    245    238   7489   7490
94    233   6751   8005  12494  13159  13160
95    251    245    241   6674   6676
96    251   7487   7490  10833  10834  10837
97   6676  10837  12493  13162  13163
98   7007   7013   8114   8609   8611
99    261   7008   8108   8111   8114
100    264    265   4788   8109   8111
101    268    269   4788   8606   8608
103    271    272    273   8605   8606   8609
104    265    274    261  10588  16169  16171
106    284   9510  16168  16171  16174
108    269    290    284    274    264
109    294    295    271   7013   8707   8709
110    272    295   9511   9514
111    290    268    273   9507   9510   9511
112   7007   7008   8709  10588  10589
114   8707  10589  16168  16169  16172
115    294   9507   9514  16172  16174
116  11899  12536  12537  15917  15941  15942
117  12539  12540  15266  15269  15272
118  11938  11940  15269  16700  16702
119  11509  11510  11577  16699  16700  16703
121  12349  12350  15072  16703  16705
122  12171  12175  15072  15271  15272
124  11577  11934  11940  15917  15920
125  11510  15920  15940  15941
126  11899  12175  12176  12348  12350
128  11509  12348  12349  15940  15942
133    346   7867  11899  14427  14429
134    346  14951  15720  15743  15744
135   7867  14951  15939  15942  15945
136  14426  14429  14432  15743  15745
138  12537  12538  14426  14427  14430
141  15720  15945  16011  16050  16051
144    379    380  16009  16053  16054
145    382  15744  15745  16049  16050  16053
146  11936  15917  16009  16014  16015
147    380    382  10025  14430  14432
148    379  10025  11936  12536  12538
150  11018  13885  13889  14277  14283  14284
152   8217   8221  14281  14284
153  14277  14280  14281  14552  14555  14558
154   8221  10797  11018  13825  13826
155   7406   9795  10799  14450  14452  14454
156   7402   9795  13762  13763
157   9880  13891  14280  14283
158  13762  13824  13826  13889  13892
160   7402   7406   9882  13885  13891  13892
161   9880   9882  14452  14554  14555
163   8217  10794  10797  14454  14557  14558
164  11243  11873  11876  12682  12683
165   6189  11237  11243  13631  13633
166  13843  13863  13865  13953  13954
168    440   6189   8567  11873  12599  12600
169   8567  10422  13145  13864  13865
172   8776  13634  13636  13863  13864
173    440  13145  13630  13633  13636
175   8774   8776  13839  13840  13843
176   6230   8341  10727  10728  10731
177  10622  10626  10727  10730  10733
178   9780   9781  10625  10731  10733
179    465    466   8756   8758   8761
180    467   8427   8758   9779   9780
181    466    472    473    474    475    467
183    474  10626  10628  13710  13712
184    484   7899   8340   8341   8761   8762
185    484    485    486    472    465
186    475   8427  10622  10625  10628
187    485   7899  13707  13709
188    473    486  13706  13707  13710
189   6230   8756   8762   9779   9781
192  15943  16011  16013  16046  16048
193    504  10455  11444  15061  15723  15725
194    505  11444  14570  14573
195    504    508    509    510    505
196    511    509  16042  16045  16048
197    510    511  14570  16013  16051  16052
198    508  10455  16043  16045
203  10184  11772  17516  17542  17544
204  13846  13849  13850  17513  17516  17517
205   5162   8199  12155  12156  12159
206   5155   8199  13850  13853
207  12025  12159  12161  13846  13852  13853
208  10180  10182  10184  13849  13852
209  12156  13587  14722  14724
210  10182  11769  12025  13280  13589  13590
211   5155   5162  14721  14724  17517  17539  17541
215  11767  13280  14725  17538  17541  17544
218    563   6514  10329  14770  14785  14786
219    570  15063  15695  15723  15724
220  11090  11093  15060  15063  15066
221    570   6512  11090  14770  14773
222  14951  15065  15066  16852  16887  16888
224  14786  15791  16849  16888  16889
225    346  10738  15789  16887  16889
226    563  10738  10741  15742  15743  15746
227  10329  10741  15789  15791
229   6512   6514  15695  15746  15747
233    599    600  10511  11055  11056
234  11055  11057  13131  13801  13802
236    616    599   9758  13801  13803
237    620   9422   9426   9755   9758
238    620    600    616  13192  13194
239   9426   9427  13188  13191  13194
240   6272   8790  13052  13189  13191
241  10511  13046  13047  13188  13189  13192
243   9311  11056  11057  13047  13049
244   5200   6269   6272   9311  13128  13131
248   9424   9755  13128  13802  13803
253    654  12768  14547  14550
255   8900   8901  12768  12845  12847
256  14547  14561  14562  16448  16489  16490
258  12845  14550  14561  16166  16185  16186
260  11659  14181  16447  16486  16487
261    654   8895   8897   8900  16445  16447  16448
262   8897   8898  11654  11656  11659
263  14375  14562  16185  16187
264    685   8895   8898   8901
265    685  11656  12847  16163  16166
266  11654  14177  14181  16163  16186  16187
267    693   9250  10556  16217  16219
268  10552  10555  16217  16234  16235
269  12089  14783  14787  16847  16849  16850
271   5086  10555  11170  14787  14789
272   9245   9250  10328  15788  15791  15794
273  10328  11168  14783  14786  14789
274    693  11651  15784  15793  15794
275  12326  12327  15784  16850  16891  16892
277   5086  12089  12327  16233  16234
280   9245  10552  10556  11168  11170
283    726    727  11590  11591  11594
284    728  11594  17143  17261  17262
285    727    733    734    735    728
286    726    736    737    738    739    733
287    736  11591  17372  17374
289  11590  17259  17262  17272  17372  17373
290    752    753    738    754
291    755    758    752  17245  17248  17251
292    754    737    755  17269  17373  17374
293    735    762  17143  17250  17251
294  17248  17264  17269  17272
295    758    762    734    739    753
302   6968  12469  12770  16232  16234  16237
303   6965   6969  12466  12469  12472
304  11256  12472  14548  14551
305   7835   9576  11255  14545  14547  14548
306    654    786   7835  11013  12328  12330
307    786  12765  12768  16236  16237
309   9573   9576  11013  12091  12092
310    793   6969   6971   9573  11255  11256
311   5086   5087   6965   6968   6971
312    793   5087  12086  12089  12092
313  13926  13927  16819  17084  17173  17178  17179
314    800  10652  17174  17175  17178
315    800  13927  14709  14711
318  10652  14705  14709  17256  17258
319  13015  14708  17252  17253  17256
320  10360  10699  17253  17255
321  10364  10699  13014  13015  13018
322  10360  10364  16817  17073  17080  17081
323  13018  13932  16812  16817  16819
324    821  11784  11786  14933  14936
325  11657  14933  16163  16241  16242
327  10164  14936  15375  16240  16242
328  10158  10160  12850  15372  15375
331    685   8043   8044  11048  11051
332  11048  11656  11657  11785  11786
334    847    848  11051  11784  11785
335    848   8038   8043  10160  10161
336    847    821  10158  10161  10164
337   8038   8044  12844  12847  12850
340    859    860  16809  17003  17009  17010
341   9782  12181  14327  14329  17008  17010
342   8427  12093  12094  12097  12183  12184
343    871    872    467  12097  12099
344  12094  12096  14324  14326
345    872   8757   8758  16806  17001  17003
346    879    859   5820  12093  12096  12099
347    871    879  16806  16809
348    882   8757   9778   9779   9782
349    882  17001  17008  17009
351    860   5820  14323  14326  14329
353    887   6348  10498  10499
354    896   6347   6348  12355  12357
355    900    901    902   6842   6843
356    903   6842  11326  12355  12356
357    902    906      6    887    896    903
358   6827  12451  13111  13431  13432
359   6347  10499  12262  13112  13428  13429
363  11323  12260  12262  12356  12357
364   6843  11323  11326  12454  12456
365    900   6831  12450  12451  12454
366  12260  12450  12456  13426  13429  13432
368    906    901   6827   6828   6831
369  14224  14225  15649  15664  15665
370   6230   6233  12305  13996  14221  14222
371  13381  13998  13999  15649  15652
375   6233   8762  14790  14791  14794
377    962  12828  12831  15663  15665
382   9782  11172  11958  13379  13381
383  12305  12830  12831  14794  14796
384    882    962  11956  11958  14790  14793  14796
385   8756   8757  14791  14793
386  11956  13379  15652  15663  15664
389   9778   9781  11172  13993  13996  13999
391   9208   9209  12504  12506
392    986   9209  10215  13785  13808  13810
393    994    986  12313  12505  12506
394    994   8469  13785  16526  16528
397   8469  11354  12313  12568  12570
398  11358  11488  13813  16529  16531
399  11352  11358  12567  12570  12573
400   1012   9208  10210  10215  10217
401  10217  11488  11489  12571  12573
403   1012  12504  12505  12567  12568  12571
404   8764   8766  11641  14699  14701
405   5180   6362   8460  14702  14704
406   5177   5180  12140  12869  12870
408   1029   1030   5177   6362   6363
409   1034   1035   1029  12140  12143
411   1036   1030   1035   9850  10103  10104
412   1034   1036   5185   5188
414   6363   8460  10098  10104  11642  11644
415   9848  10100  11638  11641  11644
416   5188   8764   8765   9846   9848   9850
419    504   1048  16081  16084  16087
420    505  11988  12699  12700  16082  16084
421   1057    509   8487   8490   8493
422    510   8493  12694  12697  12700
423   1057   1048    508  16939  17023  17024
424   1064   8488   8490  16937  16939  16941
425   8487   8488  11989  12696  12697
426   9125   9128  16941  17026  17027
427  16085  16087  17021  17024  17027
428   1064   9126   9128  11985  11988  11989
429   1070   1075   9128  16804  16809  16810
430    879   1070   8231   8232   8235
431   1075   1064   8232   8588   8589
432   8584   8588  11556  11989  11992
433   1089  11662  11664  12071  12073
435   7436   8586  11556  12071  12072
436   7393   9126  11665  16807  16810
437   1100   7393  11988  11991
438   1100   9963  11661  11662  11665
440   9963  11985  11991  11992  12072  12073
441   1089   1107    871   7436   8235   8236
442   1107  11661  11664  16804  16806  16807
445   9593   9595  11883  11885
446   7188   8726   9593   9594  12936  12937
447  11883  12931  12936  14267  14269
448  11468  11471  12934  14263  14266  14269
449   8726   9150  12787  12789
451  10929  11468  11474  11475  11609  11612
453   8683   9150   9594   9595  10717  10931  10932
454  10927  10931  11475  14264  14266
455  10501  10502  12931  12934  12937
456  10500  10502  11471  11474
458   6375   8567   8569  17564  17567
459   6192   6194  16481  16483
460   6188   6189   6192  14286  14289  14292
461   6188   6194  11871  11873  11875
462   1149  11875  12602  12603  16477  16480  16483
463  14290  14292  16477  16478  16481
464   5451  16478  16480  17561  17564  17565
465    440  14289  17561  17567  17568
466  14286  14290  17565  17568
467   1149   5451   6375   6377
470   1163  12932  13835  14268  14269
471   7517   7522   7523  11471  11726  11727
472  11723  14266  16399  16402
475   1176   1177  13835  16398  16401
476   1176   6754   7522  10092  10093
477   7523  10095  10096  12932  12934
478   6754  11721  11727  16395  16401  16402
480   1163   1177  10091  10092  10095
482  13632  13633  14262  14288  14289
483   9059  13082  14256  14259  14262
489   1210  13913  14291  14292
490   1212   9056  12156  12157  13913  14258  14259
492   5162   7192   9056   9059
493   6188   8143   8146  11240  11243
494   7192   8199  11241  13082  13631  13632
495   1212   1210   6192   8144   8146
496  11237  11240  11241  12159  12160
497   8143   8144  12155  12157  12160
498   1057   1225  13909  16036  16044  16045
500  13549  13905  16271  16367  16368
501   1048   8082   8083  10455  10458
502   8081   8082  16091  17022  17024
503   1242   1243   8081   8083
505   1243   7092  16091  16365  16368  16371
506  13903  13909  16271  16471  16473
507   1242   7092  10458  13549  16039  16043  16044
510   1225  16470  16473  16939  16942
511   5831   6386   7276   8774   8775
513  11241  12680  12681  13853  14349  14350
514     12   6386  10865  14350  14351
517   7276  10865  10908  14216  14253  14254
518  10908  11039  11040  13850  14349  14351
520   7083  11000  11002  15766  15768
521   1277   8516  11002  11127  11128
522   1280   8521  12050  12053
523   8515   8516  11353  12050  12569  12570
524  12053  12310  12314  12568  12569
525   1280   1291  12256  12314  12316
526  12310  12313  12316  15769  15771
528  11130  11131  12256  15765  15766  15769
529   1291   8515   8521  11125  11128  11131
530   8467   8469  15765  15768  15771
532   1277   7083   8467  11353  11354
535   8814   8815  10090  15666  15668
536   7859   8815  10711  10714  14170  14172
537   7859  13377  15654  15666  15667
538   8347   9413  12511  12513
539   9413  10929  10930  14169  14170  14173
540   8342   8344   8347  14173  14175
541   8342  10088  12512  12513  15651  15667  15668
542  12438  13374  15651  15654
543   6955   8344  10088  10090
544   6955   8814  14169  14172  14175
546  10714  10932  12204  13374  13377
547    563   9285  10400  11571  11572
549   9350  10400  10403  15746  15748
550   1336   1337  15742  15745  15748
551   1337   5465   5950   9349   9350
554   5950   9341  10114  14204  14294  14296
555  10736  10738  14297  14428  14429
556  10112  10742  14293  14294  14297
557   9285  10117  10736  10741  10742
558   1336   5465  14204  14431  14432
559   1349   1350   1351   1352   1353
560   1354   1355   1356    901   1357   1349
561   1353   1354  10083  11559  11560
562   1361   1362    900   1356   1363
563   1364   1365   1366   1367   1361
564   1363   1355   1364  10083  12074  12075
566   1352   8587  11555  11556  11559
568   1351   1376   1377   7433   8586   8587
569   1366   1381   6845   6846   7433   7436
570   1350   1357    902   1382   1376
571   1362   1367   6841   6843   6846
572   1381   1365  12070  12071  12074
573   1377   1382   6841   6842   6845
574   1384   6754   6755  14270  14273  14276
575    210  10345  10348  14274  14276
576   1397   7869   7870  14271  14273
577   9556   9558  14270  14271  14274
578   1176   1384  10345  12282  12283
580   1405   7872   7873  10093  10094
581   1411  10092  10094  12281  12283
583    173   1413  10348  12281  12282
584   6755   7522   7868   7869   7872
585   1413   1415   1405   1411   9559   9561
586   1415   1416   7868   7870   7873
587   1416   1397   9555   9556   9559
589   1421  11722  16402  16405  16406
590   9414  10930  11475  11722  11723
591   1421   9414  12511  15147  15148  15151
592   8682  10931  12201  12204  12207
593   8682  10410  14264  16399  16406  16407
595  10410  12207  12947  12953  12954
596  12954  15148  15150  16405  16407
598   1436   6755  10446  11725  11727
599   1441  11113  11114  16404  16405  16408
600   1421   1441   8823  10476  10478
601  10471  11113  15273  15276  15279
602   8823   8826  11114  14146  15274  15276
604  10476  10477  11721  11722  11725
605   1459   1436  14146  14272  14273
606   1459   8826  10446  10477  10478
608   1461   1384  10471  16401  16408  16409
609   1461  14276  15277  15279
610   1463   6302   9270   9272   9313   9314
611   1470   9270  10099  11643  11644
612   5207   9309   9311   9314
613   5200   5206   5207   6296   6302   6303
614   1475   1476   6303  11640  11641
615   1475   5206   6272  10574  10576
617   1483   6276  13128  14091  14092
618   1487   1483  10099  10100  10577  10579
619   1463   1470   1487  14090  14092
620   9309   9313  13131  14090  14091
621   1476   9848  10573  10574  10577
622   6269   6276  10573  10576  10579
623   8594  10064  16789  16792
624   1497   1498   1499   8592   8594
625   9092  10060  12206  12950  12953
627   1498   9726  10414  16919  16921  16923
628  10408  10410  16755  16923  17019  17020
629   1499   9726  16789  16797  16798
630   9840  10057  10060  16792  16796  16797
631  16780  16796  16798  16921  17016  17017
633  12206  12207  16748  16753  16755
634   1497  10408  10414  12951  12954
635   8592  10057  10064  12947  12950  12951
636   9092   9840  16753  16780  16781
637   8246   8247  10395  14421  14424
638   8250  13924  13925  14283  14405  14406
639  10395  11972  11973  12729  12801  12802
640  13889  13921  13922  14421  15038  15040
642   1542  11972  14840  14843
643   1543  11018  14840  15039  15040
644   1542   1543  12729  14284  14402  14403
645   8245   8247   8250  12801  12803
647  12802  12803  14401  14402  14405
648   7657   8657   8659  10044  10045
649   7652   8659  10665  11421  11422
651   9767  12026  12030  13242  13608  13609
652   9767  10750  12209  12210
653  10750  10939  10940  12030  12032
654  10044  12209  12211  13239  13242
655   7652   7657  13239  13609  13610
659  10938  10939  11425  11719  11720
660   9960  10045  10938  10940  12210  12211
663   1584   1585  17695  17699  17700
664   7399   7466   7467  17699  17701
665   1585   6390   7395   7396   7399
666   1591   1594   7446  10680  10682
667   1591   7395   7397   7467   7469
668   1594   1597   7466   7469   7472
671   1606   7443   8653  10680  10681
672   1584   6390   8650   8653  13980  13982
673  13980  13981  17692  17695
674   1615   7472  13032  17692  17700  17701
676   1618   1606  13032  13981  13982
677   1618   1615   1597   7443   7446
679   1620  11778  11794  15513  15519  15520
680  10856  10859  15516  15519
681  11794  11797  11800  11801
682   1620  10760  10762  10857  10859
684  10860  12390  15513  15516  16588  16590
685   7758   7762  10856  10857  10860
686   7977  10763  12605  12607
687   7758   7763  10759  10760  10763
689  11797  15520  16584  16588  16589
690  11800  12608  16581  16584
692   7762   7763   7977  12390  12393
693  10759  10762  11778  11801  12604  12605  12608
696   1664   4785   5862   8109   8110
697   1671   1664   5224  11416  13182  13184
698   4785   4788   5221   5224
699   1671   1677   1678   5859   5862
700   1679   1680   1681   5859   8110   8111
701   1678   1679   7961  12877  12880
702    264   5221  10871  10873  11413  11416
703    265   1681  10873  11026  11027
704   1677  12877  13183  13184
708  11029  11030  11413  12880  13182  13183
709   1680   7961  11024  11027  11030
711  13208  14848  15974  15992  15993
712  13208  13209  14622  16192  16194
713   5336   5338   5340  16153  16156
715   1714  14619  16153  16193  16194
716  14848  14885  14887  16156  16192  16193
717  14888  16113  16119  16424  16426
718   1720  12907  12912  14619  14622
719   1720   1714   5338  16421  16423
720   5340   8141  14884  14885  14888
721   5862   9227  10855  11738  11739
723   8125   9224  10172  10175  10178  11738  11740
725   7638   8593   8594  10173  10175
726   1739   1499   4785   7638   8607   8608
727   8611   9230  10176  10178
728   1498   1739   1664  10853  10855
729   1741   1497  10853  11739  11740
730   1741   8125   8592   8593
731   1742   1748  11764  13661  13663
732   1752   1742   6211   6212
733   1748   6212  12854  13490  13491  13494
735  11758  11764  13491  14584  14589  14590
736  11969  13386  13387  14589  14692  14693
737  11758  13386  13581  13661  13662
738   8087   8093  11966  11969
739   8088  11966  13387  13578  13581
740   1752   1776   1777  13578  13662  13663
742   8093  13249  13251  14691  14692  14695
743   1777   8087   8088  13245  13248  13251
744   1776   6211  12854  13246  13248
747   1783   1784   1785   1786   1787
748   1788   1789   1792   1793   1783   8401   8403
749   1787   1794   1795   1796   1788
750   1794   1786   1797   1798   1799
751   1799   1795   7348  14213  14396  14397
752   8401   9153   9157  14249  14252  14255
753   1792   9157   9299  11035  11036
754   1796   1789  14394  14397  14400
755  12772  12775  12778  14213  14254  14255
756   1798   7348  10340  12773  12775
757   8403  14252  14399  14400
758   1793   1784  11031  11032  11035
759   1785   1797  10340  10890  11032  11033
760   1817    726   7656   8659   8662
761   1413   1820   7652   7653   7656
762   1824   9143  11363  11594  11595
763  11360  11361  12284  13292  13294
764   1817   1820  11591  11592  12280  12281  12284
765   1831   1833   9139   9140   9143
766    727   1824   1831   8662  11420  11422
767   1833   6780   6949  10668  11420  11421
768   6948   6949  10348  13295  13297
772   6780   9140   9141  13291  13292  13295
773   1845   1846   9893   9896   9899
774   1847   1848   9899  11427  11429
775   1846   1847   8831  16519  16550  16551
776   9436   9437   9440  16519  16522
777   1831   8921  16522  16549  16550
779   1868   9140   9142   9894   9896
780   1848   8831   9440   9441
781   8921   9143   9219   9437   9438
782   9139   9142   9219  11430  11432
783   9436   9438   9441  11426  11429  11432
784   1833   1845   1868  16549  16551
786   6227   6229  13655  14114  14115
787   6227   8260  12592  12595
788  12591  13216  13250  13251
789   1890  13421  14113  14115
790   1890   6229  12588  12595  13213  13215  13216
791   1894   8260   8262  13655  13658
792  13215  13247  13248  13417  13420  13421
794   8087   8089   8262  12588  12591  12592
795   1902   1903   1894   8088   8089
796   1777   1902  13420  13423
797   1903  13417  13423  13658  14113  14114
800   6062  12753  12755  15464  15495  15496
802   1919   6423  12749  12750  12753
803   6062   6069  12558  12957  12959
804   1927   6069  12749  12752  12755
805   1927  12957  15622  16261  16263
807   7564  13168  14343  14346
808  10821  14343  15462  15494  15496
809   1919  10825  15620  16204  16261  16262
810   6423  10819  10825  15462  15464
811  12959  13167  13168  16201  16262  16263
813   7564  10819  10821  16201  16204
814  12750  12752  15620  15622
815  12558  13167  14346  15494  15495
816   5091   5092   6545  14848  14851
817   1957   5097   6545  14553  14555
818  14552  14553  14851  14886  14887
819   5091   5097   6457  10605  10606
820   5092  10605  16191  16192  16195
823   8219  14558  14885  14886
824   8219  14281  14403  16151  16156  16158
825   1957   6457  14280  14406  14407
829   1980  11662  12498  12499  17233  17236
830   1984  12499  12503  12506  12509
831   1985   1986   9203   9208  10360  10363  10366
832   1989   1985  12503  12504  12507
834   1984   1980   9203   9206   9209
835   1991  10366  10699  11665  11666
836   1992   9963  12498  12507  12509
837   1100   1991   1986   1989   1992
838  13139  14260  14288  17568  17571  17572
840   2003   6555  12801  13916  14290  14291
841   2004   2006  13102  14256  14257  14260
842   2007   2010   2004  11972  11974
843   2006   2012   2007  13136  13139
844   6555   8832   8834  10392  10395
845   2003   8834  17565  17572  17573
846   2010  12729  13102  13103
847   2020   8832  13136  17571  17573
848   2020   2012  10392  11973  11974
852   9911   9912  15815  16758  16773  16774
853   9907   9912  16466  17654  17656
854  15815  15818  16466  16482  16483
855  11875  15818  16774  16775
857   6933   8923   8925  16758  16759
858  12601  12602  16759  16773  16775
859   6932   8795   8796   8924   8925
860   8792  16480  17651  17653
861   8923   8924   9907   9908   9911
862   1149     50   8791   8792   8795
865  13859  16513  16515  16694  16701  16702
866   5072  11275  13855  13856  13859
867  11286  11287  12692  16510  16512
868   4975   9377  11274  11275  11581  11582
869   2069   4971   4975  11286  11288
870   2069  11576  11582  11939  11940
871  10262  11287  11288  11938  11939
872  10262  15269  16509  16512  16515
873   5072   9377  16694  16697
878   2078  15630  15634  17702  17704
879   2083   2084   2078  11343  11349  11350
880   2083  12759  17694  17703  17704
881   2092   2084   6212  12756  12759  12760
882  12760  12763  12852  12854
883  11343  11346  11347  13491  13493
884   2092   1748  11347  11350
885  11342  15644  15645  17697  17702  17703
887  11346  11349  15634  15641  15642
888  13490  13493  13496  15639  15642  15645
890   5541  12553  12556  12958  12959
891   9105  10249  10251  12553  12558  12559
893  11331  11332  12556  12559
894   8542  10323  10325  12957  12958
895   5541   8542  11332  14776  14779  14782
897   9105  11154  11331  14515  14778  14779
898   6069  10323  12216  12249  12250
899  10267  11289  11290  13392  13398  13399
900  13396  13399  16683  16686  16689
901  10264  10267  16670  16684  16686
902   2137   2141  12918  13090  13091
903   2137   6350   6351  11289  11291
904   2141   2145  10264  11290  11291
906  12354  12357  12919  13087  13088
908   2154  12354  12355  16673  16687  16689
909   6346   6347   6350  13085  13088  13091
910   2154    896  13392  13395  13396
911   6346   6348   6351  13395  13398
912   2145  12915  12918  12919  16667  16670  16673
913   9071   9073  11480  15883  15904  15906
914  11479  15532  15704  15900  15901  15904
916  15883  16987  16995  17111  17113
917   9072   9073  16987  17249  17251
918  15445  15707  16882  16999  17246  17248
919  15703  15901  16882  17114  17116
920    752   2179   2180   7488   7489
921    231   2180  15529  15532  15535
922   2179    755  15445  15534  15535
923    758   7487   7488   9071   9072
925   8494   8497  12822  12824  14757  14759
926   7920   8499  12821  12824  12827
927   7921   8496   8497  14053  16018  16020
929  14753  14759  15997  16019  16020
931   8970  14051  15995  16018  16019
932   2211  14754  15995  15997
933   2215   8973   8975  12825  12827
934   2216   8969   8975  14051  14053
935   2215   2216   7917   7920   7921
936   2219   2220  14753  14754  14757
937   2221   2211   2219   8969   8970   8973
938   2220   2221  12821  12822  12825
940   2222   2224   1606  11481  11483
941   2227   2222   7443  11300  11302
942   2224    233   2229   8653  12658  12660
943   2230   2231   2232  12228  12658  12659
944   2229    218   2234   2230
945   2227   2235   2236  11481  11482
946  11303  11305  12227  12228
947   2232   2238   2235  11299  11302  11305
948   2236   2238   2231   2234    234
949   6404   6405  10102  10103  17181  17184  17185
950   9850  15677  17184  17187
951   5870  15697  17185  17188
952   2251  13648  15092  15095  15096
953   2254   2255   6404  13644  13645  13648
954   1036  15092  15098  15099  15677  15700  15701
956   5870   6405   7544  13645  13647
957   1030   2261   2251   2255   2262
958   2262   2254  10102  10104
959   2261   1035  15095  15098
960   1441  15148  15386  16243  16245
964  11742  15388  16188  16243  16244
965  11111  11114  15386  15388
966   1741  12951  15150  16190  16244  16245
968  10414  10853  10854  11317  11318
969  11737  11740  16188  16190
970  10470  11317  16408  16410
971  15699  17086  17090  17188  17216  17217
972  16994  17112  17113  17216  17218
974   2215   5867   6164  15697  15699
976   2299   5867   5870   7920   7923
977   2301   7917   7923  16993  16994  16997
978   2301   2299  17185  17217  17218
979   7921  16885  16997  16999
980   2216   6164  16885  17090  17115  17116
982   8896   8897  10250  12246  12248
983  11659  11660  12247  12248  16097  16103  16104
984  11566  11568  13978  13997  13998
985   9585  11562  11568  11654  11657  11660
986   5659   7569  11050  13994  14220  14221
987   5659   7038  11154  16100  16103
989   7038   7569   7570  10250  10251
990  11562  11566  16101  16104
991   7570   8896   8898  11046  11048  11050
994  11974  13804  14094  14838  14843  14844
995   2333   2334   2007  13800  13801  13804
996  12712  14116  14118  14838  14840  14841
997   9313   9418  12712  13551  13553
998   9309  11054  11057  11060  13421  13552  13553
999   1890   2343   8193  11058  11060
1000   2345   2004   2334   8193   8195
1001   9418  14089  14090  14841  14844
1004   2333   8195  11054  11055  11058
1005   2010   2345   2343   1542  14112  14115  14118
1006   8924  11025  11027  12419  12421
1008   2358   9908   9910  10876  11025  11026
1009    274   2362  10873  10876
1010   9907   9910   9913  16075  16078
1011   2358   2362  16075  16170  16171
1013   8929   9911   9913  10591  10593
1014  10587  10588  10591  12422  12424
1015    261   1681  12418  12421  12424
1016   6862   6864   8950   8951
1017   8950  11711  14388  15537  15539
1018   6864  11711  16900  17044  17104  17105
1019   2384   2385   8752  10124  10125
1020   2389   8752  10900  16945  16946  16949
1021  15503  15537  15538  17044  17301  17302
1022   2389   2384   6868   8951  14388  14390
1024   2385  14390  15500  15538  15539
1025  10125  14057  14061  15500  15503
1027   6862   6868  16900  16946  16947
1029  14802  14803  15375  15389  15390
1030   2406   2407   2408   8039  12848  12850
1031   2411   6309   8039  10159  10160
1032   2220   2413   2414   6309  14232  14799  14800
1033   2221   8316  14226  14229  14232
1034   8314   8320  14228  14229  15389  15391
1035   2411   2414   2421   2406
1036   2422  12848  15372  15390  15391
1037   2422   2408   8320  12821  12823  12826
1038   8314   8316  12825  12826
1039   2407   2421   2413  12822  12823
1041  13258  15894  15895  15987  15988  15991
1042  11372  14338  15832  15895  15896
1043  15778  15832  15977  15991  15992
1044   7563  14338  14343  15772  15775  15778
1045  11367  11369  13258  15458  15459  15462
1046  11366  11367  15894  15896
1048   7563  10821  11366  11369  11372
1050   2445   2219  14230  14232
1051  10463  13507  13509  14226  14227  14230
1052   2455   8315  14227  14229
1053   2455   5568  10010  10461  10463  10466
1054   5564   5568   8315   8316   8973   8974
1056   5564   5570  10010  15861  15864  15867
1057   2463  15842  15865  15867
1058   2463   5570   8969   8971   8974
1059   2211   2445  13506  13507  13510
1060   8970   8971  13510  15838  15839  15842
1061   2470   1459   2471  10462  10463
1062   2471   8826  14029  14227  14228
1066  10462  12296  13509  14586  14693  14694
1067  12808  12809  14586  14589
1068   2488  13507  14692  14694
1070   2470  10446  12296  12809  12810
1071   2488  11969  14230  14798  14799
1073   7001   7798  11858  15002  15004
1074   4967  13176  13951  14999  15001
1075   2497   1355   7798   7801
1076   1356   2497   6831   7000   7001   7004
1077   1354   7801  11204  11858  11859
1078   1349  11204  13845  13954  13955
1079   4967   6827   6829   7004   7005
1080   1357    906  13839  13842  13845
1081   6439   7656   7657  14358  14580  14581
1082   2506    739   8214  10047  10048
1083    733   8214   8657   8662   8663
1085   6439   9552   9554  10043  10044  10047
1086    738   2506   9548   9549   9552
1087    737   9549  14359  14577  14578
1088   1817    736  14355  14358  14359
1089   9774  14881  15041  15043
1090   6990   6991   9774  13765  13827  13829
1091   5996   7404  13892  13920  13921
1093   2530   5994   7404  13761  13762  13765
1094   2533   2535   2536   5994   5996
1095   2537   2533   5577  13920  13922
1096   2536   2537   5987   6987   6988
1097   6986   6987   6990  14877  14878  14881
1099   5577   5987  14421  14878  14880
1101   2530   2535   6986   6988   6991
1105   9246   9283   9285   9287  10328  10329
1106   2555   5603   9246  11168  11430  11431
1108   5603   9894   9895  12287  12290  12293
1109   8645   9898  11427  14768  14770  14772
1110   6514   8638   8645  10400  12291  12293
1111   2555   9287  11575  12288  12290
1112   2563   5459   8238   8241   8244
1113   5460   8240   8241  17462  17464
1114   8243   8244  12769  16220  16237  16238
1116   6968  10554  10555  17459  17461
1117   2583  12467  12469  17458  17461  17464
1120   2563  10571  10572  16216  16217  16220
1121   2589  12467  12769  12770
1122   5459   5460  10566  10569  10572
1124  10568  10569  17458  17459  17462
1125   2589   2583   8238   8240   8243
1126    222  10956  10958  10968  11510  11511
1127    221   9020  10955  10958  10961
1128   7700  11604  16038  16041
1129    223   7698   7700  10965  10968
1130  10504  10965  11511  15939  15940  15943
1132   7698  10504  16041  16046  16047
1133   9019   9020  11601  16038  16047  16048
1135   9019  10961  16010  16013  16016
1137  10955  10956  15920  16014  16016
1140   2621   2622   7738  14083  14085
1142   2629   7738  11358  11495  11498
1143   8515   8520   8855  10256  10257
1144   8849   8855  14591  14593  14596
1145   8520  12050  13728  14596  14597
1146   8905  14076  14084  14085  14593  14594
1147  10253  10254  12646  14076  14079
1150   5249  11352  11353  11498  12644  12646
1151   2629   2622  12573  13723  13725
1152   2621  13722  13723  14591  14594  14597
1154   5249   8516  10252  10253  10256
1156   9959  10938  13065  13867  13868
1157   5083   8598   8602  13065  13068
1158   2661   8408   8602   8604  10048  10049
1160   5081  11533  13068  13866  13867
1161   8598   8604   8663   9959   9960
1162   2669   2661   5081   5083
1163   2669   8408  11532  11533  12213  12214
1164  10043  10049  12208  12211  12214
1166  10515  11337  12852  13218  13246  13247
1168  11059  11060  13215  13218
1170   2682   2683   5207   6211  12760  13048  13049
1172   2682   9314  13550  13553  13556
1174   1776   2683  13420  13555  13556
1175  10510  11337  12763  13047  13048
1177   1070    859   2690   2691   2692
1178   2692   1075  16941  16944
1179   7957   9130  16256  17025  17027
1180   2690    860   6495  16247  16249
1181   2691  16247  16255  16944  17025  17026
1183   8304   8306  16249  16255  16256
1185   7957   8304  16932  17012  17013
1190   6495   8306  17007  17010  17013
1192   9125   9130  16810  16932  17005  17006
1193   8761  14791  14792  17237  17256  17257
1195  14708  14792  14793  17000  17001  17004
1196    465   2731  11664  17231  17236  17237
1197  11666  13015  16807  17004  17006
1201   1107   2731    466    872
1202   9483   9892  14374  14559  14562  14565
1203   9229   9890   9892  10177  10178
1204  10704  11741  14559  14563  16184  16185  16188
1205   9890  11434  11435  14563  14565
1206  11437  11438  11737  11738  11741
1207   8125  14182  16184  16187  16190
1208  10174  10175  14182  14374  14375
1212  15736  15738  17678  17687  17688
1213  13053  13054  15729  15737  15738
1215   2770  12718  13059  15729  15732
1216   2775   1594  13053  13056  13059
1217   1597  13054  13056  17675  17677  17678
1219   5291   5293   6790   6791  12716  12718
1220  12716  15125  15732  15736  15737
1221   6790   7471   7472  17677  17684  17685
1222   2775   2770   5293   7468   7469
1223   6791  15125  17682  17685  17688
1226   8600  13065  13147  13356  13358
1228  13142  13145  13356  17567  17574  17575
1231  13358  16524  17574  17576
1232   8600   9959  11425  16524  16552  16553
1233  16553  16554  17564  17575  17576
1234   6375  11718  11719  16552  16554
1235    994  13058  15729  15770  15771
1236  13053  13055  13058  13785  13787
1237   4895  10276  15735  15738  15741
1238   4889   4895   4896   7667  13054  13055
1239   4889   7509   7510  10276  10278
1240   7258   7510   8323  16503  16506
1241   7257   7258  10278  15741  15767  15768
1242   7667   8324  13787  16503  16527  16528
1246   4896   7509   8323   8324
1249   2836  10458  15061  15063
1250   2837   4696  10504  15064  15066
1251   2840   2837   7147   7698   7699
1252   2843   2844   7095   7141   7146   7147
1253   2836   2847   1242  11090  12342  12343
1254   2840   2844   4696  11093  12341  12342
1256   2843   2851  12341  12343
1257   2847   2851   7091   7092   7095
1258   7091   7146  13547  13549
1259   2853   9895   9896  10878  11028  11029
1260   7960   7966  11028  11030
1261   8934  12290  13185  13292  13293
1262   1868   2853   6780   7965   7966
1263  10878  11413  12292  12293
1265   5603   8934   9141   9142
1267   2867   2868   8003   8010  12491  12494
1268   8010  12191  13904  16271  16274
1269   2868   2871  12188  12191
1270   2877   2878   6674  15567  15569
1271   5789  15566  15567  15570  16456  16459
1272   2878   2883  16456  16472  16473
1273   5788  12487  12491  15570  15572
1275   2888   2871   2867   5788   5789
1276   2888  12188  16274  16459  16471  16472
1278   2877   2883  12036  13907  13909
1281  16203  16206  16695  16698
1282  15758  15759  15762  16264  16266
1283  14466  15594  16206  16264  16265
1284  14466  15529  15530  15533  16692  16697  16698
1285  15530  15594  15704  15759  15760
1286   5070   5072  10108  14962  15122  15123
1287   7213  10108  11451  16203  16265  16266
1288   9377  14962  15448  15533  15534
1289   5070   7213  16692  16694  16695
1293  11451  15123  15686  15762  15763
1294   2924   2925   5206  12759  13051  13052
1295   2682   2926   6299   6302
1296   2930   2924   6300   6303
1297   2930   2931   2932   2084   2925
1298   2932   2933   2934   1742   2092
1299   2935   2926   2683   1752   2934
1300   2933   2931   2935   6296   6299   6300
1302   5087   8474  12344  14775  14787  14788
1303   9441   9442  12344  12346  14967  14969
1304  11429  12346  14772  14775
1305   6971   8474  14966  14967  14970
1306   9218  10554  11170  11431  11432
1311   9218   9438  13514  17459  17507  17508
1312   6965  14970  14972  17461  17508  17509
1313  13517  13519  14966  14969  14972
1314  13513  13519  17507  17509
1318   2967   8689  11191  12284  12286
1319   2972   2977   7720   7723
1320   2978   2972  12286  13187  13293  13294
1321   2977   2980   2981   2967   2978
1324   9396  11191  11361  11362
1325   9287   9990   9991   9994
1326   2980   7720   9991   9993  11573  11575
1330   7723  11573  12288  13185  13187
1331   2555   8934   9994   9996  11360  11362
1332   2981   8689   9396   9990   9993   9996
1333  11823  12146  12149  12150  12790  12791
1334   3000   7878  12150  12153
1335   3000  11822  11823  13664  13666
1336   4993   6109   7858   7859  12149  12152
1337   7858   9152  10714  10717
1338   4993   8812   8815   8818
1339   7878   8812   8816  13666  14171  14172
1340  11612  11827  13664  14170  14171
1341   9422   9428  12414  16987  16990
1343   3019   6276   9424  12412  12414
1344   3021  12412  16990  16994  16995
1345   3019   3021  10579  17215  17218  17221
1346   8790  10576  15807  17680  17683  17684
1347   9427   9428  15807  15881  15883
1350  17215  17216  17681  17686  17687
1352   3036  10885  12268  12621  12624
1353  12621  13324  13325  14902  14903
1354   3036  13324  13326  13857  13858
1355  10882  10885  13855  13858  13861
1356   7768  12269  12624  14901  14902
1357   7766   7768  16541  16544  16547
1358  13325  13326  16498  16510  16511
1359   7766  10170  10882  12268  12269
1362  14901  14903  16498  16542  16544
1363   4996   8817   8818  10221  13957  13959
1364   4996  12152  17098  17240  17241
1365   7307   7876   8816   8817
1366   7876   9914   9915  12153  12672  12673
1367   7307   9915  10221  11636  11637
1368   9920  12672  17123  17243  17244
1369  11634  13960  17117  17120  17123
1370  13956  13959  17098  17119  17120
1371   6742   8488   8489   8588   8590
1372   1352   3082  10521  10745  10750  10751
1373   3082   9767  11559  11692  11694
1374   9480  11681  12695  12697
1375   6742   9477  10523  10751  12212  12213
1376   9475  11681  11692  11693  12208  12209  12212
1380  11555  11693  11694  11992  12695  12696
1381   8584   8587   8590  10521  10523
1382   9933  10613  10614  13004  13006
1383  10614  10863  10867  14348  14351  14354
1385   9815   9819  10154  10905  11040  11041
1386   9818  10154  10354  17513  17519  17520
1387   9929   9933  10357  17516  17519
1388  11039  11041  17517  17520
1389   3117  10867  10869  12635  13004  13005
1390   3121  10863  10869  10905  10908
1391  10354  10357  12632  13005  13006
1392   3121   3117   9819   9821
1393   9815   9818   9821  12632  12635
1397   3128    269   5221   9348   9350
1398   3129   3130   7641   8606   8607
1399    268   3128   1337   3132   3129
1400   3132   3135   3136   3130   5465   5466
1401   1739   5224   9348   9349   9725   9726
1403   3135  16791  16800  16801
1404   3136   7638   7641  16787  16789  16791
1406   5466   5950   9725  16795  16798  16801
1409   2731   1089   1381   3146    472
1410   3146   1365    486   5296   7401   7467   7468
1411    485   7395   7401  13121  13123
1412   5293   5296  12074  12501  12502
1413   3154   2770  12496  12499  12502
1415   1591   2775   3154   1980    148
1418    484  13121  17234  17237
1419   9625   9628  16672  16687  16688
1420   6862   7893  13700  16669  16684  16685
1421   6712  13699  13705  16667  16669  16672
1422   6712   9628  11851  12094  12095
1425  11851  13705  14324  16897  16947  16948
1426   6868   7893   7895  10306  10307
1428  10306  10308  14326  16946  16948
1429   7050   9625  10307  10308  12095  12096
1432  13699  13700  16897  16900
1433  16110  16111  16369  16371
1434  11947  12190  16365  16366  16369
1435  11947  13923  13925  16032  16110  16112
1436   2851   3198   5577   6012   8246   8248
1437   9703  16029  16091  16111  16112
1438   8245   8248   9705  16029  16032
1439   2537   3198   7095   7096
1440   2533   7091   7096  12193  16366  16368
1441  12190  12193  13919  13920  13923
1442   1243   2847   6012   9703   9705
1443  15266  16515  16545  16556  16557
1444   6864  12174  12540  12541  13700  13701
1445  12530  13701  16669  16670
1446  10260  10262  10264  12530  12539  12541
1448   7893   8951  16538  16559  16560
1450  10260  10267  16495  16511  16512
1451   8950  12174  15272  16555  16556  16559
1452  16495  16538  16542  16543  16685  16686
1456   3229  10977  13100  14149  14271  14272
1458  10010  10976  10977  11000  11005  11007
1459  10466  11005  11126  11127  11206  11207
1460   2470   1436   7869   9825  11207  11208
1462   1397   3229  11007  11129  11130
1463   2471   2455  13097  14146  14149
1464   5568  10976  13097  13100
1467  10461  10462  11206  11208
1468   7870   9825  11125  11126  11129
1471   3252   1848   6012   6013  12340  12343  12346
1472   2836    570   3253   8080   8083   8086
1473   8080   8081   9703  17589  17592
1474   8086   8642   9898   9899  17586  17589  17590
1475   3252   1847  17590  17593
1476   3253   6512   8642   8645
1477   6013   9705  17586  17592  17593
1478   3264   9884   9885  12186  12188  12190
1479   2868   5999  14035  14133  14134
1480   2871   3264   3269  14128  14131  14134
1481   5993   7402   7404  14032  14035  14036
1482   5993   5996   5999  12186  12191  12193
1483   3272   7406  14036  14130  14131
1484   9879   9884  13891  13923  13924
1485   3272   3269   9879   9882   9885
1486  13023  14060  15503  15554  15555
1487  12911  13209  15554  15556
1488  12911  13023  13283  14622  14725  14726
1490  10607  13585  14722  16195  16197
1493   5092   5093  13208  15500  15555  15556
1495  10123  13584  13585  14061  14063
1496   5093  10123  10125  10605  10607
1497  13283  13589  14057  14060  14063
1500   7446  11300  11301  13055  13056
1501  10212  10685  11303  13809  13810
1502   9203   9204  10212  10215
1504   3154   1984    986  13058  13059
1506  11299  11301  13787  13808  13809
1507   3314   7314   7315  16799  16801
1508   9839  16780  17109  17305  17306
1509   7315  14207  14296  17041  17105  17106
1510   3314   5466  14204  14207
1511  10114  10115  16924  17015  17016
1512  17015  17017  17300  17303  17306
1514  10115  14294  17041  17302  17303
1515   5317   9839  16795  16796  16799
1518   5096   6545   6765  14827  14830  14831
1519   1620   3272   3339  14452  14455
1520   3339   3269   8070  10761  10762
1521   3342   3343   3344   5096   5097
1522   3344   1957   9879   9880   9883
1523   3348   3342  14830  14833
1525   8071  10760  10761  14827  14833  14834
1527   3343   3348   8070   8071   9883   9885
1528  10857  10858  14831  14834
1529   6765  10858  10859  14455  14553  14554
1530   8193   8194  10580  10581  10584
1531   6783   7290  10584  10585  17611  17614  17617
1532   6783   9051  13213  13218  13219
1533   7290   8194   9051  11058  11059
1534  10526  12884  17614  17644  17646
1535  13216  13219  17617  17647  17649
1536   2343   6229  10528  10581  10582
1539   3372   3373  12803  13913  13916
1540  13103  13104  14402  16155  16158
1541   9054   9056  14724  16155  16196  16197
1544   3381   3382   6460  10606  10607
1545   3373   3383   6460  14405  14407
1547   3382   3385  12157  13585  13587
1548   3385   3381   3383   3372   1212
1550   9755  12413  12414  12894  13222  13223
1551   7221   7223  14089  14092  14095
1553   7218  12412  12413  17510  17512
1554   1483   3019   7217   7218   7221
1555   7549  13518  13519  13806  14094  14095
1557  12894  13515  17506  17507  17510
1558   7217   7223   7549  17506  17509  17512
1560   2141   3406   3407   3408   8853   8855
1561   3408   3409  11285  11288  11291
1562  10025  10026  14591  14592  14595
1563  12582  12584  14592  14593
1564    379   3416   3406  14595  14596
1565   2145   8849   8853  12530  12583  12584
1566  10026  12535  12538  12541  12582  12583
1567   3407   3416   3409  11934  11936  11939
1568   3419   3420  10354  11216  11218
1569  10152  10526  13285  17520  17539  17540
1570   8135  11216  12843  13288  13289
1572  10152  10154  17612  17614
1574   3419   9818  14637  17612  17645  17646
1575   3420   8135  10673  14637  14640
1576  10673  12884  12886  13284  13285  13288
1579   8853  10257  12918  12921
1580   8902   8905  12581  12584  12587
1581   6710   8907  12587  13704  13705
1582   8902   8907   9403   9406  10254  10255
1583  11517  12359  16672  16673
1584   6710   6712   9403  11517  11519
1586   9406  11519  12359  12919  12922
1589    239  14465  14471  15530  15532
1590   3461   2235   8324  14165  15595  15597
1594  11477  11481  15904  15905
1595   2227   3461   4896  15900  15902  15905
1596   7509  15760  15761  15901  15902
1598   2236    237  14165  14470  14471
1601   8323  15591  15595  15759  15761
1603   2629   5643   9260  11488  11490
1604   5643   7738  16484  16485  16488
1605  12249  12754  12755  16445  16450  16451
1607   9260  13012  13013  16451  16488  16489
1608  11490  13007  13013  13812  13813
1609  12752  13009  13812  16505  16530  16531
1610   1927  10323  16505  16508
1611  11495  12217  12250  16450  16485  16486
1614   3500  12983  13658  13964  13965
1615   3500   3501   1894   6312  10159  10161
1616   2411   5341   8260   8261  16423  16437  16438
1617   8140   8141  12980  13964  13966
1618   3516   8043   8140  16426  16440  16441
1620   6309   6312   8261   8262
1622   3516    848   3501  12980  12983
1624   5336   5341  13655  13965  13966
1625   8038   8039  16436  16438  16441
1627   9992   9993  10187  11771  11772
1628   9283   9991   9992  10117  12167  12170
1629  11767  11771  12170  13025  13026
1631  10112  10115  12167  13026  13027
1632  10185  11769  13025  13027  17014  17015  17018
1633   3534   7720  16926  17018  17019
1634   2980   3534  10180  10185  10187
1636   4964   4967  11823  11825
1637  14653  14656  16759  17242  17244
1638  12149  16778  17239  17241
1639   4964  12150  12673  14656  14999  15000
1640  11871  11876  12790  12792  16772  16775  16778
1644   1353   3082  11204  12030  12031
1645  11560  11691  11694  14610  14809  14810
1646   7801  10083  12641  12642  14607  14610  14611
1647  11547  13611  13612  14611  14806  14807
1648  13536  13540  14804  14807  14810
1649   9054   9059  10580  10583  11042  11044
1650  10530  10582  10583  16151  16153  16155
1651  13287  14619  14726  17540  17541
1652   1714  10524  10530  13285  13287
1653  10152  10585  11038  11041  11044
1658   7867  12347  12348  16886  16887  16890
1659  11371  12175  12177  15893  15896  15899
1660  11162  14297  14298  15897  15899
1662  11367  12353  15787  16890  16892
1663  12176  12177  14298  14427  14428
1664  15787  15792  15793  15893  15894  15897
1665   3574    271   3575  10214  10217
1666   9259   9265  10214  11489  11490
1667   3130   3579  13573  13723  13724
1669   2622   3579   5643   7641   9488  10173  10174
1670   3574   8609   9265   9490  10176  10177
1671   3575    272  12571  13570  13724  13725
1672    273   3129  13570  13573
1673  13399  13870  13871  16495  16498
1677   3594  13329  13398  13873  13874
1679   4976  12692  13323  13326  13329
1680   3594   4976  11285  11286  11289
1682  10566  11359  11362  11365  11584  11585
1683  10569  11365  11595  17260  17262
1684   3605  10572  11216  11584  11586
1686   8691  11191  11592  13006  17371  17372  17375
1687   3611   3419  12632  15428  15430
1688   3420   3605   3611   5457   5459   5462
1689   5462  15428  17263  17267  17272  17274
1690   5457   5460  17259  17260  17263
1691   8691   9396  10357  11218  11585  11586
1693  11444  11445  16084  16173  16174
1694   3618   1989   3619   9514  14571  14574
1695   3619   1992  11991  12698  12699
1696  12698  12700  14568  14570  14571
1697   1986   3618    294   3622
1698   3622   1991   7393  16082  16172  16173
1701   2926   7306   7307   9860  13554  13556
1703   2934   3628  13660  13663  13666
1704   3628   2935   7306   7876   7878
1706   8812   8814   8817   9857   9860
1708   6955   6957   9857  13423  13554  13555
1709   1902   6957  13578  14174  14175
1711   7009   7823   8114   9229   9230
1712   3640   2251   5859   9227  11437  11439
1713   2262   6363  11624  11627  12198  12200
1714   7008   7009  11628  12198  12423  12424
1715   7823  11434  11624  11625  11628
1716   2255  11433  11439  11625  11627
1717   3649   1680   5177  12420  12421
1718   3649   1029   2261   3640   1679
1719  10950  14086  16787  16792  16794
1720  10060  11566  11567  14185  14191  14192
1721  11564  14086  14087  16104  16144  16146
1722   7602  14078  16144  16145
1723   5317   5324   7602  14185  14188  14189
1724   5324  14078  14087  16794  16799  16800
1725  14188  14191  16101  16145  16146
1727   9839   9840  14189  14192
1731   3673   3674   3675  16454  16459  16460
1732   3681   3673   5789   5794   5795
1733   3682   3683  16457  16460
1734   5386   6409   6410   6413   7110   7111
1735   3692   3693   5386   8074   8075
1736   5794   7107  15563  15570  15571
1737   3695   8074  15564  15567  15568
1738   3682   3675   6409   6412   6415
1739   3693   3699   3683   6413   6415
1740   3674   3681   3700   6410   6412
1741   3695   3699   3692  16454  16456  16457
1742   3700   5795   7105   7107   7110
1744   2003   3704  16478  17593  17651  17652
1745   1846   8794  17590  17652  17653
1747   5451   8792   8794  16548  16551  16554
1749   3252   3704   8828   8831   8834
1751   8828  16517  16519  17570  17573  17576
1754   5211   5214   7762  10767  10768
1755  10169  10483  10882  11387  11388
1756   3725   5214   9722  10483  10485
1757   7767   7977  12266  12269  12272
1758   7763   7766   7767  10768  10769
1759  12271  12272  12388  12393  12394
1760   3725  10169  10170  10767  10769
1763  10485  11382  11388  12391  12394
1766   5324   7314   8906  12585  12587
1769   3744   7315  12581  12582  12585
1770   3744   3745   3135   3314  14592  14594
1771   3745  14082  14085  16791  16794
1772   8902   8906  14074  14076  14078
1773   8689   8691   9933   9936
1775   3747  10095  10097  10612  10614
1776  14359  14362  17371  17374  17377
1777   3753   3747  13004  17375  17377
1778   3753  10091  10094  10097  14355  14361  14362
1779   1820   1411  14358  14361
1780   1163   3755   2967   9936  10612  10613
1781   3755   1177  12280  12283  12286
1783   6789   6791  11554  12640  12641
1784   5188   7250  15128  15674  15677
1785  15124  15674  17187  17220  17686  17688
1786   3764   6789  10574  17683  17685
1787   3764   1476   8764  12636  12637  12640
1788   9846  10577  17184  17220  17221
1789  11547  11552  11554  15124  15125  15128
1790   2406   7277   7281  16438  16439
1791   2421   7281   8133  10673  10676
1792   5338   5341   6227  10528  10530
1794   2414   8261  10676  12592  12885  12886
1795   7277   7279   8133  13288  13290
1798     94   1720  13284  13287  13290
1799   3775   3778  12259  12260  12263
1800   3781   3775  15932  15935  15938
1801   3778  11323  11521  11522  15936  15938
1803  11461  11462  15932  15933  15936
1804  12259  12262  12265  13086  13088
1806   3781   8387  11209  12263  12265
1807  11209  12108  12110  12922  13086  13087
1809   8387  12109  12110  15933  15935
1811   4975   4978  14362  14576  14577
1812   9550  11580  11582  14576  14578
1813   9307  11580  11581  15533  15535
1814   2179    754   9307   9549   9550
1816  15421  15445  15448  17267  17269  17271
1818  11275  14962  15421  15423
1819   4978  11274  15423  17271  17376  17377
1820   3817   6412  14833  14866  16535  16560  16561
1821   7758  10766  10768  14834  14862  14863
1823   3817   3674   8071   8072
1824   3700   3822   7767   7768  10763  10764
1825   3681   8072  10759  10761  10764
1826   3822   6410  16535  16543  16544
1827  10766  10769  16547  16557  16558
1830   1615  15805  17677  17680
1831   2083   3828   3829   3830   2925
1833   3828   5298   7471  17698  17701  17704
1835   3836   3829   5298   6789   6790
1836  13032  13190  13191  15805  15807
1837   2924   3830   3836   3764   1475
1839  13051  13189  13190  17690  17692  17694
1841   3383  16060  16212  16258  16259
1842   3842  16253  16256  16259  16466  16469
1843   3372   1210  16060  16469  16481  16482
1844   3381   9336  16212  16251  16252
1846   6490   8306  13987  15908  15910
1847   3385   8144   9335   9336  13987  13989
1848   3842   8304  15815  15909  15910
1849   6194   8146  13989  15818  15908  15909
1853  10706  12470  14551  14563  14564
1854   3862   3865  11751  11752  11755
1855   3866   3862   6668  12470  12472
1856   3865   3869   3866  11253  11256  11259
1857   6668  10706  11435  11625  11752  11753
1859   3876   3877   7823   9890  11257  11259
1860   3869   3876   9945  11755  11756
1862   3877   9945  11628  11629
1863  10275  10276  10279  17090  17093
1864   6164   8974   8975  10279  10281
1865   3881   5570  10275  10278  10281
1866   2463   3881   7510  15758  15761  15764
1867   8971  14051  15683  15763  15764
1868  14053  15683  15708  16882  16885
1871   6312   8089  11966  14798  14800
1872   1903   3500   3885   6957   8343   8344
1873   8346   8347  10164  13391  14801  14803
1874  13385  13391  13581  14173  14174
1875   3501    847   3890   3885
1876   3890    821   8342   8343   8346
1877  11474  11725  11726  12810  13115  13427  13428
1882  11205  11208  12265  12295  12296
1883   6346   7520   7523  10496  10499  10502
1884   6350   7517   7520   7872   7874
1885   7868   7874   9825  13089  13091
1886   3899   5997   5999   8007   8010
1888   3901   7143   8007  13547  13904  13905
1889   3905   2536   7096   7143   7146
1891   3906   5993   5994   5997
1892   3906   2535   3905   3901   3899
1893   5340   8217   8219  13963  13966  13969
1894  10795  10797  12982  13967  13969
1895  11979  14457  14557  14884  14886  14889
1897   7319   9926   9927  12978  12980  12982
1898   6173   7321   9927  11979  11981
1899   6173  10798  14454  14457
1900   8140   9926  11981  14888  14889
1901   3921   1351  10521  11534  11535
1902   1350   3921   3922  13843  13845
1904   3922  11530  11534  13862  13863  13866
1905   3924   6987   6989   8477   8478
1906   2844   3928   3929   8477   8479
1907   3931   3932   3928   7144   7147
1908   3933   7141   7143   7144
1909   3905   3935   3931   3933   6988   6989
1910   3198   2843   5987   8478   8479
1911   3932   3935   3924   3929
1913   5659  10727  10732  14380  14381  14384
1914   7569  11984  14370  14381  14382
1915  11050  11053  11978  11981  11984
1918  11978  11979  14370  15526  15528
1919   6173   6176  13070  15522  15523  15526
1920   3955   6233   8341  13070  13072
1921  10728  13072  14384  15523  15525
1922   9927  11053  12308  14220  14222
1923   3955   6176   7321  12305  12308
1926  10731  10732  13994  13996
1928  16029  16061  16469  17592  17654  17655
1929   3842   7957   7958   9912   9913
1930   8085   9910  17589  17655  17656
1931   8080   8082   8085  16075  16086  16087
1933   7958   9130  16078  16085  16086
1934   3966   9795   9798  14036  14039
1935   3971   3966  10647  10652  10653
1936    800   3971   9798  13761  13763  13766
1937  13765  13766  17178  17180
1940   2530   3906  12661  17174  17177  17180
1942   5997  12661  12663  14035  14038
1943  10650  10653  14032  14038  14039
1944   7415  12903  12905  15792  15794
1945   7415   8280   9250  11587  11589
1946   9245   9246   9994  11587  11588
1947  10742  11162  12167  12904  12905
1948   8280   8283  12170  12903  12904
1949   8283   9990   9992  11588  11589
1950    284   2362   3991   3253  15692  15695
1951   3991   8638   8642  10871  10876  10878
1952   3128    290  15692  15747  15748
1953   7323   7702  10795  13823  13825  13828
1954   3971   3995   3955  14709  14794  14795
1956  13453  13928  14711  14795  14796
1957   7702  12829  12831  13453  13456
1958  13456  13766  13827  13828  13927  13928
1959   3995   6176   9798  10798  10799
1960   7319   7323  12308  12829  12830
1961   1824    728   4002   8920   8921
1963   9218   9219  10568  11363  11365
1965   4002  12894  12897  17143  17146
1966  17146  17260  17261  17462  17510  17511
1968   8920   9437  12897  13514  13515
1969   2078   4013   1361   4014   3828
1970   7399   7401  13439  13707  13708
1971   4017   1367   4013  13710  15634  15637
1972    473   3146   1366   4017
1973   4014   1364   5291   5296   5298
1974  13439  15636  17698  17699  17702
1975   7038   9105  14381  14383
1976  13165  13169  14346  15773  15775
1978  14367  14370  15773  16068  16071
1979  10249  10250  15495  16124  16126
1980   7570  11984  16068  16125  16126
1981  12559  13169  13170  14367  14382  14383
1983   4028  13856  13858  15413  15422  15423
1984   3036   4030   3117   4031   4028
1985   4030  10869  13323  13324  13327
1986   4033   3747  10867  13327  13329
1987   3753   4033   4971   4976   4978
1988   4031  12635  15413  15429  15430
1990   3775   7481  13493  14587  14590
1991  11347  11764  12452  13430  13432
1992   3778   7481  11346  12455  12456
1993  12263  12295  14584  14586  14587
1999  11564  11660  14181  14184
2000  12245  12248  16447  16450
2001  14082  14083  14086  14184  16485  16487
2002   4049  16457  16475  16937  16942  16944
2003   2692   4049   3699   8232   8234
2004   3692   5755   8234   8589   8590
2006   3695   2878   5755   6739   6742
2008   2883   1225   6739   8489   8490
2009   4060   6582  14625  14629  15998  16000
2010   6583  15994  15997  16000  17615  17648  17649
2011   4060   6781   6785  13200  13219  13249  13250
2014   6781   6787  17615  17617
2015  13510  14631  15994  15995  15998
2016  13200  14629  14695  14697
2017   6582   6583   6785   6787
2018   2445   2488   8093  12591  14754  17647  17648
2021  15122  15421  15422  16021  16023
2022   4074  15428  15429  16017  16020  16023
2024   4074   5462   8495   8497
2025   8495   8496  16997  17246  17263  17264
2027   9919  12672  14656  14702  14703
2028   3628   2933   3000   4964   7005   7006
2029   6299   7306   9272   9915   9916
2030   6300   7003  11640  14699  15002  15003
2031   2931   7000   7003   7006
2033   4090   4091   7942  12750  13008  13009
2034   2232   4094   7939   7942
2035   4091  14168  15597  15620  15621
2036   4090   4094   2238  14165  14168
2037  15595  15621  15622  16501  16503  16505
2038   7939  11305  13008  13807  13809  13812
2039   3461   7667  11301  11302
2043  12780  12781  16698  16703  16704
2045  11458  12781  12782  16199  16204  16206
2046   6665  11371  11372  15072  15075
2047  12347  12349  12352  12780  12782
2048  10819  11369  11458  12352  12353
2049   6665   7214   7215   7563   7564
2050   7210   7214  16199  16201  16203
2051   7210   7215  15075  16695  16704  16705
2052   6772   9695   9701  13359  13361
2053   4112    599   2333   4113   6771   6772
2054   2012  13224  13804  13806
2055  13136  13220  13221  13224  13360  13361
2056   4119   6771  13139  13359  13360
2057   4119   4113   2334   2006
2058   9695   9699   9758  13221  13223
2059   4112    616   9699   9701
2060   7966   8795   8797  12142  12872  12873
2061  11419  11420  16548  16549  16552
2062   6949   7965  12142  12145
2063   2853   1845   8791   8794   8797
2064   6986   6989   6992   7940   7943
2065   3935   4126   7937   7942   7943
2066   7937   7939   7940  12228  17167  17169  17170
2067   4126   3931   4129   2231   4094
2068   3933   3901   4130   2230   4129
2069   4130   3899  12657  12658  12661
2070   6991   6992  17170  17179  17180
2071  13598  13601  13602  15385  15388  15391
2072   8823  14029  15385  15386  15389
2074   8318   8320  13602  13646  13647
2076   8314   8315   8318  13093  13095  13097
2077  11111  13601  13649  15096  15275  15276
2078   6665  10770  14338  14862  14864
2079   7215   7216  10766  10767  10770
2080   5214   7214   7216  13165  13168  13171
2081  14831  14863  14864  15776  15778
2083  10856  10858  10861  15772  15773  15776
2084   5211  10860  10861  13169  13171
2085   4113   4147   8194   8195   8402   8403
2086   4149   1788   6772   6773
2087   4151   1793  10510  10511  10514
2088   1783   4149   4112    600   4151
2089   1789   4147   6771   6773
2090   4153   7290   8401   8402
2091   4153   1792   9051  10514  10515
2092  15524  15525  15959  16587  16588  16591
2093  10861  14367  15516  15527  15528
2094   9722  10314  10315  12556  13170  13171
2095   4160   8542  15844  15860  15865  15866
2097   4169  14826  15838  15841  15844
2098   8387  14820  14821  15799  15840  15841
2099   4160   4169   5541  10313  10315
2101  14821  14823  15935  15957  15958
2102  14777  14779  15933  15956  15957
2103  10313  10917  14820  14823  14826
2105   1585  11799  11800  11803  13436  13439
2106  11797  11807  11808  13436  13708  13709
2108  11794  11808  11809  14039  14129  14130
2109   7899  10653  11807  11809  13121  13122
2110   6388   6390  11803  14038  14132  14133
2113   9592   9595   9598  16748  16750  16752
2114  11884  11885  16752  17018  17020
2115   4197   9592   9593  12022  12025
2116   4197  10182  10185  11883  11884
2117   9598  12022  13590  13718  14062  14063
2118  13021  13027  14060  17301  17303
2119  13718  16750  16781  17304  17306
2121   2497   4201   3829   4014   1363
2122  12075  12501  14610  14613
2123  12502  12718  14607  14613  14614
2125   3836   4201   7798  12640  12642
2127  11554  12716  14611  14614
2129    242   9020   9021   9369   9371
2130   2180    238   9307  10957  10958
2131    245   9365   9368   9371
2132    753   2506   7488   7490   9366   9368
2133   9021  10791  10960  10961
2134   9365   9366   9369   9552  10791  10792
2136  10556  10571  11583  11584  11587
2138   9634  11317  11319  13181  13184  13187
2139   2972  11319  13838  16398  16409  16410
2140   2978   3755  13835  13838
2141   4222   1461  10345  12877  13296  13297
2143   4222   1677   9634  10470  10471
2144   5795  10764  12274  12605  12606
2145   3822   7110  14900  14901  14904
2146   7105  10337  12773  14904  14905
2147  12266  12270  12624  12776  12777
2148  10888  12270  12272  12276  12606  12607
2150   7107  10337  10890  12274  12276
2152   1543   8221  13969  14117  14118
2154   2345  10581  10583  13102  13104
2158   7413  12899  12903  12907  12909  12911
2159     95   7413   8280  12840  13289  13290
2160   8283  11771  12840  17543  17544
2161   4242   7349  12775  14905  14906
2162   4247   4248   4249   4250   7348   7349
2163  10337  10340  15560  15563
2166   4257   5383   7111  14904  14906
2167   4259   4249   5383   8075   8076
2168   4247   1798  15557  15560  15561
2169   4250   4259   4257   4242
2170   4248   8076  15561  15564
2171   4017    474   4263   6846   6847
2172   4266   6845   6847   9627   9630
2173   4263    475   9630  12097  12098
2174   8235   8237   9627  12098  12099
2175   4266   7433   8236   8237
2176  10256  11126  11128  12921  13089  13090
2180   1277   5249  12111  15855  15858
2181  10253  10255  12107  12108  12111
2182  11002  11005  15855  15863  15864
2183  11205  11206  11209  15799  15802
2184   4278   4279  10098  10099  10102
2186   4278   5698   6404  10563  10564
2187   4279   1487   5698   7221   7222
2188   2301   3021   7218  10560  10561
2189   2299   6405  10559  10560  10563
2190   3348   3817   3675   4287   4288
2191   4288   3343  11183  11186
2192   3673   3264   2888   8070   8072
2193   9883   9884  11183  11946  11947
2194   4287  11186  11946  16369  16460  16474  16475
2197   2413  10676  14640  14757  14758
2198  10109  10313  10314  10484  10485
2199   4169  10105  10109  11451  11452
2200   3725   5076   7210   7213   7216
2204   5076  10105  10108  10483  10484
2205   4160  11452  12958  16260  16263  16266
2206   7923   8240   8498   8499  10560  10562
2208   5457   8241   8494   8495   8498
2211  10561  10562  17464  17511  17512
2212   4310   3929  12092  15823  15826
2213   4310   3924   7943   9573  10993  10995
2214   6423  11016  12091  15820  15826  15827
2215   4126   4090   3932  15820  15823  15824
2216  11013  11016  12339  12753  12754
2218   4091   1919  15824  15827
2220  10624  10732  10733  16100  16148  16149
2222  10730  14384  15931  15959  15960
2223  10626  11467  15931  15936  15937
2225  11462  11464  14777  14778  16147  16148
2228   2981   9929   9936  10184  10187
2229  11741  11742  13601  13604
2230   4330  12765  12769  12844  12845  12848
2231   2589   4330   2422   6670  13602  13605
2232   6666   6670  12466  12467  12470
2235   6666  10704  10706  13598  13604  13605
2237  10984  15645  16583  16586
2238   3781  14587  14696  14697  14821  14822
2239  15639  15928  15960  16586  16591  16592
2240   7481  15642  15928  15937  15938
2241   5931  12990  12992  14629  14822  14823
2243   5929   5931  10984  13200  13495  13496
2245   3991   2358   8085   8086
2246   8796   8797  11024  11025  11028
2247   2222   1618  15805  15881  15905  15906
2249   4895  17086  17093  17678  17681
2251  12899  12905  15554  15837  15897  15898
2256  11706  14293  14298  17041  17044
2258   8473   8478  14878  14967  14968
2259   3865   4351  14819  14881  14882
2260    793   4310   8473   8474   8477
2261   3866   6969  14819  14970  14971
2262   4351   3869   4352   4353   6990   6992
2263   4352  10996  11258  11259
2264   4353   7940  10992  10993  10996
2265    734   8214   8604  11097  11098
2267   4360   2661   4361  10837  10839
2268   4360   6720   8602  11096  11097
2269   6720   9075  10833  10836  10839
2270   9070   9071  10834  10836
2272    762   9070   9072   9075  11096  11098
2273    251   4361   8408   9367   9368
2275   9366   9367  10047  10049
2276   2407   7281   7283   8242   8244
2277   8238   8242   8498  12823  12824
2278   3605   2563   7283   8133   8135
2279   3611   4074  14637  14758  14759
2281   5755   8074   8076  10523  11535  11536
2282   4377   4378   4379   5383   5386
2283   4380   3693   4379   8231   8234   8237
2284   4378   4381   1377   4266   4380
2285   1376   4381   4377   4259   4382   3921
2286   4249   4382  11534  11536
2288   6448   8828   8832   9440   9442
2290   8473   8479  12340  12341  12344
2291   6448  10392  14424  14880  14968  14969
2292   3704   6013   6555   8247   8248
2294    236  10968  12783  14469  14471
2295   4129   2234    217   7144   7699   7700
2296   3928   2840  15823  15850  15851
2297   2837  10965  12783  15845  15848  15851
2298  14168  14469  14470  15824  15847  15848
2299   1034    204  14274  15098  15277  15278
2300  14994  15129  15674  15701  15702
2301   3229   9556   9557  14997  15128  15129
2302  10977  12105  14994  14997
2304   4393   4394  13536  13539  13542
2305   4397   9559  13539  13612  13613
2306   6439   6442  13239  13541  13542
2307   4394   4399   6442  14579  14581
2308   4393   4397   1415   4401   4399
2309   4401   1405  14361  14579  14580
2310  12779  12782  15846  15848
2312  10825  11458  15827  15846  15847
2314   2621   3579   3136   3745
2315   9488  14374  16488  16490
2317   8593  10064  10950  14177  14182  14184
2320   6061   8343  10088  10089
2321   6058   9855   9857   9859  10089  10090
2322   3885   6058   6061  12978  12983  12985
2323   9859  12714  12985  13967  14116  14117
2324  11567  11568  12950  12998  12999
2325   9585  12999  14933  15152  15153
2327  14631  14825  15839  15841
2329   2690   5820  10305  10308  10311
2330  10309  10311  16246  16247  16250
2331   4421   8752   9334  16250  16252
2333   6490   6495   6496  14156  14328  14329
2334   2389   4421  10305  10306  10309
2335  10899  14156  16949  16951
2336   6496   9334   9335  10899  10900
2337  10563  10565  13605  13645  13646
2338   5867   7544   8318  12826  12827
2340   2583   6670  10559  10562  10565
2341   4330   2408   8242   8243
2343  10612  12931  12932  14353  14354
2344   4197  12936  13852  14352  14353
2345   3534   2977  11884  13838  14267  14268
2346   6787   9153   9156   9159   9819   9820
2347   4153   6781   6783   9157   9159
2348   9156  10905  14253  14255
2349   8402  10584  11044  14250  14252
2350   9815   9820  17611  17612  17615
2351    735   4002  11095  11098  11101
2353  11099  11101  12897  13221  13222
2354    620   9075   9076   9699   9700
2355   9070   9073   9076   9426   9428
2357   5788   5794  12274  15396  15545  15546
2358   2867  14132  14134  15544  15546
2359   3339  11778  14129  14131
2362  11799  12608  15399  15544  15545
2363   1796   6773  13146  13355  13356  13359
2364  13142  13146  13636  14395  14397
2365   4147   4119  14260  14262  14398  14400
2368   3382   9334   9336  10123  10124
2369   3344   6457   6460  11183  16212  16215
2371   4452   2385   5091   5093   5096
2373   4453  11186  16215  16250  16251
2374   4421   2384   4452   3342   4288   4453
2375   3373   8250  16032  16060  16061
2376    241   2877   6739   9371   9477   9478
2378   4361   2669   4458   6676  15561  15568  15569
2381   4248   4458  11530  11533  11536
2382   9365   9367   9478  12212  12214
2383   4222   1678   3640  15095  15278  15279
2385  11438  11439  13604  13648  13649
2386   1671   9634  10854  10855
2388  11099  11100  13355  13358  13361
2389   8920  11100  11101  16517  16522  16524
2390   2020   6448  13224  13517  13518
2391   8485  12044  14156  14459  14461
2392  11172  12181  14462  14464
2394  15907  15910  15913  17011  17013
2395  11957  11958  17007  17008  17011
2397  11007  14997  15739  15766  15767
2398   4469  12256  13539  14805  14807
2399   1416   4397   4469  11129  11131
2401   4696  15851  16847  16852  16853
2402  12086  15826  15850  16850  16853
2403   6586  15413  15983  16022  16023
2404   4031   6581   6583   6586   9820   9821
2405   6581  15983  15999  16000
2408   9413   9414  10476  13389  13391
2409  13114  13430  13431  13660  13661  13664
2411   8044   8899   8901  16441  16442
2412   8895   8896   8899  16120  16123  16126
2413   3516   9926  11046  11051  11053
2416   1799   4247   4458   5081   5082
2417   1795   5082  13068  13146  13147
2418   7273   7349  14213  14216
2420   3922   4382   4250   7273   8775   8776
2421   5935  15394  15399  15400  16579  16581  16583
2422  11031  11037  15397  15400
2423  11033  12276  15394  15396  15397
2424   9296  10892  11383  12270  12271
2426   5934  11383  12394  12990  12991
2427   5929   5934   5935   9296  11036  11037
2428   9623   9628   9630  11516  11517  11520
2429   6841   6847  11326  11520  11521
2430   4380   7052   9623   9625   9627
2431   4378   4496   7052  16688  16689
2434   4381   1382    903   2154   4496
2435   3574   7013  16814  17079  17081
2437   8709   8782  16814  16817
2438   3622   8707   8782  10364  10366
2439    295   3575   1012   1985   3618
2441  10210  10212  10214  17076  17079  17080
2442   3744  10026  14207  14430  14431
2444  11706  11711  12171  12174  12177
2445  12585  13704  16897  17104  17106
2447   4508  11032  15397  15548  15549
2448  12491  13160  13161  15543  15546  15549
2451   1797  13163  13164  15560  15571  15572
2452   4508   1785  13158  13161  13164
2456   3966   3995  11809  13070  13071
2460   8340  11807  13071  13072
2461  10956  10957  11576  11577  11580
2466    693    102   7413   7415
2467   7277   7283  16220  16222
2468   4028   6586  10885  11386  11387
2469   4524   6785   9159   9296   9299
2470   4030   3121   9156  12621  12777  12778
2471   4524   6581   6582  11382  11383  11386
2474   4527   7323  12982  12985
2475   9415   9419   9862  12712  12714
2476   7704   9419   9777  13828  13829
2478   4527   7702   7704   9859   9862
2479   4533   1794   4360   5082   5083
2480   4149   1787   4533   6720   9700   9701
2481  14189  14460  14461  16951  17107  17109
2483   7602   8906   8907  10785  10786
2484   3682   4453   4287  10309  10310
2485   2691   3683   4049  10310  10311
2486  12997  12999  13978  15647  15649  15651
2487   9092  12046  14192  14459  14460
2488  12046  12201  12206  13374  13383  13384
2489   8485   8486  10899  13718  13721
2490   8143   8728  13986  13989  13992
2491   8728   9597  12022  12160  12161
2492   8486   9597   9598  13990  13992
2493   5070   5076  10169  13859  13861
2494  10484  11386  11388  15983  15986
2495   9511  13568  13570  14574  14672  14673
2496   9510  11445  15692  15724  15725
2497   1336   3132    382  13568  13573  13574
2498  13574  14672  16053  16055
2499   6415   7053  10305  10307  10310
2500   4379   6413   7050   7052   7053
2501   3862   5695   7222   7223  14816  14819
2502   5695   6666   6668  10564  10565
2503   2930   3830   4201   7001   7003
2507   4548  12053  13727  13728  14672  14674
2508   4552   4548  11545  12314  12315
2510   4553   3619  11545  12507  12508
2511   4552   4553  14571  14673  14674
2515   4257   4377   4496  13396  13871  13872
2516   6409   7053   7895  16535  16538
2518  13870  13872  14900  14903  14906
2520   5695   5698  11752  11754
2521   4278   2254  11627  11753  11754
2524   9403  10784  10785  11463  11464
2525  10784  10786  16143  16145  16148
2528  15913  16777  17101  17239  17240
2530   6109  13819  15911  16777  16778
2531   4573   4993   4996  15662  15663  15666
2532   4573  11956  11957  17098  17101
2533   7858  13377  13383  13819  13822
2535  10325  15857  15860  16501  16506  16508
2536   3881   7258  15857  15866  15867
2537  11452  15762  15764  15842  15844
2538   8346  12513  14936  15151  15152
2539   3890   6061  11784  12832  14223  14225
2540    115    786   8899   8900
2541  14450  14455  14457  15519  15526  15527
2544   2224   6751  13979  13982  13985
2545  13979  13980  13983  15547  15549
2546   1584  11803  15543  15544  15547
2549  13159  13161  13983  13985
2550   4130   2229   8003   8005   8007
2551   2932   7004   7006  11350  12451  12452
2552   4013   1362  11349  12454  12455
2553   4584   6442   9554  10792  10793
2554   4584  11683  11696  13540  13542
2555   9481  10791  10793  11676  11681  11683
2556   9369   9475   9478   9481
2557   7083   7257  15853  15855  15857
2560  11340  15400  15547  15548  17690  17695  17697
2561   4151   4508   1784  13192  13983  13984
2562  10514  11035  11037  11336  11337  11340
2564   3649   7960   7961  12138  12140  12142
2565   5180   6931   8925  12419  12420
2567  14095  14816  14844  14882  15041  15042
2568  11545  11680  11696  14808  14810
2569   4553  11676  11680  12694  12695  12698
2570  12496  12508  12509  14613  14808  14809
2571   4596   9270   9916  11635  11637
2572   8460   9919   9920  12199  12200
2573   1470   4596   4279  11751  11754  11757
2574  11631  11632  11635  11756  11757
2575  11629  11632  11634  12198  12199
2576    511   8493   9019   9021   9480   9481
2577  12315  12316  14804  14805  14808
2578   4527   6058  12828  12829  12832
2580   7835  12339  16448  16451
2583   9265  10996  10997  17078  17079  17082
2584   4353  17082  17170  17173
2585  10109  14825  14826  15986  15998  15999
2587   8486  12044  12046  16750  16753
2589  10770  15075  15271  16556  16558
2592   4596   1463   9415   9418   9421
2593   4351   9421   9774   9777  11755  11757
2594   4263  10628  11467  11520  11522
2595  10624  10625  10784  12182  12184
2596   8929  16758  17121  17242  17243
2598  16935  17011  17012  17101  17118  17119
2599  10591  12385  17117  17118  17121
2600   7958  10593  12385  16932  16935
2603  13712  15637  15641  15928  15931
2605  13436  15636  15644  16579  16584  16586
2606  12352  15845  15846  16853  16890  16891
2607  13256  13258  15784  15787
2608   8682   8683  16752  16755
2609   7723  11318  11319  16923  16926
2610   8721   9150   9152  13819  13991  13992
2611   8721   8726   8728  11240  12683  12684
2614  13019  13932  13961  17118  17120
2615   4573    962  13453  13958  13959
2617   9945  11632  13960  13961  16816  16819
2618   4352   3876  16816  17082  17084
2619   9419   9421  10224  11635  11636
2620  15556  15830  15837  15991  15993
2621   4452  14390  14830  14866  14867
2623   6765  14851  15776  15974  15977
2624   9855   9860   9862  10221  10224
2626   7186  12937  14348  14350  14353
2627   3416   4616   4617  16006  16009
2628    380  13574  13727  14595  14597
2629   3406   4619   4616   8520   8521
2630   4620  14674  16006  16054  16055
2631   4620   4617   4619   1280   4548
2632    887      5   6386  13395  13874  13875
2633   3594   4033   6351   7520  10096  10097
2634  10863  10865  13327  13873  13875
2635   9076  10835  10836  13194  13984  13985
2636   4533   1786  10839  13162  13164
2637   4623   4552   4620  11680  11683
2638   4617   4624   4394   4584   4623
2639   1291   4469   4393   4624   4619
2640  12199  12422  12423  17121  17123
2641   3877   7007   7009  16812  16814  16816
2644   9490   9892  10997  11257  11258
2645   3408   4626   4401   2137   7873   7874
2646   2069   4626   3409  14575  14576  14579
2649   4524   4060   5931   5934
2651   4626   4399   4624   4616   3407
2652   4242   7273   7276  13869  13872  13875
2653  14388  14867  16559  16561
2654   4623  10793  10960  16006  16015  16016
2656   5935  10984  11340  11342
2660  10745  10940  11532  13866  13868
2664  11093  14773  14785  16849  16852
2667  12044  13384  13822  13990  13991
2672  12201  12438  12953  12997  12998
2674   8108   8109   8605   8608   8611
2683  10461  13506  13509  15802  15839  15840
2684   8782  10587  10589  12385  13018  13019
2686   4889  15902  17093  17114  17115
2689   9341   9725  16921  16924
2694   7000   7005  14998  14999  15002
2695   4971  11274  12692  13856  13857
2697   8816   8818  12146  12152  12153
2704   8569  10415  10422  11718  11720
2707   5155   7192  11038  11039  11042
2708  13021  13025  13280  13283
2709   6362  12200  12418  12420  12423
2710   7250   8765  11552  12637  12638
2712   5200  13046  13049  13052
2713   5211   9722  12388  12390  12391
2714   9348  10403  11416  12291  12292
2716   8791   8796   9908  17650  17653  17656
2717  12111  12646  14517  14780  14781
2718  11336  11342  12852  13494  13496
2719  16371  16474  16942  17022  17023
2720   6496   8485  13986  13987  13990
2722   5291   7466   7468   7471
2724  10524  10528  12595  12884  12885
2725   5317   7314  17103  17106  17109
2726  14861  14862  16555  16558  16561
2727   5336   8141  16420  16423  16426
2732   7105   7111   8075  15557  15563  15564
2733  11638  11642  14698  14699  14702
2737   7960   7965  12880  13295  13296
2740  13997  13999  14191  14462  14463
2743  11498  12216  12217  16508  16529  16530
2744  10315  10917  11332  15956  15958
2747   5564  10281  10976  12105  12106
2748   8245   8246  13919  13922  13925
2751   9893   9894  11426  11427  11430
2755   9259   9260   9483   9488   9490
2757  13993  13994  13997  16097  16100  16101
2761   7217   7222  10559  10561  10564
2763   8923   8929  12418  12419  12422
2765  14780  14782  15853  15858  15860
2767   8774  12679  12680  13630  13631  13634
2768  10587  10593  16078  16169  16170
2770   8108   8110   9224   9227   9230
2771   7544  13095  15696  15697  15700
2772  10275  12106  14994  15739  15741
2775   9406  11462  11463  12108  12109
2777  12493  15566  15569  15572
2778   5929  12990  16583  16592  16593
2779   7549  14816  14971  14972
2780   9341   9349  10403  11570  11571
2782  12107  12110  15799  15858  15862  15863
2785  10089  12832  15662  15665  15668
2786   6062  10249  12245  12246  12249
2789  10112  10114  10117  11570  11572
2791   6109   9152  12786  12787  12790
2793  12657  12659  17169  17176  17177
2794   7704  10224  13456  13957  13958
2796  10711  10717  11612  12787  12788
2797  10279  12106  15696  15699  15702
2798   7319   7321  10794  10795  10798
2800  15064  15065  15943  15945
2802   6269   8790   9422   9424   9427
2804  14515  16103  16147  16149
2805   6296   9272  11638  11640  11643
2806  10158  10159  14797  14800  14803
2807   8340  10728  10730  13706  13709  13712
2809  11016  12330  15458  15461  15464
2811   9548   9554  14575  14578  14581
2812   9436   9442  13513  13514  13517
2813  10606  14401  14407  16158  16195  16196
2814  14327  14328  14458  14461  14464
2816  10927  10930  12204  12438  12511  12512
2817   6490   9335  16246  16249  16252
2822   6710  10785  11851  12182  12183
2823   9695   9700  11095  11096  11099
2825   8487   8489   9475   9477   9480
2826  10833  10835  13158  13159  13162
2827  11042  13082  14250  14398  14399
2828  11934  11938  12535  12536  12539
2830  13095  13644  13647  15096  15099
2831   9914   9920  11631  11634  11637
2835  10422  12600  13949  13950  13953
2836  10251  11154  12246  12247
2838   7050   7895  16683  16685  16688
2839  14573  15719  15725  16050  16052
2841   7257   8467  16506  16526  16527
2845   7141   7699  13547  16034  16039  16041
2850   8775  13634  14216  14395  14396
2851   8598   8600  11095  11097  11100
2852  10170  13861  16513  16545  16547
2853   9125   9126  16081  16082  16085
2854   8231   8236   8584   8586   8589
2855  10679  10680  11299  11300  11303
2856  12393  12604  12607  16581  16589  16590
2857  10105  15123  15986  16021  16022
2858   7517  10091  10093  10096
2859  10252  10255  12915  12921  12922
2860   9415   9777  14841  15042  15043
2861  10786  12178  12182  14188  14463  14464
2863   8849   8905  10252  10254  10257
2864  11352  11354  16525  16526  16529
2865   8605   8607  10172  10173  10176
2866   9153   9299  10892  12776  12778
2868  11569  11570  11573  16919  16924  16926
2870  11495  12644  14079  14083  14084
2871  11854  11858  12636  12639  12642
2872   8663  10043  10045  10048
2874   9224   9229  11433  11434  11437
2875   9576  10995  12339  13011  13012
2877   7917   8494   8496   8499
2879   7937  10993  13007  13008  13011
2880   9259  10992  10997  13011  13013
2881   8003  12034  13903  13904  13907
2882  10552  10554  10566  10568  10571
2887  13721  16949  17107  17304  17305
2888  11583  11586  11589  12840  12843
2891   9778   9780  12178  12181  12184
2892   8683  11885  14263  14264  14267
2893  10477  12808  12810  13385  13386  13389
2894  10622  10624  11461  11464  11467
2895   9914   9916   9919  11642  11643
2896  10325  12216  14514  14781  14782
2901   8638   9893   9895   9898
2902  10679  10681  12227  12659  12660
2903   8657   9960  11419  11422  11425
2904   8721   9592   9594   9597
2907  10124  10900  13721  14061  14062
2908  10478  13389  14029  14801  14802
2911   9139   9141  11359  11360  11363
2913  11253  11257  14548  14564  14565
2915  10510  10515  11054  11056  11059
2916   9054  13104  14257  14259
2918  11331  14380  14383  15955  15956  15959
2921  11336  12756  12763  17694  17697
2926   9283  11569  11572  11575
2927  10888  10892  11031  11033  11036
2928   9548   9550  10792  10955  10957  10960
2929  11576  11581  16697  16700  16701
2930  12105  13093  13100  15700  15702
2931   9996  11583  11585  11588
2932  11461  11463  11516  11519  11522
2933  10314  10917  12391  12991  12992
2934  11876  12599  13179  13950  13951
2935   9483  10172  10174  10177
2937   9507  11445  14568  14573  14574
2938  11366  11371  12347  12350  12353
2939   9585  11786  13978  14223  14224
2940  10992  10995  11253  11255  11258
2941  11978  14889  16068  16118  16119
2942   9623  12093  12095  12098
2943  10470  10854  11111  11113  11737  11739  11742
2944  10524  10526  10580  10582  10585
2945  10573  17221  17682  17683  17686
2947  13220  13223  13800  13803  13806
2948  11691  11692  13242  13540  13541
2949  13823  13826  13829  15037  15040  15043
2950  10794  10799  13763  13824  13825
2951  11205  11207  13085  13086  13089
2952   9846  10098  10100  10103
2953   9855  12714  13550  13551  13554
2954  12070  12073  12496  12498  12501
2955   9929  10613  13849  14352  14354
2956  11624  11629  11751  11753  11756
2957  10466  15802  15862  15864
2960  10057  10950  11562  11564  11567
2961  11957  13378  13379  13822  15911  15913
2962  11555  11560  12070  12072  12075
2963  10751  11530  11532  11535
2965  10180  11767  11769  11772
2966  10210  11489  13807  13810  13813
2967  11631  11636  13956  13957  13960
2968  11714  11720  12026  12029  12032
2970  10260  11285  11287  11290
2972  10888  10890  12772  12773  12776
2973  12280  12282  13291  13294  13297
2974  11218  12843  17519  17542  17543
2975  11973  14424  14843  15038  15039
2976  11569  11571  12287  12288  12291
2977  10408  11318  16404  16407  16410
2978  10415  10939  13862  13865  13868
2979  15060  15061  15064  16042  16043  16046
2981  10647  13122  17234  17257  17258
2982  11419  11421  11714  11716  11719
2983  12886  14640  17644  17645
2984  11661  11666  17236  17253  17254
2985  10704  11433  11435  11438
2986  10711  10927  10929  10932
2987  10736  11162  15788  15789  15792
2988  10745  12208  12210  12213
2990  12259  12295  12809  13427  13429
2991  11426  11431  14772  14788  14789
2992  10871  11024  11026  11029
2993  11382  11387  12266  12268  12271
2994  11038  11040  14249  14250  14253
2995  12992  15955  15958  16591  16593
2996  11509  11511  12779  12780  12783
2997  11000  11125  11127  11130
2998  12086  12091  12324  12327  12330
2999  11046  11785  14219  14220  14223
3000  12413  16990  17146  17249  17250
3002  12340  12342  14768  14773  14775
3004  13378  13381  13384  14458  14459  14462
3005  12245  12247  12250  14511  14514  14515
3006  11946  16110  16215  16257  16258
3007  11359  11361  11590  11592  11595
3008  11854  11859  12026  12028  12031
3009  12107  12109  14776  14777  14780
3010  13014  13926  13932  14705  14708  14711
3011  11237  12678  12680  12683
3012  14614  14805  14806  15732  15769  15770
3014  11516  11521  12354  12356  12359
3015  11343  12450  12452  12455
3017  12287  12292  13181  13182  13185
3018  11468  11721  11723  11726
3019  12217  12644  14514  14517
3021  12310  12315  12503  12505  12508
3022  11547  12636  12638  12641
3023  12035  13907  16034  16036  16038
3024  11822  11827  12786  12788  12791
3025  12844  15372  16166  16240  16241
3026  12324  12326  13256  15459  15461
3027  11676  11691  11693  11696
3028  11706  15537  15834  15898  15899
3029  12779  12781  14465  14466  14469
3030  11758  12808  13426  13427  13430
3031  11799  11801  14128  14129  14132
3032  11808  13071  15520  15523  15524
3034  12466  12765  12770  14545  14550  14551
3035  12178  12183  14323  14324  14327
3037  11871  12597  12599  12602
3038  12171  12176  12535  12537  12540
3040  12604  12606  15396  15399
3041  13385  13387  14797  14798  14801
3042  11985  12694  12696  12699
3044  12155  12161  13584  13587  13590
3045  12567  12569  13722  13725  13728
3047  13245  13246  13249  13494  13495
3048  12138  12867  12869  12872
3049  12146  12673  17238  17241  17244
3050  12899  12904  13021  13023  13026
3051  12186  16274  16366  16367
3053  12828  12830  14219  14222  14225
3054  12749  12754  13007  13009  13012
3056  13014  13019  16935  17004  17005
3057  12388  12991  16587  16590  16593
3058  13551  13552  14112  14113  14116
3059  12512  12997  15151  15153
3062  12487  13158  13160  13163
3063  14074  14079  14511  14517  16143  16144  16147
3064  12581  12583  13699  13701  13704
3066  12553  13165  13167  13170
3067  12588  12885  17643  17644  17647
3068  12772  12777  14900  14902  14905
3069  13005  15430  17274  17375  17376
3070  13855  13857  16509  16510  16513
3071  12802  13103  13916  14257  14258
3073  13323  13325  13869  13870  13873
3074  12756  13046  13048  13051
3075  13284  13289  17538  17540  17543
3077  13181  13183  13291  13293  13296
3078  13220  13222  13513  13515  13518
3079  12907  13209  15987  15990  15993
3080  12915  13085  13087  13090
3082  12947  12998  15147  15150  15153
3083  12978  13963  13964  13967
3084  13188  13190  13979  13981  13984
3085  13506  14625  14631  14691  14694  14697
3086  13142  13147  13862  13864  13867
3087  13630  13632  14394  14395  14398
3088  13093  14149  15099  15274  15275
3089  13108  13426  13428  13431
3090  13800  13802  14089  14091  14094
3091  13355  13360  17570  17571  17574
3092  15459  15988  16114  16121  16122
3093  13839  13841  13949  13951  13954
3094  13490  13495  14590  14695  14696
3095  13213  13245  13247  13250
3097  13536  13541  13607  13609  13612
3099  13584  13589  14721  14722  14725
3102  13903  13905  16036  16039
3104  13378  13383  15647  15652  15654
3105  13392  13869  13871  13874
3107  13417  13550  13552  13555
3108  13706  13708  15630  15636  15637
3109  13926  13928  13956  13958  13961
3115  13568  13722  13724  13727
3116  13660  13662  14169  14171  14174
3117  13598  13644  13646  13649
3118  13761  13823  13824  13827
3119  13963  13965  14112  14114  14117
3122  14057  14062  17300  17301  17304
3124  13807  13808  16525  16528  16531
3127  13986  13991  15907  15908  15911
3128  14263  14268  16395  16398  16399
3129  13846  14348  14349  14352
3131  13885  13919  13921  13924
3132  15683  15686  16017  16018  16021
3133  14256  14258  14286  14288  14291
3135  13993  13998  14219  14221  14224
3137  14226  14228  14797  14799  14802
3138  14032  14128  14130  14133
3141  14074  14082  14084  14087
3144  14270  14272  15273  15274  15277
3145  14323  14328  16945  16948  16951
3146  14465  14470  15591  15594  15597
3147  14177  14375  16484  16487  16490
3148  14185  14458  14460  14463
3149  14293  14296  14426  14428  14431
3150  14249  14254  14394  14396  14399
3152  14277  14401  14403  14406
3154  14861  14864  14867  15539  15830  15832  15834
3155  15494  15775  16071  16124  16125
3156  14355  14575  14577  14580
3157  14380  14382  15522  15525  15528
3159  14877  14880  15037  15038  15041
3161  14450  14552  14554  14557
3164  14511  14776  14778  14781
3166  14545  14559  14561  14564
3167  14568  14673  16049  16052  16055
3168  14584  14691  14693  14696
3169  14705  14790  14792  14795
3170  14607  14804  14806  14809
3171  14721  14726  16191  16194  16197
3172  14625  14820  14822  14825
3173  14753  14758  17643  17645  17648
3174  14698  14703  14998  15000  15003
3180  14768  14783  14785  14788
3181  14877  14882  14966  14968  14971
3182  14827  14861  14863  14866
3183  14838  15037  15039  15042
3184  14884  14887  15974  16117  16119
3188  15147  15152  16239  16242  16245
3190  15060  15065  15719  15720  15723
3191  15122  15448  15686  15707  15708
3193  15124  15129  15735  15736  15739
3197  15266  15271  16699  16702  16705
3199  15092  15273  15275  15278
3215  15385  15390  16239  16240  16243
3216  15394  15543  15545  15548
3217  15422  15429  17271  17274
3218  15458  15496  16120  16121  16124
3219  15529  15534  15703  15704  15707
3223  15538  15555  15834  15837
3224  15513  15522  15524  15527
3225  15557  15566  15568  15571
3226  15591  15621  16260  16261  16264
3230  15630  15639  15641  15644
3231  15647  15662  15664  15667
3232  15696  15701  17181  17187  17188
3233  15703  15708  15758  15760  15763
3234  15719  15724  15742  15744  15747
3235  15772  15977  16071  16117  16118
3236  15735  15737  15765  15767  15770
3237  15881  17111  17112  17675  17680  17681
3238  15788  15793  16886  16889  16892
3239  15838  15840  15861  15862  15865
3240  15907  15909  16772  16774  16777
3241  15820  15845  15847  15850
3242  15830  15893  15895  15898
3243  15853  15861  15863  15866
3244  15900  15906  17110  17111  17114
3246  15939  15941  16010  16011  16014
3247  15932  15937  15955  15957  15960
3249  15987  15992  16113  16114  16117
3250  15994  15999  16017  16019  16022
3251  16010  16015  16049  16051  16054
3252  16061  16112  16257  16259
3253  16034  16042  16044  16047
3254  16113  16118  16120  16122  16125
3255  16081  16086  16168  16170  16173
3256  16111  16253  16257  17021  17022  17025
3257  16097  16143  16146  16149
3259  16151  16191  16193  16196
3260  16184  16186  16239  16241  16244
3261  16216  16232  16235  16238
3262  16199  16260  16262  16265
3263  16246  16251  16253  16255  16258
3265  16365  16367  16470  16471  16474
3273  16395  16404  16406  16409
3274  16420  16436  16437  16440
3276  16445  16484  16486  16489
3277  16454  16470  16472  16475
3278  16477  16482  17650  17651  17654
3279  16509  16511  16541  16542  16545
3280  16501  16525  16527  16530
3281  16517  16548  16550  16553
3282  16541  16543  16555  16557  16560
3284  16579  16587  16589  16592
3288  16667  16683  16684  16687
3291  16692  16699  16701  16704
3292  16772  16773  17238  17239  17242
3295  16748  16781  17014  17017  17020
3297  16787  16795  16797  16800
3298  16804  17000  17003  17006
3299  16812  17078  17081  17084
3302  16847  16886  16888  16891
3304  16993  16999  17110  17113  17116
3305  16945  16947  17103  17104  17107
3307  16919  17014  17016  17019
3308  17000  17005  17007  17009  17012
3309  16937  17021  17023  17026
3312  16993  16995  17245  17246  17249
3314  17103  17105  17300  17302  17305
3316  17078  17080  17167  17172  17173
3317  17086  17110  17112  17115
3318  17117  17119  17238  17240  17243
3320  17245  17250  17259  17261  17264
3322  17167  17174  17176  17179
3323  17181  17215  17217  17220
3326  17231  17252  17254  17257
3327  17267  17371  17373  17376
3336  17458  17506  17508  17511
3342  17513  17538  17539  17542
3345  17561  17570  17572  17575
3347  17586  17650  17652  17655
3348  17611  17643  17646  17649
3349  17675  17682  17684  17687
3350  17690  17698  17700  17703
cells 343
0      1      2      3      5      6      7      8      9     11     12     13     14     16   3024
1     17     18     19     20     21     22     23     24     26     27     29   2704   2835   2968   3008   3174
2     30     33     34     36     37     38     40     41     43     44   3026   3092   3261   3274
3     48     49     50     52     53     54     55     56     58     60   2793   2902   2981   3326
4     63     65     68     69     72     73     74     21     78     79     80     81   2710   3048
5     83     84     85     86     87     88     89     90     91     92     93     94     95     96     97   2826   3062
6     98     99    100    101    103    104    106    108    109    110    111    112    114    115   2674
7    116    117    118    119    121    122    124    125    126    128   2828   3038   3197
8    133    134    135    136    138    141    116    144    145    146    147    148   3246   3251
9    150    152    153    154    155    156    157    158    160    161    163   2950   3161
10      5    164    165    166    168    169    172    173    175   2767   2835   2934   3011   3093
11    176    177    178    179    180    181    183    184    185    186    187    188    189   2807
12    141    192    193    194    195    196    197    198   2800   2839   2979   3190
13    203    204    205    206    207    208    209    210    211    215   2965   3044   3099   3342
14    218    219    220    221    222    224    225    226    227    134    229   2664   3190   3234
15    233    234    236    237    238    239    240    241    243    244    248   2712   2802
16    253    255    256    258    260    261    262    263    264    265    266   3147   3276
17    267    268     43    269    271    272    224    273    274    275    277    280   3238   3302
18    283    284    285    286    287    289    290    291    292    293    294    295   3320
19    302    303    304    305    306    253    307    309    277    310    311     41    312   2998   3034
20    313    314    315     56    318    319    320    321    322    323   3010   3299   3316   3322
21    324    325    327    328    265    331    332    334    335    336    337   3025
22    340    341    342    343    344    345    180    346    347    348    349    351   2891   3035
23    353    354    355    356    357    358     12    359    363    364    365    366    368   3089
24    369    370    371    189    375    348    377    382    383    384    385    386    389   3053   3135
25    391    392    393    394    397    398    399    400    401    403   2864   2966   3124
26     29    404    405    406    408    409     74    411    412    414    415    416   2733   2952
27    419    195    420    421    422    423    424    425    426    427    428   2853   3042   3309
28    429    430    431    432    428    433    435    436    437    438    440    441    442    347   2854
29    445    446    447    448    449    451    453    454    455    456     16   2796   2892   2986
30    458    459    460    168    461    462    463    464    465    466     23    467   3037
31    448    470    471    472    475    476    477    478    480   2858   3018   3128
32    482    483    489    490    165    492    493    460    494    495    205    496    497   3133
33    498    500    501    502    503    505    506    507    198    423    510   2719   3102   3265
34    494      2    511    513    514    206    517    518   2707   2767   2827   2850   2994   3087   3150
35    520    521    522    523    524    525    526    528    529    397    530    532   2997
36    535    536    537    538    539    540    541    542    543    544    546   2816   2986
37    547    549    550    551    136    226    554    555    556    557    558   2780   2789   3149
38    559    560    561    562    563    564    566    568    569    570    435    355    571    572    573   2962
39    574    575    576    577    578    580    581     79    583    584    476    585    586    587
40    589    472    590    591    454    592    593    595    596   2672   2816   3059   3082
41    574    598    599    600    589    478    601    602    604    605    606    608    609   3144   3273
42    415    610    611    244    612    613    614    615    617    618    619    620    621    622   2805
43    623    624    625    627    628    629    630    631    633    634    635    636    595   3295   3307
44    637    638    639    640    642    643    644    150    645    647   2748   2975   3131   3152
45    648    649     68    651    652    653    654    655    659    660   2903   2968   2982
46    663    664    665    666    667    668     55    671    672    673    674    676    677
47    679    680    681    682    684    685    686    687    689    690    692    693   2856
48    696    697    698    699    700    701    702    703    100    704    708    709   2992
49    711     34    712    713    715    716    717    718    719    720   2727   3079   3184   3249
50    721    723    624    725    726    727    728    729    730    696   2674   2770   2865
51    731    732    733    735    736    737    738    739    740    742    743    744   3047   3094   3168
52    747    748    749    750    751    752    753    754    755    756    757    758    759   2866   2927   2972   3150
53    649    760     65    761    583    762    763    764    765    766    767    768    283    772   2911   2973   3007
54    773    774    775    776    777    779    780    781    782    783    784    765   2751
55    786    787    788    789    790    791    792    743    794    795    796    797   3095
56    800    802    803    804    805    807    808    809    810    811    813    814    815
57    816    817    818    819    820    823    716    824    825    153   2813   3152   3259
58    829    830    320     53    831    832    391    834    835    836    438    837   2984
59    466    838    840    841    842    843    844    845    846    847    848    639   3071   3133
60    852    853    854    855    857    858     19    859    860    861    862    462   2716   3278
61    865    866    867    868    869    870    871    872    873    118   2695   2929   3070
62    878    879    880    881    882    883    733    884    885    887    888   2718   2921   3230
63    803    890    891    893    894    895    897    898   2786   2836   2896   3005   3164
64    899    900    901    902    903    904    354    906    908    909    910    911    912   3080   3288
65    913    914    916    917    918    919     86    920    921    922    291    923   3219   3244   3304   3312
66    925    926    927    929    931    932    933    934    935    936    937    938   2877
67    671    940    941    942    943    944    945    946    947     87    948   2855   2902
68    949    950    951    411    952    953    954    956    957    958    959   2771   2830   3232
69    960    964    599    965    729    966    634    968    596    969    970   2943   2977
70    971    972    974    976    977    978    951    979    935    980   3304   3317
71    982    983    262    984    332    985    986    987    989    990    991   2757   2836   2939   2999   3135
72    994    995    234    996    997    998    999   1000   1001    620    642    842   1004   1005    789   3058   3090
73   1006    703   1008   1009   1010    104   1011   1013   1014   1015    861   2763   2768
74   1016   1017   1018   1019   1020   1021   1022   1024   1025   1027   2887   2907   3122   3305   3314
75   1029    328   1030   1031   1032   1033   1034   1035   1036   1037    938   1038   1039   2806   3137
76   1041   1042   1043   1044    808   1045   1046   1048   3092   3155   3218   3235   3249   3254
77   1050   1051   1052   1053   1054   1056   1057   1058   1033    937   1059   1060   2683   2957   3239
78   1061   1051   1062   1066   1067   1068    606   1070    736   1071   2893   2908   3041   3137
79   1073     22   1074    560   1075   1076   1077   1078      7   1079   1080    368   2694   3093
80    648   1081   1082    760   1083   1085   1086   1087    286   1088   2811   2872   3156
81    640   1089    158   1090   1091   1093   1094   1095   1096   1097   1099   1101   2949   3118   3159
82    273   1105    547    218   1106   1108   1109   1110   1111   2751   2901   2926   2976   2991   3180
83   1112   1113   1114   1116   1117    302   1120   1121   1122    268   1124   1125   2882   3261
84   1126     84   1127   1128   1129   1130    125   1132   1133   1135    192   1137   3246
85   1140   1142   1143   1144   1145   1146   1147    523   1150   1151    399   1152   1154   2863   2870   3045
86    660   1156   1157   1158   1160   1161   1162   1163   1164   2660   2872   2988
87   1166   1168   1170    612    792    998    882    243   1172   1174    744   1175   2915   3107
88    429    340   1177   1178    426   1179   1180   1181   1183   1185   1190   1192   3298   3308
89    319   1193   1195    179   1196    442   1197    385    345   1201   2984   3298   3326
90   1202   1203    263   1204   1205   1206   1207   1208    723    969   2874   2935   2985
91   1212   1213   1215    668   1216   1217   1219   1220   1221   1222   1223   2722   3349
92    169   1156    659   1226   1228   1231    458   1232   1233   1234   2704   2978   3086
93   1235    394   1236   1237   1213   1238   1239   1240   1241   1242   1246    530   2841   3236
94   1249   1250   1132   1251   1252    507   1253    220   1254   1256   1257   1258   2845   2979   3253
95   1259   1260   1108   1261   1262    779    772   1263    708   1265   2737   3017   3077
96   1267   1268   1269   1270   1271   1272   1273   1275   1276   1278    506     92   2777   2881
97   1281   1282   1283   1284   1285   1286    873   1287   1288   1289   1293   3191   3219   3233
98   1294    613   1170   1295   1296   1297   1298    881   1299   1300    732   2712   3074
99    271   1302   1303   1304   1305   1306    783   1311    311   1312   1116   1313   1314   2812   2991
100   1318   1319   1320   1321    763   1261   1324   1325   1326   1330   1111   1331   1332
101   1333   1334   1335   1336   1337   1338    536   1339   1340   2697   2791   2796   3024
102   1341   1343   1344   1345   1346    622    916   1347    972   1350   2802   2945   3237   3349
103   1352   1353   1354   1355   1356   1357   1358   1359   1362   2852   3070   3279
104   1363   1364   1365   1366   1367   1368   1369   1370   2697   2831   2967   3049   3318
105   1371    425    432   1372    566   1373   1374   1375    652   1376   1380   1381   2825   2988
106   1382   1383    204   1385   1386   1387   1388   1389   1390   1391   1392    518   1393   2955   3129
107   1397    551   1398   1399    101   1400    629   1401   1403   1404    726   1406    698   3297
108    185   1409   1196   1410   1411     54   1412   1222   1413    667   1415    829    433    572   1418   2954
109   1419   1420   1421   1422   1425   1426   1428   1429    344   1432   1027   2838   3288
110   1433   1434   1435   1436   1437   1438   1439   1440    505   1095   1257   1441   1442   2748
111    117    872   1443   1444   1445   1446   1448   1450   1420    901   1451   1452   1016   3279   3282
112    576   1456    605   1458   1459   1460   1462   1463   1464   1053   1061   1467   1468   2997
113    221   1109   1442   1253   1471    503   1472   1473   1474   1475    774   1476   1304   1477   3002
114   1478   1441   1269   1479   1480   1481   1091    160   1482   1483   1484   1485   3131   3138
115   1486   1487   1488    712   1490   1493    820   1495   1496   1025   1497   3099   3171
116    666   1500   1216   1501   1236   1502   1504    392   1506    834   1415     52   2855
117   1507   1508   1509   1510   1511   1512   1514   1515    554   1406    631   2689   2725   3314
118   1518    817   1519    682   1520   1521   1522   1523   1525   1527   1528    161   1485   1529
119   1530    999   1531   1532   1533   1534   1535   1536   1168    790   2724   2944   3067   3348
120    490   1539   1540   1541    209    647   1490   1544   1545   1547   1548   2813   2916   3071
121   1550    248   1551   1314   1553   1554   1555   1557   1343   1558    617   2947   3078   3090
122   1560    904   1561   1562   1563   1564   1144   1565   1446   1566    871   1567    148   2828   2970
123   1568   1569   1570   1572   1534   1574   1386   1575   1576   2974   2983   3075   3342
124   1445   1421   1579   1565   1580    912   1581   1582   1583   1584   1586   2859   2863   3064
125   1589    914     90   1246   1285   1590    945   1594   1595   1596   1598   1601   3146
126   1603   1604   1605   1142    398   1607    804    898   1608   1609   1610   1611   2743   3054   3276
127   1614    791   1615   1616   1617   1618   1620   1031   1622    335   1624   1625   2727   3274
128   1627   1326   1628   1629   1631   1511   1632   1633   1634   2789   2868   2926   2965   3307
129      8   1636   1637   1638   1639   1333   1640   1074    858     26   2934   3037   3049   3292
130   1644    561   1077   1373   1645     81    651   1646   1647   1648   2871   2948   3008   3022   3097   3170
131    492   1649   1650   1541    715   1651   1652   1569   1653    211   1388   2707   2944   3171   3259
132   1658    225   1046    126   1659    133   1660   1662    555   1663   1664   2938   2987   3238
133   1665   1666   1667   1151   1398   1669    103    401   1670   1671   1603   1672   2755   2865   2935
134   1673   1358   1677   1450    867   1679    899   1680   2970   3073   3105
135   1682   1683   1324   1684   1122   1686   1687   1688   1568   1391   1689   1690    289   1691   3007   3069   3327
136   1693    194   1694    420    437   1695    837    115   1696   1697   1698   2937
137   1365   1701    544   1339    740   1703   1704   1174   1299   1706   1708   1709    796   3116
138    700   1711   1712   1713    408    957   1714   1715   1716   1717   1015   1718     99   2709   2770   2874
139   1515    630   1719   1720   1721   1722   1723   1724   1725    990   1727   2960   3297
140   1731   1732   1271   1733   1734   1735   1736   1737   1738   1739   1740   1741   1742   2732   3225
141    860   1744   1475   1745    775   1747    464    845   1749   1233   1751   3281   3345
142   1754   1755   1359   1756    692   1757   1758   1759   1760   1763   2713   2993
143   1766   1724   1580   1563   1146   1769   1770   1507   1771   1403   1772   3141
144   1773   1318    581   1382   1775    480   1776   1777   1778   1779    764   1088   1780    287   1781   1686
145   1783    416   1784   1785   1223   1786   1787    621   1788    950   1789   2710   2945   3022
146   1790   1791     38   1792   1652   1576   1616    787   1794   1035   1795    719   1798   2724
147   1799   1800   1801   1803    363   1804   1806   1807   1809   1586    906   2775   2932   3014
148   1811   1812    868   1813   1288   1087   1814    292    922   1816   1776   1818   1819   3327
149   1525   1820   1821   1740   1823   1824   1825   1826   1827   1758    687   1357   2726   3182   3282
150    240    674   1830   1221   1831    880   1294   1833   1835   1836   1346    615   1837   1786   1839   3350
151   1841   1842   1843   1548   1844   1183    854    459   1846   1847    495   1848   1849   2817   3263
152   1853   1205   1854   1855   1856   1857   1715   1859    304   1860   1862   2913   2956
153   1596   1863   1239   1864    980   1865   1866   1867   1058    934   1868    919   2686   3233
154   1871    739    795   1615   1872    540   1873   1709   1874    336   1875   1876   2806   3041
155   1877    598   1070     11    456    359   1882   1883    471   1460    584   1884   1885    909   1804   2951   2990
156    500   1268   1482   1886   1440   1888   1889   1258   1094   1891   1892   3051
157   1893    720    163    823   1894   1895   1617   1897   1898   1899   1900   2798   3083
158   1901   1372    559   1902   1078    166     20    653   1644   1904   2660   2963   2978
159   1905   1906   1889   1907   1908   1909   1096   1910   1911   1439   1252
160   1913    986   1914   1915   1898   1918   1919   1920    176   1921   1922    370   1923   1926   3157
161   1928   1437   1929   1930   1473   1931   1010    853   1842   1179    502   1933    427   3252   3256
162   1934   1935   1936    314     49   1937    156   1093   1940   1942   1943   1481   1891
163   1105    227    272   1944   1945   1946   1325    557   1947   1948   1628   1949   2987
164    229   1950    549   1397    108    702   1009   1951   1476   1263   1952   1110   2714
165   1923   1953   1936    315   1954   1956    383   1957   1958   1959   1960   2798   2950   3118
166    781   1961    762   1963   1311   1557   1965   1683   1966    284   1124   1968   3336
167   1969    878   1833   1970    664   1410    188   1971   1972   1973   1974    563   2722   3108
168   1975   1914    989    891    815   1976   1978   1979   1980   1981   3066   3155
169   1983   1354   1679   1984   1777   1389   1985   1819   1986   1987   1988   2695   3069   3217
170   1067   1990   1991    735    883   1992   1993    366   1799   2990   3015   3030
171    983   1611    260   1721   1999   2000   2001   2804   2870   3005   3019   3063   3141   3257
172   1272   2002   1741   2003   2004   1371    424   1178    510   2006    431   2008   3277
173    788   1535    932   2009   2010   2011    742   2014   2015   1068   2016   1059   2017   2018   3085
174    918    294   1868    979   2021   2022    927   1689   2024   2025   1816   3132   3191   3217
175   1639   1334   2027   1366   1704   2028   1300   2029   2030   2031   2694   2733   2805   2895   3174
176   2033   2034   2035   2036   1609   1242   2037   1506   2038    947   2039   1590    814   3124   3280
177   2043   1281   2045    121   2046   2047    813   2048   1048   2049   2050   2051   2938
178   2052   2053   2054    843   2055   2056   2057    995    236   2058   2059   2947
179   1747    467    862   2060     18   1262    767   2061    784   2062     78   1234   2063   2982
180   2064   2034   2065   2066    943   2067   1909   2068   2069   1940   1101   1892   2070   2793   3322
181   1463    602   1062   2071   2072    965   1052   1034   2074   2076   2077   2830   3088   3117
182   1528    685   1754   2078   2079   1821   2080   2081   2083   2084   1044   1976    807   2049
183   2085   2053   1004   2086    233   2087   2088    748   2089   2090   1533   2091   2915
184   1981    893   2092   2093    684   2084   2094   2713   2744   2918   2933   2995   3057   3157   3224
185   2095    895   2097   2098   2099   2101   1809   2102   2103   2744   2765   2782   3009   3239   3243
186    187   1970   1411    681   2105   2106   2108   2109   1943     58    665   2110   3031   3138
187   2113   2114   2115    445   2116   2117   2118   1512   2119   1632   1497    210   2708   3122   3295
188    564   2121   1075   1646   2122   1412   1973   2123   1783   2125   1835   2127   1219
189   2129   1127   2130     93   2131   2132   1086   1814    290   2133   2134    920   2928
190   1306   2136   1946   1682   1331   1106   1963   1265    280    782   2882   2911   2931
191   2138   2139   1320   1781    578    475    704   2140    608   2141    970   2143   2973   3077
192    686   2144   2145   1356   1824   1757   2146   2147   2148   2150   1742   2972   3068
193    644    846   1005   2152   1893    713    824   2154   1536    786   1792   1650   1540    152   1624   3119
194   1488    718     33   2158   2159   1948   2160    215   1798   1651   1629   2708   3050   3075
195   2161   2162    756   2163   2166   2167   2168   2169   2170   2146   2732
196   1409    441    569   2171   2172   2173   1201    181    343   1972   2174   2175
197   2176    521   1807   2180   1154   1459   2181   2182   2183   2782   2859   2951   2957   3080
198   2184    949    618   1788    978   1345   2186   2187   2188   2189   1554   2761   2952   3323
199   2190   1527   2191   1731   1276   2192   1823   1478   2193   1434   2194   3051   3265   3277
200   2018    936   1050   1794   1620   1032   1071    738   1871    794   2197   2983   3067   3173
201    890   2094   2080   1287   2198   2199   2200   2050   2204   1756   2099    811   2205   3066   3262
202   2025   1690   1966   2188   1344   1553   2206    977   2208   2211   1113   2877   3000   3312   3320
203   2212    309   2213   1911   2214   2215   2065   2033    802   2216   2218   2875   2879   3054
204   2102   1803   2220   1913    177   1975    987    897   2222   2223   2225   2804   2894   2918   3247
205   1773   1387    203   2228   1627   1332   1691   2160   1949   2888   2931   2974
206   2071   2229   1121   2230    258   1036    964   2231   2232   1853   1204   2235   3025   3034   3166   3215   3260
207    888   1990   2237   2238   1800   2101   2239   2240   2241   2016   2243   2778   2995   3094   3247
208   1474   1259    773   1951   1008   1930   1745   2245   2063   2246   2716   2901   2992   3347
209   1830    677   2247   2039   1238   2249   1217   1595   1500    941   2686   3237   3244   3317
210   1660    556   1947   1514   2251   2256   1021   1486   2118   1631   3028   3050   3223
211   2258   2259   1305   2260    310   2213   2261   1856   1097   2064   2262   1905   2263   2264   2940   3181
212   2265   2267   2268   2269   1082   2132    295   2270     96   1158    923   2272   2273   2275
213   2276   1039   2277   1688   1575   2278   2197   2024   2279   1112    925   1791   2208
214   2281   1735   1381   2282   2167   2283   2284   2285    568   1901   2004   2286   2175   2854
215   2258   1099   1303   1471   1256   1436   1910    780   2288    844   1749   2290   2291    637   2292
216   2294   2295   1129     88   2296   1907   2215   2067   2036    948   1251   2297   1598   2298   3241
217   1784    954   1456   2299   2300    412   2301   2302    577     73   2930   3088   3144   3199
218   2304   2305   2306    585   2307   2308    655   1081   1779    761   2309     63   3097
219   2310   2045   2298   2312   1283   2035    809   2218   3029   3146   3226   3262
220   1719   1604   2001    623   1771   2314   1140   2315   1404   2317   1208   1669    725   3147
221    543   1872   1708   2320   2321   2322   2323    797   1614   2953   3058   3083   3107   3119
222    730   2324    635   1999    325    985    966   2325   2317    266   1207   2960   3082   3188   3260
223   2183   1066   1467   1882   1806   2327   2098   1993   2238   2683   3085   3168   3172
224   2329   1428    351   1180   2330   2331   1020   2333   2334   2335   2336   2817   3145
225   2074   1037   2206   2337   2189    976    926   2338   1125   2340   2341   2277   2231    956
226   1780    470   2140   1321   1634   2228   2116   2343   2344    208    447   2345   2955
227   2346   2347   2348   1572   1653   2349   1531   2350   2014   2090   1385    752   2994
228    917    293   2351   1965   2272   1550    237   2058   2353   2354   1341   2355   2823   3000
229   1275   2357   2192   1732   2358   2359   1480    693   2144   1825   2362   1520   3031   3040
230   2363    754   2089    482   2364    173   2365    465   1228    838   2056   3087   3091   3345
231   1844   2368   1544   2369   1521   2191   1496   1019    819   2331   2371   2373   2374
232   1522    157    825   2193   2369    638   1435   2375   1484   1841   1545   3006   3252
233   2376   2006   1270   2281   1737   1375     95   2131   2378   1163   2273   2381   2382   2170   2963
234   2143    601   2383   1206    721   2077   2385   1712    699    952   2229   2386   2943   3199
235   2388   2055   1231    847   2389   2353   2288   1968   2390   1751    776   2812   3078   3091
236    777   1232    766    285   1961   2061   2389   2265   1161   2351   1083   2851   2903   3281
237   2333   2391   1190    341    382   2392   1846   2394   2395   2667   2720   2814   2961   3004   3127
238   2301   1789   1220   2397   2398   2399    528   1462    587   2305   2127     72   1647   3012   3193   3236
239   1302    269   1254   2401   2402   2290   1906   2212   2296   2260    312   2664   3002   3180
240   2403   1988   1393   2022   1687   2350   2010   1574    929   2279   2404   2405   3173   3250   3348
241   2408    604    590      9   1877    737   1874    451   1340    539   2409   2893   3018   3030   3089   3116
242    264    991    331   2411   1618   1900    717     30   2412   1980   2413   1915   2941   3254
243   2416    751   2417   1904    172   2364   2418   2381   1160   2286   2162   2420   2850   3086
244   2421   2422   1759   2148   2423   2424   2426   2427   2778   2856   2927   3040   3057   3284
245   2428    908   1583   2429   2430   2431   2284   1419   2172    356    573   2434   3014
246   2435   2437    322   2438     50   2439    109   1697    831   1502   1665    400   2441
247   1018   1432   1769   1566   2442   2256   1509   1444   2444    138   2445   1663   3038   3064   3149
248   2447   2448   2357   1273   1736   2150   2163   2451    759   2452   2423   3062   3216
249    184    318   1954   1193   2109   1920   2456   1418    375   1935   2460   2981   3169
250   2130    921     89   1589   2294   1126   1813    119   1284   2043   2461   2929   2996   3029   3291
251   1120    267     37   1684   2278   1570   2466   2159   1945   2467   1795   2136   2888
252   2468   2424   1352   2147   2469   2346   2470   2404   1392   2017   2471   1984   2866   2993
253   1894    154   2474   2152    996    643   2475   2476   1953   2478   2323   2860   2949   3183
254   2479   2480   2268    749   2086   1226   2417   2388   1157   2052   2363   2823   2851
255   2445   1766   1581   2481   2483   1425   1723   2725   2814   2822   2861   3035   3145   3148   3305
256   1433   1181   2194   2484   1733   2002   2485   2330   2373   2719   3006   3256   3263   3309
257   2324    984    542    371   2486    625   1720   2487   2488   2672   2740   3004   3104   3148
258   2368   2489   2336   2490   2491   1495   1847   2492   2117   1547    497   2720   2907   3044
259   2493   1755   1818   1983    866   1355   2204   2494   2021   1286   2468   2403   2857
260   2495   2496    111   1952   1399    550   2497    145   2498   1672   2839   2937   3167   3234
261   2283   2174   2003    346    430   2499   1739   2485   2430   2500   1429   2329   1177   2942
262   2211   1558   2501   1312   1117   2261   1855   2340   2502    303   2232   2761   2779   3336
263   1073     27     69   2503    404   2125   1837   2030   1296    614   1787   2871
264   1671   2495   2507    524   2508    403   1694   2439    110   2510   2511    832   3021   3045   3115
265   2496    106   1950   1931   1693    501   1249   1472   2245   1011    219    419    193   3255
266   2515    900   2431   1734   1673   1452   2516   2518   2500   2282   1826   1362   2166   2145   2838
267   2520   2502   1857   2385   2235    953   1716   2521   2337   2186   2985   3117
268   2225   1147   2524   2525   1582   2483   1722   1772   2181   2717   2775   3009   3063   3164
269   2528   2530   1638   1336   2531   1364    386   2532   2533    537   2961   3104   3231
270   2095   1610   1240   2535   2536    894    805   2037   1282   1601   1866   2537   1057   2205   3226
271   2486   2325    324   2538   2320   1876   2539    369    541   2785   2939   3059   3231
272     44    307   1114   2540    255   2276   1030   1790   2411   1625   2341    337   2230   2467
273   2359   1519   1483   2541   1919   1899    679    155   1934   2108   2456   1959   3032   3224
274     94   2544   1942    672     60   2358   1479   1267   1886   2069    942   2545   2448   2546   2110   2549   2550
275   2121   2503   1831   2551    879   1297   2031   1076   2552    365   1969    562   3015
276   1085   2306   2553    654   1376   2554   2555   2275   2556   2382   2134   1164   2948   3027
277   2557   2182   2536   1865   1458   1241    520   2302   2397   1056   2747   2772   3243
278   1839    673   2560   1175    241   2561   2087    758   2562   2447   2545   2422   2921   3074   3084
279   2246   1260   2060    859   1006   1717   2564    709    406   2565     17   3048
280   2054   2291   1313   1555   2390    848   2567    994   2779   2975   3159   3181   3183
281   1645   2568   1380   2122   1695   2569   2510   2570    836    440   2954   2962   3027   3042
282   2184    611    958    414   2571   2572   2573   2574   2575   2521   1713   2831   2895   2956
283   2576   1133     91    498   2008   1278    421   2376   2129    196   2556   2825   3023   3253
284   1215   1235   1413   1504   2123    393    526    830   2577   2570   3012   3021   3170
285   2535   1150   2557   2180    532   2717   2743   2765   2841   2864   2896   3019   3280
286   1622   1897   2413   1922    334   2474   2322   2578   1960   1875   2539   2999   3053
287   1991    358    731   1703   1335   2028   1079   2551   1298    884   1636      6   2409
288    306   2216   2580   1605     40   2540    800   1979    982   2412   2000    261   2786   2809   3218
289   1501     48   2066    946   2038   1608   2583   2441   1666   2264   2584   2879   2880   2966   3316
290   2327   2097   2015   1060   2537   1293   2199    931   2585   1867   2857   3132   3250
291   2391   2335   2489   2119   1508   1727   2587   2481    636   2487   2887
292   1443   2589   1289   2200   2079    865   2493   1760   1827   2051   2852   3197   3291
293   2085   1000   2057   2365    757   2154    841    483   1530   2349   1649   2827   2916
294   1089   2501   1854   2259   2592   2573    619   2593   2520   1551   2187   1001   2567   2860
295   2292   1438   1928   2375   1843    463   1477   1744    840   1539    645    489   3278   3347
296    342   1422   2173    186   2428   1584   2594   2595   2524   2822   2894   2932   2942
297   1848   1185   1013   1929   2596    852   2528   2394   2598   2599   2600   3240   3292   3318
298   2106    689   2222   2603   2239   2092   1921   2605   2460   2807   3032   3108   3230   3284
299   1197    321    835   2438   2600    436   1933   1192    114   1698   2684   2768   2853   3056   3255
300   1873    591    600    960   2072   2408    538   1029    327   2538   2908   3188   3215
301   1045   2312   2048   1662    275    810   2606   2214   2402   2607   2809   2998   3026   3241
302    628    593   2608   1319   2139   2609   2114   1633   2345   2892   2977   3128   3273
303   2610    449   1640    164    855   2530    461      3    493   1849   2611   2490   2791   3127   3240
304   2598   2614   2395    349   1195   1956    384   2615   1370   2532   3010   3056   3109   3169   3308
305   2617   2476   1937    313   1958   2593   2574   2618   2262   1860   1090   2070   2584   2619   2794   2967   3109
306   2081   1518   2620   1043   1493    711   2621    816   2371   1024   2623   3154   3182   3223
307   2595   2525   1725   2220    389   2392    178   1926   2740   2757   2861   2891   3257
308   1888   1128     83   2550   2068   2295    944   1908   2845   2881   3023   3102
309   2578   2478   1957   2321   1706    377   2615   2531   2624   1363    535   1338   2785   2794
310   2115    207   2344   2611    513    496   2626     14   2491    446   2904   3011   3129
311   1658   2606   2310   2047    128   2401   2297   1250   1130    222    135   2800   2996   3302
312   2627    144   2628   1145   2629   1564   2630   2507   2631    522   2498
313   2626    477    455   1775   1383   2632    911   1986   2633   2343    353   2634     13    514   1677   1883
314   2635   2269   2480   2088    747   2636   2549   2452   2354   2059    238   2561   2826
315   2637   2638   2631   2554   2568   2508    525   2577   1648   2639   2398   2304
316   1054   2338   1038    974    933   1864   2076   1464   2747   2771   2797   2930
317   2575   2640   1014   2599    112   2614   2641   2617   1862   1369   2437    323   1714   2684
318   2571    610   1295   1172   2592   2619   1701    997   2475   2029   1367   2624   2953
319   2564    701   2062   2383    959    609   2299    575    409    768     80   2141   1718   2737
320   2263   1859   2641   1711     98   2644   1203   2583   1670    727   2435   2618   3299
321   1884    903   2645   1561   2633    869   2646   1680    580   1811   2309   1778   1987   2858   3156
322   2544    940     85    676   2247   1836   2635    239   1594    913   1347   2355   2270   3084
323   1607   2580   2644   2315    305    256   1202   2755   2875   2880   2913   2940   3166
324   2494   2426   2471   2649   2198   2241   2103   2585   2009   1763   2405   2933   3172
325   2645    902   1560   1143   2308   2639   2399   1579   2629    529   1468    586   2176   2651   1885
326   1350   1785   2249   1212   1237    971   2300   1863   2772   2797   3193   3232   3323
327   2027   1368    405   2572   1637   2640     24   2565   2596    857   2709   2763
328   2378   1162   2416   2479    750   2636   2267     97   2451   2168   2777   3225
329   2603   1801   2223   2240   1992    887   1971    183   2171   2594   2552    571   2429    364
330    680   1529   2541   1918   1978   2083   2623    818   1895   2093   2941   3161   3184   3235
331   2420   1902   2285   2515    910   2632    357      1   1080    511    570   2434    175   2169   2652   3105
332    968   2138    627   1330   2609   1401    728   2386    697   2689   2714   2780   2868   2976   3017
333   2046   2589   1017   1042   2653   2444    122   2078   1451   1659   2726   3028   3154   3242
334    870    124   1812   1137   2461   2654   2307   2638   2651   2627   2553   1567   2646    146   2811   2928
335   2637   2511   2630   1696    197    422   1374   2555   2654   2569   2133   2576   1135   3167   3251
336   1562   2442   2497    147    558   1510   2314   1400   1770   1152   1667   2628   3115
337   1820   1022   2653   2621   1523   2190   2374   1448   2484   1426   2334   2499   2516   1738
338   2161    755   2470   1353   1985   2418   2348   1390   2634   2652    517   2518   3068   3073
339   2656   2427   2649   2469   2562   2091    753   2347   1166   2011   1532   2243   2718   3047   3095
340   2251   1944   2620   1041   1487    274     36   2466   2158   1664   2607   3079   3242
341   2610   2492    633   2608    592   2533   2587   2113    453    546   1337   2488   2667   2904
342   2237    885   2105   1974   2546    663   2605    690   2560   2362   2656   2421   3216   3350
