# vtk DataFile Version 2.0
polydata
ASCII
DATASET POLYDATA
POINTS 1705 double
3.22284992914474 6.376281492269 4.43590887994876 
2.71895688286999 5.76634140368225 5.22032647693919 
3.37435633535322 5.05732299840967 4.18391086430508 
3.80833112111975 5.2784758103681 4.30466674475064 
3.8225013932437 5.63571393824788 4.17381872789414 
3.08800594708296 4.98031392658122 4.84322211647031 
2.54398381864158 5.60749281144921 6.77476194537471 
5.77792753615949 0.745202122991165 2.31273143544064 
5.77083079381765 0.588600100292059 2.77319029324219 
6.02130665960036 0.478578928984576 3.13318085946539 
1.40265699348422 3.02372725174902 6.60625887312009 
1.04213535550554 3.30555818141304 6.48611359110637 
3.31754752191242 5.47940214395933 1.13033837794337 
3.26974978350563 5.5924976069664 1.1270481531469 
2.71787926141064 5.52025237259751 1.16771082004813 
2.29421748983558 5.75236943664579 0.650516794804162 
5.01841766305189 3.83015467797263 0.00720283265079214 
6.18158671699389 3.31637111117537 0.40851400956876 
5.72603419757678 3.2481029193779 0.570051810876999 
5.88624761026284 3.43753540862004 0.794629279125617 
5.47723314116312 3.61026150457852 0.765077622122071 
5.66333519596158 3.91185711986495 0.815384063574178 
5.7241460377047 3.3591164768605 0.763332280806659 
6.21332760095479 3.36110084950479 0.461131008147771 
5.83395829130598 3.87102665612832 0.836316406030433 
5.16979279463593 3.53819948056366 0.339547671961822 
5.14245023500068 3.62960310358629 6.68108947355189 
5.18555014696346 4.08021491520896 6.75162087930954 
5.07084635776275 4.00377830820494 0.000651651700509808 
2.99768579804249 1.08757681085029 1.07756092611042 
3.2465494865667 1.24728825989902 0.384422709061291 
1.95767692351076 1.56965566428683 0.662482757288779 
3.31087362693374 1.55830167497928 0.625114650414093 
3.07575957562398 0.961524482549529 0.55967872768955 
3.12506858910407 1.48020520853747 1.05060953917477 
2.73421314281109 1.78491417887022 1.14798806996091 
2.4635703884616 2.1041909270511 0.756960506296251 
2.62561426598561 2.09465761450468 0.877850586026827 
2.53523523519327 2.13890346039918 0.658312584194019 
4.78203164502713 3.45843039588316 1.53796460455535 
4.69016502492352 2.11761624306783 1.56101435441753 
4.42358750703217 1.94871968880186 1.68804133191246 
3.53631350769695 2.65858890113464 1.44192923764956 
3.62938143310388 2.95850496159103 1.99367529301957 
3.93889902869591 3.36575889526833 1.84320059775937 
3.75715991557385 2.12596017639948 1.61891159929807 
6.41035640290282 1.99436616478401 5.00792620072127 
5.86924831955115 1.53301480305851 4.98313440857107 
4.32907019652835 6.20092370102267 5.3762861699696 
4.27374883295288 5.97364247198716 5.70590516993042 
3.76594359062611 5.0181479232647 5.28707288206264 
2.16827186427648 2.66455524288796 5.13761656535708 
1.49953835414755 2.79686213909123 5.61733285221059 
2.23762017717301 2.82733181702659 4.74690411466223 
1.85848651676923 3.0034962233025 5.52855107753708 
1.21748848042503 3.17448120461423 5.5526337680769 
1.7384877296478 3.30404207794104 5.45879034883597 
1.21157808184764 2.96334573867289 5.58196971704225 
1.76677324624297 3.49127382702735 5.0768415658839 
2.00924130698492 3.30060339057247 4.67924830249866 
4.38566394720588 3.10060946797634 0.532427612530516 
4.18224682789961 6.68027823467835 3.61041133842642 
4.58103400464422 1.60526533984077 0.387509774384475 
4.52042132100854 1.09568337951382 1.62248502598608 
4.29609043234415 1.28315864120156 0.567937751780483 
4.24539844220366 1.13212329324039 1.37000712521478 
6.34179310316495 5.4039580696225 6.49302626015954 
6.34910669415004 5.42606936339307 5.94944105462155 
6.61299661624659 5.93091696427432 5.73650398864029 
6.54108791301432 5.14942703969085 5.77601022607372 
6.55289822634155 5.03598417509128 6.67767176876311 
0.427384690138901 0.852256419011988 2.69372138537598 
0.35108520255785 1.14883146997604 1.85699149156769 
0.230625149848703 0.985835316915546 2.07629801712829 
0.910003333247789 1.80335462251267 2.74040938534642 
0.811137024422165 1.20629364272231 3.02181571932696 
6.19724358578085 0.545398452528906 1.27779432421026 
5.52462961130596 0.70620184784864 2.26792233187074 
5.04441695788205 4.74142421743437 0.784893067191745 
4.90596670930396 5.86889973966857 0.997190133935077 
4.6501876379048 5.52851355224239 0.975847654809874 
4.57242296583981 5.45614951092259 1.49710382329737 
5.35325951348167 4.57080539846143 1.19836340320604 
5.48337650894738 5.61217552003056 0.573685191722597 
5.39661767458858 4.63745736069291 0.829066509694389 
4.69090234572169 5.2211328517949 1.63381688729592 
5.62610426775424 4.79232909849699 1.49791584443962 
5.00219326278994 4.6739880191309 1.18493954664226 
4.9599551763001 5.10001230447452 0.609018913051062 
5.43238384792732 5.32319206821252 0.45002825443627 
5.74237428253716 5.01587436941645 0.639001835651114 
6.58984741320249 1.25877477329798 0.91097168147098 
6.37209699403091 0.813275755171305 0.824289677021841 
0.729273227041433 1.4505017830011 6.06440520919544 
0.841144619041448 1.73883324812334 5.84850670099025 
0.454501679784054 0.76028002103753 3.56119744805374 
0.896967327050043 0.329120741295532 3.78446570260678 
0.742326135417548 0.299198554104986 3.7722555531897 
3.08472470268165 1.83485372689633 4.97073215608992 
3.0643574475006 2.5633683501312 5.37647478664735 
2.31267459106464 1.63490669188862 5.03907318787452 
2.95028769940338 2.76802542675019 5.30296306930889 
2.64795243141854 2.65868072476715 5.44946496907458 
3.28987166481676 2.29406271348607 5.06031790627297 
2.12644620876253 1.85844027787096 5.19403109218205 
3.02812172268673 4.46484857833085 4.89991759883593 
2.65764445546461 4.57375637568628 3.63314294461661 
2.23792016818565 4.37526853868966 4.22189131452414 
3.37495913832008 4.75268603899925 3.95635898153393 
3.25817791467406 4.46929091281463 4.13075270069752 
2.99844288455471 4.63239861242434 5.01644950801485 
2.47137092910786 4.353972338098 4.89928397396065 
2.64065321957589 4.64463654184296 5.07868993773865 
1.03577179360855 1.76093895479074 4.87100197264719 
1.37370824684839 1.21244948208736 5.19207454353703 
1.77238704001592 1.02158415234227 5.07300254493985 
1.76593989068079 3.1484066063966 0.357414147812174 
1.51274187374365 3.49014271823954 0.682834808686032 
1.77000057172855 3.59809466137272 0.990028171622182 
2.0319947330497 2.45488924825232 0.866117788196706 
2.01980049002887 2.76257992199348 0.474137117025657 
1.77285382353948 2.48181617475284 1.62345851050945 
2.35227910168124 6.53248966269098 0.45480742222576 
2.18415081134079 5.83471199701577 0.688535792033824 
2.01589385286822 5.61992573415762 0.563753808279462 
1.53447857667498 5.61494819830511 6.69634935018057 
1.73502823150859 6.57382177468285 0.304270314218572 
2.14715742517528 6.44175041082336 0.57436976173321 
3.52564237744946 2.58177203192413 5.83190050359527 
4.30934587895102 2.76050242326043 6.50293749711818 
3.56078635316805 3.10621026884744 6.2043005508318 
4.06512073933494 1.86401368743912 6.55086229084793 
3.51447039427264 2.63721161497347 5.65105719132487 
2.67262775280581 2.44800348675541 6.46594658065027 
2.75058486551425 2.90634512406997 6.6254014717652 
2.4531604480053 3.48086008847906 5.87764264430743 
2.28522610123429 3.03059776978919 5.84489448648837 
4.28625211650762 0.23196879679474 5.51315656607355 
3.72602656964355 0.228344058056908 5.58098579317249 
2.89421560819632 5.78103177574899 2.19086793914989 
3.92802855612879 5.47303974484161 2.85658179393343 
3.51528478818885 5.61112110728597 2.12145751823925 
3.72558011944837 5.89807341512616 2.38925267019918 
4.52899126299269 0.424772939626707 5.3178216900083 
4.38647432638602 0.468782233496559 4.97366028359407 
4.80009220421403 2.94561475177262 6.34160520647007 
4.62662629187398 1.47887413825304 6.58179406491016 
1.6936107185777 3.93057642808004 2.11520367706734 
2.0211671616116 3.52957353054159 2.17753178131814 
2.83751962140263 3.9072179328478 1.57351672869727 
2.66518148612245 3.46255447321823 1.18722423433108 
2.66439474918966 4.24045346188532 1.48159859352718 
1.62484846777062 6.31539210917352 3.67625734544618 
1.26506619794214 6.94003120864671 4.5891697279225 
3.55213836577483 1.54415594449043 1.41890945612244 
3.46610899166293 1.8424599293301 1.63757766365328 
2.8965493357727 4.62113836331389 6.06847728437292 
2.05123760413751 4.11076932962484 5.6456316380316 
2.72450923851382 4.59733346739227 6.0967301764283 
3.09702205710668 4.33046995344718 6.21643102669399 
3.33639340625719 4.45439469693731 5.28977008523835 
3.36348120187458 4.13419801478427 5.82807346625757 
3.2097746642771 4.62761038226155 5.30555386302973 
2.08387187463886 4.01122462143268 5.28153772385572 
2.06689861513197 3.83447885376099 5.79437254358754 
2.10421949654864 3.72182725654058 5.67825442039109 
3.02603583563904 3.78834549582985 5.14767323716956 
3.23455063015525 4.29192734904071 5.02868780147739 
2.43692597532702 4.59998967619665 5.76231890880492 
2.11390723820034 3.91206309838996 5.27689726039493 
2.68556279986381 5.91560958161673 1.70694343364258 
3.68988840933282 5.4005879334725 1.59640861974647 
2.55015365449252 4.73116536654571 1.79630200701626 
3.67005752109978 5.10781203081724 1.87956327914142 
2.36665280658505 4.99868200907755 1.6702992540208 
2.86901026877885 4.69672800554755 1.56187318510177 
3.33411296634842 4.73386839138413 1.92566272141198 
2.54383352857532 5.23531506164378 2.46602054786779 
2.09357717857029 6.14866916173394 3.14368093611254 
2.9847201006822 0.221078160336965 3.30824438343972 
2.12864702864369 6.49784782491363 2.73459929566437 
1.71462617070439 5.62317713095756 2.5218288261996 
2.04355514358013 5.34890908302145 2.8462366100623 
1.86818719409958 6.38974583957802 2.42710375594007 
2.569612950375 6.13441086318148 1.68554784711903 
0.627273332809645 6.01777880763266 5.77831408354105 
1.25225522418573 5.37177936107607 6.19684558175558 
1.31620835696531 5.28600862798153 6.52285600684465 
2.29919443712594 0.690686913309731 2.30618714513531 
2.67715471117821 0.527848096248069 2.13445008427445 
2.48369671113507 1.15859468897477 2.18905378116755 
2.83819087543317 0.833402244846309 2.0580634684777 
2.73618782896325 1.07198310927729 3.35048911910377 
5.2673225724684 0.696821394782074 5.55302588657165 
3.86350173738592 4.76228876010154 0.681379732498793 
3.49027096184649 4.57751482995563 6.66466631707356 
0.65327177531634 3.63337215712954 5.73612369208433 
1.13528569933784 3.5775058438683 6.55307935770018 
6.48673322561656 2.36243797281625 4.55280681086006 
0.123567912962157 3.24623225729834 5.00284792478743 
5.8594531592511 3.36003945479123 4.24855606926617 
6.37791201578968 2.5920350379845 4.90674403620322 
2.97049505885931 0.79485731558963 1.47128553734434 
2.39746402963765 6.80245922577108 0.843513505591121 
2.84931800173041 6.89812364252051 1.56984810978099 
2.51701621754658 6.78625126813764 0.651520569196727 
2.82998339716523 6.69046858104197 1.38706891553218 
2.67143153533642 0.195350882885105 1.56051136202197 
5.58700734055714 1.2064637401931 3.89380475837052 
6.32272854481259 0.177387419063503 4.00531656226758 
5.88225223041368 0.267079540127363 3.53426123412114 
6.35826316987321 0.610236741007794 4.31635294231731 
1.886130921438 0.600838527120395 2.03283235508214 
1.31489843483613 5.2458716285248 4.84761717230263 
1.32149270231143 5.6444641300423 4.84391984261632 
1.40259931668928 5.1400559316235 4.67588281726094 
0.704487476179148 5.90954835869251 4.64613962152173 
0.669901195453153 5.65730332826497 3.58467032886094 
0.882610599736265 6.08785258063836 4.29020647668945 
0.90133675197323 5.7365542069674 4.90160369950614 
5.74318326049528 5.14307478466463 5.64936475192018 
5.1723877013193 5.01431810092137 5.60462946644586 
6.0430559209982 5.21119130599123 4.63125392701979 
5.49085740884249 5.42991835631907 5.49510631212332 
5.45769487726202 5.64082623979366 5.11405513166474 
5.60996953182645 4.95041517068416 5.73051423778092 
6.18433517592849 4.8725308074719 5.43803871387032 
5.77111991164742 4.63377012670132 5.60436060656412 
5.14374180693723 5.29424182505428 5.51201598001533 
6.34783956808651 4.90129109391641 5.03384378928709 
5.062007943959 4.76329995076764 5.38441639630349 
5.41371262085545 4.42614571114478 5.31152757001729 
6.15912441112648 4.70599447318972 5.45609746160744 
3.97338154063341 5.28591479269711 1.48906628636553 
4.35774928974373 6.1294898086325 0.656824470320605 
4.82714349592598 6.0940274269486 0.896646628462658 
4.23210519563992 6.28516288216306 0.762318519530694 
6.63662998209012 6.42354636760383 4.77763337504675 
6.73867755692122 6.21095996047772 4.85928104185614 
0.778721830641265 6.52996466207103 4.42633308146379 
0.587706715223666 2.8546164004274 2.07760017988524 
6.40723806065402 2.83760796736001 2.75641535265002 
6.63861632327937 2.26713236136163 1.67218277540433 
0.498384189089217 2.86069049935967 1.81680370263592 
5.39005214629171 1.58932593469268 4.75078610977816 
1.70735032673938 3.39202192110841 6.81766515746234 
2.60953785368614 2.99774958087662 0.177683366188161 
2.35959076010938 2.57776413748303 0.308633779005825 
6.05245246527032 6.51051153369189 5.54413030452958 
5.90064392062562 6.67349305875065 6.36068877460399 
5.58533096203375 6.29518890953047 5.61735573295153 
6.22012853703035 6.72301432130183 5.95350233680395 
3.54291461298873 0.863412926431578 5.88041998168811 
3.9911705042924 4.06805653167303 2.17305262436199 
5.42942163861692 4.20255827993469 2.23000883648588 
4.34328622117228 4.38727935614961 1.96849640539203 
1.21850892333303 4.48473615388679 5.5138693759457 
1.18582146586163 4.83467732003125 5.50096520262395 
1.4332909820644 5.12307879358124 4.98863333856072 
1.4635067250756 4.22414742659629 5.02734385657559 
0.422039959694747 3.4693133612982 2.68394724227212 
3.16262937756516 3.88775154365733 2.76945500828465 
3.796315704281 3.78719280423543 3.65802698994533 
3.39660140875316 4.18950430143368 2.66665993527774 
3.09495660735251 4.5955889945509 2.76144292287561 
3.56496498144695 3.65357142183518 3.14279364764526 
3.58080693593186 4.20979300463084 4.09738627678618 
3.5729191058293 4.73462541612756 3.11691419040872 
5.42084476047555 4.23320826428571 1.31402421884953 
6.27553258552453 5.48047859712731 2.42904803640848 
0.194626348334208 5.15975807055991 1.54760378500549 
0.318251752056282 5.79781858732988 2.64413697595311 
0.549527924206691 5.77123158639659 2.15288958747667 
6.67729847474213 5.0418288928764 1.5769966459729 
0.120570993082205 5.11859846422159 2.80390672970364 
0.176642033620817 5.62907147229629 1.46373444332112 
0.151009161328595 5.41652378930125 2.89460044112232 
6.57230623284321 2.65868930133287 0.239749107987348 
6.92128146811676 2.61991778561584 0.536857398783157 
6.7584100730701 3.09040534515691 0.765805301694945 
2.12756940707792 6.55886703384141 0.806259374949954 
1.54794808701645 6.71337546953466 0.457376881396575 
1.12250384019229 6.39634823213387 0.378448412759555 
1.71426632059983 6.75581054443583 0.86614457452094 
0.920845693403785 2.25502027586945 3.66656079442293 
0.561523163488518 1.72244879393683 3.009135677673 
6.17013712204286 6.21116805546657 5.42622268246246 
6.36911766444934 6.42846793831117 4.88779275690531 
3.57243381459578 0.994166321769537 0.249447497892155 
3.68201805775213 1.03972248556979 6.78181691019357 
4.2746560700898 2.56101124795827 3.37231563433743 
4.25313173835034 2.00605885559157 4.32596163584644 
4.68726194085746 2.00517170125659 4.08173672596243 
4.73413738610231 1.56345335851841 3.94543643154849 
3.95604183221459 2.35189398060708 4.15129072196241 
0.782736102904792 6.54637420821488 1.98070028702788 
5.72576773171471 2.37913194083206 2.99379883087213 
1.4778492988519 5.51384340543147 2.50531060104298 
0.626614504930505 5.54564293855526 3.20745957576267 
1.36435205676571 5.42410861444848 2.11709381407879 
1.84428777574931 5.03128037629281 2.97918769480814 
2.28041768549523 4.85411740052062 5.88288651360767 
4.63392888241236 4.48753520360307 0.398042341496271 
6.05178379019659 1.60767443048891 6.11741456852595 
5.8247027292813 6.36727776731048 1.91492729883369 
5.81546831672331 6.20537590075653 1.55968939814092 
5.47164131422753 2.54540185570704 0.809315786136968 
2.96492055863736 3.5030283484898 2.24403816433877 
2.44260174720427 2.34559512054333 2.07631025206967 
1.82146286520064 2.33775031691946 1.74762769164542 
2.33648168771747 2.29947591706306 1.74658627056809 
5.12538632224041 4.82170136451726 6.57224002197287 
4.93253003658493 4.37119393949649 6.66006987088696 
4.58332230931125 4.53309693153379 6.01369652002548 
0.853774551640632 6.13102386487096 5.34757797941766 
3.64672185494307 2.2477204702844 5.20822416182714 
3.4587409436405 1.23391636935493 5.73080796644947 
3.69649977780812 2.50269975680143 5.57487883780853 
0.991614897017098 4.26826084056787 0.637703822329145 
1.76303019294299 3.80869164500091 6.67378675054826 
1.59296790730263 3.59484400706393 6.8068107963101 
0.717101320952417 4.08768355418552 1.69434285739232 
0.344260450791104 3.7189174750683 1.15598220268025 
5.82495735714336 1.98674239352273 0.704007193126451 
5.70343602169405 2.04789257190778 0.881099768829896 
5.53469915230788 1.29433443162218 0.222269488633736 
6.15065410913038 2.89337158107072 5.86402414236048 
6.13821431361834 2.81880431942772 5.97445913921243 
4.78926788340995 3.40737136905302 5.87994655134274 
6.09532125876 3.38524887403373 5.85438559795236 
4.73112898893356 3.29899617792245 6.30129613917548 
5.75137344021243 2.7289635404358 5.64621329217004 
5.38668156625119 3.06473913616153 5.47751035110609 
1.48857869335025 5.03901002628742 5.84649636826576 
1.6158367130382 5.93641673761998 5.29997479786015 
1.26716118096095 6.21593686381019 5.53179941232889 
3.66004638784686 6.4007534978675 2.41664815497334 
3.4968183291407 6.79812334636825 2.14599861366729 
3.85773046742858 6.02564952407153 2.28997872202547 
4.19907907317665 6.7320686209026 2.61762467271199 
4.34076743944308 6.07634845817727 2.43904347645309 
3.87291343005212 6.74910540231085 2.59447190571745 
2.37155830631912 6.0527157705637 5.35009864575093 
1.86312936824886 6.1331873111826 5.17079100629181 
5.40860870392888 4.67319756975266 3.29645060487775 
4.92618023363085 3.62277254285744 4.16065007839483 
5.16775710887232 4.79255299510965 3.53701571996132 
1.83174133016439 0.733601533740758 5.36922644835884 
1.36823705592195 6.87711002161207 5.36916801618898 
5.37012030720698 5.17214538551271 3.3594482745718 
5.17059147337257 5.06455931774727 3.52515200822357 
5.38563872133036 5.66661485127021 2.83164202367595 
4.27485635073308 5.35202764080687 2.93371363768327 
4.79783711518433 5.75958858120088 2.5674643274507 
5.24000385027791 5.17645184209815 3.69137203470282 
2.77586416871946 1.98952940657481 1.3760337197685 
2.52965723604049 1.95510069045476 1.68602514558241 
3.09106402578104 1.89703214967807 2.34303708503019 
2.67621436084312 1.96804750777263 2.14117057824245 
2.99941332931009 3.39397013826028 3.90601258774238 
5.49719454197103 1.8557612835755 5.74639726698048 
1.79644460642583 4.81798696785744 1.59499063996745 
4.15110163424903 1.04844597669705 0.369307990938573 
5.75985551651462 2.51677543046843 5.20240865632506 
6.34282285240884 2.50968699282889 5.03003760432042 
4.6529514331958 0.838652224527263 4.51158406308152 
3.42767203575326 2.20817141323461 2.5430642406935 
3.95664146100012 0.990048643841206 3.04750956248931 
5.08668184431117 2.1387364764348 4.38345527189166 
5.17891133002684 2.59948714336745 4.69035880967762 
5.04063253316616 2.22826726511705 4.74778011598505 
5.19765325062162 1.93333267302486 4.98122428081128 
6.1573261283018 5.39475368957234 4.53358088989348 
4.46481331386549 0.868930859543299 4.86965545695909 
4.68015471941016 0.814233043372396 5.37190739530002 
4.64095854318455 1.00223140854349 5.07771105780964 
3.39925027262512 2.77308826497955 2.48405359858727 
3.64284505364579 4.10466405560862 2.06693048556524 
3.55128768467881 3.90681046079935 1.95393450679327 
5.6838051494864 6.21329760009216 2.44594930348928 
5.75035895705994 5.79423955201517 2.60424562149808 
0.189760801738277 0.876409980054447 3.86490267871982 
0.667993259289666 0.205019463245044 4.07467138878121 
3.88538446292025 6.93077067565941 3.03772501306035 
1.43304400853494 1.89295069194934 0.734198676856156 
4.10513346899825 4.96691169830007 2.94148642206169 
5.82188447541783 5.60385552834119 2.42023417937692 
3.03824593252557 3.10625419780226 0.382628872096289 
2.40014214161172 2.34941565603002 3.31709853510639 
4.34206139224358 2.73872036784502 5.10892303389353 
4.11552244586347 3.45442755713177 4.91895818101716 
4.32605540698148 3.61092175171462 5.60387059076723 
4.31697562520664 2.77392166119321 5.21776814924263 
4.10222864412668 3.30606636207932 5.26777369869138 
4.52604580265502 2.67149160240116 5.14712746279691 
5.04738334375347 2.82045914013762 4.7888301709636 
5.42784015952541 3.28049254243335 4.79218183171689 
4.89314187711897 3.48788892637169 4.47895806306818 
5.33647162832366 2.94082184274253 4.91948046704041 
6.07563300996586 3.73549484402237 2.96443695862347 
6.11739734114048 3.28620812622258 3.10226134299166 
4.44386559693129 4.92474652904131 2.24799405839454 
4.11475946923286 5.16431595419525 2.80689301085608 
1.57679595151823 4.8935838575426 6.50882626740354 
1.52417844013774 4.16140100438423 4.04720394584001 
1.42949982806976 4.31090206057736 3.75928751770843 
1.30713652514809 4.07728125542369 3.57317346677571 
1.50195897568948 4.42051552917808 5.85217162629045 
1.64191495626996 4.81131378672735 6.00016269663612 
0.944987034840813 0.234511658721511 4.15605291431266 
0.142962341573788 1.78618048773183 4.41433856375949 
3.83881824740842 4.60103456704034 5.30115595954898 
6.43984840075048 2.42147384677212 0.244313416797517 
6.25786198978555 1.90029685700255 0.872795891658641 
6.52897016709612 1.3867344121219 0.735714675796408 
6.6602856415821 2.18932692720868 0.534227661336571 
0.681449983453759 1.89458867933922 4.92873539610279 
0.483953498789991 1.90861453689897 5.39241985879857 
0.408538817562734 2.38151330692382 5.48876139365635 
5.51532570225818 5.86051543562237 0.279834801829997 
5.55689839402465 4.91474204236561 3.20368540976938 
6.65309987682001 4.86411411413156 3.89683960608456 
0.23103744769995 4.68449691667908 3.99661225617245 
6.77178920510489 2.59514501860754 1.11567857785139 
6.92663397814223 2.47034399196399 0.644336908378661 
5.68847665653072 5.96358450961141 5.49569295131761 
5.90664260610638 5.40749581995313 5.90475518781502 
0.295160147686111 3.8215912372642 2.65008554758168 
0.216146625189665 3.94194907250641 2.94875302327473 
3.61376193022678 0.558776852233741 3.95305841168926 
4.35993895779828 3.64694873124003 0.497241378439072 
3.97302049472385 4.16997085000944 4.74786644703725 
4.3359699793342 4.82991710443182 4.75076489781221 
4.61997007958515 4.38995551971262 5.72484577082323 
4.24592111011351 4.41442666812306 4.4227490192808 
4.24904623818241 4.30305526485849 5.60164491597139 
4.02033934363218 4.51300201898862 5.15449541109062 
2.45334624191119 3.62059979801762 4.57780145746978 
3.19430489517066 3.50304383996526 5.01493936636777 
4.66782051155913 2.20423776470071 4.97425348198668 
5.53533433004753 4.80830170998617 6.51007915872986 
3.6599887367692 3.59816014539548 4.71675245224919 
3.691787223046 4.09425956907683 4.65095701567457 
3.59095005112971 4.35478015412192 1.82315765804194 
3.68590710828408 4.18438549045404 1.04074864707249 
3.40967140325324 4.17251881154257 1.52869809738044 
2.89468674282095 4.44593204350647 1.41299167019947 
4.27638867689084 2.09511936310553 4.79875555208173 
6.55836910218921 4.60514224579807 4.0991108585585 
6.51386341807041 4.15018147130716 6.03985841998999 
3.03026823479198 3.33079502164675 0.495424013708046 
3.12087932997055 3.28386801147636 0.861082457852116 
3.75594572183772 3.83556435004599 0.942592029657272 
3.39397321494343 4.04496860696504 1.56076452650136 
3.66371876358429 3.6967546013669 1.10418490736701 
5.26940736008948 1.76379696412808 0.968257999821815 
2.82442462201573 1.05562585064949 1.13976374304972 
0.671550170899509 4.34854364374005 1.10510459913606 
0.322214529001906 3.87336038879142 1.22490904564043 
2.47403829133733 5.81631282634593 5.53029169660991 
4.33572896231047 4.55175100213718 2.67946712071054 
4.49927355113388 4.64982318929419 2.3173608920566 
3.08064016795848 5.32944782922223 3.44192546634735 
5.4882343444383 3.96701305100293 2.39323861622099 
6.06011875647665 3.76549661967416 2.64148543217132 
4.83681425513794 4.94170670067268 6.06466195725876 
6.1293637524931 0.773586732709378 1.15013498371982 
5.23563919068703 1.37826382470734 4.21015904210151 
5.39518603719439 1.66901058332397 4.41157770638513 
2.15134868408896 5.55431876289382 0.533736827398391 
0.703183196313776 5.376551777442 6.11895161242422 
0.502684051242666 5.81309218117502 5.8426983830562 
6.56037953205263 3.12703650143392 3.78290576526025 
6.63713174340519 3.21613968336645 3.41368330670115 
3.18784636212007 0.847199837580631 1.37887999802822 
1.97050155595045 3.35003252967252 2.50046283913812 
1.45753896223757 3.92610758855567 6.23134801281942 
1.33591380906513 4.20073806836406 6.1879012122718 
3.06905565402215 1.71457235978621 3.33870140709053 
3.00198205221457 1.93529058243242 3.14968606423914 
6.4931776232472 0.20997299844025 3.96974236852264 
6.60185649696745 0.449809365668159 4.14428351589365 
4.26428435563871 3.67331882664633 4.93336444368865 
5.92293529493266 6.19121935227294 1.74427509090721 
5.9294529905072 5.74737999702957 1.88812313033578 
3.44485932597364 1.77012624172316 2.14961108529172 
0.394284625375622 3.36787543270979 3.11866934916225 
0.744378469696483 4.82810391049541 1.9370807620475 
1.29366620318697 5.02136490872137 2.04845490476561 
1.38233624686519 1.76165712561909 1.57395644472467 
1.19832189705862 2.22443753921176 3.77573396257951 
2.46530797487482 0.720837697554865 6.40678071451309 
3.988103558688 3.67133492860915 5.92446581579448 
5.52184715309068 3.43725525323638 5.49840862568413 
5.53732333827616 3.58170989058836 5.11761008145516 
3.30097648489634 2.54444751655119 4.55291778194506 
3.82522731633931 5.36094363462882 4.75099009723747 
3.16198707409731 1.26008136916904 6.29418546473921 
2.24970637577111 0.303639250414554 1.03454132046 
0.094439366675354 4.42544440038472 4.20159848684817 
3.48979159916913 1.0870077273179 2.20068177194641 
5.68485822154008 1.85768176716476 2.43761097511979 
6.53764212002946 1.83458927610926 6.09688220033147 
6.61662109902487 2.54155020509018 6.06471392253612 
1.08972644020443 0.37927929285071 4.44379682654002 
0.371136750277962 2.28261125237863 2.66250911647571 
0.573655863275318 2.31083466800551 2.30408983166838 
0.493986016757889 4.96099589769903 1.22347182931894 
0.414386018085895 1.63204274140981 4.7112977654399 
3.85876522001828 6.48526943403156 5.16838102285908 
3.97255160214248 0.137911929284353 5.31802830361923 
3.52198187260761 1.19488069866666 4.50282892212812 
0.770537124446757 5.3426379889373 4.93907350220228 
6.54139554553659 6.6059486051007 4.13001604119223 
1.33266470081999 2.171340981679 4.76185085407846 
1.46909593764831 2.17233626165427 4.52192441333976 
0.635938217110551 5.30653048626303 6.36893126803433 
1.16376147145138 6.11528917219549 5.92822698318058 
1.44339802636971 5.75632724818597 6.10514061075932 
1.36144191382103 3.32909696293873 4.45861254163049 
3.0682920836489 4.90920287495095 3.60284497450845 
3.29241511923288 4.86908162666365 3.07027350961215 
4.06552449168397 5.11401238769668 4.19796632743982 
0.815248581681447 6.16742370099522 1.04191297502576 
4.71482485608539 3.22277686800282 4.46606312468701 
4.26077675368415 3.17376753952338 4.70989244037907 
6.8363309243296 1.95888136535391 1.83397105782034 
3.96194608585717 4.37328261308521 1.06189850449051 
5.16277789596304 1.07553188712428 4.79924808876832 
3.46517963902735 1.4277289482289 5.14808974404791 
3.63437215144876 1.15371494787257 4.81940832784802 
4.43372311576488 1.05117160079991 0.771654067699456 
5.90432573505991 1.72939551478279 4.21855646470174 
6.48226012719072 4.91640381734907 3.46846654742823 
6.28475766959787 4.7427334460821 3.32414950512887 
5.58481224022922 2.7458059041411 3.00934113064146 
5.24014566062391 3.80208710029255 6.53906245112986 
2.94928258446681 2.90393128158077 3.73223172665033 
2.59772538804478 2.85029253151327 3.52636526935321 
5.76514042239665 5.0865662411654 6.75534461495117 
4.18914445802891 3.44032885067825 6.43188913170313 
6.25652099963824 4.01471885858731 6.49915735236453 
2.64600875971575 5.29912569570651 2.51458430834858 
5.95266252442032 2.2200026653638 3.98995060362299 
5.62351333983477 5.68156347697875 5.71451035690352 
3.57731858633526 6.10570985487053 0.87004818651405 
1.48261470126526 4.74174305373585 6.60735230378382 
2.69075105396566 5.20828170103668 4.84747249699424 
2.47888185428573 4.99924732440331 4.95821618321553 
2.576174587248 4.26541006111703 4.83033961759621 
2.54436015185711 3.9420849024334 4.93943649339973 
4.04077322779675 2.63618931676954 3.4983882836782 
4.19538764806052 2.66100938773033 3.72344039175164 
3.43281196211567 5.82115051534903 0.76276546989763 
1.1904656264639 6.82047548040869 4.41133470924481 
4.27980014465786 3.4478452492906 2.65006996841357 
0.949394568548626 2.36150902918242 3.35502195934816 
3.61729746053296 3.43382487925407 4.47500556946306 
4.03198361466587 3.10531825774721 4.46166847510277 
1.46769424691281 3.87893983841132 1.70851543032003 
5.31312249682202 3.85325546192021 5.12749245649377 
4.81006481322149 3.69600306911943 4.62379374401487 
5.84100063799897 2.30627318835284 0.39936008609235 
3.57576749939988 5.72705351372605 4.01092323978327 
6.03233331219439 3.41479593617238 2.45554830205046 
6.08015825458812 3.10696023628292 2.86412336042901 
2.21973723256329 5.14334069556568 0.688979449381479 
0.965418589551821 3.81869627889927 1.82168620163106 
4.30122696618536 5.00950235959571 4.69724590421882 
5.93523212778642 5.85899333597276 4.68343242562535 
1.4714755245106 6.63257254853888 5.52685469171212 
3.36903093272684 2.20914718598332 3.11656035640252 
0.53274984376225 1.48541634396712 4.62294457601768 
4.86983000037141 4.94402036550207 4.85907377617337 
5.42551420507442 3.45967323236362 3.59287084842172 
3.01906369071494 2.36736811389387 6.40915418655975 
0.928028091229747 3.23021689649858 6.10790667668825 
0.982881046417335 3.42320966559207 5.94213065349701 
6.63350514202788 1.65227957268787 5.85723352056602 
6.81633869740248 1.93222103121126 5.45628552362294 
5.39333096820313 0.572827690595114 2.59547288672276 
3.04147360069142 3.55928151764727 5.55821598366673 
1.18532141678916 3.79467370818728 6.24315081774572 
1.05809244418322 4.08426118175081 6.1989420730237 
1.30639207916696 4.34669686857329 4.42779550962511 
5.59730073241793 4.20589608283956 0.52863509328969 
5.99182880703451 4.33004121402912 0.300611693255012 
0.317701429218244 3.84186110459703 1.29751816487207 
3.06317512687768 4.96363835844816 2.54610198623231 
3.29116432398398 4.94846220754843 3.03356115661953 
2.29388364248321 3.63515512497034 3.19270712932889 
0.990531643368908 6.10250029084249 1.41493683079985 
6.335846899853 2.49749913297992 2.7827539834594 
0.598115000747098 1.74991966621272 3.68583363928349 
2.32630745609175 2.32918290612879 3.42001251191515 
2.34501229284747 1.53178030472626 1.57033880004919 
3.5085222476035 5.42020157815408 0.842942772518118 
3.86952670411436 5.27046403448383 0.911408056073481 
0.691153026588243 3.52410724233323 0.771524290054163 
5.5337681217609 2.641001204687 0.582334654885518 
0.80005873567281 0.737976873332159 5.67439196190892 
1.73580972647228 2.38921635431954 2.03262412392723 
5.90723242801085 2.71039623046107 4.16276989139973 
5.95122502255187 3.06986332759052 3.97341645587438 
5.44449137699655 3.61844933891908 3.9464077093737 
2.56594414496795 4.85628414050093 6.22742865646104 
1.43162625084749 0.724614140738394 0.677394701295378 
0.0803616087613154 1.4539446694549 1.58443940511719 
4.77069591098354 2.48853935810947 1.81361714888077 
2.67791103072735 4.84590595219555 2.39287876251437 
3.03053292497545 4.83694783873591 2.49323526175946 
1.79635795091306 6.60017143665233 5.32991945341883 
4.22568753896027 3.14091426286309 3.99592251114999 
0.964232991972437 2.89444022970813 5.18509135766881 
6.56080332296296 5.25880382429174 1.52087210728393 
3.18543189315395 1.42261785154733 6.08876814595164 
3.16062482010495 6.70256702333988 0.793575933733022 
3.37594707921878 6.38008798843502 0.630126170442818 
6.15304877938802 3.65309943500333 4.35536457032224 
5.99183862131965 3.4525127408682 6.52200181827126 
6.05328340059205 2.97196082724356 6.34579667049804 
5.72197329174193 6.84753165828486 1.14974392827433 
5.46432274762761 2.76739916452018 4.84638279621044 
4.40126343076737 3.78858690071502 5.50299748642747 
4.42547634618322 1.5167176576816 6.73108945682241 
4.18024511191091 1.09550359078501 6.83705763473221 
0.618793252566112 5.90624467970083 3.76874902045627 
0.481345473920967 5.72935031354426 3.77722578243993 
2.35831552203589 0.761089427216562 0.75713298699881 
1.99823774355902 0.995572363752015 0.749633882528102 
1.84972308215515 0.985124667775707 2.01087103426634 
6.08393639885638 6.55034743192127 2.80024514592641 
6.84340288338324 0.866822391980132 3.77737713358567 
3.97595358341311 0.307732074865888 5.00785800906701 
6.34127214627578 6.20308427406397 4.98539967997911 
4.44845710314274 6.30602517510878 4.41081952013121 
4.74923688984805 5.02056120170228 0.341782838720651 
6.42104605208869 0.768615035330576 4.83112582853894 
3.52845224190997 3.21713178357686 5.56738311628741 
3.1990814466361 3.30854544329351 5.39675977233631 
5.31802214998985 0.962729096987509 5.90197916887025 
3.28288863927723 1.20985384719549 5.38963540539404 
0.809416166403978 5.85745332276036 2.15774167274206 
0.720641705124513 6.04108578988116 1.97419261067055 
0.337326003424957 3.69579037170992 1.2583903426947 
0.981517663333078 2.59374881996629 4.78037194717872 
1.60013910467516 4.05021068090229 3.16066304175876 
5.53284293678666 5.61156634485604 4.92775232596469 
2.11433805550188 2.57759411110248 4.48222810119536 
1.84401131698315 2.84357274332123 3.79008443852406 
1.81757631664619 6.52733216321366 6.52246461183133 
1.55404339053134 3.48079882192212 1.45815259304209 
6.14721477423787 0.8339506461402 0.424082308571388 
6.16745318025854 0.972857683696858 0.357492245100376 
3.31437513514123 0.767783873349361 4.39785290315936 
3.98669420431927 3.16700894839014 6.51886496276501 
6.32759884243556 5.62699269488674 1.91716618379356 
2.51491048780277 3.71190939352127 2.19191315290444 
2.69261757537664 3.61792815028895 2.00047304343909 
0.833539351232207 3.44812250902791 2.47304340972934 
3.64366957044294 5.95348554898869 5.98593933977576 
3.20138372024339 3.66391633421943 5.82203325864095 
3.54098989551968 3.39535480634664 5.84975494736929 
2.28849367680737 1.04531445049759 2.28740891897256 
2.50251515940073 1.47114553154126 1.2254229280833 
1.98977402870698 1.28052752951693 0.894025980778453 
4.04997057458878 0.441079926013804 0.840029994504836 
4.31849592612514 0.78811254538069 0.618612252792649 
4.20882184464834 5.47787477576747 0.689823805658186 
4.35933889632407 5.17356747077547 0.341671255494826 
3.01002057331071 6.7172071780789 3.53663121267471 
4.65742336723237 6.00447547465944 2.1534189171432 
3.20512772066637 6.52875581132306 4.3604301578743 
4.08271067606504 1.40344083861912 4.2879037222521 
1.93625369807286 2.20386145046369 5.02318236352725 
1.68344746294567 2.1887401148413 5.1286645781896 
2.25938453484985 5.41552105485913 6.97553905770984 
4.02816778983914 5.24029276854981 4.90952184897088 
0.196611099944082 4.71873775549098 6.39182034087862 
1.73572458968145 6.85819127271672 4.87808048698972 
1.73391656700258 6.87370533810553 5.1126648442417 
1.6745702519094 5.99551990807379 2.67873259654762 
2.94667630518154 3.15234964961487 2.51179694262797 
2.92294590948443 3.5141817602885 2.4310008834201 
0.669533132209923 1.54776340140874 2.87248763523418 
0.268593367556739 1.04793317676668 2.53573950180731 
2.49812161030944 3.09407900017905 2.74286477475099 
2.64365213236996 2.76750776969522 3.33410156251323 
5.18059265301089 6.25392623501059 0.371458863417782 
2.90658044585582 0.474472756363035 6.31759343363651 
4.42007777425141 6.42455113420783 1.33052049331188 
4.40589397923 2.59485623589744 3.62855073895407 
0.271905590499219 4.88482761095081 2.18164625085597 
0.426556165267272 5.06793310116754 1.96729034758418 
4.47891120032286 3.48624518750339 0.594646418103322 
6.67878950837328 5.62639018490147 4.7611064393471 
6.09584578852212 4.74461964565462 0.310668432844755 
6.09111780590462 4.7925534758065 6.94514956851329 
2.8799496025122 0.656691696033561 3.56230452541443 
0.667305573158128 2.80644245806248 3.4894099023335 
3.07863627391436 2.27028016354322 6.15776375949724 
3.3880480499685 1.80159402908471 6.2323349889886 
4.50177408766427 6.4341792717388 1.13005339100696 
4.84826563357865 6.2373990837043 1.06943580956022 
3.07911048112057 6.52737332748816 4.40980572689145 
5.43671405339389 4.95161722916535 4.35506229186086 
6.02204049473001 5.11171812559948 4.50736786688403 
1.65506141028035 2.79202496371033 0.326796204929062 
5.39594738050725 6.85254509953216 0.898012851937906 
1.94318275441258 0.380139758554012 1.12265715794151 
1.84093597342461 0.915409841284892 0.867474653555713 
5.11830721300906 0.479593659145596 1.56678464638207 
5.38912229247111 0.321548445770087 1.8828256680012 
1.189221125004 1.9838893602313 1.218731520114 
1.2529404005066 1.75832715103522 0.941766245479438 
1.23719126120387 6.41557014385412 6.24745333485605 
4.23036720023815 0.72603899922189 1.89444200415448 
6.17391771606424 4.75517088958402 4.55379982202143 
4.86610271368312 3.9927150342699 1.5175831824616 
4.03683345005964 1.25345602520473 4.78984983895689 
3.57330579677866 1.01315943679726 2.25722269107833 
3.54323032708401 1.05458878459505 1.64494300155954 
4.71296662108108 4.19765749192105 0.0833502308983304 
4.62391398943744 3.9140763915921 0.0913819637503931 
5.36774197312358 4.03687509798541 2.0259074528109 
4.84200749488238 6.27714381392503 1.98457581091068 
2.3510813378263 3.42630652530353 3.54344170921183 
1.9783959397319 6.39679112745667 3.53083734856844 
1.89612784788688 1.56857103989284 3.62203270620421 
5.52065563932351 6.75766599743122 0.461392095651043 
1.45636059713824 1.50937291748153 1.50950917737313 
1.40512285795346 1.40861645734395 1.11042841813791 
3.1960808632219 1.81231949687881 0.470071367303826 
2.69306492114639 2.13616900086011 0.754272391773628 
5.08396314717691 2.52242163873151 2.48057454946963 
4.60871196768584 4.32347518981119 1.37599100683937 
4.28105014607144 4.21167712374038 0.983471631295608 
2.64830506904885 5.19170387094043 1.16874293785258 
2.83792484791788 5.07670239438292 1.14858156887062 
0.0341655318910509 1.2671317295565 0.982451554374668 
1.37901375801267 0.960472015065225 3.25774116695338 
1.7691085118353 1.09953995942158 3.42668862736196 
3.10529930958531 3.18517560207665 4.4831559282787 
2.97297713207186 3.22939730291629 4.64658194128584 
2.74028015563049 6.88458696508028 1.80879817159574 
6.79066732128581 2.61444601412795 3.77474590022366 
5.81347568937224 6.18492063793766 3.924562817995 
5.75603574130077 5.77531750339162 6.71268301772602 
5.95573953253143 5.4022692371692 6.51610227311266 
4.66190474835625 1.14293409844056 6.44846277899879 
6.80150687673787 3.61294216058959 3.42016609355588 
3.3068389525741 1.00481701911512 2.31444836403911 
6.49912695688551 5.66534213109996 6.66518131899175 
1.92788079886269 2.19447942906917 4.66348564352626 
2.32689486679333 1.73874187968355 4.48614111017673 
0.171901619289604 1.70912454718688 5.37554609187744 
5.50566865424491 5.61513696649822 3.44579957134739 
5.45634132921478 5.30141407214513 3.51750064318079 
2.5050465827978 4.59479746988651 2.54723111931015 
3.01602911351183 1.24767607217016 3.11669693687783 
1.34961541534431 5.81311847161143 0.153497233189761 
1.01097157235599 6.87831268829388 5.14652071698871 
5.91353223291044 1.68856690866853 5.16334848337228 
5.58039175941149 1.98894652853921 5.25871288278177 
1.06832119732449 1.02709565260321 0.910678075863564 
3.64016287168259 0.793510074496835 6.59187807315395 
3.33680873480707 0.890996766407402 6.24669689568777 
1.43736542119554 6.73539352915567 6.10450330756018 
1.7516780956684 6.77643099803025 6.26604124347297 
0.350432299102455 1.49269220513913 4.04751763911499 
4.59523680965528 6.29062350781095 3.31952764583836 
4.49761663266737 5.8703385519189 2.7248083411488 
2.39497931435637 3.23399773325483 6.31310549635863 
3.74587184601195 2.80544218358581 2.21078991258501 
4.17122681809453 4.78673840825332 0.34344301117638 
4.59962495063062 4.54945546427332 0.333798995996175 
2.33916480653524 0.940191407319748 3.14065865241468 
2.30709947623749 1.17263278423231 2.49877668944719 
2.74455527805235 4.16129013020636 6.355541701631 
3.57020554501835 5.27629036981586 2.23573225425362 
3.88636192939287 5.26705508232525 2.77894509038029 
1.30780205923884 6.12448888859497 0.128792024768662 
6.46666692430369 4.07235442740367 2.59113443448256 
6.58538902532003 4.13413700929479 2.90536765123982 
4.00926222067936 1.21569846995105 2.52460506306181 
4.32428836228232 1.07311560496769 2.36615401100191 
4.33839994080008 1.22595396302468 4.1195382724667 
5.62763057843214 3.91265521185407 3.21777893841689 
1.8405027608945 1.33926941763145 1.49230546774615 
1.81226619985272 1.22200821397392 1.03814325394217 
1.35484824469219 2.62380116603554 0.475688161177612 
1.49984855980354 2.26585556451579 0.844813231602276 
0.734803826921428 2.05918156101962 2.90030951059841 
2.38984492235974 3.37390826897835 2.71277879164759 
2.68352722561113 3.62283163011832 2.49092662800509 
4.13507429384107 3.76552629963799 2.86829378175932 
3.70799382929368 3.79121207826698 3.13373523448996 
0.89151303014757 4.43168494461427 1.41393309384306 
0.867812576879157 4.72360649262728 1.51182804408086 
3.85307178737234 2.588896676359 4.51157022891914 
4.04469030731403 2.40415386067717 4.88963704735623 
0.240263876199232 3.66267426681531 3.24346426847548 
0.764010963543126 2.9489409131444 2.05610693850561 
4.96283955384582 1.0197512606385 1.51877127362958 
5.47749283852483 4.33350571495499 5.03264698931345 
3.35150202175777 5.8059959150653 1.39614604699744 
5.18627151431372 5.90982305310854 2.76101480156275 
3.93529998435013 0.794587242383778 1.57546379806053 
2.72303794816673 0.136392466916967 2.75942579448732 
2.92445913000887 0.227633718851011 2.41125022274215 
3.55943856901202 5.37989544753559 6.43600948603624 
3.56168213537284 5.5338122902294 6.00897219473556 
2.1344335225551 5.54265914963604 3.12857648731846 
1.45656770801011 5.09932628057632 2.78090804605047 
2.50989380975264 6.43436438345888 1.98351633512786 
1.92467273882713 5.97459958844567 3.12263781811824 
6.4219589360216 3.97720393084566 3.11742273808589 
4.94876491485221 2.43025481827127 0.824920257227018 
6.85715588628426 5.35037796843179 5.51466175063511 
6.82104918617725 5.22913125153998 5.12311500532063 
3.89379082514401 4.14856413983244 5.9392239097705 
6.06393397393204 6.41132173516114 3.76613247961561 
6.34332364166046 6.66469813845386 4.1301927082669 
5.72034043531917 0.219150391238469 1.34985411738264 
5.71017031838181 0.170071277606564 1.71844571377615 
5.66902654129563 6.34379901805169 1.5819695729508 
5.68555527489802 6.44574101493836 1.82706012465291 
1.10513965405761 5.23999148898092 6.64538472793767 
6.10946717044018 6.55598289777108 4.54858275988112 
5.79299101773071 6.22102366486554 4.35867657690728 
2.52099031774431 1.1092508560703 6.40011412175236 
5.10743994970047 0.978472508852852 4.53073526160302 
4.19871006459603 5.48391854146389 2.95096745026587 
1.7371780396055 2.81084346294406 4.1903969692396 
1.69296567590344 3.26118399924845 4.33698031955191 
0.855817881663457 2.16624413128845 6.1056598123316 
0.636141195088141 2.5044743221412 5.90740310508922 
3.53816725718858 5.68724327756698 0.670341408344869 
6.3682394156993 6.25040906507257 3.04606674514014 
1.97021481304161 2.11416080075215 6.37553651088633 
0.871141665018779 0.409473336886806 1.22485824925031 
1.38285574577981 0.0366894820265701 1.56846945417356 
2.66005014240202 6.61011766434383 4.17315555664104 
2.39786383899392 6.23761028590909 4.12635950631379 
3.31641111448038 6.22906505097532 5.08140751285557 
1.08375883818795 2.75585893540024 4.40694876617608 
1.35495567819839 2.52651902178554 4.25387059232145 
4.64840914510925 1.38758111228427 1.82590584858404 
4.56716964412705 1.38995137985752 2.26067267338357 
3.68242010091665 4.59155170304254 6.64248084114865 
3.99192682933802 4.34865429032119 6.27850637687094 
5.83511394202265 2.88041996447532 4.60158741743041 
5.81511517342147 3.24442145536933 4.56828853385672 
5.65547505409585 3.15271627922219 3.5458712263199 
5.42994837540697 2.86509550489999 3.43004361754057 
2.35682022169778 2.60904159203759 3.67587442107801 
4.22815515462618 3.78515925835157 0.871724096594822 
0.140288048162861 0.956166592390103 5.17442615556886 
0.155097144185675 1.52227251744291 4.96281515895685 
6.27198812426607 2.20577740120556 2.35715232623255 
6.28806070025205 2.42428010863539 2.04300763361024 
5.98442907085844 4.36710041493605 6.85023176945198 
5.70976590446921 4.32409923893778 6.6476910277515 
2.58643575241806 0.169892761345583 1.74141239611375 
6.1932187654063 2.48314981754652 4.14282308842668 
6.71752664858291 2.6879776308406 3.8973360160245 
4.34551439085095 5.36856105496789 3.8947081756185 
4.44825998374119 5.09705507569667 3.43997710175078 
3.370791315035 0.663076321895825 0.448798132748742 
3.59901440549676 0.387995927843246 0.743662883081593 
5.72964791543144 4.2992797846109 3.49494407963861 
5.93809170255348 4.35190792138226 4.86824532604199 
5.93260977544454 4.52668022947815 4.52986428240409 
3.90752872241526 1.36348417471151 4.18817653089803 
4.83324137190881 5.46852656972722 4.0387294399464 
0.521354677989908 3.85056718290655 3.62174367201986 
2.37531044958308 6.32656208639412 3.74781892322268 
2.6427043689846 6.69041172635534 3.8679802633222 
3.85964757535099 5.15445035316433 6.48555658537537 
2.50855586468379 1.09146120614696 5.30725052707941 
1.78372615426724 1.54051153556255 2.69296597478266 
4.81943436035683 3.64587801307809 1.33310570931364 
4.3979279154548 3.58130791007895 0.977987219995002 
5.59128973074285 2.9553387312812 1.15211036175202 
1.54370490835741 5.02425118133646 1.71567522593526 
0.35643639513707 1.63791174554119 0.656334089461754 
0.547955115916798 1.53936883819042 0.549628091549703 
1.88496830347275 4.30503641801315 2.09654733124034 
1.9161528479819 4.490177145578 1.70453490414384 
6.8106687862802 1.51241990927257 1.67066697687913 
6.27143190288386 4.55551629110672 5.11359117726944 
6.37437202659837 4.72846849467941 4.96001528198598 
0.790668348450381 1.12934652875893 3.46206430800867 
0.663056665398973 1.59297844084277 3.78645894313455 
6.76928205017826 5.89925015027077 5.60448013666029 
6.61042411739975 6.08273881263972 4.97929963273357 
6.21950361195299 5.93490238461484 0.546497736519977 
5.1135335927223 1.38460700934604 0.63957384569947 
2.01942134655018 6.378098513369 2.04244607757319 
1.52566053530261 6.8626233763222 1.89144636380025 
2.31450446527809 4.31206729838295 2.12205067016694 
2.38697330532167 4.46772680431658 1.7935509060967 
1.13373435102611 2.35891861400812 3.2742566288201 
4.92880314387762 1.35057679308136 2.45674685353943 
5.32354479445712 0.421630285959269 1.19698745703894 
2.30080392583146 1.61326602229574 4.37980623111949 
4.81876650396733 1.89927052612475 5.20979095581044 
4.59569126046939 5.90223163259942 1.75761602064911 
2.98729821086113 5.1050335103328 6.27905385087796 
1.97097792018834 4.69152500108019 2.88952993700969 
2.02073521212254 4.50806901363743 3.18840416944199 
5.45587035834057 6.27791662091409 2.4901560029713 
1.53667068026126 3.52455308132988 3.47469114759106 
3.833296446874 6.40643965029821 4.85046446399632 
4.1088878547438 6.13468911497447 4.7427796654346 
0.226403107523315 0.958989022006602 0.909937620198433 
0.584406079553555 1.22271723169865 0.572258496045696 
5.1851377364409 4.50890654701726 2.45014048993128 
3.99239692324207 4.14133710513343 2.62084450580818 
3.61476228493292 4.19698807223361 2.82558530399311 
2.96888539426078 6.86190006847304 2.18292112221778 
2.44869661560251 4.21042131497482 4.26094019939003 
0.812991885496 3.23112787108442 3.41163924924665 
0.256547690219506 5.04280415929165 5.05662179783004 
0.189415761074168 4.52594580930586 4.97723757177347 
1.55752491867304 4.48698580748215 4.70527673381716 
1.52300944932107 5.01815165483096 4.78779821097573 
1.86584312086903 3.18800706681877 1.67338772030263 
1.63064842361426 2.72893383951184 1.77740337588771 
4.71747459956583 6.09690092409682 1.64430681808103 
4.97716860748902 6.02990048183026 1.38743988251418 
5.7052782033015 1.98264048867303 2.40771529932308 
5.51963303468181 2.08814414310827 2.65776984304699 
6.34696334047346 4.30530591276029 3.94176874609481 
6.18338906160224 4.37537218712645 3.47982053943289 
3.52585442493851 0.409849177595341 1.21791278801042 
4.09613370123276 5.72282300746071 0.559953516827935 
1.36519520096214 0.3988352208954 0.775092710005395 
1.65928760420186 0.161539153833961 1.03595808211684 
3.60044223261675 2.14360629252718 0.427818580159239 
6.80235443236911 3.89003101834453 2.32261085194753 
5.91333883223251 2.42494896901855 1.77820839675268 
1.83766033434562 3.36205642986344 3.7412397540555 
1.77565712769522 3.51788733843205 4.03433076025347 
2.64468506003804 5.59191563616375 3.36262620313228 
2.59097832671542 5.98493791776471 3.27981617074961 
6.18840742450439 4.11845132974917 0.46039905205711 
1.32412210818028 2.27266355269376 1.1717133296156 
1.62098278493624 2.62199100446688 2.07210720559029 
5.10539021245601 3.03052568337982 1.5436977148288 
5.32146308495636 2.9596929787219 1.82460935282079 
2.68680040087339 3.64892959505729 3.82199127990826 
2.3847958813802 3.79506303288189 4.21305656041747 
4.21015981245636 4.5384123573103 5.9994621835716 
4.10250732704402 4.3691252496861 5.72908454970379 
2.60438797995633 3.50346749597115 0.456848175669229 
2.41182479408814 4.86903313925561 0.395982299482304 
2.96750706819467 3.65545936071775 6.14021595961447 
2.92941349128664 4.1142421298429 6.35773857595915 
1.6524004364842 1.52600432455448 2.95215761244562 
1.85681353483694 1.23167732625411 3.34844847560117 
4.02924328303905 0.678540102273301 1.83249798965366 
4.78110902218289 3.66180529721549 1.81390668018195 
4.84530660627568 3.96286572227314 1.7421202420703 
5.29561139073317 6.44087485318688 2.12033727506332 
4.72188973572713 5.66660203356778 1.628884172117 
4.99142342696906 5.9413596139639 1.36840908601081 
5.30115699002401 3.34343802085319 0.233379540286395 
2.5930698605642 5.88986359898425 4.3065563723464 
1.60578424562052 5.87872173546854 6.42268295469471 
1.4786372208595 6.23470154082531 6.52163279645403 
5.92705317554411 1.23697201317127 2.18743321537591 
1.23477359948187 1.10512614328724 2.95389127026675 
1.4508160666343 1.47734395231916 2.82352159211185 
2.24898954178273 2.94269921811695 6.08038027517176 
2.50724633505918 2.42754089534504 6.23900722812836 
3.36945852823846 3.72651061338218 0.298702594034354 
3.18832169442148 4.07588537625135 0.171787349937231 
4.35333163886592 2.10930807345141 3.13100303759248 
4.53055792996996 2.12184949023063 2.71909534929154 
2.49864937718343 5.97147300467635 3.14536249495357 
2.45917813097961 5.62693969850995 3.12221718575437 
5.88106115165637 3.35409174794865 1.96954943715836 
1.93955110681355 0.313373421665575 1.72102213654233 
1.55326948601931 0.0905262195143767 1.81607453911649 
1.65998461789768 5.49745773349503 4.28615873321339 
1.52676058559454 5.47762063594945 3.84993939763157 
6.7721111501305 2.8848764569143 5.12498545919551 
1.09651339485582 0.987236558533474 3.5636039682416 
0.152103114855876 2.94588168460891 4.93604244924722 
6.82242382512867 3.22452748168247 5.16200694869184 
6.73939799009312 3.31495649545189 5.63213825342695 
0.599478736739685 2.68326885521703 5.07930642514446 
2.66152827115271 5.92423178629094 5.11283202972515 
2.47700130532185 5.78847247461123 4.45555468124042 
2.96051588591055 2.62527478929984 4.24162781283567 
2.70900264709984 5.28431257957979 6.71803409158002 
2.77906808133516 5.16939817635535 6.31695480131549 
3.51377607734505 6.41607751287868 5.35480031366653 
4.38316479796028 2.45131154287338 2.22305566490986 
4.10039047837102 3.34330332785844 1.92054048408094 
4.23024570265152 3.59986889733399 2.10463319511982 
4.90083676989565 1.82726548389428 5.79796435351179 
2.22828903223484 1.27169172833674 4.99770039242328 
0.752057392408135 5.83520626188194 3.6210244380042 
0.193827960320034 1.61756309025646 4.03721292584617 
0.232641048912644 1.80118713956286 3.8594931794664 
3.13920802661546 2.92684876097049 6.61416685013701 
3.29956436757871 3.15902334793853 6.49608308626619 
3.19402838790696 5.11729770090846 6.55202871832629 
5.3408004567399 3.39069096097882 6.78439904538404 
2.89269248771851 0.845310168696495 4.24766938318895 
2.51285124082462 3.18146056553328 1.50979948756222 
2.49778410539762 3.54036291879773 6.08122153754773 
2.37868788759294 3.73537992859815 6.15393840750938 
6.20204093331598 1.21872753059885 1.44957783305546 
6.43977436874989 1.43236012478549 1.28884926602623 
3.05564178576057 2.85031780502257 4.51502883466031 
2.8995905454291 2.94652597982378 4.70973512500087 
1.4564867547948 4.97009584256415 1.4780015854999 
1.70990277837489 3.72976857686939 3.15638813367625 
1.58381766064352 3.55529055818254 2.7583217621037 
2.66941052492709 6.05055173261672 0.348965360417193 
3.17575827356387 6.04989266951698 0.44734560078424 
2.23571389601332 6.63422418180677 5.5242622293887 
4.64810681824472 0.685084448498341 2.79558758156723 
4.45201885572305 2.81018988307489 2.88095464003926 
4.5830181151129 2.43858077484664 2.57557520446155 
2.54229769422295 1.8234677346268 4.31390841572806 
2.50004668700157 2.42670179872136 4.17998816296301 
5.72040374703514 2.58076023716747 5.85601893630186 
5.56975956518945 1.99927422466855 5.92158271520256 
2.45329140839515 0.264008565800171 3.84516169945474 
2.73665616833209 0.480721136944238 3.49621827749823 
1.20782375808261 2.65340656090056 2.29526472781884 
0.849858332265878 2.04668991176779 2.82913027022245 
0.868935166895302 2.17179115534941 2.42686040480313 
2.30623784464587 4.02916639894817 0.949829419626431 
2.37151930892454 4.69927483717044 3.73308301464968 
1.96452699209474 4.65071848576182 3.41755549655546 
5.64125967696338 4.20818649996913 3.89729236542543 
6.02090110316699 4.21670651696043 4.16094566991006 
6.08520697324752 3.74842885080827 4.91067775224361 
3.64863144975157 5.64170944832045 1.70280328127252 
3.91630909241433 5.9226426249965 1.76747090941334 
3.86439120336176 0.45364389014537 1.334782344869 
1.82730421395893 5.01559662786353 3.33709823120254 
0.986612556411423 1.55136461654908 4.68704102201704 
2.10654856778618 3.37846070828648 0.940303777067976 
2.39439652080172 3.56911720267587 0.904864505263605 
6.31032895565282 1.10188159952527 1.82774615453839 
6.66848622538551 1.27945289023017 1.97717041547082 
0.423552544390702 1.92059371382349 1.65771259482915 
5.43692454897316 1.24423721682829 0.23668572700031 
5.4420708359744 0.776085720313762 0.474739017272402 
5.15707003899135 2.53553428840757 2.02429736664944 
5.58403292564308 2.14375598760776 1.96802330099624 
2.77799372891829 4.28303821188659 3.92628920728126 
2.8270616187587 3.84777690556514 3.70945340121482 
2.31117662391657 1.2201326064348 6.14666529482074 
6.72978869173492 3.57068783718245 4.06731659534683 
6.7999887187535 3.76462760176625 3.92129579756615 
2.14822456033786 0.337515583107307 3.74993456538695 
2.17414626613065 4.92903966424541 4.64543620895917 
2.16340671543457 4.54496462170708 4.58815851127457 
5.80788691624883 3.84896532064358 6.25732490720443 
5.98422022202567 3.73566419628477 6.27910944498771 
2.11901099127872 3.48085102932224 6.68888740170492 
2.11922637524425 3.69197501309976 6.62110487915517 
2.03650781513783 3.09871281763924 0.465671157748031 
2.39835384019444 3.25462535737691 0.239632044158232 
3.63980473519334 3.14951346065162 3.00511854269621 
4.01406342353688 2.91289871357732 2.27036641739599 
4.11199126138776 3.08974537475451 2.69515535069848 
0.103507160498161 2.84338439135497 2.87766217304864 
0.19694642868969 2.9840762642827 3.16652898565889 
2.17693914729546 3.08602494254493 1.42113137062462 
2.13919823535961 2.62865259711298 1.39535986368326 
3.34470787522222 2.9516578822786 2.79092453054375 
3.24986824157153 2.68421442155948 3.22234016996392 
6.88711548654702 5.7485251339075 3.83244745014769 
6.68343144491181 6.30569279359743 3.77666993076283 
3.43250269484772 6.0885563770939 5.85717756924219 
6.15665636613826 3.58019942716009 4.71571179227805 
6.57956072804689 3.55981020196175 4.95587311259691 
5.31162560471586 4.48575781353723 4.03700593911316 
5.30797792697448 5.50083263453513 2.79375726669421 
2.39848190747523 5.11589522716122 6.9393883750001 
2.25344105849575 4.87198216107864 6.77187641398304 
1.81674782083621 2.88451983934122 2.48825268191535 
2.28369981367028 6.70829479233312 5.86203326377763 
3.84946062502649 5.87480018228498 4.63271536709411 
3.57703674730849 6.2386940336105 4.78026971039985 
4.72460249900519 4.35938583013391 3.01936980125078 
4.51363972650534 4.23716911657068 3.954814550395 
0.310926504470272 2.43374811183269 1.56454189668202 
0.308750815718593 2.10926886018833 1.77454636176776 
0.5889469279876 4.94067983998537 5.54602587278713 
0.474821949973927 5.12353458404494 5.35530199029032 
0.389481038257692 0.729073560233172 1.93158021404851 
5.20235973834124 4.59973971128028 4.61112251149151 
5.42908419856204 4.7021866035119 4.39145825228006 
5.68162771180512 2.93022617619954 1.70267573482266 
5.7695050550678 2.93047012314075 1.29601009270568 
3.11038070807525 6.38065850668924 4.4768394220571 
3.0656715448749 6.32420652295137 4.97307874628537 
1.98207229188085 5.27007375088355 3.47804537627261 
0.474694721380461 5.90756686860256 2.01535022695944 
1.15531913459087 1.14084303326026 4.85073768223902 
1.4000320529061 0.922018936656616 4.52615156095132 
5.39601262324684 6.75747249230945 2.88889341115648 
0.656142901733417 0.522394785144014 2.35956915624304 
0.494975867170904 5.22085204390858 4.73689227803998 
3.1441108338171 6.67436926490311 1.28575351695636 
6.3546984054783 6.18136920650271 3.50908597352821 
6.02075001023271 6.06289806184685 0.255795368502449 
5.01840759487588 0.966595515944853 3.22609623073902 
4.95761779635899 0.871186868660178 2.81461660118191 
5.866532173884 0.717252648707611 3.06433544619964 
5.4791543270375 0.879324272923688 3.42117314353122 
2.8483239097278 3.9936949660051 2.83885895795498 
2.63588495680514 3.99126162488044 3.21750845097116 
3.52799414781446 5.73515062256862 3.3703595821387 
3.70636859317061 5.8592423622071 3.66739131842934 
2.32447894853206 0.639951987127005 3.1943102807946 
2.30727580730876 0.419400248485853 2.80395821161319 
0.207176494138634 3.14788183744588 2.49594379988639 
0.307382874873412 0.487167918995024 4.29469921399061 
0.177837649702631 3.90493058743064 4.04919716196226 
2.06709814685523 0.572535284529766 3.36497514085162 
4.82794310059582 5.56225034010604 2.58274406784654 
0.506063130961213 2.33953137911738 1.2411785926749 
0.581926675206991 2.07556383539884 1.25973582474452 
1.96533639148319 1.76114965607119 6.10759417009982 
1.94858904562843 1.5159490029781 6.26375702584826 
4.60651630993317 0.732960368257463 3.33875958877397 
4.47632252696112 0.634685559492593 3.08383398508633 
0.187088520460678 4.5267854892408 6.29151882178919 
0.366289872844629 5.25341492818954 5.59104620299024 
0.463302479857363 5.09289829321818 5.7519677994519 
0.981685553029883 3.85827418441785 0.491739230767552 
1.40855273587688 3.78310033387525 0.466348225018899 
4.6399870877107 5.2403611582765 6.11413976018072 
0.711915988068075 2.51605285406706 4.80853808565095 
4.88170564608064 6.12731001869029 4.96371285493662 
2.56403026384145 4.34745075943068 3.21106320075047 
2.7726116958457 4.39545281620677 2.83788727013541 
1.46892760063066 5.7800941909981 1.49645493031329 
1.5657422101635 5.46401617886486 1.89889190700962 
2.51977956036204 5.47163336986379 4.35876191322367 
1.09636466046267 2.86663284237246 5.87582510587171 
5.42083151545473 6.31310561710238 6.14568996772685 
4.35928575172323 5.64570231987731 5.63598945939379 
4.73192890723945 5.49258628521947 5.90126596805835 
6.09828877853691 3.94676828734226 6.30222054433609 
5.90401847447198 4.02467870433527 6.28021500346227 
6.73151139591664 2.76268780948213 2.97254423525557 
6.84132698973009 2.93578222756681 3.30288873502211 
3.10464670005733 5.76192948471602 5.31681285068643 
3.23056481014071 6.87243871445894 1.44772138328131 
3.58956416808176 6.79322031954678 1.68777058156698 
0.14573832064274 4.68429242070717 6.29171291639768 
6.77308743917707 4.74160821041249 6.2654854422088 
0.483120508372295 4.91790552174656 4.12597029296975 
5.5099621593331 1.22272272318861 3.55284730025213 
6.86993448023295 5.70632444232856 4.57785976116522 
6.900966716462 5.55434496302162 4.1205693905908 
6.09961331875396 5.9865830612618 6.88412546792031 
6.21601753828533 6.44563287704185 6.71720171761719 
3.3419390639943 4.63223258601169 0.435210973839044 
0.335995463537372 5.53936801306089 4.51754597081302 
0.288858342498149 5.45852084814533 4.18055720679415 
6.07654264718269 1.46735516230621 2.46657255876472 
4.6840566635327 0.266274302846554 3.65555392679629 
5.73641124559561 6.85294676915538 3.42870936965272 
5.77047613548249 6.85993742277303 3.03927571954753 
3.82397386377877 6.23891181122475 1.48987762411578 
3.51428725078984 6.13838275377129 1.26570886942314 
4.73938296326086 4.65083945857121 3.46720458896137 
4.40907890229903 5.01001225562563 3.43903412364532 
4.99925565905788 6.01606490179144 6.37531844127508 
5.38438105554196 6.03710532647832 6.23307495393159 
2.44002687961975 0.385249660717197 4.21848942417719 
2.26817854458802 1.18466696763847 4.56915751608779 
2.74171934450745 0.744088618304392 4.39752500266248 
1.36796823477741 5.85610737744304 3.82075020207994 
1.52239256648309 6.11786302610602 3.53608229659637 
3.62488392998327 4.65815634095347 3.83380405290111 
3.70784613971233 4.27224430137022 3.98393620497199 
0.562591879648992 6.3475173451591 4.83341268617374 
2.36356168102003 5.1552552759515 3.78831755065167 
2.25566734168017 5.2840700437621 4.27135292344301 
0.721497114075194 3.51427019017789 5.28958000672061 
1.18891857214848 0.963238139044018 5.71131833769015 
1.04905588933965 4.78308270909959 4.29776913719773 
0.588195340027385 4.84661503352054 4.3822432504649 
0.857402745481445 5.17170862329399 3.23716808983832 
0.530636432309984 4.78018026081588 3.02066007158524 
6.11659258372441 6.61003846480894 0.348803383548418 
2.88973056127593 4.6186037007076 0.675941520006808 
3.26644656861481 4.49092423836892 0.512310880536729 
0.661550257023389 6.44141692178953 5.14879247544571 
2.71201271998794 2.25568342416447 1.25469859609783 
3.05955797342782 2.67180542113299 1.28417232928594 
1.405882986095 5.99849856294855 4.15609653837781 
4.67859745531614 0.31203748931475 4.32634215647572 
4.45893757488232 0.310123947934341 3.98968153133978 
1.34495640827959 6.81141003804198 1.64465976545592 
0.897051556050703 6.61465155962532 1.6362368868461 
3.154594429608 4.8702389964511 0.470318629570664 
2.87226907410416 4.76359677473456 0.647167909026831 
4.43568399967975 6.01270019361276 5.1097574367972 
4.45091385995015 5.64636989966642 5.21203499163574 
1.00752976629499 6.25719083755247 1.36296093027571 
1.44617146244514 6.47468924982131 1.37918681872005 
1.58497884315657 5.78580617196509 4.39914634899344 
1.88359638232781 6.0194547349313 4.51607665099955 
3.62324977917425 3.03601299647094 3.29770268017196 
3.34252952294121 2.74104362234968 3.37075333936868 
1.04928905358249 3.23194396033995 5.2569759938879 
1.34667304019713 3.50174696203572 4.905842241247 
4.0269904258039 1.06966377122117 3.85626650753067 
2.42626416018556 2.49701353916081 1.52025295332123 
2.70049356485 2.85079617740056 1.58240861237068 
0.123270139769525 1.30557556964647 5.8198813526606 
0.333305695260356 1.24667650873411 6.028047118363 
0.996313732547567 3.24799781436237 0.922180636251149 
6.80043955217507 6.16230619722544 6.2583582503172 
6.67686462372408 6.45097359250739 6.33684134430321 
0.941316405093059 2.86628961813299 0.797546095750586 
0.931839482420658 2.62242572130339 1.18420412574774 
3.01684844935602 0.528200180471318 4.71243328972082 
0.119456200322259 1.13693506939673 5.79223588832043 
0.31400408711494 1.07601682871169 5.97709630268324 
3.48036350081934 6.19930983937907 2.55385144704294 
3.38863605501099 5.1962457169059 5.08374566690725 
3.46527916876344 5.0605438640671 5.28700650626618 
4.35483276459463 6.15776017786852 3.66382247832459 
4.46404312159139 6.01673437615256 3.95559944795121 
5.13673454765405 4.35814424794349 2.88144035275881 
5.26153380149782 4.02059945395792 2.8712020252812 
3.97074434589957 5.30865503619699 5.78388049896602 
4.13748753516346 5.09341404383961 6.05603577028947 
4.13428951560287 4.4393327942225 4.14070959673731 
4.01369082799664 4.82131026345014 3.97127156309097 
5.95410683259153 1.38638918770253 5.59547313532068 
6.18210101018026 1.37170208637825 5.82983020769557 
5.39281449950219 2.6917579656469 6.48685407987 
5.16009258049961 2.88860400632125 6.62453044880635 
6.03053277212319 1.40825964457267 5.96495738923469 
5.82587479016045 1.41886279205427 5.77608341769038 
1.17347191773866 1.24130540766396 5.92098968346608 
1.39975723717935 1.13339215151278 6.16451709912383 
3.15760219189515 5.76735951166422 5.76444063357446 
3.32039696691886 5.46337970455916 5.87966433797395 
1.34602785748239 0.801388580425846 5.7872839027279 
1.48288356911207 0.870104019080515 6.06972928162511 
1.67512741265385 1.30339189142489 3.97407971313634 
6.61143645272163 4.19355778669865 6.19634360763407 
3.50372355030964 0.72533328667891 4.92455320208856 
3.31474216294712 0.587300299671913 4.62364698584967 
1.35400854738265 1.76282742355537 4.1029338574019 
1.73025713619686 1.49562403008077 3.97468217262996 
1.18801998579992 6.10822722183261 2.70626355654477 
6.76888156966372 2.65839579595109 5.8938408508546 
6.90044491454881 2.45567580788104 5.55829854322999 
6.70446602820293 4.81001644145866 2.05389426141673 
4.30619581007184 1.12499735229343 3.57887880018073 
4.19701298594482 1.04481233306931 3.86049549544786 
2.0983954174945 2.70175214993065 2.60259320809942 
2.16261784415725 2.32929128254518 3.08639527652337 
2.12173917190906 2.37404835071481 2.31210017394078 
2.17061052264826 2.02149989737659 2.61356758230603 
6.67998069980781 2.7060053851957 5.35640128463937 
6.59545384065849 2.86946210430419 5.6978761228559 
1.89212062954286 5.61397215176011 2.05467468604215 
3.07599253409603 1.7059637047615 4.28550098028408 
6.69422097868748 3.04874481934108 1.0195164463363 
1.87100059660615 6.16620869783332 4.42537486081189 
1.52800354899841 6.19135575422881 4.14747534633507 
1.57489895385385 1.07773791686965 2.11549402463286 
1.57619566807743 1.49144548181718 2.58510792304786 
2.44286383069271 1.74075859763968 3.79484765353594 
2.69432799198844 1.57970370067657 3.72992216784794 
3.7072424397945 2.03781409412218 2.33144376516205 
4.85614827040771 5.12509523895843 4.81455303220512 
1.21647134897223 1.61212315684823 4.13241834744616 
1.40680878716387 1.28212987100718 4.04399891594088 
1.06779307250781 5.90878180486525 2.63385752233414 
0.716875578177696 5.86406142629234 2.9603034634765 
5.24213042458605 5.63478597484396 4.87323827368138 
5.05805884202851 5.25382013972721 4.60409681118152 
5.09180400119234 6.54191234379144 5.34681909347837 
2.89937782359427 6.24666927163935 3.16214706061416 
3.33993969832537 6.17296388994349 3.18517597595511 
2.34254736471933 5.40788166790353 1.98459077749404 
2.58420945883525 5.84572340277819 1.6605440162732 
5.88140191618643 1.09406789669546 5.21588149675557 
6.20617578640115 0.7041714123753 5.07514812512251 
4.75629674616615 6.64567470596301 5.63935245834022 
4.0404146747686 1.83854782614187 2.55726118610943 
4.28271505691168 1.92547995873914 2.4455360198791 
3.19074346009253 2.40125442745006 4.32556381721653 
2.97543765168148 1.87019044762247 4.42971914268355 
5.66493705682222 2.20259003762513 3.28444382910517 
6.58625232661484 2.42469092601396 2.95450479013233 
4.18253863870912 5.70060468917426 3.87608312055488 
4.10727590801784 5.80114462133727 3.66058971090806 
4.00943457355142 4.95859024220723 1.7307738442166 
4.30148313519472 4.89352255880287 1.8451938176026 
0.209196297222855 2.43976929862582 4.03084945219129 
1.30567026706418 1.41007835151415 1.73512316408541 
0.64302148080643 2.61506710448691 3.86141031664335 
0.70934861333217 2.80520843609004 4.15552448637263 
4.72079137686799 2.24246053902159 3.77367997871818 
4.95294208348963 5.41940842004243 5.09585235813296 
5.20603546444096 5.65450143512865 4.96203083437617 
5.86503403847167 0.472173522528935 5.03406365377414 
5.58729349101754 0.824116279492298 5.1602906205183 
4.22428683797341 2.1763474107349 2.15989413138916 
3.88417257302914 2.24160939434904 2.11128453129006 
6.46884671775529 1.90220288343082 4.73587043865716 
2.75554764418987 1.556156222674 4.12793202615959 
2.5193672382569 1.70588665902927 4.21459558201225 
6.11450289002488 3.61108951068228 1.50623151840515 
6.05368055616612 3.2730549256393 1.1382252420415 
1.4497390008933 2.89842637683228 2.69209589266281 
1.37227469617056 2.70512001058847 3.19373956009923 
0.501596057144608 0.845680658230808 1.73280975682554 
0.486703860822105 0.695219804105322 1.30140267564811 
6.22141462949927 1.62920422777278 4.61830244395779 
6.427065758876 1.41542618546618 4.54408828104071 
0.831632428215019 0.835355981255632 1.67266491215869 
0.757457029628377 0.689249775494816 1.30924405099534 
3.55973260615511 2.60664064126977 0.578668352561251 
3.20527143141417 2.76028343013944 0.721608637820541 
4.27597036931102 4.56023781017021 1.75290856880315 
4.01841920853319 4.59241944043458 1.65157981501883 
1.23045731777594 5.11059687344219 3.67667540572691 
1.06283059313147 4.81938160514442 3.86814074602663 
3.01254219547389 2.9935962946816 2.29796081461756 
3.04463876831454 3.07076215662413 2.18126813423434 
5.54650552546518 0.549521236695898 3.72258269549217 
0.436677671120538 4.59569376379138 3.17619463184289 
0.564396923710538 4.56990028603266 3.57393956443638 
6.30300957379404 5.91340436953276 3.00036774617049 
2.56703653507835 6.29063110856729 6.16340536410093 
3.24014151775409 2.87169465301437 0.942180528295828 
0.932595348733238 5.16312679046536 3.57007345369792 
0.82100387626032 4.87110587862422 3.7786633153448 
2.35815058829394 5.9161384959686 6.36949177503561 
2.42820777542059 6.21447192062494 6.39472961011867 
1.5657757992034 1.85842875177695 5.78569866443185 
1.23259115742206 1.58982812072003 5.71996097483071 
5.03110252404913 0.21688165791824 4.24929361601357 
5.07569010978251 0.18413624495389 3.8194503613854 
6.78440085067436 5.39614805561664 2.97280359336963 
6.55683164834462 5.69411118471451 2.76406224246469 
5.06496107251096 1.06136214779396 0.843040334490578 
5.2620598157565 0.758790039206026 0.747846838035695 
1.25382933609257 3.19389280814732 3.22773330957328 
1.32204944560159 3.275829856278 2.81047842086906 
5.18465123643552 1.05350615047568 1.13873648771045 
5.37687596303153 0.750929668679225 1.0184443575562 
1.6930104250176 1.86872157573592 5.33718480904146 
1.34524146347857 1.57281927326157 5.28776516051742 
0.782938638307109 6.11588272268997 3.193478155926 
1.01902409727461 6.2437659735322 3.1300011106173 
2.52284013076229 4.35223950401584 0.48732820277539 
2.67148607780639 4.07211921167203 0.208828961559626 
0.684242597165351 4.2269636047873 3.45893264125436 
0.542353718834751 4.3077800964045 3.09648613319632 
5.19917889993987 2.40755529217874 4.26355483091601 
5.66352560401135 2.47251377300658 4.01413932647808 
5.98261243270166 1.47922839048857 3.96329146143106 
5.42794668217803 2.53722392893931 3.64272316517933 
4.99291420596621 2.50037520011481 3.84834869532897 
6.36925420217255 1.25240435689117 4.1481730717639 
6.68619675149611 1.28763336514091 3.85051305081362 
4.80140097549187 4.14777338186019 4.21270241628195 
4.77790016366196 4.1675077872767 4.31677824613025 
1.49944221450458 0.349993407870881 3.12887826960265 
4.61322598713488 2.24847623442822 1.18522609691778 
5.67853145429927 4.5134505411793 2.13927568884681 
1.65113820864306 4.81986211230914 1.38738026307032 
2.62600224436229 5.83757817259735 5.89994506904169 
2.53719854315544 5.73057347143092 5.97844054672094 
4.53000812608678 1.7649728365345 0.427957903075582 
4.85583776494437 2.12460131053412 0.895012094005859 
5.17083176273448 2.83328141034118 2.65351584743329 
2.12644059377446 6.10652317388756 1.18047382290475 
1.78332534836644 6.0841219635662 1.49147273289024 
6.31152935553091 4.53039873501609 2.34554079019484 
1.66355188219921 4.5726887833487 0.551919739751108 
1.81190133923267 5.01608169168489 0.814224882465541 
1.94015172473888 0.163424658179373 2.84747363057353 
1.80599116849138 0.271151186031685 3.18437691720867 
4.71106645021862 3.40356834844841 2.7923829096877 
4.78186531806835 3.03020765574521 2.92509308594761 
2.01952201927286 6.05183355138608 1.80640609532546 
2.43480166835428 6.03313601861665 1.62349774565083 
1.43946016189424 6.82355605737526 2.24302090376567 
1.10590838174378 6.68449681198634 2.34453048030224 
6.45499470664716 3.73188213952362 5.1247525233128 
6.60291729595164 4.20201223500874 5.23086016406696 
5.61126449519677 5.0242637903513 2.62076907803687 
5.4330809805306 4.82477817040423 2.36798939825476 
5.50351235803365 5.31029319584862 2.52451733482103 
5.76299104701051 4.52651637812041 1.66205356657336 
6.53975947626758 1.54792413786373 2.38149002326158 
6.62365343295771 1.90579464377367 2.33668308394582 
6.89420035747088 2.03747756514538 2.72068366559216 
4.72955602677232 1.53395379325269 3.6206894218626 
0.224559906480233 2.80156755399454 4.41676172586421 
0.384874969234528 2.67570067160115 4.36218515079509 
0.187156182477093 2.47964016718774 4.22350962684773 
5.99252450326099 3.99364010619491 1.34119900966738 
5.63589237433349 4.22540382910984 1.54482002222829 
4.73823443171545 1.8907539013078 3.43931160393352 
6.51875978267555 3.55141427469451 5.64417035395128 
6.67013770313368 4.00313158922549 5.86216478068084 
5.07364669364333 1.38207779574887 3.39240312963422 
5.2291964537713 3.92286159654186 5.45174016897733 
4.86297863428633 3.90667683913087 5.64822768763502 
5.01235353723227 3.70891848487005 5.84476221129954 
5.32878893977694 3.72275024887198 5.67715497427773 
6.68286099486592 3.65655050018733 1.69806512638256 
0.822813934368347 3.92347063917667 5.04799812812051 
1.14417252306757 3.91620721814704 4.86405584731169 
1.06269947058564 3.98436014740526 4.60706796392669 
0.602349654537973 4.03565197460311 4.73672196873612 
1.9349152161368 0.955122534857146 4.38411188201521 
2.09638648499199 0.501547266440159 4.21286235451582 
1.69578457586295 0.840132724246364 4.60565521021546 
1.62468468721218 5.36179712460025 0.76794909160488 
6.5774610413084 4.5650906363338 2.02135328917475 
3.95862024529611 1.65945049025459 0.803741270714855 
1.39401115169214 5.4259310730455 1.14420261308655 
6.46441341255105 4.29188957939231 1.41307515254089 
6.37854488723688 4.55583361634691 1.58834678927575 
4.13344870776785 2.11670721016022 1.14821188113969 
4.0254803153288 1.82409530922192 0.751523200504047 
1.65776786231291 4.29697463650677 0.655297004130774 
1.58384261888545 4.38402670470578 0.693905459449311 
1.54277830271726 4.46398273879558 1.28075815529048 
4.06124709587754 1.95929285703566 1.39812570087533 
3.94352631135353 1.6251792965722 1.2624894499581 
6.80372779164672 3.95255732473686 1.66233160922623 
6.88736735542226 4.12695691066644 2.02947219718015 
1.68578652254978 4.28586122552645 1.39880229612938 
1.87407814035965 4.05351201827885 0.992736003797414 
6.52316569352395 2.19016233887829 3.45767021259364 
6.0534634408448 2.05351083793726 3.60568033015131 
5.56466965932749 1.49141737101061 2.08062819839824 
5.03851912993344 1.31786825567564 1.74333406067772 
5.26538428190139 1.27320134065862 2.10781345317166 
3.42526045761767 0.491756865706432 5.56704808595761 
6.22238447412923 1.93489694659596 1.11368357362009 
6.38621647543422 2.27536146525741 1.31770863442077 
5.52576824224321 1.90744437548221 3.13963824983265 
5.08900871849782 1.75315230554988 3.18629077889554 
6.03616696431913 2.36065567061344 1.38256432055762 
5.93542902576292 2.01790568373368 1.18247346901071 
1.39877715586148 3.90807286793574 2.49362867317268 
0.933473267819661 3.81301166156263 2.31934824364874 
5.49485607235171 1.98448564543211 2.69575279126353 
5.03007193968875 1.81248662397751 2.79539490971454 
6.74993289993736 4.39448741670854 0.97205670708125 
6.62747427758643 4.33484900057365 0.640896730611692 
3.29367278183482 0.738400731199407 5.22633929642862 
2.99282265117737 0.633822777429767 5.14063847707234 
4.5039827954105 3.25328766243438 1.50961206171209 
1.17903258627909 3.63826209943917 4.25281561169227 
1.31200648245082 3.76587979307809 3.71409861199614 
1.42852060287192 3.77451797540143 3.9896454700776 
4.78590318821293 2.81799624574542 1.51159513644917 
4.67966164677418 2.55534407225875 1.13584076406358 
0.848122257562837 3.57970486588975 3.73984673715848 
0.806045081246556 3.50220332075359 4.04474883606993 
6.06991679625434 1.62195728946076 3.62619832072927 
6.4919665025991 4.71905370824155 3.04258573392534 
6.11048564747346 1.22626192051487 3.06317390627941 
5.83646728016659 1.49069709922322 3.37761319619646 
6.77590723995978 5.11757614133567 2.88390455413008 
6.66759365904902 4.84699772432795 3.1202904132937 
3.96506355919258 3.33378247681972 1.29896765878946 
4.25937487112424 2.96027255413576 0.965868474002726 
4.26097858521514 3.29845454004165 1.19368411328725 
6.45988395434696 5.02587457062486 2.53220420136817 
6.31862857186281 4.86312523151727 2.60527436118774 
4.69780213018213 1.25621764808951 5.96699677250095 
5.09831936297706 2.74578193829905 0.237701030682395 
4.91160273921792 2.68244904007985 0.304629081696562 
3.8321862550791 2.70641900950194 0.992710077932121 
3.65990712818509 2.83232946906723 1.1461775883081 
4.47172159202328 1.14749415904062 5.73779006308867 
6.76352971934357 1.77085200838306 3.44269370225685 
3.3230629824775 1.42393642300765 6.58736805212065 
3.44732363504158 1.74791860310072 6.49602847284471 
4.60229158132406 1.68962125505696 6.09538353756941 
1.36304685514358 2.28346011712995 3.44490011464095 
1.72906372489165 1.90433581629659 3.32963947413829 
4.65311119782104 1.51023680072276 5.91080079890652 
6.50038443409658 1.22205625117539 3.16117062686964 
6.53579330879712 1.4785197545074 3.51804341746158 
6.78564725295564 1.40274718409259 2.76184525942123 
6.96852588962403 1.72484667120311 2.93641809187452 
2.04586544079224 2.29579431259444 3.25966553078557 
1.57852914451882 2.53874544163227 3.39518698052112 
6.14868054504748 0.457383202463274 4.26667587416969 
5.80731938355561 0.32948154921121 4.70416805422329 
1.18748642223236 0.53312028898116 2.3970728241101 
1.30786932587616 0.598454700574828 2.16298064436626 
1.50842871012326 0.382951271566419 2.13547355718834 
5.63324825661565 0.680876382341763 4.01529080388431 
5.38067641272174 0.561103887907581 4.35909110848214 
6.43293548925004 3.00170177146627 2.34130571520972 
6.20666424591535 3.3275865751575 2.25941343462302 
4.46050532644294 1.41201477846216 5.25239201892773 
6.13612483748816 0.45726487435611 1.98147258385885 
6.33471160116709 0.624581854082769 1.80354048698158 
1.31751131675377 0.247232523306019 2.51058368600222 
1.46826959014296 0.191606151680099 2.40480968227147 
3.73622171203072 1.60565086462205 5.28570269518081 
4.10859455046608 1.5317034164398 5.05065812313067 
3.78045983082789 1.50900796616908 5.64797664974531 
4.41374482177244 1.33101215774015 5.67194205394587 
6.65665940410127 3.52351484036416 2.13038268875201 
5.31257057888667 2.56359415501305 6.15582375562737 
5.27184961875315 2.1140250214627 6.15670033343097 
4.8527530708996 1.93697044570686 5.93478251998224 
2.9051775028436 6.20960616251976 2.48994362670714 
2.73730799022538 6.24667109643647 2.8527233226077 
2.60166204295786 6.51147692767283 2.66207722583563 
2.74751259753911 6.45884702772662 2.37942875163217 
6.56779859561009 0.510119530891684 3.23837124153908 
6.70109365307147 0.727844465139917 3.24993583224101 
0.944913277529642 1.9187086122723 2.34093087822398 
0.754860812979814 1.7084040099846 1.92125287855941 
4.91908513756747 3.01506710735215 5.71762020094491 
4.50603732595793 2.71541502235086 5.30311371691736 
4.00276959286258 0.733311506900954 5.96297958033577 
4.9085094324882 2.76421158854943 6.02674162333755 
4.61086105909338 2.42908682143271 5.86276831405143 
4.04685635832899 0.345595574942771 5.803426920517 
1.30394156283306 1.84279067921758 2.17719316220966 
1.22273733030461 1.65912184077926 1.80519266459813 
4.38773734582978 3.77325650106978 3.69212621415596 
0.820787914316223 3.35970916537755 1.55965126753417 
0.747793713312108 2.99880090879523 1.76173812139456 
4.53034282207739 3.82705757469001 3.12279856269899 
4.78168625399799 3.62288709240056 3.04101942769842 
1.02899391846139 3.22885946601073 1.40109411963437 
1.00941036392912 2.9350195611112 1.51857280722427 
4.58272842439992 3.19112618699266 3.99594179254058 
4.68834712101081 3.42823175268067 3.87759747464431 
4.96028156811375 3.31939123165341 3.4914667135952 
4.95586724563088 3.05614436783345 3.42226934928656 
4.73053966662911 2.83471786237945 3.71873410772785 
0.0574226108497107 3.58262681546553 4.69034854334289 
0.312527012149928 3.92107575724883 4.60129462246951 
0.103108503878263 3.52690378184763 4.36305591668621 
0.284755437525835 3.74381650249915 4.2751661114382 
3.54291043955241 3.5549575734018 3.51082743503408 
3.25753947827024 3.62900855267927 3.76264470946682 
3.71885499117308 3.67461537321189 3.70799390399004 
3.53642854375496 3.73819170303853 3.91758579360537 
5.42446248637852 3.78900249000021 2.19726475780589 
5.67731136894421 3.44607760298118 2.16900094062648 
5.1659578829267 3.52564030644741 2.1978665114526 
5.34674136520039 3.27072612573859 2.17391334392322 
3.31337030544891 0.541522869408756 3.45476959830055 
3.31701053724408 0.336349104860352 3.33567499395797 
2.8794002848282 0.147451647072286 5.94617519306345 
3.12957296236549 0.183037516479903 5.63215061315435 
2.85280282747898 0.21036780425352 5.38304753205957 
3.51064358055224 0.889313257389658 3.17601693918333 
2.53025250117283 1.30943863183908 2.39622256354215 
2.60583905873817 1.74680120886684 2.41413326563738 
2.89150114956932 1.36190378793848 2.57284921968834 
2.87887145989224 1.70436854275218 2.54955337566138 
2.75831982147303 2.44164575197454 5.52265180809255 
2.7295532826538 2.25759334701227 5.97820156704461 
5.36721806795098 1.55524720129005 1.3643286530187 
5.62175579813957 1.62000099965052 1.47656905497247 
6.52401704516691 4.87107055894887 1.40186799932425 
5.25695829275992 1.61149198263051 1.56936435560857 
5.49554077947674 1.67698136412064 1.70158034357116 
3.6411499919933 2.40019715838028 3.51967732873693 
3.41717035626359 0.910434105868286 2.39468161477825 
3.33543171319951 0.366985072289142 2.50578895075628 
2.60660930385592 1.48968100790918 5.82823039161405 
4.20616334833657 2.37747023581409 6.09527157990896 
3.7209254722199 2.42539784091266 5.79542680451039 
3.5979034765192 2.23038533721142 3.9725454497504 
3.52743167275089 1.88094131330211 3.93943207479079 
6.35851639975271 5.11610441085965 1.306180305604 
2.4595052945211 1.84923038847718 5.39475234989304 
2.47106480998752 1.77000618317873 5.79772480582132 
2.56373524696842 1.68463439532461 5.25178044668727 
2.67166211328494 1.37928569037789 5.44196978826574 
3.588534170526 0.822098209252794 3.03914666706506 
3.51402295495755 0.401711683412644 3.0333858562514 
4.12426594415109 1.95429654281909 6.20538739697442 
3.74713479632649 1.90323434901013 5.99100658390777 
4.02788057493815 1.91230266404984 3.07349997749518 
0.427110009414865 4.8355810980589 0.58041825368752 
0.386859158229054 4.69188396797763 0.988816310562051 
2.21833530124872 0.773592719733436 5.56831718982939 
3.59911039804388 2.11792142102705 3.30667529035854 
3.50192527863886 1.82730897522538 3.4891996449342 
6.78373422019122 4.51847069991356 0.954973812306516 
2.12943656399294 0.858324967164395 6.00739523249382 
2.23700173572712 0.619147845185946 6.18130715448206 
5.84011901099181 5.61157410471818 0.837115923426038 
1.18639267088651 5.52440119819698 0.469532024179786 
0.54332182010056 5.31943701166251 0.577070089742977 
1.01863334472186 5.37319869692493 0.300525138617659 
1.557680132264 2.70813071662065 6.2062389816325 
1.39363283877141 2.67873893492567 5.97266537166615 
2.54412928123014 0.204857063409056 5.53770660020837 
2.5442054237714 0.150589894410525 5.81011689019281 
5.99054219763704 5.17222414019814 1.29554455306582 
5.9926127625967 5.2527187461384 0.904490180041432 
1.5404343505964 2.41853905970996 6.29857643137876 
1.37572127779342 2.35760789487669 6.0852812385386 
5.64079639744655 5.82984083950465 1.44169061818707 
5.73076053933338 5.59556174244882 1.64792745059271 
5.34074662221415 5.25147110440912 1.86348911467198 
5.29733987654507 5.16674277274752 2.24254558104991 
3.97773796293885 1.23293027111512 3.3556891971527 
3.89875455870747 1.22615813194865 3.40850893701757 
4.86954883458839 5.36552859672453 1.81984693197005 
4.86906979316335 5.28113722679814 2.19968589833773 
6.20767538927676 6.7435174832147 0.882414787315783 
6.32777114780018 6.47965220567611 0.983035211781998 
6.23493488390337 6.63157245103694 0.460473821531933 
6.39250534386333 6.32540674240863 0.689217464867069 
4.97394034036569 6.28891807636424 3.34610396278838 
5.2742205359532 6.73002588130556 3.57841081915705 
5.08908623413635 6.65471948324974 3.32723035278653 
4.56932864804464 6.28934954354728 6.12507545291278 
4.77982355522428 6.61804383608425 5.93275546450764 
5.14793474576442 6.44519655867671 6.23370839907303 
4.93577633445394 6.15151653467064 6.38860090969721 
4.344353194522 0.861208659832745 6.61427262045444 
5.94146135488077 5.70788688349383 3.63939043020965 
6.29510190249844 5.83767008782256 3.4289186485903 
6.54804005220865 5.56279730938656 3.52412202159925 
4.07047655790982 0.674332691847627 6.42284185545193 
0.785885288153149 4.59519483273566 0.335043517938432 
1.13975135629035 4.89216835335384 6.76059733516053 
1.11830965625158 4.87798515967313 0.190619519410694 
0.377284951469135 4.27691463649435 5.85622625443151 
0.509040979644343 4.46098831807753 5.52765714005055 
0.691813789770687 4.09123950445903 5.7972370170058 
0.767330266449016 4.26358348729451 5.52424445693869 
0.579843618281432 4.61008981453846 2.17769170769772 
0.514679490929163 4.25326220627232 2.10443608720995 
0.666108699989374 4.06843585358921 2.42637549720644 
0.598913062486704 0.633208972634398 5.14007907996971 
0.683417475529072 0.712132574021624 4.91598388483097 
0.3945315780489 0.707101060261839 5.02682517144019 
0.513354614913596 0.761468136750742 4.85853193077355 
1.3802269254756 4.16819662536822 2.68241973195176 
1.35843865496683 4.75698743626248 2.51027059768784 
1.59556871018094 4.49417459993723 2.55048691586991 
0.815631062165582 4.52456847834762 2.61446488411446 
0.827039947290546 4.32196952895629 2.67442698049384 
6.27259349164691 5.22242587386677 0.855009375685049 
0.659818757620313 4.44505996406808 6.60168039346224 
0.267303623752146 4.55650808407255 6.44337703053813 
6.68888935357332 4.54772131083231 0.628328077327561 
6.42940279046851 4.85368656650818 0.472239708559263 
0.799514373143684 5.98973845425537 1.10572647689013 
0.381859277600999 5.75168262225705 1.10142067283757 
0.954501909171575 5.58922814530563 0.892581270721898 
0.611444446361215 5.42519346227782 0.900130418828261 
1.78700307861043 4.47929489129337 0.471415760938336 
2.26668562959819 4.57621030376668 0.336594906812042 
4.83775728328311 5.91857432393574 4.02347463594544 
5.15273707375809 6.08570029358229 3.70663858897999 
5.34979930339372 6.30361653406968 3.87345519310535 
6.53002280212772 5.22904432467392 3.97414920484368 
6.15200098224979 5.28678810001794 4.3145232300201 
6.39891165444908 5.30913109328063 3.68525849714267 
6.0102694327493 5.43444370418039 3.75905924064596 
4.88411415591406 6.27953562410167 4.59890919862943 
5.04140143914799 6.12809526132775 4.4497894541468 
5.30252967009809 6.33533242935563 4.30599830684627 
4.41429030348798 6.75782267081185 3.30677796195876 
4.2640055914631 6.90155791949053 3.03989393653909 
3.17147631800708 5.33151007482701 3.98333011380391 
3.01660918298388 5.22557280875185 3.65731720140087 
2.68433541458728 5.52983447125036 4.1453697193834 
2.64718981938344 5.36334661594166 3.73243381680578 
3.52989691579035 6.47576150292933 3.52583605820947 
3.71496196963208 6.7248539630626 3.48999232144472 
3.38880335789403 6.65825586025778 3.66134445387742 
2.18010366418908 5.25660688345966 5.56129801875982 
2.27717291000772 5.61088092627651 5.66336391346106 
1.81685532858584 5.61314542668948 5.62352029370907 
1.7972238077072 5.33005432752555 5.54975678108362 
0.301477409626314 4.37492568894373 4.70783806198217 
0.231073749189513 4.33908559417603 4.67820094886223 
POLYGONS 1633 9999
5 3 2 5 1235 496 
4 4 3 496 1091 
5 844 1092 0 1104 1105 
6 496 1235 1158 844 1092 1091 
5 1 547 1149 994 993 
5 5 547 1 1158 1235 
5 1158 844 1105 993 1 
4 968 994 1149 1694 
6 1692 1694 1149 547 5 2 
5 4 563 1692 2 3 
5 4 563 0 1092 1091 
6 1104 968 1694 1692 563 0 
5 810 811 1254 908 1009 
6 1254 1253 1385 1386 997 908 
5 996 997 1386 1350 6 
6 9 1118 1481 1503 1536 1535 
6 8 7 971 1172 1481 1118 
5 1519 1520 1050 971 7 
6 576 1150 1619 1618 10 11 
5 12 596 1209 1210 738 
5 12 13 553 837 596 
4 6 676 1087 996 
5 737 738 1210 956 566 
5 15 14 737 566 469 
5 14 13 12 738 737 
6 15 1022 1023 553 13 14 
5 25 20 22 18 967 
5 24 21 585 586 946 
5 22 19 23 17 18 
5 20 21 24 19 22 
6 1010 619 1066 1065 536 26 
6 16 28 585 21 20 25 
5 27 536 1065 1155 862 
5 35 34 29 456 664 
6 31 36 37 35 664 665 
5 32 30 33 29 34 
4 38 733 37 36 
6 35 37 733 732 32 34 
6 1475 1471 1000 1072 999 608 
5 1397 1398 1026 1073 555 
5 555 1001 962 1569 1397 
6 949 950 1570 1569 962 39 
5 950 1055 734 1389 1570 
5 1398 1389 734 1027 1026 
5 39 962 1001 1000 1471 
4 1471 1475 949 39 
5 608 999 1027 734 1055 
5 1475 608 1055 950 949 
5 40 41 1319 999 608 
5 1382 1440 1445 41 40 
5 40 608 1475 1476 1382 
5 41 1445 45 1320 1319 
5 1319 1320 773 1072 999 
5 1382 1440 1493 1486 1476 
5 44 43 42 1494 1485 
6 42 45 1445 1440 1493 1494 
5 1485 1487 1471 1000 44 
5 773 1320 45 42 43 
5 1000 1072 773 43 44 
6 1297 1298 637 1331 1330 47 
4 47 762 1245 1297 
6 1246 1245 762 46 579 578 
5 1330 1321 46 762 47 
5 509 913 1092 844 998 
5 1211 914 913 509 48 
5 50 1236 1254 811 1241 
6 509 998 1082 660 49 48 
5 49 660 811 1241 1152 
5 1241 1152 1212 677 50 
5 1211 1212 1152 49 48 
5 1235 1236 50 677 496 
5 514 515 846 845 645 
5 833 834 519 845 846 
5 833 846 515 753 648 
5 52 54 51 674 675 
5 51 53 648 753 674 
6 56 58 59 53 51 54 
5 1220 519 834 59 58 
6 57 52 675 514 645 613 
5 55 56 54 52 57 
5 834 833 648 53 59 
4 57 55 1219 613 
5 55 1219 1220 58 56 
5 675 674 753 515 514 
5 817 1476 1486 60 1492 
6 1237 1238 1680 1681 1638 770 
5 1687 1688 1680 1238 635 
4 1690 61 1237 770 
6 531 1358 1362 803 63 65 
5 1436 1441 1387 62 64 
5 1387 1388 455 897 62 
5 64 62 897 1358 531 
6 40 1382 1388 455 1583 1586 
5 1454 1586 1583 1362 803 
5 1586 1454 847 41 40 
6 1446 1445 41 847 63 65 
4 63 803 1454 847 
5 1436 1446 65 531 64 
5 68 67 69 818 894 
5 66 67 68 1227 752 
5 1162 69 67 66 70 
5 1139 1161 678 516 470 
4 1328 1099 73 72 
5 1099 1111 71 685 73 
6 72 1328 1332 1311 1546 1538 
6 1328 1332 1512 1511 1111 1099 
5 1537 1545 1281 973 74 
7 72 73 685 684 74 1537 1538 
5 973 972 75 684 74 
4 1280 1311 1332 1512 
4 684 685 71 75 
5 75 71 1111 1511 972 
6 972 973 1281 1280 1512 1511 
5 712 824 1519 7 77 
5 76 1520 1519 824 823 
6 466 1015 1584 1583 1362 1363 
5 823 904 1363 466 76 
6 711 712 77 1455 1454 803 
5 711 803 1362 1363 904 
5 1455 1453 971 7 77 
6 1453 1587 1584 1015 1050 971 
5 76 466 1015 1050 1520 
5 904 823 824 712 711 
5 81 80 79 966 965 
5 79 83 1614 1626 966 
5 80 79 83 89 88 
6 85 87 78 88 80 81 
4 965 1632 85 81 
6 965 966 1626 1627 1628 1632 
4 82 84 78 87 
6 82 86 1622 1623 90 84 
6 85 1632 1628 86 82 87 
5 89 83 1614 1623 90 
4 1628 1627 1622 86 
5 90 84 78 88 89 
6 72 607 739 915 1329 1328 
5 1016 1015 466 92 91 
4 1251 1353 94 93 
5 1353 1352 1625 835 94 
5 1624 1625 1352 1133 839 
5 740 972 1511 1521 1381 
5 972 740 988 892 75 
5 96 97 95 892 988 
6 99 103 98 1599 1597 1581 
6 1599 98 1303 1028 754 100 
6 53 648 1029 995 1017 1018 
5 101 102 51 53 1018 
4 1302 495 1017 995 
6 1581 1597 104 674 51 102 
6 99 101 1018 1017 495 103 
4 99 1581 102 101 
5 104 100 754 753 674 
4 1597 1599 100 104 
5 495 1302 1303 98 103 
5 108 2 1692 1693 520 
5 109 108 520 106 1057 
5 111 112 110 105 549 
5 105 109 1057 921 549 
6 5 2 108 109 105 110 
5 547 548 1063 1191 1149 
6 106 520 1693 1695 1190 1038 
5 107 921 1057 106 1038 
5 111 549 921 107 1064 
5 1064 1063 548 112 111 
6 107 1038 1190 1191 1063 1064 
5 112 548 547 5 110 
5 1431 1433 1109 1287 1257 
6 113 1047 1286 1261 515 514 
5 1262 1257 1431 1183 905 
5 113 514 675 1364 1365 
5 1108 1109 1433 115 114 
5 100 754 905 1183 1003 
5 1365 114 1108 1047 113 
7 104 100 1003 115 114 1365 1364 
4 104 1364 675 674 
5 1433 1431 1183 1003 115 
6 515 1261 1262 905 754 753 
4 120 707 116 1069 
6 707 790 1229 1226 117 116 
5 1048 1069 116 117 118 
5 651 1552 1226 117 118 
5 1048 1076 927 651 118 
5 947 1230 1553 928 121 
5 1076 1077 121 928 927 
5 791 790 707 120 119 
5 119 791 947 121 1077 
6 1077 1076 1048 1069 120 119 
5 125 676 6 1350 969 
5 15 123 127 122 1022 
6 123 124 760 781 126 127 
4 469 124 123 15 
6 130 128 1593 1592 129 655 
5 700 701 1604 1593 128 
5 701 1498 131 1603 1604 
6 1008 1007 575 700 128 130 
6 132 99 1581 1582 700 128 
5 132 638 639 101 99 
5 130 662 638 132 128 
5 957 1008 130 662 661 
5 136 135 1013 772 974 
5 135 581 661 957 1013 
5 975 1582 700 575 133 
4 575 1007 134 133 
5 133 134 772 974 975 
6 1007 1008 957 1013 772 134 
6 102 101 639 581 135 136 
6 974 975 1582 1581 102 136 
6 0 563 1123 1696 1698 672 
4 1122 1123 1696 1294 
6 462 1122 1294 1293 945 944 
4 0 672 704 1104 
7 968 1694 1695 944 945 876 843 
6 1698 670 877 842 704 672 
5 876 877 670 1293 945 
6 462 1693 1692 563 1123 1122 
4 462 944 1695 1693 
4 1544 138 510 137 
5 48 49 1641 1642 1299 
5 142 140 1122 1294 1234 
6 542 981 944 462 589 588 
4 1293 1532 980 945 
5 139 141 142 1234 1531 
5 542 588 779 141 139 
5 1122 140 780 589 462 
6 1531 1532 980 981 542 139 
5 141 779 780 140 142 
5 1144 1211 48 1299 1292 
5 635 914 1211 1144 1687 
5 137 510 633 144 143 
5 1499 1603 131 624 146 
5 1247 1248 145 1542 1528 
5 1592 1543 1542 145 129 
5 3 496 677 568 522 
6 1238 1306 4 1091 914 635 
5 4 3 522 866 1306 
6 522 568 1285 1291 874 866 
5 866 874 1680 1238 1306 
5 147 559 1449 888 887 
5 148 147 887 900 657 
4 149 150 1012 658 
6 657 658 1012 1076 927 148 
5 1049 1048 1076 1012 150 
5 151 1037 1049 150 149 
5 118 1450 1037 1049 1048 
6 1449 1450 1037 151 901 888 
6 658 657 900 901 151 149 
5 559 651 118 1450 1449 
5 927 651 559 147 148 
6 1279 1278 843 876 727 152 
4 1182 1432 1062 1032 
5 679 1278 1279 554 153 
5 65 63 716 961 807 
5 154 721 807 65 1446 
5 45 155 154 1446 1445 
5 485 500 721 154 155 
6 1284 1300 784 720 500 485 
5 847 848 1301 1319 41 
5 1300 1301 848 785 784 
5 847 848 785 716 63 
5 1320 1284 485 155 45 
5 156 162 160 161 159 
6 156 158 168 112 110 162 
5 159 156 158 778 958 
5 157 163 111 112 168 
5 157 164 165 169 163 
6 168 157 164 1014 778 158 
5 161 159 958 957 661 
6 167 166 581 661 161 160 
6 135 581 166 550 169 165 
5 110 105 167 160 162 
5 169 550 549 111 163 
5 164 1014 1013 135 165 
5 105 549 550 166 167 
6 170 139 542 177 1295 1296 
5 14 13 805 170 1296 
5 172 174 1295 177 609 
5 174 737 14 1296 1295 
5 170 805 1043 141 139 
5 173 176 610 588 779 
5 171 173 779 141 1043 
5 171 1043 805 13 12 
5 177 542 588 610 609 
6 738 175 176 173 171 12 
5 172 609 610 176 175 
5 738 737 174 172 175 
5 180 178 980 1532 1533 
5 178 727 876 945 980 
5 1033 1124 1125 808 179 
5 177 182 812 981 542 
6 1533 1534 814 898 183 180 
5 183 681 815 178 180 
5 1400 1399 898 814 184 
6 183 681 181 1275 1399 898 
5 980 981 812 815 178 
5 181 182 177 1295 1275 
5 681 815 812 182 181 
6 184 170 139 1531 1534 814 
4 1400 1296 170 184 
6 186 518 517 185 471 470 
5 186 187 125 969 518 
5 470 516 827 187 186 
4 1577 777 663 190 
5 188 189 191 190 663 
5 192 698 1033 1124 776 
6 189 191 751 1589 1590 809 
6 808 809 1590 1602 1572 179 
5 751 1579 1577 190 191 
6 776 777 1577 1579 759 192 
6 1579 751 1589 1601 1576 759 
5 698 1033 179 1572 1571 
5 188 189 809 808 1125 
6 188 663 777 776 1124 1125 
5 759 1576 1571 698 192 
6 1318 1297 1245 1250 640 193 
5 194 597 668 669 774 
5 837 936 668 597 596 
5 195 849 878 810 1009 
5 596 597 194 1169 1209 
5 196 577 582 583 1655 
5 582 577 576 11 197 
6 1137 1653 1655 583 1670 1671 
5 864 602 851 201 198 
5 864 865 472 603 602 
4 200 618 1083 852 
5 602 603 200 852 851 
5 1559 1561 1413 989 199 
5 1060 618 200 603 472 
7 851 852 1083 1084 990 987 201 
5 202 207 498 628 456 
4 202 456 29 474 
5 1113 616 205 203 206 
6 29 33 868 869 935 474 
4 1159 1113 206 204 
5 208 1164 1482 1479 1374 
5 1514 1342 1119 1164 208 
5 480 481 211 1509 209 
5 1509 1514 1342 210 209 
6 208 1374 1377 211 1509 1514 
5 1536 1503 1504 1378 632 
5 1342 1119 1118 9 210 
5 210 9 1535 480 209 
5 211 481 632 1378 1377 
5 863 983 709 498 207 
7 983 709 710 789 788 630 212 
5 663 630 788 595 190 
6 202 191 190 595 664 456 
4 710 789 665 629 
5 863 207 202 191 189 
5 983 863 189 188 212 
4 630 663 188 212 
5 213 214 1215 985 215 
4 219 214 213 512 
6 1194 1195 1112 512 213 215 
6 985 986 1338 1339 1194 215 
6 1348 1338 986 1185 1004 217 
5 1215 1204 1185 986 985 
4 1004 217 627 626 
5 1204 1185 1004 626 218 
6 216 218 1204 1215 214 219 
6 1348 1349 1163 1171 627 217 
6 216 218 626 627 1171 1170 
5 219 216 1170 1112 512 
5 220 226 232 227 225 
7 220 223 224 647 222 229 226 
5 225 220 223 228 221 
5 227 231 230 221 225 
6 573 1285 1315 228 221 230 
6 222 647 1290 1291 705 706 
5 222 229 891 717 706 
5 1315 1316 224 223 228 
6 1100 1101 705 1291 1285 573 
5 804 1100 573 230 231 
4 224 647 1290 1316 
5 229 226 232 890 891 
6 890 871 804 231 227 232 
5 233 81 80 668 597 
5 12 171 233 597 596 
5 235 79 966 930 703 
5 1176 1044 907 929 690 
7 171 1043 1044 907 965 81 233 
5 236 702 703 235 234 
6 668 936 234 235 79 80 
6 236 234 936 837 553 545 
5 13 553 545 1177 805 
6 236 545 1177 1176 690 702 
5 703 708 729 688 235 
7 1165 1166 1080 1081 513 237 238 
4 1189 239 218 216 
5 1074 1126 240 506 505 
5 240 243 1095 1096 506 
4 1156 1305 592 241 
5 1305 1411 1410 859 592 
5 860 859 1410 526 242 
5 241 592 859 860 1516 
5 208 1374 532 468 467 
5 47 244 468 532 1330 
5 1330 1331 1377 1374 532 
5 467 468 244 528 831 
5 208 467 831 1515 1514 
4 1377 1331 637 211 
6 211 637 1298 1317 1510 1509 
5 1297 1318 528 244 47 
6 245 10 1618 974 772 1067 
5 246 247 120 1069 1070 
6 1292 1299 1642 1643 1151 250 
5 1151 249 251 248 250 
6 1573 1574 1456 252 766 689 
5 765 766 252 1541 1649 
5 252 1456 138 1544 1541 
6 1567 1569 1397 1551 1240 463 
5 254 463 1240 1239 917 
5 1093 1550 795 918 460 
6 963 724 254 917 461 255 
5 253 255 461 460 918 
5 1001 962 963 255 253 
5 1001 253 918 795 555 
5 555 795 1550 1551 1397 
4 724 1567 463 254 
5 256 259 1428 1427 1656 
6 256 257 258 926 925 259 
5 1656 1654 1097 257 256 
6 213 258 257 1097 1098 512 
4 1112 923 1098 512 
5 925 926 215 1194 584 
4 215 926 258 213 
6 1656 1654 924 1703 1430 1427 
5 1429 1428 259 925 584 
6 1194 1195 1703 1430 1429 584 
5 1126 1074 1075 486 260 
6 556 699 1075 1074 505 792 
4 699 922 486 1075 
5 260 659 802 240 1126 
6 659 1361 1360 922 486 260 
6 556 699 922 1360 1327 902 
5 240 506 1036 1034 802 
6 1188 1187 267 919 796 262 
5 266 1188 262 1565 1566 
5 1563 1565 262 796 265 
5 263 264 1146 1120 261 
5 919 267 521 264 263 
5 265 796 919 263 261 
5 1057 1058 1121 1145 106 
6 109 266 1566 1564 1058 1057 
6 106 1145 1146 264 521 520 
5 108 1187 1188 266 109 
5 520 521 267 1187 108 
7 1120 1121 1058 1564 1563 265 261 
6 586 696 1673 1672 1468 946 
6 24 946 1468 1467 1438 1416 
5 1623 1669 1673 696 90 
6 1622 1596 1585 1439 1408 86 
5 1467 1611 1585 1439 1438 
5 268 21 585 84 82 
5 24 21 268 1417 1416 
5 86 1408 1417 268 82 
5 696 586 585 84 90 
6 273 614 656 269 1488 1266 
5 1483 1488 269 1357 1356 
5 275 270 693 272 1107 
6 271 272 693 692 274 276 
5 278 277 17 23 279 
7 781 760 1615 1676 1674 523 282 
4 1434 1615 760 124 
5 1214 1391 1390 280 283 
6 523 1213 1214 283 281 282 
7 123 124 1434 1437 1147 1391 1390 
4 1674 591 1213 523 
5 127 126 281 283 280 
4 281 126 781 282 
4 123 1390 280 127 
4 898 899 1401 183 
6 212 188 1125 1395 1522 1513 
4 212 1513 984 983 
4 744 814 1534 920 
5 1606 1607 507 1677 1616 
5 1675 1677 507 270 275 
4 1585 1596 614 273 
5 792 1035 74 684 285 
7 74 973 959 1501 1500 902 1035 
5 728 960 741 1257 1262 
6 740 741 960 959 973 972 
6 284 490 1261 1286 893 593 
5 556 902 1500 490 284 
5 284 556 792 285 593 
4 959 960 728 1501 
6 684 75 892 893 593 285 
6 68 286 248 251 1228 1227 
5 238 237 287 634 895 
5 894 895 634 286 68 
4 33 30 288 868 
5 289 1497 497 766 765 
5 491 689 766 497 830 
4 290 691 552 551 
5 978 1418 1314 691 290 
6 290 551 1588 1609 1605 978 
5 291 292 293 786 673 
6 294 291 673 873 1595 1594 
6 1267 1412 1418 978 1605 1630 
6 552 691 1314 292 291 294 
5 1314 1418 1412 293 292 
5 1412 1267 1268 786 293 
5 551 552 294 1594 1588 
5 1289 1288 642 272 271 
6 1288 1263 1402 295 643 642 
4 642 643 1107 272 
6 1465 1459 1482 1481 1172 501 
5 1304 1459 1465 932 296 
5 1304 1452 1479 1482 1459 
6 296 592 1305 1451 1452 1304 
6 1172 1409 1410 859 931 501 
4 931 932 1465 501 
5 932 931 859 592 296 
4 1289 271 276 298 
6 297 813 1196 298 1289 1288 
4 299 297 1288 642 
5 488 1665 813 297 299 
6 487 488 299 642 272 693 
5 1657 1667 1665 488 487 
4 692 693 487 1657 
5 276 274 1197 1196 298 
5 274 692 1657 1667 1197 
5 300 182 181 297 813 
5 681 1263 1288 297 181 
6 300 813 1196 1348 1338 1046 
4 986 1106 1046 1338 
4 1196 1348 217 298 
5 1046 1106 812 182 300 
5 298 217 1004 1366 1289 
6 1699 1700 1386 997 605 301 
5 1 459 1385 1253 1158 
4 158 605 301 168 
5 168 112 548 1699 301 
5 908 997 605 158 156 
5 908 1254 1236 162 156 
6 1 459 1700 1699 548 547 
5 110 162 1236 1235 5 
6 597 233 1308 1337 527 194 
5 775 636 88 78 302 
5 80 88 636 669 668 
6 774 775 302 736 527 194 
5 87 78 302 736 735 
5 85 87 735 1336 1309 
5 233 81 85 1309 1308 
5 1249 1246 578 502 303 
6 807 1045 666 667 531 65 
5 304 483 305 825 826 
5 621 825 305 1635 1634 
6 20 22 883 949 39 881 
5 25 20 881 882 694 
4 18 599 1491 967 
5 22 18 599 306 883 
6 306 817 1476 1475 949 883 
5 817 1492 1491 599 306 
6 60 694 25 967 1491 1492 
5 1486 1487 882 694 60 
5 39 1471 1487 882 881 
5 308 310 309 601 1271 
5 309 121 928 948 601 
5 657 658 307 683 794 
5 682 683 307 1341 1340 
5 307 658 1012 1223 1341 
6 1340 308 1271 1269 686 682 
5 475 793 686 1269 1089 
6 148 475 1089 948 928 927 
5 310 1222 1077 121 309 
6 1340 1341 1223 1222 310 308 
5 657 794 793 475 148 
5 313 465 1142 1242 953 
4 313 312 311 465 
4 1165 238 895 695 
7 185 314 219 512 1098 1138 471 
5 314 1201 1189 216 219 
5 132 99 103 315 317 
4 1593 128 132 317 
5 316 615 701 1604 1525 
5 98 529 1523 315 103 
6 1523 1525 1604 1593 317 315 
5 1525 1523 529 641 316 
5 641 1600 1591 615 316 
5 1599 1600 641 529 98 
6 1582 1598 1591 615 701 700 
6 1619 1625 1352 1364 675 52 
6 1598 1597 104 1364 1352 1133 
6 52 54 136 974 1618 1619 
5 1133 1598 1582 975 839 
4 54 51 102 136 
6 1311 1332 1333 764 731 730 
5 764 731 789 710 606 
7 840 841 984 1513 1512 1332 1333 
5 937 840 1333 764 606 
5 983 984 841 938 709 
5 1513 1512 1280 630 212 
5 730 788 630 1280 1311 
5 1393 1443 318 1650 1652 
5 318 1443 1442 1141 1140 
4 1678 1442 1443 1393 
5 477 546 1651 1670 583 
5 319 476 582 197 320 
6 1152 1153 1180 1644 1641 49 
5 118 117 1141 1442 1450 
5 1140 1141 117 1226 598 
5 1443 1444 797 457 318 
6 318 1140 598 322 458 457 
5 457 458 587 321 797 
5 587 644 1548 567 321 
6 559 567 321 797 1444 1449 
6 322 598 1226 1552 1548 644 
4 644 587 458 322 
5 306 324 455 1388 817 
5 323 324 306 599 562 
6 325 1053 897 455 324 323 
4 1045 935 869 666 
6 1066 619 620 327 326 329 
5 327 620 1247 1528 1030 
4 331 1030 327 326 
5 536 1424 328 330 26 
6 332 493 1425 1424 328 1539 
5 145 1542 1539 328 330 
5 1066 1065 1425 493 329 
5 332 331 326 329 493 
6 1539 1542 1528 1030 331 332 
5 26 330 145 1248 1010 
4 564 1517 982 1568 
5 1447 1448 940 1527 1426 
5 982 1324 1426 1527 1517 
7 982 1324 1416 1417 724 1567 1568 
5 1324 1416 1438 1447 1426 
6 254 1383 1392 782 464 463 
6 464 564 1517 1527 940 782 
5 254 724 1417 1408 1383 
5 463 464 564 1568 1567 
5 782 940 1448 1435 1392 
6 186 333 257 1097 1139 470 
4 517 335 314 185 
5 518 1701 1702 333 186 
4 333 1702 258 257 
6 334 214 213 258 1702 1701 
5 334 335 314 219 214 
5 1701 518 517 335 334 
6 92 466 1363 1359 1054 652 
6 1634 1636 1198 729 708 621 
5 338 340 671 907 1044 
6 336 338 1044 1176 1160 337 
5 339 340 338 336 341 
4 671 725 929 907 
4 342 343 611 1024 
5 993 994 1216 343 342 
6 1216 1278 679 680 611 343 
5 1278 1216 994 968 843 
6 516 678 1671 1670 1651 827 
5 1616 1617 1652 1650 1606 
5 346 344 870 1040 1085 
5 346 1085 1379 1094 1178 
5 1178 1093 1239 344 346 
5 787 870 344 1239 1240 
5 1379 1085 1040 604 345 
5 1556 1555 345 604 574 
5 1547 1550 1093 1178 1094 
5 574 604 1040 870 787 
5 1555 1547 1094 1379 345 
4 348 570 611 680 
6 767 768 1090 1024 611 570 
5 347 1608 1612 1256 1255 
5 662 130 655 540 492 
6 820 850 849 195 159 161 
5 661 662 492 820 161 
5 353 771 832 352 1130 
6 352 832 1307 1306 866 867 
6 756 757 354 874 1680 1681 
5 351 756 1681 1638 806 
5 1638 806 353 771 770 
6 350 349 1086 1130 352 867 
5 354 350 867 866 874 
5 351 806 353 1130 1086 
4 757 349 350 354 
5 351 1086 349 757 756 
5 154 34 29 474 721 
5 35 355 356 595 664 
5 35 34 154 155 355 
6 485 357 358 356 355 155 
6 474 721 500 751 191 202 
4 1580 1578 358 357 
6 1578 1577 190 595 356 358 
6 357 485 500 751 1579 1580 
5 54 136 135 165 56 
7 164 476 582 577 55 56 165 
5 1150 576 577 55 57 
5 1068 1014 164 476 319 
5 1067 1068 319 320 245 
5 197 11 10 245 320 
4 1150 1619 52 57 
5 557 742 359 1564 1566 
6 551 552 612 1565 1563 1217 
6 359 537 1218 1217 1563 1564 
5 742 1017 995 537 359 
6 537 995 1302 1594 1588 1218 
5 799 558 612 552 294 
5 1594 1302 495 799 294 
6 557 558 799 495 1017 742 
4 1217 1218 1588 551 
4 1530 1499 1502 1002 
5 1031 1529 1530 1002 360 
6 360 1002 1502 1490 640 1250 
5 146 749 1490 1502 1499 
5 1250 1249 303 1031 360 
5 1397 1398 1557 1556 1551 
6 1026 1073 1071 1217 551 290 
4 1563 1217 1071 265 
6 795 796 265 1071 1073 555 
5 552 612 1554 1558 691 
5 1550 1547 262 796 795 
6 290 691 1558 1557 1398 1026 
6 262 1547 1555 1554 612 1565 
6 361 174 1295 1275 1148 884 
7 1665 1666 887 888 361 884 488 
5 758 900 887 1666 909 
6 300 182 177 609 758 909 
5 172 174 361 888 901 
5 181 297 299 1148 1275 
4 299 488 884 1148 
5 909 1666 1665 813 300 
5 901 900 758 609 172 
5 624 625 1645 749 146 
4 531 667 362 64 
6 363 331 1030 1031 360 763 
5 326 327 503 1264 1274 
6 326 331 363 364 1273 1274 
6 578 579 1265 1264 503 502 
6 502 503 327 1030 1031 303 
5 1273 1265 579 46 364 
5 762 763 360 1250 1245 
5 363 763 762 46 364 
5 1421 1412 1267 1135 1116 
4 1116 1119 1164 1421 
6 1116 1119 1342 1355 1173 1135 
5 1205 1354 1515 831 365 
6 208 467 293 1412 1421 1164 
5 365 786 1268 1206 1205 
5 293 467 831 365 786 
5 1135 1173 1206 1268 1267 
5 357 366 571 479 1580 
5 1610 1631 1576 759 478 
6 1284 1300 1605 1609 571 366 
4 485 1284 366 357 
5 720 784 367 1601 1589 
5 1630 1631 1576 1601 367 
5 1630 1605 1300 784 367 
5 759 1579 1580 479 478 
6 368 468 532 543 1373 1372 
5 198 201 364 46 1321 
5 363 622 851 201 364 
5 368 370 371 244 468 
5 763 762 47 244 371 
4 369 370 368 1372 
6 1372 1373 602 851 622 369 
6 369 622 363 763 371 370 
4 1373 543 864 602 
6 532 543 864 198 1321 1330 
5 828 829 569 634 287 
7 1684 1686 1646 746 829 569 372 
6 1684 1683 1166 1165 695 372 
5 372 569 634 895 695 
5 1646 1647 1114 821 746 
5 1080 1166 1683 1685 1648 
5 513 822 828 287 237 
5 375 373 365 831 528 
5 375 528 1318 193 374 
5 375 374 143 144 373 
5 896 1115 1198 1636 1637 
6 683 307 378 377 263 261 
5 253 918 919 263 377 
5 1341 1340 376 773 43 
4 1340 682 1078 376 
5 378 307 1341 43 44 
6 261 265 1071 1078 682 683 
6 1078 1071 1073 1072 773 376 
6 44 1000 1001 253 377 378 
5 351 380 379 911 806 
5 746 821 1174 1639 1682 
5 911 1110 1175 631 379 
5 1681 1682 746 1646 756 
6 756 1646 1647 1345 380 351 
5 380 379 631 838 1345 
6 1175 1174 821 1114 838 631 
4 1120 794 683 261 
5 686 687 1079 1078 682 
5 1218 1079 687 538 537 
6 793 590 726 538 687 686 
4 359 951 1058 1564 
5 537 538 726 951 359 
5 1121 1058 951 726 590 
5 1416 1324 1325 19 24 
5 279 23 19 1325 1277 
5 309 121 947 713 489 
5 309 489 1546 1545 601 
6 1096 1052 1538 1537 1036 506 
6 489 713 1132 1052 1538 1546 
5 1132 1131 1230 947 713 
6 1549 1553 1230 1131 1095 243 
4 802 1549 243 240 
6 1545 1537 1036 1034 948 601 
5 97 382 1127 381 95 
5 784 785 1025 1136 367 
4 383 1691 339 341 
4 342 459 1 993 
6 1024 1090 1346 1385 459 342 
5 195 1009 908 156 159 
5 956 1210 1199 1368 1679 
5 1199 1200 977 1369 1368 
4 1682 1689 829 746 
6 1586 1587 1056 1055 608 40 
6 734 932 1465 1466 979 1027 
5 1301 979 1466 903 848 
5 501 931 1056 1587 1453 
5 999 1027 979 1301 1319 
6 501 1453 1455 903 1466 1465 
5 791 119 36 31 384 
5 947 791 384 714 713 
5 355 356 310 1222 1202 
7 356 595 788 730 489 309 310 
6 384 31 665 789 731 714 
6 37 1202 1222 1077 119 36 
4 37 35 355 1202 
5 262 1188 1243 1094 1547 
5 267 385 1179 1244 1187 
5 385 460 1093 1178 1179 
5 919 918 460 385 267 
6 930 929 725 964 826 825 
5 305 825 930 966 1626 
5 826 964 911 379 304 
7 1130 1633 1632 965 907 671 353 
5 380 386 1407 1086 351 
6 386 484 483 304 379 380 
6 386 484 1627 1628 1629 1407 
5 483 484 1627 1626 305 
6 806 911 964 725 671 353 
6 38 247 246 387 1335 733 
6 314 335 570 348 761 1201 
5 343 1216 1215 214 334 
5 335 570 611 343 334 
5 153 761 348 680 679 
6 153 554 239 1189 1201 761 
5 218 239 554 1279 1204 
5 127 280 203 205 122 
5 1577 1578 1272 880 777 
6 192 776 960 728 1282 1283 
6 1272 1270 1507 1501 959 880 
4 388 594 1507 1270 
6 1283 1282 594 388 479 478 
6 1270 1272 1578 1580 479 388 
5 594 1282 728 1501 1507 
4 478 759 192 1283 
6 332 398 395 394 1540 1539 
5 396 398 332 493 494 
4 394 389 392 1540 
6 525 524 397 561 482 390 
5 391 393 390 482 623 
5 1425 1422 560 494 493 
5 1424 1423 623 391 328 
5 395 524 525 389 394 
5 392 389 525 390 393 
5 396 397 524 395 398 
6 1539 1540 392 393 391 328 
5 494 560 561 397 396 
5 472 473 400 853 603 
5 816 934 870 787 399 
5 816 750 473 400 399 
5 200 604 1040 1041 618 
5 200 603 853 574 604 
5 933 1041 618 1060 1061 
5 787 574 853 400 399 
5 750 816 934 933 1061 
5 687 1079 571 479 388 
5 376 366 571 1079 1078 
6 1340 308 358 357 366 376 
5 1271 1272 1578 358 308 
5 686 687 388 1270 1269 
4 771 353 671 340 
5 352 402 780 140 832 
5 85 1309 401 1633 1632 
5 401 402 352 1130 1633 
7 1309 1308 173 779 780 402 401 
4 173 1308 233 171 
6 338 340 771 832 140 142 
5 141 1043 1044 338 142 
5 124 469 566 1394 1434 
6 1652 1617 1615 1434 1394 1393 
5 403 187 827 1651 546 
6 1088 1087 676 125 187 403 
6 566 956 1679 1678 1393 1394 
5 404 405 1039 1038 107 
5 406 405 404 1474 1473 
6 921 952 943 1474 404 107 
5 912 1473 1474 943 942 
5 1038 1039 910 1145 106 
5 646 910 1039 405 406 
6 1020 590 1121 1145 910 646 
5 1473 912 1020 646 406 
5 1336 1309 401 461 255 
5 718 735 1336 255 963 
5 268 718 963 724 1417 
5 87 735 718 268 82 
6 1383 1406 1629 1628 86 1408 
4 254 917 1406 1383 
6 1633 1629 1406 917 461 401 
7 395 369 1372 1376 1558 1554 524 
6 602 603 853 854 1375 1373 
4 398 622 369 395 
6 396 397 345 604 200 852 
5 852 851 622 398 396 
5 524 1554 1555 345 397 
5 574 1556 1557 854 853 
5 407 408 333 257 256 
6 1656 1655 583 477 407 256 
5 546 477 407 408 403 
4 1671 678 1161 1137 
5 186 333 408 403 187 
6 1654 1653 1137 1161 1139 1097 
5 1495 1526 1518 375 374 
6 252 316 1525 1526 1495 1541 
6 143 374 1495 1541 1544 137 
5 1518 1524 719 373 375 
5 641 1469 1259 530 529 
6 373 144 633 1259 530 719 
5 1456 1469 641 316 252 
6 1456 1469 1259 633 510 138 
5 797 798 507 1607 457 
5 270 507 798 487 693 
6 321 1658 1657 487 798 797 
5 273 1266 1435 1439 1585 
5 1204 1279 152 1186 1185 
4 382 97 96 409 
6 812 981 944 1695 1190 1106 
5 300 1046 1039 910 909 
5 1693 462 589 521 520 
5 264 521 589 588 610 
5 758 1146 264 610 609 
5 1127 1663 572 769 381 
5 1005 769 572 508 410 
5 411 160 161 820 954 
5 162 160 411 50 1236 
6 954 953 1242 1241 50 411 
5 325 323 413 414 653 
5 412 415 413 323 562 
6 284 490 846 845 1313 1312 
5 284 593 1006 1310 1312 
5 593 893 769 1005 1006 
5 410 1415 1310 1006 1005 
6 410 508 416 1143 1414 1415 
5 113 416 1143 645 514 
5 1143 1414 1313 845 645 
5 1047 1286 893 769 572 
5 1047 572 508 416 113 
4 515 846 490 1261 
6 1645 1649 1541 1495 1490 749 
5 252 316 615 497 766 
5 765 1649 1645 625 289 
6 131 1498 1497 289 625 624 
5 1497 1498 701 615 497 
5 417 94 835 836 418 
6 93 94 417 755 1224 1225 
5 77 580 1117 903 1455 
5 785 848 903 1117 1025 
6 30 32 1436 64 362 288 
6 288 362 667 666 869 868 
5 154 34 32 1436 1446 
6 857 1662 1660 600 1233 1232 
6 416 113 1365 1353 94 417 
5 114 1193 1251 1353 1365 
6 1193 600 1660 1661 1108 114 
6 600 1193 1251 93 1225 1233 
5 417 416 508 858 755 
5 1663 1661 1108 1047 572 
5 688 419 83 79 235 
5 621 708 703 930 825 
5 83 419 1115 896 1614 
6 1637 1635 305 1626 1614 896 
5 419 688 729 1198 1115 
5 256 259 163 157 407 
5 1192 1219 55 577 196 
6 58 169 163 259 1428 1220 
4 165 169 58 56 
5 157 407 477 476 164 
5 1655 1656 1427 1192 196 
4 1312 699 556 284 
5 1156 1157 745 1451 1305 
6 344 420 1405 1406 917 1239 
5 350 349 420 344 346 
5 1178 1179 867 350 346 
5 385 402 352 867 1179 
5 401 402 385 460 461 
5 1086 1407 1405 420 349 
5 404 405 1339 1194 584 
5 985 1191 1063 926 215 
5 107 404 584 925 1064 
5 405 1039 1046 1338 1339 
4 1281 973 959 880 
4 1035 1036 1537 74 
6 601 1545 1281 880 1272 1271 
6 392 317 1593 1592 1543 1540 
5 392 393 638 132 317 
5 492 662 638 393 391 
5 328 391 492 540 330 
5 540 655 129 145 330 
6 1356 1648 1685 533 1484 1483 
4 422 1163 1349 1344 
4 421 533 1685 1683 
5 1406 1405 1489 1392 1383 
6 386 269 1488 1489 1405 1407 
4 386 269 656 484 
6 484 656 614 1596 1622 1627 
5 1351 1346 1090 768 650 
6 1701 1700 459 342 343 334 
5 335 517 715 767 570 
6 518 969 1350 1386 1700 1701 
5 278 279 1277 423 424 
5 950 1102 982 1568 1570 
6 860 941 1102 982 1517 1516 
5 932 734 1389 535 296 
5 1055 1056 941 1102 950 
5 859 860 941 1056 931 
5 296 535 565 241 592 
5 564 565 241 1516 1517 
6 564 565 535 1389 1570 1568 
5 748 747 1181 544 426 
6 426 67 68 286 425 544 
4 1168 1228 251 249 
6 249 1151 1181 747 1167 1168 
5 425 250 1151 1181 544 
4 425 250 248 286 
5 747 748 66 752 1167 
4 748 66 67 426 
4 545 553 1023 617 
5 412 277 278 424 415 
6 1207 1208 295 1402 1401 899 
5 1401 1402 1263 681 183 
5 591 643 295 1208 1213 
6 299 1148 1147 591 643 642 
6 1399 1391 1214 1207 899 898 
5 296 535 854 1375 1304 
5 535 565 400 853 854 
6 400 473 1157 1156 241 565 
5 1452 1304 1375 1373 543 
6 543 1452 1451 745 865 864 
5 865 745 1157 473 472 
6 634 569 647 224 425 286 
4 544 223 220 426 
5 229 819 818 69 226 
5 426 67 69 226 220 
4 223 224 425 544 
4 222 372 569 647 
5 222 372 695 819 229 
6 1561 1562 1478 1313 1414 1413 
5 1659 1464 659 260 427 
5 1371 1668 1659 427 428 
6 1370 1371 1668 1664 646 406 
5 427 260 486 801 428 
5 1473 1477 875 1370 406 
5 912 1360 922 1477 1473 
5 428 801 875 1370 1371 
6 199 989 992 613 1219 1192 
6 57 613 992 418 836 1150 
5 1690 1691 383 1697 61 
5 1267 1630 367 1136 1135 
5 1571 1576 1631 1221 429 
5 168 301 408 407 157 
5 403 408 301 605 1088 
5 16 25 694 430 723 
5 268 21 20 881 718 
4 723 722 28 16 
6 585 28 722 302 78 84 
4 430 694 882 856 
6 722 723 430 856 736 302 
6 204 744 920 337 1160 1159 
6 336 337 920 1534 1531 1234 
4 336 338 142 1234 
6 206 184 170 805 1177 1113 
5 206 184 814 744 204 
5 396 494 1042 1083 852 
5 397 345 1379 1380 561 
5 560 561 1380 1100 804 
5 1040 1041 872 1101 1085 
6 1042 1083 618 1041 872 871 
5 494 560 804 871 1042 
6 1118 1119 1116 1117 580 8 
5 432 434 1380 1100 573 
6 230 433 435 436 432 573 
4 1422 231 804 560 
5 434 431 482 561 1380 
5 431 436 435 623 482 
5 231 1422 1423 433 230 
4 431 434 432 436 
4 433 435 623 1423 
5 59 437 550 169 58 
5 438 166 550 437 743 
5 53 1018 743 437 59 
5 101 639 438 743 1018 
4 639 581 166 438 
6 657 794 1120 1146 758 900 
5 148 147 1463 1021 475 
5 1021 1020 590 793 475 
5 147 887 1666 1664 1463 
5 909 910 646 1664 1666 
5 395 394 439 370 369 
4 906 371 370 439 
5 332 398 622 363 331 
5 906 1002 360 763 371 
7 1540 1543 1530 1002 906 439 394 
5 399 400 565 564 464 
5 399 464 782 783 816 
5 91 414 413 1457 1016 
6 242 526 889 1016 1457 1458 
6 415 424 423 1458 1457 413 
6 1508 1500 490 846 833 649 
5 519 845 1313 1478 1472 
5 1472 1474 943 834 519 
6 1360 1327 1508 649 942 912 
6 1691 1690 770 771 340 339 
4 1703 1704 1560 1430 
6 406 405 1339 1349 1344 1370 
6 1472 1478 1562 1560 1430 1429 
5 1474 1472 1429 584 404 
6 1344 1370 875 1128 499 422 
6 422 499 1704 1703 1195 1163 
5 318 457 1607 1606 1650 
6 1421 1460 1466 903 1117 1116 
5 1605 1300 1301 979 978 
5 91 92 652 653 414 
5 440 311 312 27 862 
5 862 861 697 539 440 
5 1345 1357 269 386 380 
6 623 435 954 820 492 391 
5 431 442 441 390 482 
6 441 438 639 638 393 390 
5 167 166 438 441 442 
6 160 167 442 431 436 411 
4 954 411 436 435 
5 1054 1053 325 653 652 
5 22 19 1325 1103 883 
6 562 599 18 17 277 412 
5 324 1462 1457 413 323 
6 883 1103 1461 1462 324 306 
6 423 1277 1325 1103 1461 1458 
6 14 1296 1400 1390 123 15 
5 1019 1384 1394 1434 1437 
6 361 174 737 566 1394 1384 
4 1384 1019 884 361 
5 446 445 444 1200 1199 
5 175 446 1199 1210 738 
5 194 527 444 1200 1169 
5 443 1337 527 444 445 
5 175 176 443 445 446 
5 173 1308 1337 443 176 
4 941 1461 1103 1102 
5 1458 1461 941 860 242 
4 308 310 356 358 
4 1546 1311 730 489 
6 1280 1281 880 777 663 630 
6 382 409 504 1661 1663 1127 
5 1124 1129 741 960 776 
5 1381 1396 1129 741 740 
5 1667 1668 1371 1343 1197 
5 495 799 800 315 103 
5 1524 1523 315 800 447 
5 447 291 673 719 1524 
6 529 530 511 1276 1303 98 
5 294 291 447 800 799 
4 511 873 1595 1276 
5 873 673 719 530 511 
6 1674 1675 275 1107 643 591 
5 1122 1123 1307 832 140 
6 1697 1696 1123 1307 1237 61 
7 383 341 336 1234 1294 1696 1697 
6 705 706 1684 1686 757 354 
4 706 1684 372 222 
4 874 1291 705 354 
6 829 1689 1688 1290 647 569 
4 756 757 1686 1646 
5 70 66 748 539 697 
6 329 493 494 1042 1403 1419 
5 329 326 1274 991 1419 
4 364 201 987 1273 
5 1084 1403 1419 991 990 
6 228 223 544 1181 1180 1153 
5 1152 1153 228 1315 1212 
6 425 224 1316 1144 1292 250 
5 719 673 786 365 373 
6 371 244 528 375 1518 906 
5 368 292 293 467 468 
5 447 439 906 1518 1524 
6 447 291 292 368 370 439 
5 374 193 640 1490 1495 
7 313 433 1423 1424 536 27 312 
5 313 953 954 435 433 
6 203 280 1390 1400 184 206 
5 1276 1322 1011 654 511 
4 754 905 1323 1028 
5 1469 1470 879 1600 641 
5 879 1003 100 1599 1600 
5 361 888 1449 1444 1384 
5 151 446 1199 1368 1037 
5 446 151 901 172 175 
5 1462 1584 1583 455 324 
5 1584 1462 1457 1016 1015 
5 420 534 1480 1489 1405 
7 757 1686 1685 533 534 420 349 
4 533 534 1480 1484 
5 152 727 178 815 1186 
6 994 1149 1191 985 1215 1216 
5 95 381 769 893 892 
5 433 313 465 221 230 
5 221 228 1153 1142 465 
4 573 1285 568 432 
6 436 432 568 677 50 411 
5 871 890 1404 1403 1042 
5 448 717 872 1041 933 
6 359 951 952 437 743 742 
5 549 550 437 952 921 
5 557 742 743 438 441 
5 266 1566 557 441 442 
5 442 167 105 109 266 
5 38 36 119 120 247 
5 376 366 1284 1320 773 
5 290 1026 1027 979 978 
5 571 1079 1218 1588 1609 
5 1420 1404 890 232 449 
6 1419 1420 449 1154 1066 329 
6 1155 1065 1425 1422 231 227 
5 1154 1155 227 232 449 
5 417 418 992 1143 416 
4 992 1143 645 613 
5 39 881 718 963 962 
4 77 7 8 580 
5 870 934 534 420 344 
6 1683 1684 706 717 448 421 
6 346 350 354 705 1101 1085 
6 421 448 933 934 534 533 
5 440 225 221 465 311 
6 426 220 225 440 539 748 
6 478 1283 1322 1276 1595 1610 
5 687 538 855 594 388 
5 394 389 800 447 439 
5 800 389 392 317 315 
6 1432 1431 1257 741 1129 1062 
5 192 698 1011 1322 1283 
6 698 1011 1184 1182 1032 1033 
5 511 654 429 1221 873 
5 1240 787 399 464 463 
5 1480 534 934 816 783 
6 37 733 1335 1347 1203 1202 
5 32 732 939 1441 1436 
6 45 155 355 1202 1203 42 
4 42 1203 1347 1494 
5 389 525 558 799 800 
5 557 558 525 390 441 
5 301 1699 1702 333 408 
6 150 451 1347 1203 1223 1012 
5 450 451 150 1049 955 
5 246 1070 955 450 387 
5 450 451 1347 1335 387 
6 434 431 442 266 1188 1243 
5 1554 612 558 525 524 
5 1379 1380 434 1243 1094 
5 855 649 942 726 538 
5 649 855 594 1507 1508 
5 879 1470 1575 1620 1608 
5 1003 879 1608 347 115 
6 1464 567 1548 1549 802 659 
5 321 567 1464 1659 1658 
6 988 1287 1109 504 409 96 
4 541 1154 449 1258 
6 258 926 1063 548 1699 1702 
5 259 163 111 1064 925 
5 452 444 527 736 856 
5 976 977 1200 444 452 
5 147 559 567 1464 1463 
6 226 69 1162 1258 449 232 
6 122 205 616 617 1023 1022 
5 450 955 1369 977 976 
5 955 1049 1037 1368 1369 
4 1661 504 1109 1108 
4 1538 1052 607 72 
5 429 654 1011 698 1571 
5 1389 1398 1557 854 535 
5 834 943 952 437 59 
5 649 833 648 1029 855 
5 1613 1621 1573 689 491 
6 1612 1608 879 1600 1591 1059 
5 491 830 1059 1612 1613 
5 497 615 1591 1059 830 
5 519 1220 1428 1429 1472 
6 199 1192 1427 1430 1560 1559 
6 941 1056 1587 1584 1462 1461 
4 1453 501 1172 971 
5 1059 1134 1252 1256 1612 
5 115 347 1255 1193 114 
5 1482 1459 1460 1421 1164 
5 368 292 1314 1376 1372 
5 1374 1479 1452 543 532 
5 1306 1307 1123 563 4 
5 44 378 453 454 1485 
5 43 42 1203 1223 1341 
5 658 149 453 378 307 
5 1485 1494 1347 451 454 
5 453 149 150 451 454 
6 108 2 3 522 1244 1187 
6 267 385 402 780 589 521 
5 866 867 1179 1244 522 
6 70 697 861 541 1258 1162 
5 862 1155 227 225 440 
5 451 450 976 452 454 
5 445 444 452 454 453 
5 149 151 446 445 453 
5 714 731 764 916 886 
6 443 176 610 264 263 377 
6 253 255 1336 1337 443 377 
5 377 443 445 453 378 
6 568 522 1244 1243 434 432 
4 1558 1376 1314 691 
6 454 452 856 882 1487 1485 
5 849 850 953 1242 878 
5 455 897 1358 1362 1583 
5 1260 1231 1184 1011 654 
5 1062 1129 1124 1033 1032 
5 628 629 665 664 456 
5 813 1665 1667 1197 1196 
4 500 720 1589 751 
4 1385 1386 1700 459 
5 460 461 917 1239 1093 
4 470 471 1138 1139 
5 472 473 750 1061 1060 
5 935 1045 807 721 474 
5 475 1021 1361 1326 1089 
5 1112 1195 1703 924 923 
5 1499 1530 1543 1592 1603 
5 511 530 1259 1260 654 
4 476 477 583 582 
5 821 822 513 1081 1114 
5 478 479 571 1609 1610 
5 854 1557 1558 1376 1375 
5 1535 1536 632 481 480 
6 1422 1423 623 482 561 560 
5 1350 1351 650 970 969 
5 1113 1177 545 617 616 
5 1282 1323 905 1262 728 
6 928 948 1034 802 1549 1553 
5 922 1477 875 801 486 
5 798 1019 884 488 487 
5 489 730 731 714 713 
6 490 1500 1501 728 1262 1261 
5 1463 1464 659 1361 1021 
6 496 677 1212 1211 914 1091 
5 498 709 710 629 628 
5 591 1147 1437 1676 1674 
5 1444 1384 1019 798 797 
5 1020 912 942 726 590 
4 1424 1425 1065 536 
5 499 1128 1562 1560 1704 
5 721 807 961 720 500 
5 646 1664 1463 1021 1020 
5 505 506 1036 1035 792 
5 720 961 716 785 784 
5 842 843 968 1104 704 
6 507 798 1019 1437 1676 1677 
6 508 572 1663 1662 857 858 
4 817 1388 1382 1476 
4 902 1327 1508 1500 
5 517 518 969 970 715 
6 613 645 845 519 1220 1219 
5 1410 1409 1051 889 526 
5 735 736 527 1337 1336 
6 528 831 1515 1510 1317 1318 
5 1323 1322 1276 1303 1028 
5 529 530 719 1524 1523 
5 995 1029 855 538 537 
5 861 862 1155 1154 541 
5 1144 1316 1290 1688 1687 
5 1000 1001 555 1073 1072 
5 1213 1214 1391 1147 591 
5 1082 1253 1254 811 660 
4 902 1035 792 556 
5 1566 1565 612 558 557 
5 939 1334 1493 1440 1441 
5 651 1552 1548 567 559 
5 568 677 1212 1315 1285 
5 574 787 1240 1551 1556 
5 662 661 581 639 638 
5 1392 1489 1480 783 782 
4 588 589 780 779 
5 793 794 1120 1121 590 
6 594 855 1029 1028 1323 1282 
5 686 793 794 683 682 
5 927 928 1553 1552 651 
5 595 788 789 665 664 
5 1101 872 717 706 705 
5 601 948 1089 1269 1271 
5 1087 1088 605 997 996 
4 775 774 669 636 
5 938 937 606 710 709 
5 1052 1132 885 739 607 
5 713 714 886 885 1132 
5 1010 1248 1247 620 619 
5 873 1221 1631 1610 1595 
5 753 754 1028 1029 648 
5 670 1698 1696 1294 1293 
6 1106 986 1185 1186 815 812 
5 833 834 943 942 649 
5 715 970 650 768 767 
5 659 802 1034 1326 1361 
5 873 1221 1268 786 673 
5 1263 1367 1186 815 681 
5 690 929 930 703 702 
5 915 916 764 1333 1329 
5 818 819 695 895 894 
6 1312 1313 1478 1477 922 699 
5 923 924 1654 1097 1098 
5 871 872 717 891 890 
6 718 881 882 856 736 735 
5 1569 1567 724 963 962 
5 884 1019 1437 1147 1148 
5 942 943 952 951 726 
5 1158 1253 1082 998 844 
4 730 731 789 788 
5 732 733 1335 1334 939 
5 931 932 734 1055 1056 
5 740 741 1257 1287 988 
5 885 886 916 915 739 
4 742 743 1018 1017 
5 746 829 828 822 821 
5 752 1227 1228 1168 1167 
5 1232 1224 755 858 857 
5 909 910 1145 1146 758 
5 1013 1014 1068 1067 772 
5 1237 1307 832 771 770 
5 776 777 880 959 960 
6 879 1003 1183 1184 1231 1470 
5 957 958 778 1014 1013 
4 954 953 850 820 
5 790 791 947 1230 1229 
4 795 796 919 918 
5 871 872 1101 1100 804 
5 805 1177 1176 1044 1043 
5 1638 1640 1110 911 806 
5 878 1242 1241 811 810 
5 1625 1619 1150 836 835 
4 838 1114 1647 1345 
5 1618 1624 839 975 974 
4 937 938 841 840 
4 877 876 843 842 
5 1454 1455 903 848 847 
5 1038 1039 1046 1106 1190 
5 1041 1040 870 934 933 
5 1688 1680 874 1291 1290 
5 1477 1478 1562 1128 875 
5 949 950 1102 1103 883 
4 887 888 901 900 
5 1015 1016 889 1051 1050 
5 892 893 1286 1287 988 
5 1053 1054 1359 1358 897 
6 1183 1184 1011 1322 1323 905 
6 902 1327 1326 1034 1036 1035 
5 906 1002 1502 1526 1518 
5 929 930 966 965 907 
5 1020 1021 1361 1360 912 
6 1352 1353 1251 1252 1134 1133 
4 913 914 1091 1092 
6 1450 1442 1678 1679 1368 1037 
5 951 952 921 1057 1058 
4 925 926 1063 1064 
4 981 980 945 944 
4 1089 1326 1034 948 
5 1048 1049 955 1070 1069 
5 1105 1104 968 994 993 
5 1050 1051 1409 1172 971 
5 978 979 1466 1460 1418 
5 1102 1103 1325 1324 982 
5 985 986 1106 1190 1191 
5 990 991 1274 1273 987 
5 1413 1414 1143 992 989 
5 1303 1302 995 1029 1028 
5 1026 1027 999 1072 1073 
4 1042 1403 1084 1083 
5 1185 1186 1367 1366 1004 
5 1076 1077 1222 1223 1012 
5 1170 1171 1163 1195 1112 
5 1135 1136 1025 1117 1116 
4 1528 1529 1031 1030 
5 1108 1109 1287 1286 1047 
5 1131 1132 1052 1096 1095 
5 1133 1134 1059 1591 1598 
4 1065 1066 1154 1155 
7 1269 1270 1507 1508 1327 1326 1089 
5 1078 1079 1218 1217 1071 
5 1648 1647 1114 1081 1080 
5 1380 1379 1085 1101 1100 
5 1407 1629 1633 1130 1086 
5 1239 1240 1551 1550 1093 
5 1094 1243 1244 1179 1178 
4 1139 1138 1098 1097 
5 1174 1175 1110 1640 1639 
5 1159 1160 1176 1177 1113 
5 1481 1482 1164 1119 1118 
4 1146 1145 1121 1120 
5 1129 1396 1395 1125 1124 
6 1196 1197 1343 1344 1349 1348 
5 1241 1242 1142 1153 1152 
5 1144 1316 1315 1212 1211 
5 1147 1148 1275 1399 1391 
5 1695 1694 1149 1191 1190 
5 1180 1181 1151 1643 1644 
5 1172 1409 1505 1503 1481 
5 1158 1253 1254 1236 1235 
5 1339 1349 1163 1195 1194 
5 1210 1209 1169 1200 1199 
5 1205 1206 1173 1355 1354 
5 1431 1432 1182 1184 1183 
4 1244 1243 1188 1187 
5 1219 1220 1428 1427 1192 
5 1193 1255 1256 1252 1251 
4 1222 1223 1203 1202 
5 1215 1216 1278 1279 1204 
4 1214 1213 1208 1207 
4 1232 1233 1225 1224 
5 1267 1268 1221 1631 1630 
5 1229 1230 1553 1552 1226 
5 1469 1470 1231 1260 1259 
5 1293 1294 1234 1531 1532 
4 1307 1306 1238 1237 
4 1245 1246 1249 1250 
5 1488 1489 1392 1435 1266 
5 1286 1287 1257 1262 1261 
5 1288 1289 1366 1367 1263 
4 1264 1265 1273 1274 
4 1269 1270 1272 1271 
5 1295 1296 1400 1399 1275 
5 1302 1303 1276 1595 1594 
5 1280 1281 1545 1546 1311 
4 1323 1322 1283 1282 
5 1284 1320 1319 1301 1300 
5 1290 1291 1285 1315 1316 
4 1318 1317 1298 1297 
7 1375 1376 1314 1418 1460 1459 1304 
5 1451 1496 1506 1411 1305 
4 1308 1309 1336 1337 
5 1310 1415 1414 1313 1312 
4 1326 1327 1360 1361 
4 1328 1329 1333 1332 
5 1334 1335 1347 1494 1493 
4 1348 1349 1339 1338 
4 1364 1365 1353 1352 
5 1354 1355 1342 1514 1515 
4 1371 1370 1344 1343 
5 1356 1357 1345 1647 1648 
5 1386 1385 1346 1351 1350 
4 1358 1359 1363 1362 
4 1372 1373 1375 1376 
5 1377 1378 1504 1479 1374 
5 1395 1396 1381 1521 1522 
5 1441 1440 1382 1388 1387 
5 1408 1439 1435 1392 1383 
5 1393 1394 1384 1444 1443 
5 1569 1570 1389 1398 1397 
4 1390 1391 1399 1400 
4 1403 1404 1420 1419 
4 1407 1629 1406 1405 
5 1409 1410 1411 1506 1505 
5 1416 1417 1408 1439 1438 
4 1412 1418 1460 1421 
4 1425 1424 1423 1422 
4 1427 1428 1429 1430 
4 1615 1676 1437 1434 
5 1438 1439 1435 1448 1447 
5 1445 1446 1436 1441 1440 
5 1451 1452 1479 1504 1496 
5 1442 1450 1449 1444 1443 
5 1586 1587 1453 1455 1454 
5 1456 1574 1575 1470 1469 
4 1462 1461 1458 1457 
4 1465 1466 1460 1459 
5 1664 1668 1659 1464 1463 
4 1467 1468 1672 1611 
5 1471 1487 1486 1476 1475 
5 1473 1474 1472 1478 1477 
5 1503 1504 1479 1482 1481 
5 1483 1484 1480 1489 1488 
5 1493 1494 1485 1487 1486 
4 1502 1526 1495 1490 
5 1505 1506 1496 1504 1503 
6 1603 1604 1525 1526 1502 1499 
4 1508 1507 1501 1500 
4 1509 1510 1515 1514 
5 1512 1513 1522 1521 1511 
5 1523 1524 1518 1526 1525 
5 1528 1542 1543 1530 1529 
4 1534 1533 1532 1531 
4 1537 1538 1546 1545 
4 1539 1540 1543 1542 
5 1547 1555 1556 1551 1550 
4 1552 1553 1549 1548 
5 1555 1556 1557 1558 1554 
4 1559 1560 1562 1561 
4 1563 1564 1566 1565 
4 1567 1568 1570 1569 
5 1573 1621 1620 1575 1574 
5 1571 1572 1602 1601 1576 
4 1577 1578 1580 1579 
4 1581 1582 1598 1597 
4 1583 1584 1587 1586 
6 1611 1672 1673 1669 1596 1585 
5 1594 1595 1610 1609 1588 
4 1601 1602 1590 1589 
5 1597 1598 1591 1600 1599 
4 1592 1593 1604 1603 
4 1596 1669 1623 1622 
5 1609 1610 1631 1630 1605 
5 1608 1620 1621 1613 1612 
5 1622 1623 1614 1626 1627 
5 1677 1676 1615 1617 1616 
4 1618 1619 1625 1624 
4 1632 1633 1629 1628 
4 1634 1635 1637 1636 
5 1639 1640 1638 1681 1682 
4 1644 1643 1642 1641 
5 1646 1686 1685 1648 1647 
4 1653 1654 1656 1655 
5 1657 1658 1659 1668 1667 
4 1662 1663 1661 1660 
5 1667 1668 1664 1666 1665 
4 1676 1677 1675 1674 
5 1680 1688 1689 1682 1681 
4 1685 1686 1684 1683 
4 1694 1695 1693 1692 
4 1699 1700 1701 1702 
CELL_DATA 1633
SCALARS scalar_1 double
LOOKUP_TABLE default
    0.086726
    0.122238
    0.123513
    0.100541
    0.131479
    0.110300
    0.123513
    0.158159
    0.108695
    0.132419
    0.123513
    0.140000
    0.075273
    0.110300
    0.146689
    0.063276
    0.118724
    0.116835
    0.236282
    0.149056
    0.227968
    0.146689
    0.190835
    0.126627
    0.157881
    0.162200
    0.140640
    0.065364
    0.203140
    0.159569
    0.084247
    0.170404
    0.152295
    0.173228
    0.193908
    0.032578
    0.074493
    0.094537
    0.105770
    0.076919
    0.093421
    0.159569
    0.090641
    0.078110
    0.053941
    0.140640
    0.109733
    0.094309
    0.109733
    0.098528
    0.094309
    0.079277
    0.102368
    0.105770
    0.112423
    0.094537
    0.053941
    0.207865
    0.116907
    0.070107
    0.180795
    0.258329
    0.081583
    0.100541
    0.100541
    0.075273
    0.100541
    0.100541
    0.108976
    0.155692
    0.086726
    0.069718
    0.124024
    0.069875
    0.050860
    0.077753
    0.084563
    0.107306
    0.087332
    0.236282
    0.057367
    0.087058
    0.124078
    0.062735
    0.140640
    0.165696
    0.122238
    0.131832
    0.098528
    0.098528
    0.098528
    0.098528
    0.094309
    0.116835
    0.109733
    0.079277
    0.098528
    0.032578
    0.058377
    0.110512
    0.161957
    0.124792
    0.149918
    0.149918
    0.107616
    0.149918
    0.082153
    0.149918
    0.143637
    0.166998
    0.149918
    0.149918
    0.076544
    0.116835
    0.116835
    0.195546
    0.116835
    0.116835
    0.116835
    0.118724
    0.037644
    0.116835
    0.116835
    0.227968
    0.203925
    0.089375
    0.168017
    0.113704
    0.122296
    0.170404
    0.065364
    0.138891
    0.089375
    0.097532
    0.089375
    0.107616
    0.195546
    0.079097
    0.087332
    0.050860
    0.076544
    0.143637
    0.171889
    0.078759
    0.154521
    0.057367
    0.084563
    0.094335
    0.050860
    0.088697
    0.085377
    0.062735
    0.111469
    0.051988
    0.132419
    0.161124
    0.214643
    0.055960
    0.086726
    0.131479
    0.083833
    0.112368
    0.107306
    0.109134
    0.084305
    0.110300
    0.062735
    0.069718
    0.142992
    0.087332
    0.062735
    0.154521
    0.079097
    0.111469
    0.050860
    0.062735
    0.069875
    0.042016
    0.042016
    0.042016
    0.093620
    0.078326
    0.048917
    0.220331
    0.042016
    0.193908
    0.074493
    0.146689
    0.162200
    0.122884
    0.126627
    0.107852
    0.078759
    0.106889
    0.085377
    0.078759
    0.088697
    0.107852
    0.085377
    0.236282
    0.214643
    0.085377
    0.085377
    0.085377
    0.085377
    0.084563
    0.050860
    0.140000
    0.131832
    0.177404
    0.140000
    0.158159
    0.140000
    0.140000
    0.132419
    0.083833
    0.085557
    0.155692
    0.131832
    0.083833
    0.177404
    0.145126
    0.157881
    0.132419
    0.131241
    0.113704
    0.155692
    0.122238
    0.085557
    0.106889
    0.084247
    0.107852
    0.086726
    0.122238
    0.132419
    0.085313
    0.165696
    0.121611
    0.073909
    0.112423
    0.220331
    0.074493
    0.082471
    0.078326
    0.190835
    0.079294
    0.093620
    0.075531
    0.158159
    0.142992
    0.071401
    0.079277
    0.032578
    0.094537
    0.173228
    0.084671
    0.109733
    0.087099
    0.079277
    0.207865
    0.075273
    0.110300
    0.214643
    0.109134
    0.124078
    0.214643
    0.214643
    0.043596
    0.084563
    0.086726
    0.107306
    0.236282
    0.055960
    0.131241
    0.162200
    0.105786
    0.126627
    0.145126
    0.133007
    0.113704
    0.227968
    0.083833
    0.149056
    0.079294
    0.190835
    0.131241
    0.158159
    0.142113
    0.083833
    0.131241
    0.131241
    0.131241
    0.088826
    0.158159
    0.105786
    0.175210
    0.145126
    0.162200
    0.062289
    0.146689
    0.124792
    0.179067
    0.228933
    0.142992
    0.142113
    0.142113
    0.173228
    0.104762
    0.084671
    0.142113
    0.142113
    0.076544
    0.051477
    0.180795
    0.168017
    0.227968
    0.075273
    0.149056
    0.124078
    0.236282
    0.124792
    0.081583
    0.094137
    0.110950
    0.102760
    0.118846
    0.030023
    0.159731
    0.228933
    0.173228
    0.162200
    0.032578
    0.145126
    0.079525
    0.074370
    0.063276
    0.063276
    0.070107
    0.063276
    0.063276
    0.063276
    0.063276
    0.228933
    0.166998
    0.179067
    0.173228
    0.228933
    0.228933
    0.228933
    0.076544
    0.131479
    0.062289
    0.091650
    0.084305
    0.175210
    0.158159
    0.054055
    0.054055
    0.071401
    0.054055
    0.054055
    0.054055
    0.161957
    0.058377
    0.145275
    0.152295
    0.108976
    0.086862
    0.145275
    0.155692
    0.085313
    0.157171
    0.145275
    0.145275
    0.157951
    0.168017
    0.149056
    0.203925
    0.227968
    0.113704
    0.227968
    0.227968
    0.227968
    0.162200
    0.227968
    0.203925
    0.253515
    0.071401
    0.085816
    0.048917
    0.094137
    0.098798
    0.037644
    0.090641
    0.079525
    0.081583
    0.070107
    0.067628
    0.074370
    0.070107
    0.070107
    0.180795
    0.236282
    0.074493
    0.155692
    0.110512
    0.068558
    0.106889
    0.085557
    0.146296
    0.068265
    0.127838
    0.138891
    0.133007
    0.053941
    0.116907
    0.076919
    0.117509
    0.124078
    0.109134
    0.124792
    0.062289
    0.091650
    0.084305
    0.131479
    0.091650
    0.107306
    0.113942
    0.085816
    0.085816
    0.085816
    0.085816
    0.107634
    0.124024
    0.048917
    0.127838
    0.068969
    0.076919
    0.079294
    0.133007
    0.116907
    0.112368
    0.055960
    0.083833
    0.086726
    0.132419
    0.078928
    0.065364
    0.065364
    0.065364
    0.097532
    0.065364
    0.170404
    0.159569
    0.138891
    0.065364
    0.097532
    0.130815
    0.088716
    0.101351
    0.203140
    0.122884
    0.122884
    0.122884
    0.122884
    0.126627
    0.122884
    0.122884
    0.122884
    0.162200
    0.088826
    0.076544
    0.166998
    0.145126
    0.085907
    0.088716
    0.097532
    0.143637
    0.082153
    0.142992
    0.076544
    0.069718
    0.124024
    0.143637
    0.104762
    0.143637
    0.110512
    0.253515
    0.058377
    0.032578
    0.106889
    0.068558
    0.076919
    0.078110
    0.102368
    0.067628
    0.051988
    0.087099
    0.084617
    0.079525
    0.074370
    0.094335
    0.101351
    0.088826
    0.088716
    0.118724
    0.078110
    0.079525
    0.094137
    0.037644
    0.109733
    0.090641
    0.101351
    0.175210
    0.088826
    0.105786
    0.088716
    0.121611
    0.101351
    0.101351
    0.101351
    0.105786
    0.088826
    0.147764
    0.084305
    0.175210
    0.083833
    0.175210
    0.146689
    0.110300
    0.110300
    0.109134
    0.110300
    0.075273
    0.131479
    0.086726
    0.149056
    0.168017
    0.168017
    0.168017
    0.170404
    0.138891
    0.113704
    0.258329
    0.032578
    0.122296
    0.203925
    0.159569
    0.170404
    0.140640
    0.203140
    0.094309
    0.140640
    0.140640
    0.140640
    0.053941
    0.179067
    0.048917
    0.079294
    0.116907
    0.112423
    0.133725
    0.091507
    0.075531
    0.193908
    0.207865
    0.073909
    0.108976
    0.152295
    0.253515
    0.062289
    0.071401
    0.088697
    0.107852
    0.106889
    0.051988
    0.070076
    0.085557
    0.068558
    0.154521
    0.078759
    0.087332
    0.111469
    0.236282
    0.050860
    0.084563
    0.107616
    0.166998
    0.166998
    0.166998
    0.166998
    0.076544
    0.179067
    0.085907
    0.093620
    0.190835
    0.124792
    0.236282
    0.155692
    0.093620
    0.093620
    0.085907
    0.093620
    0.093620
    0.093620
    0.121611
    0.093620
    0.093620
    0.094309
    0.203140
    0.195546
    0.032578
    0.084247
    0.084247
    0.258329
    0.084247
    0.140657
    0.107852
    0.157951
    0.159731
    0.095553
    0.084247
    0.090641
    0.117509
    0.117509
    0.159569
    0.117509
    0.068265
    0.117509
    0.138891
    0.146296
    0.117509
    0.124792
    0.062289
    0.146689
    0.109134
    0.131479
    0.071401
    0.118138
    0.195546
    0.203925
    0.113704
    0.145126
    0.131832
    0.122296
    0.118138
    0.131479
    0.071401
    0.158159
    0.124792
    0.085907
    0.093725
    0.085313
    0.160079
    0.068265
    0.110950
    0.102760
    0.127838
    0.030023
    0.068969
    0.071401
    0.118138
    0.111469
    0.107852
    0.075273
    0.043596
    0.113704
    0.132419
    0.086862
    0.065819
    0.165696
    0.160079
    0.085313
    0.122296
    0.093725
    0.130815
    0.032578
    0.193908
    0.094537
    0.207865
    0.173228
    0.133725
    0.179067
    0.084671
    0.084563
    0.124078
    0.236282
    0.236282
    0.236282
    0.236282
    0.087332
    0.055960
    0.076919
    0.078928
    0.057367
    0.110131
    0.084617
    0.051988
    0.088697
    0.102368
    0.070076
    0.095553
    0.180795
    0.106889
    0.258329
    0.146296
    0.102368
    0.078928
    0.116907
    0.084617
    0.127838
    0.078110
    0.068969
    0.126627
    0.121611
    0.073909
    0.083833
    0.190835
    0.088826
    0.088716
    0.147764
    0.079294
    0.106889
    0.032578
    0.095553
    0.258329
    0.159731
    0.258329
    0.258329
    0.258329
    0.180795
    0.081583
    0.087099
    0.118724
    0.074370
    0.074370
    0.079525
    0.074370
    0.067628
    0.074370
    0.133725
    0.051477
    0.102368
    0.207865
    0.084671
    0.084671
    0.087099
    0.104762
    0.079525
    0.081583
    0.159731
    0.067628
    0.180795
    0.084617
    0.102760
    0.095553
    0.094137
    0.081583
    0.253515
    0.086862
    0.253515
    0.058377
    0.065819
    0.253515
    0.253515
    0.067628
    0.180795
    0.085557
    0.203925
    0.079294
    0.133007
    0.207865
    0.133725
    0.112423
    0.078928
    0.102368
    0.053941
    0.122296
    0.065819
    0.065819
    0.086862
    0.130815
    0.065819
    0.065819
    0.079294
    0.133725
    0.110131
    0.091507
    0.055960
    0.057367
    0.112368
    0.159569
    0.203140
    0.193908
    0.179067
    0.048917
    0.107616
    0.048917
    0.048917
    0.048917
    0.082153
    0.171889
    0.087099
    0.131832
    0.131479
    0.118138
    0.075273
    0.190835
    0.082471
    0.086862
    0.094309
    0.078110
    0.087099
    0.037644
    0.102368
    0.118724
    0.193908
    0.193908
    0.207865
    0.179067
    0.193908
    0.074493
    0.094537
    0.068969
    0.132419
    0.160079
    0.133007
    0.122296
    0.203925
    0.122296
    0.113704
    0.130815
    0.122296
    0.097532
    0.122296
    0.122296
    0.074493
    0.071401
    0.131479
    0.118138
    0.071401
    0.071401
    0.071401
    0.162200
    0.179067
    0.142992
    0.082153
    0.091507
    0.110131
    0.133725
    0.069875
    0.051477
    0.095553
    0.159731
    0.070076
    0.068969
    0.043596
    0.157951
    0.140657
    0.084617
    0.088697
    0.102760
    0.107852
    0.110950
    0.094137
    0.068265
    0.030023
    0.110950
    0.102760
    0.030023
    0.146296
    0.030023
    0.110131
    0.102368
    0.207865
    0.179067
    0.091507
    0.113704
    0.132419
    0.138891
    0.160079
    0.133007
    0.149056
    0.131832
    0.145126
    0.126627
    0.085907
    0.124792
    0.146689
    0.190835
    0.084305
    0.113942
    0.107306
    0.124024
    0.083833
    0.147764
    0.073909
    0.107634
    0.133007
    0.053941
    0.159569
    0.170404
    0.097532
    0.068265
    0.160079
    0.084617
    0.094137
    0.095553
    0.110950
    0.159731
    0.068969
    0.146296
    0.109134
    0.124078
    0.124792
    0.124792
    0.146689
    0.124792
    0.180795
    0.106889
    0.085557
    0.067628
    0.154521
    0.085557
    0.068558
    0.085557
    0.085907
    0.088716
    0.121611
    0.097532
    0.158159
    0.171889
    0.158159
    0.147764
    0.132419
    0.133007
    0.079294
    0.171889
    0.069718
    0.043596
    0.086726
    0.108976
    0.195546
    0.203140
    0.124024
    0.069718
    0.069718
    0.069718
    0.069718
    0.087332
    0.118846
    0.171889
    0.079097
    0.069875
    0.106889
    0.068558
    0.106889
    0.106889
    0.106889
    0.087332
    0.079097
    0.118724
    0.087099
    0.032578
    0.032578
    0.094537
    0.079097
    0.087332
    0.111469
    0.079097
    0.079097
    0.079097
    0.171889
    0.203925
    0.203925
    0.203925
    0.203925
    0.203925
    0.109134
    0.124078
    0.107306
    0.084563
    0.124078
    0.124078
    0.124024
    0.094137
    0.068265
    0.093725
    0.085313
    0.132419
    0.133007
    0.130815
    0.113942
    0.131479
    0.107306
    0.147764
    0.076544
    0.082153
    0.179067
    0.070076
    0.088697
    0.043596
    0.107852
    0.107852
    0.130815
    0.113942
    0.093725
    0.068265
    0.130815
    0.097532
    0.097532
    0.118138
    0.131479
    0.118138
    0.146689
    0.203140
    0.159569
    0.090641
    0.078110
    0.094309
    0.037644
    0.094137
    0.090641
    0.146296
    0.110512
    0.058377
    0.110512
    0.110512
    0.155692
    0.110512
    0.110512
    0.161957
    0.162200
    0.203140
    0.088826
    0.088826
    0.088826
    0.088716
    0.088826
    0.078110
    0.146296
    0.094137
    0.079525
    0.094137
    0.094137
    0.058377
    0.058377
    0.058377
    0.161957
    0.155692
    0.086862
    0.058377
    0.118846
    0.107634
    0.107634
    0.147764
    0.107634
    0.113942
    0.124024
    0.107634
    0.118846
    0.087332
    0.131832
    0.087099
    0.051477
    0.109134
    0.146689
    0.170404
    0.159569
    0.170404
    0.170404
    0.170404
    0.170404
    0.145126
    0.145126
    0.131832
    0.162200
    0.145126
    0.159731
    0.068969
    0.157171
    0.093725
    0.110950
    0.157951
    0.118724
    0.085313
    0.108976
    0.157951
    0.068969
    0.043596
    0.152295
    0.086726
    0.157171
    0.107306
    0.055960
    0.057367
    0.088697
    0.043596
    0.079294
    0.075531
    0.091507
    0.121611
    0.147764
    0.084617
    0.067628
    0.159731
    0.180795
    0.070076
    0.146296
    0.068265
    0.195546
    0.037644
    0.203140
    0.069875
    0.118846
    0.107306
    0.091507
    0.131832
    0.113942
    0.147764
    0.118846
    0.107306
    0.113942
    0.113942
    0.085907
    0.118724
    0.102368
    0.195546
    0.152295
    0.161957
    0.130815
    0.043596
    0.068969
    0.088697
    0.055960
    0.086726
    0.108976
    0.195546
    0.159569
    0.203140
    0.195546
    0.094309
    0.203140
    0.162200
    0.085907
    0.190835
    0.121611
    0.082471
    0.190835
    0.149056
    0.053941
    0.079294
    0.133007
    0.094309
    0.037644
    0.207865
    0.107616
    0.076544
    0.171889
    0.142992
    0.076544
    0.147764
    0.088697
    0.070076
    0.067628
    0.154521
    0.084617
    0.051477
    0.051988
    0.088716
    0.132419
    0.131832
    0.131832
    0.093725
    0.086862
    0.085313
    0.086862
    0.130815
    0.161957
    0.157951
    0.159731
    0.159731
    0.159731
    0.155692
    0.108976
    0.155692
    0.067628
    0.180795
    0.079525
    0.070076
    0.084617
    0.180795
    0.152295
    0.108976
    0.162200
    0.051477
    0.069875
    0.068558
    0.111469
    0.121611
    0.082471
    0.079294
    0.094309
    0.037644
    0.068265
    0.093725
    0.130815
    0.158159
    0.131479
    0.171889
    0.152295
    0.108976
    0.085313
    0.086726
    0.157951
    0.093725
    0.057367
    0.107306
    0.088697
    0.068969
    0.086726
    0.074493
    0.207865
    0.078110
    0.110131
    0.157951
    0.157951
    0.152295
    0.161957
    0.087332
    0.118846
    0.053941
    0.118724
    0.068265
    0.093725
    0.085313
    0.093725
    0.152295
    0.161957
    0.051477
    0.091507
    0.084617
    0.088697
    0.142992
    0.051477
    0.142992
    0.051477
    0.146296
    0.068265
    0.074493
    0.094537
    0.207865
    0.112423
    0.084617
    0.068969
    0.109134
    0.112423
    0.082471
    0.074493
    0.074493
    0.086726
    0.084617
    0.085313
    0.057367
    0.069875
    0.068558
    0.111469
    0.075531
    0.121611
    0.171889
    0.161957
    0.131479
    0.107306
    0.053941
    0.082471
    0.075531
    0.161957
    0.162200
    0.082471
    0.082471
    0.171889
    0.107616
    0.051477
    0.078110
    0.107306
    0.069875
    0.068558
    0.111469
    0.068558
    0.068558
    0.107306
    0.118846
    0.094309
    0.118724
    0.111469
    0.111469
    0.118724
    0.084617
    0.079525
    0.132419
    0.053941
    0.207865
    0.079294
    0.112423
    0.082471
    0.086726
    0.133007
    0.085313
    0.161957
    0.152295
    0.082471
    0.053941
    0.079294
    0.107616
    0.079294
    0.053941
    0.053941
    0.085313
    0.084617
    0.053941
    0.075273
    0.195546
    0.154521
    0.142992
    0.228933
    0.147764
    0.084671
    0.118138
    0.160079
    0.062289
    0.030023
    0.032578
    0.075531
    0.091650
    0.070076
    0.154521
    0.124078
    0.253515
    0.110131
    0.078110
    0.063276
    0.157171
    0.118138
    0.162200
    0.069875
    0.075531
    0.107634
    0.088716
    0.107616
    0.069875
    0.075531
    0.122238
    0.228933
    0.088716
    0.085907
    0.091507
    0.152295
    0.113942
    0.079277
    0.073909
    0.085816
    0.079277
    0.140000
    0.085907
    0.079097
    0.094309
    0.124024
    0.118138
    0.118846
    0.037644
    0.053941
    0.070107
    0.110131
    0.051988
    0.057367
    0.161957
    0.122238
    0.116907
    0.088826
    0.100541
    0.143637
    0.068969
    0.094537
    0.075531
    0.108976
    0.146296
    0.043596
    0.068265
    0.133007
    0.073909
    0.069875
    0.078928
    0.075531
    0.193908
    0.093725
    0.082153
    0.146689
    0.168017
    0.166998
    0.107616
    0.107616
    0.084247
    0.051477
    0.069875
    0.140000
    0.158159
    0.057367
    0.118138
    0.075531
    0.129998
    0.175210
    0.227968
    0.107616
    0.058377
    0.124024
    0.091650
    0.145275
    0.053941
    0.159569
    0.088716
    0.057367
    0.100541
    0.193908
    0.094537
    0.090641
    0.143637
    0.107616
    0.057367
    0.253515
    0.110512
    0.079097
    0.073909
    0.236282
    0.131832
    0.076544
    0.154521
    0.214643
    0.075273
    0.042016
    0.127838
    0.110950
    0.145126
    0.065819
    0.075273
    0.087332
    0.065819
    0.050860
    0.166998
    0.140000
    0.109733
    0.084305
    0.093725
    0.086862
    0.113942
    0.094309
    0.105786
    0.037644
    0.171889
    0.195546
    0.142992
    0.082153
    0.070076
    0.122296
    0.091507
    0.111469
    0.100541
    0.190835
    0.055960
    0.109134
    0.158159
    0.075531
    0.074493
    0.123513
    0.037644
    0.078110
    0.159569
    0.158159
    0.159731
    0.118846
    0.110131
    0.102368
    0.159731
    0.175210
    0.074493
    0.054055
    0.087099
    0.095553
    0.171889
    0.048917
    0.111469
    0.157951
    0.091507
    0.102368
    0.253515
    0.085313
    0.160079
    0.069602
    0.085313
    0.062289
    0.065819
    0.145126
    0.118724
    0.073909
    0.076544
    0.147764
    0.108976
    0.155692
    0.126627
    0.158159
    0.155692
    0.098798
    0.110300
    0.113942
    0.149056
    0.074370
    0.142992
    0.086726
    0.118846
    0.111469
    0.207865
    0.158159
    0.088826
    0.079097
    0.129998
    0.042016
    0.154521
    0.177404
    0.165696
    0.258329
    0.097532
    0.143637
    0.175210
    0.258329
    0.082153
    0.126627
    0.110131
    0.179067
    0.142992
    0.102368
    0.145275
    0.070107
    0.078110
    0.098798
    0.133007
    0.069718
    0.091507
    0.107616
    0.094537
    0.147764
    0.111469
    0.074370
    0.147764
    0.130815
    0.118138
    0.195546
    0.079525
    0.063276
    0.076544
    0.098528
    0.097532
    0.085907
    0.146296
    0.126627
    0.157951
    0.097532
    0.098798
    0.117509
    0.079525
    0.152295
    0.118846
    0.085907
    0.117509
    0.094537
    0.098798
    0.190835
    0.109733
    0.068558
    0.037644
    0.118724
    0.121611
    0.065364
    0.140640
    0.113942
    0.098798
    0.130815
    0.105770
    0.180795
    0.098798
    0.070076
    0.069875
    0.070107
    0.076544
    0.070076
    0.095553
    0.131241
    0.048917
    0.095553
    0.076919
    0.075531
    0.102760
    0.118846
    0.094335
    0.146296
    0.068558
    0.142113
    0.104762
    0.050860
    0.094309
    0.065364
    0.110131
    0.142113
    0.111469
    0.070076
    0.065364
    0.084671
    0.068558
    0.089375
    0.085907
    0.050860
    0.138891
    0.203925
    0.065819
    0.155692
    0.130815
    0.124792
    0.121611
    0.079097
    0.121611
    0.088716
    0.086862
    0.093725
    0.140000
    0.131479
