# vtk DataFile Version 2.0
polydata
ASCII
DATASET POLYDATA
POINTS 1719 double
3.2570289425492 6.38894958622836 4.47521832234517 
2.74624975309401 5.76389522328798 5.13392048975183 
3.35211012857146 5.06523719262846 4.14488665218585 
3.85914481017667 5.37410891281584 4.30581632431533 
3.87161420643821 5.58747424700585 4.2299679572233 
3.10543993144033 5.06553919954597 4.84053269126594 
5.8089880530104 0.746903220549834 2.32968459312231 
5.79694154714564 0.597187414714075 2.77083233548574 
6.07320723785246 0.457599235708015 3.16641768161441 
1.38587954401189 2.96111581149007 6.61083611783602 
1.04309954970255 3.26137692992717 6.48996337934419 
1.46683487477394 2.66878354737672 6.29073351965353 
0.779067270649854 1.84898232568501 6.51262064030863 
1.03779647648839 1.84451272822575 6.79460246795199 
3.36141550232215 5.4850876192242 1.13760404746844 
3.31570664392053 5.60495678065937 1.13644730242329 
2.79826757332169 5.56992247490852 1.18942285269757 
2.31251546592759 5.80518510735041 0.660560530223553 
5.03670353095907 3.83603765690571 0.0193486520850725 
6.18989808283365 3.28167836082129 0.378175173417265 
5.70249480095032 3.21604854706547 0.551194920522732 
5.94185154420229 3.4518355345586 0.804733947992704 
5.47042170104694 3.59746099131088 0.765375969038971 
5.65712256156317 3.90627828730802 0.816567301812837 
5.70761553837922 3.34334940884888 0.761861156143806 
6.25022252896746 3.37134105780976 0.48464035767451 
5.90911779976914 3.82862326008821 0.844684505562965 
5.17856001898695 3.52572682736398 0.361590793242407 
5.15770541245062 3.64116346359009 6.68341296457274 
5.20889219347459 4.07984347301922 6.75515690527814 
5.09052772096202 4.00336341490099 0.0203360800184532 
3.0407813634569 1.09125366740747 1.03812228849362 
3.29255312718102 1.23326753122047 0.388917933963009 
2.04405113122937 1.68595036926379 0.653540097513378 
3.349725366528 1.55677489679864 0.652325125627762 
3.12901598189984 0.96077964178136 0.54946276986282 
3.17124637594991 1.47878216576228 1.02496973022737 
2.74968213692362 1.81150993653889 1.13564024433191 
2.38497205796638 2.11855277466956 0.688481597345822 
2.65697677565455 2.10012897987332 0.901321500271752 
2.46898073866273 2.15656084564618 0.569218690494509 
4.76983056488711 3.45905689402438 1.57925881209485 
4.70688838574986 2.12464335515261 1.59540681394639 
4.44949652283458 1.9449613252488 1.71871628970107 
3.52460432117806 2.62468754718275 1.49762997382868 
3.6187217645226 2.93019205410538 2.01696844889223 
3.90606687134311 3.31691080743871 1.85643685598625 
3.7393769378509 2.11256955820697 1.67325431737313 
6.41960322677055 2.04844797751086 5.09637071627517 
5.9122169022636 1.56500192450409 5.02074286177307 
6.54145379674366 0.622468882100479 5.26465366187361 
4.34857786226303 6.21544782917466 5.35713117204241 
4.27820021919651 5.97682864964733 5.68587041529645 
3.80029304873609 5.05750667899877 5.27425461912312 
2.24547331146577 2.68589886018805 5.08205638538537 
1.52718437042891 2.87889242466967 5.60178413636752 
2.32196646871816 2.78964900869954 4.80027678566005 
1.85646844512567 3.09472569178211 5.53673789294525 
1.27940289095115 3.21981754915851 5.56404903691031 
1.75679843423537 3.33644602902263 5.49961669374547 
1.26237128513199 3.05135651785077 5.57685933755112 
1.79297136154471 3.52978554536167 5.14735930869564 
2.07136745853245 3.32805611493487 4.70851183445392 
4.39584196580116 3.09887955029065 0.55754621910703 
4.01945570374188 6.74113503331704 3.632175072984 
4.60718140891816 1.59707155112876 0.420036567939551 
4.54814024699347 1.08195834309305 1.62502887046537 
4.33963422789207 1.26665138023866 0.582885050057876 
4.2753312365807 1.10468057547623 1.37737487199976 
6.29292539728135 5.37598190783587 6.58512937230827 
6.35332549009342 5.40421861157706 6.0311687460085 
6.64432795353024 5.93777105157281 5.83544622357557 
6.57383185137608 5.11630371892958 5.8584852949116 
6.4554229556522 5.06453646553028 6.75140864558985 
0.444441201931926 0.871886624042971 2.76186552999151 
0.37470337097854 1.17433562779406 1.88982525267665 
0.233196348039811 0.99582249358075 2.12173332661671 
0.920954948336199 1.83057600240012 2.76840273834863 
0.821803129515813 1.22339560824644 3.07107685124341 
6.22314234830604 0.525940839959748 1.28473766742643 
5.55776964388454 0.704371697355586 2.28703357058541 
5.02684027871174 4.73073209224301 0.798281543271702 
4.88886711072877 5.80276901148647 1.0215881630247 
4.64293343964249 5.47874357838617 0.982058544539684 
4.51149245048444 5.40661406063108 1.52886393101482 
5.37068201212479 4.56295160365287 1.16298457197638 
5.88947092618692 5.44289613415835 1.06858713573301 
5.45722713031455 5.54375794414642 0.65519960917285 
5.67845470776424 5.62751501981069 1.52902058844719 
5.93817239428016 5.16283526850866 1.02754833494687 
5.38608407603851 4.63361732282812 0.836225432813066 
4.90161812615637 5.17429167602694 2.03243807355791 
4.64741712772769 5.09483638759238 1.71759324211998 
5.68373640247572 4.8024507879539 1.45709369754578 
4.9795600821777 4.64825564195705 1.18744315858089 
4.94949912423321 5.07520899978874 0.64258153586419 
5.40334032734615 5.27402531550608 0.520205864652102 
5.67770296978092 4.98436613292546 0.679505422249194 
6.61203997782754 1.28608925786208 0.924383586103463 
6.4003025948668 0.806573674125169 0.828019324386398 
0.783782189050943 1.54693023648375 6.0911361948796 
1.46480158124075 2.62988791062789 6.03479007557667 
1.37065579406459 1.4686419087806 6.78074740226654 
0.856046066864253 1.86262469587797 5.81263437722774 
0.485168633220974 0.766192921769381 3.62832374461958 
0.912258962301815 0.303537502823336 3.85708341148429 
0.777310027988067 0.278257917820618 3.84218655331931 
3.17301623508489 1.81232253279327 5.01299731439381 
3.14431335844332 2.55627149638172 5.40167565679554 
2.35669211932292 1.57966060702125 5.05767590554351 
2.96550059637231 2.78073432960922 5.30685760765602 
2.66210707224367 2.69229328243501 5.45603692705624 
3.33396358203954 2.29642903850929 5.04442509509121 
2.15933618876451 1.80763595091672 5.20497582933796 
2.67244975477016 1.51745646600447 5.37872298280507 
3.06150182524741 4.45171828095906 4.92416462130884 
2.70293684725761 4.53538164970111 3.6574670741222 
2.20210132458344 4.36870721820406 4.24658241789391 
3.38169501811553 4.7703964228522 3.96720482680491 
3.28157310933099 4.45145507645011 4.15484162239978 
3.02765962553099 4.66965575356597 5.05872515458979 
2.40348656068253 4.39877474384659 4.99559135471884 
2.58548975624804 4.68584026341895 5.15607001398395 
1.06764421422511 1.82401406444356 4.87271834175137 
1.41377311322303 1.23267857310901 5.21308452494655 
1.81837808965255 0.998655328643093 5.06799537362095 
1.73879530161484 3.09580907888329 0.363045885102041 
1.49082434437869 3.44390373072715 0.677146053734948 
1.76400452694674 3.56380411619373 1.01321431812665 
2.02791706803255 2.42178371197929 0.780315137351805 
2.01885832474668 2.65331784310597 0.486944218921537 
1.76487530321557 2.50425675078236 1.64353117014522 
2.39895344846282 6.58359481611233 0.423606058185529 
2.17195737794587 5.91615568476742 0.719876874152192 
1.99945093177378 5.69707624299729 0.608440979966158 
1.69200637821228 6.61251559228372 0.346011947576066 
2.12225518711205 6.47924633738439 0.606524616234868 
3.5572561523366 2.65229949584389 5.95532127096942 
4.31732602015971 2.79295905513109 6.51515940156591 
4.04052411128607 2.30989254966327 6.07494050962262 
3.57018857854337 3.16282679079931 6.20471640195746 
3.98977794432871 2.01880649361698 6.18514925147747 
4.0209414067238 1.89821109362251 6.58270392943329 
3.5411003100612 2.73114853316528 5.6342409738116 
2.70490432250836 2.48272620942285 6.45496438070048 
2.75433671062397 2.91162028444396 6.61561292682441 
2.46101599484028 3.51151971760834 5.90746236085934 
2.31396061855166 3.11576530864383 5.86842462210711 
3.67626139334961 6.67913865065554 3.60591696674884 
4.3710781597808 0.215193511247817 5.49850943147018 
3.79493718615868 0.220714782956196 5.57229136085179 
2.96231046271716 5.77286582583274 2.23425713563713 
3.99670470366107 5.510084449598 2.89114067490818 
3.57034717549982 5.63998480655862 2.12823959071765 
3.77363205205804 5.94541379203133 2.38143742196998 
4.59161534275946 0.372563359614159 5.33097462154271 
4.43571903121785 0.428251469389785 4.94722275355011 
4.78530679887741 2.94026571362684 6.34580706120147 
4.65903354164766 1.48946010615473 6.62523425047278 
1.76312339188447 3.89789271332041 2.11204663604289 
2.04311364776388 3.55334971606768 2.19601363424422 
2.86008788470921 3.90296573359463 1.60190648644377 
2.68930730749505 3.45347851159108 1.19472959313684 
2.68018926442682 4.29607888914192 1.48862877951864 
1.68992657985558 6.35799671018491 3.72008426780193 
1.28402429294796 6.96886284076836 4.64849701352754 
3.57263431143511 1.52262003652429 1.41316890712762 
3.46869537423208 1.84936741854975 1.6728364072132 
2.89090558624079 4.6772970336232 6.08617200673778 
2.05724588248181 4.20053006945333 5.74369646641125 
2.66781918215791 4.6506857547302 6.12801621194256 
3.10332262043276 4.37497075755697 6.22863429783989 
3.33153689959076 4.48388829377239 5.28458182564351 
3.3518788021681 4.17618785387761 5.84576616455593 
3.20214968821307 4.67080822920032 5.2849909992976 
2.07515913583229 4.1056705628146 5.34290442914949 
2.08365598712193 3.87600698056626 5.89890694334395 
2.12508607510468 3.7370972810707 5.74012977843478 
3.02509716114089 3.83188396864492 5.17204820916677 
3.23108037459829 4.31165240308502 5.04108983048106 
2.426544978633 4.65651755891119 5.86461913276338 
2.1242293249765 3.93354047346939 5.33471044368467 
3.75515023553335 5.37954352640831 1.62703814450686 
2.59116161196695 4.73739097106051 1.76600119513537 
3.73099983787537 5.10818242975165 1.89052988239645 
2.42038550141227 5.01109598098167 1.64670973126501 
2.87279912794332 4.70005869766034 1.55911749513248 
3.3737019899208 4.72884505187195 1.93873874853134 
2.61798109042445 5.20932542818969 2.50955379681703 
2.14631250796613 6.18873172855836 3.21738503184923 
2.975703679152 0.244627110202549 3.32089945966365 
2.17168399478909 6.52889040188019 2.78670589069318 
1.77890035047954 5.59875568133646 2.56532404654765 
2.10324519789182 5.313302238346 2.90020376839114 
1.92716153449966 6.40596587259337 2.50115329787917 
0.675713050427754 6.02944737258446 5.8171820178728 
1.20812294907982 5.38759426146908 6.29438308580646 
2.25426731494591 0.690534763342761 2.31746202115098 
2.71314048421854 0.516425000821634 2.13455404319289 
2.4793700832985 1.17314840516457 2.17999547900838 
2.8499424961357 0.834401531064472 2.06077316261768 
2.77660813579411 1.20214806223588 3.41080143256008 
6.2126789481606 0.00453982794616926 5.46895462990104 
5.306006488019 0.686472573222675 5.55795955682618 
6.53993418607417 0.177746629552191 5.45948274954011 
3.86805736535908 4.77194549275271 0.68944465463959 
3.49679649999299 4.61849249932268 6.65248691965108 
0.685711106286545 3.70127972255762 5.68432985012803 
1.17898493295589 3.57096390541591 6.57581229496315 
6.5161457639397 2.40485899780078 4.54338670595122 
0.144437697148803 3.27244314811214 5.01755836912322 
5.86459053034663 3.41447615192119 4.27153746569861 
6.39694106866057 2.65090604629001 4.91181872043675 
2.98280604969842 0.767506881169066 1.49759985110349 
2.47228502820503 6.85328404627103 0.872470702944001 
2.93818035213064 6.9095846394194 1.57866398263397 
2.60480181866653 6.8413876431487 0.634127179218468 
2.91316414104045 6.69984288139401 1.38163333196616 
2.74425769228444 0.218939864504565 1.58152673258247 
5.64269523048048 1.17965931811859 3.93427780790909 
6.14463556477924 0.148055238611346 4.04568180693421 
5.86541427138509 0.190777563454051 3.67138003789356 
6.38714577237962 0.666834854172066 4.3477217861636 
1.94635670912144 0.630606678824387 2.09764877029661 
1.2639608314991 5.26500842080212 4.9040116130308 
1.27809872057951 5.62853283376061 4.88237983036284 
1.36830840580338 5.1235129180146 4.71547581446571 
0.740160325523395 5.904764315965 4.68729738928148 
0.686756739927729 5.51891405938877 3.55201480888542 
0.912056541434534 6.07882790070837 4.33026485598477 
0.941700760483066 5.70641216001288 4.93964436474928 
5.7610991236701 5.12908499239242 5.65877813730571 
5.19430821338506 4.994763391679 5.59274712841995 
6.13952625531172 5.21295416705627 4.70853402858273 
5.52912795473232 5.43252904739588 5.51665522857446 
5.54504312566795 5.60771711691244 5.23605693086418 
5.6160058820284 4.9255434868828 5.72288210770723 
6.21334975361423 4.84624479205407 5.44779380072355 
5.75633431696496 4.64107721727593 5.61022176974335 
5.16864178773089 5.28092193523857 5.5084957219305 
6.38334386508706 4.88307902502114 5.08373355199306 
5.10043245914797 4.76496756728764 5.39032025091454 
5.43492716092975 4.44820184279612 5.34109743338809 
6.18935013368784 4.71712484744305 5.45517741132528 
3.99456745853255 5.26863237893014 1.53398029142367 
4.39554972381302 6.1339602822851 0.651190952921461 
4.82000622168059 6.08114451914354 0.900965467107751 
4.26387557277375 6.30374708929315 0.762164340156603 
6.76238678010818 6.53306138669233 4.88813599157057 
6.87884613596928 6.30938441982493 4.96525142051768 
0.815040211122021 6.50590931397433 4.45234457386798 
0.607657262067161 2.90602636434384 2.06667473565729 
6.44315442343113 2.84108055704395 2.75403873110077 
6.65431132035098 2.27466073019299 1.69210269840716 
0.536297189088992 2.90847262284581 1.82519616526034 
5.48274481729432 1.60402801690745 4.81580002824983 
1.7103823188984 3.34289758010697 6.8274281452445 
2.61475163320039 2.98623316719103 0.189691301214449 
2.33072841923874 2.49538322018937 0.32259075283929 
6.08927700918046 6.49711555818495 5.59577200622925 
5.92319935133547 6.66856816851785 6.39395996511049 
5.58724281538034 6.27032263127732 5.65738060050832 
6.23808919812083 6.71394755667497 6.00236070570091 
6.14077756123212 6.78434024038556 5.34867559022627 
3.66017852820577 0.828483414411209 5.90850933978907 
4.01024311659625 4.05526641398947 2.229853274171 
5.48072088910878 4.10031348455091 2.19690229496179 
4.35493872945839 4.36727629049117 2.01243000978208 
1.20762565633078 4.57964015387937 5.72425362547616 
1.16847883498759 4.82834793269886 5.70384493831306 
1.42479095239816 5.12774619726009 5.07826237846003 
1.4978826125228 4.29903389116151 5.124849839457 
0.451128071398036 3.51822762589581 2.67754649864564 
3.17640428280851 3.88377972066712 2.80022351136354 
3.84405472822073 3.78882569393897 3.6491369204479 
3.4210120030494 4.1734392773158 2.69590719487662 
3.13499824773532 4.57855742098831 2.80465150999736 
3.58955754710323 3.62545204197161 3.17546094248476 
3.60128974660973 4.21332526558102 4.13602334296244 
3.60924825577467 4.72858899373171 3.17196566520147 
5.46704520433186 4.19313781225557 1.26478187747546 
6.48093582194158 4.88606555961968 0.402992831769105 
6.62688120758975 5.01693761090889 1.07572894340948 
6.33023335764987 5.48653908851705 2.25982229375386 
0.379258607405191 5.15286522984887 1.7286975846253 
0.497233386821959 5.6765784654398 2.771570825287 
0.686391111445698 5.64980531767811 2.39187006452181 
6.80032113354093 5.14798188271481 1.60409661409136 
0.220555668469449 5.10552282128163 2.85955590317538 
0.438692176885793 5.7445820391639 1.76111888236833 
0.309355899767469 5.39900366475943 2.95728481558676 
6.53593199004123 2.71998974452309 0.259362508795245 
6.88325724155905 2.70150442320312 0.570236340398387 
6.77161785615456 3.08686648423416 0.772893114053789 
2.1215444291187 6.56671544180926 0.8125364776311 
1.04829575865439 5.65269407927311 0.567138999020673 
0.789389694171072 6.11429597814888 1.05082001031364 
1.59210581011126 6.6935349400675 0.431777714750087 
1.31718451943483 6.51526677963976 0.385004652809818 
1.79337016084904 6.73441710451895 0.884058762885154 
6.67691783940988 5.06937377031997 1.09957519367376 
0.347301444689912 4.89633360073126 0.877427404636596 
6.60609091216218 5.28626144898112 1.0386414477379 
0.950278796916084 2.33308207265654 3.66652330778527 
0.575275810364123 1.7608915993788 3.03283507942153 
6.22441426599975 6.20411261290228 5.493327010238 
6.37839881204994 6.51540115043021 5.02903316510625 
3.63731687379202 0.986872393037423 0.256505913614424 
3.75027468057589 1.03821912305894 6.83238438865105 
4.34358688093294 2.54157847557488 3.31540397452445 
4.33888477727835 1.99913787265191 4.39933254137663 
4.83973769900198 2.01749354971482 4.14409414570324 
4.88678457805422 1.52388960824536 3.99048266039321 
4.01123381840315 2.34649254888131 4.16442803150458 
0.889504259329994 6.58013587085591 2.10232547781581 
5.77638797626508 2.38711044174741 2.97815335558377 
1.45001981446572 5.4436866559613 2.52442882151914 
0.612680630437409 4.39464643048187 2.09903358904964 
0.645353196989481 5.43356049001404 3.20870883320491 
0.489176603411596 4.40940346952873 2.16674187919887 
1.40473734899528 5.41256258078001 2.36120811734914 
1.92455579648269 5.03031634156182 3.02285028515915 
2.30290190323678 4.87336478886783 5.98728336621662 
4.62648071718229 4.48312403984991 0.410764364960228 
6.09016752720704 1.62707560848466 6.18205463090565 
5.92128935868019 6.38660729060179 1.96614978498145 
6.15359029795681 6.57853014713457 0.99568872099625 
5.98051822150126 6.15235423965135 1.60099773216326 
5.4745967518152 2.59812921980309 0.82381333010137 
2.984000860082 3.5093693971177 2.2661640204004 
2.43719486229127 2.33714593420215 2.08723063074175 
1.81511511352442 2.34574142691159 1.78952729612675 
2.34143820242325 2.2958358874 1.79509606609761 
5.11737792256687 4.79254602993589 6.56094758486045 
4.94169506753115 4.37907631007328 6.64723718737976 
4.59772802138728 4.53532161135409 5.98389110264955 
0.895073285606842 6.12153806099121 5.39502473180735 
3.79047942666719 2.2904427760938 5.14237493217431 
3.60709052813029 1.26311223334939 5.73826261842449 
3.88259564171229 2.53547140101149 5.46922570764734 
0.997539765854366 4.2545956506256 0.611404529144106 
0.85208523548339 4.70209467862598 0.132738498837655 
1.81063042598067 3.80570215858701 6.67957905584629 
1.60059100197893 3.55818394236631 6.81949399022992 
1.9910507511441 4.59130773448026 0.228758220755444 
0.698133065238734 4.13387583693811 1.62516350685911 
0.398241889846153 3.64036202026808 0.934255024332234 
5.84824494290986 1.99156885319231 0.709352288263745 
5.72905507198255 2.05634385456055 0.897219046411313 
6.11094493938007 2.95811779205047 5.88538562289237 
6.09793075718346 2.86023313639386 6.03489890618744 
4.77539396652423 3.42053108863503 5.87473204532725 
6.06168541658594 3.41269300174801 5.84445230737299 
4.72654758961406 3.32808197078399 6.29544663065549 
5.77968921659462 2.78060789231345 5.69487870247402 
5.38973553385541 3.10897848930842 5.47105231001401 
1.43602817928746 5.04421809902445 5.99744465827171 
1.61996452786185 5.90007043617849 5.32185557263339 
1.8379088388765 5.49445208089519 5.54958681795829 
1.82211075870075 5.45559065006837 5.73495035995175 
1.30537130877056 6.19492579801242 5.57457842223098 
6.20273937836867 6.4637367412854 0.645989486801741 
3.69099152227329 6.3856930841483 2.40758267228335 
3.53808357208837 6.79829199618291 2.11765416485191 
3.87371552488443 6.04681775586396 2.30404579467518 
4.29041101024542 6.66852943545983 2.61284892800557 
4.36864941972734 6.09110849432748 2.46105381983258 
3.90501586590569 6.73013728792995 2.58208092525078 
2.35473289329413 6.06665931412193 5.30853316984468 
1.90631141688737 6.14490095547657 5.18187337313236 
5.3925072980402 4.67378282919039 3.20743635402195 
4.9299509221441 3.66614455477387 4.15557596087348 
5.13746750030891 4.81346792340698 3.4809357581812 
1.84620783128275 0.6726691562024 5.39572852785538 
1.33501124592022 6.89739776070788 5.34480864553077 
2.28507242601853 0.615620295323303 5.77418658247558 
2.17742924821234 0.695905369537533 6.01770112023168 
5.4012049642805 5.17551039703782 3.27018461758339 
5.15574365901493 5.06359951390514 3.47807805737233 
5.43213070687129 5.69235804181828 2.83749169207467 
4.36135018034413 5.38625511303465 2.97351075083431 
4.8526756473477 5.74387580090693 2.61035750763211 
5.2803348817466 5.20742556117813 3.71859936257562 
2.78974829211863 2.01854418154441 1.39068558655373 
2.52103182082809 1.96562552633822 1.73243746831872 
3.0296590374525 1.87557320439052 2.3208022868701 
2.67064392879455 1.95541839032873 2.1506553915018 
3.03049236677733 3.35315956249839 3.91995708311946 
3.57580991962518 2.19659104572169 3.56076476368372 
5.54180729351446 1.86246650106905 5.77130350146515 
1.93853473807456 4.86618460059151 1.57899042688729 
4.2046188314185 1.04533096830271 0.384624170755355 
5.82840178012976 2.53572307932581 5.25375112492648 
6.35193431397119 2.53184082475612 5.1054514799773 
4.70992009818215 0.812151890563707 4.5074927415462 
3.40248712487853 2.15288674705659 2.55570127092479 
3.55504521885287 0.567242779218076 2.84080953379954 
3.83789378746312 1.74804315118503 3.13632000736523 
3.9610126842322 0.920032765223055 2.9510655736029 
5.16690107173959 2.13936254968498 4.39112924952288 
5.24104307464762 2.64063852600075 4.68841252104003 
5.11326916076464 2.23523394033485 4.75927348695374 
5.29146647733415 1.92559958026447 5.02359808778274 
6.30357044570292 5.46849137641382 4.61177337418467 
6.33411174733965 5.66788530793703 3.7084690223205 
4.52490510743078 0.835787478472719 4.85498598257223 
4.75103335922201 0.784885038515725 5.39411111412732 
4.72222955828099 0.975556063468423 5.11233581283032 
3.44080825851655 2.74556584038177 2.50733424468259 
3.65798135964426 4.09747931840209 2.11624915217567 
3.5338596783944 3.86122114977193 1.96801757536408 
6.26391243282865 5.54814886140824 3.55312260265649 
5.81602567834317 6.23103541304305 2.47470511057222 
5.88110063833544 5.85281890705935 2.57136236184619 
0.234478602066572 0.882186899234159 3.91357176177592 
0.718255553662677 0.20567808287151 4.07444849571506 
3.85665665388771 6.94434833430046 3.0622049486437 
1.47421897013749 1.92508588409078 0.732652030680901 
4.17977200867427 4.98080686511054 2.97263491951039 
5.96480870016939 5.83881552930497 1.57842373820813 
5.98562821083031 5.59672624787267 2.23667764996092 
3.0479088590015 3.09234334908324 0.394878927021448 
2.38256445894845 2.41734718882295 3.28089802224386 
4.340719252521 2.78962274564265 5.0484635327853 
4.11047541310118 3.47149884824535 4.92981950302901 
4.32755933904288 3.61076213739141 5.62438746761442 
4.2888621554385 2.84329415110742 5.25249283812348 
4.09688606082986 3.30783177167656 5.3015746517588 
4.64730481190508 2.69011862567892 5.10437089312223 
5.09216336185395 2.86335531417531 4.78625173983157 
5.42208342170927 3.31772460309334 4.79495470750822 
4.89722654163673 3.52000891147934 4.48893499633583 
5.34645208554567 2.98474419136439 4.90417084109855 
6.09649337411751 3.75305904697788 2.95851211540549 
6.14044153556225 3.30919358349951 3.10623378264899 
4.49120861794582 4.89887147952614 2.23506793934614 
4.18388238772487 5.17130866291073 2.84356791646611 
1.54212678027416 4.17684641865677 4.0956345436377 
1.45294081945715 4.31832120854407 3.83827977055878 
1.30579959040297 4.06933405117288 3.59125204050262 
1.47040226495744 4.51521032957354 6.0061844111206 
1.58330127817467 4.83183636496182 6.13997176755121 
0.932959346665239 0.227945348971475 4.1414271313773 
0.177147053136792 1.83295711548549 4.45290406133501 
3.86610745061974 4.61242743948803 5.30398730198369 
6.3457452986125 2.38504766282723 0.265263754153267 
6.263924245368 1.9147927812336 0.847815132656884 
6.5298506408727 1.44365267430297 0.714122153895483 
6.57230986498303 2.14303670404102 0.576941922307519 
0.677411243366321 1.97079460091567 4.9350089060771 
0.492396901875247 1.99585234152664 5.41819755578198 
0.408078525363361 2.44859939526222 5.51376715365523 
0.613165780989693 0.792027202541007 5.04210623813647 
5.52140902772758 5.84201523410075 0.352002456764381 
5.55131212557593 4.90701291830872 3.11303682329332 
6.21703838013553 5.26207656759419 3.61549718475185 
6.60908831864038 4.85409619368694 3.92379026039774 
0.257364907324069 4.74180681050821 3.99888424799901 
6.77174875234143 2.60799594112133 1.10050339723501 
6.88574603926203 2.49313618128745 0.723228556163655 
5.69978632410045 5.8924458894684 5.54027310200537 
5.9161152165373 5.38357412750214 5.94725047585532 
0.296992776236641 3.89471755580059 2.65112202147722 
0.212456324356409 3.99640858523714 2.96843149183129 
3.56242494107907 0.747598230689359 3.9364142887677 
4.33330688810385 3.65782741763605 0.49080969952305 
3.98456576942082 4.19161184126812 4.76973353677116 
4.36294725675407 4.8387478369373 4.72506122956128 
4.63499465347691 4.40482762597267 5.73073902573676 
4.26269894761376 4.44034102790769 4.42855360888356 
4.25507222118448 4.32352894116453 5.5962496030957 
4.03116817680425 4.52416196323476 5.16349391706463 
2.45720919085343 3.60972802304989 4.61017650198604 
3.21275445739304 3.51112609657858 5.02965891796128 
4.79539306557125 2.20949240358934 4.94275407137384 
5.52971896906887 4.77642307434858 6.50923441734821 
3.67102656815982 3.60812052354678 4.73036608178397 
3.69615181352758 4.09520740700049 4.66703972146146 
3.60883548842058 4.3733510755455 1.84364296098848 
3.70480495277011 4.19967718298321 1.06640989113985 
3.4299802262826 4.18851259804816 1.56151270523783 
2.88951185471292 4.47578761345998 1.43305246754565 
0.598360561435885 0.684915544390464 4.99917654035261 
4.34753860229504 2.07029672777313 4.74543236058917 
6.55571419830301 4.60900011295512 4.10815917983545 
6.51213897579982 4.14824429127863 6.02942875518163 
3.02747788654427 3.3408221043196 0.527462442726258 
3.11981788363855 3.28891458708383 0.910953870306759 
2.33695303641044 0.645204675589056 5.7760257103606 
3.76482900177264 3.85517834624969 0.956539249580249 
2.31011898761509 0.76733150853864 6.02625558649977 
3.39702559752054 3.99763637536242 1.60497744026537 
3.63751436269328 3.66082336846418 1.16475908827548 
5.30241886402142 1.77499164940765 0.990346271479751 
2.81357936354503 1.05042061511366 1.11554523675952 
0.629606664496584 4.34518071349341 1.02928705428012 
0.345829603988919 4.03535791765195 1.10411402372908 
2.465821574235 5.8230534262036 5.45282480800592 
4.3924830087011 4.57535284758613 2.71228889146189 
4.53941602611439 4.64684093898525 2.32705409909003 
3.10869291997852 5.44781447781578 3.50496356630233 
5.5235344379277 3.94847056309037 2.31637451327352 
6.08979329165495 3.77605747305158 2.59294451127405 
4.84295866142215 4.92039628115401 6.04308969811147 
6.1551196470701 0.760057864746385 1.14023719439452 
5.31234503262496 1.34774415828243 4.21772022635699 
5.48769179592289 1.68039915514195 4.4385956104979 
4.97756023790437 6.15069006207261 3.99151482345579 
4.91664545135207 6.40483886947055 4.38745574907113 
2.15742875379472 5.61371186442518 0.557972086259968 
0.666936858637396 5.39065577913419 6.20781987475201 
0.502191783613269 5.76891114442818 5.91279772352851 
6.58246897162059 3.15419629724094 3.81199846156451 
6.65886269510436 3.2462123855911 3.43286682177027 
3.24411300420447 0.830365319594577 1.38482513234027 
1.98877387836709 3.38577902811426 2.50845531057496 
4.09605395935901 2.28075309957216 5.99578974991141 
1.55567545198972 3.93109164443625 6.28327338309285 
1.36687884975406 4.32158172818217 6.25976313143492 
3.09488353376034 1.81298231155962 3.24424318302245 
3.0381366316501 1.94464708689683 3.12277474651961 
6.50232151700224 0.233169217716235 3.99774078736368 
6.62750553747055 0.494809893700105 4.17480023773204 
4.27709903177058 3.72848147192247 4.95141227765248 
6.05124124708766 6.15059195823699 1.70254210414613 
6.06959767363593 5.85772558218077 1.73534760390643 
3.43033116809321 1.7431069479289 2.10779801059216 
0.416754880069148 3.42602363956604 3.12603700457551 
0.751775506283817 4.74207866037682 1.95410676233687 
1.37477629605471 4.93335910425616 2.18508199812676 
5.98221888032156 1.03531946629018 6.35231267241937 
1.41295201742192 1.78587127133229 1.60806731499487 
1.2043224063583 2.29954431014934 3.77429693524553 
2.56137912709975 0.765131153848395 6.34127433670266 
4.01072359515388 3.68489021435602 5.94357805977667 
5.50548072445072 3.46663993781902 5.48687662005238 
5.52046212111469 3.60689365085319 5.13160143266148 
3.22816059026722 2.52057270569541 4.53057676034873 
3.85705874186797 5.44580523586949 4.62030043825103 
3.23757053895615 1.30911115446363 6.3207645344394 
2.33419802982824 0.296212146712292 1.06645982858637 
0.905207601820954 5.92718981584733 1.36564635623796 
0.798450334684797 4.34456850860402 5.81313798817758 
0.703094689796913 4.20367650769333 5.67209951281567 
0.0985239158532538 4.44030723369778 4.21549458994666 
0.213560327756883 4.35887424603499 4.62917493904409 
3.49149860156364 1.09370569846285 2.07236948209414 
5.70128345156037 1.85479626148299 2.4562223856133 
6.5461701681283 1.85709675375638 6.14581928941575 
6.61320282058301 2.5821443478673 6.12370106234918 
1.0974155142759 0.398666134718172 4.49830598712965 
0.388615191600785 2.31506770358568 2.66174783898886 
0.579675010442376 2.33074775575209 2.33034148441273 
0.676323113128544 4.96882221108123 1.3711637673269 
0.425193232438254 1.70485402789879 4.73711687828893 
3.91819738629721 6.49249280030385 5.16451822367475 
4.03860919312794 0.12534715574961 5.29922871890395 
3.53289630431411 1.25928149626251 4.38561242979045 
0.826596034778568 5.34079082352505 4.98395484765624 
6.60483946169341 6.69462033332711 4.17002403021195 
1.34919011586075 2.19566561374895 4.74662309827949 
1.47724326202584 2.19931867112957 4.51929246316408 
1.20808107783493 6.11674260401321 5.96673274817737 
1.44200498028865 5.77259976138356 6.16082693056913 
1.38868597084909 3.37265138813671 4.47143563095185 
3.12911688322071 4.88552851852598 3.67639156335209 
3.35255809006953 4.85256534305245 3.13045384834597 
4.12190821595799 5.181879051263 4.21149401645214 
0.855525946618394 6.28762093525766 1.03834083250896 
4.73136382943335 3.25707864354938 4.4695463852572 
4.26732591976139 3.18510262844511 4.7106381779831 
6.85884156934049 1.97107151319146 1.8643936140221 
3.95394977071942 4.37511692939556 1.08009544959715 
5.24019322490739 1.05136469569428 4.86512166931847 
3.55201398625409 1.42538293937778 5.11036268973963 
3.68420144196359 1.18283800584305 4.80488092449272 
4.47493165278688 1.03478014601844 0.772677940912614 
5.9728280784262 1.73999148430181 4.25535488523434 
5.47653385308347 0.458344131623349 6.14111618058678 
6.43072143974753 4.89451331336843 3.40704684529906 
6.28101933299624 4.72438023266695 3.25790024975431 
5.6281744561384 2.76976933693491 2.99378839232902 
5.2531256780444 3.80382774518222 6.55105944698575 
2.96161938155182 2.92777270658343 3.75393677385942 
2.5830601610004 2.90405042573304 3.54049178751619 
5.763989976071 5.07003665820036 6.78183130560879 
4.21323942569376 3.48073327967005 6.4247594649837 
6.24865241198074 4.0040825518195 6.52507632358911 
2.76262945967726 5.29734076279207 2.57468994761472 
6.01352604937562 2.24743501517556 4.00415933473498 
5.63484520855643 5.65745121823705 5.73070126407312 
3.65067891158088 6.14630449787671 0.866776702859666 
6.47612496302165 5.41199935199955 4.09621377305286 
6.38548296228327 5.17388164907796 4.01785798788524 
1.02965184540496 4.84964957327446 0.110542816608702 
2.71902338071341 5.26713609338331 4.84280321782305 
2.43683333059962 5.00785680831545 5.0241990275968 
2.58129565064381 4.23315711688699 4.8729171516407 
2.55840329034749 3.96270884859697 4.97747341296452 
4.06304282683545 2.60796782683612 3.48367722237602 
4.22957370268185 2.67366148824042 3.76009902140148 
3.4848124722602 5.81838827436781 0.752113484022284 
1.20673498520993 6.81727605768172 4.43390808574808 
2.13255172318485 5.41923748872765 5.72299465706673 
2.13680098113717 5.45156173488143 5.57216696839421 
4.30156583569247 3.42505264331795 2.67158061204454 
0.979667803428728 2.42160848344746 3.38363074716487 
3.62070238499693 3.4020798678439 4.42803155851872 
4.01940260249094 3.09311377071667 4.42069425271696 
1.50402449594465 3.81063367816008 1.63137193619241 
5.31406219044545 3.86228225016257 5.15081035310628 
4.80346042743787 3.751734751722 4.65361357866745 
2.76653532716472 2.26118385639511 5.74644352878979 
2.8571696732775 2.23600028440321 5.73940647266518 
5.8602513090213 2.31252138265589 0.385193302709283 
3.56022591202167 5.7550381853848 3.97188753991323 
5.06091683425503 6.33728716282279 4.54902749091458 
6.07831769492906 3.44185552277779 2.42867195466612 
6.11124720302265 3.12125638920867 2.85825314403317 
2.20964138133079 5.20823702097747 0.69288773694862 
0.988744005988996 3.79384716866373 1.77268268280771 
4.33245383692078 5.08152805461708 4.65773210690861 
6.00503226769278 5.78454849301559 4.73742963395462 
1.48345820986369 6.54810461052268 5.56287273382479 
3.28886497174609 2.09105684635442 3.10915759287479 
3.37588138333914 1.99464969935817 3.2239378710405 
0.576485737588307 1.52074834393485 4.6315960183225 
0.516547170542268 0.832692718757402 4.99787493677853 
4.91638846877323 4.93415180939795 4.83912704689962 
5.44951303755138 3.48210580877908 3.56492405500077 
3.02521033322939 2.42236994242254 6.4256327040717 
0.944733090518967 3.20927376543239 6.16574042008623 
1.03973285822313 3.45815680918782 5.95960952351314 
6.64068782653342 1.69082843835423 5.90056857286104 
6.80229900332492 1.99527070077625 5.50090631126688 
5.43979929028639 0.576528087334003 2.6002409369912 
3.03843868784638 3.60261911694078 5.59047974555326 
1.24359998038383 3.78800213036419 6.27504528065065 
1.09011945907735 4.19258510588932 6.25476551725684 
1.302814369757 4.38075622233415 4.53111584433781 
5.58226564754143 4.20275135065641 0.524267802325769 
6.00833679936239 4.35538489090949 0.240356452037734 
6.43478984007449 5.16886829207242 0.925160758865253 
0.340818393769272 3.9353416958564 1.36319985617396 
3.12317807036937 4.99996937969892 2.590155711375 
3.35233222978144 4.99372730422165 3.06205511098946 
2.32248001416626 3.65422189647187 3.19011696504074 
1.08756516346205 6.06736300129295 1.55799118633043 
6.36736267146423 2.50700446205479 2.78165180496141 
0.60220759578284 1.8071057809628 3.69301172600539 
2.28587536714983 2.39300929319958 3.41537199074455 
2.32689600797797 1.52121103162818 1.60255227509168 
3.53494879517522 5.42565691677808 0.856696421631609 
3.88782521414144 5.25789788870469 0.919752007153486 
2.81374088979965 1.6897430959352 5.62484392734554 
0.635962510404559 3.51126495885287 0.714080924803267 
5.53288461711674 2.69564476963519 0.579728448351846 
0.841112316387049 0.829979534303557 5.7956451778577 
3.48281173512813 0.555975492787374 2.57540245547654 
1.74450737268132 2.39685234539892 2.04133093377256 
2.86258644361918 5.46292148804054 3.79528432345723 
5.93361482500948 2.73593333726195 4.16070484319305 
5.97842532807556 3.09526813607349 3.97315741749469 
5.4615828353962 3.66790609057686 3.95260739451374 
2.54742755531782 4.85312596785473 6.24422362511463 
1.52360920896427 0.63663403046065 0.736963856454417 
0.145560841257848 1.47709592058817 1.62351188582646 
4.78049465383693 2.47485125294619 1.84220924072003 
2.72754465915872 4.85816654939594 2.43911127999039 
3.07095430703839 4.83997112154558 2.52921495961851 
1.84705805278183 6.5240811022571 5.33733942665549 
4.20605759207922 3.13049626213791 3.99685605935299 
1.03468542912113 3.0088333734515 5.22784841878043 
6.67993197972102 5.50171288447921 1.55854061479699 
3.29910623991151 1.49180625799647 6.09994326274216 
3.22937589448666 6.74191865329322 0.766243749870384 
3.43118999806842 6.45215898025541 0.609162258240084 
6.14382198268003 3.6828080631363 4.37592723415915 
5.97319933221355 3.41576440855873 6.54894772516253 
6.03918132385734 2.96608181886097 6.36036420761876 
5.77407527214374 6.75821784843041 1.17157633131637 
5.48890369189569 2.80891382224762 4.8308795265338 
4.41011572957404 3.81098174949331 5.50599854748509 
4.4653282580716 1.52793712224062 6.77929686805572 
4.22970961872336 1.09645162127794 6.89627412780257 
0.6411334295806 5.91003352967423 3.83495192535878 
0.414639838474259 5.65856549641158 3.84148846957047 
2.4420858536714 0.775231811238032 0.762008637654681 
2.17824115907913 0.92211998404103 0.731139617454748 
1.9051738523942 0.987042815059944 2.07251178267652 
6.19472547900862 6.55978363865435 2.82633314487271 
6.86264098910453 0.879783423136007 3.81939744318324 
4.04275539993971 0.279777619604312 4.98705346001999 
6.37288594562018 6.21475687411233 5.15176077318996 
4.50320529155251 6.34925302585056 4.37916532023612 
4.72235195168678 4.99726663806383 0.344869427570055 
6.46341986146922 0.790899728951149 4.87769661877778 
3.54694712134303 3.21938573497003 5.57848432093212 
3.21671285527671 3.32054681650475 5.40277357137631 
5.45238877977603 0.797297277284551 6.20769704309186 
5.36284147757733 0.953366435920059 5.91901867117159 
3.9279488164237 1.79920584734647 3.25021779940131 
2.88932486363377 1.5866895219766 5.38455550537168 
3.39681023667246 1.26079898230246 5.33249439958349 
0.999580529403261 5.72191875069242 2.42281649243143 
0.841813584943353 6.05480256527005 2.09335453480266 
0.378526102224859 3.60247650036764 1.29933381545901 
1.01597994260226 2.6406186798176 4.74720185828492 
1.59247614191792 4.08956258778664 3.19218041132517 
5.73113985821112 5.55654383510825 4.87697599491808 
2.2097980259643 2.55213797824474 4.54721712119913 
3.36177450018735 6.91468561917999 3.53223812274698 
1.87556921699763 2.90148837489783 3.79756694228439 
1.92027634988643 6.56278429018725 6.47560443232777 
1.56674589653836 3.47101543546939 1.43933864658028 
6.17990968842759 0.803609199882477 0.440332365192014 
6.18551462152572 0.982247927412169 0.35068862418453 
3.35598407030986 0.925130284819043 4.26829831504926 
4.0214409488157 3.23353866713162 6.52320836795634 
6.48508862329557 5.69369317376225 1.79600471039344 
2.50843557342357 3.73176479543358 2.22082441007179 
2.69924990670626 3.62485874827611 2.02123223124134 
0.844489737996878 3.4910282272287 2.48294646319795 
3.66067973325505 5.9434574021213 5.95707420015524 
3.18732856484311 3.70050618063095 5.84657348896363 
3.55867643786223 3.40887311945642 5.87788215967202 
2.24031821155926 1.03526383143657 2.30061539997365 
2.49633000170381 1.46356544527205 1.20728101085787 
2.13977649711802 1.36232651929179 0.964629017507657 
4.11606857893576 0.449083850718524 0.829197470505354 
4.37140102760696 0.788999982809076 0.620831664943641 
4.24232282384779 5.45245827873547 0.699673974767849 
4.38398523987466 5.14026844034946 0.342515722099187 
5.13643121969497 6.37542251207362 3.513980408441 
3.0380171247596 6.88329261526056 3.48469357275249 
4.69621155653445 6.01711354562373 2.175764909836 
3.26482016250758 6.65651862071527 4.35893515668885 
4.15847620569915 1.4175029965296 4.3491999065819 
2.00013536722504 2.21007358802138 4.94744801286068 
1.65469324790543 2.20313867986763 5.06666385600293 
4.10471046055847 5.29318860182442 4.8473864828399 
2.06846889645413 1.68177340210135 6.62712531589843 
1.7576011296025 6.91669087595857 4.9262552845999 
1.75817273665704 6.91711775707682 5.04678826552614 
1.72582168970514 6.006498383936 2.74953227739871 
2.96800849566102 3.17523023638204 2.5457417681664 
2.93965154466302 3.52841412874755 2.4705680073732 
0.676330107717361 1.5816042911482 2.91141297023095 
0.272179730300149 1.0711284755278 2.59027274385486 
2.52529542813247 3.11022133174382 2.75799593719352 
2.63520358961387 2.79860685440999 3.30068811592569 
5.20589682271673 6.21822581229915 0.43437815939509 
2.99118473707695 0.479383643739931 6.26986950602357 
4.44271309816569 6.43558383314461 1.35752137164965 
4.53638205592349 2.6136967591843 3.64062494455442 
0.326462219840345 4.83867177953443 2.16934149937349 
0.494693425531613 4.97730409301612 2.03189802620665 
4.46800481573173 3.47195950776521 0.612010500247856 
6.75832467122637 5.60718296494398 4.84186188250153 
5.20277338322179 6.75631776423188 4.69386769387212 
5.72467598021101 6.94810526670438 4.71118955496347 
6.08600539231058 4.73321140872705 0.257635575140631 
6.06809508057187 4.79699331926261 6.95609744256549 
2.9160401217958 0.85317180605807 3.61978201170467 
0.690707143837391 2.8492077530096 3.49414104167513 
3.16673754277779 2.31218119167898 6.14783476544425 
3.46837596936314 1.82862202211644 6.301475603794 
4.53089308819572 6.44159382576771 1.13279491307563 
4.84034569067328 6.2382426637336 1.09057408268225 
3.09979033627125 6.65066477508915 4.41780403564681 
5.47001428129598 4.9673948468162 4.33752175786583 
6.08617280457179 5.00218819249355 4.47403465949832 
1.60650178098472 2.7130566809437 0.316478584848282 
5.45544140061649 6.77680902658764 0.9082171917365 
2.00611430459035 0.364701782906271 1.14839074547485 
1.90213202981716 0.763669829206836 0.929378171045971 
5.15155960063517 0.47575393940227 1.58063720281002 
5.42238092171754 0.317637192380948 1.90283291019691 
3.83610547404276 1.16190712975018 3.21839378064708 
1.20726324822069 1.9811592355262 1.21291320017026 
1.28835754338747 1.77553051807068 0.99269890451059 
1.29577733310975 6.40646711951986 6.24124140728367 
4.27258043638546 0.709478549156855 1.90797720903699 
6.17517529460178 4.75468311731273 4.53875474416221 
4.86294573321428 3.94420715377262 1.49648356211198 
4.09399604028817 1.27153286621445 4.77406770119001 
3.75464866974019 0.894197762296586 2.23919753277695 
3.56123955781635 1.04291554598489 1.63521193379352 
4.70125480878709 4.20748184851248 0.102073218682196 
4.60720127662076 3.9288462088838 0.0989193401754384 
5.4357533343852 3.98265837906383 2.06589454469679 
4.88651206053765 6.31798678130507 2.00434717820328 
2.38045983663731 3.4214007641486 3.56497432190786 
2.01526943055816 6.44580950141717 3.58947530025786 
1.88449947181801 1.62155293843346 3.64572162795606 
5.55964245780517 6.67112620148244 0.542146366068787 
1.5210834901866 1.5028459040328 1.53874035614392 
1.49557128065502 1.41566934331575 1.23996387264205 
3.22303111298512 1.83766505220819 0.481042477500905 
2.74734937365883 2.1509794050469 0.739937040748252 
5.13234044829836 2.50699450872649 2.46964605600454 
4.60768898459566 4.30015893582237 1.35904705858352 
4.28111085158948 4.21145747148279 0.985739903669383 
2.6851652285222 5.20220340968262 1.18419760405696 
2.84898814477497 5.08932575613355 1.15581725867892 
0.107843118655186 1.28651106705439 1.00054814262273 
1.37751898140503 0.973796370243341 3.3460623424775 
1.72871848018321 1.11680854291232 3.48705701029616 
3.51508209760757 6.84373716443093 3.78341793222355 
3.14991666136983 3.17040475237806 4.43961621273055 
2.97255664164748 3.23556521499348 4.67944661554166 
2.81979778377556 6.89465164092822 1.84069008795184 
6.83779694933241 2.62957355028367 3.76856771483545 
5.85621740626875 6.14922699282114 3.94500104520838 
0.854398470105989 5.02335289781098 0.137900528165276 
5.75312012425921 5.73753932831115 6.75644350928349 
5.94592393403419 5.37180707522107 6.58241802253383 
4.71032315366255 1.12144694160494 6.48377087733818 
6.82866547066345 3.65362123374538 3.44148046872178 
3.14620735750181 0.967615447754147 2.26564602761443 
3.38158600323149 0.579195310359437 2.59029346626892 
6.44954501721989 5.67514407980253 6.75797001350324 
2.01709153916469 2.20760968760286 4.70136431426168 
2.37647980217866 1.77545810914546 4.52297521452013 
0.178462872348859 1.77590329963124 5.41099247656399 
5.60556415886069 5.56645991032472 3.40744019343999 
5.54256537620025 5.31800320543797 3.46526400423741 
2.52721436103664 4.59179817464562 2.59837147478789 
3.00302169845874 1.31454654949838 3.14649989101048 
1.39725918789514 5.92647333107927 0.260861495266037 
1.04745288553454 6.89750298709117 5.1632810015385 
5.95362180361121 1.73923749721175 5.22890317741237 
5.65577667389011 1.99232162573318 5.30955585399059 
1.1350578843494 0.988235505939639 0.988515250257628 
3.70338010801724 0.740012163379461 6.58054103459011 
3.4463249423722 0.847498490949402 6.26240036003395 
1.4695518318105 6.66886968530481 6.09492370238257 
1.85122212611828 6.74432458619123 6.25377887076279 
0.411080093689311 1.50647943959667 4.08000382021865 
4.62737900916117 6.27337177241477 3.31822898682465 
4.54285340356877 5.85183173411871 2.78415742936236 
2.40654030648935 3.23190992754984 6.33162929159478 
1.51411742487553 4.55916843142238 2.54256505181762 
3.75622578335819 2.74842145441769 2.26658107727689 
4.19148333447984 4.78838525452143 0.34573105301682 
4.58570341706879 4.55834869798179 0.336161447435294 
2.2842603236058 1.03656564155828 3.19261574125672 
2.25784748940211 1.22471992698277 2.56652762710882 
2.71386842896448 4.18450804302209 6.38867292308002 
3.63258537628649 5.28458889965862 2.2534841846695 
3.95402608874442 5.28026753169837 2.81213295878423 
1.41836518046564 6.36490172005396 0.249041190812092 
6.44210939261219 4.06960964604189 2.55159371434418 
6.56273949514035 4.14780223198275 2.941617106504 
4.04849459250662 1.11354568542043 2.51078850762349 
4.35291557788098 1.03703948272123 2.3901388586932 
4.44966783655402 1.19460833728783 4.1582551659631 
5.39590171295995 6.04509479889542 3.74973828089528 
5.64888679259701 3.92064165023597 3.18699607984263 
1.87525335210316 1.35497744168192 1.5264157482687 
1.84141222181195 1.27415369038637 1.21266994507988 
4.21855530711654 6.93265086413384 3.24849866936832 
4.43294416089871 6.7914567949761 3.10825920375327 
1.32169705273093 2.55235579960262 0.455446418435312 
1.50054603190871 2.22154648882111 0.791200766898665 
0.760538432382409 2.09064184504094 2.92123533102654 
2.4116626408438 3.41255406907513 2.73281211373465 
2.68066294298652 3.64686831938116 2.5323593042081 
4.14572948127445 3.75556875799947 2.8946880667434 
3.7452170254265 3.77584799688096 3.15329367173381 
0.853228235166338 4.40496936400372 1.3721704747678 
0.860396947798412 4.73457346779615 1.52174470688656 
3.87709019369238 2.58393306683363 4.48861369635081 
4.06899243050616 2.4318282099444 4.85200194678663 
0.268829986523845 3.71592320236774 3.25620723209767 
0.746877767684557 2.9784833616483 2.0537638433275 
4.99407663941625 1.01836970587962 1.52475357939987 
5.49810202275597 4.34912335548521 5.05601593686188 
3.38538212234629 5.81118725996356 1.39770754711132 
5.27265701041281 5.90536585117149 2.81000710022617 
5.19203399671588 6.35137579942687 3.48858607880155 
1.45456775138882 2.38730874001842 6.70327711699384 
2.10222379592148 2.06892827136735 6.60151609394437 
5.89174460092495 0.288477728323408 6.25838876432189 
3.97721579295079 0.780469671521687 1.58181444708921 
2.69699335233313 0.148164912663047 2.7861545029677 
2.92672508318164 0.275160800489679 2.3942898995073 
3.58691236004371 5.39519061254379 6.43732236343241 
3.58755174664185 5.56858586756831 5.96811847581049 
2.18931558982574 5.51705282641248 3.20452632844335 
1.50153665095047 5.05349647051427 2.82137170130496 
1.52851716601274 4.5986457536166 2.66533368466059 
2.54306169401754 6.41247360506701 2.03272008040586 
1.95491037398993 5.98444835352632 3.1896936563349 
6.43179596700722 4.01911631720495 3.11528139871397 
3.03589041538489 5.26556426727917 3.82057238304369 
3.04941968623967 5.39534274558785 3.75833424180998 
4.95233583713004 2.47056804922166 0.862439269416736 
6.93112848574783 5.33856006369225 5.60042400390796 
6.89376986261021 5.20385488929375 5.18391162881368 
3.90992629787306 4.20052393685189 5.94655208897577 
6.05413270758331 6.45546771546409 3.82114571045231 
6.20919841975235 6.75713329560457 4.15647292147368 
5.77233433801353 0.206879154942828 1.35436613139271 
5.74795339483967 0.168057383697497 1.74069466969719 
5.71179794944723 6.36584942051046 1.62053011264918 
5.72554896215132 6.48916615367239 1.84750086839666 
6.00401296215265 6.63308126434871 4.53644369619868 
5.77049795476022 6.16551556211311 4.3606927360659 
2.62066473463219 1.14577590847465 6.37119623288687 
5.17874940103219 0.940808240370199 4.53525298055899 
4.28548047520666 5.52282515793328 2.99149678176442 
1.77407995591777 2.86571023759874 4.18878599162743 
1.74242877521476 3.29896738167826 4.34006746369051 
0.872801318626717 2.22763430522047 6.08337484370429 
0.642339089354897 2.55581629826902 5.94345423768576 
3.56770501810413 5.70182119582884 0.675616984617805 
6.50022894862297 6.28072922268591 3.055828208075 
2.13823933246561 2.16880125872028 6.3222635804805 
1.59541229931302 2.64964390769758 6.19446260137666 
0.914328559037685 0.46002636778041 1.26461777972634 
1.48908500498948 0.00566582614800441 1.693447650426 
2.67101002490427 6.71445263142838 4.15700706510597 
2.44878819507961 6.34524900918219 4.08125736727084 
3.31107885354816 6.2169021558941 5.01572496829597 
1.10470423050344 2.79151445462081 4.39932379577078 
1.35878974716826 2.57452844923648 4.24794500946505 
4.68141471765475 1.39629304220404 1.84031960363284 
4.59253593204505 1.38248686919071 2.29799099819863 
3.68431872185564 4.62556766986083 6.62732363007423 
4.00357906178647 4.36661804582317 6.21976753105731 
5.84831548479008 2.91850276792325 4.60061875477798 
5.81892506137321 3.30260371334922 4.56755610316682 
5.68566683966455 3.17755508974184 3.5265645692844 
5.47106126932242 2.89117539758664 3.41593119859528 
2.32880614195444 2.67152938429449 3.68549302966826 
4.20887065758818 3.79910922862756 0.875410800922222 
0.181837261009832 1.05621308222826 5.19516000800174 
0.165657413501741 1.5852489801894 4.98929844382209 
6.31252767154562 2.22508380032824 2.37563714568677 
6.33150099796886 2.44440110045183 2.03581159230854 
5.98281537583927 4.3752955148535 6.86827776070564 
5.697160469185 4.30948216197821 6.65624588787943 
2.66178978407939 0.187071950164509 1.77161671152109 
6.23488744087317 2.50239931020243 4.14691963337871 
6.74634369903216 2.7128724401578 3.92132798157684 
4.42454777027423 5.43393185832802 3.88346611270661 
4.51868783202782 5.15166188820524 3.41369806236792 
3.43916769226443 0.654515590273237 0.441555448397701 
3.64669953175657 0.393048897548846 0.721307949892769 
5.73355042652909 4.26940104370825 3.42348923014376 
5.94316653132301 4.36093252246515 4.88524032203353 
5.93825272199942 4.53008758895148 4.5320173453893 
3.89449103559036 1.39245040985722 4.15973917255139 
5.00087729692454 5.49245791996027 4.03264773873166 
0.534458188858409 3.88195466156059 3.6042624065479 
2.4206059871566 6.4129659649875 3.80270201932765 
2.64141418754606 6.78318279225754 3.89746742369085 
3.88114719485656 5.15742155089633 6.48170754642135 
2.55259292175687 1.10132442940709 5.28150934691475 
1.75710391552007 1.57185713829925 2.71048357738242 
4.81106172051848 3.65658973612722 1.35265898606767 
4.37516159833942 3.5801576842831 0.985456073727743 
5.5896857161581 2.96734273494201 1.12911451039697 
1.72743834043955 5.01905752426009 1.69562740120907 
0.373494840560814 4.45167220012272 4.71946338009073 
0.356096648494306 1.58349325353427 0.735168452118841 
0.670272426200588 1.38921468029637 0.55050685866362 
2.00173940610387 4.32357825455605 2.09277984744552 
2.06992404045945 4.51837196767196 1.68460428865019 
6.83419395129923 1.54275479334327 1.71661136627959 
6.63055005479612 0.905290821238402 5.80949758775489 
6.29844853220319 4.58024794396696 5.14171634464897 
6.39314160339147 4.72650755291357 5.01498155947574 
5.1361099531862 5.9974903810954 4.03004100249158 
5.28447019481689 6.06862693175612 4.39656863827415 
0.812497914894399 1.13432210034898 3.53528383461175 
0.692277965035375 1.5812811636341 3.84488569878698 
6.83990031326566 5.8997059819593 5.68858092301299 
6.69849769911918 6.09117318291613 5.14273035597739 
6.17792541007481 6.01386832109436 0.538450314157438 
6.05426241913085 5.54754142057027 1.06368630775257 
5.15503439506769 1.41978569573513 0.660031605589948 
2.11989256251916 6.37090351674973 2.07469330471403 
1.56401462052875 6.90267102616216 1.86655644664957 
2.32891048836995 4.31745356573524 2.13601731306852 
2.43390516765313 4.49976441922164 1.75943159752807 
1.14807779465421 2.42317955436142 3.31024591517471 
4.94701367123225 1.34431963526935 2.49752792361542 
5.39630524093359 0.404214857855879 1.17539296623937 
2.3443224895725 1.66038795657103 4.4108992877962 
4.94982008460972 1.88854539047145 5.2134910637214 
4.64181416757637 5.91327634448946 1.77888993650958 
2.98692198511889 5.13233125710368 6.27334643361881 
2.02346373378243 4.71797408046764 2.93999375322761 
2.08090844930773 4.52577297295842 3.22392987687856 
5.5351581134794 6.30515771095299 2.55032055886919 
1.52013238085628 3.58138331203542 3.43397727302732 
3.89548370084992 6.43902348803287 4.89994183482574 
4.21755092748455 6.12447996115288 4.75844985872102 
0.294619564727759 0.956243708303165 0.936062909148294 
0.681871871972966 1.25396254147079 0.5608480959481 
5.18721323265284 4.51152019625635 2.43299590470584 
4.00676940423711 4.11612338613437 2.65186599465136 
3.64894337093693 4.170245593375 2.85101109332228 
3.00032360514563 6.87359529312626 2.1466024854375 
2.44519080629121 4.16724850647859 4.29055867954711 
0.818716680582089 3.30926113251775 3.39762787778331 
0.279340700731257 5.02236789869871 5.1249160606094 
0.216665008470323 4.59833827742056 5.05365006357539 
1.57128797768103 4.53852895842739 4.82266047499932 
1.5281030717076 4.98919467532513 4.86437615761379 
1.87847026079229 3.17687972800169 1.66750874974496 
1.63939550473462 2.74200461171962 1.77745009602196 
4.75447985043297 6.10761236445965 1.66027451161806 
4.95210833656419 6.03186907574246 1.45897863898837 
5.7210777380616 1.99014700113278 2.42778477038418 
5.55975928054825 2.08435432614541 2.64149872480986 
6.37787512723659 4.30094273485249 3.94620700742668 
6.20071199043175 4.3630060017908 3.4097213964448 
3.55995450476443 0.417159689899498 1.24011973915015 
4.12997367323703 5.72702630606926 0.555636377486676 
1.46104769921596 0.432879141721987 0.788302532736901 
1.76009889541379 0.1717165179466 1.07576190976127 
3.61281065301912 2.16233252177923 0.453230782980859 
6.81618158855807 3.91275406803467 2.29483395060008 
5.93868686369831 2.43810463406821 1.76568937224965 
1.88891884048137 3.36408947678525 3.75511735567473 
1.8227290653914 3.52869274832447 4.07869230980242 
2.78124115499497 5.61583518204589 3.45783841576166 
2.65353673550649 6.04629684051397 3.30993032420246 
6.28292074186118 4.08066225235376 0.432423084403496 
1.30875901201073 2.24793474221643 1.15446391871136 
1.62929829199472 2.64740127953624 2.07835412529489 
5.09580908295098 3.04086279693742 1.56203477826023 
5.34124802636648 2.96531533820461 1.84267922417136 
2.69626946058277 3.62922011790631 3.83532839734249 
2.38611109072217 3.77807522191806 4.24521700065082 
4.208092572025 4.54916442186491 5.96321970899277 
4.10305337663616 4.40282544463838 5.72595144535941 
2.66675945236353 3.47565570816505 0.492939653291599 
2.3623425220692 4.9494347249804 0.335796983644505 
2.18698486059323 4.67831061094483 0.194482736971416 
2.97593970675892 3.68565028591238 6.14922967154319 
2.93561158758003 4.13905511416232 6.37820861214095 
1.63153407294205 1.56453253491295 2.95194417147778 
1.83883930400537 1.28626181141495 3.37962666935726 
4.09064545841442 0.664629271888654 1.85883160306615 
4.78649419656482 3.64743681834542 1.83760733180152 
4.84146154422556 3.90590527075218 1.77089673427407 
5.33309230005231 6.49618749214652 2.13539643626907 
4.73551843642724 5.72606541839321 1.6896644641613 
4.96555684570839 5.90496697871533 1.44144114150152 
5.30854089271534 3.31237704742823 0.252242818790284 
2.66835358971918 6.00360421400775 4.23236491369999 
1.60376479576721 5.9298126372684 6.46547923217717 
1.51429125676612 6.25405594875149 6.50991523712211 
5.94933387669104 1.22327670492483 2.20233348994779 
1.20472171622407 1.13169030775597 2.99403079067032 
1.4411910653432 1.51585696272345 2.83676904066933 
2.28259747842546 3.00213892304711 6.12929036712501 
2.54113139674623 2.46255286274753 6.232164414761 
0.620368081830048 4.43324352756161 5.81632378697192 
0.543358229895412 4.32246492478298 5.70114752819573 
3.37476794312049 3.74814070772631 0.325850291521013 
3.18297808230176 4.09330886156799 0.194522482848458 
4.41021589300615 2.0704836321946 3.12079333507762 
4.52793803861741 2.07772843428963 2.74289226383468 
2.58924806884766 6.02426147104434 3.2278398446801 
2.56960438053914 5.63771809569653 3.21180436924833 
5.93448454412334 3.36232203657514 1.94989251984213 
2.01931255447615 0.302607423287996 1.73279560375522 
1.58075128029594 0.0319159834340138 1.82420956342314 
1.66331921747367 5.527813485773 4.25108387685019 
1.5565159780163 5.50744690988273 3.8807377037651 
6.80024467613041 2.95377218122618 5.14193473974697 
1.11705053891377 1.0006027501237 3.63351729507023 
0.162474875589345 3.00434186017894 4.96382801295413 
6.82952097191675 3.24447276215297 5.1739308068054 
6.74358939174575 3.33959746537297 5.6133327264061 
0.578140494211998 2.75635176113 5.09837321780031 
2.68598703715504 5.93437120452709 5.02127555581269 
2.49404410289192 5.83796521110918 4.43023893257454 
3.01380806660071 2.58673724320488 4.37291603629758 
2.78553896959761 5.19342882275087 6.32653980427432 
3.53820717603928 6.4136441098561 5.35853049196251 
3.57246203035018 6.73176157851027 3.42087572097413 
4.38150955422679 2.42132056665043 2.28298546690868 
4.1165922161472 3.29884898069331 1.95626268688145 
4.25516845695391 3.57216319922294 2.15062450427319 
4.99254564393797 1.83042449285657 5.78554376291324 
2.27404402080486 1.23926953694988 5.00092095140797 
0.82425549735047 5.81123983022644 3.63786590468943 
6.26821656188597 0.00848451665549394 5.86476764784457 
0.243532493612104 1.6405056079108 4.06303877040591 
0.283045073446828 1.85869339574066 3.84171085464702 
3.07895605357151 2.93059090235199 6.61648493001389 
3.29358176896762 3.23572271933706 6.47371801563151 
3.23078674156674 5.15410002435987 6.55201070164464 
5.34905064168649 3.36445549359353 6.79844761158733 
2.9601661844751 1.00875343226734 4.13564036980425 
2.51509683801597 3.16522110973067 1.51492082834539 
3.66386220771392 2.09742453593158 3.88749496386599 
3.68422562431192 2.17603993998194 3.57562123048725 
2.50765741968896 3.56116157417376 6.10153548628668 
2.36897938900243 3.77608519879645 6.19534850168292 
6.20410448291091 1.22498911789019 1.45087140453195 
6.44746018450492 1.45340139075288 1.3038142384362 
3.07813079557072 2.69231853075535 4.50094040789494 
2.87397255641929 2.87330874663206 4.78274499392112 
1.60827670169464 4.99527836454418 1.45535472403642 
1.67908816025385 3.76861788039867 3.16392706981524 
1.56587906991187 3.60467064548031 2.77333590806987 
2.69359784036656 6.08062071121865 0.322752472341745 
3.18604782693509 6.06849944972906 0.400728613137037 
2.22773202963508 6.58897932048181 5.50431410355579 
4.72339076447161 0.699513674557574 2.81849526975924 
4.45151152365845 2.75449228663261 2.89811628731239 
4.57068374075735 2.40389018804167 2.59547052310411 
2.53946354604061 1.85307586191785 4.39671306326169 
2.51243799468225 2.41695478049111 4.31038182242109 
5.73693534331261 2.63951467351209 5.89410228307006 
5.59690454793039 2.01820763776437 5.95061833200362 
2.41198976766557 0.359763650311281 3.87606888590754 
2.6585660591455 0.554231499631538 3.54381729991155 
1.20221635335195 2.68772814365444 2.31314155821021 
0.858151946941565 2.08008965871188 2.85882886872499 
0.864802468267916 2.19790278573615 2.45832623892305 
2.34269714472037 4.05354253975941 0.947661929085926 
2.37466273378202 4.69840523005211 3.75857388082292 
2.04048926625735 4.67788251397369 3.47522569404413 
5.62909297025956 4.17482575049615 3.89969881694165 
6.02890015365795 4.20140968154861 4.17973251567158 
6.07964832533423 3.78209263057033 4.91980796065757 
3.69763737544606 5.66336301836531 1.74287343404497 
3.94119934350643 5.94133479127867 1.80242610730795 
3.91691312340523 0.464816760306126 1.36944995574049 
1.91498703964853 5.04290743111465 3.38170604114755 
1.01075938293258 1.57915943488872 4.68598075072581 
2.1196636182176 3.32821030704236 0.975638692944148 
2.45514103082896 3.5461213888625 0.931447358550561 
6.31032411545474 1.09841059640556 1.86290760748514 
6.68782769156451 1.29737507224079 2.025913370415 
0.450162950866931 1.88855986123634 1.68870689378299 
5.49530087573072 0.719113922773424 0.50660051031721 
5.18650709275226 2.52412223134433 2.04966143716719 
5.59215546140622 2.15517922392122 1.98180392030249 
2.80749913712517 4.2546339702336 3.92148868725995 
2.85252687340258 3.85209422707316 3.7111429747011 
2.42030893315591 1.23653651721537 6.13174774366096 
6.74617773215845 3.58346341594802 4.08701664612642 
6.82829486383631 3.79271536896694 3.92330009224675 
6.4658704117238 5.28514372819244 0.939024652364409 
2.14661082177885 0.406411329827744 3.80860993688408 
2.13346961377218 4.90384085695977 4.73014573294855 
2.11131533277345 4.58744377068542 4.7044076632122 
5.82380029545255 3.85178282651553 6.28080630733422 
5.95477609797635 3.76505629447548 6.29184823432841 
2.15113233320008 3.4401797560096 6.69326930486518 
2.14575352214268 3.70321544869871 6.62725102266279 
2.04581024458458 3.02901490246349 0.494635056361375 
2.44207420756271 3.19580262093694 0.248733339928614 
3.65392374557526 3.07836038163585 3.03211877943064 
4.03225713929841 2.85267092852757 2.32913726829636 
4.11776036315058 3.01901888417693 2.72218069151501 
0.119051930218043 2.87023955607449 2.84894435358126 
0.210446540944199 3.03097039143291 3.16331177196414 
2.1824941263972 3.06910034625232 1.42324209249478 
2.1505909514615 2.65067992946606 1.4024641606344 
3.3948735070867 2.92440203177879 2.84833031665885 
3.26152713577157 2.6656513865205 3.2192386549334 
6.88350658013223 5.80000693317807 3.87230270178489 
6.7431552887562 6.33557062369386 3.80519734714058 
3.44419113228635 6.08864726628519 5.81867526135434 
6.14470825552593 3.61472862936129 4.7160732681641 
6.55910211820843 3.59569903757016 4.95102554037343 
5.2951703476035 4.47349180146562 4.03283841879815 
5.33471118914617 5.52176717423044 2.78106846422436 
1.82733913079768 2.91721273532992 2.49221386870622 
0.83268971886352 5.34002201201154 0.445951753514544 
2.28928578183403 6.685551146607 5.82365856403204 
3.87218382624163 5.72291443098424 4.55914271018605 
3.51506925339981 6.22927692088896 4.78541886424203 
4.73451326158292 4.42059218387973 3.00819687254019 
2.03500004351045 4.45127456119068 0.245274444165366 
5.83739930436463 0.181589158860135 5.2548574118925 
4.53219053161969 4.25808561836967 3.94957390689019 
0.332187644087771 2.44520508793289 1.56238534822405 
0.317434519542055 2.10820881778427 1.80520913522651 
0.653052017085888 4.89488963841441 5.73151625463688 
0.503797018493913 5.11673235494023 5.44299285266337 
0.392591481734353 0.747363364917353 1.97684943447013 
5.20630934123682 4.61804495354717 4.62608099087291 
5.4400757162412 4.70766435720431 4.39065521932217 
5.722909379884 2.93213364316629 1.69198502171113 
5.79964697248889 2.93303370242604 1.30145044367635 
3.14654594658059 6.39939953345237 4.50761410483783 
3.0889370185319 6.31772918449288 4.91674599689222 
5.34814457324196 0.439625858915184 5.61588079091547 
2.05217254675062 5.27734240900792 3.50440620746962 
0.567673491610973 5.91519417843941 2.12711900768167 
1.18005766593842 1.17132327964798 4.8870236178694 
1.40806624432532 0.954575763791896 4.58419368393546 
5.28536269629715 6.58048359640774 3.42901022983584 
5.50707291955094 6.7091990686945 2.93174375448671 
0.678757129689727 0.55068188248838 2.42598154360774 
0.521680440293763 5.19359316757734 4.78951098425367 
3.19180704334 6.69285009475839 1.29638437354745 
6.47720974986462 6.21478313394871 3.60248920051857 
6.49030103936224 5.76363505262578 3.61746521037321 
6.01664271364509 6.0741430206014 0.356026959907604 
5.02680405251032 0.954147887415853 3.20553915933934 
4.98042605362972 0.874525846307487 2.83503638199331 
5.89341402502567 0.733791959556071 3.08524130906414 
5.53022704427386 0.863220845215227 3.41958925731539 
2.8398385264781 4.00943988656928 2.87759113894018 
2.65851433917207 4.00426452757458 3.21316809440473 
3.57015303282866 5.79444989229799 3.38784770161413 
3.73119583103573 5.89812161288175 3.65590875410384 
2.27356898586117 0.68425394463862 3.2698324126492 
2.26616926977722 0.403284240869707 2.82463187983949 
0.230119737386669 3.16365375658398 2.45592027412306 
0.323759075741573 0.511122829824459 4.32804498357859 
0.495883447092674 0.71313933306067 4.94885754567923 
0.184587046743844 3.92033565489762 4.04118108265178 
2.04322627573034 0.618820490600342 3.42831737345679 
4.96754329416423 5.33479027331378 2.07357617221009 
4.88021938340012 5.60102524838013 2.61121191109016 
0.553724841482426 2.31534733553918 1.20795295032263 
0.627612311953745 2.03845926487078 1.24621461224265 
2.12859897293573 1.77596374859331 6.00287972313577 
2.10464646428027 1.50355672815873 6.21663051902785 
4.60272212509464 0.704207336062287 3.32114506907614 
4.52569600867186 0.635679051324146 3.16353102904842 
0.368315602533131 5.2719287016941 5.69892082493977 
0.486033874747436 5.0896014222441 5.92760462064801 
0.983971280859734 3.83946102661024 0.452498003692576 
1.4153837374622 3.72703972443679 0.474620758604166 
4.65104226348207 5.22039420604856 6.09632200701023 
0.696672209856245 2.56178270822748 4.79265837055066 
4.94619228999695 6.13080273530213 4.95559954680016 
2.6006796912445 4.32439886105726 3.21638465654983 
2.78086810410345 4.36823387686412 2.88596885560366 
1.57931092108086 5.80091165078462 1.54941754869126 
1.74443877338648 5.50238824053567 1.95016358051376 
5.78523129557489 6.98830866035372 5.15839273410089 
2.53123703731261 5.43254401063885 4.32227354294088 
2.80912429931496 5.35732087778017 3.86328925360029 
1.35271946703314 2.64544183950624 6.11108714050835 
1.07446457721757 2.8987423032924 5.97060444160692 
5.42192778883373 6.28932090093079 6.17225056208877 
4.36060194159881 5.64415834025778 5.61050415151428 
4.74704092356513 5.47147431286492 5.89601335011967 
6.04586646805764 3.92042310962667 6.31400299196545 
5.89645513410449 3.9870594467243 6.30153368674184 
6.73863640125042 2.78288668391398 2.9512984091159 
6.86329844109783 2.97169364149953 3.30354441687601 
3.1144200775949 5.76029306927023 5.22563746696003 
3.27223106355536 6.88360497395618 1.4653926058855 
3.62576011507386 6.79829374209683 1.7132183390659 
6.74780731044298 4.77867828000941 6.28015911441422 
0.438980563989002 4.91775088458668 4.08931019195602 
5.56157292735375 1.19425070844576 3.55179663974441 
6.95985105552039 5.69364071234525 4.62833767071343 
6.90023761848697 5.57441924500693 4.16815420184016 
6.0904988138584 5.96324596705492 6.91395805655867 
6.1974791711874 6.48946000134709 6.69506594631229 
3.35480068276118 4.66089551501988 0.428543756803463 
0.341529767054471 5.53009607266512 4.55973745530033 
0.260341156785391 5.43853903548269 4.17215103085473 
6.09351437682427 1.4576833703298 2.48668315668021 
4.62421998242857 0.43241433468791 3.49671196820141 
5.76682306076944 6.78021349869625 3.49495278866346 
5.84753302226289 6.8235782349915 3.0682850205661 
3.85234863238696 6.26853821457661 1.51802098886593 
3.56156219782502 6.1724567621733 1.27638263188226 
4.75808673904972 4.7012037731864 3.42591929759358 
4.46207404363191 5.02592272633629 3.40954533750591 
5.00809055770984 5.99243605252397 6.3953572081164 
5.38227911067138 6.01011475911793 6.25842538437214 
2.41147732442936 0.476910484260939 4.27359634902957 
2.29423213293944 1.15949746814941 4.60581292504735 
2.67426998253696 0.793379623691127 4.42909858020124 
1.41261311428904 5.83615485459029 3.85151465052475 
1.57361517058755 6.11240033626602 3.55559222730855 
3.65198061802167 4.66982735060428 3.87356158176769 
3.74051444219928 4.29843100812385 4.02225008571202 
0.607796209610644 6.33270586948354 4.86457511571584 
2.40241349804458 5.15117187881686 3.83393588716082 
2.28725831344831 5.28446958085024 4.25165935766186 
0.762983190678883 3.59387239386028 5.32112818663285 
1.19820393905508 0.991458144655627 5.81459385266874 
1.06052692945309 4.78166679391031 4.40762044508306 
0.60142359254323 4.83794043647761 4.4842636729514 
0.776090608330403 5.21774734592656 3.26626375138823 
0.476980548775888 4.76988658335638 3.10926351299796 
6.03756225549255 6.49136248329585 0.457691949139009 
2.89420718582291 4.62077810822619 0.667192538047979 
3.25949425195366 4.49840733590087 0.514661230309738 
0.699499181936473 6.43474734023887 5.17927456752245 
2.73019830518537 2.27446693187942 1.27550162169795 
3.0436082322563 2.64073043286284 1.31864630161854 
1.44287944540629 5.98072866097069 4.1820192715882 
4.70177654266342 0.393172592692486 4.34052674965959 
4.40264549078717 0.469269475507643 3.91663780067708 
1.46992694102647 6.87041352976184 1.73893939887802 
1.0381417789581 6.66303256135783 1.71219804776515 
3.16723921414327 4.91856519690478 0.467714364031102 
2.87234286695865 4.80760424874221 0.636702838588557 
4.46994928737922 6.01931975759659 5.06430516955375 
4.47594803715008 5.65570836482514 5.15349862165275 
2.4946664639365 1.81494963922587 5.64441847008292 
2.66024470423426 1.63576672704257 5.61990464863903 
1.12966292988365 6.34266923097933 1.46674933934796 
1.53099303825637 6.47430861853838 1.43660395492008 
1.58265912797341 5.8123773040248 4.36488982223593 
1.90886782943078 6.06647172399584 4.48868584860708 
3.64051970950343 2.97378618675729 3.2829682026624 
3.34833170847458 2.70478787682089 3.3476505240735 
1.11531714579842 3.29135988951325 5.28957989654421 
1.37439517797656 3.54754409475161 4.9773260343968 
4.05796363579314 1.22485631091259 3.52543786297224 
4.01554442958338 1.11097754883743 3.83286566243512 
2.44703234607686 2.52023463476788 1.52597019357978 
2.69476926296641 2.8211570672806 1.58746719028877 
0.147366704512623 1.38424383616111 5.84252807306179 
0.401495112242697 1.3268474178669 6.09234628383033 
0.997565877729016 3.21443190706317 0.8937120518147 
6.77649742909212 6.1456729226934 6.27240294481137 
6.61782654309341 6.49533309577833 6.34387723046854 
0.94367641639273 2.77897291603985 0.757035756818888 
0.940141574396408 2.56002702968678 1.14079066872932 
3.01340763118453 0.545514926109275 4.75579971600565 
0.146788898789465 1.18831272130589 5.8003655708315 
0.39366871766861 1.11012173626652 6.03269180914261 
3.53500055921473 6.22231844305894 2.52775656411642 
3.3561299596544 5.2620564111838 5.0225383338433 
3.45726486098683 5.10730565045729 5.26425013310408 
4.37304114374966 6.12576895599072 3.6803618203604 
4.50186619565959 6.05186638994414 3.92594265893891 
5.1500009529018 4.40533121907762 2.86019144384762 
5.29698574361778 4.00805474499864 2.85835952437447 
3.99230332913743 5.33346969720376 5.73854734828877 
4.16583107031025 5.08941011777139 6.03333542503749 
4.15861546057171 4.46231023542572 4.16615003577229 
4.04864083557374 4.84126599528069 3.99554201927314 
5.99557711101394 1.38397030522262 5.66039400772278 
6.19817730300589 1.361235004059 5.86265775573433 
5.3349920063872 2.67075216118378 6.50751215128262 
5.13280380260996 2.85122767118056 6.62973225300664 
6.06417899356237 1.37813675303964 5.98836769230515 
5.87853037024853 1.39700012704656 5.81189783420396 
1.22913108821265 1.21636100443483 5.93951986399711 
1.4342677275299 1.14056119987787 6.16679088543686 
3.17596884285283 5.77547154757033 5.7146277852113 
3.32682154335367 5.49771051320564 5.82720905569011 
1.30067835932202 0.8518591873344 5.88023130761215 
1.45299870768934 0.907698712688481 6.11234514320514 
1.6532438206726 1.32727567729278 4.0180210861291 
6.60576883342442 4.18666622336373 6.19182915777086 
3.542806637124 0.733672751461493 4.90968667828061 
3.3554995151436 0.609388146632602 4.63908366955215 
1.37647806949186 1.80607075193253 4.12712431987252 
1.72707138809736 1.55087676378287 4.00773143286618 
1.26083393298733 6.1051682658669 2.7619348338714 
6.79175577086475 2.71840643434837 5.90853681501041 
6.89821403967992 2.52710463960456 5.59799042761544 
6.70441012942622 4.8908205911932 1.94959484241293 
4.34442681909663 1.10378394761652 3.59833520897874 
4.26479006593009 1.02630178020286 3.84619000381809 
2.10949109354368 2.72230758991556 2.61153135463997 
2.15278105727827 2.39635184655901 3.06117058939831 
2.12447780354292 2.38018207703804 2.32232112227542 
2.1590888812856 2.06872914688292 2.60943173548007 
6.69882529634508 2.75319920270373 5.41347054821717 
6.62290123288985 2.92195925134728 5.7033530671487 
1.98776633826693 5.6173511961494 2.08059714443752 
3.52804974694744 2.11746107162322 3.89700768407922 
3.13503876883377 1.69600987349436 4.24492348905643 
6.70803452892226 3.04697843252735 1.01851020307613 
1.8908743075898 6.2285917180129 4.3977686026113 
1.5972030793974 6.23999768230776 4.1719269507461 
1.56743195758846 1.11236390379656 2.17308258920065 
1.56173680739912 1.52184468025437 2.60866478531861 
2.40736779069913 1.79128628883916 3.78321458612822 
2.75742578426143 1.59395748425725 3.68079752863572 
3.6933906425806 1.99282092236037 2.35496092536998 
4.90719955066876 5.15988454980042 4.78325012288766 
1.21757276473295 1.61072860523525 4.17066859423115 
1.4081080845475 1.301305304371 4.09147638252536 
1.0889707529326 5.73934630479231 2.61491335028123 
0.72996039483202 5.70218234257421 2.95053569922468 
5.32205314796974 5.59213063950361 4.75795143325663 
5.16372034799542 5.29130307749361 4.53787434942818 
5.20812161564204 6.8076295027875 5.18911519070858 
5.12450581006909 6.52347989106429 5.34621772772383 
2.90792253641581 6.2979234597989 3.13726272854607 
3.3755932060679 6.25374301713969 3.13527917053597 
2.41001581768224 5.42954929477437 2.01578588901088 
5.93674253903415 1.11587690291919 5.25287110890812 
6.28266533285144 0.727963247773673 5.08658417050255 
4.79468447202649 6.63128672538769 5.61785228096534 
3.99921406533383 1.77134066225706 2.5874347659478 
4.29313065466656 1.89817279494143 2.48169732793588 
3.15823887300551 2.43673561576375 4.40977897966533 
2.98770438128312 1.90464189575893 4.49135853498238 
5.71979717362641 2.20607219577107 3.28098295154423 
6.61040398381645 2.44108554901099 2.9454157790258 
4.2823318291262 5.71745177360887 3.87050871433484 
4.20008266680122 5.81956910664235 3.65668685688673 
4.01062648924452 4.96824185622427 1.772718236549 
4.33539723985453 4.87535679785986 1.89477105617652 
0.238721794555455 2.47269954762578 4.00126682771271 
1.33362411033645 1.38988684121082 1.80403636713529 
0.671424789197171 2.66365348747692 3.84301485633923 
0.729355075102159 2.85080137145315 4.15362208595638 
4.86834529322578 2.29069073327676 3.7912849529354 
4.99292070658154 5.42721109170625 5.06241816517905 
5.21642955637943 5.62932159147894 4.97281363607207 
5.88060027613728 0.489496274993994 5.03830833972602 
5.61184421170336 0.823818266774358 5.18244783345485 
6.21533325953211 0.706704338385091 6.40021976162263 
4.23354389584715 2.15417965285425 2.21404715929372 
3.87869670280341 2.20957310066057 2.16171925026958 
6.50580794411919 1.92531298744211 4.74008186167677 
2.85481938363575 1.54070974418512 4.10435456337338 
2.51037951206599 1.73719842357116 4.28177811263203 
6.16314572872402 3.59849778294759 1.46485427221533 
6.1003669433587 3.28649080199755 1.13869198605426 
1.44589008753141 2.93856717440952 2.70582349954573 
1.37541266279267 2.76201712413403 3.21058830201782 
0.515495869300317 0.870635836423801 1.78212894605451 
0.514598015664439 0.703728165939538 1.31603966013808 
6.28069525704188 1.66752739375335 4.63339198960487 
6.47719948303776 1.46046539855084 4.57300373596612 
0.907318226041159 0.85927575594218 1.74227659542013 
0.833283668453653 0.686743864490887 1.32849705246546 
3.57002206605021 2.58803595273721 0.60074128015427 
3.2163978183658 2.73091496271664 0.7375215710725 
4.28087660075012 4.5461979842437 1.79457340671047 
4.0078902143015 4.58820086000144 1.68893436669442 
1.30279863332114 5.183273927131 3.73130859790479 
1.07894445040607 4.81053401342733 3.98954481031043 
3.04273619214719 3.00216986574045 2.30693124735655 
3.0635291617531 3.05538511579174 2.21620925736008 
2.23873923298116 4.47449926618127 0.218966202804086 
5.59504984498651 0.403087845052461 3.80643183725105 
0.406834483336628 4.67729871779047 3.20541550461018 
0.509280553433781 4.67741046926678 3.69757744754117 
6.42815238224739 5.8591542943025 2.96122080635589 
6.45567343577849 5.64809181106078 3.38426863020006 
2.5890292506279 6.32742315850548 6.13257695494418 
3.2474514688032 2.84233019602758 0.985201543485142 
0.8169182991816 5.25807238263446 3.54878596679073 
0.662638087061393 4.88138723914307 3.84842529481855 
2.36815516229348 5.93111714030662 6.41012037190708 
2.4492311553817 6.26479866914048 6.39421659276119 
1.58236385235751 1.83867488310493 5.5811315540672 
1.37152254775954 1.67409702429387 5.56339197266538 
5.09408642889531 0.204656592331072 4.2426876279058 
5.17653807314331 0.178092600607057 3.81967331114565 
6.79342030903102 5.44332339969956 2.99746079448598 
6.63952330505024 5.7087636275549 2.7863379190429 
5.10555732377219 1.06589156473126 0.852453686097511 
5.34427334115385 0.706609415461395 0.727368724955429 
1.25538630545953 3.27187493621419 3.21156140359659 
1.31444758221392 3.33326355305765 2.82635520328936 
5.22280623737789 1.05809295335873 1.14755887414212 
5.4593583493084 0.705170325711651 1.0067181032253 
1.63341506381082 1.81437091644698 5.35044210110952 
1.41905117162618 1.64738408735299 5.331925131729 
0.824586402427644 6.06505194126573 3.25416934179788 
1.09548473365243 6.22227655007372 3.17300968616075 
2.54084082457895 4.31758721956827 0.467431298237419 
2.6943427913633 4.06982151473389 0.234827001104719 
0.681492026183092 4.25001199380094 3.49581734879561 
0.519648259786787 4.42573057988035 3.12239708388948 
5.2756709926363 2.42753777395074 4.25395987618791 
5.71184063081016 2.49769531658056 4.02012093743611 
6.56314067277489 0.172069722248087 5.85553749251378 
6.05572572950533 1.46448335062237 3.99561352747581 
5.47732845217404 2.54751591505294 3.64757021727678 
5.06569009244165 2.50178184538545 3.84436330460803 
6.4149432719493 1.26341518998037 4.17108051798447 
6.71860695770746 1.28414342416455 3.88158008263503 
4.80300141557391 4.16685308560276 4.19782344924509 
4.7686919586615 4.19783027618513 4.35057512177251 
1.51365184310258 0.35425110805146 3.20579239790777 
4.62663423806265 2.25939653098515 1.23362527037618 
5.81377898760274 4.60269557722409 2.02997420876559 
1.7616929933978 4.87903562467013 1.35192056502052 
2.64751382150804 5.85817357378158 5.8724553935875 
2.51546194818444 5.68677571356112 6.04238760284964 
6.6058278904276 0.60874747942224 6.09431757263566 
4.53122022421234 1.79792283980251 0.477212517565988 
4.86519305009926 2.14762363485948 0.935427274144779 
5.22405812882648 2.84480075642215 2.65364351191166 
2.16291305622008 6.14003259763971 1.12202165859451 
1.83596948148128 6.09936709662074 1.50408620804272 
6.24419124545907 4.64713983946574 2.20433874992848 
1.69884215118404 4.70065620291255 0.54099014559287 
1.8476934833554 5.08516158367366 0.839345263736352 
1.96156553368915 0.172428246525881 2.87109351991129 
1.80099605047479 0.292694545521234 3.25171989378609 
4.75197063570018 3.38446081504465 2.81787066609015 
4.83058987727718 3.03250343327453 2.94227380687059 
2.13248032246125 6.07039741414038 1.87711547512192 
1.4711807036983 6.8424247198806 2.30798336631079 
1.14945924563372 6.69593882076214 2.41244262594306 
6.43753163230997 3.76337328604957 5.11855004721374 
6.59427674511372 4.26023456931313 5.22978734931255 
5.64682693255007 5.0421309079575 2.36774359183873 
5.38846445105434 5.11855136053758 2.02583834836475 
5.53913974068192 4.91502333803374 2.22306373703456 
5.40038864233746 5.211302958665 2.04510210091985 
5.59014782331052 5.25207272313135 2.31149143423462 
5.85710084207783 4.5856931240491 1.60888025285711 
6.56405194957359 1.54967016802892 2.41012778041942 
6.65182823866144 1.93558258457598 2.36236356260701 
6.90962903296347 2.07159963941065 2.72563127161484 
4.86425537465179 1.50051149841596 3.55522916926374 
0.229080563625026 2.84283353810026 4.42580232669772 
0.386505424685158 2.71431470519491 4.37365282797497 
0.201321464306564 2.52475865099262 4.24056478275954 
6.05051043518847 3.94747477120464 1.28963819664346 
5.70209533159341 4.18510454859497 1.48713889330247 
4.87414229950992 1.81212198015365 3.38902995470072 
6.50402635462262 3.58718511777398 5.62621076866975 
6.6641703412939 4.00827377346716 5.83909210181831 
5.07981093368304 1.39429751982201 3.38496059283775 
5.22917151650326 3.9120232080484 5.47114452112827 
4.87831177058734 3.89857323366749 5.65322044178671 
5.00491146776277 3.71441530132163 5.8259412072346 
5.31384015749019 3.72959155092024 5.65830800476108 
6.74811159181417 3.65506028413599 1.68377622743732 
0.86251527009166 3.95723093963985 5.10972640259941 
1.16394690359556 3.96880279413052 4.94567983913759 
1.08660675585536 4.03682784644532 4.69646615085908 
0.701149165903632 4.06473134394606 4.78336353390876 
1.97206501361019 0.957223453255125 4.45900414069017 
2.10923698723817 0.56554349733096 4.29013341339084 
1.74952125769485 0.853504314820534 4.67708811630292 
1.12285894557003 5.48519623872619 0.674913361594468 
1.63534605752752 5.394350750112 0.854711902277907 
6.56694594514905 4.66555815997231 1.90067095592564 
3.97882525970924 1.65083432508114 0.837857713124726 
1.12580987606434 5.47452626750908 1.12026766218939 
1.48749111731569 5.42240436033091 1.1977600451743 
6.53787507802319 4.2934628207519 1.34196755580979 
6.41778045995108 4.61725186251249 1.50378723686832 
4.14843147972284 2.11223330485402 1.18182382099106 
4.05229190591812 1.83473582076087 0.784873712969024 
1.72473462905942 4.21096880956996 0.718578003894526 
1.6065585135573 4.35952237546933 0.773219810222951 
1.60836666229719 4.40445747631293 1.16850307155549 
4.079550546814 1.95201851524844 1.41888880104826 
3.96203055191162 1.60631484862517 1.26553535531636 
0.339900934584844 4.76902925060923 0.80890728762627 
6.88449913964534 4.00941579010867 1.63185872098397 
6.92484684837211 4.191153311606 1.96770445856696 
1.7490254224476 4.24270522779487 1.26029851236542 
1.8753483832297 4.0728524220586 0.983343896597476 
6.57400262983823 2.20140345334059 3.44526462610671 
6.12009680336549 2.06323998648348 3.59831747474043 
5.57947364406662 1.48181622204476 2.0960606574699 
5.06663611161607 1.32827977263395 1.75882039176534 
5.29696675342075 1.27280520576714 2.12858528469383 
1.34997375247648 4.39016483430888 2.72848365635423 
0.712819735206316 4.82728726410169 0.15778578680007 
3.5061982807552 0.48327156116749 5.57354021525287 
6.21993491347949 1.95739189157637 1.13775542697158 
6.36428019982788 2.26627768805437 1.32182042258218 
5.5646273719996 1.88877893714823 3.13218297869209 
5.08978358824131 1.7133008624076 3.20902996740323 
0.621639952186433 4.49556835865706 2.97977844819499 
0.601085983355074 4.25496272861294 2.45461934043706 
6.05441645872931 2.34929694238673 1.38343429071085 
5.95888350057933 2.02735962015575 1.19367391292627 
1.40716910587654 3.93631561908647 2.47329162849635 
0.983266385060914 3.85497154596011 2.30117586863064 
1.33948601999534 4.3584611552689 2.6245995248477 
0.767866156406652 4.23216879753256 2.3676118550985 
6.86032254138525 4.64302584343493 0.792197657991233 
6.76381708628032 4.60859251611405 0.521394835048665 
5.52941921446602 1.96826506221618 2.68839636220141 
5.0283482365481 1.77305529640879 2.80930136202166 
6.81021153552928 4.38219616080066 0.884871662965633 
6.67394091610426 4.28688546142793 0.561553715098497 
3.36111549528726 0.760142123548155 5.19050345061101 
3.02748213023623 0.654757742032819 5.13202345624725 
4.47982518064673 3.23987363220194 1.56199464087896 
1.21954805964491 3.66125020237253 4.29389601721343 
1.30335251120851 3.81021367608354 3.67892609282982 
1.45640008946511 3.80562916505156 4.03668660651153 
4.77761657273398 2.82090400386034 1.54171269614216 
4.68120305626119 2.58199587490156 1.18782727516962 
0.848947323584482 3.62394329810038 3.69767964080257 
0.805692527771672 3.51572123656656 4.06403416504294 
6.14310732678269 1.60064897133126 3.62810808062401 
6.43976241861492 4.70620670914552 3.06165784489089 
6.12041128938859 1.21494741689468 3.08190893124674 
5.88447415220163 1.45063983893642 3.36554766697886 
6.79724439798085 5.15706529564037 2.90630663352288 
6.62606875932905 4.86242192789432 3.15223793841186 
3.92843520934127 3.28342779287928 1.34776920932557 
4.25665678538249 2.94443501446472 1.02010674066044 
4.23236395758841 3.2643140264123 1.23768657595941 
6.43886005251505 5.08230643390024 2.33125976209981 
6.23294765523556 4.88776729327465 2.38997266792984 
4.72891863094245 1.23185227883757 5.98934558082524 
5.11375882493173 2.79843929144823 0.267863359210862 
4.88431613684926 2.72239957701292 0.355578685402931 
3.84392725924576 2.68347605894717 1.03289104469648 
3.65943474916528 2.80324519715703 1.18755784987452 
4.52202300935854 1.12098905635344 5.77949655417541 
6.80686517965908 1.81466225007673 3.42773464609 
3.35856651296038 1.46065819658201 6.60193661983859 
3.48112415978061 1.77376947545978 6.52763903309761 
4.62940936550183 1.68658667540294 6.10504017162469 
4.08416608489395 1.97821570495367 6.06105120141489 
1.35881628480044 2.36037362637791 3.46374934194079 
1.71328981738493 1.98369754820868 3.34320072409727 
4.68649821201736 1.47839756194064 5.92175163798153 
6.51841630792891 1.22481976622605 3.18598554913622 
6.54934318240316 1.47606236965219 3.52798456053979 
6.80421662528047 1.41442231051529 2.78430539875481 
6.990162502937 1.76425424483602 2.95626422227462 
2.01612664433283 2.36187950861074 3.26806210550764 
1.57732128264338 2.6027130247479 3.4093127318598 
5.96110160098532 0.380742013034027 4.25903629091312 
5.76297544585606 0.303107250201043 4.53994623085461 
1.16656662601452 0.585451803575076 2.46638313412645 
1.30633062213114 0.659133577755857 2.21091279582826 
1.54956375460797 0.390189960998542 2.18878147582448 
5.67483132217284 0.515635070492409 4.10900985248057 
5.49102459390141 0.453369877927482 4.33653509595861 
6.48329720323083 3.01645412160074 2.32673442777982 
6.25932392553105 3.35183894444617 2.24383108286396 
4.54812624212077 1.37434392838371 5.26480517329452 
6.16431187594543 0.467970815265082 2.01083967361221 
6.34903138091671 0.625180851853275 1.8429910484799 
1.32477897614658 0.255005582756005 2.59272896537377 
1.50692103354762 0.190411280967238 2.46047453900872 
3.89106141810271 1.60885696327846 5.22893513979141 
4.17134956408025 1.52586246819845 5.02285559803005 
3.97403144852097 1.50428467421538 5.65887396478247 
4.4660824079617 1.3168834847606 5.70038818117107 
6.70779747624835 3.54853283448092 2.11488699149086 
5.27834530197111 2.56940773306205 6.18308432463168 
5.26218251892888 2.13594048038708 6.17044330745911 
4.91554358453132 1.96581494952753 5.94556978660494 
2.97812945510862 6.20385252600683 2.49448077123364 
2.78577368906426 6.26620902493555 2.94495531059437 
2.60740621614126 6.55199150487947 2.71202238722079 
2.77868417065747 6.47037140967777 2.36352474550832 
6.58854543427171 0.50195134533399 3.27798178064239 
6.72777416157218 0.735682564189259 3.28794779714795 
0.950364365646417 1.93649178265205 2.3695140210023 
0.767878077605913 1.71310663856675 1.9583712084908 
4.90258349664146 3.02381581200074 5.71938198021092 
4.59564101765501 2.76094905561632 5.39933548179737 
4.06515968874876 0.699508265828073 5.98689157590103 
4.89291598975009 2.76458219393049 6.03465726883378 
4.64610371492187 2.47328429883095 5.8549618143543 
4.11273116384876 0.324791594888709 5.8026933219742 
1.30614157833164 1.86203556876901 2.20435873378346 
1.23371857166184 1.67663311494362 1.86602640739656 
4.40214342250581 3.79719851400337 3.67186329597183 
0.814525013746446 3.35614810507914 1.5592341089777 
0.736936526497676 3.01743341680638 1.77867988477101 
4.53035122773096 3.83553112216361 3.14339149613396 
4.82024169103979 3.59818162058101 3.05277561113058 
1.03354017885194 3.21146479465354 1.39231466732083 
1.0187260877782 2.94259603331395 1.51134932403497 
4.60224987639697 3.21026549860859 3.995492551009 
4.7069457734579 3.45953992423156 3.86674509382 
4.99398612296812 3.33560097762651 3.46917009038024 
4.99729378081547 3.06256372714694 3.40456497655619 
4.78255036088917 2.82481788585835 3.70794935574254 
0.0899398731293446 3.61355892959507 4.65881412227473 
0.320708615081804 3.89541625965664 4.56308915557719 
0.125718526749958 3.54637155163812 4.37824174898917 
0.303789741266642 3.74310883055585 4.29305710505199 
3.56743370188178 3.5276812225763 3.54075697851531 
3.31310411913538 3.60381019143784 3.76914968719089 
3.7284509861176 3.62669543603515 3.72167304291904 
3.55624335024824 3.69100111484004 3.91665816439307 
5.47723271879637 3.82424908656902 2.18173950273279 
5.73817165385966 3.46074185439565 2.15082545448423 
5.19157825428589 3.51668966052597 2.19859655396135 
5.37576465156067 3.26387507847899 2.17215402779828 
3.2475100645027 0.723767957338952 3.50550329569552 
3.21282280278199 0.344275191483886 3.33183396332215 
2.95837560163196 0.187311125022895 5.85689239136621 
2.7086371025456 0.251481803980025 5.67022363439239 
3.1427491781301 0.193248985905929 5.63831485675701 
2.91906025923996 0.241547607613559 5.45246814232209 
3.39218792961096 0.932695456451179 3.20474904726921 
3.45594262635698 0.591214356672117 2.88049893201998 
2.55394271238848 1.38578925490491 2.42099854475544 
2.61964370169691 1.74599120509054 2.40947302035599 
2.80890377904306 1.40549452050762 2.53279014898188 
2.82809594193235 1.70866515653489 2.50275870215536 
4.57643266122753 6.26604889228271 6.11049603912158 
4.81439591215152 6.59657312665637 5.9289193143276 
5.18137857792992 6.40804800329036 6.24784145386376 
4.95953861469693 6.09634057325601 6.40490692721422 
5.40170074006339 1.56665929139139 1.3755776617233 
5.62347456839174 1.62171567019441 1.47472103964965 
5.28789857425596 1.62184510565786 1.58802670194153 
5.49668495952605 1.67590530954435 1.70106994941219 
4.41904392264451 0.846945163383253 6.65090303043587 
4.11251398159824 0.63081855165909 6.42230723860412 
5.44602404368844 1.39382741197214 0.346184484628399 
5.56867868740342 1.12462061940556 0.265063991274374 
2.79030121625542 5.85144687414756 1.55835399673584 
2.67257044386645 5.82409070724833 1.85235696274074 
2.52119334722176 6.07355174628374 1.80499480660706 
2.61562017654847 6.09782050030375 1.55857541501168 
POLYGONS 1644 10071
5 3 2 5 1336 538 
4 4 3 538 1181 
5 924 1182 0 1196 1197 
6 1181 1182 924 1257 1336 538 
5 1 595 1246 1082 1081 
5 5 595 1 1257 1336 
5 1 1081 1197 924 1257 
5 660 1054 1082 1246 1247 
4 895 896 660 1247 
6 2 5 595 1246 1247 895 
6 3 2 895 896 615 4 
5 4 615 0 1182 1181 
6 0 615 896 660 1054 1196 
5 887 888 1355 993 1098 
6 993 1084 1492 1491 1354 1355 
6 8 1213 1600 1623 1656 1655 
6 7 6 1057 1270 1600 1213 
5 6 1057 1141 1640 1639 
6 10 9 11 1248 1249 631 
6 13 12 914 1248 11 881 
5 14 652 1307 1308 804 
5 14 15 601 916 652 
5 803 804 1308 1041 619 
5 17 16 803 619 509 
5 16 15 14 804 803 
6 16 15 601 1114 1113 17 
5 27 22 24 20 1053 
5 26 23 640 641 1031 
5 20 19 25 21 24 
5 24 21 26 23 22 
6 28 582 1156 1157 678 1099 
6 27 22 23 640 30 18 
5 29 582 1156 1254 942 
5 37 36 31 494 727 
6 33 38 39 37 727 728 
5 36 31 35 32 34 
4 38 39 799 40 
6 36 34 798 799 39 37 
6 667 1087 1163 1088 1590 1594 
5 605 1164 1117 1505 1504 
5 605 1089 1048 1689 1504 
6 1034 1035 1690 1689 1048 41 
5 1035 1145 800 1496 1690 
5 1117 1118 800 1496 1505 
5 41 1048 1089 1088 1590 
4 41 1034 1594 1590 
5 667 1087 1118 800 1145 
5 1034 1035 1145 667 1594 
5 42 43 1422 1087 667 
5 42 43 1555 1550 1488 
5 42 667 1594 1595 1488 
5 1422 1423 47 1555 43 
5 1087 1163 843 1423 1422 
5 1488 1550 1612 1605 1595 
5 46 45 44 1613 1604 
6 44 47 1555 1550 1612 1613 
5 46 1088 1590 1606 1604 
5 45 44 47 1423 843 
5 46 45 843 1163 1088 
6 50 971 1347 1346 1399 1400 
6 1399 1400 696 1434 1433 49 
4 49 831 1346 1399 
6 633 634 48 831 1346 1347 
5 49 831 48 1424 1433 
5 555 998 1182 924 1085 
5 51 555 998 999 1309 
5 53 1337 1355 888 1342 
6 51 52 723 1173 1085 555 
5 52 723 888 1342 1251 
5 53 740 1310 1251 1342 
5 51 52 1251 1310 1309 
5 538 740 53 1337 1336 
5 560 561 926 925 707 
5 912 913 564 925 926 
5 710 822 561 926 912 
5 55 57 54 738 739 
5 54 56 710 822 738 
6 57 54 56 62 61 59 
5 61 62 913 564 1320 
6 60 55 739 560 707 672 
5 60 55 57 59 58 
5 62 56 710 912 913 
4 60 58 1319 672 
5 59 61 1320 1319 58 
5 560 561 822 738 739 
5 897 1595 1605 63 1611 
5 507 733 839 1338 1339 
4 507 508 694 1339 
5 861 862 839 1338 64 
6 68 66 876 1467 1463 576 
5 67 65 1494 1551 1545 
5 65 982 493 1495 1494 
5 67 65 982 1463 576 
6 42 1488 1495 493 1707 1709 
5 876 1467 1707 1709 1565 
5 42 43 927 1565 1709 
6 68 66 927 43 1555 1556 
4 66 876 1565 927 
5 67 576 68 1556 1545 
5 71 70 72 898 978 
5 69 70 71 1328 821 
5 73 69 70 72 1260 
4 75 76 1191 1431 
5 76 748 74 1205 1191 
6 75 1431 1435 1413 1666 1658 
6 1191 1205 1631 1632 1435 1431 
5 77 1059 1383 1665 1657 
7 75 76 748 747 77 1657 1658 
5 77 747 78 1058 1059 
4 1382 1413 1435 1632 
4 78 74 748 747 
5 78 74 1205 1631 1058 
6 1058 1059 1383 1382 1632 1631 
5 80 6 1639 904 777 
5 903 904 1639 1640 79 
6 504 1106 1708 1707 1467 1468 
5 79 504 1468 989 903 
6 776 777 80 1566 1565 876 
5 776 876 1467 1468 989 
5 80 6 1057 1564 1566 
6 1057 1141 1106 1708 1710 1564 
5 79 504 1106 1141 1640 
5 776 777 904 903 989 
5 84 83 82 1052 1051 
5 82 87 86 88 1052 
5 83 82 87 96 95 
6 84 83 95 81 94 92 
5 91 92 84 1051 1226 
5 1051 1052 88 1514 1226 
4 85 90 81 94 
5 85 93 89 97 90 
6 94 85 93 1512 91 92 
5 87 86 89 97 96 
6 89 86 88 1514 1512 93 
5 97 90 81 95 96 
4 91 1226 1514 1512 
6 75 666 805 1000 1432 1431 
5 98 99 504 1106 1107 
6 100 12 13 102 1353 1352 
4 100 103 914 12 
4 100 103 1458 1352 
4 101 919 11 1248 
6 103 914 1248 101 1457 1458 
5 918 919 101 1457 1230 
5 881 882 918 919 11 
5 741 882 918 1230 1231 
5 13 102 741 882 881 
4 102 741 1231 1353 
5 806 1058 1631 1641 1487 
5 78 976 1076 806 1058 
5 105 106 104 976 1076 
4 654 702 114 1312 
6 108 112 107 702 654 613 
7 109 114 702 107 1405 1119 823 
6 56 710 1120 1083 1108 1109 
5 110 111 54 56 1109 
4 1083 1108 537 1404 
6 111 54 738 113 1311 612 
6 108 110 1109 1108 537 112 
5 110 111 612 613 108 
5 113 109 823 822 738 
5 113 109 114 1312 1311 
5 112 107 1405 1404 537 
4 118 2 895 565 
5 119 118 565 116 1147 
5 121 122 120 115 597 
5 115 119 1147 1006 597 
6 120 115 119 118 2 5 
5 595 596 1154 1289 1246 
6 116 565 895 1247 1288 1129 
5 117 1006 1147 116 1129 
5 121 597 1006 117 1155 
5 121 122 596 1154 1155 
6 117 1129 1288 1289 1154 1155 
5 120 5 595 596 122 
5 1358 1389 1202 1541 1539 
6 560 561 1362 1388 1138 123 
5 990 1281 1539 1358 1363 
5 123 560 739 1469 1470 
5 124 125 1541 1202 1201 
5 109 823 990 1281 1091 
5 123 1138 1201 124 1470 
7 113 109 1091 125 124 1470 1469 
4 738 739 1469 113 
5 125 1091 1281 1539 1541 
6 822 823 990 1363 1362 561 
4 130 772 126 1160 
6 126 127 1327 1330 863 772 
5 128 127 126 1160 1139 
5 128 127 1327 1672 714 
5 128 714 1012 1167 1139 
5 131 1013 1673 1331 1032 
5 1012 1013 131 1168 1167 
5 129 130 772 863 864 
5 129 864 1032 131 1168 
6 129 130 1160 1139 1167 1168 
5 17 133 136 132 1113 
6 133 134 829 851 135 136 
4 17 133 134 509 
5 140 137 139 138 718 
5 137 139 141 766 765 
4 141 142 1617 766 
6 140 137 765 630 1096 1097 
5 143 108 613 765 137 
5 108 110 698 697 143 
5 137 143 697 725 140 
5 724 725 140 1097 1043 
5 147 146 1104 841 1060 
5 146 636 724 1043 1104 
6 612 613 765 630 144 1061 
4 144 145 1096 630 
5 144 145 841 1060 1061 
6 145 841 1104 1043 1097 1096 
6 147 146 636 698 110 111 
5 147 111 612 1061 1060 
4 148 808 711 1086 
6 0 615 1218 148 808 736 
5 148 1086 1397 1217 1218 
6 1029 1030 1396 1397 1217 500 
4 0 736 769 1196 
6 923 956 1030 1029 660 1054 
7 711 734 957 922 769 736 808 
5 956 957 734 1396 1030 
5 615 896 500 1217 1218 
4 660 896 500 1029 
4 149 556 150 1664 
5 51 52 1703 1704 1401 
5 154 152 1217 1397 1335 
6 644 645 500 1029 1069 588 
4 1030 1068 1652 1396 
5 151 153 154 1335 1651 
5 151 153 849 644 588 
5 500 645 850 152 1217 
6 151 588 1069 1068 1652 1651 
5 154 152 850 849 153 
5 1240 1309 51 1401 1395 
5 616 759 1394 1395 1240 
6 508 616 1240 1309 999 694 
5 155 156 692 556 149 
6 141 142 683 158 1618 1619 
5 1348 1349 157 1662 1648 
4 139 141 1619 516 
6 138 157 1662 1663 516 139 
5 3 538 740 621 567 
6 694 999 1181 4 1408 1339 
5 4 3 567 946 1408 
6 567 621 1387 1393 954 946 
6 946 954 974 507 1339 1408 
5 159 609 1560 969 968 
5 160 159 968 985 720 
4 161 162 1101 721 
6 720 721 1101 1167 1012 160 
5 162 1101 1167 1139 1140 
5 161 162 1140 1128 163 
5 1139 1140 1128 1561 128 
6 969 986 163 1128 1561 1560 
6 161 163 986 985 720 721 
5 609 714 128 1561 1560 
5 160 159 609 714 1012 
6 164 793 956 923 1380 1381 
4 1123 1153 1540 1280 
5 165 602 1381 1380 742 
5 68 66 782 1047 884 
5 166 787 884 68 1556 
5 47 167 166 1556 1555 
5 167 166 787 546 526 
6 526 546 786 854 1402 1386 
5 927 928 1403 1422 43 
5 854 855 928 1403 1402 
5 66 782 855 928 927 
5 47 167 526 1386 1423 
5 168 174 172 173 171 
6 168 170 180 122 120 174 
5 171 168 170 848 1044 
5 169 175 121 122 180 
5 169 176 177 181 175 
6 180 169 176 1105 848 170 
5 173 171 1044 1043 724 
6 172 173 724 636 178 179 
6 177 181 598 178 636 146 
5 174 172 179 115 120 
5 175 121 597 598 181 
5 177 146 1104 1105 176 
5 179 178 598 597 115 
5 151 588 188 1398 1716 
4 16 15 878 1715 
5 183 185 1398 188 668 
6 185 803 16 1715 1716 1398 
6 151 153 1134 878 1715 1716 
5 184 187 669 644 849 
5 182 184 849 153 1134 
5 14 15 878 1134 182 
5 188 588 644 669 668 
6 14 182 184 187 186 804 
5 186 187 669 668 183 
5 186 183 185 803 804 
5 191 189 1068 1652 1653 
5 189 793 956 1030 1068 
5 190 885 1220 1219 1124 
5 188 193 889 1069 588 
6 191 194 983 892 1654 1653 
5 191 189 893 744 194 
4 892 983 1506 1717 
6 194 744 192 1376 1506 983 
5 189 893 889 1069 1068 
5 192 193 188 1398 1376 
5 192 193 889 893 744 
6 151 1651 1654 892 1717 1716 
6 510 511 195 562 563 196 
4 199 726 847 1699 
5 197 198 200 199 726 
5 201 763 1124 1219 846 
5 198 200 819 820 886 
6 885 886 820 1698 1692 190 
5 200 199 1699 1701 819 
6 201 828 1701 1699 847 846 
6 819 820 1698 1697 828 1701 
5 763 1124 190 1692 1691 
5 197 198 886 885 1220 
6 197 726 847 846 1219 1220 
5 201 763 1691 1697 828 
5 530 699 578 883 1421 
6 203 700 1351 1346 1399 1420 
6 578 883 1093 202 1185 1198 
6 971 1347 1350 530 1421 1493 
4 204 202 1093 1479 
5 50 204 1479 1493 971 
6 204 202 1185 1419 1400 50 
5 699 700 203 1198 578 
5 1185 1198 203 1420 1419 
5 205 653 731 732 844 
5 652 653 731 1021 916 
5 206 929 958 887 1098 
5 652 653 205 1267 1307 
6 542 543 207 632 637 638 
5 208 10 631 632 637 
5 209 212 931 661 944 
5 661 662 512 945 944 
4 211 677 1174 932 
5 661 662 211 932 931 
5 210 1077 1521 1681 1679 
5 512 662 211 677 1150 
7 931 932 1174 1175 1078 1075 212 
5 213 218 540 687 494 
4 213 494 31 514 
5 217 214 216 675 1207 
6 31 35 948 949 1020 514 
4 215 217 1207 1258 
5 219 1262 1601 1598 1480 
5 219 1262 1214 1446 1634 
5 521 522 222 1629 220 
5 220 221 1446 1634 1629 
6 219 1480 1483 222 1629 1634 
5 691 1484 1624 1623 1656 
5 221 8 1213 1214 1446 
5 221 8 1655 521 220 
5 222 522 691 1484 1483 
5 218 540 774 1071 943 
7 223 689 859 860 775 774 1071 
5 199 651 859 689 726 
6 213 200 199 651 727 494 
4 688 728 860 775 
5 198 200 213 218 943 
5 223 197 198 943 1071 
4 223 197 726 689 
5 224 225 1315 1073 226 
4 230 225 224 558 
6 226 224 558 1206 1293 1292 
6 1073 1074 1441 1442 1292 226 
6 228 1092 1283 1074 1441 1453 
5 1073 1074 1283 1302 1315 
4 685 686 228 1092 
5 229 685 1092 1283 1302 
6 230 225 1315 1302 229 227 
6 228 686 1269 1261 1454 1453 
6 227 229 685 686 1269 1268 
5 230 227 1268 1206 558 
5 231 237 243 238 236 
7 231 234 235 709 233 240 237 
5 236 231 234 239 232 
5 236 232 241 242 238 
6 241 232 239 1417 1387 628 
6 233 709 1392 1393 770 771 
5 233 240 973 783 771 
5 239 234 235 1418 1417 
6 1192 1193 770 1393 1387 628 
5 242 241 628 1192 877 
4 235 709 1392 1418 
5 240 237 243 972 973 
6 243 238 242 877 951 972 
5 244 84 83 731 653 
5 14 182 244 653 652 
5 246 82 1052 1015 768 
5 753 1014 992 1135 1274 
7 244 84 1051 992 1135 1134 182 
5 245 246 768 767 247 
6 83 82 246 245 1021 731 
6 247 245 1021 916 601 591 
5 15 601 591 1275 878 
6 247 591 1275 1274 753 767 
5 246 751 795 773 768 
7 249 248 559 1172 1171 1264 1263 
4 227 229 250 1287 
5 551 552 251 1221 1165 
5 251 254 1187 1188 552 
4 252 648 1407 1255 
5 648 939 1518 1519 1407 
5 253 571 1518 939 940 
5 252 648 939 940 1636 
5 505 506 577 1480 219 
5 49 255 506 577 1433 
5 1433 1434 1483 1480 577 
5 505 506 255 573 910 
5 219 505 910 1635 1634 
4 222 696 1434 1483 
6 222 696 1400 1419 1630 1629 
5 49 255 573 1420 1399 
7 256 9 11 919 1060 841 1158 
5 257 258 130 1160 1161 
6 261 1250 1705 1704 1401 1395 
6 259 263 1245 1394 1395 261 
5 261 259 262 260 1250 
6 752 835 264 1569 1695 1693 
5 834 835 264 1661 1712 
5 264 1569 150 1664 1661 
6 501 1341 1671 1504 1689 1687 
5 266 501 1341 1340 1002 
5 498 1003 868 1670 1183 
6 267 499 1002 266 790 1049 
5 265 267 499 498 1003 
5 265 267 1049 1048 1089 
5 605 868 1003 265 1089 
5 605 868 1670 1671 1504 
4 266 501 1687 790 
6 268 271 1536 1535 543 542 
6 268 269 270 1011 1010 271 
5 268 269 1189 1062 542 
6 224 270 269 1189 1190 558 
4 558 1190 1008 1206 
5 1010 1011 226 1292 639 
4 224 270 1011 226 
6 965 1009 1063 543 1535 1538 
5 639 1010 271 1536 1537 
6 1292 1293 965 1538 1537 639 
5 272 527 1166 1165 1221 
6 606 764 1166 1165 551 865 
4 764 1007 527 1166 
5 272 722 875 251 1221 
6 272 527 1007 1465 1466 722 
6 606 764 1007 1465 1430 987 
5 251 552 1127 1125 875 
6 274 869 1004 279 1285 1286 
5 278 1286 274 1685 1686 
5 277 869 274 1685 1683 
5 275 276 1242 1215 273 
5 275 276 566 279 1004 
5 273 275 1004 869 277 
5 1147 1148 1216 1241 116 
6 119 278 1686 1684 1148 1147 
6 565 566 276 1242 1241 116 
5 119 278 1286 1285 118 
5 565 566 279 1285 118 
7 273 277 1683 1684 1148 1216 1215 
6 641 761 281 1583 1587 1031 
6 26 1031 1587 1586 1548 1524 
5 282 642 281 1583 1582 
5 89 97 761 281 642 
6 93 89 642 282 1549 1516 
5 1548 1549 282 1582 1586 
5 85 90 640 23 280 
5 26 23 280 1525 1524 
5 85 280 1525 1516 93 
5 97 90 640 641 761 
6 287 673 719 283 1607 1367 
5 1461 1462 283 1607 1602 
5 289 284 756 286 1200 
6 285 286 756 755 288 290 
5 293 25 19 291 292 
6 296 295 829 851 298 568 
5 134 829 295 1542 1543 
5 296 295 1542 1546 541 
5 299 294 1497 1498 1314 
6 298 297 299 1314 1313 568 
7 133 134 1543 1547 1243 1498 1497 
5 296 541 647 1313 568 
5 136 135 297 299 294 
4 297 135 851 298 
4 136 294 1497 133 
4 983 984 1507 194 
6 223 197 1220 1502 1642 1633 
4 1071 1072 1633 223 
4 811 892 1654 1005 
5 301 553 1546 1542 1179 
5 289 284 553 1546 541 
4 287 300 302 673 
5 304 747 77 1126 865 
7 77 1059 1045 1621 1620 987 1126 
5 794 1046 807 1358 1363 
6 806 807 1046 1045 1059 1058 
6 303 532 1362 1388 977 649 
5 303 532 1620 987 606 
5 303 606 865 304 649 
4 1045 1046 794 1621 
6 304 649 977 976 78 747 
6 71 305 259 262 1329 1328 
5 249 248 306 693 979 
5 306 263 259 305 693 
5 71 305 693 979 978 
4 35 32 307 948 
5 834 835 539 1616 308 
5 533 752 835 539 909 
4 599 600 754 309 
5 309 754 1416 1526 1066 
5 309 599 1103 701 1066 
5 310 311 312 856 737 
5 313 310 737 953 1102 
6 701 1066 1526 1520 1368 1321 
6 313 310 311 1416 754 600 
5 311 312 1520 1526 1416 
5 312 856 1369 1368 1520 
5 599 600 313 1102 1103 
5 285 286 704 1390 1391 
6 704 705 314 1508 1364 1390 
4 704 705 1200 286 
6 547 1270 1600 1601 1572 1584 
5 315 1017 1584 1572 1406 
5 1406 1563 1598 1601 1572 
6 315 648 1407 1562 1563 1406 
6 547 1016 939 1518 1517 1270 
4 1016 1017 1584 547 
5 315 648 939 1016 1017 
4 318 290 285 1391 
6 316 890 1294 318 1391 1390 
4 320 316 1390 704 
6 320 316 890 891 842 529 
6 528 529 320 704 286 756 
6 528 529 842 1580 1581 317 
4 317 319 1575 1581 
5 317 319 755 756 528 
5 290 288 1295 1294 318 
6 288 755 319 1575 1574 1295 
5 321 193 192 316 890 
5 192 316 1390 1364 744 
6 321 890 1294 1453 1441 1137 
4 1074 1199 1137 1441 
4 318 228 1453 1294 
5 321 193 889 1199 1137 
5 318 228 1092 1471 1391 
5 322 603 1492 1084 664 
5 1 497 1491 1354 1257 
4 180 322 664 170 
6 180 122 596 604 603 322 
5 168 170 664 1084 993 
5 168 174 1337 1355 993 
5 1 497 604 596 595 
5 120 174 1337 1336 5 
6 205 572 1440 1410 244 653 
5 323 81 95 695 845 
5 83 95 695 732 731 
6 205 572 802 323 845 844 
5 94 81 323 802 801 
5 92 94 801 1439 1411 
5 244 84 92 1411 1410 
5 324 548 633 1347 1350 
6 68 576 730 729 1136 884 
5 325 524 327 905 906 
4 326 327 905 680 
6 22 24 963 1034 41 961 
5 27 22 961 962 757 
4 20 656 1610 1053 
5 24 20 656 328 963 
6 328 897 1595 1594 1034 963 
5 328 656 1610 1611 897 
6 63 757 27 1053 1610 1611 
5 63 757 962 1606 1605 
5 961 962 1606 1590 41 
5 330 332 331 659 1372 
5 331 131 1013 1033 659 
5 720 721 329 746 867 
5 745 746 329 1444 1443 
5 329 721 1101 1324 1444 
6 745 749 1370 1372 330 1443 
5 515 866 749 1370 1178 
6 160 515 1178 1033 1013 1012 
5 331 131 1168 1323 332 
6 330 332 1323 1324 1444 1443 
5 160 515 866 867 720 
5 335 503 1238 1343 1038 
4 335 334 333 503 
4 758 979 249 1263 
7 195 336 230 558 1190 1234 511 
5 230 227 1287 1299 336 
5 143 108 112 337 339 
5 339 143 137 139 516 
6 338 674 766 141 1619 1645 
5 112 337 1643 574 107 
6 337 339 516 1619 1645 1643 
5 338 703 574 1643 1645 
5 338 674 654 702 703 
4 107 574 703 702 
5 613 654 674 766 765 
5 55 101 1457 1469 739 
5 1230 1311 113 1469 1457 
6 55 57 147 1060 919 101 
5 918 1061 612 1311 1230 
4 147 111 54 57 
6 796 797 833 1436 1435 1413 
5 665 775 860 797 833 
7 920 921 1072 1633 1632 1435 1436 
5 665 833 1436 920 1022 
5 774 1023 921 1072 1071 
5 223 689 1382 1632 1633 
5 796 859 689 1382 1413 
5 340 341 594 1500 1553 
5 1236 1237 1552 1553 340 
5 344 1184 1552 1553 1500 
5 343 208 637 517 342 
6 1251 1252 1278 1706 1703 52 
5 128 127 1237 1552 1561 
5 1236 1237 127 1327 655 
5 340 495 870 1554 1553 
6 495 496 346 655 1236 340 
5 495 496 643 345 870 
5 345 620 1668 706 643 
6 609 620 345 870 1554 1560 
6 346 655 1327 1672 1668 706 
4 346 496 643 706 
5 328 348 493 1495 897 
5 347 348 328 656 614 
5 347 348 493 982 1713 
4 729 949 1020 1136 
6 352 349 350 679 678 1157 
5 350 679 1348 1648 1121 
4 349 350 1121 354 
5 28 353 351 1532 582 
6 355 535 1533 1532 351 1659 
5 353 351 1659 1662 157 
5 352 535 1533 1156 1157 
5 355 354 349 352 535 
6 355 354 1121 1648 1662 1659 
5 28 353 157 1349 1099 
4 617 1637 1070 1688 
5 1558 1559 1025 1647 1534 
5 1070 1427 1534 1647 1637 
7 1070 1427 1524 1525 790 1687 1688 
5 1427 1524 1548 1558 1534 
6 501 502 852 1499 1489 266 
6 502 617 1637 1647 1025 852 
5 266 790 1525 1516 1489 
5 501 502 617 1688 1687 
5 852 1025 1559 1544 1499 
6 196 356 269 1189 1235 510 
4 195 336 360 562 
4 359 356 196 563 
5 359 356 269 270 358 
5 358 270 224 225 357 
5 357 360 336 230 225 
6 358 357 360 562 563 359 
6 99 504 1468 1464 1144 715 
6 326 361 1296 795 773 680 
5 364 366 735 992 1135 
6 362 364 1135 1274 1259 363 
5 367 362 364 366 365 
4 735 791 1014 992 
4 368 369 670 1115 
5 368 369 1316 1082 1081 
6 369 670 743 742 1380 1316 
5 923 1054 1082 1316 1380 
5 302 300 282 642 1152 
5 814 1179 301 1557 1568 
5 372 370 950 1131 1176 
5 372 1176 1485 1186 1276 
5 372 370 1340 1183 1276 
5 858 950 370 1340 1341 
5 371 663 1131 1176 1485 
5 629 663 371 1675 1676 
5 1186 1276 1183 1670 1667 
5 629 663 1131 950 858 
5 371 1485 1186 1667 1675 
4 374 623 670 743 
6 623 670 1115 1180 837 836 
5 376 375 373 1356 1357 
5 534 586 718 140 725 
6 173 171 206 929 930 900 
5 724 725 534 900 173 
5 381 840 911 380 1227 
6 380 911 1409 1408 946 947 
6 825 826 382 954 974 857 
5 379 825 857 880 879 
6 839 840 381 879 880 733 
5 507 733 880 857 974 
6 378 377 1177 1227 380 947 
5 382 378 947 946 954 
5 379 879 381 1227 1177 
4 382 378 377 826 
5 825 826 377 1177 379 
5 166 36 31 514 787 
5 37 383 384 651 727 
5 37 36 166 167 383 
6 167 383 384 386 385 526 
6 213 200 819 546 787 514 
4 385 386 1700 1702 
6 386 384 651 199 1699 1700 
6 385 526 546 819 1701 1702 
5 57 147 146 177 59 
7 177 59 58 632 637 517 176 
5 60 58 632 631 1249 
5 342 517 176 1105 1159 
5 256 343 342 1159 1158 
5 208 10 9 256 343 
5 55 101 1248 1249 60 
5 607 809 387 1684 1686 
6 599 600 671 1685 1683 1317 
6 387 583 1318 1317 1683 1684 
5 387 583 1083 1108 809 
4 1102 1103 388 1377 
6 583 1083 1404 1377 388 1318 
5 313 600 671 608 872 
6 313 872 537 1404 1377 1102 
6 607 608 872 537 1108 809 
5 388 1103 599 1317 1318 
4 1090 1622 1618 1650 
5 389 1090 1650 1649 1122 
6 389 1090 1622 1609 700 1351 
5 158 817 1609 1622 1618 
5 389 1122 324 1350 1351 
5 1504 1505 1677 1676 1671 
6 309 599 1317 1162 1164 1117 
4 277 1162 1317 1683 
6 868 869 277 1162 1164 605 
5 600 671 1674 1678 754 
5 868 869 274 1667 1670 
6 309 754 1678 1677 1505 1117 
6 274 1667 1675 1674 671 1685 
6 390 185 1398 1376 1244 964 
6 529 842 968 969 390 964 
6 842 891 994 827 985 968 
6 321 193 188 668 827 994 
5 183 185 390 969 986 
5 192 316 320 1244 1376 
4 320 529 964 1244 
4 890 891 994 321 
5 183 668 827 985 986 
5 683 684 1711 817 158 
4 67 391 730 576 
6 392 354 1121 1122 389 832 
5 349 350 549 1365 1375 
6 349 354 392 393 1374 1375 
6 548 549 1365 1366 634 633 
6 548 549 350 1121 1122 324 
5 393 48 634 1366 1374 
5 831 832 389 1351 1346 
5 393 48 831 832 392 
5 1211 1232 1368 1520 1529 
4 1211 1214 1262 1529 
6 1211 1214 1446 1460 1271 1232 
5 394 910 1635 1459 1303 
6 219 505 312 1520 1529 1262 
5 394 856 1369 1304 1303 
5 312 505 910 394 856 
5 1232 1271 1304 1369 1368 
5 385 395 624 520 1702 
6 519 625 397 778 1697 828 
6 624 625 397 1402 1386 395 
4 385 395 1386 526 
5 396 398 854 786 658 
5 396 398 778 1697 1698 
4 396 658 820 1698 
5 397 778 398 854 1402 
5 519 520 1702 1701 828 
6 399 506 577 589 1478 1477 
5 209 212 393 48 1424 
5 393 212 931 681 392 
5 399 401 402 255 506 
5 402 255 49 831 832 
4 400 401 399 1477 
6 400 681 931 661 1478 1477 
6 401 402 832 392 681 400 
4 661 944 589 1478 
6 577 589 944 209 1424 1433 
5 306 693 622 908 907 
6 403 592 404 813 908 622 
5 403 592 1264 1263 758 
5 403 622 693 979 758 
5 404 813 901 1208 1209 
5 404 592 1264 1171 1209 
5 248 306 907 902 559 
5 407 405 394 910 573 
5 406 203 1420 573 407 
5 405 156 155 406 407 
4 361 980 1210 1296 
6 273 275 409 410 329 746 
5 409 275 1004 1003 265 
5 45 843 408 1443 1444 
4 408 1169 745 1443 
5 46 45 1444 329 410 
6 273 277 1162 1169 745 746 
6 408 843 1163 1164 1162 1169 
6 410 409 265 1089 1088 46 
5 379 413 412 996 879 
6 813 857 880 1203 1272 901 
5 412 690 1273 1204 996 
5 404 411 825 857 813 
4 404 411 1450 1209 
6 379 413 1449 1450 411 825 
5 413 412 690 917 1449 
6 690 917 1208 901 1272 1273 
4 273 746 867 1215 
5 749 750 1170 1169 745 
5 583 584 750 1170 1318 
6 749 750 584 792 646 866 
4 387 1036 1148 1684 
5 583 584 792 1036 387 
5 646 792 1036 1148 1216 
5 26 21 1428 1427 1524 
5 293 25 21 1428 1379 
5 331 131 1032 779 531 
5 331 531 1666 1665 659 
6 552 1127 1657 1658 1143 1188 
6 531 779 1229 1143 1658 1666 
5 779 1032 1331 1228 1229 
6 254 1187 1228 1331 1673 1669 
4 251 254 1669 875 
6 659 1033 1125 1127 1657 1665 
5 104 414 1222 415 106 
5 854 855 1116 1233 398 
5 367 365 862 861 416 
4 368 497 1 1081 
6 368 497 1491 1451 1180 1115 
5 171 168 993 1098 206 
6 1041 1042 1445 1473 1297 1308 
5 1297 1298 1065 1474 1473 
6 759 760 907 908 975 616 
5 813 857 974 975 908 
6 42 667 1145 1146 1710 1709 
6 800 1017 1584 1585 1067 1118 
5 928 988 1585 1067 1403 
5 547 1016 1146 1710 1564 
5 1087 1118 1067 1403 1422 
6 547 1564 1566 988 1585 1584 
5 417 33 38 129 864 
5 779 780 417 864 1032 
5 383 384 332 1323 1300 
7 332 331 531 796 859 651 384 
6 417 33 728 860 797 780 
6 38 129 1168 1323 1300 39 
4 39 37 383 1300 
5 274 1286 1344 1186 1667 
5 279 418 1277 1345 1285 
5 418 498 1183 1276 1277 
5 279 418 498 1003 1004 
6 905 906 1050 791 1014 1015 
6 88 419 327 905 1015 1052 
5 325 412 996 1050 906 
6 381 735 992 1051 1226 1227 
5 413 420 1515 1177 379 
6 413 412 325 524 525 420 
6 88 419 525 420 1515 1514 
4 419 327 524 525 
6 381 735 791 1050 996 879 
6 40 258 257 421 1438 799 
6 336 360 623 374 830 1299 
5 357 225 1315 1316 369 
5 357 369 670 623 360 
5 742 743 374 830 165 
6 165 602 250 1287 1299 830 
5 229 250 602 1381 1302 
5 132 216 214 294 136 
5 847 960 1373 1700 1699 
6 201 846 1046 794 1384 1385 
6 960 1045 1621 1627 1371 1373 
4 422 650 1627 1371 
6 519 520 422 650 1384 1385 
6 422 520 1702 1700 1373 1371 
5 650 1384 794 1621 1627 
4 519 828 201 1385 
6 355 432 429 428 1660 1659 
5 430 432 355 535 536 
4 428 423 426 1660 
6 424 523 611 431 569 570 
5 425 427 424 523 682 
5 535 536 610 1530 1533 
5 351 425 682 1531 1532 
5 428 423 570 569 429 
5 427 424 570 423 426 
5 432 429 569 431 430 
6 351 425 427 426 1660 1659 
5 430 431 611 610 536 
5 512 513 434 933 662 
5 433 858 950 1019 894 
5 433 434 513 818 894 
5 211 663 1131 1132 677 
5 211 662 933 629 663 
5 1018 1132 677 1150 1151 
5 433 434 933 629 858 
5 818 894 1019 1018 1151 
5 422 520 624 1170 750 
5 408 395 624 1170 1169 
6 408 395 385 386 330 1443 
5 330 386 1700 1373 1372 
5 749 750 422 1371 1370 
4 366 735 381 840 
5 380 436 850 152 911 
4 435 91 92 1411 
6 435 436 380 1227 1226 91 
7 435 436 850 849 184 1410 1411 
4 182 244 1410 184 
6 154 152 911 840 366 364 
5 154 364 1135 1134 153 
5 134 509 619 1501 1543 
7 594 814 1179 1542 1543 1501 1500 
6 1041 1042 344 1500 1501 619 
5 437 438 1130 1129 117 
5 439 438 437 1593 1592 
6 117 437 1593 1028 1037 1006 
5 1027 1028 1593 1592 997 
5 1129 1130 995 1241 116 
5 439 438 1130 995 708 
6 708 995 1241 1216 646 1111 
5 439 708 1111 997 1592 
5 267 499 435 1411 1439 
5 784 801 1439 267 1049 
5 280 784 1049 790 1525 
5 85 280 784 801 94 
5 1512 1513 1489 1516 93 
4 266 1002 1513 1489 
6 435 91 1512 1513 1002 499 
7 429 400 1477 1482 1678 1674 569 
6 661 662 933 934 1481 1478 
4 429 400 681 432 
6 430 431 371 663 211 932 
5 430 432 681 931 932 
5 431 371 1675 1674 569 
5 933 934 1677 1676 629 
5 268 269 356 441 440 
5 268 440 518 638 542 
4 341 594 814 1568 
5 406 407 1638 1646 1614 
6 264 338 1645 1646 1614 1661 
6 155 406 1614 1661 1664 149 
5 407 405 785 1644 1638 
5 574 575 1360 1588 703 
6 405 156 692 1360 575 785 
5 264 338 703 1588 1569 
6 150 556 692 1360 1588 1569 
6 301 553 871 870 495 1557 
5 284 553 871 528 756 
5 345 317 528 871 870 
6 287 300 282 1549 1544 1367 
5 1283 1284 164 1381 1302 
4 415 106 105 442 
7 660 1029 1069 889 1199 1288 1247 
5 994 995 1130 1137 321 
6 565 566 645 500 896 895 
5 276 566 645 644 669 
5 668 669 276 1242 827 
6 626 627 1223 1222 414 838 
5 443 554 626 838 1094 
5 444 172 173 900 1039 
5 174 172 444 53 1337 
6 444 53 1342 1343 1038 1039 
6 347 446 447 716 1714 1713 
5 445 448 446 347 614 
6 303 532 926 925 1415 1414 
5 303 649 1095 1412 1414 
5 649 977 838 1094 1095 
5 1094 1095 1412 1523 443 
6 443 554 449 1239 1522 1523 
5 123 449 1239 707 560 
5 707 925 1415 1522 1239 
5 626 838 977 1388 1138 
5 123 449 554 626 1138 
4 561 926 532 1362 
6 817 1609 1614 1661 1712 1711 
5 264 338 674 539 835 
5 308 684 1711 1712 834 
6 683 684 308 1616 1617 142 
5 539 674 766 1617 1616 
5 450 103 914 915 451 
6 100 103 450 824 1325 1326 
5 80 635 1212 988 1566 
5 855 928 988 1212 1116 
6 32 34 1545 67 391 307 
6 307 391 730 729 949 948 
5 166 36 34 1545 1556 
6 452 627 937 1333 1334 657 
6 450 103 1458 1470 123 449 
5 124 1291 1352 1458 1470 
5 452 657 1291 124 1201 
6 657 1291 1352 100 1326 1334 
5 450 449 554 938 824 
5 626 627 452 1201 1138 
5 246 82 87 453 751 
5 680 773 768 1015 905 
6 87 453 1210 980 981 86 
6 419 327 326 361 980 981 
4 86 88 419 981 
5 453 751 795 1296 1210 
5 268 271 175 169 440 
5 207 632 58 1319 1290 
6 61 181 175 271 1536 1320 
4 59 61 181 177 
5 169 440 518 517 176 
4 207 543 1535 1290 
4 303 606 764 1414 
5 1255 1256 812 1562 1407 
6 370 454 1511 1513 1002 1340 
5 372 370 454 377 378 
5 372 378 947 1277 1276 
5 418 436 380 947 1277 
5 435 436 418 498 499 
5 377 454 1511 1515 1177 
5 437 438 1442 1292 639 
5 226 1011 1154 1289 1073 
5 117 437 639 1010 1155 
5 438 1130 1137 1441 1442 
4 960 1045 1059 1383 
4 1126 1127 1657 77 
6 1372 1373 960 1383 1665 659 
5 426 339 516 1663 1660 
5 339 143 697 427 426 
5 425 427 697 725 534 
5 351 425 534 586 353 
5 353 157 138 718 586 
7 411 455 579 1603 1602 1461 1450 
5 411 455 593 592 404 
4 457 1261 1454 1448 
4 456 579 455 593 
5 89 86 981 1152 642 
5 1489 1499 1608 1511 1513 
6 420 283 1607 1608 1511 1515 
4 420 283 719 525 
7 419 525 719 673 302 1152 981 
5 713 837 1180 1451 1456 
6 357 369 368 497 604 358 
5 360 562 781 836 623 
6 359 563 1055 1455 1492 603 
4 359 358 604 603 
5 459 458 1379 293 292 
5 1035 1194 1070 1688 1690 
6 940 1026 1194 1070 1637 1636 
5 315 581 1496 800 1017 
5 1145 1146 1026 1194 1035 
5 939 940 1026 1146 1016 
5 315 581 618 252 648 
5 617 618 252 1636 1637 
6 617 618 581 1496 1690 1688 
5 461 590 1279 815 816 
6 461 70 71 305 460 590 
4 260 262 1329 1266 
6 260 1250 1279 815 1265 1266 
5 460 261 1250 1279 590 
4 460 261 259 305 
5 815 816 69 821 1265 
4 461 70 69 816 
4 591 601 1114 676 
5 448 459 292 291 445 
6 1305 1306 314 1508 1507 984 
5 194 744 1364 1508 1507 
5 647 705 314 1306 1313 
6 704 705 647 1243 1244 320 
6 983 984 1305 1314 1498 1506 
5 315 581 934 1481 1406 
5 581 618 434 933 934 
6 434 513 1256 1255 252 618 
5 589 1478 1481 1406 1563 
6 944 945 812 1562 1563 589 
5 512 513 1256 812 945 
6 305 460 235 709 622 693 
4 461 231 234 590 
5 237 72 898 899 240 
5 231 237 72 70 461 
4 234 235 460 590 
4 233 403 622 709 
5 233 403 758 899 240 
6 1521 1522 1415 1597 1682 1681 
6 462 272 722 1579 1581 1575 
5 463 462 1575 1574 1476 
6 439 708 1567 1574 1476 1475 
5 462 272 527 874 463 
5 439 1475 955 1596 1592 
5 997 1465 1007 1596 1592 
5 463 874 955 1475 1476 
6 210 1077 1080 672 1319 1290 
6 60 672 1080 451 915 1249 
5 64 148 1086 416 861 
6 398 778 1321 1368 1232 1233 
6 1321 1322 464 1691 1697 778 
5 180 322 441 440 169 
4 344 1042 1445 1184 
5 18 27 757 465 789 
5 280 23 22 961 784 
4 18 30 788 789 
6 90 81 323 788 30 640 
4 465 757 962 936 
6 788 789 465 936 802 323 
6 215 811 1005 363 1259 1258 
6 362 363 1005 1654 1651 1335 
4 362 364 154 1335 
6 217 1207 1275 878 1715 1718 
6 215 217 1718 1717 892 811 
5 430 536 1133 1174 932 
5 431 371 1485 1486 611 
5 610 611 1486 1192 877 
5 1131 1132 952 1193 1176 
6 951 952 1132 677 1174 1133 
5 536 610 877 951 1133 
5 306 263 1245 760 907 
6 7 635 1212 1211 1214 1213 
5 467 469 1486 1192 628 
6 241 468 470 471 467 628 
4 610 877 242 1530 
5 469 466 523 611 1486 
5 466 471 470 682 523 
5 241 468 1531 1530 242 
4 471 467 469 466 
4 468 470 682 1531 
5 61 181 598 472 62 
5 473 178 598 472 810 
5 62 472 810 1109 56 
5 110 698 473 810 1109 
4 473 178 636 698 
6 720 867 1215 1242 827 985 
5 160 159 1578 1112 515 
5 515 866 646 1111 1112 
5 159 968 842 1580 1578 
5 994 995 708 1567 891 
5 400 401 474 428 429 
4 474 401 402 991 
5 355 432 681 392 354 
5 402 832 389 1090 991 
7 428 474 991 1090 1650 1663 1660 
5 433 434 618 617 502 
5 433 502 852 853 894 
5 98 447 446 1570 1107 
6 253 571 970 1107 1570 1571 
6 448 459 458 1571 1570 446 
6 712 912 926 532 1620 1628 
5 564 925 1415 1597 1591 
5 564 913 1028 1593 1591 
6 997 1027 712 1628 1430 1465 
5 365 366 840 839 862 
4 545 965 1538 1680 
6 439 438 1442 1454 1448 1475 
6 1537 1538 1680 1682 1597 1591 
5 437 639 1537 1591 1593 
6 457 544 1224 955 1475 1448 
6 544 545 965 1293 1261 457 
5 340 341 1568 1557 495 
6 1211 1212 988 1585 1573 1529 
4 397 701 1321 778 
6 397 701 1066 1067 1403 1402 
5 98 99 715 716 447 
5 475 333 334 29 942 
5 475 585 762 941 942 
5 413 420 283 1462 1449 
6 425 534 900 1039 470 682 
5 466 477 476 424 523 
6 476 473 698 697 427 424 
5 477 476 473 178 179 
6 172 179 477 466 471 444 
4 470 471 444 1039 
4 715 716 1714 1144 
5 24 21 1428 1195 963 
6 445 291 19 20 656 614 
5 347 446 1570 1577 348 
6 328 348 1577 1576 1195 963 
6 458 1379 1428 1195 1576 1571 
6 17 133 1497 1718 1715 16 
5 1110 1490 1501 1543 1547 
6 390 185 803 619 1501 1490 
4 390 964 1110 1490 
5 481 480 479 1298 1297 
5 186 481 1297 1308 804 
5 205 572 479 1298 1267 
5 480 479 572 1440 478 
5 481 480 478 187 186 
5 187 478 1440 1410 184 
4 1194 1195 1576 1026 
5 253 940 1026 1576 1571 
4 330 332 384 386 
4 531 796 1413 1666 
6 689 726 847 960 1383 1382 
6 415 442 550 482 1223 1222 
5 846 1046 807 1225 1219 
5 806 807 1225 1503 1487 
4 1295 1447 1476 1574 
5 112 337 873 872 537 
5 483 873 337 1643 1644 
5 483 310 737 785 1644 
6 574 575 557 1378 1405 107 
5 313 310 483 873 872 
5 557 953 1102 1377 1378 
5 557 575 785 737 953 
5 289 541 647 705 1200 
5 152 911 1409 1218 1217 
5 64 148 1218 1409 1338 
6 416 367 362 1335 1397 1086 
6 455 593 771 770 382 826 
5 233 403 592 593 771 
4 382 770 1393 954 
5 622 709 1392 975 908 
4 411 455 826 825 
5 73 69 816 585 762 
6 352 535 536 1133 1509 1527 
5 352 349 1375 1079 1527 
4 393 212 1075 1374 
5 1078 1079 1527 1509 1175 
6 239 234 590 1279 1278 1252 
5 1251 1252 239 1417 1310 
6 460 235 1418 1240 1395 261 
5 405 394 856 737 785 
6 402 255 573 407 1638 991 
5 399 311 312 505 506 
5 483 474 991 1638 1644 
6 483 310 311 399 401 474 
5 406 203 700 1609 1614 
7 334 29 582 1532 1531 468 335 
5 468 470 1039 1038 335 
5 217 214 294 1497 1718 
5 557 717 1100 1425 1378 
4 823 990 1426 1119 
6 702 703 1588 1589 959 114 
4 109 114 959 1091 
5 390 969 1560 1554 1490 
5 163 481 1297 1473 1128 
5 186 183 986 163 481 
5 348 493 1707 1708 1577 
5 1106 1107 1570 1577 1708 
5 454 580 1599 1608 1511 
6 377 454 580 579 455 826 
4 579 580 1599 1603 
5 164 793 189 893 1284 
6 1082 1246 1289 1073 1315 1316 
5 104 414 838 977 976 
5 241 232 503 335 468 
5 232 239 1252 1238 503 
4 467 621 1387 628 
6 444 53 740 621 467 471 
5 951 972 1510 1509 1133 
5 484 783 952 1132 1018 
6 809 810 472 1037 1036 387 
5 597 598 472 1037 1006 
5 476 473 810 809 607 
5 477 476 607 1686 278 
5 477 179 115 119 278 
5 40 38 129 130 258 
5 408 395 1386 1423 843 
5 388 625 397 701 1103 
5 1066 1067 1118 1117 309 
5 624 625 388 1318 1170 
5 485 243 972 1510 1528 
6 352 1157 1253 485 1528 1527 
6 238 242 1530 1533 1156 1254 
5 485 243 238 1254 1253 
5 450 451 1080 1239 449 
4 672 707 1239 1080 
5 41 961 784 1049 1048 
4 80 6 7 635 
5 370 454 580 1019 950 
5 456 484 783 771 593 
6 372 378 382 770 1193 1176 
6 456 484 1018 1019 580 579 
4 482 452 627 1223 
5 475 236 232 503 333 
6 461 231 236 475 585 816 
7 388 625 519 1385 1425 1378 1377 
5 422 650 935 584 750 
5 428 423 873 483 474 
5 337 339 426 423 873 
6 1153 1225 807 1358 1539 1540 
5 201 763 1100 1425 1385 
6 763 1100 1282 1280 1123 1124 
5 557 717 464 1322 953 
5 501 502 433 858 1341 
5 853 894 1019 580 1599 
6 39 799 1438 1452 1301 1300 
5 34 798 1024 1551 1545 
6 47 167 383 1300 1301 44 
4 44 1301 1452 1613 
5 423 570 608 872 873 
5 476 424 570 608 607 
5 359 356 441 322 603 
6 162 487 1452 1301 1324 1101 
5 486 487 162 1140 1040 
5 421 486 1040 1161 257 
5 486 487 1452 1438 421 
6 469 466 477 278 1286 1344 
5 569 570 608 671 1674 
5 1186 1344 469 1486 1485 
5 584 792 1027 712 935 
5 712 935 650 1627 1628 
5 488 959 1589 1696 1694 
6 375 488 959 1091 125 373 
6 722 875 1669 1668 620 1579 
5 345 317 1581 1579 620 
6 105 442 550 1202 1389 1076 
4 587 1253 485 1359 
6 358 270 1011 1154 596 604 
5 271 175 121 1155 1010 
5 489 479 572 802 936 
5 489 479 1298 1065 1064 
5 159 609 620 1579 1578 
6 237 72 1260 1359 485 243 
6 132 216 675 676 1114 1113 
5 486 1040 1474 1065 1064 
5 1040 1140 1128 1473 1474 
5 482 452 1201 1202 550 
4 75 666 1143 1658 
5 464 717 1100 763 1691 
5 581 934 1677 1505 1496 
5 62 472 1037 1028 913 
5 712 912 710 1120 935 
6 488 490 533 752 1693 1694 
6 488 490 1149 1312 114 959 
4 490 533 909 1149 
6 539 674 654 1312 1149 909 
5 564 1320 1536 1537 1591 
6 210 1290 1535 1538 1680 1679 
6 1026 1146 1710 1708 1577 1576 
4 1057 1270 547 1564 
4 488 490 376 375 
6 376 490 1149 1231 1353 1357 
5 125 373 1356 1291 124 
5 1262 1529 1573 1572 1601 
5 399 311 1416 1482 1477 
5 577 589 1563 1598 1480 
5 4 615 1218 1409 1408 
5 46 410 491 492 1604 
5 45 44 1301 1324 1444 
5 329 410 491 161 721 
5 492 487 1452 1613 1604 
5 492 487 162 161 491 
6 118 2 3 567 1345 1285 
6 279 418 436 850 645 566 
5 946 947 1277 1345 567 
6 73 762 941 587 1359 1260 
5 475 236 238 1254 942 
5 492 489 1064 486 487 
5 491 492 489 479 480 
5 161 163 481 480 491 
5 780 797 833 1001 967 
6 409 275 276 669 187 478 
6 265 267 1439 1440 478 409 
5 409 478 480 491 410 
6 467 469 1344 1345 567 621 
4 754 1416 1482 1678 
6 492 489 936 962 1606 1604 
5 929 930 1038 1343 958 
5 493 982 1463 1467 1707 
5 717 1100 1282 1332 1361 
5 1123 1124 1219 1225 1153 
5 687 688 728 727 494 
6 890 891 1567 1574 1295 1294 
5 546 786 658 820 819 
5 603 604 497 1491 1492 
5 498 499 1002 1340 1183 
5 507 508 616 975 974 
4 510 511 1234 1235 
5 512 513 818 1151 1150 
5 514 787 884 1136 1020 
5 515 1112 1466 1429 1178 
5 1008 1009 965 1293 1206 
5 1618 1619 516 1663 1650 
5 557 575 1360 1361 717 
4 517 518 638 637 
5 901 902 559 1172 1208 
4 519 520 624 625 
5 1481 1482 1678 1677 934 
5 521 522 691 1656 1655 
6 610 611 523 682 1531 1530 
5 1055 1056 713 1456 1455 
5 675 676 591 1275 1207 
5 794 1363 990 1426 1384 
6 1013 1033 1125 875 1669 1673 
5 527 874 955 1596 1007 
5 528 529 964 1110 871 
5 699 700 1351 1350 530 
5 779 780 797 796 531 
6 1362 1363 794 1621 1620 532 
5 1112 1466 722 1579 1578 
6 538 740 1310 1309 999 1181 
5 687 688 775 774 540 
5 541 647 1243 1547 1546 
5 870 871 1110 1490 1554 
5 646 792 1027 997 1111 
4 542 543 1063 1062 
4 582 1156 1533 1532 
5 544 545 1680 1682 1224 
5 546 786 1047 884 787 
6 1111 1112 1578 1580 1567 708 
5 551 552 1127 1126 865 
5 854 855 782 1047 786 
5 922 923 1054 1196 769 
5 553 871 1110 1547 1546 
5 626 627 937 938 554 
4 897 1495 1488 1595 
4 987 1430 1628 1620 
5 562 563 1055 1056 781 
6 672 707 925 564 1320 1319 
5 571 970 1142 1517 1518 
5 801 802 572 1440 1439 
6 573 910 1635 1630 1419 1420 
5 1119 1405 1378 1425 1426 
5 574 575 785 1644 1643 
5 583 584 935 1120 1083 
5 941 942 1254 1253 587 
5 616 975 1392 1418 1240 
5 1088 1089 605 1164 1163 
5 647 1243 1498 1314 1313 
5 723 888 1355 1354 1173 
4 606 865 1126 987 
5 607 608 671 1685 1686 
5 1024 1437 1612 1550 1551 
5 609 620 1668 1672 714 
5 612 613 654 1312 1311 
5 621 740 1310 1417 1387 
5 629 858 1341 1671 1676 
5 697 698 636 724 725 
5 852 853 1599 1608 1499 
4 644 645 850 849 
5 866 867 1215 1216 646 
6 650 935 1120 1119 1426 1384 
5 745 746 867 866 749 
5 1012 1013 1673 1672 714 
5 727 728 860 859 651 
5 770 771 783 952 1193 
5 659 1033 1178 1370 1372 
4 695 732 844 845 
5 774 775 665 1022 1023 
5 666 805 966 1229 1143 
5 779 780 967 966 1229 
5 678 679 1348 1349 1099 
6 1102 1103 701 1321 1322 953 
5 822 823 1119 1120 710 
5 711 734 1396 1397 1086 
6 889 893 1284 1283 1074 1199 
5 912 913 1028 1027 712 
5 836 837 713 1056 781 
5 722 875 1125 1429 1466 
5 737 856 1369 1322 953 
5 744 893 1284 1472 1364 
5 767 768 1015 1014 753 
5 1000 1001 833 1436 1432 
5 898 899 758 979 978 
4 759 760 1245 1394 
6 764 1007 1596 1597 1415 1414 
6 1008 1009 1063 1062 1189 1190 
5 951 952 783 973 972 
6 801 802 936 962 961 784 
5 1048 1049 790 1687 1689 
5 964 1110 1547 1243 1244 
5 1027 1028 1037 1036 792 
5 924 1085 1173 1354 1257 
4 796 797 860 859 
5 798 799 1438 1437 1024 
5 1016 1017 800 1145 1146 
5 806 807 1358 1389 1076 
5 966 967 1001 1000 805 
4 809 810 1109 1108 
5 901 902 907 908 813 
5 1265 1266 1329 1328 821 
5 937 938 824 1325 1333 
5 994 995 1241 1242 827 
5 1104 1105 1159 1158 841 
5 839 840 911 1409 1338 
4 842 891 1567 1580 
5 846 847 960 1045 1046 
6 959 1091 1281 1282 1332 1589 
5 1043 1044 848 1105 1104 
4 900 930 1038 1039 
5 863 864 1032 1331 1330 
4 868 869 1004 1003 
5 951 952 1193 1192 877 
5 1134 1135 1274 1275 878 
5 879 880 1203 1204 996 
5 883 1093 1479 1493 1421 
5 887 888 1342 1343 958 
4 914 915 1249 1248 
5 1208 1209 1450 1449 917 
4 918 919 1060 1061 
4 920 921 1023 1022 
4 922 923 956 957 
5 927 928 988 1566 1565 
5 1129 1130 1137 1199 1288 
5 1018 1019 950 1131 1132 
5 974 975 1392 1393 954 
5 955 1224 1682 1597 1596 
5 1034 1035 1194 1195 963 
4 968 969 986 985 
5 1106 1107 970 1142 1141 
5 976 977 1388 1389 1076 
6 1463 1464 1144 1714 1713 982 
6 1281 1282 1100 1425 1426 990 
6 1126 1127 1125 1429 1430 987 
5 991 1090 1622 1646 1638 
5 1014 1015 1052 1051 992 
5 1111 1112 1466 1465 997 
6 1230 1231 1353 1352 1458 1457 
4 998 999 1181 1182 
6 1184 1445 1473 1128 1561 1552 
5 1036 1037 1006 1147 1148 
4 1010 1011 1154 1155 
4 1029 1030 1068 1069 
4 1033 1125 1429 1178 
5 1139 1140 1040 1161 1160 
5 1081 1082 1054 1196 1197 
5 1141 1142 1517 1270 1057 
5 1066 1067 1585 1573 1526 
5 1194 1195 1428 1427 1070 
5 1073 1074 1199 1288 1289 
5 1078 1079 1375 1374 1075 
5 1077 1080 1239 1522 1521 
5 1119 1120 1083 1404 1405 
5 1117 1118 1087 1163 1164 
4 1174 1175 1509 1133 
5 1283 1284 1472 1471 1092 
5 1167 1168 1323 1324 1101 
5 1268 1269 1261 1293 1206 
5 1211 1212 1116 1233 1232 
4 1121 1122 1649 1648 
5 1201 1202 1389 1388 1138 
5 1187 1188 1143 1229 1228 
5 1230 1231 1149 1312 1311 
4 1156 1157 1253 1254 
7 1370 1371 1627 1628 1430 1429 1178 
5 1169 1170 1318 1317 1162 
4 1171 1172 1208 1209 
5 1192 1193 1176 1485 1486 
5 1226 1227 1177 1515 1514 
5 1340 1341 1671 1670 1183 
5 1276 1277 1345 1344 1186 
4 1189 1190 1234 1235 
4 1203 1204 1273 1272 
5 1258 1259 1274 1275 1207 
5 1213 1214 1262 1601 1600 
4 1215 1216 1241 1242 
5 1219 1220 1502 1503 1225 
6 1294 1295 1447 1448 1454 1453 
5 1251 1252 1238 1343 1342 
5 1309 1310 1417 1418 1240 
5 1243 1244 1376 1506 1498 
4 1246 1247 1288 1289 
5 1278 1279 1250 1705 1706 
5 1270 1517 1625 1623 1600 
5 1336 1337 1355 1354 1257 
5 1292 1293 1261 1454 1442 
5 1297 1298 1267 1307 1308 
5 1303 1304 1271 1460 1459 
5 1281 1282 1280 1540 1539 
4 1285 1286 1344 1345 
5 1319 1320 1536 1535 1290 
5 1352 1353 1357 1356 1291 
4 1300 1301 1324 1323 
5 1315 1316 1380 1381 1302 
4 1305 1306 1313 1314 
4 1325 1326 1334 1333 
4 1321 1322 1369 1368 
5 1330 1331 1673 1672 1327 
5 1360 1361 1332 1589 1588 
5 1396 1397 1335 1651 1652 
4 1338 1339 1408 1409 
4 1346 1347 1350 1351 
5 1367 1544 1499 1608 1607 
5 1362 1363 1358 1389 1388 
5 1390 1391 1471 1472 1364 
4 1365 1366 1374 1375 
4 1370 1371 1373 1372 
5 1376 1398 1716 1717 1506 
4 1377 1378 1405 1404 
5 1382 1383 1665 1666 1413 
4 1384 1385 1425 1426 
5 1402 1403 1422 1423 1386 
5 1392 1393 1387 1417 1418 
4 1399 1400 1419 1420 
7 1481 1482 1416 1526 1573 1572 1406 
5 1407 1519 1626 1615 1562 
4 1410 1411 1439 1440 
5 1414 1415 1522 1523 1412 
4 1429 1430 1465 1466 
4 1431 1432 1436 1435 
5 1437 1438 1452 1613 1612 
4 1441 1442 1454 1453 
4 1457 1458 1470 1469 
5 1459 1460 1446 1634 1635 
4 1447 1448 1475 1476 
4 1449 1450 1461 1462 
5 1455 1456 1451 1491 1492 
4 1463 1464 1468 1467 
4 1477 1478 1481 1482 
5 1483 1484 1624 1598 1480 
5 1502 1503 1487 1641 1642 
5 1494 1495 1488 1550 1551 
5 1489 1499 1544 1549 1516 
5 1500 1501 1490 1554 1553 
5 1504 1505 1496 1690 1689 
5 1497 1498 1506 1717 1718 
4 1509 1510 1528 1527 
5 1512 1513 1511 1515 1514 
5 1517 1518 1519 1626 1625 
5 1524 1525 1516 1549 1548 
4 1520 1526 1573 1529 
4 1530 1531 1532 1533 
4 1535 1536 1537 1538 
4 1542 1543 1547 1546 
5 1548 1549 1544 1559 1558 
5 1550 1551 1545 1556 1555 
5 1562 1563 1598 1624 1615 
5 1553 1554 1560 1561 1552 
5 1565 1566 1564 1710 1709 
5 1574 1575 1581 1580 1567 
5 1588 1589 1696 1695 1569 
4 1570 1571 1576 1577 
4 1572 1573 1585 1584 
4 1578 1579 1581 1580 
4 1582 1583 1587 1586 
5 1594 1595 1605 1606 1590 
5 1592 1593 1591 1597 1596 
5 1600 1601 1598 1624 1623 
5 1602 1603 1599 1608 1607 
5 1605 1606 1604 1613 1612 
4 1609 1614 1646 1622 
5 1623 1624 1615 1626 1625 
5 1618 1619 1645 1646 1622 
4 1620 1621 1627 1628 
4 1629 1630 1635 1634 
5 1632 1633 1642 1641 1631 
5 1643 1644 1638 1646 1645 
5 1649 1650 1663 1662 1648 
4 1651 1652 1653 1654 
4 1657 1658 1666 1665 
4 1659 1660 1663 1662 
5 1670 1671 1676 1675 1667 
4 1668 1669 1673 1672 
5 1675 1676 1677 1678 1674 
4 1679 1680 1682 1681 
4 1683 1684 1686 1685 
4 1687 1688 1690 1689 
4 1693 1694 1696 1695 
4 1691 1692 1698 1697 
4 1699 1700 1702 1701 
4 1703 1704 1705 1706 
4 1707 1708 1710 1709 
4 1715 1716 1717 1718 
CELL_DATA 1644
SCALARS scalar_1 double
LOOKUP_TABLE default
    4.993745
    4.992805
    4.993781
    4.995682
    4.999050
    4.993955
    5.000635
    4.993352
    4.998070
    4.991645
    4.992192
    4.994761
    4.997570
    4.994253
    4.993955
    4.998783
    4.894569
    4.993432
    4.894126
    4.891315
    4.993843
    4.992376
    4.992179
    4.993943
    4.993552
    4.992593
    4.894212
    4.993655
    4.893633
    4.993518
    4.894554
    4.994203
    4.895738
    4.994693
    4.993641
    4.894802
    4.893392
    4.893674
    4.893553
    4.993090
    4.994163
    4.993518
    4.994177
    4.992829
    4.992709
    4.894212
    4.893682
    4.993902
    4.893682
    4.994027
    4.993902
    4.993755
    4.992829
    4.894840
    4.894350
    4.893674
    4.992709
    4.894335
    4.992845
    4.898456
    5.000000
    4.900111
    4.993528
    4.995952
    4.993781
    4.892369
    4.994253
    4.994260
    4.894461
    4.995145
    4.993771
    4.993745
    4.893252
    4.893993
    4.997824
    4.991530
    5.003416
    4.895610
    4.994260
    4.996235
    4.894126
    4.897112
    4.995403
    4.997364
    4.888140
    4.894212
    4.993847
    4.992805
    4.994406
    4.994057
    4.994483
    4.994687
    4.992602
    4.993902
    4.993432
    4.893682
    4.993755
    4.994087
    4.894802
    4.993132
    4.995084
    4.996093
    4.993595
    4.893347
    4.994169
    4.993874
    4.994137
    4.893744
    4.993667
    4.994145
    4.994791
    4.994820
    4.993662
    4.992716
    4.993341
    4.993232
    4.993230
    4.994087
    4.994057
    4.894569
    4.993884
    4.993595
    4.994099
    4.992376
    4.993856
    4.894135
    4.893850
    4.893084
    4.992584
    4.994203
    4.993655
    4.894000
    4.893323
    4.993854
    4.894224
    4.994322
    4.994169
    4.993232
    4.992744
    4.995390
    4.991837
    4.894126
    4.996235
    4.991530
    4.993808
    4.990205
    4.994219
    5.001477
    4.993662
    4.993667
    4.994173
    5.000000
    4.892409
    4.988551
    4.897112
    4.895610
    4.992214
    4.991530
    4.995928
    4.892288
    4.888140
    4.883229
    4.894875
    4.992192
    4.894480
    4.993456
    4.994145
    4.993745
    4.999050
    4.998070
    4.992205
    4.994260
    4.992304
    4.989594
    4.993955
    4.996166
    4.893252
    4.990221
    4.996235
    4.993412
    4.988551
    4.991837
    4.883229
    4.991530
    5.000738
    4.997824
    4.993808
    4.893625
    4.894144
    4.993531
    4.993398
    4.993205
    4.992930
    4.994219
    4.993641
    4.893392
    4.992593
    4.893763
    4.993943
    4.893554
    4.892409
    4.994919
    4.892288
    4.892409
    4.995928
    4.893554
    4.994775
    4.894126
    4.993456
    4.990205
    4.892698
    4.993808
    4.993793
    4.895610
    4.991530
    4.992862
    4.994761
    4.994406
    4.992118
    4.993781
    4.993352
    4.993660
    4.895342
    4.992192
    4.998070
    4.997389
    4.993771
    4.994406
    4.998070
    4.895342
    4.994294
    4.993552
    4.992192
    4.994132
    4.893084
    4.993771
    4.995952
    4.992805
    4.997389
    4.994919
    4.894554
    4.892409
    4.893554
    4.993745
    4.994761
    4.992192
    4.994308
    4.993847
    4.994049
    4.992375
    4.894350
    4.992930
    4.893392
    4.993948
    4.894144
    4.992179
    4.993106
    4.993531
    4.993621
    4.993352
    4.990221
    4.993880
    4.994057
    4.894802
    4.893674
    4.994693
    4.993354
    4.893682
    4.994486
    4.994087
    4.894335
    4.994253
    4.993955
    4.993377
    4.992304
    4.997364
    4.893501
    4.994775
    4.994381
    4.895610
    4.993745
    4.994260
    4.894126
    4.994145
    4.994132
    4.992593
    4.893585
    4.993943
    4.994294
    4.993089
    4.893084
    4.992376
    4.998070
    4.993843
    4.993106
    4.992179
    4.994132
    4.993352
    4.994271
    4.998070
    4.994247
    4.895024
    4.995474
    4.994289
    4.993352
    4.893585
    5.003463
    4.994294
    4.985676
    4.894289
    4.994968
    4.990221
    4.893689
    4.994450
    4.994693
    4.995047
    4.993354
    4.993660
    4.994247
    4.993662
    4.992783
    4.993747
    4.900111
    4.994936
    4.994393
    4.890424
    4.995976
    4.988613
    4.993351
    4.893390
    4.893850
    4.992376
    4.994253
    4.993843
    4.997364
    4.894126
    4.995952
    4.994254
    4.895179
    4.993949
    4.993701
    4.995042
    4.994556
    4.994968
    4.994693
    4.992593
    4.894802
    4.994294
    4.993961
    4.994955
    4.988613
    4.996603
    5.000000
    4.994791
    4.994359
    4.990909
    4.999692
    4.995474
    4.994145
    4.894289
    4.994693
    4.895859
    4.893689
    4.994247
    4.993662
    4.999050
    4.985676
    4.997112
    4.989594
    5.003463
    4.993352
    4.886379
    4.988375
    4.993880
    5.000641
    4.994305
    4.995127
    4.996093
    4.993132
    4.994433
    4.895738
    4.995145
    4.997552
    4.994347
    4.993771
    4.994308
    4.995002
    4.995952
    4.996772
    4.894266
    4.893850
    4.993843
    4.993856
    4.893580
    4.893084
    4.993532
    4.894135
    4.992532
    4.992593
    4.994062
    4.993856
    4.996653
    4.993880
    4.994195
    4.993205
    4.994254
    4.893896
    4.993884
    4.994177
    4.993961
    4.995952
    4.991459
    4.993716
    4.994955
    4.999692
    4.988613
    4.900111
    4.894126
    4.893392
    4.993771
    4.995952
    4.995084
    5.000000
    4.994919
    4.997389
    4.894135
    4.994427
    4.994923
    4.894000
    4.993089
    4.992709
    4.992845
    4.993090
    4.993800
    4.997364
    4.992304
    4.992187
    4.985676
    4.995127
    4.989594
    4.999050
    4.997307
    4.994260
    4.994231
    4.993322
    4.894860
    4.893985
    4.993029
    4.992231
    4.893993
    4.993205
    4.994923
    4.993494
    4.993090
    4.993106
    4.993089
    4.992845
    4.992205
    4.994145
    4.998070
    4.993745
    4.992192
    4.893356
    4.993528
    4.993598
    4.992797
    4.893323
    4.993854
    4.992841
    4.994203
    4.993518
    4.894000
    4.894224
    4.993854
    4.902137
    4.893696
    4.991075
    4.893633
    4.993686
    4.993023
    4.994656
    4.995474
    4.993723
    4.993943
    4.993996
    4.993684
    4.992700
    4.992593
    4.994289
    4.993662
    4.994145
    4.994294
    4.993245
    4.893696
    4.993854
    4.893744
    4.994137
    4.990221
    4.993662
    4.893252
    4.893993
    4.894860
    4.995047
    4.994791
    4.995084
    4.996653
    4.995952
    4.993132
    4.894802
    4.994919
    5.000000
    4.993090
    4.992829
    4.992829
    4.993716
    4.894875
    4.994486
    4.993504
    4.993961
    4.994955
    4.992214
    4.991075
    4.994289
    4.893696
    4.894569
    4.992829
    4.993961
    4.994254
    4.993884
    4.893682
    4.994177
    4.886379
    5.003463
    4.994289
    4.893585
    4.893696
    4.994049
    4.993029
    4.992841
    5.000641
    4.993274
    4.893585
    4.994289
    4.982750
    4.989594
    5.000641
    4.998070
    4.886379
    4.992153
    5.000635
    4.893501
    4.992304
    4.993377
    4.994253
    4.999050
    4.993745
    4.993843
    4.894224
    4.894135
    4.893858
    4.994203
    4.894000
    4.893084
    4.993528
    4.894802
    4.992584
    4.993856
    4.993518
    4.994203
    4.894932
    4.893633
    4.993902
    4.994687
    4.994057
    4.993215
    4.992709
    4.894289
    4.993205
    4.993106
    4.992845
    4.894350
    4.994511
    4.894071
    4.993621
    4.993641
    4.894335
    4.992375
    4.995145
    4.895738
    4.996653
    4.985676
    4.993880
    4.995928
    4.893554
    4.994919
    4.894875
    4.893556
    4.997389
    5.000000
    4.988551
    4.990205
    4.996235
    4.883229
    4.894126
    4.990205
    4.895610
    4.994169
    4.895859
    4.993874
    4.894885
    4.995474
    4.993662
    4.894289
    4.993245
    4.993531
    4.992179
    4.894126
    4.993771
    4.894144
    4.893625
    4.993245
    4.993754
    4.992841
    4.993029
    4.994049
    4.893381
    4.993598
    4.993902
    4.893633
    4.993232
    4.894802
    4.993582
    4.894976
    4.993528
    4.994109
    4.894569
    4.893554
    4.894266
    4.994556
    4.993975
    4.994057
    4.994177
    4.993029
    4.994228
    4.993518
    4.993598
    4.994427
    4.993322
    4.894000
    4.894135
    4.993274
    4.992187
    4.995163
    4.992153
    4.992304
    4.999050
    4.993880
    4.994366
    4.993232
    4.993856
    4.893084
    4.994294
    4.994406
    4.992584
    4.994366
    4.999050
    4.993880
    4.993352
    4.993854
    4.993245
    4.893661
    4.994308
    4.994322
    4.994427
    4.895179
    4.993949
    4.994923
    4.995042
    4.993494
    4.993880
    4.994366
    4.883229
    4.893554
    4.994253
    4.994381
    4.893084
    4.992192
    4.997552
    4.989637
    4.993300
    4.996603
    4.994322
    4.994308
    4.992584
    4.893661
    4.902137
    4.894802
    4.993641
    4.893674
    4.894335
    4.893689
    4.994511
    4.894289
    4.993354
    4.895610
    4.997364
    4.995403
    4.893501
    4.894144
    4.893625
    4.996235
    4.994145
    4.993090
    4.893356
    4.897112
    4.992783
    4.994102
    4.993504
    4.894875
    4.995928
    4.992829
    4.893556
    4.993975
    4.900111
    4.994919
    4.993528
    4.894135
    4.992829
    4.893356
    4.992845
    4.993504
    4.994923
    4.992829
    4.993494
    4.993943
    4.994049
    4.992375
    4.998070
    4.992179
    4.994289
    4.893696
    4.982750
    4.993106
    4.994919
    4.894802
    4.993975
    4.993582
    4.994556
    4.995390
    4.894976
    4.993200
    4.900111
    4.995952
    4.994486
    4.894569
    4.994359
    4.893390
    4.993961
    4.993722
    4.993716
    4.992862
    4.994511
    4.992783
    4.992829
    4.894335
    4.894369
    4.992862
    4.994450
    4.994486
    4.995047
    4.993961
    4.993200
    4.994556
    4.993716
    4.900111
    4.993504
    4.993949
    4.993975
    4.994254
    4.991459
    4.995952
    4.997552
    4.994347
    4.993132
    4.989637
    5.000641
    4.988613
    4.993716
    4.900111
    4.997389
    4.993856
    4.993106
    4.993089
    4.894335
    4.994511
    4.894350
    4.893356
    4.992829
    4.992709
    4.992584
    4.996603
    4.992716
    4.997552
    5.000641
    4.902137
    4.992912
    4.990909
    4.993106
    4.994511
    4.994102
    4.894071
    4.994145
    4.897112
    4.992205
    4.993518
    4.893633
    4.993641
    4.894289
    4.893744
    4.994169
    4.993392
    4.893381
    4.993029
    4.994137
    4.994173
    4.994486
    4.994406
    4.999050
    4.994366
    4.994253
    4.992179
    4.993948
    4.995952
    4.997552
    4.993902
    4.992829
    4.994486
    4.993884
    4.992829
    4.894569
    4.994219
    4.993392
    4.894335
    4.894289
    4.895859
    4.893392
    4.893674
    4.993494
    4.992192
    4.994322
    4.993089
    4.994099
    4.993856
    4.992716
    4.893084
    4.902137
    4.992912
    4.993854
    4.993348
    4.993300
    4.893392
    4.995163
    4.999050
    4.994366
    4.993412
    4.998350
    4.988375
    4.992593
    4.894289
    4.990221
    4.994137
    4.894071
    4.994102
    4.994511
    4.997824
    4.992783
    4.993975
    4.994556
    4.893556
    4.993494
    4.994381
    4.894266
    4.994109
    4.993504
    4.995928
    4.993949
    4.893554
    4.895179
    4.994254
    4.994427
    4.993322
    4.895179
    4.993949
    4.896303
    4.894135
    4.895884
    4.994102
    4.992829
    4.894335
    4.894289
    4.894071
    4.993300
    4.992192
    4.894000
    4.994322
    4.993089
    4.993843
    4.994406
    4.994294
    4.993943
    4.993245
    4.992179
    4.989594
    4.994231
    4.994260
    4.893993
    4.998070
    4.982750
    4.992375
    4.992231
    4.993089
    4.992709
    4.993518
    4.994203
    4.993854
    4.994427
    4.994322
    4.993504
    4.994254
    4.993975
    4.895179
    4.994556
    4.993494
    4.894135
    4.992304
    4.997364
    4.993245
    4.900111
    4.994919
    4.993351
    4.993716
    4.988551
    4.993722
    5.000000
    4.993781
    4.993245
    4.893696
    4.994049
    4.993854
    4.993352
    4.994173
    4.993352
    4.982750
    4.992192
    4.993089
    4.993106
    4.994173
    4.893252
    4.994381
    4.993745
    4.995145
    4.993232
    4.893633
    4.893993
    4.894860
    4.994791
    4.991459
    4.993200
    4.996235
    4.993701
    4.994173
    4.991837
    4.997824
    4.993351
    5.000000
    4.893233
    4.994483
    4.990205
    4.996235
    4.991837
    4.894569
    4.994486
    4.994483
    4.893233
    4.893674
    4.995976
    4.996235
    4.883229
    4.993412
    4.992744
    4.993200
    4.994173
    4.894135
    4.994099
    4.893323
    4.993348
    4.993854
    4.993776
    4.992304
    4.995403
    4.994260
    4.895610
    4.893501
    4.997307
    4.893993
    4.994254
    4.994427
    4.893661
    4.994308
    4.992192
    4.993089
    4.902137
    4.994231
    4.999050
    4.994260
    4.982750
    4.993662
    4.893744
    4.894289
    4.893556
    4.995928
    4.994381
    4.994109
    4.994057
    4.902137
    4.997552
    4.994231
    4.893661
    4.893323
    4.994427
    4.902137
    4.992912
    4.993348
    4.978101
    4.999050
    4.995163
    4.992153
    4.992304
    4.893633
    4.993518
    4.994228
    4.992829
    4.993902
    4.993884
    4.994254
    4.993322
    4.894135
    4.994433
    4.993132
    4.894377
    4.993776
    4.993771
    4.995952
    4.893323
    4.996093
    4.992593
    4.893633
    4.993874
    4.895024
    4.993996
    4.893696
    4.995474
    4.992829
    4.894135
    4.993322
    4.993961
    4.991459
    4.893985
    4.995952
    4.994433
    4.996772
    4.996093
    4.993771
    4.997552
    4.994347
    4.993701
    4.993029
    4.993274
    4.982750
    4.993322
    4.994231
    4.893993
    4.895884
    4.993701
    4.996235
    4.994406
    4.994486
    4.992783
    4.992304
    4.992179
    4.994057
    4.993518
    4.994109
    4.894224
    4.993215
    4.893858
    4.893689
    4.994450
    4.994406
    4.992593
    4.995474
    4.994556
    4.993494
    4.995002
    4.893661
    4.896303
    4.894266
    4.995952
    4.894569
    4.994308
    4.995145
    4.894266
    4.993494
    4.994381
    4.895738
    4.993745
    4.994109
    4.994260
    4.994145
    4.897112
    4.995928
    4.994381
    4.993106
    4.993621
    4.894071
    4.994049
    4.982750
    4.993504
    4.993716
    4.994556
    4.900111
    4.893556
    4.894135
    4.994427
    4.993232
    4.993884
    4.893633
    4.997824
    4.993701
    4.994260
    4.894071
    4.994406
    4.997307
    4.982750
    4.993701
    4.994260
    4.895884
    4.994347
    4.993245
    4.894569
    4.992783
    4.992829
    4.993232
    4.895738
    4.996093
    4.902137
    4.994109
    4.993494
    4.995928
    4.994145
    4.993745
    4.995145
    4.993232
    4.993518
    4.894932
    4.993232
    4.993902
    4.994228
    4.992593
    4.993245
    4.992179
    4.994049
    4.993948
    4.992179
    4.893858
    4.992709
    4.993106
    4.993089
    4.993902
    4.993884
    4.894335
    4.994169
    4.993662
    4.994173
    4.990221
    4.996166
    4.993274
    4.995928
    4.893556
    4.993716
    4.988551
    4.993504
    4.992783
    4.993722
    4.893696
    4.992192
    4.994761
    4.994450
    4.893661
    4.994347
    4.994308
    4.995952
    4.902137
    4.996093
    4.894266
    4.993582
    4.993200
    4.997307
    4.994433
    4.995145
    4.995952
    4.993722
    4.900111
    4.993961
    4.893556
    4.993504
    4.993351
    4.895738
    4.995145
    4.992593
    4.992783
    4.997824
    5.000000
    4.883229
    4.994049
    4.993948
    4.993106
    4.993902
    4.993884
    4.994427
    4.893661
    4.895884
    4.895024
    4.999050
    4.994173
    4.895738
    4.994433
    4.994308
    4.993745
    4.894266
    4.893661
    4.897112
    4.994260
    4.995928
    4.993494
    4.993745
    4.893392
    4.894335
    4.992783
    4.992829
    4.994102
    4.996772
    4.993582
    4.895738
    4.996093
    4.993200
    4.993701
    4.992709
    4.894569
    4.994427
    4.994347
    4.994308
    4.895884
    4.994173
    4.895738
    4.996093
    4.992783
    4.894071
    4.993504
    4.995928
    4.996166
    4.992783
    4.993660
    4.992783
    4.894135
    4.895884
    4.893392
    4.994483
    4.894335
    4.894350
    4.993504
    4.993494
    4.992304
    4.894350
    4.993948
    4.993793
    4.993215
    4.993745
    4.993504
    4.994308
    4.897112
    4.997824
    5.000000
    4.883229
    4.993621
    4.994049
    4.994173
    4.996093
    4.999050
    4.994260
    4.992709
    4.993948
    4.993621
    4.996093
    4.992593
    4.993948
    4.993948
    4.993412
    4.994169
    4.993660
    4.992829
    4.994260
    4.997824
    4.978101
    4.883229
    5.001477
    4.990205
    4.994260
    4.997307
    4.993902
    4.894569
    4.978101
    5.001477
    4.993412
    4.894569
    4.993504
    4.991459
    4.992192
    4.992709
    4.894335
    4.993106
    4.993215
    4.993948
    4.993745
    4.993089
    4.994308
    4.993528
    4.895738
    4.993215
    4.992709
    4.993106
    4.994169
    4.993106
    4.992709
    4.992709
    4.994308
    4.993504
    4.993215
    4.994253
    4.993232
    4.993660
    4.990221
    4.994968
    4.982750
    4.893689
    4.994366
    4.994322
    4.996603
    4.985676
    4.893985
    4.893689
    4.993621
    4.994347
    4.893556
    4.993722
    4.997364
    4.990909
    4.994102
    4.992829
    4.993602
    4.995002
    4.994366
    4.992593
    4.997824
    4.993621
    4.992231
    4.893696
    4.994509
    4.994169
    4.997824
    4.993621
    4.992805
    4.993684
    4.893696
    4.993245
    4.894071
    4.997112
    4.895738
    4.896303
    4.893689
    4.992375
    4.893744
    4.894369
    4.998090
    4.993245
    4.991837
    4.993902
    4.893993
    4.994366
    4.993701
    4.993884
    4.992709
    4.893390
    4.994102
    4.894875
    4.897112
    4.996093
    4.995952
    4.992845
    4.994289
    4.995682
    4.993667
    4.993494
    4.893674
    4.993621
    4.990205
    4.995145
    4.894135
    4.994381
    4.993274
    4.993089
    4.992375
    4.997824
    4.893356
    4.993621
    4.993641
    4.893661
    4.994137
    4.994875
    4.993684
    4.994169
    4.994169
    4.894932
    4.992783
    4.997824
    4.994450
    4.993352
    4.897112
    4.992700
    4.993621
    4.993722
    4.895024
    4.994099
    4.994169
    4.993132
    4.995952
    4.893993
    4.996772
    4.896303
    4.992709
    4.993518
    4.893696
    4.897112
    5.000635
    4.993641
    4.893674
    4.994177
    4.996166
    4.994169
    4.897112
    4.996603
    4.995084
    4.991837
    4.992375
    4.993793
    4.994406
    4.992375
    4.993662
    5.000738
    4.993793
    4.994109
    4.993392
    4.994923
    4.895179
    4.994294
    4.993300
    4.894377
    4.994253
    4.996235
    4.886379
    4.991530
    4.993723
    4.894887
    4.994087
    4.989594
    4.893661
    4.997552
    4.994231
    4.993902
    4.893585
    4.993884
    4.994173
    4.993232
    4.990221
    4.994137
    4.893556
    4.992584
    4.894071
    4.883229
    4.994761
    4.894144
    4.994145
    4.992304
    4.993352
    4.993621
    4.894144
    4.998090
    4.993884
    4.992829
    4.993518
    4.993352
    4.994556
    4.993701
    4.994102
    4.992829
    4.896303
    4.988375
    4.893392
    4.994347
    4.994486
    4.993975
    4.994173
    4.993491
    4.883229
    4.894266
    4.894071
    4.992829
    4.886379
    4.994308
    4.994322
    4.994624
    4.994308
    4.996772
    4.994359
    4.994294
    4.894569
    4.992375
    4.993662
    4.982750
    4.995145
    4.993771
    4.993943
    4.993352
    4.993776
    4.893896
    4.993955
    4.994231
    4.993843
    4.994955
    5.000738
    4.993745
    4.993701
    4.992744
    4.894335
    4.993352
    4.993723
    4.991837
    4.992862
    4.893381
    4.993781
    4.994450
    4.994761
    4.993528
    4.993274
    4.993667
    5.003463
    4.995403
    4.994137
    4.993943
    4.994102
    4.894289
    4.990221
    4.992829
    4.895005
    5.000000
    4.992829
    4.894860
    4.993089
    4.893985
    4.894071
    4.994169
    4.993215
    4.982750
    4.883229
    4.996603
    4.895884
    4.902137
    4.994366
    4.993232
    4.993961
    4.991459
    4.895024
    4.994027
    4.993854
    4.993245
    4.894135
    4.995474
    4.997307
    4.993854
    4.893744
    4.993800
    4.993961
    4.895738
    4.993701
    4.993245
    4.992841
    4.893674
    4.991459
    4.992179
    4.893682
    4.992231
    4.993781
    4.993884
    4.894569
    4.994049
    4.993754
    4.894212
    4.994231
    4.893896
    4.993274
    4.993215
    4.900111
    4.994791
    4.893556
    4.997824
    4.996603
    4.993662
    4.893556
    4.993975
    4.994450
    4.993205
    4.993975
    4.993090
    4.993621
    4.993949
    4.993701
    4.992214
    4.894135
    5.000000
    4.992862
    4.995047
    4.993771
    4.993902
    4.993943
