vertices 2039
     0 3.24897033608944 6.37076028048283 4.44439972938720
     3 2.71922731187876 5.75997735750399 5.12932012070843
     5 3.32210364911344 5.05517365008662 4.14263810761185
     8 3.83486473985970 5.36276220939855 4.30032810416700
     9 3.84887776534135 5.58278489519620 4.21925605620198
    17 3.07700481542782 5.05533860059026 4.82935733763919
    31 3.39570247065485 6.44299369698976 6.58879783478744
    33 3.56521675373814 6.39334353746510 6.40744639039065
    46 2.54840866460589 5.65644664090994 6.82063533070861
    47 2.62124547491101 6.27686246857139 6.67660936752315
    48 3.03513567745749 6.53696387950526 6.20450502987526
    52 5.76351960731664 0.72223102471581 2.31542236448073
    55 5.74643396738527 0.58010577038735 2.73480197795776
    64 6.02604147256953 0.45324493958301 3.15507863172093
    71 6.91933222171829 0.95441425749317 2.16399357788853
    74 0.00960459282616 1.01766969193319 2.59144726811783
    77 5.98169167052819 0.30421741267225 2.93339037323909
    85 1.36959589406754 2.93984667808696 6.60775491433685
    87 1.02656119099560 3.24490683786145 6.47903344099764
    88 1.13818059572489 2.46767281672668 0.12823106616699
    91 1.45544118411785 2.65540434993287 6.32378666366218
   102 0.76595001664289 1.83269740387481 6.50139749178207
   103 1.00969777983796 1.82439366553359 6.76865703277526
   124 3.35594244096971 5.47707886556324 1.14225855035165
   125 3.30767825064311 5.59773801904138 1.14017238850742
   127 2.75510227543834 5.55039415781812 1.19033187530178
   131 2.28912915150483 5.77951794091299 0.66485835511081
   138 5.02117785645514 3.85417611058165 0.03171917718945
   141 6.17527824562845 3.30019472721893 0.37270005205522
   142 5.68049534207957 3.23715814230161 0.54855232916506
   143 5.92457243552047 3.47763417078069 0.81245629787495
   145 5.45472998724596 3.62653018614182 0.77021327903042
   146 5.69319728804423 3.99019672547602 0.83433798809093
   147 6.40042928991362 3.73562603489043 6.77936733486314
   148 5.68709552709036 3.37083257829200 0.76821501667563
   150 6.23906761648788 3.39415265891463 0.48520707938086
   151 5.89921517774081 3.91672815711647 0.85863272360747
   152 5.15549756138432 3.55657147157603 0.35994533448220
   158 6.26467514551214 3.44640919394244 6.80475256746545
   161 5.14212777490091 3.65135725525382 6.69318619761903
   162 5.19280274686399 4.06852737473641 6.75613267149779
   163 5.06923285574524 3.99828957893938 0.02996644452885
   171 2.54106025656422 0.70856173117450 0.44051052915106
   173 2.99139692631743 1.07803063200869 1.03713113245125
   174 3.25017793805202 1.23040990824954 0.38177887954619
   175 1.99400263004078 1.65699658079641 0.64018704136800
   177 3.30888324369355 1.54817453472716 0.63417398170304
   179 3.07573697166756 0.94233513664343 0.55924829985003
   180 3.12510570662849 1.47194222462537 1.02044331944337
   181 2.70972079754259 1.80658647099302 1.12556273554608
   185 2.32817067558111 0.82475194143992 0.18736763425325
   190 2.34338019906729 2.10107665969996 0.67500377957135
   191 2.62456132333951 2.08142834528939 0.90016763394574
   194 2.43908398381067 2.14281228340414 0.54088782926132
   197 2.46515666448128 1.88514985198667 0.05219891380481
   202 4.75798699541522 3.48560261506437 1.57272810876145
   229 4.68293060226797 2.12699468946237 1.58019474492632
   232 4.41677829047891 1.94243707129466 1.70516847210864
   238 3.50429730834066 2.62365492911954 1.47708719014718
   240 3.59586045311221 2.93159105894641 2.00095701232276
   241 3.89636702223700 3.33495990882922 1.83401617109435
   243 3.71844563629507 2.10902344045927 1.65652003128488
   260 6.37971598339897 2.04331055556967 5.09346179575298
   266 5.86638085063807 1.55801315882131 5.03403201678879
   274 6.52669326639318 0.62849189604829 5.26948749983288
   284 4.31418836872463 6.21255384933033 5.33163039543348
   285 4.24631886214564 5.97379029777689 5.66073782768033
   289 3.76964721430322 5.04847627471962 5.26538839249493
   295 2.21398060740038 2.67064113611904 5.04385310472508
   297 1.57268335476497 2.80696609878445 5.58566290840891
   298 2.26477557066692 2.81906815018486 4.74003838460374
   299 1.87305350823647 3.02171203739267 5.52176922447930
   300 1.26231313373886 3.19552918725311 5.55454619501567
   304 1.74758493683306 3.31682854507638 5.48246327364770
   306 1.24501155713731 3.01572937816539 5.56580263216915
   308 1.77456775155048 3.51285382455230 5.13419715335883
   312 2.03429595478341 3.32217581006694 4.69684833031356
   320 3.68036324481582 2.24366452507516 0.07786208837602
   321 4.37161801854676 3.10679210951025 0.54828362061929
   322 4.09263555371463 2.14803334991191 6.88514163724066
   324 3.65577584347005 2.73179274660315 0.16865014342977
   330 3.97545526179025 2.93646626462267 0.07309255239640
   332 4.26910144368322 2.65809712198938 6.83160599505208
   347 4.03077811431020 6.72615906848788 3.60935630222765
   358 4.93298501675301 6.94480521032063 4.44058360057253
   362 4.58009194968962 1.60568709487112 0.40935957358847
   365 4.51259182852829 1.08569605105181 1.61049280750231
   375 4.31093000656015 1.26461416441654 0.57458002880992
   378 4.24216202045007 1.10910671853995 1.36463679971006
   389 6.27627580252132 5.38474966460984 6.45142022094034
   390 6.32110775576956 5.40336009254156 5.99360256501893
   392 6.62155522520755 5.94947500602928 5.78846892965519
   413 6.55269781031570 5.10063116463048 5.81317049249972
   419 6.47441573576789 5.03381636883864 6.65442971335310
   429 0.38529936352995 0.82837035483366 2.74370336699858
   430 0.31898440785686 1.13844109525105 1.85828294222788
   432 0.16720967899786 0.95176670022993 2.10332483375394
   438 0.87898184684012 1.78970410737337 2.73448922404713
   442 0.76757313718423 1.18283347701953 3.04595221120619
   453 6.18892522095166 0.49891232442808 1.30580031697774
   462 5.52286144474277 0.68357113189575 2.27229866246839
   469 5.03936116037089 4.75319947508125 0.77359970546090
   470 4.90723433593359 5.83809810591845 0.98800149649126
   471 4.67146087454550 5.49871556679771 0.96405133961970
   472 4.60157161895297 5.43804671012039 1.50978614738568
   476 5.45023868040613 4.57206459688256 1.19748846523578
   478 5.45975615247661 5.63824129382593 0.57415800540426
   481 5.47210226870915 4.63640092081849 0.81370479207105
   483 4.71386654782768 5.22914809816015 1.63539016360367
   484 5.67933422669427 4.75975102619572 1.44124769986448
   485 5.00761707311590 4.69205524495024 1.19401688289220
   486 4.95337196702281 5.08997439797851 0.60839666060060
   487 5.38954722088289 5.29468309876268 0.43343492752929
   488 5.75082631792893 4.98887411232542 0.60688501886427
   497 0.08563850311516 0.63120978313135 0.83321074266617
   509 6.58961997016939 1.26255327409629 0.91433189775478
   510 6.38237958405567 0.83429905024897 0.81907490863020
   514 0.77042912455005 1.54068167135621 6.08628104136998
   515 1.52792216037746 2.58814159492751 5.94336597177599
   518 1.34354802933042 1.44810798400431 6.75401270821270
   520 0.84356533371697 1.85663227823346 5.80507358368775
   531 0.44338250539812 0.74006804831686 3.60879250948233
   538 1.21453605147362 0.03481172286468 3.48379002644137
   539 0.87744803649224 0.28939093082134 3.83346188194675
   540 0.73143399381160 0.26211362033437 3.81960285641716
   544 3.08230161876639 1.79944109109036 4.92482738151435
   548 2.93949133075399 2.58759683706066 5.33861429659953
   549 2.32434754789546 1.56240474876117 4.96092560559340
   553 2.90049628062537 2.65706636425959 5.31550730493478
   554 2.81859414543721 2.62539298489028 5.35563363703028
   557 3.24827698406864 2.27381026274399 4.99536814781819
   562 2.14394385255570 1.81898859812373 5.11916474647586
   566 3.03190357727518 4.43915194189543 4.91047450626622
   568 2.67316119823472 4.53554361578145 3.64325249922220
   576 2.17800576749940 4.36227449925117 4.23544945755867
   577 3.35118673262880 4.75475426537844 3.96250560235108
   580 3.25106102518226 4.44073749641164 4.14685735176375
   585 2.99818476281835 4.65796210204532 5.04659207642027
   586 2.38745962679931 4.38371286120471 4.97899682196562
   587 2.57085150180047 4.67297817439735 5.14108493806266
   602 1.01907922399804 1.82015715789566 4.86502614336766
   606 1.38391835684199 1.22787404942009 5.20311696997069
   617 1.75880775773078 1.01290121803140 5.05169492330307
   626 1.70705061919682 3.08190241000447 0.34510650977323
   627 1.45652035154229 3.43701570945206 0.66624889593503
   629 1.72880115798296 3.55311745265929 0.99875479817902
   641 1.99452395848997 2.40429430161886 0.76221976496165
   643 1.98836244988622 2.63036533394669 0.47308490358674
   644 1.72390516651885 2.48632220229643 1.61786454628800
   647 2.35588746557726 6.55427495908123 0.43908376463238
   648 2.12861054930328 5.90347118784788 0.72898742685380
   651 1.96834502360301 5.68372753197393 0.61376202118691
   655 1.49275613506117 5.68279149806004 6.72663851977539
   657 1.63916634844921 6.57486312023359 0.34711018250380
   662 2.07302960095706 6.44452096987078 0.62076737912581
   666 3.51662945094655 2.56618049729791 5.84297642221533
   668 4.28465981450925 2.78837659872715 6.51783988048414
   671 3.56494142344840 3.13191579867431 6.24453460228801
   678 4.03542391250609 1.86381556652820 6.56995388086999
   679 3.49706553805377 2.63285504590334 5.64081935098943
   681 2.68772480119567 2.46192771586564 6.45953186998370
   684 2.73160240830391 2.91415243617680 6.62550900479358
   686 2.42673801723953 3.50245692308451 5.88515356600598
   699 2.29138182706194 3.06027342297717 5.83789370983508
   700 3.64597009970459 6.66940851138749 3.58688374642564
   719 4.32924181240346 0.21845348510673 5.47951287221395
   721 3.74446720465577 0.20619235956644 5.55476156352017
   722 4.72449457334309 6.90760582408063 5.92176535769202
   724 3.93826564483122 6.62162060041808 6.47768090688411
   736 2.91370128981073 5.76236222334854 2.22416117419282
   739 3.94603628533078 5.49733581801399 2.88457428822780
   741 3.52354528568251 5.63627994616077 2.12009506141279
   742 3.72159594450587 5.93595672979364 2.36560827579551
   763 4.52927824430482 0.37246791218423 5.32554839993378
   764 4.38215834085625 0.42714518338463 4.94948934985256
   769 4.59729992963944 1.68608759447196 0.05594745588619
   776 4.89000456599014 1.63740274194755 6.84574057333422
   782 4.76527688725316 2.95564511914894 6.35586892118382
   783 4.61717045304887 1.46903311808621 6.59965290872599
   794 1.74133453228053 3.87963045372990 2.08705707380225
   795 2.01753841248930 3.54110914829052 2.16803738107640
   796 2.83779894689493 3.90022650659321 1.57925661341390
   802 2.66825605232351 3.45069462586594 1.17046026785448
   803 2.66230926807638 4.27996530838235 1.47046482822618
   808 1.82126259297219 0.02668443309894 4.90155258352623
   809 1.63494000900975 6.33140910618695 3.70158089406862
   813 1.25450293741752 6.96408768975653 4.65802046848041
   824 3.52793834708951 1.51660418192343 1.40840757694191
   833 3.43012350655966 1.83160696792178 1.65498080220303
   835 2.86758713103949 4.66360980782454 6.07759491666067
   836 2.03785164514452 4.17312957924212 5.71573872363290
   838 2.66173765542823 4.63781119244889 6.11477804099538
   841 3.08363397756985 4.35744135059705 6.22327997224440
   843 3.30718785992838 4.47257301817739 5.27866051571728
   844 3.32864727922087 4.16128359676435 5.84727256037834
   845 3.17798410412464 4.65886385121337 5.27927305470684
   846 2.05432231014257 4.08338925488318 5.33272757289570
   848 2.06746851442245 3.83679308951761 5.87482680087385
   849 2.10738969629339 3.71020573546215 5.72761322249492
   850 2.99883222543220 3.81674840346236 5.15760862613023
   851 3.20447093320158 4.29605831853531 5.02896395593856
   852 2.41388135841054 4.64235245110476 5.84112651114518
   853 2.10402495207037 3.91164872444172 5.32277327345599
   862 3.71844334414215 5.39152872813518 1.60177537015312
   863 2.57160563748984 4.72665251725405 1.75165531217135
   865 3.69403389526791 5.09870367678238 1.88525099300815
   867 2.39442199399442 5.00432746702722 1.63017049112715
   870 2.86045918938832 4.69177801708286 1.54188705571316
   871 3.35080362056858 4.72383252232783 1.92364132218695
   872 2.58771341988257 5.20837692275959 2.49754338276375
   875 2.09815997000704 6.17527940986921 3.20123381404710
   876 2.92734351354453 0.23824902200066 3.29373639342546
   877 2.11831819739169 6.51294356345517 2.77020603107727
   885 1.72555306409554 5.59210636435175 2.56041957449561
   890 2.05784304130008 5.30958462072647 2.89957827864689
   894 1.86363346577425 6.38359539971658 2.47696270112545
   900 0.68236751752275 6.04706838485465 5.78840100030602
   901 1.19630858180103 5.37966560747449 6.26292128759139
   903 0.37312137722112 6.36615221102720 6.82674819726649
   909 1.25327203774938 5.33753744156483 6.57166341217759
   910 0.75542954689983 6.50646897197484 6.83259826650367
   911 0.80044524532105 6.64415689686473 6.44345086396418
   912 0.30938191972817 5.90487168944804 6.90660306952181
   913 0.34761691355916 6.53252294873787 6.18915777191259
   920 2.20542567543258 0.66297757093080 2.30380141385663
   923 2.65470674170280 0.49612167943311 2.12431734215270
   924 2.43029561720971 1.14768511483765 2.16110676756272
   927 2.79276536985134 0.82354577149223 2.04740532601060
   929 2.73880315685315 1.19272258842592 3.39454851518719
   940 6.19487531733201 0.02121461262281 5.46691171725929
   945 5.26125327875198 0.70795358311101 5.56369065790135
   947 6.52418160802875 0.19550908614539 5.45731083097819
   950 3.86976034417232 4.77127502828764 0.69072188651883
   958 3.47847312852985 4.60451097153178 6.64662492889923
   967 0.67883165199936 4.29902203489525 6.76415556333667
   968 0.66804517254835 3.67504296632148 5.68862168055627
   969 1.16723649036650 3.55955166499038 6.56289396533868
   971 6.89481008495286 3.96734675199002 5.97403459037238
   973 6.87225722663134 3.75873870527578 6.60126451952588
   976 0.11641969653227 3.92183289090169 6.89068143172157
   977 0.37695891259599 4.38241482118754 6.70532488908751
   978 0.07944923458806 3.51835775024566 5.90746985960489
   979 0.73994236735470 3.82635374957755 6.98039967043690
   991 6.46880292365168 2.37863122459701 4.55460436539095
   996 0.11138207040098 3.24114771043676 5.02347929436130
  1001 5.82071423468487 3.37777422837743 4.27556371840038
  1015 6.35424508309953 2.62256808904282 4.91533253154538
  1020 2.92469651334671 0.75802880041741 1.49799269036936
  1021 2.41740355879576 6.82127955029647 0.88581464902807
  1022 2.86111769200957 6.89752420906054 1.59639806857676
  1035 2.65986118550504 0.29408912386361 0.31377324747301
  1036 2.55295937054899 6.81005570793081 0.64754068462114
  1037 2.84055003549534 6.67218988357373 1.38627351219616
  1038 2.67984548210216 0.18385935637792 1.59317463715749
  1044 5.59760465621878 1.17398599012786 3.93160145799661
  1045 6.15328957985662 0.16162766785228 4.04143182180285
  1046 5.83015016849732 0.20870090440157 3.64428562323977
  1050 6.35278423694638 0.67434774966189 4.34291022753962
  1059 1.88613697861569 0.59617746116964 2.07939279333535
  1065 1.26389088348477 5.24095138801603 4.89144863497892
  1068 1.27433642941044 5.63449189462536 4.87016661364979
  1070 1.35665356411363 5.11440740660552 4.71884481905856
  1076 0.72179966056476 5.91212775612569 4.67566195246085
  1077 0.63884110316867 5.61992790361710 3.59239924231253
  1080 0.88562041608856 6.07901664620162 4.32297449072287
  1081 0.92414664308597 5.71568299224028 4.93031517451370
  1091 5.74798202253957 5.12634269781597 5.62813977880723
  1092 5.16042974068809 4.98133827020689 5.56528456916591
  1093 6.11478355497844 5.22021924655802 4.67442463895794
  1094 5.50601754828540 5.44654015653662 5.48013015179017
  1097 5.52259339618565 5.60918326658566 5.22355334749504
  1098 5.59243816533615 4.91114625094059 5.69755769933888
  1099 6.20115052850009 4.83801582212406 5.41686162632316
  1100 5.72883525466163 4.63062715971370 5.58753426343613
  1101 5.13129813284925 5.28495753696845 5.47447264782797
  1102 6.36421757586210 4.87185238988088 5.06864922576259
  1103 5.06962784993750 4.75892563496801 5.37239450669390
  1104 5.40653079935915 4.43795557099405 5.32281093772099
  1106 6.17582559371268 4.70523250191655 5.42533868159080
  1112 3.98324575578657 5.27624830240694 1.50620016682924
  1114 4.37740535814862 6.13446431282362 0.63754891313885
  1118 4.82049249561678 6.09362625513061 0.88056697275152
  1122 4.24324472425869 6.30021682970341 0.75070303839110
  1126 4.67482034612865 0.34382464603893 0.07363322451318
  1130 4.99521582267244 0.34801891782459 0.00499726131759
  1134 5.28191985229254 0.46434895280351 0.37046508860579
  1136 4.27521135307119 6.77935555723066 0.14384655103462
  1137 4.13217402271850 6.78729144472648 0.42657283577373
  1147 6.75214167679786 6.54984502822605 4.87406283046122
  1148 6.68295745088116 6.83910360835116 4.09901872569155
  1151 6.87334535323261 6.31341541200527 4.95439307413021
  1153 0.28466965359466 6.49915700673765 3.67957420104325
  1155 0.45871486248353 6.81792776452003 4.12628832506245
  1156 0.79030356630061 6.50059165971118 4.43983099983283
  1168 0.57067355042420 2.86051753538825 2.05809124114907
  1174 6.39630156576489 2.80954047406786 2.75515818099386
  1178 6.60974079452833 2.25895551416532 1.66520311107139
  1181 6.97580824155149 2.54857122043964 1.48703022805020
  1184 0.48883304002340 2.86583729173750 1.78941709041408
  1202 5.41794933001145 1.59711473969604 4.81888707610438
  1207 1.68233568008620 3.32104615685403 6.80988882399978
  1209 2.59947830523068 2.97667163925885 0.17243858749889
  1210 2.31133425305902 2.46294510476371 0.30735982102852
  1211 2.35779096002713 2.15699997925122 6.86313711668720
  1212 6.07250510134673 6.53055740034811 5.56982946567323
  1214 5.17171816802483 0.22534048455793 6.34827648649164
  1216 5.90645914402197 6.69206071640362 6.35380764483444
  1217 5.54146565111450 6.28851258240471 5.63482898003947
  1218 6.21656984788288 6.73978391021655 5.97162214838856
  1221 5.75690646517615 0.00687627184123 6.49270239943228
  1226 6.12039120715764 6.79403365917348 5.34183843837244
  1227 3.57342760471847 0.81231926734119 5.89886925267535
  1244 4.00046380303290 4.05447973804128 2.20807073184975
  1249 5.43532021547369 4.17149120043134 2.19209769660297
  1255 4.36284101513267 4.39673845219296 1.99091820119284
  1259 1.19754011156752 4.54975919135743 5.69426718127629
  1261 1.15654776794884 4.82588133715575 5.67042775499178
  1265 1.40817394203372 5.11856344932823 5.04704186192829
  1266 1.47381194483008 4.27737554225188 5.11838182555860
  1279 0.41915528585910 3.48909988975472 2.68350585464979
  1287 3.15967783476092 3.88086712364293 2.76997074837000
  1288 3.80912209497306 3.76594394711215 3.64285432712708
  1289 3.39615369006142 4.16464882505617 2.67166281273172
  1293 3.10218785168905 4.57534309996284 2.78088206046162
  1294 3.56960436986027 3.61916772566257 3.15191512346441
  1300 3.57070201752077 4.20048037197566 4.12834107314109
  1303 3.57811795678638 4.71709414268274 3.15397690601726
  1304 5.51229624755089 4.27323707966594 1.28513588778376
  1309 6.48888631956105 4.90479988909606 0.33869390699489
  1318 6.32315810850156 5.47622873314399 2.39453335011673
  1323 0.31197573009025 5.12536513228253 1.75020567017524
  1324 0.44827490059663 5.66454386812757 2.84347429011774
  1325 0.64204036319723 5.64390360129947 2.38231224280410
  1326 6.78235398392276 5.03500126490550 1.73233633859607
  1328 0.23077621688930 5.07474885039234 2.86821500888378
  1329 6.98465956574343 6.01969414422187 2.68801995927129
  1330 0.32364141353452 5.66191001377894 1.70688780902452
  1336 0.33807184667854 5.45652371763330 2.98302247625521
  1344 6.52388299029663 2.73339614834114 0.25367626746403
  1345 6.61576583753002 2.83140963968399 6.73609884006830
  1346 6.78613144469761 3.94514073172301 0.34310748997065
  1347 0.33138449072838 2.65511843128891 0.38028154855462
  1348 6.85097376491341 2.71765822399613 0.54556850031093
  1349 0.22511292016252 3.53794664689176 0.68081615178100
  1350 6.74517829304002 3.10681207864905 0.76128660115045
  1352 2.06817175151096 6.52819086126678 0.81990424477479
  1357 0.67336887710192 5.91575065752639 1.07438467074428
  1361 1.52145922309482 6.66340409178125 0.44234542186778
  1362 1.22606100230500 6.45603646918382 0.38098554598827
  1364 1.70874106674452 6.70464185677886 0.89364473526133
  1375 0.08665705166995 5.98662821289251 1.00043992385190
  1380 6.99277797706229 5.74884874209775 0.66834170735534
  1386 0.90994360638897 2.31050837951876 3.63516096178189
  1391 0.51928471727587 1.72499824336989 3.01376724244134
  1401 6.21971979685946 6.20816960898164 5.45550624297630
  1405 6.35143969326715 6.53411732659343 5.02564557788613
  1406 3.60198698608880 0.97851915314047 0.24839607010781
  1409 3.70467189333049 1.02902014110507 6.81330209973254
  1416 4.30559129971067 2.52911181912156 3.30924249287555
  1419 4.29044259887558 1.98696096093566 4.39671692625559
  1421 4.78892337414660 2.00897012234501 4.15646661497525
  1424 4.84106048792276 1.51547845812166 4.00279049305314
  1430 3.96812907366757 2.33336356763272 4.15744097052929
  1439 0.01077464720039 6.83714015243761 3.01403876845431
  1440 0.79062766323315 6.52444419834670 2.06458471196626
  1445 0.38571025056581 6.75924022731934 2.14584128817469
  1446 0.04322805276837 6.54236996555675 2.24765965079458
  1447 6.85351359844391 6.64290069989048 2.77608728805936
  1448 0.02617801604904 6.62998667488300 3.18032239619134
  1449 6.84957892821428 6.46092242641335 2.91062770260422
  1450 5.73001193448251 2.37704670723606 2.96952413764800
  1457 1.42965322477517 5.44081401609769 2.52608983606626
  1459 0.63381892752021 4.30525121397130 2.19040066573225
  1460 0.57910016227245 5.50687949396103 3.15043617453716
  1461 0.54105129897357 4.31577553495246 2.24558055572397
  1466 1.37167384414646 5.39639108114518 2.31865217257379
  1472 1.89531283412134 5.04505921717036 3.01312931520354
  1481 2.29204349021793 4.85358024952987 5.96009455742995
  1484 4.63027758646278 4.48734670538852 0.41805785772324
  1489 6.04812638762409 1.55880224757058 6.47352570334487
  1493 6.71019349701471 1.88440114794935 6.47280696829156
  1496 5.98237124493289 1.21193116432306 6.57525122871729
  1499 0.26305409732344 0.89198953844607 6.74226867101269
  1502 6.54848331094915 1.79437571422309 6.67971983841335
  1504 6.06524799575625 1.61801172756985 6.17737120597813
  1508 0.27857070713346 1.56871206358213 6.58457756282437
  1510 4.43399497717339 6.94110153787126 1.40658757918119
  1511 4.61162222581732 0.14242663418261 1.71897992234145
  1517 5.85386279435727 6.33474960403975 1.93126953269524
  1525 0.06265894124884 0.00563476241374 1.72171552859965
  1527 5.86389728973271 6.13693979319588 1.53584211562834
  1528 6.71891503639771 6.45230742446440 1.22294409784355
  1529 0.07476408024602 0.00901007434677 1.50331569846423
  1530 6.43911077753018 6.83027914566485 2.19575971761966
  1532 5.44888884308551 2.61460874919437 0.82377537517763
  1544 2.96158432946938 3.50032841155194 2.24889296690518
  1549 2.39172406399280 2.31662919133107 2.04331548243567
  1559 1.77205062389936 2.33009623922221 1.76146319059933
  1563 2.30185937855530 2.27703654986970 1.76990587763685
  1566 5.09675769101516 4.79179869437293 6.54104368957184
  1570 4.92153389622722 4.37270921126315 6.63941579824577
  1571 4.56802096880364 4.52935410418338 5.96813223916990
  1577 0.88562842204000 6.13501633035524 5.39475220077760
  1580 3.64786097497715 2.24165365775619 5.17726076294751
  1582 3.47023560696214 1.22271945230015 5.72827780403340
  1587 3.68027574796934 2.50540826051865 5.56253765100155
  1616 0.96386081093459 4.29145708332330 0.61126583531650
  1617 0.83081217968485 4.72141522937714 0.10787512729154
  1619 1.76558496333913 3.77537510200529 6.66208578955013
  1622 1.56816357541846 3.54750646505105 6.79657928618619
  1624 1.99616768742552 4.52913602484596 0.22319012141594
  1639 0.72337876805044 4.05012918258429 1.65009005523331
  1642 0.37328424463289 3.64358062176578 0.88563443199746
  1656 5.83240280076004 1.99893746915711 0.69930658866370
  1657 5.70423950983129 2.06820101428779 0.89938820623836
  1663 3.69217161121522 6.80847015374252 0.36061464304622
  1666 6.09526921144088 2.93892365136620 5.88266068146158
  1667 6.08407470270923 2.85185818616246 6.02028191580904
  1668 4.75566872398491 3.42846506205910 5.87197077983300
  1671 6.04800943804640 3.39024748456675 5.83933616085523
  1674 4.70807514405065 3.33435171924969 6.30486531518426
  1676 5.73008622926518 2.75110480831169 5.68156622091148
  1677 5.35105135450239 3.07862714155907 5.46628983999009
  1698 1.42271320807509 5.03660480461882 5.96215369441887
  1699 1.60474999207273 5.90044384276944 5.30319268962268
  1701 1.83074061972803 5.48523488265956 5.53670810573971
  1702 1.81624541318520 5.44948758440928 5.69987389599381
  1703 1.27921258293014 6.20175023296467 5.56321011766376
  1717 3.63701155257798 6.37682143548517 2.39348761865310
  1719 3.48241716258519 6.78526525365830 2.10887138225080
  1722 3.82003560390144 6.03648159907835 2.28720218029859
  1723 4.22900776453269 6.65597943376532 2.58234106052831
  1724 4.28630931454679 6.07980420471505 2.42537458210796
  1725 3.85476530027016 6.71994274828016 2.56434072940125
  1732 2.33628425634375 6.05984411254370 5.29498292556733
  1736 1.88226779771093 6.13984740084105 5.16583921381430
  1742 6.89911364510709 5.86722855564650 0.51492915652236
  1751 5.36339503302600 4.63360302694172 3.25833461055529
  1762 4.88435327292682 3.63689512234741 4.16341585069468
  1765 5.10736690550436 4.76832023644782 3.53875924770951
  1769 1.82821193747585 0.70507480837946 5.36608001408878
  1772 1.36985880365100 6.90205572917171 5.35945298708930
  1789 5.35954810227097 5.17050837084038 3.32996041896165
  1792 5.12885868981692 5.06408547681269 3.53301407562700
  1795 5.36155423404481 5.68547961086880 2.80880301792387
  1797 4.28333602454803 5.38795035800330 2.97147065031666
  1798 4.83544545652107 5.68755882115383 2.58034145651560
  1800 5.25092337498897 5.21227610148733 3.75990299750537
  1804 2.74851461552196 2.00345341450815 1.36474447738002
  1806 2.47573228429281 1.95621512083072 1.71076560350158
  1809 3.00406540671742 1.86381002834084 2.29255944768751
  1810 2.61462534886685 1.95114176302847 2.10302329151718
  1815 3.01046861567725 3.36069098281460 3.88957445131301
  1822 3.57520134539610 2.17270041301318 3.54447166692080
  1835 5.49285795563582 1.86194859813758 5.76496596654331
  1843 1.91505020328383 4.85329504325300 1.56283558831516
  1854 4.18160468257994 1.04630509533369 0.38168192755658
  1855 4.93677670979568 0.50184384601933 6.70594163095633
  1861 5.76845461915453 2.51395527939005 5.26215475487145
  1862 6.31169298792726 2.50643236215371 5.10538293732999
  1867 4.66587282550733 0.82759505478945 4.49843398208456
  1883 3.37284794308110 2.14377410292118 2.53346666160022
  1884 3.51480942099557 0.55908795844279 2.83649662060079
  1885 3.80247100448228 1.74007984189533 3.11767709134425
  1891 3.92046094486338 0.91013658973323 2.94386280503470
  1894 5.10658641443461 2.12791253403844 4.40078151417090
  1895 5.18157165712438 2.61836496933571 4.70124276496942
  1900 5.05107662346183 2.22423410822195 4.76738606370816
  1901 5.22478800578644 1.92007840447814 5.02832911150385
  1904 6.28180872704231 5.46699246614708 4.58516406184085
  1912 4.46246143959392 0.84853734688438 4.85955283815867
  1913 4.67752726023510 0.79781877020633 5.39414576163043
  1915 4.64725421061817 0.98852643235633 5.11799558935395
  1924 3.41454800518014 2.74820592181721 2.48495682233377
  1926 3.64275246810511 4.09451905855531 2.08683655715114
  1927 3.52768828560150 3.86924052649770 1.94336255509021
  1938 5.71726724941097 6.19119844388088 2.44767595493701
  1939 5.77749896417462 5.83210694676462 2.58015869658342
  1964 0.19273197917236 0.86168391311438 3.90071261147062
  1965 0.67501378627520 0.19093443623208 4.05827464659696
  1971 4.78972289924702 0.19534229243104 2.64736558837829
  1973 3.81917516378888 6.93243640796803 3.04218633787698
  1989 1.43730517809141 1.89403025058302 0.71193705031710
  1996 4.09353317724046 4.94786712695182 2.98710447363439
  2000 5.88566461411037 5.59465588611908 2.34170636857561
  2003 3.03557435657624 3.09197889770672 0.38037587850223
  2008 1.52491160175303 0.65617553306651 0.19966835834307
  2014 2.31432553964482 2.39664728428933 3.20946800227560
  2024 4.28514254771879 2.74866209382402 5.09170886806781
  2025 4.06091137902011 3.44477390429631 4.92158506158287
  2027 4.29866684361826 3.61853795365204 5.61666691319636
  2029 4.24724094987767 2.79794747380300 5.24274387538495
  2030 4.04993008077080 3.29207202074198 5.28163555891484
  2031 4.53199932013343 2.66415621571489 5.14574606665924
  2032 5.04447839374260 2.83175734112342 4.79247358940201
  2034 5.38840181149244 3.28671787570364 4.79669175883150
  2035 4.85155937060915 3.49880790054534 4.48222548767402
  2038 5.30371187441247 2.94933317997136 4.91015600830088
  2043 6.06531247984548 3.71719030710707 2.97762947115751
  2045 6.10198023632849 3.28238459062569 3.11696662320958
  2057 4.45495291558842 4.90045871492621 2.24998804017546
  2058 4.10171856919882 5.17339596865677 2.83757159013338
  2062 1.54100197127718 4.88655547450395 6.58081423618856
  2063 1.51789690896462 4.17177496286249 4.08644076856341
  2071 1.43006336184677 4.31069131214382 3.83681214051135
  2074 1.27737737081956 4.05527388795281 3.58457075616172
  2084 1.45572025350244 4.48578610393907 5.97311367630550
  2085 1.57474487457607 4.81275716786971 6.11089054237910
  2094 0.18075713936554 0.43539562749745 0.30645747091316
  2096 0.67826816664130 1.16625051781837 0.18994382481226
  2097 0.45840346259754 0.81117190102341 6.93833810564581
  2100 0.50795240641379 0.03288397220836 0.41008062213807
  2104 1.22059148843060 0.90907460316496 6.94337398211409
  2106 0.90317391725981 0.21599185951808 4.12403984202025
  2109 6.73579010248650 2.57212429264892 6.42310901059335
  2110 6.53123471770246 2.72123843633304 6.64458371794787
  2111 6.30073510626853 2.31707467309014 6.97411025495907
  2114 0.12937117445260 1.81976471872115 4.45367473951472
  2118 3.83772243529458 4.60045953773597 5.29594646926534
  2119 6.32888575767497 2.38889005953126 0.25973027747147
  2120 6.23955194709315 1.91999828284359 0.83840833437525
  2121 6.80337729160854 1.67143421717294 0.44428935286530
  2122 6.50920469042741 1.42772397009798 0.69932491433662
  2123 6.55291938975775 2.14693149920852 0.56891567422498
  2127 0.64939350805582 1.96427183954816 4.93563402108013
  2135 0.47674286487239 1.99139645266270 5.41172480461685
  2141 0.40069557247716 2.42967500587642 5.50416197890433
  2143 0.59548016383194 0.78923893331333 5.03546326349559
  2146 5.48874401435924 5.90169853765873 0.28877791538198
  2153 5.52770356383797 4.88774325763925 3.15899298097363
  2160 6.27244633574093 5.23496757025752 3.66874049104204
  2161 6.59736640849754 4.85453539232703 3.92845471147851
  2162 0.23505440648140 4.71244355570472 4.01795195657390
  2171 6.73948001983983 2.59163006969332 1.09953176064463
  2173 6.85348515708878 2.47692651856693 0.71596185712075
  2178 5.66325224445019 5.87167893743409 5.50586319370441
  2180 5.90528710935823 5.38273032632466 5.91491198594925
  2182 0.45863407994331 1.54631919435019 0.05713775608743
  2186 0.28128722151285 3.83023477410263 2.65778110797413
  2192 0.19464409637234 3.93943529048546 2.99201076876895
  2203 3.54732730086223 0.72426640074516 3.91352732252612
  2207 4.34328434586964 3.65962728046292 0.52498333023481
  2218 3.94886250887278 4.17696886197030 4.76070694588346
  2221 4.32108459759434 4.81939291020583 4.72288226857424
  2222 4.60251682376940 4.39983850208870 5.72019230708806
  2223 4.22046027420143 4.41895984836765 4.42615044842559
  2225 4.22124478224973 4.31814685077094 5.58782471097338
  2227 3.99754443102271 4.51389611167548 5.15831997587408
  2229 2.43181691830933 3.61051046654545 4.59831724136674
  2230 3.19026369867121 3.49171094615130 5.01348237959362
  2237 0.78208914606913 6.75492368941373 0.18701847652566
  2238 4.66796574580570 2.19572517611841 4.99109217696378
  2251 0.65695707308410 1.38528898846357 0.19212733720358
  2253 5.51456752215813 4.77478811183483 6.48124446180848
  2259 3.63359388395220 3.58011552423841 4.72546869729755
  2260 3.66328935228996 4.08209918380442 4.65926282812235
  2262 3.59612969239123 4.36267546646537 1.82644740964990
  2264 3.69680701520242 4.19642194432330 1.05978031886196
  2265 3.42481043160729 4.18178451005770 1.54602294091379
  2266 2.87955535716832 4.46880465266670 1.41500118450633
  2268 0.58019571939636 0.67693973407809 4.99105781080110
  2269 4.28116483177868 2.06989576947592 4.80614236973780
  2283 6.53605995926865 4.59607504814381 4.12651533678161
  2285 6.91150272490816 4.47087113996528 4.97222573733801
  2288 1.33069121076372 1.40856756727831 6.83847207030457
  2289 6.50226215838246 4.12776378113756 6.01733971289380
  2297 3.01433947092423 3.33784766925900 0.51432107394288
  2298 3.10416586494107 3.28611756855881 0.88280133746019
  2306 3.75714734246089 3.85028518095715 0.94888924650074
  2308 0.88870987131604 0.36022787364418 6.34506906643606
  2312 3.39493418295043 4.00238721957297 1.58559935429523
  2313 3.63703289532891 3.66792050342378 1.14515545539931
  2337 5.27133929917031 1.78450550334964 0.99158707201268
  2366 2.75588396506828 1.03515570619723 1.11709109088988
  2401 0.65473267995631 4.37214633459778 1.02971113295069
  2402 0.33049239678269 4.00113077861739 1.08822493284789
  2425 2.44626074578142 5.81534439095486 5.43986663724968
  2428 4.33489495912512 4.53397741794110 2.70747275942573
  2430 4.50878892777946 4.64599077834819 2.31674152770514
  2436 1.83592747353917 0.03904548511006 5.05259268658473
  2455 3.06353157159559 5.44385600985685 3.49382704491496
  2460 5.49065713906493 3.94426306819614 2.34985161927911
  2461 6.05884135432603 3.74816020977819 2.61374570228406
  2463 4.81146382767365 4.91119597230346 6.02134818507163
  2464 6.12100350612828 0.78786092538101 1.14679641977450
  2466 5.25326166334183 1.34662887391775 4.22728581756097
  2467 5.42332598134305 1.67312439782139 4.44599697694987
  2486 5.03373679724485 6.11530762097888 3.97918797039893
  2487 4.89479785664394 6.39810869488083 4.35944021068563
  2493 2.29475968171977 6.71957491699598 0.08325116995354
  2495 2.14982925271421 5.59818908259129 0.56459501798953
  2501 0.67506811500132 5.38763544325806 6.17844596190587
  2502 0.50865043089710 5.78506532615937 5.87833817930365
  2505 6.53422599520450 3.11931654657658 3.82015330830949
  2506 6.61173283330192 3.21283240948927 3.43865474579126
  2507 3.19442113869757 0.82532637702647 1.37962109711898
  2513 3.40185489727664 0.25170102551656 6.85711955568094
  2517 1.96526616740799 3.38182303817639 2.46343774268726
  2531 1.51747270187200 3.89477253984944 6.27577276663167
  2533 1.34031023795033 4.27873991737111 6.24843919553789
  2540 3.04620621149611 1.74349320878643 3.21777506764509
  2541 2.97637731904128 1.92053053018799 3.05086868121963
  2546 6.46613625055792 0.22833575105348 3.98878301892284
  2548 6.59934857564988 0.49380890044759 4.16223595929336
  2561 4.23893949343893 3.71779700180522 4.94244416030793
  2584 4.08177878910753 6.34320195834892 6.46170579593123
  2586 5.97729991236365 6.11689811977009 1.71145303571280
  2587 5.99770591093150 5.75738652382320 1.80848344734741
  2588 3.39109289352358 1.72980275132370 2.08824982773497
  2612 0.38787127142778 3.39848404857218 3.12381439503218
  2620 0.79163978730792 4.73072300330106 1.97695305877031
  2621 1.34924037130019 4.92516634245008 2.15365719898654
  2624 5.96326893000861 1.05988089055082 6.34030816686454
  2632 4.55375713259204 6.93521425752967 1.10955818172174
  2645 1.36089780597492 1.76374905325554 1.57207911566748
  2652 1.10870054744708 2.28741450796487 3.71287679607156
  2664 0.47539265170298 6.78795431906019 0.38078635167955
  2670 2.50169662321543 0.66615685713005 6.40229806531794
  2683 3.97956777678298 3.69462399573149 5.94015066703017
  2692 5.47687602582909 3.44644760519144 5.47845961010168
  2694 5.49232539023076 3.57905277170047 5.13249913688716
  2701 3.26664950856124 2.50291934640521 4.51327590181659
  2704 3.83379635665395 5.43490339447381 4.60944358933872
  2709 3.17195052103232 1.21618669499020 6.29953678447680
  2714 2.27592932503748 0.26172122374201 1.07720252354712
  2716 0.73942166348509 5.81815287837830 1.26155459003959
  2732 0.76074565386417 4.30792146164531 5.78888495690222
  2733 0.68139216267789 4.19244554051330 5.67589322844353
  2738 0.08221613901519 4.42382439578424 4.23095070946523
  2739 0.20180699688338 4.34508468530428 4.64261594527593
  2740 6.84642464387208 6.88014484538358 0.06073446984771
  2745 3.44979780664760 1.09563964388765 2.05597024099262
  2753 5.66711322365185 1.83422697257604 2.43697874006986
  2756 6.35913272197691 1.00071582735440 6.94235145065503
  2758 6.52938057924036 1.85135258257731 6.13021351774682
  2759 6.59666750021984 2.57782168497915 6.10189336434382
  2763 5.08878692132151 0.88234399070692 6.58107444576300
  2778 1.07487996217947 0.39495050173845 4.48641031442596
  2779 0.34971113727379 2.28299096537799 2.64433633732940
  2780 0.54399243065059 2.29987657797710 2.30513525280087
  2795 2.74706446272019 6.95926816061591 5.13066811325242
  2796 2.80792831389552 0.05765412645682 4.66574097008025
  2800 0.56644877108873 1.84386993466379 6.65674472066435
  2802 0.63648129075217 1.84232716952996 6.84741835532888
  2803 0.86561728275751 0.57249497997833 5.87676882796554
  2812 0.64449500430526 4.92557681138545 1.33683162752561
  2815 0.38648517656940 1.69188531493509 4.73868771835942
  2821 3.89259703769488 6.47942116599030 5.14282581384202
  2822 3.99941570061694 0.12028433652047 5.27748110755668
  2826 3.52718529857713 1.23168880802162 4.35358060240738
  2827 0.79674385296529 5.32368214601929 4.97820726525283
  2832 6.58159244872507 6.70876939324728 4.15591517601284
  2833 1.30108173503598 2.20139897786983 4.72855924837847
  2834 1.42154223221422 2.20968529411626 4.49128989269451
  2845 0.54317842417847 5.34793224104254 6.54993555286002
  2846 0.19858755780364 5.79919507568329 6.71401903451308
  2854 1.18441820750751 6.12366159045191 5.93574445022223
  2855 1.42701018126897 5.76111738176633 6.13585939349692
  2858 0.36896956798989 6.54793794081988 3.35319490392255
  2860 1.35304448454798 3.36943568627484 4.46926789776898
  2866 0.96206275000019 1.82802251127322 6.86661082821084
  2867 1.04040006140510 1.63991290111421 0.01957144122076
  2870 3.08767200981078 4.87577973821937 3.65936928801591
  2871 3.31484583060503 4.84501707360920 3.10845660039951
  2874 1.92826083144891 6.77322870169720 6.97282904651950
  2878 3.69896775078344 6.15874497084173 6.39136371736105
  2881 4.08205846886453 5.17982323363254 4.21286477103249
  2882 0.23028246998022 3.13520565536334 6.27630981738234
  2883 0.11165957389484 2.79413056635773 6.20836924342002
  2886 0.76996849531579 6.21517936747872 1.03785931002214
  2888 4.68041276284412 3.23008156969059 4.46544814668116
  2889 4.21159114163908 3.16263916649169 4.71093859137587
  2891 6.81644703662641 1.94286204227155 1.84052228879770
  2898 3.96169359367387 4.38636729766306 1.07473358153057
  2901 5.90081560059385 0.07758575063617 0.04045055948879
  2904 5.19216940932719 1.07657643132379 4.86444952722980
  2915 3.49542195038385 1.41807118979268 5.12783184177973
  2916 3.68025980490836 1.15464512990099 4.78971703566160
  2921 4.44181483746991 1.04061514495261 0.75851903170792
  2930 5.92277218543485 1.73456949504001 4.25678655254609
  2933 5.43307360863627 0.47595368929057 6.11784737823872
  2941 6.43278991538252 4.89417765016522 3.46816755489704
  2942 6.25695372819677 4.70537967149171 3.29769099977432
  2966 5.58849412133257 2.74611580400890 2.98834502082714
  2967 0.48126733367426 0.22896141216738 1.15881987790060
  2968 0.39905596672608 6.91833209718050 1.31798987568992
  2969 5.23257293857258 3.80251350229246 6.56856647158749
  2980 2.93981616442969 2.93105383593373 3.71392170837389
  2981 2.54083993773523 2.91422127750595 3.48017397010698
  2982 5.71991600964081 5.03553417524977 6.70080446666148
  2989 4.19371677459215 3.48448816846908 6.43146115121093
  2992 6.22710499550757 3.98819149871121 6.52780769137904
  2994 2.72192369152136 5.29233569815266 2.55889159593291
  2997 5.96285718770018 2.22736263673417 4.01439284673795
  2999 5.60604386194499 5.66154035480205 5.68165039220374
  3001 3.62218036340094 6.12536674821230 0.86287768696184
  3002 6.49288742853051 5.42541177888299 4.08542722271753
  3003 6.39380336257139 5.17532475375104 4.00393386339275
  3004 1.46950471278249 4.73266032372163 6.68501595079045
  3005 1.00897396043581 4.84945892201487 0.07514800373505
  3016 2.69201507299654 5.25591782777360 4.83219036588199
  3017 2.41828231755778 5.00367580380459 5.00730388769307
  3020 2.55801783647942 4.22454616970520 4.85981417679203
  3021 2.53451597915587 3.94660900413515 4.96485225371140
  3026 4.02423490334009 2.59420878745098 3.47315473649347
  3027 4.19293601279737 2.66228007509106 3.76519727169583
  3036 1.80075446968784 0.30607095109228 6.44459051048232
  3048 3.05798051831357 6.55473075733420 6.44586627268077
  3053 3.47200330839690 5.81577518447611 0.75742159341864
  3055 1.16019342369268 6.78759425370218 4.41372627178494
  3058 6.47735432391635 0.31623254187119 1.09874072586577
  3059 6.58585728599088 0.56873180084567 0.79365646623416
  3064 6.77950620425892 1.48608332136732 6.96288157061837
  3065 0.23601556446190 1.40903319287040 6.81895910812607
  3068 2.11241764982779 5.41479017250670 5.68882965129917
  3069 2.11624678186358 5.44371319961488 5.55844711059763
  3070 2.07855465491211 0.92500305702681 0.31271798643239
  3071 1.99512921465460 1.39161985343659 0.17897805204636
  3073 4.28309743068262 3.42920339980308 2.66129850662622
  3079 0.93454645298564 2.39606317909419 3.36011438725738
  3084 3.58285752758613 3.37567071299580 4.42610051062596
  3085 3.96950087812314 3.07011442036240 4.42252726153814
  3094 1.47887695805168 3.79579508782155 1.60646454781076
  3097 5.27185558222010 2.01861962811658 6.66673982548552
  3098 5.54420804490977 1.85246992084553 6.80376623558745
  3101 5.27798807320701 3.85147253281955 5.15159348716020
  3102 4.75717668205214 3.73676158761367 4.64862782487261
  3113 5.73568792583961 2.22189201949440 0.01118460192849
  3114 5.84564714761620 2.31661756899521 0.37892875367801
  3127 3.52986157533951 5.75442916201565 3.95721802412696
  3128 5.04518823430574 6.32641863096476 4.54746135080361
  3134 6.04201489060188 3.41801816481052 2.44334312767826
  3135 6.07008304801052 3.09239252077544 2.86062377532062
  3136 6.86995453181186 6.23951707163394 0.64896521858377
  3137 0.16647535584596 6.61899304106466 0.21119883269483
  3145 2.20636256572246 5.18892278616679 0.70667489364031
  3147 0.96551815968635 3.77386989141195 1.75504219500721
  3153 4.28772757833922 5.08494174556978 4.64808971133810
  3154 6.39105417898541 0.18301577829247 2.68926380457266
  3155 6.44691516128819 6.81942967143829 2.61403062258118
  3157 5.97353035864162 5.77969060307422 4.71176956962339
  3162 1.49616943240276 6.60409548839325 5.54660942892947
  3164 3.26815682937182 2.09490397903030 3.03479603169018
  3165 3.38954172554503 1.96195894965032 3.19857309798955
  3166 0.54604878044213 1.49732033312399 4.62663108907220
  3167 0.49044624138303 0.83291171439017 4.98843761510040
  3174 4.88877170782500 4.91833976652984 4.83546952349195
  3180 4.94519008778168 5.91165103675071 6.61257589417801
  3185 5.40781659516315 3.45415593676701 3.57882723235745
  3187 3.02549684624929 2.38828927805327 6.41388107518681
  3189 0.93005962503769 3.19213906717985 6.16224872664589
  3190 1.02310240752060 3.43429341722395 5.95988060432054
  3191 6.61960541404136 1.69013859259052 5.89118077545567
  3192 6.77183604288232 1.98948832635725 5.50156571555758
  3194 5.40774481406838 0.56224105778365 2.57219337380613
  3199 3.01256245715338 3.59780480537705 5.56656153521165
  3203 0.48404771482885 3.65332347867814 0.01609315526480
  3211 1.22880694290779 3.76449359467244 6.27213972174717
  3212 1.07792264016651 4.15922546857951 6.24737925778915
  3215 1.28282205097087 4.37245899247270 4.52172492045475
  3217 5.63129369079311 4.24454716591088 0.56836000118239
  3218 6.01597494456951 4.36281976913328 0.28418607147360
  3223 0.32901038341616 3.86067956084066 1.35460685538528
  3226 3.09220662945335 4.99288747783937 2.57580717698588
  3227 3.31453904183909 4.98682452952921 3.04125370769464
  3229 2.29251458437915 3.65538603915712 3.16473112714056
  3234 0.99576342311677 6.04427258022642 1.54004572487917
  3235 6.37491850552024 6.86116746097489 0.29996334270527
  3239 6.31957180551990 2.49266492388396 2.77815475425220
  3241 0.55285027483958 1.77378985713444 3.67250923884594
  3251 2.23760456010966 2.37874112689378 3.31469212753080
  3263 2.27721081166536 1.49848889111141 1.57460015585961
  3268 3.53494227118434 5.41546179778165 0.85366749795916
  3269 3.88221180125187 5.25553357183260 0.91443168250706
  3272 0.56877446684700 3.54251052527598 0.69181799304431
  3281 5.50733175716085 2.71125148955764 0.57958820574663
  3282 0.82580308691280 0.82804844526765 5.78879110247181
  3287 3.67193182675149 0.00587675220146 2.26293937125756
  3289 3.43776757969010 0.54851571862970 2.57224181007632
  3293 1.70409617103075 2.38004604354943 2.00330763202474
  3296 2.82899255103820 5.45534590112706 3.77884006703668
  3300 5.88361910589453 2.70793093475438 4.16849847518662
  3301 5.92959505224927 3.06493000302875 3.98258735304586
  3302 5.42030473238826 3.63480923271080 3.95933288951426
  3312 2.54317068917844 4.83415313026148 6.22618953978145
  3319 1.45758423280754 0.59893381707206 0.73458954121658
  3322 0.09563735943553 1.43840546601155 1.59640060997493
  3331 2.50011478056946 0.04968720506780 4.44196476520619
  3333 4.75676007588402 2.48438986854492 1.83480973620000
  3334 2.70495271976952 4.84614701987390 2.42422354640421
  3335 3.04058918349483 4.83057513891893 2.51339664077050
  3336 1.82061448335243 6.56846201833277 5.34007052505752
  3341 4.16828603481659 3.10428404565214 3.99315575205556
  3342 1.00683429313576 2.97462562898486 5.21410864150164
  3348 6.87036663154018 5.76342095842995 1.59508920428138
  3349 6.60683759403297 5.43721052670969 1.63625863813352
  3355 0.18455787359246 2.34614302584929 0.67435762332207
  3356 0.17573024301225 1.71711254315368 0.49639847083902
  3361 3.20029624036852 1.40364802226952 6.05368556275825
  3362 3.18715578375675 6.71430467121429 0.78854372333157
  3363 3.40829186263350 6.40474890339291 0.62240143916407
  3366 6.11580027204848 3.65559761649272 4.38479086161571
  3374 5.95749977708799 3.43305180687609 6.54849892588387
  3376 6.02495715432287 2.96699351838106 6.35505472343291
  3378 5.74034409087122 6.82238075824859 1.15052463136455
  3386 0.29254287326954 6.99039645082855 2.98443311167276
  3387 0.17311807010085 0.57269636508241 3.06498986659723
  3395 5.43169884449198 2.78479874627649 4.84360815685533
  3396 4.37595248806256 3.80550239759894 5.50250220160404
  3398 4.41959387041163 1.50681267201305 6.75915296187035
  3399 4.20430908695238 1.09999257378819 6.86702285812777
  3400 0.58794422685719 5.87524550953545 3.79336036610050
  3401 0.43997001013411 5.69347937185450 3.80473237971477
  3406 2.38520443475034 0.75206924886361 0.76156592379842
  3407 2.12809249331917 0.89352188823578 0.72806803226219
  3410 1.84130581936032 0.94886424776523 2.04994205442107
  3413 6.10948306784577 6.54211327713531 2.81730925594678
  3415 6.82544695720554 0.85992958240779 3.81212350584785
  3416 4.00391652649547 0.27235980804449 4.97618800348718
  3417 3.93781640881940 6.94375048142253 4.61042328711088
  3431 6.34764963167910 6.22015668572707 5.15039738709821
  3432 4.49685054645843 6.34275347768174 4.34009165002823
  3437 4.71355086908413 4.99915028156056 0.32425855639372
  3438 6.43133005415445 0.80495217359598 4.86059254248882
  3439 6.70432124791390 0.68625260543862 5.06944571737020
  3442 3.51886722707673 3.21324408964341 5.56064801549560
  3443 3.19170596098380 3.31041608619838 5.38848844094116
  3444 6.58953253103996 6.24960511560461 1.65908989861713
  3445 6.79200830568618 6.66452995540619 1.99715135438166
  3446 5.40700733427135 0.80965402990957 6.18798212980397
  3447 5.31583732652308 0.96286063787109 5.91165366754840
  3450 6.90286851706761 6.56066275420176 3.70107055886001
  3452 3.89869639564045 1.79539456353105 3.24050633629240
  3457 5.15417292172083 0.12478121028354 2.54512786691762
  3464 3.30305989719829 1.18724562737841 5.39284939677578
  3467 0.92019150621802 5.72278031116965 2.39463476632642
  3468 0.75531678528467 6.03502308951913 2.07157843487109
  3469 0.35555849690193 3.58867671068932 1.28180628650600
  3474 0.98229152424455 2.62270514758432 4.74694194223349
  3475 1.16640599072943 0.02244785531794 4.27103140690350
  3476 1.45678791210703 6.89222742546212 3.67653594912045
  3488 1.57191166579754 4.07683305430465 3.17054206781447
  3492 5.72063629344382 5.55857881003549 4.83550550251772
  3494 4.65380848510721 4.27981417145903 0.01767901587962
  3498 2.10339047236415 2.58540384234573 4.44401257079276
  3503 3.34986470643955 6.89458404973927 3.51565493249355
  3509 1.81729868287495 2.92303422812987 3.74717423582333
  3510 1.83199180156519 6.50327622107305 6.48731043265657
  3513 1.53958037389558 3.46017445006731 1.41151938016752
  3515 6.15450689898519 0.84631579746930 0.41200482907704
  3516 6.16425126891804 0.98868943797143 0.34175337610600
  3518 3.35274664340049 0.88563234534537 4.22380567468090
  3519 3.97567999933226 3.18879710290565 6.53780184588734
  3520 3.84051044243138 3.22887373792424 6.87688370207618
  3521 6.44762203612595 5.64300085189164 1.84259046503577
  3522 6.72341707594669 5.91532020883496 1.76885493769596
  3527 2.48866278527443 3.72101822519203 2.19469065877473
  3528 2.67522330404711 3.61811177606787 2.00080612773736
  3533 0.83184579925486 3.46004732345246 2.47412943359993
  3543 3.63080082053822 5.93478587306834 5.93646408914074
  3548 3.17531086027879 3.71142566673153 5.84931613101513
  3549 3.53867732229822 3.42236232089471 5.88019258881689
  3550 2.18998672973183 1.00667462894660 2.28418516414008
  3552 4.72583387272138 5.43499685131831 6.67162669479003
  3553 4.98733408124432 5.16794801189850 6.88375520224886
  3554 2.44143332086878 1.44069516933267 1.20129057824982
  3555 2.08678464438375 1.33585951447281 0.95660453717690
  3564 4.07410698205617 0.44152008739124 0.82454600954048
  3566 4.34161747045794 0.80266786380406 0.60850560878611
  3568 0.17937583636194 3.16531153338986 6.48398577423055
  3571 4.23200835806444 5.45496757940414 0.68488514849274
  3572 4.37330790092655 5.13630370975093 0.32781563361091
  3578 2.99288914085937 6.86250246787676 3.46477587066831
  3580 4.67285960867185 5.98173601657104 2.06345925464962
  3585 2.23570224252383 1.52831253964989 6.93032942626126
  3589 3.25793597546818 6.65877743530630 4.31675804150111
  3591 3.60019357996957 0.05748397178499 4.37266122309505
  3600 4.12251942282596 1.39938353978427 4.33930853685214
  3601 1.93795358687060 2.20405287453965 4.93160560948724
  3602 1.67123529039073 2.19911942880145 5.06798499236719
  3603 2.24023756808469 5.46615278525470 0.04758404162287
  3606 4.07492604606070 5.28671883268208 4.82901734720587
  3608 2.00761006704500 1.64377251705388 6.63299935137401
  3610 0.19612112884652 4.89179248636125 6.61002466741341
  3611 3.94849310929161 6.84981783021889 6.75062682954328
  3612 3.65905640153840 6.85426112631367 6.87719548327104
  3617 1.72555385420127 6.91528849477171 4.91229253999447
  3618 1.73286626999022 6.91892424976908 5.07293878416685
  3620 1.66989109645540 5.98511947530902 2.73309327323834
  3622 5.21239316194047 0.01589639745082 6.95380449681338
  3623 5.33523700491854 6.98451997256514 6.51626186632054
  3628 2.94988979137633 3.16500189862045 2.50165726471501
  3629 2.92195538643715 3.51548793422650 2.42737039870048
  3642 0.62372221760747 1.53402718506822 2.88599249360263
  3643 0.21216839011038 1.02822773262584 2.57070528691453
  3644 2.49909837075014 3.09863722610330 2.71391604428206
  3645 2.59638923148440 2.80498821441490 3.22767683188048
  3649 5.18486526479184 6.25416151187245 0.37872206393611
  3650 3.01787514364957 0.16003199445000 6.64173594684326
  3651 2.94648102532242 0.40801366308001 6.31537222357632
  3653 4.41643632327747 6.42827552301107 1.32404555019284
  3658 4.50518565421530 2.60247531397856 3.65081300728127
  3664 0.30539705594953 4.83076627394548 2.24469935019791
  3665 0.47462998619615 4.98977326858867 2.07474817862207
  3679 4.44379064774712 3.51938082699155 0.61415769922789
  3688 6.74894221074218 5.60531048893327 4.82878535296238
  3690 5.18835626039998 6.77884100735642 4.72687447665619
  3691 5.70604101175926 6.97251975633817 4.75554959436783
  3695 6.09181473447226 4.72626676804030 0.25449141579516
  3696 6.05595022244797 4.75869628397071 6.90330269880109
  3701 2.86364329667745 0.85822057042963 3.60006115131897
  3704 0.64029521237045 2.83261817406011 3.47141861654639
  3712 3.09888860319093 2.27850701278483 6.13650039585927
  3713 3.39800619122908 1.80188394045802 6.20908102635244
  3716 4.50213322451939 6.43782926037231 1.10818695375119
  3717 4.83742403180665 6.23122800623169 1.05180390975212
  3719 3.05129887346018 6.65238258460694 4.38970553904883
  3720 5.42731547717939 5.01207527245896 4.32417240855998
  3721 6.06758857811495 5.03373294908205 4.46908941495299
  3736 1.36107328610929 2.58889614574541 6.93790943273251
  3737 1.57156518265087 2.69615395660815 0.29749480136565
  3740 5.40733996917703 6.83145707017076 0.88633263123026
  3742 1.94786850658558 0.32854964145166 1.15662227056985
  3743 1.84126843342724 0.73098940947361 0.93199687450237
  3748 5.11708339966798 0.46697477904910 1.56235904948443
  3749 5.38474345125199 0.30186392359803 1.88178478050119
  3750 3.80207529532550 1.12797186433997 3.19477150160858
  3752 1.16563802531233 1.94720781375125 1.19558679674406
  3753 1.24537166554038 1.74342220839354 0.97989502298857
  3755 1.27536582895938 6.41505500160195 6.22984857501935
  3759 4.24045738782257 0.71782821951322 1.88947775816606
  3761 4.32632778368426 0.34014192234982 1.89220849670287
  3764 6.16661946562856 4.74544367180259 4.54890073986657
  3766 4.86410545580809 4.01940584359353 1.50758624194741
  3768 0.26092488504056 6.07539106004325 5.91667983864181
  3769 0.38207530742621 6.22268842941777 5.85887250357264
  3775 4.04694281460476 1.24752068843629 4.77351755521149
  3777 3.71379916762614 0.89708341582749 2.22261759039231
  3779 3.51679722219466 1.04485004302629 1.63043781047843
  3784 4.70936329053344 4.18589615659250 0.10309508172273
  3785 4.63001408410680 3.94264711690953 0.10589150227169
  3788 5.38070063652718 4.03316427504364 2.01542281551685
  3792 4.83325889031669 6.23123831311184 1.92146942590338
  3796 2.34440722910974 3.43472750911649 3.51208353710966
  3799 1.97356736116402 6.42460223499928 3.56182614465901
  3800 0.23183478014839 6.95416853930697 6.00292481985518
  3801 0.67173932322349 0.45437119361220 6.16425629732819
  3802 6.66407022825868 5.59051014393501 6.85962521495865
  3803 6.63539696167939 5.10321822123539 6.81511997147360
  3804 1.83467388969074 1.59245213930544 3.59489493566158
  3806 5.52947066294039 6.74812538903103 0.47464422181378
  3807 5.47666149297674 0.06696155816796 0.21251475789070
  3818 4.18914829812174 3.81268039789290 6.81216131413775
  3819 3.94024837335090 3.59132249905686 0.04571055496977
  3820 1.47855802558552 1.45527842836856 1.49566604474022
  3822 1.45590239159708 1.37955125015026 1.23695660746820
  3828 3.18852324481448 1.81892020745488 0.46653130080528
  3829 2.72446068955036 2.13679295453995 0.71949262525877
  3831 5.09419607165077 2.51069624038686 2.46519432058764
  3841 4.63282581520376 4.33256958606697 1.37861327188113
  3842 4.29847989663384 4.22496828597915 0.97979020777389
  3843 2.64968229833758 5.19063651197175 1.18493655231344
  3844 2.83643452705847 5.06486887855956 1.15537294240707
  3848 0.05937158491683 1.25553902579227 0.98910654071907
  3852 1.32582659274432 0.94296742202366 3.31456623291868
  3853 1.70994877327313 1.11056798764213 3.46376442499004
  3854 3.49616968128961 6.82763909838727 3.75769947167138
  3855 3.70730038829572 0.12636711332057 4.04240902057718
  3863 3.10938345989405 3.15428509160879 4.43513945905281
  3865 2.95075734471975 3.21055642913958 4.64483725811046
  3866 2.75804948603883 6.88349095541076 1.82370072471954
  3871 6.78526663047207 2.59866471427932 3.76636049121390
  3873 5.81931680819814 6.17765137145414 3.94254696683073
  3876 0.90559379835646 4.98281365091592 0.07606492510028
  3886 5.69113806305888 5.78189050727550 6.65436826141803
  3887 5.92578160884466 5.37514974391395 6.45162353785621
  3888 4.65792468470031 1.13722904170553 6.47150058619659
  3893 6.78630649823282 3.62148653242198 3.44752023095108
  3894 3.09568028591438 0.96336333039402 2.25709483717261
  3895 3.34151499818821 0.57044348534088 2.58742558537038
  3903 6.45870535484035 5.72433430270285 6.65735903161142
  3906 3.51086036326679 4.50097375985442 6.85313064810113
  3910 0.31077703303979 0.76629918303660 6.33309431238300
  3911 1.90861212558721 2.21464649773398 4.60464685069743
  3915 0.15498722718317 1.76826923806688 5.40775070566265
  3922 5.54121962357277 5.60502182517194 3.43176640488030
  3923 5.48513949148519 5.30886638408265 3.51027255118269
  3924 2.50908170543300 4.58248022090936 2.58122424762418
  3929 2.96533849260917 1.29704676803972 3.12644808334632
  3931 1.26805241049996 5.85674342124319 0.01194936873319
  3933 1.35451440025085 5.87842756610973 0.24880571661034
  3934 1.03115412483263 6.89789286092595 5.15767866637240
  3936 0.68295021221922 0.24385315593406 5.36249828931280
  3942 5.90613734623617 1.72029009096235 5.22862033773854
  3943 5.59668111831246 1.98763658277239 5.31715654870546
  3945 1.07771557166878 0.94428241596855 0.97742738584889
  3946 4.32185940356147 0.20160734924225 0.72258664804779
  3947 4.58813329359078 0.48244362104280 0.50884490282367
  3950 3.66067358743539 0.73358285695198 6.57208270309267
  3951 3.37688342377831 0.82243472221449 6.25274602871793
  3952 1.47958003869406 6.71123469468502 6.07983455859438
  3953 1.77749914741342 6.74515065664118 6.22623252580472
  3955 0.36789153651274 1.47815269673699 4.05827533955051
  3956 4.59414817249153 6.24902016809354 3.25541904341618
  3958 4.47706501677182 5.82837771257991 2.77184933943394
  3961 1.21063331953235 0.65664063550204 6.78940298844879
  3966 4.28610672884488 5.41754219551647 6.91786497175211
  3967 2.37911797407697 3.22125875377332 6.33635839259076
  3975 4.56112157440165 0.02459914271444 2.25310547810964
  3976 4.75168585557969 6.91621654393885 2.03557911354242
  3981 1.50181720662553 4.54230996394888 2.51376473975483
  3985 3.73050502281092 2.74969893611189 2.25011959352823
  3991 4.19220071341378 4.79078492179664 0.34039166241969
  3992 4.58001967971325 4.57381548906183 0.32901976517350
  3995 2.23643242363965 1.01236242281336 3.19079584272032
  3996 2.20644455843784 1.18768165435637 2.53266013363887
  4003 2.70653266709491 4.17259907158443 6.37571721449123
  4005 1.24619739436720 0.16505999366325 4.48941758847905
  4006 3.58984394168706 5.27497075231655 2.24972229650673
  4007 3.90331098724328 5.26991804583126 2.80650200874927
  4008 1.23777654181857 6.19578890355881 6.94403262141788
  4009 1.34304549658757 6.29719724031013 0.23463685232397
  4010 6.41246457570311 4.03185100578985 2.57557019039087
  4011 6.53869043213448 4.10312716713561 2.96616443770847
  4012 4.01033594503881 1.11544418274181 2.49681893231798
  4013 4.31756286903954 1.03968125351735 2.37514981468412
  4015 4.41465064675998 1.18976625427707 4.15891494170036
  4024 5.26575314949733 6.07251931262971 3.83712595135599
  4026 0.54401207562658 6.79854131281911 3.27527614878327
  4027 0.88893069438096 6.71990169917335 3.14640173173816
  4029 5.60764369259219 3.88986977982718 3.21305636580628
  4030 1.80145856695496 1.32151096849761 1.48764195243981
  4031 1.77350378725676 1.24927262425400 1.21521658867450
  4032 4.21920052020463 6.91058889991562 3.22987332027050
  4034 4.40703075464720 6.77558295968365 3.08464052248917
  4041 1.28955941469771 2.53905545950730 0.43386777794118
  4043 1.46645859341942 2.20699325144503 0.77202648468086
  4044 1.11234183640807 0.53367415816078 5.93135386279121
  4054 0.71077382514039 2.06333449685714 2.89659804083626
  4055 2.38440727768163 3.40667783195310 2.68847064863252
  4056 2.65065719779789 3.63906139022950 2.49100398879995
  4057 4.13244754624465 3.73834280037394 2.87458391764918
  4059 3.71282118435903 3.75595250412158 3.13573328644717
  4062 0.89369544016006 4.41586560395771 1.33409157439638
  4063 0.88469306643906 4.71897521980668 1.48140331399752
  4071 3.82405491762083 2.56692889364498 4.48596621905890
  4072 4.01391580728905 2.40144307084295 4.88601783793134
  4073 0.24492919503396 3.68362446514621 3.25268014960554
  4076 0.73664377584830 2.94635297411560 2.04389039775570
  4077 4.95954971044987 1.02024132562548 1.50993919238768
  4080 5.46505361394763 4.34181609285098 5.05177027765200
  4082 3.37176285383977 5.79942904966253 1.39446178090049
  4085 5.21393782983224 5.86064524158208 2.76160477696189
  4088 1.43750424757275 2.38208966939612 6.69150505297757
  4089 2.06269783019673 2.06340787365421 6.60936157202430
  4097 5.86729733035659 0.29917576351934 6.23777047408678
  4099 3.93889058759025 0.77896380321560 1.57456621824549
  4103 2.65071576721544 0.13488910163053 2.76307737553063
  4104 2.87118996750697 0.25522171774033 2.38544034448040
  4105 3.56482668243596 5.37046661867345 6.43154293500100
  4106 3.55919789177884 5.54959328591531 5.94712990670423
  4114 2.14085224107505 5.50539999742818 3.18990545706734
  4116 4.51314815048606 1.91572101054937 0.14586039607825
  4119 1.48501797444455 5.05902831380044 2.81874000061773
  4120 1.51925193950676 4.58848210059941 2.65558676831356
  4121 2.48866620190992 6.39781472686400 2.02300353311378
  4123 1.90616525247516 5.96866540086041 3.17586157858477
  4125 6.40800696773188 3.97714877035293 3.13752792987503
  4129 2.99140907039281 5.26595990460859 3.80510426403043
  4130 3.00445709244076 5.39147138062250 3.74442748769520
  4131 4.92480605364268 2.48488864507203 0.85853210343908
  4133 6.91800173377722 5.32123054211633 5.54807807278482
  4134 6.88659718020852 5.19879538993412 5.17204100578075
  4136 3.87870854649532 4.18584459711796 5.94275319670061
  4137 6.00416893361631 6.46028994601207 3.81463702950498
  4138 6.20632590799670 6.77730527287602 4.15502615767105
  4145 5.73851364562875 0.19882367575220 1.35407928042400
  4146 5.71921235752626 0.14707209499631 1.71280045850148
  4147 0.00727496997643 6.25326168953829 0.93619485671794
  4148 0.38720426458971 6.50927736081217 0.94029583187416
  4149 5.66466984559249 6.32527684749549 1.57411269937513
  4150 5.67870400203908 6.43410812183493 1.81789420505686
  4151 0.90042492468221 5.31996693646933 6.81518671924522
  4152 0.88811366464117 5.55392137879053 0.02322821406709
  4153 5.99444319596216 6.64938411557308 4.56416891458020
  4154 5.74289868626590 6.16221137871513 4.35740518485653
  4155 2.50190225030554 1.25722860129274 6.86852302858933
  4156 2.57107951181300 1.07350445151222 6.39535914065801
  4160 5.12966758982644 0.96134441395145 4.52900854728896
  4162 4.21865089502284 5.50769435810219 2.98306314065183
  4165 1.71612451932510 2.87406194845333 4.17326666818513
  4166 1.69100511521742 3.30084186322906 4.33424776553682
  4173 0.86052314378802 2.22202603433339 6.06666088078007
  4174 0.64153733544271 2.53349356651117 5.93319399760109
  4178 3.56470628963027 5.68661258810653 0.67244530452971
  4180 6.36381155341297 6.26370514682285 3.06210969573716
  4183 0.52753796952668 3.22551073590440 6.76103386261775
  4184 0.51236510451090 2.71677788386567 0.19816893828013
  4187 2.13455280394858 2.17092607847441 6.29222087573897
  4188 1.69619250604749 2.61646072398637 6.14636443255410
  4191 0.85605878759002 0.38882899873463 1.25521102668486
  4192 1.39849842091521 6.96219209515629 1.65968981953567
  4193 2.64028429084453 6.70558299282253 4.13781241461381
  4194 2.41693781581484 6.32725313775954 4.06614060409867
  4197 3.28033663350270 6.20201864623876 5.01382576929496
  4198 1.06428592238792 2.78126870550222 4.39122042534917
  4199 1.29534185796512 2.58313844282073 4.23986075625469
  4201 4.64531846805106 1.39552856892560 1.82470035689792
  4202 4.55342350396008 1.37919700238727 2.28846396431675
  4204 3.66697076224389 4.61223941436061 6.62018977578630
  4205 3.97617993642866 4.35781453042094 6.22225814720306
  4208 5.80001012858657 2.89241859605785 4.60671655855882
  4209 5.77428423173024 3.26483226540297 4.57524347189144
  4210 5.64002688418335 3.15075066447219 3.53934856872671
  4211 5.42348273518321 2.86647531758801 3.42516773986444
  4215 2.28484523247910 2.68325874950016 3.62031001434869
  4217 4.23282110954844 3.78396203201636 0.86025478364438
  4218 0.15825679309187 1.05343155098495 5.18726969058853
  4219 0.13954176778905 1.57732245756342 4.98275550898008
  4226 6.25921655119844 2.20842651944926 2.36200016481276
  4227 6.28186029964107 2.43207672435236 2.01987953587188
  4230 5.97294984779684 4.36018699734241 6.84871729721041
  4231 5.68801626310176 4.29191791023630 6.64584705730271
  4236 2.60730263576016 0.15698769302562 1.75752949063208
  4237 6.18035130615647 2.47617106921779 4.15404067156130
  4238 6.69084154899398 2.68483784849236 3.92624963000220
  4239 4.37178035043484 5.41464324373419 3.89551134183065
  4240 4.45460713598806 5.14660774178850 3.46488962798049
  4241 3.40158442276610 0.62028294896975 0.44954203944900
  4243 3.60127224270788 0.37914726818305 0.71326643318451
  4244 5.69345239777810 4.24218681279086 3.46071219637063
  4247 5.91725120555801 4.35233958988749 4.87647046472172
  4248 5.91300171504658 4.50810975929612 4.54420751311428
  4250 3.86650206462010 1.36861106273911 4.14563206530093
  4251 5.00105616440232 5.47865019953492 4.04145569926294
  4254 0.51922304610792 3.85248041849704 3.60749412066009
  4259 2.38677601628589 6.39499148173870 3.77630243056928
  4260 2.60682240387345 6.77146523547466 3.86944947850132
  4262 3.85584794928605 5.14069479940659 6.47263765440620
  4264 2.53889826922821 1.02929071134225 5.28076469739179
  4265 1.69416346476135 1.53615324960721 2.68004420050133
  4267 4.80489814877784 3.69268640668083 1.33749441267016
  4268 4.35833016436942 3.61820102784204 0.94516180649649
  4269 5.56769624390268 2.99233902972809 1.13552666630962
  4273 1.67689960796226 5.02119784344482 1.69233118427422
  4275 0.34646107866641 4.42811412760941 4.72186001363089
  4278 0.32306900642971 1.56073711710769 0.71883504179516
  4279 0.62662002323065 1.37036757257360 0.54597982208123
  4280 1.98133777128971 4.30848980990095 2.06789762418838
  4282 2.04739350357759 4.50106151198520 1.66800862190971
  4285 6.78639060820550 1.50672723772071 1.68969714403405
  4286 6.61699444679202 0.90848571887520 5.79978386431426
  4288 3.30287589410491 0.34124037107380 0.31117135315268
  4289 3.47087721258750 0.11421415515927 0.53504323917150
  4290 6.27555268123771 4.57365134809616 5.13389027610790
  4291 6.37328771642608 4.72265663031057 5.00272541903028
  4292 5.12739638123723 6.02201322505476 4.00726051513319
  4293 5.27611911011228 6.06388769483196 4.38472731005261
  4294 0.76301218699374 1.09925046178828 3.51031127389690
  4296 0.64343426010923 1.55251635768656 3.82149091453109
  4297 6.82011192308130 5.91095146063167 5.63976213845843
  4298 6.68902333270352 6.08978494430459 5.13721449708216
  4302 6.20995805445076 5.98006834165020 0.51871121611196
  4308 5.12440365647056 1.42424630208235 0.65462397853486
  4310 5.36003172158700 5.32699277950177 0.00637780871151
  4311 5.41105585788709 5.71488613349708 6.91514658293575
  4315 2.04454059593741 6.35032948054468 2.06958028560256
  4316 1.49176649429681 6.86004487538707 1.86676474607318
  4319 2.30912538731965 4.30295111700437 2.11120928616129
  4320 2.41193419981280 4.48249051719080 1.74345721536531
  4326 1.10744263443996 2.39839691046401 3.28537244750915
  4330 4.90173996389603 1.33956885953014 2.48642497232175
  4332 5.33755379586441 0.41160799354345 1.18631226350730
  4337 4.81698207454634 1.88307088656227 5.25369243432478
  4339 4.62366562972211 5.89370668986050 1.75192873182377
  4343 2.96043198061618 5.10690644265166 6.25920291329356
  4344 2.00614678775384 4.70633835891381 2.92240893030169
  4345 2.06442712109289 4.51662060202184 3.20173747148372
  4347 5.48642209573227 6.25630469423969 2.48682389317999
  4349 1.49243218951572 3.58234487966092 3.41909676815347
  4354 3.87101378272002 6.42165123403600 4.86955011653468
  4355 4.18919607424024 6.11537057883257 4.73674524148831
  4359 0.24110279930374 0.92558444996689 0.92307500161186
  4360 0.63811553772418 1.20331467203052 0.56004309600807
  4365 5.15706852861129 4.52033778047328 2.44676617765913
  4369 3.99050859786863 4.10988820465997 2.62869780972470
  4370 3.61966579491704 4.16097378268659 2.82812710331016
  4373 0.42554740161727 3.47133045753071 0.55938455931464
  4374 0.47467464693296 2.76315787321295 0.37916073369558
  4378 2.94527743341586 6.86012462709115 2.14064892745701
  4379 2.42001375406670 4.16116193092610 4.27674367918981
  4382 0.76517542079648 3.28842702212078 3.37539862521905
  4384 0.26899385020331 5.01966141675172 5.11242891937914
  4385 0.19987861331673 4.56719734372655 5.03357929350876
  4386 1.54673408931646 4.52518958905472 4.80792521456986
  4387 1.50017442547422 4.99384114705344 4.85288451096825
  4389 1.85110629205391 3.16496915993801 1.63606918033300
  4390 1.60405679365644 2.71586360286144 1.74775777184648
  4391 4.73389112684665 6.08045204213453 1.64435741800511
  4392 4.96987307562279 6.01456581506785 1.39302320265396
  4393 5.68985771564096 1.98858211992768 2.40618512299579
  4394 5.51573914209682 2.08932550379914 2.63776567194258
  4398 6.34467564425588 4.27231478547233 3.95862276002836
  4399 6.17272826520565 4.33520390946024 3.44830448890280
  4406 3.52077325862528 0.40377372326530 1.23146086603165
  4409 4.11418840921821 5.71679586555996 0.54642434604320
  4410 4.15613302690287 5.69634482226879 0.00456441314972
  4411 5.14909887099821 0.50461561861975 0.63764010301082
  4412 5.19132960221072 0.21937868737692 0.95655701048688
  4413 1.38574177547531 0.36808178505652 0.79273137830385
  4414 1.67110288252382 0.11246702199724 1.07264602269664
  4416 3.59792518486669 2.14941006565774 0.43547932676574
  4418 6.79147250262422 3.86366948706911 2.30349134125732
  4420 5.90548032279306 2.43153511609262 1.76083875921101
  4421 1.83484031148112 3.37775580255292 3.71237988260572
  4422 1.77164709171025 3.54837826514081 4.05955971850421
  4423 2.74814298453115 5.60415781641059 3.45157951809584
  4424 2.61488958650891 6.03871475520603 3.30171268993242
  4426 6.25829149516863 4.12764947310052 0.45481592655075
  4427 6.42582687895555 3.84401976242025 0.27571892706887
  4429 1.27480741735729 2.23448035506840 1.13271702528282
  4431 1.59439424898712 2.62258789256658 2.03909268507815
  4436 5.08622616465897 3.06269504243780 1.55621782553834
  4437 5.31786669088351 2.98925224882925 1.82764876923839
  4438 2.68354179569141 3.64477017258262 3.80319843659866
  4439 2.36100781860439 3.79588144247384 4.23011824623597
  4442 4.18482483371841 4.54500726085163 5.95252907648753
  4443 4.07606421309984 4.39468603745031 5.71193893926293
  4446 2.64788280424082 3.47371213878256 0.48170636551544
  4447 2.37853313750059 4.91942065524147 0.35445851943867
  4449 2.16826379022601 4.59546775141753 0.19524366502350
  4450 2.96101632710412 3.69813569621055 6.15322451490366
  4451 2.92044399456187 4.12908910685166 6.36778310633085
  4452 1.57728264086642 1.52997347845697 2.91152875404751
  4453 1.80191164671227 1.25648406901311 3.36466226236630
  4454 4.04725844851149 0.66966443835659 1.83707572534765
  4455 4.07670156872117 0.34596890970851 1.83043322448747
  4456 4.77246324627600 3.66364832893843 1.82296683835586
  4457 4.84166283554013 3.97888964074555 1.74978031490276
  4458 5.32288916463374 6.43304500616939 2.07823227368280
  4459 5.13103708612978 6.96562070436664 2.13814168021877
  4460 4.73847937029797 5.62436845860300 1.61721225833569
  4461 4.98869751664519 5.90041832308261 1.36539964194283
  4463 5.28588321525814 3.33541855153257 0.24854212173916
  4465 2.63312625379558 5.99709919474709 4.21531504134171
  4471 1.33628290224483 0.15027667237669 0.38310115083743
  4472 1.49735992579868 0.49052909198240 0.08546955744236
  4473 1.35068956661709 0.57788152862813 6.34951510423781
  4474 1.15070350287499 0.41272397229151 6.19526184004636
  4475 1.58671667446760 5.91046197163406 6.44422814088368
  4476 1.49195410080289 6.25203795581163 6.49905846682505
  4477 5.91290610940911 1.20860591839932 2.18757661927644
  4480 1.15292120900300 1.09081061245743 2.96704009454913
  4481 1.39331809195142 1.48142960279407 2.80068946621660
  4482 2.25673515837136 2.94047740856892 6.09880508623237
  4483 2.54258149774575 2.43550238223082 6.23724637545052
  4484 0.59790491392507 4.38997462128482 5.79171285343901
  4485 0.53581275288078 4.29949031999979 5.70028141270867
  4486 3.48283470210025 3.69912091354734 0.09499893423360
  4488 3.36054582259471 3.74973791144222 0.30838602994820
  4491 3.26727905743542 4.08500577965336 6.97818445402940
  4492 3.17586556545670 4.08282158803196 0.18406405388393
  4495 4.37142151295917 2.05969292516800 3.11664746586336
  4497 4.49265889100055 2.06734903113789 2.73693879470951
  4498 3.30795244373190 5.72066730638334 0.01106894168948
  4499 3.63041301382239 5.73245509744979 6.71061936776878
  4500 2.54153534560035 6.01293886464863 3.20912910533730
  4501 2.52441406534565 5.62800595340157 3.19417748964231
  4503 5.88564199803172 3.35021282069379 1.92982317795032
  4505 1.95912108528298 0.27085441312686 1.72248847803571
  4506 1.50876517281515 6.99567238004987 1.82087501771060
  4509 0.82150510552191 0.01414947615760 0.20926916325296
  4510 0.89181643521947 0.49949230632413 6.74809864219401
  4511 1.64657966843928 5.51890284720012 4.24304475957473
  4512 1.52942538809476 5.49614913040245 3.86323789738044
  4514 4.49141843537912 0.21473029757591 3.25668667302068
  4515 4.63111127984845 6.97301687497682 3.09118126701166
  4517 6.77622879963021 2.93825811959088 5.14855631183299
  4519 1.06770826036648 0.97021442915107 3.60565263789271
  4522 0.12784654248664 2.98689926549584 4.97097936685947
  4524 6.80403511006094 3.21235671029000 5.17936634961169
  4525 6.72232358127381 3.30564894149166 5.60973224604096
  4526 0.56036044898194 2.72927974712957 5.09880446131298
  4531 2.65794435910956 5.93278685013426 5.01590222536939
  4532 2.46153010795987 5.83352392025626 4.41210982936964
  4538 2.93325538282254 2.61238659176311 4.21316815962331
  4541 2.73079647559008 5.30738969485909 6.76523410958556
  4542 2.77378731647068 5.16379732141198 6.30748377777521
  4546 3.50461348915762 6.39782825872655 5.34390620775560
  4548 3.41254638297868 6.84757056905461 5.63256279176753
  4550 3.54114170800035 6.72322749478983 3.40708215307932
  4553 4.35384797806899 2.42958528724900 2.27300388877206
  4566 4.10360083688740 3.31643209786753 1.93269242918154
  4567 4.24145078863743 3.58618918150201 2.12904997706041
  4569 4.87521401396477 1.83116482207894 5.81212858673510
  4572 2.24766883578115 1.25938613519829 4.93960547319456
  4575 0.72522146775805 5.79763504503357 3.63397203271959
  4577 6.24620400796544 0.02214701161248 5.84327497152265
  4579 0.19270987717774 1.61696186250373 4.04242870563036
  4580 0.22762133095896 1.82658845659694 3.82841596389295
  4581 3.14649584707322 2.95120478506314 6.62559632580919
  4582 3.31357834533761 3.18489542295902 6.52077023126808
  4593 4.07735435633156 0.05561560578411 4.00106819794944
  4594 3.04536531850989 5.27229473981672 6.85260392298609
  4595 3.21508625037827 5.13023647948071 6.54781536267086
  4596 5.32585979962705 3.38393701624984 6.80425523392051
  4599 2.92643446789869 0.99313049402717 4.09347503246464
  4600 2.49258999483602 3.16016808176032 1.49277339023914
  4605 3.62211103240199 2.08059364931793 3.85725545088743
  4606 3.64870005609153 2.15950748457633 3.55679375486732
  4607 2.47406551306916 3.56095569476583 6.09716812119949
  4608 2.35163381721788 3.74099647649070 6.17216896879604
  4612 6.17704861055062 1.20599028997671 1.44456865959837
  4613 6.42355715442172 1.43092593055679 1.30341481346346
  4614 3.03702555740293 2.79143796881228 4.47191974455796
  4615 2.86287243685972 2.90187046105165 4.70569655548256
  4617 1.54430928264324 4.99501382108437 1.41730312269136
  4618 1.65408205383578 3.77278862862835 3.14199472770914
  4619 1.53550733006359 3.60327176496788 2.73253078335635
  4627 2.65516007816805 6.05339749645857 0.34318712377526
  4629 3.18641481925198 6.04784714426666 0.43143734570489
  4630 2.39875142590446 6.96535360926825 5.32435799959485
  4631 2.21010325499881 6.60081441857208 5.49858748919765
  4633 4.60109888327152 0.17362158898678 4.46360895240207
  4634 4.24680331273226 6.92989275325088 4.34826598250946
  4637 4.68288979473371 0.69937531814591 2.79619433024604
  4638 4.42097139515425 2.75164997939158 2.88147728818404
  4639 4.53944096387908 2.41037523888645 2.58427107810205
  4641 2.43788132690019 2.44668166678543 4.13239763858719
  4642 5.68908824887535 2.61422919066767 5.88214188109092
  4644 5.55210547636624 2.02227109818118 5.94582386410926
  4646 1.87418700056666 0.28771033984147 6.84526451879239
  4647 2.35663777494527 0.38826052325603 3.85829109633191
  4648 2.59757518283194 0.57058645047544 3.53208230031304
  4649 3.72176028633495 4.52285973134035 6.79840300835067
  4650 4.11835173271534 4.17054145672787 6.70842102450790
  4651 1.15981486212498 2.66606205010632 2.28030834416974
  4654 0.41884426716795 2.63486922301991 0.17821251280483
  4660 0.81400336968896 2.05225751608588 2.82993215455213
  4661 0.81859426722935 2.17296472128862 2.42485290189484
  4663 2.32852344651935 4.04341468145522 0.93254347248097
  4664 2.34860690620955 4.69693764835187 3.74509661767936
  4665 2.02142492656600 4.67707815303395 3.46972609473932
  4666 5.59357690443658 4.15083567118355 3.90619671065442
  4667 6.00237733595160 4.17584119128164 4.19052157285238
  4668 6.05718923919408 3.74464309423998 4.91800874118069
  4670 3.65896973480730 5.66314649676937 1.71198051103551
  4671 3.88668463108510 5.92437149576471 1.76899044058071
  4672 3.99620474232626 0.21459488173732 1.57906900334563
  4673 3.87700120855947 0.45408557893570 1.35719342076898
  4674 1.88668686579427 5.05658342693248 3.37337510859346
  4677 0.95200949948283 1.55647867999725 4.66865650872959
  4679 2.08901298599198 3.31421904427281 0.95985850471288
  4680 2.43961999837364 3.54172995790139 0.91380012609929
  4683 6.27744510358993 1.07857972078646 1.84753337269307
  4684 6.63798107162439 1.26251096392513 2.00042169846165
  4687 0.41243260186773 1.85995632837868 1.66393313649926
  4689 5.48736296143946 0.78752180053731 0.46004910920283
  4690 5.15203516337824 2.53049889705017 2.03967070788158
  4691 5.56117293052378 2.15544557374052 1.96869293576677
  4692 2.77874907894650 4.24755013949646 3.91232504608372
  4693 2.82395714796345 3.83962562309896 3.69701319961114
  4701 2.36094433839515 1.19579000039163 6.12705336499979
  4703 6.70507909327430 3.55157829177708 4.09903793537563
  4704 6.78923099592249 3.76189125885503 3.93375077213526
  4710 6.57595593376221 5.70395330307748 0.40913335234523
  4712 2.54756358442124 0.22584794261599 0.05355183019038
  4713 2.31083684703184 0.49545805205373 6.92180617708076
  4716 2.14002410460889 0.42768798957766 3.81006607199718
  4722 2.11509637617779 4.90256044668942 4.71407177120532
  4723 2.09158853915290 4.57472501370149 4.68632214899719
  4727 0.03224413702182 0.17190726704020 1.48542535419920
  4728 0.31490214587537 0.40049900464811 1.22012643623420
  4733 5.82523113564686 3.84690347456640 6.28982552418408
  4734 5.93800211518270 3.77167322685706 6.29953047415897
  4736 2.12734120082054 3.42216872878101 6.67419489756857
  4737 2.11916656730448 3.66738002588427 6.60938337973779
  4738 2.01691742872362 3.01504056231725 0.47993394073425
  4739 2.42012275422812 3.18656621184148 0.23175918043780
  4740 1.77982502767356 0.01268934658019 3.54624780796734
  4746 3.63555625075085 3.07105425679144 3.00093323984933
  4748 4.01222354654585 2.85395239771922 2.31662887928978
  4749 4.09315934249042 3.01534903873505 2.70540257656137
  4754 0.08430888334768 2.84192515251689 2.83314899918166
  4755 0.18287623607901 3.00833071430287 3.16085895111048
  4758 2.14869751268106 3.06044881576614 1.39701080268039
  4759 2.11446804632472 2.63198991767179 1.37560612689268
  4762 3.36909786771174 2.91484884560726 2.80510240300536
  4763 3.23867986712605 2.66672284342818 3.15132776347781
  4764 6.84466032180458 5.75799430010382 3.91279352403951
  4765 6.68772527738863 6.36649219796388 3.82775342747280
  4767 3.41714890354155 6.07487793004039 5.80448496810167
  4768 3.32637469470312 6.44719628723542 6.07589477401470
  4769 6.11754162957306 3.58597107472587 4.72863329759967
  4770 6.53412231533774 3.56236445442052 4.96149883772988
  4773 5.25048847273655 4.45596640598973 4.04206845248306
  4778 5.27539962391000 5.50660355686184 2.76803785888212
  4779 2.37926986258649 5.11292926728489 0.02071471671075
  4780 2.22372093438010 4.87232296013109 6.86714678391887
  4781 1.79224130393624 2.88766903940882 2.44520228207962
  4785 0.00241372535404 2.81243065402290 6.60396274941351
  4786 0.00376809961972 2.67700709704269 6.45656753562783
  4789 2.27225310670181 6.66919427029508 5.83078195497484
  4791 3.85102560606281 5.72286258204044 4.54467335113688
  4792 3.50712601807130 6.21415120187956 4.75831906977760
  4794 4.68417090233133 4.36264276677360 3.01968584815124
  4796 3.48177031027427 3.24062681849561 6.86650701912364
  4797 3.35935415165256 3.04737312649494 6.96983022699280
  4801 0.27001390362289 6.91837240095174 5.46970789900403
  4802 2.01787190780407 4.45126727737300 0.23388287561228
  4805 5.80927156635584 0.20099337377775 5.24768180233695
  4811 4.48621674306014 4.23917424154245 3.95583487690804
  4813 0.29510236866830 2.42202852494813 1.53623755902236
  4814 0.28012284307498 2.07935826316720 1.78084915871101
  4815 0.62861705634067 4.89867298009943 5.69708083557034
  4816 0.48664475984043 5.11052539926662 5.42132406489152
  4818 0.33281947206854 0.68487995227428 1.94795432188680
  4819 0.01415218404551 0.21102342307608 1.68229878913603
  4820 5.17241866143265 4.60585058839587 4.62450376716786
  4821 5.39180739695150 4.69036588109535 4.39620780589053
  4822 5.68268802626315 2.95640239204767 1.68680976003051
  4823 5.76228817633080 2.95883949167480 1.29403178907650
  4824 3.10274789910671 6.38561181424516 4.48733908016513
  4825 3.04778661532702 6.30683449220868 4.91152993427671
  4828 5.30761427531999 0.46051792100883 5.62060493309593
  4830 2.01176227752760 5.27298332241574 3.48412640264634
  4834 0.08036521348880 6.12267254011539 2.23735541464400
  4835 0.50010652114851 5.89560255211528 2.11636688119904
  4836 1.13090360021810 1.15366599986811 4.87240746237028
  4837 1.36494110116731 0.92875811269088 4.55975678416713
  4840 5.41261862635937 6.73027220600566 2.87209459015313
  4841 0.62023735898323 0.49184765674970 2.39906014650205
  4842 0.58339070335247 0.02015434172007 2.50125858536585
  4843 0.50522719764266 5.18526307788685 4.78878083086489
  4848 2.73859582164803 5.95302021013506 6.96785842765648
  4849 3.17210882695906 5.94380310240660 0.03620733164040
  4850 3.15712388220352 6.66619350457450 1.29020465736955
  4853 6.31941030131432 6.22853650831213 3.60721088203471
  4856 5.99925618274497 6.11409613145701 0.25627034258867
  4858 4.97957779798338 0.94775968062992 3.20013956411811
  4859 4.93299044875037 0.86977367887279 2.81578796316058
  4860 5.85246013368244 0.72609078825006 3.07471586367170
  4862 5.48651048618561 0.85509367995659 3.41548607985053
  4863 2.81211199248853 4.00922857775602 2.84782546149095
  4864 2.62719069746823 4.00059415583925 3.18853125546750
  4868 3.52731845073973 5.78604661362860 3.37286086604295
  4869 3.69494954453554 5.89110735245610 3.64155596854019
  4873 2.22783038249412 0.69830253447971 3.27163188776709
  4874 2.21891302656629 0.38921740515828 2.79871589458987
  4876 0.18955896745281 3.12711579679103 2.45796298800682
  4882 0.28683240815823 0.49801543961523 4.31468544832487
  4884 0.46793926171403 0.70653335935287 4.93708346864796
  4886 0.16809743844691 3.89422938059778 4.05496284177790
  4888 2.02122884939924 0.64345116237237 3.41674389972101
  4890 4.85338825250043 5.56892370775620 2.59156106305623
  4891 0.51706700310086 2.29202027736566 1.18347872521734
  4892 0.59143584730086 2.00676200354139 1.22446560954979
  4893 2.13172576091870 1.78013887229893 5.99526675423120
  4894 2.06407252437940 1.47160611682894 6.21100467964346
  4895 4.57220551764827 0.70309726553869 3.31134788967916
  4896 4.48669408857261 0.62933818399600 3.13579969389155
  4898 0.23565938576520 4.46088048573475 6.29719185363286
  4903 0.36654968351801 5.25036321719292 5.64823950764241
  4904 0.48138653787766 5.07215739389850 5.87365823062676
  4905 0.91978917043707 3.85742418361800 0.44153963807603
  4906 1.38230241330027 3.72545632383281 0.46238979710230
  4909 4.62068334355661 5.20722884840722 6.07345030083092
  4910 0.66800263772046 2.54271697561299 4.79921711842163
  4912 4.92591683275342 6.13118113248703 4.93178620651335
  4915 2.56925685032662 4.32233592200886 3.19341949407767
  4916 2.75318285742717 4.36809303872345 2.85769861902608
  4917 1.52038749033227 5.77483236184766 1.54166581659699
  4919 1.68507226743863 5.48701325585766 1.93267804824626
  4920 5.75580688074664 0.00084132321376 5.14739395584683
  4922 2.49999209712523 5.42423030492877 4.30323983885612
  4923 2.77649841659127 5.35198391577690 3.84593039099911
  4925 1.30771423901970 2.62280159281399 6.08645438231399
  4926 1.06158899337634 2.86107254942037 5.95775662526167
  4928 0.08042925058871 6.17881183111134 6.28175519515345
  4930 5.38950044561218 6.30310869954604 6.12747475388209
  4933 4.33165477041734 5.63702437207353 5.58385580002081
  4934 4.71655005662733 5.46961214406601 5.86165074206030
  4938 6.01161382812747 3.89669124896221 6.31472897118636
  4939 5.88313351650285 3.95575538048695 6.30399729082158
  4940 6.67635841557106 2.74885932906704 2.94218491056190
  4941 6.80946751090538 2.94362697654818 3.31160390531306
  4943 3.08646646446919 5.75527715931849 5.21976569039121
  4945 3.24120242099257 6.86725589398734 1.46574303807922
  4946 3.56906076090497 6.78641839683201 1.69343031765934
  4947 0.14274659451689 4.74755677353998 6.30555722454778
  4948 6.73242184168572 4.76718185296334 6.24710566372747
  4951 0.44163443247869 4.90764729734279 4.12122213819953
  4953 5.51701272739384 1.18978479053985 3.55184285597398
  4955 6.94395801564513 5.69077867058315 4.61942540501316
  4956 6.87591778121469 5.57195570472438 4.16835651952899
  4957 6.07421177071279 6.03203550044524 6.83836430904795
  4958 6.18285913388968 6.50329837260735 6.66017548338912
  4962 3.34044637549620 4.64888298997419 0.42638090236059
  4965 0.32291755546821 5.52836460011239 4.55122445345056
  4966 0.25715697645282 5.43739755487019 4.19185198314482
  4968 6.05544647430703 1.43747084848693 2.46826420525129
  4976 4.60570993209155 0.38705695184613 3.50885057043551
  4977 5.71456292543861 6.82455281731703 3.51615332326581
  4978 5.79020162286526 6.84145220950045 3.03797245406527
  4979 3.79856540072465 6.24248089732644 1.49214721451902
  4980 3.53547814807941 6.15112853962557 1.27531339417046
  4989 4.69912785997748 4.64947135774325 3.47770929960622
  4990 4.38560162210453 4.99378893688910 3.46108787260637
  4999 4.98038361703514 5.99397754653827 6.35737592394869
  5000 5.35067435151564 6.01421531232025 6.21747027622932
  5005 2.36213179447637 0.47610721574106 4.15934744710093
  5006 2.28100723797520 1.21136183011506 4.58490431735550
  5007 2.65610640535971 0.79620329102935 4.34927100571036
  5008 1.37671187320245 5.83743052613980 3.83621468997205
  5009 1.52475814066911 6.10015512341677 3.55008747249811
  5010 3.61412968889712 4.65675987560356 3.87171747704684
  5011 3.70219737848983 4.27987858089334 4.02220711246837
  5018 0.59282883514494 6.33687968859234 4.84786185063129
  5019 0.06681695974425 6.45800118383401 5.00530507047034
  5021 2.37557967314175 5.14702923695768 3.82018818751062
  5022 2.26386991767419 5.28017433960446 4.23686980460399
  5023 0.74293401663486 3.56750790230189 5.32052303634210
  5029 1.19530988295153 1.00017697854034 5.80804789069615
  5041 1.04286376544300 4.77219801607232 4.40191616112009
  5042 0.58632925912931 4.82950501878337 4.47813777400558
  5046 0.78973722042736 5.18960574856147 3.24355172595072
  5047 0.49437955293009 4.75609953326215 3.10522164748132
  5048 6.05968173945030 6.62521877812144 0.36401465135077
  5049 6.15187341050723 6.77767118416574 0.17489716790747
  5055 2.88362416298365 4.61545038726478 0.66443502345312
  5056 3.25132149771816 4.49415160642772 0.50877174976651
  5058 5.32221872882421 2.40366161330001 6.78251162784211
  5059 0.33653531312406 6.53157392346644 5.35605773504906
  5060 0.69150765250131 6.44683179377815 5.17995856877966
  5065 2.69273488865637 2.24873923663498 1.25035047691093
  5066 3.02403303154708 2.63850919024595 1.29497339619059
  5067 1.41307683584378 5.98592357124982 4.16700571031105
  5070 4.67629897942863 0.34106027271769 4.31308746100332
  5071 4.39125895386913 0.41032669325395 3.90630903609130
  5074 1.37778381974273 6.81754492215727 1.70974817372025
  5075 0.93078928143494 6.59927352051393 1.68525699834539
  5077 3.15998835009103 4.89480872625508 0.46437733755520
  5078 2.86333849516454 4.78273653327620 0.63739969500716
  5084 4.43686513159911 6.01579799179984 5.03967731286145
  5085 4.44439420065458 5.64839223792302 5.13191468696670
  5088 1.02553208525277 6.28912459831879 1.45451176214556
  5089 1.44997044726664 6.44412872711832 1.42627492314432
  5091 6.96740610817017 6.96175346253435 4.37348943392205
  5093 1.56459642854401 5.81185794598477 4.35892558794926
  5094 1.87928308021628 6.05912966478888 4.47276528389913
  5105 3.61560864757537 2.95470127945483 3.26968964119515
  5106 3.34549751593474 2.71289284755577 3.31727680040475
  5107 1.09129793560365 3.27116869302092 5.28046818851219
  5108 1.34674763967829 3.53312486865407 4.96629819617557
  5109 4.04274478608334 1.19495375049457 3.53090375949194
  5111 4.00140178676144 1.08843479610557 3.81466717212145
  5112 2.40779471085905 2.50081063346039 1.50027985987505
  5113 2.67061553003946 2.82070992372195 1.56543841549347
  5124 0.12570644252946 1.38587924835221 5.83100638136035
  5125 0.38958141295681 1.32504185467839 6.08887452773689
  5131 0.97050460765852 3.20976111430157 0.87887858206440
  5136 6.75457950748623 6.15720391839536 6.24161992023964
  5137 6.59753985703764 6.50995576202114 6.31929874980572
  5138 0.91635141355993 2.76039110987948 0.73233754719971
  5139 0.91195161919383 2.54197370986025 1.11693236554700
  5142 2.98778957102852 0.47990236110818 4.70557769737819
  5143 0.12494833122557 1.18485231573851 5.78799148792483
  5144 0.37997768454717 1.10441091702706 6.02740628925571
  5147 3.48365064175670 6.21471483071268 2.51433253265548
  5148 3.33003062364667 5.25276956382632 5.01301203798911
  5149 3.43299784097434 5.09679856092601 5.25714049672006
  5150 4.34284408368227 6.12766288630522 3.64763037466966
  5151 4.48916899185974 6.04493193063657 3.92100973982613
  5153 5.10996792956696 4.36331471486467 2.88140160884161
  5154 5.24772445404147 3.99183032980535 2.86786390759485
  5155 3.95901942859096 5.31922864831834 5.71691986622691
  5156 4.14032908911807 5.07256824953395 6.01739171162428
  5157 4.11861629611029 4.44076675703831 4.16799841123246
  5158 4.00687792787997 4.82895513846362 3.99339496821734
  5162 5.94939888224465 1.39615310157845 5.60679024716175
  5163 6.19793242922645 1.36707701622942 5.85318649721184
  5168 5.33232193352911 2.67599658555185 6.50445467917351
  5169 5.10998734394930 2.87666490864973 6.63880261344568
  5170 4.86710545120751 0.11939215240119 5.45523225237684
  5173 6.03943124526549 1.38785488863382 6.00285508793975
  5174 5.81338704792431 1.41059907419260 5.79371876272895
  5175 1.22142151788915 1.20833013075599 5.92622958666052
  5176 1.41752958916716 1.13337477123113 6.13762713581089
  5182 3.14949748286668 5.76515534806724 5.69928348147729
  5183 3.30478472701797 5.48001670456838 5.81087143804553
  5184 1.32053912948596 0.84160265105411 5.88300341001788
  5185 1.44367226223739 0.89024606084792 6.07559966595479
  5186 6.95971201400960 0.31984621839775 4.42762994526858
  5187 6.95984451212928 0.43234882378977 4.94341957941024
  5190 1.62346324515211 1.31718889734377 3.96502964598274
  5191 6.83719076593609 4.07000559125534 6.19245751846422
  5192 6.59383445752273 4.16842404502656 6.17633483978744
  5193 3.54404866653975 0.66924683652387 4.89489369739794
  5194 3.34895776396033 0.54306444565786 4.59459506866105
  5195 1.30566453003210 1.78727397276949 4.07554853817498
  5196 1.68496883046994 1.53375939923585 3.94876621724118
  5204 1.18823769547582 6.08349752553941 2.74966052525232
  5207 6.76369247032551 2.70467041217767 5.89486362050508
  5208 6.86357757608692 2.51956996557524 5.59830044016201
  5213 6.74904795700265 4.83794918910499 2.05717904833398
  5215 4.30255131058505 1.09131197232129 3.59434614662725
  5216 4.22678832446849 1.01493435049847 3.82913980963026
  5220 2.06594881871933 2.69811512245277 2.56143514887075
  5222 2.11086020452259 2.37696012834989 3.01872166119764
  5223 2.07870104978728 2.36196348617939 2.27909811997132
  5224 2.11254949647778 2.05217445676171 2.56557318410667
  5225 0.16485223840248 6.43562937597778 6.36293096216188
  5226 6.88140417476641 6.67019698077975 6.39520198976027
  5232 6.87956827101547 6.65823234442172 4.90770517753247
  5233 6.89367705938983 0.04614619540508 5.20414212046537
  5237 6.67397267847995 2.73444573693161 5.42539276308719
  5238 6.60345648811163 2.89641872231982 5.70008197957360
  5242 1.93562451754083 5.61275775585898 2.06701764218905
  5244 3.50542543547756 2.09615628209883 3.85976385292060
  5246 3.06700923024297 1.67533253743310 4.20582966510985
  5249 6.67885706406016 3.06122882413750 1.01707160823838
  5250 1.86071050835936 6.20974979418430 4.38692700797437
  5251 1.54872481140192 6.21732894174639 4.15321058675728
  5252 1.51098952445787 1.06772096421647 2.14919621943481
  5254 1.50595186855903 1.48560252484352 2.58515989420212
  5255 2.35342642838102 1.81108216396962 3.71291032268610
  5256 2.73877323540949 1.57892046170610 3.61738384885255
  5260 3.65989400324958 1.98376110197824 2.34118774664846
  5263 4.87753936050988 5.16341372238136 4.77212193889912
  5266 1.15251881235202 1.58866445394223 4.12526986780773
  5267 1.35151333827241 1.27913762653343 4.04701910984221
  5268 1.03274489963815 5.74714752421414 2.62344010575254
  5269 0.63353910749664 5.69062422160327 2.98455555316267
  5275 5.31083140708030 5.59626532537077 4.71401297256231
  5276 5.15707597169274 5.30458810437317 4.49879216130237
  5277 5.17966570432495 6.81434304300509 5.17462656459950
  5278 5.09642297728383 6.53201491526624 5.32919557146866
  5279 2.87147110453682 6.29368218697092 3.12537263206153
  5280 3.33326590350852 6.24660119052602 3.12052886347015
  5281 2.37742956031453 5.42571853975904 2.00120571547771
  5283 5.89225583062678 1.15362955678102 5.24896591440526
  5284 6.24816527175000 0.74227712368491 5.07761802019392
  5286 4.76091935460996 6.63798046765970 5.59822415421894
  5287 4.70431820734735 6.94616979043035 5.62355494979745
  5288 3.96348860594017 1.76193403854836 2.57526075902816
  5289 4.25751035119028 1.88797423237832 2.47159768451618
  5297 3.15924766472237 2.35236774317470 4.27667300201787
  5298 2.97389234685699 1.78572467153832 4.33068567754206
  5301 5.66974177459208 2.18644235917318 3.28278663480085
  5303 6.55552893290922 2.42582111499136 2.93700308893643
  5305 4.23724092365473 5.69017403569418 3.87896059289488
  5306 4.14265216965982 5.80649062687291 3.63272539110217
  5307 4.00642402448393 4.95256848246947 1.75858717786718
  5308 4.31572033235883 4.87575174578761 1.88010391992944
  5310 0.18424243325473 2.44095100035560 3.99118716695515
  5313 1.27522317323800 1.33832549015574 1.78037350979394
  5315 0.62625494329615 2.64113525092858 3.82329801819100
  5316 0.69116464295331 2.83900669328850 4.15709300166544
  5317 4.82147945551185 2.29273680471462 3.79793499882191
  5319 4.95999957207952 5.42454374148033 5.04284403442729
  5320 5.19165318945994 5.63467713096844 4.95157280499868
  5321 5.84927921161210 0.49958968315298 5.03369423505517
  5322 5.56525732385167 0.85242283482608 5.18220496782014
  5327 6.19802489097504 0.72168298199810 6.38538457217095
  5329 4.19895871687215 2.15063758220379 2.19857236680721
  5330 3.85366570556833 2.20577014966386 2.14466098294611
  5336 6.46280686502046 1.92626921654118 4.74325636144205
  5338 6.76996420455155 1.70403603751946 4.67693089888605
  5339 2.87079556652102 1.56738923519970 4.11429530541064
  5341 6.13442030622980 3.60180983583351 1.45848158482362
  5342 6.07247942795038 3.31060544384988 1.13705465485539
  5355 1.40150092018450 2.90971800374696 2.66454373027968
  5356 1.32793698256632 2.72687614588464 3.18740462974468
  5366 0.46692729676808 0.81084174901292 1.74046376812399
  5367 0.46479056961895 0.66049023589894 1.32092697770197
  5368 6.23301064017185 1.66156117908799 4.63518869843243
  5369 6.44012146449289 1.44257502402808 4.56872779436540
  5370 0.82755153173277 0.79595850445763 1.70672319271661
  5371 0.76334333164270 0.64107548340337 1.32983033391902
  5373 3.55364401225491 2.59728468783698 0.58654371351544
  5374 3.20326982766746 2.73729458806943 0.71749439423493
  5375 4.29215766401273 4.56316173968984 1.78933252511086
  5376 4.01091401388825 4.59637355601744 1.67611422376220
  5378 1.28098248552180 5.17940920813254 3.72724410259083
  5379 1.06012424212787 4.80463029322972 3.98690420240339
  5380 3.01998744103572 3.00708757835793 2.28173655584816
  5381 3.03955552970604 3.05639219651136 2.19860867388092
  5385 2.46461016498225 4.12307948383428 6.92296664774402
  5386 2.19972952129694 4.47191350766303 0.21160271310423
  5388 5.55128622654698 0.43492943903294 3.77726777610953
  5391 0.40847947981050 4.63552124045427 3.23126883795074
  5392 0.51322249242472 4.62962725031215 3.67647525918912
  5394 6.28637360285062 5.90647546328042 3.00223559035293
  5399 2.57135527795869 6.25028955774852 6.10481506583525
  5406 3.23183812476579 2.84506744114784 0.95494599417138
  5412 0.84304662490729 5.23566982252612 3.57794922578724
  5413 0.69519811448333 4.86985997863908 3.85721275972162
  5414 2.34600796406131 5.91700325501345 6.39744056573785
  5415 2.40748342098692 6.16270431104473 6.39524616547923
  5416 1.62702821340333 1.87621506626402 5.58344160786117
  5417 1.34492552861353 1.66136374666204 5.56571269794765
  5421 5.00741816102549 0.20281429361816 4.24575421034596
  5422 5.13800305224479 0.17976797700412 3.79915109411559
  5431 6.76339683302030 5.41833691253720 3.04966741543530
  5432 6.57212711117225 5.70373472716196 2.81018189111714
  5435 5.07756995936688 1.07034769187083 0.84756420813347
  5437 5.28787113824318 0.76791882141082 0.74296073058797
  5438 1.20739767612789 3.25105300622456 3.18423144225454
  5439 1.26756461662257 3.31434871017407 2.78822028103994
  5440 5.18866257450938 1.06086021947098 1.13165188615960
  5441 5.39669042570135 0.75688258356375 1.00417811626357
  5442 1.67664223570990 1.85345312886127 5.31156888250552
  5443 1.38926590588921 1.63146631879366 5.30712442328657
  5444 0.72755581885489 6.03612568842283 3.25839156716860
  5445 1.02662669311401 6.20796956117420 3.16014141860746
  5446 2.52167679653767 4.30611746101222 0.46302172037710
  5447 2.67443158504873 4.05894422865767 0.22851097360972
  5450 6.88630359887301 0.35991301910148 0.14464321644180
  5451 0.66854793526555 4.23080497612770 3.49250500936643
  5452 0.51833789830800 4.38297757949233 3.14944996151136
  5453 5.21365148138142 2.40530869330575 4.27117390612055
  5454 5.66640310091042 2.47540211659436 4.03115229020155
  5457 6.54628218407394 0.18786241371974 5.83682930482520
  5458 6.95348267715809 0.04077033304310 6.12648326643873
  5459 6.00576036999364 1.45535186380383 3.99251236407641
  5464 5.42670224085865 2.52856481274959 3.64860229614194
  5465 4.99925338988653 2.48389200323368 3.84829876996520
  5469 6.41946933044876 0.80328834909134 6.88328390911242
  5470 6.89419310542157 0.66134310909978 6.77922179295365
  5471 6.37560371735074 1.24886792992594 4.17132752534692
  5472 6.68148622721743 1.27051595320921 3.87408244164530
  5476 4.75657551779885 4.14688977667177 4.20620410438036
  5477 4.72477023242606 4.17575930400909 4.34760968234279
  5485 1.46140775341095 0.33788611545015 3.18611276433140
  5491 4.60492414330031 2.26313690042379 1.21605784120710
  5496 5.71194049883886 4.51780351689276 2.09585301166905
  5497 6.29657334470222 0.58265415522440 0.19804662256794
  5498 6.52694819057199 0.39268032169068 0.34913422422732
  5506 1.71023235284780 4.86907495577108 1.30185727593577
  5507 2.62431686327461 5.84406960307927 5.86045153254827
  5508 2.49774742424228 5.67812232543468 6.01808516427312
  5519 6.59056432379286 0.62034819536686 6.07649387180538
  5520 6.94541744896129 0.54209071106157 6.33841213456731
  5526 4.50842971188747 1.79375942088056 0.46155059678576
  5527 4.83618300107103 2.15589321091726 0.93238231520298
  5530 5.18168550090471 2.82919727611747 2.64352204337282
  5536 2.10812408249445 6.11790145147646 1.11290137861099
  5537 1.76793405910098 6.07009965892582 1.50006586229053
  5545 6.26056699007734 4.51616881879556 2.31180449697018
  5546 1.66203789689401 4.67761185852704 0.55024797174773
  5547 1.80827202426944 5.06004741815663 0.84143096684451
  5553 1.90779028014437 0.15266961905355 2.84966561572061
  5554 1.74925807923118 0.27779524815928 3.22929194417585
  5590 4.70501970089882 3.38644377306541 2.80433232490347
  5591 4.78311903912093 3.01534559389033 2.93081131313149
  5592 2.06257305041844 6.04578427936827 1.87101873357397
  5622 0.94934833324088 6.89382899490229 2.58330764890848
  5627 1.40288454168768 6.81240070856722 2.27982529851269
  5628 1.07154165112906 6.66031923360170 2.39252093382530
  5630 6.41923363839389 3.72447909847130 5.12037826003699
  5631 6.58541447208511 4.22907521141575 5.23239486649640
  5636 5.57514339326297 5.01493331310395 2.51929160854840
  5638 5.45401122315143 4.89310727972410 2.35210827914573
  5640 5.50296903321606 5.23124065871323 2.43923785373532
  5646 5.80158203481359 4.52886226391639 1.57976404855628
  5650 6.51549607269135 1.52288719943193 2.39469796113372
  5651 6.60619439850409 1.90623054235041 2.34777630914317
  5661 6.86483995695832 2.03933173676669 2.70956241481241
  5662 4.82272131868571 1.49279510450456 3.54890721573061
  5667 6.99111892680477 2.59632055801980 4.28033740391660
  5668 0.18688824093243 2.82980056958367 4.44072858021844
  5670 0.34961236531852 2.69715133137509 4.38443763374025
  5671 0.14860836582694 2.49347934029817 4.24365948897471
  5672 6.02885635277881 4.00810911206694 1.27641638134687
  5673 5.68485109501990 4.25444532280363 1.46574390546530
  5674 4.83323023936104 1.79922276876455 3.38598752490378
  5676 6.48322319801083 3.55553021761457 5.62239233363624
  5677 6.64941612230352 3.98928007488505 5.83697455889394
  5679 5.03097133803307 1.39182125651421 3.38487474879368
  5680 5.19940535066848 3.90325053358454 5.45792484045838
  5681 4.84293024311962 3.89331387575362 5.64583698551538
  5683 4.97260667853846 3.70547469719515 5.82400596369808
  5684 5.28609715784201 3.71690482319228 5.65145854377597
  5691 6.71488529027186 3.63561911868841 1.68062121430230
  5692 0.00522927749512 3.33653869669207 1.43876485148609
  5700 0.11074186268657 2.99177331346492 1.70372010293408
  5703 0.84060081741411 3.93648680608297 5.10647060938581
  5704 1.13986847895110 3.94750178384545 4.94052106585726
  5706 1.06041473534823 4.01688761544892 4.69129014398926
  5707 0.67217574889686 4.04588276905979 4.78145395452855
  5708 1.92419507895372 0.98790112715938 4.37979361670596
  5710 2.11058974674016 0.54363731448543 4.16745004402556
  5713 1.66209625507548 0.85115833251479 4.63855961032578
  5714 1.69884159765036 0.39998383548173 4.57290826380016
  5717 1.61423854946947 5.38374909174023 0.82760908254816
  5720 6.57957838374901 4.54371976030403 1.99520147103049
  5723 3.95515158326008 1.64359624339767 0.82234829856767
  5724 0.89710016551755 5.50961031071581 1.08981728731540
  5725 1.43848793016051 5.41056607423879 1.19207766751953
  5726 6.50353692360685 4.27939899444372 1.37190642307714
  5727 6.41705012131220 4.54659871974311 1.54371232496714
  5731 4.12748620180770 2.11551160712688 1.16295615953510
  5732 4.03154061640397 1.83387939613022 0.76578879085030
  5733 1.69407255991570 4.20476571772763 0.70409563186300
  5736 1.56000463799694 4.37852655499187 0.76442539608643
  5737 1.55878649772682 4.42330862763111 1.13197218536314
  5738 4.05487715137836 1.95000802420660 1.40888121917466
  5739 3.93645170387443 1.60102123844608 1.25386347423255
  5743 6.83810468278876 3.93028823699364 1.65564767071638
  5744 6.88997479542407 4.10322720097320 2.03134377722259
  5745 1.72213348835437 4.22847294859139 1.24010932359942
  5746 1.84309720207367 4.06460125211039 0.96971962382212
  5747 6.52203937248249 2.17714812985047 3.44633072242409
  5748 6.07039316245287 2.03986132419891 3.60020650132516
  5751 5.54369606784682 1.47147545187159 2.07951974071127
  5752 5.03378393152635 1.32530937128178 1.74298520024925
  5753 5.26104812679138 1.26679243051454 2.11017362547704
  5755 1.33167504535457 4.36683752840351 2.72359604944904
  5757 0.32298626740302 4.66902967167890 6.85265732826717
  5758 0.75326191941081 4.79852461972408 0.11189315590067
  5760 3.44852649057573 0.44381585862380 5.56076369684000
  5762 6.19305389887771 1.96310390094164 1.13536603646856
  5763 6.33421909282409 2.25750791006657 1.31348583634231
  5765 5.51703146668366 1.87845652984213 3.13736744767723
  5767 5.04124544225479 1.70381910763925 3.21376554339789
  5768 0.64359719148722 4.46677231390371 2.96665103949671
  5769 0.61803058880488 4.22172354818074 2.41809320058556
  5770 6.02383365750512 2.34302657010085 1.37422197688423
  5771 5.92903549584561 2.03690410104177 1.19096523409094
  5772 1.38522826608816 3.91480643627868 2.45286511025214
  5774 0.96496475286862 3.82974781503998 2.28705988131715
  5775 1.31827170524678 4.32968054457663 2.60267503406146
  5776 0.73058441272607 4.20787616066492 2.35567433178557
  5781 6.75196578912312 4.68901948298724 0.45935258581244
  5785 5.48008435861159 1.95830767071709 2.69001287274122
  5786 4.98165261895497 1.76699546863105 2.80341683138708
  5787 6.81194228287720 4.38363504187779 0.97214511554115
  5788 6.64467276359481 4.29891643876431 0.55572792687885
  5789 3.31187053660399 0.68617790629985 5.22969143740223
  5790 2.97231887107376 0.57552081286004 5.13094795082306
  5791 4.45650252081326 3.25976268394614 1.55144142577369
  5796 1.18461893660684 3.65557121580765 4.30055009721802
  5797 1.27522129243981 3.81505160603776 3.66653427240236
  5798 1.43226725474549 3.80917152635929 4.02718144729286
  5799 4.75695113967046 2.83508409980563 1.53188128964876
  5800 4.66077393486199 2.59127243288161 1.16934820888488
  5804 0.79993421322749 3.62036233994640 3.68998853831324
  5805 0.75978211132170 3.50745764506036 4.06975260378505
  5810 6.09160292129685 1.59051060636107 3.62857975207395
  5813 6.42217826150008 4.68704877346004 3.09152666678635
  5814 6.07945530910090 1.19310784578120 3.06887971934987
  5815 5.83351031657084 1.44210396043070 3.36826250220673
  5816 6.76617140137309 5.12207889285854 2.94874167140819
  5817 6.62577616036292 4.84910838746731 3.18532242970821
  5820 3.91952802342706 3.30189720463514 1.32278393406006
  5821 4.23440628918661 2.95502386061670 0.99748368937429
  5822 4.20637625735184 3.28370071778692 1.21901271448578
  5823 6.46217083211067 5.05190899398108 2.49887062852346
  5824 6.25366797193113 4.83998456749347 2.56866786933886
  5827 4.66816341907181 1.24138304005308 6.01206423667974
  5828 5.03856208200553 2.66523389768488 6.98187311137530
  5830 5.08108383803958 2.80767295492450 0.26570257602738
  5831 4.79330941496499 2.58504558139829 0.09004331782643
  5832 4.86705353303797 2.73567032523352 0.34662366029931
  5833 3.82081279853127 2.69200165060739 1.00965460387160
  5834 3.64351775910314 2.80759758174697 1.15784086325554
  5836 4.43619418149626 1.11482654688125 5.77905859888189
  5839 6.75780512544800 1.78379323118977 3.42665316373867
  5840 3.33281698744559 1.40301040476349 6.61693410663264
  5843 3.30247279032144 1.96190144349882 6.72843777273325
  5844 3.45885987187449 1.74600586497850 6.51861902744841
  5845 4.57246487299938 1.68549959806735 6.10036463103632
  5848 1.25739524684913 2.35169268697445 3.39757676178375
  5849 1.65648032156427 1.92707112347897 3.27381500365421
  5852 4.61224837274142 1.52764620911529 5.94346758870194
  5853 6.47568213856402 1.20009676218704 3.16987959977422
  5854 6.51137910833242 1.46072697509900 3.52381590058821
  5855 6.75732383522983 1.38521101294332 2.77059702541134
  5856 6.94425998290723 1.73147998814965 2.94014009773363
  5862 2.00342492990504 2.35052092366781 3.18005642527621
  5863 1.48653015688858 2.61063768176854 3.33790144027485
  5864 5.97176839295065 0.41255638749105 4.26630258616940
  5866 5.74451775157119 0.32518265600522 4.59251731113004
  5868 1.11397348910145 0.52533645808435 2.43494431938080
  5870 3.03454483495082 1.47278939966159 6.98748994146382
  5871 3.02336673865343 1.70775602920364 0.03616806390512
  5875 1.24257734245867 0.59088359636605 2.19651271106225
  5876 1.47162570390545 0.34233630270617 2.17821887485224
  5877 5.63321022957500 0.56618148282017 4.09106288863500
  5878 5.42698838501840 0.49684515322378 4.34874095474916
  5879 6.44144333339635 2.99804497456975 2.31686013463975
  5881 6.23377374060556 3.32358111347085 2.24364352452982
  5884 4.44514167829612 1.40668209146094 5.28533951466232
  5885 6.14230242110995 0.43213446812305 1.97950558493773
  5886 6.37846815203420 0.28268603005058 2.13997221889438
  5890 6.31004422250507 0.57083874039497 1.82978993264558
  5891 6.54637784412154 0.47027550858258 1.94966981643086
  5892 1.26000336254620 0.22638286728731 2.55400730505161
  5893 1.43487165748921 0.16316582278772 2.42633028264808
  5894 3.75661777229685 1.59997769642200 5.26570048526067
  5895 4.11020982713714 1.53089525838660 5.05666982859668
  5896 3.79500726748354 1.50532043343286 5.64602611616050
  5897 4.36145165354964 1.34054862717447 5.69268957017053
  5898 6.83419479379901 3.19250631296802 2.18659039472735
  5899 6.67109776491637 3.51089325806418 2.12095253754109
  5901 5.26432838857618 2.56242558496983 6.16413309977672
  5931 5.24405845486263 2.13221727177950 6.15952098996258
  5932 4.82944486014769 1.93763282385097 5.93780809786209
  5940 2.92497159618936 6.19765681317724 2.48529909072361
  5941 2.74007127286292 6.25967087187615 2.91784123250487
  5943 2.56393842671894 6.53675416980395 2.69180927383267
  5944 2.72759860927028 6.45818196149094 2.35742915124965
  5948 6.54655972521821 0.48939089832390 3.26432158247132
  5949 6.68218256323038 0.70938291662295 3.27144946874548
  5953 6.70113782657538 0.37033969910149 3.05072798195731
  5954 6.86912009000369 0.61099582981157 3.04304095131479
  5956 0.90861055291243 1.89670870603250 2.32897098880842
  5957 0.73146720402363 1.68377789855761 1.93519685728465
  5959 4.87971563802922 3.01568262021738 5.71288072742423
  5960 4.50227820830563 2.72534941461826 5.35823153287065
  5963 4.01436571776881 0.70132167139865 5.97608872292959
  5964 4.87230714185251 2.76382806730174 6.02769256769259
  5965 4.58723605812895 2.45239156551421 5.86499687306460
  5966 4.21696807936889 0.09442744665903 6.17012277664540
  5967 4.07211866227838 0.31966773461086 5.78525637421769
  5968 1.24211551868014 1.82656819602819 2.17421331172838
  5969 1.16819754024091 1.64805219675793 1.84951551098715
  5971 4.35561761896583 3.77254093836968 3.67052660310506
  5973 0.79692057309146 3.33371510660633 1.52882592069620
  5975 0.72598050908849 2.99500929400377 1.73482947064519
  5976 4.49688202509711 3.81557495793804 3.12293503984649
  5977 4.77039494686483 3.59223354851733 3.03901599779811
  5978 4.91197071344631 6.35232750210154 0.05687339446525
  5980 4.86207040319398 6.05842231284263 6.65297739293247
  5981 1.00589520992335 3.19985005636781 1.36558464674756
  5982 0.98998170683793 2.92267565092525 1.48549282199138
  5983 4.55353954856357 3.17991341952994 3.99653169177751
  5986 4.66028642974100 3.42910494786888 3.86901103546169
  5987 4.94709354467022 3.30835108325724 3.47824328783161
  5988 4.51448707147551 6.32533497015805 0.13358543995437
  5989 4.42026509253199 6.11412204753988 6.85826552410054
  5990 4.95018355108079 3.03978829666569 3.41230200826482
  5991 4.73067060819029 2.79660622155030 3.71569853115531
  5997 0.05409914941183 3.57645621233909 4.67797070579768
  5999 0.30621437653035 3.88579456269006 4.57534454082580
  6000 0.08799443976553 3.50865710338017 4.39059275135135
  6001 0.28468799988109 3.72534442455223 4.29288401764659
  6025 3.53957129383912 3.51270513568730 3.53304013595417
  6026 3.28035132382812 3.58919913271070 3.75648063160259
  6030 3.69466811145752 3.60675917455177 3.71216625738540
  6031 3.52279721785053 3.67125878761722 3.90493512319679
  6033 5.43320126043209 3.79074712567816 2.17347309471415
  6034 5.67286176604359 3.45180107023529 2.14058484738977
  6035 5.17058849105031 3.52528794537621 2.17859976503512
  6036 5.34890109567792 3.27704023637682 2.15046724048707
  6050 3.22794757971573 0.70613230895938 3.46738295884358
  6052 3.19441226106769 0.35260542125566 3.30346960484486
  6053 2.90893132703066 0.09409932496563 5.93299396589177
  6058 3.14458594991063 0.13372982461825 5.62352082285976
  6059 2.83366514889570 0.18600185794286 5.35260323811065
  6060 3.36400848429593 0.90292879249902 3.18270872509597
  6061 3.41874277796386 0.58275764863536 2.87770837635927
  6062 2.49499937224984 1.34555444200178 2.38484518456777
  6064 2.56251564153582 1.73668528469856 2.36852537814280
  6065 2.77777153813462 1.37243904946476 2.51007424125313
  6066 2.79932126958447 1.69476883410528 2.47615943403870
  6067 2.73864884836272 5.83732877484582 1.56462143891305
  6068 2.62585215516529 5.81035883286877 1.84351222574122
  6070 2.47218631541689 6.05521589992561 1.79496796153287
  6071 2.56178905859111 6.07981423087344 1.56211110457959
  6073 5.26634002908643 1.62332255474483 1.57076690077779
  6074 5.45888462964763 1.67043509256574 1.67518649763276
  6075 5.36977098090522 1.57473007080780 1.38022484579542
  6076 5.57233431590914 1.62279976599367 1.47386534336413
  6077 4.54636654718993 6.26911090981990 6.08561833538750
  6078 4.77974265573436 6.60354830735082 5.90350711534636
  6080 5.13954348449538 6.42387732192582 6.20897529740198
  6081 4.92530047657080 6.10879943333667 6.36836411754272
  6082 4.38122035716834 0.87005945552826 6.63623172388466
  6083 4.59546158083974 0.51096438800480 6.74738670595358
  6085 4.20178952224191 0.30214886110876 6.46766457641262
  6086 4.06906925734976 0.63841858738775 6.40678979376282
  6088 2.23688972875540 0.72397887106584 5.55046041248274
  6090 2.15759649412510 0.81870453992369 5.98641393378681
  6091 2.26183945387932 0.57256821558395 6.16312952606617
  6092 2.52975905571089 0.18725276544826 5.51331816694162
  6093 2.53850402070377 0.12203722754670 5.78898459926730
  6096 2.67052969075254 1.46110843470783 5.80351151724874
  6097 2.60631747874132 1.65451492148994 5.19481749209113
  6098 2.72777464672800 1.34315207565273 5.42563915204533
  6099 4.17623122769924 2.39211888599649 6.09387732114385
  6101 3.70604984986790 2.41934953800249 5.80093613867315
  6103 2.85760016271324 2.55566747040669 5.37936837742571
  6104 2.79409093296773 2.27564286416563 5.96813072846081
  6105 4.09839851530380 1.95570328872961 6.20368343952851
  6106 3.74353176385583 1.90112827793870 5.98721550912753
  6107 2.51125139285184 1.82129545421825 5.31492144120417
  6108 2.53102155600028 1.76044889260401 5.76648118859770
  6114 2.17938169636807 1.76320919017916 4.32276589928238
  6115 2.35886547376322 1.54078122827153 4.53403654459364
  6117 2.73302006440721 1.68624150230490 4.25133582113547
  6118 2.42227058778468 1.88085536595607 4.11861104552227
  6119 5.42730139723656 1.39698526132963 0.32958573824033
  6121 5.54602833378824 1.14106764318931 0.25342803716092
  6122 5.35450940841119 1.45195163330188 0.02019533480508
  6123 5.45522518070749 1.21764052720598 6.95385520093082
  6129 4.98598788175789 6.27360547219855 3.30706718586658
  6130 5.15752902107793 6.19500977333750 3.78173798579294
  6132 5.28459657385870 6.72313114635998 3.56963196671366
  6133 5.10884746550200 6.64903314427314 3.25451264062828
  6134 6.45226415681007 5.63615166705120 3.76934347874135
  6135 6.22893908167903 5.87615025414867 3.66888624876574
  6137 6.19420640862310 5.73546930168729 3.50804591686755
  6138 6.38315885112341 5.54074788901236 3.58982349193977
  6146 6.57670923453915 4.83087123728889 1.40501014561176
  6147 6.47196271821210 5.24326511360538 0.65350335042236
  6150 6.57297181795836 5.22077794832782 0.74986173585449
  6151 6.39707255903799 5.15129447185992 1.26389082836172
  6152 5.86524840367979 5.63236708477193 0.81789500102488
  6155 6.05325786035760 5.18796628713797 1.22766166068126
  6156 6.02832047428802 5.26458657154341 0.84935069254633
  6162 1.11762730806936 5.55977623863888 0.51941846113375
  6163 0.83130671118804 5.59680579653147 0.83419360607760
  6165 5.71255866039562 5.79980831669859 1.41841618909155
  6166 5.80223007746255 5.60204235920875 1.57445615536732
  6167 0.62257984557883 5.43173179789699 0.59156490019036
  6168 0.89849133747188 5.41013341600853 0.30988141024181
  6175 6.26115791822067 6.65655973605670 0.54772004209459
  6176 6.40340605928436 6.37841201315784 0.70101053248585
  6177 6.23129733618807 6.73531558676701 0.89244119885972
  6178 6.35315263088468 6.47781357063144 0.97289846779520
  6179 5.40087214681875 5.22276840303094 1.81309720679468
  6181 5.36737618071036 5.13111370891810 2.25952710961490
  6182 0.42428510664105 4.90283822088750 0.62465731712091
  6184 0.44461593959710 4.67952460881475 0.99128466771103
  6185 4.86660771012791 5.35252357242881 1.78068349005090
  6186 4.88616550894362 5.26131650967376 2.20423566407374
  6187 6.84698433938086 4.80052152775529 0.66308284203942
  6188 6.87964382997826 4.60858126313306 0.97263497162730
edges 4078
5      8      5
6      5     17
12      9      8
50     31     33
94     64     77
95     77     55
102     55     52
115     71     74
126    103    102
148     87     85
150     85     91
173    124    125
204    131    127
210    127    125
217    142    141
218    141    158
221    152    145
222    145    148
223    148    142
231    151    146
233    147    158
234    141    150
236    148    143
237    143    150
238    145    146
239    151    143
241    161    138
242    138    152
245    138    163
251    162    163
261    171    185
264    173    179
265    179    171
268    181    180
269    180    173
271    175    190
272    190    191
273    191    181
274    179    174
284    174    177
290    180    177
294    197    194
295    194    190
346    229    232
379    241    240
380    240    238
382    238    243
440    284    285
465    297    299
466    299    295
467    295    298
472    299    304
473    304    308
474    308    312
475    312    298
484    306    297
485    306    300
486    300    304
504    322    320
505    320    324
508    322    332
509    332    330
510    330    324
511    321    330
563    378    365
570    375    362
599    392    390
600    390    413
616    389    390
620    419    389
654    430    432
685    442    429
693    462     52
726    472    471
727    471    470
728    470    478
733    471    486
734    486    487
735    487    478
736    472    483
737    483    485
738    485    469
739    469    486
752    476    481
753    481    469
754    485    476
755    476    484
758    488    481
762    487    488
786    432     71
793    509    510
796    514    102
797    103    518
800    514    520
821    538    539
847    539    540
848    540    531
859    548    557
860    557    544
871    553    554
872    554    295
879    548    553
882    562    549
887    577      5
896    580    577
900    586    587
901    587    585
902    585    566
903    566    580
906    585     17
962    606    617
986    626    627
994    629    627
1012    641    643
1029    647    662
1030    662    657
1034    131    648
1035    648    662
1036    648    651
1048    322    678
1057    668    332
1064    671    666
1070    679    548
1075    666    679
1089    699    686
1100    681    684
1107    699    554
1149    724     33
1163    742    739
1176    736    741
1177    741    742
1210    719    763
1212    763    764
1225    668    782
1242    769    776
1243    776    783
1277    795    794
1280    796    802
1291    796    803
1336    243    833
1337    833    824
1349    835    845
1350    845    843
1351    843    844
1352    844    841
1353    841    835
1354    835    838
1355    838    852
1356    852    587
1357    585    845
1361    836    846
1362    846    586
1363    852    836
1364    836    848
1365    848    849
1366    849    853
1367    853    846
1376    843    851
1377    851    850
1381    849    686
1382    566    851
1397    863    867
1405    865    871
1411    862    865
1413    124    862
1415    870    871
1416    870    863
1421    877    875
1436    872    890
1441    877    894
1459    885    890
1463    911    913
1470    910    911
1475    901    909
1476    909    655
1483    903    912
1487    903    910
1497    920    923
1498    923    927
1499    927    924
1542    947    940
1543    274    947
1584    971    978
1585    978    968
1591    969     87
1594    979    969
1597    979    967
1606    973    976
1615    967    977
1618    977    976
1620    991   1015
1664   1020   1038
1671   1022   1038
1677   1022   1037
1678   1037   1021
1679   1021   1036
1680   1036   1035
1681   1035    171
1714   1045   1046
1720   1046     64
1739   1020    927
1741   1059    920
1742   1065   1068
1748   1070   1065
1752   1081   1068
1776   1081   1076
1777   1076   1080
1783   1091   1099
1784   1099   1106
1785   1106   1100
1786   1100   1098
1787   1098   1091
1788   1091   1094
1789   1094   1097
1792   1093   1102
1793   1102   1099
1794   1098   1092
1795   1092   1101
1796   1101   1094
1797   1100   1104
1798   1104   1103
1799   1103   1092
1817   1112    472
1820    862   1112
1824   1118    470
1831   1114   1118
1833   1122   1114
1845   1137   1136
1846   1136   1126
1847   1126   1130
1848   1130   1134
1868   1122   1137
1890   1151   1147
1894   1153   1155
1902   1080   1156
1903   1156   1155
1919   1181   1178
1927   1168   1184
1957    266   1202
1980   1207     85
1984    626   1207
1985    643   1210
1986   1210   1211
1989   1209   1210
1991   1211    681
1992    684   1209
2003   1214    722
2004   1212   1226
2006   1217   1212
2007   1212   1218
2010    940   1226
2012   1216   1218
2020   1221   1216
2069   1244   1255
2078   1259   1266
2083   1259   1261
2084   1261   1265
2092   1065   1265
2137   1289   1293
2141   1287   1289
2145   1287   1294
2154    580   1300
2179    476   1304
2180   1304    146
2211   1336   1328
2215   1330   1323
2216   1323   1326
2219   1324   1336
2220   1329   1324
2221   1324   1325
2222    976   1346
2224    147    973
2227   1349   1346
2229    158   1345
2230   1345   1344
2231   1344   1348
2232   1348   1347
2234    141   1344
2235   1349   1350
2236   1350    150
2238   1348   1350
2251   1364   1352
2254   1362   1361
2255   1361   1364
2261    662   1352
2262   1361    657
2299   1375   1357
2301   1380   1375
2333    392   1401
2334   1401   1212
2343   1147   1405
2345   1405   1226
2358   1406   1409
2362    174   1406
2384   1419   1421
2385   1421   1424
2389   1430   1419
2406   1439   1447
2407   1447   1446
2408   1446   1445
2411   1448   1439
2413   1329   1449
2414   1449   1448
2421   1449   1447
2422   1445   1440
2445   1460   1336
2455   1466   1457
2463   1459   1461
2470   1472    890
2471    885   1457
2488   1460   1077
2497    852   1481
2506   1484    469
2530   1508   1493
2533   1489   1504
2535   1493   1502
2536   1502   1489
2537   1489   1496
2555   1510   1511
2563   1517   1530
2583   1528   1529
2589   1529   1525
2621   1549   1563
2622   1563   1559
2629   1559    644
2661   1566   1570
2669   1571   1570
2682    900   1577
2683   1577   1081
2690    557   1580
2691   1580   1587
2692   1587    679
2726    297    515
2731    299    699
2758   1616   1617
2770   1619   1622
2775   1622    969
2776    967   1617
2836    362    769
2837   1532   1657
2840   1656   1657
2853   1663   1137
2867   1671   1666
2868   1666   1667
2871   1666   1676
2877    161   1674
2878   1674   1668
2883   1674    782
2888   1677   1676
2924    901   1698
2925   1698   1261
2926   1577   1703
2930   1702   1698
2931   1702   1701
2932   1701   1265
2933   1701   1699
2934   1699   1068
2935   1699   1703
2967   1722   1724
2972   1717   1719
2977   1725   1717
2978   1717   1722
2980   1725   1723
2981   1723   1724
3000   1732   1736
3019    912   1742
3021   1742   1380
3036   1765   1751
3082    958    841
3117   1792   1789
3121   1800   1792
3128    824    180
3129    181   1804
3130   1804   1806
3132    833   1804
3135   1809   1810
3136   1810   1806
3146    849    304
3154   1207   1622
3229   1843    867
3252   1855   1130
3253    375   1854
3264   1861   1676
3269   1861   1862
3272   1862    260
3314   1809   1883
3325   1884   1891
3339   1862   1015
3342   1894   1900
3343   1900   1901
3344   1901   1202
3348   1895   1900
3372    763   1913
3373   1913    945
3381   1915   1912
3382   1912   1867
3383   1913   1915
3385   1912    764
3406   1544   1927
3407   1927   1926
3408   1926   1289
3409   1926   1244
3416    241   1927
3419   1795   1939
3420   1939   1938
3461   1642   1349
3500   1965   1155
3501   1965    540
3516    531   1964
3533   1973   1884
3534   1973   1725
3574   1989    175
3575    190    641
3579   1806   1563
3594   1303   1996
3605   1517   1938
3611   1939   2000
3618    194   1210
3619   1209   2003
3622    197   1211
3628   1699   1736
3640   1021   1352
3649    647   1036
3673   1677   2038
3674   2038   2032
3675   2032   2031
3681   2034   2038
3682   2031   2024
3683   2024   2029
3692   2027   2030
3693   2030   2025
3695   1668   2027
3699   2030   2029
3700   2034   2035
3704   1214   1855
3725   2043   2045
3744   1924   1883
3745   1549   1810
3747   1797   2058
3753   2057   2058
3755    742   1722
3764   2062    909
3775   2063   2071
3778    576   2063
3781   2074   2071
3817   2032   1895
3822   2035   1762
3828   1259   2084
3829   2084   2085
3830   2085   1698
3836   2062   2085
3842   1227   1582
3862   2094   2100
3865   2097   2094
3866   2094    497
3869   2097   2096
3876   2096   2104
3877   2104   2008
3881   1639   1459
3885   1965   2106
3890    539   2106
3899   2109   2110
3901   2110   2111
3905   2111   1502
3906   1493   2109
3921   2118    843
3922   2118    289
3924   2122   2121
3928   1656   2120
3929   2120   2122
3931   2119   2123
3932   2123   2120
3933   2111   2119
3935   2121   2123
3955    602   2127
3966   2135   2141
3971   2135    520
3991   1406   1854
3995   2135   2127
4002    478   2146
4013   1266    846
4014    836   2084
4017    308    853
4028   1751   2153
4030   1765   1792
4031   1789   2153
4033   1996   2058
4049   2029   1587
4060   2161   2162
4074   2000   1318
4090   2173   2171
4091   2171   1181
4094   1348   2173
4112   2180    390
4113   1401   2178
4119   2178   1217
4126   2123   2173
4129   2119   1344
4130   2110   1345
4147   2178   1097
4149   2180   1091
4151   1099    413
4153   1093   1904
4160   2186   1279
4169   2192   2186
4197    347    700
4201   1481   2085
4242   2221   2223
4247   1103   2222
4248   2222   2225
4249   2225   2227
4250   2227   2221
4257   2223   2218
4259   2218   2227
4263    312   2229
4266   2230    850
4278   1362   2237
4279   2237    910
4287   2031   2238
4288   2238   1900
4310    509   2122
4330   1445   1525
4351   2097   1499
4352   2096   2251
4353   2251   2182
4360   2253   1566
4361   1570    162
4377   2218   2260
4378   2260   2259
4379   2259   2025
4380   2259   2230
4381   2260    851
4382   2227   2118
4393   2266   2265
4394   2265   2264
4397    870   2266
4399   2265   2262
4401    871   2262
4421   2269   1419
4452   1894   1421
4453   2269   2238
4458   1571   2222
4469    803   2266
4496   2260   1300
4503   2288    518
4508   2289   1106
4524   2161   2283
4527   2268   2143
4533   2253   1098
4548    802   2298
4552   2297   2298
4553   2003   2297
4573    617   1769
4584   2306   2264
4596   2308    911
4613   2104   2288
4616   1927   2312
4617   2312   2313
4619    796   2312
4620   2313   2298
4623   2313   2306
4624   2312   2265
4626   1926   2262
4696   1657   2337
4785   1020   2366
4788    173   2366
4889   2401   2402
4895   1616   2401
4896   1642   2402
4964   1732   2425
4967      3   2425
4971   2428   2430
4975   1255   2430
4976   1996   2428
4978   2057   2430
4993    808   2436
4996   1769   2436
5070   2460   2461
5072   1249   2460
5076   2043   2461
5081   1571   2463
5082   1092   2463
5083   1566   2463
5086    453   2464
5087    510   2464
5091   2466   2467
5092   1044   2466
5093   1424   2466
5096   1894   2467
5097   1202   2467
5155   2486   2487
5162    358   2487
5177    647   2493
5180     47   2493
5185    131   2495
5188    651   2495
5200   2501   2502
5206    901   2501
5207    900   2502
5211   2505   2506
5214   2045   2506
5221    173   2507
5224   1020   2507
5249    795   2517
5291   2531   2533
5293   1619   2531
5296    848   2531
5298   2084   2533
5317   2540   2541
5324   2014   2541
5336   2546   2548
5338   1045   2546
5340   1050   2548
5341   1148   2546
5383   2218   2561
5386   2025   2561
5451    724   2584
5457   2586   2587
5459   1517   2586
5460   1527   2586
5462   2000   2587
5465    833   2588
5466   1809   2588
5541   1279   2612
5564   2620   2621
5568   1466   2621
5570   1459   2620
5577   1496   2624
5603   1510   2632
5643   1559   2645
5659   1386   2652
5695   2100   2664
5698   2237   2664
5755   2027   2683
5788   1671   2692
5789   1677   2692
5794   2692   2694
5795   2034   2694
5820    557   2701
5831      8   2704
5859   1021   2714
5862   1038   2714
5867   1330   2716
5870   1357   2716
5911   2732   2733
5914    968   2733
5916   1259   2732
5929   2738   2739
5931   2162   2738
5934   2283   2738
5935   2285   2739
5950   2588   2745
5987   1496   2756
5993   2758   2759
5994   1493   2758
5996   1504   2758
5997   2109   2759
5999   1667   2759
6013   1855   2763
6058   2268   2778
6061   2106   2778
6062   2779   2780
6069   1168   2780
6109   2795   2796
6126   2800   2802
6128   1508   2800
6130   2182   2802
6131    102   2800
6164   1323   2812
6173   2114   2815
6176   2127   2815
6188   2821   2822
6189    284   2821
6192    719   2822
6194    721   2822
6211   1081   2827
6212   1065   2827
6227   1148   2832
6229   1147   2832
6230   2833   2834
6233    602   2833
6269   2845   2846
6272   2501   2845
6276    912   2846
6296   2854   2855
6299   1703   2854
6300   1702   2855
6302    900   2854
6303    901   2855
6309   1448   2858
6312   1153   2858
6332   2866   2867
6333    103   2866
6334     88   2866
6335   2802   2866
6336   2288   2867
6337   1989   2867
6338   2251   2867
6346   2870   2871
6347    568   2870
6348    577   2870
6350   1293   2871
6351   1303   2871
6362   2493   2874
6363    657   2874
6375   2584   2878
6377     33   2878
6386      8   2881
6388   2882   2883
6390    978   2882
6404   1362   2886
6405   1357   2886
6409   2888   2889
6410   2035   2888
6412   2032   2888
6413   2025   2889
6415   2024   2889
6423   1178   2891
6439    950   2898
6442   2264   2898
6448   1221   2901
6457   1202   2904
6460   1915   2904
6490   2915   2916
6495    544   2915
6496   2826   2916
6512    375   2921
6514    378   2921
6545   2467   2930
6555   1214   2933
6581   2941   2942
6582   2161   2941
6583   2160   2941
6586   2153   2942
6665   1450   2966
6666   2967   2968
6668   2100   2967
6670   1529   2968
6674    161   2969
6676    162   2969
6710   2980   2981
6712   1815   2980
6720   2253   2982
6739   1674   2989
6742   2683   2989
6751    147   2992
6754    736   2994
6755    872   2994
6765   2930   2997
6771   2178   2999
6772   2180   2999
6773   1094   2999
6780   1122   3001
6781   3002   3003
6783   1904   3002
6785   2161   3003
6787   2160   3003
6788   3004   3005
6789   2062   3004
6790   2533   3004
6791   1624   3004
6793   1617   3005
6827   3016   3017
6828     17   3016
6829      3   3016
6831    587   3017
6841   3020   3021
6842    566   3020
6843    586   3020
6845    850   3021
6846    853   3021
6847   2229   3021
6862   3026   3027
6864   1416   3026
6868   1430   3027
6931     47   3048
6932     31   3048
6933     48   3048
6948    125   3053
6949   3001   3053
6955    813   3055
6957   1156   3055
6965   3058   3059
6968    453   3058
6969    497   3059
6971    510   3059
6986   3064   3065
6987   2756   3064
6988   1502   3064
6989   2121   3064
6990   1499   3065
6991   1508   3065
6992   2182   3065
7000   3068   3069
7001   1481   3068
7003   1702   3068
7004   3017   3069
7005   2425   3069
7006   1701   3069
7007   3070   3071
7008    185   3070
7009   2008   3070
7012   2288   3071
7013    175   3071
7038   1386   3079
7050   3084   3085
7052   2259   3084
7053   2889   3085
7083    794   3094
7091   3097   3098
7092    776   3097
7096   1489   3098
7105   3101   3102
7107   2694   3101
7110   2035   3102
7111   2561   3102
7141   3113   3114
7143   2111   3113
7144   2119   3114
7146   3098   3113
7147   1656   3114
7186      9   3127
7188      0   3127
7192   2487   3128
7210   3134   3135
7213   2461   3134
7214   1174   3135
7215   2966   3135
7216   2045   3135
7217   3136   3137
7218   1742   3136
7221    903   3137
7222   2664   3137
7223   2740   3137
7250   2495   3145
7257   3094   3147
7258   1639   3147
7273   2221   3153
7276   2881   3153
7277   3154   3155
7279     77   3154
7281   1447   3155
7283   1530   3155
7290   1904   3157
7306   1703   3162
7307   1772   3162
7312   3164   3165
7314   2541   3164
7315   1883   3164
7316   1822   3165
7317   2540   3165
7318   1885   3165
7319   3166   3167
7321   2815   3166
7323   2143   3167
7348   1103   3174
7349   2221   3174
7393    681   3187
7395   3189   3190
7396   2882   3189
7397     87   3189
7399    968   3190
7401    300   3190
7402   3191   3192
7404   2758   3191
7406    260   3192
7413     55   3194
7415    462   3194
7433    850   3199
7436    686   3199
7443    976   3203
7446    979   3203
7466   3211   3212
7467   3190   3211
7468   2531   3211
7469    969   3211
7470   2732   3212
7471   2533   3212
7472    967   3212
7481   2063   3215
7487   3217   3218
7488    481   3217
7489    146   3217
7490    163   3217
7509   2402   3223
7510   1639   3223
7517   3226   3227
7520   2871   3227
7522   2994   3226
7523   2455   3227
7544   2716   3234
7549   2740   3235
7563   1450   3239
7564   1174   3239
7569   1386   3241
7570   1391   3241
7602   2014   3251
7638    924   3263
7641   1806   3263
7652   3268   3269
7653    124   3268
7656   1112   3269
7657    950   3269
7667   1642   3272
7698   1532   3281
7699   3114   3281
7700    142   3281
7702   2143   3282
7704   2803   3282
7718   3287   3289
7720   1725   3287
7722   1884   3289
7723   1719   3287
7738   1559   3293
7758   3300   3301
7762   2505   3301
7763   1001   3301
7766   3185   3302
7767   1001   3302
7768   1762   3302
7798   1481   3312
7801    838   3312
7823   2008   3319
7835    430   3322
7858   2796   3331
7859    808   3331
7867    229   3333
7868   3334   3335
7869    872   3334
7870    863   3334
7872   3226   3335
7873    871   3335
7874   1293   3335
7876   3162   3336
7878   1736   3336
7893   3027   3341
7895   3085   3341
7899    306   3342
7917   3348   3349
7920   1330   3348
7921   1326   3349
7923   1375   3348
7937   3355   3356
7939   1347   3355
7940   2182   3356
7942   2173   3355
7943   2121   3356
7957   1582   3361
7958   2709   3361
7960   3362   3363
7961   1036   3362
7965   3001   3363
7966   1663   3363
7977   1001   3366
8003   3374   3376
8005    158   3374
8007   2110   3376
8010   1667   3376
8038   3386   3387
8039   1439   3386
8043    531   3387
8044    429   3387
8070   1861   3395
8071   1895   3395
8072   2038   3395
8074   2027   3396
8075   2561   3396
8076   2225   3396
8080   3398   3399
8081    783   3398
8082    678   3398
8083    769   3398
8085   1409   3399
8086   1854   3399
8087   3400   3401
8088   1080   3400
8089   1153   3400
8093   1077   3401
8108   3406   3407
8109   2366   3406
8110   2714   3406
8111    171   3406
8114   3070   3407
8125   1059   3410
8133   3155   3413
8135   1938   3413
8140   1964   3415
8141   2548   3415
8143   3416   3417
8144    764   3416
8146   2822   3416
8193   1405   3431
8194   3157   3431
8195   1401   3431
8199   2487   3432
8214    486   3437
8217   3438   3439
8219   1050   3438
8221    274   3439
8231   3442   3443
8232    679   3442
8234   2030   3442
8235    553   3443
8236   3199   3443
8237   2230   3443
8238   3444   3445
8240   1528   3444
8241   2586   3444
8242   1446   3445
8243   1525   3445
8244   1530   3445
8245   3446   3447
8246   2624   3446
8247   2933   3446
8248   2763   3446
8250    945   3447
8260   1148   3450
8261   1448   3450
8262   1153   3450
8269   1885   3452
8280   3194   3457
8283   1971   3457
8304   1582   3464
8306   2915   3464
8314   3467   3468
8315   1466   3467
8316   1325   3467
8318   3234   3468
8320   1440   3468
8323   3223   3469
8324   1642   3469
8340   3342   3474
8341   2833   3474
8342   3475   3476
8343   2106   3475
8344   3055   3475
8346    538   3476
8347    809   3476
8387   2074   3488
8401   1093   3492
8402   3157   3492
8403   1097   3492
8408   1570   3494
8427    298   3498
8460   2874   3510
8467   3094   3513
8469    629   3513
8473   3515   3516
8474    510   3515
8477   2122   3516
8478   2756   3516
8485   2826   3518
8486   2203   3518
8487   3519   3520
8488    671   3519
8489   2989   3519
8490    668   3519
8493    330   3520
8494   3521   3522
8495   2587   3521
8496   3349   3521
8497   1318   3521
8498   3444   3522
8499   3348   3522
8515   3527   3528
8516    795   3527
8520   1544   3528
8521    796   3528
8542   1279   3533
8567    285   3543
8569   2878   3543
8584   3548   3549
8586   3199   3548
8587    844   3548
8588    671   3549
8589   3442   3549
8590   2683   3549
8592    920   3550
8593   3410   3550
8594    924   3550
8598   3552   3553
8600   3180   3552
8602   1566   3553
8604   3437   3553
8605   3554   3555
8606    181   3554
8607   3263   3554
8608   2366   3554
8609    175   3555
8611   3407   3555
8638   3564   3566
8642   1854   3566
8645   2921   3566
8650   2882   3568
8653    973   3568
8657   3571   3572
8659   3269   3571
8662    471   3571
8663   3437   3572
8682    876   3578
8683   3503   3578
8689   1724   3580
8691   1798   3580
8707    197   3585
8709   3071   3585
8721   3589   3591
8726      0   3589
8728   3417   3591
8752   1419   3600
8756   3601   3602
8757    562   3601
8758    295   3601
8761    297   3602
8762   2833   3602
8764    655   3603
8765   2495   3603
8766     46   3603
8774   2704   3606
8775   3153   3606
8776    289   3606
8782   3585   3608
8783    518   3608
8790   2845   3610
8791   3611   3612
8792    724   3611
8794   1136   3611
8795     31   3612
8796   2513   3612
8797   1663   3612
8812   3617   3618
8814    813   3617
8815    808   3617
8816   3336   3618
8817   1772   3618
8818   2436   3618
8823    894   3620
8826    885   3620
8828   3622   3623
8831   1130   3622
8832   1221   3623
8834   1214   3623
8849   3628   3629
8853   1287   3629
8855   1544   3629
8895   3642   3643
8896   1391   3642
8897    438   3642
8898    442   3642
8899     74   3643
8900    432   3643
8901    429   3643
8902   3644   3645
8905   3628   3644
8906   2014   3645
8907   2981   3645
8920   2146   3649
8921   1118   3649
8923   3650   3651
8924   2513   3650
8925   3048   3650
8929   2670   3651
8934   1510   3653
8950   1416   3658
8951   3027   3658
8969   3664   3665
8970   1328   3664
8971   1461   3664
8973   1325   3665
8974   2620   3665
8975   1323   3665
9019    321   3679
9020    152   3679
9021   2207   3679
9051   1904   3688
9054   3690   3691
9056    358   3690
9059   3128   3690
9070   3695   3696
9071   3218   3695
9072    488   3695
9073   1309   3695
9075   2982   3696
9076    419   3696
9092    929   3701
9105   3079   3704
9125   3712   3713
9126   3187   3712
9128    666   3712
9130   3361   3713
9139   3716   3717
9140   1122   3716
9141   3653   3716
9142   2632   3716
9143   1118   3717
9150   3589   3719
9152   2796   3719
9153   3720   3721
9156   1800   3720
9157   1093   3721
9159   3003   3721
9203   3736   3737
9204     88   3736
9206     85   3736
9208    643   3737
9209    626   3737
9218   3378   3740
9219   3717   3740
9224   3742   3743
9227   2714   3742
9229   3319   3743
9230   3407   3743
9245   3748   3749
9246   1511   3748
9250    462   3749
9253   1885   3750
9255   1891   3750
9259   3752   3753
9260   2645   3752
9265   1989   3753
9270    911   3755
9272   2854   3755
9283   3759   3761
9285    365   3759
9287   1511   3761
9296   2283   3764
9299   3721   3764
9307   1304   3766
9309   3768   3769
9311   2502   3768
9313    913   3769
9314    900   3769
9334   3600   3775
9335   2916   3775
9336   1912   3775
9341   2745   3777
9342   3289   3777
9348   2507   3779
9349   2745   3779
9350    824   3779
9365   3784   3785
9366   1484   3784
9367   3494   3784
9368    163   3784
9369   2207   3785
9371    138   3785
9377   1249   3788
9396   3580   3792
9403   2981   3796
9406   3229   3796
9413    809   3799
9414    875   3799
9415   3800   3801
9418    913   3800
9419   2803   3801
9421   2308   3801
9422   3802   3803
9424   2846   3802
9426    419   3803
9427   3610   3803
9428   1309   3803
9436   3806   3807
9437   3649   3806
9438   3740   3806
9440   3622   3807
9441   1134   3807
9442   2901   3807
9475   3818   3819
9477   2989   3818
9478   3785   3818
9480   3520   3819
9481   2207   3819
9483   3820   3822
9488   2645   3820
9490   3753   3822
9507   3828   3829
9510    177   3828
9511    191   3829
9514    194   3829
9548   3841   3842
9549    485   3841
9550   3766   3841
9552   1484   3842
9554   2898   3842
9555   3843   3844
9556    867   3843
9557   3145   3843
9558    127   3843
9559    870   3844
9561    124   3844
9573    509   3848
9576   3322   3848
9585   3852   3853
9592   3854   3855
9593    700   3854
9594   3589   3854
9595   3503   3854
9597   3591   3855
9598   2203   3855
9623   3863   3865
9625   3084   3863
9627   2230   3865
9628   1815   3863
9630   2229   3865
9634   1022   3866
9669   3005   3876
9695   3886   3887
9699    389   3887
9700   2982   3887
9701   2180   3887
9703    783   3888
9705   2763   3888
9722   2506   3893
9723   3894   3895
9725   2745   3894
9726    927   3894
9728   3289   3895
9755   3802   3903
9758    389   3903
9767    958   3906
9774   1499   3910
9777   3801   3910
9779   3601   3911
9780   3498   3911
9781   2834   3911
9795   3192   3915
9798   2135   3915
9815   3922   3923
9818   1795   3922
9819   1800   3923
9820   2160   3923
9821   1789   3923
9825   3334   3924
9839   2540   3929
9840    929   3929
9846   3931   3933
9848    655   3931
9850    651   3933
9855   3934   3936
9857    813   3934
9859   2268   3936
9860   1772   3934
9862   2803   3936
9879   3942   3943
9880    266   3942
9882    260   3942
9883   1901   3943
9884   1835   3943
9885   1861   3943
9890   3319   3945
9892   3822   3945
9893   3946   3947
9894   2632   3946
9895   3564   3946
9896   1137   3946
9898   3566   3947
9899   1126   3947
9907   3950   3951
9908   2513   3950
9910   1409   3950
9911   3651   3951
9912   1227   3951
9913   2709   3951
9914   3952   3953
9915   3162   3952
9916   3755   3952
9919   3510   3953
9920   3036   3953
9926   1964   3955
9927   3166   3955
9929   3956   3958
9933   1798   3958
9936   1724   3958
9945   2104   3961
9959   3552   3966
9960   3572   3966
9963    684   3967
9990   3975   3976
9991   3761   3975
9992   1971   3975
9993   1723   3975
9994   1511   3976
9996   3792   3976
10010   2621   3981
10025    240   3985
10026   1924   3985
10043   3991   3992
10044    950   3991
10045   3572   3991
10047   1484   3992
10048   3437   3992
10049   3494   3992
10057   3995   3996
10060    929   3995
10064   3550   3996
10083    838   4003
10088   3475   4005
10089   2778   4005
10090    813   4005
10091   4006   4007
10092    741   4006
10093   3226   4006
10094    865   4006
10095    739   4007
10096   3227   4007
10097   2058   4007
10098   4008   4009
10099    910   4008
10100   3931   4008
10102   1362   4009
10103   3933   4009
10104    657   4009
10105   4010   4011
10108   2461   4010
10109   2192   4011
10112   4012   4013
10114   3777   4012
10115   1891   4012
10117   3759   4013
10123   1867   4015
10124   3600   4015
10125   1424   4015
10152   3873   4024
10154   3922   4024
10158   4026   4027
10159   2858   4026
10160   3386   4026
10161    540   4026
10164    538   4027
10169   2043   4029
10170   3185   4029
10172   4030   4031
10173   3263   4030
10174   3820   4030
10175   3410   4030
10176   3555   4031
10177   3822   4031
10178   3743   4031
10180   4032   4034
10182    347   4032
10184   3956   4034
10185   1973   4032
10187   1723   4034
10210   4041   4043
10212     88   4041
10214   1989   4043
10215   3737   4041
10217    641   4043
10221   1772   4044
10224   2803   4044
10249   2779   4054
10250   1391   4054
10251   3079   4054
10252   4055   4056
10253   2517   4055
10254   3644   4055
10255   3229   4055
10256   3527   4056
10257   3629   4056
10260   4057   4059
10262   3073   4057
10264   1294   4059
10267   1288   4059
10275   4062   4063
10276   2401   4062
10278   1639   4062
10279   2812   4063
10281   2620   4063
10305   4071   4072
10306   1430   4071
10307   3085   4071
10308   2701   4071
10309   2269   4072
10310   2024   4072
10311   1580   4072
10313   2192   4073
10314   3893   4073
10315   2612   4073
10323   1168   4076
10325   3533   4076
10328   3748   4077
10329    365   4077
10337   3101   4080
10340   1104   4080
10348    125   4082
10354   1795   4085
10357   1798   4085
10360   4088   4089
10361    103   4088
10362     91   4088
10363   3736   4088
10364   3608   4089
10366   1211   4089
10392   1221   4097
10395   2933   4097
10400    378   4099
10403   3779   4099
10408   4103   4104
10410    876   4103
10411   3895   4104
10414    923   4104
10415   4105   4106
10422   3543   4106
10446    890   4114
10455    322   4116
10458    769   4116
10461   4119   4120
10462   1472   4119
10463   1457   4119
10466   3981   4120
10470   3866   4121
10476    875   4123
10477   4114   4123
10478   3620   4123
10483   2043   4125
10484   4011   4125
10485   3893   4125
10496   4129   4130
10498      5   4129
10499   2870   4129
10500   3296   4130
10501   3127   4130
10502   2455   4130
10504   1532   4131
10510   4133   4134
10511    413   4133
10514   1102   4134
10515   3688   4134
10521    844   4136
10523   2683   4136
10524   4137   4138
10526   3873   4137
10528   2832   4138
10530   1045   4138
10552   4145   4146
10554   3378   4145
10555    453   4145
10556   3749   4146
10559   4147   4148
10560   1375   4147
10561   3136   4147
10562   1528   4147
10563   2886   4148
10564   2664   4148
10565   2968   4148
10566   4149   4150
10568   3378   4149
10569   1527   4149
10571   4146   4150
10572   1517   4150
10573   4151   4152
10574    909   4151
10575   3876   4151
10576   2845   4151
10577   3931   4152
10579    912   4152
10580   4153   4154
10581   1405   4153
10582   4138   4153
10583   3691   4153
10584   3157   4154
10585   3873   4154
10587   4155   4156
10588    185   4155
10589   3585   4155
10591   2670   4156
10593   2709   4156
10605   2466   4160
10606   2904   4160
10607   1867   4160
10612    739   4162
10613   3958   4162
10614   1797   4162
10622   4165   4166
10624   3509   4165
10625   3498   4165
10626   2860   4166
10628    312   4166
10647   4173   4174
10649    102   4173
10650   2883   4174
10652    520   4173
10653   2141   4174
10665   3268   4178
10668   3053   4178
10673   3413   4180
10676   1449   4180
10679   4183   4184
10680   3203   4183
10681   3568   4183
10682     87   4183
10685     88   4184
10693   4187   4188
10697    515   4188
10699   4089   4187
10700     91   4188
10704   4191   4192
10706   2967   4191
10711   4193   4194
10714   3331   4193
10717   3719   4193
10727   4198   4199
10728   3474   4198
10730   2860   4198
10731   2834   4199
10732   2652   4199
10733   4165   4199
10736   4201   4202
10738    232   4201
10741    365   4201
10742   4013   4202
10745   4204   4205
10750    958   4204
10751   4136   4205
10759   4208   4209
10760   3300   4208
10761   3395   4208
10762   1015   4208
10763   1001   4209
10764   2034   4209
10766   4210   4211
10767   2045   4210
10768   3301   4210
10769   3185   4210
10770   2966   4211
10784   3509   4215
10785   2981   4215
10786   3251   4215
10791   2207   4217
10792   3842   4217
10793   2306   4217
10794   4218   4219
10795   3167   4218
10797   3439   4218
10798   2815   4219
10799   3915   4219
10819   4226   4227
10821   3239   4226
10825   1178   4227
10833   4230   4231
10834   3218   4230
10835   2992   4230
10836   3696   4230
10837    162   4231
10839   2253   4231
10853    923   4236
10854   3866   4236
10855   1038   4236
10856   4237   4238
10857   3300   4237
10858   2997   4237
10859    991   4237
10860   2505   4238
10861   3871   4238
10863   4239   4240
10865   2881   4239
10867   1797   4240
10869   1792   4240
10871   4241   4243
10873    179   4241
10876   1406   4241
10878   3564   4243
10882   4029   4244
10885   1751   4244
10888   4247   4248
10890   4080   4247
10892   3764   4248
10899   2826   4250
10900   3600   4250
10905   1800   4251
10908   4239   4251
10917   4073   4254
10927   4259   4260
10929   4194   4259
10930   3799   4259
10931   3578   4260
10932   4193   4260
10938   3966   4262
10939   4105   4262
10940   4204   4262
10950   3996   4265
10955   4267   4268
10956    202   4267
10957   3766   4267
10958    145   4267
10960   4217   4268
10961   3679   4268
10965   1532   4269
10968    148   4269
10976   2621   4273
10977   1843   4273
10984   2739   4275
10992   4278   4279
10993   3356   4278
10995   3848   4278
10996   2251   4279
10997   3753   4279
11000   4280   4282
11002    794   4280
11005   3981   4280
11007   1843   4282
11013   3322   4285
11016   2891   4285
11018    274   4286
11024   4288   4289
11025   2513   4288
11026   4241   4288
11027   1035   4288
11028   1663   4289
11029   4243   4289
11030   3362   4289
11031   4290   4291
11032   1106   4290
11033   4247   4290
11035   1102   4291
11036   3764   4291
11037   2285   4291
11038   4292   4293
11039   2486   4292
11040   4251   4292
11041   4024   4292
11042   3128   4293
11044   4154   4293
11046   4294   4296
11048    442   4294
11050   3241   4296
11051    531   4294
11053   3955   4296
11054   4297   4298
11055    392   4297
11056   4133   4297
11057   3768   4297
11058   3431   4298
11059   3688   4298
11060   1151   4298
11090    362   4308
11093   2337   4308
11095   4310   4311
11096   2982   4310
11097   3553   4310
11098    487   4310
11099   3886   4311
11100   3180   4311
11101   2146   4311
11111   4315   4316
11113   4121   4315
11114    894   4315
11125   4319   4320
11126   3924   4319
11127   4280   4319
11128   3527   4319
11129    863   4320
11130   4282   4320
11131    803   4320
11154   3079   4326
11162   4202   4330
11168   3748   4332
11170   4145   4332
11183   1901   4337
11186   2238   4337
11191   3580   4339
11204    835   4343
11205   4344   4345
11206   4120   4344
11207   3924   4344
11208   1472   4344
11209   3488   4345
11216   1938   4347
11218   4085   4347
11237   4354   4355
11240   3417   4354
11241   3432   4355
11243   2821   4354
11253   4359   4360
11255   3848   4359
11256    497   4359
11257   3945   4360
11258   4279   4360
11259   2096   4360
11274   2430   4365
11275   1249   4365
11285   4369   4370
11286   2428   4369
11287   4057   4369
11288   1244   4369
11289   1303   4370
11290   4059   4370
11291   1289   4370
11299   4373   4374
11300   3203   4373
11301   3272   4373
11302   1349   4373
11303   4184   4374
11305   1347   4374
11317   3866   4378
11318   4104   4378
11319   1719   4378
11323    576   4379
11326   3020   4379
11331   3704   4382
11332   2612   4382
11336   4384   4385
11337   4134   4384
11340   2285   4385
11342   4275   4385
11343   4386   4387
11346   3215   4386
11347   1070   4387
11349   1266   4386
11350   1265   4387
11352   4389   4390
11353    795   4389
11354   3513   4389
11358    644   4390
11359   4391   4392
11360   3653   4391
11361   4339   4391
11362   3792   4391
11363   3717   4392
11365   4149   4392
11366   4393   4394
11367   2753   4393
11369   4226   4393
11371   3831   4394
11372   1450   4394
11382   4398   4399
11383   2283   4398
11386   2942   4399
11387   4244   4399
11388   4125   4399
11413   4243   4406
11416   2507   4406
11419   4409   4410
11420   1114   4409
11421   4178   4409
11422   3571   4409
11425   3966   4410
11426   4411   4412
11427   3947   4411
11429   1134   4411
11430   2632   4412
11431   4332   4412
11432   3740   4412
11433   4413   4414
11434   3319   4413
11435   4191   4413
11437   3742   4414
11438   4192   4414
11439   1364   4414
11444    320   4416
11445   3828   4416
11451   4010   4418
11452   2186   4418
11458   4227   4420
11461   4421   4422
11462   4349   4421
11463   3796   4421
11464   3509   4421
11467   4166   4422
11468   4423   4424
11471   2455   4423
11474   3296   4423
11475   4259   4424
11477   4426   4427
11479    151   4426
11480   3218   4426
11481   1346   4427
11482    150   4427
11483    147   4427
11488    644   4429
11489   4043   4429
11490   3752   4429
11495   3293   4431
11498   4390   4431
11509   4436   4437
11510    202   4436
11511   4269   4436
11516   4438   4439
11517   1815   4438
11519   3796   4438
11520   2229   4439
11521   4379   4439
11522   4422   4439
11530   4442   4443
11532   4205   4442
11533   1571   4442
11534   2118   4443
11535   4136   4443
11536   2225   4443
11545   2297   4446
11547   4447   4449
11552   3145   4447
11554   1624   4449
11555   4450   4451
11556   3548   4450
11559    841   4451
11560   4003   4451
11562   4452   4453
11564   4265   4452
11566   3804   4453
11567   3995   4453
11568   3853   4453
11569   4454   4455
11570   3777   4454
11571   4099   4454
11572   3759   4454
11573   3287   4455
11575   3761   4455
11576   4456   4457
11577    202   4456
11580   3766   4457
11581   3788   4457
11582   1255   4457
11583   4458   4459
11584   4150   4458
11585   3792   4458
11586   4347   4458
11587   3749   4459
11588   3976   4459
11589   3457   4459
11590   4460   4461
11591    472   4460
11592   4339   4460
11594    470   4461
11595   4392   4461
11601    152   4463
11604    142   4463
11609   3296   4465
11612   4194   4465
11624   4471   4472
11625   4413   4471
11627   1361   4471
11628   2008   4472
11629   3961   4472
11631   4473   4474
11632   3961   4473
11634   3036   4473
11635   2308   4474
11636   4044   4474
11637   3952   4474
11638   4475   4476
11640   2855   4475
11641    655   4475
11642   3510   4476
11643   3755   4476
11644   4008   4476
11651     52   4477
11654   4480   4481
11656    442   4480
11657   3852   4480
11659    438   4481
11660   4452   4481
11661   4482   4483
11662   3967   4482
11663   4188   4482
11664    699   4482
11665    681   4483
11666   4187   4483
11668   4484   4485
11671   2732   4484
11672    971   4485
11673   4385   4485
11674   2733   4485
11676   4486   4488
11680   2297   4488
11681   3819   4486
11683   2306   4488
11691   4491   4492
11692   3906   4491
11693   4486   4491
11694   4451   4491
11696   4488   4492
11706   4495   4497
11708   3452   4495
11711   1416   4495
11714   4498   4499
11716   4178   4498
11718   2878   4499
11719   4410   4499
11720   4105   4499
11721   4500   4501
11722    875   4500
11723   4424   4500
11725   4114   4501
11726   4423   4501
11727   2994   4501
11737   4505   4506
11738   3742   4505
11739   4236   4505
11740   1059   4505
11741   4192   4506
11742   4316   4506
11751   4509   4510
11752   2100   4509
11753   4471   4509
11754   2237   4509
11755   2097   4510
11756   3961   4510
11757   2308   4510
11758   4511   4512
11764   1070   4511
11767   4514   4515
11769   4032   4514
11771   1971   4515
11772   4034   4515
11778   1015   4517
11784    539   4519
11785   4294   4519
11786   3852   4519
11794   4517   4522
11797    996   4522
11799   4524   4525
11800    996   4524
11801   4517   4524
11803    978   4525
11807   3342   4526
11808   4522   4526
11809   2141   4526
11822   4531   4532
11823   1732   4531
11825      3   4531
11827   4465   4532
11851   2980   4538
11854   4541   4542
11857     46   4541
11858   3312   4542
11859   4343   4542
11871   4546   4548
11873   2821   4546
11875    721   4548
11876   4197   4546
11883    700   4550
11884   1973   4550
11885   3503   4550
11899   3333   4553
11934   4566   4567
11936    241   4566
11938   3073   4567
11939   1244   4567
11940   4456   4567
11946   4337   4569
11947   1835   4569
11956    617   4572
11957   4264   4572
11958    549   4572
11966   3400   4575
11969   1077   4575
11972    940   4577
11973   4097   4577
11974   1218   4577
11978   4579   4580
11979   2114   4579
11981   3955   4579
11984   3241   4580
11985   4581   4582
11988   3187   4581
11989    671   4582
11991    684   4581
11992   4450   4582
12022   3855   4593
12025    347   4593
12026   4594   4595
12028   4541   4594
12029   4498   4594
12030    958   4595
12031   4343   4595
12032   4105   4595
12034   3374   4596
12035   4463   4596
12036    161   4596
12044   3518   4599
12046   3701   4599
12050   3528   4600
12053    802   4600
12063   4605   4606
12065   4250   4605
12066   1430   4605
12067   1822   4606
12068   3452   4606
12069   3026   4606
12070   4607   4608
12071    686   4607
12072   4450   4607
12073   3967   4607
12074    848   4608
12075   4003   4608
12086   4612   4613
12089   2464   4612
12091   4285   4613
12092    509   4613
12093   4614   4615
12094   4538   4614
12095   3863   4614
12096   2701   4614
12097    298   4615
12098   3865   4615
12099    553   4615
12105   4273   4617
12106   4063   4617
12107   4618   4619
12108   3229   4618
12109   4349   4618
12110   3488   4618
12111   2517   4619
12138   4627   4629
12140    647   4627
12142   3363   4629
12143    131   4627
12145   3053   4629
12146   4630   4631
12149   2795   4630
12150   1732   4631
12152   2436   4630
12153   3336   4631
12155   4633   4634
12156    358   4633
12157    764   4633
12159   3432   4634
12160   3417   4634
12161   4593   4634
12167   4013   4637
12170   1971   4637
12171   4638   4639
12174   1416   4638
12175   3831   4639
12176   4553   4639
12177   4497   4639
12182   4215   4641
12183   4538   4641
12184   3498   4641
12186   4642   4644
12188   1676   4642
12190   1835   4644
12191   1667   4642
12193   1504   4644
12198   4472   4646
12199   3036   4646
12200   2874   4646
12201   4647   4648
12204   4260   4647
12206   3701   4648
12207    876   4648
12208   4649   4650
12209   3906   4649
12210   4204   4649
12211   3991   4649
12212   3818   4650
12213   4205   4650
12214   3494   4650
12216   4076   4651
12217   4431   4651
12226   2802   4654
12227   4184   4654
12228   1347   4654
12245   4660   4661
12246   4054   4660
12247   4326   4660
12248    438   4660
12249   2780   4661
12250   4651   4661
12256    803   4663
12259   4664   4665
12260    576   4664
12262    568   4664
12263   2071   4665
12265   4345   4665
12266   4666   4667
12268   4244   4666
12269   3302   4666
12270   4248   4667
12271   4398   4667
12272   3366   4667
12274   2694   4668
12276   4247   4668
12280   4670   4671
12281    862   4670
12282   4082   4670
12283    741   4670
12284   4339   4671
12286   1722   4671
12287   4672   4673
12288   4455   4672
12290   1510   4672
12291   4099   4673
12292   4406   4673
12293   3564   4673
12295   4665   4674
12296   1472   4674
12305    602   4677
12308   3166   4677
12310   4679   4680
12313    629   4679
12314    802   4680
12315   4446   4680
12316   4663   4680
12324   4683   4684
12326   4477   4683
12327   4612   4683
12328     71   4684
12330   4285   4684
12339   3322   4687
12344   3515   4689
12346   1134   4689
12347   4690   4691
12348   3333   4690
12349   4437   4690
12350   3831   4690
12352   4420   4691
12353   4393   4691
12354   4692   4693
12355    580   4692
12356   4379   4692
12357    568   4692
12359   4438   4693
12385   4156   4701
12388   4703   4704
12390   2505   4703
12391   3893   4704
12393   3366   4703
12394   4398   4704
12412   1742   4710
12413   4302   4710
12414   3802   4710
12418   4712   4713
12419   3650   4712
12420   2493   4712
12421   1035   4712
12422   2670   4713
12423   4646   4713
12424    185   4713
12438   4647   4716
12450   4722   4723
12451   3017   4722
12452   4387   4722
12454    586   4723
12455   4386   4723
12456    576   4723
12466   4727   4728
12467   1529   4727
12469   3058   4727
12470   2967   4728
12472    497   4728
12487   4733   4734
12491   1671   4734
12493   2969   4733
12494   3374   4734
12496   4736   4737
12498   3967   4736
12499   1207   4736
12501   4608   4737
12502   1619   4737
12503   4738   4739
12504    643   4738
12505   4679   4738
12506    626   4738
12507   1209   4739
12508   4446   4739
12509   4736   4739
12511   3799   4740
12512   4716   4740
12513   3476   4740
12530   1294   4746
12535   4748   4749
12536   4566   4748
12537   4553   4748
12538   3985   4748
12539   3073   4749
12540   4638   4749
12541   4746   4749
12553   4754   4755
12556   2612   4755
12558   2779   4754
12559   3704   4755
12567   4758   4759
12568   4679   4758
12569   4600   4758
12570   4389   4758
12571    641   4759
12573    644   4759
12581   4762   4763
12582   1924   4762
12583   4746   4762
12584   3628   4762
12585   3164   4763
12587   3645   4763
12588   4764   4765
12591   3401   4764
12592   3450   4765
12595   2832   4765
12597   4767   4768
12599   4546   4767
12600   3543   4767
12601     48   4768
12602   4548   4768
12603     33   4768
12604   4769   4770
12605   4209   4769
12606   4668   4769
12607   3366   4769
12608   4524   4770
12621   1765   4773
12624   4666   4773
12632   1795   4778
12635   1789   4778
12636   4779   4780
12637   3603   4779
12638   4447   4779
12639   4541   4779
12640   2062   4780
12641   4449   4780
12642   3312   4780
12644   4431   4781
12646   2517   4781
12657   4785   4786
12658   1345   4785
12659   4654   4785
12660   3568   4785
12661   2109   4786
12662   2800   4786
12663   2883   4786
12672   3953   4789
12673   4631   4789
12678   4791   4792
12679   2704   4791
12680   4355   4791
12681      9   4791
12682   4197   4792
12683   4354   4792
12684      0   4792
12692   2428   4794
12694   4796   4797
12695   4486   4796
12696   4582   4796
12697   3520   4796
12698   2003   4797
12699   4581   4797
12700    324   4797
12712   3800   4801
12714   3936   4801
12716   1624   4802
12718   1619   4802
12729    940   4805
12749   4813   4814
12750   1181   4813
12752   1184   4813
12753   2891   4814
12754   4687   4814
12755   2780   4814
12756   4815   4816
12759   1261   4815
12760   2827   4816
12762   4484   4815
12763   4384   4816
12765   4818   4819
12768    432   4818
12769   1525   4819
12770   4727   4819
12772   4820   4821
12773   4080   4820
12775   3174   4820
12776   4248   4821
12777   4773   4821
12778   3720   4821
12779   4822   4823
12780   4437   4822
12781   4503   4822
12782   4420   4822
12783   4269   4823
12786   4824   4825
12787   3719   4824
12788   4465   4824
12789      0   4824
12790   2795   4825
12791   4531   4825
12792   4197   4825
12801   2933   4828
12802   4805   4828
12803    945   4828
12808   4512   4830
12809   4674   4830
12810   4114   4830
12821   4834   4835
12822   1329   4834
12823   1446   4834
12824   3522   4834
12825   1325   4835
12826   3468   4835
12827   1330   4835
12828   4836   4837
12829   2143   4836
12830   4677   4836
12831    606   4836
12832   2778   4837
12840   3457   4840
12843   4347   4840
12844   4841   4842
12845   4818   4841
12847    429   4841
12848   1445   4842
12850   3386   4842
12852   4384   4843
12854   2827   4843
12867   4848   4849
12868     46   4848
12869   4627   4848
12870     47   4848
12871   4498   4849
12872   4629   4849
12873     31   4849
12877   1037   4850
12880   3362   4850
12884   4137   4853
12885   4765   4853
12886   4180   4853
12894   4302   4856
12897   2146   4856
12899   4858   4859
12903   3194   4859
12904   4637   4859
12905   4330   4859
12907   4860   4862
12909     55   4860
12911   4858   4862
12912     64   4860
12915   4863   4864
12918   1287   4863
12919   4693   4864
12921   4056   4863
12922   3229   4864
12931   4868   4869
12932    739   4868
12934   2455   4868
12936    700   4869
12937   3127   4869
12947   4873   4874
12950   3995   4873
12951    920   4874
12953   4648   4873
12954   4103   4874
12957   1168   4876
12958   1279   4876
12959   4754   4876
12978   4882   4884
12980   1964   4882
12982   3167   4884
12983   1965   4882
12985   2268   4884
12990   2738   4886
12991   4704   4886
12992   4254   4886
12997   4716   4888
12998   4873   4888
12999   3853   4888
13004   1797   4890
13005   4778   4890
13006   1798   4890
13007   4891   4892
13008   3355   4891
13009   4813   4891
13011   4278   4892
13012   4687   4892
13013   3752   4892
13014   4893   4894
13015   4187   4893
13018   3608   4894
13019   4701   4894
13021   4895   4896
13023   4858   4895
13025   4514   4896
13026   4637   4896
13027   1891   4896
13032    977   4898
13035   4484   4898
13046   4903   4904
13047   4133   4903
13048   4816   4903
13049   2502   4903
13051   4815   4904
13052   2501   4904
13053   4905   4906
13054   1616   4905
13055   3272   4905
13056    979   4905
13058    627   4906
13059   1622   4906
13065   3552   4909
13068   2463   4909
13070   2127   4910
13071   4526   4910
13072   3474   4910
13082   3128   4912
13085   4915   4916
13086   4345   4915
13087   4864   4915
13088    568   4915
13089   3924   4916
13090   4863   4916
13091   1293   4916
13093   4917   4919
13095   3234   4917
13097   1466   4919
13100   4273   4919
13102   1226   4920
13103   4805   4920
13104   3691   4920
13108   4922   4923
13111   3016   4922
13112   4129   4923
13114   4532   4922
13115   3296   4923
13117   4925   4926
13118    515   4925
13119   4173   4925
13120     91   4925
13121    306   4926
13122   4174   4926
13123   3189   4926
13128   2846   4928
13131   3768   4928
13136   1216   4930
13139   1217   4930
13142   4933   4934
13145    285   4933
13146   1101   4934
13147   4909   4934
13158   4938   4939
13159   2992   4938
13160   4734   4938
13161   2289   4938
13162   4231   4939
13163   4733   4939
13164   1100   4939
13165   4940   4941
13167   4754   4940
13168   1174   4940
13169   3871   4941
13170   4755   4941
13171   2506   4941
13176      3   4943
13179   4197   4943
13181   4945   4946
13182   4406   4945
13183   4850   4945
13184   1022   4945
13185   4672   4946
13187   1719   4946
13188   4947   4948
13189   4904   4947
13190   4898   4947
13191   3610   4947
13192    413   4948
13194    419   4948
13200   2162   4951
13208   1044   4953
13209   4862   4953
13213   4955   4956
13215   1151   4955
13216   4764   4956
13218   3688   4955
13219   3002   4956
13220   4957   4958
13221   3886   4957
13222   4856   4957
13223   3903   4957
13224   1216   4958
13239    950   4962
13242   3906   4962
13245   4965   4966
13246   4843   4965
13247   4955   4965
13248   1076   4965
13249   4951   4966
13250   4956   4966
13251   3401   4966
13256   4477   4968
13258   2753   4968
13280   4514   4976
13283   4895   4976
13284   4977   4978
13285   4137   4977
13287   1046   4977
13288   3413   4978
13289   4840   4978
13290     77   4978
13291   4979   4980
13292   3653   4979
13293   4946   4979
13294   4671   4979
13295   3001   4980
13296   4850   4980
13297   4082   4980
13323   4989   4990
13324   1765   4989
13325   4811   4989
13326   4794   4989
13327   4240   4990
13329   1996   4990
13355   4999   5000
13356   4934   4999
13358   3180   4999
13359   2999   5000
13360   4930   5000
13361   3886   5000
13374   4647   5005
13377   3331   5005
13378   5006   5007
13379   4572   5006
13383   5005   5007
13384   4599   5007
13385   5008   5009
13386   4512   5008
13387   4575   5008
13389   4123   5009
13391    809   5009
13392   5010   5011
13395    577   5010
13396   1300   5011
13398   1303   5010
13399   1288   5011
13417   5018   5019
13420   1076   5018
13421   1151   5019
13423   1156   5018
13426   5021   5022
13427   4830   5021
13428   4923   5021
13429   4664   5021
13430   4511   5022
13431   4922   5022
13432   4722   5022
13436    996   5023
13439    968   5023
13453    606   5029
13456   3282   5029
13490   5041   5042
13491   1070   5041
13493   3215   5041
13494   4843   5042
13495   4951   5042
13496   4275   5042
13506   5046   5047
13507   1460   5046
13509   4119   5046
13510   1328   5047
13513   5048   5049
13514   3806   5048
13515   4856   5048
13517   2901   5049
13518   4958   5049
13519   3235   5049
13536   5055   5056
13539   2266   5055
13540   4492   5056
13541   4962   5056
13542   2264   5056
13547   3113   5058
13549   3097   5058
13550   5059   5060
13551   4801   5059
13552   5019   5059
13553   3769   5059
13554   3934   5060
13555   5018   5060
13556   1577   5060
13568   5065   5066
13570    191   5065
13573   1804   5065
13574    238   5066
13578   1080   5067
13581   5008   5067
13584   5070   5071
13585   1867   5070
13587   4633   5070
13589   4976   5071
13590   4593   5071
13598   5074   5075
13601   4316   5074
13602   1440   5075
13604   4192   5074
13605   2968   5075
13607   5077   5078
13608   4594   5077
13609   4962   5077
13610   3268   5077
13611   4447   5078
13612   5055   5078
13613   3844   5078
13630   5084   5085
13631   4355   5084
13632   4912   5084
13633    284   5084
13634   3606   5085
13636   4933   5085
13644   5088   5089
13645   2886   5088
13646   5075   5088
13647   3234   5088
13648   1364   5089
13649   5074   5089
13655   1148   5091
13658   1155   5091
13660   5093   5094
13661   4511   5093
13662   5067   5093
13663   1068   5093
13664   4532   5094
13666   1736   5094
13699   5105   5106
13700   3026   5105
13701   4746   5105
13703   1822   5106
13704   4763   5106
13705   2980   5106
13706   5107   5108
13707    300   5107
13708   5023   5107
13709   3342   5107
13710    308   5108
13712   2860   5108
13714   5109   5111
13716   3750   5109
13718   2203   5111
13719   3452   5109
13721   4250   5111
13722   5112   5113
13723   1563   5112
13724   5065   5112
13725   4759   5112
13727   5066   5113
13728   4600   5113
13761   5124   5125
13762   3191   5124
13763   3915   5124
13765   1508   5125
13766    514   5125
13785    627   5131
13787   3272   5131
13800   5136   5137
13801    392   5136
13802   4928   5136
13803   3903   5136
13804   1218   5137
13806   4958   5137
13807   5138   5139
13808   5131   5138
13809   4374   5138
13810   4041   5138
13812   4891   5139
13813   4429   5139
13819   2796   5142
13822   5007   5142
13823   5143   5144
13824   5124   5143
13825   4218   5143
13826   4286   5143
13827   5125   5144
13828   3282   5144
13829   3910   5144
13835    742   5147
13838   1717   5147
13839   5148   5149
13840   2704   5148
13841   4943   5148
13842     17   5148
13843    289   5149
13845    845   5149
13846   5150   5151
13849   3956   5150
13850   2486   5151
13852    347   5150
13853   3432   5151
13855   5153   5154
13856   4365   5153
13857   4794   5153
13858   1751   5153
13859   2460   5154
13861   4029   5154
13862   5155   5156
13863    289   5155
13864   4933   5155
13865   4106   5155
13866   4442   5156
13867   4909   5156
13868   4262   5156
13869   5157   5158
13870   4811   5157
13871   5011   5157
13872   2223   5157
13873   4990   5158
13874   5010   5158
13875   2881   5158
13885   5162   5163
13889   4286   5163
13891   3942   5162
13892   3191   5163
13903   5168   5169
13904   3376   5168
13905   5058   5168
13907   4596   5169
13909    782   5169
13913    763   5170
13916   4828   5170
13919   5173   5174
13920   1504   5173
13921   5163   5173
13922   2624   5173
13923   1835   5174
13924   5162   5174
13925   3447   5174
13926   5175   5176
13927    514   5175
13928   5029   5175
13930    518   5176
13932   4894   5176
13949   5182   5183
13950   4767   5182
13951   4943   5182
13953   4106   5183
13954   5149   5183
13955   4343   5183
13956   5184   5185
13957   4044   5184
13958   5029   5184
13959   1769   5184
13960   4473   5185
13961   5176   5185
13963   5186   5187
13964   4882   5186
13965   5091   5186
13966   2548   5186
13967   4884   5187
13969   3439   5187
13978   3853   5190
13979   5191   5192
13980    971   5191
13981   4898   5191
13982    973   5191
13983   2289   5192
13984   4948   5192
13985   2992   5192
13986   5193   5194
13987   2916   5193
13989   3416   5193
13990   3518   5194
13991   5142   5194
13992   3591   5194
13993   5195   5196
13994   2652   5195
13996   2834   5195
13997   3804   5196
13998   5190   5196
14029   3620   5204
14032   5207   5208
14035   2759   5207
14036   3192   5208
14038   2883   5207
14039   2141   5208
14051   3664   5213
14053   1326   5213
14057   5215   5216
14059   5109   5215
14060   4895   5215
14061   4015   5216
14062   5111   5216
14063   5071   5216
14074   5220   5222
14076   3644   5220
14078   2014   5222
14079   4781   5220
14082   5223   5224
14083   3293   5223
14084   5220   5223
14085   1549   5223
14086   4265   5224
14087   5222   5224
14089   5225   5226
14090    913   5225
14091   4928   5225
14092    903   5225
14094   5137   5226
14095   2740   5226
14112   5232   5233
14113   5019   5232
14114   5091   5232
14115   1147   5232
14116   4801   5233
14117   5187   5233
14118    947   5233
14128   5237   5238
14129   4517   5237
14130   5208   5237
14131   1862   5237
14132   4525   5238
14133   5207   5238
14134   1666   5238
14146    885   5242
14149   4919   5242
14152   5244   5246
14154   4605   5244
14156   2826   5246
14157   1822   5244
14165   1350   5249
14168   2171   5249
14169   5250   5251
14170   4194   5250
14171   5094   5250
14172   3617   5250
14173    809   5251
14174   5067   5251
14175   3055   5251
14177   5252   5254
14181   4481   5254
14182   3410   5252
14184   4265   5254
14185   5255   5256
14188   3251   5255
14189   2540   5256
14191   3804   5255
14192    929   5256
14204   2588   5260
14207   1883   5260
14213   3174   5263
14216   3153   5263
14219   5266   5267
14220   4296   5266
14221   5195   5266
14222   4677   5266
14223   4519   5267
14224   5190   5267
14225   4837   5267
14226   5268   5269
14227   1457   5268
14228   5204   5268
14229   3467   5268
14230   1460   5269
14232   1324   5269
14249   5275   5276
14250   4293   5275
14252   3492   5275
14253   4251   5276
14254   5263   5276
14255   3720   5276
14256   5277   5278
14257   4920   5277
14258   5170   5277
14259   3690   5277
14260   1217   5278
14262   4912   5278
14263   5279   5280
14264   3578   5279
14266   4424   5279
14267   4550   5280
14268   5147   5280
14269   4868   5280
14271    867   5281
14272   5242   5281
14273    872   5281
14277   5283   5284
14280    266   5283
14281   3438   5284
14283   5162   5283
14284    274   5284
14286   5286   5287
14288   5278   5286
14289    284   5286
14290    722   5287
14291   5170   5287
14292    719   5287
14293   5288   5289
14294   4012   5288
14295   1885   5288
14296   5260   5288
14297   4202   5289
14298   4497   5289
14323   5297   5298
14324   4538   5297
14325   5244   5297
14326   2701   5297
14328   5246   5298
14329    544   5298
14338   1450   5301
14343   3239   5303
14346   4940   5303
14348   5305   5306
14349   5151   5305
14350      9   5305
14351   4239   5305
14352   5150   5306
14353   4869   5306
14354   4162   5306
14355   5307   5308
14358   1112   5307
14359    483   5308
14361    865   5307
14362   2057   5308
14367   3871   5310
14370   4580   5310
14374   3820   5313
14375   5252   5313
14380   5315   5316
14381   1386   5315
14382   5310   5315
14383   3704   5315
14384   4198   5316
14388   3658   5317
14390   1421   5317
14394   5319   5320
14395   5085   5319
14396   5263   5319
14397   1101   5319
14398   4912   5320
14399   5275   5320
14400   1097   5320
14401   5321   5322
14402   4805   5321
14403   5284   5321
14405    945   5322
14406   5283   5322
14407   2904   5322
14421   2624   5327
14424   4097   5327
14426   5329   5330
14427   4553   5329
14428   5289   5329
14429    232   5329
14430   3985   5330
14431   5260   5330
14432    243   5330
14450   5336   5338
14452    260   5336
14454   4219   5338
14455    991   5336
14457   2114   5338
14459   4599   5339
14460   5256   5339
14461   5246   5339
14465   5341   5342
14466   4503   5341
14469   4823   5342
14470   5249   5342
14471    143   5342
14511   5355   5356
14514   4651   5355
14515   4326   5356
14517   4781   5355
14545   5366   5367
14547    430   5366
14548   4359   5367
14550   4818   5366
14551   4728   5367
14552   5368   5369
14553   2930   5368
14554   5336   5368
14555    266   5368
14557   5338   5369
14558   3438   5369
14559   5370   5371
14561   5366   5370
14562   5313   5370
14563   4191   5371
14564   5367   5371
14565   3945   5371
14568   5373   5374
14570    324   5373
14571   2003   5374
14573   4416   5373
14574   3829   5374
14575   5375   5376
14576   1255   5375
14577   5308   5375
14578   3841   5375
14579   2262   5376
14580   5307   5376
14581   2898   5376
14584   5378   5379
14586   4674   5378
14587   2071   5379
14589   4512   5378
14590   5041   5379
14591   5380   5381
14592   1924   5380
14593   3628   5380
14594   1549   5380
14595    240   5381
14596   1544   5381
14597   5113   5381
14607   5385   5386
14610   4003   5385
14611   4449   5386
14613   4737   5385
14614   4802   5386
14619   1046   5388
14622   4862   5388
14625   5391   5392
14629   2162   5392
14631   5047   5391
14637   1939   5394
14640   4180   5394
14653     48   5399
14656   4789   5399
14672   5066   5406
14673   5374   5406
14674   2298   5406
14691   5412   5413
14692   1077   5412
14693   5378   5412
14694   5046   5412
14695   4951   5413
14696   5379   5413
14697   5392   5413
14698   5414   5415
14699   4475   5414
14701     46   5414
14702   3510   5415
14703   5399   5415
14704     47   5415
14705   5416   5417
14706    515   5416
14708   4893   5416
14709    520   5417
14711   5175   5417
14721   5421   5422
14722   5070   5421
14724    358   5421
14725   4976   5422
14726   5388   5422
14753   5431   5432
14754   1336   5431
14757   1329   5432
14758   5394   5432
14759   1318   5432
14768   5435   5437
14770   2921   5435
14772   4411   5437
14773   4308   5435
14775   4689   5437
14776   5438   5439
14777   4349   5438
14778   5356   5438
14779   4382   5438
14780   4619   5439
14781   5355   5439
14782   3533   5439
14783   5440   5441
14785   5435   5440
14786   4077   5440
14787   2464   5441
14788   5437   5441
14789   4332   5441
14790   5442   5443
14791   3602   5442
14792   5416   5442
14793    562   5442
14794    602   5443
14795   5417   5443
14796    606   5443
14797   5444   5445
14798   4575   5444
14799   5269   5444
14800   2858   5444
14801   5009   5445
14802   5204   5445
14803   4027   5445
14804   5446   5447
14805   4663   5446
14806   5386   5446
14807   5055   5446
14808   4446   5447
14809   5385   5447
14810   4492   5447
14816   2740   5450
14819   2094   5450
14820   5451   5452
14821   2074   5451
14822   5392   5451
14823   4254   5451
14825   5391   5452
14826   2192   5452
14827   5453   5454
14830   1894   5453
14831   2997   5454
14833   1895   5453
14834   3300   5454
14838   5457   5458
14840    947   5457
14841   3800   5458
14843   4577   5457
14844   5226   5458
14848   1044   5459
14851   2930   5459
14861   5464   5465
14862   4211   5464
14863   5454   5464
14864   5301   5464
14866   5453   5465
14867   5317   5465
14877   5469   5470
14878   2756   5469
14880   5327   5469
14881   1499   5470
14882   5450   5470
14884   5471   5472
14885   1050   5471
14886   5369   5471
14887   5459   5471
14888   3415   5472
14889   4579   5472
14900   5476   5477
14901   1762   5476
14902   4773   5476
14903   4811   5476
14904   3102   5477
14905   4820   5477
14906   2223   5477
14933   3852   5485
14936    538   5485
14951    229   5491
14962   1249   5496
14966   5497   5498
14967   3515   5497
14968   5469   5497
14969   2901   5497
14970   3059   5498
14971   5450   5498
14972   3235   5498
14994   4617   5506
14997   1843   5506
14998   5507   5508
14999   2425   5507
15000   5399   5507
15001   5182   5507
15002   3068   5508
15003   5414   5508
15004   4542   5508
15037   5519   5520
15038   5327   5519
15039   5457   5519
15040   4286   5519
15041   5470   5520
15042   5458   5520
15043   3910   5520
15060   5526   5527
15061   4116   5526
15063    362   5526
15064   4131   5527
15065   5491   5527
15066   2337   5527
15072   3831   5530
15075   2966   5530
15092   5536   5537
15095   1352   5536
15096   5089   5537
15098    648   5536
15099   4917   5537
15122   5496   5545
15123   4010   5545
15124   5546   5547
15125   1624   5546
15127   3005   5546
15128   3145   5547
15129   5506   5547
15147   5553   5554
15148    877   5553
15150   4874   5553
15151   4740   5554
15152   5485   5554
15153   4888   5554
15266   5590   5591
15269   3073   5590
15271   5530   5591
15272   4638   5591
15274   5242   5592
15275   5537   5592
15276   4315   5592
15372   4842   5622
15375   4027   5622
15385   5627   5628
15386    894   5627
15388   4316   5627
15389   5204   5628
15390   5622   5628
15391   1440   5628
15394   5630   5631
15396   4668   5630
15397   4290   5631
15399   4770   5630
15400   2285   5631
15413   2153   5636
15421   5496   5638
15422   5636   5638
15423   4365   5638
15428   2000   5640
15429   5636   5640
15430   4778   5640
15445    484   5646
15448   5496   5646
15458   5650   5651
15459   4968   5650
15461   4684   5650
15462   4226   5651
15464   2891   5651
15494   5303   5661
15495   2779   5661
15496   5651   5661
15500   1424   5662
15503   5215   5662
15513   5667   5668
15516   4238   5667
15519    991   5667
15520   4522   5668
15522   5670   5671
15523   4910   5670
15524   5668   5670
15525   5316   5670
15526   2114   5671
15527   5667   5671
15528   5310   5671
15529   5672   5673
15530   5341   5672
15532    151   5672
15533   3788   5673
15534   5646   5673
15535   1304   5673
15537   4495   5674
15538   5662   5674
15539   5317   5674
15543   5676   5677
15544   4525   5676
15545   5630   5676
15546   1671   5676
15547    971   5677
15548   5631   5677
15549   2289   5677
15554   4858   5679
15555   5662   5679
15556   4953   5679
15557   5680   5681
15560   1104   5680
15561   2222   5681
15563   3101   5680
15564   3396   5681
15566   5683   5684
15567   1668   5683
15568   5681   5683
15569   2969   5683
15570   2692   5684
15571   5680   5684
15572   4733   5684
15591   5691   5692
15594   5341   5691
15595   3469   5692
15597   5249   5692
15620   1181   5700
15621   5692   5700
15622   1184   5700
15630   5703   5704
15633   2733   5703
15634   1266   5704
15636   5023   5703
15637   5108   5704
15639   5706   5707
15641   5704   5706
15642   3215   5706
15644   5703   5707
15645   4275   5707
15647   5708   5710
15649   5190   5708
15651   4716   5710
15652   5006   5708
15654   5005   5710
15662   5713   5714
15663    617   5713
15664   5708   5713
15665   4837   5713
15666    808   5714
15667   5710   5714
15668   4005   5714
15674   5547   5717
15677    651   5717
15683   5213   5720
15686   5545   5720
15692    177   5723
15695    375   5723
15696   5724   5725
15697   2716   5724
15699   2812   5724
15700   4917   5725
15701   5717   5725
15702   4617   5725
15703   5726   5727
15704   5672   5726
15707   5646   5727
15708   5720   5727
15719   5731   5732
15720   5491   5731
15723   5526   5732
15724   5723   5732
15725   4416   5732
15729   4906   5733
15732   4802   5733
15735   5736   5737
15736   5546   5736
15737   5733   5736
15738   1616   5736
15739   5506   5737
15741   4062   5737
15742   5738   5739
15743    232   5738
15744   5731   5738
15745    243   5738
15746    378   5739
15747   5723   5739
15748    824   5739
15758   5743   5744
15759   5691   5743
15760   5726   5743
15761   3223   5743
15762   4418   5744
15763   5720   5744
15764   1461   5744
15765   5745   5746
15766   4282   5745
15767   5737   5745
15768   3094   5745
15769   4663   5746
15770   5733   5746
15771    629   5746
15772   5747   5748
15773   3871   5747
15775   5303   5747
15776   2997   5748
15778   5301   5748
15784   4477   5751
15787   2753   5751
15788   5752   5753
15789   4201   5752
15791   4077   5752
15792   4330   5753
15793   5751   5753
15794    462   5753
15799   3488   5755
15802   4120   5755
15804   5757   5758
15805    977   5757
15807   3610   5757
15808   1617   5758
15810   3876   5758
15815   1227   5760
15818    721   5760
15820   5762   5763
15823   2120   5762
15824   2171   5763
15826   4613   5762
15827   1178   5763
15830   5765   5767
15832   5301   5765
15834   5674   5767
15837   5679   5767
15838   5768   5769
15839   5047   5768
15840   5755   5768
15841   5452   5768
15842   1461   5769
15844   2186   5769
15845   5770   5771
15846   4420   5770
15847   5763   5770
15848   4823   5770
15850   5762   5771
15851   1657   5771
15853   5772   5774
15855    794   5772
15857   3147   5774
15858   4619   5772
15860   3533   5774
15861   5775   5776
15862   5755   5775
15863   5772   5775
15864   3981   5775
15865   5769   5776
15866   5774   5776
15867   1459   5776
15881   5757   5781
15883   1309   5781
15893   5785   5786
15894   2753   5785
15895   5765   5785
15896   4394   5785
15897   4330   5786
15898   5767   5786
15899   4497   5786
15900   5787   5788
15901   5726   5787
15902   2402   5787
15904   4426   5788
15905   1346   5788
15906   5781   5788
15907   5789   5790
15908   5193   5789
15909   5760   5789
15910   3464   5789
15911   5142   5790
15913   4264   5790
15917   4566   5791
15920    202   5791
15928   5706   5796
15931   2860   5796
15932   5797   5798
15933   4349   5797
15935   2074   5797
15936   4422   5798
15937   5796   5798
15938   2063   5798
15939   5799   5800
15940   4436   5799
15941   5791   5799
15942   3333   5799
15943   4131   5800
15945   5491   5800
15955   5804   5805
15956   4382   5804
15957   5797   5804
15958   4254   5804
15959   5316   5805
15960   5796   5805
15974   5459   5810
15977   5748   5810
15983   2942   5813
15986   4011   5813
15987   5814   5815
15988   4968   5814
15990   4860   5814
15991   5765   5815
15992   5810   5815
15993   4953   5815
15994   5816   5817
15995   1328   5816
15997   5431   5816
15998   5391   5817
15999   5813   5817
16000   2941   5817
16006   2313   5820
16009    241   5820
16010   5821   5822
16011   5800   5821
16013    321   5821
16014   5791   5822
16015   5820   5822
16016   4268   5822
16017   5823   5824
16018   5213   5823
16019   5816   5823
16020   1318   5823
16021   5545   5824
16022   5813   5824
16023   5636   5824
16029   3888   5827
16032   3447   5827
16034   5828   5830
16036   5169   5828
16038   4463   5830
16039   5058   5828
16041   3281   5830
16042   5831   5832
16043   4116   5831
16044   5828   5831
16045    332   5831
16046   4131   5832
16047   5830   5832
16048    321   5832
16049   5833   5834
16050   5731   5833
16051   5821   5833
16052   5373   5833
16053    238   5834
16054   5820   5834
16055   5406   5834
16060   1913   5836
16061   5827   5836
16068   4580   5839
16071   5747   5839
16075   1409   5840
16078   2709   5840
16081   5843   5844
16082   3187   5843
16084    320   5843
16085   3713   5844
16086   5840   5844
16087    678   5844
16091    783   5845
16097   5848   5849
16100   2652   5848
16101   3804   5849
16103   4326   5848
16104   4452   5849
16110   4569   5852
16111   5845   5852
16112   5827   5852
16113   5853   5854
16114   5814   5853
16117   5810   5854
16118   5839   5854
16119   5472   5854
16120   5855   5856
16121   5650   5855
16122   5853   5855
16123     74   5855
16124   5661   5856
16125   5839   5856
16126   1391   5856
16143   5862   5863
16144   5222   5862
16145   3251   5862
16146   5849   5862
16147   5356   5863
16148   3509   5863
16149   5848   5863
16151   5864   5866
16153   1045   5864
16155   3691   5866
16156   1050   5864
16158   5321   5866
16163   4480   5868
16166   4841   5868
16168   5870   5871
16169   4155   5870
16170   5840   5870
16171    174   5870
16172    197   5871
16173   5843   5871
16174   3828   5871
16184   5875   5876
16185   5370   5875
16186   5868   5875
16187   5252   5875
16188   4506   5876
16190   1059   5876
16191   5877   5878
16192   1044   5877
16193   5864   5877
16194   5388   5877
16195   4160   5878
16196   5866   5878
16197   5421   5878
16199   5879   5881
16201   1174   5879
16203   3134   5881
16204   4227   5879
16206   4503   5881
16212   1915   5884
16215   4337   5884
16216   5885   5886
16217   4146   5885
16219     52   5885
16220   1530   5886
16222   3154   5886
16232   5890   5891
16233   4683   5890
16234    453   5890
16235   5885   5890
16236     71   5891
16237   4819   5891
16238   5886   5891
16239   5892   5893
16240   5622   5892
16241   5868   5892
16242   5485   5892
16243   5627   5893
16244   5876   5893
16245   5553   5893
16246   5894   5895
16247   1580   5894
16249   2915   5894
16250   2269   5895
16251   5884   5895
16252   3775   5895
16253   5896   5897
16255   5894   5896
16256   1582   5896
16257   5852   5897
16258   5884   5897
16259   5836   5897
16260   5898   5899
16261   5700   5898
16262   5879   5898
16263   4876   5898
16264   5691   5899
16265   5881   5899
16266   4418   5899
16271   5168   5901
16274   4642   5901
16365   5931   5932
16366   4644   5931
16367   5901   5931
16368   3097   5931
16369   4569   5932
16371   5845   5932
16395   5940   5941
16398   5147   5940
16399   5279   5941
16401    736   5940
16402   4500   5941
16404   5943   5944
16405    877   5943
16406   5941   5943
16407   4103   5943
16408   4121   5944
16409   5940   5944
16410   4378   5944
16420   5948   5949
16421     64   5948
16423   2546   5948
16424   5853   5949
16426   3415   5949
16436   5953   5954
16437   5948   5953
16438   1439   5953
16439   3154   5953
16440   5949   5954
16441   3387   5954
16442     74   5954
16445   5956   5957
16447    438   5956
16448    430   5957
16450   4661   5956
16451   4687   5957
16454   5959   5960
16456   1668   5959
16457   2029   5960
16459   1677   5959
16460   2031   5960
16466   1227   5963
16469   5836   5963
16470   5964   5965
16471   5901   5964
16472   5959   5964
16473    782   5964
16474   5932   5965
16475   5960   5965
16477   5966   5967
16478    722   5966
16480    724   5966
16481    719   5967
16482   5963   5967
16483    721   5967
16484   5968   5969
16485   3293   5968
16486   5956   5968
16487   5254   5968
16488   2645   5969
16489   5957   5969
16490   5313   5969
16495   1288   5971
16498   4811   5971
16501   5973   5975
16503   3469   5973
16505   1184   5975
16506   3147   5973
16508   4076   5975
16509   5976   5977
16510   4794   5976
16511   5971   5976
16512   4057   5976
16513   5154   5977
16515   5590   5977
16517   5978   5980
16519   3622   5978
16522   3649   5978
16524   3180   5980
16525   5981   5982
16526   3513   5981
16527   5973   5981
16528   5131   5981
16529   4390   5982
16530   5975   5982
16531   5139   5982
16535   2888   5983
16538   3341   5983
16541   5986   5987
16542   5971   5986
16543   5983   5986
16544   1762   5986
16545   5977   5987
16547   3185   5987
16548   5988   5989
16549   1114   5988
16550   5978   5988
16551   1136   5988
16552   4410   5989
16553   5980   5989
16554   2584   5989
16555   5990   5991
16556   5591   5990
16557   5987   5990
16558   4211   5990
16559   3658   5991
16560   5983   5991
16561   5465   5991
16579   5997   5999
16581   4770   5997
16583   2739   5999
16584    996   5997
16586   5707   5999
16587   6000   6001
16588   5668   6000
16589   5997   6000
16590   4703   6000
16591   5805   6001
16592   5999   6001
16593   4886   6001
16667   6025   6026
16669   5105   6025
16670   1294   6025
16672   1815   6026
16673   4693   6026
16683   6030   6031
16684   6025   6030
16685   3341   6030
16686   1288   6030
16687   6026   6031
16688   3084   6031
16689   1300   6031
16692   6033   6034
16694   2460   6033
16695   3134   6034
16697   3788   6033
16698   4503   6034
16699   6035   6036
16700   4456   6035
16701   6033   6035
16702   5590   6035
16703   4437   6036
16704   6034   6036
16705   5530   6036
16748   6050   6052
16750   2203   6050
16752   3503   6052
16753   3701   6050
16755    876   6052
16758   3651   6053
16759     48   6053
16772   6058   6059
16773   6053   6058
16774   5760   6058
16775   4548   6058
16777   5790   6059
16778   2795   6059
16779   6060   6061
16780   3929   6060
16781   6050   6060
16782   3750   6060
16783   3895   6061
16784   6052   6061
16785   1884   6061
16787   6062   6064
16789    924   6062
16791   1810   6064
16792   3996   6062
16794   5224   6064
16795   6065   6066
16796   3929   6065
16797   6062   6065
16798   3894   6065
16799   2541   6066
16800   6064   6066
16801   1809   6066
16802   6067   6068
16805   4082   6067
16806    736   6068
16808    127   6067
16809   5281   6068
16811   6070   6071
16812   5592   6070
16813   6068   6070
16814   4121   6070
16815   5536   6071
16816   6067   6071
16817   1037   6071
16820   6073   6074
16822    229   6073
16823   4691   6074
16825   5752   6073
16826   5751   6074
16827   6075   6076
16828   5440   6075
16829   6073   6075
16830   2337   6075
16831   4612   6076
16832   6074   6076
16833   5771   6076
16834   6077   6078
16837   2584   6077
16838    722   6078
16840    285   6077
16841   5286   6078
16843   6080   6081
16844   4930   6080
16845   6078   6080
16846   3623   6080
16847   4999   6081
16848   6077   6081
16849   5980   6081
16850   6082   6083
16853   3399   6082
16854   1126   6083
16856   3888   6082
16857   1855   6083
16859   6085   6086
16860   5966   6085
16861   6083   6085
16862   3611   6085
16863   5963   6086
16864   6082   6086
16865   3950   6086
16870   1769   6088
16873   4264   6088
16875   6090   6091
16876   4701   6090
16877   6088   6090
16878   5185   6090
16879   2670   6091
16881   3036   6091
16882   6092   6093
16883   6059   6092
16884   6088   6092
16885   4630   6092
16886   6053   6093
16887   6091   6093
16888   4789   6093
16894   3361   6096
16897   4701   6096
16898   6097   6098
16899    549   6097
16901    544   6097
16902   4264   6098
16903   6096   6098
16904   3464   6098
16906   6099   6101
16908    668   6099
16910    666   6101
16911   5965   6099
16913   1587   6101
16916   6103   6104
16918    554   6103
16919   4483   6104
16921    548   6103
16922   3712   6104
16923   6105   6106
16924   5845   6105
16925   6099   6105
16926    678   6105
16927   5896   6106
16928   6101   6106
16929   3713   6106
16930   6107   6108
16931   6097   6107
16932   6103   6107
16933    562   6107
16934   6096   6108
16935   6104   6108
16936   4893   6108
16953   6114   6115
16956   3911   6114
16957    549   6115
16959   5196   6114
16960   5006   6115
16962   6117   6118
16963   5339   6117
16964   6115   6117
16965   5298   6117
16966   5255   6118
16967   6114   6118
16968   4641   6118
16970   6119   6121
16972   1656   6119
16974   3516   6121
16975   4308   6119
16977   4689   6121
16978   6122   6123
16979    776   6122
16980   6119   6122
16981   3098   6122
16982   2763   6123
16983   6121   6123
16984   1496   6123
17001   6129   6130
17004   3956   6129
17005   2486   6130
17007   4085   6129
17008   4024   6130
17010   6132   6133
17011   4977   6132
17012   6130   6132
17013   5422   6132
17014   4840   6133
17015   6129   6133
17016   4515   6133
17017   6134   6135
17020   3002   6134
17021   3873   6135
17023   4764   6134
17024   4853   6135
17026   6137   6138
17027   5394   6137
17028   6135   6137
17029   3922   6137
17030   5431   6138
17031   6134   6138
17032   2160   6138
17054   5727   6146
17057   1326   6146
17061   1309   6147
17064   4710   6147
17067   6150   6151
17068   1380   6150
17069   6147   6150
17071   3349   6151
17073   6146   6151
17077    478   6152
17080   4302   6152
17083   6155   6156
17084   6151   6155
17086    484   6155
17087   6147   6156
17088   6152   6156
17089    488   6156
17106   6162   6163
17109   3933   6162
17110   1357   6163
17112   5717   6162
17113   5724   6163
17115   6165   6166
17116   1527   6165
17117   6152   6165
17118   4461   6165
17119   2587   6166
17120   6155   6166
17122   6167   6168
17124   6163   6167
17125   1380   6167
17126   3876   6168
17127   6162   6168
17128   4152   6168
17147   6175   6176
17149   5048   6175
17150   4302   6176
17152   3235   6175
17153   3136   6176
17154   6177   6178
17155   3058   6177
17156   6175   6177
17157   3378   6177
17158   1528   6178
17159   6176   6178
17160   1527   6178
17162   6179   6181
17164    484   6179
17166   5638   6181
17167   6166   6179
17169   5640   6181
17171   6182   6184
17173   6167   6182
17175   2812   6184
17176   5758   6182
17178   2401   6184
17179   6185   6186
17180   4460   6185
17181   6179   6185
17182    483   6185
17183   4890   6186
17184   6181   6186
17185   2057   6186
17186   6187   6188
17187   5781   6187
17188   6182   6187
17189   6150   6187
17190   5787   6188
17191   6184   6188
17192   6146   6188
polygons 2382
1      5      6   5831  13840  13842
2     12   5831  12679  12681
3  12682  12684  12786  12789  12792
5  12678  12679  12682  13179  13840  13841
6   6829  11822  11825  13111  13114
7   6828   6829  13176  13841  13842
8  11825  12791  12792  13176  13179
9  11609  11827  13108  13114  13115
11  10496  10500  13112  13115
12      6   6828  10498  13108  13111  13112
13      5     12   7186  10496  10498  10501
14   7186   7188  12678  12681  12684
16   7188  10500  10501  11609  12788  12789
17   6931   6932  12867  12870  12873
18     50   6377  11714  11718  12871  12873
19     50   6932   6933  12601  12603
20  10415  12031  12032  13953  13955
21  11857  12028  12029  12867  12868  12871
22  11859  13949  13955  14998  15001  15004
23   6377   8569  12597  12600  12603
24   6931   6933  14653  14703  14704
26  12597  12601  13950  14653  15000  15001
27  11854  11857  14701  15003  15004
29  12868  12870  14698  14701  14704
30  16122  16123  16424  16440  16442
33     94     95  12909  12912
34  12912  15990  16114  16420  16421  16424
36    102  11651  12909  13256  15988  15990
37     95    102   7279  16216  16219  16222
38     94   7279  16421  16437  16439
40    115  12328  15461  16121  16123
41  12324  12328  16232  16233  16236
43  11651  12326  16219  16233  16235
44    115  16222  16236  16238  16436  16439  16442
47    126   6126   6131   6333   6335
48   6334   6335  10685  12226  12227
49   6131  10647  10649  10650  12662  12663
50   6333   6334   9204  10361  10363
52    148   9204   9206  10679  10682  10685
53    150   9206  10362  10363
54    148    150   7397  13117  13120  13123
55   7396   7397   8650  10681  10682
56    126  10361  10362  10649  13119  13120
58   6388   7396  10650  13122  13123
60   6388   8650  12657  12660  12663
63   7653   9561  13607  13610  13613
65    173   6948   7653  10665  10668
68  10665  11716  12029  13608  13610
69   8766  11857  12637  12639
72   9555   9557  11552  13611  13613
73    204   5185   7250   9557   9558
74   5185   8765   8766  12143  12868  12869
78  10668  11716  12145  12871  12872
79    210    173   9555   9558   9561
80    210    204   6948  12138  12143  12145
81  12028  12638  12639  13607  13608  13611
83    217    218   8005  11604  12034  12035
84    221    222    223  11601  11604
85   6751  10834  10835  11477  11480  11483
86    231   7487   7489  11479  11480
87    233    218    234  11482  11483
88    217    223    236    237    234
89    236    222    238    231    239
90    239    237  11477  11479  11482
91    241    242  11601  12035  12036
92   6674  12034  12036  12487  12493  12494
93    221    242    245    238   7489   7490
94    233   6751   8005  12494  13159  13160
95    251    245    241   6674   6676
96    251   7487   7490  10833  10834  10837
97   6676  10837  12493  13162  13163
98   7007   7013   8114   8609   8611
99    261   7008   8108   8111   8114
100    264    265   4788   8109   8111
101    268    269   4788   8606   8608
103    271    272    273   8605   8606   8609
104    265    274    261  10588  16169  16171
106    284   9510  16168  16171  16174
108    269    290    284    274    264
109    294    295    271   7013   8707   8709
110    272    295   9511   9514
111    290    268    273   9507   9510   9511
112   7007   7008   8709  10588  10589
114   8707  10589  16168  16169  16172
115    294   9507   9514  16172  16174
116  11899  12536  12537  15917  15941  15942
117  12539  12540  15266  15269  15272
118  11938  11940  15269  16700  16702
119  11509  11510  11577  16699  16700  16703
121  12349  12350  15072  16703  16705
122  12171  12175  15072  15271  15272
124  11577  11934  11940  15917  15920
125  11510  15920  15940  15941
126  11899  12175  12176  12348  12350
128  11509  12348  12349  15940  15942
133    346   7867  11899  14427  14429
134    346  14951  15720  15743  15744
135   7867  14951  15939  15942  15945
136  14426  14429  14432  15743  15745
138  12537  12538  14426  14427  14430
141  15720  15945  16011  16050  16051
144    379    380  16009  16053  16054
145    382  15744  15745  16049  16050  16053
146  11936  15917  16009  16014  16015
147    380    382  10025  14430  14432
148    379  10025  11936  12536  12538
150  11018  13885  13889  14277  14283  14284
152   8217   8221  14281  14284
153  14277  14280  14281  14552  14555  14558
154   8221  10797  11018  13825  13826
155   7406   9795  10799  14450  14452  14454
156   7402   9795  13762  13763
157   9880  13891  14280  14283
158  13762  13824  13826  13889  13892
160   7402   7406   9882  13885  13891  13892
161   9880   9882  14452  14554  14555
163   8217  10794  10797  14454  14557  14558
164  11243  11873  11876  12682  12683
165   6189  11237  11243  13631  13633
166  13843  13863  13865  13953  13954
168    440   6189   8567  11873  12599  12600
169   8567  10422  13145  13864  13865
172   8776  13634  13636  13863  13864
173    440  13145  13630  13633  13636
175   8774   8776  13839  13840  13843
176   6230   8341  10727  10728  10731
177  10622  10626  10727  10730  10733
178   9780   9781  10625  10731  10733
179    465    466   8756   8758   8761
180    467   8427   8758   9779   9780
181    466    472    473    474    475    467
183    474  10626  10628  13710  13712
184    484   7899   8340   8341   8761   8762
185    484    485    486    472    465
186    475   8427  10622  10625  10628
187    485   7899  13707  13709
188    473    486  13706  13707  13710
189   6230   8756   8762   9779   9781
192  15943  16011  16013  16046  16048
193    504  10455  11444  15061  15723  15725
194    505  11444  14570  14573
195    504    508    509    510    505
196    511    509  16042  16045  16048
197    510    511  14570  16013  16051  16052
198    508  10455  16043  16045
203  10184  11772  17004  17015  17016
204  13846  13849  13850  17001  17004  17005
205   5162   8199  12155  12156  12159
206   5155   8199  13850  13853
207  12025  12159  12161  13846  13852  13853
208  10180  10182  10184  13849  13852
209  12156  13587  14722  14724
210  10182  11769  12025  13280  13589  13590
211   5155   5162  14721  14724  17005  17012  17013
215  11767  13280  14725  17010  17013  17016
218    563   6514  10329  14770  14785  14786
219    570  15063  15695  15723  15724
220  11090  11093  15060  15063  15066
221    570   6512  11090  14770  14773
222  14951  15065  15066  16822  16829  16830
224  14786  15791  16825  16828  16829
225    346  10738  15789  16822  16825
226    563  10738  10741  15742  15743  15746
227  10329  10741  15789  15791
229   6512   6514  15695  15746  15747
233    599    600  10511  11055  11056
234  11055  11057  13131  13801  13802
236    616    599   9758  13801  13803
237    620   9422   9426   9755   9758
238    620    600    616  13192  13194
239   9426   9427  13188  13191  13194
240   6272   8790  13052  13189  13191
241  10511  13046  13047  13188  13189  13192
243   9311  11056  11057  13047  13049
244   5200   6269   6272   9311  13128  13131
248   9424   9755  13128  13802  13803
253    654  12768  14547  14550
255   8900   8901  12768  12845  12847
256  14547  14561  14562  16448  16489  16490
258  12845  14550  14561  16166  16185  16186
260  11659  14181  16447  16486  16487
261    654   8895   8897   8900  16445  16447  16448
262   8897   8898  11654  11656  11659
263  14375  14562  16185  16187
264    685   8895   8898   8901
265    685  11656  12847  16163  16166
266  11654  14177  14181  16163  16186  16187
267    693   9250  10556  16217  16219
268  10552  10555  16217  16234  16235
269  12089  14783  14787  16827  16828  16831
271   5086  10555  11170  14787  14789
272   9245   9250  10328  15788  15791  15794
273  10328  11168  14783  14786  14789
274    693  11651  15784  15793  15794
275  12326  12327  15784  16826  16831  16832
277   5086  12089  12327  16233  16234
280   9245  10552  10556  11168  11170
283    726    727  11590  11591  11594
284    728  11594  17077  17117  17118
285    727    733    734    735    728
286    726    736    737    738    739    733
287    736  11591  17180  17182
289  11590  17115  17118  17167  17180  17181
290    752    753    738    754
291    755    758    752  17083  17086  17089
292    754    737    755  17164  17181  17182
293    735    762  17077  17088  17089
294  17086  17120  17164  17167
295    758    762    734    739    753
302   6968  12469  12770  16232  16234  16237
303   6965   6969  12466  12469  12472
304  11256  12472  14548  14551
305   7835   9576  11255  14545  14547  14548
306    654    786   7835  11013  12328  12330
307    786  12765  12768  16236  16237
309   9573   9576  11013  12091  12092
310    793   6969   6971   9573  11255  11256
311   5086   5087   6965   6968   6971
312    793   5087  12086  12089  12092
313    796    126    797  13926  13927  13930
314    800    796  10649  10652
315    800  13927  14709  14711
317  10697  10700  13118  13120
318  10652  13118  13119  14705  14706  14709
319  10693  10697  13015  14706  14708
320  10360  10362  10693  10699  10700
321  10364  10699  13014  13015  13018
322    797   8783  10360  10361  10364
323   8783  13018  13930  13932
324    821  11784  11786  14933  14936
325  11657  14933  16163  16241  16242
327  10164  14936  15375  16240  16242
328  10158  10160  12850  15372  15375
331    685   8043   8044  11048  11051
332  11048  11656  11657  11785  11786
334    847    848  11051  11784  11785
335    848   8038   8043  10160  10161
336    847    821  10158  10161  10164
337   8038   8044  12844  12847  12850
340    859    860  16901  16921  16931  16932
341  14329  16899  16901  16957  16964  16965
342   8427  12093  12094  12097  12183  12184
343    871    872    467  12097  12099
344  12094  12096  14324  14326
345    872   8757   8758  16918  16932  16933
346    879    859   5820  12093  12096  12099
347    871    879  16918  16921
348    882   8757   9779  16953  16956  16957
349    882  16899  16931  16933
351    860   5820  14323  14326  14329
353    887   6348  10498  10499
354    896   6347   6348  12355  12357
355    900    901    902   6842   6843
356    903   6842  11326  12355  12356
357    902    906      6    887    896    903
358   6827  12451  13111  13431  13432
359   6347  10499  12262  13112  13428  13429
363  11323  12260  12262  12356  12357
364   6843  11323  11326  12454  12456
365    900   6831  12450  12451  12454
366  12260  12450  12456  13426  13429  13432
368    906    901   6827   6828   6831
369  14224  14225  15649  15664  15665
370   6230   6233  12305  13996  14221  14222
371  13998  15649  15652  16953  16959  16960
375   6233   8762  14790  14791  14794
377    962  12828  12831  15663  15665
382  11958  13379  16957  16960
383  12305  12830  12831  14794  14796
384    882    962  11956  11958  14790  14793  14796
385   8756   8757  14791  14793
386  11956  13379  15652  15663  15664
389   9781  13993  13996  16956  16959
391   9208   9209  12504  12506
392    986   9209  10215  13785  13808  13810
393    994    986  12313  12505  12506
394    994   8469  13785  16526  16528
397   8469  11354  12313  12568  12570
398  11358  11488  13813  16529  16531
399  11352  11358  12567  12570  12573
400   1012   9208  10210  10215  10217
401  10217  11488  11489  12571  12573
403   1012  12504  12505  12567  12568  12571
404   8764   8766  11641  14699  14701
405   5180   6362   8460  14702  14704
406   5177   5180  12140  12869  12870
408   1029   1030   5177   6362   6363
409   1034   1035   1029  12140  12143
411   1036   1030   1035   9850  10103  10104
412   1034   1036   5185   5188
414   6363   8460  10098  10104  11642  11644
415   9848  10100  11638  11641  11644
416   5188   8764   8765   9846   9848   9850
419    504   1048  16081  16084  16087
420    505  11988  12699  12700  16082  16084
421   1057    509   8487   8490   8493
422    510   8493  12694  12697  12700
423   1057   1048    508  16908  16925  16926
424   1064   8488   8490  16906  16908  16910
425   8487   8488  11989  12696  12697
426   9125   9128  16910  16928  16929
427  16085  16087  16923  16926  16929
428   1064   9126   9128  11985  11988  11989
429   1070   1075   9128  16916  16921  16922
430    879   1070   8231   8232   8235
431   1075   1064   8232   8588   8589
432   8584   8588  11556  11989  11992
433   1089  11662  11664  12071  12073
435   7436   8586  11556  12071  12072
436   7393   9126  11665  16919  16922
437   1100   7393  11988  11991
438   1100   9963  11661  11662  11665
440   9963  11985  11991  11992  12072  12073
441   1089   1107    871   7436   8235   8236
442   1107  11661  11664  16916  16918  16919
445   9593   9595  11883  11885
446   7188   8726   9593   9594  12936  12937
447  11883  12931  12936  14267  14269
448  11468  11471  12934  14263  14266  14269
449   8726   9150  12787  12789
451  10929  11468  11474  11475  11609  11612
453   8683   9150   9594   9595  10717  10931  10932
454  10927  10931  11475  14264  14266
455  10501  10502  12931  12934  12937
456  10500  10502  11471  11474
458   6375   8567   8569  16837  16840
459   6192   6194  16481  16483
460   6188   6189   6192  14286  14289  14292
461   6188   6194  11871  11873  11875
462   1149  11875  12602  12603  16477  16480  16483
463  14290  14292  16477  16478  16481
464   5451  16478  16480  16834  16837  16838
465    440  14289  16834  16840  16841
466  14286  14290  16838  16841
467   1149   5451   6375   6377
470   1163  12932  13835  14268  14269
471   7517   7522   7523  11471  11726  11727
472  11723  14266  16399  16402
475   1176   1177  13835  16398  16401
476   1176   6754   7522  10092  10093
477   7523  10095  10096  12932  12934
478   6754  11721  11727  16395  16401  16402
480   1163   1177  10091  10092  10095
482  13632  13633  14262  14288  14289
483   9059  13082  14256  14259  14262
489   1210  13913  14291  14292
490   1212   9056  12156  12157  13913  14258  14259
492   5162   7192   9056   9059
493   6188   8143   8146  11240  11243
494   7192   8199  11241  13082  13631  13632
495   1212   1210   6192   8144   8146
496  11237  11240  11241  12159  12160
497   8143   8144  12155  12157  12160
498   1057   1225  13909  16036  16044  16045
500  13549  13905  16271  16367  16368
501   1048   8082   8083  10455  10458
502   8081   8082  16091  16924  16926
503   1242   1243   8081   8083
505   1243   7092  16091  16365  16368  16371
506  13903  13909  16271  16471  16473
507   1242   7092  10458  13549  16039  16043  16044
510   1225  16470  16473  16908  16911
511   5831   6386   7276   8774   8775
513  11241  12680  12681  13853  14349  14350
514     12   6386  10865  14350  14351
517   7276  10865  10908  14216  14253  14254
518  10908  11039  11040  13850  14349  14351
520   7083  11000  11002  15766  15768
521   1277   8516  11002  11127  11128
522   1280   8521  12050  12053
523   8515   8516  11353  12050  12569  12570
524  12053  12310  12314  12568  12569
525   1280   1291  12256  12314  12316
526  12310  12313  12316  15769  15771
528  11130  11131  12256  15765  15766  15769
529   1291   8515   8521  11125  11128  11131
530   8467   8469  15765  15768  15771
532   1277   7083   8467  11353  11354
535   8814   8815  10090  15666  15668
536   7859   8815  10711  10714  14170  14172
537   7859  13377  15654  15666  15667
538   8347   9413  12511  12513
539   9413  10929  10930  14169  14170  14173
540   8342   8344   8347  14173  14175
541   8342  10088  12512  12513  15651  15667  15668
542  12438  13374  15651  15654
543   6955   8344  10088  10090
544   6955   8814  14169  14172  14175
546  10714  10932  12204  13374  13377
547    563   9285  10400  11571  11572
549   9350  10400  10403  15746  15748
550   1336   1337  15742  15745  15748
551   1337   5465   5950   9349   9350
554   5950   9341  10114  14204  14294  14296
555  10736  10738  14297  14428  14429
556  10112  10742  14293  14294  14297
557   9285  10117  10736  10741  10742
558   1336   5465  14204  14431  14432
559   1349   1350   1351   1352   1353
560   1354   1355   1356    901   1357   1349
561   1353   1354  10083  11559  11560
562   1361   1362    900   1356   1363
563   1364   1365   1366   1367   1361
564   1363   1355   1364  10083  12074  12075
566   1352   8587  11555  11556  11559
568   1351   1376   1377   7433   8586   8587
569   1366   1381   6845   6846   7433   7436
570   1350   1357    902   1382   1376
571   1362   1367   6841   6843   6846
572   1381   1365  12070  12071  12074
573   1377   1382   6841   6842   6845
574   6754   6755  14273  16806  16809
575    210  10348  16805  16808
576   1397   7869   7870  14271  14273
577   9556   9558  14271  16802  16808  16809
578   1176  12282  12283  16802  16805  16806
580   1405   7872   7873  10093  10094
581   1411  10092  10094  12281  12283
583    173   1413  10348  12281  12282
584   6755   7522   7868   7869   7872
585   1413   1415   1405   1411   9559   9561
586   1415   1416   7868   7870   7873
587   1416   1397   9555   9556   9559
589   1421  11722  16402  16405  16406
590   9414  10930  11475  11722  11723
591   1421   9414  12511  15147  15148  15151
592   8682  10931  12201  12204  12207
593   8682  10410  14264  16399  16406  16407
595  10410  12207  12947  12953  12954
596  12954  15148  15150  16405  16407
598   1436   6755  10446  11725  11727
599   1441  11113  11114  16404  16405  16408
600   1421   1441   8823  10476  10478
601  11113  15276  16812  16814
602   8823   8826  11114  14146  15274  15276
604  10476  10477  11721  11722  11725
605   1459   1436  14146  14272  14273
606   1459   8826  10446  10477  10478
608  16401  16408  16409  16806  16813  16814
610   1463   6302   9270   9272   9313   9314
611   1470   9270  10099  11643  11644
612   5207   9309   9311   9314
613   5200   5206   5207   6296   6302   6303
614   1475   1476   6303  11640  11641
615   1475   5206   6272  10574  10576
617   1483   6276  13128  14091  14092
618   1487   1483  10099  10100  10577  10579
619   1463   1470   1487  14090  14092
620   9309   9313  13131  14090  14091
621   1476   9848  10573  10574  10577
622   6269   6276  10573  10576  10579
623   8594  10064  16789  16792
624   1497   1498   1499   8592   8594
625   9092  10060  12206  12950  12953
627   1498   9723   9726  10411  10414
628  10408  10410  10411  16755  16783  16784
629   1499   9726  16789  16797  16798
630   9840  10057  10060  16792  16796  16797
631   9723  16779  16780  16783  16796  16798
633  12206  12207  16748  16753  16755
634   1497  10408  10414  12951  12954
635   8592  10057  10064  12947  12950  12951
636   9092   9840  16753  16780  16781
637   8246   8247  10395  14421  14424
638   8250  13924  13925  14283  14405  14406
639  10395  11972  11973  12729  12801  12802
640  13889  13921  13922  14421  15038  15040
642   1542  11972  14840  14843
643   1543  11018  14840  15039  15040
644   1542   1543  12729  14284  14402  14403
645   8245   8247   8250  12801  12803
647  12802  12803  14401  14402  14405
648   7657   8657   8659  10044  10045
649   7652   8659  10665  11421  11422
651   9767  12026  12030  13242  13608  13609
652   9767  10750  12209  12210
653  10750  10939  10940  12030  12032
654  10044  12209  12211  13239  13242
655   7652   7657  13239  13609  13610
659  10938  10939  11425  11719  11720
660   9960  10045  10938  10940  12210  12211
663   1584   1585   5914  11672  11674
664   5911   5914   7399   7466   7467   7470
665   1585   6390   7395   7396   7399
666   1591   1594   7446  10680  10682
667   1591   7395   7397   7467   7469
668   1594   1597   7466   7469   7472
671   1606   7443   8653  10680  10681
672   1584   6390   8650   8653  13980  13982
673  11668  11672  13035  13980  13981
674   1615   7470   7472  11671  13032  13035
676   1618   1606  13032  13981  13982
677   1618   1615   1597   7443   7446
679   1620  11778  11794  15513  15519  15520
680  10856  10859  15516  15519
681  11794  11797  11800  11801
682   1620  10760  10762  10857  10859
684  10860  12390  15513  15516  16588  16590
685   7758   7762  10856  10857  10860
686   7977  10763  12605  12607
687   7758   7763  10759  10760  10763
689  11797  15520  16584  16588  16589
690  11800  12608  16581  16584
692   7762   7763   7977  12390  12393
693  10759  10762  11778  11801  12604  12605  12608
696   1664   4785   5862   8109   8110
697   1671   1664   5224  11416  13182  13184
698   4785   4788   5221   5224
699   1671   1677   1678   5859   5862
700   1679   1680   1681   5859   8110   8111
701   1678   1679   7961  12877  12880
702    264   5221  10871  10873  11413  11416
703    265   1681  10873  11026  11027
704   1677  12877  13183  13184
708  11029  11030  11413  12880  13182  13183
709   1680   7961  11024  11027  11030
711  13208  14848  15974  15992  15993
712  13208  13209  14622  16192  16194
713   5336   5338   5340  16153  16156
715   1714  14619  16153  16193  16194
716  14848  14885  14887  16156  16192  16193
717  14888  16113  16119  16424  16426
718   1720  12907  12912  14619  14622
719   1720   1714   5338  16421  16423
720   5340   8141  14884  14885  14888
721   5862   9227  10855  11738  11739
723   8125   9224  10172  10175  10178  11738  11740
725   7638   8593   8594  10173  10175
726   1739   1499   4785   7638   8607   8608
727   8611   9230  10176  10178
728   1498   1739   1664  10853  10855
729   1741   1497  10853  11739  11740
730   1741   8125   8592   8593
731   1742   1748  11764  13661  13663
732   1752   1742   6211   6212
733   1748   6212  12854  13490  13491  13494
735  11758  11764  13491  14584  14589  14590
736  11969  13386  13387  14589  14692  14693
737  11758  13386  13581  13661  13662
738   8087   8093  11966  11969
739   8088  11966  13387  13578  13581
740   1752   1776   1777  13578  13662  13663
742   8093  13249  13251  14691  14692  14695
743   1777   8087   8088  13245  13248  13251
744   1776   6211  12854  13246  13248
747   1783   1784   1785   1786   1787
748   1788   1789   1792   1793   1783   8401   8403
749   1787   1794   1795   1796   1788
750   1794   1786   1797   1798   1799
751   1799   1795   7348  14213  14396  14397
752   8401   9153   9157  14249  14252  14255
753   1792   9157   9299  11035  11036
754   1796   1789  14394  14397  14400
755  12772  12775  12778  14213  14254  14255
756   1798   7348  10340  12773  12775
757   8403  14252  14399  14400
758   1793   1784  11031  11032  11035
759   1785   1797  10340  10890  11032  11033
760   1817    726   7656   8659   8662
761   1413   1820   7652   7653   7656
762   1824   9143  11363  11594  11595
763  11360  11361  12284  13292  13294
764   1817   1820  11591  11592  12280  12281  12284
765   1831   1833   9139   9140   9143
766    727   1824   1831   8662  11420  11422
767   1833   6780   6949  10668  11420  11421
768   6948   6949  10348  13295  13297
772   6780   9140   9141  13291  13292  13295
773   1845   1846   9893   9896   9899
774   1847   1848   9899  11427  11429
775   1846   1847   8831  16519  16550  16551
776   9436   9437   9440  16519  16522
777   1831   8921  16522  16549  16550
779   1868   9140   9142   9894   9896
780   1848   8831   9440   9441
781   8921   9143   9219   9437   9438
782   9139   9142   9219  11430  11432
783   9436   9438   9441  11426  11429  11432
784   1833   1845   1868  16549  16551
786   6227   6229  13655  14114  14115
787   6227   8260  12592  12595
788  12591  13216  13250  13251
789   1890  13421  14113  14115
790   1890   6229  12588  12595  13213  13215  13216
791   1894   8260   8262  13655  13658
792  13215  13247  13248  13417  13420  13421
794   8087   8089   8262  12588  12591  12592
795   1902   1903   1894   8088   8089
796   1777   1902  13420  13423
797   1903  13417  13423  13658  14113  14114
800   6062  12753  12755  15464  15495  15496
802   1919   6423  12749  12750  12753
803   6062   6069  12558  12957  12959
804   1927   6069  12749  12752  12755
805   1927  12957  15622  16261  16263
807   7564  13168  14343  14346
808  10821  14343  15462  15494  15496
809   1919  10825  15620  16204  16261  16262
810   6423  10819  10825  15462  15464
811  12959  13167  13168  16201  16262  16263
813   7564  10819  10821  16201  16204
814  12750  12752  15620  15622
815  12558  13167  14346  15494  15495
816   5091   5092   6545  14848  14851
817   1957   5097   6545  14553  14555
818  14552  14553  14851  14886  14887
819   5091   5097   6457  10605  10606
820   5092  10605  16191  16192  16195
823   8219  14558  14885  14886
824   8219  14281  14403  16151  16156  16158
825   1957   6457  14280  14406  14407
829   1980    150  10700  11662  11663  12498  12499
830   1984  12499  12503  12506  12509
831   1985   1986   9203   9208  10360  10363  10366
832   1989   1985  12503  12504  12507
834   1984   1980   9203   9206   9209
835   1991  10366  10699  11665  11666
836   1992   9963  12498  12507  12509
837   1100   1991   1986   1989   1992
838  13139  14260  14288  16841  16844  16845
840   2003   6555  12801  13916  14290  14291
841   2004   2006  13102  14256  14257  14260
842   2007   2010   2004  11972  11974
843   2006   2012   2007  13136  13139
844   6555   8832   8834  10392  10395
845   2003   8834  16838  16845  16846
846   2010  12729  13102  13103
847   2020   8832  13136  16844  16846
848   2020   2012  10392  11973  11974
852   9911   9912  15815  16758  16773  16774
853   9907   9912  16466  16863  16865
854  15815  15818  16466  16482  16483
855  11875  15818  16774  16775
857   6933   8923   8925  16758  16759
858  12601  12602  16759  16773  16775
859   6932   8795   8796   8924   8925
860   8792  16480  16860  16862
861   8923   8924   9907   9908   9911
862   1149     50   8791   8792   8795
865  13859  16513  16515  16694  16701  16702
866   5072  11275  13855  13856  13859
867  11286  11287  12692  16510  16512
868   4975   9377  11274  11275  11581  11582
869   2069   4971   4975  11286  11288
870   2069  11576  11582  11939  11940
871  10262  11287  11288  11938  11939
872  10262  15269  16509  16512  16515
873   5072   9377  16694  16697
878   2078   5911   5916  15630  15633  15634
879   2083   2084   2078  11343  11349  11350
880   2083   5916  11671  12759  12762
881   2092   2084   6212  12756  12759  12760
882  12760  12763  12852  12854
883  11343  11346  11347  13491  13493
884   2092   1748  11347  11350
885  11342  11673  11674  15633  15644  15645
887  11346  11349  15634  15641  15642
888  13490  13493  13496  15639  15642  15645
890   5541  12553  12556  12958  12959
891   9105  10249  10251  12553  12558  12559
893  11331  11332  12556  12559
894   8542  10323  10325  12957  12958
895   5541   8542  11332  14776  14779  14782
897   9105  11154  11331  14515  14778  14779
898   6069  10323  12216  12249  12250
899  10267  11289  11290  13392  13398  13399
900  13396  13399  16683  16686  16689
901  10264  10267  16670  16684  16686
902   2137   2141  12918  13090  13091
903   2137   6350   6351  11289  11291
904   2141   2145  10264  11290  11291
906  12354  12357  12919  13087  13088
908   2154  12354  12355  16673  16687  16689
909   6346   6347   6350  13085  13088  13091
910   2154    896  13392  13395  13396
911   6346   6348   6351  13395  13398
912   2145  12915  12918  12919  16667  16670  16673
913   9071   9073  11480  15883  15904  15906
914  11479  15532  15704  15900  15901  15904
916  15883  17061  17069  17187  17189
917   9072   9073  17061  17087  17089
918  15445  15707  17054  17073  17084  17086
919  15703  15901  17054  17190  17192
920    752   2179   2180   7488   7489
921    231   2180  15529  15532  15535
922   2179    755  15445  15534  15535
923    758   7487   7488   9071   9072
925   8494   8497  12822  12824  14757  14759
926   7920   8499  12821  12824  12827
927   7921   8496   8497  14053  16018  16020
929  14753  14759  15997  16019  16020
931   8970  14051  15995  16018  16019
932   2211  14754  15995  15997
933   2215   8973   8975  12825  12827
934   2216   8969   8975  14051  14053
935   2215   2216   7917   7920   7921
936   2219   2220  14753  14754  14757
937   2221   2211   2219   8969   8970   8973
938   2220   2221  12821  12822  12825
940   2222   2224   1606  11481  11483
941   2227   2222   7443  11300  11302
942   2224    233   2229   8653  12658  12660
943   2230   2231   2232  12228  12658  12659
944   2229    218   2234   2230
945   2227   2235   2236  11481  11482
946  11303  11305  12227  12228
947   2232   2238   2235  11299  11302  11305
948   2236   2238   2231   2234    234
949   6404   6405  10102  10103  17106  17109  17110
950   9850  15677  17109  17112
951   5870  15697  17110  17113
952   2251  13648  15092  15095  15096
953   2254   2255   6404  13644  13645  13648
954   1036  15092  15098  15099  15677  15700  15701
956   5870   6405   7544  13645  13647
957   1030   2261   2251   2255   2262
958   2262   2254  10102  10104
959   2261   1035  15095  15098
960   1441  15148  15386  16243  16245
964  11742  15388  16188  16243  16244
965  11111  11114  15386  15388
966   1741  12951  15150  16190  16244  16245
968  10414  10853  10854  11317  11318
969  11737  11740  16188  16190
970  10470  11317  16408  16410
971  15699  17113  17124  17171  17173  17175
972  17068  17125  17173  17188  17189
974   2215   5867   6164  15697  15699
976   2299   5867   5870   7920   7923
977   2301   7917   7923  17067  17068  17071
978   2301   2299  17110  17124  17125
979   7921  17057  17071  17073
980   2216   6164  17057  17175  17191  17192
982   8896   8897  10250  12246  12248
983  11659  11660  12247  12248  16097  16103  16104
984  11566  11568  13978  13997  13998
985   9585  11562  11568  11654  11657  11660
986   5659   7569  11050  13994  14220  14221
987   5659   7038  11154  16100  16103
989   7038   7569   7570  10250  10251
990  11562  11566  16101  16104
991   7570   8896   8898  11046  11048  11050
994  11974  13804  14094  14838  14843  14844
995   2333   2334   2007  13800  13801  13804
996  12712  14116  14118  14838  14840  14841
997   9313   9418  12712  13551  13553
998   9309  11054  11057  11060  13421  13552  13553
999   1890   2343   8193  11058  11060
1000   2345   2004   2334   8193   8195
1001   9418  14089  14090  14841  14844
1004   2333   8195  11054  11055  11058
1005   2010   2345   2343   1542  14112  14115  14118
1006   8924  11025  11027  12419  12421
1008   2358   9908   9910  10876  11025  11026
1009    274   2362  10873  10876
1010   9907   9910   9913  16075  16078
1011   2358   2362  16075  16170  16171
1013   8929   9911   9913  10591  10593
1014  10587  10588  10591  12422  12424
1015    261   1681  12418  12421  12424
1016   6862   6864   8950   8951
1017   8950  11711  14388  15537  15539
1018   6864  11708  11711  12068  12069
1019   2384   2385   8752  10124  10125
1020   2389   8752  10900  12065  12066
1021  11708  13719  14059  15503  15537  15538
1022   2389   2384   6868   8951  14388  14390
1024   2385  14390  15500  15538  15539
1025  10125  14057  14061  15500  15503
1027   6862   6868  12063  12066  12069
1029  14802  14803  15375  15389  15390
1030   2406   2407   2408   8039  12848  12850
1031   2411   6309   8039  10159  10160
1032   2220   2413   2414   6309  14232  14799  14800
1033   2221   8316  14226  14229  14232
1034   8314   8320  14228  14229  15389  15391
1035   2411   2414   2421   2406
1036   2422  12848  15372  15390  15391
1037   2422   2408   8320  12821  12823  12826
1038   8314   8316  12825  12826
1039   2407   2421   2413  12822  12823
1041  13258  15894  15895  15987  15988  15991
1042  11372  14338  15832  15895  15896
1043  15778  15832  15977  15991  15992
1044   7563  14338  14343  15772  15775  15778
1045  11367  11369  13258  15458  15459  15462
1046  11366  11367  15894  15896
1048   7563  10821  11366  11369  11372
1050   2445   2219  14230  14232
1051  10463  13507  13509  14226  14227  14230
1052   2455   8315  14227  14229
1053   2455   5568  10010  10461  10463  10466
1054   5564   5568   8315   8316   8973   8974
1056   5564   5570  10010  15861  15864  15867
1057   2463  15842  15865  15867
1058   2463   5570   8969   8971   8974
1059   2211   2445  13506  13507  13510
1060   8970   8971  13510  15838  15839  15842
1061   2470   1459   2471  10462  10463
1062   2471   8826  14029  14227  14228
1066  10462  12296  13509  14586  14693  14694
1067  12808  12809  14586  14589
1068   2488  13507  14692  14694
1070   2470  10446  12296  12809  12810
1071   2488  11969  14230  14798  14799
1073   7001   7798  11858  15002  15004
1074   4967  13176  13951  14999  15001
1075   2497   1355   7798   7801
1076   1356   2497   6831   7000   7001   7004
1077   1354   7801  11204  11858  11859
1078   1349  11204  13845  13954  13955
1079   4967   6827   6829   7004   7005
1080   1357    906  13839  13842  13845
1081   6439   7656   7657  14358  14580  14581
1082   2506    739   8214  10047  10048
1083    733   8214   8657   8662   8663
1085   6439   9552   9554  10043  10044  10047
1086    738   2506   9548   9549   9552
1087    737   9549  14359  14577  14578
1088   1817    736  14355  14358  14359
1089   9774  14881  15041  15043
1090   6990   6991   9774  13765  13827  13829
1091   5996   7404  13892  13920  13921
1093   2530   5994   7404  13761  13762  13765
1094   2533   2535   2536   5994   5996
1095   2537   2533   5577  13920  13922
1096   2536   2537   5987   6987   6988
1097   6986   6987   6990  14877  14878  14881
1099   5577   5987  14421  14878  14880
1101   2530   2535   6986   6988   6991
1105   9246   9283   9285   9287  10328  10329
1106   2555   5603   9246  11168  11430  11431
1108   5603   9894   9895  12287  12290  12293
1109   8645   9898  11427  14768  14770  14772
1110   6514   8638   8645  10400  12291  12293
1111   2555   9287  11575  12288  12290
1112   2563   5459   8238   8241   8244
1113   5460   8240   8241  17158  17160
1114   8243   8244  12769  16220  16237  16238
1116   6968  10554  10555  17155  17157
1117   2583  12467  12469  17154  17155  17158
1120   2563  10571  10572  16216  16217  16220
1121   2589  12467  12769  12770
1122   5459   5460  10566  10569  10572
1124  10568  10569  17154  17157  17160
1125   2589   2583   8238   8240   8243
1126    222  10956  10958  10968  11510  11511
1127    221   9020  10955  10958  10961
1128   7700  11604  16038  16041
1129    223   7698   7700  10965  10968
1130  10504  10965  11511  15939  15940  15943
1132   7698  10504  16041  16046  16047
1133   9019   9020  11601  16038  16047  16048
1135   9019  10961  16010  16013  16016
1137  10955  10956  15920  16014  16016
1140   2621   2622   7738  14083  14085
1142   2629   7738  11358  11495  11498
1143   8515   8520   8855  10256  10257
1144   8849   8855  14591  14593  14596
1145   8520  12050  13728  14596  14597
1146   8905  14076  14084  14085  14593  14594
1147  10253  10254  12646  14076  14079
1150   5249  11352  11353  11498  12644  12646
1151   2629   2622  12573  13723  13725
1152   2621  13722  13723  14591  14594  14597
1154   5249   8516  10252  10253  10256
1156   9959  10938  13065  13867  13868
1157   5083   8598   8602  13065  13068
1158   2661   8408   8602   8604  10048  10049
1160   5081  11533  13068  13866  13867
1161   8598   8604   8663   9959   9960
1162   2669   2661   5081   5083
1163   2669   8408  11532  11533  12213  12214
1164  10043  10049  12208  12211  12214
1166  10515  11337  12852  13218  13246  13247
1168  11059  11060  13215  13218
1170   2682   2683   5207   6211  12760  13048  13049
1172   2682   9314  13550  13553  13556
1174   1776   2683  13420  13555  13556
1175  10510  11337  12763  13047  13048
1177   1070    859   2690   2691   2692
1178   2692   1075  16910  16913
1179   7957   9130  16256  16927  16929
1180   2690    860   6495  16247  16249
1181   2691  16247  16255  16913  16927  16928
1183   8304   8306  16249  16255  16256
1185   7957   8304  16894  16903  16904
1190   6495   8306  16898  16901  16904
1192   9125   9130  16894  16922  16934  16935
1193   2726   8761  14706  14791  14792
1195  14708  14792  14793  16930  16933  16936
1196    465   2731   2726  10697  11663  11664
1197  11666  13015  16919  16935  16936
1201   1107   2731    466    872
1202   9483   9892  14374  14559  14562  14565
1203   9229   9890   9892  10177  10178
1204  10704  11741  14559  14563  16184  16185  16188
1205   9890  11434  11435  14563  14565
1206  11437  11438  11737  11738  11741
1207   8125  14182  16184  16187  16190
1208  10174  10175  14182  14374  14375
1212   2758   6793  15127  15736  15738
1213  13053  13054  15729  15737  15738
1215   2770  12718  13059  15729  15732
1216   2775   1594  13053  13056  13059
1217   1597   2776   2758  13054  13056
1219   5291   5293   6790   6791  12716  12718
1220  12716  15125  15732  15736  15737
1221   2776   6788   6790   6793   7471   7472
1222   2775   2770   5293   7468   7469
1223   6788   6791  15125  15127
1226   8600  13065  13147  13356  13358
1228  13142  13145  13356  16840  16847  16848
1231  13358  16524  16847  16849
1232   8600   9959  11425  16524  16552  16553
1233  16553  16554  16837  16848  16849
1234   6375  11718  11719  16552  16554
1235    994  13058  15729  15770  15771
1236  13053  13055  13058  13785  13787
1237   4895  10276  15735  15738  15741
1238   4889   4895   4896   7667  13054  13055
1239   4889   7509   7510  10276  10278
1240   7258   7510   8323  16503  16506
1241   7257   7258  10278  15741  15767  15768
1242   7667   8324  13787  16503  16527  16528
1246   4896   7509   8323   8324
1249   2836  10458  15061  15063
1250   2837   4696  10504  15064  15066
1251   2840   2837   7147   7698   7699
1252   7141   7146   7147  16972  16980  16981
1253   2836   1242  11090  16975  16979  16980
1254   2840   4696  11093  16972  16975
1257   7091   7092  16979  16981
1258   7091   7146  13547  13549
1259   2853   9895   9896  10878  11028  11029
1260   7960   7966  11028  11030
1261   8934  12290  13185  13292  13293
1262   1868   2853   6780   7965   7966
1263  10878  11413  12292  12293
1265   5603   8934   9141   9142
1267   2867   2868   8003   8010  12491  12494
1268   8010  12191  13904  16271  16274
1269   2868   2871  12188  12191
1270   2877   2878   6674  15567  15569
1271   5789  15566  15567  15570  16456  16459
1272   2878   2883  16456  16472  16473
1273   5788  12487  12491  15570  15572
1275   2888   2871   2867   5788   5789
1276   2888  12188  16274  16459  16471  16472
1278   2877   2883  12036  13907  13909
1281  16203  16206  16695  16698
1282  15758  15759  15762  16264  16266
1283  14466  15594  16206  16264  16265
1284  14466  15529  15530  15533  16692  16697  16698
1285  15530  15594  15704  15759  15760
1286   5070   5072  10108  14962  15122  15123
1287   7213  10108  11451  16203  16265  16266
1288   9377  14962  15448  15533  15534
1289   5070   7213  16692  16694  16695
1293  11451  15123  15686  15762  15763
1294   2924   2925   5206  12759  13051  13052
1295   2682   2926   6299   6302
1296   2930   2924   6300   6303
1297   2930   2931   2932   2084   2925
1298   2932   2933   2934   1742   2092
1299   2935   2926   2683   1752   2934
1300   2933   2931   2935   6296   6299   6300
1302   5087   8474  12344  14775  14787  14788
1303   9441   9442  12344  12346  14967  14969
1304  11429  12346  14772  14775
1305   6971   8474  14966  14967  14970
1306   9218  10554  11170  11431  11432
1311   9218   9438  13514  17149  17156  17157
1312   6965  14970  14972  17152  17155  17156
1313  13517  13519  14966  14969  14972
1314  13513  13519  17149  17152
1318   2967   8689  11191  12284  12286
1319   2972   2977   7720   7723
1320   2978   2972  12286  13187  13293  13294
1321   2977   2980   2981   2967   2978
1324   9396  11191  11361  11362
1325   9287   9990   9991   9994
1326   2980   7720   9991   9993  11573  11575
1330   7723  11573  12288  13185  13187
1331   2555   8934   9994   9996  11360  11362
1332   2981   8689   9396   9990   9993   9996
1333  11823  12146  12149  12150  12790  12791
1334   3000   7878  12150  12153
1335   3000  11822  11823  13664  13666
1336   4993   6109   7858   7859  12149  12152
1337   7858   9152  10714  10717
1338   4993   8812   8815   8818
1339   7878   8812   8816  13666  14171  14172
1340  11612  11827  13664  14170  14171
1341   9422   9428  12414  17061  17064
1343   3019   6276   9424  12412  12414
1344   3021  12412  17064  17068  17069
1345   3019   3021  10579  17122  17125  17128
1346   8790  10575  10576  15804  15807  15810
1347   9427   9428  15807  15881  15883
1350  15810  17122  17126  17173  17176
1352   3036  10885  12268  12621  12624
1353  12621  13324  13325  14902  14903
1354   3036  13324  13326  13857  13858
1355  10882  10885  13855  13858  13861
1356   7768  12269  12624  14901  14902
1357   7766   7768  16541  16544  16547
1358  13325  13326  16498  16510  16511
1359   7766  10170  10882  12268  12269
1362  14901  14903  16498  16542  16544
1363   4996   8817   8818  10221  13957  13959
1364   4996  12152  16870  16884  16885
1365   7307   7876   8816   8817
1366   7876   9914   9915  12153  12672  12673
1367   7307   9915  10221  11636  11637
1368   9920  12672  16881  16887  16888
1369  11634  13960  16875  16878  16881
1370  13956  13959  16870  16877  16878
1371   6742   8488   8489   8588   8590
1372   1352   3082  10521  10745  10750  10751
1373   3082   9767  11559  11692  11694
1374   9480  11681  12695  12697
1375   6742   9477  10523  10751  12212  12213
1376   9475  11681  11692  11693  12208  12209  12212
1380  11555  11693  11694  11992  12695  12696
1381   8584   8587   8590  10521  10523
1382   9933  10613  10614  13004  13006
1383  10614  10863  10867  14348  14351  14354
1385   9815   9819  10154  10905  11040  11041
1386   9818  10154  10354  17001  17007  17008
1387   9929   9933  10357  17004  17007
1388  11039  11041  17005  17008
1389   3117  10867  10869  12635  13004  13005
1390   3121  10863  10869  10905  10908
1391  10354  10357  12632  13005  13006
1392   3121   3117   9819   9821
1393   9815   9818   9821  12632  12635
1397   3128    269   5221   9348   9350
1398   3129   3130   7641   8606   8607
1399    268   3128   1337   3132   3129
1400   3132   3135   3136   3130   5465   5466
1401   1739   5224   9348   9349   9725   9726
1403   3135  16791  16800  16801
1404   3136   7638   7641  16787  16789  16791
1406   5466   5950   9725  16795  16798  16801
1409   2731   1089   1381   3146    472
1410   3146   1365    486   5296   7401   7467   7468
1411    485   7395   7401  13121  13123
1412   5293   5296  12074  12501  12502
1413   3154   2770  12496  12499  12502
1415   1591   2775   3154   1980    148
1418   2726    484  13117  13118  13121
1419   9625   9628  16672  16687  16688
1420   6862   7893  13700  16669  16684  16685
1421   6712  13699  13705  16667  16669  16672
1422   6712   9628  11851  12094  12095
1424  12063  12067  14154  14157
1425  11851  13703  13705  14157  14324  14325
1426   6868   7893   7895  10306  10307
1428  10306  10308  12066  14154  14325  14326
1429   7050   9625  10307  10308  12095  12096
1432  12067  12069  13699  13700  13703
1433  16110  16111  16369  16371
1434  11947  12190  16365  16366  16369
1435  11947  13923  13925  16032  16110  16112
1436   5577   8246   8248  16982  16984
1437   9703  16029  16091  16111  16112
1438   8245   8248   9705  16029  16032
1439   2537   7096  16978  16981  16984
1440   2533   7091   7096  12193  16366  16368
1441  12190  12193  13919  13920  13923
1442   1243   9703   9705  16978  16979  16982
1443  15266  16515  16545  16556  16557
1444   6864  12174  12540  12541  13700  13701
1445  12530  13701  16669  16670
1446  10260  10262  10264  12530  12539  12541
1448   7893   8951  16538  16559  16560
1450  10260  10267  16495  16511  16512
1451   8950  12174  15272  16555  16556  16559
1452  16495  16538  16542  16543  16685  16686
1456   3229  10977  13100  14149  14271  14272
1458  10010  10976  10977  11000  11005  11007
1459  10466  11005  11126  11127  11206  11207
1460   2470   1436   7869   9825  11207  11208
1462   1397   3229  11007  11129  11130
1463   2471   2455  13097  14146  14149
1464   5568  10976  13097  13100
1467  10461  10462  11206  11208
1468   7870   9825  11125  11126  11129
1471   3252   1848   6013  12346  16977  16982  16983
1472   2836    570   3253   8080   8083   8086
1473   8080   8081   9703  16853  16856
1474   8086   8642   9898   9899  16850  16853  16854
1475   3252   1847  16854  16857
1476   3253   6512   8642   8645
1477   6013   9705  16850  16856  16857
1478   3264   9884   9885  12186  12188  12190
1479   2868   5999  14035  14133  14134
1480   2871   3264   3269  14128  14131  14134
1481   5993   7402   7404  14032  14035  14036
1482   5993   5996   5999  12186  12191  12193
1483   3272   7406  14036  14130  14131
1484   9879   9884  13891  13923  13924
1485   3272   3269   9879   9882   9885
1486  13023  14060  15503  15554  15555
1487  12911  13209  15554  15556
1488  12911  13023  13283  14622  14725  14726
1490  10607  13585  14722  16195  16197
1493   5092   5093  13208  15500  15555  15556
1495  10123  13584  13585  14061  14063
1496   5093  10123  10125  10605  10607
1497  13283  13589  14057  14060  14063
1500   7446  11300  11301  13055  13056
1501  10212  10685  11303  13809  13810
1502   9203   9204  10212  10215
1504   3154   1984    986  13058  13059
1506  11299  11301  13787  13808  13809
1507   3314   7314   7315  16799  16801
1508   7317   7318   9253   9839  16780  16782
1509   7312   7315   7318  14207  14295  14296
1510   3314   5466  14204  14207
1511   3325   7722   9342  10114  10115
1512   3325   9255  16779  16782  16785
1513   7722   9728  16783  16785
1514   9253   9255  10115  14294  14295
1515   5317   9839  16795  16796  16799
1518   5096   6545   6765  14827  14830  14831
1519   1620   3272   3339  14452  14455
1520   3339   3269   8070  10761  10762
1521   3342   3343   3344   5096   5097
1522   3344   1957   9879   9880   9883
1523   3348   3342  14830  14833
1525   8071  10760  10761  14827  14833  14834
1527   3343   3348   8070   8071   9883   9885
1528  10857  10858  14831  14834
1529   6765  10858  10859  14455  14553  14554
1530   8193   8194  10580  10581  10584
1531   6783   7290  10584  10585  17017  17020  17021
1532   6783   9051  13213  13218  13219
1533   7290   8194   9051  11058  11059
1534  10526  12884  17021  17024
1535  13216  13219  17020  17023
1536   2343   6229  10528  10581  10582
1539   3372   3373  12803  13913  13916
1540  13103  13104  14402  16155  16158
1541   9054   9056  14724  16155  16196  16197
1544   3381   3382   6460  10606  10607
1545   3373   3383   6460  14405  14407
1547   3382   3385  12157  13585  13587
1548   3385   3381   3383   3372   1212
1550   9755  12413  12414  12894  13222  13223
1551   7221   7223  14089  14092  14095
1553   7218  12412  12413  17150  17153
1554   1483   3019   7217   7218   7221
1555   7549  13518  13519  13806  14094  14095
1557  12894  13515  17147  17149  17150
1558   7217   7223   7549  17147  17152  17153
1560   2141   3406   3407   3408   8853   8855
1561   3408   3409  11285  11288  11291
1562  10025  10026  14591  14592  14595
1563  12582  12584  14592  14593
1564    379   3416   3406  14595  14596
1565   2145   8849   8853  12530  12583  12584
1566  10026  12535  12538  12541  12582  12583
1567   3407   3416   3409  11934  11936  11939
1568   3419   3420  10354  11216  11218
1569  10152  10526  13285  17008  17011  17012
1570   8135  11216  12843  13288  13289
1572  10152  10154  17021  17028  17029
1574   3419   9818  14637  17027  17029
1575   3420   8135  10673  14637  14640
1576  10673  12884  12886  13284  13285  13288
1579   8853  10257  12918  12921
1580   8902   8905  12581  12584  12587
1581   6710   8907  12587  13704  13705
1582   8902   8907   9403   9406  10254  10255
1583  11517  12359  16672  16673
1584   6710   6712   9403  11517  11519
1586   9406  11519  12359  12919  12922
1589    239  14465  14471  15530  15532
1590   3461   2235   8324  14165  15595  15597
1594  11477  11481  15904  15905
1595   2227   3461   4896  15900  15902  15905
1596   7509  15760  15761  15901  15902
1598   2236    237  14165  14470  14471
1601   8323  15591  15595  15759  15761
1603   2629   5643   9260  11488  11490
1604   5643   7738  16484  16485  16488
1605  12249  12754  12755  16445  16450  16451
1607   9260  13012  13013  16451  16488  16489
1608  11490  13007  13013  13812  13813
1609  12752  13009  13812  16505  16530  16531
1610   1927  10323  16505  16508
1611  11495  12217  12250  16450  16485  16486
1614   3500  12983  13658  13964  13965
1615   3500   3501   1894   6312  10159  10161
1616   2411   5341   8260   8261  16423  16437  16438
1617   8140   8141  12980  13964  13966
1618   3516   8043   8140  16426  16440  16441
1620   6309   6312   8261   8262
1622   3516    848   3501  12980  12983
1624   5336   5341  13655  13965  13966
1625   8038   8039  16436  16438  16441
1627   9992   9993  10187  11771  11772
1628   9283   9991   9992  10117  12167  12170
1629  11767  11771  12170  13025  13026
1631  10112  10115  12167  13026  13027
1632   3533   3325  10185  11769  13025  13027
1633   3534   3533   7718   7720   7722
1634   2980   3534  10180  10185  10187
1636   4964   4967  11823  11825
1637  14653  14656  16759  16886  16888
1638  12149  16778  16883  16885
1639   4964  12150  12673  14656  14999  15000
1640  11871  11876  12790  12792  16772  16775  16778
1644   1353   3082  11204  12030  12031
1645  11560  11691  11694  14610  14809  14810
1646   7801  10083  12641  12642  14607  14610  14611
1647  11547  13611  13612  14611  14806  14807
1648  13536  13540  14804  14807  14810
1649   9054   9059  10580  10583  11042  11044
1650  10530  10582  10583  16151  16153  16155
1651  13287  14619  14726  17011  17013
1652   1714  10524  10530  13285  13287
1653  10152  10585  11038  11041  11044
1658   7867  12347  12348  16820  16822  16823
1659  11371  12175  12177  15893  15896  15899
1660  11162  14297  14298  15897  15899
1662  11367  12353  15787  16823  16826
1663  12176  12177  14298  14427  14428
1664  15787  15792  15793  15893  15894  15897
1665   3574    271   3575  10214  10217
1666   9259   9265  10214  11489  11490
1667   3130   3579  13573  13723  13724
1669   2622   3579   5643   7641   9488  10173  10174
1670   3574   8609   9265   9490  10176  10177
1671   3575    272  12571  13570  13724  13725
1672    273   3129  13570  13573
1673  13399  13870  13871  16495  16498
1677   3594  13329  13398  13873  13874
1679   4976  12692  13323  13326  13329
1680   3594   4976  11285  11286  11289
1682  10566  11359  11362  11365  11584  11585
1683  10569  11365  11595  17116  17118
1684   3605  10572  11216  11584  11586
1686   8691  11191  11592  13006  17179  17180  17183
1687   3611   3419  12632  15428  15430
1688   3420   3605   3611   5457   5459   5462
1689   5462  15428  17119  17162  17167  17169
1690   5457   5460  17115  17116  17119
1691   8691   9396  10357  11218  11585  11586
1693  11444  11445  16084  16173  16174
1694   3618   1989   3619   9514  14571  14574
1695   3619   1992  11991  12698  12699
1696  12698  12700  14568  14570  14571
1697   1986   3618    294   3622
1698   3622   1991   7393  16082  16172  16173
1701   2926   7306   7307   9860  13554  13556
1703   2934   3628  13660  13663  13666
1704   3628   2935   7306   7876   7878
1706   8812   8814   8817   9857   9860
1708   6955   6957   9857  13423  13554  13555
1709   1902   6957  13578  14174  14175
1711   7009   7823   8114   9229   9230
1712   3640   2251   5859   9227  11437  11439
1713   2262   6363  11624  11627  12198  12200
1714   7008   7009  11628  12198  12423  12424
1715   7823  11434  11624  11625  11628
1716   2255  11433  11439  11625  11627
1717   3649   1680   5177  12420  12421
1718   3649   1029   2261   3640   1679
1719  10950  14086  16787  16792  16794
1720  10060  11566  11567  14185  14191  14192
1721  11564  14086  14087  16104  16144  16146
1722   7602  14078  16144  16145
1723   5317   5324   7602  14185  14188  14189
1724   5324  14078  14087  16794  16799  16800
1725  14188  14191  16101  16145  16146
1727   9839   9840  14189  14192
1731   3673   3674   3675  16454  16459  16460
1732   3681   3673   5789   5794   5795
1733   3682   3683  16457  16460
1734   5386   6409   6410   6413   7110   7111
1735   3692   3693   5386   8074   8075
1736   5794   7107  15563  15570  15571
1737   3695   8074  15564  15567  15568
1738   3682   3675   6409   6412   6415
1739   3693   3699   3683   6413   6415
1740   3674   3681   3700   6410   6412
1741   3695   3699   3692  16454  16456  16457
1742   3700   5795   7105   7107   7110
1744   2003   3704  16478  16857  16860  16861
1745   1846   8794  16854  16861  16862
1747   5451   8792   8794  16548  16551  16554
1749   3252   3704   8828   8831   8834
1751   8828  16517  16519  16843  16846  16849
1754   5211   5214   7762  10767  10768
1755  10169  10483  10882  11387  11388
1756   3725   5214   9722  10483  10485
1757   7767   7977  12266  12269  12272
1758   7763   7766   7767  10768  10769
1759  12271  12272  12388  12393  12394
1760   3725  10169  10170  10767  10769
1763  10485  11382  11388  12391  12394
1766   5324   7314   8906  12585  12587
1769   3744   7315  12581  12582  12585
1770   3744   3745   3135   3314  14592  14594
1771   3745  14082  14085  16791  16794
1772   8902   8906  14074  14076  14078
1773   8689   8691   9933   9936
1775   3747  10095  10097  10612  10614
1776  14359  14362  17179  17182  17185
1777   3753   3747  13004  17183  17185
1778   3753  10091  10094  10097  14355  14361  14362
1779   1820   1411  14358  14361
1780   1163   3755   2967   9936  10612  10613
1781   3755   1177  12280  12283  12286
1783   6789   6791  11554  12640  12641
1784   5188   7250  15128  15674  15677
1785   9669  15124  15127  15674  17112  17126  17127
1786   3764   6788   6789   9669  10574  10575
1787   3764   1476   8764  12636  12637  12640
1788   9846  10577  17109  17127  17128
1789  11547  11552  11554  15124  15125  15128
1790   2406   7277   7281  16438  16439
1791   2421   7281   8133  10673  10676
1792   5338   5341   6227  10528  10530
1794   2414   8261  10676  12592  12885  12886
1795   7277   7279   8133  13288  13290
1798     94   1720  13284  13287  13290
1799   3775   3778  12259  12260  12263
1800   3781   3775  15932  15935  15938
1801   3778  11323  11521  11522  15936  15938
1803  11461  11462  15932  15933  15936
1804  12259  12262  12265  13086  13088
1806   3781   8387  11209  12263  12265
1807  11209  12108  12110  12922  13086  13087
1809   8387  12109  12110  15933  15935
1811   4975   4978  14362  14576  14577
1812   9550  11580  11582  14576  14578
1813   9307  11580  11581  15533  15535
1814   2179    754   9307   9549   9550
1816  15421  15445  15448  17162  17164  17166
1818  11275  14962  15421  15423
1819   4978  11274  15423  17166  17184  17185
1820   3817   6412  14833  14866  16535  16560  16561
1821   7758  10766  10768  14834  14862  14863
1823   3817   3674   8071   8072
1824   3700   3822   7767   7768  10763  10764
1825   3681   8072  10759  10761  10764
1826   3822   6410  16535  16543  16544
1827  10766  10769  16547  16557  16558
1830   1615   2776  15804  15805  15808
1831   2083   3828   3829   3830   2925
1833   3828   5298   5916   7470   7471
1834   6793   9669  15808  15810
1835   3836   3829   5298   6789   6790
1836  13032  13190  13191  15805  15807
1837   2924   3830   3836   3764   1475
1839  12762  13035  13051  13189  13190
1841   3383  16060  16212  16258  16259
1842   3842  16253  16256  16259  16466  16469
1843   3372   1210  16060  16469  16481  16482
1844   3381   9336  16212  16251  16252
1846   6490   8306  13987  15908  15910
1847   3385   8144   9335   9336  13987  13989
1848   3842   8304  15815  15909  15910
1849   6194   8146  13989  15818  15908  15909
1853  10706  12470  14551  14563  14564
1854   3862   3865  11751  11752  11755
1855   3866   3862   6668  12470  12472
1856   3865   3869   3866  11253  11256  11259
1857   6668  10706  11435  11625  11752  11753
1859   3876   3877   7823   9890  11257  11259
1860   3869   3876   9945  11755  11756
1862   3877   9945  11628  11629
1863  10275  10276  10279  17175  17178
1864   6164   8974   8975  10279  10281
1865   3881   5570  10275  10278  10281
1866   2463   3881   7510  15758  15761  15764
1867   8971  14051  15683  15763  15764
1868  14053  15683  15708  17054  17057
1871   6312   8089  11966  14798  14800
1872   1903   3500   3885   6957   8343   8344
1873   8346   8347  10164  13391  14801  14803
1874  13385  13391  13581  14173  14174
1875   3501    847   3890   3885
1876   3890    821   8342   8343   8346
1877  11474  11725  11726  12810  13115  13427  13428
1882  11205  11208  12265  12295  12296
1883   6346   7520   7523  10496  10499  10502
1884   6350   7517   7520   7872   7874
1885   7868   7874   9825  13089  13091
1886   3899   5997   5999   8007   8010
1888   3901   7143   8007  13547  13904  13905
1889   3905   2536   7096   7143   7146
1891   3906   5993   5994   5997
1892   3906   2535   3905   3901   3899
1893   5340   8217   8219  13963  13966  13969
1894  10795  10797  12982  13967  13969
1895  11979  14457  14557  14884  14886  14889
1897   7319   9926   9927  12978  12980  12982
1898   6173   7321   9927  11979  11981
1899   6173  10798  14454  14457
1900   8140   9926  11981  14888  14889
1901   3921   1351  10521  11534  11535
1902   1350   3921   3922  13843  13845
1904   3922  11530  11534  13862  13863  13866
1905   3924   6987   6989   8477   8478
1906   3928   3929   8477  16970  16972  16974
1907   3931   3932   3928   7144   7147
1908   3933   7141   7143   7144
1909   3905   3935   3931   3933   6988   6989
1910   5987   8478  16974  16983  16984
1911   3932   3935   3924   3929
1913   5659  10727  10732  14380  14381  14384
1914   7569  11984  14370  14381  14382
1915  11050  11053  11978  11981  11984
1918  11978  11979  14370  15526  15528
1919   6173   6176  13070  15522  15523  15526
1920   3955   6233   8341  13070  13072
1921  10728  13072  14384  15523  15525
1922   9927  11053  12308  14220  14222
1923   3955   6176   7321  12305  12308
1926  10731  10732  13994  13996
1928  16029  16061  16469  16856  16863  16864
1929   3842   7957   7958   9912   9913
1930   8085   9910  16853  16864  16865
1931   8080   8082   8085  16075  16086  16087
1933   7958   9130  16078  16085  16086
1934   3966   9795   9798  14036  14039
1935   3971   3966  10647  10652  10653
1936    800   3971   9798  13761  13763  13766
1937    796   6128   6131  13765  13766
1940   2530   3906   6128  12661  12662
1942   5997  12661  12663  14035  14038
1943  10650  10653  14032  14038  14039
1944   7415  12903  12905  15792  15794
1945   7415   8280   9250  11587  11589
1946   9245   9246   9994  11587  11588
1947  10742  11162  12167  12904  12905
1948   8280   8283  12170  12903  12904
1949   8283   9990   9992  11588  11589
1950    284   2362   3991   3253  15692  15695
1951   3991   8638   8642  10871  10876  10878
1952   3128    290  15692  15747  15748
1953   7323   7702  10795  13823  13825  13828
1954   3971   3995   3955  14709  14794  14795
1956  13453  13928  14711  14795  14796
1957   7702  12829  12831  13453  13456
1958  13456  13766  13827  13828  13927  13928
1959   3995   6176   9798  10798  10799
1960   7319   7323  12308  12829  12830
1961   1824    728   4002   8920   8921
1963   9218   9219  10568  11363  11365
1965   4002  12894  12897  17077  17080
1966  17080  17116  17117  17150  17159  17160
1968   8920   9437  12897  13514  13515
1969   2078   4013   1361   4014   3828
1970   7399   7401  13439  13707  13708
1971   4017   1367   4013  13710  15634  15637
1972    473   3146   1366   4017
1973   4014   1364   5291   5296   5298
1974   5914  13439  15633  15636
1975   7038   9105  14381  14383
1976  13165  13169  14346  15773  15775
1978  14367  14370  15773  16068  16071
1979  10249  10250  15495  16124  16126
1980   7570  11984  16068  16125  16126
1981  12559  13169  13170  14367  14382  14383
1983   4028  13856  13858  15413  15422  15423
1984   3036   4030   3117   4031   4028
1985   4030  10869  13323  13324  13327
1986   4033   3747  10867  13327  13329
1987   3753   4033   4971   4976   4978
1988   4031  12635  15413  15429  15430
1990   3775   7481  13493  14587  14590
1991  11347  11764  12452  13430  13432
1992   3778   7481  11346  12455  12456
1993  12263  12295  14584  14586  14587
1999  11564  11660  14181  14184
2000  12245  12248  16447  16450
2001  14082  14083  14086  14184  16485  16487
2002   4049  16457  16475  16906  16911  16913
2003   2692   4049   3699   8232   8234
2004   3692   5755   8234   8589   8590
2006   3695   2878   5755   6739   6742
2008   2883   1225   6739   8489   8490
2009   4060   6582  14625  14629  15998  16000
2010   6583  15994  15997  16000  17030  17032
2011   4060   6781   6785  13200  13219  13249  13250
2014   6781   6787  17020  17031  17032
2015  13510  14631  15994  15995  15998
2016  13200  14629  14695  14697
2017   6582   6583   6785   6787
2018   2445   2488   8093  12591  14754  17023  17030  17031
2021  15122  15421  15422  16021  16023
2022   4074  15428  15429  16017  16020  16023
2024   4074   5462   8495   8497
2025   8495   8496  17071  17084  17119  17120
2027   9919  12672  14656  14702  14703
2028   3628   2933   3000   4964   7005   7006
2029   6299   7306   9272   9915   9916
2030   6300   7003  11640  14699  15002  15003
2031   2931   7000   7003   7006
2033   4090   4091   7942  12750  13008  13009
2034   2232   4094   7939   7942
2035   4091  14168  15597  15620  15621
2036   4090   4094   2238  14165  14168
2037  15595  15621  15622  16501  16503  16505
2038   7939  11305  13008  13807  13809  13812
2039   3461   7667  11301  11302
2043  12780  12781  16698  16703  16704
2045  11458  12781  12782  16199  16204  16206
2046   6665  11371  11372  15072  15075
2047  12347  12349  12352  12780  12782
2048  10819  11369  11458  12352  12353
2049   6665   7214   7215   7563   7564
2050   7210   7214  16199  16201  16203
2051   7210   7215  15075  16695  16704  16705
2052   6772   9695   9701  13359  13361
2053   4112    599   2333   4113   6771   6772
2054   2012  13224  13804  13806
2055  13136  13220  13221  13224  13360  13361
2056   4119   6771  13139  13359  13360
2057   4119   4113   2334   2006
2058   9695   9699   9758  13221  13223
2059   4112    616   9699   9701
2060   7966   8795   8797  12142  12872  12873
2061  11419  11420  16548  16549  16552
2062   6949   7965  12142  12145
2063   2853   1845   8791   8794   8797
2064   6986   6989   6992   7940   7943
2065   3935   4126   7937   7942   7943
2066   6130   7937   7939   7940  12226  12228
2067   4126   3931   4129   2231   4094
2068   3933   3901   4130   2230   4129
2069   4130   3899  12657  12658  12661
2070   6126   6128   6130   6991   6992
2071  13598  13601  13602  15385  15388  15391
2072   8823  14029  15385  15386  15389
2074   8318   8320  13602  13646  13647
2076   8314   8315   8318  13093  13095  13097
2077  11111  13601  13649  15096  15275  15276
2078   6665  10770  14338  14862  14864
2079   7215   7216  10766  10767  10770
2080   5214   7214   7216  13165  13168  13171
2081  14831  14863  14864  15776  15778
2083  10856  10858  10861  15772  15773  15776
2084   5211  10860  10861  13169  13171
2085   4113   4147   8194   8195   8402   8403
2086   4149   1788   6772   6773
2087   4151   1793  10510  10511  10514
2088   1783   4149   4112    600   4151
2089   1789   4147   6771   6773
2090   4153   7290   8401   8402
2091   4153   1792   9051  10514  10515
2092  15524  15525  15959  16587  16588  16591
2093  10861  14367  15516  15527  15528
2094   9722  10314  10315  12556  13170  13171
2095   4160   8542  15844  15860  15865  15866
2097   4169  14826  15838  15841  15844
2098   8387  14820  14821  15799  15840  15841
2099   4160   4169   5541  10313  10315
2101  14821  14823  15935  15957  15958
2102  14777  14779  15933  15956  15957
2103  10313  10917  14820  14823  14826
2105   1585  11799  11800  11803  13436  13439
2106  11797  11807  11808  13436  13708  13709
2108  11794  11808  11809  14039  14129  14130
2109   7899  10653  11807  11809  13121  13122
2110   6388   6390  11803  14038  14132  14133
2113   9592   9595   9598  16748  16750  16752
2114   3533  11884  11885  16752  16784  16785
2115   4197   9592   9593  12022  12025
2116   4197  10182  10185  11883  11884
2117   9598  12022  13590  13718  14062  14063
2118   9255  13021  13027  13716  14059  14060
2119  13714  13716  13718  16750  16781  16782
2121   2497   4201   3829   4014   1363
2122  12075  12501  14610  14613
2123  12502  12718  14607  14613  14614
2125   3836   4201   7798  12640  12642
2127  11554  12716  14611  14614
2129    242   9020   9021   9369   9371
2130   2180    238   9307  10957  10958
2131    245   9365   9368   9371
2132    753   2506   7488   7490   9366   9368
2133   9021  10791  10960  10961
2134   9365   9366   9369   9552  10791  10792
2136  10556  10571  11583  11584  11587
2138   9634  11317  11319  13181  13184  13187
2139   2972  11319  13838  16398  16409  16410
2140   2978   3755  13835  13838
2141  12877  13296  13297  16805  16816  16817
2143   1677   9634  10470  16811  16814  16817
2144   5795  10764  12274  12605  12606
2145   3822   7110  14900  14901  14904
2146   7105  10337  12773  14904  14905
2147  12266  12270  12624  12776  12777
2148  10888  12270  12272  12276  12606  12607
2150   7107  10337  10890  12274  12276
2152   1543   8221  13969  14117  14118
2154   2345  10581  10583  13102  13104
2158   7413  12899  12903  12907  12909  12911
2159     95   7413   8280  12840  13289  13290
2160   8283  11771  12840  17014  17016
2161   4242   7349  12775  14905  14906
2162   4247   4248   4249   4250   7348   7349
2163  10337  10340  15560  15563
2166   4257   5383   7111  14904  14906
2167   4259   4249   5383   8075   8076
2168   4247   1798  15557  15560  15561
2169   4250   4259   4257   4242
2170   4248   8076  15561  15564
2171   4017    474   4263   6846   6847
2172   4266   6845   6847   9627   9630
2173   4263    475   9630  12097  12098
2174   8235   8237   9627  12098  12099
2175   4266   7433   8236   8237
2176  10256  11126  11128  12921  13089  13090
2180   1277   5249  12111  15855  15858
2181  10253  10255  12107  12108  12111
2182  11002  11005  15855  15863  15864
2183  11205  11206  11209  15799  15802
2184   4278   4279  10098  10099  10102
2186   4278   5698   6404  10563  10564
2187   4279   1487   5698   7221   7222
2188   2301   3021   7218  10560  10561
2189   2299   6405  10559  10560  10563
2190   3348   3817   3675   4287   4288
2191   4288   3343  11183  11186
2192   3673   3264   2888   8070   8072
2193   9883   9884  11183  11946  11947
2194   4287  11186  11946  16369  16460  16474  16475
2197   2413  10676  14640  14757  14758
2198  10109  10313  10314  10484  10485
2199   4169  10105  10109  11451  11452
2200   3725   5076   7210   7213   7216
2204   5076  10105  10108  10483  10484
2205   4160  11452  12958  16260  16263  16266
2206   7923   8240   8498   8499  10560  10562
2208   5457   8241   8494   8495   8498
2211  10561  10562  17153  17158  17159
2212   4310   3929  12092  15823  15826
2213   4310   3924   7943   9573  10993  10995
2214   6423  11016  12091  15820  15826  15827
2215   4126   4090   3932  15820  15823  15824
2216  11013  11016  12339  12753  12754
2218   4091   1919  15824  15827
2220  10624  10732  10733  16100  16148  16149
2222  10730  14384  15931  15959  15960
2223  10626  11467  15931  15936  15937
2225  11462  11464  14777  14778  16147  16148
2228   2981   9929   9936  10184  10187
2229  11741  11742  13601  13604
2230   4330  12765  12769  12844  12845  12848
2231   2589   4330   2422   6670  13602  13605
2232   6666   6670  12466  12467  12470
2235   6666  10704  10706  13598  13604  13605
2237  10984  15645  16583  16586
2238   3781  14587  14696  14697  14821  14822
2239  15639  15928  15960  16586  16591  16592
2240   7481  15642  15928  15937  15938
2241   5931  12990  12992  14629  14822  14823
2243   5929   5931  10984  13200  13495  13496
2245   3991   2358   8085   8086
2246   8796   8797  11024  11025  11028
2247   2222   1618  15805  15881  15905  15906
2249   2758   4895  15808  17171  17176  17178
2251  12899  12905  15554  15837  15897  15898
2253   8269   9253  13716  13719
2256   8269  11706  11708  14293  14295  14298
2258   8473   8478  14878  14967  14968
2259   3865   4351  14819  14881  14882
2260    793   4310   8473   8474   8477
2261   3866   6969  14819  14970  14971
2262   4351   3869   4352   4353   6990   6992
2263   4352  10996  11258  11259
2264   4353   7940  10992  10993  10996
2265    734   8214   8604  11097  11098
2267   4360   2661   4361  10837  10839
2268   4360   6720   8602  11096  11097
2269   6720   9075  10833  10836  10839
2270   9070   9071  10834  10836
2272    762   9070   9072   9075  11096  11098
2273    251   4361   8408   9367   9368
2275   9366   9367  10047  10049
2276   2407   7281   7283   8242   8244
2277   8238   8242   8498  12823  12824
2278   3605   2563   7283   8133   8135
2279   3611   4074  14637  14758  14759
2281   5755   8074   8076  10523  11535  11536
2282   4377   4378   4379   5383   5386
2283   4380   3693   4379   8231   8234   8237
2284   4378   4381   1377   4266   4380
2285   1376   4381   4377   4259   4382   3921
2286   4249   4382  11534  11536
2288   6448   8828   8832   9440   9442
2290   8473  12344  16974  16977
2291   6448  10392  14424  14880  14968  14969
2292   3704   6013   6555   8247   8248
2294    236  10968  12783  14469  14471
2295   4129   2234    217   7144   7699   7700
2296   3928   2840  15823  15850  15851
2297   2837  10965  12783  15845  15848  15851
2298  14168  14469  14470  15824  15847  15848
2299   1034    204  15098  16808  16815  16816
2300  14994  15129  15674  15701  15702
2301   3229   9556   9557  14997  15128  15129
2302  10977  12105  14994  14997
2304   4393   4394  13536  13539  13542
2305   4397   9559  13539  13612  13613
2306   6439   6442  13239  13541  13542
2307   4394   4399   6442  14579  14581
2308   4393   4397   1415   4401   4399
2309   4401   1405  14361  14579  14580
2310  12779  12782  15846  15848
2312  10825  11458  15827  15846  15847
2314   2621   3579   3136   3745
2315   9488  14374  16488  16490
2317   8593  10064  10950  14177  14182  14184
2320   6061   8343  10088  10089
2321   6058   9855   9857   9859  10089  10090
2322   3885   6058   6061  12978  12983  12985
2323   9859  12714  12985  13967  14116  14117
2324  11567  11568  12950  12998  12999
2325   9585  12999  14933  15152  15153
2327  14631  14825  15839  15841
2329   2690   5820  10305  10308  10311
2330  10309  10311  16246  16247  16250
2331   4421   8752   9334  16250  16252
2333   6490   6495   6496  14156  14328  14329
2334   2389   4421  10305  10306  10309
2335  10899  12065  14152  14154  14156
2336   6496   9334   9335  10899  10900
2337  10563  10565  13605  13645  13646
2338   5867   7544   8318  12826  12827
2340   2583   6670  10559  10562  10565
2341   4330   2408   8242   8243
2343  10612  12931  12932  14353  14354
2344   4197  12936  13852  14352  14353
2345   3534   2977  11884  13838  14267  14268
2346   6787   9153   9156   9159   9819   9820
2347   4153   6781   6783   9157   9159
2348   9156  10905  14253  14255
2349   8402  10584  11044  14250  14252
2350   9815   9820  17026  17029  17032
2351    735   4002  11095  11098  11101
2353  11099  11101  12897  13221  13222
2354    620   9075   9076   9699   9700
2355   9070   9073   9076   9426   9428
2357   5788   5794  12274  15396  15545  15546
2358   2867  14132  14134  15544  15546
2359   3339  11778  14129  14131
2362  11799  12608  15399  15544  15545
2363   1796   6773  13146  13355  13356  13359
2364  13142  13146  13636  14395  14397
2365   4147   4119  14260  14262  14398  14400
2368   3382   9334   9336  10123  10124
2369   3344   6457   6460  11183  16212  16215
2371   4452   2385   5091   5093   5096
2373   4453  11186  16215  16250  16251
2374   4421   2384   4452   3342   4288   4453
2375   3373   8250  16032  16060  16061
2376    241   2877   6739   9371   9477   9478
2378   4361   2669   4458   6676  15561  15568  15569
2381   4248   4458  11530  11533  11536
2382   9365   9367   9478  12212  12214
2383   1678   3640  15095  16815  16817
2385  11438  11439  13604  13648  13649
2386   1671   9634  10854  10855
2388  11099  11100  13355  13358  13361
2389   8920  11100  11101  16517  16522  16524
2390   2020   6448  13224  13517  13518
2391   8485  12044  14156  14459  14461
2394  15907  15910  15913  16902  16904
2395  11957  11958  16898  16899  16902
2397  11007  14997  15739  15766  15767
2398   4469  12256  13539  14805  14807
2399   1416   4397   4469  11129  11131
2401   4696  15851  16827  16830  16833
2402  12086  15826  15850  16831  16833
2403   6586  15413  15983  16022  16023
2404   4031   6581   6583   6586   9820   9821
2405   6581  15983  15999  16000
2408   9413   9414  10476  13389  13391
2409  13114  13430  13431  13660  13661  13664
2411   8044   8899   8901  16441  16442
2412   8895   8896   8899  16120  16123  16126
2413   3516   9926  11046  11051  11053
2416   1799   4247   4458   5081   5082
2417   1795   5082  13068  13146  13147
2418   7273   7349  14213  14216
2420   3922   4382   4250   7273   8775   8776
2421   5935  15394  15399  15400  16579  16581  16583
2422  11031  11037  15397  15400
2423  11033  12276  15394  15396  15397
2424   9296  10892  11383  12270  12271
2426   5934  11383  12394  12990  12991
2427   5929   5934   5935   9296  11036  11037
2428   9623   9628   9630  11516  11517  11520
2429   6841   6847  11326  11520  11521
2430   4380   7052   9623   9625   9627
2431   4378   4496   7052  16688  16689
2434   4381   1382    903   2154   4496
2435   3574   6336   6337   7012   7013
2436   4503    797   6332   6333   6336
2437   4503   7012   8709   8782   8783
2438   3622   8707   8782  10364  10366
2439    295   3575   1012   1985   3618
2441   6332   6334   6337  10210  10212  10214
2442   3744  10026  14207  14430  14431
2443   7316   7318   8269  12067  12068
2444  11706  11711  12171  12174  12177
2445   7312   7316  12585  13703  13704
2447   4508  11032  15397  15548  15549
2448  12491  13160  13161  15543  15546  15549
2451   1797  13163  13164  15560  15571  15572
2452   4508   1785  13158  13161  13164
2456   3966   3995  11809  13070  13071
2460   8340  11807  13071  13072
2461  10956  10957  11576  11577  11580
2466    693    102   7413   7415
2467   7277   7283  16220  16222
2468   4028   6586  10885  11386  11387
2469   4524   6785   9159   9296   9299
2470   4030   3121   9156  12621  12777  12778
2471   4524   6581   6582  11382  11383  11386
2474   4527   7323  12982  12985
2475   9415   9419   9862  12712  12714
2476   7704   9419   9777  13828  13829
2478   4527   7702   7704   9859   9862
2479   4533   1794   4360   5082   5083
2480   4149   1787   4533   6720   9700   9701
2481   7316   7317  14152  14157  14189  14460  14461
2483   7602   8906   8907  10785  10786
2484   3682   4453   4287  10309  10310
2485   2691   3683   4049  10310  10311
2486  12997  12999  13978  15647  15649  15651
2487   9092  12046  14192  14459  14460
2488  12046  12201  12206  13374  13383  13384
2489   8485   8486  10899  13718  13721
2490   8143   8728  13986  13989  13992
2491   8728   9597  12022  12160  12161
2492   8486   9597   9598  13990  13992
2493   5070   5076  10169  13859  13861
2494  10484  11386  11388  15983  15986
2495   9511  13568  13570  14574  14672  14673
2496   9510  11445  15692  15724  15725
2497   1336   3132    382  13568  13573  13574
2498  13574  14672  16053  16055
2499   6415   7053  10305  10307  10310
2500   4379   6413   7050   7052   7053
2501   3862   5695   7222   7223  14816  14819
2502   5695   6666   6668  10564  10565
2503   2930   3830   4201   7001   7003
2507   4548  12053  13727  13728  14672  14674
2508   4552   4548  11545  12314  12315
2510   4553   3619  11545  12507  12508
2511   4552   4553  14571  14673  14674
2515   4257   4377   4496  13396  13871  13872
2516   6409   7053   7895  16535  16538
2518  13870  13872  14900  14903  14906
2520   5695   5698  11752  11754
2521   4278   2254  11627  11753  11754
2524   9403  10784  10785  11463  11464
2525  10784  10786  16143  16145  16148
2528  15913  16777  16873  16883  16884
2530   6109  13819  15911  16777  16778
2531   4573   4993   4996  15662  15663  15666
2532   4573  11956  11957  16870  16873
2533   7858  13377  13383  13819  13822
2535  10325  15857  15860  16501  16506  16508
2536   3881   7258  15857  15866  15867
2537  11452  15762  15764  15842  15844
2538   8346  12513  14936  15151  15152
2539   3890   6061  11784  12832  14223  14225
2540    115    786   8899   8900
2541  14450  14455  14457  15519  15526  15527
2544   2224   6751  13979  13982  13985
2545  13979  13980  13983  15547  15549
2546   1584  11803  15543  15544  15547
2549  13159  13161  13983  13985
2550   4130   2229   8003   8005   8007
2551   2932   7004   7006  11350  12451  12452
2552   4013   1362  11349  12454  12455
2553   4584   6442   9554  10792  10793
2554   4584  11683  11696  13540  13542
2555   9481  10791  10793  11676  11681  11683
2556   9369   9475   9478   9481
2557   7083   7257  15853  15855  15857
2560  11340  11672  11673  15400  15547  15548
2561   4151   4508   1784  13192  13983  13984
2562  10514  11035  11037  11336  11337  11340
2564   3649   7960   7961  12138  12140  12142
2565   5180   6931   8925  12419  12420
2567  14095  14816  14844  14882  15041  15042
2568  11545  11680  11696  14808  14810
2569   4553  11676  11680  12694  12695  12698
2570  12496  12508  12509  14613  14808  14809
2571   4596   9270   9916  11635  11637
2572   8460   9919   9920  12199  12200
2573   1470   4596   4279  11751  11754  11757
2574  11631  11632  11635  11756  11757
2575  11629  11632  11634  12198  12199
2576    511   8493   9019   9021   9480   9481
2577  12315  12316  14804  14805  14808
2578   4527   6058  12828  12829  12832
2580   7835  12339  16448  16451
2583   6337   6338   9265  10996  10997
2584   4353   6130   6332   6335   6338
2585  10109  14825  14826  15986  15998  15999
2587   8486  12044  12046  16750  16753
2589  10770  15075  15271  16556  16558
2592   4596   1463   9415   9418   9421
2593   4351   9421   9774   9777  11755  11757
2594   4263  10628  11467  11520  11522
2595  10624  10625  10784  12182  12184
2596   8929  16758  16879  16886  16887
2598  16873  16876  16877  16897  16902  16903
2599  10591  12385  16875  16876  16879
2600   7958  10593  12385  16894  16897
2603  13712  15637  15641  15928  15931
2605  13436  15636  15644  16579  16584  16586
2606  12352  15845  15846  16823  16832  16833
2607  13256  13258  15784  15787
2608   8682   8683  16752  16755
2609   7718   7723   9728  10411  11318  11319
2610   8721   9150   9152  13819  13991  13992
2611   8721   8726   8728  11240  12683  12684
2614  13019  13932  13961  16876  16878
2615   4573    962  13453  13958  13959
2617   4613   4503   9945  11632  13930  13960  13961
2618   4352   4613   3876   6336   6338
2619   9419   9421  10224  11635  11636
2620  15556  15830  15837  15991  15993
2621   4452  14390  14830  14866  14867
2623   6765  14851  15776  15974  15977
2624   9855   9860   9862  10221  10224
2626   7186  12937  14348  14350  14353
2627   3416   4616   4617  16006  16009
2628    380  13574  13727  14595  14597
2629   3406   4619   4616   8520   8521
2630   4620  14674  16006  16054  16055
2631   4620   4617   4619   1280   4548
2632    887      5   6386  13395  13874  13875
2633   3594   4033   6351   7520  10096  10097
2634  10863  10865  13327  13873  13875
2635   9076  10835  10836  13194  13984  13985
2636   4533   1786  10839  13162  13164
2637   4623   4552   4620  11680  11683
2638   4617   4624   4394   4584   4623
2639   1291   4469   4393   4624   4619
2640  12199  12422  12423  16879  16881
2641   4613   3877   7007   7009   7012
2644   9490   9892  10997  11257  11258
2645   3408   4626   4401   2137   7873   7874
2646   2069   4626   3409  14575  14576  14579
2649   4524   4060   5931   5934
2651   4626   4399   4624   4616   3407
2652   4242   7273   7276  13869  13872  13875
2653  14388  14867  16559  16561
2654   4623  10793  10960  16006  16015  16016
2656   5935  10984  11340  11342
2660  10745  10940  11532  13866  13868
2664  11093  14773  14785  16828  16830
2667  12044  13384  13822  13990  13991
2672  12201  12438  12953  12997  12998
2674   8108   8109   8605   8608   8611
2683  10461  13506  13509  15802  15839  15840
2684   8782  10587  10589  12385  13018  13019
2686   4889  15902  17178  17190  17191
2689   9341   9342   9723   9725   9728
2694   7000   7005  14998  14999  15002
2695   4971  11274  12692  13856  13857
2697   8816   8818  12146  12152  12153
2704   8569  10415  10422  11718  11720
2707   5155   7192  11038  11039  11042
2708  13021  13025  13280  13283
2709   6362  12200  12418  12420  12423
2710   7250   8765  11552  12637  12638
2712   5200  13046  13049  13052
2713   5211   9722  12388  12390  12391
2714   9348  10403  11416  12291  12292
2716   8791   8796   9908  16859  16862  16865
2717  12111  12646  14517  14780  14781
2718  11336  11342  12852  13494  13496
2719  16371  16474  16911  16924  16925
2720   6496   8485  13986  13987  13990
2722   5291   7466   7468   7471
2724  10524  10528  12595  12884  12885
2725   5317   7312   7314   7317
2726  14861  14862  16555  16558  16561
2727   5336   8141  16420  16423  16426
2732   7105   7111   8075  15557  15563  15564
2733  11638  11642  14698  14699  14702
2737   7960   7965  12880  13295  13296
2740  13997  14191  16959  16966  16967
2743  11498  12216  12217  16508  16529  16530
2744  10315  10917  11332  15956  15958
2747   5564  10281  10976  12105  12106
2748   8245   8246  13919  13922  13925
2751   9893   9894  11426  11427  11430
2755   9259   9260   9483   9488   9490
2757  13993  13994  13997  16097  16100  16101
2761   7217   7222  10559  10561  10564
2763   8923   8929  12418  12419  12422
2765  14780  14782  15853  15858  15860
2767   8774  12679  12680  13630  13631  13634
2768  10587  10593  16078  16169  16170
2770   8108   8110   9224   9227   9230
2771   7544  13095  15696  15697  15700
2772  10275  12106  14994  15739  15741
2775   9406  11462  11463  12108  12109
2776   5911  11668  11671  11674
2777  12493  15566  15569  15572
2778   5929  12990  16583  16592  16593
2779   7549  14816  14971  14972
2780   9341   9349  10403  11570  11571
2782  12107  12110  15799  15858  15862  15863
2785  10089  12832  15662  15665  15668
2786   6062  10249  12245  12246  12249
2789  10112  10114  10117  11570  11572
2791   6109   9152  12786  12787  12790
2793   6126  12226  12657  12659  12662
2794   7704  10224  13456  13957  13958
2796  10711  10717  11612  12787  12788
2797  10279  12106  15696  15699  15702
2798   7319   7321  10794  10795  10798
2800  15064  15065  15943  15945
2802   6269   8790   9422   9424   9427
2804  14515  16103  16147  16149
2805   6296   9272  11638  11640  11643
2806  10158  10159  14797  14800  14803
2807   8340  10728  10730  13706  13709  13712
2809  11016  12330  15458  15461  15464
2811   9548   9554  14575  14578  14581
2812   9436   9442  13513  13514  13517
2813  10606  14401  14407  16158  16195  16196
2814  14328  14461  16963  16965
2816  10927  10930  12204  12438  12511  12512
2817   6490   9335  16246  16249  16252
2822   6710  10785  11851  12182  12183
2823   9695   9700  11095  11096  11099
2825   8487   8489   9475   9477   9480
2826  10833  10835  13158  13159  13162
2827  11042  13082  14250  14398  14399
2828  11934  11938  12535  12536  12539
2830  13095  13644  13647  15096  15099
2831   9914   9920  11631  11634  11637
2835  10422  12600  13949  13950  13953
2836  10251  11154  12246  12247
2838   7050   7895  16683  16685  16688
2839  14573  15719  15725  16050  16052
2841   7257   8467  16506  16526  16527
2845   7141   7699  13547  16034  16039  16041
2850   8775  13634  14216  14395  14396
2851   8598   8600  11095  11097  11100
2852  10170  13861  16513  16545  16547
2853   9125   9126  16081  16082  16085
2854   8231   8236   8584   8586   8589
2855  10679  10680  11299  11300  11303
2856  12393  12604  12607  16581  16589  16590
2857  10105  15123  15986  16021  16022
2858   7517  10091  10093  10096
2859  10252  10255  12915  12921  12922
2860   9415   9777  14841  15042  15043
2861  10786  12182  14188  16966  16968
2863   8849   8905  10252  10254  10257
2864  11352  11354  16525  16526  16529
2865   8605   8607  10172  10173  10176
2866   9153   9299  10892  12776  12778
2868   7718   9342  11569  11570  11573
2870  11495  12644  14079  14083  14084
2871  11854  11858  12636  12639  12642
2872   8663  10043  10045  10048
2874   9224   9229  11433  11434  11437
2875   9576  10995  12339  13011  13012
2877   7917   8494   8496   8499
2879   7937  10993  13007  13008  13011
2880   9259  10992  10997  13011  13013
2881   8003  12034  13903  13904  13907
2882  10552  10554  10566  10568  10571
2887  12063  12065  12068  13714  13719  13721
2888  11583  11586  11589  12840  12843
2891   9780  12184  16956  16967  16968
2892   8683  11885  14263  14264  14267
2893  10477  12808  12810  13385  13386  13389
2894  10622  10624  11461  11464  11467
2895   9914   9916   9919  11642  11643
2896  10325  12216  14514  14781  14782
2901   8638   9893   9895   9898
2902  10679  10681  12227  12659  12660
2903   8657   9960  11419  11422  11425
2904   8721   9592   9594   9597
2907  10124  10900  13721  14061  14062
2908  10478  13389  14029  14801  14802
2911   9139   9141  11359  11360  11363
2913  11253  11257  14548  14564  14565
2915  10510  10515  11054  11056  11059
2916   9054  13104  14257  14259
2918  11331  14380  14383  15955  15956  15959
2921  11336  11668  11673  12756  12762  12763
2926   9283  11569  11572  11575
2927  10888  10892  11031  11033  11036
2928   9548   9550  10792  10955  10957  10960
2929  11576  11581  16697  16700  16701
2930  12105  13093  13100  15700  15702
2931   9996  11583  11585  11588
2932  11461  11463  11516  11519  11522
2933  10314  10917  12391  12991  12992
2934  11876  12599  13179  13950  13951
2935   9483  10172  10174  10177
2937   9507  11445  14568  14573  14574
2938  11366  11371  12347  12350  12353
2939   9585  11786  13978  14223  14224
2940  10992  10995  11253  11255  11258
2941  11978  14889  16068  16118  16119
2942   9623  12093  12095  12098
2943  10470  10854  11111  11113  11737  11739  11742
2944  10524  10526  10580  10582  10585
2945  10573  10575  17126  17128
2947  13220  13223  13800  13803  13806
2948  11691  11692  13242  13540  13541
2949  13823  13826  13829  15037  15040  15043
2950  10794  10799  13763  13824  13825
2951  11205  11207  13085  13086  13089
2952   9846  10098  10100  10103
2953   9855  12714  13550  13551  13554
2954  12070  12073  12496  12498  12501
2955   9929  10613  13849  14352  14354
2956  11624  11629  11751  11753  11756
2957  10466  15802  15862  15864
2960  10057  10950  11562  11564  11567
2961  11957  13378  13379  13822  15911  15913
2962  11555  11560  12070  12072  12075
2963  10751  11530  11532  11535
2965  10180  11767  11769  11772
2966  10210  11489  13807  13810  13813
2967  11631  11636  13956  13957  13960
2968  11714  11720  12026  12029  12032
2970  10260  11285  11287  11290
2972  10888  10890  12772  12773  12776
2973  12280  12282  13291  13294  13297
2974  11218  12843  17007  17014  17015
2975  11973  14424  14843  15038  15039
2976  11569  11571  12287  12288  12291
2977  10408  11318  16404  16407  16410
2978  10415  10939  13862  13865  13868
2979  15060  15061  15064  16042  16043  16046
2981  10647  13117  13119  13122
2982  11419  11421  11714  11716  11719
2983  12886  14640  17024  17027  17028
2984  10693  11661  11663  11666
2985  10704  11433  11435  11438
2986  10711  10927  10929  10932
2987  10736  11162  15788  15789  15792
2988  10745  12208  12210  12213
2990  12259  12295  12809  13427  13429
2991  11426  11431  14772  14788  14789
2992  10871  11024  11026  11029
2993  11382  11387  12266  12268  12271
2994  11038  11040  14249  14250  14253
2995  12992  15955  15958  16591  16593
2996  11509  11511  12779  12780  12783
2997  11000  11125  11127  11130
2998  12086  12091  12324  12327  12330
2999  11046  11785  14219  14220  14223
3000  12413  17064  17080  17087  17088
3002  14768  14773  14775  16970  16975  16977
3004  13378  13384  14459  16960  16963  16964
3005  12245  12247  12250  14511  14514  14515
3006  11946  16110  16215  16257  16258
3007  11359  11361  11590  11592  11595
3008  11854  11859  12026  12028  12031
3009  12107  12109  14776  14777  14780
3010  13014  13926  13932  14705  14708  14711
3011  11237  12678  12680  12683
3012  14614  14805  14806  15732  15769  15770
3014  11516  11521  12354  12356  12359
3015  11343  12450  12452  12455
3017  12287  12292  13181  13182  13185
3018  11468  11721  11723  11726
3019  12217  12644  14514  14517
3021  12310  12315  12503  12505  12508
3022  11547  12636  12638  12641
3023  12035  13907  16034  16036  16038
3024  11822  11827  12786  12788  12791
3025  12844  15372  16166  16240  16241
3026  12324  12326  13256  15459  15461
3027  11676  11691  11693  11696
3028  11706  15537  15834  15898  15899
3029  12779  12781  14465  14466  14469
3030  11758  12808  13426  13427  13430
3031  11799  11801  14128  14129  14132
3032  11808  13071  15520  15523  15524
3034  12466  12765  12770  14545  14550  14551
3035  12183  14323  14324  16962  16965  16968
3037  11871  12597  12599  12602
3038  12171  12176  12535  12537  12540
3040  12604  12606  15396  15399
3041  13385  13387  14797  14798  14801
3042  11985  12694  12696  12699
3044  12155  12161  13584  13587  13590
3045  12567  12569  13722  13725  13728
3047  13245  13246  13249  13494  13495
3048  12138  12867  12869  12872
3049  12146  12673  16882  16885  16888
3050  12899  12904  13021  13023  13026
3051  12186  16274  16366  16367
3053  12828  12830  14219  14222  14225
3054  12749  12754  13007  13009  13012
3056  13014  13019  16897  16934  16936
3057  12388  12991  16587  16590  16593
3058  13551  13552  14112  14113  14116
3059  12512  12997  15151  15153
3062  12487  13158  13160  13163
3063  14074  14079  14511  14517  16143  16144  16147
3064  12581  12583  13699  13701  13704
3066  12553  13165  13167  13170
3067  12588  12885  17017  17023  17024
3068  12772  12777  14900  14902  14905
3069  13005  15430  17169  17183  17184
3070  13855  13857  16509  16510  16513
3071  12802  13103  13916  14257  14258
3073  13323  13325  13869  13870  13873
3074  12756  13046  13048  13051
3075  13284  13289  17010  17011  17014
3077  13181  13183  13291  13293  13296
3078  13220  13222  13513  13515  13518
3079  12907  13209  15987  15990  15993
3080  12915  13085  13087  13090
3082  12947  12998  15147  15150  15153
3083  12978  13963  13964  13967
3084  13188  13190  13979  13981  13984
3085  13506  14625  14631  14691  14694  14697
3086  13142  13147  13862  13864  13867
3087  13630  13632  14394  14395  14398
3088  13093  14149  15099  15274  15275
3089  13108  13426  13428  13431
3090  13800  13802  14089  14091  14094
3091  13355  13360  16843  16844  16847
3092  15459  15988  16114  16121  16122
3093  13839  13841  13949  13951  13954
3094  13490  13495  14590  14695  14696
3095  13213  13245  13247  13250
3097  13536  13541  13607  13609  13612
3099  13584  13589  14721  14722  14725
3102  13903  13905  16036  16039
3104  13378  13383  15647  15652  15654
3105  13392  13869  13871  13874
3107  13417  13550  13552  13555
3108  13706  13708  15630  15636  15637
3109  13926  13928  13956  13958  13961
3115  13568  13722  13724  13727
3116  13660  13662  14169  14171  14174
3117  13598  13644  13646  13649
3118  13761  13823  13824  13827
3119  13963  13965  14112  14114  14117
3122  13714  14057  14059  14062
3124  13807  13808  16525  16528  16531
3127  13986  13991  15907  15908  15911
3128  14263  14268  16395  16398  16399
3129  13846  14348  14349  14352
3131  13885  13919  13921  13924
3132  15683  15686  16017  16018  16021
3133  14256  14258  14286  14288  14291
3135  13993  13998  14219  14221  14224
3137  14226  14228  14797  14799  14802
3138  14032  14128  14130  14133
3141  14074  14082  14084  14087
3144  14272  15274  16809  16812  16813
3145  14152  14323  14325  14328
3146  14465  14470  15591  15594  15597
3147  14177  14375  16484  16487  16490
3148  14185  14460  16962  16963  16966
3149  14293  14296  14426  14428  14431
3150  14249  14254  14394  14396  14399
3152  14277  14401  14403  14406
3154  14861  14864  14867  15539  15830  15832  15834
3155  15494  15775  16071  16124  16125
3156  14355  14575  14577  14580
3157  14380  14382  15522  15525  15528
3159  14877  14880  15037  15038  15041
3161  14450  14552  14554  14557
3164  14511  14776  14778  14781
3166  14545  14559  14561  14564
3167  14568  14673  16049  16052  16055
3168  14584  14691  14693  14696
3169  14705  14790  14792  14795
3170  14607  14804  14806  14809
3171  14721  14726  16191  16194  16197
3172  14625  14820  14822  14825
3173  14753  14758  17026  17027  17030
3174  14698  14703  14998  15000  15003
3180  14768  14783  14785  14788
3181  14877  14882  14966  14968  14971
3182  14827  14861  14863  14866
3183  14838  15037  15039  15042
3184  14884  14887  15974  16117  16119
3188  15147  15152  16239  16242  16245
3190  15060  15065  15719  15720  15723
3191  15122  15448  15686  15707  15708
3193  15124  15129  15735  15736  15739
3197  15266  15271  16699  16702  16705
3199  15092  15275  16811  16812  16815
3215  15385  15390  16239  16240  16243
3216  15394  15543  15545  15548
3217  15422  15429  17166  17169
3218  15458  15496  16120  16121  16124
3219  15529  15534  15703  15704  15707
3223  15538  15555  15834  15837
3224  15513  15522  15524  15527
3225  15557  15566  15568  15571
3226  15591  15621  16260  16261  16264
3230  15630  15639  15641  15644
3231  15647  15662  15664  15667
3232  15696  15701  17106  17112  17113
3233  15703  15708  15758  15760  15763
3234  15719  15724  15742  15744  15747
3235  15772  15977  16071  16117  16118
3236  15735  15737  15765  15767  15770
3237  15804  15881  17176  17187  17188
3238  15788  15793  16820  16825  16826
3239  15838  15840  15861  15862  15865
3240  15907  15909  16772  16774  16777
3241  15820  15845  15847  15850
3242  15830  15893  15895  15898
3243  15853  15861  15863  15866
3244  15900  15906  17186  17187  17190
3246  15939  15941  16010  16011  16014
3247  15932  15937  15955  15957  15960
3249  15987  15992  16113  16114  16117
3250  15994  15999  16017  16019  16022
3251  16010  16015  16049  16051  16054
3252  16061  16112  16257  16259
3253  16034  16042  16044  16047
3254  16113  16118  16120  16122  16125
3255  16081  16086  16168  16170  16173
3256  16111  16253  16257  16923  16924  16927
3257  16097  16143  16146  16149
3259  16151  16191  16193  16196
3260  16184  16186  16239  16241  16244
3261  16216  16232  16235  16238
3262  16199  16260  16262  16265
3263  16246  16251  16253  16255  16258
3265  16365  16367  16470  16471  16474
3273  16395  16404  16406  16409
3274  16420  16436  16437  16440
3276  16445  16484  16486  16489
3277  16454  16470  16472  16475
3278  16477  16482  16859  16860  16863
3279  16509  16511  16541  16542  16545
3280  16501  16525  16527  16530
3281  16517  16548  16550  16553
3282  16541  16543  16555  16557  16560
3284  16579  16587  16589  16592
3288  16667  16683  16684  16687
3291  16692  16699  16701  16704
3292  16772  16773  16882  16883  16886
3295  16748  16779  16781  16784
3297  16787  16795  16797  16800
3298  16802  16811  16813  16816
3299  16820  16827  16829  16832
3300  16834  16843  16845  16848
3301  16850  16859  16861  16864
3302  16875  16877  16882  16884  16887
3303  16898  16903  16930  16931  16934
3304  16906  16923  16925  16928
3305  16916  16930  16932  16935
3307  16953  16962  16964  16967
3308  16970  16978  16980  16983
3310  17001  17010  17012  17015
3311  17017  17026  17028  17031
3313  17067  17073  17186  17189  17192
3314  17067  17069  17083  17084  17087
3315  17083  17088  17115  17117  17120
3317  17106  17122  17124  17127
3319  17147  17154  17156  17159
3320  17162  17179  17181  17184
3321  17171  17186  17188  17191
cells 343
0      1      2      3      5      6      7      8      9     11     12     13     14     16   3024
1     17     18     19     20     21     22     23     24     26     27     29   2704   2835   2968   3008   3174
2     30     33     34     36     37     38     40     41     43     44   3026   3092   3261   3274
3     47     48     49     50     52     53     54     55     56     58     60   2793   2902   2981
4     63     65     68     69     72     73     74     21     78     79     80     81   2710   3048
5     83     84     85     86     87     88     89     90     91     92     93     94     95     96     97   2826   3062
6     98     99    100    101    103    104    106    108    109    110    111    112    114    115   2674
7    116    117    118    119    121    122    124    125    126    128   2828   3038   3197
8    133    134    135    136    138    141    116    144    145    146    147    148   3246   3251
9    150    152    153    154    155    156    157    158    160    161    163   2950   3161
10      5    164    165    166    168    169    172    173    175   2767   2835   2934   3011   3093
11    176    177    178    179    180    181    183    184    185    186    187    188    189   2807
12    141    192    193    194    195    196    197    198   2800   2839   2979   3190
13    203    204    205    206    207    208    209    210    211    215   2965   3044   3099   3310
14    218    219    220    221    222    224    225    226    227    134    229   2664   3190   3234
15    233    234    236    237    238    239    240    241    243    244    248   2712   2802
16    253    255    256    258    260    261    262    263    264    265    266   3147   3276
17    267    268     43    269    271    272    224    273    274    275    277    280   3238   3299
18    283    284    285    286    287    289    290    291    292    293    294    295   3315
19    302    303    304    305    306    253    307    309    277    310    311     41    312   2998   3034
20    313    314    315     56    317    318    319    320    321    322    323   3010
21    324    325    327    328    265    331    332    334    335    336    337   3025
22    340    341    342    343    344    345    180    346    347    348    349    351   2891   3035   3307
23    353    354    355    356    357    358     12    359    363    364    365    366    368   3089
24    369    370    371    189    375    348    377    382    383    384    385    386    389   3053   3135
25    391    392    393    394    397    398    399    400    401    403   2864   2966   3124
26     29    404    405    406    408    409     74    411    412    414    415    416   2733   2952
27    419    195    420    421    422    423    424    425    426    427    428   2853   3042   3304
28    429    430    431    432    428    433    435    436    437    438    440    441    442    347   2854
29    445    446    447    448    449    451    453    454    455    456     16   2796   2892   2986
30    458    459    460    168    461    462    463    464    465    466     23    467   3037
31    448    470    471    472    475    476    477    478    480   2858   3018   3128
32    482    483    489    490    165    492    493    460    494    495    205    496    497   3133
33    498    500    501    502    503    505    506    507    198    423    510   2719   3102   3265
34    494      2    511    513    514    206    517    518   2707   2767   2827   2850   2994   3087   3150
35    520    521    522    523    524    525    526    528    529    397    530    532   2997
36    535    536    537    538    539    540    541    542    543    544    546   2816   2986
37    547    549    550    551    136    226    554    555    556    557    558   2780   2789   3149
38    559    560    561    562    563    564    566    568    569    570    435    355    571    572    573   2962
39    574    575    576    577    578    580    581     79    583    584    476    585    586    587
40    589    472    590    591    454    592    593    595    596   2672   2816   3059   3082
41    574    598    599    600    589    478    601    602    604    605    606    608   3144   3273
42    415    610    611    244    612    613    614    615    617    618    619    620    621    622   2805
43    623    624    625    627    628    629    630    631    633    634    635    636    595   3295
44    637    638    639    640    642    643    644    150    645    647   2748   2975   3131   3152
45    648    649     68    651    652    653    654    655    659    660   2903   2968   2982
46    663    664    665    666    667    668     55    671    672    673    674    676    677   2776
47    679    680    681    682    684    685    686    687    689    690    692    693   2856
48    696    697    698    699    700    701    702    703    100    704    708    709   2992
49    711     34    712    713    715    716    717    718    719    720   2727   3079   3184   3249
50    721    723    624    725    726    727    728    729    730    696   2674   2770   2865
51    731    732    733    735    736    737    738    739    740    742    743    744   3047   3094   3168
52    747    748    749    750    751    752    753    754    755    756    757    758    759   2866   2927   2972   3150
53    649    760     65    761    583    762    763    764    765    766    767    768    283    772   2911   2973   3007
54    773    774    775    776    777    779    780    781    782    783    784    765   2751
55    786    787    788    789    790    791    792    743    794    795    796    797   3095
56    800    802    803    804    805    807    808    809    810    811    813    814    815
57    816    817    818    819    820    823    716    824    825    153   2813   3152   3259
58    829    830    320     53    831    832    391    834    835    836    438    837   2984
59    466    838    840    841    842    843    844    845    846    847    848    639   3071   3133
60    852    853    854    855    857    858     19    859    860    861    862    462   2716   3278
61    865    866    867    868    869    870    871    872    873    118   2695   2929   3070
62    878    879    880    881    882    883    733    884    885    887    888   2718   2776   2921   3230
63    803    890    891    893    894    895    897    898   2786   2836   2896   3005   3164
64    899    900    901    902    903    904    354    906    908    909    910    911    912   3080   3288
65    913    914    916    917    918    919     86    920    921    922    291    923   3219   3244   3313   3314
66    925    926    927    929    931    932    933    934    935    936    937    938   2877
67    671    940    941    942    943    944    945    946    947     87    948   2855   2902
68    949    950    951    411    952    953    954    956    957    958    959   2771   2830   3232
69    960    964    599    965    729    966    634    968    596    969    970   2943   2977
70    971    972    974    976    977    978    951    979    935    980   3313   3321
71    982    983    262    984    332    985    986    987    989    990    991   2757   2836   2939   2999   3135
72    994    995    234    996    997    998    999   1000   1001    620    642    842   1004   1005    789   3058   3090
73   1006    703   1008   1009   1010    104   1011   1013   1014   1015    861   2763   2768
74   1016   1017   1018   1019   1020   1021   1022   1024   1025   1027   2887   2907   3122
75   1029    328   1030   1031   1032   1033   1034   1035   1036   1037    938   1038   1039   2806   3137
76   1041   1042   1043   1044    808   1045   1046   1048   3092   3155   3218   3235   3249   3254
77   1050   1051   1052   1053   1054   1056   1057   1058   1033    937   1059   1060   2683   2957   3239
78   1061   1051   1062   1066   1067   1068    606   1070    736   1071   2893   2908   3041   3137
79   1073     22   1074    560   1075   1076   1077   1078      7   1079   1080    368   2694   3093
80    648   1081   1082    760   1083   1085   1086   1087    286   1088   2811   2872   3156
81    640   1089    158   1090   1091   1093   1094   1095   1096   1097   1099   1101   2949   3118   3159
82    273   1105    547    218   1106   1108   1109   1110   1111   2751   2901   2926   2976   2991   3180
83   1112   1113   1114   1116   1117    302   1120   1121   1122    268   1124   1125   2882   3261
84   1126     84   1127   1128   1129   1130    125   1132   1133   1135    192   1137   3246
85   1140   1142   1143   1144   1145   1146   1147    523   1150   1151    399   1152   1154   2863   2870   3045
86    660   1156   1157   1158   1160   1161   1162   1163   1164   2660   2872   2988
87   1166   1168   1170    612    792    998    882    243   1172   1174    744   1175   2915   3107
88    429    340   1177   1178    426   1179   1180   1181   1183   1185   1190   1192   3303   3305
89    319   1193   1195    179   1196    442   1197    385    345   1201   2984   3305
90   1202   1203    263   1204   1205   1206   1207   1208    723    969   2874   2935   2985
91   1212   1213   1215    668   1216   1217   1219   1220   1221   1222   1223   2722
92    169   1156    659   1226   1228   1231    458   1232   1233   1234   2704   2978   3086
93   1235    394   1236   1237   1213   1238   1239   1240   1241   1242   1246    530   2841   3236
94   1249   1250   1132   1251   1252    507   1253    220   1254   1257   1258   2845   2979   3253
95   1259   1260   1108   1261   1262    779    772   1263    708   1265   2737   3017   3077
96   1267   1268   1269   1270   1271   1272   1273   1275   1276   1278    506     92   2777   2881
97   1281   1282   1283   1284   1285   1286    873   1287   1288   1289   1293   3191   3219   3233
98   1294    613   1170   1295   1296   1297   1298    881   1299   1300    732   2712   3074
99    271   1302   1303   1304   1305   1306    783   1311    311   1312   1116   1313   1314   2812   2991
100   1318   1319   1320   1321    763   1261   1324   1325   1326   1330   1111   1331   1332
101   1333   1334   1335   1336   1337   1338    536   1339   1340   2697   2791   2796   3024
102   1341   1343   1344   1345   1346    622    916   1347    972   1350   2802   2945   3237
103   1352   1353   1354   1355   1356   1357   1358   1359   1362   2852   3070   3279
104   1363   1364   1365   1366   1367   1368   1369   1370   2697   2831   2967   3049   3302
105   1371    425    432   1372    566   1373   1374   1375    652   1376   1380   1381   2825   2988
106   1382   1383    204   1385   1386   1387   1388   1389   1390   1391   1392    518   1393   2955   3129
107   1397    551   1398   1399    101   1400    629   1401   1403   1404    726   1406    698   3297
108    185   1409   1196   1410   1411    317     54   1412   1222   1413    667   1415    829    433    572   1418   2954
109   1419   1420   1421   1422   1424   1425   1426   1428   1429    344   1432   1027   2838   3288
110   1433   1434   1435   1436   1437   1438   1439   1440    505   1095   1257   1441   1442   2748
111    117    872   1443   1444   1445   1446   1448   1450   1420    901   1451   1452   1016   3279   3282
112    576   1456    605   1458   1459   1460   1462   1463   1464   1053   1061   1467   1468   2997
113    221   1109   1442   1253   1471    503   1472   1473   1474   1475    774   1476   1304   1477   3002   3308
114   1478   1441   1269   1479   1480   1481   1091    160   1482   1483   1484   1485   3131   3138
115   1486   1487   1488    712   1490   1493    820   1495   1496   1025   1497   3099   3171
116    666   1500   1216   1501   1236   1502   1504    392   1506    834   1415     52   2855
117   1507   1508   1509   1510   1511   1512   1513   1514   1515    554   1406    631   2689   2725
118   1518    817   1519    682   1520   1521   1522   1523   1525   1527   1528    161   1485   1529
119   1530    999   1531   1532   1533   1534   1535   1536   1168    790   2724   2944   3067
120    490   1539   1540   1541    209    647   1490   1544   1545   1547   1548   2813   2916   3071
121   1550    248   1551   1314   1553   1554   1555   1557   1343   1558    617   2947   3078   3090
122   1560    904   1561   1562   1563   1564   1144   1565   1446   1566    871   1567    148   2828   2970
123   1568   1569   1570   1572   1534   1574   1386   1575   1576   2974   2983   3075   3310
124   1445   1421   1579   1565   1580    912   1581   1582   1583   1584   1586   2859   2863   3064
125   1589    914     90   1246   1285   1590    945   1594   1595   1596   1598   1601   3146
126   1603   1604   1605   1142    398   1607    804    898   1608   1609   1610   1611   2743   3054   3276
127   1614    791   1615   1616   1617   1618   1620   1031   1622    335   1624   1625   2727   3274
128   1627   1326   1628   1629   1631   1511   1632   1633   1634   2789   2868   2926   2965
129      8   1636   1637   1638   1639   1333   1640   1074    858     26   2934   3037   3049   3292
130   1644    561   1077   1373   1645     81    651   1646   1647   1648   2871   2948   3008   3022   3097   3170
131    492   1649   1650   1541    715   1651   1652   1569   1653    211   1388   2707   2944   3171   3259
132   1658    225   1046    126   1659    133   1660   1662    555   1663   1664   2938   2987   3238
133   1665   1666   1667   1151   1398   1669    103    401   1670   1671   1603   1672   2755   2865   2935
134   1673   1358   1677   1450    867   1679    899   1680   2970   3073   3105
135   1682   1683   1324   1684   1122   1686   1687   1688   1568   1391   1689   1690    289   1691   3007   3069   3320
136   1693    194   1694    420    437   1695    837    115   1696   1697   1698   2937
137   1365   1701    544   1339    740   1703   1704   1174   1299   1706   1708   1709    796   3116
138    700   1711   1712   1713    408    957   1714   1715   1716   1717   1015   1718     99   2709   2770   2874
139   1515    630   1719   1720   1721   1722   1723   1724   1725    990   1727   2960   3297
140   1731   1732   1271   1733   1734   1735   1736   1737   1738   1739   1740   1741   1742   2732   3225
141    860   1744   1475   1745    775   1747    464    845   1749   1233   1751   3281   3300
142   1754   1755   1359   1756    692   1757   1758   1759   1760   1763   2713   2993
143   1766   1724   1580   1563   1146   1769   1770   1507   1771   1403   1772   3141
144   1773   1318    581   1382   1775    480   1776   1777   1778   1779    764   1088   1780    287   1781   1686
145   1783    416   1784   1785   1223   1786   1787    621   1788    950   1789   2710   2945   3022
146   1790   1791     38   1792   1652   1576   1616    787   1794   1035   1795    719   1798   2724
147   1799   1800   1801   1803    363   1804   1806   1807   1809   1586    906   2775   2932   3014
148   1811   1812    868   1813   1288   1087   1814    292    922   1816   1776   1818   1819   3320
149   1525   1820   1821   1740   1823   1824   1825   1826   1827   1758    687   1357   2726   3182   3282
150    240    674   1830   1221   1831    880   1294   1833   1834   1835   1836   1346    615   1837   1786   1839
151   1841   1842   1843   1548   1844   1183    854    459   1846   1847    495   1848   1849   2817   3263
152   1853   1205   1854   1855   1856   1857   1715   1859    304   1860   1862   2913   2956
153   1596   1863   1239   1864    980   1865   1866   1867   1058    934   1868    919   2686   3233
154   1871    739    795   1615   1872    540   1873   1709   1874    336   1875   1876   2806   3041
155   1877    598   1070     11    456    359   1882   1883    471   1460    584   1884   1885    909   1804   2951   2990
156    500   1268   1482   1886   1440   1888   1889   1258   1094   1891   1892   3051
157   1893    720    163    823   1894   1895   1617   1897   1898   1899   1900   2798   3083
158   1901   1372    559   1902   1078    166     20    653   1644   1904   2660   2963   2978
159   1905   1906   1889   1907   1908   1909   1096   1910   1911   1439   1252   3308
160   1913    986   1914   1915   1898   1918   1919   1920    176   1921   1922    370   1923   1926   3157
161   1928   1437   1929   1930   1473   1931   1010    853   1842   1179    502   1933    427   3252   3256
162   1934   1935   1936    314     49   1937    156   1093   1940   1942   1943   1481   1891
163   1105    227    272   1944   1945   1946   1325    557   1947   1948   1628   1949   2987
164    229   1950    549   1397    108    702   1009   1951   1476   1263   1952   1110   2714
165   1923   1953   1936    315   1954   1956    383   1957   1958   1959   1960   2798   2950   3118
166    781   1961    762   1963   1311   1557   1965   1683   1966    284   1124   1968   3319
167   1969    878   1833   1970    664   1410    188   1971   1972   1973   1974    563   2722   3108
168   1975   1914    989    891    815   1976   1978   1979   1980   1981   3066   3155
169   1983   1354   1679   1984   1777   1389   1985   1819   1986   1987   1988   2695   3069   3217
170   1067   1990   1991    735    883   1992   1993    366   1799   2990   3015   3030
171    983   1611    260   1721   1999   2000   2001   2804   2870   3005   3019   3063   3141   3257
172   1272   2002   1741   2003   2004   1371    424   1178    510   2006    431   2008   3277
173    788   1535    932   2009   2010   2011    742   2014   2015   1068   2016   1059   2017   2018   3085
174    918    294   1868    979   2021   2022    927   1689   2024   2025   1816   3132   3191   3217
175   1639   1334   2027   1366   1704   2028   1300   2029   2030   2031   2694   2733   2805   2895   3174
176   2033   2034   2035   2036   1609   1242   2037   1506   2038    947   2039   1590    814   3124   3280
177   2043   1281   2045    121   2046   2047    813   2048   1048   2049   2050   2051   2938
178   2052   2053   2054    843   2055   2056   2057    995    236   2058   2059   2947
179   1747    467    862   2060     18   1262    767   2061    784   2062     78   1234   2063   2982
180   2064   2034   2065   2066    943   2067   1909   2068   2069   1940   1101   1892   2070   2793
181   1463    602   1062   2071   2072    965   1052   1034   2074   2076   2077   2830   3088   3117
182   1528    685   1754   2078   2079   1821   2080   2081   2083   2084   1044   1976    807   2049
183   2085   2053   1004   2086    233   2087   2088    748   2089   2090   1533   2091   2915
184   1981    893   2092   2093    684   2084   2094   2713   2744   2918   2933   2995   3057   3157   3224
185   2095    895   2097   2098   2099   2101   1809   2102   2103   2744   2765   2782   3009   3239   3243
186    187   1970   1411    681   2105   2106   2108   2109   1943     58    665   2110   3031   3138
187   2113   2114   2115    445   2116   2117   2118   1512   2119   1632   1497    210   2708   3122   3295
188    564   2121   1075   1646   2122   1412   1973   2123   1783   2125   1835   2127   1219
189   2129   1127   2130     93   2131   2132   1086   1814    290   2133   2134    920   2928
190   1306   2136   1946   1682   1331   1106   1963   1265    280    782   2882   2911   2931
191   2138   2139   1320   1781    578    475    704   2140    608   2141    970   2143   2973   3077   3298
192    686   2144   2145   1356   1824   1757   2146   2147   2148   2150   1742   2972   3068
193    644    846   1005   2152   1893    713    824   2154   1536    786   1792   1650   1540    152   1624   3119
194   1488    718     33   2158   2159   1948   2160    215   1798   1651   1629   2708   3050   3075
195   2161   2162    756   2163   2166   2167   2168   2169   2170   2146   2732
196   1409    441    569   2171   2172   2173   1201    181    343   1972   2174   2175
197   2176    521   1807   2180   1154   1459   2181   2182   2183   2782   2859   2951   2957   3080
198   2184    949    618   1788    978   1345   2186   2187   2188   2189   1554   2761   2952   3317
199   2190   1527   2191   1731   1276   2192   1823   1478   2193   1434   2194   3051   3265   3277
200   2018    936   1050   1794   1620   1032   1071    738   1871    794   2197   2983   3067   3173   3311
201    890   2094   2080   1287   2198   2199   2200   2050   2204   1756   2099    811   2205   3066   3262
202   2025   1690   1966   2188   1344   1553   2206    977   2208   2211   1113   2877   3000   3314   3315
203   2212    309   2213   1911   2214   2215   2065   2033    802   2216   2218   2875   2879   3054
204   2102   1803   2220   1913    177   1975    987    897   2222   2223   2225   2804   2894   2918   3247
205   1773   1387    203   2228   1627   1332   1691   2160   1949   2888   2931   2974
206   2071   2229   1121   2230    258   1036    964   2231   2232   1853   1204   2235   3025   3034   3166   3215   3260
207    888   1990   2237   2238   1800   2101   2239   2240   2241   2016   2243   2778   2995   3094   3247
208   1474   1259    773   1951   1008   1930   1745   2245   2063   2246   2716   2901   2992   3301
209   1830    677   2247   2039   1238   2249   1217   1595   1500    941   2686   3237   3244   3321
210   1660    556   1947   1514   2251   2253   2256   1021   1486   2118   1631   3028   3050   3223
211   2258   2259   1305   2260    310   2213   2261   1856   1097   2064   2262   1905   2263   2264   2940   3181
212   2265   2267   2268   2269   1082   2132    295   2270     96   1158    923   2272   2273   2275
213   2276   1039   2277   1688   1575   2278   2197   2024   2279   1112    925   1791   2208
214   2281   1735   1381   2282   2167   2283   2284   2285    568   1901   2004   2286   2175   2854
215   2258   1099   1303   1471   1436   1910    780   2288    844   1749   2290   2291    637   2292
216   2294   2295   1129     88   2296   1907   2215   2067   2036    948   1251   2297   1598   2298   3241
217   1784    954   1456   2299   2300    412   2301   2302    577     73   2930   3088   3144   3199   3298
218   2304   2305   2306    585   2307   2308    655   1081   1779    761   2309     63   3097
219   2310   2045   2298   2312   1283   2035    809   2218   3029   3146   3226   3262
220   1719   1604   2001    623   1771   2314   1140   2315   1404   2317   1208   1669    725   3147
221    543   1872   1708   2320   2321   2322   2323    797   1614   2953   3058   3083   3107   3119
222    730   2324    635   1999    325    985    966   2325   2317    266   1207   2960   3082   3188   3260
223   2183   1066   1467   1882   1806   2327   2098   1993   2238   2683   3085   3168   3172
224   2329   1428    351   1180   2330   2331   1020   2333   2334   2335   2336   2817   3145
225   2074   1037   2206   2337   2189    976    926   2338   1125   2340   2341   2277   2231    956
226   1780    470   2140   1321   1634   2228   2116   2343   2344    208    447   2345   2955
227   2346   2347   2348   1572   1653   2349   1531   2350   2014   2090   1385    752   2994   3311
228    917    293   2351   1965   2272   1550    237   2058   2353   2354   1341   2355   2823   3000
229   1275   2357   2192   1732   2358   2359   1480    693   2144   1825   2362   1520   3031   3040
230   2363    754   2089    482   2364    173   2365    465   1228    838   2056   3087   3091   3300
231   1844   2368   1544   2369   1521   2191   1496   1019    819   2331   2371   2373   2374
232   1522    157    825   2193   2369    638   1435   2375   1484   1841   1545   3006   3252
233   2376   2006   1270   2281   1737   1375     95   2131   2378   1163   2273   2381   2382   2170   2963
234   2143    601   2383   1206    721   2077   2385   1712    699    952   2229   2386   2943   3199
235   2388   2055   1231    847   2389   2353   2288   1968   2390   1751    776   2812   3078   3091
236    777   1232    766    285   1961   2061   2389   2265   1161   2351   1083   2851   2903   3281
237   2333   2391   1190    341    382   1846   2394   2395   2667   2720   2814   2961   3004   3127
238   2301   1789   1220   2397   2398   2399    528   1462    587   2305   2127     72   1647   3012   3193   3236
239   1302    269   1254   2401   2402   2290   1906   2212   2296   2260    312   2664   3002   3180
240   2403   1988   1393   2022   1687   2350   2010   1574    929   2279   2404   2405   3173   3250
241   2408    604    590      9   1877    737   1874    451   1340    539   2409   2893   3018   3030   3089   3116
242    264    991    331   2411   1618   1900    717     30   2412   1980   2413   1915   2941   3254
243   2416    751   2417   1904    172   2364   2418   2381   1160   2286   2162   2420   2850   3086
244   2421   2422   1759   2148   2423   2424   2426   2427   2778   2856   2927   3040   3057   3284
245   2428    908   1583   2429   2430   2431   2284   1419   2172    356    573   2434   3014
246   2435   2436   2437    322   2438     50   2439    109   1697    831   1502   1665    400   2441
247   1018   1432   1769   1566   2442   2256   2443   1509   1444   2444    138   2445   1663   3038   3064   3149
248   2447   2448   2357   1273   1736   2150   2163   2451    759   2452   2423   3062   3216
249    184    318   1954   1193   2109   1920   2456   1418    375   1935   2460   2981   3169
250   2130    921     89   1589   2294   1126   1813    119   1284   2043   2461   2929   2996   3029   3291
251   1120    267     37   1684   2278   1570   2466   2159   1945   2467   1795   2136   2888
252   2468   2424   1352   2147   2469   2346   2470   2404   1392   2017   2471   1984   2866   2993
253   1894    154   2474   2152    996    643   2475   2476   1953   2478   2323   2860   2949   3183
254   2479   2480   2268    749   2086   1226   2417   2388   1157   2052   2363   2823   2851
255   2445   1766   1581   2481   2483   1425   1723   2725   2814   2822   2861   3035   3145   3148
256   1433   1181   2194   2484   1733   2002   2485   2330   2373   2719   3006   3256   3263   3304
257   2324    984    542    371   2486    625   1720   2487   2488   2672   2740   3004   3104   3148   3307
258   2368   2489   2336   2490   2491   1495   1847   2492   2117   1547    497   2720   2907   3044
259   2493   1755   1818   1983    866   1355   2204   2494   2021   1286   2468   2403   2857
260   2495   2496    111   1952   1399    550   2497    145   2498   1672   2839   2937   3167   3234
261   2283   2174   2003    346    430   2499   1739   2485   2430   2500   1429   2329   1177   2942
262   2211   1558   2501   1312   1117   2261   1855   2340   2502    303   2232   2761   2779   3319
263   1073     27     69   2503    404   2125   1837   2030   1296    614   1787   2871
264   1671   2495   2507    524   2508    403   1694   2439    110   2510   2511    832   3021   3045   3115
265   2496    106   1950   1931   1693    501   1249   1472   2245   1011    219    419    193   3255
266   2515    900   2431   1734   1673   1452   2516   2518   2500   2282   1826   1362   2166   2145   2838
267   2520   2502   1857   2385   2235    953   1716   2521   2337   2186   2985   3117
268   2225   1147   2524   2525   1582   2483   1722   1772   2181   2717   2775   3009   3063   3164
269   2528   2530   1638   1336   2531   1364    386   2532   2533    537   2961   3104   3231
270   2095   1610   1240   2535   2536    894    805   2037   1282   1601   1866   2537   1057   2205   3226
271   2486   2325    324   2538   2320   1876   2539    369    541   2785   2939   3059   3231
272     44    307   1114   2540    255   2276   1030   1790   2411   1625   2341    337   2230   2467
273   2359   1519   1483   2541   1919   1899    679    155   1934   2108   2456   1959   3032   3224
274     94   2544   1942    672     60   2358   1479   1267   1886   2069    942   2545   2448   2546   2110   2549   2550
275   2121   2503   1831   2551    879   1297   2031   1076   2552    365   1969    562   3015
276   1085   2306   2553    654   1376   2554   2555   2275   2556   2382   2134   1164   2948   3027
277   2557   2182   2536   1865   1458   1241    520   2302   2397   1056   2747   2772   3243
278   1839    673   2560   1175    241   2561   2087    758   2562   2447   2545   2422   2921   3074   3084
279   2246   1260   2060    859   1006   1717   2564    709    406   2565     17   3048
280   2054   2291   1313   1555   2390    848   2567    994   2779   2975   3159   3181   3183
281   1645   2568   1380   2122   1695   2569   2510   2570    836    440   2954   2962   3027   3042
282   2184    611    958    414   2571   2572   2573   2574   2575   2521   1713   2831   2895   2956
283   2576   1133     91    498   2008   1278    421   2376   2129    196   2556   2825   3023   3253
284   1215   1235   1413   1504   2123    393    526    830   2577   2570   3012   3021   3170
285   2535   1150   2557   2180    532   2717   2743   2765   2841   2864   2896   3019   3280
286   1622   1897   2413   1922    334   2474   2322   2578   1960   1875   2539   2999   3053
287   1991    358    731   1703   1335   2028   1079   2551   1298    884   1636      6   2409
288    306   2216   2580   1605     40   2540    800   1979    982   2412   2000    261   2786   2809   3218
289   1501     48   2066    946   2038   1608   2583   2441   1666   2264   2584   2879   2880   2966
290   2327   2097   2015   1060   2537   1293   2199    931   2585   1867   2857   3132   3250
291   2391   1424   2335   2443   2489   2119   1508   1727   2253   2587   2481    636   2487   2887
292   1443   2589   1289   2200   2079    865   2493   1760   1827   2051   2852   3197   3291
293   2085   1000   2057   2365    757   2154    841    483   1530   2349   1649   2827   2916
294   1089   2501   1854   2259   2592   2573    619   2593   2520   1551   2187   1001   2567   2860
295   2292   1438   1928   2375   1843    463   1477   1744    840   1539    645    489   3278   3301
296    342   1422   2173    186   2428   1584   2594   2595   2524   2822   2894   2932   2942
297   1848   1185   1013   1929   2596    852   2528   2394   2598   2599   2600   3240   3292   3302
298   2106    689   2222   2603   2239   2092   1921   2605   2460   2807   3032   3108   3230   3284
299   1197    321    835   2438   2600    436   1933   1192    114   1698   2684   2768   2853   3056   3255
300   1873    591    600    960   2072   2408    538   1029    327   2538   2908   3188   3215
301   1045   2312   2048   1662    275    810   2606   2214   2402   2607   2809   2998   3026   3241
302    628   1513    593   2608   1319   2139   2609   2114   1633   2345   2892   2977   3128   3273
303   2610    449   1640    164    855   2530    461      3    493   1849   2611   2490   2791   3127   3240
304   2598   2614   2395    349   1195   1956    384   2615   1370   2532   3010   3056   3109   3169   3303
305   2617   2476   1937    313   1958   2593   2574     47   2618   2262   1860   1090   2436   2070   2584   2619   2794   2967   3109
306   2081   1518   2620   1043   1493    711   2621    816   2371   1024   2623   3154   3182   3223
307   2595   2525   1725   2220    389    178   1926   2740   2757   2861   2891   3257
308   1888   1128     83   2550   2068   2295    944   1908   2845   2881   3023   3102
309   2578   2478   1957   2321   1706    377   2615   2531   2624   1363    535   1338   2785   2794
310   2115    207   2344   2611    513    496   2626     14   2491    446   2904   3011   3129
311   1658   2606   2310   2047    128   2401   2297   1250   1130    222    135   2800   2996   3299
312   2627    144   2628   1145   2629   1564   2630   2507   2631    522   2498
313   2626    477    455   1775   1383   2632    911   1986   2633   2343    353   2634     13    514   1677   1883
314   2635   2269   2480   2088    747   2636   2549   2452   2354   2059    238   2561   2826
315   2637   2638   2631   2554   2568   2508    525   2577   1648   2639   2398   2304
316   1054   2338   1038    974    933   1864   2076   1464   2747   2771   2797   2930
317   2575   2640   1014   2599    112   2614   2641   2617   1862   1369   2437    323   1714   2684
318   2571    610   1295   1172   2592   2619   1701    997   2475   2029   1367   2624   2953
319   2564    701   2062   2383    959   2299    575    409    768     80   2141   1718   2737
320   2263   1859   2641   1711     98   2644   1203   2583   1670    727   2435   2618
321   1884    903   2645   1561   2633    869   2646   1680    580   1811   2309   1778   1987   2858   3156
322   2544    940     85    676   2247   1836   2635    239   1594    913   1347   2355   2270   3084
323   1607   2580   2644   2315    305    256   1202   2755   2875   2880   2913   2940   3166
324   2494   2426   2471   2649   2198   2241   2103   2585   2009   1763   2405   2933   3172
325   2645    902   1560   1143   2308   2639   2399   1579   2629    529   1468    586   2176   2651   1885
326   1834   1350   1785   2249   1212   1237    971   2300   1863   2772   2797   3193   3232   3317
327   2027   1368    405   2572   1637   2640     24   2565   2596    857   2709   2763
328   2378   1162   2416   2479    750   2636   2267     97   2451   2168   2777   3225
329   2603   1801   2223   2240   1992    887   1971    183   2171   2594   2552    571   2429    364
330    680   1529   2541   1918   1978   2083   2623    818   1895   2093   2941   3161   3184   3235
331   2420   1902   2285   2515    910   2632    357      1   1080    511    570   2434    175   2169   2652   3105
332    968   2138    627   1330   2609   1401    728   2386    697   2689   2714   2780   2868   2976   3017
333   2046   2589   1017   1042   2653   2444    122   2078   1451   1659   2726   3028   3154   3242
334    870    124   1812   1137   2461   2654   2307   2638   2651   2627   2553   1567   2646    146   2811   2928
335   2637   2511   2630   1696    197    422   1374   2555   2654   2569   2133   2576   1135   3167   3251
336   1562   2442   2497    147    558   1510   2314   1400   1770   1152   1667   2628   3115
337   1820   1022   2653   2621   1523   2190   2374   1448   2484   1426   2334   2499   2516   1738
338   2161    755   2470   1353   1985   2418   2348   1390   2634   2652    517   2518   3068   3073
339   2656   2427   2649   2469   2562   2091    753   2347   1166   2011   1532   2243   2718   3047   3095
340   2251   1944   2620   1041   1487    274     36   2466   2158   1664   2607   3079   3242
341   2610   2492    633   2608    592   2533   2587   2113    453    546   1337   2488   2667   2904
342   2237    885   2105   1974   2546    663   2605    690   2560   2362   2656   2421   3216
