# vtk DataFile Version 2.0
polydata
ASCII
DATASET POLYDATA
POINTS 1717 double
3.24536084549097 6.36804824263625 4.44638578535281 
2.71563131747782 5.75726527481443 5.131307249629 
3.31849547535255 5.05246413603594 4.14462307475091 
3.83125547199425 5.36005388537627 4.30231380007948 
3.84526823698649 5.58007506999242 4.22124314204328 
3.07339843359845 5.05262781968739 4.83134198328532 
5.75991288862302 0.719524003011904 2.3174120073649 
5.74282708889703 0.577399548380486 2.7367890734922 
6.02243472591246 0.450538623350478 3.1570659511433 
1.36598473256434 2.93713841247313 6.609741979128 
1.02295025215707 3.24219743032324 6.4810224667516 
1.45182891783065 2.65269140692328 6.32576760896843 
0.762337940862811 1.82998694501753 6.5033934066871 
1.00608685164961 1.82168439560279 6.77065243489216 
3.3523295302242 5.47436722890171 1.14424613974128 
3.30406531516191 5.59502614003804 1.14215967451438 
2.75149275884195 5.54768197884367 1.19232009299481 
2.28551245107245 5.77680493766169 0.666844144007518 
5.01756688711787 3.85146848698606 0.0337059067237627 
6.17166873360494 3.29748884560253 0.374695141742025 
5.67688996896957 3.23445246631668 0.550546901024355 
5.92096264654791 3.47492691370806 0.814451171738555 
5.45112845186562 3.62382131550257 0.772209816315575 
5.68959279705487 3.98748242628526 0.836332933658386 
5.68349038197259 3.36812757053062 0.770211319678562 
6.23545770799144 3.39144536021936 0.487200257177476 
5.89560509560768 3.91401713419978 0.860626738452534 
5.15188961720881 3.55386218066001 0.361934209550487 
5.13851705846586 3.64864910754009 6.69517501204473 
5.18919071591608 4.06581571572649 6.75812021654514 
5.0656199618848 3.99557707076572 0.0319528817521039 
2.9877885545388 1.07531986320553 1.03912040011917 
3.2465681745887 1.22769814754528 0.383766564544516 
1.99039648271676 1.65428714732412 0.642177639856492 
3.30527380343407 1.54546379172709 0.636161359386635 
3.07212824765794 0.939624509523135 0.561235586389193 
3.12149690223382 1.46923191709777 1.02243157917576 
2.70611321648965 1.80387411254158 1.12755081803547 
2.33977362355212 2.09836614953112 0.676992565331671 
2.62095173345964 2.07871897532893 0.902152390231233 
2.4354752257495 2.14010079201535 0.542879065201331 
4.75438308977117 3.48289833247736 1.57471859410918 
4.67932236247215 2.12428564419604 1.58218294369221 
4.41317028115916 1.9397285559432 1.70715656118371 
3.50068968296746 2.62094699529532 1.47907309760175 
3.59225268385213 2.9288828000536 2.00294471592785 
3.89275944610522 3.33225184131489 1.836004999146 
3.71483901372195 2.10631424045819 1.65850582375772 
6.37611000050328 2.04059892765956 5.09544733527288 
5.86277486021357 1.5553037832469 5.03601854887026 
6.5230867835525 0.625782271656483 5.27147876624411 
4.31057918992325 6.20984410628868 5.33361632229515 
4.24270840046902 5.97107903651838 5.66272609108 
3.76603472069546 5.04576274754507 5.26737584723913 
2.21036822874335 2.66793657252081 5.04584731654007 
1.56906530998804 2.80426041620218 5.58765212115286 
2.26116593381647 2.81636156761489 4.74203003280496 
1.86943512165163 3.0190046063025 5.52375917343819 
1.25869756776918 3.19282129659418 5.55653559965064 
1.74396634387866 3.31412008366599 5.48445341751625 
1.24139626599063 3.01302162699121 5.56779161183104 
1.77094947781239 3.51014825972294 5.136183016536 
2.03068116782542 3.31946995723291 4.69883314451871 
4.36800816003448 3.10408346040041 0.550272768118377 
4.02716809500103 6.72345341706929 3.61134234853818 
4.57648162748341 1.60297794768643 0.41134810947968 
4.50898443652595 1.08298642721691 1.61248189235141 
4.30732004842298 1.26190623431953 0.576568737407047 
4.23855430447308 1.10639758344508 1.36662546845063 
6.27267025238079 5.38203799645497 6.45340936252589 
6.31750207762492 5.40064837543917 5.99559052474004 
6.61794969186972 5.94676285031834 5.79045602726076 
6.54909299584553 5.09791831311131 5.81515799136547 
6.47081005893581 5.03110480770975 6.65641856740727 
0.381694275847261 0.825663867515242 2.74569172678404 
0.315378255919327 1.13573269758865 1.8602747707878 
0.163605731941297 0.94906081999408 2.10531418108211 
0.875375784901141 1.78699879830127 2.73648177560007 
0.763969793323526 1.18012873186239 3.04794340926414 
6.18531897709423 0.496205390959281 1.30778918066359 
5.51925525903501 0.680864043964701 2.27428810699894 
5.03575253011341 4.75048874197084 0.775588577043521 
4.90362644872707 5.83538751627482 0.989992230620043 
4.6678521834984 5.4960058749174 0.966042880146228 
4.59796361475022 5.43533746471288 1.51177422680768 
5.44663380338808 4.5693522816702 1.19947943228718 
5.45614778887667 5.63552888851544 0.576147542876197 
5.46849737994267 4.63368871516034 0.815693797656525 
4.71025928070403 5.22643672909121 1.63737944002332 
5.67573175170919 4.7570412182363 1.44323930515637 
5.00400867662161 4.6893441364244 1.19600831836636 
4.94976374752668 5.08726256582054 0.61038645372431 
5.38593928986479 5.29197184244879 0.435424501022167 
5.74722035246468 4.9861608753391 0.608875376577389 
6.58601159714387 1.25984488329801 0.91632230570621 
6.37877128873781 0.831589355458149 0.821065619069468 
0.76681704228096 1.53796650549085 6.08827539751305 
1.52430165138105 2.58543142648444 5.94536457858209 
1.33993769608316 1.44539499693658 6.75600812151121 
0.839954015046056 1.85392104929232 5.80706352824688 
0.439777376260289 0.737363609867353 3.61078228643625 
0.873844200030585 0.286686795318372 3.83545240528469 
0.727830122919778 0.259409286599041 3.82159346589658 
3.07869198529581 1.79673594644556 4.92681891073236 
2.93595796613445 2.58485924894547 5.34059861277896 
2.32074539165343 1.55971096636715 4.96292741841163 
2.89690608245484 2.65442941314168 5.31745721449345 
2.81489736048346 2.62271556007709 5.35763555044146 
3.24467773132601 2.27110482364148 4.99736809630889 
2.1403546039847 1.81626971803283 5.12115572958892 
3.02829603075817 4.43644239584925 4.91246577122337 
2.66955250050299 4.5328367859008 3.64524063258324 
2.17439878784444 4.35956209862483 4.23744073787845 
3.34757822607765 4.75204747460641 3.96449060503444 
3.24745350123511 4.43803038408352 4.14884189098958 
2.99457778032448 4.65524434156185 5.04857960933992 
2.38384137330522 4.38100401611709 4.98098983007509 
2.56722556901943 4.67025834568101 5.14307500385412 
1.01547400843588 1.8174454781829 4.86701640358824 
1.38031188670434 1.22516348314913 5.20510487378673 
1.75520386813427 1.01018955246961 5.05368211709956 
1.70344338691711 3.07919056262556 0.347093171534105 
1.45291426441616 3.43430499767622 0.668236377027577 
1.72519514290022 3.55040668673228 1.00074060088251 
1.99091584437631 2.40158435367153 0.764209139595701 
1.98475337687434 2.62765727280628 0.475070416562808 
1.72029935806222 2.4836130388024 1.61985452152361 
2.35227660218751 6.55156235749285 0.441070270059242 
2.12500661120535 5.90074729776332 0.730968167442454 
1.96475126123874 5.68101834295523 0.615749255550122 
1.63556693600316 6.57215005655251 0.349098619565804 
2.06942407501459 6.441809292141 0.622750417754426 
3.51302078104865 2.56346980418453 5.84496062638101 
4.28104846581578 2.78566605416292 6.51982663019328 
3.56132299403102 3.12920068052951 6.24650997098253 
4.03181418822979 1.8611058653597 6.57194134513438 
3.4934596386465 2.63014266519259 5.64280404480056 
2.68411501818091 2.45921539805861 6.46151249060367 
2.72799384684482 2.91143401747315 6.62748386197783 
2.42313288701067 3.49974230369414 5.88714679678782 
2.28777122026758 3.05756379865293 5.83988554146168 
3.64235936283383 6.6667022848741 3.58887049755652 
4.32563008766019 0.21574243820456 5.48150089824111 
3.74085483023871 0.203482197017966 5.55674932996333 
2.91009210315923 5.75965280625343 2.22614959123697 
3.94242562836703 5.49462875346027 2.88655917197568 
3.51993569358039 5.6335699116445 2.1220847499415 
3.71798657348081 5.9332462228947 2.36759736452907 
4.525668865434 0.369759278787475 5.32753499957026 
4.3785488950099 0.424437197584107 4.9514762216122 
4.76166843519755 2.95293653382036 6.35785632377573 
4.61356142353869 1.46632428311689 6.60164233825391 
1.73772918555014 3.87692131559337 2.08904608547681 
2.01393210947594 3.5384006628165 2.17002664223129 
2.83419258816837 3.89751752993023 1.58124315305701 
2.66464819971914 3.44798312864643 1.17244610565302 
2.65870304248068 4.27725359170614 1.47245219490564 
1.63133499726348 6.32870784066433 3.70357283813252 
1.2509043704356 6.96137902708726 4.66001242840919 
3.5243314433138 1.51389560710845 1.41039580848233 
3.42651699301152 1.82889760066503 1.65696764149441 
2.86397867488312 4.66088678075554 6.07958485884472 
2.03423910180927 4.17042144360747 5.71771749688692 
2.65813172389444 4.63508597618254 6.11676846442519 
3.08002156255816 4.35472680281336 6.22526581436716 
3.30357486667106 4.46986296486564 5.2806459563248 
3.32503604280244 4.15857105065279 5.84925759704184 
3.17437531065433 4.65614594611504 5.28125932691932 
2.05070759269567 4.08068158802622 5.33471522320095 
2.06385633103577 3.83408117644255 5.87680931210558 
2.10377475584063 3.70750075641463 5.72960409153724 
2.9952236550996 3.81404462610835 5.15959380702753 
3.20086000260511 4.29335178353667 5.03095211470271 
2.41025381954449 4.63962636566862 5.84309299084299 
2.10040880998777 3.90894648677292 5.32476094565937 
3.71483324913751 5.38881741669621 1.60376439440193 
2.5679974403364 4.72394349120334 1.75364565167068 
3.69042485143824 5.09599499344159 1.88723749127095 
2.39081448184665 5.0016165832816 1.63216115530014 
2.85685115454378 4.68906880741105 1.54387668437982 
3.34719427839873 4.72112344801004 1.92562888093966 
2.58410617635015 5.20566983064771 2.49953182114322 
2.09455285825345 6.17257505106289 3.20322175616247 
2.92373774996591 0.235543079355455 3.29572560051587 
2.11471084566657 6.51023667547067 2.77219560448585 
1.72194622368489 5.58939977418436 2.56240877936774 
2.05423564319139 5.30687907342882 2.90156758024597 
1.86002611591434 6.38088798866479 2.4789518909029 
0.678769967659342 6.0443621961734 5.79039190398067 
1.19271055635285 5.37695142024518 6.26491604879211 
2.2018179348985 0.660272051677109 2.30578982984439 
2.65109869118502 0.493414943324289 2.12630633277136 
2.42668988220481 1.14497765141571 2.16309494481857 
2.78915847510639 0.820837472217329 2.04939445128436 
2.73519411405488 1.19001274623269 3.3965412847468 
6.19126404476413 0.0185063544778486 5.46889940544195 
5.25764670920065 0.705242842989255 5.56567912908463 
6.52057465900549 0.192802352559978 5.45929880976625 
3.86615150558347 4.76856202681085 0.692710063031795 
3.47486011769749 4.60179657269923 6.64861128553297 
0.66443540792607 3.67233264633963 5.69061061342583 
1.16362477207334 3.55684026596362 6.56488213907865 
6.46519678556314 2.3759224416241 4.55659297310516 
0.107774017048313 3.2384393561128 5.02546644913305 
5.81710941742927 3.37506549405089 4.27754763698837 
6.35063895662074 2.61985866711324 4.91732083639604 
2.92109032223951 0.755319587754705 1.49998031461651 
2.41379383239183 6.81856817760679 0.887799971825608 
2.85750922087718 6.89481462812789 1.59838567927756 
2.54934864851838 6.80734437330489 0.649527813109817 
2.83694177183106 6.66948045242147 1.38826168216046 
2.6762367915212 0.181150742054599 1.59516177995669 
5.59399702587112 1.17127916464938 3.9335870744581 
6.14968288679473 0.158920122393018 4.04341790787204 
5.82654349618433 0.205993787796097 3.6462721304432 
6.34917849438862 0.671638991742005 4.3448965520882 
1.88253038802642 0.593472118117888 2.08138233774684 
1.26027903992567 5.23824138242922 4.89344050802804 
1.27072687338688 5.63179472141811 4.87215779127463 
1.35304399350436 5.11169299551034 4.72082975936712 
0.718203728662172 5.90942590217348 4.67765096240567 
0.635232582852063 5.61722527434899 3.59438945186145 
0.882023005815506 6.07631302716367 4.32496705625385 
0.920550389973416 5.71298223369791 4.93230424412135 
5.7443744378942 5.12363122354943 5.63012930539176 
5.15682056245484 4.97862879573409 5.56727368142047 
6.11117424750515 5.21750845563855 4.67641214425941 
5.50240956418019 5.44382960826171 5.48211898948601 
5.51898536795902 5.60647234677043 5.22554310136445 
5.58883180813314 4.90843659123533 5.6995474501931 
6.19754635165734 4.83530141181403 5.41884999010196 
5.72522929158937 4.62791772703368 5.58952370044075 
5.12768902099005 5.28224720448396 5.47646194953964 
6.3606120893062 4.86913751249478 5.07064041242039 
5.06601853912554 4.75621684399941 5.37438310326191 
5.40292219489591 4.43524543903065 5.32479732532494 
6.17222276232812 4.70252405885362 5.42732693074514 
3.97963578604107 5.27353777381827 1.5081889158042 
4.37379562631112 6.13175315905523 0.63954025100626 
4.81688469682245 6.0909152403642 0.882557718257768 
4.23963542882807 6.29750524285586 0.752694123830011 
6.7485333154131 6.54713553335543 4.87604604483168 
6.86973539309304 6.31070543450025 4.95637699255329 
0.78670652166446 6.49788388893702 4.44182230314525 
0.567067867812891 2.85781253755535 2.06007771172111 
6.39269026439356 2.80683673068854 2.75713976372503 
6.60613137284164 2.25625194219462 1.66719103843793 
0.485229503511785 2.86313195109519 1.79141006193305 
5.41434240611432 1.59440623922695 4.8208725110157 
1.67872554377374 3.31833570992705 6.81187505389982 
2.59586673595735 2.97395898370834 0.174423032965135 
2.30772353030882 2.46023697814467 0.309346185055209 
6.0688957002011 6.52784905264807 5.57181831271867 
5.90284962052632 6.68935037044358 6.355797481567 
5.53785666931033 6.28580271764833 5.63681861471059 
6.21296099469333 6.73707471352007 5.97361022230914 
6.11678064901497 6.79132730589989 5.34382682537325 
3.56981540385283 0.809609899953155 5.90085653143255 
3.99685237077483 4.05177089593926 2.21005638122997 
5.4317268192435 4.16874486766998 2.19406959781316 
4.35923242716726 4.39403001456845 1.99290314402988 
1.19394420842729 4.54704917158351 5.69624799395982 
1.15295760416452 4.82316078004711 5.67241144590797 
1.40457762714822 5.11583754688281 5.04904906192967 
1.47020763303097 4.27466741468343 5.12037293426569 
0.415546866196096 3.48639579919584 2.68549232392238 
3.15606994892069 3.87815788835139 2.77195737929448 
3.805512818114 3.76323705941538 3.644838742251 
3.39254645274088 4.1619407905307 2.67364864683297 
3.09857899472214 4.57263743412492 2.78286766988337 
3.56599560415914 3.61646150565361 3.15390032304195 
3.56709450105972 4.19777366410322 4.13032386943893 
3.5745085093353 4.71438878712698 3.15596121203819 
5.50869176672 4.27052347508977 1.28712818678099 
6.48527776104136 4.90208712299071 0.340684117119396 
6.31954705267338 5.4735190220168 2.39651413340007 
0.308367924945909 5.12265248688446 1.75219476259237 
0.444665764817527 5.66183717047548 2.84545699264552 
0.638431157169862 5.64119471679513 2.38429750211312 
6.77874302307276 5.03228782011302 1.73432430370799 
0.227164363832433 5.0720385884231 2.87020035235223 
0.320033583129441 5.65920050542686 1.70887487684436 
0.334460472980798 5.45381431378287 2.98500750827501 
6.52027274444518 2.73068813542689 0.255668808640255 
6.84736489708215 2.71494976227446 0.547560213506711 
6.7415688963873 3.10410566267667 0.763279018973022 
2.06456588923432 6.52548130337751 0.821891490510566 
0.669764415749642 5.91303621838152 1.07637407894611 
1.51785639364503 6.66069347892917 0.444337173020965 
1.22245284821317 6.45332329726133 0.382976622378222 
1.7051365957467 6.70193069271207 0.895630871466679 
0.906336582416232 2.30779897656621 3.63715221607016 
0.515681485761154 1.72229207483765 3.01575693767216 
6.21611213622595 6.20545718238038 5.45749309160929 
6.34783143050253 6.53140881742071 5.02762931053882 
3.59837374682114 0.975809074833764 0.250384567313046 
3.70105860113098 1.02630938599695 6.81528999496837 
4.30198260969108 2.52640428268722 3.31122959021473 
4.28683513810142 1.98425490835225 4.39870584450126 
4.78531683315624 2.00626306314433 4.1584537768851 
4.83745292121491 1.51277239012312 4.00477694518 
3.96452320988515 2.33065670549749 4.15943125347299 
0.787020895582663 6.52173554784312 2.06657161490303 
5.72640360474716 2.37433884046565 2.97150896568307 
1.42604598991206 5.43810732765541 2.52807955108938 
0.630210896353982 4.30254540875218 2.19238786151402 
0.575492422427338 5.50417237713617 3.15242409347374 
0.537441609705278 4.31306985364155 2.24756840804592 
1.36806669751624 5.39368388781527 2.32064052200059 
1.89170354450189 5.04235211927196 3.01512028363713 
2.28840192857928 4.85087330767864 5.96206936364478 
4.62666924462171 4.48463561201774 0.42004767856755 
6.06163897357032 1.61530284678995 6.17935853582862 
5.85025524631656 6.33204035396659 1.93325691573609 
5.86029138126539 6.13423059676019 1.5378327608443 
5.44528151014726 2.61189768054788 0.82576733989142 
2.95797643482586 3.49761943651335 2.25087993951677 
2.388119844646 2.31392233840049 2.04530738043229 
1.76844511860549 2.32738755507828 1.7634527722994 
2.29825412692603 2.27432872908508 1.77189465836677 
5.09314928908554 4.78908841180304 6.5430333158759 
4.91792423017259 4.36999640642216 6.64140454850565 
4.56441198794745 4.52664297657566 5.97012115924384 
0.882032255905551 6.13231399680008 5.39673837122707 
3.64425617740555 2.23894414743146 5.17925257768899 
3.46662635299428 1.2200008128516 5.73026931082529 
3.67667078618837 2.50269644611926 5.56452499107349 
0.960252871062303 4.28874400170018 0.613253339902021 
0.827202105662335 4.71870318609005 0.109861849312073 
1.7619789648614 3.77266524505831 6.6640707355215 
1.56455484135248 3.5447938778349 6.79856693438546 
1.99257117649521 4.52641498469578 0.225169749912766 
0.719769966748729 4.04742101522297 1.65207748252023 
0.369672106276162 3.64087446823441 0.887633027769464 
5.82879331937537 1.99622825289016 0.701298442199234 
5.70063026997592 2.06549160622451 0.901379431789664 
6.09166290069065 2.93621310722407 5.88464962998274 
6.08046803380236 2.84914860209027 6.02226907462884 
4.75206110022576 3.42575427095599 5.87395920514847 
6.04440304616982 3.38754049340098 5.84132567148956 
4.70446575708765 3.33163966816665 6.30685310111905 
5.72648047440547 2.74839634650427 5.68355490178617 
5.34744597702829 3.07591908009913 5.4682795806671 
1.41912380121647 5.03387188567162 5.96413101296007 
1.60115850148764 5.89777031649956 5.30520998603888 
1.82719969779137 5.48251017196772 5.53877083642121 
1.81271837922085 5.4467884890336 5.70180765803956 
1.27563433273736 6.19905369937407 5.56520563932047 
3.63340231873261 6.37411281437321 2.39547575207251 
3.47880752215229 6.78255645828092 2.11085833959227 
3.8164266194408 6.03377131226161 2.2891904297339 
4.22540006815157 6.65327162415604 2.58432912308754 
4.28270151180345 6.07709452761533 2.42736227718587 
3.85115656466907 6.71723497136508 2.5663285892966 
2.33262636260556 6.05718709329344 5.29699077439205 
1.87867126495838 6.13717096048144 5.16785834420555 
5.35978934121559 4.63089305766714 3.26031475433015 
4.88074770500193 3.63418706302076 4.16539903305843 
5.10375862820755 4.76561190362689 3.5407431314418 
1.8246068900308 0.702359330975554 5.36806786342269 
1.366251821042 6.89934922508072 5.361440073715 
5.35594094265264 5.16780016944772 3.33194365991984 
5.12525089111962 5.06137691664284 3.53499794357494 
5.35794764134846 5.68277039898974 2.81078948242996 
4.2797282063071 5.38524261324809 2.97345573909276 
4.8318383682306 5.68484915576335 2.58232744301209 
5.24731594362066 5.20956679061613 3.76188650131409 
2.74490803865763 2.00074346846046 1.36673454244757 
2.47212727950391 1.95350592630948 1.71275442692525 
3.00045693871255 1.86110213077325 2.29455048930315 
2.61102205000695 1.94843272290944 2.10501707120817 
3.00686174035065 3.35798191830977 3.89156318715495 
3.57159057378412 2.169993738346 3.54646278023413 
5.48925103538318 1.85924002740285 5.7669553266141 
1.91144474058752 4.8505842207724 1.56482697283082 
4.17799422637227 1.04359555269814 0.383670117428373 
5.76484729037331 2.51124730926397 5.26414098468658 
6.30808678747922 2.50372416129736 5.10736871955614 
4.66226317925285 0.824886837826906 4.50042061363205 
3.36924222261874 2.14106750492346 2.53545695226516 
3.51119974608232 0.556382741281529 2.83848461432459 
3.79886272363709 1.73737450232822 3.11966920659202 
3.91685277172869 0.907430627552769 2.9458513920777 
5.10298018262821 2.12520452441896 4.4027683175726 
5.17796721527696 2.61566082961585 4.70323259572042 
5.04747029872591 2.22152601287267 4.76937557398942 
5.22118062549836 1.91737115984558 5.03031617598973 
6.27819929277513 5.46428267672603 4.58715187760757 
4.45885211128532 0.845829013860647 4.86154047903092 
4.67391893302983 0.795110820514335 5.39613270770108 
4.64364571300931 0.985818036953516 5.11998277914118 
3.4109396944753 2.74549635967787 2.48694597515395 
3.63914425766793 4.09180965963636 2.08882354712673 
3.52408081292642 3.86653172912114 1.94535081735026 
5.71365984977833 6.18848924068529 2.44966212067054 
5.77389207694702 5.82939797838106 2.58214465888983 
0.189126399867564 0.858978726005805 3.90270163741975 
0.671410368172903 0.188229766737256 4.06026382083049 
3.81556604434271 6.92972971855762 3.04417595117694 
1.43369741298229 1.89132247905493 0.713929210761411 
4.08992375070601 4.94516112043317 2.98908781600844 
5.88205968236285 5.59194408133878 2.34368817163983 
3.03196292474769 3.0892666063183 0.38235963075642 
2.31072318520494 2.39393901898817 3.21146484497919 
4.28154468436145 2.74595188726513 5.09370056330763 
4.05731005081433 3.44207168689902 4.92357071242644 
4.29505815509902 3.6158282066729 5.61865259216906 
4.24364398422072 2.79523576562497 5.24473055698309 
4.04632785645785 3.28936792038101 5.28362338572575 
4.52839126093648 2.66144948239875 5.14773641170687 
5.04087658653052 2.82904967864284 4.79446172793436 
5.38479715935351 3.28400919375501 4.79867785197688 
4.84795396546536 3.49609897306633 4.48421082407662 
5.30010641713739 2.9466234854218 4.9121426837666 
6.06170296590348 3.7144891950662 2.97960769742763 
6.09837190110651 3.27967732493063 3.11894662046408 
4.45134428775462 4.89774975600898 2.2519724478514 
4.09810935789492 5.17068721747726 2.83955605411087 
1.51429018211927 4.16906392926212 4.08843052478436 
1.42645672341474 4.30798101965024 3.83880166283225 
1.27377052267681 4.05256305591248 3.58655994676017 
1.45211893851762 4.48307636213978 5.97508715238527 
1.5711430678231 4.81004239082507 6.1128583429675 
0.899570309952163 0.213287438874348 4.12602850921492 
0.125765155298749 1.8170555711637 4.45566193364679 
3.83410963509094 4.59775151977486 5.29793262480897 
6.32527585650724 2.38618225751384 0.261722770466477 
6.23594369090228 1.91728830243211 0.840400488536108 
6.50559650724877 1.42501380980482 0.701317128828412 
6.54931073095054 2.14422248624753 0.570907455153606 
0.645786096836535 1.96155901950685 4.93762314880606 
0.473132745443343 1.98868332064608 5.41371543517463 
0.397083675177025 2.42696419367317 5.50615276707957 
0.591877436589187 0.786530501960663 5.03745360102409 
5.48513529752506 5.89898627052851 0.29076722602898 
5.5240974140574 4.8850323048829 3.16097383137009 
6.2688391883392 5.23225878559504 3.6707246339132 
6.59375992359466 4.85182608711344 3.93044155797901 
0.231446081075797 4.70973510739296 4.01994004086276 
6.73587123939878 2.58892264067379 1.10152705561706 
6.84987701370327 2.47421785416453 0.717953662596959 
5.65964399013155 5.86896616574074 5.50785171277243 
5.90167925853443 5.38001865106558 5.91689971751133 
0.277678466659535 3.82753039377082 2.65976723585346 
0.191035973303579 3.93672949762711 2.99399271713654 
3.54371681753015 0.721560893736651 3.91551748883655 
4.33967717087434 3.65691588225815 0.526975114145006 
3.94525500501275 4.1742608526021 4.76269154633026 
4.31747610140495 4.81668538964885 4.72486843815515 
4.59890811605012 4.39712735671047 5.72217930099542 
4.21685298328913 4.41625248725212 4.42813553009442 
4.21763767203947 4.31543502988857 5.58981218697231 
3.99393592757411 4.51118686441203 5.16030324755198 
2.42820592825233 3.60780850177596 4.60030094299281 
3.18665555260347 3.48900655097483 5.01546610609092 
4.66436014954896 2.19301706023067 4.99308094033236 
5.51096042135823 4.7720780341839 6.48323406429037 
3.62998820364601 3.57741357242378 4.72745238353067 
3.65968296417111 4.07939194127585 4.6612476565869 
3.59252118439124 4.35996489910978 1.82843462484451 
3.69319764287807 4.1937095108611 1.06176643645132 
3.4212006962112 4.17907264446272 1.5480085757364 
2.87594761818599 4.46609159235362 1.41698824904539 
0.576593099714919 0.67423099636741 4.99304782370491 
4.27755851068852 2.06718888053326 4.80813104451307 
6.5324534905903 4.59336756287102 4.12850046775097 
6.49865736625771 4.12505737700386 6.01932510225391 
3.01072869276697 3.33513512900276 0.516302836308813 
3.10055642028824 3.28340570790739 0.884786843107375 
3.7535384282961 3.84757337091305 0.950876426254554 
3.391325303905 3.99967909397606 1.58758464447779 
3.63342540129654 3.66521140271461 1.14714053044255 
5.26773046754785 1.78179659312636 0.993577977082817 
2.75227874305576 1.03244552408288 1.11907995168186 
0.651123624255783 4.36943431231093 1.03170252186218 
0.326881634869101 3.99841713667435 1.09021786991413 
2.44262296363106 5.81264353214892 5.44190305377569 
4.33128487355143 4.53126968482321 2.70945721606767 
4.50517960423896 4.64328190635369 2.31872626792276 
3.05992464131572 5.44115368257402 3.49581791806041 
5.48705235197555 3.94156558825803 2.35179024285606 
6.05523259024246 3.74546280297845 2.61570030740426 
4.8078549457142 4.90848587639857 6.02333727949558 
6.11739681112177 0.785151051611701 1.14878677380421 
5.24965458828333 1.34392191979938 4.22927170077118 
5.41971918124023 1.6704165343138 4.4479830608595 
5.03012748099595 6.11260116726711 3.98117311463085 
4.8911895131059 6.39540133548466 4.3614250008113 
2.14621979955918 5.59548672346669 0.566585955808491 
0.671461951162088 5.38492180572983 6.18043588788407 
0.505046560386595 5.78234572957953 5.88033200155162 
6.53061965320257 3.11660960415951 3.82213731375028 
6.60812728690714 3.21012608015253 3.44063627050187 
3.19081300062153 0.822615951387911 1.38161007138653 
1.96165968777566 3.37911423179236 2.46542863921324 
1.51386294834033 3.89206298896932 6.27775651231632 
1.33670403790265 4.27602652995858 6.25042181519559 
3.04260060494936 1.74079350643641 3.21976676236189 
2.97277317704323 1.91782409421779 3.0528669571984 
6.46253053771814 0.225628829154344 3.99076869151896 
6.59574221451409 0.491101864644348 4.16422308704716 
4.23533216979999 3.71508602729391 4.94442930826472 
5.97369222599271 6.11418959979578 1.71344154765418 
5.99409850655512 5.75467272450095 1.81047413061668 
3.38748695708059 1.72709382445494 2.09023838827014 
0.384262712826311 3.39578024199286 3.12579863870745 
0.788030830016374 4.7280132706118 1.97894034778524 
1.3456338048834 4.92245818913902 2.15564582242627 
5.95966075595615 1.05717206913714 6.34229881231924 
1.3572919466074 1.7610404375161 1.57407081769861 
1.10509705939466 2.28470507805863 3.71486969384449 
2.49808259963842 0.663441863487732 6.40428806191946 
3.97595753926887 3.69191193771599 5.94213535466566 
5.47327149737648 3.4437395779948 5.48044938366306 
5.4887211621382 3.57634543027111 5.13448514430311 
3.26304052858058 2.50021569376525 4.51526593005983 
3.8301868532015 5.43219388222469 4.61142606400767 
3.16833945838689 1.21347354941777 6.30152576237099 
2.27231924712897 0.25901300995514 1.07918818748958 
0.735815242100641 5.81544171985657 1.26353824783627 
0.757134121217285 4.30520968573879 5.79086791270166 
0.677783964084526 4.1897404872966 5.67788225229549 
0.0786084752320982 4.42111723099031 4.23293733154557 
0.198198858528112 4.34237536587416 4.6446071009653 
3.44619171880362 1.09293042933707 2.05796012145739 
5.66350552868797 1.83152154611502 2.43896661346132 
6.52577119756951 1.84864345073997 6.13220436813822 
6.59305861681266 2.57511097979851 6.1038834413363 
1.07127795851937 0.392246104147747 4.48840138688047 
0.346105190287122 2.2802854697805 2.64632558418573 
0.540386742368389 2.29717088795319 2.30712441479428 
0.640886613357461 4.92286331366523 1.33882151889453 
0.382880925998764 1.68917441377696 4.74067752453775 
3.88898619580147 6.47671282529166 5.14481055269868 
3.99580447438331 0.117573953761591 5.2794681027418 
3.52357320127739 1.22898264771486 4.35557268560532 
0.793144436245123 5.32097029284807 4.98019724212445 
6.57798674648738 6.70606030631814 4.15790054617648 
1.29747648909505 2.1986895609751 4.7305506600869 
1.41793709277086 2.20697570116181 4.49328356630008 
1.18083781154734 6.12096153263984 5.93774374192973 
1.42342619952038 5.75843300306066 6.13784986186317 
1.34943465485972 3.36672861089791 4.47125637627152 
3.08406445344242 4.87307340359117 3.66135850662232 
3.31123752220436 4.84231140452253 3.11044154113078 
4.07844967774823 5.17711506219526 4.21484972114477 
0.76636415619009 6.21246596547469 1.03984828970382 
4.67680899999242 3.22737518832467 4.46743406557364 
4.20799191321163 3.15993435569804 4.71292257764713 
6.81283942229213 1.94015482933105 1.84251209657083 
3.95808501716137 4.38365521670661 1.07672015546186 
5.18856182142819 1.07386754319809 4.86643458972758 
3.49181351761174 1.41535800474643 5.12981736140571 
3.6766469721112 1.15193740663519 4.79170730738545 
4.43820603126286 1.03790582871873 0.760509678504963 
5.91916523122566 1.73186170254135 4.25877303843895 
5.42946526808461 0.473245787814579 6.1198366511437 
6.42918357733562 4.89146917353673 3.47015228420555 
6.25334329963328 4.70266713194124 3.29967120367555 
5.58488566396012 2.74340833878567 2.99032849828958 
5.22896193450684 3.79980493105567 6.57055555210665 
2.9362092334488 2.92834585683313 3.71591328371125 
2.53723468025182 2.91151147467352 3.48216747888299 
5.71630844018285 5.03282316710747 6.70279376850914 
4.19010514069304 3.48177451925881 6.43344767086728 
6.2234950524381 3.98548346543459 6.52979651085766 
2.71831462749118 5.28962752629028 2.56087903240143 
5.95925065945873 2.22465689358124 4.01637917764035 
5.60243591759421 5.65882875568828 5.68363788686607 
3.61856813480158 6.12265490332577 0.864869634523579 
6.48927917501837 5.42270286009938 4.08741433448585 
6.39019590995051 5.17261544006461 4.00592038893914 
1.00536596354487 4.84674785528639 0.0771339814656252 
2.68841348956451 5.25320472377132 4.83417545669134 
2.41466058894511 5.00094283802642 5.00930001138563 
2.55440552401279 4.2218337004825 4.86180312497394 
2.53090479522962 3.94390760028041 4.96683631780849 
4.02062912933264 2.5915012603794 3.47514191501441 
4.18933136509594 2.65957297197982 3.76718287903753 
3.4683893093652 5.81306079911327 0.759412381591901 
1.15659427156334 6.78488402299324 4.41571737598365 
2.10875263847232 5.41210547291517 5.69077439018452 
2.1125803494612 5.44100390771969 5.560499551346 
4.2794866462195 3.42649630194815 2.66328350050195 
0.930940078078383 2.39335507116046 3.36210113695124 
3.57925168230975 3.37296785190048 4.42808337389861 
3.96589966615523 3.06740885898433 4.42451063146918 
1.4752707801368 3.79308493643348 1.60845225054125 
5.27438254397104 3.84876613813902 5.1535788211012 
4.75357156568321 3.73405112341801 4.65061201916458 
5.84203844088549 2.31390911191155 0.380921657805036 
3.52624978262859 5.7517219666915 3.95920297259787 
5.04158006504291 6.32371094674106 4.54944669612452 
6.03840602138173 3.41532256803287 2.44529254515755 
6.06647428373321 3.08968338149862 2.86260313867111 
2.20275405547492 5.18621073854909 0.70866621698765 
0.961909296168468 3.77116103728675 1.75703055654876 
4.2841189341322 5.08223248342388 4.65007623809039 
5.96992214920223 5.77697865476834 4.71375718739578 
1.49257127089916 6.60137040970104 5.54860854118068 
3.26454919500572 2.09219518367908 3.03679465004488 
3.38592955821768 1.95925459321557 3.20056551716382 
0.542441265159952 1.49461337578958 4.62862313061032 
0.486840024289315 0.830204695940145 4.99042658987022 
4.88516195455763 4.91563390327256 4.83745627589535 
5.40420786859774 3.45144791963732 3.58080850131757 
3.02188209481576 2.38557791294727 6.41586258603662 
0.926446789815774 3.18942901343247 6.16423628415786 
1.01948968011577 3.43158404452569 5.96186679438701 
6.61599783773117 1.68742768701318 5.89317060093385 
6.768230980086 1.98677689277692 5.5035541917954 
5.40413913553098 0.559534577813071 2.57418112832581 
3.00895357099649 3.59509131058711 5.56855323891623 
1.22519564664647 3.76178427623925 6.27412497487593 
1.07431370042891 4.15651250111147 6.24936317105413 
1.27921499200493 4.3697491401857 4.52371599748063 
5.62768779178951 4.24183693215824 0.570350212290414 
6.01236666066289 4.36010847690738 0.286178104518597 
0.325399443447918 3.85797026112325 1.35659350225058 
3.08859783984527 4.9901792166705 2.57779501098164 
3.31093074219016 4.98411670132576 3.04323969698815 
2.28890752215728 3.65267765813255 3.16672038836967 
0.992158992950504 6.04156394030501 1.54203200931965 
6.31596132020091 2.48995629584096 2.78013810034256 
0.549246131758612 1.77108288800885 3.67449963026432 
2.23400014920591 2.37603265068582 3.31669140734645 
2.27360532084474 1.49578105219138 1.57659061825769 
3.53132935185204 5.41275086828822 0.855655836361233 
3.87860197097126 5.25282278444354 0.916420565203528 
0.565168775280008 3.53980012225725 0.69380869745822 
5.5037246515353 2.70854050311192 0.5815814519359 
0.822200714348864 0.825335941173005 5.79078269703855 
3.43415836304327 0.54581052901078 2.57423059258299 
1.70049013638348 2.37733781673039 2.0052985410079 
2.82538421015132 5.45264786109443 3.78082616942438 
5.88001376602834 2.70522231280848 4.17048393147713 
5.92598969742783 3.06222227645503 3.98457222911174 
5.41669671343276 3.63210167323705 3.96131570098433 
2.53955050496742 4.83144923455239 6.22819074638618 
0.0920290111063198 1.43569796564286 1.59839072045788 
4.7531516412941 2.48168083555956 1.83679736181744 
2.70134597722208 4.84343848332237 2.42621197614732 
3.03698060137656 4.82786665444561 2.51538422613893 
1.81702997217918 6.5657326842364 5.34206155809342 
4.16468240176254 3.10157738578814 3.99514029436825 
1.00322119649383 2.97191747731584 5.21609815498335 
6.60322671810111 5.43449536497167 1.6382458298401 
3.19668489428508 1.40093093183098 6.05567960458917 
3.18354599634079 6.71159422379462 0.790529862501304 
3.40467833076734 6.40204195629592 0.624389524278512 
6.11219434356479 3.65288897977781 4.38677410810341 
5.95389176369186 3.43034688153243 6.55048775553945 
6.02134871168154 2.96428708376113 6.35704520180271 
5.7367362636268 6.81967115352386 1.15251467941297 
5.42809126953161 2.7820911601459 4.84559572849667 
4.37234437661485 3.80279363449264 5.50448847739308 
4.41598499324772 1.50410354747494 6.7611413113507 
4.20069949024146 1.09728240857087 6.86901134550851 
0.584341612967855 5.87253693564804 3.79534144158556 
0.436370587700444 5.69077432943158 3.80671353089819 
2.3815937397832 0.749357665994119 0.763553124481051 
2.12448463941415 0.890809576038849 0.730056436699315 
1.83769978608181 0.946157149393154 2.05193195993553 
6.10587686294849 6.53940533856192 2.81929675473821 
6.8218409790597 0.857223751036841 3.81411158863905 
4.00030543171988 0.269651242902639 4.97817488640676 
6.34404127507086 6.21744386814084 5.15238266858759 
4.49324342977112 6.34004548139142 4.34207667330466 
4.70994182478379 4.99643835916741 0.326247853244391 
6.42772355915646 0.802244216650367 4.86257982508648 
3.51525607072059 3.21053411664354 5.56263430240933 
3.1880975756499 3.30770543747793 5.39047354765795 
5.40339926613439 0.806944530075807 6.18997131866195 
5.31223026743466 0.960150920335644 5.91364323936446 
3.89508520269457 1.79268693406602 3.24249437470319 
3.2994486751716 1.18452843455797 5.39483598740523 
0.916585067056689 5.72007177912771 2.39662115782549 
0.751710956099449 6.03231428750396 2.07356495049789 
0.351947050244221 3.58597133783636 1.28379455267116 
0.978681821409925 2.61999775071756 4.74893222545112 
1.56830505900473 4.0741228562362 3.17253055027587 
5.71702871254542 5.55586752193757 4.83749274390769 
2.09978936524445 2.58269544323614 4.446011006484 
3.3462539984011 6.89187849042196 3.51764372712473 
1.81369275179104 2.92032552172711 3.74916615673658 
1.82838659929639 6.50056049058016 6.48928727782328 
1.53597350860179 3.45746414017134 1.41350792843879 
6.15089830032835 0.84360606334271 0.413996349838336 
6.16064269976297 0.985978951015532 0.343745336442359 
3.34913475574426 0.882927905698117 4.22579827731166 
3.97206953879305 3.18608421030861 6.53978652322961 
6.44400828652289 5.64028853564112 1.8445812791706 
2.48505627295618 3.71830916975519 2.19667927529063 
2.67161726756128 3.61540222906339 2.00279421593951 
0.828237364431362 3.45734285872997 2.47611619658568 
3.6271910100437 5.93207667764444 5.93845097421557 
3.17169684477903 3.70870352553999 5.85129850667711 
3.53506061139608 3.41964454118049 5.88217289985514 
2.18637902915228 1.00396620146682 2.28617366365706 
2.43782790404541 1.43798645495831 1.20327951968574 
2.08317829971089 1.33315070746917 0.958594376194078 
4.07049736258104 0.438809176586375 0.82653638960709 
4.33800804094261 0.799956833624734 0.610495593467974 
4.22839647240918 5.4522568529522 0.686875154220948 
4.36969690713769 5.13359228547537 0.329805119496856 
2.98928317464545 6.85979773061572 3.46676542111889 
4.66925239086917 5.9790264544047 2.0654435466159 
3.25432777728662 6.65607434109771 4.31874117964592 
4.11891002600424 1.39667741155937 4.34129671137415 
1.93435179927514 2.2013480776971 4.93359004660199 
1.66761903106714 2.1964126439642 5.06997290970889 
4.07131779642007 5.28400828349172 4.83100193735532 
2.00399687380483 1.6410572796218 6.63498995220505 
1.72196587944053 6.91258448804219 4.91429274133464 
1.72927812436269 6.91622062755846 5.0749076705433 
1.6662843244926 5.98241386717608 2.73508178864321 
2.94628090791031 3.16229255503078 2.50364675239341 
2.91834717371583 3.51277914090208 2.42935901285175 
0.62011836088785 1.53132392841785 2.88798316752881 
0.208563349247305 1.0255216136549 2.57269342151996 
2.49549030052551 3.09592971688089 2.71590673026573 
2.59278350370016 2.8022785439689 3.22967367325681 
5.18125633959039 6.25145015801515 0.380711826707101 
2.94286342683448 0.405301153369318 6.31736280516577 
4.41282843306332 6.42556505700005 1.3260334163719 
4.50157750289544 2.59976829444515 3.65279859266324 
0.301786737878184 4.82805670376274 2.24668612647609 
0.471020129152835 4.98706387652386 2.07673428295432 
4.44018140616316 3.51667215022785 0.616147485736701 
6.74533074205473 5.60260104225398 4.83077197842704 
5.18474745958281 6.77613235869779 4.72885990291806 
5.70243382113675 6.96981213548469 4.75753615302481 
6.08820693775986 4.72355493314501 0.256483215389435 
6.05234250389986 4.75598477742058 6.90529186539081 
2.86003458783456 0.855513490243064 3.60205118348295 
0.636689179235313 2.82991028386924 3.47340685624704 
3.09527503078365 2.27579352142772 6.13848746035349 
3.39439666814829 1.7991708671622 6.21107533143936 
4.49852431135265 6.43511849947766 1.11017818593926 
4.83381671024118 6.22851715132266 1.05379455633843 
3.04767286841908 6.64967858193474 4.39169498296919 
5.42370867928108 5.0093638024939 4.32615931753999 
6.06397982793133 5.031021951779 4.47107629210893 
1.56795844701535 2.69344455908523 0.299483059809285 
5.40373175695446 6.82874734470815 0.888323027983626 
1.94425972610647 0.325841431971599 1.15860868175502 
1.83766026938088 0.728277740524038 0.933986303485358 
5.11347684254508 0.464265218771348 1.56434728941446 
5.3811370416954 0.299154950153116 1.88377269114004 
3.79846644535452 1.12526835574287 3.19676225629168 
1.1620315205438 1.9445001328899 1.19757852644626 
1.24176436270321 1.74071475334976 0.981887049596219 
1.27177734766002 6.4123399156694 6.23183141359251 
4.23684967663776 0.715117940443786 1.89146721281514 
6.16301144846059 4.74273516855465 4.55088661769279 
4.86049942740364 4.01669246234349 1.50958065457623 
4.04333389529055 1.24481293694046 4.77550733315566 
3.7101909038382 0.894375443964632 2.224606652943 
3.51319059096962 1.04214007391964 1.63242724253835 
4.70575718481137 4.18317994684002 0.105080619420983 
4.62641060803972 3.93993786379169 0.107877778315536 
5.37712167088894 4.03045367345651 2.01743968292154 
4.82964893549518 6.22852407124533 1.92345594237255 
2.3408007384414 3.43201880858127 3.51407469463744 
1.96995819823199 6.42190056543291 3.56381965731716 
1.83106878797697 1.58974581202477 3.5968913417398 
5.52586241437381 6.74541534629031 0.476633767756028 
1.47495049482463 1.45257091496068 1.4976583339261 
1.45229431352687 1.37684310486608 1.23894860307613 
3.18491352148114 1.81620811295159 0.468518997247783 
2.7208487580887 2.13408208169544 0.721481277036441 
5.09058867478098 2.50798853864076 2.46718045629484 
4.62921732309367 4.32985933714097 1.3806052484882 
4.29487057341588 4.22225653761322 0.981778370742663 
2.64607414520045 5.18792541791472 1.1869259790875 
2.83282570460188 5.06215881658047 1.15736249076676 
0.0557636097191784 1.25283162700621 0.991097195485939 
1.32222257025958 0.940262350145838 3.31655795026401 
1.70634501835207 1.10786203556372 3.46575650775569 
3.49255887095363 6.82493362054842 3.7596880487478 
3.10577788338133 3.15158155605972 4.4371238789852 
2.94714949845155 3.20785471511163 4.64682468001624 
2.75444007064978 6.88078149665499 1.82568987817387 
6.78165995105902 2.59595874439296 3.7683477325615 
5.81570900254943 6.17494187413889 3.94453273746978 
0.901987211626655 4.98010123720158 0.078050939689985 
5.68752996638284 5.7791793594932 6.65635850570247 
5.92217390306567 5.37243815482027 6.45361294860132 
4.65431584798972 1.13451935554828 6.47349006772193 
6.78269945755883 3.61877852858972 3.44950212478284 
3.09207468024372 0.960655105018696 2.25908498006964 
3.33790810019806 0.56773784896354 2.58941415057948 
6.45509911071848 5.72162101212133 6.65934800232779 
1.90501438573277 2.21193993244665 4.60664528584121 
0.151380949927252 1.76555833537884 5.40974069003232 
5.5376127051317 5.60231245652728 3.43375031334305 
5.48153237753124 5.30615744962718 3.51225583475804 
2.50547587481427 4.57977269764604 2.58321281829628 
2.96173119339301 1.29433955426771 3.12843839829277 
1.35091150452199 5.87571960101926 0.250789111836006 
1.02755425960062 6.89518477611389 5.15966806077866 
5.90253148058773 1.71758056225811 5.2306065281016 
5.59307371318621 1.9849286727459 5.31914289312752 
1.07410721958535 0.941574871585374 0.979418791204636 
3.65706053812815 0.730873800413294 6.57407303238876 
3.37326965768857 0.819725774231117 6.25473557489919 
1.47598255922888 6.70851205928559 6.08182094164093 
1.77389579091154 6.74242904495633 6.22821631931271 
0.364284294541545 1.47544636810461 4.06026544456421 
4.59053927719427 6.24631271775903 3.25740485838132 
4.47345642046253 5.82566950375668 2.77383557125201 
2.37551063863912 3.2185422452314 6.33833391196936 
1.49820918705747 4.53960262461617 2.51575500820314 
3.72689740423042 2.74699066661239 2.25210790023292 
4.18859104836129 4.7880733405587 0.342380509513018 
4.57641079869975 4.5711051729443 0.331008615877244 
2.23282603896619 1.00965437334741 3.19278899206571 
2.20283741611186 1.18497642009806 2.53465420609147 
2.70292265993163 4.16988348492168 6.37770200741633 
3.58623398051805 5.27226312271281 2.25171184625287 
3.89969947203327 5.26721029016518 2.80848662506253 
1.33944132679581 6.29447821076936 0.236621573057846 
6.40884765437488 4.02914521605632 2.57753314355354 
6.53507763950478 4.10042313603577 2.9681456176236 
4.00672845930533 1.11273653458528 2.49880737305747 
4.31395541607087 1.03697260550445 2.37713849348122 
4.41104059106029 1.18705970756893 4.16090194937274 
5.2621474697848 6.06981073705898 3.83911002610103 
5.60403580068352 3.88716691110206 3.21503460484935 
1.79785143406426 1.31880275686947 1.48963368209864 
1.76989607740078 1.24656390143438 1.21720815487521 
4.2155876162547 6.90788294831234 3.23186134107603 
4.40342179755193 6.77287468426745 3.08662537621233 
1.28595129909187 2.5363457265462 0.43585820077055 
1.4628509423979 2.20428344643553 0.774017833271739 
0.707170125955471 2.06062922929672 2.89858816379378 
2.38079976589415 3.40396897289767 2.69046051793899 
2.64705059102708 3.63635232935346 2.49299253791217 
4.12883665089335 3.73563650809128 2.87656980656649 
3.70921237991586 3.7532463902804 3.13771846297875 
0.890085418027417 4.41315362127513 1.33608094989165 
0.881083287381318 4.71626398019033 1.48339249091566 
3.82045209021971 2.56422071349863 4.48795227338338 
4.0103146839748 2.39873256514701 4.88800687592797 
0.241321558188582 3.6809168394911 3.25466307819402 
0.733033572238979 2.94364556272439 2.0458766691188 
4.95594312835784 1.01753121713588 1.51192781528834 
5.46144548990298 4.3391065975662 5.05375637131735 
3.3681510702383 5.79671922400789 1.39645089649412 
5.21033194375167 5.85793563938225 2.76359108016586 
1.43389336269463 2.37937641620644 6.69349428225703 
2.05908463300364 2.06069485185696 6.61134951127583 
5.86368853999788 0.296467213191882 6.23976010151321 
3.93528266272203 0.776254050408189 1.57655518890968 
2.64710841625301 0.132183260344887 2.76506609871117 
2.86758157372843 0.252515270425142 2.38742881838408 
3.5612149388927 5.3677533416601 6.43352946302339 
3.55558639137922 5.54687973609722 5.94911782764145 
2.13724588026125 5.50269534284302 3.19189485191608 
1.48140990307609 5.05632175570097 2.82073090520753 
1.51564312639 4.5857741985943 2.65757613203717 
2.48505810339419 6.39510731398162 2.02499270733818 
1.90255885391735 5.96596096668641 3.17785039235693 
6.40439548537699 3.97444593346391 3.13950632470442 
2.98780534737487 5.26324597675031 3.80709491481467 
3.00085443301211 5.38877161871801 3.74641205718202 
4.92119510158865 2.48217731892553 0.860523483929741 
6.91439126564414 5.31851417840562 5.55006958346623 
6.88298765134857 5.19607936854358 5.17403224176733 
3.87509830574314 4.18313280488858 5.94473995635076 
6.00056246210168 6.45758159417237 3.81662297045746 
6.20271927754024 6.77459729327199 4.1570117056565 
5.73490583077859 0.196114537873402 1.35606958287924 
5.71560529199791 0.144363397944326 1.71478857780193 
5.66106414606384 6.3225671561651 1.57610313145932 
5.67509843690887 6.43139733499365 1.81988300654633 
5.9908361582587 6.64667621231865 4.56615551389649 
5.73928952069863 6.15950172940646 4.35939094264195 
2.56746504643323 1.07079015085345 6.39734876676826 
5.12605981429802 0.958636200111815 4.53099483059523 
4.21504279854843 5.50498722482305 2.98504838645067 
1.71251755660253 2.87135515295272 4.1752571778525 
1.68739692303972 3.29813471757845 4.33623686130311 
0.856911972880338 2.21931548888724 6.0686520907756 
0.637924417230503 2.53078416780929 5.93518434589819 
3.56109259639651 5.68389883026678 0.67443614855035 
6.36020445511014 6.26099905299756 3.06409557551062 
2.13093687023856 2.16820898465261 6.29421376973465 
1.69256478730412 2.61374964939283 6.14835487645865 
2.63667433149207 6.70287658620801 4.13981227213424 
2.41332977380625 6.32454922120393 4.06813929331507 
3.27672411654687 6.19930889225252 5.01580988144876 
1.06067746757142 2.77856157560575 4.39320966447622 
1.29173546933406 2.58043057973017 4.24185080203012 
4.64171101210055 1.392819341489 1.82668970876215 
4.54981618098224 1.37648881656151 2.29045180101532 
3.66335928366554 4.60952579145286 6.622175923345 
3.97256865473873 4.35510226695379 6.2242454870981 
5.79640418570011 2.88971070613388 4.60870387254576 
5.77067890261613 3.26212275279289 4.57723046320126 
5.63641810716423 3.14804304153767 3.54132950376635 
5.41987527100383 2.86376903443702 3.4271500158581 
2.28123976955239 2.68054955381533 3.62230478590059 
4.22921354746301 3.78125012727674 0.862243136054895 
0.154651380238983 1.05072213491988 5.1892589680971 
0.135936132475106 1.57461127261829 4.98474642344545 
6.2556081620648 2.20571967675496 2.36398768107178 
6.2782518708564 2.42937084719167 2.02186693320926 
5.96934144210887 4.3574763948261 6.85070530803318 
5.68440856959237 4.28920873924867 6.64783498982482 
2.60369291808065 0.154279380120915 1.75951772046139 
6.17674361109893 2.47346412997762 4.15602638269693 
6.68723585720318 2.68213122971343 3.92823435297725 
4.3681717001998 5.41193529242031 3.89749679203804 
4.45099841873656 5.14389975425357 3.46687382503028 
3.39797220837758 0.617575701429324 0.451529995837944 
3.59766310447249 0.376436706973133 0.715257849438614 
5.68984403183118 4.23948035330053 3.46268898153195 
5.91364411764362 4.34963038964252 4.8784572143021 
5.90939449178678 4.50540158580958 4.54619289704625 
3.86289310107118 1.36590593527943 4.14762153240609 
4.99744817080407 5.47594190334322 4.0434408869896 
0.51561765885007 3.84977380971536 3.60948132745553 
2.38316717801084 6.39228925518454 3.77829565307242 
2.60321243548494 6.7687605028723 3.87144345585877 
3.85223498981636 5.13798306898362 6.47462394095805 
2.53528772250785 1.02657839929233 5.28275281322376 
1.69055994542023 1.53344747787325 2.68203630466861 
4.80129429795421 3.68997743454235 1.33949076350961 
4.35472120783898 3.61549168502277 0.947149603333783 
5.5640907651453 2.98963189405632 1.13752331776375 
1.67329286594867 5.01848821706233 1.6943222157388 
0.342856034860238 4.42540576420006 4.72385296802837 
0.319461082215878 1.55803016873038 0.720827223474631 
0.623014963058105 1.36766032147324 0.547971745584343 
1.97773369671145 4.30578158047257 2.06988603441883 
2.04378866492221 4.4983511786352 1.67000047847286 
6.78278333927966 1.50401949783827 1.6916869799968 
6.61338766588672 0.905776093386682 5.80177591710908 
6.2719498743052 4.57094400548938 5.13588017969263 
6.36968277280081 4.71994633203654 5.00471845072599 
5.1237891381402 6.01930445315251 4.00924627729872 
5.27251178709223 6.06117914410692 4.38671259860282 
0.759407610069268 1.09654614522686 3.51230120200948 
0.639829316105344 1.54981115042947 3.82348011051266 
6.8165001705928 5.90824057037739 5.64175412654261 
6.68541074147176 6.08707416702235 5.13919966878906 
6.20634971954357 5.9773556293166 0.520701151517272 
5.12079467264108 1.42153652977182 0.656613913888785 
2.04093324160783 6.34762189867358 2.07156938981663 
1.48815976508814 6.85733723671402 1.86875309026951 
2.30551846156539 4.30024305237156 2.11319710340558 
2.40832553847017 4.47978066030138 1.74544807573311 
1.10383341884017 2.39568846419965 3.28736036403328 
4.89813186199416 1.33686161415828 2.48841257269038 
5.33394503314644 0.408898653802144 1.18830308473471 
4.81337713379362 1.8803630752576 5.25567920356852 
4.62005851622027 5.89099834742199 1.75391761729905 
2.95682424424066 5.10419337827108 6.26119676195023 
2.00253729412813 4.70363046097572 2.9243997947949 
2.06081836186051 4.51391257755739 3.20372697812964 
5.48281675681729 6.253594529257 2.48880963594501 
1.48882518301769 3.57963607314889 3.4210858027027 
3.86740324792642 6.41894397860139 4.8715365026063 
4.18558829071976 6.11266142979165 4.73873099110458 
0.237495854385857 0.922877238545951 0.92506478202854 
0.634509912654508 1.20060874724485 0.562034696751448 
5.15345612573535 4.51762398560568 2.44875460397071 
3.98689754750716 4.10718081979031 2.63068420537649 
3.61605692450689 4.1582664807403 2.83011237666061 
2.94166799799692 6.85741611467552 2.14263660562482 
2.41640316262912 4.15845243171059 4.27873436485641 
0.76157151682727 3.28572137073693 3.37738705129667 
0.265386976690535 5.01694387695804 5.11442041327051 
0.196273820316534 4.56448997604085 5.03557354449653 
1.54313237143852 4.52248027570109 4.80992059308153 
1.49658023594214 4.99111117447248 4.85488111524343 
1.84749935299358 3.1622590141411 1.63805814324478 
1.60045064704937 2.71315428972304 1.74974763490363 
4.73028254725333 6.07774067250033 1.64634809620593 
4.96626611180556 6.01185479093836 1.39501304164143 
5.6862497431879 1.98587448393041 2.4081729407107 
5.51213177383141 2.08661776110131 2.63975262862927 
6.34106835374669 4.26960616576639 3.96060717391495 
6.1691188015032 4.332497187483 3.45028125703232 
3.51716474471418 0.401063316399052 1.23345002505862 
4.11057709650352 5.71408295375002 0.548415426719849 
3.59431384835305 2.14669847625758 0.43746559153017 
6.78784688450328 3.8609668747699 2.30546196870129 
5.90187513218231 2.4288299191103 1.76282733865844 
1.83123355363687 3.37504695234523 3.71437057676005 
1.7680390214467 3.54566984024392 4.06154983415782 
2.74453816754033 5.60145395173055 3.45356892379343 
2.61128465273262 6.03601057657072 3.30369915430902 
6.25468217463943 4.124939367022 0.456807574749352 
1.2712006868526 2.23177087539763 1.13470869045941 
1.59078810417029 2.61987894941284 2.0410828780916 
5.08262474318509 3.0599864282202 1.55820934188131 
5.31426192185487 2.98654274450503 1.82963972462349 
2.6799332906432 3.64206142346277 3.80518682267619 
2.35739805869269 3.79317425640813 4.23210910439893 
4.18121295943217 4.54229486559898 5.95451767650606 
4.07245409626983 4.39197458599004 5.71392903805244 
2.64427414380277 3.47099928866806 0.483688199350935 
2.3749249427266 4.91670771721452 0.356449889474673 
2.16464393952491 4.59273605587404 0.197227870379637 
2.95740528048995 3.695411134568 6.15520351102439 
2.91683177246688 4.12637380798979 6.36976860527501 
1.57367792943458 1.52726774043566 2.9135226901955 
1.79830670119205 1.25377599848813 3.36665615832869 
4.04365047597013 0.666954220442783 1.83906515585787 
4.76885673604107 3.66094245683256 1.82495629453819 
4.83805516976651 3.97617870372539 1.75177126424403 
5.31928495981482 6.43033329062284 2.08022042209745 
4.73487257032918 5.62166034134574 1.61920115070731 
4.98509037463746 5.89770788561838 1.36738965925524 
5.28227367752645 3.33271325345034 0.25053257457513 
2.62951563304562 5.9944022891501 4.21730952378263 
1.58312262011235 5.90776403539652 6.44620301511831 
1.48836169257917 6.24932997472718 6.50103418728184 
5.90929967440604 1.20589955643451 2.1895658702852 
1.14931764088108 1.08810589052122 2.96903227931994 
1.38971321858739 1.47872381280612 2.80268306917227 
2.25312709217632 2.93777249006019 6.10079013511836 
2.53897248162532 2.43278880076814 6.23923283456015 
0.594295802550985 4.38726287439541 5.79369626898034 
0.532206797558592 4.29678409594855 5.70226976800106 
3.35693434352162 3.74702473948233 0.310366758717074 
3.17225632520619 4.08010453919956 0.186046086540958 
4.36781279382914 2.05698730537967 3.11863348567474 
4.48904959306134 2.06464352429371 2.73892552595115 
2.53793087789327 6.01023499543137 3.21111603047053 
2.52080784614412 5.62530054884209 3.19616515520814 
5.88204808349458 3.34752443778514 1.93183305478924 
1.95551371237217 0.268146636913578 1.7244765260034 
1.64297426223422 5.51619877040199 4.24502936236986 
1.52582075859577 5.49344587804698 3.86522825486625 
6.77262018164323 2.93554698107502 5.15054343203112 
1.06410493718883 0.967509076924927 3.60764330383338 
0.124239047010071 2.98418857685522 4.97296631836829 
6.80042751578483 3.20964946671424 5.18135343109588 
6.7187146798094 3.30294329260343 5.61172383543778 
0.556750501721749 2.72657125299538 5.10079249659986 
2.65434011256395 5.93009996013505 5.0178720891536 
2.45792525073796 5.83083194526617 4.41409848510663 
2.92965261242576 2.60967967668748 4.21517096128355 
2.77016506935666 5.16108910730113 6.30948149196457 
3.50100159954966 6.39511958896393 5.34589190202046 
3.53753226960992 6.72052053032466 3.40907125295216 
4.35023886285991 2.42687696295208 2.27499160694382 
4.09999038950232 3.31372409325106 1.93468002528583 
4.23783948367601 3.58348138374438 2.13103746078897 
4.87161047173123 1.82845553199789 5.81411587439233 
2.24406047119208 1.25667157620816 4.9416001172103 
0.721612042581945 5.79493046710361 3.63596110518559 
6.24259440565631 0.0194383541479606 5.84526399429785 
0.189103830978746 1.61425474775254 4.04441869159332 
0.22401596423121 1.82388121589925 3.83040643622026 
3.14287417100259 2.94848271673781 6.62756981195637 
3.30996091807172 3.18217985798713 6.52274001046612 
3.21147218850955 5.12752161385549 6.5498025273178 
5.32225020875379 3.38123110984907 6.80624406400218 
2.92282591927457 0.990424304263002 4.09546842366695 
2.48898284183186 3.15745677922496 1.49476098024957 
3.61850313528443 2.07788727853561 3.85924677170234 
3.64509083138016 2.15680021999825 3.55878450623586 
2.47045886354911 3.55823476080486 6.09914813114981 
2.34802317812995 3.73828370915858 6.17415352840402 
6.17344228013328 1.20328275597162 1.44655977000397 
6.41994975463655 1.42821774900389 1.3054050335688 
3.03342046723664 2.78872851409225 4.47390881601425 
2.85926448021227 2.89916895624675 4.70768906534328 
1.54070257369134 4.99230328344437 1.41929234527011 
1.65047547404607 3.77007994869715 3.1439835464759 
1.53190153447507 3.60056325857587 2.73452090981115 
2.65154815979488 6.05068684614901 0.345171928107856 
3.18279798709718 6.04513597985508 0.433422197380704 
2.20647365799869 6.59808271828254 5.50056262176386 
4.67928190086375 0.696668474572906 2.79818253704301 
4.41736186161792 2.74894241472398 2.88346310288762 
4.53583137392805 2.40766764976601 2.58625798714142 
2.43427671288947 2.44397307158556 4.13440368411145 
5.68548313558843 2.61152081418468 5.88413035493528 
5.54849887976328 2.01956094308571 5.94781241382255 
2.35302871534856 0.385550665100983 3.86028606303647 
2.59396886221359 0.567880111272379 3.53407232387855 
1.1562085795471 2.66335341333847 2.28229776911234 
0.810397223500305 2.04955257707912 2.83192438508085 
0.814989232795313 2.17025923714746 2.42684268475685 
2.32491408727183 4.04070246210241 0.934528885890848 
2.34500193957121 4.69422806627964 3.74708524706529 
2.01781692173781 4.67436842067514 3.47171421771144 
5.58996819819567 4.14812727495364 3.90817969492015 
5.9987705284119 4.17313242790928 4.19250531039039 
6.05358254893118 3.74193529272817 4.91999550540417 
3.65535958461708 5.66043624922424 1.71396989362228 
3.88307462246161 5.92166088267152 1.77097895955213 
3.87339246720473 0.451374816386215 1.35918178247573 
1.88307797879682 5.05387598644067 3.37536384829623 
0.948407368293551 1.55377300397382 4.67065028349898 
2.08540526609928 3.31150886774786 0.961844138203012 
2.43601045565571 3.53901847176301 0.915785269585756 
6.27383915846304 1.0758733348828 1.84952280169806 
6.63437463088505 1.25980464777198 2.00241056614802 
0.408825956894714 1.85725136515963 1.66592307322047 
5.48375293600325 0.784811503359246 0.462040955408957 
5.1484283739395 2.52779000539337 2.04165999656762 
5.55756567787986 2.1527369173091 1.97068244496228 
2.77514132389445 4.24484296365239 3.91431189938568 
2.82034936073259 3.83691868035295 3.69899982261799 
2.35733151043535 1.1930737322499 6.12904554356373 
6.70147155326476 3.54887123524479 4.10102205394959 
6.78562279716945 3.75918363587803 3.93573622653867 
2.136419494168 0.424977961539093 3.81206161147435 
2.11148509767199 4.89983288777528 4.71607272980155 
2.08797825290308 4.57201427830488 4.68832230509003 
5.82162696709804 3.84419661386544 6.29181229272448 
5.93439420031137 3.7689692677243 6.30151737566068 
2.1237313287228 3.41945686448372 6.67617883448515 
2.115558110383 3.66466985618253 6.61136671682566 
2.01330813804894 3.01232888611355 0.481918267207378 
2.41651305260043 3.18385329513718 0.233742559310485 
3.63194730656855 3.0683469674553 3.00291999668259 
4.00861359525604 2.85124412800354 2.31861651406501 
4.08954925248575 3.01264091166207 2.70738864595233 
0.0807009311628577 2.83921975101585 2.83513911134395 
0.179266279025345 3.00562315590893 3.16284395757312 
2.14509084040391 3.05773780870262 1.3989992592246 
2.11086162325892 2.62928102274044 1.37759545582194 
3.36548930750867 2.91214098818583 2.80709147937877 
3.23507082823834 2.66401372909617 3.15332373375803 
6.84105181884462 5.75528825218242 3.91477795525068 
6.68411821112129 6.363783662802 3.82973874138705 
3.41353823280545 6.07216915726224 5.80647158337695 
6.11393577872543 3.58326233835469 4.73061969255414 
6.53051612852311 3.55965632036824 4.96348562448117 
5.24688041109032 4.45325775170888 4.04405222942457 
5.27179247259776 5.50389410581852 2.77002440675169 
1.78863582740596 2.88496229311394 2.44719430544459 
2.26863073116394 6.66647150757428 5.8327806419529 
3.84741559332061 5.72014993839591 4.54665658593934 
3.50351302254644 6.21144138558637 4.76030369327106 
4.68056106344431 4.35993399247737 3.02166892375012 
2.01427075862251 4.44856270267384 0.235860374427392 
5.80566337936757 0.198284247873738 5.24967098447336 
4.48260925319559 4.23646713283121 3.95781800747609 
0.291496315295742 2.41931972488662 1.53822861461401 
0.276517251911642 2.07665211842405 1.78283869539429 
0.625008159213055 4.89596123015803 5.69906774235443 
0.483040355730348 5.10780837870445 5.4233212020988 
0.329214622901527 0.682175540135984 1.94994504872862 
5.16881175044491 4.60314242270281 4.6264884128652 
5.38820037473901 4.6876579526985 4.39819347273601 
5.67908384348558 2.95369290614543 1.68880132812885 
5.75868199052467 2.95613208451088 1.29602697372734 
3.09912475591718 6.38290150077523 4.48932914136929 
3.04416777949965 6.30412749320091 4.91351098297183 
5.30400668812605 0.457809913764532 5.62259304612836 
2.00815622174003 5.2702796571165 3.48611676296315 
0.496498958065372 5.8928929640738 2.11835327590578 
1.12730180100288 1.15095884332297 4.87439975784434 
1.36133906510526 0.926052050804698 4.56174914866905 
5.40901175458523 6.72756405637902 2.87408212548865 
0.616631780179801 0.489141821331361 2.40104979354901 
0.501623624681068 5.1825491096288 4.79076783955447 
3.15351414818728 6.66348370758713 1.29219323710915 
6.31580380298227 6.22582914900395 3.60919717619827 
5.99564725188546 6.11138382465759 0.258259811187866 
4.97596992303494 0.945053257787805 3.20212645883299 
4.92938273596797 0.867067205861394 2.81777615026882 
5.84885322065217 0.723384540492031 3.0767031654609 
5.48290291014423 0.852387792698051 3.41747325887659 
2.8085053787446 4.00651843090739 2.84981165242313 
2.62358254888369 3.99788469333963 3.19052044322447 
3.52370845179398 5.78334145332656 3.374850246555 
3.69133772535039 5.88840040680987 3.64354187137345 
2.22422413865709 0.695595791602181 3.27362345666893 
2.21530593152603 0.386511461772731 2.80070587413318 
0.185951964793531 3.12441210325576 2.45994983565851 
0.283227612675503 0.495308708575505 4.31667521317478 
0.464333007084064 0.703825360590315 4.93907168518331 
0.164489718445625 3.89152227530426 4.05695036396496 
2.01762372156506 0.640744604988739 3.41873506167537 
4.84978053479287 5.56621548305109 2.59354711920195 
0.51345875566053 2.28931290350003 1.1854719040997 
0.587827385842254 2.00405575631686 1.22645842627812 
2.12811097546347 1.77741940596331 5.99725928669788 
2.0604591001576 1.46888962068492 6.21299612364616 
4.56859563135056 0.700389660240554 3.31333523063579 
4.48308534509619 0.626631497198132 3.13778963929927 
0.362946854575393 5.24764406980287 5.65023344529568 
0.47777929547517 5.06944355534194 5.87564428294121 
0.916181121251584 3.8547124918263 0.443528873122922 
1.3786961788277 3.72274426713196 0.464377525125706 
4.61707326207888 5.204519688414 6.07543939001603 
0.664394422742684 2.54000892054313 4.80120560793886 
4.92230732211807 6.12847164751741 4.93377429346356 
2.56564761838057 4.31963020122443 3.19540871451621 
2.74957520003581 4.36538821415406 2.85968436987124 
1.51678345931222 5.7721230423766 1.54365523143874 
1.68146591265702 5.48430528243487 1.93466768974558 
5.75219899940956 6.99813349005627 5.14938379332885 
2.49638682370144 5.42151965819599 4.3052216064766 
2.77288353910893 5.34927450501069 3.84792388155251 
1.30410625779951 2.62008936612072 6.08844543689609 
1.05797477321459 2.8583644581266 5.95974550529388 
5.38589151067657 6.30039850446922 6.12946438596105 
4.32804444375534 5.63431435574915 5.58584453521441 
4.71293970580114 5.46690211992944 5.86364052072339 
6.00800271891212 3.89398307326814 6.31671499247498 
5.87952727294802 3.95304516795202 6.30598336203735 
6.67275716751911 2.74615531677741 2.94417332174473 
6.8058626804028 2.94092077900121 3.3135864296245 
3.08285496654061 5.75256728213916 5.22174971462705 
3.2375931503417 6.86454646256864 1.46773177066141 
3.5654506385756 6.7837087896854 1.69541848552347 
6.72881715668204 4.76446891358674 6.24909272390654 
0.438028485799812 4.90494109700307 4.1232118091706 
5.51340527562169 1.1870783775794 3.55382958174541 
6.94034860924887 5.68807045464623 4.62141137453662 
6.87230992814476 5.56924829638204 4.17034451156069 
6.07060318393109 6.02932380919233 6.84035493518266 
6.17925056063883 6.50058706885838 6.6621663819048 
3.3368345990571 4.64616782332223 0.428368942145741 
0.319313036710283 5.5256540985534 4.5532104653809 
0.253553533133934 5.43468874976054 4.19384133885615 
6.051840008543 1.43476441613481 2.47025243259565 
4.6020996699307 0.384352536470595 3.51083559432061 
5.71095589212671 6.82184444879553 3.51813878497295 
5.78659448965357 6.83874411955719 3.03996015349481 
3.79495502557076 6.23976940139265 1.49413531725632 
3.53186692632029 6.14841703803248 1.27730217813793 
4.69552006504053 4.64676336752297 3.47969358023514 
4.38199312231835 4.99108233467725 3.46307218877121 
4.97677209953532 5.99126749128448 6.35936670200522 
5.34706547136004 6.01150509592967 6.21945974620919 
2.35852252068919 0.473397044576395 4.16134127776723 
2.27739913040148 1.20864819938827 4.58689517135068 
2.6524972940965 0.793495224997094 4.35126523472508 
1.37310688484876 5.83472686470609 3.8382047466666 
1.52115185592321 6.09745089994982 3.55207756003911 
3.61052165484612 4.65405311879986 3.87370036237926 
3.6985894641725 4.2771714269877 4.02418939723951 
0.589233819383347 6.33417374939937 4.8498478435903 
2.37197607247561 5.1443257182582 3.82218011090846 
2.2602690680178 5.27746728049135 4.23885260616717 
0.73932439718238 3.5647968613926 5.3225109517413 
1.1917009038059 0.997460219166172 5.81004006262202 
1.03925657422774 4.76949004080639 4.40390740621938 
0.582724258489271 4.82679737029435 4.48012945874277 
0.786131778851273 5.1868975202674 3.24554102139976 
0.490771187496896 4.75338395005711 3.10721030826562 
6.05607286921346 6.62250789633302 0.366004434844715 
2.88001507046007 4.61273854299168 0.666422586422363 
3.24771249656346 4.49143987466498 0.510758197142427 
0.687912327481918 6.44412711147224 5.18194606658968 
2.68912749346825 2.24603202910259 1.252339806685 
3.02042411343866 2.63580059240148 1.29696093602538 
1.40947274479603 5.98322198442645 4.16900076419097 
4.67268871682471 0.338353598568399 4.3150735496651 
4.38764871343691 0.407620868956993 3.90829717895697 
1.37417778076619 6.81483782588363 1.71173777089293 
0.927181301899696 6.59656447525675 1.68724696456872 
3.15637525233784 4.89209431011907 0.466365844952164 
2.85972937520373 4.78002350202569 0.639387292647371 
4.433256796893 6.01308866021341 5.04166406069463 
4.4407856727934 5.64568230720923 5.13390153739242 
1.02192645063788 6.28641134402433 1.45649885370501 
1.44636553302221 6.44141726754129 1.42826243919543 
1.56098854273481 5.80916159663539 4.3609147024673 
1.87568071537281 6.05643752484356 4.47475643323233 
3.61200059196938 2.9519951182509 3.27167730142997 
3.34188644829501 2.7101836506987 3.31926812550786 
1.08768402783235 3.26846071640797 5.2824578686477 
1.34313642778796 3.5304182999116 4.96828647479659 
4.03913388138188 1.19224959789627 3.53289050344216 
3.997791555126 1.0857300828278 3.81665675990301 
2.40418907873637 2.49810199354525 1.50226923045862 
2.66700828232771 2.8180003469726 1.56742619274843 
0.122099377525804 1.38316765196117 5.83299781511822 
0.385975900098654 1.32233018931547 6.09086884379319 
0.966896549246909 3.20705054699943 0.880868744530914 
6.75097455742856 6.15449250907239 6.24360891234377 
6.59393430261887 6.50724473157439 6.32128810155302 
0.912742549008576 2.75768314600071 0.734329670416121 
0.90834323321065 2.53926607103652 1.11892478202859 
2.98417840360429 0.477198353254234 4.70756720707535 
0.121341679147712 1.18214239251966 5.78998357335177 
0.376372505075528 1.10170001973725 6.02940056021042 
3.4800407902166 6.21200577259013 2.51632188533437 
3.32642116944853 5.25005762816127 5.01499538785313 
3.42938949909489 5.09408392928431 5.25912786573062 
4.33923576334251 6.12495619983889 3.64961567752307 
4.48556177451359 6.04222526483798 3.92299575812687 
5.10635906028657 4.3606046536777 2.88338101708182 
5.2441119003081 3.98912810463639 2.86984172442872 
3.95540661786121 5.31651619238249 5.71890918637162 
4.13671551568037 5.06985734224022 6.01937993907435 
4.11500788498 4.4380597449472 4.16998060146869 
4.00326919494649 4.82624747407448 3.99537805642308 
5.94579293493316 1.39344424019486 5.60878097071614 
6.19432442878628 1.36436933564269 5.85517654929886 
5.32871503211167 2.67329068164996 6.50644491262425 
5.10638048527757 2.87395755713136 6.64079174421528 
6.03582332361994 1.38514803669276 6.00484385804729 
5.8097814834394 1.40789123789989 5.79570892232632 
1.2178125414644 1.20561155064863 5.92822276481516 
1.41391800188506 1.13065701750782 6.13961829387229 
3.14588758033847 5.76244687245346 5.70127320405703 
3.30117666811148 5.47730449048323 5.81286221284425 
1.31693063799185 0.838884958144834 5.88499486692758 
1.44006166821854 0.887527586779037 6.07759014801439 
1.61985879135487 1.31448360865968 3.96702507876068 
6.59022991039429 4.16571765468571 6.17832090596423 
3.54043524911128 0.666541558672297 4.89688184304991 
3.34534589425616 0.540361184990587 4.59658538373375 
1.3020611902547 1.7845640713629 4.07754315147484 
1.68136324391527 1.53105185134592 3.95076224933897 
1.18463098452031 6.08079162388581 2.75164838954045 
6.76008338695979 2.70195900970843 5.89685646202594 
6.85997141999351 2.51685612777604 5.60028876423632 
6.74543699334475 4.83523851700131 2.05916421959072 
4.29894197519646 1.08860667354071 3.59633336441472 
4.22317852352601 1.01222935890887 3.83112901481824 
2.06234330429873 2.69540880166656 2.56342739094872 
2.10725456414811 2.37425180557014 3.02071462875366 
2.07509597863173 2.3592562934398 2.28108989772343 
2.10894454919203 2.04946604133207 2.56756656403537 
6.67036374975526 2.73173525200124 5.42737817035638 
6.5998456463543 2.89370972164727 5.70207301719344 
1.93201751655768 5.6100494467888 2.06900702371922 
3.5018175180227 2.09345046919593 3.86175551629661 
3.06340425429605 1.67262664945761 4.20782330654486 
6.67524799461372 3.05852266665524 1.01906453026456 
1.85710959231585 6.20704609068554 4.38892443884983 
1.54511958243818 6.21462555281603 4.15520574450511 
1.50738540179364 1.06501374511254 2.15118643689141 
1.50234814840224 1.48289680944426 2.58715155839372 
2.34981949386256 1.80837502645741 3.71490810363344 
2.73516346600342 1.57621570886298 3.61938218810785 
3.65628967296357 1.98105485042745 2.34317642486634 
4.87392990197565 5.16070381078365 4.77410977625288 
1.1489186514521 1.58595934242598 4.12726318116443 
1.34791226999748 1.27643299964955 4.0490129198856 
1.02913806207879 5.74443945534076 2.62542792742233 
0.629932444882543 5.68791826157525 2.98654108421258 
5.30722324433473 5.59355514703237 4.71600003618984 
5.15346793163681 5.30187838111898 4.50077974259901 
5.17605627156755 6.81163444306226 5.17661510747822 
5.09281312094646 6.52930562203457 5.33118416292985 
2.86786225547959 6.29097370556617 3.12736180931567 
3.32965659679213 6.24389336550782 3.12251845647817 
2.37382210919714 5.42300967306055 2.00319562528436 
5.88864922453002 1.1509172505942 5.25095327511083 
6.24455633131644 0.739568315220732 5.07960725348438 
4.75730793658787 6.63527139326995 5.60021264194084 
3.95988227395685 1.75923008385896 2.57724787361013 
4.25390153170301 1.88526891559153 2.4735852718493 
3.15563793353733 2.34966991283536 4.27867429357556 
2.97027981121093 1.78303005819197 4.33269210997976 
5.66613393605666 2.1837359677671 3.28477118090347 
6.55192487876172 2.42311156269267 2.93899097752201 
4.23363258586988 5.68746598574011 3.88094652540835 
4.13904355076867 5.80378327582885 3.63471074291125 
4.00281436967472 4.94986074212431 1.76057328580298 
4.31211428787503 4.87304305609031 1.88209160557345 
0.180637448637396 2.43824469169466 3.99317732166199 
1.27161826729047 1.33561998412638 1.78236310610967 
0.622648111907774 2.63842713184421 3.82528890720366 
0.687557306627793 2.83629834778322 4.15908130031903 
4.81787221167476 2.29003066631036 3.7999201256809 
4.95638995988877 5.42183398277237 5.04483205815685 
5.18804385176499 5.63196761759386 4.95356122766296 
5.84567180382749 0.496880927278907 5.03568285154562 
5.5616522642296 0.84971188469598 5.18419227247622 
6.19441662787905 0.718975565266405 6.3873752748997 
4.19535029820153 2.14793018751495 2.20056092678096 
3.85005907525843 2.2030623912937 2.14664987525279 
6.45919997191225 1.92355816991527 4.74524493308225 
2.86718410185788 1.56468030111083 4.11628613717975 
6.13081652223689 3.59911423471855 1.46048787450885 
6.06887145731971 3.30789834039108 1.13904856105237 
1.39789579068056 2.90701179423813 2.6665351522502 
1.32433136625076 2.72417173640809 3.18939236256915 
0.46332041892292 0.808136028650061 1.74245634505593 
0.46118359134104 0.657783191890945 1.32291400107328 
6.22940490755235 1.65885189641625 4.63717747687403 
6.43651469367496 1.4398673172596 4.57071670334299 
0.82394502704714 0.79325244600888 1.70871417605536 
0.759736050427386 0.638368820421316 1.331818738461 
3.55003186771514 2.59457431577787 0.58852912347262 
3.1996589218919 2.73458390369637 0.71947975343255 
4.2885512583685 4.56045025810838 1.79131985397862 
4.00730494183861 4.59366234183595 1.67810020591997 
1.27737449873962 5.17670129450596 3.72923275489639 
1.05651707534144 4.80192273921796 3.98889238957789 
3.01637871343769 3.0043765543619 2.28372506748387 
3.03594759551856 3.05368274158403 2.20059498313144 
2.19610331359477 4.46920835363276 0.213583294129405 
5.54767856250155 0.432223194687472 3.77925521936165 
0.404875622486939 4.63281249494804 3.23325063540694 
0.509617286720931 4.62691888403357 3.67846192785235 
6.2827664318999 5.90376603873819 3.00422061397322 
2.56772107124216 6.24757918846875 6.10680535493644 
3.228227946113 2.84235839306599 0.956932470896429 
0.839441464329706 5.23296144946093 3.57993863788057 
0.691593509752241 4.86715266160381 3.85920049113792 
2.34238094715261 5.91430275974789 6.3994152599892 
2.40385638253173 6.15999872481358 6.3972234028908 
1.62340832076273 1.87349432507229 5.58542771421824 
1.34131952972678 1.65865347955658 5.56769866731285 
5.00381031206408 0.200107116653144 4.24773951514615 
5.13439499024455 0.177061739111801 3.80113794678151 
6.75978979866125 5.41562766570031 3.05165212569417 
6.56851895678318 5.70102613017566 2.8121662661783 
5.07396087892683 1.06763781073093 0.849554435444712 
5.28426173104857 0.765208577307412 0.744951163652021 
1.20379261714525 3.24834709005903 3.18622110963913 
1.26395999010882 3.31164267710073 2.79021046960537 
5.18505401849555 1.05815012586461 1.13364305200795 
5.39308115702318 0.75417238748902 1.00616914451012 
1.67302181850813 1.85073299005714 5.3135659000092 
1.38565935264434 1.62875751126001 5.30911682146276 
0.723948822954718 6.03342242938927 3.26037911701643 
1.02301855613105 6.20526467829929 3.16213038130329 
2.51806552010069 4.30340514078134 0.465010151916553 
2.67082387135316 4.05622654026865 0.230493380793521 
0.664942792896834 4.22809679473497 3.49449311340384 
0.514731064538288 4.38027457246912 3.1514331738693 
5.21004621056945 2.40260239841648 4.27316003179716 
5.66279868372065 2.47269521694365 4.03313841565195 
6.54267498322086 0.185154764405979 5.83881838399659 
6.00215347124706 1.45264516337278 3.99449876311376 
5.42309539875893 2.5258582563997 3.65058555422844 
4.9956462503309 2.48118584200285 3.85028327759897 
6.37199758751568 1.24616052554524 4.17331442720422 
6.67788000167006 1.26780903503439 3.87607060408213 
4.75296979952115 4.14418238495859 4.20818797520588 
4.72116478709075 4.17305157216862 4.34959293310283 
1.45780319705317 0.335180488376275 3.18810438392713 
4.60131601345535 2.26042788229932 1.21804481633164 
5.70835522890599 4.51507875406822 2.09782522632946 
1.70662562485586 4.86636404303481 1.30384693283466 
2.62067297016036 5.84136927117053 5.86245294001557 
2.4941135075531 5.67543938315992 6.02007037277335 
6.5869575127521 0.617641044393164 6.07848394353589 
4.50481990631931 1.7910484682509 0.463538345292193 
4.83257283153968 2.1531851490739 0.934372608330858 
5.17807746509922 2.82648746692503 2.64550510811368 
2.10451840566629 6.11518738813739 1.11489555766678 
1.76432942842474 6.06738813419689 1.50205571532887 
6.25696003626835 4.51344695802343 2.31377574923995 
1.65843022247563 4.67489711395985 0.552234249865058 
1.80466654342865 5.0573368402838 0.843420561851694 
1.90418301906342 0.149963735875246 2.8516556909097 
1.74565114211134 0.275089425572212 3.23128311238868 
4.70140839508731 3.3837379716786 2.80631559102795 
4.77950936609265 3.01263823578323 2.93279588233974 
2.05896579127191 6.04307423644621 1.87300698050493 
1.39927791641638 6.80969265354757 2.28181451464998 
1.06793569795187 6.65761152837391 2.3945095254365 
6.41562684901538 3.72177170789933 5.12236530704361 
6.58180804462169 4.22637126268793 5.23438275735148 
5.57153556885726 5.01222489382671 2.52127098294914 
5.45040847998201 4.89040505346938 2.35409437566263 
5.49936342503524 5.22852659902144 2.44121981751273 
5.79798904090321 4.52613735332564 1.58176502314117 
6.51188963405477 1.52018052648652 2.39668558386589 
6.60258760836022 1.90352331883086 2.34976363323611 
6.8612342111206 2.03662539547349 2.71155152683915 
4.81911335304975 1.49008921051245 3.55089353006728 
0.18328281069907 2.82708923639841 4.44271435901993 
0.346004385632035 2.69444272841958 4.38642468306542 
0.145003491026451 2.49077314751665 4.24564807911798 
6.02525245592046 4.00540253882789 1.27842576020317 
5.68126178010635 4.25173059911175 1.46775008467361 
4.82962245431117 1.79651711449471 3.38797322862909 
6.47961658880923 3.55282235175059 5.62438271778513 
6.64580964636533 3.98657531924314 5.83896471995532 
5.02736346884331 1.38911513584647 3.38686106686668 
5.19579987976707 3.9005453744389 5.45990932301572 
4.83932010318105 3.89060792887914 5.64782361687557 
4.9689993152667 3.70276590102329 5.82599594838782 
5.28249348001139 3.71419657064819 5.65344746518733 
6.71126316280396 3.63292484641838 1.68261920804803 
0.836993647769027 3.93377913170039 5.10845648259877 
1.1362587176035 3.94479300893463 4.94250942505494 
1.05680608141843 4.01417858295599 4.69328162459642 
0.668571345527376 4.04317373304082 4.7834457999425 
1.92059154885844 0.985192794249758 4.38178902954703 
2.1069855585809 0.540926298515377 4.1694435376058 
1.65849424234998 0.848451313928183 4.64055220359781 
1.61063530359624 5.38103696228549 0.829598659244419 
6.57595945664415 4.54099619917977 1.99718413322308 
3.95154287084964 1.64088700513889 0.824335277758723 
0.8934913457627 5.50690240975843 1.09180403742911 
1.4348835877265 5.40785488256334 1.19406631588289 
6.49991640081918 4.27668554115918 1.37391106935478 
6.41343309782573 4.54387441440021 1.54570991325218 
4.12387685925678 2.11280209787489 1.16494421935303 
4.02793080670674 1.83116815095582 0.767776091638549 
1.69046561412321 4.20205225243075 0.706080729284537 
1.55639699385776 4.37581381352487 0.766410739529939 
1.55517902380313 4.42059621638439 1.13396093156325 
4.05126834171933 1.94729920957525 1.41086880701842 
3.93284323055439 1.59831263026806 1.25585192459767 
6.8344773104271 3.92758310890673 1.65764540867456 
6.88634599429299 4.10051515516895 2.0333243063159 
1.71852633083205 4.22576052306342 1.24209790589028 
1.83949093272452 4.06188784315427 0.971705375102423 
6.51843324755161 2.17444110074765 3.44831816459396 
6.06678690947468 2.03715491152741 3.60219321774474 
5.54008887058948 1.46876878727432 2.08150810014336 
5.03017751690828 1.32260056709544 1.74497458771591 
5.25744077761209 1.26408509045147 2.11216189860662 
1.32806838853469 4.36413133059476 2.72558317052504 
0.749653996563225 4.79581047701257 0.11387995274504 
3.44491491700749 0.441106419091772 5.56275095027116 
6.18944711995216 1.96039335695609 1.13735566611716 
6.33061621136788 2.25480552379497 1.31547979646293 
5.51342464627178 1.8757513034612 3.13935324042084 
5.03763747898298 1.7011133155968 3.21575149013292 
0.639984349559394 4.46406649245698 2.96864359268061 
0.614420028821164 4.21901867701721 2.4200804907668 
6.02022587914598 2.34032522313354 1.37621695915821 
5.92542543959698 2.03419463035881 1.19295598288918 
1.38162266473943 3.91209887233558 2.45485310152417 
0.961356298210155 3.82704053369728 2.28904653966557 
1.31466550640833 4.32697587667282 2.60466362992241 
0.726975731633229 4.20517150976788 2.35766056175784 
6.74835564533384 4.68630776470916 0.461342101231246 
5.47647773531481 1.95560190748275 2.69199908815825 
4.97804443559188 1.76428914784212 2.8054039546565 
6.80833165543604 4.38092433420066 0.974136777696761 
6.6410613768512 4.29620501157905 0.557718444718162 
3.30825876034967 0.683471091470787 5.23167763273017 
2.96870712090085 0.572814146338078 5.13293371764832 
4.45289331565031 3.25705410412771 1.55342958637727 
1.1810109263878 3.65286163641666 4.30253922593346 
1.27161447127709 3.81234227222814 3.66852278192349 
1.42866032295337 3.8064618711474 4.02917083969959 
4.75334370693025 2.83237201822478 1.53387053617272 
4.65716597019195 2.58855997329236 1.17133560653613 
0.796329444099623 3.61765450473432 3.69197600917258 
0.756175841165463 3.50474910281846 4.07174092826944 
6.08799633477481 1.58780441771279 3.63056679515689 
6.41856856903612 4.68433615848869 3.09350625535712 
6.07584894280706 1.19040231561668 3.07086730293462 
5.82990397085688 1.43939822892404 3.37024934977032 
6.76256495667322 5.11936771615638 2.95072589361981 
6.62217206855413 4.84639957072973 3.18730442162892 
3.91592070781266 3.29918903263002 1.32476984123202 
4.23079664625884 2.95231580932851 0.999470810459509 
4.20276716648233 3.28099241777044 1.22099951863972 
6.45856144373 5.04919673421014 2.50085207567727 
6.25006003243806 4.83727368900057 2.57064876182761 
4.66455585280654 1.23867460264977 6.01404962210584 
5.07747506795977 2.80496350924311 0.267692264618043 
4.86344400132327 2.73296062262622 0.34861311892869 
3.81720262687392 2.68929335856542 1.01164230274045 
3.63990902168924 2.80488899350955 1.15982774084079 
4.43258806867047 1.11211977770415 5.7810446390619 
6.75419902971595 1.78108595528495 3.42864154430611 
3.32920588179909 1.40029729888063 6.61892238810684 
3.45524906451973 1.7432947822758 6.52060606464196 
4.56885676773724 1.68278898908569 6.10235672612881 
1.2537928903102 2.34898232688429 3.39956991298255 
1.65287491334757 1.92436619743862 3.27581016005493 
4.60864213807493 1.5249304618074 5.94545464903759 
6.47207682060794 1.19739063931575 3.17186758971612 
6.50777345387556 1.45802046658623 3.5258034139851 
6.75371820589234 1.38250408107895 2.77258582685022 
6.94065443456062 1.72877295986254 2.94212939669606 
1.99981647519701 2.34781228388788 3.18205298403637 
1.48292914491495 2.60792884119418 3.33989455289625 
5.96816292545583 0.409847202101429 4.26828825627296 
5.7409106761508 0.322473028562726 4.59450519064203 
1.11036957506614 0.522629102429787 2.43693392299974 
1.23897237395201 0.58817561302924 2.1985037212376 
1.46801834769033 0.339630641918821 2.18020961748801 
5.62960212724712 0.56347373363342 4.09304758978934 
5.42337939848276 0.494137102377696 4.35072683973365 
6.43782951052769 2.99533465015694 2.31884659785771 
6.23013877192947 3.3208972286318 2.24562127765646 
4.44153577823568 1.40397037841029 5.28732684373935 
6.13869723428151 0.429427529565938 1.9814948418872 
6.30643869695934 0.568132028988559 1.8317795394029 
1.25639830708749 0.223677001625918 2.55599657791199 
1.4312648716582 0.160460458023678 2.428320796692 
3.75301316594723 1.59726595757751 5.26768840392502 
4.10660185598397 1.52818462874664 5.05865822590607 
3.79140361303998 1.50260674209646 5.64801636739196 
4.35784822549423 1.33783515481881 5.69467868410126 
6.66747836351731 3.50820999455157 2.12292971455936 
5.26072168035648 2.55971842485626 6.16612306959791 
5.24045075080876 2.12950787149975 6.16151100603982 
4.82583983981299 1.93492563573722 5.93979835674885 
2.9213638613862 6.19494794024946 2.48728805751859 
2.73646364570603 6.25696249296173 2.91983301675042 
2.56033015260012 6.53404752816211 2.69379886311283 
2.72399018425162 6.45547470491347 2.35941734830581 
6.54295349842551 0.486684783369859 3.26630902714501 
6.67857667396419 0.706677258627586 3.27343708010097 
0.905005207640703 1.89400314261899 2.33096189039427 
0.727861509125744 1.68107155723213 1.93718726041266 
4.87610909317931 3.01297532815477 5.714869491154 
4.4986704867128 2.72264058465384 5.36021417628304 
4.01075450572966 0.698611713254163 5.97807629334826 
4.86869984299377 2.76112034215758 6.02968182008453 
4.58362949417204 2.44968195958743 5.86698580480517 
4.06850687658564 0.316957342040826 5.78724469993419 
1.23851193267391 1.82386175974064 2.17620402129592 
1.16459372505708 1.64534488758225 1.85150481754531 
4.35200965413833 3.76983285504551 3.67251048608845 
0.793311345295673 3.33100810124478 1.53081660196127 
0.722369787769391 2.99229964972105 1.73682377820534 
4.4932719227615 3.81286754367954 3.12491892255189 
4.76678427804695 3.58952672936572 3.04099826341262 
1.00228801902244 3.19714053916494 1.36757386642831 
0.986374396781638 2.91996526316244 1.48748286042909 
4.54993376141586 3.17720618955339 3.99851500938727 
4.65667950269518 3.42639649933145 3.87099443318189 
4.94348532965761 3.30564299489969 3.48022582151108 
4.94657518893894 3.03708214899608 3.41428515211139 
4.72706305790831 2.79390019604993 3.7176831219169 
0.0504914338139527 3.57374819206845 4.67995829648616 
0.302605274922196 3.88308498893838 4.57733399536737 
0.0843877038411701 3.5059499647364 4.39257904794381 
0.281079444055613 3.72263616773438 4.29487227008062 
3.53596388658125 3.50999968430156 3.53502695888139 
3.27674686393499 3.58649257751261 3.75846644342003 
3.69105982472965 3.60405357685781 3.71415049221473 
3.51919014173403 3.66855262471142 3.90691853790707 
5.42961355002641 3.7880943949544 2.17545588097741 
5.66930534628828 3.44910051239468 2.14256398423936 
5.16696544552619 3.5225878752659 2.18058427572112 
5.34529458244795 3.27431813042749 2.15244982416848 
3.22433734119867 0.703426928667811 3.469373600439 
3.19080229312643 0.349897617350952 3.30545881856817 
2.90531390460133 0.0913885561237981 5.93498713292592 
3.14097456673488 0.131020209110202 5.62550723872793 
2.83005362968377 0.183292952711575 5.35458793262709 
3.36039899458432 0.900224738854502 3.18469856442431 
3.41513485850774 0.580051950921891 2.87969521148159 
2.49139585026471 1.34285142898353 2.38683896205222 
2.55891144981773 1.73397650055952 2.37051999908823 
2.77416312548829 1.36973461217931 2.51206597599388 
2.79571238663196 1.69206076726609 2.47815197474419 
2.73503896828306 5.83461875657727 1.56661168560133 
2.62224354080147 5.80764924752196 1.84550087468664 
2.4685781956632 6.05250554152366 1.79695605298014 
2.55817980277013 6.07710288637187 1.56410147283887 
5.26273257404575 1.62061335682453 1.57275637424143 
5.45527799179256 1.66772663560361 1.67717661534946 
5.36616267393695 1.57202120124822 1.38221610188241 
5.5687268663272 1.62009152573843 1.47585672384565 
4.54275370078797 6.26639948713123 6.08760639988948 
4.77613061484706 6.60083947566936 5.90549385656863 
5.13593490371829 6.42116684383414 6.21096489789226 
4.92169052320336 6.10608620703156 6.37035484960425 
4.37761044209944 0.867349451568237 6.63822113455458 
4.06545876209005 0.635708504029202 6.40877920885924 
2.23327926566581 0.721262866091029 5.55244699032026 
2.1539843761482 0.815988199484953 5.98840623681236 
2.25822668357303 0.569853202992106 6.16512081485647 
2.52614480425583 0.184543641560623 5.51530378880686 
2.53488986028631 0.119325877858191 5.79097942817143 
2.66691542889227 1.45839181172591 5.80550390084272 
2.60270076526562 1.65180927349946 5.19680725286321 
2.72416119752399 1.34043629494946 5.42762824481177 
4.17262223283623 2.38940901009473 6.09586645945332 
3.70244390827334 2.41663869160685 5.80292373343308 
2.85396017426535 2.55288680045915 5.38140522071791 
2.79047718113853 2.27292412743368 5.97011628932803 
4.09478914474774 1.95299252996552 6.20567385687852 
3.73992681660086 1.8984170368392 5.98920742609648 
2.50763845332987 1.81858010063222 5.31690841857853 
2.52740757667744 1.75773070047809 5.76847324535292 
2.17578782028411 1.76050657480171 4.32476847636795 
2.35526289875732 1.53809246220117 4.53602327607162 
2.72939331175355 1.68354449320831 4.25334027111138 
2.41866557255572 1.87814839521939 4.12062286273371 
5.42369313718545 1.39427557105735 0.331575831860608 
5.54241938714187 1.1383595634791 0.25541890242525 
4.98238147972843 6.27089830353717 3.30905364996132 
5.15392118433946 6.19230408991618 3.78372068302436 
5.28098884975075 6.72042241486272 3.57161692819494 
5.10524106176 6.64632515712553 3.2564990132701 
6.44865599735598 5.63344405466407 3.77132829316053 
6.22533271871271 5.87344054778897 3.67087183052602 
6.19060026444139 5.73275947772623 3.51003084562109 
6.37955133505621 5.53803959309779 3.59180783292786 
6.5730994754102 4.82815899602665 1.40700058525674 
6.46835494969604 5.24055316913463 0.655492974603617 
6.56936232933966 5.21806668802301 0.751849576409839 
6.39346264918151 5.14858237609817 1.26588096081994 
5.86164106567354 5.62965442820662 0.819885149834433 
6.04965174499763 5.18525313594681 1.22965291853266 
6.024713966574 5.26187345153324 0.851340886203785 
1.114023738012 5.55706572579621 0.521406085298206 
0.827699079857835 5.59409617430024 0.836187226320993 
5.70895178339833 5.79709656963213 1.42040649173908 
5.79862369536277 5.5993293556421 1.57644798014751 
0.618969264859572 5.42901937088109 0.593554051081246 
0.89488506012603 5.40742083047517 0.311866332806288 
6.25754916140003 6.65384881707093 0.54971038693481 
6.39979769054556 6.37570107657208 0.703001174402555 
6.22768908109552 6.73260511732989 0.89443024739043 
6.34954480885659 6.47510266107231 0.974888062773766 
5.39727018879836 5.22005770173619 1.81508754454607 
5.36377550818698 5.12840303387554 2.26151593773567 
0.420675970289889 4.90012600208356 0.626646483647409 
0.441007937406417 4.67681124167716 0.993276297275031 
4.86300160937944 5.34981321761664 1.78267381111122 
4.88255765962699 5.25860752244888 2.20622118039229 
6.84337448921214 4.7978100071315 0.665071725461803 
6.87603349141584 4.6058685898674 0.974626747937874 
POLYGONS 1640 10047
5 3 2 5 1290 516 
4 4 3 516 1140 
5 891 1141 0 1155 1156 
6 1140 1141 891 1213 1290 516 
5 1 573 1202 1044 1043 
5 5 573 1 1213 1290 
5 1 1043 1156 891 1213 
5 634 1017 1044 1202 1203 
4 864 865 634 1203 
6 2 5 573 1202 1203 864 
6 3 2 864 865 591 4 
5 4 591 0 1141 1140 
6 0 591 865 634 1017 1155 
5 856 857 1309 958 1060 
6 958 1046 1444 1443 1308 1309 
6 8 1170 1547 1569 1602 1601 
6 7 6 1020 1226 1547 1170 
5 6 1020 1102 1586 1585 
6 10 9 11 1204 1205 607 
6 13 12 883 1204 11 850 
5 14 627 1263 1264 775 
5 14 15 579 885 627 
5 774 775 1264 1004 595 
5 17 16 774 595 488 
5 16 15 14 775 774 
6 16 15 579 1076 1075 17 
5 27 22 24 20 1016 
5 26 23 616 617 994 
5 20 19 25 21 24 
5 24 21 26 23 22 
6 28 560 1116 1117 651 1061 
6 27 22 23 616 30 18 
5 29 560 1116 1210 909 
5 37 36 31 473 699 
6 33 38 39 37 699 700 
5 36 31 35 32 34 
4 38 39 770 40 
6 36 34 769 770 39 37 
6 640 1049 1123 1050 1537 1541 
5 583 1124 1079 1457 1456 
5 583 1051 1011 1635 1456 
6 997 998 1636 1635 1011 41 
5 998 1106 771 1448 1636 
5 1079 1080 771 1448 1457 
5 41 1011 1051 1050 1537 
4 41 997 1541 1537 
5 640 1049 1080 771 1106 
5 997 998 1106 640 1541 
5 42 43 1376 1049 640 
5 42 43 1504 1499 1440 
5 42 640 1541 1542 1440 
5 1376 1377 47 1504 43 
5 1049 1123 813 1377 1376 
5 1440 1499 1559 1552 1542 
5 46 45 44 1560 1551 
6 44 47 1504 1499 1559 1560 
5 46 1050 1537 1553 1551 
5 45 44 47 1377 813 
5 46 45 813 1123 1050 
6 50 938 1301 1300 1353 1354 
6 1353 1354 669 1387 1386 49 
4 49 801 1300 1353 
6 609 610 48 801 1300 1301 
5 49 801 48 1378 1386 
5 533 963 1141 891 1047 
5 51 533 963 964 1265 
5 53 1291 1309 857 1296 
6 51 52 695 1133 1047 533 
5 52 695 857 1296 1207 
5 53 711 1266 1207 1296 
5 51 52 1207 1266 1265 
5 516 711 53 1291 1290 
5 538 539 893 892 679 
5 881 882 542 892 893 
5 682 793 539 893 881 
5 55 57 54 709 710 
5 54 56 682 793 709 
6 57 54 56 62 61 59 
5 61 62 882 542 1274 
6 60 55 710 538 679 645 
5 60 55 57 59 58 
5 62 56 682 881 882 
4 60 58 1273 645 
5 59 61 1274 1273 58 
5 538 539 793 709 710 
5 866 1542 1552 63 1558 
6 1292 1293 486 1685 1684 809 
4 486 487 667 1293 
5 831 832 809 1292 64 
6 68 66 846 1419 1415 554 
5 67 65 1446 1500 1494 
5 65 948 472 1447 1446 
5 67 65 948 1415 554 
6 42 1440 1447 472 1654 1652 
5 846 1419 1654 1652 1513 
5 42 43 894 1513 1652 
6 68 66 894 43 1504 1505 
4 66 846 1513 894 
5 67 554 68 1505 1494 
5 71 70 72 867 945 
5 69 70 71 1282 792 
5 73 69 70 72 1216 
4 75 76 1150 1384 
5 76 719 74 1163 1150 
6 75 1384 1388 1367 1612 1604 
6 1150 1163 1577 1578 1388 1384 
5 77 1022 1337 1611 1603 
7 75 76 719 718 77 1603 1604 
5 77 718 78 1021 1022 
4 1336 1367 1388 1578 
4 78 74 719 718 
5 78 74 1163 1577 1021 
6 1021 1022 1337 1336 1578 1577 
5 80 6 1585 873 748 
5 872 873 1585 1586 79 
6 483 1068 1655 1654 1419 1420 
5 79 483 1420 955 872 
6 747 748 80 1514 1513 846 
5 747 846 1419 1420 955 
5 80 6 1020 1512 1514 
6 1020 1102 1068 1655 1653 1512 
5 79 483 1068 1102 1586 
5 747 748 873 872 955 
5 84 83 82 1015 1014 
5 82 86 1696 1701 1015 
5 83 82 86 92 91 
6 84 83 91 81 90 88 
4 84 88 1713 1014 
6 1014 1015 1701 1702 1709 1713 
4 85 87 81 90 
6 85 89 1697 1698 93 87 
6 90 85 89 1709 1713 88 
5 92 86 1696 1698 93 
4 89 1697 1702 1709 
5 93 87 81 91 92 
6 75 639 776 965 1385 1384 
5 94 95 483 1068 1069 
6 96 12 13 98 1307 1306 
4 96 99 883 12 
4 96 99 1410 1306 
4 97 888 11 1204 
6 99 883 1204 97 1409 1410 
5 887 888 97 1409 1186 
5 850 851 887 888 11 
5 712 851 887 1186 1187 
5 13 98 712 851 850 
4 98 712 1187 1307 
5 777 1021 1577 1587 1439 
5 78 943 1038 777 1021 
5 101 102 100 943 1038 
6 104 108 103 1668 1676 1672 
6 103 1359 1680 1679 105 1668 
6 56 682 1081 1045 1070 1071 
5 106 107 54 56 1071 
4 1045 1070 515 1358 
6 107 54 709 109 1676 1672 
6 104 106 1071 1070 515 108 
4 106 107 1672 104 
6 109 105 1679 1678 793 709 
4 109 105 1668 1676 
5 108 103 1359 1358 515 
4 113 2 864 543 
5 114 113 543 111 1108 
5 116 117 115 110 575 
5 110 114 1108 971 575 
6 115 110 114 113 2 5 
5 573 574 1114 1245 1202 
6 111 543 864 1203 1244 1090 
5 112 971 1108 111 1090 
5 116 575 971 112 1115 
5 116 117 574 1114 1115 
6 112 1090 1244 1245 1114 1115 
5 115 5 573 574 117 
5 1312 1343 1161 1491 1489 
6 538 539 1316 1342 1099 118 
6 1312 1317 1678 1679 1237 1489 
5 118 538 710 1421 1422 
5 119 120 1491 1161 1160 
4 105 1053 1237 1679 
5 118 1099 1160 119 1422 
7 109 105 1053 120 119 1422 1421 
4 709 710 1421 109 
5 120 1053 1237 1489 1491 
5 539 793 1678 1317 1316 
4 125 743 121 1120 
6 121 122 1281 1284 833 743 
5 123 122 121 1120 1100 
5 123 122 1281 1618 686 
5 123 686 977 1127 1100 
5 126 978 1619 1285 995 
5 977 978 126 1128 1127 
5 124 125 743 833 834 
5 124 834 995 126 1128 
6 124 125 1120 1100 1127 1128 
5 17 128 131 127 1075 
6 128 129 799 821 130 131 
4 17 128 129 488 
6 134 132 1671 1670 133 690 
5 736 737 1675 1671 132 
5 737 1564 135 1674 1675 
6 134 132 736 606 1058 1059 
6 136 104 1672 1673 736 132 
5 104 106 671 670 136 
5 132 136 670 697 134 
5 696 697 134 1059 1006 
5 140 139 1066 811 1023 
5 139 612 696 1006 1066 
5 137 606 736 1673 1024 
4 137 138 1058 606 
5 137 138 811 1023 1024 
6 138 811 1066 1006 1059 1058 
6 140 139 612 671 106 107 
6 140 107 1672 1673 1024 1023 
4 141 779 683 1048 
6 0 591 1175 141 779 707 
5 141 1048 1351 1174 1175 
6 992 993 1350 1351 1174 479 
4 0 707 740 1155 
6 890 923 993 992 634 1017 
7 683 705 924 889 740 707 779 
5 923 924 705 1350 993 
5 591 865 479 1174 1175 
4 634 865 479 992 
4 142 534 143 1610 
5 51 52 1656 1657 1355 
5 147 145 1174 1351 1289 
6 619 620 479 992 1032 566 
4 993 1031 1598 1350 
5 144 146 147 1289 1597 
5 144 146 819 619 566 
5 479 620 820 145 1174 
6 144 566 1032 1031 1598 1597 
5 147 145 820 819 146 
5 1196 1265 51 1355 1349 
5 592 730 1348 1349 1196 
6 487 592 1196 1265 964 667 
5 148 149 665 534 142 
5 151 656 135 1674 1565 
5 1302 1303 150 1608 1594 
5 133 150 1608 1609 1670 
5 3 516 711 597 545 
6 667 964 1140 4 1362 1293 
5 4 3 545 913 1362 
6 545 597 1341 1347 921 913 
6 913 921 941 486 1293 1362 
5 152 587 1508 936 935 
5 153 152 935 951 692 
4 154 155 1063 693 
6 692 693 1063 1127 977 153 
5 155 1063 1127 1100 1101 
5 154 155 1101 1089 156 
5 1100 1101 1089 1509 123 
6 936 952 156 1089 1509 1508 
6 154 156 952 951 692 693 
5 587 686 123 1509 1508 
5 153 152 587 686 977 
6 157 764 923 890 1334 1335 
4 1084 1113 1490 1236 
5 158 580 1335 1334 713 
5 68 66 753 1010 853 
5 159 758 853 68 1505 
5 47 160 159 1505 1504 
5 160 159 758 524 504 
6 504 524 757 824 1356 1340 
5 894 895 1357 1376 43 
5 824 825 895 1357 1356 
5 66 753 825 895 894 
5 47 160 504 1340 1377 
5 161 167 165 166 164 
6 161 163 173 117 115 167 
5 164 161 163 818 1007 
5 162 168 116 117 173 
5 162 169 170 174 168 
6 173 162 169 1067 818 163 
5 166 164 1007 1006 696 
6 165 166 696 612 171 172 
6 170 174 576 171 612 139 
5 167 165 172 110 115 
5 168 116 575 576 174 
5 170 139 1066 1067 169 
5 172 171 576 575 110 
5 144 566 181 1352 1649 
4 16 15 848 1648 
5 176 178 1352 181 641 
6 178 774 16 1648 1649 1352 
6 144 146 1095 848 1648 1649 
5 177 180 642 619 819 
5 175 177 819 146 1095 
5 14 15 848 1095 175 
5 181 566 619 642 641 
6 14 175 177 180 179 775 
5 179 180 642 641 176 
5 179 176 178 774 775 
5 184 182 1031 1598 1599 
5 182 764 923 993 1031 
5 183 854 1177 1176 1085 
5 181 186 858 1032 566 
6 184 187 949 861 1600 1599 
5 184 182 862 715 187 
4 861 949 1458 1650 
6 187 715 185 1330 1458 949 
5 182 862 858 1032 1031 
5 185 186 181 1352 1330 
5 185 186 858 862 715 
6 144 1597 1600 861 1650 1649 
6 489 490 188 540 541 189 
4 192 698 817 1644 
5 190 191 193 192 698 
5 194 734 1085 1176 816 
5 191 193 790 791 855 
6 854 855 791 1643 1638 183 
5 193 192 1644 1646 790 
6 194 798 1646 1644 817 816 
6 790 791 1643 1642 798 1646 
5 734 1085 183 1638 1637 
5 190 191 855 854 1177 
6 190 698 817 816 1176 1177 
5 194 734 1637 1642 798 
5 508 672 556 852 1375 
6 196 673 1305 1300 1353 1374 
6 556 852 1055 195 1144 1157 
6 938 1301 1304 508 1375 1445 
4 197 195 1055 1431 
5 50 197 1431 1445 938 
6 197 195 1144 1373 1354 50 
5 672 673 196 1157 556 
5 1144 1157 196 1374 1373 
5 198 628 703 704 814 
5 627 628 703 986 885 
5 199 896 925 856 1060 
5 627 628 198 1223 1263 
6 520 521 200 608 613 614 
5 201 10 607 608 613 
5 202 205 898 635 911 
5 635 636 491 912 911 
4 204 650 1134 899 
5 635 636 204 899 898 
5 203 1039 1471 1627 1625 
5 491 636 204 650 1111 
7 898 899 1134 1135 1040 1037 205 
5 206 211 518 660 473 
4 206 473 31 493 
5 210 207 209 648 1165 
6 31 35 915 916 985 493 
4 208 210 1165 1214 
5 212 1218 1548 1545 1432 
5 212 1218 1171 1399 1580 
5 499 500 215 1575 213 
5 213 214 1399 1580 1575 
6 212 1432 1435 215 1575 1580 
5 664 1436 1570 1569 1602 
5 214 8 1170 1171 1399 
5 214 8 1601 499 213 
5 215 500 664 1436 1435 
5 211 518 745 1034 910 
7 216 662 829 830 746 745 1034 
5 192 626 829 662 698 
6 206 193 192 626 699 473 
4 661 700 830 746 
5 191 193 206 211 910 
5 216 190 191 910 1034 
4 216 190 698 662 
5 217 218 1269 1035 219 
4 223 218 217 536 
6 219 217 536 1164 1249 1248 
6 1035 1036 1394 1395 1248 219 
6 221 1054 1239 1036 1394 1405 
5 1035 1036 1239 1258 1269 
4 658 659 221 1054 
5 222 658 1054 1239 1258 
6 223 218 1269 1258 222 220 
6 221 659 1225 1217 1406 1405 
6 220 222 658 659 1225 1224 
5 223 220 1224 1164 536 
5 224 230 236 231 229 
7 224 227 228 681 226 233 230 
5 229 224 227 232 225 
5 229 225 234 235 231 
6 234 225 232 1371 1341 604 
6 226 681 1346 1347 741 742 
5 226 233 940 754 742 
5 232 227 228 1372 1371 
6 1151 1152 741 1347 1341 604 
5 235 234 604 1151 847 
4 228 681 1346 1372 
5 233 230 236 939 940 
6 236 231 235 847 918 939 
5 237 84 83 703 628 
5 14 175 237 628 627 
5 239 82 1015 980 739 
5 724 979 957 1096 1230 
7 237 84 1014 957 1096 1095 175 
5 238 239 739 738 240 
6 83 82 239 238 986 703 
6 240 238 986 885 579 569 
5 15 579 569 1231 848 
6 240 569 1231 1230 724 738 
5 239 722 766 744 739 
7 242 241 537 1132 1131 1220 1219 
4 220 222 243 1243 
5 529 530 244 1178 1125 
5 244 247 1146 1147 530 
4 245 623 1361 1211 
5 623 906 1468 1469 1361 
5 246 549 1468 906 907 
5 245 623 906 907 1582 
5 484 485 555 1432 212 
5 49 248 485 555 1386 
5 1386 1387 1435 1432 555 
5 484 485 248 551 879 
5 212 484 879 1581 1580 
4 215 669 1387 1435 
6 215 669 1354 1373 1576 1575 
5 49 248 551 1374 1353 
7 249 9 11 888 1023 811 1118 
5 250 251 125 1120 1121 
6 254 1206 1658 1657 1355 1349 
6 252 256 1201 1348 1349 254 
5 254 252 255 253 1206 
6 723 805 257 1517 1640 1639 
5 804 805 257 1607 1661 
5 257 1517 143 1610 1607 
6 480 1295 1617 1456 1635 1633 
5 259 480 1295 1294 967 
5 477 968 838 1616 1142 
6 260 478 967 259 761 1012 
5 258 260 478 477 968 
5 258 260 1012 1011 1051 
5 583 838 968 258 1051 
5 583 838 1616 1617 1456 
4 259 480 1633 761 
6 261 264 1486 1485 521 520 
6 261 262 263 976 975 264 
5 261 262 1148 1025 520 
6 217 263 262 1148 1149 536 
4 536 1149 973 1164 
5 975 976 219 1248 615 
4 217 263 976 219 
6 932 974 1026 521 1485 1488 
5 615 975 264 1486 1487 
6 1248 1249 932 1488 1487 615 
5 265 505 1126 1125 1178 
6 584 735 1126 1125 529 835 
4 735 972 505 1126 
5 265 694 845 244 1178 
6 265 505 972 1417 1418 694 
6 584 735 972 1417 1383 953 
5 244 530 1088 1086 845 
6 267 839 969 272 1241 1242 
5 271 1242 267 1631 1632 
5 270 839 267 1631 1629 
5 268 269 1198 1172 266 
5 268 269 544 272 969 
5 266 268 969 839 270 
5 1108 1109 1173 1197 111 
6 114 271 1632 1630 1109 1108 
6 543 544 269 1198 1197 111 
5 114 271 1242 1241 113 
5 543 544 272 1241 113 
7 266 270 1629 1630 1109 1173 1172 
6 617 732 274 1530 1534 994 
6 26 994 1534 1533 1497 1474 
5 274 1530 1715 1694 1693 
5 93 732 274 1693 1698 
6 89 1466 1498 1692 1695 1697 
5 1497 1498 1692 1716 1533 
5 85 87 616 23 273 
5 26 23 273 1475 1474 
5 85 273 1475 1466 89 
5 93 87 616 617 732 
6 279 646 691 275 1554 1321 
5 1413 1414 275 1554 1549 
5 281 276 727 278 1159 
6 277 278 727 726 280 282 
5 285 25 19 283 284 
7 289 546 287 1700 1699 799 821 
4 129 799 1699 1492 
4 287 519 1495 1700 
5 290 286 1449 1450 1268 
6 289 288 290 1268 1267 546 
7 128 129 1492 1496 1199 1450 1449 
5 287 519 622 1267 546 
5 131 130 288 290 286 
4 288 130 821 289 
4 131 286 1449 128 
4 949 950 1459 187 
6 216 190 1177 1454 1588 1579 
4 782 861 1600 970 
6 531 1495 1700 1703 1711 1712 
5 281 276 531 1495 519 
4 279 646 1695 1692 
5 292 718 77 1087 835 
7 77 1022 1008 1567 1566 953 1087 
5 765 1009 778 1312 1317 
6 777 778 1009 1008 1022 1021 
6 291 510 1316 1342 944 624 
5 291 510 1566 953 584 
5 291 584 835 292 624 
4 1008 1009 765 1567 
6 292 624 944 943 78 718 
6 71 293 252 255 1283 1282 
5 242 241 294 666 946 
5 294 256 252 293 666 
5 71 293 666 946 945 
4 35 32 295 915 
5 804 805 517 1563 296 
5 511 723 805 517 878 
4 577 578 725 297 
5 297 725 1370 1476 1029 
5 297 577 1065 674 1029 
5 298 299 300 826 708 
5 301 298 708 920 1064 
6 674 1029 1476 1470 1322 1275 
6 301 298 299 1370 725 578 
5 299 300 1470 1476 1370 
5 300 826 1323 1322 1470 
5 577 578 301 1064 1065 
5 277 278 676 1344 1345 
6 676 677 302 1460 1318 1344 
4 676 677 1159 278 
6 525 1226 1547 1548 1520 1531 
5 303 982 1531 1520 1360 
5 1360 1511 1545 1548 1520 
6 303 623 1361 1510 1511 1360 
6 525 981 906 1468 1467 1226 
4 981 982 1531 525 
5 303 623 906 981 982 
4 306 282 277 1345 
6 304 859 1250 306 1345 1344 
4 308 304 1344 676 
6 308 304 859 860 812 507 
6 506 507 308 676 278 727 
6 506 507 812 1528 1529 305 
4 305 307 1523 1529 
5 305 307 726 727 506 
5 282 280 1251 1250 306 
6 280 726 307 1523 1522 1251 
5 309 186 185 304 859 
5 185 304 1344 1318 715 
6 309 859 1250 1405 1394 1098 
4 1036 1158 1098 1394 
4 306 221 1405 1250 
5 309 186 858 1158 1098 
5 306 221 1054 1423 1345 
5 310 581 1444 1046 638 
5 1 476 1443 1308 1213 
4 173 310 638 163 
6 173 117 574 582 581 310 
5 161 163 638 1046 958 
5 161 167 1291 1309 958 
5 1 476 582 574 573 
5 115 167 1291 1290 5 
6 198 550 1393 1364 237 628 
5 311 81 91 668 815 
5 83 91 668 704 703 
6 198 550 773 311 815 814 
5 90 81 311 773 772 
5 88 90 772 1392 1365 
5 237 84 88 1365 1364 
5 312 526 609 1301 1304 
6 68 554 702 701 1097 853 
5 313 502 314 874 875 
5 653 874 314 1708 1707 
6 22 24 930 997 41 928 
5 27 22 928 929 728 
4 20 630 1557 1016 
5 24 20 630 315 930 
6 315 866 1542 1541 997 930 
5 315 630 1557 1558 866 
6 63 728 27 1016 1557 1558 
5 63 728 929 1553 1552 
5 928 929 1553 1537 41 
5 317 319 318 633 1326 
5 318 126 978 996 633 
5 692 693 316 717 837 
5 716 717 316 1397 1396 
5 316 693 1063 1278 1397 
6 716 720 1324 1326 317 1396 
5 494 836 720 1324 1138 
6 153 494 1138 996 978 977 
5 318 126 1128 1277 319 
6 317 319 1277 1278 1397 1396 
5 153 494 836 837 692 
5 322 482 1194 1297 1001 
4 322 321 320 482 
4 729 946 242 1219 
7 188 323 223 536 1149 1190 490 
5 223 220 1243 1255 323 
5 136 104 108 324 326 
4 326 136 132 1671 
5 325 647 737 1675 1591 
5 108 324 1589 552 103 
6 324 326 1671 1675 1591 1589 
5 325 675 552 1589 1591 
5 325 647 1667 1669 675 
5 103 552 675 1669 1668 
6 736 737 647 1667 1677 1673 
5 55 97 1409 1421 710 
6 1186 1409 1421 109 1676 1677 
6 55 57 140 1023 888 97 
5 887 1024 1673 1677 1186 
4 140 107 54 57 
6 767 768 803 1389 1388 1367 
5 216 662 1336 1578 1579 
5 767 829 662 1336 1367 
5 327 328 572 1452 1502 
5 1192 1193 1501 1502 327 
5 331 1143 1501 1502 1452 
5 330 201 613 495 329 
6 1207 1208 1234 1659 1656 52 
5 123 122 1193 1501 1509 
5 1192 1193 122 1281 629 
5 327 474 840 1503 1502 
6 474 475 333 629 1192 327 
5 474 475 618 332 840 
5 332 596 1614 678 618 
6 587 596 332 840 1503 1508 
6 333 629 1281 1618 1614 678 
4 333 475 618 678 
5 315 335 472 1447 866 
5 334 335 315 630 590 
5 334 335 472 948 1682 
4 701 916 985 1097 
6 339 336 337 652 651 1117 
5 337 652 1302 1594 1082 
4 336 337 1082 341 
5 28 340 338 1482 560 
6 342 513 1483 1482 338 1605 
5 340 338 1605 1608 150 
5 339 513 1483 1116 1117 
5 342 341 336 339 513 
6 342 341 1082 1594 1608 1605 
5 28 340 150 1303 1061 
4 593 1583 1033 1634 
5 1506 1507 988 1593 1484 
5 1033 1380 1484 1593 1583 
7 1033 1380 1474 1475 761 1633 1634 
5 1380 1474 1497 1506 1484 
6 480 481 822 1451 1441 259 
6 481 593 1583 1593 988 822 
5 259 761 1475 1466 1441 
5 480 481 593 1634 1633 
5 822 988 1507 1493 1451 
6 189 343 262 1148 1191 489 
4 188 323 347 540 
4 346 343 189 541 
5 346 343 262 263 345 
5 345 263 217 218 344 
5 344 347 323 223 218 
6 345 344 347 540 541 346 
6 95 483 1420 1416 1105 687 
6 653 744 766 1252 1705 1707 
5 350 352 706 957 1096 
6 348 350 1096 1230 1215 349 
5 353 348 350 352 351 
4 706 762 979 957 
4 354 355 643 1077 
5 354 355 1270 1044 1043 
6 355 643 714 713 1334 1270 
5 890 1017 1044 1270 1334 
5 785 1516 1711 1703 1704 
5 358 356 917 1092 1136 
5 358 1136 1437 1145 1232 
5 358 356 1294 1142 1232 
5 828 917 356 1294 1295 
5 357 637 1092 1136 1437 
5 605 637 357 1621 1622 
5 1145 1232 1142 1616 1613 
5 605 637 1092 917 828 
5 357 1437 1145 1613 1621 
4 360 599 643 714 
6 599 643 1077 1139 807 806 
5 1310 1311 1663 1662 359 
5 512 564 690 134 697 
6 166 164 199 896 897 869 
5 696 697 512 869 166 
5 365 810 880 364 1183 
6 364 880 1363 1362 913 914 
6 795 796 366 921 941 827 
6 363 795 827 1685 1684 849 
5 809 810 365 849 1684 
4 486 941 827 1685 
6 362 361 1137 1183 364 914 
5 366 362 914 913 921 
5 363 849 365 1183 1137 
4 366 362 361 796 
5 795 796 361 1137 363 
5 159 36 31 493 758 
5 37 367 368 626 699 
5 37 36 159 160 367 
6 160 367 368 370 369 504 
6 206 193 790 524 758 493 
4 369 370 1645 1647 
6 370 368 626 192 1644 1645 
6 369 504 524 790 1646 1647 
5 57 140 139 170 59 
7 170 59 58 608 613 495 169 
5 60 58 608 607 1205 
5 329 495 169 1067 1119 
5 249 330 329 1119 1118 
5 201 10 9 249 330 
5 55 97 1204 1205 60 
5 585 780 371 1630 1632 
6 577 578 644 1631 1629 1271 
6 371 561 1272 1271 1629 1630 
5 371 561 1045 1070 780 
4 1064 1065 372 1331 
6 561 1045 1358 1331 372 1272 
5 301 578 644 586 842 
6 301 842 515 1358 1331 1064 
6 585 586 842 515 1070 780 
5 372 1065 577 1271 1272 
4 1052 1568 1565 1596 
5 373 1052 1596 1595 1083 
6 373 1052 1568 1556 673 1305 
5 151 788 1556 1568 1565 
5 373 1083 312 1304 1305 
5 1456 1457 1623 1622 1617 
6 297 577 1271 1122 1124 1079 
4 270 1122 1271 1629 
6 838 839 270 1122 1124 583 
5 578 644 1620 1624 725 
5 838 839 267 1613 1616 
6 297 725 1624 1623 1457 1079 
6 267 1613 1621 1620 644 1631 
6 374 178 1352 1330 1200 931 
6 507 812 935 936 374 931 
6 812 860 959 797 951 935 
6 309 186 181 641 797 959 
5 176 178 374 936 952 
5 185 304 308 1200 1330 
4 308 507 931 1200 
4 859 860 959 309 
5 176 641 797 951 952 
5 656 657 1660 788 151 
4 67 375 702 554 
6 376 341 1082 1083 373 802 
5 336 337 527 1319 1329 
6 336 341 376 377 1328 1329 
6 526 527 1319 1320 610 609 
6 526 527 337 1082 1083 312 
5 377 48 610 1320 1328 
5 801 802 373 1305 1300 
5 377 48 801 802 376 
5 1168 1188 1322 1470 1479 
4 1168 1171 1218 1479 
6 1168 1171 1399 1412 1227 1188 
5 378 879 1581 1411 1259 
6 212 484 300 1470 1479 1218 
5 378 826 1323 1260 1259 
5 300 484 879 378 826 
5 1188 1227 1260 1323 1322 
5 369 379 600 498 1647 
6 497 601 381 749 1642 798 
6 600 601 381 1356 1340 379 
4 369 379 1340 504 
5 380 382 824 757 632 
5 380 382 749 1642 1643 
4 380 632 791 1643 
5 381 749 382 824 1356 
5 497 498 1647 1646 798 
6 383 485 555 567 1430 1429 
5 202 205 377 48 1378 
5 377 205 898 654 376 
5 383 385 386 248 485 
5 386 248 49 801 802 
4 384 385 383 1429 
6 384 654 898 635 1430 1429 
6 385 386 802 376 654 384 
4 635 911 567 1430 
6 555 567 911 202 1378 1386 
5 294 666 598 877 876 
7 387 570 1688 1689 784 877 598 
5 387 570 1220 1219 729 
5 387 598 666 946 729 
4 784 870 1166 1689 
4 1131 1220 570 1688 
5 241 294 876 871 537 
5 390 388 378 879 551 
5 389 196 1374 551 390 
5 388 149 148 389 390 
5 947 1167 1252 1705 1706 
6 266 268 392 393 316 717 
5 392 268 969 968 258 
5 45 813 391 1396 1397 
4 391 1129 716 1396 
5 46 45 1397 316 393 
6 266 270 1122 1129 716 717 
6 391 813 1123 1124 1122 1129 
6 393 392 258 1051 1050 46 
5 363 395 394 961 849 
6 784 827 1685 1686 1228 870 
5 394 663 1229 1162 961 
5 784 827 795 1690 1689 
5 363 395 1402 1690 795 
5 395 394 663 886 1402 
6 663 886 1166 870 1228 1229 
4 266 717 837 1172 
5 720 721 1130 1129 716 
5 561 562 721 1130 1272 
6 720 721 562 763 621 836 
4 371 999 1109 1630 
5 561 562 763 999 371 
5 621 763 999 1109 1173 
5 26 21 1381 1380 1474 
5 285 25 21 1381 1333 
5 318 126 995 750 509 
5 318 509 1612 1611 633 
6 530 1088 1603 1604 1104 1147 
6 509 750 1185 1104 1604 1612 
5 750 995 1285 1184 1185 
6 247 1146 1184 1285 1619 1615 
4 244 247 1615 845 
6 633 996 1086 1088 1603 1611 
5 100 396 1179 397 102 
5 824 825 1078 1189 382 
5 353 351 832 831 398 
4 354 476 1 1043 
6 354 476 1443 1403 1139 1077 
5 164 161 958 1060 199 
6 1004 1005 1398 1425 1253 1264 
5 1253 1254 1028 1426 1425 
6 730 731 876 877 942 592 
5 784 827 941 942 877 
6 42 640 1106 1107 1653 1652 
6 771 982 1531 1532 1030 1080 
5 895 954 1532 1030 1357 
5 525 981 1107 1653 1512 
5 1049 1080 1030 1357 1376 
6 525 1512 1514 954 1532 1531 
5 399 33 38 124 834 
5 750 751 399 834 995 
5 367 368 319 1277 1256 
7 319 318 509 767 829 626 368 
6 399 33 700 830 768 751 
6 38 124 1128 1277 1256 39 
4 39 37 367 1256 
5 267 1242 1298 1145 1613 
5 272 400 1233 1299 1241 
5 400 477 1142 1232 1233 
5 272 400 477 968 969 
6 874 875 1013 762 979 980 
5 314 874 980 1015 1701 
5 313 394 961 1013 875 
7 365 706 957 1014 1713 1714 1183 
5 395 401 1465 1137 363 
6 395 394 313 502 503 401 
6 401 503 1702 1709 1710 1465 
5 502 503 1702 1701 314 
6 365 706 762 1013 961 849 
6 40 251 250 402 1391 770 
6 323 347 599 360 800 1255 
5 344 218 1269 1270 355 
5 344 355 643 599 347 
5 713 714 360 800 158 
6 158 580 243 1243 1255 800 
5 222 243 580 1335 1258 
5 127 209 207 286 131 
5 817 927 1327 1645 1644 
6 194 816 1009 765 1338 1339 
6 927 1008 1567 1573 1325 1327 
4 403 625 1573 1325 
6 497 498 403 625 1338 1339 
6 403 498 1647 1645 1327 1325 
5 625 1338 765 1567 1573 
4 497 798 194 1339 
6 342 413 410 409 1606 1605 
5 411 413 342 513 514 
4 409 404 407 1606 
6 405 501 589 412 547 548 
5 406 408 405 501 655 
5 513 514 588 1480 1483 
5 338 406 655 1481 1482 
5 409 404 548 547 410 
5 408 405 548 404 407 
5 413 410 547 412 411 
6 338 406 408 407 1606 1605 
5 411 412 589 588 514 
5 491 492 415 900 636 
5 414 828 917 984 863 
5 414 415 492 789 863 
5 204 637 1092 1093 650 
5 204 636 900 605 637 
5 983 1093 650 1111 1112 
5 414 415 900 605 828 
5 789 863 984 983 1112 
5 403 498 600 1130 721 
5 391 379 600 1130 1129 
6 391 379 369 370 317 1396 
5 317 370 1645 1327 1326 
5 720 721 403 1325 1324 
4 352 706 365 810 
5 364 417 820 145 880 
5 88 1365 416 1714 1713 
5 416 417 364 1183 1714 
7 416 417 820 819 177 1364 1365 
4 175 237 1364 177 
6 147 145 880 810 352 350 
5 147 350 1096 1095 146 
5 129 488 595 1453 1492 
7 572 785 1704 1699 1492 1453 1452 
6 1004 1005 331 1452 1453 595 
5 418 419 1091 1090 112 
5 420 419 418 1540 1539 
6 112 418 1540 991 1000 971 
5 990 991 1540 1539 962 
5 1090 1091 960 1197 111 
5 420 419 1091 960 680 
6 680 960 1197 1173 621 1073 
5 420 680 1073 962 1539 
5 260 478 416 1365 1392 
5 755 772 1392 260 1012 
5 273 755 1012 761 1475 
5 85 273 755 772 90 
6 1441 1464 1710 1709 89 1466 
4 259 967 1464 1441 
6 416 478 967 1464 1710 1714 
7 410 384 1429 1434 1624 1620 547 
6 635 636 900 901 1433 1430 
4 410 384 654 413 
6 411 412 357 637 204 899 
5 411 413 654 898 899 
5 412 357 1621 1620 547 
5 900 901 1623 1622 605 
5 261 262 343 422 421 
5 261 421 496 614 520 
4 328 572 785 1516 
5 389 390 1584 1592 1561 
6 257 325 1591 1592 1561 1607 
6 148 389 1561 1607 1610 142 
5 390 388 756 1590 1584 
5 552 553 1314 1535 675 
6 388 149 665 1314 553 756 
5 257 325 675 1535 1517 
6 143 534 665 1314 1535 1517 
5 840 841 531 1712 474 
5 276 531 841 506 727 
5 332 305 506 841 840 
5 279 1321 1493 1498 1692 
5 1239 1240 157 1335 1258 
4 397 102 101 423 
7 634 992 1032 858 1158 1244 1203 
5 959 960 1091 1098 309 
6 543 544 620 479 865 864 
5 269 544 620 619 642 
5 641 642 269 1198 797 
6 602 603 1180 1179 396 808 
5 424 532 602 808 1056 
5 425 165 166 869 1002 
5 167 165 425 53 1291 
6 425 53 1296 1297 1001 1002 
6 334 427 428 688 1683 1682 
5 426 429 427 334 590 
6 291 510 893 892 1369 1368 
5 291 624 1057 1366 1368 
5 624 944 808 1056 1057 
5 1056 1057 1366 1473 424 
6 424 532 430 1195 1472 1473 
5 118 430 1195 679 538 
5 679 892 1369 1472 1195 
5 602 808 944 1342 1099 
5 118 430 532 602 1099 
4 539 893 510 1316 
6 788 1556 1561 1607 1661 1660 
5 257 325 647 517 805 
5 296 657 1660 1661 804 
6 656 657 296 1563 1564 135 
5 517 647 737 1564 1563 
5 431 99 883 884 432 
6 96 99 431 794 1279 1280 
5 80 611 1169 954 1514 
5 825 895 954 1169 1078 
6 32 34 1494 67 375 295 
6 295 375 702 701 916 915 
5 159 36 34 1494 1505 
6 433 603 904 1287 1288 631 
6 431 99 1410 1422 118 430 
5 119 1247 1306 1410 1422 
5 433 631 1247 119 1160 
6 631 1247 1306 96 1280 1288 
5 431 430 532 905 794 
5 602 603 433 1160 1099 
5 239 82 86 434 722 
5 653 744 739 980 874 
5 86 434 1167 947 1696 
6 947 1696 1701 314 1708 1706 
5 434 722 766 1252 1167 
5 261 264 168 162 421 
5 200 608 58 1273 1246 
6 61 174 168 264 1486 1274 
4 59 61 174 170 
5 162 421 496 495 169 
4 200 521 1485 1246 
4 291 584 735 1368 
5 1211 1212 783 1510 1361 
6 356 435 1463 1464 967 1294 
5 358 356 435 361 362 
5 358 362 914 1233 1232 
5 400 417 364 914 1233 
5 416 417 400 477 478 
5 361 435 1463 1465 1137 
5 418 419 1395 1248 615 
5 219 976 1114 1245 1035 
5 112 418 615 975 1115 
5 419 1091 1098 1394 1395 
4 927 1008 1022 1337 
4 1087 1088 1603 77 
6 1326 1327 927 1337 1611 633 
6 407 326 1671 1670 1609 1606 
5 326 136 670 408 407 
5 406 408 670 697 512 
5 338 406 512 564 340 
5 340 150 133 690 564 
6 436 557 1550 1549 1413 1691 
5 570 571 436 1691 1688 
4 438 1217 1406 1401 
4 437 557 436 571 
5 1441 1451 1555 1463 1464 
6 401 275 1554 1555 1463 1465 
4 401 275 691 503 
6 503 691 646 1695 1697 1702 
5 685 807 1139 1403 1408 
6 344 355 354 476 582 345 
5 347 540 752 806 599 
6 346 541 1018 1407 1444 581 
4 346 345 582 581 
5 440 439 1333 285 284 
5 998 1153 1033 1634 1636 
6 907 989 1153 1033 1583 1582 
5 303 559 1448 771 982 
5 1106 1107 989 1153 998 
5 906 907 989 1107 981 
5 303 559 594 245 623 
5 593 594 245 1582 1583 
6 593 594 559 1448 1636 1634 
5 442 568 1235 786 787 
6 442 70 71 293 441 568 
4 253 255 1283 1222 
6 253 1206 1235 786 1221 1222 
5 441 254 1206 1235 568 
4 441 254 252 293 
5 786 787 69 792 1221 
4 442 70 69 787 
4 569 579 1076 649 
5 429 440 284 283 426 
6 1261 1262 302 1460 1459 950 
5 187 715 1318 1460 1459 
5 622 677 302 1262 1267 
6 676 677 622 1199 1200 308 
6 949 950 1261 1268 1450 1458 
5 303 559 901 1433 1360 
5 559 594 415 900 901 
6 415 492 1212 1211 245 594 
5 567 1430 1433 1360 1511 
6 911 912 783 1510 1511 567 
5 491 492 1212 783 912 
6 293 441 228 681 598 666 
4 442 224 227 568 
5 230 72 867 868 233 
5 224 230 72 70 442 
4 227 228 441 568 
4 226 387 598 681 
5 226 387 729 868 233 
6 1471 1472 1369 1544 1628 1627 
6 443 265 694 1527 1529 1523 
5 444 443 1523 1522 1428 
6 420 680 1515 1522 1428 1427 
5 443 265 505 844 444 
5 420 1427 922 1543 1539 
5 962 1417 972 1543 1539 
5 444 844 922 1427 1428 
6 203 1039 1042 645 1273 1246 
6 60 645 1042 432 884 1205 
5 64 141 1048 398 831 
6 382 749 1275 1322 1188 1189 
6 1275 1276 445 1637 1642 749 
5 173 310 422 421 162 
4 331 1005 1398 1143 
5 18 27 728 446 760 
5 273 23 22 928 755 
4 18 30 759 760 
6 87 81 311 759 30 616 
4 446 728 929 903 
6 759 760 446 903 773 311 
6 208 782 970 349 1215 1214 
6 348 349 970 1600 1597 1289 
4 348 350 147 1289 
6 210 1165 1231 848 1648 1651 
6 208 210 1651 1650 861 782 
5 411 514 1094 1134 899 
5 412 357 1437 1438 589 
5 588 589 1438 1151 847 
5 1092 1093 919 1152 1136 
6 918 919 1093 650 1134 1094 
5 514 588 847 918 1094 
5 294 256 1201 731 876 
6 7 611 1169 1168 1171 1170 
5 448 450 1438 1151 604 
6 234 449 451 452 448 604 
4 588 847 235 1480 
5 450 447 501 589 1438 
5 447 452 451 655 501 
5 234 449 1481 1480 235 
4 452 448 450 447 
4 449 451 655 1481 
5 61 174 576 453 62 
5 454 171 576 453 781 
5 62 453 781 1071 56 
5 106 671 454 781 1071 
4 454 171 612 671 
6 692 837 1172 1198 797 951 
5 153 152 1526 1074 494 
5 494 836 621 1073 1074 
5 152 935 812 1528 1526 
5 959 960 680 1515 860 
5 384 385 455 409 410 
4 455 385 386 956 
5 342 413 654 376 341 
5 386 802 373 1052 956 
7 409 455 956 1052 1596 1609 1606 
5 414 415 594 593 481 
5 414 481 822 823 863 
5 94 428 427 1518 1069 
6 246 549 937 1069 1518 1519 
6 429 440 439 1519 1518 427 
6 684 881 893 510 1566 1574 
5 542 892 1369 1544 1538 
5 542 882 991 1540 1538 
6 962 990 684 1574 1383 1417 
5 351 352 810 809 832 
4 523 932 1488 1626 
6 420 419 1395 1406 1401 1427 
6 1487 1488 1626 1628 1544 1538 
5 418 615 1487 1538 1540 
6 438 522 1181 922 1427 1401 
6 522 523 932 1249 1217 438 
6 327 328 1516 1711 1712 474 
6 1168 1169 954 1532 1521 1479 
4 381 674 1275 749 
6 381 674 1029 1030 1357 1356 
5 94 95 687 688 428 
5 456 320 321 29 909 
5 456 563 733 908 909 
5 395 401 275 1414 1402 
6 406 512 869 1002 451 655 
5 447 458 457 405 501 
6 457 454 671 670 408 405 
5 458 457 454 171 172 
6 165 172 458 447 452 425 
4 451 452 425 1002 
4 687 688 1683 1105 
5 24 21 1381 1154 930 
6 426 283 19 20 630 590 
5 334 427 1518 1525 335 
6 315 335 1525 1524 1154 930 
6 439 1333 1381 1154 1524 1519 
6 17 128 1449 1651 1648 16 
5 1072 1442 1453 1492 1496 
6 374 178 774 595 1453 1442 
4 374 931 1072 1442 
5 462 461 460 1254 1253 
5 179 462 1253 1264 775 
5 198 550 460 1254 1223 
5 461 460 550 1393 459 
5 462 461 459 180 179 
5 180 459 1393 1364 177 
4 1153 1154 1524 989 
5 246 907 989 1524 1519 
4 317 319 368 370 
4 509 767 1367 1612 
6 662 698 817 927 1337 1336 
6 397 423 528 463 1180 1179 
5 816 1009 778 1182 1176 
5 777 778 1182 1455 1439 
4 1251 1400 1428 1522 
5 108 324 843 842 515 
5 464 843 324 1589 1590 
5 464 298 708 756 1590 
6 552 553 535 1332 1359 103 
5 301 298 464 843 842 
5 535 920 1064 1331 1332 
5 535 553 756 708 920 
5 281 519 622 677 1159 
5 145 880 1363 1175 1174 
5 64 141 1175 1363 1292 
6 398 353 348 1289 1351 1048 
6 436 571 742 741 366 796 
5 226 387 570 571 742 
4 366 741 1347 921 
5 598 681 1346 942 877 
5 795 796 436 1691 1690 
5 73 69 787 563 733 
6 339 513 514 1094 1461 1477 
5 339 336 1329 1041 1477 
4 377 205 1037 1328 
5 1040 1041 1477 1461 1135 
6 232 227 568 1235 1234 1208 
5 1207 1208 232 1371 1266 
6 441 228 1372 1196 1349 254 
5 388 378 826 708 756 
6 386 248 551 390 1584 956 
5 383 299 300 484 485 
5 464 455 956 1584 1590 
6 464 298 299 383 385 455 
5 389 196 673 1556 1561 
7 321 29 560 1482 1481 449 322 
5 449 451 1002 1001 322 
5 210 207 286 1449 1651 
5 535 689 1062 1379 1332 
5 1535 1536 926 1669 675 
5 926 1053 105 1668 1669 
5 374 936 1508 1503 1442 
5 156 462 1253 1425 1089 
5 179 176 952 156 462 
5 335 472 1654 1655 1525 
5 1068 1069 1518 1525 1655 
5 435 558 1546 1555 1463 
6 361 435 558 557 436 796 
4 557 558 1546 1550 
5 157 764 182 862 1240 
6 1044 1202 1245 1035 1269 1270 
5 100 396 808 944 943 
5 234 225 482 322 449 
5 225 232 1208 1194 482 
4 448 597 1341 604 
6 425 53 711 597 448 452 
5 918 939 1462 1461 1094 
5 465 754 919 1093 983 
6 780 781 453 1000 999 371 
5 575 576 453 1000 971 
5 457 454 781 780 585 
5 458 457 585 1632 271 
5 458 172 110 114 271 
5 40 38 124 125 251 
5 391 379 1340 1377 813 
5 372 601 381 674 1065 
5 1029 1030 1080 1079 297 
5 600 601 372 1272 1130 
5 466 236 939 1462 1478 
6 339 1117 1209 466 1478 1477 
6 231 235 1480 1483 1116 1210 
5 466 236 231 1210 1209 
5 431 432 1042 1195 430 
4 645 679 1195 1042 
5 41 928 755 1012 1011 
4 80 6 7 611 
5 356 435 558 984 917 
5 437 465 754 742 571 
6 358 362 366 741 1152 1136 
6 437 465 983 984 558 557 
4 463 433 603 1180 
5 456 229 225 482 320 
6 442 224 229 456 563 787 
7 372 601 497 1339 1379 1332 1331 
5 403 625 902 562 721 
5 409 404 843 464 455 
5 324 326 407 404 843 
6 1113 1182 778 1312 1489 1490 
5 194 734 1062 1379 1339 
6 734 1062 1238 1236 1084 1085 
5 535 689 445 1276 920 
5 480 481 414 828 1295 
5 823 863 984 558 1546 
6 39 770 1391 1404 1257 1256 
5 34 769 987 1500 1494 
6 47 160 367 1256 1257 44 
4 44 1257 1404 1560 
5 404 548 586 842 843 
5 457 405 548 586 585 
5 346 343 422 310 581 
6 155 468 1404 1257 1278 1063 
5 467 468 155 1101 1003 
5 402 467 1003 1121 250 
5 467 468 1404 1391 402 
6 450 447 458 271 1242 1298 
5 547 548 586 644 1620 
5 1145 1298 450 1438 1437 
5 562 763 990 684 902 
5 684 902 625 1573 1574 
5 926 1536 1641 1665 1662 
5 120 359 1662 926 1053 
6 694 845 1615 1614 596 1527 
5 332 305 1529 1527 596 
6 101 423 528 1161 1343 1038 
4 565 1209 466 1313 
6 345 263 976 1114 574 582 
5 264 168 116 1115 975 
5 469 460 550 773 903 
5 469 460 1254 1028 1027 
5 152 587 596 1527 1526 
6 230 72 1216 1313 466 236 
6 127 209 648 649 1076 1075 
5 467 1003 1426 1028 1027 
5 1003 1101 1089 1425 1426 
5 463 433 1160 1161 528 
4 75 639 1104 1604 
5 445 689 1062 734 1637 
5 559 901 1623 1457 1448 
5 62 453 1000 991 882 
5 684 881 682 1081 902 
5 511 723 1639 1666 1664 
6 926 1662 1663 1110 1667 1669 
5 511 878 1110 1663 1664 
5 517 647 1667 1110 878 
5 542 1274 1486 1487 1538 
6 203 1246 1485 1488 1626 1625 
6 989 1107 1653 1655 1525 1524 
4 1020 1226 525 1512 
5 1110 1187 1307 1311 1663 
5 120 359 1310 1247 119 
5 1218 1479 1521 1520 1548 
5 383 299 1370 1434 1429 
5 555 567 1511 1545 1432 
5 4 591 1175 1363 1362 
5 46 393 470 471 1551 
5 45 44 1257 1278 1397 
5 316 393 470 154 693 
5 471 468 1404 1560 1551 
5 471 468 155 154 470 
6 113 2 3 545 1299 1241 
6 272 400 417 820 620 544 
5 913 914 1233 1299 545 
6 73 733 908 565 1313 1216 
5 456 229 231 1210 909 
5 471 469 1027 467 468 
5 470 471 469 460 461 
5 154 156 462 461 470 
5 751 768 803 966 934 
6 392 268 269 642 180 459 
6 258 260 1392 1393 459 392 
5 392 459 461 470 393 
6 448 450 1298 1299 545 597 
4 725 1370 1434 1624 
6 471 469 903 929 1553 1551 
5 896 897 1001 1297 925 
5 472 948 1415 1419 1654 
5 689 1062 1238 1286 1315 
5 1084 1085 1176 1182 1113 
5 660 661 700 699 473 
6 859 860 1515 1522 1251 1250 
5 524 757 632 791 790 
5 581 582 476 1443 1444 
5 477 478 967 1294 1142 
5 486 487 592 942 941 
4 489 490 1190 1191 
5 491 492 789 1112 1111 
5 493 758 853 1097 985 
5 494 1074 1418 1382 1138 
5 973 974 932 1249 1164 
5 1565 1596 1609 1670 1674 
5 535 553 1314 1315 689 
4 495 496 614 613 
5 870 871 537 1132 1166 
4 497 498 600 601 
5 1433 1434 1624 1623 901 
5 499 500 664 1602 1601 
6 588 589 501 655 1481 1480 
5 1018 1019 685 1408 1407 
5 648 649 569 1231 1165 
5 765 1317 1678 1681 1338 
6 978 996 1086 845 1615 1619 
5 505 844 922 1543 972 
5 506 507 931 1072 841 
5 672 673 1305 1304 508 
5 750 751 768 767 509 
6 1316 1317 765 1567 1566 510 
5 1074 1418 694 1527 1526 
6 516 711 1266 1265 964 1140 
5 660 661 746 745 518 
5 519 622 1199 1496 1495 
5 840 841 1072 1442 1503 
5 621 763 990 962 1073 
4 520 521 1026 1025 
4 560 1116 1483 1482 
5 522 523 1626 1628 1181 
5 524 757 1010 853 758 
6 1073 1074 1526 1528 1515 680 
5 529 530 1088 1087 835 
5 824 825 753 1010 757 
5 889 890 1017 1155 740 
5 531 841 1072 1496 1495 
5 602 603 904 905 532 
4 866 1447 1440 1542 
4 953 1383 1574 1566 
5 540 541 1018 1019 752 
6 645 679 892 542 1274 1273 
5 549 937 1103 1467 1468 
5 772 773 550 1393 1392 
6 551 879 1581 1576 1373 1374 
4 1332 1359 1680 1379 
5 552 553 756 1590 1589 
5 561 562 902 1081 1045 
5 908 909 1210 1209 565 
5 592 942 1346 1372 1196 
5 1050 1051 583 1124 1123 
5 622 1199 1450 1268 1267 
5 695 857 1309 1308 1133 
4 584 835 1087 953 
5 585 586 644 1631 1632 
5 987 1390 1559 1499 1500 
5 587 596 1614 1618 686 
5 597 711 1266 1371 1341 
5 605 828 1295 1617 1622 
5 670 671 612 696 697 
5 822 823 1546 1555 1451 
4 619 620 820 819 
5 836 837 1172 1173 621 
5 625 902 1081 1681 1338 
5 716 717 837 836 720 
5 977 978 1619 1618 686 
5 699 700 830 829 626 
5 741 742 754 919 1152 
5 633 996 1138 1324 1326 
4 668 704 814 815 
5 639 776 933 1185 1104 
5 750 751 934 933 1185 
5 651 652 1302 1303 1061 
6 1064 1065 674 1275 1276 920 
5 682 793 1678 1681 1081 
5 683 705 1350 1351 1048 
6 858 862 1240 1239 1036 1158 
5 881 882 991 990 684 
5 806 807 685 1019 752 
5 694 845 1086 1382 1418 
5 708 826 1323 1276 920 
5 715 862 1240 1424 1318 
5 738 739 980 979 724 
5 965 966 803 1389 1385 
5 867 868 729 946 945 
4 730 731 1201 1348 
6 735 972 1543 1544 1369 1368 
6 973 974 1026 1025 1148 1149 
5 918 919 754 940 939 
6 772 773 903 929 928 755 
5 1011 1012 761 1633 1635 
5 931 1072 1496 1199 1200 
5 990 991 1000 999 763 
5 891 1047 1133 1308 1213 
4 767 768 830 829 
5 769 770 1391 1390 987 
5 981 982 771 1106 1107 
5 777 778 1312 1343 1038 
5 933 934 966 965 776 
4 780 781 1071 1070 
5 870 871 876 877 784 
5 1221 1222 1283 1282 792 
5 904 905 794 1279 1287 
5 959 960 1197 1198 797 
5 1066 1067 1119 1118 811 
5 809 810 880 1363 1292 
4 812 860 1515 1528 
5 816 817 927 1008 1009 
6 926 1053 1237 1238 1286 1536 
5 1006 1007 818 1067 1066 
4 869 897 1001 1002 
5 833 834 995 1285 1284 
4 838 839 969 968 
5 918 919 1152 1151 847 
5 1095 1096 1230 1231 848 
5 849 961 1162 1687 1684 
5 852 1055 1431 1445 1375 
5 856 857 1296 1297 925 
4 883 884 1205 1204 
5 886 1166 1689 1690 1402 
4 887 888 1023 1024 
4 889 890 923 924 
5 894 895 954 1514 1513 
5 1090 1091 1098 1158 1244 
5 983 984 917 1092 1093 
5 941 942 1346 1347 921 
5 922 1181 1628 1544 1543 
5 997 998 1153 1154 930 
4 935 936 952 951 
5 1068 1069 937 1103 1102 
5 943 944 1342 1343 1038 
6 1415 1416 1105 1683 1682 948 
6 1237 1238 1062 1379 1680 1679 
6 1087 1088 1086 1382 1383 953 
5 956 1052 1568 1592 1584 
5 979 980 1015 1014 957 
5 1073 1074 1418 1417 962 
6 1186 1187 1307 1306 1410 1409 
4 963 964 1140 1141 
6 1143 1398 1425 1089 1509 1501 
5 999 1000 971 1108 1109 
4 975 976 1114 1115 
4 992 993 1031 1032 
4 996 1086 1382 1138 
5 1100 1101 1003 1121 1120 
5 1043 1044 1017 1155 1156 
5 1102 1103 1467 1226 1020 
5 1029 1030 1532 1521 1476 
5 1153 1154 1381 1380 1033 
5 1035 1036 1158 1244 1245 
5 1040 1041 1329 1328 1037 
5 1039 1042 1195 1472 1471 
6 1045 1081 1681 1680 1359 1358 
5 1079 1080 1049 1123 1124 
4 1134 1135 1461 1094 
5 1239 1240 1424 1423 1054 
5 1127 1128 1277 1278 1063 
5 1224 1225 1217 1249 1164 
5 1168 1169 1078 1189 1188 
4 1082 1083 1595 1594 
5 1160 1161 1343 1342 1099 
5 1146 1147 1104 1185 1184 
5 1186 1187 1110 1667 1677 
4 1116 1117 1209 1210 
7 1324 1325 1573 1574 1383 1382 1138 
5 1129 1130 1272 1271 1122 
5 1131 1132 1166 1689 1688 
5 1151 1152 1136 1437 1438 
5 1137 1183 1714 1710 1465 
5 1294 1295 1617 1616 1142 
5 1232 1233 1299 1298 1145 
4 1148 1149 1190 1191 
5 1228 1229 1162 1687 1686 
5 1214 1215 1230 1231 1165 
5 1170 1171 1218 1548 1547 
4 1172 1173 1197 1198 
5 1176 1177 1454 1455 1182 
6 1250 1251 1400 1401 1406 1405 
5 1207 1208 1194 1297 1296 
5 1265 1266 1371 1372 1196 
5 1199 1200 1330 1458 1450 
4 1202 1203 1244 1245 
5 1234 1235 1206 1658 1659 
5 1226 1467 1571 1569 1547 
5 1290 1291 1309 1308 1213 
5 1248 1249 1217 1406 1395 
5 1253 1254 1223 1263 1264 
5 1259 1260 1227 1412 1411 
5 1237 1238 1236 1490 1489 
4 1241 1242 1298 1299 
5 1273 1274 1486 1485 1246 
5 1306 1307 1311 1310 1247 
4 1256 1257 1278 1277 
5 1269 1270 1334 1335 1258 
4 1261 1262 1267 1268 
4 1279 1280 1288 1287 
4 1275 1276 1323 1322 
5 1284 1285 1619 1618 1281 
5 1314 1315 1286 1536 1535 
5 1350 1351 1289 1597 1598 
4 1292 1293 1362 1363 
4 1300 1301 1304 1305 
5 1321 1493 1451 1555 1554 
5 1316 1317 1312 1343 1342 
5 1344 1345 1423 1424 1318 
4 1319 1320 1328 1329 
4 1324 1325 1327 1326 
5 1330 1352 1649 1650 1458 
4 1331 1332 1359 1358 
5 1336 1337 1611 1612 1367 
5 1338 1339 1379 1680 1681 
5 1356 1357 1376 1377 1340 
5 1346 1347 1341 1371 1372 
4 1353 1354 1373 1374 
7 1433 1434 1370 1476 1521 1520 1360 
5 1361 1469 1572 1562 1510 
4 1364 1365 1392 1393 
5 1368 1369 1472 1473 1366 
4 1382 1383 1417 1418 
4 1384 1385 1389 1388 
5 1390 1391 1404 1560 1559 
4 1394 1395 1406 1405 
4 1409 1410 1422 1421 
5 1411 1412 1399 1580 1581 
4 1400 1401 1427 1428 
5 1413 1414 1402 1690 1691 
5 1407 1408 1403 1443 1444 
4 1415 1416 1420 1419 
4 1429 1430 1433 1434 
5 1435 1436 1570 1545 1432 
5 1454 1455 1439 1587 1588 
5 1446 1447 1440 1499 1500 
5 1441 1451 1493 1498 1466 
5 1452 1453 1442 1503 1502 
5 1456 1457 1448 1636 1635 
5 1449 1450 1458 1650 1651 
4 1461 1462 1478 1477 
4 1463 1464 1710 1465 
5 1467 1468 1469 1572 1571 
5 1474 1475 1466 1498 1497 
4 1470 1476 1521 1479 
4 1480 1481 1482 1483 
4 1485 1486 1487 1488 
5 1495 1496 1492 1699 1700 
5 1497 1498 1493 1507 1506 
5 1499 1500 1494 1505 1504 
5 1510 1511 1545 1570 1562 
5 1502 1503 1508 1509 1501 
5 1513 1514 1512 1653 1652 
5 1522 1523 1529 1528 1515 
5 1535 1536 1641 1640 1517 
4 1518 1519 1524 1525 
4 1520 1521 1532 1531 
4 1526 1527 1529 1528 
5 1533 1534 1530 1715 1716 
5 1541 1542 1552 1553 1537 
5 1539 1540 1538 1544 1543 
5 1547 1548 1545 1570 1569 
5 1549 1550 1546 1555 1554 
5 1552 1553 1551 1560 1559 
4 1556 1561 1592 1568 
5 1569 1570 1562 1572 1571 
6 1565 1568 1592 1591 1675 1674 
4 1566 1567 1573 1574 
4 1575 1576 1581 1580 
5 1578 1579 1588 1587 1577 
5 1589 1590 1584 1592 1591 
5 1595 1596 1609 1608 1594 
4 1597 1598 1599 1600 
4 1603 1604 1612 1611 
4 1605 1606 1609 1608 
5 1616 1617 1622 1621 1613 
4 1614 1615 1619 1618 
5 1621 1622 1623 1624 1620 
4 1625 1626 1628 1627 
4 1629 1630 1632 1631 
4 1633 1634 1636 1635 
5 1640 1641 1665 1666 1639 
4 1637 1638 1643 1642 
4 1644 1645 1647 1646 
4 1648 1649 1650 1651 
4 1652 1653 1655 1654 
4 1656 1657 1658 1659 
5 1663 1664 1666 1665 1662 
5 1668 1669 1667 1677 1676 
4 1670 1671 1675 1674 
4 1672 1673 1677 1676 
4 1678 1679 1680 1681 
4 1684 1685 1686 1687 
4 1688 1689 1690 1691 
5 1694 1695 1692 1716 1715 
5 1694 1695 1697 1698 1693 
5 1697 1698 1696 1701 1702 
4 1699 1700 1703 1704 
4 1705 1706 1708 1707 
4 1709 1710 1714 1713 
CELL_DATA 1640
SCALARS scalar_1 double
LOOKUP_TABLE default
    4.959766
    4.962446
    4.962415
    4.960980
    4.936631
    4.945495
    4.954247
    4.961890
    4.955982
    4.963661
    4.957939
    4.965749
    4.970865
    4.968683
    4.945495
    4.966264
    4.969048
    4.966937
    4.964432
    4.971587
    4.966467
    4.959532
    4.962625
    4.968676
    4.964623
    4.968646
    4.970886
    4.963009
    4.966264
    4.968839
    4.967900
    4.968654
    4.972309
    4.969367
    4.965376
    4.969309
    4.966754
    4.966952
    4.965808
    4.963218
    4.959776
    4.968839
    4.962997
    4.965458
    4.960939
    4.970886
    4.965907
    4.966781
    4.965907
    4.965327
    4.966781
    4.966537
    4.961462
    4.971001
    4.971279
    4.966952
    4.960939
    4.969063
    4.961744
    4.966890
    4.968354
    4.970229
    4.969820
    4.967737
    4.962415
    4.965424
    4.968683
    4.969309
    4.969403
    4.965229
    4.967115
    4.959766
    4.964519
    4.965472
    4.969083
    4.970081
    4.965194
    4.970017
    4.969531
    4.969857
    4.964432
    4.967930
    4.969077
    4.970645
    4.964515
    4.970886
    4.962761
    4.962446
    4.968420
    4.966806
    4.967418
    4.967998
    4.964188
    4.966781
    4.966937
    4.965907
    4.966537
    4.969737
    4.969309
    4.969160
    4.967903
    4.970807
    4.963490
    4.966256
    4.968103
    4.963082
    4.968447
    4.965387
    4.964010
    4.970801
    4.966051
    4.969958
    4.967160
    4.969450
    4.966501
    4.964420
    4.961376
    4.969737
    4.966806
    4.969048
    4.964916
    4.963490
    4.968711
    4.959532
    4.966318
    4.964067
    4.967939
    4.959112
    4.963683
    4.968654
    4.963009
    4.968419
    4.962173
    4.953497
    4.968529
    4.968103
    4.964420
    4.959660
    4.968313
    4.965958
    4.964432
    4.969857
    4.970081
    4.968068
    4.963562
    4.966874
    4.967111
    4.967160
    4.964010
    4.968808
    4.967049
    4.965978
    4.967930
    4.970017
    4.967405
    4.970081
    4.965464
    4.963851
    4.964515
    4.968119
    4.967006
    4.957939
    4.961501
    4.964484
    4.966361
    4.959766
    4.936631
    4.955982
    4.964102
    4.969531
    5.004856
    4.964994
    4.945495
    4.971306
    4.964519
    4.967775
    4.969857
    4.970380
    4.965978
    4.965958
    4.968119
    4.970081
    4.971428
    4.969083
    4.968068
    4.968107
    4.967421
    4.964220
    4.966637
    4.963484
    4.963453
    4.966874
    4.965376
    4.966754
    4.968646
    4.965923
    4.968676
    4.968384
    4.967049
    4.963771
    4.963851
    4.967049
    4.965464
    4.968384
    4.966615
    4.964432
    4.964484
    4.963562
    4.970031
    4.968068
    4.966183
    4.970017
    4.970081
    4.967084
    4.965749
    4.968420
    4.971496
    4.962415
    4.961890
    4.967348
    4.970107
    4.957939
    4.955982
    4.964046
    4.967115
    4.968420
    4.955982
    4.970107
    4.966038
    4.964623
    4.957939
    4.966275
    4.959112
    4.967115
    4.965386
    4.962446
    4.964046
    4.963771
    4.967900
    4.968384
    4.959766
    4.965749
    4.957939
    4.963575
    4.962761
    4.966930
    4.963727
    4.971279
    4.963453
    4.966754
    4.968817
    4.967421
    4.962625
    4.961829
    4.964220
    4.967777
    4.961890
    4.967775
    4.972410
    4.966806
    4.969309
    4.966952
    4.969367
    4.969026
    4.965907
    4.966834
    4.969737
    4.969063
    4.968683
    4.945495
    4.958573
    5.004856
    4.970645
    4.974251
    4.966615
    4.964564
    4.970017
    4.959766
    4.969531
    4.964432
    4.966361
    4.966275
    4.968646
    4.965023
    4.968676
    4.966038
    4.960535
    4.959112
    4.959532
    4.955982
    4.966467
    4.961829
    4.962625
    4.966275
    4.961890
    4.968664
    4.955982
    4.969299
    4.968896
    4.967843
    4.967020
    4.961890
    4.965023
    4.963018
    4.966038
    4.951625
    4.968165
    4.970338
    4.967775
    4.966314
    4.968130
    4.969367
    4.970833
    4.969026
    4.967348
    4.969299
    4.967160
    4.967727
    4.963752
    4.970229
    4.966078
    4.963755
    4.956731
    4.964178
    4.960544
    4.966549
    4.965705
    4.967939
    4.959532
    4.968683
    4.966467
    4.970645
    4.964432
    4.967737
    4.968400
    4.968664
    4.966006
    4.970092
    4.972142
    4.968705
    4.970338
    4.969367
    4.968646
    4.969309
    4.966038
    4.967630
    4.968605
    4.960544
    4.964181
    4.968354
    4.966051
    4.968625
    4.969009
    4.969407
    4.967843
    4.970801
    4.968165
    4.969367
    4.970401
    4.966314
    4.969299
    4.967160
    4.936631
    4.951625
    4.968585
    4.964994
    4.963018
    4.961890
    4.967936
    4.967717
    4.972410
    4.962342
    4.964804
    4.954109
    4.970807
    4.969160
    4.969070
    4.972309
    4.965229
    4.966825
    4.961370
    4.967115
    4.963575
    4.972336
    4.965386
    4.971806
    4.968563
    4.967939
    4.966467
    4.966318
    4.968335
    4.959112
    4.966007
    4.964067
    4.962405
    4.968646
    4.969555
    4.966318
    4.969313
    4.972410
    4.968628
    4.963484
    4.968400
    4.966628
    4.964916
    4.962997
    4.967630
    4.967737
    4.967805
    4.968618
    4.968605
    4.969407
    4.960544
    4.970229
    4.964432
    4.966754
    4.967115
    4.965386
    4.967903
    4.966607
    4.963771
    4.964046
    4.978605
    4.965479
    4.969596
    4.968419
    4.960535
    4.960939
    4.961744
    4.963218
    5.000000
    4.970645
    5.004856
    4.959764
    4.951625
    4.954109
    4.964994
    4.936631
    4.969540
    4.969531
    4.962917
    4.969187
    4.969485
    4.967133
    4.963696
    4.963723
    4.965472
    4.963484
    4.969596
    4.962477
    4.963218
    4.961829
    4.960535
    4.961744
    4.964102
    4.966361
    4.955982
    4.959766
    4.957939
    4.964720
    4.965698
    4.963889
    4.960079
    4.962173
    4.953497
    4.960758
    4.968654
    4.968839
    4.968419
    4.968529
    4.953497
    4.962563
    4.971166
    4.965171
    4.966264
    4.966959
    4.958911
    4.973714
    4.967843
    4.968822
    4.968676
    4.966164
    4.965955
    4.960773
    4.968646
    4.967020
    4.967160
    4.966038
    4.964799
    4.971166
    4.953497
    4.965387
    4.968447
    4.967775
    4.967160
    4.964519
    4.965472
    4.969485
    4.970833
    4.966051
    4.967903
    4.969313
    4.965386
    4.969160
    4.969309
    4.963771
    4.966607
    4.963218
    4.965458
    4.961462
    4.968618
    4.967006
    4.966834
    4.966652
    4.967630
    4.968605
    4.967405
    4.965171
    4.967020
    4.971166
    4.969048
    4.965458
    4.967630
    4.968400
    4.964916
    4.965907
    4.962997
    4.967936
    4.963018
    4.967020
    4.965023
    4.971166
    4.966930
    4.963696
    4.960758
    4.962342
    4.962049
    4.965023
    4.967020
    4.967031
    4.964994
    4.962342
    4.955982
    4.967936
    4.976725
    4.954247
    4.974251
    5.004856
    4.958573
    4.968683
    4.936631
    4.959766
    4.966467
    4.968529
    4.964067
    4.967864
    4.968654
    4.968419
    4.959112
    4.969820
    4.969309
    4.963683
    4.966318
    4.968839
    4.968654
    4.971947
    4.966264
    4.966781
    4.967998
    4.969154
    4.965949
    4.960939
    4.968165
    4.963484
    4.961829
    4.961744
    4.971279
    4.970928
    4.966746
    4.967777
    4.965376
    4.969063
    4.963727
    4.965229
    4.972309
    4.969313
    4.951625
    4.972410
    4.965464
    4.968384
    4.963771
    4.967006
    4.968686
    4.964046
    4.966607
    4.965978
    4.963562
    4.969857
    4.968119
    4.964432
    4.963562
    4.970017
    4.968103
    4.967160
    4.968165
    4.964799
    4.964220
    4.962625
    4.964432
    4.967115
    4.967421
    4.968107
    4.964799
    4.967922
    4.960758
    4.963696
    4.966930
    4.965802
    4.963889
    4.966781
    4.966264
    4.964420
    4.969309
    4.964186
    4.972227
    4.969820
    4.967510
    4.966328
    4.968384
    4.968563
    4.968705
    4.967174
    4.969154
    4.962997
    4.963696
    4.968525
    4.968839
    4.963889
    4.965479
    4.969187
    4.968419
    4.978605
    4.962049
    4.959764
    4.964018
    4.976725
    5.004856
    4.936631
    4.972410
    5.000000
    4.964420
    4.966318
    4.959112
    4.966038
    4.968420
    4.963683
    5.000000
    4.936631
    4.972410
    4.961890
    4.964799
    4.966260
    4.963575
    4.964394
    4.965479
    4.968664
    4.966006
    4.969596
    4.972142
    4.962477
    4.972410
    5.000000
    4.968119
    4.968384
    4.968683
    4.964564
    4.959112
    4.957939
    4.966825
    4.969511
    4.970562
    4.964181
    4.964394
    4.963575
    4.963683
    4.966260
    4.962563
    4.969309
    4.965376
    4.966952
    4.969063
    4.966314
    4.970928
    4.968165
    4.969026
    4.970017
    4.970645
    4.969077
    4.974251
    4.967421
    4.968107
    4.969857
    4.966361
    4.963218
    4.964720
    4.967930
    4.967727
    4.967970
    4.966652
    4.967006
    4.965464
    4.961462
    4.968686
    4.967174
    4.970229
    4.963771
    4.969820
    4.978605
    4.961462
    4.964720
    4.961744
    4.966652
    4.969596
    4.965458
    4.962477
    4.968676
    4.966930
    4.963727
    4.955982
    4.962625
    4.967020
    4.971166
    4.967031
    4.961829
    4.963771
    4.969309
    4.967174
    4.964186
    4.968705
    4.968313
    4.972227
    4.968840
    4.970229
    4.967737
    4.966834
    4.969048
    4.968625
    4.965705
    4.967630
    4.965778
    4.968618
    4.967084
    4.970928
    4.967727
    4.961462
    4.969063
    4.970877
    4.967084
    4.968130
    4.966834
    4.970833
    4.967630
    4.968840
    4.968705
    4.968618
    4.970229
    4.966652
    4.966006
    4.967174
    4.968400
    4.967805
    4.965386
    4.966825
    4.961370
    4.969160
    4.969511
    4.962342
    4.960544
    4.968618
    4.970229
    4.964046
    4.966318
    4.961829
    4.960535
    4.969063
    4.970928
    4.971279
    4.964720
    4.961462
    4.960939
    4.963683
    4.964181
    4.969450
    4.966825
    4.962563
    4.965984
    4.969009
    4.961829
    4.970928
    4.967970
    4.966746
    4.966361
    4.967930
    4.964102
    4.968839
    4.966264
    4.965376
    4.968165
    4.965387
    4.968103
    4.966471
    4.965802
    4.963696
    4.968447
    4.968808
    4.966834
    4.968420
    4.936631
    5.000000
    4.968683
    4.962625
    4.968817
    4.965386
    4.966825
    4.966781
    4.965458
    4.966834
    4.964916
    4.961462
    4.969048
    4.966874
    4.966471
    4.969063
    4.968165
    4.970401
    4.966754
    4.966952
    4.962477
    4.957939
    4.964394
    4.960535
    4.968711
    4.966318
    4.969450
    4.959112
    4.962563
    4.965984
    4.953497
    4.967065
    4.970562
    4.966754
    4.964018
    4.936631
    5.000000
    4.970380
    4.966770
    4.967717
    4.968646
    4.968165
    4.967775
    4.968447
    4.966746
    4.967970
    4.970928
    4.969083
    4.967727
    4.967174
    4.968705
    4.968686
    4.962477
    4.964564
    4.968563
    4.967510
    4.966652
    4.965464
    4.966006
    4.968384
    4.968664
    4.968400
    4.965479
    4.969187
    4.968664
    4.966006
    4.967865
    4.978605
    4.968571
    4.967970
    4.961462
    4.969063
    4.968165
    4.966746
    4.970562
    4.957939
    4.968419
    4.964394
    4.960535
    4.966467
    4.968420
    4.966038
    4.968676
    4.964799
    4.962625
    4.964994
    4.962917
    4.969531
    4.965472
    4.955982
    4.967031
    4.963727
    4.963723
    4.960535
    4.960939
    4.968839
    4.968654
    4.953497
    4.965479
    4.964394
    4.966652
    4.968400
    4.967174
    4.968664
    4.968705
    4.962477
    4.978605
    5.004856
    4.970645
    4.964799
    4.970229
    4.963771
    4.966549
    4.968618
    4.965978
    4.965778
    4.966607
    4.962415
    4.964799
    4.971166
    4.966930
    4.953497
    4.961890
    4.968808
    4.961890
    4.967031
    4.957939
    4.960535
    4.961829
    4.968808
    4.964519
    4.964564
    4.959766
    4.965229
    4.964420
    4.966264
    4.965472
    4.969485
    4.966051
    4.967805
    4.968840
    4.969857
    4.970092
    4.968808
    4.965958
    4.969083
    4.966549
    4.966607
    4.967596
    4.967418
    4.963562
    4.969857
    4.965958
    4.969048
    4.966834
    4.967418
    4.967596
    4.966952
    4.964178
    4.969857
    4.968119
    4.970380
    4.959660
    4.968840
    4.968808
    4.964067
    4.968711
    4.962173
    4.967065
    4.966320
    5.004856
    4.969077
    4.969531
    4.970017
    4.974251
    4.969540
    4.965472
    4.968400
    4.965479
    4.966260
    4.963575
    4.957939
    4.960535
    4.962563
    4.962917
    4.936631
    4.969531
    4.967031
    4.967160
    4.965387
    4.968165
    4.968686
    4.965464
    4.964564
    4.967510
    4.969154
    4.962563
    4.966825
    4.962917
    4.966260
    4.965479
    4.962563
    4.965984
    4.967065
    4.974771
    4.936631
    4.964018
    4.976725
    5.004856
    4.966264
    4.968839
    4.968525
    4.965458
    4.966781
    4.964916
    4.968400
    4.969187
    4.978605
    4.969070
    4.969160
    4.963783
    4.966320
    4.967115
    4.965386
    4.962173
    4.970807
    4.968646
    4.966264
    4.963082
    4.968896
    4.966164
    4.971166
    4.967843
    4.965458
    4.978605
    4.969187
    4.967630
    4.967805
    4.967133
    4.965386
    4.969070
    4.971806
    4.970807
    4.967115
    4.966825
    4.961370
    4.970092
    4.963696
    4.962049
    4.967031
    4.969187
    4.962917
    4.965472
    4.968571
    4.970092
    4.969857
    4.968420
    4.966834
    4.967727
    5.004856
    4.962625
    4.969154
    4.968839
    4.967510
    4.968529
    4.965949
    4.967864
    4.966314
    4.968130
    4.968420
    4.968646
    4.967843
    4.968705
    4.962477
    4.972336
    4.966260
    4.967865
    4.968563
    4.965386
    4.969048
    4.963575
    4.965229
    4.968563
    4.962477
    4.964564
    4.972309
    4.959766
    4.967510
    4.969531
    4.966361
    4.967930
    4.965464
    4.964564
    4.961829
    4.967777
    4.966746
    4.966930
    4.967031
    4.966652
    4.968618
    4.968705
    4.970229
    4.968686
    4.978605
    4.965479
    4.964420
    4.964916
    4.966264
    4.969083
    4.970092
    4.969531
    4.966746
    4.968420
    4.969540
    4.967031
    4.970092
    4.969531
    4.968571
    4.961370
    4.964799
    4.969048
    4.967727
    4.961462
    4.964420
    4.972309
    4.970807
    4.962563
    4.967510
    4.962477
    4.965464
    4.966361
    4.959766
    4.965229
    4.964420
    4.968839
    4.971947
    4.964420
    4.966781
    4.968525
    4.968646
    4.964799
    4.962625
    4.966930
    4.968817
    4.962625
    4.967864
    4.960939
    4.961829
    4.960535
    4.966781
    4.964916
    4.969063
    4.968103
    4.967160
    4.968808
    4.967775
    4.971306
    4.962049
    4.965464
    4.968686
    4.968618
    4.965978
    4.966652
    4.967727
    4.965778
    4.971166
    4.957939
    4.965749
    4.968130
    4.966260
    4.961370
    4.963575
    4.965386
    4.962563
    4.970807
    4.968563
    4.964186
    4.968840
    4.969540
    4.969070
    4.965229
    4.965386
    4.965778
    4.970229
    4.967630
    4.968686
    4.966652
    4.966549
    4.972309
    4.965229
    4.968646
    4.967727
    4.966607
    4.968119
    4.966930
    4.968817
    4.961829
    4.966781
    4.964916
    4.965479
    4.966260
    4.968571
    4.968896
    4.936631
    4.968808
    4.972309
    4.969070
    4.963575
    4.959766
    4.968563
    4.966260
    4.967930
    4.969531
    4.965464
    4.962477
    4.959766
    4.966754
    4.969063
    4.967727
    4.965458
    4.967970
    4.971806
    4.964186
    4.972309
    4.970807
    4.968840
    4.970092
    4.960939
    4.969048
    4.965479
    4.961370
    4.963575
    4.968571
    4.968808
    4.972309
    4.970807
    4.967727
    4.966746
    4.966652
    4.965464
    4.971306
    4.967727
    4.967348
    4.967727
    4.978605
    4.968571
    4.966754
    4.967418
    4.969063
    4.971279
    4.966652
    4.962477
    5.004856
    4.971279
    4.968817
    4.966183
    4.965949
    4.959766
    4.966652
    4.963575
    4.967930
    4.969083
    4.966607
    4.968119
    4.967777
    4.966930
    4.968808
    4.970807
    4.936631
    4.969531
    4.960939
    4.968817
    4.967777
    4.970807
    4.968646
    4.968817
    4.968817
    4.970380
    4.968103
    4.967348
    4.965458
    4.969531
    4.969083
    4.974771
    4.968119
    4.967111
    4.963562
    4.969531
    4.969540
    4.966781
    4.969048
    4.967111
    4.970380
    4.969048
    4.966652
    4.967805
    4.957939
    4.960939
    4.969063
    4.961829
    4.965949
    4.968817
    4.959766
    4.960535
    4.963575
    4.965698
    4.972309
    4.965949
    4.960939
    4.961829
    4.968103
    4.961829
    4.960939
    4.960939
    4.963575
    4.966652
    4.965949
    4.968683
    4.964420
    4.967348
    4.967775
    4.970338
    4.967031
    4.966314
    5.000000
    4.964394
    4.964181
    4.951625
    4.967133
    4.966314
    4.967777
    4.961370
    4.968686
    4.965778
    4.970645
    4.969009
    4.967970
    4.965458
    4.966667
    4.972336
    5.000000
    4.968646
    4.969083
    4.967777
    4.963723
    4.971166
    4.966686
    4.968103
    4.969083
    4.967777
    4.962446
    4.965955
    4.971166
    4.964799
    4.966746
    4.968585
    4.972309
    4.967865
    4.966314
    4.963727
    4.965387
    4.970877
    4.998992
    4.964799
    4.965958
    4.966781
    4.965472
    5.000000
    4.970092
    4.964916
    4.960939
    4.965705
    4.967970
    4.967006
    4.967930
    4.970807
    4.965386
    4.961744
    4.967020
    4.960980
    4.964010
    4.962477
    4.966952
    4.967777
    4.965229
    4.978605
    4.964564
    4.962049
    4.960535
    4.963727
    4.969083
    4.964720
    4.967777
    4.965376
    4.966260
    4.968447
    4.970166
    4.968103
    4.968103
    4.971947
    4.967727
    4.969083
    4.968130
    4.961890
    4.967930
    4.960773
    4.967777
    4.965778
    4.968896
    4.968711
    4.968103
    4.969160
    4.965386
    4.965472
    4.971806
    4.967865
    4.960939
    4.968839
    4.971166
    4.967930
    4.954247
    4.965376
    4.966952
    4.962997
    4.971306
    4.968103
    4.967930
    4.964181
    4.967903
    4.965958
    4.963727
    4.966183
    4.968420
    4.963727
    4.967160
    4.971428
    4.966183
    4.967510
    4.966471
    4.969596
    4.968664
    4.966038
    4.970562
    4.963783
    4.968683
    4.969857
    4.967936
    4.970081
    4.976294
    4.969737
    4.964994
    4.966260
    4.966825
    4.962917
    4.966781
    4.965023
    4.964916
    4.968808
    4.964420
    4.967775
    4.968447
    4.968686
    4.963683
    4.966746
    4.968119
    4.965749
    4.967421
    4.966361
    5.004856
    4.961890
    4.967777
    4.967421
    4.998992
    4.964916
    4.965458
    4.968839
    4.961890
    4.968705
    4.970092
    4.967970
    4.961462
    4.967865
    4.967717
    4.966754
    4.961370
    4.966834
    4.967174
    4.968808
    4.963951
    4.968119
    4.968563
    4.966746
    4.961462
    4.967936
    4.963575
    4.964394
    4.969868
    4.963575
    4.971806
    4.968625
    4.966038
    4.969048
    4.963727
    4.967160
    4.967031
    4.965229
    4.967115
    4.968676
    4.961890
    4.966320
    4.966628
    4.945495
    4.962917
    4.966467
    4.968605
    4.971428
    4.959766
    4.970092
    4.959660
    4.969063
    4.961890
    4.968822
    4.965958
    4.967084
    4.965802
    4.962415
    4.968130
    4.965749
    4.969820
    4.962049
    4.964010
    4.963018
    4.969077
    4.968447
    4.968676
    4.967970
    4.968165
    4.967775
    4.961462
    4.960484
    4.968354
    4.965458
    4.969485
    4.960535
    4.967133
    4.966746
    4.968103
    4.965949
    4.967031
    4.968119
    4.964181
    4.968571
    4.962563
    5.000000
    4.964420
    4.967630
    4.967805
    4.968896
    4.965327
    4.953497
    4.964799
    4.978605
    4.967843
    4.969540
    4.953497
    4.965387
    5.000000
    4.967630
    4.972309
    4.970092
    4.964799
    4.960758
    4.966952
    4.967805
    4.962625
    4.965907
    4.963723
    4.962415
    4.964916
    4.969048
    4.966930
    4.967922
    4.970886
    4.962917
    4.966628
    4.962049
    4.965949
    4.970229
    4.966051
    4.968686
    4.969083
    4.964181
    4.967160
    4.968686
    4.967174
    4.968130
    4.963484
    4.967174
    4.963218
    4.967777
    4.966006
    4.970092
    4.967405
    4.978605
    4.966607
    4.967084
    4.970833
    4.968676
    4.966781
    4.967115
    4.966607
    4.968119
    4.968686
    4.970081
    4.967775
    4.969511
    4.966825
    4.973714
    4.967065
    4.967065
    4.964799
    4.965938
    4.968419
