# vtk DataFile Version 2.0
polydata
ASCII
DATASET POLYDATA
POINTS 1669 double
3.41181457737112 3.10778897251213 0.158592043881005 
2.28359908091679 3.1471372089238 6.4666913453959 
3.15132050094558 3.90477782964025 0.579877289688733 
2.9829156158837 1.35129815873298 3.35674508373989 
3.04304056601878 2.41017860812916 2.72484093220239 
4.12032103348939 6.10723077310072 3.38025563429223 
3.99125872066634 5.51665637070836 3.56336938728487 
4.57294873632043 5.65438531694798 3.88333590126226 
4.42450977729695 5.51543908715008 2.48296174412834 
4.36084423459687 6.13380941051822 2.76846949981241 
4.66962136385694 4.93132144921821 3.18939439456239 
4.09506335038211 2.69055653029619 5.5372288731229 
3.48428488710215 1.67039023775405 4.99636351854848 
3.56629502674936 2.41989248176555 5.86087608295163 
3.49293637105118 2.43420935966039 5.11970254257172 
4.01356250623827 1.864289726634 4.79084443029739 
5.22545046989897 1.01971968260842 6.07035255566615 
4.73957469129825 0.753337464871845 0.416428220090696 
4.5320254935186 1.12163106526889 6.28960607909866 
5.05581037814082 0.422747666292388 0.416094779459685 
5.40388904813623 0.522908833630267 0.326526727063311 
0.755028913913185 3.42483873318584 3.36246265946343 
0.821111951131286 2.89960661414008 3.26369567709968 
1.02403885441051 3.63545380776959 2.96714040351887 
0.645894771249427 2.59687802632354 2.36183285958434 
2.88165256628035 5.33247603763862 3.34508205146695 
3.28101686230756 5.09699022457017 3.39784649229713 
3.67134327811156 5.16392550045177 2.97064992602473 
3.3279232210253 4.63723101211442 3.30862129906708 
2.36704847499785 4.46060831049967 2.77553263152365 
2.64009379020944 5.13326178148971 2.23549133097489 
2.35903726245375 5.29113071938739 2.63694637532867 
4.58449240425805 0.711066644601596 0.764774468050968 
4.75865979201027 0.487201380242075 0.915722085052189 
4.19306703263591 1.02078583473974 1.87580935335273 
4.13171577012046 4.02543877687144 6.42730972884625 
4.47531961131885 4.58526331799993 6.39074402216011 
4.79842052800123 3.45804266440375 5.88786399418106 
5.39543511245596 4.54427199434321 6.00555041561999 
4.10667077918088 4.19899800394767 6.32036521815699 
4.7633209876671 4.34090197153739 6.69490212350409 
4.83478570889197 6.61461552079026 2.66735567936622 
4.34935875213335 6.30235929223684 2.64068696384492 
4.35253191233527 6.17287005128783 1.93687407812317 
5.10459956830259 6.5549008843941 2.04531105711692 
4.88467641932978 6.38602341699669 1.75643903320836 
6.41886113481116 5.30328218620676 3.74926418027889 
0.116153583337184 5.32628389658122 3.01669526034081 
6.51022671712458 5.43470781499525 3.55837726931356 
0.295022369571208 5.18553068079468 3.9824483355777 
5.8950254132637 4.5026199593152 1.28109810809375 
5.73413796110766 5.07478029782677 1.23773504409494 
6.12346310618156 4.51405889497408 1.73465480167192 
6.42284267166299 4.29539441030287 1.62399343950347 
5.89427239954513 5.55003218076181 3.90582099871533 
5.89373313172145 4.78590052307089 3.77955805874702 
5.93019650239412 4.98423504047614 2.6079121873892 
6.33336955853973 5.34790333249626 2.75338853564333 
5.71991307652903 5.00447578854237 2.61525610225503 
5.88548477276235 4.60389749869863 3.50722679836533 
5.61210790837788 0.484424699383941 4.25938520610099 
5.41467919447559 0.741846606377441 4.31233486835605 
5.09277626487394 0.386681960421399 4.37640382568572 
5.29495837773675 6.64158138493815 3.73362168082572 
5.21221049210474 6.67426490981426 3.87278173160533 
4.63973538596827 0.319781390729145 4.13722490757913 
2.26854695769931 1.14925827419071 6.04953307485389 
3.43706011284907 0.536058034791242 6.15354565172541 
3.53443841496402 0.957925911078893 6.43970784575638 
0.978394874496305 6.49355637141925 0.632759790041859 
0.758328563885074 0.523967954027606 0.534834291643514 
0.681447679889556 6.73959724351276 1.06554713240402 
1.42236347567474 0.73496185417804 0.885308651332247 
0.540272486449796 0.400197100350376 0.845189046390531 
2.78778165597658 5.58567656567553 4.38749647653056 
2.88510090909267 4.88444517056732 5.03585748051556 
3.47659187524867 5.59709519598405 3.91779490425758 
3.14798647980586 5.67892550019432 4.62761423088581 
2.76417126669313 5.27009169319927 4.91326655817468 
2.92428869479381 4.38218633326444 4.2509241603549 
3.46879520600881 5.69609521256388 4.51987076957878 
2.5834395606252 5.28434917591188 4.6888465672711 
1.46499304887435 5.46757931862285 3.19385753119776 
0.178850083692287 4.42706517725721 1.98987226384588 
1.37423336369241 4.98075210724154 2.02310813537299 
0.89720568904435 4.42479944485966 1.79345290153846 
1.35745494302095 4.61784584281003 2.09140943766451 
0.811821486601047 4.65358606894867 1.6754473183 
1.13937247776048 5.07492611175201 1.85593813415288 
0.773282572565759 5.3852051102186 2.12595963780937 
0.502835364139692 4.21478099495253 2.03069714390286 
0.169663874274064 4.98289836371719 2.04026311634868 
0.223792042875421 4.68808977112232 1.84539828991095 
6.21753530449926 6.2085518006488 2.67850738090051 
5.79761187179773 6.24222967955773 3.8217040648134 
6.60615280911971 1.81287317430452 1.29676082753206 
0.42352293837797 0.762147644335085 1.41593964566785 
6.2789210264526 0.969831037786388 1.23727253403435 
0.17884438250869 0.722255720094351 1.04221359477305 
3.91232216307761 2.19664542982455 1.42063971276492 
3.96271307539209 1.33640472178736 2.5035674560571 
1.79337806119339 1.14914791026158 0.730060970098684 
2.61146002198982 0.694278349835221 1.31677829742483 
5.76533369441939 2.67752270588207 0.714907221705954 
3.23266063916894 5.90853147131702 0.541181164758431 
3.11583414340695 5.75445902991508 0.542901825220183 
3.80520241688818 6.27600478778746 1.26804363927614 
1.0478697910045 1.47369637334346 0.207970186655576 
1.52925129863729 1.18327093368613 0.802634130812675 
1.89313687612799 2.24265091117843 0.82216152886537 
0.347391188479805 6.49653074769426 1.23922439855553 
0.827581546290212 6.66932887798814 1.66003275247266 
0.868598803540192 6.22459864180753 0.474998192344733 
0.443969720768438 6.46501849920532 1.61665817684801 
1.29146850263096 2.40657184066244 4.58413525096948 
1.31307726385852 2.65209675779931 4.49079842927407 
0.980930919588396 2.76501530505509 5.03308418904927 
2.6151986414398 3.70409051231057 1.403807284995 
2.20944138155152 3.69783062482651 1.29675032177287 
2.18526519034521 3.65079498981798 1.15870098270303 
5.4672013514611 1.24111877563331 2.19305930014756 
5.42528058763854 0.838035407966048 1.50164914657905 
4.35219056830557 5.07602964072475 6.58822500512252 
3.22888867672556 4.80116252272799 5.70782033998359 
3.56462666676916 5.4582477770186 5.89448202987279 
3.22582509493566 5.20328605148413 5.95632839762586 
3.69636646193467 4.37714682601528 6.52542290896876 
3.01275651400312 6.490567117504 4.58400153149383 
2.90480285263203 6.62490760469935 4.74415698183108 
3.77346913696893 0.30267367328714 5.86169062958309 
5.04068829868371 0.319385427539712 0.702309890921857 
2.90072247566741 0.593358695767694 4.35067119931271 
3.40243687187391 0.510324758694344 4.32353240169136 
2.35316751192234 0.519345477963518 5.10560518164304 
3.54608653545696 0.661840608079837 4.42982110649671 
4.16871735847463 3.59310017093921 3.21630562963134 
4.24802662578019 4.1641461020923 3.33568080632673 
3.24918367809322 3.55419793206409 3.90833475148294 
3.84843982499744 3.366600194117 3.56034266926083 
3.30305423443955 3.30342053103903 3.5011468604781 
3.72836964421135 3.58941730569471 3.93964367402404 
3.03037848915343 3.94254167177719 3.84044421025998 
3.50979321813372 3.65011509440303 2.7359728719308 
5.76834380867985 0.890614270859873 5.54967495856583 
6.19658801990888 0.760353702929571 5.97206352836202 
3.87352284150018 6.40446866872855 3.43888847979877 
4.75861479729708 0.259244185332332 2.78448944236462 
4.08740580756801 0.220142543762123 3.05638771023621 
4.62298278153212 0.323246983870722 2.79068323625 
4.00558698189661 0.0805452008085191 3.45237654890136 
2.02967812857239 6.23838214298985 4.78061656925878 
1.7605721703372 5.8895290916996 4.2874027913405 
1.42710314179226 5.43930869415675 4.29249164143921 
1.50145972753437 6.30579562089231 4.36044316656325 
1.99585595432027 6.13908396950551 5.14171697164845 
1.55731285067097 5.20146092192311 4.5941824448647 
1.36360861341278 5.14497574112921 4.80320741017856 
1.56160589302862 5.33468620728805 5.20440595247472 
6.48567012120639 5.02699209517999 6.20371523797194 
6.02358208648275 4.54644609036256 6.04380955970265 
0.27576133471116 4.59482328649112 5.65968973196443 
6.46140447614006 4.08471412852139 5.57140516226204 
6.35017425192648 4.47306928513456 5.5417437383824 
6.74409374409435 4.84904944783721 5.60422599668882 
3.12770578173302 2.71870346127663 1.35741112647557 
3.79813383980449 2.66507787844252 0.994520982435301 
3.12386285171119 3.16330248540221 1.51560582636191 
4.30557597350391 2.71408100195028 1.211272593245 
3.94568674615587 2.52995341519389 1.04081094037699 
0.845205635079259 4.73972339338886 1.15400898084628 
1.15813390929825 5.09584950412098 1.13898658919393 
1.73290106335974 5.27946188202018 1.55585714597889 
0.988473109169042 4.37888046720307 0.834254093725191 
1.80639021539012 5.21301552365884 1.69248414866957 
1.30868046150614 5.26861325803322 1.50606467714488 
4.70756002163592 1.93368798456647 0.371281960025122 
1.99671656252806 5.83457088837815 3.75989231324212 
1.77005345566018 5.35556720170652 3.56784398082136 
2.18478922766387 5.04313134803159 3.51886729337033 
2.09436824399506 4.68175408331077 3.80005155761623 
5.18741983507967 1.84688166135326 5.48855771546079 
4.34829812615209 0.702240120036598 5.78787212485266 
5.39060859722066 1.59673613942285 5.66152841667109 
5.07627542753471 1.81914926201916 5.17657883688014 
4.26907776064748 0.849188700310315 5.3200006040254 
3.67926368339563 6.3911180132072 3.55773525210627 
2.73079545818217 3.92743664972868 5.86002748869186 
3.12705756945287 3.6136610232589 5.59147431539846 
3.35987799333469 0.511456321062492 2.68182366724487 
3.43643087731611 0.184858647057412 2.35422468467899 
3.42146990921063 0.565992894098313 1.86285769104357 
5.85627782829233 5.67949310176332 4.22807332731199 
4.64422720840094 6.08586722600893 4.33717734477522 
5.78119795627929 6.18167262323111 4.18031479966755 
4.58890840310261 5.71896961006258 4.2856968812507 
2.58902217438149 4.15070147308577 5.81202596774575 
1.94217817164243 3.54231198399005 5.85989183597296 
2.61123866815288 3.94293544428639 5.77715580939045 
2.51880713383003 4.39470689547377 6.64886707146593 
5.52334549668916 1.18448001545702 4.68778118066486 
5.49715722136594 1.41220756451452 4.47823770448446 
1.43589584572578 5.6125539517278 0.290118894473697 
1.60734155928126 5.10066779467965 0.228905639846031 
5.14732902953615 3.78261244421414 1.45720254411207 
5.31207361114716 3.49668403414882 1.92049318738626 
5.97043399927089 4.37788407492234 2.13295734333692 
5.23255944638264 4.13485358772699 1.49601627802086 
5.52238515541989 4.18301403198277 2.13470824996238 
5.5281613620201 3.88483206036119 2.26948135076292 
5.94616842461281 3.74936091366009 4.85032938473253 
6.23372451623898 3.91500718015897 4.86603049156251 
6.55335730352781 3.94495404604097 4.5372928888505 
6.51417420394375 3.7588285359965 4.05908246535522 
5.94828969958111 3.13554796500856 5.03566995539928 
6.35992023367152 3.7719764106248 5.10960231573517 
6.01318536714576 3.46298451995201 5.19711628804029 
6.1017558615953 3.46882482939699 5.24104829613493 
4.049280502757 1.10521122185905 2.94240391549526 
3.6807165430165 0.562953777473021 3.03005210843136 
0.593084484855332 5.55779026870649 6.31197049612531 
0.697652040194539 5.36104728311544 5.92393871030389 
5.23657136493248 2.04173139066364 5.00264299400965 
5.54912136201834 2.28829206433665 5.3553266854696 
5.41088516350726 2.80038094406959 5.25331652913861 
5.36601838224799 1.81641225198536 4.56079837612868 
0.574626462918926 1.04467970450091 5.68732996259811 
0.352838276672027 0.901630077385724 5.83195031731935 
0.40924647223953 1.17236040196046 6.23650003716569 
0.467741720364223 0.292149091743833 6.45430836230818 
1.1251122264369 1.16431160597094 6.58656322495029 
0.457633332927767 0.932133842402527 6.69859767170829 
0.470012672302866 0.518264805986792 6.71850202478674 
5.95758398487045 0.889978062393793 0.756280434651984 
6.22222543623846 2.04799883661626 2.63344458262127 
3.30642466323639 6.19744228387842 1.88147596831596 
3.37404350620751 6.48524523699947 2.32056902226103 
3.85265551248272 6.13571430415012 1.62341049548566 
4.07377197693889 6.34716784966247 1.81894383975619 
0.500004830982519 0.415949451496771 3.89360617569107 
0.695257330047741 0.239672405168249 4.10527748559394 
0.287873631636341 0.895448890873806 4.27940777636191 
4.63996883984957 4.69643180715103 4.76077968116389 
5.98678729503871 4.66307616175908 4.99992407077942 
5.96526620015238 4.50993356075971 4.82124320649832 
5.52409679148221 4.7303945651492 5.39876886402645 
4.9556839694096 4.57203733062026 4.28063493951818 
6.25723158409683 6.15986118254528 4.68464487344642 
6.55120005238663 5.58780231972871 4.59012884282194 
6.23882348766565 5.70925578895468 4.61791732080407 
6.07682856493743 6.37913825331894 4.46069845848438 
3.81356996028284 0.787545597458469 4.10009137340175 
4.42894660583328 0.314054549137236 4.70566608177379 
0.959374457867957 1.81807668623523 3.42894760215313 
0.688006754225785 1.61645871543208 2.90629138679011 
1.42638609800037 1.91292972976342 3.31018515783416 
1.02768615517613 2.05304444022039 2.27303069407337 
1.55437588106695 2.00359353522905 2.62246352491894 
0.918305780940427 2.39169260267858 2.17897578302216 
4.56891269675028 4.32207503567219 3.43289608079737 
0.470458804227173 5.89689864349206 6.2472899111855 
1.46239260170425 3.58382674133605 2.83463775898721 
2.17675979101632 3.47862155217244 2.56286093231118 
1.74927295666086 3.76457677224727 2.47943044064138 
2.39271305167991 3.99205215751169 3.68947957024688 
2.05737519111285 3.23918332187869 2.90977894828485 
2.37882652373439 3.60696404406907 2.61117445182202 
1.63447533076242 6.21760120636796 5.79977782788605 
1.22916389147131 1.16054680988329 1.43135876465492 
4.16097955285726 3.82109461345496 4.8376377472659 
3.8755264302583 3.61470112451462 4.95293806711602 
2.83052253261262 3.97943256969834 4.01687041890184 
5.7524525180908 4.28891776142441 3.52655143893251 
4.29363499902309 2.24323968751057 0.354476979903322 
4.69624331389703 0.505914853620004 2.53480406334095 
5.53440932295032 4.63102378820829 0.0324991716217629 
6.43148575839253 5.20664173180096 6.24983436939989 
5.47968571835134 6.08912996928117 0.721674890150936 
5.10779192866788 5.0078594063492 1.05172258314132 
5.81522861832228 2.14968897661817 5.74434391949844 
5.8446295665897 1.95569812473158 5.81812711596005 
5.49729492230312 2.21289202622935 5.547395667867 
4.80883423678718 5.40170419940541 0.110172648118318 
0.948097782254221 3.71458265664511 5.41804956093957 
0.853015579222174 3.59513421581424 6.47087525354215 
0.477473265248416 3.99270000147165 5.20410979464055 
5.96777819396993 2.73856399625026 2.93950966885819 
2.07420557813687 4.84411933724653 6.47986091180796 
2.26010565309677 5.65587926780477 0.297455035385323 
2.07421645673478 5.84455066324221 0.296180443284136 
0.516202121465609 2.17659254703753 0.961972947297185 
5.3776739976345 2.88762560482587 1.07138783535043 
5.23178909568266 2.47926252994109 1.40226206119181 
4.53220487050806 3.50706867856827 0.968342804561198 
4.96047526039142 2.36541305445742 1.34634192231932 
5.00759124144777 3.3111544965535 2.11835256776407 
2.85573595329398 2.57447445605764 4.56054852029545 
3.33193067419509 2.90592313359131 4.56671683650544 
3.1510716565319 2.75437522168106 4.81115786692372 
4.16419249405989 3.03657279272354 3.54492366382025 
4.31924023880259 2.69341727805391 2.87652818947617 
4.0254698697156 2.65937717587733 3.36293721091879 
4.28861383833009 2.58244473530049 4.05142505216912 
4.58015147066608 2.65724064709352 4.12160541657338 
4.34124736991433 2.13140516668747 3.23386114434188 
4.49640863482445 2.35439578436114 2.85057177766827 
4.69056713327129 1.96930982049411 3.45881244355813 
4.73275877878253 4.54574748146156 1.50491308481173 
4.77123293166528 4.84035022085675 1.20830960748689 
3.86437730613218 1.14135427430722 3.99334270517091 
3.63814048080592 1.54936674297471 4.22710089340139 
1.22081828634596 2.00137636652163 6.12147257007638 
1.11778159505133 2.33430717927527 6.34172887090688 
1.60105360177125 0.929330385193809 3.85114182455117 
0.664916140503072 1.17231709969677 3.62478285348084 
0.975058060701443 0.232964287709672 3.94896660583121 
5.29449292057817 4.44030901991552 2.32624779583989 
3.87929901230241 3.32915783958659 0.555028863703662 
3.78606610877154 3.00677322857061 0.346093062991639 
4.59210977314079 3.60752697714729 5.06099871052049 
5.12754795635553 3.04004067711671 5.80434070215115 
6.00487007975613 3.59379647548405 5.88382602330593 
6.22398844013711 3.08578085055317 6.1474363950033 
6.41037420753038 2.77443794514419 5.68724842437681 
5.86836915103014 4.90670122166329 2.40856819342342 
5.6947968449849 4.93857410009938 2.45213954316711 
0.381793551042592 5.53136638043172 5.29145675496509 
1.6085583711769 2.0273333318574 5.46210257410212 
2.08337477675612 1.41601971297377 5.11437056598653 
1.52939791069503 2.15966702381928 5.69884090399877 
0.236343717232522 1.90885349058951 5.22711363634759 
0.804861075711178 1.72363861388142 5.05327524419216 
0.528771800417527 1.65696620282735 5.2965516796335 
0.457718980950929 1.22847352540186 5.28349933115517 
2.08415965720103 1.35757141337092 4.73735775820959 
4.75221807621526 0.355918939090407 4.87800751008557 
5.43686011178843 5.39051294056915 5.48363041722711 
4.38035247130628 5.38379712370924 5.43491891070128 
4.51835887886171 4.35488368838674 5.33418923022565 
4.3831692754439 3.24593245709301 2.62539973626143 
5.13940974332295 6.74662626729963 1.90849619502285 
4.91719877062308 6.58186420802936 1.61930554311481 
6.56491015148045 4.96527989309871 5.01491461489766 
0.160388282106655 4.97195275744124 5.34015041467649 
6.78118765422398 5.03475500817264 5.31959261834109 
6.68921194480905 5.32086914994133 5.29942111683797 
6.49170936860403 5.28407307450655 5.01158237305607 
0.856024125913686 6.39992375469521 4.06533168361017 
3.6255874570685 2.87381324266562 4.57798318882247 
4.06265954606488 2.47471972316358 4.25745635682472 
2.45273046214294 5.94845423590947 6.58258057925039 
1.39065379468542 3.51719241048328 5.1061527221425 
1.43400726951478 3.97896614833456 5.54474098597478 
1.94298341697935 3.36833142677476 1.71948968283925 
1.13357428838786 3.46455898794992 1.94029912825859 
1.28416160283854 3.06811560730004 1.64604127463594 
1.30141304079723 2.77362554819958 1.76831088527136 
4.79705292755817 4.68494321482943 0.387532538695933 
2.05998636485045 5.49862892418526 1.99629912954351 
1.97686330218622 5.50050604998572 2.4748345242237 
1.9190780211484 5.82366048627554 2.54804253125617 
0.560444107039791 2.34102436697665 1.72908985357159 
5.2268105903837 1.64134057373207 2.50577621742378 
4.37816254354355 3.67759513639525 0.512645497382718 
4.31022704003041 3.89614954899722 0.443186974570085 
4.46617706975362 3.89372361471442 0.330898740529121 
4.04081571248234 5.44912896107851 4.64070038720713 
6.13680972799316 4.44599631863784 4.85060218713804 
6.15924340145402 4.60404465929679 5.0322726945747 
6.53911137334993 4.41716243436556 4.46759286010518 
4.50793090743987 0.953444938124533 2.91409986051169 
4.63802734293228 1.2981174662357 3.83086209934171 
4.62133356568526 1.41147743644356 3.49098710775842 
4.81266421520016 1.26060311218563 3.34375501236055 
1.31651346037861 4.83402608713443 4.8326055108484 
1.61228244445219 5.05582348921972 5.48440463826537 
1.44610310619782 4.66980207276121 5.29424773373434 
0.494857289356088 3.86295068810793 1.90050054951613 
6.1036959307411 5.43245908980983 4.99817765659785 
4.85250638560136 4.54842770316092 0.316927116914777 
4.0316271976596 1.78516755266699 4.39721987123497 
1.56603125054106 5.31145268753048 6.11121064783933 
1.40887197715262 5.25677472859858 5.83637279887264 
1.769664930163 5.85834935199043 6.21231716040965 
2.32437698937051 5.80619473691746 6.25163673515112 
5.11542972486993 5.58519817550887 5.39359112833736 
6.85726694298514 0.925377173139148 4.32512900716224 
5.28042687626456 4.1730430416117 3.16441093360441 
5.57340129528336 5.07044993513551 0.0554918315187643 
1.28432101251512 3.82138835802898 3.33037174538476 
1.26232350175161 3.79695935378933 3.05829337699092 
0.735693766106863 1.95643937093073 4.85333500085226 
6.73326252973441 5.3021233724998 4.05288849240474 
4.75749316418577 0.710845311195919 6.09567460307724 
4.63510268082284 0.569439166639842 5.86292563443573 
0.39808869180295 4.68305565972975 5.87691600943838 
3.55524467092173 2.40708699322944 6.49639423326727 
4.07722489720289 6.54291120102977 4.5113897089898 
4.18070096449094 6.34528667157307 4.66073831486794 
4.67040552215354 4.59884924440513 3.11468614747765 
4.85255328044973 3.46244004754731 4.6937000401717 
1.87113765001402 4.09254873807461 0.973632954195808 
0.199926243778321 2.20787836760295 5.66139867615031 
3.44313091312775 2.58263734120647 3.30909327418206 
3.16665411775669 2.62866850412153 2.90720151281071 
0.899176156919734 2.29927499779244 1.94144422873431 
1.10644755450688 2.47551041324174 1.63945400746538 
3.20085298968718 6.05394067086679 1.95360838888433 
2.49098892711273 4.49248902262898 5.4980974050559 
2.20402977366779 4.56096209399581 5.63781803161721 
5.62436864127638 5.22648633034207 3.87481035713388 
5.3290327736931 5.78881727547999 3.34092679349653 
5.83131644610386 5.87767003293253 3.62512516691166 
6.17007853546153 3.12629486413107 0.980322475717567 
5.97615361434987 3.37637530076875 1.26651667198714 
1.26685345848579 5.18402417878169 5.94690275331762 
1.4534073967121 5.25227507795257 6.20119256179104 
3.02524127528657 2.86924706450527 0.263610081131803 
3.08698270222203 2.53425323664554 0.588595361650376 
3.27049696840939 1.80184080741703 5.38728267566824 
3.41135246590028 2.37581603506556 5.73357460130717 
4.17320164415982 1.89449175395962 0.389651068023647 
2.6365584179578 5.63832146231413 6.79494722697434 
3.14601883860512 0.584259674973743 5.71142401695952 
4.19997772140522 6.8045292181417 1.51207546128813 
5.01243084735939 4.58857835203376 0.385912138351949 
4.24587098083259 2.46740091245593 6.96078383460063 
4.52587900103288 2.54144351972552 6.87616803258338 
2.95634780142979 4.60723078937604 0.639314564447953 
0.486166820429043 1.17453947738101 3.13411640917734 
0.577480752929041 1.42791511355642 2.87435147115507 
3.4245164682853 3.10608944225369 2.29780535182164 
3.40850630071178 2.78783837340207 2.4018436371265 
4.87514023912464 5.86198661059099 0.760805168881435 
5.07560372180263 6.12074199990447 0.764955860617057 
2.46159744490385 5.28806533766974 1.88048812979787 
4.16823321124961 4.32517570796885 4.59498564898593 
2.11158880752132 5.14607820170696 0.234560235938434 
3.27594685875664 5.63900086011002 1.91981101046926 
2.07594038036827 4.4030225608305 3.62346004629994 
4.59063860882503 5.02147297876804 3.5706442563976 
4.17127116723525 5.40562607677235 3.72491041262239 
3.73809164711571 5.23899492268975 2.02451182011352 
2.93887716694059 4.33287246736683 4.55163409217559 
4.2635367362821 1.36126921020638 1.26020878852683 
4.56029347511744 1.24498584693104 1.10250231592147 
4.31834035931076 1.25309692068971 2.28357729473994 
4.623014193923 1.00425540062925 2.5948718973757 
2.25082264047041 4.60886760806877 3.12008400214032 
2.28211836186007 4.92837094567281 3.20075606594258 
4.5571211021539 3.76375418048516 1.37552954035571 
4.30940025572163 4.3114189264376 1.40648434095184 
3.05243465990271 6.41835844819989 2.62631414468818 
5.87156740233463 2.35575161573676 0.770972720797411 
0.512120957918185 6.00366843667884 1.73531466133047 
6.10775380444198 2.24849981829404 5.5287085990001 
4.08138430147985 5.17579159102578 6.67487267895062 
3.65944096758741 4.83245027159942 6.71865944467972 
1.63788905144119 0.945615035090447 4.34042312076018 
5.62316459539558 0.814036875958364 6.45551129595823 
6.45785809346308 2.89631286748085 1.1322600628807 
0.132020550380285 1.0403518720235 0.888478345678954 
0.480821961631628 1.23969100504966 0.209949037270539 
0.706482562923959 5.84815451513317 1.97523549367209 
5.18485819873094 2.2823636235819 4.22228799197738 
5.17548869872584 5.18133055720839 3.16911013586561 
5.46248365669399 4.81425316138392 3.03943346287995 
2.66956120320501 4.56726777596433 4.74234210872837 
2.45419730534455 4.34015909682883 4.91902233858386 
0.548659971911479 4.42026479284052 5.31593812073269 
2.27824180172327 3.21469688158905 2.06529191562087 
3.93622115191699 1.69130292193113 1.15485448832184 
3.90685992460086 1.9074250696852 0.675962756005808 
3.66809376517991 6.46724871069992 4.33060585178526 
3.71681423719466 6.5384524426351 3.67365299669396 
2.81793147191156 4.21233644578408 6.3995232299066 
2.74595581446823 4.11942456323919 5.91806960344292 
2.42587829316608 2.98811362795912 6.45476470737935 
3.28393605814746 2.61765269614092 2.29205183585157 
5.00548820425144 2.9987689379665 0.806020950630241 
4.8982905949958 3.42418161642598 0.835541245932305 
4.42388458422704 5.31528270922078 6.18179251616824 
5.37453231286192 6.39482419748956 4.33196237865927 
6.48336994046408 2.91820946807693 1.51212739288725 
6.15695803144777 3.30140062546149 1.68194819879059 
0.919882064806467 3.18191879126191 1.22319946771818 
4.38408475933889 2.97578508164226 6.83889478986943 
4.05622099315514 2.84634041567746 6.95829984154615 
0.513534291784218 3.62419398756539 2.23155323505839 
1.75061894964676 6.28364155114223 5.30157862230506 
5.43511955795843 5.26884175483371 5.31805547976677 
1.12629771455387 1.31595730464652 6.24855963260685 
0.667012594565739 1.32634305926383 6.05012066582206 
4.24170106505982 2.42550784815268 3.95514560163255 
4.05614477933163 2.43251999858931 3.49233300999073 
3.80794946043596 1.01750393343219 1.78723405122842 
3.60464170020028 0.591486582100783 1.74462062652607 
2.06217310991466 2.13567496702315 5.19129693004792 
0.607698020245071 5.67348493002347 5.56303942955954 
1.13524177580144 2.36569739056825 4.92497716426822 
1.46317832910698 2.07529363929279 5.43287646928846 
3.32680973010557 6.21422302993796 2.66358216934455 
3.25037701543452 6.32648904902587 2.4694788143626 
0.389467839216568 4.00152430961307 4.81076753049643 
4.05924993443318 3.64989861384272 2.85758524300023 
1.57604651190875 3.69624267086239 1.98637509125024 
2.48651013040166 4.79813786625473 4.50635201902349 
2.58561074490479 4.75012853296372 4.20968025704812 
1.48485349147199 5.17934170449105 3.83610683814645 
5.65901629113781 2.10353201156616 1.2162145757752 
4.02594954173315 5.79667731888875 0.374403448112027 
4.77992377960041 4.73756080951394 1.93057334515713 
3.90348340958889 6.58161552048554 3.58252248317233 
3.28578568843585 3.3759369407788 2.47307131285423 
0.179074085058822 4.77228191492869 5.64427774272619 
5.6106108332861 0.367249337338351 0.839468574740125 
5.7121968411833 0.448655674229483 0.63479256044282 
5.16707203484059 2.68610444978037 5.9867045465887 
4.75934028120113 2.604755155451 6.09725973347074 
6.33303718308099 3.04440664891102 5.19503899955455 
3.40361077097479 4.44212341336722 2.7570148959435 
3.5965862415955 4.6431690746154 2.99461039390262 
5.12168382347635 6.5494696473859 1.10253151735717 
4.0090691043626 0.25131158303389 1.90922096599241 
4.37389376883799 0.497121413646992 1.96990999788939 
0.549108157404389 5.66228576282702 0.609131663082028 
6.20371001571017 2.47174549247493 2.48987399511234 
6.06819866856028 2.75229941800303 2.67017991017453 
4.55307665575403 0.433782458247495 2.98796443993857 
0.642460970148055 0.570084064064391 6.82569199990954 
5.45036819706566 0.718716212045858 2.30782788554954 
4.85260428707786 0.435389458027357 2.51076911439191 
4.49492176288007 0.209921926790966 3.6937910120733 
4.54604728442944 0.479783122333441 3.97599838935726 
3.34103813865242 4.83059609799716 5.0174989457143 
3.77633920279699 5.42377401246647 4.65344514572277 
5.48298042708899 1.22144179536292 5.44316863796987 
1.71337716070582 6.48871932961647 4.6827342826445 
1.54907947676441 6.55354042860681 4.97682000036554 
6.61289605661067 1.68817487445223 5.12500145797644 
6.54109793221098 1.76986920205412 4.8707761008175 
1.57024742608715 6.07946889800627 6.67231241686138 
2.42645886588667 3.98214830592727 0.399781477761368 
3.43724573903441 6.66884686053545 4.35579183611778 
3.5079316192751 6.74593961144189 3.70929018564512 
4.33282342385536 1.16253095788236 6.16167193662417 
5.68764830419372 4.72089708569843 4.16343551960094 
4.8257118443613 6.77296303553169 0.853554024012174 
2.00634909085575 3.26474503479913 4.87527200303347 
1.45584514551045 3.38809380096732 5.12177725495007 
1.47166128717736 5.70719843283828 2.80450856909878 
6.53081334018502 1.14636078793749 5.8893265215672 
0.969204271470731 4.61467536328037 5.87736993029176 
3.25124679569498 4.62190372879812 2.32114931241053 
2.68966291751813 4.65376384060339 2.28776506641876 
2.52388869385382 0.939682826786088 1.74227635634766 
4.52271118638403 2.25461780999004 0.371061331334552 
4.68782129195558 2.61663965484967 0.989363549827311 
2.88407851501248 2.42471599040787 6.96789002781201 
1.66334835496187 4.72629480270932 4.01613042863985 
2.91061791402776 1.51182106016224 0.879748085655468 
2.42269530007906 2.45154509446535 6.73895639769781 
1.79938108186248 4.33305098775885 4.82408281146716 
1.6582241727652 4.42970219831019 5.28915604719699 
1.0972238109889 2.94237660265685 5.38023874280495 
2.74857951914292 5.65491900991029 5.5508955727648 
2.5810076640466 5.38240595396345 5.29471306913649 
4.9461301271254 4.71993317449867 0.451576666389725 
1.72276068205779 4.24494182722552 3.71340260520255 
5.44739073709661 0.523804428776693 1.99513450731106 
5.01084554975466 0.259779146363482 2.03768158233096 
4.18031894852176 6.82550506612304 0.980878598526387 
4.03531814038749 6.77260268001152 1.18287727001747 
1.59911113263088 2.13014208450287 5.70050086991384 
6.08306563019832 1.36610882038252 0.258732796325163 
3.61226473779826 0.305167174902914 5.53416552382364 
4.26840364101454 0.521635023414072 4.75264811975518 
5.45936758150749 4.28869998370579 1.18382784403252 
5.03156847265048 4.82095430227436 1.00641456419924 
0.786664798796759 0.440392744669245 1.23889894427351 
1.26489714545853 0.648833643813472 1.24303204659033 
4.12320550503217 0.031894614594929 2.79765942258635 
3.79643019801646 0.00486726379931942 2.37221598888142 
5.90303158645263 3.24718704471425 1.96888592664861 
5.49646654207127 3.26691304128267 1.83159071667149 
4.56954537404949 4.66251754757984 6.19059794639406 
4.49960120436329 5.21265195670769 6.26673712827202 
5.5296527830866 4.04993559186365 0.975166113397678 
5.42920177881751 4.06272402944284 0.690847954306984 
0.745605169435603 1.43638666631849 1.95820862830568 
1.31695803249943 1.21919531994529 1.64767041754731 
0.765762841257592 0.830141607896505 3.51025457833876 
2.26291519541509 4.24372946222763 2.5453696243322 
1.82121777551396 4.20057027126268 2.4783300338404 
0.813265131480948 3.48716896504029 3.51131919123472 
5.69146793622716 6.04630240775103 5.51606574853941 
5.80212078967502 5.66275530453077 5.51811312584133 
4.66124557586462 1.66015524051845 1.64911360030992 
4.9309029056462 1.48657498590568 1.35833543413649 
5.85753777632196 1.49680312994503 1.52520059668028 
4.73787211526287 4.67176838246784 5.06352466927171 
5.23901625125702 4.44496017047883 5.23717864941784 
3.42683430433181 3.77344979777106 0.330063281235707 
3.75951364149783 4.02301050798132 0.277218319088307 
4.35687213878492 6.61498172979859 3.9183934310797 
3.84482467051517 1.23219477613347 1.30407432620027 
3.02266528676563 6.43295863747727 6.48008043326448 
5.59195743434892 1.07844124012234 6.68707531037617 
5.19872383988218 5.31837854032665 0.67245185124531 
5.12268777749062 5.14192767748763 0.355814160953402 
2.46315104378924 5.85435534373561 3.81972679817733 
4.89063414373782 2.94917614093503 4.876485078347 
4.11603871057327 4.13647476134289 6.13489088517178 
4.04264476177852 2.33720758837351 4.1341733398845 
6.11604314508685 0.730957770089667 6.29227396273312 
2.35787241940775 0.512667484875413 4.91347769439039 
4.81574609246633 3.3539691018776 3.36607411008499 
4.91772815758799 4.03874096056099 3.48280183053815 
2.59262143411901 4.10935692334903 0.332648997464851 
4.93642776643813 0.270592472636953 3.06044386582778 
3.73138410377106 4.06371299205796 6.73389006244514 
2.16686901899013 5.96485648170494 0.701969469948454 
2.25626882946414 6.23596740498005 0.782319047340973 
4.86039762600599 0.725960019724121 1.31250753159261 
4.67007803246393 0.358475430478377 1.73329889362492 
5.42435532653819 0.992223752671906 5.60209623018983 
3.2447219016557 4.15983082543873 0.72211344141863 
2.56712951308433 6.15604995615348 3.56301668073012 
4.68696849029501 1.65629635017911 2.08299880731798 
5.09535948035811 1.45601153996111 2.37112050765451 
2.03596253716191 5.53641317689902 4.80072080132113 
2.01402517146285 5.57354986220045 5.02264253247254 
2.30340551771193 2.69060896529382 4.76086482549324 
3.42824285416194 3.64300519011455 0.397010091690141 
4.69500863301693 6.42119224539442 0.479820978053822 
0.795239649170649 6.30546687911388 6.51539535911381 
1.15958982473731 6.19850379465761 6.78959424532998 
4.2995820807638 2.95612088424787 3.92617738577974 
0.687383121418913 2.34774281496854 3.59116674639753 
5.91065290305784 2.72564819959769 0.694298017626293 
6.46201847210009 2.6468921137586 4.59694268419989 
6.25647951522452 2.05681540928119 4.83488776979383 
5.23541181101341 1.24797444023481 5.02425240494863 
3.54765431746026 3.76797762769876 5.53178462724185 
3.6359182781987 3.81887131370068 5.09410991820193 
4.98715921501103 6.09944647966509 1.62247165862471 
6.41905162105179 5.57246775528708 5.91523029625669 
6.21991747400747 2.9358687894045 5.08619992868659 
6.02818418199445 2.30994572082733 5.3166410795867 
6.26770052950126 1.35264396151009 1.4852711235185 
6.44079359229942 1.29272954458535 1.98367088789447 
2.28620054168252 1.81193447691102 5.08994709693845 
1.80174931959259 0.615752285382545 0.76735193602258 
2.01547324473658 0.384949311594043 0.909126294915266 
3.05043197318258 6.35065255951574 5.54529919520785 
4.30531717845348 5.33424782519746 2.29109978027854 
5.41495892047885 0.911650753627274 0.252159769665792 
5.77108345122102 1.15796296356498 0.537191954371612 
5.60602094683462 5.44602691140431 4.3731263533685 
5.85627553949392 5.23805593395062 4.94241760661542 
4.0596863544668 4.28111993915483 1.60597694550514 
5.70234749522833 1.99779957718016 0.49875566076046 
6.02904896933657 1.82224660220671 0.254038707899543 
2.21366982525491 2.827107700532 2.09751102727429 
6.35572218364157 4.76436288133922 0.740254593410971 
6.30047584462192 4.78412111790467 0.373263424376669 
5.41115820935232 2.38041111548597 4.04129021543384 
5.22467340624242 2.43546567929254 3.79270973772195 
4.52731504741008 3.07825274137537 2.88151370132339 
4.44521500829599 3.26468805268717 3.246254015554 
1.01396172718104 1.98235237345065 2.0602499315069 
0.566473839697256 0.98313720816366 3.10326289385794 
3.60861247321415 2.22586932456655 2.06436216532534 
5.28614156609643 3.66405730231744 1.21326826202786 
5.54430736448481 3.31249947170512 1.34646665509482 
5.02938472663189 1.67891170412539 0.785861609359573 
5.10725305366591 1.7319099954019 1.10219013922986 
2.62647344582797 2.38804477204574 1.09192456585977 
2.77786813779964 4.84989396432598 5.43760920154334 
5.13565637181706 4.29382054921455 2.56350165536573 
5.1709570694105 4.43371340535453 2.96740052985207 
2.11756230112253 4.94510121331775 1.314090232845 
2.16462988833941 4.89245428858923 1.48040211823289 
2.83685494761184 1.40692435636894 0.850423618287241 
1.89325999946837 3.16796997070322 6.18536656900577 
5.95205434794421 2.57958997987478 2.15890854615568 
1.05928281453688 6.43557222151573 5.02453305479041 
1.39892671221633 3.52656584931059 6.59083581663366 
0.917546100554855 3.47468690074838 6.56639848167299 
1.08242703301413 6.23688781987664 1.859585097301 
0.779160151446256 5.9245298169313 1.84107416493614 
4.53692225074208 6.93722824854506 1.06255837980655 
4.52906759937722 6.88641489549258 1.45031626426106 
0.359298958198589 2.74222706481357 5.44263638404091 
2.25138388722112 4.79608766269372 0.70307874033461 
2.61345745408973 4.54713807413217 0.438851995447473 
4.51556199783396 4.47969005935147 3.74865423746913 
2.77408450491756 5.94688251941466 1.70074303970449 
1.04822555536953 5.45884788627636 1.05049308712852 
2.10899817876506 2.2749721475508 4.80865466449808 
1.02651236679248 5.83100901257414 0.478696456478235 
1.22564414140327 5.75238087083228 0.630693676072227 
3.25089913983252 4.46638016557923 5.91796592381358 
3.27370574046236 4.50834127706235 6.30582201506408 
3.88570575084475 3.44905927911128 4.22087460788426 
3.62539379453832 3.29749834819049 4.53808091198131 
1.96382163480363 1.32738162908102 0.874515432515896 
2.46361362588096 1.14625235789378 1.22121213287025 
1.33535054830749 4.15981459540914 3.36672379879929 
1.43456030331117 6.32300287122251 6.66151419824081 
1.46263872159257 6.09164299492627 5.48238247634257 
1.33415956690589 5.61421739278294 5.44193175921156 
5.44817700738435 5.87279908477248 1.92108165220409 
2.25959653339749 6.14419124790266 2.81986415794196 
2.3062020695169 6.32776628794816 2.58104381506538 
3.31732009937899 1.86861028521358 5.09717045492483 
2.77034337711671 1.97464114787139 4.62036198281704 
2.04627552569971 5.89603227233937 4.55650792477083 
2.53242454587881 5.91063725137063 4.29085362435399 
2.17087578032702 4.62564929148573 2.94746898371715 
2.15692844609425 4.96463605567137 2.94354635181038 
1.21304899216071 4.01182797136494 5.6317838599042 
1.05265245052138 4.43695000482617 5.55741991396128 
3.19121295927428 1.85694565081393 2.76488039785446 
3.27872516187776 4.97366984217244 0.317114134847216 
3.32287385819615 5.4077782316754 0.682329429190626 
4.03946038897335 6.49219271458988 2.72468689520453 
3.77687781987412 6.60053887381425 2.36027749324305 
6.83889779424959 1.58270777639155 2.11748363502552 
6.98577864508125 1.89534781952438 1.74652086308691 
2.83825173560202 5.60525348718235 1.66489953865154 
3.70259556228658 1.50033696250626 1.22083977083548 
3.47801039442703 1.41361336961552 0.897345361833028 
3.44824178716987 4.49912590646257 4.77113469998611 
0.341758975569835 2.09795854408566 4.96507575956459 
0.418981518989904 2.6703765221461 5.1054860788788 
6.03787442133949 2.2174639352501 3.20061182627125 
5.07104598511314 5.18225712550852 4.08629335117007 
5.52284885770134 5.17739709667872 4.08128186714997 
5.27546980099776 1.61258581836572 4.55657088935718 
4.68112300835455 1.57558055381619 4.1038731787124 
2.10978415673312 2.50343090740306 1.09672270249704 
4.96856183773709 6.20320004385654 3.05589539139837 
5.07259705623727 6.49661438217691 2.8880576562565 
3.06425293375864 5.3966301249906 3.77645153056821 
2.85711919191686 5.36951434752914 3.9086794037442 
3.61513913651124 4.10628600850321 2.58121929002193 
2.78108107309805 6.46934880728426 4.43924315763889 
2.67794953740505 6.58215855990816 4.56808483206575 
2.36909234081164 5.74817003760754 0.708701562193415 
2.72369151872798 5.82337608842387 0.846428290746582 
3.11547389302126 3.50251897511077 3.14140439295704 
2.90905721444373 6.58948252711619 5.31655427281516 
0.604078264927529 0.930693473467333 6.79504157410036 
0.620008247194349 1.12413590431494 0.151521760877407 
1.2952691159464 3.48226686935965 5.09262913439297 
5.02009510034156 6.1041666528244 4.54347022081762 
4.23525918118958 4.18058777028243 4.36450732466564 
4.74294023543877 4.331851527351 4.08751119601779 
0.237833004114566 5.92475077266324 0.932639910454316 
3.26151670757043 4.11397805660386 1.00313979751638 
3.93182317375013 4.3756531786352 1.42791029395018 
3.50723628951906 1.73839150202227 2.37616021492052 
3.90090928669132 1.60753962589401 2.56927917332029 
4.2292316813883 3.80287171948128 4.48720126116199 
1.9481853393233 1.06219609756906 2.8841239247309 
2.02700019013913 1.40518145275115 3.03441130525834 
0.93787953947528 6.79279592320611 1.39764368288627 
5.63971665496396 4.65002216829703 6.08697964982158 
5.5147246760415 4.68407368765792 5.96236743011177 
1.45276116801073 0.331809653212148 1.45300258975101 
1.88120156282958 0.154407033530283 1.22906037772497 
0.334494185119827 4.81859187769093 5.88003310062928 
4.74651669698121 0.693609417640913 5.13215986974526 
5.67361175203346 1.3614211176637 2.29558260773018 
5.6253043459462 1.55607184503557 2.43443927292711 
3.03103181577636 0.945453235662917 5.52255787185474 
4.42904575860253 1.33955188084021 1.41098427627643 
4.62977066302587 1.24512129629152 1.24651754274919 
3.75601234943891 2.59946714202335 0.764687352431988 
3.93187437502159 2.40890106372045 0.775016998589294 
1.44578448273931 2.67760196786813 5.79909692769785 
1.79540354406341 2.87827654914193 5.81679847360506 
4.70589025886514 3.35112568745227 2.05913638309832 
4.70072147948705 3.43964650952341 2.32218430739212 
5.92486699042956 6.36747712930123 5.17954090846252 
3.40148672503615 3.31013188088573 4.53143151020613 
3.1259183126191 3.46398243719982 4.10074303397556 
3.13717141758526 6.29472744774674 2.81522283337111 
2.79826100924523 5.98490553509285 3.03977421591969 
4.9311554599611 3.40294920897517 2.36986131956106 
5.29371230172629 3.87581500876415 2.53775831505319 
4.09679098491444 6.10799854201332 2.95412554544584 
3.92762559895493 6.31664005259797 2.91736048557458 
1.70738220596559 4.77481413920389 4.43487934479529 
1.57573654740345 4.6043407386415 4.56014550667698 
6.15422319918519 5.88714346282055 3.39630098801557 
6.05500671488634 5.82479644544216 2.92679320763228 
2.42651259257135 1.4748040620566 6.36404237081624 
3.3705586959044 1.05787562318069 5.11831782356793 
3.82688042332073 0.605027966188467 5.17829832725927 
2.83815249870256 6.03161059219717 3.36907823942307 
3.2216715560616 6.41085061544868 3.33470104930013 
3.88415790888539 0.433325129041298 4.87988289024147 
1.00977308110281 6.18245936933149 4.37605106930685 
0.97605125323346 5.59905781408635 4.29601970977807 
3.22207086914652 6.03837828043535 6.7224887451101 
1.46711838317194 1.76786883532066 2.91187396964144 
1.80685132479465 1.50570401094333 2.82791945946527 
0.815631844983904 6.36774484391142 5.67107929410683 
0.470112512445078 5.99940688996321 5.78566173578404 
5.53694240079382 6.18279037359475 0.898546049628624 
5.17624391647292 6.26408801861976 1.02511682966625 
5.08589113159447 1.50996983009284 4.95077358990263 
1.00664027891376 0.538492947941479 4.75114790225474 
2.5029760281182 3.49401541214336 2.97341825796354 
2.95854640620474 3.32647305187186 2.98192393135853 
1.5565953458416 3.94287757241244 4.45325581053333 
0.657781930894339 0.478682612170258 3.64087200393642 
1.11916344044107 2.97407536843274 4.78851412920035 
1.32961696885275 3.33932797949665 5.10308808079566 
1.2214922132211 6.30607153797928 2.17467569297568 
3.65487390117873 5.45022681733776 1.75774404309443 
3.6200202978088 5.23359293541904 1.43952929474141 
1.10708088967212 0.267598599585955 5.08719524590429 
5.27414831929801 6.39793210940745 6.08836994692195 
6.77763966480776 0.880653531404179 4.59879336073362 
6.43826976453453 1.51975442804111 4.71857040432338 
3.14635082579266 3.85059960254696 0.617201201215598 
3.19313098334753 3.87601778400107 0.984879094169615 
3.74553072919269 4.11911786679205 5.07004138427979 
4.11643564746954 4.08808609092574 4.90568288343042 
5.02921488083403 4.05014562409772 3.9836529038416 
2.20654157504753 1.97809490616181 0.564716085755087 
2.34613617245689 5.04455086616546 1.12053902253046 
2.43003685499626 2.83511828767668 6.73143709783709 
2.95604538029054 2.77488525986748 6.99970662952363 
5.73915121183785 1.53529402254514 2.87265254437115 
4.47606842371853 0.813475555426034 5.09130394748374 
0.41208626646165 0.80584848199072 4.60804938001029 
0.670424098630432 0.417813452269376 4.57710127686873 
1.00097688968277 2.87919730088611 4.05548430482827 
1.08342296290883 2.92502721441754 3.92950143490263 
4.37408445947557 6.3760251771079 0.518475919946206 
4.30926636746473 6.01648352507633 0.599370106948432 
2.74728021796627 6.59474324238804 3.76870137603611 
3.16883481772431 6.68068682841271 3.49887607123383 
1.57106271809959 0.611390290612848 6.57774462821875 
1.38965320386733 0.339991433014882 6.64472121467761 
0.829952720692457 6.23740364355985 4.65190626256838 
4.52422095582246 3.96628001023327 6.72814813391474 
4.6909553171571 3.64083846983706 6.6299854118619 
3.87030399472102 4.2044280908875 3.85703787847068 
3.87659053784191 1.20995665745275 6.49784866867155 
5.84568795898264 2.75815851787061 2.23457057764152 
1.49341352651469 2.44379342534734 3.3514977368913 
0.976314877080205 2.67803806751356 3.53477184301227 
5.22916218853826 5.36991236826921 3.51549982698933 
4.90400958240116 5.3031935142429 3.76348247428737 
5.83902998046636 1.65913179537567 4.40211442886461 
0.925841840759699 3.07987940509738 4.11610554188325 
1.04658238911694 3.11941172388912 3.9364893958877 
1.88736265480547 0.924217673452817 3.64262556761645 
1.70453219520418 3.91627867698776 4.66135770688919 
2.81713464454574 2.63881704071568 1.00802649747681 
1.84256765007902 3.25241877570093 5.50380598056135 
1.61010344357964 4.86148854855063 6.61138130548591 
2.35254645072135 1.91818144329501 4.73331603381877 
2.29198604732853 1.79231553621901 4.57738915178875 
6.16171482292958 1.95435711289131 2.94182785882858 
1.75120747997211 3.07688845069715 1.55531743099807 
2.64216895366341 2.34291957932166 2.77249627442778 
2.37290702075463 2.39850814830405 2.48249120174936 
4.01574355802198 5.5294800069712 5.2814101567539 
3.91543155159489 5.52240132350246 4.74691379558979 
5.8021884413797 6.22456164159177 5.84722803965637 
0.537386939410527 5.52795952924915 0.880827277781698 
0.418118110580997 5.86998236730937 0.613911933863925 
0.393943414141802 5.97121391276273 3.45654135894098 
0.706010162039027 5.97841114241841 3.57758005914833 
4.29031859139529 6.57357249870544 5.03681980563192 
3.76308366587038 4.63295010588733 4.4793361340721 
3.86595843909778 5.35027513549202 4.55419008198017 
1.65766367464074 3.14954713925588 6.45232516529779 
1.21663027146222 2.68205616871286 6.18808344084422 
4.19356700659913 0.770194531831504 4.18708783488256 
4.25337081767491 1.1557075325121 4.08342139405858 
3.13052771650192 2.82893784419918 3.41381708838609 
2.96143558384102 2.83914071146153 3.13948666913433 
6.34552846144083 1.09974679368462 6.56840194053619 
5.19353526499061 1.6565130573008 3.11520638609884 
3.58443815295167 2.27725431187461 3.49733369050541 
4.73318733860581 0.406514026079939 3.19096189150011 
4.64406152996307 5.47892546075603 6.15636765857259 
4.75869595475446 5.64781174043145 5.62531308603121 
1.81500052281296 2.02417608906441 4.25335637546268 
1.69642053619418 2.37226603782731 4.48210713511013 
6.0250494692592 2.40186795237154 0.74676708703281 
6.29916635952278 2.10467062008028 0.376905588237709 
3.42548169215713 4.40054167147568 3.82747602915675 
5.83513971921091 2.09335979006742 4.06413507834393 
5.80661237170379 1.78854284480363 4.42887872478743 
4.0063443847089 4.33765933721279 4.01316583843144 
1.60847745758564 2.54535907341601 0.396884502039285 
4.17554663198295 5.26990326037671 0.103100072582224 
4.50162073196863 5.16671062338205 0.0323380394925748 
3.67375143935743 4.23192600606068 5.71764775564649 
2.98963073213061 2.76022978047112 1.92422680202945 
5.28736334464602 5.47662127238366 2.0991135920051 
5.36277926958316 5.3174941169056 2.03233565307832 
5.81928172779216 1.47127108558274 2.15962827738319 
5.76270016418415 1.6888436636944 2.3166303305775 
6.62848511138081 0.991518846984792 2.12115720871413 
2.19060854545361 3.24639870637845 3.07938417659688 
2.2442837711214 0.756741550058757 1.99557711381029 
4.57453694101141 1.39625509179071 4.9165130305447 
4.38595342018329 1.47867045154761 4.3213877168297 
2.81256672898262 1.40426460066125 5.72633749331611 
3.0775910412695 1.27537346285939 5.68868042271588 
2.45574272643027 2.60335988867028 2.05905670667397 
4.84956950360896 5.06866479205512 1.27765336067594 
0.29029738385847 5.74485210829085 1.0824425439022 
0.772661062535245 1.59518229488064 2.81805429523768 
2.75355857635251 5.35934740674631 5.77099745257296 
5.45216438011718 1.65749534871343 0.809819371786691 
5.44426950470808 1.70171629625764 1.07286862349846 
4.9398666017533 5.17980506334822 1.84561430526958 
2.60580541852945 4.78432474224343 6.85550795728997 
2.39415964046542 4.99826636306854 6.79111164276009 
0.641292528728213 3.66827364286126 1.33733278864942 
1.52234030907458 4.51397754563264 3.97327809104108 
6.51304996792028 5.17606563837286 2.9762609552792 
1.21455065153399 5.56597061694553 1.43479422974139 
3.41639826672848 6.42275855506737 5.80971474669594 
3.5823146898354 6.2558170015504 5.79534000174833 
6.48814380248396 4.09696516549489 1.88477367533014 
6.44245775965521 1.40374540424024 4.8204549171954 
2.73637655608761 5.45060220795773 3.73033839304291 
2.88051188601246 5.48193760703167 3.61169091000666 
2.67973512031626 1.5808449905035 6.29122594116885 
2.69571603650793 2.04666098781275 6.28096837065015 
6.22551004057659 4.16106186253211 2.25636574280823 
6.09685220223442 3.7965737491742 2.3914975993808 
5.39847082225172 3.79388495288068 2.88156493217713 
4.89036158704342 0.564821612471649 5.47625314351768 
2.21509927676243 1.55983784909628 0.581715065576616 
2.7656614581622 1.49142393392019 0.69491431136418 
3.11028556109378 2.17917127479564 6.70585891976608 
4.39875865289626 4.3921339872367 5.83870308294689 
2.44836705435204 5.42365085476241 6.23189385518309 
2.07984401181186 5.08905333575419 6.15992378925256 
6.59505505611228 1.34627501965442 6.23663931320954 
6.48331913789317 1.73970021782103 6.18706253316413 
2.7672124843589 6.42401629777585 6.41841744057581 
2.64301543665785 5.36307171671712 6.6285552719742 
6.32083174735162 2.36016330802367 0.99535267201853 
5.60583857536728 2.05517945760189 3.42707760702682 
5.42040361217096 1.61660747076365 3.1942790114617 
5.82124962551598 2.05370693325249 1.38705647537733 
5.66229689276296 2.30124242458997 2.01620077521754 
3.34196498390046 1.81278234771072 3.86798199656933 
3.47409831837841 2.21243608709088 3.81184535702111 
3.39372758547714 4.55888206086517 3.97966755953903 
1.00835601816125 4.19170618651303 1.61937517166172 
0.764434038354984 3.8166399489893 1.6929122140717 
2.14725965095718 4.4892677246171 6.42507412890943 
3.67490123429661 1.19625539163202 3.51149696076269 
4.0099816581016 1.32800678136513 3.18913833690456 
2.89734514774874 5.64111184769083 6.84939316702434 
0.39921579091224 1.27452610062201 4.06460422494896 
2.78260913858849 0.896854982648883 4.56038400056556 
3.91213872102804 1.6346517294428 3.05780521786177 
1.7947200522647 2.82540267442208 1.66126981459363 
1.99605995678728 2.44986967262378 1.40922807673079 
0.690439109441089 5.60670631089723 4.96974048550918 
0.837402116403649 5.3332155936137 4.72455673163323 
5.99791918293718 6.99550851317397 1.62369758641485 
5.81641903706124 6.94896943232533 1.88739700094143 
2.73764822766601 3.61136208085539 1.24080139619554 
5.28310069674781 2.95633375150446 3.61269714672227 
4.66722406096394 2.40238374613096 6.61553723066694 
2.70511383692302 6.14071602827199 0.945181583707124 
2.71782306034902 6.24549715748587 1.3562954528686 
1.58062267437148 0.0778705174796827 5.02250111347338 
1.79004671690995 0.221774392510108 5.34850127615379 
6.08678179823351 5.06173182822749 1.94132621226319 
5.8195566440518 5.30320139281479 1.69133443362894 
5.0945112066494 5.63483422973131 4.58019558238906 
2.43530694561104 0.780352423946582 4.87762821920625 
2.22344887198771 1.08624763338489 4.61484311715266 
5.87350854847406 0.182571414073709 1.93944864996523 
6.04041984286423 0.19627821453332 1.68089232867078 
1.51350704331566 1.21731384038258 4.48207702561011 
5.66214740304807 6.66802170038143 4.79037628680265 
2.40352254495601 2.21358815865784 6.35101729318064 
6.28824161452307 2.22592483453707 1.2575532084814 
6.42055765467743 2.59834096878081 1.66129993693679 
1.50367157255151 6.61690656447553 3.993064495041 
1.17147422036129 6.66616720546989 3.86870816966649 
3.71993397375465 4.63114699883298 4.14927298477137 
3.81968445821392 5.28233888946358 4.00161519322172 
3.27163279943292 5.97559235881397 4.75000575747983 
4.87491027241923 5.4874676640456 4.44601323488148 
4.58941085174241 5.1678822626281 4.81094619192773 
1.46806610837295 0.111416441265623 6.33011220556484 
0.969367201944897 0.0131040410008839 6.17452142150085 
0.0327284527464967 4.95831499549182 2.73854692099265 
0.000280666519560041 4.60329028459796 2.7515800700963 
1.64448769439127 1.77118930992648 3.51590908534994 
2.01769840424377 1.44508629246417 3.28788421180464 
1.59397450277517 0.207214912705479 6.21513613786904 
1.69972518299718 0.574229485411561 6.35478949268216 
5.67392971443415 1.35506447295815 1.37266774621863 
5.43882508034336 1.21153679220002 1.55127074358704 
4.98390029521967 6.02933353842727 6.60572324236314 
6.58329629607141 0.562437279180008 1.54841419511407 
1.42748867737274 4.3999780305365 4.34887459917703 
0.749361596542828 4.34953036091104 4.33608994027658 
5.9409573025368 0.93277278478492 1.1374936804264 
5.76396476744091 0.671936154496664 1.24979342472262 
0.629766072200596 5.73490846167248 4.75926582757883 
0.760125187835313 5.48310539260529 4.53066573159309 
4.49435787515743 4.69675946352479 2.11032625534539 
6.5876190477465 1.53822927989873 5.13778600888877 
6.30766759908306 1.47175374720792 5.54626709975169 
5.85811107774116 0.521694891919616 3.80705949481086 
5.80491802839277 0.844156982123645 3.67864316364097 
4.44871417238371 4.59527986620898 2.89587303845631 
6.64439983877359 1.80169693261811 1.23615593102119 
2.98201297034319 6.45259270923681 1.41109437933321 
1.46899846323875 5.39585513112563 2.82066576126847 
1.0617698617496 6.1678806603423 5.37363415994945 
0.919146073561179 5.76980033603304 5.33313630034342 
5.24741065524419 6.17875700855888 6.56355346563534 
5.46954608280262 6.65713909223961 4.72664440017116 
0.390573637760199 0.412050547336682 5.92335479909383 
1.40805721351527 5.10018773509011 2.57780628540561 
1.635327930854 5.26865307924097 2.70332371736144 
2.56957890333676 2.68085552428486 3.16838484333284 
5.91682787431742 1.09638636730147 4.91887704166919 
5.79217553950402 1.13808067156694 5.39009616755727 
4.95551438930555 2.33861805871105 3.97411536210579 
4.68337872964329 2.09757508951263 3.84868783843342 
6.35949937223393 2.211957948016 3.60743134166762 
3.24155975559925 1.05596654791205 4.69151496060276 
3.30915382192216 1.46936342464237 4.58494480418887 
3.89091636116503 5.92164351870059 5.23416253565267 
3.07351184704397 2.54249083842183 1.5659756538318 
1.73682010428827 3.88444180551496 5.90351857304388 
2.22058369645437 4.31780047230639 5.91245192857736 
2.84971250943468 5.60639853958493 2.96365388273405 
3.64280070051794 5.40559165679039 3.83324349797695 
3.31082488186307 5.16975548755334 3.69543271323361 
2.60287170313292 5.14430320104337 5.53581719029932 
2.15563496051809 4.91878216462669 5.70907728812695 
5.66248906855771 5.4938635354895 0.677676798832593 
1.45753010615648 1.40836452310215 1.04163008856138 
2.088880087163 2.88812201078173 4.57427478379568 
1.68624303590798 2.60141325093693 4.39908531389354 
4.67947615661988 5.15881417022841 5.08563264396111 
5.10782224931102 5.43372932082124 5.18778623900901 
3.70851971110195 4.28144559744474 0.468014192211997 
6.49004584392582 0.308417673804662 1.688267996809 
5.91587274257718 1.62636807082704 4.11503995037014 
5.88231234618171 2.00836816185905 3.93266439290119 
1.68307422671009 2.8829209616271 0.438986855864045 
3.62703032962457 4.83712128107839 0.212508000669995 
6.48877165347234 5.40614437348384 2.61621448717042 
6.5221256392777 6.05510964833054 2.44179143640359 
6.42840828343852 3.66226710708198 1.96824675962091 
6.18095443333601 3.63210637936724 2.3077696396851 
2.79357479518016 2.17481630774057 5.88935559498405 
2.82957341326731 1.75206171097938 5.54033952731811 
0.888519212334547 0.394757256759109 3.63648137131438 
5.12120518417648 4.23195041490427 5.47482298042745 
4.74099268408041 4.19373807556418 5.50156567274418 
4.89093878600892 2.32821841487338 2.82502105322039 
3.7594024159239 4.3604607042204 5.55479446055759 
2.22216172082973 2.92159382087015 3.13013326950362 
6.00450823903548 1.32745202669913 6.79083785174809 
4.72590125257347 5.38316271909485 6.24005035682883 
5.43270601048965 5.08156344568234 6.00889295122271 
1.65404072389783 1.83390984565409 6.05367564845962 
4.12307705682597 2.69666925254697 5.25867445164795 
6.52229972215899 6.07245894751124 2.09792906450561 
4.34372068811592 2.41519909197468 5.00353668250026 
4.78867788246502 2.64750634510596 4.73333657445152 
6.79083676119248 4.65275749553019 4.5355275652052 
6.22539972495705 4.77173317121931 3.70195409394509 
2.73213075579475 3.57210250092917 6.31238387191554 
1.1140377358716 2.63563212956841 2.23529889553925 
2.42927513521815 0.784055029167381 5.12526109475932 
2.21168182545933 1.14704809280707 5.33859655138908 
6.3785383295297 1.94606907259772 5.5667792459555 
6.27677492624977 1.79350426949353 5.70146697987906 
3.52144915602038 5.9398713627036 4.6299235708066 
3.83759487071838 5.90484857155333 4.81395238236414 
4.32628320668509 3.0048983644564 1.846567709542 
3.6656138055916 1.74519858404559 0.539441682382665 
4.99873580568997 5.56989693078746 6.62669026706602 
4.14346434138606 4.34949131414525 2.98551236071685 
4.07326592311887 4.08204925481976 2.70850373468938 
3.49298411311164 4.79053897081719 5.49703886688884 
3.8611155332083 5.26667980940562 5.60779590091531 
3.37501127520504 1.54848993342496 3.46402474506822 
3.5071467603221 1.77292944690915 3.22228889233713 
6.56148793778941 4.57026778575806 3.9817364953703 
6.59958486628804 4.2676341104349 3.71320628797526 
5.30572236740109 2.27717087015247 3.41122332469346 
5.032552840087 2.06173556252274 3.23441481867202 
1.92500099132001 2.1109875572872 3.75612416365847 
4.57604729406503 1.72502287586366 0.381063867477516 
0.804893647853345 1.86636195942471 4.4310826873559 
2.11043397364841 1.90551947474873 6.41530984668051 
0.5522070566523 4.18923578106867 2.6124875636871 
2.12702187156104 3.67891023068959 4.60716671011192 
2.28848246169306 3.56382918468939 4.15933335221298 
6.29265300756092 2.71646536913344 4.25778551959333 
4.82738377303896 3.95316368804708 5.46238813469651 
5.14911377818532 4.06691967402446 5.44582479324222 
4.91023129692514 3.21974718056378 3.68753419492107 
4.5467117709177 2.9963301920709 3.99160937420158 
6.25332052423306 6.20216397307696 1.91870265618205 
0.955289011382864 2.37441196511228 6.34137949510358 
5.02729357078142 6.65264519894851 3.76097690339001 
4.71222742323053 5.94936119668925 0.555037947879414 
4.83044313381398 6.22163543964398 0.487858611774182 
4.87611662187162 1.0811358128049 0.346086617287033 
4.78275774675832 1.46972586895045 0.679091354005918 
0.767988019956785 0.193653923246802 5.74106312095096 
2.83828628326914 3.9433662651781 6.58010807517549 
3.38090485877935 3.7746761221968 6.807847921879 
4.08446852206563 2.34401643599426 4.81584052735882 
3.84303557193319 2.56343659471441 4.97356382102998 
5.16568999873204 2.82942867375424 4.88960344244385 
5.02893870144177 2.53697945481507 4.74327076058078 
2.12964686713035 0.251937271469374 1.78272699481354 
2.20901140512224 0.188043131911339 1.60484377616436 
1.79446309179741 1.22849870203462 5.83500268627718 
4.63951893709532 1.880740110699 5.26834112038345 
3.4249484758896 0.705977341631822 3.47717575772703 
3.59697339415574 0.559197885400991 3.8640836680937 
4.21279830762154 5.17962274701922 5.69042725039761 
4.28166257803923 4.49338294838231 5.64595043478523 
3.38977433854343 3.04012048502511 6.83861824922885 
3.51579705790678 2.16701264747994 1.69168535368779 
3.36338452798369 1.75637653069547 1.62716990832368 
1.03618148936093 6.57394911790618 6.19073858183634 
1.36876564918392 6.54168755481928 6.26161951990994 
5.91963247168256 6.63973210760226 0.89736770743876 
5.72476437385387 6.87117563636852 1.05484177082092 
2.48703268373876 2.57963682622591 3.48564859074829 
0.187436050685594 5.48406042771075 3.51895313609785 
4.22082396048448 6.4441447007949 5.33037159279355 
3.94031577617218 6.57893421270579 5.67784583054197 
0.536654615334546 3.88205411287741 2.6754506679973 
2.29302079404545 3.08688179407787 4.12106892606704 
3.46174541806134 0.531179116923835 3.3194350760233 
3.66541865894125 0.243751615526479 3.57547823701919 
2.03713871364746 2.96127178490586 0.9193713362551 
1.86922610973659 3.19310757195759 1.11450349187724 
1.53684113865737 0.990686337629615 5.94167896641974 
0.245929181618141 4.84162418155879 4.04237095493243 
6.84131633060024 4.82031747498968 4.13442170044047 
5.41036031331064 3.80920428788879 4.25320572116315 
5.46601012803499 3.74846380911807 4.55322164157552 
6.71743738081138 1.77994518038427 3.20316756930589 
4.99642982554829 6.19510956910546 3.38310338799399 
5.12892678252454 6.62059952293487 3.62543840637453 
1.35297651154123 1.84665112268245 6.23909478690379 
2.3913530823631 2.302160064618 1.69057795210169 
4.39944507598866 1.59379573176282 5.09966114739178 
3.18585481901141 6.03155312432122 5.42145344864225 
3.51622308690692 5.98666641810647 5.57579345176268 
1.22937995104666 3.2025958136466 0.55353026818358 
1.24882775960417 3.31931256522727 0.754594342529636 
4.34532835016501 4.13274896082885 2.41140417808471 
4.56481548139479 4.414090514654 2.48839566901126 
1.74434417290533 1.41917768401377 5.29838643480006 
4.6034998062592 6.13194482184315 3.65293317436783 
4.63505835360056 6.35573025037097 3.87298266529704 
6.64234836433118 1.10470667536111 0.832318236302039 
2.80772226908352 3.80884448379544 4.17481474210971 
2.76444739190565 0.872477299136464 5.51062816274953 
2.55363117699203 1.14712891493698 5.64184615676068 
1.28415245956346 5.90046659479571 6.81567526533436 
2.90377777040011 1.77466898205968 1.4638600652054 
2.72809678560021 2.28219621624906 1.43721980332312 
3.98808381005555 5.46952825622254 6.41031506514341 
3.91342755370797 5.85084647799351 6.49617368167736 
6.32333366412561 0.891430976788315 3.67492390710088 
0.154607891271812 4.49479108707024 2.89205718911032 
6.69272188647167 1.98840490041538 3.57671433960154 
5.03583715286376 3.73102249761665 4.10874075083908 
4.70154408729912 3.53625063060227 4.38920089396488 
4.37769675814329 5.01546103527723 2.91624798486837 
4.31483629421521 5.3893789103836 2.52051255317394 
1.59874730498065 2.03440684503676 1.06477828457449 
1.64498881177879 1.52614967199852 1.11414431339791 
1.42559025086528 4.45664608114535 6.67310377360657 
3.02381512590715 1.04937790096094 0.824984419253495 
3.4892582262166 1.15956544066459 0.867142599857516 
1.67716468193154 1.51613087111655 1.60843911830432 
3.25036389865862 1.83521808607108 6.88639268299409 
3.53518658947437 0.556348146305612 1.55099689779512 
3.7216447090135 0.999922908760065 1.12348992251598 
3.63886476634614 5.50936197673614 6.24479669212707 
3.65073959271656 5.84458765891096 6.35312107604485 
0.379964582795987 4.63375695948566 3.76789480564611 
1.48646183070744 4.08771369525405 0.750887111728711 
1.19720244472433 3.6131020841374 0.626919802802277 
6.53830076511258 0.945524743440546 0.876541577505477 
6.38707359218563 0.891815638392859 0.649823596206389 
1.80430327724666 1.17422305517018 5.53744054269108 
3.61966156575015 2.92065047864089 6.68168655746345 
5.36767390326021 4.37553306669761 4.28380818899416 
5.35162587825292 4.12681679432792 4.09879525544603 
0.400760941136868 3.35148142174597 4.29516609561511 
0.453412217688352 3.70067991216389 3.78092827442656 
3.950017043077 5.29265738860706 2.99472069234265 
3.94615227181158 5.4676527244648 2.78873585026174 
1.15438595335839 5.58050882020304 6.67325800871036 
0.665558404383261 4.36766877054653 3.90204991811301 
1.07588988879735 4.49689003846511 3.66386427021539 
5.27090816833561 1.41711609205975 6.44478936078035 
5.1502551443823 1.33385681267541 6.16564990147548 
2.96814743028628 2.22205986755209 0.443772100719907 
2.67378622399195 2.04651947539471 0.705772833867377 
4.01247343021099 2.92395691449697 2.30005051027508 
3.975084623677 2.76322222198488 2.35822829938781 
1.09497841900368 4.27257876287076 6.39184072302512 
1.20799536458385 3.95809315274117 6.28496507739507 
1.65291311156797 6.01629824449367 1.07529016601979 
1.56639393736442 5.80228257608694 1.41571068331794 
6.51874652068802 2.20808561524976 0.860654812429789 
6.42629180223511 2.0545639636935 0.437130740925241 
2.84891695403135 1.60947090797766 0.726991184476051 
3.17900779468794 1.88439600028434 0.399199222859969 
4.56321432128209 3.21396968786431 5.29872404857121 
4.21921018395697 3.07346045190273 5.36619461884036 
1.17448480078922 3.44053485385771 2.77613344087867 
0.947993210495647 3.35663024742838 2.2787790967228 
1.6208381067302 4.20596721064664 6.63537244891065 
1.42791428872492 3.90474531843498 6.36012778994247 
1.13736233570203 2.96650036510421 2.83034407884498 
0.947285686928754 2.82535279253161 2.38897913453244 
1.03248427350626 4.21319847000111 0.916037615769728 
0.851720350430147 3.97640161002815 0.837520033380969 
4.92006560760486 1.51064779425707 6.56934018150698 
4.80228990942961 1.41516002762426 6.2768131459476 
1.67320267162489 1.70012117780696 1.69464873592021 
1.63006287296283 2.13086512616511 1.38171815256606 
3.44167096145337 1.1933363256468 6.38898915556868 
3.02506919476429 1.43792085712752 6.65306393756297 
6.54499217504846 1.22700921199222 0.430779347840115 
6.46738865771252 1.16023206717102 0.389263334930719 
2.66249648474146 1.57979694606052 1.74606453833892 
4.31069058049549 2.09419986278056 2.36145706899436 
1.54296357033438 4.74901065406987 0.683215006819478 
3.31607240273806 0.903129892296245 2.21144606970316 
1.77669316239884 0.209215832070967 4.68796054815345 
3.01448437221545 1.05945083944278 2.22826304450232 
3.04960476935053 1.39356502567168 2.20483133419573 
3.77287755988713 5.7147951487266 0.683978447784888 
3.9968373143399 5.88894811428541 0.966020980414381 
1.11091710351852 0.479488912101777 5.47138278786793 
1.44266997704705 0.491167041680822 5.6222296514869 
5.60709832696898 0.900055059598361 3.36280287230373 
5.41958595525515 0.430658312017012 3.06805814488087 
4.73683811106014 3.21985244350263 5.78461075898272 
4.18035965128273 1.3792826645815 5.36207137027358 
1.46175477938031 0.840962097523309 5.65078257900488 
1.06426863787954 0.77199122870919 5.45998942848906 
4.06747955112025 2.36259936536042 2.11277329734357 
1.90227033345784 1.44219944258981 1.76818210565648 
2.42986129830351 1.24515388690177 1.59343997911723 
6.21542474592638 5.25976777246967 0.773395496464751 
1.43613675601341 0.422672577402796 4.15706263401752 
1.45971576348939 0.525203835185619 4.41779519643901 
5.13567426646105 5.97138731388044 5.38921876322822 
5.04727504708877 6.30263912793066 4.92177350239866 
3.56200284282707 1.18607810748304 2.15178244109668 
3.36544515460497 1.4789549450068 2.13419381351422 
0.644076952237515 1.87207146161319 4.24945935604607 
0.594999603091213 2.35196068306334 3.90834125319233 
3.82206993971187 3.32296192328832 5.86714902795169 
1.89524860455672 4.22866117815454 0.799719955423524 
1.96904007101513 4.63969274259149 0.855914809031374 
4.55247038523337 3.10806164654964 5.90180126144416 
4.18188797213919 3.0234204819175 5.58849951453688 
1.88900140801065 6.3860023272551 5.5543912166701 
5.91277191365312 5.37041174678259 0.968179961230357 
3.19365915587372 0.727585680235049 3.43262665588096 
2.75326820528824 0.668215407490412 3.8327216149964 
5.01092372337115 2.09291805723001 2.38069263189513 
1.38704503652235 4.47058788592267 0.588986517744473 
1.56495398707496 4.19005833384051 0.639425719931017 
0.682574999192339 3.37555031681937 6.26588796850214 
1.8629250973592 1.00240130146261 2.06319093605823 
5.69881975037234 0.664549249041105 2.51545394161641 
2.50718429272628 0.250553981849151 3.6188402970349 
0.65942918009216 1.39510977030368 2.78330906252911 
0.791635101686103 1.06553408995729 2.7907277265408 
0.603642683284561 1.2364510025 2.25289697545642 
0.779525794976186 0.894037980868014 2.45552887906596 
6.16249033063049 3.02381507921555 3.0597941180865 
3.88596982657599 2.14375545517819 6.59546764962631 
6.42821047081502 0.765398809897426 2.44651120988387 
4.65126933533967 1.9752720275612 2.13494375451664 
0.662435156040621 3.3155129120403 5.75751698114337 
0.788433399176586 2.96972888198278 5.65017407333588 
5.9591980490762 3.25045523264519 3.20844103353905 
4.91833429619839 3.53878191167179 0.564244149350819 
1.0391336804721 2.7323611568362 6.1827191745812 
0.789702072848964 3.22981589475064 6.42459178925816 
2.1864597009655 6.45703204873336 1.45567208676409 
2.16224495080104 2.75573829503863 3.52914880857186 
2.05614785309213 2.99871216748091 3.82578711924566 
0.517788938445527 1.98622990717181 6.05778009265363 
0.690399256018579 1.7626716348381 5.94077345207314 
1.58677976913964 6.04298999930007 1.52347825190725 
4.59503725931319 6.5899409585998 5.16041454044337 
1.35522556114711 0.868693846985868 2.76064793123462 
1.78828973109402 1.13301598693714 2.73887794296247 
3.73252021220995 1.77462923000196 6.81044402146279 
3.78696358513163 1.36221550042348 6.45803460616428 
5.87599312729732 0.942379739188213 2.56279692143916 
5.88756086650624 1.11967262647074 2.96044194684866 
5.37971691589752 2.98575958867268 3.20789260071634 
2.55346510015264 3.23133019324586 0.529952334690907 
2.46384390528028 3.14390995609389 0.835123735496944 
5.88129499403201 4.37669670044068 0.193437179810914 
5.76089207298962 4.06140659399501 0.536223580245138 
4.52353005659523 3.67705976611736 0.401552675346259 
2.7030179623186 6.35198453962572 5.72094547147996 
2.52292778456732 6.09601191947758 5.71484187649254 
2.59793802677723 6.49125419200316 5.59169013809107 
2.28240874088375 6.27478758382662 5.50821281572036 
6.73427872367497 1.34953038226442 4.18804559414785 
3.15579567209241 6.48426608079644 1.15023931575095 
5.15104961998981 2.75844408718637 2.79472951170278 
5.40183349293558 2.76874343488362 3.07814611574536 
1.59518359748269 0.39529282711516 1.81199017985135 
3.23111990084874 3.67349610231881 4.88750977633198 
3.60377256298322 3.18654291084336 6.42248319465759 
1.83238152738026 2.52155563539147 3.65294852166709 
1.73734782671792 2.74066437750106 3.91615914345721 
5.40124780030286 1.12946291423949 3.50291012362505 
6.57946889839258 1.37384786334843 3.99672339863877 
6.76549759948509 1.52203544218229 3.83538051638952 
5.38000891778549 1.07430197182901 4.0586151374581 
5.56165577605553 1.11727116920988 3.83070971600089 
2.30774042734893 2.02764322865359 2.4587268659754 
1.86361189327744 1.80303789557902 2.51464334959705 
0.41156704334066 3.36800872312002 4.353004930191 
0.625295767198865 3.85517288111945 4.57053878260223 
5.91639329622384 3.00978387113647 4.26473950677061 
3.37466457359404 3.28825349902999 6.60156304367318 
2.9157644229134 3.31877175974935 6.30588352884137 
2.62114772764621 3.63721808341069 0.657046261707109 
2.50817496547135 3.53232211245833 0.989344541970866 
0.901681609425273 3.23649839647714 4.48177805517167 
1.06376391238776 3.60130168146408 4.65599854493632 
1.55063002242536 0.836830677576685 1.97362825767894 
1.24408539808612 0.719368249488333 2.39758202499819 
5.09373059160711 3.23173486196209 3.05366121366214 
4.95343618903162 3.09623421165666 2.82309961050066 
6.73195217701927 0.617535987996725 1.86488050405716 
3.3954715601616 1.58541576549368 5.44616791536394 
3.5239850043036 1.48194678485788 5.21802143010362 
2.97299249383855 6.2964776435377 0.826369142963001 
6.49340264699405 0.48223056953539 4.65124338712898 
6.11240154505797 0.515298664090895 4.78776816796074 
2.86581823534379 3.99907286394407 4.60578193260734 
2.56855735254004 3.96830031829757 4.82640298097551 
4.48009560387684 3.52955803275941 6.25427121292034 
4.16352582110186 3.86275413082557 6.25582887802523 
4.00894715292289 3.45022644287005 6.1905908212813 
4.37499793559653 3.35410615354424 6.24169273158382 
2.51726927838253 2.47926871470065 5.83283002734662 
2.22441212353535 2.49973180980481 5.58219058411111 
5.26785414211112 3.40491955767902 5.95449652925361 
3.57612055027394 2.54822191866875 5.76454980504596 
2.35152444283783 2.50589282491845 6.0210981063897 
2.0638907704686 2.52183689653309 5.76600263695986 
5.50907788281738 3.63564179524333 5.80895257296272 
6.37478246376012 0.307224424473159 4.40891698586399 
6.00097932688598 0.353283198724714 4.56942332698218 
6.74693496592587 1.99266579182642 2.50940517010315 
1.89805124072923 1.63556663724761 1.85824680714089 
2.32933895705495 1.87997035949504 1.90518918088239 
3.43997082240428 2.49728381735892 5.66225772253982 
3.03172838184578 2.85100359506068 5.64120413433896 
5.78530875287622 3.19723623362063 4.65153487678625 
5.79313510413537 3.55058861664659 4.55477793088801 
4.60082311690268 2.11613261734933 1.78172239631302 
4.78615197182365 2.39716722001596 1.63006486674135 
5.98998857898931 4.22743948130783 6.2231246207533 
6.20904481521271 3.88174746866379 5.99568940046791 
3.53256028424554 4.1390790123669 2.20754901423273 
4.95081689974177 1.05520432758318 3.50227104701914 
4.88056914995924 1.05044546159895 3.7741951804956 
1.13941350274153 5.2231321992203 3.58314642373467 
3.54467513384452 3.12059239958969 5.99487650011727 
3.17782776882675 3.21801482936911 5.87564941674669 
0.757871923045873 1.85166194792081 0.741473581568703 
0.703555267803756 1.73683153211754 0.31281418911711 
0.885672536230228 1.76969823005534 0.297272221629275 
0.946011051580634 1.87088493681711 0.694821602260136 
6.65463139598447 0.416497808199925 1.96122270808495 
5.75974949116752 2.42571759357495 6.2155750149677 
5.96289946851475 2.88025566995726 6.38255398880302 
5.3153401561828 3.62318336567101 6.51689566265971 
4.29005033100216 2.33815603181529 1.72852279740931 
4.4223696131768 2.56898460735714 1.62027492314745 
6.33076653100351 6.7077596530984 1.52991417674653 
6.26980168285285 6.50591881766721 1.12658142059302 
3.26310924905777 5.20982751544921 6.34268289644414 
2.92145717182031 5.31505611574191 6.66067935635267 
1.46280608052813 0.645736085119426 3.02644312290565 
1.06268533522598 0.686036143887109 3.5293568796616 
3.29113303137917 4.93741780926655 6.52001534415786 
3.01081977985486 5.04022154385636 6.77647795772419 
0.937803259146357 2.88438961770434 0.516881662103365 
0.376988588044944 5.99956436985128 2.75372559580251 
4.03384496202727 4.35663564886987 1.7897861035961 
4.01124536362813 4.23359934212436 1.86007706270461 
0.425097853700337 5.24586995162607 3.72199782462063 
0.799384389539749 5.47449082882081 3.782551364224 
5.43082072643502 3.45099312662524 6.15930388517841 
5.6112564161242 3.66028675370338 5.96283450858965 
5.4408632369511 2.64886115407062 6.31966622928879 
5.62725795995497 2.98772361819311 6.4332497827997 
4.23910877888304 6.63335880683508 5.90327930771787 
0.470117695326188 4.65386298708194 4.96896770587132 
0.71666860760388 4.80586172177307 4.75314051479851 
0.454970647708731 6.17187778149483 2.94857479130139 
1.56928863473909 0.836088810746658 3.80896643972545 
0.370565320439855 4.5107516990471 4.71974765735498 
0.544165841956717 4.60884542168503 4.53376700189088 
5.55579178211551 4.23681663016214 4.80814631452387 
5.56081989710714 3.99017296936483 4.83680048509502 
1.19969685733418 2.45620022543315 0.419388338315919 
1.08766130715542 2.17299652315246 0.780708012870017 
0.734200022830164 1.61690708136316 4.19023185157443 
3.33442178155115 4.43430520946458 2.10435868459792 
6.30447744228157 4.20643599309149 1.19025159383902 
6.09468841547052 3.82245868406986 1.0075606966305 
6.09644130023628 4.3484638622873 1.07296145912608 
5.87122747901321 4.05401596118967 0.897630701450754 
0.79212293784471 5.85065780944998 2.43325266840555 
1.0159937058712 6.0155452262708 2.54563626173435 
0.938045402874303 1.49906553554795 3.78789363641744 
1.32122516726453 1.43603579313661 3.88761633825273 
0.86895600668837 1.62717125571961 4.35862430890632 
1.34322540554127 1.52585430164176 4.21425037384566 
3.69862959152568 4.64290538071826 1.7836230379295 
3.66486817176301 4.65944023810674 1.59512283133053 
4.31047267509001 6.21818656570697 6.38340029717962 
4.68036124297388 6.01385641862521 6.27243749973193 
0.561333263914493 1.41374017146602 1.84130742767448 
6.78898992121572 1.40408144380202 3.31514150715755 
6.90258445479235 2.38888463458067 1.96883253846043 
0.44904661424277 1.49305127977188 1.21942334377378 
0.624465007035141 1.25914149363107 1.49750245528874 
6.49318018327825 1.05410790928774 3.22892165629038 
5.96368207874242 5.32982616628741 0.258597149185725 
6.79825086179639 2.36081771892789 2.36750033114981 
2.89039160996217 3.01880897293939 5.21522235276226 
6.15997205368116 5.25574040570387 0.334491257665402 
0.265204919533116 1.81946311636742 1.3559878009647 
0.288454815323676 1.86484857774979 1.62696424289502 
0.753594304932657 2.53422228554073 1.36927961756979 
0.655613418446368 2.86767842997255 1.17988371037432 
4.55963493419499 6.58016891542254 5.70732929169938 
4.5083888516123 6.46294545897928 5.42695842212543 
0.71890484688722 2.41664101246769 1.03219101272084 
0.637058639333051 2.74041613252119 0.931394476823673 
2.35858972289883 2.90103634775672 5.14369928378637 
2.18170972448819 3.21465167553606 5.14810491819921 
2.66011250519096 3.67504767471811 5.2270892477325 
2.96012454597187 3.5274474974961 5.23985122242754 
6.15027663481603 3.35591962893349 3.87708190918844 
6.15885937425204 3.5931616779838 3.95694515077839 
5.90743010024369 3.26660466534083 4.06298630652943 
5.86990511646041 3.52183799994098 4.19260421662447 
6.15769248573917 5.78612184714876 1.59219647654221 
5.95883976725122 5.69880835632259 1.56516614088786 
6.02736439686104 0.317157565425523 2.36254072560409 
1.46074650093883 6.51498738353503 1.05716092314362 
5.17702802626287 2.57426678358494 1.79015431695718 
5.34978832636139 2.47596845807759 2.06431184435952 
6.16187683114268 5.81947523507974 1.32728626297474 
5.99583334480566 5.75107582936398 1.300109763647 
2.69369351374817 0.657129313076062 1.28656256922138 
3.27257908084064 0.509422211991862 1.61405261810503 
1.66742803053886 6.22077553819265 1.17172521825282 
1.94806703732368 6.41451564771648 1.11287676914029 
6.42934891804456 0.465006508987735 2.36722890120162 
5.28082901691645 2.93322757471226 1.99304528810907 
5.40900108724552 2.7185491801563 2.19113361968634 
2.09764717980742 2.64575699078604 2.53811048060973 
2.0449139254222 2.9052108630588 2.90745784087017 
4.18464093025356 3.13832765130157 1.20340206695102 
3.57255512417713 3.38454926106417 1.36028488624709 
3.90749703981768 3.1203558884956 1.06499210201708 
4.82636398070008 6.2384598439285 5.8776990615541 
4.82015406025182 6.06351445524374 5.60107011808048 
5.30618633012585 5.77908028691764 2.98451444436973 
5.52580446350565 5.78657023275919 2.80032925399959 
1.62634222542244 2.49293267991658 2.64238860066832 
1.59627377244947 2.67062157017111 2.90270405263432 
5.22491089652844 5.54487737829634 2.86309392014558 
5.4139675879447 5.53509792388831 2.69043676337166 
3.7281463238814 5.47459132156235 0.731892799833323 
3.91754263131074 5.37051100673149 1.14798653075935 
3.95438625505245 5.08164561786914 0.383851289241068 
6.27679150241237 3.07751508718886 2.85449770615676 
6.30731491412365 3.54165272895235 2.63305194907053 
6.48944528218137 5.61212049928023 1.82030934383488 
6.45953767661376 5.29745011201444 1.99709400070811 
2.59897480179957 4.49690388688934 2.12677814000728 
2.85122788857502 4.28918191414272 1.94974995079741 
2.37973814957147 4.63418941258924 1.63684341407372 
3.0637459792893 4.46912235112295 1.31090563015691 
2.75410886016897 4.32067749482578 1.58367257785156 
4.40595175825205 3.64828312628907 1.58278081425858 
4.03648346974079 4.10648754206682 1.68426857004085 
2.33215774157909 4.90992412528485 1.51957276604109 
4.15902105972071 3.29048336952909 1.50814050136126 
3.72183761578293 3.45640651625386 1.55700356509548 
3.29176717309642 3.27060913590563 2.05466012844794 
2.49892193598226 4.40841896468416 3.03919881930749 
3.04416952404587 4.38875442493157 3.12089114387894 
4.5683035043695 5.6052028819936 1.28907917164334 
3.04688164303814 3.14430476477205 1.8548402947848 
2.73789583820715 3.39544411087656 1.92318224923931 
3.20100333620397 3.47373122877422 2.21398062568321 
2.8258495345651 3.57065880160267 2.13104821245912 
1.95405391627651 4.13899679709193 1.31969870029219 
2.15536374168765 4.60834461894228 1.57251488217623 
4.09306436710081 5.66532388466719 1.24073877491595 
3.99875945879493 5.79276605622738 1.60542570545324 
2.87149420404034 3.94106820915467 3.3554379556558 
2.60260130563476 3.94859464588189 3.31186812671207 
1.64765842001604 4.37933036953767 1.98053640427432 
1.54339541623457 4.12998498579255 1.77577522914886 
4.18959613369018 4.4228363733767 1.22788685228532 
4.1565460125118 4.33991164760508 0.72925052284502 
5.86826227128352 6.39696992469392 2.49077164867571 
5.84042043558204 6.40534738999975 2.2556898207943 
5.5965757998263 6.2655315223261 2.51112622305418 
5.57951578161735 6.2801719461757 2.26639240229691 
4.33879767913069 4.7590382915834 1.05145124255462 
4.31175121832862 4.67043069000035 0.703387501163459 
3.63164894733051 5.38491478138016 2.67477773799092 
3.33140017951815 5.61003740403443 2.60107776721854 
5.54967145679093 4.46555408583594 6.18078010198159 
5.46492059381742 4.36240133066579 6.49525351247468 
5.60062311247868 4.17759142364485 6.47663497908168 
5.6903520566928 4.20174129439421 6.25216206883341 
4.84956289990581 5.4006290690514 1.94321074514113 
4.41349397663454 5.45959063293482 2.24791624907641 
4.6455735479819 5.73617025041274 1.65802243225758 
4.34808106133503 5.82194845590089 1.83184234262701 
5.78000332117775 5.90346416212208 6.5586122974226 
3.49466390408248 5.2565769026965 2.29211434917834 
3.28992288420694 5.43089910099166 2.26886517082302 
2.89426371195142 4.82313176831018 1.08999995859627 
2.52002458187093 5.02404330925432 1.23113777402247 
5.99749260726504 6.04506565685517 6.05884889671644 
6.06646033541622 5.66412864536939 5.95393003961695 
2.83356320498177 5.40126402611827 1.23231599199598 
3.10635864226497 5.23557053063999 1.1298795754966 
5.59165147341158 5.30999104333556 6.58507781330885 
5.65130815969295 5.10758517851978 6.23529952522864 
5.83001044200205 5.47691691429028 6.57405295161832 
5.96678020945734 5.36215004220776 6.27423797550366 
0.822545871164019 5.44274545999689 2.43877137514979 
1.2648205835749 5.21446869967674 2.69034444050699 
0.328395120104562 2.4567519407728 2.74272889990002 
0.310591392931215 2.10061279134578 2.94601653486148 
0.254948564344162 5.10024378439774 2.89810131525293 
0.352945860211469 2.63292133378503 3.16531067338351 
0.337794385103567 2.39553063986408 3.32668029392994 
6.32574655261999 4.79619813329071 2.99526352477424 
6.55610430464968 4.45860939231989 2.86893083185412 
6.17971952188317 4.61825875772882 3.45992842816728 
0.441161858035009 4.8499099966032 3.10248363592057 
0.887706625798014 4.82234433203181 3.07508383223403 
0.530112103226944 4.8901178464573 3.51771605014193 
0.894969318693365 4.85765090250257 3.45048509852055 
6.04978820537225 4.07007645821443 3.46702350742467 
6.56397836574188 4.27006831613498 3.03966533765893 
6.33397122182272 4.32588487534629 3.43721761949075 
5.94046289781708 3.69217964917705 3.01240401653334 
6.20610652426696 3.7274725594151 2.69978786756884 
0.846601109374582 6.25938961116637 2.89411542211759 
1.46239438927132 5.78141858274081 3.07425041296901 
1.03989763850527 6.16248162992316 3.19857663125897 
1.2561415187762 6.53059192704227 3.3666060701149 
6.61353293121325 2.94616419942795 3.53349008864215 
6.6468392687858 2.62585694625644 3.72315726966106 
6.60584575898715 2.82134397494252 4.01773766930679 
6.56948268042192 3.11519868634292 3.85201617479103 
5.94394138468721 1.76312884822614 6.70208207901784 
6.09980046175915 1.92553121763095 6.50838590486387 
5.66683578338797 1.8499644847729 6.54582082707057 
5.8468855408037 2.02025361415814 6.32992793452543 
6.38838241653735 0.50166346064578 3.80770978278277 
6.50645304482962 0.451321330029528 3.95358069435612 
5.18658264099479 2.19470086549379 6.90250880926265 
4.94636000391051 2.12227107587842 6.90012899544518 
5.12332375639412 2.40485306164841 6.84021375305517 
4.85695103806958 2.3441383945763 6.84066220751939 
4.2780916407601 1.53059944965798 5.94715583681352 
4.04960311289184 2.00412320796531 6.15117526998725 
3.99943609370775 1.65469404331326 6.05481926092381 
4.68683316776004 1.91663094678159 5.66870057972866 
4.51470629242917 2.23216428204229 5.88994312497012 
4.5121954143612 1.73347867935544 5.98459138567516 
4.41121167566091 2.04343603675209 6.10074325269367 
1.38333729606018 4.62746333331338 2.58963250991447 
1.64851495815952 4.40078419171713 2.73458585918588 
1.08006976080223 4.46574521753882 2.84882590321261 
1.31991585392895 4.19348565714355 3.03638320929405 
1.81115408529233 3.79199845759627 3.87570817853048 
2.06736492220683 3.68298005854045 3.84123577071033 
1.6997936712019 3.60776827662112 3.73951070018104 
1.96430117826878 3.48117767950555 3.69306570464179 
2.81287077723852 1.76547480996019 4.35022888997759 
2.89031244746323 1.88605122929565 4.04411481150803 
2.56892817118113 1.13166786291799 4.38020229864767 
2.52429112443291 1.0109364822057 3.87041234712945 
2.6954223011012 1.70143292112388 4.31119598963097 
2.8213700771603 0.910648275620515 2.64504216697869 
2.52425821585405 0.335492174315702 2.74496428320973 
2.46220365593516 0.734807462041317 2.58431329529044 
2.7352873504604 1.80251954797161 3.97716263379917 
2.68696639626027 1.44398761459328 3.59278492671511 
2.39212983191796 1.61740126611812 3.33536694874852 
2.37217016096115 2.03320337191158 3.6278928296234 
1.82553888193978 0.751274510524088 3.13273865138232 
1.8582624400247 0.834894147120711 3.60354326300414 
3.04363921864089 2.43886741121317 3.95717055298151 
2.99704193830066 2.69635447865468 4.25762966186145 
2.1782338610907 0.282980400320346 3.08445649642181 
2.31414216031185 0.252944885936242 3.55494543366078 
2.89314270927076 2.68564634799623 3.76117657360984 
2.85510515975868 2.8976404515263 4.04330982518835 
2.45243252654076 1.59899162954302 3.06830896674644 
2.58201521999797 1.92358467228346 2.76252488516898 
2.90293344035139 1.68213164607529 2.73138065081365 
2.78609795899637 1.43972602660204 2.97437955300819 
3.22132400376491 0.514928721371293 3.23403270187241 
3.00541561914731 0.23990934660075 3.22570413835444 
3.11879285690947 0.508752010999563 2.86847325706539 
2.94776525689703 0.280652828230597 2.88378259539217 
1.88536474035707 6.19388053314684 3.39025048965689 
1.75299453124653 6.43722504925343 3.45341735657108 
2.06702758182227 6.2935950833078 3.30412263003655 
2.55214322422243 0.541039056304492 1.27060758492337 
0.774625215730383 1.10413091990018 4.89179999855916 
0.898811614285201 1.31134406936672 4.81779471953617 
1.10830547969055 1.19747005418923 4.85392410916022 
0.955980794951634 0.992711338213283 4.93113061361947 
1.85790909313433 6.23307779760045 2.09587671001723 
1.93190885223527 6.13960799205471 1.87647008457274 
2.06506920124952 6.0001081552705 1.98902398629743 
1.99123087668872 6.09751864249131 2.20610792722481 
POLYGONS 1598 9787
4 2 601 632 827 
5 541 617 2 827 1358 
4 1 476 1357 1088 
6 0 416 1328 1358 827 632 
4 388 593 860 1627 
5 567 707 388 1627 1625 
4 859 1216 1353 1360 
6 388 593 1217 1221 1222 707 
5 567 929 1015 816 1625 
5 1015 1016 1354 1361 816 
7 859 860 1627 1625 816 1361 1360 
6 1216 1217 1221 1016 1354 1353 
5 3 1638 1639 1649 1652 
6 1103 1104 722 1651 1652 3 
6 959 1103 3 1638 1637 1630 
5 4 403 887 1037 870 
7 870 1037 1150 1640 1639 1649 1650 
5 4 722 1651 1650 870 
4 959 960 1643 1630 
6 402 886 1647 1643 960 890 
6 402 403 4 722 1104 890 
6 1630 1637 1640 1150 1647 1643 
5 9 8 1511 1507 741 
6 9 741 1166 1178 5 791 
5 5 6 1218 1219 791 
5 10 439 857 856 464 
5 5 6 440 7 1178 
6 439 440 6 1218 1194 10 
6 856 857 7 1178 1166 410 
5 410 856 464 1511 1507 
5 9 8 1195 1219 791 
4 439 440 7 857 
4 410 1166 741 1507 
6 10 464 1511 8 1195 1194 
5 418 419 1390 14 714 
4 13 419 1390 1381 
5 418 714 12 1368 1367 
6 13 1381 11 1618 1620 1615 
6 418 419 13 1615 1616 1367 
6 11 1082 1084 1138 1617 1618 
6 11 1082 1132 14 1390 1381 
5 15 1131 1084 1138 1170 
6 12 15 1131 1132 14 714 
5 12 15 1170 1269 1368 
5 16 458 606 1223 1224 
5 18 392 16 1224 1248 
5 20 19 17 1126 655 
5 21 23 1239 1243 22 
5 23 1154 487 1240 1239 
6 1243 1244 24 1579 1582 22 
4 29 718 447 1531 
4 519 520 28 1532 
7 25 26 28 1532 1531 447 448 
5 25 448 719 31 1049 
6 27 26 25 1049 1555 1554 
4 27 26 28 520 
6 552 553 29 1531 1532 519 
6 519 520 27 1554 1565 552 
6 30 31 719 718 29 553 
5 552 553 30 1566 1565 
5 30 31 1049 1555 1566 
6 34 523 623 622 777 776 
5 32 33 622 777 444 
5 34 494 604 443 776 
5 494 495 522 523 34 
5 35 39 36 40 849 
4 35 39 611 1375 
5 849 850 1374 1375 35 
6 36 40 1557 1556 38 584 
5 39 36 584 947 611 
6 849 850 1411 1558 1557 40 
6 850 1374 37 1380 1428 1411 
5 1117 1118 1384 1380 37 
7 611 947 1074 1117 37 1374 1375 
5 38 584 947 1074 1073 
7 38 1073 1118 1384 1429 1559 1556 
6 1511 1512 907 1560 1561 8 
6 711 907 1512 1508 1550 1551 
5 644 711 907 1560 1562 
5 44 45 644 711 1551 
6 43 42 9 8 1561 1563 
5 41 44 1551 1550 742 
5 45 43 1563 1562 644 
5 42 9 741 742 41 
5 42 41 44 45 43 
5 519 552 1444 1398 745 
6 27 520 1099 1026 1194 1218 
5 552 1444 1455 441 1565 
5 745 1100 1175 1425 1398 
5 441 654 1021 1424 1455 
6 441 654 1195 1219 1554 1565 
4 1218 1219 1554 27 
6 47 1151 1426 1589 1587 1581 
5 46 391 1162 1105 1087 
5 49 1161 1207 1589 1426 
6 46 48 930 1584 1586 1087 
6 51 50 1447 663 1275 1290 
5 50 52 53 1445 1447 
5 51 50 52 984 985 
5 51 985 1486 1492 1290 
5 54 46 1087 55 409 
5 46 48 795 411 54 
5 54 409 856 410 411 
4 57 56 1584 930 
6 56 58 465 59 1586 1584 
6 56 58 1512 1508 796 57 
5 795 796 57 930 48 
6 55 59 465 464 856 409 
4 55 59 1586 1087 
6 410 411 795 796 1508 1507 
5 464 465 58 1512 1511 
6 60 61 1349 1350 1025 1024 
6 62 61 1349 1400 532 65 
4 1025 1266 1346 1350 
4 63 64 1123 1167 
6 67 68 1251 917 775 422 
5 66 797 938 916 1183 
4 69 71 766 1488 
5 70 72 579 578 73 
6 72 579 769 770 652 651 
6 76 80 77 74 744 743 
4 76 743 1051 1050 
4 77 74 81 78 
5 81 74 744 506 505 
6 79 506 744 743 1051 961 
6 76 80 534 881 999 1050 
5 78 81 505 466 75 
5 79 442 466 505 506 
5 442 466 75 533 732 
6 78 75 533 534 80 77 
6 79 442 732 880 998 961 
5 877 1151 47 1423 1435 
5 549 1450 1596 1598 1597 
5 47 1423 1449 1577 1581 
5 877 878 1598 1596 1435 
6 82 1029 1578 1588 1590 1401 
4 82 1029 549 1597 
6 82 1401 1427 878 1598 1597 
5 84 88 87 85 86 
6 89 88 84 1035 1578 1577 
4 86 84 1035 1621 
5 1113 1190 1587 1588 1623 
6 85 86 1621 1623 1113 90 
5 1035 1578 1588 1623 1621 
5 87 85 90 83 92 
5 92 83 1006 1005 91 
5 83 90 1113 1190 1006 
5 91 89 1577 1581 1005 
5 88 87 92 91 89 
5 412 459 954 896 638 
5 896 897 1234 1233 954 
5 938 939 1070 1071 916 
5 917 1251 1324 1616 1367 
6 13 395 946 939 1070 419 
5 916 917 1367 418 1071 
4 13 395 1305 1615 
5 93 796 1508 1550 1548 
6 63 94 411 410 1166 1167 
6 648 649 911 1366 1014 97 
6 97 648 95 1027 1180 1210 
5 96 98 460 1462 1463 
5 648 649 727 728 95 
6 100 445 627 1307 1256 762 
6 494 604 730 1145 1281 1280 
5 671 761 1281 1145 1144 
7 99 470 443 776 596 1394 1412 
4 596 627 1307 1394 
5 34 445 627 596 776 
4 443 470 730 604 
5 99 470 730 1145 1144 
5 671 1144 99 1412 1272 
5 761 762 1256 1272 671 
5 761 762 100 1280 1281 
5 34 445 100 1280 494 
7 651 652 1660 102 706 705 101 
5 682 706 102 1493 1199 
6 1409 1430 1612 1610 1606 1607 
4 103 452 896 638 
6 455 456 1420 1416 1205 1187 
5 104 105 724 1513 1262 
5 509 903 1515 1513 1262 
4 509 843 1263 1262 
6 570 571 106 1263 843 842 
6 1262 1263 106 1338 1369 104 
5 108 107 1406 1407 1055 
5 109 902 1441 1442 1196 
6 109 832 944 705 1197 1196 
5 101 108 1055 1197 705 
5 110 113 453 920 758 
5 110 71 766 111 113 
6 112 69 71 110 758 876 
5 688 689 931 1232 1319 
6 453 689 931 697 875 920 
5 697 700 1231 1232 931 
6 111 688 1319 1495 1488 766 
5 524 875 920 758 876 
5 111 113 453 689 688 
7 112 69 1488 1495 1231 700 699 
4 112 699 524 876 
5 699 700 697 875 524 
5 115 818 1360 859 840 
4 114 498 390 1111 
6 114 115 840 1283 1282 1111 
5 114 115 818 116 498 
5 116 498 390 733 734 
4 118 119 400 1538 
5 118 117 977 1359 119 
6 118 117 1524 1522 1539 1538 
4 680 833 693 1286 
6 119 400 1285 541 1358 1359 
6 541 617 694 693 1286 1285 
5 2 617 694 427 625 
5 427 625 759 1523 1567 
6 759 828 977 117 1524 1523 
5 2 625 759 828 827 
4 1522 1527 681 1539 
5 911 1306 1497 1408 1366 
5 1306 1325 1298 1487 1497 
6 97 1014 1061 990 1018 1017 
4 648 649 909 598 
5 97 648 598 1011 1017 
6 120 773 909 598 1011 1012 
5 120 529 1298 1325 773 
5 120 529 568 121 1012 
6 649 909 773 1325 1306 911 
5 1011 1012 121 1018 1017 
5 529 568 989 1487 1298 
5 121 568 989 990 1018 
6 989 990 1061 1408 1497 1487 
6 39 36 122 455 456 126 
4 122 36 584 585 
6 39 126 702 701 905 611 
5 122 455 1187 480 585 
4 126 456 1420 702 
6 123 125 1416 1420 702 701 
5 124 125 123 1101 1102 
5 123 701 905 1076 1101 
6 124 1102 1141 480 1187 1205 
4 124 125 1416 1205 
6 584 585 480 1141 1142 947 
5 397 879 1152 1045 1095 
5 1152 1153 933 1172 1045 
5 127 542 472 1094 1000 
6 128 127 1000 1171 653 751 
5 396 397 1095 1094 472 
5 932 933 1172 1171 653 
4 1024 1025 1189 1608 
5 1025 1189 1464 1326 1266 
4 1083 1121 1485 1518 
4 129 67 422 574 
5 653 932 605 952 1333 
5 546 633 842 570 690 
5 17 19 130 33 32 
6 933 1153 1432 1457 1188 1206 
5 132 131 969 1043 134 
5 798 799 802 134 1043 
4 133 614 987 1090 
5 422 574 799 798 775 
7 775 798 1043 969 987 1090 1182 
6 139 138 135 503 142 750 
5 135 136 1099 1100 503 
5 138 135 136 851 140 
5 141 137 139 750 1542 
6 28 520 1099 136 851 898 
4 137 140 138 139 
5 141 137 140 851 898 
4 142 503 1100 745 
5 141 898 28 1532 1542 
6 142 745 519 1532 1542 750 
6 143 144 613 458 16 624 
5 392 393 943 624 16 
6 5 145 511 603 1179 1178 
4 5 145 792 791 
4 147 527 148 580 
5 42 9 791 792 725 
5 146 148 527 891 618 
5 147 149 531 891 527 
5 151 153 803 804 152 
5 151 153 536 150 716 
5 152 151 716 629 155 
6 156 155 152 804 1020 974 
5 488 537 685 1030 709 
5 150 154 488 537 536 
6 536 537 685 848 803 153 
5 150 154 630 629 716 
6 154 488 709 710 157 630 
5 156 155 629 630 157 
6 156 157 710 1031 973 974 
4 159 158 163 162 
5 162 161 1397 1396 159 
4 160 394 771 513 
5 164 166 1534 906 1046 
5 164 165 1504 1503 166 
6 99 168 165 164 1046 1144 
6 430 431 477 906 1534 1530 
5 166 1503 1529 1530 1534 
6 1096 1227 430 1530 1529 1528 
5 1096 1413 167 1502 1528 
5 168 165 1504 1502 167 
5 431 477 671 1272 1228 
5 168 167 1413 1412 99 
6 172 169 87 85 962 1245 
5 1208 1245 172 1294 1295 
5 169 87 88 174 170 
6 400 1208 1245 962 1545 1538 
4 400 1208 1295 1285 
6 171 174 170 1257 1286 680 
5 169 170 1257 1294 172 
5 85 86 1544 1545 962 
6 86 84 173 681 1539 1544 
4 173 171 680 681 
5 173 171 174 88 84 
4 175 674 1127 1110 
5 1223 1247 1611 1610 1606 
5 573 656 923 660 661 
5 152 155 793 558 507 
5 177 176 151 152 507 
5 74 717 609 936 744 
5 176 151 716 717 609 
5 81 74 717 716 629 
5 505 506 179 558 793 
5 81 505 793 155 629 
5 179 178 177 507 558 
5 178 177 176 609 936 
5 179 178 936 744 506 
6 180 182 1224 1248 1619 1617 
5 181 184 1269 1614 544 
4 183 180 1617 1138 
6 183 180 182 535 641 812 
5 184 837 914 1170 1269 
5 183 812 914 1170 1138 
6 181 184 837 772 943 393 
5 392 393 181 544 18 
5 182 535 624 16 1224 
5 18 544 1614 1619 1248 
5 57 796 93 1067 1066 
6 27 26 1051 1050 6 1218 
5 25 26 1051 743 937 
6 76 185 145 5 6 1050 
6 76 185 801 800 937 743 
6 185 145 792 500 787 801 
5 788 800 937 25 1049 
6 791 792 500 1555 1554 1219 
5 787 788 1049 1555 500 
4 35 39 126 619 
6 642 905 611 1375 1376 1284 
6 186 187 642 905 701 475 
5 187 642 1284 1402 1403 
6 126 619 1130 1129 474 702 
5 474 475 186 1088 1129 
5 186 187 1403 1357 1088 
7 35 619 1130 1356 1343 1376 1375 
5 554 913 1636 1634 1260 
5 188 1258 1260 1634 1655 
7 102 554 1260 1258 190 1494 1493 
4 190 189 188 1258 
6 102 554 913 1135 1136 1660 
5 191 54 409 737 657 
6 193 191 657 986 755 481 
5 193 191 54 411 94 
5 194 192 755 986 1001 
5 736 737 657 986 1001 
6 64 481 755 192 1179 1123 
5 194 192 1179 1178 7 
5 63 94 193 481 64 
5 194 7 857 736 1001 
6 196 683 882 686 1242 1047 
5 196 197 195 1048 1047 
6 186 197 196 683 1 1088 
4 186 197 195 475 
6 474 475 195 1048 964 198 
6 199 200 858 826 935 1038 
5 1025 1189 1347 1062 1350 
5 385 825 1370 1385 1609 
5 825 935 1038 1371 1370 
6 60 1024 1608 1609 1385 1386 
6 60 61 199 1038 1371 1386 
5 200 858 1062 1350 1349 
4 199 200 1349 61 
6 385 1337 1347 1189 1608 1609 
6 201 202 1257 170 697 700 
6 672 673 413 1446 1448 586 
7 413 483 1068 934 53 1445 1446 
5 206 203 672 586 576 
5 203 204 583 673 672 
5 206 203 204 208 207 
4 483 582 1069 1068 
6 208 204 583 582 1069 941 
5 413 483 582 583 673 
6 50 52 205 207 206 576 
5 50 576 586 1448 1447 
5 52 205 940 934 53 
5 207 208 941 940 205 
5 210 214 216 215 209 
7 209 210 211 212 1482 1484 1393 
5 215 209 1393 1392 213 
5 215 213 646 518 216 
6 639 646 213 1392 1355 1116 
5 100 217 966 970 762 
5 965 1103 3 1291 1139 
6 217 218 1156 1139 965 966 
5 1260 1261 1651 1652 1634 
5 722 761 1281 1261 1651 
5 218 188 1655 1653 1156 
6 218 188 1258 1280 100 217 
6 3 1291 1653 1655 1634 1652 
5 220 414 551 394 771 
5 219 220 414 415 1220 
6 414 415 865 1198 1229 551 
4 68 852 1324 1251 
5 559 682 1199 1200 731 
4 559 682 945 1235 
5 639 640 900 899 1116 
4 665 899 1116 1355 
4 213 223 1133 1392 
6 463 665 1355 1392 1133 1134 
5 222 223 213 646 647 
6 224 221 222 647 640 900 
5 221 222 223 1133 1134 
5 224 463 665 899 900 
4 224 221 1134 463 
4 231 230 752 528 
6 228 231 528 847 1003 1004 
5 229 752 528 847 846 
6 225 226 1034 1128 1264 1271 
6 226 227 230 231 228 1034 
4 225 226 227 491 
6 227 230 752 229 490 491 
5 846 847 1003 1009 1010 
5 229 490 1160 1010 846 
4 228 1004 1128 1034 
6 490 491 225 1271 1270 1160 
6 1003 1004 1128 1264 1265 1009 
5 78 81 629 630 565 
6 77 78 565 564 1171 1000 
5 653 1171 564 1334 1333 
6 77 74 717 746 127 1000 
7 150 154 1336 1335 751 128 747 
4 128 127 746 747 
6 564 565 630 154 1336 1334 
5 716 717 746 747 150 
5 609 626 844 746 717 
5 176 609 626 1659 1657 
6 176 151 153 996 1658 1657 
5 688 820 1665 1666 1319 
5 769 770 1136 1135 1341 
5 232 656 573 1254 1211 
5 97 1017 232 1211 1210 
5 598 648 95 994 957 
5 954 994 95 1027 1233 
6 452 508 957 994 954 896 
5 452 508 924 923 660 
5 508 924 1011 598 957 
6 232 656 923 924 1011 1017 
6 573 661 897 1234 1253 1254 
6 649 727 1387 233 910 909 
5 774 836 868 233 910 
5 773 774 836 1326 1325 
6 93 1067 1083 1121 1549 1548 
4 89 462 1449 1577 
5 234 236 106 1338 1028 
5 235 234 236 237 726 
5 190 189 581 522 495 
4 190 495 1203 1494 
5 237 236 106 571 423 
5 239 238 240 838 839 
5 419 1070 1378 1391 1390 
6 476 1357 1403 1391 1378 1382 
5 939 993 1382 1378 1070 
6 13 395 1213 1343 1402 1381 
6 557 835 1143 1213 395 946 
5 476 834 560 993 1382 
5 557 560 993 939 946 
6 245 241 599 600 1439 1214 
4 241 599 1058 1002 
5 245 241 1002 1001 736 
6 243 242 658 657 737 545 
4 242 244 489 658 
5 243 242 244 600 1439 
6 244 489 1059 1058 599 600 
4 243 545 1214 1439 
5 736 737 545 1214 245 
7 443 444 1127 1110 420 471 470 
5 17 32 444 1127 1126 
6 54 46 391 247 248 191 
5 193 191 248 246 249 
4 250 134 132 1140 
7 531 532 884 250 1140 1157 149 
5 250 134 802 575 884 
5 251 65 532 884 575 
5 472 473 511 603 396 
4 256 255 921 806 
7 255 257 24 1579 1580 253 921 
5 253 252 254 806 921 
6 256 806 254 854 1510 1509 
5 252 254 854 855 637 
5 253 252 637 1583 1580 
5 854 855 22 1243 1510 
5 255 257 1089 1509 256 
5 637 855 22 1582 1583 
4 257 24 1244 1089 
5 136 258 398 1026 1099 
4 10 398 1026 1194 
4 6 440 999 1050 
5 10 398 258 695 439 
5 26 28 898 961 1051 
5 136 258 695 901 851 
6 219 259 634 635 1184 1220 
5 730 731 559 1185 1145 
6 1185 1186 676 1226 1235 559 
5 417 863 676 1226 1225 
5 99 168 779 471 470 
4 168 165 778 779 
5 164 165 778 417 863 
5 676 863 164 1046 1186 
7 778 779 471 1097 1236 1225 417 
5 265 261 264 912 814 
7 264 260 389 388 1627 1628 912 
5 263 438 567 1625 1626 
5 591 592 1622 718 29 
6 260 262 592 1622 1624 389 
4 388 389 1624 707 
4 264 260 262 261 
7 438 447 718 1622 1624 707 567 
6 814 912 1628 1626 263 1543 
5 265 261 262 592 591 
6 29 591 265 814 1543 1531 
5 263 438 447 1531 1543 
6 266 709 1030 808 1146 1147 
4 266 709 488 1289 
5 108 72 579 267 1055 
5 107 753 461 1405 1406 
5 70 72 108 107 753 
6 98 73 70 753 461 460 
5 96 578 579 267 1463 
5 460 461 1405 1404 1462 
6 267 1055 1407 1404 1462 1463 
4 96 98 73 578 
6 140 703 763 756 901 851 
5 435 756 763 268 830 
5 269 268 763 703 704 
5 79 270 141 898 961 
5 141 137 786 1181 270 
6 137 140 703 704 785 786 
5 269 643 1342 785 704 
6 442 732 829 643 1342 1372 
5 79 270 1181 1372 442 
5 269 268 830 829 643 
5 435 756 901 998 880 
4 831 1192 1163 1215 
5 978 1119 615 1364 1327 
5 615 616 386 942 1364 
5 271 386 616 831 1215 
6 271 1215 1163 1484 1482 1591 
5 1310 1327 978 1483 1481 
6 978 1119 1192 1163 1484 1483 
5 1310 1327 1364 942 1594 
5 271 386 942 1594 1591 
6 425 426 979 1620 1615 1305 
5 272 420 1110 175 555 
6 542 543 845 844 746 127 
5 609 626 800 937 936 
6 76 185 473 472 1094 80 
5 185 473 543 845 801 
4 80 77 1000 1094 
5 121 622 777 597 1012 
6 596 597 1012 120 628 627 
5 445 446 273 523 34 
5 273 523 623 569 530 
6 273 446 628 120 529 530 
5 568 569 623 622 121 
6 274 387 1465 1468 664 1330 
6 159 158 275 1576 1574 767 
5 159 767 1556 1559 1396 
5 276 810 1492 1290 1054 
5 810 1148 1415 1491 1492 
5 277 51 50 576 577 
5 277 577 566 608 607 
4 663 664 1468 1275 
5 274 387 608 566 424 
5 274 424 587 1331 1330 
4 586 587 1331 1448 
5 277 51 1290 1054 607 
5 607 608 387 1465 1054 
6 663 664 1330 1331 1448 1447 
5 1081 1137 1160 490 1168 
5 66 797 1112 1081 1137 
5 913 1297 1322 764 1636 
5 1321 1322 764 1641 1418 
5 1635 1636 764 1641 1645 
5 278 280 180 182 279 
5 278 280 516 1430 1409 
4 279 278 1409 1607 
6 182 279 1607 1606 1223 1224 
4 517 979 1620 1618 
6 516 517 979 1613 1612 1430 
6 280 180 1617 1618 517 516 
5 432 433 276 1054 607 
5 607 608 281 1124 432 
6 282 720 1230 283 1296 1308 
5 160 394 551 721 468 
5 282 284 468 721 720 
5 686 687 283 1230 1242 
5 467 561 862 1114 1373 
5 561 794 1015 816 862 
6 263 270 79 506 179 438 
5 179 438 567 929 558 
6 466 467 561 794 793 505 
5 263 270 1181 1115 1626 
6 285 735 1042 1601 1600 1304 
4 233 525 1466 1387 
5 735 868 1165 1191 1042 
6 525 526 285 735 868 233 
4 285 526 1516 1304 
5 926 927 286 964 198 
5 202 436 693 1286 1257 
5 286 865 1198 1241 964 
5 105 724 1572 1571 749 
5 287 436 693 833 748 
5 723 724 1572 1567 427 
4 540 708 635 1184 
5 288 201 700 1231 620 
4 289 1404 1462 1469 
5 259 634 1146 808 809 
7 294 782 1096 1413 1395 1489 1498 
6 290 291 1489 1498 583 673 
5 478 479 672 673 290 
5 292 449 1525 1528 1502 
5 293 291 290 478 556 
4 293 291 1489 1395 
5 292 449 203 672 479 
4 782 1096 1528 1525 
4 294 204 583 1498 
6 478 479 292 1502 167 556 
6 294 204 203 449 1525 782 
5 167 556 293 1395 1413 
5 144 550 950 888 613 
5 547 1056 1155 1115 1114 
5 785 786 1648 1644 296 
6 296 297 1467 1480 1342 785 
5 547 1114 1373 1479 1478 
5 297 295 631 1477 1467 
6 295 631 1056 1155 1648 1644 
5 631 1056 547 1478 1477 
4 297 295 1644 296 
5 1115 1155 1648 786 1181 
5 466 467 407 677 75 
6 197 195 407 467 1373 1479 
6 195 407 677 123 701 475 
5 186 197 1479 1480 187 
5 642 643 1342 1480 187 
5 533 732 829 1076 1101 
5 75 533 1101 123 677 
5 642 643 829 1076 905 
6 300 298 636 301 492 493 
4 302 301 636 1120 
5 300 298 668 667 299 
6 298 636 1120 1119 615 668 
5 667 668 615 1364 1365 
6 299 304 1075 1339 1365 667 
5 300 299 304 303 493 
5 666 978 1327 1340 1107 
5 302 301 492 1041 1040 
6 1040 1041 305 1108 1107 666 
6 666 978 1119 1120 302 1040 
5 303 304 1075 1108 305 
5 303 305 1041 492 493 
6 119 400 1208 1209 1174 1159 
5 1158 1159 119 1359 1329 
6 441 654 1561 1563 1541 821 
6 760 1456 822 1514 1552 1546 
4 450 659 760 1546 
5 659 760 1456 1455 1424 
6 306 450 659 1424 1021 510 
5 306 307 1552 1546 450 
6 307 919 1533 1540 1514 1552 
5 821 822 1514 1540 1541 
5 306 307 919 925 510 
5 1291 1292 1632 1638 3 
5 308 309 959 1103 965 
6 250 134 1043 1044 309 308 
5 308 250 1140 1139 965 
5 309 959 1630 1629 1044 
5 131 969 1631 1632 1292 
6 132 131 1292 1291 1139 1140 
5 490 491 1318 310 1168 
5 310 311 1122 1317 1318 
5 314 1072 1419 1436 1276 
6 238 240 968 313 590 817 
7 313 590 1419 1436 312 1452 1451 
7 240 838 1661 1662 1453 1443 968 
4 590 817 1072 1419 
5 312 457 991 1454 1452 
4 313 968 1443 1451 
5 312 457 1277 1276 1436 
6 314 239 839 813 1277 1276 
5 314 239 238 817 1072 
6 457 991 1663 1664 813 1277 
5 463 1040 302 1085 1134 
6 399 610 1133 1392 1393 1164 
5 665 666 978 1483 1355 
6 399 610 1085 302 1120 1193 
4 782 783 789 294 
5 208 204 294 789 790 
5 206 306 450 449 203 
5 206 207 315 510 306 
5 315 510 1021 1176 678 
6 782 783 1175 1425 1526 1525 
5 207 315 678 790 208 
6 789 790 678 1176 1175 783 
5 892 1079 1098 1013 1458 
4 480 585 1079 892 
6 509 843 1124 281 904 903 
6 480 892 1458 1457 1188 1187 
5 316 317 778 165 1504 
6 316 632 827 828 1503 1504 
4 166 977 828 1503 
4 0 317 316 632 
6 164 166 977 1359 1329 863 
5 0 317 778 417 416 
4 318 399 610 1237 
5 37 1117 318 1237 1268 
4 319 1268 37 1380 
5 215 209 1440 1118 1384 
6 318 399 1164 1440 1118 1117 
6 319 223 1133 610 1237 1268 
6 319 223 213 215 1384 1380 
4 1164 1393 209 1440 
4 108 72 651 101 
5 320 216 214 161 1397 
5 320 321 322 518 216 
5 287 288 201 202 436 
4 171 174 931 1232 
4 170 174 931 697 
7 171 680 833 748 620 1231 1232 
4 287 288 620 748 
6 315 324 58 465 679 678 
4 324 58 56 323 
5 59 271 386 679 465 
5 59 271 1591 1593 1586 
6 208 790 942 1594 1595 941 
6 323 56 1584 1585 940 205 
5 940 941 1595 1592 1585 
5 315 324 323 205 207 
6 714 715 866 650 1071 418 
4 496 650 866 698 
5 295 631 698 866 715 
5 297 14 1390 1391 1467 
5 297 295 715 714 14 
5 1378 1379 1477 1467 1391 
5 496 698 631 1477 1379 
5 104 105 749 980 1369 
5 1513 1514 822 1572 724 
5 1262 1263 1540 1514 1513 
5 236 106 1263 1540 1541 
6 234 236 1541 821 437 406 
5 234 406 696 981 1028 
6 696 729 1571 749 980 981 
5 289 1404 1407 1442 1475 
6 401 692 1309 1312 1122 1317 
4 325 497 1031 973 
5 326 496 650 327 1177 
5 326 496 1379 1383 572 
5 66 1137 1212 1091 1183 
6 327 650 1071 916 1183 1091 
6 572 1081 1112 993 1382 1383 
6 326 572 1081 1137 1212 1177 
4 327 1091 1212 1177 
6 1 476 1382 1383 781 683 
5 310 311 883 780 328 
5 310 328 572 1081 1168 
5 328 572 1383 781 780 
5 330 390 1111 1453 1662 
5 538 539 826 935 1022 
5 330 331 329 733 390 
5 331 332 1661 1662 330 
4 52 205 323 984 
6 277 51 985 908 925 919 
5 324 323 984 985 908 
5 315 324 908 925 510 
4 277 577 307 919 
5 306 307 577 576 206 
6 252 637 1283 1282 1443 1451 
6 253 252 1451 313 428 429 
4 765 1008 1639 1649 
6 765 807 1352 1351 1650 1649 
6 1351 1352 256 1509 1500 871 
4 806 807 1352 256 
5 254 854 1344 1109 1007 
6 1077 1315 1344 854 1510 1501 
6 806 807 765 1008 1007 254 
6 870 871 1500 1501 1077 1037 
7 326 496 698 895 114 498 499 
6 326 499 330 1662 1663 1177 
6 894 895 114 1111 1453 1454 
5 333 867 894 1454 991 
5 327 333 991 1663 1177 
4 330 390 498 499 
5 327 333 867 866 650 
5 535 641 199 1038 1039 
4 535 624 143 1039 
6 62 61 199 641 772 334 
5 335 489 244 768 1080 
6 335 384 893 892 1079 1080 
5 244 600 1073 38 768 
6 337 599 1058 336 1141 1142 
4 335 384 1059 489 
4 337 1074 947 1142 
5 892 893 336 1141 480 
5 384 893 336 1058 1059 
6 584 585 1079 1080 768 38 
5 599 600 1073 1074 337 
5 304 1075 1293 1307 1256 
5 299 304 1256 1272 1228 
5 338 667 299 1228 1227 
5 338 667 1365 789 783 
6 294 789 1365 1339 1499 1498 
5 782 783 338 1227 1096 
4 154 488 1289 1336 
5 133 614 1259 982 983 
5 44 339 976 1549 1551 
6 339 340 521 1149 975 976 
4 44 339 340 45 
5 45 340 521 811 644 
6 644 711 1486 1492 810 811 
5 1148 1149 975 1414 1415 
5 588 589 267 1463 1459 
6 267 579 769 1341 1362 589 
4 341 345 344 343 
6 247 345 341 1086 1162 391 
6 974 1020 49 1161 1438 1434 
6 342 325 973 974 1434 1433 
6 142 503 338 1227 430 512 
5 338 503 1100 1175 783 
4 430 512 1536 1530 
5 142 512 1536 1398 745 
6 1398 1425 1526 1529 1530 1536 
5 714 715 1629 1044 12 
5 775 798 1368 1367 917 
5 1043 1044 12 1368 798 
5 333 867 1633 1631 988 
6 327 333 988 987 1090 1091 
5 866 867 1633 1629 715 
5 412 413 483 482 459 
7 336 872 1045 1152 1474 1506 893 
4 336 872 1102 1141 
5 872 1045 1172 124 1102 
5 933 1172 124 1205 1206 
6 320 321 1410 1431 1428 1429 
5 1396 1397 320 1429 1559 
6 1645 1646 1299 1654 1656 1635 
5 712 788 800 626 1659 
5 676 740 109 832 1226 
5 109 740 1158 1064 902 
5 676 740 1158 1329 863 
5 813 823 982 1259 1277 
5 346 803 153 996 997 
5 312 861 1008 1007 1452 
6 312 457 988 1631 1632 861 
5 894 1109 1007 1452 1454 
4 457 988 333 991 
6 867 894 1109 1640 1637 1633 
5 861 1008 1639 1638 1632 
6 139 138 298 300 402 886 
5 298 138 140 703 636 
6 137 139 886 1647 1648 786 
4 347 296 785 704 
7 347 348 612 960 1643 1644 296 
6 301 348 347 704 703 636 
4 300 402 890 493 
4 301 348 612 492 
5 285 735 955 1107 1340 
5 285 1304 1310 1327 1340 
6 899 1063 1042 1601 1602 1116 
6 665 666 1107 955 1063 899 
4 735 955 1063 1042 
6 349 421 967 805 605 952 
5 351 720 1230 1242 1047 
5 563 780 883 1312 1309 
6 282 754 819 563 1309 1308 
4 283 687 1313 1296 
4 196 683 781 864 
6 780 781 864 548 819 563 
6 351 350 548 864 196 1047 
5 351 350 754 282 720 
4 350 548 819 754 
4 354 355 971 869 
5 353 354 869 352 504 
6 261 264 1501 1500 662 469 
6 264 260 1239 1243 1510 1501 
5 352 469 662 971 869 
6 662 971 355 1089 1509 1500 
6 260 262 504 353 1240 1239 
6 354 355 1089 1244 1240 353 
5 261 262 504 352 469 
6 843 1124 432 1533 1540 1263 
5 432 607 277 919 1533 
5 903 904 356 1553 1515 
5 356 566 608 281 904 
6 356 566 577 307 1552 1553 
6 406 437 1566 1555 500 501 
5 30 434 729 437 1566 
7 406 501 451 713 1668 1667 696 
5 359 358 357 1667 1668 
5 357 434 729 696 1667 
4 712 713 1668 359 
6 31 358 359 712 788 1049 
5 358 357 434 30 31 
4 500 501 451 787 
5 329 401 692 734 733 
6 538 539 640 647 454 1092 
5 322 454 647 646 518 
6 359 549 1597 1657 1659 712 
5 25 448 178 936 937 
7 82 177 178 448 719 1036 1029 
5 177 176 1657 1597 82 
4 31 358 1036 719 
5 359 358 1036 1029 549 
6 360 404 669 588 1459 1470 
6 255 669 588 1302 1300 921 
4 253 429 1300 921 
5 727 728 1461 1466 1387 
4 255 257 404 669 
4 312 861 1642 1436 
6 1292 1299 1646 1642 861 1632 
6 987 988 457 1277 1259 614 
6 291 508 957 958 1490 1489 
5 293 291 508 924 675 
5 627 628 361 1293 1307 
5 597 675 924 1011 1012 
5 361 628 120 773 774 
6 361 774 910 958 1490 1293 
6 596 597 675 293 1395 1394 
6 529 530 146 618 1267 1298 
5 803 804 1427 878 346 
5 804 1020 49 1426 1427 
5 258 398 679 386 616 
6 136 258 616 615 668 135 
5 135 503 338 667 668 
5 1013 1032 824 1505 1458 
5 233 525 684 958 910 
5 95 728 1461 995 994 
5 525 684 995 1461 1466 
6 310 328 499 330 331 1318 
5 329 331 1318 1317 401 
6 498 499 328 780 563 116 
5 116 563 1309 692 734 
4 311 883 1312 1122 
6 363 362 316 632 601 602 
4 364 363 362 1332 
6 365 194 7 440 999 881 
6 194 192 397 1095 873 365 
4 185 145 511 473 
5 80 534 873 1095 1094 
4 534 873 365 881 
5 396 397 192 1179 603 
5 160 468 1433 342 513 
5 341 367 366 368 1086 
5 341 343 163 162 367 
4 366 210 211 368 
6 367 366 210 214 161 162 
5 284 468 1433 1437 502 
5 458 606 1078 888 613 
5 950 951 1093 1023 550 
5 143 144 550 1023 1039 
5 951 1093 279 1607 1605 
6 182 279 1093 1023 1039 535 
5 589 1201 1273 1297 1362 
5 267 589 1201 1197 1055 
5 554 913 1297 1273 1274 
4 652 770 1136 1660 
4 102 554 1274 706 
6 705 706 1274 1273 1201 1197 
5 696 981 1314 1666 1667 
7 357 173 171 1232 1319 1666 1667 
5 357 173 681 1527 434 
6 218 147 580 581 189 188 
5 217 218 147 527 369 
5 217 369 446 445 100 
5 273 148 527 369 446 
6 273 148 580 581 522 523 
5 494 495 190 1258 1280 
5 241 435 830 337 599 
5 600 1073 1118 1440 1439 
6 318 268 830 337 1074 1117 
5 318 268 763 1193 399 
5 245 241 435 756 757 
5 245 757 831 1215 1214 
5 884 885 370 1400 532 
5 370 371 372 1399 1400 
6 370 371 966 965 308 885 
5 217 369 372 371 966 
5 147 149 1157 1156 218 
4 308 250 884 885 
5 369 372 1399 891 527 
5 407 408 562 561 467 
5 375 374 1053 408 562 
6 374 157 630 565 1052 1053 
5 78 75 677 1052 565 
5 373 375 562 561 794 
5 373 156 157 374 375 
5 156 155 793 794 373 
4 759 760 1456 1523 
5 1521 1524 117 1535 1537 
5 166 977 117 1535 1534 
7 759 760 659 1526 1529 1503 828 
5 514 515 232 1017 1018 
4 941 1069 1517 1595 
5 376 90 1113 1154 487 
5 20 515 232 656 655 
5 20 19 130 514 515 
6 130 33 622 121 1018 514 
6 674 675 597 777 444 1127 
6 1469 1470 360 1471 1475 289 
5 179 178 448 447 438 
5 263 270 141 1542 1543 
5 408 562 351 1047 1048 
4 407 408 1048 195 
4 547 548 864 1478 
5 196 197 1479 1478 864 
5 351 350 862 561 562 
5 547 548 350 862 1114 
4 276 433 811 810 
5 907 908 985 1486 711 
6 432 433 811 644 1562 1533 
4 907 908 925 1560 
6 377 248 246 784 594 595 
6 345 344 645 1570 595 377 
4 345 377 248 247 
6 378 356 1553 1547 363 364 
4 363 602 1060 1547 
5 1115 1155 1316 1628 1626 
5 139 750 815 887 886 
6 814 815 887 1037 1077 912 
4 29 553 1520 591 
6 591 592 1544 1539 1522 1520 
6 358 357 173 84 1035 1036 
5 86 1544 592 1622 1621 
6 30 434 1527 1522 1520 553 
6 1273 1297 1322 807 1352 1388 
4 1301 1303 1363 1321 
6 256 255 669 1249 1388 1352 
7 806 807 1322 1321 1301 1300 921 
6 1196 1250 405 1471 1475 1442 
5 355 405 1250 972 971 
5 109 740 972 1250 1196 
6 354 355 405 1471 1472 484 
5 354 484 1174 1159 869 
5 902 1064 1173 1422 1441 
6 1173 1174 484 1472 1476 1422 
6 59 271 1215 1214 545 55 
6 439 695 757 245 736 857 
5 10 398 679 465 464 
5 258 616 831 757 695 
4 55 409 737 545 
5 340 521 546 690 691 
4 662 918 871 1500 
5 404 405 355 1089 257 
5 871 918 1169 1389 1351 
6 972 1169 1389 1388 1249 1250 
6 359 549 1450 820 1665 1668 
6 373 794 1015 1016 1438 1434 
5 152 507 1401 1427 804 
4 373 156 974 1434 
6 507 558 929 1222 1590 1401 
5 1161 1207 1221 1016 1438 
6 174 88 89 462 689 931 
4 767 768 38 1556 
4 767 768 1080 1574 
4 378 356 566 424 
5 362 292 479 1311 1332 
7 363 362 292 449 450 1546 1547 
6 378 364 1332 1311 587 424 
5 586 587 1311 479 672 
6 872 873 365 1002 1058 336 
6 241 435 880 881 365 1002 
5 829 830 337 1142 1076 
6 533 534 873 872 1102 1101 
5 552 553 1520 1521 1444 
4 142 512 815 750 
6 814 815 512 1536 1537 265 
5 265 591 1520 1521 1537 
6 841 860 1627 1628 1316 1345 
5 350 754 1361 816 862 
5 840 841 1345 1057 115 
7 547 548 819 818 115 1057 1056 
4 249 246 784 992 
4 365 194 1001 1002 
5 372 889 956 1346 1399 
5 836 956 1346 1266 1326 
5 361 774 836 956 889 
6 369 372 889 361 628 446 
4 273 148 146 530 
4 313 428 670 590 
5 212 1106 1593 1591 1482 
7 366 243 545 55 1087 1105 368 
6 366 210 209 1440 1439 243 
5 211 368 1105 1106 212 
4 404 405 1471 360 
4 235 234 406 501 
5 437 821 441 1565 1566 
5 43 42 725 726 237 
5 237 43 1563 1541 236 
4 8 1195 654 1561 
6 500 501 235 726 725 792 
5 352 118 119 1159 869 
5 352 118 1538 1545 504 
5 484 928 1246 1209 1174 
5 353 354 484 928 963 
5 353 504 1545 962 963 
5 376 90 85 962 963 
6 707 1222 1590 1588 1623 1624 
6 23 389 1624 1623 1113 1154 
5 21 23 389 388 593 
5 1016 1354 502 1437 1438 
4 368 1086 1162 1105 
6 590 670 1301 1321 1418 1419 
6 321 322 454 278 1409 1410 
5 319 223 222 280 516 
5 280 222 647 454 278 
5 216 215 1384 1429 320 
6 319 516 1430 1431 1428 1380 
4 298 138 135 668 
5 286 927 953 948 949 
6 286 949 1053 408 1048 964 
6 198 474 702 1420 1421 926 
5 123 125 922 1052 677 
6 125 922 948 953 1417 1416 
6 168 167 556 555 272 779 
4 272 420 471 779 
6 555 556 293 675 674 175 
5 279 278 454 1092 1093 
5 1260 1261 1255 1274 554 
5 1145 1185 1255 1261 1281 
6 559 682 706 1274 1255 1185 
6 521 546 633 1125 433 811 
6 237 43 45 340 691 423 
6 21 22 855 841 860 593 
4 264 912 1077 1501 
5 854 855 841 1345 1344 
4 260 389 23 1239 
5 221 183 180 280 222 
6 221 183 1138 1084 1085 1134 
4 11 1082 1238 1288 
5 1287 1288 11 1618 517 
5 516 517 1287 1268 319 
6 335 595 1570 1576 1574 1080 
5 335 384 1278 594 595 
4 384 893 1506 1278 
6 824 874 594 1278 1506 1505 
5 290 291 508 452 103 
5 427 625 1060 1065 723 
5 601 602 1060 625 2 
5 181 184 799 574 129 
5 184 799 802 575 837 
4 879 1152 1474 1320 
5 334 251 575 837 772 
6 1255 1261 1651 1650 1351 1389 
5 4 477 671 761 722 
6 4 477 906 918 871 870 
5 303 304 1256 762 970 
5 371 305 1108 889 372 
5 303 305 371 966 970 
5 361 889 1108 1075 1293 
5 331 332 225 491 1318 
5 1022 1023 1093 1092 538 
6 285 526 853 1499 1339 1340 
5 684 853 1499 1490 958 
4 525 526 853 684 
5 822 1456 1523 1567 1572 
6 738 739 370 1400 1349 200 
5 224 738 200 858 900 
6 224 463 1040 1041 739 738 
5 370 371 305 1041 739 
6 955 956 1346 1350 1062 1063 
6 426 485 1377 1287 517 979 
5 37 1268 1287 1377 1374 
5 798 799 184 1269 1368 
5 379 309 308 885 915 
5 379 309 1044 12 15 
5 379 15 1170 914 915 
5 324 58 1512 907 908 
6 323 56 57 1066 1519 984 
5 199 200 738 812 641 
4 251 65 62 334 
4 370 739 915 885 
5 219 259 809 497 220 
6 342 325 497 220 771 513 
6 344 343 163 158 275 645 
5 676 740 972 1169 1186 
6 492 612 379 915 739 1041 
5 221 183 812 738 224 
6 301 348 1131 1084 1085 302 
5 379 15 1131 348 612 
5 379 309 959 960 612 
5 303 493 890 1104 970 
6 300 299 1228 431 403 402 
6 430 431 403 887 815 512 
6 594 784 992 1033 1279 1278 
5 335 489 658 377 595 
5 249 193 481 1033 992 
4 481 755 1279 1033 
5 377 248 191 657 658 
5 376 487 1240 353 963 
5 262 504 1545 1544 592 
4 82 177 507 1401 
5 346 878 1598 1599 997 
5 252 254 1007 1452 1451 
4 764 765 807 1322 
5 362 292 1502 1504 316 
7 133 983 1265 1270 1212 1091 1090 
5 813 823 1264 1271 1664 
6 764 765 1649 1652 1634 1636 
6 347 704 269 1238 1082 1132 
5 318 268 269 1238 1237 
4 347 348 1131 1132 
6 290 103 638 412 413 673 
6 295 715 1629 1630 1643 1644 
5 297 14 1132 347 296 
6 382 380 415 1220 1184 540 
6 381 414 220 497 1031 710 
5 266 382 540 708 1147 
4 380 381 414 415 
6 382 380 381 710 709 266 
6 894 895 1057 1345 1344 1109 
4 116 563 819 818 
6 282 284 502 1354 1361 754 
6 124 125 922 564 1171 1172 
6 373 375 721 468 1433 1434 
5 351 562 375 721 720 
4 326 499 328 572 
5 332 225 1271 1664 1661 
5 425 486 1213 395 1305 
5 11 1288 1284 1402 1381 
6 469 662 918 906 1534 1535 
5 352 118 117 1535 469 
5 265 261 469 1535 1537 
6 341 345 377 658 242 367 
4 275 645 1570 1576 
7 159 162 367 242 244 768 767 
6 129 67 68 852 544 181 
6 482 483 582 853 684 995 
4 243 242 367 366 
5 564 922 948 383 1334 
5 383 349 421 953 948 
5 383 349 952 1333 1334 
6 582 853 526 1516 1517 1069 
5 840 841 855 637 1283 
4 114 115 1057 895 
6 642 643 269 1238 1288 1284 
5 187 1403 1391 1467 1480 
6 781 864 1478 1477 1379 1383 
5 539 640 900 858 826 
6 192 397 879 1320 1279 755 
4 374 157 710 381 
6 374 381 414 551 721 375 
5 374 381 380 949 1053 
5 380 415 865 286 949 
4 4 403 431 477 
5 382 383 948 949 380 
6 266 382 383 1334 1336 1289 
4 870 871 1351 1650 
5 736 737 409 856 857 
6 755 986 1059 384 1278 1279 
5 385 825 935 826 1337 
5 1196 1197 1055 1407 1442 
5 678 679 386 942 790 
4 1424 1425 1526 659 
4 610 1085 1134 1133 
5 680 681 1527 1568 833 
6 588 589 1362 1363 1303 1302 
5 395 946 1202 1323 1305 
5 678 679 398 1026 1176 
6 756 757 831 1192 1193 763 
5 636 703 763 1193 1120 
5 1163 1164 399 1193 1192 
7 680 681 1539 1538 400 1285 1286 
5 748 749 1571 1568 833 
5 1398 1444 1521 1537 1536 
4 402 403 887 886 
5 404 405 1250 1249 669 
5 588 589 1201 1249 669 
4 406 437 729 696 
6 485 486 1213 1343 1376 1377 
5 407 408 1053 1052 677 
5 416 417 863 1329 1328 
4 418 419 1070 1071 
4 421 953 1417 967 
5 570 571 423 691 690 
6 424 566 577 576 586 587 
5 916 917 1251 1252 938 
4 425 426 485 486 
5 980 981 1314 1496 621 
6 693 694 427 1567 1568 833 
5 428 429 1300 1301 670 
4 430 431 1228 1227 
4 432 433 1125 1124 
5 434 729 1571 1568 1527 
5 829 830 435 880 732 
4 756 757 695 901 
6 437 729 1571 1572 822 821 
6 439 440 999 998 901 695 
6 655 656 923 674 1127 1126 
5 821 822 1456 1455 441 
5 466 467 1373 1372 442 
4 443 444 777 776 
4 445 446 628 627 
5 926 927 953 1417 1421 
4 447 448 719 718 
5 449 450 659 1526 1525 
5 631 698 895 1057 1056 
5 1075 1293 1490 1499 1339 
5 712 713 451 787 788 
5 660 661 897 896 452 
5 620 621 980 749 748 
5 459 482 995 994 954 
5 605 805 1206 933 932 
5 606 1078 1604 1606 1223 
5 544 852 1324 1616 1614 
6 688 689 462 1449 1450 820 
4 665 666 1040 463 
5 492 493 890 960 612 
5 470 471 1097 731 730 
6 836 868 1165 1460 1464 1326 
4 472 473 543 542 
4 474 475 701 702 
6 834 835 1143 1356 1357 476 
5 477 671 1144 1046 906 
5 761 762 970 1104 722 
5 730 731 1200 1204 604 
5 657 658 489 1059 986 
5 620 621 1496 1495 1231 
6 1485 1486 711 1551 1549 1121 
5 741 742 1550 1508 1507 
6 718 719 1036 1035 1621 1622 
5 494 495 1203 1204 604 
6 496 650 1071 1070 1378 1379 
5 808 809 497 1031 1030 
6 510 925 1560 1561 654 1021 
5 836 868 735 955 956 
4 1201 1249 1388 1273 
5 519 520 1099 1100 745 
5 810 811 521 1149 1148 
6 764 765 1008 861 1642 1641 
4 529 530 569 568 
5 531 532 1400 1399 891 
5 533 534 881 880 732 
5 535 624 943 772 641 
5 1150 1315 1344 1109 1640 
4 557 560 834 835 
5 938 939 993 1112 797 
6 549 1029 1578 1577 1449 1450 
5 720 721 551 1229 1230 
5 641 772 837 914 812 
5 793 794 1015 929 558 
5 559 731 1097 1236 1235 
6 618 891 1399 1346 1266 1267 
4 564 565 1052 922 
4 567 707 1222 929 
6 575 837 914 915 885 884 
4 1163 1164 1393 1484 
5 975 976 1549 1121 1414 
5 582 583 1498 1499 853 
5 859 860 593 1217 1216 
5 594 595 1570 1569 874 
5 938 939 946 1202 1252 
4 596 597 777 776 
5 909 910 958 957 598 
6 1084 1085 610 1237 1238 1082 
4 1139 1156 1653 1291 
5 611 905 1076 1142 947 
6 686 687 1313 1312 883 882 
5 615 616 831 1192 1119 
6 759 760 1546 1547 1060 625 
5 826 858 1062 1347 1337 
5 800 801 845 844 626 
5 842 843 1124 1125 633 
5 634 635 708 1147 1146 
4 639 640 647 646 
4 1082 1084 1131 1132 
4 653 751 1335 1333 
6 654 1021 1176 1026 1194 1195 
5 892 893 1506 1505 1458 
5 662 918 1169 972 971 
5 1304 1310 1481 1603 1600 
4 674 675 924 923 
5 705 706 682 945 944 
5 780 781 683 882 883 
5 957 958 684 995 994 
6 685 848 1019 973 1031 1030 
5 944 945 1235 1226 832 
4 872 873 1095 1045 
5 866 867 894 895 698 
4 709 710 1031 1030 
5 723 724 1513 1515 1065 
5 1009 1010 1160 1270 1265 
5 738 739 915 914 812 
6 971 972 740 1158 1159 869 
4 743 744 936 937 
5 814 815 750 1542 1543 
5 818 819 754 1361 1360 
5 886 887 1037 1150 1647 
4 773 774 910 909 
5 916 917 775 1182 1183 
5 913 1135 1341 1362 1297 
5 785 786 1181 1372 1342 
4 787 788 800 801 
5 789 790 942 1364 1365 
5 1056 1057 1345 1316 1155 
5 803 804 1020 1019 848 
6 805 967 1417 1416 1205 1206 
5 838 839 813 1664 1661 
7 1247 1248 1619 1620 979 1613 1611 
4 987 988 1631 969 
6 816 862 1114 1115 1626 1625 
4 1284 1376 1343 1402 
5 982 983 1265 1264 823 
5 824 874 1569 1564 1032 
5 1005 1006 1190 1587 1581 
5 827 828 977 1359 1358 
4 840 841 860 859 
5 851 898 961 998 901 
5 899 900 858 1062 1063 
5 877 878 1427 1426 1151 
5 912 1077 1315 1316 1628 
4 880 881 999 998 
6 950 951 1605 1604 1078 888 
5 955 956 889 1108 1107 
5 959 960 890 1104 1103 
5 906 918 1169 1186 1046 
5 919 925 1560 1562 1533 
4 996 997 1599 1658 
5 948 949 1053 1052 922 
5 962 963 928 1246 1245 
5 1015 1016 1221 1222 929 
5 980 981 1028 1338 1369 
5 940 941 1069 1068 934 
5 1022 1023 1039 1038 935 
5 998 999 1050 1051 961 
5 1047 1048 964 1241 1242 
5 965 966 970 1104 1103 
6 1043 1044 1629 1633 1631 969 
4 973 974 1020 1019 
6 984 985 1486 1485 1518 1519 
5 1001 1002 1058 1059 986 
5 1453 1454 991 1663 1662 
6 1094 1095 1045 1172 1171 1000 
5 1007 1008 1639 1640 1109 
6 1013 1032 1564 1575 1573 1098 
4 1014 1061 1408 1366 
5 1175 1176 1021 1424 1425 
5 1099 1100 1175 1176 1026 
4 1035 1036 1029 1578 
5 1027 1180 1253 1234 1233 
4 1037 1077 1315 1150 
6 1062 1063 1042 1191 1348 1347 
5 1144 1145 1185 1186 1046 
5 1054 1290 1275 1468 1465 
5 1060 1065 1515 1553 1547 
5 1158 1159 1174 1173 1064 
5 1066 1067 1083 1518 1519 
4 1073 1074 1117 1118 
5 1107 1108 1075 1339 1340 
5 1101 1102 1141 1142 1076 
5 1079 1080 1574 1573 1098 
5 1105 1106 1593 1586 1087 
5 1129 1130 1356 1357 1088 
4 1111 1282 1443 1453 
5 1243 1244 1089 1509 1510 
4 1090 1091 1183 1182 
6 1227 1228 1272 1412 1413 1096 
5 1114 1115 1181 1372 1373 
6 1116 1355 1483 1481 1603 1602 
4 1119 1120 1193 1192 
5 1414 1415 1491 1485 1121 
5 1166 1167 1123 1179 1178 
4 1165 1191 1348 1460 
4 1137 1160 1270 1212 
6 1138 1170 1269 1614 1619 1617 
6 1163 1164 1440 1439 1214 1215 
4 1139 1140 1157 1156 
4 1143 1213 1343 1356 
6 1315 1316 1155 1648 1647 1150 
5 1152 1153 1432 1473 1474 
5 1185 1186 1169 1389 1255 
6 1177 1212 1270 1271 1664 1663 
6 1199 1200 1204 1203 1494 1493 
5 1210 1211 1254 1253 1180 
4 1187 1188 1206 1205 
5 1347 1348 1460 1464 1189 
4 1194 1195 1219 1218 
5 1196 1197 1201 1249 1250 
5 1229 1230 1242 1241 1198 
5 1251 1252 1202 1323 1324 
5 1221 1222 1590 1589 1207 
4 1208 1209 1246 1245 
4 1231 1232 1319 1495 
4 1223 1224 1248 1247 
4 1225 1226 1235 1236 
5 1237 1238 1288 1287 1268 
4 1239 1240 1244 1243 
5 1481 1482 1591 1594 1310 
5 1273 1274 1255 1389 1388 
5 1256 1272 1412 1394 1307 
5 1285 1286 1257 1294 1295 
5 1260 1261 1281 1280 1258 
4 1264 1265 1270 1271 
5 1266 1267 1298 1325 1326 
5 1367 1368 1269 1614 1616 
5 1278 1279 1320 1474 1506 
5 1287 1288 1284 1376 1377 
5 1291 1292 1299 1654 1653 
6 1293 1307 1394 1395 1489 1490 
5 1308 1309 1312 1313 1296 
5 1321 1322 1297 1362 1363 
4 1300 1301 1303 1302 
6 1304 1310 1594 1595 1517 1516 
5 1323 1324 1616 1615 1305 
5 1495 1496 1314 1666 1319 
4 1315 1316 1345 1344 
5 1339 1340 1327 1364 1365 
4 1328 1329 1359 1358 
4 1333 1334 1336 1335 
5 1372 1373 1479 1480 1342 
5 1356 1357 1403 1402 1343 
5 1349 1350 1346 1399 1400 
4 1351 1352 1388 1389 
4 1353 1354 1361 1360 
5 1392 1393 1484 1483 1355 
4 1370 1371 1386 1385 
4 1374 1375 1376 1377 
4 1378 1379 1383 1382 
4 1380 1384 1429 1428 
5 1390 1391 1403 1402 1381 
4 1394 1395 1413 1412 
5 1424 1425 1398 1444 1455 
5 1426 1427 1401 1590 1589 
4 1404 1405 1406 1407 
4 1409 1410 1431 1430 
5 1428 1429 1559 1558 1411 
4 1416 1417 1421 1420 
5 1418 1419 1436 1642 1641 
5 1441 1442 1475 1476 1422 
5 1423 1435 1596 1450 1449 
5 1457 1458 1505 1473 1432 
4 1433 1434 1438 1437 
5 1451 1452 1454 1453 1443 
6 1455 1456 1523 1524 1521 1444 
4 1445 1446 1448 1447 
5 1462 1463 1459 1470 1469 
5 1477 1478 1479 1480 1467 
4 1471 1472 1476 1475 
4 1473 1474 1506 1505 
4 1481 1482 1484 1483 
4 1485 1486 1492 1491 
4 1489 1490 1499 1498 
4 1500 1501 1510 1509 
5 1503 1504 1502 1528 1529 
4 1507 1508 1512 1511 
5 1513 1514 1552 1553 1515 
4 1520 1521 1524 1522 
6 1523 1524 1522 1527 1568 1567 
4 1525 1526 1529 1528 
5 1534 1535 1537 1536 1530 
4 1531 1532 1542 1543 
5 1540 1541 1563 1562 1533 
4 1538 1539 1544 1545 
4 1546 1547 1553 1552 
4 1548 1549 1551 1550 
4 1554 1555 1566 1565 
4 1556 1557 1558 1559 
4 1560 1561 1563 1562 
5 1569 1570 1576 1575 1564 
4 1567 1568 1571 1572 
4 1573 1574 1576 1575 
5 1577 1578 1588 1587 1581 
4 1579 1580 1583 1582 
5 1584 1585 1592 1593 1586 
4 1587 1588 1590 1589 
5 1592 1593 1591 1594 1595 
5 1598 1599 1658 1657 1597 
4 1600 1601 1602 1603 
4 1604 1605 1607 1606 
4 1610 1611 1613 1612 
5 1615 1616 1614 1619 1620 
4 1617 1618 1620 1619 
4 1621 1622 1624 1623 
4 1625 1626 1628 1627 
4 1629 1630 1637 1633 
5 1631 1632 1638 1637 1633 
5 1635 1636 1634 1655 1656 
4 1637 1638 1639 1640 
4 1641 1642 1646 1645 
4 1643 1644 1648 1647 
4 1649 1650 1651 1652 
4 1653 1654 1656 1655 
4 1661 1662 1663 1664 
4 1665 1666 1667 1668 
CELL_DATA 1598
SCALARS scalar_1 double
LOOKUP_TABLE default
    4.980486
    4.988603
    5.000000
    4.987090
    4.984716
    4.987260
    4.993867
    4.985335
    4.982530
    4.979117
    4.978890
    4.987860
    4.985296
    4.990903
    4.990026
    4.992569
    4.988620
    4.987959
    4.985014
    4.989719
    4.987043
    4.993505
    5.006819
    5.009640
    4.992640
    4.983799
    4.986594
    4.992507
    4.975617
    4.947476
    5.000951
    4.993268
    4.987798
    4.976462
    4.975434
    4.935107
    4.984304
    4.986333
    4.987271
    4.983248
    4.971884
    4.987888
    4.985014
    4.987706
    4.986905
    4.986307
    4.987203
    4.984716
    4.988846
    4.986593
    4.987260
    4.990280
    4.989680
    4.989254
    4.992640
    4.992507
    4.986403
    4.986863
    4.985527
    4.988830
    4.988802
    5.010956
    4.987203
    4.987870
    5.010650
    4.977505
    4.941208
    4.983711
    4.992855
    4.980160
    4.988669
    4.991256
    4.989772
    4.988394
    4.982793
    5.002206
    4.976462
    4.947294
    5.054710
    5.000000
    5.000951
    4.992550
    4.961002
    5.009640
    5.056909
    4.986403
    4.992507
    4.988830
    4.984187
    4.989246
    5.000951
    4.992640
    4.990052
    4.980607
    4.985873
    4.947476
    4.997619
    4.990984
    4.930441
    5.054710
    4.980607
    4.975196
    4.975617
    4.939273
    5.046304
    4.947294
    4.968204
    4.983799
    5.001421
    4.987798
    4.976462
    4.992276
    4.986784
    4.984714
    4.975617
    4.983144
    4.969256
    4.988029
    4.991470
    4.989519
    4.990377
    4.992640
    4.983330
    4.986970
    4.989680
    4.986594
    4.984761
    4.982530
    5.088312
    4.989779
    4.999896
    4.968204
    4.984338
    5.012968
    4.976928
    4.984807
    4.989254
    4.983209
    4.988397
    4.988179
    4.985527
    4.985335
    4.988846
    4.984807
    4.997836
    4.939273
    4.987373
    5.012968
    4.995669
    4.983898
    4.986809
    4.969256
    4.983144
    4.935107
    4.984304
    4.986333
    4.947294
    4.975617
    4.999010
    4.986809
    4.991470
    4.994810
    4.993404
    4.993567
    4.987959
    4.986098
    4.986300
    5.010956
    4.985161
    4.989252
    4.984325
    4.987043
    4.990903
    5.010650
    4.989519
    4.993567
    4.985179
    4.983898
    4.980160
    4.986376
    4.976060
    4.976060
    4.961002
    4.986376
    4.991470
    4.992017
    4.990843
    4.989519
    4.983596
    4.990110
    4.998245
    4.988179
    4.995669
    4.989939
    4.988684
    4.999152
    4.972833
    4.984446
    4.985404
    4.991421
    4.978890
    4.992773
    4.983502
    5.000339
    5.000944
    4.999146
    4.990640
    4.993254
    4.989939
    5.005217
    5.003424
    4.976901
    4.977237
    4.980459
    4.980486
    4.985527
    4.993423
    4.995168
    5.030584
    4.994810
    4.986809
    4.986300
    4.975958
    5.010956
    4.979360
    4.987203
    4.992550
    5.072304
    5.040191
    4.977505
    4.992855
    4.941208
    4.985973
    4.976901
    4.926560
    4.989779
    5.088312
    4.981557
    4.971025
    4.982793
    4.989276
    4.981557
    4.990377
    4.983330
    4.986594
    4.971025
    4.992276
    4.984714
    4.947294
    4.983144
    4.971025
    4.961002
    4.987203
    4.981557
    4.990026
    4.987706
    4.988429
    4.983144
    4.984304
    4.987611
    4.991257
    4.995302
    4.994090
    4.992507
    4.989719
    4.999896
    4.984187
    4.989680
    4.986403
    4.986905
    4.986307
    4.986594
    4.992640
    5.010650
    5.000951
    4.975958
    4.993123
    4.983209
    4.988176
    4.986970
    4.985873
    4.985204
    4.986588
    4.986745
    4.983330
    4.979781
    4.984761
    4.982935
    4.987016
    5.002206
    4.982935
    4.990640
    4.987090
    4.989252
    4.992569
    4.980459
    4.984187
    4.983918
    4.984082
    4.987043
    4.986098
    4.997836
    5.000622
    4.995669
    4.999146
    5.005217
    4.989939
    4.991421
    4.988846
    4.985527
    4.990496
    4.988179
    4.986098
    4.985179
    4.986809
    4.985873
    4.983209
    4.990377
    4.988176
    4.983330
    4.982530
    4.984761
    4.984807
    4.989254
    4.989680
    4.985179
    4.983144
    4.983248
    4.988661
    4.987706
    4.987888
    4.985993
    4.984842
    4.986905
    4.992459
    4.947294
    4.992507
    4.989680
    4.986594
    4.990377
    4.997587
    4.989254
    5.000951
    4.988802
    4.977505
    4.988394
    5.088312
    4.971884
    4.976901
    5.080705
    5.000000
    4.983711
    4.985220
    4.990903
    4.993567
    5.010650
    4.989519
    4.980607
    4.976953
    4.975196
    4.989276
    4.981606
    4.986746
    4.986594
    4.990802
    4.993268
    4.959132
    4.871971
    5.000000
    5.088312
    4.926560
    4.988661
    4.984714
    4.994445
    4.987587
    4.990802
    4.986317
    4.989123
    4.986784
    4.978941
    4.989939
    4.992641
    4.994763
    4.969895
    4.983918
    4.986610
    4.988562
    4.991795
    4.983898
    4.930441
    4.997619
    4.939273
    5.046304
    5.002206
    5.001421
    4.989772
    4.991569
    4.988334
    4.993404
    4.990026
    4.993123
    4.985220
    4.987959
    4.997587
    5.010650
    4.985296
    4.982935
    4.981066
    4.980382
    4.983144
    4.993567
    4.990843
    4.990451
    4.991081
    4.989772
    4.994888
    4.991569
    4.988661
    4.983248
    4.989123
    4.987888
    4.989630
    4.985982
    4.985236
    4.982811
    4.981889
    4.987650
    4.988578
    4.985286
    4.989684
    4.987586
    4.990949
    4.985204
    4.984761
    4.989779
    4.971025
    4.990377
    4.986588
    4.986113
    4.979781
    4.988176
    4.990377
    4.989254
    4.983209
    4.988179
    4.989519
    4.993881
    5.030584
    4.994810
    4.991316
    4.983898
    4.992692
    4.986300
    4.987203
    4.988803
    4.994810
    4.988290
    4.975958
    4.947294
    4.988179
    4.986376
    5.000951
    5.010650
    4.993567
    4.961002
    4.986103
    4.975434
    5.000000
    4.969256
    4.986333
    4.988274
    5.032743
    4.987399
    4.997453
    4.995532
    4.993268
    4.980607
    4.987016
    5.002206
    4.982793
    5.001421
    4.983799
    4.986098
    4.987203
    4.980607
    4.976953
    4.990026
    4.993123
    4.987706
    4.986784
    4.986594
    4.990370
    4.987502
    4.981312
    4.988620
    4.983502
    4.985537
    4.984716
    4.992981
    4.985602
    4.990259
    4.991257
    4.976462
    4.986594
    4.983799
    4.989680
    4.995302
    4.981066
    4.993567
    4.990843
    4.987956
    4.986098
    4.984082
    4.987090
    4.990640
    4.988274
    4.992569
    4.984716
    4.982530
    4.985527
    4.988846
    4.985335
    4.989453
    4.984807
    4.994090
    4.993254
    4.986403
    4.989680
    4.981066
    4.979781
    4.989519
    4.988578
    4.985236
    4.989630
    4.984471
    4.991058
    4.992826
    4.990110
    4.995302
    4.997453
    4.993033
    4.989680
    4.994090
    4.989719
    4.971884
    5.088312
    4.982530
    4.988394
    4.993268
    4.997453
    4.989385
    4.991257
    4.983799
    5.001421
    4.991081
    4.994888
    4.991795
    5.046304
    4.986333
    4.986098
    4.986113
    4.989254
    4.986594
    4.997587
    4.989779
    4.987203
    4.986300
    5.010650
    5.056909
    4.975958
    5.072304
    4.997619
    4.987016
    5.002206
    5.054710
    5.000000
    4.930441
    4.976060
    4.999152
    4.992855
    4.988669
    4.992641
    5.054710
    4.971864
    5.003919
    4.990949
    4.969256
    4.985220
    4.981312
    4.985296
    4.988661
    4.991569
    4.987760
    4.986905
    4.986333
    4.991256
    4.983248
    5.054710
    4.976060
    4.959132
    4.982935
    4.979117
    4.959132
    4.871971
    4.979117
    4.989680
    4.984807
    4.984761
    4.994090
    4.991081
    4.994810
    4.984714
    4.988290
    4.991795
    4.926560
    4.989939
    4.980382
    4.986376
    4.989939
    4.977237
    4.981066
    4.989939
    4.992826
    4.981066
    4.991903
    4.983898
    4.992641
    4.980486
    4.992692
    4.986300
    4.969895
    4.984187
    4.991795
    4.984082
    4.986610
    4.986098
    4.986905
    4.978890
    4.989719
    4.971884
    4.871971
    4.975434
    4.993505
    5.000339
    4.985014
    4.994090
    4.984761
    4.871971
    4.926560
    5.000000
    4.971884
    4.995532
    4.989779
    4.988394
    4.989719
    4.993033
    4.987611
    4.995302
    4.991257
    4.991903
    4.987043
    4.991081
    4.987888
    4.989123
    4.994888
    4.993404
    4.988847
    4.999146
    4.990640
    5.000951
    4.977237
    4.980486
    4.980459
    4.986610
    4.969895
    4.976060
    4.986376
    4.930441
    4.985296
    4.988847
    4.987706
    4.993123
    4.985014
    4.986603
    4.986113
    4.990949
    5.000944
    4.983498
    4.978941
    4.981312
    4.993139
    4.981598
    4.988263
    4.985537
    4.986603
    4.986745
    4.976928
    4.988429
    4.987888
    4.989772
    4.991081
    4.993033
    4.991903
    4.991795
    4.969895
    4.930441
    4.976462
    4.984187
    5.046304
    4.991257
    4.975766
    4.982793
    4.976060
    4.981557
    4.984082
    4.980486
    4.980459
    4.983711
    4.990640
    4.988274
    4.993033
    4.988394
    4.991256
    5.002206
    4.997453
    4.983248
    4.991569
    5.001421
    4.989519
    5.002206
    4.991569
    4.987803
    4.988179
    4.995669
    4.990496
    4.985252
    4.976462
    4.947294
    4.983799
    5.001421
    4.991795
    4.939273
    4.987373
    4.930441
    4.984304
    4.992773
    4.993505
    4.971884
    4.985014
    5.000000
    5.000339
    4.985252
    4.977237
    4.976060
    4.961002
    5.000951
    4.995015
    4.990496
    4.992826
    5.000944
    4.982935
    4.992773
    5.000339
    4.981436
    4.984304
    5.032743
    4.990949
    4.988429
    5.000000
    5.000944
    4.990949
    5.000339
    4.992773
    4.988661
    5.000944
    4.990949
    4.939273
    5.054710
    4.947294
    4.976462
    4.976060
    4.969895
    4.983502
    4.981312
    4.985296
    4.985220
    4.992981
    4.990370
    4.983502
    4.984716
    4.981312
    4.992569
    5.000339
    4.990949
    4.983502
    4.988263
    4.988429
    5.000944
    4.984304
    4.988661
    4.986905
    4.986784
    4.987016
    4.975766
    5.002206
    4.995532
    4.976953
    4.988394
    4.981557
    4.989276
    4.992855
    4.997453
    4.993404
    4.987043
    4.987611
    4.991257
    4.991795
    4.984187
    4.979781
    4.988429
    4.992550
    5.072304
    5.056909
    4.961002
    5.054710
    5.030584
    4.992826
    4.989519
    4.987016
    4.980607
    4.985873
    4.982935
    4.987611
    4.991257
    4.992569
    4.986403
    4.980459
    4.985014
    4.983144
    4.987706
    4.988263
    4.988429
    4.993505
    4.983898
    4.989276
    4.995532
    4.989779
    4.971025
    4.991569
    5.002206
    4.985296
    4.989254
    4.990843
    4.992017
    4.990640
    4.988429
    4.983209
    4.981312
    4.986603
    4.983502
    4.988429
    4.993505
    4.985296
    4.987611
    4.995302
    4.994090
    4.971884
    4.985014
    4.993033
    4.987043
    4.987888
    4.988290
    4.991795
    4.990451
    4.989123
    4.984714
    4.971025
    4.980382
    5.000944
    4.984480
    4.986358
    5.000000
    5.000339
    4.871971
    4.979117
    4.978890
    4.992017
    4.999146
    4.992569
    4.984716
    4.990640
    4.992981
    4.988846
    4.990259
    4.993254
    4.961002
    5.054710
    4.977505
    4.992855
    4.969895
    5.000951
    4.988830
    4.995015
    4.988179
    4.990496
    4.984338
    4.989254
    4.985527
    4.997587
    5.000944
    4.988661
    4.991569
    4.984338
    4.989680
    4.984807
    4.983209
    4.985527
    4.988179
    4.992826
    4.990370
    4.981312
    4.994810
    4.992981
    4.981312
    4.985296
    4.988429
    4.983898
    4.992692
    4.993404
    4.987203
    4.975958
    4.988290
    4.986098
    4.975958
    4.983209
    4.985873
    4.983799
    4.995302
    4.987611
    4.975766
    4.988290
    4.991316
    4.988562
    4.990949
    4.987650
    5.000339
    4.984480
    4.988342
    4.980486
    4.969895
    4.993268
    4.989276
    4.997587
    4.989779
    4.995532
    4.986746
    4.982935
    4.980607
    4.987016
    5.001421
    5.002206
    4.979117
    4.993881
    4.987650
    4.987587
    4.987760
    4.988661
    4.990370
    4.992826
    4.985220
    4.990779
    4.993567
    4.990843
    4.995015
    4.988179
    4.985527
    4.997587
    4.993123
    4.993404
    4.975958
    5.056909
    4.993567
    4.995532
    5.002206
    4.988394
    4.993033
    4.993268
    4.983799
    4.986784
    4.989123
    4.988847
    4.993404
    4.997587
    4.987706
    4.975958
    4.871971
    4.980382
    4.979781
    4.989779
    4.979117
    4.982935
    4.985873
    4.977237
    4.993254
    4.990640
    4.980486
    4.987203
    4.991795
    4.988846
    4.993881
    4.970757
    5.072304
    4.986098
    4.992826
    4.984807
    4.994090
    4.980382
    4.926560
    5.000339
    5.000000
    4.979117
    4.978890
    4.970757
    4.947294
    4.961002
    4.976462
    4.976953
    4.987016
    4.980607
    4.969895
    4.980486
    4.978890
    4.987611
    4.992569
    4.986403
    4.993254
    4.988179
    4.988846
    4.988830
    4.985220
    4.981598
    4.992981
    4.981312
    4.992826
    4.992981
    4.990843
    4.990259
    4.999146
    4.988342
    4.993981
    5.001421
    4.993268
    4.976462
    4.995302
    4.980607
    4.961002
    4.992569
    4.990259
    4.987959
    4.990843
    4.988179
    4.979117
    4.983209
    4.982935
    4.984807
    4.987860
    4.988179
    5.002206
    4.987016
    4.969895
    4.984082
    4.980486
    4.988669
    4.992641
    4.989276
    4.993268
    4.988394
    4.989779
    4.988830
    4.987611
    4.992569
    4.993254
    4.984716
    4.979117
    4.983502
    5.000339
    4.976953
    4.989276
    4.989123
    4.984714
    4.988290
    4.993404
    5.056909
    4.981312
    4.992011
    4.980607
    5.002206
    4.987860
    4.990259
    4.995015
    4.988830
    5.056909
    4.961002
    4.976462
    4.997587
    4.990640
    4.993254
    4.993981
    4.990259
    4.988846
    4.988846
    4.984807
    4.988846
    4.984716
    4.979117
    4.980607
    4.981312
    4.987760
    4.983248
    4.988661
    5.002206
    4.991256
    4.987611
    4.987803
    4.980382
    4.976901
    4.989779
    4.971025
    4.984082
    4.988274
    4.992692
    4.988661
    4.985220
    4.987959
    4.990843
    4.961002
    4.961002
    4.985602
    4.992569
    4.983502
    4.988846
    4.988661
    4.987888
    4.971884
    4.986333
    4.991256
    4.987016
    4.976953
    4.989276
    4.988121
    4.983898
    4.977237
    4.980486
    4.983144
    4.987706
    4.989276
    4.986784
    4.985220
    4.987043
    4.992569
    4.987043
    4.989123
    4.988847
    4.988290
    4.990949
    4.988661
    4.991795
    4.983898
    4.988562
    4.977237
    4.986784
    4.988661
    4.987888
    4.988847
    4.984714
    4.986333
    4.988394
    4.983144
    4.988847
    4.985014
    4.987888
    4.976462
    4.939273
    4.988661
    4.986746
    4.988847
    4.981066
    4.982935
    4.987016
    4.990640
    4.988847
    4.988661
    4.993033
    4.985014
    4.985014
    4.987043
    4.987043
    4.992569
    4.988121
    4.987016
    4.990802
    4.986746
    4.980607
    4.990259
    4.993254
    4.984807
    4.976928
    4.983502
    4.985220
    4.984082
    4.981436
    4.982811
    4.985220
    4.971884
    4.988394
    4.985014
    4.983898
    4.993505
    4.971884
    4.987803
    4.982935
    4.984177
    4.980382
    4.979781
    4.983502
    5.000339
    4.979117
    4.971025
    4.982935
    4.980382
    5.000339
    4.982811
    4.988274
    4.971884
    4.992569
    4.993254
    4.992569
    4.980607
    4.975738
    5.002206
    4.983144
    4.988562
    5.002206
    4.979781
    4.987803
    4.984177
    4.988562
    4.985602
    5.000339
    4.988394
    5.000000
    5.000339
    4.988661
    4.986746
    4.979781
    4.980382
    4.979781
    4.987803
    4.992569
    4.987803
    4.984177
    4.987959
    4.983799
    4.989276
    4.993139
    4.992826
    4.991257
    4.980459
    4.983248
    4.990496
    4.990370
    4.988274
    4.976462
    4.995302
    4.993033
    4.997453
    4.988397
    4.990496
    4.986403
    4.987611
    4.992826
    4.992826
    4.988802
    4.986333
    4.926560
    4.987956
    4.975434
    4.971025
    4.961002
    4.969895
    4.987271
    4.984082
    4.990779
    4.980342
    4.981312
    4.987611
    4.961002
    4.988830
    4.995532
    4.995302
    4.988830
    4.993268
    4.987203
    4.988830
    5.088312
    4.986098
    4.993404
    4.926560
    4.984807
    4.980486
    5.000339
    4.988290
    4.988802
    4.986809
    4.990496
    4.983898
    4.971025
    4.986905
    4.983144
    4.988179
    4.989123
    4.988847
    4.989252
    4.984714
    4.990377
    4.926560
    4.935107
    4.987959
    4.987043
    4.993567
    4.976953
    4.990496
    4.947294
    4.987798
    4.984807
    4.993567
    4.969256
    4.981066
    4.976462
    4.984714
    4.990843
    4.990280
    4.970757
    4.985296
    4.992550
    4.993123
    4.995532
    4.986317
    4.993505
    4.987956
    4.987399
    4.988179
    4.980382
    4.986784
    4.985873
    4.989252
    4.975958
    4.979781
    4.984807
    4.986784
    5.001421
    5.000000
    4.991795
    4.985602
    4.975766
    4.987399
    4.986098
    4.994810
    4.993033
    4.986113
    4.988394
    4.988342
    4.995302
    4.977237
    4.990451
    4.986461
    4.961002
    4.985982
    4.990325
    4.993033
    4.983330
    4.976462
    4.975766
    4.990640
    4.992011
    4.992692
    4.990843
    4.959132
    4.983898
    4.986555
    4.987399
    4.989276
    4.993505
    4.981066
    4.977237
    4.981436
    4.987888
    4.990640
    4.989680
    4.986403
    4.984480
    4.994090
    4.986300
    4.984304
    4.989519
    4.972751
    4.986461
    4.991795
    4.993505
    4.989298
    4.971025
    4.982811
    4.985179
    4.986603
    4.978890
    4.986333
    4.988429
    4.975766
    4.987676
    4.987090
    4.985602
    4.999896
    4.990451
    4.989298
    4.984716
    4.993268
    4.988803
    4.989123
    4.988847
    4.990640
    5.054710
    4.983209
    4.979781
    4.997836
    4.985873
    4.990779
    4.987373
    4.987587
    4.992507
    4.980382
    4.988847
    4.984304
    4.987524
    4.947294
    4.989276
    4.992773
    4.989779
    4.988263
    4.975766
    4.990110
    4.986610
    4.991257
    4.984807
    4.991058
    4.994090
    4.984714
    4.987959
    4.997619
    4.977237
    4.992017
    4.947294
    4.997453
    4.988290
    4.995532
    4.975766
    5.001421
    4.941208
    4.983502
    4.989453
    4.981436
    4.991903
    4.972751
    4.991081
    4.995302
    5.000000
    4.975617
    4.984714
    4.981436
    4.986307
    5.001421
    4.986113
    4.983711
    4.993505
    4.985993
    4.990843
    4.990949
    4.993567
    4.989630
    4.981557
    4.984714
    4.986863
    4.990843
    4.980382
    4.990579
    4.985335
    4.999146
    4.990496
    4.985179
    4.987399
    4.988394
    4.989453
    4.992011
    4.985220
    4.991903
    5.003424
    4.993567
    4.988429
    4.975958
    4.983144
    4.989276
    4.988394
    4.986113
    4.986300
    4.959132
    4.990370
    4.990370
    4.992011
    4.992459
    4.990496
    4.993505
    4.991795
    4.987090
    4.984177
    5.088312
    4.935107
    4.989123
    4.985220
    4.984480
    4.994888
    4.983210
    4.988394
    5.000000
    4.991569
    4.971884
    4.986098
    4.980459
    4.985873
    4.990190
    4.991569
    4.993667
    4.926560
    4.981312
    4.992017
    4.972833
    4.987969
    4.979117
    4.983502
    4.988830
    5.003919
    4.992826
    5.000000
    4.992017
    4.988121
    4.996620
    5.000000
    4.983898
    4.989453
    4.980486
    4.947476
    4.977237
    4.993254
    4.988830
    4.980486
    4.992569
    4.986403
    4.961002
    4.993254
    4.977237
    4.947294
    5.000951
    4.995134
    4.989246
    4.975738
    4.988830
    4.975766
    4.987676
    4.988302
    5.046304
    4.985335
    4.992011
    4.983209
    4.985602
    4.986905
    4.992692
    4.992459
    4.985179
    4.984807
    4.978890
    4.993505
    4.988263
    4.985296
    4.988263
    4.985296
    4.993505
    4.985220
    4.985296
    4.990949
    4.988179
