# vtk DataFile Version 2.0
polydata
ASCII
DATASET POLYDATA
POINTS 1672 double
3.42431895840404 3.14669986696057 0.147646610661334 
2.23774620231245 3.13519086515531 6.39620066214055 
3.00515571073753 1.35123381070577 3.32919932029087 
3.0642025566791 2.4073826781488 2.69269462096339 
4.13909011004067 6.10673722807265 3.36269983697187 
4.0092074757715 5.51485753983837 3.5416376026034 
4.58578227450744 5.65068387199861 3.8620927164886 
4.44544434190116 5.51837386511644 2.46585284804758 
4.3729703623842 6.13236154639326 2.74348279312575 
4.68752159854816 4.93796758094549 3.16907537877569 
4.10794861493936 2.68808876624914 5.52441093132771 
3.50411096873764 1.66721699471776 4.97788031100167 
3.60331517262187 2.39907495794834 5.86620992450309 
3.51257574773193 2.43250838740488 5.0987609326789 
4.03017941483007 1.85911139844889 4.77725318056301 
5.23095274803845 1.01584458082681 6.06003344818714 
4.7488574000867 0.753684381864048 0.404790988008766 
4.53854719051319 1.12173676550473 6.27957186969285 
5.06557800603524 0.422428503545675 0.403889817598616 
5.41398870328448 0.522593581570616 0.313454421881787 
0.762514417869439 3.43314817370403 3.38588775537922 
0.826105823820316 2.9058513314491 3.3007705073752 
1.03455933888275 3.64169762849022 2.95015929153188 
0.654742797080635 2.60371065326065 2.35960155471683 
2.9073257381919 5.33627789048181 3.31036264555501 
3.31074995962446 5.10238633381149 3.366458676228 
3.73784998115714 5.18603234960386 2.90415788084147 
3.35686140453594 4.64132671703121 3.27566679751725 
2.39776547663351 4.48412068857097 2.75195464950157 
2.66599453959845 5.13872424715174 2.21329934536504 
2.39358398239883 5.29534525759358 2.61372742633797 
4.59745176668641 0.71235135982368 0.746118593397867 
4.77283126057816 0.486030272893019 0.898138779612409 
4.2102819158392 1.02620823331653 1.85389200278546 
4.14640667245706 4.02379567613144 6.42243059892983 
4.48091267163239 4.57543769752999 6.38695385582314 
4.81039969567673 3.45826573432434 5.87521072741795 
5.4194351860085 4.54659914189943 5.9956687825858 
4.1204946978163 4.19981284985673 6.31439038837981 
4.76868896746326 4.33271500822223 6.68691307863514 
4.84760535388922 6.61588959636977 2.6439052953607 
4.36097111116546 6.30006140927087 2.61577162416464 
4.36691348189021 6.1716104412205 1.91534594817253 
5.1176307334932 6.5575628551473 2.02509593454118 
4.8975479273977 6.38767379773028 1.73490198717742 
6.42905364242138 5.30970165137948 3.72834315781568 
0.132660893215388 5.3403717302276 2.99452475670836 
6.52168453214642 5.44504069005423 3.53391609228458 
0.307424895183356 5.20181966630775 3.961025417956 
5.92993287183856 4.50160049098614 1.25542198048364 
5.76167363900309 5.08719671123254 1.21356123946384 
6.15882472445714 4.51253592635547 1.70721700574746 
6.45856716642708 4.29361222301878 1.59602220143358 
5.90490816073534 5.55361581258797 3.88572929199392 
5.90643293822828 4.78875572911332 3.75792538194368 
5.93654178928171 4.98666963207005 2.58182232294034 
6.34959191883828 5.35605008955611 2.73238576207388 
5.74381347196153 5.00413428827613 2.58870264570439 
5.89874368167102 4.60984091079427 3.49152470516105 
5.61245644553462 0.474425612179934 4.24288774017629 
5.41901805827442 0.72553252008089 4.29448277750264 
5.10349290861054 0.380435407045003 4.35668836967471 
5.30718557383587 6.63949868614541 3.71272082938466 
5.2206991946848 6.67309918223932 3.85765357583289 
4.65145020725815 0.314854797842629 4.1188942775482 
2.2871321832864 1.13758822962573 6.03766519332859 
3.45317369271961 0.530082430258203 6.1367485681843 
3.55361890648863 0.968083535055749 6.43129947686653 
0.995106278899095 6.49435565541547 0.61128838026633 
0.775749128780784 0.524951462013264 0.519341667524071 
0.697978204391476 6.74277084248305 1.04615099869474 
1.43917973272312 0.736281482387167 0.86912017586878 
0.559390696390264 0.402515482302038 0.828294094055275 
2.81066100879768 5.58872179707725 4.36769883735791 
2.90350217035936 4.88109289189166 5.01377780282719 
3.49362996117773 5.59774059737567 3.89402357823402 
3.17090069227744 5.68118155586744 4.60875440482052 
2.78329388499818 5.26929671110315 4.89212061450309 
2.94973464030694 4.38878370740615 4.22042335672711 
3.48242442481234 5.69751429373061 4.50479530958614 
2.6043263998248 5.28500807806809 4.66817259997012 
1.48742277610042 5.48884888519309 3.16250163504825 
0.193421267802888 4.42140722207506 1.96939004733837 
1.38713497184303 4.99086996090396 2.01371747783008 
0.888977730023617 4.41968177467471 1.77860608853254 
1.36964103011261 4.62308027386874 2.08400890723528 
0.799804843641511 4.65555953033593 1.6566807006681 
1.14056736986193 5.0909300384266 1.84098473543524 
0.787552215263985 5.39437332101637 2.10303232918215 
0.510007905163687 4.21570874748058 2.00925295304138 
0.182951680269198 4.99119873409152 2.01968526775825 
0.238573019648054 4.68810673961188 1.82075152142699 
6.23282219061298 6.21888078421659 2.65824573686102 
5.80831218207948 6.24122897514263 3.8006551183401 
6.62533909015256 1.81258941710597 1.28293899622409 
0.441969660493791 0.766090343094813 1.39874642834104 
6.29873902581244 0.969200832168063 1.22358471764748 
0.196528679759587 0.726541639239113 1.02675772328747 
3.9230852841298 2.20783227532444 1.39235098532531 
3.98209550552071 1.33842839560783 2.47524145724071 
1.81545997775554 1.15547402759639 0.709128771569442 
2.62575253103079 0.716583643685922 1.30041680311725 
5.78935944650588 2.66859106430224 0.697051953209854 
3.25053045227753 5.89189474236729 0.517545742693152 
3.1307863840039 5.73710537342096 0.519929548309239 
3.81767503502662 6.26808941304845 1.24620754583836 
1.0675906391776 1.47342944556698 0.191658543472739 
1.54695552572807 1.19013979189087 0.783247259464909 
1.91666423022922 2.25239585351735 0.792775453681547 
0.36485958082918 6.50086730400543 1.22006868521049 
0.846426951970893 6.6749259838962 1.63873356844815 
0.88339111251341 6.22323675661382 0.452948134021494 
0.461132812886953 6.46990765669642 1.59561236624881 
1.33683439483851 2.36270625190873 4.56643783637204 
1.31511693865855 2.64313368681845 4.47796451121417 
0.983412285141697 2.74092910637235 5.0013069444316 
2.56612830775411 3.71431286101259 1.36853968929418 
2.19775439348899 3.69144771662915 1.28159247203338 
2.17059513399099 3.63999032949545 1.12111559014446 
5.48373920192853 1.24168693113973 2.17441966289543 
5.44188692542504 0.837744826766474 1.48599450444001 
4.35547853485864 5.06240266176548 6.58537218255644 
3.24232669322061 4.79374285417861 5.69525102218929 
3.57729739098465 5.44699836602971 5.88088244430714 
3.23808034367745 5.189883289468 5.94264869564655 
3.6835166692505 4.38232982647526 6.53149009227285 
3.02781812061778 6.48979940971431 4.56350110087533 
2.92157708046474 6.62119835908514 4.72112460315539 
3.78683824086548 0.298057489894507 5.84966244474692 
5.05088904042733 0.320119484819573 0.687449276088705 
2.91795206981187 0.591097012848986 4.32917827208912 
3.41811968757879 0.50694027286895 4.30250224280638 
2.37242737655815 0.513268851465036 5.08804760107346 
3.5614788504933 0.657754726422326 4.40913373439627 
4.18665703858986 3.59284697917542 3.19933016637646 
4.26576076412422 4.16715909812157 3.31619082051764 
3.26999824526896 3.5586132660569 3.88128081514478 
3.86318884414843 3.3705251293451 3.54140986409536 
3.32318806123539 3.30935267670549 3.48050415296884 
3.74312471390125 3.59247841359523 3.91457841065758 
3.052662282444 3.94824376538396 3.81184008462364 
3.52196308482948 3.64529373033053 2.71937528714122 
5.76113955510742 0.888712166622955 5.54029703466494 
6.19938310706241 0.752059268310616 5.97324572106984 
3.8835550355064 6.4143623932186 3.4256369116044 
4.76990165719884 0.260597476297542 2.76044704707842 
4.10260873124709 0.220133368254444 3.02916701044644 
4.63819419454531 0.322717987428115 2.76609493388844 
4.01773544127824 0.0783139811276119 3.42825845874895 
2.0509773431519 6.23957317272259 4.75780227263057 
1.78094781961159 5.89741113277753 4.26624348988535 
1.45468364250792 5.45756453786132 4.27048590337918 
1.52103447247626 6.31581729477595 4.34096075077934 
2.0152953766511 6.13766689997436 5.1259889785746 
1.58589908882327 5.21415848596777 4.57447012604741 
1.38578199249136 5.15443621892752 4.78872989835541 
1.5774035641035 5.33409577415252 5.18254903907931 
6.49942395347397 5.01625948190311 6.17864345025505 
6.0413923698421 4.53853301696519 6.01626555973362 
0.290616205088541 4.57914633570968 5.62561520841459 
6.47835110145829 4.07272845708593 5.54065818993885 
6.36548587857665 4.46712687745384 5.51374341277915 
6.75958949525962 4.84292394328938 5.57578283930586 
3.17021193826922 2.81072195713683 1.25027790084757 
3.74362126657934 2.76840487845263 0.951746173983213 
3.15793896462739 3.15152255714964 1.4005167333844 
4.32381854480477 2.71955116344786 1.19236131557805 
3.96683229829551 2.54458549950235 1.02643241143308 
0.83553994596781 4.74480944354825 1.12166244524606 
1.15929762375945 5.10932709241931 1.10951031674991 
1.7472754636347 5.28537099554768 1.53857206406124 
0.984715866134239 4.37526034178061 0.794963074701125 
1.81715723793395 5.22293882867046 1.66676304626405 
1.3135433092963 5.28382705762196 1.48485465894529 
4.71989340715304 1.93900138746398 0.354655609280409 
2.0189750967988 5.84327997769988 3.73463725716798 
1.79612509952389 5.37238202953415 3.54423729340976 
2.21319044549983 5.05415761788208 3.49377293816236 
2.12400108787108 4.69300356783542 3.77327079626839 
5.19299076877314 1.84311062645943 5.47702345389598 
4.36003627497512 0.695758582020369 5.77669324967033 
5.39648389591089 1.59190940143223 5.65233963324713 
5.08211982615043 1.81491419449251 5.16436454395394 
4.28112356905089 0.84371177312595 5.30362949737869 
3.70205921284799 6.40084310506577 3.53564017598385 
2.7430107362854 3.92755676755407 5.83504430019678 
3.14251523846167 3.6158923466939 5.56805460664552 
3.37598096317466 0.514453946128665 2.65193869690359 
3.45238401309311 0.188149334361153 2.32541582949184 
3.44272115363316 0.569684030354691 1.82836787112148 
5.86637673707374 5.68250316217268 4.20969454083355 
4.65642128511497 6.08167343614694 4.32189392706933 
5.79134790257169 6.17903500522505 4.16375264798747 
4.60125247399646 5.71466258048885 4.26924570952612 
2.60167028672816 4.14855284598135 5.7865742804591 
1.93520712110446 3.52118375556592 5.8161854222889 
2.62438396980388 3.94215896925064 5.74995757724472 
2.54400479144952 4.36386236029491 6.63424482109851 
5.52894889591745 1.17427499395735 4.67546850072055 
5.50366134316124 1.40795638555084 4.46059894897336 
1.44683995055133 5.60988952509922 0.26298466541215 
1.61407987148246 5.09702827476337 0.201282387900875 
5.20326501601886 3.76704002380765 1.43301954248094 
5.37570987332942 3.46280723620246 1.90505013602669 
6.00043986134711 4.3710853714089 2.1244126216444 
5.29387826736299 4.14229574193133 1.47603129072844 
5.59503199459658 4.19253619679533 2.12497322322358 
5.60439642050577 3.87201424979989 2.2700314789574 
5.94802788714858 3.74744550142821 4.82924641427891 
6.24445287563581 3.91584759971716 4.84357144387791 
6.56044266271622 3.94745494085916 4.51331899190243 
6.52484403084743 3.76535520636671 4.04275571976993 
5.95208726040111 3.12775389748715 5.01786467355328 
6.37276775010073 3.76922406738297 5.08535056526062 
6.01979045574346 3.45670920250698 5.17912458184853 
6.11148758902402 3.46220827959969 5.22264342045551 
4.06726645540318 1.10461167357857 2.91719060197151 
3.69722712378027 0.564389237168082 3.00239007011126 
0.607862198912324 5.55134940446583 6.28911050658719 
0.712013704389023 5.35543900453772 5.89853413673974 
5.24461207114718 2.03802387879305 4.98926412073369 
5.55741435179486 2.28380925567342 5.34104072964779 
5.42112747403183 2.79659749938193 5.23764236844175 
5.37614947938828 1.80916798747175 4.54229831381993 
0.584407787240079 1.02894562717577 5.68095403213503 
0.364320082398051 0.887011742832131 5.82618137179521 
0.421878114578705 1.16142645165475 6.23401693287182 
0.4817339887129 0.283319076386976 6.4405707450183 
1.14152258921993 1.15986950218067 6.57286732861066 
0.470575683921339 0.929045438436034 6.68635648495023 
0.484176406402845 0.51152867113889 6.70733861966688 
5.97142766313543 0.889326991098479 0.743707104876378 
6.26293160613565 2.05938136682515 2.62994303369227 
3.3256601267729 6.19119497800667 1.85852028838704 
3.39323534958519 6.47692959689834 2.29256171815428 
3.86596110244327 6.12846297698207 1.60054790196961 
4.08984311974641 6.34290801835127 1.79911903230834 
0.531501417364983 0.432422178121823 3.8912642894145 
0.716472060317024 0.267505653893379 4.08691287222934 
0.311089273746457 0.870291464134384 4.25062708022451 
4.65034596852357 4.69400709233006 4.74043425899147 
5.99933616407595 4.65873283775836 4.97857513727873 
5.9780630125063 4.51101624243456 4.8046202777869 
5.53478502365252 4.72456203617506 5.38130693172519 
4.96631865018374 4.57094951704711 4.26210461177827 
6.26667494124109 6.15437689247598 4.66909636511097 
6.55907840851397 5.59232857156626 4.57481990355334 
6.24933740172477 5.71127639766521 4.60166792455746 
6.08444655467931 6.37550778480337 4.44331069802125 
3.8321173735679 0.785154320801482 4.07802712968395 
4.43791212606066 0.310002201877374 4.68931263932478 
0.98621257778819 1.82371303788211 3.39332892560043 
0.714043796825869 1.63321319460947 2.89670398422045 
1.45428632596603 1.91267925158346 3.25707228316621 
1.04868756188632 2.06336055335808 2.25582588430148 
1.57020795241436 2.01707046940613 2.59565595488852 
0.940786190585661 2.38825458098783 2.16455622718003 
4.58270746278334 4.32457263665235 3.41508496434992 
0.485890147449329 5.89029660402925 6.22556913131099 
1.48170366203711 3.58914918088789 2.80955010382928 
2.18813979438043 3.46902802569174 2.54546485330787 
1.74842603464729 3.75946183400598 2.46369505791586 
2.42553305982976 4.00090684197074 3.65955672511284 
2.07665209288355 3.24134584516285 2.88499228984081 
2.40159422987626 3.60408068880972 2.59260475000752 
1.65211683157221 6.21188505612215 5.78017448239421 
1.24842443577903 1.16726418185176 1.41257506286619 
4.17316192586 3.82142975542417 4.8196263727662 
3.89254020041855 3.61912483434431 4.93226825908623 
2.85573534239151 3.98525531499862 3.98427575879375 
5.7621149277642 4.28561019550839 3.51248911154753 
4.29364485508754 2.25711336726782 0.337070708356506 
4.71184869110368 0.503271648582503 2.51415226703168 
5.55180966918808 4.6292827300749 0.0124987813262673 
6.44352065356425 5.19978264592485 6.22682583908105 
5.49505792368118 6.08899044798633 0.699747085112274 
5.12490146569559 5.00733438954254 1.02945237362152 
5.82571413361248 2.14449813402798 5.73410494991952 
5.85417080498916 1.95340945187422 5.80808299165046 
5.50497601918033 2.20883965258982 5.53513389587306 
4.81836151532309 5.3986026551296 0.0957296125930848 
0.913428145639072 3.66673308813515 5.33428950936279 
0.862603562063296 3.57811190836242 6.41681221787529 
0.479077002903702 3.93788105999132 5.14325034090724 
6.00976510170063 2.73042127471589 2.93232878848721 
2.08331957806354 4.83623778731318 6.44794358722177 
2.27590918840297 5.64620126957788 0.271489288673763 
2.08818058566305 5.83952017308096 0.269842679523526 
0.538840483743597 2.17684988750137 0.942180900021321 
5.41312982240204 2.87764162503648 1.04950427919967 
5.26816393213241 2.47007184653509 1.38021306248497 
4.60803558462968 3.49979196831843 0.94586960568509 
4.98357586827689 2.35423560206372 1.32329268897389 
5.06926276540422 3.27337613020325 2.10125380439417 
2.88402654135904 2.5803350544105 4.53506526688216 
3.34538329782304 2.90431275757689 4.54354610129188 
3.16844552081532 2.75577534581085 4.78182710360717 
4.18287584752234 3.03531758615218 3.52833747519588 
4.3394556601575 2.6903750267813 2.86014010250475 
4.04323913493623 2.65431994492017 3.34363368775801 
4.30319126560106 2.578642169742 4.03253508399903 
4.59377953100831 2.65340150292717 4.10383755267782 
4.35977966592626 2.12973487477921 3.21182659836006 
4.51586116624963 2.35203298414385 2.83369858901504 
4.70808859470479 1.96627665027952 3.43777687184836 
4.78560082150162 4.54773312912858 1.49336567650242 
4.82162185578682 4.85731300782347 1.17872953247364 
3.88384288245251 1.13849774682427 3.97221829551867 
3.65887108880791 1.54473965721767 4.20467305216606 
1.23307721893056 1.99129903514227 6.10389944717571 
1.1296539954932 2.32394139793617 6.31653996034829 
1.60572322316863 0.936172333584721 3.84061577147313 
0.687982141534478 1.16996989227215 3.60854458846708 
0.987600523815571 0.264025924875278 3.93437770469809 
5.34527298424601 4.46593968505615 2.3255946050132 
3.91788923178305 3.38830582610045 0.575139401220365 
3.77899299832912 3.05319633580316 0.357350235580715 
4.6038994753827 3.60773094107375 5.04334064581605 
5.14114758795958 3.03643314025404 5.7903033974563 
6.02663524939592 3.58547680672557 5.85751614527186 
6.24483795871077 3.08393294758858 6.11796332928265 
6.42477373258247 2.76773612350212 5.66312220328898 
5.88571027020738 4.91950246705602 2.4114277791422 
5.72341447630085 4.9474581171754 2.45014135179325 
0.398562735286 5.53113187673087 5.27384797001543 
1.6218536593875 2.01633542843073 5.45340367170664 
2.11066930811427 1.39215788066384 5.10378366813229 
1.54637796580429 2.14424729653686 5.67377755349817 
0.242100107694266 1.88860787523253 5.23239137484093 
0.813976243985048 1.68745451843924 5.03870278321424 
0.538183476799968 1.63068044720097 5.3071467471103 
0.468688894424984 1.19988203035151 5.30581771450833 
2.11276946014839 1.33324257839019 4.70903099771635 
4.75770483431718 0.350673440623237 4.86092537396767 
5.44614641355485 5.38376729593862 5.46753873491058 
4.39307207224608 5.3771165245167 5.42039698770191 
4.53176160745615 4.35321978298818 5.31559441924708 
4.40904650453566 3.23991250315623 2.61649281799385 
4.92950582143484 6.58484587370279 1.59710122046607 
6.57706717351685 4.96066656013654 4.99407220316528 
0.171735145301778 4.96475279287996 5.31842401503148 
6.79490320398414 5.02694462652628 5.30005361763518 
6.699786913623 5.31950086824183 5.28243198872361 
6.50109167455425 5.28426501439295 4.99336196703862 
0.0203969181970442 3.05111112846009 1.63482909087979 
0.875385984921406 6.41249371838708 4.04461776863526 
3.64320871341178 2.87317904859846 4.55537419946002 
4.0827802365512 2.47387459766344 4.2328219152875 
2.46770450401556 5.93966169400752 6.56456096680195 
1.40477364174863 3.5298827834482 5.05455089101385 
1.43415079803832 3.96903108047804 5.50598164665391 
1.94928173890701 3.35602051834146 1.68363864827221 
1.14581594657311 3.4620479225776 1.92030697657949 
1.29848863125638 3.06470669514043 1.62304547420714 
1.31945443140909 2.77303761506381 1.74419214822548 
4.78981833338328 4.69114654401912 0.369505718878952 
2.07896247431083 5.51139461288434 1.97604829653591 
2.00049480100782 5.51156266607373 2.45037645242354 
1.94331356564404 5.83365092017981 2.52356766022785 
0.580250500548245 2.33787757741315 1.71812386012114 
5.24765149762197 1.64402087837247 2.48940959481186 
4.42006432374304 3.67862461231562 0.516054151196945 
4.34729539860476 3.90150527890377 0.455175020523034 
4.49701331868132 3.89906470523181 0.328451884526042 
4.05206605778033 5.44499503659038 4.62261421871102 
6.14888542511542 4.44726910991873 4.83273015680914 
6.17181273428066 4.59972705865222 5.00981936019107 
6.53797762325771 4.42243200118048 4.45589827295476 
4.52351514671019 0.952491440962584 2.89018985709903 
4.65243165357641 1.29312052695029 3.8101095708754 
4.63708638342982 1.40817089722939 3.46800325081161 
4.82724531760504 1.25829579739963 3.32207303425088 
1.33603369323907 4.83405714633247 4.81392718375465 
1.62568351775381 5.05426986480056 5.45867412492831 
1.45795419448969 4.66715235692003 5.26140122888916 
0.503978056182199 3.85624678313828 1.87778068549033 
6.11316621032792 5.43074529276171 4.98132066881846 
4.85806247042901 4.52375281394225 0.282910535425804 
4.0502496160263 1.77827014115763 4.37576887108288 
1.57989933124956 5.30383781359729 6.08627182447399 
1.42311046453088 5.25134999736439 5.8085832991273 
1.78519470646728 5.85260809933178 6.19096284899917 
2.34022351783917 5.79845993598295 6.23268777192097 
5.12528614906322 5.57753790638439 5.37900403498738 
6.84328390451331 0.886805788371103 4.28975226148094 
5.30457291401 4.16997112523573 3.15620774194814 
5.59017917928665 5.06845019575775 0.0314069810363111 
1.30490763552994 3.84230906204754 3.25551911234699 
1.28065406035627 3.81565951404233 3.03777338858314 
0.764800431111336 1.82003706547396 4.90627493158906 
6.74515945199537 5.30863280494717 4.03243067172091 
4.76434087789092 0.709632448127447 6.08622542715167 
4.6401717590563 0.565897752699002 5.85032489153313 
0.415533842100429 4.6643059078197 5.84543510226685 
3.5767368200575 2.40434772631879 6.48305320152969 
4.08763300681393 6.54052472929023 4.49245866284048 
4.19236478025609 6.33956454524719 4.6447831869211 
4.68936796837645 4.59958635601139 3.09380680055719 
4.86495601509283 3.46184368641033 4.67665297425079 
1.81350489019775 4.10595057378835 0.911072351008857 
0.212152413883428 2.19776814005528 5.6450866027245 
3.46912538906428 2.57845234094781 3.28756535556532 
3.18875352593046 2.62710964528605 2.87810984931097 
0.921140769891939 2.29723004849859 1.93043631440109 
1.12917759455552 2.4783648715282 1.61902133018188 
3.22660651423765 6.05757706206106 1.92693961543017 
2.50804084104816 4.49131333327656 5.47917219083692 
2.22055349766937 4.55926596622938 5.61653988069 
5.63509318879146 5.22912843892787 3.8540153077157 
5.34090554592979 5.79298028893129 3.321156929597 
5.84175108620024 5.88192547177857 3.60572873516962 
6.19703844717498 3.11712738673584 0.961089310195711 
6.00604967589687 3.36695084641816 1.24681214890333 
1.27826857365412 5.177160810628 5.92010876517166 
1.46582503274881 5.24399186543958 6.17639078184106 
3.05106814135729 2.90849201063441 0.293833597745906 
3.129194818654 2.65033471325994 0.589200856023945 
3.28817124524746 1.79472773060759 5.37161998720891 
3.41327864810691 2.34300638016977 5.70645739946639 
4.16780975405254 1.90683634878596 0.375596884904019 
2.64901595266845 5.62726715803049 6.77854791381918 
3.16051151245218 0.578413425917491 5.69480937127285 
4.21646634433901 6.80509452834415 1.4907468859131 
5.06111693910791 4.57775208090543 0.3646689419837 
4.25645718549316 2.47657261407307 6.95350909245502 
4.53732234289967 2.54754454540211 6.86969863879211 
2.94194292926199 4.57834740456703 0.616438569294739 
0.507289566911422 1.17713762430646 3.11647691520671 
0.594161157907659 1.42903922430991 2.86212615003485 
3.44730692050971 3.09163149206446 2.27910392179548 
3.4340391169417 2.79085590763838 2.37385339129734 
4.88500823376647 5.85471374003932 0.740926148332665 
5.08760356705035 6.11977201973567 0.744649286931722 
2.483398247149 5.29709344892216 1.85481592292954 
4.18168232501218 4.32593327120557 4.57468380131045 
2.1202854484326 5.13538962005006 0.207689024550246 
3.29926906759921 5.63811806599304 1.89308259421673 
2.10541259840526 4.42097719298239 3.59843926244852 
4.60369165082044 5.02418211715746 3.54844398327051 
4.18481944658318 5.40390645208664 3.70065580417653 
3.76868448972364 5.2238122871361 1.9983436733211 
2.96300164894644 4.33674916066772 4.53267445699533 
4.29031109832656 1.36551597134518 1.24174086586469 
4.57518433976498 1.25178282045405 1.08899537428861 
4.33355002435381 1.25552686226895 2.25931467083599 
4.63885364389725 1.00314962728995 2.57392886964792 
2.28155834378749 4.63493107267059 3.08523642193854 
2.31200321741473 4.93310518471394 3.16083616925831 
4.68341679931902 3.76104488157952 1.37943799121822 
4.47482265359864 4.36430347515523 1.43853412730611 
3.06680489399173 6.42554950358718 2.59935965159118 
5.89182893708641 2.35207160951882 0.752328734593538 
0.257845784732195 3.77767789540427 1.72727632715583 
0.528557686526579 6.00995341151675 1.71446980804256 
6.11824343656285 2.24100756828774 5.51566181043134 
4.0898011285179 5.15783726493991 6.66923417980786 
3.64099447318831 4.78621113219891 6.71051389892116 
1.64656880773155 0.947902253915626 4.3147243372711 
5.63060001334469 0.808373549966643 6.44632214314746 
6.48411693506836 2.88777962261647 1.1118116617472 
0.149955139383042 1.04071807638055 0.874324306045206 
0.496540085191357 1.23722182610778 0.196094921854966 
0.722178247309494 5.85544112472192 1.95250614340613 
5.19708460982232 2.27729026878993 4.20331261772975 
5.18820389460024 5.18277652861779 3.15004356535173 
5.47873231752379 4.8133592684743 3.02234679242205 
2.69258556807405 4.57082987535745 4.72277972956294 
2.47540382090842 4.34273903429978 4.89692681991082 
0.55900319552165 4.41319344549572 5.28443674992696 
2.2892519996603 3.19962679396335 2.02909452895702 
3.94243592977502 1.71640506864258 1.12873970171867 
3.91562993756601 1.92627636590665 0.647271224659478 
3.68330416155561 6.46511106771327 4.31243211524905 
3.73660021007249 6.5365334573221 3.64251168048558 
2.82206903483233 4.19720332637664 6.40658189688613 
2.75571496486231 4.1142557609484 5.89334142300801 
2.42254194409608 2.93372159677433 6.3821140544715 
3.30852290587888 2.61946956042936 2.26017910560104 
5.02517149381664 2.99897890853488 0.779178511754949 
4.92791122871987 3.416814799229 0.814299212477484 
4.43234888889727 5.30637147331899 6.16756026166172 
5.38332433481303 6.39180435176913 4.3156985518991 
6.51238573786793 2.91115956870434 1.5051377282011 
6.19244297729214 3.29014798436399 1.67260640324482 
0.929674032419251 3.17499494211985 1.20211049093395 
4.3992336747263 2.97940317617578 6.83157036970989 
4.07476467038309 2.85928500169147 6.94692722301708 
0.526253951351755 3.61160004777842 2.22446476082812 
1.77133404267818 6.28124889492969 5.28519973328071 
5.44410943469045 5.26411824180746 5.3031716727207 
1.14163239239683 1.30604006436403 6.24085930973916 
0.680378477236337 1.31497375216696 6.04378855306377 
4.25728404099132 2.42384322520048 3.9371520328845 
4.07266124123016 2.43146131733668 3.47021230087116 
3.82584712674331 1.02438175756851 1.76448685902977 
3.61516357884069 0.592856400188091 1.71929979683206 
2.084067196287 2.1302332277138 5.17872123989416 
0.622260963581321 5.66911258031376 5.54168348891113 
1.17506598410386 2.30759066002414 4.93835883804367 
1.48432562421867 2.05910424720961 5.42377459120891 
3.35483477780096 6.21296636033734 2.63550161614347 
3.2762927164253 6.32786801990032 2.43245825049044 
0.401140376709076 3.97731423530796 4.77293546847869 
4.08301810149457 3.64567397768371 2.84459958177553 
1.56885617932094 3.68838049008586 1.9627819164845 
2.50854694581659 4.80563957013932 4.48441144655882 
2.61101368413916 4.75815272973032 4.17971994499876 
1.51152627547384 5.19742813633348 3.8119726180651 
5.67794943838046 2.1010470700676 1.19932116590203 
4.0290489131097 5.7809499030809 0.35033826974755 
4.82277041556074 4.74434335146997 1.91239908373251 
3.91132783190263 6.57682040669143 3.55735460711182 
3.29935726719918 3.37120959231501 2.46145277112471 
0.1886017940831 4.76719874254679 5.61154038772408 
5.62457975528304 0.368026153987951 0.825306234186373 
5.72470012325536 0.44806625865285 0.623075527257779 
5.17908772728079 2.68469558105435 5.97232097364117 
4.77320888700602 2.60682503653078 6.0834010865458 
6.34272807838915 3.02966530642871 5.17087418776917 
3.43954811556595 4.4428750392629 2.71190931626943 
3.6411842592612 4.64109399259055 2.93939278438153 
5.13250572223516 6.5532477428738 1.08579508674635 
4.02486436386204 0.249702084172859 1.88737737162246 
4.39188087091231 0.496394913136786 1.9490986670611 
0.560645041421163 5.6649426017096 0.587359692942299 
6.24718778868658 2.45891935354422 2.49545787241315 
6.10895976919898 2.74463306419783 2.67724708618155 
4.56774933738455 0.432563559882413 2.96297876257096 
0.660153398370035 0.564609491867602 6.8159592569851 
5.46619663192701 0.72069249986456 2.28803619935346 
4.86303414475854 0.434880581574565 2.49143314416073 
4.5049995378831 0.205984917951555 3.66943884718566 
4.55672649625164 0.477998443456324 3.95463915008629 
3.35494367832172 4.8275846446718 4.99719322658965 
3.7911907608391 5.42258651002326 4.63754865645961 
5.48958032622791 1.21131905534981 5.43387450551154 
1.73016489993489 6.49486272804302 4.65905019648001 
1.56567990146798 6.55884082445895 4.9541008297302 
6.59723524665982 1.68666637960839 5.14999615466599 
6.51731261353806 1.77814622220155 4.85414613820787 
1.5854695465531 6.07340827337551 6.65056406591853 
2.42544719216225 3.97563174067265 0.362879449640008 
3.4510704028854 6.66782010808097 4.33757273595279 
3.52455132315389 6.74738537738008 3.68029709683014 
4.34346894313433 1.16173551707919 6.15372167565958 
5.69775708169103 4.72316456050062 4.14594503622561 
4.83735043582136 6.77551432901407 0.83789037719627 
2.01047479369197 3.25516361541485 4.83508178585832 
1.50001046850953 3.35091782054566 5.07834027707607 
1.49395150980034 5.71600171602723 2.78491047991318 
6.5338099705799 1.13587597669905 5.88800470635921 
0.97165171567899 4.59755037923875 5.84406847614606 
3.2796855227938 4.61816376150981 2.28661066874389 
2.71204509485888 4.66420136152093 2.26560655165307 
2.54466693659775 0.949169599303027 1.71200780028523 
4.53338708393372 2.26759769451862 0.353798889394727 
4.7049594554078 2.61863435287453 0.962629814775846 
2.89622681473469 2.43472818293653 6.94776827036204 
1.69200553269842 4.73645811486965 3.9948878024048 
2.94867419202461 1.5448205607111 0.86850160533174 
2.02394115338606 2.21644308112805 6.95912667174386 
2.43128775775594 2.45117279538398 6.71921181505702 
1.81211573541812 4.33784527266527 4.79316425530419 
1.66632983981842 4.43010843905732 5.25505378697747 
1.07739148598882 2.93037978408113 5.2880511254428 
2.76576992485148 5.65245405625411 5.53488456653916 
2.59764328112148 5.38013781011472 5.27470190514451 
4.97684442629265 4.74050582411905 0.44624882879954 
1.80627562752156 4.28673858404869 3.67187915895228 
5.46324757209765 0.525950240293145 1.97437176257525 
5.02316379700271 0.26021925347343 2.01676795527852 
4.18847611657315 6.82494021770071 0.96391726045908 
4.05023917755375 6.77405240790927 1.15762765841528 
1.61247326159416 2.11678797070243 5.67595305504465 
6.09513772313705 1.36408814840081 0.245976348380135 
3.6248089476693 0.300223427629013 5.51885722887742 
4.27998904250232 0.515246554527053 4.73530262952932 
5.5125433491756 4.29615742204738 1.16479245172355 
5.06145221551601 4.84268016734932 0.990161887128049 
0.805621702985574 0.443321363984882 1.22078506347973 
1.28453204355235 0.652167845548651 1.22365952913165 
4.13899956347753 0.0331053208671223 2.77167944421402 
3.81363554352342 0.00671637547326079 2.34492089759382 
5.93913762004673 3.23689974577026 1.95969343498777 
5.53741206331484 3.25771305411195 1.82487733877796 
4.57961989247034 4.65705479470133 6.17902480454051 
4.50874132114 5.20317338704244 6.25385403922407 
5.5832637887062 4.04953136833143 0.947192228941459 
5.47948298457266 4.06141016493336 0.666408298639362 
0.765207106966131 1.44339526134231 1.94229536950021 
1.33671137051994 1.22625866595782 1.62876417507012 
0.794075057182774 0.826180267490183 3.50487970019421 
2.28669672802251 4.26326042028211 2.52065889365344 
1.82225321437158 4.22141701661076 2.45703272466961 
0.822381697920653 3.50123025663292 3.51241486347443 
5.69847350256265 6.03928678596962 5.502162778872 
5.81027787403527 5.65610866206111 5.50253519163851 
4.67936906349135 1.66197453011189 1.62733722267981 
4.94523330923367 1.49040936966293 1.34177132158385 
5.87748074460455 1.49794275696871 1.51234618716412 
4.74987893142795 4.66814208547389 5.04836869315258 
5.25082964036586 4.44152917179958 5.22024273422396 
3.79782635613959 4.00323212720841 0.366069131395872 
4.37146974447316 6.61310290298698 3.89634744869683 
3.86495401660595 1.23705964798338 1.28535112853577 
3.03640253520866 6.42302513065418 6.46240902580898 
5.60000678144826 1.07458449192344 6.67864410018966 
5.21084139308297 5.31622543048866 0.653119018844778 
5.13608659690049 5.14105909374029 0.344089960606048 
2.48372591723582 5.86262215565825 3.79492132504817 
4.90198086556665 2.94604682132002 4.86101209929602 
4.13095973366598 4.13494579952571 6.11858677571731 
4.06320496221243 2.33760703337427 4.11066014569868 
6.12264659268122 0.723942844396159 6.28229651851424 
2.37714599403961 0.506914859647825 4.88906521838536 
4.83700660692335 3.34981994899944 3.35695202764166 
4.93795484631415 4.03592021651861 3.47214572414818 
2.56431395142545 4.07200063493512 0.314458274614156 
4.94690074843935 0.270732452235542 3.03685316969824 
3.73785647499142 4.05741802737406 6.73114785190952 
2.18102031662824 5.9605996064222 0.674919286322943 
2.27318188582192 6.23791321628258 0.756402055708675 
4.8753345819065 0.725849620170461 1.2964041434677 
4.6851557509889 0.359260884004969 1.71491898669649 
5.43162843411484 0.987558371579706 5.58963202636589 
2.58772761107334 6.16402028795979 3.53956709144292 
4.70385721463557 1.65794885621726 2.06143792001806 
5.11348473530426 1.45578630664045 2.35164409610909 
2.05501737276642 5.53854062831978 4.78022379055934 
2.03260825309347 5.57426184914483 5.00321111016945 
2.32408363243437 2.69025559438396 4.73155736607539 
4.70547019191709 6.41652709818164 0.456986533887529 
0.813581936531071 6.30065568005096 6.49593338252368 
1.1748783292177 6.19358984740354 6.76779300127575 
4.31544739333105 2.95576279199076 3.90688684269801 
0.694841956416178 2.3846629468847 3.59030339577466 
5.93382726131245 2.71558539691963 0.67588998426208 
6.47124762699252 2.63577547546822 4.57862219029038 
6.26198976498785 2.04247479590013 4.81785294507374 
5.24015891180721 1.23924838184464 5.01046393179372 
0.176714910850131 3.36527032322219 2.19334430283405 
3.56272943359915 3.77073277866146 5.51146916975962 
3.65237315279471 3.82312468337095 5.07293822554846 
5.00276811679385 6.09997458589161 1.59942107592687 
6.4310414990925 5.56384009983172 5.89784251553646 
6.23084758429221 2.92360916060035 5.06704632258144 
6.03717332472429 2.30189207834955 5.30107747487048 
6.28786914444599 1.35297788267837 1.47185688997808 
6.46231565279766 1.29247443868191 1.97216759147437 
2.31878471759766 1.79741612458136 5.07853478144392 
1.82393628990725 0.61475165353873 0.749668625115017 
2.03456638838439 0.387142130060607 0.891115380242854 
0.379244351018996 3.63644333671038 1.33139779510374 
3.06798374455908 6.34175229400803 5.53153240068596 
4.30965924162999 5.30834536985941 2.26425317986332 
5.42555719344239 0.910914702697064 0.238738490018843 
5.78471500661742 1.15819313780963 0.524191669834262 
5.61404613839695 5.44567428723569 4.35536049158064 
5.86621648763763 5.23579095444487 4.92465040581967 
5.72016280717203 1.99598478749447 0.483182973003693 
6.04263750310208 1.81970328532048 0.240275367397109 
2.23097411346335 2.83764000527508 2.05454030747797 
6.3810776874875 4.75660422399121 0.722825203219992 
6.32153843342223 4.77684509596877 0.341918842173754 
5.42439209655728 2.37519361968528 4.02355873013738 
5.24164689936447 2.43074406324112 3.77674175174975 
4.54802967070305 3.07409636702952 2.86811170037033 
4.46392529041575 3.26088450186544 3.23319870870067 
1.03358643103964 1.99252787811171 2.04417354678044 
0.587054286339855 0.987552794370563 3.08431655963425 
3.62992725248393 2.23468450523677 2.03446938908611 
5.33311216350908 3.6536308655949 1.19766729807418 
5.58553773490603 3.30569648502713 1.3268660837075 
5.04559978769134 1.68132080416504 0.773271412056526 
5.12324715761607 1.73406742297989 1.08654332574038 
2.65274523749351 2.40747126900595 1.05608627869954 
2.79141315433457 4.84346165272581 5.42445590730704 
5.16717409408244 4.30531468860451 2.58436287596321 
5.19276859705296 4.43583829858227 2.95177657902399 
2.07288032628275 4.98570450397569 1.33006595743876 
2.11294029298643 4.94284807797587 1.47158178754202 
2.85368811486128 1.40936175112913 0.832398258170119 
1.88227540887455 3.15355225308664 6.13450186157349 
5.9826281582311 2.57438097613764 2.14977618120597 
1.07405591562342 6.43964689275808 5.00144721514125 
1.38198386364083 3.51640264859565 6.5303290325116 
0.923655280973887 3.4665428873767 6.50663208876594 
1.09995239881415 6.24392670581285 1.83791483736093 
0.794103325749127 5.9306316323308 1.81977751558439 
0.0386641565447088 3.45027753020531 1.91908539633816 
4.55129183369649 6.93793944208354 1.04523717376436 
4.54369081161765 6.88678465273065 1.42973253224425 
0.383882956181149 2.74823019602852 5.38314438688872 
2.24309801114751 4.81109829572173 0.637950617656795 
2.6079147742352 4.53181736970012 0.401518242550637 
4.52727903373214 4.48155119008085 3.72418793236927 
2.79750028689081 5.94994451483942 1.6750366060786 
1.05643007618788 5.46222283362879 1.02392201878453 
2.13629049313044 2.27487160687025 4.77416155976773 
1.03841198044018 5.83127200705678 0.456174930638497 
1.23524382201781 5.7524652258821 0.606343084442581 
3.2661297927619 4.4634215299369 5.89931151369708 
3.29354142572904 4.50371604240933 6.33312282596342 
3.90139908489728 3.45061436288873 4.20089877191025 
3.64277866923436 3.30127520916162 4.51500832444045 
1.98755691500271 1.33653578149512 0.853625428229665 
2.48346230018668 1.15789613589767 1.20087699811957 
1.35449564514359 4.18329699036225 3.2765075353126 
1.4502575413339 6.31781652108361 6.64003493424431 
1.48211393812271 6.08835013257652 5.46445884815732 
1.3517901147634 5.60904660830847 5.42006097732617 
5.46209796046635 5.8773681518201 1.89709338443997 
2.28088785696368 6.15136819892813 2.79174124009105 
2.32635888112638 6.33176617097401 2.55685390104555 
3.33808170599132 1.86223187347961 5.07576798254902 
2.79520755821862 1.96509825353021 4.59348505311495 
2.06679572696082 5.90259816530098 4.53577921682999 
2.55313607600293 5.91772559103217 4.2710413660686 
2.20646898088089 4.65127681723938 2.92541143619013 
2.19515367946672 4.96756487526747 2.92209132023601 
1.2149543622888 3.99992355239486 5.5910115336438 
1.05529137042696 4.42573848589058 5.52356673990175 
3.20990512303853 1.85953228221826 2.73035050106382 
3.28995424007136 4.91800808924538 0.301195253885948 
3.34583269769037 5.36118697628174 0.671180116652435 
4.05341639019091 6.48663589376563 2.69745305524827 
3.79420786868043 6.59252647017945 2.3335392262495 
2.85875684709997 5.60753190524055 1.63944834442173 
3.71190423420784 1.53108037604168 1.19285954240242 
3.49658106209885 1.44762369334741 0.878439082866501 
3.462121796894 4.49862350755665 4.75073811811808 
0.332707384742633 2.02322565537347 5.00838974366746 
0.438776937876045 2.64032296605144 5.07420994926983 
6.07313439511553 2.22160734148705 3.18546423771082 
5.08126228264116 5.18200358046226 4.0685139537432 
5.53182660889428 5.17854488745449 4.06410544471312 
5.28513743553675 1.60629959550454 4.53745607210033 
4.69564069062043 1.57168337152114 4.085582220223 
2.13276051827873 2.51635500197633 1.06525913801581 
4.98070044717414 6.2052309633733 3.03292947199528 
5.0846163477187 6.49851894403752 2.86534027538474 
3.09146922300522 5.40099221297528 3.75297454338749 
2.88116685363749 5.37294340308929 3.88602778295004 
3.63216746292984 4.11294588240005 2.54941661690719 
2.79959390259834 6.46937949886732 4.42031879335857 
2.69806510637542 6.58010668403145 4.54743200460679 
2.38719633271991 5.73725680928885 0.68150769121851 
2.7461268993365 5.81008510695833 0.820888743724849 
3.1376775943316 3.50518892304202 3.12055344960394 
2.92550247810438 6.58441561343269 5.29936702539822 
0.620994502065994 0.927704537345994 6.78455347292469 
0.637312103770626 1.12013018096371 0.137058095683725 
1.22969858984285 3.4659940811672 5.0233224474331 
1.74296687561497 2.46593608212041 6.9965990027174 
5.02859307098818 6.09947196742274 4.52663743591387 
4.24940735605589 4.1808694952247 4.34326911796482 
4.75596952496981 4.33188108447383 4.06927879511411 
0.253380864586908 5.92406112614425 0.910872234188801 
3.820273856618 4.47217444439665 1.51915030606325 
3.52495016900183 1.74257366071612 2.34513009093633 
3.9210620283929 1.60893187716738 2.54125615572701 
4.24277530815473 3.80254971780008 4.46657230059351 
1.96882577337117 1.07265933796753 2.8577549050149 
2.0474885697819 1.40709666667077 3.00386711877201 
0.955572877744128 6.79665782612738 1.37874481828519 
5.63611277358893 4.64558318401016 6.06208303753561 
5.52810621368079 4.6747430504658 5.95571403252384 
1.47239197289334 0.337991376185399 1.43258955864526 
1.90163629471474 0.160192170127885 1.20838112301389 
0.346868472981985 4.81175759056445 5.85080118702113 
4.75175543328559 0.690428714206063 5.11606545721471 
5.69705600000841 1.36617518380558 2.28078168840872 
5.6502353853459 1.55635389961505 2.41661926721634 
3.04670147319057 0.935156970408796 5.50801639088694 
4.44912743809217 1.34399745881903 1.38819548274971 
4.6431882603585 1.25151193916861 1.22979503063276 
3.70324593536385 2.7082777889706 0.725071931300744 
3.94977166743884 2.41233244532675 0.732438340780675 
1.45739725163523 2.66829089566012 5.76399265863812 
1.79857065339103 2.87047623906183 5.78118564958483 
4.72335780931154 3.3258847088985 2.0343237012716 
4.71694049796307 3.42368932946946 2.3337317115403 
5.93121328682679 6.36217951069497 5.16683289357111 
3.41677406126675 3.31421416385249 4.50767299575934 
3.14365708244684 3.46761505131116 4.07646213644618 
3.15499958663909 6.29813571999897 2.79499393308125 
2.82227946938604 5.99287477827384 3.01359470154416 
4.97353590562429 3.37909155293152 2.39308860392353 
5.33836130050533 3.86030428014644 2.56648019698476 
4.11479732460155 6.1069984392321 2.92376027595944 
3.94359379069186 6.31884861364821 2.88357836671712 
1.73648161886714 4.78226080586072 4.40939813083572 
1.60035247060695 4.60606271161061 4.5347519282741 
6.16796873274538 5.89260823379127 3.37515727038755 
6.0698710545983 5.83171104249742 2.90669319726779 
2.44560641871007 1.46825567881607 6.35309937627031 
3.38954558869863 1.04857635076295 5.10105972786697 
3.84101763242979 0.600983555855448 5.16163258357343 
2.8613308912056 6.0394775800757 3.34393180104422 
3.24045333824186 6.41587897354175 3.31059715708231 
3.89943825440719 0.427907027919355 4.86027685516128 
1.02991358843706 6.1925835454757 4.35654236165074 
0.997111073267502 5.62040874679172 4.27600060495764 
3.24002359545177 6.01900243930403 6.71083328693178 
1.48375403347913 1.77717513041508 2.89169879528243 
1.83315459558963 1.50440192445266 2.80443325931244 
0.831347995800481 6.36352566444574 5.65260661262817 
0.48502530117342 5.99382750586238 5.76620045078723 
5.55367593884774 6.18488797838873 0.880018657408808 
5.18875692657179 6.2655213961588 1.00792335786309 
5.09132738847257 1.50234395223384 4.93632890277929 
1.01568102931326 0.549561047414229 4.72532405766387 
2.52528491226213 3.49348976025278 2.94891155664544 
2.97752731440934 3.32507534368147 2.95878344542844 
1.59995655666663 3.93924734822617 4.4509461394279 
0.697610421884973 0.500171171823116 3.62882599696065 
1.10149058467729 2.90607827805589 4.74593571292401 
1.27126201054318 3.25402152490471 5.04076985970111 
1.23995794708885 6.31370236187916 2.15395482899406 
3.67824867352259 5.44762215715381 1.72856217865462 
3.63822976387068 5.20731466669385 1.38443280953333 
1.12382904612864 0.262560465008526 5.06949547154884 
5.28221097500691 6.38932529024905 6.07659403868812 
6.75190715968141 0.82949651648299 4.59361641108666 
6.40260971956163 1.51274331563816 4.68726984680928 
3.75946099230743 4.11710310702323 5.05008704680121 
4.1288835688122 4.08669057138144 4.88713724521204 
5.04338892326615 4.04923328950531 3.96680275685526 
1.32102048541109 2.1824829026005 6.727789045269 
2.22207027961456 1.9962101573006 0.539371345232731 
2.35690761957013 5.0922672183539 1.07670238863295 
2.4332601778535 2.76796260657205 6.70159094103559 
2.95067467314303 2.74390171589162 6.96029735893356 
5.76116165755377 1.53446327638465 2.85568632871068 
4.48829324816578 0.80778486868899 5.07542099787547 
0.444307210402142 0.773574305776149 4.59188323827451 
0.689598898054896 0.433715653457422 4.55532065231083 
0.991659295030815 2.81230182160364 4.13201253047564 
1.12037239212701 2.931520826502 3.89478456109286 
4.38438364558151 6.37096278774741 0.496505840388009 
4.31951220055991 6.00781639140191 0.578787255109625 
2.7659120915281 6.59658849783161 3.74343934855458 
3.18844674552208 6.68279294625993 3.47267196819441 
1.58873943764975 0.606032910294099 6.56498811134266 
1.40735676224253 0.334785999428639 6.63309186259111 
0.84912946730399 6.24601625205307 4.63293058409505 
4.53834057605978 3.96841207304528 6.71920744010619 
4.7061352320099 3.64006768063548 6.61747287427509 
3.8874618096473 4.21287464809389 3.8307249486567 
3.88569043853338 1.21122789119798 6.48797624859125 
5.87851379080667 2.75102628424869 2.22464768168318 
1.52670208224134 2.47179105678646 3.30038910921352 
0.976040185046514 2.71487896097657 3.52529555728012 
5.24090211906589 5.37162095884131 3.49589564687092 
4.9139973495519 5.30389973829725 3.74347437233443 
5.84773754928432 1.65339914506843 4.38606072177015 
1.0767449585702 3.23047790604385 3.898236776627 
1.90874253156614 0.925190169557847 3.61672645133532 
1.71318210200856 3.91052447921089 4.62079314475987 
2.89803224623972 2.74141189360641 0.943451538678854 
1.84897632907587 3.23780313254434 5.46197192934155 
1.61758377512947 4.85776774532304 6.57515992038084 
2.39161090922841 1.90945273364101 4.69847707160221 
2.33271710442048 1.78709679720609 4.5465063168159 
6.19891403260905 1.96586797971759 2.93311026199738 
1.77169739756927 3.07932563782197 1.52680230342812 
2.66644656430273 2.34046495719592 2.73883652935792 
2.39682702252659 2.39666711832003 2.44934100425 
4.02697681882056 5.52342183774102 5.26627444273989 
3.92643813922928 5.517911587413 4.72903010242298 
5.80922155662342 6.21742382088497 5.83428093815925 
0.548875519158698 5.5328995964275 0.854724307473997 
0.432488087572881 5.86933881548274 0.592432671286805 
0.411649829991568 5.98693289811992 3.4349661870274 
0.725479102487165 5.99351484282099 3.55670642493806 
4.30154082074075 6.56796598229578 5.02312465969451 
3.77806770173933 4.63316450122934 4.45957829319231 
3.88127790568969 5.34922174310957 4.53756621302861 
1.64466522668869 3.13455153864334 6.39503916612212 
1.23007824060006 2.68322615659639 6.14763555091582 
4.20597365355011 0.767537239232757 4.16448233001293 
4.26629034182626 1.15097096495031 4.06197787616211 
3.14741123217956 2.83070283254195 3.39251222548222 
2.97858774869939 2.8415419408238 3.11575903059725 
6.35522979508331 1.09540128886242 6.55900404193643 
5.21274571543674 1.65723565952478 3.0951002469789 
3.60669216843653 2.27789014027672 3.47239875264406 
4.74632125326484 0.404538132677942 3.16545839571101 
4.65344447590461 5.47067139143485 6.14233444595533 
4.76883315704377 5.6394237844957 5.61060236653681 
1.87333375129406 2.01639026011104 4.23743008424523 
1.7588826031655 2.35033755367972 4.46821041895152 
6.04508582546735 2.3972685514715 0.72757537870189 
6.31433048945104 2.10219493836712 0.361815476590394 
3.45275479039441 4.40637101788262 3.79927579029569 
5.84891918250923 2.08629112802283 4.04777327679279 
5.81656749288024 1.77949388490759 4.41249527173923 
4.01763656379261 4.34167383239267 3.9822141150697 
1.62380014112029 2.55143914926196 0.365897922780676 
4.18154195894665 5.25000607661753 0.0812293123562537 
4.49878000375762 5.15280236802649 0.0153152190620217 
3.686844293304 4.23143507015872 5.69962850617606 
3.00754166525706 2.76966450492745 1.88152869104314 
5.30291297449439 5.47821560788574 2.07421976645365 
5.3749304765463 5.33011861260561 2.01239573043023 
5.83843791960883 1.4724702658942 2.14967045567332 
5.78446199451923 1.68472136830655 2.30229357310425 
6.64619751621417 0.996324409929224 2.10609533008117 
2.21213928072719 3.25055155097537 3.0546445094953 
2.2640144552384 0.764087047753756 1.96966391176904 
4.58804153552715 1.39135739465167 4.90090213991161 
4.3998746136109 1.4750160604632 4.3019550116126 
2.83497584864778 1.39247027416176 5.70999996604293 
3.09352208140749 1.26732260913819 5.67410089152133 
2.47912525412086 2.61079621904576 2.0128083976843 
4.8873433064105 5.06035981468487 1.23810919589001 
0.30390255111276 5.74960623251397 1.05568813369288 
0.238000013298186 3.1485962256148 1.27373862205371 
0.806131845154997 1.61071242770584 2.79897960506508 
2.76927599020854 5.34644737867098 5.75960478923083 
5.46883456691169 1.6577467872581 0.795982495204282 
5.46156092198324 1.70204540242344 1.05722244780292 
4.97482226409346 5.18907513370573 1.82947966614224 
2.63222340468889 4.74174089488409 6.84439753052873 
2.40213549684449 4.98542247840836 6.76783451067562 
0.646162962725483 3.66068130071749 1.31673958513925 
1.58807909389497 4.58148242338826 3.96337807010967 
6.5265325366177 5.18738016859596 2.95246023337337 
1.22612749972282 5.57055866266821 1.41465294311703 
3.42997554950228 6.4129367468062 5.79443713296891 
3.59326743672759 6.24881327124842 5.78037654997915 
6.52414171562837 4.095095448313 1.8599552728121 
6.40364117662962 1.36507333697198 4.81677604982786 
2.7586716574332 5.4562802049889 3.70433570853247 
2.90440144456031 5.48852471382833 3.58493448354679 
2.69874361444907 1.57407930914686 6.28006593371515 
2.71377002375595 2.03133309512849 6.26393490351815 
6.25237565009935 4.16083070646644 2.24539591674136 
6.12364365213577 3.79652162490622 2.38041778093666 
5.42691152201295 3.78841439102414 2.87402072629102 
4.89593974458205 0.560313294715115 5.46459450617077 
2.2334060412548 1.56478695347395 0.560279389117003 
2.77555589940846 1.49948107734197 0.663548918241469 
3.13222157931724 2.18014565705852 6.69362135593525 
4.41082697967589 4.3891979599132 5.82927965504278 
2.46479460103949 5.40914751787688 6.21272818729035 
2.09503807134211 5.0771375970668 6.13705229926212 
6.59959065935767 1.33533188583223 6.23217022341439 
6.48800126428822 1.73770581966269 6.17974638883006 
2.78409770717818 6.41460220177413 6.40121532047676 
2.65514766582646 5.347073551978 6.60908733560999 
6.34636069265793 2.35422810804023 0.978436497650349 
5.62405413601872 2.05251274200424 3.41108795962916 
5.44029856922306 1.61625895679574 3.17571030079015 
5.84481022973766 2.04816963431819 1.37572199710956 
5.68833715528847 2.29619985677118 2.00530346888055 
3.36186074822255 1.81184746765563 3.8426182987663 
3.49423066237183 2.21134398779482 3.78751291725359 
3.42157742764418 4.56468655909812 3.95064348883306 
1.00470346278133 4.18315476432565 1.60023239172266 
0.769322302118353 3.81173599259975 1.67274402154073 
2.15262488678949 4.47987674735127 6.39045947900074 
3.69300548282628 1.19617914966711 3.48389881378463 
4.02776706173911 1.3271209348219 3.16442207160536 
2.91631648770454 5.62799403212699 6.83615005248448 
0.393634229637116 1.26631734661515 4.05935996740368 
2.80314584758746 0.889188317993337 4.53559509869525 
3.93086174303221 1.63483763743945 3.03323461970382 
1.81958105511168 2.8312896703976 1.63098577818026 
2.02232277306419 2.46156671758127 1.37935515778641 
0.709436833423705 5.60974385603927 4.94825119187385 
0.850503993908373 5.34926065084638 4.70918079333924 
2.71724276462519 3.62821656652894 1.15917799727739 
5.30263324481965 2.95191518064745 3.59819019589528 
4.67923879614423 2.40519311680846 6.6080065488678 
2.73015897127291 6.13899220549621 0.922916599211774 
2.74334312781437 6.24472283363319 1.33323205305208 
1.5973847332106 0.0729955043169168 5.00201267615675 
1.8078304603473 0.215842463699525 5.33015171207001 
6.1181228884229 5.07745604396416 1.92005125454163 
5.84467550216757 5.31888201277662 1.66408293885809 
5.10360934212314 5.63244088253544 4.56215382196011 
2.45442682150643 0.772511261652025 4.8541604684099 
2.24186622032834 1.07942139716584 4.59267300988861 
5.88827471085951 0.185293778550674 1.91756245878215 
6.05228338323119 0.199267953792839 1.66348894009292 
1.53863820544676 1.20539137288986 4.45263817103582 
5.66419707106198 6.66673235775191 4.77519332321335 
2.41185029909048 2.20337772693861 6.33292123454628 
6.31382017649482 2.21819800812848 1.24508862458043 
6.44963794620491 2.59358238634533 1.65340381982026 
1.52322604622129 6.62938763186577 3.97276509033588 
1.19062183815575 6.67922278547209 3.84874228815409 
3.73423205643748 4.63243888325991 4.11477738645281 
3.835931146026 5.28173791183216 3.97039923497386 
3.29013971277342 5.96869403462517 4.72890579958238 
4.88459664478436 5.48520604574293 4.42766095456819 
4.59932727128409 5.16450768227016 4.79150008139837 
1.48746263311386 0.102999435535572 6.31354061971601 
0.985534003634497 0.00419949844203148 6.15807373300811 
0.0472068278930289 4.96814647317014 2.71508901366899 
0.0147496269461373 4.60233462191191 2.73069623553505 
1.69142232767709 1.76085542771285 3.4740783271965 
2.04040781580458 1.44776273412823 3.25664920438803 
1.6114157215799 0.197708853267467 6.20027168000761 
1.71776061917365 0.568014647551571 6.34017927603212 
5.69051046179238 1.35439533644227 1.35778688138245 
5.45596088021717 1.21215056407925 1.53588299201146 
4.99072101153577 6.02127022518037 6.58972139338959 
6.59979870799021 0.566631032599936 1.53055929992331 
1.48081173741605 4.4459271814815 4.35484081968502 
0.769818391788684 4.39115458093826 4.3209757888227 
5.95562459454201 0.932060138546384 1.12308481846988 
5.77853713493505 0.672240876785058 1.23534829915284 
0.649102812219718 5.73997833706263 4.73756622287971 
0.774676881817899 5.49965483883702 4.51782378847731 
4.53496606885936 4.69423246724101 2.07872084730716 
6.56530221071764 1.51818802396905 5.16784248297084 
6.30937306972601 1.46501060836077 5.53959864516707 
5.86528884536783 0.513880713404487 3.78407744548415 
5.81059297147409 0.844255365798024 3.65410759287794 
4.45360216655127 4.59002737981391 2.85222982111454 
6.664184411558 1.80117458525311 1.22110654642617 
3.00214117317815 6.44589930550852 1.38587690404442 
1.49098230570947 5.42010063149944 2.80290721411145 
1.07712394879305 6.1656477373856 5.35462273489483 
0.935029127856876 5.76736162362857 5.31129763584285 
5.2566343030345 6.17228664468711 6.54680516519073 
5.47951910896037 6.6561922144749 4.71392345876774 
0.40314522451681 0.403062428008645 5.9155743893746 
1.42545911967923 5.10376280978395 2.545323447298 
1.66758740486709 5.28286723833269 2.67743357163205 
2.59439433171482 2.68652451204914 3.14430780452932 
5.9170379037738 1.0855085902172 4.90479405573667 
5.78634122879689 1.12964871687865 5.3838600811856 
4.97073051708475 2.33379458562454 3.95695409728843 
4.69974088431283 2.09470291603884 3.83095962659694 
6.37974280489787 2.21256266726741 3.59514794211807 
3.25984608842082 1.04686651737977 4.6673651762116 
3.32888656600923 1.46479564869184 4.56072736694192 
3.90190983636375 5.91578748219589 5.21967682461047 
3.09434544214292 2.56068377750031 1.52792078784346 
1.72332796165459 3.87050501264279 5.85980532439787 
2.23131384220004 4.31818043501837 5.88301076925798 
2.87659182494896 5.60781547497066 2.93576444161642 
3.66427783994497 5.40256872872596 3.80694456552079 
3.34044102238507 5.17367399693138 3.67052610417133 
2.61875332255804 5.13257508719856 5.52216114130873 
2.17411966060339 4.91066330722137 5.68898209100664 
5.67971644347381 5.49928788710208 0.656980183794235 
1.47585665378083 1.41531443867152 1.02069167280703 
2.09429374219415 2.89684330751368 4.53533277124341 
1.737962153327 2.62502135810112 4.37273936608053 
4.69127599315476 5.15449222687299 5.07216964451656 
5.1178420229463 5.42819515500891 5.17470618800217 
3.74557179493861 4.17195081904446 0.492659218026617 
6.50681663094467 0.31301760655086 1.67044335249539 
5.9270479814238 1.62035654853944 4.09598101995481 
5.89622164010343 2.00273726540056 3.91721639856391 
1.68983745728212 2.87428497063776 0.40256155564842 
3.61019601867962 4.79069563193557 0.210123961399997 
6.50495447836687 5.41351935533887 2.59622951173944 
6.53992715523713 6.06490330116642 2.41996703677371 
6.46152373771505 3.64679252676459 1.95167478716421 
6.21506384522647 3.61736184248271 2.29009855979245 
2.81536773495429 2.15598207301451 5.8581822019149 
2.85159324046857 1.74364154204691 5.52169871979367 
0.900372257892412 0.42608424636783 3.62625594991315 
5.13264911256283 4.22628873173676 5.45889060050078 
4.76046082469207 4.18792889725352 5.48588733026827 
4.91660749305193 2.32444739419097 2.80995569605898 
3.77171875075524 4.35935400719787 5.53949774973231 
2.2414980026321 2.93244725499096 3.10556979988624 
6.01566535250484 1.32460966333055 6.78168044947615 
4.73587047899582 5.37412884912933 6.22727913729773 
5.44624648346306 5.0678754748838 5.99892852637468 
1.6708194645829 1.82284077589358 6.03824063332576 
4.13699608854527 2.69216017966742 5.23624519308976 
6.54075228706396 6.08199028239612 2.07745011702807 
4.35484553349292 2.41309554588152 4.98630265709068 
4.80008317395395 2.6439285664395 4.71777349327453 
6.79866163998992 4.67050287674345 4.52975030356196 
6.23833954805629 4.77557156136816 3.67923050332993 
2.73676124237722 3.60390497219917 6.2421234262693 
1.135088380709 2.63295888731501 2.21924618963401 
2.44856907972732 0.775957382976668 5.10791645688332 
2.23282761566747 1.13391611130139 5.31899658692158 
6.38414328805988 1.93825406737509 5.55661996152065 
6.28105145441654 1.7889107410058 5.69289752063315 
3.53337301448325 5.93400889911735 4.61244824726187 
3.84866258266517 5.89913040770141 4.79686230764632 
4.35131778424241 3.00019912492014 1.83063457581679 
3.6842711726821 1.77183492662161 0.521438691116567 
5.00683362003765 5.56225802192328 6.61255082782764 
4.16125411399347 4.35628715849691 2.93964187560405 
4.10033876708579 4.09145281875194 2.68184928844536 
3.5078090279065 4.78467000892619 5.48360760382108 
3.87150382715357 5.25725021253818 5.59530540355223 
3.39568518367592 1.54681880799075 3.4369023797551 
3.52922713945586 1.77226197587765 3.19526802328853 
6.55812768312847 4.58624260112457 3.9433687048771 
6.60266024710409 4.27545106737504 3.67613345353229 
5.32580493615731 2.27337670537562 3.39376029118496 
5.05341534562472 2.05918186621367 3.21409863588659 
1.98793593630561 2.11035838508697 3.71767818067461 
4.58615136132377 1.72796217589839 0.366613290028623 
1.92168535548536 1.9399905216876 6.77963940590477 
2.12580360017735 1.90051387454094 6.39944991507303 
0.562494658005721 4.19439609242687 2.58862225350749 
2.12674566921043 3.66759765739328 4.5690315053965 
2.28044869490523 3.55233088210195 4.13232695119558 
6.30513506663227 2.70561746822118 4.24478079183268 
4.84254472806525 3.95666562032477 5.44792177061309 
5.15913225886235 4.06706028754972 5.43090850553829 
4.92649269132872 3.21852905443195 3.67115646538829 
4.56101773234006 2.99552875371307 3.97286904124212 
6.26953567282445 6.21249846868101 1.89645197115306 
0.954414315606634 2.36670368090711 6.31520126201258 
5.03019083876711 6.65076537472864 3.74241581307091 
4.72024253798844 5.94192531920682 0.533932920238104 
4.83881972743702 6.22148649220751 0.464473852670173 
4.8859245338883 1.08182156671137 0.333889208737643 
4.79510288182981 1.47104430826816 0.666695806099586 
0.784734063062113 0.183824255723567 5.72963233191371 
2.8335080166099 3.96285120788574 6.54170710991287 
3.38518974487684 3.73944973432275 6.78179117078224 
4.10236411805297 2.34320218210588 4.80216116145812 
3.8625115435354 2.56088060606861 4.95610224102396 
5.17660004496964 2.82575493211772 4.87501303496011 
5.03905075842354 2.5337271982229 4.72846628852705 
2.14736190354824 0.260380317509572 1.75864850831179 
2.22677969698148 0.1951567864831 1.57768270315277 
1.81384638217019 1.21631462733621 5.82376129528665 
4.65079493279128 1.87700235437711 5.25390340346798 
3.44055678306743 0.705147863794507 3.44765719663591 
3.6142870302984 0.556230440670275 3.84031456824551 
4.22332648075328 5.17046675796418 5.67792226601498 
4.29125199512975 4.49282864094121 5.63203422250043 
3.42311540212678 3.04540494123246 6.78054317317046 
3.53745520192347 2.17906020487846 1.65109721978777 
3.38614853159006 1.77677726085623 1.58229025913488 
1.05261312116234 6.5679611942761 6.17320005422146 
1.3855522613864 6.53543469860696 6.24378077561789 
2.51516830170774 2.58766473042362 3.45451649883291 
0.20453552320122 5.498359523434 3.49727940189387 
4.23140789264929 6.43774037155497 5.31657928240992 
3.95022256167467 6.57144627844866 5.66407236148286 
0.54887486368682 3.87473878687395 2.65993400927923 
2.2867501034827 3.10179105140652 4.0957626944049 
3.47657798010665 0.532972257524564 3.29178298817374 
3.68230255351114 0.239724748760233 3.54979016383477 
2.05054574516267 2.96857527111609 0.886752097701428 
1.88129764689463 3.1971767139123 1.08383637433563 
1.55414835883758 0.976375368578892 5.93317625519226 
0.26353490256152 4.88177904965881 4.01472520624656 
6.85190808766875 4.85537584815594 4.10653038357475 
5.42268921555104 3.80617547190744 4.24043756396932 
5.47693198830705 3.74627377182797 4.5383778965598 
6.74110395453284 1.78850312429895 3.19399188864772 
5.00781500852428 6.19752734846575 3.36278631058307 
5.13680680939762 6.61785301549816 3.60123273425952 
1.44484005962333 1.92666464452555 6.66296469458406 
1.36758734255933 1.83675236003922 6.22536488711683 
2.41488393407563 2.31948561965427 1.65364214112855 
4.41109509647885 1.59088009601071 5.08505890806831 
3.20132629751215 6.02573796233405 5.40848900677323 
3.5274440770667 5.98072934667341 5.56106814799553 
1.23328009070809 3.18402000383323 0.516891856735735 
1.25486532985607 3.312900228927 0.73632522708141 
4.38517829896125 4.12986347838089 2.39283335801726 
4.58961038484736 4.41436991253833 2.47580678729625 
1.76489976272926 1.39619113888085 5.29071553112809 
4.61607201954398 6.13299756025862 3.63102548814201 
4.64696368116578 6.35748384563346 3.85135859940215 
6.66060259390911 1.10505827844064 0.819421942316807 
2.83067921007051 3.80802740287117 4.14837956525994 
2.78572172665002 0.863790023353742 5.49615405366236 
2.57711400201424 1.13459861633265 5.62510272426961 
1.29824172583423 5.89530850258287 6.79328030139138 
2.93614741298701 1.7951420056067 1.4204065322469 
2.75560197074955 2.30310598069077 1.39658746899262 
3.9886559019892 5.46224518326156 6.39813643605593 
3.91442848494783 5.83338345698006 6.48227685380191 
6.33749980792177 0.890062039577571 3.65518065833361 
0.164031879602216 4.50008757359836 2.86647719446353 
6.71790206657819 1.98423174263054 3.56450751318521 
5.04914907679956 3.72868049986915 4.09304204215601 
4.71470674705254 3.53569381960542 4.37076440510099 
4.36526773708206 5.03345837314643 2.86217641960801 
4.31020119712438 5.36169937243652 2.51204667064626 
1.62143647802352 2.03842740734958 1.04377817924874 
1.66954233278225 1.53764486270215 1.09438937177103 
1.42783381962554 4.44667375965218 6.63269879017749 
3.04326963926892 1.053607090209 0.805791795154813 
3.50822154221403 1.16289291555808 0.845350778963466 
1.70577861943742 1.5303870630527 1.58871687027347 
3.2706601878462 1.84961207100831 6.87964667131352 
3.54971043971201 0.560199680726652 1.53734496674857 
3.73966732653817 1.00326200892094 1.10286483266637 
3.6536332093438 5.49905663510237 6.23908948890631 
3.66412168532735 5.82763057874868 6.34651420192519 
0.404202665054584 4.66845035018727 3.73177310352842 
1.47861382159525 4.09319552170173 0.71428646339374 
1.19637400904007 3.6290919464971 0.599027183321504 
6.55569940393263 0.944663408363481 0.864645766056418 
6.40241142750279 0.890409731486699 0.635785345050214 
1.82390998397376 1.16065933185208 5.51828441979769 
3.62943350357782 2.93989453398851 6.65516201519032 
5.37703694320926 4.37560462253326 4.2664180945667 
5.3621677571155 4.12639885362926 4.08199045799001 
0.487120660204853 3.71904643301702 3.76917433100887 
3.96171160045414 5.2871479952424 2.92512752846145 
3.95605471809999 5.42729935622314 2.7604414758968 
1.1658708946996 5.57182706427023 6.64850599661074 
0.675459425972817 4.42332549149619 3.85671676264695 
1.07039500288946 4.56386687618463 3.61264117670258 
5.27636112339387 1.41580899554066 6.43389027187198 
5.15580484228253 1.3320406535059 6.1552672840776 
2.98901248786637 2.24386510782833 0.422770740655548 
2.70437943692282 2.07291606045223 0.680903306474652 
4.0298062561552 2.91476032325456 2.28203375047929 
3.994366580117 2.76591194615921 2.33429340513693 
1.09202630198683 4.26030628879089 6.34384090564442 
1.20911855529896 3.93692621862768 6.23281731530019 
1.66620912830652 6.01681046590464 1.05040924812233 
1.58017187359037 5.80519000627902 1.39427930567689 
6.53830266452802 2.20589465417407 0.847204556139516 
6.44416386640188 2.0510694719256 0.42298171669794 
2.88078279317136 1.65084780030512 0.702181187578908 
3.20045013622058 1.90857820933592 0.383727120003788 
4.57343064946801 3.21359643133628 5.28237584837886 
4.23587460310806 3.07772916971779 5.34678970926047 
1.18583538592871 3.44000452640049 2.75721317674964 
0.9577495504133 3.35083900132178 2.27224977552715 
1.61763444195279 4.20018575048931 6.59480811195108 
1.41382186498688 3.88674212781117 6.30362734680784 
1.15324297865911 2.97512112032475 2.81818538468349 
0.959844340652062 2.83431000566882 2.38366994629233 
1.02992760054756 4.2080484288134 0.877856526586817 
0.857989519073149 3.97760086377629 0.802966327992232 
4.92620230285352 1.51014370962246 6.55821225012083 
4.80799105263925 1.41401005707933 6.26605443543771 
1.7026576117544 1.70141783168552 1.66863675489445 
1.65438037236745 2.13442727470618 1.35488851351838 
3.46493354762262 1.18836539307707 6.38241749056109 
3.04067988175233 1.4360374551626 6.64357927136092 
6.56240055466081 1.2258537658216 0.419158274143751 
6.4817225000114 1.15653388637511 0.376533827022928 
2.68261358337671 1.59110507983462 1.71422447479196 
4.33094701611339 2.09311253705338 2.33832656710682 
1.5431519888336 4.74606118424866 0.653138731754523 
3.33510319995507 0.907736868345371 2.1812290905025 
1.79647903790728 0.207382016565079 4.66398889430849 
3.03454493949093 1.06418011332317 2.19807223323019 
3.07099367556426 1.40370509304502 2.17535254288881 
3.77997840730666 5.70079132612791 0.656476235905224 
4.00912382692088 5.88061199784194 0.944839679254699 
1.12929455863555 0.47409997270801 5.45800544791169 
1.45719372807247 0.485792482394634 5.60580296887474 
5.62050766502746 0.899973303846723 3.34670957907498 
5.4337250524435 0.430804952471401 3.04732163835955 
4.74795689733034 3.21931242670753 5.77176410753613 
4.19184232998891 1.37694664675691 5.34602406904731 
1.47452930957897 0.820227165758804 5.63358547440552 
1.08391563526401 0.752515300042499 5.4483337834593 
4.08712905369839 2.36766628692256 2.08677953193748 
1.91989946051343 1.46022820205983 1.73896656431055 
2.45050422905521 1.25702701516889 1.56251137581448 
6.2352307117 5.26902000056675 0.756511877477463 
1.44180453086291 0.446756691120509 4.13690355138439 
1.46704419343617 0.541577131841422 4.38569926388487 
5.14458198125788 5.96330876976495 5.37563832661016 
5.05529081876121 6.29781266901106 4.90732000202961 
3.58348799966595 1.19082450017971 2.12301975490613 
3.385621493023 1.48814484884196 2.10547811449656 
0.636678031080938 2.36049047474512 3.85284694789255 
3.83981395104511 3.32317506258553 5.84763356742611 
1.83786794108744 4.22869653770306 0.75433680777825 
1.91012895738409 4.63832911984078 0.808709671403769 
4.56773732233618 3.11080784894525 5.88695047968826 
4.19704031394197 3.02673154708348 5.57490866100247 
1.90742744875008 6.38086900955808 5.5349059635265 
5.93355436521242 5.3771598715034 0.950599404994836 
3.21534452199591 0.726639984973207 3.4040148952066 
2.77019876890794 0.667752906335397 3.80716641542343 
5.03651305119015 2.09210569200137 2.36728397755713 
1.38141452326986 4.46428484538712 0.555379074312933 
1.55341593950975 4.19045623372927 0.608045746732976 
0.700201045933366 3.36813838722484 6.22549303490732 
1.88301866425807 1.01053549867637 2.03992276813563 
5.71496013874727 0.665655488692185 2.49656456938966 
2.52547221958513 0.255361020175244 3.5944212126638 
2.03077033320115 3.14081873461441 6.79602184713273 
1.90200669672892 3.11921923886036 6.79707026997449 
2.06334373388826 3.04832401750071 6.87699406977403 
1.92819730348717 2.99782882852853 6.90304443369843 
0.683751564356755 1.39349063517184 2.76106390907915 
0.812536381127625 1.07266996759993 2.76901682834187 
0.625230807258499 1.24209205628555 2.23822446781286 
0.799286181711779 0.903732483286251 2.43607452196679 
6.20162375113946 3.01596543431461 3.05792097123195 
3.89783967903802 2.15169821431683 6.58950859740448 
6.44607495035294 0.769673580954632 2.42995389612791 
4.66903329410844 1.97544249541729 2.11448542036975 
0.660237787149473 3.29429856850027 5.64058273791644 
0.772148300858789 2.97031757650124 5.55212924217914 
5.99191421066715 3.24832089367709 3.20738181690874 
4.9441528501294 3.52975648701039 0.545204708335269 
1.04314051834541 2.73450291380559 6.14085451046155 
0.800108690092786 3.23173328070911 6.37351375316636 
2.20410881708974 6.46201835345718 1.43409149082267 
2.18380820096406 2.7677639705692 3.50287441092129 
2.0689888299556 3.02061294398692 3.81909688516589 
0.527368684952846 1.9847809190658 6.04712243878442 
0.703622512590901 1.74896962523802 5.92895986856063 
1.6017526273445 6.04927278205732 1.50293709188156 
4.60286142162319 6.58389756130588 5.14566213322547 
1.37634336363709 0.875940021791623 2.73872940156517 
1.81341506255139 1.14178390126479 2.71747167504615 
3.74376855673322 1.78946931924026 6.8098716434855 
3.80141563669958 1.35451332882149 6.44983225222022 
5.89571194275763 0.947609461172366 2.54582815618661 
5.90631499078135 1.12234677270045 2.9415423595557 
5.40146025760834 2.98146812713155 3.19929381959125 
2.5779015727332 3.26198522345849 0.51643392099212 
2.52067825285898 3.1970797368405 0.782596863570343 
5.90475452091271 4.37483594822787 0.171056987088372 
5.78526130419247 4.05884277596917 0.522154064508425 
4.55709213340083 3.67384593484187 0.399292436476068 
2.72113536223628 6.34343325905387 5.70632216111962 
2.54109124691232 6.08792821231058 5.69909659701251 
2.61381129457728 6.48667597396496 5.57386382386873 
2.2966865477791 6.27012882592756 5.48907036388781 
6.72108522173459 1.33526905498403 4.15329209079088 
3.17231879998379 6.47560314117474 1.13047055167923 
5.17820742332155 2.75270039750346 2.78373881684571 
5.42464645408087 2.76093020970278 3.06690244253217 
1.61510183045485 0.402161881829122 1.7894225000205 
3.24591022802052 3.67738566313643 4.86384814414737 
3.61752530585905 3.18663505319598 6.41125631236774 
1.88731675312162 2.55414803920236 3.61335155608586 
1.7836836789054 2.77637557479716 3.89217740727092 
5.41864018039085 1.12468997316265 3.4840643733796 
6.58786083290325 1.36211062050869 3.98101437634389 
6.78125043030286 1.5136592011089 3.81989327374489 
5.38524372283012 1.06682258154885 4.03482012291845 
5.57208925589895 1.11088268283215 3.8026558797782 
2.33308155153282 2.03474216658838 2.42562219995993 
1.88890365526213 1.80988147239012 2.48249965748924 
0.650684874620881 3.85531925640857 4.51069060560746 
5.92331770815632 2.99960156815316 4.24977414755666 
3.41097030050974 3.27192681517791 6.56073841093087 
2.95442803756467 3.30543806385091 6.23396049229292 
2.60764691397311 3.71358186998928 0.568864407284296 
2.5232851634302 3.55577916515108 0.935655171083251 
1.03943302204728 3.61192629191696 4.58016799465045 
1.57069735468041 0.845335160589628 1.95175233846945 
1.2653922459156 0.727747410280792 2.37605665220798 
5.12078408759709 3.22539121183314 3.04393187152349 
4.98233354657347 3.09127616016055 2.81248340775341 
6.74908397241121 0.621324943774995 1.84769687460796 
3.41342405449061 1.58021397243439 5.43056049245864 
3.54371531871073 1.47699987931905 5.2020392101418 
2.98895464263279 6.2876656803708 0.807820554692381 
6.50256993528976 0.471162866693127 4.63727614600941 
6.11429336127593 0.502235880707113 4.77306949357764 
2.88784737397102 3.99951628273576 4.5858050117061 
2.59029378116441 3.96913653278101 4.80314167427472 
4.49166362324144 3.52860079000252 6.24142104772413 
4.18117453047292 3.85177780595433 6.24252135160866 
4.03192572382223 3.45498947231856 6.17979210880357 
4.39044289799816 3.35971453139383 6.22940481518223 
2.52465310047639 2.47223447755556 5.799822037591 
2.23685419116035 2.48990762832429 5.55460848991519 
5.28601095667273 3.40450637385873 5.94105045430874 
3.61552258398964 2.56104666391471 5.74174552119553 
2.35761953844768 2.49864419100059 5.99193683340518 
2.07482890077949 2.5122641702089 5.7377002996756 
5.52378907499162 3.6312628340113 5.79538236939712 
6.38372119314758 0.296460321497887 4.39172399659906 
6.00419179165691 0.341986432575367 4.55513674196523 
1.91665120539736 1.64025274890377 1.82267169330991 
2.35281092922456 1.88798167395713 1.87101999500061 
3.45172878806047 2.49789273360496 5.61710770526635 
3.04514985076656 2.85149868046691 5.60391679432634 
5.78884129532543 3.18824323411551 4.64050195040254 
5.795382495178 3.55371795898483 4.54024060764605 
4.61942459028596 2.11937590175526 1.76216561234784 
4.79917527712528 2.3886395084974 1.61944758207089 
6.00880044014012 4.21905268760335 6.19598392437728 
6.22958821829796 3.86890629970409 5.96526112489348 
3.5324643721592 4.13110635545792 2.16417553119489 
4.96451969693104 1.0515020215855 3.48076969286978 
4.89310541925709 1.04613058389486 3.7538046401314 
1.15993942073936 5.2427855983005 3.5566449099722 
3.56848434918402 3.12337826295598 5.97002728178955 
3.19288583887582 3.22268456565347 5.84648040008004 
0.777105431614072 1.85438239737705 0.724311188385946 
0.72105062881417 1.73747513615655 0.296487133118145 
0.903739943483413 1.77097138112728 0.280292851936985 
0.965032429825657 1.87377943750397 0.676741636541101 
6.67184834985559 0.420882189298427 1.94347389495121 
5.77366775669794 2.41788778328399 6.19612442853422 
5.97870438013562 2.87520227851867 6.36155242146231 
5.33392557229002 3.62018988407529 6.49647742926919 
4.30924033095947 2.34424488047237 1.70902689123584 
4.43973657195541 2.56553217293606 1.60698518338 
3.27732834763552 5.19417673539792 6.3323972257316 
2.93889483812033 5.29707651127425 6.64542760239598 
1.48360193820381 0.651517136299075 3.00462663717074 
1.06274780670375 0.695403346206194 3.52445045253505 
3.30944236030043 4.88065571032633 6.53166412895225 
3.03651838951043 4.98321633884767 6.77707946119551 
0.956180336456676 2.88081738166315 0.486474389481712 
0.391629971948852 6.00950291582071 2.73080443173885 
0.439374174074239 5.26389778565109 3.69749704702649 
0.818069625741311 5.49612207487027 3.75853435038537 
5.44562711092419 3.44876480946139 6.13878707208105 
5.62352011682988 3.65469108736986 5.94249924594577 
5.4529091299033 2.64669803100293 6.30292517894562 
5.64175791521108 2.98467225059499 6.41409292287279 
4.24913044629478 6.62563579359856 5.88964961526191 
0.482445099433969 4.65343277052853 4.9398097097047 
0.725860626159227 4.80743069684099 4.73006353906695 
0.471589705954129 6.18594427332292 2.92972126724933 
1.57143219548549 0.842769445505485 3.79930324413892 
0.390511078521661 4.52695634154211 4.70778015069019 
0.569703034997653 4.63321354569433 4.52169389289972 
5.56553681207433 4.23588525164184 4.79086205651691 
5.57057553160015 3.98515711191423 4.81890379458749 
1.21493621308615 2.45868934985941 0.391949019468961 
1.10435581276133 2.17363842688835 0.759954151379867 
3.34137517917628 4.42141699350477 2.0646434109035 
6.34202694370187 4.20588130875236 1.17098829512728 
6.12525358406106 3.81300954180092 0.984834575651903 
6.12721181999752 4.35146791871122 1.05048309110168 
5.89456312356989 4.05202086632008 0.872322968926254 
0.808019618383705 5.85864589226009 2.40881356432013 
1.0361260104631 6.02643368586553 2.52268412916635 
0.978300923956136 1.51717069069849 3.7641800322781 
1.35314790137042 1.43942616596315 3.86342110061253 
1.37971839689737 1.53439360615225 4.18154636196788 
3.71816079461591 4.59169810501566 1.67511428247106 
3.69840322087117 4.60084261263047 1.58351320570421 
4.32012517562493 6.2100025252611 6.36806794094904 
4.68950009810297 6.00617922345623 6.25823964002473 
0.5815569991439 1.42087849377844 1.8267727209555 
6.80966868539672 1.40624417339547 3.30355328860316 
0.29429212000423 2.71258284738261 2.23570534068315 
0.204166070833219 2.59776137546953 1.93871444694268 
0.469624095654249 1.49646173579465 1.20486521949785 
0.644151479534002 1.26524069889772 1.48005091015757 
6.50919042217891 1.05397661527572 3.21187934166032 
5.99088771103992 5.3332587585069 0.228535116677318 
2.90681258774513 3.01772751857378 5.18507200866077 
6.17409813195078 5.26550611736204 0.297674499569046 
0.288241671031931 1.81904870459363 1.33969455290802 
0.312300256732112 1.86565796646062 1.61727310947072 
0.774997753737505 2.5346919861208 1.35161157835275 
0.674734267933042 2.86919560509034 1.16157801632251 
4.56695457152297 6.57377686037501 5.69555322024921 
4.51557533503792 6.45618114715576 5.41222813941132 
0.738932565156881 2.41408406570545 1.00948666077195 
0.655472429397925 2.73761267407341 0.907462437447044 
2.37215580776908 2.89592034797787 5.10988634024788 
2.19139053525483 3.2048002530976 5.11393984301924 
2.67794413403978 3.67728905253716 5.19903552922072 
2.97601050227648 3.53081324034997 5.21232749695988 
6.17058901103108 3.34722879636045 3.85718161724484 
6.17978573645259 3.6005900704744 3.93911398298302 
5.9139192890599 3.25423612224171 4.04890586582068 
5.87092620574588 3.52639486735636 4.18721281512684 
6.17299959444272 5.79156354113655 1.56603695815497 
5.97856753241958 5.70567870353943 1.53953893970364 
6.04224399026266 0.320067100659098 2.34395371733466 
1.48112170952266 6.51598030058468 1.03638181495158 
5.21381168230033 2.57165267168923 1.7910067939519 
5.37827205515431 2.47428334836256 2.05363224748446 
6.01452450225064 5.7564629332767 1.28110561698472 
2.72536413346845 0.670786293387755 1.26335477216165 
3.30700225734121 0.517743534753505 1.59733339973228 
1.68263784648699 6.22775051584721 1.14873009296722 
1.96268572517961 6.4194000676022 1.08946753337437 
6.44676544180826 0.468914581386969 2.34966415309941 
5.31847926965621 2.92290930243161 1.98706894623488 
5.43935916387352 2.71347289314841 2.17972413473125 
2.11547925714776 2.64933008378059 2.50724203581524 
2.06467658000606 2.91615431963707 2.88629670824239 
4.22749175756026 3.11952354639734 1.19810717252246 
3.58848496235093 3.38078360887328 1.3047745568851 
3.88072537156223 3.14232669114557 1.02579744497716 
4.83539093027541 6.22992986624763 5.86658219565377 
4.82964904254448 6.05378160334877 5.5870948440159 
5.31855733481939 5.78357113726322 2.96274719256488 
5.53890315856289 5.79217085348441 2.77869322252079 
1.64071868020107 2.49360820490014 2.61468367596362 
1.61291780596327 2.68045529508856 2.88723012246466 
5.23779293397602 5.54785679580806 2.84068364344288 
5.42835085365485 5.53891769989415 2.66741367790191 
3.72640805911987 5.4176274324377 0.715553375200257 
3.90763631204905 5.32590673249848 1.10960871346413 
3.94162919487152 5.04586154700166 0.390344332766432 
6.31613150717943 3.06891455275354 2.85752735911236 
6.34874536848926 3.52479866818353 2.63609550850704 
6.50795854730901 5.6167988706756 1.7974723232913 
6.47729848752032 5.30388358911302 1.97421165811425 
2.61317232449134 4.49899721586751 2.09729787910069 
2.83242470854111 4.30447027536227 1.93563818526919 
2.41833939920788 4.61535593173746 1.66684363580972 
3.03169457118122 4.47159534029114 1.28770837401454 
2.72283267300128 4.3444288908691 1.58667729622921 
4.49084629781219 3.61167507924458 1.63877771530913 
2.3616959574233 4.95912496402305 1.52531708478248 
4.2117636130475 3.26323690503214 1.53784790708978 
3.73693012061088 3.44676812231445 1.56952166454456 
3.31935757227667 3.24316692125118 2.05310773932301 
2.52668149788868 4.4328357647851 3.0068244461526 
3.07582151869699 4.40021306681504 3.09059026776612 
4.59109594728561 5.60458085255352 1.25433257090283 
3.05430052537957 3.10237258297779 1.82731867184689 
2.70671344530186 3.37161610313947 1.90311597104432 
3.21542356759936 3.46158283434578 2.22008773498225 
2.80668539194636 3.56764215312281 2.13696883502233 
1.91149156831849 4.15502729765411 1.33154231405023 
2.09926275735818 4.58514611715588 1.58405438002384 
4.10560099875586 5.66251596408671 1.21197126100721 
4.0118605242127 5.79007020090722 1.58069060159906 
2.89649039127672 3.94666267386421 3.33357060649769 
2.63148149632842 3.95639160999773 3.29110921089928 
1.64566983082717 4.39181935320328 1.970417025584 
1.53390130674851 4.12855396637481 1.75365597922896 
4.24862190399886 4.52406685967366 1.1314787109399 
4.20120995527937 4.37713412697758 0.754952810231095 
5.88606074379969 6.40606760466346 2.47235543788217 
5.85763508965581 6.41475677296978 2.2321254205198 
5.60686098857723 6.27000133110861 2.4925638310357 
5.58980368640774 6.28535373763008 2.24310321647183 
4.33050175195978 4.73940338708407 1.01053358803407 
4.30594325133128 4.65623427495945 0.715632758375424 
3.70889047042231 5.36091190495682 2.67350836751633 
3.35548400025812 5.62043207342569 2.58117550075132 
5.55541168431413 4.47940704091988 6.14650660157599 
5.47204383608782 4.36454681174301 6.47986943154551 
5.61755542264277 4.16803937546579 6.456665152328 
5.70777331413335 4.19233195255107 6.22598785635525 
4.88281711283135 5.40103465977147 1.92159945740784 
4.43642769631509 5.45916370720738 2.21798497083895 
4.67068687958784 5.73970434244825 1.63245667250957 
4.36636918947462 5.82249423594862 1.80965013922326 
5.79119049554681 5.8964007265497 6.54165482823065 
3.54225021504445 5.23272293279616 2.25444114693575 
3.31161303004245 5.43302538909657 2.23408309198817 
2.90347870198744 4.82860965041832 1.06756374795564 
2.55874237965634 5.06300062449856 1.20587850918925 
6.00586598304681 6.03748515725821 6.04543689684257 
6.0761446783507 5.65494198176897 5.93810705909204 
2.84951136680672 5.3979935164668 1.20252733342159 
3.13731616260915 5.212397893313 1.09302055735381 
5.59925853331021 5.30049625892156 6.5705620371588 
5.65341106863854 5.09057116789861 6.21035270584572 
5.84168256148965 5.4694405307937 6.55747670545345 
5.98005152123409 5.35464492229972 6.25193854198452 
0.83740604532337 5.45279204733639 2.41577727040818 
1.27395539552877 5.22623941589843 2.66550234995118 
0.349035591563109 2.46713946264411 2.73646765705567 
0.334483729903163 2.10708244236806 2.94159229638771 
0.272128043523144 5.11286655480911 2.87561151208558 
0.387681412402093 2.66401433231482 3.22610025385043 
0.375706472560556 2.43451807591013 3.37622474690633 
6.33963941552529 4.80297900002401 2.97416742185577 
6.57731552244548 4.45894600743289 2.84767997538369 
6.194260826981 4.62576472072066 3.44445312077716 
0.455836552986797 4.86714380998005 3.07779313586984 
0.906430759447793 4.84002731371388 3.04880144610147 
0.544689284324597 4.91037943112781 3.49524595933725 
0.913824684231408 4.87707078262368 3.42672414358983 
6.07473842180334 4.05868483130887 3.45341707419925 
6.58744304519945 4.26263253598349 3.02972784575044 
6.36013692101947 4.32015326134775 3.42219651743962 
5.97448766519466 3.68872903119599 3.01158688623352 
6.23866453247659 3.72514986068212 2.70600019476347 
0.865645641531792 6.27357009035931 2.87416097000997 
1.4855553725933 5.78874455038004 3.04917077751703 
1.05849802233151 6.17681865872504 3.17728306860003 
1.27453436178819 6.54328802504103 3.34413927208449 
6.67537287980916 2.9390261520427 3.59478658711491 
6.69767292164954 2.68067625561178 3.74686385819225 
6.65205622247826 2.82880485018273 3.99153891366272 
6.62642038219471 3.0809462353654 3.84788538992078 
5.95641791930169 1.75857041134111 6.69256476821252 
6.11636843103146 1.92408824947701 6.49249551411399 
5.67280000575392 1.84804421012101 6.53296002836332 
5.85760947644347 2.02115902908349 6.30920643890171 
6.40307852561811 0.494431596812013 3.78777964941362 
6.51752369881058 0.44481868844631 3.931091271458 
5.20241136387261 2.19352099910254 6.88810802133487 
4.9547722077487 2.12076633490831 6.88719039125517 
5.13875710357393 2.40835878046539 6.82435163951954 
4.86404100933458 2.34799351687726 6.82663401123471 
4.28952327085458 1.52986791020995 5.93816565049126 
4.06548401643144 2.00489372554716 6.14071653012149 
4.01642696929001 1.65084420568589 6.04287425797842 
4.69793595460594 1.91353307107008 5.65381467287859 
4.52528180136269 2.23258187455446 5.8761337071254 
4.52032517554226 1.72913518033301 5.97490922840056 
4.4196531484318 2.04186092802452 6.09100462987966 
1.39974012813604 4.63634066931826 2.5614586076909 
1.65927973526165 4.41554443312144 2.70366105160002 
1.09950953127371 4.4777308301065 2.82165866760015 
1.33613320263545 4.20714261085583 3.00863750050598 
1.89336827468974 3.7484960886864 3.83880455251053 
2.05864513033482 3.67037153451644 3.8157689231514 
1.79749320740028 3.60495182520617 3.72489614158279 
1.97626033669786 3.51576906921311 3.69860720132977 
2.83883701541178 1.76003901651907 4.32842705602688 
2.9202562539373 1.88490139962905 4.01438186271801 
2.5922889374598 1.12370706469265 4.35676614911925 
2.54741276805881 1.00403428276875 3.84385429540217 
2.72276422846 1.69718981022477 4.28947927056488 
2.84097765785798 0.914179756776634 2.61443281116723 
2.54656207402463 0.340354256374556 2.71527117562989 
2.48451132877093 0.741004585714195 2.55473187992672 
2.7643557394693 1.80176542926021 3.94708806071163 
2.71452558494434 1.44267724173445 3.56141355797091 
2.41606652674474 1.61889474055024 3.30136355215745 
2.39843386199394 2.03826026266223 3.59562447283716 
1.84452885937273 0.755814151847588 3.1106972317403 
1.87916739115718 0.837357711370609 3.5784741560792 
3.07372357192211 2.43002931356667 3.92919105559291 
3.02315881368407 2.69983582075724 4.24460343525518 
2.19436746271276 0.288457248476146 3.06216804333612 
2.3296826874643 0.258459384174261 3.52986300112528 
2.91578844345362 2.6910281425578 3.7239945532348 
2.87480434890718 2.91029213087066 4.01848350504334 
2.47479208834048 1.60073157125963 3.03784924665347 
2.60657949967111 1.93053784280007 2.72767959740411 
2.92695861598682 1.68858231928187 2.69637059021912 
2.80728285839618 1.44134494685197 2.94393138692053 
3.2422097358763 0.518496064645364 3.20885018244726 
3.02435207939845 0.242845294801152 3.20003343069128 
3.13706739959341 0.512639413957658 2.83602503232536 
2.9649223887535 0.284561565836127 2.85118076288091 
1.90757545139242 6.20232824769908 3.36641469963915 
1.7728000897679 6.44949117547227 3.43093791326117 
2.08717790161134 6.301611880208 3.28102203165497 
2.55686168775003 0.538743711573487 1.2476900025144 
0.789573404888955 1.08421217097518 4.88572262685495 
0.899673728969188 1.31254671811742 4.81700493929585 
1.11851729209315 1.18646853322699 4.84419203634231 
0.966402389863176 0.981826779789671 4.91550454272494 
1.87702402101731 6.23985001923546 2.07446781639928 
1.95007380997502 6.14601765138691 1.85552653349322 
2.08527320703917 6.00480417169803 1.96916693349796 
2.01273153276952 6.10242845766628 2.18639537623581 
0.509994333154079 3.55001901852862 4.2387592758653 
0.853671982040305 3.29580518737167 4.27685806544438 
0.831061917778575 3.03185500345467 4.35314910540036 
0.813466713795728 1.60198935672409 4.49515180841846 
0.976822993772465 1.70851619257095 4.2972357728788 
0.629830921368377 1.60444104299096 4.24649842124142 
0.821825927875803 1.70345938664384 4.1257536405017 
2.81842966325503 3.8887344343164 0.478468336169233 
3.36449478481144 3.6510992957193 0.181496256427372 
3.64646254998219 3.8351391001877 0.450343402150064 
3.10383910985113 4.11155036158551 0.722474133732012 
3.52148338793574 4.01414049099106 0.640253186351773 
3.12021060278509 4.0642180638928 0.960136503541909 
3.44373631887308 3.97585716413986 0.991280687321215 
4.17401835718971 4.1832812589616 1.84455922139154 
3.87724437491488 4.16982738816654 1.79192756291898 
4.22145139964893 4.37726758215261 1.74585736212896 
3.86086465965261 4.446453397329 1.64024638013099 
POLYGONS 1599 9799
4 541 617 1661 1353 
4 1 476 1352 1083 
6 0 415 1324 1353 1661 1662 
5 1 476 831 1294 1292 
4 387 594 856 1612 
5 568 707 387 1612 1610 
6 387 594 1210 1214 1215 707 
5 568 926 1010 814 1610 
5 1010 1011 1349 1355 814 
6 814 1355 1655 856 1612 1610 
5 1210 1214 1011 1349 1654 
5 2 1623 1624 1634 1637 
6 1098 1099 722 1636 1637 2 
6 956 1098 2 1623 1622 1615 
5 3 402 883 1032 866 
7 866 1032 1143 1625 1624 1634 1635 
5 3 722 1636 1635 866 
4 956 957 1628 1615 
6 401 882 1632 1628 957 886 
6 401 402 3 722 1099 886 
6 1615 1622 1625 1143 1632 1628 
5 8 7 1497 1493 739 
6 8 739 1159 1172 4 789 
5 4 5 1211 1212 789 
5 9 438 854 853 464 
5 4 5 439 6 1172 
6 438 439 5 1211 1188 9 
6 853 854 6 1172 1159 409 
5 409 853 464 1497 1493 
5 8 7 1189 1212 789 
4 438 439 6 854 
4 409 1159 739 1493 
6 9 464 1497 7 1189 1188 
5 417 418 1383 13 714 
4 12 418 1383 1375 
5 417 714 11 1362 1361 
6 12 1375 10 1603 1605 1600 
6 417 418 12 1600 1601 1361 
6 10 1077 1079 1133 1602 1603 
6 10 1077 1127 13 1383 1375 
5 14 1126 1079 1133 1164 
6 11 14 1126 1127 13 714 
5 11 14 1164 1262 1362 
5 15 458 606 1216 1217 
5 17 391 15 1217 1241 
5 19 18 16 1121 655 
5 20 22 1232 1236 21 
6 487 640 1448 23 1237 1233 
5 22 1147 487 1233 1232 
6 1236 1237 23 1564 1567 21 
4 28 718 446 1516 
4 519 520 27 1517 
7 24 25 27 1517 1516 446 447 
5 24 447 719 30 1044 
6 26 25 24 1044 1540 1539 
4 26 25 27 520 
6 552 553 28 1516 1517 519 
6 519 520 26 1539 1550 552 
6 29 30 719 718 28 553 
5 552 553 29 1551 1550 
5 29 30 1044 1540 1551 
6 33 523 623 622 775 774 
5 31 32 622 775 443 
5 33 494 604 442 774 
5 494 495 522 523 33 
5 34 38 35 39 846 
4 34 38 611 1369 
5 846 847 1368 1369 34 
6 35 39 1542 1541 37 585 
5 38 35 585 944 611 
6 846 847 1404 1543 1542 39 
6 847 1368 36 1374 1417 1404 
5 1112 1113 1378 1374 36 
7 611 944 1069 1112 36 1368 1369 
5 37 585 944 1069 1068 
7 37 1068 1113 1378 1418 1544 1541 
6 1497 1498 903 1545 1546 7 
6 711 903 1498 1494 1535 1536 
5 643 711 903 1545 1547 
5 43 44 643 711 1536 
6 42 41 8 7 1546 1548 
5 40 43 1536 1535 740 
5 44 42 1548 1547 643 
5 41 8 739 740 40 
5 41 40 43 44 42 
5 519 552 1432 1391 743 
6 26 520 1094 1021 1188 1211 
5 552 1432 1442 440 1550 
6 743 1095 1169 1668 1669 1391 
6 440 654 1016 1670 1671 1442 
6 440 654 1189 1212 1539 1550 
4 1211 1212 1539 26 
6 46 1144 1415 1574 1572 1566 
5 45 390 1155 1100 1082 
5 48 1154 1201 1574 1415 
6 45 47 927 1569 1571 1082 
6 50 49 1435 662 1268 1282 
5 49 51 52 1433 1435 
5 50 49 51 979 980 
5 50 980 1473 1478 1282 
5 53 45 1082 54 408 
5 45 47 793 410 53 
5 53 408 853 409 410 
4 56 55 1569 927 
6 55 57 465 58 1571 1569 
6 55 57 1498 1494 794 56 
5 793 794 56 927 47 
6 54 58 465 464 853 408 
4 54 58 1571 1082 
6 409 410 793 794 1494 1493 
5 464 465 57 1498 1497 
6 59 60 1345 1346 1020 1019 
6 61 60 1345 1393 532 64 
4 1020 1259 1342 1346 
4 62 63 1118 1160 
6 66 67 1244 913 773 421 
5 65 795 935 912 1177 
4 68 70 764 1475 
5 69 71 580 579 72 
6 71 580 767 768 651 650 
6 75 79 76 73 742 741 
4 75 741 1046 1045 
4 76 73 80 77 
5 80 73 742 506 505 
6 78 506 742 741 1046 958 
6 75 79 534 877 994 1045 
5 77 80 505 466 74 
5 78 441 466 505 506 
5 441 466 74 533 730 
6 77 74 533 534 79 76 
6 78 441 730 876 993 958 
5 873 1144 46 1414 1424 
5 549 1438 1581 1583 1582 
5 46 1414 1437 1562 1566 
5 873 874 1583 1581 1424 
6 81 1024 1563 1573 1575 1394 
4 81 1024 549 1582 
6 81 1394 1416 874 1583 1582 
5 83 87 86 84 85 
6 88 87 83 1030 1563 1562 
4 85 83 1030 1606 
5 1108 1184 1572 1573 1608 
6 84 85 1606 1608 1108 89 
5 1030 1563 1573 1608 1606 
5 86 84 89 82 91 
5 91 82 1001 1000 90 
5 82 89 1108 1184 1001 
5 90 88 1562 1566 1000 
5 87 86 91 90 88 
5 411 459 951 892 636 
5 892 893 1227 1226 951 
5 935 936 1065 1066 912 
5 913 1244 1320 1601 1361 
6 12 394 943 936 1065 418 
5 912 913 1361 417 1066 
4 12 394 1301 1600 
5 92 794 1494 1535 1533 
6 62 93 410 409 1159 1160 
6 647 648 907 1360 1009 96 
6 96 647 94 1022 1174 1204 
5 95 97 460 1450 1451 
6 99 444 626 1303 1249 760 
6 494 604 728 1140 1274 1273 
5 670 759 1274 1140 1139 
7 98 470 442 774 597 1387 1405 
4 597 626 1303 1387 
5 33 444 626 597 774 
4 442 470 728 604 
5 98 470 728 1140 1139 
5 670 1139 98 1405 1265 
5 759 760 1249 1265 670 
5 759 760 99 1273 1274 
5 33 444 99 1273 494 
7 650 651 1645 101 706 705 100 
5 681 706 101 1479 1193 
6 1402 1419 1597 1595 1591 1592 
4 102 451 892 636 
6 455 456 1411 1407 1199 1181 
5 103 104 724 1499 1255 
5 509 899 1501 1499 1255 
4 509 840 1256 1255 
6 571 572 105 1256 840 839 
6 1255 1256 105 1334 1363 103 
5 107 106 1399 1400 1050 
5 560 753 828 1161 1106 
5 108 898 1430 1431 1190 
6 108 829 941 705 1191 1190 
5 100 107 1050 1191 705 
5 109 112 453 916 757 
5 109 70 764 110 112 
6 111 68 70 109 757 872 
5 687 688 928 1225 1315 
6 453 688 928 697 871 916 
5 697 700 1224 1225 928 
6 110 687 1315 1481 1475 764 
5 524 871 916 757 872 
5 110 112 453 688 687 
7 111 68 1475 1481 1224 700 699 
4 111 699 524 872 
5 699 700 697 871 524 
4 114 816 1656 837 
5 113 498 389 1657 1658 
6 113 114 837 1275 1660 1658 
5 113 114 816 115 498 
5 115 498 389 731 732 
4 117 118 399 1523 
5 117 116 972 1354 118 
6 117 116 1510 1508 1524 1523 
4 679 830 693 1278 
6 118 399 1277 541 1353 1354 
6 541 617 694 693 1278 1277 
5 426 694 617 1661 1664 
5 426 1552 1509 1666 1664 
5 116 972 1666 1509 1510 
4 1508 1512 680 1524 
5 907 1302 1483 1401 1360 
5 1302 1321 1290 1474 1483 
6 96 1009 1056 985 1013 1012 
4 647 648 905 599 
5 96 647 599 1006 1012 
6 119 771 905 599 1006 1007 
5 119 529 1290 1321 771 
5 119 529 569 120 1007 
6 648 905 771 1321 1302 907 
5 1006 1007 120 1013 1012 
5 529 569 984 1474 1290 
5 120 569 984 985 1013 
6 984 985 1056 1401 1483 1474 
6 38 35 121 455 456 125 
4 121 35 585 586 
6 38 125 702 701 901 611 
5 121 455 1181 480 586 
4 125 456 1411 702 
6 122 124 1407 1411 702 701 
5 123 124 122 1096 1097 
5 122 701 901 1071 1096 
6 123 1097 1136 480 1181 1199 
4 123 124 1407 1199 
6 585 586 480 1136 1137 944 
5 396 875 1145 1040 1090 
5 1145 1146 930 1166 1040 
5 126 542 472 1089 995 
6 127 126 995 1165 653 749 
5 395 396 1090 1089 472 
5 929 930 1166 1165 653 
4 1019 1020 1183 1593 
5 1020 1183 1452 1322 1259 
4 1078 1116 1472 1504 
4 128 66 421 575 
5 653 929 605 949 1329 
5 546 631 839 571 690 
5 16 18 129 32 31 
6 930 1146 1421 1444 1182 1200 
5 131 130 966 1038 133 
5 796 797 800 133 1038 
4 132 614 982 1085 
5 421 575 797 796 773 
7 773 796 1038 966 982 1085 1176 
6 138 137 134 503 141 748 
5 134 135 1094 1095 503 
5 137 134 135 848 139 
5 140 136 138 748 1527 
6 27 520 1094 135 848 894 
4 136 139 137 138 
5 140 136 139 848 894 
4 141 503 1095 743 
5 140 894 27 1517 1527 
6 141 743 519 1517 1527 748 
6 142 143 613 458 15 624 
5 391 392 940 624 15 
6 4 144 511 603 1173 1172 
4 4 144 790 789 
4 146 527 147 581 
5 41 8 789 790 725 
5 145 147 527 887 618 
5 146 148 531 887 527 
5 150 152 801 802 151 
5 150 152 536 149 716 
5 151 150 716 628 154 
6 155 154 151 802 1015 971 
5 488 537 684 1025 709 
5 149 153 488 537 536 
6 536 537 684 845 801 152 
5 149 153 629 628 716 
6 153 488 709 710 156 629 
5 155 154 628 629 156 
6 155 156 710 1026 970 971 
4 158 157 162 161 
5 161 160 1390 1389 158 
4 159 393 769 513 
5 163 165 1519 902 1041 
5 163 164 1490 1489 165 
6 98 167 164 163 1041 1139 
6 429 430 477 902 1519 1515 
5 165 1489 1514 1515 1519 
6 1091 1220 429 1515 1514 1513 
5 1091 1406 166 1488 1513 
5 167 164 1490 1488 166 
5 430 477 670 1265 1221 
5 167 166 1406 1405 98 
6 171 168 86 84 959 1238 
5 1202 1238 171 1286 1287 
5 168 86 87 173 169 
6 399 1202 1238 959 1530 1523 
4 399 1202 1287 1277 
6 170 173 169 1250 1278 679 
5 168 169 1250 1286 171 
5 84 85 1529 1530 959 
6 85 83 172 680 1524 1529 
4 172 170 679 680 
5 172 170 173 87 83 
4 174 673 1122 1105 
5 1216 1240 1596 1595 1591 
5 574 656 920 659 660 
5 151 154 791 558 507 
5 176 175 150 151 507 
5 73 717 609 933 742 
5 175 150 716 717 609 
5 80 73 717 716 628 
5 505 506 178 558 791 
5 80 505 791 154 628 
5 178 177 176 507 558 
5 177 176 175 609 933 
5 178 177 933 742 506 
6 179 181 1217 1241 1604 1602 
5 180 183 1262 1599 544 
4 182 179 1602 1133 
6 182 179 181 535 639 810 
5 183 834 910 1164 1262 
5 182 810 910 1164 1133 
6 180 183 834 770 940 392 
5 391 392 180 544 17 
5 181 535 624 15 1217 
5 17 544 1599 1604 1241 
5 56 794 92 1062 1061 
6 26 25 1046 1045 5 1211 
5 24 25 1046 741 934 
6 75 184 144 4 5 1045 
6 75 184 799 798 934 741 
6 184 144 790 500 785 799 
5 786 798 934 24 1044 
6 789 790 500 1540 1539 1212 
5 785 786 1044 1540 500 
4 34 38 125 619 
6 641 901 611 1369 1370 1276 
6 185 186 641 901 701 475 
5 186 641 1276 1395 1396 
6 125 619 1125 1124 474 702 
5 474 475 185 1083 1124 
5 185 186 1396 1352 1083 
7 34 619 1125 1351 1339 1370 1369 
5 554 909 1621 1619 1253 
5 187 1251 1253 1619 1640 
7 101 554 1253 1251 189 1480 1479 
4 189 188 187 1251 
6 101 554 909 1130 1131 1645 
5 190 53 408 735 657 
6 192 190 657 981 754 481 
5 192 190 53 410 93 
5 193 191 754 981 996 
5 734 735 657 981 996 
6 63 481 754 191 1173 1118 
5 193 191 1173 1172 6 
5 62 93 192 481 63 
5 193 6 854 734 996 
6 195 682 878 685 1235 1042 
5 195 196 194 1043 1042 
6 185 196 195 682 1 1083 
4 185 196 194 475 
5 1 682 878 1293 1292 
6 474 475 194 1043 961 197 
6 198 199 855 824 932 1033 
5 1020 1183 1343 1057 1346 
5 384 823 1364 1379 1594 
5 823 932 1033 1365 1364 
6 59 1019 1593 1594 1379 1380 
6 59 60 198 1033 1365 1380 
5 199 855 1057 1346 1345 
4 198 199 1345 60 
6 384 1333 1343 1183 1593 1594 
6 200 201 1250 169 697 700 
6 671 672 412 1434 1436 587 
7 412 483 1063 931 52 1433 1434 
5 205 202 671 587 577 
5 202 203 584 672 671 
5 205 202 203 207 206 
4 483 583 1064 1063 
6 207 203 584 583 1064 938 
5 412 483 583 584 672 
6 49 51 204 206 205 577 
5 49 577 587 1436 1435 
5 51 204 937 931 52 
5 206 207 938 937 204 
5 209 213 215 214 208 
7 208 209 210 211 1469 1471 1386 
5 214 208 1386 1385 212 
5 214 212 645 518 215 
6 637 645 212 1385 1350 1111 
5 99 216 963 967 760 
5 962 1098 2 1283 1134 
6 216 217 1149 1134 962 963 
5 1253 1254 1636 1637 1619 
5 722 759 1274 1254 1636 
5 217 187 1640 1638 1149 
6 217 187 1251 1273 99 216 
6 2 1283 1638 1640 1619 1637 
5 219 413 551 393 769 
5 218 219 413 414 1213 
6 413 414 861 1192 1222 551 
4 67 849 1320 1244 
5 559 681 1193 1194 729 
4 559 681 942 1228 
5 637 638 896 895 1111 
4 664 895 1111 1350 
4 212 222 1128 1385 
6 463 664 1350 1385 1128 1129 
5 221 222 212 645 646 
6 223 220 221 646 638 896 
5 220 221 222 1128 1129 
5 223 463 664 895 896 
4 223 220 1129 463 
4 230 229 750 528 
6 227 230 528 844 998 999 
5 228 750 528 844 843 
6 224 225 1029 1123 1257 1264 
6 225 226 229 230 227 1029 
4 224 225 226 491 
6 226 229 750 228 490 491 
5 843 844 998 1004 1005 
5 228 490 1153 1005 843 
4 227 999 1123 1029 
6 490 491 224 1264 1263 1153 
6 998 999 1123 1257 1258 1004 
5 77 80 628 629 566 
6 76 77 566 565 1165 995 
5 653 1165 565 1330 1329 
6 76 73 717 744 126 995 
7 149 153 1332 1331 749 127 745 
4 127 126 744 745 
6 565 566 629 153 1332 1330 
5 716 717 744 745 149 
5 609 625 841 744 717 
5 175 609 625 1644 1642 
6 175 150 152 991 1643 1642 
5 687 818 1650 1651 1315 
5 767 768 1131 1130 1337 
5 231 656 574 1247 1205 
5 96 1012 231 1205 1204 
5 599 647 94 989 954 
5 951 989 94 1022 1226 
6 451 508 954 989 951 892 
5 451 508 921 920 659 
5 508 921 1006 599 954 
6 231 656 920 921 1006 1012 
6 574 660 893 1227 1246 1247 
5 772 833 864 232 906 
5 771 772 833 1322 1321 
6 92 1062 1078 1116 1534 1533 
4 88 462 1437 1562 
5 233 235 105 1334 1023 
5 234 233 235 236 726 
5 189 188 582 522 495 
4 189 495 1197 1480 
5 236 235 105 572 422 
5 238 237 239 835 836 
5 418 1065 1372 1384 1383 
6 476 1352 1396 1384 1372 1376 
5 936 988 1376 1372 1065 
6 12 394 1207 1339 1395 1375 
6 557 832 1138 1207 394 943 
5 476 831 561 988 1376 
5 557 561 988 936 943 
6 244 240 600 601 1428 1208 
4 240 600 1053 997 
5 244 240 997 996 734 
6 242 241 658 657 735 545 
4 241 243 489 658 
5 242 241 243 601 1428 
6 243 489 1054 1053 600 601 
4 242 545 1208 1428 
5 734 735 545 1208 244 
7 442 443 1122 1105 419 471 470 
5 16 31 443 1122 1121 
6 53 45 390 246 247 190 
5 192 190 247 245 248 
4 249 133 131 1135 
7 531 532 880 249 1135 1150 148 
5 249 133 800 576 880 
5 250 64 532 880 576 
5 472 473 511 603 395 
4 255 254 918 804 
7 254 256 23 1564 1565 252 918 
5 252 251 253 804 918 
6 255 804 253 851 1496 1495 
5 251 253 851 852 635 
5 252 251 635 1568 1565 
5 851 852 21 1236 1496 
5 254 256 1084 1495 255 
5 635 852 21 1567 1568 
4 256 23 1237 1084 
5 135 257 397 1021 1094 
4 9 397 1021 1188 
4 5 439 994 1045 
5 9 397 257 695 438 
5 25 27 894 958 1046 
5 135 257 695 897 848 
6 218 258 632 633 1178 1213 
5 728 729 559 1179 1140 
6 1179 1180 675 1219 1228 559 
5 416 859 675 1219 1218 
5 98 167 777 471 470 
4 167 164 776 777 
5 163 164 776 416 859 
5 675 859 163 1041 1180 
7 776 777 471 1092 1229 1218 416 
5 264 260 263 908 812 
7 263 259 388 387 1612 1613 908 
5 262 437 568 1610 1611 
5 592 593 1607 718 28 
6 259 261 593 1607 1609 388 
4 387 388 1609 707 
4 263 259 261 260 
7 437 446 718 1607 1609 707 568 
6 812 908 1613 1611 262 1528 
5 264 260 261 593 592 
6 28 592 264 812 1528 1516 
5 262 437 446 1516 1528 
6 265 709 1025 806 1141 1142 
4 265 709 488 1281 
5 107 71 580 266 1050 
5 106 751 461 1398 1399 
5 69 71 107 106 751 
6 97 72 69 751 461 460 
5 95 579 580 266 1451 
5 460 461 1398 1397 1450 
6 266 1050 1400 1397 1450 1451 
4 95 97 72 579 
6 139 703 761 755 897 848 
5 434 755 761 267 826 
5 268 267 761 703 704 
5 78 269 140 894 958 
5 140 136 784 1175 269 
6 136 139 703 704 783 784 
5 268 642 1338 783 704 
6 441 730 825 642 1338 1366 
5 78 269 1175 1366 441 
5 268 267 826 825 642 
5 434 755 897 993 876 
4 827 1186 1156 1209 
5 973 1114 615 1358 1323 
5 615 616 385 939 1358 
5 270 385 616 827 1209 
6 270 1209 1156 1471 1469 1576 
5 1306 1323 973 1470 1468 
6 973 1114 1186 1156 1471 1470 
5 1306 1323 1358 939 1579 
5 270 385 939 1579 1576 
6 424 425 974 1605 1600 1301 
5 271 419 1105 174 555 
6 542 543 842 841 744 126 
5 609 625 798 934 933 
6 75 184 473 472 1089 79 
5 184 473 543 842 799 
4 79 76 995 1089 
5 120 622 775 598 1007 
6 597 598 1007 119 627 626 
5 444 445 272 523 33 
5 272 523 623 570 530 
6 272 445 627 119 529 530 
5 569 570 623 622 120 
6 273 386 1453 1455 663 1326 
6 158 157 274 1561 1559 765 
5 158 765 1541 1544 1389 
5 275 808 1478 1282 1049 
5 276 50 49 577 578 
5 276 578 567 608 607 
4 662 663 1455 1268 
5 273 386 608 567 423 
5 273 423 588 1327 1326 
4 587 588 1327 1436 
5 276 50 1282 1049 607 
5 607 608 386 1453 1049 
6 662 663 1326 1327 1436 1435 
5 1076 1132 1153 490 1162 
5 65 795 1107 1076 1132 
5 909 1289 1318 762 1621 
5 1317 1318 762 1626 1409 
5 1620 1621 762 1626 1630 
5 277 279 179 181 278 
5 277 279 516 1419 1402 
4 278 277 1402 1592 
6 181 278 1592 1591 1216 1217 
4 517 974 1605 1603 
6 516 517 974 1598 1597 1419 
6 279 179 1602 1603 517 516 
5 431 432 275 1049 607 
5 607 608 280 1119 431 
6 281 720 1223 282 1288 1304 
5 159 393 551 721 468 
5 281 283 468 721 720 
5 685 686 282 1223 1235 
5 467 562 858 1109 1367 
5 562 792 1010 814 858 
6 262 269 78 506 178 437 
5 178 437 568 926 558 
6 466 467 562 792 791 505 
5 262 269 1175 1110 1611 
6 284 733 1037 1586 1585 1300 
5 733 864 1158 1185 1037 
6 525 526 284 733 864 232 
4 284 526 1502 1300 
5 923 924 285 961 197 
5 201 435 693 1278 1250 
5 285 861 1192 1234 961 
5 104 724 1557 1556 747 
5 286 435 693 830 746 
5 723 724 1557 1552 426 
4 540 708 633 1178 
5 287 200 700 1224 620 
4 288 1397 1450 1456 
5 258 632 1141 806 807 
7 293 780 1091 1406 1388 1476 1484 
6 289 290 1476 1484 584 672 
5 478 479 671 672 289 
5 291 448 1511 1513 1488 
5 292 290 289 478 556 
4 292 290 1476 1388 
5 291 448 202 671 479 
4 780 1091 1513 1511 
4 293 203 584 1484 
6 478 479 291 1488 166 556 
6 293 203 202 448 1511 780 
5 166 556 292 1388 1406 
5 143 550 947 884 613 
5 547 1051 1148 1110 1109 
5 783 784 1633 1629 295 
6 295 296 1454 1467 1338 783 
5 547 1109 1367 1466 1465 
5 296 294 630 1464 1454 
6 294 630 1051 1148 1633 1629 
5 630 1051 547 1465 1464 
4 296 294 1629 295 
5 1110 1148 1633 784 1175 
5 466 467 406 676 74 
6 196 194 406 467 1367 1466 
6 194 406 676 122 701 475 
5 185 196 1466 1467 186 
5 641 642 1338 1467 186 
5 533 730 825 1071 1096 
5 74 533 1096 122 676 
5 641 642 825 1071 901 
6 299 297 634 300 492 493 
4 301 300 634 1115 
5 299 297 667 666 298 
6 297 634 1115 1114 615 667 
5 666 667 615 1358 1359 
6 298 303 1070 1335 1359 666 
5 299 298 303 302 493 
5 665 973 1323 1336 1102 
5 301 300 492 1036 1035 
6 1035 1036 304 1103 1102 665 
6 665 973 1114 1115 301 1035 
5 302 303 1070 1103 304 
5 302 304 1036 492 493 
6 118 399 1202 1203 1168 1152 
5 1151 1152 118 1354 1325 
6 440 654 1546 1548 1526 819 
6 758 1443 820 1500 1537 1531 
5 449 1531 758 1671 1670 
4 1442 1443 758 1671 
5 305 449 1670 1016 510 
5 305 306 1537 1531 449 
6 306 915 1518 1525 1500 1537 
5 819 820 1500 1525 1526 
5 305 306 915 922 510 
5 1283 1284 1617 1623 2 
5 307 308 956 1098 962 
6 249 133 1038 1039 308 307 
5 307 249 1135 1134 962 
5 308 956 1615 1614 1039 
5 130 966 1616 1617 1284 
6 131 130 1284 1283 1134 1135 
5 490 491 1314 309 1162 
5 309 310 1117 1313 1314 
5 309 310 828 1161 1162 
5 313 1067 1410 1425 1269 
6 237 239 965 312 591 815 
7 312 591 1410 1425 311 1440 1439 
7 239 835 1646 1647 1657 1659 965 
4 591 815 1067 1410 
5 311 457 986 1441 1440 
5 312 965 1659 1660 1439 
5 311 457 1270 1269 1425 
6 313 238 836 811 1270 1269 
5 313 238 237 815 1067 
6 457 986 1648 1649 811 1270 
5 463 1035 301 1080 1129 
6 398 610 1128 1385 1386 1157 
5 664 665 973 1470 1350 
6 398 610 1080 301 1115 1187 
4 780 781 787 293 
5 207 203 293 787 788 
5 205 305 449 448 202 
5 205 206 314 510 305 
5 314 510 1016 1170 677 
5 780 781 1169 1668 1511 
5 206 314 677 788 207 
6 787 788 677 1170 1169 781 
5 888 1074 1093 1008 1445 
4 480 586 1074 888 
6 509 840 1119 280 900 899 
6 480 888 1445 1444 1182 1181 
5 315 316 776 164 1490 
6 1489 1490 315 1663 1665 1667 
5 165 972 1666 1667 1489 
5 0 316 315 1663 1662 
6 163 165 972 1354 1325 859 
5 0 316 776 416 415 
4 317 398 610 1230 
5 36 1112 317 1230 1261 
4 318 1261 36 1374 
5 214 208 1429 1113 1378 
6 317 398 1157 1429 1113 1112 
6 318 222 1128 610 1230 1261 
6 318 222 212 214 1378 1374 
4 1157 1386 208 1429 
4 107 71 650 100 
5 319 215 213 160 1390 
5 319 320 321 518 215 
5 286 287 200 201 435 
4 170 173 928 1225 
4 169 173 928 697 
7 170 679 830 746 620 1224 1225 
4 286 287 620 746 
6 314 323 57 465 678 677 
4 323 57 55 322 
5 58 270 385 678 465 
5 58 270 1576 1578 1571 
6 207 788 939 1579 1580 938 
6 322 55 1569 1570 937 204 
5 937 938 1580 1577 1570 
5 314 323 322 204 206 
6 714 715 862 649 1066 417 
4 496 649 862 698 
5 294 630 698 862 715 
5 296 13 1383 1384 1454 
5 296 294 715 714 13 
5 1372 1373 1464 1454 1384 
5 496 698 630 1464 1373 
5 103 104 747 975 1363 
5 1499 1500 820 1557 724 
5 1255 1256 1525 1500 1499 
5 235 105 1256 1525 1526 
6 233 235 1526 819 436 405 
5 233 405 696 976 1023 
6 696 727 1556 747 975 976 
5 288 1397 1400 1431 1462 
6 400 692 1305 1308 1117 1313 
4 324 497 1026 970 
5 325 496 649 326 1171 
5 325 496 1373 1377 573 
5 65 1132 1206 1086 1177 
6 326 649 1066 912 1177 1086 
6 573 1076 1107 988 1376 1377 
6 325 573 1076 1132 1206 1171 
4 326 1086 1206 1171 
6 560 561 831 1294 1295 753 
6 1 476 1376 1377 779 682 
7 753 828 310 879 878 1293 1295 
5 309 310 879 778 327 
5 309 327 573 1076 1162 
5 327 573 1377 779 778 
4 329 389 1657 1647 
5 538 539 824 932 1017 
5 329 330 328 731 389 
5 330 331 1646 1647 329 
4 51 204 322 979 
6 276 50 980 904 922 915 
5 323 322 979 980 904 
5 314 323 904 922 510 
4 276 578 306 915 
5 305 306 578 577 205 
5 251 635 1275 1660 1439 
6 252 251 1439 312 427 428 
4 763 1003 1624 1634 
6 763 805 1348 1347 1635 1634 
6 1347 1348 255 1495 1486 867 
4 804 805 1348 255 
5 253 851 1340 1104 1002 
6 1072 1311 1340 851 1496 1487 
6 804 805 763 1003 1002 253 
6 866 867 1486 1487 1072 1032 
7 325 496 698 891 113 498 499 
6 325 499 329 1647 1648 1171 
5 890 891 113 1658 1441 
5 332 863 890 1441 986 
5 326 332 986 1648 1171 
4 329 389 498 499 
5 326 332 863 862 649 
5 535 639 198 1033 1034 
4 535 624 142 1034 
6 61 60 198 639 770 333 
5 334 489 243 766 1075 
6 334 383 889 888 1074 1075 
5 243 601 1068 37 766 
6 336 600 1053 335 1136 1137 
4 334 383 1054 489 
4 336 1069 944 1137 
5 888 889 335 1136 480 
5 383 889 335 1053 1054 
6 585 586 1074 1075 766 37 
5 600 601 1068 1069 336 
5 303 1070 1285 1303 1249 
5 298 303 1249 1265 1221 
5 337 666 298 1221 1220 
5 337 666 1359 787 781 
6 293 787 1359 1335 1485 1484 
5 780 781 337 1220 1091 
4 153 488 1281 1332 
5 132 614 1252 977 978 
5 44 338 521 809 643 
6 643 711 1473 1478 808 809 
5 589 590 266 1451 1446 
6 266 580 767 1337 1356 590 
4 339 343 342 341 
6 246 343 339 1081 1155 390 
6 971 1015 48 1154 1427 1423 
6 340 324 970 971 1423 1422 
6 141 503 337 1220 429 512 
5 337 503 1095 1169 781 
4 429 512 1521 1515 
5 141 512 1521 1391 743 
5 1514 1515 1521 1391 1669 
5 714 715 1614 1039 11 
5 773 796 1362 1361 913 
5 1038 1039 11 1362 796 
5 332 863 1618 1616 983 
6 326 332 983 982 1085 1086 
5 862 863 1618 1614 715 
5 452 652 917 344 689 
5 411 412 483 482 459 
7 335 868 1040 1145 1461 1492 889 
4 335 868 1097 1136 
5 868 1040 1166 123 1097 
5 930 1166 123 1199 1200 
6 319 320 1403 1420 1417 1418 
5 1389 1390 319 1418 1544 
6 1630 1631 1291 1639 1641 1620 
5 712 786 798 625 1644 
5 675 738 108 829 1219 
5 108 738 1151 1059 898 
5 675 738 1151 1325 859 
5 811 821 977 1252 1270 
5 345 801 152 991 992 
5 311 857 1003 1002 1440 
6 311 457 983 1616 1617 857 
5 890 1104 1002 1440 1441 
4 457 983 332 986 
6 863 890 1104 1625 1622 1618 
5 857 1003 1624 1623 1617 
6 138 137 297 299 401 882 
5 297 137 139 703 634 
6 136 138 882 1632 1633 784 
4 346 295 783 704 
7 346 347 612 957 1628 1629 295 
6 300 347 346 704 703 634 
4 299 401 886 493 
4 300 347 612 492 
5 284 733 952 1102 1336 
5 284 1300 1306 1323 1336 
6 895 1058 1037 1586 1587 1111 
6 664 665 1102 952 1058 895 
4 733 952 1058 1037 
6 348 420 964 803 605 949 
5 350 720 1223 1235 1042 
5 564 778 879 1308 1305 
6 281 752 817 564 1305 1304 
4 282 686 1309 1288 
4 195 682 779 860 
6 778 779 860 548 817 564 
6 350 349 548 860 195 1042 
5 350 349 752 281 720 
4 349 548 817 752 
4 353 354 968 865 
5 352 353 865 351 504 
6 260 263 1487 1486 661 469 
6 263 259 1232 1236 1496 1487 
5 351 469 661 968 865 
6 661 968 354 1084 1495 1486 
6 259 261 504 352 1233 1232 
6 353 354 1084 1237 1233 352 
5 260 261 504 351 469 
6 840 1119 431 1518 1525 1256 
5 431 607 276 915 1518 
5 899 900 355 1538 1501 
5 355 567 608 280 900 
6 355 567 578 306 1537 1538 
6 405 436 1551 1540 500 501 
5 29 433 727 436 1551 
7 405 501 450 713 1653 1652 696 
5 358 357 356 1652 1653 
5 356 433 727 696 1652 
4 712 713 1653 358 
6 30 357 358 712 786 1044 
5 357 356 433 29 30 
4 500 501 450 785 
5 328 400 692 732 731 
6 538 539 638 646 454 1087 
5 321 454 646 645 518 
6 358 549 1582 1642 1644 712 
5 24 447 177 933 934 
7 81 176 177 447 719 1031 1024 
5 176 175 1642 1582 81 
4 30 357 1031 719 
5 358 357 1031 1024 549 
6 256 23 1448 1449 359 403 
6 359 403 668 589 1446 1457 
6 254 668 589 1298 1296 918 
4 252 428 1296 918 
4 254 256 403 668 
4 311 857 1627 1425 
6 1284 1291 1631 1627 857 1617 
6 982 983 457 1270 1252 614 
6 290 508 954 955 1477 1476 
5 292 290 508 921 674 
5 626 627 360 1285 1303 
5 598 674 921 1006 1007 
5 360 627 119 771 772 
6 360 772 906 955 1477 1285 
6 597 598 674 292 1388 1387 
6 529 530 145 618 1260 1290 
5 801 802 1416 874 345 
5 802 1015 48 1415 1416 
5 257 397 678 385 616 
6 135 257 616 615 667 134 
5 134 503 337 666 667 
5 1008 1027 822 1491 1445 
5 232 525 683 955 906 
6 309 327 499 329 330 1314 
5 328 330 1314 1313 400 
6 498 499 327 778 564 115 
5 115 564 1305 692 732 
4 310 879 1308 1117 
5 362 361 315 1663 602 
4 363 362 361 1328 
6 364 193 6 439 994 877 
6 193 191 396 1090 869 364 
4 184 144 511 473 
5 79 534 869 1090 1089 
4 534 869 364 877 
5 395 396 191 1173 603 
5 159 468 1422 340 513 
5 339 366 365 367 1081 
5 339 341 162 161 366 
4 365 209 210 367 
6 366 365 209 213 160 161 
5 283 468 1422 1426 502 
5 458 606 1073 884 613 
5 947 948 1088 1018 550 
5 142 143 550 1018 1034 
5 948 1088 278 1592 1590 
6 181 278 1088 1018 1034 535 
5 590 1195 1266 1289 1356 
5 266 590 1195 1191 1050 
5 554 909 1289 1266 1267 
4 651 768 1131 1645 
4 101 554 1267 706 
6 705 706 1267 1266 1195 1191 
5 696 976 1310 1651 1652 
7 356 172 170 1225 1315 1651 1652 
5 356 172 680 1512 433 
6 217 146 581 582 188 187 
5 216 217 146 527 368 
5 216 368 445 444 99 
5 272 147 527 368 445 
6 272 147 581 582 522 523 
5 494 495 189 1251 1273 
5 240 434 826 336 600 
5 601 1068 1113 1429 1428 
6 317 267 826 336 1069 1112 
5 317 267 761 1187 398 
5 244 240 434 755 756 
5 244 756 827 1209 1208 
5 880 881 369 1393 532 
5 369 370 371 1392 1393 
6 369 370 963 962 307 881 
5 216 368 371 370 963 
5 146 148 1150 1149 217 
4 307 249 880 881 
5 368 371 1392 887 527 
5 406 407 563 562 467 
5 374 373 1048 407 563 
6 373 156 629 566 1047 1048 
5 77 74 676 1047 566 
5 372 374 563 562 792 
5 372 155 156 373 374 
5 155 154 791 792 372 
5 758 1443 1509 1666 1667 
5 1507 1510 116 1520 1522 
5 165 972 116 1520 1519 
6 1489 1514 1669 1671 758 1667 
5 514 515 231 1012 1013 
4 938 1064 1503 1580 
5 375 452 689 640 487 
5 375 89 1108 1147 487 
5 19 515 231 656 655 
5 19 18 129 514 515 
6 129 32 622 120 1013 514 
6 673 674 598 775 443 1122 
6 1456 1457 359 1458 1462 288 
6 344 917 1459 1458 359 1449 
5 178 177 447 446 437 
5 262 269 140 1527 1528 
5 407 563 350 1042 1043 
4 406 407 1043 194 
4 547 548 860 1465 
5 195 196 1466 1465 860 
5 350 349 858 562 563 
5 547 548 349 858 1109 
4 275 432 809 808 
5 903 904 980 1473 711 
6 431 432 809 643 1547 1518 
4 903 904 922 1545 
6 376 247 245 782 595 596 
6 343 342 644 1555 596 376 
4 343 376 247 246 
6 377 355 1538 1532 362 363 
4 362 602 1055 1532 
5 1110 1148 1312 1613 1611 
5 138 748 813 883 882 
6 812 813 883 1032 1072 908 
4 28 553 1506 592 
6 592 593 1529 1524 1508 1506 
6 357 356 172 83 1030 1031 
5 85 1529 593 1607 1606 
6 29 433 1512 1508 1506 553 
6 1266 1289 1318 805 1348 1381 
4 1297 1299 1357 1317 
6 255 254 668 1242 1381 1348 
7 804 805 1318 1317 1297 1296 918 
6 1190 1243 404 1458 1462 1431 
5 354 404 1243 969 968 
5 108 738 969 1243 1190 
6 353 354 404 1458 1459 484 
5 353 484 1168 1152 865 
5 898 1059 1167 1413 1430 
6 1167 1168 484 1459 1463 1413 
6 58 270 1209 1208 545 54 
6 438 695 756 244 734 854 
5 9 397 678 465 464 
5 257 616 827 756 695 
4 54 408 735 545 
5 338 521 546 690 691 
4 661 914 867 1486 
5 403 404 354 1084 256 
5 867 914 1163 1382 1347 
6 969 1163 1382 1381 1242 1243 
6 358 549 1438 818 1650 1653 
6 372 792 1010 1011 1427 1423 
5 151 507 1394 1416 802 
4 372 155 971 1423 
6 507 558 926 1215 1575 1394 
5 1154 1201 1214 1011 1427 
6 173 87 88 462 688 928 
4 765 766 37 1541 
4 765 766 1075 1559 
4 377 355 567 423 
5 361 291 479 1307 1328 
7 362 361 291 448 449 1531 1532 
6 377 363 1328 1307 588 423 
5 587 588 1307 479 671 
6 868 869 364 997 1053 335 
6 240 434 876 877 364 997 
5 825 826 336 1137 1071 
6 533 534 869 868 1097 1096 
5 552 553 1506 1507 1432 
4 141 512 813 748 
6 812 813 512 1521 1522 264 
5 264 592 1506 1507 1522 
6 838 856 1612 1613 1312 1341 
5 349 752 1355 814 858 
5 837 838 1341 1052 114 
7 547 548 817 816 114 1052 1051 
4 248 245 782 987 
4 364 193 996 997 
5 371 885 953 1342 1392 
5 833 953 1342 1259 1322 
5 360 772 833 953 885 
6 368 371 885 360 627 445 
4 272 147 145 530 
4 312 427 669 591 
5 211 1101 1578 1576 1469 
7 365 242 545 54 1082 1100 367 
6 365 209 208 1429 1428 242 
5 210 367 1100 1101 211 
4 403 404 1458 359 
4 234 233 405 501 
5 436 819 440 1550 1551 
5 42 41 725 726 236 
5 236 42 1548 1526 235 
4 7 1189 654 1546 
6 500 501 234 726 725 790 
5 351 117 118 1152 865 
5 351 117 1523 1530 504 
5 484 925 1239 1203 1168 
5 352 353 484 925 960 
5 352 504 1530 959 960 
5 375 452 652 925 960 
5 375 89 84 959 960 
6 707 1215 1575 1573 1608 1609 
6 22 388 1609 1608 1108 1147 
5 20 22 388 387 594 
5 1011 1349 502 1426 1427 
4 367 1081 1155 1100 
6 591 669 1297 1317 1409 1410 
6 320 321 454 277 1402 1403 
5 318 222 221 279 516 
5 279 221 646 454 277 
5 215 214 1378 1418 319 
6 318 516 1419 1420 1417 1374 
4 297 137 134 667 
5 285 924 950 945 946 
6 285 946 1048 407 1043 961 
6 197 474 702 1411 1412 923 
5 122 124 919 1047 676 
6 124 919 945 950 1408 1407 
6 167 166 556 555 271 777 
4 271 419 471 777 
6 555 556 292 674 673 174 
5 278 277 454 1087 1088 
5 1253 1254 1248 1267 554 
5 1140 1179 1248 1254 1274 
6 559 681 706 1267 1248 1179 
6 521 546 631 1120 432 809 
6 236 42 44 338 691 422 
6 20 21 852 838 856 594 
4 263 908 1072 1487 
5 851 852 838 1341 1340 
4 259 388 22 1232 
5 220 182 179 279 221 
6 220 182 1133 1079 1080 1129 
4 10 1077 1231 1280 
5 1279 1280 10 1603 517 
5 516 517 1279 1261 318 
6 334 596 1555 1561 1559 1075 
5 334 383 1271 595 596 
4 383 889 1492 1271 
6 822 870 595 1271 1492 1491 
5 289 290 508 451 102 
6 426 723 1060 1055 1665 1664 
4 602 1055 1665 1663 
5 180 183 797 575 128 
5 183 797 800 576 834 
4 875 1145 1461 1316 
5 333 250 576 834 770 
6 1248 1254 1636 1635 1347 1382 
5 3 477 670 759 722 
6 3 477 902 914 867 866 
5 302 303 1249 760 967 
5 370 304 1103 885 371 
5 302 304 370 963 967 
5 360 885 1103 1070 1285 
5 330 331 224 491 1314 
5 1017 1018 1088 1087 538 
6 284 526 850 1485 1335 1336 
5 683 850 1485 1477 955 
4 525 526 850 683 
5 820 1443 1509 1552 1557 
6 736 737 369 1393 1345 199 
5 223 736 199 855 896 
6 223 463 1035 1036 737 736 
5 369 370 304 1036 737 
6 952 953 1342 1346 1057 1058 
6 425 485 1371 1279 517 974 
5 36 1261 1279 1371 1368 
5 796 797 183 1262 1362 
5 378 308 307 881 911 
5 378 308 1039 11 14 
5 378 14 1164 910 911 
5 323 57 1498 903 904 
6 322 55 56 1061 1505 979 
5 198 199 736 810 639 
4 250 64 61 333 
4 369 737 911 881 
5 218 258 807 497 219 
6 340 324 497 219 769 513 
6 342 341 162 157 274 644 
5 675 738 969 1163 1180 
6 492 612 378 911 737 1036 
5 220 182 810 736 223 
6 300 347 1126 1079 1080 301 
5 378 14 1126 347 612 
5 378 308 956 957 612 
5 302 493 886 1099 967 
6 299 298 1221 430 402 401 
6 429 430 402 883 813 512 
6 595 782 987 1028 1272 1271 
5 334 489 658 376 596 
5 248 192 481 1028 987 
4 481 754 1272 1028 
5 376 247 190 657 658 
5 375 487 1233 352 960 
5 261 504 1530 1529 593 
4 81 176 507 1394 
5 345 874 1583 1584 992 
5 251 253 1002 1440 1439 
4 762 763 805 1318 
5 361 291 1488 1490 315 
7 132 978 1258 1263 1206 1086 1085 
5 811 821 1257 1264 1649 
6 762 763 1634 1637 1619 1621 
6 346 704 268 1231 1077 1127 
5 317 267 268 1231 1230 
4 346 347 1126 1127 
6 289 102 636 411 412 672 
5 640 689 344 1449 1448 
5 652 917 1459 484 925 
6 294 715 1614 1615 1628 1629 
5 296 13 1127 346 295 
6 381 379 414 1213 1178 540 
6 380 413 219 497 1026 710 
5 265 381 540 708 1142 
4 379 380 413 414 
6 381 379 380 710 709 265 
6 890 891 1052 1341 1340 1104 
4 115 564 817 816 
6 281 283 502 1349 1355 752 
6 123 124 919 565 1165 1166 
6 372 374 721 468 1422 1423 
5 350 563 374 721 720 
4 325 499 327 573 
5 331 224 1264 1649 1646 
5 424 486 1207 394 1301 
5 10 1280 1276 1395 1375 
6 469 661 914 902 1519 1520 
5 351 117 116 1520 469 
5 264 260 469 1520 1522 
6 339 343 376 658 241 366 
4 274 644 1555 1561 
7 158 161 366 241 243 766 765 
6 128 66 67 849 544 180 
6 482 483 583 850 683 990 
4 242 241 366 365 
5 565 919 945 382 1330 
5 382 348 420 950 945 
5 382 348 949 1329 1330 
6 583 850 526 1502 1503 1064 
5 837 838 852 635 1275 
4 113 114 1052 891 
6 641 642 268 1231 1280 1276 
5 186 1396 1384 1454 1467 
6 779 860 1465 1464 1373 1377 
5 539 638 896 855 824 
6 191 396 875 1316 1272 754 
4 373 156 710 380 
6 373 380 413 551 721 374 
5 373 380 379 946 1048 
5 379 414 861 285 946 
4 3 402 430 477 
5 381 382 945 946 379 
6 265 381 382 1330 1332 1281 
4 866 867 1347 1635 
5 734 735 408 853 854 
6 754 981 1054 383 1271 1272 
5 384 823 932 824 1333 
5 1190 1191 1050 1400 1431 
5 677 678 385 939 788 
4 610 1080 1129 1128 
5 679 680 1512 1553 830 
6 589 590 1356 1357 1299 1298 
5 394 943 1196 1319 1301 
5 677 678 397 1021 1170 
6 755 756 827 1186 1187 761 
5 634 703 761 1187 1115 
5 1156 1157 398 1187 1186 
7 679 680 1524 1523 399 1277 1278 
5 746 747 1556 1553 830 
5 1391 1432 1507 1522 1521 
4 401 402 883 882 
5 403 404 1243 1242 668 
5 589 590 1195 1242 668 
4 405 436 727 696 
6 485 486 1207 1339 1370 1371 
5 406 407 1048 1047 676 
5 415 416 859 1325 1324 
4 417 418 1065 1066 
4 420 950 1408 964 
5 571 572 422 691 690 
6 423 567 578 577 587 588 
5 912 913 1244 1245 935 
4 424 425 485 486 
5 975 976 1310 1482 621 
6 693 694 426 1552 1553 830 
5 427 428 1296 1297 669 
4 429 430 1221 1220 
4 431 432 1120 1119 
5 433 727 1556 1553 1512 
5 825 826 434 876 730 
4 755 756 695 897 
6 436 727 1556 1557 820 819 
6 438 439 994 993 897 695 
6 655 656 920 673 1122 1121 
5 819 820 1443 1442 440 
5 466 467 1367 1366 441 
4 442 443 775 774 
4 444 445 627 626 
5 923 924 950 1408 1412 
4 446 447 719 718 
5 448 449 1670 1668 1511 
5 630 698 891 1052 1051 
5 1070 1285 1477 1485 1335 
5 712 713 450 785 786 
5 659 660 893 892 451 
5 620 621 975 747 746 
5 459 482 990 989 951 
5 605 803 1200 930 929 
5 606 1073 1589 1591 1216 
5 544 849 1320 1601 1599 
6 687 688 462 1437 1438 818 
4 664 665 1035 463 
5 492 493 886 957 612 
5 470 471 1092 729 728 
6 833 864 1158 1447 1452 1322 
4 472 473 543 542 
4 474 475 701 702 
6 831 832 1138 1351 1352 476 
5 477 670 1139 1041 902 
5 759 760 967 1099 722 
5 728 729 1194 1198 604 
5 657 658 489 1054 981 
5 620 621 1482 1481 1224 
6 1472 1473 711 1536 1534 1116 
5 739 740 1535 1494 1493 
6 718 719 1031 1030 1606 1607 
5 494 495 1197 1198 604 
6 496 649 1066 1065 1372 1373 
5 806 807 497 1026 1025 
6 510 922 1545 1546 654 1016 
5 833 864 733 952 953 
4 1195 1242 1381 1266 
5 519 520 1094 1095 743 
6 762 763 1003 857 1627 1626 
4 529 530 570 569 
5 531 532 1393 1392 887 
5 533 534 877 876 730 
5 535 624 940 770 639 
5 1143 1311 1340 1104 1625 
4 557 561 831 832 
5 935 936 988 1107 795 
6 549 1024 1563 1562 1437 1438 
5 720 721 551 1222 1223 
5 639 770 834 910 810 
5 791 792 1010 926 558 
5 559 729 1092 1229 1228 
5 560 561 988 1107 1106 
6 618 887 1392 1342 1259 1260 
4 565 566 1047 919 
4 568 707 1215 926 
6 576 834 910 911 881 880 
4 1156 1157 1386 1471 
5 583 584 1484 1485 850 
5 594 856 1655 1654 1210 
5 595 596 1555 1554 870 
5 935 936 943 1196 1245 
4 597 598 775 774 
5 905 906 955 954 599 
6 1079 1080 610 1230 1231 1077 
4 1134 1149 1638 1283 
5 611 901 1071 1137 944 
6 685 686 1309 1308 879 878 
5 615 616 827 1186 1114 
6 1531 1532 1055 1665 1667 758 
5 824 855 1057 1343 1333 
5 798 799 842 841 625 
5 839 840 1119 1120 631 
5 632 633 708 1142 1141 
4 637 638 646 645 
4 1077 1079 1126 1127 
4 653 749 1331 1329 
6 654 1016 1170 1021 1188 1189 
5 888 889 1492 1491 1445 
5 661 914 1163 969 968 
5 1300 1306 1468 1588 1585 
4 673 674 921 920 
5 705 706 681 942 941 
5 778 779 682 878 879 
5 954 955 683 990 989 
6 684 845 1014 970 1026 1025 
5 941 942 1228 1219 829 
4 868 869 1090 1040 
5 862 863 890 891 698 
4 709 710 1026 1025 
5 723 724 1499 1501 1060 
5 1004 1005 1153 1263 1258 
5 736 737 911 910 810 
6 968 969 738 1151 1152 865 
4 741 742 933 934 
5 812 813 748 1527 1528 
6 816 817 752 1355 1655 1656 
5 882 883 1032 1143 1632 
4 771 772 906 905 
5 912 913 773 1176 1177 
5 909 1130 1337 1356 1289 
5 783 784 1175 1366 1338 
4 785 786 798 799 
5 787 788 939 1358 1359 
5 1051 1052 1341 1312 1148 
5 801 802 1015 1014 845 
6 803 964 1408 1407 1199 1200 
5 835 836 811 1649 1646 
7 1240 1241 1604 1605 974 1598 1596 
4 982 983 1616 966 
6 814 858 1109 1110 1611 1610 
4 1276 1370 1339 1395 
5 977 978 1258 1257 821 
5 822 870 1554 1549 1027 
5 1000 1001 1184 1572 1566 
6 1353 1354 972 1666 1664 1661 
5 837 838 856 1655 1656 
5 848 894 958 993 897 
5 895 896 855 1057 1058 
5 873 874 1416 1415 1144 
5 908 1072 1311 1312 1613 
4 876 877 994 993 
6 947 948 1590 1589 1073 884 
5 952 953 885 1103 1102 
5 956 957 886 1099 1098 
5 902 914 1163 1180 1041 
5 915 922 1545 1547 1518 
4 991 992 1584 1643 
5 945 946 1048 1047 919 
5 959 960 925 1239 1238 
5 1010 1011 1214 1215 926 
5 975 976 1023 1334 1363 
5 937 938 1064 1063 931 
5 1017 1018 1034 1033 932 
5 993 994 1045 1046 958 
5 1042 1043 961 1234 1235 
5 962 963 967 1099 1098 
6 1038 1039 1614 1618 1616 966 
4 970 971 1015 1014 
6 979 980 1473 1472 1504 1505 
5 996 997 1053 1054 981 
6 986 1441 1658 1657 1647 1648 
6 1089 1090 1040 1166 1165 995 
5 1002 1003 1624 1625 1104 
6 1008 1027 1549 1560 1558 1093 
4 1009 1056 1401 1360 
5 1169 1170 1016 1670 1668 
5 1094 1095 1169 1170 1021 
4 1030 1031 1024 1563 
5 1022 1174 1246 1227 1226 
4 1032 1072 1311 1143 
6 1057 1058 1037 1185 1344 1343 
5 1139 1140 1179 1180 1041 
5 1049 1282 1268 1455 1453 
5 1055 1060 1501 1538 1532 
5 1151 1152 1168 1167 1059 
5 1061 1062 1078 1504 1505 
4 1068 1069 1112 1113 
5 1102 1103 1070 1335 1336 
5 1096 1097 1136 1137 1071 
5 1074 1075 1559 1558 1093 
5 1106 1107 1076 1162 1161 
5 1100 1101 1578 1571 1082 
5 1124 1125 1351 1352 1083 
5 1236 1237 1084 1495 1496 
4 1085 1086 1177 1176 
6 1220 1221 1265 1405 1406 1091 
5 1109 1110 1175 1366 1367 
6 1111 1350 1470 1468 1588 1587 
4 1114 1115 1187 1186 
5 1159 1160 1118 1173 1172 
4 1158 1185 1344 1447 
4 1132 1153 1263 1206 
6 1133 1164 1262 1599 1604 1602 
6 1156 1157 1429 1428 1208 1209 
4 1134 1135 1150 1149 
4 1138 1207 1339 1351 
6 1311 1312 1148 1633 1632 1143 
5 1145 1146 1421 1460 1461 
5 1179 1180 1163 1382 1248 
6 1171 1206 1263 1264 1649 1648 
6 1193 1194 1198 1197 1480 1479 
5 1204 1205 1247 1246 1174 
4 1181 1182 1200 1199 
5 1343 1344 1447 1452 1183 
4 1188 1189 1212 1211 
5 1190 1191 1195 1242 1243 
5 1222 1223 1235 1234 1192 
5 1244 1245 1196 1319 1320 
5 1214 1215 1575 1574 1201 
4 1202 1203 1239 1238 
4 1224 1225 1315 1481 
4 1216 1217 1241 1240 
4 1218 1219 1228 1229 
5 1230 1231 1280 1279 1261 
4 1232 1233 1237 1236 
5 1468 1469 1576 1579 1306 
5 1266 1267 1248 1382 1381 
5 1249 1265 1405 1387 1303 
5 1277 1278 1250 1286 1287 
5 1253 1254 1274 1273 1251 
4 1257 1258 1263 1264 
5 1259 1260 1290 1321 1322 
5 1361 1362 1262 1599 1601 
5 1271 1272 1316 1461 1492 
5 1279 1280 1276 1370 1371 
5 1283 1284 1291 1639 1638 
6 1285 1303 1387 1388 1476 1477 
5 1304 1305 1308 1309 1288 
5 1317 1318 1289 1356 1357 
4 1292 1293 1295 1294 
4 1296 1297 1299 1298 
6 1300 1306 1579 1580 1503 1502 
5 1319 1320 1601 1600 1301 
5 1481 1482 1310 1651 1315 
4 1311 1312 1341 1340 
5 1335 1336 1323 1358 1359 
4 1324 1325 1354 1353 
4 1329 1330 1332 1331 
5 1366 1367 1466 1467 1338 
5 1351 1352 1396 1395 1339 
5 1345 1346 1342 1392 1393 
4 1347 1348 1381 1382 
4 1349 1355 1655 1654 
5 1385 1386 1471 1470 1350 
4 1364 1365 1380 1379 
4 1368 1369 1370 1371 
4 1372 1373 1377 1376 
4 1374 1378 1418 1417 
5 1383 1384 1396 1395 1375 
4 1387 1388 1406 1405 
5 1391 1432 1442 1671 1669 
5 1415 1416 1394 1575 1574 
4 1397 1398 1399 1400 
4 1402 1403 1420 1419 
5 1417 1418 1544 1543 1404 
4 1407 1408 1412 1411 
5 1409 1410 1425 1627 1626 
5 1430 1431 1462 1463 1413 
5 1414 1424 1581 1438 1437 
5 1444 1445 1491 1460 1421 
4 1422 1423 1427 1426 
5 1439 1440 1441 1658 1660 
6 1442 1443 1509 1510 1507 1432 
4 1433 1434 1436 1435 
5 1450 1451 1446 1457 1456 
5 1464 1465 1466 1467 1454 
4 1458 1459 1463 1462 
4 1460 1461 1492 1491 
4 1468 1469 1471 1470 
4 1476 1477 1485 1484 
4 1486 1487 1496 1495 
5 1489 1490 1488 1513 1514 
4 1493 1494 1498 1497 
5 1499 1500 1537 1538 1501 
4 1506 1507 1510 1508 
6 1509 1510 1508 1512 1553 1552 
5 1513 1514 1669 1668 1511 
5 1519 1520 1522 1521 1515 
4 1516 1517 1527 1528 
5 1525 1526 1548 1547 1518 
4 1523 1524 1529 1530 
4 1531 1532 1538 1537 
4 1533 1534 1536 1535 
4 1539 1540 1551 1550 
4 1541 1542 1543 1544 
4 1545 1546 1548 1547 
5 1554 1555 1561 1560 1549 
4 1552 1553 1556 1557 
4 1558 1559 1561 1560 
5 1562 1563 1573 1572 1566 
4 1564 1565 1568 1567 
5 1569 1570 1577 1578 1571 
4 1572 1573 1575 1574 
5 1577 1578 1576 1579 1580 
5 1583 1584 1643 1642 1582 
4 1585 1586 1587 1588 
4 1589 1590 1592 1591 
4 1595 1596 1598 1597 
5 1600 1601 1599 1604 1605 
4 1602 1603 1605 1604 
4 1606 1607 1609 1608 
4 1610 1611 1613 1612 
4 1614 1615 1622 1618 
5 1616 1617 1623 1622 1618 
5 1620 1621 1619 1640 1641 
4 1622 1623 1624 1625 
4 1626 1627 1631 1630 
4 1628 1629 1633 1632 
4 1634 1635 1636 1637 
4 1638 1639 1641 1640 
4 1646 1647 1648 1649 
4 1650 1651 1652 1653 
4 1657 1658 1660 1659 
5 1662 1663 1665 1664 1661 
4 1664 1665 1667 1666 
4 1668 1669 1671 1670 
CELL_DATA 1599
SCALARS scalar_1 double
LOOKUP_TABLE default
    4.990140
    5.000000
    4.987033
    4.994205
    4.982302
    4.990010
    4.984154
    4.984861
    4.988140
    4.975488
    4.988732
    4.985392
    4.988967
    4.991941
    4.988526
    4.987199
    4.985850
    4.991997
    4.991168
    4.986900
    4.992006
    4.997034
    5.000968
    4.990410
    4.984542
    4.987256
    4.990624
    4.980703
    4.962718
    4.995595
    4.989911
    4.986593
    4.980549
    4.993044
    4.981019
    4.990417
    4.982962
    4.987375
    4.988278
    4.987328
    4.987509
    4.991997
    4.989205
    4.987153
    4.986010
    4.986801
    4.982302
    4.987645
    4.990160
    4.986541
    4.990010
    4.989979
    4.989337
    4.988961
    4.990410
    4.990624
    4.988048
    4.988946
    4.987489
    4.988957
    4.989230
    5.001190
    4.986801
    4.987051
    5.001296
    4.983710
    4.962409
    4.982865
    4.990233
    4.979110
    4.988091
    4.987271
    4.988809
    4.978918
    4.984876
    4.996625
    4.980549
    4.960071
    5.021030
    5.000000
    4.995595
    4.992632
    4.972921
    5.000968
    5.031098
    4.988048
    4.990624
    4.988957
    4.985288
    4.985672
    4.995595
    4.990410
    4.988916
    4.983512
    4.986161
    4.962718
    4.994373
    4.990207
    4.952477
    5.021030
    4.983512
    4.980585
    4.980703
    4.959528
    5.022194
    4.960071
    4.975095
    4.984542
    4.995554
    4.986593
    4.980549
    4.989057
    4.987614
    4.985522
    4.980703
    4.984946
    4.994299
    4.987442
    4.989314
    4.986695
    4.988713
    4.990410
    4.983728
    4.987706
    4.989337
    4.987256
    4.988493
    4.984861
    5.054610
    4.988604
    4.996417
    4.975095
    4.984541
    5.002640
    4.981019
    4.987400
    4.988961
    4.985513
    4.989160
    4.989316
    4.987489
    4.984154
    4.990160
    4.987400
    4.994686
    4.959528
    4.987315
    5.002640
    4.993120
    4.984756
    4.986576
    4.994299
    4.984946
    4.981019
    4.990417
    4.982962
    4.960071
    4.980703
    4.994137
    4.986576
    4.989314
    4.991017
    4.988981
    4.985850
    4.986790
    4.986794
    5.001190
    4.985932
    4.986418
    4.984579
    4.986900
    4.988967
    5.001296
    4.986695
    4.988981
    4.989872
    4.984756
    4.979110
    4.986530
    4.981369
    4.981369
    4.972921
    4.986530
    4.989314
    4.994205
    4.989349
    4.987422
    4.986695
    4.982455
    4.988840
    4.993669
    4.989316
    4.993120
    4.989126
    4.987435
    4.995494
    4.978092
    4.985341
    4.987222
    4.989895
    4.975488
    4.983928
    4.989778
    4.990067
    4.982194
    4.994683
    4.988017
    4.990405
    4.989126
    5.003487
    4.995682
    4.981043
    4.980410
    4.977278
    4.987489
    4.990838
    4.991872
    5.013253
    4.991401
    4.986576
    4.986794
    4.981080
    5.001190
    4.982753
    4.986801
    4.992632
    5.034512
    5.017051
    4.983710
    4.990233
    4.962409
    4.985416
    4.981043
    4.945382
    4.988604
    5.054610
    4.983115
    4.975500
    4.984876
    4.987396
    4.983115
    4.988713
    4.983728
    4.987256
    4.975500
    4.989057
    4.985522
    4.960071
    4.984946
    4.975500
    4.972921
    4.986801
    4.983115
    4.991941
    4.989205
    4.991820
    4.984946
    4.990417
    4.987327
    4.989098
    4.990313
    4.992924
    4.990624
    4.991168
    4.996417
    4.985288
    4.989337
    4.988048
    4.987153
    4.986010
    4.987256
    4.990410
    5.001296
    4.995595
    4.981080
    4.991550
    4.985513
    4.987582
    4.987706
    4.986161
    4.987358
    4.987862
    4.986520
    4.983728
    4.983374
    4.988493
    4.984303
    4.987962
    4.996625
    4.984303
    4.988017
    4.987033
    4.986418
    4.988526
    4.977278
    4.985288
    4.984173
    4.981816
    4.986900
    4.986790
    4.994686
    4.997913
    4.993120
    4.994683
    5.003487
    4.989126
    4.989895
    4.990160
    4.987489
    4.987343
    4.989316
    4.986790
    4.989872
    4.986576
    4.986161
    4.985513
    4.988713
    4.987582
    4.983728
    4.984861
    4.988493
    4.987400
    4.988961
    4.989337
    4.989872
    4.984946
    4.988278
    4.987882
    4.989205
    4.987509
    4.986341
    4.984382
    4.987153
    4.987410
    4.960071
    4.990624
    4.989337
    4.987256
    4.988713
    4.994174
    4.988961
    4.995595
    4.989230
    4.983710
    4.978918
    5.054610
    4.987328
    4.981043
    5.071363
    5.000000
    4.982865
    4.983631
    4.988967
    4.988981
    5.001296
    4.986695
    4.983512
    4.981856
    4.980585
    4.987396
    4.983976
    4.986821
    4.987256
    4.990466
    4.989911
    4.991033
    4.946454
    5.000000
    5.054610
    4.994205
    4.945382
    4.987882
    4.985522
    4.991093
    4.988106
    4.990466
    4.986780
    4.988515
    4.987614
    4.982643
    4.989126
    4.989782
    4.991186
    4.978351
    4.984173
    4.984163
    4.987260
    4.989781
    4.984756
    4.952477
    4.994373
    4.959528
    5.022194
    4.996625
    4.995554
    4.988809
    4.989861
    4.988855
    4.991017
    4.991941
    4.991550
    4.983631
    4.985850
    4.994174
    5.001296
    4.985392
    4.984303
    4.984789
    4.989688
    4.984946
    4.988981
    4.987422
    4.988474
    4.990026
    4.988809
    4.990513
    4.989861
    4.987882
    4.988278
    4.988515
    4.987509
    4.988036
    4.987500
    4.986843
    4.985231
    4.985426
    4.987331
    4.986546
    4.987029
    4.989941
    4.988289
    4.994914
    4.987358
    4.988493
    4.988604
    4.975500
    4.988713
    4.987862
    4.986687
    4.983374
    4.987582
    4.988713
    4.988961
    4.985513
    4.989316
    4.986695
    4.991127
    5.013253
    4.991401
    4.989172
    4.984756
    4.990279
    4.986794
    4.986801
    4.988407
    4.987444
    4.981080
    4.960071
    4.989316
    4.986530
    4.995595
    5.001296
    4.988981
    4.972921
    4.983989
    4.993044
    5.000000
    4.994299
    4.982962
    4.986036
    4.994205
    4.986002
    4.988662
    4.992566
    4.989911
    4.983512
    4.987962
    4.996625
    4.984876
    4.995554
    4.984542
    4.986790
    4.986801
    4.983512
    4.981856
    4.991941
    4.991550
    4.989205
    4.987614
    4.987256
    4.988893
    4.986293
    4.981724
    4.987199
    4.989778
    4.986191
    4.982302
    4.988466
    4.984721
    4.987645
    4.989098
    4.980549
    4.987256
    4.984542
    4.989337
    4.990313
    4.984789
    4.988981
    4.987422
    4.983797
    4.986790
    4.981816
    4.987033
    4.988017
    4.986036
    4.988526
    4.982302
    4.984861
    4.987489
    4.990160
    4.984154
    4.987578
    4.987400
    4.992924
    4.990405
    4.988048
    4.989337
    4.984789
    4.983374
    4.986695
    4.986546
    4.986843
    4.988036
    4.984925
    4.989070
    4.988708
    4.988840
    4.990313
    4.988662
    4.989193
    4.989337
    4.992924
    4.991168
    4.987328
    5.054610
    4.984861
    4.978918
    4.989911
    4.988662
    4.989524
    4.989098
    4.984542
    4.995554
    4.990026
    4.990513
    4.989781
    5.022194
    4.982962
    4.986790
    4.986687
    4.988961
    4.987256
    4.994174
    4.988604
    4.986801
    4.986794
    5.001296
    5.031098
    4.981080
    5.034512
    4.994373
    4.987962
    4.996625
    5.021030
    4.952477
    4.981369
    4.995494
    4.990233
    4.988091
    4.989782
    5.021030
    4.977832
    4.998691
    4.994914
    4.994299
    4.983631
    4.981724
    4.985392
    4.987882
    4.989861
    4.987302
    4.987153
    4.982962
    4.987271
    4.988278
    5.021030
    4.981369
    4.991033
    4.984303
    4.988140
    4.991033
    4.946454
    4.988140
    4.989337
    4.987400
    4.988493
    4.992924
    4.990026
    4.985522
    4.987444
    4.989781
    4.945382
    4.989126
    4.989688
    4.986530
    4.989126
    4.980410
    4.984789
    4.989126
    4.988708
    4.984789
    4.989377
    4.984756
    4.989782
    4.987333
    4.990279
    4.986794
    4.978351
    4.985288
    4.989781
    4.981816
    4.984163
    4.986790
    4.987153
    4.975488
    4.991168
    4.987328
    4.946454
    4.993044
    4.992006
    4.990067
    4.991997
    4.992924
    4.988493
    4.946454
    4.945382
    5.000000
    4.987328
    4.992566
    4.988604
    4.978918
    4.991168
    4.989193
    4.987327
    4.990313
    4.989098
    4.989377
    4.986900
    4.990026
    4.987509
    4.988515
    4.990513
    4.991017
    4.989714
    4.994683
    4.988017
    4.995595
    4.980410
    4.987333
    4.977278
    4.984163
    4.978351
    4.981369
    4.986530
    4.952477
    4.985392
    4.989714
    4.989205
    4.991550
    4.991997
    4.987276
    4.986687
    4.994914
    4.982194
    4.994205
    4.984729
    4.982643
    4.981724
    4.994221
    4.984348
    4.986701
    4.986191
    4.987276
    4.986520
    4.981019
    4.991820
    4.987509
    4.988809
    4.990026
    4.989193
    4.989377
    4.989781
    4.978351
    4.952477
    4.980549
    4.985288
    5.022194
    4.989098
    4.981312
    4.984876
    4.981369
    4.983115
    4.981816
    4.987333
    4.977278
    4.982865
    4.988017
    4.986036
    4.989193
    4.978918
    4.987271
    4.996625
    4.988662
    4.988278
    4.989861
    4.995554
    4.986695
    4.996625
    4.989861
    4.987255
    4.989316
    4.993120
    4.987343
    4.985646
    4.980549
    4.960071
    4.984542
    4.995554
    4.989781
    4.959528
    4.987315
    4.952477
    4.990417
    4.983928
    4.992006
    4.987328
    4.991997
    5.000000
    4.990067
    4.985646
    4.980410
    4.981369
    4.972921
    4.995595
    4.992054
    4.987343
    4.988708
    4.982194
    4.984303
    4.983928
    4.990067
    4.989443
    4.990417
    4.994205
    4.994914
    4.991820
    4.983797
    5.000000
    4.979371
    4.982194
    4.994914
    4.990067
    4.983928
    4.987882
    4.982194
    4.994914
    4.959528
    5.021030
    4.960071
    4.980549
    4.981369
    4.978351
    4.989778
    4.981724
    4.985392
    4.983631
    4.988466
    4.988893
    4.989778
    4.982302
    4.981724
    4.988526
    4.990067
    4.994914
    4.989778
    4.986701
    4.991820
    4.982194
    4.990417
    4.987882
    4.987153
    4.987614
    4.987962
    4.981312
    4.996625
    4.992566
    4.981856
    4.978918
    4.983115
    4.987396
    4.990233
    4.988662
    4.991017
    4.986900
    4.987327
    4.989098
    4.989781
    4.985288
    4.983374
    4.991820
    4.972921
    5.021030
    4.988708
    4.986695
    4.987962
    4.983512
    4.986161
    4.984303
    4.987327
    4.989098
    4.988526
    4.988048
    4.977278
    4.991997
    4.984946
    4.989205
    4.986701
    4.991820
    4.992006
    4.987645
    4.984756
    4.987396
    4.992566
    4.988604
    4.975500
    4.989861
    4.996625
    4.985392
    4.988961
    4.987422
    4.989349
    4.988017
    4.991820
    4.985513
    4.981724
    4.987276
    4.989778
    4.991820
    4.992006
    4.985392
    4.987327
    4.990313
    4.992924
    4.987328
    4.991997
    4.989193
    4.986900
    4.987509
    4.987444
    4.989781
    4.988474
    4.988515
    4.985522
    4.975500
    4.989688
    4.982194
    4.990741
    4.989108
    5.000000
    4.990067
    4.946454
    4.988140
    4.975488
    4.989349
    4.994683
    4.988526
    4.982302
    4.988017
    4.988466
    4.990160
    4.987645
    4.990405
    4.972921
    5.021030
    4.983710
    4.990233
    4.978351
    4.995595
    4.988957
    4.992054
    4.989316
    4.987343
    4.984541
    4.988961
    4.987489
    4.994174
    4.982194
    4.987882
    4.989861
    4.984541
    4.989337
    4.987400
    4.985513
    4.987489
    4.989316
    4.987645
    4.988708
    4.988893
    4.981724
    4.988466
    4.981724
    4.985392
    4.991820
    4.984756
    4.990279
    4.991017
    4.986801
    4.981080
    4.987444
    4.986790
    4.981080
    4.985513
    4.986161
    4.984542
    4.990313
    4.987327
    4.981312
    4.987444
    4.994914
    4.987331
    4.990067
    4.990741
    4.979371
    4.987333
    4.978351
    4.989911
    4.987396
    4.994174
    4.988604
    4.992566
    4.986821
    4.984303
    4.983512
    4.987962
    4.995554
    4.996625
    4.988140
    4.991127
    4.987331
    4.988106
    4.987302
    4.987882
    4.988893
    4.988708
    4.983631
    4.988370
    4.988981
    4.987422
    4.992054
    4.989316
    4.987489
    4.994174
    4.991550
    4.991017
    4.981080
    5.031098
    4.988981
    4.992566
    4.996625
    4.978918
    4.989193
    4.989911
    4.984542
    4.987614
    4.988515
    4.989714
    4.991017
    4.994174
    4.989205
    4.981080
    4.946454
    4.989688
    4.983374
    4.988604
    4.988140
    4.984303
    4.986161
    4.980410
    4.990405
    4.988017
    4.987333
    4.986801
    4.989781
    4.987645
    4.990160
    4.991127
    4.978087
    5.034512
    4.986790
    4.988708
    4.987645
    4.987400
    4.992924
    4.989688
    4.945382
    4.990067
    5.000000
    4.988140
    4.975488
    4.978087
    4.960071
    4.972921
    4.980549
    4.981856
    4.987962
    4.983512
    4.978351
    4.987333
    4.975488
    4.987327
    4.988526
    4.988048
    4.990405
    4.989316
    4.990160
    4.988957
    4.983631
    4.984348
    4.988466
    4.981724
    4.988708
    4.988466
    4.987422
    4.987645
    4.994683
    4.979371
    4.990680
    4.995554
    4.989911
    4.980549
    4.990313
    4.983512
    4.972921
    4.988526
    4.987645
    4.985850
    4.987422
    4.989316
    4.988140
    4.985513
    4.984303
    4.987400
    4.988732
    4.989316
    4.996625
    4.987962
    4.978351
    4.981816
    4.987333
    4.988091
    4.989782
    4.987396
    4.989911
    4.978918
    4.988604
    4.988957
    4.987327
    4.988526
    4.990405
    4.982302
    4.988140
    4.989778
    4.990067
    4.981856
    4.987396
    4.988515
    4.985522
    4.987444
    4.991017
    5.031098
    4.981724
    4.989525
    4.983512
    4.996625
    4.988732
    4.987645
    4.992054
    4.988957
    5.031098
    4.972921
    4.980549
    4.994174
    4.988017
    4.990405
    4.990680
    4.987645
    4.990160
    4.987645
    4.990160
    4.987400
    4.990160
    4.982302
    4.988140
    4.983512
    4.981724
    4.987302
    4.988278
    4.987882
    4.996625
    4.987271
    4.987327
    4.987255
    4.989688
    4.981043
    4.988604
    4.975500
    4.981816
    4.986036
    4.990279
    4.987882
    4.983631
    4.985850
    4.987422
    4.972921
    4.972921
    4.984721
    4.988526
    4.989778
    4.990160
    4.987882
    4.987509
    4.987328
    4.982962
    4.987271
    4.987962
    4.981856
    4.987396
    4.987866
    4.984756
    4.980410
    4.987333
    4.984946
    4.989205
    4.987396
    4.987614
    4.983631
    4.986900
    4.988526
    4.986900
    4.988515
    4.989714
    4.987444
    4.994914
    4.987882
    4.989781
    4.984756
    4.987260
    4.980410
    4.987614
    4.987882
    4.987509
    4.989714
    4.985522
    4.982962
    4.978918
    4.984946
    4.989714
    4.991997
    4.987509
    4.980549
    4.959528
    4.987882
    4.986821
    4.989714
    4.984789
    4.984303
    4.987962
    4.988017
    4.989714
    4.987882
    4.989193
    4.991997
    4.991997
    4.986900
    4.986900
    4.988526
    4.987866
    4.987962
    4.990466
    4.986821
    4.983512
    4.987645
    4.990405
    4.987400
    4.981019
    4.989778
    4.983631
    4.981816
    4.989443
    4.985231
    4.983631
    4.987328
    4.978918
    4.991997
    4.984756
    4.987260
    4.990680
    4.992006
    4.987328
    4.987255
    4.984303
    4.985571
    4.989688
    4.983374
    4.989778
    4.990067
    4.988140
    4.975500
    4.984303
    4.989688
    4.990067
    4.985231
    4.986036
    4.987328
    4.988526
    4.990405
    4.988526
    4.983512
    4.980558
    4.996625
    4.984946
    4.987260
    4.996625
    4.983374
    4.987255
    4.985571
    4.987260
    4.984721
    4.990067
    4.978918
    5.000000
    4.990067
    4.987882
    4.986821
    4.983374
    4.989688
    4.983374
    4.987255
    4.988526
    4.987255
    4.985571
    4.985850
    4.984542
    4.987396
    4.994221
    4.988708
    4.989098
    4.988278
    4.987343
    4.988893
    4.986036
    4.980549
    4.990313
    4.989193
    4.988662
    4.989160
    4.987343
    4.988048
    4.987327
    4.988708
    4.988708
    4.989230
    4.982962
    4.945382
    4.983797
    4.993044
    4.975500
    4.972921
    4.978351
    4.987375
    4.981816
    4.988370
    4.981434
    4.981724
    4.987327
    4.972921
    4.988957
    4.992566
    4.990313
    4.988957
    4.989911
    4.986801
    4.988957
    5.054610
    4.986790
    4.991017
    4.945382
    4.987400
    4.987333
    4.990067
    4.987444
    4.989230
    4.986576
    4.987343
    4.984756
    4.975500
    4.987153
    4.984946
    4.989316
    4.988515
    4.989714
    4.986418
    4.985522
    4.988713
    4.945382
    4.981019
    4.985850
    4.986900
    4.988981
    4.981856
    4.987343
    4.960071
    4.986593
    4.987400
    4.988981
    4.994299
    4.984789
    4.980549
    4.985522
    4.987422
    4.989979
    4.985392
    4.992632
    4.991550
    4.992566
    4.986780
    4.992006
    4.983797
    4.986002
    4.989316
    4.989688
    4.987614
    4.986161
    4.986418
    4.986002
    4.981080
    4.983374
    4.987400
    4.987614
    4.995554
    4.989781
    4.984721
    4.981312
    4.986002
    4.986790
    4.991401
    4.989193
    4.986687
    4.978918
    4.979371
    4.990313
    4.980410
    4.988474
    4.986312
    4.972921
    4.987500
    4.987506
    4.989193
    4.983728
    4.980549
    4.981312
    4.988017
    4.989525
    4.990279
    4.987422
    4.991033
    4.984756
    4.987467
    4.986002
    4.987396
    4.992006
    4.984789
    4.980410
    4.989443
    4.987509
    4.988017
    4.989337
    4.988048
    4.990741
    4.992924
    4.986794
    4.990417
    4.986695
    4.983206
    4.986312
    4.989781
    4.992006
    4.988026
    4.975500
    4.985231
    4.989872
    4.987276
    4.975488
    4.982962
    4.991820
    4.981312
    4.987455
    4.987033
    4.984721
    4.996417
    4.988474
    4.988026
    4.982302
    4.989911
    4.988407
    4.988515
    4.989714
    4.988017
    5.021030
    4.985513
    4.983374
    4.994686
    4.986161
    4.988370
    4.987315
    4.988106
    4.990624
    4.989688
    4.989714
    4.990417
    4.988031
    4.960071
    4.987396
    4.983928
    4.988604
    4.986701
    4.981312
    4.988840
    4.984163
    4.989098
    4.987400
    4.989070
    4.992924
    4.985522
    4.985850
    4.994373
    4.980410
    4.989349
    4.960071
    4.988662
    4.987444
    4.992566
    4.981312
    4.994205
    4.995554
    4.962409
    4.987578
    4.989443
    4.989377
    4.983206
    4.990026
    4.990313
    4.980703
    4.985522
    4.989443
    4.986010
    4.995554
    4.986687
    4.982865
    4.992006
    4.986341
    4.987422
    4.994914
    4.988981
    4.988036
    4.983115
    4.985522
    4.988946
    4.987422
    4.989688
    4.986734
    4.984154
    4.994683
    4.987343
    4.989872
    4.986002
    4.978918
    4.987578
    4.989525
    4.983631
    4.989377
    4.995682
    4.988981
    4.991820
    4.981080
    4.984946
    4.987396
    4.978918
    4.986687
    4.986794
    4.991033
    4.988893
    4.994205
    4.988893
    4.989525
    4.987410
    4.987343
    4.992006
    4.989781
    4.987033
    4.985571
    5.054610
    4.981019
    4.988515
    4.983631
    4.990741
    4.990513
    4.985280
    4.978918
    5.000000
    4.989861
    4.987328
    4.986790
    4.977278
    4.986161
    4.985799
    4.989861
    4.991903
    4.945382
    4.981724
    4.989349
    4.978092
    4.987490
    4.988140
    4.989778
    4.988957
    4.998691
    4.988708
    5.000000
    4.989349
    4.987866
    4.992746
    4.984756
    4.987578
    4.987333
    4.962718
    4.980410
    4.990405
    4.988957
    4.987333
    4.988526
    4.988048
    4.972921
    4.990405
    4.980410
    4.960071
    4.995595
    4.993054
    4.985672
    4.980558
    4.988957
    4.981312
    4.987455
    4.986963
    5.022194
    4.984154
    4.989525
    4.985513
    4.984721
    4.987153
    4.990279
    4.987410
    4.989872
    4.987400
    4.975488
    4.992006
    4.986701
    4.985392
    4.986701
    4.985392
    4.992006
    4.983631
    4.985392
    4.994914
    4.989316
    4.983989
    4.981043
    4.980410
    4.987333
