# vtk DataFile Version 2.0
polydata
ASCII
DATASET POLYDATA
POINTS 1663 double
3.43121919225936 3.1463505962558 0.156187106740847 
2.24421166186315 3.13442278811912 6.40472246197497 
3.01209183109048 1.35097706744731 3.33742848242904 
3.07111559753285 2.40711083928857 2.70101701627675 
4.14604522630389 6.10664493080791 3.3708714102362 
4.01616176839287 5.51463881042506 3.54987545815574 
4.59268356178058 5.6504186479013 3.87032530277866 
4.45245007833494 5.51826961724632 2.47409266435874 
4.3800050005919 6.1322673416269 2.75171123435888 
4.69447500875444 4.93776498349124 3.17740608206331 
4.11495468834541 2.68774270544488 5.53295015385596 
3.51107844974783 1.66691203734676 4.98622788649354 
3.61068016733959 2.3985098135147 5.87501933818335 
3.51961715306524 2.43222083900403 5.1070749179428 
4.03718097537268 1.85882796391737 4.78560467329616 
5.23785887978071 1.01561912285477 6.06845661881176 
4.75577171606923 0.753373788659069 0.413280708579181 
4.54546070037497 1.12146331434996 6.28798264700974 
5.07238233864221 0.422230930889813 0.412370406635837 
5.42090583190431 0.522448956176698 0.321917833347015 
0.769363879739551 3.432838662047 3.39420652086996 
0.83295473452624 2.90556491866562 3.30909405713317 
1.04138861488234 3.64137257396111 2.95851248387004 
0.661548111999893 2.60341875512811 2.36795140085573 
2.91433778380605 5.3360641312097 3.31863699165989 
3.31774949004206 5.10218425989679 3.37473197124443 
3.74481469872638 5.18582603158094 2.91244526088754 
3.36385996336932 4.64110408120699 3.28393382673886 
2.40469842417088 4.48393595658967 2.76039296636311 
2.67294666198171 5.13850699933029 2.22163911214758 
2.40058765957677 5.29510180492101 2.62201928421151 
4.6043657254128 0.71202206683106 0.754598992036929 
4.77987749971221 0.485533013760356 0.906713100121712 
4.21728367116978 1.02584951099098 1.86229524356475 
4.15348153600625 4.02344894855371 6.43094192641809 
4.48787823475115 4.5752686958107 6.3952930532759 
4.81732077341419 3.45798997835741 5.88354501017928 
5.42668848446232 4.54648329179036 6.00415835280836 
4.12753037295581 4.1997590490438 6.32271557924049 
4.77571800185635 4.33249588632104 6.69534508357744 
4.85443757217593 6.61576278070233 2.65202142040031 
4.36799602968751 6.30008380112771 2.62390814585588 
4.37390396967148 6.17170155039984 1.92390531220508 
5.12436676521793 6.55749917288988 2.0332629065324 
4.90453934335534 6.38782614542197 1.74343699352778 
6.43601206487235 5.30940876627291 3.73662241196278 
0.139578187933822 5.3399773977522 3.00266148041716 
6.52864877706301 5.44474009354251 3.54220816411755 
0.314304065969153 5.20156301636555 3.96933031132837 
5.93727210172498 4.50149776111023 1.26371243722604 
5.76892660063496 5.08752103384076 1.22184393296825 
6.16589793757317 4.51232385803081 1.71500226028795 
6.4654231669621 4.29353992862108 1.60386535429834 
5.91180646641057 5.55335802348975 3.89401175525722 
5.91335530222093 4.78831420441384 3.7662064001862 
5.94217740791495 4.98607671945162 2.58933762285003 
6.35636489461461 5.35608563153464 2.74042517026585 
5.75121657485498 5.00341559309515 2.59626387985665 
5.90565527189806 4.60928467686595 3.49970174468573 
5.61930713280558 0.474207908894141 4.25115151043404 
5.42592917851837 0.725182584610006 4.30273374325464 
5.1104967222675 0.380184016016721 4.36492582749679 
5.31422699010752 6.6393412104874 3.72092447368581 
5.22764644386727 6.67297369717378 3.86603734038141 
4.65839947019165 0.314587995712635 4.12713183999469 
2.29399950288053 1.13716688585996 6.04628214284034 
3.46013894605955 0.529783477254899 6.14516603640835 
3.56061387264836 0.967907148188895 6.43979000492646 
1.00180606624168 6.49410327154479 0.619597443316427 
0.78253510285569 0.524722938528898 0.527774429735445 
0.70468926360235 6.74252535421404 1.05452425937184 
1.44596636687413 0.736031240401317 0.877568757162344 
0.566170135412249 0.402305472697585 0.836729774623645 
2.81769035577517 5.58847121580792 4.37596798281309 
2.91069267219857 4.88077867512699 5.0219989092616 
3.50060842230177 5.59749351854382 3.90226311306507 
3.17790071868121 5.68093355898944 4.61699508299277 
2.79040443902027 5.2691098237974 4.90031403008979 
2.9568217829433 4.38860824224187 4.22868763412539 
3.48941124706695 5.69727411158989 4.51303857310766 
2.61142697319131 5.28481359370718 4.67638073556902 
1.49434082291921 5.48864095798958 3.17068850545946 
0.200296544131362 4.42109949008714 1.97767791487019 
1.39399831985402 4.99056626136679 2.02209044142926 
0.895733516622138 4.41935734721232 1.78693496165786 
1.37650386619699 4.62281389254852 2.09239022750315 
0.806538840332595 4.65530848397211 1.66497235550536 
1.14732311822132 5.09067396812151 1.84927871015096 
0.794362769532759 5.39410383620375 2.11130353073338 
0.516820359917879 4.2154254738406 2.01754445334452 
0.189855421735778 4.99109137391551 2.02804054857822 
0.245479549627703 4.68785532395214 1.82899814225914 
6.23978051114777 6.21904000782104 2.66640503489099 
5.81522799132244 6.24110258191568 3.80885556549247 
6.63226316062418 1.81229706299331 1.291314120641 
0.448754580881209 0.765848908226626 1.4070937750584 
6.30565213241132 0.968759385897172 1.23193350234748 
0.203346228447592 0.726331492051766 1.0351849280022 
3.92996072260292 2.20752448884384 1.40075267809149 
3.98905301333499 1.33803576246176 2.48353811574986 
1.82231959535815 1.15531594300638 0.717551108735023 
2.63256546941171 0.71660956204861 1.30895647173365 
5.79622801726496 2.66836023953401 0.705435473976513 
3.25743524148828 5.89166503730729 0.525990368668633 
3.13770112971491 5.73688688111701 0.52837886305036 
3.82461029373765 6.26794856665449 1.25472087357596 
1.07445960424161 1.47324416602262 0.20008655969948 
1.55377458837577 1.18998562076822 0.791667717920297 
1.92352032683667 2.25213117357411 0.801132652004629 
0.371573274642964 6.50061965537692 1.22845715801674 
0.853272271644617 6.67478761734195 1.64697702847767 
0.890186902621102 6.22322536411919 0.461380303943462 
0.467823916363278 6.46967457871381 1.60386182845618 
1.34364777350701 2.36242758915625 4.57486635935676 
1.32193857678231 2.64284941877721 4.48640349746862 
0.99025494928378 2.74047077994841 5.00969514182668 
2.5729545444786 3.71396573839904 1.37700441450905 
2.20455590960595 3.69112323973176 1.29005686664464 
2.17742412656626 3.63975741594268 1.12982534586753 
5.49060970512331 1.24122443249701 2.18262473563031 
5.44873220953692 0.837173667101617 1.4944217221001 
4.36244422269705 5.06221370826913 6.59369903632481 
3.24940629238346 4.79337364939222 5.70333381859469 
3.58427984752094 5.44674870443456 5.88914565033055 
3.24505999544178 5.1895954056673 5.95087725367839 
3.69034151671985 4.38233702188264 6.53988242696028 
3.03484343965541 6.4895259361101 4.57176183943472 
2.92856520933252 6.62097461901831 4.7294515254372 
3.79381604716313 0.297752386458075 5.85807861272348 
5.05766443732228 0.319797986692315 0.696246335932697 
2.9248900030572 0.590798870673254 4.33746813893379 
3.42507969555818 0.506634698684643 4.3107791712761 
2.37937856437259 0.513011377149423 5.0962949528319 
3.5684398630103 0.657451657087648 4.41741225109388 
4.19364669760322 3.59256167446663 3.20765293182592 
4.272758405686 4.16690668674117 3.32450429584109 
3.27694595092332 3.5584363719018 3.88958630382862 
3.87023451135906 3.37029438118642 3.54967608796176 
3.33012807700119 3.30911958564672 3.48877253148196 
3.75016118214379 3.5922908534239 3.92286954406483 
3.05964792129067 3.94801180490028 3.82014149745501 
3.528895480765 3.64501184417493 2.72770918988745 
5.7680138340396 0.888512488950588 5.54865845250287 
6.20626782247262 0.75185594898739 5.98161870271728 
3.89060727384942 6.41413541627928 3.43376613339714 
4.77679111573153 0.26016912638823 2.76850274044672 
4.10958141596591 0.219854717999701 3.03732968182321 
4.6450277137233 0.32230828734552 2.77415490768069 
4.02472980538245 0.0780157213459127 3.43646390253142 
2.05792921490669 6.23930221494031 4.76607758392242 
1.78789133483699 5.89718354044294 4.27454575879961 
1.46161645734301 5.4573206220548 4.27879579998389 
1.52797657983793 6.31558710011873 4.34926913500264 
2.0222600172874 6.13738419042985 5.13423726663136 
1.5927975247273 5.21398078237391 4.58269954536007 
1.3926072651577 5.15423958860874 4.79703158205477 
1.58425497036995 5.33391760957188 5.19089757872332 
6.50622349997223 5.01596824721864 6.18705927154342 
6.04820429512911 4.53818075548553 6.02459918509609 
0.297381650964676 4.57891455341196 5.63399898757397 
6.4851891890492 4.07243067977065 5.5490329292601 
6.37232746954007 4.46680512248714 5.52211011093656 
6.76646318236029 4.84265686771206 5.58415994962758 
3.17703847972344 2.81037657696531 1.25876879896712 
3.75055391464785 2.76803446853975 0.960166727637431 
3.16475914214416 3.15116294512083 1.40900217424603 
4.33073805584019 2.71929859515294 1.20078077841233 
3.97367199969366 2.54431457944696 1.03480799636377 
0.842260175998276 4.74455184510265 1.13010123128415 
1.16606804689792 5.10911607414266 1.11796862073916 
1.75429819687853 5.28501458321035 1.54699163037653 
0.991398551666783 4.37506822594887 0.80343950714773 
1.82408420915146 5.22266469357074 1.6750293296398 
1.32026570897687 5.28351934502565 1.49320956889027 
4.72679162994885 1.93882382960694 0.363060790994007 
2.02593558622299 5.84304851834785 3.74289923865066 
1.80308500140259 5.37214117099084 3.55250039001052 
2.22014813812849 5.05389799234591 3.50203632060631 
2.13097480353083 4.69279274404964 3.7815096364448 
5.19993224295373 1.84284844472578 5.48540175519313 
4.36702018348422 0.69546292465715 5.78511477470676 
5.40340987563606 1.59167778310032 5.66070994341202 
5.08904711005834 1.8146427198133 5.17269795135213 
4.28809551020314 0.843439602310466 5.31197281590689 
3.70898867004298 6.40060953117641 3.54385664486607 
2.74909687037901 3.92846935285342 5.8430888879321 
3.14930111858552 3.61601432807687 5.57618505028077 
3.38300850359278 0.514177198957693 2.66016097514065 
3.45939485826634 0.187972984471589 2.33375044681556 
3.4497677381947 0.56944905785217 1.83675109702601 
5.87327564895488 5.68223554676737 4.21796385398218 
4.66332276077799 6.08146730660094 4.33019501012271 
5.7982504617526 6.17889831688107 4.17201326691276 
4.60814935128471 5.71440524084816 4.27753062135925 
2.61063655950709 4.14639403628332 5.79598029345788 
1.9421003234487 3.52048499610027 5.82515219283431 
2.63283899085301 3.94280602221513 5.75971660385814 
2.55067383148638 4.36339687166033 6.64278958048383 
5.53586938930173 1.17402369691671 4.68380444789737 
5.5105819458604 1.40771916590041 4.46892138526517 
1.45364969565027 5.60962603419209 0.271455630722188 
1.62087291795574 5.09676988514077 0.209776354168455 
5.21026336422974 3.76677492064827 1.441466152811 
5.38266618003839 3.46260204299834 1.91342466678572 
6.00722689769651 4.37063039223294 2.13298036626295 
5.30088979267156 4.1420350590545 1.48447607341608 
5.60205922881687 4.19221690890104 2.13349055093281 
5.61138934854866 3.87179965981472 2.27844678855157 
5.95489424220566 3.74721781292454 4.83754376025168 
6.251255930074 3.91557848372349 4.85185801020518 
6.56722794016886 3.94716915456745 4.52162330318279 
6.53164016180553 3.76505251324205 4.05103517097472 
5.958964560191 3.12747277558805 5.02623475529696 
6.37960579502474 3.76891365324429 5.09371480797351 
6.02666832791386 3.45644365491888 5.18749922864228 
6.11834342699511 3.4619405825884 5.23100646556931 
4.07419758523417 1.10426291835482 2.92539199882896 
3.70421104330571 0.564110317302271 3.01057352650057 
0.614673704898293 5.55113284463572 6.29760757611089 
0.718828400556941 5.35518718658032 5.90698536394407 
5.25153575333975 2.03774944006352 4.99759664878079 
5.56437320938516 2.28357282319567 5.34941217222075 
5.42807778130651 2.79638980825353 5.24598094491914 
5.38307946401149 1.80887750151957 4.5506099237811 
0.591249902318907 1.02871831347891 5.68935307221977 
0.371166118106739 0.886787601843969 5.83457636212434 
0.428741307501697 1.16125174097893 6.24248838049227 
0.488598433943201 0.283065784952193 6.44899809389384 
1.14834245410783 1.15967212735177 6.58132235685584 
0.477446238060757 0.928846696927445 6.69486073772724 
0.491044110448684 0.511359328630267 6.71584759899728 
5.97837320917687 0.888925285579121 0.752253369977225 
6.26982055020513 2.05912227126782 2.63823363505806 
3.3326700002091 6.19106335535419 1.86699029692093 
3.40021699798969 6.47670727196636 2.30089489656358 
3.87289050925112 6.12834411727192 1.60902876859825 
4.09690664265826 6.34292839808732 1.80771734580058 
0.538363061604736 0.432182232257753 3.89963198299473 
0.723339960351873 0.26726863696587 4.09526946547241 
0.317961913927229 0.870035406332548 4.25896346838189 
4.657270035509 4.69364572356148 4.74862377658611 
6.00623076956981 4.65839991914013 4.98689372495858 
5.98494694504577 4.5106480222941 4.81290169228172 
5.54174021861023 4.72420618029233 5.38959234810921 
4.97319674003539 4.57062214991178 4.27038858537198 
6.27361922843112 6.15412265134585 4.67743785172076 
6.56595339879417 5.59206926977681 4.58318192202981 
6.25627740881012 5.71099654838269 4.61000246576983 
6.09133833907419 6.37534703518633 4.4515716843144 
3.83911612841736 0.784882445106948 4.08626812710642 
4.44482035575716 0.309751704791156 4.69761628177747 
0.993054616206295 1.82341791178073 3.40160746476227 
0.720906224772277 1.63294131429155 2.90501946523352 
1.46119295184032 1.91239685834338 3.26533638659493 
1.05555965521706 2.06308844357499 2.26410144512151 
1.57710645268641 2.01678958720321 2.60396383145 
0.947673500347781 2.38790766339982 2.17285177582408 
4.58963708563305 4.32427729708434 3.42337538462815 
0.492731896139627 5.89006880257249 6.23406401689031 
1.48856030572975 3.5888257613889 2.81790517608874 
2.19502387304589 3.46867352371041 2.55383972339989 
1.75526860687542 3.75913276214978 2.47206718847723 
2.43254708202628 4.00066055079028 3.66781803788608 
2.08355458614775 3.24099538791747 2.89335585798062 
2.40850599082703 3.6037467033339 2.60098317556364 
1.65899705328258 6.21163416177999 5.78863294132907 
1.25526419681881 1.16704444012972 1.42092968141821 
4.18020049848177 3.82126204521037 4.82791471053796 
3.89969989226831 3.6190800697861 4.94051497574982 
2.86279126744382 3.9850209357552 3.99253160106945 
5.76911547921906 4.28526560902617 3.52069394271769 
4.30064109612511 2.25685271379017 0.345469578181506 
4.71869424888089 0.502863685308021 2.52225099955389 
5.55875956200783 4.6291020201672 0.0210083913620334 
6.45029289063195 5.19953368739004 6.23525801072436 
5.50207416415005 6.08876464598162 0.708459951514277 
5.13234531966925 5.00771683780245 1.03770848744444 
5.83262161046155 2.14428668185893 5.74245016458203 
5.86108337933985 1.95316349687335 5.8164457963267 
5.5119350515369 2.2086076204562 5.54351267172862 
4.82535561675814 5.39843112987744 0.104164712812204 
0.920051356945084 3.66644001858985 5.34264398657181 
0.869303007375736 3.57822807524669 6.42547419063293 
0.485810379479235 3.93754607543032 5.15163487611864 
6.01665988078713 2.73016244251032 2.94064144885282 
2.09020747560046 4.8359451814261 6.45657886314833 
2.28274160317606 5.645976645392 0.279982095061718 
2.09506166910549 5.83924836650601 0.27833075538299 
0.545733077148235 2.17657428943107 0.950573518090048 
5.42005097729174 2.87738956865682 1.05787014998785 
5.27505836815954 2.46976891731395 1.38861601420734 
4.61496354483589 3.49951321654185 0.954282851519992 
4.99052484996217 2.35395912607234 1.33170507681853 
5.07612491543773 3.2731536075729 2.10968576548662 
2.89090334240058 2.58007189957967 4.54321568644779 
3.35238397773059 2.90407949353702 4.55175712961521 
3.17544536279837 2.75556283923357 4.79005896323424 
4.18986702014736 3.03512485313803 3.53662537328351 
4.34639809669784 2.69008290485956 2.86845129253427 
4.05020174492452 2.6540523528504 3.35190894753647 
4.31016991082396 2.57841206537166 4.04085119852082 
4.60077057797342 2.65317163872741 4.11215457390372 
4.36674762491062 2.12944845958189 3.22010468145546 
4.52281058825882 2.3517167540582 2.84201633003464 
4.71503338591695 1.96599991769607 3.44603771391338 
4.79243623001431 4.54759344377169 1.50179849785057 
4.8283596014556 4.85710319464736 1.18721499753841 
3.89082590672521 1.13818219432561 3.9804795177759 
3.66584333978965 1.54441874324004 4.21293192958042 
1.23989190153049 1.99127592329821 6.11228522107171 
1.1364612060528 2.3238859922198 6.32484130845098 
1.6125964490957 0.935918511617737 3.84894643293387 
0.694855516247616 1.16969080321168 3.61686383716689 
0.99450615711126 0.263788848132538 3.94270315246961 
5.3523520068447 4.46553856352977 2.33411332323471 
3.92478005787063 3.38796569932492 0.583622666494896 
3.78590990393079 3.05288085682144 0.365867928860592 
4.61087375118956 3.60758063127843 5.0516024612299 
5.14805978704275 3.03630565419544 5.79869819863827 
6.03349820122956 3.58525372866364 5.8659057887109 
6.25169740582542 3.08366142606203 6.12637625695821 
6.43163088692312 2.76742340348175 5.67147505719463 
5.89197141407564 4.91960788184588 2.42069431436749 
5.73097435440228 4.94728169950359 2.45904118726133 
0.405332411021808 5.53088356922623 5.2822147054592 
1.6285500494901 2.01607346473768 5.46153049769261 
2.11747017447055 1.39195984546781 5.11182292716083 
1.55298661721024 2.14422379965918 5.6823512053279 
0.249019021594886 1.88839478856465 5.2407714150164 
0.820851711237101 1.68733399709634 5.04705858044403 
0.545039619164328 1.63054820093209 5.31551662045378 
0.475524912713264 1.19966358129968 5.3141895026568 
2.11954613131823 1.33306401825771 4.71729509059154 
4.76463056280808 0.350425973231839 4.86924907653448 
5.45308434140937 5.38349698251225 5.47589006415411 
4.40004012366598 5.37686159226399 5.42869427099651 
4.53878499816854 4.35295073065948 5.32377640579398 
4.41603804422072 3.23961642799359 2.6248449940626 
4.93649567408459 6.58501370225445 1.60561333690213 
6.58393698623923 4.96038308998017 5.00239651741628 
0.178514880033664 4.96451111479546 5.32680483925275 
6.80178695397638 5.02667628990408 5.30842448453082 
6.70665794259032 5.31924900655829 5.29078879310304 
6.50795328603833 5.28401601274212 5.00168295848134 
0.0272696672069951 3.05083016126765 1.6431747372429 
0.882288545565696 6.41223557615113 4.05295261608485 
3.65033383684926 2.87292072823411 4.56359303858161 
4.08980607298282 2.47367931500687 4.24111030199494 
2.47460829563947 5.93937667300492 6.57299888903347 
1.41124315555706 3.52930858329767 5.06271145354056 
1.44061725357195 3.96885606904838 5.51456476815734 
1.95612972362563 3.35570458930416 1.69207552048292 
1.15262651382238 3.46169592252208 1.92874995530334 
1.30531559071324 3.064369055717 1.63147881334787 
1.32629313483559 2.77270391950743 1.75260680290939 
4.79674465996204 4.69101108466517 0.377918079897967 
2.08588896010545 5.51117673288798 1.98439879798526 
2.00743656198208 5.5113362975507 2.4586611739947 
1.95024930015172 5.83337874241475 2.53184353188468 
0.587135994191459 2.33757895434627 1.72647846622918 
5.25452146660609 1.64373561886255 2.49775978003439 
4.42699578043845 3.67831410156389 0.524504798276709 
4.35421342039786 3.90125389745644 0.463604935809401 
4.50401529656799 3.8988076470209 0.336801789887579 
4.05899514038991 5.44474910477424 4.6308610337519 
6.15572053085965 4.44691364236702 4.84100486028704 
6.17865270762183 4.59941297314139 5.01813356249933 
6.5447692744217 4.42204089879273 4.46420913039532 
4.53033746304321 0.95216845327188 2.89839084873492 
4.65936862735297 1.29280308772619 3.81836085707487 
4.64401999326572 1.40785750709553 3.476264668311 
4.83414052241217 1.25801085539311 3.33036095524441 
1.34286585806339 4.83392397635009 4.82222703140696 
1.63251807572664 5.05414292318067 5.46696936183221 
1.46479670559475 4.66702719473379 5.26973187995267 
0.510790439132898 3.85595277172168 1.88607695161646 
6.12009543920098 5.43046906022601 4.98963953903008 
4.86504790755431 4.52344905009814 0.29123246413141 
4.05725963831801 1.77797444485462 4.38405754578432 
1.58692575554203 5.30375324862576 6.09477358933035 
1.42996730871533 5.25122273255376 5.81677734213279 
1.79210949673554 5.85233045227388 6.19942172074744 
2.34712729051528 5.79818837765906 6.24113998913916 
5.13214579561958 5.57731042267335 5.38733905852582 
6.85011993334183 0.886547100272087 4.29811236320928 
5.31160684350561 4.16963375725984 3.16445488119494 
5.59716881811113 5.06818196865257 0.0398688411067952 
1.31174281218019 3.84199615298443 3.26385546782672 
1.28749727573819 3.81534898771778 3.04613570895643 
0.771684252040983 1.81986729882238 4.91467193460855 
6.75208872917243 5.30833321226389 4.04071573528653 
4.77124899432536 0.70939428837238 6.09464446070584 
4.6470734589947 0.565646741175424 5.85872377890024 
0.422321238941544 4.66409646221949 5.85388156311926 
3.58397973355028 2.40390921022549 6.49165869296737 
4.09456934588242 6.54028624789806 4.50072847639934 
4.19929764249243 6.33931654150966 4.65305192159433 
4.69630799879326 4.59927069190049 3.10211526173505 
4.87194423545936 3.46165526340936 4.68489259876928 
1.82044312095304 4.10558489308204 0.91994835005819 
0.219064904064534 2.1975029365251 5.65338273930747 
3.47601719664622 2.57817924646649 3.29584258774783 
3.19565942321919 2.62682083820401 2.88641463683452 
0.92803667779444 2.29691957418531 1.93880392007099 
1.13603898226914 2.47805068337381 1.62742746396762 
3.23366100387161 6.05749618226892 1.93539205718309 
2.51604617634012 4.4915978580741 5.48688182797862 
2.22721332954457 4.55979821624191 5.62493452325654 
5.64195614604273 5.22883838650822 3.86230063404973 
5.34776609714938 5.79286743629777 3.32934876781706 
5.84864253944595 5.88178734037803 3.61392429675522 
6.20398546147801 3.11685911812517 0.969450110377993 
6.0129827011629 3.3666956896884 1.25519457697172 
1.2848252398636 5.17688543033594 5.9285346942957 
1.47259204081905 5.24378062657891 6.18509975585358 
3.05784619316373 2.90807320942728 0.302410470421669 
3.13589625239928 2.64999644048375 0.597649441425315 
3.29513957236745 1.79433668294048 5.38006444104558 
3.42012216495589 2.34230008973796 5.71478969720902 
4.17477663823692 1.90652344134328 0.384021953967444 
2.65589304152084 5.62702207840541 6.78696812525753 
3.16739456933388 0.578134511841552 5.70313668256796 
4.22347641155351 6.8050053793596 1.49941645157585 
5.06837402551522 4.57753417812492 0.373093929761803 
4.2634380033567 2.47620824673145 6.96202237197241 
4.54446107395394 2.54718863361087 6.87818489101186 
2.94883550812593 4.57816331047002 0.62496860624264 
0.51414720168066 1.17686504063822 3.1247448708767 
0.601000336403656 1.42872794427014 2.87043433582058 
3.45413634399856 3.09140890947506 2.28744830934528 
3.4408765713856 2.79053034293386 2.38223109270373 
4.89224532588165 5.8543662394308 0.749631107305224 
5.09494732012991 6.11955591235735 0.753367094204815 
2.49035158894116 5.29687947219906 1.86315515894352 
4.18874002714882 4.32570743798593 4.5829468287947 
2.12710581416425 5.13511716208343 0.216186391008154 
3.30635354479914 5.63790548799223 1.90152397137327 
2.1123836625766 4.42077253451127 3.60668984901627 
4.61064688965459 5.02397689543977 3.55672073542894 
4.19179637738688 5.40368013638433 3.70891103447144 
3.77570341159779 5.22371597726138 2.0067288014036 
2.97013463093627 4.33657684745404 4.54100511950544 
4.29745904562741 1.36512214913884 1.25021759228742 
4.582104085355 1.2514733456234 1.09756987458953 
4.34052320120089 1.25512916107463 2.26761171527595 
4.6457019760359 1.00285120793639 2.58208117300383 
2.28852458894268 4.63470986773523 3.0934611151647 
2.31896508610714 4.93282099630374 3.16905843248691 
4.6903835083574 3.76080735372995 1.38789070612876 
4.4817972874099 4.36428087932636 1.44702368483385 
3.07382384709162 6.42535262001601 2.60764268062738 
5.89871846661784 2.35174131975051 0.760729448496546 
0.264702725314363 3.77738646206403 1.73559407991621 
0.535260627903875 6.00964743189765 1.72272402340872 
6.1251250768945 2.24077465714754 5.52402921263144 
4.09672903752107 5.15766208817838 6.67755605001164 
3.6478669499722 4.785990646477 6.71881155662732 
1.65343168891365 0.947642350812496 4.32298366787699 
5.63753158606832 0.808134781908721 6.45477421342022 
6.49105164009744 2.88751252225165 1.12016997225146 
0.156788100063498 1.04047222900278 0.88276118716235 
0.503387376938817 1.2369708512186 0.20450045235774 
0.729007026410382 5.85510625795872 1.96079251278963 
5.2040040387323 2.27707364592899 4.21156493540366 
5.19501960336104 5.18248102553637 3.15836316753251 
5.48573862247433 4.81270226955779 3.03058311398059 
2.69981751762997 4.57057844768689 4.73109056309595 
2.4830730781155 4.34291770905436 4.904987562974 
0.565753544088929 4.41298856480401 5.29285763280548 
2.29611561363728 3.19930160988259 2.03751688872927 
3.94933039426093 1.71620098366737 1.13716194551504 
3.92248904134344 1.92597959707118 0.655819450187401 
3.69025621662264 6.46487088059757 4.32070016103066 
3.74353642075346 6.53632965658668 3.65075246497694 
2.82845058574007 4.19661798609963 6.41527853771485 
2.76151876001692 4.11284018639962 5.90058077113692 
2.42875754855591 2.93334798161292 6.39061205970968 
3.31538508547892 2.61916988915192 2.26857203014264 
5.0321330853131 2.99872766714584 0.787576963488798 
4.93489546998585 3.41650652582102 0.822687598179155 
4.43936962004607 5.30613542202627 6.17595115857911 
5.39027479994196 6.39166812603793 4.32393949490867 
6.5193079373333 2.9108860199487 1.51348607830548 
6.19934824164004 3.2898948444594 1.68095971074523 
0.936504438812289 3.17467019495007 1.21053595988248 
4.40627570090359 2.97919178760983 6.84002145172455 
4.08167912093396 2.85898515427656 6.95543018216044 
0.533064960463152 3.61129002056452 2.23280604222843 
1.77822046128512 6.28100463999784 5.29349525304661 
5.45104593474819 5.26381715079367 5.3114756365093 
1.14845146200614 1.30584906477051 6.24930580569887 
0.687241165439319 1.31479733348489 6.05225694447861 
4.26425314444888 2.42358322501251 3.94545339292862 
4.0796232729625 2.43119057304946 3.47849607344525 
3.83280335585872 1.02402182183678 1.77288955199615 
3.62215801378661 0.59261060144938 1.7277175628574 
2.09065662346484 2.13000326335409 5.18691521215982 
0.629095978156369 5.66890075138013 5.5501261670737 
1.18183747457983 2.30727269978022 4.94677610318306 
1.49079226658566 2.05890461715505 5.4318434429232 
3.36185929276811 6.21278072716596 2.64378973388535 
3.2833167011866 6.32768714964967 2.4407378725682 
0.407869221203812 3.9769866516114 4.78123842671402 
4.09001681092025 3.6453832664882 2.85294726577383 
1.57572269560618 3.68805913331617 1.97123160361716 
2.5156606321965 4.80545333904336 4.49263991693056 
2.61808383653514 4.75796993575392 4.18800200482548 
1.51845197180552 5.19717139900217 3.8202755723906 
5.68484285445824 2.100744144536 1.20770650832299 
4.03600240918489 5.78072307545627 0.358738310308449 
4.82962494375164 4.74414125237501 1.92080891592381 
3.91838528792819 6.57665348392697 3.56553233437973 
3.30624929583776 3.3708856153477 2.46973925068263 
0.19536743887534 4.76696478910488 5.61992159959878 
5.63153076861346 0.36773333241141 0.834133212430384 
5.73176456277849 0.447881863194778 0.631664621065126 
5.18601501956867 2.6845221859136 5.98073924711763 
4.78021931545133 2.60669280880536 6.09181750473341 
6.34958524407501 3.02936379409317 5.17922825089105 
3.44650886491321 4.44263461764023 2.72020417758135 
3.64815571966864 4.64086227200302 2.9476798274295 
5.13949523200125 6.55344902322157 1.0943115404406 
4.03198226874704 0.249377187337483 1.89582804529054 
4.39889742807428 0.496007839189041 1.95750662405825 
0.567306641441505 5.66463353519255 0.595859870616625 
6.25409412135569 2.45861889925955 2.50377177832976 
6.11584611820716 2.74437485565174 2.68559560732864 
4.57454161492625 0.432218770524591 2.97116520777941 
0.666941174676555 0.564406608934693 6.82442014598276 
5.47305872496785 0.720371108857185 2.2961741338813 
4.8698772593457 0.434475249400681 2.49953575111214 
4.5119300472342 0.205667511806827 3.67759460913613 
4.56367231849055 0.477739270729365 3.96286837090148 
3.3619977356673 4.82734011011877 5.0054050833441 
3.79820829150861 5.42234169110737 4.64579335962984 
5.49651873506799 1.21106569175212 5.44224194763297 
1.73708453549958 6.49461210280267 4.66732394177265 
1.57257254425706 6.55859139002491 4.96241929505811 
6.60412374749902 1.68642292419724 5.15837186005659 
6.5241893743056 1.77790925810376 4.8624822991657 
1.5923845663936 6.07313698618446 6.65903775204588 
2.43214993462245 3.97548992999905 0.371442429726094 
3.4580468733358 6.66754854793991 4.34584396415127 
3.53153120990414 6.74712597325981 3.68851983453936 
4.35043173584422 1.16145090400726 6.16216149263065 
5.70466205638652 4.72276033600245 4.15425545139723 
4.844372007061 6.77572331648823 0.846510630741723 
2.01733502707313 3.25442280635416 4.84318323248866 
1.50646956380581 3.35027693311113 5.08651074429138 
1.50086615130923 5.71571345361287 2.79322714569736 
6.54069992748456 1.13565356372132 5.89638931426768 
0.978336757878807 4.59738237418458 5.85252945128229 
3.286639041886 4.61789125449849 2.29494523355974 
2.71900784599198 4.66396397244942 2.27394927226314 
2.5515668337197 0.948955136401179 1.72027357638617 
4.54032702797127 2.26732742664488 0.36218955180617 
4.71190284335604 2.61837205452283 0.971036264364185 
2.90311375523142 2.43434736845264 6.95665566678071 
1.69890968763037 4.73625704206432 4.00316766493662 
2.95550827890589 1.54455123477023 0.876953511886854 
2.43746011988018 2.45067875742499 6.7276794225145 
1.8188380282772 4.33789561634839 4.80117179068867 
1.67293589213775 4.43028673545081 5.26341839073378 
1.08413149152997 2.92976414247674 5.29626255076673 
2.77276538127018 5.65215357327665 5.54316374302315 
2.60470219355993 5.37995477727609 5.28306630688487 
4.98403031444948 4.74043200560931 0.454750218470163 
1.81309488123784 4.28647040293946 3.68017993137193 
5.47007721064847 0.525577171631462 1.98235361358299 
5.02997580511878 0.259847618552977 2.0248193228888 
4.19546184082549 6.82485980337904 0.972312272824708 
4.05716968725633 6.77394593086266 1.16612623822266 
1.61916012737116 2.11673968892761 5.68451714020523 
6.10208444089412 1.36381445302001 0.254422531863754 
3.63175426782139 0.299918040729927 5.52718035436614 
4.28694103840619 0.514943961249268 4.74359056029898 
5.51969368264488 4.29598255312359 1.17305018302462 
5.06864286564013 4.84245191492675 0.998289679554104 
0.812336668123837 0.443095492775528 1.22913245460108 
1.29136840941781 0.651963497883886 1.23200506514648 
4.14597917826988 0.0327648239337543 2.77973581389009 
3.82084123073524 0.00642763414324928 2.35327452482195 
5.94604263391958 3.23665186639609 1.96803972286653 
5.54437935852065 3.25747534531132 1.83323879806719 
4.58658600487203 4.65687340946648 6.18741001918096 
4.51571544014481 5.20299420917235 6.26220026841296 
5.59041038696836 4.04937074181265 0.955454842371222 
5.48669637992074 4.06124296381403 0.674843987224606 
0.772107467455843 1.44315485221391 1.95061485782402 
1.34354277048348 1.22602409491205 1.63708729581301 
0.800951047244237 0.825919363198426 3.51320214032806 
2.29358764878138 4.26298594396252 2.5290202577848 
1.82911679366021 4.22115929139177 2.46539610756861 
0.829231673415046 3.50092401626877 3.52073654491822 
5.70538566400039 6.03904584659678 5.51051853742812 
5.81719357432298 5.65582374169194 5.51087820460085 
4.68631404195701 1.66150780882303 1.63567015451748 
4.95207419143792 1.49002153214478 1.35024046020822 
5.88441378653351 1.49755948141662 1.52075758855519 
4.75684574928447 4.66775749992494 5.05668417791746 
5.25774718587909 4.4411655320103 5.22851333442651 
3.80477234169812 4.00296543682779 0.374500820561602 
4.37850054426048 6.6129106940811 3.90448708106356 
3.87189699365163 1.23664357027898 1.29384018975282 
3.0433380661839 6.42275930887529 6.4708319707921 
5.6069318733589 1.07431260215268 6.6870719953975 
5.21802806928634 5.31616549889815 0.661825759386689 
5.14319242780118 5.14083257030541 0.352571303345942 
2.49071519118539 5.86239651971163 3.80318786645146 
4.90894952908978 2.94582631789204 4.86927542381407 
4.13800557080602 4.13480893018967 6.12662472329039 
4.07022281136868 2.33737229301378 4.11891954368971 
6.12949597422057 0.723730981541313 6.29079818505349 
2.38408968134839 0.506661119202553 4.89739339808575 
4.84395468336818 3.34957286224356 3.365273619021 
4.9449142642384 4.03558464861396 3.48044623323291 
2.57108858924192 4.07190069278951 0.32297637015233 
4.95392114320969 0.270306977841876 3.04508903173374 
3.74473724929403 4.05712476241198 6.73969902744749 
2.18789236811953 5.96031033154086 0.683334793210758 
2.28007710549624 6.23770171978022 0.764837530958479 
4.88232448759619 0.725330930146273 1.30490116715946 
4.69223372308293 0.358835490353979 1.72327160545563 
5.43857745141092 0.987335489176062 5.59798052018634 
2.59470571746679 6.16378139723379 3.54784470780363 
4.71078197455445 1.65748642132464 2.06977563373838 
5.12025155600012 1.45538132766578 2.35989385453966 
2.06197263440645 5.53839635024976 4.78846853899562 
2.0395572548599 5.57412620315024 5.0115187660909 
2.33065852127486 2.6900656163591 4.73981279117189 
4.71240791057979 6.41642114387234 0.46531543206616 
0.820418975842264 6.30041574524008 6.50442287596901 
1.181694469252 6.19335844961046 6.77629173928933 
4.32243501714308 2.95558091649232 3.9151782043825 
0.701661923328663 2.38438971555854 3.59859570822378 
5.94080321877726 2.71538758799003 0.684259252488341 
6.47813915240709 2.6354744590221 4.5869637963097 
6.26889449428819 2.04220209641866 4.82619035875654 
5.2470751005721 1.23900011829153 5.0187914440103 
0.183573890171784 3.36498766297291 2.20168707099691 
3.56981949830132 3.77085805790129 5.51964837790477 
3.65947972016826 3.8231620494905 5.08119931659138 
5.00994265964346 6.09966856988042 1.60775046226986 
6.43781673914742 5.56360752159004 5.9062943026883 
6.23772387149335 2.92332984190527 5.07542093503748 
6.04405841945851 2.3016505839383 5.30945612389252 
6.29474984589326 1.35262710689449 1.48026770391519 
6.46908741941893 1.29215309503941 1.98037753647527 
2.32547137561012 1.79705988002835 5.08663316979477 
1.83081003208804 0.614459241654498 0.758109038379744 
2.04141166115555 0.386869006739807 0.899557345865414 
0.386093040142865 3.63618085669668 1.33981003206842 
3.07499510901811 6.34147974443276 5.53981566589464 
4.31663468200483 5.30824549835533 2.2726705804781 
5.43245852820998 0.91060508580914 0.247241428050022 
5.79160712434261 1.15787307358575 0.532692075856479 
5.62093906407505 5.44541455193167 4.36362669683378 
5.87312515069144 5.23550224014012 4.93296581006088 
5.72709676680541 1.99576494179787 0.491644742577151 
6.04957867360821 1.8194882480599 0.24873168101593 
2.23784258444395 2.8373027740211 2.06295947444548 
6.3880755364779 4.75627576527329 0.731581089801863 
6.32847060008238 4.77652954059881 0.350294246242459 
5.43125881503231 2.37494398307237 4.03186410793356 
5.24855917601218 2.43048162869856 3.78510547956518 
4.55498804996332 3.07383425191255 2.87641495542366 
4.47087356282037 3.26064198106512 3.24152377464386 
1.04046319079622 1.99227816047719 2.0525080057349 
0.5938984461758 0.987328268890287 3.09258905838397 
3.63682872874195 2.2343441047156 2.0428126487726 
5.34013394292102 3.65332698875671 1.20606870594083 
5.59249325748374 3.30545904753544 1.33524841081737 
5.05263177647687 1.68106319163201 0.781856726121472 
5.13020231470619 1.7337692837878 1.09490729322305 
2.65954334002332 2.40720602968557 1.06441095183652 
2.7986647075579 4.84306702945313 5.43252977871277 
5.17427462436819 4.3049669437265 2.592753822185 
5.19985894705762 4.43543594321702 2.96006501238749 
2.07968256763187 4.98553050024543 1.33860591568286 
2.11968570441912 4.94273542888999 1.47993055333715 
2.86058408735772 1.40916732749552 0.840875188118073 
1.88919319482129 3.15278204356014 6.14327899286652 
5.98955466853386 2.57407919068023 2.15811180406361 
1.08094483045421 6.43939100156917 5.00976806217159 
1.38863260815893 3.51605493691489 6.53922055193896 
0.930621438982133 3.46614650533974 6.51570521645529 
1.10684280796487 6.24364435572662 1.8461998988863 
0.800928281200978 5.93029124540966 1.82806176510175 
0.0455223271841164 3.44998768023186 1.92741216813649 
4.55861151530347 6.93798184864158 1.05366862391303 
4.55096633345557 6.88677342176016 1.43835745351431 
0.390714503445264 2.74777759860588 5.39156411875105 
2.24993084450041 4.81088740109549 0.646401453734877 
2.61469805680004 4.53160586736719 0.409986650633203 
4.53420652475563 4.48126643491744 3.73250022701871 
2.8043993236993 5.94979740211944 1.68340388897377 
1.06321734914219 5.46196752802944 1.03239535033403 
2.14286190330528 2.27467517694505 4.78236644137321 
1.04527824901625 5.8310065616272 0.464626123665776 
1.242055461225 5.75221428572446 0.614781342843689 
3.27324388023772 4.46322931422101 5.90715883903531 
3.30062902178122 4.50361516188531 6.34163024016611 
3.90842535092372 3.45044065103616 4.20917489323398 
3.64989276113422 3.30117559359372 4.52319745654764 
1.99435761046363 1.33633017419413 0.862023964484413 
2.49035892608872 1.15765672613658 1.2094167327331 
1.36133916931722 4.18301197510192 3.28483701397991 
1.45713348959669 6.31761003796155 6.64849958485229 
1.48892377390253 6.08804961750981 5.47279950103727 
1.35865434009947 5.60886651563329 5.42840286827088 
5.46877793669984 5.87736741971646 1.90508258983066 
2.28784746878622 6.15113174662488 2.80003185976477 
2.3333162606827 6.3315420286105 2.5651334634349 
3.3450790033417 1.86187117430689 5.0840892340871 
2.80203959623371 1.964781070742 4.60162884278415 
2.07374466959524 5.90237135598669 4.5440769114012 
2.56012871068559 5.91750472368229 4.27930163268628 
2.21349373384236 4.65103767055456 2.93376851503193 
2.20217316095434 4.96726385980488 2.93043311740865 
1.22168478849363 3.99971986883015 5.59946164867774 
1.06201140537221 4.42554087026621 5.5319818787438 
3.21682222897904 1.85922396101538 2.73866597447536 
3.29686098900813 4.91782295979202 0.309668108608374 
3.35273115547323 5.36101534925365 0.679625879112338 
4.06049527205389 6.48663898614281 2.70557024809382 
3.80144987299673 6.59241852153096 2.34190106788336 
2.86567846468818 5.6073003646552 1.6478027026183 
3.71877102380289 1.53083218030374 1.20130033974837 
3.50348152505675 1.44737444482385 0.886915577504956 
3.46917432138248 4.49844235526137 4.75897260387655 
0.33962275217747 2.0230104424198 5.01676825168066 
0.445632936077193 2.63986176195478 5.08255986560023 
6.08002006731871 2.22133414362725 3.19377841545257 
5.08816384378133 5.18173766287872 4.07676563947437 
5.53870356673968 5.17827007187084 4.07236570413581 
5.29207950591264 1.60603932981858 4.54576804448462 
4.70258910099149 1.57142290587764 4.09389518007338 
2.13961384734584 2.51607416951666 1.07360852430951 
4.98754112092335 6.20513632677312 3.04103616912998 
5.09145988763852 6.49836197509372 2.87348205736096 
3.09851751961066 5.40076191045206 3.76124268745011 
2.88818291478296 5.37270560573 3.89432249560279 
3.63910032812526 4.1127037974085 2.55772162552674 
2.80655328396888 6.46909890608056 4.42854339273285 
2.70498800113858 6.57986720997478 4.55570898641141 
2.39402100215693 5.73702133374301 0.6899128871586 
2.75305384410285 5.80987169414695 0.829325981458072 
3.14464169002169 3.50491758488966 3.12889044439143 
2.93249479736745 6.58417394523391 5.30763255519686 
0.627795199923765 0.927504132358511 6.79301358463797 
0.644120335139851 1.11990721132635 0.145477766828759 
1.23650405541773 3.46556795152938 5.03152302783957 
5.03545854883545 6.09924695027122 4.53491968942895 
4.25645576207282 4.18063592082108 4.35152220264014 
4.76288870722293 4.33159355686382 4.07760024276497 
0.260065781292417 5.92380254097547 0.919251999380083 
3.82700011514767 4.47223044557126 1.52810398472381 
3.53186510368059 1.74227067676782 2.35343612363719 
3.92800149130846 1.60861574972797 2.54957300881793 
4.24981345689937 3.80235952943642 4.47482270444451 
1.97574128751539 1.07241314871266 2.86604677856145 
2.05439535667028 1.40682961083077 3.01214807201103 
0.962326948982333 6.79642219495922 1.38719355246578 
5.64279742653323 4.64521496992702 6.07039128308277 
5.53508105031654 4.67429888486056 5.96429575191743 
1.47927467275293 0.33773033471121 1.4409688271319 
1.90850525309823 0.159956497298837 1.21675099806563 
0.353664341787182 4.81152596394856 5.85924595729541 
4.75867327761867 0.690189344010663 5.12438714802729 
5.7039292734775 1.36568566723733 2.2889933848107 
5.65705507609715 1.55608190158998 2.42499391910959 
3.05362002313125 0.934768219576154 5.51640505512225 
4.45615120185555 1.34361790181143 1.39656832213765 
4.6500703826541 1.2511937491827 1.23828690275804 
3.71020734885182 2.70794256567438 0.733635640543535 
3.956616477753 2.41216981521703 0.741018611280123 
1.46418211780837 2.66743434554037 5.77244189226848 
1.80550925809547 2.86969609308821 5.78972496975089 
4.73041074398945 3.32564402782333 2.04279459583308 
4.72398383001693 3.42339970952958 2.34205770569261 
5.93811058591606 6.36194014630947 5.17523632925314 
3.42381139867423 3.3141213786188 4.51586220661492 
3.15068926519643 3.4675067481985 4.08465816238822 
3.16202163488315 6.29793858113691 2.80327613595555 
2.82927794041612 5.99263983685124 3.02189315422676 
4.98045702201013 3.37882101742494 2.40138814818849 
5.34536865308163 3.86007580547423 2.57485088299265 
4.12175822707174 6.10689773147258 2.93204982830645 
3.95059408637021 6.31868044222393 2.89188557008168 
1.74338362483773 4.78205773468405 4.41762964731429 
1.60724614537685 4.60585591427161 4.54298974924285 
6.174823665915 5.89247065161373 3.38338222610338 
6.07672443968577 5.83164436747609 2.91486284219844 
2.45247367026568 1.46789355410565 6.3617728113834 
3.39652177045304 1.04823545157207 5.10939421518614 
3.84796888102755 0.600692671538121 5.16995936927889 
2.86832796543403 6.03923614423333 3.35219560342238 
3.24746615384643 6.41566809824336 3.3188642496562 
3.90640752596181 0.427598917773888 4.86855412211981 
1.03682122652403 6.19233828213131 4.36485857334239 
1.00402421636904 5.62017157834988 4.28431837537701 
3.24693631656265 6.01877398734567 6.71923600000276 
1.49065848733598 1.77690281875406 2.89999059707491 
1.8400629916417 1.50413188508906 2.81272380261735 
0.838206341979393 6.36326341194456 5.66101897163471 
0.491888042043001 5.99360785486141 5.77461094746855 
5.56060840149823 6.18454211639264 0.88845945770772 
5.19591668423523 6.26511463073515 1.0162533539817 
5.09825442557642 1.5020758083956 4.9446609961066 
1.02252043424934 0.549305919496494 4.73360990016144 
2.53218807457863 3.49317227351912 2.9572287267128 
2.98444696615714 3.32475749990995 2.96708876954504 
1.60685628554192 3.93895209330893 4.45915683787602 
0.704505048114957 0.499944693361188 3.63713460870724 
1.10837614902672 2.90567931419785 4.75425362911584 
1.27806665604582 3.25353077950692 5.04897502196568 
1.24685476648531 6.31341833472443 2.16224774146944 
3.68527120832789 5.44747961947889 1.73702127585818 
3.64527834257303 5.20718803633051 1.39291410060956 
1.13068470282147 0.262271538101169 5.07782407698281 
5.28911261688483 6.38911478258509 6.08499727887884 
6.75876562151211 0.829250880996287 4.6019381021283 
6.40947857729306 1.51248317964472 4.69559312006184 
3.76651480112598 4.11691435274337 5.05834043204713 
4.13594144147103 4.08647986751504 4.89540036019967 
5.05035095632786 4.04889879700242 3.97512947107159 
2.22883390902885 1.996036537603 0.54781090062342 
2.36376915047611 5.09209688476113 1.08512445588437 
2.43935965826624 2.76772435666648 6.70995666586896 
2.95760062578595 2.743700813007 6.96921319673268 
5.76800345415686 1.53417721599644 2.86399153994455 
4.49527220543857 0.807517247424597 5.08375149934407 
0.451180019294422 0.773331312227772 4.60019716021442 
0.696477057365497 0.433468466098805 4.56363548522803 
0.998467479211291 2.81202883184722 4.14040803529938 
1.12721668003044 2.9312860235979 3.90310311689208 
4.39137338610001 6.37084008904212 0.504867090781542 
4.32651062025001 6.00763064105172 0.587191591142897 
2.7728727227491 6.59631297851578 3.75170484479686 
3.19546059563625 6.68253340305409 3.48091107540075 
1.59558705158541 0.605781863249645 6.57344719859799 
1.41419745629105 0.334532272290894 6.64155516282168 
0.856026468410749 6.24577049291403 4.64126906936882 
4.54532735369368 3.96810947475125 6.72762884419985 
4.71310045039833 3.63980894425022 6.62590749859188 
3.89450432601483 4.21264339426701 3.83898552321391 
3.89256227763544 1.21095005840384 6.49645253586594 
5.88541267010257 2.75076595643151 2.23300221992549 
1.53360155851695 2.47151849694125 3.30865687368976 
0.982866316705676 2.71462296838616 3.53358675434259 
5.24773422466646 5.37133533165035 3.50417333018243 
4.92089547566389 5.30363688957793 3.75171135616164 
5.85462848253672 1.65313538717445 4.39439289031263 
1.08359439346593 3.23018605249517 3.90655054242774 
1.91567226698138 0.924937457902495 3.62501051996253 
1.71989160363329 3.9102845387299 4.62871613169665 
2.90476108402474 2.74105194180012 0.951831547509625 
1.85587658755147 3.23698162681931 5.47064997990231 
1.62434102752557 4.85753972749303 6.58385276562173 
2.39828892356746 1.9091159918138 4.70663192060766 
2.33945008521654 1.78687104614762 4.55478672626291 
6.205794906976 1.9655964564417 2.9414186582021 
1.77854356990613 3.07901551486666 1.53523195820518 
2.67334970213147 2.34018780943552 2.7471630940146 
2.40370252202661 2.39639762665397 2.457647316995 
4.03397026299003 5.52313928904248 5.27458988085823 
3.93340928843783 5.51763207681716 4.73724078017512 
5.81616799366447 6.2171998535357 5.84268410502543 
0.555537531554783 5.53265254594613 0.863140839787269 
0.439088860300474 5.86911443341917 0.600928417498453 
0.418560015009896 5.98661518995228 3.44328253995218 
0.7323638886778 5.99321320016553 3.56500448312558 
4.30846999743433 6.56771632014803 5.03143260313508 
3.78508030213197 4.6329705584177 4.46783909849194 
3.88826673671671 5.34900609666491 4.54584202706223 
1.65168150958059 3.13367674633229 6.40367749836202 
1.23664114317396 2.68225927660944 6.15635237490938 
4.21291515642417 0.767274103057157 4.17271304967705 
4.27321690355283 1.15064680289014 4.07023066751341 
3.15432949608616 2.83041608416398 3.40078775690663 
2.98551206516003 2.84125037180944 3.12405999690511 
6.36209068651353 1.09518045354433 6.56748652631057 
5.21963377336743 1.65693833865036 3.10339446278317 
3.61359622275342 2.27760625424839 3.48069179440946 
4.75321438556114 0.404186949439959 3.17376838893765 
4.66033851166099 5.47033452297582 6.15075514936891 
4.77577589892806 5.6391588271347 5.61888605578879 
1.88021601154526 2.01607972399259 4.24581050757966 
1.76574396533415 2.35008257878934 4.47664356699966 
6.05209384922188 2.3969692984257 0.735957512677472 
6.32126029142323 2.10195758621732 0.370264630616457 
3.45976304294711 4.40616186739456 3.80754029566232 
5.85581985317286 2.08601829892271 4.05608750489693 
5.82346393788264 1.77920831781764 4.42082260105425 
4.02467914595923 4.34143814801357 3.99046086545674 
1.63065668672823 2.55111275723 0.374369562181424 
4.18847606096677 5.24985760133276 0.0896935440331142 
4.50577640481231 5.15263094439034 0.0237677112144192 
3.69387922764041 4.23129787850871 5.70770127440539 
3.0144029525617 2.76936139005285 1.88992927656889 
5.30962142945739 5.4781270101488 2.08211168868044 
5.38146995691796 5.33036496351661 2.02042905586839 
5.84545113550446 1.47208310870298 2.15775257420346 
5.79140463623317 1.6845734789109 2.31056556030983 
6.65300776101776 0.995960023446108 2.11433985029221 
2.21901960985177 3.25019830967877 3.06297403410617 
2.27094130657352 0.763842354760559 1.97795188470931 
4.59501745282174 1.39109708985497 4.90923795981738 
4.4068344709004 1.4747594008118 4.31026062504547 
2.84203433417544 1.39205538140913 5.71838856967741 
3.10045245582048 1.26697852210915 5.68251120367956 
2.48597569741301 2.61048080356397 2.0212220067809 
4.89435164681909 5.06090368585024 1.24680338549965 
0.310597460876119 5.74933537670796 1.06407578566921 
0.244857146491498 3.14830923904235 1.28213575725834 
0.813024759010306 1.6104345556793 2.80726365260276 
2.77627397032252 5.34616641118309 5.76782143269823 
5.47569258179426 1.65748074471603 0.804540599407325 
5.46843102789892 1.70174641394922 1.06559278862993 
4.98194042342778 5.18955437317144 1.83786564902398 
2.63897554018563 4.74144321397232 6.85287050001768 
2.40894613291086 4.98508184060449 6.7763075981641 
0.65292234278235 3.66041833110611 1.3251725161691 
1.59492525616612 4.58119899450303 3.97164348620418 
6.53354773065544 5.18709412588722 2.96086201338693 
1.23284231428301 5.57029240189747 1.42299788972625 
3.43701725996049 6.41267670275976 5.80273962436621 
3.60022714412498 6.2486455712183 5.78868733898957 
6.53102344921599 4.09474407860346 1.86821075364496 
6.41050977748611 1.36481998315276 4.82509637539533 
2.76566569681337 5.45605354148146 3.71260288335175 
2.9114145164605 5.48830360273139 3.59318203856031 
2.70570267159437 1.57375206156642 6.2887371598454 
2.72069788624871 2.0307880066767 6.27260799140389 
6.25911183019625 4.16049853739991 2.25386719661814 
6.13045228110346 3.79632257316618 2.38878823661097 
5.43389114054308 3.78816734887463 2.88234746838648 
4.90286722704098 0.560063412742552 5.47295261463497 
2.24017081626451 1.56454036704347 0.568743906833237 
2.78248141061201 1.49924082986473 0.672093700815837 
3.13919604827105 2.17965297125154 6.70232933999911 
4.41777433080545 4.38894904018048 5.83755761099176 
2.4716845723942 5.40885246071304 6.22116439092226 
2.10196948471147 5.07695972470634 6.14551337808026 
6.60649468905907 1.3351375285146 6.24059780626693 
6.49492082750553 1.73747077362018 6.18817285673929 
2.79102744239055 6.4143386446596 6.40963780716097 
2.6620217128753 5.34677665970181 6.61749226932017 
6.35329711729655 2.35394316665608 0.986780286317994 
5.63094698419703 2.05224520752639 3.41939823997692 
5.44717060350115 1.61596277943674 3.18399862950528 
5.85170760174061 2.04786620034866 1.38410585279547 
5.69525305563974 2.29587402901754 2.0136340020085 
3.36878889468441 1.81155779366331 3.85081826783016 
3.50117373196419 2.21109467022328 3.79571178216827 
3.42859001480097 4.56448876803101 3.95891065513324 
1.01143163850156 4.18287274533378 1.60860477025256 
0.776043316262683 3.81145517637581 1.68112160735351 
2.15942369074898 4.47939898996509 6.39913482981375 
3.69996533795511 1.19588506850295 3.49212162609946 
4.03469045416167 1.32681774337893 3.17267988574872 
2.923217461187 5.62774998303521 6.84457112827569 
0.400500301728052 1.2660343345781 4.06769820087346 
2.81011844064762 0.888834396686831 4.5438500909421 
3.93779464469751 1.63451343290775 3.04150353173668 
1.82642952398026 2.83097217786809 1.63940190928687 
2.02916601186222 2.46126083669388 1.38775120822035 
0.716318802677229 5.60951101206202 4.95650162628299 
0.857376629658446 5.34905340429325 4.71748071377643 
2.72404458781518 3.62787818561039 1.16766624164452 
5.30955969580221 2.95166772089254 3.60652225668507 
4.68623890808582 2.40498219188705 6.61678632421433 
2.73707913401595 6.13878845455527 0.931353536145557 
2.75025302019813 6.24452343187137 1.34164217464949 
1.6042709570885 0.0727006070971869 5.01033457250696 
1.81470501073975 0.215537670825184 5.33845800456413 
6.12521322032906 5.07760462145797 1.92794798044692 
5.85179297742567 5.31898646094842 1.67179703291891 
5.11047815993557 5.63220016248335 4.57042704929178 
2.46132341963415 0.772105873510925 4.86251993936542 
2.24867109561085 1.07916023523872 4.60090925019918 
5.89518415501148 0.184807768441717 1.92530902727959 
6.05881161475659 0.198774142246022 1.67181679493268 
1.54547055242354 1.20519175192459 4.46092672395318 
5.67096600089574 6.66665712178537 4.78347330720453 
2.41824544981936 2.20305110373027 6.34167043127082 
6.32074645123598 2.21790817977853 1.25345447962351 
6.45655305145808 2.59328595635529 1.66175993752018 
1.53016379369471 6.62914458892889 3.98109297393614 
1.19752648985977 6.67898100951798 3.85706357969289 
3.74123816219916 4.63224315516806 4.12303199997137 
3.84291108529478 5.28151066613224 3.97865395617235 
3.29714224634882 5.96845661457518 4.73714918140426 
4.89147228108883 5.48496902573236 4.43593544801658 
4.60622909047314 5.16431206668975 4.79971382452638 
1.49432364058584 0.102716682168006 6.32198367521158 
0.992414886723967 0.0039281474892171 6.16651976213767 
0.0541501126190626 4.96807197523185 2.72344260173036 
0.0216344113860073 4.602016765268 2.739023191975 
1.69834842636165 1.76056752398699 3.48235682679206 
2.04731615912487 1.44749643909694 3.26494074483738 
1.61822997247779 0.19738474740887 6.20876027686392 
1.72459420903085 0.567759964619903 6.34866939462454 
5.69744141389119 1.35401832616131 1.36620630840905 
5.46283252827954 1.21173567069902 1.54434862180978 
4.99767401653698 6.02109474812645 6.59819666005939 
6.60654531928272 0.566426604356497 1.53870237286111 
1.48768498274965 4.44568381582848 4.36304314661882 
0.776658855006438 4.39088980692926 4.32915728657137 
5.96258619763852 0.931628278661983 1.13146045740442 
5.78535174174513 0.671645046816331 1.24379788595538 
0.656003791015957 5.73970348969317 4.74589887184205 
0.781567846640537 5.49940478334554 4.52617466173041 
4.54197586875141 4.69403757047991 2.08701713568497 
6.5721957932701 1.5179651745443 5.17621758478936 
6.31626609498149 1.46479054244747 5.54797929273522 
5.87216215096606 0.513719178732343 3.79230968440073 
5.81748317120173 0.843911356771037 3.66241257929353 
4.46056046001333 4.58972259948704 2.86053437598508 
6.67108925260915 1.80088695134081 1.22951348713147 
3.00913633288146 6.44576584788217 1.39430171479147 
1.49789606444458 5.41991763104752 2.81123682234651 
1.0840249455093 6.16534010146512 5.36298966447417 
0.941982020332689 5.76717732456983 5.31966932242164 
5.26352944137507 6.17208079571537 6.55527214878049 
5.48652905024473 6.6561360575521 4.72227711975628 
0.409996599272053 0.4028084977094 5.92397579010172 
1.43232417608667 5.10344198637208 2.55356437227954 
1.67455308434519 5.28263115291684 2.68572747221224 
2.60129940660414 2.68622884489739 3.15261627908933 
5.9239370652277 1.08526657658033 4.9131129299792 
5.79321291352575 1.12941272414312 5.39224172726499 
4.97771825247377 2.33356380684346 3.96527441052046 
4.70669044100091 2.09444435087026 3.83926757072098 
6.38663893036393 2.21228480219244 3.603478320182 
3.26680760216268 1.04653019446614 4.67562598035914 
3.33583927416175 1.46446216951529 4.56899071110113 
3.90886597682662 5.91557454221925 5.2279799279067 
3.1011999072025 2.56039924058968 1.53633679784984 
1.729960859553 3.87024381500858 5.86884215346728 
2.23787627417938 4.31765319641542 5.8926586785497 
2.88359437316708 5.60758627929615 2.9440588171043 
3.67124053634626 5.40234494254067 3.81519152515764 
3.3474482936697 5.17347630849847 3.6787983310668 
2.62581761167928 5.1324390471833 5.53041739584233 
2.18099233453041 4.91045043881365 5.69725832666029 
5.6867705567916 5.49927206563204 0.665668490213835 
1.48269599713884 1.41509860667375 1.02904877932399 
2.10107219956823 2.89648952875266 4.54376592711743 
1.74482782500993 2.62473060188176 4.38119542474126 
4.69822024966117 5.15428892613846 5.08050677336955 
5.12470223450422 5.42793640809293 5.18299731966292 
3.75248890193255 4.1718261337389 0.5011810887269 
6.51348915314783 0.312587503321149 1.67872889157531 
5.93394396026947 1.62008694917107 4.10430282553064 
5.9031206461377 2.00246660598327 3.92553656572557 
1.69670748533204 2.87410152825478 0.411122852629291 
3.61709488992678 4.7905093380894 0.21859877541081 
6.51191542069032 5.41357128960407 2.60416718141058 
6.54705298485623 6.06499366320491 2.42797711054042 
6.46839721322595 3.64648687468731 1.95997728962553 
6.22192612584008 3.6170606421739 2.29840474766877 
2.82239008360661 2.15548932041165 5.86650371895904 
2.85864048103898 1.74324455447647 5.5301030663896 
0.907266657989153 0.425856011185735 3.63456579529182 
5.13958066496007 4.22593900361225 5.46711061730209 
4.76755557857501 4.1875995639914 5.49410043501824 
4.92350444111107 2.32413045871223 2.8182765434858 
3.7787216528193 4.3591309927128 5.54768420953477 
2.24837423099407 2.93217084886575 3.11387851583435 
6.02260418053619 1.32434169748522 6.79011121538782 
4.7427156112384 5.37384694119112 6.2356588775658 
5.45319876584543 5.06750040366419 6.00742308993037 
1.6774901929967 1.82274694347464 6.04681131442914 
4.14402593395598 2.69177767906631 5.24430123359077 
6.54794491000186 6.08207061370425 2.08588756826591 
4.36173718997469 2.41289624098207 4.99457023164603 
4.80704633788227 2.64371718504615 4.72604408855355 
6.80555759652798 4.67020462742262 4.53808087901771 
6.2452474116576 4.77510486649515 3.68751204614578 
2.74327895927608 3.60381989589072 6.2506235931283 
1.14198147599169 2.63264246904667 2.22755577912027 
2.45548701996272 0.775552119964671 5.11614484880413 
2.2397792954338 1.13346650295478 5.32724057958888 
6.39103372196262 1.93801346197294 5.56499221160936 
6.28794646270127 1.78867501872145 5.70126732088525 
3.5403555621256 5.93378093219356 4.62069721843676 
3.85561691897995 5.89891268983868 4.80509557776597 
4.35825155585258 2.99987994899481 1.8390219524336 
3.69112481600524 1.77152270402548 0.529974697490258 
5.0137873668292 5.56203280639139 6.6210589377642 
4.16825265788853 4.35603289098994 2.94793043121524 
4.10734378754654 4.09121380437452 2.69016862068304 
3.51482720639628 4.78438060098982 5.49179050976712 
3.87852053104183 5.25700032008433 5.6035562040035 
3.40261402939342 1.54655754132737 3.44512977674653 
3.53612446622301 1.77195173878361 3.20355201881733 
6.56492772853268 4.58584420518762 3.95158460345283 
6.60944999478486 4.27509359776833 3.68443023114384 
5.3327246263586 2.27309460305138 3.40207497574691 
5.06030455506239 2.05888361611922 3.22239468398406 
1.99484495101408 2.11007051419583 3.72595113505111 
4.59300927886624 1.72769872708734 0.37504198247945 
2.13246039428722 1.90041447257753 6.40809057768462 
0.569304701218328 4.19411702934743 2.5969452409843 
2.13373994268441 3.66726558624637 4.5769236891975 
2.28732198101186 3.55206840447872 4.14053308132425 
6.31201414755502 2.70531984938091 4.25309054422217 
4.84954735041358 3.95653636978256 5.45617117683377 
5.16603019147187 4.0668736592226 5.43915891167313 
4.93343556144333 3.21828757691209 3.67947892590556 
4.56801169374245 2.99534357618447 3.98115939496624 
6.27636448968297 6.21277832542094 1.90461308632721 
0.96163082094258 2.36654217769671 6.32351552434571 
5.03684811236391 6.65060917003993 3.75064622815239 
4.72720731408042 5.94171899661184 0.542311199970993 
4.84579337041554 6.22139424700387 0.47280027211439 
4.89283648279409 1.08149133340205 0.342392796751273 
4.8020242588113 1.47071335201262 0.675227115187311 
0.791590813207783 0.183566851294442 5.73803145549354 
2.83998911617901 3.9627254946969 6.5501678620492 
3.39209163064732 3.73920203494926 6.79029408216724 
4.1093950498279 2.34303906993407 4.81052532345392 
3.86969041391147 2.56059937021841 4.96437151830187 
5.1835130882814 2.82553994146217 4.88328556793708 
5.04595907258265 2.53353217057699 4.73674686630174 
2.15430951872684 0.260090941887923 1.76691682502454 
2.23366090937162 0.194920723801706 1.58607186138833 
1.82050949959536 1.21593662269523 5.83224781627434 
4.65777044299806 1.87671872201043 5.26223085267563 
3.44751886598939 0.704851856224197 3.45587477332683 
3.62125765684949 0.555929999262093 3.84852633924735 
4.23030081941154 5.17022114560647 5.68618282196959 
4.29820834203554 4.49258859054522 5.640277253858 
3.42998604637319 3.0451516565876 6.78953716619578 
3.5443606957168 2.17873984275745 1.65950388631508 
3.39306877889677 1.77649203743325 1.59070041513898 
1.0594877923746 6.56773316242715 6.18165730407069 
1.39241912387509 6.53520997655569 6.25224134373547 
2.52208149597357 2.58738238333324 3.46279122116658 
0.211460405782335 5.49805323067138 3.50560704245063 
4.2383276354819 6.43748949771761 5.32486865214214 
3.95706897531855 6.57120366550045 5.67242592098559 
0.555681319469203 3.87442718994351 2.6682642994101 
2.29360950065751 3.10152222603102 4.10398992722295 
3.48353857360101 0.532684033761931 3.30000447166322 
3.68926776409465 0.239437825852467 3.55801252926962 
2.05740577658829 2.96818346559261 0.895240131647394 
1.88807858230425 3.19685823406227 1.09248082611853 
1.56096484974359 0.976162050414267 5.94160423192556 
0.270409418450579 4.8814832096524 4.02303470180534 
6.85882878936021 4.85509011640345 4.11481794321194 
5.42956798022962 3.80591896635241 4.24870715565789 
5.48380923832741 3.7460213719111 4.54665171094917 
6.74796729149207 1.7882228552958 3.20228609773997 
5.01465670650165 6.19744310625729 3.37096884975094 
5.14361149840633 6.61766256152083 3.60928453656084 
1.37446795037398 1.83666305918027 6.23380707728859 
2.42174174414494 2.31916790656459 1.66203912577015 
4.41807948755217 1.59060852907131 5.09339091441416 
3.20833504913165 6.02549210877306 5.41677928581973 
3.53440836772439 5.98050205468771 5.56934129210495 
1.24008110635292 3.18367656390901 0.525398326692474 
1.26162777330891 3.31258998006652 0.744959981007094 
4.39217616109473 4.12960824256114 2.40117275532717 
4.59658465524124 4.41408803790059 2.48415489157494 
1.77150054812069 1.39597907511743 5.29888999143126 
4.62297645915361 6.132919453636 3.63916950818303 
4.65385688591931 6.35742637736562 3.85951053615156 
6.66751060900314 1.10481546368765 0.827885545902479 
2.83775701882713 3.80788005801917 4.15656496704951 
2.79278057637084 0.863431082786363 5.50454022888535 
2.58419315422743 1.1341727176777 5.63346828123146 
1.30507629589688 5.89499055565163 6.80179755083667 
2.94298843674966 1.79485199490007 1.42880353535182 
2.7624346965397 2.30280000174572 1.40499604641908 
3.99562098170088 5.4620158619453 6.40651013663789 
3.92138613131248 5.83314215922129 6.4906516903279 
6.34424664614739 0.889699939290606 3.66349110795051 
0.170901363653787 4.49976684502684 2.87477501891262 
6.72475961675932 1.98397691989578 3.57284536165953 
5.05610507026448 3.72843988285406 4.10134073964051 
4.72170879109694 3.53549552742786 4.37902340994563 
4.37221782068751 5.0332672361413 2.87047459840148 
4.31717245526384 5.36155649170732 2.52029804370135 
1.62828615772157 2.03813730494352 1.05215374196286 
1.67638191010064 1.53742137345764 1.10275014158865 
1.43459126993806 4.44650280732284 6.64140376535964 
3.05020001873311 1.05334353028217 0.81427683717409 
3.51512966787547 1.16261843527866 0.853828336210597 
1.71261535932871 1.5301495024003 1.59703568965305 
3.27752606050117 1.84930725679555 6.8882305343029 
3.55671931316697 0.559967097930023 1.54582790673054 
3.74663435369893 1.00294369266903 1.11140415862723 
3.66062392010354 5.49881935959246 6.24746137940108 
3.67109137371992 5.82738619510993 6.35488701339596 
0.411086749341472 4.66813528366341 3.74006738736554 
1.4851541396421 4.09283430056979 0.722923698668405 
1.20308808125003 3.62891827421209 0.607651109957772 
6.56249149275023 0.94423992755194 0.873168070642539 
6.40924110003054 0.890004467723785 0.644350504876968 
1.83055924592111 1.16023479105743 5.52670659399816 
3.63677187722127 2.93941793838927 6.66385619924163 
5.3839553637366 4.37525270653958 4.27472037995507 
5.36907835472662 4.12604831375084 4.09030485075605 
0.493987125555919 3.71872554150305 3.77747420135575 
3.96868042451794 5.28694916184342 2.93341956052813 
3.96302349152297 5.42714463672535 2.76869200575225 
1.17271956156673 5.57158372322522 6.65705464659432 
0.682324429208761 4.42303457833208 3.86500695792509 
1.07726249571922 4.56356777006109 3.62092761438523 
5.28327089384239 1.41554512795096 6.44231752187781 
5.16270922628556 1.3317745814324 6.16368075644913 
2.99579623191398 2.24371820445444 0.431272813144939 
2.71116181047673 2.07278458121205 0.689380921924079 
4.03678748008123 2.91447103558147 2.2903796621062 
4.0013386939239 2.76559457682583 2.34265135104585 
1.09872587452691 4.26007196742278 6.35247958778857 
1.21577415699736 3.93677313182625 6.24154788776611 
1.6730302847172 6.01658628290541 1.05893046180597 
1.58707379041547 5.80511782065371 1.40261210543809 
6.5452002265567 2.20563623797993 0.85558257846829 
6.45107107317225 2.05083548977253 0.431417533666652 
2.88764416558725 1.65052085720663 0.710705481167945 
3.20733119775658 1.90827374827406 0.392233376885212 
4.58036481808402 3.21347282997894 5.29065794955497 
4.24302844476802 3.07776218237416 5.35499054683687 
1.19267067368213 3.43967053385364 2.76556061443717 
0.964596785918325 3.35050976422603 2.28061262247913 
1.62436860323681 4.19998659876582 6.60355413659566 
1.42050235799761 3.88655467604766 6.31238692103867 
1.16008307496514 2.97484127210711 2.82652388255179 
0.966692595694193 2.83404556810615 2.39202582576955 
1.03664749731782 4.20770478017753 0.886405541006801 
0.864740595470896 3.97728305267807 0.811516914757474 
4.93309061252046 1.50987002723271 6.566653289568 
4.81487436375318 1.41372684102312 6.27447037871036 
1.70949701816501 1.70119201627867 1.67696631802482 
1.66123183867079 2.13413136828924 1.36327878025647 
3.47198753089905 1.1879986714428 6.39095146663253 
3.04754958464081 1.43574788546429 6.65218143378042 
6.56929482959365 1.22561822996864 0.427580152344143 
6.48860453523063 1.15628914598049 0.384949694798434 
2.68952152617527 1.59084381357556 1.72255934609105 
4.33788963353314 2.09279295985216 2.34665014665081 
1.54994184835054 4.74586338354821 0.661567169261691 
3.34215564562452 0.907406115914228 2.18953446996116 
1.80338871260357 0.207104567512896 4.67227903065759 
3.04146712756718 1.06392134310894 2.20638486378401 
3.07791148342164 1.40343485791198 2.18368527200792 
3.78690024085553 5.70056204916572 0.664928611671593 
4.01608592896937 5.88042002988834 0.953327904211334 
1.13614983535649 0.473848482081485 5.46640509183013 
1.46399092054906 0.485540034479264 5.61418133822572 
5.62738078856246 0.899634775682107 3.35500510537084 
5.44057498026771 0.430365009110756 3.05555872543879 
4.75491250967563 3.21919342687889 5.78016366241912 
4.19880607667773 1.37663576393686 5.35438139027197 
1.48132867075721 0.819984580477834 5.64197393109513 
1.0907667831419 0.752277768632047 5.45673488124904 
4.0940858912809 2.36733523793295 2.09511960504273 
1.92679002583041 1.45996545747372 1.74731372580639 
2.45741568072777 1.25673855512168 1.57083264764385 
6.24210181004155 5.26915266600798 0.765310819229273 
1.44869133256135 0.446519085318247 4.14521011103599 
1.47392311717795 0.541325526623905 4.39395996829296 
5.15143971457768 5.96305886483256 5.38397961858404 
5.06215443858223 6.29760039742302 4.91567983676695 
3.5904981269939 1.19044296768843 2.13134913834029 
3.39255569415076 1.487885195561 2.11380806182555 
0.64348061664679 2.36020557098816 3.86122457878289 
3.84706986024969 3.32301799489911 5.85606775121425 
1.8448367179524 4.22861018800123 0.762831991079261 
1.9169830306995 4.63811726074574 0.81717448832756 
4.57470198406252 3.11071589346837 5.89534640672696 
4.20413753987183 3.02668752161475 5.58347900163404 
1.91437156730096 6.3806683333777 5.54331454622348 
5.94060413376779 5.37715199326055 0.959271564101147 
3.22230369935743 0.726345062919641 3.41223585579369 
2.77712234651705 0.667458614738325 3.81542579606332 
5.04340701756775 2.09178703423518 2.37562388973365 
1.38820461748539 4.46411296202328 0.563796551572053 
1.56016506528205 4.19033259653742 0.616432470753804 
0.706474836295027 3.36771277152211 6.23361361717292 
1.88991506177985 1.01030124853733 2.04824359097352 
5.72186952396024 0.665315711479566 2.50473776487663 
2.53240924171971 0.255098261654228 3.60269705943924 
0.690622461796536 1.39316676204777 2.76934231768161 
0.81936639832475 1.07245609775064 2.77730428660593 
0.632111238982899 1.2418031420746 2.24661425627003 
0.806111016122535 0.903538591300157 2.44438270138693 
6.20849816568848 3.01567635575575 3.06622373381963 
3.90483780275666 2.15140663298865 6.59803711184634 
6.45289607871063 0.769330490673578 2.43816410655108 
4.67594345744659 1.97512508202999 2.1228379460524 
0.666703403854624 3.29389886249526 5.64902950523165 
0.778716199984243 2.96966006084958 5.56045019853716 
5.99878454051847 3.24803725170777 3.21569030397936 
4.9511377228053 3.52945581637051 0.553565926118137 
1.05009163283786 2.73341329758833 6.14962730579776 
0.806860023901812 3.23075592323621 6.38235168726102 
2.21102729040357 6.46178865003857 1.44248041170256 
2.19070131306061 2.76749534388408 3.51114866036215 
2.07588303253532 3.02036063537247 3.82737954954138 
0.534389824671922 1.98450215557135 6.05544534187645 
0.710497351373941 1.74890375282987 5.93739323714928 
1.60861343523103 6.04898872635648 1.51119357438607 
4.60977255005772 6.58364301177403 5.15397713884009 
1.38326124286477 0.875696726537479 2.7470186848116 
1.82032660295727 1.14153823238581 2.7257651789401 
3.75073390074101 1.78912019526442 6.81842893485947 
3.80836594240364 1.35410386510378 6.45834679515567 
5.9025769991787 0.947219168185365 2.5540041493003 
5.91317805017726 1.12200868144695 2.94985081130301 
5.40839510036831 2.98121511857417 3.20760095390197 
2.5846738681285 3.26157923587916 0.525131215440667 
2.52752569423339 3.19666244880606 0.79109922266541 
5.91174228408535 4.37464038560849 0.179554696819465 
5.79222058768571 4.05865793877047 0.530726474622799 
4.56411130415337 3.67352775555288 0.407662829646765 
2.72803839332346 6.34316022159825 5.71464458418063 
2.54806005304947 6.0877695788411 5.70741043067693 
2.62073632525477 6.48637084783082 5.58221823538462 
2.30378327299634 6.26990368109362 5.49747622556645 
6.72792799787374 1.33500693631237 4.16164419259274 
3.17925887943009 6.4754495674529 1.13898265393213 
5.18513829590413 2.75243926563649 2.79204656633541 
5.43157842582667 2.7606699296307 3.07520555470702 
1.62195879346222 0.401891205870801 1.79773319579687 
3.25295423274746 3.67743929512119 4.87213203894872 
3.62490512693946 3.18660297027031 6.41946588551144 
1.89421722170764 2.55387864955525 3.62162248187893 
1.79057692365288 2.77612532125279 3.90047035851292 
5.42550376740722 1.1243631580224 3.49236797708817 
6.59469563595355 1.36184808888822 3.98936109499145 
6.78809747004851 1.51339419817497 3.82823573938529 
5.39214493798217 1.06651052193576 4.04304958791981 
5.57894783749005 1.11056071288466 3.81095576783438 
2.33996166119003 2.03446242091019 2.43392464007783 
1.89580396445871 1.809606701482 2.49080338247005 
0.657519782511898 3.85494682616525 4.51889985264704 
5.93018429856073 2.99930848089626 4.25807406728062 
3.41782115464171 3.27206693956495 6.56933957897589 
2.96104151917085 3.30544657924987 6.24239482819974 
2.61448733211209 3.71322323117882 0.577588707836263 
2.53018191917263 3.55549814019956 0.944273039004574 
1.04625438447223 3.61155228179893 4.58837195153709 
1.57754807926159 0.845074238924954 1.96007208448846 
1.27230194450186 0.727501826547585 2.38432295298344 
5.12773409918151 3.22513442096521 3.05224704722013 
4.98926890941836 3.0910104873953 2.82078623034499 
6.75589812176095 0.621125681016842 1.85602356569815 
3.42036112779113 1.57989983717043 5.43897484139078 
3.55068909723904 1.47667730304085 5.21039600060725 
2.99585406853429 6.28745236256559 0.8162624060312 
6.50946255072361 0.470957059318306 4.64559295293737 
6.12120369062757 0.502020673548395 4.78137841046792 
2.89500421831609 3.99948817353618 4.59416327160085 
2.59788432014071 3.96922632530949 4.81126367577254 
4.49855136173186 3.52828821941386 6.24971607482279 
4.18831770319559 3.85111709044827 6.25076396914233 
4.03917762186562 3.45480301645697 6.18811729501848 
4.39745138885562 3.35958580570566 6.23770880624814 
2.53125910014267 2.47217069973357 5.8081337044263 
2.24350945392204 2.48986213807354 5.56298559768361 
5.29285755289723 3.40420465609058 5.94937003340458 
3.62294693583542 2.56096665415469 5.75014132668325 
2.36403834351716 2.49856358874233 6.00048522316442 
2.08129526280557 2.51220786797377 5.74625182402033 
5.53074565377508 3.63102700332285 5.80364759346064 
6.39063994205194 0.296279199136367 4.40005053344589 
6.01110669935398 0.341772899891457 4.56342730395193 
1.92354428934052 1.6400105977576 1.83103316081232 
2.35968976554395 1.88773061191478 1.8793751358294 
3.45872751055923 2.49764876904289 5.62518408221483 
3.05191225321807 2.85156093819786 5.61212502659329 
5.79570038918413 3.18796203205096 4.64881068998721 
5.80224093794906 3.55347163843293 4.54852640428296 
4.62635444076824 2.11903445470476 1.77056261030264 
4.80615814137531 2.38835597690766 1.62782189772777 
6.01562648424233 4.21874442238559 6.20427845376042 
6.2364175028536 3.86862622783956 5.97361648569544 
3.53934738394175 4.13082677590905 2.17244612303092 
4.97143198142077 1.0511852163092 3.48907898925684 
4.90003540347674 1.04581546023109 3.76205546727532 
1.16681221812218 5.24253393592626 3.5649197278928 
3.57585683617713 3.12334281429566 5.9784186450792 
3.19966844301071 3.2227382157271 5.85470181068844 
0.783969769102819 1.85413298417843 0.732726048303257 
0.727919372959672 1.7372328722606 0.304901852706395 
0.910649893604788 1.77073067385187 0.288704035173013 
0.971942682222966 1.87353122355446 0.685146604073421 
6.67860402962399 0.420520910395364 1.95187365180134 
5.78056119238554 2.41777325478238 6.20459784703115 
5.98556724315768 2.87494875931773 6.36996374770578 
5.34090319734102 3.61993135685361 6.50490613394005 
4.31613147515818 2.34393049503705 1.717436153302 
4.44665472080377 2.56528072074383 1.6153726732597 
3.28428898712429 5.19387622067178 6.34076382202069 
2.94579767673386 5.2967784640952 6.65383212788744 
1.49051930555137 0.651263463947391 3.01291432783207 
1.06962305389436 0.695142144904131 3.53277343629701 
3.31643257751588 4.88037993498508 6.54001895159608 
3.04340344663991 4.98298893276001 6.78548232333661 
0.963076937905559 2.88054984094419 0.494916560454679 
0.398541198761487 6.00915302300849 2.73900101568862 
0.446259649825279 5.26364522789239 3.70578355547341 
0.824956370899219 5.49587077176384 3.76681434773797 
5.45259102149859 3.44848830843989 6.14723017844175 
5.6305567917501 3.6544705922874 5.95086318976747 
5.45988623761915 2.6465167013303 6.31136935424889 
5.64870819924385 2.98440735523828 6.42250420621924 
4.25604548647752 6.62540633008927 5.89804349837717 
0.48920549931592 4.65322836826598 4.94826072420235 
0.732789313372914 4.80732848627746 4.73837705962912 
0.478517975756003 6.18565378280377 2.93798474124371 
1.57830104886996 0.842501909745663 3.80762765277091 
0.397220188640549 4.52667230950877 4.71606591626479 
0.576515333054762 4.63298192475908 4.52987101332702 
5.57242988326328 4.23554100011219 4.79914941803411 
5.5774559725866 3.984925357762 4.82718781445898 
1.2218484470216 2.45840546605001 0.40037822594181 
1.11125042677579 2.17334698247077 0.768354158664684 
3.34829737050825 4.42108103746575 2.07293103516202 
6.34920507106218 4.2059887424842 1.17952903547142 
6.13222579749689 3.81272955688478 0.993199063964482 
6.13436097979111 4.35155618127083 1.0589763318515 
5.90143976166882 4.05184334985414 0.880631462109677 
0.814859860416386 5.85832570612723 2.41708157508257 
1.04302662013092 6.02615464088196 2.53097773175028 
0.985141604518385 1.51684839248829 3.77248479689591 
1.3600459705247 1.43909736968872 3.87174211866579 
1.38661062060099 1.53408227112246 4.18992079169244 
3.72525061217033 4.59126843375615 1.68305542829535 
3.70564663149511 4.60034886134553 1.59218535007658 
4.32706327994089 6.20976358240873 6.37645831344733 
4.69640063314638 6.00597319474613 6.26665486727584 
0.588382680839444 1.42063306019452 1.83504750341407 
6.81652336629811 1.40597184860516 3.31184462224071 
0.301157842759708 2.71227874880722 2.24406414461784 
0.211038073889169 2.59746298044269 1.94706968218473 
0.476470532363781 1.49620785158696 1.21328436495271 
0.650962065669774 1.26503289718494 1.48841277688038 
6.51598513244281 1.05364521941679 3.22014815218795 
5.99833666965031 5.333213734357 0.237010196097866 
2.91366836247356 3.01770172690443 5.19359794476935 
6.18085952217651 5.26574302307301 0.305874665425969 
0.295115380866015 1.81875496360312 1.34809756924861 
0.319169344707258 1.8653469452001 1.62560452076137 
0.781871004099684 2.53438409020272 1.36002303349868 
0.68160427079028 2.86891145264733 1.16998803696532 
4.5738749117312 6.57356125434614 5.70394535067035 
4.52248125708849 6.4559298075891 5.42051628736283 
0.745814167135679 2.41378710019928 1.01788342031095 
0.662353108414101 2.7373306307754 0.915861045346611 
2.37879210915916 2.89583560351438 5.11839574387606 
2.19846487368946 3.20399657416952 5.12245128638618 
2.6857236478231 3.67712687616725 5.20762186535163 
2.98294585538943 3.53094618336164 5.22083632667141 
6.17744389580561 3.34694563334067 3.86547005298113 
6.18663986712207 3.60031920563527 3.94740243456304 
5.92078318839816 3.25395979650632 4.05718200890351 
5.87778440345429 3.52613703469535 4.19549099389642 
6.17953639031129 5.79114636208832 1.57352591582017 
5.98583665042146 5.70563732438659 1.54714289492776 
6.0492169361409 0.319712138189732 2.35212688749042 
1.48785007178445 6.51573279895306 1.04478096809274 
5.22071099695582 2.57132574344419 1.79935379662432 
5.38516220017791 2.47396215080544 2.06196648270882 
6.02163427531766 5.75619822738201 1.28970239950651 
2.73247770329776 0.670662282325545 1.27177228196958 
3.31412384943879 0.517533115826897 1.6058087702218 
1.68944294226404 6.22736700485049 1.15718288719451 
1.96963465567598 6.41915123843557 1.09787829521934 
6.45360139975358 0.46853934780697 2.35786965030616 
5.32539455148397 2.92260847043292 1.99545690740439 
5.44625926465456 2.7132069633481 2.18808383834712 
2.12239316152999 2.64902455096924 2.51554681232335 
2.07158873710683 2.91588249794461 2.89465668419453 
4.23440827969057 3.11923772276155 1.20653508506244 
3.59536473059675 3.38048184104012 1.31324881956183 
3.88765500319225 3.1420248772096 1.03423682503174 
4.84231370504139 6.22971238572585 5.87498723276868 
4.83657903523938 6.05349208873693 5.59538856713903 
5.32539055809924 5.78347370645706 2.97082234469438 
5.54563974575325 5.79210934864163 2.78684061909908 
1.64760397628991 2.49329122062723 2.62299855995352 
1.61979700050588 2.6801536930587 2.89557788923982 
5.24464215538457 5.54781883127623 2.84878401503484 
5.43516960837281 5.53892314083038 2.67553808490305 
3.7333552294589 5.41747793937709 0.724000662196263 
3.91462713555522 5.32577267147581 1.11809759919318 
3.94856801107225 5.0457141816696 0.398813735550821 
6.32299261838797 3.06861925231879 2.86585829001598 
6.35561590034082 3.52448737644669 2.64444413289239 
6.51506738907238 5.61612489651593 1.8054799580852 
6.48432720313895 5.30381383206762 1.98204477584713 
2.62009742115886 4.49868720983721 2.10557781655747 
2.83926562745486 4.30419800239235 1.94398155196354 
2.42540221939109 4.61493612531604 1.67537703180458 
3.03861344291767 4.47129132705402 1.29620699214157 
2.72971422646465 4.34414856658332 1.59521414981285 
4.4978521056093 3.61146966141727 1.64719864951094 
2.36869117788904 4.95900984754365 1.53371608190615 
4.21868436301983 3.26292588854682 1.54623533235405 
3.74376029505652 3.44645764920006 1.57795106113605 
3.32624445830495 3.24285400934069 2.06155631920064 
2.53353482268505 4.43270009996135 3.01508725282427 
3.08284046937116 4.40002266157933 3.09887419133892 
4.59849813520811 5.60440678955798 1.26281797984324 
3.06114497441699 3.10202026747946 1.83572674065519 
2.71353886899855 3.37127893199766 1.91153712091447 
3.22233322383841 3.46122033255305 2.22849187779022 
2.81352412360663 3.56730576388348 2.14538490499658 
1.91832099517889 4.15466652324693 1.34001399159136 
2.10600825322798 4.58471077641769 1.59250222768797 
4.11255929698766 5.66236047714595 1.22041484632383 
4.01881259202323 5.78992775666587 1.5891644509922 
2.90347048726717 3.94641133519434 3.34191574916833 
2.63840680813548 3.95614328270114 3.29946047511774 
1.65254477101444 4.39151831059029 1.97878958113974 
1.54077572000566 4.1282599833433 1.76207027127243 
4.25560282995817 4.52401616739115 1.14001065546571 
4.20814911337069 4.37700356427363 0.763443037978119 
5.89318882197806 6.40621142821922 2.48066519388502 
5.8647251295288 6.4149353485523 2.240125183607 
5.61349976159822 6.26989848097109 2.50089230925134 
5.59641958429632 6.285301105997 2.25112052929331 
4.33746950913978 4.73928393632904 1.01907098949355 
4.31288688632621 4.65608926763836 0.724102889403188 
3.71584403698084 5.36074960392673 2.68174297343167 
3.36252834609049 5.62020218155942 2.58943880696717 
5.56229356216357 4.4795134794148 6.15455998705034 
5.47886411824231 4.36442442756592 6.48839227845304 
5.62453580313819 4.16771339434215 6.46513519082814 
5.71484925724201 4.1920174487686 6.23422650431568 
4.8902093339549 5.40096759993313 1.92976668323613 
4.44343751768313 5.45909420582319 2.22641146585179 
4.67804223959228 5.73953712582728 1.64075672168021 
4.37338247802809 5.8223879917981 1.81815230709691 
5.79809172500529 5.89621728814697 6.55012278969812 
3.5492763183335 5.23260514780313 2.26279272402494 
3.31868552277825 5.4328581461275 2.24244245121963 
2.91038181126477 4.82841226597851 1.0760130898548 
2.56566656849017 5.06282549345809 1.21432791831313 
6.01280863700905 6.03727685216152 6.0538436591959 
6.08311053804731 5.65464602857105 5.94652079437424 
2.85643592860615 5.39781048217093 1.21096115872418 
3.14422910755147 5.21223419849219 1.10145790714227 
5.60618216260505 5.30018631221964 6.57906246717049 
5.66024685674658 5.09015292054683 6.21871274516325 
5.8486094177132 5.46908245652608 6.56595692499494 
5.98701782484425 5.35431650746102 6.26034269670933 
0.844221850104831 5.45253087644185 2.42404414863602 
1.28077924703524 5.22596324521583 2.67378083380427 
0.355892978803019 2.46686176110992 2.74476265443159 
0.341344062166051 2.10679195438253 2.94989753810957 
0.278938587507168 5.11268321989531 2.88384722277465 
0.394540330425642 2.66373283080825 3.23442177558629 
0.38256483086747 2.43423767046167 3.38454277883076 
6.34641761164187 4.80216986594919 2.98258322781951 
6.58396807262593 4.45850506523326 2.85608007972206 
6.20113664124079 4.62517769128832 3.45262195452552 
0.462748434324298 4.86685994406871 3.0861180557769 
0.913267660883313 4.83974531783201 3.05711420288456 
0.551591901421447 4.91008956609002 3.50350557002711 
0.920674600570482 4.87678778983696 3.43499216842116 
6.08158954441595 4.05843400064727 3.46166255538934 
6.59411570718133 4.2622679206126 3.03801254079272 
6.3668584342665 4.31978849502267 3.43042023877411 
5.98135733454565 3.68848546483918 3.01989059258254 
6.24547658363507 3.72492240527639 2.71438859511678 
0.872557961646794 6.27328235112003 2.88243331762146 
1.49247847192985 5.78843429064724 3.0573997253356 
1.06540096621772 6.17654072569361 3.18553658770679 
1.28144005720628 6.54302932621671 3.35239428046602 
6.68223438701172 2.93874077503569 3.60308040339761 
6.70453682716877 2.68034862590277 3.75518202504948 
6.65891051686334 2.8284933295427 3.99987675701431 
6.63327177311311 3.08067265960235 3.8561946140225 
5.96334638283496 1.75837253622232 6.70098362021914 
6.12326409775014 1.92386106625655 6.50095248622369 
5.67976374708654 1.84783514491648 6.54140580591766 
5.86453108603908 2.02091990567734 6.3177091123636 
6.40972358447432 0.494373190359899 3.79600907534061 
6.52442373722789 0.444654191178735 3.93963855978846 
5.20939654050343 2.19328501291067 6.8965838277994 
4.96160855549084 2.12049545807755 6.8956758386791 
5.14572550489875 2.40822032810904 6.83280520414132 
4.8707978004211 2.34785113144345 6.83510538748579 
4.29649724062803 1.52954895248494 5.94664650871416 
4.07246463232832 2.00460272361636 6.1492442587708 
4.02340764799523 1.65051172950885 6.05135619582013 
4.70493231652879 1.91324914888684 5.66215641794417 
4.53223878321063 2.23238566695342 5.8845372895433 
4.52725231692517 1.72876521515157 5.98339426018274 
4.42655683553562 2.04154501297164 6.09953438207546 
1.40660533116361 4.6360981337447 2.56972271018496 
1.66618649644877 4.41526307077881 2.71196714631958 
1.10632764155608 4.47746478804615 2.8299806808318 
1.34298159451222 4.2068428720899 3.0169936397517 
1.90018301450624 3.748258930922 3.84715388659346 
2.06561326282602 3.67006089982169 3.82409730720811 
1.8042521504232 3.60463767866334 3.73319308442209 
1.98318129559416 3.51537197732191 3.70688109767499 
2.8456619275609 1.7597685230663 4.33660375475197 
2.92707019229496 1.88460916145745 4.02262012057904 
2.59917871657925 1.12344607999509 4.36494986278978 
2.55431035780856 1.00378219888587 3.85211998180031 
2.7296546869571 1.69695542645192 4.29766936049386 
2.84792786061402 0.913923818520985 2.62269852504003 
2.55353126601797 0.340103865028747 2.72352828218489 
2.49146349355023 0.740746181310244 2.56299972628356 
2.77124458579643 1.80151009920337 3.95535436178479 
2.72142039333564 1.44243449192937 3.56967974033518 
2.42298872167485 1.61863852664694 3.30965819733302 
2.40534914498264 2.03797699995987 3.60390102471372 
1.85145131549241 0.755562025699063 3.11898811187991 
1.88609427274515 0.837093973140058 3.58675419509418 
3.08058097623419 2.42985335598287 3.93741158338249 
3.03004931662603 2.69956982857349 4.25272002961041 
2.2013126511913 0.288192499989678 3.07045180796859 
2.33662953314852 0.2581938219828 3.53814428832178 
2.9227134721738 2.69074983402766 3.73228658388186 
2.88174806478118 2.90995695627048 4.02668429083553 
2.4817182811764 1.60047497186565 3.04612709260168 
2.61348537457625 1.93024426576833 2.73599915671233 
2.93388332930154 1.68827958252366 2.70468365750129 
2.81423051960068 1.44108014004254 2.95219983251006 
3.2491672650146 0.518204037263041 3.21706897553415 
3.03135254321751 0.242602075959247 3.20825375329399 
3.14403712792038 0.51235282051226 2.84429441006353 
2.97192912494614 0.284315890259967 2.85944798127382 
1.91454327500438 6.20208585280743 3.37468326966154 
1.77977650836349 6.44922725108244 3.43919923379402 
2.09413663657151 6.30136825740068 3.28929549622086 
2.56355075941315 0.538416801791437 1.25612662555014 
0.796466651638247 1.08397928047552 4.89403011238996 
0.906567709882094 1.3123018574748 4.82531392207358 
1.12533551230752 1.18626015879844 4.85249278746689 
0.9732333720383 0.98163319958468 4.92380132762027 
1.88400882731111 6.23954583055864 2.08274127728883 
1.95701721716107 6.14577326433895 1.86394283940421 
2.09216147572608 6.00463237043792 1.97753438812836 
2.01966159481291 6.1021872925494 2.19461751854159 
0.516862919211781 3.54971691294354 4.24701057591006 
0.860549145477115 3.29550307471923 4.28511944560739 
0.837937829406868 3.03146146851391 4.36143781555096 
0.820346503096944 1.60177322285055 4.50343145980558 
0.983611950097403 1.7082423758539 4.30562566434578 
0.636751456300417 1.60421696247147 4.25485787895739 
0.828637114205539 1.70318093597435 4.13416348736733 
2.82541401750245 3.88848178699166 0.487105489939832 
3.37141322895893 3.6508166182642 0.190081151476237 
3.65330791902572 3.83475264028653 0.45883686051068 
3.11077551887266 4.11124837064084 0.731068439852261 
3.52820456681149 4.01389108705017 0.648922721081754 
3.12712345211816 4.06393622506557 0.968604833368675 
3.45052602959033 3.97560893853896 0.999748464771673 
4.18111240074288 4.1829516192984 1.85306771835643 
3.88381779744344 4.16944179940602 1.80036930058828 
4.22864767075175 4.37730160578587 1.75419319350522 
3.86725175386699 4.44674665985787 1.64829277422838 
POLYGONS 1590 9743
4 541 616 1652 1344 
4 1 476 1343 1080 
6 0 415 1315 1344 1652 1653 
4 387 593 853 1603 
5 567 706 387 1603 1601 
6 387 593 1205 1209 1210 706 
5 567 923 1007 812 1601 
5 1007 1008 1340 1346 812 
6 812 1346 1646 853 1603 1601 
5 1205 1209 1008 1340 1645 
5 2 1614 1615 1625 1628 
6 1095 1096 721 1627 1628 2 
6 953 1095 2 1614 1613 1606 
5 3 402 880 1029 863 
7 863 1029 1139 1616 1615 1625 1626 
5 3 721 1627 1626 863 
4 953 954 1619 1606 
6 401 879 1623 1619 954 883 
6 401 402 3 721 1096 883 
6 1606 1613 1616 1139 1623 1619 
5 8 7 1488 1484 738 
6 8 738 1155 1167 4 787 
5 4 5 1206 1207 787 
5 9 438 851 850 464 
5 4 5 439 6 1167 
6 438 439 5 1206 1183 9 
6 850 851 6 1167 1155 409 
5 409 850 464 1488 1484 
5 8 7 1184 1207 787 
4 438 439 6 851 
4 409 1155 738 1484 
6 9 464 1488 7 1184 1183 
5 417 418 1374 13 713 
4 12 418 1374 1366 
5 417 713 11 1353 1352 
6 12 1366 10 1594 1596 1591 
6 417 418 12 1591 1592 1352 
6 10 1074 1076 1129 1593 1594 
6 10 1074 1123 13 1374 1366 
5 14 1122 1076 1129 1159 
6 11 14 1122 1123 13 713 
5 11 14 1159 1257 1353 
5 15 458 605 1211 1212 
5 17 391 15 1212 1236 
5 19 18 16 1117 654 
5 20 22 1227 1231 21 
6 487 639 1439 23 1232 1228 
5 22 1143 487 1228 1227 
6 1231 1232 23 1555 1558 21 
4 28 717 446 1507 
4 519 520 27 1508 
7 24 25 27 1508 1507 446 447 
5 24 447 718 30 1041 
6 26 25 24 1041 1531 1530 
4 26 25 27 520 
6 552 553 28 1507 1508 519 
6 519 520 26 1530 1541 552 
6 29 30 718 717 28 553 
5 552 553 29 1542 1541 
5 29 30 1041 1531 1542 
6 33 523 622 621 773 772 
5 31 32 621 773 443 
5 33 494 603 442 772 
5 494 495 522 523 33 
5 34 38 35 39 843 
4 34 38 610 1360 
5 843 844 1359 1360 34 
6 35 39 1533 1532 37 584 
5 38 35 584 941 610 
6 843 844 1395 1534 1533 39 
6 844 1359 36 1365 1408 1395 
5 1108 1109 1369 1365 36 
7 610 941 1066 1108 36 1359 1360 
5 37 584 941 1066 1065 
7 37 1065 1109 1369 1409 1535 1532 
6 1488 1489 900 1536 1537 7 
6 710 900 1489 1485 1526 1527 
5 642 710 900 1536 1538 
5 43 44 642 710 1527 
6 42 41 8 7 1537 1539 
5 40 43 1527 1526 739 
5 44 42 1539 1538 642 
5 41 8 738 739 40 
5 41 40 43 44 42 
5 519 552 1423 1382 742 
6 26 520 1091 1018 1183 1206 
5 552 1423 1433 440 1541 
6 742 1092 1164 1659 1660 1382 
6 440 653 1013 1661 1662 1433 
6 440 653 1184 1207 1530 1541 
4 1206 1207 1530 26 
6 46 1140 1406 1565 1563 1557 
5 45 390 1151 1097 1079 
5 48 1150 1196 1565 1406 
6 45 47 924 1560 1562 1079 
6 50 49 1426 661 1263 1277 
5 49 51 52 1424 1426 
5 50 49 51 976 977 
5 50 977 1464 1469 1277 
5 53 45 1079 54 408 
5 45 47 791 410 53 
5 53 408 850 409 410 
4 56 55 1560 924 
6 55 57 465 58 1562 1560 
6 55 57 1489 1485 792 56 
5 791 792 56 924 47 
6 54 58 465 464 850 408 
4 54 58 1562 1079 
6 409 410 791 792 1485 1484 
5 464 465 57 1489 1488 
6 59 60 1336 1337 1017 1016 
6 61 60 1336 1384 532 64 
4 1017 1254 1333 1337 
4 62 63 1114 1156 
6 66 67 1239 910 771 421 
5 65 793 932 909 1172 
4 68 70 762 1466 
5 69 71 579 578 72 
6 71 579 765 766 650 649 
6 75 79 76 73 741 740 
4 75 740 1043 1042 
4 76 73 80 77 
5 80 73 741 506 505 
6 78 506 741 740 1043 955 
6 75 79 534 874 991 1042 
5 77 80 505 466 74 
5 78 441 466 505 506 
5 441 466 74 533 729 
6 77 74 533 534 79 76 
6 78 441 729 873 990 955 
5 870 1140 46 1405 1415 
5 549 1429 1572 1574 1573 
5 46 1405 1428 1553 1557 
5 870 871 1574 1572 1415 
6 81 1021 1554 1564 1566 1385 
4 81 1021 549 1573 
6 81 1385 1407 871 1574 1573 
5 83 87 86 84 85 
6 88 87 83 1027 1554 1553 
4 85 83 1027 1597 
5 1104 1179 1563 1564 1599 
6 84 85 1597 1599 1104 89 
5 1027 1554 1564 1599 1597 
5 86 84 89 82 91 
5 91 82 998 997 90 
5 82 89 1104 1179 998 
5 90 88 1553 1557 997 
5 87 86 91 90 88 
5 411 459 948 889 635 
5 889 890 1222 1221 948 
5 932 933 1062 1063 909 
5 910 1239 1311 1592 1352 
6 12 394 940 933 1062 418 
5 909 910 1352 417 1063 
4 12 394 1292 1591 
5 92 792 1485 1526 1524 
6 62 93 410 409 1155 1156 
6 646 647 904 1351 1006 96 
6 96 646 94 1019 1169 1199 
5 95 97 460 1441 1442 
6 99 444 625 1294 1244 758 
6 494 603 727 1136 1269 1268 
5 669 757 1269 1136 1135 
7 98 470 442 772 596 1378 1396 
4 596 625 1294 1378 
5 33 444 625 596 772 
4 442 470 727 603 
5 98 470 727 1136 1135 
5 669 1135 98 1396 1260 
5 757 758 1244 1260 669 
5 757 758 99 1268 1269 
5 33 444 99 1268 494 
7 649 650 1636 101 705 704 100 
5 680 705 101 1470 1188 
6 1393 1410 1588 1586 1582 1583 
4 102 451 889 635 
6 455 456 1402 1398 1194 1176 
5 103 104 723 1490 1250 
5 509 896 1492 1490 1250 
4 509 837 1251 1250 
6 570 571 105 1251 837 836 
6 1250 1251 105 1325 1354 103 
5 107 106 1390 1391 1047 
5 108 895 1421 1422 1185 
6 108 826 938 704 1186 1185 
5 100 107 1047 1186 704 
5 109 112 453 913 755 
5 109 70 762 110 112 
6 111 68 70 109 755 869 
5 686 687 925 1220 1306 
6 453 687 925 696 868 913 
5 696 699 1219 1220 925 
6 110 686 1306 1472 1466 762 
5 524 868 913 755 869 
5 110 112 453 687 686 
7 111 68 1466 1472 1219 699 698 
4 111 698 524 869 
5 698 699 696 868 524 
4 114 814 1647 834 
5 113 498 389 1648 1649 
6 113 114 834 1270 1651 1649 
5 113 114 814 115 498 
5 115 498 389 730 731 
4 117 118 399 1514 
5 117 116 969 1345 118 
6 117 116 1501 1499 1515 1514 
4 678 827 692 1273 
6 118 399 1272 541 1344 1345 
6 541 616 693 692 1273 1272 
5 426 693 616 1652 1655 
5 426 1543 1500 1657 1655 
5 116 969 1657 1500 1501 
4 1499 1503 679 1515 
5 904 1293 1474 1392 1351 
5 1293 1312 1285 1465 1474 
6 96 1006 1053 982 1010 1009 
4 646 647 902 598 
5 96 646 598 1003 1009 
6 119 769 902 598 1003 1004 
5 119 529 1285 1312 769 
5 119 529 568 120 1004 
6 647 902 769 1312 1293 904 
5 1003 1004 120 1010 1009 
5 529 568 981 1465 1285 
5 120 568 981 982 1010 
6 981 982 1053 1392 1474 1465 
6 38 35 121 455 456 125 
4 121 35 584 585 
6 38 125 701 700 898 610 
5 121 455 1176 480 585 
4 125 456 1402 701 
6 122 124 1398 1402 701 700 
5 123 124 122 1093 1094 
5 122 700 898 1068 1093 
6 123 1094 1132 480 1176 1194 
4 123 124 1398 1194 
6 584 585 480 1132 1133 941 
5 396 872 1141 1037 1087 
5 1141 1142 927 1161 1037 
5 126 542 472 1086 992 
6 127 126 992 1160 652 748 
5 395 396 1087 1086 472 
5 926 927 1161 1160 652 
4 1016 1017 1178 1584 
5 1017 1178 1443 1313 1254 
4 1075 1112 1463 1495 
4 128 66 421 574 
5 652 926 604 946 1320 
5 546 630 836 570 689 
5 16 18 129 32 31 
6 927 1142 1412 1435 1177 1195 
5 131 130 963 1035 133 
5 794 795 798 133 1035 
4 132 613 979 1082 
5 421 574 795 794 771 
7 771 794 1035 963 979 1082 1171 
6 138 137 134 503 141 747 
5 134 135 1091 1092 503 
5 137 134 135 845 139 
5 140 136 138 747 1518 
6 27 520 1091 135 845 891 
4 136 139 137 138 
5 140 136 139 845 891 
4 141 503 1092 742 
5 140 891 27 1508 1518 
6 141 742 519 1508 1518 747 
6 142 143 612 458 15 623 
5 391 392 937 623 15 
6 4 144 511 602 1168 1167 
4 4 144 788 787 
4 146 527 147 580 
5 41 8 787 788 724 
5 145 147 527 884 617 
5 146 148 531 884 527 
5 150 152 799 800 151 
5 150 152 536 149 715 
5 151 150 715 627 154 
6 155 154 151 800 1012 968 
5 488 537 683 1022 708 
5 149 153 488 537 536 
6 536 537 683 842 799 152 
5 149 153 628 627 715 
6 153 488 708 709 156 628 
5 155 154 627 628 156 
6 155 156 709 1023 967 968 
4 158 157 162 161 
5 161 160 1381 1380 158 
4 159 393 767 513 
5 163 165 1510 899 1038 
5 163 164 1481 1480 165 
6 98 167 164 163 1038 1135 
6 429 430 477 899 1510 1506 
5 165 1480 1505 1506 1510 
6 1088 1215 429 1506 1505 1504 
5 1088 1397 166 1479 1504 
5 167 164 1481 1479 166 
5 430 477 669 1260 1216 
5 167 166 1397 1396 98 
6 171 168 86 84 956 1233 
5 1197 1233 171 1281 1282 
5 168 86 87 173 169 
6 399 1197 1233 956 1521 1514 
4 399 1197 1282 1272 
6 170 173 169 1245 1273 678 
5 168 169 1245 1281 171 
5 84 85 1520 1521 956 
6 85 83 172 679 1515 1520 
4 172 170 678 679 
5 172 170 173 87 83 
4 174 672 1118 1102 
5 1211 1235 1587 1586 1582 
5 573 655 917 658 659 
5 151 154 789 558 507 
5 176 175 150 151 507 
5 73 716 608 930 741 
5 175 150 715 716 608 
5 80 73 716 715 627 
5 505 506 178 558 789 
5 80 505 789 154 627 
5 178 177 176 507 558 
5 177 176 175 608 930 
5 178 177 930 741 506 
6 179 181 1212 1236 1595 1593 
5 180 183 1257 1590 544 
4 182 179 1593 1129 
6 182 179 181 535 638 808 
5 183 831 907 1159 1257 
5 182 808 907 1159 1129 
6 180 183 831 768 937 392 
5 391 392 180 544 17 
5 181 535 623 15 1212 
5 17 544 1590 1595 1236 
5 56 792 92 1059 1058 
6 26 25 1043 1042 5 1206 
5 24 25 1043 740 931 
6 75 184 144 4 5 1042 
6 75 184 797 796 931 740 
6 184 144 788 500 783 797 
5 784 796 931 24 1041 
6 787 788 500 1531 1530 1207 
5 783 784 1041 1531 500 
4 34 38 125 618 
6 640 898 610 1360 1361 1271 
6 185 186 640 898 700 475 
5 186 640 1271 1386 1387 
6 125 618 1121 1120 474 701 
5 474 475 185 1080 1120 
5 185 186 1387 1343 1080 
7 34 618 1121 1342 1330 1361 1360 
5 554 906 1612 1610 1248 
5 187 1246 1248 1610 1631 
7 101 554 1248 1246 189 1471 1470 
4 189 188 187 1246 
6 101 554 906 1126 1127 1636 
5 190 53 408 734 656 
6 192 190 656 978 752 481 
5 192 190 53 410 93 
5 193 191 752 978 993 
5 733 734 656 978 993 
6 63 481 752 191 1168 1114 
5 193 191 1168 1167 6 
5 62 93 192 481 63 
5 193 6 851 733 993 
6 195 681 875 684 1230 1039 
5 195 196 194 1040 1039 
6 185 196 195 681 1 1080 
4 185 196 194 475 
6 474 475 194 1040 958 197 
6 198 199 852 822 929 1030 
5 1017 1178 1334 1054 1337 
5 384 821 1355 1370 1585 
5 821 929 1030 1356 1355 
6 59 1016 1584 1585 1370 1371 
6 59 60 198 1030 1356 1371 
5 199 852 1054 1337 1336 
4 198 199 1336 60 
6 384 1324 1334 1178 1584 1585 
6 200 201 1245 169 696 699 
6 670 671 412 1425 1427 586 
7 412 483 1060 928 52 1424 1425 
5 205 202 670 586 576 
5 202 203 583 671 670 
5 205 202 203 207 206 
4 483 582 1061 1060 
6 207 203 583 582 1061 935 
5 412 483 582 583 671 
6 49 51 204 206 205 576 
5 49 576 586 1427 1426 
5 51 204 934 928 52 
5 206 207 935 934 204 
5 209 213 215 214 208 
7 208 209 210 211 1460 1462 1377 
5 214 208 1377 1376 212 
5 214 212 644 518 215 
6 636 644 212 1376 1341 1107 
5 99 216 960 964 758 
5 959 1095 2 1278 1130 
6 216 217 1145 1130 959 960 
5 1248 1249 1627 1628 1610 
5 721 757 1269 1249 1627 
5 217 187 1631 1629 1145 
6 217 187 1246 1268 99 216 
6 2 1278 1629 1631 1610 1628 
5 219 413 551 393 767 
5 218 219 413 414 1208 
6 413 414 858 1187 1217 551 
4 67 846 1311 1239 
5 559 680 1188 1189 728 
4 559 680 939 1223 
5 636 637 893 892 1107 
4 663 892 1107 1341 
4 212 222 1124 1376 
6 463 663 1341 1376 1124 1125 
5 221 222 212 644 645 
6 223 220 221 645 637 893 
5 220 221 222 1124 1125 
5 223 463 663 892 893 
4 223 220 1125 463 
4 230 229 749 528 
6 227 230 528 841 995 996 
5 228 749 528 841 840 
6 224 225 1026 1119 1252 1259 
6 225 226 229 230 227 1026 
4 224 225 226 491 
6 226 229 749 228 490 491 
5 840 841 995 1001 1002 
5 228 490 1149 1002 840 
4 227 996 1119 1026 
6 490 491 224 1259 1258 1149 
6 995 996 1119 1252 1253 1001 
5 77 80 627 628 565 
6 76 77 565 564 1160 992 
5 652 1160 564 1321 1320 
6 76 73 716 743 126 992 
7 149 153 1323 1322 748 127 744 
4 127 126 743 744 
6 564 565 628 153 1323 1321 
5 715 716 743 744 149 
5 608 624 838 743 716 
5 175 608 624 1635 1633 
6 175 150 152 988 1634 1633 
5 686 816 1641 1642 1306 
5 765 766 1127 1126 1328 
5 231 655 573 1242 1200 
5 96 1009 231 1200 1199 
5 598 646 94 986 951 
5 948 986 94 1019 1221 
6 451 508 951 986 948 889 
5 451 508 918 917 658 
5 508 918 1003 598 951 
6 231 655 917 918 1003 1009 
6 573 659 890 1222 1241 1242 
5 770 830 861 232 903 
5 769 770 830 1313 1312 
6 92 1059 1075 1112 1525 1524 
4 88 462 1428 1553 
5 233 235 105 1325 1020 
5 234 233 235 236 725 
5 189 188 581 522 495 
4 189 495 1192 1471 
5 236 235 105 571 422 
5 238 237 239 832 833 
5 418 1062 1363 1375 1374 
6 476 1343 1387 1375 1363 1367 
5 933 985 1367 1363 1062 
6 12 394 1202 1330 1386 1366 
6 557 829 1134 1202 394 940 
5 476 828 560 985 1367 
5 557 560 985 933 940 
6 244 240 599 600 1419 1203 
4 240 599 1050 994 
5 244 240 994 993 733 
6 242 241 657 656 734 545 
4 241 243 489 657 
5 242 241 243 600 1419 
6 243 489 1051 1050 599 600 
4 242 545 1203 1419 
5 733 734 545 1203 244 
7 442 443 1118 1102 419 471 470 
5 16 31 443 1118 1117 
6 53 45 390 246 247 190 
5 192 190 247 245 248 
4 249 133 131 1131 
7 531 532 877 249 1131 1146 148 
5 249 133 798 575 877 
5 250 64 532 877 575 
5 472 473 511 602 395 
4 255 254 915 802 
7 254 256 23 1555 1556 252 915 
5 252 251 253 802 915 
6 255 802 253 848 1487 1486 
5 251 253 848 849 634 
5 252 251 634 1559 1556 
5 848 849 21 1231 1487 
5 254 256 1081 1486 255 
5 634 849 21 1558 1559 
4 256 23 1232 1081 
5 135 257 397 1018 1091 
4 9 397 1018 1183 
4 5 439 991 1042 
5 9 397 257 694 438 
5 25 27 891 955 1043 
5 135 257 694 894 845 
6 218 258 631 632 1173 1208 
5 727 728 559 1174 1136 
6 1174 1175 674 1214 1223 559 
5 416 856 674 1214 1213 
5 98 167 775 471 470 
4 167 164 774 775 
5 163 164 774 416 856 
5 674 856 163 1038 1175 
7 774 775 471 1089 1224 1213 416 
5 264 260 263 905 810 
7 263 259 388 387 1603 1604 905 
5 262 437 567 1601 1602 
5 591 592 1598 717 28 
6 259 261 592 1598 1600 388 
4 387 388 1600 706 
4 263 259 261 260 
7 437 446 717 1598 1600 706 567 
6 810 905 1604 1602 262 1519 
5 264 260 261 592 591 
6 28 591 264 810 1519 1507 
5 262 437 446 1507 1519 
6 265 708 1022 804 1137 1138 
4 265 708 488 1276 
5 107 71 579 266 1047 
5 106 750 461 1389 1390 
5 69 71 107 106 750 
6 97 72 69 750 461 460 
5 95 578 579 266 1442 
5 460 461 1389 1388 1441 
6 266 1047 1391 1388 1441 1442 
4 95 97 72 578 
6 139 702 759 753 894 845 
5 434 753 759 267 824 
5 268 267 759 702 703 
5 78 269 140 891 955 
5 140 136 782 1170 269 
6 136 139 702 703 781 782 
5 268 641 1329 781 703 
6 441 729 823 641 1329 1357 
5 78 269 1170 1357 441 
5 268 267 824 823 641 
5 434 753 894 990 873 
4 825 1181 1152 1204 
5 970 1110 614 1349 1314 
5 614 615 385 936 1349 
5 270 385 615 825 1204 
6 270 1204 1152 1462 1460 1567 
5 1297 1314 970 1461 1459 
6 970 1110 1181 1152 1462 1461 
5 1297 1314 1349 936 1570 
5 270 385 936 1570 1567 
6 424 425 971 1596 1591 1292 
5 271 419 1102 174 555 
6 542 543 839 838 743 126 
5 608 624 796 931 930 
6 75 184 473 472 1086 79 
5 184 473 543 839 797 
4 79 76 992 1086 
5 120 621 773 597 1004 
6 596 597 1004 119 626 625 
5 444 445 272 523 33 
5 272 523 622 569 530 
6 272 445 626 119 529 530 
5 568 569 622 621 120 
6 273 386 1444 1446 662 1317 
6 158 157 274 1552 1550 763 
5 158 763 1532 1535 1380 
5 275 806 1469 1277 1046 
5 276 50 49 576 577 
5 276 577 566 607 606 
4 661 662 1446 1263 
5 273 386 607 566 423 
5 273 423 587 1318 1317 
4 586 587 1318 1427 
5 276 50 1277 1046 606 
5 606 607 386 1444 1046 
6 661 662 1317 1318 1427 1426 
5 1073 1128 1149 490 1157 
5 65 793 1103 1073 1128 
5 906 1284 1309 760 1612 
5 1308 1309 760 1617 1400 
5 1611 1612 760 1617 1621 
5 277 279 179 181 278 
5 277 279 516 1410 1393 
4 278 277 1393 1583 
6 181 278 1583 1582 1211 1212 
4 517 971 1596 1594 
6 516 517 971 1589 1588 1410 
6 279 179 1593 1594 517 516 
5 431 432 275 1046 606 
5 606 607 280 1115 431 
6 281 719 1218 282 1283 1295 
5 159 393 551 720 468 
5 281 283 468 720 719 
5 684 685 282 1218 1230 
5 467 561 855 1105 1358 
5 561 790 1007 812 855 
6 262 269 78 506 178 437 
5 178 437 567 923 558 
6 466 467 561 790 789 505 
5 262 269 1170 1106 1602 
6 284 732 1034 1577 1576 1291 
5 732 861 1154 1180 1034 
6 525 526 284 732 861 232 
4 284 526 1493 1291 
5 920 921 285 958 197 
5 201 435 692 1273 1245 
5 285 858 1187 1229 958 
5 104 723 1548 1547 746 
5 286 435 692 827 745 
5 722 723 1548 1543 426 
4 540 707 632 1173 
5 287 200 699 1219 619 
4 288 1388 1441 1447 
5 258 631 1137 804 805 
7 293 778 1088 1397 1379 1467 1475 
6 289 290 1467 1475 583 671 
5 478 479 670 671 289 
5 291 448 1502 1504 1479 
5 292 290 289 478 556 
4 292 290 1467 1379 
5 291 448 202 670 479 
4 778 1088 1504 1502 
4 293 203 583 1475 
6 478 479 291 1479 166 556 
6 293 203 202 448 1502 778 
5 166 556 292 1379 1397 
5 143 550 944 881 612 
5 547 1048 1144 1106 1105 
5 781 782 1624 1620 295 
6 295 296 1445 1458 1329 781 
5 547 1105 1358 1457 1456 
5 296 294 629 1455 1445 
6 294 629 1048 1144 1624 1620 
5 629 1048 547 1456 1455 
4 296 294 1620 295 
5 1106 1144 1624 782 1170 
5 466 467 406 675 74 
6 196 194 406 467 1358 1457 
6 194 406 675 122 700 475 
5 185 196 1457 1458 186 
5 640 641 1329 1458 186 
5 533 729 823 1068 1093 
5 74 533 1093 122 675 
5 640 641 823 1068 898 
6 299 297 633 300 492 493 
4 301 300 633 1111 
5 299 297 666 665 298 
6 297 633 1111 1110 614 666 
5 665 666 614 1349 1350 
6 298 303 1067 1326 1350 665 
5 299 298 303 302 493 
5 664 970 1314 1327 1099 
5 301 300 492 1033 1032 
6 1032 1033 304 1100 1099 664 
6 664 970 1110 1111 301 1032 
5 302 303 1067 1100 304 
5 302 304 1033 492 493 
6 118 399 1197 1198 1163 1148 
5 1147 1148 118 1345 1316 
6 440 653 1537 1539 1517 817 
6 756 1434 818 1491 1528 1522 
5 449 1522 756 1662 1661 
4 1433 1434 756 1662 
5 305 449 1661 1013 510 
5 305 306 1528 1522 449 
6 306 912 1509 1516 1491 1528 
5 817 818 1491 1516 1517 
5 305 306 912 919 510 
5 1278 1279 1608 1614 2 
5 307 308 953 1095 959 
6 249 133 1035 1036 308 307 
5 307 249 1131 1130 959 
5 308 953 1606 1605 1036 
5 130 963 1607 1608 1279 
6 131 130 1279 1278 1130 1131 
5 490 491 1305 309 1157 
5 309 310 1113 1304 1305 
5 313 1064 1401 1416 1264 
6 237 239 962 312 590 813 
7 312 590 1401 1416 311 1431 1430 
7 239 832 1637 1638 1648 1650 962 
4 590 813 1064 1401 
5 311 457 983 1432 1431 
5 312 962 1650 1651 1430 
5 311 457 1265 1264 1416 
6 313 238 833 809 1265 1264 
5 313 238 237 813 1064 
6 457 983 1639 1640 809 1265 
5 463 1032 301 1077 1125 
6 398 609 1124 1376 1377 1153 
5 663 664 970 1461 1341 
6 398 609 1077 301 1111 1182 
4 778 779 785 293 
5 207 203 293 785 786 
5 205 305 449 448 202 
5 205 206 314 510 305 
5 314 510 1013 1165 676 
5 778 779 1164 1659 1502 
5 206 314 676 786 207 
6 785 786 676 1165 1164 779 
5 885 1071 1090 1005 1436 
4 480 585 1071 885 
6 509 837 1115 280 897 896 
6 480 885 1436 1435 1177 1176 
5 315 316 774 164 1481 
6 1480 1481 315 1654 1656 1658 
5 165 969 1657 1658 1480 
5 0 316 315 1654 1653 
6 163 165 969 1345 1316 856 
5 0 316 774 416 415 
4 317 398 609 1225 
5 36 1108 317 1225 1256 
4 318 1256 36 1365 
5 214 208 1420 1109 1369 
6 317 398 1153 1420 1109 1108 
6 318 222 1124 609 1225 1256 
6 318 222 212 214 1369 1365 
4 1153 1377 208 1420 
4 107 71 649 100 
5 319 215 213 160 1381 
5 319 320 321 518 215 
5 286 287 200 201 435 
4 170 173 925 1220 
4 169 173 925 696 
7 170 678 827 745 619 1219 1220 
4 286 287 619 745 
6 314 323 57 465 677 676 
4 323 57 55 322 
5 58 270 385 677 465 
5 58 270 1567 1569 1562 
6 207 786 936 1570 1571 935 
6 322 55 1560 1561 934 204 
5 934 935 1571 1568 1561 
5 314 323 322 204 206 
6 713 714 859 648 1063 417 
4 496 648 859 697 
5 294 629 697 859 714 
5 296 13 1374 1375 1445 
5 296 294 714 713 13 
5 1363 1364 1455 1445 1375 
5 496 697 629 1455 1364 
5 103 104 746 972 1354 
5 1490 1491 818 1548 723 
5 1250 1251 1516 1491 1490 
5 235 105 1251 1516 1517 
6 233 235 1517 817 436 405 
5 233 405 695 973 1020 
6 695 726 1547 746 972 973 
5 288 1388 1391 1422 1453 
6 400 691 1296 1299 1113 1304 
4 324 497 1023 967 
5 325 496 648 326 1166 
5 325 496 1364 1368 572 
5 65 1128 1201 1083 1172 
6 326 648 1063 909 1172 1083 
6 572 1073 1103 985 1367 1368 
6 325 572 1073 1128 1201 1166 
4 326 1083 1201 1166 
6 1 476 1367 1368 777 681 
5 309 310 876 776 327 
5 309 327 572 1073 1157 
5 327 572 1368 777 776 
4 329 389 1648 1638 
5 538 539 822 929 1014 
5 329 330 328 730 389 
5 330 331 1637 1638 329 
4 51 204 322 976 
6 276 50 977 901 919 912 
5 323 322 976 977 901 
5 314 323 901 919 510 
4 276 577 306 912 
5 305 306 577 576 205 
5 251 634 1270 1651 1430 
6 252 251 1430 312 427 428 
4 761 1000 1615 1625 
6 761 803 1339 1338 1626 1625 
6 1338 1339 255 1486 1477 864 
4 802 803 1339 255 
5 253 848 1331 1101 999 
6 1069 1302 1331 848 1487 1478 
6 802 803 761 1000 999 253 
6 863 864 1477 1478 1069 1029 
7 325 496 697 888 113 498 499 
6 325 499 329 1638 1639 1166 
5 887 888 113 1649 1432 
5 332 860 887 1432 983 
5 326 332 983 1639 1166 
4 329 389 498 499 
5 326 332 860 859 648 
5 535 638 198 1030 1031 
4 535 623 142 1031 
6 61 60 198 638 768 333 
5 334 489 243 764 1072 
6 334 383 886 885 1071 1072 
5 243 600 1065 37 764 
6 336 599 1050 335 1132 1133 
4 334 383 1051 489 
4 336 1066 941 1133 
5 885 886 335 1132 480 
5 383 886 335 1050 1051 
6 584 585 1071 1072 764 37 
5 599 600 1065 1066 336 
5 303 1067 1280 1294 1244 
5 298 303 1244 1260 1216 
5 337 665 298 1216 1215 
5 337 665 1350 785 779 
6 293 785 1350 1326 1476 1475 
5 778 779 337 1215 1088 
4 153 488 1276 1323 
5 132 613 1247 974 975 
5 44 338 521 807 642 
6 642 710 1464 1469 806 807 
5 588 589 266 1442 1437 
6 266 579 765 1328 1347 589 
4 339 343 342 341 
6 246 343 339 1078 1151 390 
6 968 1012 48 1150 1418 1414 
6 340 324 967 968 1414 1413 
6 141 503 337 1215 429 512 
5 337 503 1092 1164 779 
4 429 512 1512 1506 
5 141 512 1512 1382 742 
5 1505 1506 1512 1382 1660 
5 713 714 1605 1036 11 
5 771 794 1353 1352 910 
5 1035 1036 11 1353 794 
5 332 860 1609 1607 980 
6 326 332 980 979 1082 1083 
5 859 860 1609 1605 714 
5 452 651 914 344 688 
5 411 412 483 482 459 
7 335 865 1037 1141 1452 1483 886 
4 335 865 1094 1132 
5 865 1037 1161 123 1094 
5 927 1161 123 1194 1195 
6 319 320 1394 1411 1408 1409 
5 1380 1381 319 1409 1535 
6 1621 1622 1286 1630 1632 1611 
5 711 784 796 624 1635 
5 674 737 108 826 1214 
5 108 737 1147 1056 895 
5 674 737 1147 1316 856 
5 809 819 974 1247 1265 
5 345 799 152 988 989 
5 311 854 1000 999 1431 
6 311 457 980 1607 1608 854 
5 887 1101 999 1431 1432 
4 457 980 332 983 
6 860 887 1101 1616 1613 1609 
5 854 1000 1615 1614 1608 
6 138 137 297 299 401 879 
5 297 137 139 702 633 
6 136 138 879 1623 1624 782 
4 346 295 781 703 
7 346 347 611 954 1619 1620 295 
6 300 347 346 703 702 633 
4 299 401 883 493 
4 300 347 611 492 
5 284 732 949 1099 1327 
5 284 1291 1297 1314 1327 
6 892 1055 1034 1577 1578 1107 
6 663 664 1099 949 1055 892 
4 732 949 1055 1034 
6 348 420 961 801 604 946 
5 350 719 1218 1230 1039 
5 563 776 876 1299 1296 
6 281 751 815 563 1296 1295 
4 282 685 1300 1283 
4 195 681 777 857 
6 776 777 857 548 815 563 
6 350 349 548 857 195 1039 
5 350 349 751 281 719 
4 349 548 815 751 
4 353 354 965 862 
5 352 353 862 351 504 
6 260 263 1478 1477 660 469 
6 263 259 1227 1231 1487 1478 
5 351 469 660 965 862 
6 660 965 354 1081 1486 1477 
6 259 261 504 352 1228 1227 
6 353 354 1081 1232 1228 352 
5 260 261 504 351 469 
6 837 1115 431 1509 1516 1251 
5 431 606 276 912 1509 
5 896 897 355 1529 1492 
5 355 566 607 280 897 
6 355 566 577 306 1528 1529 
6 405 436 1542 1531 500 501 
5 29 433 726 436 1542 
7 405 501 450 712 1644 1643 695 
5 358 357 356 1643 1644 
5 356 433 726 695 1643 
4 711 712 1644 358 
6 30 357 358 711 784 1041 
5 357 356 433 29 30 
4 500 501 450 783 
5 328 400 691 731 730 
6 538 539 637 645 454 1084 
5 321 454 645 644 518 
6 358 549 1573 1633 1635 711 
5 24 447 177 930 931 
7 81 176 177 447 718 1028 1021 
5 176 175 1633 1573 81 
4 30 357 1028 718 
5 358 357 1028 1021 549 
6 256 23 1439 1440 359 403 
6 359 403 667 588 1437 1448 
6 254 667 588 1289 1287 915 
4 252 428 1287 915 
4 254 256 403 667 
4 311 854 1618 1416 
6 1279 1286 1622 1618 854 1608 
6 979 980 457 1265 1247 613 
6 290 508 951 952 1468 1467 
5 292 290 508 918 673 
5 625 626 360 1280 1294 
5 597 673 918 1003 1004 
5 360 626 119 769 770 
6 360 770 903 952 1468 1280 
6 596 597 673 292 1379 1378 
6 529 530 145 617 1255 1285 
5 799 800 1407 871 345 
5 800 1012 48 1406 1407 
5 257 397 677 385 615 
6 135 257 615 614 666 134 
5 134 503 337 665 666 
5 1005 1024 820 1482 1436 
5 232 525 682 952 903 
6 309 327 499 329 330 1305 
5 328 330 1305 1304 400 
6 498 499 327 776 563 115 
5 115 563 1296 691 731 
4 310 876 1299 1113 
5 362 361 315 1654 601 
4 363 362 361 1319 
6 364 193 6 439 991 874 
6 193 191 396 1087 866 364 
4 184 144 511 473 
5 79 534 866 1087 1086 
4 534 866 364 874 
5 395 396 191 1168 602 
5 159 468 1413 340 513 
5 339 366 365 367 1078 
5 339 341 162 161 366 
4 365 209 210 367 
6 366 365 209 213 160 161 
5 283 468 1413 1417 502 
5 458 605 1070 881 612 
5 944 945 1085 1015 550 
5 142 143 550 1015 1031 
5 945 1085 278 1583 1581 
6 181 278 1085 1015 1031 535 
5 589 1190 1261 1284 1347 
5 266 589 1190 1186 1047 
5 554 906 1284 1261 1262 
4 650 766 1127 1636 
4 101 554 1262 705 
6 704 705 1262 1261 1190 1186 
5 695 973 1301 1642 1643 
7 356 172 170 1220 1306 1642 1643 
5 356 172 679 1503 433 
6 217 146 580 581 188 187 
5 216 217 146 527 368 
5 216 368 445 444 99 
5 272 147 527 368 445 
6 272 147 580 581 522 523 
5 494 495 189 1246 1268 
5 240 434 824 336 599 
5 600 1065 1109 1420 1419 
6 317 267 824 336 1066 1108 
5 317 267 759 1182 398 
5 244 240 434 753 754 
5 244 754 825 1204 1203 
5 877 878 369 1384 532 
5 369 370 371 1383 1384 
6 369 370 960 959 307 878 
5 216 368 371 370 960 
5 146 148 1146 1145 217 
4 307 249 877 878 
5 368 371 1383 884 527 
5 406 407 562 561 467 
5 374 373 1045 407 562 
6 373 156 628 565 1044 1045 
5 77 74 675 1044 565 
5 372 374 562 561 790 
5 372 155 156 373 374 
5 155 154 789 790 372 
5 756 1434 1500 1657 1658 
5 1498 1501 116 1511 1513 
5 165 969 116 1511 1510 
6 1480 1505 1660 1662 756 1658 
5 514 515 231 1009 1010 
4 935 1061 1494 1571 
5 375 452 688 639 487 
5 375 89 1104 1143 487 
5 19 515 231 655 654 
5 19 18 129 514 515 
6 129 32 621 120 1010 514 
6 672 673 597 773 443 1118 
6 1447 1448 359 1449 1453 288 
6 344 914 1450 1449 359 1440 
5 178 177 447 446 437 
5 262 269 140 1518 1519 
5 407 562 350 1039 1040 
4 406 407 1040 194 
4 547 548 857 1456 
5 195 196 1457 1456 857 
5 350 349 855 561 562 
5 547 548 349 855 1105 
4 275 432 807 806 
5 900 901 977 1464 710 
6 431 432 807 642 1538 1509 
4 900 901 919 1536 
6 376 247 245 780 594 595 
6 343 342 643 1546 595 376 
4 343 376 247 246 
6 377 355 1529 1523 362 363 
4 362 601 1052 1523 
5 1106 1144 1303 1604 1602 
5 138 747 811 880 879 
6 810 811 880 1029 1069 905 
4 28 553 1497 591 
6 591 592 1520 1515 1499 1497 
6 357 356 172 83 1027 1028 
5 85 1520 592 1598 1597 
6 29 433 1503 1499 1497 553 
6 1261 1284 1309 803 1339 1372 
4 1288 1290 1348 1308 
6 255 254 667 1237 1372 1339 
7 802 803 1309 1308 1288 1287 915 
6 1185 1238 404 1449 1453 1422 
5 354 404 1238 966 965 
5 108 737 966 1238 1185 
6 353 354 404 1449 1450 484 
5 353 484 1163 1148 862 
5 895 1056 1162 1404 1421 
6 1162 1163 484 1450 1454 1404 
6 58 270 1204 1203 545 54 
6 438 694 754 244 733 851 
5 9 397 677 465 464 
5 257 615 825 754 694 
4 54 408 734 545 
5 338 521 546 689 690 
4 660 911 864 1477 
5 403 404 354 1081 256 
5 864 911 1158 1373 1338 
6 966 1158 1373 1372 1237 1238 
6 358 549 1429 816 1641 1644 
6 372 790 1007 1008 1418 1414 
5 151 507 1385 1407 800 
4 372 155 968 1414 
6 507 558 923 1210 1566 1385 
5 1150 1196 1209 1008 1418 
6 173 87 88 462 687 925 
4 763 764 37 1532 
4 763 764 1072 1550 
4 377 355 566 423 
5 361 291 479 1298 1319 
7 362 361 291 448 449 1522 1523 
6 377 363 1319 1298 587 423 
5 586 587 1298 479 670 
6 865 866 364 994 1050 335 
6 240 434 873 874 364 994 
5 823 824 336 1133 1068 
6 533 534 866 865 1094 1093 
5 552 553 1497 1498 1423 
4 141 512 811 747 
6 810 811 512 1512 1513 264 
5 264 591 1497 1498 1513 
6 835 853 1603 1604 1303 1332 
5 349 751 1346 812 855 
5 834 835 1332 1049 114 
7 547 548 815 814 114 1049 1048 
4 248 245 780 984 
4 364 193 993 994 
5 371 882 950 1333 1383 
5 830 950 1333 1254 1313 
5 360 770 830 950 882 
6 368 371 882 360 626 445 
4 272 147 145 530 
4 312 427 668 590 
5 211 1098 1569 1567 1460 
7 365 242 545 54 1079 1097 367 
6 365 209 208 1420 1419 242 
5 210 367 1097 1098 211 
4 403 404 1449 359 
4 234 233 405 501 
5 436 817 440 1541 1542 
5 42 41 724 725 236 
5 236 42 1539 1517 235 
4 7 1184 653 1537 
6 500 501 234 725 724 788 
5 351 117 118 1148 862 
5 351 117 1514 1521 504 
5 484 922 1234 1198 1163 
5 352 353 484 922 957 
5 352 504 1521 956 957 
5 375 452 651 922 957 
5 375 89 84 956 957 
6 706 1210 1566 1564 1599 1600 
6 22 388 1600 1599 1104 1143 
5 20 22 388 387 593 
5 1008 1340 502 1417 1418 
4 367 1078 1151 1097 
6 590 668 1288 1308 1400 1401 
6 320 321 454 277 1393 1394 
5 318 222 221 279 516 
5 279 221 645 454 277 
5 215 214 1369 1409 319 
6 318 516 1410 1411 1408 1365 
4 297 137 134 666 
5 285 921 947 942 943 
6 285 943 1045 407 1040 958 
6 197 474 701 1402 1403 920 
5 122 124 916 1044 675 
6 124 916 942 947 1399 1398 
6 167 166 556 555 271 775 
4 271 419 471 775 
6 555 556 292 673 672 174 
5 278 277 454 1084 1085 
5 1248 1249 1243 1262 554 
5 1136 1174 1243 1249 1269 
6 559 680 705 1262 1243 1174 
6 521 546 630 1116 432 807 
6 236 42 44 338 690 422 
6 20 21 849 835 853 593 
4 263 905 1069 1478 
5 848 849 835 1332 1331 
4 259 388 22 1227 
5 220 182 179 279 221 
6 220 182 1129 1076 1077 1125 
4 10 1074 1226 1275 
5 1274 1275 10 1594 517 
5 516 517 1274 1256 318 
6 334 595 1546 1552 1550 1072 
5 334 383 1266 594 595 
4 383 886 1483 1266 
6 820 867 594 1266 1483 1482 
5 289 290 508 451 102 
6 426 722 1057 1052 1656 1655 
4 601 1052 1656 1654 
5 180 183 795 574 128 
5 183 795 798 575 831 
4 872 1141 1452 1307 
5 333 250 575 831 768 
6 1243 1249 1627 1626 1338 1373 
5 3 477 669 757 721 
6 3 477 899 911 864 863 
5 302 303 1244 758 964 
5 370 304 1100 882 371 
5 302 304 370 960 964 
5 360 882 1100 1067 1280 
5 330 331 224 491 1305 
5 1014 1015 1085 1084 538 
6 284 526 847 1476 1326 1327 
5 682 847 1476 1468 952 
4 525 526 847 682 
5 818 1434 1500 1543 1548 
6 735 736 369 1384 1336 199 
5 223 735 199 852 893 
6 223 463 1032 1033 736 735 
5 369 370 304 1033 736 
6 949 950 1333 1337 1054 1055 
6 425 485 1362 1274 517 971 
5 36 1256 1274 1362 1359 
5 794 795 183 1257 1353 
5 378 308 307 878 908 
5 378 308 1036 11 14 
5 378 14 1159 907 908 
5 323 57 1489 900 901 
6 322 55 56 1058 1496 976 
5 198 199 735 808 638 
4 250 64 61 333 
4 369 736 908 878 
5 218 258 805 497 219 
6 340 324 497 219 767 513 
6 342 341 162 157 274 643 
5 674 737 966 1158 1175 
6 492 611 378 908 736 1033 
5 220 182 808 735 223 
6 300 347 1122 1076 1077 301 
5 378 14 1122 347 611 
5 378 308 953 954 611 
5 302 493 883 1096 964 
6 299 298 1216 430 402 401 
6 429 430 402 880 811 512 
6 594 780 984 1025 1267 1266 
5 334 489 657 376 595 
5 248 192 481 1025 984 
4 481 752 1267 1025 
5 376 247 190 656 657 
5 375 487 1228 352 957 
5 261 504 1521 1520 592 
4 81 176 507 1385 
5 345 871 1574 1575 989 
5 251 253 999 1431 1430 
4 760 761 803 1309 
5 361 291 1479 1481 315 
7 132 975 1253 1258 1201 1083 1082 
5 809 819 1252 1259 1640 
6 760 761 1625 1628 1610 1612 
6 346 703 268 1226 1074 1123 
5 317 267 268 1226 1225 
4 346 347 1122 1123 
6 289 102 635 411 412 671 
5 639 688 344 1440 1439 
5 651 914 1450 484 922 
6 294 714 1605 1606 1619 1620 
5 296 13 1123 346 295 
6 381 379 414 1208 1173 540 
6 380 413 219 497 1023 709 
5 265 381 540 707 1138 
4 379 380 413 414 
6 381 379 380 709 708 265 
6 887 888 1049 1332 1331 1101 
4 115 563 815 814 
6 281 283 502 1340 1346 751 
6 123 124 916 564 1160 1161 
6 372 374 720 468 1413 1414 
5 350 562 374 720 719 
4 325 499 327 572 
5 331 224 1259 1640 1637 
5 424 486 1202 394 1292 
5 10 1275 1271 1386 1366 
6 469 660 911 899 1510 1511 
5 351 117 116 1511 469 
5 264 260 469 1511 1513 
6 339 343 376 657 241 366 
4 274 643 1546 1552 
7 158 161 366 241 243 764 763 
6 128 66 67 846 544 180 
6 482 483 582 847 682 987 
4 242 241 366 365 
5 564 916 942 382 1321 
5 382 348 420 947 942 
5 382 348 946 1320 1321 
6 582 847 526 1493 1494 1061 
5 834 835 849 634 1270 
4 113 114 1049 888 
6 640 641 268 1226 1275 1271 
5 186 1387 1375 1445 1458 
6 777 857 1456 1455 1364 1368 
5 539 637 893 852 822 
6 191 396 872 1307 1267 752 
4 373 156 709 380 
6 373 380 413 551 720 374 
5 373 380 379 943 1045 
5 379 414 858 285 943 
4 3 402 430 477 
5 381 382 942 943 379 
6 265 381 382 1321 1323 1276 
4 863 864 1338 1626 
5 733 734 408 850 851 
6 752 978 1051 383 1266 1267 
5 384 821 929 822 1324 
5 1185 1186 1047 1391 1422 
5 676 677 385 936 786 
4 609 1077 1125 1124 
5 678 679 1503 1544 827 
6 588 589 1347 1348 1290 1289 
5 394 940 1191 1310 1292 
5 676 677 397 1018 1165 
6 753 754 825 1181 1182 759 
5 633 702 759 1182 1111 
5 1152 1153 398 1182 1181 
7 678 679 1515 1514 399 1272 1273 
5 745 746 1547 1544 827 
5 1382 1423 1498 1513 1512 
4 401 402 880 879 
5 403 404 1238 1237 667 
5 588 589 1190 1237 667 
4 405 436 726 695 
6 485 486 1202 1330 1361 1362 
5 406 407 1045 1044 675 
5 415 416 856 1316 1315 
4 417 418 1062 1063 
4 420 947 1399 961 
5 570 571 422 690 689 
6 423 566 577 576 586 587 
5 909 910 1239 1240 932 
4 424 425 485 486 
5 972 973 1301 1473 620 
6 692 693 426 1543 1544 827 
5 427 428 1287 1288 668 
4 429 430 1216 1215 
4 431 432 1116 1115 
5 433 726 1547 1544 1503 
5 823 824 434 873 729 
4 753 754 694 894 
6 436 726 1547 1548 818 817 
6 438 439 991 990 894 694 
6 654 655 917 672 1118 1117 
5 817 818 1434 1433 440 
5 466 467 1358 1357 441 
4 442 443 773 772 
4 444 445 626 625 
5 920 921 947 1399 1403 
4 446 447 718 717 
5 448 449 1661 1659 1502 
5 629 697 888 1049 1048 
5 1067 1280 1468 1476 1326 
5 711 712 450 783 784 
5 658 659 890 889 451 
5 619 620 972 746 745 
5 459 482 987 986 948 
5 604 801 1195 927 926 
5 605 1070 1580 1582 1211 
5 544 846 1311 1592 1590 
6 686 687 462 1428 1429 816 
4 663 664 1032 463 
5 492 493 883 954 611 
5 470 471 1089 728 727 
6 830 861 1154 1438 1443 1313 
4 472 473 543 542 
4 474 475 700 701 
6 828 829 1134 1342 1343 476 
5 477 669 1135 1038 899 
5 757 758 964 1096 721 
5 727 728 1189 1193 603 
5 656 657 489 1051 978 
5 619 620 1473 1472 1219 
6 1463 1464 710 1527 1525 1112 
5 738 739 1526 1485 1484 
6 717 718 1028 1027 1597 1598 
5 494 495 1192 1193 603 
6 496 648 1063 1062 1363 1364 
5 804 805 497 1023 1022 
6 510 919 1536 1537 653 1013 
5 830 861 732 949 950 
4 1190 1237 1372 1261 
5 519 520 1091 1092 742 
6 760 761 1000 854 1618 1617 
4 529 530 569 568 
5 531 532 1384 1383 884 
5 533 534 874 873 729 
5 535 623 937 768 638 
5 1139 1302 1331 1101 1616 
4 557 560 828 829 
5 932 933 985 1103 793 
6 549 1021 1554 1553 1428 1429 
5 719 720 551 1217 1218 
5 638 768 831 907 808 
5 789 790 1007 923 558 
5 559 728 1089 1224 1223 
6 617 884 1383 1333 1254 1255 
4 564 565 1044 916 
4 567 706 1210 923 
6 575 831 907 908 878 877 
4 1152 1153 1377 1462 
5 582 583 1475 1476 847 
5 593 853 1646 1645 1205 
5 594 595 1546 1545 867 
5 932 933 940 1191 1240 
4 596 597 773 772 
5 902 903 952 951 598 
6 1076 1077 609 1225 1226 1074 
4 1130 1145 1629 1278 
5 610 898 1068 1133 941 
6 684 685 1300 1299 876 875 
5 614 615 825 1181 1110 
6 1522 1523 1052 1656 1658 756 
5 822 852 1054 1334 1324 
5 796 797 839 838 624 
5 836 837 1115 1116 630 
5 631 632 707 1138 1137 
4 636 637 645 644 
4 1074 1076 1122 1123 
4 652 748 1322 1320 
6 653 1013 1165 1018 1183 1184 
5 885 886 1483 1482 1436 
5 660 911 1158 966 965 
5 1291 1297 1459 1579 1576 
4 672 673 918 917 
5 704 705 680 939 938 
5 776 777 681 875 876 
5 951 952 682 987 986 
6 683 842 1011 967 1023 1022 
5 938 939 1223 1214 826 
4 865 866 1087 1037 
5 859 860 887 888 697 
4 708 709 1023 1022 
5 722 723 1490 1492 1057 
5 1001 1002 1149 1258 1253 
5 735 736 908 907 808 
6 965 966 737 1147 1148 862 
4 740 741 930 931 
5 810 811 747 1518 1519 
6 814 815 751 1346 1646 1647 
5 879 880 1029 1139 1623 
4 769 770 903 902 
5 909 910 771 1171 1172 
5 906 1126 1328 1347 1284 
5 781 782 1170 1357 1329 
4 783 784 796 797 
5 785 786 936 1349 1350 
5 1048 1049 1332 1303 1144 
5 799 800 1012 1011 842 
6 801 961 1399 1398 1194 1195 
5 832 833 809 1640 1637 
7 1235 1236 1595 1596 971 1589 1587 
4 979 980 1607 963 
6 812 855 1105 1106 1602 1601 
4 1271 1361 1330 1386 
5 974 975 1253 1252 819 
5 820 867 1545 1540 1024 
5 997 998 1179 1563 1557 
6 1344 1345 969 1657 1655 1652 
5 834 835 853 1646 1647 
5 845 891 955 990 894 
5 892 893 852 1054 1055 
5 870 871 1407 1406 1140 
5 905 1069 1302 1303 1604 
4 873 874 991 990 
6 944 945 1581 1580 1070 881 
5 949 950 882 1100 1099 
5 953 954 883 1096 1095 
5 899 911 1158 1175 1038 
5 912 919 1536 1538 1509 
4 988 989 1575 1634 
5 942 943 1045 1044 916 
5 956 957 922 1234 1233 
5 1007 1008 1209 1210 923 
5 972 973 1020 1325 1354 
5 934 935 1061 1060 928 
5 1014 1015 1031 1030 929 
5 990 991 1042 1043 955 
5 1039 1040 958 1229 1230 
5 959 960 964 1096 1095 
6 1035 1036 1605 1609 1607 963 
4 967 968 1012 1011 
6 976 977 1464 1463 1495 1496 
5 993 994 1050 1051 978 
6 983 1432 1649 1648 1638 1639 
6 1086 1087 1037 1161 1160 992 
5 999 1000 1615 1616 1101 
6 1005 1024 1540 1551 1549 1090 
4 1006 1053 1392 1351 
5 1164 1165 1013 1661 1659 
5 1091 1092 1164 1165 1018 
4 1027 1028 1021 1554 
5 1019 1169 1241 1222 1221 
4 1029 1069 1302 1139 
6 1054 1055 1034 1180 1335 1334 
5 1135 1136 1174 1175 1038 
5 1046 1277 1263 1446 1444 
5 1052 1057 1492 1529 1523 
5 1147 1148 1163 1162 1056 
5 1058 1059 1075 1495 1496 
4 1065 1066 1108 1109 
5 1099 1100 1067 1326 1327 
5 1093 1094 1132 1133 1068 
5 1071 1072 1550 1549 1090 
5 1097 1098 1569 1562 1079 
5 1120 1121 1342 1343 1080 
5 1231 1232 1081 1486 1487 
4 1082 1083 1172 1171 
6 1215 1216 1260 1396 1397 1088 
5 1105 1106 1170 1357 1358 
6 1107 1341 1461 1459 1579 1578 
4 1110 1111 1182 1181 
5 1155 1156 1114 1168 1167 
4 1154 1180 1335 1438 
4 1128 1149 1258 1201 
6 1129 1159 1257 1590 1595 1593 
6 1152 1153 1420 1419 1203 1204 
4 1130 1131 1146 1145 
4 1134 1202 1330 1342 
6 1302 1303 1144 1624 1623 1139 
5 1141 1142 1412 1451 1452 
5 1174 1175 1158 1373 1243 
6 1166 1201 1258 1259 1640 1639 
6 1188 1189 1193 1192 1471 1470 
5 1199 1200 1242 1241 1169 
4 1176 1177 1195 1194 
5 1334 1335 1438 1443 1178 
4 1183 1184 1207 1206 
5 1185 1186 1190 1237 1238 
5 1217 1218 1230 1229 1187 
5 1239 1240 1191 1310 1311 
5 1209 1210 1566 1565 1196 
4 1197 1198 1234 1233 
4 1219 1220 1306 1472 
4 1211 1212 1236 1235 
4 1213 1214 1223 1224 
5 1225 1226 1275 1274 1256 
4 1227 1228 1232 1231 
5 1459 1460 1567 1570 1297 
5 1261 1262 1243 1373 1372 
5 1244 1260 1396 1378 1294 
5 1272 1273 1245 1281 1282 
5 1248 1249 1269 1268 1246 
4 1252 1253 1258 1259 
5 1254 1255 1285 1312 1313 
5 1352 1353 1257 1590 1592 
5 1266 1267 1307 1452 1483 
5 1274 1275 1271 1361 1362 
5 1278 1279 1286 1630 1629 
6 1280 1294 1378 1379 1467 1468 
5 1295 1296 1299 1300 1283 
5 1308 1309 1284 1347 1348 
4 1287 1288 1290 1289 
6 1291 1297 1570 1571 1494 1493 
5 1310 1311 1592 1591 1292 
5 1472 1473 1301 1642 1306 
4 1302 1303 1332 1331 
5 1326 1327 1314 1349 1350 
4 1315 1316 1345 1344 
4 1320 1321 1323 1322 
5 1357 1358 1457 1458 1329 
5 1342 1343 1387 1386 1330 
5 1336 1337 1333 1383 1384 
4 1338 1339 1372 1373 
4 1340 1346 1646 1645 
5 1376 1377 1462 1461 1341 
4 1355 1356 1371 1370 
4 1359 1360 1361 1362 
4 1363 1364 1368 1367 
4 1365 1369 1409 1408 
5 1374 1375 1387 1386 1366 
4 1378 1379 1397 1396 
5 1382 1423 1433 1662 1660 
5 1406 1407 1385 1566 1565 
4 1388 1389 1390 1391 
4 1393 1394 1411 1410 
5 1408 1409 1535 1534 1395 
4 1398 1399 1403 1402 
5 1400 1401 1416 1618 1617 
5 1421 1422 1453 1454 1404 
5 1405 1415 1572 1429 1428 
5 1435 1436 1482 1451 1412 
4 1413 1414 1418 1417 
5 1430 1431 1432 1649 1651 
6 1433 1434 1500 1501 1498 1423 
4 1424 1425 1427 1426 
5 1441 1442 1437 1448 1447 
5 1455 1456 1457 1458 1445 
4 1449 1450 1454 1453 
4 1451 1452 1483 1482 
4 1459 1460 1462 1461 
4 1467 1468 1476 1475 
4 1477 1478 1487 1486 
5 1480 1481 1479 1504 1505 
4 1484 1485 1489 1488 
5 1490 1491 1528 1529 1492 
4 1497 1498 1501 1499 
6 1500 1501 1499 1503 1544 1543 
5 1504 1505 1660 1659 1502 
5 1510 1511 1513 1512 1506 
4 1507 1508 1518 1519 
5 1516 1517 1539 1538 1509 
4 1514 1515 1520 1521 
4 1522 1523 1529 1528 
4 1524 1525 1527 1526 
4 1530 1531 1542 1541 
4 1532 1533 1534 1535 
4 1536 1537 1539 1538 
5 1545 1546 1552 1551 1540 
4 1543 1544 1547 1548 
4 1549 1550 1552 1551 
5 1553 1554 1564 1563 1557 
4 1555 1556 1559 1558 
5 1560 1561 1568 1569 1562 
4 1563 1564 1566 1565 
5 1568 1569 1567 1570 1571 
5 1574 1575 1634 1633 1573 
4 1576 1577 1578 1579 
4 1580 1581 1583 1582 
4 1586 1587 1589 1588 
5 1591 1592 1590 1595 1596 
4 1593 1594 1596 1595 
4 1597 1598 1600 1599 
4 1601 1602 1604 1603 
4 1605 1606 1613 1609 
5 1607 1608 1614 1613 1609 
5 1611 1612 1610 1631 1632 
4 1613 1614 1615 1616 
4 1617 1618 1622 1621 
4 1619 1620 1624 1623 
4 1625 1626 1627 1628 
4 1629 1630 1632 1631 
4 1637 1638 1639 1640 
4 1641 1642 1643 1644 
4 1648 1649 1651 1650 
5 1653 1654 1656 1655 1652 
4 1655 1656 1658 1657 
4 1659 1660 1662 1661 
CELL_DATA 1590
SCALARS scalar_1 double
LOOKUP_TABLE default
    4.991457
    5.000000
    4.987857
    4.982827
    4.991287
    4.984885
    4.986226
    4.990436
    4.975893
    4.989759
    4.986293
    4.989577
    4.993127
    4.988795
    4.987886
    4.986363
    4.993939
    4.992279
    4.987664
    4.992712
    4.996320
    5.000520
    4.990892
    4.985585
    4.988276
    4.991266
    4.982474
    4.966318
    4.995731
    4.990186
    4.987332
    4.982209
    4.996563
    4.988657
    4.992327
    4.983406
    4.988242
    4.989912
    4.990586
    4.988342
    4.993939
    4.990298
    4.988074
    4.986945
    4.987683
    4.982827
    4.988131
    4.991223
    4.987367
    4.991287
    4.990732
    4.990226
    4.989825
    4.990892
    4.991266
    4.989166
    4.990482
    4.988692
    4.990024
    4.990142
    5.000339
    4.987683
    4.987825
    5.000573
    4.985568
    4.966532
    4.984011
    4.990491
    4.979994
    4.988858
    4.987646
    4.989419
    4.978509
    4.986094
    4.996586
    4.982209
    4.962700
    5.016198
    5.000000
    4.995731
    4.993281
    4.975846
    5.000520
    5.027554
    4.989166
    4.991266
    4.990024
    4.986184
    4.985786
    4.995731
    4.990892
    4.989624
    4.984875
    4.987182
    4.966318
    4.994728
    4.991018
    4.957049
    5.016198
    4.984875
    4.982425
    4.982474
    4.963902
    5.018788
    4.962700
    4.977114
    4.985585
    4.995462
    4.987332
    4.982209
    4.989452
    4.988610
    4.986439
    4.982474
    4.986037
    4.998954
    4.988244
    4.989702
    4.987202
    4.989314
    4.990892
    4.984645
    4.988654
    4.990226
    4.988276
    4.990010
    4.986226
    5.050065
    4.989302
    4.996852
    4.977114
    4.985459
    5.001659
    4.982565
    4.988712
    4.989825
    4.986686
    4.990263
    4.990488
    4.988692
    4.984885
    4.991223
    4.988712
    4.995152
    4.963902
    4.988193
    5.001659
    4.993479
    4.985825
    4.987527
    4.998954
    4.986037
    4.988657
    4.992327
    4.983406
    4.962700
    4.982474
    4.994236
    4.987527
    4.989702
    4.991484
    4.989160
    4.986363
    4.987782
    4.987808
    5.000339
    4.986954
    4.986886
    4.985482
    4.987664
    4.989577
    5.000573
    4.987202
    4.989160
    4.991493
    4.985825
    4.979994
    4.987522
    4.983113
    4.983113
    4.975846
    4.987522
    4.989702
    4.989783
    4.987840
    4.987202
    4.983198
    4.989510
    4.993718
    4.990488
    4.993479
    4.989765
    4.988155
    4.995791
    4.979960
    4.986409
    4.988383
    4.990485
    4.975893
    4.983394
    4.991611
    4.989324
    4.980117
    4.994726
    4.988479
    4.990742
    4.989765
    5.003937
    4.995351
    4.982723
    4.981711
    4.976993
    4.988692
    4.991334
    4.992175
    5.011212
    4.991587
    4.987527
    4.987808
    4.982805
    5.000339
    4.984099
    4.987683
    4.993281
    5.028962
    5.014216
    4.985568
    4.990491
    4.966532
    4.986196
    4.982723
    4.949392
    4.989302
    5.050065
    4.984283
    4.977142
    4.986094
    4.987995
    4.984283
    4.989314
    4.984645
    4.988276
    4.977142
    4.989452
    4.986439
    4.962700
    4.986037
    4.977142
    4.975846
    4.987683
    4.984283
    4.993127
    4.990298
    4.993215
    4.986037
    4.992327
    4.988085
    4.989589
    4.990372
    4.993724
    4.991266
    4.992279
    4.996852
    4.986184
    4.990226
    4.989166
    4.988074
    4.986945
    4.988276
    4.990892
    5.000573
    4.995731
    4.982805
    4.992200
    4.986686
    4.988313
    4.988654
    4.987182
    4.988558
    4.988939
    4.987400
    4.984645
    4.984765
    4.990010
    4.985411
    4.988986
    4.996586
    4.985411
    4.988479
    4.987857
    4.986886
    4.988795
    4.976993
    4.986184
    4.985112
    4.982548
    4.987664
    4.987782
    4.995152
    4.998348
    4.993479
    4.994726
    5.003937
    4.989765
    4.990485
    4.991223
    4.988692
    4.987798
    4.990488
    4.987782
    4.991493
    4.987527
    4.987182
    4.986686
    4.989314
    4.988313
    4.984645
    4.986226
    4.990010
    4.988712
    4.989825
    4.990226
    4.991493
    4.986037
    4.989912
    4.988791
    4.990298
    4.988342
    4.987457
    4.985245
    4.988074
    4.987628
    4.962700
    4.991266
    4.990226
    4.988276
    4.989314
    4.994609
    4.989825
    4.995731
    4.990142
    4.985568
    4.978509
    5.050065
    4.990586
    4.982723
    5.070087
    5.000000
    4.984011
    4.984219
    4.989577
    4.989160
    5.000573
    4.987202
    4.984875
    4.983493
    4.982425
    4.987995
    4.985167
    4.987734
    4.988276
    4.991256
    4.990186
    4.996830
    4.959093
    5.000000
    5.050065
    4.949392
    4.988791
    4.986439
    4.991453
    4.989016
    4.991256
    4.987712
    4.989382
    4.988610
    4.984165
    4.989765
    4.990222
    4.991426
    4.980536
    4.985112
    4.984430
    4.987878
    4.990301
    4.985825
    4.957049
    4.994728
    4.963902
    5.018788
    4.996586
    4.995462
    4.989419
    4.990451
    4.989674
    4.991484
    4.993127
    4.992200
    4.984219
    4.986363
    4.994609
    5.000573
    4.986293
    4.985411
    4.986230
    4.992009
    4.986037
    4.989160
    4.987840
    4.989045
    4.990683
    4.989419
    4.990590
    4.990451
    4.988791
    4.989912
    4.989382
    4.988342
    4.988727
    4.988605
    4.987823
    4.986556
    4.986867
    4.988191
    4.987186
    4.988208
    4.990755
    4.989167
    4.996358
    4.988558
    4.990010
    4.989302
    4.977142
    4.989314
    4.988939
    4.987630
    4.984765
    4.988313
    4.989314
    4.989825
    4.986686
    4.990488
    4.987202
    4.991546
    5.011212
    4.991587
    4.989687
    4.985825
    4.990716
    4.987808
    4.987683
    4.989219
    4.988193
    4.982805
    4.962700
    4.990488
    4.987522
    4.995731
    5.000573
    4.989160
    4.975846
    4.984666
    4.996563
    5.000000
    4.998954
    4.983406
    4.986632
    4.989112
    4.986603
    4.988179
    4.992928
    4.990186
    4.984875
    4.988986
    4.996586
    4.986094
    4.995462
    4.985585
    4.987782
    4.987683
    4.984875
    4.983493
    4.993127
    4.992200
    4.990298
    4.988610
    4.988276
    4.989460
    4.987015
    4.982720
    4.987886
    4.991611
    4.987182
    4.982827
    4.988573
    4.985545
    4.988131
    4.989589
    4.982209
    4.988276
    4.985585
    4.990226
    4.990372
    4.986230
    4.989160
    4.987840
    4.984036
    4.987782
    4.982548
    4.987857
    4.988479
    4.986632
    4.988795
    4.982827
    4.986226
    4.988692
    4.991223
    4.984885
    4.988085
    4.988712
    4.993724
    4.990742
    4.989166
    4.990226
    4.986230
    4.984765
    4.987202
    4.987186
    4.987823
    4.988727
    4.985834
    4.989411
    4.988922
    4.989510
    4.990372
    4.988179
    4.989428
    4.990226
    4.993724
    4.992279
    4.990586
    5.050065
    4.986226
    4.978509
    4.990186
    4.988179
    4.990503
    4.989589
    4.985585
    4.995462
    4.990683
    4.990590
    4.990301
    5.018788
    4.983406
    4.987782
    4.987630
    4.989825
    4.988276
    4.994609
    4.989302
    4.987683
    4.987808
    5.000573
    5.027554
    4.982805
    5.028962
    4.994728
    4.988986
    4.996586
    5.016198
    4.957049
    4.983113
    4.995791
    4.990491
    4.988858
    4.990222
    5.016198
    4.979687
    4.998742
    4.996358
    4.998954
    4.984219
    4.982720
    4.986293
    4.988791
    4.990451
    4.988086
    4.988074
    4.983406
    4.987646
    4.989912
    5.016198
    4.983113
    4.996830
    4.985411
    4.990436
    4.996830
    4.959093
    4.990436
    4.990226
    4.988712
    4.990010
    4.993724
    4.990683
    4.986439
    4.988193
    4.990301
    4.949392
    4.989765
    4.992009
    4.987522
    4.989765
    4.981711
    4.986230
    4.989765
    4.988922
    4.986230
    4.989914
    4.985825
    4.990222
    4.989661
    4.990716
    4.987808
    4.980536
    4.986184
    4.990301
    4.982548
    4.984430
    4.987782
    4.988074
    4.975893
    4.992279
    4.990586
    4.959093
    4.996563
    4.992712
    4.989324
    4.993939
    4.993724
    4.990010
    4.959093
    4.949392
    5.000000
    4.990586
    4.992928
    4.989302
    4.978509
    4.992279
    4.989428
    4.988085
    4.990372
    4.989589
    4.989914
    4.987664
    4.990683
    4.988342
    4.989382
    4.990590
    4.991484
    4.990703
    4.994726
    4.988479
    4.995731
    4.981711
    4.989661
    4.976993
    4.984430
    4.980536
    4.983113
    4.987522
    4.957049
    4.986293
    4.990703
    4.990298
    4.992200
    4.993939
    4.988227
    4.987630
    4.996358
    4.980117
    4.985727
    4.984165
    4.982720
    4.995364
    4.985609
    4.987273
    4.987182
    4.988227
    4.987400
    4.982565
    4.993215
    4.988342
    4.989419
    4.990683
    4.989428
    4.989914
    4.990301
    4.980536
    4.957049
    4.982209
    4.986184
    5.018788
    4.989589
    4.983118
    4.986094
    4.983113
    4.984283
    4.982548
    4.989661
    4.976993
    4.984011
    4.988479
    4.986632
    4.989428
    4.978509
    4.987646
    4.996586
    4.988179
    4.989912
    4.990451
    4.995462
    4.987202
    4.996586
    4.990451
    4.988054
    4.990488
    4.993479
    4.987798
    4.986668
    4.982209
    4.962700
    4.985585
    4.995462
    4.990301
    4.963902
    4.988193
    4.957049
    4.992327
    4.983394
    4.992712
    4.990586
    4.993939
    5.000000
    4.989324
    4.986668
    4.981711
    4.983113
    4.975846
    4.995731
    4.992403
    4.987798
    4.988922
    4.980117
    4.985411
    4.983394
    4.989324
    4.991512
    4.992327
    4.989112
    4.996358
    4.993215
    5.000000
    4.980117
    4.996358
    4.989324
    4.983394
    4.988791
    4.980117
    4.996358
    4.963902
    5.016198
    4.962700
    4.982209
    4.983113
    4.980536
    4.991611
    4.982720
    4.986293
    4.984219
    4.988573
    4.989460
    4.991611
    4.982827
    4.982720
    4.988795
    4.989324
    4.996358
    4.991611
    4.987273
    4.993215
    4.980117
    4.992327
    4.988791
    4.988074
    4.988610
    4.988986
    4.983118
    4.996586
    4.992928
    4.983493
    4.978509
    4.984283
    4.987995
    4.990491
    4.988179
    4.991484
    4.987664
    4.988085
    4.989589
    4.990301
    4.986184
    4.984765
    4.993215
    4.975846
    5.016198
    4.988922
    4.987202
    4.988986
    4.984875
    4.987182
    4.985411
    4.988085
    4.989589
    4.988795
    4.989166
    4.976993
    4.993939
    4.986037
    4.990298
    4.987273
    4.993215
    4.992712
    4.988131
    4.985825
    4.987995
    4.992928
    4.989302
    4.977142
    4.990451
    4.996586
    4.986293
    4.989825
    4.987840
    4.989783
    4.988479
    4.993215
    4.986686
    4.982720
    4.988227
    4.991611
    4.993215
    4.992712
    4.986293
    4.988085
    4.990372
    4.993724
    4.990586
    4.993939
    4.989428
    4.987664
    4.988342
    4.988193
    4.990301
    4.989045
    4.989382
    4.986439
    4.977142
    4.992009
    4.980117
    4.992623
    4.990383
    5.000000
    4.989324
    4.959093
    4.990436
    4.975893
    4.989783
    4.994726
    4.988795
    4.982827
    4.988479
    4.988573
    4.991223
    4.988131
    4.990742
    4.975846
    5.016198
    4.985568
    4.990491
    4.980536
    4.995731
    4.990024
    4.992403
    4.990488
    4.987798
    4.985459
    4.989825
    4.988692
    4.994609
    4.980117
    4.988791
    4.990451
    4.985459
    4.990226
    4.988712
    4.986686
    4.988692
    4.990488
    4.988131
    4.988922
    4.989460
    4.982720
    4.988573
    4.982720
    4.986293
    4.993215
    4.985825
    4.990716
    4.991484
    4.987683
    4.982805
    4.988193
    4.987782
    4.982805
    4.986686
    4.987182
    4.985585
    4.990372
    4.988085
    4.983118
    4.988193
    4.996358
    4.988191
    4.989324
    4.992623
    4.978848
    4.989661
    4.980536
    4.990186
    4.987995
    4.994609
    4.989302
    4.992928
    4.987734
    4.985411
    4.984875
    4.988986
    4.995462
    4.996586
    4.990436
    4.991546
    4.988191
    4.989016
    4.988086
    4.988791
    4.989460
    4.988922
    4.984219
    4.988971
    4.989160
    4.987840
    4.992403
    4.990488
    4.988692
    4.994609
    4.992200
    4.991484
    4.982805
    5.027554
    4.989160
    4.992928
    4.996586
    4.978509
    4.989428
    4.990186
    4.985585
    4.988610
    4.989382
    4.990703
    4.991484
    4.994609
    4.990298
    4.982805
    4.959093
    4.992009
    4.984765
    4.989302
    4.990436
    4.985411
    4.987182
    4.981711
    4.990742
    4.988479
    4.989661
    4.987683
    4.990301
    4.988131
    4.991223
    4.991546
    4.980129
    5.028962
    4.987782
    4.988922
    4.988131
    4.988712
    4.993724
    4.992009
    4.949392
    4.989324
    5.000000
    4.990436
    4.975893
    4.980129
    4.962700
    4.975846
    4.982209
    4.983493
    4.988986
    4.984875
    4.980536
    4.989661
    4.975893
    4.988085
    4.988795
    4.989166
    4.990742
    4.990488
    4.991223
    4.990024
    4.984219
    4.985609
    4.988573
    4.982720
    4.988922
    4.988573
    4.987840
    4.988131
    4.994726
    4.978848
    4.991037
    4.995462
    4.990186
    4.982209
    4.990372
    4.984875
    4.975846
    4.988795
    4.988131
    4.986363
    4.987840
    4.990488
    4.990436
    4.986686
    4.985411
    4.988712
    4.989759
    4.990488
    4.996586
    4.988986
    4.980536
    4.982548
    4.989661
    4.988858
    4.990222
    4.987995
    4.990186
    4.978509
    4.989302
    4.990024
    4.988085
    4.988795
    4.990742
    4.982827
    4.990436
    4.991611
    4.989324
    4.983493
    4.987995
    4.989382
    4.986439
    4.988193
    4.991484
    5.027554
    4.982720
    4.990023
    4.984875
    4.996586
    4.989759
    4.988131
    4.992403
    4.990024
    5.027554
    4.975846
    4.982209
    4.994609
    4.988479
    4.990742
    4.991037
    4.988131
    4.991223
    4.988131
    4.991223
    4.988712
    4.991223
    4.982827
    4.990436
    4.984875
    4.982720
    4.988086
    4.989912
    4.988791
    4.996586
    4.987646
    4.988085
    4.988054
    4.992009
    4.982723
    4.989302
    4.977142
    4.982548
    4.986632
    4.990716
    4.988791
    4.984219
    4.986363
    4.987840
    4.975846
    4.975846
    4.985545
    4.988795
    4.991611
    4.991223
    4.988791
    4.988342
    4.990586
    4.983406
    4.987646
    4.988986
    4.983493
    4.987995
    4.988686
    4.985825
    4.981711
    4.989661
    4.986037
    4.990298
    4.987995
    4.988610
    4.984219
    4.987664
    4.988795
    4.987664
    4.989382
    4.990703
    4.988193
    4.996358
    4.988791
    4.990301
    4.985825
    4.987878
    4.981711
    4.988610
    4.988791
    4.988342
    4.990703
    4.986439
    4.983406
    4.978509
    4.986037
    4.990703
    4.993939
    4.988342
    4.982209
    4.963902
    4.988791
    4.987734
    4.990703
    4.986230
    4.985411
    4.988986
    4.988479
    4.990703
    4.988791
    4.989428
    4.993939
    4.993939
    4.987664
    4.987664
    4.988795
    4.988686
    4.988986
    4.991256
    4.987734
    4.984875
    4.988131
    4.990742
    4.988712
    4.982565
    4.991611
    4.984219
    4.982548
    4.991512
    4.986556
    4.984219
    4.990586
    4.978509
    4.993939
    4.985825
    4.987878
    4.991037
    4.992712
    4.990586
    4.988054
    4.985411
    4.986632
    4.992009
    4.984765
    4.991611
    4.989324
    4.990436
    4.977142
    4.985411
    4.992009
    4.989324
    4.986556
    4.986632
    4.990586
    4.988795
    4.990742
    4.988795
    4.984875
    4.982303
    4.996586
    4.986037
    4.987878
    4.996586
    4.984765
    4.988054
    4.986632
    4.987878
    4.985545
    4.989324
    4.978509
    5.000000
    4.989324
    4.988791
    4.987734
    4.984765
    4.992009
    4.984765
    4.988054
    4.988795
    4.988054
    4.986632
    4.986363
    4.985585
    4.987995
    4.995364
    4.988922
    4.989589
    4.989912
    4.987798
    4.989460
    4.986632
    4.982209
    4.990372
    4.989428
    4.988179
    4.990263
    4.987798
    4.989166
    4.988085
    4.988922
    4.988922
    4.990142
    4.983406
    4.949392
    4.984036
    4.996563
    4.977142
    4.975846
    4.980536
    4.988242
    4.982548
    4.988971
    4.982487
    4.982720
    4.988085
    4.975846
    4.990024
    4.992928
    4.990372
    4.990024
    4.990186
    4.987683
    4.990024
    5.050065
    4.987782
    4.991484
    4.949392
    4.988712
    4.989661
    4.989324
    4.988193
    4.990142
    4.987527
    4.987798
    4.985825
    4.977142
    4.988074
    4.986037
    4.990488
    4.989382
    4.990703
    4.986886
    4.986439
    4.989314
    4.949392
    4.988657
    4.986363
    4.987664
    4.989160
    4.983493
    4.987798
    4.962700
    4.987332
    4.988712
    4.989160
    4.998954
    4.986230
    4.982209
    4.986439
    4.987840
    4.990732
    4.986293
    4.993281
    4.992200
    4.992928
    4.987712
    4.992712
    4.984036
    4.986603
    4.990488
    4.992009
    4.988610
    4.987182
    4.986886
    4.982805
    4.984765
    4.988712
    4.988610
    4.995462
    4.990301
    4.985545
    4.983118
    4.986603
    4.987782
    4.991587
    4.989428
    4.987630
    4.978509
    4.978848
    4.990372
    4.981711
    4.989045
    4.987161
    4.975846
    4.988605
    4.987934
    4.989428
    4.984645
    4.982209
    4.983118
    4.988479
    4.990023
    4.990716
    4.987840
    4.996830
    4.985825
    4.988512
    4.986603
    4.987995
    4.992712
    4.986230
    4.981711
    4.991512
    4.988342
    4.988479
    4.990226
    4.989166
    4.992623
    4.993724
    4.987808
    4.992327
    4.987202
    4.985689
    4.987161
    4.990301
    4.992712
    4.988692
    4.977142
    4.986556
    4.991493
    4.988227
    4.975893
    4.983406
    4.993215
    4.983118
    4.988303
    4.987857
    4.985545
    4.996852
    4.989045
    4.988692
    4.982827
    4.990186
    4.989219
    4.989382
    4.990703
    4.988479
    5.016198
    4.986686
    4.984765
    4.995152
    4.987182
    4.988971
    4.988193
    4.989016
    4.991266
    4.992009
    4.990703
    4.992327
    4.988991
    4.962700
    4.987995
    4.983394
    4.989302
    4.987273
    4.983118
    4.989510
    4.984430
    4.989589
    4.988712
    4.989411
    4.993724
    4.986439
    4.986363
    4.994728
    4.981711
    4.989783
    4.962700
    4.988179
    4.988193
    4.992928
    4.983118
    4.995462
    4.966532
    4.988085
    4.991512
    4.989914
    4.985689
    4.990683
    4.990372
    4.982474
    4.986439
    4.991512
    4.986945
    4.995462
    4.987630
    4.984011
    4.992712
    4.987457
    4.987840
    4.996358
    4.989160
    4.988727
    4.984283
    4.986439
    4.990482
    4.987840
    4.992009
    4.987043
    4.984885
    4.994726
    4.987798
    4.991493
    4.986603
    4.978509
    4.988085
    4.990023
    4.984219
    4.989914
    4.995351
    4.989160
    4.993215
    4.982805
    4.986037
    4.987995
    4.978509
    4.987630
    4.987808
    4.996830
    4.989460
    4.989460
    4.990023
    4.987628
    4.987798
    4.992712
    4.990301
    4.987857
    4.986632
    5.050065
    4.988657
    4.989382
    4.984219
    4.992623
    4.990590
    4.986454
    4.978509
    5.000000
    4.990451
    4.990586
    4.987782
    4.976993
    4.987182
    4.985946
    4.990451
    4.992507
    4.949392
    4.982720
    4.989783
    4.979960
    4.988264
    4.990436
    4.991611
    4.990024
    4.998742
    4.988922
    5.000000
    4.989783
    4.988686
    4.992855
    4.985825
    4.988085
    4.989661
    4.966318
    4.981711
    4.990742
    4.990024
    4.989661
    4.988795
    4.989166
    4.975846
    4.990742
    4.981711
    4.962700
    4.995731
    4.993604
    4.985786
    4.982303
    4.990024
    4.983118
    4.988303
    4.987626
    5.018788
    4.984885
    4.990023
    4.986686
    4.985545
    4.988074
    4.990716
    4.987628
    4.991493
    4.988712
    4.975893
    4.992712
    4.987273
    4.986293
    4.987273
    4.986293
    4.992712
    4.984219
    4.986293
    4.996358
    4.990488
    4.984666
    4.982723
    4.981711
    4.989661
