# vtk DataFile Version 2.0
polydata
ASCII
DATASET POLYDATA
POINTS 2554 double
4.08690061825713 0.569082579839764 3.00592869291205 
4.52898280102133 0.587273710587386 2.92213037976502 
4.8493799947092 0.396106385206572 2.27423133060187 
4.6805264912172 0.19532471997669 1.95310141993904 
4.13386803185488 0.336242423848446 1.79623585785424 
3.99712078716458 0.710500459100805 3.19976469295158 
4.37785213446702 1.08200418175289 3.51505490909415 
4.75410823095502 0.961748150233613 3.272890420767 
4.26783479434701 1.46423440343926 3.52978041962074 
4.62125504473273 1.83046250231289 3.28984295629118 
4.4313822149752 2.99682210259484 0.501262136464804 
4.43523802698272 2.61313904587761 7.98203049224246 
4.23753792705602 3.05199757852021 7.65188979156542 
4.6496501145702 3.15417049992098 7.22620071275878 
4.62039732099154 3.68882616724559 0.390570220126968 
4.73115854618978 2.4795602358659 7.91112214047609 
4.18511272222381 3.4700055854978 7.89672037354525 
4.300842457783 3.44998512422888 0.371113042023164 
5.271345882024 7.07431021964836 2.73858375695739 
6.2340454022836 7.11587600562905 3.17012276010851 
5.25580771558053 7.28892373271208 2.53830416091743 
6.45280755515976 7.76993214462137 2.59618055263649 
6.64223185794078 7.39744622305675 2.26305116117765 
5.87807675822805 6.90910174204912 3.18748342135807 
5.55522649082984 7.19859963553207 3.13993318697174 
6.04651412800518 6.67834131366436 2.17860460103157 
5.37121540511443 7.16433650847295 2.21434128817955 
5.6017465952629 7.75221280603217 2.74168327425552 
4.08918919216128 1.95649135616144 7.30583922493598 
4.38610048289292 2.73550687688265 6.46986621208346 
4.69217437994173 2.37558927971128 7.90463522073769 
3.938066481717 3.01640933054473 6.97121945132808 
4.28310148805623 3.08227658433472 6.79237745988343 
3.96615934914681 2.99567965416777 7.52953891115466 
3.79935298229077 2.66568806890827 6.78489005032514 
7.3955719200327 4.16935682123665 4.5835367055378 
7.09331672555744 4.36660317232282 3.55426994782012 
6.78580611643954 4.23300499758526 4.085750102805 
7.68491493596455 0.980829308013444 1.87720769601256 
7.7230959887625 1.43454792641105 1.99787185067347 
7.63192428319508 1.54511577411522 2.17130656770035 
3.95313835891945 4.20028692961733 5.05014246217998 
4.26591202527758 4.18387702352834 4.99386231711327 
4.63029723462816 3.96207828941495 4.46082640221032 
4.45862618113104 3.87458605756257 5.1344841526392 
4.68545188848662 3.73723783475313 4.8670983121911 
0.591567506831581 6.41316845985308 4.71766412712967 
1.54323048727809 5.88567244402948 3.98918202058902 
1.42500830706833 6.36071592132002 4.32047876000759 
1.05213992139104 5.75560971756067 5.13339511021351 
2.80050349718101 6.50556041718207 3.55433163516802 
2.98810197327525 6.4285572549636 4.80645589090942 
3.19015308781087 5.94188356803489 4.79623220944338 
3.63015605246718 5.96293084643477 4.55853402886 
2.42073746352777 6.4594889684842 3.94864227200562 
3.70017566804047 5.77100327045138 4.2578744609457 
3.43430116858562 5.54022136668402 4.09420210321764 
7.02758665226105 1.88075218686665 5.51664793922548 
6.72635442096021 2.15380916637607 4.96237797859363 
6.20915249942326 2.67304109602 5.00593180017077 
7.22990410749604 2.07198028997263 5.68771838947047 
6.02129677038877 2.33271857198367 6.04139573086673 
1.69114904649976 2.61461338627116 3.16362350970401 
1.37205247033122 2.61095990723838 3.39213967508757 
1.79511823606122 1.77644557081384 4.23301576517689 
1.27767672110152 2.51866043377158 3.8495732607822 
7.52394603154575 4.03994255203898 7.47163727286465 
7.55730705713004 3.74651347373776 6.47487739882123 
7.65903886273473 4.25983612900976 7.14274979583994 
3.22103329727281 0.665104418495762 6.05996871828895 
3.25993960699674 0.913998282926402 5.55775897160645 
2.00173928009294 0.876902893549656 6.22113668389878 
2.81418522316037 0.29122751423835 5.60354881565565 
3.01595314648882 0.371244301746181 6.07837002260691 
3.12438817468301 1.26780643320771 5.5342156743217 
2.41863299943166 1.56205708931738 6.02995262468343 
2.26144306332565 1.42459386447813 5.41463411261325 
2.3126635423392 1.36240101214898 6.28639358001567 
2.05502879203289 1.14741904678262 5.37665572618831 
4.09532867215246 7.06050093696535 1.28080564628532 
3.99637055215648 7.28582531131811 1.00235133554823 
7.02257949867495 6.05310787400613 2.57398773532145 
7.33020694225199 5.91190850807191 2.93698049122934 
7.06347856261226 5.93956805811139 1.99199762913044 
7.25954120092947 6.1923782560107 2.20920352643775 
7.22198993286033 5.00461638943761 2.01122517928717 
4.66098295358651 3.96136709278906 6.59190591376675 
1.32616841747641 3.40295178198127 2.49217768361891 
1.31944456413917 3.63172117265654 1.92044521335647 
0.410792526402571 4.43950234294677 2.06603925681176 
0.786718649771064 3.0790456270491 2.16670292920467 
0.578756820071172 4.26571046274163 2.75163307998473 
0.224626788971299 4.15376985990987 1.89560396635624 
1.25242175182283 3.81627838932495 2.76781206067948 
1.08046898712348 3.15102302552069 2.54714850222786 
0.221381354120553 3.6232736537489 1.90246264907195 
0.947888549094644 3.77855260572044 2.95907223002747 
0.787749779993839 4.46981409649329 2.41406412937148 
2.84388436969742 6.80680825702093 3.24725287397423 
2.69742057345272 7.72503436415919 3.45072905985847 
2.57780409775844 7.37851059953129 3.15153930633508 
2.69564587049316 6.62963691072775 3.29616881190838 
2.27307219515136 7.85301728644825 3.52071097406664 
1.90329628171004 6.76123997417288 4.09689592305165 
2.06230191690092 6.5459454801187 3.85033316574613 
1.65605750635115 7.16671218549275 3.9583078100882 
2.19779035830307 6.87956938940855 4.39166372766306 
7.48992243311957 2.16513487379948 7.85440607402589 
7.6594303586945 1.85473581016802 7.67588026224384 
3.62397269900962 3.40125220152046 6.94951890303971 
3.63575094902991 3.47157781369145 7.67197758840651 
3.69555168619539 3.58822341347826 7.75663002297541 
7.14836473489813 4.86700007608673 1.88562833456362 
7.71492012057231 4.13345037003181 1.55359109270702 
6.65547076902307 3.14079480520868 0.368664958812869 
7.05799004301201 3.76147347758785 0.688446424219158 
3.78405441135694 0.687775844915406 5.13005143796146 
6.14786707393956 5.03158359006353 6.34696603630105 
6.14904340352057 5.21101768778198 6.87528434229172 
6.16553064222707 4.55111084501503 6.37580587715844 
3.90282600371367 5.69479694950547 5.51942297682528 
7.11720199907085 0.856848980604456 3.67187884077188 
6.92661035288719 1.07693044982803 3.77687322508476 
0.58345619255784 0.173989284197104 5.53502751404218 
7.9269096904415 0.756563174345131 5.63884281184114 
0.0305091550054011 0.753723724885603 5.66587999206463 
5.55756310769808 1.98481315509799 5.16116849322918 
5.7702603441079 0.70567493511766 4.53012026962129 
5.42929148237425 2.05167495816389 4.72711358568379 
6.3335627039195 1.14139896152283 4.64774630047483 
6.29823959938331 1.88737125044399 4.6610480325355 
1.55183000400207 4.69554790449303 5.03736199689594 
2.12849117093314 5.58868709660822 4.79362554468275 
1.95059415965103 6.0941552744064 5.26596421439879 
1.01286528209956 5.28774166669757 5.5875487126772 
1.05838549569649 5.06073364269038 5.01686149281535 
2.13761729296392 7.99486820298648 6.9537941110379 
1.55391423227888 7.82117191514543 7.02937458317002 
1.18276197449668 0.266901795949247 5.86643507206657 
2.28913036296847 7.94121663551077 6.67970423136666 
1.46525296327764 0.791915530817457 5.94857546760762 
6.29888957194034 6.75513911730506 1.55549776813347 
6.48044183476466 6.93712719019791 0.941851143819832 
6.79748780298354 7.01403375735389 1.24903620826595 
6.12859628488974 6.7482324068735 1.32543562698022 
5.68451956158764 7.13469460137547 1.12839465276351 
5.58377543499395 7.45777135559855 1.24426143452772 
5.62507674343821 7.58086625413586 1.58090194320367 
6.73704619761531 6.92086146836077 1.49918340125626 
6.69446728621447 7.41022899652569 2.02008646903005 
7.11241502508559 2.62640337055376 1.42063595025086 
7.0641492445808 3.4043646504104 1.92020909045084 
7.82196868420001 3.62936500042417 0.809743039934958 
7.66266501090272 2.75585918188915 1.46764329557137 
7.92505876641969 3.34198006101131 0.874344804771068 
7.82137248192398 3.48784250684358 1.61588857673542 
6.8262524799149 3.0470468709337 1.76678665688127 
7.36411685313233 2.62402127401273 1.19674313719641 
7.95578702739023 3.21561773825576 1.28805247329496 
0.459448511742207 5.71661119601365 3.75669548992898 
0.881810794498367 6.28114400479015 6.5868680564813 
0.5835907252479 6.63113563325661 5.94565863495815 
4.74246109366264 6.79364517375789 6.73027153927596 
4.79535586979406 7.62355019164665 5.90794952226742 
5.11195825076984 6.82326516426345 6.73233027763256 
5.18330338370228 7.2698725346479 6.63741371958401 
3.21969610359973 7.47624682914629 6.8516906461891 
3.3163331224891 6.88201144224858 6.50578550994821 
3.47935350302126 7.22870518360734 6.73858703486158 
3.21827800539059 7.44643865565496 7.36457753914377 
1.91877495846905 5.83263461594312 6.90179647691558 
1.22604411008235 6.43722451189824 7.19635856565663 
2.0208681402627 6.17390043385559 7.30871149782186 
2.46181731505856 6.1643361106092 6.55785899824281 
7.26651859414087 6.55660467905921 0.782659875647448 
7.14267389543629 6.86114311996416 1.16134500599699 
0.558297919934024 1.9770566578159 3.76301707993745 
0.649838026588832 2.17521632985395 3.0972609063997 
7.40611571585074 1.71265764070269 3.19700303599313 
7.3541279566918 7.24560826395283 6.97515781465691 
7.30668438595837 7.53361751655762 6.41996904495148 
0.960612836951197 3.80505052946471 3.39298256829594 
0.94960533309951 5.02514653969399 3.41030351642761 
1.18375214545659 4.7621122476013 2.40657341244817 
1.29523194347895 4.50253657545339 3.78123060474667 
1.14557660171458 4.30927738293099 3.83021907250863 
1.02553959578002 4.69658591365674 3.75656200502143 
1.76087019705535 4.37860891721996 2.83350507465742 
1.34847681521691 5.07605742318548 3.01591166637263 
1.23882438860498 5.10041416217225 2.83480853362662 
6.40199823610643 4.82029023154392 1.47206315850644 
6.35541071576871 4.45482938745761 1.12047222577902 
6.43982403502879 4.67381452837053 1.86210964399751 
6.40667118264781 4.2973888754989 1.9074290859469 
6.17349279561021 2.42701515517305 0.518228663943475 
6.44996116753485 2.01579232520938 0.725977071832095 
6.50921989693617 2.64655295666679 0.283695967544055 
7.01611325723299 2.10709076060338 1.26238164734058 
5.96443387743241 2.71676887060289 0.847667141434255 
6.46234214361702 2.06209008446627 1.09178629502638 
6.09092457999185 2.62553051439869 1.24150203495348 
4.95315148409482 4.75313660576546 3.71632741483881 
5.13058473377635 3.80787500147296 3.6853564485778 
4.61945667497015 4.89724321588496 3.72576652429978 
2.81685409186507 5.83257222146379 6.42338749530778 
4.00166786765973 5.2808827006637 5.94660075446434 
3.33332994810026 4.8375273837736 6.11924453762381 
3.83198248784029 5.45953303670052 6.45560101525115 
3.10186851430577 4.87406799469631 5.99797506308124 
3.80955717222151 4.98898356935709 5.77948470217243 
2.78711022571316 5.53035410561605 6.50300494479433 
4.69294670969134 7.15022159107366 4.78470255467204 
7.35012210743557 4.19652343025456 4.99971313615179 
6.52686640206718 4.2558622983638 5.31571495723546 
6.45938836528928 3.91893772642682 4.88312561354524 
3.94481749855411 2.21811413753211 0.822001093538737 
2.91173741380864 1.96818438662256 1.45943483440183 
3.65035505229432 1.76603007097957 2.01148583429674 
4.26212659902785 2.28750460216943 1.16002814053013 
3.53344029922673 2.26804981739595 2.04431395630138 
5.8430570737744 2.54044805407403 1.58601282473341 
5.99520361566671 1.90465776382766 1.69211729367832 
5.88243948209126 2.17719634500906 1.81960547198641 
7.15871263248506 2.3666404186366 2.08657201671945 
7.04217391609436 1.78122212645011 1.57449546698025 
6.31422145293959 1.78236333322258 1.26777623363073 
7.89517723505339 2.43864363158149 4.66829169381707 
0.442653859943296 2.59461118003302 4.47898102663339 
7.67145985763434 2.33280560428306 4.37785938772152 
0.482329937157052 2.59375712640076 4.23819555508116 
7.96979799136926 2.04932581861581 4.97499611200275 
0.639750429824235 2.46397726639576 4.22902800353831 
5.31300906990077 5.14056209958628 4.87842023337308 
5.23435997792323 5.00412407349348 4.90071536144617 
5.6839622519771 5.07056032317606 4.01705820479413 
5.68799658666988 5.25691475687063 4.22848401374255 
5.76063318683665 4.08607345149575 4.23213878285471 
7.45259083513048 1.4955626446199 1.48979781191129 
6.28039408153707 1.66873050937353 0.592458866094799 
7.24901057407044 0.79569017636074 0.807477215548608 
7.64456656581512 1.34564527070847 0.922443403397882 
7.41805626649033 1.25018071247067 0.60251842611937 
3.40309720053049 1.59579432936728 4.40832307433772 
1.78460073851278 5.57016069713726 3.09331173024929 
1.74087604861729 5.43715252683102 3.00130352489999 
1.74409357360904 4.69233655034851 4.11784163351781 
1.53767586500981 5.86163468884617 3.49667374798684 
2.23490144699556 5.36968744771893 3.66387127396528 
6.29927654773313 7.89173215522352 5.5340661508389 
6.50801136660192 7.92747552195677 5.5746281865505 
1.35254799569048 6.15516528742268 1.88415797197314 
1.02352499924724 5.84983121732896 1.57698297782823 
0.951854768954525 5.97741971978484 2.67223217505573 
1.09535031647027 5.31238054658203 1.55958035493302 
1.77026876353623 5.58517477951303 2.08927262550215 
2.03055953936712 7.57933796412355 2.63072746830338 
2.44257399088347 7.54102018735911 2.33977631518369 
2.90372065903483 0.409416824104456 2.41341410771678 
2.64798518330091 0.76895913489825 2.75231395902049 
2.74721739629477 7.43733418601658 2.53139153932366 
1.16328507974163 0.675287308808383 4.91598880704754 
1.05699365289061 0.204536571351526 5.61241985050731 
1.05899545578401 0.70671717525336 5.10170872311887 
2.95170282103914 4.79208568152556 3.13796426151052 
3.19437467814189 5.48237710124366 3.13140731244278 
4.44504586617243 0.645961868590643 0.304448825982825 
5.54557637892594 0.684157603994613 0.253467189829269 
5.38066780528782 0.475767645989352 0.585586470754209 
3.6331296868925 0.918272683492605 5.49608883884189 
3.4112452186625 1.82911788159754 5.86802449981503 
3.94816409713702 1.68216331215391 6.06782057633084 
4.04128994456439 1.25861351210903 5.79949809492438 
4.91427412820049 6.77120629476209 0.800463229017155 
5.13340263654522 5.99822727300788 0.585926507751974 
5.10953133323354 6.31966022742129 1.62569624919698 
1.64050101807115 4.84577218927228 0.158714999987696 
1.80954497653675 4.78776573563868 7.77593668063026 
1.48988831394626 5.23691190168934 7.58945409969796 
5.98311130788746 3.35213921495128 4.81738413101327 
6.35203830803773 4.0943461858422 5.84592047510582 
0.589721517990725 3.89252534815242 5.99478040126109 
0.762708060471893 3.4229774178838 5.66809663445346 
5.24009259061488 1.64018639020596 3.05807879002588 
5.24048485208117 1.43073219848792 3.01977782400021 
4.72595903576449 5.55203781861382 5.67556444915291 
5.09645168832784 5.39895331846095 4.96355147243162 
4.99913994152318 5.89947480871783 5.99203657623415 
5.25477192087504 6.00338788472879 5.94583495829888 
4.89717708560558 4.94074652681106 0.621323525732864 
5.12659275643719 5.30122136678713 0.265270461081865 
4.98878559383326 4.92059601335458 1.10709126900918 
5.20704531676696 5.39614856505281 0.297491279260902 
5.19560549611066 5.07966555090977 1.21277063723964 
0.73712526040296 3.18821848699869 3.02599315552315 
1.09650189228699 2.68634656515179 3.03541657637412 
1.31773500611315 2.72238474595201 2.67888747196458 
0.821139447889749 2.68357979312356 1.92888454449647 
3.53899151603814 7.89760388981011 6.15905582477981 
2.98900233538775 7.70613844452832 5.52417783977234 
3.16583302020779 7.97180251691777 6.14574592398286 
0.222928825878893 0.967910293012456 6.76698663554875 
0.14238775620011 1.06414961702922 5.95393918737309 
0.613198106918335 1.53754973726515 5.75542854579946 
1.03803870107675 1.49074647352149 5.97496927536292 
0.275624666113815 1.9604348572867 5.88359979272621 
3.64731250822123 7.156646688715 3.38031238794959 
4.47392815588477 7.29129514683886 3.51416884488402 
4.1878932616633 7.0699123933342 3.71210078376483 
3.46007076223956 6.77296840301012 3.23537267865502 
3.43027625333237 6.70790004189246 2.78543324517865 
3.58849169022013 6.95868847019608 2.54025769138606 
4.48351062477724 7.29904504523487 2.57910983901618 
4.05787113122023 6.69298082957507 2.3284241158237 
3.80324715123808 6.22423228706508 2.64433819796106 
4.09106612145934 6.37513737342522 2.42309149123206 
0.652013925707795 3.13216236358397 4.95857021865167 
0.809979644636991 3.53459163665693 4.69174443978029 
0.895995556426085 3.36114945312381 4.90921936353203 
0.573936850473175 3.19430147625617 4.02116204573357 
2.09602201371201 1.74806479857385 5.28241849765649 
2.33388448427084 1.79705171720138 6.02980428012074 
2.08669937693761 1.94666528207042 5.49461965987605 
1.83141162512091 7.59751205275729 7.48456000602148 
2.29143157465877 6.53120763646957 5.07155562900254 
2.831726292055 4.80418284413931 1.46592716005124 
1.58054366364048 4.98029300349688 1.44287618064532 
2.19744770750715 3.81734045541881 1.29691112846453 
1.50818405771739 4.47780893053588 1.26971805103326 
2.08746890243574 4.43233681495069 2.0579303829099 
2.39451821771323 4.96114930604659 1.8877348704496 
2.21180061651171 5.19974469105656 1.73871943178208 
6.21562558520023 6.3129595967854 1.73409855111481 
5.65953188525715 5.38236790384768 2.18952096648475 
6.04003822721055 5.3032395728926 2.11245144740123 
1.53803535060599 4.29886972110477 0.696369294741594 
2.72571085424777 4.27525432810437 7.93397174955097 
1.61410212433382 3.93071867461229 0.474269874495696 
2.33850667791265 4.76029655551847 7.6829272580249 
1.99211626171632 3.75481067808385 0.580275433256777 
1.84049646178586 4.54135430144361 7.65363227961857 
1.43591002805899 4.53075069656686 0.283530473650272 
2.3142109494164 3.87320339092727 7.94539924030824 
2.32510042620284 3.72071688606098 0.29836163073219 
2.77278164741816 4.06099812934209 0.523654510286101 
5.67272338973831 1.6577838514382 0.394582575880629 
5.82586023283113 1.43072315536846 0.771497327638715 
5.89041657857355 1.7856838505052 0.295475647668116 
5.79398036098968 1.06066595586018 7.57500764323389 
5.49335232809183 1.42609299139495 0.0921120810182235 
5.82482518252905 0.825631288927756 0.73609424572317 
5.70163279821004 1.46687737233799 7.73069387401508 
6.20335634425909 0.712584078675981 0.816311316571691 
7.63727382002832 1.14411965123073 5.88831278551667 
7.12595444050293 0.552883064360874 6.55787683571046 
7.44388605005965 1.12626224379433 6.64075880531793 
0.16453367141688 0.792901488325111 6.92159006835362 
7.83750097534966 2.1736316752774 5.45157186254098 
7.4556624399738 1.86732337530323 6.64655905492352 
7.51198174090719 1.88895277975244 5.6381157478346 
0.252419092728905 2.14620775982656 5.6696435611701 
7.38219613393245 6.35803880322364 0.991123689738641 
6.42666182997458 5.66724117691331 1.26770659704502 
2.07907043643556 0.899160789394687 1.15251552096087 
2.21061283907607 0.920729454611368 1.46396686687716 
2.10030440469944 1.32046613445159 1.67765818563709 
1.16479038533808 1.63433308557992 1.8591582456396 
1.90120294987452 1.29385131945097 1.02565080894318 
0.837778486472499 1.50439989560837 1.67752782558038 
0.81901447875209 3.43215293857162 3.49350246537705 
3.51192413897055 3.48134459056342 7.74758991871051 
3.16786615172825 3.15706738056871 0.456375453285354 
2.31737863410223 3.26779530577901 0.309647184965007 
2.87565886674622 3.43061568068407 7.33624805362931 
2.49346078227642 3.08372989726265 0.364027070427466 
3.58324676530957 3.60420079736255 7.83395247988039 
7.17954620851345 6.28442986743566 6.53833460096347 
7.46129649127208 6.41793540639232 6.35064722960925 
1.02868012833739 0.600469357545081 3.13210591877782 
1.22281475939641 0.173777337060112 2.71541877433192 
1.28948297212768 0.860709958471449 3.29432458309867 
1.42320878521326 0.149143079569632 2.61794321607977 
5.70977964547917 0.297440843244614 6.62006944202921 
5.65335203877152 0.389738366982606 6.1359803699144 
6.77591252951016 0.142150552017391 6.27569206835587 
6.01170996257571 0.241712622377183 5.62879204259856 
6.83775815219812 7.62439444590746 6.33220376620175 
5.65053882265027 0.170926069309544 5.94433587178084 
6.71387809676832 3.35614412883461 2.95670492418653 
6.95260878714592 3.61601394245745 2.35617185582154 
7.17897418954913 3.21638242545665 2.97426708060853 
6.66239450943503 3.57192462836976 2.53280483706451 
7.38550319870153 3.397322003312 2.62446735830935 
7.53730956519971 2.56186233520263 2.17661229345326 
6.96463117169247 1.90903581575844 3.1765382887491 
6.53874130739211 1.15909141288655 2.45419590969454 
6.81342834768115 1.80201984350247 3.45174237251227 
7.13211744946015 1.48572023038689 3.7210132684457 
6.41889755658607 1.66262937862658 3.06032739356573 
6.47071187823735 1.62971574002271 3.36505573334009 
5.63367133004141 1.64181131515246 6.53750074636585 
5.79629150315659 1.89705556823139 6.55861734658855 
5.67975436899056 2.27148108194953 6.32925043485208 
4.40417365548546 1.95397592572937 6.53606140516785 
5.63165145467802 2.58334865796774 6.6389970004021 
5.29939662638467 2.28710426267376 6.1014207256125 
5.65999857458959 2.3185169466493 7.17025732376425 
4.92255983416564 1.4094895340037 6.98406720307283 
4.82760764365336 1.44598461197165 6.68400835422129 
2.06461374362988 3.04244134755403 5.03309716028446 
2.2937055044109 2.71233840290275 5.34315562193155 
5.37045454302802 7.41524268767857 6.8922852146086 
5.48208015124853 7.01851655972187 7.21004489980906 
6.34659117156091 6.53411227589186 6.27820186683156 
4.26651480808759 2.92399153631993 0.696452586471771 
4.58032308697235 2.70547904809886 1.19128980324746 
1.95600524485499 3.21703105682514 2.27560311362534 
2.18384136001643 4.4022826333036 2.57941504961119 
2.29169466923419 3.3598387808795 2.55246083082567 
1.71572919308309 3.18648233662353 2.56481589489941 
6.65974500209087 1.25104354873566 6.61767556971917 
7.24453586973511 1.45719141693722 6.84718447305248 
6.72659363714759 1.44443128877147 7.66415195074233 
1.59133739209784 1.76758089880701 4.74840960960374 
1.24763649373401 2.01330294506779 5.07368702127295 
1.63386908163291 1.02228805161547 4.8359500915738 
1.57980924180946 1.23102482017735 4.44699005954951 
1.54170363337851 1.51053283215038 4.42824479717615 
0.740786063215593 1.51966614928323 5.45496508500779 
2.13575651438923 2.92231265660832 6.37148574486213 
1.72685076570768 3.38715242708169 6.31844093585038 
1.98115891125303 3.27999090210974 7.15600171970404 
2.03728452930086 3.27609054232521 6.51749767433848 
1.71868867708208 2.91638511080665 7.46985248910599 
2.04813701540365 3.09827021418165 7.25859844291858 
2.23139624205579 2.57986262628446 6.88565224979642 
2.22408585692283 2.5688680166847 6.66088006960228 
4.78973947490323 3.40026024992029 1.7180787939678 
4.04639463315407 3.0787616370203 2.29606047398754 
4.06624215911598 3.43067495618915 1.31738193778073 
4.21885497418898 3.91170691287095 1.23050726420426 
4.542798872253 3.3240789539319 2.53880662422324 
3.69652953380859 3.29747176234512 1.65726493240968 
3.56589518372154 3.51993834653459 1.89611161786222 
4.80322265436411 3.44029422872652 2.34138156797168 
4.41220341832642 4.38877111796035 1.59684440275838 
3.94873297806969 4.14983225308184 2.24977521687574 
4.41223887430213 4.38844827836534 2.02451229218008 
3.60993055659756 1.67294932805876 2.23962336436371 
3.68843650609278 5.88990012960318 7.78809999769541 
3.76218654738625 6.13555604181555 0.285080980214087 
4.46220856309022 4.98159411651357 2.38609908247321 
4.34605945425258 4.93392641408995 2.26597836805669 
1.59196665791299 7.64057537790968 0.541922348510606 
2.19354247457281 7.75795850391391 7.39601702111918 
5.41384063610282 5.86885211077045 7.07503514419485 
5.43786810865988 5.91390499128873 6.1123481224013 
6.94023620679231 6.24558218415835 6.21172350651083 
6.61880890051597 5.88931133607203 6.1061101896212 
6.94874205264256 5.44199125060736 6.7346788857117 
7.31910148670721 6.40741730828431 6.07346803064391 
6.6002313749476 5.30008110868374 6.08715905288607 
6.64022712799389 5.51092038075098 6.43586282108969 
2.84280770058857 3.96923959582314 3.61602454776691 
2.98835197916021 3.98036783813021 3.13256995544927 
2.48955025773378 3.90737854886758 3.70083709483844 
2.35686573512439 4.70986076362653 2.69038410324766 
4.67688131578847 0.981897090290198 6.66921643183839 
4.8240789856895 0.651144200520757 6.35614279989468 
4.46349876107628 1.37403608681541 5.48684021753023 
2.40548678051266 1.53566175135844 1.81388362050351 
2.02692865262477 1.27944757011881 2.39558936241953 
3.95564451326727 3.33118497974594 0.797600172717554 
0.807512399396573 4.02726734255133 4.76685571599722 
0.99008448181515 3.89021132719842 5.25198732342353 
1.68764418176068 4.20074495104649 4.58214171610403 
1.45778569733584 4.28346967827509 4.95383573109897 
1.00650822491603 3.56460221291021 5.27022163428001 
0.842116919576367 4.08343772749306 4.87212844632965 
5.69475945525361 1.17731878631491 2.60404870994054 
5.89684848303187 0.83039333629207 2.80350104872529 
5.99682254805918 1.90059109473971 3.70121460550158 
2.78834546374854 4.13030942630003 5.51192311130996 
4.35124543300193 1.33401220507127 5.10951841075233 
4.7975057287289 0.987971412438795 7.01007549133646 
3.77479833424457 1.46002096944301 7.49175690394482 
3.7112371601787 7.40345226618426 6.55728632152925 
6.22432296890555 4.97313528428595 1.47159718411965 
1.06088676380203 0.23973437787105 2.53619647343316 
0.244137845664723 2.37728111407629 1.56752529570307 
0.564725745288938 6.54236933187508 0.811745359460264 
0.451753380827973 6.22897889897543 0.984332286417261 
2.3551119132382 7.61199232016169 5.19611139199968 
2.0175588439052 7.25301570625777 5.0466723494216 
2.63402123719822 7.60809261241679 4.69079594221014 
2.99296617753709 2.40967235371039 5.90573650221223 
2.86002190907108 2.1905720157967 6.13228156939823 
3.84984100273976 5.00445952032373 0.800239483659185 
4.23601793682313 4.72943423255621 0.316356337852674 
7.73325372028548 4.02026768881238 5.21792711018481 
7.70315171568707 2.82571122044256 4.83632436366751 
7.67587837878698 3.76640785955986 5.40854180919669 
0.759772619442698 6.95844017120008 0.924544454754044 
0.266573628887917 6.13897803648135 1.69548634715827 
0.199912312997758 6.25684293092115 1.33994631558853 
2.2160984912956 5.48224912938241 1.93802104048286 
2.78652466006872 6.52669548587626 1.96735023103042 
2.37652010744027 5.75170204754522 1.72871828713267 
2.64768627526083 5.98872467666775 2.89202821304513 
1.67592351831475 5.94499601170303 2.85810746129798 
1.81890502154349 5.67597812419775 2.90855338691534 
2.4438764548629 6.72299576072354 2.07707139516325 
2.90203327456295 6.05026923516313 1.97523333798024 
2.52003252043962 6.60386497955351 1.87049320772661 
2.13094448021449 6.17500194590759 1.67110776719789 
6.8556987202797 1.17010179274201 5.75679466524016 
6.53680288546857 4.34405653510503 6.14980725813962 
4.67875443504691 1.98379089886324 4.48425344452038 
5.02273203520143 2.30243390946177 4.69831846515496 
5.01203073767084 2.66873029052119 4.42787963283547 
5.30992911177 2.80411298329514 4.22800251110199 
5.21904654844777 2.63366271954806 3.62001271763287 
4.73759826248547 2.16278827197911 2.0999671065572 
5.17005497670215 2.42219464547157 2.40813270445998 
5.19497824308915 2.36642617732188 1.96161661684785 
4.60736149019442 1.5762127442378 2.03946856787904 
5.48036155840574 2.1979107650618 1.75043837208968 
5.54409269090104 1.13253771698405 1.94210460986711 
5.41922946374215 1.01471806625165 2.2079944326249 
3.46297137314446 6.84804750518977 1.55822262255983 
3.29136441776111 6.6944442160868 1.47921695000456 
3.86075149622931 6.67139864289736 1.52853099502218 
3.50877007228847 6.24846320682621 1.35786665230752 
3.31504106863568 5.90307348346372 1.64028400662751 
3.31542708270679 7.0660442563029 2.31333080381694 
4.14919828598916 6.6146844216929 1.9596676890966 
5.75609107664767 6.63549332395175 3.61163177866095 
5.80602971825111 6.76095228656312 4.27347044859326 
4.76012558536854 6.57063297302787 3.73893416453864 
6.01734655315744 6.62697486861287 3.94344282054671 
1.28796821073359 2.78502620758267 1.27561475445474 
0.744603434389447 2.37736525592242 0.894351675378538 
0.239318773422345 2.02567189152802 1.40908454668808 
6.54883171291492 6.38753770868705 6.10283797423643 
1.86493612358808 7.30463643242644 2.17464666809516 
1.29753830810576 0.262009743623715 2.29531158768664 
1.78316258245267 7.41944736363139 2.42000679965972 
3.9304434916742 0.72565233397212 0.582543693271589 
0.971567282152688 4.74799726296962 0.362518895996531 
5.14034697968139 2.98320932692199 3.31406163177735 
5.16830245894636 3.50255268921704 3.69428918397795 
5.29541822853497 2.98535000007721 4.27702643376231 
3.41355121482853 2.41602301687847 3.86325189511356 
2.3996251034955 1.8744737132663 1.67467296816374 
2.31980977766082 2.25540404688686 2.10516251412749 
1.94717380296569 3.50192464027776 0.640210157378834 
1.36547233854288 3.58767366842772 0.535871955632758 
0.916804886231283 3.68297726629918 0.970882108623057 
3.07551059439536 7.48277195825334 5.30235558863844 
2.09113745163273 6.70438349673196 5.00011537124152 
3.06030613199186 7.55043603094337 4.89516090250291 
2.02274501228766 7.07353390578106 5.18313451090007 
2.86694097590711 7.52435902778878 5.43441424655906 
5.21313385392541 0.102740397676978 5.65120901242137 
1.31212938073396 1.56015397472285 2.50802712282402 
0.986239661603419 1.31040053846718 2.96266637495286 
5.93401553265803 2.40744640259915 7.42755299833019 
6.06441799792083 2.5243734839655 7.40712653866344 
5.930034716481 5.6810164652939 5.7557458070469 
3.73672616826463 0.384931111456072 0.606884283746203 
1.45703744208746 6.82517632916714 5.93874879856098 
3.63938986760248 7.36922911603388 4.17653440382258 
5.79081469291518 3.24016280190121 4.40653305006345 
6.13528598994742 4.02434194276615 3.57764837911611 
6.74159522729772 1.06262121292272 4.61285887313005 
6.79376309959988 1.98425095916091 4.67804871290055 
1.97791030200213 2.97655004435812 1.51495598049463 
2.30147351731742 2.41857042760417 0.851894551011164 
2.50453401255935 2.8148303670455 0.901257198351881 
2.28781940033426 3.09028268422136 1.27672545479347 
2.20542558444287 2.43764081781883 0.331010415751312 
1.80947456439762 2.85796949869761 0.0381846397639529 
5.5751598979007 4.83020337046063 1.86062557118742 
5.57557076212257 4.16611634754697 2.94976715517338 
5.5494092210542 4.06020963635535 2.69016572343209 
5.41193863184044 5.15033954656127 2.06209124811511 
5.1314049400659 4.36246745971203 2.77795016152381 
5.053510038559 4.59519377464835 2.49100410788984 
3.41362991014526 2.17016475459802 5.71176603696656 
7.45909170202839 1.55321586240652 7.73683466924827 
2.46106216185825 3.69478591065114 3.81780588035521 
1.52071082092109 6.13820087865947 3.1385198897729 
1.10881370517303 7.58851487073313 0.835239603528667 
3.43312622095225 4.05236196377165 5.88367774065154 
5.75574185059368 0.208406268577012 5.1474764711768 
5.58290569390065 0.761932229066928 1.66395558204424 
5.15650473327659 7.17121607087159 3.62477173763455 
4.15720934653579 6.87438676910557 4.33033606694917 
6.30710465955336 1.25348365381114 1.97292069471775 
7.09595848515379 5.74574251389093 5.01813629598993 
6.45217363368825 6.04486204968602 6.07030343140119 
6.41817508999971 5.91124552507011 5.86904278256625 
7.77538721359517 3.67959499398566 2.84000801091198 
4.31569726317782 4.50788410538284 5.15784296576713 
4.61460816744158 4.93504324276829 4.77641729596169 
4.6262640061106 4.49920478183383 5.5518189776399 
4.0046645392856 4.65111337367278 5.73959453054607 
4.07651475497992 4.54666471768286 5.21860863268685 
3.81566859348117 4.94357126540932 5.0406369477109 
7.29432304771036 6.73863841576454 2.011104185243 
6.34575760264067 1.4762488022603 6.28444922456567 
5.01201077979658 6.41202442777 1.82284100694759 
6.49235218789326 7.12213338877149 3.54578324987446 
5.30796326471304 0.358793690825586 6.8819887866388 
5.23903209579091 0.656264908204317 7.15781682107487 
0.58227225831125 4.75314648746361 4.88495826066954 
1.10454461568091 4.81614198738034 6.16067438095837 
0.474998682331541 4.24299857036453 5.87170575926601 
0.655648793613628 4.09072114533179 5.87414189705901 
0.620813098832611 4.22484149511495 4.85884470601672 
3.65236245532656 7.2436914974894 0.562825769781213 
3.36492954390119 6.07707689432376 0.80967152349375 
4.69957442487562 2.95411838695569 2.79566204178338 
5.14748631620376 2.9047199868266 2.63045641422087 
5.44497119722464 2.94714277562726 2.97007449472929 
3.01803159620392 7.89157191605985 6.50854739191277 
3.3074931308949 7.77078408457424 6.73248921177243 
3.49038054561961 0.408273136637034 0.492922643913063 
2.44273334056192 5.38493092652531 3.68724603930412 
2.24616550632554 7.30871802052047 2.07545505625596 
7.3395042521169 4.73401928215504 6.06518008966539 
1.22689524083037 2.22912173751962 5.10169679722036 
4.12438766975564 5.41220602602572 6.59195170052929 
4.62237750568164 7.43914554601862 2.42743964391018 
5.0219092917909 1.59059684423702 0.0767297661476327 
4.02336928049694 2.7922224904518 2.39211026812622 
1.69122949277647 7.08681164096723 6.22518014086493 
2.06631383847261 7.33906513420756 6.07407006833869 
3.12854432078074 3.54155473318864 6.57196721615911 
3.21745449896568 3.32754643724361 6.7995060479772 
5.91765905243039 5.01759187935352 3.73074422760756 
5.66016588483235 5.13462336078979 3.90072505921881 
5.07029313252341 5.41954759585578 1.5725817320051 
5.45153555331481 0.0343627339490036 2.78720066712734 
5.69148139964599 0.327886800221573 2.49273302822187 
6.99558802676642 2.11258721995242 4.3866433211337 
7.8641719095844 4.15903033953951 5.75379823632648 
0.596652187622932 4.15989748227037 4.75426734113814 
7.79025113633434 3.92914431239899 5.79197477193397 
6.75804274061705 2.45147122777483 7.63847567451595 
3.62792148068265 2.67280027259427 4.6293769836312 
5.21050627754002 3.17625915629637 2.40236589337728 
0.462662943971656 4.90957461379255 4.5004339794663 
2.28898628433698 3.57071279352926 6.43181001898274 
2.04676166853113 3.80581640939895 6.18080194565157 
2.45892705337366 0.862094237953181 7.4488108169413 
2.63257533631072 1.39368835872863 7.14201865816403 
1.65370142089905 5.25878072025184 6.48094382524288 
1.6207391666191 5.59287005964291 6.77350155649091 
2.77384088383136 3.76563731734105 6.82321143032076 
2.37793360867765 3.74290694216361 6.71594644400387 
2.13601997859049 3.50677619533397 7.22961556660847 
1.50828016001114 2.7239707798368 2.69072098536411 
5.26164910488601 2.1972680608613 5.43099319871646 
2.20556545350225 4.19440889402689 6.59347124161092 
1.27057867815774 4.90745058843596 6.56625055138556 
1.9563064196675 4.44850366419473 6.83958500232781 
1.42916691742626 4.52824665308533 6.72647312443832 
3.32350223542636 2.18070473989189 5.1129920948089 
3.71242853152253 2.33624614584925 4.87347575605057 
3.3816563914503 5.6082611303667 0.576592306329576 
3.43051425807073 5.23207495588056 0.689545265747195 
2.54125044386939 6.84844981335913 1.39954025753571 
1.59022685839557 2.4413826707899 2.46163113782081 
4.3671937597276 1.92561262592317 4.86942955066961 
6.02471307293071 2.64966558998646 7.63643481121687 
4.7652226249515 4.00544790274252 5.51815028105558 
5.66041804966687 3.19539987692705 2.93487088645486 
5.59857519478438 3.40194543499094 2.59583564351308 
5.86661866367124 2.29485310392234 0.293467732348666 
5.90152178649348 2.55942762744837 7.67965351673102 
1.95772262040446 2.52290354147868 2.02542752258444 
2.09828320353897 2.8596564358569 1.9879345679932 
3.83075654472012 2.07062726189679 4.67616846243829 
1.68846842603275 4.39063810242124 7.37728017561902 
1.28227547456459 4.49693128916823 7.11104465906006 
7.37453154426976 3.52726970854604 7.29493591925758 
7.1329216242324 3.42894691877115 7.30607402128313 
3.9176316753046 7.25879412509379 1.2208618918467 
3.4661691565815 7.17008764665075 1.35255325490136 
5.81345588206083 7.1280849939163 0.903998069247403 
3.86160221271331 2.13689987776206 4.32428085226039 
1.82869699054023 2.44404958306488 0.202745944163983 
5.14920795899599 5.99750606292798 3.4527142488155 
7.23731153932347 7.209533480959 7.04181353468689 
4.94845012763875 1.84188318689824 0.291469041000547 
1.60841469620413 5.80228086814259 6.72493393219092 
1.10853199329357 6.12085378794126 6.86096694734723 
4.9424276576194 5.98961375936152 1.43823072637557 
3.1470213563059 2.38729138787628 1.74872409731123 
3.25915349496141 2.58364403216537 1.52618723028805 
3.398711834953 3.26838461656556 0.746692614912305 
5.73650041515031 7.59300379770959 3.09859047153507 
4.44625326575425 4.14777442150289 4.47449917260121 
2.93161648676708 0.54190622616411 6.90371080951659 
0.210294140207687 4.31939338566725 2.14173782681909 
7.33628312307911 4.23696608096674 7.59656985788863 
6.80122846186444 2.26957224651062 2.32682123738976 
6.77161924343068 7.94355687888498 5.19882796526053 
0.680085942923406 3.70605963695963 6.77310524409215 
7.08200166443841 6.41697486475987 0.539744888133231 
6.55390474908469 0.24114996420671 5.74041160425556 
4.57587154941196 2.75946137659432 1.361045172824 
4.19492880491219 6.31917724065858 2.01910103901521 
1.46587762967917 6.30278050153169 1.81549833739632 
7.39097462047719 1.60123229727692 5.4551189118668 
7.20720897587916 1.60022093434675 5.42237455325619 
6.20607878998327 2.05041750947366 4.93798619600235 
6.03728476815581 2.20458380473013 4.93005358909358 
2.83309970284147 1.75613626956626 0.474713716061733 
3.46152308111254 2.28107597251411 0.816106121707814 
1.20592821280035 3.85485086097146 3.53246612874216 
7.05769783686925 3.69826887833154 1.7353123279311 
7.60541737673694 3.86714307538956 1.47518269985148 
1.95968848529657 3.92921232408326 1.70189898715894 
1.74902972157138 3.52103658990099 1.81842962013268 
2.2739670577503 0.848320732790111 5.14996524604427 
3.19352959827289 6.0832424069645 5.63566149524604 
2.80467462231636 7.39093850134897 6.73466577823691 
2.71303211640719 7.5843316424113 6.56510942973543 
7.40768564096627 2.27780421850473 0.996964790468565 
7.22439368069658 2.06157278987989 1.03576649319999 
6.0624030478458 2.96138376883482 1.7312368237123 
5.84302832614897 5.73183923183203 5.4880157884684 
2.18375260667615 7.40528698250701 3.15522040894883 
4.77151887374561 0.879427914248087 0.264088648022258 
4.73394976804409 1.28354147982102 0.219538152950425 
0.348790159324077 3.93649508941688 6.07470911080312 
0.31454264221216 4.18036584387549 5.98291494665779 
5.03936916093525 5.81057910142554 0.291844311882581 
2.84099455912976 7.65890335131763 0.495563763388753 
1.94862910259561 7.45666000411037 0.740286132293046 
1.91690442634256 7.27828934881585 1.07539991666473 
5.04190459712029 7.59825181732975 5.81588650418007 
0.328484433538139 4.78489976957183 5.23836842722031 
2.54152287249171 3.89893252257852 2.6859680960661 
3.37809141404105 2.78074665116728 4.66382991493886 
5.05562814354171 5.69481462645552 3.69193354430262 
2.41038958975225 6.78448300671397 6.41704446505467 
4.69879105040533 2.98679371356699 3.1273720861939 
6.7441625850959 5.82368901938283 4.51645961763967 
0.518617301384537 5.07012752465442 1.99441745475821 
5.02033206302401 0.716719407960346 6.06729224230756 
3.88161729666611 0.411824051488904 3.36618913846393 
7.55777024895907 6.22503369333054 5.80661589025374 
4.16911802507736 5.78423047064898 7.65976759905601 
5.78630398910646 6.45620602165089 4.49765144672075 
6.24381918064964 2.66816624324333 6.11275903199366 
2.92354449550923 3.00005982679151 3.60188653330472 
1.72093560315856 3.95499797300612 3.08189528224246 
2.62075660709288 0.682309152577931 3.15571454487137 
0.681017556747866 5.92675806283724 6.75795844059986 
0.460395772260772 6.62269661619252 5.54193060219492 
1.83403175569312 1.95434712473695 4.40851948103459 
6.88042225995606 0.971491899538696 4.78998795090923 
2.4329095134081 2.97438359112364 0.189402672475435 
1.92296404463351 1.57463884608216 1.39990318830899 
2.88828447410406 6.8370601254612 4.18454784413716 
2.91793581704403 7.05263163427301 4.18903313772088 
2.40942399006645 5.05611323676847 6.21551255123758 
2.7792859624496 2.56976443050923 5.47960163613346 
2.45606632423312 2.46368582383203 5.30083785853224 
0.677817642393002 4.99198480733498 3.18075054360749 
7.26931275623748 2.58097652733313 4.37268829683325 
6.91075297003997 4.14776767269245 0.375608190692164 
2.32017398532611 4.83700745336749 7.72528545133464 
6.7762773567219 1.48433423818699 6.81108513822448 
6.60032055473414 1.48507869707894 7.54850754059221 
7.67897589758485 6.30617439266623 6.34150809783342 
0.5572076391165 6.92256970582442 0.956877683815394 
5.85162363466637 1.63444075920283 3.97851251040518 
6.96659273355163 2.2045795013557 0.430454222173959 
6.89548878168742 2.00387865323115 0.584986379883331 
1.45885631104376 6.01752786219534 4.99052874390271 
1.7667745813265 6.150776421521 5.27988197541943 
1.71462895816774 6.94797792617287 6.33769905589985 
1.90341608128895 6.90839429156317 7.22230706719582 
1.73460548512982 6.45153391044901 7.41231561585414 
6.95559740232484 2.9250398156908 5.70071692065793 
6.18031419263732 1.50171270086812 0.817363989744643 
6.43681493187944 0.9610456760101 0.869889304525256 
5.04049076345846 2.67166170826846 7.50548762793883 
5.09659590345873 2.48104928704107 7.28331286376883 
1.52283190539689 1.76638681985308 1.43596974363093 
4.70528180012413 5.34041984996992 5.93949202284378 
4.38045483349796 5.20262188113231 6.0869303216906 
6.76285928994203 1.85039106103994 2.91167915611853 
6.90720780845409 1.56430576035736 2.53293636933945 
2.80162146423123 1.50330070413689 6.10573927680627 
3.06873913680433 1.84019599921287 6.18590943730703 
4.8974420696431 2.74918607401905 1.17609420777567 
0.840989311808259 5.45802434498208 0.847998154198132 
0.845747482002071 5.06631323128305 1.18976208559976 
6.67215295134653 2.23639560751984 3.8658116714972 
0.86857968356088 2.86471352039766 1.49138649000168 
7.72677401302645 6.18082303768769 5.89201659941685 
0.417536911951745 6.46617523541692 5.70135911762412 
0.757133568384922 3.29226452791432 2.87566110548438 
1.55360066948957 5.86515827727343 2.68892616030877 
1.59612017029119 6.05952641307004 2.03968089134164 
1.47583775730147 1.90966734553585 3.65344202507155 
3.48852777132676 1.32633741278239 4.26394673583654 
1.73422809687667 7.54435538818383 1.7127964824163 
6.01877983550318 2.81900756651588 5.38843259591054 
6.27398094010017 2.94222475179813 5.71627644265728 
0.826993804419552 6.62431754406802 0.773248809767446 
2.62190611543869 0.245289183418192 2.17286754067088 
0.508343635907979 3.15103449835588 5.52763663730544 
0.874017856633052 1.53040177165372 1.27179351997926 
0.461063248212229 1.93132943630569 1.11262002413991 
2.64946588490118 7.22462799866075 5.63413362994934 
2.83969034359922 6.85523246294295 5.64609653904627 
6.21183301431619 6.81101323178231 1.02436521828621 
6.15661084061331 6.3556707998946 0.738071276468141 
1.78363364234478 6.04478579185358 5.62325611993752 
1.71451321684975 3.96395246154552 3.2184967338057 
2.06169464021229 2.38232594561078 6.91803731891193 
0.604666560095717 2.74115507762318 1.30766710309384 
2.52875604590309 6.67674465022578 4.28418778327932 
2.61185782533621 6.40334323748122 4.67211531833521 
6.91810386260346 3.92034981156188 2.33727290348704 
5.74887180667783 2.10717169839968 1.86509132253288 
7.99660722914651 0.756530969608283 5.16065630906915 
7.79632834492343 1.06567922973589 4.82155598515434 
1.25203968474115 4.01160533654387 4.31962451709374 
5.92273892713725 3.43062106168191 2.31243837719238 
5.79481756598175 3.25699967068189 1.84810139596399 
2.50916016727808 1.84125165260985 0.521837271874391 
2.47647459101404 2.09886358437473 0.935695735886966 
3.28288752490127 3.04097882273484 0.653176454113329 
3.00514441476818 2.80908097929713 1.04271929580926 
0.767876968117278 0.957624727456413 1.5678090471819 
1.7342174227876 4.6608384610059 3.09417202509568 
3.78756290124171 6.50203282016778 6.02347613163122 
7.30003041297248 2.55606043927526 5.61261772625771 
1.09069051437929 5.6435579957911 1.04035368725943 
1.12211213749708 5.26153552950737 1.38065468851346 
1.63618703518795 5.61628237932731 2.68960992395278 
1.78830705171817 5.58480088256028 2.83703092204019 
5.78158275438303 2.39931499963417 5.53014110273563 
5.37680745127139 2.39196620727646 5.58927879774774 
2.49036111800732 7.76144532705504 3.93526111962513 
5.27952369055722 6.70774915265156 7.03919838813116 
5.72829189744233 7.59125423314984 6.72323206539964 
7.16519734913664 0.936307183077492 6.43555886727988 
7.21835684400549 0.917353156520603 6.07391153920145 
1.90191080530021 0.866806323396273 3.14187975324162 
3.63907813539483 5.9508203526633 0.589681865313778 
4.04988870185101 4.15496255568721 1.4035487529281 
3.67593967097433 3.98059905217779 1.853212586003 
2.88161368148598 4.16222908887005 1.35552227508407 
3.15487928881192 2.45364941584764 1.1234210051822 
1.01508974120439 2.15547573176001 7.25667636717958 
1.21450419729945 2.46605159155418 7.09707664292058 
6.49291039575364 2.34259966553339 7.34083711795903 
5.64153621575464 3.53594149646791 7.80861784927655 
6.16480352282966 7.53799467073481 3.10979639448494 
6.26459619373152 4.74541778422639 2.02104138215122 
6.06193544928874 4.93762275033481 1.88953055110727 
5.98857572474785 4.08471627665945 2.30535234719991 
6.63736098322255 0.835266627155834 5.47856134034636 
6.78224268099762 0.434744353253875 5.60113237878866 
7.50320021811972 7.1025337373274 4.12365149103056 
3.69703434629458 7.54537431635174 5.61327611469406 
3.16038297362683 7.60306342098396 5.35377503259676 
7.04252438023877 3.90200234159387 0.948245095626862 
7.5971514284534 3.93130303021711 1.24032671993661 
3.0310321672159 0.868921513860418 3.51628614135436 
4.20358851347164 6.20515942859376 5.44436790038623 
4.18328250785401 5.83282062896527 5.38737347141236 
0.208591230872381 4.12787858486556 2.57614794815694 
7.81680748352366 4.21937322206317 2.78458776955795 
5.46511718184255 4.45680186712391 1.98731092381221 
1.99099057511223 4.87261348806607 3.09459758422937 
6.94286761177469 1.62465747470608 0.36709241104887 
3.60660332135421 6.81989415282478 6.02002226269321 
4.39845497803018 7.42791388148026 2.62086423114968 
6.47480816046651 6.87599768639194 2.74367504006756 
7.25937348781292 2.78915933365371 4.52798459452218 
7.09714102189654 5.93061624233512 7.3767958905502 
7.24417551726687 5.80407856015173 6.86207894114191 
5.35926719452005 1.83470969193512 3.46191326935172 
5.37361442350945 0.901880760466597 1.27375869837844 
5.73099860561034 0.720164390655643 0.861519460853642 
0.774846741018258 4.8788766525283 6.11365238344373 
0.6225643978567 5.01654609520661 6.40169640690834 
2.07145256957746 0.628122450076574 1.67760938924823 
4.64844772779188 5.39400745032478 3.60734758378664 
4.38441328347148 0.800747713100079 7.45799198867796 
4.30546465528538 1.05087550072394 7.63671945714105 
2.55359681973448 3.755176386826 2.5395188910153 
1.26850624862037 2.30975508084474 3.62296353620897 
0.760858543719036 1.97250328597194 3.52992127856451 
7.16983977578397 2.71578553577656 1.75233801668425 
7.42163529990896 2.8062618784937 1.81636522876693 
5.46950289540815 5.89815115481588 5.47337112635911 
1.01514051589983 5.9295681626891 1.16156149628626 
1.37073281504381 2.77953199011906 3.64483980712434 
1.003787020207 3.29958152936697 3.71304462347009 
6.63629676880906 0.989230904960188 1.35705228903303 
4.57395168120951 1.09850138868162 4.94131831022903 
2.85776001827663 1.61816558062589 7.26819471235001 
5.22832703899545 2.45684679597928 1.08487384317275 
1.65655255055203 2.45629812882335 7.25469603205708 
1.67227300736988 2.13805940672428 7.47989850808439 
0.903182719831919 3.11154434976922 6.83401394725252 
0.380790269347775 5.35338042122409 2.15720088174082 
0.583430388100947 5.42360557693988 2.73593315435426 
1.51920828420235 3.38536255564171 0.600237189521163 
1.44137494019815 3.03680068029367 0.271215947015311 
5.8020704710554 2.64418236331706 4.28908527324476 
7.08185904398056 2.65252979571683 7.4109916115176 
2.92919022252369 2.81327638559428 4.2733197135628 
2.47760954039561 5.20247001843904 7.47327810060355 
2.93050179228129 4.3458919147353 3.72965626444327 
1.21180704328714 1.27613048599274 3.18874331711178 
6.05831405420746 5.23582356516523 0.275951408507042 
5.21252976984748 6.26331330883677 4.6779692229285 
2.87231752646887 4.79298703692173 4.382157152802 
4.13976807726348 4.96307017435149 2.42189449653797 
4.25361270308331 5.02163415906867 2.57266616340115 
2.91788917359787 5.85821534518578 3.5394545131735 
2.85050473230872 5.74110179065249 3.35162957317903 
4.03236543764717 7.89208734082171 1.92789279004588 
7.37147990772688 4.44342512379068 1.99519037502104 
6.93377386161389 4.03513181525399 2.06265451780797 
1.70856836067211 4.44812757860218 3.42049892535422 
3.49736496107527 3.06527165489532 4.71576448555078 
5.78620975653843 1.87048625901474 1.77099776300812 
0.865955482257634 0.688293614213381 4.70906967311792 
7.68464279132449 5.64605626314661 6.8390643712667 
5.99250858447278 1.02570557524224 5.11039066289766 
4.38289913263122 2.04812963147091 6.63508016140936 
6.34595512414916 2.52204074494493 2.28702994340532 
5.78164458398668 5.11971506790751 6.12224736767677 
5.41235283970742 5.28681745631336 6.35588833305932 
3.01846581536283 7.81995526166903 1.45412347767461 
4.5228000394914 7.64717502186423 2.13425513468715 
0.30683121342112 3.88120632228076 6.4080745122939 
2.71567304838962 5.27347160575798 6.15791952445164 
2.26762228635115 4.35194490774297 4.41108767330487 
1.779049706629 4.3865810264766 0.908708322845393 
3.49001960537759 4.15655580467562 4.67880243252761 
2.03763479208938 0.696980878100281 2.98415668543387 
2.18948649193343 0.790910093677989 2.64954326670812 
6.4188186424699 1.91247594616033 6.10494833672575 
6.34551357014167 1.72434864519623 6.35256367065094 
3.26855162231984 0.266784932227186 3.5720696696519 
5.08214244642707 6.9259708260239 1.17248359007371 
6.29994386789394 5.95957579100972 1.67852196468384 
4.79514748592577 4.11416492998075 1.46125372245786 
4.86265382448739 4.06047564500119 1.53659905860483 
7.17130930905336 5.76092487995957 3.71848969557353 
7.55296796024595 6.64179782306741 5.3419662886318 
7.25720968052509 7.04917050360698 5.51184646120568 
4.88187499778286 1.09987722082302 5.53653495399239 
4.90062641555441 0.672068461013653 5.95700933920337 
3.17074845589414 5.18869638365239 1.22983152954497 
3.88657362171074 4.69476870686818 0.503123254949333 
5.38754070556316 1.47579936880316 7.05678088387617 
5.61605536276002 1.02616661731974 7.18799604489334 
7.41962758267909 5.44659560365027 1.69736648945 
3.02654100713509 2.43893751620776 5.06168101127329 
5.22048427304792 6.90370216045135 3.82760072627437 
5.29559790539602 6.95142506348555 4.15518331678741 
6.5677846174655 1.57371470719177 1.53758248876622 
6.44073263662723 1.60797059689939 1.79107128590719 
6.72637218059247 5.65519215233388 7.46808930143463 
7.19860057656886 2.73421162590209 4.16494227385071 
2.96899101499556 6.61219708070289 3.61118490743526 
3.02034641697691 6.80888054631665 3.43203599751502 
1.90228029478101 0.79165961201316 5.96443526600598 
2.10920353192337 0.406282831536099 5.92936750682183 
2.21070172012458 7.50761828979099 5.25658765390661 
2.24054414470209 7.30180655107087 5.44586102153539 
2.07455660831677 3.37260201787861 1.21734412863844 
4.76406386390105 3.79504865709824 2.4403203634469 
4.76139157082028 4.19032788170988 2.10192862804405 
7.85363114316973 5.79679954334211 6.65801084647274 
2.96173537566892 2.65585425746989 3.93350849057909 
0.461114047441586 4.93390464786285 1.3905021940074 
0.872957073446355 7.38276320384099 0.641142113208532 
1.94147769802098 6.6040833293961 2.27183374708671 
1.68938552047014 6.23016241237601 1.9446266534796 
5.12234721804586 7.47009654901272 4.6295855824473 
7.13558434170521 7.53114320664192 5.12121692346139 
7.15836926369981 7.07480019640826 5.4686573305048 
4.48721560931056 5.07779036511106 0.497877290332706 
4.62995161088565 5.36592391231262 0.210005099817138 
6.45183660666626 1.75263249432041 5.86254464179696 
6.41635271208873 1.45560890681696 5.95238785378563 
3.57875547165853 6.09958625254704 5.81984900700536 
3.71886523515608 6.40580568549619 5.80320258911332 
4.5402797580811 5.54290956089997 4.75323574969932 
7.70082624570813 1.62074247250913 4.76124306974796 
7.52710939552671 1.83738258298993 4.38802209742909 
6.65079205913924 5.36250812497966 7.08743452559909 
6.34873617275246 5.42021932657707 6.89014001883273 
1.16036698197251 6.91857647189482 5.26872693378645 
5.4667872400693 2.45420789679669 1.58415897043739 
5.45475344139604 0.474368922242044 1.85687988914821 
5.38696557245289 0.560599540951019 2.14940401421891 
7.48538486169468 7.30705318822517 6.17789303768182 
7.18787064701146 7.03100842320173 5.70009370244506 
7.57457698633792 1.68042652427174 1.15697860251362 
0.831341998237665 5.0609542104732 2.84784835779044 
0.868607248335909 4.74342135799385 2.43196321426229 
6.39071216528107 2.02796266253553 7.28286399364075 
6.6523275116511 1.7804606585612 6.70536218798875 
2.29736180255626 3.09087032249188 0.121666126258818 
2.4480696860898 0.808870827383317 0.758766465338784 
0.77115096858208 1.10654055395385 1.79428663325401 
2.21545285867612 0.269190383460523 6.92428579529661 
2.55217033051329 0.583395987725435 7.31682926798963 
2.67428923864623 7.86307328214322 2.16116154730288 
2.78394682683414 0.942530761120133 3.34934854105321 
6.13991930900178 0.427323061266096 5.72643688907503 
6.20558969488184 0.861858761422004 5.51745615807487 
0.463327848125426 3.26370162357581 2.7843513896684 
0.151407013871941 3.55806418325585 2.63184286057672 
7.12651948451228 2.7499444560978 5.40583456557685 
6.8219655660862 2.58913187956957 5.01924063331262 
3.99049005246799 5.69624828107229 4.92226722739073 
4.11412041074783 7.49428435516077 5.44812377908782 
7.04897579320487 1.7176803807866 7.96701713287288 
7.07970520729266 2.06847679285776 7.98519135850209 
5.39894789371089 4.83910548729262 1.31660424304692 
3.76028676500865 3.95736813876599 5.21255483000728 
2.8866775455566 4.69732154865848 2.82971228491939 
5.38470243650021 1.00421312521473 4.20329084650977 
2.09343940265436 3.01988788570087 4.64832988020694 
3.78495266759937 3.35057349493878 2.39460142244412 
1.02151409242854 6.30531411502777 6.6477664805454 
0.490683877109833 4.15739961282054 7.24539009743764 
2.25165919133447 4.94554397784791 3.60590053513507 
1.65609118802738 2.91620654353495 3.73080098827968 
5.41867720190842 7.34224442534149 6.23984223417134 
2.54541328922983 3.98035450135988 2.62047272472885 
2.13274130504181 1.90510884067304 1.40843284994744 
5.84103267460128 5.22334480637189 5.16139307383911 
6.17808295351866 5.31099053432721 4.59857549836149 
1.52180117760985 3.34638124551423 7.26648239602204 
1.12403662871076 7.33747299984408 5.05384756171132 
5.83713892878411 2.21110545481757 4.57713476858788 
6.02355429492654 2.00769301000747 4.33486113504601 
2.84722173186924 4.07884401124122 1.24243187774889 
2.78251528743037 3.96512321547205 1.3749469162465 
6.63156244318376 1.43314674672671 0.356065405883377 
6.67222958707084 0.909645885860137 0.648558889826213 
5.79409127587251 3.67563520358025 1.56735899828993 
4.52671496109169 0.786565627030454 0.113641339293926 
4.39182154922621 1.02719307265374 0.0258922630951279 
3.68594977117225 1.60832191349974 3.94931817923459 
3.58123690522084 1.8415301302569 4.11539049586126 
4.71397473854557 0.186692414440974 2.99343691524366 
3.12317890947133 4.57978479179818 3.24234467798225 
3.63282658663954 4.81614504626414 3.44929637285075 
2.13373231056397 4.02694734586892 0.921850071884136 
2.58693276487663 4.22001827113676 0.861919551431512 
3.33678168327152 4.66064440666546 7.28873226880331 
6.46214467671842 0.792099988028084 1.60854561189258 
5.43946757706972 2.43707412407773 0.459666198947399 
5.44221677860101 2.62879699359868 0.707735267202954 
0.425667266646539 5.0091702128782 1.94441448864011 
0.911739934160895 6.19925316929552 2.11358664956809 
0.680399368193164 5.94527284752302 1.84159764953046 
1.3839158246465 3.1443836403583 1.24510181849344 
1.82605627708895 3.22961604953551 1.44877923443736 
3.99247671864414 1.61040907933692 6.3932030431051 
1.23298074430444 2.42889385214862 0.589684882797082 
5.0980060230365 0.222830311175032 3.35071696215499 
7.45141195247442 3.19484590252523 1.93917712802717 
7.60748538386409 3.16301260750114 2.34906848752761 
2.05780313751465 7.66585399713426 3.34480648416528 
6.54417222597369 5.86488378600576 0.595662051616407 
0.691159771557497 6.6506949596562 2.17974821701058 
4.17607809248231 6.69771376014049 0.341885117809207 
2.90049745371251 3.3375511200529 2.45450313934452 
3.18795402758474 3.51529896067342 1.87061449494446 
1.60806971707515 2.46087993286519 4.30607810758002 
1.30803055503667 2.53523387461547 4.77461787033558 
0.357776391639176 2.55302037793459 5.86756041159075 
0.628611454538205 2.6928571210013 5.72719795599705 
5.5744522529281 1.53308776887725 3.94461086980689 
4.58314667402142 7.52217197884664 2.44211406719797 
4.88615672302044 0.0612543997403747 2.65728031638385 
1.6368355064836 2.0444068739553 5.5700364757353 
4.52700291607318 6.63243902832199 7.156055254828 
4.92618702756633 0.960217444969798 5.24237969501243 
6.41635827812521 6.05788658591259 1.76197542041968 
6.88254074684054 6.07719765796968 1.66309951567066 
5.45350168606919 0.79997972503448 0.127777720595838 
1.1064339573302 4.22816037786102 7.2175344534737 
7.34612856481856 5.40340500186341 3.10456228445623 
0.927323807528394 3.97020834258809 1.64376459147659 
0.42075454642631 4.27254596072208 1.82477163374011 
5.30088804751393 3.72112998443189 1.34352773808327 
5.01760816616536 4.10131712140889 1.45876049191588 
6.5320613084619 6.73627953712338 5.7762076466548 
6.35087190676321 2.93972304008476 2.07105460822408 
6.26416065543467 3.22320811507272 2.41016771780212 
6.08990899822635 6.18105914824472 1.64356478924354 
5.59447548257215 6.07906389768091 1.8280363408336 
4.34753929601093 3.14677132615204 1.5438046161483 
4.00721593059491 3.01500404677469 1.83409560388543 
6.29504804230577 1.17062756713228 2.7156658084893 
6.28441801126184 0.934477367091422 2.82386045152932 
6.23731432528122 4.9411832020921 0.182555283358113 
6.30038711301284 4.57473792667478 0.428978779237416 
1.96892029324649 6.37660937255317 2.79920097276775 
2.61776537143018 6.30884126689843 2.87470631718966 
3.36092760576485 4.13181485757272 1.83944593471529 
3.95222966275968 1.49897931451753 2.44857114655124 
5.36311566564041 5.43975665360417 6.98664747900305 
6.86675980899778 6.74682828403588 4.96228063751904 
4.31918262392765 6.23762834875881 2.69592422955725 
6.80644812122052 6.26878174286145 2.80170099389025 
6.80003280186421 6.73585204174516 2.80604789677501 
2.05061288011128 1.54515999191339 6.52320420044013 
4.21857416164724 5.47347935883811 2.89645401830425 
2.42973612778529 4.94166143011183 3.62619198280149 
2.59095293374056 4.56219943469872 3.92564649463493 
7.60335227517238 2.69324810422359 2.41392678372804 
7.17970090598206 2.65584772372749 2.99517213577075 
6.14639891382615 3.34093149974427 5.69680032871089 
5.87628015589521 3.15846655943368 5.33331025045954 
1.18692451610873 1.69360820396947 6.24687008732038 
6.14078153313676 2.19111401149335 3.94165926279229 
6.01973963923182 2.47890495070023 3.88500650467306 
2.38796882938356 3.24262255389274 7.51718717858588 
2.39597919234405 3.43854243668353 7.47023772588418 
0.708893370527463 5.18583067388739 5.73902231458978 
4.06120039453354 7.21184419617677 4.14850790279913 
5.11228266638354 4.41953044696389 2.38030094123342 
5.17101028383771 4.23951355712903 2.61731166315163 
5.47101125698883 3.40418948207749 7.86111713903685 
5.42509545745989 2.80069927415036 7.82251737695175 
6.21137939343308 7.20602359781076 5.99774165455732 
5.69649621950168 7.52914749548807 6.30716681033133 
1.20691761901917 2.39816363016227 0.799376998342025 
7.05971236530417 2.84654008088894 4.80032794127646 
7.28939319384096 2.94056339608733 5.18809288524867 
6.72065553045936 0.919020212489838 4.43210968600199 
6.47944375540562 1.36580265179322 7.66457393447664 
4.89731673489146 3.01173046885746 7.23168565658982 
3.60018375436509 7.74189247381215 6.54900809314265 
5.56784106459404 5.44911277181903 7.14175025800475 
4.50722257991705 5.74887823671522 7.07969283704144 
4.16759589128639 1.88780175929771 0.497600415207406 
6.38256405373298 6.89022607490089 3.91844938116648 
6.72417542023697 6.71308079965689 3.9040445952057 
1.67729476471263 2.5167446585721 1.44896049420377 
1.6843512661153 2.39870843680265 1.6008953366088 
6.99484142047742 4.57719134812494 3.10395479560861 
5.00514341174049 4.29601691936907 3.25806289306079 
5.28342307788328 4.38152533834903 2.97312890697482 
1.98269681298161 5.58098042829142 7.34233087108758 
1.92211189392944 5.66013642575667 6.93990690525514 
6.01902222294615 1.29602969554872 6.34265073873643 
4.08192286747887 2.66938394621066 4.0715914122433 
3.76636224889962 2.44999207387052 4.23148389748796 
1.40635970326963 6.28283921886323 4.89144184360288 
0.944862522357225 6.49780917961419 4.903382313555 
6.00568428916662 6.22445839238008 1.47963348760864 
4.84534203865496 6.16403375562596 2.75368992256301 
4.57272998446719 6.13481754925206 1.99669000339165 
2.06486306587179 4.6373272299611 3.79008180168395 
2.38631177139208 4.42001940270552 3.96170601585017 
1.81864147269419 0.311314298655523 2.71204868130009 
2.09370781130597 0.568402496127477 2.44540207810297 
5.89947322497345 0.558194538416918 6.10487629171442 
3.90219007527112 1.12692492909679 7.60992785012476 
1.72380955623414 2.3685255624042 1.31449613857588 
1.7375628523224 2.23090141094289 1.44530431221001 
7.61092067312601 1.05127232823996 3.19110660619553 
3.77498798962974 4.38426388061046 1.16009842323385 
3.2755060158246 4.35019041071705 1.48382903942977 
2.00365243237316 5.17257752630348 1.15322553428544 
4.24284371406526 6.30017814458175 5.01645737949775 
4.18827288579431 5.81700293566305 5.02185097159106 
6.0220845900673 1.9076731037243 5.2429255746466 
5.86147341475844 2.08512056375624 5.20108584781044 
4.92292426544637 5.31870979406689 5.02481027618483 
4.94031973835111 5.0795164005243 5.0088901903462 
7.5066426359149 2.47079255110356 7.52600834859741 
1.07507851176546 2.89799656016911 7.22595024946503 
1.43999145995668 3.11134561165002 7.43134405399946 
3.28893332904506 4.58279392138172 4.64660050625102 
4.45864273953274 7.23066901159906 4.76066686549495 
4.33989056949264 6.89956261216183 4.60081686045889 
3.04747880147999 7.23775217186836 3.68899830867973 
2.78390059050425 7.69840418334668 3.58122184875347 
1.22495954666764 1.95321009317525 7.43589620585325 
6.0819062940404 1.08166980777997 3.99534669055534 
0.386551814234321 5.47378727663341 2.92296616096711 
0.402825145988344 5.25006494798628 3.22593320805666 
2.85152851350209 1.0334164889968 2.71780852589705 
6.0544306771624 6.0551794898248 4.2170009273977 
6.37506211031579 5.83983396853855 4.56555563969588 
5.145889005612 1.94278997017074 0.916596638276852 
5.27713508080504 1.96846340571462 0.531497802270397 
5.94265606841016 1.64341099254465 7.79487237400739 
5.97256371030276 2.11184508006001 7.38005787534981 
5.35231102155614 1.13318573204092 5.00872000037275 
5.71484405423592 0.800001635289852 4.90504271511468 
3.33353372144975 3.24574156899813 2.7636349365618 
3.41593591967463 3.55179694381663 3.10019299357373 
6.48073721421749 1.10848554983861 3.56343702506075 
6.40067347235353 0.843767188723016 3.32642725747427 
2.25469917266591 5.36009378030102 4.9580074803998 
2.66240258393671 5.31932925081958 4.82899013967418 
5.6223340323427 5.704248131924 7.2239836160858 
1.81951164784341 6.56240710654707 3.07704757806374 
2.03052441277836 3.47096458091216 3.48340204304631 
6.67245356097281 7.44388273932023 5.94125987037698 
7.06599341726055 7.05890991396886 5.65953475806904 
3.75762165121126 7.68688879473865 4.30692905195388 
7.04694782960431 1.63902886174063 4.64260469674507 
7.20312669395513 1.80532698666134 4.37441803950145 
5.46636219701108 0.142717633990639 3.19630382950815 
1.06599559085979 1.34140494630247 4.12142510796984 
0.59872940928046 1.66594951393356 3.77333896627534 
5.0578955392188 1.41644728233666 2.97124299167404 
7.50956918881203 1.47083839788472 4.94749351283006 
7.23321269284859 1.47055085997795 4.921788091598 
5.2576097134894 5.65188262895116 6.32985987783629 
5.25877390006233 5.66191576432111 6.93575218785038 
2.78412840686186 4.9315586667389 1.31374104211848 
2.32931788085927 5.26199255457447 1.45087809933798 
5.6726365407452 4.14562035744589 7.053919453876 
1.99304779068786 3.76365545449233 3.26465540301392 
3.0741401837371 5.58488511387638 1.27400215159547 
2.43449212719945 5.58491129855656 1.42485600937416 
4.64909082944536 0.584175651601225 6.23117007947898 
4.53434844720222 0.346602443007348 6.23688830696001 
0.551961396628577 5.44316414709897 5.83486504146135 
4.86062922999122 4.28076717333641 3.15085123361267 
1.69253462935149 6.45667784734536 5.15171491979179 
1.56693895733542 6.79331604627253 5.36701869032637 
5.34307909560563 7.49209184166561 4.99279093785383 
1.79988499537816 4.8176050017237 4.79026672170223 
1.86680718867906 4.50019192187991 4.47331745512119 
6.653170979371 0.55083327606445 1.79923865734429 
7.0405491566114 0.500712062000208 1.70785949419531 
2.32697979175332 6.34734365856046 6.25523025010654 
1.63992570384597 3.30916221611469 3.81414158173008 
1.26416787952161 3.50458381499371 3.80786096304502 
3.82924039185396 6.28890023353175 1.39961996315692 
1.06478061287535 6.65649036221429 0.241318419445884 
4.75925948566505 1.6651993765297 7.28852436879284 
4.95110179815971 1.79721562179923 7.4417314964038 
2.97467883917828 6.60628844042435 5.45446971721461 
2.77565780431162 6.64802216391453 5.53693374917854 
7.18734601390501 5.61164756485131 3.70815175653729 
5.89281311299947 6.58030899211979 2.84350317609705 
1.0733274184771 1.11911804270804 7.34986960618568 
1.18475821456735 1.36781591609002 7.11461397449913 
1.99127646148466 3.75849323520314 3.08257111536636 
2.02418438041391 3.33839444545757 2.85579554086679 
1.18728120524372 4.40548177857997 6.08485457379674 
4.50647686241375 5.68247144100551 3.94840715619433 
3.68393511713136 2.70222281031951 3.43927492672146 
4.46335350744362 4.84132369232743 4.00838741380657 
4.68770328550147 4.62658716805448 4.32573858427501 
3.16276348283898 2.28535913744781 6.88758047161263 
5.17346750784376 3.92780010875177 5.43785476025203 
2.58402422894217 5.11692210858086 7.29460834940103 
5.25590438475552 3.87407613263176 6.56413779663561 
0.601164760929968 4.69296474383475 7.26598497202269 
0.690861217891638 4.33534836731185 7.36878839726541 
6.58519075866047 1.33368720172437 7.75646146256323 
6.62141911765407 0.724530417474604 7.83055366757091 
3.93821560099223 2.04780725254408 6.95424157352175 
3.71858786974713 2.401365703288 6.99771218671176 
6.1365043349028 3.09732137121141 4.63161869327065 
5.99980906030882 3.0606154254141 4.39831570718652 
3.44632730033616 3.21170678849332 4.9401047222166 
3.15440836477913 4.81912615940616 1.56611088036586 
4.71452245306861 1.70847867023309 0.478574283385434 
1.67254782090803 4.47391136183896 1.93137745485689 
0.422874152938708 4.52330764631757 1.31819141592517 
6.29154382119008 7.17709716563149 6.03880900595168 
6.26638693304795 6.96845774066894 5.96952225111064 
2.8016371849514 4.02467599261425 1.45242926691924 
2.24152248623676 4.08283958287155 1.90985421960829 
0.939926983115412 2.28309840781506 5.09637084484362 
2.22395249570102 5.08376101661993 6.58439405814648 
2.35602806556809 5.32060733971943 6.78640339375079 
7.53260959946449 1.11726867474807 3.50314129166701 
7.81269020975528 6.87814092709853 4.1617591719824 
2.1015188294626 1.0201890924512 7.45762696285803 
4.19277164192458 5.40818535724223 3.11403390869587 
6.17119980087014 4.30141956273473 2.12653184997804 
5.96305344429438 4.17649125754307 2.11415968145407 
1.46921092130696 5.13779262670309 1.82958628668947 
1.64582233746472 4.98573331326959 1.68773283605757 
3.01595966646458 4.46296623420382 2.79438255893499 
1.45799205769537 7.52248879669173 4.93101542909679 
3.89153158830782 4.09807065494582 7.52523757716077 
0.344651799872217 3.159784613989 2.49441941380649 
0.135567389307576 3.38892420893068 2.41805563483577 
4.79486530700068 2.25632716027245 2.45413712193224 
4.46856143429948 2.64036060333891 2.71466468281356 
4.95400484262865 5.70554803826993 6.19180591211643 
4.39882032528896 5.80142063943856 6.75752597535059 
7.3770481307197 2.42241685136 0.71905739410257 
2.66394110749999 2.58612371212761 7.05169711653034 
3.26622785863872 1.75051804251202 4.97731613989898 
2.07217762625819 4.89209221328689 4.95948282659941 
5.82606884803281 1.30573002597321 2.55480665096302 
5.84234987182972 1.34904086644233 2.07085617657334 
2.77848641329046 3.55488117257621 7.3286281217809 
2.97809857919044 4.19220566999484 7.69862689254342 
0.619099930058049 2.44818506232883 4.53509044765367 
0.90527572900896 2.5421442199941 4.8286279473315 
7.35021146049041 4.54071186290251 7.42281426554695 
5.9460761686196 7.06248937821555 4.41813810805205 
5.66820284710221 2.05773838674711 3.39527632918113 
5.64338217668463 2.43179311721188 3.46525634187994 
5.9922023660998 0.992721043111309 3.98111040005442 
4.42691767314708 2.63318853960464 3.28861599285643 
4.01563758733069 2.82440295270984 3.59399040580211 
5.66589384881413 0.374098739025981 4.96969569642653 
4.79611726725033 0.276641823016872 1.43777953885989 
4.93808055755521 0.183422095076089 1.66356887521265 
3.74476556206618 6.94211064768254 7.23318052534358 
4.23172485768883 7.03879490460167 7.25561081895159 
3.82833257380262 7.14953830505122 6.05019552462853 
3.7692766064355 7.37382156530632 5.62613991698609 
2.00265203888313 4.01426651773023 6.21167074060072 
1.35257629060655 4.22818731233565 6.39701867964598 
1.19481079193711 3.43663132901017 6.50384688502365 
1.01857726358682 3.74290853503721 6.51895926651226 
1.2806613577308 2.3178868631897 0.808238562157688 
7.03868650006839 2.46146669615356 3.17002631303048 
2.34613582232722 0.341095454029097 5.54151244724669 
5.49676076325809 6.10379879343722 1.66442955074742 
5.18225936344005 5.7944849549981 1.43219174068505 
2.3211584147628 4.39607327064292 5.75567442960738 
2.54278237691999 4.65240175880944 6.17675382624404 
5.41301372966689 0.106425638549922 5.14924676536918 
2.03728925850793 2.35999762319957 6.67110024247089 
1.46844943506952 2.3398814390813 6.29987436877641 
7.30351573698574 6.98319560498867 7.06326989226641 
3.99126271522161 3.60790115086241 3.90768415127358 
5.37251419095545 7.30404906653465 4.29705308805985 
2.33151904757454 3.58226037336247 4.48099514700938 
6.18127621980467 4.18351194840764 2.35120808634267 
2.23550977834017 0.641432654265902 3.235620404799 
4.58189106297359 5.76151503597497 0.252457463493844 
4.58547716851338 1.52032084713271 2.13708282640206 
3.04525803518644 0.340024207030425 0.836963539460536 
3.16359084517222 0.242672641294464 1.29024246489107 
4.63431924642556 0.728210621542879 2.40870647730487 
4.91864919710861 1.16091092229392 2.39051420956653 
0.789814244633584 1.69923025187877 3.53493353713997 
1.08649992610387 1.57239482006443 3.5967500413644 
5.46487867064962 6.33421669880392 5.22642956957033 
4.1077855118766 6.17902008037338 0.337029991703935 
2.55765325343106 3.86681573436693 2.45041972208701 
3.06592649891371 3.86603127428478 1.84599464969904 
5.83445896639213 3.96090218733608 4.63523625047601 
7.54622269697532 1.43247593028179 2.89707411878478 
7.30973661795297 1.35102141563349 2.55973509926387 
2.05044664669108 6.7407534039989 3.35556379041632 
4.96046445565065 7.09508928006737 1.25435603058495 
2.85951010048344 1.26726703067891 0.427118262963718 
5.72681353490452 2.08913769263604 7.16364109445989 
5.41807745808141 1.69654618751141 7.30471755335293 
7.66615763813729 2.5912088054412 5.50376211746156 
7.61255838807056 2.88144860285047 5.1702087481844 
4.30843765121798 7.06297121773035 6.08663704684796 
3.92471638332649 1.17653895065261 5.06212768296885 
3.53529466444083 1.68206008493963 4.73755676147096 
2.6374185433855 3.12245322526655 7.46798548814684 
1.55026808721827 1.98610756216638 6.14208740527963 
2.0222099593392 1.85431136094258 6.35004079979015 
6.01141793857169 2.94221719897077 6.58387345460007 
6.14011907690983 2.97308309675225 6.74949907054493 
2.88927435965386 4.33112110514167 0.241357695673072 
7.96853051933638 5.44501383433412 6.34053873123271 
0.461108434965356 5.3981543468032 6.29631319582814 
3.58454681026757 7.05577510095112 7.53142579113095 
4.2995622761857 5.36069954120638 4.34367241662035 
4.03046602329064 5.39675884805655 4.41268379842908 
3.23748274979596 7.12127159041317 4.47114827689897 
2.52523725407098 5.81265871430478 0.359326344356117 
3.48091151768176 3.76370872501282 6.09606132405398 
6.03598704016869 5.83492057664184 7.11865689545355 
6.83068204123394 5.81145319905897 2.3401853570818 
6.6115483030426 5.8435694283955 2.33958135553694 
6.6105524356482 4.01460915623353 5.21274888036739 
0.924500193017917 7.13548065356674 2.53646398629736 
1.63176932570461 7.10397922381727 2.47200858100261 
2.61449859105499 2.34049046044484 4.91845424448417 
2.5019954472652 1.99729333621457 4.81495806374477 
3.33228623579797 7.37487503465115 3.66991297407584 
1.70725781041266 7.01680275927719 2.25995258499636 
1.25021545805034 4.00703275631429 1.88487124165059 
1.59809519090141 4.23964366425285 1.72642237311267 
2.21438230556184 3.85511983058689 4.51166053948762 
2.2432565075608 3.67120868713797 4.37612504916919 
3.70678921540606 1.12949683917299 5.46335463412261 
3.33184178021904 1.42125082544658 5.47696539706643 
4.50880061602155 4.30417022666623 7.70011220785752 
3.99852397015237 0.317045880056169 3.89049397990375 
3.15273685393129 4.38465916921783 3.02563707688627 
3.69737951474481 4.3471296707377 2.91356776615301 
2.72226577071375 4.31422038316961 5.54023661430212 
3.00691837506043 4.65761382467471 6.02435432318349 
5.02734388851829 0.749907957711612 3.99479938462918 
5.09074029002581 0.765330455813514 3.52865958049927 
6.26164382527353 0.992203900139458 7.5095859518059 
6.44102760801913 0.645905437719398 7.70850299049665 
7.43178201599572 1.46755070801888 3.5740837152441 
4.86421297374162 2.70591305402646 5.19516514433316 
7.03664760608912 6.77537176705277 4.27578877031464 
5.50344417632646 4.12189684797266 4.82358160892054 
5.20004107491411 3.78254578608563 5.08492198635971 
1.54424414846581 7.63851799938398 7.27325455127206 
7.13015111179411 5.0893021135658 2.89164787704083 
6.86062492616604 5.2465281252822 2.42781445174308 
7.27191488737224 1.33927125000806 7.47079563448269 
7.5963699739397 0.693533367955387 4.65987691547441 
5.55409396980167 3.69313564368092 5.95363141821797 
6.03175033835922 3.51758478740948 5.94933879378459 
3.50494395804446 6.64774567957521 0.201157261156221 
3.7866640487029 6.92598843009233 0.249151699519789 
3.60120421234154 1.01774049514586 6.80166110983019 
6.72426713234841 2.30469778660888 2.69012882772204 
1.25267983716933 5.36926665357185 0.17199320779681 
0.974717928538429 5.27383032427488 0.288058769347753 
1.70391914605258 3.38192374023956 4.18792628918051 
1.28336600556156 3.61393643053173 4.20543587693164 
0.368941260372918 1.27218949836083 4.74626763615588 
3.39547093460816 4.53845045167803 2.36050641495312 
3.75385733568281 4.47077321712327 2.49342232413547 
2.79462664430741 5.56846545556299 7.77797600336732 
4.34120582231708 0.920793262892938 1.41616690036134 
4.01620414317918 0.896323314506259 1.28390152473177 
4.00633123386813 3.55392174535576 0.622036328633105 
4.15755155166233 3.9198750827257 0.808282982917209 
2.19443149285186 7.71688392311104 0.858786696245783 
2.61151429649116 0.274654586700047 1.87761331129304 
4.41935028033981 2.16404217547702 6.53133585664156 
4.19649730479193 2.5549488873201 6.44586350820388 
3.34680888560752 3.06572800105263 3.30735583712328 
3.42924167995677 3.39709142391601 3.37156075265927 
4.56490284959765 1.82988140405186 5.60787643958175 
5.59564387517275 1.14957522098582 3.93392271879344 
5.41157770573614 0.971771078634006 3.46482589085222 
4.90673787036507 2.39022179864149 5.13288875912705 
4.49625039620177 2.16452135113321 5.21874321709323 
6.24138688229568 5.76554389403926 0.997316698589635 
4.59981864044681 6.03551725250626 2.60123476744134 
3.10675473563197 1.92040005767841 0.870777375609057 
2.9265757449763 2.10065329549713 1.09666016965404 
3.23083641214913 2.8017174738975 6.56929143743376 
7.22490844430256 4.64225143665859 6.89492907037909 
2.74161927323831 2.79908998829862 5.57887340698534 
2.85893829648514 3.00460329266731 5.53238092528886 
6.40081435816146 5.54561074039518 0.166995360575316 
6.88164999751222 1.87315300165894 2.16898024503623 
7.11525803077994 1.92156618373937 2.01573078360949 
1.56468381691157 1.20995711282168 6.96932166038609 
2.65660938537151 7.92231964479811 1.81335562858265 
6.73563391560785 2.48759442921498 3.78942287064974 
3.62922115737713 0.19639803375526 4.04873539049494 
3.25739280403539 0.202905349433279 3.72760729965275 
4.6904585502121 2.54053051059295 6.55949232827551 
5.0970587968723 2.61973769733009 6.30661671368993 
2.72309971809338 3.11127036817165 2.47882276578767 
2.92498712705027 5.81821052211955 2.52561447770914 
3.03182267858035 5.97647331491489 2.41182022269956 
6.23619502333858 6.60199626340161 2.63503574771705 
6.51181931745846 6.16480479208555 2.71417064085757 
3.99832541707519 0.612773953726325 7.18768744677813 
3.79925933201984 0.72198691587558 7.23679004467649 
6.47606493378443 6.73834718069371 6.76448261492939 
6.96708201019232 6.33702646422533 7.39973303757504 
7.00083194260106 6.5952726974831 6.93698309780339 
4.24344992038488 1.49528339726718 3.82155601240782 
7.20248665859202 0.517245360150785 5.99453354355887 
7.14519718506299 0.344960074685326 6.30322313023007 
2.20708055237375 1.39347814022028 0.523940028014575 
3.59776557032307 5.76983066893183 1.86518616163003 
0.21067794167045 4.34298511677189 7.01501379113749 
4.52710694194886 7.350799233809 5.70440570846469 
7.51863340551449 4.53205088733503 7.1765106028588 
5.00705609485039 2.69472592922075 6.96372430121062 
5.33338928899474 2.75027330425737 6.60779322439722 
1.26533299812513 1.68319645925338 1.12767087739013 
4.0530939011046 1.96374498286065 0.813365298598749 
3.60494477335659 1.70151587232457 6.76506995639431 
3.27562932625632 1.79144054724347 6.71631763425447 
6.06216028157768 5.99246986139342 1.04685254415238 
5.4060756652437 5.71654085269292 0.951050681111915 
2.72616922874775 7.7754576211983 0.680843076120773 
2.84183097382985 7.59420848927774 1.20500455314446 
7.74198680991687 0.448036719391234 4.89123841938699 
7.39990200264524 0.161271123108841 5.26532344416142 
1.50791018330968 4.10281128083014 5.25366966302943 
4.37463869253335 4.12628277528103 7.56124730089599 
4.37905882093113 4.33045686703405 6.91453773881749 
5.82296297140929 3.41417332172746 4.72750877884494 
5.36876260153084 3.36601000395539 5.05664303875566 
5.17867638029188 5.06058966867425 2.39115282835368 
3.83175956378858 7.74985881036002 1.53388597014176 
3.40843265979948 7.57975952116986 1.60231295945429 
1.10357034416365 3.41117703556064 6.73657532130527 
0.951015329673067 3.70586781804004 6.7151977981462 
2.52755445266805 6.03238718053871 7.77440512863186 
4.38333903746574 0.799256423624935 2.24606031509179 
4.49529832498118 1.47966773726179 2.10442020030463 
0.7341448838565 6.38256821359192 4.97123144652412 
5.63917345442981 1.8999717062431 2.833209971172 
5.61688353559282 2.18449112489771 2.6114275747892 
4.32596601432005 4.6610230842267 3.33549560939367 
3.32955409507785 2.12821607458188 3.82377694309009 
5.98472674511437 3.6944452024621 1.32139820976932 
0.593701790568794 1.18989221830087 4.28542915218402 
0.777226989744625 1.43719297851033 4.19720565323389 
6.06097997998404 0.683891863891099 3.50776089438667 
5.74606309006311 0.697594911323654 3.26893763603304 
3.9888350909074 6.04846687664755 1.70329034613118 
1.45565994501249 1.81747928363212 5.32593984924838 
5.48686835012991 4.84345605743461 3.09162788346286 
0.398882972175379 7.26306516391985 6.2175558857584 
0.607304247617808 7.4702950243601 6.62630193969373 
4.84058311358338 1.37026698343036 1.24389692020228 
2.48320794721529 2.58418007516332 4.49889394546974 
6.26515447993813 0.957709464976307 4.38563847655001 
6.032315566129 0.755527666303671 4.34850542778179 
7.47378553271037 3.45707726981574 6.60126801469313 
2.44481662159733 1.09388494434173 0.458471194226213 
6.44379853810667 3.00682162966466 3.01010192090804 
6.97591144050976 2.55634458677219 3.02179180109582 
4.1108530274267 5.38412416490447 4.67870703830901 
4.3600502435876 5.35471917729317 4.62082109709826 
5.00478552890528 3.63442572792189 3.70780741990467 
4.59635364357293 1.92314774213216 7.21691594778843 
4.8321714401841 2.07590367146415 7.40955217129339 
5.2319414213591 1.60597577172917 6.28366436278661 
1.71917498093415 5.91951875800985 3.84678125212563 
2.02717518876297 5.62762439436266 3.98141798399246 
6.61682967331539 3.92821220025253 2.50928386257199 
6.56039661098717 4.22895926918513 2.92392151928187 
6.15656889102683 7.01885676937047 5.91608177524633 
3.4279421614092 0.511764869949229 4.39048474757457 
6.28563759029214 4.39593094430907 5.10623034704771 
4.23658319177347 6.02284709054216 0.637664009604159 
7.58062845447622 0.346701560724044 5.77537593883019 
5.01135676953852 1.63818935100349 3.00254967583517 
4.71108331266681 1.89719843210491 2.69195264078162 
3.31148455678999 5.10297569580165 0.414550149655317 
1.71376512955371 6.77789405298639 3.04889228098971 
3.0157180117995 0.654256678867258 5.28525281547318 
3.21899563931662 1.27054605382768 2.19352900295756 
1.63604265918727 4.35813777828367 5.57467389016523 
2.08825750823862 4.1163073383968 5.83484019292634 
5.03397781736349 4.54490557186422 6.66427491574267 
5.38346129573435 4.18193957351559 6.61803779214716 
2.43631405392426 4.4516630758772 6.59338900971241 
3.0124999621352 5.07766134667324 2.43455226770817 
6.96988344322704 3.9198281672465 5.06696991313596 
7.22219827823457 3.58531961551029 5.38356062252686 
3.86238481586636 3.84110299983443 2.97476064800015 
6.94906486232247 0.251927942178207 5.23737831169107 
6.97771032183626 0.733490882275008 4.70981790733841 
6.30032992832372 2.52938922217967 2.59729587505367 
4.1392917602872 4.54711536777709 3.39331113113313 
0.281845142029607 4.77799416898075 6.51854239093632 
0.24669162144906 4.61811112288775 6.99881739302212 
1.31600753134577 2.34613763019571 0.579844489304939 
2.66228865345628 5.974067989457 0.652292238811077 
3.18330057492907 5.82658092633366 0.794744819441041 
5.92603080603016 6.92881140274404 5.2978949010911 
2.54307214155468 7.33141473861406 4.32034321792323 
2.19109633708283 7.10562761890447 4.40765883195784 
0.711900196343134 5.98237858175633 5.07606563636558 
0.537097384468954 5.92297122779097 5.53598656460465 
1.81824497662633 3.00470258850625 5.13765752588302 
1.61694758698731 3.39077011111082 5.40486229083187 
4.21067762647732 5.23108194554401 0.815645781279852 
4.14881562300871 5.95242591650867 0.730372431053309 
3.82046159426174 4.2452116012826 0.770521446251396 
4.62459154991077 5.63486628912117 2.71680456673775 
4.70231651416152 5.25504633532612 2.32631946460099 
5.81321873396562 7.42518090030004 1.91306094393896 
6.99282212142403 3.52152579793168 5.73424432566478 
5.12291889351686 5.09306812064091 7.27884899880362 
4.46132002686026 3.60738984027203 2.66210842363261 
4.02543809929002 3.71487615267154 2.59682252064466 
5.03441114149553 4.73214263119027 7.1814613297319 
5.45684086651179 4.44638151036705 7.43894566802667 
4.17338158893371 4.83359539431434 3.14882807464049 
3.98184970641655 4.66093465995797 3.25505122268146 
4.41207374737448 5.99891528052094 7.26600532069509 
3.29948803931259 4.27351869045076 0.179926929959398 
3.61786038825862 4.72663439756474 0.241595739119993 
2.26998372211118 0.731004690014498 4.42299351121627 
3.4554156268684 5.83986679707629 2.41113997707189 
3.02668540313016 1.14653265723673 0.631230858958484 
3.67158391378302 5.40184126137917 1.84100416647523 
3.6133800147182 5.27673099858661 2.20316281617252 
3.28653074054133 4.95602366364092 2.20494713977078 
1.39898586599876 0.42367410269042 1.75862091326658 
2.73862647867431 6.9873899508541 6.49637601704372 
0.279098824916618 4.38053138197751 5.33561460285134 
7.85458959468107 4.25291541160404 5.41896483063606 
6.05356695631215 1.18007441996219 5.73095091311903 
5.86894796540476 1.10885963679515 5.99412987399229 
3.57624572157137 2.45902658611217 0.546054193501883 
4.20913985888315 6.05192783835104 0.886301043207867 
3.92998489344615 2.40211158586109 0.57196715775246 
6.28229257410128 4.13879125007498 4.77468687388777 
2.39185504512804 5.41746276523637 2.26694700784136 
2.51336248715898 5.09972072644548 2.26051219179746 
5.97230513482542 6.97588951573997 7.23977542436485 
6.20153595397312 6.57991994176988 7.06164671123012 
1.08455703909151 5.27982381938207 4.81582580071539 
1.63963545194804 7.23242050925957 3.72022711196986 
1.93292502407725 6.94478361051048 3.31318824333491 
6.83407438425184 4.4462303521876 0.800209971385313 
7.11067103138584 4.79946633832736 0.891589575453356 
4.63018050545021 0.120387419832863 5.83324586244486 
3.45057077331994 6.21110088420818 7.50701785418895 
4.43605342479147 2.03588151871826 6.44251166866214 
4.19471165391396 1.96210122399811 6.002044776965 
4.35042826843759 6.57796671900245 3.87986462873257 
4.79769420873811 6.1993078354319 0.868472847241782 
4.30635230773357 6.13437747640611 0.781178536829979 
4.95067107273355 5.46980086588332 3.53159086198985 
5.23027210920384 5.03966436360554 3.59854572736498 
6.5751973366223 0.680783573933976 2.62074839724744 
6.69327033470829 0.81986779989119 2.44719026003826 
4.33761182018756 6.67624564248393 3.69834945113319 
5.20869448547688 7.49173643746673 1.30555119120838 
5.21733084119335 7.5717372349214 1.53857365591944 
2.66173593019338 2.01428506238442 7.39023078821342 
2.8170402249565 2.33918155599956 7.25012877705786 
5.6107981758009 5.54267095570262 4.08340507416974 
5.60221594476241 5.52405982767157 3.96428418243987 
2.56096463074454 3.84037944750519 5.59855599837895 
3.07394073025645 3.02474088407597 1.43022101227646 
2.96035069322342 3.09848533431112 1.50983765205165 
5.11193758975956 7.22243609116508 5.38197742828791 
0.844222264632496 5.86106163349317 6.93288953091498 
2.80760501273201 5.46931338787086 0.114934105683114 
3.24960236353586 5.41806143590943 0.253318734186613 
2.88585514177711 4.26812327548761 6.8005892597777 
2.98520137325496 4.52240553697927 7.28932338653052 
1.17506051293907 4.27268646955151 2.35641696987674 
1.34546073434526 4.45782522583017 2.37378315747091 
1.84925515628923 0.58513858147439 1.17074946002484 
1.88420176385816 0.454617258784319 1.51532909917527 
2.26949348310344 4.67381256482106 6.78490169229175 
2.55494122450291 4.84833516537407 7.30651886974475 
3.46956828212355 5.66389068383446 2.51049809461433 
3.1861671810726 5.57564928987738 2.62566798649126 
5.43242588645568 5.42135522169733 0.858099757425012 
5.88722139750395 5.31279597186539 0.834156964051591 
5.3963461169606 3.61313601069779 6.15699268436824 
6.74829713015344 3.69892844055591 1.31001171266019 
6.34530529211751 4.02163876742096 1.39891055297539 
0.432448424556471 0.848277448136498 6.40322582630192 
0.599706072137876 6.72661226485897 2.61498215861328 
0.797073552052591 7.03156993819445 2.72069734851509 
3.33878032500775 4.1883254945174 7.88518234894254 
3.55700102565987 4.39516518747968 7.72766285420971 
3.17548368790677 3.197177997458 1.43099803301403 
3.07314405289072 3.26910814572121 1.5032025594509 
0.7203586377669 0.754949415408246 2.65987255854772 
0.725077912964636 0.828721251524351 2.83405259273718 
5.78370826051701 2.01482070158143 2.96910309527487 
2.83139881854962 2.48587942172073 6.36596519209281 
2.99116767804118 2.53826821594667 6.68514235907411 
4.2380375580639 2.4463281948549 1.59893004054389 
3.95176548204663 2.59729017424764 1.7920511002902 
7.24848979968741 6.10290352503852 3.23835271351489 
6.994612327683 6.25233220878341 3.21808500853704 
5.08945466886803 4.28484779624332 4.22851168286962 
5.31533385883179 4.33375302964934 4.35364265114082 
4.25004322787567 2.30509591203617 1.79750325015881 
3.96348745554324 2.51668503308305 1.91527154713598 
6.44260315610665 6.26382031390899 0.494830937779361 
5.04030038594945 3.01376406221951 0.710681104788411 
5.13917926146704 3.26981763028378 0.672490846949557 
1.85441840511201 3.728219890124 5.35331587819765 
2.1321763444414 3.94322392722794 5.78937131934599 
6.7124633789735 6.52853978251681 0.49181490371366 
4.8727715804773 7.09985655178982 5.32174772088269 
5.62670667117265 3.70866386764675 3.3561272220821 
5.31321657631459 3.67774017355992 3.67067823309 
4.29061234567728 0.407062635497741 1.79831632555876 
4.28802913263646 0.422863322232504 1.71900807603137 
1.72104400951358 7.54483577617365 3.69221570903718 
2.05261994240695 0.727321695313192 4.79463383627962 
7.07897158467919 4.82520909072484 0.560591251572797 
6.81287458657931 4.47417390508239 0.598314509955619 
2.76567684330048 0.810328077933695 0.883422698655723 
3.96286425980847 6.12167521095302 2.85475218164736 
6.17385242868025 7.05205955655264 1.92537995317367 
6.56938885277434 7.414022823295 2.09659163049343 
3.50504565213742 1.48341456312677 6.92415413727737 
3.18134237203282 1.57084345615423 6.87440619813038 
4.45127002636532 3.73968467012983 3.16495242142513 
2.61766214136045 6.98743902240311 6.28905238974697 
2.52643237385421 7.24451953593309 6.17199430802584 
7.49750987065552 0.443555721402855 6.93451023452487 
2.07185549918656 5.01776351955227 0.508950866217564 
7.6651250233632 0.755780192058525 6.99444303253747 
7.54575120792046 0.854435437040875 7.46891850037309 
5.07273750044981 1.92968056067964 6.09412464635867 
5.02861146276375 1.84253404878371 5.73721255582122 
0.329315905913429 2.31937797779518 1.93218591349224 
1.33709633078952 1.13051879248658 5.44489736309725 
1.13548995156587 1.47839520975756 5.56091492045826 
5.41396809018152 6.76232067954631 0.387379987551293 
5.51973197627008 6.48421444417875 0.332057630048902 
0.742356529877489 6.87606585650444 3.82999683874776 
2.11108257654832 4.83417999614148 0.814584428848078 
2.56687359677026 4.65549750725679 0.82727309226345 
7.61351563727655 4.79860232204714 2.33516355214021 
1.68724763388095 1.25543787279711 5.1983314967924 
1.69727161140938 1.64837417118396 5.14582871168515 
4.08295771429256 3.51856604064018 3.92518748531774 
4.56789290687941 3.60825450841669 4.20525727353021 
3.76240323999531 0.931290326159783 4.45344405733182 
4.92389625212754 0.327778227442014 5.6780737845789 
4.31050655550802 1.98023214863298 1.07382260860227 
4.79378219308916 1.76930812108415 0.898887209317897 
5.03650327569535 4.53757363199254 4.2009441437353 
5.23821799034708 4.60429052461876 4.31549607754354 
5.84002238354254 1.36837926674942 5.33077210328234 
5.53671133921197 1.42916647106 5.29804583363223 
3.85111828253818 7.46418407237978 2.69496258905947 
3.81987960341716 4.88006589045986 1.13508005741528 
3.35209895982504 5.06788948259542 1.40236491932593 
3.78300903382816 3.82814542776543 6.52942680025669 
3.54421530977344 3.86622245114753 6.38656590784827 
0.646427128022594 1.92755027421091 2.84635930631289 
4.07346070712332 3.47141749126635 3.68079006493432 
4.52152405277891 3.51998683485728 3.36298980973986 
5.61752247733418 6.87609763165542 5.97164466686449 
5.42549405182162 6.44680671150488 6.2337105361592 
7.64113843767203 4.56017971606412 2.30957665855766 
7.56812791067521 4.39987552131085 2.63446308875257 
6.51351552669458 3.72123819504486 5.67988016620548 
6.40949029038802 3.85691917425997 5.88862738140422 
2.81232409217479 6.32391279585713 7.5580717274266 
3.22476681115489 6.08873147840321 7.410533676861 
1.07158720038691 1.00168110240057 2.09276932040829 
4.01564818617046 3.52741444638025 3.66267751580323 
4.14263908146456 3.84630040221177 3.25957497156371 
1.2743890616263 0.758201677374157 3.68852116341944 
1.10480243364244 1.15293729656809 4.14567587117686 
1.55335228913017 2.31509935036566 5.53077919812002 
0.805618504636452 0.963935396317334 4.27401316773116 
4.04956845579142 1.83252490082128 3.02001802197502 
5.25838462192964 2.89655861487909 0.576827631221337 
5.33431625249717 3.20599131157743 0.549761059348462 
2.23830086195014 5.79948890709461 1.10248296285352 
3.90013865593722 5.73578927092729 2.92572688708335 
2.0006990805422 7.30845551688149 7.52997752220216 
5.91903674325999 4.89386611938736 1.13242805830096 
6.09030556163451 4.52018944365796 0.914478548302559 
3.8596713184619 7.54357170181859 2.930051560703 
7.23103629835699 6.70770315862635 1.33384484426727 
7.05085345050914 6.66679446147145 1.56291633467364 
2.52826318372699 4.97252491801034 0.204568627461115 
2.78139009975796 4.7529025967071 0.407925351886036 
7.515977019765 4.84889254822581 2.78181192191578 
7.51410046795674 4.57884254795566 2.8547821159643 
4.40483348022673 0.865401451394111 4.83761244743997 
3.94877706506012 0.946226671837258 4.92873722075446 
7.34971339065567 3.87904302782481 6.23566744068245 
0.983323938988276 7.08246956722775 3.50342318429225 
2.56516030585146 7.28311293045274 7.28622099653783 
2.75612755374932 7.29394709809103 7.50137032010064 
2.72431754961506 2.57265820789666 2.14147012307815 
2.64516876476298 2.83575992629135 2.08794775312996 
2.9739404495329 6.70167646423967 7.80057480978683 
3.34263673659838 6.65401016797005 7.78945473952596 
3.8066661372591 2.58434648432747 7.60806511900587 
0.998107638280828 5.18390284989729 4.06948038784762 
0.715870004298663 5.21873067667812 4.40592398432932 
1.97709818236039 5.4726700720769 0.615100822338551 
1.49016965236955 5.64261483652349 0.405761386167859 
7.51113886578635 3.58937869709943 0.530414694315677 
4.27511252002722 7.57037118924288 3.02267392680206 
1.85654526151284 0.764091782658446 2.03875727580442 
1.40743741123254 0.578752977040856 2.00947796679598 
7.12627329989969 3.70908972961463 6.19974955024376 
6.69337132758158 3.91087430145259 6.2818099541101 
1.66426446191564 4.12062133237979 7.56037125683477 
4.37725571188757 5.75983210056176 1.51680555208046 
1.88540273220236 2.72058804002427 5.45433068389034 
1.42200435177751 5.75944370973572 0.841062130296433 
1.93513847925935 5.52860356392353 0.915376704267245 
0.983047773678646 1.43231708435614 6.88518864440629 
0.386653951741015 1.15789123360611 6.97233792339181 
1.81343156117411 2.67505915278777 4.26072241109056 
1.41837745495744 0.637973389429541 1.07286629904712 
1.15438510993434 0.515650128771308 1.49604408227165 
0.941837735239541 7.35467460844537 4.58765608016061 
0.610601182873906 5.71337826529639 3.87522739486498 
0.847379803630313 6.0569151454241 3.82449264234912 
4.59511500384472 5.79170895367349 1.64077080660994 
4.65477654218413 5.49364533492042 1.69831424136374 
2.9039031027895 1.09611623597532 3.23213225108566 
0.824312737011881 1.9049374614246 6.90045609009035 
5.3121457607311 1.26639526911088 5.94331080624948 
5.21160831005479 1.38358654107922 5.66508010128879 
0.718694030725101 1.50360691278322 3.07323003491305 
1.42411518379185 4.00880221664886 7.56405383250997 
7.71571920367219 6.08242575741115 3.97971945547732 
5.47188045839904 6.83634342376442 5.52792344372465 
7.45604382614982 5.86688251342903 5.62651995563531 
7.37384561130823 5.85182579629549 5.05392820387474 
7.99964249616174 6.88747528730311 3.81753522985395 
7.98095216362744 6.43849611901343 3.61504913893249 
1.2605355517425 5.81444347937149 3.75947451848558 
0.938019150025828 5.42496308386188 3.80555498043218 
1.59121488367927 0.957890659284297 6.5269083673089 
0.424606299603019 2.49218297323365 6.23546635459766 
7.72402453051807 2.21201541505127 7.18835343884367 
7.63993788651279 2.18925829778166 6.86440152262938 
6.69645059152026 4.19638292751221 6.34306351577684 
7.11514133010955 4.33749576287908 6.35937638840232 
1.85107657146312 1.16295935846198 2.06737574338608 
1.31484173512671 1.34870063421272 2.12778300514271 
1.74770549815387 4.2005732330464 7.76186155380091 
4.43508800151233 1.99504581493013 3.03467763857019 
4.32087130491862 2.47660469656908 3.048571582763 
7.80152210903985 6.48663512547503 3.28520194833483 
5.97659510759164 3.39934785386497 7.63784816538632 
0.410984060828369 2.22009414003967 6.29242156225629 
0.906322424288269 2.08012522353885 6.50927959011147 
5.7870843028657 2.29811698338447 2.79304444865011 
5.71489856630746 2.68145108032422 3.03491033181173 
3.25573148512252 0.343152404148666 4.82926722222925 
3.26797693239012 7.84445569324947 4.95452012729054 
2.38086472909462 7.43840871561054 7.45490128898134 
2.07473052872731 6.00852428188348 7.5451697658584 
5.22547064779481 4.91071101338565 6.20450113590281 
4.89530495890805 6.70730042487616 5.34265143732018 
7.10928269005214 5.59098266120632 3.74503062794049 
4.58043760193253 3.97365782681944 0.601303456799328 
5.06489967589016 5.82442378979938 4.51972317015839 
4.73189465080535 5.85037985885728 3.99840518969483 
4.63119026887861 6.49526238112842 3.92542972130094 
3.39402985264861 1.95353150900156 3.50686823303524 
2.82812869052805 1.80445050351955 3.22974457324807 
4.86296049373727 5.87348794177835 4.45907035327682 
3.86478313784007 6.34016226873119 3.36469446705442 
5.4290036764799 5.95204572567514 2.78228132049037 
5.61108839199911 5.41492019252481 2.57156576523554 
5.9561124010174 3.75201738463386 3.61449534454297 
5.72517575865194 3.72835326364556 3.93966357780367 
6.01033881979767 5.35851892904919 5.79031034878067 
2.88281779738035 3.36243402493136 4.23449936472761 
4.6220226777349 6.4535098329736 2.9258869140773 
4.5917309525738 6.68670159268705 3.57452624193575 
6.24342685210174 2.94532745944996 2.8026316741943 
6.00282228672667 2.9646733138367 2.99094847034016 
1.80568546096217 2.97106610049137 4.50105940803017 
1.54457995072287 2.92813618595392 4.80519056182242 
3.39255763945006 0.352428233240766 4.79042980007116 
3.53102342837022 7.94066712683231 4.84496752282607 
0.385377691755782 2.06707884997189 2.01634341809576 
6.5234849397137 7.89190338671254 4.85156158384921 
6.1748359997551 7.84238680160636 5.13840147797817 
1.87048051738937 1.79237751156459 3.30295397473699 
1.68717830984896 1.41639218584925 3.02876175859365 
6.20271068191435 4.71275353213251 7.20702956020034 
0.92466523303353 2.65819972469957 6.37805768724758 
1.10985082533196 2.37974917342177 6.52124069508641 
1.720041863772 1.55633765148601 2.67947010630885 
5.36272541300271 5.23919637524963 2.68393665273162 
3.72488004993048 0.505069791323828 2.31358094033495 
4.81660125706053 4.96356358788711 5.93207366343844 
4.90936002479251 4.7629255005613 5.53866554040544 
1.21526553270625 1.34551102485613 6.48629535170289 
1.56586996586768 1.20618214683954 6.62646746473226 
5.01443868067896 4.5116924998593 0.543600701706006 
4.6551486248198 4.28097503191719 0.375335011528627 
1.42954094409685 2.56680028942125 6.05893301141812 
5.36990099446069 0.171260738245269 5.08112168485715 
4.01775117222759 3.53615175751235 5.33762133066686 
3.93931937562501 3.27761934160112 5.27104710067124 
5.20171099848037 6.22113673992478 5.96294136470034 
5.30121540628783 6.55812105862986 5.46914325495167 
2.67005369795612 2.42728310766709 3.89518030079058 
3.94018781576426 0.736847429652064 2.53359508037988 
3.77507304682861 0.995886154950654 2.60232767910574 
0.344421548245591 1.83956553465796 1.8066113392494 
1.31018001555433 0.895175115607242 6.29212048675172 
1.11043373528969 1.17840435399937 6.31541943867282 
6.23516280868489 7.17767766674571 4.29336197263053 
2.82792922820413 2.87682904768731 5.95461992270966 
3.90390306537293 4.26671946164535 6.94856021861403 
3.55280699646586 4.6012446355979 6.92637420294097 
7.46517207190586 3.36116667206449 0.470009508933962 
6.98002739051083 3.22328124456729 0.600953073000731 
0.566443262877272 7.10229371081353 6.9308219148554 
6.79060122292254 3.99459953385212 3.68618028008032 
6.53417508403717 3.912652592043 3.4914882039617 
6.08261239259954 7.07682236137625 4.72716508694688 
5.91113290825338 7.26362124125942 5.00995889463635 
5.90823814492447 5.08763076942664 5.28036431407301 
2.97616966505179 2.67933332112096 6.08799292294328 
3.16433220637044 2.80708226529883 6.1445908576113 
6.84445817730933 3.7767275984396 3.6878744914029 
6.57876740512467 3.72064283192984 3.4956880606903 
2.58709736030208 7.21556490972522 0.132564761348018 
0.889125757874663 4.47412411688673 3.8081721816536 
1.35483639524585 6.49036376370227 0.255491233113157 
6.33759335435439 2.74632478324936 3.77563379956219 
6.25720947135022 3.0362556192719 3.22592810879225 
5.53143058752185 6.67275092383479 2.33046318469021 
5.36524226080143 6.38270159652571 2.18494758254911 
5.49703858238529 6.64222182511953 2.52226383269264 
5.30574766776262 6.31520923865188 2.4982721060645 
0.305817540963126 0.921268731813826 7.19462217356023 
7.34603167778317 2.8060429795008 0.844167320455436 
7.6630297637912 3.13110056210352 0.63297955386282 
4.70940300028063 7.05297912202854 3.45169556899426 
4.76507188201899 6.97480099855978 2.91560339992007 
4.40976628238958 5.37275690185366 1.55932358475984 
4.3953101452494 5.13958308208717 1.33794842766135 
4.27456862827977 5.23219818782207 1.64511545049441 
4.29950559834739 5.05457640923662 1.41840933753368 
0.439480049167895 0.839250605359841 7.31043477264625 
5.80416968484227 3.4695619106339 0.695558209169441 
2.86287167258684 1.57295942588043 4.53001037894858 
2.84425380491826 1.64871489875624 4.80872254470369 
2.70294518265928 1.29093471421327 5.16250771215736 
2.64103953527665 0.966528300593487 5.04684781843669 
6.34949881747325 3.09865108519967 4.02041408079095 
6.28043452757464 3.47010652473536 3.58219222587103 
1.06143279996837 6.79577283920885 3.12532464994745 
7.61648296190189 4.58418423795779 5.38266927344139 
6.97655071201507 3.9224738744417 4.4220844679827 
6.19223215363123 4.3923571406268 6.94376180171089 
6.40488261995438 4.26037940313126 6.96882934319598 
1.05184263647749 2.75882140067911 6.14087052930426 
1.17815426806213 3.14239681971123 6.13155652661112 
7.2467409194213 2.55913402073426 3.14934365043891 
1.34212155561651 5.09133705704859 5.80720408632989 
4.57526318904589 0.378774937606563 5.05006033656657 
4.91801295731962 0.459738630584689 5.29160723821157 
3.28665291230523 0.975027969315498 2.36833505930814 
3.29912120585594 0.726297329460206 2.21838165148063 
4.10593222011187 5.20847388718342 6.86342505260139 
6.84237759534626 4.63911198370058 5.36522167605184 
7.33075136941192 4.53534229177034 5.12925431520951 
3.83020415420065 4.02195207712614 6.55255334063991 
4.39310687884549 7.55257224499361 4.62270572176357 
4.17555605208679 7.53906461511938 4.28297353473194 
2.86941999570385 3.46772478317459 3.86984118282808 
3.06265521570409 3.63309098927501 3.78273030634401 
2.96605355964627 7.69223407048517 2.39869343822378 
3.30668699469864 7.52328710133114 2.25721051739569 
3.68879440201374 6.38544649736064 7.15382081346368 
1.70016407680609 2.8661808435299 6.01766669052111 
1.56403668990093 3.14512147430633 6.035864660622 
4.74827744484209 4.71380308151179 7.25408989335815 
4.50230677684923 4.5646252506975 6.87505449153223 
3.59613840589129 1.60441610916601 3.61678683645638 
3.17317115311993 1.0465144730099 3.3827224314442 
6.44326989643832 4.8429170009089 4.20861686202902 
6.40725327560904 4.39401513049713 4.23647767634622 
3.26585747210945 3.49291369917 4.47753329376884 
3.44500772987188 3.72193028666942 4.17073690901056 
4.35222317188207 6.59482258224138 6.05874163379806 
4.56999550526505 6.4310258876267 6.36298661533333 
2.34667674561715 2.05777403456867 4.4385276921869 
2.37896849166193 2.43329792628258 4.32913636938382 
3.92845099747499 3.21673960073055 5.5840310385962 
3.99008572183311 3.40315924325705 5.65607456459089 
5.8406202660507 4.80341531620506 3.16549806828894 
6.25665242942997 4.41465093008668 2.80544941408813 
5.93932976761291 4.38284734306537 3.06787699751687 
6.60590576141051 5.7645591690392 5.93606724986368 
6.92051888103818 5.64688123118553 5.67559553569189 
5.34271705817409 3.60474142632703 5.76355434197075 
6.79951276967834 3.81030106749229 4.73255610482954 
6.76103222006414 3.23370653006484 4.5289684884473 
0.479504646626443 4.49832118012134 4.28503152481727 
2.00200198597401 5.21813410636379 5.77672196727545 
1.61244862487465 5.33668136335147 5.95422491646468 
4.57517014237861 6.41590631685869 5.74045006521196 
4.90927438502318 6.18262272175465 6.00797909094658 
6.07815742472124 4.32685138500401 4.02319146948993 
5.96290537408661 4.90388349068589 3.92973803498484 
4.75212991267611 4.11204454342696 7.93380030513541 
3.77850725828061 0.994486382392283 3.10657030242022 
3.97580522998058 1.50999461235692 3.35779703852753 
0.806722803819711 6.5635742881651 4.5813131227705 
0.780518200531722 6.95740999168637 4.35395690496917 
3.55017595882919 4.07460605126822 4.28033189413551 
4.10362906450593 3.04587758275097 4.31285406388633 
6.7324292675088 5.29902464024264 5.83500016889079 
6.57370037569659 5.3804828995736 5.95383776916216 
1.37111552191988 6.24943113599363 0.970209814709459 
4.26733178786173 6.20687391055285 7.07680215679421 
4.27060765307059 6.08287432251429 6.75383592416865 
7.36935423791514 3.34831395498387 4.13635970309042 
7.17945186472404 2.9488088714499 4.30495671871459 
6.8968752742637 5.99583118997132 4.81101225114825 
0.977818386884101 6.50109769443289 4.26599954704485 
0.919808468204922 6.85146097987873 4.14472762013247 
1.30638755445424 6.26985771559326 1.02354471853642 
1.46726931445569 6.40395175140991 1.20682060344884 
3.62134112883051 7.73190059052023 2.44387640425175 
1.11089244563283 7.23569429383506 0.184035682946632 
7.00434941552064 3.54020795089566 4.17966376472944 
6.82808711546438 3.21837949068774 4.32729132296848 
1.53674872212925 7.4103913186126 0.152453430069538 
5.95375788737181 6.2184066278057 6.83975133151333 
6.09785400641536 6.25727433246376 6.36586040910343 
4.79394509570529 7.4359620076177 6.56428604266162 
7.53574026315967 7.32332126452402 3.57391640181927 
1.96015702253529 2.84307218040928 3.35229446845044 
2.10723187113773 3.10276197648645 3.24793492402865 
6.61399383076381 7.65670414925109 4.62717594346289 
6.3781873509383 7.20281674108633 4.54909417704903 
4.56996978060441 7.21725686686033 6.60731835578321 
4.33219842887623 7.3616241266578 6.8468740799294 
6.83910938753591 3.37259155805393 0.685833472521662 
0.41269471153118 5.62353734016365 4.31525076119887 
0.408068701392732 5.90234525615385 4.61713471169956 
0.479874503538099 4.57490022527683 3.2303538340666 
0.478676349131868 3.37113972243156 4.59400855059521 
0.431573322018114 3.16695513657006 4.75453180783494 
7.79013352578143 7.19105591408989 3.47498623369018 
7.70203288225356 7.0218635450761 3.22120570439875 
0.70129240248123 6.28215706591431 3.56812812778031 
3.86301498086217 5.67647519232474 3.15546681719526 
7.62534864449565 6.79698707114078 6.51467019532697 
7.43908631338308 7.02411230341356 6.98320771036669 
3.38704724135309 5.76944160275896 3.6341836625889 
3.49688264680423 5.51919053073757 3.31166383388168 
2.55426957552032 1.9523045536816 3.40048124344877 
3.06573445637358 3.40759608893555 6.2089241277417 
2.81504319936026 3.39740751373264 6.0942651917611 
3.75780379072573 2.93652080043212 4.67694071103915 
4.11166537877605 3.05303959189009 5.06546034993799 
3.99472790328042 4.06780284589265 4.11257746963253 
4.0486504906363 4.56489221348269 3.80933182153451 
5.62233830132481 6.22454617528186 6.8069754883079 
5.60704751512124 6.23246284917917 6.35118261633857 
5.45831487700586 3.23251557938423 5.35977330894777 
5.15322782125809 2.80683969482672 5.50059474205437 
5.37192724289088 4.20528332626115 7.77029592449354 
1.91893138335729 7.64700607828305 6.20964307173383 
6.98983948390838 7.4207059939011 4.70827712790653 
6.82188235771455 7.02450058889132 4.64159040755034 
6.5649168916686 3.29897023535327 0.481360224778863 
6.12814260780489 3.20969136939324 0.829250964572677 
1.68798293629803 4.70241153176064 5.43364195904405 
1.93567730404347 4.78577296686613 5.44818301502159 
0.467852132032379 6.16647394421912 3.5011114541753 
0.449471469706931 6.13020946257323 3.14411131636079 
1.71521203988448 7.29994305777258 4.04596256641265 
0.627628197835368 4.33474968000734 3.57647211377119 
2.73491947515321 2.17918235140272 3.85944898080832 
2.49396332140441 1.88726838186955 4.24969385054811 
6.39137901864291 4.84055758183065 5.05984201238871 
6.70333831023526 4.90849607228581 5.23565254883613 
3.11008794258894 3.03366462702382 6.02562793716666 
2.91579027729104 3.01579005754408 5.93426006764907 
4.78063333460593 3.42645935433649 7.23743037770902 
3.62023434954179 5.09338357327884 4.17216873383067 
3.2545952338201 4.67592063579673 4.37418525212408 
3.69539011727546 4.73114129765466 3.85426157588651 
3.35594005009109 4.44635359732205 4.10270123365817 
5.42347035264998 5.13515758000296 7.47360908145711 
5.67096993740908 4.72810627529707 7.55219833118291 
0.941496657416406 6.3679191349698 3.1590348002582 
0.769090276162732 6.28610497924078 2.96767389319474 
7.53830852358823 2.8208766163546 3.64572901219185 
4.43404988050556 4.59767628325001 5.89535460906792 
2.38079071712137 2.63930954421797 3.37207183422156 
2.5034779934385 2.85761202043992 3.27894626950162 
6.45295327569695 5.08552791573935 4.5669667679748 
4.57262710166894 4.84325143256188 6.05458580427495 
4.65705956992042 4.48320550332093 6.6261326566539 
5.76141116715996 4.17998684138283 5.89571228285974 
7.77067726838057 5.7145892033395 5.74091813241554 
7.81847259501219 5.52136889345113 5.83220090150586 
6.95756581472469 4.65658505123533 7.21161988059077 
6.68912146681469 4.98389554640509 7.32820056258777 
5.53890949829158 4.77590272379671 6.0171529382036 
5.71895403293376 4.40934940842877 6.17166177822728 
6.72011390939578 4.08764896297811 7.5756097454722 
2.3907297688801 2.18725557826766 3.1489715548212 
7.39058040993032 5.01545718168066 4.69404791960875 
1.31923506847568 7.55450837130985 4.51081340855283 
5.71983255266072 6.15853849715863 3.4475233112193 
2.18219271219752 1.6094291880871 7.11838265897212 
2.1882386286851 1.88373051837389 7.24825218766392 
4.17058875150656 0.18023322501385 5.28284330515862 
4.19339842657787 0.0802187936445717 5.57097536022235 
6.24670938475341 6.16300690924688 5.09702760154523 
2.67446434911254 5.57315214976298 5.78841188846573 
4.0364587246801 7.87143402340954 5.15662932116083 
4.0275082806067 7.71375728265297 5.43085941193402 
1.99017731513273 2.10904438977256 3.06666798469909 
1.92996844384816 2.01615658443095 2.70148507499616 
2.30095809912707 0.483882510371904 6.29677713487954 
2.36479780144291 0.222294017315396 6.66162311374948 
6.40729330307868 4.69530294825113 7.35376999678133 
6.59467448212287 4.4470092330371 7.26390456472782 
2.06951117836544 1.54601178724287 7.21072875784546 
2.06030305671523 1.84792154733298 7.37032246169534 
6.41992160530798 6.56947912640839 5.20606352072906 
6.40171195661803 6.21625876902459 5.17402161982462 
3.14769002531384 3.8792232557349 0.665081336084862 
3.32737409868025 3.43785404799075 0.578002034682299 
1.4170946579928 1.36243742911804 0.870644013909008 
2.19926840994302 7.84474315400814 3.76377274466027 
2.79074325370567 0.490852563536666 6.37644088491435 
2.78397100085818 0.324868945060858 6.60533166575281 
2.76761569465603 5.90945382609326 5.9337342143891 
2.49065413884458 6.21174782064152 5.87944278405351 
6.64053486058256 3.79522497964369 7.46689724317811 
1.49676142269005 5.78040078359255 5.84447252186894 
7.41053202997579 4.93979077067118 4.33296336079398 
0.698019045671376 7.16111948655732 1.74200840934144 
3.55246731962455 3.64101656996831 0.425560500846161 
3.41811028274793 3.96855311281137 0.511373541012623 
4.97963273688371 2.97570179592974 5.90595232475117 
5.19961444287251 3.53321296804616 5.93606088335867 
6.85633491458108 6.94277567102616 3.52189114748054 
6.99392980969204 6.75715785498396 3.20380166705646 
4.20900880890658 7.08198336853293 1.02371030464376 
4.62499795154498 7.15378045380444 0.930351991563523 
7.35613733599909 7.28983682620526 3.43077130653044 
7.40886981447674 7.1064110507195 3.1878418154843 
1.76152227518215 7.58782984302838 3.80752137334417 
3.21207228504172 5.11755461338402 5.37097735850888 
6.08752500979678 6.7167019808907 5.07055942411426 
5.96802480035977 6.48532706403514 5.00049970649854 
5.81593752648487 6.1272895219553 3.05604590992169 
6.16496917732762 5.8790610860358 3.02530514630117 
2.49137358673663 5.75218939712783 4.49874634621795 
7.02407468071199 5.15079935802313 4.184155878259 
6.82824797124041 4.93579614010508 4.01572440704769 
5.08389324642135 5.89399860342066 2.96919311477332 
4.99142112527028 5.64176017760209 2.9592673413683 
1.5714259378772 6.37904056578037 1.13216749398985 
1.98531004864191 6.75155065084156 0.947092389926503 
7.41461117110606 4.6257094232429 4.2376734225943 
7.02106418490437 4.54134945779171 3.97696292261182 
2.2049499664246 5.53821659532865 5.55795685558193 
1.99913374978442 5.99447170054936 5.54756670906435 
0.957623891799204 6.27650066335858 6.27826177509315 
1.70658731913793 5.5034153027586 4.5364220740173 
1.70084680312771 5.50997403234201 4.2893360628487 
4.45221954874079 3.04004499266411 5.97986703397497 
4.67914091367198 6.93009346419883 0.71300388565204 
4.33986252623199 6.75235850452268 0.703853704315706 
4.43065167987118 4.12116630842253 6.44067887078437 
4.53771501876802 4.19374592892754 6.61189161411607 
0.867879565615012 6.90162579628278 2.0982059498531 
1.31382411675222 6.81572779110165 1.90460537668516 
2.74176676186298 5.57617522001049 4.55236550917424 
2.85054367909081 5.43500909068973 4.2790726505652 
4.52845310714158 3.78586091621331 7.7121580373143 
4.73174912532649 3.87036861160431 7.92281211223673 
3.28405705219505 5.74392729955248 5.2656157045693 
3.03540014876928 5.43139866207674 5.32053787904169 
2.39486806443115 5.76695906548697 4.08731609482694 
2.59003442839297 5.59993751341871 3.93219416457087 
7.02759331716186 5.24079916895412 4.78027100948577 
6.84590651709322 5.29223229893216 4.52384445900072 
1.029240756633 5.61680280960705 5.58254056975291 
0.748096488154102 5.73621853974286 5.73632223618871 
2.25297278198852 6.57244212401006 1.08146568707678 
2.05261139728409 6.22540750658109 1.27594764836581 
4.36697214192508 2.47665527195592 7.97731384936449 
2.8252996800895 1.92382103268191 2.83876189897821 
6.77008949424975 5.19353187731235 3.56313769574028 
6.29613950289769 5.29171294262777 3.4288570124603 
3.98978819232863 2.36658015327844 7.75934115893129 
1.58007228492025 5.27093645827508 4.52921225588903 
1.56804870918876 5.25711786987656 4.34543273877565 
2.73944285896172 1.2663605853879 6.39585003465759 
2.96124483168922 0.806961443899754 6.41436875226381 
6.1494644816291 6.16421407236073 3.97826714491609 
0.840074629826272 1.28318762012016 1.16700504161395 
7.58157371056987 3.30922609662394 3.64795839109797 
4.01801322184349 6.68132629689915 4.79569771761133 
3.74540594130216 5.57610168732267 5.29608682163345 
3.65792259077221 5.16056105682765 5.35589621670402 
2.61026633885748 2.12254967536614 2.78623587118069 
2.2895201800239 1.99327041568357 2.48830583103528 
3.05186866994605 0.882408345362597 6.67391431735502 
2.89176224357991 1.2793592074447 6.73661132470518 
3.38421932886361 2.15672451392593 2.65352709224865 
3.68906861863711 2.18085348630581 3.05857705650119 
3.78913819652739 2.47496955077688 3.06581364541592 
2.77632143270569 1.39838534341288 2.50480642029041 
2.35893964952855 1.53286056735177 2.3052809824781 
6.88432117450575 4.9276715041309 3.07307600648724 
7.73489038448959 1.28044232555184 6.46032972545419 
7.72346579388266 1.7231883571361 6.45905444575646 
1.22637877257102 1.14323949546335 0.883005739462215 
5.48503386813266 3.67536347989922 7.66972774832781 
5.00258660669718 3.35689151039124 7.24462940323958 
5.33194781043017 3.56835917257527 7.70514078015612 
5.96895810651081 5.93388055947689 3.68095594929307 
6.2705960624251 5.7664300624831 3.42604691573552 
3.93574136519044 0.34226273088352 6.0341540680703 
4.23634173495867 0.426457918224934 6.31026568885313 
4.96698736770188 2.93933783131683 4.5277484081041 
4.92416145720029 3.03382845323216 4.819856864817 
2.1473746799568 0.912533597378473 4.19150902826782 
6.02910877857016 0.514758763390469 6.55883773207865 
7.4523353371735 3.4754519018684 3.43897909758863 
7.69545428418245 3.62544765650966 3.35456801596867 
3.64185922389017 6.34705859422469 4.41596045288741 
3.22911443767774 6.66274384523686 4.54304627548874 
7.33178242614677 4.96482974988367 6.07373121661878 
6.8101176460841 5.16352177400325 5.9619436120409 
3.77100975850897 0.667143481524699 6.00240624075083 
3.33381765048735 6.82665000493558 4.62306242010932 
3.82743018374993 6.6652644882794 4.55294548018306 
3.29575988075391 3.01454268637699 2.86825164563201 
5.75895793483585 4.21328478999901 0.812353402712115 
6.9016193798769 4.7609319818024 5.87710448873957 
7.30810883442635 4.78015174172629 6.00121491167539 
7.79633392459937 1.26259884762614 6.05080604376844 
7.79359511739863 1.69145054293325 6.02349096741261 
5.31873852650901 3.7450708483024 1.1388108975222 
5.72234681368676 3.77008211301959 1.00689229549168 
6.34253899877373 0.877915339266755 6.86600871569076 
6.08503835020782 0.881903937210094 6.73943734437946 
1.95230321869414 0.624451622881652 3.82224995689583 
2.14767199873121 0.775500586688032 3.36688934113531 
7.00714034793075 5.09200907869692 1.22153965996278 
4.52540756756006 3.92610757846208 6.42025209682085 
4.25655125480434 3.59579031513127 6.40105969134102 
2.75562085862118 6.64357059172295 2.22603235560823 
3.00454216361145 6.93597955484343 2.44893851543561 
3.37300917305968 2.36513482282719 2.54452237329289 
3.60656905207625 2.64661075608163 2.73196011517761 
2.88839290753749 2.52980395419706 2.54894878987099 
2.86590057759923 2.87028164103167 2.72710583321442 
4.58613656512462 3.19895690085104 4.52019923399918 
4.60664147348646 3.23675191735683 4.747231162118 
2.27445902191538 1.65909740668307 3.55516566491153 
2.24071171953495 1.6429137627303 4.06008736513693 
4.15072987690044 2.90870746578074 5.69352953460881 
7.17725711467996 6.36020683457462 4.39597222524731 
2.8715566057837 6.43167425989209 2.58284946898806 
3.0627349223492 6.71093539066571 2.72074242412601 
4.57140478867623 2.3677624426555 4.07949858093629 
7.12835272234508 6.29584709237743 4.72833731421555 
7.38020289141932 6.24676494693019 4.85003951643196 
7.22543181102272 5.0728972028363 1.36807376752276 
7.39213502717942 5.42600674522208 1.45953838041214 
4.37008519662858 3.41883781092698 5.99617043241338 
4.70694824230528 3.72066636098454 5.95574732546537 
4.59969946313755 1.87323960665677 4.03988808488594 
4.50982034699728 2.0764723670797 4.20037065188091 
4.26725112158172 2.76122517000298 5.33726294338509 
4.1570392072448 2.45750430437407 5.32059315040863 
2.37077785873472 1.10117048060452 4.0829427387963 
2.41555656636266 1.07274175005937 3.55340361702204 
6.69674897815219 3.03785935851663 1.46445452765259 
6.26685564260175 2.99981996615517 1.41503849995775 
3.93394944665175 2.59179195592879 5.93461636455699 
3.93358619202111 2.35851972956083 5.786980029353 
6.62837726053108 3.36190459730306 1.20694351523675 
6.26244163232658 3.29739123203833 1.19882380607674 
7.68543678374457 4.28104960702961 3.38054834614348 
7.7689139412696 4.42791890752563 3.07727590086201 
1.1965584548596 7.36722161302046 1.32314054725873 
1.4372155951985 7.27263108914002 1.38991324719692 
6.95075015070472 2.20439317855785 6.20962651110896 
7.05425262738692 2.12213073818301 6.51070669631976 
4.79516600760217 2.03586019935522 3.61201114142149 
4.7543886710761 2.33625462735678 3.65474224403837 
5.39619426943636 3.59065309227761 6.84985664075657 
5.66565567168756 3.75743536045883 7.14963549231098 
0.390855713273724 6.73108081967086 6.65607615976576 
0.30303894352243 6.8013817337519 6.40312012651824 
7.7130389577946 4.21645721513905 1.31793589309741 
7.43437670363804 4.79145432136498 1.10640339348841 
1.29792426006351 7.03609891976783 1.44544520198782 
1.0843860787054 7.15591313192119 1.37424118452433 
5.54939048963022 3.30644889073239 6.55311792876347 
5.95243155147789 3.20051624599398 6.55609882625923 
7.62058846365624 6.34866457803977 4.32030201521064 
5.15185613731475 4.57641450436339 1.18530936237939 
4.97983457332535 4.15229175864906 1.37603556569391 
5.95305435489529 3.73087343096905 0.211580960472201 
2.94465098051128 0.509096009380196 4.40597494100742 
3.0364552403441 0.898868987853086 4.13891309711647 
3.11443172969665 0.569826890613993 4.24561843156961 
1.19265048837203 2.34566550990437 2.09431678696869 
1.32478008902208 2.38662794555638 2.39937423264901 
5.20250542688681 4.35902585357904 0.961708041496408 
5.06743385358806 4.08422807829142 1.09008544249663 
6.52109855380652 4.06711154252939 0.0815610043835182 
6.32866259878228 3.65969253032549 0.112147105265199 
1.0841614987981 5.19027120109049 7.24657087503378 
1.11508133192211 5.34208838715598 6.96132123395671 
1.00711180440761 4.89743199581079 7.09042795425896 
1.03041402974977 5.04160027159928 6.79259848690863 
1.03778189539153 2.04274055294467 2.1595021988397 
1.10652925704474 2.01131773621923 2.40112246489094 
3.47701392062683 6.76821214489502 5.70619347757046 
3.08549460406711 6.79511431549976 5.53109836735017 
6.1947162600537 4.40921538952128 0.216105240500547 
5.88526099161493 4.20086576167518 0.29417011404492 
3.52820083257458 6.97818653788253 5.44958372627824 
3.2647647211886 6.99773686681585 5.33481623073989 
2.70849886200483 1.01721564724364 4.3294540227913 
2.65118597270726 0.851963039002626 4.47547056408651 
7.38500010957835 4.93072177817727 6.18362774967882 
7.79914296386425 5.13389112146062 6.46647695597 
7.33072459854343 5.04196035166213 6.60739635768229 
7.67523052290799 5.16350566203396 6.67527838329353 
0.916831568636115 4.59027725785755 0.991746979642865 
1.17739678606445 4.38247792147252 1.06595520704409 
0.930240064951916 4.1601494169154 1.18062542000505 
0.682288331701459 4.39284099897263 1.09067465580208 
0.950671624826828 3.50564826699529 1.63793943729326 
0.960494210249082 3.37986194303444 1.43802301256805 
0.799919575377511 3.3772867919917 1.69410269961121 
0.816834239449923 3.25893360912562 1.49555769716843 
6.62010343639966 5.3440734733788 0.0769403417404238 
6.92470650298263 5.34215185201302 0.253973958912149 
2.84436704348024 6.75962230032402 0.164454047407591 
2.55185593647423 6.49361688920373 0.317833372735904 
2.66487279632233 6.36836635391344 0.629552515080389 
3.19071729513986 5.54916343420751 6.7327213817479 
3.53989331750462 5.26797687838763 6.61721944246184 
3.64680195002733 5.09990023589879 6.8998543041116 
7.15611478461883 0.836794114107494 2.51313756626776 
7.37313068865951 0.643661191579456 2.12823493262272 
1.63592423380713 0.681522207062658 6.92746587321219 
7.25912702593798 0.618694927380607 2.85513201096715 
1.39038572925728 0.806829136150834 7.33554180446966 
1.62020335942355 0.881123917110304 7.12752874802409 
6.90597839011531 6.03608788302463 4.13502018242382 
7.08876109960335 5.75781652014812 3.75627851448302 
3.32611455762168 4.37811226505871 6.54852139263715 
3.57230869524899 4.09046170853533 6.39589892035442 
6.68268675259942 6.18212899237128 3.90788446703356 
6.77918603789756 5.99839672156411 3.6190123784838 
3.28095192209777 4.57172175240874 6.1786919195935 
3.52617427483027 4.27225727604291 6.07727653936293 
6.00773614988788 7.97554315405223 2.31660845065282 
6.21682499882376 7.98286867770271 2.31175248580581 
6.05495379360163 7.87659757760392 2.05968117914389 
6.22822355802031 7.89398416650771 2.08231071476751 
2.72889316265312 0.887616959756246 1.40282154977155 
3.27336111309023 0.78912375667926 1.82612239145249 
2.94385550521062 0.569315508356663 1.60401431826561 
4.36831536707168 5.43189085659209 7.23674366129788 
4.70073587977522 5.10047729777815 7.3905020349316 
4.17881314135563 5.49551387144742 7.59836085832209 
3.19479329768222 5.61355947670996 7.57241311218529 
3.45531728345258 5.54807937749501 7.774851695998 
3.62684168358077 5.31161036445415 7.66310411346984 
3.17423251495234 5.35277848728055 7.26067837236195 
3.4167421850641 5.15322137441516 7.27935356086648 
7.13285830538439 2.71468186900796 5.95900284176617 
6.93119748505725 2.49935500477243 6.22508360402559 
6.09788117666392 3.25633334566381 6.74517083906595 
5.993791842969 3.59306600761408 7.15705163893305 
7.46241364505086 1.05277164240501 1.41397046254502 
7.16765161150966 0.828020059371868 1.34622662176289 
6.51565173925205 3.59403563777708 6.75773625307971 
6.3823043289227 3.82194982574471 7.07993523529224 
7.58510873918595 0.987877507748121 1.16038011254908 
7.34174673481122 0.758470012134145 1.02825150717851 
7.30576731335289 2.84752005115487 6.30273946050017 
6.97454120334407 3.3001311185446 6.83046283028266 
7.25667377638416 3.37290171820285 6.51219071493813 
7.11358959447375 2.40416275236611 6.64527333703051 
6.89550877120676 2.57495124464966 6.95362040215845 
7.05367046643401 2.59060086513706 6.48992876271673 
6.84251368837687 2.77066041802094 6.76429751762327 
6.61368201243797 0.310796776314873 7.3184298460513 
0.193983028887867 6.54619283404414 1.86884894442139 
6.42237346265158 0.32304714468924 6.70648960896778 
6.545522058768 0.483832439380579 6.83637323415604 
2.36793590090922 6.82522463430852 7.05507303008701 
2.52944316354622 6.77646479257545 6.62612978277208 
0.323130093144148 7.00113596487258 1.53559286963382 
6.40854911447483 7.25286824828519 6.70020139390288 
6.19970071231356 7.38266314434278 6.90166956782608 
6.58582081483068 7.40565031225328 6.75324003759106 
2.46541276528976 6.48060811967644 7.12234459836027 
2.61218326613285 6.42132236061683 6.77314360331822 
0.128902958060577 6.67676956184016 1.66318836457134 
7.27759311569057 0.454348183279985 7.61399464006669 
7.24284532728421 0.283852487398386 7.41340936050265 
6.0818366576479 0.53675578149717 1.0386669301485 
6.133974055707 0.54694536966344 1.442618803611 
6.87872794200787 5.77153999717536 0.662138494426845 
7.14768673642614 5.995543598501 0.629931404919299 
7.31657037094218 6.01884474421983 0.945107873992499 
6.46229595420924 6.32024327053807 7.50943300555594 
6.8879793168759 5.63009635004259 1.12223690664776 
7.075100864018 5.76599579694711 1.25152939703428 
6.3489709749195 5.96384741717351 7.53712500505471 
7.08710173693707 7.10846598399944 2.34242796679812 
6.81108428710667 7.38468381487794 2.20995848970464 
5.04582115821981 0.492234773344648 0.696400004873837 
4.73404060150698 0.748098552868057 0.486237371034743 
4.75683557098439 0.922175807547502 1.09173217057178 
4.98322757893516 0.699554245673714 1.13109264714504 
6.83691663556607 0.520340848362022 3.26485951788426 
6.92100880065504 0.471034504528809 3.00002145832439 
3.2458412949787 1.54541103795009 0.99417459557881 
3.82166413892878 1.34914662498766 1.333807775808 
3.68410804130249 1.47708819439548 0.9632073309408 
3.75694348419687 0.975452616427342 0.44637591082829 
3.94539713717484 1.16990605038883 0.169364242712354 
3.48542726560985 0.86957805848827 0.35275169652451 
3.29297602902985 7.16272527312721 0.669797313710362 
3.18383539335237 6.73929036116425 0.441563219943621 
3.08506411418201 6.51181880002941 0.710681685936785 
3.09872228589433 6.8390456575419 1.20803011963171 
3.21452277086856 7.12932643496147 1.13911562428087 
2.29026883573509 7.57869343055201 1.55531815893014 
2.34818119370372 7.48820310578214 1.40260962059296 
2.15783049406218 7.63022060639209 1.486964656652 
2.20407290025398 7.53949143643399 1.3168047902131 
3.75728128498204 6.07746698239052 3.98404196073118 
3.9885384455506 6.10783324622222 3.82047906470491 
3.59473713859585 6.07896396651853 3.69353349393808 
3.81409940412457 6.10004596766175 3.55835672660839 
2.87035637128691 4.09528565353691 5.01373514202329 
2.33732836575779 3.71072655336538 4.64580799699427 
2.71963071573959 3.78674326938638 4.90827240951706 
2.23101654795446 3.55091354689067 5.06650971635766 
2.53590526038244 3.60685084586758 5.22132370803651 
3.23148905310833 3.61092723528848 4.72360000816793 
3.357513561901 3.96350603727125 4.83886340482249 
4.04595976372808 0.860863521136448 6.21504100304853 
4.2596741491177 0.681057871440912 6.33283896567493 
4.03196984949887 0.970462272093267 6.43185318230133 
4.21920001044039 0.813662570833931 6.53206214339575 
4.19879399248903 1.76045684360478 1.79185286734731 
4.50741256998703 1.53965092517241 1.99253539089482 
4.2238394318078 1.60427543360862 1.5006350040778 
4.45574087680621 1.39010957921529 1.5600397917873 
5.25966006369776 2.6147642461854 1.71343106690634 
5.32610120346336 3.05699497637556 1.86306278528625 
4.89116754446979 2.81046099537649 1.37532320708084 
5.04578245523349 3.24356523330926 1.5889641254918 
3.19659432882502 1.23207921484996 1.80254728170403 
2.95602758223534 1.30875789441575 1.62627010059141 
3.36249779478009 1.43973178383728 1.65647725590484 
3.127243134774 1.51731488322777 1.48425555194552 
5.48628055216423 1.79240032561655 1.59120503921896 
5.39298960525433 1.64097916375166 1.23930777121948 
5.27308103078796 1.48727666066622 1.64763161733395 
5.23236484507246 1.40958014250593 1.37728725960244 
4.68406136694195 6.5606161367261 4.81733965354664 
4.62490600921884 6.80545964313615 4.63233855211971 
4.88945014700259 6.38577563283872 4.58931350521599 
4.82411318837086 6.6471675489976 4.38811280315704 
5.61429967726983 4.46514215069905 5.29011285967675 
5.5135623578483 4.4056982337002 5.47077317720761 
5.54316030304758 4.66948286418439 5.31781534969317 
5.44390134005808 4.59938544755486 5.50286270399443 
4.83732121193974 1.3132020716775 4.47251560362974 
4.82812866920384 1.70705250203852 4.34848295776475 
4.37815372743623 1.05348764609318 3.95741152477307 
4.60703753698728 0.956985064150141 4.16856986910286 
5.1567838981893 1.32269631519783 4.48377778983463 
5.20205049597791 1.60794709676268 4.39223155524029 
4.24333049072206 0.833661589978036 4.14764062846699 
4.46225798968696 0.802438005521839 4.27971235712895 
4.75047110025119 6.28808101807894 7.52249852052197 
4.98757880920793 6.29253732620063 7.51136992980008 
4.76679125128817 6.51272927363203 7.48153546634695 
4.97231417387071 6.51249393403301 7.47225581929977 
0.634696202350481 1.91005254782692 5.17168686173947 
0.84260338236741 2.04189990663066 5.04746299997632 
0.531287635768381 1.88215344440772 4.97893096446824 
0.677363517858294 1.97652812303181 4.85602885001062 
0.611299787154147 0.355133198047823 7.22187178458174 
1.17485545894454 0.348866545500841 7.2290906108172 
1.2797421357944 0.279927811242606 7.02681636022155 
0.969687941282356 0.453247980480159 6.3414607538899 
0.973066776629411 0.181536701136093 6.6944690034118 
0.242333994753435 0.359051481337092 5.93145398181905 
0.478306750006741 0.554326802925405 6.37973441973185 
0.651608661463041 6.8435342516187 5.77314182887266 
0.59519926252428 7.19156227985457 5.84581922429877 
0.947480483231286 6.97732056672935 5.71457601077308 
0.84065522505633 7.25759941732546 5.7927170311806 
0.196391286627274 0.750306980541972 5.21106669000919 
0.434206474096937 0.488621382712886 5.10771623792247 
0.725694128766436 0.731600235567483 4.96648240097864 
0.486384343919757 1.01048577082025 5.04816082867088 
0.323617108776632 0.355642709674166 6.74541247778889 
0.475832066449773 0.22322413622491 6.87106386943258 
1.22864530517503 7.60655531750092 6.24931178944567 
1.52533605417134 7.47809379840594 6.36864517354211 
1.37212735220972 7.55092426547047 6.72738093762878 
1.10253879062746 7.665398644239 6.55970278025193 
1.70265785771109 6.25802606413046 6.05099577346064 
1.50581238397456 6.63580229056601 6.11936700156085 
1.50468354055916 6.0572299145175 6.17514502716882 
1.15803521843092 6.30381393512249 6.3228063962877 
1.85468105872715 7.09562616604307 0.100684718319629 
2.06467461283437 7.08014871321344 0.303573586623984 
1.77052676883323 6.73139288486205 0.154122349759864 
2.047451118945 6.82003182467333 0.379962554104727 
2.77315190388087 4.44070048255233 4.94311782060161 
2.94010061163814 4.65294442696024 4.81860155377629 
2.57145774045624 4.5886405666365 4.7391474470426 
2.77560465886773 4.74844075305912 4.67412994189647 
6.06488198595957 5.35206726104346 2.7264865172262 
6.36949607140707 4.92564335561048 2.80943087332436 
6.15798961406845 5.08121416053171 2.96761378259726 
6.40731706496692 5.10420118615426 2.44947514700715 
6.26683367277766 5.30536816909225 2.42891490989163 
4.50324812405392 7.03951219771013 1.76062947928616 
4.6315067919945 7.40734806474975 2.08046946424995 
4.83389029647905 7.0152414749579 1.68017675793146 
4.97683298854066 7.26581588273595 1.86070383913437 
3.46649796900461 6.31192041698738 6.78500849368833 
3.22054810230119 6.15057357057856 6.85620191500582 
3.21484742912535 5.86970108487413 6.6373654713902 
3.58867758875667 5.95013745916314 6.42795575196769 
3.68647133448785 6.13994922354361 6.51387749231918 
1.15522597077112 6.69199938347306 6.99764935006648 
0.921559814067805 7.03272897943317 7.10128691674647 
1.50525099873112 7.00756556274265 6.90716411627204 
1.35556086230514 7.30921743833184 6.97228464350138 
4.12717138034746 0.352742907581059 1.70345180357196 
3.82164088049249 0.546495673268624 1.49871220861668 
3.69483972100593 0.281963464304698 1.27469719453116 
POLYGONS 2508 15363
5 1 0 1903 1521 1362 
5 4 1703 1521 1903 1889 
5 1 1063 1094 2 1362 
6 932 946 1093 885 1745 2024 
5 3 2 1362 1521 1703 
4 885 1745 1776 1799 
5 5 0 1903 1904 2006 
5 5 6 7 1 0 
5 8 6 5 2006 2007 
6 1121 1522 1359 1562 1842 1768 
4 1561 1562 1842 9 
6 8 6 7 1231 1561 9 
5 7 1 1362 1363 1231 
5 8 9 1842 1768 2007 
5 1121 1768 2007 2006 1904 
5 707 994 2066 2035 1880 
5 17 10 1695 1696 14 
6 1144 1145 790 1153 2220 2221 
4 13 1153 2220 2082 
6 15 11 12 13 1153 790 
5 13 12 16 2179 2082 
5 1263 1483 25 1929 1931 
5 18 20 27 701 24 
5 26 20 18 1931 1929 
5 24 18 1931 1263 23 
6 27 701 865 21 2367 2366 
5 19 23 24 701 865 
5 19 23 1263 1483 886 
5 21 22 886 19 865 
6 22 886 1483 25 1711 1712 
6 26 20 27 2366 2368 1597 
5 21 22 1712 2369 2367 
5 26 1597 1711 25 1929 
5 30 15 790 791 1550 
4 30 15 11 2191 
5 29 32 31 34 1454 
6 13 32 29 1478 1498 1153 
4 1453 1454 29 1478 
5 1281 1282 1793 2195 28 
6 1549 1550 30 2191 2195 28 
6 33 12 11 2191 2195 1793 
5 31 34 1282 1793 33 
4 790 791 1498 1153 
7 941 1453 1478 1498 791 1550 1549 
5 33 12 13 32 31 
6 1281 1282 34 1454 1453 941 
4 941 1281 28 1549 
5 1922 2026 2017 2202 2230 
6 36 1915 1922 2230 2231 2287 
4 36 1915 37 2164 
5 37 1915 1922 2026 1952 
5 37 1952 35 2163 2164 
6 38 39 40 1372 2352 2353 
6 44 45 2261 2057 1899 1898 
5 41 42 44 1898 1036 
5 936 1285 1899 2057 2056 
4 936 1285 2454 1982 
4 41 951 2455 1036 
6 1982 1983 2010 951 2455 2454 
7 1353 1735 2011 2056 936 1982 1983 
5 43 45 44 42 702 
6 43 702 2058 1353 1735 1736 
6 41 42 702 2058 2010 951 
5 43 45 2261 2260 1736 
4 1353 1983 2010 2058 
4 46 1523 1171 2008 
5 1170 1171 2008 2020 48 
6 49 1588 2041 2040 1795 1629 
6 1831 1832 1794 2197 2169 47 
6 49 782 1170 1171 1523 1588 
6 48 47 2169 2168 782 1170 
5 48 47 1831 1816 2020 
7 1815 1816 2020 2008 46 2041 2040 
4 46 1523 1588 2041 
5 49 782 2168 2196 1629 
5 1794 1795 2040 1815 1832 
5 50 54 2183 2184 930 
5 50 930 2051 2447 978 
5 50 54 827 766 978 
6 766 978 2447 2445 2232 2233 
5 930 2051 56 2178 2184 
4 55 53 2232 2445 
5 51 52 2177 2156 828 
5 53 52 51 2233 2232 
5 827 828 51 2233 766 
6 53 52 2177 2178 56 55 
5 55 56 2051 2447 2445 
5 827 828 2156 2183 54 
5 59 717 1190 848 812 
4 787 1029 843 2381 
6 812 813 787 1029 1030 59 
5 61 756 2382 2291 954 
5 57 58 716 1189 998 
6 57 60 843 1029 1030 58 
5 57 60 2291 954 998 
5 756 813 787 2381 2382 
5 716 717 59 1030 58 
5 60 843 2381 2382 2291 
6 61 848 1190 1189 998 954 
5 61 756 813 812 848 
5 65 906 1044 1811 1088 
6 1044 1811 1987 1902 2093 2033 
5 2053 2076 1902 2093 2106 
5 62 2033 2093 2106 2118 
5 64 762 1986 2077 2263 
6 62 63 900 809 1882 2118 
4 63 900 65 906 
5 62 63 906 1044 2033 
6 64 762 1088 65 900 809 
5 64 809 1882 2262 2263 
5 2053 2106 2118 1882 2262 
5 68 67 1542 685 66 
6 1083 1694 1699 709 2416 2415 
5 1083 1470 2344 2345 2415 
5 888 976 2421 2418 1488 
6 1084 2175 2139 2404 2410 2399 
5 75 76 1946 74 797 
5 76 78 725 1947 1946 
4 69 73 2132 2199 
5 69 70 1565 72 73 
6 74 70 69 2199 2198 797 
5 74 70 1565 1947 1946 
4 77 75 797 2198 
6 76 78 980 71 77 75 
4 980 981 2120 71 
6 77 71 2120 2132 2199 2198 
6 72 73 2132 2120 981 1344 
5 72 1344 725 1947 1565 
5 78 725 1344 981 980 
7 79 687 1516 932 946 2539 2538 
6 2146 2147 1374 2540 2538 79 
4 79 687 80 2146 
5 1332 1333 3 1703 1704 
4 1703 1704 2551 4 
5 85 970 83 1398 1430 
6 81 82 1102 1429 1430 1398 
4 83 84 81 1398 
5 1429 1430 85 1732 1781 
6 86 1276 1671 2143 2274 2252 
5 1478 1479 2142 2170 29 
6 13 32 2253 2252 86 2082 
5 86 1276 2295 2220 2082 
4 1276 1671 2303 2295 
6 1498 1499 2303 2295 2220 1153 
6 1479 1499 2303 1671 2143 2142 
5 29 32 2253 2273 2170 
5 88 87 93 1661 1407 
6 90 94 87 88 2340 2342 
4 1103 1407 88 2340 
5 89 97 91 879 704 
6 89 97 1661 1407 1103 1104 
4 89 704 92 1104 
5 90 94 806 1027 1308 
5 1308 1309 95 2342 90 
6 95 92 704 879 1028 1309 
6 91 96 806 1027 1028 879 
5 97 91 96 93 1661 
6 95 92 1104 1103 2340 2342 
5 93 96 806 94 87 
6 1102 1262 1856 2193 2215 1429 
5 1781 1782 1162 2215 1429 
5 36 1162 1782 2288 2287 
6 36 1162 2215 2193 2158 2164 
6 98 100 733 1631 1373 101 
6 99 100 98 979 1199 1200 
5 101 98 979 978 50 
5 102 99 1200 850 2131 
5 102 99 100 733 1082 
6 766 767 1586 1587 106 827 
6 1586 1587 2074 2150 2131 850 
5 766 767 1199 979 978 
5 101 50 54 104 1373 
5 1199 1200 850 1586 767 
5 104 54 827 106 103 
5 103 106 1587 2074 105 
5 102 1082 1705 2150 2131 
5 105 1630 1705 2150 2074 
6 104 103 105 1630 1631 1373 
4 108 107 1193 1835 
7 111 110 109 1748 1966 1910 1307 
5 1748 1966 2173 2252 2253 
5 109 31 32 2253 1748 
5 1512 1910 1966 2173 2174 
4 110 109 31 33 
4 1511 1512 1910 1307 
5 12 16 111 110 33 
5 111 16 2179 1511 1307 
4 2173 2174 86 2252 
6 1511 1512 2174 86 2082 2179 
5 112 85 1732 1755 933 
6 112 933 113 2299 2300 2271 
5 112 85 970 2272 2271 
5 89 1072 989 1289 1104 
6 685 686 2136 2105 705 66 
4 114 1913 2039 2068 
6 115 773 2316 2317 2068 2039 
5 115 1798 1912 1913 2039 
5 1557 1737 1784 116 1877 
5 1783 1784 116 2112 1959 
5 1238 1570 2104 119 1953 
5 118 117 119 1953 1884 
5 1238 1603 2088 1884 1953 
5 117 119 2104 2103 943 
6 118 117 943 944 1122 1155 
5 118 1155 2087 2088 1884 
5 1569 1570 1238 1603 1602 
6 944 1122 1599 1602 1569 1854 
5 120 878 1188 1031 2204 
5 53 52 2181 2204 1031 
6 877 1001 2324 2328 2203 1187 
6 1000 1001 2324 2325 1260 726 
6 51 1260 2325 2329 2237 2233 
5 51 52 2181 726 1260 
7 53 1031 1188 1187 2203 2238 2232 
5 120 1000 726 2181 2204 
5 877 878 120 1000 1001 
5 122 1151 1540 1202 1216 
5 122 121 2428 1217 1216 
4 1202 1328 1541 1540 
5 125 2505 123 2512 2511 
5 124 831 1508 1509 1560 
6 129 940 1213 127 1541 1540 
5 127 1038 2488 1212 1213 
5 127 1038 1458 1328 1541 
6 130 129 940 1743 1189 716 
6 128 126 1744 1212 2488 2489 
5 716 717 1052 1053 130 
6 130 129 1540 1202 779 1053 
5 128 126 1190 717 1052 
6 1052 1053 779 1092 2489 128 
5 1189 1190 126 1744 1743 
6 132 1218 1317 1249 2196 2168 
5 133 132 1218 2165 2166 
6 1999 2000 2137 823 2166 2165 
4 133 783 823 2166 
5 131 1249 1317 2071 2070 
5 133 132 2168 782 783 
5 1218 1317 2071 1999 2165 
5 134 1958 2000 2137 2187 
5 131 135 134 1958 2070 
5 131 135 1629 2196 1249 
5 135 134 2187 49 1629 
6 782 783 823 2137 2187 49 
6 71 1833 2354 1021 2121 2120 
6 1833 1906 2503 2504 2502 2354 
5 140 980 71 1833 1906 
6 139 136 137 2519 2518 2065 
4 138 140 1906 2503 
6 144 141 148 143 142 821 
4 145 144 821 689 
7 145 144 141 1711 1597 147 146 
5 148 149 1712 1711 141 
5 153 157 150 902 903 
4 156 902 150 2281 
7 157 150 2281 2285 2039 1913 1934 
6 151 156 2281 2285 1672 721 
5 151 156 902 903 1080 
5 721 722 155 1080 151 
5 154 152 1798 1912 1935 
5 874 875 152 1798 115 
6 154 152 875 722 155 158 
5 721 722 875 874 1672 
5 158 155 1080 903 153 
6 158 153 157 1934 1935 154 
5 115 874 1672 2285 2039 
5 2020 2021 1729 2047 1816 
5 1815 1816 2047 2072 159 
5 160 2167 161 2298 2297 
6 777 804 2099 2100 1389 987 
6 160 760 1390 1244 2188 2167 
5 161 805 1589 2188 2167 
5 163 742 1045 165 2031 
5 164 165 1045 1753 1754 
6 162 164 1754 1900 2002 1985 
5 1984 1985 162 2037 1380 
5 164 165 2031 2037 162 
5 1380 1496 163 2031 2037 
5 163 742 1655 1700 1496 
5 166 168 1334 1391 169 
5 167 168 166 727 1616 
5 169 166 727 1787 1788 
5 167 168 1334 1973 2542 
6 167 1616 2403 2409 2543 2542 
5 1334 1391 1792 1635 1973 
5 727 1616 2403 2402 1787 
6 1787 1788 1791 1759 2408 2402 
5 169 1391 1792 1791 1788 
6 170 173 1253 2521 2523 695 
4 171 696 1041 2547 
6 784 2522 2524 1041 2547 2549 
6 747 784 2549 785 2402 2403 
5 785 786 172 2408 2402 
5 173 1253 747 2403 2409 
6 172 170 695 696 171 786 
5 172 170 173 2409 2408 
5 785 786 171 2547 2549 
6 142 143 175 174 709 1699 
5 177 901 1364 1823 1750 
4 176 901 1364 1230 
5 1183 1297 1423 178 1371 
5 179 180 1011 2049 2050 
5 97 1015 183 1662 1661 
6 188 189 183 1662 187 841 
6 97 91 2042 771 1014 1015 
6 182 186 1925 2075 2042 771 
5 93 758 187 1662 1661 
6 93 96 181 720 824 758 
4 186 184 185 1925 
5 181 720 185 1925 2075 
5 96 181 2075 2042 91 
5 184 185 720 824 935 
5 188 189 1014 771 182 
6 188 182 186 184 935 841 
5 187 758 824 935 841 
4 189 183 1015 1014 
4 1633 2251 2271 2300 
4 113 722 875 2299 
5 191 1632 874 1672 1673 
6 874 875 2299 2300 1633 1632 
5 190 191 1632 1633 2251 
5 112 192 190 2251 2271 
5 721 722 113 933 934 
5 192 190 191 1673 193 
5 193 934 721 1672 1673 
5 192 193 934 933 112 
5 729 730 781 780 1314 
6 114 196 780 1314 1934 1913 
5 200 198 2069 2286 2282 
6 198 194 196 114 2068 2069 
5 198 194 195 199 200 
5 195 194 196 780 781 
5 199 195 781 730 197 
4 157 729 1314 1934 
5 197 150 157 729 730 
6 197 150 2281 2282 200 199 
5 201 203 1526 1245 1163 
5 201 203 1271 1272 1741 
5 202 1163 201 1741 1690 
6 202 1163 1245 1715 1752 1548 
5 203 1271 2059 1579 1526 
5 43 702 1272 1741 1690 
5 202 1548 1736 43 1690 
5 205 207 2545 1000 120 
5 205 209 206 2350 207 
5 120 205 209 2205 2204 
6 726 1000 2545 2544 204 2134 
6 206 208 948 210 2349 2350 
5 209 206 208 2151 2205 
5 208 948 2115 2182 2151 
5 2115 2134 726 2181 2182 
4 210 204 2544 2349 
5 210 204 2134 2115 948 
5 207 2350 2349 2544 2545 
5 211 1197 1032 1496 1700 
6 1197 1198 2203 2328 1337 1032 
4 1197 1198 2477 211 
5 1187 2203 1198 2477 2476 
5 842 884 1336 1380 1984 
5 842 1001 877 2001 1984 
4 842 884 2324 1001 
5 211 1700 1855 2476 2477 
5 877 1187 2476 1855 2001 
5 1336 1337 2328 2324 884 
6 35 212 1965 2107 2138 2163 
5 213 1558 2078 2079 1964 
6 213 1400 1573 212 1965 1964 
6 214 1624 1981 37 1952 1996 
5 1964 1965 2107 2185 2079 
4 214 1400 1573 1996 
5 1980 1981 37 2164 2158 
5 35 212 1573 1996 1952 
5 214 1400 213 1558 1624 
7 215 218 1686 1687 699 860 719 
6 215 719 1464 2430 2432 1501 
5 1464 1465 216 2471 2430 
6 219 217 2470 2471 216 698 
5 217 2460 2462 2431 2470 
6 218 1686 1692 2460 2462 1739 
4 215 218 1739 1501 
5 698 699 1687 1693 219 
5 219 217 2460 1692 1693 
5 698 699 860 1465 216 
5 974 975 1471 1472 224 
6 197 150 902 223 1472 224 
4 223 706 1471 1472 
6 223 706 942 1108 156 902 
6 221 222 942 706 1471 975 
4 225 221 975 974 
5 197 224 974 225 199 
6 225 221 222 220 200 199 
4 200 220 731 2282 
5 156 1108 731 2282 2281 
5 220 222 942 1108 731 
5 228 226 230 1003 1004 
6 231 176 1230 1530 2499 1322 
4 227 229 231 1322 
4 236 1370 1426 1691 
6 236 1691 1742 234 2004 2003 
6 235 234 2004 1980 2095 1049 
4 232 235 1049 1048 
5 1048 1049 2095 2078 1919 
5 233 232 1048 1919 2482 
5 1370 1426 2480 1558 1624 
5 1558 2078 1919 2482 2480 
5 233 232 235 234 1742 
6 1426 1691 1742 233 2482 2480 
5 236 1370 1624 1981 2003 
5 238 195 199 225 788 
5 788 789 908 974 225 
5 237 224 197 730 1013 
5 240 1013 237 2385 2389 
6 237 224 974 908 2386 2385 
6 789 908 2386 2390 239 1057 
6 241 240 1013 730 781 883 
5 238 195 781 883 1056 
5 788 789 1057 1056 238 
5 241 240 2389 2390 239 
5 241 239 1057 1056 883 
6 876 1024 2280 2279 2330 2310 
5 1944 2077 2263 2279 2330 
6 810 1061 1978 1979 876 2310 
6 242 1062 1527 2076 2077 1944 
5 242 810 2310 2330 1944 
4 242 810 1061 1062 
5 1061 1062 1527 1861 1978 
6 866 1301 1356 1991 2534 2536 
4 192 193 1301 866 
6 112 192 866 2536 1430 85 
6 193 934 829 1554 1356 1301 
6 1554 1555 1162 1782 1756 829 
4 184 245 1175 935 
5 186 184 245 2197 1794 
5 247 243 244 882 1043 
4 244 188 841 882 
4 182 186 1794 1832 
5 247 243 246 1552 1553 
7 246 243 244 188 182 1832 1831 
4 246 1552 47 1831 
4 1552 1553 2169 47 
7 247 1043 1175 245 2197 2169 1553 
6 1107 1291 1556 1585 2152 2126 
4 1290 1291 1556 1146 
5 995 1123 2126 1107 1224 
6 248 1146 1556 1585 1918 1881 
6 1917 2036 2067 1123 2126 2152 
5 248 249 1223 1290 1146 
5 248 249 707 1880 1881 
4 1917 1918 1585 2152 
6 249 707 994 995 1224 1223 
5 253 750 1015 183 1303 
6 250 251 253 1303 254 808 
6 252 807 846 189 1014 916 
5 251 253 750 915 1074 
4 250 251 1074 1073 
5 915 916 252 1073 1074 
5 807 808 250 1073 252 
5 189 183 1303 254 846 
4 807 808 254 846 
5 100 259 256 255 733 
4 259 256 1023 1971 
5 258 759 1357 952 953 
5 258 257 815 1178 953 
5 123 261 262 2513 2512 
4 262 260 938 2513 
5 263 264 2052 1065 1064 
6 1604 1605 1065 2052 2048 1300 
4 929 1128 1300 1604 
5 1444 1445 928 1613 1614 
6 928 929 1128 1772 1667 1613 
6 928 929 1604 1605 1416 1445 
5 263 1037 1305 1415 1064 
5 263 264 1668 1572 1037 
6 1667 1668 264 2052 2048 1772 
5 861 1201 1265 1809 1820 
4 265 1059 734 2425 
6 266 267 2424 2425 734 1100 
5 268 1411 271 2456 2236 
4 268 70 69 2236 
5 74 70 268 1411 1412 
5 271 270 269 1412 1411 
5 797 798 269 1412 74 
6 270 269 798 1503 1502 1077 
5 271 270 1077 2458 2456 
7 69 2199 2208 1437 2458 2456 2236 
4 274 697 1346 1345 
5 274 697 1639 272 957 
5 697 1346 1505 273 1639 
5 145 689 1727 272 957 
6 145 144 1172 1345 274 957 
5 272 1639 273 1728 1727 
5 1504 1505 273 1728 822 
5 821 822 1504 1172 144 
5 922 1165 1853 1520 1446 
5 277 276 774 922 1165 
5 275 1439 1797 1796 1719 
5 1395 1657 1779 1719 1796 
5 278 214 1624 1370 1513 
5 278 1134 2062 1514 1513 
5 1274 1427 1514 2062 1995 
5 1433 1434 1758 279 2098 
6 213 279 2098 2481 2480 1558 
5 213 279 1758 1757 1400 
4 1133 1434 1758 1757 
5 1433 1995 1274 2481 2098 
6 278 214 1400 1757 1133 1134 
6 280 736 947 708 1519 1341 
6 914 1518 1340 1956 1955 1885 
5 281 280 1341 1340 1956 
5 1090 1091 1955 1885 1834 
5 281 816 1091 1955 1956 
6 5 6 2486 2490 1414 752 
4 8 6 2486 1490 
6 5 752 956 876 1979 2006 
5 8 1490 1061 1978 2007 
5 876 956 1477 2311 2310 
6 810 1061 1490 2486 2490 1737 
5 785 1773 1852 1787 2402 
5 1520 1759 2408 172 1853 
5 7 1231 283 1459 1420 
6 890 1092 2489 2485 2275 2293 
6 282 283 1459 1458 1092 890 
5 8 9 2293 2275 1490 
5 282 890 2293 9 1561 
4 282 283 1231 1561 
6 6 7 1420 1419 2487 2486 
5 287 904 1366 1901 1900 
4 287 286 2002 1900 
5 1002 1191 285 1858 1863 
5 284 878 1188 1002 1191 
6 286 284 878 877 2001 2002 
5 285 904 1366 926 1858 
6 286 284 1191 285 904 287 
6 1187 1188 1002 1863 2478 2476 
6 926 1366 1901 1855 2476 2478 
5 1117 1775 2240 2327 2326 
6 288 289 291 1669 292 290 
5 290 288 1894 2314 2306 
6 1116 1117 1775 1774 1670 925 
5 292 1035 1774 1670 1669 
4 292 290 2306 1035 
5 94 295 294 293 806 
6 295 294 177 1750 2323 2313 
6 94 295 2313 2312 296 90 
5 296 1724 1879 2322 2312 
6 116 268 70 1565 1850 1877 
6 116 268 2236 2224 2113 2112 
6 872 873 1851 1878 2116 2117 
5 298 299 297 872 873 
6 1212 1213 1331 1897 1960 1097 
5 909 1097 1212 2488 2484 
5 909 1783 2491 2487 2484 
6 300 1674 1907 1892 1809 1810 
5 303 302 301 1674 1907 
4 303 1135 1892 1907 
5 1809 1820 1847 1135 1892 
6 304 302 303 1135 1847 1846 
5 310 312 311 885 1745 
6 311 885 1799 306 1936 1937 
5 307 306 1936 1872 1645 
6 312 311 1937 1871 1124 314 
5 307 306 1799 1776 305 
5 308 305 307 1645 1864 
4 314 313 1710 1124 
5 313 309 308 1864 1710 
6 308 305 1776 1745 310 309 
5 313 309 310 312 314 
5 1322 1323 315 2044 227 
6 318 907 1255 1442 316 2043 
5 227 229 318 2043 2044 
6 317 316 1442 1441 1875 1876 
5 1044 1254 1441 1875 1811 
5 315 317 1876 1089 1323 
6 65 231 1322 1323 1089 1088 
5 317 316 2043 2044 315 
6 229 318 907 906 65 231 
5 76 78 1733 1734 319 
5 319 321 1095 1534 1734 
6 303 1135 1384 1095 1534 1726 
5 77 71 1833 1893 1127 
6 1725 1726 303 1907 1906 140 
5 76 319 321 320 75 
5 140 980 78 1733 1725 
5 320 321 1095 1384 1385 
5 75 320 1385 1127 77 
6 1257 1926 2527 2525 2028 2025 
6 322 1428 2550 2549 785 1773 
5 1218 1219 2182 2115 2165 
5 323 133 132 2156 828 
5 51 828 323 1261 1260 
5 1219 2177 52 2181 2182 
5 323 133 2166 2135 1261 
5 1218 1219 2177 2156 132 
6 326 723 1408 327 950 1066 
5 325 327 950 1730 1186 
6 324 859 1054 1067 1731 1236 
5 325 1186 1237 330 1304 
5 324 329 330 1237 1236 
6 328 329 324 859 1292 1293 
5 328 1288 1408 723 1293 
5 326 723 1293 1292 1055 
5 1054 1055 326 1066 1067 
5 325 327 1408 1288 1304 
4 1054 1055 1292 859 
5 329 330 1304 1288 328 
5 333 332 1866 2533 2537 
5 1399 1484 2155 2533 2537 
6 331 25 1929 1930 1111 1110 
6 331 25 1483 1484 1399 1098 
4 958 1098 331 1110 
6 332 1111 1930 1932 1865 1866 
5 333 332 1111 1110 958 
5 333 958 1098 1399 2537 
4 276 339 337 774 
5 338 336 334 950 1066 
5 342 343 1067 1066 338 
5 343 1067 1731 1780 1388 
5 337 335 341 1841 339 
6 340 334 950 1730 1719 275 
5 345 344 346 238 788 
5 351 349 345 788 789 
6 345 344 348 1100 266 349 
5 350 347 1421 1152 1210 
5 1609 2228 2279 2330 2331 
5 352 124 1560 1491 854 
6 853 854 352 2243 2216 354 
5 853 854 1491 1492 353 
5 354 853 353 1718 1720 
5 125 301 1674 2506 2505 
5 300 355 2515 2506 1674 
5 359 304 1846 1834 1090 
5 60 358 356 1378 843 
7 60 358 2244 2217 357 2292 2291 
4 357 1836 2394 2292 
5 361 1462 1083 2415 2419 
6 361 958 1110 1172 1504 1462 
6 331 141 148 1778 1099 1098 
5 144 141 331 1110 1172 
5 821 822 1694 1699 142 
5 360 174 709 2416 2417 
4 360 174 175 1777 
5 148 143 175 1777 1778 
6 361 958 1098 1099 2420 2419 
5 1083 1462 1504 822 1694 
6 1777 1778 1099 2420 2417 360 
5 817 1500 2130 2218 2201 
5 365 367 817 1500 792 
5 362 363 364 765 366 
5 362 363 895 1664 1663 
6 366 362 1663 1812 2218 2130 
5 1615 1664 895 1800 1801 
5 363 364 1839 1800 895 
6 840 1020 1761 1801 1615 1813 
5 1812 1813 840 2201 2218 
5 367 817 2201 840 1020 
5 366 765 792 1500 2130 
5 365 367 1020 1761 1840 
6 364 765 792 365 1840 1839 
6 368 293 294 63 906 907 
5 294 63 900 901 177 
5 65 231 176 901 900 
6 374 369 372 1320 1321 1677 
4 371 373 764 1018 
5 1138 1139 1320 372 1383 
7 373 370 2129 2128 343 342 371 
5 335 341 1139 1320 1321 
5 343 1388 1607 2141 2128 
6 376 375 889 939 987 777 
5 888 889 375 1489 1488 
6 376 375 1489 1352 2050 2049 
7 377 378 380 1177 952 855 379 
5 379 855 2250 2249 1764 
4 855 952 1357 2250 
6 383 710 1025 1179 2229 2400 
4 381 382 1179 2229 
5 386 382 1179 1025 384 
5 385 1223 1290 2405 2407 
6 1146 1147 852 2406 2405 1290 
5 390 387 1544 1873 1109 
5 387 389 1132 1545 1544 
5 390 387 389 391 388 
6 390 388 151 156 1108 1109 
5 151 388 391 1081 1080 
5 391 389 1132 1131 1081 
7 392 223 706 1438 1545 1132 1131 
5 392 903 1080 1081 1131 
4 392 223 902 903 
5 258 759 1024 1819 1205 
6 1205 1819 1979 2006 1904 1961 
5 258 257 1962 1961 1205 
5 394 796 1372 2352 1644 
5 1643 1644 2352 2355 2429 
5 1115 1217 2428 2429 1643 
6 1183 1297 121 2428 2429 2355 
5 393 178 1423 396 395 
6 393 178 1371 1372 796 795 
5 395 393 795 397 398 
5 1114 1115 1643 1644 394 
5 795 796 394 1114 397 
5 396 395 398 1216 122 
6 398 397 1114 1115 1217 1216 
5 122 121 1297 1423 396 
5 405 403 401 400 1376 
5 400 399 968 1377 1376 
6 401 400 399 1551 1722 404 
6 405 791 1550 1259 1377 1376 
5 402 407 1551 1722 1636 
5 403 401 404 1479 1499 
5 407 406 968 399 1551 
5 406 968 1377 1259 1258 
4 402 941 1453 1636 
6 407 406 1258 1549 941 402 
5 405 403 1499 1498 791 
6 1478 1479 404 1722 1636 1453 
7 745 936 1285 1469 1468 769 971 
6 408 409 770 1403 1539 1039 
4 769 770 1403 971 
4 769 770 409 1468 
5 408 1039 1355 2450 2452 
5 1039 1355 1870 921 1539 
5 1285 1469 2453 2451 2454 
6 408 409 1468 1469 2453 2452 
6 1355 1870 1982 2454 2451 2450 
5 745 921 1870 1982 936 
6 411 851 2060 2029 1628 1627 
5 164 851 2060 2061 1754 
5 412 1487 1628 2029 2030 
5 411 410 852 2406 1627 
5 410 165 1045 1147 852 
5 164 165 410 411 851 
5 1290 1291 412 1487 2405 
7 412 1291 1556 1753 1754 2061 2030 
5 799 911 1071 1769 1695 
5 1070 1071 911 1208 1209 
5 414 413 10 1695 799 
5 414 413 1623 215 218 
7 414 218 1739 1740 1208 911 799 
5 417 899 744 1266 1267 
7 415 417 899 1368 1293 723 724 
4 415 417 1267 418 
6 187 416 1046 744 1266 758 
6 418 87 93 758 1266 1267 
5 88 87 418 415 724 
5 187 416 328 1288 1662 
5 328 416 1046 1368 1293 
5 723 724 88 1407 1408 
6 775 776 1152 1421 2247 419 
5 419 853 353 2401 2247 
4 421 776 1152 1279 
5 1280 1422 2398 2412 2411 
6 1279 1280 2411 1721 1431 421 
5 354 420 775 419 853 
5 354 420 1431 1721 1720 
5 775 776 421 1431 420 
5 353 1718 2412 2398 2401 
5 387 1544 1928 1949 1923 
5 387 389 2230 1922 1923 
6 389 1132 1957 2091 2202 2230 
4 1343 1545 1132 1957 
5 2017 2018 977 2091 2202 
5 1343 1475 977 2091 1957 
5 427 2496 2498 1443 2514 
7 426 422 423 2497 2499 1530 1229 
6 1443 1529 1767 938 2513 2514 
6 260 424 425 1765 1767 938 
5 262 260 424 1733 1725 
6 426 422 1734 1733 424 425 
4 422 423 1534 1734 
6 423 1534 1726 427 2496 2497 
6 1725 1726 427 2514 2513 262 
4 426 425 1765 1229 
4 434 435 1350 825 
6 862 912 825 1350 1351 1886 
6 435 428 1974 1896 1351 1350 
5 1885 1886 1351 1896 1955 
4 429 1340 1956 1975 
5 432 433 434 825 912 
5 862 912 432 1195 1194 
5 914 1194 862 1886 1885 
5 1194 1195 1050 1518 914 
5 430 433 432 1195 1050 
6 435 428 431 430 433 434 
5 431 428 1974 1975 429 
6 431 429 1340 1518 1050 430 
5 272 957 1374 2147 2171 
5 146 145 957 1374 1646 
5 436 443 985 986 960 
6 437 440 443 436 1112 1113 
6 439 438 1112 436 960 959 
5 441 442 1040 437 1113 
4 438 441 1113 1112 
5 437 440 1600 1601 1040 
6 439 438 441 442 858 857 
4 439 857 444 959 
5 442 858 445 1601 1040 
4 440 443 985 1600 
5 444 446 445 858 857 
5 444 446 986 960 959 
6 446 445 1601 1600 985 986 
5 217 447 1566 2468 2470 
6 217 447 1121 1522 2461 2460 
5 447 1121 1904 1961 1566 
7 1521 1522 2461 2463 1447 1704 1703 
6 1448 2431 2470 2468 2371 2552 
6 4 1889 1962 2371 2552 2551 
6 448 754 1606 2015 1973 1635 
5 1096 2015 1606 2492 2494 
5 449 1367 1085 1436 1435 
5 1334 1335 1096 2015 1973 
5 450 929 1128 1595 1596 
5 314 712 1174 1463 1124 
5 451 928 1613 1612 1940 
6 451 450 1596 1818 1938 1940 
4 451 450 929 928 
5 313 1610 1667 1772 1710 
5 1494 1610 1667 1613 1612 
6 314 313 1610 1494 1533 712 
6 1124 1463 1595 1128 1772 1710 
4 453 322 1773 1852 
6 740 1451 1506 739 1924 2526 
5 452 740 2526 2525 2028 
5 105 1630 1786 1729 2021 
6 1814 2009 2021 105 2074 2108 
5 1156 1313 2016 2015 1606 
6 454 1235 1156 1606 2492 2493 
5 287 455 2061 1754 1900 
6 1234 1235 454 2060 2061 455 
6 1312 1313 2016 1985 2002 286 
5 454 2060 851 2495 2493 
5 162 1096 2015 2016 1985 
6 162 164 851 2495 2494 1096 
5 287 455 1234 1312 286 
4 2012 2013 460 2235 
7 1827 1994 2012 2235 2234 2100 2099 
7 459 456 457 1993 1994 1827 753 
6 456 375 889 458 461 457 
4 459 456 375 376 
5 1389 2100 2234 2332 2333 
5 458 889 939 2335 2334 
7 460 461 458 2334 2332 2234 2235 
5 459 376 777 804 753 
5 939 987 1389 2333 2335 
4 753 804 2099 1827 
5 461 457 1993 2013 460 
6 355 1933 1942 2500 2516 2515 
5 465 416 1046 1305 1037 
6 465 882 1043 1129 263 1037 
6 824 935 1175 1176 464 1239 
6 464 462 463 744 1266 1239 
5 463 744 1046 1305 1415 
5 462 463 1415 1064 923 
5 464 462 923 1130 1176 
5 187 416 465 882 841 
5 923 1064 263 1129 1130 
5 705 1324 2101 2123 2105 
5 773 1708 1117 2326 2316 
6 1116 1117 1708 1707 2345 2344 
5 402 1077 270 1637 1636 
5 271 270 1637 1457 468 
7 271 468 964 965 1242 2457 2456 
4 467 751 965 1242 
5 466 467 1242 2457 2459 
5 468 964 1822 1723 1457 
6 466 467 751 1821 1551 407 
6 402 407 466 2459 2458 1077 
5 469 364 363 2370 2469 
5 469 364 1839 470 2214 
6 2213 2214 469 2469 2468 1566 
5 363 895 1452 2372 2370 
5 470 953 1178 1800 1839 
5 815 1178 1800 895 1452 
6 258 953 470 2214 2213 1205 
6 257 815 1452 2372 2371 1962 
5 436 960 1106 1105 2467 
4 414 711 2466 799 
5 436 1112 711 2466 2467 
7 1695 1696 2245 1105 2467 2466 799 
6 414 413 471 438 1112 711 
6 439 959 2307 2315 1857 1450 
5 413 10 17 1449 471 
5 439 438 471 1449 1450 
5 17 14 1857 1450 1449 
5 14 1696 2245 2315 1857 
7 475 474 1409 2450 2452 1697 1510 
5 1039 1355 1410 1441 1875 
6 474 833 1442 1441 1410 1409 
5 317 476 1591 1590 1876 
6 317 316 472 477 473 476 
5 475 474 833 472 477 
4 316 472 833 1442 
5 1590 1591 1697 2452 408 
4 477 473 1510 475 
5 408 1039 1875 1876 1590 
5 473 476 1591 1697 1510 
5 282 283 478 1318 1524 
5 282 890 1326 1683 1524 
5 398 397 1683 1326 480 
5 397 1114 1318 1524 1683 
5 398 480 779 1202 1216 
5 479 478 283 1459 1532 
5 479 1115 1217 1531 1532 
5 479 478 1318 1114 1115 
5 480 779 1092 890 1326 
6 1347 1417 481 1652 1698 1568 
5 481 1652 2453 2451 2449 
7 949 1409 2450 2451 2449 2529 2531 
4 481 1417 2529 2449 
5 1567 1568 1347 2071 2070 
5 131 475 474 1250 1249 
4 474 1250 949 1409 
5 131 475 1510 1567 2070 
6 1347 1417 2529 2531 1317 2071 
4 1068 1911 2351 2380 
5 1659 1660 1068 1911 2360 
5 210 948 768 1295 1296 
5 1275 1296 210 2349 2379 
5 768 1295 1665 1571 1348 
5 208 948 768 1348 1418 
6 1348 1418 2364 2360 1659 1571 
4 206 208 1418 2364 
6 2350 2351 1911 2360 2364 206 
5 482 909 1783 1784 1381 
5 482 468 271 1411 1381 
5 482 468 964 1097 909 
5 116 268 1411 1381 1784 
5 964 965 1738 1960 1097 
5 1242 1243 1634 1738 965 
5 1485 1486 1437 2458 2459 
5 483 466 2459 1485 897 
5 484 1180 1486 1437 1713 
5 406 483 897 898 1258 
4 406 483 466 407 
5 28 484 1713 1502 1281 
5 402 941 1281 1502 1077 
6 28 484 1180 898 1258 1549 
4 1386 1387 2383 2304 
6 756 813 1133 1434 2304 1386 
5 1387 2383 2387 2392 2397 
6 787 1598 1802 2393 2391 2381 
6 1434 1758 1803 2387 2383 2304 
5 1802 1803 2387 2392 2393 
5 787 813 1133 1757 1598 
5 162 1096 1335 2038 2037 
5 485 1336 1380 2037 2038 
5 168 485 2038 1335 1334 
5 842 884 167 2542 2546 
5 168 485 1336 884 167 
5 1984 1985 2016 2546 842 
5 866 867 333 2537 2536 
5 1398 1399 2537 2536 1430 
5 486 361 958 333 867 
5 83 970 2272 2420 1099 
5 486 190 2251 2419 361 
5 192 190 486 867 866 
5 1098 1099 83 1398 1399 
5 487 378 377 1682 1681 
5 296 803 826 488 1724 
5 90 296 803 2343 2342 
6 800 844 1807 1797 1439 1440 
5 490 489 814 2022 905 
5 844 905 2022 2014 1807 
6 491 493 1586 1587 492 982 
5 492 1306 2108 2074 1587 
5 435 428 1909 1920 1684 
5 494 769 1468 1909 1920 
6 495 320 1385 1350 435 1684 
5 1351 1384 1095 1766 1896 
6 409 770 321 1095 1766 1806 
6 409 1468 1909 428 1974 1806 
6 320 321 770 769 494 495 
4 495 494 1920 1684 
5 496 1592 1939 1941 1746 
5 439 857 1184 1594 1450 
5 290 288 996 1592 1939 
7 444 959 2307 2306 290 1939 1941 
5 497 996 288 1894 1895 
6 497 967 1594 1450 1857 1895 
5 497 967 496 1592 996 
5 496 967 1594 1184 1746 
5 444 857 1184 1746 1941 
5 499 887 1149 1150 1379 
5 887 1149 1997 2027 2018 
5 498 212 1573 1574 500 
6 501 814 2022 2023 2301 2302 
4 501 778 489 814 
5 501 778 2404 2139 2302 
4 713 2023 2301 2176 
6 250 251 905 2022 2023 713 
6 250 713 2176 2175 1084 1073 
5 1073 1074 502 2399 1084 
6 490 503 502 1074 251 905 
4 503 502 2399 2410 
6 490 489 778 2404 2410 503 
6 913 1201 1265 1473 2124 2125 
4 1473 2124 1299 2357 
6 511 506 504 1625 1481 1482 
5 504 254 846 847 1625 
6 506 504 254 808 992 513 
5 509 507 1481 1625 847 
4 510 512 505 2254 
5 505 511 1482 2266 2254 
5 512 505 511 506 513 
6 510 991 1118 1119 2266 2254 
5 507 1119 2266 1482 1481 
6 807 808 992 991 1118 508 
5 509 507 1119 1118 508 
5 509 508 807 846 847 
5 512 513 992 991 510 
6 1232 1233 763 1577 1432 832 
5 514 715 1233 763 869 
6 352 124 831 832 1232 714 
5 714 715 514 854 352 
5 514 854 1491 870 869 
5 870 1491 1560 1509 1576 
5 1964 2079 2012 2235 2241 
5 213 279 515 2241 1964 
5 119 515 279 2098 2104 
6 117 119 515 2241 2235 460 
5 117 460 2013 1869 943 
5 519 520 1327 1137 919 
5 518 517 516 2276 2268 
4 2275 2276 516 2485 
5 1052 1053 1136 1137 919 
4 480 779 1053 1136 
5 517 516 2485 2489 128 
5 519 520 2294 2268 518 
6 517 128 1052 919 519 518 
5 1136 1137 1327 1326 480 
6 1326 1327 520 2294 2293 890 
7 522 1310 1562 1561 282 1524 1525 
4 521 523 522 1310 
5 524 521 1310 1562 1359 
6 524 521 523 525 2472 2474 
5 523 522 1525 830 525 
5 937 1319 526 2474 2472 
6 527 526 2474 524 1359 1363 
4 525 830 937 2472 
5 283 478 527 1363 1231 
5 527 526 1319 1318 478 
5 1085 1367 1559 1640 2172 
5 1639 1640 2172 2171 272 
6 273 738 1358 1559 1640 1639 
5 534 530 1256 1533 712 
4 312 314 712 534 
5 511 532 531 529 505 
5 511 532 1494 1610 1482 
6 313 309 2267 2266 1482 1610 
6 528 530 534 312 310 533 
5 528 529 531 1256 530 
6 533 528 529 505 2254 2255 
5 310 533 2255 2267 309 
5 532 531 1256 1533 1494 
5 538 535 2109 2222 2200 
5 537 692 746 1859 1860 
5 537 692 2109 535 972 
5 755 926 1858 1650 1206 
5 692 746 1651 2222 2109 
5 536 538 2200 1206 755 
6 536 755 926 2478 2479 973 
5 538 535 972 973 536 
5 972 973 2479 1860 537 
6 125 301 302 427 2514 2511 
6 230 356 358 714 1232 1003 
5 358 714 352 2243 2244 
5 302 427 2496 359 304 
5 501 814 1257 2025 990 
6 296 803 539 1160 1161 2312 
5 539 1148 1342 1181 1160 
5 539 803 826 540 1148 
6 817 818 540 1148 1342 1500 
5 488 541 818 540 826 
5 488 541 1905 1879 1724 
5 817 818 541 1905 367 
5 365 367 1905 1879 2322 
6 365 792 1182 1161 2312 2322 
5 1181 1182 792 1500 1342 
6 456 375 1489 1487 412 542 
5 385 180 179 693 2407 
4 179 693 1352 2050 
6 385 180 1011 1012 1224 1223 
6 693 1352 1489 1487 2405 2407 
6 456 542 1107 1224 1012 459 
5 459 376 2049 1011 1012 
4 542 412 1291 1107 
6 543 811 2290 2301 2176 1406 
4 543 545 1402 1406 
4 380 544 487 378 
5 546 1448 2431 2432 2433 
6 265 546 1448 1447 2426 2425 
4 1538 2426 1447 2463 
6 265 546 2433 2434 1060 1059 
7 734 735 1287 1740 1538 2426 2425 
5 735 1060 2434 1157 1287 
4 327 950 334 2337 
6 325 327 2337 2336 801 845 
5 800 801 2336 547 1440 
6 844 845 325 1186 1808 1807 
5 1719 1730 1186 1808 1796 
5 340 334 2337 2336 547 
5 340 547 1440 1439 275 
5 1168 1330 1751 1735 2011 
6 1168 2011 2260 2226 518 2268 
5 548 549 1548 1752 748 
5 520 548 748 1329 2294 
6 549 550 2226 2260 1736 1548 
5 520 548 549 550 519 
5 1329 1330 1168 2268 2294 
4 519 550 2226 518 
5 757 988 551 1270 1455 
6 551 1270 2212 2211 1861 1527 
5 1270 1455 2239 2257 2212 
5 551 988 1902 2076 1527 
5 1862 2053 2106 2206 2192 
5 2192 2206 2258 2256 2210 
5 1861 1862 2192 2210 2211 
5 757 1455 2239 2259 2094 
6 2093 2094 2259 2258 2206 2106 
5 469 552 553 2207 2214 
5 217 447 2210 2256 219 
5 216 552 469 2469 2471 
5 447 1566 2213 2192 2210 
5 219 698 1789 2258 2256 
5 553 1789 2258 2206 2207 
5 552 553 1789 698 216 
5 554 338 336 555 917 
5 554 917 1075 1076 984 
5 555 556 2341 1075 917 
5 1103 2338 556 2341 2340 
6 1407 1408 327 2337 2338 1103 
5 554 338 1066 326 984 
6 555 556 2338 2337 334 336 
6 88 724 1076 1075 2341 2340 
5 723 724 1076 984 326 
6 561 557 2329 2325 820 819 
5 557 559 1394 2237 2329 
5 561 557 559 493 491 
5 493 559 1394 767 1586 
5 558 106 1587 492 560 
5 558 323 828 827 106 
7 560 558 323 1261 820 819 983 
4 1260 1261 820 2325 
5 561 491 982 983 819 
4 492 560 983 982 
5 562 1349 1897 1960 1738 
5 211 993 1248 1655 1700 
5 1032 1197 1967 2116 2117 
6 458 1005 2102 2101 1467 2334 
4 1324 1497 1467 2101 
5 888 889 458 1005 976 
5 366 362 1019 1543 1493 
5 563 564 1823 1750 2323 
6 563 564 1682 1681 1761 1840 
5 365 1840 563 2323 2322 
6 64 426 425 2228 2279 2263 
4 426 422 762 64 
5 76 319 1404 1945 1946 
5 725 1706 1609 2331 1947 
5 424 425 2228 1609 1706 
5 78 725 1706 424 1733 
5 1944 1945 1404 1986 2077 
6 422 762 1986 1404 319 1734 
5 2240 2246 1943 2308 2327 
5 1696 1770 1943 2246 2245 
4 864 1144 2221 2219 
5 544 487 1681 1761 1801 
5 536 538 1158 1908 1325 
6 536 755 2153 2152 1917 1325 
5 1158 1159 2362 2200 538 
5 1206 1207 2114 2153 755 
5 1159 1425 2265 2358 2362 
5 1425 2067 1123 2269 2265 
5 2126 2127 2019 2269 1123 
5 749 1207 2114 2127 2019 
5 749 2019 2269 2265 2358 
5 403 401 61 756 1386 
6 566 565 405 403 1386 1387 
5 401 400 955 954 61 
4 565 405 1376 1211 
6 400 955 1017 1016 1211 1376 
5 566 565 1211 1016 863 
5 566 863 2395 2397 1387 
5 465 416 328 329 1626 
6 324 329 1626 1572 1614 1286 
5 859 1185 1120 1369 1292 
4 465 1037 1572 1626 
5 1120 1185 1286 1614 1444 
4 324 859 1185 1286 
6 944 1234 1312 793 1890 1854 
5 233 232 285 1191 1192 
5 232 285 904 732 1048 
5 567 455 287 904 732 
5 567 732 1048 1919 1869 
6 567 455 1234 944 943 1869 
5 233 1192 1891 2483 2482 
6 284 793 1890 1891 1192 1191 
4 286 284 793 1312 
4 1124 1463 1173 1871 
6 537 692 2159 1173 1871 1872 
6 896 1300 1128 1595 2160 1641 
5 896 1269 1859 746 1641 
5 1638 1645 1872 537 1860 
5 692 746 1641 2160 2159 
5 1859 1860 1638 2446 1269 
5 568 546 1448 2552 2553 
5 1447 1704 1332 2427 2426 
4 161 805 761 2507 
6 1007 1171 1523 761 2507 2509 
5 1588 1589 2188 2187 49 
4 1007 1247 569 2509 
4 782 783 1246 1170 
7 161 2167 2524 2522 569 2509 2507 
7 783 823 2521 2522 569 1247 1246 
4 823 2137 2523 2521 
5 767 1199 1405 570 1394 
6 570 1225 1878 1851 559 1394 
6 1633 1707 2345 2415 2419 2251 
5 138 140 1725 262 261 
5 861 862 1886 1847 1820 
5 572 1867 1949 1923 1916 
6 571 1284 1948 1949 1867 1868 
5 236 1370 1513 571 1868 
5 1283 1284 1948 2027 1997 
5 278 214 1996 1997 1283 
5 1283 1284 571 1513 278 
6 1915 1916 572 2003 1981 37 
5 1867 1868 236 2003 572 
5 1203 1204 159 2072 2073 
5 961 1688 1844 1830 1825 
5 82 1102 1262 961 1688 
5 514 869 1026 1619 999 
4 573 763 1233 1226 
6 58 574 1226 1233 715 57 
4 130 574 58 716 
5 130 574 1226 573 129 
6 129 573 763 869 1026 940 
5 57 715 514 999 998 
4 940 1026 1619 1743 
5 998 999 1619 1743 1189 
5 580 691 1582 1078 918 
5 579 691 580 1018 764 
6 917 918 1078 1148 539 1075 
6 554 371 373 577 578 984 
6 554 371 1018 580 918 917 
6 576 579 691 1582 1342 1181 
6 575 578 577 576 1181 1160 
5 1075 1076 575 1160 539 
4 575 578 984 1076 
5 576 579 764 373 577 
6 1535 1888 1866 2533 2535 1990 
5 333 332 584 581 867 
6 866 867 581 881 1302 1301 
6 584 581 881 1142 586 1515 
4 1301 1302 868 1356 
5 582 1164 1535 1990 1992 
6 583 582 1992 1991 1356 868 
6 583 868 1302 881 1142 1143 
5 583 582 1164 585 1143 
5 332 584 1515 1888 1866 
6 585 586 1515 1888 1535 1164 
4 585 586 1142 1143 
6 495 798 1503 1273 1685 1684 
5 34 1282 1273 1685 1466 
6 494 587 2284 2283 1921 1920 
5 495 494 587 269 798 
5 269 587 2284 1637 270 
6 1453 1454 2283 2284 1637 1636 
5 1281 1282 1273 1503 1502 
5 34 1454 2283 1921 1466 
4 588 1033 421 1431 
5 185 720 1255 1442 833 
5 589 1222 1254 1441 1410 
6 184 185 833 474 1250 245 
5 1175 1176 949 1250 245 
6 464 589 1410 1409 949 1176 
4 464 589 1222 1239 
6 720 824 1239 1222 1254 1255 
6 246 590 2089 2047 1816 1831 
6 246 590 1221 1373 104 1552 
5 590 1221 1564 1950 2089 
5 103 105 2021 2020 48 
5 104 103 48 47 1552 
6 242 810 1737 1784 1381 1382 
5 74 1412 1316 1945 1946 
5 242 1382 1316 1945 1944 
5 1565 1850 2309 2331 1947 
6 591 452 740 741 2290 2289 
5 741 2290 811 2443 2444 
5 1652 2055 2081 1469 2453 
5 1988 1989 1396 2054 2080 
6 1285 1469 2081 2080 1988 1899 
5 592 1036 1898 1989 1396 
6 481 592 1396 2054 2055 1652 
5 481 592 1036 2455 2449 
4 593 1331 1897 1349 
6 993 1248 1918 1917 1325 1354 
6 594 891 2427 1332 1333 1009 
5 2426 2427 891 2475 1538 
6 524 2461 2463 1538 2475 2474 
4 524 1359 1522 2461 
5 594 526 2474 2475 891 
5 3 2 1010 1009 1333 
5 527 526 594 1009 1010 
5 2 1010 527 1363 1362 
6 211 993 1354 973 2479 2477 
5 595 972 537 1872 1936 
5 596 1141 307 1645 1638 
6 596 1141 1968 1967 1197 1198 
6 596 1198 2477 2479 1860 1638 
5 597 394 796 1471 975 
6 222 830 1525 1848 1578 942 
5 795 796 1471 706 1438 
5 221 937 1319 597 975 
6 397 795 1438 1578 1848 1683 
5 597 394 1114 1318 1319 
4 221 222 830 937 
4 963 995 1224 1012 
6 1993 1994 598 2019 2127 600 
4 600 599 457 1993 
4 1827 1828 598 1994 
4 456 542 599 457 
6 599 542 1107 2126 2127 600 
5 753 962 2270 1828 1827 
5 598 1828 2270 2269 2019 
6 962 963 995 1123 2269 2270 
5 459 753 962 963 1012 
5 576 837 1047 1182 1181 
6 366 765 1047 837 836 1493 
5 203 896 1269 1392 1271 
6 1392 1393 55 2445 2446 1269 
4 55 56 2083 1393 
5 203 896 1300 1604 1526 
6 1392 1393 2083 2085 2059 1271 
6 2051 2052 1065 2085 2083 56 
5 151 388 829 934 721 
6 391 601 880 1756 829 388 
5 118 1006 1397 1220 1155 
6 1005 1006 118 1884 2122 2102 
4 925 1116 2344 1470 
6 120 205 794 793 284 878 
6 607 606 602 603 1547 1546 
5 1191 1192 603 1547 1002 
5 602 603 1192 1891 604 
5 1890 1891 604 2092 2096 
6 605 209 205 794 2096 2092 
4 793 794 2096 1890 
5 605 209 2205 607 606 
5 602 604 2092 605 606 
5 1031 1546 607 2205 2204 
6 103 48 1170 1246 558 106 
6 132 2156 2183 1553 2169 2168 
5 558 323 133 783 1246 
5 104 54 2183 1553 1552 
6 148 149 2423 2422 608 1778 
5 419 609 1167 2248 2247 
5 400 399 1167 609 955 
5 419 609 955 1017 775 
5 968 969 2248 1167 399 
5 347 969 2248 2247 1421 
5 776 1016 1211 1210 1152 
5 1210 1211 1376 1377 350 
5 350 347 969 968 1377 
5 787 1029 1150 1574 1598 
5 59 812 1134 278 1283 
5 59 1030 1149 1997 1283 
6 534 712 1174 610 2540 2538 
5 274 610 2540 1374 957 
6 1639 1640 1622 1805 1817 697 
4 534 530 79 2538 
7 530 79 2146 2172 1640 1622 1256 
5 274 610 1174 1817 697 
6 1159 1425 871 2032 2148 2144 
4 1158 1159 2144 611 
5 466 467 612 613 483 
5 362 363 2370 1709 1019 
5 945 1474 2441 2442 1507 
5 486 867 581 1035 1774 
5 486 190 191 1775 1774 
6 1301 1302 1058 1528 1673 193 
5 1058 1105 2245 2246 1528 
6 1528 1673 191 1775 2240 2246 
6 581 881 1106 2307 2306 1035 
4 618 614 743 1617 
5 616 893 1140 743 1617 
5 615 893 1140 134 1958 
6 135 614 618 477 475 131 
5 135 134 1140 743 614 
6 616 617 473 477 618 1617 
5 615 1268 1567 2070 1958 
5 617 473 1510 1567 1268 
5 616 617 1268 615 893 
5 539 803 2343 2341 1075 
5 531 529 2439 2438 620 
6 531 620 856 1593 1622 1256 
6 80 619 1436 1085 2172 2146 
5 1435 1436 619 2436 2437 
6 620 856 449 1435 2437 2438 
5 528 529 2439 2440 688 
6 80 619 2436 2440 688 687 
5 530 79 687 688 528 
5 449 856 1593 1559 1367 
7 167 884 2324 2325 820 1716 1616 
4 747 1716 1616 2403 
5 173 204 2134 2135 1253 
5 173 204 2544 2543 2409 
5 1000 1001 842 2546 2545 
6 747 1253 2135 1261 820 1716 
5 871 1298 2305 2265 1425 
4 39 237 2385 38 
5 391 389 2230 2231 601 
5 740 741 2162 2528 2526 
6 2161 2162 741 2290 2301 2023 
5 501 990 591 2289 2302 
5 591 452 2028 2025 990 
5 1156 1606 754 2375 2373 
5 1122 1155 1220 454 1235 
6 1156 1235 1122 1599 2374 2373 
5 289 291 738 1358 997 
5 379 377 1682 564 924 
6 379 924 1365 1229 1765 1764 
5 564 924 1365 1364 1823 
6 623 622 522 1525 1848 1849 
5 622 522 1310 1311 621 
5 1310 1311 1843 1842 1562 
5 622 621 748 548 623 
5 621 748 1329 1843 1311 
5 520 548 623 1849 1327 
6 1842 1843 1329 2294 2293 9 
5 1413 1511 2179 2180 2005 
5 374 111 1307 1678 1677 
5 166 625 1154 485 168 
5 624 625 166 727 728 
6 872 873 557 2329 2328 1337 
5 624 299 297 1154 625 
7 561 298 299 624 728 1717 819 
4 561 557 873 298 
6 297 872 1337 1336 485 1154 
5 595 24 23 535 972 
5 24 18 1937 1936 595 
6 1173 1871 1937 18 1931 1932 
5 23 535 2109 2154 1263 
5 801 989 1289 2339 2336 
5 568 546 2433 2435 626 
5 1205 1819 1862 2192 2213 
5 447 1121 1768 2211 2210 
5 1861 1978 2007 1768 2211 
5 1048 1049 1207 2114 732 
4 755 926 1366 2153 
5 235 1049 1207 1206 1650 
5 232 285 1858 1650 235 
4 1110 1111 1345 1172 
5 274 610 1930 1111 1345 
4 146 147 1647 1646 
4 331 25 1711 141 
5 147 1597 26 2541 1647 
6 1929 1930 610 2540 2541 26 
5 589 1410 1355 1870 1969 
5 757 988 921 1870 1969 
6 589 1222 2034 2094 757 1969 
5 1039 1539 1987 1811 1875 
5 264 931 507 1481 1668 
6 244 847 1625 1626 465 882 
6 627 247 243 509 507 931 
5 263 264 931 627 1129 
4 627 247 1043 1129 
4 243 244 847 509 
5 1954 2123 2105 2136 2388 
6 1837 1838 1467 2101 2123 1954 
5 1803 1837 1954 2388 2387 
6 68 67 1785 1838 1467 1497 
5 686 2136 2388 2387 2392 
5 66 68 1497 1324 705 
5 67 1542 2393 1802 1785 
6 256 628 510 2254 2255 259 
5 255 256 628 543 545 
6 991 1118 1221 1564 1402 1406 
6 255 545 1402 1564 1631 733 
5 628 510 991 1406 543 
5 98 100 259 2255 2267 
5 1118 1119 101 1373 1221 
5 101 98 2267 2266 1119 
6 1837 1838 629 2242 2241 515 
5 119 515 1837 1954 1953 
5 1467 1838 629 2332 2334 
4 2234 2242 629 2332 
5 460 461 1006 118 117 
4 458 461 1006 1005 
6 422 423 630 1089 1088 762 
5 64 426 1229 1365 809 
4 630 1089 1323 1294 
4 423 630 1294 2497 
6 1963 2351 2380 2378 2375 2373 
5 448 754 2375 2378 2377 
6 1760 2376 2379 2349 2544 2543 
6 207 631 1313 2016 2546 2545 
5 1156 1313 631 1963 2373 
5 207 631 1963 2351 2350 
5 448 1635 1760 2376 2377 
6 632 311 312 534 2538 2539 
5 632 20 18 1937 311 
5 26 20 632 2539 2541 
6 610 1174 1463 1173 1932 1930 
4 872 1337 1032 2117 
5 598 1994 2012 2079 2185 
4 414 218 1686 711 
4 525 523 2464 1008 
6 911 1008 525 2472 2473 1208 
7 521 523 2464 2466 711 1686 1692 
5 524 521 1692 2460 2461 
5 406 483 613 969 968 
5 633 348 1100 734 735 
6 441 1113 1687 699 1653 1679 
5 441 442 1087 1680 1679 
6 698 699 1653 1654 1790 1789 
6 437 634 2257 2239 1214 1040 
5 437 634 1693 1687 1113 
5 1086 1214 2239 2259 1480 
5 442 1040 1214 1086 1087 
5 219 1693 634 2257 2256 
5 7 1 1063 1079 1420 
6 635 569 2509 2510 2517 2518 
6 635 569 1247 560 983 636 
6 492 560 1247 1007 1051 1306 
4 635 636 2065 2518 
6 1748 1749 1396 1989 2273 2253 
6 637 638 1466 1921 2080 2054 
4 1396 1749 637 2054 
5 29 1454 2283 2264 2170 
5 109 638 637 1749 1748 
5 31 34 1466 638 109 
5 1921 2080 1988 2264 2283 
5 1988 1989 2273 2170 2264 
6 1580 1581 1277 2320 2321 894 
6 894 1390 760 1656 2319 2321 
5 1127 1893 1473 2124 2110 
6 825 1350 1385 1127 2110 2111 
5 1265 1473 1893 1892 1809 
5 1135 1384 1351 1886 1847 
5 861 862 912 913 1201 
5 912 913 2125 2111 825 
5 739 1924 2346 2437 2436 
5 2194 2223 2155 2533 2535 
6 639 640 1651 2222 2223 2194 
5 639 640 1642 1535 1990 
4 639 1990 2535 2194 
5 1641 1642 640 1651 746 
4 570 1141 1968 1225 
5 307 305 1405 570 1141 
5 690 1062 1527 551 1169 
5 1168 1169 690 2276 2268 
5 1168 1169 551 1270 1330 
5 292 641 1346 1505 1669 
6 292 641 1818 1938 1939 290 
5 641 1346 697 1817 1818 
5 291 738 273 1505 1669 
4 288 289 997 996 
5 383 1492 353 2401 2400 
6 419 609 999 514 854 853 
5 383 710 870 1491 1492 
5 609 999 1619 1620 1167 
5 543 628 2441 2443 811 
6 380 544 1801 1800 1178 1177 
5 256 628 2441 1474 1023 
4 961 1262 1856 2359 
5 81 1125 1484 1399 1398 
5 81 82 1688 1689 1125 
5 1688 1689 2363 2359 961 
6 1125 1484 2155 2223 2363 1689 
4 343 1067 1054 2128 
4 370 838 700 2129 
5 577 578 1654 1653 839 
5 838 839 1653 1679 700 
5 373 370 838 839 577 
6 578 984 326 1055 1680 1654 
7 1054 1055 1680 1679 700 2129 2128 
4 554 371 342 338 
4 632 1093 946 2539 
5 643 642 1094 2 1010 
5 749 2019 598 2185 2186 
6 961 1825 2305 2265 2358 2359 
6 1856 2157 2186 749 2358 2359 
4 508 590 1221 1118 
6 508 590 2089 2090 252 807 
4 250 713 992 808 
5 252 1073 1084 1675 2090 
5 1401 1402 1564 1950 1676 
5 749 1207 1049 2095 2186 
5 567 600 1993 2013 1869 
5 567 600 2127 2114 732 
5 499 226 228 772 887 
5 2162 2189 2348 2347 2528 
5 1583 1771 2190 2189 2348 
5 1395 1583 1771 1808 1796 
5 1303 1304 1288 1662 183 
5 244 188 189 846 847 
5 504 330 329 1626 1625 
5 504 330 1304 1303 254 
6 23 535 538 1158 611 19 
4 536 973 1354 1325 
6 59 717 1052 919 1284 1283 
5 919 1137 1927 1948 1284 
7 644 574 58 1030 1149 887 772 
6 130 574 644 802 1136 1053 
5 644 772 977 1475 802 
5 626 1360 1709 1611 2435 
5 1611 2430 2432 2433 2435 
5 568 626 1360 1361 2553 
4 472 477 618 646 
5 645 647 500 498 1618 
5 476 281 280 617 473 
5 317 476 281 816 315 
5 616 617 280 736 737 
5 843 1029 1150 1379 1378 
4 644 574 1226 1227 
5 644 772 228 1004 1227 
6 1003 1004 1227 1226 1233 1232 
6 499 226 230 356 1378 1379 
5 60 358 714 715 57 
5 486 361 1462 1670 1774 
5 191 1632 1708 1117 1775 
5 181 368 907 1255 720 
6 472 646 1998 1925 185 833 
7 588 108 1835 1836 357 420 1431 
5 357 420 775 1017 2292 
7 421 776 1016 863 648 1034 1033 
4 648 863 2395 920 
5 648 920 1193 107 1034 
5 108 107 1034 1033 588 
5 308 305 1405 1199 979 
5 309 308 979 98 2267 
5 310 533 1972 2024 1745 
5 1971 1972 533 2255 259 
5 1456 1762 1353 1983 1970 
4 649 745 936 2056 
6 1270 1330 1751 1762 1456 1455 
5 1455 1456 1970 1969 757 
5 1168 1169 649 2056 2011 
6 649 745 921 988 551 1169 
6 577 576 837 1465 860 839 
5 836 837 1465 1464 718 
5 838 839 860 719 1621 
5 621 440 443 650 622 
5 437 634 1311 621 440 
5 443 650 2465 2467 436 
6 622 522 523 2464 2465 650 
6 1310 1311 634 1693 1692 521 
5 651 614 135 1629 1795 
5 134 1140 1244 2188 2187 
4 944 1122 1235 1234 
7 599 457 461 1006 1397 2029 2030 
5 454 1220 1397 2029 2060 
6 567 455 2061 2030 599 600 
4 300 355 1933 1810 
5 357 420 354 2216 2217 
6 431 428 1909 2081 2055 652 
4 408 409 1806 1590 
6 653 429 1975 1591 1697 1698 
4 431 429 653 652 
5 653 652 2055 1652 1698 
4 1468 1469 2081 1909 
4 379 855 1883 924 
6 1882 1883 855 2250 2280 2262 
5 1764 1765 425 2228 2249 
5 924 1365 809 1882 1883 
5 1833 1893 1473 2357 2354 
5 1021 1022 703 2133 2121 
6 654 655 2209 2208 703 1022 
6 1021 1022 654 1299 2357 2354 
6 77 1127 2110 655 2209 2198 
5 654 655 2110 2124 1299 
6 210 204 173 170 1166 1296 
5 1253 2135 2166 823 2521 
6 657 656 2000 2137 2523 695 
4 170 695 657 1166 
5 656 1295 768 1999 2000 
5 768 948 2115 2165 1999 
5 657 656 1295 1296 1166 
5 1628 2029 1397 2421 2418 
5 658 637 638 372 1320 
5 660 659 658 1320 1139 
5 434 435 1684 1685 1315 
6 638 372 1383 1315 1685 1466 
5 430 433 1138 1139 660 
5 433 434 1315 1383 1138 
6 658 637 2054 2055 652 659 
5 431 652 659 660 430 
4 207 631 794 205 
5 793 794 631 1313 1312 
6 332 584 641 1346 1345 1111 
5 292 641 584 581 1035 
4 1599 1602 1976 2374 
6 1602 1603 2064 2005 1413 1976 
6 1007 1051 1814 2009 2008 1171 
7 453 136 139 728 727 1787 1852 
5 136 137 1428 322 453 
5 139 728 1717 636 2065 
6 635 636 1717 1716 747 784 
6 635 784 2549 2550 2519 2518 
4 137 1428 2550 2519 
5 1063 1079 1228 642 1094 
4 632 311 885 1093 
6 418 661 62 2033 2034 1267 
5 661 62 63 294 295 
5 94 295 661 418 87 
5 96 181 368 293 806 
4 215 719 1621 1623 
5 718 1375 1611 2430 1464 
6 631 794 2096 2097 1977 1963 
6 605 2092 2173 1966 2361 2365 
5 605 209 206 2364 2365 
6 1910 1911 2351 1963 1977 1512 
4 1512 1977 2097 2174 
6 253 750 1072 989 801 845 
5 251 253 845 844 905 
4 655 910 1714 2209 
6 647 500 1574 1598 1802 1785 
5 629 645 647 1785 1838 
5 279 515 1837 1803 1758 
5 498 212 1965 1951 1618 
5 629 645 1618 1951 2242 
5 571 550 519 919 1284 
6 518 517 1460 1424 2227 2226 
5 662 126 128 517 1460 
5 662 849 2063 1424 1460 
5 2062 2063 1424 2227 1514 
5 662 126 1190 848 849 
6 571 550 2226 2227 1514 1513 
6 848 849 2063 2062 1134 812 
6 658 637 1749 2361 2360 1659 
6 663 1338 1568 1347 1348 1571 
5 663 659 652 653 1338 
4 653 1338 1568 1698 
5 659 658 1659 1571 663 
6 481 592 2365 2364 1418 1417 
5 592 1396 1749 2361 2365 
5 615 664 666 1339 1268 
5 656 664 615 1958 2000 
5 1347 1348 768 1999 2071 
6 656 664 666 665 1665 1295 
4 663 665 1665 1571 
5 663 665 666 1339 1338 
5 634 1311 1843 2212 2257 
5 667 668 649 745 971 
5 494 587 667 971 769 
5 1899 1988 2264 2277 2057 
5 667 668 2278 2284 587 
6 668 649 2056 2057 2277 2278 
6 951 1196 2530 2529 2449 2455 
5 607 1196 2530 2151 2205 
6 1417 1418 208 2151 2530 2529 
6 606 41 1036 592 2365 605 
5 607 606 41 951 1196 
5 1248 1655 1826 1585 1918 
5 384 593 1349 562 386 
6 434 825 2111 1648 1649 1315 
4 266 267 892 349 
5 345 344 1209 1208 2473 
5 633 348 344 1209 694 
4 633 694 1287 735 
5 891 892 267 2424 2427 
6 349 345 2473 2475 891 892 
5 252 916 1203 2073 2090 
5 246 590 508 509 243 
6 182 771 1204 159 1815 1832 
5 916 1014 771 1204 1203 
6 1583 1584 669 1658 1657 1395 
4 670 669 1658 1563 
5 1240 1241 1771 1583 1584 
5 1186 1237 1241 1771 1808 
5 670 669 1584 1240 966 
6 670 966 1236 1731 1780 1563 
5 601 880 2288 2287 2231 
4 390 388 829 1554 
6 390 387 1923 1916 1555 1554 
4 880 1756 1782 2288 
5 36 1162 1555 1916 1915 
6 1536 1537 2520 2517 2510 2508 
6 138 261 123 2505 2506 2503 
6 741 2162 2189 671 2442 2444 
5 2439 2440 1507 2442 671 
5 671 2189 2348 2438 2439 
5 403 1386 2304 2303 1499 
5 404 849 2063 2142 1479 
5 401 61 848 849 404 
4 672 661 295 2313 
5 672 661 62 2118 2119 
6 563 1887 2119 672 2313 2323 
5 563 564 924 1883 1887 
5 893 894 1390 1244 1140 
5 616 737 1580 894 893 
6 101 50 930 931 507 1119 
5 627 247 1553 2183 2184 
4 930 931 627 2184 
6 381 612 613 969 2248 2229 
5 382 751 1821 1620 1179 
5 612 467 751 382 381 
5 399 1167 1620 1821 1551 
5 237 224 1472 40 39 
5 662 126 1744 1822 1723 
5 964 1097 1212 1744 1822 
5 673 516 517 1460 1461 
6 673 516 2485 2484 909 482 
5 482 468 1457 1461 673 
5 1460 1461 1457 1723 662 
6 566 674 1845 2384 2383 1387 
6 413 471 700 838 1621 1623 
4 839 860 699 1653 
5 471 438 441 1679 700 
4 560 558 1246 1247 
6 1090 1091 1294 2497 2496 359 
6 630 1294 1091 1955 1896 1766 
4 302 427 1726 303 
5 423 630 1766 1095 1534 
5 45 1427 1514 2227 2261 
5 675 1274 1995 2143 2274 
5 675 44 45 1427 1274 
6 1424 2063 2142 2170 2264 2277 
6 675 44 1898 1989 2273 2274 
5 1424 2227 2261 2057 2277 
4 819 983 636 1717 
5 1569 1602 1976 1977 2097 
5 1569 1854 1890 2096 2097 
5 602 42 44 675 604 
4 606 602 42 41 
6 675 604 2092 2173 2252 2274 
6 978 979 308 1864 2448 2447 
5 930 931 264 2052 2051 
5 337 335 1321 1660 1666 
5 1068 1660 1321 1677 1678 
5 922 1275 2379 2376 1446 
5 337 774 922 1275 1666 
4 160 1041 2524 2167 
6 160 1041 2547 2548 1914 2297 
5 161 2298 1536 2508 2507 
4 635 569 2522 784 
6 596 1638 2446 2445 2232 2238 
6 596 1141 570 1394 2237 2238 
5 444 446 451 1940 1941 
5 446 451 928 1445 445 
5 445 858 1120 1444 1445 
5 857 858 1120 1185 1184 
5 1307 1678 1068 1911 1910 
5 109 638 372 369 110 
4 369 110 111 374 
5 1320 1321 1660 1659 658 
6 676 1701 1867 1949 1928 1874 
6 834 868 1356 1554 390 1109 
6 677 676 1874 1873 1109 834 
5 582 1701 1867 572 1992 
5 1555 1916 572 1992 1991 
5 677 676 1701 582 583 
4 677 583 868 834 
5 344 346 678 1070 1209 
6 200 198 1071 911 1008 220 
5 678 194 198 1071 1070 
7 225 221 937 2472 2473 345 788 
5 220 222 830 525 1008 
5 678 194 195 238 346 
6 86 1276 1570 1569 2097 2174 
5 1238 1603 2064 2219 2296 
5 1276 1570 1238 2296 2295 
5 1488 1489 1487 1628 2418 
5 430 660 1804 1824 1050 
5 341 1139 660 1804 1841 
6 496 670 669 856 1593 1592 
5 496 670 1563 1608 967 
7 384 593 1331 1213 940 1026 1025 
4 129 573 1151 1540 
4 351 349 892 2413 
6 351 789 908 1069 2414 2413 
5 974 975 597 1069 908 
6 594 526 1319 597 1069 2414 
5 891 892 2413 2414 594 
6 679 674 1845 864 1144 1145 
6 198 1071 1769 1770 1943 2069 
5 495 320 75 797 798 
5 269 587 667 1316 1412 
5 319 321 770 1403 1404 
6 667 971 1403 1404 1945 1316 
5 584 641 1818 1596 1515 
5 1943 2069 2286 1528 2246 
5 115 773 1708 1632 874 
6 417 1267 2034 2094 2259 1480 
5 553 680 672 2119 2207 
5 681 680 553 1789 1790 
6 672 661 418 415 681 680 
5 415 417 1480 1790 681 
5 1277 1278 1042 1495 1581 
6 2144 2145 1689 2363 2362 1159 
6 611 19 886 1126 2145 2144 
5 682 690 1062 242 1382 
5 667 668 682 1382 1316 
5 668 682 690 1169 649 
5 396 395 802 644 1227 
5 395 393 1343 1475 802 
6 1690 1691 236 1868 1702 202 
6 640 234 1742 1741 201 1642 
6 639 1990 1992 572 2003 2004 
6 1163 1164 582 1701 1702 202 
4 640 234 2004 639 
5 1163 1164 1535 1642 201 
5 597 394 1644 1251 1069 
5 479 478 527 1010 643 
5 1446 1520 1759 1760 2376 
4 620 856 669 1584 
5 1583 1584 620 2438 2348 
5 533 528 688 1517 1972 
6 675 604 1891 2483 2481 1274 
4 599 542 412 2030 
6 386 562 1738 965 751 382 
5 476 281 1956 1975 1591 
6 630 1089 1876 1590 1806 1766 
5 315 816 1091 1294 1323 
6 1953 1954 2388 2384 2296 1238 
5 651 614 618 646 1998 
6 1794 1795 651 1998 1925 186 
5 1249 1250 245 2197 2196 
5 650 622 623 676 677 
4 676 623 1849 1874 
5 650 677 834 835 2465 
6 220 731 835 2465 2464 1008 
4 22 1712 149 2423 
5 1251 1252 2353 2352 1644 
5 655 910 1648 2111 2110 
5 718 836 1493 1543 1375 
5 2177 2178 927 2532 1219 
5 927 2084 1196 2530 2532 
6 607 1196 2084 2083 1393 1546 
5 55 53 1031 1546 1393 
5 2083 2084 927 2178 56 
6 1269 1392 1547 1002 1863 1859 
4 596 1198 2203 2238 
6 621 440 1600 1715 1752 748 
5 834 835 1058 1302 868 
6 731 835 1058 1528 2286 2282 
5 512 513 2190 2189 671 
6 512 671 2442 2441 628 510 
6 513 992 713 2023 2161 2190 
5 471 700 2129 2140 1449 
5 280 617 1268 1339 1341 
6 653 429 1340 1341 1339 1338 
6 396 122 1151 573 1226 1227 
5 398 480 1136 802 395 
4 450 586 1515 1596 
7 585 586 450 929 1604 1526 1245 
5 201 203 896 1641 1642 
4 1163 1164 585 1245 
6 565 405 791 790 1145 679 
5 640 234 235 1650 1651 
6 603 1192 233 1742 1741 1272 
5 1271 1272 603 1547 1392 
5 1079 1228 1532 1459 1420 
5 496 670 966 1747 1746 
7 859 1054 2128 2141 1594 1184 1185 
5 324 1236 966 1747 1286 
5 608 84 83 1099 1778 
5 1839 1840 563 1887 470 
5 470 1887 2119 2207 2214 
5 469 552 1047 765 364 
6 552 553 680 1161 1182 1047 
5 680 672 2313 2312 1161 
4 339 683 1804 1841 
5 683 684 1101 1824 1804 
7 339 683 684 2320 2318 277 276 
5 684 1101 1278 1277 2320 
5 464 462 1970 1969 589 
5 462 463 1215 1456 1970 
6 463 744 899 1086 1214 1215 
4 417 899 1086 1480 
5 1375 1543 1019 1709 1611 
5 575 578 1654 1790 681 
5 1055 1292 1369 1087 1680 
5 681 415 724 1076 575 
4 1273 1649 1315 1685 
6 339 337 1666 1665 665 683 
6 683 665 663 659 660 1804 
6 684 666 1339 1341 1519 1101 
5 708 1042 1278 1101 1519 
5 664 666 684 2320 2321 
5 615 664 2321 894 893 
6 84 81 1125 1126 2422 608 
6 1688 1689 2145 2149 2046 1844 
5 532 531 620 1584 1240 
5 512 671 2439 529 505 
5 506 513 2190 1771 1241 
5 511 532 1240 1241 506 
6 952 953 470 1887 1883 855 
6 1980 2004 639 2194 2193 2158 
5 954 955 609 999 998 
5 404 849 662 1723 1722 
5 22 886 1126 2422 2423 
5 172 170 1166 1165 1853 
5 681 680 1161 1160 575 
6 450 586 1142 986 446 451 
5 1416 1445 445 1601 1575 
6 985 1143 585 1245 1715 1600 
5 1416 1575 1763 1579 1605 
6 1137 1327 1849 1874 1928 1927 
6 548 549 1702 1701 676 623 
5 571 550 549 1702 1868 
5 835 1058 1105 2467 2465 
4 679 674 566 565 
5 643 642 1228 1532 479 
5 89 97 1015 750 1072 
5 253 845 325 1304 1303 
5 668 682 673 1461 2278 
5 1457 1461 2278 2284 1637 
5 682 673 482 1381 1382 
5 463 1215 1575 1416 1415 
6 462 923 2086 2010 1983 1970 
4 557 559 1851 873 
6 1023 1474 945 1517 1972 1971 
5 673 516 2276 690 682 
6 927 1130 1176 949 2531 2532 
6 1129 1130 927 2178 2184 627 
5 945 1507 2440 688 1517 
4 684 666 665 683 
6 1165 1166 657 2319 2318 277 
5 657 656 664 2321 2319 
5 393 795 1438 1545 1343 
5 796 1372 40 1472 1471 
5 1252 2353 38 2385 2386 
5 216 552 1047 837 1465 
5 1518 1519 1101 1824 1050 
5 160 760 1656 696 1041 
5 695 696 1656 2319 657 
6 532 1240 966 1747 1612 1494 
5 506 504 330 1237 1241 
5 923 1130 927 2084 2086 
6 43 45 1427 1426 1691 1690 
4 549 1548 202 1702 
6 677 583 1143 985 443 650 
5 960 986 1142 881 1106 
5 602 42 702 1272 603 
5 442 858 1120 1369 1087 
5 685 686 2392 2393 1542 
5 1516 1517 1972 2024 932 
4 687 688 1517 1516 
5 821 822 1728 1727 689 
5 1146 1147 1045 1753 1556 
4 1242 1243 2225 2457 
6 1061 1062 690 2276 2275 1490 
5 1759 1760 2543 2409 2408 
5 692 2109 2154 1865 2159 
5 1208 1209 694 1287 1740 
6 1264 1265 1809 1810 1933 1942 
5 695 696 1041 2524 2523 
5 1931 1932 1865 2154 1263 
4 1865 1932 1173 2159 
4 1125 1126 2145 1689 
5 1271 1272 702 2058 2059 
5 1222 1239 1266 1267 2034 
5 2132 2133 703 2208 2199 
5 1447 1448 2552 2551 1704 
5 2371 2372 1361 2553 2552 
5 1219 2182 2151 2530 2532 
4 706 942 1578 1438 
5 752 956 1477 1476 1414 
4 708 947 1495 1042 
5 869 870 710 1025 1026 
5 1215 1456 1762 1763 1575 
5 1264 1942 2500 2501 2356 
5 1112 1113 1687 1686 711 
5 712 1174 1817 1805 1533 
5 991 992 713 2176 1406 
4 714 715 1233 1232 
5 1005 1006 1397 2421 976 
4 716 717 1190 1189 
6 1774 1775 2240 2314 2306 1035 
4 719 860 1465 1464 
5 766 767 1394 2237 2233 
5 954 955 1017 2292 2291 
5 1260 1261 2135 2134 726 
5 727 728 1717 1716 1616 
5 834 835 731 1108 1109 
5 1414 1476 1557 1737 2490 
5 732 904 1366 2153 2114 
5 733 1082 1705 1630 1631 
4 734 735 1060 1059 
6 736 737 1580 1581 1495 947 
5 1038 1419 2487 2484 2488 
5 1083 1462 1670 925 1470 
5 1421 1422 2398 2401 2247 
4 2449 2451 2454 2455 
5 1613 1614 1286 1747 1612 
5 1506 1507 2440 2436 739 
4 740 741 2444 1451 
5 742 1045 1753 1826 1655 
4 744 899 1368 1046 
5 745 921 1539 1403 971 
6 1650 1651 746 1859 1863 1858 
5 1980 2095 2186 2157 2158 
5 1157 1501 2432 2433 2434 
5 747 784 2522 2521 1253 
5 1329 1330 1751 1752 748 
6 1206 1207 749 2358 2362 2200 
5 915 916 1014 1015 750 
5 964 965 751 1821 1822 
5 1064 1065 1605 1416 1415 
6 1386 1387 2397 2396 2382 756 
5 757 988 1902 2093 2094 
6 1133 1134 2062 1995 1433 1434 
4 758 824 1239 1266 
5 1105 1106 881 1302 1058 
5 759 1024 2280 2250 1357 
5 1214 1215 1575 1601 1040 
5 761 805 1589 1588 1523 
6 1086 1087 1680 1654 1790 1480 
5 762 1088 1811 1987 1986 
5 871 1298 1829 2045 2032 
5 869 870 1576 1577 763 
5 1538 1740 1208 2473 2475 
5 1650 1651 2222 2200 1206 
4 765 792 1182 1047 
6 977 1475 1927 1948 2027 2018 
4 772 887 2018 977 
5 1225 1878 2116 1967 1968 
4 775 776 1016 1017 
5 779 1092 1458 1328 1202 
5 1508 1509 1576 1577 1432 
6 797 798 1503 1714 2209 2198 
4 1433 1671 2143 1995 
5 799 911 1008 2464 2466 
4 800 801 845 844 
4 1735 1736 2260 2011 
5 1136 1137 1927 1475 802 
5 1329 1330 1270 2212 1843 
5 1002 1188 1031 1546 1547 
5 900 901 1364 1365 809 
5 810 1737 1557 2311 2310 
5 1092 1458 1038 2488 2489 
4 812 813 1133 1134 
5 814 1257 1926 2014 2022 
4 819 820 1716 1717 
5 1635 1760 2543 2542 1973 
6 1068 1660 1666 1275 2379 2380 
5 933 934 829 1756 1755 
5 1336 1337 1032 1496 1380 
6 830 937 1319 1318 1524 1525 
5 1243 1634 2113 2224 2225 
4 831 832 1432 1508 
5 1065 1605 1579 2059 2085 
4 959 960 1106 2307 
6 943 1869 1919 2482 2483 2103 
5 841 882 1043 1175 935 
5 1179 1620 1167 2248 2229 
6 1016 1017 2292 2394 2395 863 
6 1024 1819 1862 2053 2262 2280 
6 1046 1305 1444 1120 1369 1368 
5 864 1845 2384 2296 2219 
6 1149 1150 1574 1573 1996 1997 
4 876 1024 1819 1979 
5 1222 1254 1044 2033 2034 
4 877 878 1188 1187 
5 1212 1213 940 1743 1744 
5 1125 1126 886 1483 1484 
4 926 1858 1863 2478 
6 896 1269 2446 2448 2048 1300 
5 897 898 1180 1486 1485 
5 1086 1087 1369 1368 899 
6 1276 1570 2104 2098 1433 1671 
5 906 907 1255 1254 1044 
5 908 1069 1251 1252 2386 
5 909 1097 1960 1959 1783 
6 1273 1503 1714 910 1648 1649 
6 920 1193 1835 1836 2394 2395 
5 1447 1448 2431 2462 2463 
5 921 988 1902 1987 1539 
5 1165 1166 1296 1275 922 
5 1064 1065 2085 2086 923 
5 1108 1109 1873 1578 942 
4 943 944 1854 2103 
5 1675 1676 1401 2175 1084 
5 1249 1250 949 2531 1317 
5 1066 1067 1731 1730 950 
4 1566 1961 1205 2213 
5 951 1196 2084 2086 2010 
4 952 953 1178 1177 
5 1364 1365 1229 1530 1230 
5 1322 1323 1294 2497 2499 
5 1236 1237 1241 1240 966 
5 967 1594 2141 1607 1608 
5 1829 1830 1825 2305 1298 
4 985 986 1142 1143 
5 1170 1171 1007 1247 1246 
5 994 995 1123 2067 2066 
6 996 997 1358 1559 1593 1592 
5 1216 1217 1531 1328 1202 
5 1025 1026 1619 1620 1179 
4 1027 1028 1309 1308 
4 1029 1030 1149 1150 
6 1898 1899 1285 2454 2455 1036 
5 1037 1305 1444 1614 1572 
5 1419 1420 1459 1458 1038 
5 1129 1130 1176 1175 1043 
4 1051 1306 2108 1814 
5 1077 1502 1713 1437 2458 
4 1078 1148 1342 1582 
5 1088 1089 1876 1875 1811 
6 1158 1159 1425 2067 2036 1908 
5 1103 1104 1289 2339 2338 
5 1105 1106 2307 2315 2245 
5 1223 1224 1107 1291 1290 
5 1521 1522 1121 1904 1903 
4 1122 1155 2087 1599 
5 1162 1555 1991 2534 2215 
6 1124 1710 1864 1645 1872 1871 
6 1384 1385 1127 1893 1892 1135 
4 1128 1300 2048 1772 
4 1353 1735 1751 1762 
5 1279 1280 1422 1421 1152 
5 1214 1215 1456 1455 2239 
5 1234 1235 1156 1313 1312 
5 1157 1287 1740 1739 1501 
6 1537 1914 2548 2550 2519 2520 
4 1160 1161 1182 1181 
5 1231 1363 1359 1562 1561 
5 1345 1346 1505 1504 1172 
5 1173 1463 1595 2160 2159 
6 1174 1463 1595 1596 1818 1817 
5 1371 1372 2352 2355 1183 
5 1184 1185 1286 1747 1746 
5 1236 1237 1186 1730 1731 
5 1218 1219 2532 2531 1317 
4 1221 1373 1631 1564 
5 1529 1530 1229 1765 1767 
5 1557 1877 1850 2309 2311 
5 1245 1526 1579 1763 1715 
5 1429 1430 2536 2534 2215 
4 1254 1255 1442 1441 
4 1256 1533 1805 1622 
4 1258 1259 1550 1549 
5 1483 1484 2155 2154 1263 
5 1264 1265 1473 2357 2356 
5 1338 1339 1268 1567 1568 
5 1426 1427 1274 2481 2480 
4 1873 1874 1928 1544 
5 1501 1739 2462 2431 2432 
5 1295 1296 1275 1666 1665 
6 1807 1808 1771 2190 2161 2014 
5 1407 1408 1288 1662 1661 
4 1292 1293 1368 1369 
6 1490 2275 2485 2484 2487 2486 
5 1415 1416 1445 1444 1305 
5 1906 1907 1674 2506 2503 
5 1381 1382 1316 1412 1411 
5 1625 1626 1572 1668 1481 
4 1325 1908 2036 1917 
5 1326 1327 1849 1848 1683 
4 1554 1555 1991 1356 
5 1458 1459 1532 1531 1328 
4 1340 1341 1519 1518 
4 1409 1410 1355 2450 
6 1343 1475 1927 1928 1544 1545 
4 1347 1348 1418 1417 
4 1350 1351 1384 1385 
6 1762 1763 1579 2059 2058 1353 
5 1362 1363 1359 1522 1521 
5 1360 1361 2372 2370 1709 
4 1524 1525 1848 1683 
5 1646 1647 2541 2540 1374 
6 1585 1826 1901 1366 2153 2152 
5 1426 1427 1514 1513 1370 
6 1380 1496 1700 1855 2001 1984 
5 1607 1608 1563 1780 1388 
4 1392 1393 1546 1547 
6 1619 1620 1821 1822 1744 1743 
5 1573 1574 1598 1757 1400 
5 1401 1402 1406 2176 2175 
4 1476 1477 2311 1557 
5 1403 1404 1986 1987 1539 
5 1511 1512 1977 1976 1413 
5 1460 1461 2278 2277 1424 
5 1433 1434 2304 2303 1671 
5 1713 1714 2209 2208 1437 
5 1544 1545 1438 1578 1873 
5 1600 1601 1575 1763 1715 
5 1529 1530 2499 2498 1443 
5 1865 1866 2533 2155 2154 
5 1449 1450 1594 2141 2140 
5 1506 1507 2442 2444 1451 
5 1961 1962 2371 2468 1566 
5 1636 1637 1457 1723 1722 
5 1504 1505 1669 1670 1462 
5 1684 1685 1466 1921 1920 
4 1478 1479 1499 1498 
5 1789 1790 1480 2259 2258 
5 1481 1482 1610 1667 1668 
5 1627 1628 1487 2405 2406 
6 1494 1533 1805 1938 1940 1612 
4 1559 1593 1622 1640 
4 1502 1503 1714 1713 
5 1567 1568 1698 1697 1510 
6 1558 1624 1981 1980 2095 2078 
5 1595 1596 1515 1888 2160 
4 1526 1579 1605 1604 
5 1861 1862 2053 2076 1527 
5 1672 1673 1528 2286 2285 
5 1725 1726 1534 1734 1733 
5 1641 1642 1535 1888 2160 
5 1536 1537 1914 2297 2298 
5 1739 1740 1538 2463 2462 
5 1735 1736 1548 1752 1751 
5 1722 1723 1822 1821 1551 
4 1556 1585 1826 1753 
5 1657 1658 1563 1780 1779 
5 1569 1570 2104 2103 1854 
5 1630 1631 1564 1950 1786 
5 1659 1660 1666 1665 1571 
5 1613 1614 1572 1668 1667 
5 1848 1849 1874 1873 1578 
5 1590 1591 1975 1974 1806 
6 1592 1593 1622 1805 1938 1939 
5 1757 1758 1803 1802 1598 
5 1711 1712 2369 2368 1597 
5 1602 1603 2088 2087 1599 
4 1653 1654 1680 1679 
6 1611 1709 2370 2469 2471 2430 
5 1746 1747 1612 1940 1941 
5 1663 1664 1615 1813 1812 
5 1794 1795 1629 2196 2197 
4 1632 1633 1707 1708 
4 1748 1749 2361 1966 
6 1634 1738 1960 1959 2112 2113 
5 1759 1760 1635 1792 1791 
5 1638 1645 1864 2448 2446 
5 1697 1698 1652 2453 2452 
5 1655 1700 1855 1901 1826 
5 1675 1676 1950 2089 2090 
6 2193 2194 2223 2363 2359 1856 
4 1686 1687 1693 1692 
4 1690 1691 1742 1741 
4 1695 1696 1770 1769 
4 1701 1702 1868 1867 
5 1710 1772 2048 2448 1864 
5 1751 1752 1715 1763 1762 
5 1720 1721 2411 2412 1718 
5 1730 1731 1780 1779 1719 
5 1729 1786 1950 2089 2047 
5 1755 1756 1782 1781 1732 
5 1783 1784 1737 2490 2491 
5 1753 1754 1900 1901 1826 
5 1800 1801 1761 1840 1839 
4 1766 1806 1974 1896 
5 1842 1843 2212 2211 1768 
6 1880 1881 1918 1917 2036 2035 
5 1802 1803 1837 1838 1785 
4 1817 1818 1938 1805 
4 1796 1797 1807 1808 
6 1922 1923 1949 1948 2027 2026 
6 1944 1945 1946 1947 2331 2330 
4 1815 1816 1831 1832 
5 1890 1891 2483 2103 1854 
5 1861 1862 1819 1979 1978 
5 1829 1830 1844 2046 2045 
5 1892 1893 1833 1906 1907 
5 1846 1847 1886 1885 1834 
4 2157 2158 2193 1856 
5 1900 1901 1855 2001 2002 
5 1894 1895 1857 2315 2314 
5 1859 1860 2479 2478 1863 
5 1865 1866 1888 2160 2159 
6 1869 1919 2078 2079 2012 2013 
5 1969 1970 1983 1982 1870 
4 1871 1872 1936 1937 
5 1882 1883 1887 2119 2118 
5 1953 1954 2123 2122 1884 
5 1903 1904 1961 1962 1889 
5 1955 1956 1975 1974 1896 
4 1898 1899 1988 1989 
5 1986 1987 1902 2076 2077 
5 1920 1921 2080 2081 1909 
5 1910 1911 2360 2361 1966 
5 2346 2347 2528 2526 1924 
4 1912 1913 1934 1935 
4 1915 1916 1923 1922 
6 1926 2014 2161 2162 2528 2527 
4 1927 1928 1949 1948 
4 1929 1930 1932 1931 
4 1938 1939 1941 1940 
5 2068 2069 1943 2308 2317 
5 1964 1965 1951 2242 2241 
5 1996 1997 2027 2026 1952 
5 1999 2000 1958 2070 2071 
5 1976 1977 1963 2373 2374 
5 2015 2016 2546 2542 1973 
4 1978 1979 2006 2007 
4 1980 1981 2003 2004 
4 1984 1985 2002 2001 
5 1991 1992 1990 2535 2534 
4 1993 1994 2012 2013 
5 2062 2063 2142 2143 1995 
4 2022 2023 2161 2014 
5 2005 2064 2219 2221 2180 
4 2008 2009 2021 2020 
5 2058 2059 2085 2086 2010 
5 2056 2057 2261 2260 2011 
4 2017 2018 2027 2026 
4 2029 2030 2061 2060 
5 2045 2046 2149 2148 2032 
4 2033 2034 2094 2093 
4 2035 2036 2067 2066 
5 2068 2069 2286 2285 2039 
5 2072 2073 2090 2089 2047 
5 2051 2052 2048 2448 2447 
5 2076 2077 2263 2262 2053 
4 2054 2055 2081 2080 
5 2103 2104 2098 2481 2483 
5 2078 2079 2185 2186 2095 
5 2179 2180 2221 2220 2082 
4 2083 2084 2086 2085 
5 2096 2097 2174 2173 2092 
4 2101 2102 2122 2123 
5 2118 2119 2207 2206 2106 
5 2107 2138 2157 2186 2185 
5 2154 2155 2223 2222 2109 
4 2110 2111 2125 2124 
5 2126 2127 2114 2153 2152 
5 2134 2135 2166 2165 2115 
4 2120 2121 2133 2132 
4 2128 2129 2140 2141 
6 2187 2188 2167 2524 2523 2137 
5 2157 2158 2164 2163 2138 
5 2175 2176 2301 2302 2139 
5 2142 2143 2274 2273 2170 
4 2144 2145 2149 2148 
4 2146 2147 2171 2172 
5 2181 2182 2151 2205 2204 
5 2177 2178 2184 2183 2156 
4 2161 2162 2189 2190 
4 2168 2169 2197 2196 
5 2206 2207 2214 2213 2192 
5 2193 2194 2535 2534 2215 
4 2198 2199 2208 2209 
5 2222 2223 2363 2362 2200 
5 2237 2238 2203 2328 2329 
5 2211 2212 2257 2256 2210 
4 2216 2217 2244 2243 
5 2220 2221 2219 2296 2295 
5 2224 2225 2457 2456 2236 
4 2226 2227 2261 2260 
5 2249 2250 2280 2279 2228 
5 2247 2248 2229 2400 2401 
4 2232 2233 2237 2238 
4 2234 2235 2241 2242 
5 2256 2257 2239 2259 2258 
5 2245 2246 2240 2314 2315 
5 2271 2272 2420 2419 2251 
4 2252 2253 2273 2274 
4 2254 2255 2267 2266 
4 2262 2263 2279 2280 
5 2277 2278 2284 2283 2264 
5 2275 2276 2268 2294 2293 
4 2281 2282 2286 2285 
6 2295 2296 2384 2383 2304 2303 
4 2289 2290 2301 2302 
5 2291 2292 2394 2396 2382 
4 2318 2319 2321 2320 
4 2306 2307 2315 2314 
5 2316 2317 2308 2327 2326 
5 2310 2311 2309 2331 2330 
4 2312 2313 2323 2322 
4 2324 2325 2329 2328 
4 2332 2333 2335 2334 
4 2336 2337 2338 2339 
4 2340 2341 2343 2342 
5 2346 2347 2348 2438 2437 
5 2350 2351 2380 2379 2349 
5 2356 2357 2354 2502 2501 
4 2358 2359 2363 2362 
4 2360 2361 2365 2364 
4 2366 2367 2369 2368 
5 2371 2372 2370 2469 2468 
5 2377 2378 2380 2379 2376 
4 2381 2382 2396 2391 
4 2383 2384 2388 2387 
4 2385 2386 2390 2389 
5 2392 2393 2391 2396 2397 
4 2394 2395 2397 2396 
4 2402 2403 2409 2408 
5 2416 2417 2420 2419 2415 
4 2424 2425 2426 2427 
5 2431 2432 2430 2471 2470 
5 2437 2438 2439 2440 2436 
4 2441 2442 2444 2443 
4 2445 2446 2448 2447 
4 2450 2451 2453 2452 
4 2456 2457 2459 2458 
4 2460 2461 2463 2462 
4 2464 2465 2467 2466 
4 2468 2469 2471 2470 
4 2472 2473 2475 2474 
4 2476 2477 2479 2478 
4 2480 2481 2483 2482 
4 2484 2485 2489 2488 
4 2486 2487 2491 2490 
4 2492 2493 2495 2494 
4 2496 2497 2499 2498 
5 2501 2502 2504 2516 2500 
5 2503 2504 2516 2515 2506 
4 2507 2508 2510 2509 
4 2511 2512 2513 2514 
4 2517 2518 2519 2520 
4 2521 2522 2524 2523 
4 2525 2526 2528 2527 
4 2529 2530 2532 2531 
5 2534 2535 2533 2537 2536 
4 2538 2539 2541 2540 
5 2543 2544 2545 2546 2542 
4 2547 2548 2550 2549 
CELL_DATA 2508
SCALARS scalar_1 double
LOOKUP_TABLE default
    4.945119
    4.959273
    4.932357
    4.948908
    4.947816
    4.942449
    4.992388
    4.795761
    5.073091
    4.967184
    5.040494
    4.814621
    4.932357
    5.049087
    4.974307
    4.969981
    4.956362
    4.960399
    4.972715
    4.967437
    4.955092
    4.927578
    4.946064
    4.933983
    4.806798
    4.968522
    4.977460
    4.946316
    4.962018
    4.971999
    4.963628
    4.962229
    4.947100
    4.956390
    4.952841
    4.957338
    4.972715
    4.944396
    4.956269
    4.958686
    4.948796
    4.956285
    4.960399
    4.936472
    4.955092
    4.916531
    4.950292
    4.977703
    4.959426
    4.924859
    4.942033
    4.951524
    4.963079
    4.962822
    4.969522
    4.930408
    4.912219
    4.999463
    5.000000
    4.851837
    4.763854
    4.899451
    4.967661
    4.838229
    5.043533
    4.931550
    4.957007
    4.963396
    4.974938
    5.078983
    4.949761
    4.969727
    4.930552
    4.956999
    4.987063
    4.953047
    4.955177
    4.947171
    4.958122
    4.955583
    4.979015
    4.822390
    4.953141
    4.956793
    4.965094
    4.891973
    4.966925
    4.949761
    5.189361
    4.946155
    4.981353
    4.965320
    4.960347
    4.970416
    4.943979
    4.969958
    4.995290
    4.958307
    4.956454
    4.984453
    4.963302
    4.950951
    4.957128
    4.967622
    4.953873
    4.973610
    4.992315
    4.953329
    5.077517
    4.986399
    4.979453
    4.953983
    4.931952
    4.952134
    4.955855
    4.931379
    4.941624
    4.953873
    4.955976
    4.965056
    4.945688
    4.966413
    4.931720
    4.991507
    5.231267
    4.967097
    5.003011
    5.002547
    5.005755
    4.948908
    4.954597
    4.952645
    4.947816
    4.959273
    4.960542
    4.966543
    4.971999
    4.922430
    4.981609
    4.944396
    4.955092
    4.965984
    4.957733
    4.960399
    4.984453
    4.957338
    4.954826
    4.951106
    4.955750
    4.951124
    4.952837
    4.948951
    4.969449
    4.964089
    4.952118
    4.951348
    4.955527
    4.953767
    4.953329
    4.966543
    4.922430
    4.959426
    4.924859
    4.959648
    4.959433
    4.947171
    4.978120
    4.971475
    4.965094
    4.950122
    4.955583
    4.955177
    4.986046
    4.949761
    4.957007
    4.969674
    5.021909
    4.969727
    4.962763
    4.957682
    4.969522
    4.957338
    4.961193
    4.956285
    4.961789
    4.948796
    4.956557
    4.981609
    4.965984
    4.922430
    4.953211
    4.960542
    4.952837
    4.953983
    4.964875
    4.951924
    4.950520
    4.966413
    4.950367
    4.957733
    4.945973
    4.951650
    4.902565
    4.947370
    4.962941
    4.965984
    4.953229
    4.927729
    4.891973
    4.976553
    4.942438
    4.965094
    4.953141
    4.822390
    4.966663
    4.936319
    4.995940
    4.962758
    4.968611
    5.298783
    4.973580
    4.965435
    4.982395
    5.049066
    4.960347
    4.781053
    4.995290
    4.995940
    5.189361
    5.112997
    4.956454
    4.986654
    4.953141
    4.967351
    4.946706
    4.896742
    4.949761
    4.972888
    4.936712
    4.952538
    4.961989
    4.963396
    5.078983
    4.967097
    4.436260
    4.991507
    4.954999
    5.298783
    4.931952
    4.946481
    4.947100
    4.971999
    4.963814
    4.960841
    4.964875
    4.924817
    4.962879
    4.952118
    4.954481
    4.954678
    4.953767
    4.953211
    4.964089
    4.960882
    4.951924
    4.969727
    4.956129
    4.780025
    4.959089
    4.936712
    5.078983
    4.956240
    4.955700
    4.842946
    4.950810
    4.959385
    4.962271
    4.962891
    4.961405
    4.971725
    4.929762
    4.950810
    4.942438
    5.037925
    4.954999
    4.840105
    4.945970
    4.967351
    4.913323
    4.780025
    4.954999
    4.840105
    4.942438
    4.936004
    4.934809
    5.041554
    4.931952
    4.973610
    5.077517
    4.962758
    4.971824
    4.952837
    4.961963
    4.951124
    4.953047
    4.954826
    4.953329
    4.961989
    4.956080
    4.951348
    4.936580
    4.956129
    4.974938
    4.961832
    4.964548
    4.953874
    4.953767
    4.951924
    4.954678
    4.952134
    4.960542
    4.952118
    4.954569
    4.924817
    4.922430
    4.969255
    4.966641
    4.957873
    4.960979
    4.981754
    4.964195
    4.980299
    4.960882
    4.963814
    4.960841
    4.911890
    4.992614
    5.000000
    5.000167
    4.966925
    4.763854
    4.838229
    4.936319
    4.961193
    4.927729
    4.942438
    4.959889
    4.999463
    4.972888
    4.953141
    4.934809
    4.967351
    4.948262
    4.962891
    4.961492
    4.910049
    4.822390
    4.950810
    4.936319
    4.942438
    4.866301
    4.987884
    4.971725
    4.948410
    4.902565
    4.951992
    4.942033
    4.950470
    4.981353
    4.924859
    4.966251
    4.966652
    4.961580
    4.956873
    4.960068
    4.969281
    4.959273
    4.947474
    4.952841
    4.976434
    4.967184
    4.959122
    4.963079
    4.963814
    4.964959
    4.962879
    4.982419
    4.952223
    4.980299
    4.981754
    4.957873
    4.924817
    4.972319
    4.970416
    5.077517
    4.963302
    4.838229
    5.000000
    4.943789
    4.857619
    4.936208
    4.930048
    4.966652
    4.902565
    4.992614
    4.763854
    4.942033
    4.981754
    4.952223
    4.963814
    4.963265
    4.963079
    4.948702
    4.969255
    4.964195
    4.959106
    5.012634
    5.007767
    4.978120
    4.953873
    5.073091
    4.906631
    4.966413
    4.887457
    5.049087
    4.933688
    4.954569
    4.960542
    4.924817
    4.959426
    4.936580
    4.961989
    4.968258
    4.961963
    4.953047
    4.955177
    4.956129
    4.969727
    4.949761
    4.986654
    4.928834
    4.955700
    4.967948
    4.969905
    4.916811
    4.964717
    4.965435
    4.866301
    4.960784
    4.952837
    4.965942
    4.956129
    4.945059
    4.931379
    4.950967
    4.952470
    4.961963
    4.959431
    4.959648
    4.959956
    4.979453
    4.974050
    5.298783
    4.865204
    4.979015
    4.966925
    4.911890
    4.959795
    4.970938
    4.965068
    4.961832
    4.968258
    4.947171
    4.919615
    4.960064
    4.957299
    4.950367
    4.965056
    4.966413
    4.900024
    4.941624
    4.916531
    4.947877
    4.955976
    4.922603
    4.954597
    4.930320
    4.942850
    4.947100
    4.853405
    4.959094
    4.931952
    4.934809
    4.949192
    4.954643
    4.963008
    4.942033
    5.189361
    4.962822
    4.957733
    4.902565
    4.951992
    4.969958
    4.981609
    4.981353
    4.946250
    4.946337
    4.953622
    4.981339
    4.957496
    4.795761
    4.814621
    4.992388
    5.049087
    4.978120
    4.887457
    4.954999
    4.934809
    4.932357
    5.112997
    4.945359
    5.049087
    5.040494
    4.942332
    4.795761
    4.928834
    4.842946
    4.992614
    4.927729
    4.936319
    4.857619
    4.930048
    4.822390
    4.866301
    4.951924
    4.930320
    4.957379
    4.952134
    4.954659
    4.940617
    4.953329
    4.973610
    4.951106
    4.962879
    4.966413
    4.950367
    4.961492
    4.971725
    4.937365
    4.781053
    4.887457
    4.436260
    5.298783
    4.991507
    4.919615
    4.981339
    4.948908
    4.946064
    4.910049
    4.933983
    4.975784
    4.955583
    4.970938
    4.947171
    4.959433
    4.952791
    4.849457
    4.956080
    4.964439
    4.987826
    4.950951
    4.957496
    5.077517
    4.937703
    4.992315
    4.953873
    4.942117
    4.981339
    4.967097
    5.298783
    4.941624
    5.005755
    4.965280
    4.931720
    4.843313
    4.954999
    4.972888
    4.949761
    4.965094
    4.891973
    4.946706
    4.986654
    4.955750
    4.954643
    4.960793
    4.965942
    4.959011
    4.966578
    4.954826
    4.969756
    4.970527
    4.952837
    4.964078
    4.961963
    4.933688
    4.966543
    4.947100
    4.971999
    4.931952
    4.922603
    4.954659
    4.960542
    4.949192
    4.955750
    4.970527
    4.960793
    4.956975
    4.954643
    4.981754
    4.952223
    4.957299
    4.955821
    4.953873
    4.973580
    4.943979
    4.942455
    4.967290
    5.298783
    4.436260
    4.981339
    4.970416
    4.943979
    4.962763
    4.952134
    4.954659
    4.971999
    4.947100
    4.960813
    4.961708
    4.947254
    4.946314
    4.960542
    4.959094
    4.950964
    4.954391
    4.962879
    4.960068
    4.970894
    4.964647
    4.960120
    4.974050
    4.956429
    4.969213
    4.963265
    4.956726
    4.977111
    4.971989
    4.953329
    4.973610
    5.077517
    4.957682
    4.957864
    4.948427
    4.970527
    4.956975
    4.960793
    4.959089
    4.955855
    4.971824
    4.966682
    4.986399
    4.979453
    4.942455
    4.951530
    4.937365
    4.971824
    4.955700
    4.900896
    4.977703
    4.959426
    4.924817
    4.952118
    4.960518
    4.964959
    4.964089
    4.963814
    4.979453
    4.974307
    4.974050
    4.963079
    4.962229
    4.968522
    4.967949
    4.974849
    4.964959
    4.928249
    4.956802
    4.982419
    4.995940
    4.945359
    4.990713
    4.965320
    4.955821
    4.956454
    4.956390
    4.947877
    4.984453
    4.951530
    4.955365
    4.916531
    4.950292
    4.960399
    4.944396
    4.930408
    4.942117
    4.941624
    4.965280
    4.987826
    4.950951
    5.002052
    4.960056
    5.000000
    4.851837
    5.039716
    4.842946
    4.955855
    4.966047
    4.956240
    4.959385
    4.971824
    4.928834
    4.957873
    4.981754
    4.956362
    4.961580
    4.947474
    4.960511
    4.969756
    4.967622
    4.961832
    4.953329
    4.951106
    4.961963
    4.966578
    4.955750
    4.955821
    4.942455
    4.964195
    4.982876
    5.007767
    4.943979
    4.975598
    4.962763
    4.967959
    4.900896
    4.959426
    4.960518
    4.964959
    4.964439
    4.974849
    5.103377
    5.077517
    5.077419
    4.948067
    5.005755
    4.953873
    4.942117
    4.981339
    5.298783
    4.986399
    4.931720
    4.919615
    4.965280
    4.981339
    4.953622
    4.954551
    4.945474
    4.947723
    4.950287
    4.951683
    4.948427
    4.960056
    4.956909
    4.954597
    4.947100
    4.953609
    4.974275
    4.956362
    4.976434
    4.961580
    5.145226
    4.964078
    4.957379
    4.976817
    5.000167
    4.959795
    4.940617
    4.965068
    4.969281
    4.967184
    4.974307
    4.947816
    4.961006
    4.965390
    4.948262
    4.842946
    4.952645
    4.950810
    4.911890
    4.933983
    4.959795
    4.940617
    4.965068
    4.947171
    4.959011
    4.952791
    4.909624
    4.954999
    5.036010
    4.843313
    4.969727
    4.957007
    4.948262
    4.982825
    4.928834
    4.947370
    4.936319
    5.039716
    4.950810
    4.959385
    4.930048
    4.902565
    4.950470
    4.967948
    4.955855
    4.971824
    4.957433
    4.952816
    4.945973
    4.996143
    4.944771
    4.956999
    4.947370
    4.436260
    4.966578
    4.968258
    4.936580
    4.960511
    4.976817
    5.043533
    5.000000
    4.961963
    4.979015
    4.953983
    4.951924
    4.952134
    4.916531
    4.900024
    4.950367
    4.956240
    4.952705
    4.781053
    4.951530
    4.950292
    4.960068
    4.971989
    4.969281
    4.970894
    4.966682
    4.960120
    4.979453
    4.965390
    4.953609
    4.947474
    4.974275
    4.957873
    4.961580
    4.957379
    4.948796
    4.964078
    4.956557
    4.961427
    4.896742
    4.950951
    4.936580
    4.957496
    4.937703
    4.961989
    4.956080
    4.960056
    4.952538
    4.942117
    4.953622
    4.942332
    5.040494
    4.928249
    4.982419
    4.995940
    4.932357
    4.968522
    4.956802
    5.112997
    4.953171
    5.002052
    5.000000
    4.999463
    4.954141
    4.961989
    4.936580
    4.952538
    4.972888
    4.961789
    4.957682
    4.967351
    4.934809
    4.954141
    4.972888
    4.953171
    4.999463
    4.961193
    4.887457
    4.900024
    4.781053
    4.966413
    4.937365
    4.956240
    4.955976
    4.952705
    4.960834
    4.955365
    4.951530
    4.956269
    4.916531
    4.958686
    4.960399
    4.984453
    4.963160
    4.946155
    4.957733
    4.953983
    4.981353
    4.959385
    4.962271
    4.961405
    4.942438
    4.971725
    4.936319
    4.933688
    4.966543
    4.954659
    4.950964
    4.952134
    4.954569
    4.971999
    4.966682
    4.962879
    4.951106
    4.954643
    4.931379
    4.965942
    4.965094
    4.957007
    4.948427
    4.930408
    4.931720
    4.981339
    4.942117
    4.960056
    4.941624
    4.916531
    4.963951
    4.964078
    4.930320
    4.940617
    4.968659
    4.956557
    4.956620
    4.960793
    4.959795
    4.970416
    4.995290
    4.951992
    4.843313
    4.932693
    4.954261
    4.948825
    4.965942
    4.952470
    4.950967
    4.945059
    4.950964
    4.947254
    4.919615
    4.967097
    4.959011
    4.961963
    4.965942
    4.968258
    4.959956
    4.952791
    4.970315
    4.959648
    4.947171
    4.952470
    4.955177
    4.956129
    4.948825
    4.990713
    4.960347
    5.103377
    4.943979
    4.942455
    4.960784
    4.950470
    4.951992
    4.957733
    4.945973
    4.947370
    4.960808
    4.782646
    4.887457
    4.995290
    4.995940
    4.781053
    5.000000
    5.189361
    4.928249
    5.040494
    5.040494
    4.974275
    4.967184
    4.947474
    4.972319
    4.952223
    4.947816
    4.981754
    4.932357
    4.956802
    4.952645
    4.954597
    4.930320
    4.954597
    4.933983
    4.970315
    4.959011
    4.947171
    4.948908
    4.952645
    4.959956
    4.959433
    4.963951
    4.946316
    4.909624
    4.806798
    4.857619
    4.875890
    4.916811
    4.866301
    4.977460
    4.910049
    5.298783
    4.970416
    4.943979
    4.981339
    4.843313
    4.951106
    4.957864
    4.951862
    4.954391
    4.960882
    4.963814
    4.963265
    4.977111
    4.971989
    4.956726
    4.955855
    4.967959
    5.004067
    4.960784
    4.984353
    4.967948
    4.996143
    4.928834
    4.948825
    4.959648
    4.966682
    4.961006
    4.955910
    4.947816
    4.948328
    4.957299
    4.958686
    4.955750
    4.952837
    4.949764
    4.965942
    4.963008
    4.954801
    4.946806
    4.851837
    4.782646
    5.000167
    5.040494
    4.838229
    4.960808
    5.049087
    5.189361
    4.851837
    5.049087
    5.145226
    4.906631
    4.979453
    4.969281
    4.974307
    4.960511
    4.967622
    4.971989
    4.967184
    4.960068
    4.974307
    4.976434
    4.967622
    4.959122
    4.951683
    4.957864
    4.951862
    4.953767
    4.952837
    4.970527
    4.954801
    4.951106
    4.969756
    4.971725
    4.961492
    5.002547
    4.986046
    4.957007
    4.949761
    4.946706
    4.942438
    5.003011
    4.932044
    4.937365
    4.866301
    4.961492
    4.945973
    4.953983
    4.955855
    4.960068
    4.973610
    4.966682
    4.971989
    4.986399
    5.077517
    4.941624
    5.002547
    4.948067
    5.005755
    4.906631
    4.942117
    4.951924
    4.957873
    4.960399
    4.966682
    4.977460
    4.866301
    4.946316
    4.857619
    4.929695
    4.932510
    4.967948
    4.936208
    4.939439
    4.984453
    4.960399
    4.956454
    4.956390
    4.955821
    4.964195
    4.963160
    4.961963
    4.959011
    4.964078
    4.968258
    4.959795
    4.960793
    4.953229
    4.992614
    4.857619
    4.928834
    4.936208
    4.947370
    4.763854
    4.927729
    4.936319
    4.933983
    4.806798
    4.911890
    4.992614
    4.910049
    4.875890
    4.822390
    4.961006
    4.947816
    4.996143
    4.931550
    4.963396
    4.932044
    4.949761
    4.780025
    4.946706
    4.967351
    4.955583
    4.961492
    4.952134
    5.298783
    4.919615
    4.900896
    4.960808
    4.838229
    4.995290
    4.981353
    5.189361
    4.924859
    5.000000
    4.956129
    4.929695
    4.966543
    4.942455
    4.990713
    4.970416
    4.995290
    4.995940
    4.965435
    4.943979
    4.937365
    4.956454
    4.945474
    4.954551
    4.951862
    4.970527
    4.951683
    4.956726
    4.959122
    4.951106
    4.969756
    4.960293
    4.875890
    4.954659
    4.954569
    4.940617
    4.924817
    5.000000
    4.900896
    4.953609
    5.000167
    4.922603
    4.911890
    4.965068
    4.931720
    4.956285
    4.930408
    4.941624
    4.900024
    4.944396
    4.956269
    4.957338
    4.962763
    4.956080
    4.950951
    4.961989
    4.986654
    5.000000
    4.960511
    4.953329
    4.956129
    4.955177
    4.952470
    4.957007
    4.949761
    4.887457
    4.941624
    4.906631
    5.002547
    4.843313
    4.948825
    4.960056
    4.957338
    4.930408
    4.969522
    4.953171
    4.999463
    4.937365
    4.866301
    4.952933
    4.957299
    4.947474
    4.967184
    4.952223
    4.963628
    4.956802
    4.932357
    4.866301
    4.806798
    4.955583
    4.961492
    4.822390
    4.963079
    4.972319
    4.964959
    4.952223
    4.928249
    4.956802
    4.981754
    4.960784
    4.936208
    4.947370
    4.950470
    4.955855
    4.928834
    4.956999
    4.939439
    4.932510
    4.996143
    4.959122
    4.960068
    4.992614
    4.822390
    4.891973
    4.911890
    4.967661
    4.979015
    4.924817
    4.959426
    4.947370
    4.945973
    4.952134
    4.936319
    4.967661
    4.992614
    4.763854
    4.981609
    4.961193
    4.953229
    4.999463
    4.969522
    4.891973
    4.957007
    4.986654
    4.946706
    4.955177
    4.971999
    4.942455
    4.956454
    4.943979
    4.951530
    4.959293
    4.964195
    4.956390
    4.955365
    4.946155
    5.189361
    4.995290
    4.933983
    4.947100
    4.930320
    4.948908
    4.952645
    4.922603
    4.929695
    4.946316
    4.951530
    4.960068
    4.959956
    4.954659
    4.952134
    4.924817
    4.957873
    4.951924
    4.940617
    4.948410
    4.957433
    4.936712
    4.961989
    4.963396
    4.937703
    4.954141
    4.953622
    4.946250
    4.951106
    4.970315
    4.963951
    4.948702
    4.945970
    4.951110
    4.959956
    4.960157
    4.948908
    4.956620
    4.971725
    4.954999
    4.967351
    4.934809
    4.936319
    4.946706
    4.929695
    4.963079
    4.959426
    5.036010
    4.948825
    4.954261
    5.009901
    4.948262
    4.947370
    4.953229
    4.930320
    4.966682
    4.986399
    4.973610
    4.972319
    4.974275
    4.967184
    5.000167
    5.145226
    4.960808
    5.049087
    4.965984
    4.957682
    4.961405
    4.929762
    4.961492
    4.955976
    5.003011
    5.002547
    4.962271
    4.977460
    4.946064
    4.933983
    4.946316
    4.952837
    4.961006
    4.979453
    4.967184
    5.049087
    4.936208
    4.866301
    4.943789
    4.992614
    4.954659
    4.922603
    4.952933
    4.971999
    4.963628
    4.933983
    5.000000
    4.851837
    4.960511
    4.942117
    4.947171
    4.961963
    4.955177
    4.979015
    4.986654
    4.956129
    4.951650
    4.945973
    4.957733
    4.954315
    4.963160
    4.946566
    4.946155
    4.959956
    4.960120
    4.952470
    4.975167
    4.948825
    4.959433
    4.955177
    4.947171
    4.951992
    4.957733
    4.954315
    4.957433
    4.947370
    4.955855
    4.942117
    4.986399
    4.957496
    4.981339
    4.961789
    4.956620
    4.934809
    4.936319
    4.953229
    4.961193
    4.951110
    4.948908
    4.946064
    4.963628
    4.922603
    4.961492
    4.936208
    4.961580
    4.972319
    4.981754
    4.974275
    4.967184
    4.951530
    4.957299
    4.961580
    4.964078
    4.959122
    5.145226
    4.974275
    4.960511
    4.976817
    4.967184
    4.932357
    4.780025
    4.946706
    4.957007
    4.954999
    4.969522
    4.948427
    4.953171
    4.944396
    4.957682
    4.956285
    4.930408
    4.962822
    4.946250
    4.936712
    4.967097
    4.931720
    4.436260
    4.981339
    4.945474
    4.954551
    5.036010
    4.966543
    4.943789
    5.000000
    4.924859
    4.992614
    4.961492
    4.955583
    4.906631
    4.782646
    4.851837
    4.954659
    4.940617
    4.922603
    4.959094
    4.968659
    4.967959
    4.943979
    4.960784
    4.956454
    4.948825
    4.966682
    4.959956
    4.939439
    4.971999
    4.938371
    4.929695
    4.946316
    4.960793
    4.948796
    4.959122
    4.961580
    4.960293
    4.969756
    4.964078
    4.951683
    4.948908
    4.932357
    4.936208
    4.929695
    4.943789
    4.955177
    4.956129
    4.965942
    4.950967
    4.975167
    4.943789
    4.947370
    4.928834
    4.970416
    5.036010
    4.970315
    4.963008
    4.952837
    4.956129
    4.959011
    4.965942
    4.946316
    4.866301
    5.189361
    4.960808
    4.970416
    4.995940
    4.974849
    4.946992
    4.956873
    4.960157
    4.961989
    4.951992
    4.953622
    4.957496
    4.946250
    4.946155
    4.995940
    4.974849
    4.990713
    4.849457
    4.943979
    4.954659
    4.951924
    4.953329
    4.961989
    4.975598
    4.943979
    4.964195
    4.963160
    4.966641
    4.969255
    4.955583
    4.947171
    4.948908
    4.959956
    5.043533
    4.930408
    5.145226
    4.960511
    4.782646
    4.906631
    4.959122
    4.960068
    4.961580
    5.000167
    5.145226
    4.953609
    4.972319
    4.967184
    4.961989
    4.936712
    4.953229
    4.955855
    5.039716
    4.928834
    4.436260
    4.943979
    4.948427
    4.942117
    4.953622
    4.956909
    4.953171
    4.930408
    4.966682
    4.979453
    4.948067
    4.973610
    4.436260
    4.929762
    4.960834
    4.929365
    4.931720
    4.948547
    4.934809
    4.946706
    4.936712
    4.936004
    4.954141
    4.972888
    4.949192
    4.955855
    4.957682
    4.956975
    4.931720
    4.956285
    4.951683
    4.954551
    4.953171
    4.956909
    4.961193
    4.953229
    4.922603
    4.940617
    4.953229
    4.965984
    4.957007
    4.929762
    4.929365
    5.003011
    4.946706
    4.780025
    4.815511
    4.932357
    4.948908
    4.967622
    4.973610
    4.951106
    4.951348
    4.961580
    4.960068
    4.953229
    4.969522
    4.999463
    4.961789
    4.965984
    4.952837
    4.965942
    4.931720
    4.946155
    4.954315
    4.957733
    4.948410
    4.957433
    4.960808
    4.782646
    4.781053
    4.944396
    4.962822
    4.956454
    4.838229
    4.984453
    4.957682
    4.954141
    4.956909
    4.953622
    4.956975
    4.999463
    4.969522
    4.946250
    4.936712
    4.972888
    4.949192
    4.956975
    4.956909
    5.145226
    4.906631
    4.941624
    4.962822
    4.900024
    4.782646
    5.000000
    4.891973
    4.972888
    4.969522
    4.967661
    4.866301
    4.937365
    4.931720
    4.966063
    4.981754
    4.956390
    4.958686
    4.952933
    4.952223
    4.950967
    4.955177
    4.953047
    4.951124
    4.951110
    4.956620
    4.970315
    4.965942
    4.963951
    4.960793
    4.951348
    4.924817
    4.900896
    4.951124
    4.924859
    4.780025
    5.298783
    4.948825
    4.959956
    4.970315
    4.960399
    4.944396
    4.956454
    4.951106
    4.967622
    4.971989
    4.966682
    4.936712
    4.946250
    4.947171
    4.986654
    4.979015
    4.959293
    4.937365
    4.956240
    4.956454
    4.963079
    4.956454
    4.937365
    4.782646
    4.887457
    4.900024
    4.944396
    4.960399
    4.948796
    4.959122
    4.964078
    4.946706
    4.849457
    4.957496
    5.298783
    4.942117
    4.838229
    4.981609
    4.763854
    4.944396
    4.969522
    4.782646
    4.946706
    4.965984
    4.981609
    4.763854
    4.967661
    4.981609
    4.955583
    4.979015
    4.956975
    4.957682
    4.934809
    4.949192
    4.936712
    4.913323
    4.996143
    4.946706
    4.822390
    4.961492
    4.940617
    4.965068
    4.976817
    4.964078
    4.961789
    4.956285
    4.948796
    4.956975
    4.960808
    4.924817
    4.972319
    5.000000
    4.924859
    5.000167
    4.953609
    4.956390
    4.957873
    4.960979
    4.952223
    4.972319
    4.964195
    4.981609
    4.951650
    4.957733
    4.955855
    4.956909
    4.956975
    4.963951
    4.960793
    4.937365
    4.995940
    4.966063
    4.948702
    4.963079
    4.956802
    4.952933
    4.960399
    4.957873
    4.931720
    4.900024
    4.942117
    4.906631
    4.940617
    4.957873
    4.954678
    4.960511
    4.971989
    4.959122
    4.951106
    4.969756
    4.946250
    4.929695
    4.962018
    4.887457
    4.900024
    4.782646
    4.995940
    4.928249
    4.838229
    4.992614
    4.924859
    5.000167
    4.943789
    4.911890
    4.963079
    4.932357
    4.934809
    4.963951
    4.970315
    4.959956
    4.763854
    4.928834
    4.937365
    4.953622
    4.942117
    4.849457
    4.957733
    4.948410
    4.953047
    4.986654
    5.000167
    4.960808
    4.953609
    4.957873
    4.971999
    4.963079
    4.931720
    4.960068
    4.986654
    5.000000
    4.967661
    4.822390
    4.979015
    4.992614
    4.961492
    5.000167
    4.953609
    4.957873
    4.970315
    4.959956
    4.965942
    4.964078
    4.946250
    4.956909
    4.990713
    4.928249
    4.940617
    4.965068
    4.992614
    5.000167
    4.960399
    4.943789
    4.763854
    4.967661
    4.932357
    4.963951
    4.964078
    4.959011
    4.971999
    4.966682
    4.979453
    4.960068
    4.959122
    4.951106
    4.956975
    4.956909
    4.949192
    4.946250
    5.000000
    5.043533
    4.976817
    4.969756
    4.960068
    4.959122
    4.964078
    4.951106
    4.956285
    4.949192
    4.956909
    4.956909
    4.950287
    4.949192
    4.936712
    4.971999
    4.929695
    4.963951
    4.959956
    4.965942
    4.959011
    4.979453
    4.924859
    4.943979
    4.944396
    4.962018
    4.936004
    4.959122
    4.940617
    4.976817
    5.000167
    5.043533
    4.928249
    5.000167
    4.838229
    4.953609
    4.960399
    4.932357
    4.951124
    4.965942
    4.782646
    4.944396
    4.887457
    4.976817
    5.000000
    5.002547
    4.959956
    4.782646
    5.000000
    4.979015
    4.960157
    4.956909
    4.936004
    4.936712
    4.928249
    4.963079
    4.963079
    4.960068
    4.956909
    4.913323
    4.936004
    4.963951
    4.965942
    5.000000
    4.763854
    5.000167
    5.000167
    4.940617
    4.763854
    4.976817
    4.953983
    4.965390
    4.960157
    4.960813
    4.969905
    4.952705
    4.887457
    4.934809
    4.875890
    4.957299
    4.436260
    4.936712
    4.806798
    4.922603
    4.938371
    4.967661
    4.960511
    4.955976
    4.955910
    4.965390
    4.891973
    4.982419
    4.975784
    4.946250
    4.965435
    5.043533
    4.436260
    4.961580
    4.954597
    4.948825
    4.970416
    4.955855
    4.968611
    4.954569
    4.960293
    4.955583
    4.943979
    4.942438
    4.954999
    4.924817
    5.073091
    4.928834
    4.975167
    4.955365
    4.954315
    4.982395
    4.952134
    4.959293
    5.000000
    4.959011
    4.960157
    5.036010
    4.969905
    4.976817
    4.906631
    4.992614
    4.943789
    4.956873
    4.946706
    5.145226
    4.943789
    4.951124
    4.937365
    5.043533
    4.965320
    4.950951
    4.984453
    4.953329
    4.953609
    4.979453
    4.976817
    4.956999
    4.969756
    4.942117
    4.929695
    4.965435
    4.957299
    4.943789
    4.971989
    4.995290
    4.995290
    4.961492
    4.962763
    4.945359
    4.973580
    4.931720
    4.981609
    4.957873
    4.945059
    5.000000
    4.928249
    5.145226
    4.822390
    4.973610
    4.966413
    4.814621
    4.984453
    4.843313
    4.946706
    4.948262
    4.953262
    4.952118
    4.962271
    4.982419
    4.962271
    5.077419
    5.043533
    4.940617
    4.930048
    4.961832
    4.951530
    4.962763
    4.979453
    4.976817
    4.960399
    4.981353
    4.992388
    4.953329
    4.987884
    4.937365
    4.971999
    5.000000
    4.966925
    4.948328
    4.976817
    4.957733
    4.953329
    4.948702
    4.950367
    4.931720
    4.962763
    4.960064
    4.906631
    4.949192
    4.979015
    4.972319
    4.930048
    4.952470
    4.986654
    4.956040
    4.974307
    5.000000
    4.966682
    5.077517
    4.849457
    4.959011
    4.960793
    4.929695
    4.953609
    4.957007
    4.932510
    4.956620
    4.945359
    4.937365
    4.960518
    4.970416
    5.002052
    4.966578
    5.049066
    4.986654
    4.957007
    4.950292
    4.954391
    4.942117
    4.947828
    4.953767
    4.954569
    4.971824
    4.959273
    4.982825
    4.924859
    4.909624
    4.919615
    4.909624
    4.851837
    4.967290
    4.960511
    4.953229
    4.960064
    4.815511
    4.959122
    4.942332
    4.954659
    4.922603
    4.922603
    4.962758
    4.960793
    4.963008
    4.986654
    4.959648
    5.007310
    4.966413
    4.965068
    4.966543
    4.936580
    4.963951
    4.958686
    4.946316
    4.436260
    4.953622
    4.763854
    4.928249
    4.960064
    4.949192
    4.965942
    4.952837
    4.969756
    4.887457
    4.976817
    4.436260
    4.900024
    4.959011
    5.043062
    4.928249
    4.900896
    5.049066
    4.956909
    5.000000
    4.928249
    4.972888
    4.919615
    5.043533
    4.947816
    4.961006
    5.040494
    4.947100
    4.866301
    4.838229
    4.976553
    4.960793
    4.967661
    4.937365
    4.951992
    4.952470
    4.986046
    4.942117
    4.961789
    4.782646
    4.957733
    4.960834
    4.928249
    4.965068
    4.865204
    4.875890
    4.964078
    5.036010
    4.974050
    4.944396
    4.954659
    4.948427
    4.936472
    4.967622
    4.959011
    4.984353
    4.963951
    4.930320
    4.956269
    4.953622
    5.057161
    4.911890
    4.965068
    4.957128
    4.924817
    4.865204
    4.911890
    4.780025
    4.947474
    5.000000
    4.956454
    4.928834
    4.953262
    4.981609
    4.975167
    4.956975
    4.959011
    4.928249
    4.957496
    4.963951
    4.951992
    4.949293
    4.968659
    4.970527
    4.960068
    4.963951
    4.943484
    4.961989
    4.954678
    4.957682
    4.962891
    4.951110
    4.955583
    4.960056
    4.866301
    4.952470
    4.943789
    4.974275
    4.763854
    4.957873
    4.960808
    4.947171
    5.145226
    5.248603
    4.963008
    4.969727
    4.951124
    4.887457
    4.928834
    4.966682
    4.957496
    4.967184
    5.043062
    4.951992
    4.930320
    4.987826
    4.942033
    4.966413
    4.956129
    4.981609
    4.974307
    4.929695
    4.436260
    4.981339
    4.943789
    4.987884
    4.961427
    4.822390
    4.922603
    4.936208
    5.000000
    4.806798
    4.979453
    4.951650
    4.959273
    4.957496
    4.962822
    4.906631
    4.930408
    4.957682
    5.036010
    4.966641
    4.959426
    4.987826
    4.960808
    4.933983
    4.940617
    4.951924
    4.951992
    4.942033
    4.954141
    4.961789
    4.948262
    4.974307
    4.924859
    4.936319
    4.924859
    4.936208
    4.962822
    4.965942
    4.965984
    4.957007
    4.967661
    4.782646
    4.966251
    4.947370
    4.929695
    4.967622
    4.947828
    4.951924
    4.956129
    4.947171
    4.984773
    4.948427
    4.981609
    4.936208
    4.965984
    4.967661
    4.981609
    4.945973
    4.979453
    4.939439
    4.946316
    4.948547
    4.928834
    4.967351
    5.003011
    4.964078
    4.936712
    4.951524
    4.961029
    4.962822
    4.929695
    4.948702
    4.891973
    4.986654
    4.948825
    4.986654
    4.979453
    4.924859
    4.967097
    4.943789
    4.961492
    4.967184
    4.943979
    4.960399
    4.955976
    4.782646
    4.986399
    4.959293
    4.955583
    4.950470
    4.976434
    4.954569
    4.953874
    4.969522
    4.959648
    4.986399
    4.944396
    5.049087
    4.924817
    4.960399
    4.843313
    4.965320
    4.949192
    4.954569
    4.951650
    4.966413
    4.971989
    4.971725
    4.954315
    4.952837
    4.953767
    4.951110
    4.948262
    4.436260
    4.929695
    4.953171
    4.956802
    4.961006
    4.953262
    4.969958
    4.957733
    4.970918
    4.969958
    4.965320
    4.914500
    4.953874
    4.957299
    4.961006
    5.036010
    4.948825
    4.955583
    4.896742
    4.955976
    4.947474
    4.957873
    4.961006
    4.952223
    4.866301
    4.763854
    4.781053
    4.887457
    4.853405
    4.849457
    4.436260
    4.436260
    4.780025
    5.298783
    4.780025
    5.078983
    4.843313
    5.000000
    4.966543
    4.933983
    4.948262
    4.780025
