# vtk DataFile Version 2.0
polydata
ASCII
DATASET POLYDATA
POINTS 1698 double
2.77725685516191 5.78012821708942 5.16066035661048 
3.40441850289355 5.11190347749426 4.20237261486292 
3.86832173120759 5.36383086546011 4.34216154937846 
3.87196060078431 5.62150965712917 4.24808199366675 
3.11597226741901 5.05609746750156 4.8390944603231 
5.71979127067707 0.783396636080681 2.40030591273472 
5.69529302592821 0.704858633017279 2.63554713944606 
6.07524008832134 0.450432209537478 3.16641008125743 
1.40824983005685 3.00825389038672 6.61147806281072 
1.11556376169218 3.23794613630474 6.5029686681918 
0.806883393745489 1.83092948329296 6.48101171238211 
1.04875562278756 1.82479389283091 6.74860770351907 
2.43675011737782 5.89817850502889 0.730502252971032 
6.17353150703888 3.21582517627935 0.35363802806154 
5.63717950078809 3.14223945969082 0.531754904700179 
5.92370534087526 3.38553689146425 0.803882581453922 
5.34569248871862 3.60475953443883 0.746875162631301 
5.60741590128898 3.99633952163666 0.820291493361069 
5.64624842440001 3.26365106849529 0.749575923247374 
6.2400073607355 3.31011638042204 0.474987719446131 
5.89387029234611 3.88525367777162 0.859738234638563 
5.11783737235309 3.5284312673184 0.391416318807833 
5.16242319136736 3.60500654477234 6.63808820437521 
5.20618889445619 4.12191513900156 6.74098203741926 
3.04339965261484 1.0233431872471 1.06253924552744 
3.29779609832617 1.21413394521347 0.442591247472221 
2.00678754953247 1.63071885622987 0.641345806502846 
3.36303779292884 1.56557033564716 0.714256612213059 
3.10597565090839 0.894818807340253 0.651259467653262 
3.21243454543898 1.5094051814057 1.0306916526277 
2.78501242690111 1.86865411918368 1.13379347046162 
2.40177127432403 2.14113644229717 0.684320810906103 
2.70635789156189 2.12517810497359 0.925001637166425 
2.50646653366407 2.18701802065226 0.533128895630721 
4.74545361777394 3.42391594570335 1.50547719251791 
4.64746459076114 2.18175527559341 1.58244084348037 
4.40518423491809 2.0141837766481 1.69438900465097 
3.51994861291467 2.622762400547 1.45152069321882 
3.61217062313432 2.90761162374027 1.93269993734087 
3.87567495122823 3.2747294272588 1.78757530215564 
3.71731716021493 2.16450588728733 1.6111874080896 
6.40290126989669 2.03980806134691 5.10397526130933 
5.84569032056742 1.55188159252547 5.07498189421871 
6.47276832163409 0.621231352061375 5.35184102089721 
4.34458521175844 6.26397971788633 5.36233151140389 
4.25886985659384 5.96018380128001 5.78907487272302 
3.81196955627708 5.04182399343925 5.33060966859571 
2.23574882841575 2.70811698770058 5.13835055644022 
1.45556628808788 2.91140384715537 5.65564460962319 
2.3290111387187 2.8303617960131 4.78607742367729 
1.86983202991675 3.12304985651076 5.56683091861513 
1.32660532230892 3.18142339566536 5.6108092165512 
1.80430473833583 3.29561073052731 5.53106385433098 
1.31471275444198 3.00263937426637 5.63719634800164 
1.84665316068893 3.48741060463786 5.1560096056547 
2.12618087375851 3.27647727452864 4.70893817349227 
4.38897215832179 3.07017298880842 0.548992748402186 
3.99840926941352 6.73390941646452 3.6560104906513 
4.57577210676708 1.64902796747229 0.404692042641855 
4.55232767126412 1.13041831506379 1.62928594807197 
4.26171514276223 1.24268919688533 0.603721621772706 
4.20370353370162 1.14489734224519 1.32348661055926 
6.2388519398464 5.32500968278401 6.50181907239044 
6.28493575218342 5.34703159820212 6.01358089740853 
6.61584251451164 5.95616884074352 5.79612250039324 
6.51252639995829 5.05938604527266 5.82946466962635 
6.41068510382211 5.01998306236722 6.68162370955083 
0.434070598048823 0.846510296435096 2.6768054641163 
0.384012086756763 1.19055814115797 1.91091409821944 
0.219122196901787 0.98992012035883 2.18784743326941 
0.904794635965438 1.75938515283076 2.69696349620335 
0.818570084547446 1.20165115002643 2.9783609862203 
6.22319096234208 0.52457529194849 1.3245058129709 
5.59503697683097 0.766511903908005 2.37620324394307 
4.97718604751012 4.81088823497381 0.71081638883596 
4.98217461190946 5.75802423552052 0.936367214853147 
4.70487877943217 5.39797595441801 0.925281706311293 
4.58950142276993 5.31861809069473 1.5872358769783 
5.38219720989437 4.54694749592747 1.15443721225064 
5.45628235012992 5.56655555955949 0.582689927659216 
5.42065140323123 4.63435076115525 0.809321181565673 
4.90736819963882 5.14625634801957 1.99468504885615 
4.67913838282854 5.0894829089475 1.71062896655608 
5.64072878979569 4.72653680713366 1.46044502145501 
4.94750336179418 4.663251156471 1.18068182015203 
4.93642062127598 5.03309852450337 0.622215110038778 
5.40410581963967 5.28755868652837 0.467781262735935 
5.73138746039358 5.01677892513457 0.626238253241204 
6.61842360780158 1.28810925959827 0.920241412520379 
6.41182708407837 0.860563156840413 0.829878028683196 
0.802577245848465 1.51865600815 6.06096902244231 
1.37005978213329 1.44899093080988 6.74719016485172 
0.871780070424118 1.79927058562808 5.80877933743988 
0.50137545319235 0.73742618649493 3.58819720464549 
0.989860977967806 0.309808600534986 3.7800621960792 
0.774512957764354 0.260317890865296 3.7679576791308 
3.15219605403294 1.84471207694565 4.99011248257968 
3.10142910874293 2.53302432060455 5.43628021792949 
2.27648204825548 1.59248098129594 5.01938905423386 
2.9165490635068 2.78494014413346 5.33709841305063 
2.63422112796238 2.70832339860846 5.48247529204029 
3.30207647007593 2.25504189334968 5.04136518211209 
2.05953158445712 1.83541290613712 5.17120101146801 
2.62258780387945 1.52002969894367 5.40638238678437 
3.04506140088889 4.44876103856332 4.9118181590176 
2.71915858252302 4.50430768491547 3.64198947304376 
2.25683648935084 4.34875063663889 4.24056249333152 
3.42020392218909 4.72195558612647 3.96121686623654 
3.29767419904478 4.4312388461016 4.14497001074158 
3.01388976827786 4.64802608670905 5.03813144489274 
2.45987241438948 4.38684038429271 4.95348487943807 
2.63282971771874 4.66438889593531 5.11283963083677 
1.06819818675497 1.77888552286845 4.78619926054053 
1.43370322676533 1.17809723916615 5.12935701385645 
1.74052445819989 1.02205158321142 5.02527666405443 
1.70965489678888 3.10243043148134 0.328381974562578 
1.49712014424691 3.39726561386721 0.608607738078396 
1.77446130531594 3.51359725811162 0.947090125187437 
2.08791298826955 2.40664587393383 0.760396476303627 
2.07994017525234 2.6113872850688 0.490463090277558 
1.75303721215153 2.46418958808454 1.62566559619951 
1.86979256126802 5.66796233106653 0.644745116896985 
3.57182894947769 2.64266927964398 5.84411725763756 
4.30392321832974 2.81664907304776 6.4373643828811 
3.59480803365311 3.08470807217859 6.11368958999708 
4.04495147245989 1.89713916198385 6.59660578025939 
3.55652406597842 2.68501712684228 5.68848062668323 
2.76218347430416 2.5073244405954 6.46171389848849 
2.80011779460858 2.8270051142695 6.57779083791056 
2.47474263710523 3.4382332214417 5.89388297033229 
2.34063915882097 3.1153980125628 5.86872740271307 
3.59862382588244 6.67885922745206 3.59508909108809 
4.37196715072517 0.228232251179483 5.48205690194105 
3.76671204703733 0.26237261329725 5.66336591990233 
2.99483000515222 5.81623756623247 2.22706091319979 
4.05116731089991 5.50498606434827 2.87848695655638 
3.6860762553084 5.62797143400417 2.16224985742645 
3.85821143346964 5.90315866195233 2.40269465965218 
4.57528391658842 0.373583670394498 5.31891847942183 
4.4389374084306 0.419990628527076 4.98306955013224 
4.80138979873023 3.00212325751748 6.27394913203495 
4.62927627323622 1.50060608902745 6.6060461355567 
1.75001317573712 3.86023962907592 2.10129145864908 
2.05927188326901 3.50439982997674 2.18546126776116 
2.86993772895344 3.80779101711876 1.57912299673829 
2.71155071280743 3.36515498873837 1.16902679924895 
2.65583484168974 4.23723457284601 1.46818326197287 
1.71323864250251 6.42872706662816 3.61970789529028 
3.54623962247961 1.54644461730097 1.35161230132249 
3.43916989327337 1.89224923894451 1.61772071828722 
2.91957860131069 4.64679361872775 6.07765763509461 
2.07224514962241 4.17794201359016 5.77185924424171 
2.63267018714307 4.61946246794662 6.12188993711869 
3.13444982654277 4.32004932400987 6.23098808760008 
3.35381559141474 4.46616824278295 5.33086097073144 
3.3667081365285 4.14517704746396 5.87544424445188 
3.23171478631023 4.6430764112869 5.33289484622631 
2.09429849244432 4.07029166643381 5.33454108590895 
2.09322008213242 3.84985238889672 5.93074404559134 
2.14569694278851 3.66786441525742 5.72689872623602 
3.00989000828192 3.74361988121979 5.19724136690008 
3.24270036618541 4.27633139179858 5.05267762753952 
2.43868863163949 4.62872241419245 5.9018402645688 
2.15214040079271 3.85853683757624 5.32706205682406 
2.7965707473611 5.87557772247948 1.73062285296417 
3.87106593482514 5.31707215744674 1.67332507110396 
2.53407130070441 4.68617991671687 1.78180523151016 
3.85660644845277 5.12003152702636 1.81856688680286 
2.39830878586086 4.92297376630822 1.66686910104027 
2.82253267934602 4.67379950466238 1.55491999727162 
3.40995939982469 4.66952583022712 1.88748444447058 
2.51248235630265 5.22094288390107 2.49108771129017 
2.1336336766167 6.23153685617502 3.11646052226246 
2.92644971301294 0.20339710919577 3.26477660445916 
2.1740399946027 6.55127156757213 2.70333567976578 
1.78307394157055 5.58558677440812 2.45646056554825 
2.11174930565763 5.32117989651177 2.78704254326124 
1.9270253231665 6.42764114334911 2.41954591455682 
2.69515670987028 6.04050976916879 1.65939673595582 
0.701624960999008 6.04287854203333 5.77543048970778 
1.21896686665675 5.37715071164671 6.25900770119132 
2.27103223874785 0.61896163739179 2.25622694759371 
2.78590613869815 0.503551527002099 2.04904841245829 
2.42008554049982 1.19235933696917 2.16081700917934 
2.88814775105008 0.816133837836193 1.99855526546238 
2.7880392682057 1.19151693892814 3.35532484818614 
6.25006890605771 0.0752957330172844 5.58256458143002 
5.28806437854652 0.726179644352843 5.52984320895131 
6.44402695330915 0.176742308986503 5.56877622068497 
3.8664138297688 4.78400419451518 0.744621251115802 
3.59649745655522 4.57485000192842 6.76461813270989 
0.67837374909473 3.67154069886906 5.66192803338133 
1.2049739914813 3.49593005878376 6.58371556446297 
6.50716702923846 2.38032500126849 4.542506578301 
0.155629291676688 3.23057275929952 4.99641685781557 
5.8604418530174 3.42267219992555 4.31670413098336 
6.3922463975346 2.63460427305153 4.91525547298532 
3.0062681288163 0.753689387395949 1.49714598163348 
2.95672295884439 6.58606304344519 1.2905523436915 
5.62254190198064 1.19290183347877 3.93062944472495 
6.12733829099191 0.147412663921697 4.03813998956706 
5.85404407418619 0.190164815367167 3.65907853913292 
6.35291671046563 0.686069589018629 4.34789404689937 
1.94604807304423 0.529755696821916 2.0201748724657 
1.31856865405634 5.22378158710597 4.8700665743953 
1.32221472983733 5.64574714910685 4.84637309784238 
1.3982137088676 5.1162069671263 4.72456238985677 
0.782396769264771 5.88119524399134 4.67348981758171 
0.708138394019918 5.49102782692297 3.49739257043136 
0.99158539952998 6.08754812832587 4.2649360525594 
0.952425465759876 5.72197999123234 4.90347177018411 
5.73478816190261 5.05740536768314 5.63018839885322 
5.21997686532202 4.92917354473141 5.58087286521364 
6.10883657995171 5.13860638854227 4.72037375105497 
5.48517672126655 5.37447797559895 5.47774866495692 
5.48969399272005 5.55924755808765 5.1739356026835 
5.58710219381883 4.86087202535566 5.69304531242495 
6.15269555916472 4.80451908027122 5.4259620082689 
5.70381967742605 4.59514579516556 5.58349154031753 
5.19616582828216 5.25289361564482 5.47879344882415 
6.32540785785391 4.84600143506804 5.05334426815315 
5.14001601594616 4.75131444597986 5.42347401539973 
5.44646378849858 4.45829160986797 5.37452777843203 
6.12561280187587 4.66443949824138 5.42967840898718 
4.01942677879053 5.227521938061 1.60418212575836 
4.46826506087151 6.10693396424362 0.602705150331275 
4.87511249066462 6.0727800111273 0.798334820896549 
4.287029548463 6.32895566274232 0.763087529689388 
0.814102748193021 6.54334008617857 4.44585588695174 
0.532689933072366 2.74704974382825 2.11900627363048 
6.43805839352653 2.74776010857979 2.74257835654165 
6.6902816370918 2.2415831801965 1.72471760541051 
0.36839902822726 2.73636578916902 1.70319432198597 
5.43523533849601 1.59815782679907 4.87790567216045 
1.69369289844367 3.33058458054648 6.83386774227254 
2.6379468372589 2.91816931657802 0.209063510637934 
2.38349898424231 2.46763462745928 0.327772628702525 
6.0924174983201 6.53439750454357 5.59962392280868 
5.94385345810577 6.71319553217566 6.37809608451521 
5.53486247282636 6.2913775211098 5.65917771675364 
6.23573854420258 6.74913054320697 6.02470119389774 
3.57844064102508 0.789406859782878 5.93635281968892 
4.03019060228678 4.01698850450297 2.1932777462379 
5.45897321017747 4.18392724427103 2.18838940342001 
4.40013851030954 4.34523714366197 1.9626467262073 
1.23704410133744 4.54070209375993 5.6799085269024 
1.19643227294695 4.81975292630273 5.65511671568627 
1.4504506729331 5.11241009195682 5.014000864262 
1.51472698914557 4.26148700724031 5.10793211991212 
0.454390414590905 3.41975562724168 2.69977587118671 
3.14181909935689 3.80777467776868 2.79118174694027 
3.84557609022391 3.7585119464161 3.65807651920095 
3.42736647220182 4.13778407566351 2.67814697809125 
3.16267752317601 4.51996175186011 2.78284086857056 
3.54859201699478 3.54678282944888 3.15896187809001 
3.59958168824722 4.19011931796433 4.13643674630467 
3.61232192701154 4.68871567788562 3.15501247289896 
5.44149268546281 4.23433187129528 1.22073520974676 
6.43337766686241 4.90052404055231 0.330832229561672 
6.3396055671814 5.43352076546446 2.42852451834218 
0.384015923776171 5.09186022126472 1.76365277640957 
0.488328771380963 5.70319076668101 2.77509445441275 
0.695098633725718 5.66132225329537 2.31978561788607 
6.77251620979188 4.99348826280479 1.74674787579267 
0.235645837856622 5.04924382418761 2.89304697013972 
0.408077663239069 5.62600266542033 1.72260807884221 
0.312872316293705 5.40905570003658 2.99989144289651 
6.50654805497014 2.67453594814998 0.229666235199251 
6.86550162482041 2.64011379585738 0.555717953505211 
6.75684575022824 3.01324868573341 0.757207763068501 
0.604660968259928 5.89356945884047 1.06641778567921 
0.928187746949006 2.34016951465458 3.66173604755959 
0.551542802444193 1.76022201098799 2.99746715598675 
6.24304558438514 6.21473188174707 5.48287374526396 
3.64299215278554 0.96315430919284 0.30705326141242 
3.74067368614733 1.00911715231946 6.87644395555214 
4.3212147420677 2.53404811943153 3.30796860163556 
4.27369351881296 2.01698454513772 4.46189447814735 
4.81623421258586 2.0591430562255 4.19665150471274 
4.86633530464544 1.54203002986044 4.02708169411479 
3.97594888807917 2.3373605360871 4.24671970486733 
0.859939142138955 6.54916230206081 2.0307865175611 
5.78675168801836 2.25856661244442 3.00901092996326 
1.52551889604733 5.45857602245123 2.44595363019905 
0.678874486897616 5.43170671725335 3.27768424923126 
1.45823782376346 5.40645781735249 2.25710960899861 
1.90237607252577 4.99922734421912 2.94011600064461 
2.33682736864063 4.80315908242161 5.99714556761091 
6.06545812079972 1.64314793696885 6.46373558471182 
6.68189728793843 1.93697405697075 6.49710294248798 
6.55582268458923 1.86910976888544 6.66161548877379 
6.07980475181536 1.69094640056588 6.21973119927499 
5.93256468493035 6.3616138663175 1.9607551663882 
5.91509508720739 6.15887488070302 1.54021926335574 
5.46567608307993 2.69212901080434 0.802379351260696 
2.99767430918128 3.45755671604916 2.17346565858909 
2.4471325290859 2.23525598238436 1.96487874161828 
1.80503692795472 2.28259122855678 1.78574867931623 
2.40260678450925 2.2156832125766 1.81985210361311 
5.11489886377141 4.72828214362044 6.58015226590502 
5.00507986983035 4.3415358349107 6.6880441858498 
4.64137310950741 4.55286244566813 6.10010242028953 
0.90278905018159 6.13644925598893 5.36057462069494 
3.75991228808364 2.23080931778796 5.18889719744544 
3.49758489880972 1.24816758011819 5.74735753165329 
3.81022569482687 2.50957415917793 5.56924641167033 
0.974872628531128 4.215220871743 0.606641499912146 
0.830519555976907 4.6748163471344 0.0995787664992426 
1.8565812924568 3.77356268204664 6.6852171883391 
1.61294764510123 3.49088492044855 6.8313209180184 
2.00686948520756 4.4806432485317 0.160326929569469 
0.722705288595042 3.97760640984235 1.66374010791118 
0.386577121056629 3.55637078846541 0.877307718588537 
5.85539004976401 2.0649600438853 0.699494450684197 
5.74630846938783 2.12946213956989 0.875669353827971 
6.03241667000984 2.95622993417328 5.90749374360126 
6.01989991292546 2.8658503062743 6.04821327216024 
4.80914177698249 3.35853083434021 5.88457703662807 
6.00347530586462 3.45528326440506 5.83614977339816 
4.7539663604665 3.2744523308345 6.23438513086798 
5.74755886197195 2.80652681215004 5.75366108833237 
5.37638704097285 3.13374881294098 5.53042441221765 
1.46358990866261 5.03022489996753 5.95392759048377 
1.64997703339778 5.932376868972 5.29950972690064 
1.90527272777361 5.48857973266592 5.56880357902128 
1.89433925734044 5.46401117311684 5.67622320137436 
1.32286920058264 6.21849225299183 5.53816534256225 
3.77138734956569 6.46874590225215 2.4090813474931 
3.62209713122656 6.8638062111986 2.11162219208131 
4.00719631734 6.05158869410881 2.29967518517704 
4.30045999720444 6.71673960376723 2.61444854110217 
4.38880819982568 6.09164369448225 2.44409576517941 
3.95592599792905 6.77062930392203 2.57581526106289 
2.3569416252041 6.13527304729108 5.2877371664621 
1.96174336801008 6.20110683488629 5.15203925342647 
5.43845216449184 4.66490645519838 3.28518434564297 
4.96142941952272 3.6728313104449 4.20615764261897 
5.22678702788015 4.78850106901172 3.51367431992852 
1.8190729672161 0.701417579540039 5.35669179801863 
1.44436622914466 6.90320061270271 5.3456903216902 
5.43137649790261 5.11455813964272 3.3609923345688 
5.25699869351793 5.03926800373585 3.5086728842752 
5.46961362134945 5.65514297242572 2.86928641064626 
4.38256848071072 5.37788127518258 2.95063680666397 
4.84254651271797 5.74476407675026 2.61152473368349 
5.34672536508968 5.1478117356012 3.6823933448217 
2.82606455859787 2.05608558241101 1.36378521968536 
2.49007582432157 2.05008898864831 1.79231085207975 
3.10169096243847 1.92439954015745 2.24728304455525 
2.55085400343444 2.05924456698989 1.97731821031593 
2.96721986290936 3.33102368389032 3.88534888815281 
3.54155675220478 2.21634838688517 3.54991111985362 
5.49857189172939 1.85944329199837 5.73648792173183 
1.90970250937105 4.80119614930349 1.60099053095471 
4.13937382262063 1.02756464436792 0.421715996231415 
5.7848184917997 2.5340522243113 5.27541536590326 
6.34509717990812 2.51888106061614 5.10925369303691 
4.70833926882073 0.812191627202781 4.55652789018641 
3.40335309541735 2.15598298063427 2.4645960308406 
3.61363628786732 0.55727361359543 2.81256791124033 
3.83463220744836 1.7517213341808 3.12040286570364 
3.98808742329356 0.905957176190736 2.91381499102794 
5.11109106521335 2.16215837858139 4.41704295422088 
5.19854603320928 2.64566410373102 4.7329511926295 
5.06542919583201 2.2493872980988 4.8019928136321 
5.26257355262469 1.90203501550684 5.08250865903743 
6.32703477141088 5.4801274857399 4.60194310336618 
6.34614302640008 5.67663342630459 3.78813215675362 
4.52753193827296 0.832048348278062 4.88871081591145 
4.7517267083666 0.827477087108585 5.38051082535714 
4.72619614244135 0.978974228328533 5.15069531223981 
3.42546936228292 2.71262604567207 2.43910662284887 
3.66909680037718 4.0632755853844 2.08298033192401 
3.5187055567413 3.78314792721779 1.90283982997628 
6.22815641022659 5.48563136588604 3.5565269340859 
5.81253823884236 6.19879499558821 2.50592356829127 
5.87425911473657 5.771599457527 2.62940103311627 
0.241227857685046 0.860982656603706 3.89459200544271 
0.64244397881593 0.13411428405247 4.15154893981272 
3.89875342298249 6.96703332831723 3.01550418777939 
1.45604664298992 1.86150568426684 0.707278932223631 
4.19869066921644 4.94797619752113 2.96032281700997 
5.94325487022018 5.56291090535574 2.39730800654012 
3.0291116276406 3.01884270947431 0.393787167636222 
2.33149108085394 2.41585626449963 3.23591309715149 
4.1550639461321 3.42102321044167 4.97478502096392 
4.35571677401088 3.55323601232699 5.62518293566809 
4.15462960491113 3.27629151033657 5.27988338160242 
5.05998161296735 2.89675717412855 4.84196037718562 
5.40851097996803 3.35986038906242 4.80663248691283 
4.93030555137118 3.54030443097016 4.54372623506773 
5.31204728778532 2.99761866426748 4.93942087439923 
6.07131181748808 3.6448309246193 2.98016782360628 
6.10286112775457 3.26334220890332 3.10757310862167 
4.53724546524962 4.89980531403657 2.17024742015937 
4.20719437804449 5.16540599559644 2.81741923345418 
1.55112692907504 4.13437352347889 4.08586419841193 
1.46154144003975 4.27226454949935 3.8367245435459 
1.31886260787175 4.02828988619096 3.59609941992612 
1.53059325938803 4.47210844961867 6.00180552515494 
1.63865988892113 4.77199545040491 6.12824611621896 
6.71016288204972 2.53679961757215 6.44798878351177 
6.51293470866233 2.68554533885095 6.67247912991248 
6.33371009417043 2.36532299671397 6.93200755332449 
0.228027784809071 1.81845231475562 4.40400478954355 
3.88198143839998 4.59403628579698 5.35325180452149 
6.37147946111761 2.44520232155427 0.2343754456793 
6.24566667078739 1.99250943645716 0.834441758687765 
6.53309964277968 1.45989841041461 0.693241699946556 
6.58735211764847 2.21626543342626 0.537723494422827 
0.69724809926185 1.91861599945797 4.8525038134112 
0.493906028114619 1.94555539591132 5.40335093424923 
0.416557481975751 2.41375388438656 5.49937625350968 
0.607941711369281 0.716336448052996 5.00026872053141 
5.47978134135925 5.82424363288738 0.295149557230225 
5.57629125593501 4.86081106534575 3.20585016850989 
6.19307846747663 5.19764217837464 3.63304766999752 
6.60137984133036 4.77692416467467 3.9068841028051 
0.22688678738388 4.67429296611319 3.97451428612528 
6.75292950395392 2.609057269985 1.02621657960872 
6.86158091478273 2.49721566399906 0.660063077284041 
5.6616943087898 5.86638072964304 5.51885060867082 
5.90895110935252 5.3282161672722 5.94859204571918 
0.321834522486929 3.76555432873646 2.65634590719256 
0.218088032726737 3.91644450183698 3.04785944799633 
3.5582358158575 0.752644740496916 3.92862078604458 
3.99715556529586 4.16709630428655 4.79616674984742 
4.39106040610615 4.84379318093787 4.75444293010979 
4.68382630642374 4.3917304244158 5.76339639390411 
4.28369112706738 4.42191786052229 4.44187393251338 
4.26009495199328 4.31189374673838 5.61718979641103 
4.04349877892002 4.51072588196132 5.21357118690792 
2.46337475641407 3.5231095376085 4.62445115875894 
3.15604489692309 3.48398062809551 5.07835012171161 
4.65716163891223 2.19415236693512 5.06747728391036 
5.49896847536491 4.71281067159126 6.48842037943724 
3.65925891810015 3.58314903175579 4.74957047359395 
3.69201880041479 4.06668150988301 4.68749834234235 
3.60477483347448 4.38469203767511 1.77874096270031 
3.66396851364021 4.23469099563038 1.06882761200712 
3.42925608652695 4.20883372046049 1.51323837457052 
2.86109899534398 4.44910003194016 1.4080472911769 
0.593503948495182 0.652135109290172 4.97749873970963 
4.26553672187114 2.07360825470358 4.87923672349113 
6.54587060426059 4.5336575157053 4.09188588766988 
6.45688074533491 4.08192098859263 5.93069898026781 
3.0024157349033 3.2710725820889 0.528118971220457 
3.09885512134595 3.22687128226546 0.909227123878843 
3.74510695510607 3.8359190827262 0.928038076927212 
3.38801135404703 3.91196630361433 1.57672112031739 
3.61121065482154 3.60942378786089 1.15943395877121 
5.26778506914827 1.81626918159384 0.980050964986784 
2.85975460546579 0.992166354487773 1.12705211241678 
0.649094367841222 4.29147000964364 1.0364333839824 
0.336569728679417 3.92595952230911 1.08663249878489 
2.48309746783561 5.8422084931194 5.4712852611172 
4.41752860581315 4.53252726011343 2.69211344400648 
4.5851728214865 4.61338761542425 2.27110092033953 
3.14783054318534 5.33062973370051 3.42372949465604 
5.53754340904284 3.8547769693717 2.42075347471229 
6.05725987855394 3.66754320697607 2.6359037130559 
4.82164327489805 4.83530773254014 6.13894369137441 
6.1507836083247 0.815529438637116 1.16149604311263 
5.26601951832015 1.37533552589598 4.2397322160013 
5.4375837024983 1.68830744379565 4.45262660665274 
4.96859608677442 6.15247113406209 4.01281466639407 
4.90064586747028 6.44230549564533 4.45411598512444 
2.09973182636977 5.58897546441965 0.542942065181583 
0.676219939162194 5.37926983147946 6.15659963328842 
0.515299252672597 5.74320677349034 5.8779748415367 
6.64185403005424 3.1161184772303 3.79929408483632 
6.70196003607108 3.18909019332447 3.47758517100808 
3.24048012024652 0.819112211948228 1.36969168940258 
2.01164556361576 3.31122479512182 2.54213624903578 
1.6105674569781 3.89761443110398 6.28289172231443 
1.42130031123343 4.28838180994731 6.25102767807532 
3.08073989212385 1.81070728041047 3.2129226373145 
3.02267597946057 1.94490990953048 3.08491258737682 
6.48916986564543 0.231804204166075 3.99537495943971 
6.60986312754347 0.479622274408056 4.16234045473426 
4.31416606642568 3.69964429436846 4.98819700613138 
6.04523276474761 6.13498660609853 1.73068255519812 
6.05067997422571 5.72091132772609 1.84931379035244 
3.4086171187056 1.80304495836206 2.07862109142973 
0.421241519699459 3.32939549288734 3.17661788285413 
0.784577562380307 4.75071507721252 2.01159196564594 
1.40479946888567 4.93035628945239 2.13397673987354 
5.95660636169279 1.05897141118289 6.30446635034631 
1.40717018101406 1.74688852694087 1.58600777586379 
1.1800601510187 2.30186838821771 3.76757750602892 
2.55983365656084 0.701342377656477 6.3914987108504 
4.04164563671734 3.59346687076654 5.9474080966401 
5.50451207867498 3.47668705626102 5.53257134265037 
5.51205151237577 3.62375207483899 5.1049631965225 
3.2414346070896 2.47549789700892 4.56008613902188 
3.87196554054084 5.43836026807131 4.68399165760246 
3.16025340470425 1.26422464592811 6.305255214306 
2.39391655512061 0.228796088230209 1.0756180569168 
0.712901302850458 5.73269314740993 1.39015694896207 
0.777872916173324 4.28069375921775 5.77679554218768 
0.690638576152357 4.15103750264162 5.64844261247638 
0.0588951131717388 4.36256391169116 4.19983872373024 
0.151827024479599 4.28863857531562 4.56422450209487 
3.48328553589526 1.10405051001243 2.03617094098449 
6.52296238288636 1.90403971693875 6.18592454846323 
6.58487370708636 2.54401917652803 6.15664387238947 
0.340704831611095 2.23935302129565 2.67378350482933 
0.530210517218848 2.26433387274009 2.30802425156624 
0.665484567518336 4.91052241281709 1.40455191148685 
0.468390066342425 1.68668747036964 4.67511152869824 
3.95204431203755 6.51832144235719 5.19437365244162 
4.08276264368171 0.146324760654079 5.31600603539481 
3.5313292264107 1.31574656193499 4.39699233124321 
0.825938057275655 5.31618440558339 4.9577913647533 
1.34602193117137 2.14667641143441 4.66946820487427 
1.44657786194662 2.15379035373906 4.49410780095989 
1.21717265378837 6.13531565997955 5.93281147114475 
1.45790697728162 5.78378780806442 6.13590614631206 
1.4063906599314 3.31025645612509 4.41923395840693 
3.14914290133472 4.85093386797565 3.61527892770065 
3.37948185283003 4.80171155610255 3.11435783407045 
4.14727367126835 5.16768919043724 4.24131648991828 
0.772879687282378 6.25303546388868 1.0152460137361 
4.73957705877861 3.24925552845978 4.55241911991254 
4.27118651114592 3.21061466679139 4.83163392316683 
6.90132127142815 1.94381090646721 1.88835545228877 
3.92963128199434 4.42677947399541 1.08150920644487 
5.1876445328376 1.04804869855434 4.92464934633462 
3.52479337121244 1.45916199722515 5.10280486456261 
3.66443050046315 1.23581064675125 4.81456983664624 
4.37529582356285 1.06461152966367 0.759923940120686 
5.95797563804401 1.74402865134913 4.25383827373497 
5.46377313090208 0.502321464027885 6.10216364704117 
6.42800125613827 4.80186238691634 3.40534206663657 
6.34184167891017 4.70031678288729 3.32627957476825 
5.6206489828443 2.75430572904034 2.98749380750515 
5.27166404089052 3.80480602255585 6.49236123245427 
2.91243660491237 2.95927137056215 3.74475302839793 
2.54640764287005 2.93744868325617 3.53453255948243 
5.75822930715723 5.02005410808066 6.72801460757466 
4.23034293418109 3.40909400768171 6.35317453356468 
6.20237637925314 3.91962638178137 6.5563569123482 
2.72267946814598 5.34823102820337 2.59371359019232 
6.00633928606517 2.22864572821182 4.01323876287095 
5.59899527449794 5.62313293902784 5.71453645802665 
3.84613466645039 6.13299896725819 0.868732708143083 
6.48746930236427 5.44315594667378 4.11710151808821 
6.36392603239428 5.11851824276706 4.01165443889996 
0.989085413488444 4.79479461325821 0.072549231269098 
2.75612007847906 5.25910826764744 4.83579925428041 
2.4811547538579 4.99722736358546 4.98801627958698 
2.59844940298623 4.25609914240275 4.85824130954252 
2.56038214681878 3.88239571605356 5.00123015552803 
4.01658441971541 2.60743578603774 3.49166519167362 
4.21898027058876 2.69208417552064 3.84146245720115 
2.12563651261683 5.43767690035018 5.67311091235416 
2.13015198799111 5.45552189799746 5.59153401111792 
4.30257663922592 3.41143166677768 2.65354827181387 
0.946292756686863 2.41413898066742 3.46331392669316 
3.60638269062184 3.37683146645476 4.44722957070908 
3.9862465518805 3.07354709493861 4.45518191483941 
1.49041973270363 3.7676300207985 1.63485338224144 
5.33350418964659 2.08889851594329 6.65286278466529 
5.57492403906809 1.93863914012591 6.78122403319616 
5.33095312128405 3.8464578959907 5.12116350027322 
4.85630612692532 3.73642244932693 4.67253340442282 
2.72980700517902 2.30109225316296 5.74829334776132 
2.84269153104581 2.26563759556681 5.73548586139921 
5.74513894247671 2.27460285270936 6.96747199477925 
5.8634391954302 2.38039560778443 0.361385854093733 
3.58546794374074 5.72910394359763 4.03664780623536 
5.01025747082382 6.39104953603784 4.57674368909654 
6.03549827325688 3.34636535514469 2.48057863627854 
6.06935217135447 3.06405227411714 2.85400530903432 
2.19125418239945 5.12879162243099 0.666718591074164 
0.977392384877926 3.70994603512685 1.77414075425534 
4.36203209673905 5.07011299613624 4.69248028486339 
6.00150341938558 5.81474461206469 4.74040716292711 
1.55562696915655 6.66176249943958 5.51325774997774 
3.26649676159932 2.09158070067801 3.07743651223186 
3.3530644367288 1.99702721345478 3.19734789402323 
0.607742749812325 1.50773427625834 4.56340645370678 
0.533893533127771 0.748842368737836 4.96976363587084 
4.95450543529697 4.93098351238325 4.87201158744148 
5.45587839218994 3.43104288404947 3.54397864191129 
3.00016529432064 2.45985830320325 6.43041013186546 
1.0265733316543 3.18759076507896 6.1392758315475 
1.08814905987825 3.4022735169183 5.97532038534375 
6.63055606163538 1.69502628116147 5.89613627483322 
6.78523945190013 1.9839007463243 5.50173813417553 
5.53128107236531 0.694819049685275 2.56727437474201 
3.0198352877267 3.52209519355405 5.58438459661539 
1.26241864707801 3.72383711153812 6.27072381244067 
1.09303741934011 4.13414705562155 6.24367293649788 
1.31586014625978 4.33297303387417 4.50811688244252 
5.57711529345643 4.2376583646894 0.565237894719414 
5.99874155028657 4.33919448753539 0.289773569541432 
0.333730515740254 3.78596135142504 1.34208074887896 
3.18949699527647 4.96724540739549 2.63368100135245 
3.38162849619241 4.95447203295151 3.04069964878213 
2.33233341362192 3.56901480589674 3.1794824436989 
1.00334170122355 5.96917813025522 1.64054828282581 
6.38185884107875 2.43780146172423 2.77838094255541 
0.601055225911666 1.81697925200218 3.68791569022475 
2.25092564498712 2.39566943268901 3.3466399219528 
2.28878622984571 1.51918743998418 1.6156673684012 
3.93298605751653 5.2568123489595 0.997805132335336 
2.73989762981031 1.64014010772678 5.5897601485884 
0.608488081349678 3.44628406913145 0.663758415406144 
5.52059983722566 2.79182514226931 0.548907603649737 
0.893953371268814 0.767701159991121 5.74208298968831 
3.54725450625412 0.546760167243583 2.52434108922655 
1.7485821608602 2.32474565169611 1.99095580754818 
5.9297110659521 2.72497753960494 4.16893762469295 
5.97631260256291 3.06083997916208 3.98793902628939 
5.47631122165856 3.65965511690708 4.00603826945027 
2.52815638883659 4.79134779694886 6.2167238381983 
0.166330971408487 1.48095225023223 1.65856256880856 
4.70858742837455 2.4647271901587 1.79033802004536 
2.64623281013558 4.77067486603629 2.40865153047045 
3.11339136248319 4.74411352001293 2.54429058866097 
1.89067952439219 6.62454959396178 5.31176073453963 
4.19625343015787 3.09117732429868 4.03140427192565 
1.04660808332854 2.95672926306692 5.21155784074903 
6.60240948245183 5.38892578905693 1.6561131995535 
3.22111860824998 1.45544184827736 6.04466036153084 
3.17563758828547 6.66229239598365 0.94612857370653 
3.47182154758523 6.41604362685994 0.642265339904731 
6.12051912625606 3.67601488204283 4.40868399493653 
5.92915756899153 3.38409759574531 6.5610802427218 
5.97102541340922 2.9673373718432 6.36827266137142 
5.78602300589058 6.82522688693015 1.1644663963512 
5.45092332447915 2.80539704811087 4.86325322353345 
4.43515337108079 3.77682422122437 5.50896198688864 
4.41286594479049 1.54676040814047 6.7852016580473 
4.15561613108949 1.06566923783662 6.92262286770526 
0.73619024493538 5.90948319448815 3.7294478939211 
0.489775918232158 5.61796978872102 3.72666980119422 
2.5590935013809 0.765086980469711 0.818981462044683 
2.12153846059781 1.0089079464909 0.756028522816523 
1.83466874636786 0.986512805480092 1.98434592806333 
6.1972952425422 6.52612425082213 2.84038294771195 
6.85831848394975 0.869289113609067 3.79911924582219 
4.08828158070994 0.28890747482803 5.01818510084409 
6.36939792831385 6.24138841347019 5.21969890163247 
4.44665144376425 6.38030413941186 4.4443520065307 
4.81747156069359 4.97445751044223 0.464430546213397 
6.42444682775678 0.820550938648899 4.84661216936348 
3.56213735577589 3.16214931077774 5.62946790426045 
3.16010855524903 3.29609590900748 5.42643733471061 
5.43928443642945 0.834803019485288 6.16898813380216 
5.3499212544404 0.990876035525158 5.88672961312723 
3.93203800201507 1.81223570249926 3.24927173312846 
2.78665764433569 1.57015763857246 5.42018711603444 
3.32096362825644 1.23944816714349 5.37232648600697 
0.99661381777681 5.74778565731089 2.32197284428511 
0.842680475228906 5.99151390863682 2.05110570605452 
0.364832073922238 3.49164049199326 1.25191350069286 
1.03352542750815 2.56417982111871 4.67765164853681 
1.60154435203491 4.05317894604085 3.19100803376538 
5.62424716824929 5.52464889928158 4.9158562124302 
2.20546842406193 2.57011820942256 4.50942226561716 
3.43434675431421 6.80232397228047 3.53966915048912 
1.87678952253325 2.91341793687316 3.78434724306615 
1.8794207372226 6.50739929958493 6.53945449899425 
1.56299114367485 3.4030945877118 1.41860588529258 
6.1766900226568 0.868360813926179 0.415372054747283 
6.18658520947892 1.01878042819935 0.339824267362742 
3.33702306686772 0.926916932974123 4.25512099707763 
4.04756373975739 3.15145943109476 6.44389141074484 
6.45345644125811 5.59929183163302 1.86717904775142 
2.49955191520702 3.68611362152384 2.19756670803912 
2.73515334209319 3.55716977388722 1.94631122085567 
0.84852125537043 3.39342356006965 2.50215464165065 
3.71416169712352 5.92253710515253 6.0320266802777 
3.17933101044955 3.61467645795341 5.85735289213628 
3.57787910722042 3.29675170905428 5.86857689902472 
2.23785261368035 1.07673410316455 2.25475108341538 
2.4872612082658 1.46325106315182 1.21373749117125 
2.08721175913709 1.33844061431915 0.928145305906407 
4.05669954338983 0.49795205237677 0.814527667039971 
4.2813073515283 0.825472053798914 0.618196471213673 
4.33220935646276 5.40988046426149 0.713755534613724 
4.40606734549042 5.14383986336634 0.434904164492514 
5.11275478535987 6.37426416629607 3.54201801586409 
2.98370264544633 6.78300621303809 3.44698146748837 
4.68988072512487 6.02331989791512 2.17974138379646 
4.10955312149159 1.465546585022 4.3930312695353 
1.94306919728364 2.15008069907353 4.9757679191823 
1.70133949732374 2.14229386383834 5.04649946249447 
4.11953585301899 5.28994787892826 4.89580443735047 
2.04727351436926 1.67964764986262 6.59202770255735 
1.81452317369615 6.90446162410539 4.81333279780307 
1.8089303290445 6.91754423932928 5.06597873620493 
1.73120471033934 6.06154440050404 2.65549410114289 
2.95101095122212 3.16442143433352 2.55618676717306 
2.92513003506893 3.49169771120001 2.4935994030779 
0.67910791341902 1.52816672572369 2.83584006293328 
0.259455154642726 1.03931225275069 2.51501358079255 
2.5119770524771 3.09297473960791 2.76296538913026 
2.60799410265518 2.81366131890572 3.25038042594163 
5.15987941913257 6.19011933130638 0.387656969548178 
2.99682894794236 0.447857348722253 6.31335677767965 
4.44752928188276 6.48185104616437 1.43595135863766 
4.57507886817536 2.62529079266413 3.72055168919872 
0.373030056242576 4.80426752349474 2.24892218495736 
0.535083926353833 4.97041224424444 2.07119632211532 
4.46111570231647 3.48219154498819 0.591348662135261 
6.74374537385599 5.59324777987953 4.82620718380443 
6.09110314425705 4.75229232398069 0.258984523891052 
6.05319379786514 4.78708942681804 6.89504939552577 
2.93150055469954 0.838280123875419 3.57408059267941 
0.702955831958981 2.7561814204372 3.54463450330057 
3.14659635608963 2.31729828083865 6.08947992273732 
3.41928081498174 1.84189937650147 6.22977427515133 
4.55877024865929 6.49606474026431 1.13492367244169 
4.91306953100369 6.29397639382968 1.06810253327853 
5.53252332051376 4.90200249975558 4.36740776119841 
6.05356374524644 4.93814813818847 4.48521384278485 
1.54869504997476 2.68448565053459 0.270716926358649 
5.44029920967796 6.83573033916482 0.897648022360466 
2.04517891356058 0.260030190808942 1.16906145591289 
1.84869190241929 0.827871004891722 0.947493329251509 
5.13805504899508 0.5113772818065 1.59031070317039 
5.42574599348561 0.338351147804617 1.92266593633707 
3.84317701971521 1.17637314123534 3.20798376859018 
1.19305802421182 1.94347515345041 1.18158167333564 
1.28248369579027 1.72265587336979 0.945982977538077 
1.29263285611867 6.42473154946846 6.21014358205068 
4.2576221862769 0.71592438040556 1.94257716579237 
6.14086542872253 4.69455137070117 4.54702865314542 
4.85381426953595 3.98995520728862 1.41371367907163 
4.0374160937337 1.3204920532664 4.79621392993347 
3.80115863085975 0.875113400879521 2.23197690706796 
3.54783502764921 1.05099239335133 1.58987374540186 
5.38516791744361 3.98754319642633 1.96385722634687 
4.86378138826135 6.2980503024535 2.02016766176767 
2.39227299629663 3.34112836755469 3.55411235702963 
2.00325858199491 6.48909171177456 3.49044622683546 
1.8739538046743 1.61905500640011 3.59214370887795 
5.55601770431353 6.74474047497833 0.479545517690106 
1.54287870362686 1.39620538029621 1.49187587722422 
1.51572424328634 1.32534721049066 1.22309219349755 
3.21301605755071 1.89754819753101 0.49998782559963 
2.81415430166953 2.18472623244248 0.721068076292658 
5.09584421038054 2.46704581443751 2.43138600701406 
4.61386492022637 4.32897910556066 1.31461049852134 
4.26877402427188 4.25806887850842 0.956909388044111 
0.110387927639811 1.27830028824297 0.997524012223455 
1.38414866875772 0.960836917146639 3.24811983143369 
1.7392772889418 1.10903724451131 3.38292430764021 
3.50386036783437 6.76491806037106 3.67435900006018 
3.07242102036281 3.12843304950401 4.45845655483976 
2.90020444545649 3.19493216805362 4.68652873892814 
6.88885537877348 2.61032235714412 3.73265663008348 
5.87779429621786 6.14576662743077 3.98550489743383 
0.890973747125951 4.91439199332525 0.0777671819567476 
5.70279207316752 5.73156636312594 6.71050957978114 
5.93465709930537 5.3176503837318 6.50430399681744 
4.66995618661684 1.1585265767935 6.47402495757888 
6.87716928755885 3.60821256797155 3.48219499495602 
3.16222400016813 0.964062341051695 2.21342404666974 
3.39528256719643 0.576431596289842 2.53886846207268 
6.42437819643192 5.67316898634417 6.70571164402548 
1.97753158466601 2.15766439048442 4.6882237430307 
2.30766018511234 1.77783160383805 4.54068052233084 
0.185375933500299 1.73833285876162 5.40159857278101 
5.62490994304994 5.5296128863832 3.43430672477363 
5.53651492251297 5.22582830555632 3.5043696310195 
2.48913357614164 4.56068352329167 2.52772122200901 
2.99996373563496 1.29576297698126 3.11833374974755 
1.34826364950698 5.85609307742437 0.342790429839902 
0.99822512383643 6.87198974763883 5.11463376567058 
5.88419482576619 1.70226878950403 5.25582797173801 
5.59390504127801 1.96168842861464 5.33996469740329 
1.15137442295648 0.924762589618912 0.954178189174498 
3.68730686587499 0.701563426458434 6.62352722685907 
3.38209567268887 0.805873600353536 6.26351561493215 
1.5373839784731 6.77888816560728 6.01337294274457 
1.83543155901378 6.81815421171836 6.16712384261203 
0.451407864914362 1.50406725023421 4.06892484264216 
4.63080274519418 6.27654480121727 3.33701497351338 
4.55464763005735 5.84581681006074 2.77055601207748 
2.42502099642799 3.18180583468901 6.2851544651751 
1.56026782908721 4.5590390947301 2.49264032403368 
3.756278424277 2.72294889242939 2.18283374955182 
4.15022979786808 4.76924236677438 0.458226890543733 
2.26694458918606 1.00138840569487 3.1115531627437 
2.24611511031231 1.19884561635954 2.43665813221389 
2.67924062471487 4.13377219831546 6.39048999337414 
3.74120076887798 5.2839086875461 2.27849193912164 
4.00965398055018 5.2597320308479 2.79009142395241 
6.47591523734795 3.99397815263438 2.57707639191432 
6.62275862341776 4.0774977069036 3.01233662196249 
4.06833111472619 1.08781888320589 2.48651200640137 
4.33012485719525 1.02591577545313 2.38422610319115 
4.43655086411147 1.22031498481273 4.18446839461784 
5.41343218506348 6.03115585637619 3.77685561592879 
5.6455065109957 3.82214399400835 3.20503166269501 
1.78270841072101 1.30606823743995 1.49226787156881 
1.76435931538701 1.23384940679424 1.20003767749779 
4.27048635648041 6.95440552553316 3.20411215138676 
4.42757909146894 6.84825638040667 3.10323141056251 
1.30133258737764 2.55128458306627 0.388900188130998 
1.4849344907689 2.18012946424626 0.770097255739675 
0.684533354337971 2.0165433390598 2.90011485032045 
2.41781655574117 3.3418299171272 2.74961067694851 
2.70334488552925 3.59092282274871 2.54930007450547 
4.15997319800331 3.72225118972153 2.86245601821765 
3.74798371560747 3.74195511044766 3.12814837944794 
0.898268744372951 4.33977949732008 1.37698170115303 
0.888723502460984 4.70728281499897 1.55194450119709 
3.83552263587551 2.54218226061372 4.52854096233426 
4.02405639696754 2.35483192439877 4.97799565182495 
0.256793533029199 3.65947396270967 3.32056646650627 
0.802404289479708 2.89044640222614 2.09678096468658 
4.96957712165476 1.07194532605603 1.53443566484478 
5.52068535609609 4.33791328285102 5.01809664602938 
3.61338044156888 5.69482077721593 1.57109885164534 
5.29051083239671 5.90574094413571 2.83007274668472 
5.21930240427931 6.32931373632288 3.4953959049696 
1.50639381712111 2.30727739437635 6.63519937012346 
2.0636738687107 2.04464040111668 6.56623955915953 
5.92218394217445 0.322493595000686 6.22623526534185 
3.93471832876325 0.827368663962444 1.53372858860107 
2.68197425293907 0.10189856325502 2.72290583796211 
2.98458726824542 0.270598873539705 2.30661672087413 
3.63336839802043 5.40376153464361 6.49445338296255 
3.64577241321615 5.55485825332688 6.04276478778912 
2.20747640284338 5.55190751558214 3.11284714453356 
1.59486349861667 5.0146046989076 2.80184139252355 
1.59769702184565 4.62600147112765 2.67353515760169 
2.5923970056571 6.38557520605549 1.88027286754039 
1.96068404597936 6.04845359945999 3.09084024811399 
6.49862918838415 3.96084886402865 3.17200404671998 
4.87624492281956 2.52947287962587 0.852480674188408 
6.90712832113224 5.30342280744041 5.54592730579686 
6.87582055546397 5.18345489757045 5.16562873357582 
3.90612274851613 4.15871194158896 5.9793682583127 
6.06817856657899 6.44300237832329 3.85492492447105 
5.78881187485383 0.230371680107234 1.37802410379563 
5.77241250983042 0.178605244183388 1.74089091594183 
5.71485533090991 6.35605937711941 1.58100221519192 
5.73456412191072 6.47607110632724 1.83792569448942 
5.78496535900554 6.1699576166298 4.37317519265431 
2.62920998735745 1.14042294166601 6.38082749620198 
5.12204424706123 0.930995066911083 4.58127800624558 
4.30235979391439 5.51842965329507 2.96992170210779 
1.78308202794214 2.8743341129714 4.15975558690387 
1.75350821282927 3.24168842433391 4.29023526307463 
0.905514486280998 2.1539077874937 6.06667460699784 
0.670822431268927 2.51529270222303 5.92438217555342 
6.54489298377807 6.22742657399846 3.08530951915813 
2.08865243011312 2.13870322793118 6.32557018105673 
2.69486726063084 6.6483539410001 4.06712668616665 
2.47203413292777 6.3298280534214 4.03905776968565 
3.32110530683847 6.24422505424892 5.03183255417206 
1.11919955267029 2.71572403123939 4.34356143789973 
1.32324648106792 2.5460894737805 4.21971652614435 
4.66787174642129 1.42749104350992 1.82827699219579 
4.58314240882995 1.4181672617867 2.27847481782852 
3.67955710952473 4.57899458878817 6.75856219405047 
4.0246646844592 4.35484342118667 6.34935991327007 
5.85136688969235 2.91137668534456 4.60000547976079 
5.82545668698226 3.3391723681025 4.55610638797677 
5.66338218056181 3.14876444487028 3.5110020257543 
5.46587463548088 2.89404161662749 3.41167510886641 
2.29612762858382 2.70667219435742 3.67113545885933 
4.19541548613185 3.80584482255544 0.823611658046355 
0.169181371023507 1.03185534388883 5.19311164454546 
0.162197360805273 1.54629286580138 4.98719691519361 
6.33847550654567 2.18304824006477 2.42779039293354 
6.34173050615385 2.41418282315549 2.08838885456891 
5.95059429230536 4.32765953950854 6.85493814710652 
5.6184249455915 4.26109038095765 6.63702228868301 
6.23165701457874 2.48109702135306 4.15339853691865 
6.7930198745696 2.70311279839922 3.8991752064224 
4.44999432154867 5.42051802961562 3.90824794921636 
4.5509579920804 5.12718235739932 3.43090553324721 
3.42393260476227 0.567681399862097 0.538583137588497 
3.56927232273919 0.414745419843036 0.713078348679984 
5.76065726420671 4.25009626433491 3.50015567133924 
5.93254644967941 4.34136954985374 4.857376178663 
5.92984619824958 4.49634471827488 4.53831784810532 
3.86074205829296 1.44214814563599 4.20436527285 
5.00940470048279 5.48606181974482 4.06242652868484 
0.480044427647616 3.80492966451651 3.61621037776643 
2.43635598243879 6.41555118775025 3.69897900077469 
2.65321356213094 6.72493337242997 3.77528462295433 
3.94178117119001 5.14771404086377 6.56791595022744 
2.48505970678707 1.12138536584298 5.26955256841294 
1.75638582163493 1.52668357771169 2.61463479182239 
4.789216048544 3.66607714140193 1.24008590605952 
4.38099742920337 3.58673174047312 0.923744003328099 
5.55064936304291 2.96965501655685 1.03110817981566 
1.67560594994234 4.98119089256698 1.7223082822985 
0.365068816766623 4.4110579741547 4.68885031605819 
0.358153927352123 1.56861689473485 0.736953539815874 
0.705536468833908 1.34977184585977 0.53058387505784 
1.98998321819178 4.30824676674739 2.06779838489049 
2.03846400228363 4.46897239843193 1.71478373518905 
6.88198963715804 1.54416952552585 1.74807947302534 
6.56552089113273 0.882810750002866 5.81542012941077 
6.24339845940185 4.52687743480863 5.08596064713601 
6.33369907025773 4.66441597669838 4.97131453438919 
5.14246766066556 5.98852494969624 4.05975596734471 
5.27733571566157 6.06441423140607 4.40216466326481 
0.82238817773927 1.09818752915107 3.50413959771769 
0.703591110600336 1.56934847426019 3.85067435479142 
6.801512626241 5.92656167973088 5.6576299927781 
6.68598008974427 6.12432904165155 5.22061669209147 
6.1945646640001 5.91365384063711 0.512000401237624 
5.12466690256822 1.46623845124082 0.652416170203779 
2.12599542731797 6.35255079534835 1.92878845740307 
2.2997443133467 4.30436176844053 2.10539402548154 
2.38109225547354 4.45663637943353 1.78050871465091 
1.22318330337603 2.42325216431734 3.34592027690934 
4.98198962329593 1.40177764929037 2.48707388987885 
5.36286700939928 0.452980284505335 1.19997813600391 
2.27488118883169 1.6327667798552 4.39551060643143 
4.84817324638145 1.84834534001153 5.32330154554012 
4.6393291930151 5.94465954821738 1.90385278827684 
3.01406251906676 5.12413382032565 6.28533957680379 
1.9863332290108 4.70768821363807 2.87043475432183 
2.06706519702063 4.4776170415408 3.21097333995397 
5.54501370043732 6.27582703463767 2.58031286945616 
1.54803540350113 3.4765090252724 3.44603175444412 
3.91638326184187 6.47173661424311 4.94117605424964 
4.209274380369 6.17520241969651 4.78771745462966 
0.312416724632582 0.887978954315102 0.920678776220465 
0.716357062099946 1.20182726472436 0.541867881334038 
5.23189917598 4.47967228330268 2.37258357178767 
4.02722548658406 4.07588207325386 2.62507958039233 
3.65248303219727 4.13344994063751 2.83252803580673 
3.1018184625956 6.94227665840049 2.09545972129305 
2.46261307681881 4.18048129493082 4.27945814639496 
0.817512997939406 3.21985098737419 3.4402588530774 
0.267558254902013 4.9979918741604 5.10641918594238 
0.202274893014312 4.55757651292243 5.03168989956107 
1.5844049388749 4.49717816333753 4.80462490351409 
1.52791173768844 5.00799281265869 4.85036572673075 
1.88454038805319 3.11098514485999 1.63663526030757 
1.64728640405725 2.66942596042538 1.74516783070531 
4.76954782207233 6.15704818087769 1.77035201240027 
5.0694305831081 6.06506878369572 1.4454001016102 
6.39681266282839 4.27997547157464 3.95911938522858 
6.25030110309061 4.33403941153108 3.48822829772652 
3.53780498365533 0.452701800866227 1.24018031775765 
4.21388568104937 5.73963214477327 0.553963062808953 
3.60151031923652 2.20944891066727 0.460907742765116 
6.81746075886276 3.81847964221872 2.31668157936138 
5.90467642195405 2.40511266025915 1.77973611623321 
1.88902372615204 3.28215835929076 3.74869234048211 
1.82131621736611 3.44348216367153 4.06135164982833 
2.69145721873094 5.60959772032197 3.34393021075054 
2.62302451435269 6.07748272430676 3.24017766448957 
6.2458008611741 4.09391589148433 0.464144005901062 
1.29482396395228 2.20909663553533 1.12318701124267 
1.64010188616045 2.57403666128929 2.02886965288943 
5.02503483587653 3.0540796869273 1.48777703152623 
5.34759399327571 2.95235899274909 1.84628894659871 
2.70719512619168 3.54908053870444 3.81392110575393 
2.38823385861722 3.70303528621674 4.22887741067463 
4.25544738081589 4.57428237862529 6.08169546534089 
4.11168817443628 4.3874207488148 5.74522048293597 
2.62790091500665 3.4011188879071 0.489329663455354 
2.349197748717 4.85886429353243 0.29651538412242 
2.17370274103239 4.55288175048996 0.135780696407999 
2.99176718020701 3.59712438231992 6.13032540778201 
2.95529607460002 4.07693413585745 6.37929040016355 
1.61957808716661 1.51619856042189 2.89309083223169 
1.82484366169704 1.244852062693 3.29744861159316 
4.09921610453325 0.677597262200966 1.90378130556444 
4.77134597883822 3.631515930747 1.79321767268782 
4.83747993250685 3.9288085198372 1.72238381769145 
5.33092426979122 6.48051863766788 2.1480359811682 
4.79798297987563 5.59237325469016 1.74481222379492 
5.09889791898412 5.86566498335948 1.4081126777358 
5.30430312658148 3.23707475340123 0.268664865089522 
2.67290604225829 5.89997011470811 4.2607297671861 
1.62489418310411 5.96170428509186 6.50294614436747 
1.52984221368268 6.26150289028401 6.53736302906545 
5.92211654586997 1.24780100780576 2.24846100032273 
1.19542662421878 1.11773137306787 2.89847438615725 
1.38967052071388 1.45705219017037 2.75823300764492 
2.3172568622905 3.0076345822246 6.12451372024509 
2.55128539296048 2.48465462724947 6.2062533499135 
0.595250798371348 4.36915936799752 5.77896284682186 
0.528672382344663 4.27055288254039 5.67774200257734 
3.36971211660635 3.73735897883602 0.303558038638822 
3.1930955980503 4.04249012691853 0.183404702108318 
4.38105569248269 2.07483255284581 3.12878003692697 
4.51184571836859 2.07885765202782 2.69195943775606 
2.55553730664173 6.06159529480785 3.14425081180954 
2.52244366476361 5.64282121313 3.12261783564759 
5.86668364660193 3.27226429785845 1.93448588115509 
2.08721643992261 0.168934576989423 1.55450986975593 
1.69121593889301 5.51378940957509 4.23949859933796 
1.57478201893821 5.48205347663107 3.83010318724766 
6.78729015742761 2.92238479809892 5.13782361727951 
1.10383166815859 0.980547698799818 3.58143655398773 
0.169378390241099 2.96769064027348 4.94923009887432 
6.81646070757486 3.20663172330902 5.16534534455854 
6.73409008755907 3.31201729114334 5.59874262345118 
0.584383193213395 2.71451678532031 5.08494184049639 
2.72540543205936 5.96761862175944 5.02355747201941 
2.56419956451827 5.82696757244963 4.39313202694406 
2.93264149359228 2.6093036067893 4.34024619760992 
2.79688333758317 5.18829551282915 6.33366442604325 
3.53831986439981 6.43319731528296 5.40384639057643 
3.54294579516659 6.71099669356141 3.47705074538301 
4.34014338842966 2.42100484799753 2.19283807946725 
4.09198955788761 3.25806839535701 1.88901720341766 
4.25195177384887 3.56736229290975 2.11208987238622 
4.91994838984881 1.81334822154387 5.76211083627243 
2.21020918690717 1.29279708663642 4.96539739959638 
0.857418452737957 5.85404246432444 3.60575003205571 
6.28099133832895 0.0747525314729781 5.85547222511672 
0.285913639857118 1.64194610394405 4.05270595650216 
0.327740379497761 1.86382622671057 3.82236227934773 
3.05695302223603 2.83588869690773 6.57315045460178 
3.28658634502122 3.15174742994991 6.42870736876256 
3.25916747221987 5.15324590666762 6.60141360382322 
5.36325431047041 3.32065708299008 6.76402553658355 
2.96031529918309 0.99999317939381 4.11675202203847 
2.56411899103038 3.10384455799091 1.45797178176407 
3.64898680321961 2.08414040591501 3.97387653328347 
3.67689787791958 2.19271836512955 3.57201185422163 
2.52195996006431 3.48168431958685 6.08372399700111 
2.35500579327157 3.75411585040223 6.205906475107 
6.20778777256754 1.22611366251341 1.45015283078901 
6.45664730097329 1.45472814433935 1.30492429438959 
3.00777043434604 2.75000013209818 4.51188092476405 
2.81978471640081 2.90037450990866 4.76405813388436 
1.55097539200855 4.94892825378891 1.48254135991029 
1.71124889566487 3.671533627994 3.15871446189258 
1.60219286554685 3.51700039324297 2.80928606142785 
2.57748010245786 6.05201276815091 0.56911453975407 
3.20080153135729 5.97941494735385 0.336379671521339 
2.21606990842636 6.65949370167028 5.45841731708866 
4.70100908445788 0.700727029427246 2.81092829924023 
4.43280958912713 2.75924288127702 2.86958198416561 
4.5543668935682 2.39381734465098 2.55009543838675 
2.52507686360496 1.88050280980951 4.37935247812564 
2.48632378150323 2.44734380849144 4.28668663262157 
5.71256510186043 2.68452119569423 5.93035364607578 
5.57977208826977 2.09182552503294 5.98819787890118 
2.42025785420753 0.30820650358004 3.75101062093387 
2.62915887290354 0.476822601100193 3.46983337774297 
1.17794905105228 2.61905617876662 2.29763455328459 
0.850119783647079 1.99321186466517 2.78021920658584 
0.846233115480319 2.109547554285 2.43466632089772 
2.31058391800012 3.95726480451711 0.887393641750696 
2.39609035077648 4.66606473075214 3.74323944273257 
2.03684511824061 4.63380660393132 3.46429377411186 
5.65427685297022 4.1630910588129 3.94784352963454 
6.01358787481833 4.18145100042096 4.20495465524617 
6.05880123894058 3.79133283330471 4.88801718801973 
3.816760436637 5.63135131174064 1.80490900241947 
4.08121486981068 5.96007469314458 1.89088500373723 
3.87925973529036 0.515027890577389 1.33861009666939 
1.90001880835042 5.03410309275681 3.36467939200682 
1.01790555505902 1.55790938830429 4.61050870290962 
2.15632186323095 3.266460500635 0.903916234143883 
2.44186102526692 3.46074954837894 0.869287690212215 
6.31704567152374 1.08721330245992 1.8805745782007 
6.73590816413054 1.297245366767 2.0651342151572 
0.431355974874994 1.83015267701445 1.70667801539966 
5.4855397901605 0.80221179611822 0.472514259519832 
5.16015601088775 2.48807980966048 2.04083875551231 
5.52967767884874 2.09111398710078 1.97461228111906 
2.81881393891975 4.24268431736321 3.91712318018297 
2.86185630512354 3.76232848351979 3.69169685912012 
2.34467367481255 1.27419575992811 6.04261694986721 
6.81991809473345 3.58657842992769 4.08228021345073 
6.87835075601665 3.74663856844886 3.95129545729716 
2.20929282862848 0.342428074417365 3.7000945349818 
2.19344660112641 4.90831038535345 4.70335411394311 
2.17717076853773 4.55931530723323 4.67367707752254 
2.13501096162319 3.42032162448034 6.70500462491313 
2.13352632231857 3.68522012733017 6.64294179867462 
2.10387210452089 3.01927623192704 0.49939532813807 
2.44033007150279 3.16130897485675 0.282469318775358 
3.60522567753884 3.08034479434034 3.04094335844631 
4.0155896845093 2.82330211841177 2.24144926639955 
4.11600296656709 3.01419065218882 2.70307236113095 
0.107897458898899 2.75844405723837 2.85519186162611 
0.220521595269153 2.94081869419661 3.21161535095007 
2.22125950796332 2.99820613699667 1.36252674555317 
2.19958033776888 2.63563419749183 1.3452824269826 
3.35888328073713 2.92699328578069 2.85340060538167 
3.22563096615876 2.68916459467416 3.18643523309199 
3.43939255356688 6.11070249247902 5.85106011818134 
6.11979766708969 3.62453225524012 4.68753526247334 
6.5030628389032 3.61405237037377 4.90684655558926 
5.3596949417894 4.44107845120148 4.06840677394163 
5.36925275064882 5.48426221754192 2.81230772283507 
1.87957814204569 2.88642659099078 2.52073757625672 
2.27366238738832 6.74395337422203 5.83497873284427 
3.87458561754701 5.76772603145812 4.60833805923048 
3.45327580842848 6.25449093125621 4.86722017161116 
4.76060646093119 4.37008823072174 2.9987661692662 
2.04863780113584 4.33951964359527 0.179406592608401 
5.73356930202762 0.293487878362428 5.27867988188479 
4.54983120563571 4.2366173734743 3.96777668927139 
0.273939220132077 2.48019307845178 1.57123522148977 
0.282454718058216 2.07091172031385 1.83855508926032 
0.622824557079037 4.90908396156928 5.6825274127833 
0.498185069104233 5.09568720164438 5.44028523965184 
0.375328155979136 0.734138001104009 2.0252354188035 
5.26715234284646 4.57942385629448 4.64024730772215 
5.49788367948826 4.66164966183183 4.41330420200957 
5.68406508595228 2.9239823126501 1.71679614586666 
5.79049824955067 2.92738344843018 1.23429448232088 
3.17340162193793 6.31644380421285 4.94952998748439 
5.33076331342505 0.484739579112528 5.58651767036538 
2.04079685733532 5.27061924149023 3.47913755141988 
0.58731904291531 5.85336798598113 2.10616791947902 
1.21164474119185 1.11754511722327 4.82021817869549 
1.42056789222094 0.943226304910651 4.54620135070348 
5.34908484703692 6.62414196523116 3.40944491238942 
5.53006990041859 6.71417733732361 2.9794025282616 
0.62410146354545 0.563278451451583 2.37099233096776 
0.521645221594582 5.170388249651 4.75974247402856 
3.20125511865954 6.62523943008153 1.24778378935388 
6.5579183122048 6.15165341709344 3.62938442101854 
6.58285823299251 5.835241367576 3.6526582672124 
5.9858306199927 6.04373753934366 0.252952871379859 
5.12204455645495 1.04569822165515 3.1968329433075 
5.0619700419183 0.964423899150062 2.82301141683765 
5.83570151962188 0.863496014051797 3.04864286860015 
5.49961138857918 0.981329243819163 3.35384754944379 
2.8522436210388 3.91747851914792 2.85991514887561 
2.67100664790239 3.91703119978567 3.19722147055244 
3.59704233540816 5.76270940632115 3.37464103577028 
3.74964248583392 5.89209891568645 3.69044437464853 
2.2621823140492 0.599367551319837 3.20102955073059 
2.27649568393526 0.322007138889919 2.74066608525625 
0.200899868702675 3.02352388167543 2.48056458105724 
0.297312428013145 0.461920685734638 4.32276740184822 
0.515998946438051 0.677888364485566 4.94504150077349 
0.13660695853125 3.8438697002912 4.03896975864723 
2.10241095519713 0.552661522692645 3.31015496847441 
4.9663519209362 5.28532102853371 2.03573640543706 
4.87145258867535 5.57750816061256 2.61375647277563 
0.537486635971136 2.3122334371735 1.16602864993217 
0.622539373980552 1.9961074713679 1.21317776304078 
2.09131520713704 1.75702404803962 5.95202176870104 
2.08403312773028 1.49450803030967 6.12874582650306 
4.61860674131188 0.731693583872132 3.31816225249519 
4.52116870868738 0.644519284969687 3.10923313052425 
0.385382970221943 5.22495584687165 5.65241201072583 
0.486300382459523 5.06781505242158 5.84670841878836 
0.939277505030724 3.76230462981475 0.42265522530744 
1.43096381303961 3.63661474151411 0.442903197917472 
4.5994715385928 5.17357410492679 6.20293436148314 
0.717309010204715 2.48825575580784 4.72474427037151 
4.89920201662453 6.1827072311262 4.97576815017155 
2.61036576649865 4.26395787419199 3.19539456082991 
2.78843523944798 4.29842898858588 2.86664139949756 
1.55407892222633 5.66834457829251 1.59746900849867 
1.70704513644575 5.45420174442751 1.92334516730169 
2.59673810398157 5.51433930813713 4.31388087726462 
1.19202816978192 2.89686844962026 5.91293827062064 
5.39105188041696 6.30824446962091 6.14989034613453 
4.34969063482927 5.61922264365826 5.7121393070662 
4.70292032145764 5.47242762707988 5.96022446514286 
6.76655010243751 2.68539101653312 2.95672313298896 
6.91092577767017 2.89256980281696 3.34002035122128 
3.12845506142177 5.77893016927987 5.26494130224311 
3.33828588894878 6.95390166456296 1.50501001525447 
3.7062424372757 6.8603196376188 1.74979785316406 
6.69630196749546 4.73343991789275 6.24077396889511 
0.440434022979888 4.87890928424691 4.07527758981257 
5.52402844601737 1.21778028793917 3.4593280021432 
6.05235037916666 5.96561077070689 6.87239891087744 
6.18685741277295 6.54672773639923 6.64306325412782 
3.34157232873803 4.6810576416097 0.442196307639408 
0.369738478092085 5.46234060458204 4.54918496686169 
0.289581225310942 5.34984504611523 4.14791861111725 
6.10072667206091 1.47552253174123 2.53326836675071 
4.64072442343562 0.421763377090119 3.51023177712407 
5.75345210212562 6.78314016612479 3.47692714128822 
5.82916998282173 6.81303398982201 3.09260994211287 
3.97561576114297 6.3005892551143 1.56973837941281 
3.73094834706866 6.15554873014747 1.34461407587079 
4.78204628500745 4.66874048454142 3.44632564002828 
4.49099266667557 4.99302911191193 3.42655440131631 
4.9462520739313 5.9492219226605 6.41007735774986 
5.34579713714749 5.97328599601137 6.25499639287445 
2.41284544513111 0.433358726667545 4.14577694829663 
2.24676887948724 1.22939276107163 4.54800780516346 
2.71211916857742 0.812978045012067 4.35257186090656 
1.39703150268505 5.88190281454751 3.79760748734586 
1.57728325034003 6.18507319437595 3.46496852783776 
3.65349047833781 4.62930850084016 3.88096050307668 
3.73663108323409 4.26947150008822 4.02674803234409 
0.620984206560666 6.28386092242849 4.81278748292857 
2.40192846190945 5.16641351067283 3.78852773540659 
2.29984877137545 5.30213456676854 4.22702725265407 
0.763276126778999 3.5611681562308 5.30154320443539 
1.23474784825498 0.924647096178167 5.75072366399994 
1.06446351336924 4.7422924182971 4.37701565148048 
0.598711709527545 4.80319361858804 4.4515755169425 
0.785250554297897 5.25163405818209 3.31986936018715 
0.488289274893416 4.78516160786908 3.12273401245355 
6.05363453731177 6.61576151519291 0.366450608007902 
2.8605973568329 4.59116828452866 0.647157695746332 
3.23782819110224 4.49833365326711 0.532471484776633 
5.38664062603232 2.44799337889739 6.75779599086311 
0.714951841984734 6.40789541244965 5.17556524628324 
2.7739924636321 2.28909961381177 1.25453382625703 
3.0547784545612 2.62780457745412 1.28515223575119 
1.43210377549743 6.02099225841796 4.13587886837048 
4.7033794876406 0.387936851182111 4.39148256608999 
4.39573498037145 0.467245861272181 3.93809949412877 
0.984765646916078 6.63542090554754 1.62042088054468 
3.12736723204435 4.93063813187383 0.447175474993443 
2.81379984479898 4.79114363226079 0.598778537171942 
4.46007388537699 6.07416487932259 5.07573133400929 
4.47322853608088 5.63292717559741 5.1789595062625 
2.41421429465841 1.81603883555034 5.62617834449028 
2.60826569718121 1.60108595978784 5.58616438743387 
1.06387455856414 6.3419494467514 1.44760566700277 
1.55025859873285 6.40708594140114 1.33511081677545 
1.60470910449183 5.81616853281929 4.35660411372142 
1.968278143486 6.09945328966841 4.47524189863505 
3.58853483005315 2.98633068026152 3.27659442212289 
3.32006171987954 2.7351072525715 3.3351267429019 
1.13001285672985 3.255740806373 5.27644414846991 
1.38810328509644 3.50540274528581 4.96615446259191 
4.06261109788552 1.24724270238891 3.52447547818202 
4.01228877255364 1.12962205115964 3.8391399224461 
2.52631187463929 2.50593283499568 1.47656420967284 
2.73947802542804 2.78472619782652 1.52632714157081 
0.155537039347835 1.35096568099207 5.83799538561072 
0.395372279057488 1.29417303519107 6.06904971653617 
0.960956829609642 3.14299728448313 0.835612573384289 
6.74270656422337 6.14992961685657 6.24704807925559 
6.56287376790604 6.5444471234303 6.33451288409119 
0.91712539211613 2.78215411295988 0.706460716963862 
0.906192552598917 2.54367337960222 1.10333388353039 
3.00846685099826 0.578209949494127 4.69009192509662 
0.150323177638372 1.18472582037263 5.80450952558991 
0.384957081710275 1.11205410660499 6.02224942669199 
3.55427434828439 6.24148819633687 2.56209248288209 
3.39217534934571 5.25985744973993 5.06069236845231 
3.49361368214798 5.08872918046339 5.31956056940774 
4.33620778616455 6.09255676912358 3.74091436962933 
4.42803686681054 6.03414057676217 3.92599347197218 
5.16054434514822 4.3539371837191 2.8706478024121 
5.31005447055016 3.9216569335885 2.87386771598737 
4.01983790219945 5.33592237790007 5.83260406312423 
4.21438885079294 5.06670351999882 6.15758544620018 
4.18018716764419 4.44142739335499 4.18101068513143 
4.0727117806678 4.81010091124399 4.01312513256509 
5.92634132916343 1.38035231909498 5.64203081389208 
6.14990852296135 1.35321667360231 5.86049745767663 
5.40466969041383 2.72970045484292 6.48094049128866 
5.19612197852701 2.91187141709415 6.60994594231509 
6.03202352796396 1.37117312623758 5.97507261017176 
5.82304715413365 1.39468418975022 5.78545479235599 
1.25771788300067 1.1743197108055 5.89630818952484 
1.4370426875966 1.10690234863717 6.08040359577699 
3.17303983712062 5.79512789643779 5.73826058940041 
3.34892175147654 5.47094386016273 5.87364368053302 
1.34426174249501 0.797680577640123 5.80821503078678 
1.47223823911593 0.853303395773107 6.01036298853021 
1.64443021104025 1.34142239403065 3.99902570403763 
6.58604336998187 4.13387766865167 6.16286085591309 
3.53044860340281 0.795092131875153 4.91431624621017 
3.32901648064849 0.642700294223144 4.60132959849598 
1.35528935883001 1.78670983894571 4.11192048893319 
1.70280682314264 1.53584779869481 3.99265216126542 
1.30684627643237 6.14738978711559 2.68432802628305 
6.78809267768644 2.69965185659344 5.90512571600483 
6.88864856684299 2.50470019411071 5.59190428173411 
6.75271534804342 4.78127822570078 2.09606934189138 
4.34289552314802 1.13259332542558 3.60012943509207 
4.25340830275293 1.05016173843229 3.85907305756753 
2.11256744283576 2.72644747916365 2.61309430320634 
2.15617776351673 2.39798742455245 3.07047066967091 
2.11742445201747 2.29891143799276 2.24652516049273 
2.15351249856683 2.01303279047738 2.50313372953311 
6.68803119877023 2.73346270514571 5.40402313535893 
6.61432265571938 2.90616208568861 5.69274502682191 
1.94376657609998 5.57149425878233 2.0275728991207 
3.46597922904953 2.10559193242605 3.98902591347243 
3.15180145326778 1.73888265149341 4.25653851356304 
6.69875698707591 2.96957418654144 0.980587260955817 
1.95187836948696 6.27566509556107 4.36956902965942 
1.62418813074532 6.30667673069461 4.1321251085582 
1.50969701973122 1.07983721628994 2.08772838402865 
1.512536703621 1.46711293183368 2.50271461661291 
2.38632512892211 1.79355525691122 3.72858633633703 
2.75066099736007 1.59792916749952 3.62966770719463 
3.64491212977979 2.02512131774462 2.29695676816685 
4.94950893829163 5.15535316614363 4.81958526100499 
1.20332623601413 1.59445131901539 4.15162730194628 
1.40016588563128 1.30261725982619 4.07107831720659 
1.13437093181535 5.78739624634464 2.56167559699762 
0.759748829452298 5.74634002108861 2.96440998070297 
5.32068912770153 5.54519222809383 4.81765528770617 
5.17783593385279 5.27239421330515 4.60674875493617 
5.0608956880958 6.54563107951546 5.34056593617179 
2.87743087142667 6.30195444878461 3.11298044618554 
3.3800233662809 6.24906459293509 3.13502495857412 
2.35473055654774 5.37802756614535 1.98713672961793 
2.6757130201877 5.7903758413997 1.66804809856008 
5.86350182514601 1.13850700709389 5.29022302426732 
6.17034853810105 0.752421047140206 5.13838548481776 
4.76220672088524 6.64017299265344 5.58582507683587 
4.00083651823764 1.77343788949943 2.56190675158594 
4.29050600388495 1.9032854900095 2.45250611083551 
3.1549889323505 2.366400828218 4.40586118583509 
3.00329203103155 1.93300471188897 4.48813234234578 
5.7427457734128 2.14637839062401 3.2213794610475 
6.6581553984265 2.38670600861695 2.95634317927064 
4.26555596548508 5.77368387477225 3.88378117278145 
4.2023551898932 5.84624901680382 3.72034776913259 
4.0071144744825 5.04314112870064 1.73685062556736 
4.40113990590113 4.89711738242817 1.86781732664471 
0.293366775544948 2.45316487917893 3.96448481075298 
1.32367664545653 1.27118444685889 1.80606924390405 
0.687104034493246 2.615748751479 3.81430534399332 
0.73507136080197 2.78120387318614 4.09529852272215 
4.84614098659923 2.35576976461685 3.84521397169526 
5.03086571758069 5.39001054423074 5.06920638158072 
5.2403369462009 5.57300164766648 4.98500127540969 
5.77715089567886 0.528099890584943 5.10050199354925 
5.53247850843541 0.837589985820879 5.22266210979559 
6.21138593213811 0.684282593664562 6.35094439586097 
4.21492029630691 2.20278097951743 2.13515815638842 
3.85536487501485 2.26317565323736 2.08542516186118 
6.48758835630779 1.90827538838372 4.73457471885183 
2.83997671009326 1.55037971617289 4.07640280715357 
2.49257988614105 1.73585148103206 4.23505152661853 
6.12702958870362 3.53325383819849 1.46573734966036 
6.06103818941553 3.22420715827073 1.11257976972048 
1.46769719741178 2.90017029163321 2.7615533016981 
1.40917786867315 2.71667910084514 3.25001479861863 
0.511097024805431 0.870682765582102 1.80256433788323 
0.485628034087196 0.669940097630914 1.22852127554352 
6.26421807707214 1.66225957663466 4.63190831328737 
6.46162724969854 1.4436311384598 4.5666059032144 
0.947242964953758 0.831519110721981 1.75777128264961 
0.858598047862068 0.637663601239519 1.25774410774308 
3.56723613623312 2.54207091658771 0.568219009178959 
3.19647629367616 2.68195728512849 0.712971278651258 
4.32563136695616 4.53413129312546 1.74081736579846 
3.98718174671707 4.5945579630437 1.61885905143106 
1.34715542364194 5.18586633407064 3.6984168791058 
1.0849140495384 4.76494374313606 3.99750646288212 
3.04959911999006 2.94653428685657 2.25128109631509 
3.0793335058636 3.02145553323763 2.12467230019886 
2.22559779946412 4.36015533699203 0.163069131262819 
5.57264227393329 0.412706002770403 3.80071429220761 
0.374143711438448 4.61460110589724 3.28217759856334 
0.467879852256424 4.6122981451312 3.68122095603613 
6.47969902188766 5.76987399993041 3.00136771112252 
6.5218490207348 5.63174528475911 3.26054165547254 
2.59069982518375 6.29648338916665 6.13638011961488 
3.23080197511911 2.80654946548641 0.984757606068226 
0.810880696038931 5.2785733604339 3.49502982643403 
0.640779187783158 4.84218549004297 3.84886928726473 
2.32256185428154 5.98816802935326 6.49739152582979 
2.37240899326703 6.18512392735181 6.50015375555636 
1.61646688054336 1.83585040504089 5.60298385013214 
1.35743113822912 1.61429508456892 5.5717199648385 
5.0614995284857 0.213729253323012 4.30255099755559 
5.15859745703982 0.184774969606961 3.80456729047555 
6.71615945381575 5.49120801486075 3.04099406917455 
6.61685826367942 5.66288849355888 2.87752045100723 
5.07630367287565 1.10942424246913 0.852061020554985 
5.29947065601285 0.785569137943251 0.742665734143426 
1.29954375782381 3.18122560448761 3.23505636876178 
1.35429583101814 3.23808812414501 2.86884373979814 
5.19524343418208 1.10686285565714 1.15614909953217 
5.4193821754283 0.778737548859012 1.02313260762309 
1.70510836392293 1.82941800825644 5.26346034861744 
1.42292946379057 1.58633933614767 5.238932621636 
0.849122358694754 6.09354912662314 3.24983078298802 
1.14521329868748 6.27631081257643 3.14660382671629 
2.49906146612642 4.22293140991706 0.406574479479487 
2.63806195365977 4.01693038702862 0.215662941068044 
0.633308664899202 4.20599273446697 3.49292417984775 
0.51508098415893 4.31400190406259 3.19657631267027 
5.21007848075465 2.41928750449417 4.298620835707 
5.70351596008124 2.48672765064444 4.0309293838751 
6.46615151719789 0.173752814940866 5.84553079917638 
6.0366339693007 1.4672215009186 3.99302103107737 
5.46374539685019 2.5396263965608 3.65111023898856 
4.98060078233775 2.49814279055387 3.88165285498199 
6.39772079310237 1.25375141091019 4.17457349338607 
6.72533792829585 1.27069120030492 3.86249107905228 
4.84979552465869 4.13595938803123 4.24107335227559 
4.82155208930232 4.1632413548949 4.36747182615682 
1.53503722760127 0.281131389244473 3.09184655009529 
4.56989967949981 2.32858723965314 1.18830359810167 
5.66255258889418 4.44391867918694 2.1032089684199 
1.71667256961274 4.8115343441816 1.36643581071754 
2.64868555241804 5.87206355670686 5.88213871198893 
2.51695279708248 5.70533279314667 6.0364285425209 
6.53365972263019 0.601527377154567 6.09125717117856 
4.49149476596543 1.86676833406138 0.466121763167916 
4.79672237278529 2.2224116915063 0.918623698998447 
5.22368190320956 2.84321100511511 2.64046217277812 
1.8226439934628 6.0050705651677 1.45148827478989 
6.3258199942662 4.45897694448297 2.32916133683574 
1.65140977358687 4.62645838536383 0.528460279885805 
1.80754527947715 5.01224703287118 0.834763932474412 
1.99972013254349 0.100626366012416 2.76964210742961 
1.84698511026966 0.214027670609201 3.13041009286618 
4.78452778682992 3.35612199120988 2.81236146220771 
4.84247369101977 3.04559994320456 2.91975787537629 
2.09928679839896 6.00188109896375 1.75039495386074 
2.58786306872354 5.93638576637125 1.60522242994345 
1.49388435989823 6.89584629008507 2.24023240285096 
1.17211009153368 6.71184761411073 2.36563989209566 
6.39331810908212 3.77373115287531 5.07281877622537 
6.53306850677915 4.21084413327992 5.17447606551123 
5.65946492586192 4.95982431776836 2.58540577343679 
5.24914172454582 5.0713210660558 2.00296228236713 
5.4392312786249 4.70538420662185 2.2771112470743 
5.27156735433465 5.1931785118538 2.03322307445443 
5.57035742178052 5.27573884024564 2.48497063643444 
5.77952342743328 4.47002042231978 1.59899583735327 
6.6223585901863 1.53932766028472 2.43577981186104 
6.70122912337261 1.89857100314503 2.39452362578532 
4.84780037191145 1.51436682718301 3.57322536296354 
0.248003720139804 2.77337345345765 4.35187437329426 
0.395073577952397 2.65170730389431 4.30339717697005 
0.257114574243426 2.51316569631673 4.20485696320688 
6.01877381887752 3.9647705860607 1.2837752500061 
5.67434503649338 4.20173807538663 1.4749633989025 
4.85700478357653 1.8292596307901 3.40398814190486 
6.45888234651361 3.60748260435623 5.60144956938246 
6.59675071819257 3.96090054725649 5.76595271543486 
5.15241088315568 1.36723417550907 3.33710532952689 
5.23677174412906 3.90245082041386 5.51316930561973 
4.93666106103067 3.8822195758037 5.67437261549392 
5.06577395391023 3.70824946211637 5.83900989724275 
5.32725126991838 3.72533241229185 5.69215556449695 
6.70320493935126 3.56013716455458 1.68250838633467 
0.859956894316947 3.90522086519845 5.0958838695095 
1.17721655717786 3.91860729784675 4.92754081193762 
1.09989651629477 3.98301588146626 4.67710401082051 
0.708917597442094 4.00504043875465 4.76314343385584 
1.93724619444745 1.02331191682369 4.38392453177084 
2.16437586043186 0.494789214710575 4.14336903159654 
1.68081021763199 0.880568350600265 4.62326159080036 
1.61645673652474 5.29743562160044 0.842853222830671 
6.58511977517855 4.48768567462208 2.0454009911921 
3.89069583566144 1.64803044408585 0.862976905719913 
0.888304084857301 5.36281674612587 1.19431494780103 
1.44953505313101 5.29636361232371 1.28047282162946 
6.4769602735958 4.22194878555173 1.37926773364804 
6.39069089583405 4.49538017991668 1.56295860428384 
4.09117581793032 2.18118200955141 1.13594411914674 
3.99853349373521 1.9134500005543 0.777506177103199 
1.71918667610815 4.09030403099725 0.671666615437968 
1.55183997016883 4.30467805236223 0.751184033497972 
1.55716533572891 4.35722536460878 1.19823457148426 
4.01973068408376 2.01900226779166 1.38489144129178 
3.88590737241584 1.61956767420102 1.21519983694411 
6.82856253044841 3.85368678238791 1.66041625866438 
6.9023538084737 4.03252551845766 2.06076161182029 
1.70920324874195 4.18201271825548 1.29585401519027 
1.87058831688785 3.96018531757998 0.926265556899314 
6.62656939496062 2.17946963744173 3.41985298455906 
6.12781405579886 2.02368002249086 3.57462091123509 
5.52628311108261 1.54416258970854 2.10137075367506 
5.03497028603481 1.37369567244584 1.75514022644417 
5.28730510230352 1.34175645220325 2.15384959370407 
1.34260013545265 4.34588734604919 2.7455844758807 
0.753311407674922 4.7509107841777 0.105418343928573 
3.48028738373374 0.503283151883617 5.66962245250922 
6.19317750835371 2.04849448720637 1.13441864144628 
6.28215558727996 2.22949524555909 1.247571741553 
5.64305060455824 1.93811397324467 3.11023868634402 
5.13186974569463 1.71710374747576 3.17127738092122 
0.733604919948147 4.43254923067804 2.91834730149037 
6.06227939398522 2.29028039249884 1.29396357680137 
5.99971737803877 2.10369610782069 1.17809511811894 
1.40156496788599 3.87868670034534 2.48272543284103 
0.948267891538824 3.75010070293789 2.31909839304677 
1.32732906401335 4.31099265002434 2.63575072913455 
6.73967348631337 4.64500118576929 0.470546168623264 
5.03113528923114 1.7871185368996 2.73798849281541 
6.79415600108612 4.33604674987204 0.963965055888482 
6.63492112127086 4.2637644290422 0.564501168871244 
3.30941345504971 0.819729317628698 5.23398982282142 
2.96603944158153 0.697068486589007 5.13624700888449 
4.45792363475658 3.2060546868357 1.48934560205515 
1.24469663967592 3.5823916917963 4.25059071126322 
1.31990495033596 3.7145396211264 3.70282728103905 
1.456388858078 3.71167031857813 4.02018463870492 
4.71284582321514 2.8437135170424 1.46987784176628 
4.62282089535887 2.62476251196697 1.14518055798094 
0.845046565637423 3.51664913614417 3.72278602037674 
0.812860072377277 3.43082516630915 4.01418772386166 
6.13910841694006 1.61033225815063 3.60575144604403 
6.4873806174758 4.68466853763254 3.14836916784104 
6.0721915202646 1.24453657995218 3.05004314220283 
5.86899956641421 1.47149585111165 3.30790576148154 
6.7363697832729 5.07181282463837 2.9393133923744 
6.58255949075109 4.77430164202638 3.19916440687131 
3.89395651945785 3.24810089159723 1.331591604058 
4.25833539698875 2.927209750553 0.996978563613628 
4.2331031021691 3.22921447208759 1.20478724252193 
6.48470605625186 4.98804546040055 2.53773757495537 
6.31828941308897 4.80961503951797 2.60276277341494 
4.67001773396905 1.28367591864511 5.94911523256241 
5.17711544679451 2.87724214420415 0.28617234840477 
4.8156853301202 2.7536308054455 0.408876926496797 
3.84148414369833 2.64889415667782 1.00828734062965 
3.6337078138794 2.77762314858369 1.18032953043933 
4.51395960168866 1.19833150473744 5.79126783796755 
3.31089405986397 1.4542955743503 6.62449321899055 
3.44623760257534 1.78547165993148 6.52953706164782 
4.57771192937497 1.70311356592827 6.11861867791555 
1.34334611496157 2.3808453611776 3.4355744946989 
1.71190063758088 1.95986572915628 3.30678414484593 
4.63159389026348 1.4601458120242 5.9012107914148 
6.52700677701275 1.21880305370755 3.172205649325 
6.56438835184434 1.46464252235769 3.51187239747851 
2.04810078577947 2.36933829439624 3.22862836817243 
1.55018929857268 2.61062858336046 3.38531877556546 
5.92128244981596 0.397664483999413 4.25713682452472 
5.67448568241845 0.314763897040838 4.58309062911909 
1.13546804099806 0.5784056662492 2.37970357079311 
1.25168619002603 0.637741936985504 2.14364585186002 
1.53949097706815 0.22312195687146 2.15043550499329 
5.6501895444425 0.524323354650058 4.10805644066053 
5.42497591220774 0.450297656438926 4.38604895627212 
6.46290897518791 2.90505623270897 2.34294461770562 
6.23796556483891 3.2434663196083 2.26378698844452 
4.52536563567005 1.42191823824903 5.34057757801177 
6.17889630185567 0.455526266485924 2.00597211192278 
6.3498140387277 0.601381286937188 1.85542407487621 
1.32248806724883 0.181611775913738 2.51149593561353 
1.52366682486903 0.103103809081124 2.33474750871953 
3.84467777036396 1.64996811964268 5.24766287406693 
4.11114337876439 1.59166684860982 5.07643097316559 
3.8871385312851 1.53350765337976 5.67614070655485 
4.4677467311461 1.34220968861767 5.73725680914383 
6.66729389733284 3.42986178428466 2.13225039863518 
5.34210413445065 2.63437148673933 6.18252289627447 
5.31235159506909 2.18710399935222 6.18078687806375 
4.85039127428929 1.96709224525469 5.93850775372576 
2.98845327130366 6.22006990006094 2.46727479666675 
2.76051371281964 6.28103456059732 2.89960004796967 
2.60525407194302 6.56492227866908 2.65278109084864 
2.81529407128858 6.47271775756763 2.3198424572448 
6.57100109695807 0.486572416400044 3.26819921666005 
6.72183290440994 0.734239296968473 3.27495941074986 
0.925113739487288 1.85469062832078 2.34127760991013 
0.748653235053094 1.65686125687772 1.96646952658736 
4.9090971021787 3.07942733606667 5.76157738820563 
3.99160748245434 0.677447570165973 6.02257952782562 
4.89497714250818 2.85897937643953 6.02822022909059 
4.57584669098178 2.47078340006519 5.84911330052443 
4.0457439890139 0.357532802802523 5.86396564269239 
1.27604210135443 1.77576633471911 2.16605260837372 
1.20356393745029 1.6217179521322 1.87838152581097 
4.41352231446202 3.76634779977596 3.68854423925872 
0.84154765757366 3.18803730131417 1.49271492551163 
0.811295818904256 2.98561795218772 1.59332563067165 
4.55590506106129 3.80298477861859 3.12356283657797 
4.85007771436767 3.55862239569586 3.03560451722591 
0.976927320021045 3.1102270624105 1.38472933224322 
0.965499838932441 2.93450869286942 1.45966117768076 
4.58244429575883 3.16474560536625 4.03256094186835 
4.70361022686258 3.43871802685958 3.8825610345242 
5.01418459052864 3.29711584518801 3.44821538880141 
5.01168638964665 3.07175484470047 3.39352490750418 
4.74533571863307 2.77501250537852 3.76707627705092 
0.112677370986934 3.63477676211621 4.53659196281929 
0.245828260968996 3.78970201859461 4.47979419710867 
0.139573265255099 3.57794458205285 4.32013392683783 
0.236023772104881 3.68197744663886 4.27810808079242 
3.523200363599 3.46086632660624 3.4822241879087 
3.22113095382344 3.55574451744199 3.74675748972659 
3.72992494153458 3.59499948453472 3.72996887389221 
3.54526141828975 3.66721313393584 3.93527901719912 
5.45138574806631 3.63359857279401 2.1917791141895 
5.62383991464526 3.38292807010774 2.17037143462927 
5.25797632252702 3.45874246757804 2.19967469973431 
5.39261667008359 3.25846273026563 2.17919592380147 
3.251530531944 0.722932429126551 3.47272817218136 
3.23686813782806 0.349075277680789 3.29197210852768 
2.96722585899102 0.161300993876353 5.97357019270989 
3.16655778903171 0.193036194920883 5.72505412419665 
2.82079732130443 0.249196307607381 5.39839408480198 
3.39124507961276 0.927048791382235 3.18793352366934 
3.46804091612169 0.589772947400428 2.87021827173661 
2.45343617514467 1.32310970540193 2.32481073180383 
2.51115223095637 1.7634279103264 2.31807044395283 
2.81603882137558 1.37246622998192 2.49185538451176 
2.83624979553362 1.70966802612584 2.46667400464837 
4.52356750960116 6.22242651649159 6.15810874007837 
4.79035416986446 6.60509907069561 5.93367578183868 
5.14894748038438 6.42932095812031 6.23154919422157 
4.89155537320281 6.06544686139878 6.4223360126455 
5.3647716967935 1.59902444791135 1.37592447445797 
5.60299183276993 1.65430726597795 1.48370903680701 
5.24086672248341 1.65722455331641 1.59769807430678 
5.46024851145141 1.71513274664636 1.73285996604776 
4.33666684909574 0.82026635303561 6.67587587081746 
4.053216828414 0.612073992116972 6.47505991227583 
5.43138568250346 1.43555739962197 0.322641708377822 
5.54811152720597 1.17952003071623 0.248208347209754 
5.67933087210538 2.04177606536336 2.86418682836277 
5.36809547047168 2.0269556260718 2.58700457658585 
1.35875604623296 2.40392838650883 6.03777138073565 
1.35796892345942 2.78662225510273 5.95532089511743 
1.55699288496562 2.4524357717805 6.30517978247954 
1.55898201329057 2.77528006972263 6.25623122661254 
2.73413484543635 5.54999619001533 4.14173794005943 
2.69009035424691 5.35770079797795 3.73413232707462 
5.88890821050786 1.89323764593374 2.52658221324472 
5.57797920403124 1.89396019687179 2.30230090916712 
3.22819978199373 5.34298960202326 4.00524811711808 
3.07235386051192 5.20624782986313 3.66372837291579 
4.82016386979423 4.75226936651938 0.506872973077661 
4.39479993639712 4.51405045465408 0.522763160332626 
2.21058526088882 0.752593623736654 5.55681729189264 
2.14590999807489 0.82584317891414 5.90817807760414 
2.26820360214789 0.575552671857924 6.09990649299399 
3.27272296165602 6.34871605105578 4.74412631621872 
3.15982409860578 6.22650793057735 4.36185448433743 
2.51628114860903 0.245530363370397 5.5448127988751 
2.52188834597878 0.188557006414173 5.79271238567406 
3.12893154856023 6.57102609952605 4.22180864276245 
1.38656100743338 6.90304188135381 4.44696262519427 
1.07197060573021 6.90658179399022 4.55327792271227 
0.979124050814488 0.163129497934435 4.42758308679698 
1.1597789296317 0.246385571885332 4.30948862683598 
4.31171479947978 2.97171024172095 5.17203828134529 
4.22114607120822 2.65571543386923 5.25059107371658 
4.56684753819435 2.8425602688886 5.26841823160028 
4.47134315277916 2.61698352294258 5.31647041851516 
1.3147619585753 6.23336355350437 0.485399149682115 
1.71649304757783 6.3582866431077 0.786277252716084 
1.98966685146126 5.98524167423695 0.866731781733524 
2.40139743805934 5.98092955382838 0.796930792062902 
2.83576627777893 0.304529571945303 1.68087877011831 
2.5463780241947 0.117040058288542 1.48803801700994 
2.80041935700194 6.81488041312986 1.57237767137624 
3.00554467780375 6.99978830196734 1.7031330002248 
6.55699048174452 4.79443622021781 1.42221382833323 
6.42199301433977 5.21991788766526 0.636707957812114 
6.55671666907678 5.18632988392713 0.76367712498957 
6.38309607637852 5.11058872922522 1.29333500818155 
1.04790890216537 5.4806591672876 0.532071505085167 
0.794550808334362 5.49720892578782 0.769776944914912 
0.639877185358403 5.39230987065084 0.593880151540222 
0.876237257330996 5.37508259573062 0.35758155463555 
5.84161958421653 5.56044506234429 0.815466977890491 
6.00624980271374 5.15651275911607 1.26206879208419 
5.97150220422001 5.24844039389823 0.838892307743373 
5.71122689400256 5.7565814994829 1.42464811728902 
5.80193934865076 5.55516166729616 1.59329856499406 
0.410649274280056 4.85132507987585 0.630718081733732 
0.422634703194544 4.62709285992347 0.991979040354757 
6.83382990120061 4.75308914787734 0.669982278845576 
6.8651452660268 4.56449468630608 0.967947214092542 
6.38399182097502 6.47344346446485 0.98120194689153 
6.26659998486558 6.72806870823926 0.901909265450154 
6.29194621524582 6.64884832224879 0.581521959141599 
6.42440863272906 6.37761413176673 0.723664038620827 
4.20196929016761 2.42561088991512 6.06301514431317 
3.83051756000091 2.43668528942497 5.81826312450361 
4.11858114666271 1.98792389265632 6.198265505923 
3.84183070326266 1.94348825933303 6.01723567656816 
0.618882115463435 4.49491484390883 2.22799173388646 
0.533083365669699 4.16478711439906 2.14800743733721 
0.783087873081177 4.29909276026894 2.52726644053387 
0.664106837466543 4.03341140491069 2.40005804209741 
5.72731496981193 3.89037088740549 6.35477450600676 
5.77077250349192 3.90534211003199 6.11247684583099 
5.93077728552015 3.77031924679897 6.36264508478882 
5.9539007030493 3.79510108085247 6.1368070114028 
3.6208828284163 5.46984103581759 1.44477212568202 
3.3203189897062 5.79345595817809 0.350056746648238 
3.83629360371352 5.80246803359127 0.721637779295573 
3.22714076352743 5.32429559447568 0.701911705706833 
3.72800203950962 5.4351707441289 0.99350827688546 
2.51786504441988 6.16810130912608 0.676497909317367 
2.89313043129674 6.61675412697769 0.981360227937446 
1.77353932405247 6.83521714294916 1.6991316798283 
1.51566369575342 6.97882955649782 1.985674123924 
2.67334797964607 5.08292707005819 0.967542464897931 
2.70379840047611 5.00793848121533 1.34624682794144 
1.2991534473019 6.88705168683606 1.62514672127343 
1.58854924276827 6.78433870357016 1.48495284658784 
2.8071377042808 5.30120026984103 1.00380940859064 
2.86158400524798 5.29289030976373 1.29206379098203 
POLYGONS 1617 9905
5 2 1 4 1246 495 
4 3 2 495 1099 
4 856 1100 1629 1114 
6 1099 1100 856 1169 1246 495 
5 0 549 1162 1006 1005 
5 4 549 0 1169 1246 
5 0 1005 1114 856 1169 
4 979 1006 1162 1618 
6 1 4 549 1162 1618 1622 
5 2 1 1622 570 3 
6 3 570 1630 1629 1100 1099 
5 979 1618 1622 570 1630 
5 827 828 1265 922 1022 
6 922 1008 1402 1401 1264 1265 
6 7 1130 1503 1524 1555 1554 
6 6 5 982 1180 1503 1130 
5 5 982 1065 1539 1538 
6 9 8 1617 1615 1163 586 
6 11 10 850 1614 1616 821 
5 1217 1218 1692 1696 1686 
4 574 966 1218 1692 
5 12 467 574 1692 1696 
6 1037 1038 1684 1686 1696 12 
5 21 16 18 14 978 
5 20 17 595 596 956 
5 14 13 19 15 18 
5 18 15 20 17 16 
6 22 536 1679 1681 629 1023 
4 23 536 1679 874 
5 30 29 24 452 678 
6 26 31 32 30 678 679 
5 29 24 28 25 27 
4 31 32 744 33 
6 29 27 743 744 32 30 
6 618 1011 1084 1012 1493 1497 
5 557 1085 1041 1414 1413 
5 557 1013 973 1587 1413 
6 959 960 1588 1587 973 34 
5 960 1069 745 1406 1588 
5 1041 1042 745 1406 1414 
5 34 973 1013 1012 1493 
4 34 959 1497 1493 
5 618 1011 1042 745 1069 
5 959 960 1069 618 1497 
5 35 36 1332 1011 618 
5 35 36 1463 1458 1398 
5 35 618 1497 1498 1398 
5 1332 1333 40 1463 36 
5 1011 1084 785 1333 1332 
5 1398 1458 1515 1508 1498 
5 39 38 37 1516 1507 
6 37 40 1463 1458 1515 1516 
5 39 1012 1493 1509 1507 
5 38 37 40 1333 785 
5 39 38 785 1084 1012 
6 43 902 1257 1256 1309 1310 
6 1309 1310 647 1344 1343 42 
4 42 773 1256 1309 
6 588 589 41 773 1256 1257 
5 42 773 41 1334 1343 
5 510 927 1100 856 1009 
5 44 510 927 928 1219 
5 46 1247 1265 828 1252 
6 44 45 674 1092 1009 510 
5 45 674 828 1252 1165 
5 46 690 1220 1165 1252 
5 44 45 1165 1220 1219 
5 495 690 46 1247 1246 
5 514 515 858 857 658 
5 848 849 518 857 858 
5 661 764 515 858 848 
5 48 50 47 688 689 
5 47 49 661 764 688 
6 50 47 49 55 54 52 
5 54 55 849 518 1230 
6 53 48 689 514 658 623 
5 53 48 50 52 51 
5 55 49 661 848 849 
4 53 51 1229 623 
5 52 54 1230 1229 51 
5 514 515 764 688 689 
5 835 1498 1508 56 1514 
5 465 684 781 1248 1249 
4 465 466 645 1249 
5 801 802 781 1248 57 
6 61 59 816 1377 1373 530 
5 60 58 1404 1459 1453 
5 58 912 451 1405 1404 
5 60 58 912 1373 530 
6 35 1398 1405 451 1604 1606 
5 816 1377 1604 1606 1472 
5 35 36 859 1472 1606 
6 61 59 859 36 1463 1464 
4 59 816 1472 859 
5 60 530 61 1464 1453 
5 64 63 65 836 909 
5 62 63 64 1238 763 
5 66 62 63 65 1172 
4 68 69 1109 1341 
5 69 698 67 1122 1109 
6 68 1341 1345 1323 1564 1557 
6 1109 1122 1530 1531 1345 1341 
5 70 984 1293 1563 1556 
7 68 69 698 697 70 1556 1557 
5 70 697 71 983 984 
4 1292 1323 1345 1531 
4 71 67 698 697 
5 71 67 1122 1530 983 
6 983 984 1293 1292 1531 1530 
5 73 5 1538 841 724 
5 840 841 1538 1539 72 
6 462 1030 1605 1604 1377 1378 
5 72 462 1378 918 840 
6 723 724 73 1473 1472 816 
5 723 816 1377 1378 918 
5 73 5 982 1471 1473 
6 982 1065 1030 1605 1607 1471 
5 72 462 1030 1065 1539 
5 723 724 841 840 918 
5 77 76 75 977 976 
5 75 79 1658 1661 977 
5 76 75 79 86 85 
6 77 76 85 74 84 82 
5 81 82 77 976 1143 
6 976 977 1661 1662 1424 1143 
4 78 80 74 84 
6 78 83 1659 1660 87 80 
6 84 78 83 1422 81 82 
5 86 79 1658 1660 87 
5 83 1422 1424 1662 1659 
5 87 80 74 85 86 
4 81 1143 1424 1422 
6 68 617 748 929 1342 1341 
5 88 89 462 1030 1031 
6 90 10 11 91 1263 1262 
4 90 92 850 10 
4 90 92 1368 1262 
5 92 850 1614 1367 1368 
5 853 1147 1367 1614 1616 
4 821 822 853 1616 
5 691 822 853 1147 1148 
5 11 91 691 822 821 
4 91 691 1148 1263 
5 749 983 1530 1540 1397 
5 71 907 1000 749 983 
5 94 95 93 907 1000 
4 607 653 103 1222 
6 97 101 96 653 607 567 
7 98 103 653 96 1315 1043 765 
6 49 661 1044 1007 1032 1033 
5 99 100 47 49 1033 
4 1007 1032 494 1314 
6 100 47 688 102 1221 566 
6 97 99 1033 1032 494 101 
5 99 100 566 567 97 
5 102 98 765 764 688 
5 102 98 103 1222 1221 
5 101 96 1315 1314 494 
5 107 1 1622 1623 519 
5 108 107 519 105 1071 
5 110 111 109 104 551 
5 104 108 1071 935 551 
6 109 104 108 107 1 4 
5 549 550 1077 1199 1162 
6 105 519 1623 1619 1198 1053 
5 106 935 1071 105 1053 
5 110 551 935 106 1078 
5 110 111 550 1077 1078 
6 106 1053 1198 1199 1077 1078 
5 109 4 549 550 111 
5 1268 1299 1119 1450 1448 
6 514 515 1272 1298 1062 112 
5 919 1191 1448 1268 1273 
5 112 514 689 1379 1380 
5 113 114 1450 1119 1118 
5 98 765 919 1191 1015 
5 112 1062 1118 113 1380 
7 102 98 1015 114 113 1380 1379 
4 688 689 1379 102 
5 114 1015 1191 1448 1450 
6 764 765 919 1273 1272 515 
4 119 719 115 1081 
6 115 116 1237 1240 803 719 
5 117 116 115 1081 1063 
5 117 116 1237 1570 665 
5 117 665 941 1088 1063 
5 120 942 1571 1241 957 
5 941 942 120 1089 1088 
5 118 119 719 803 804 
5 118 804 957 120 1089 
6 118 119 1081 1063 1088 1089 
4 12 1037 1688 1645 
5 121 771 1642 1643 1644 
5 12 467 121 1644 1645 
6 124 122 1672 1671 123 669 
5 713 714 1674 1672 122 
5 714 1519 125 1673 1674 
6 124 122 713 585 1020 1021 
5 126 97 567 713 122 
5 97 99 649 648 126 
5 122 126 648 676 124 
5 675 676 124 1021 968 
5 130 129 1028 783 985 
5 129 591 675 968 1028 
6 566 567 713 585 127 986 
4 127 128 1020 585 
5 127 128 783 985 986 
6 128 783 1028 968 1021 1020 
6 130 129 591 649 99 100 
5 130 100 566 986 985 
4 131 751 662 1010 
6 131 751 1633 1630 570 1135 
5 131 1010 1306 1134 1135 
6 954 955 1305 1306 1134 458 
7 855 887 955 954 1619 1618 979 
6 662 685 888 854 1633 751 
5 887 888 685 1305 955 
6 1134 1135 570 1622 1623 458 
4 458 954 1619 1623 
4 132 511 133 1562 
5 44 45 1600 1601 1311 
5 137 135 1134 1306 1245 
6 598 599 458 954 994 542 
4 955 993 1551 1305 
5 134 136 137 1245 1550 
5 134 136 790 598 542 
5 458 599 791 135 1134 
6 134 542 994 993 1551 1550 
5 137 135 791 790 136 
5 1157 1219 44 1311 1304 
6 466 571 1157 1219 928 645 
5 138 139 643 511 132 
5 562 1209 1258 1547 1548 
5 141 634 125 1673 1520 
5 1258 1259 140 1560 1547 
5 123 140 1560 1561 1671 
5 2 495 690 576 521 
6 645 928 1099 3 1318 1249 
5 3 2 521 877 1318 
6 521 576 1297 1303 885 877 
6 877 885 905 465 1249 1318 
5 142 561 1467 900 899 
5 143 142 899 914 671 
4 144 145 1025 672 
6 671 672 1025 1088 941 143 
5 145 1025 1088 1063 1064 
5 144 145 1064 1052 146 
5 1063 1064 1052 1468 117 
6 900 915 146 1052 1468 1467 
6 144 146 915 914 671 672 
5 561 665 117 1468 1467 
5 143 142 561 665 941 
6 147 738 887 855 1290 1291 
4 1047 1076 1449 1190 
4 1290 1291 1634 692 
5 61 59 729 972 824 
5 148 734 824 61 1464 
5 40 149 148 1464 1463 
5 149 148 734 503 483 
6 483 503 733 794 1312 1296 
5 859 860 1313 1332 36 
5 794 795 860 1313 1312 
5 59 729 795 860 859 
5 40 149 483 1296 1333 
5 150 156 154 155 153 
6 150 152 162 111 109 156 
5 153 150 152 789 969 
5 151 157 110 111 162 
5 151 158 159 163 157 
6 162 151 158 1029 789 152 
5 155 153 969 968 675 
6 154 155 675 591 160 161 
6 159 163 552 160 591 129 
5 156 154 161 104 109 
5 157 110 551 552 163 
5 159 129 1028 1029 158 
5 161 160 552 551 104 
6 164 134 542 171 1307 1308 
5 164 818 1683 1697 1308 
5 166 168 1307 171 619 
5 1307 1308 1697 1693 168 
5 134 136 1058 818 164 
5 167 170 620 598 790 
5 165 167 790 136 1058 
4 165 1058 818 1683 
5 171 542 598 620 619 
7 169 170 167 165 1683 1697 1693 
5 169 170 620 619 166 
4 169 166 168 1693 
5 174 172 993 1551 1552 
5 172 738 887 955 993 
5 173 825 1137 1136 1048 
5 171 176 829 994 542 
6 174 177 913 832 1553 1552 
5 174 172 833 694 177 
5 178 832 913 1415 1416 
6 177 694 175 1286 1415 913 
5 172 833 829 994 993 
5 175 176 171 1307 1286 
5 175 176 829 833 694 
6 178 164 134 1550 1553 832 
4 178 164 1308 1416 
6 468 469 179 516 517 180 
4 183 677 788 1596 
5 181 182 184 183 677 
5 185 711 1048 1136 787 
5 182 184 761 762 826 
6 825 826 762 1595 1590 173 
5 184 183 1596 1598 761 
6 185 770 1598 1596 788 787 
6 761 762 1595 1594 770 1598 
5 711 1048 173 1590 1589 
5 181 182 826 825 1137 
6 181 677 788 787 1136 1137 
5 185 711 1589 1594 770 
5 487 650 532 823 1331 
6 187 651 1261 1256 1309 1330 
6 532 823 1017 186 1103 1115 
6 902 1257 1260 487 1331 1403 
4 188 186 1017 1389 
5 43 188 1389 1403 902 
6 188 186 1103 1329 1310 43 
5 650 651 187 1115 532 
5 1103 1115 187 1330 1329 
5 189 606 682 683 786 
5 606 682 948 1685 1687 
5 190 861 889 827 1022 
6 189 606 1687 1686 1217 1177 
6 499 500 191 587 592 593 
5 192 9 586 587 592 
5 193 196 863 613 875 
5 613 614 470 876 875 
4 195 628 1093 864 
5 613 614 195 864 863 
5 194 1001 1430 1579 1577 
5 470 614 195 628 1074 
7 863 864 1093 1094 1002 999 196 
6 197 452 638 497 1647 1646 
4 197 452 24 472 
4 198 1124 626 1689 
6 24 28 879 880 947 472 
5 198 1124 1170 1649 1648 
5 199 1174 1504 1501 1390 
5 199 1174 1131 1356 1533 
5 478 479 202 1528 200 
5 200 201 1356 1533 1528 
6 199 1390 1393 202 1528 1533 
5 642 1394 1525 1524 1555 
5 201 7 1130 1131 1356 
5 201 7 1554 478 200 
5 202 479 642 1394 1393 
4 497 721 996 1647 
7 203 640 799 800 722 721 996 
5 183 605 799 640 677 
6 197 184 183 605 678 452 
4 639 679 800 722 
4 182 184 197 1646 
6 203 181 182 1646 1647 996 
4 203 181 677 640 
5 204 205 1225 997 206 
4 210 205 204 513 
6 206 204 513 1123 1203 1202 
6 997 998 1351 1352 1202 206 
6 208 1016 1193 998 1351 1363 
5 997 998 1193 1213 1225 
4 636 637 208 1016 
5 209 636 1016 1193 1213 
6 210 205 1225 1213 209 207 
6 208 637 1179 1173 1364 1363 
6 207 209 636 637 1179 1178 
5 210 207 1178 1123 513 
5 211 217 223 218 216 
7 211 214 215 660 213 220 217 
5 216 211 214 219 212 
5 216 212 221 222 218 
6 221 212 219 1327 1297 583 
6 213 660 1302 1303 717 718 
5 213 220 904 730 718 
5 219 214 215 1328 1327 
6 1110 1111 717 1303 1297 583 
5 222 221 583 1110 817 
4 215 660 1302 1328 
5 220 217 223 903 904 
6 223 218 222 817 882 903 
5 224 77 76 682 606 
5 165 224 606 1687 1683 
5 226 75 977 944 716 
5 703 943 921 1059 1184 
7 224 77 976 921 1059 1058 165 
5 225 226 716 715 227 
6 76 75 226 225 948 682 
5 227 225 948 1685 545 
6 545 1185 818 1683 1687 1685 
6 227 545 1185 1184 703 715 
5 226 701 740 720 716 
4 207 209 228 1197 
5 506 507 229 1138 1086 
5 229 232 1105 1106 507 
4 230 602 1317 1167 
5 231 525 1428 871 872 
5 230 602 871 872 1535 
5 463 464 531 1390 199 
5 42 233 464 531 1343 
5 1343 1344 1393 1390 531 
5 463 464 233 527 846 
5 199 463 846 1534 1533 
4 202 647 1344 1393 
6 202 647 1310 1329 1529 1528 
5 42 233 527 1330 1309 
6 234 8 1617 985 783 1079 
5 235 236 119 1081 1082 
6 239 1164 1602 1601 1311 1304 
5 239 237 240 238 1164 
6 702 777 241 1476 1592 1591 
5 776 777 241 1559 1609 
5 241 1476 133 1562 1559 
6 459 1251 1569 1413 1587 1585 
5 243 459 1251 1250 931 
5 456 932 808 1568 1101 
6 244 457 931 243 735 974 
5 242 244 457 456 932 
5 242 244 974 973 1013 
5 557 808 932 242 1013 
5 557 808 1568 1569 1413 
4 243 459 1585 735 
6 245 248 1445 1444 500 499 
6 245 246 247 940 939 248 
5 245 246 1107 987 499 
6 204 247 246 1107 1108 513 
4 513 1108 937 1123 
5 939 940 206 1202 594 
4 204 247 940 206 
6 896 938 988 500 1444 1447 
5 594 939 248 1445 1446 
6 1202 1203 896 1447 1446 594 
5 249 484 1087 1086 1138 
6 558 712 1087 1086 506 805 
4 712 936 484 1087 
5 249 673 815 229 1138 
6 249 484 936 1375 1376 673 
6 558 712 936 1375 1340 916 
5 229 507 1051 1049 815 
6 251 809 933 256 1195 1196 
5 255 1196 251 1583 1584 
5 254 809 251 1583 1581 
5 252 253 1159 1132 250 
5 252 253 520 256 933 
5 250 252 933 809 254 
5 1071 1072 1133 1158 105 
6 108 255 1584 1582 1072 1071 
6 519 520 253 1159 1158 105 
5 108 255 1196 1195 107 
5 519 520 256 1195 107 
7 250 254 1581 1582 1072 1133 1132 
6 596 709 258 1487 1490 956 
6 20 956 1490 1489 1456 1433 
5 258 1487 1665 1652 1651 
5 87 709 258 1651 1660 
6 83 1426 1457 1650 1653 1659 
5 1456 1457 1650 1666 1489 
5 78 80 595 17 257 
5 20 17 257 1434 1433 
5 78 257 1434 1426 83 
5 87 80 595 596 709 
6 263 624 670 259 1510 1277 
5 1371 1372 259 1510 1505 
5 265 260 706 262 1117 
6 261 262 706 705 264 266 
5 269 19 13 267 268 
6 270 522 1642 771 1654 1655 
4 121 771 1654 1451 
4 270 498 1454 1655 
4 1224 1407 1644 1643 
5 1223 1224 1643 1642 522 
6 1160 1407 1644 121 1451 1455 
5 270 498 601 1223 522 
5 177 913 1690 1691 1417 
6 203 181 1137 1411 1541 1532 
5 832 1553 934 1649 1648 
6 508 1454 1655 1656 1663 1664 
5 265 260 508 1454 498 
4 263 624 1653 1650 
5 272 697 70 1050 805 
7 70 984 970 1522 1521 916 1050 
5 739 971 750 1268 1273 
6 749 750 971 970 984 983 
6 271 489 1272 1298 908 603 
5 271 489 1521 916 558 
5 271 558 805 272 603 
4 970 971 739 1522 
6 272 603 908 907 71 697 
6 64 273 237 240 1239 1238 
5 64 273 644 910 909 
4 28 25 274 879 
5 776 777 496 1518 275 
5 490 702 777 496 845 
4 553 554 704 276 
5 276 704 1326 1435 991 
5 276 553 1027 652 991 
5 277 278 279 796 687 
5 280 277 687 884 1026 
6 652 991 1435 1429 1278 1231 
6 280 277 278 1326 704 554 
5 278 279 1429 1435 1326 
5 279 796 1279 1278 1429 
5 553 554 280 1026 1027 
5 261 262 655 1300 1301 
6 655 656 281 1418 1274 1300 
4 655 656 1117 262 
6 1503 1504 1479 1612 1620 1180 
4 282 1316 1479 1612 
5 1316 1470 1501 1504 1479 
6 282 602 1317 1469 1470 1316 
5 1427 1428 871 1620 1180 
5 282 602 871 1620 1612 
4 284 266 261 1301 
6 283 830 1204 284 1301 1300 
4 285 283 1300 655 
6 285 283 830 831 784 486 
6 485 486 285 655 262 706 
6 485 486 784 1486 1677 1675 
4 705 706 485 1675 
5 266 264 1205 1204 284 
6 264 705 1675 1677 1481 1205 
5 286 176 175 283 830 
5 175 283 1300 1274 694 
6 286 830 1204 1363 1351 1061 
4 998 1116 1061 1351 
4 284 208 1363 1204 
5 286 176 829 1116 1061 
5 284 208 1016 1381 1301 
5 287 555 1402 1008 616 
5 0 455 1401 1264 1169 
4 162 287 616 152 
6 162 111 550 556 555 287 
5 150 152 616 1008 922 
5 150 156 1247 1265 922 
5 0 455 556 550 549 
5 109 156 1247 1246 4 
6 189 526 1350 1320 224 606 
4 74 85 646 1624 
5 76 85 646 683 682 
5 189 526 747 1625 786 
6 84 74 1624 1625 747 746 
5 82 84 746 1349 1321 
5 224 77 82 1321 1320 
5 291 504 588 1257 1260 
5 288 291 504 289 290 
6 61 530 681 680 1060 824 
5 292 481 293 842 843 
5 631 842 293 1667 1668 
6 16 18 894 959 34 892 
5 21 16 892 893 707 
4 14 609 1513 978 
5 18 14 609 294 894 
6 294 835 1498 1497 959 894 
5 294 609 1513 1514 835 
6 56 707 21 978 1513 1514 
5 56 707 893 1509 1508 
5 892 893 1509 1493 34 
5 296 298 297 612 1282 
5 297 120 942 958 612 
5 671 672 295 696 807 
5 695 696 295 1354 1353 
5 295 672 1025 1234 1354 
6 695 699 1280 1282 296 1353 
5 473 806 699 1280 1097 
6 143 473 1097 958 942 941 
5 297 120 1089 1233 298 
6 296 298 1233 1234 1354 1353 
5 143 473 806 807 671 
5 301 461 1155 1253 963 
4 301 300 299 461 
7 179 302 210 513 1108 1151 469 
5 210 207 1197 1210 302 
5 126 97 101 303 305 
4 305 126 122 1672 
5 304 625 714 1674 1544 
5 101 303 1542 528 96 
6 303 305 1672 1674 1544 1542 
5 304 654 528 1542 1544 
5 304 625 607 653 654 
4 96 528 654 653 
5 567 607 625 714 713 
6 48 689 1379 1367 1614 1615 
5 1147 1221 102 1379 1367 
6 48 50 130 985 1617 1615 
5 853 986 566 1221 1147 
4 130 100 47 50 
6 741 742 775 1346 1345 1323 
5 203 640 1292 1531 1532 
5 741 799 640 1292 1323 
5 306 307 548 1409 1461 
5 1153 1154 1460 1461 306 
5 310 1102 1460 1461 1409 
5 309 192 592 474 308 
6 1165 1166 1188 1603 1600 45 
5 117 116 1154 1460 1468 
5 1153 1154 116 1237 608 
5 306 453 810 1462 1461 
6 453 454 312 608 1153 306 
5 453 454 597 311 810 
5 311 575 1566 657 597 
6 561 575 311 810 1462 1467 
6 312 608 1237 1570 1566 657 
4 312 454 597 657 
5 294 314 451 1405 835 
5 313 314 294 609 569 
5 313 314 451 912 1610 
4 562 563 568 1209 
4 680 880 947 1060 
7 318 315 316 630 629 1681 1682 
5 316 630 1258 1547 1045 
4 315 316 1045 320 
5 22 319 317 1441 536 
6 321 492 1442 1441 317 1558 
5 319 317 1558 1560 140 
5 318 492 1442 1680 1682 
5 321 320 315 318 492 
6 321 320 1045 1547 1560 1558 
5 22 319 140 1259 1023 
4 572 1536 995 1586 
5 1465 1466 950 1546 1443 
5 995 1337 1443 1546 1536 
7 995 1337 1433 1434 735 1585 1586 
5 1337 1433 1456 1465 1443 
6 459 460 792 1408 1399 243 
6 460 572 1536 1546 950 792 
5 243 735 1434 1426 1399 
5 459 460 572 1586 1585 
5 792 950 1466 1452 1408 
6 180 322 246 1107 1152 468 
4 179 302 326 516 
4 325 322 180 517 
5 325 322 246 247 324 
5 324 247 204 205 323 
5 323 326 302 210 205 
6 324 323 326 516 517 325 
6 89 462 1378 1374 1068 666 
6 631 720 740 1206 1669 1668 
5 329 331 686 921 1059 
6 327 329 1059 1184 1171 328 
5 332 327 329 331 330 
4 686 736 943 921 
4 333 334 621 1039 
5 333 334 1226 1006 1005 
6 334 621 693 692 1290 1226 
5 855 979 1006 1226 1290 
5 756 1475 1663 1656 1657 
5 337 335 881 1055 1095 
5 337 1095 1395 1104 1186 
5 337 335 1250 1101 1186 
5 798 881 335 1250 1251 
5 336 615 1055 1095 1395 
5 584 615 336 1573 1574 
5 1104 1186 1101 1568 1565 
5 584 615 1055 881 798 
5 336 1395 1104 1565 1573 
4 339 578 621 693 
6 578 621 1039 1098 779 778 
5 1266 1267 1627 1626 338 
5 491 540 669 124 676 
6 155 153 190 861 862 838 
5 675 676 491 838 155 
5 344 782 847 343 1144 
6 343 847 1319 1318 877 878 
6 767 768 345 885 905 797 
5 342 767 797 820 819 
6 781 782 344 819 820 684 
5 465 684 820 797 905 
6 341 340 1096 1144 343 878 
5 345 341 878 877 885 
5 342 819 344 1144 1096 
4 345 341 340 768 
5 767 768 340 1096 342 
5 148 29 24 472 734 
5 30 346 347 605 678 
5 30 29 148 149 346 
6 149 346 347 349 348 483 
6 197 184 761 503 734 472 
4 348 349 1597 1599 
6 349 347 605 183 1596 1597 
6 348 483 503 761 1598 1599 
5 50 130 129 159 52 
7 159 52 51 587 592 474 158 
5 53 51 587 586 1163 
5 308 474 158 1029 1080 
5 234 309 308 1080 1079 
5 192 9 8 234 309 
4 53 48 1615 1163 
5 559 752 350 1582 1584 
6 553 554 622 1583 1581 1227 
6 350 537 1228 1227 1581 1582 
5 350 537 1007 1032 752 
4 1026 1027 351 1287 
6 537 1007 1314 1287 351 1228 
5 280 554 622 560 812 
6 280 812 494 1314 1287 1026 
6 559 560 812 494 1032 752 
5 351 1027 553 1227 1228 
4 1014 1523 1520 1549 
5 352 1014 1549 1548 1046 
6 352 1014 1523 1512 651 1261 
5 141 759 1512 1523 1520 
6 288 291 1046 1548 562 563 
5 352 1046 291 1260 1261 
5 1413 1414 1575 1574 1569 
6 276 553 1227 1083 1085 1041 
4 254 1083 1227 1581 
6 808 809 254 1083 1085 557 
5 554 622 1572 1576 704 
5 808 809 251 1565 1568 
6 276 704 1576 1575 1414 1041 
6 251 1565 1573 1572 622 1583 
6 353 168 1307 1286 1161 895 
6 486 784 899 900 353 895 
6 784 831 923 769 914 899 
6 286 176 171 619 769 923 
5 166 168 353 900 915 
5 175 283 285 1161 1286 
4 285 486 895 1161 
4 830 831 923 286 
5 166 619 769 914 915 
5 634 635 1608 759 141 
4 60 354 681 530 
6 355 320 1045 1046 352 774 
5 315 316 505 1275 1285 
6 315 320 355 356 1284 1285 
6 504 505 1275 1276 589 588 
6 504 505 316 1045 1046 291 
5 356 41 589 1276 1284 
5 773 774 352 1261 1256 
5 356 41 773 774 355 
5 1128 1149 1278 1429 1438 
4 1128 1131 1174 1438 
6 1128 1131 1356 1370 1181 1149 
5 357 846 1534 1369 1214 
6 199 463 279 1429 1438 1174 
5 357 796 1279 1215 1214 
5 279 463 846 357 796 
5 1149 1181 1215 1279 1278 
5 348 358 579 477 1599 
6 476 580 360 725 1594 770 
6 579 580 360 1312 1296 358 
4 348 358 1296 483 
5 359 361 794 733 611 
5 359 361 725 1594 1595 
4 359 611 762 1595 
5 360 725 361 794 1312 
5 476 477 1599 1598 770 
6 362 464 531 543 1388 1387 
5 193 196 356 41 1334 
5 356 196 863 632 355 
5 362 364 365 233 464 
5 365 233 42 773 774 
4 363 364 362 1387 
6 363 632 863 613 1388 1387 
6 364 365 774 355 632 363 
4 613 875 543 1388 
6 531 543 875 193 1334 1343 
6 366 546 367 755 844 577 
5 366 577 644 910 708 
5 367 755 839 1125 1126 
5 370 368 357 846 527 
5 369 187 1330 527 370 
5 368 139 138 369 370 
5 911 1127 1206 1669 1670 
6 250 252 372 373 295 696 
5 372 252 933 932 242 
5 38 785 371 1353 1354 
4 371 1090 695 1353 
5 39 38 1354 295 373 
6 250 254 1083 1090 695 696 
6 371 785 1084 1085 1083 1090 
6 373 372 242 1013 1012 39 
5 342 376 375 925 819 
6 755 797 820 1120 1182 839 
5 375 641 1183 1121 925 
5 367 374 767 797 755 
4 367 374 1360 1126 
6 342 376 1359 1360 374 767 
5 376 375 641 852 1359 
6 641 852 1125 839 1182 1183 
4 250 696 807 1132 
5 699 700 1091 1090 695 
5 537 538 700 1091 1228 
6 699 700 538 737 600 806 
4 350 961 1072 1582 
5 537 538 737 961 350 
5 600 737 961 1072 1133 
5 20 15 1338 1337 1433 
5 269 19 15 1338 1289 
5 297 120 957 726 488 
5 297 488 1564 1563 612 
6 507 1051 1556 1557 1067 1106 
6 488 726 1146 1067 1557 1564 
5 726 957 1241 1145 1146 
6 232 1105 1145 1241 1571 1567 
4 229 232 1567 815 
6 612 958 1049 1051 1556 1563 
5 93 377 1139 378 95 
5 794 795 1040 1150 361 
5 332 330 802 801 379 
4 333 455 0 1005 
6 333 455 1401 1361 1098 1039 
5 153 150 922 1022 190 
6 966 967 1355 1383 1207 1218 
5 1207 1208 990 1384 1383 
5 755 797 905 906 844 
6 35 618 1069 1070 1607 1606 
5 745 1042 992 1488 1613 
5 860 917 1488 992 1313 
4 1471 1607 1070 1621 
5 1011 1042 992 1313 1332 
6 917 1473 1471 1621 1613 1488 
5 380 26 31 118 804 
5 726 727 380 804 957 
5 346 347 298 1233 1211 
7 298 297 488 741 799 605 347 
6 380 26 679 800 742 727 
6 31 118 1089 1233 1211 32 
4 32 30 346 1211 
5 251 1196 1254 1104 1565 
5 256 381 1187 1255 1195 
5 381 456 1101 1186 1187 
5 256 381 456 932 933 
6 842 843 975 736 943 944 
5 293 842 944 977 1661 
5 292 375 925 975 843 
6 344 686 921 976 1143 1144 
5 376 382 1425 1096 342 
6 376 375 292 481 482 382 
5 382 482 1662 1424 1425 
5 481 482 1662 1661 293 
6 344 686 736 975 925 819 
6 33 236 235 383 1348 744 
6 302 326 578 339 772 1210 
5 323 205 1225 1226 334 
5 323 334 621 578 326 
6 692 693 339 772 1635 1634 
5 228 1197 1210 772 1635 
6 209 228 1635 1634 1291 1213 
5 788 891 1283 1597 1596 
6 185 787 971 739 1294 1295 
6 891 970 1522 1526 1281 1283 
4 384 604 1526 1281 
6 476 477 384 604 1294 1295 
6 384 477 1599 1597 1283 1281 
5 604 1294 739 1522 1526 
4 476 770 185 1295 
5 321 391 388 1640 1558 
5 389 391 321 492 493 
6 385 480 565 390 523 524 
5 386 387 385 480 633 
5 492 493 564 1439 1442 
5 317 386 633 1440 1441 
5 523 524 1638 1640 388 
4 387 385 524 1638 
5 391 388 523 390 389 
6 317 386 387 1638 1640 1558 
5 389 390 565 564 493 
5 470 471 393 865 614 
5 392 798 881 946 834 
5 392 393 471 760 834 
5 195 615 1055 1056 628 
5 195 614 865 584 615 
5 945 1056 628 1074 1075 
5 392 393 865 584 798 
5 760 834 946 945 1075 
5 384 477 579 1091 700 
5 371 358 579 1091 1090 
6 371 358 348 349 296 1353 
5 296 349 1597 1283 1282 
5 699 700 384 1281 1280 
4 331 686 344 782 
5 343 395 791 135 847 
4 394 81 82 1321 
6 394 395 343 1144 1143 81 
7 394 395 791 790 167 1320 1321 
4 165 224 1320 167 
6 137 135 847 782 331 329 
5 137 329 1059 1058 136 
5 121 467 574 1410 1451 
7 548 756 1657 1654 1451 1410 1409 
6 966 967 310 1409 1410 574 
5 396 397 1054 1053 106 
5 398 397 396 1496 1495 
6 106 396 1496 953 962 935 
5 952 953 1496 1495 926 
5 1053 1054 924 1158 105 
5 398 397 1054 924 659 
6 659 924 1158 1133 600 1035 
5 398 659 1035 926 1495 
5 244 457 394 1321 1349 
5 731 746 1349 244 974 
5 257 731 974 735 1434 
5 78 257 731 746 84 
5 1422 1423 1399 1426 83 
4 243 931 1423 1399 
6 394 81 1422 1423 931 457 
7 388 363 1387 1392 1576 1572 523 
6 613 614 865 866 1391 1388 
4 388 363 632 391 
6 389 390 336 615 195 864 
5 389 391 632 863 864 
5 390 336 1573 1572 523 
5 865 866 1575 1574 584 
5 245 246 322 400 399 
5 245 399 475 593 499 
4 307 548 756 1475 
5 369 370 1537 1545 1517 
6 241 304 1544 1545 1517 1559 
6 138 369 1517 1559 1562 132 
5 370 368 732 1543 1537 
5 528 529 1270 1491 654 
6 368 139 643 1270 529 732 
5 241 304 654 1491 1476 
6 133 511 643 1270 1491 1476 
5 810 811 508 1664 453 
5 260 508 811 485 706 
6 810 811 485 1675 1676 311 
5 263 1277 1452 1457 1650 
5 1193 1194 147 1291 1213 
5 378 95 94 1637 1636 
6 829 994 954 1619 1198 1116 
5 923 924 1054 1061 286 
5 519 520 599 458 1623 
5 253 520 599 598 620 
5 619 620 253 1159 769 
5 401 402 630 316 505 
6 402 403 568 1209 1258 630 
5 403 290 288 563 568 
4 289 401 505 504 
5 289 401 402 403 290 
6 581 582 1140 1139 377 780 
5 404 509 581 780 1018 
5 405 154 155 838 964 
5 156 154 405 46 1247 
6 405 46 1252 1253 963 964 
6 313 407 408 667 1611 1610 
5 406 409 407 313 569 
6 271 489 858 857 1325 1324 
5 271 603 1019 1322 1324 
5 603 908 780 1018 1019 
5 1018 1019 1322 1432 404 
6 404 509 410 1156 1431 1432 
5 112 410 1156 658 514 
5 658 857 1325 1431 1156 
5 581 780 908 1298 1062 
5 112 410 509 581 1062 
4 515 858 489 1272 
6 759 1512 1517 1559 1609 1608 
5 241 304 625 496 777 
5 275 635 1608 1609 776 
6 634 635 275 1518 1519 125 
5 496 625 714 1519 1518 
5 411 92 850 851 412 
6 90 92 411 766 1235 1236 
5 73 590 1129 917 1473 
5 795 860 917 1129 1040 
6 25 27 1453 60 354 274 
6 274 354 681 680 880 879 
5 148 29 27 1453 1464 
6 413 582 869 1243 1244 610 
6 411 92 1368 1380 112 410 
5 113 1201 1262 1368 1380 
5 413 610 1201 113 1118 
6 610 1201 1262 90 1236 1244 
5 411 410 509 870 766 
5 581 582 413 1118 1062 
5 226 75 79 414 701 
5 631 720 716 944 842 
5 79 414 1127 911 1658 
6 911 1658 1661 293 1667 1670 
5 414 701 740 1206 1127 
5 245 248 157 151 399 
5 191 587 51 1229 1200 
6 54 163 157 248 1445 1230 
4 52 54 163 159 
5 151 399 475 474 158 
4 191 500 1444 1200 
4 271 558 712 1324 
5 1167 1168 754 1469 1317 
6 335 415 1421 1423 931 1250 
5 337 335 415 340 341 
5 337 341 878 1187 1186 
5 381 395 343 878 1187 
5 394 395 381 456 457 
5 340 415 1421 1425 1096 
5 396 397 1352 1202 594 
5 206 940 1077 1199 997 
5 106 396 594 939 1078 
5 397 1054 1061 1351 1352 
4 891 970 984 1293 
4 1050 1051 1556 70 
6 1282 1283 891 1293 1563 612 
6 305 1639 1641 1561 1671 1672 
6 305 126 648 387 1638 1639 
5 386 387 648 676 491 
5 317 386 491 540 319 
5 319 140 123 669 540 
7 374 416 533 1506 1505 1371 1360 
5 374 416 547 546 367 
4 418 1173 1364 1358 
4 417 533 416 547 
5 1399 1408 1511 1421 1423 
6 382 259 1510 1511 1421 1425 
4 382 259 670 482 
6 482 670 624 1653 1659 1662 
5 664 779 1098 1361 1366 
6 323 334 333 455 556 324 
5 326 516 728 778 578 
6 325 517 980 1365 1402 555 
4 325 324 556 555 
5 420 419 1289 269 268 
5 960 1112 995 1586 1588 
6 872 951 1112 995 1536 1535 
6 282 535 1406 745 1613 1612 
5 1069 1070 951 1112 960 
6 871 872 951 1070 1621 1620 
5 282 535 573 230 602 
5 572 573 230 1535 1536 
6 572 573 535 1406 1588 1586 
5 422 544 1189 757 758 
6 422 63 64 273 421 544 
4 238 240 1239 1176 
6 238 1164 1189 757 1175 1176 
5 421 239 1164 1189 544 
4 421 239 237 273 
5 757 758 62 763 1175 
4 422 63 62 758 
5 545 627 1038 1684 1685 
5 409 420 268 267 406 
6 281 1216 1694 1691 1417 1418 
5 177 694 1274 1418 1417 
5 601 656 281 1216 1223 
6 655 656 601 1160 1161 285 
6 1224 1407 1415 913 1690 1695 
5 282 535 866 1391 1316 
5 535 573 393 865 866 
6 393 471 1168 1167 230 573 
5 543 1388 1391 1316 1470 
6 875 876 754 1469 1470 543 
5 470 471 1168 754 876 
6 273 421 215 660 577 644 
4 422 211 214 544 
5 217 65 836 837 220 
5 211 217 65 63 422 
4 214 215 421 544 
4 213 366 577 660 
5 213 366 708 837 220 
6 1430 1431 1325 1500 1580 1579 
5 423 249 673 1485 1678 
6 424 423 1678 1677 1481 1386 
6 398 659 1474 1481 1386 1385 
5 423 249 484 814 424 
5 398 1385 886 1499 1495 
5 926 1375 936 1499 1495 
5 424 814 886 1385 1386 
6 194 1001 1004 623 1229 1200 
6 53 623 1004 412 851 1163 
5 57 131 1010 379 801 
6 361 725 1231 1278 1149 1150 
6 1231 1232 425 1589 1594 725 
5 162 287 400 399 151 
4 310 967 1355 1102 
5 257 17 16 892 731 
5 328 934 1649 1170 1171 
6 327 328 934 1553 1550 1245 
4 327 329 137 1245 
6 198 178 164 818 1185 1124 
4 198 178 832 1648 
5 389 493 1057 1093 864 
5 390 336 1395 1396 565 
5 564 565 1396 1110 817 
5 1055 1056 883 1111 1095 
6 882 883 1056 628 1093 1057 
5 493 564 817 882 1057 
6 6 590 1129 1128 1131 1130 
5 427 429 1396 1110 583 
6 221 428 430 431 427 583 
4 564 817 222 1439 
5 429 426 480 565 1396 
5 426 431 430 633 480 
5 221 428 1440 1439 222 
4 431 427 429 426 
4 428 430 633 1440 
5 54 163 552 432 55 
5 433 160 552 432 753 
5 55 432 753 1033 49 
5 99 649 433 753 1033 
4 433 160 591 649 
6 671 807 1132 1159 769 914 
5 143 142 1484 1036 473 
5 473 806 600 1035 1036 
5 142 899 784 1486 1484 
5 923 924 659 1474 831 
6 363 364 434 1641 1640 388 
4 434 364 365 920 
5 321 391 632 355 320 
5 365 774 352 1014 920 
6 434 920 1014 1549 1561 1641 
5 392 393 573 572 460 
5 392 460 792 793 834 
5 88 408 407 1477 1031 
6 231 525 901 1031 1477 1478 
6 409 420 419 1478 1477 407 
6 663 848 858 489 1521 1527 
5 518 857 1325 1500 1494 
5 518 849 953 1496 1494 
6 926 952 663 1527 1340 1375 
5 330 331 782 781 802 
4 502 896 1447 1578 
6 398 397 1352 1364 1358 1385 
6 1446 1447 1578 1580 1500 1494 
5 396 594 1446 1494 1496 
6 418 501 1141 886 1385 1358 
6 501 502 896 1203 1173 418 
6 306 307 1475 1663 1664 453 
6 1128 1129 917 1488 1480 1438 
4 360 652 1231 725 
6 360 652 991 992 1313 1312 
5 88 89 666 667 408 
5 435 299 300 23 874 
5 435 539 710 873 874 
5 376 382 259 1372 1359 
6 386 491 838 964 430 633 
5 426 437 436 385 480 
6 436 433 649 648 387 385 
5 437 436 433 160 161 
6 154 161 437 426 431 405 
4 430 431 405 964 
4 666 667 1611 1068 
5 18 15 1338 1113 894 
6 406 267 13 14 609 569 
5 313 407 1477 1483 314 
6 294 314 1483 1482 1113 894 
6 419 1289 1338 1113 1482 1478 
6 1308 1416 1645 12 1696 1697 
5 1034 1400 1410 1451 1455 
7 353 168 1693 1692 574 1410 1400 
4 353 895 1034 1400 
5 441 440 439 1208 1207 
6 169 441 1207 1218 1692 1693 
5 189 526 439 1208 1177 
5 440 439 526 1350 438 
5 441 440 438 170 169 
5 170 438 1350 1320 167 
4 1112 1113 1482 951 
5 231 872 951 1482 1478 
4 296 298 347 349 
4 488 741 1323 1564 
6 640 677 788 891 1293 1292 
5 1139 1140 442 1636 378 
5 787 971 750 1142 1136 
5 749 750 1142 1412 1397 
4 1205 1357 1386 1481 
5 101 303 813 812 494 
5 443 813 303 1542 1543 
5 443 277 687 732 1543 
6 528 529 512 1288 1315 96 
5 280 277 443 813 812 
5 512 884 1026 1287 1288 
5 512 529 732 687 884 
5 265 498 601 656 1117 
5 135 847 1319 1135 1134 
5 57 131 1135 1319 1248 
6 379 332 327 1245 1306 1010 
6 416 547 718 717 345 768 
5 213 366 546 547 718 
4 345 717 1303 885 
5 577 660 1302 906 844 
4 374 416 768 767 
5 66 62 758 539 710 
6 318 492 493 1057 1419 1436 
5 318 315 1285 1003 1436 
4 356 196 999 1284 
5 1002 1003 1436 1419 1094 
6 219 214 544 1189 1188 1166 
5 1165 1166 219 1327 1220 
6 421 215 1328 1157 1304 239 
5 368 357 796 687 732 
6 365 233 527 370 1537 920 
5 362 278 279 463 464 
5 443 434 920 1537 1543 
6 443 277 278 362 364 434 
5 369 187 651 1512 1517 
7 300 23 536 1441 1440 428 301 
5 428 430 964 963 301 
6 198 178 1416 1645 1688 1689 
5 512 668 1024 1335 1288 
4 765 919 1336 1043 
6 653 654 1491 1492 890 103 
4 98 103 890 1015 
5 353 900 1467 1462 1400 
5 146 441 1207 1383 1052 
5 169 166 915 146 441 
5 314 451 1604 1605 1483 
5 1030 1031 1477 1483 1605 
5 415 534 1502 1511 1421 
6 340 415 534 533 416 768 
4 533 534 1502 1506 
5 147 738 172 833 1194 
6 1006 1162 1199 997 1225 1226 
5 93 377 780 908 907 
5 221 212 461 301 428 
5 212 219 1166 1155 461 
4 427 576 1297 583 
6 405 46 690 576 427 431 
5 882 903 1420 1419 1057 
5 444 730 883 1056 945 
6 752 753 432 962 961 350 
5 551 552 432 962 935 
5 436 433 753 752 559 
5 437 436 559 1584 255 
5 437 161 104 108 255 
5 33 31 118 119 236 
5 371 358 1296 1333 785 
5 351 580 360 652 1027 
5 991 992 1042 1041 276 
5 579 580 351 1228 1091 
5 445 223 903 1420 1437 
5 1436 1437 445 1682 318 
5 218 222 1439 1442 1680 
5 445 223 218 1680 1682 
5 411 412 1004 1156 410 
4 623 658 1156 1004 
5 34 892 731 974 973 
4 73 5 6 590 
5 335 415 534 946 881 
5 417 444 730 718 547 
6 337 341 345 717 1111 1095 
6 417 444 945 946 534 533 
4 442 413 582 1140 
5 435 216 212 461 299 
6 422 211 216 435 539 758 
7 351 580 476 1295 1335 1288 1287 
5 384 604 867 538 700 
5 443 434 1641 1639 813 
4 303 305 1639 813 
6 1076 1142 750 1268 1448 1449 
5 185 711 1024 1335 1295 
6 711 1024 1192 1190 1047 1048 
5 512 668 425 1232 884 
5 459 460 392 798 1251 
5 793 834 946 534 1502 
6 32 744 1348 1362 1212 1211 
5 27 743 949 1459 1453 
6 40 149 346 1211 1212 37 
4 37 1212 1362 1516 
6 524 560 812 813 1639 1638 
5 436 385 524 560 559 
5 325 322 400 287 555 
6 145 447 1362 1212 1234 1025 
5 446 447 145 1064 965 
5 383 446 965 1082 235 
5 446 447 1362 1348 383 
6 429 426 437 255 1196 1254 
5 523 524 560 622 1572 
5 1104 1254 429 1396 1395 
5 538 737 952 663 867 
5 663 867 604 1526 1527 
5 890 1492 1593 1631 1626 
5 114 338 1626 890 1015 
6 673 815 1567 1566 575 1485 
5 311 575 1485 1678 1676 
5 94 1000 1299 1119 1637 
5 445 1269 541 1681 1682 
6 324 247 940 1077 550 556 
5 248 157 110 1078 939 
5 448 439 526 747 868 
5 448 439 1208 990 989 
5 142 561 575 1485 1484 
6 217 65 1172 1269 445 223 
6 626 627 1038 1037 1688 1689 
5 446 965 1384 990 989 
5 965 1064 1052 1383 1384 
6 442 413 1118 1119 1637 1636 
4 68 617 1067 1557 
5 425 668 1024 711 1589 
5 535 866 1575 1414 1406 
5 55 432 962 953 849 
5 663 848 661 1044 867 
5 490 702 1591 1632 1628 
6 103 890 1626 1627 1073 1222 
5 490 845 1073 1627 1628 
6 496 625 607 1222 1073 845 
5 518 1230 1445 1446 1494 
6 194 1200 1444 1447 1578 1577 
6 951 1070 1607 1605 1483 1482 
5 982 1180 1620 1621 1471 
5 1073 1148 1263 1267 1627 
5 114 338 1266 1201 113 
5 1174 1438 1480 1479 1504 
5 362 278 1326 1392 1387 
5 531 543 1470 1501 1390 
5 3 570 1135 1319 1318 
5 39 373 449 450 1507 
5 38 37 1212 1234 1354 
5 295 373 449 144 672 
5 450 447 1362 1516 1507 
5 450 447 145 144 449 
6 107 1 2 521 1255 1195 
6 256 381 395 791 599 520 
5 877 878 1187 1255 521 
6 66 710 873 541 1269 1172 
6 435 216 218 1680 1679 874 
5 450 448 989 446 447 
5 449 450 448 439 440 
5 144 146 441 440 449 
5 727 742 775 930 898 
6 372 252 253 620 170 438 
6 242 244 1349 1350 438 372 
5 372 438 440 449 373 
6 427 429 1254 1255 521 576 
4 704 1326 1392 1576 
6 450 448 868 893 1509 1507 
5 861 862 963 1253 889 
5 451 912 1373 1377 1604 
5 668 1024 1192 1242 1271 
5 1047 1048 1136 1142 1076 
5 638 639 679 678 452 
6 830 831 1474 1481 1205 1204 
5 503 733 611 762 761 
5 555 556 455 1401 1402 
5 456 457 931 1250 1101 
5 465 466 571 906 905 
4 468 469 1151 1152 
5 470 471 760 1075 1074 
5 472 734 824 1060 947 
5 473 1036 1376 1339 1097 
5 937 938 896 1203 1123 
5 1520 1549 1561 1671 1673 
5 512 529 1270 1271 668 
4 474 475 593 592 
4 476 477 579 580 
5 1391 1392 1576 1575 866 
5 478 479 642 1555 1554 
6 564 565 480 633 1440 1439 
5 980 981 664 1366 1365 
5 626 627 545 1185 1124 
5 739 1273 919 1336 1294 
6 942 958 1049 815 1567 1571 
5 484 814 886 1499 936 
5 485 486 895 1034 811 
5 650 651 1261 1260 487 
5 726 727 742 741 488 
6 1272 1273 739 1522 1521 489 
5 1036 1376 673 1485 1484 
6 495 690 1220 1219 928 1099 
5 638 639 722 721 497 
5 498 601 1160 1455 1454 
5 810 811 1034 1400 1462 
5 600 737 952 926 1035 
4 499 500 988 987 
5 1441 1442 1680 1679 536 
5 501 502 1578 1580 1141 
5 503 733 972 824 734 
6 1035 1036 1484 1486 1474 659 
5 506 507 1051 1050 805 
5 794 795 729 972 733 
5 854 855 979 1630 1633 
5 508 811 1034 1455 1454 
5 581 582 869 870 509 
4 835 1405 1398 1498 
4 916 1340 1527 1521 
5 516 517 980 981 728 
6 623 658 857 518 1230 1229 
5 525 901 1066 1427 1428 
5 746 747 526 1350 1349 
6 527 846 1534 1529 1329 1330 
5 1043 1315 1288 1335 1336 
5 528 529 732 1543 1542 
5 537 538 867 1044 1007 
5 873 874 1679 1681 541 
5 571 906 1302 1328 1157 
5 1012 1013 557 1085 1084 
5 601 1160 1407 1224 1223 
5 674 828 1265 1264 1092 
4 558 805 1050 916 
5 559 560 622 1583 1584 
5 949 1347 1515 1458 1459 
5 561 575 1566 1570 665 
5 566 567 607 1222 1221 
5 576 690 1220 1327 1297 
5 584 798 1251 1569 1574 
5 648 649 591 675 676 
5 792 793 1502 1511 1408 
4 598 599 791 790 
5 806 807 1132 1133 600 
6 604 867 1044 1043 1336 1294 
5 695 696 807 806 699 
5 941 942 1571 1570 665 
5 678 679 800 799 605 
5 717 718 730 883 1111 
5 612 958 1097 1280 1282 
5 646 683 786 1625 1624 
5 617 748 897 1146 1067 
5 726 727 898 897 1146 
5 629 630 1258 1259 1023 
6 1026 1027 652 1231 1232 884 
5 764 765 1043 1044 661 
5 662 685 1305 1306 1010 
6 829 833 1194 1193 998 1116 
5 848 849 953 952 663 
5 778 779 664 981 728 
5 673 815 1049 1339 1376 
5 687 796 1279 1232 884 
5 694 833 1194 1382 1274 
5 715 716 944 943 703 
5 929 930 775 1346 1342 
5 836 837 708 910 909 
6 712 936 1499 1500 1325 1324 
6 937 938 988 987 1107 1108 
5 882 883 730 904 903 
6 746 747 868 893 892 731 
5 973 974 735 1585 1587 
5 895 1034 1455 1160 1161 
5 952 953 962 961 737 
5 856 1009 1092 1264 1169 
4 741 742 800 799 
5 743 744 1348 1347 949 
5 1069 1070 1621 1613 745 
5 749 750 1268 1299 1000 
5 897 898 930 929 748 
4 752 753 1033 1032 
5 1175 1176 1239 1238 763 
5 869 870 766 1235 1243 
5 923 924 1158 1159 769 
5 1028 1029 1080 1079 783 
5 781 782 847 1319 1248 
4 784 831 1474 1486 
5 787 788 891 970 971 
6 890 1015 1191 1192 1242 1492 
5 968 969 789 1029 1028 
4 838 862 963 964 
5 803 804 957 1241 1240 
4 808 809 933 932 
5 882 883 1111 1110 817 
5 1058 1059 1184 1185 818 
5 819 820 1120 1121 925 
5 823 1017 1389 1403 1331 
5 827 828 1252 1253 889 
5 850 851 1163 1615 1614 
5 1125 1126 1360 1359 852 
5 985 986 853 1616 1617 
4 854 855 887 888 
5 859 860 917 1473 1472 
5 1053 1054 1061 1116 1198 
5 945 946 881 1055 1056 
5 905 906 1302 1303 885 
5 886 1141 1580 1500 1499 
5 959 960 1112 1113 894 
4 899 900 915 914 
5 1030 1031 901 1066 1065 
5 907 908 1298 1299 1000 
6 1373 1374 1068 1611 1610 912 
6 1191 1192 1024 1335 1336 919 
6 1050 1051 1049 1339 1340 916 
5 920 1014 1523 1545 1537 
5 943 944 977 976 921 
5 1035 1036 1376 1375 926 
6 1147 1148 1263 1262 1368 1367 
4 927 928 1099 1100 
6 1102 1355 1383 1052 1468 1460 
5 961 962 935 1071 1072 
4 939 940 1077 1078 
4 954 955 993 994 
4 958 1049 1339 1097 
5 1063 1064 965 1082 1081 
6 1005 1006 979 1630 1629 1114 
5 1065 1066 1427 1180 982 
5 991 992 1488 1480 1435 
5 1112 1113 1338 1337 995 
5 997 998 1116 1198 1199 
5 1002 1003 1285 1284 999 
5 1001 1004 1156 1431 1430 
5 1043 1044 1007 1314 1315 
5 1041 1042 1011 1084 1085 
4 1093 1094 1419 1057 
5 1193 1194 1382 1381 1016 
5 1088 1089 1233 1234 1025 
5 1178 1179 1173 1203 1123 
5 1128 1129 1040 1150 1149 
4 1045 1046 1548 1547 
5 1118 1119 1299 1298 1062 
5 1105 1106 1067 1146 1145 
5 1147 1148 1073 1222 1221 
7 1280 1281 1526 1527 1340 1339 1097 
5 1090 1091 1228 1227 1083 
5 1110 1111 1095 1395 1396 
5 1143 1144 1096 1425 1424 
5 1250 1251 1569 1568 1101 
5 1186 1187 1255 1254 1104 
4 1107 1108 1151 1152 
4 1120 1121 1183 1182 
5 1170 1171 1184 1185 1124 
5 1130 1131 1174 1504 1503 
4 1132 1133 1158 1159 
5 1136 1137 1411 1412 1142 
6 1204 1205 1357 1358 1364 1363 
5 1165 1166 1155 1253 1252 
5 1219 1220 1327 1328 1157 
5 1160 1161 1286 1415 1407 
5 1198 1199 1162 1618 1619 
5 1188 1189 1164 1602 1603 
5 1246 1247 1265 1264 1169 
5 1202 1203 1173 1364 1352 
5 1207 1208 1177 1217 1218 
5 1214 1215 1181 1370 1369 
5 1191 1192 1190 1449 1448 
4 1195 1196 1254 1255 
5 1229 1230 1445 1444 1200 
5 1262 1263 1267 1266 1201 
4 1211 1212 1234 1233 
5 1225 1226 1290 1291 1213 
5 1223 1224 1695 1694 1216 
4 1235 1236 1244 1243 
4 1231 1232 1279 1278 
5 1240 1241 1571 1570 1237 
5 1270 1271 1242 1492 1491 
5 1305 1306 1245 1550 1551 
4 1248 1249 1318 1319 
4 1256 1257 1260 1261 
5 1277 1452 1408 1511 1510 
5 1272 1273 1268 1299 1298 
5 1300 1301 1381 1382 1274 
4 1275 1276 1284 1285 
4 1280 1281 1283 1282 
5 1307 1308 1416 1415 1286 
4 1287 1288 1315 1314 
5 1292 1293 1563 1564 1323 
4 1294 1295 1335 1336 
5 1312 1313 1332 1333 1296 
5 1302 1303 1297 1327 1328 
4 1309 1310 1329 1330 
7 1391 1392 1326 1435 1480 1479 1316 
4 1320 1321 1349 1350 
5 1324 1325 1431 1432 1322 
4 1339 1340 1375 1376 
4 1341 1342 1346 1345 
5 1347 1348 1362 1516 1515 
4 1351 1352 1364 1363 
4 1367 1368 1380 1379 
5 1369 1370 1356 1533 1534 
4 1357 1358 1385 1386 
4 1359 1360 1371 1372 
5 1365 1366 1361 1401 1402 
4 1373 1374 1378 1377 
4 1387 1388 1391 1392 
5 1393 1394 1525 1501 1390 
5 1411 1412 1397 1540 1541 
5 1404 1405 1398 1458 1459 
5 1399 1408 1452 1457 1426 
5 1409 1410 1400 1462 1461 
5 1413 1414 1406 1588 1587 
5 1415 1416 1645 1644 1407 
4 1419 1420 1437 1436 
5 1422 1423 1421 1425 1424 
5 1433 1434 1426 1457 1456 
4 1429 1435 1480 1438 
4 1439 1440 1441 1442 
4 1444 1445 1446 1447 
5 1454 1455 1451 1654 1655 
5 1456 1457 1452 1466 1465 
5 1458 1459 1453 1464 1463 
5 1461 1462 1467 1468 1460 
5 1472 1473 1471 1607 1606 
4 1474 1481 1677 1486 
5 1491 1492 1593 1592 1476 
4 1477 1478 1482 1483 
5 1479 1480 1488 1613 1612 
5 1484 1485 1678 1677 1486 
5 1489 1490 1487 1665 1666 
5 1497 1498 1508 1509 1493 
5 1495 1496 1494 1500 1499 
5 1503 1504 1501 1525 1524 
5 1505 1506 1502 1511 1510 
5 1508 1509 1507 1516 1515 
4 1512 1517 1545 1523 
6 1520 1523 1545 1544 1674 1673 
4 1521 1522 1526 1527 
4 1528 1529 1534 1533 
5 1531 1532 1541 1540 1530 
5 1542 1543 1537 1545 1544 
5 1548 1549 1561 1560 1547 
4 1550 1551 1552 1553 
4 1556 1557 1564 1563 
5 1560 1561 1641 1640 1558 
5 1568 1569 1574 1573 1565 
4 1566 1567 1571 1570 
5 1573 1574 1575 1576 1572 
4 1577 1578 1580 1579 
4 1581 1582 1584 1583 
4 1585 1586 1588 1587 
5 1592 1593 1631 1632 1591 
4 1589 1590 1595 1594 
4 1596 1597 1599 1598 
4 1600 1601 1602 1603 
4 1604 1605 1607 1606 
4 1612 1613 1621 1620 
4 1614 1615 1617 1616 
4 1618 1619 1623 1622 
5 1627 1628 1632 1631 1626 
4 1638 1639 1641 1640 
5 1652 1653 1650 1666 1665 
5 1652 1653 1659 1660 1651 
4 1654 1655 1656 1657 
5 1659 1660 1658 1661 1662 
4 1667 1668 1669 1670 
4 1671 1672 1674 1673 
4 1675 1676 1678 1677 
4 1679 1680 1682 1681 
5 1686 1687 1683 1697 1696 
4 1684 1685 1687 1686 
4 1690 1691 1694 1695 
4 1692 1693 1697 1696 
CELL_DATA 1617
SCALARS scalar_1 double
LOOKUP_TABLE default
    5.222082
    5.213257
    5.206433
    5.202479
    5.186087
    5.204964
    5.190494
    5.220590
    5.214304
    5.248168
    5.181785
    5.184153
    5.193299
    5.204964
    5.193907
    4.244505
    5.193494
    4.287733
    4.233058
    5.190380
    5.218310
    5.191679
    5.186569
    4.249005
    5.200707
    4.269691
    5.198075
    4.267753
    4.229613
    5.182093
    5.196650
    4.248996
    4.270055
    4.258898
    4.267926
    5.200984
    5.187180
    5.198075
    5.176440
    5.193501
    5.221043
    4.249005
    4.259710
    5.187224
    4.259710
    5.194477
    5.187224
    5.191126
    5.218653
    4.230254
    4.231174
    4.258898
    5.221043
    4.235223
    5.203490
    4.260768
    5.177501
    4.240169
    5.171149
    5.187021
    5.206433
    4.266119
    5.193299
    5.172759
    4.252782
    5.192863
    5.190612
    5.222082
    4.287475
    4.279806
    5.181389
    5.163775
    5.216367
    4.245531
    5.204728
    5.181132
    4.287733
    4.260206
    5.189622
    5.195953
    4.285406
    4.249005
    5.213489
    5.213257
    5.187953
    5.195963
    5.187225
    5.186311
    5.207641
    5.187224
    5.193494
    4.259710
    5.191126
    5.169751
    4.248996
    5.182767
    5.171075
    5.182491
    5.212554
    4.257103
    5.183227
    5.207752
    5.177645
    4.262121
    5.212221
    5.173295
    5.193971
    5.168466
    5.193893
    5.175489
    5.192790
    5.201492
    5.219873
    5.169751
    5.195963
    4.244505
    5.194362
    5.212554
    5.186388
    5.232272
    5.193973
    4.274407
    4.261197
    4.297814
    5.217524
    5.177486
    5.200707
    4.256342
    4.291780
    5.237036
    4.261500
    5.220378
    5.183227
    5.201492
    5.249087
    5.182531
    5.197377
    5.181132
    5.163775
    5.182235
    5.216629
    5.188110
    5.202569
    5.193893
    5.212221
    5.169834
    5.199935
    4.255603
    5.202633
    4.260206
    4.245531
    5.213854
    5.163775
    5.200961
    4.281057
    4.285406
    4.271645
    4.264003
    5.248168
    5.000000
    5.225458
    5.191371
    5.222082
    5.186087
    5.240836
    5.207737
    5.204728
    5.188680
    5.184311
    5.204964
    5.170013
    4.287475
    5.188780
    5.181132
    5.193005
    5.202633
    5.197377
    4.271645
    5.163775
    5.195227
    5.181389
    5.182235
    4.255479
    4.256379
    5.192043
    5.186460
    5.206736
    5.207912
    5.188110
    5.196650
    4.270055
    5.186569
    4.251870
    5.191679
    4.260056
    4.255603
    5.204569
    4.281057
    4.255603
    5.200961
    4.260056
    5.193339
    4.287733
    5.225458
    5.216629
    4.232107
    5.182235
    5.193914
    4.245531
    5.163775
    5.186903
    5.181785
    5.187953
    5.180895
    5.220590
    5.189997
    4.238053
    5.248168
    5.240836
    5.211477
    5.190612
    5.187953
    5.240836
    4.238053
    5.193428
    5.214864
    5.248168
    5.203760
    4.297814
    5.190612
    5.213257
    5.211477
    4.223579
    5.204569
    4.267753
    4.260056
    5.222082
    5.181785
    5.248168
    5.213912
    5.213489
    5.185752
    5.215614
    4.231174
    5.207912
    4.270055
    5.176149
    4.256379
    5.218310
    5.207683
    5.192043
    5.187744
    5.220590
    5.188780
    5.191646
    5.195963
    4.248996
    4.258898
    5.182093
    5.178065
    4.259710
    5.187461
    5.169751
    4.235223
    5.193299
    5.204964
    5.219678
    5.188680
    5.195953
    4.255664
    5.193339
    5.201137
    4.245531
    5.222082
    5.204728
    4.287733
    5.191371
    5.203760
    5.186569
    4.274294
    5.191679
    5.193428
    5.221328
    4.297814
    5.232272
    5.240836
    5.190380
    5.207683
    5.218310
    5.203760
    5.220590
    5.177480
    5.240836
    5.173686
    4.249525
    5.177427
    5.189066
    5.220590
    4.274294
    5.199250
    5.193428
    5.186569
    5.186831
    4.247829
    5.169859
    5.188780
    4.270149
    5.181128
    5.182093
    5.169094
    5.178065
    5.189997
    5.173686
    5.193893
    5.189511
    5.195305
    4.240169
    5.190803
    5.209059
    4.297308
    5.198983
    5.221110
    5.194445
    4.264256
    4.261197
    5.232272
    5.193299
    5.190380
    5.195953
    4.287733
    5.187021
    5.185752
    4.250837
    5.197453
    5.194645
    5.166216
    5.184414
    5.169859
    5.182093
    5.186569
    4.248996
    5.193428
    5.188306
    5.179491
    5.221110
    5.205204
    5.177501
    5.193971
    5.182397
    5.187769
    5.184290
    5.177427
    5.173295
    4.247829
    5.182093
    4.234690
    4.270149
    5.173686
    5.193893
    5.186087
    5.186831
    5.205446
    5.184311
    5.199250
    5.220590
    4.247918
    5.186713
    5.191646
    5.204270
    5.174104
    5.197916
    5.182491
    5.182767
    5.177331
    4.229613
    5.192863
    5.187596
    5.210993
    5.190612
    5.213912
    5.157947
    5.182477
    5.207927
    4.246782
    4.261197
    5.190380
    5.193973
    4.246310
    4.297814
    5.190050
    4.274407
    5.196810
    5.186569
    5.182253
    5.193973
    5.191646
    5.183467
    5.206736
    5.185752
    5.194362
    5.176440
    5.188306
    5.187021
    5.188915
    5.177014
    5.179491
    5.184290
    5.221110
    4.240169
    4.287733
    4.270055
    5.190612
    5.171075
    5.199935
    5.204569
    5.211477
    4.247851
    5.183213
    5.200666
    4.256342
    5.221328
    5.221043
    5.203490
    5.200984
    5.200516
    5.195953
    5.188680
    5.221159
    5.186831
    5.197916
    5.184311
    5.186087
    5.184843
    5.204728
    5.212559
    5.202990
    4.238493
    4.274864
    5.209338
    5.217320
    4.279806
    5.206736
    5.200666
    5.203908
    5.200984
    5.207683
    5.221328
    5.203490
    5.207737
    5.191371
    5.240836
    5.222082
    5.248168
    4.246725
    5.202757
    5.187188
    5.215902
    4.291780
    5.237036
    5.214589
    5.177486
    5.198075
    4.256342
    4.261500
    5.237036
    4.269722
    4.232801
    5.196029
    4.269691
    5.182266
    5.205016
    5.149272
    5.177427
    5.161029
    5.191679
    5.188656
    5.189066
    5.193893
    5.193428
    5.176795
    4.232801
    5.237036
    4.262121
    5.177645
    5.188780
    5.193893
    4.287475
    4.279806
    4.238493
    5.169094
    5.193971
    5.171075
    5.182767
    4.248996
    5.204569
    5.199935
    5.200984
    5.193501
    5.218653
    5.177014
    4.264003
    5.187461
    5.192954
    5.188306
    5.179491
    5.213854
    5.196029
    5.189066
    4.232801
    4.244505
    5.193501
    5.188306
    5.185752
    5.194362
    5.176440
    4.247918
    5.199250
    5.189066
    4.274294
    4.232801
    5.185752
    5.214589
    5.204270
    5.192327
    4.274294
    5.189066
    5.189044
    5.184311
    5.204270
    5.240836
    4.247918
    5.180055
    5.190494
    4.255664
    5.188680
    5.219678
    5.193299
    5.186087
    5.222082
    5.190380
    4.261500
    4.274407
    4.260462
    5.177486
    4.256342
    4.297814
    5.171149
    4.223579
    4.248996
    5.217524
    5.193973
    5.198075
    5.177486
    4.225184
    4.269691
    5.187224
    5.186311
    5.189632
    5.198573
    5.221043
    4.247829
    5.206736
    5.207683
    5.203490
    4.231174
    5.159608
    4.260764
    5.187744
    5.196650
    4.235223
    5.215614
    5.192863
    4.229613
    5.186831
    5.191646
    5.200961
    4.260056
    5.204569
    4.264003
    4.239781
    5.211477
    5.199935
    5.202633
    5.216629
    5.181132
    4.271645
    4.287733
    5.216629
    4.245531
    5.183227
    5.193893
    4.247829
    5.176795
    5.192043
    5.218310
    4.287733
    5.190612
    4.256379
    4.255479
    5.176795
    5.180509
    5.214589
    5.209338
    5.185752
    4.269910
    5.187188
    5.187224
    4.269691
    5.201492
    4.223579
    4.248996
    5.227225
    4.223579
    5.171149
    5.192148
    4.268844
    4.260056
    4.246782
    5.184414
    5.181863
    5.189632
    5.176440
    5.209338
    5.166521
    5.198075
    5.187188
    5.183213
    5.202990
    4.256342
    4.247851
    5.192327
    5.221159
    5.191153
    5.180055
    5.188680
    5.186087
    5.191646
    5.203344
    5.201492
    5.193973
    4.297814
    5.193428
    5.187953
    5.217524
    5.203344
    5.186087
    5.191646
    5.220590
    5.176795
    4.269095
    5.213912
    5.220378
    5.183213
    4.250837
    5.197453
    5.200666
    5.166216
    5.203908
    5.191646
    5.203344
    4.271645
    4.260056
    5.193299
    5.201137
    4.297814
    5.248168
    5.187596
    5.180919
    5.174281
    5.205204
    5.220378
    5.213912
    5.217524
    4.269095
    4.269722
    4.248996
    5.196650
    4.258898
    4.235223
    4.270149
    5.159608
    4.247829
    5.178065
    4.245531
    5.195953
    5.189622
    4.255664
    4.256379
    4.255479
    5.181132
    5.191371
    5.200984
    4.246725
    4.260206
    5.189511
    5.184947
    5.192954
    4.264003
    5.200961
    5.218653
    4.239781
    5.181863
    4.240169
    5.204569
    4.223579
    5.171149
    4.247851
    5.218653
    4.246725
    5.203490
    5.192954
    5.200666
    5.193501
    5.203908
    5.191679
    5.185752
    5.215614
    5.240836
    5.218310
    5.189066
    4.232801
    5.189044
    5.207683
    5.204569
    4.248996
    5.181863
    5.227225
    5.184414
    5.182531
    4.223579
    5.182710
    4.240169
    5.187021
    5.187461
    4.244505
    5.182397
    4.264256
    5.188306
    5.197671
    5.177014
    5.186903
    5.159608
    5.189511
    5.218653
    4.235223
    4.233882
    5.186903
    5.181128
    5.187461
    5.169094
    5.188306
    5.182710
    5.184414
    5.177014
    4.240169
    5.192954
    5.197453
    5.181863
    5.185752
    5.188915
    5.187596
    5.182767
    5.180919
    5.177014
    4.240169
    5.211477
    5.193973
    5.207683
    5.221328
    4.235223
    5.159608
    4.231174
    4.246725
    5.218653
    5.221043
    5.217524
    5.205204
    5.175489
    5.187596
    5.204270
    4.269722
    5.185494
    5.187769
    5.207683
    5.159608
    5.184947
    4.260764
    5.191371
    4.260206
    5.207737
    5.198075
    4.269691
    5.196650
    4.247829
    4.262121
    5.183227
    5.201255
    4.269910
    5.209338
    5.177645
    5.169834
    5.187461
    5.187953
    5.186087
    5.203344
    5.193299
    5.218310
    5.176149
    5.187596
    5.187224
    5.193501
    5.187461
    5.194362
    5.218653
    4.244505
    5.188110
    5.201255
    4.235223
    4.247829
    4.234690
    4.270055
    4.258898
    5.203908
    5.248168
    5.220378
    5.221328
    5.186388
    5.193973
    5.175489
    4.297814
    4.269722
    5.185494
    5.237036
    5.188611
    5.174281
    4.270055
    5.191153
    5.186087
    5.203344
    5.193005
    5.187940
    5.186713
    4.247829
    5.188780
    5.177645
    4.260764
    5.184947
    5.159608
    5.181389
    5.189511
    5.181863
    5.184414
    5.203908
    5.201137
    4.246782
    5.192148
    5.192954
    5.200961
    5.197453
    4.260056
    4.250837
    5.185752
    5.183213
    5.202990
    4.250837
    5.197453
    4.253716
    4.247851
    4.252792
    5.184947
    5.218653
    4.235223
    4.247829
    4.260764
    5.174281
    5.248168
    4.256342
    5.220378
    5.221328
    5.190380
    5.187953
    5.193428
    5.191679
    5.176795
    5.218310
    5.184311
    5.212559
    5.204728
    4.279806
    5.240836
    5.189044
    5.215614
    5.217320
    5.221328
    5.221043
    5.198075
    5.177486
    5.237036
    5.183213
    5.220378
    5.192954
    5.185752
    5.181863
    4.250837
    5.184414
    5.203908
    4.247851
    5.188680
    5.195953
    5.176795
    4.240169
    5.204569
    5.194445
    5.177014
    5.202633
    5.197671
    5.199935
    5.206433
    5.176795
    4.232801
    5.185752
    5.237036
    5.220590
    5.169834
    5.220590
    5.189044
    5.248168
    5.221328
    5.207683
    5.227225
    4.225184
    5.166220
    5.182531
    4.267854
    5.169834
    4.287475
    5.201137
    5.222082
    5.192863
    5.201492
    4.269691
    4.279806
    4.238493
    5.193971
    5.188915
    5.182710
    5.181132
    5.194645
    5.169834
    5.197377
    5.181389
    5.194445
    5.199935
    4.260776
    5.187225
    5.216629
    5.181132
    5.197377
    4.244505
    5.187461
    5.187225
    4.260776
    4.258898
    5.198983
    5.181132
    4.271645
    5.193005
    5.249087
    5.182710
    5.169834
    4.274407
    5.186388
    4.291780
    5.188611
    5.193221
    5.188680
    5.189622
    5.204728
    4.245531
    4.255664
    5.184843
    4.279806
    5.185752
    5.183213
    4.269095
    5.213912
    5.248168
    5.221328
    4.269722
    5.212559
    5.186087
    5.204728
    5.189044
    5.193893
    4.262121
    4.247829
    4.239781
    5.200961
    5.201137
    5.192148
    5.189632
    4.269722
    5.187596
    5.212559
    4.269095
    5.183213
    4.269722
    5.185494
    5.188611
    5.191510
    5.186087
    5.191153
    5.180055
    5.188680
    4.269691
    5.198075
    5.166521
    5.193501
    5.187224
    5.194362
    5.185752
    5.202990
    4.247851
    5.177331
    5.182767
    4.262918
    5.193221
    5.190612
    5.182477
    4.291780
    5.182491
    5.186569
    4.269691
    5.207752
    4.249525
    5.188656
    4.232801
    5.177427
    5.193501
    4.247851
    5.202990
    5.188306
    5.188915
    4.274864
    5.182477
    5.177331
    5.207927
    5.182491
    5.190612
    5.187596
    5.210993
    5.194645
    5.209338
    5.192327
    5.189044
    5.202990
    5.212559
    4.279806
    4.252792
    5.194645
    5.181132
    5.187953
    5.187461
    5.189511
    5.188680
    5.218310
    5.198075
    4.270149
    5.181128
    5.187953
    5.186569
    5.177427
    5.184414
    5.203908
    5.157947
    4.269095
    4.253716
    4.246782
    4.244505
    5.213912
    5.192863
    4.246782
    5.203908
    5.201137
    4.229613
    5.222082
    5.192148
    5.204728
    5.191371
    4.260206
    5.200961
    5.201137
    5.207683
    5.187744
    4.260764
    5.185752
    5.189044
    5.192954
    5.177014
    5.184414
    4.240169
    4.239781
    4.247851
    5.183213
    5.201492
    5.194362
    4.269691
    5.181389
    5.194645
    5.204728
    4.260764
    5.187953
    5.184843
    5.189044
    5.194645
    5.204728
    4.252792
    5.210993
    5.176795
    4.244505
    5.189511
    5.218653
    5.201492
    4.229613
    5.182491
    4.269722
    5.192148
    5.203908
    5.200961
    5.191371
    5.222082
    5.192863
    5.201492
    5.198075
    4.225184
    5.201492
    5.187224
    5.166521
    5.186569
    5.176795
    5.218310
    5.185752
    5.176149
    5.218310
    4.260462
    5.221043
    5.207683
    5.221328
    5.187224
    5.194362
    4.235223
    5.183227
    5.193893
    5.169834
    5.188780
    5.170013
    5.192327
    5.200961
    4.239781
    5.177014
    5.202633
    5.192954
    5.189511
    5.197671
    4.232801
    5.248168
    5.181785
    5.181128
    4.269095
    5.210993
    5.213912
    5.182477
    4.269722
    5.182491
    4.246782
    5.227225
    5.182710
    5.184843
    5.177331
    5.192863
    5.182477
    5.197671
    4.240169
    5.188306
    4.239781
    5.192954
    5.194445
    4.229613
    5.192863
    5.186569
    5.189511
    5.181389
    5.199935
    4.271645
    5.185752
    5.176149
    5.207683
    5.187224
    5.194362
    5.183213
    4.269095
    4.252792
    4.249525
    5.186087
    5.169834
    4.229613
    5.177331
    5.213912
    5.222082
    4.246782
    4.269095
    4.260206
    5.204728
    5.200961
    5.203908
    5.222082
    4.270055
    4.235223
    5.189511
    5.193501
    5.184947
    5.207927
    5.227225
    4.229613
    5.182491
    5.182710
    5.194645
    5.221043
    4.244505
    5.183213
    5.210993
    5.213912
    4.252792
    5.169834
    4.229613
    5.182491
    5.189511
    4.260764
    5.192954
    5.200961
    5.170013
    5.189511
    5.189997
    5.189511
    4.247851
    4.252792
    4.270055
    5.187225
    4.235223
    4.231174
    5.192954
    5.203908
    5.188680
    4.231174
    5.176149
    5.193914
    5.198573
    5.222082
    5.192954
    5.213912
    4.260206
    5.181389
    5.199935
    4.271645
    5.187744
    5.185752
    5.169834
    5.182491
    5.186087
    5.204728
    5.221043
    5.176149
    5.187744
    5.182491
    5.186569
    5.176149
    5.176149
    5.193005
    5.183227
    5.189997
    5.193501
    5.204728
    5.181389
    5.191510
    4.271645
    5.202569
    5.216629
    5.204728
    5.184843
    5.187224
    4.244505
    5.202569
    5.193005
    4.244505
    5.192954
    5.188915
    5.248168
    5.221043
    4.235223
    5.207683
    5.198573
    5.176149
    5.222082
    5.221328
    5.213912
    5.202757
    4.229613
    5.198573
    5.221043
    5.207683
    5.183227
    5.207683
    5.221043
    5.221043
    5.213912
    5.192954
    5.198573
    5.193299
    5.201492
    5.189997
    5.188780
    5.169859
    5.189044
    4.270149
    5.203344
    5.220378
    5.205204
    5.186831
    4.274864
    4.270149
    5.187744
    5.210993
    4.239781
    5.197671
    5.195953
    5.184947
    5.193501
    5.185352
    5.157947
    5.203344
    5.186569
    5.181389
    5.187744
    5.217320
    4.232801
    5.185969
    5.183227
    5.181389
    5.187744
    5.213257
    5.214176
    4.232801
    5.176795
    4.260764
    5.205446
    4.229613
    4.253716
    4.270149
    5.215614
    4.262121
    4.233882
    5.176807
    5.176795
    5.197377
    5.187224
    4.279806
    5.203344
    5.194645
    5.194362
    5.221043
    4.264256
    5.184947
    4.264003
    4.260206
    5.182491
    5.182477
    5.203490
    5.189066
    5.202479
    5.212221
    5.203908
    4.258898
    5.187744
    5.216629
    5.192863
    4.247851
    5.201137
    5.192327
    5.221328
    5.215614
    5.181389
    4.246725
    5.187744
    5.196650
    4.269095
    5.177645
    5.159789
    5.183227
    5.183227
    4.225184
    5.189511
    5.181389
    5.181128
    5.220590
    4.260206
    5.198666
    5.187744
    5.197671
    4.249525
    5.186388
    5.183227
    5.182767
    4.279806
    5.207927
    4.253716
    5.221043
    5.198075
    4.232801
    4.260206
    5.190494
    5.196650
    4.258898
    5.176440
    5.170013
    5.183227
    4.260206
    5.171075
    5.197377
    5.215614
    5.193914
    5.187953
    5.215614
    5.193893
    5.195227
    5.193914
    5.192148
    5.201255
    5.200666
    4.250837
    5.193428
    5.174281
    4.262918
    5.193299
    5.181132
    4.247918
    5.163775
    4.232808
    5.169751
    5.184311
    4.269095
    5.187596
    5.212559
    5.187224
    4.274294
    5.194362
    5.169834
    5.201492
    5.188780
    5.177645
    4.239781
    5.217524
    4.260764
    4.271645
    5.181785
    4.256379
    5.191371
    5.188680
    5.220590
    5.187744
    4.256379
    5.176807
    5.194362
    5.193501
    5.198075
    5.220590
    5.184414
    5.194645
    5.184947
    5.218653
    4.253716
    5.186713
    4.270055
    5.210993
    5.187461
    5.181863
    5.169834
    5.204785
    4.271645
    4.260764
    5.218653
    5.213912
    5.220378
    5.173697
    5.213912
    5.207927
    5.182397
    5.193428
    4.244505
    5.215614
    5.193893
    5.189044
    5.192863
    5.190612
    5.191679
    5.220590
    5.193221
    5.204964
    5.212559
    5.190380
    5.179491
    5.195227
    5.222082
    5.194645
    5.249087
    4.235223
    5.220590
    5.161029
    5.197377
    5.186903
    4.269910
    5.206433
    5.181128
    5.181785
    5.171149
    5.192327
    5.212221
    5.199250
    5.189622
    5.177645
    5.191679
    5.184947
    4.247829
    5.188780
    5.218653
    4.296441
    5.177501
    5.193501
    5.221328
    4.274864
    4.260764
    5.183227
    5.198573
    5.189044
    4.271645
    5.205204
    4.252792
    4.269722
    5.203344
    5.201492
    5.188306
    5.188915
    4.249525
    5.194477
    5.237036
    5.176795
    4.247851
    5.177427
    5.184843
    5.237036
    5.200516
    5.188306
    4.229613
    5.194645
    5.176795
    5.214589
    4.258898
    5.218310
    4.259710
    5.217320
    5.206433
    5.194362
    4.244505
    5.185752
    5.180509
    4.249005
    5.212559
    4.255583
    5.192327
    5.198573
    4.240169
    4.239781
    5.181389
    5.205204
    5.193893
    4.239781
    5.181863
    5.181128
    5.206736
    5.181863
    5.200984
    5.187744
    5.197453
    5.194645
    5.213854
    4.247851
    5.199935
    5.186903
    5.169094
    5.190612
    5.187224
    4.244505
    5.163775
    5.184153
    5.199935
    5.192954
    5.149272
    5.188611
    5.176795
    5.188611
    5.189430
    4.239781
    5.192327
    5.182491
    5.186569
    5.186569
    5.189066
    5.190380
