# vtk DataFile Version 2.0
polydata
ASCII
DATASET POLYDATA
POINTS 1691 double
2.79039685864544 5.77983290162661 5.1580535355493 
3.41254325850795 5.11903168351975 4.18580358432154 
3.87426885472432 5.36964442820137 4.32400484123813 
3.87740942067633 5.62329479414691 4.23160590544878 
3.12151359382914 5.06148649197425 4.83599171662316 
5.73090483814778 0.786398639364375 2.38715512279902 
5.70619139648991 0.703472540321634 2.63426156907194 
6.07806946056631 0.454950068061512 3.15304720267767 
1.42370173645539 3.02178389042565 6.60600360995822 
1.1321690820048 3.25128834573017 6.49751322867551 
0.817751640043213 1.83993923765503 6.47796146744455 
1.05722937601954 1.8341873964849 6.74208510180369 
2.7735380806877 5.49507482861115 1.14758195458759 
2.41393966424948 5.82468000816485 0.689505952550141 
6.19234191341478 3.21795721657561 0.344327853190849 
5.65618369368207 3.14446504519522 0.52207041530729 
5.94107104085154 3.38899937521181 0.796108943207175 
5.37402835295032 3.59629904323521 0.737065873765049 
5.63684196877735 3.99340720070012 0.812558114312319 
5.66489623997835 3.26701129110222 0.741176252597675 
6.25932817398535 3.31386546490853 0.467687900807099 
5.90905605571634 3.89011290618314 0.851511433136992 
5.14417390877904 3.51896286031415 0.376994615224135 
5.18100780635174 3.60379225477797 6.62827366345211 
5.22048097074455 4.12294240985464 6.73536203059781 
3.04595700165032 1.02799760942979 1.05533667004359 
3.30580829120326 1.22408575368514 0.436685088602251 
2.01778388651828 1.6419696195605 0.630232974427446 
3.37097814948085 1.56750379733601 0.705147974219541 
3.10606440091021 0.896740400775687 0.648729186812887 
3.22016199883422 1.51206091129983 1.02149369321133 
2.79233351074045 1.87486148573515 1.1254421657831 
2.41201723023159 2.14799974555975 0.677230762797151 
2.7149521189306 2.13029265278074 0.918123112597825 
2.51712954137907 2.1935769482427 0.526698447607363 
4.76811868657246 3.41164173149345 1.49807480525864 
4.66022702335438 2.17735414532366 1.57503004496676 
4.41669096772628 2.00997534849034 1.68744300372332 
3.53168004237843 2.61922765336766 1.44816118878916 
3.62474243446146 2.90531001104853 1.93066921225225 
3.88792210822964 3.26691576638779 1.78703556824514 
3.72507523596476 2.16445016652863 1.60667497495307 
6.41293826345509 2.04358127292836 5.0963232525764 
5.85497654158184 1.55419238978831 5.06672944922981 
6.48325030505508 0.623674521612153 5.34508792368374 
4.35499947493672 6.26500718870228 5.34991350965099 
4.27044853400047 5.96097657312318 5.77527774499029 
3.8255275293751 5.04872066195683 5.3110809719693 
2.24629990784886 2.71767144387164 5.13547180529177 
1.46315484722413 2.92320764671995 5.65583678240487 
2.33911004557165 2.83918333898212 4.7835094165167 
1.88155274347182 3.13428971672707 5.56472953499513 
1.34253909762555 3.19399258093096 5.60994932207978 
1.81650200183892 3.30625378854834 5.52889264977672 
1.33046984796434 3.00898536791779 5.63848105938754 
1.85818074809381 3.49789725666015 5.15277789698934 
2.13610997536406 3.28671619624645 4.70592682475333 
4.40762718185349 3.06380154716333 0.539857424593142 
4.00244564613941 6.73002238305871 3.63798432356257 
4.5887295768575 1.64768752768828 0.397535204504429 
4.55625176420438 1.12639291236313 1.61933023813588 
4.27207516243619 1.2359467171684 0.596567331820118 
4.20820780262959 1.14348205203184 1.31477906252075 
6.25335104118021 5.3336735711187 6.49823488640451 
6.30097753982469 5.35597900440265 6.00992928375802 
6.6275682998953 5.96204622081312 5.7943055992993 
6.53029115932029 5.06909822383766 5.82632795060931 
6.42474381341624 5.0304100214575 6.67788263696651 
0.438932561094899 0.848558427714527 2.66624346745455 
0.386011137965723 1.19423140490968 1.9041837080339 
0.223391833128554 0.991068571851956 2.18015581145255 
0.909524316507826 1.76943693730224 2.69067390534655 
0.824486653167458 1.21128931920992 2.97188406938283 
6.23067308588569 0.528787793826718 1.31088699661399 
5.59608967786781 0.768601683015459 2.36163004327009 
5.019759725623 4.80266928901827 0.714942883027561 
4.92604205048476 5.7760510990007 0.957790954880219 
4.68827111165051 5.43511667342418 0.936316441853935 
4.56839134480178 5.35777373254784 1.53709316392416 
5.39771377955405 4.5611173372658 1.14596609514004 
5.45561112616548 5.57277479639728 0.576624072171434 
5.43576211740916 4.64777313406467 0.806144801413747 
4.89899894020929 5.15279614534585 1.9764572030819 
4.68291050917379 5.09006498109272 1.69390266541285 
5.64812124846671 4.73967704566714 1.44845921172853 
4.98307016664445 4.66428681491553 1.16575687083881 
4.96752365980185 5.05264670749029 0.610992093706355 
5.40857261810348 5.29820574491295 0.463912353459888 
5.74005058881216 5.02940276004567 0.62447941662095 
6.62966247893962 1.28896823644504 0.918400902494661 
6.42011877164956 0.855350576646834 0.826410517081021 
0.81330412594802 1.52580153026199 6.05707271129722 
1.38157098041885 1.45494582383115 6.74138650203075 
0.882600916711884 1.80593251280505 5.80414953518423 
0.505927316562597 0.745455839142239 3.58724508060742 
0.993589400103723 0.318121886476421 3.78122587754246 
0.777219393452458 0.26888763166343 3.76836807542017 
3.16165591163129 1.85130594545245 4.98363095113191 
3.11203743225137 2.54093481435088 5.4311189179012 
2.28594803028959 1.59853477510065 5.01737325494576 
2.92682400507682 2.79363786274528 5.33206443103799 
2.6443446420056 2.71753217929256 5.47823498693804 
3.31206975107307 2.26143370767265 5.03438997142269 
2.06903013102839 1.84219324266551 5.16957737255847 
2.63086307891502 1.52583815017241 5.40127408544935 
3.05301354311921 4.45825751209234 4.90397845685527 
2.72669124065977 4.51962803036285 3.62742059475071 
2.26694506167175 4.3586999219611 4.23622310595111 
3.4271172942175 4.73240225709799 3.94646542493736 
3.30406662005308 4.44026135337324 4.13192166469061 
3.02217363488673 4.66014676858087 5.03226964805648 
2.46834767170638 4.40091553567773 4.95045807006875 
2.6416153119932 4.67674406046433 5.10890961716749 
1.07544335966204 1.78502667355858 4.78262609150467 
1.4425055238003 1.18393795013662 5.12820254451668 
1.74923574595146 1.02748414985289 5.02355488420336 
1.72843045457146 3.12497097511799 0.324630975696009 
1.51844541372622 3.41665584240875 0.601612703073394 
1.79249662580356 3.53042920539187 0.93949605939567 
2.09550941403357 2.41818964985 0.75353427930743 
2.08961300793607 2.62367540401536 0.484099573217173 
1.76181623788047 2.47854772926288 1.61922843157709 
2.43242958933437 6.61639990878305 0.579681528751461 
1.84483511654968 5.70029027525196 0.641624242363877 
3.58144464715838 2.6489951323448 5.8374543928736 
4.31601140959117 2.81694877584784 6.42615282001589 
3.60636575524476 3.09342045549258 6.10830023602623 
4.05735387391507 1.90048032036183 6.58871103217092 
3.56568333768653 2.69182774183951 5.68057259766723 
2.77134928111959 2.51490270429284 6.4540016900966 
2.81170840181427 2.83834894752868 6.57247808009894 
2.48847359680901 3.44954371475239 5.88964848450685 
2.35260182355039 3.12524353039015 5.86476162459164 
3.60157372458208 6.67603710699187 3.57917819528162 
4.38261964910714 0.22788971264973 5.47186794748296 
3.78830396525618 0.260007324170425 5.64576213757276 
2.99494752572874 5.795385480253 2.17479751515945 
4.05844700332821 5.50145421424011 2.84065586989481 
3.66158603064807 5.61181109819803 2.08929586614425 
3.85779686541344 5.90482088976583 2.36992557544267 
4.58526433785515 0.373014817096976 5.31018339258243 
4.44851189702054 0.420541437594057 4.97265865116856 
4.81517451451856 3.00295239828375 6.26163308064294 
4.64363080712069 1.50238901903694 6.59902809596445 
1.76251940874936 3.87275283187991 2.09523610174694 
2.06984410119905 3.51773499783834 2.17909745664831 
2.883781761222 3.80774387388349 1.57783499954619 
2.72035045521546 3.36584195629918 1.1706342388981 
2.68075267170992 4.23885107455379 1.46109596639748 
1.71296179041186 6.42767754629264 3.63865294741953 
3.55699037093742 1.54711424801408 1.34396676532112 
3.45065248229214 1.89719181213625 1.61299538095724 
2.92005028259681 4.65410342396482 6.0929063935767 
2.08606857265334 4.19412029878526 5.76994075539534 
2.66479458586218 4.62730202067219 6.1356137535481 
3.13320346866436 4.33641177461951 6.24099003829415 
3.35970625714877 4.46962344132675 5.31268289026286 
3.37563491581225 4.14832845142565 5.86539683871805 
3.23357038412512 4.65400390592768 5.3154257405411 
2.10592227523393 4.08604228865496 5.33067196623927 
2.10728393912349 3.86477371909279 5.93031739795892 
2.15943153336459 3.67925629312778 5.72332605947938 
3.01794303998965 3.75590164601891 5.18881472247421 
3.2503962390076 4.28597530697559 5.0438988387416 
2.44982212778086 4.63783484783122 5.89310111047576 
2.16481204946484 3.86952767334339 5.32290846106796 
2.80605075947168 5.90704905013051 1.75493282835584 
3.8319255489937 5.35346766611868 1.6457831967895 
2.56811453699938 4.71940010949213 1.77216574080982 
3.80446204487511 5.13455665273341 1.85418033085049 
2.40116910849623 4.97340878368168 1.65141944192899 
2.88845502851179 4.67612302603828 1.53427297957037 
3.38672480728694 4.70799758039999 1.90936794048327 
2.58000111163308 5.2147439583825 2.42954766203278 
2.14325745088785 6.23052864452296 3.12052730603274 
2.93145977317719 0.205331918361283 3.26530272247722 
2.17189902284879 6.54660756919193 2.72154941427579 
1.82065109245779 5.5533207657732 2.50080236596055 
2.12055405350064 5.32380406142573 2.78418519935558 
1.92661220529143 6.42255583400504 2.4547448551676 
2.63445247740748 6.19692251600366 1.70708751325494 
0.706399424591864 6.04718512958133 5.78792022415651 
1.25019958732109 5.38781602136192 6.27181857127557 
2.27074249400419 0.643871344807534 2.27110411725271 
2.78322439019557 0.509481656958169 2.0618819450601 
2.43379342046799 1.21217095185729 2.17175669698762 
2.89319055618484 0.828370358296177 2.00764998596257 
2.79592237163897 1.20160786397709 3.35846765500315 
6.25816824231787 0.0763582944967165 5.5754355852921 
5.29878861228323 0.727692994770764 5.52228630816778 
6.45560970308151 0.179861485345498 5.56152586369851 
3.9271553724511 4.7437253302245 0.699460728997963 
3.53439537260905 4.57320084344136 6.68967720020106 
0.69608676654036 3.68254377749116 5.65787790587206 
1.22455065100223 3.51662423236343 6.58139070862293 
6.51694547458834 2.38492961606731 4.53568095853503 
0.165999830465276 3.23760800058583 4.99220399597101 
5.87032330464255 3.42685921695976 4.3090948507014 
6.4018498672507 2.63899327934954 4.90686475817345 
3.00561050606616 0.759526197513426 1.49973549280121 
2.53206069274426 6.82411562373497 0.845398084079052 
2.61348956548779 6.82885628415452 0.739447876283094 
2.81160241646904 6.69526143265114 1.4298353490647 
5.63015155224165 1.19329231323283 3.9222742342289 
6.13450801421638 0.150233324226048 4.02997735828089 
5.85788789492285 0.193386893616505 3.64862353481461 
6.36070347903191 0.687381922082162 4.33899671492899 
1.92894833030928 0.568047437557205 2.02568467860558 
1.32730985209268 5.23471443961907 4.87940423134898 
1.33140507677152 5.6511678663546 4.8559041158089 
1.41050620799396 5.12255600341887 4.72732542429666 
0.790768276830607 5.89054710180824 4.67749002837519 
0.701275405803897 5.5121400037427 3.51495881281577 
0.995651965166174 6.09337301163124 4.27625800830847 
0.964530632190212 5.72736321874271 4.91250411522083 
5.750423501779 5.05954706759851 5.62012017570609 
5.23510946332307 4.93162455533423 5.56914647114381 
6.1178194884733 5.14908005614771 4.71238980397647 
5.49758670159028 5.37915037428419 5.46583172986388 
5.50222424714558 5.56353320955969 5.16391985399599 
5.60413887356228 4.86386803188759 5.68240903749478 
6.16817105426937 4.80915337292197 5.41737750837126 
5.72095415794304 4.60057194520896 5.57418260481598 
5.21095430129029 5.25763270998696 5.46631322704048 
6.3383002963053 4.85093140340078 5.05196024779437 
5.15547207498655 4.75313393127458 5.41149030186385 
5.46121396205004 4.46122316227567 5.36280799723011 
6.14176747349435 4.67068770105393 5.42108963689204 
4.07353968132859 5.23735793024393 1.54786555386637 
4.43518026121458 6.08962416371217 0.618032057279157 
4.83022706892176 6.05669068538007 0.831773829847224 
4.26209107654055 6.30731132305705 0.767213813929582 
0.819937187493511 6.54254066957525 4.45460792365096 
0.53890029054147 2.75736100918848 2.11688901981299 
6.44626280767462 2.75394926175595 2.73658884824891 
6.69720867703422 2.24577890762586 1.72087663927513 
0.37206271703292 2.74594349533663 1.69628425658269 
5.44535434667971 1.60031547462667 4.870025437182 
1.71539916774076 3.35093733580611 6.8344722659536 
2.65176187274684 2.92777262478386 0.202442201722778 
2.3944207243793 2.47789957789914 0.319886779783075 
6.10218947841033 6.53773938668079 5.59336792624119 
5.94946077953612 6.71756484310785 6.3767336130511 
5.54674395763047 6.29455041173345 5.65146539437406 
6.244917315123 6.75399889747367 6.0199504560594 
3.58898596688925 0.799382007399392 5.92287417932816 
4.04033965588863 4.02130232291099 2.19065700366332 
5.46893057409028 4.18856443791076 2.18214463011328 
4.41402890238386 4.35330566266132 1.95779689637415 
1.25026760896037 4.55557950673972 5.69006261761859 
1.20846595483954 4.82865124345867 5.66600382710676 
1.46106210537221 5.12239628565674 5.02499122369854 
1.53078769856281 4.27507881484571 5.10846094461303 
0.463124632185776 3.42931062088183 2.69500057811098 
3.15000855045056 3.8164566325928 2.7827826684389 
3.85196224709992 3.7671369394693 3.6479195454323 
3.43564468477691 4.14516606074718 2.66786544125296 
3.16666109057212 4.5296190059048 2.76866999293506 
3.55875349881312 3.55784508281429 3.15438895393914 
3.60855897964548 4.1966695700989 4.12261273947561 
3.62010514888032 4.69552195545599 3.13790406385923 
5.46335089450285 4.23456420864592 1.21766168733897 
6.44175574286463 4.90961004990677 0.322423205371155 
6.33306797305631 5.44140791655603 2.42384896372336 
0.356986809860576 5.09362477423918 1.75808220998944 
0.477423920575001 5.70868254107769 2.78260509986448 
0.681862550492672 5.67257920541329 2.32560575845504 
6.7713832987401 4.99923739121395 1.74241542578742 
0.23382873156126 5.05473680849991 2.89226216169889 
0.386371354243256 5.63577189439525 1.71924428758518 
0.309943921151438 5.41888833695512 3.00091148998292 
6.52180280616763 2.68258361576608 0.222719192816225 
6.88061482212585 2.64690061256105 0.549328281731154 
6.77040627950113 3.02145343930108 0.749452480741683 
0.580578698302385 5.91383736408524 1.06275796711364 
0.934082940079351 2.35040188231319 3.65866759453553 
0.556432364079357 1.76575052731007 2.99020650818523 
6.25206151524254 6.22135053337055 5.47820908618689 
3.65868594938025 0.968306116075097 0.299172757579904 
3.75595434893004 1.01805567450311 6.86359847854375 
4.33231466841141 2.53773375221022 3.30324737368876 
4.28428171668737 2.02051780665458 4.4546572243484 
4.82680368610649 2.0620427558871 4.18889327833745 
4.87608174551506 1.54252264908816 4.01862607268295 
3.98694115730773 2.34113439338915 4.23958602125808 
0.845709031898597 6.55087077634686 2.04574764624536 
5.79641287313413 2.26112749685244 3.00232789120772 
1.54493357229699 5.40537180441694 2.49333606871475 
0.668783548821996 5.44648202302596 3.27172052893601 
1.45662298834355 5.33860319100241 2.2400696869558 
1.9173635647233 5.00191360434353 2.93804011253836 
2.33476242797368 4.83587422691077 6.00343782327764 
6.07768643955274 1.64524406118033 6.45652623221323 
6.69511208227178 1.94028817678288 6.48936403642103 
6.56857776237665 1.87202895455134 6.65459302901688 
6.09203510481235 1.69350981554725 6.21061810807854 
5.92106426456778 6.36391323268432 1.94856845709585 
5.90254470027028 6.16212355891914 1.52997984174411 
5.48179066510328 2.68653978302806 0.796382749761561 
3.00918009300745 3.46531151916537 2.16798685213351 
2.46420660697629 2.26181253949309 1.974903184281 
1.81173218722412 2.30464024923518 1.77353520261591 
2.40982131697262 2.2379847323161 1.79966694743936 
5.15125929545762 4.72992594763215 6.56711730448472 
5.03916800041208 4.31886835314961 6.68761188697384 
4.65796145647982 4.54511077707878 6.06635962828027 
0.91322083177385 6.14091471111896 5.36703376901483 
3.77030439028926 2.2367147640094 5.18105896670003 
3.50839823551956 1.25338760291295 5.73710730725507 
3.82183483054704 2.51404212685647 5.559114681996 
0.994236325530679 4.22786097623731 0.597627249622673 
0.854633349185591 4.66140833119824 0.0961809395545813 
1.87647519146432 3.79113082447603 6.68627749471579 
1.63502330270384 3.51076276863769 6.8319227195547 
2.07364237888964 4.47873991592471 0.182741005761161 
0.734103872670384 3.98561766561299 1.65552639458453 
0.402662862211105 3.57123112679552 0.876724591005868 
5.86880718945778 2.06619186652037 0.694369063782279 
5.76055824953216 2.12976776246495 0.868564312595579 
6.05071937043276 2.96216013598728 5.89895704928823 
6.03797804526369 2.8693571816531 6.04294689743787 
4.82468624006725 3.35377444841794 5.87221622363087 
6.02075267204696 3.45998918899356 5.82829140469049 
4.76914704757542 3.26983115475256 6.22272381714434 
5.75913222770727 2.80941382975123 5.74133611351102 
5.38967649085159 3.13626279782118 5.52014844359632 
1.48607023084856 5.04946316802185 5.97347843833982 
1.66257914143551 5.93810412302224 5.31020495628895 
1.90700046854643 5.50061759523751 5.56990163488872 
1.89278780213301 5.46930019415482 5.70819849547929 
1.34084709755922 6.22340600843812 5.54808878322148 
3.76870787172202 6.48327071675084 2.39400960874565 
4.00020682181119 6.04821372171905 2.27175813700418 
4.29384400587739 6.71317421774971 2.59001731056655 
4.38383415972816 6.08304562173 2.41409179752198 
3.95053939304009 6.76818776951619 2.55433513704543 
2.35989095947667 6.14390251958019 5.29277098118062 
1.97463697474646 6.20718686580889 5.16261574296725 
5.44130968617967 4.67786037237498 3.27589322780348 
4.97190376202083 3.67818442250208 4.19626736159629 
5.23536450575407 4.79805171152398 3.4980866527199 
1.82930619926624 0.703823069294482 5.35801112640514 
1.45187698353396 6.90843647526865 5.35079111659588 
5.42878065575447 5.11880553157451 3.35475504543155 
5.26601490305121 5.04804094777929 3.49281902733882 
5.46491808610436 5.66390928238463 2.85134627435258 
4.3778963003481 5.39237750841501 2.91279267255888 
4.82356934323243 5.74371580918908 2.58405344749788 
5.35245001437205 5.15326473238999 3.66051567320731 
2.83323130691477 2.0621382823436 1.35543894112866 
2.50859565765549 2.04911034393585 1.76890319961009 
3.11023454492446 1.92978820384403 2.24647743801554 
2.58263280551934 2.05853153938475 1.99159715357261 
2.97874238647655 3.33664749109357 3.88241923100092 
3.55280305678864 2.22108945971505 3.54628033711007 
5.51019429469593 1.86143241933546 5.72794402449444 
1.92475795520385 4.79788256756371 1.60124842307756 
4.15799562251797 1.03333344608872 0.422946426231673 
5.79685713002715 2.53848766441063 5.26681580799775 
6.35462866555865 2.52289742720515 5.10162561920958 
4.71708861522965 0.813630557818258 4.54751684448433 
3.41467477470406 2.16063920064921 2.45996762967179 
3.6165871448958 0.557003243270332 2.80512640986562 
3.8461497206792 1.75467873062578 3.11648588665782 
3.99675262586309 0.904609212553851 2.90554698815962 
5.12131519561816 2.16462911966521 4.40867337278767 
5.20942532469257 2.64872894226685 4.72392616372443 
5.07591970951883 2.2518803410598 4.79321474683789 
5.2732177181315 1.90370422425139 5.07423394718189 
6.33137770924334 5.48388357309681 4.59600114431276 
6.34920209338168 5.68291994462394 3.77515276608872 
4.53730181739751 0.833587265010069 4.87827131773473 
4.76274773080846 0.829204886103848 5.3728049010437 
4.73729677865267 0.98139430280372 5.14187127126537 
3.43963272767708 2.71442845857033 2.43167844395252 
3.68191734252651 4.06501590793489 2.07568856529657 
3.53221335919753 3.78403801199466 1.89760015283384 
6.23520233804511 5.49768249014777 3.5489837995996 
5.8006592740043 6.20344935523632 2.49068978152869 
5.86155525083969 5.77769736728629 2.61697057262535 
0.24819617079148 0.86757776967945 3.88892021598562 
0.643115377697848 0.142783229930971 4.15338278155144 
3.89974934301482 6.964561912288 3.00560763428959 
1.46203326581594 1.8787687473959 0.694837629799891 
4.20255642962429 4.95288891417317 2.94200535200812 
5.92994380696022 5.57198594785994 2.39068898300952 
3.0361495911823 3.02244771258379 0.3839618753513 
2.34419074635551 2.4300297371089 3.23644991745701 
4.16615913563141 3.42584946037137 4.96464529879241 
4.36388683263288 3.55287664649912 5.6089091027135 
4.16562718527126 3.28126623393803 5.27013237054789 
5.07101212240799 2.89987986552067 4.8329997095555 
5.42209118328278 3.36414199223356 4.79782690572725 
4.94092930283109 3.54585231911354 4.5336171669838 
5.32519330874069 3.0012974703222 4.93101655401923 
6.07999130170621 3.65209810030497 2.97382014333256 
6.11216816214441 3.26763829824171 3.10203508082262 
4.53842543723703 4.90728035579804 2.14901925817855 
4.20978527803467 5.18482053055472 2.78671044428237 
1.56203318177483 4.14320935594837 4.08354948192648 
1.4724237764868 4.27964588957391 3.83684896494199 
1.32863530399738 4.03341420760618 3.59428837477363 
1.54385480569783 4.48781066771047 6.00666147628906 
1.65747515029013 4.79894451661228 6.1390547876164 
6.72298359517095 2.54343127244336 6.43980678964878 
6.52669655815846 2.6908507158908 6.66268559707737 
6.34607669901132 2.36755861811829 6.92443588014547 
0.235854845281303 1.82375484807181 4.39931640216336 
3.89633998020765 4.59652595122691 5.3334274686587 
6.38380030221798 2.4481409412579 0.227803986226977 
6.25394531038859 1.99580147575314 0.828236906217682 
6.54258549384924 1.46390076763495 0.687385582185122 
6.59852934878346 2.22175982999204 0.528922943437776 
0.705532646225492 1.9247587712313 4.84866448563864 
0.503370906330511 1.95223887158856 5.39745975035742 
0.426652308806489 2.42279263212706 5.49345987725274 
0.618461364010804 0.723019156490626 5.00128578619493 
5.4780408470486 5.82805247283233 0.293010477883527 
5.5740426155283 4.86791922506279 3.19943269135002 
6.19839356896683 5.20343000094118 3.6254266367384 
6.61065927322624 4.78015600760854 3.90503581785778 
0.236091305060599 4.67968608190135 3.97370943896556 
6.76608262985528 2.61893821467287 1.01988501004861 
6.87655590101552 2.50698453549142 0.651821975871112 
5.67425061035923 5.87408929009024 5.51258323331946 
5.92562911213824 5.33547960734733 5.94430533556518 
0.330380746800149 3.77304097872588 2.65193952525425 
0.226691041150096 3.92289521388083 3.04333836849784 
3.56608272991139 0.753507278601879 3.92191179137599 
4.00716851601237 4.17401543259638 4.78398729731119 
4.39983857662556 4.84480747707585 4.73804593760944 
4.6996212925187 4.39519649344317 5.74893644847912 
4.29392594888218 4.42846184362336 4.42919686291465 
4.27097646329262 4.31550516529066 5.60006595976725 
4.05427057927583 4.51434798606572 5.19632547974273 
2.47383358539202 3.53362071735348 4.62031149844761 
3.16575984840951 3.49127582310796 5.06785019239898 
4.66878847615795 2.1970768052071 5.05816895337682 
5.51630246212861 4.71684146108072 6.47866608652923 
3.66849327649318 3.58903872103798 4.73868421215013 
3.70178686392071 4.07380373844322 4.67569322036748 
3.63344747083932 4.33579692128323 1.81000344019815 
3.70779647328168 4.16792449515932 1.04350760486427 
3.45190963595184 4.15183025517982 1.525148488278 
2.90751056602601 4.43868794784512 1.40038087150114 
0.602576675098194 0.652266175465971 4.97627231666452 
4.27663309408146 2.07682812777636 4.87012476333569 
6.55547917212683 4.54018951418003 4.08801663563561 
6.47437877474897 4.08880482922203 5.9230371731491 
3.0137627283796 3.26719960924395 0.516377662096432 
3.11318958528597 3.21908478297699 0.906632786904247 
3.77011448246956 3.81540948002598 0.923813698750082 
3.41055498918952 3.90692026635979 1.57867710114606 
3.63320808001832 3.59399650644027 1.15612905990842 
5.27859944467273 1.81315710058092 0.972588344150702 
2.86091202800959 1.00068815469652 1.1210722440373 
0.665201165028843 4.30365090978695 1.02904400580284 
0.352286541353819 3.93250135325571 1.07994674704114 
2.49070228245557 5.84362833845957 5.4793103977439 
4.42234713549275 4.53988868926673 2.67867183589462 
4.59025227082322 4.61790067671598 2.25681786338016 
3.16042344943054 5.33912443295109 3.38871010266856 
5.54799021768574 3.85997967067116 2.41567248288347 
6.06659813586288 3.67483535761725 2.63158086363863 
4.84767849935368 4.84053432978776 6.10905787208388 
6.16224419824472 0.811080744490389 1.15309970508804 
5.27491509042634 1.37561923205941 4.23065661363607 
5.44767533450528 1.69046171364225 4.44462001737098 
4.97417009638587 6.15539767771756 3.99658569336802 
4.90436692815389 6.44538312669145 4.43991885017766 
2.2085937769658 5.58833045022436 0.530464857578907 
0.694864771085548 5.38894953462832 6.17065404855609 
0.529483689763135 5.7646485299309 5.88484870948328 
6.65124840738049 3.12066119708556 3.7928249133478 
6.71131509400803 3.19350404470804 3.47254852564985 
3.24342646215581 0.821243387902387 1.36588873808246 
2.02085837596018 3.32319719765268 2.53872083720796 
1.62684807789243 3.91451834286607 6.28475342528724 
1.43819205693375 4.30404267279932 6.25475211574446 
3.09451825331662 1.82149985208187 3.21067274094381 
3.03766412106019 1.95339079017734 3.08518834630127 
6.4927923332058 0.233789056053396 3.9874180677213 
6.61446538264914 0.484675926719725 4.15641541107382 
4.32506424681572 3.70327975629361 4.97762839456336 
6.03313554960388 6.13923938458337 1.72178549076253 
6.03934610856447 5.73032647665479 1.8392275110994 
3.42019003421884 1.80753285572252 2.07521382350591 
0.429900321600204 3.33856281131959 3.17274066418314 
0.777138173095161 4.7383901401882 2.02065038623809 
1.41346444023362 4.93332764213944 2.13549147854648 
5.96858879395844 1.05909758352515 6.29755537707953 
1.40893584164761 1.76191936889257 1.58601104017544 
1.18835190559361 2.31147267621841 3.76593256826422 
2.56772683667284 0.707703127558773 6.38219254191077 
4.046841643578 3.5952704181876 5.93709582269097 
5.51896752402623 3.48183536435137 5.52283318479831 
5.52611742408406 3.62866299555311 5.09663389439562 
3.2507212713271 2.48149942718128 4.55402693564274 
3.87912745527994 5.44425202447273 4.66895115981682 
3.17232053552038 1.27414355223137 6.29207693517405 
2.36461015083744 0.248393245584838 1.09128350986648 
0.688400323915014 5.74407822425278 1.39708514480475 
0.807025405785893 4.29908091178904 5.78684946175292 
0.70981566006462 4.15388308758119 5.64292299894485 
0.0694045985786098 4.36974470807006 4.19723428320802 
0.16213149135586 4.29581874474118 4.56189920353788 
3.49134535876535 1.10720103382028 2.03394027405877 
6.53524524916869 1.90703072782611 6.17641825788218 
6.59731525899014 2.55094075995082 6.14755274406739 
0.349757385570156 2.24575518049634 2.66828132886604 
0.537708979458591 2.27201406423334 2.30570836920806 
0.660294418684347 4.90446166011376 1.37526469635122 
0.475992707859854 1.6921390365061 4.67068976338904 
3.96227926290978 6.5190659665692 5.18364103025076 
4.09348233479007 0.146518067013722 5.30651575984125 
3.54219399491552 1.31838836398477 4.3926041542067 
0.839387839624835 5.32364418778674 4.96599628010033 
1.35601995750638 2.15569169815474 4.6649417198569 
1.45465811763845 2.1626178074442 4.49328967334499 
1.23580361999097 6.1400821999733 5.9451868476038 
1.48127288810002 5.7810282951188 6.14979329922903 
1.41763183572653 3.32005501663055 4.41654000757933 
3.1534097675103 4.86231852765865 3.5986059310105 
3.382324247424 4.81106360958855 3.09591480900201 
4.15423723250862 5.17346950965394 4.22200365884332 
0.748043661637357 6.27355002270027 1.01317679706011 
4.7493348391673 3.25381103178414 4.5425508998351 
4.28161399142985 3.21572988323377 4.82195336430406 
6.90717129829945 1.95078442368969 1.88215139964674 
4.01167222073227 4.38527586637383 1.0515977757744 
5.19742609683466 1.05003267247285 4.91659816499695 
3.53507873823612 1.46434333406669 5.09593373889333 
3.67492873167274 1.23913940343071 4.80524689432717 
4.38021547015496 1.06318264877094 0.747717379715815 
5.96673176450619 1.74619791579404 4.24631210974049 
5.47451506374886 0.502927249114106 6.09504738592693 
6.43418305886775 4.80358846587541 3.39148468013323 
6.35394103389584 4.70935703324592 3.31813890901319 
5.62984442995409 2.75745428386287 2.98103167210559 
5.29030729154421 3.80478513208216 6.48123148553008 
2.92319693795432 2.96801690545838 3.74269499731701 
2.55660012833168 2.94651998863189 3.53240274637397 
5.77563182208566 5.02878908259501 6.72007720405368 
4.2359532552018 3.40964394913971 6.34411638897067 
6.22297794811293 3.92744742106877 6.54690557641919 
2.75164962744625 5.31766765116361 2.50701944054851 
6.01504925092657 2.23102801593176 4.00538238367732 
5.61215441850381 5.63186874703856 5.70719868689303 
3.71811481939661 6.150883971655 0.88385565606575 
6.49230180462376 5.44587338541771 4.11300755706225 
6.37065285119817 5.1242319903947 4.00927218825305 
1.06980107306059 4.81863572319581 0.064511957321852 
2.76581837912098 5.26227332582924 4.83499316831586 
2.49314660970026 5.00310124937217 4.98774955320893 
2.60962639287106 4.26716284826847 4.85246782695673 
2.57199760967116 3.89307465097044 4.99607031644462 
4.02854381532109 2.61140237512181 3.48678766855611 
4.23013453370169 2.69540165914857 3.83362463526705 
3.50696824973498 5.73787893065897 0.748013214179063 
2.14292565815455 5.44074750953507 5.70309140294659 
2.14853355291873 5.46479706696083 5.59419050293351 
4.31330371261939 3.41466610330141 2.64760427047443 
0.952088152494224 2.42425115072999 3.4609947240916 
3.61599436534953 3.38450838430063 4.43985602719263 
3.99799503282996 3.07931837148185 4.44829411809063 
1.50404191765371 3.78070583488077 1.62784567387849 
5.34720132898033 2.09050627160649 6.64401877459941 
5.58879447611597 1.93983885033855 6.7728031308371 
5.34558981062304 3.85084010007754 5.11298551350598 
4.86769755948226 3.74005138942271 4.66130760804607 
2.73944409062995 2.31079422998334 5.74360562159278 
2.85439700843677 2.27451419965952 5.7303673518456 
5.75876921936887 2.2762894912776 6.95942689297743 
5.87660020828743 2.38254010371024 0.354540376264863 
3.5906618405701 5.729988196631 4.02136932340692 
5.01844547173994 6.39199079929415 4.56745740761594 
6.0454544410584 3.35025083073202 2.47402979352446 
6.07905493419892 3.06791490627835 2.84755196194512 
2.28747337934204 5.17271080541575 0.678174430871185 
0.987350244300622 3.72125898521259 1.76565966246118 
4.37015410536125 5.07573290751998 4.67485372341452 
6.00847734215944 5.81531292357709 4.73223353423833 
1.56852635641189 6.65828057827874 5.52426669729691 
3.27815679174558 2.09620731322483 3.07754090990689 
3.36252422914688 2.0034260579064 3.19452717711885 
0.614113672091688 1.51485418963502 4.56040100632392 
0.537122948911747 0.758772307579865 4.96762929283073 
4.96934851714088 4.93306250040513 4.85686521954411 
5.46451987132081 3.4372291357691 3.53703187998876 
3.01190625931026 2.46615878070253 6.42207528338166 
1.04412188747677 3.20120720627484 6.13432982867328 
1.10547085505984 3.41413883168971 5.9713590174238 
6.64208353068289 1.69984385053301 5.888751349674 
6.79625848722695 1.98776099496308 5.49536755164201 
5.52910692186248 0.693675364041543 2.56007821386248 
3.02889903207183 3.53178605968683 5.58139645034965 
1.28259522382866 3.74249317506253 6.27250270155345 
1.11411709262779 4.1519670504853 6.24724856874505 
1.32638685345236 4.34265359189114 4.50901565200492 
5.60447944754974 4.24049922703968 0.551172414898732 
6.01796792601625 4.34282927568968 0.283073690790267 
0.349202108607971 3.79336537944311 1.33407037848559 
3.15593286590043 4.97959200249552 2.53062593518831 
3.38447525010436 4.96701614890286 3.01947627256384 
2.34247255658376 3.58056040316394 3.17485200202872 
0.964514295873903 5.95919716944869 1.64890082525988 
6.38974058473363 2.43982745596591 2.77258419129178 
0.605177822102425 1.82203865014174 3.68543740458631 
2.26142335103838 2.40933745690937 3.35013463251582 
2.30505528458145 1.53782230150458 1.61146345421518 
3.52715898024836 5.43414540204934 0.851618290873458 
3.95921724047814 5.22715911617651 0.926087065797884 
2.75053536357248 1.64620935134861 5.58390748910985 
0.629129021210611 3.45947608506649 0.659250605126215 
5.53777456660602 2.78807283773774 0.539409425220369 
0.900704506638326 0.773796146588293 5.73951263083773 
3.54960115813551 0.547482104499044 2.52520117403176 
1.75221186944972 2.35026990830228 1.99147058306612 
5.93938566490195 2.729027304611 4.16181220585868 
5.98608455005283 3.06525791119548 3.98058271314786 
5.48451177849185 3.66491635531346 3.99688310924362 
2.54688008515171 4.82040155171036 6.24278751261885 
0.158484888865169 1.48560206471326 1.6521567123545 
4.7224155173358 2.46310312952912 1.78476432741616 
2.69783406744972 4.83213021819067 2.35912467974105 
3.10105319752638 4.8132204641481 2.46516844636879 
1.90765971689179 6.62014387055957 5.3187033871873 
4.20767395611252 3.0962444945246 4.02418885609615 
1.05675231002761 2.96261028930719 5.20494802213759 
6.59870614596958 5.39970483884386 1.65058589175643 
3.23137039780809 1.46170751805818 6.03695466764315 
3.20161626634983 6.78698528693417 0.851382820530719 
3.46397455087527 6.44896546614391 0.634902644860175 
6.13190756584948 3.68130035374053 4.40169973586527 
5.94633142193824 3.38458540892076 6.55060912822041 
5.98905941243421 2.96992360628074 6.35959356309341 
5.77356308290845 6.82378354415076 1.15439221345515 
5.4635613513379 2.80955550654513 4.85500976711498 
4.44471031728274 3.77909989712318 5.49098128900869 
4.42792899911468 1.54789367400115 6.777286277347 
4.17651970293477 1.0752467108259 6.91045680491221 
0.736208622637171 5.91040665825791 3.73112997801846 
0.497720293170942 5.62590034453617 3.72837160071984 
2.54754551450336 0.767772252554491 0.807658301425569 
2.12943645432899 1.00409166773149 0.739294380505299 
1.85997023596799 1.03039035495279 2.00446019283137 
6.19171083750518 6.53577993013764 2.82901982939797 
6.8644327158063 0.875751088954239 3.79219855010612 
4.09781462255877 0.289462693467938 5.00837946176109 
6.37891711873565 6.24776880760361 5.21528609339994 
4.45185240158369 6.3835195511787 4.43063074021352 
4.8393424601122 4.98529821984835 0.434713216262788 
6.43242277175133 0.822549293936542 4.84143008732626 
3.57212582528122 3.16789979286155 5.62170673669207 
3.17059545077939 3.30154537382593 5.42032218634737 
5.45036681352615 0.835094804077345 6.16175435071447 
5.36076448473668 0.991754488594792 5.87863347132775 
3.94242988173548 1.81390214676494 3.24325831740161 
2.79674500552447 1.57649787725036 5.4148268126507 
3.33202812914522 1.24497651317694 5.36567418815503 
0.905187078335863 5.74204069058965 2.32225622964303 
0.783005145569088 5.96701423648776 2.07793106763737 
0.380592808102844 3.50648789541987 1.24571718978875 
1.04410467062991 2.57222841845595 4.67316493930213 
1.61291761616697 4.05996275181771 3.186280264527 
5.63842422208674 5.52915871333916 4.90442139595031 
2.21549218454858 2.57997874555597 4.50806840136453 
3.44200073708036 6.79683854430061 3.53383955722242 
1.88679617329466 2.92363189224593 3.78211937132606 
1.90257604237253 6.49272303554952 6.56483433878453 
1.57693377906611 3.41872673086018 1.41316901438968 
6.18406275962017 0.86479564188889 0.409353469999125 
6.19461973540413 1.0195986157994 0.331741057811976 
3.34583423511115 0.928359936522851 4.25051665600075 
4.05552878258308 3.15804269343471 6.43353487994939 
6.44976645553573 5.60784692255964 1.8589873529881 
2.51112437425805 3.69749428632656 2.1917187619637 
2.74745298472029 3.56535365911578 1.939079445216 
0.857900161612167 3.40342316024697 2.49744501508545 
3.71779625612535 5.92062003910844 6.02640242017569 
3.18958910756204 3.62433762495914 5.85286161281388 
3.58914607060937 3.30460887045785 5.86330228639882 
2.25008428122987 1.10173240459308 2.26646391929725 
2.49937494201371 1.47655113401477 1.20518907499743 
2.09409717825373 1.3478020451801 0.915140846855436 
4.06173840022656 0.504380831682375 0.802633491999938 
4.29170535878886 0.838575558697763 0.610918595680995 
4.32066214996762 5.41395747895889 0.697944851840814 
4.43759442899327 5.13255965411659 0.403090991655996 
5.12233242321388 6.38052291602135 3.52182195334495 
2.98784976633579 6.78059850092639 3.44550423865685 
4.67477620422744 6.01781620472741 2.15952782064439 
4.11874802488508 1.46747714677864 4.38567662548451 
1.95213348260575 2.15866371288851 4.97302518142634 
1.71228935106965 2.1511323842771 5.04324895325494 
4.12785702980338 5.29551371741575 4.87981152345229 
2.05696744654072 1.68330587951383 6.58540587560821 
1.82661075671462 6.91106520738264 4.82307347488472 
1.82280620256848 6.924147652287 5.06322350358652 
1.75587947134067 6.0540272839683 2.71015048278072 
2.96032151896004 3.17563824819167 2.55338874519176 
2.93555086519743 3.50214302118682 2.49005139731895 
0.683950612139542 1.53633660319984 2.82908732989306 
0.262723510051703 1.03978624135281 2.50299083242566 
2.52128036046085 3.10518513235313 2.76011724609479 
2.61747320863105 2.82390232446059 3.25128611061133 
5.15390103234551 6.19120503215594 0.382455009768657 
3.01045919479921 0.453862397299111 6.30043860940086 
4.42746855474467 6.43870959930174 1.4058330581602 
4.58432464704005 2.6284892699172 3.71289022339973 
0.373587136242231 4.80924281316917 2.24530447723737 
0.519493661648137 4.96183073913208 2.08364303128758 
4.47824623445889 3.47501906999235 0.584671963593833 
6.75376871420826 5.60042341796513 4.82344255215382 
6.1094475643887 4.76356043989208 0.251568605394139 
6.07192660181383 4.79844456078923 6.88685821183785 
2.94005785013852 0.843665387148322 3.57865485390028 
0.712424258640333 2.76067262918001 3.54194257777977 
3.15693104877665 2.32467229746502 6.08218371875204 
3.42955531867632 1.84668038114302 6.22187466520539 
4.53027470068689 6.44895372639636 1.12524976740652 
4.856504206986 6.25122182424517 1.06942889779605 
5.540037395522 4.90802025593148 4.35706447524752 
6.06333138140284 4.94645025880157 4.47584663850864 
1.56171753978719 2.69908607983399 0.264801815436161 
5.43132224681408 6.83487589496012 0.888747631494734 
2.00758619506651 0.332484451008526 1.15362884755461 
1.88477657353085 0.85458942640703 0.905718645624295 
5.14101711243121 0.505325590153715 1.57737600476707 
5.42285209861999 0.334064623996628 1.90305780871543 
3.85272124495605 1.17851206416982 3.20367427491541 
1.19601604202999 1.96673073787009 1.1730993735455 
1.28513963890587 1.74001438636732 0.932050661069588 
1.31150840259495 6.42533458926071 6.21648380993226 
4.26084349430601 0.71332868321875 1.93397328215217 
6.15220267686133 4.69919756231122 4.53905218333166 
4.87977510377432 3.99112982897082 1.40549438549258 
4.04720248503186 1.32329183587689 4.78632095262164 
3.80692216520047 0.876007166185753 2.22748317794815 
3.5549643592471 1.05158085589911 1.58350506797642 
5.39659256675072 3.99010176374707 1.95762150680768 
4.85293603085765 6.30030060372087 1.99601158179934 
2.40219744520507 3.35174882262263 3.55182146500571 
2.01397236441488 6.49060404876263 3.50176904683459 
1.87984824836159 1.62856151149365 3.59384751113002 
5.54714449477159 6.74394929628748 0.477143683377424 
1.51128285872009 1.48724925414088 1.51831697008738 
1.47925421262786 1.39052360063869 1.1684130821458 
3.22271769876675 1.90021760630461 0.491306005655301 
2.82345805665444 2.18971703982742 0.713683128475132 
5.10686284485592 2.46527795232956 2.42547092555008 
4.64399161846112 4.32126496633004 1.30261895562923 
4.3050435583929 4.24143914370778 0.946373452050618 
2.69346141643275 5.19005447469252 1.13112446131593 
2.85889819000437 5.08194117224108 1.10516747576566 
0.10211930053699 1.28267670711595 0.990849752193588 
1.38401936240405 0.97292203908334 3.2557639535755 
1.74336658244851 1.12434044000201 3.39370886873749 
3.50761825093099 6.76133450247297 3.65896372009542 
3.08401460521333 3.13785304155643 4.45132958842053 
2.91058310972134 3.205614088603 4.68191068257141 
6.89751481325672 2.615679994785 3.72851139057948 
5.88243290748695 6.15064828973186 3.97553496767117 
0.928247785201839 4.99887185178769 0.0688573302585301 
5.71179323302445 5.73916013573407 6.70551472922012 
5.94893403599828 5.32487876386448 6.49931970937325 
4.68423055753208 1.15913546588399 6.4666831484034 
6.88646024768755 3.61320961045816 3.47765454089145 
3.16588505171323 0.970613010584551 2.21518418869778 
3.40135520914356 0.578081885208236 2.54123464655368 
6.43649846207929 5.6818556377918 6.70298705160999 
1.98610179754515 2.1661006708261 4.6876330012327 
2.31729401260373 1.78406692066932 4.5388154611059 
0.193486433608987 1.74432793013468 5.3961232055206 
5.62114236011399 5.53914815921924 3.42288304191011 
5.53001864580361 5.22691138802521 3.49379778717527 
2.5039878342242 4.56973005670752 2.51916660678428 
3.01056881815311 1.30627159872988 3.11695037538907 
1.37724437767033 5.87147236702901 0.334387978620419 
1.00633740120744 6.87576513097016 5.12061260086452 
5.89366006669505 1.70557886539602 5.2486388564356 
5.60520257513837 1.96327862177946 5.33212291058218 
1.12374354139017 0.968311320517766 0.911598656578568 
3.70113392210222 0.709113456132424 6.60730566884755 
3.39549098090814 0.814185322941137 6.24847962379186 
1.55277144455462 6.77655801962582 6.01915889785804 
1.8470598495335 6.81700260484748 6.16832512341789 
0.45784430589276 1.51072052762581 4.06329042622512 
4.62832188323702 6.27959252838836 3.31555375257009 
4.54985672694868 5.83808112546246 2.73467988345011 
2.43924059899369 3.19361915031275 6.28239909344222 
1.5711236569912 4.56487835935082 2.48763691235545 
3.76548201417578 2.72366880276957 2.17770555838263 
4.19169610218081 4.73298742184056 0.429369989648709 
2.27638854430026 1.01717803206673 3.11774889654928 
2.25974549800762 1.21786946226264 2.43911594740178 
2.7025815661017 4.15699305573554 6.39278948907913 
3.70924715595154 5.28754320958591 2.18713603884638 
4.0221432450547 5.27353358467485 2.7605990303793 
6.48146904833038 3.99998349484118 2.57413553089316 
6.62814199915866 4.08337706209181 3.00957597682936 
4.07598774837651 1.08565419619934 2.47985038154755 
4.33573627739733 1.02300711988227 2.37740372219774 
4.44582313226628 1.22142482285518 4.17635519821854 
5.41124985284116 6.03614459607376 3.76563021381862 
5.65411227098547 3.82830465519137 3.19816355533342 
1.84483141292654 1.35379715185776 1.51518788962689 
1.82149651057776 1.25805444575846 1.13589984412729 
4.26891694458426 6.95037716767624 3.18991163128166 
4.4256292798531 6.84464860924391 3.08755805657118 
1.31497362033031 2.56737691303838 0.381809474019725 
1.49354131477961 2.1975526264957 0.759584460045476 
0.690255689277256 2.02462639174763 2.89264262602445 
2.42787136859321 3.35321957134926 2.74645221620913 
2.71567578977354 3.60182906339987 2.54493061088972 
4.16970763443715 3.72793103911835 2.85654794879379 
3.75500272491445 3.74899745663914 3.12352641554989 
0.909523360210368 4.35365012204667 1.36495317532059 
0.894169527293272 4.69443755827789 1.52812487647974 
3.84639159531359 2.54701076035932 4.52247421728211 
4.03404874556007 2.36018105131175 4.97002567698951 
0.266447605873747 3.66509744819915 3.31585811845236 
0.813851747333828 2.90411221127261 2.09480484013791 
4.97598918285798 1.06506106274828 1.5226863590698 
5.5346266559352 4.3417562159418 5.00960174513094 
3.47833713622551 5.7960417958828 1.44591571344901 
5.28626882754433 5.91166372156087 2.81101971497321 
5.21152983736169 6.3428652408637 3.48249463123681 
1.52110383536107 2.3191143743614 6.62606350321565 
2.07407228674178 2.05637114143374 6.5579108252961 
5.93240849041561 0.32305977302645 6.2199061425578 
3.93634116037139 0.826442458669306 1.52715903356368 
2.68213107961595 0.111525335703888 2.73538552340024 
2.97820183483442 0.276567449373487 2.31211763864037 
3.64843168395584 5.40699930445319 6.45939322521458 
3.65159177861257 5.56299215544404 6.0355508621271 
2.21834266535687 5.55637453622725 3.11166672133211 
1.60448762783551 5.01758124719421 2.8006766545288 
1.60946338391188 4.63282390682467 2.67196378767261 
2.56513019880486 6.42979095168691 1.90400737227701 
1.96881378977601 6.04300360784616 3.09547803674383 
6.5062521118467 3.96824516205144 3.16629440481388 
4.89065329132297 2.52400212539317 0.845666803377032 
6.91821715938632 5.31118349660573 5.54739375302676 
6.8871070835965 5.18978369863204 5.1641572902572 
3.91850624128814 4.16051196487391 5.96507040198242 
6.0727645971084 6.44734544141539 3.84571043128626 
5.77783210774149 0.226205275869543 1.36553847368003 
5.76140673518494 0.175448664508972 1.72527351596458 
5.70111740534154 6.36026750525753 1.56959851231351 
5.72087820267617 6.47948385887777 1.82392604260965 
5.79058849232092 6.17338344921432 4.36320631498765 
2.63467396615571 1.14719418259364 6.37060244230765 
5.13123488980237 0.932323926584788 4.57175930902378 
4.30619637378082 5.51605902718607 2.9294972907504 
1.79292225395758 2.88481252146869 4.15798611985315 
1.76351151006527 3.25164732425766 4.28796817419812 
0.916905597653894 2.16248946678124 6.06174496067522 
0.682306972418934 2.52443978342486 5.91863330305125 
3.55240256028523 5.67376822854335 0.701716071167114 
6.53715600051098 6.23534418394852 3.0772162400704 
2.09861315957425 2.14868617926557 6.32130730802532 
2.70183368473774 6.64506542484689 4.05853840704289 
2.48484322038183 6.33614260975802 4.03296403012736 
3.32858674465096 6.24419200039877 5.02497110819653 
1.1296123101417 2.72320614349972 4.34050833075473 
1.33130897284586 2.5556369220341 4.21822843373478 
4.67517520678567 1.42658550434136 1.8209661671616 
4.59123060110391 1.4168460711033 2.27113019561011 
3.75705991895029 4.57771448195428 6.6700991529124 
4.0418465818239 4.35555170997028 6.32278568160267 
5.86135535729448 2.91515685249668 4.59299104206553 
5.835370265769 3.34317033463225 4.54918712269572 
5.67365752650035 3.15303782212306 3.50408235517039 
5.47537389776272 2.89722849051334 3.40443938671142 
2.30630193752113 2.71622931970829 3.66904940237135 
4.23455302329052 3.77537651494011 0.814255987783953 
0.177863289844025 1.0355792256274 5.18789767170954 
0.170703753013429 1.55209952978495 4.98129304021028 
6.34714510432091 2.18430309617791 2.42047535741983 
6.35037298720496 2.41593197974942 2.08015737016445 
5.97027966156012 4.33219994597674 6.84471992041822 
5.63862782116251 4.26554607467995 6.62731672074035 
6.24164826705511 2.48518082252119 4.14641459343039 
6.80263393365153 2.70743557821726 3.89299274688271 
4.45354537318364 5.42526552668096 3.89110418798805 
4.55520693487965 5.13301468405928 3.41449141799507 
3.43383680772681 0.546888033973844 0.534100043200607 
3.54617549285585 0.423837111009077 0.672726037970014 
5.76881460472485 4.25557300897615 3.49329311220113 
5.94397013662865 4.34561239492914 4.84954150613114 
5.94124517401302 4.50059696251122 4.53018291569135 
3.87172164702846 1.44472722094122 4.19894237443111 
5.01436522874903 5.49236984928929 4.04450611594218 
0.491343743217983 3.81127002883452 3.61394184135813 
2.44544844631801 6.4185249330265 3.70519582081017 
2.6593482682701 6.71988693605595 3.77939387466311 
3.97976434615937 5.13475807096185 6.51751295475802 
2.49298148068706 1.12723478199579 5.26479796569917 
1.77391623546804 1.55187331645275 2.61466636417955 
4.81425396035842 3.65745403372057 1.22804659510282 
4.40225143281028 3.57732241628493 0.906310923203198 
5.56717441641159 2.96724905016426 1.02803266228146 
1.65728770478105 4.98914133451839 1.75216309134615 
0.379753497598863 4.42127731715185 4.68962551025381 
0.358472517554045 1.58636523454942 0.716636833037213 
0.705827788705848 1.36789523035274 0.512792617541875 
1.99840021138864 4.31547090737012 2.06351677756873 
2.04953212462925 4.48327715573914 1.70116494102257 
6.88902327212263 1.54300424100183 1.73758085204336 
6.57556986282265 0.88602655237228 5.80898716197928 
6.25906463176902 4.53436040295046 5.08091423692882 
6.34696293724968 4.66832011595767 4.96943300038921 
5.14669206267663 5.99251958775408 4.04260768922103 
5.28468088610442 6.06805486412973 4.39231737210855 
0.827095205045761 1.10718461122005 3.50374966899236 
0.707450945523668 1.57542638567997 3.84779869114143 
6.81166560165542 5.93299005289466 5.65718040853583 
6.69490249971333 6.13146658863347 5.21660914389332 
6.1903340231201 5.92827455279447 0.509138586388337 
5.13730653300677 1.46539435810727 0.646258059823203 
2.07987359713495 6.37629280146716 2.00428021345035 
1.56213901767529 6.84825580760172 1.85458128271928 
2.31663910255161 4.3116318113108 2.10178893043348 
2.40069742285333 4.46792424640369 1.77224642801183 
1.22790192450839 2.43344992533092 3.34347843006348 
4.99010118199965 1.39878097725668 2.47906307818678 
5.36265896245863 0.446050427275911 1.19187585564881 
2.28473045282009 1.6419460534411 4.39641657334323 
4.85973426267473 1.85069470846422 5.31436156905296 
4.61803311394408 5.92989284344611 1.82433273299125 
3.02109713679888 5.12689221975241 6.29552922899943 
2.00092147244885 4.71675674443552 2.86851273525206 
2.0831905829453 4.49091669278059 3.20487641145525 
5.53943037199083 6.27902353744996 2.56214131072658 
1.55736608356896 3.48704173901082 3.44338392996562 
3.92529276979739 6.47245991631529 4.9275453462734 
4.21614654545202 6.17821918677391 4.77334785656227 
0.312453642832803 0.894793430951713 0.913595695844452 
0.717245393544757 1.21128843240705 0.526446999622681 
5.23765137400025 4.48815153063141 2.36557681226176 
4.0358536747245 4.08325874488518 2.61476834256575 
3.65934951624387 4.14233031862965 2.82208515141243 
2.47194903375167 4.19126012810602 4.27435577312657 
0.827226413191608 3.22901806354041 3.43693698356165 
0.281302826459876 5.00404899052705 5.10520368366776 
0.217116987789778 4.56680757932649 5.03155678526199 
1.5986276805736 4.50894158036197 4.80773765945504 
1.54235281128467 5.0131825970467 4.85374870851189 
1.89568250243709 3.1264022331685 1.63082222129766 
1.65658191083411 2.68522556162358 1.73898055318509 
4.73469174133332 6.12768164296732 1.69967158488847 
4.99283283292406 6.04265054008739 1.42007101356494 
6.40570923681306 4.28474171939277 3.95438082301975 
6.259489659565 4.33921106171866 3.48140409419456 
3.52096458256495 0.463464012288811 1.23898327417309 
4.19523004988713 5.71535205916486 0.542066445016346 
3.61204942040422 2.21045912447357 0.452366701412752 
6.82660031293099 3.82449201828062 2.31213072169242 
5.91704804680164 2.40607436684675 1.77359831794458 
1.89892803112632 3.2927171367026 3.74642455669959 
1.83135653665367 3.45375024765077 4.05844163421455 
2.69050579457274 5.63147803278779 3.30441572943282 
2.62906699071459 6.06589780894228 3.21249231861908 
6.26278725375026 4.10158416418488 0.456042274227074 
1.29980353412483 2.22744274270425 1.11635069227928 
1.64905167214275 2.58869650843847 2.02696378073938 
5.04022264441987 3.05115387994093 1.48261048481688 
5.35986670636006 2.95066262162833 1.83971294926512 
2.71416292798809 3.55869372953303 3.809546680114 
2.39739178834175 3.71307787512814 4.22425282427008 
4.26903047158287 4.5691270441875 6.05094390127778 
4.12693209386082 4.38934659963584 5.72551918729157 
2.63573552381032 3.40550349049175 0.479133915191221 
2.44039630069536 4.95077002376376 0.386630337213521 
2.17227544162081 4.51578412109661 0.17020519491363 
3.00437160965949 3.60746540462519 6.12554713031841 
2.96489654948965 4.10374768087997 6.38300178354108 
1.62963292794727 1.53919382448168 2.90410608196625 
1.83205117977203 1.26544590016576 3.30577094504673 
4.10075373810749 0.675867150845327 1.89573107244568 
4.79378693202693 3.62829349487076 1.7941664923117 
4.86154334188526 3.93026367251329 1.72002474074401 
5.32583979581557 6.4840967790808 2.12696825496809 
4.76111489295685 5.63997634123476 1.68701589008076 
5.0182438491754 5.88002203301861 1.39234112016425 
5.32223347281567 3.23975066322318 0.257957926695782 
2.68635637985092 5.90866551781726 4.25124471798618 
1.66090309027333 5.97387186991181 6.53870402685962 
1.56962896109861 6.25171563115145 6.56925876578432 
5.92924351960171 1.24520188313619 2.23844341262221 
1.1897756252259 1.13285311692335 2.89548787180563 
1.38111060187467 1.47533438407297 2.75495859068854 
2.32937490695461 3.01782882155754 6.11994391153364 
2.5622747737617 2.49366885046617 6.20115478609083 
0.615508876377319 4.3910292029761 5.78917576053531 
0.540394457861607 4.27917855090564 5.67446750964303 
3.38419749824777 3.71992842035373 0.299307080908283 
3.19904746621469 4.05377603722376 0.176873654588062 
4.39223528960676 2.07529572386566 3.12225887720492 
4.52264074410418 2.07897829497602 2.6859214800895 
2.57957078358798 6.05562526671651 3.14355088802964 
2.54776177402677 5.65736850598164 3.11998207719453 
5.88073044961839 3.27588889567201 1.93217682312354 
2.01347460930913 0.25528664786578 1.63861728797408 
1.69966885904188 5.51954282373641 4.24571544537346 
1.58135552996799 5.48925582851875 3.84131770727113 
6.80278582961719 2.93149819777067 5.13180172722563 
1.10830440400462 0.990596056065003 3.58169246025719 
0.179593557883149 2.97538448110879 4.94518987730663 
6.83148466646294 3.21356960144348 5.15912265532023 
6.74936545047125 3.31876329164564 5.59163017433845 
0.594207605199113 2.7219001492132 5.07986726630504 
2.7371113820365 5.97026825164904 5.01945113776591 
2.57112264960649 5.83083027003318 4.39398297790783 
2.94441307045495 2.61801179036853 4.33866488427963 
2.8058545032207 5.19284790106901 6.34737341046907 
3.54836205795933 6.43269273488355 5.39614800830063 
3.54903706600483 6.70651615678759 3.47007515501434 
4.35224178544727 2.41998011058954 2.18856903398158 
4.10291475415864 3.24987256981826 1.88940838875313 
4.26495834245994 3.56562591433139 2.11463861848187 
4.93141230197485 1.81576454687621 5.75426771865432 
2.21921719740612 1.29797049347104 4.96312849594894 
0.847198953270967 5.85953681859306 3.61711719181867 
6.28929731771474 0.0760671217420197 5.85296504451576 
0.294416715710173 1.64671413043304 4.04698334513176 
0.336210064246331 1.86785380009094 3.81744928318319 
3.0707029112717 2.84624428989464 6.56732875607645 
3.30059417192826 3.1611505713074 6.42296017489446 
3.25935512778106 5.14425877189196 6.57945856814249 
5.38027544003917 3.32193561931628 6.75368831348649 
2.97099264883869 1.0021147102457 4.11450457207328 
2.57314742389575 3.11326386980777 1.45169952336088 
3.66000974214077 2.08938902593897 3.96772865062455 
3.68743082869829 2.19714351436087 3.56799677152341 
2.53673708554911 3.49329851414633 6.08088575738176 
2.36944088666309 3.76924637720635 6.20439354859243 
6.21930870647685 1.22239318123956 1.44393261315062 
6.46846772918717 1.4524080988499 1.29950304020967 
3.01835706421572 2.75497191676384 4.50586025453337 
2.82880167759124 2.90803590409074 4.76097942223776 
1.51525740817996 4.94686822279311 1.47088451295139 
1.72142135498101 3.68337352917043 3.15417607333725 
1.61257519439807 3.5288620457638 2.80497831207843 
2.68371349347764 6.05892553656725 0.398186241610706 
3.18639537232347 6.02415607235508 0.416463239007983 
2.22566230271142 6.65495009465232 5.46032913060099 
4.70356610927155 0.698434987007169 2.7997585233 
4.44365707170068 2.76159574547888 2.86570051131757 
4.56559711870006 2.39282184596742 2.54421670467103 
2.53383964247003 1.88609512373285 4.37828265104981 
2.49616105523486 2.45663543533917 4.28509858906744 
5.72300502627393 2.68367400112401 5.92313721135555 
5.59161154705003 2.09456274695659 5.98026165256655 
2.42543072958606 0.314789225328045 3.75862086888151 
2.63496539679539 0.483574007828064 3.47536378736716 
1.18704655786514 2.63379208617676 2.29463580188653 
0.854737801007785 2.00175926645456 2.77403316606441 
0.851661863175289 2.11838741245011 2.43116625414656 
2.32645488556443 3.98560859924647 0.888086167427471 
2.4056553506318 4.68088674739925 3.72935415264571 
2.05288360138714 4.64733735504593 3.45703888063805 
5.6626752259749 4.1686014376664 3.93866784906261 
6.02503596361525 4.18689612878233 4.19813165349327 
6.07043497154665 3.79579106782306 4.88037659061404 
3.77942274876092 5.63690895664062 1.7619189504522 
4.0605212954397 5.95544380084504 1.8353189202295 
3.87831746703903 0.522094409208957 1.33788192144731 
1.9174009047044 5.03363710415839 3.35988625752051 
1.02536290810012 1.56504715271961 4.6080362276734 
2.17060545819312 3.28263886128085 0.896528622221248 
2.44863457926421 3.46701515240675 0.864821240666069 
6.32606719212054 1.08467316068927 1.86776703407675 
6.74496680161023 1.29600209367801 2.05359842953131 
0.432324758048871 1.85118946957361 1.70443536081727 
5.50053289938709 0.803534492055051 0.462542023817599 
5.17165201582834 2.48609960394503 2.03464214371271 
5.53963430003455 2.0901636734123 1.96933181815714 
2.8293124174594 4.25363973697143 3.90783234474878 
2.87161888584212 3.77666388549636 3.68382848879545 
2.35370392476881 1.27785808360103 6.03954355624507 
6.82914261500257 3.5918991294132 4.07701185352788 
6.887307764076 3.75111205357294 3.9469915110988 
2.21491166556202 0.350289297647917 3.70882191374363 
2.20408650594005 4.91483042966585 4.70461580121528 
2.18802280561341 4.57166253776779 4.67525871903657 
2.14862262237359 3.43682102293431 6.7073301404592 
2.14859057415869 3.70385624098911 6.64312693008091 
2.11704769531431 3.03990461627754 0.494154517346066 
2.45145270700378 3.1779824601558 0.278902746573226 
3.61520427006588 3.08438919757176 3.03686762348421 
4.02644885153851 2.824701680195 2.23668235881325 
4.12656019883009 3.01681320025071 2.69829621024081 
0.115934427393553 2.76454930167038 2.85081790480591 
0.227928828700768 2.94647346582509 3.20748988953513 
2.23271056665464 3.01148799270275 1.35667386063606 
2.20778610126854 2.64546881893943 1.33952059579931 
3.37339639428417 2.93434602938256 2.8547055711363 
3.2396163059213 2.69772282288285 3.18677562652984 
3.44963364660438 6.10238014989094 5.85417623028682 
6.13118585325944 3.62953063401307 4.68071645549372 
6.51828516292847 3.61896671712709 4.90161947190248 
5.3680688709077 4.44675508031087 4.05928931527561 
5.36607116114778 5.49347269428015 2.79482856267302 
1.88831214574871 2.89973739488065 2.51773851078009 
2.28511948903523 6.74063526447186 5.83026515342104 
3.88132372252963 5.77088047372398 4.59450369522021 
3.46321466497643 6.25508660827985 4.85553204578547 
4.76882028134635 4.38011987920795 2.98924997012508 
2.0952516493425 4.40010979673515 0.192424887055758 
5.74296123308708 0.29471408477075 5.27199074596427 
4.55714729210113 4.24417880812748 3.95525585297852 
0.279661376597175 2.49332406333639 1.565762017856 
0.289193304023216 2.07958256152112 1.83253703694251 
0.643415549810791 4.911303952578 5.69407044503731 
0.513636256057923 5.10359330631282 5.44188610467994 
0.401803526381843 0.713945762564189 2.00164566952465 
5.27797864411883 4.58565241742692 4.62736301862939 
5.50539449052378 4.66681818499754 4.40348016935143 
5.696920201749 2.92227862673559 1.71076469840002 
5.80390675117633 2.92602452898114 1.22866191344986 
3.18240287301363 6.31580986831495 4.94479421404567 
5.3414662142319 0.485487195868591 5.5789860302134 
2.05882813247235 5.27305505761934 3.475920963257 
0.575952173638813 5.8613008404608 2.11748365884039 
1.22008138175253 1.12305884655878 4.81919127756476 
1.42523562331107 0.95137671970845 4.5498233854264 
5.33190349297934 6.6204752724307 3.40324949854424 
5.52228613279001 6.7169649889951 2.95889726101219 
0.644804095096178 0.556405666647335 2.35455879912989 
0.530570750776997 5.17397531577468 4.76472424884955 
3.21313056133625 6.7278174504657 1.31105166451554 
6.54639011938354 6.1651354224746 3.62265509748906 
6.57048952917203 5.82883193898511 3.6468939755044 
5.98835095117534 6.05415580028275 0.2556274164801 
5.12938813546975 1.04409690897838 3.18732574597831 
5.06825932905586 0.962746698048204 2.8121092335566 
5.84341941509621 0.859116638650858 3.03758168281431 
5.50638421573831 0.978845164749254 3.34379560408847 
2.86433057371535 3.92506111389629 2.84916875862272 
2.68019027555188 3.927066961006 3.19231365595935 
3.59649742937855 5.76051979901244 3.34190217020088 
3.75550279762151 5.89496006164454 3.67030570233851 
2.26767449505527 0.609232390543203 3.20816898869527 
2.27410202080848 0.341993414643262 2.76291855632598 
0.209369644722324 3.03114620352111 2.47452350610445 
0.30349228842135 0.465568476931611 4.32125925218414 
0.517345778757825 0.68042229887048 4.94038923782173 
0.148233004380618 3.84937352281536 4.03585189703612 
2.10690985081291 0.562995439465234 3.3186023812689 
4.95726900664524 5.29675661978458 2.01816585212552 
4.85246166156492 5.58671960266798 2.58678234049621 
0.544685474180192 2.32493642718846 1.15939837423992 
0.625975362910382 2.02264452682706 1.20382259840272 
2.10065216151272 1.76511228024139 5.94550900921155 
2.09313139826558 1.49828717383293 6.1259834842063 
4.6244656101952 0.731175738227597 3.30947360755667 
4.52458208217971 0.642873645081254 3.09671237518794 
0.398762630503356 5.23456317041038 5.65539991092575 
0.504534239868289 5.07170774477363 5.85905921073696 
0.962147700338105 3.77909553282467 0.416364600904152 
1.45382920134637 3.6536052771833 0.438133029534226 
4.62053654478194 5.18298130137484 6.17794076471374 
0.726155827537464 2.49603577344415 4.72050752451947 
4.90830654970899 6.18477467734999 4.96330493012815 
2.61796872206645 4.28215601693551 3.18950695812381 
2.79959737074375 4.31521098831348 2.85316903708564 
1.4988573144341 5.66798267896877 1.59722110366698 
1.67736258053095 5.40538826220566 1.93716107879786 
2.60271019942267 5.51672452471465 4.31390710413308 
1.21212309422851 2.90775333319222 5.90506721886368 
5.39903145638472 6.31067880024539 6.14522336937384 
4.36129549133535 5.6228476473413 5.69685726620379 
4.71864276782468 5.47399141997277 5.94632142758348 
6.77583699425574 2.69139932792814 2.95181185155591 
6.91970090691937 2.89823186524591 3.33532096183174 
3.13676613984661 5.77870673776804 5.25836771589458 
6.71336081893613 4.74473114271774 6.23722156309187 
0.448498861627613 4.88388845151125 4.07472899460863 
5.53138598893038 1.21810188471393 3.45015031742279 
6.0590991875433 5.97540037927218 6.86977068544268 
6.19179535592427 6.55125268997696 6.64387679840881 
3.37685918696611 4.63596752060613 0.418078496686868 
0.37651038267981 5.46840195819049 4.55235563465266 
0.296785741231167 5.35517732782339 4.14751953977311 
6.10896586205184 1.47446221530877 2.52591644878341 
4.64593540210989 0.421796601704532 3.50085231949138 
5.75751991429475 6.78938408205949 3.47023143882712 
5.83319023384906 6.81972044222395 3.0767904158292 
3.95769978822367 6.29245285926206 1.54142759492726 
3.64904457796155 6.18076900223738 1.30068522050787 
4.78944214175557 4.67708418104499 3.43087520834836 
4.49688141556459 5.00132462163637 3.410529333471 
4.95811858985332 5.95116340685922 6.39901302660004 
5.35532048948421 5.97927934241835 6.24808025699179 
2.4210594936843 0.436955172477558 4.14607308615294 
2.25527310342776 1.2350580033227 4.54983849587997 
2.72236237385659 0.81478201071515 4.35172054336823 
1.40285893020407 5.88906219520154 3.8103235350168 
1.57632451726137 6.18389185867989 3.4851362250102 
3.66164357584921 4.63878342700298 3.86525275676343 
3.74515354918695 4.27540591044669 4.01292702432679 
0.630936912234175 6.28804746596372 4.81548215767355 
2.41057356201547 5.17055633570724 3.77457452244669 
2.30783483736188 5.30780608916923 4.22948564577347 
0.779948458804875 3.57216403951937 5.29831755542675 
1.244917106754 0.932532146818474 5.74775565299551 
1.07590888458177 4.7475178882777 4.38058348297314 
0.608575347237485 4.80721699124855 4.45650178526942 
0.788225349888317 5.2459463290535 3.31901944639859 
0.49183188313451 4.78541494874139 3.12470860280892 
6.04976676757419 6.61229851515914 0.36791355449012 
2.90735871205891 4.58763100787581 0.65971584405526 
3.27170579472687 4.46480430891903 0.508623132501378 
5.40043708458628 2.44974131692391 6.74912970065244 
0.72519112407505 6.41316926538206 5.181470180731 
2.78218798505319 2.29291242653463 1.24741556770057 
3.06283801856604 2.62755497335691 1.27922732867182 
1.43941808033817 6.02673668682749 4.14427286339852 
4.71196600821822 0.385938743410166 4.38171337526959 
4.40277879092749 0.466973412778985 3.9279502756406 
1.36903233679877 6.76829901228866 1.61951665308891 
0.999486291084477 6.61084935647598 1.61916036089375 
3.16756320782737 4.93465429267688 0.462084725596864 
2.87895927900025 4.82500483942617 0.626773374374262 
4.47010554605694 6.0759737751544 5.06322195628263 
4.48373212950772 5.6394593761789 5.16437804093765 
2.42132551363643 1.8232709651662 5.62107867097198 
2.61698908779865 1.60651375160079 5.58049769576922 
1.04978210968113 6.36955680481915 1.47016434358505 
1.41125585147731 6.42831531776807 1.40680472638193 
1.61340020305614 5.82220600736823 4.36383039018189 
1.97575418734495 6.10373850569077 4.47985223161181 
3.59892222171298 2.99129518314639 3.27198651042225 
3.33134651099465 2.74211721570722 3.33070445741047 
1.14318592920557 3.26935546846944 5.271872747371 
1.39953065553142 3.5161063505097 4.96429767904057 
4.07224583876511 1.24770927959891 3.51865548185484 
4.02274760769047 1.13070556526114 3.83092190578913 
2.53186435904768 2.51320967893065 1.47079141333514 
2.74688833320954 2.78838166994443 1.52097878424597 
0.163040450741342 1.35951417401713 5.83096665205372 
0.406566591585868 1.30214178913917 6.06580259015703 
0.975546379861937 3.16018114882891 0.829083219956957 
6.75363076742443 6.1575607757961 6.24755131462743 
6.57461827200038 6.54839868530279 6.33326991724068 
0.930988656798657 2.79940462391824 0.699192886601857 
0.918791320365706 2.55915170700378 1.09654158493372 
3.01787908604116 0.580449808645381 4.68576842759855 
0.157889570291286 1.18769764124611 5.7967363124747 
0.395846796603951 1.11442682160605 6.0177343384553 
3.54532349696296 6.24383255352953 2.55034168374857 
3.39616463374303 5.26286414509926 5.05321260303722 
3.49559409692066 5.09719173004627 5.30170011896091 
4.33711558772799 6.09721205155875 3.71820173634237 
4.4328246751291 6.03700576701918 3.90995679870844 
5.16589828551725 4.36516782237588 2.86271448967474 
5.31964404875277 3.92664729666066 2.86740563586677 
4.03528141411862 5.34052714600782 5.81520954623524 
4.22819924039745 5.07186990589973 6.13222301665623 
4.1899642005594 4.4478740711868 4.16693567379184 
4.08100711220594 4.81981616686848 3.99664482082235 
5.93649647765425 1.3824097600739 5.63745348965851 
6.15830519076762 1.35587201968087 5.85371028466342 
5.41890311378968 2.73091636123137 6.472682397027 
5.21253406374694 2.91148615422856 6.59988457488228 
6.04399026982957 1.37317159974088 5.96511215198065 
5.83602345208539 1.39637385605797 5.77686860979204 
1.26791800394213 1.18201853436271 5.89287943444598 
1.45001259240568 1.11378012767772 6.07993885746963 
3.18802166676237 5.79511060192804 5.74729171268268 
3.35670874281886 5.48319204394416 5.87266938732863 
1.35939010419261 0.799565834086428 5.80801599142111 
1.48647203557621 0.854740092889585 6.00869666665088 
1.65128389020937 1.35200826682572 3.99861308055168 
6.60406933713045 4.14126138818893 6.15752344010474 
3.53992074445064 0.79571018816087 4.90607492845546 
3.3385862583155 0.644532854981749 4.59571562071632 
1.36347355121735 1.79533842709145 4.11105084942465 
1.70942892596388 1.54544499806986 3.99233276170229 
1.27804085284459 6.15617409516796 2.74831448216804 
6.80098602690596 2.70747541730484 5.89486190720352 
6.89995226241258 2.51487902193474 5.58630434278043 
6.75119623834421 4.78520790105242 2.0916116457339 
4.34953642251883 1.13326238047356 3.59292340648083 
4.26111845391074 1.05144784303088 3.84993708917104 
2.12175077503848 2.73877774434061 2.61074553533199 
2.16428162651703 2.41175313795691 3.06583152688108 
2.12847418146766 2.32428004494643 2.25586215432702 
2.16419853506793 2.03491045023071 2.51370463677246 
6.70248222629459 2.74047286664558 5.40130758646955 
6.62971348805809 2.91112984940988 5.68592179350132 
1.96539538553026 5.5555139159995 2.0532446432004 
3.47867142387527 2.11118594655228 3.9829720222325 
3.16184779931853 1.74291695239283 4.25333093454113 
6.71133477475918 2.97737845972686 0.974965649988243 
1.95882385636795 6.27962272861592 4.37465755062663 
1.62915586715121 6.30989713273053 4.13897914270614 
1.51793645263055 1.14000132766802 2.11382109307275 
1.51187881992237 1.48855491669892 2.48981729348844 
2.39629657947668 1.80268600216493 3.73224665542533 
2.76107032162853 1.60588028574178 3.63244086492587 
3.65580421811371 2.02839908286586 2.29088415016746 
4.96422497620721 5.16259296647308 4.80343794921539 
1.20995810884197 1.60108106361138 4.15109992350441 
1.40426261186531 1.31280477777174 4.07160818269903 
1.0815414149153 5.79129967510523 2.62950524411771 
0.749138088745117 5.75331197699855 2.97503938522599 
5.32910009612521 5.54939194333061 4.80511856342142 
5.1864719924684 5.27689120505717 4.59558528941319 
5.06999182224936 6.54944157969805 5.33106904998785 
2.86526452948591 6.28027704131474 3.09376836597622 
3.38095093138023 6.23490717165176 3.11278609368224 
2.38253054415285 5.38072262510255 1.9680166672403 
2.62937626488334 5.79448772710885 1.6717930150006 
5.87321512846095 1.13890059010153 5.28275488896914 
6.17977683635286 0.754644312409604 5.13131560627564 
4.77307500442395 6.64168074936992 5.57415102880079 
4.01182671924585 1.77563539073279 2.55539766943967 
4.30010353926108 1.90357368165612 2.44606276281204 
3.16617313466395 2.37535073279564 4.40393339061729 
3.01318403166606 1.93860158374441 4.48685187874928 
5.75231852896845 2.14855619063662 3.21532286128169 
6.66588335692482 2.3887849137543 2.95073882991849 
4.26946560852349 5.77476749617582 3.86749920750183 
4.20352653090086 5.85014310550569 3.6979667134698 
4.08156160451242 4.99317715788278 1.73428523169053 
4.40484904156594 4.89208623266924 1.84684483416205 
0.301110606371629 2.4588491904181 3.95972453102181 
1.3119419919957 1.36278149954518 1.80655988726869 
0.696803740104388 2.62189078169522 3.80839554535192 
0.744889642683258 2.78870198749201 4.09164878483407 
4.856786610392 2.35758010849096 3.83812020578171 
5.04475080449801 5.39664298286238 5.05348545366008 
5.2492901720122 5.57669593702749 4.97164772689695 
5.78684300552369 0.530445302683307 5.09333285890389 
5.54318651095015 0.83900425061884 5.21527811028103 
6.22231679918582 0.686451898043715 6.34484572551874 
4.22582811233436 2.20081032382594 2.13089643050257 
3.86356391556502 2.26275619227343 2.08091164950556 
6.49756201641842 1.91253470371908 4.72808823276084 
2.85079966800468 1.55680722335562 4.075381289383 
2.50166035259611 1.74411360098909 4.23648269848082 
6.1425730743081 3.53891527341576 1.46058861379681 
6.078161287036 3.22803838886863 1.10536056401313 
1.47567762823774 2.9142270900115 2.75883658928323 
1.41708017793534 2.73217958097165 3.24543443437103 
0.534021140428215 0.849609708536915 1.7814349632015 
0.513494982648498 0.661179188865999 1.25275072861026 
6.27303074723093 1.66475946492205 4.62467740856648 
6.46934982692246 1.44782451057757 4.560053251581 
0.901977694465836 0.837698461102573 1.74246012762102 
0.815416405931421 0.644776886972515 1.26375873676559 
3.58025501453218 2.53330131545584 0.556924618226117 
3.2028336611295 2.67794913992534 0.705943919911902 
4.34003203079338 4.54149470693716 1.73155012477692 
4.07783233672138 4.58227477730482 1.63483062832041 
1.34630449009095 5.18389583236451 3.70637677825195 
1.09465939014587 4.77120825060198 3.99785183087406 
3.06053229838464 2.95172985207598 2.24240919573218 
3.08942671513952 3.02296056981985 2.12124596259775 
2.19963146188061 4.41479965592046 0.182003630362836 
5.57894197209067 0.414192613151751 3.78918769593326 
0.381611930546681 4.6207388960738 3.27850335784657 
0.476333951168497 4.61872452985151 3.68227678118401 
6.46941612678615 5.78043099050952 2.99558429574019 
6.51159879157145 5.63602877282861 3.27234447892722 
2.61166457564839 6.2870180995048 6.14122749108035 
3.23882786111013 2.80364724165036 0.98100690076535 
0.816435033387503 5.27382712961415 3.5099934135162 
0.648880741881605 4.84779568177974 3.84960702522863 
2.34546156646236 5.99818097334739 6.52163149308722 
2.39282126233977 6.17913330245859 6.52027732256995 
1.62818352553878 1.8432186673081 5.59860507731393 
1.36748627237971 1.62030014453339 5.56788073984961 
5.06342523084405 0.214417702921573 4.2943962607305 
5.1620182186372 0.184698046008319 3.79425573966157 
6.71370349696395 5.49214599749585 3.04259585552795 
6.60867946973008 5.67230500729114 2.8717965789907 
5.08862623200993 1.1031743837238 0.848074849956204 
5.3062568289711 0.786527769483156 0.742301676239158 
1.30853328065705 3.1909598271478 3.23150983582274 
1.36348482419233 3.24822401147634 2.86476441440243 
5.20321180660318 1.09921897841907 1.14206284933728 
5.42099639318123 0.778367002650213 1.01158100557768 
1.71601694541241 1.83638750333484 5.26167826697973 
1.43214916677129 1.59193758297782 5.23746862246593 
0.840816668987992 6.09824607782705 3.26513659835422 
1.13835554237869 6.27792668368753 3.16317565815923 
2.51324043774707 4.25013744251948 0.429613669569742 
2.65741737109279 4.0289070390826 0.213207359276657 
0.643273615708326 4.21042109935932 3.4921959715815 
0.522625386491243 4.32170338131694 3.19204015322384 
5.22067562197757 2.4224024355368 4.28963079571281 
5.71173555937337 2.48939868051554 4.02297652706389 
6.47785402913156 0.177187188811014 5.84310794066381 
6.04581176703965 1.46872056165502 3.98482197134479 
5.47319189828732 2.54192776182179 3.64490275215691 
4.99220802752091 2.50078410264043 3.87468455306078 
6.40528270161911 1.25655039532372 4.16546193154683 
6.73209073072087 1.27361139813038 3.85489413577427 
4.86012380738776 4.14282823189533 4.23125747917774 
4.83263243022109 4.16942467506561 4.35440452368141 
1.53768068339625 0.296101368528562 3.10049086970756 
4.58328774384658 2.32374700675781 1.18190304057323 
5.67215067131119 4.45010333884481 2.09696191654037 
1.71391576215789 4.79851180720997 1.33979089191134 
2.66451191645162 5.87465989325147 5.89828989040781 
2.53396149541074 5.70847025399301 6.05507205986892 
6.54383030408993 0.603755868281019 6.08677208089148 
4.50535215242591 1.86266163311447 0.458533619843933 
4.81076032830978 2.21695329421682 0.911542150083176 
5.23568448908039 2.84519236547969 2.63623605254585 
1.74707570637746 6.01918476871965 1.48062634218351 
6.32924161639739 4.46806634642658 2.32393045857869 
1.69355573096708 4.64182259147982 0.543676046309849 
1.81592000956962 5.00420378729949 0.833651063941604 
1.98943280467085 0.120431419445556 2.79841960144091 
1.85045136878562 0.228229124110131 3.13973269203046 
4.79513104089075 3.36020264002282 2.80662294942009 
4.8536360365047 3.0480748677473 2.91542794720041 
2.07157012578826 6.0203669967119 1.79143893991705 
2.46473039235161 6.0175667625617 1.61937032412136 
1.48788653052355 6.8320631733543 2.2746196933302 
1.17310869906383 6.70446936919656 2.39428268460759 
6.4083251752859 3.77853828958745 5.06685801201114 
6.54785662526322 4.22099913008243 5.16864870655416 
5.65868538380105 4.96733873834203 2.57825640170022 
5.24938768864408 5.08116508275585 1.98939043422691 
5.44310812740439 4.71339683509781 2.27095679433467 
5.27061114393876 5.20403456205631 2.01949278169314 
5.56630525581565 5.289471214368 2.47505184317508 
5.79225619852634 4.47648021024758 1.59187591911827 
6.62907182631871 1.53981238441663 2.42867938211573 
6.70751512444824 1.90317587242765 2.38758882272984 
4.85701076124995 1.5150297072165 3.5648927984715 
0.25820182322829 2.78036180977804 4.34771189057188 
0.404714531231191 2.65914247449268 4.29955285306272 
0.264930967793227 2.51875754433867 4.19958849596481 
6.03264662260162 3.97089278306328 1.27750258888592 
5.68839220088167 4.20483878813694 1.46614707191531 
4.86663644148512 1.82973826147784 3.39578422858978 
6.47427845804199 3.61261825348982 5.59464304358621 
6.6126778379548 3.96999837579548 5.76096665940281 
5.16096819283706 1.36749156226685 3.32831203743047 
5.25279229867429 3.90616323831563 5.50098447509411 
4.95579315663459 3.88568331017132 5.65975835272102 
5.08616223421512 3.71007041753586 5.82582325641609 
5.34397635785992 3.7275453067613 5.68120491099537 
6.71396061888926 3.56676203544824 1.67686364448583 
0.875473475623428 3.91407857602554 5.09416986870575 
1.1889861878829 3.92824175856697 4.92665535457244 
1.11143997739424 3.99255219617142 4.67824796610047 
0.725494740171703 4.01369293717989 4.76400796724625 
1.94678039004917 1.03050903324577 4.38684666808699 
2.17320674427206 0.499269645183899 4.14478211147223 
1.68920004628215 0.887762556301826 4.62762646232986 
1.59140895455623 5.3228910427209 0.824949301164972 
6.58867748583664 4.49774708505829 2.04140318611261 
3.90035476283649 1.6463329349906 0.856017760271707 
0.879117502509547 5.36017684084042 1.1799972067348 
1.40676630180299 5.30740542134466 1.26687012493843 
6.48508912471818 4.22771656017554 1.37314076879504 
6.39603967365633 4.50437396918155 1.55889057406187 
4.10280686357174 2.17736760048992 1.12907746307484 
4.00939082737165 1.91048901350852 0.77120796151398 
1.75272812741376 4.12380954413873 0.681348238126507 
1.59069669511996 4.3274986494394 0.756861453697036 
1.58458548879366 4.37779812331963 1.18564740630129 
4.03078242944974 2.01597596495532 1.37731778575798 
3.89517884157427 1.61767410106012 1.20783113285581 
6.83821663162331 3.85975518675496 1.65527797591978 
6.91108988033078 4.03874478053184 2.05701816784493 
1.73154071587992 4.20764920122664 1.28271564727031 
1.89381559951972 3.99539168344635 0.923047294812819 
6.63378233389169 2.18175139132653 3.41309039786521 
6.13648694499323 2.02624568063193 3.56705594481891 
5.53501978375336 1.54094437396575 2.0935935447132 
5.04364383143496 1.37149517025075 1.74747306138577 
5.29516093002026 1.3384574590646 2.14564779198842 
1.35474262601089 4.35227223971267 2.74403258075388 
0.74450477907917 4.76765099821632 0.104290557436734 
3.4890573645516 0.511059279105289 5.65330435573147 
6.2005332753511 2.05205327867307 1.12919722569777 
6.28850036282129 2.23232271680432 1.24214343605386 
5.65068078503585 1.9360399993379 3.1019250460609 
5.14125663246689 1.71678679507903 3.16263289108353 
0.733489162406887 4.43914994382586 2.92262021004244 
6.07564490549467 2.29066402330624 1.28692346867392 
6.01374758890823 2.10480974671703 1.17118816098208 
1.41179186504563 3.89072711534908 2.4784446839564 
0.957165876032203 3.76098079627215 2.31411929774244 
1.33863282193507 4.31631667743835 2.62979694916188 
6.75279709490327 4.65265525642178 0.464765933512516 
5.04096781778808 1.78639084500183 2.731853629561 
6.80632526834874 4.34449498626373 0.954222959690386 
6.65034584212552 4.2729060762743 0.55767782472986 
3.31974726044142 0.820805268077861 5.22606752706642 
2.97714347262135 0.698740017931482 5.12930336394166 
4.48003755499237 3.19380662267199 1.48188426689529 
1.25645296491154 3.59090989973421 4.2487728950211 
1.33017445193067 3.72356413262473 3.69922017408716 
1.4677344100132 3.72051379594563 4.01803758109294 
4.72784386715567 2.84092379196074 1.46439477238715 
4.63707842822682 2.62034868986202 1.13857754081368 
0.854315693391787 3.52484040774419 3.71918656300843 
0.822120651758755 3.43843257352435 4.01093915348673 
6.14805353277615 1.61179555080414 3.59808753382112 
6.490567878797 4.69511544529837 3.1508269273732 
6.08135336273167 1.24432054623863 3.03922549151755 
5.87646350284105 1.47210337360024 3.29860918017229 
6.73329891606843 5.07623782145939 2.93974982144541 
6.57865653393666 4.77842770312628 3.19818311408825 
3.90670650654574 3.23775570068326 1.32636235227082 
4.27713270437311 2.91945680124089 0.99179202328742 
4.25321233855495 3.21644271812541 1.19531040821892 
6.48033611348615 4.99179537422951 2.53519827098918 
6.31992255889084 4.81928162476759 2.59787200613543 
4.68551199803455 1.28358792576825 5.94216182909364 
5.19266188655517 2.87475699286161 0.275226497036007 
4.82969023045328 2.75031619001746 0.398799188741751 
3.85807779813041 2.64003387267614 1.00315114063897 
3.64603196181452 2.77215441810604 1.17869630915668 
4.52627713510241 1.19691789308899 5.78102600236143 
3.3239590006856 1.46499952754335 6.61314235184893 
3.45656532460666 1.78957397699248 6.52105683931571 
4.59241613228639 1.70644303012068 6.10750012101034 
1.35149692407611 2.38974991426075 3.43576248033154 
1.7177324975716 1.97143240280365 3.30778342106218 
4.64593688010456 1.46696254987286 5.89261247472196 
6.53469621136509 1.21946693045591 3.16151219017219 
6.57160128248838 1.4673234998887 3.50458594702403 
2.05283219875505 2.38221215171649 3.22941453363546 
1.56210319382593 2.6225050892969 3.38485304388327 
5.93017434022279 0.399773803198055 4.24853218233723 
5.68333266806635 0.316978808539576 4.57562365326604 
1.1455960359782 0.589980923739569 2.37772436740737 
1.25875400377576 0.656030531021901 2.15350272013346 
1.55820248626991 0.327339413935888 2.11717181092511 
5.65746977611482 0.527227479042809 4.09893531123525 
5.43201616389291 0.453558047850903 4.37773780883205 
6.47159319386738 2.91145931357208 2.33723026810009 
6.24729776854568 3.24834271202164 2.25843141206583 
4.53653269608063 1.42466144185319 5.33169702331534 
6.18102154853759 0.456667233266581 1.99580225659062 
6.35635459297681 0.603965201654069 1.84195377562281 
1.34261532231686 0.193593466180511 2.52735445391285 
1.5236504408832 0.128861435310779 2.39170831894169 
3.85432982158201 1.6539492202778 5.23978809184196 
4.12181908310564 1.59513136227879 5.06734048614457 
3.89723723978312 1.53778235078758 5.66544855877466 
4.47846963840411 1.34604333345174 5.72502533459247 
6.67755315196204 3.43579906184486 2.12719212630298 
5.35631229357089 2.63503142246483 6.17322623145894 
5.32627790744419 2.18892908832097 6.17165900009519 
4.86278219960501 1.9681140800471 5.92888923588844 
2.98821281817873 6.22067453131554 2.46505366623969 
2.76393079019221 6.26484389263673 2.91699599986633 
2.59823523143868 6.56941051881633 2.66133669177287 
2.79808247076521 6.49299085108442 2.3239013519317 
6.57700979395152 0.491121474557546 3.25636882903772 
6.72851244514355 0.739990653257911 3.26382086281038 
0.930537547231513 1.86700852710925 2.33727529664251 
0.756212730656405 1.67394177203763 1.96486746059471 
4.92153085251982 3.08208494499055 5.75225254155345 
4.00890795549013 0.68504307501494 6.00940654481723 
4.9073263755364 2.8615190919602 6.01858143899607 
4.58792948833117 2.47414505038522 5.83970064260975 
4.06439603801827 0.353808743517967 5.84397032575433 
1.28075281127406 1.79274632009043 2.16327781428995 
1.21233226388455 1.64032983126951 1.8694772789693 
4.42149510264482 3.774646972302 3.67793128874826 
0.854182451760075 3.20464827014762 1.48560429646876 
0.823830614356235 3.00112482609701 1.58596772703761 
4.56332288575741 3.80959734675347 3.11678299377761 
4.86029315765165 3.56320130445842 3.02915349567646 
0.990164628746178 3.12674873852732 1.37760462419915 
0.97828981444 2.94994243646282 1.45292063120722 
4.59255541454343 3.16942805470627 4.02504693407297 
4.71431323651951 3.44459828532729 3.87394431351144 
5.024005556373 3.30321827244287 3.44127348906925 
5.02162004348589 3.0747148512144 3.38608249274088 
4.75565972240566 2.77899680702871 3.75948355816961 
0.122563669889584 3.63971991152985 4.53518647437243 
0.257246974693919 3.79649193008299 4.47772676276272 
0.149775930327787 3.58251689036905 4.3161963312184 
0.247338939334644 3.68794396539827 4.27379989463417 
3.53384973894593 3.47317546534199 3.48090396992468 
3.24015185918372 3.56643556090281 3.73946066268808 
3.73579847730865 3.60396210863874 3.72036832023889 
3.55432641787094 3.67549891107514 3.92232789228322 
5.46313924533132 3.63864924617578 2.18701839973295 
5.63870740904141 3.38549583321192 2.16620810597381 
5.268133149104 3.46175085970865 2.19510320137638 
5.40450278644643 3.25928006233454 2.17495328657914 
3.26128216777612 0.726263929123641 3.47473241957045 
3.24297449602017 0.347526688064413 3.29033472851798 
2.97838850448888 0.163099564722137 5.95720461360935 
3.16944766587546 0.193452021059315 5.71229876533243 
2.83052442117872 0.247514168729758 5.39447680123381 
3.40236340096708 0.933013983927304 3.18524291249788 
3.47599185728014 0.589826174017603 2.86174324819903 
2.46843075110861 1.33844763224561 2.3292781357795 
2.53481034850991 1.7738631115547 2.32358196662487 
2.82485873191988 1.3832963625252 2.49240561524527 
2.84713568393193 1.71889471292634 2.46597347738506 
4.53544490681895 6.22464710935143 6.14818863538308 
4.80077597036679 6.60474211257231 5.92970436673077 
5.15468294497986 6.43143485492329 6.22619642275158 
4.90050537399469 6.07091776760414 6.41172529727532 
5.37475167707467 1.5958919485008 1.36707579690583 
5.61396205395595 1.65137938255835 1.47652379857127 
5.24965986724199 1.65434315815029 1.59046649457819 
5.46992712806687 1.7122399948224 1.72646095716354 
4.35774394465473 0.83122116237508 6.66444766393871 
4.06763892489497 0.619140817194479 6.45788550398008 
5.44519452352583 1.4354877728867 0.316133553907806 
5.56275719384367 1.17822898928696 0.241118343503556 
5.68697622361225 2.04001877901066 2.85459090996684 
5.37850869164271 2.02544626202844 2.58071750724078 
1.36971320037588 2.41096202831826 6.03124914699658 
1.36857989828357 2.8034763519718 5.94471658537183 
1.57135596975696 2.46045277923882 6.30242745426677 
1.57389396777422 2.79010795209542 6.25232645489885 
2.74615817405101 5.55403032261792 4.13065096521653 
2.69469505015733 5.36119878420922 3.71994345230018 
5.89560563952475 1.89252453970493 2.51944608306427 
5.58737399243239 1.893005664339 2.29706266509663 
3.23844137977852 5.34743639322616 3.99179344576711 
3.0801862775019 5.20818561325057 3.64590227138506 
4.84583234512603 4.73235373230923 0.481465612270727 
4.43213752783395 4.49607830043434 0.496374600267233 
2.21780761243697 0.754975601997891 5.55494692058201 
2.15461833792368 0.828058740123818 5.90564051793024 
2.27746285058942 0.580825644694897 6.09500314895549 
3.28281414616697 6.34912864770772 4.73414671804317 
3.16650389516603 6.22638546369642 4.34724448510563 
2.52748523623921 0.24363508531672 5.54123002341088 
2.53435482134462 0.188571216432377 5.78234245816545 
3.13536508961138 6.56756808328265 4.20907338780254 
1.39299618724529 6.90686965730507 4.45453771842588 
1.07900440944003 6.90956178130236 4.56172737860814 
0.983341095707464 0.171878967977396 4.43278644795644 
1.164125737268 0.254935464054477 4.31456594319865 
4.32196631343994 2.97711055547494 5.16237016721602 
4.23060922566879 2.65939274479448 5.24143297042675 
4.57916939488445 2.84636612777734 5.25943917263727 
4.48329400474387 2.62031869375041 5.30770527519079 
1.33461044956843 6.25007173748407 0.47224639649617 
2.34810458431769 6.60731803275994 0.679075866364336 
1.68624310372481 6.38047613081208 0.787412899459395 
1.94396567434226 6.0502564346256 0.896229735398256 
2.22606011697462 6.08798308249402 0.888898353353227 
2.82016840227414 0.304272677776003 1.70501311106754 
2.53637908433553 0.138492562860696 1.54300537683818 
6.56013670860398 4.8021737425913 1.41973413633435 
6.4273751523951 5.23193609618461 0.632102528910505 
6.55890569503807 5.19961549730353 0.756672428150775 
6.38277420597253 5.12187367438262 1.28837542825688 
1.07686016175792 5.49638326461755 0.508169337727591 
0.790093173122202 5.50737648582436 0.757439385166274 
0.642796241835666 5.40733836497707 0.585908325937027 
0.908539260373083 5.38976818559219 0.318504427894563 
5.83881153563069 5.57034933814437 0.810507582345593 
6.00531506743213 5.16589155630218 1.25516370905754 
5.9721011629848 5.25757482047274 0.833936364398022 
5.70465227879905 5.76456353898523 1.41745294205233 
5.79577753320908 5.56489143542499 1.58600606293312 
0.420136246790357 4.86293236981799 0.621635856151665 
0.436147012567497 4.63699402208729 0.984259423451672 
6.84426188794906 4.75953774570705 0.661402348128943 
6.87578936760475 4.57116676946903 0.95877311742363 
6.37633103854326 6.48390101456485 0.961675794633772 
6.26770194685492 6.71927246597653 0.887066049102877 
6.29409437699236 6.64540711329494 0.594087605724743 
6.41516504817961 6.39572885142173 0.723877595805949 
4.21395181466005 2.4289551734435 6.0542759964084 
3.84273345109258 2.44025934726495 5.81072317539039 
4.13074123812116 1.99250244106857 6.18872428905453 
3.85333185699638 1.94854673942858 6.00819116004495 
0.622663649524798 4.49768171831717 2.22440331051583 
0.540922607610333 4.1735519627807 2.14538633900182 
0.785591423549 4.30291117573084 2.51920724574922 
0.671581908576706 4.0436517114427 2.39510784869706 
3.37856364799283 5.48127166143655 1.09152696342554 
3.36232371789531 5.52832069208423 1.09267189530702 
5.75024042236411 3.89182391297498 6.34095713584582 
5.79163115178711 3.90707890450312 6.10710093901767 
5.94701340812814 3.77602398217492 6.34855436233357 
5.96952716926799 3.80027234903722 6.13052169723158 
POLYGONS 1609 9855
5 2 1 4 1253 498 
4 3 2 498 1107 
4 864 1108 1636 1122 
6 1107 1108 864 1177 1253 498 
5 0 552 1170 1014 1013 
5 4 552 0 1177 1253 
5 0 1013 1122 864 1177 
4 987 1014 1170 1625 
6 1 4 552 1170 1625 1629 
5 2 1 1629 574 3 
6 3 574 1637 1636 1108 1107 
5 987 1625 1629 574 1637 
5 834 835 1272 931 1030 
6 931 1016 1409 1408 1271 1272 
6 7 1138 1510 1531 1562 1561 
6 6 5 990 1186 1510 1138 
5 5 990 1073 1546 1545 
6 9 8 1624 1622 1171 590 
6 11 10 857 1621 1623 828 
5 1224 1225 754 1685 610 
5 610 859 558 1686 1685 
5 753 754 1225 974 578 
5 13 12 753 578 470 
5 753 754 1685 1686 12 
6 13 12 1686 558 1046 1045 
5 22 17 19 15 986 
5 21 18 599 600 964 
5 15 14 20 16 19 
5 19 16 21 18 17 
6 23 539 1687 1689 634 1031 
4 24 539 1687 882 
5 31 30 25 455 683 
6 27 32 33 31 683 684 
5 30 25 29 26 28 
4 32 33 749 34 
6 30 28 748 749 33 31 
6 623 1019 1092 1020 1500 1504 
5 561 1093 1049 1421 1420 
5 561 1021 981 1594 1420 
6 967 968 1595 1594 981 35 
5 968 1077 750 1413 1595 
5 1049 1050 750 1413 1421 
5 35 981 1021 1020 1500 
4 35 967 1504 1500 
5 623 1019 1050 750 1077 
5 967 968 1077 623 1504 
5 36 37 1339 1019 623 
5 36 37 1470 1465 1405 
5 36 623 1504 1505 1405 
5 1339 1340 41 1470 37 
5 1019 1092 792 1340 1339 
5 1405 1465 1522 1515 1505 
5 40 39 38 1523 1514 
6 38 41 1470 1465 1522 1523 
5 40 1020 1500 1516 1514 
5 39 38 41 1340 792 
5 40 39 792 1092 1020 
6 44 910 1264 1263 1316 1317 
6 1316 1317 652 1351 1350 43 
4 43 780 1263 1316 
6 592 593 42 780 1263 1264 
5 43 780 42 1341 1350 
5 513 936 1108 864 1017 
5 45 513 936 937 1226 
5 47 1254 1272 835 1259 
6 45 46 679 1100 1017 513 
5 46 679 835 1259 1173 
5 47 695 1227 1173 1259 
5 45 46 1173 1227 1226 
5 498 695 47 1254 1253 
5 517 518 866 865 663 
5 855 856 521 865 866 
5 666 771 518 866 855 
5 49 51 48 693 694 
5 48 50 666 771 693 
6 51 48 50 56 55 53 
5 55 56 856 521 1237 
6 54 49 694 517 663 628 
5 54 49 51 53 52 
5 56 50 666 855 856 
4 54 52 1236 628 
5 53 55 1237 1236 52 
5 517 518 771 693 694 
5 842 1505 1515 57 1521 
5 468 689 788 1255 1256 
4 468 469 650 1256 
5 808 809 788 1255 58 
6 62 60 823 1384 1380 533 
5 61 59 1411 1466 1460 
5 59 920 454 1412 1411 
5 61 59 920 1380 533 
6 36 1405 1412 454 1611 1613 
5 823 1384 1611 1613 1479 
5 36 37 867 1479 1613 
6 62 60 867 37 1470 1471 
4 60 823 1479 867 
5 61 533 62 1471 1460 
5 65 64 66 843 917 
5 63 64 65 1245 770 
5 67 63 64 66 1178 
4 69 70 1117 1348 
5 70 703 68 1130 1117 
6 69 1348 1352 1330 1571 1564 
6 1117 1130 1537 1538 1352 1348 
5 71 992 1300 1570 1563 
7 69 70 703 702 71 1563 1564 
5 71 702 72 991 992 
4 1299 1330 1352 1538 
4 72 68 703 702 
5 72 68 1130 1537 991 
6 991 992 1300 1299 1538 1537 
5 74 5 1545 848 729 
5 847 848 1545 1546 73 
6 465 1038 1612 1611 1384 1385 
5 73 465 1385 927 847 
6 728 729 74 1480 1479 823 
5 728 823 1384 1385 927 
5 74 5 990 1478 1480 
6 990 1073 1038 1612 1614 1478 
5 73 465 1038 1073 1546 
5 728 729 848 847 927 
5 78 77 76 985 984 
5 76 80 1664 1667 985 
5 77 76 80 87 86 
6 78 77 86 75 85 83 
5 82 83 78 984 1151 
6 984 985 1667 1668 1431 1151 
4 79 81 75 85 
6 79 84 1665 1666 88 81 
6 85 79 84 1429 82 83 
5 87 80 1664 1666 88 
5 84 1429 1431 1668 1665 
5 88 81 75 86 87 
4 82 1151 1431 1429 
6 69 622 755 938 1349 1348 
5 89 90 465 1038 1039 
6 91 10 11 92 1270 1269 
4 91 93 857 10 
4 91 93 1375 1269 
5 93 857 1621 1374 1375 
5 861 1155 1374 1621 1623 
4 828 829 861 1623 
5 696 829 861 1155 1156 
5 11 92 696 829 828 
4 92 696 1156 1270 
5 756 991 1537 1547 1404 
5 72 915 1008 756 991 
5 95 96 94 915 1008 
4 612 658 104 1229 
6 98 102 97 658 612 571 
7 99 104 658 97 1322 1051 772 
6 50 666 1052 1015 1040 1041 
5 100 101 48 50 1041 
4 1015 1040 497 1321 
6 101 48 693 103 1228 570 
6 98 100 1041 1040 497 102 
5 100 101 570 571 98 
5 103 99 772 771 693 
5 103 99 104 1229 1228 
5 102 97 1322 1321 497 
5 108 1 1629 1630 522 
5 109 108 522 106 1079 
5 111 112 110 105 554 
5 105 109 1079 943 554 
6 110 105 109 108 1 4 
5 552 553 1085 1205 1170 
6 106 522 1630 1626 1204 1061 
5 107 943 1079 106 1061 
5 111 554 943 107 1086 
5 111 112 553 1085 1086 
6 107 1061 1204 1205 1085 1086 
5 110 4 552 553 112 
5 1275 1306 1127 1457 1455 
6 517 518 1279 1305 1070 113 
5 928 1197 1455 1275 1280 
5 113 517 694 1386 1387 
5 114 115 1457 1127 1126 
5 99 772 928 1197 1023 
5 113 1070 1126 114 1387 
7 103 99 1023 115 114 1387 1386 
4 693 694 1386 103 
5 115 1023 1197 1455 1457 
6 771 772 928 1280 1279 518 
4 120 724 116 1089 
6 116 117 1244 1247 810 724 
5 118 117 116 1089 1071 
5 118 117 1244 1577 670 
5 118 670 949 1096 1071 
5 121 950 1578 1248 965 
5 949 950 121 1097 1096 
5 119 120 724 810 811 
5 119 811 965 121 1097 
6 119 120 1089 1071 1096 1097 
5 122 1045 13 1653 1650 
5 123 778 1649 1651 1652 
5 13 470 123 1652 1653 
6 126 124 1678 1677 125 674 
5 718 719 1680 1678 124 
5 719 1526 127 1679 1680 
6 126 124 718 589 1028 1029 
5 128 98 571 718 124 
5 98 100 654 653 128 
5 124 128 653 681 126 
5 680 681 126 1029 976 
5 132 131 1036 790 993 
5 131 595 680 976 1036 
6 570 571 718 589 129 994 
4 129 130 1028 589 
5 129 130 790 993 994 
6 130 790 1036 976 1029 1028 
6 132 131 595 654 100 101 
5 132 101 570 994 993 
4 133 758 667 1018 
6 133 758 1640 1637 574 1143 
5 133 1018 1313 1142 1143 
6 962 963 1312 1313 1142 461 
7 863 895 963 962 1626 1625 987 
6 667 690 896 862 1640 758 
5 895 896 690 1312 963 
6 1142 1143 574 1629 1630 461 
4 461 962 1626 1630 
4 134 514 135 1569 
5 45 46 1607 1608 1318 
5 139 137 1142 1313 1252 
6 602 603 461 962 1002 545 
4 963 1001 1558 1312 
5 136 138 139 1252 1557 
5 136 138 797 602 545 
5 461 603 798 137 1142 
6 136 545 1002 1001 1558 1557 
5 139 137 798 797 138 
5 1165 1226 45 1318 1311 
6 469 575 1165 1226 937 650 
5 140 141 648 514 134 
5 566 1215 1265 1554 1555 
5 143 639 127 1679 1527 
5 1265 1266 142 1567 1554 
5 125 142 1567 1568 1677 
5 2 498 695 580 524 
6 650 937 1107 3 1325 1256 
5 3 2 524 885 1325 
6 524 580 1304 1310 893 885 
6 885 893 913 468 1256 1325 
5 144 565 1474 908 907 
5 145 144 907 923 676 
4 146 147 1033 677 
6 676 677 1033 1096 949 145 
5 147 1033 1096 1071 1072 
5 146 147 1072 1060 148 
5 1071 1072 1060 1475 118 
6 908 924 148 1060 1475 1474 
6 146 148 924 923 676 677 
5 565 670 118 1475 1474 
5 145 144 565 670 949 
6 149 743 895 863 1297 1298 
4 1055 1084 1456 1196 
4 1297 1298 1641 697 
5 62 60 734 980 831 
5 150 739 831 62 1471 
5 41 151 150 1471 1470 
5 151 150 739 506 486 
6 486 506 738 801 1319 1303 
5 867 868 1320 1339 37 
5 801 802 868 1320 1319 
5 60 734 802 868 867 
5 41 151 486 1303 1340 
5 152 158 156 157 155 
6 152 154 164 112 110 158 
5 155 152 154 796 977 
5 153 159 111 112 164 
5 153 160 161 165 159 
6 164 153 160 1037 796 154 
5 157 155 977 976 680 
6 156 157 680 595 162 163 
6 161 165 555 162 595 131 
5 158 156 163 105 110 
5 159 111 554 555 165 
5 161 131 1036 1037 160 
5 163 162 555 554 105 
6 166 136 545 173 1314 1315 
5 166 825 1686 12 1315 
5 168 170 1314 173 624 
5 170 753 12 1315 1314 
5 136 138 1066 825 166 
5 169 172 625 602 797 
5 167 169 797 138 1066 
5 167 1066 825 1686 1685 
5 173 545 602 625 624 
6 171 172 169 167 1685 754 
5 171 172 625 624 168 
5 171 168 170 753 754 
5 176 174 1001 1558 1559 
5 174 743 895 963 1001 
5 175 832 1145 1144 1056 
5 173 178 836 1002 545 
6 176 179 921 839 1560 1559 
5 176 174 840 699 179 
5 180 839 921 1422 1423 
6 179 699 177 1293 1422 921 
5 174 840 836 1002 1001 
5 177 178 173 1314 1293 
5 177 178 836 840 699 
6 180 166 136 1557 1560 839 
4 180 166 1315 1423 
6 471 472 181 519 520 182 
4 185 682 795 1603 
5 183 184 186 185 682 
5 187 716 1056 1144 794 
5 184 186 768 769 833 
6 832 833 769 1602 1597 175 
5 186 185 1603 1605 768 
6 187 777 1605 1603 795 794 
6 768 769 1602 1601 777 1605 
5 716 1056 175 1597 1596 
5 183 184 833 832 1145 
6 183 682 795 794 1144 1145 
5 187 716 1596 1601 777 
5 490 655 535 830 1338 
6 189 656 1268 1263 1316 1337 
6 535 830 1025 188 1111 1123 
6 910 1264 1267 490 1338 1410 
4 190 188 1025 1396 
5 44 190 1396 1410 910 
6 190 188 1111 1336 1317 44 
5 655 656 189 1123 535 
5 1111 1123 189 1337 1336 
5 191 611 687 688 793 
5 610 611 687 956 859 
5 192 869 897 834 1030 
5 610 611 191 1183 1224 
6 502 503 193 591 596 597 
5 194 9 590 591 596 
5 195 198 871 618 883 
5 618 619 473 884 883 
4 197 633 1101 872 
5 618 619 197 872 871 
5 196 1009 1437 1586 1584 
5 473 619 197 633 1082 
7 871 872 1101 1102 1010 1007 198 
6 199 455 643 500 1655 1654 
4 199 455 25 475 
5 202 200 201 631 1132 
6 25 29 887 888 955 475 
5 203 1180 1511 1508 1397 
5 203 1180 1139 1363 1540 
5 481 482 206 1535 204 
5 204 205 1363 1540 1535 
6 203 1397 1400 206 1535 1540 
5 647 1401 1532 1531 1562 
5 205 7 1138 1139 1363 
5 205 7 1561 481 204 
5 206 482 647 1401 1400 
4 500 726 1004 1655 
7 207 645 806 807 727 726 1004 
5 185 609 806 645 682 
6 199 186 185 609 683 455 
4 644 684 807 727 
4 184 186 199 1654 
6 207 183 184 1654 1655 1004 
4 207 183 682 645 
5 208 209 1232 1005 210 
4 214 209 208 516 
6 210 208 516 1131 1209 1208 
6 1005 1006 1358 1359 1208 210 
6 212 1024 1199 1006 1358 1370 
5 1005 1006 1199 1219 1232 
4 641 642 212 1024 
5 213 641 1024 1199 1219 
6 214 209 1232 1219 213 211 
6 212 642 1185 1179 1371 1370 
6 211 213 641 642 1185 1184 
5 214 211 1184 1131 516 
5 215 221 227 222 220 
7 215 218 219 665 217 224 221 
5 220 215 218 223 216 
5 220 216 225 226 222 
6 225 216 223 1334 1304 587 
6 217 665 1309 1310 722 723 
5 217 224 912 735 723 
5 223 218 219 1335 1334 
6 1118 1119 722 1310 1304 587 
5 226 225 587 1118 824 
4 219 665 1309 1335 
5 224 221 227 911 912 
6 227 222 226 824 890 911 
5 228 78 77 687 611 
5 167 228 611 610 1685 
5 230 76 985 952 721 
5 708 951 930 1067 1190 
7 228 78 984 930 1067 1066 167 
5 229 230 721 720 231 
6 77 76 230 229 956 687 
6 231 229 956 859 558 548 
5 548 558 1686 825 1191 
6 231 548 1191 1190 708 720 
5 230 706 745 725 721 
4 211 213 232 1203 
5 509 510 233 1146 1094 
5 233 236 1113 1114 510 
4 234 606 1324 1175 
5 235 528 1435 879 880 
5 234 606 879 880 1542 
5 466 467 534 1397 203 
5 43 237 467 534 1350 
5 1350 1351 1400 1397 534 
5 466 467 237 530 853 
5 203 466 853 1541 1540 
4 206 652 1351 1400 
6 206 652 1317 1336 1536 1535 
5 43 237 530 1337 1316 
6 238 8 1624 993 790 1087 
5 239 240 120 1089 1090 
6 243 1172 1609 1608 1318 1311 
5 243 241 244 242 1172 
6 707 784 245 1483 1599 1598 
5 783 784 245 1566 1616 
5 245 1483 135 1569 1566 
6 462 1258 1576 1420 1594 1592 
5 247 462 1258 1257 940 
5 459 941 815 1575 1109 
6 248 460 940 247 740 982 
5 246 248 460 459 941 
5 246 248 982 981 1021 
5 561 815 941 246 1021 
5 561 815 1575 1576 1420 
4 247 462 1592 740 
6 249 252 1452 1451 503 502 
6 249 250 251 948 947 252 
5 249 250 1115 995 502 
6 208 251 250 1115 1116 516 
4 516 1116 945 1131 
5 947 948 210 1208 598 
4 208 251 948 210 
6 904 946 996 503 1451 1454 
5 598 947 252 1452 1453 
6 1208 1209 904 1454 1453 598 
5 253 487 1095 1094 1146 
6 562 717 1095 1094 509 812 
4 717 944 487 1095 
5 253 678 822 233 1146 
6 253 487 944 1382 1383 678 
6 562 717 944 1382 1347 925 
5 233 510 1059 1057 822 
6 255 816 942 260 1201 1202 
5 259 1202 255 1590 1591 
5 258 816 255 1590 1588 
5 256 257 1167 1140 254 
5 256 257 523 260 942 
5 254 256 942 816 258 
5 1079 1080 1141 1166 106 
6 109 259 1591 1589 1080 1079 
6 522 523 257 1167 1166 106 
5 109 259 1202 1201 108 
5 522 523 260 1201 108 
7 254 258 1588 1589 1080 1141 1140 
6 600 714 262 1494 1497 964 
6 21 964 1497 1496 1463 1440 
5 262 1494 1671 1658 1657 
5 88 714 262 1657 1666 
6 84 1433 1464 1656 1659 1665 
5 1463 1464 1656 1672 1496 
5 79 81 599 18 261 
5 21 18 261 1441 1440 
5 79 261 1441 1433 84 
5 88 81 599 600 714 
6 267 629 675 263 1517 1284 
5 1378 1379 263 1517 1512 
5 269 264 711 266 1125 
6 265 266 711 710 268 270 
5 273 20 14 271 272 
6 274 525 1649 778 1660 1661 
4 123 778 1660 1458 
4 274 501 1461 1661 
4 1231 1414 1652 1651 
5 1230 1231 1651 1649 525 
6 1168 1414 1652 123 1458 1462 
5 274 501 605 1230 525 
4 921 922 1424 179 
6 207 183 1145 1418 1548 1539 
6 511 1461 1661 1662 1669 1670 
5 269 264 511 1461 501 
4 267 629 1659 1656 
5 276 702 71 1058 812 
7 71 992 978 1529 1528 925 1058 
5 744 979 757 1275 1280 
6 756 757 979 978 992 991 
6 275 492 1279 1305 916 607 
5 275 492 1528 925 562 
5 275 562 812 276 607 
4 978 979 744 1529 
6 276 607 916 915 72 702 
6 65 277 241 244 1246 1245 
5 65 277 649 918 917 
4 29 26 278 887 
5 783 784 499 1525 279 
5 493 707 784 499 852 
4 556 557 709 280 
5 280 709 1333 1442 999 
5 280 556 1035 657 999 
5 281 282 283 803 692 
5 284 281 692 892 1034 
6 657 999 1442 1436 1285 1238 
6 284 281 282 1333 709 557 
5 282 283 1436 1442 1333 
5 283 803 1286 1285 1436 
5 556 557 284 1034 1035 
5 265 266 660 1307 1308 
6 660 661 285 1425 1281 1307 
4 660 661 1125 266 
6 1510 1511 1486 1619 1627 1186 
4 286 1323 1486 1619 
5 1323 1477 1508 1511 1486 
6 286 606 1324 1476 1477 1323 
5 1434 1435 879 1627 1186 
5 286 606 879 1627 1619 
4 288 270 265 1308 
6 287 837 1210 288 1308 1307 
4 289 287 1307 660 
6 289 287 837 838 791 489 
6 488 489 289 660 266 711 
6 488 489 791 1493 1683 1681 
4 710 711 488 1681 
5 270 268 1211 1210 288 
6 268 710 1681 1683 1488 1211 
5 290 178 177 287 837 
5 177 287 1307 1281 699 
6 290 837 1210 1370 1358 1069 
4 1006 1124 1069 1358 
4 288 212 1370 1210 
5 290 178 836 1124 1069 
5 288 212 1024 1388 1308 
5 291 559 1409 1016 621 
5 0 458 1408 1271 1177 
4 164 291 621 154 
6 164 112 553 560 559 291 
5 152 154 621 1016 931 
5 152 158 1254 1272 931 
5 0 458 560 553 552 
5 110 158 1254 1253 4 
6 191 529 1357 1327 228 611 
4 75 86 651 1631 
5 77 86 651 688 687 
5 191 529 752 1632 793 
6 85 75 1631 1632 752 751 
5 83 85 751 1356 1328 
5 228 78 83 1328 1327 
5 295 507 592 1264 1267 
5 292 295 507 293 294 
6 62 533 686 685 1068 831 
5 296 484 297 849 850 
5 636 849 297 1673 1674 
6 17 19 902 967 35 900 
5 22 17 900 901 712 
4 15 614 1520 986 
5 19 15 614 298 902 
6 298 842 1505 1504 967 902 
5 298 614 1520 1521 842 
6 57 712 22 986 1520 1521 
5 57 712 901 1516 1515 
5 900 901 1516 1500 35 
5 300 302 301 617 1289 
5 301 121 950 966 617 
5 676 677 299 701 814 
5 700 701 299 1361 1360 
5 299 677 1033 1241 1361 
6 700 704 1287 1289 300 1360 
5 476 813 704 1287 1105 
6 145 476 1105 966 950 949 
5 301 121 1097 1240 302 
6 300 302 1240 1241 1361 1360 
5 145 476 813 814 676 
5 305 464 1163 1260 971 
4 305 304 303 464 
7 181 306 214 516 1116 1159 472 
5 214 211 1203 1216 306 
5 128 98 102 307 309 
4 309 128 124 1678 
5 308 630 719 1680 1551 
5 102 307 1549 531 97 
6 307 309 1678 1680 1551 1549 
5 308 659 531 1549 1551 
5 308 630 612 658 659 
4 97 531 659 658 
5 571 612 630 719 718 
6 49 694 1386 1374 1621 1622 
5 1155 1228 103 1386 1374 
6 49 51 132 993 1624 1622 
5 861 994 570 1228 1155 
4 132 101 48 51 
6 746 747 782 1353 1352 1330 
5 207 645 1299 1538 1539 
5 746 806 645 1299 1330 
5 310 311 551 1416 1468 
5 1161 1162 1467 1468 310 
5 314 1110 1467 1468 1416 
5 313 194 596 477 312 
6 1173 1174 1194 1610 1607 46 
5 118 117 1162 1467 1475 
5 1161 1162 117 1244 613 
5 310 456 817 1469 1468 
6 456 457 316 613 1161 310 
5 456 457 601 315 817 
5 315 579 1573 662 601 
6 565 579 315 817 1469 1474 
6 316 613 1244 1577 1573 662 
4 316 457 601 662 
5 298 318 454 1412 842 
5 317 318 298 614 573 
5 317 318 454 920 1617 
4 566 567 572 1215 
4 685 888 955 1068 
7 322 319 320 635 634 1689 1690 
5 320 635 1265 1554 1053 
4 319 320 1053 324 
5 23 323 321 1448 539 
6 325 495 1449 1448 321 1565 
5 323 321 1565 1567 142 
5 322 495 1449 1688 1690 
5 325 324 319 322 495 
6 325 324 1053 1554 1567 1565 
5 23 323 142 1266 1031 
4 576 1543 1003 1593 
5 1472 1473 958 1553 1450 
5 1003 1344 1450 1553 1543 
7 1003 1344 1440 1441 740 1592 1593 
5 1344 1440 1463 1472 1450 
6 462 463 799 1415 1406 247 
6 463 576 1543 1553 958 799 
5 247 740 1441 1433 1406 
5 462 463 576 1593 1592 
5 799 958 1473 1459 1415 
6 182 326 250 1115 1160 471 
4 181 306 330 519 
4 329 326 182 520 
5 329 326 250 251 328 
5 328 251 208 209 327 
5 327 330 306 214 209 
6 328 327 330 519 520 329 
6 90 465 1385 1381 1076 671 
6 636 725 745 1212 1675 1674 
5 332 334 691 930 1067 
5 335 331 332 334 333 
4 691 741 951 930 
4 336 337 626 1047 
5 336 337 1233 1014 1013 
6 337 626 698 697 1297 1233 
5 863 987 1014 1233 1297 
5 763 1482 1669 1662 1663 
5 340 338 889 1063 1103 
5 340 1103 1402 1112 1192 
5 340 338 1257 1109 1192 
5 805 889 338 1257 1258 
5 339 620 1063 1103 1402 
5 588 620 339 1580 1581 
5 1112 1192 1109 1575 1572 
5 588 620 1063 889 805 
5 339 1402 1112 1572 1580 
4 342 582 626 698 
6 582 626 1047 1106 786 785 
5 1273 1274 1634 1633 341 
5 494 543 674 126 681 
6 157 155 192 869 870 845 
5 680 681 494 845 157 
5 347 789 854 346 1152 
6 346 854 1326 1325 885 886 
6 774 775 348 893 913 804 
5 345 774 804 827 826 
6 788 789 347 826 827 689 
5 468 689 827 804 913 
6 344 343 1104 1152 346 886 
5 348 344 886 885 893 
5 345 826 347 1152 1104 
4 348 344 343 775 
5 774 775 343 1104 345 
5 150 30 25 475 739 
5 31 349 350 609 683 
5 31 30 150 151 349 
6 151 349 350 352 351 486 
6 199 186 768 506 739 475 
4 351 352 1604 1606 
6 352 350 609 185 1603 1604 
6 351 486 506 768 1605 1606 
5 51 132 131 161 53 
7 161 53 52 591 596 477 160 
5 54 52 591 590 1171 
5 312 477 160 1037 1088 
5 238 313 312 1088 1087 
5 194 9 8 238 313 
4 54 49 1622 1171 
5 563 759 353 1589 1591 
6 556 557 627 1590 1588 1234 
6 353 540 1235 1234 1588 1589 
5 353 540 1015 1040 759 
4 1034 1035 354 1294 
6 540 1015 1321 1294 354 1235 
5 284 557 627 564 819 
6 284 819 497 1321 1294 1034 
6 563 564 819 497 1040 759 
5 354 1035 556 1234 1235 
4 1022 1530 1527 1556 
5 355 1022 1556 1555 1054 
6 355 1022 1530 1519 656 1268 
5 143 766 1519 1530 1527 
6 292 295 1054 1555 566 567 
5 355 1054 295 1267 1268 
5 1420 1421 1582 1581 1576 
6 280 556 1234 1091 1093 1049 
4 258 1091 1234 1588 
6 815 816 258 1091 1093 561 
5 557 627 1579 1583 709 
5 815 816 255 1572 1575 
6 280 709 1583 1582 1421 1049 
6 255 1572 1580 1579 627 1590 
6 356 170 1314 1293 1169 903 
6 489 791 907 908 356 903 
6 791 838 932 776 923 907 
6 290 178 173 624 776 932 
5 168 170 356 908 924 
5 177 287 289 1169 1293 
4 289 489 903 1169 
4 837 838 932 290 
5 168 624 776 923 924 
5 639 640 1615 766 143 
4 61 357 686 533 
6 358 324 1053 1054 355 781 
5 319 320 508 1282 1292 
6 319 324 358 359 1291 1292 
6 507 508 1282 1283 593 592 
6 507 508 320 1053 1054 295 
5 359 42 593 1283 1291 
5 780 781 355 1268 1263 
5 359 42 780 781 358 
5 1136 1157 1285 1436 1445 
4 1136 1139 1180 1445 
6 1136 1139 1363 1377 1187 1157 
5 360 853 1541 1376 1220 
6 203 466 283 1436 1445 1180 
5 360 803 1286 1221 1220 
5 283 466 853 360 803 
5 1157 1187 1221 1286 1285 
5 351 361 583 480 1606 
6 479 584 363 730 1601 777 
6 583 584 363 1319 1303 361 
4 351 361 1303 486 
5 362 364 801 738 616 
5 362 364 730 1601 1602 
4 362 616 769 1602 
5 363 730 364 801 1319 
5 479 480 1606 1605 777 
6 365 467 534 546 1395 1394 
5 195 198 359 42 1341 
5 359 198 871 637 358 
5 365 367 368 237 467 
5 368 237 43 780 781 
4 366 367 365 1394 
6 366 637 871 618 1395 1394 
6 367 368 781 358 637 366 
4 618 883 546 1395 
6 534 546 883 195 1341 1350 
6 369 549 370 762 851 581 
5 369 581 649 918 713 
5 370 762 846 1133 1134 
5 373 371 360 853 530 
5 372 189 1337 530 373 
5 371 141 140 372 373 
5 919 1135 1212 1675 1676 
6 254 256 375 376 299 701 
5 375 256 942 941 246 
5 39 792 374 1360 1361 
4 374 1098 700 1360 
5 40 39 1361 299 376 
6 254 258 1091 1098 700 701 
6 374 792 1092 1093 1091 1098 
6 376 375 246 1021 1020 40 
5 345 379 378 934 826 
6 762 804 827 1128 1188 846 
5 378 646 1189 1129 934 
5 370 377 774 804 762 
4 370 377 1367 1134 
6 345 379 1366 1367 377 774 
5 379 378 646 860 1366 
6 646 860 1133 846 1188 1189 
4 254 701 814 1140 
5 704 705 1099 1098 700 
5 540 541 705 1099 1235 
6 704 705 541 742 604 813 
4 353 969 1080 1589 
5 540 541 742 969 353 
5 604 742 969 1080 1141 
5 21 16 1345 1344 1440 
5 273 20 16 1345 1296 
5 301 121 965 731 491 
5 301 491 1571 1570 617 
6 510 1059 1563 1564 1075 1114 
6 491 731 1154 1075 1564 1571 
5 731 965 1248 1153 1154 
6 236 1113 1153 1248 1578 1574 
4 233 236 1574 822 
6 617 966 1057 1059 1563 1570 
5 94 380 1147 381 96 
5 801 802 1048 1158 364 
5 335 333 809 808 382 
4 336 458 0 1013 
6 336 458 1408 1368 1106 1047 
5 155 152 931 1030 192 
6 974 975 1362 1390 1213 1225 
5 1213 1214 998 1391 1390 
5 762 804 913 914 851 
6 36 623 1077 1078 1614 1613 
5 750 1050 1000 1495 1620 
5 868 926 1495 1000 1320 
4 1478 1614 1078 1628 
5 1019 1050 1000 1320 1339 
6 926 1480 1478 1628 1620 1495 
5 383 27 32 119 811 
5 731 732 383 811 965 
5 349 350 302 1240 1217 
7 302 301 491 746 806 609 350 
6 383 27 684 807 747 732 
6 32 119 1097 1240 1217 33 
4 33 31 349 1217 
5 255 1202 1261 1112 1572 
5 260 384 1193 1262 1201 
5 384 459 1109 1192 1193 
5 260 384 459 941 942 
6 849 850 983 741 951 952 
5 297 849 952 985 1667 
5 296 378 934 983 850 
6 347 691 930 984 1151 1152 
5 379 385 1432 1104 345 
6 379 378 296 484 485 385 
5 385 485 1668 1431 1432 
5 484 485 1668 1667 297 
6 347 691 741 983 934 826 
6 34 240 239 386 1355 749 
6 306 330 582 342 779 1216 
5 327 209 1232 1233 337 
5 327 337 626 582 330 
6 697 698 342 779 1642 1641 
5 232 1203 1216 779 1642 
6 213 232 1642 1641 1298 1219 
4 122 201 200 1650 
5 795 899 1290 1604 1603 
6 187 794 979 744 1301 1302 
6 899 978 1529 1533 1288 1290 
4 387 608 1533 1288 
6 479 480 387 608 1301 1302 
6 387 480 1606 1604 1290 1288 
5 608 1301 744 1529 1533 
4 479 777 187 1302 
5 325 394 391 1647 1565 
5 392 394 325 495 496 
6 388 483 569 393 526 527 
5 389 390 388 483 638 
5 495 496 568 1446 1449 
5 321 389 638 1447 1448 
5 526 527 1645 1647 391 
4 390 388 527 1645 
5 394 391 526 393 392 
6 321 389 390 1645 1647 1565 
5 392 393 569 568 496 
5 473 474 396 873 619 
5 395 805 889 954 841 
5 395 396 474 767 841 
5 197 620 1063 1064 633 
5 197 619 873 588 620 
5 953 1064 633 1082 1083 
5 395 396 873 588 805 
5 767 841 954 953 1083 
5 387 480 583 1099 705 
5 374 361 583 1099 1098 
6 374 361 351 352 300 1360 
5 300 352 1604 1290 1289 
5 704 705 387 1288 1287 
4 334 691 347 789 
5 346 398 798 137 854 
4 397 82 83 1328 
6 397 398 346 1152 1151 82 
7 397 398 798 797 169 1327 1328 
4 167 228 1327 169 
6 139 137 854 789 334 332 
5 139 332 1067 1066 138 
5 123 470 578 1417 1458 
7 551 763 1663 1660 1458 1417 1416 
6 974 975 314 1416 1417 578 
5 399 400 1062 1061 107 
5 401 400 399 1503 1502 
6 107 399 1503 961 970 943 
5 960 961 1503 1502 935 
5 1061 1062 933 1166 106 
5 401 400 1062 933 664 
6 664 933 1166 1141 604 1043 
5 401 664 1043 935 1502 
5 248 460 397 1328 1356 
5 736 751 1356 248 982 
5 261 736 982 740 1441 
5 79 261 736 751 85 
5 1429 1430 1406 1433 84 
4 247 940 1430 1406 
6 397 82 1429 1430 940 460 
7 391 366 1394 1399 1583 1579 526 
6 618 619 873 874 1398 1395 
4 391 366 637 394 
6 392 393 339 620 197 872 
5 392 394 637 871 872 
5 393 339 1580 1579 526 
5 873 874 1582 1581 588 
5 249 250 326 403 402 
5 249 402 478 597 502 
4 311 551 763 1482 
5 372 373 1544 1552 1524 
6 245 308 1551 1552 1524 1566 
6 140 372 1524 1566 1569 134 
5 373 371 737 1550 1544 
5 531 532 1277 1498 659 
6 371 141 648 1277 532 737 
5 245 308 659 1498 1483 
6 135 514 648 1277 1498 1483 
5 817 818 511 1670 456 
5 264 511 818 488 711 
6 817 818 488 1681 1682 315 
5 267 1284 1459 1464 1656 
5 1199 1200 149 1298 1219 
5 381 96 95 1644 1643 
6 836 1002 962 1626 1204 1124 
5 932 933 1062 1069 290 
5 522 523 603 461 1630 
5 257 523 603 602 625 
5 624 625 257 1167 776 
5 404 405 635 320 508 
6 405 406 572 1215 1265 635 
5 406 294 292 567 572 
4 293 404 508 507 
5 293 404 405 406 294 
6 585 586 1148 1147 380 787 
5 407 512 585 787 1026 
5 408 156 157 845 972 
5 158 156 408 47 1254 
6 408 47 1259 1260 971 972 
6 317 410 411 672 1618 1617 
5 409 412 410 317 573 
6 275 492 866 865 1332 1331 
5 275 607 1027 1329 1331 
5 607 916 787 1026 1027 
5 1026 1027 1329 1439 407 
6 407 512 413 1164 1438 1439 
5 113 413 1164 663 517 
5 663 865 1332 1438 1164 
5 585 787 916 1305 1070 
5 113 413 512 585 1070 
4 518 866 492 1279 
6 766 1519 1524 1566 1616 1615 
5 245 308 630 499 784 
5 279 640 1615 1616 783 
6 639 640 279 1525 1526 127 
5 499 630 719 1526 1525 
5 414 93 857 858 415 
6 91 93 414 773 1242 1243 
5 74 594 1137 926 1480 
5 802 868 926 1137 1048 
6 26 28 1460 61 357 278 
6 278 357 686 685 888 887 
5 150 30 28 1460 1471 
6 416 586 877 1250 1251 615 
6 414 93 1375 1387 113 413 
5 114 1207 1269 1375 1387 
5 416 615 1207 114 1126 
6 615 1207 1269 91 1243 1251 
5 414 413 512 878 773 
5 585 586 416 1126 1070 
5 230 76 80 417 706 
5 636 725 721 952 849 
5 80 417 1135 919 1664 
6 919 1664 1667 297 1673 1676 
5 417 706 745 1212 1135 
5 249 252 159 153 402 
5 193 591 52 1236 1206 
6 55 165 159 252 1452 1237 
4 53 55 165 161 
5 153 402 478 477 160 
4 193 503 1451 1206 
4 275 562 717 1331 
5 1175 1176 761 1476 1324 
6 338 418 1428 1430 940 1257 
5 340 338 418 343 344 
5 340 344 886 1193 1192 
5 384 398 346 886 1193 
5 397 398 384 459 460 
5 343 418 1428 1432 1104 
5 399 400 1359 1208 598 
5 210 948 1085 1205 1005 
5 107 399 598 947 1086 
5 400 1062 1069 1358 1359 
4 899 978 992 1300 
4 1058 1059 1563 71 
6 1289 1290 899 1300 1570 617 
6 309 1646 1648 1568 1677 1678 
6 309 128 653 390 1645 1646 
5 389 390 653 681 494 
5 321 389 494 543 323 
5 323 142 125 674 543 
7 377 419 536 1513 1512 1378 1367 
5 377 419 550 549 370 
4 421 1179 1371 1365 
4 420 536 419 550 
5 1406 1415 1518 1428 1430 
6 385 263 1517 1518 1428 1432 
4 385 263 675 485 
6 485 675 629 1659 1665 1668 
5 669 786 1106 1368 1373 
6 327 337 336 458 560 328 
5 330 519 733 785 582 
6 329 520 988 1372 1409 559 
4 329 328 560 559 
5 423 422 1296 273 272 
5 968 1120 1003 1593 1595 
6 880 959 1120 1003 1543 1542 
6 286 538 1413 750 1620 1619 
5 1077 1078 959 1120 968 
6 879 880 959 1078 1628 1627 
5 286 538 577 234 606 
5 576 577 234 1542 1543 
6 576 577 538 1413 1595 1593 
5 425 547 1195 764 765 
6 425 64 65 277 424 547 
4 242 244 1246 1182 
6 242 1172 1195 764 1181 1182 
5 424 243 1172 1195 547 
4 424 243 241 277 
5 764 765 63 770 1181 
4 425 64 63 765 
4 548 558 1046 632 
5 412 423 272 271 409 
6 1222 1223 285 1425 1424 922 
5 179 699 1281 1425 1424 
5 605 661 285 1223 1230 
6 660 661 605 1168 1169 289 
6 921 922 1222 1231 1414 1422 
5 286 538 874 1398 1323 
5 538 577 396 873 874 
6 396 474 1176 1175 234 577 
5 546 1395 1398 1323 1477 
6 883 884 761 1476 1477 546 
5 473 474 1176 761 884 
6 277 424 219 665 581 649 
4 425 215 218 547 
5 221 66 843 844 224 
5 215 221 66 64 425 
4 218 219 424 547 
4 217 369 581 665 
5 217 369 713 844 224 
6 1437 1438 1332 1507 1587 1586 
5 426 253 678 1492 1684 
6 427 426 1684 1683 1488 1393 
6 401 664 1481 1488 1393 1392 
5 426 253 487 821 427 
5 401 1392 894 1506 1502 
5 935 1382 944 1506 1502 
5 427 821 894 1392 1393 
6 196 1009 1012 628 1236 1206 
6 54 628 1012 415 858 1171 
5 58 133 1018 382 808 
6 364 730 1238 1285 1157 1158 
6 1238 1239 428 1596 1601 730 
5 164 291 403 402 153 
4 314 975 1362 1110 
5 261 18 17 900 736 
4 331 332 139 1252 
6 202 180 166 825 1191 1132 
5 392 496 1065 1101 872 
5 393 339 1402 1403 569 
5 568 569 1403 1118 824 
5 1063 1064 891 1119 1103 
6 890 891 1064 633 1101 1065 
5 496 568 824 890 1065 
6 6 594 1137 1136 1139 1138 
5 430 432 1403 1118 587 
6 225 431 433 434 430 587 
4 568 824 226 1446 
5 432 429 483 569 1403 
5 429 434 433 638 483 
5 225 431 1447 1446 226 
4 434 430 432 429 
4 431 433 638 1447 
5 55 165 555 435 56 
5 436 162 555 435 760 
5 56 435 760 1041 50 
5 100 654 436 760 1041 
4 436 162 595 654 
6 676 814 1140 1167 776 923 
5 145 144 1491 1044 476 
5 476 813 604 1043 1044 
5 144 907 791 1493 1491 
5 932 933 664 1481 838 
6 366 367 437 1648 1647 391 
4 437 367 368 929 
5 325 394 637 358 324 
5 368 781 355 1022 929 
6 437 929 1022 1556 1568 1648 
5 395 396 577 576 463 
5 395 463 799 800 841 
5 89 411 410 1484 1039 
6 235 528 909 1039 1484 1485 
6 412 423 422 1485 1484 410 
6 668 855 866 492 1528 1534 
5 521 865 1332 1507 1501 
5 521 856 961 1503 1501 
6 935 960 668 1534 1347 1382 
5 333 334 789 788 809 
4 505 904 1454 1585 
6 401 400 1359 1371 1365 1392 
6 1453 1454 1585 1587 1507 1501 
5 399 598 1453 1501 1503 
6 421 504 1149 894 1392 1365 
6 504 505 904 1209 1179 421 
6 310 311 1482 1669 1670 456 
6 1136 1137 926 1495 1487 1445 
4 363 657 1238 730 
6 363 657 999 1000 1320 1319 
5 89 90 671 672 411 
5 438 303 304 24 882 
5 438 542 715 881 882 
5 379 385 263 1379 1366 
6 389 494 845 972 433 638 
5 429 440 439 388 483 
6 439 436 654 653 390 388 
5 440 439 436 162 163 
6 156 163 440 429 434 408 
4 433 434 408 972 
4 671 672 1618 1076 
5 19 16 1345 1121 902 
6 409 271 14 15 614 573 
5 317 410 1484 1490 318 
6 298 318 1490 1489 1121 902 
6 422 1296 1345 1121 1489 1485 
5 13 12 1315 1423 1653 
5 1042 1407 1417 1458 1462 
6 356 170 753 578 1417 1407 
4 356 903 1042 1407 
5 444 443 442 1214 1213 
5 171 444 1213 1225 754 
5 191 529 442 1214 1183 
5 443 442 529 1357 441 
5 444 443 441 172 171 
5 172 441 1357 1327 169 
4 1120 1121 1489 959 
5 235 880 959 1489 1485 
4 300 302 350 352 
4 491 746 1330 1571 
6 645 682 795 899 1300 1299 
5 1147 1148 445 1643 381 
5 794 979 757 1150 1144 
5 756 757 1150 1419 1404 
4 1211 1364 1393 1488 
5 102 307 820 819 497 
5 446 820 307 1549 1550 
5 446 281 692 737 1550 
6 531 532 515 1295 1322 97 
5 284 281 446 820 819 
5 515 892 1034 1294 1295 
5 515 532 737 692 892 
5 269 501 605 661 1125 
5 137 854 1326 1143 1142 
5 58 133 1143 1326 1255 
6 382 335 331 1252 1313 1018 
6 419 550 723 722 348 775 
5 217 369 549 550 723 
4 348 722 1310 893 
5 581 665 1309 914 851 
4 377 419 775 774 
5 67 63 765 542 715 
6 322 495 496 1065 1426 1443 
5 322 319 1292 1011 1443 
4 359 198 1007 1291 
5 1010 1011 1443 1426 1102 
6 223 218 547 1195 1194 1174 
5 1173 1174 223 1334 1227 
6 424 219 1335 1165 1311 243 
5 371 360 803 692 737 
6 368 237 530 373 1544 929 
5 365 282 283 466 467 
5 446 437 929 1544 1550 
6 446 281 282 365 367 437 
5 372 189 656 1519 1524 
7 304 24 539 1448 1447 431 305 
5 431 433 972 971 305 
6 202 180 1423 1653 1650 200 
5 515 673 1032 1342 1295 
4 772 928 1343 1051 
6 658 659 1498 1499 898 104 
4 99 104 898 1023 
5 356 908 1474 1469 1407 
5 148 444 1213 1390 1060 
5 171 168 924 148 444 
5 318 454 1611 1612 1490 
5 1038 1039 1484 1490 1612 
5 418 537 1509 1518 1428 
6 343 418 537 536 419 775 
4 536 537 1509 1513 
5 149 743 174 840 1200 
6 1014 1170 1205 1005 1232 1233 
5 94 380 787 916 915 
5 225 216 464 305 431 
5 216 223 1174 1163 464 
4 430 580 1304 587 
6 408 47 695 580 430 434 
5 890 911 1427 1426 1065 
5 447 735 891 1064 953 
6 759 760 435 970 969 353 
5 554 555 435 970 943 
5 439 436 760 759 563 
5 440 439 563 1591 259 
5 440 163 105 109 259 
5 34 32 119 120 240 
5 374 361 1303 1340 792 
5 354 584 363 657 1035 
5 999 1000 1050 1049 280 
5 583 584 354 1235 1099 
5 448 227 911 1427 1444 
5 1443 1444 448 1690 322 
5 222 226 1446 1449 1688 
5 448 227 222 1688 1690 
5 414 415 1012 1164 413 
4 628 663 1164 1012 
5 35 900 736 982 981 
4 74 5 6 594 
5 338 418 537 954 889 
5 420 447 735 723 550 
6 340 344 348 722 1119 1103 
6 420 447 953 954 537 536 
4 445 416 586 1148 
5 438 220 216 464 303 
6 425 215 220 438 542 765 
7 354 584 479 1302 1342 1295 1294 
5 387 608 875 541 705 
5 446 437 1648 1646 820 
4 307 309 1646 820 
6 1084 1150 757 1275 1455 1456 
5 187 716 1032 1342 1302 
6 716 1032 1198 1196 1055 1056 
5 515 673 428 1239 892 
5 462 463 395 805 1258 
5 800 841 954 537 1509 
6 33 749 1355 1369 1218 1217 
5 28 748 957 1466 1460 
6 41 151 349 1217 1218 38 
4 38 1218 1369 1523 
6 527 564 819 820 1646 1645 
5 439 388 527 564 563 
5 329 326 403 291 559 
6 147 450 1369 1218 1241 1033 
5 449 450 147 1072 973 
5 386 449 973 1090 239 
5 449 450 1369 1355 386 
6 432 429 440 259 1202 1261 
5 526 527 564 627 1579 
5 1112 1261 432 1403 1402 
5 541 742 960 668 875 
5 668 875 608 1533 1534 
5 898 1499 1600 1638 1633 
5 115 341 1633 898 1023 
6 678 822 1574 1573 579 1492 
5 315 579 1492 1684 1682 
5 95 1008 1306 1127 1644 
5 448 1276 544 1689 1690 
6 328 251 948 1085 553 560 
5 252 159 111 1086 947 
5 451 442 529 752 876 
5 451 442 1214 998 997 
5 144 565 579 1492 1491 
6 221 66 1178 1276 448 227 
6 122 201 631 632 1046 1045 
5 449 973 1391 998 997 
5 973 1072 1060 1390 1391 
6 445 416 1126 1127 1644 1643 
4 69 622 1075 1564 
5 428 673 1032 716 1596 
5 538 874 1582 1421 1413 
5 56 435 970 961 856 
5 668 855 666 1052 875 
5 493 707 1598 1639 1635 
6 104 898 1633 1634 1081 1229 
5 493 852 1081 1634 1635 
6 499 630 612 1229 1081 852 
5 521 1237 1452 1453 1501 
6 196 1206 1451 1454 1585 1584 
6 959 1078 1614 1612 1490 1489 
5 990 1186 1627 1628 1478 
5 1081 1156 1270 1274 1634 
5 115 341 1273 1207 114 
5 1180 1445 1487 1486 1511 
5 365 282 1333 1399 1394 
5 534 546 1477 1508 1397 
5 3 574 1143 1326 1325 
5 40 376 452 453 1514 
5 39 38 1218 1241 1361 
5 299 376 452 146 677 
5 453 450 1369 1523 1514 
5 453 450 147 146 452 
6 108 1 2 524 1262 1201 
6 260 384 398 798 603 523 
5 885 886 1193 1262 524 
6 67 715 881 544 1276 1178 
6 438 220 222 1688 1687 882 
5 453 451 997 449 450 
5 452 453 451 442 443 
5 146 148 444 443 452 
5 732 747 782 939 906 
6 375 256 257 625 172 441 
6 246 248 1356 1357 441 375 
5 375 441 443 452 376 
6 430 432 1261 1262 524 580 
4 709 1333 1399 1583 
6 453 451 876 901 1516 1514 
5 869 870 971 1260 897 
5 454 920 1380 1384 1611 
5 673 1032 1198 1249 1278 
5 1055 1056 1144 1150 1084 
5 643 644 684 683 455 
6 837 838 1481 1488 1211 1210 
5 506 738 616 769 768 
5 559 560 458 1408 1409 
5 459 460 940 1257 1109 
5 468 469 575 914 913 
4 471 472 1159 1160 
5 473 474 767 1083 1082 
5 475 739 831 1068 955 
5 476 1044 1383 1346 1105 
5 945 946 904 1209 1131 
5 1527 1556 1568 1677 1679 
5 515 532 1277 1278 673 
4 477 478 597 596 
4 479 480 583 584 
5 1398 1399 1583 1582 874 
5 481 482 647 1562 1561 
6 568 569 483 638 1447 1446 
5 988 989 669 1373 1372 
5 631 632 548 1191 1132 
5 744 1280 928 1343 1301 
6 950 966 1057 822 1574 1578 
5 487 821 894 1506 944 
5 488 489 903 1042 818 
5 655 656 1268 1267 490 
5 731 732 747 746 491 
6 1279 1280 744 1529 1528 492 
5 1044 1383 678 1492 1491 
6 498 695 1227 1226 937 1107 
5 643 644 727 726 500 
5 501 605 1168 1462 1461 
5 817 818 1042 1407 1469 
5 604 742 960 935 1043 
4 502 503 996 995 
5 1448 1449 1688 1687 539 
5 504 505 1585 1587 1149 
5 506 738 980 831 739 
6 1043 1044 1491 1493 1481 664 
5 509 510 1059 1058 812 
5 801 802 734 980 738 
5 862 863 987 1637 1640 
5 511 818 1042 1462 1461 
5 585 586 877 878 512 
4 842 1412 1405 1505 
4 925 1347 1534 1528 
5 519 520 988 989 733 
6 628 663 865 521 1237 1236 
5 528 909 1074 1434 1435 
5 751 752 529 1357 1356 
6 530 853 1541 1536 1336 1337 
5 1051 1322 1295 1342 1343 
5 531 532 737 1550 1549 
5 540 541 875 1052 1015 
5 881 882 1687 1689 544 
5 575 914 1309 1335 1165 
5 1020 1021 561 1093 1092 
5 605 1168 1414 1231 1230 
5 679 835 1272 1271 1100 
4 562 812 1058 925 
5 563 564 627 1590 1591 
5 957 1354 1522 1465 1466 
5 565 579 1573 1577 670 
5 570 571 612 1229 1228 
5 580 695 1227 1334 1304 
5 588 805 1258 1576 1581 
5 653 654 595 680 681 
5 799 800 1509 1518 1415 
4 602 603 798 797 
5 813 814 1140 1141 604 
6 608 875 1052 1051 1343 1301 
5 700 701 814 813 704 
5 949 950 1578 1577 670 
5 683 684 807 806 609 
5 722 723 735 891 1119 
5 617 966 1105 1287 1289 
5 651 688 793 1632 1631 
5 622 755 905 1154 1075 
5 731 732 906 905 1154 
5 634 635 1265 1266 1031 
6 1034 1035 657 1238 1239 892 
5 771 772 1051 1052 666 
5 667 690 1312 1313 1018 
6 836 840 1200 1199 1006 1124 
5 855 856 961 960 668 
5 785 786 669 989 733 
5 678 822 1057 1346 1383 
5 692 803 1286 1239 892 
5 699 840 1200 1389 1281 
5 720 721 952 951 708 
5 938 939 782 1353 1349 
5 843 844 713 918 917 
6 717 944 1506 1507 1332 1331 
6 945 946 996 995 1115 1116 
5 890 891 735 912 911 
6 751 752 876 901 900 736 
5 981 982 740 1592 1594 
5 903 1042 1462 1168 1169 
5 960 961 970 969 742 
5 864 1017 1100 1271 1177 
4 746 747 807 806 
5 748 749 1355 1354 957 
5 1077 1078 1628 1620 750 
5 756 757 1275 1306 1008 
5 905 906 939 938 755 
4 759 760 1041 1040 
5 1181 1182 1246 1245 770 
5 877 878 773 1242 1250 
5 932 933 1166 1167 776 
5 1036 1037 1088 1087 790 
5 788 789 854 1326 1255 
4 791 838 1481 1493 
5 794 795 899 978 979 
6 898 1023 1197 1198 1249 1499 
5 976 977 796 1037 1036 
4 845 870 971 972 
5 810 811 965 1248 1247 
4 815 816 942 941 
5 890 891 1119 1118 824 
5 1066 1067 1190 1191 825 
5 826 827 1128 1129 934 
5 830 1025 1396 1410 1338 
5 834 835 1259 1260 897 
5 857 858 1171 1622 1621 
5 1133 1134 1367 1366 860 
5 993 994 861 1623 1624 
4 862 863 895 896 
5 867 868 926 1480 1479 
5 1061 1062 1069 1124 1204 
5 953 954 889 1063 1064 
5 913 914 1309 1310 893 
5 894 1149 1587 1507 1506 
5 967 968 1120 1121 902 
4 907 908 924 923 
5 1038 1039 909 1074 1073 
5 915 916 1305 1306 1008 
6 1380 1381 1076 1618 1617 920 
6 1197 1198 1032 1342 1343 928 
6 1058 1059 1057 1346 1347 925 
5 929 1022 1530 1552 1544 
5 951 952 985 984 930 
5 1043 1044 1383 1382 935 
6 1155 1156 1270 1269 1375 1374 
4 936 937 1107 1108 
6 1110 1362 1390 1060 1475 1467 
5 969 970 943 1079 1080 
4 947 948 1085 1086 
4 962 963 1001 1002 
4 966 1057 1346 1105 
5 1071 1072 973 1090 1089 
6 1013 1014 987 1637 1636 1122 
5 1073 1074 1434 1186 990 
5 999 1000 1495 1487 1442 
5 1120 1121 1345 1344 1003 
5 1005 1006 1124 1204 1205 
5 1010 1011 1292 1291 1007 
5 1009 1012 1164 1438 1437 
5 1051 1052 1015 1321 1322 
5 1049 1050 1019 1092 1093 
4 1101 1102 1426 1065 
5 1199 1200 1389 1388 1024 
5 1096 1097 1240 1241 1033 
5 1184 1185 1179 1209 1131 
5 1136 1137 1048 1158 1157 
4 1053 1054 1555 1554 
5 1126 1127 1306 1305 1070 
5 1113 1114 1075 1154 1153 
5 1155 1156 1081 1229 1228 
7 1287 1288 1533 1534 1347 1346 1105 
5 1098 1099 1235 1234 1091 
5 1118 1119 1103 1402 1403 
5 1151 1152 1104 1432 1431 
5 1257 1258 1576 1575 1109 
5 1192 1193 1262 1261 1112 
4 1115 1116 1159 1160 
4 1128 1129 1189 1188 
5 1138 1139 1180 1511 1510 
4 1140 1141 1166 1167 
5 1144 1145 1418 1419 1150 
6 1210 1211 1364 1365 1371 1370 
5 1173 1174 1163 1260 1259 
5 1226 1227 1334 1335 1165 
5 1168 1169 1293 1422 1414 
5 1204 1205 1170 1625 1626 
5 1194 1195 1172 1609 1610 
5 1253 1254 1272 1271 1177 
5 1208 1209 1179 1371 1359 
5 1213 1214 1183 1224 1225 
5 1220 1221 1187 1377 1376 
5 1197 1198 1196 1456 1455 
4 1201 1202 1261 1262 
5 1236 1237 1452 1451 1206 
5 1269 1270 1274 1273 1207 
4 1217 1218 1241 1240 
5 1232 1233 1297 1298 1219 
4 1222 1223 1230 1231 
4 1242 1243 1251 1250 
4 1238 1239 1286 1285 
5 1247 1248 1578 1577 1244 
5 1277 1278 1249 1499 1498 
5 1312 1313 1252 1557 1558 
4 1255 1256 1325 1326 
4 1263 1264 1267 1268 
5 1284 1459 1415 1518 1517 
5 1279 1280 1275 1306 1305 
5 1307 1308 1388 1389 1281 
4 1282 1283 1291 1292 
4 1287 1288 1290 1289 
5 1314 1315 1423 1422 1293 
4 1294 1295 1322 1321 
5 1299 1300 1570 1571 1330 
4 1301 1302 1342 1343 
5 1319 1320 1339 1340 1303 
5 1309 1310 1304 1334 1335 
4 1316 1317 1336 1337 
7 1398 1399 1333 1442 1487 1486 1323 
4 1327 1328 1356 1357 
5 1331 1332 1438 1439 1329 
4 1346 1347 1382 1383 
4 1348 1349 1353 1352 
5 1354 1355 1369 1523 1522 
4 1358 1359 1371 1370 
4 1374 1375 1387 1386 
5 1376 1377 1363 1540 1541 
4 1364 1365 1392 1393 
4 1366 1367 1378 1379 
5 1372 1373 1368 1408 1409 
4 1380 1381 1385 1384 
4 1394 1395 1398 1399 
5 1400 1401 1532 1508 1397 
5 1418 1419 1404 1547 1548 
5 1411 1412 1405 1465 1466 
5 1406 1415 1459 1464 1433 
5 1416 1417 1407 1469 1468 
5 1420 1421 1413 1595 1594 
5 1422 1423 1653 1652 1414 
4 1426 1427 1444 1443 
5 1429 1430 1428 1432 1431 
5 1440 1441 1433 1464 1463 
4 1436 1442 1487 1445 
4 1446 1447 1448 1449 
4 1451 1452 1453 1454 
5 1461 1462 1458 1660 1661 
5 1463 1464 1459 1473 1472 
5 1465 1466 1460 1471 1470 
5 1468 1469 1474 1475 1467 
5 1479 1480 1478 1614 1613 
4 1481 1488 1683 1493 
5 1498 1499 1600 1599 1483 
4 1484 1485 1489 1490 
5 1486 1487 1495 1620 1619 
5 1491 1492 1684 1683 1493 
5 1496 1497 1494 1671 1672 
5 1504 1505 1515 1516 1500 
5 1502 1503 1501 1507 1506 
5 1510 1511 1508 1532 1531 
5 1512 1513 1509 1518 1517 
5 1515 1516 1514 1523 1522 
4 1519 1524 1552 1530 
6 1527 1530 1552 1551 1680 1679 
4 1528 1529 1533 1534 
4 1535 1536 1541 1540 
5 1538 1539 1548 1547 1537 
5 1549 1550 1544 1552 1551 
5 1555 1556 1568 1567 1554 
4 1557 1558 1559 1560 
4 1563 1564 1571 1570 
5 1567 1568 1648 1647 1565 
5 1575 1576 1581 1580 1572 
4 1573 1574 1578 1577 
5 1580 1581 1582 1583 1579 
4 1584 1585 1587 1586 
4 1588 1589 1591 1590 
4 1592 1593 1595 1594 
5 1599 1600 1638 1639 1598 
4 1596 1597 1602 1601 
4 1603 1604 1606 1605 
4 1607 1608 1609 1610 
4 1611 1612 1614 1613 
4 1619 1620 1628 1627 
4 1621 1622 1624 1623 
4 1625 1626 1630 1629 
5 1634 1635 1639 1638 1633 
4 1645 1646 1648 1647 
5 1658 1659 1656 1672 1671 
5 1658 1659 1665 1666 1657 
4 1660 1661 1662 1663 
5 1665 1666 1664 1667 1668 
4 1673 1674 1675 1676 
4 1677 1678 1680 1679 
4 1681 1682 1684 1683 
4 1687 1688 1690 1689 
CELL_DATA 1609
SCALARS scalar_1 double
LOOKUP_TABLE default
    5.238592
    5.224893
    5.216406
    5.213827
    5.196481
    5.216311
    5.201101
    5.233559
    5.226574
    5.260462
    5.192747
    5.193031
    5.204213
    5.216311
    5.204312
    4.254631
    5.203800
    4.299568
    4.242282
    5.202538
    5.244200
    5.229265
    5.202542
    5.225193
    5.196755
    4.258810
    5.212744
    4.280647
    5.209334
    4.278977
    4.238432
    5.191845
    5.207778
    4.258947
    4.281134
    4.269583
    4.278978
    5.215583
    5.197398
    5.209334
    5.186851
    5.204041
    5.234314
    4.258810
    4.269844
    5.197612
    4.269844
    5.205065
    5.197612
    5.201591
    5.230962
    4.239522
    4.240805
    4.269583
    5.234314
    4.246057
    5.218517
    4.271007
    5.186999
    4.249349
    5.180603
    5.197052
    5.216406
    4.276779
    5.204213
    5.182487
    4.262877
    5.203911
    5.200948
    5.238592
    4.299089
    4.291895
    5.192038
    5.172997
    5.227527
    4.255923
    5.216319
    5.191021
    4.299568
    4.271190
    5.199805
    5.206693
    4.297032
    4.258810
    5.225445
    5.224893
    5.198230
    5.206503
    5.197723
    5.196336
    5.218869
    5.197612
    5.203800
    4.269844
    5.201591
    5.179106
    4.258947
    5.192794
    5.180321
    5.192822
    5.223912
    4.267485
    5.193447
    5.218992
    5.188857
    4.272630
    5.223944
    5.183233
    5.204490
    5.177964
    5.204638
    5.184876
    5.203352
    5.212187
    5.231100
    5.179106
    5.206503
    4.254631
    5.204696
    5.223912
    5.196505
    5.244200
    5.204238
    4.285232
    4.270496
    4.311248
    5.229789
    5.188649
    5.212744
    4.267420
    4.302644
    5.248002
    4.271253
    5.231103
    5.193447
    5.212187
    5.262528
    5.192648
    5.208144
    5.191021
    5.172997
    5.192262
    5.228821
    5.198776
    5.213639
    5.204638
    5.223944
    5.179597
    5.210904
    4.265246
    5.213568
    4.271190
    4.255923
    5.219329
    5.172997
    5.210750
    4.292534
    4.297032
    4.282932
    4.272628
    5.260462
    5.000000
    5.237964
    5.204846
    5.238592
    5.196481
    5.250222
    5.219653
    5.216319
    5.198933
    5.194930
    5.216311
    5.179242
    4.299089
    5.198695
    5.191021
    5.203883
    5.213568
    5.208144
    4.282932
    5.172997
    5.205410
    5.192038
    5.192262
    4.265832
    4.267009
    5.202327
    5.196445
    5.218329
    5.220156
    5.198776
    5.207778
    4.281134
    5.196755
    4.260440
    5.202542
    4.270498
    4.265246
    5.215549
    4.292534
    4.265246
    5.210750
    4.270498
    5.204484
    4.299568
    5.237964
    5.228821
    4.241613
    5.192262
    5.204927
    4.255923
    5.172997
    5.197054
    5.192747
    5.198230
    5.191247
    5.233559
    5.200321
    4.247078
    5.260462
    5.250222
    5.222229
    5.200948
    5.198230
    5.250222
    4.247078
    5.204084
    5.225193
    5.260462
    5.214907
    4.311248
    5.200948
    5.224893
    5.222229
    4.232375
    5.215549
    4.278977
    4.270498
    5.238592
    5.192747
    5.260462
    5.225059
    5.225445
    5.195418
    5.222106
    4.240805
    5.220156
    4.281134
    5.186370
    4.267009
    5.229265
    5.223005
    5.202327
    5.197504
    5.233559
    5.198695
    5.202656
    5.206503
    4.258947
    4.269583
    5.191845
    5.187567
    4.269844
    5.197782
    5.179106
    4.246057
    5.204213
    5.216311
    5.231874
    5.198933
    5.206693
    4.265153
    5.204484
    5.212826
    4.255923
    5.238592
    5.216319
    4.299568
    5.204846
    5.214907
    5.196755
    4.284844
    5.202542
    5.204084
    5.235274
    4.311248
    5.244200
    5.250222
    5.202538
    5.223005
    5.229265
    5.214907
    5.233559
    5.187415
    5.250222
    5.183990
    4.259535
    5.187959
    5.199747
    5.233559
    4.284844
    5.209704
    5.204084
    5.196755
    5.196908
    4.258156
    5.179415
    5.198695
    4.280703
    5.190827
    5.191845
    5.178512
    5.187567
    5.200321
    5.183990
    5.204638
    5.199422
    5.205857
    4.249349
    5.201135
    5.220264
    4.309176
    5.209792
    5.232436
    5.204733
    4.274748
    4.270496
    5.244200
    5.204213
    5.202538
    5.206693
    4.299568
    5.197052
    5.196112
    4.260588
    5.208077
    5.205296
    5.175443
    5.194528
    5.179415
    5.191845
    5.196755
    4.258947
    5.198182
    5.188965
    5.232436
    5.216362
    5.186999
    5.204490
    5.192374
    5.197908
    5.194259
    5.187959
    5.183233
    4.258156
    5.191845
    4.244319
    4.280703
    5.183990
    5.204638
    5.196481
    5.196908
    5.216683
    5.194930
    5.209704
    5.233559
    4.257571
    5.197641
    5.202656
    5.215211
    5.183033
    5.208705
    5.192822
    5.192794
    5.187076
    4.238432
    5.203911
    5.197694
    5.222518
    5.200948
    5.225059
    5.166293
    5.192423
    5.219102
    4.255875
    4.270496
    5.202538
    5.204238
    4.256350
    4.311248
    5.200180
    4.285232
    5.207353
    5.196755
    5.192290
    5.204238
    5.202656
    5.193277
    5.218329
    5.196112
    5.204696
    5.186851
    5.198182
    5.197052
    5.199094
    5.186233
    5.188965
    5.194259
    5.232436
    4.249349
    4.299568
    4.281134
    5.200948
    5.180321
    5.210904
    5.215549
    5.222229
    4.258063
    5.193048
    5.201458
    4.267420
    5.235274
    5.234314
    5.218517
    5.215583
    5.210731
    5.206693
    5.198933
    5.232846
    5.196908
    5.208705
    5.194930
    5.196481
    5.194908
    5.216319
    5.224145
    5.213850
    4.247596
    4.286178
    5.219851
    5.228095
    4.291895
    5.218329
    5.201458
    5.219553
    5.215583
    5.223005
    5.235274
    5.218517
    5.219653
    5.204846
    5.250222
    5.238592
    5.260462
    4.266176
    5.213673
    5.197221
    5.226172
    4.302644
    5.248002
    5.224729
    5.188649
    5.209334
    4.267420
    4.271253
    5.248002
    4.280262
    4.241483
    5.205535
    4.280647
    5.192645
    5.215857
    5.158138
    5.187959
    5.170936
    5.202542
    5.199184
    5.199747
    5.204638
    5.186638
    4.241483
    5.248002
    4.272630
    5.188857
    5.198695
    5.204638
    4.299089
    4.291895
    4.247596
    5.178512
    5.204490
    5.180321
    5.192794
    4.258947
    5.215549
    5.210904
    5.215583
    5.204041
    5.230962
    5.186233
    4.272628
    5.197782
    5.202857
    5.198182
    5.188965
    5.219329
    5.205535
    5.199747
    4.241483
    4.254631
    5.204041
    5.198182
    5.196112
    5.204696
    5.186851
    4.257571
    5.209704
    5.199747
    4.284844
    4.241483
    5.195418
    5.224729
    5.215211
    5.202394
    4.284844
    5.199747
    5.198288
    5.194930
    5.215211
    5.250222
    4.257571
    5.189789
    5.201101
    4.265153
    5.198933
    5.231874
    5.204213
    5.196481
    5.238592
    5.202538
    4.271253
    4.285232
    4.270576
    5.188649
    4.267420
    4.311248
    5.180603
    4.232375
    4.258947
    5.229789
    5.204238
    5.209334
    5.188649
    4.234298
    4.280647
    5.197612
    5.196336
    5.200263
    5.209574
    5.234314
    4.258156
    5.218329
    5.223005
    5.218517
    4.240805
    5.170273
    4.272442
    5.197504
    5.207778
    4.246057
    5.222106
    5.203911
    4.238432
    5.196908
    5.202656
    5.210750
    4.270498
    5.215549
    4.272628
    4.249260
    5.222229
    5.210904
    5.213568
    5.228821
    5.191021
    4.282932
    4.299568
    5.228821
    4.255923
    5.193447
    5.204638
    4.258156
    5.186638
    5.202327
    5.229265
    4.299568
    5.200948
    4.267009
    4.265832
    5.186638
    5.190951
    5.224729
    5.219851
    5.195418
    4.280587
    5.197221
    5.197612
    4.280647
    5.212187
    4.232375
    4.258947
    5.239450
    4.232375
    5.180603
    5.202294
    4.279804
    4.270498
    4.255875
    5.194528
    5.191886
    5.200263
    5.186851
    5.219851
    5.175907
    5.209334
    5.197221
    5.193048
    5.213850
    4.267420
    4.258063
    5.202394
    5.232846
    5.201802
    5.189789
    5.198933
    5.196481
    5.202656
    5.214477
    5.212187
    5.204238
    4.311248
    5.198230
    5.229789
    5.214477
    5.196481
    5.202656
    5.233559
    5.186638
    4.279625
    5.225059
    5.231103
    5.193048
    4.260588
    5.208077
    5.201458
    5.175443
    5.219553
    5.202656
    5.214477
    4.282932
    4.270498
    5.204213
    5.212826
    4.311248
    5.260462
    5.197694
    5.190680
    5.183840
    5.216362
    5.231103
    5.225059
    5.229789
    4.279625
    4.280262
    4.258947
    5.207778
    4.269583
    4.246057
    4.280703
    5.170273
    4.258156
    5.187567
    4.255923
    5.206693
    5.199805
    4.265153
    4.267009
    4.265832
    5.191021
    5.204846
    5.215583
    4.266176
    4.271190
    5.199422
    5.195074
    5.202857
    4.272628
    5.210750
    5.230962
    4.249260
    5.191886
    4.249349
    5.215549
    4.232375
    5.180603
    4.258063
    5.230962
    4.266176
    5.218517
    5.202857
    5.201458
    5.204041
    5.219553
    5.202542
    5.195418
    5.222106
    5.250222
    5.229265
    5.199747
    4.241483
    5.198288
    5.223005
    5.215549
    4.258947
    5.191886
    5.239450
    5.194528
    5.192648
    4.232375
    5.192782
    4.249349
    5.197052
    5.197782
    4.254631
    5.192374
    4.274748
    5.198182
    5.207837
    5.186233
    5.197054
    5.170273
    5.199422
    5.230962
    4.246057
    4.243228
    5.197054
    5.190827
    5.197782
    5.178512
    5.198182
    5.192782
    5.194528
    5.186233
    4.249349
    5.202857
    5.208077
    5.191886
    5.196112
    5.199094
    5.197694
    5.192794
    5.190680
    5.186233
    4.249349
    5.222229
    5.204238
    5.223005
    5.235274
    4.246057
    5.170273
    4.240805
    4.266176
    5.230962
    5.234314
    5.229789
    5.216362
    5.184876
    5.197694
    5.215211
    4.280262
    5.195654
    5.197908
    5.223005
    5.170273
    5.195074
    4.272442
    5.204846
    4.271190
    5.219653
    5.209334
    4.280647
    5.207778
    4.258156
    4.272630
    5.193447
    5.212280
    4.280587
    5.219851
    5.188857
    5.179597
    5.197782
    5.198230
    5.196481
    5.214477
    5.204213
    5.229265
    5.186370
    5.197694
    5.197612
    5.204041
    5.197782
    5.204696
    5.230962
    4.254631
    5.198776
    5.212280
    4.246057
    4.258156
    4.244319
    4.281134
    4.269583
    5.219553
    5.260462
    5.231103
    5.235274
    5.196505
    5.204238
    5.184876
    4.311248
    4.280262
    5.195654
    5.248002
    5.199890
    5.183840
    4.281134
    5.201802
    5.196481
    5.214477
    5.203883
    5.198201
    5.197641
    5.196755
    4.258156
    5.198695
    5.188857
    4.272442
    5.195074
    5.170273
    5.192038
    5.199422
    5.191886
    5.194528
    5.219553
    5.212826
    4.255875
    5.202294
    5.202857
    5.210750
    5.208077
    4.270498
    4.260588
    5.196112
    5.193048
    5.213850
    4.260588
    5.208077
    4.263499
    4.258063
    4.262624
    5.195074
    5.230962
    4.246057
    4.258156
    4.272442
    5.183840
    5.260462
    4.267420
    5.231103
    5.235274
    5.202538
    5.198230
    5.204084
    5.202542
    5.186638
    5.229265
    5.194930
    5.224145
    5.216319
    4.291895
    5.250222
    5.198288
    5.222106
    5.228095
    5.235274
    5.234314
    5.209334
    5.188649
    5.248002
    5.193048
    5.231103
    5.202857
    5.196112
    5.191886
    4.260588
    5.194528
    5.219553
    4.258063
    5.198933
    5.206693
    5.186638
    4.249349
    5.215549
    5.204733
    5.186233
    5.213568
    5.207837
    5.210904
    5.216406
    5.186638
    4.241483
    5.195418
    5.248002
    5.233559
    5.179597
    5.233559
    5.198288
    5.260462
    5.235274
    5.223005
    5.239450
    4.234298
    5.175389
    5.192648
    4.278622
    5.179597
    4.299089
    5.212826
    5.238592
    5.203911
    5.212187
    4.280647
    4.291895
    4.247596
    5.204490
    5.199094
    5.192782
    5.191021
    5.205296
    5.179597
    5.208144
    5.192038
    5.204733
    5.210904
    4.271213
    5.197723
    5.228821
    5.191021
    5.208144
    4.254631
    5.197782
    5.197723
    4.271213
    4.269583
    5.209792
    5.191021
    4.282932
    5.203883
    5.262528
    5.192782
    5.179597
    4.285232
    5.196505
    4.302644
    5.199890
    5.203356
    5.198933
    5.199805
    5.216319
    4.255923
    4.265153
    5.194908
    4.291895
    5.196112
    5.193048
    4.279625
    5.225059
    5.260462
    5.235274
    4.280262
    5.224145
    5.196481
    5.216319
    5.198288
    5.204638
    4.272630
    4.258156
    4.249260
    5.210750
    5.212826
    5.202294
    5.200263
    4.280262
    5.197694
    5.224145
    4.279625
    5.193048
    4.280262
    5.195654
    5.199890
    5.201276
    5.196481
    5.201802
    5.189789
    5.198933
    4.280647
    5.209334
    5.175907
    5.204041
    5.197612
    5.204696
    5.196112
    5.213850
    4.258063
    5.187076
    5.192794
    4.273307
    5.203356
    5.200948
    5.192423
    4.302644
    5.192822
    5.196755
    4.280647
    5.218992
    4.259535
    5.199184
    4.241483
    5.187959
    5.204041
    4.258063
    5.213850
    5.198182
    5.199094
    4.286178
    5.192423
    5.187076
    5.219102
    5.192822
    5.200948
    5.197694
    5.222518
    5.205296
    5.219851
    5.202394
    5.198288
    5.213850
    5.224145
    4.291895
    4.262624
    5.205296
    5.191021
    5.198230
    5.197782
    5.199422
    5.198933
    5.229265
    5.209334
    5.198230
    5.196755
    5.194528
    5.219553
    5.166293
    4.279625
    4.263499
    4.255875
    4.254631
    5.225059
    5.203911
    4.255875
    5.219553
    5.212826
    4.238432
    5.238592
    5.202294
    5.216319
    5.204846
    4.271190
    5.210750
    5.212826
    5.223005
    5.197504
    4.272442
    5.195418
    5.198288
    5.202857
    5.186233
    5.194528
    4.249349
    4.249260
    4.258063
    5.193048
    5.212187
    5.204696
    4.280647
    5.192038
    5.205296
    5.216319
    4.272442
    5.198230
    5.194908
    5.198288
    5.205296
    5.216319
    4.262624
    5.222518
    5.186638
    4.254631
    5.199422
    5.230962
    5.212187
    4.238432
    5.192822
    4.280262
    5.202294
    5.219553
    5.210750
    5.204846
    5.238592
    5.203911
    5.212187
    5.209334
    4.234298
    5.212187
    5.197612
    5.175907
    5.196755
    5.186638
    5.229265
    5.195418
    5.186370
    5.229265
    4.270576
    5.234314
    5.223005
    5.235274
    5.197612
    5.204696
    4.246057
    5.193447
    5.204638
    5.179597
    5.198695
    5.179242
    5.202394
    5.210750
    4.249260
    5.186233
    5.213568
    5.202857
    5.199422
    5.207837
    4.241483
    5.260462
    5.192747
    5.190827
    4.279625
    5.222518
    5.225059
    5.192423
    4.280262
    5.192822
    4.255875
    5.239450
    5.192782
    5.194908
    5.187076
    5.203911
    5.192423
    5.207837
    4.249349
    5.198182
    4.249260
    5.202857
    5.204733
    4.238432
    5.203911
    5.196755
    5.199422
    5.192038
    5.210904
    4.282932
    5.195418
    5.186370
    5.223005
    5.197612
    5.204696
    5.193048
    4.279625
    4.262624
    4.259535
    5.196481
    5.179597
    4.238432
    5.187076
    5.225059
    5.238592
    4.255875
    4.279625
    4.271190
    5.216319
    5.210750
    5.219553
    5.238592
    4.281134
    4.246057
    5.199422
    5.204041
    5.195074
    5.219102
    5.239450
    4.238432
    5.192822
    5.192782
    5.205296
    5.234314
    4.254631
    5.193048
    5.222518
    5.225059
    4.262624
    5.179597
    4.238432
    5.192822
    5.199422
    4.272442
    5.202857
    5.210750
    5.179242
    5.199422
    5.200321
    5.199422
    4.258063
    4.262624
    4.281134
    5.197723
    4.246057
    4.240805
    5.202857
    5.219553
    5.198933
    4.240805
    5.186370
    5.204927
    5.209574
    5.238592
    5.202857
    5.225059
    4.271190
    5.192038
    5.210904
    4.282932
    5.197504
    5.195418
    5.179597
    5.192822
    5.196481
    5.216319
    5.234314
    5.186370
    5.197504
    5.192822
    5.196755
    5.186370
    5.186370
    5.203883
    5.193447
    5.200321
    5.204041
    5.216319
    5.192038
    5.201276
    4.282932
    5.213639
    5.228821
    5.216319
    5.194908
    5.197612
    4.254631
    5.213639
    5.203883
    4.254631
    5.202857
    5.199094
    5.260462
    5.234314
    4.246057
    5.223005
    5.209574
    5.186370
    5.238592
    5.235274
    5.225059
    5.213673
    4.238432
    5.209574
    5.234314
    5.223005
    5.193447
    5.223005
    5.234314
    5.234314
    5.225059
    5.202857
    5.209574
    5.204213
    5.212187
    5.200321
    5.198695
    5.179415
    5.198288
    4.280703
    5.214477
    5.231103
    5.216362
    5.196908
    4.286178
    4.280703
    5.197504
    5.222518
    4.249260
    5.207837
    5.206693
    5.195074
    5.204041
    5.195444
    5.166293
    5.214477
    5.196755
    5.192038
    5.197504
    5.228095
    4.241483
    5.196222
    5.193447
    5.192038
    5.197504
    5.224893
    5.224877
    4.241483
    5.186638
    4.272442
    5.216683
    4.238432
    4.263499
    4.280703
    5.222106
    4.272630
    4.243228
    5.187223
    5.186638
    5.208144
    5.197612
    4.291895
    5.214477
    5.205296
    5.204696
    5.234314
    4.274748
    5.195074
    4.272628
    4.271190
    5.192822
    5.192423
    5.218517
    5.199747
    5.213827
    5.223944
    5.219553
    4.269583
    5.197504
    5.228821
    5.203911
    4.258063
    5.212826
    5.202394
    5.235274
    5.222106
    5.192038
    4.266176
    5.197504
    5.207778
    4.279625
    5.188857
    5.169599
    5.193447
    5.193447
    4.234298
    5.199422
    5.192038
    5.190827
    5.233559
    4.271190
    5.209242
    5.197504
    5.207837
    4.259535
    5.196505
    5.193447
    5.192794
    4.291895
    5.219102
    4.263499
    5.234314
    5.209334
    4.241483
    4.271190
    5.201101
    5.207778
    4.269583
    5.186851
    5.179242
    5.193447
    4.271190
    5.180321
    5.208144
    5.222106
    5.204927
    5.198230
    5.222106
    5.204638
    5.205410
    5.204927
    5.202294
    5.212280
    5.201458
    4.260588
    5.204084
    5.183840
    4.273307
    5.204213
    5.191021
    4.257571
    5.172997
    4.241932
    5.179106
    5.194930
    4.279625
    5.197694
    5.224145
    5.197612
    4.284844
    5.204696
    5.179597
    5.212187
    5.198695
    5.188857
    4.249260
    5.229789
    4.272442
    4.282932
    5.192747
    4.267009
    5.204846
    5.198933
    5.233559
    5.197504
    4.267009
    5.187223
    5.204696
    5.204041
    5.209334
    5.233559
    5.194528
    5.205296
    5.195074
    5.230962
    4.263499
    5.197641
    4.281134
    5.222518
    5.197782
    5.191886
    5.179597
    5.215733
    4.282932
    4.272442
    5.230962
    5.225059
    5.231103
    5.182728
    5.225059
    5.219102
    5.192374
    4.254631
    5.222106
    5.204638
    5.198288
    5.203911
    5.200948
    5.202542
    5.233559
    5.203356
    5.216311
    5.224145
    5.202538
    5.188965
    5.205410
    5.238592
    5.205296
    5.262528
    4.246057
    5.233559
    5.170936
    5.208144
    5.197054
    4.280587
    5.216406
    5.190827
    5.192747
    5.180603
    5.202394
    5.223944
    5.209704
    5.199805
    5.188857
    5.202542
    5.195074
    4.258156
    5.198695
    5.230962
    4.308440
    5.186999
    5.204041
    5.235274
    4.286178
    4.272442
    5.193447
    5.209574
    5.198288
    4.282932
    5.216362
    4.262624
    4.280262
    5.214477
    5.212187
    5.198182
    5.199094
    4.259535
    5.205065
    5.248002
    5.186638
    4.258063
    5.187959
    5.194908
    5.248002
    5.210731
    5.198182
    4.238432
    5.205296
    5.186638
    5.224729
    4.269583
    5.229265
    4.269844
    5.228095
    5.216406
    5.204696
    4.254631
    5.195418
    5.190951
    4.258810
    5.224145
    4.265040
    5.202394
    5.209574
    4.249349
    4.249260
    5.192038
    5.216362
    5.204638
    4.249260
    5.191886
    5.190827
    5.218329
    5.191886
    5.215583
    5.197504
    5.208077
    5.205296
    5.219329
    4.258063
    5.210904
    5.197054
    5.178512
    5.200948
    5.197612
    4.254631
    5.172997
    5.193031
    5.210904
    5.202857
    5.158138
    5.199890
    5.186638
    5.199890
    5.200365
    4.249260
    5.202394
    5.192822
