# vtk DataFile Version 2.0
polydata
ASCII
DATASET POLYDATA
POINTS 1701 double
3.24360134415709 6.36675017440464 4.47509447311693 
2.73122098333744 5.74345317928712 5.13449973262013 
3.33773747935993 5.04561190682639 4.14533158191037 
3.84415384147956 5.35417928378252 4.30557946529303 
3.85669232836266 5.56674233870917 4.23049258837754 
3.09182739187278 5.0431623953978 4.84075872362939 
5.78966314715844 0.731088560038654 2.33139290994309 
5.7768749196524 0.581713812456838 2.76875138283963 
6.05615795652617 0.441544784333078 3.17042776868883 
1.36895709747053 2.94009351864468 6.61215850374583 
1.02582774007386 3.24034200567641 6.49116683815319 
1.44935585947648 2.64685004081965 6.29250803443597 
0.762346646173037 1.82979702603547 6.51817222187997 
1.02256759202169 1.82619938986954 6.80165469526165 
3.34349681602843 5.46304326843056 1.13483486211884 
3.30041969668896 5.57670012363868 1.1334102451371 
2.78221207901321 5.54369086021457 1.1873069916972 
2.2974130162237 5.78205345832328 0.65882466119561 
5.02226758709736 3.81506566469751 0.0175112738419462 
6.17199954857067 3.25662295155645 0.379141166541799 
5.69943244342577 3.19257989797878 0.547440827306308 
5.93299752817999 3.42606169341087 0.803363686051291 
5.46082448752751 3.5802029487002 0.764986427865 
5.64604223996812 3.88663764203369 0.815111469761658 
5.7043182851529 3.31999809938927 0.761290865805589 
6.23469890524596 3.34834337149635 0.489033865591776 
5.89805676624191 3.81017972533866 0.843227442505119 
5.16567361683148 3.50752293794495 0.357781965336337 
5.14294167510869 3.62057806799313 6.68272193272589 
5.192904811609 4.05857077143841 6.75332090842229 
5.07543415049712 3.98123893654593 0.0183291687441549 
3.02789688721452 1.07484186684695 1.03841491581791 
3.27827273863234 1.21535349653118 0.388568387762103 
2.02885507190034 1.6651416857599 0.65804189123841 
3.33497590763791 1.53807413648089 0.650575501356701 
3.11792035581405 0.946685408513035 0.546027212241393 
3.15572272123682 1.459022516062 1.02669705689463 
2.73561300192873 1.79070897325594 1.13745947829878 
2.37062124158943 2.09918636710054 0.691012737187608 
2.64224318522294 2.08137081191439 0.902038633362789 
2.45463947632658 2.13730995115753 0.571217526677885 
4.75707727661879 3.44101411468862 1.58044934291066 
4.69344662457402 2.10759445230108 1.59592501440973 
4.43417194157551 1.92676723196641 1.72027813669003 
3.50955341860496 2.60735347654135 1.49739416402795 
3.60341672100884 2.91093185071015 2.01797131911639 
3.89240446518763 3.2989812399288 1.85863497018812 
3.72470116168023 2.0940057171456 1.67244527668142 
6.40560234805368 2.02697408177177 5.09476687512154 
5.89727434624356 1.54471849752358 5.02109855744284 
4.33518281891274 6.19432582419154 5.35440635121492 
4.26448585847138 5.95562715996544 5.6834773461591 
3.78482195162806 5.03639451903544 5.27274560132918 
2.22965604940833 2.6665831579136 5.08086098835409 
1.51136982407133 2.85774671441248 5.60149872440261 
2.30515907527878 2.77068333138315 4.79977001035627 
1.84094321366161 3.07444827201088 5.53657171452497 
1.26028884825887 3.1994119195965 5.56448826945847 
1.74103940586545 3.31696641633982 5.49956378792114 
1.24370611493146 3.03155037654505 5.57684757548549 
1.77674622756384 3.51071504160001 5.1471745481548 
2.05454435185459 3.30898665378076 4.7082100827195 
4.38159514278533 3.08147904112195 0.554708328490487 
4.00495391714397 6.72135149757128 3.6321173184945 
4.59110152039162 1.58130688844493 0.417688705110831 
4.53442253721488 1.06261926041158 1.62673798307243 
4.32332095523569 1.25102173130939 0.581394582675216 
4.26199721119697 1.08612198202342 1.37874639411669 
6.2797457022673 5.35764971192558 6.58345460345862 
6.33978285594577 5.38544569574857 6.02911292121381 
6.6307528249197 5.91807940214068 5.83227143317217 
6.5604702849014 5.09663610120629 5.85596915489343 
6.44316074966379 5.04369598783833 6.75128145604629 
0.427222224887653 0.857635859253693 2.76794487809514 
0.358256022441153 1.15915161212229 1.89477615284608 
0.216695665825928 0.984010582041555 2.12547723347083 
0.903545393124496 1.81461330135153 2.77200424852472 
0.804896221099773 1.20626017682753 3.07639500868268 
6.20394524137819 0.508826000149333 1.28491996344674 
5.54416253247964 0.68875129013844 2.28878361975417 
5.01428763659075 4.7104009813584 0.798415408899453 
4.87621294496831 5.78332533881329 1.02002981465885 
4.62981213442046 5.4597120415133 0.981184455763691 
4.49925128499978 5.38701143093084 1.52747739350261 
5.35705330095563 4.54359750536329 1.16346000918005 
5.87801302450197 5.42368614435255 1.06832552939686 
5.44326309201185 5.52384345697275 0.653243980157243 
5.66758975311544 5.60871872360388 1.52828950183852 
5.92671150281439 5.14331210901518 1.02743998390579 
5.37292023151092 4.61362763416971 0.836381587794196 
4.89059886175423 5.1555128820549 2.03104168629629 
4.63538298700905 5.07511838772697 1.71472741634632 
5.67072098665193 4.78305858908344 1.45870072424517 
4.9669101957673 4.62879656278043 1.18691069751764 
4.93638633863503 5.0557875996724 0.641773402109333 
5.38945356101875 5.25450326708628 0.518923437722306 
5.66460032638167 4.96400698710227 0.6790524146185 
6.59905368249166 1.27188011272836 0.920996791717623 
6.38561895569449 0.786871090574487 0.822829978996216 
0.76831360922334 1.52463249199279 6.09621540651683 
1.44901892408458 2.60739957067583 6.03470419721504 
1.35461844896678 1.44838205747607 6.78742887089572 
0.840777110234819 1.84221437402395 5.81489160697255 
0.467055064784529 0.750223776849002 3.6324751661817 
0.894690158654026 0.285853584811642 3.86144874599775 
0.762851101111141 0.26093674292554 3.84737869189522 
3.15641980650117 1.79582794501656 5.0126231792921 
3.12771672540666 2.53773615548385 5.40035744300959 
2.34124173434221 1.5622169809623 5.05963489018739 
2.94998523705878 2.76149136341245 5.30649386905388 
2.64734586689101 2.67269947706975 5.45512413768549 
3.31720258619874 2.27897115293645 5.04364225089292 
2.1466450513348 1.78741149122131 5.20574410771258 
2.65647387306363 1.5005857801241 5.3799170784662 
3.04776772481135 4.43227666373165 4.92498222730076 
2.68550949778797 4.51889838774236 3.6556884417657 
2.18711177568097 4.34895788676178 4.24690005833484 
3.36684975938985 4.75157394205237 3.96589355538779 
3.26677167977163 4.43203098166474 4.15364638977006 
3.01422252559961 4.64814174392975 5.05869583760119 
2.38928060140685 4.37756013192579 4.99483701226981 
2.57152078186736 4.66449311856302 5.15571340999861 
1.05184049468556 1.80390776281645 4.87438361540948 
1.39954170736967 1.21278214565579 5.21336769729228 
1.80531686513026 0.978780982735545 5.06708147353179 
1.72312792088981 3.07459677454761 0.363704789074266 
1.47532422148849 3.42333380709159 0.67833049470794 
1.74983594031268 3.54409544373796 1.01480420439169 
2.01288183111704 2.40131328754546 0.783099681287206 
2.00301700891886 2.6337542125017 0.487370713691297 
1.75216240675831 2.48384470282228 1.64555240289621 
2.38721368889567 6.55969622180481 0.421079612380828 
2.16165395630121 5.89088937869416 0.716582492895539 
1.98885409558443 5.67260895330866 0.605775575865193 
1.67816665169103 6.5875551558034 0.346064090900424 
2.11331480486196 6.45307526954561 0.605493742935378 
3.54172322802963 2.63271052094279 5.95420677964206 
4.30547814820957 2.77375987053657 6.51554828945046 
4.0266312505348 2.28747325634155 6.07268605694676 
3.55493061573751 3.1419458748756 6.20292274722715 
3.9770931064474 2.00187153894198 6.18096456036009 
4.00886217167522 1.87987176355585 6.58126405855454 
3.52548196488215 2.71173221620589 5.63372281447819 
2.68809101941564 2.46130107919339 6.45595144365641 
2.73838260641543 2.88951575015156 6.61698361562345 
2.44323172984311 3.48972037602743 5.90872982285169 
2.29719919684403 3.09533469960663 5.8689492482668 
3.66187822643373 6.65893399835144 3.60619448384615 
4.35612188914455 0.195599765283477 5.49646866816506 
3.78206470959743 0.201547293079169 5.57021308230973 
2.94539846539611 5.74978674881546 2.23644754679477 
3.98134029811948 5.48892484413967 2.88927930542226 
3.55754116428156 5.61039483414315 2.13303405886893 
3.76241716041771 5.91619523773825 2.38852798581468 
4.57647194592663 0.353419095271142 5.3291281007214 
4.42144951668569 0.409229076737407 4.94734236192508 
4.77340981243432 2.92187688183202 6.34615524858805 
4.64545437584402 1.47248111831263 6.6214881030754 
1.74796649916263 3.88057711888495 2.11316566635538 
2.02810531305252 3.53542659813246 2.19795635716925 
2.84523600715751 3.8852520832141 1.60292260047444 
2.67402037146359 3.43470569759508 1.19628660419273 
2.66483621625329 4.27747904367715 1.48979576755096 
1.67546514794653 6.33887864919407 3.71411461569641 
1.27214833066926 6.94742378974679 4.6455061373454 
3.55630445840512 1.5039872371274 1.41455728704662 
3.45231650888383 1.82830989888573 1.67247161753534 
2.87612744860773 4.65513313274263 6.08597221375054 
2.04070454033897 4.17751756287816 5.74251939677209 
2.65459167996227 4.6280995846183 6.12821727734192 
3.08818710178436 4.35371671134072 6.2279766543242 
3.31579152432718 4.46356730103405 5.28281553053722 
3.33675660883253 4.15495067856423 5.84446301427933 
3.18732488976393 4.64915320277198 5.28370736566021 
2.05871454082505 4.08297256021149 5.34313085356658 
2.06620919111363 3.85333933826871 5.89752237042082 
2.10731524168879 3.71610458600593 5.74042580554121 
3.00917244747921 3.81188288949312 5.17218453382417 
3.21607538105371 4.29315131312874 5.04098298599436 
2.41184351035582 4.63406821947906 5.86397468945259 
2.10706434124368 3.91357766752214 5.33486737824978 
3.74012617419761 5.35856657531696 1.62669905008974 
2.57039687340431 4.71856436683567 1.77053735005581 
3.71649869080376 5.08775905361476 1.89002206271804 
2.40242248268672 4.9885055169108 1.65178427925792 
2.85674505258792 4.6796821341999 1.55953231340293 
3.35846964773818 4.70847980464243 1.93904264335018 
2.59924843038352 5.19303963349106 2.51009606929633 
2.12732448821629 6.17245954120515 3.21307467382118 
2.96339918685763 0.22669885066684 3.32083994589828 
2.15542481718407 6.50909041360678 2.78680338757502 
1.74438681312624 5.605886131039 2.54292976226494 
2.08588000584929 5.30016751294734 2.90038636122354 
1.90795559872056 6.39223930073935 2.49273064651925 
0.660761515676704 6.00864311417129 5.81453220567657 
1.19465149184659 5.36464890078457 6.29337531965293 
2.23769743858105 0.674404020340443 2.31458918423362 
2.70131573188168 0.503933156382616 2.130071259989 
2.4588620930936 1.15247672755006 2.17630389934563 
2.83320089506447 0.812571371829501 2.05730109986336 
2.76078891521256 1.18151835923477 3.41095988550362 
5.2928422030111 0.667579514263362 5.55782009556183 
3.85257713067193 4.75083815781344 0.688123140809471 
3.48097922367341 4.59713941260482 6.65076790195242 
0.668199459126253 3.67955873436857 5.686859881895 
1.16117314518072 3.54943451638948 6.57663335288645 
6.5011483814175 2.38581688793138 4.54575419984792 
0.127842210191781 3.25126597017267 5.01888977791859 
5.84990223782147 3.39375910956625 4.27097938053412 
6.38221283088651 2.63062792092228 4.91349064071152 
2.96570397754225 0.747861342328718 1.49793269237354 
2.47225834819448 6.82810264215514 0.850298259775407 
2.96601507952827 6.87871651631238 1.55667568865161 
2.59205746373129 6.81743241448471 0.629533109483457 
2.94027730477824 6.68266669788299 1.37369211072487 
2.74242006735436 0.22269802342218 1.56766144701719 
5.62675029834793 1.16297701330356 3.93495999435373 
6.12826221368803 0.131095540591106 4.04747213562379 
5.84875816306395 0.174070193392051 3.67361033562225 
6.37177913302296 0.646805596590345 4.34830924582075 
1.93381827879488 0.604315586519185 2.10004386406195 
1.24936657935144 5.24576840027838 4.90118236753338 
1.26308079246216 5.60767416718378 4.88006327058153 
1.3526628707112 5.10592065503635 4.71377646533974 
0.726335196562491 5.88135255293315 4.68576452883755 
0.674273813163335 5.49587215915454 3.54414456630138 
0.899980517084297 6.0573206195336 4.32605492288951 
0.926727477511704 5.68501151067345 4.93720369011826 
5.74639403712063 5.10903989994747 5.6581181145675 
5.17925590867913 4.97540984194832 5.59236764149741 
6.1233515941776 5.19120605073256 4.70785188124046 
5.51421031265977 5.41153456082956 5.51515313664682 
5.52950158932601 5.58728292048195 5.23203798914751 
5.60200928583009 4.90636019360319 5.72303411557001 
6.19889186834926 4.82582759406827 5.44722379195371 
5.74350385600519 4.61981053269443 5.61003112101018 
5.15420735867495 5.26074526450256 5.50750213926046 
6.36845832339933 4.86232127067788 5.08182834740663 
5.08461974441731 4.74524880845243 5.38944004038877 
5.42018523389275 4.42561750670905 5.33903646617181 
6.17469788148926 4.69566653493789 5.45523825617841 
3.98017394463183 5.24780774438363 1.53309178500205 
4.38110062971974 6.11367919673757 0.650699801810351 
4.80701837003188 6.06121323679989 0.89960693037144 
4.25166173507356 6.28047332922533 0.760050567110621 
6.74901727864892 6.51377942694481 4.88424114604525 
6.86454816415899 6.28911641521076 4.96183809401214 
0.802498576913659 6.48854729871597 4.44999770590228 
0.591017479825558 2.88746439154121 2.06959352855652 
6.42940983022438 2.82502927072076 2.7540775414029 
6.63233453718506 2.26243157428008 1.69390685661766 
0.518964392524817 2.88933992161547 1.82851664522051 
5.46754151168975 1.58448984741279 4.81412086105685 
1.69334835648315 3.32180374006267 6.82796921198822 
2.59845561252915 2.9649927619793 0.189887782756906 
2.31535217307498 2.4757988907429 0.323042171232263 
6.07457957502965 6.47965300987211 5.59550916087738 
5.90827115964365 6.6497474488233 6.39273114761298 
5.57301758726141 6.25198899007442 5.65735121176036 
6.22347635479928 6.69557637358217 6.00043656607618 
6.12509667493415 6.7666073133677 5.3493795149652 
3.64649520684491 0.811441683837022 5.90591970025613 
3.99287827549713 4.036392596157 2.22927544168407 
5.46559271559023 4.0784374053693 2.19840417472127 
4.34087767610277 4.34791603997943 2.01170114281697 
1.19199084802662 4.55859186932198 5.72079789662365 
1.15351528761153 4.80585415816066 5.70098748839754 
1.41045257633844 5.10753314695781 5.07535517059923 
1.4807444307947 4.2778801801416 5.12410509768523 
0.435092647364739 3.50252581218929 2.67864179854823 
3.16105957007493 3.86522591232369 2.80115703471709 
3.82692589173972 3.77105370887714 3.64933565787413 
3.40546897875139 4.15587258453129 2.69644860050208 
3.11784757535552 4.56293018941365 2.80487198037851 
3.572469363389 3.60830313418963 3.17523329686698 
3.58592991267668 4.19394757588675 4.13355255577521 
3.59323298453958 4.71209662262786 3.17079105481758 
5.45328153209443 4.17504055998136 1.265645814791 
6.46672155259886 4.86509279561999 0.401476927343569 
6.6157103666313 4.99657946257774 1.07404383268912 
6.31505422082292 5.46746348674665 2.25863977655059 
0.373703551154007 5.13340717013137 1.73209886109794 
0.484901094594528 5.65931522659479 2.76663799071864 
0.673242749783324 5.62885877649646 2.39142063950113 
6.78725698022082 5.1273954313411 1.602330489694 
0.203676326130792 5.08854130132024 2.86086146225899 
0.428116420493613 5.72395783833112 1.76161887432463 
0.290856231663274 5.3774523460042 2.95706279684912 
6.50769221580362 2.70820242577816 0.258374783995337 
6.85730089114261 2.68988982315385 0.568106188801733 
6.74883113524994 3.0691617423479 0.771173771393622 
2.11525471813185 6.53447689077432 0.796082922535334 
1.03011245920329 5.62876808498482 0.567020387913939 
0.775422203551525 6.09155517836869 1.04452357901409 
1.5807586265606 6.66708750378375 0.430516140050811 
1.30320837289307 6.48866752203365 0.382839599684506 
1.784129408088 6.70736459495176 0.877431473077853 
6.66459039585682 5.04722131322085 1.09688819018331 
0.332771048458964 4.87260566971595 0.877348541343258 
6.59293771360339 5.2651890866227 1.03557007145435 
0.933477130745698 2.31437719864076 3.66799301326319 
0.558936768047247 1.74368229501936 3.03628113628378 
6.21047659489573 6.18416173325231 5.49166711844203 
6.36357215934905 6.4970624800731 5.02682576669498 
3.62144064191192 0.969228603212537 0.25585193305625 
3.7349065035034 1.02033420444166 6.82897177678112 
4.32725549513052 2.52290483966015 3.31456214455965 
4.32348040889738 1.98260408074831 4.39982037189955 
4.82453138709526 2.00115838532475 4.1442894931295 
4.87125040450591 1.50699001283265 3.98955663563277 
3.99633000704082 2.32955386945494 4.16581443525257 
0.865801828955622 6.57636336347632 2.09781957801492 
5.76202545565092 2.37021507395335 2.97914782300119 
1.42213919254526 5.46148612086758 2.50188583901399 
0.600587335002553 4.37886429213907 2.10175470582057 
0.635082622136933 5.41236756992174 3.21511495382666 
0.477441755074292 4.3935057244341 2.16886256675798 
1.38781983185837 5.43881787181394 2.38161137632786 
1.90525106272226 5.01687287185114 3.02356643195685 
2.28846074323364 4.85077910326661 5.98618097444026 
4.61325983216976 4.46167247632105 0.411002245371132 
6.07500123272283 1.60839623700033 6.18150807565761 
5.90957758364312 6.36993775423378 1.96274515065659 
6.13923276409221 6.56000813006843 0.997899330729164 
5.96667058877065 6.14019938666406 1.5996703646481 
5.47005132984408 2.57987311948856 0.825377884813729 
2.9676973190588 3.49080324498966 2.26768445197752 
2.41758433975468 2.31282813386398 2.0858248376813 
1.80353174049831 2.32186267800839 1.79398921544178 
2.3257380209504 2.27288243261614 1.80157257964268 
5.10310359592159 4.77384380346568 6.56055102925393 
4.92613133889055 4.35770113763295 6.64686095046322 
4.58136766323823 4.51423028381617 5.98300689630397 
0.879985178721051 6.10086985718368 5.39291667868054 
3.77541502270601 2.27211017992388 5.14261315339093 
3.59338348917351 1.24513669936108 5.73683587062245 
3.86712851311281 2.51566219015536 5.46890213343379 
0.981269897936255 4.23455260721979 0.612928061879306 
0.834373164041954 4.68524512015613 0.134239372418047 
1.79332215987851 3.78396678077402 6.68013198078348 
1.5835496808735 3.53683169225913 6.82025956120799 
1.97192374860092 4.56879373696901 0.226059815166367 
0.684707501253779 4.11678918055578 1.62736798130149 
0.379047284356681 3.625400860411 0.940073549638814 
5.8384142551633 1.98507816908566 0.711941417261038 
5.7203202891652 2.05044631622661 0.897301799445009 
6.09659356226589 2.93603922086008 5.88695175347259 
6.08290958109277 2.83822814267037 6.03515953107397 
4.76295622865742 3.39928424779321 5.8760552164224 
6.04866700284142 3.39290350829662 5.84676673504396 
4.71405102103965 3.30583743314438 6.29659941738014 
5.76658168951883 2.76092223340405 5.69666205915733 
5.37643923775311 3.09016775723581 5.47350157249732 
1.42269916965288 5.02206340991203 5.99607666766107 
1.60528290384925 5.87991349749644 5.31973822744244 
1.82424402546629 5.47277871493412 5.54787303581895 
1.80879267527469 5.43432505920362 5.73192522404123 
1.29076110031493 6.17457018768557 5.57293214602278 
6.18832629765257 6.44320563985178 0.644845005912281 
3.68317950873457 6.37199983822936 2.40982915165472 
3.52959391116971 6.77886751698593 2.1184035001305 
3.87017183521063 6.02497955762561 2.30543472264941 
4.27838020677539 6.6486383499639 2.61432656358718 
4.35742468907548 6.06907878316455 2.46185654098312 
3.8939221951629 6.70973147574357 2.58194012846188 
2.34291430055148 6.04399070659914 5.30755630612798 
1.890510872486 6.12363127890025 5.17998238971486 
5.37837484276278 4.65356155331951 3.20832904876507 
4.91593101364083 3.64530883719143 4.15596311645941 
5.12367187763938 4.79400897778694 3.48189312075068 
1.83297778293408 0.651997600901422 5.39395749052748 
1.31959837403292 6.87699882680301 5.34373144917768 
2.26673316020634 0.593893487004344 5.76974161447866 
2.15165653180656 0.677154348537005 6.02561347673097 
5.38929129291608 5.15517350595902 3.27041163974398 
5.142679744638 5.04340351040651 3.47893628750348 
5.41956251450891 5.67192808941482 2.83805443802084 
4.34709395346757 5.36718693686772 2.97200585106382 
4.83947486598741 5.72223403401996 2.61006576778537 
5.26684127886565 5.18693174445209 3.71866886617091 
2.77667027419119 1.99782555518904 1.39346020428111 
2.50309110750657 1.94630164260939 1.73927415882398 
3.01241621200824 1.85665540236554 2.32178259929059 
2.64715437043747 1.93786262555806 2.14832498642963 
3.01475982009761 3.33456484416672 3.92014012596568 
3.5597965627425 2.17789634699701 3.56378867608455 
5.52733948204855 1.84379790834828 5.772131041694 
1.93017768323088 4.84581687601866 1.58558991078972 
4.18812603498468 1.02762399070018 0.382477562128197 
5.81383600999393 2.51654539604431 5.25298292718339 
6.33745382955263 2.51268670337531 5.10448160458007 
4.69471542517533 0.793601788157849 4.50727082622805 
3.38671656541911 2.1353715843842 2.55779701314722 
3.54196356813278 0.551053526051613 2.84273947570798 
3.82143074028009 1.73088938811741 3.13777182486635 
3.94493930857676 0.901978132342292 2.95222556602676 
5.15185542709607 2.12243677439402 4.3916228555068 
5.22664487872494 2.62213332804874 4.68996941021319 
5.09856906191522 2.21749119208454 4.76033731614254 
5.2755425469279 1.90779751281743 5.02304914030324 
6.28808907963892 5.4484866555896 4.61055360958202 
6.31808471176181 5.6478724419618 3.71092993365926 
4.51044773675545 0.817441630956927 4.85458601896115 
4.73703560246757 0.767987699256367 5.39269184624481 
4.70787143423517 0.957841261385482 5.11053455935816 
3.4224422056489 2.72527287351209 2.50987191366101 
3.64202943393359 4.07859190279377 2.11640409333502 
3.51956431728354 3.8444682330719 1.97047227544852 
6.24655976077486 5.52595572510348 3.5526029738844 
5.80221345099094 6.2123136849593 2.47506375854195 
5.86785211640365 5.83319166038126 2.57204135329592 
0.217841447729236 0.865004515651204 3.91612781650675 
0.706285045356902 0.189237128383812 4.07387322751842 
3.84478598552372 6.92467512642179 3.06524078539216 
1.4610750988558 1.90207376989654 0.737678602881866 
4.16485247225069 4.9640728049499 2.97040078813198 
5.94950641040636 5.81557476263254 1.57558027098058 
5.97315589246374 5.57681867634116 2.23604997368384 
3.03178213588585 3.07117412571666 0.395552212542946 
2.36388907918743 2.39602865825765 3.28189176221035 
4.32724135540374 2.77051470036076 5.05063163964333 
4.09749024487593 3.45176138841256 4.92975550878225 
4.3124479431915 3.59056716975768 5.62309354589769 
4.27589700258152 2.82355021478727 5.25198234880861 
4.08369862324263 3.28863427421 5.30050710436818 
4.6342913617421 2.67138998371102 5.10575821296787 
5.07837063046345 2.84452422642006 4.78790936556171 
5.40810167849273 3.29742679158127 4.79595443252356 
4.88322231747982 3.49940125633128 4.48966599019118 
5.33239693886644 2.96545916613027 4.90557326903862 
6.0817756969705 3.73333479356148 2.95785894580596 
6.12608692707879 3.29079479294747 3.10464732375581 
4.4781373163409 4.87825332836906 2.23488526446923 
4.16943157044154 5.15151693471188 2.84243396639224 
1.52581926052247 4.15775851149938 4.09576374028245 
1.43676655623384 4.29919628968532 3.84001263607939 
1.28915613458198 4.04976894329165 3.59283303733701 
1.4561291267151 4.49341340361944 6.00396998839972 
1.56999298947914 4.81029202529835 6.13799370429828 
0.915723435106752 0.211205614774185 4.13814013495943 
0.161635270829838 1.81400735612332 4.45338662944518 
3.8508675348868 4.59253647233114 5.30223928607562 
6.32176433985695 2.37791721904516 0.264272455128041 
6.24748419994164 1.90934237598523 0.849437110904453 
6.51743763140453 1.42662000165387 0.714058297634141 
6.55322663908153 2.13232065148299 0.579407538872152 
0.662923589794194 1.94919518449619 4.93673324362574 
0.477245156543453 1.97379697018233 5.42121753047353 
0.392326961864595 2.42685618370503 5.51686521202943 
0.600451626097351 0.773739006590475 5.04379893505375 
5.50698337043429 5.82144372594299 0.349634204854309 
5.53816885387689 4.88721801462605 3.11354043264435 
6.20044260828069 5.24302271103311 3.61462258542266 
6.59430440476995 4.83408599538042 3.92381866390389 
0.242373877791904 4.72401026307308 3.99867900694427 
6.74818721269929 2.59181452369778 1.10506793392688 
6.86135498023819 2.4747858496217 0.724700331414823 
5.68604652868806 5.87386105173961 5.53952916799865 
5.90186919054973 5.36485518370976 5.9461382205485 
0.281398098643847 3.87610194297347 2.65175333501823 
0.196571541711332 3.97795032792176 2.96805954105977 
3.5474003747122 0.72915930032583 3.93894204104669 
4.32192645123771 3.63685488352214 0.49026519768869 
3.96956057391948 4.17163584619924 4.76852486781816 
4.34808676116484 4.81969303451632 4.72497291398825 
4.61834348378003 4.384246802442 5.72993632991877 
4.2488227552528 4.42080825971223 4.42717604707512 
4.23997275051564 4.30329849363535 5.59630738249639 
4.01592572225216 4.50466563602171 5.16238466766501 
2.44211605680527 3.59200904094658 4.60977432270891 
3.19599450016997 3.49138265666404 5.02965064516679 
4.78327514838987 2.19163288770497 4.94269884476101 
5.5153317090019 4.75783528910806 6.50898952884076 
3.65644754378924 3.58868412218784 4.72972459014826 
3.6818382605511 4.07607512388485 4.6661680644229 
3.59280099755943 4.35323655312121 1.84437077098724 
3.68948814780738 4.17880323557026 1.06445070277604 
3.41353583232031 4.16828013943818 1.56215326538116 
2.87317423233734 4.45592165719883 1.43386360592284 
0.585225863307996 0.664270295984177 4.99972406261794 
4.33238330315649 2.05251730186408 4.74457581301216 
6.54145208867722 4.59008641113972 4.10762089090592 
6.49850080175038 4.12806906064588 6.02910853498984 
3.01202523506449 3.31972722454506 0.527295842883017 
3.10483179295197 3.26908998640386 0.910885564517215 
2.32737734248032 0.628498154506758 5.7718625676649 
3.74983956785625 3.83475683358725 0.956008267632006 
2.30005388514391 0.7579906387807 6.03563778110124 
3.38154999530553 3.98153373185127 1.60511195025325 
3.62375044319012 3.64275785682662 1.16311600133836 
5.28470528785101 1.76261603328314 0.990883580446349 
2.79639237643815 1.03194973980277 1.11710649381136 
0.614222297938775 4.3255683854145 1.03128076032043 
0.32796180538878 4.01435637029107 1.10707588337104 
2.45289915760294 5.8019135729082 5.45078964727872 
4.37695895100199 4.55813735055566 2.7123469070759 
4.52537836523934 4.62831804010134 2.32721442875004 
3.09081198794311 5.42932943325058 3.50958095054961 
5.50791623288494 3.92870886479655 2.31667189143703 
6.07473986714732 3.75605811079679 2.59386444192805 
4.82835073986392 4.90147717321955 6.04245462085998 
6.135424364315 0.739617387985579 1.14176202709145 
5.29815950437075 1.32994153645106 4.21724685202233 
5.47322005360309 1.66149986828587 4.43833522941988 
4.96330750754448 6.13146227337618 3.99025647722736 
4.90216661544984 6.38546926398747 4.38570025018312 
2.14163752968129 5.59164663517192 0.556753146821154 
0.652753708908509 5.36778960766746 6.20641328817277 
0.487268509620848 5.74803272041542 5.91006877887721 
6.56735937219539 3.13555846573222 3.81220871084343 
6.64449423068565 3.22821914286129 3.43130488367335 
3.23144386152515 0.812335299201495 1.38522234739025 
1.97353148365603 3.36881974248376 2.50913533279095 
4.07926412045112 2.25994547601637 5.99751959180867 
1.53780003732595 3.90978940621167 6.28342665237846 
1.35077767266014 4.30007159314091 6.25893598360138 
3.07791735830766 1.79358978563208 3.24441153210871 
3.02124281042132 1.92412255737318 3.12389813019595 
6.48692936484631 0.216751675647089 3.99899255244431 
6.61097966234361 0.476476642341337 4.17610633574916 
4.26239838052842 3.70650375598198 4.95088832197977 
6.0390262059805 6.13810157738022 1.70334177401895 
6.05797136502759 5.83505971695776 1.73813531664014 
3.4147335251698 1.72293852485641 2.10672535899492 
0.400815326869384 3.41009825028914 3.12643982458865 
0.742467594283269 4.73213258199405 1.95341663293886 
1.35815832712507 4.92094693696671 2.18586944592547 
1.40154285546295 1.76312568895175 1.60733547122211 
1.18832521153663 2.28078123835146 3.7756834062035 
2.54327532387236 0.75326582833746 6.33965711315954 
3.99483711299897 3.66408879017568 5.94202849448954 
5.4930883751116 3.44717641563974 5.48903293496513 
5.50779437964436 3.58754101227752 5.13250219836434 
3.21371155675372 2.50328238037142 4.53161740872701 
3.84272204832527 5.42513415895564 4.61869624594569 
3.22334391888337 1.29329024833475 6.31995059046085 
2.32484741493055 0.284031241186285 1.05601140300106 
0.893031736226888 5.90688000847135 1.36181261096276 
0.778067114129211 4.32343101032987 5.81011879072322 
0.685744004896231 4.18751234430235 5.67435918733679 
0.0830836098940553 4.42228125637518 4.21596986584049 
0.198441363618751 4.34011281559539 4.63429884455601 
3.47650673783404 1.07409337998359 2.07203554075 
5.68799118198191 1.83709060191166 2.45556814024245 
6.53047476823162 1.83916726256782 6.14889348660713 
6.59612045785323 2.55799551018847 6.12685864588261 
1.08310242698768 0.38097907012411 4.49677019256902 
0.373012413467508 2.30006909636581 2.66373241634888 
0.563625223463354 2.31456136928727 2.33329439682493 
0.667788856323397 4.94959136457327 1.38147111966645 
0.411631360065655 1.68426510430193 4.73922598918695 
3.90366383534723 6.47204438529951 5.16121985145436 
4.02482250900489 0.10625879480195 5.2977906533717 
3.51751814807749 1.24130914004995 4.38689135954623 
0.812175306728494 5.32144930522332 4.98118040471864 
6.59308747383704 6.6743082281285 4.17127738948646 
1.33407335299843 2.17740520904879 4.74806633612889 
1.46198010493659 2.18085143794138 4.52061834465777 
1.19378844075931 6.09622395418265 5.96480103662015 
1.42859449098451 5.75228612800237 6.15874632703346 
1.37166681083246 3.3528620768785 4.47148201001788 
3.11168460039741 4.86867274293128 3.67440127855888 
3.33456807831097 4.83686830987355 3.12927692361506 
4.10705991637831 5.16259545217084 4.21042310323143 
0.840590700972404 6.26278376094589 1.03156743364251 
4.71840546051104 3.23872278120187 4.47085613354377 
4.25351186537323 3.16731316369973 4.71247313262699 
6.8389665881917 1.95454121419803 1.86878715230433 
3.93916676813042 4.35468121174709 1.07808149451895 
5.22550677121002 1.03336525404531 4.86268853778114 
3.53675262371726 1.40838408874352 5.11069231568006 
3.66879806886636 1.16554148920425 4.80527091486745 
4.46094796395906 1.0165845277678 0.774381258038878 
5.95735702773792 1.7212547260555 4.25600717988902 
6.41601046625282 4.87452253466633 3.40628520286583 
6.26714730938464 4.70463148047447 3.25778226900625 
5.61386440603283 2.75030827926232 2.99382383492728 
5.23785876040912 3.7838132545002 6.54892742402956 
2.94585788315254 2.9095616733455 3.75499391195793 
2.56624718570296 2.88545340304195 3.54107012281045 
5.74888749079598 5.05036546894281 6.78134060719108 
4.19802647388354 3.4579624957966 6.42678124617912 
6.23482134426705 3.98481791101088 6.52148476319551 
2.74201423087731 5.27931414760718 2.57448354644948 
5.99833302325313 2.23158414390761 4.00476084621257 
5.62100603133801 5.63829491943315 5.73023828219767 
3.64196887136717 6.1244574687799 0.864687826378618 
6.45962767915304 5.39222090723845 4.09692026648916 
6.36908895397369 5.15455456109254 4.0186231082613 
1.00828431468715 4.82969959528839 0.112017386996133 
2.70393481485891 5.24580848281333 4.84283072827215 
2.42270906446935 4.987645225455 5.02359843163172 
2.56604239877183 4.21331787078564 4.87300350659099 
2.54297141511551 3.94373503292597 4.97722464173386 
4.04687355797579 2.58965633130047 3.48371208677812 
4.21482610027234 2.65596058443856 3.76099221963515 
3.47081594572299 5.79036527822126 0.74740220023472 
1.19455336277453 6.79690349903688 4.43167750246463 
2.11886123022766 5.39775509678187 5.71971401977919 
2.12317804134425 5.42961326640633 5.57019703023352 
4.28394661348711 3.40580015652815 2.67283441316996 
0.963319251763008 2.40435842131958 3.38232210884697 
3.6063628729022 3.38405816178194 4.4296691699968 
4.00498635294475 3.07544641087805 4.42270049749945 
1.48980696035952 3.79289775330664 1.63400436927065 
5.3008457453575 3.8444130624331 5.15177881396093 
4.78981029666638 3.73024140699902 4.65311644503525 
2.75246960868954 2.24036889459663 5.74475398291804 
2.83878920829599 2.21633532783286 5.73814061347579 
5.85091950536942 2.30630123841118 0.383643695962132 
3.54433667926628 5.73580455874251 3.97215856446511 
5.04714074708847 6.31754533624914 4.54843288971779 
6.06399304069654 3.42323823234355 2.43059487715817 
6.09741749775112 3.10373686627385 2.85790155375445 
2.19306897749009 5.18542698497395 0.691428582053524 
0.974304320476585 3.77694708734966 1.77557257435877 
4.31740870967472 5.06191067486866 4.6573769475733 
5.98873040322875 5.76566561758667 4.73713280898536 
1.46752178534884 6.52671521042905 5.56252052843632 
3.2726596137769 2.07166369223806 3.11062839439662 
3.35924450279247 1.97558940817668 3.22492474184344 
0.560051008724456 1.50324903262479 4.63497897461937 
0.501013161961774 0.815673940958689 4.99872614927304 
4.90194275141999 4.9154388854716 4.83974166757516 
5.43408868824314 3.46257498056983 3.56496141158901 
3.0102885192742 2.40057185757067 6.42536547532876 
0.926885345947107 3.18809582864141 6.16705290601842 
1.02153735067908 3.43745590278253 5.96026415653913 
6.62719500346977 1.67081182430471 5.9025766451904 
6.79047554577863 1.97395681798198 5.50284663068598 
5.4263559173521 0.560256050203381 2.60079064153757 
3.02260285829008 3.58143627275398 5.59069192232188 
1.22560336533701 3.76696783009902 6.27540753806159 
1.07194582900618 4.17122093996218 6.25409127658971 
1.28734326095631 4.36164878794477 4.53019009787136 
5.57058712469109 4.18150942827928 0.523473430661103 
5.99384375013118 4.33412280180352 0.240655605589983 
6.42216720764012 5.14911538879733 0.923318241567597 
0.322438003836462 3.91615183742496 1.36199319918295 
3.10562062229595 4.97873026389378 2.59141086451571 
3.33449761009539 4.97242814806216 3.06367495826124 
2.30579719367794 3.63677854480826 3.18973701654059 
1.08246922699413 6.05994028343473 1.55831589096855 
6.35392565345384 2.49065506029743 2.78172847358384 
0.587351241804118 1.79036822424083 3.69492759363378 
2.26856141613853 2.37237639888938 3.41440943765353 
2.30842681964952 1.50084046592439 1.60526039098581 
3.51803228884999 5.40351218177654 0.853976762889194 
3.87177066358076 5.23697029150362 0.917972201706871 
2.79575271246865 1.67196454374999 5.6235569883068 
0.622311029337283 3.49310358148346 0.714314621065507 
5.53092330490512 2.68034276110934 0.573318267716358 
0.829571576189774 0.807218814758853 5.79616560478657 
3.4692522719593 0.539186873893368 2.57291758363992 
1.73289844745635 2.37210687730691 2.0433770605319 
2.84919680329672 5.44443676919622 3.79604598074067 
5.91903152606692 2.71663693955371 4.16074067435639 
5.96354502751258 3.07571888965841 3.97366329960108 
5.4463235169981 3.64713464361396 3.95221720188798 
2.53363544401013 4.8309361038471 6.24428901888307 
0.136065040363617 1.46186403106575 1.62796811374933 
4.76720909666826 2.45647984697974 1.84166025922171 
2.7078887506926 4.83991410478168 2.4397145558004 
3.05457332821692 4.82120396416262 2.53125709303642 
1.83096348838195 6.50475595755652 5.33755556252766 
4.19197055604208 3.11258658654974 3.99671574109924 
1.01775114156538 2.98914709505981 5.22999250224443 
6.66621453033759 5.48031445760401 1.55597567711328 
3.28381591189185 1.47416244196642 6.10187760888993 
3.22158534543997 6.7226142021668 0.758533893794603 
3.42021312240864 6.43623509842755 0.603315258806159 
6.12929932675715 3.66300332457542 4.3754269793297 
5.95971165846418 3.39019761024589 6.55367972889232 
6.02163953534557 2.9474946955434 6.37016615467186 
5.76357950588315 6.73906210054455 1.17305393125663 
5.47462917251422 2.78964651625761 4.8320564643578 
4.39500085208838 3.79084494964953 5.50515603022009 
4.44977606293355 1.51115109001992 6.77629346751301 
4.21429980586274 1.0784404690667 6.89300988717772 
0.627620164220802 5.89069650670644 3.83045024543457 
0.400248598694807 5.63960616661041 3.83845887705327 
2.42204844570198 0.755073970210719 0.760913656817666 
2.16275502262767 0.898349572176004 0.731566160800774 
1.87632709040516 0.954677716445772 2.06584506589671 
6.18029216065507 6.5415375713155 2.82772397806873 
6.8457250445912 0.861871356169646 3.82173207977276 
4.02862775830999 0.260606115353181 4.98749672105835 
6.3577383762436 6.19453802491886 5.15000878411543 
4.49039555616396 6.32912016322036 4.3772979831676 
4.70858106725077 4.97757469564732 0.344104438695713 
6.44828464804124 0.771793825587536 4.87935303110977 
3.53126238451538 3.19937470172642 5.578152579019 
3.20013002749146 3.3001120044463 5.40266985116043 
5.34954627989555 0.935442709948425 5.92017996922088 
3.91005081665369 1.78097996162875 3.24978034551517 
2.8717075081304 1.569907920968 5.38532803291156 
3.38285228149397 1.24409345417598 5.33218748692743 
1.03455775361222 5.70676582636247 2.43402293939714 
0.848191411893819 6.05446537678011 2.08511646059426 
0.359469860360771 3.58689662546604 1.29867619909751 
1.00008595288294 2.6214889235342 4.74950627054605 
1.57662412687671 4.07122500240711 3.19170579753822 
5.71229713679423 5.53654882313548 4.87796628259906 
2.19326622288314 2.533742042921 4.54726674425544 
3.34818009578941 6.89493389293009 3.53425275079686 
1.85908453996504 2.88218861074302 3.79819001445184 
1.9063559663886 6.54352099630317 6.47335941641072 
1.55240680460523 3.45204371906591 1.44216252261391 
6.16580605388076 0.783508596471897 0.43673120935202 
6.17121923256811 0.962026137858044 0.347839169248053 
3.34102371635282 0.90654132860952 4.27006017630087 
4.00907591831455 3.21375720015 6.52358236810607 
6.46813974307191 5.67367691753466 1.79709954370454 
2.49315105602501 3.71346821190543 2.22283731384316 
2.68460954647145 3.60632390050164 2.02296976939542 
0.830074986895727 3.47524884021879 2.48327190738221 
3.64701486980455 5.92340644502658 5.95413838020435 
3.17182076005406 3.67866183827452 5.84554782740265 
3.54298198436471 3.38779625362986 5.87624211349066 
2.22000343949361 1.01220508981059 2.29692660069285 
2.48002158353672 1.44303400827571 1.20926517619468 
2.1250987716457 1.34439796032196 0.968826797386531 
4.10307208317025 0.430586139222529 0.828778116165907 
4.35682095995985 0.768615778663838 0.621362246875293 
4.22686107636032 5.43291499890477 0.697787259252282 
4.36856423682057 5.12112757712265 0.341911615242854 
5.12143824176559 6.3543029005218 3.51463616174268 
3.0257189280342 6.86416854484933 3.48598420469242 
4.683940613685 5.99567060752163 2.17773127416107 
3.25182039331406 6.63770417385033 4.35792836808455 
4.14233878991153 1.40027221990335 4.34849596562532 
1.98567021945183 2.19261817952281 4.94697585069368 
1.63898354513456 2.18545858538231 5.06762670219379 
4.09041997434696 5.27255256970803 4.84536281723405 
2.05029398037123 1.66084041310735 6.63045761923485 
1.74265081167119 6.89385327117127 4.92285151457668 
1.74254378006328 6.89521710127216 5.04892138349299 
1.69845888836805 5.99713078378265 2.7234913555029 
2.95107961296213 3.15392913381549 2.546571331908 
2.92356517933881 3.50935614828251 2.47121916072076 
0.65914047628276 1.5660754834032 2.9154833635971 
0.255287429741833 1.05910417572341 2.59611122901953 
2.50889819637068 3.09014653976131 2.75901592364443 
2.61849257710614 2.77956836704498 3.30100843385066 
5.19127942006021 6.19799682816145 0.43245111423272 
2.97710192477918 0.464011036129852 6.26792886542075 
4.43341444850101 6.41373998605901 1.35625026644247 
4.52164663522571 2.59569110432621 3.64139640631177 
0.312256783540014 4.82177279359371 2.1705629667828 
0.485942865546574 4.96508829005703 2.02919367353479 
4.45472931902016 3.45402207483329 0.609193958637066 
6.74277805447759 5.5875929852547 4.84025166220515 
5.18893329733345 6.73821266510412 4.69354286334276 
5.70993002953741 6.93033836233234 4.71087171289504 
6.07166830743565 4.71247515502848 0.257517166945178 
6.05380356983752 4.7760371679113 6.95638268760731 
2.90148101858808 0.832561812174195 3.61966237025196 
0.674202307529903 2.8331631721512 3.49408188087406 
3.15031467431135 2.29205865276332 6.14860646096851 
3.45216405633406 1.80950859510163 6.3014381058493 
4.52100351304181 6.41984478568888 1.13281207316845 
4.82797599080362 6.21950482064536 1.09051944054762 
3.0815351117885 6.63171092265223 4.41888925414097 
5.45561313614748 4.94679986392486 4.33848914998469 
6.07043793725089 4.9821194830121 4.47436731784716 
1.59102595446116 2.69244510812973 0.317737414313132 
5.44103491680441 6.75761226679645 0.907848913384116 
1.98890525959344 0.338697816809784 1.14846359589519 
1.86728486599762 0.723372349326815 0.947141485217616 
5.13942039329836 0.457738559911221 1.58076321815738 
5.41051663311726 0.300453135798063 1.90276042791002 
3.81979143436671 1.14353577018388 3.2187848566239 
1.19485124835092 1.9547800585494 1.21651642067437 
1.27567456783515 1.75195076945781 0.999809021689083 
1.28108789034789 6.38554127719488 6.23960555773388 
4.25912817662468 0.688601230716259 1.90992152184743 
6.16072582892817 4.73535180174998 4.53864576920667 
4.84922031093022 3.92481692724591 1.49701619323961 
4.07818253532073 1.2543983932343 4.77387742940673 
3.74020450815757 0.874174376052527 2.239782383795 
3.54594167297239 1.02379691050762 1.63591247140221 
4.68811056042544 4.18492622130497 0.101163412801272 
4.59436516674968 3.90693360670531 0.0984599971277772 
5.42177921681739 3.96349548412186 2.07077856358018 
4.8765790590405 6.29922121748881 2.00502795941276 
2.36397805752319 3.40325568080051 3.56536864432063 
1.9967896206268 6.42679866000403 3.58570772133853 
1.86958176542619 1.60109105186497 3.64780834196074 
5.54536719433485 6.65149988658345 0.539903362349149 
1.52612790268247 1.43779990898375 1.52463475880578 
1.50272351128279 1.36451391389819 1.27291780448885 
3.20821908163256 1.81738915894776 0.480564523094918 
2.73194064930908 2.13198680595081 0.741006893854105 
5.11848571990833 2.48823163365477 2.47078656553906 
4.59432345612137 4.28021513246909 1.35909931537359 
4.26805665555651 4.18995129074422 0.984564102050771 
2.67039705540597 5.18008416639623 1.18306738330577 
2.83313127464615 5.06796842243873 1.15521967910161 
0.0997529851331348 1.27077666468288 1.00028512634285 
1.36251672169408 0.955450657068644 3.34624025478805 
1.71574945814279 1.09785156931119 3.48696713857674 
3.50068053610967 6.823866291021 3.7850387684881 
3.13327419056102 3.15209346738466 4.44073887064045 
2.95651950039894 3.21725122680219 4.67915297737979 
2.82917469794888 6.86323996725855 1.855884146255 
6.82192276428459 2.61388855633301 3.77016408942867 
5.84031805447902 6.12928886086397 3.94578446921863 
0.839280876512313 4.99676132541369 0.138570909909629 
5.73921384165074 5.71825976854599 6.75491891435272 
5.93178221022122 5.35359020080616 6.58070377640285 
4.69679721080768 1.10411607900943 6.48058044729879 
6.81298564514047 3.63491575168466 3.44008888488976 
3.13268985511961 0.947650451686475 2.26482728866331 
3.36667219038154 0.562532419318933 2.58792218654158 
6.43496391783299 5.65348449682715 6.75494749383308 
2.0016199104725 2.18977128158502 4.7015850368526 
2.36048743376234 1.7581415860334 4.52280514926731 
0.165410638428687 1.75531486469263 5.4139171745791 
5.59261600152137 5.54525722570628 3.40723291195778 
5.53021769096965 5.29769541263734 3.46482191718373 
2.50935346819247 4.57642289413808 2.59723311594959 
2.98700443584453 1.29519006445987 3.14631005252536 
1.38253071557757 5.9036838759061 0.25732742497995 
1.03353452219673 6.87701815311268 5.16182734110616 
5.93850465831421 1.71815365033814 5.22831296669213 
5.64046101211627 1.9728734104954 5.30904493855106 
1.13579236920543 0.951108878429269 1.01103186461793 
3.68796843526009 0.723674021336478 6.57883834715458 
3.43164399312429 0.83109970081044 6.26118963398417 
1.45315260495531 6.64549667821432 6.09513295075416 
1.83837561393605 6.72208707780956 6.25564440373237 
0.394138076143416 1.4897005228073 4.08364252080741 
4.61331870680314 6.25284753587671 3.31887921360107 
4.52954487745681 5.83038659867454 2.78334676842205 
2.38913621285378 3.21152981153276 6.33125391550543 
1.49770830861714 4.54520632844162 2.54335633468773 
3.74025719546226 2.72925825714663 2.26735026605049 
4.17622074507093 4.76798247095552 0.344794315287019 
4.57168289328315 4.53812104829578 0.335288663289861 
2.26769740457652 1.01409535702502 3.19330819779721 
2.23776803160643 1.203217504779 2.56481792710233 
2.70024585947132 4.16274883082716 6.38868505067603 
3.6176867946834 5.26498187855189 2.25455237289864 
3.93857695780312 5.26073324034551 2.81117679933479 
1.40382593492759 6.34007888089747 0.247304530929989 
6.42759877219008 4.04976327087343 2.55202704288736 
6.54848911370067 4.12827593355543 2.94145356658213 
4.03349624579793 1.09447978764679 2.51104274364315 
4.33916282269852 1.01743824670286 2.39052377391601 
4.43288775794506 1.17751574735654 4.15735018790028 
5.38089405403946 6.02498408053865 3.7498695076913 
5.63326148819511 3.90177328120496 3.1878096629251 
1.82048896137866 1.3176273527122 1.51611207573957 
1.79100141616393 1.24853598267432 1.25160319751632 
4.20250250090971 6.91344652376403 3.24914038711793 
4.41883570704154 6.77169056248562 3.10753378729131 
1.30531492459043 2.53098440758933 0.457878495166143 
1.48623371567443 2.19949932497011 0.795486403170333 
0.744968895820372 2.07552476596511 2.92246735332699 
2.39481395928243 3.39539156802004 2.73336648731387 
2.66395333336505 3.62850585221061 2.53361860253626 
4.1280343123026 3.73791044116093 2.89675190848785 
3.7293603950345 3.75946395137415 3.15372063848487 
0.839044012249684 4.38592275797448 1.37527654273692 
0.847148557513237 4.72433734043705 1.52824607857869 
3.86238965906281 2.56645738208713 4.49010834714041 
4.05439283876629 2.41328248658785 4.85282867277506 
0.252924550475505 3.69767505628361 3.2555466623476 
0.732808980506211 2.9612296012646 2.05584212878694 
4.98159598186929 0.99873189551702 1.52610836541581 
5.48292875610511 4.32758891733638 5.05706578572679 
3.37338601424894 5.78433370601392 1.39718608032156 
5.26035552567782 5.88381307672561 2.81034028640464 
5.17815049998835 6.32977373698896 3.48875935914289 
1.43785796376632 2.36585541374818 6.70713386124511 
2.08420879619073 2.04797460329752 6.60440501004277 
3.96388637536937 0.760656041772027 1.58215474116455 
2.68934909562942 0.130819454844839 2.79084816276247 
2.92142359781087 0.260196802149223 2.39615303889009 
3.57222837192499 5.37414569637503 6.43512635894221 
3.57345291311218 5.54734417963967 5.96599190705438 
2.17193618542032 5.50057135104971 3.20033388343883 
1.48471036038482 5.03981916759157 2.8227254951615 
1.5116799472928 4.58432382810171 2.66599938232896 
2.55077176472973 6.39103505977448 2.04449382601413 
1.93807565642158 5.97125073386488 3.18570215261753 
6.41739408733665 3.99912880443675 3.11512891990748 
3.01916906006871 5.24939533419945 3.82086256803367 
3.03285178954231 5.37851947055377 3.75957554193408 
4.93691435015428 2.44940611177064 0.863669018046122 
6.91609787592563 5.31786143069328 5.59813297420907 
6.87890803698514 5.183438599786 5.18230246748346 
3.89497791509948 4.17873351852369 5.94527617739192 
6.0383043252389 6.43570121115277 3.82225611997888 
6.19348934154861 6.73834200871072 4.1580637082322 
5.76076075614078 0.190929539664836 1.3564101709472 
5.7370912721885 0.15212939974411 1.74069237503558 
5.70396264222706 6.34836528492721 1.62056229592466 
5.71759561647361 6.47028068135686 1.84621654912631 
5.98955825847492 6.61509392951873 4.53623922804459 
5.75438531989353 6.14588440762269 4.36065149263464 
2.60048270980216 1.12662050487842 6.36974751355813 
5.16443476492148 0.923079182897251 4.53449216223375 
4.27216009904347 5.50180169257246 2.98972566548378 
1.75764293589367 2.84666091015845 4.1893439274667 
1.72580066807788 3.27935056020524 4.34000421742244 
0.856927667484587 2.20855883870222 6.08549058095524 
0.626357421500075 2.53461463342198 5.94573165695322 
3.55036519203238 5.6789902529752 0.673946641063004 
6.48711319388653 6.26243442012518 3.05734885496332 
2.12063410069051 2.14806039887735 6.32284367908076 
1.5796329387519 2.62727565416613 6.19452303355533 
2.65609033292117 6.69543370493464 4.16185893474604 
2.4319701015991 6.32207217543293 4.08477292960553 
3.29775194341598 6.19635109713843 5.01508521449441 
1.08867043579037 2.77313748009981 4.40038491468519 
1.34319838349498 2.55590560221026 4.24887004774446 
4.66690972187475 1.37716347826969 1.84279456681509 
4.57790882990595 1.36364391104781 2.29827149681621 
3.66985119067953 4.60468973792273 6.62541766056648 
3.9887081507678 4.34554704336897 6.21951965006279 
5.83316685870522 2.89928287075158 4.60216871957456 
5.80388603778308 3.28157618569638 4.56896696128423 
5.6701766927834 3.15815954844465 3.52611630109616 
5.45652836418751 2.87244173411512 3.41554827208706 
2.31163516641977 2.65274616462904 3.68631077921834 
4.19688539434246 3.77853646593225 0.875190229043831 
0.168714927939546 1.03656899960431 5.1965979324016 
0.152358698295685 1.56449662680145 4.99207175723156 
6.29802335189259 2.20679036545008 2.37446143661161 
6.31640234810887 2.42835145207757 2.03064598710688 
5.96821738709448 4.35544096128805 6.8672973600152 
5.68278074580886 4.29082190815184 6.65454808766821 
2.65249681847177 0.185649450732744 1.77773348500375 
6.2182560788237 2.48505038884841 4.14698642310617 
6.73138034699288 2.69657226855901 3.92104119563896 
4.40954414587666 5.41425175873811 3.88302176215496 
4.50372311333596 5.13242347431991 3.41348240927031 
3.42645568963003 0.643602911732776 0.437550729787272 
3.63941888295461 0.375184018958048 0.723367796378365 
5.71812925674648 4.24900344699798 3.42359737568188 
5.92851381050472 4.33936840952394 4.8861187239277 
5.92308860740222 4.50892419311295 4.53187723058125 
3.87963242095938 1.37515699529764 4.1601362966808 
4.98651147787158 5.47250451708104 4.03214679123873 
0.519622878521292 3.86446171854083 3.6057945034378 
2.40388813266195 6.39240724981295 3.80080741562516 
2.62684781291656 6.76549638871962 3.89851710210465 
3.86548244961509 5.13721135151805 6.47968341051863 
2.53763039664802 1.08170798658813 5.28193913663562 
1.73800586852353 1.54863162882194 2.71106449800985 
4.79858222528057 3.63881730924903 1.35396253994028 
4.36200262734978 3.56243459538594 0.984674460923851 
5.58428517221796 2.94551655834912 1.12796021052722 
1.70875589645244 5.00716108071656 1.70518114999165 
0.355723346039883 4.43044122635772 4.72222638463931 
0.345781820277725 1.56178938971022 0.743491030770208 
0.665656838311536 1.36504356074095 0.556297238242712 
1.98997810352249 4.3105746181703 2.09354222140911 
2.05904905201119 4.50269415237078 1.69085550767593 
6.81420336720866 1.53170487081133 1.72287264030061 
6.28306763540536 4.55854486616649 5.1419515943228 
6.37868017481657 4.70734474382581 5.01331864347245 
5.12176478964529 5.97784272013788 4.02891180905651 
5.27060534189607 6.04951049724627 4.39650412477215 
0.7957132096708 1.11870030216334 3.5381348022717 
0.677337248874213 1.56472563907478 3.84675441854865 
6.82446323568064 5.88034935542009 5.68646042251196 
6.68284536068838 6.07081566025448 5.14030670979226 
6.16319518919846 5.99204693695608 0.537142569508908 
6.03910065226058 5.52614290418168 1.06313824912374 
5.13673532032113 1.40386795501561 0.658335995539457 
2.10120962982839 6.35296571455337 2.07688131766775 
2.31188603888704 4.30462200562191 2.13663768048434 
2.41510634508217 4.48457947276239 1.76484839588332 
1.13037873606795 2.40532436516289 3.30990358880512 
4.92997389333216 1.32628136763627 2.497519372902 
5.38197370576636 0.387439436973931 1.1778799845267 
2.32840469210366 1.64278572173687 4.41079231985691 
4.93681047076407 1.87161271994285 5.21131758709322 
4.62940365662796 5.89225774038992 1.77835564718186 
2.97212067236295 5.1103364478962 6.27306977839226 
2.00378443933319 4.70248766412515 2.94005083102765 
2.06215844172493 4.50882121642036 3.22441837593624 
5.52382266876547 6.28521614344565 2.54977166993523 
1.50403749284125 3.56239021736746 3.43500221142674 
3.88110482156178 6.41968529261011 4.89925031593084 
4.20494208657887 6.10381008456287 4.75712809455147 
0.28253054910886 0.939148645951519 0.935503598221991 
0.675571078071623 1.24164151950019 0.564629929285118 
5.17209336395815 4.49182902188531 2.43459363347549 
3.98954250382421 4.09875937119714 2.65350709383547 
3.63347492012118 4.15338859376303 2.85181370191968 
2.99837689561628 6.84968053915444 2.14615785652484 
2.42993966932988 4.14784461124098 4.29045467360521 
0.803360510906294 3.29287711664837 3.39880717100369 
0.264318464065164 5.00238429089849 5.12327246768172 
0.201397057716688 4.57674431753635 5.05233910927702 
1.55518098457206 4.51841202336162 4.82074950116009 
1.51283570875127 4.97051492347926 4.86285161129323 
1.86367353763238 3.15865328309082 1.67021006127028 
1.62472104433361 2.72348080029074 1.78093809258107 
4.74370141885013 6.08792485698879 1.65885413125624 
4.94075622741967 6.01267075129476 1.45946534660143 
5.70770662403463 1.97157944520002 2.42721393664804 
5.54590984866156 2.06596502468005 2.6417605282119 
6.36291311956554 4.28014236361641 3.94590635019234 
6.18638061606512 4.34228858415375 3.40993811716202 
3.55052385837569 0.398103525968403 1.23860416062357 
4.11477327363218 5.70594835735908 0.55476342507252 
3.59707697713782 2.14236103368594 0.451855623893527 
6.80077155797011 3.89325153110105 2.29585897414662 
5.93062891494053 2.42270447206872 1.76496048980991 
1.87213951194631 3.34564750299038 3.75571671675662 
1.80597219781556 3.50956022603949 4.07799802223091 
2.76910284367776 5.59409478442135 3.46206854936004 
2.63970645967228 6.03023535277904 3.30968777523121 
6.26896399327003 4.0595305223207 0.433119096997217 
1.29640554304153 2.22531714863438 1.15660667993671 
1.61427858864003 2.62910853918418 2.08119079647713 
5.08434426657448 3.02074901688251 1.56378231507339 
5.32746684591546 2.94492757612166 1.84363025893918 
2.68042452901868 3.61126768895542 3.83520546899526 
2.37102458852608 3.76042733860537 4.24510170659298 
4.19341466529239 4.5276790902546 5.96248054796582 
4.08896580563395 4.38153077864962 5.72533945427957 
2.65141822742839 3.45494917786451 0.492310539748707 
2.34452092708073 4.92578695382522 0.333056471954514 
2.1712134465519 4.65794250141023 0.191793453272434 
2.96019736943021 3.66360234640458 6.14966498227191 
2.91997497286606 4.11708845038242 6.37838993021326 
1.61417332798545 1.54233296373663 2.9513291747754 
1.82344632671653 1.26341608874009 3.38124873446511 
4.07724517283911 0.643538201324936 1.86093882908182 
4.77213803982739 3.62859197329924 1.8385020998538 
4.8270517265532 3.88642809601783 1.77252844669648 
5.32200200409037 6.47611792824976 2.13587011448646 
4.7234191567622 5.70639495697185 1.68929737688069 
4.95425412019558 5.88595569876852 1.44188770963055 
5.30182799736018 3.288349420856 0.245098391250021 
2.65155396593748 5.98304096228186 4.23344185272704 
1.58960896440448 5.90925093938591 6.46215514143696 
1.49952146552178 6.23310263493036 6.50740631443036 
5.93120734157036 1.21264936477313 2.20335264908173 
1.19237304175951 1.11156988561552 2.99919897872495 
1.43110081535176 1.49559916721771 2.84133572040559 
2.26551492440383 2.98165181482586 6.12932843075601 
2.52479142234378 2.44191884744267 6.23320984965061 
0.604616302872876 4.41055064948029 5.81337372225037 
0.529877602033822 4.30362186535142 5.70217466993355 
3.36057036299004 3.72730427059057 0.32525215631385 
3.17024962883076 4.07098640781186 0.194461275798469 
4.39380981094065 2.05344742166115 3.11922407992773 
4.51172674318731 2.06080503896074 2.74282369175174 
2.57208336431204 6.00741846667922 3.22293306043367 
2.55011260372126 5.61760741317589 3.20659906796084 
5.92663444738054 3.34127311101246 1.94764066077848 
2.02886952974841 0.265838138407474 1.72454748653286 
1.64825283010937 5.51086561853893 4.24844675794735 
1.54175530473437 5.49015050506754 3.87570053133578 
6.78506724161859 2.93332476638884 5.14314003082369 
1.10131033569774 0.98335033767666 3.6362216592947 
0.146149784222559 2.9842659645809 4.96529912861721 
6.8146155194564 3.22383086601155 5.1750564278978 
6.72752548977688 3.31979077084234 5.61808122158156 
0.562901400316301 2.73611926122527 5.1002281599614 
2.67120481427766 5.91341984089253 5.02236310249561 
2.47903373384787 5.81843414735803 4.42884795242678 
2.9970414503197 2.5700294055861 4.37175773979893 
2.77245348219066 5.1712353597466 6.32589499843723 
3.52413638447615 6.39276388866394 5.35533321186229 
3.55956618799501 6.71116183907869 3.42344475749612 
4.36632684223466 2.40206194019184 2.28385433185035 
4.1006374229898 3.28077147252034 1.95755727297905 
4.23781643467164 3.55293044358811 2.15102300910988 
4.97876199344512 1.81292091178375 5.78549842308454 
2.25838847072394 1.2192979664377 5.00142697254334 
0.811899031296583 5.79137379347937 3.63129557278605 
0.227133852644525 1.62368242599815 4.06679946358918 
0.266949472840569 1.84224907706149 3.84490824581348 
3.06373467568561 2.90823837272804 6.61711480627175 
3.2781144011807 3.21459873173309 6.47313614184272 
3.21424066769332 5.1316869975052 6.55031250747733 
5.34168954424626 3.33855542243983 6.8020799382158 
2.94561915138774 0.989197637005901 4.13750916765511 
2.50086250836565 3.14697436814652 1.51762448664139 
3.64688381616546 2.07988531540903 3.88754870529809 
3.66617451715837 2.15768683045267 3.57780422219656 
2.4894201564248 3.53883687901475 6.10201056092814 
2.35195621492356 3.75266400402091 6.19486683554633 
6.18442237703253 1.21501905879655 1.45917676948841 
6.43051601853306 1.44497829429165 1.31182251143137 
3.06168673602132 2.67699860937036 4.5014508180566 
2.85819917278106 2.85560272245044 4.78153877783787 
1.58739485766049 4.98207621718089 1.46007875616042 
1.66395036605572 3.75093950260001 3.16338510370601 
1.55117566613303 3.58746487743048 2.77346791382491 
2.68185689981203 6.05795288438359 0.316743407879269 
3.16964594902143 6.04450949695527 0.391568686697988 
2.21398969417164 6.57000357208554 5.50570508342121 
4.70985117881872 0.681947969709683 2.81878274766096 
4.43450067948338 2.73515993694792 2.89961622212734 
4.55460482998651 2.38445527936425 2.59663555132164 
2.5231183946892 1.83571620656879 4.39629151896273 
2.49547064191194 2.39908403377695 4.30991664003397 
5.7244094814087 2.61943586446806 5.89567964734373 
5.58346003816171 1.99903491366826 5.95136337111958 
2.39846245265184 0.337203310380604 3.87684442710936 
2.64579801365063 0.533825759439096 3.54346554923576 
1.18843185532296 2.66999646630722 2.3151023807296 
0.841085324429685 2.06460317019711 2.86112423519968 
0.848935187483437 2.18068966214506 2.46146432089978 
2.32602526390998 4.03382355481796 0.948193517936801 
2.35940201563177 4.68019987377928 3.75750675804149 
2.02277417167854 4.65971314438656 3.47510475885955 
5.61385803859581 4.15395699048616 3.89962620007381 
6.01380083541989 4.18032575061027 4.17948223017107 
6.0652484545699 3.76235270544325 4.92031746387399 
3.68586989618799 5.63374056176967 1.73942570200348 
3.93733878950399 5.91873295814914 1.80059593146385 
3.90383209803811 0.445266304315713 1.36816845364567 
1.89609854743888 5.02976695071447 3.38188011614823 
0.995704537581601 1.56185550173631 4.68924410099917 
2.10389543864136 3.30936759078255 0.977479188914554 
2.43881043245473 3.52681038242515 0.932846957293408 
6.28935892207223 1.08947201063489 1.86766950784381 
6.66650438164294 1.28777670433726 2.03070377229692 
0.437454557976439 1.86465425072266 1.690899476833 
5.47888589203745 0.697978679602753 0.504068448917401 
5.17311881567042 2.50572598770506 2.04953220200617 
5.57963758903939 2.13587243727575 1.98239664153352 
2.79146594029988 4.23539754848956 3.92170452278801 
2.83643691767265 3.83366482787471 3.71104089317765 
2.40481074977682 1.21384910800103 6.13612569941654 
6.7297624544473 3.56542147609723 4.08795134025671 
6.81141473799878 3.77481656461294 3.92466639389929 
6.45269826814202 5.26361319427826 0.936817956972738 
2.13160451682603 0.38472164655391 3.80741449278501 
2.11916811742256 4.88410238792084 4.72894868322762 
2.09685495866243 4.56667616284494 4.7029669769791 
5.80754816869264 3.83248278998016 6.27630593746255 
5.94255180005748 3.7434277055463 6.28837365759093 
2.13482343239618 3.41926460137218 6.69255363220035 
2.12949335754856 3.68080786284086 6.62704586327721 
2.02955964968784 3.00810903745865 0.494510694809192 
2.42635909765588 3.17458996344226 0.248359486901023 
3.63661441745687 3.06041174441286 3.03272716692443 
4.01590060745302 2.83378154615965 2.33029415419437 
4.10040004788869 3.00005149023556 2.72347458091339 
0.104273414633998 2.85357889654561 2.85083904182558 
0.195268881791035 3.01371005725596 3.16403923685037 
2.16716882056739 3.05058667744149 1.42596619363507 
2.13571123729617 2.63107160024897 1.4053891582113 
3.37605266703905 2.90478444604235 2.84830281892727 
3.24295240969328 2.64751073467085 3.22010219584886 
6.86865622093145 5.78274680213961 3.87054944114993 
6.73013057103249 6.31450754315417 3.80442059590111 
3.43107690140093 6.06769273442418 5.81648796294484 
6.13029507585947 3.59519293072787 4.71722089591075 
6.54405075780839 3.57629970839761 4.95186102425448 
5.28021045046468 4.45315028504088 4.03393207195522 
5.32267806075916 5.50215220920081 2.7817663612696 
1.81095003489927 2.89766866169338 2.4928672032628 
0.816526951343775 5.31820308661577 0.447489892573029 
2.2754215464966 6.66519464377935 5.82330651933486 
3.85775441724963 5.70091105426424 4.5577077785811 
3.50044156762425 6.20850260524764 4.78478095078682 
4.72014953400701 4.40210136087319 3.00960049842429 
2.01616492756106 4.42789838172383 0.242983204322321 
4.51714270872752 4.23955169306729 3.9506241173935 
0.315712241233488 2.42689294586602 1.56826545999787 
0.301517151218979 2.09230282212032 1.81022796497033 
0.638025805187276 4.87300419305001 5.72920005768456 
0.488435421316806 5.09625083298379 5.44053770107834 
0.356186872110554 0.756354315513043 1.99478896921292 
5.19233799351484 4.59749706144859 4.62563926631396 
5.425099351799 4.68656139526983 4.39140203162087 
5.71696545281957 2.91117278630043 1.69104805825971 
5.7949330977864 2.91132348341279 1.30132676651369 
3.12941036259663 6.37755793751175 4.50873445217495 
3.07445899184819 6.29709763647416 4.91627945789451 
2.03307671381322 5.26078847155577 3.50233250401221 
0.553930014909718 5.896622491393 2.12414410742004 
1.16581058190021 1.15284241803639 4.88881536115558 
1.39434209579721 0.935479998571788 4.58315422498207 
5.27281015936313 6.56208164793636 3.42844401508322 
5.49437535865718 6.69055190013181 2.93288810930251 
0.64885960944204 0.543120041274261 2.4383925403423 
0.507677140287488 5.17480568491649 4.78642047434815 
3.1816712715423 6.67750251474402 1.29863938885366 
6.46524423824673 6.19447255441639 3.60229410842747 
6.47971302682977 5.74689287418705 3.61729404878075 
6.00061865070792 6.05273027769669 0.35330918795595 
5.01017846045678 0.936125834727236 3.20607423701958 
4.96402063709158 0.856125508755843 2.83577261228323 
5.87474238175332 0.719661157056027 3.08909214324327 
5.51427074305227 0.846845356247547 3.42053885876031 
2.8232455078882 3.99105482509869 2.87881873938324 
2.64203227593954 3.98618143203189 3.21310329627461 
3.55503885945858 5.77577699095392 3.38977161366957 
3.71550897641222 5.87850953830856 3.65610770505966 
2.25862872600543 0.663096813630543 3.26974474709587 
2.2522203271454 0.386260595065851 2.82840348918936 
0.214488527826294 3.14743051144308 2.45831603004742 
0.308547156075284 0.49313944114892 4.33064174524188 
0.479715119032909 0.693183361404283 4.9482019067224 
0.167880749594094 3.90310178876747 4.04397751791493 
2.0299413822328 0.59740991717829 3.42793295416537 
4.95555798484906 5.31514882477307 2.07204403594901 
4.86635641569378 5.58214209884516 2.61088534740165 
0.539783410121614 2.29458088109793 1.20982666972969 
0.614922847607135 2.01222864709991 1.24956179855644 
2.11137778824556 1.75533129296884 6.00371683090241 
2.08686617578733 1.4815258505347 6.22010236036514 
4.58730729377036 0.685966523294712 3.32191504318977 
4.51078841107014 0.617662496622253 3.16558898705181 
0.353478912276611 5.2510475794638 5.69616855226784 
0.471647870442509 5.06752028393212 5.9256104528863 
0.967105851775821 3.81843377316605 0.454171460469137 
1.39921632127713 3.70631863164677 0.475050814352273 
4.63639454563191 5.20081138459231 6.09547015187304 
0.681606268819129 2.54222807698617 4.7949401975269 
4.93264648669455 6.11097959217581 4.95477493785102 
2.58361544229673 4.30847378833538 3.21641750688204 
2.76383285564753 4.35231775613912 2.88642682885921 
1.57063255271624 5.7999007037257 1.55836071700134 
1.72993051288154 5.51597198692929 1.96635953336084 
5.76917529101358 6.97027728303299 5.15913881217615 
2.51668164585262 5.41313191716054 4.3205587786928 
2.79616824449512 5.33961627998128 3.86322313408535 
1.33458154692967 2.62327331606272 6.11242499427878 
1.05611446988735 2.87731797437513 5.97185254975313 
5.4077134236407 6.27061193550352 6.17056826665732 
4.34671406148841 5.62473542909064 5.60889806245482 
4.73249134497696 5.45222035220473 5.89468113229986 
6.03560072284807 3.90288650769103 6.31055397427062 
5.8819827080665 3.97094995281127 6.29733177892808 
6.72565113152366 2.76622512566704 2.95223378239696 
6.84888926092812 2.95458919005887 3.3035524606272 
3.10095077850883 5.7393259101714 5.22646925005782 
3.25719932017827 6.85931476461847 1.45898601335001 
3.61714730003535 6.77729004736098 1.71145281925852 
6.73542453214229 4.75699501762836 6.2796659567772 
0.423879907952521 4.90019942239422 4.08886802264451 
5.54548680214984 1.17818618676261 3.55260993885833 
6.94503695661056 5.67484884887834 4.62667928714957 
6.88601600431853 5.55625077365969 4.1686075699683 
6.07465532209859 5.94260794267783 6.91193968286068 
6.18203120145154 6.47051361227924 6.69301320318039 
3.34083189866683 4.63834128334415 0.428568265225782 
0.329310925770179 5.51011196498173 4.55822003975736 
0.247196010025775 5.41996089516241 4.17199297534697 
6.07465416398103 1.44597351238537 2.48595044259453 
4.60918742667985 0.414639596570263 3.49748224700155 
5.74995593819624 6.7606469150805 3.4951094794766 
5.83139331660207 6.80441955132481 3.06896307307837 
3.8466028014672 6.24628504615926 1.51542335258199 
3.55391445751921 6.15029895135381 1.27416507409047 
4.74441702478403 4.68252469600601 3.42661912839443 
4.44785053358181 5.00899091811964 3.40953522560339 
4.99222650835052 5.97280974976714 6.39339220643254 
5.36822648090755 5.99092447333453 6.25672853208715 
2.39678123569316 0.454814879665134 4.27448908973828 
2.27913649763216 1.14015202926818 4.60670592842891 
2.66064328892431 0.774111259401969 4.4305795266045 
1.39915620894166 5.815663258201 3.84689892432163 
1.56048220362326 6.09538679359201 3.54938005143593 
3.63627981852255 4.65204609097268 3.87059120271145 
3.72504672532863 4.27828584324915 4.01950705125715 
0.592898020435947 6.31394742949263 4.8650792388832 
2.38771290762523 5.13327650072685 3.83344355315008 
2.27374099502301 5.26614399267047 4.24968992591321 
0.745509764718751 3.57161380161125 5.32226321798271 
1.18467131148366 0.966558800143734 5.8152595202407 
1.04435724317073 4.76412300966801 4.40580073004609 
0.586576386127235 4.82077002998512 4.48255152675192 
0.760974160389528 5.20607996883326 3.26976951728035 
0.461238332150426 4.75263360566196 3.11087292502586 
6.0219323942145 6.47123567406264 0.455250808197308 
2.87850515788154 4.60040569509712 0.66771375735303 
3.24644507870519 4.47650686085032 0.514668782107154 
0.684412796683816 6.41479841367717 5.17703211835915 
2.71706588116155 2.25590504053732 1.27810175512602 
3.03044351694 2.62318223482914 1.32041346074459 
1.42920929081273 5.96005195089079 4.17915301602161 
4.68692642466667 0.374200210764149 4.34004142916451 
4.38781438265913 0.450511530556344 3.91843923216634 
0.998118942226577 6.67330855951733 1.71359114419368 
3.1532382438791 4.89463482344178 0.466958890227886 
2.85717814972813 4.78356209385292 0.637018938498083 
4.4566925544519 5.99896598928251 5.06291668749218 
4.4624343641063 5.63576575852189 5.15248264843054 
2.48074612866512 1.79413262324466 5.64231173080058 
2.64421012683894 1.6179930272375 5.61843872350841 
1.11519892799669 6.32552510707163 1.45870228056239 
1.54418244700624 6.46810408825165 1.41425432907662 
1.56821304902649 5.79248716823066 4.36105419966956 
1.89431419037327 6.04638712867252 4.48630564635132 
3.62317046281518 2.9568217930785 3.28357124385561 
3.33073111488627 2.68755558195857 3.34995730952718 
1.09717272910679 3.2702928525334 5.29126243646936 
1.35750848742342 3.52816503909388 4.97702705393982 
4.0423532079761 1.20728783056992 3.52627623919712 
4.00078981066636 1.09408629705435 3.83444970331994 
2.43374902676767 2.50093483817413 1.5296385346059 
2.68130033358333 2.80318672565415 1.59059659795844 
0.133775239846664 1.36358827171924 5.84591413648715 
0.388516055100448 1.30599932563669 6.09720537262831 
0.983110445451639 3.19481413551607 0.894955686339432 
6.7631513232089 6.12576326777434 6.26805241206341 
6.6039373057682 6.47626753630288 6.34042884688608 
0.928736950408137 2.75621079076695 0.758004475066847 
0.924727314684462 2.53837532550507 1.1426226728239 
2.99993669761834 0.52727037017331 4.75730107409333 
0.133389141538306 1.16805652912408 5.80402621797817 
0.380789998478071 1.08900153805883 6.03706882336792 
3.51854360933945 6.20063987779435 2.53675749917701 
3.3426813849156 5.2401445856614 5.02281663775426 
3.44281504697252 5.08605011283449 5.26303839637549 
4.35912310599701 6.10647445196751 3.68023719236679 
4.48852033285563 6.03295039512447 3.92589388284924 
5.135237047095 4.3860338085209 2.86140268467893 
5.28155339721199 3.98938358230148 2.85968855789869 
3.97680482342158 5.31282425516287 5.73780462237033 
4.15004898926978 5.06929607117257 6.03223661190987 
4.14532394000079 4.4428418127889 4.16506626744041 
4.03436556150131 4.82401596209584 3.9938003266442 
5.98079679396996 1.36531874269556 5.66050060917422 
6.18450567011953 1.34319552601823 5.86457694575514 
5.32856026126085 2.65729865462734 6.51986290683142 
5.13444678182999 2.83082471125054 6.63832260518507 
6.0498778713833 1.36073697687385 5.99004402371413 
5.86374274327212 1.37905809057509 5.81328342305916 
1.21552235091405 1.19245534952439 5.94379536998359 
1.41750406384803 1.11713063196062 6.16863204723237 
3.16260776526902 5.75409895349311 5.71355722306052 
3.31298933019136 5.4766016925124 5.8256305944993 
1.28493805160967 0.829702658305849 5.87776833663247 
1.43735442675815 0.884196045620792 6.11313520844935 
1.64019767895179 1.30835482509674 4.01903040232391 
6.59172593726035 4.16617975107015 6.19063715603117 
3.52786175947417 0.715534009960926 4.91068183228257 
3.34096045143705 0.591275118011182 4.64077013581112 
1.3607749845408 1.78722171241228 4.12892900081897 
1.71298100328747 1.53105728430786 4.00883324586421 
1.25952733660555 6.08673385486711 2.73516949243986 
6.77627722447791 2.69564367614972 5.91268404843737 
6.88497952520627 2.50374136996089 5.59998842343159 
6.69057073249232 4.87152838719678 1.94840159018089 
4.3282850677529 1.08701262755001 3.59891582750794 
4.24875130183132 1.0102476199444 3.84764073386309 
2.09314749262804 2.70306383362358 2.61243977655893 
2.13689196327842 2.37536049229253 3.06507178185887 
2.10744850884408 2.35574214883201 2.31883586092871 
2.14222897375796 2.04427272481391 2.60640112516125 
6.68343416495291 2.73263183301323 5.41348738658602 
6.60616976231482 2.90114863309641 5.70651213268511 
1.94663701396263 5.6154205589005 2.08252195952403 
3.51271643309547 2.09966942435775 3.89695284838603 
3.11879558069738 1.67841239473964 4.2454642316664 
6.68530832818244 3.02863303098 1.02211033913932 
1.87726392070308 6.2049602385792 4.39780540512254 
1.58245999901824 6.21753245027014 4.16974978224057 
1.5500740173131 1.07173017859825 2.16334895688428 
1.54976411669492 1.50052792324595 2.6146386066309 
2.39099380351303 1.77214505291806 3.7839881509088 
2.74111805236695 1.5751478998564 3.68159070299846 
3.67967633846624 1.97570520138976 2.35497609061567 
4.89349888782577 5.13980562801219 4.7841239329502 
1.20283510143544 1.593555293541 4.17235191172778 
1.39362566910858 1.28244708289334 4.09289071893242 
1.10373614974859 5.72045685154099 2.58323021347017 
0.721109676341329 5.68490771477832 2.94767015547422 
5.30850575440384 5.57169258591063 4.76036770898269 
5.14967276767165 5.27043717807699 4.53950088146214 
5.19364887906754 6.78932764730431 5.18840458268442 
5.10992908503493 6.50423484792005 5.34579082555209 
2.89492707769265 6.27947834632247 3.13839134607128 
3.36189903536684 6.23307995455137 3.13726003394342 
2.3930113485167 5.41007793822994 2.01731518653713 
5.92172457282132 1.09600640651741 5.25302058712889 
6.26760384658702 0.709098778561495 5.08796004298649 
4.77987848961858 6.6112293938261 5.61594256214441 
3.9844178419878 1.75544589442859 2.58676979870764 
4.27746242505528 1.88140942873524 2.48143811539621 
3.14298882954125 2.41838585686641 4.40904982241787 
2.97162704139521 1.88705863975683 4.49096240025519 
5.70539074389987 2.18985011091502 3.28188773664667 
6.59628975239194 2.4246563071158 2.94570191639123 
4.26772927518818 5.6973362995815 3.87051312844031 
4.18558196340536 5.79953055003737 3.65680743782964 
3.9975961147296 4.94706929908724 1.77039529734067 
4.32233233918993 4.85409368401477 1.89157761082704 
0.223355991015644 2.45735663182091 4.00380809369741 
1.3270574119786 1.32847923188939 1.80482522449251 
0.654241419135517 2.64639121014546 3.84553266133216 
0.712361593342434 2.8326184004071 4.15421444683563 
4.85303449701706 2.2744228890361 3.79146822789067 
4.97946413746576 5.40625677458182 5.06206964252412 
5.20430736123629 5.60866420510305 4.97210964274595 
5.86607103179283 0.471092445508248 5.0393925206966 
5.59880471377752 0.804587115828487 5.18253096058798 
4.21867161286612 2.13555675215653 2.21484389513971 
3.86311774536145 2.1913853348919 2.16225541066798 
6.49060613061199 1.90497007352822 4.74183347044383 
2.83893900739993 1.52313841975974 4.10504576742093 
2.49419586781566 1.71980118968925 4.28162626883933 
6.15351731314522 3.57602342557942 1.46785305788728 
6.09248462163119 3.26152582228994 1.13936605283499 
1.43148254761716 2.91963801950778 2.70513186007032 
1.35973415336287 2.7433318556383 3.21110661271177 
0.480465544737372 0.879225325996871 1.79799751027749 
0.477263186643862 0.700214542835557 1.28515862459536 
6.26588871729924 1.64771731579933 4.63510591800695 
6.46125852328352 1.4423172735739 4.57471767261761 
0.9114220808634 0.84654910748201 1.75285622010548 
0.840309089658497 0.672903247904525 1.31425988546739 
3.55385700720261 2.56834357027144 0.599372348958166 
3.20004407943459 2.71091581167895 0.736948191467834 
4.26778853737446 4.52703380140504 1.79252267487916 
3.99471812950283 4.56927606119404 1.68724880838108 
1.29252391953044 5.1704493877391 3.72772918135189 
1.0636204555716 4.79174645911596 3.99089086427274 
3.02496753062981 2.98097374774918 2.30898175335873 
3.04677765399429 3.03577526872498 2.21623980401628 
2.22358587866396 4.45133107863351 0.217059855403146 
5.57943572799401 0.385307048922624 3.80874298957123 
0.391498901460085 4.66038115359281 3.20649508666893 
0.493092617659656 4.66081526263837 3.69982422325718 
6.41657360865139 5.83929411571615 2.96156768246987 
6.44479808658905 5.62887847965209 3.37880117127639 
2.57430421264091 6.30848217620683 6.13263584910885 
3.23217184510817 2.82392895310121 0.986836819043761 
0.800368751701264 5.24584445238938 3.54162919605813 
0.644934293085224 4.86296900916814 3.84850895800241 
2.35500191757614 5.91119014150353 6.40672375676627 
2.43614871886164 6.24659098455029 6.39109424174866 
1.56727944309404 1.81853570870038 5.5819639219923 
1.35779526029283 1.65455861087004 5.56442244233367 
5.08005082076634 0.186461019454016 4.24178649930841 
5.16238175595946 0.160603520139784 3.82141450087432 
6.77970067097169 5.42436788978287 2.99672568874842 
6.62624950012707 5.68979695601575 2.78632395101949 
5.08581769673741 1.0471999927872 0.852713052885214 
5.32580235395823 0.685181686526774 0.72723208099648 
1.24053100580225 3.2554649604934 3.21310691833466 
1.30018093500429 3.31745844045155 2.82634163181738 
5.2062325965849 1.03904699434137 1.15417012856453 
5.44317325508648 0.683945694734952 1.01124723414042 
1.61793594807444 1.79455841244934 5.35255002999799 
1.40465852271353 1.62806492980686 5.33371209012779 
0.813188300029271 6.04620353986316 3.2467439709205 
1.08167876351775 6.20396217608246 3.16712886478774 
2.52363774862023 4.296037860265 0.467274278465863 
2.67833255596683 4.04732942637772 0.234401025116435 
0.666382569536547 4.23095523946241 3.49778556137323 
0.504277564711732 4.4080365294958 3.12284142816306 
5.26047301921326 2.40976370006382 4.25561966518187 
5.69889249833353 2.48025376129062 4.02082619617876 
6.04000912491534 1.44759102039961 3.99674617642328 
5.46303248942869 2.5303699915319 3.64636770420284 
5.04933932565692 2.48463994193349 3.84418444750629 
6.39917809208103 1.24613370181655 4.17185877530724 
6.70111281610989 1.26719063999345 3.88434595798374 
4.78912219592428 4.14781762006282 4.19921258924516 
4.75549941115996 4.17804538444271 4.34891140251087 
1.49566996547364 0.333848060862897 3.20592907455658 
4.61260485390525 2.24282395649754 1.23122881547939 
5.79913660205684 4.58346191395605 2.03038029945214 
1.74783422522771 4.85856381412133 1.35153105162796 
2.63386315621453 5.83657940067993 5.87168968564565 
2.50281221198284 5.66692585203116 6.03963749925537 
4.51706343513285 1.77765006367774 0.473193340284142 
4.85106220681445 2.13102792444911 0.934964401896626 
5.2101408129536 2.82484577580288 2.65407750867069 
2.15611816453797 6.10778071862711 1.10607655149093 
1.82330352803175 6.07990699368472 1.50406795900905 
6.2293544561794 4.62788858967014 2.20448839585768 
1.681579306857 4.67843070550295 0.539332293324085 
1.83366059695688 5.06415854704401 0.83792278908461 
1.94688427548813 0.152420469237628 2.87258414740772 
1.78618718697375 0.271310283250536 3.25169921466938 
4.73657590934948 3.36536579503346 2.81960991128729 
4.81524756911602 3.01403340706894 2.94384573234266 
2.10382892857912 6.0429933004889 1.8787966453391 
1.44165018761316 6.87837282472689 2.30379976838764 
1.12449073175049 6.7015894149062 2.40710994234018 
6.42265869891164 3.74362894799288 5.11919487268332 
6.57871501451514 4.23849749035042 5.2310806031451 
5.63303881016175 5.0219713646207 2.36817683165048 
5.37507570382337 5.09995432041515 2.0259070871084 
5.52527163984401 4.89565949697862 2.2239980462974 
5.38709890638604 5.19220925866445 2.04514158002458 
5.57672851358692 5.23224734694957 2.31190361547702 
5.84271799388421 4.56689958672274 1.61006100957994 
6.54400139690408 1.53721355549808 2.40975611340389 
6.63253389366918 1.92052219971731 2.36193679821941 
6.89227190810904 2.05728541848617 2.72825004418993 
4.84894451952101 1.48380288964603 3.55417703570285 
0.213928101437633 2.82221883085925 4.42482375184312 
0.368838159966323 2.6961810743184 4.3733962411125 
0.186459652686176 2.50979102939026 4.24205906709102 
6.03870203807612 3.92989461066919 1.28989142969921 
5.68836564752632 4.16711018509247 1.48832361304714 
4.85917029218933 1.79373033098803 3.38822750256146 
6.48905766286984 3.565848680017 5.63020842697554 
6.64869502386015 3.98910171460896 5.84261547164102 
5.06278627092586 1.37858085550671 3.38548481532535 
5.21712855266242 3.89506065270871 5.46793729202161 
4.86148200703855 3.8807969093826 5.6521039356643 
4.99146795659887 3.69362366598971 5.8283314024298 
5.3031946874936 3.70947606373091 5.65964486790696 
6.72927785871093 3.63081484145799 1.68295975766204 
0.845463590165162 3.93778541340654 5.10946638934352 
1.14721231558843 3.94901873557214 4.94525096710302 
1.06980664387614 4.01711628453421 4.69617487575699 
0.682727549191296 4.04531372124634 4.78444582818102 
1.95707983858819 0.937575106146826 4.45897818050235 
2.09358543701546 0.544531224638212 4.28999561838694 
1.73632596320483 0.834142898598259 4.6748410951146 
1.10350522602722 5.46452067118541 0.672971435405577 
1.62360628946685 5.3724063482244 0.85302810281386 
6.55342759500754 4.64647757429326 1.89956607115919 
3.96300475510823 1.6339577908376 0.835024953810179 
1.10991168762898 5.45572696644722 1.12569096090505 
1.4726638455496 5.40375339152539 1.20296228963802 
6.52467270511529 4.27476288470814 1.34231993760735 
6.40497400193979 4.59832234521192 1.50387116939463 
4.13221519496505 2.09532784740822 1.18046869960833 
4.03525971295325 1.81544565254238 0.782488811092888 
1.70814848748018 4.19087967820956 0.716495694797354 
1.59039391440337 4.33910628665339 0.771296130533191 
1.59380766653134 4.38491759356482 1.17042678874382 
4.0629847103047 1.93405421506679 1.41947660900883 
3.94638266570094 1.58936122294725 1.26680622140732 
0.325500381913653 4.74832849991718 0.810538996838507 
6.86883299039716 3.99135961342692 1.6301547075464 
6.90984373754015 4.17333727584955 1.96654261764644 
1.73463749686721 4.22345716219539 1.26206660141667 
1.86101589845561 4.05270180123871 0.984171317877409 
6.55769984629339 2.18497070609945 3.44728241904858 
6.10499156285278 2.04758539788384 3.59928692907699 
5.56730789370361 1.46643560932514 2.09793586781127 
5.05393912380753 1.3096392997109 1.76145057356887 
5.28218301448125 1.25525500950724 2.12962031311363 
1.33359974563744 4.37496625211409 2.72774510188381 
0.70092518964818 4.80545343437716 0.158506766303526 
3.49235785895162 0.465953937378547 5.57123157994341 
6.20310943695448 1.95542153384263 1.14476082109181 
6.34339529214839 2.2551035025047 1.32370555312495 
5.55083598857729 1.8719228802763 3.13346982541982 
5.07254194759715 1.6954684232979 3.210626701277 
0.606691662497162 4.47860367355885 2.98014565848858 
0.587656484384848 4.24067619955196 2.45353416489234 
6.04729915605857 2.33465279472264 1.38232023816323 
5.95401773636777 2.02282230798643 1.19805773693687 
1.39248327899337 3.91991298326141 2.47233708630843 
0.96884652143228 3.83917801016688 2.30037195045569 
1.32346908519188 4.34427365198909 2.62429356073174 
0.75332820388778 4.2188593356066 2.36684169561925 
6.84726291921058 4.62361589073356 0.793394222092093 
6.74914059033646 4.58810570422118 0.519244174591626 
5.516025334322 1.95113386847573 2.68796567167149 
5.01106398733686 1.75538049319966 2.80951303837299 
6.7960341070787 4.36121480034533 0.887638114596676 
6.65755982376716 4.26364287044773 0.560482466320134 
3.3477920922277 0.741702898683239 5.18924594693839 
3.01406437337235 0.635949166559455 5.13113723834069 
4.466533359424 3.22095219842846 1.56214129908462 
1.20229930939991 3.64179883898264 4.29358940779809 
1.28707054321721 3.79099347181172 3.68023238162185 
1.43950128782808 3.78601293295667 4.03626806453627 
4.76488466058315 2.8004057318507 1.5426535605589 
4.66730323540566 2.56007237869972 1.18613323618842 
0.833858794460372 3.60589643097314 3.69871548441154 
0.790322095560378 3.49752190741204 4.06501463287257 
6.12771627763696 1.5848744294475 3.62871387775373 
6.42535328638658 4.68674751110738 3.06205397532058 
6.10257774597086 1.20220956082539 3.08601558443627 
5.86930146722857 1.43553727596217 3.36643308734832 
6.78328637748723 5.13933975461504 2.90623237821865 
6.61117767075605 4.84318896563431 3.15266131238015 
3.91490501291065 3.26549959499431 1.34754080819442 
4.24204674588667 2.9259938194284 1.01948648316445 
4.21866471233737 3.2458494642873 1.23747843351818 
6.42437459105461 5.06323300160993 2.33020948090117 
6.21797685007865 4.86784167938605 2.38964877165023 
4.71798381656496 1.2142486644941 5.98739529735096 
5.11688493076644 2.78590938615647 0.260967759553916 
4.8701555070749 2.70434933106079 0.354174346884984 
3.82901943205707 2.66463341614832 1.0327358636833 
3.64374128878859 2.78521663423658 1.18857637960546 
4.51027636057995 1.10356886563444 5.77540723889985 
6.78940913046874 1.79828663427726 3.42993262485155 
3.34390932037916 1.44309489521936 6.59898812160054 
3.46557473784791 1.75499433503038 6.52538107771182 
4.6170987601129 1.67022928774037 6.10254733362366 
4.06802876221044 1.96261142900093 6.06088472264114 
1.34255190779731 2.34123693459965 3.46494157074744 
1.69767234972659 1.96308598021437 3.34424595897701 
4.67525842543032 1.46322826686463 5.91911923799181 
6.50018177993317 1.21146852271159 3.18967586993955 
6.53150447848331 1.46059068487691 3.52912971103515 
6.7858973156122 1.39975738257015 2.78888517212025 
6.97235347139505 1.74754383747752 2.96051044614211 
2.00232930951086 2.34172688624618 3.26852183707043 
1.56147804386718 2.58368084158783 3.41007444099307 
5.94680706428015 0.36143130025622 4.25962077545507 
5.74881847297679 0.284189711135144 4.54016894289737 
1.14429752955922 0.561954245237757 2.46852406042375 
1.27800379521544 0.625093429994443 2.2182893846335 
1.50594683735995 0.326874052191497 2.21613513591555 
5.65906158781567 0.497180375564401 4.1094042718538 
5.47638966211167 0.435299586554694 4.33575748397399 
6.46909109900993 3.00335839254575 2.32092911323642 
6.25101248222893 3.33017048435193 2.23971673799731 
4.53450390717076 1.35647416573713 5.26290326174568 
6.14983883020911 0.453806116101771 2.01170407525177 
6.33084085959775 0.610344751784741 1.84760440004873 
1.29541805963395 0.236150775802381 2.58614791355831 
1.47555917346715 0.169477834501347 2.44318011508866 
3.87510484310248 1.59153228139483 5.22848606702072 
4.15610405930513 1.50820908453532 5.02138591349281 
3.95860489687803 1.48644241192871 5.65710472215757 
4.4543392854678 1.29941819707575 5.6962763799786 
6.68960999464296 3.52209667814125 2.11265513918209 
5.26887610430507 2.55118335286826 6.18463059517363 
5.25060919869942 2.11711216211399 6.17207681527221 
4.90174721600419 1.94791648069752 5.94544771983937 
2.96277561021681 6.184241271236 2.49824082551258 
2.77075693598839 6.24782532984977 2.94105278014385 
2.59952614053825 6.52727578931176 2.71399291602453 
2.77278252981653 6.44484489732256 2.36717241105207 
6.57248270395413 0.486934839037014 3.28086394256482 
6.70978293145045 0.717074469149657 3.29063423043977 
0.933458107372158 1.9180045003012 2.37395690207166 
0.749273967034447 1.69055942013856 1.95878731139247 
4.89002556052248 3.00567199227464 5.72137722737256 
4.58254047627044 2.74182368746024 5.3995812870802 
4.05054307037493 0.682258394228073 5.98413489743201 
4.88066536473907 2.74715041408845 6.03592639381562 
4.63317110228664 2.45482183971686 5.85590034561335 
4.09846773026743 0.305396687205879 5.79968983458446 
1.29334748249356 1.83967660305684 2.20746329692079 
1.21819788128116 1.65220658710606 1.87029394102561 
4.38625856767159 3.77724981626387 3.67259127462044 
0.799983427829586 3.33694550191536 1.56205750031242 
0.72259614875028 2.99954628009365 1.78094211294651 
4.51387692184054 3.81619098493757 3.1452571861133 
4.80449373798455 3.57859135390028 3.05383434015731 
1.01851087639724 3.19224794864292 1.39590900463597 
1.00356426004795 2.92407148185485 1.51501343181539 
4.58816600572998 3.19188457230995 3.9949351713899 
4.69168765871717 3.43877685185753 3.86728935480879 
4.97857173036069 3.31586232963816 3.46873867438663 
4.9818927401045 3.04445858690069 3.40406761510134 
4.76725877364256 2.80682156366043 3.70813946821324 
0.0724992553002774 3.59471944757677 4.66024168866256 
0.302985777970341 3.87754777318353 4.56606012865258 
0.108353849644379 3.52899281096485 4.37933699714233 
0.28564009135846 3.72623213340138 4.29517048831358 
3.55049182715464 3.51097345116449 3.54117320132697 
3.29827231201099 3.58593481551721 3.7683749354816 
3.7116038112297 3.61004688001095 3.72132681462745 
3.54075873201176 3.67351164227354 3.91495664429701 
5.46271180087968 3.80730549365474 2.18564634895988 
5.7251363898687 3.44171099239127 2.15421045953636 
5.17612361675869 3.49767778065772 2.20209949766158 
5.36153231459321 3.2434307734232 2.17519957308294 
3.2318458825011 0.704499313696153 3.50592880258274 
3.19871658655313 0.32652702005132 3.33242042850578 
2.944398682028 0.168933177343657 5.85144269393451 
2.70016161294328 0.23102854562119 5.66769346857304 
3.1262083010655 0.174209454169997 5.63622899257633 
2.90618829413475 0.221265109108793 5.453408421416 
3.37703157414943 0.914143132289441 3.20461069504835 
3.4415675564015 0.575088313623826 2.88263433234146 
2.53190336825279 1.36539766146398 2.41903730548915 
2.59607236448726 1.72749509268262 2.40815158320587 
2.79282363282872 1.38622985084817 2.5338290274617 
2.81124420683012 1.68933131301723 2.50449344387247 
4.56249798804535 6.24668973710386 6.10988736560305 
4.79951312152969 6.57670248957898 5.92851772278278 
5.1657676166288 6.38956168523211 6.2464629493463 
4.94330374221544 6.07769258191818 6.40311008600599 
5.38660314766508 1.55120678618916 1.38389880857069 
5.60901203180856 1.60693830533219 1.48333934242531 
5.27621653512711 1.60461797757216 1.58991186500172 
5.48512799164904 1.65932589541844 1.70347611887381 
4.40362550292782 0.828869847867081 6.64823186840768 
4.09785102320488 0.613575259384118 6.42067081955664 
5.43184041617691 1.37660379309074 0.342462524450483 
5.55397686236289 1.10731927512131 0.261694399504876 
2.52643081685016 6.03095313470333 1.80342476919786 
2.62135104615749 6.05312560182405 1.5614402662161 
2.65885867549787 5.80465911060454 1.84842832563039 
2.77436149215282 5.82991076650706 1.5627311531151 
1.35294151015671 6.94233524854608 1.74052866227465 
1.53831602887273 6.88116327242659 1.64790475484975 
1.48628998475493 6.99110217405391 1.95902540571332 
1.65917727451067 6.91582176691581 1.81546231097518 
POLYGONS 1627 9967
5 3 2 5 1317 534 
4 4 3 534 1165 
5 914 1166 0 1179 1180 
6 1165 1166 914 1239 1317 534 
5 1 590 1228 1067 1066 
5 5 590 1 1239 1317 
5 1 1066 1180 914 1239 
5 655 1040 1067 1228 1229 
4 887 888 655 1229 
6 2 5 590 1228 1229 887 
6 3 2 887 888 610 4 
5 4 610 0 1166 1165 
6 0 610 888 655 1040 1179 
5 879 880 1336 981 1082 
6 981 1069 1471 1470 1335 1336 
6 8 1195 1578 1601 1634 1633 
6 7 6 1043 1252 1578 1195 
5 6 1043 1125 1618 1617 
6 10 9 11 1230 1231 626 
6 13 12 906 1230 11 874 
5 14 647 1288 1289 797 
5 14 15 596 908 647 
5 796 797 1289 1027 614 
5 17 16 796 614 506 
5 16 15 14 797 796 
6 16 15 596 1098 1097 17 
5 27 22 24 20 1039 
5 26 23 635 636 1017 
5 20 19 25 21 24 
5 24 21 26 23 22 
6 28 577 1140 1141 672 1083 
6 27 22 23 635 30 18 
5 29 577 1140 1236 932 
5 37 36 31 491 720 
6 33 38 39 37 720 721 
5 36 31 35 32 34 
4 38 39 792 40 
6 36 34 791 792 39 37 
6 661 1072 1147 1073 1568 1572 
5 600 1148 1101 1483 1482 
5 600 1074 1034 1667 1482 
6 1020 1021 1668 1667 1034 41 
5 1021 1129 793 1474 1668 
5 1101 1102 793 1474 1483 
5 41 1034 1074 1073 1568 
4 41 1020 1572 1568 
5 661 1072 1102 793 1129 
5 1020 1021 1129 661 1572 
5 42 43 1402 1072 661 
5 42 43 1533 1528 1467 
5 42 661 1572 1573 1467 
5 1402 1403 47 1533 43 
5 1072 1147 836 1403 1402 
5 1467 1528 1590 1583 1573 
5 46 45 44 1591 1582 
6 44 47 1533 1528 1590 1591 
5 46 1073 1568 1584 1582 
5 45 44 47 1403 836 
5 46 45 836 1147 1073 
6 1380 1381 690 1414 1413 49 
4 49 824 1327 1380 
6 628 629 48 824 1327 1328 
5 49 824 48 1404 1413 
5 551 986 1166 914 1070 
5 50 551 986 987 1290 
5 52 1318 1336 880 1323 
6 50 51 716 1157 1070 551 
5 51 716 880 1323 1233 
5 52 733 1291 1233 1323 
5 50 51 1233 1291 1290 
5 534 733 52 1318 1317 
5 556 557 916 915 700 
5 904 905 560 915 916 
5 703 815 557 916 904 
5 54 56 53 731 732 
5 53 55 703 815 731 
6 56 53 55 61 60 58 
5 60 61 905 560 1301 
6 59 54 732 556 700 666 
5 59 54 56 58 57 
5 61 55 703 904 905 
4 59 57 1300 666 
5 58 60 1301 1300 57 
5 556 557 815 731 732 
5 889 1573 1583 62 1589 
5 504 726 832 1319 1320 
4 504 505 688 1320 
5 854 855 832 1319 63 
6 67 65 869 1447 1443 572 
5 66 64 1472 1529 1523 
5 64 971 490 1473 1472 
5 66 64 971 1443 572 
6 42 1467 1473 490 1685 1687 
5 869 1447 1685 1687 1543 
5 42 43 917 1543 1687 
6 67 65 917 43 1533 1534 
4 65 869 1543 917 
5 66 572 67 1534 1523 
5 70 69 71 890 967 
5 68 69 70 1309 814 
5 72 68 69 71 1242 
4 74 75 1174 1411 
5 75 741 73 1187 1174 
6 74 1411 1415 1394 1644 1636 
6 1174 1187 1609 1610 1415 1411 
5 76 1045 1364 1643 1635 
7 74 75 741 740 76 1635 1636 
5 76 740 77 1044 1045 
4 1363 1394 1415 1610 
4 77 73 741 740 
5 77 73 1187 1609 1044 
6 1044 1045 1364 1363 1610 1609 
5 79 6 1617 896 770 
5 895 896 1617 1618 78 
6 501 1090 1686 1685 1447 1448 
5 78 501 1448 977 895 
6 769 770 79 1544 1543 869 
5 769 869 1447 1448 977 
5 79 6 1043 1542 1544 
6 1043 1125 1090 1686 1688 1542 
5 78 501 1090 1125 1618 
5 769 770 896 895 977 
5 83 82 81 1038 1037 
5 81 86 85 87 1038 
5 82 81 86 95 94 
6 83 82 94 80 93 91 
5 90 91 83 1037 1208 
5 1037 1038 87 1492 1208 
4 84 89 80 93 
5 84 92 88 96 89 
6 93 84 92 1490 90 91 
5 86 85 88 96 95 
6 88 85 87 1492 1490 92 
5 96 89 80 94 95 
4 90 1208 1492 1490 
6 74 660 798 988 1412 1411 
5 97 98 501 1090 1091 
6 99 12 13 101 1334 1333 
4 99 102 906 12 
4 99 102 1438 1333 
4 100 911 11 1230 
6 102 906 1230 100 1437 1438 
5 910 911 100 1437 1212 
5 874 875 910 911 11 
5 734 875 910 1212 1213 
5 13 101 734 875 874 
4 101 734 1213 1334 
5 799 1044 1609 1619 1466 
5 77 965 1061 799 1044 
5 104 105 103 965 1061 
4 649 695 113 1293 
6 107 111 106 695 649 608 
7 108 113 695 106 1386 1103 816 
6 55 703 1104 1068 1092 1093 
5 109 110 53 55 1093 
4 1068 1092 533 1385 
6 110 53 731 112 1292 607 
6 107 109 1093 1092 533 111 
5 109 110 607 608 107 
5 112 108 816 815 731 
5 112 108 113 1293 1292 
5 111 106 1386 1385 533 
4 117 2 887 561 
5 118 117 561 115 1131 
5 120 121 119 114 592 
5 114 118 1131 994 592 
6 119 114 118 117 2 5 
5 590 591 1138 1271 1228 
6 115 561 887 1229 1270 1113 
5 116 994 1131 115 1113 
5 120 592 994 116 1139 
5 120 121 591 1138 1139 
6 116 1113 1270 1271 1138 1139 
5 119 5 590 591 121 
5 1339 1370 1184 1519 1517 
6 556 557 1343 1369 1122 122 
5 978 1263 1517 1339 1344 
5 122 556 732 1449 1450 
5 123 124 1519 1184 1183 
5 108 816 978 1263 1076 
5 122 1122 1183 123 1450 
7 112 108 1076 124 123 1450 1449 
4 731 732 1449 112 
5 124 1076 1263 1517 1519 
6 815 816 978 1344 1343 557 
4 129 765 125 1144 
6 125 126 1308 1311 856 765 
5 127 126 125 1144 1123 
5 127 126 1308 1650 707 
5 127 707 1000 1151 1123 
5 130 1001 1651 1312 1018 
5 1000 1001 130 1152 1151 
5 128 129 765 856 857 
5 128 857 1018 130 1152 
6 128 129 1144 1123 1151 1152 
5 17 132 135 131 1097 
6 132 133 822 844 134 135 
4 17 132 133 506 
5 139 136 138 137 711 
5 136 138 140 759 758 
4 140 141 1595 759 
6 139 136 758 625 1080 1081 
5 142 107 608 758 136 
5 107 109 692 691 142 
5 136 142 691 718 139 
5 717 718 139 1081 1029 
5 146 145 1088 834 1046 
5 145 631 717 1029 1088 
6 607 608 758 625 143 1047 
4 143 144 1080 625 
5 143 144 834 1046 1047 
6 144 834 1088 1029 1081 1080 
6 146 145 631 692 109 110 
5 146 110 607 1047 1046 
4 147 801 704 1071 
6 0 610 1200 147 801 729 
5 147 1071 1378 1199 1200 
6 1015 1016 1377 1378 1199 497 
4 0 729 762 1179 
6 913 946 1016 1015 655 1040 
7 704 727 947 912 762 729 801 
5 946 947 727 1377 1016 
5 610 888 497 1199 1200 
4 655 888 497 1015 
4 148 552 149 1642 
5 50 51 1681 1682 1382 
5 153 151 1199 1378 1316 
6 639 640 497 1015 1055 583 
4 1016 1054 1630 1377 
5 150 152 153 1316 1629 
5 150 152 842 639 583 
5 497 640 843 151 1199 
6 150 583 1055 1054 1630 1629 
5 153 151 843 842 152 
5 1222 1290 50 1382 1376 
5 611 752 1375 1376 1222 
6 505 611 1222 1290 987 688 
5 154 155 686 552 148 
6 140 141 677 157 1596 1597 
5 1329 1330 156 1640 1626 
4 138 140 1597 513 
6 137 156 1640 1641 513 138 
5 3 534 733 616 563 
6 688 987 1165 4 1389 1320 
5 4 3 563 936 1389 
6 563 616 1368 1374 944 936 
6 936 944 963 504 1320 1389 
5 158 604 1538 959 958 
5 159 158 958 973 713 
4 160 161 1085 714 
6 713 714 1085 1151 1000 159 
5 161 1085 1151 1123 1124 
5 160 161 1124 1112 162 
5 1123 1124 1112 1539 127 
6 959 974 162 1112 1539 1538 
6 160 162 974 973 713 714 
5 604 707 127 1539 1538 
5 159 158 604 707 1000 
6 163 786 946 913 1361 1362 
4 1107 1137 1518 1262 
5 164 597 1362 1361 735 
5 67 65 775 1033 876 
5 165 780 876 67 1534 
5 47 166 165 1534 1533 
5 166 165 780 542 523 
6 523 542 779 847 1383 1367 
5 917 918 1384 1402 43 
5 847 848 918 1384 1383 
5 65 775 848 918 917 
5 47 166 523 1367 1403 
5 167 173 171 172 170 
6 167 169 179 121 119 173 
5 170 167 169 841 1030 
5 168 174 120 121 179 
5 168 175 176 180 174 
6 179 168 175 1089 841 169 
5 172 170 1030 1029 717 
6 171 172 717 631 177 178 
6 176 180 593 177 631 145 
5 173 171 178 114 119 
5 174 120 592 593 180 
5 176 145 1088 1089 175 
5 178 177 593 592 114 
5 150 583 187 1379 1695 
4 16 15 871 1696 
5 182 184 1379 187 662 
6 184 796 16 1696 1695 1379 
6 150 152 1118 871 1696 1695 
5 183 186 663 639 842 
5 181 183 842 152 1118 
5 14 15 871 1118 181 
5 187 583 639 663 662 
6 14 181 183 186 185 797 
5 185 186 663 662 182 
5 185 182 184 796 797 
5 190 188 1054 1630 1631 
5 188 786 946 1016 1054 
5 189 877 1202 1201 1108 
5 187 192 881 1055 583 
6 190 193 972 884 1632 1631 
5 190 188 885 737 193 
4 884 972 1484 1693 
6 193 737 191 1357 1484 972 
5 188 885 881 1055 1054 
5 191 192 187 1379 1357 
5 191 192 881 885 737 
6 150 1629 1632 884 1693 1695 
6 507 508 194 558 559 195 
4 198 719 840 1677 
5 196 197 199 198 719 
5 200 756 1108 1201 839 
5 197 199 812 813 878 
6 877 878 813 1676 1670 189 
5 199 198 1677 1679 812 
6 200 821 1679 1677 840 839 
6 812 813 1676 1675 821 1679 
5 756 1108 189 1670 1669 
5 196 197 878 877 1202 
6 196 719 840 839 1201 1202 
5 200 756 1669 1675 821 
6 201 693 1332 1327 1380 1401 
5 202 648 724 725 837 
5 647 648 724 1009 908 
5 203 919 948 879 1082 
5 647 648 202 1249 1288 
6 538 539 204 627 632 633 
5 205 10 626 627 632 
5 206 209 921 656 934 
5 656 657 509 935 934 
4 208 671 1158 922 
5 656 657 208 922 921 
5 207 1062 1499 1659 1657 
5 509 657 208 671 1134 
7 921 922 1158 1159 1063 1060 209 
5 210 215 536 681 491 
4 210 491 31 511 
5 214 211 213 669 1189 
6 31 35 938 939 1008 511 
4 212 214 1189 1240 
5 216 1244 1579 1576 1459 
5 216 1244 1196 1426 1612 
5 518 519 219 1607 217 
5 217 218 1426 1612 1607 
6 216 1459 1462 219 1607 1612 
5 685 1463 1602 1601 1634 
5 218 8 1195 1196 1426 
5 218 8 1633 518 217 
5 219 519 685 1463 1462 
5 215 536 767 1057 933 
7 220 683 852 853 768 767 1057 
5 198 646 852 683 719 
6 210 199 198 646 720 491 
4 682 721 853 768 
5 197 199 210 215 933 
5 220 196 197 933 1057 
4 220 196 719 683 
5 221 222 1296 1058 223 
4 227 222 221 554 
6 223 221 554 1188 1275 1274 
6 1058 1059 1421 1422 1274 223 
6 225 1077 1265 1059 1421 1433 
5 1058 1059 1265 1284 1296 
4 679 680 225 1077 
5 226 679 1077 1265 1284 
6 227 222 1296 1284 226 224 
6 225 680 1251 1243 1434 1433 
6 224 226 679 680 1251 1250 
5 227 224 1250 1188 554 
5 228 234 240 235 233 
7 228 231 232 702 230 237 234 
5 233 228 231 236 229 
5 233 229 238 239 235 
6 238 229 236 1398 1368 623 
6 230 702 1373 1374 763 764 
5 230 237 962 776 764 
5 236 231 232 1399 1398 
6 1175 1176 763 1374 1368 623 
5 239 238 623 1175 870 
4 232 702 1373 1399 
5 237 234 240 961 962 
6 240 235 239 870 941 961 
5 241 83 82 724 648 
5 14 181 241 648 647 
5 243 81 1038 1003 761 
5 746 1002 980 1119 1256 
7 241 83 1037 980 1119 1118 181 
5 242 243 761 760 244 
6 82 81 243 242 1009 724 
6 244 242 1009 908 596 586 
5 15 596 586 1257 871 
6 244 586 1257 1256 746 760 
5 243 744 788 766 761 
7 246 245 555 1156 1155 1246 1245 
4 224 226 247 1269 
5 547 548 248 1203 1149 
5 248 251 1170 1171 548 
4 249 643 1388 1237 
5 643 929 1496 1497 1388 
5 250 567 1496 929 930 
5 249 643 929 930 1614 
5 502 503 573 1459 216 
5 49 252 503 573 1413 
5 1413 1414 1462 1459 573 
5 502 503 252 569 902 
5 216 502 902 1613 1612 
4 219 690 1414 1462 
6 219 690 1381 1400 1608 1607 
5 49 252 569 1401 1380 
7 253 9 11 911 1046 834 1142 
5 254 255 129 1144 1145 
6 258 1232 1683 1682 1382 1376 
6 256 260 1227 1375 1376 258 
5 258 256 259 257 1232 
6 745 828 261 1547 1673 1671 
5 827 828 261 1639 1690 
5 261 1547 149 1642 1639 
6 498 1322 1649 1482 1667 1665 
5 263 498 1322 1321 990 
5 495 991 861 1648 1167 
6 264 496 990 263 783 1035 
5 262 264 496 495 991 
5 262 264 1035 1034 1074 
5 600 861 991 262 1074 
5 600 861 1648 1649 1482 
4 263 498 1665 783 
6 265 268 1514 1513 539 538 
6 265 266 267 999 998 268 
5 265 266 1172 1048 538 
6 221 267 266 1172 1173 554 
4 554 1173 996 1188 
5 998 999 223 1274 634 
4 221 267 999 223 
6 955 997 1049 539 1513 1516 
5 634 998 268 1514 1515 
6 1274 1275 955 1516 1515 634 
5 269 524 1150 1149 1203 
6 601 757 1150 1149 547 858 
4 757 995 524 1150 
5 269 715 868 248 1203 
6 269 524 995 1445 1446 715 
6 601 757 995 1445 1410 975 
5 248 548 1111 1109 868 
6 271 862 992 276 1267 1268 
5 275 1268 271 1663 1664 
5 274 862 271 1663 1661 
5 272 273 1224 1197 270 
5 272 273 562 276 992 
5 270 272 992 862 274 
5 1131 1132 1198 1223 115 
6 118 275 1664 1662 1132 1131 
6 561 562 273 1224 1223 115 
5 118 275 1268 1267 117 
5 561 562 276 1267 117 
7 270 274 1661 1662 1132 1198 1197 
6 636 754 278 1561 1565 1017 
6 26 1017 1565 1564 1526 1502 
5 279 637 278 1561 1560 
5 88 96 754 278 637 
6 92 88 637 279 1527 1494 
5 1526 1527 279 1560 1564 
5 84 89 635 23 277 
5 26 23 277 1503 1502 
5 84 277 1503 1494 92 
5 96 89 635 636 754 
6 284 667 712 280 1585 1348 
5 1441 1442 280 1585 1580 
5 286 281 749 283 1182 
6 282 283 749 748 285 287 
5 290 25 19 288 289 
6 293 292 822 844 295 564 
5 133 822 292 1520 1521 
5 293 292 1520 1524 537 
5 296 291 1475 1476 1295 
6 295 294 296 1295 1294 564 
7 132 133 1521 1525 1225 1476 1475 
5 293 537 642 1294 564 
5 135 134 294 296 291 
4 294 134 844 295 
4 135 291 1475 132 
5 193 972 1700 1699 1485 
6 220 196 1202 1480 1620 1611 
4 804 884 1632 993 
5 298 549 1524 1520 1163 
5 286 281 549 1524 537 
4 284 297 299 667 
5 301 740 76 1110 858 
7 76 1045 1031 1599 1598 975 1110 
5 787 1032 800 1339 1344 
6 799 800 1032 1031 1045 1044 
6 300 528 1343 1369 966 644 
5 300 528 1598 975 601 
5 300 601 858 301 644 
4 1031 1032 787 1599 
6 301 644 966 965 77 740 
6 70 302 256 259 1310 1309 
5 246 245 303 687 968 
5 303 260 256 302 687 
5 70 302 687 968 967 
4 35 32 304 938 
5 827 828 535 1594 305 
5 529 745 828 535 901 
4 594 595 747 306 
5 306 747 1397 1504 1052 
5 306 594 1087 694 1052 
5 307 308 309 849 730 
5 310 307 730 943 1086 
6 694 1052 1504 1498 1349 1302 
6 310 307 308 1397 747 595 
5 308 309 1498 1504 1397 
5 309 849 1350 1349 1498 
5 594 595 310 1086 1087 
5 282 283 697 1371 1372 
6 697 698 311 1486 1345 1371 
4 697 698 1182 283 
6 543 1252 1578 1579 1550 1562 
5 312 1005 1562 1550 1387 
5 1387 1541 1576 1579 1550 
6 312 643 1388 1540 1541 1387 
6 543 1004 929 1496 1495 1252 
4 1004 1005 1562 543 
5 312 643 929 1004 1005 
4 315 287 282 1372 
6 313 882 1276 315 1372 1371 
4 317 313 1371 697 
6 317 313 882 883 835 526 
6 525 526 317 697 283 749 
6 525 526 835 1558 1559 314 
4 314 316 1553 1559 
5 314 316 748 749 525 
5 287 285 1277 1276 315 
6 285 748 316 1553 1552 1277 
5 318 192 191 313 882 
5 191 313 1371 1345 737 
6 318 882 1276 1433 1421 1121 
4 1059 1181 1121 1421 
4 315 225 1433 1276 
5 318 192 881 1181 1121 
5 315 225 1077 1451 1372 
5 319 598 1471 1069 659 
5 1 494 1470 1335 1239 
4 179 319 659 169 
6 179 121 591 599 598 319 
5 167 169 659 1069 981 
5 167 173 1318 1336 981 
5 1 494 599 591 590 
5 119 173 1318 1317 5 
6 202 568 1420 1391 241 648 
5 320 80 94 689 838 
5 82 94 689 725 724 
6 202 568 795 320 838 837 
5 93 80 320 795 794 
5 91 93 794 1419 1392 
5 241 83 91 1392 1391 
5 321 544 628 1328 1331 
6 67 572 723 722 1120 876 
5 322 521 324 897 898 
4 323 324 897 674 
6 22 24 953 1020 41 951 
5 27 22 951 952 750 
4 20 651 1588 1039 
5 24 20 651 325 953 
6 325 889 1573 1572 1020 953 
5 325 651 1588 1589 889 
6 62 750 27 1039 1588 1589 
5 62 750 952 1584 1583 
5 951 952 1584 1568 41 
5 327 329 328 654 1353 
5 328 130 1001 1019 654 
5 713 714 326 739 860 
5 738 739 326 1424 1423 
5 326 714 1085 1305 1424 
6 738 742 1351 1353 327 1423 
5 512 859 742 1351 1162 
6 159 512 1162 1019 1001 1000 
5 328 130 1152 1304 329 
6 327 329 1304 1305 1424 1423 
5 159 512 859 860 713 
5 332 500 1220 1324 1024 
4 332 331 330 500 
4 751 968 246 1245 
7 194 333 227 554 1173 1216 508 
5 227 224 1269 1281 333 
5 142 107 111 334 336 
5 336 142 136 138 513 
6 335 668 759 140 1597 1623 
5 111 334 1621 570 106 
6 334 336 513 1597 1623 1621 
5 335 696 570 1621 1623 
5 335 668 649 695 696 
4 106 570 696 695 
5 608 649 668 759 758 
5 54 100 1437 1449 732 
5 1212 1292 112 1449 1437 
6 54 56 146 1046 911 100 
5 910 1047 607 1292 1212 
4 146 110 53 56 
6 789 790 826 1416 1415 1394 
5 220 683 1363 1610 1611 
5 789 852 683 1363 1394 
5 337 338 589 1478 1531 
5 1218 1219 1530 1531 337 
5 341 1168 1530 1531 1478 
5 340 205 632 514 339 
6 1233 1234 1260 1684 1681 51 
5 127 126 1219 1530 1539 
5 1218 1219 126 1308 650 
5 337 492 863 1532 1531 
6 492 493 343 650 1218 337 
5 492 493 638 342 863 
5 342 615 1646 699 638 
6 604 615 342 863 1532 1538 
6 343 650 1308 1650 1646 699 
4 343 493 638 699 
5 325 345 490 1473 889 
5 344 345 325 651 609 
5 344 345 490 971 1691 
4 722 939 1008 1120 
6 349 346 347 673 672 1141 
5 347 673 1329 1626 1105 
4 346 347 1105 351 
5 28 350 348 1510 577 
6 352 531 1511 1510 348 1637 
5 350 348 1637 1640 156 
5 349 531 1511 1140 1141 
5 352 351 346 349 531 
6 352 351 1105 1626 1640 1637 
5 28 350 156 1330 1083 
4 612 1615 1056 1666 
5 1536 1537 1011 1625 1512 
5 1056 1407 1512 1625 1615 
7 1056 1407 1502 1503 783 1665 1666 
5 1407 1502 1526 1536 1512 
6 498 499 845 1477 1468 263 
6 499 612 1615 1625 1011 845 
5 263 783 1503 1494 1468 
5 498 499 612 1666 1665 
5 845 1011 1537 1522 1477 
6 195 353 266 1172 1217 507 
4 194 333 357 558 
4 356 353 195 559 
5 356 353 266 267 355 
5 355 267 221 222 354 
5 354 357 333 227 222 
6 355 354 357 558 559 356 
6 98 501 1448 1444 1128 708 
6 323 358 1278 788 766 674 
5 361 363 728 980 1119 
6 359 361 1119 1256 1241 360 
5 364 359 361 363 362 
4 728 784 1002 980 
4 365 366 664 1099 
5 365 366 1297 1067 1066 
6 366 664 736 735 1361 1297 
5 913 1040 1067 1297 1361 
5 299 297 279 637 1136 
5 807 1163 298 1535 1546 
5 369 367 940 1115 1160 
5 369 1160 1464 1169 1258 
5 369 367 1321 1167 1258 
5 851 940 367 1321 1322 
5 368 658 1115 1160 1464 
5 624 658 368 1653 1654 
5 1169 1258 1167 1648 1645 
5 624 658 1115 940 851 
5 368 1464 1169 1645 1653 
4 371 618 664 736 
6 618 664 1099 1164 830 829 
5 373 372 370 1337 1338 
5 530 581 711 139 718 
6 172 170 203 919 920 892 
5 717 718 530 892 172 
5 378 833 903 377 1209 
6 377 903 1390 1389 936 937 
6 818 819 379 944 963 850 
5 376 818 850 873 872 
6 832 833 378 872 873 726 
5 504 726 873 850 963 
6 375 374 1161 1209 377 937 
5 379 375 937 936 944 
5 376 872 378 1209 1161 
4 379 375 374 819 
5 818 819 374 1161 376 
5 165 36 31 511 780 
5 37 380 381 646 720 
5 37 36 165 166 380 
6 166 380 381 383 382 523 
6 210 199 812 542 780 511 
4 382 383 1678 1680 
6 383 381 646 198 1677 1678 
6 382 523 542 812 1679 1680 
5 56 146 145 176 58 
7 176 58 57 627 632 514 175 
5 59 57 627 626 1231 
5 339 514 175 1089 1143 
5 253 340 339 1143 1142 
5 205 10 9 253 340 
5 54 100 1230 1231 59 
5 602 802 384 1662 1664 
6 594 595 665 1663 1661 1298 
6 384 578 1299 1298 1661 1662 
5 384 578 1068 1092 802 
4 1086 1087 385 1358 
6 578 1068 1385 1358 385 1299 
5 310 595 665 603 865 
6 310 865 533 1385 1358 1086 
6 602 603 865 533 1092 802 
5 385 1087 594 1298 1299 
4 1075 1600 1596 1628 
5 386 1075 1628 1627 1106 
6 386 1075 1600 1587 693 1332 
5 157 810 1587 1600 1596 
5 386 1106 321 1331 1332 
5 1482 1483 1655 1654 1649 
6 306 594 1298 1146 1148 1101 
4 274 1146 1298 1661 
6 861 862 274 1146 1148 600 
5 595 665 1652 1656 747 
5 861 862 271 1645 1648 
6 306 747 1656 1655 1483 1101 
6 271 1645 1653 1652 665 1663 
6 387 184 1379 1357 1226 954 
6 526 835 958 959 387 954 
6 835 883 982 820 973 958 
6 318 192 187 662 820 982 
5 182 184 387 959 974 
5 191 313 317 1226 1357 
4 317 526 954 1226 
4 882 883 982 318 
5 182 662 820 973 974 
5 677 678 1689 810 157 
4 66 388 723 572 
6 389 351 1105 1106 386 825 
5 346 347 545 1346 1356 
6 346 351 389 390 1355 1356 
6 544 545 1346 1347 629 628 
6 544 545 347 1105 1106 321 
5 390 48 629 1347 1355 
5 824 825 386 1332 1327 
5 390 48 824 825 389 
5 1193 1214 1349 1498 1507 
4 1193 1196 1244 1507 
6 1193 1196 1426 1440 1253 1214 
5 391 902 1613 1439 1285 
6 216 502 309 1498 1507 1244 
5 391 849 1350 1286 1285 
5 309 502 902 391 849 
5 1214 1253 1286 1350 1349 
5 382 392 619 517 1680 
6 516 620 394 771 1675 821 
6 619 620 394 1383 1367 392 
4 382 392 1367 523 
5 393 395 847 779 653 
5 393 395 771 1675 1676 
4 393 653 813 1676 
5 394 771 395 847 1383 
5 516 517 1680 1679 821 
6 396 503 573 584 1458 1457 
5 206 209 390 48 1404 
5 390 209 921 675 389 
5 396 398 399 252 503 
5 399 252 49 824 825 
4 397 398 396 1457 
6 397 675 921 656 1458 1457 
6 398 399 825 389 675 397 
4 656 934 584 1458 
6 573 584 934 206 1404 1413 
5 303 687 617 900 899 
6 400 587 401 806 900 617 
5 400 587 1246 1245 751 
5 400 617 687 968 751 
5 401 806 893 1190 1191 
5 401 587 1246 1155 1191 
5 245 303 899 894 555 
5 404 402 391 902 569 
5 403 201 1401 569 404 
5 402 155 154 403 404 
4 358 969 1192 1278 
6 270 272 406 407 326 739 
5 406 272 992 991 262 
5 45 836 405 1423 1424 
4 405 1153 738 1423 
5 46 45 1424 326 407 
6 270 274 1146 1153 738 739 
6 405 836 1147 1148 1146 1153 
6 407 406 262 1074 1073 46 
5 376 410 409 984 872 
6 806 850 873 1185 1254 893 
5 409 684 1255 1186 984 
5 401 408 818 850 806 
4 401 408 1430 1191 
6 376 410 1429 1430 408 818 
5 410 409 684 909 1429 
6 684 909 1190 893 1254 1255 
4 270 739 860 1197 
5 742 743 1154 1153 738 
5 578 579 743 1154 1299 
6 742 743 579 785 641 859 
4 384 1022 1132 1662 
5 578 579 785 1022 384 
5 641 785 1022 1132 1198 
5 26 21 1408 1407 1502 
5 290 25 21 1408 1360 
5 328 130 1018 772 527 
5 328 527 1644 1643 654 
6 548 1111 1635 1636 1127 1171 
6 527 772 1211 1127 1636 1644 
5 772 1018 1312 1210 1211 
6 251 1170 1210 1312 1651 1647 
4 248 251 1647 868 
6 654 1019 1109 1111 1635 1643 
5 103 411 1204 412 105 
5 847 848 1100 1215 395 
5 364 362 855 854 413 
4 365 494 1 1066 
6 365 494 1470 1431 1164 1099 
5 170 167 981 1082 203 
6 1027 1028 1425 1453 1279 1289 
5 1279 1280 1051 1454 1453 
6 752 753 899 900 964 611 
5 806 850 963 964 900 
6 42 661 1129 1130 1688 1687 
6 793 1005 1562 1563 1053 1102 
5 918 976 1563 1053 1384 
5 543 1004 1130 1688 1542 
5 1072 1102 1053 1384 1402 
6 543 1542 1544 976 1563 1562 
5 414 33 38 128 857 
5 772 773 414 857 1018 
5 380 381 329 1304 1282 
7 329 328 527 789 852 646 381 
6 414 33 721 853 790 773 
6 38 128 1152 1304 1282 39 
4 39 37 380 1282 
5 271 1268 1325 1169 1645 
5 276 415 1259 1326 1267 
5 415 495 1167 1258 1259 
5 276 415 495 991 992 
6 897 898 1036 784 1002 1003 
6 87 416 324 897 1003 1038 
5 322 409 984 1036 898 
6 378 728 980 1037 1208 1209 
5 410 417 1493 1161 376 
6 410 409 322 521 522 417 
6 87 416 522 417 1493 1492 
4 416 324 521 522 
6 378 728 784 1036 984 872 
6 40 255 254 418 1418 792 
6 333 357 618 371 823 1281 
5 354 222 1296 1297 366 
5 354 366 664 618 357 
5 735 736 371 823 164 
6 164 597 247 1269 1281 823 
5 226 247 597 1362 1284 
5 131 213 211 291 135 
5 840 950 1354 1678 1677 
6 200 839 1032 787 1365 1366 
6 950 1031 1599 1605 1352 1354 
4 419 645 1605 1352 
6 516 517 419 645 1365 1366 
6 419 517 1680 1678 1354 1352 
5 645 1365 787 1599 1605 
4 516 821 200 1366 
6 352 429 426 425 1638 1637 
5 427 429 352 531 532 
4 425 420 423 1638 
6 421 520 606 428 565 566 
5 422 424 421 520 676 
5 531 532 605 1508 1511 
5 348 422 676 1509 1510 
5 425 420 566 565 426 
5 424 421 566 420 423 
5 429 426 565 428 427 
6 348 422 424 423 1638 1637 
5 427 428 606 605 532 
5 509 510 431 923 657 
5 430 851 940 1007 886 
5 430 431 510 811 886 
5 208 658 1115 1116 671 
5 208 657 923 624 658 
5 1006 1116 671 1134 1135 
5 430 431 923 624 851 
5 811 886 1007 1006 1135 
5 419 517 619 1154 743 
5 405 392 619 1154 1153 
6 405 392 382 383 327 1423 
5 327 383 1678 1354 1353 
5 742 743 419 1352 1351 
4 363 728 378 833 
5 377 433 843 151 903 
4 432 90 91 1392 
6 432 433 377 1209 1208 90 
7 432 433 843 842 183 1391 1392 
4 181 241 1391 183 
6 153 151 903 833 363 361 
5 153 361 1119 1118 152 
5 133 506 614 1479 1521 
7 589 807 1163 1520 1521 1479 1478 
6 1027 1028 341 1478 1479 614 
5 434 435 1114 1113 116 
5 436 435 434 1571 1570 
6 116 434 1571 1014 1023 994 
5 1013 1014 1571 1570 985 
5 1113 1114 983 1223 115 
5 436 435 1114 983 701 
6 701 983 1223 1198 641 1095 
5 436 701 1095 985 1570 
5 264 496 432 1392 1419 
5 777 794 1419 264 1035 
5 277 777 1035 783 1503 
5 84 277 777 794 93 
5 1490 1491 1468 1494 92 
4 263 990 1491 1468 
6 432 90 1490 1491 990 496 
7 426 397 1457 1461 1656 1652 565 
6 656 657 923 924 1460 1458 
4 426 397 675 429 
6 427 428 368 658 208 922 
5 427 429 675 921 922 
5 428 368 1653 1652 565 
5 923 924 1655 1654 624 
5 265 266 353 438 437 
5 265 437 515 633 538 
4 338 589 807 1546 
5 403 404 1616 1624 1592 
6 261 335 1623 1624 1592 1639 
6 154 403 1592 1639 1642 148 
5 404 402 778 1622 1616 
5 570 571 1341 1566 696 
6 402 155 686 1341 571 778 
5 261 335 696 1566 1547 
6 149 552 686 1341 1566 1547 
6 298 549 864 863 492 1535 
5 281 549 864 525 749 
5 342 314 525 864 863 
6 284 297 279 1527 1522 1348 
5 1265 1266 163 1362 1284 
4 412 105 104 439 
7 655 1015 1055 881 1181 1270 1229 
5 982 983 1114 1121 318 
6 561 562 640 497 888 887 
5 273 562 640 639 663 
5 662 663 273 1224 820 
6 621 622 1205 1204 411 831 
5 440 550 621 831 1078 
5 441 171 172 892 1025 
5 173 171 441 52 1318 
6 441 52 1323 1324 1024 1025 
6 344 443 444 709 1692 1691 
5 442 445 443 344 609 
6 300 528 916 915 1396 1395 
5 300 644 1079 1393 1395 
5 644 966 831 1078 1079 
5 1078 1079 1393 1501 440 
6 440 550 446 1221 1500 1501 
5 122 446 1221 700 556 
5 700 915 1396 1500 1221 
5 621 831 966 1369 1122 
5 122 446 550 621 1122 
4 557 916 528 1343 
6 810 1587 1592 1639 1690 1689 
5 261 335 668 535 828 
5 305 678 1689 1690 827 
6 677 678 305 1594 1595 141 
5 535 668 759 1595 1594 
5 447 102 906 907 448 
6 99 102 447 817 1306 1307 
5 79 630 1194 976 1544 
5 848 918 976 1194 1100 
6 32 34 1523 66 388 304 
6 304 388 723 722 939 938 
5 165 36 34 1523 1534 
6 449 622 927 1314 1315 652 
6 447 102 1438 1450 122 446 
5 123 1273 1333 1438 1450 
5 449 652 1273 123 1183 
6 652 1273 1333 99 1307 1315 
5 447 446 550 928 817 
5 621 622 449 1183 1122 
5 243 81 86 450 744 
5 674 766 761 1003 897 
6 86 450 1192 969 970 85 
6 416 324 323 358 969 970 
4 85 87 416 970 
5 450 744 788 1278 1192 
5 265 268 174 168 437 
5 204 627 57 1300 1272 
6 60 180 174 268 1514 1301 
4 58 60 180 176 
5 168 437 515 514 175 
4 204 539 1513 1272 
4 300 601 757 1395 
5 1237 1238 805 1540 1388 
6 367 451 1489 1491 990 1321 
5 369 367 451 374 375 
5 369 375 937 1259 1258 
5 415 433 377 937 1259 
5 432 433 415 495 496 
5 374 451 1489 1493 1161 
5 434 435 1422 1274 634 
5 223 999 1138 1271 1058 
5 116 434 634 998 1139 
5 435 1114 1121 1421 1422 
4 950 1031 1045 1364 
4 1110 1111 1635 76 
6 1353 1354 950 1364 1643 654 
5 423 336 513 1641 1638 
5 336 142 691 424 423 
5 422 424 691 718 530 
5 348 422 530 581 350 
5 350 156 137 711 581 
7 408 452 574 1581 1580 1441 1430 
5 408 452 588 587 401 
4 454 1243 1434 1428 
4 453 574 452 588 
5 88 85 970 1136 637 
5 1468 1477 1586 1489 1491 
6 417 280 1585 1586 1489 1493 
4 417 280 712 522 
7 416 522 712 667 299 1136 970 
5 706 830 1164 1431 1436 
6 354 366 365 494 599 355 
5 357 558 774 829 618 
6 356 559 1041 1435 1471 598 
4 356 355 599 598 
5 456 455 1360 290 289 
5 1021 1177 1056 1666 1668 
6 930 1012 1177 1056 1615 1614 
5 312 576 1474 793 1005 
5 1129 1130 1012 1177 1021 
5 929 930 1012 1130 1004 
5 312 576 613 249 643 
5 612 613 249 1614 1615 
6 612 613 576 1474 1668 1666 
5 458 585 1261 808 809 
6 458 69 70 302 457 585 
4 257 259 1310 1248 
6 257 1232 1261 808 1247 1248 
5 457 258 1232 1261 585 
4 457 258 256 302 
5 808 809 68 814 1247 
4 458 69 68 809 
4 586 596 1098 670 
5 445 456 289 288 442 
6 311 1287 1697 1699 1485 1486 
5 193 737 1345 1486 1485 
5 642 698 311 1287 1294 
6 697 698 642 1225 1226 317 
6 1295 1476 1484 972 1700 1698 
5 312 576 924 1460 1387 
5 576 613 431 923 924 
6 431 510 1238 1237 249 613 
5 584 1458 1460 1387 1541 
6 934 935 805 1540 1541 584 
5 509 510 1238 805 935 
6 302 457 232 702 617 687 
4 458 228 231 585 
5 234 71 890 891 237 
5 228 234 71 69 458 
4 231 232 457 585 
4 230 400 617 702 
5 230 400 751 891 237 
6 1499 1500 1396 1575 1660 1659 
6 459 269 715 1557 1559 1553 
5 460 459 1553 1552 1456 
6 436 701 1545 1552 1456 1455 
5 459 269 524 867 460 
5 436 1455 945 1574 1570 
5 985 1445 995 1574 1570 
5 460 867 945 1455 1456 
6 207 1062 1065 666 1300 1272 
6 59 666 1065 448 907 1231 
5 63 147 1071 413 854 
6 395 771 1302 1349 1214 1215 
6 1302 1303 461 1669 1675 771 
5 179 319 438 437 168 
4 341 1028 1425 1168 
5 18 27 750 462 782 
5 277 23 22 951 777 
4 18 30 781 782 
6 89 80 320 781 30 635 
4 462 750 952 926 
6 781 782 462 926 795 320 
6 212 804 993 360 1241 1240 
6 359 360 993 1632 1629 1316 
4 359 361 153 1316 
6 214 1189 1257 871 1696 1694 
6 212 214 1694 1693 884 804 
5 427 532 1117 1158 922 
5 428 368 1464 1465 606 
5 605 606 1465 1175 870 
5 1115 1116 942 1176 1160 
6 941 942 1116 671 1158 1117 
5 532 605 870 941 1117 
5 303 260 1227 753 899 
6 7 630 1194 1193 1196 1195 
5 464 466 1465 1175 623 
6 238 465 467 468 464 623 
4 605 870 239 1508 
5 466 463 520 606 1465 
5 463 468 467 676 520 
5 238 465 1509 1508 239 
4 468 464 466 463 
4 465 467 676 1509 
5 60 180 593 469 61 
5 470 177 593 469 803 
5 61 469 803 1093 55 
5 109 692 470 803 1093 
4 470 177 631 692 
6 713 860 1197 1224 820 973 
5 159 158 1556 1096 512 
5 512 859 641 1095 1096 
5 158 958 835 1558 1556 
5 982 983 701 1545 883 
5 397 398 471 425 426 
4 471 398 399 979 
5 352 429 675 389 351 
5 399 825 386 1075 979 
7 425 471 979 1075 1628 1641 1638 
5 430 431 613 612 499 
5 430 499 845 846 886 
5 97 444 443 1548 1091 
6 250 567 960 1091 1548 1549 
6 445 456 455 1549 1548 443 
6 705 904 916 528 1598 1606 
5 560 915 1396 1575 1569 
5 560 905 1014 1571 1569 
6 985 1013 705 1606 1410 1445 
5 362 363 833 832 855 
4 541 955 1516 1658 
6 436 435 1422 1434 1428 1455 
6 1515 1516 1658 1660 1575 1569 
5 434 634 1515 1569 1571 
6 454 540 1206 945 1455 1428 
6 540 541 955 1275 1243 454 
5 337 338 1546 1535 492 
6 1193 1194 976 1563 1551 1507 
4 394 694 1302 771 
6 394 694 1052 1053 1384 1383 
5 97 98 708 709 444 
5 472 330 331 29 932 
5 472 580 755 931 932 
5 410 417 280 1442 1429 
6 422 530 892 1025 467 676 
5 463 474 473 421 520 
6 473 470 692 691 424 421 
5 474 473 470 177 178 
6 171 178 474 463 468 441 
4 467 468 441 1025 
4 708 709 1692 1128 
5 24 21 1408 1178 953 
6 442 288 19 20 651 609 
5 344 443 1548 1555 345 
6 325 345 1555 1554 1178 953 
6 455 1360 1408 1178 1554 1549 
6 17 132 1475 1694 1696 16 
5 1094 1469 1479 1521 1525 
6 387 184 796 614 1479 1469 
4 387 954 1094 1469 
5 478 477 476 1280 1279 
5 185 478 1279 1289 797 
5 202 568 476 1280 1249 
5 477 476 568 1420 475 
5 478 477 475 186 185 
5 186 475 1420 1391 183 
4 1177 1178 1554 1012 
5 250 930 1012 1554 1549 
4 327 329 381 383 
4 527 789 1394 1644 
6 683 719 840 950 1364 1363 
6 412 439 546 479 1205 1204 
5 839 1032 800 1207 1201 
5 799 800 1207 1481 1466 
4 1277 1427 1456 1552 
5 111 334 866 865 533 
5 480 866 334 1621 1622 
5 480 307 730 778 1622 
6 570 571 553 1359 1386 106 
5 310 307 480 866 865 
5 553 943 1086 1358 1359 
5 553 571 778 730 943 
5 286 537 642 698 1182 
5 151 903 1390 1200 1199 
5 63 147 1200 1390 1319 
6 413 364 359 1316 1378 1071 
6 452 588 764 763 379 819 
5 230 400 587 588 764 
4 379 763 1374 944 
5 617 702 1373 964 900 
4 408 452 819 818 
5 72 68 809 580 755 
6 349 531 532 1117 1487 1505 
5 349 346 1356 1064 1505 
4 390 209 1060 1355 
5 1063 1064 1505 1487 1159 
6 236 231 585 1261 1260 1234 
5 1233 1234 236 1398 1291 
6 457 232 1399 1222 1376 258 
5 402 391 849 730 778 
6 399 252 569 404 1616 979 
5 396 308 309 502 503 
5 480 471 979 1616 1622 
6 480 307 308 396 398 471 
5 403 201 693 1587 1592 
7 331 29 577 1510 1509 465 332 
5 465 467 1025 1024 332 
5 214 211 291 1475 1694 
5 553 710 1084 1405 1359 
4 816 978 1406 1103 
6 695 696 1566 1567 949 113 
4 108 113 949 1076 
5 387 959 1538 1532 1469 
5 162 478 1279 1453 1112 
5 185 182 974 162 478 
5 345 490 1685 1686 1555 
5 1090 1091 1548 1555 1686 
5 451 575 1577 1586 1489 
6 374 451 575 574 452 819 
4 574 575 1577 1581 
5 163 786 188 885 1266 
6 1067 1228 1271 1058 1296 1297 
5 103 411 831 966 965 
5 238 229 500 332 465 
5 229 236 1234 1220 500 
4 464 616 1368 623 
6 441 52 733 616 464 468 
5 941 961 1488 1487 1117 
5 481 776 942 1116 1006 
6 802 803 469 1023 1022 384 
5 592 593 469 1023 994 
5 473 470 803 802 602 
5 474 473 602 1664 275 
5 474 178 114 118 275 
5 40 38 128 129 255 
5 405 392 1367 1403 836 
5 385 620 394 694 1087 
5 1052 1053 1102 1101 306 
5 619 620 385 1299 1154 
5 482 240 961 1488 1506 
6 349 1141 1235 482 1506 1505 
6 235 239 1508 1511 1140 1236 
5 482 240 235 1236 1235 
5 447 448 1065 1221 446 
4 666 700 1221 1065 
5 41 951 777 1035 1034 
4 79 6 7 630 
5 367 451 575 1007 940 
5 453 481 776 764 588 
6 369 375 379 763 1176 1160 
6 453 481 1006 1007 575 574 
4 479 449 622 1205 
5 472 233 229 500 330 
6 458 228 233 472 580 809 
7 385 620 516 1366 1405 1359 1358 
5 419 645 925 579 743 
5 425 420 866 480 471 
5 334 336 423 420 866 
6 1137 1207 800 1339 1517 1518 
5 200 756 1084 1405 1366 
6 756 1084 1264 1262 1107 1108 
5 553 710 461 1303 943 
5 498 499 430 851 1322 
5 846 886 1007 575 1577 
6 39 792 1418 1432 1283 1282 
5 34 791 1010 1529 1523 
6 47 166 380 1282 1283 44 
4 44 1283 1432 1591 
5 420 566 603 865 866 
5 473 421 566 603 602 
5 356 353 438 319 598 
6 161 484 1432 1283 1305 1085 
5 483 484 161 1124 1026 
5 418 483 1026 1145 254 
5 483 484 1432 1418 418 
6 466 463 474 275 1268 1325 
5 565 566 603 665 1652 
5 1169 1325 466 1465 1464 
5 579 785 1013 705 925 
5 705 925 645 1605 1606 
5 485 949 1567 1674 1672 
6 372 485 949 1076 124 370 
6 715 868 1647 1646 615 1557 
5 342 314 1559 1557 615 
6 104 439 546 1184 1370 1061 
4 582 1235 482 1340 
6 355 267 999 1138 591 599 
5 268 174 120 1139 998 
5 486 476 568 795 926 
5 486 476 1280 1051 1050 
5 158 604 615 1557 1556 
6 234 71 1242 1340 482 240 
6 131 213 669 670 1098 1097 
5 483 1026 1454 1051 1050 
5 1026 1124 1112 1453 1454 
5 479 449 1183 1184 546 
4 74 660 1127 1636 
5 461 710 1084 756 1669 
5 576 924 1655 1483 1474 
5 61 469 1023 1014 905 
5 705 904 703 1104 925 
6 485 487 529 745 1671 1672 
6 485 487 1133 1293 113 949 
4 487 529 901 1133 
6 535 668 649 1293 1133 901 
5 560 1301 1514 1515 1569 
6 207 1272 1513 1516 1658 1657 
6 1012 1130 1688 1686 1555 1554 
4 1043 1252 543 1542 
4 485 487 373 372 
6 373 487 1133 1213 1334 1338 
5 124 370 1337 1273 123 
5 1244 1507 1551 1550 1579 
5 396 308 1397 1461 1457 
5 573 584 1541 1576 1459 
5 4 610 1200 1390 1389 
5 46 407 488 489 1582 
5 45 44 1283 1305 1424 
5 326 407 488 160 714 
5 489 484 1432 1591 1582 
5 489 484 161 160 488 
6 117 2 3 563 1326 1267 
6 276 415 433 843 640 562 
5 936 937 1259 1326 563 
6 72 755 931 582 1340 1242 
5 472 233 235 1236 932 
5 489 486 1050 483 484 
5 488 489 486 476 477 
5 160 162 478 477 488 
5 773 790 826 989 957 
6 406 272 273 663 186 475 
6 262 264 1419 1420 475 406 
5 406 475 477 488 407 
6 464 466 1325 1326 563 616 
4 747 1397 1461 1656 
6 489 486 926 952 1584 1582 
5 919 920 1024 1324 948 
5 490 971 1443 1447 1685 
5 710 1084 1264 1313 1342 
5 1107 1108 1201 1207 1137 
5 681 682 721 720 491 
6 882 883 1545 1552 1277 1276 
5 542 779 653 813 812 
5 598 599 494 1470 1471 
5 495 496 990 1321 1167 
5 504 505 611 964 963 
4 507 508 1216 1217 
5 509 510 811 1135 1134 
5 511 780 876 1120 1008 
5 512 1096 1446 1409 1162 
5 996 997 955 1275 1188 
5 1596 1597 513 1641 1628 
5 553 571 1341 1342 710 
4 514 515 633 632 
5 893 894 555 1156 1190 
4 516 517 619 620 
5 1460 1461 1656 1655 924 
5 518 519 685 1634 1633 
6 605 606 520 676 1509 1508 
5 1041 1042 706 1436 1435 
5 669 670 586 1257 1189 
5 787 1344 978 1406 1365 
6 1001 1019 1109 868 1647 1651 
5 524 867 945 1574 995 
5 525 526 954 1094 864 
5 772 773 790 789 527 
6 1343 1344 787 1599 1598 528 
5 1096 1446 715 1557 1556 
6 534 733 1291 1290 987 1165 
5 681 682 768 767 536 
5 537 642 1225 1525 1524 
5 863 864 1094 1469 1532 
5 641 785 1013 985 1095 
4 538 539 1049 1048 
4 577 1140 1511 1510 
5 540 541 1658 1660 1206 
5 542 779 1033 876 780 
6 1095 1096 1556 1558 1545 701 
5 547 548 1111 1110 858 
5 847 848 775 1033 779 
5 912 913 1040 1179 762 
5 549 864 1094 1525 1524 
5 621 622 927 928 550 
4 889 1473 1467 1573 
4 975 1410 1606 1598 
5 558 559 1041 1042 774 
6 666 700 915 560 1301 1300 
5 567 960 1126 1495 1496 
5 794 795 568 1420 1419 
6 569 902 1613 1608 1400 1401 
5 1103 1386 1359 1405 1406 
5 570 571 778 1622 1621 
5 578 579 925 1104 1068 
5 931 932 1236 1235 582 
5 611 964 1373 1399 1222 
5 1073 1074 600 1148 1147 
5 642 1225 1476 1295 1294 
5 716 880 1336 1335 1157 
4 601 858 1110 975 
5 602 603 665 1663 1664 
5 1010 1417 1590 1528 1529 
5 604 615 1646 1650 707 
5 607 608 649 1293 1292 
5 616 733 1291 1398 1368 
5 624 851 1322 1649 1654 
5 691 692 631 717 718 
5 845 846 1577 1586 1477 
4 639 640 843 842 
5 859 860 1197 1198 641 
6 645 925 1104 1103 1406 1365 
5 738 739 860 859 742 
5 1000 1001 1651 1650 707 
5 720 721 853 852 646 
5 763 764 776 942 1176 
5 654 1019 1162 1351 1353 
4 689 725 837 838 
5 660 798 956 1211 1127 
5 772 773 957 956 1211 
5 672 673 1329 1330 1083 
6 1086 1087 694 1302 1303 943 
5 815 816 1103 1104 703 
5 704 727 1377 1378 1071 
6 881 885 1266 1265 1059 1181 
5 904 905 1014 1013 705 
5 829 830 706 1042 774 
5 715 868 1109 1409 1446 
5 730 849 1350 1303 943 
5 737 885 1266 1452 1345 
5 760 761 1003 1002 746 
5 988 989 826 1416 1412 
5 890 891 751 968 967 
4 752 753 1227 1375 
6 757 995 1574 1575 1396 1395 
6 996 997 1049 1048 1172 1173 
5 941 942 776 962 961 
6 794 795 926 952 951 777 
5 1034 1035 783 1665 1667 
5 954 1094 1525 1225 1226 
5 1013 1014 1023 1022 785 
5 914 1070 1157 1335 1239 
4 789 790 853 852 
5 791 792 1418 1417 1010 
5 1004 1005 793 1129 1130 
5 799 800 1339 1370 1061 
5 956 957 989 988 798 
4 802 803 1093 1092 
5 893 894 899 900 806 
5 1247 1248 1310 1309 814 
5 927 928 817 1306 1314 
5 982 983 1223 1224 820 
5 1088 1089 1143 1142 834 
5 832 833 903 1390 1319 
4 835 883 1545 1558 
5 839 840 950 1031 1032 
6 949 1076 1263 1264 1313 1567 
5 1029 1030 841 1089 1088 
4 892 920 1024 1025 
5 856 857 1018 1312 1311 
4 861 862 992 991 
5 941 942 1176 1175 870 
5 1118 1119 1256 1257 871 
5 872 873 1185 1186 984 
5 879 880 1323 1324 948 
4 906 907 1231 1230 
5 1190 1191 1430 1429 909 
4 910 911 1046 1047 
4 912 913 946 947 
5 917 918 976 1544 1543 
5 1113 1114 1121 1181 1270 
5 1006 1007 940 1115 1116 
5 963 964 1373 1374 944 
5 945 1206 1660 1575 1574 
5 1020 1021 1177 1178 953 
4 958 959 974 973 
5 1090 1091 960 1126 1125 
5 965 966 1369 1370 1061 
6 1443 1444 1128 1692 1691 971 
6 1263 1264 1084 1405 1406 978 
6 1110 1111 1109 1409 1410 975 
5 979 1075 1600 1624 1616 
5 1002 1003 1038 1037 980 
5 1095 1096 1446 1445 985 
6 1212 1213 1334 1333 1438 1437 
4 986 987 1165 1166 
6 1168 1425 1453 1112 1539 1530 
5 1022 1023 994 1131 1132 
4 998 999 1138 1139 
4 1015 1016 1054 1055 
4 1019 1109 1409 1162 
5 1123 1124 1026 1145 1144 
5 1066 1067 1040 1179 1180 
5 1125 1126 1495 1252 1043 
5 1052 1053 1563 1551 1504 
5 1177 1178 1408 1407 1056 
5 1058 1059 1181 1270 1271 
5 1063 1064 1356 1355 1060 
5 1062 1065 1221 1500 1499 
5 1103 1104 1068 1385 1386 
5 1101 1102 1072 1147 1148 
4 1158 1159 1487 1117 
5 1265 1266 1452 1451 1077 
5 1151 1152 1304 1305 1085 
5 1250 1251 1243 1275 1188 
5 1193 1194 1100 1215 1214 
4 1105 1106 1627 1626 
5 1183 1184 1370 1369 1122 
5 1170 1171 1127 1211 1210 
5 1212 1213 1133 1293 1292 
4 1140 1141 1235 1236 
7 1351 1352 1605 1606 1410 1409 1162 
5 1153 1154 1299 1298 1146 
4 1155 1156 1190 1191 
5 1175 1176 1160 1464 1465 
5 1208 1209 1161 1493 1492 
5 1321 1322 1649 1648 1167 
5 1258 1259 1326 1325 1169 
4 1172 1173 1216 1217 
4 1185 1186 1255 1254 
5 1240 1241 1256 1257 1189 
5 1195 1196 1244 1579 1578 
4 1197 1198 1223 1224 
5 1201 1202 1480 1481 1207 
6 1276 1277 1427 1428 1434 1433 
5 1233 1234 1220 1324 1323 
5 1290 1291 1398 1399 1222 
5 1225 1226 1357 1484 1476 
4 1228 1229 1270 1271 
5 1260 1261 1232 1683 1684 
5 1252 1495 1603 1601 1578 
5 1317 1318 1336 1335 1239 
5 1274 1275 1243 1434 1422 
5 1279 1280 1249 1288 1289 
5 1285 1286 1253 1440 1439 
5 1263 1264 1262 1518 1517 
4 1267 1268 1325 1326 
5 1300 1301 1514 1513 1272 
5 1333 1334 1338 1337 1273 
4 1282 1283 1305 1304 
5 1296 1297 1361 1362 1284 
5 1294 1295 1698 1697 1287 
4 1306 1307 1315 1314 
4 1302 1303 1350 1349 
5 1311 1312 1651 1650 1308 
5 1341 1342 1313 1567 1566 
5 1377 1378 1316 1629 1630 
4 1319 1320 1389 1390 
4 1327 1328 1331 1332 
5 1348 1522 1477 1586 1585 
5 1343 1344 1339 1370 1369 
5 1371 1372 1451 1452 1345 
4 1346 1347 1355 1356 
4 1351 1352 1354 1353 
5 1357 1379 1695 1693 1484 
4 1358 1359 1386 1385 
5 1363 1364 1643 1644 1394 
4 1365 1366 1405 1406 
5 1383 1384 1402 1403 1367 
5 1373 1374 1368 1398 1399 
4 1380 1381 1400 1401 
7 1460 1461 1397 1504 1551 1550 1387 
5 1388 1497 1604 1593 1540 
4 1391 1392 1419 1420 
5 1395 1396 1500 1501 1393 
4 1409 1410 1445 1446 
4 1411 1412 1416 1415 
5 1417 1418 1432 1591 1590 
4 1421 1422 1434 1433 
4 1437 1438 1450 1449 
5 1439 1440 1426 1612 1613 
4 1427 1428 1455 1456 
4 1429 1430 1441 1442 
5 1435 1436 1431 1470 1471 
4 1443 1444 1448 1447 
4 1457 1458 1460 1461 
5 1462 1463 1602 1576 1459 
5 1480 1481 1466 1619 1620 
5 1472 1473 1467 1528 1529 
5 1468 1477 1522 1527 1494 
5 1478 1479 1469 1532 1531 
5 1482 1483 1474 1668 1667 
5 1475 1476 1484 1693 1694 
4 1487 1488 1506 1505 
5 1490 1491 1489 1493 1492 
5 1495 1496 1497 1604 1603 
5 1502 1503 1494 1527 1526 
4 1498 1504 1551 1507 
4 1508 1509 1510 1511 
4 1513 1514 1515 1516 
4 1520 1521 1525 1524 
5 1526 1527 1522 1537 1536 
5 1528 1529 1523 1534 1533 
5 1540 1541 1576 1602 1593 
5 1531 1532 1538 1539 1530 
5 1543 1544 1542 1688 1687 
5 1552 1553 1559 1558 1545 
5 1566 1567 1674 1673 1547 
4 1548 1549 1554 1555 
4 1550 1551 1563 1562 
4 1556 1557 1559 1558 
4 1560 1561 1565 1564 
5 1572 1573 1583 1584 1568 
5 1570 1571 1569 1575 1574 
5 1578 1579 1576 1602 1601 
5 1580 1581 1577 1586 1585 
5 1583 1584 1582 1591 1590 
4 1587 1592 1624 1600 
5 1601 1602 1593 1604 1603 
5 1596 1597 1623 1624 1600 
4 1598 1599 1605 1606 
4 1607 1608 1613 1612 
5 1610 1611 1620 1619 1609 
5 1621 1622 1616 1624 1623 
5 1627 1628 1641 1640 1626 
4 1629 1630 1631 1632 
4 1635 1636 1644 1643 
4 1637 1638 1641 1640 
5 1648 1649 1654 1653 1645 
4 1646 1647 1651 1650 
5 1653 1654 1655 1656 1652 
4 1657 1658 1660 1659 
4 1661 1662 1664 1663 
4 1665 1666 1668 1667 
4 1671 1672 1674 1673 
4 1669 1670 1676 1675 
4 1677 1678 1680 1679 
4 1681 1682 1683 1684 
4 1685 1686 1688 1687 
4 1693 1694 1696 1695 
4 1697 1698 1700 1699 
CELL_DATA 1627
SCALARS scalar_1 double
LOOKUP_TABLE default
    5.248571
    5.227053
    5.216155
    5.216365
    5.199641
    5.218520
    5.204143
    5.232242
    5.252387
    5.227412
    5.255626
    5.197636
    5.195321
    5.205929
    5.218520
    5.202380
    5.080739
    5.176510
    5.136160
    5.089926
    5.210090
    5.245469
    5.237501
    5.211713
    5.224374
    5.195464
    5.147767
    5.219790
    5.000000
    5.252101
    5.105171
    5.193567
    5.085501
    5.197664
    5.213004
    5.092038
    5.118982
    5.104672
    5.117896
    5.222910
    5.203919
    5.252101
    5.194966
    5.204241
    5.245870
    5.147767
    5.103321
    5.198727
    5.103321
    5.227498
    5.198727
    5.210288
    5.233967
    5.083640
    5.081960
    5.104672
    5.245870
    5.091505
    5.230887
    5.189962
    5.087118
    5.186793
    5.196306
    5.216155
    5.106994
    5.205929
    5.190272
    5.093359
    5.206122
    5.202455
    5.248571
    5.122263
    5.121953
    5.195018
    5.176518
    5.220707
    5.092847
    5.220805
    5.189468
    5.136160
    5.103960
    5.199239
    5.216221
    5.121890
    5.147767
    5.228098
    5.227053
    5.198842
    5.205185
    5.195878
    5.233747
    5.244295
    5.198727
    5.176510
    5.103321
    5.210288
    5.183286
    5.092038
    5.194086
    5.181564
    5.202060
    5.218965
    5.099075
    5.200863
    5.216207
    5.196366
    5.109725
    5.223104
    5.195437
    5.204575
    5.182522
    5.208281
    5.185820
    5.208892
    5.300035
    5.241194
    5.183286
    5.205185
    5.080739
    5.133687
    5.218965
    5.200660
    5.245469
    5.210129
    5.111748
    5.105192
    5.140631
    5.237401
    5.193567
    5.219790
    5.105378
    5.127079
    5.241570
    5.108656
    5.231333
    5.200863
    5.300035
    5.266927
    5.194019
    5.209888
    5.136160
    5.189468
    5.176518
    5.192130
    5.230848
    5.206026
    5.218690
    5.208281
    5.223104
    5.181219
    5.210359
    5.091430
    5.215938
    5.103960
    5.092847
    5.204980
    5.176518
    5.212162
    5.123063
    5.121890
    5.117187
    5.099899
    5.255626
    5.134584
    5.242835
    5.213187
    5.248571
    5.199641
    5.252387
    5.223988
    5.220805
    5.202325
    5.195774
    5.218520
    5.181403
    5.122263
    5.202870
    5.189468
    5.205251
    5.215938
    5.209888
    5.117187
    5.176518
    5.207258
    5.195018
    5.192130
    5.103785
    5.098635
    5.215456
    5.202236
    5.250622
    5.226364
    5.206026
    5.213004
    5.118982
    5.195464
    5.093269
    5.211713
    5.103248
    5.091430
    5.223541
    5.123063
    5.091430
    5.212162
    5.103248
    5.207912
    5.136160
    5.242835
    5.230848
    5.075687
    5.192130
    5.210900
    5.092847
    5.176518
    5.202874
    5.197636
    5.198842
    5.190976
    5.216155
    5.232242
    5.205652
    5.084058
    5.255626
    5.252387
    5.219835
    5.202455
    5.198842
    5.252387
    5.084058
    5.211757
    5.224374
    5.255626
    5.212647
    5.140631
    5.202455
    5.196708
    5.227053
    5.219835
    5.223541
    5.105171
    5.091430
    5.103248
    5.248571
    5.197636
    5.255626
    5.219564
    5.228098
    5.202255
    5.215873
    5.081960
    5.226364
    5.118982
    5.195910
    5.098635
    5.237501
    5.237340
    5.215456
    5.190273
    5.232242
    5.202870
    5.209456
    5.205185
    5.092038
    5.104672
    5.197664
    5.192974
    5.103321
    5.202700
    5.183286
    5.091505
    5.205929
    5.218520
    5.233662
    5.202325
    5.216221
    5.104375
    5.207912
    5.217534
    5.092847
    5.248571
    5.220805
    5.136160
    5.213187
    5.212647
    5.195464
    5.120038
    5.211713
    5.211757
    5.242162
    5.140631
    5.245469
    5.252387
    5.210090
    5.237340
    5.237501
    5.212647
    5.232242
    5.196388
    5.252387
    5.190130
    5.092528
    5.191934
    5.207329
    5.232242
    5.120038
    5.209848
    5.211757
    5.197500
    5.095166
    5.187239
    5.202870
    5.112783
    5.194707
    5.197664
    5.186227
    5.192974
    5.205652
    5.190130
    5.208281
    5.201925
    5.087118
    5.105192
    5.245469
    5.205929
    5.210090
    5.216221
    5.136160
    5.196306
    5.189958
    5.090010
    5.206286
    5.211712
    5.176970
    5.196622
    5.187239
    5.197664
    5.195464
    5.092038
    5.211757
    5.198882
    5.192768
    5.229402
    5.217452
    5.189962
    5.204575
    5.192966
    5.195444
    5.196047
    5.191934
    5.195437
    5.095166
    5.197664
    5.082209
    5.112783
    5.190130
    5.208281
    5.199641
    5.197500
    5.214708
    5.195774
    5.209848
    5.232242
    5.094329
    5.203211
    5.209456
    5.215041
    5.184514
    5.208719
    5.202060
    5.194086
    5.191428
    5.085501
    5.206122
    5.199415
    5.222248
    5.202455
    5.219564
    5.170480
    5.196708
    5.217481
    5.070784
    5.105192
    5.210090
    5.210129
    5.092363
    5.140631
    5.205053
    5.111748
    5.210532
    5.195464
    5.199079
    5.210129
    5.191987
    5.209456
    5.193306
    5.250622
    5.189958
    5.081717
    5.133687
    5.194966
    5.198882
    5.196306
    5.198847
    5.188520
    5.192768
    5.196047
    5.229402
    5.087118
    5.136160
    5.118982
    5.202455
    5.196708
    5.181564
    5.210359
    5.223541
    5.219835
    5.083364
    5.198669
    5.183617
    5.105378
    5.242162
    5.245870
    5.230887
    5.222910
    5.208550
    5.216221
    5.202325
    5.235478
    5.197500
    5.208719
    5.195774
    5.199641
    5.193139
    5.220805
    5.224064
    5.198172
    5.081271
    5.109805
    5.234714
    5.233319
    5.121953
    5.250622
    5.183617
    5.228036
    5.222910
    5.237340
    5.242162
    5.230887
    5.223988
    5.213187
    5.252387
    5.248571
    5.255626
    5.114221
    5.204067
    5.163825
    5.223163
    5.127079
    5.241570
    5.219053
    5.193567
    5.252101
    5.105378
    5.108656
    5.241570
    5.115265
    5.079712
    5.197514
    5.000000
    5.194911
    5.217369
    5.164406
    5.191934
    5.182488
    5.211713
    5.202559
    5.227079
    5.216852
    5.195464
    5.207329
    5.208281
    5.211757
    5.195627
    5.079712
    5.241570
    5.109725
    5.196366
    5.202870
    5.208281
    5.122263
    5.121953
    5.081271
    5.186227
    5.204575
    5.181564
    5.191987
    5.196708
    5.194086
    5.092038
    5.223541
    5.210359
    5.222910
    5.204241
    5.233967
    5.188520
    5.099899
    5.202700
    5.202476
    5.198882
    5.192768
    5.204980
    5.197514
    5.207329
    5.079712
    5.080739
    5.204241
    5.198882
    5.189958
    5.133687
    5.103321
    5.194966
    5.094329
    5.209848
    5.207329
    5.120038
    5.079712
    5.202255
    5.234714
    5.219053
    5.215041
    5.203659
    5.120038
    5.207329
    5.194509
    5.195774
    5.215041
    5.252387
    5.094329
    5.196673
    5.204143
    5.104375
    5.202325
    5.233662
    5.205929
    5.199641
    5.248571
    5.210090
    5.108656
    5.111748
    5.107258
    5.193567
    5.105378
    5.140631
    5.186793
    5.092038
    5.237401
    5.210129
    5.252101
    5.193567
    4.871691
    5.000000
    5.198727
    5.233747
    5.195199
    5.218791
    5.245870
    5.095166
    5.250622
    5.237340
    5.230887
    5.081960
    5.177639
    5.107944
    5.190273
    5.213004
    5.091505
    5.215873
    5.206122
    5.085501
    5.191987
    5.197500
    5.209456
    5.212162
    5.103248
    5.223541
    5.099899
    5.086485
    5.219835
    5.210359
    5.215938
    5.230848
    5.189468
    5.117187
    5.136160
    5.230848
    5.092847
    5.200863
    5.208281
    5.095166
    5.195627
    5.215456
    5.237501
    5.136160
    5.202455
    5.098635
    5.103785
    5.195627
    5.199652
    5.219053
    5.234714
    5.202255
    5.180735
    5.163825
    5.198727
    5.000000
    5.300035
    5.092038
    5.230214
    5.059457
    5.186793
    5.201975
    5.111531
    5.103248
    5.070784
    5.196622
    5.190551
    5.195199
    5.194966
    5.234714
    5.061619
    5.252101
    5.163825
    5.198669
    5.198172
    5.105378
    5.083364
    5.203659
    5.235478
    5.206992
    5.196673
    5.202325
    5.199641
    5.209456
    5.218671
    5.300035
    5.210129
    5.140631
    5.211757
    5.198842
    5.237401
    5.218671
    5.199641
    5.209456
    5.232242
    5.241570
    5.195627
    5.108082
    5.219564
    5.231333
    5.198669
    5.090010
    5.206286
    5.183617
    5.176970
    5.228036
    5.209456
    5.218671
    5.117187
    5.103248
    5.205929
    5.217534
    5.140631
    5.255626
    5.199415
    5.192755
    5.188540
    5.217452
    5.231333
    5.219564
    5.237401
    5.108082
    5.115265
    5.092038
    5.213004
    5.104672
    5.091505
    5.112783
    5.177639
    5.095166
    5.192974
    5.092847
    5.216221
    5.199239
    5.104375
    5.098635
    5.103785
    5.189468
    5.213187
    5.222910
    5.114221
    5.103960
    5.201925
    5.200354
    5.202476
    5.099899
    5.212162
    5.233967
    5.086485
    5.190551
    5.087118
    5.223541
    5.186793
    5.083364
    5.233967
    5.114221
    5.230887
    5.202476
    5.183617
    5.204241
    5.228036
    5.211713
    5.202255
    5.215873
    5.252387
    5.237501
    5.207329
    5.079712
    5.194509
    5.237340
    5.223541
    5.092038
    5.190551
    5.230214
    5.196622
    5.194019
    5.059457
    5.197722
    5.087118
    5.196306
    5.202700
    5.080739
    5.192966
    5.106718
    5.198882
    5.208673
    5.188520
    5.202874
    5.177639
    5.201925
    5.233967
    5.091505
    5.082871
    5.202874
    5.194707
    5.202700
    5.186227
    5.198882
    5.197722
    5.196622
    5.188520
    5.087118
    5.202476
    5.206286
    5.190551
    5.189958
    5.198847
    5.196708
    5.199415
    5.222248
    5.194086
    5.192755
    5.215041
    5.229402
    5.188520
    5.087118
    5.219835
    5.210129
    5.237340
    5.242162
    5.091505
    5.177639
    5.081960
    5.114221
    5.233967
    5.245870
    5.237401
    5.217452
    5.185820
    5.199415
    5.215041
    5.115265
    5.195015
    5.195444
    5.237340
    5.177639
    5.200354
    5.107944
    5.213187
    5.103960
    5.223988
    5.252101
    5.000000
    5.213004
    5.095166
    5.109725
    5.200863
    5.208895
    5.180735
    5.234714
    5.196366
    5.181219
    5.202700
    5.198842
    5.199641
    5.218671
    5.205929
    5.237501
    5.195910
    5.196708
    5.199415
    5.198727
    5.204241
    5.202700
    5.133687
    5.233967
    5.080739
    5.206026
    5.208895
    5.091505
    5.095166
    5.082209
    5.118982
    5.104672
    5.228036
    5.255626
    5.231333
    5.242162
    5.200660
    5.210129
    5.185820
    5.140631
    5.115265
    5.195015
    5.241570
    5.206889
    5.188540
    5.118982
    5.206992
    5.199641
    5.218671
    5.205251
    5.201950
    5.203211
    5.195464
    5.095166
    5.202870
    5.196366
    5.107944
    5.200354
    5.177639
    5.195018
    5.201925
    5.190551
    5.196622
    5.086485
    5.228036
    5.217534
    5.070784
    5.201975
    5.202476
    5.212162
    5.206286
    5.103248
    5.090010
    5.189958
    5.198669
    5.198172
    5.090010
    5.206286
    5.095091
    5.083364
    5.094710
    5.200354
    5.233967
    5.091505
    5.095166
    5.107944
    5.188540
    5.255626
    5.105378
    5.231333
    5.242162
    5.210090
    5.198842
    5.211757
    5.211713
    5.195627
    5.237501
    5.195774
    5.224064
    5.220805
    5.121953
    5.252387
    5.194509
    5.215873
    5.233319
    5.242162
    5.245870
    5.252101
    5.193567
    5.241570
    5.198669
    5.231333
    5.202476
    5.189958
    5.190551
    5.090010
    5.196622
    5.228036
    5.083364
    5.202325
    5.216221
    5.195627
    5.087118
    5.223541
    5.207785
    5.188520
    5.215938
    5.208673
    5.210359
    5.216155
    5.195627
    5.079712
    5.202255
    5.241570
    5.232242
    5.181219
    5.232242
    5.194509
    5.255626
    5.242162
    5.237340
    5.181219
    5.122263
    5.217534
    5.248571
    5.206122
    5.300035
    5.000000
    5.121953
    5.081271
    5.204575
    5.198847
    5.197722
    5.189468
    5.211712
    5.181219
    5.209888
    5.195018
    5.207785
    5.210359
    5.113150
    5.195878
    5.230848
    5.189468
    5.209888
    5.080739
    5.202700
    5.195878
    5.113150
    5.104672
    5.213194
    5.189468
    5.117187
    5.205251
    5.266927
    5.197722
    5.181219
    5.111748
    5.200660
    5.127079
    5.206889
    5.241570
    5.204821
    5.202325
    5.199239
    5.220805
    5.092847
    5.104375
    5.193139
    5.121953
    5.189958
    5.198669
    5.108082
    5.219564
    5.255626
    5.242162
    5.115265
    5.224064
    5.199641
    5.220805
    5.194509
    5.208281
    5.109725
    5.095166
    5.086485
    5.212162
    5.217534
    5.201975
    5.195199
    5.115265
    5.199415
    5.224064
    5.108082
    5.127079
    5.198669
    5.115265
    5.195015
    5.206889
    5.209210
    5.199641
    5.206992
    5.196673
    5.202325
    5.000000
    5.252101
    5.061619
    5.204241
    5.198727
    5.133687
    5.189958
    5.198172
    5.083364
    5.191428
    5.194086
    5.108939
    5.204821
    5.202455
    5.196708
    5.127079
    5.202060
    5.195464
    5.000000
    5.216207
    5.092528
    5.202559
    5.079712
    5.191934
    5.204241
    5.083364
    5.198172
    5.198882
    5.198847
    5.109805
    5.196708
    5.191428
    5.217481
    5.202060
    5.202455
    5.199415
    5.222248
    5.211712
    5.234714
    5.203659
    5.194509
    5.198172
    5.224064
    5.121953
    5.094710
    5.211712
    5.189468
    5.198842
    5.202700
    5.201925
    5.202325
    5.237501
    5.195199
    5.252101
    5.201975
    5.108656
    5.218791
    5.107258
    5.112783
    5.194707
    5.198842
    5.195464
    5.191934
    5.196622
    5.228036
    5.170480
    5.108082
    5.095091
    5.070784
    5.196708
    5.080739
    5.219564
    5.206122
    5.070784
    5.228036
    5.217534
    5.085501
    5.248571
    5.201975
    5.220805
    5.213187
    5.103960
    5.212162
    5.217534
    5.237340
    5.190273
    5.107944
    5.202255
    5.194509
    5.202476
    5.188520
    5.196622
    5.087118
    5.086485
    5.083364
    5.198669
    5.300035
    5.133687
    5.000000
    5.195018
    5.211712
    5.220805
    5.107944
    5.198842
    5.193139
    5.194509
    5.211712
    5.220805
    5.094710
    5.222248
    5.195627
    5.080739
    5.201925
    5.233967
    5.300035
    5.085501
    5.202060
    5.115265
    5.201975
    5.228036
    5.212162
    5.213187
    5.248571
    5.206122
    5.300035
    5.252101
    4.871691
    5.300035
    5.198727
    5.061619
    5.195464
    5.195627
    5.237501
    5.202255
    5.195910
    5.237501
    5.107258
    5.245870
    5.237340
    5.242162
    5.198727
    5.133687
    5.091505
    5.200863
    5.208281
    5.181219
    5.202870
    5.181403
    5.203659
    5.212162
    5.086485
    5.188520
    5.215938
    5.202476
    5.201925
    5.208673
    5.079712
    5.255626
    5.197636
    5.194707
    5.108082
    5.222248
    5.219564
    5.196708
    5.115265
    5.202060
    5.070784
    5.230214
    5.197722
    5.193139
    5.191428
    5.206122
    5.196708
    5.208673
    5.087118
    5.198882
    5.086485
    5.202476
    5.207785
    5.085501
    5.206122
    5.195464
    5.201925
    5.195018
    5.210359
    5.117187
    5.202255
    5.195910
    5.237340
    5.198727
    5.133687
    5.198669
    5.108082
    5.094710
    5.092528
    5.199641
    5.181219
    5.085501
    5.191428
    5.219564
    5.248571
    5.070784
    5.108082
    5.103960
    5.220805
    5.212162
    5.228036
    5.248571
    5.118982
    5.091505
    5.201925
    5.204241
    5.200354
    5.217481
    5.230214
    5.085501
    5.202060
    5.197722
    5.211712
    5.245870
    5.080739
    5.198669
    5.222248
    5.219564
    5.094710
    5.181219
    5.085501
    5.202060
    5.201925
    5.107944
    5.202476
    5.212162
    5.181403
    5.201925
    5.205652
    5.201925
    5.083364
    5.094710
    5.118982
    5.195878
    5.091505
    5.081960
    5.202476
    5.228036
    5.202325
    5.081960
    5.195910
    5.210900
    5.218791
    5.248571
    5.202476
    5.219564
    5.103960
    5.195018
    5.210359
    5.117187
    5.190273
    5.202255
    5.181219
    5.202060
    5.199641
    5.220805
    5.245870
    5.195910
    5.190273
    5.202060
    5.195464
    5.195910
    5.195910
    5.205251
    5.200863
    5.205652
    5.204241
    5.220805
    5.195018
    5.209210
    5.117187
    5.218690
    5.230848
    5.220805
    5.193139
    5.198727
    5.080739
    5.209210
    5.218690
    5.205251
    5.080739
    5.202476
    5.198847
    5.255626
    5.245870
    5.091505
    5.237340
    5.218791
    5.195910
    5.248571
    5.242162
    5.219564
    5.204067
    5.085501
    5.218791
    5.245870
    5.237340
    5.200863
    5.237340
    5.245870
    5.245870
    5.219564
    5.202476
    5.218791
    5.205929
    5.300035
    5.205652
    5.202870
    5.187239
    5.194509
    5.112783
    5.218671
    5.231333
    5.217452
    5.197500
    5.109805
    5.112783
    5.190273
    5.222248
    5.086485
    5.208673
    5.216221
    5.195444
    5.200354
    5.204241
    5.196540
    5.170480
    5.218671
    5.195464
    5.195018
    5.190273
    5.233319
    5.079712
    5.200863
    5.195018
    5.190273
    5.227053
    5.227079
    5.079712
    5.195627
    5.107944
    5.214708
    5.085501
    5.095091
    5.112783
    5.215873
    5.109725
    5.082871
    5.188351
    5.195627
    5.209888
    5.198727
    5.121953
    5.218671
    5.211712
    5.133687
    5.245870
    5.106718
    5.200354
    5.099899
    5.103960
    5.202060
    5.196708
    5.230887
    5.207329
    5.216365
    5.223104
    5.228036
    5.104672
    5.190273
    5.230848
    5.206122
    5.083364
    5.217534
    5.203659
    5.242162
    5.215873
    5.195018
    5.114221
    5.190273
    5.213004
    5.108082
    5.196366
    5.181683
    5.200863
    5.200863
    4.871691
    5.201925
    5.195018
    5.194707
    5.232242
    5.103960
    5.216852
    5.190273
    5.208673
    5.092528
    5.200660
    5.200863
    5.194086
    5.196708
    5.121953
    5.217481
    5.095091
    5.245870
    5.252101
    5.079712
    5.103960
    5.204143
    5.213004
    5.104672
    5.194966
    5.181403
    5.200863
    5.103960
    5.217452
    5.181564
    5.209888
    5.215873
    5.210900
    5.198842
    5.215873
    5.208281
    5.207258
    5.210900
    5.201975
    5.208895
    5.183617
    5.090010
    5.211757
    5.188540
    5.205929
    5.189468
    5.094329
    5.176518
    5.080935
    5.183286
    5.195774
    5.108082
    5.199415
    5.224064
    5.198727
    5.120038
    5.133687
    5.181219
    5.300035
    5.202870
    5.196366
    5.086485
    5.237401
    5.107944
    5.117187
    5.197636
    5.098635
    5.213187
    5.202325
    5.232242
    5.190273
    5.098635
    5.188351
    5.133687
    5.204241
    5.252101
    5.232242
    5.196622
    5.211712
    5.200354
    5.233967
    5.095091
    5.203211
    5.118982
    5.222248
    5.202700
    5.190551
    5.181219
    5.248137
    5.117187
    5.070784
    5.107944
    5.233967
    5.094329
    5.219564
    5.231333
    5.184094
    5.219564
    5.217481
    5.192966
    5.211757
    5.080739
    5.215873
    5.208281
    5.194509
    5.206122
    5.202455
    5.211713
    5.232242
    5.204821
    5.081717
    5.218520
    5.224064
    5.210090
    5.192768
    5.207258
    5.248571
    5.211712
    5.266927
    5.091505
    5.232242
    5.182488
    5.209888
    5.202874
    5.180735
    5.216155
    5.194707
    5.197636
    5.186793
    5.203659
    5.223104
    5.209848
    5.199239
    5.196366
    5.211713
    5.200354
    5.095166
    5.202870
    5.233967
    5.133338
    5.189962
    5.204241
    5.081271
    5.242162
    5.109805
    5.107944
    5.200863
    5.218791
    5.194509
    5.117187
    5.217452
    5.094710
    5.115265
    5.218671
    5.300035
    5.198882
    5.198847
    5.092528
    5.227498
    5.241570
    5.195627
    5.083364
    5.191934
    5.193139
    5.241570
    5.109725
    5.208550
    5.198882
    5.085501
    5.211712
    5.195627
    5.219053
    5.104672
    5.198847
    5.237501
    5.103321
    5.233319
    5.216155
    5.133687
    5.080739
    5.202255
    5.199652
    5.147767
    5.224064
    5.081717
    5.203659
    5.218791
    5.087118
    5.204575
    5.086485
    5.195018
    5.217452
    5.208281
    5.086485
    5.190551
    5.194707
    5.250622
    5.190551
    5.222910
    5.190273
    5.206286
    5.211712
    5.204980
    5.083364
    5.210359
    5.202874
    5.186227
    5.202455
    5.198727
    5.211713
    5.207329
