# vtk DataFile Version 2.0
polydata
ASCII
DATASET POLYDATA
POINTS 1684 double
3.41494304692062 3.09785933504754 0.168249003021449 
2.30207624062792 3.1426592984846 6.46047876066389 
3.1498680352735 3.8977410844694 0.583074496392208 
1.94035803645552 3.70706182415817 3.79561780833157 
3.11869743449583 1.48286893421017 3.39720203255878 
2.8979963303504 1.74884031658404 3.97131697750034 
2.88999061345687 1.66222623292577 2.95009627473289 
2.81514368311955 1.82229812934195 3.99156076376845 
3.07155666424355 2.42613678969978 2.7389881680356 
4.12160804729453 6.09889659936691 3.37516960917109 
3.99347030803958 5.51605060599037 3.56573244064302 
4.57507570705472 5.65388970740077 3.88599308884675 
4.42957048166816 5.50890789754036 2.48544577350115 
4.36811728516607 6.12093784504601 2.76666830055457 
4.67322913037941 4.92485763285191 3.19065100982598 
4.08612396722127 2.6893533810918 5.53284917739984 
3.44030798485954 1.67207442906083 4.98314251095111 
3.56671214033971 2.40453866201807 5.86306733846773 
3.477310159129 2.4242084138911 5.08393954718536 
3.992068837313 1.89011278186268 4.77297356698542 
5.2261459456653 1.0137029862929 6.0712123645261 
4.74131354503838 0.751696022569878 0.414837812894686 
4.53015862458958 1.12171904369134 6.29234464729953 
5.06010901870657 0.419316189047486 0.41408616855869 
5.40572521693616 0.519140137192965 0.325453385017065 
0.781840442152024 3.42416243552813 3.36788207616618 
0.838887919371447 2.90105222510777 3.27353859689843 
1.04975514394633 3.630671107827 2.9681885041474 
0.649247005335276 2.59132770172971 2.3711770693633 
2.85934199527108 5.35720972760498 3.34282591585967 
3.28045356165068 5.09522639865326 3.39032299085576 
3.65909823466521 5.15593987513942 2.97520462216553 
3.32552603168802 4.64604079139408 3.30163727984663 
2.38986689759331 4.47671468847347 2.73401326780365 
2.64291861826525 5.16623475554742 2.23623708534309 
2.33981245719997 5.33211534602924 2.65380727171591 
4.58689097036588 0.709944886446751 0.760077432209436 
4.76251457495627 0.484024320173987 0.912352072506297 
4.1879592691815 1.02509591003424 1.88041393718121 
4.12659494685607 4.01823845173058 6.42530999918487 
4.47508625282065 4.5803014582038 6.39162383683227 
4.79373594496611 3.45236220349812 5.89487789064394 
5.39175058042948 4.53774864576883 6.0050605801971 
4.10202712123174 4.18705845828211 6.32123706371715 
4.76297047493492 4.33500817525896 6.69606333107661 
4.8433929553907 6.60391376147443 2.66068660144558 
4.35628526147935 6.29165394742289 2.63709853543161 
4.35826952936166 6.16330545766116 1.93049645190538 
5.1108368417929 6.54456074838013 2.04054545405267 
4.89048473414825 6.37607450448479 1.7510622008251 
6.43010661254028 5.29260811490128 3.75314772608503 
0.120829840619937 5.30885608884978 3.01196545718559 
6.51997439898624 5.42164702680354 3.56320403236325 
0.314462286502689 5.16886689531317 3.98454114671839 
5.89547744404114 4.4939094861011 1.28044573168134 
5.73553568924654 5.06405008701353 1.2364211072734 
6.12554911772599 4.50611370616006 1.73579504478255 
6.42502443504948 4.28676555531408 1.62465030314237 
5.90269886202849 5.54210022724363 3.90974347385353 
5.900973508432 4.78262601203452 3.78781871268287 
5.94028925231572 4.97671895809651 2.6122027600443 
6.3347760413031 5.33597050264794 2.75243019221858 
5.72130922377855 4.99784798485538 2.6198103826773 
5.89309134146572 4.59626698300245 3.51018208752436 
5.61278015738022 0.472519432236817 4.26543859860153 
5.41657761316724 0.726944804996093 4.31753291308318 
5.09951390256049 0.380788694841891 4.38079193625313 
5.30351277700632 6.63222550546033 3.7349226509124 
5.21980509302253 6.66567490387617 3.87602167327661 
4.6528862070679 0.317014161191711 4.14526448272895 
2.27680395808363 1.14012186049862 6.04567852315195 
3.4377445316779 0.536272919404957 6.14513476276303 
3.5346595025093 0.958163036997919 6.43264865558957 
0.986053854294068 6.48473641956361 0.631767546091378 
0.764177182903548 0.515689341252452 0.539967038860891 
0.686171720243543 6.73216598975195 1.06541422023842 
1.41792106543965 0.723140421989267 0.89118568986583 
0.546849201372877 0.392129521221673 0.845222707312703 
2.80164466343763 5.60515039896186 4.37747461345552 
2.89098399095772 4.87613116005427 5.0337087266914 
3.46940173103941 5.61486630281047 3.92576358683823 
3.16823506440648 5.69764861798703 4.62074526507043 
2.76890768446784 5.26690446350814 4.91301236915712 
2.92010753671798 4.38609782579254 4.2517319700838 
3.4609955310398 5.71217853172012 4.52002137088041 
2.58818740370442 5.28393280149594 4.68803887045558 
1.49974041289959 5.51206243395002 3.14112643634034 
0.179752269804442 4.41446433052928 1.98641984047479 
1.37542009703833 4.95194571253294 2.02384351750696 
0.900627005384513 4.41682602094585 1.78747152596889 
1.36420599492225 4.6161390388929 2.08820803653095 
0.815935296713256 4.64106741304709 1.67103885067075 
1.12821422660487 5.04868799420342 1.84678008265244 
0.757387024252631 5.35936376066148 2.11582280294208 
0.504826976283552 4.20313501662113 2.02734340764402 
0.170045793145393 4.97204964469469 2.03744069177534 
0.22383296305667 4.6742908650605 1.84189331693707 
6.22205623647732 6.19600763611673 2.67487759172604 
5.80631003999861 6.2326016753888 3.8234545146339 
6.6103174978004 1.80782654820066 1.29865787943517 
0.428460520333234 0.756331004910111 1.42357845100125 
6.28377509989914 0.963303262617099 1.23600863726958 
0.180688992842658 0.717349634962991 1.04346319806954 
3.90515526194653 2.18814406712531 1.43970186093813 
3.91073393417373 1.33066626297206 2.54416369261719 
2.46871865804219 0.505715698759958 1.24150748305339 
1.80802170453944 1.14412581920719 0.732188520207744 
2.5778460584948 0.78244730637436 1.32994918956587 
5.75962931398213 2.67396937803158 0.720889233891397 
3.23301582029135 5.89965618584413 0.535090915357702 
3.11562852796534 5.74561210732633 0.538332995921095 
3.817814512312 6.25880991004817 1.25195627174592 
1.06218150752915 1.46581564835487 0.222747988931149 
1.52796486014495 1.18145060703583 0.806918304408969 
1.90543393844898 2.23288008533129 0.84186060969226 
0.354219733364071 6.48998162830146 1.23655121782911 
0.847538980200696 6.67508037030648 1.65481588753401 
0.876295128070061 6.21580432135156 0.474147722887445 
0.448486014223375 6.4593067559338 1.6107967633539 
1.25244247511319 2.37725258149748 4.61562093713988 
1.27849837281319 2.62114338617914 4.52811173890015 
0.97119022428388 2.75135573639763 5.0493344014162 
2.62135133106681 3.68761255112439 1.40276013827876 
2.22397754260603 3.68023913871468 1.2976680768188 
2.20080417841981 3.63347768093704 1.16408225417024 
5.468147945628 1.23448175524609 2.18943222693495 
5.42520604496558 0.834213414337055 1.50092910357452 
4.35334770084299 5.06602002389308 6.58618001424198 
3.22857182901034 4.79022419224898 5.70442216595554 
3.56536137062301 5.45167084526271 5.89419156290788 
3.2257448908164 5.19597400231466 5.95628352403448 
3.69569479210992 4.36447555270276 6.5248604102532 
2.98849527690792 6.52670305262389 4.57666284372833 
2.90772085212481 6.62431598744832 4.69456624271444 
3.77175225063644 0.306153158489722 5.85721913756593 
5.0452830766129 0.316206058899235 0.698025328281444 
2.87179950096952 0.587327410496706 4.34633871349299 
3.40822711738834 0.449372745259873 4.35402213274491 
2.35134777689173 0.51852649243971 5.09293563302436 
3.60049914238858 0.638313402127017 4.50002749525819 
4.17746744573639 3.59865437784304 3.22177082750576 
4.25377877541002 4.16916960215813 3.3359126275125 
3.23914286656235 3.57127983052459 3.91011226593985 
3.88347993403214 3.39030995299566 3.54717704586733 
3.29606983162819 3.31767390651232 3.50938792127648 
3.74994520273972 3.62908370623286 3.94561631949441 
3.02206783990599 3.94367608472942 3.84246150673139 
3.51918166828576 3.65574153511845 2.74189327398351 
5.77537670450924 0.883245096817139 5.55567869259369 
6.2023300930389 0.754786591907129 5.97554403276856 
3.89822171320572 6.36934655737543 3.41889679567505 
4.76810075791965 0.249339583981436 2.78070329754615 
4.10788173602753 0.205452934642383 3.03582184281949 
4.61901453065174 0.319030123908413 2.78874073279286 
4.02163658377529 0.0627061951690024 3.45106236759129 
2.03714436719314 6.24332777062757 4.80378170623822 
1.77660843303761 5.88898221336082 4.29357822214234 
1.44551897942521 5.43625642817306 4.28845186922017 
1.51256630398428 6.29212367932583 4.36152847633613 
2.00052571106209 6.15011742855446 5.15254937970487 
1.57581022754777 5.1981096926978 4.58872365249831 
1.37664988691333 5.13802107700066 4.80147088012267 
1.5733963912212 5.32628924560564 5.2014083426533 
6.49592655664258 5.02697021148608 6.20767068761532 
6.02989479177373 4.54453581550218 6.04668026485203 
0.286169382694946 4.59183781785237 5.66162302297456 
6.46663929042983 4.08489911585926 5.5729274566094 
6.35750911150589 4.46974585536962 5.54269257591849 
6.75297972874537 4.84571751308372 5.60487717594914 
3.13084573708501 2.70634637147628 1.37334846407453 
3.79602900520148 2.652652526108 1.01064699830678 
3.12604886042519 3.15212972531249 1.52915127880607 
4.29505741759179 2.70673405406601 1.22207018400521 
3.93797875917258 2.52320887130814 1.05511595815716 
0.850099229055009 4.72812250286449 1.14500473122208 
1.16587484284383 5.0894132066614 1.13413669811714 
1.75346456906066 5.26360985421579 1.56027301599981 
0.992620684753132 4.37164443270047 0.828486138287717 
1.81442912430697 5.20939825589679 1.67614102304324 
1.30507616947707 5.25086300584378 1.49277831003539 
4.70033891971681 1.92655120037903 0.380537296408566 
2.02939599574085 5.86742262370588 3.77599123566 
1.81729557227536 5.38608704238258 3.55070350958078 
2.21129822833038 5.09728795605531 3.50022715709894 
2.10110145062948 4.68651004276331 3.8006370290912 
5.18652888996992 1.84408117270544 5.49780213856493 
4.34294073557834 0.703311959885667 5.78652830622815 
5.38935626885488 1.59214812742061 5.66985031684116 
5.07280945284861 1.81712337176536 5.1777970446307 
4.27092941530547 0.845335085650474 5.33736233929701 
3.67271705759287 6.35952763427894 3.55567728485129 
2.73264377249265 3.90945656752949 5.85330548769585 
3.12621660973763 3.59868464077486 5.58534415325217 
3.34327402653229 0.452920566956226 2.64258601635825 
3.09420918722706 0.375580532350045 2.797648997636 
3.43630722285982 0.177222159875627 2.33533160034885 
3.44066040890898 0.564031817063407 1.83495268374283 
2.57877728296852 0.615538665629388 2.71407938185508 
5.86465429599561 5.67288375278863 4.23145666753989 
4.64625410357784 6.0807551852941 4.3370416507393 
5.78995906710433 6.17317136394791 4.1826419613371 
4.59011145388045 5.71950426736878 4.28601785956816 
2.59247685470621 4.14051032975042 5.8087097595589 
1.95256096782744 3.5288657730548 5.85573615371733 
2.61556362925782 3.92509316157974 5.77237844704801 
2.52219114265759 4.3850783258927 6.64874972892163 
5.52711828774791 1.17918516437912 4.69977558231508 
5.50090800324642 1.41397214031032 4.48376471085057 
1.44946670218275 5.60507309711978 0.293256409567501 
1.62008273459008 5.0958054602565 0.233889852623694 
5.14703697498535 3.77515168031721 1.45821476091915 
5.31247708370014 3.49036922979649 1.92081784093652 
5.97358363939769 4.37120157553623 2.13294491911858 
5.23219958395933 4.12635423503813 1.49609578731788 
5.52395203124674 4.17581077509323 2.13593719751169 
5.5299890309041 3.88124621055663 2.26996201423121 
5.94958464094931 3.74937692213424 4.85443582774603 
6.24042998416269 3.91534029593104 4.87063560072328 
6.57030466193284 3.94323724914819 4.53454561859432 
6.53240757616086 3.75970542230502 4.06339264923328 
5.95186572427234 3.13586937757832 5.04488159287439 
6.36539286184958 3.77298226474913 5.11432742207496 
6.01654224585876 3.46149348811307 5.20487667591284 
6.10261694190173 3.46704834733439 5.24765449411673 
4.00411656239544 1.10917186732843 2.93580291861568 
3.6748492159805 0.528017257836584 3.01956534332083 
2.80890336721332 1.55803372757228 2.8450253597758 
0.603749414985139 5.55312650595388 6.30863467305498 
0.70876060617727 5.35691907019745 5.92258450842363 
5.2338530189262 2.03996057838622 5.00729788592647 
5.54801755403797 2.28614992378041 5.36414655074342 
5.4091984997079 2.79711579397568 5.26307561770376 
5.36412937017247 1.81708220581774 4.56746977068079 
0.581375069223435 1.04214104630961 5.70577729415203 
0.362697177996954 0.894450907471269 5.83293427259977 
0.413640221523159 1.16376607963106 6.25012073449283 
0.471548564140996 0.284271900642102 6.46024478714344 
1.13620061089572 1.15694109558874 6.600686644946 
0.458217198319147 0.924894174331978 6.70341272972138 
0.47162884253346 0.503305659753323 6.72115100290513 
2.14588713678571 6.44191104460845 3.37057458867728 
5.95950627093155 0.884701369549322 0.756972469116889 
6.22792388030506 2.04420802038353 2.63420629100048 
3.33468983187258 6.18621822289191 1.86375932510544 
3.41079076965005 6.47874693217328 2.30387653718128 
3.86586751065659 6.11699723959042 1.6165151557788 
4.09135347453957 6.33156878449772 1.81595223374558 
0.457224779622303 0.362179327277511 3.85885829480479 
0.682165128257419 0.168340277831075 4.10235838364081 
0.245778302933948 0.878167770521718 4.27457770967216 
4.64241062049079 4.70066396398169 4.76755144202976 
5.994239738477 4.66042290690599 5.00371317015759 
5.97283881895882 4.50751138442761 4.825134491457 
5.52793288217654 4.7292336772699 5.40394163062232 
4.96042854518219 4.57323797523794 4.28556273119189 
6.26481475612196 6.15209449359114 4.68695040136436 
6.56644673246314 5.57947881445419 4.59200631051682 
6.2467204943436 5.70397127419922 4.62072827024607 
6.08425962801623 6.37077798230485 4.46224254846084 
3.94466519176238 0.79834915416779 4.11861509684711 
4.44017394229725 0.312561656523426 4.71118091750991 
0.939166027512587 1.79768234598728 3.41165938604662 
0.697117512487898 1.60575528874551 2.90486262273441 
1.41579209186171 1.90013683793264 3.31617111467558 
1.03775516576 2.04227294727406 2.28054277436339 
1.5629229543891 1.98833281929075 2.63958865264901 
0.931003252905888 2.3779065792453 2.18507567480462 
4.5751114622283 4.32812848721309 3.43090759322484 
0.479522013936825 5.89687170907625 6.24324251071916 
1.45401032189373 3.58009987807683 2.83405895087059 
2.18841620102828 3.47027271330301 2.54825808765747 
1.75063301756557 3.75948770490393 2.4543472413165 
2.38181816940731 4.00819388956446 3.67394984418889 
2.06169044854208 3.23725336261644 2.91460596373136 
2.40298427503453 3.60768392362976 2.59844331329238 
1.64280934917286 6.21505702004017 5.79058400917808 
1.22139478308981 1.15527323283583 1.44415255071985 
4.16011572225042 3.83417394939382 4.84571107155949 
3.86470606991791 3.61685651217413 4.95963683175432 
2.82696059097783 3.97852453957455 4.01161447254711 
5.76481934560057 4.29039270500464 3.52974538146408 
4.29008231310266 2.23417915733755 0.364976054741658 
4.69285237346592 0.505987543894261 2.52771695771381 
5.53645519683712 4.62357761464824 0.0314500184955146 
6.44487045935964 5.19795481740052 6.25158630817673 
5.48353278346224 6.08298275046643 0.718981512204277 
5.10705236848518 4.9975930319981 1.05070607935306 
2.52539793395074 0.698914434796242 2.87245811163184 
2.23456044193708 0.544352284563587 3.30422953326553 
5.81353719969818 2.14671490330155 5.75306000758706 
5.84342356473011 1.95052634454908 5.82731534265244 
5.49592697511733 2.21005685664292 5.55670968147142 
4.81074804035602 5.39479688446059 0.107638687896222 
0.954235720527612 3.71212019604863 5.41938743517468 
0.861901177302698 3.58017038767375 6.47196776983152 
0.487516575522197 3.99401243481393 5.20881660903991 
5.97507931083258 2.73593030575936 2.93968297018265 
2.08003742016256 4.83600277632027 6.48114875941363 
2.26407041139666 5.64717258501813 0.301964575777878 
2.07823818980591 5.8358858188367 0.299703971587053 
0.522482757605939 2.16848679285332 0.972567463776221 
5.37582585802982 2.88201508899481 1.07511651874352 
5.23125389676761 2.47519138244255 1.40598413607708 
4.52799640700101 3.49874460528819 0.971356453123263 
4.95536076687953 2.35903184118268 1.35091964640427 
5.01120096887485 3.3063151688735 2.11826079252247 
2.79029208669199 2.51998163977758 4.52905539253662 
3.32991290681585 2.87811641855264 4.55975818640335 
3.14428478805907 2.7279167400967 4.79477714056062 
4.20767044887655 3.05992127712743 3.52941014132111 
4.3293052150632 2.6929760503403 2.87628684028816 
4.05804480162899 2.65883052161329 3.35345366572674 
4.36526171620178 2.63003390125418 4.06958501418084 
4.58313199547604 2.6783582108182 4.12276890066422 
4.36543362901858 2.13010128002691 3.22533621766404 
4.51035172883629 2.34510982021012 2.84848248737128 
4.71331743511557 1.96900150846025 3.4450640123305 
4.732820643232 4.53802713323321 1.50495375441973 
4.77189118710095 4.83222433626242 1.20720096070087 
3.9865125650608 1.13041079434409 4.02173345395378 
3.69630514463995 1.57980528020863 4.25292899212301 
1.22167300008203 2.03180822162954 6.17027512755928 
1.13363506694605 2.32308480395603 6.36465109668914 
1.54522338534642 0.822579242601195 3.8126469622021 
0.637751303451502 1.14609449402768 3.57531110383517 
0.982718481684154 0.15720053865593 3.93284842683809 
5.29720269944493 4.43255242252655 2.32666529532881 
3.87427494742813 3.31966586073048 0.558442354959974 
3.78191226001383 2.99876223256227 0.351755459722188 
4.59756100036851 3.61698166948153 5.07846184488388 
5.12516304444669 3.03508094666585 5.81234928333991 
6.0053825076669 3.59304555925342 5.89018940963404 
6.22404292867769 3.08352497510013 6.15522433841371 
6.40797042908025 2.77492250901843 5.70111159357211 
5.87482821593524 4.89555710324165 2.40393112129763 
5.69497047881265 4.92900364186532 2.44967637193213 
0.396891842367947 5.52943881415702 5.28948664634312 
1.64888934078302 1.98782514289051 5.43686639655122 
2.06699152506734 1.41729164652911 5.08600056275117 
1.5136924482665 2.19179340256754 5.74519654984909 
0.222360791739068 1.89992321761398 5.24136444460531 
0.748595158936337 1.67300766489501 5.13335639607067 
0.535790545220815 1.63281730353336 5.31856323406597 
0.48491175865366 1.25001408350912 5.3040826181053 
0.804804276913662 1.21352988317721 4.99681582226414 
2.04164166554835 1.37367111532951 4.82410309932285 
4.75629050108556 0.351712210282118 4.88151384532906 
5.44188411352291 5.38562114187311 5.48519417648694 
4.38154792533204 5.38069119769304 5.43458911578647 
4.5141714123189 4.3536875749495 5.34310083421977 
4.39083425526426 3.244949098701 2.62501276748508 
5.146129731092 6.73876805978997 1.90258882507704 
4.92355892851042 6.57464013256905 1.61256755979488 
6.57835255093341 4.96438154235516 5.01954007261324 
0.173632758709775 4.96691609457087 5.33965456446317 
6.79017451244863 5.03220182798633 5.31748320863989 
6.70035430582591 5.31328677722069 5.29700287972356 
6.50727615472422 5.27610092085662 5.01606015273458 
0.00653214074486733 3.05548871087307 1.64993123818009 
0.873803197577622 6.37473216154925 4.05894652213583 
3.65751399905523 2.82260302246192 4.59842643324259 
4.04282137816184 2.47575600673686 4.34332649744116 
2.45464146540902 5.94334378874313 6.57843485831151 
1.41425176718783 3.55259671974105 5.12937087614582 
1.44545217329997 3.97028653407895 5.5411798924324 
1.95495816341963 3.35422342170386 1.72455271582655 
1.14614574004159 3.45045382191706 1.94130735279142 
1.29494822181441 3.05892217420196 1.65525973636001 
1.31283018176129 2.75653081333509 1.78246314424133 
4.79974005356181 4.67462746126281 0.386573621431543 
2.05663180089183 5.52474549130983 2.02399210971815 
1.98227609992609 5.51608747047626 2.50435648401448 
1.92219897714953 5.78651696561382 2.54723343987415 
0.565937917522713 2.33411807833637 1.73639023391994 
5.22751789047122 1.63727748001941 2.50659243722571 
4.37373263834765 3.66794024839469 0.516121967296834 
4.30516491529534 3.88881731595743 0.445581650779226 
4.46356542402921 3.88608794370432 0.331820689940078 
4.03327374846177 5.44993986777294 4.64280981413481 
6.14571564375502 4.44307283435143 4.85486263795684 
6.16840569960369 4.60045746901483 5.03651167550827 
6.55995391561197 4.41376085223103 4.46318415011374 
4.51123417366526 0.94488749916106 2.89598867313913 
4.6602415790983 1.28713553777451 3.83065698146261 
4.64191674440132 1.40614904284852 3.48053869470314 
4.82563701818122 1.26210023813193 3.33775900994126 
1.32960729753945 4.82784559704767 4.83023013533627 
1.62401778913771 5.04350471869615 5.48329492255184 
1.45859702753568 4.66191166718848 5.2932381466525 
0.497495456866905 3.85136889277008 1.89869661111263 
6.11115376431119 5.42810697452565 5.0016380218274 
4.85265947490699 4.54452184859031 0.319524670362506 
4.01840874803284 1.80924251241735 4.40796788056922 
1.56920419986891 5.30179685023596 6.11125634204042 
1.41648250760648 5.24820998981444 5.84421341466781 
1.77764265243686 5.85311942462169 6.21190154186272 
2.32706964943654 5.80139604023092 6.25121889314109 
2.65953581317433 1.81735609615808 2.96894714293324 
5.11827579624611 5.58222133416962 5.39439140423314 
6.84757646232549 0.905831731480666 4.32541357320237 
5.28769877861592 4.17291279495277 3.16520551230229 
5.57535352484284 5.06454175859619 0.054905729987798 
1.30571660575877 3.81469474080501 3.31820504144371 
1.26961207986944 3.78136729902791 3.04108724868912 
0.678259844457113 1.94334247022098 4.88432414605453 
6.74631591684735 5.29222854033722 4.05702466943581 
4.75844358273267 0.70520383434839 6.09534093216703 
4.63811629461975 0.566249089547902 5.86504466133338 
0.407003353820143 4.67894897087388 5.87603183462611 
3.55291158272929 2.39385618216223 6.49831565143418 
4.0803435345548 6.54100115505861 4.51426971332344 
4.18091229813391 6.34404308997093 4.66207819767379 
4.6738355177236 4.59836137239719 3.11807412262981 
4.86747529586468 3.47044009621391 4.69932554458436 
1.88098339748209 4.08003831399857 0.972881438825062 
0.188491689687265 2.2048457171394 5.68145995452327 
2.14832880743899 0.438345776775885 3.31851667231115 
3.57026865993592 2.59601706286733 3.33840192199538 
3.20433937761656 2.64326600519583 2.87411629550262 
0.914076806189046 2.28931616062609 1.95742912216656 
1.12442376138101 2.46646465928822 1.65533114372958 
3.20241106081249 6.02001084230982 1.95019007985318 
2.49511861076193 4.48120774705905 5.49703102003341 
2.21186666118411 4.5490210465454 5.63499389053788 
5.63424922070702 5.22069764947938 3.87999793186122 
5.33656758005505 5.77750036561626 3.34364508592573 
5.83983812870003 5.86763831503174 3.62833014097639 
6.17081958438677 3.12349125752854 0.984562997736286 
5.97926946188445 3.37084709462784 1.26738175135759 
2.73932224215333 0.680034719802127 2.75888795259149 
2.69855209107869 0.744256845974233 2.88269412340976 
1.28273109028092 5.18017524071375 5.94783236031981 
1.46358965196789 5.24655800340739 6.19527553198561 
3.02961081120895 2.85963376427956 0.273519540582493 
3.0939534957661 2.51960454158614 0.605445060400942 
3.25149474106012 1.76258430560117 5.35283334255341 
3.39250664674194 2.3551609091611 5.71891939802157 
4.17545989232479 1.89604245165362 0.396947913011084 
2.64370089986797 5.6252155184863 6.79585236019126 
3.14818031820521 0.585710616985611 5.70161941542114 
4.22320120152733 6.8061310176416 1.49889861174036 
5.00766832083946 4.58318346687821 0.38646927882978 
4.2405225191442 2.46369903851865 6.96353430540824 
4.51696933213335 2.53728053686261 6.87993606786629 
2.95540179617874 4.60065370306261 0.641369271789815 
0.488894083117215 1.1484731494065 3.13704910750561 
0.587681973191033 1.41497139912611 2.87004714751367 
3.42321293507033 3.10269836120709 2.30558095531966 
3.40726694285034 2.77413998890838 2.41778894333988 
4.87856167673123 5.85051333717464 0.757852719320973 
5.08491681527372 6.11538375355531 0.762688829216684 
2.4712269369142 5.32106384724789 1.89387766184109 
4.17026023202429 4.32609721988559 4.59869601280394 
2.11542844117402 5.14066922374461 0.241258837122482 
3.25622632070093 5.65007472171039 1.92421281157061 
2.0831889027624 4.41712250242844 3.61871820816124 
4.59426122330057 5.01660371750079 3.57439763046929 
4.17252395036469 5.40582951668366 3.72824338732191 
3.73663263645739 5.23142626061787 2.02260715750339 
2.93433169944869 4.33517269318998 4.55125580839443 
4.23017840450695 1.37131239089953 1.26867728276897 
4.56085353281501 1.24414447617912 1.09501439826453 
4.31112058330875 1.24825484165174 2.28595356019551 
4.6191344398349 0.994756280678453 2.5941425122547 
2.26426360858565 4.6380533777191 3.13317944034552 
2.30065489263819 5.00702150413497 3.22667561087032 
4.55332227483392 3.75608456781333 1.37727259593223 
4.30601665895292 4.30302035089857 1.40700316625541 
2.9827105646489 6.47176609370479 2.69619294402251 
5.86768416529054 2.3479825594513 0.77767305380047 
0.244645822428208 3.77275316072455 1.74513313581634 
0.516692548452433 5.9923821549227 1.73320027704528 
6.10140508365058 2.24414313278438 5.54122871267155 
4.08107807322403 5.16670536194104 6.67370857296389 
3.65814028011565 4.82236573057318 6.71854454799043 
1.57602425859383 0.776955300505095 4.32481315757855 
5.62537238578634 0.807344392251518 6.45835465364959 
6.46121277594146 2.89068281775617 1.13820319161324 
0.134939417740823 1.03326080982387 0.891544025877033 
0.483139434884628 1.23120429931546 0.222658528240963 
0.691161800972722 5.84929672239874 1.95119726867702 
5.18901578426689 2.28782949518427 4.223984332946 
5.1824209798514 5.17487394679828 3.1689421032949 
5.46741799234495 4.80893881778175 3.03990424797438 
2.67477401473582 4.55809745834079 4.73534573429681 
2.45631749842191 4.32693102048168 4.91472405873277 
0.560028841848388 4.41451823925306 5.3167326204991 
2.29014480280665 3.20525026536774 2.07587966116508 
3.92815252804059 1.68012960531882 1.17316974499697 
3.90041876326134 1.90571147412002 0.690997209652112 
3.66791223829067 6.47070383240985 4.32959294576045 
3.71902979551214 6.53796626663022 3.68989526357696 
2.82145879181007 4.20256440970554 6.39939470539784 
2.74885131840728 4.10912747112749 5.91422205522967 
2.44291123770435 2.98403804682632 6.44850935358573 
3.26906133360918 2.58485115182589 2.30772654324434 
5.00146768889615 2.99340726526822 0.809125987871124 
4.89457351085659 3.41572562902918 0.83780970586687 
4.41782269890139 5.30925406885242 6.17888610113936 
5.38111882192393 6.38824170921738 4.33432497202452 
6.48648234042502 2.91258824433969 1.51557339009592 
6.16104626471663 3.2956437555949 1.68536077994005 
0.929156136795968 3.17112889143725 1.22899744240746 
4.37771074118537 2.96385954814378 6.84365381059646 
4.05439276596747 2.83606527510792 6.96113781690768 
0.518877574458778 3.6133546085566 2.23398491004154 
1.76950394869237 6.28592948164029 5.30009811895257 
5.4401796996662 5.26604083332245 5.32254738585059 
1.13778132893564 1.29442264234681 6.30386235978016 
0.654309479246924 1.30950668749376 6.08440557109631 
4.29579892050777 2.41609842532589 3.94152632163231 
4.09198369754287 2.43244763645217 3.4835598356401 
3.80903866481022 1.02107139017894 1.79177026231672 
3.60563627679198 0.591057101470692 1.73629861068036 
2.05418926601716 2.08180607258234 5.16314629540143 
0.618664453101407 5.6706445042724 5.55719295722612 
1.10586772350743 2.34402459703753 4.94376845234484 
1.4109217581335 2.06664817490905 5.40783825824632 
3.34261809901078 6.18258283318441 2.67360901661306 
3.2655896375164 6.30794993463437 2.46491693807406 
0.400415581507389 3.99925545839078 4.81363469839004 
4.06300991558491 3.65546651628862 2.85965776587185 
1.58765044714458 3.68487791170496 1.98634123568524 
2.49045862314775 4.79202965151154 4.49790430939614 
2.58712163573889 4.7475131945011 4.2115561306008 
2.58205548593235 1.72975954598902 2.87684774471718 
1.50764805282844 5.18294362764688 3.83389648911242 
5.65908070531526 2.09925342060831 1.21825082910977 
4.02860979667817 5.78433988199254 0.366246337360256 
4.78082666224444 4.73060234199206 1.93013936030345 
3.93108426138528 6.58314238120819 3.58901298277249 
3.28888818370886 3.37261364205703 2.47765081998385 
0.191481186552894 4.76706724401294 5.64594313902728 
5.61428177532873 0.363840827008236 0.835266585926993 
5.71423104904066 0.444170066143551 0.634511116484587 
5.16515909706713 2.68106115405465 5.99473456063584 
4.75411895677345 2.59748236567109 6.10497195906624 
6.33004075884476 3.04702335461643 5.20324580815076 
3.39952275732601 4.45773197556165 2.77144036594608 
3.58404066853368 4.65201844772579 2.99964199188364 
5.12790003524886 6.54366586944234 1.09757848755229 
1.98377723765618 0.750379245718641 3.34611721023052 
4.02218615152204 0.251805640610745 1.90444917583414 
4.37524582897212 0.495076482548521 1.968344489028 
0.557073817784555 5.65708003770499 0.60629415871665 
6.21053140057247 2.46798793240994 2.49104081158338 
6.07548586731887 2.74937454538496 2.67122825205573 
4.55654434311826 0.419742056650986 2.96792562675597 
2.07849443734374 6.4360739061507 3.19403461838229 
0.653844521118478 0.558404004676098 6.83562780041305 
5.45065699094724 0.711154165931891 2.30173122823459 
4.86318607193516 0.430658281737924 2.50007407519524 
4.50707745088747 0.198464528824473 3.69275587310957 
4.55926490428808 0.480090842246942 3.97990612135499 
3.33607793503839 4.82387220680441 5.01610193358136 
3.77912025433982 5.42543995640348 4.65369320403782 
5.48129419230114 1.21749344904443 5.45041692822928 
1.72491880746601 6.48773664871825 4.70154284468694 
1.56840579231879 6.55050099584459 4.9760791445111 
6.60597237253033 1.68477189036644 5.14286792586097 
6.53042365835393 1.77077802407451 4.87699506805652 
1.57948199454503 6.07439364553294 6.66939047549139 
2.43189462757365 3.97213999157561 0.403798689271916 
2.45873057103291 1.97284277820443 3.58852215443 
3.42530744067994 6.69080778188767 4.35439050857283 
3.51309459736264 6.75466062355864 3.71277663681926 
4.3258432772236 1.16381041656995 6.16075739897972 
5.69666690417553 4.7183344513271 4.16833575062876 
4.83062317247894 6.76861661014045 0.848189286901949 
2.02968535724434 3.22906205501644 4.89712549230584 
1.52873696727771 3.33987980063294 5.15771033165326 
1.50000333670268 5.69826874942753 2.82440366408418 
6.53170495867377 1.1374010102762 5.89596880344228 
0.979642984346656 4.60779781212734 5.87747121888878 
3.24752371609484 4.63750025080757 2.3284486537108 
2.69555837568177 4.66350769289727 2.28885759790809 
2.51444446367193 0.958170633140364 1.71489316886591 
4.51668010855959 2.24577147679396 0.381299978121565 
4.68173507335491 2.60757530831324 0.996083836254823 
2.88660016272591 2.41918361446435 6.96804795369879 
1.69126972568169 4.72390018800769 4.00407718189439 
2.91145619447136 1.50866727039378 0.885817238290845 
2.44225105876431 2.44618837280526 6.74968938813007 
1.81519661418072 4.32068282367766 4.82135017355059 
1.67142967882745 4.41971784193303 5.28828943151774 
1.09651124083203 2.92965555441866 5.38229603440479 
2.7524543904112 5.64844323647765 5.55134819130475 
2.5852319675632 5.37551313956761 5.29210019721981 
4.94462628496427 4.70856418344733 0.448944012289196 
1.76425999160627 4.26577958797506 3.6938807684192 
5.44748667677485 0.519501727401972 1.99198257240934 
5.01660301850238 0.258405516440312 2.03447021310196 
4.18276071865245 6.82400457721081 0.97928668391073 
4.05485408291239 6.77637348019168 1.15855651611525 
1.6497913825716 2.13434564727068 5.74280604332801 
6.08323941170065 1.36046416506666 0.262490792876013 
3.6100609469854 0.309354153349818 5.52557623007054 
4.2823081137974 0.518932676158414 4.75863311721764 
5.45843330438304 4.27926964571221 1.1837680996395 
5.03092285298645 4.81185499393998 1.00597064298201 
0.794130150528297 0.431566974873962 1.24518357011664 
1.26009316644447 0.636224863491841 1.25065453404109 
4.14670032881289 0.0346324182027641 2.79631483304934 
3.81165397776993 0.00112212263363211 2.35675524576437 
5.90927225539849 3.2422309723324 1.97068187893522 
5.49572770866554 3.26192468974736 1.83242657836443 
4.56878387918503 4.65754173215759 6.19238773279356 
4.49862596617311 5.19921946969146 6.26978372026624 
5.52751558570335 4.04298176039198 0.977959877203417 
5.42610348779508 4.05577974823072 0.691806557317878 
0.754461106460948 1.42643382524422 1.96756879757486 
1.31122723317685 1.21375956000565 1.66694496798138 
0.73424748603282 0.828619743529114 3.46282321220862 
2.29084074840602 4.26800620097244 2.51683687498736 
1.82057200669826 4.21643345622127 2.44478135820772 
0.845927001975025 3.49216226451233 3.5247552669793 
5.70047885018072 6.04264979403356 5.51857759024018 
5.8106452529775 5.65985813083534 5.52028334371083 
4.65050659432114 1.66772485428593 1.67066147940295 
4.93127197850122 1.48507289803021 1.3608340414 
5.859331484981 1.49286675983904 1.5267928378887 
4.73808584655475 4.67753154564856 5.06550177152094 
5.24566375876665 4.4471328089394 5.24347370464011 
3.42877129142064 3.76476433434889 0.330559351059729 
3.75901350715975 4.01430544400922 0.279264751800946 
4.365015676694 6.60952263867368 3.92050503176334 
3.84719130050377 1.24601594084887 1.31049297121355 
3.02285975506299 6.43151914866687 6.4735726045926 
5.59348319138331 1.0736929789843 6.69193788657019 
5.19957807041032 5.31012347253358 0.66880929645045 
5.12410869588824 5.13518411534626 0.353613856442992 
2.48112243641718 5.88298379506383 3.82965344084293 
4.90509863450182 2.9385025252819 4.8836730525638 
3.1458196109794 0.373919237557787 3.14510408064462 
4.11125469567475 4.12651701752895 6.14287901494641 
4.02389697930213 2.30033078653604 4.17143799380533 
6.12160663018338 0.724810919250075 6.29506011040694 
2.35692093920961 0.512370149375403 4.82835524958105 
2.64999377351291 0.231490530225767 4.55873241691343 
4.82909150922988 3.36289685304568 3.36750862623987 
4.93062970221724 4.04016155548153 3.48116032611209 
2.59628423800816 4.09812711266458 0.337273837452172 
4.9475456881108 0.26200202372779 3.05724914697727 
3.73085914186089 4.05518214657994 6.73086928395712 
2.17576899858589 5.96465951692123 0.723073300812936 
2.25948106770907 6.21148563275724 0.791303101761746 
4.86524823430834 0.723890739246926 1.3133826436319 
4.67493116469647 0.357407880070576 1.72960394160632 
5.4220537030299 0.986820110546106 5.60985885244048 
3.24421446575571 4.15300188744717 0.724433108899601 
2.6003058137718 6.29032373270926 3.51714028844047 
4.67848231854505 1.65947824648763 2.08188855211466 
5.09457114728161 1.45166670176316 2.37083835000261 
2.04717512046253 5.5310455346264 4.80034792682802 
2.02363189244159 5.56590750897394 5.02358965117049 
2.29046824504442 2.67038972932922 4.76116663161957 
3.43083875198188 3.62519515049503 0.402208897263897 
4.69984874598568 6.4147831542055 0.470971719290063 
0.801686292518207 6.30064047298034 6.5104592288462 
1.16960307639527 6.19125754609411 6.78692395448292 
4.3696008343419 2.96444126425177 3.95267717236929 
0.653966152527693 2.34241943211565 3.57700391901694 
5.91198418494035 2.72459285866591 0.699272268726019 
6.46004810297685 2.6463522041028 4.60356677717226 
6.25037723027915 2.05304265483224 4.8421676923602 
5.23751275613118 1.24341528701376 5.03564922672276 
0.160771029035432 3.36480447719144 2.20079396037748 
3.54012354797959 3.75378855334148 5.52820173133465 
3.63115613217167 3.81030983829826 5.09354656780451 
4.99219053039958 6.09125461897514 1.61796151931719 
6.43088940548609 5.56827434513441 5.91307866539464 
6.21713858931377 2.9394421571436 5.0949849964196 
6.02109851236739 2.30689916146 5.32687017733255 
6.27175045710065 1.34781018668832 1.48634344409474 
6.44168790806319 1.28720767455084 1.98061668326031 
2.24782005990916 1.79220748440264 5.0543281449378 
1.81411927776511 0.599186672734305 0.771471860478063 
2.01610035769953 0.379204477910714 0.912274059755273 
0.362077321635513 3.6337111823511 1.35757097141422 
3.0595398256765 6.34900076791013 5.54381022960458 
4.30630343556597 5.32313225266621 2.28911933752684 
5.41697993077416 0.907210110820582 0.252073527896971 
5.77319427353789 1.15326795025149 0.538195130024432 
5.61552893641902 5.44124478991544 4.37593063738603 
5.86444548577148 5.23446379666274 4.94574239458202 
4.05885717315537 4.27409638444649 1.60477676525172 
5.69986713754974 1.9926133541959 0.505328799742196 
6.02875865181226 1.81705806606738 0.258744730330372 
2.22458295764724 2.81211001732971 2.11487600679909 
6.35731897557982 4.75924955945435 0.736115161624535 
6.30290756038323 4.77832711729921 0.374254988295166 
5.41668135415966 2.38363546379335 4.04526737417885 
5.23643392167601 2.43698693902073 3.80294154842333 
4.53609281296805 3.08083157971989 2.87641142319945 
4.4557744339038 3.2716769307073 3.25017670374646 
1.02564720755512 1.9741195119407 2.07471430746777 
0.568958644645013 0.958565727711766 3.10616772909664 
3.56919113024539 2.20695410809845 2.08524608792847 
5.28434688338759 3.65734392545174 1.21618191871827 
5.54250332958498 3.30636056573817 1.3489663542142 
5.01901936917118 1.67447993166332 0.787057875865691 
5.10053740746045 1.72788711234283 1.10789826752362 
2.63289627103858 2.37588529426159 1.11242196044626 
2.78231117819297 4.83923757503503 5.43699323598193 
5.14177055193048 4.2889044293512 2.56060359823111 
5.17848025845271 4.43158509691162 2.96926782263849 
2.12722443294979 4.95606710639867 1.34186700282464 
2.16258788237384 4.91643826366883 1.46775131559795 
2.84445638247936 1.41216426628436 0.859043867121063 
1.90294066486351 3.16239029727835 6.17656010545008 
5.95818374653254 2.57655551257619 2.15909040130172 
1.06851926849164 6.42809275723197 5.02659461142727 
1.40527849203183 3.51824041484075 6.58649632180302 
0.921897154695987 3.46846662672919 6.56063454779805 
1.09538666631079 6.23868033147563 1.85463922279137 
0.758899240583583 5.91661083403288 1.83169501708307 
0.0266895485671551 3.45013769341281 1.9341550153192 
4.53920706664701 6.93399619515878 1.0595379188401 
4.53152110447401 6.88294880522261 1.44183844737165 
0.350429240898061 2.73808439213171 5.45939746364332 
2.25488881550828 4.79103406510732 0.709122274911636 
2.61740490487963 4.54180040013938 0.444511498998379 
4.52156754644143 4.48879073903518 3.74988492961783 
2.78625643061285 5.93559086625877 1.711181124491 
1.05633880589228 5.45279044770254 1.04750490859033 
2.0740346880537 2.19890426248222 4.83889778344165 
1.0321241937242 5.82617881044476 0.478307279555452 
1.23536628278437 5.74600419491923 0.63439945568022 
3.25050289188371 4.45398500712075 5.91445223599666 
3.27361579005437 4.49608855401826 6.30607994860837 
3.91886962172174 3.48366538326866 4.24844190676082 
3.65240053624136 3.32222117526249 4.56063587104247 
1.9822734946405 1.32678910221762 0.884459838527603 
2.46829317040215 1.14247819129476 1.24461320573238 
1.36151992084845 4.19104013800108 3.35960494134614 
1.44491051129705 6.31600452213936 6.65884944072325 
1.47584478959746 6.09192363107071 5.48195911376153 
1.34299736092346 5.60921624159381 5.44185172967537 
5.45369560243388 5.86368134520999 1.91749259828722 
2.33618903328407 6.25765544788461 2.85028650857653 
2.38813299818221 6.40717743701951 2.6427515669823 
3.29951167137961 1.83402892795888 5.06247268090231 
2.72644773883089 1.96393691153452 4.59120110822053 
2.05805421764929 5.88907842735883 4.56665885020462 
2.55912666918852 5.91394811699236 4.29603872900141 
2.16860835801368 4.66135459364181 2.92422252955655 
2.1525718919382 5.05508638529976 2.91808361102952 
1.22090309886456 4.0037933345084 5.62992439562548 
1.06232765511574 4.42916304650945 5.55694509575717 
3.21085905006036 1.82059544379544 2.86128691987557 
3.27649407388206 4.96555537840377 0.318512876573023 
3.32316011705996 5.39838392964546 0.679346255457087 
4.06641723676915 6.46929865061217 2.71810511722555 
3.79588406542887 6.5822526859863 2.34210801029362 
6.84364506865606 1.57897047355885 2.11822198532123 
6.9911136566325 1.88970984950894 1.75139238754939 
2.83536438218599 5.62329939910708 1.68550642364778 
3.70904212881332 1.50122885024336 1.23392015411333 
3.47703277783267 1.41512551261387 0.9027327020205 
3.44165417489312 4.50122334744777 4.77244327409798 
0.324724274763667 2.08103899074124 4.98708976317815 
0.408023086219805 2.66470581021899 5.12627719052704 
6.04291079867529 2.21505777694246 3.20102527115922 
5.07483918085346 5.17838742436131 4.09066049718228 
5.53293251794472 5.17272230251984 4.0855335036415 
5.27508218572581 1.61889000739284 4.56286897800763 
4.70366415151162 1.58199218811288 4.12065766707036 
2.12171548791681 2.49254024329894 1.11616721428527 
4.97866296679586 6.18882766267471 3.05321693435221 
5.08388358590096 6.48456335960685 2.88267958129147 
3.04438865642304 5.41965711977582 3.78313210190401 
2.86934499827755 5.39840673075288 3.89616336578445 
3.62315667086741 4.1049118982895 2.58712000967809 
2.83225807061562 6.51394374047039 4.47923137546204 
2.75426044381699 6.59767148785215 4.57530288519239 
2.37695523409756 5.74875189218787 0.733488517189536 
2.708497620754 5.82178366446705 0.85893886143052 
3.10821143455112 3.50678875376051 3.16172470513342 
2.91201926819892 6.59380026703618 5.30650428745925 
0.614673137178096 0.922545453762757 6.80726783061449 
0.62860360870488 1.11100075754139 0.161795128621875 
1.25104284423771 3.49513987073552 5.10891338859323 
5.0252262000238 6.09802966794268 4.54639234010231 
4.23699321006977 4.18589980167414 4.37691743944542 
4.7541586931132 4.33891663808851 4.09791625893918 
0.246229793725125 5.91731093421598 0.928727347433087 
3.26182166910407 4.10773597504224 1.00940073662247 
3.93141454728059 4.36800915839073 1.42802012474723 
3.48283197004051 1.68005659975084 2.43476387982227 
3.86025355542296 1.55156548550532 2.60304378124191 
4.23210164011293 3.81646036440899 4.496736692282 
2.01001513887462 1.06809341996229 2.97113048860996 
2.0039789939134 1.4368039841247 3.03012797063224 
0.949621259433234 6.78904626432348 1.41271297139393 
5.64736374210752 4.64919860485013 6.08969719560604 
5.51746700821605 4.68475751067913 5.96021324084377 
1.45191568625824 0.324070849875221 1.45982146066917 
1.88675835287446 0.152227026696808 1.23028484203668 
0.344433587601366 4.81335083809224 5.87866437287803 
4.75011474538057 0.692469058828303 5.13875134860572 
5.67522114465308 1.3539974661177 2.29261018101747 
5.62653192587142 1.55143620436289 2.43434849572936 
3.01766851773737 0.98136904761823 5.49031064914872 
4.41412358993635 1.34627519030291 1.4329729738758 
4.63508305073763 1.24425752846012 1.25009983670232 
3.75328916694529 2.58582028917567 0.778703186528721 
3.92454608269281 2.40136915659603 0.789448229035045 
1.45002556711168 2.67048880124492 5.81886402289202 
1.80508938882336 2.87174769031911 5.82321482132676 
4.70564358956218 3.34620476687914 2.05979582974005 
4.70172807983464 3.43583501512167 2.3235363168217 
5.92988399948159 6.35970061812067 5.18648081644412 
3.38513708594144 3.32660274023281 4.53903208548618 
3.11604816234212 3.46891515220958 4.1058228031279 
3.05689764411313 6.32262345442534 2.92321198969013 
2.80904836757138 6.13021907972482 3.0657055565753 
4.93511641615025 3.39904340207198 2.37076458639801 
5.29902421026362 3.87299853696145 2.53567502499244 
4.09953053515559 6.09698034611288 2.95689573995723 
3.94900832035973 6.28385365635567 2.9237599782123 
1.73201795018577 4.7689156894694 4.42541556840035 
1.59548445125944 4.59202472156125 4.55398753771397 
6.16109798107127 5.87615675816593 3.39936826262072 
6.05898798693286 5.81141016680479 2.92498694680474 
2.44244216013687 1.47076208508466 6.36451775052455 
3.34466948740995 1.07876544648097 5.11052683125298 
3.82178668487511 0.59953931401115 5.18560539288863 
2.84760465574125 6.16827699587902 3.31314548556866 
3.12521581109351 6.40282405419771 3.27636475945888 
3.88205569980226 0.429762816714877 4.88716075156188 
1.02753019293584 6.16473199849954 4.36854732440973 
0.998804708486462 5.59007371446866 4.29069133360699 
3.22485036769995 6.03216516546676 6.71870546719508 
1.47185676885522 1.75879879269027 2.92332813766877 
1.81173117009192 1.50121521746579 2.84379483070856 
0.825225884669516 6.36806064523609 5.66708125906363 
0.479322350070727 5.99976084728542 5.78228051665326 
5.54018515349935 6.1749671049311 0.89332326246445 
5.18324320911524 6.255640404987 1.01845893058068 
5.08213848233739 1.51640418132883 4.9582015401263 
1.00614016167966 0.515986556374765 4.73906719851357 
2.5216253593215 3.49905545777954 2.9872076235869 
2.95400683493459 3.33394969841566 3.01076242563877 
1.57721294646633 3.92883166559419 4.46424040964583 
1.92634165638878 3.65504240583685 3.86994450804763 
0.608944450899998 0.422183833955305 3.60836247092174 
1.09114137242333 2.93162771790529 4.83508445460805 
1.29554907068777 3.25009442234737 5.12813612040652 
1.22824004510229 6.29807780930225 2.14257788199363 
3.65526643880256 5.44308025186899 1.75413702034058 
3.61887009310313 5.22603344934139 1.44039520023578 
1.10655574723723 0.266256230879606 5.07837048429926 
5.2784798071084 6.39295915293415 6.08971337511182 
6.77127145402901 0.862706122738208 4.60333056425076 
6.4254101137196 1.51591908962507 4.7209054553295 
3.14417655635983 3.83727956846039 0.625005754334915 
3.19185004292508 3.86442176646553 0.992233067088419 
3.74159456293003 4.11670589453054 5.07280375124985 
4.11626274885569 4.08698361367807 4.91038273311217 
5.04681561063851 4.05178256380836 3.99356143985813 
2.2217855950716 1.96516906023497 0.583446836584058 
2.35147110737691 5.05237659710293 1.15337765683337 
2.45063685280312 2.81833310734497 6.74354100688991 
2.95609507686803 2.75966851919798 6.99807192357499 
5.74015217899877 1.52961171729164 2.87027642110085 
4.49068120706868 0.807771588598598 5.09875758802538 
0.389409281528354 0.79102440462365 4.60827381179363 
0.66411268021106 0.379544218660431 4.58448473433903 
0.96642936488845 2.86010296728481 4.0905415621933 
1.08573143246987 2.92264944266193 3.91959518382355 
4.38096608691031 6.36966085113829 0.509842488342138 
4.31585685948431 6.00701158300953 0.591975990960296 
2.77202879634161 6.65491786881759 3.69975726198395 
3.1188937637304 6.70946028947823 3.46382835609275 
1.57941460893401 0.603660937833608 6.58751863929883 
1.39878598878737 0.33254403927322 6.65270495850948 
0.838883909693644 6.22447489797729 4.65510097318964 
4.52193053946302 3.95798823686637 6.72964443754501 
4.68746105987798 3.63504048857838 6.63268327693877 
3.87195293572681 4.21061586881619 3.86363127215889 
3.87506644494329 1.20901657326503 6.49107493259995 
5.85185097133689 2.75582501266007 2.23503525495828 
1.49079951982376 2.44357584601395 3.36011585165212 
0.976370058983838 2.69071342770731 3.52715244642114 
5.23692679203166 5.36489551938007 3.51680483536815 
4.90814835249245 5.2987912166074 3.76713987678823 
5.83615285729072 1.65355137987509 4.4102692164525 
0.861737442956381 3.14136536860764 4.18110712741559 
1.05225881990946 3.16801720535529 3.92973556129683 
2.93552142460105 2.82084761102732 3.95937829659134 
1.95117773723049 0.968266961373633 3.57716892880154 
1.71727250569827 3.90835161661039 4.66850169989787 
2.82278101415102 2.62579761412026 1.02852753603678 
1.85291478219954 3.23424091638195 5.49508864347493 
1.61964864013713 4.85332200009086 6.61078125417511 
2.27300765639502 1.88781912679135 4.7620235330154 
2.20385681091777 1.77964701915618 4.63584536908812 
6.16711727680967 1.95090126711384 2.94089822746686 
1.76724234736961 3.06696654211668 1.56509218302563 
2.66846726781087 2.35818001903786 2.8201930141311 
2.3851371124166 2.38682915706161 2.50650955522028 
4.01562730610952 5.52701951582673 5.28009375285698 
3.91415750235702 5.51992667235801 4.74403763709975 
5.80990781821632 6.21886875076971 5.84635492894807 
0.544440786997368 5.52419454454086 0.872743957270825 
0.427354032885465 5.86296414652973 0.610980948778239 
0.39365314537518 5.94607771967649 3.45798250223516 
0.725152157002655 5.95571468772427 3.582447678899 
4.28995306979797 6.56999403157775 5.03689001854264 
1.88003650761359 3.57605612643389 3.80854446681928 
3.76042250702348 4.6382689327886 4.47981746056421 
3.86473319151553 5.35531594357092 4.55867527605532 
1.65873912489148 3.14688705253147 6.45235096328585 
1.23620111275711 2.68996007356523 6.19713379094728 
4.2054386752496 0.783330319226533 4.18500627975182 
4.26134691856197 1.13605095745371 4.09010207628964 
3.17033649243235 2.94663854546768 3.4771205801684 
2.95827927259887 2.93319139595289 3.16044942436697 
6.35022357846027 1.09316908978845 6.57135176042272 
5.19702457371143 1.6510317922209 3.11222104980564 
3.683035955584 2.31715606147879 3.504972227741 
4.7490652715418 0.393536996522103 3.18419254251914 
4.64749341992533 5.48040114969054 6.15218109854712 
4.76094952537253 5.64577237114752 5.6256617698804 
1.70391115867587 2.04365581075739 4.33153597315123 
1.63331052386692 2.32318162597899 4.51696778497271 
6.02800327610204 2.39619727915225 0.752428868628184 
6.30018278910318 2.10103794340194 0.382983415360101 
3.42316278107682 4.40640432391028 3.831568043552 
5.83333049850103 2.10026021341908 4.06845249149114 
5.80262424494822 1.78875420256936 4.43819988604462 
4.0057215762567 4.34414492844425 4.01900722669897 
1.61765207355077 2.54066529695829 0.407384661267384 
4.17552169482746 5.26122572357637 0.0995645704636176 
4.50179285015181 5.15787311418748 0.0292694218590851 
3.66539568912441 4.22375587809586 5.71830187515363 
2.98427011903004 2.70346257045015 1.95922324046012 
5.29075128601932 5.46546285212868 2.09706352990903 
5.36479878640305 5.30820210847744 2.03128186695331 
5.82287024262824 1.46549685295164 2.15516711973991 
5.76591660192111 1.68588707513509 2.31503626078785 
6.63217253093683 0.980434652703792 2.12008664327819 
1.8931445143478 3.61949547937204 3.73282916997121 
2.19846118726603 3.2554323907212 3.09309182325791 
2.20563936059717 0.726706728227012 2.01414547816189 
4.59120397734186 1.40622031280659 4.92140821718792 
4.40581732904436 1.48432281731798 4.33733551200337 
2.82609100946054 1.38378639166794 5.67060751272213 
3.05367662776812 1.27559010471693 5.63589618153234 
2.48546741377634 2.56670894071962 2.08311392405822 
4.85025753186811 5.05885118502937 1.27547413677168 
0.296661931125847 5.7408023868527 1.07480547067306 
0.217942031613934 3.14921222759021 1.3007633058991 
0.777758391783446 1.58546194155644 2.82280133068827 
2.75830234873495 5.3497857281088 5.77325655885053 
5.45292881028873 1.65346839342419 0.811487803452442 
5.44515892405311 1.69759276245878 1.07606214152783 
4.94117425307637 5.17106913658831 1.84460131452295 
2.61024404994115 4.78095304732055 6.85860444201875 
2.4016098213548 4.99159179110227 6.79493101553335 
0.650544580302544 3.65731438416569 1.34173590976019 
1.55909405204768 4.51875477954154 3.95852238463163 
6.52028891831896 5.15979055755517 2.98097747075456 
1.21030591571648 5.55307328563665 1.4226543849255 
3.41712257350427 6.42087398471332 5.80302863660769 
3.58297353338402 6.25403749234296 5.78891430091936 
6.49148933782031 4.08635992440647 1.88898964025254 
6.43075318412255 1.39084964671268 4.83075887054352 
2.74885836308158 5.4834604289803 3.72068739465884 
2.86856114345382 5.50843018838223 3.62208390551654 
2.68758714924712 1.57348578471803 6.29212015007432 
2.70292438790399 2.03597480211073 6.28106293932203 
6.2314383583994 4.15155683706274 2.25801596398419 
6.10384632097641 3.7928370096809 2.3921114980472 
5.40559566731768 3.79139105392942 2.88126189080119 
4.89206705990063 0.562912051729491 5.48257617364786 
2.23016465753443 1.55358177921835 0.600082893813775 
2.77704097046465 1.48941840273786 0.714781712048423 
3.11694080957841 2.16982905140047 6.70334050001354 
4.39834141344279 4.38771267481419 5.83880358791452 
2.56116923531066 1.63257045833586 4.18110283065701 
2.75057705119525 1.70193836853678 4.17427186790775 
2.45319869126306 5.41436123409334 6.23286390566178 
2.08588401177467 5.07964253890596 6.16182057267364 
6.59482105633193 1.33662496191084 6.24689259052517 
6.48046190646105 1.73559409120996 6.19763587687104 
2.77104871804666 6.42254248816137 6.41285148195321 
2.65004073809863 5.35546450468163 6.63357674365939 
6.32384871143737 2.35480877238703 1.0013346635888 
5.61234913506308 2.05461712900912 3.42614682112214 
5.42265251481826 1.61090222718465 3.19065135706826 
5.8226046289893 2.04942099673129 1.38955839151894 
5.66559031168792 2.29594445613129 2.01567223931968 
3.40281536648047 1.81734632247075 3.87177907350056 
3.56099739333923 2.24747401380244 3.84859134527742 
2.54414019567473 1.19134652865396 4.1841415065241 
3.39074386797307 4.56419979833103 3.98302318475777 
1.01462307873664 4.17979052289869 1.61123722753579 
0.770866100278915 3.80365927382474 1.68738065009495 
2.15410723383954 4.47835559555172 6.42644797871368 
3.01141089184636 2.67875484075533 4.07104742894001 
2.91544365557933 2.62810505559303 4.08910757665726 
3.72846157255156 1.21256641291716 3.44121312484239 
3.97211244457653 1.31670939419792 3.16704407294344 
2.89317824274348 5.62782844767968 6.84740227012597 
0.355286243105383 1.26162408525305 4.05383777041212 
2.76739658391918 0.872040725645359 4.51632655204839 
3.88460996360483 1.58434243567023 3.05108663864105 
1.81057226502079 2.80693689367777 1.67711234158003 
2.0049790194558 2.43862991591471 1.43313611160375 
0.701138425919423 5.60282709537504 4.97446425525368 
0.854655171246618 5.32121161513017 4.72251276043608 
6.00133698960281 6.98674359831328 1.61873297214166 
5.82079182714908 6.94003431760877 1.88132944348003 
2.73538312236213 3.5999573705867 1.25099197510619 
5.29856900672258 2.96207431941952 3.61915528888426 
4.66086580807278 2.39675179200713 6.61574872811589 
2.69520240084485 6.11968395578356 0.945816334210131 
2.72396785357078 6.23469031508228 1.35124692179505 
1.59148654388565 0.073319561895582 5.01357463802951 
1.797987668506 0.220564365753237 5.33498460430096 
6.089854982715 5.05036080667028 1.9404736081621 
5.82172242981152 5.2929648400868 1.68998441820712 
5.09874793599607 5.63219353584143 4.58376731318922 
2.43050067260553 0.787768323177833 4.79340343330809 
2.23095131258619 1.01551660706877 4.60827773314224 
5.87820365925722 0.174796005531548 1.93404823161479 
6.04418488744908 0.189141810537589 1.67685578673822 
1.34495101249847 1.152078587709 4.55628958180004 
5.66309447833715 6.66338062870077 4.79239370374364 
2.41752148005222 2.20023868269448 6.35149879754809 
6.29156105700995 2.22259799011417 1.25937149431401 
6.42386663515548 2.59505009813959 1.66371189182298 
1.5236307705601 6.57133491735291 4.0215280557157 
1.15734455575742 6.61390748898492 3.87714931689502 
3.71876082018846 4.63711753403274 4.15464294863621 
3.8199381808142 5.28599665889467 4.00551264786331 
3.28058465050015 5.9738294309362 4.73872539860242 
0.810500259451524 1.13887581374506 4.82483819509494 
0.963013156880261 1.05643909769862 4.85507194507343 
4.87898302937274 5.4844831938838 4.4493336390021 
4.59222648844947 5.16359277082648 4.81649252635748 
1.48014032554403 0.100194121546418 6.32578894133706 
0.982382024334262 0.00420585898001059 6.17231004435702 
0.0356749840295196 4.95273529986861 2.74255501680976 
0.00315316560727387 4.5938195239992 2.75509282721554 
1.56684495663954 1.79220600102905 3.48739014890855 
1.93881212318525 1.51548581260184 3.35505383816567 
1.60460800441292 0.197074687419319 6.21152677557152 
1.71196416678907 0.56656478035426 6.35362922867028 
5.67434219343164 1.3511203944642 1.37325057871358 
5.43934584911586 1.20751792675082 1.55163920627199 
4.98678231209914 6.02466500796402 6.6038714190911 
6.58695148949201 0.556544774920823 1.54530218997834 
1.45540249882803 4.39371575379023 4.3478353579479 
0.779121655230861 4.33507263612751 4.32300711416156 
5.94279641219222 0.926198574560092 1.13502149323146 
5.7670764096635 0.667116595106801 1.24582062689297 
0.641262286913546 5.72895331431907 4.76449123802306 
0.777624105756847 5.46954289112467 4.53014680934643 
4.49270921259678 4.69025507388308 2.11194442216122 
6.58028321777957 1.53002975059157 5.15587267537309 
6.30749475293469 1.46351039089149 5.55242914471866 
5.86357310860008 0.513090985290077 3.80548181480455 
5.81064164596887 0.832253984677449 3.67855416142212 
4.4487299335711 4.59443833483208 2.89770440852619 
6.64675951399469 1.79720254732946 1.24096937094578 
3.0027122399313 6.44582408345624 1.39208287405782 
1.50532466109239 5.45804405756161 2.85822173130133 
1.07020399304587 6.1685226411063 5.37101077249101 
0.924880330310062 5.76494962111076 5.33111136750006 
5.25150441807053 6.17451410937735 6.56222737503196 
5.47656280683606 6.65268513315113 4.73008101823385 
0.397863201843645 0.414099277374817 5.90885230996679 
1.41386488242173 5.06650219990158 2.56123993727908 
1.71357624752887 5.30294785622336 2.71563638002214 
2.53235464717195 2.73529506671601 3.20579486777956 
5.92024097005445 1.0909307011331 4.92962895973521 
5.79873551338508 1.13219163640528 5.39579307809071 
4.96917842174167 2.34409551737326 3.97972647686748 
4.70569005144121 2.11037832678302 3.85682890653151 
6.36008821666356 2.20859833832264 3.60578265694289 
3.25900728600586 1.06125268216981 4.72961482586478 
3.31979845387412 1.47724667234679 4.60489576861815 
3.89030024934514 5.92261370735147 5.23218629450982 
3.06454629486073 2.49267569091262 1.6300547245859 
1.74599703145869 3.87330005214225 5.90002027453968 
2.22845159895947 4.30555568051787 5.90932314262953 
2.83929503781979 5.62939601046992 2.96941640834536 
3.64580055423945 5.40811542182011 3.83763178068347 
3.31075204663079 5.17066960462265 3.69859407662837 
2.59921505587847 1.1729709956306 4.18047088379144 
2.79940142637294 1.65305812671625 4.16704698997849 
2.60707126445426 5.13270837946569 5.535652161845 
2.16309733950585 4.90753958025679 5.70685551676094 
5.66592585492147 5.48529228139398 0.673791109174404 
1.45452327087771 1.40907940545935 1.04969882216675 
2.0824793805948 2.86573188950129 4.59972984999559 
1.63065825943312 2.57105307670026 4.43186811309715 
4.68046744704047 5.15519272084817 5.08648658653907 
5.11107651484324 5.43189797406065 5.19041653383471 
3.70787916012025 4.27260595079927 0.469620533518201 
6.49362794432048 0.301432983127015 1.68472890669062 
5.91673044839976 1.6181219533308 4.1132302017542 
5.88459912176701 2.00818393714459 3.92566931175899 
1.69086407061801 2.87106599237188 0.446521579340235 
3.62611347040483 4.82807568502575 0.213003563797958 
6.49349236882608 5.39638281100615 2.61051733134292 
6.52370262477801 6.0434109794495 2.43912622030864 
6.43265189822882 3.65641176734742 1.97178478858192 
6.18854920876629 3.62625966986093 2.30731244995406 
2.79968245176492 2.16583080306313 5.87473682684406 
2.83568923224754 1.71471369441692 5.49919960150937 
0.903070338633495 0.315359846838184 3.60488682291499 
5.12638993615905 4.23416473806387 5.48241145899071 
4.73157986041255 4.1956715696478 5.50910744533327 
4.89626047003737 2.31857631576238 2.81898859942381 
3.75253759277461 4.35426203137748 5.55390258469419 
2.23365351437028 2.91903946647352 3.16340469335808 
6.00530490051327 1.32258334637393 6.79608502428114 
4.73505145919772 5.37784986683981 6.24177639986006 
5.43720156841207 5.07742969717895 6.00838751399951 
1.708196985181 1.83590863416145 6.09574778883245 
4.11558691412928 2.69849155230696 5.27652288927502 
6.52277734308363 6.0614667686939 2.09025161475186 
4.34209901165521 2.41194491870913 5.0127435914093 
4.80266408763436 2.65072355174915 4.74305949701899 
6.80611123708085 4.64275379577996 4.53004691978373 
6.23890696848324 4.76798124131173 3.70921269992104 
2.73373074394305 3.548319100494 6.31095160842066 
1.12822730216335 2.62486424480099 2.2423296946855 
2.42913524108833 0.80749087663089 5.11129357340323 
2.22551671176418 1.13973199047795 5.30744743459583 
6.37397468348125 1.93922743144852 5.57944597133995 
6.27448133048533 1.78974360118115 5.710842176112 
3.51263770706146 5.94190329610378 4.62564277512838 
3.83704671418932 5.90609040232578 4.81363356892431 
4.32014359136676 2.99486183096361 1.84814233185946 
3.65708192904641 1.74217283872229 0.553001393597004 
5.00218051015686 5.56315014151987 6.6245937090249 
4.1474600509541 4.35166454201983 2.988586484827 
4.0753481411652 4.08172308948079 2.71057208203527 
3.48811393484469 4.78084397090994 5.49713184265235 
3.85939794071898 5.26153234358693 5.60956304313926 
3.42428985319877 1.57230860581795 3.42712763111258 
3.52386345593377 1.73828715111221 3.2232579579198 
6.58284555639033 4.56184164751411 3.994740281251 
6.61949783532531 4.2588337536494 3.7244617587546 
5.32037927556098 2.27227919931139 3.41047288140685 
5.0390860574328 2.05250046378639 3.2297130437873 
2.2648920007966 1.86902066986231 3.66465812269055 
1.84244319492952 2.10000058203224 3.74513242459222 
4.57400531829278 1.72897786633718 0.388211444289421 
0.748465500831099 1.85224146037335 4.44262399610111 
2.12884190436519 1.89843687300736 6.41921205689949 
0.560292492157361 4.1784809477278 2.61813317589181 
2.14457868219687 3.64706422004507 4.60941525257552 
2.25697878318106 3.53414714730122 4.19637111568105 
6.29145011358432 2.71693544333613 4.26365977118356 
4.82174628971222 3.94617268238279 5.46876732474237 
5.15504371070408 4.06385943056403 5.45234024603386 
4.92578977516065 3.2259518838141 3.69242312940235 
4.55445803719182 2.99365844257233 4.00164131805915 
6.25694626018448 6.1899198217675 1.91398540477963 
0.94732705196021 2.36905111855371 6.36507929097664 
5.03771700207193 6.64399634221742 3.76600760168397 
4.71256880718153 5.93983616266271 0.547872884478144 
4.83308303149874 6.21928810791688 0.478359533750593 
4.87665921718056 1.07695570939598 0.345837253182825 
4.78052265898401 1.47100660895415 0.684277360322716 
0.773661276294122 0.198751890671795 5.72737594656041 
2.84262473228294 3.9295899643333 6.58338123823954 
3.38032958331266 3.76450615499739 6.807117273081 
4.04986692949396 2.33993297568102 4.79611517594499 
3.81524623022621 2.54977650438194 4.94484717120934 
5.16141216147878 2.82677156175718 4.89577345012467 
5.02826264902034 2.54481631642865 4.75134605279896 
2.07677055783784 0.299977217528175 1.83843417421363 
2.19016652932536 0.197003803679731 1.5439792155575 
1.83789501373389 1.2213464192037 5.86039427370352 
4.62472131104117 1.88041344732523 5.26924671103273 
3.46622777107463 0.688012119437299 3.45482815953788 
3.64285295886917 0.507001610160738 3.80614573252535 
4.21184855874813 5.17447682795042 5.69272318932309 
4.28198775983049 4.48856673047796 5.6477122898774 
3.3916160775445 3.02718931624509 6.83551140385902 
3.4716238446972 2.15243435235816 1.74271244361313 
3.33411209393782 1.77055988042 1.68047625456134 
1.04634541101002 6.57248371616725 6.18433209378404 
1.3774676291282 6.53946792246836 6.25381966140978 
5.92420411100928 6.63194354397023 0.892972819929031 
5.72900923642749 6.86382662412798 1.05110661860703 
2.4421383478477 2.62772672547044 3.51544374504299 
0.194506070573894 5.47120022275565 3.52077109133612 
4.2195417628385 6.44110223714389 5.32825338989878 
3.94023496640364 6.57515115903737 5.67283337766701 
0.546527629272566 3.8782786856008 2.68143642551232 
2.81695108779124 2.76788338786462 3.97175434334413 
2.25581143104874 3.06611795776787 4.13459243213739 
3.4981113538671 0.482217378685703 3.27732673392954 
3.69098293100988 0.2217445964582 3.55710832027207 
2.05020593517843 2.95504454268537 0.935311377138933 
1.887536351377 3.18080221586937 1.12241251877824 
1.55558842927418 0.963537731581324 5.97742992395275 
0.26822894268604 4.82716019431776 4.04430253214338 
6.85445615469388 4.80349150914345 4.14073784875914 
5.41785639906349 3.81763208631059 4.25547611872753 
5.47627515547237 3.75389979623344 4.56425063169935 
6.70698258109114 1.77795303103785 3.19565148972509 
5.0069961797056 6.1813755393229 3.3844673628192 
5.14091081621615 6.61146834339748 3.62905375119671 
1.92178316575194 6.2966485796383 3.4777033397965 
1.37421097248446 1.85166583343992 6.30619759266732 
2.42773655176625 2.27603481294259 1.74064104987543 
4.40571857681175 1.61177699587335 5.11017389054718 
3.19456941455882 6.03112903719897 5.42042799473378 
3.51741619216536 5.98752646389834 5.57133119124752 
1.2396286861714 3.19215907745296 0.56060567293427 
1.25934502656475 3.30766059091649 0.757690145737929 
4.34501189339008 4.13150984940394 2.41247407716312 
4.56329870654698 4.41083991736044 2.48681728983302 
2.49373998106004 0.0243911487915515 4.39549466173048 
1.75413790379759 1.40097121254358 5.29635205298393 
0.982810985610418 1.10559132145772 5.00973034680031 
4.608572621058 6.12079412619934 3.65685575345548 
4.64085998160717 6.34682156793597 3.87823709746306 
6.64495930285741 1.09744102514604 0.83428342548505 
2.80106046825763 3.78451414677017 4.19010134533322 
2.7538354952877 0.906640626080756 5.47967915378149 
2.57848248793416 1.13925667100986 5.59390758512809 
1.29337930185188 5.89540642198356 6.81248825873151 
2.90557768227575 1.78727631515911 1.52931664259612 
2.74657839736278 2.25313143219366 1.51041692687093 
3.9868683625117 5.46264554195792 6.40724505300357 
3.91273238167067 5.84495753406214 6.4933865926209 
6.30349541495313 0.875674858009026 3.67528948376782 
0.166872231883956 4.48045652549241 2.90089366059435 
6.68252367761158 1.98997197609929 3.57737788054743 
5.05344248629411 3.74161762145449 4.115508415858 
4.7168678083952 3.54484943847316 4.39775881718454 
4.3793058606752 5.00951771041654 2.91730426111065 
4.31647007271372 5.38018716589809 2.52429572665447 
1.6104159665591 2.0265709611568 1.08268353202529 
1.6533555118323 1.53288775773903 1.12903340011746 
1.43432185022511 4.44866588136365 6.67325229639158 
3.03150648272991 1.05398544804129 0.832030328336248 
3.48994144111919 1.16376077148109 0.871264379815779 
1.68385569621157 1.51736023535543 1.63345108805185 
3.255419544309 1.83008141229192 6.88087843353927 
3.5423104234024 0.560554725908728 1.55567325793019 
3.72392893995842 1.00566297776164 1.12592723768117 
3.63933863849133 5.5024626679923 6.24277420279753 
3.65169997636576 5.8390057601312 6.35150620046772 
0.400947192595418 4.62359954841767 3.77151983020117 
1.49412813749932 4.07312845964938 0.749398399492828 
1.20706690595231 3.60393887031332 0.628331134409436 
6.54229072498223 0.940120591344826 0.877382726905456 
6.3914783833584 0.886947495604357 0.650410434743752 
1.83337505521162 1.16504228263205 5.5191163461533 
3.61515764734125 2.91063407938009 6.68337036942949 
5.37761707959777 4.37407483748439 4.28916675954346 
5.36132986790785 4.12661659840091 4.10565777208675 
0.465885303552518 3.36346937220418 4.28851928167341 
0.500662662048928 3.702005765485 3.78930030170223 
3.95152795082011 5.2886934301987 2.99796045152752 
3.94772327418505 5.4619678800791 2.79317732763689 
1.16372703850717 5.57557123482507 6.66972539892792 
0.69724328882159 4.35280618141919 3.90560275686845 
1.11617110580306 4.49733536419613 3.6546758011356 
5.27243463901863 1.41335144881062 6.4497063636233 
5.15080382045892 1.33016565560679 6.16786507848877 
2.97450658070592 2.2068857265813 0.461023949689618 
2.68116384947518 2.0315513819057 0.723041093424464 
4.01415513798194 2.91808752803331 2.30318493259974 
3.97758429827606 2.75612112935849 2.36403519132627 
2.24700636235243 0.0410246949311665 3.65199115757688 
2.47997327350233 0.0617870106249274 3.73772723849287 
1.10432134698163 4.26573178180907 6.39299415042409 
1.21821322506553 3.94589763315924 6.28398585673024 
1.66235028799169 6.01420234632404 1.08346620813372 
1.56624459425496 5.79607338175517 1.42181313292222 
6.52165805628642 2.20292429830695 0.866674978522493 
6.42963061116423 2.05010555293945 0.44417532202516 
2.85387925933197 1.59904392212511 0.744432471820455 
3.18064804107605 1.87709920245536 0.416402722528822 
4.56647724710067 3.20927858428216 5.32063521425438 
4.20738377575372 3.06057075825327 5.38626474840741 
1.19100267130872 3.44375252611753 2.78771634734695 
0.959109142580864 3.34585823517394 2.28331451537531 
1.6303751797851 4.1965392969291 6.63561698452619 
1.4352746910099 3.89275834297834 6.35791918922983 
1.15209815839465 2.96400821084868 2.84602052405267 
0.957792456831729 2.82091817700746 2.39819093560018 
1.03873549430027 4.19847216399105 0.914117042592101 
0.862114477732369 3.96620944948732 0.837628891407155 
4.91609715857885 1.5083409550947 6.57548849250533 
4.79863210696275 1.41335268495436 6.28050486639721 
1.68147589196546 1.68705294833567 1.71497196439135 
1.64097230012217 2.12355646916067 1.402837045085 
3.44270834295286 1.19167451830755 6.38266764387586 
3.02996274468923 1.43254241419549 6.64649520578695 
6.54876228947077 1.21970070830587 0.435903643788182 
6.47086859189751 1.15265989556691 0.393972280014485 
2.66891467282079 1.58341664248 1.78969253334252 
4.31324156433593 2.08381220171463 2.36237623897236 
1.55286628609505 4.74749207101135 0.68196609436825 
3.29781502386547 0.895163964465247 2.23554790624555 
1.80949227929372 0.220039296147371 4.62660458622706 
3.02278357528018 1.0245398667984 2.25406727550326 
3.04761595257307 1.35769241570378 2.26240432513452 
3.77520010854836 5.70391505354154 0.677821577786944 
4.00259403203615 5.88046854625557 0.961641643801977 
1.11732143014418 0.484550251484541 5.47218977227404 
1.44435798359997 0.492844008516904 5.61858960320596 
5.60881893249826 0.89085870568558 3.35803090853355 
5.41994323436275 0.420210338878934 3.0640676523587 
4.73266801108629 3.21419263960017 5.79167289849465 
4.17918520193734 1.38989458132482 5.37828916470163 
1.46211614830249 0.813355932962595 5.65282645196313 
1.07695393011971 0.778530282155282 5.47477426119789 
1.89443873702175 0.00310367210688186 4.46795556053915 
1.75725024625771 0.0157161542799233 4.14918188118624 
4.06599746668232 2.35155774445667 2.11914750283737 
1.90041047664288 1.43948748972692 1.78795490485792 
2.43293349855541 1.23144661983388 1.60276776069051 
6.21836400939053 5.25042707572157 0.768507830955941 
1.46030928143052 0.379472636432563 4.12715538579906 
1.48852125580923 0.495706829089345 4.37412566710721 
5.13826473070483 5.96629547037227 5.38997923963335 
5.05149308988464 6.29613171319664 4.92419263333439 
3.52996740788124 1.18957205897995 2.2063325925223 
3.34630020003053 1.45148867431661 2.20655279561255 
0.57934602570527 1.86598096620167 4.24573507212679 
0.545034928914388 2.34162651799796 3.91844816528311 
3.81256825561632 3.31016922326784 5.86042895847962 
1.90527425137459 4.21609683338055 0.798298445392707 
1.97797222339629 4.63635728621029 0.85782752374735 
4.54757332121183 3.10149265287077 5.90849107238329 
4.17140542805886 3.01454681345294 5.58505206317447 
1.90002361594013 6.3833470798535 5.53936645856417 
5.91578909211643 5.36190964285672 0.963506238030015 
3.04875058846067 0.799644815238566 3.4469554911315 
2.76442138507692 0.742190260689897 3.80591182320218 
5.01214755181448 2.08708966176446 2.38330427794656 
1.39354593626366 4.46347494706919 0.583936532403973 
1.57467220862472 4.17728957473408 0.635869065815429 
0.699436144241322 3.37390403203672 6.28069696009055 
1.85599243929333 0.957058612867064 2.0980061616432 
5.69943757371661 0.65664903089821 2.50911235923189 
2.90599035539417 0.60894211175727 3.26091591129008 
2.60479169014596 0.507127241006573 3.52788989401279 
0.664787105699971 1.38477797969691 2.78607587723171 
0.800051209438491 1.04186059919477 2.7936108105085 
0.611853517556393 1.22752113123202 2.2569111890398 
0.789618153267414 0.876078233749151 2.46175567593459 
6.17365612882256 3.02505139573143 3.06176032449266 
3.87808754621208 2.13668482193871 6.59555378470291 
6.43351787103678 0.756597599344265 2.44039093921517 
4.64456154067405 1.96561476521455 2.13359795009066 
0.670655641811356 3.31209320201028 5.7689583031881 
0.78971915684154 2.96943932086933 5.66491546494993 
5.97270802683278 3.25092126110442 3.20847146588924 
4.91418377120126 3.53017039072686 0.565565754526501 
1.03726321457539 2.74756133833456 6.19123603821892 
0.798508875425572 3.23789684130182 6.42717373957506 
2.20698978783684 6.46331628279466 1.47256197411418 
2.16478322282672 2.76176347283326 3.52967273792785 
2.03137576069539 3.01149758271051 3.8669571165282 
0.512109722357947 1.98181056986293 6.0837282599848 
0.677534411863225 1.77019238029359 5.97520539532829 
1.57917174011936 6.04060665072379 1.54441554508193 
4.59616371834451 6.5852917759126 5.16249928783785 
1.37104719290383 0.843694151343634 2.7758316491424 
1.79298423283967 1.11765245476814 2.7638455114149 
3.72867820569781 1.7739286513174 6.80633021850907 
3.78512045566387 1.36069532169517 6.45156557507036 
5.87687159039318 0.935118927025128 2.55761294428372 
5.88864276257549 1.11100183746318 2.95746878045845 
5.39751481806786 2.99083508436375 3.20836183461917 
2.56008118674176 3.2205871608241 0.535737584588029 
2.46646207626126 3.13213160724381 0.852846515090805 
5.88280447715946 4.36888027801016 0.193190206526728 
5.76266978485103 4.05452626301387 0.534359340759932 
4.5215830799301 3.66714408974542 0.403398959996007 
2.70828477061045 6.35051660496424 5.72276029074705 
2.52321888833467 6.08616370727055 5.71727507635461 
2.5952101980337 6.50135670496395 5.58228631017555 
2.26308096137555 6.2768605371609 5.49440649476032 
6.7205966715605 1.34354743180288 4.1811707331206 
3.16769951345364 6.4716806415937 1.13643785758853 
5.16063556680591 2.75609430386159 2.78428258984562 
5.41971602019312 2.76696380037649 3.07497590601065 
1.61392468734904 0.401989823845794 1.86836952211539 
3.2053609477072 3.65306531438872 4.86922814110732 
3.59819087920068 3.17455976886838 6.42555498752113 
1.78540007733441 2.49903828977705 3.64427520210345 
1.68381442673333 2.73383401611895 3.94054768012226 
5.40108183304689 1.12368668347078 3.49987014690518 
6.57223513266549 1.36708807840629 4.0001202868274 
6.75190691329361 1.5072363158397 3.84663563807796 
5.3820446852375 1.06931303342009 4.05542747725496 
5.56259538062041 1.11139699152286 3.83159190431112 
2.29629945437069 1.9627725203978 2.47816282509423 
1.87514382222971 1.77828540469751 2.53183803822833 
0.477246329922594 3.38201069335391 4.35278370630562 
0.661205382516857 3.8311590435719 4.55361512173769 
5.92515449880376 3.0063481102957 4.26983713862518 
3.37496380057561 3.27352146916735 6.60051606627991 
2.91131528086268 3.30395816266836 6.30444585600792 
2.62676801684159 3.62794692825117 0.662490745150566 
2.50966153323663 3.52083050192761 1.00477233070122 
0.839548018118205 3.25876687610245 4.45240113692928 
1.02933617713854 3.61035339877928 4.63785446444362 
1.56546210270351 0.799693266490385 2.01612071876033 
1.2806039660569 0.690179173616594 2.40160510238815 
5.10689813186277 3.2409278451749 3.0522540574086 
4.9592884256645 3.10008081870108 2.81370307974336 
6.73588580702639 0.610601794875619 1.86427436167117 
3.35967507475509 1.57896572543388 5.4025435792602 
3.47787787258085 1.48946258907166 5.20632008658913 
2.98116881200581 6.2831067348289 0.81409082976016 
6.49552848882886 0.473333565189577 4.65850682198468 
6.11442236035211 0.508660648609573 4.7975707575545 
2.8554015767862 3.95676876123758 4.60787295455275 
2.57907889865405 3.92394849132224 4.81289395819474 
4.47784488675897 3.52394616364634 6.25818691828108 
4.1573219518674 3.86242446951086 6.26014628262672 
4.00202853224785 3.44039121260879 6.19294576949984 
4.37034777648074 3.34425154970321 6.24504056535032 
2.52783289711303 2.46445076910687 5.82241116303227 
2.23974509945643 2.48081266643701 5.58472418207951 
5.26424254994469 3.39933608804663 5.96225595412017 
3.57662938840203 2.54817215676705 5.7557667401868 
2.36158457670242 2.49380334396431 6.01617955656144 
2.08017136003378 2.50632165065922 5.77495972184985 
5.51123625798858 3.63504437057476 5.81408715622128 
6.37604410941783 0.297727354606922 4.41443510389333 
5.99991394381057 0.34278156767788 4.57405893798451 
6.75086266203785 1.9876743229909 2.51157051806284 
1.90088741312727 1.61865580202672 1.87607694270893 
2.34893210531267 1.85737856475149 1.94187970160897 
3.42359049291823 2.49002284089336 5.6412002711133 
3.03035512021275 2.82694508328745 5.6275496151039 
5.79132366290066 3.19775332585238 4.66321256646649 
5.80119380236798 3.55599519358284 4.56650796670577 
4.5944733419048 2.09779705827404 1.79494248677311 
4.78595709568403 2.39102828778666 1.63338592782686 
5.99560751487217 4.22388216791549 6.2273372550864 
6.21102090547973 3.8816104564005 6.00232350634869 
3.53878937051883 4.13805218823348 2.20809228660217 
4.96779397026625 1.0521481513873 3.49963031225656 
4.89556457693396 1.04702090130071 3.77742123970276 
1.15653817287197 5.22343950854546 3.58101446652649 
3.53892750006752 3.10780924936428 5.98466419054507 
3.17830436425247 3.20261428657589 5.86767745757712 
0.762861104627004 1.84704697725954 0.754593112966529 
0.71058398001638 1.73485340344623 0.329760215376989 
0.896135085949691 1.76813831763214 0.31469669295683 
0.954597171583426 1.86643685237371 0.707668282421386 
6.6586024952725 0.409226422031326 1.95950890110297 
5.75756494433432 2.42267153628967 6.22509931221328 
5.96079650923978 2.87709927954799 6.39185278937166 
5.31424001286556 3.61685542870627 6.52005773888319 
4.27623195947093 2.32629135214296 1.74041911691391 
4.41260517531691 2.56618083072764 1.62553864519471 
6.33434912800301 6.69871267450914 1.52438998328378 
6.27346033036629 6.49785999680283 1.12158972493419 
3.26320642675526 5.2029639085455 6.34029495615371 
2.91534851189771 5.31067652152271 6.66433569552979 
1.47048608113061 0.588039272020723 3.08492520650418 
1.11348818975212 0.628385078049053 3.49839846249692 
3.29157026012021 4.92619900069846 6.52080825962052 
3.00700705554747 5.03118645082031 6.78167268653267 
0.949780061118465 2.87669440531317 0.526687544550324 
0.381860506875405 5.9916702586155 2.74887122035569 
4.03258761889438 4.35248958110542 1.79476666155785 
4.0098222266365 4.22922092205167 1.86576671876268 
0.440350914510946 5.22865008043281 3.72704723845755 
0.822081231657741 5.46576262759061 3.78365652306053 
5.42867827827107 3.44636684456623 6.1693092086447 
5.61320310164791 3.65987165931022 5.96860437903818 
5.43859831514169 2.64466108413661 6.32849521204339 
5.62457347807532 2.98472993227079 6.44247200949812 
4.2422266678937 6.62945291974406 5.90126835777206 
0.483248135634955 4.64668164160744 4.97202854075688 
0.73816479383997 4.80268093772818 4.75023372697352 
0.455719252569063 6.15351248943219 2.93314200612447 
1.9056608538554 0.666006747589472 3.35790577515266 
1.52475548660692 0.724629084605959 3.76533225102479 
0.383006397604596 4.500317371203 4.71851727667688 
0.56318276205384 4.60125316562564 4.52617271105375 
5.56506207550671 4.23624755284273 4.81159507459173 
5.56970658069754 3.98757638519043 4.84030756076411 
1.20897876980776 2.45115984352395 0.430941380483317 
1.09627600000618 2.16787338552537 0.794057219038024 
0.680149744047607 1.58182777604538 4.17359026669999 
3.33692395730023 4.43930934075737 2.1018310028164 
6.30609296793387 4.19707722486664 1.19043417729156 
6.09737366585102 3.81487535640223 1.00926647524316 
6.09658030315507 4.33960329770068 1.07241829371786 
5.87373434721435 4.04707047161148 0.899147796131842 
0.783058605480194 5.84792551786294 2.43874369693518 
1.01632391198958 6.01110201371775 2.54569401165971 
0.90514969048396 1.47622852503962 3.76503175088583 
1.14870393713583 1.4304955280008 3.84404268111031 
0.816482998721843 1.57957107742784 4.34623724946331 
1.14556851842127 1.51656255515949 4.25565590365389 
3.694221906808 4.64200555482627 1.78753114226195 
3.66015041988129 4.65788936829372 1.59757156783141 
4.31263220838554 6.21424290445228 6.38017165470967 
4.68295432450682 6.00981975738818 6.26890831610509 
0.567641683945268 1.4045636850891 1.84776598507963 
6.77723164474349 1.38822715812516 3.30954736695689 
6.90866295606365 2.38330527961155 1.97392000308439 
0.274383320957162 2.70700799827222 2.23950277520602 
0.189082060579904 2.59795966853644 1.95584940031433 
0.454472431014819 1.49037901354688 1.22691203643109 
0.630584500839968 1.25265889438089 1.50740909947318 
6.48139067728844 1.04307102448657 3.22122213097496 
5.96166899117359 5.32227138455032 0.258436387988729 
6.80399854260491 2.35575721985733 2.36997446901417 
2.88145570422247 2.99758687410423 5.18634052372386 
6.16420341904267 5.24544537990735 0.33695165514208 
0.272208971194328 1.81407199201408 1.36236044677057 
0.294534209701964 1.85894225240493 1.63258449069319 
0.761801940464778 2.52867563662666 1.37339850395175 
0.666097017142841 2.85788827392662 1.18619102559886 
4.560667264891 6.57648409943906 5.70695211306818 
4.5094375477577 6.45929112467694 5.42606580471709 
0.7283601394995 2.41308844215202 1.04449217346644 
0.648130331820801 2.73357992935666 0.943980209667 
2.3614498659984 2.8836320085865 5.12597288300177 
2.19110718107038 3.18737747319516 5.12883790868609 
2.66696796554387 3.64234898998946 5.19387313779106 
2.94646082790065 3.50632117153683 5.20526522112379 
6.16366205823815 3.35596648128403 3.87883220529246 
6.17325276224881 3.59458187558871 3.95903379491415 
5.91825758381927 3.26724110266258 4.0653682094333 
5.88170802926041 3.52506360421509 4.19533165000963 
6.16206092855575 5.77772621349983 1.59084414600587 
5.96130687004499 5.68957176425601 1.56362640055283 
6.03122371436684 0.307174659629315 2.35396174061582 
1.47971205007467 6.50703803624241 1.06693683552246 
5.17770026555722 2.5698903593137 1.79138896089215 
5.35108098721762 2.47201724409746 2.06469292547312 
6.16587063267777 5.81136517114035 1.32181056359797 
5.99885729989766 5.74260753223139 1.29456516485758 
2.75614945817855 0.696223528070557 1.25722036260661 
3.32468434450513 0.518246385638022 1.60785943779283 
1.676544222442 6.22489560811648 1.18056590461783 
1.94640810662236 6.40658977165728 1.1226404842385 
6.43505998865603 0.455671255130422 2.35976154186825 
5.28223972513652 2.9309369362368 1.99382140630908 
5.41109755844037 2.71630995458699 2.19194811317537 
1.89269636487395 6.1248621832595 1.99094711075619 
1.98381457465045 6.19231710186647 1.99070671119939 
2.05836896670412 6.11412525999686 2.05323987458864 
1.97928564715879 6.03168325427109 2.06623391499129 
2.10580765702855 2.63584994734869 2.55845406758867 
2.04856200044881 2.89633377171753 2.92212442156406 
4.17532010313758 3.12577053869237 1.21285045458335 
3.57451336784518 3.37185089351488 1.37188180924331 
3.90526524942601 3.10848082163872 1.0797014643195 
4.82823842458782 6.23298559075228 5.87798495129983 
4.82226695949156 6.05814740172645 5.60133104253226 
5.31327360760875 5.76639844465385 2.98267773397346 
5.52991195362739 5.77302847228605 2.80019428848249 
1.63828241603597 2.48452625059812 2.65853521577698 
1.6056266910875 2.6662958752525 2.91982560916535 
5.23234054422054 5.5358755585529 2.86384461944881 
5.4188355594446 5.52542727540649 2.69284268586772 
3.72983051683084 5.46398088914687 0.727048869316079 
3.92018413824889 5.36059788664041 1.14516487329177 
3.95308462397789 5.07259524495322 0.382919408603187 
6.28779072975199 3.07789396558101 2.85749636609515 
6.31869816528276 3.5340522419366 2.63934089797751 
6.48999296433786 5.60559415552869 1.81549811058693 
6.4609680068451 5.28622334729186 1.99507381497323 
2.60639267034209 4.50250700029252 2.12431655136109 
2.85930331621555 4.29475861016728 1.94873555975937 
2.39299790748842 4.63085672496697 1.63752549487929 
3.0631208612079 4.46744611736982 1.31807020924755 
2.76287436464398 4.3241515440457 1.58516442870874 
4.40336122750552 3.64177446003377 1.58422677266345 
4.03525960878193 4.09703097753253 1.6849948223143 
2.33538442255829 4.93394577967936 1.5071697127445 
4.15162429408658 3.276917098214 1.51109800148368 
3.71889621124754 3.442241922405 1.56105802404553 
3.29071614760484 3.2627313922578 2.06433560029463 
2.53563695620352 4.41524087282855 3.04103403856715 
3.05130411185089 4.40279957112298 3.12053854244713 
4.57046787918666 5.59573553556892 1.28597345924879 
3.04874518257 3.13681171365222 1.87133337941926 
2.74698172843118 3.38264146224734 1.93361852770577 
3.20298488148682 3.46629601631584 2.21992752843802 
2.83484722789774 3.56170003610935 2.13894081841934 
1.96170961729678 4.12963347703416 1.3182900976459 
2.15624741730132 4.60093597240838 1.56929824234557 
4.09845959589568 5.65699587862247 1.23775917197443 
4.004916564619 5.78550257675581 1.60064735016186 
2.8700300268305 3.94353693971539 3.36152931980823 
2.61287962247528 3.95650040492176 3.31176498998836 
1.6572983447461 4.37787676346707 1.97640402448642 
1.55316227565432 4.12126118349716 1.76947885858383 
4.18685271239577 4.41353978390002 1.22933719451198 
4.15331429794728 4.32976046708119 0.729225512092149 
5.87355311927229 6.38458138567605 2.48771357546668 
5.84525139032031 6.39312972426855 2.25039234787793 
5.60217229810864 6.25374345537335 2.50842884245186 
5.58491726481183 6.26867389605557 2.26088057006872 
4.33748424303712 4.75115181128814 1.05050829233141 
4.31015511816995 4.66186496126579 0.703098904826603 
3.62207441783265 5.38003354480982 2.67766436758579 
3.31892484857754 5.61774681260922 2.60646008487644 
5.55289438940655 4.45403961190263 6.18921427156603 
5.46935628435173 4.35433535021363 6.49544861592846 
5.60096152030541 4.17470725074532 6.47817970823031 
5.68963736318093 4.19841249621547 6.25738371427822 
4.85206980817436 5.39027873108733 1.94092271898889 
4.41778441933978 5.45128541350539 2.24417569113488 
4.6479280370457 5.72701551819753 1.65396919824581 
4.35274521981735 5.81363987581829 1.82636364168173 
5.78654026919032 5.89705407172219 6.55830585732861 
3.48531345769012 5.25313466475265 2.29919380194771 
3.26938905327982 5.44219043269793 2.27400369688606 
2.89368532689372 4.81889448753113 1.09640272634263 
2.49750029947797 5.03409427862715 1.24788162264607 
6.00486109913531 6.03947323441243 6.05731258335996 
6.07285453353734 5.66167717917573 5.95256727619375 
2.81889897959489 5.41049973172538 1.24330644841837 
3.1073621205111 5.22985369339098 1.13320425930269 
5.59508801784017 5.30465299409285 6.58446260997461 
5.65624930158322 5.10339382101575 6.23588707118801 
5.83566633053239 5.47352055427506 6.57389021363419 
5.97187346453829 5.35786401980209 6.27539220908274 
0.809824819690462 5.42215535292953 2.4490039709865 
1.24461080908004 5.20099479028599 2.69768743031521 
0.334409881314616 2.45625231092869 2.74405567410683 
0.312856632629685 2.10129325588705 2.94509611606611 
0.255168963304801 5.09265803141323 2.89815794044947 
0.358873882508586 2.6338326544899 3.17234486804013 
0.339851697759861 2.39513998194037 3.33353896532022 
6.33648466073987 4.78776271147766 2.9991287711203 
6.5655059882764 4.45117835586039 2.87246480196579 
6.19197739163891 4.61053970586978 3.46194762196768 
0.450727875178491 4.83708530600799 3.10639424194237 
0.913561253441612 4.816514269569 3.07164225769326 
0.544572907009299 4.87847351515112 3.52487073287506 
0.924721257769099 4.85205679144888 3.44963854292285 
6.06582953109946 4.06888815349535 3.469784415608 
6.57369430470037 4.26315021796028 3.04257849625947 
6.34482696839196 4.31944899446966 3.43995265676617 
5.95553614497236 3.68844525658557 3.01353792759847 
6.21606988530455 3.72290302423012 2.70696185832589 
0.872140870869454 6.24484246911374 2.87077282630267 
1.48842836611781 5.77807997268527 3.04125369463016 
1.82764088290763 6.28392637158493 3.2974228114744 
1.07244423765747 6.15310401404443 3.16303067936368 
1.24909133722709 6.44990349566926 3.28850228146543 
6.62675337014247 2.94434509651623 3.54099645976208 
6.65559614626302 2.62884589944314 3.72652338696089 
6.61555030225736 2.82222325224659 4.01787426168065 
6.58359410890472 3.11105228828842 3.85495268177361 
5.94407067977119 1.7597735204223 6.70743883074447 
6.09736062766855 1.91990428604213 6.5173749161992 
5.66858749627377 1.84616942772903 6.55189522390391 
5.84577758043207 2.01406370299597 6.34029576300628 
6.3611508593679 0.500853205092578 3.80504771781158 
6.50300677275115 0.441266014461229 3.9788973735641 
5.18464247289752 2.19065355112698 6.9093862128441 
4.94279875562367 2.11741992831132 6.90635521090489 
5.12122330334064 2.39992308641966 6.84733100526399 
4.85433873147264 2.33785946643837 6.84701766663453 
4.26933525653674 1.53814179172053 5.94297592448533 
4.04451862908248 1.99559873890818 6.14306869337427 
3.99698652618412 1.65691626127893 6.04810292681129 
4.66749180702771 1.91648727368891 5.68520442865251 
4.50490754859748 2.21458802855307 5.89233597942599 
4.50192046729339 1.74252015789454 5.98131922098323 
4.40517110639588 2.03436843246344 6.09220892194666 
1.39453861100693 4.62798159587672 2.58845383179326 
1.63294601730035 4.43045447041429 2.71765384307252 
1.10854416515476 4.46944662720898 2.84700443157655 
1.33019647246415 4.23369819112729 3.00744776459365 
POLYGONS 1614 9886
4 2 623 656 855 
5 562 641 2 855 1409 
4 1 494 1408 1129 
6 0 433 1379 1409 855 656 
5 402 615 888 909 942 
5 3 589 734 402 942 
4 887 1262 1404 1411 
6 402 615 1263 1267 1268 734 
4 3 844 909 942 
6 3 589 961 1054 843 844 
5 1054 1055 1405 1412 843 
7 843 844 909 888 887 1411 1412 
6 1262 1263 1267 1055 1405 1404 
6 4 6 397 563 7 5 
5 4 6 749 1145 1144 
4 5 4 1144 993 
4 1000 1001 1197 889 
5 8 418 917 1076 899 
5 397 563 1192 1076 899 
5 6 397 899 8 749 
6 7 5 993 994 1000 1001 
6 889 916 417 920 994 1000 
6 417 418 8 749 1145 920 
5 7 563 1192 1197 1001 
5 13 12 1569 1565 768 
6 13 768 1209 1224 9 818 
5 9 10 1264 1265 818 
5 14 456 885 884 482 
5 9 10 457 11 1224 
6 456 457 10 1264 1240 14 
6 884 885 11 1224 1209 425 
5 425 884 482 1569 1565 
5 13 12 1241 1265 818 
4 456 457 11 885 
4 425 1209 768 1565 
6 14 482 1569 12 1241 1240 
5 435 436 1441 18 741 
4 17 436 1441 1432 
5 435 741 16 1419 1418 
6 17 1432 15 1677 1679 1674 
6 435 436 17 1674 1675 1418 
6 15 1123 1125 1180 1676 1677 
6 15 1123 1174 18 1441 1432 
5 19 1173 1125 1180 1214 
6 16 19 1173 1174 18 741 
5 16 19 1214 1317 1419 
5 20 476 628 1269 1270 
5 22 406 20 1270 1296 
5 24 23 21 1168 681 
5 25 27 1287 1291 26 
6 505 666 1514 28 1292 1288 
5 27 1196 505 1288 1287 
6 1291 1292 28 1637 1640 26 
4 33 745 464 1589 
4 538 539 32 1590 
7 29 30 32 1590 1589 464 465 
5 29 465 746 35 1088 
6 31 30 29 1088 1613 1612 
4 31 30 32 539 
6 574 575 33 1589 1590 538 
6 538 539 31 1612 1623 574 
6 34 35 746 745 33 575 
5 574 575 34 1624 1623 
5 34 35 1088 1613 1624 
6 38 543 647 646 804 803 
5 36 37 646 804 461 
5 38 512 626 460 803 
5 512 513 542 543 38 
5 39 43 40 44 877 
4 39 43 634 1426 
5 877 878 1425 1426 39 
6 40 44 1615 1614 42 606 
5 43 40 606 979 634 
6 877 878 1462 1616 1615 44 
6 878 1425 41 1431 1479 1462 
5 1159 1160 1435 1431 41 
7 634 979 1115 1159 41 1425 1426 
5 42 606 979 1115 1114 
7 42 1114 1160 1435 1480 1617 1614 
6 1569 1570 937 1618 1619 12 
6 738 937 1570 1566 1608 1609 
5 669 738 937 1618 1620 
5 48 49 669 738 1609 
6 47 46 13 12 1619 1621 
5 45 48 1609 1608 769 
5 49 47 1621 1620 669 
5 46 13 768 769 45 
5 46 45 48 49 47 
5 538 574 1496 1449 772 
6 31 539 1140 1065 1240 1264 
5 574 1496 1507 458 1623 
5 772 1141 1219 1476 1449 
5 458 680 1060 1475 1507 
6 458 680 1241 1265 1612 1623 
4 1264 1265 1612 31 
6 51 1193 1477 1647 1645 1639 
5 50 405 1205 1146 1128 
5 53 1204 1253 1647 1477 
6 50 52 962 1642 1644 1128 
6 55 54 1499 689 1325 1340 
5 54 56 57 1497 1499 
5 55 54 56 1021 1022 
5 55 1022 1540 1546 1340 
5 58 50 1128 59 424 
5 50 52 822 426 58 
5 58 424 884 425 426 
4 61 60 1642 962 
6 60 62 483 63 1644 1642 
6 60 62 1570 1566 823 61 
5 822 823 61 962 52 
6 59 63 483 482 884 424 
4 59 63 1644 1128 
6 425 426 822 823 1566 1565 
5 482 483 62 1570 1569 
6 64 65 1400 1401 1064 1063 
6 66 65 1400 1451 553 69 
4 1064 1314 1397 1401 
4 67 68 1165 1210 
6 71 72 1299 948 802 439 
5 70 824 970 947 1229 
4 73 75 793 1542 
5 74 76 601 600 77 
6 76 601 796 797 677 676 
6 80 84 81 78 771 770 
4 80 770 1090 1089 
4 81 78 85 82 
5 85 78 771 524 523 
6 83 524 771 770 1090 996 
6 80 84 555 911 1036 1089 
5 82 85 523 484 79 
5 83 459 484 523 524 
5 459 484 79 554 759 
6 82 79 554 555 84 81 
6 83 459 759 910 1035 996 
5 906 1193 51 1474 1486 
5 571 1502 1654 1657 1655 
5 51 1474 1501 1635 1639 
5 906 907 1657 1654 1486 
6 86 1068 1636 1646 1648 1452 
4 86 1068 571 1655 
6 86 1452 1478 907 1657 1655 
5 88 92 91 89 90 
6 93 92 88 1074 1636 1635 
4 90 88 1074 1680 
5 1155 1236 1645 1646 1682 
6 89 90 1680 1682 1155 94 
5 1074 1636 1646 1682 1680 
5 91 89 94 87 96 
5 96 87 1045 1044 95 
5 87 94 1155 1236 1045 
5 95 93 1635 1639 1044 
5 92 91 96 95 93 
5 427 477 988 926 662 
5 926 927 1282 1281 988 
5 970 971 1111 1112 947 
5 948 1299 1375 1675 1418 
6 17 409 978 971 1111 436 
5 947 948 1418 435 1112 
4 17 409 1356 1674 
5 97 823 1566 1608 1606 
6 67 98 426 425 1209 1210 
6 673 674 941 1417 1053 101 
6 101 673 99 1066 1226 1256 
5 100 102 478 1516 1517 
5 673 674 754 755 99 
6 104 462 651 1358 1304 789 
6 512 626 757 1187 1331 1330 
5 697 788 1331 1187 1186 
7 103 488 460 803 618 1445 1463 
4 618 651 1358 1445 
5 38 462 651 618 803 
4 460 488 757 626 
5 103 488 757 1187 1186 
5 697 1186 103 1463 1322 
5 788 789 1304 1322 697 
5 788 789 104 1330 1331 
5 38 462 104 1330 512 
7 107 105 677 676 106 732 733 
5 708 733 107 1547 1245 
6 1460 1481 1671 1669 1665 1666 
4 108 469 926 662 
6 473 474 1471 1467 1251 1233 
5 109 110 751 1571 1310 
5 528 933 1573 1571 1310 
4 528 871 1311 1310 
6 592 593 111 1311 871 870 
6 1310 1311 111 1389 1420 109 
5 113 112 1457 1458 1096 
5 114 932 1493 1494 1242 
6 114 860 976 732 1243 1242 
5 106 113 1096 1243 732 
5 115 118 471 951 785 
5 115 75 793 116 118 
6 117 73 75 115 785 905 
5 714 715 963 1280 1370 
6 471 715 963 724 904 951 
5 724 727 1279 1280 963 
6 116 714 1370 1549 1542 793 
5 544 904 951 785 905 
5 116 118 471 715 714 
7 117 73 1542 1549 1279 727 726 
4 117 726 544 905 
5 726 727 724 904 544 
5 120 846 1411 887 868 
4 119 516 404 1153 
6 119 120 868 1333 1332 1153 
5 119 120 846 121 516 
5 121 516 404 760 761 
4 123 124 414 1596 
5 123 122 1014 1410 124 
6 123 122 1582 1580 1597 1596 
4 706 861 720 1336 
6 124 414 1335 562 1409 1410 
6 562 641 721 720 1336 1335 
5 2 641 721 444 649 
5 444 649 786 1581 1625 
6 786 856 1014 122 1582 1581 
5 2 649 786 856 855 
4 1580 1585 707 1597 
5 941 1357 1551 1459 1417 
5 1357 1376 1348 1541 1551 
6 101 1053 1102 1027 1057 1056 
4 673 674 939 620 
5 101 673 620 1050 1056 
6 125 800 939 620 1050 1051 
5 125 550 1348 1376 800 
5 125 550 590 126 1051 
6 674 939 800 1376 1357 941 
5 1050 1051 126 1057 1056 
5 550 590 1026 1541 1348 
5 126 590 1026 1027 1057 
6 1026 1027 1102 1459 1551 1541 
6 43 40 127 473 474 131 
4 127 40 606 607 
6 43 131 729 728 935 634 
5 127 473 1233 498 607 
4 131 474 1471 729 
6 128 130 1467 1471 729 728 
5 129 130 128 1142 1143 
5 128 728 935 1117 1142 
6 129 1143 1183 498 1233 1251 
4 129 130 1467 1251 
6 606 607 498 1183 1184 979 
5 411 908 1194 1084 1136 
5 1194 1195 965 1216 1084 
5 132 564 490 1135 1037 
6 133 132 1037 1215 679 778 
5 410 411 1136 1135 490 
5 964 965 1216 1215 679 
4 1063 1064 1235 1667 
5 1064 1235 1518 1377 1314 
4 1124 1163 1539 1576 
4 134 71 439 596 
5 679 964 627 986 1384 
5 568 657 870 592 717 
5 21 23 135 37 36 
6 965 1195 1483 1509 1234 1252 
5 637 638 136 1006 1024 
5 137 136 1006 1082 139 
5 825 826 829 139 1082 
4 138 637 1024 1131 
5 439 596 826 825 802 
7 802 825 1082 1006 1024 1131 1228 
6 144 143 140 521 147 777 
5 140 141 1140 1141 521 
5 143 140 141 879 145 
5 146 142 144 777 1600 
6 32 539 1140 141 879 928 
4 142 145 143 144 
5 146 142 145 879 928 
4 147 521 1141 772 
5 146 928 32 1590 1600 
6 147 772 538 1590 1600 777 
6 148 149 636 476 20 648 
5 406 407 975 648 20 
6 9 150 530 625 1225 1224 
4 9 150 819 818 
4 152 547 153 602 
5 46 13 818 819 752 
5 151 153 547 921 642 
5 152 154 552 921 547 
5 156 158 830 831 157 
5 156 158 557 155 743 
5 157 156 743 653 160 
6 161 160 157 831 1059 1011 
5 506 558 711 1069 736 
5 155 159 506 558 557 
6 557 558 711 876 830 158 
5 155 159 654 653 743 
6 159 506 736 737 162 654 
5 161 160 653 654 162 
6 161 162 737 1070 1010 1011 
4 164 163 168 167 
5 167 166 1448 1447 164 
4 165 408 798 532 
5 169 171 1592 936 1085 
5 169 170 1562 1561 171 
6 103 173 170 169 1085 1186 
6 447 448 495 936 1592 1588 
5 171 1561 1587 1588 1592 
6 1137 1273 447 1588 1587 1586 
5 1137 1464 172 1560 1586 
5 173 170 1562 1560 172 
5 448 495 697 1322 1274 
5 173 172 1464 1463 103 
6 177 174 91 89 997 1293 
5 1254 1293 177 1344 1345 
5 174 91 92 179 175 
6 414 1254 1293 997 1603 1596 
4 414 1254 1345 1335 
6 176 179 175 1305 1336 706 
5 174 175 1305 1344 177 
5 89 90 1602 1603 997 
6 90 88 178 707 1597 1602 
4 178 176 706 707 
5 178 176 179 92 88 
4 180 700 1169 1152 
5 1269 1295 1670 1669 1665 
5 595 682 955 686 687 
5 157 160 820 580 526 
5 182 181 156 157 526 
5 78 744 631 968 771 
5 181 156 743 744 631 
5 85 78 744 743 653 
5 523 524 184 580 820 
5 85 523 820 160 653 
5 184 183 182 526 580 
5 183 182 181 631 968 
5 184 183 968 771 524 
6 185 187 1270 1296 1678 1676 
5 186 189 1317 1673 566 
4 188 185 1676 1180 
6 188 185 187 556 665 839 
5 189 865 945 1214 1317 
5 188 839 945 1214 1180 
6 186 189 865 799 975 407 
5 406 407 186 566 22 
5 187 556 648 20 1270 
5 22 566 1673 1678 1296 
5 61 823 97 1108 1107 
6 31 30 1090 1089 10 1264 
5 29 30 1090 770 969 
6 80 190 150 9 10 1089 
6 80 190 828 827 969 770 
6 190 150 819 518 814 828 
5 815 827 969 29 1088 
6 818 819 518 1613 1612 1265 
5 814 815 1088 1613 518 
4 39 43 131 643 
6 667 935 634 1426 1427 1334 
6 191 192 667 935 728 493 
5 192 667 1334 1453 1454 
6 131 643 1172 1171 492 729 
5 492 493 191 1129 1171 
5 191 192 1454 1408 1129 
7 39 643 1172 1407 1394 1427 1426 
5 197 429 1308 576 944 
5 193 194 429 1308 1306 
7 107 576 1308 1306 196 1548 1547 
4 196 195 193 1306 
6 107 105 1178 1177 944 576 
5 198 58 424 764 683 
6 200 198 683 1023 782 499 
5 200 198 58 426 98 
5 201 199 782 1023 1040 
5 763 764 683 1023 1040 
6 68 499 782 199 1225 1165 
5 201 199 1225 1224 11 
5 67 98 200 499 68 
5 201 11 885 763 1040 
6 203 709 912 712 1290 1086 
5 203 204 202 1087 1086 
6 191 204 203 709 1 1129 
4 191 204 202 493 
6 492 493 202 1087 999 205 
6 206 207 886 854 967 1077 
5 1064 1235 1398 1103 1401 
5 399 853 1421 1436 1668 
5 853 967 1077 1422 1421 
6 64 1063 1667 1668 1436 1437 
6 64 65 206 1077 1422 1437 
5 207 886 1103 1401 1400 
4 206 207 1400 65 
6 399 1388 1398 1235 1667 1668 
6 208 209 1305 175 724 727 
6 698 699 428 1498 1500 608 
7 428 501 1109 966 57 1497 1498 
5 213 210 698 608 598 
5 210 211 605 699 698 
5 213 210 211 215 214 
4 501 604 1110 1109 
6 215 211 605 604 1110 973 
5 428 501 604 605 699 
6 54 56 212 214 213 598 
5 54 598 608 1500 1499 
5 56 212 972 966 57 
5 214 215 973 972 212 
5 217 221 223 222 216 
7 216 217 218 219 1536 1538 1444 
5 222 216 1444 1443 220 
5 222 220 671 537 223 
6 663 671 220 1443 1406 1158 
5 104 224 1003 1007 789 
5 1002 1144 4 1341 1181 
6 224 225 1199 1181 1002 1003 
5 429 430 226 1309 1308 
6 6 226 1309 1331 788 749 
5 193 194 633 1199 225 
6 225 193 1306 1330 104 224 
5 429 430 1349 633 194 
6 6 226 430 1349 1341 4 
5 228 431 573 408 798 
5 227 228 431 432 1266 
6 431 432 894 1244 1277 573 
4 72 880 1375 1299 
5 581 708 1245 1246 758 
4 581 708 977 1283 
5 663 664 930 929 1158 
4 691 929 1158 1406 
4 220 231 1175 1443 
6 481 691 1406 1443 1175 1176 
5 230 231 220 671 672 
6 232 229 230 672 664 930 
5 229 230 231 1175 1176 
5 232 481 691 929 930 
4 232 229 1176 481 
4 239 238 779 549 
6 236 239 549 875 1042 1043 
5 237 779 549 875 874 
6 233 234 1073 1170 1312 1319 
6 234 235 238 239 236 1073 
4 233 234 235 509 
6 235 238 779 237 508 509 
5 874 875 1042 1048 1049 
5 237 508 1203 1049 874 
4 236 1043 1170 1073 
6 508 509 233 1319 1318 1203 
6 1042 1043 1170 1312 1313 1048 
5 82 85 653 654 587 
6 81 82 587 586 1215 1037 
5 679 1215 586 1385 1384 
6 81 78 744 773 132 1037 
7 155 159 1387 1386 778 133 774 
4 133 132 773 774 
6 586 587 654 159 1387 1385 
5 743 744 773 774 155 
5 631 650 872 773 744 
5 181 631 650 240 1211 
5 181 156 158 1033 1211 
4 714 848 1554 1370 
5 796 797 1178 1177 1392 
5 241 682 595 1302 1257 
5 101 1056 241 1257 1256 
5 620 673 99 1031 991 
5 988 1031 99 1066 1281 
6 469 527 991 1031 988 926 
5 469 527 956 955 686 
5 527 956 1050 620 991 
6 241 682 955 956 1050 1056 
6 595 687 927 1282 1301 1302 
6 674 754 1438 242 940 939 
5 801 864 897 242 940 
5 800 801 864 1377 1376 
6 97 1108 1124 1163 1607 1606 
4 93 480 1501 1635 
5 243 245 111 1389 1067 
5 244 243 245 246 753 
5 196 195 603 542 513 
4 196 513 1249 1548 
5 246 245 111 593 440 
5 248 247 249 866 867 
5 436 1111 1429 1442 1441 
6 494 1408 1454 1442 1429 1433 
5 971 1030 1433 1429 1111 
6 17 409 1259 1394 1453 1432 
6 579 863 1185 1259 409 978 
5 494 862 582 1030 1433 
5 579 582 1030 971 978 
6 254 250 621 622 1491 1260 
4 250 621 1099 1041 
5 254 250 1041 1040 763 
6 252 251 684 683 764 567 
4 251 253 507 684 
5 252 251 253 622 1491 
6 253 507 1100 1099 621 622 
4 252 567 1260 1491 
5 763 764 567 1260 254 
7 460 461 1169 1152 437 489 488 
5 21 36 461 1169 1168 
6 58 50 405 256 257 198 
5 200 198 257 255 258 
4 259 139 137 1182 
7 552 553 914 259 1182 1200 154 
5 259 139 829 597 914 
5 260 69 553 914 597 
5 490 491 530 625 410 
4 265 264 953 833 
7 264 266 28 1637 1638 262 953 
5 262 261 263 833 953 
6 265 833 263 882 1568 1567 
5 261 263 882 883 661 
5 262 261 661 1641 1638 
5 882 883 26 1291 1568 
5 264 266 1130 1567 265 
5 661 883 26 1640 1641 
4 266 28 1292 1130 
5 141 267 412 1065 1140 
4 14 412 1065 1240 
4 10 457 1036 1089 
5 14 412 267 722 456 
5 30 32 928 996 1090 
5 141 267 722 931 879 
6 227 268 658 659 1230 1266 
5 757 758 581 1231 1187 
6 1231 1232 702 1272 1283 581 
5 434 892 702 1272 1271 
5 103 173 806 489 488 
4 173 170 805 806 
5 169 170 805 434 892 
5 702 892 169 1085 1232 
7 805 806 489 1138 1284 1271 434 
5 274 270 273 943 841 
6 273 269 403 402 942 943 
4 272 3 589 455 
5 613 614 1681 745 33 
6 269 271 614 1681 1683 403 
4 402 403 1683 734 
4 273 269 271 270 
7 455 464 745 1681 1683 734 589 
6 272 3 942 943 841 1601 
5 274 270 271 614 613 
6 33 613 274 841 1601 1589 
5 272 455 464 1589 1601 
6 275 736 1069 835 1188 1189 
4 275 736 506 1339 
5 113 76 601 276 1096 
5 112 780 479 1456 1457 
5 74 76 113 112 780 
6 102 77 74 780 479 478 
5 100 600 601 276 1517 
5 478 479 1456 1455 1516 
6 276 1096 1458 1455 1516 1517 
4 100 102 77 600 
6 145 730 790 783 931 879 
5 452 783 790 277 858 
5 278 277 790 730 731 
5 83 279 146 928 996 
5 146 142 813 1227 279 
6 142 145 730 731 812 813 
5 278 668 1393 812 731 
6 459 759 857 668 1393 1423 
5 83 279 1227 1423 459 
5 278 277 858 857 668 
5 452 783 931 1035 910 
4 859 1238 1206 1261 
5 1015 1161 639 1415 1378 
5 639 640 400 974 1415 
5 280 400 640 859 1261 
6 280 1261 1206 1538 1536 1649 
5 1361 1378 1015 1537 1535 
6 1015 1161 1238 1206 1538 1537 
5 1361 1378 1415 974 1652 
5 280 400 974 1652 1649 
6 442 443 1016 1679 1674 1356 
5 281 437 1152 180 577 
6 564 565 873 872 773 132 
5 631 650 827 969 968 
6 80 190 491 490 1135 84 
5 190 491 565 873 828 
4 84 81 1037 1135 
5 126 646 804 619 1051 
6 618 619 1051 125 652 651 
5 462 463 282 543 38 
5 282 543 647 591 551 
6 282 463 652 125 550 551 
5 590 591 647 646 126 
6 283 401 1519 1522 690 1381 
6 164 163 284 1634 1632 794 
5 164 794 1614 1617 1447 
5 285 837 1546 1340 1095 
5 837 1190 1466 1545 1546 
5 286 55 54 598 599 
5 286 599 588 630 629 
4 689 690 1522 1325 
5 283 401 630 588 441 
5 283 441 609 1382 1381 
4 608 609 1382 1500 
5 286 55 1340 1095 629 
5 629 630 401 1519 1095 
6 689 690 1381 1382 1500 1499 
5 1122 1179 1203 508 1212 
5 70 824 1154 1122 1179 
6 197 287 791 1373 1347 944 
6 541 791 1373 1372 1469 1487 
4 287 288 541 791 
4 288 416 1487 541 
5 289 291 185 187 290 
5 289 291 535 1481 1460 
4 290 289 1460 1666 
6 187 290 1666 1665 1269 1270 
4 536 1016 1679 1677 
6 535 536 1016 1672 1671 1481 
6 291 185 1676 1677 536 535 
5 449 450 285 1095 629 
5 629 630 292 1166 449 
6 293 747 1278 294 1346 1359 
5 165 408 573 748 486 
5 293 295 486 748 747 
5 712 713 294 1278 1290 
5 485 583 891 1156 1424 
5 583 821 1054 843 891 
6 272 279 83 524 184 455 
5 184 455 589 961 580 
6 484 485 583 821 820 523 
6 272 279 1227 1157 844 3 
6 296 762 1081 1660 1659 1355 
4 242 545 1520 1438 
5 762 897 1208 1237 1081 
6 545 546 296 762 897 242 
4 296 546 1574 1355 
5 958 959 297 999 205 
5 209 453 720 1336 1305 
5 297 894 1244 1289 999 
5 110 751 1630 1629 776 
5 298 453 720 861 775 
5 750 751 1630 1625 444 
4 561 735 659 1230 
5 299 208 727 1279 644 
4 300 1455 1516 1523 
5 268 658 1188 835 836 
7 305 809 1137 1464 1446 1543 1552 
6 301 302 1543 1552 605 699 
5 496 497 698 699 301 
5 303 466 1583 1586 1560 
5 304 302 301 496 578 
4 304 302 1543 1446 
5 303 466 210 698 497 
4 809 1137 1586 1583 
4 305 211 605 1552 
6 496 497 303 1560 172 578 
6 305 211 210 466 1583 809 
5 172 578 304 1446 1464 
5 149 572 984 918 636 
5 569 1097 1198 1157 1156 
5 812 813 889 1000 307 
6 307 308 1521 1534 1393 812 
5 569 1156 1424 1533 1532 
5 308 306 655 1531 1521 
6 306 655 1097 1198 1197 1001 
5 655 1097 569 1532 1531 
5 308 306 1001 1000 307 
6 813 889 1197 1198 1157 1227 
5 484 485 422 703 79 
6 204 202 422 485 1424 1533 
6 202 422 703 128 728 493 
5 191 204 1533 1534 192 
5 667 668 1393 1534 192 
5 554 759 857 1117 1142 
5 79 554 1142 128 703 
5 667 668 857 1117 935 
6 311 309 660 312 510 511 
4 313 312 660 1162 
5 311 309 694 693 310 
6 309 660 1162 1161 639 694 
5 693 694 639 1415 1416 
6 310 315 1116 1390 1416 693 
5 311 310 315 314 511 
5 692 1015 1378 1391 1148 
5 313 312 510 1080 1079 
6 1079 1080 316 1149 1148 692 
6 692 1015 1161 1162 313 1079 
5 314 315 1116 1149 316 
5 314 316 1080 510 511 
6 124 414 1254 1255 1218 1202 
5 1201 1202 124 1410 1380 
6 458 680 1619 1621 1599 849 
6 787 1508 850 1572 1610 1604 
4 467 685 787 1604 
5 685 787 1508 1507 1475 
6 317 467 685 1475 1060 529 
5 317 318 1610 1604 467 
6 318 950 1591 1598 1572 1610 
5 849 850 1572 1598 1599 
5 317 318 950 957 529 
6 5 4 1341 1342 1091 1092 
5 319 320 993 1144 1002 
6 259 139 1082 1083 320 319 
5 319 259 1182 1181 1002 
5 320 993 5 1092 1083 
4 136 1006 1091 1342 
6 137 136 1342 1341 1181 1182 
5 508 509 1369 321 1212 
5 321 322 1164 1368 1369 
5 325 1113 1470 1488 1326 
6 247 249 1005 324 612 845 
7 324 612 1470 1488 323 1504 1503 
6 249 866 1038 1505 1495 1005 
4 612 845 1113 1470 
5 323 475 1028 1506 1504 
4 324 1005 1495 1503 
5 323 475 1327 1326 1488 
6 325 248 867 840 1327 1326 
5 325 248 247 845 1113 
5 475 1028 1039 840 1327 
5 481 1079 313 1126 1176 
6 413 632 1175 1443 1444 1207 
5 691 692 1015 1537 1406 
6 413 632 1126 313 1162 1239 
4 809 810 816 305 
5 215 211 305 816 817 
5 213 317 467 466 210 
5 213 214 326 529 317 
5 326 529 1060 1220 704 
6 809 810 1219 1476 1584 1583 
5 214 326 704 817 215 
6 816 817 704 1220 1219 810 
5 922 1120 1139 1052 1510 
4 498 607 1120 922 
6 528 871 1166 292 934 933 
6 498 922 1510 1509 1234 1233 
5 327 328 805 170 1562 
6 327 656 855 856 1561 1562 
4 171 1014 856 1561 
4 0 328 327 656 
6 169 171 1014 1410 1380 892 
5 0 328 805 434 433 
4 329 413 632 1285 
5 41 1159 329 1285 1316 
4 330 1316 41 1431 
5 222 216 1492 1160 1435 
6 329 413 1207 1492 1160 1159 
6 330 231 1175 632 1285 1316 
6 330 231 220 222 1435 1431 
4 1207 1444 216 1492 
4 113 76 676 106 
5 331 223 221 166 1448 
5 331 332 333 537 223 
5 298 299 208 209 453 
4 176 179 963 1280 
4 175 179 963 724 
7 176 706 861 775 644 1279 1280 
4 298 299 644 775 
6 326 335 62 483 705 704 
4 335 62 60 334 
5 63 280 400 705 483 
5 63 280 1649 1651 1644 
6 215 817 974 1652 1653 973 
6 334 60 1642 1643 972 212 
5 972 973 1653 1650 1643 
5 326 335 334 212 214 
6 741 742 895 675 1112 435 
4 514 675 895 725 
5 306 655 725 895 742 
5 308 18 1441 1442 1521 
5 308 306 742 741 18 
5 1429 1430 1531 1521 1442 
5 514 725 655 1531 1430 
5 109 110 776 1017 1420 
5 1571 1572 850 1630 751 
5 1310 1311 1598 1572 1571 
5 245 111 1311 1598 1599 
6 243 245 1599 849 454 421 
5 243 421 723 1018 1067 
6 723 756 1629 776 1017 1018 
5 300 1455 1458 1494 1529 
6 415 719 1360 1363 1164 1368 
4 336 515 1070 1010 
5 337 514 675 338 1222 
5 337 514 1430 1434 594 
5 70 1179 1258 1132 1229 
6 338 675 1112 947 1229 1132 
6 594 1122 1154 1030 1433 1434 
6 337 594 1122 1179 1258 1222 
4 338 1132 1258 1222 
6 1 494 1433 1434 808 709 
5 321 322 913 807 339 
5 321 339 594 1122 1212 
5 339 594 1434 808 807 
6 344 341 404 1153 1505 1038 
5 559 560 854 967 1061 
5 341 342 340 760 404 
4 344 341 342 343 
4 56 212 334 1021 
6 286 55 1022 938 957 950 
5 335 334 1021 1022 938 
5 326 335 938 957 529 
4 286 599 318 950 
5 317 318 599 598 213 
6 261 661 1333 1332 1495 1503 
6 262 261 1503 324 445 446 
6 397 525 792 1047 1150 563 
5 525 792 834 1403 1402 
6 1402 1403 265 1567 1558 900 
4 833 834 1403 265 
5 263 882 1395 1151 1046 
6 1118 1366 1395 882 1568 1559 
6 833 834 792 1047 1046 263 
6 899 900 1558 1559 1118 1076 
7 337 514 725 925 119 516 517 
6 344 341 517 337 1222 1223 
6 924 925 119 1153 1505 1506 
5 345 896 924 1506 1028 
4 1038 1039 1223 344 
6 338 345 1028 1039 1223 1222 
4 341 404 516 517 
5 338 345 896 895 675 
5 556 665 206 1077 1078 
4 556 648 148 1078 
6 66 65 206 665 799 346 
5 347 507 253 795 1121 
6 347 398 923 922 1120 1121 
5 253 622 1114 42 795 
6 349 621 1099 348 1183 1184 
4 347 398 1100 507 
4 349 1115 979 1184 
5 922 923 348 1183 498 
5 398 923 348 1099 1100 
6 606 607 1120 1121 795 42 
5 621 622 1114 1115 349 
5 315 1116 1343 1358 1304 
5 310 315 1304 1322 1274 
5 350 693 310 1274 1273 
5 350 693 1416 816 810 
6 305 816 1416 1390 1553 1552 
5 809 810 350 1273 1137 
4 159 506 1339 1387 
5 138 637 1307 1019 1020 
5 637 638 1221 1320 1307 
5 48 351 1013 1607 1609 
6 351 352 540 1191 1012 1013 
4 48 351 352 49 
5 49 352 540 838 669 
6 669 738 1540 1546 837 838 
5 1190 1191 1012 1465 1466 
5 610 611 276 1517 1511 
6 276 601 796 1392 1413 611 
4 353 357 356 355 
6 256 357 353 1127 1205 405 
6 1011 1059 53 1204 1490 1485 
6 354 336 1010 1011 1485 1484 
6 147 521 350 1273 447 531 
5 350 521 1141 1219 810 
4 447 531 1594 1588 
5 147 531 1594 1449 772 
6 1449 1476 1584 1587 1588 1594 
6 741 742 981 1092 1083 16 
5 802 825 1419 1418 948 
5 1082 1083 16 1419 825 
5 345 896 980 995 1025 
6 338 345 1025 1024 1131 1132 
5 895 896 980 981 742 
5 470 678 952 358 716 
5 427 428 501 500 477 
7 348 901 1084 1194 1528 1564 923 
4 348 901 1143 1183 
5 901 1084 1216 129 1143 
5 965 1216 129 1251 1252 
6 331 332 1461 1482 1479 1480 
5 1447 1448 331 1480 1617 
4 197 287 430 429 
5 288 416 1275 1276 1350 
5 287 288 1350 1349 430 
6 240 548 739 815 827 650 
5 702 767 114 860 1272 
5 114 767 1201 1105 932 
5 702 767 1201 1380 892 
5 840 851 1019 1307 1327 
5 359 830 158 1033 1034 
5 323 890 1047 1046 1504 
5 323 475 1025 995 890 
5 924 1151 1046 1504 1506 
4 475 1025 345 1028 
5 896 924 1151 1150 980 
5 980 995 890 1047 1150 
6 144 143 309 311 417 916 
5 309 143 145 730 660 
5 142 144 916 889 813 
4 360 307 812 731 
6 360 361 635 994 1000 307 
6 312 361 360 731 730 660 
4 311 417 920 511 
4 312 361 635 510 
5 296 762 989 1148 1391 
5 296 1355 1361 1378 1391 
6 929 1104 1081 1660 1661 1158 
6 691 692 1148 989 1104 929 
4 762 989 1104 1081 
6 362 438 1004 832 627 986 
5 364 747 1278 1290 1086 
5 585 807 913 1363 1360 
6 293 781 847 585 1360 1359 
4 294 713 1364 1346 
4 203 709 808 893 
6 807 808 893 570 847 585 
6 364 363 570 893 203 1086 
5 364 363 781 293 747 
4 363 570 847 781 
4 367 368 1008 898 
5 366 367 898 365 522 
6 270 273 1559 1558 688 487 
6 273 269 1287 1291 1568 1559 
5 365 487 688 1008 898 
6 688 1008 368 1130 1567 1558 
6 269 271 522 366 1288 1287 
6 367 368 1130 1292 1288 366 
5 270 271 522 365 487 
6 871 1166 449 1591 1598 1311 
5 449 629 286 950 1591 
5 933 934 369 1611 1573 
5 369 588 630 292 934 
6 369 588 599 318 1610 1611 
6 421 454 1624 1613 518 519 
5 34 451 756 454 1624 
6 421 519 468 740 1556 723 
4 372 371 370 1557 
6 370 451 756 723 1556 1557 
5 739 740 1556 1557 372 
6 35 371 372 739 815 1088 
5 371 370 451 34 35 
4 518 519 468 814 
5 340 415 719 761 760 
6 559 560 664 672 472 1133 
5 333 472 672 671 537 
4 240 548 1656 1211 
6 372 571 1655 1656 548 739 
5 29 465 183 968 969 
7 86 182 183 465 746 1075 1068 
6 182 181 1211 1656 1655 86 
4 35 371 1075 746 
5 372 371 1075 1068 571 
6 266 28 1514 1515 373 419 
6 373 419 695 610 1511 1524 
6 264 695 610 1353 1351 953 
4 262 446 1351 953 
5 754 755 1513 1520 1438 
4 264 266 419 695 
5 541 890 323 1488 1487 
6 416 1275 1321 1326 1488 1487 
7 288 541 890 995 1091 1342 1350 
6 136 638 1221 1276 1350 1342 
6 1024 1025 475 1327 1307 637 
6 302 527 991 992 1544 1543 
5 304 302 527 956 701 
5 651 652 374 1343 1358 
5 619 701 956 1050 1051 
5 374 652 125 800 801 
6 374 801 940 992 1544 1343 
6 618 619 701 304 1446 1445 
6 550 551 151 642 1315 1348 
5 830 831 1478 907 359 
5 831 1059 53 1477 1478 
5 267 412 705 400 640 
6 141 267 640 639 694 140 
5 140 521 350 693 694 
5 1052 1071 852 1563 1510 
5 242 545 710 992 940 
5 99 755 1513 1032 1031 
5 545 710 1032 1513 1520 
6 321 339 517 341 342 1369 
5 340 342 1369 1368 415 
6 516 517 339 807 585 121 
5 121 585 1360 719 761 
4 322 913 1363 1164 
6 376 375 327 656 623 624 
4 377 376 375 1383 
6 378 201 11 457 1036 911 
6 201 199 411 1136 902 378 
4 190 150 530 491 
5 84 555 902 1136 1135 
4 555 902 378 911 
5 410 411 199 1225 625 
5 165 486 1484 354 532 
5 353 380 379 381 1127 
5 353 355 168 167 380 
4 379 217 218 381 
6 380 379 217 221 166 167 
5 295 486 1484 1489 520 
5 476 628 1119 918 636 
5 984 985 1134 1062 572 
5 148 149 572 1062 1078 
5 985 1134 290 1666 1664 
6 187 290 1134 1062 1078 556 
5 611 1247 1323 1347 1413 
5 276 611 1247 1243 1096 
5 576 944 1347 1323 1324 
4 105 677 797 1178 
4 107 576 1324 733 
6 732 733 1324 1323 1247 1243 
5 723 1018 1365 1555 1556 
7 370 178 176 1280 1370 1554 1557 
5 370 178 707 1585 451 
6 225 152 602 603 195 193 
5 224 225 152 547 382 
5 224 382 463 462 104 
5 282 153 547 382 463 
6 282 153 602 603 542 543 
5 512 513 196 1306 1330 
5 250 452 858 349 621 
5 622 1114 1160 1492 1491 
6 329 277 858 349 1115 1159 
5 329 277 790 1239 413 
5 254 250 452 783 784 
5 254 784 859 1261 1260 
5 914 915 383 1451 553 
5 383 384 385 1450 1451 
6 383 384 1003 1002 319 915 
5 224 382 385 384 1003 
5 152 154 1200 1199 225 
4 319 259 914 915 
5 382 385 1450 921 547 
5 422 423 584 583 485 
5 388 387 1094 423 584 
6 387 162 654 587 1093 1094 
5 82 79 703 1093 587 
5 386 388 584 583 821 
5 386 161 162 387 388 
5 161 160 820 821 386 
4 786 787 1508 1581 
5 1579 1582 122 1593 1595 
5 171 1014 122 1593 1592 
7 786 787 685 1584 1587 1561 856 
5 533 534 241 1056 1057 
4 973 1110 1575 1653 
5 389 470 716 666 505 
5 389 94 1155 1196 505 
5 24 534 241 682 681 
5 24 23 135 533 534 
6 135 37 646 126 1057 533 
6 700 701 619 804 461 1169 
6 1523 1524 373 1525 1529 300 
6 358 952 1526 1525 373 1515 
5 184 183 465 464 455 
5 272 279 146 1600 1601 
5 423 584 364 1086 1087 
4 422 423 1087 202 
4 569 570 893 1532 
5 203 204 1533 1532 893 
5 364 363 891 583 584 
5 569 570 363 891 1156 
4 285 450 838 837 
5 937 938 1022 1540 738 
6 449 450 838 669 1620 1591 
4 937 938 957 1618 
6 390 257 255 811 616 617 
6 357 356 670 1628 617 390 
4 357 390 257 256 
6 391 369 1611 1605 376 377 
4 376 624 1101 1605 
5 844 909 1367 1198 1157 
5 144 777 842 917 916 
6 841 842 917 1076 1118 943 
4 33 575 1578 613 
6 613 614 1602 1597 1580 1578 
6 371 370 178 88 1074 1075 
5 90 1602 614 1681 1680 
6 34 451 1585 1580 1578 575 
6 1323 1347 1373 834 1403 1439 
4 1352 1354 1414 1372 
6 265 264 695 1297 1439 1403 
7 833 834 1373 1372 1352 1351 953 
6 1242 1298 420 1525 1529 1494 
5 368 420 1298 1009 1008 
5 114 767 1009 1298 1242 
6 367 368 420 1525 1526 502 
5 367 502 1218 1202 898 
5 932 1105 1217 1473 1493 
6 1217 1218 502 1526 1530 1473 
6 63 280 1261 1260 567 59 
6 456 722 784 254 763 885 
5 14 412 705 483 482 
5 267 640 859 784 722 
4 59 424 764 567 
5 352 540 568 717 718 
4 688 949 900 1558 
5 419 420 368 1130 266 
5 900 949 1213 1440 1402 
6 1009 1213 1440 1439 1297 1298 
6 372 571 1502 848 1554 1557 
6 386 821 1054 1055 1490 1485 
5 157 526 1452 1478 831 
4 386 161 1011 1485 
6 526 580 961 1268 1648 1452 
5 1204 1253 1267 1055 1490 
6 179 92 93 480 715 963 
4 794 795 42 1614 
4 794 795 1121 1632 
4 391 369 588 441 
5 375 303 497 1362 1383 
7 376 375 303 466 467 1604 1605 
6 391 377 1383 1362 609 441 
5 608 609 1362 497 698 
6 901 902 378 1041 1099 348 
6 250 452 910 911 378 1041 
5 857 858 349 1184 1117 
6 554 555 902 901 1143 1142 
5 574 575 1578 1579 1496 
4 147 531 842 777 
6 841 842 531 1594 1595 274 
5 274 613 1578 1579 1595 
5 869 888 909 1367 1396 
5 363 781 1412 843 891 
5 868 869 1396 1098 120 
7 569 570 847 846 120 1098 1097 
4 258 255 811 1029 
4 378 201 1040 1041 
5 385 919 990 1397 1450 
5 864 990 1397 1314 1377 
5 374 801 864 990 919 
6 382 385 919 374 652 463 
4 282 153 151 551 
4 324 445 696 612 
5 219 1147 1651 1649 1536 
7 379 252 567 59 1128 1146 381 
6 379 217 216 1492 1491 252 
5 218 381 1146 1147 219 
4 419 420 1525 373 
4 244 243 421 519 
5 454 849 458 1623 1624 
5 47 46 752 753 246 
5 246 47 1621 1599 245 
4 12 1241 680 1619 
6 518 519 244 753 752 819 
5 365 123 124 1202 898 
5 365 123 1596 1603 522 
5 502 960 1294 1255 1218 
5 366 367 502 960 998 
5 366 522 1603 997 998 
5 389 470 678 960 998 
5 389 94 89 997 998 
6 734 1268 1648 1646 1682 1683 
6 27 403 1683 1682 1155 1196 
5 25 27 403 402 615 
5 1055 1405 520 1489 1490 
4 381 1127 1205 1146 
6 612 696 1352 1372 1469 1470 
6 332 333 472 289 1460 1461 
5 330 231 230 291 535 
5 291 230 672 472 289 
5 223 222 1435 1480 331 
6 330 535 1481 1482 1479 1431 
4 309 143 140 694 
5 297 959 987 982 983 
6 297 983 1094 423 1087 999 
6 205 492 729 1471 1472 958 
5 128 130 954 1093 703 
6 130 954 982 987 1468 1467 
6 173 172 578 577 281 806 
4 281 437 489 806 
6 577 578 304 701 700 180 
5 290 289 472 1133 1134 
5 1308 1309 1303 1324 576 
5 1187 1231 1303 1309 1331 
6 581 708 733 1324 1303 1231 
6 540 568 657 1167 450 838 
6 246 47 49 352 718 440 
6 25 26 883 869 888 615 
4 273 943 1118 1559 
5 882 883 869 1396 1395 
4 269 403 27 1287 
5 229 188 185 291 230 
6 229 188 1180 1125 1126 1176 
4 15 1123 1286 1338 
5 1337 1338 15 1677 536 
5 535 536 1337 1316 330 
6 347 617 1628 1634 1632 1121 
5 347 398 1328 616 617 
4 398 923 1564 1328 
6 852 903 616 1328 1564 1563 
5 301 302 527 469 108 
5 444 649 1101 1106 750 
5 623 624 1101 649 2 
5 186 189 826 596 134 
5 189 826 829 597 865 
4 908 1194 1528 1371 
5 346 260 597 865 799 
4 6 226 525 397 
6 226 525 1402 1440 1303 1309 
5 8 495 697 788 749 
6 8 495 936 949 900 899 
5 314 315 1304 789 1007 
5 384 316 1149 919 385 
5 314 316 384 1003 1007 
5 374 919 1149 1116 1343 
5 342 343 233 509 1369 
5 1061 1062 1134 1133 559 
6 296 546 881 1553 1390 1391 
5 710 881 1553 1544 992 
4 545 546 881 710 
5 850 1508 1581 1625 1630 
6 765 766 383 1451 1400 207 
5 232 765 207 886 930 
6 232 481 1079 1080 766 765 
5 383 384 316 1080 766 
6 989 990 1397 1401 1103 1104 
6 443 503 1428 1337 536 1016 
5 41 1316 1337 1428 1425 
5 825 826 189 1317 1419 
5 392 320 319 915 946 
5 392 320 1083 16 19 
5 392 19 1214 945 946 
5 335 62 1570 937 938 
6 334 60 61 1107 1577 1021 
5 206 207 765 839 665 
4 260 69 66 346 
4 383 766 946 915 
5 227 268 836 515 228 
6 354 336 515 228 798 532 
6 356 355 168 163 284 670 
5 702 767 1009 1213 1232 
6 510 635 392 946 766 1080 
5 229 188 839 765 232 
6 312 361 1173 1125 1126 313 
5 392 19 1173 361 635 
5 392 320 993 994 635 
5 314 511 920 1145 1007 
6 311 310 1274 448 418 417 
6 447 448 418 917 842 531 
6 616 811 1029 1072 1329 1328 
5 347 507 684 390 617 
5 258 200 499 1072 1029 
4 499 782 1329 1072 
5 390 257 198 683 684 
5 389 505 1288 366 998 
5 271 522 1603 1602 614 
4 86 182 526 1452 
5 359 907 1657 1658 1034 
5 261 263 1046 1504 1503 
4 791 792 834 1373 
5 375 303 1560 1562 327 
7 138 1020 1313 1318 1258 1132 1131 
6 840 851 1312 1319 1223 1039 
4 7 5 1092 981 
5 7 563 1150 980 981 
6 226 430 287 791 792 525 
6 360 731 278 1286 1123 1174 
5 329 277 278 1286 1285 
4 360 361 1173 1174 
6 301 108 662 427 428 699 
5 666 716 358 1515 1514 
5 678 952 1526 502 960 
5 306 742 981 7 1001 
5 308 18 1174 360 307 
6 395 393 432 1266 1230 561 
6 394 431 228 515 1070 737 
5 275 395 561 735 1189 
4 393 394 431 432 
6 395 393 394 737 736 275 
6 924 925 1098 1396 1395 1151 
4 121 585 847 846 
6 293 295 520 1405 1412 781 
6 129 130 954 586 1215 1216 
6 386 388 748 486 1484 1485 
5 364 584 388 748 747 
4 337 517 339 594 
5 343 344 1223 1319 233 
5 442 504 1259 409 1356 
5 15 1338 1334 1453 1432 
6 487 688 949 936 1592 1593 
5 365 123 122 1593 487 
5 274 270 487 1593 1595 
6 353 357 390 684 251 380 
4 284 670 1628 1634 
7 164 167 380 251 253 795 794 
6 134 71 72 880 566 186 
6 500 501 604 881 710 1032 
4 252 251 380 379 
5 586 954 982 396 1385 
5 396 362 438 987 982 
5 396 362 986 1384 1385 
6 604 881 546 1574 1575 1110 
5 868 869 883 661 1333 
4 119 120 1098 925 
6 667 668 278 1286 1338 1334 
5 192 1454 1442 1521 1534 
6 808 893 1532 1531 1430 1434 
5 560 664 930 886 854 
6 199 411 908 1371 1329 782 
4 387 162 737 394 
6 387 394 431 573 748 388 
5 387 394 393 983 1094 
5 393 432 894 297 983 
4 8 418 448 495 
5 395 396 982 983 393 
6 275 395 396 1385 1387 1339 
5 397 525 1402 900 899 
5 763 764 424 884 885 
6 782 1023 1100 398 1328 1329 
5 399 853 967 854 1388 
5 1242 1243 1096 1458 1494 
5 704 705 400 974 817 
4 1475 1476 1584 685 
4 632 1126 1176 1175 
5 706 707 1585 1626 861 
6 610 611 1413 1414 1354 1353 
5 409 978 1248 1374 1356 
5 704 705 412 1065 1220 
6 783 784 859 1238 1239 790 
5 660 730 790 1239 1162 
5 1206 1207 413 1239 1238 
7 706 707 1597 1596 414 1335 1336 
5 775 776 1629 1626 861 
5 1449 1496 1579 1595 1594 
4 417 418 917 916 
5 419 420 1298 1297 695 
5 610 611 1247 1297 695 
4 421 454 756 723 
6 503 504 1259 1394 1427 1428 
5 422 423 1094 1093 703 
5 433 434 892 1380 1379 
4 435 436 1111 1112 
4 438 987 1468 1004 
5 592 593 440 718 717 
6 441 588 599 598 608 609 
5 947 948 1299 1300 970 
4 442 443 503 504 
5 1017 1018 1365 1550 645 
6 720 721 444 1625 1626 861 
5 445 446 1351 1352 696 
4 447 448 1274 1273 
4 449 450 1167 1166 
5 451 756 1629 1626 1585 
5 857 858 452 910 759 
4 783 784 722 931 
6 454 756 1629 1630 850 849 
6 456 457 1036 1035 931 722 
6 681 682 955 700 1169 1168 
5 849 850 1508 1507 458 
5 484 485 1424 1423 459 
4 460 461 804 803 
4 462 463 652 651 
5 958 959 987 1468 1472 
4 464 465 746 745 
5 466 467 685 1584 1583 
5 655 725 925 1098 1097 
5 1116 1343 1544 1553 1390 
5 739 740 468 814 815 
5 686 687 927 926 469 
5 644 645 1017 776 775 
5 477 500 1032 1031 988 
5 627 832 1252 965 964 
5 628 1119 1663 1665 1269 
5 566 880 1375 1675 1673 
6 714 715 480 1501 1502 848 
4 691 692 1079 481 
5 510 511 920 994 635 
5 488 489 1138 758 757 
6 864 897 1208 1512 1518 1377 
4 490 491 565 564 
4 492 493 728 729 
6 862 863 1185 1407 1408 494 
5 495 697 1186 1085 936 
5 788 789 1007 1145 749 
5 757 758 1246 1250 626 
5 683 684 507 1100 1023 
5 644 645 1550 1549 1279 
6 1539 1540 738 1609 1607 1163 
5 768 769 1608 1566 1565 
6 745 746 1075 1074 1680 1681 
5 512 513 1249 1250 626 
6 514 675 1112 1111 1429 1430 
5 835 836 515 1070 1069 
6 529 957 1618 1619 680 1060 
5 864 897 762 989 990 
4 1247 1297 1439 1323 
5 538 539 1140 1141 772 
5 837 838 540 1191 1190 
5 791 792 1047 890 541 
4 550 551 591 590 
5 552 553 1451 1450 921 
5 554 555 911 910 759 
5 556 648 975 799 665 
6 1150 1151 1395 1366 1192 563 
4 579 582 862 863 
5 970 971 1030 1154 824 
6 571 1068 1636 1635 1501 1502 
5 747 748 573 1277 1278 
5 665 799 865 945 839 
5 820 821 1054 961 580 
5 581 758 1138 1284 1283 
6 642 921 1450 1397 1314 1315 
4 586 587 1093 954 
4 589 734 1268 961 
6 597 865 945 946 915 914 
4 1206 1207 1444 1538 
5 1012 1013 1607 1163 1465 
5 604 605 1552 1553 881 
5 887 888 615 1263 1262 
5 616 617 1628 1627 903 
5 970 971 978 1248 1300 
4 618 619 804 803 
5 939 940 992 991 620 
6 1125 1126 632 1285 1286 1123 
5 633 1199 1181 1341 1349 
5 634 935 1117 1184 979 
6 712 713 1364 1363 913 912 
5 639 640 859 1238 1161 
6 786 787 1604 1605 1101 649 
5 854 886 1103 1398 1388 
5 827 828 873 872 650 
5 870 871 1166 1167 657 
5 658 659 735 1189 1188 
4 663 664 672 671 
4 1123 1125 1173 1174 
4 679 778 1386 1384 
6 680 1060 1220 1065 1240 1241 
5 922 923 1564 1563 1510 
5 688 949 1213 1009 1008 
5 1355 1361 1535 1662 1659 
4 700 701 956 955 
5 732 733 708 977 976 
5 807 808 709 912 913 
5 991 992 710 1032 1031 
6 711 876 1058 1010 1070 1069 
5 976 977 1283 1272 860 
4 901 902 1136 1084 
5 895 896 924 925 725 
4 736 737 1070 1069 
5 750 751 1571 1573 1106 
5 1048 1049 1203 1318 1313 
5 765 766 946 945 839 
6 1008 1009 767 1201 1202 898 
4 770 771 968 969 
5 841 842 777 1600 1601 
5 846 847 781 1412 1411 
6 916 917 1076 1192 1197 889 
4 800 801 940 939 
5 947 948 802 1228 1229 
5 944 1177 1392 1413 1347 
5 812 813 1227 1423 1393 
4 814 815 827 828 
5 816 817 974 1415 1416 
5 1097 1098 1396 1367 1198 
5 830 831 1059 1058 876 
6 832 1004 1468 1467 1251 1252 
5 866 867 840 1039 1038 
7 1295 1296 1678 1679 1016 1672 1670 
5 1024 1025 995 1091 1006 
5 843 844 1157 1156 891 
4 1334 1427 1394 1453 
5 1019 1020 1313 1312 851 
5 852 903 1627 1622 1071 
5 1044 1045 1236 1645 1639 
5 855 856 1014 1410 1409 
4 868 869 888 887 
5 879 928 996 1035 931 
5 929 930 886 1103 1104 
5 906 907 1478 1477 1193 
6 942 943 1118 1366 1367 909 
4 910 911 1036 1035 
6 984 985 1664 1663 1119 918 
5 989 990 919 1149 1148 
5 993 994 920 1145 1144 
5 936 949 1213 1232 1085 
5 950 957 1618 1620 1591 
5 1033 1034 1658 1656 1211 
5 982 983 1094 1093 954 
5 997 998 960 1294 1293 
5 1054 1055 1267 1268 961 
5 1017 1018 1067 1389 1420 
5 972 973 1110 1109 966 
5 1061 1062 1078 1077 967 
5 980 981 1092 1091 995 
5 1035 1036 1089 1090 996 
5 1086 1087 999 1289 1290 
5 1002 1003 1007 1145 1144 
5 1082 1083 1092 1091 1006 
4 1010 1011 1059 1058 
6 1021 1022 1540 1539 1576 1577 
5 1040 1041 1099 1100 1023 
5 1038 1039 1028 1506 1505 
6 1135 1136 1084 1216 1215 1037 
4 1046 1047 1150 1151 
6 1052 1071 1622 1633 1631 1139 
4 1053 1102 1459 1417 
5 1219 1220 1060 1475 1476 
5 1140 1141 1219 1220 1065 
4 1074 1075 1068 1636 
5 1066 1226 1301 1282 1281 
4 1076 1118 1366 1192 
6 1103 1104 1081 1237 1399 1398 
5 1186 1187 1231 1232 1085 
5 1095 1340 1325 1522 1519 
5 1101 1106 1573 1611 1605 
5 1201 1202 1218 1217 1105 
5 1107 1108 1124 1576 1577 
4 1114 1115 1159 1160 
5 1148 1149 1116 1390 1391 
5 1142 1143 1183 1184 1117 
5 1120 1121 1632 1631 1139 
5 1146 1147 1651 1644 1128 
5 1171 1172 1407 1408 1129 
4 1153 1332 1495 1505 
5 1291 1292 1130 1567 1568 
4 1131 1132 1229 1228 
6 1273 1274 1322 1463 1464 1137 
5 1156 1157 1227 1423 1424 
6 1158 1406 1537 1535 1662 1661 
4 1161 1162 1239 1238 
5 1465 1466 1545 1539 1163 
5 1209 1210 1165 1225 1224 
4 1208 1237 1399 1512 
4 1179 1203 1318 1258 
6 1180 1214 1317 1673 1678 1676 
6 1206 1207 1492 1491 1260 1261 
4 1181 1182 1200 1199 
4 1185 1259 1394 1407 
5 1197 1198 1367 1366 1192 
5 1194 1195 1483 1527 1528 
5 1231 1232 1213 1440 1303 
5 1275 1276 1221 1320 1321 
5 1222 1223 1319 1318 1258 
6 1245 1246 1250 1249 1548 1547 
5 1256 1257 1302 1301 1226 
4 1233 1234 1252 1251 
5 1398 1399 1512 1518 1235 
4 1240 1241 1265 1264 
5 1242 1243 1247 1297 1298 
5 1277 1278 1290 1289 1244 
5 1299 1300 1248 1374 1375 
5 1267 1268 1648 1647 1253 
4 1254 1255 1294 1293 
4 1279 1280 1370 1549 
4 1269 1270 1296 1295 
4 1271 1272 1283 1284 
5 1285 1286 1338 1337 1316 
4 1287 1288 1292 1291 
5 1535 1536 1649 1652 1361 
5 1323 1324 1303 1440 1439 
5 1304 1322 1463 1445 1358 
5 1335 1336 1305 1344 1345 
5 1308 1309 1331 1330 1306 
5 1320 1321 1326 1327 1307 
4 1312 1313 1318 1319 
5 1314 1315 1348 1376 1377 
5 1418 1419 1317 1673 1675 
5 1328 1329 1371 1528 1564 
5 1337 1338 1334 1427 1428 
4 1341 1342 1350 1349 
6 1343 1358 1445 1446 1543 1544 
5 1359 1360 1363 1364 1346 
5 1372 1373 1347 1413 1414 
4 1351 1352 1354 1353 
6 1355 1361 1652 1653 1575 1574 
5 1374 1375 1675 1674 1356 
6 1549 1550 1365 1555 1554 1370 
4 1366 1367 1396 1395 
5 1390 1391 1378 1415 1416 
4 1379 1380 1410 1409 
4 1384 1385 1387 1386 
5 1423 1424 1533 1534 1393 
5 1407 1408 1454 1453 1394 
5 1400 1401 1397 1450 1451 
4 1402 1403 1439 1440 
4 1404 1405 1412 1411 
5 1443 1444 1538 1537 1406 
4 1421 1422 1437 1436 
4 1425 1426 1427 1428 
4 1429 1430 1434 1433 
4 1431 1435 1480 1479 
5 1441 1442 1454 1453 1432 
4 1445 1446 1464 1463 
5 1475 1476 1449 1496 1507 
5 1477 1478 1452 1648 1647 
4 1455 1456 1457 1458 
4 1460 1461 1482 1481 
5 1479 1480 1617 1616 1462 
4 1467 1468 1472 1471 
4 1469 1470 1488 1487 
5 1493 1494 1529 1530 1473 
5 1474 1486 1654 1502 1501 
5 1509 1510 1563 1527 1483 
4 1484 1485 1490 1489 
5 1503 1504 1506 1505 1495 
6 1507 1508 1581 1582 1579 1496 
4 1497 1498 1500 1499 
5 1516 1517 1511 1524 1523 
5 1531 1532 1533 1534 1521 
4 1525 1526 1530 1529 
4 1527 1528 1564 1563 
4 1535 1536 1538 1537 
4 1539 1540 1546 1545 
4 1543 1544 1553 1552 
4 1554 1555 1556 1557 
4 1558 1559 1568 1567 
5 1561 1562 1560 1586 1587 
4 1565 1566 1570 1569 
5 1571 1572 1610 1611 1573 
4 1578 1579 1582 1580 
6 1581 1582 1580 1585 1626 1625 
4 1583 1584 1587 1586 
5 1592 1593 1595 1594 1588 
4 1589 1590 1600 1601 
5 1598 1599 1621 1620 1591 
4 1596 1597 1602 1603 
4 1604 1605 1611 1610 
4 1606 1607 1609 1608 
4 1612 1613 1624 1623 
4 1614 1615 1616 1617 
4 1618 1619 1621 1620 
5 1627 1628 1634 1633 1622 
4 1625 1626 1629 1630 
4 1631 1632 1634 1633 
5 1635 1636 1646 1645 1639 
4 1637 1638 1641 1640 
5 1642 1643 1650 1651 1644 
4 1645 1646 1648 1647 
5 1650 1651 1649 1652 1653 
4 1655 1656 1658 1657 
4 1659 1660 1661 1662 
4 1663 1664 1666 1665 
4 1669 1670 1672 1671 
5 1674 1675 1673 1678 1679 
4 1676 1677 1679 1678 
4 1680 1681 1683 1682 
CELL_DATA 1614
SCALARS scalar_1 double
LOOKUP_TABLE default
    4.985523
    4.995546
    5.000000
    4.992514
    4.991870
    4.993893
    5.002386
    4.992366
    5.003514
    4.988248
    4.982168
    4.985729
    4.994035
    4.990406
    4.998115
    4.996105
    4.972966
    5.000517
    4.995998
    4.994152
    4.990338
    4.996136
    4.992109
    5.003234
    5.014961
    5.018880
    4.999470
    4.990212
    4.992950
    4.999360
    4.981004
    4.950735
    5.009316
    5.000005
    4.994538
    4.981952
    4.975715
    4.924275
    4.990089
    4.993689
    4.992849
    4.987775
    4.971475
    4.994382
    4.990338
    4.993636
    4.993141
    4.993557
    4.993895
    4.991870
    4.997440
    4.994940
    4.992518
    4.993893
    4.996075
    4.996359
    4.995861
    4.999470
    4.999360
    4.992286
    4.993324
    4.991440
    4.995617
    4.995020
    5.018681
    4.993895
    4.994273
    5.018843
    4.981519
    4.940279
    4.991252
    4.998789
    4.987691
    4.994629
    4.999187
    4.995551
    4.998531
    4.988342
    5.010041
    4.981952
    4.949396
    5.068527
    5.000000
    5.009316
    4.998276
    4.965104
    5.018880
    5.068998
    4.992286
    4.999360
    4.995617
    4.989127
    4.996209
    5.009316
    4.999470
    4.996782
    4.986170
    4.992745
    4.950735
    5.004782
    4.997923
    4.931027
    5.068527
    4.986170
    4.980665
    4.981004
    4.941112
    5.057971
    4.949396
    4.972674
    4.990212
    5.009480
    4.994538
    4.981952
    4.999787
    4.992755
    4.990116
    4.981004
    4.988454
    4.966460
    4.994530
    4.997265
    4.996910
    4.997041
    4.999470
    4.989128
    4.992588
    4.996359
    4.992950
    4.989700
    4.988248
    5.104653
    4.996390
    5.007976
    4.972674
    4.990062
    5.020786
    4.981947
    4.990826
    4.995861
    4.988267
    4.994963
    4.994799
    4.991440
    4.992366
    4.994940
    4.990826
    5.005723
    4.941112
    4.993808
    5.020786
    5.001958
    4.990251
    4.993868
    4.966460
    4.988454
    4.924275
    4.990089
    4.993689
    4.949396
    4.981004
    5.006838
    4.993868
    4.997265
    5.000911
    5.000072
    5.000867
    4.994152
    4.992002
    4.992793
    5.018681
    4.991175
    4.996346
    4.990574
    4.992109
    4.998115
    5.018843
    4.996910
    5.000867
    4.989898
    4.990251
    4.987691
    4.993152
    4.980921
    4.980921
    4.965104
    4.993152
    4.997265
    4.998939
    4.998415
    4.996910
    4.990145
    4.996707
    5.005149
    4.994799
    5.001958
    4.995573
    4.995751
    5.006459
    4.978497
    4.990706
    4.990983
    4.997780
    4.985729
    5.000549
    4.988677
    5.010085
    5.011983
    5.006004
    4.997907
    4.999972
    4.995573
    5.011397
    5.012336
    4.982018
    4.981998
    4.986104
    4.985523
    4.991440
    5.000729
    5.002011
    5.041232
    5.000911
    4.993868
    4.992793
    4.981260
    5.018681
    4.984135
    4.993895
    4.998276
    5.086263
    5.052373
    4.981519
    4.998789
    4.940279
    4.992334
    4.982018
    4.927657
    4.996390
    5.104653
    4.987664
    4.976163
    4.988342
    4.996236
    4.987664
    4.997041
    4.989128
    4.992950
    4.976163
    4.999787
    4.990116
    4.949396
    4.988454
    4.976163
    4.965104
    4.993895
    4.987664
    4.992655
    4.996105
    4.993636
    4.995070
    4.988454
    4.990089
    4.993429
    4.998059
    5.002897
    5.003514
    4.999360
    4.996136
    5.007976
    4.989127
    4.996359
    4.992286
    4.993141
    4.993557
    4.992950
    4.999470
    5.018843
    5.009316
    4.981260
    5.000087
    4.988267
    4.994039
    4.992588
    4.992745
    4.990753
    4.992610
    4.993082
    4.989128
    4.984247
    4.989700
    4.988639
    4.992939
    5.010041
    4.988639
    4.997907
    4.992514
    4.996346
    5.000517
    4.986104
    4.989127
    4.990190
    4.991755
    4.992109
    4.992002
    5.005723
    5.007827
    5.001958
    5.006004
    5.011397
    4.995573
    4.997780
    4.994940
    4.991440
    4.997873
    4.994799
    4.992002
    4.989898
    4.993868
    4.992745
    4.988267
    4.997041
    4.994039
    4.989128
    4.988248
    4.989700
    4.990826
    4.995861
    4.996359
    4.989898
    4.988454
    4.987775
    4.996434
    4.993636
    4.994382
    4.993455
    4.991627
    4.993141
    5.000990
    4.949396
    4.999360
    4.996359
    4.992950
    4.997041
    5.005614
    4.995861
    5.009316
    4.995020
    4.981519
    4.998531
    5.104653
    4.971475
    4.982018
    5.088922
    5.000000
    4.991252
    4.990923
    4.998115
    5.000867
    5.018843
    4.996910
    4.986170
    4.981620
    4.980665
    4.996236
    4.986642
    4.993123
    4.992950
    4.997235
    5.000005
    4.954485
    4.851621
    5.000000
    5.104653
    4.927657
    4.996434
    4.990116
    5.001602
    4.993418
    4.997235
    4.992361
    4.996262
    4.992755
    4.984688
    4.995573
    4.999795
    5.001627
    4.973685
    4.990190
    4.993042
    4.994757
    4.998736
    4.990251
    4.931027
    5.004782
    4.941112
    5.057971
    5.010041
    5.009480
    4.995551
    4.998142
    4.993552
    5.000072
    4.996105
    5.000087
    4.990923
    4.994152
    5.005614
    5.018843
    4.992870
    4.990406
    4.988639
    4.985912
    4.983386
    4.988454
    5.000867
    4.998415
    4.997563
    4.997588
    4.995551
    5.001951
    4.998142
    4.996434
    4.987775
    4.996262
    4.994382
    4.996786
    4.991745
    4.990019
    4.987504
    4.987071
    4.994430
    4.996052
    4.991384
    4.995333
    4.992646
    4.997141
    4.990753
    4.989700
    4.996390
    4.976163
    4.997041
    4.992610
    4.991862
    4.984247
    4.994039
    4.997041
    4.995861
    4.988267
    4.994799
    4.996910
    5.000872
    5.041232
    5.000911
    4.997962
    4.990251
    4.999121
    4.992793
    4.993895
    4.995160
    5.000911
    4.994799
    4.981260
    4.949396
    4.994799
    4.993152
    5.009316
    5.018843
    5.000867
    4.965104
    4.993170
    4.975715
    5.000000
    4.966460
    4.993689
    4.995247
    5.051816
    4.993610
    5.006578
    5.002291
    5.000005
    4.986170
    4.992939
    5.010041
    4.988342
    5.009480
    4.990212
    4.992002
    4.993895
    4.986170
    4.981620
    4.996105
    5.000087
    4.993636
    4.992755
    4.992950
    4.996279
    4.994122
    4.987208
    4.995998
    4.988677
    4.991364
    4.991870
    5.000154
    4.991241
    4.997440
    4.998059
    4.981952
    4.992950
    4.990212
    4.996359
    5.002897
    4.985912
    5.000867
    4.998415
    4.995376
    4.992002
    4.991755
    4.992514
    4.997907
    4.995247
    5.000517
    4.991870
    4.988248
    4.991440
    4.994940
    4.992366
    4.995889
    4.990826
    5.003514
    4.999972
    4.992286
    4.996359
    4.985912
    4.984247
    4.996910
    4.996052
    4.990019
    4.996786
    4.990175
    4.996299
    5.000176
    4.996707
    5.002897
    5.006578
    5.000378
    4.996359
    5.003514
    4.996136
    4.971475
    5.104653
    4.988248
    4.998531
    5.000005
    5.006578
    4.996268
    4.998059
    4.990212
    5.009480
    4.997588
    5.001951
    4.998736
    5.057971
    4.993689
    4.992002
    4.991862
    4.995861
    4.992950
    5.005614
    4.996390
    4.993895
    4.992793
    5.018843
    5.068998
    4.981260
    5.086263
    5.004782
    4.992939
    5.010041
    5.068527
    5.000000
    4.931027
    4.980921
    5.006459
    4.998789
    4.994629
    4.999795
    5.068527
    4.976437
    5.011781
    4.997141
    4.966460
    4.990923
    4.987208
    4.990406
    4.992655
    4.996434
    4.998142
    4.993870
    4.993141
    4.993689
    4.999187
    4.987775
    5.068527
    4.980921
    4.954485
    4.988639
    4.982168
    4.954485
    4.851621
    4.982168
    4.996359
    4.990826
    4.989700
    5.003514
    4.997588
    5.000911
    4.990116
    4.994799
    4.998736
    4.927657
    4.995573
    4.983386
    4.993152
    4.995573
    4.981998
    4.985912
    4.995573
    5.000176
    4.985912
    4.999162
    4.990251
    4.999795
    4.985523
    4.999121
    4.992793
    4.973685
    4.989127
    4.998736
    4.991755
    4.993042
    4.992002
    4.993141
    4.985729
    4.996136
    4.971475
    4.851621
    4.975715
    5.003234
    5.010085
    4.990338
    5.003514
    4.989700
    4.851621
    4.927657
    5.000000
    4.971475
    5.002291
    4.996390
    4.998531
    4.996136
    5.000378
    4.993429
    5.002897
    4.998059
    4.999162
    4.992109
    4.997588
    4.994382
    4.996262
    5.001951
    5.000072
    4.994661
    5.006004
    4.997907
    5.009316
    4.981998
    4.985523
    4.986104
    4.993042
    4.973685
    4.980921
    4.993152
    4.931027
    4.990406
    4.994661
    4.993636
    5.000087
    4.990338
    4.992655
    4.991862
    4.997141
    5.011983
    4.988522
    4.984688
    4.987208
    5.002621
    4.986726
    4.993737
    4.991364
    4.992655
    4.993082
    4.981947
    4.995070
    4.994382
    4.995551
    4.997588
    5.000378
    4.999162
    4.998736
    4.973685
    4.931027
    4.981952
    4.989127
    5.057971
    4.998059
    4.980668
    4.988342
    4.980921
    4.987664
    4.991755
    4.985523
    4.986104
    4.991252
    4.997907
    4.995247
    5.000378
    4.998531
    4.999187
    5.010041
    5.006578
    4.987775
    4.998142
    5.009480
    4.996910
    5.010041
    4.998142
    4.994151
    4.994799
    5.001958
    4.997873
    4.991838
    4.981952
    4.949396
    4.990212
    5.009480
    4.998736
    4.941112
    4.993808
    4.931027
    4.990089
    5.000549
    5.003234
    4.971475
    4.990338
    5.000000
    5.010085
    4.991838
    4.981998
    4.980921
    4.965104
    5.009316
    5.001692
    4.997873
    5.000176
    5.011983
    4.988639
    5.000549
    5.010085
    4.985075
    4.990089
    5.051816
    4.997141
    4.995070
    5.000000
    5.011983
    4.997141
    5.010085
    5.000549
    4.996434
    5.011983
    4.997141
    4.941112
    5.068527
    4.949396
    4.981952
    4.980921
    4.973685
    4.988677
    4.987208
    4.990406
    4.990923
    5.000154
    4.996279
    4.988677
    4.991870
    4.987208
    5.000517
    5.010085
    4.997141
    4.988677
    4.993737
    4.987504
    4.995070
    5.011983
    4.990089
    4.996434
    4.993141
    4.992755
    4.992939
    4.980668
    5.010041
    5.002291
    4.981620
    4.998531
    4.987664
    4.996236
    4.998789
    5.006578
    5.000072
    4.992109
    4.993429
    4.998059
    4.998736
    4.989127
    4.984247
    4.995070
    4.992655
    4.998276
    5.086263
    5.068998
    4.965104
    5.068527
    5.041232
    5.000176
    4.996910
    4.992939
    4.986170
    4.992745
    4.988639
    4.993429
    4.998059
    5.000517
    4.992286
    4.986104
    4.990338
    4.988454
    4.993636
    4.993737
    4.995070
    5.003234
    4.997440
    4.990251
    4.996236
    5.002291
    4.996390
    4.976163
    4.998142
    5.010041
    4.990923
    4.992655
    4.990406
    4.995861
    4.998415
    4.998939
    4.997907
    4.995070
    4.988267
    4.987208
    4.992655
    4.988677
    4.995070
    5.003234
    4.990406
    4.993429
    5.002897
    5.003514
    4.971475
    4.990338
    5.000378
    4.992109
    4.994382
    4.994799
    4.998736
    4.997563
    4.996262
    4.990116
    4.976163
    4.983386
    5.011983
    4.988424
    4.991450
    5.000000
    5.010085
    4.851621
    4.982168
    4.985729
    4.998939
    5.006004
    5.000517
    4.991870
    4.997907
    5.000154
    4.994940
    4.997440
    4.999972
    4.965104
    5.068527
    4.981519
    4.998789
    4.973685
    5.009316
    4.995617
    5.001692
    4.994799
    4.997873
    4.990062
    4.995861
    4.991440
    5.005614
    5.011983
    4.996434
    4.998142
    4.988522
    4.990062
    4.996359
    4.990826
    4.988267
    4.991440
    4.994799
    4.997440
    5.000176
    4.996279
    4.987208
    5.000911
    5.000154
    4.987208
    4.988522
    4.990406
    4.991862
    4.995070
    4.990251
    4.999121
    5.000072
    4.993895
    4.981260
    4.994799
    4.992002
    4.981260
    4.988267
    4.992745
    4.990212
    5.002897
    4.993429
    4.980668
    4.994799
    4.997962
    4.994757
    4.997141
    4.994430
    5.010085
    4.988424
    4.997405
    4.985523
    4.973685
    5.000005
    4.996236
    5.005614
    4.996390
    5.002291
    4.993123
    4.988639
    4.986170
    4.992939
    5.009480
    5.010041
    4.982168
    5.000872
    4.994430
    4.993418
    4.993870
    4.996434
    4.996279
    5.000176
    4.990923
    4.998257
    5.000867
    4.998415
    5.001692
    4.994799
    4.991440
    5.005614
    5.000087
    5.000072
    4.981260
    5.068998
    5.000867
    5.002291
    5.010041
    4.998531
    5.000378
    5.000005
    4.990212
    4.992755
    4.996262
    4.994661
    5.000072
    5.005614
    4.993636
    4.981260
    4.851621
    4.983386
    4.984247
    4.996390
    4.982168
    4.988639
    4.992745
    4.981998
    4.999972
    4.997907
    4.985523
    4.993895
    4.998736
    4.997440
    4.994940
    5.000872
    4.975030
    5.086263
    4.992002
    5.000176
    4.997440
    4.990826
    5.003514
    4.983386
    4.927657
    5.010085
    5.000000
    4.982168
    4.985729
    4.975030
    4.949396
    4.965104
    4.981952
    4.981620
    4.992939
    4.986170
    4.973685
    4.985523
    4.985729
    4.993429
    5.000517
    4.992286
    4.999972
    4.994799
    4.994940
    4.995617
    4.990923
    4.986726
    5.000154
    4.987208
    5.000176
    5.000154
    4.998415
    4.997440
    5.006004
    4.997405
    5.001168
    5.009480
    5.000005
    4.981952
    5.002897
    4.986170
    4.965104
    5.000517
    4.997440
    4.994152
    4.998415
    4.994799
    4.982168
    4.988267
    4.988639
    4.990826
    4.994035
    4.994799
    5.010041
    4.992939
    4.973685
    4.991755
    4.985523
    4.994629
    4.999795
    4.996236
    5.000005
    4.998531
    4.996390
    4.995617
    4.993429
    5.000517
    4.999972
    4.991870
    4.982168
    4.988677
    5.010085
    4.981620
    4.996236
    4.996262
    4.990116
    4.994799
    5.000072
    5.068998
    4.987208
    4.999106
    4.986170
    5.010041
    4.994035
    4.997440
    5.001692
    4.995617
    5.068998
    4.965104
    4.981952
    5.005614
    4.997907
    4.999972
    5.001168
    4.997440
    4.994940
    4.997440
    4.994940
    4.990826
    4.994940
    4.991870
    4.982168
    4.986170
    4.987208
    4.993870
    4.987775
    4.996434
    5.010041
    4.999187
    4.993429
    4.994151
    4.983386
    4.982018
    4.996390
    4.976163
    4.991755
    4.995247
    4.999121
    4.996434
    4.990923
    4.994152
    4.998415
    4.965104
    4.965104
    4.991241
    5.000517
    4.988677
    4.994940
    4.996434
    4.994382
    4.971475
    4.993689
    4.999187
    4.992939
    4.981620
    4.996236
    4.994351
    4.990251
    4.981998
    4.985523
    4.988454
    4.993636
    4.996236
    4.992755
    4.990406
    4.990923
    4.992109
    5.000517
    4.992109
    4.996262
    4.994661
    4.994799
    4.997141
    4.996434
    4.998736
    4.990251
    4.994757
    4.981998
    4.992755
    4.996434
    4.994382
    4.994661
    4.990116
    4.993689
    4.998531
    4.988454
    4.994661
    4.990338
    4.994382
    4.981952
    4.941112
    4.996434
    4.993123
    4.994661
    4.985912
    4.988639
    4.992939
    4.997907
    4.994661
    4.996434
    5.000378
    4.990338
    4.990338
    4.992109
    4.992109
    5.000517
    4.994351
    4.992939
    4.997235
    4.993123
    4.986170
    4.997440
    4.999972
    4.990826
    4.981947
    4.988677
    4.990923
    4.991755
    4.985075
    4.987504
    4.990338
    5.003234
    4.990923
    4.971475
    4.998531
    4.990338
    4.990251
    4.994757
    5.001168
    5.003234
    4.971475
    4.994151
    4.988639
    4.989672
    4.983386
    4.984247
    4.988677
    5.010085
    4.982168
    4.976163
    4.988639
    4.983386
    5.010085
    4.987504
    4.995247
    4.971475
    5.000517
    4.999972
    5.000517
    4.986170
    4.981074
    5.010041
    4.988454
    4.994757
    5.010041
    4.984247
    4.994151
    4.989672
    4.994757
    4.991241
    5.010085
    4.998531
    5.000000
    5.010085
    4.996434
    4.993123
    4.984247
    4.983386
    4.984247
    4.994151
    5.000517
    4.994151
    4.989672
    4.994152
    4.990212
    4.996236
    5.002621
    5.000176
    4.998059
    4.986104
    4.987775
    4.997873
    4.996279
    4.995247
    4.981952
    5.002897
    5.000378
    5.006578
    4.994963
    4.997873
    4.992286
    4.993429
    5.000176
    5.000176
    4.995020
    4.993689
    4.927657
    4.995376
    4.975715
    4.976163
    4.965104
    4.973685
    4.992849
    4.991755
    4.998257
    4.986107
    4.987208
    4.993429
    4.965104
    4.995617
    5.002291
    5.002897
    4.995617
    5.000005
    4.993895
    4.995617
    5.104653
    4.992002
    5.000072
    4.927657
    4.990826
    4.985523
    5.010085
    4.994799
    4.995020
    4.993868
    4.997873
    4.990251
    4.976163
    4.993141
    4.988454
    4.994799
    4.996262
    4.994661
    4.996346
    4.990116
    4.997041
    4.927657
    4.924275
    4.994152
    4.992109
    5.000867
    4.981620
    4.997873
    4.949396
    4.994538
    4.990826
    5.000867
    4.966460
    4.985912
    4.981952
    4.990116
    4.998415
    4.996075
    4.975030
    4.990406
    4.998276
    5.000087
    5.002291
    4.992361
    5.003234
    4.995376
    4.993610
    4.994799
    4.983386
    4.992755
    4.992745
    4.996346
    4.981260
    4.984247
    4.990826
    4.992755
    5.009480
    5.000000
    4.998736
    4.991241
    4.980668
    4.993610
    4.992002
    5.000911
    5.000378
    4.991862
    4.998531
    4.997405
    5.002897
    4.981998
    4.997563
    4.992870
    4.965104
    4.991745
    4.997283
    5.000378
    4.989128
    4.981952
    4.980668
    4.997907
    4.999106
    4.999121
    4.998415
    4.954485
    4.990251
    4.992464
    4.993610
    4.996236
    5.003234
    4.985912
    4.981998
    4.985075
    4.994382
    4.997907
    4.996359
    4.992286
    4.988424
    5.003514
    4.992793
    4.990089
    4.996910
    4.972966
    4.992870
    4.998736
    5.003234
    4.995690
    4.976163
    4.987504
    4.989898
    4.992655
    4.985729
    4.993689
    4.995070
    4.980668
    4.994039
    4.992514
    4.991241
    5.007976
    4.997563
    4.995690
    4.991870
    5.000005
    4.995160
    4.996262
    4.994661
    4.997907
    5.068527
    4.988267
    4.984247
    5.005723
    4.992745
    4.998257
    4.993808
    4.993418
    4.990406
    4.999360
    4.983386
    4.994661
    4.990089
    4.993629
    4.949396
    4.996236
    5.000549
    4.996390
    4.993737
    4.980668
    4.996707
    4.993042
    4.998059
    4.990826
    4.996299
    5.003514
    4.990116
    4.994152
    5.004782
    4.981998
    4.998939
    4.949396
    5.006578
    4.994799
    5.002291
    4.980668
    5.009480
    4.940279
    4.988677
    4.995889
    4.985075
    4.999162
    4.972966
    4.997588
    5.002897
    5.000000
    4.981004
    4.990116
    4.985075
    4.993557
    5.009480
    4.991862
    4.991252
    5.003234
    4.993455
    4.998415
    4.992655
    4.997141
    5.000867
    4.996786
    4.987664
    4.990116
    4.993324
    4.998415
    4.983386
    4.998116
    4.992366
    5.006004
    4.997873
    4.989898
    4.993610
    4.998531
    4.995889
    4.999106
    4.990923
    4.999162
    5.012336
    5.000867
    4.992655
    4.995070
    4.981260
    4.988454
    4.996236
    4.998531
    4.991862
    4.992793
    4.954485
    4.996279
    4.996279
    4.999106
    5.000990
    4.997873
    5.003234
    4.998736
    4.992514
    4.989672
    5.104653
    4.924275
    4.996262
    4.990923
    4.988424
    5.001951
    4.988618
    4.998531
    5.000000
    4.998142
    4.971475
    4.992002
    4.986104
    4.992745
    4.997397
    4.998142
    5.000443
    4.927657
    4.987208
    4.998939
    4.978497
    4.994161
    4.982168
    4.988677
    4.995617
    5.011781
    5.000176
    5.000000
    4.998939
    4.994351
    5.003153
    5.000000
    4.990251
    4.990062
    4.995889
    4.985523
    4.950735
    4.981998
    4.999972
    4.995617
    4.985523
    5.000517
    4.992286
    4.965104
    4.999972
    4.981998
    4.949396
    5.009316
    5.002063
    4.996209
    4.981074
    4.995617
    4.980668
    4.994039
    4.994560
    5.057971
    4.992366
    4.999106
    4.988267
    4.991241
    4.993141
    4.999121
    5.000990
    4.989898
    4.990826
