# vtk DataFile Version 2.0
polydata
ASCII
DATASET POLYDATA
POINTS 1660 double
3.43401687596369 3.12893779813263 0.138885756719194 
2.2453883012426 3.11529573845326 6.38736767414373 
3.01507949249539 1.3339121234575 3.31895818433265 
3.07401320502218 2.38997840136503 2.68290708835509 
4.14911592323701 6.09020396065503 3.35219021337879 
4.01922892417686 5.49770484115988 3.53144997763166 
4.59555356543771 5.63331158877442 3.85188275257895 
4.45571186072875 5.50177236570935 2.45566787782566 
4.38337197400653 6.11582091598077 2.73325015190874 
4.69754268662408 4.92089033462287 3.15934344745092 
4.11820422051868 2.67035409869445 5.51563105976103 
3.51419082149052 1.64966020908634 4.96820328693713 
3.61526949627389 2.38028792663901 5.85870635387119 
3.52300559736596 2.41505505419611 5.08892907368186 
4.04041602180053 1.84165803311474 4.76759716398245 
5.24075294680727 0.998662902927392 6.05073117580107 
4.7586963729398 0.736089578704542 0.395804889502346 
4.54838492772802 1.10431696250817 6.27020738474852 
5.0748927727794 0.4053769162252 0.394864757865908 
5.42384414491852 0.505795569747565 0.304347606955831 
0.772018033780715 3.41558164950014 3.37610134288966 
0.835606527412452 2.88839431332561 3.29100395767904 
1.04396355103039 3.62405721049712 2.94053702437678 
0.664017573603564 2.58622787796279 2.34996376062704 
2.91762599925711 5.31915547456562 3.30034623213344 
3.32099360706977 5.08531524885246 3.35643633387295 
3.74791634269368 5.16893591310846 2.89421138906731 
3.36709818418408 4.62416042035461 3.2656161199196 
2.40767987050212 4.46714114912381 2.74273148069781 
2.67600462370115 5.12158238561256 2.20359555398483 
2.40384275718117 5.27808193531215 2.60379444346633 
4.60728810787374 0.694669968901534 0.737083670777754 
4.78329540704773 0.467556310415526 0.889552104179358 
4.22052395493377 1.00839172066699 1.84449142578985 
4.15695016556711 4.00607253601702 6.41345545580584 
4.49099878404188 4.5585167665045 6.37725644325355 
4.82026441623154 3.44085170132622 5.86549348805101 
5.43093767449388 4.52996295771432 5.98671962019949 
4.1308746714683 4.18336691412328 6.30460715640279 
4.77907137134141 4.31555814412604 6.6776633192732 
4.85704842095347 6.59921429761908 2.63313254113542 
4.37132547240004 6.28408464858918 2.60509473883205 
4.37710715907061 6.15595918097764 1.90668886890051 
5.12661330477977 6.54119156735037 2.01458724647913 
4.90773830694037 6.37231695277193 1.72613141613652 
6.43907337445615 5.2922079935819 3.71834551564024 
0.142492386604349 5.32239287219875 2.98385283330383 
6.53173531034552 5.42751198515003 3.52397952298016 
0.317075831878305 5.18450439454459 3.95116565504155 
5.9418362834165 4.48501348556822 1.24552361321596 
5.77318305683229 5.07263542196321 1.20362834179282 
6.16944374723725 4.49542072803291 1.69486321170287 
6.46811531403928 4.27719280925046 1.58396956903307 
5.91465902768638 5.53627885958864 3.87574087548145 
5.91630929273675 4.77052770648367 3.74793339489725 
5.93987364976217 4.96768154532828 2.56795122357052 
6.35870414233602 5.34020627016956 2.72119750158676 
5.75616624894258 4.98449640146453 2.5750374495149 
5.90856363070147 4.59106376076167 3.48105525202096 
5.62197607869772 0.45729746866163 4.23282323155382 
5.42882985444619 0.707766179401779 4.28435751422623 
5.11374893756591 0.363137937072145 4.34649770417761 
5.31760377244511 6.62265698075281 3.70237365031328 
5.23067871535896 6.65640432291016 3.84814804000873 
4.66144757946621 0.297482594239796 4.10870659143506 
2.29674167433623 1.11946043303763 6.02925542474056 
3.46325655682442 0.512531751604591 6.12740044291887 
3.56383618696809 0.951113301398063 6.42230114050566 
1.00391769379337 6.47703785507387 0.601422895744976 
0.784973565175898 0.507754983029186 0.51007273111685 
0.706843918898606 6.72549554128894 1.03660462166165 
1.44840017617351 0.718978538053298 0.859918834297873 
0.568584832808843 0.385410348411215 0.819038835367099 
2.82106020431082 5.57141483001621 4.35764901128701 
2.91471251993717 4.86345118095719 5.0034650279559 
3.50377368566795 5.58045930796013 3.88383697158838 
3.18115793807782 5.66388624493387 4.5985634229825 
2.79409586715245 5.25228956808877 4.88168774351817 
2.96042414269551 4.37184482412821 4.21035215314687 
3.49260633137312 5.6802592673369 4.49462025334715 
2.61508177951552 5.26796638316694 4.65782104771204 
1.49726479786085 5.47176271916434 3.15206334602047 
0.203021006731204 4.40385913695585 1.95945615425266 
1.39670872549923 4.97331736625382 2.00418225356738 
0.89803224351357 4.40203555675223 1.7688681621716 
1.37921015258104 4.60571376974229 2.07451824865133 
0.80875795944302 4.63826237876872 1.64676214855951 
1.14962853014017 5.07360506594409 1.83107124930042 
0.796879177309657 5.37698983410883 2.09300451701388 
0.519328328548764 4.19826212582123 1.99933964642828 
0.192695463300733 4.97458438379144 2.01006263689115 
0.24832045772573 4.67081747753955 1.81062435715554 
6.24285374697631 6.20356185676004 2.64767485020961 
5.8181411604383 6.22453542392035 3.79028760960761 
6.63521120207194 1.79509948381681 1.27341387015769 
0.451181453408033 0.748845151480057 1.38907067826337 
6.30855984476237 0.950993923981253 1.21392918873292 
0.205897311356426 0.70944604177511 1.01746708507062 
3.93271496126388 2.19025438256602 1.38294117155952 
3.99212264905766 1.32044780372248 2.46533469232463 
1.82503300462793 1.1386147059784 0.699796204121639 
2.63509950080383 0.700592909648824 1.29164692696505 
5.79897313939273 2.6513878628403 0.687572838734984 
3.26032798339311 5.87467432606959 0.508335219797485 
3.1406263004561 5.71993241906609 0.510742477447312 
3.82761527510239 6.25130762810841 1.23732930585011 
1.07721105744915 1.45643403454799 0.182362290782571 
1.55633221433463 1.17329977487838 0.77390663456224 
1.92620199595028 2.23503917443169 0.783134203951688 
0.373744459749972 6.48358987772825 1.2105968361516 
0.855932546178381 6.65816806731494 1.62855951183236 
0.892663827908752 6.20708445706004 0.443681849516986 
0.469909603787768 6.45270457042592 1.5854720249759 
1.34619724603151 2.3452997477792 4.55716788895592 
1.32452573276068 2.62566049206242 4.46876215466814 
0.992928616613125 2.72265591403916 4.99183514628304 
2.5755148951659 3.6965539283682 1.35945404863624 
2.20701869941122 3.6738050798491 1.27251043063081 
2.17999850691876 3.62281593451533 1.1132875716248 
5.49335144319659 1.22338710716781 2.16408558907857 
5.45138464282881 0.818931586300342 1.47671653444923 
4.3655611231355 5.0453685232569 6.57560254910307 
3.2529698566882 4.775784351975 5.68421811825586 
3.58746711821618 5.42966089490581 5.87078325130156 
3.24819117249103 5.17231126806793 5.93237115194143 
3.69291793675293 4.3661953968719 6.52202043300223 
3.03817223799718 6.47239420572317 4.55340695835696 
2.93176735750463 6.60401341763034 4.71132635376382 
3.79697763731279 0.280485684085931 5.84031488430197 
5.06006469526554 0.302482189775718 0.679928824196503 
2.92789727879511 0.573571915324725 4.31922037297224 
3.42817314440972 0.489381974815904 4.29248142670078 
2.38243660792892 0.495932143288423 5.07788115771232 
3.57153363803283 0.640204923569306 4.39912012470213 
4.19684012601289 3.57537422081423 3.18956059236387 
4.27598587283698 4.14984361867347 3.30637539145456 
3.27999015598906 3.5416727940498 3.87142035423477 
3.87364066630199 3.35332003828388 3.53136559578651 
3.33313692422302 3.2921406204371 3.47047052693205 
3.7535369127677 3.57547995652394 3.90464504893799 
3.06284109447067 3.9310395569008 3.80196107796832 
3.53187312976935 3.627840760213 2.70965446588275 
5.77078579180906 0.87165706918768 5.53070135265399 
6.20908180258186 0.734984720557753 5.96370552774003 
3.89404564309109 6.39718013319108 3.41492540577061 
4.77961001108811 0.242461679821726 2.74937735442841 
4.11271542906533 0.202704747462625 3.0186101663595 
4.64763978979489 0.304667266879832 2.75504476745004 
4.02794615916544 0.0607894909247966 3.4179032387647 
2.06099819822345 6.22217068244366 4.74778169774516 
1.79092221556689 5.88022428907057 4.25635619784412 
1.46460598792206 5.44030123522707 4.2606376300358 
1.53100326527207 6.29862075017354 4.33110465367053 
2.02537081015141 6.12020429586639 5.11586588901753 
1.59566252000314 5.19720657746004 4.56424003547421 
1.39519406687074 5.13739267709944 4.77885153198039 
1.58693733632413 5.3171260905449 5.17287703333179 
6.50870824400654 4.9987621582047 6.16932584898471 
6.05073528547198 4.52073641373463 6.00654084379536 
0.299734626056722 4.56192608600223 5.61614053054379 
6.48781729332133 4.0552019581644 5.53113977105598 
6.37496880180455 4.44948060630242 5.50418807234088 
6.76922579929658 4.82554052381388 5.56627737946661 
3.17960188845896 2.79296721942006 1.24129922550411 
3.75351508926014 2.75053270260597 0.942430917375912 
3.16729967164256 3.1336928498805 1.39151163919232 
4.33366545204126 2.70223560329041 1.18304880514087 
3.97629303923324 2.52717810148779 1.01690594288805 
0.844426003544107 4.72747282441111 1.11244947267745 
1.1684347594277 5.09221717397197 1.10038643976808 
1.75762434196765 5.26755697705089 1.52925285619267 
0.993410907227946 4.35824395413184 0.785943573081556 
1.8270437286615 5.20552320037453 1.65670459363408 
1.32244985132693 5.2662520523944 1.47522263799559 
4.72965033847569 1.92203903970644 0.345273329579869 
2.02902555603453 5.82607453010295 3.72455839073931 
1.80617166347975 5.35513592628322 3.53416677936863 
2.22322996991622 5.03681492260408 3.48370109247822 
2.13411723458151 4.67589410983252 3.76308385695521 
5.20295362371135 1.82575470456034 5.46750844234272 
4.370206318998 0.678235677850706 5.76737432036609 
5.40637642110141 1.57469507674457 5.64278688809311 
5.09201385501127 1.79751521426427 5.15463165427738 
4.29123521884216 0.826304618054263 5.29393210935564 
3.71197032612791 6.38362859058985 3.52534097005995 
2.7482582756235 3.91657419550101 5.82377280413359 
3.15170381079396 3.60049171455841 5.55721035288166 
3.38634467392229 0.497029703339466 2.64165882007764 
3.45318049694285 0.55245618683374 1.81886444939969 
5.87612978634452 5.66512354998303 4.19965881737071 
4.66619123973413 6.06458433481453 4.31200736038254 
5.80111429781639 6.16228877070817 4.15367581364494 
4.61100113846889 5.69732671371688 4.25928094402851 
2.62216419792611 4.12097982301233 5.78243656031638 
1.94491893356939 3.50166586402889 5.80960174001582 
2.64220278133686 3.92975088962544 5.74777711884615 
2.55256466268505 4.34530074487686 6.62551592168891 
5.53880525274849 1.15698159711889 4.66575260076869 
5.51351652841961 1.3907327296274 4.4508191217857 
1.45617312473602 5.59250500871323 0.253902390267855 
1.62332252409731 5.07966251419474 0.192322144486923 
5.21350432880095 3.74966864052037 1.42385766205827 
5.38574055828554 3.44572056278716 1.89553901235587 
6.00966320504557 4.35277690929934 2.11588427945951 
5.30418312586317 4.12494614383578 1.46686533599826 
5.60541280192779 4.17488308083921 2.11618479035407 
5.61460399955841 3.8548803329715 2.26073005472682 
5.95762172794183 3.73025946708785 4.81935841106397 
6.25374669778896 3.89846531267141 4.83363047033965 
6.56964313574573 3.92999244919542 4.5034673586692 
6.53409481139144 3.74781098328657 4.03278503223512 
5.96173702796294 3.11031078788373 5.00832487558297 
6.3822330939764 3.75164101164909 5.07578549214775 
6.0294421813449 3.43934158164041 5.169608207424 
6.12103929428179 3.44483071882789 5.21307342076985 
4.07716544942799 1.08684384018317 2.90682234526329 
3.70738474718265 0.546955642335188 2.99193186891846 
0.617207159501743 5.53420535743506 6.28016709691109 
0.721371052140793 5.33812539829276 5.88937659541885 
5.25448586695598 2.02060872349339 4.97953076796413 
5.56746092153622 2.26657943369298 5.33150184420827 
5.43113079659725 2.77950387292916 5.22794969343228 
5.38605192857675 1.79168239250913 4.53246848399522 
0.593897077655942 1.0117557000816 5.67153128138076 
5.98141338755535 0.871307416007873 0.734992329971176 
6.27262508880923 2.04205455420103 2.62001714869941 
3.33595246580806 6.17446303550577 1.8494305430753 
3.40338867405324 6.45976528033905 2.28281279874593 
3.87587167679738 6.11179199712658 1.59151371258919 
4.10039579414343 6.32691012571013 1.79064946141206 
0.541071684398368 0.4151907837758 3.88169180849125 
0.726076538771787 0.25028378131125 4.07729122119053 
0.32071656286542 0.85298181174765 4.24090849373239 
4.66023180197981 4.67616871849214 4.7300054242687 
6.00907900986674 4.6410303223589 4.96878166162329 
5.98775511844518 4.49315260114938 4.79465891001764 
5.54482115423274 4.70674802833871 5.37135539580112 
4.97597703096059 4.55327834094775 4.25214354368643 
6.27664694122358 6.13706684172567 4.65940974659391 
6.56871513517208 5.57499272869455 4.56523088545529 
6.25929083122944 5.69383902091647 4.59194746800646 
6.09416358615871 6.35864778762914 4.43323757383385 
3.84234292745689 0.767751263008789 4.06784540064162 
4.44771353981342 0.292704054065683 4.67943180020952 
0.995682535183805 1.80621940526897 3.38333479916113 
0.723606910616584 1.61584528759412 2.88689584907733 
1.46406532051003 1.89524343265957 3.24700652885082 
1.05830284640926 2.04596641753581 2.24581666603176 
1.57994636605722 1.9996338401585 2.58579826429679 
0.950473686780206 2.3704961434499 2.15464349547781 
4.59261062044582 4.30705212351144 3.40516040346541 
0.495381484141713 5.87310430926735 6.21661310725744 
1.49125122519434 3.57151719158812 2.79993369562006 
2.19781535868992 3.45123499084888 2.53594871965972 
1.75789676879594 3.74179776069873 2.45416620266206 
2.43584174354808 3.98363674869194 3.64948089631578 
2.08641935423902 3.22357968123152 2.87541394556902 
2.41140048421819 3.58638236327033 2.58310349124662 
1.66179678710918 6.19456053019842 5.7710070129612 
1.25789804968581 1.15011591773591 1.40293163319482 
4.1835791408903 3.80452991040799 4.80967671621432 
3.90353229549052 3.6028224162934 4.92211336843502 
2.86626471333362 3.96804074993528 3.9741745285678 
5.77235287616818 4.26784407290771 3.50216330305626 
4.30385759718525 2.2397575819908 0.327656597686681 
4.72134731516297 0.485220423298507 2.5033033540223 
5.56180817559174 4.61230748558185 0.00363640050357883 
6.4526795527999 5.18247205497221 6.21758299583545 
5.50537604491928 6.07183800555029 0.691833811745517 
5.13724644622859 4.99302928667572 1.01938002565995 
5.83552361536652 2.12738742048491 5.72443836529288 
5.86400562022964 1.93613409146691 5.79849892010534 
5.51502490916411 2.19163174052382 5.52562405577238 
4.82857991647152 5.38167316737467 0.086492932962569 
0.921865088186365 3.64921684496831 5.32467185217338 
0.871418336128727 3.5625472690384 6.40867886826137 
0.488040248092293 3.92017816845265 5.13377724280236 
6.0194808998054 2.71308707038505 2.92251712201324 
2.09300684812318 4.81865383157679 6.43967840235502 
2.28534910747786 5.62899715793474 0.262505883693159 
2.09785725898059 5.82208930965009 0.260834478235846 
0.548567330306943 2.15944190956738 0.932730652738528 
5.42298858861511 2.86033654693458 1.03994382548025 
5.27789656202266 2.45252362450793 1.37082633756815 
4.61792829361652 3.48236124492213 0.936533216713069 
4.99356172365159 2.3368090771504 1.31394820201274 
5.07883933321134 3.2562067187788 2.09201423581045 
2.89368050067536 2.56301444747082 4.52446075672246 
3.3556019657867 2.88710988366296 4.53323323760344 
3.17867418341362 2.73868528209672 4.77159827851034 
4.19306056258412 3.01829604462727 3.5183996941761 
4.34940715101611 2.67287561239897 2.85031678688004 
4.05328553813715 2.63693577134131 3.33363489494404 
4.31330978032716 2.56144366274613 4.02272658277324 
4.60396242378723 2.63620560075687 4.09403527316194 
4.36985568748538 2.11226977319844 3.2018343483842 
4.52584578567451 2.33442247789207 2.82390638310621 
4.7180529713509 1.94885882540023 3.42770230920499 
4.79507737185084 4.5309623964329 1.48413852971738 
4.83064736440174 4.84022510894036 1.16973293149182 
3.89399394052826 1.12089271055819 3.96213273924329 
3.66896841338521 1.5271108994058 4.19458036466023 
1.24239593338034 1.9750403894053 6.09437186990733 
1.13892984497186 2.30761016566586 6.30664196704999 
1.61535339806997 0.918861101996858 3.83085294807318 
0.697605382141518 1.15255716602962 3.59874629678014 
0.997390959838965 0.246803521117831 3.92460190955566 
5.35591698800931 4.44787614258124 2.31680893664114 
3.92758148784693 3.37057940366447 0.566110531888024 
3.78881150991979 3.03559112315516 0.348496296569669 
4.6140115364342 3.59090762776586 5.0332726929543 
5.15097035179942 3.01971402267854 5.78087159717984 
6.03622420381934 3.56831347537551 5.84807144854604 
6.25441172839518 3.06653468097497 6.10862988029115 
6.43433510308604 2.75014222010917 5.653495581631 
5.89221667623141 4.90407053684211 2.40648991343658 
5.73658242255074 4.93059276062895 2.44332552556342 
0.407706363473804 5.51384736696225 5.26428185305251 
1.63063664889188 1.9989929761072 5.44270220493687 
2.11995496694941 1.37510853029016 5.09263105209196 
1.5547614253455 2.1279818404363 5.66510167334863 
0.251946126805477 1.87149042342304 5.22288047598603 
0.823627325912162 1.6707684145696 5.02906795533956 
0.547738536387362 1.61393769381128 5.29758512664566 
0.478146900846146 1.18273908590976 5.29626261523687 
2.12193688773279 1.31629269435237 4.69895626562243 
4.76759127387807 0.333390873962334 4.85114242745704 
5.45609702962029 5.36636487908053 5.45790036684362 
4.4031786080724 5.35977910987646 5.41048683878481 
4.54212561066622 4.33582672612299 5.30514642739687 
4.41923420894542 3.22239403760513 2.6068682447968 
5.16107710155221 6.73469813403682 1.87684553548462 
4.93968693498115 6.56956776686085 1.58821728575126 
6.58668124396643 4.9432079360693 4.98430449646168 
0.18092142668475 4.94749518569839 5.30892693281903 
6.80458767709117 5.00955963314136 5.29051165130703 
6.70941031038468 5.30219621821185 5.27282381616583 
6.51066549744105 5.2669744035794 4.9835789253919 
0.0300147199417336 3.03367074017839 1.62517419787973 
0.885157266152184 6.3951672876519 4.03488876711126 
3.65403200057456 2.85585313623332 4.54509794851327 
4.09313245581138 2.45684565619604 4.22287181991338 
2.4774868628603 5.92215024326309 6.55531945569328 
1.41251352595692 3.51105389625909 5.04402663237576 
1.44183607613368 3.95206140641961 5.49747911544431 
1.95878260833908 3.33841271045616 1.67442690227056 
1.15512023851387 3.44427100822009 1.91114049892849 
1.3078820153029 3.04698556091015 1.61381588260897 
1.32890656820767 2.75535016752777 1.73486080906018 
4.79969824350001 4.67439090487293 0.360165635712665 
2.08884983423127 5.49425322433487 1.96639416341829 
2.010454360501 5.49438504249743 2.44040657406528 
1.95324669643435 5.81625369686831 2.5135529785619 
0.589941457767896 2.32035227227136 1.70850064514498 
5.25725861753997 1.62656328265716 2.47976688914617 
4.42997420434348 3.66106217562618 0.506858497356531 
4.35716460223167 3.88416467784714 0.44589805787988 
4.50723921588457 3.88169857817201 0.31883066572684 
4.0619645736295 5.42770830006249 4.61246464019866 
6.15833075392848 4.42947147563986 4.82273390726872 
6.18128089863164 4.58211966259795 5.00000226862411 
6.54720545396848 4.40445776351534 4.44607864907674 
4.53289891336076 0.934848053716643 2.8798210094984 
4.66236109749256 1.27550771344213 3.79998322522221 
4.64699947327203 1.3905768736652 3.45792970030095 
4.83697608459202 1.24083879455836 3.31212573234123 
1.34547809257389 4.81731264695799 4.80404076844304 
1.63513577716535 5.03751562638259 5.44876303425461 
1.46745293886839 4.65044492285309 5.25167501028545 
0.513297545035151 3.83875401616658 1.86789424010963 
6.12306902762791 5.4133203989865 4.97152939891562 
4.86822861009034 4.50618630200104 0.273138114696859 
4.06052698407786 1.7607616398823 4.36581958835885 
1.5902508181696 5.28729308249384 6.07734459187576 
1.43266262976693 5.23460986845147 5.79821331128716 
1.7950388424086 5.83514082978714 6.18182477747915 
2.35000349851783 5.78101029883785 6.22351529084755 
5.13485842876985 5.56034047963919 5.36928697615603 
6.85273596366915 0.869484418421797 4.28014997630432 
5.31497119972667 4.15223860307529 3.1460831857135 
5.60037269599798 5.0510501625042 0.0223126862686194 
1.3143507626763 3.82473142176448 3.24580384463149 
1.29013564869934 3.7980958231768 3.02819846471136 
0.774489134724004 1.80312445219979 4.89683260441763 
6.75505386417474 5.29110845178228 4.02247712228339 
4.77415380591342 0.692389455086739 6.07690277083091 
4.64995187206262 0.548588407037522 5.84089774933256 
0.424755206615586 4.64718895987754 5.83625534114868 
3.58810411438562 2.38615945406415 6.47460498939455 
4.09757176297572 6.52327978534609 4.48241033112591 
4.20229125059511 6.32226644111015 4.63473512067775 
4.69932280534275 4.58196250930339 3.08397071021223 
4.87512888825144 3.44483789593599 4.66648940788796 
1.82346914474982 4.0880855204292 0.904093190850043 
0.221976192101325 2.18040294752358 5.63518255218137 
3.4788446997958 2.56104313189712 3.27757578619505 
3.19853348350996 2.60962746117934 2.86824179677695 
0.930868998903006 2.27964805627748 1.9208671721931 
1.13873418940867 2.46076494972589 1.6096435867454 
3.23710982107553 6.04108454131357 1.91776849557814 
2.52337747988454 4.47660065803282 5.46623708199639 
2.22908027075589 4.54578345631468 5.60709183170173 
5.64467849219578 5.21164076547202 3.8440432085428 
5.35048174766543 5.77635447830364 3.31074552967419 
5.85146571632455 5.8651684106412 3.59532656431519 
6.20702578746107 3.09974298778612 0.951504988424336 
6.01596139172509 3.34963766136764 1.237344553005 
1.2863982842217 5.15972541036951 5.91083465170663 
1.47494470355929 5.22685154513218 6.16844747886821 
3.06017742801185 2.89039039949563 0.285255996818975 
3.13793585866202 2.63261485464019 0.580004729293126 
3.29825317528394 1.77676573030696 5.3623937620947 
3.42276770615451 2.32355014484706 5.6966937129155 
4.177887258723 1.88923291985921 0.366304690294999 
2.65865498291603 5.60996010142712 6.7692254390362 
3.17020938517191 0.560958130861207 5.68503486573953 
4.22676108786018 6.788568711628 1.48261827622929 
5.07259843219026 4.56060105696228 0.355395711429318 
4.26659598171638 2.45872579486629 6.94463436920651 
4.54821366498288 2.52974036834208 6.86069703541087 
2.95166030403391 4.56134343286992 0.60764725561348 
0.516825828175696 1.15975946668655 3.10642434968713 
0.603598056001895 1.41146079462327 2.85227917709357 
3.45672221296852 3.07445712186907 2.26943240783058 
3.44349259570274 2.77319877565961 2.36433797791368 
4.89637475544004 5.83696406845002 0.732973896623059 
5.09948803638321 6.10266359756411 0.736757218111017 
2.49341735116391 5.27996498604232 1.84510923946066 
4.19220470152732 4.30874606462494 4.5646038826579 
2.12965647290594 5.11794323087457 0.198740560708139 
3.309917522691 5.62099761198501 1.88386363571009 
2.11551429570164 4.4039075490424 3.58831557613202 
4.61372148962499 5.0070919631845 3.53844323926814 
4.19494885743542 5.38671780240594 3.69055115712323 
3.77901631733916 5.2072517659252 1.98886637096418 
2.97392916402429 4.31983228118752 4.52289701311133 
4.30123426306383 1.34753277855124 1.2326887840818 
4.58504117669501 1.23419637756485 1.08040345463591 
4.34365235991263 1.23752551749871 2.24941203326262 
4.64836034854127 0.985623418260277 2.56333630026598 
2.29163360174339 4.61778033026826 3.07498647227336 
2.322058518802 4.91564476759279 3.15057145094063 
4.69349076784121 3.74380864420142 1.3702986676843 
4.48494339645845 4.34808688820325 1.42957132277137 
3.07713140311941 6.40850831551781 2.58937483003572 
5.90154268267566 2.33439661543006 0.742929909671141 
0.26738603713914 3.76019926160636 1.71749614832411 
0.537391059646954 5.99238523831244 1.7043634001931 
6.12792271714593 2.22379541901929 5.50610417240019 
4.09970468244226 5.14086866233368 6.65943649721394 
3.65062031590167 4.76901630180001 6.70060415400722 
1.65615156364233 0.930562496797488 4.30462475730021 
5.64052411283656 0.791127369481482 6.43715753830742 
6.49403985512062 2.87040600198352 1.10221254102478 
0.159398889393683 1.02344410165408 0.865083249482938 
0.50605126392532 1.21992319372343 0.186697968269548 
0.731597081899377 5.83774616705909 1.94254029961378 
5.20693430757974 2.26015643786363 4.19320602802424 
5.19756298653489 5.16525231297475 3.14025634588223 
5.48902231341572 4.79405077167076 3.01216045315624 
2.70400634643406 4.55352274704798 4.71292342559961 
2.48897240254315 4.32751965403358 4.8858745901946 
0.568049791726962 4.39609988734597 5.27513823580324 
2.29882505867662 3.18197223775143 2.01979840387811 
3.95215748322647 1.69931960113636 1.11942679210994 
3.92518778632424 1.90874842120362 0.638567076922481 
3.69331814174975 6.44785688502815 4.30237369758458 
3.7465409311668 6.51945282212573 3.63232160054293 
2.82899573816616 4.1780492638284 6.39872744924159 
2.75945542245707 4.09059661814698 5.8777172380306 
2.42892801032093 2.91583281351496 6.37314455115347 
3.3180902959936 2.60193206951273 2.25073234607919 
5.03522520856972 2.98167848940457 0.769771557086422 
4.93807506544245 3.3992424338273 0.804846500238239 
4.44267787971099 5.28911257894544 6.15810628974373 
5.39332627480624 6.37505278408153 4.30552524115944 
6.52224715783326 2.89375451119263 1.49549496694163 
6.20221810976565 3.27284321935531 1.66298847299747 
0.939088795034267 3.15734075793768 1.19284637322575 
4.40966071222268 2.96229479018536 6.82239579794555 
4.08457965032697 2.84175113863099 6.9379993800261 
0.535565546935345 3.59403591648562 2.21478696282953 
1.78105068288779 6.26396293581476 5.27529510674479 
5.45405253030526 5.24657110581048 5.29331018265384 
1.15101199252002 1.28901681703789 6.23164706182347 
0.689969644522545 1.29802123624886 6.0346903286487 
4.2673579596266 2.40650548063833 3.92727358702398 
4.08270329819254 2.4140728503276 3.46024851263266 
3.83586916453249 1.00655592516771 1.75507930165618 
3.62537564301596 0.575577774694892 1.70996192721643 
2.0923390487174 2.11303087816602 5.1683345219899 
0.631715452212104 5.65199893577222 5.53247449974929 
1.18423756445461 2.28999389739557 4.92901751890759 
1.49207638222743 2.04204276211891 5.41281276817362 
3.36519440883034 6.19597441354033 2.62554586682227 
3.28664744585234 6.31090077247907 2.42245450473969 
0.410081546765664 3.95965183529998 4.76307287474702 
4.09324636874633 3.62817569486092 2.83494718547119 
1.57844384321159 3.67075583960326 1.95364658538009 
2.51937202125848 4.78864975719364 4.47415921975689 
2.62161348137584 4.74118213132073 4.16974139286398 
1.5214087182483 5.18010655699763 3.80209697000891 
5.68767977390821 2.08349920327186 1.1898513777342 
4.03907008304302 5.76375003599769 0.34091408681393 
4.83232991553003 4.72726680283641 1.90305093518495 
3.92184033967794 6.5599151840378 3.54686692098859 
3.30907153374822 3.35355338360771 2.45150400797081 
0.197721317507597 4.74997160908715 5.60205371945386 
5.6345906117242 0.350528168928691 0.817932242099601 
5.73525344401046 0.431083306629831 0.614566278330158 
5.18898295124314 2.6677602624138 5.96299899048009 
4.78350013302194 2.59008096628339 6.0740671927016 
6.35228512640714 3.01212779364028 5.16125678027626 
3.44959880166596 4.4256202029077 2.70199624376177 
3.65128640817141 4.62388233936283 2.92944328836405 
5.1426892470867 6.53812702531964 1.07693422735535 
4.40219769455647 0.478445136299757 1.93972064483797 
0.569264960435461 5.64735388457495 0.578429970414331 
6.2569623218977 2.44139340175652 2.48564500437116 
6.11863815420617 2.72730394867361 2.66759863269375 
4.57699349988172 0.414824286180013 2.95253811005879 
5.47577027067656 0.703067471362807 2.27738046617931 
4.8725143877637 0.416846742727976 2.48060487451234 
4.51490289139148 0.188372940947866 3.65884574151035 
4.56670199424726 0.460670257027222 3.94440474583486 
3.3654877397834 4.81030378846704 4.98683088398233 
3.80153627972435 5.40529866990031 4.62738134443146 
5.499531399332 1.19400940345265 5.4243088187925 
1.74002497821427 6.47756456308952 4.64902023059711 
1.57541294187073 6.54154974330959 4.94428662925033 
6.60694604542044 1.66940815028518 5.14046948150242 
6.52696552056511 1.76092038196567 4.84443360970134 
1.59533032622189 6.05597798169833 6.6414893021593 
2.43428753692345 3.95885321641157 0.354271208517291 
3.46119556592142 6.6504207837454 4.32753007398392 
3.53469792916876 6.73004201470956 3.6700213874829 
4.35353489678605 1.14426304572441 6.14449062366032 
5.70754080172697 4.70512141324107 4.13611355455244 
4.84770377493591 6.76041175183552 0.829530798373316 
2.02007423190106 3.23552283644054 4.82428140223834 
1.50772103034596 3.33172804041958 5.0678663497451 
1.50377729128507 5.69852919395554 2.77509538271298 
6.54353414774262 1.11871445281907 5.87851858086745 
0.980371470376948 4.58062813966329 5.83496164391793 
3.28970227944435 4.60075228601017 2.27688676009343 
2.72210307567096 4.64696200051536 2.25592049857622 
2.55442429507278 0.932039628585395 1.70193798947363 
4.54333793359703 2.25019883211368 0.344347931554863 
4.71492059003531 2.60127514424165 0.953258463766722 
2.90587376502072 2.41681477894602 6.94068548188948 
1.70178934827439 4.71939487676672 3.98490368236758 
2.95810480533215 1.52742534134273 0.859313489180852 
2.03266723960164 2.1993186962171 6.94859643579383 
2.4374807825928 2.43267240839019 6.71007055294779 
1.82104994114562 4.32196866949542 4.78189026489362 
1.67469579238088 4.41486121260499 5.2455005505961 
1.08640547813367 2.91133153636195 5.27770700473545 
2.77600122908787 5.63485541067164 5.52487661931171 
2.60819372140973 5.36313163278355 5.26510793690064 
4.98798211482245 4.72405118083118 0.437342024083206 
1.8156554283757 4.26936684594633 3.66199802235371 
5.47266953937286 0.508080998749331 1.96297413827045 
5.03250360698856 0.242352206778072 2.00569752794549 
4.1986477283297 6.80844982264134 0.954477391686358 
4.06015350735239 6.75744059055901 1.14867215480371 
1.62122194188496 2.10040700585557 5.66723165017356 
6.10513250117374 1.34667672373092 0.236785129093558 
3.63479386833973 0.282651960810634 5.50906425193339 
4.28999879899024 0.497697540405054 4.72534644454294 
5.52351320518541 4.2792167322896 1.15473515646242 
5.07260527107024 4.82550260509282 0.979486866075704 
0.814507598546147 0.426140992402095 1.21110624558062 
1.29399038788221 0.635085150908103 1.21397026322957 
5.94890356246393 3.2196158387686 1.95004891538308 
5.54748914747024 3.24047891068117 1.81530610361558 
4.58970676036906 4.64007484877777 6.16956039693189 
4.51885879129432 5.1861708905834 6.24420089469883 
5.59421285046145 4.03266068180259 0.937160709599381 
5.4907441868948 4.04450868610031 0.65718555162871 
0.774952875195033 1.42614870399025 1.93249206216475 
1.34614494532313 1.20903917638324 1.61896875309248 
0.803712379633475 0.80884660381792 3.49509043689822 
2.29640802372847 4.24585228439563 2.51107260595135 
1.83182714082827 4.2040920497768 2.44745896453856 
0.83188718725496 3.48367753611281 3.50263960153293 
5.70829587863764 6.02203003438981 5.49254371837667 
5.82012020669648 5.63863683291041 5.49285488346616 
4.68933922982583 1.64365164455843 1.61761701845844 
4.95471841794659 1.47245922345818 1.33269286031313 
5.8873929410308 1.48002260599109 1.50299158696696 
4.75997514400326 4.65018954941617 5.03856521079987 
5.2606840681272 4.42367936701714 5.2102213550946 
3.80779689919484 3.98584049270191 0.356801993765821 
4.38186102113982 6.59608143522803 3.88568179589405 
3.87491620688961 1.21896933038486 1.27635329069455 
3.04634200800125 6.40561395084453 6.45307935226018 
5.60989889280893 1.05717885184081 6.66936418351995 
5.22197782254206 5.29982325919568 0.645179179485735 
5.14684099019581 5.12386463372287 0.335085276059884 
2.49392249445388 5.84544437642466 3.78486309981336 
4.91205731608734 2.92890077257118 4.85095855098562 
4.14139025821849 4.11813422844469 6.10754725850397 
4.07351953490904 2.32039259310508 4.10057330183652 
6.13217847094859 0.706826387856666 6.27336602078496 
2.38711875449209 0.489598138488507 4.87929362841265 
4.84698821033604 3.33253435662545 3.34718080294998 
4.9479941605693 4.01820818472246 3.46227198384908 
2.57344815983253 4.05538178525308 0.305640140430563 
4.95723665147764 0.252609718037279 3.02664746416554 
3.74750856234908 4.03992872031179 6.72237473418438 
2.19065575316112 5.94309280217521 0.665565600575084 
2.2829309437301 6.22078216918397 0.747141229333379 
4.88552611768114 0.707282358591759 1.28745484795182 
4.6957645032974 0.341134313238527 1.70528265319366 
5.44163098609133 0.970391686752726 5.5799757832116 
2.59787003548387 6.1467814422244 3.52955822065134 
4.71372806386563 1.63964436655929 2.05173202855619 
5.12260165047107 1.43775717526073 2.34152064256265 
2.0650509117507 5.52174080400446 4.77006316087213 
2.0426118550107 5.55749672071849 4.99334910157924 
2.33229209384525 2.6732832297568 4.72146203141685 
4.71543001176064 6.39990997093304 0.447229062798364 
0.823049716589539 6.2833985454837 6.48694631320649 
1.18423876401789 6.17637286578055 6.75884662378294 
4.3256119313865 2.93879419666399 3.8969624459679 
0.704210431135174 2.36727316112399 3.58038215909287 
5.94395504579039 2.69854053060566 0.666343317148909 
6.48096280870896 2.6182450574734 4.56894287494433 
6.27177364417382 2.02507925384476 4.8081500291942 
5.25000015465598 1.22196538428125 5.00070198147304 
0.186260055580228 3.34783935635745 2.18367373329071 
3.5733693385237 3.75527069018752 5.50094170535239 
3.66313800082401 3.8072078702826 5.06282148779662 
5.01383598969705 6.08244354172159 1.58967522153764 
6.44021266739375 5.54662077590958 5.88868545254055 
6.24049352348114 2.90617601532444 5.05752533661819 
6.046866615367 2.28464027737025 5.29157200391456 
6.29753526929209 1.33521183590183 1.46250047232383 
6.47146163632839 1.27484892414383 1.96185366528205 
2.32752290278894 1.77961152812768 5.06767313299398 
1.83357718400268 0.597245071905395 0.740427167236987 
2.04407475965319 0.369725294900741 0.881885636843023 
0.388750219937932 3.61910048877694 1.32206658390459 
3.07830395523677 6.32431043650446 5.52155741419851 
4.31978956613782 5.29177584334468 2.25494131716089 
5.43533564487679 0.893328279823616 0.229817926636169 
5.79444864489711 1.14055919018858 0.515259716714971 
5.62376974749824 5.42832945398343 4.34531156644275 
5.87602233272165 5.21830531470401 4.91484318501382 
5.73008803210652 1.97882986217992 0.474070155177482 
6.0526046552051 1.80256920830251 0.231132112355495 
2.24057024095564 2.81993065816125 2.04522556352327 
6.39132110096063 4.73891918024646 0.7151767504444 
6.33145779388986 4.75922316003891 0.332406552623106 
5.4339866205746 2.3579036266343 4.01370742700212 
5.25145313024322 2.4133953422563 3.76716227311802 
4.55805662091218 3.05674025642686 2.85825268828249 
4.47390326157433 3.24362093848592 3.2234413238 
1.04322260251038 1.97524058407195 2.03444290713696 
0.596533233629043 0.970390751927722 3.07428541848801 
3.63968201258483 2.21695257232081 2.02478525815901 
5.3434632378726 3.63607740244137 1.18829227110114 
5.59556218111243 3.28846893053162 1.31739436269215 
5.05598512346616 1.6639838099413 0.764738488593857 
5.13326908603099 1.71654110164254 1.07697124656538 
2.66198611522235 2.39011667893655 1.04627189403563 
2.8029463706812 4.82537672584137 5.41338044546674 
5.17791357461921 4.28752247521302 2.57493953311357 
5.20345472442792 4.41778165927469 2.94185175642519 
2.08215658947496 4.96877331441491 1.32133726169069 
2.12194190322142 4.92621493094897 1.46192987294449 
2.86342105005842 1.39233154914478 0.823330454438693 
1.89210223776516 3.13366027850256 6.12683878220161 
5.99250401437648 2.55684625544097 2.14007264280156 
1.0837671911108 6.42232583426819 4.9916485609156 
1.39041151490219 3.49865202923867 6.5232629081174 
0.933744538532556 3.4485414338853 6.50045694869155 
1.10967168363659 6.22647895417511 1.82794547133088 
0.803500698435895 5.91290327419306 1.80980803285795 
0.0482109670289527 3.43280875060209 1.90934814167019 
4.56306400254512 6.92204161759016 1.03597286815904 
4.55524900284026 6.87063239270372 1.42139333622202 
0.393317488839226 2.7299695074741 5.37383460783622 
2.2525333540053 4.79397247031139 0.628775658541766 
2.61709827547145 4.51467591724406 0.392435893385864 
4.5371731735574 4.46408020774123 3.71435987094243 
2.80726268633345 5.93313113086099 1.66545833229161 
1.06565577394822 5.44488836852643 1.0148692822868 
2.14447360889772 2.25784367306619 4.76382155462888 
1.04802181045516 5.81388702106853 0.447002874108552 
1.24458901866815 5.73515013096144 0.597106652370169 
3.27694600681323 4.44635178973648 5.88704199542626 
3.30419805817557 4.48709001877439 6.32422468217103 
3.91175930939155 3.43368307909751 4.1908944391557 
3.65355695887633 3.28470998697629 4.50458565850719 
1.99684692641292 1.31944950899255 0.844177676627481 
2.49320376083014 1.14065254140372 1.19210245982203 
1.36397791466458 4.16584001214524 3.26675803993279 
1.45992236904469 6.30072322462637 6.63091386396357 
1.49146900325245 6.07080474094503 5.45476338475425 
1.36138530923457 5.59207656177156 5.41036918007657 
5.47083220770994 5.86131238751313 1.8857321493103 
2.29093269731949 6.13413971283201 2.78179373215606 
2.33639351846009 6.31459382671889 2.54685343219201 
3.34829836955913 1.84441369007136 5.06596960043186 
2.80463693890565 1.94749102471356 4.5828442563015 
2.07680027664007 5.88541351023323 4.52587078392128 
2.56335037002117 5.900569381036 4.26095230996756 
2.21682538752646 4.63403933097704 2.91579976512333 
2.20548656026648 4.95002256093186 2.91240528824872 
1.22389792983595 3.98281435548437 5.5818602937187 
1.06418161015902 4.40867706106527 5.51424520422172 
3.21973249174777 1.84195546443211 2.72052829524643 
3.29974944682004 4.90098905434519 0.292118225914882 
3.35558528072367 5.34424990363018 0.661979225017084 
4.06404093665867 6.47055776237882 2.68667757617165 
3.80561285678432 6.57591445903262 2.32392991792398 
2.86862690056036 5.5903177017316 1.62981215758657 
3.7215015098048 1.51379031321883 1.18363038685489 
3.5063397865901 1.43032831896493 0.869375970960974 
3.47266659808318 4.48166504619309 4.74048207836204 
0.342536434556721 2.00610205042035 4.99886796541531 
0.44832479319581 2.62202357518066 5.06455849350045 
6.08281059047556 2.20421433393644 3.17565215395357 
5.09103610317235 5.16462698803051 4.05839632843144 
5.5414728553567 5.16112723237792 4.05402932389887 
5.29509922639605 1.58895989053997 4.52762640484494 
4.70562349167652 1.55434108983592 4.0757510975686 
2.14228830181918 2.49892019279873 1.05557881258806 
4.99017618309781 6.18869312126687 3.02212097093133 
5.09410936737063 6.48170704776256 2.85468780988494 
3.10194317337456 5.38379002090432 3.74292453302267 
2.89149560419597 5.35570613387979 3.87610306035894 
3.64208137528243 4.09568373142727 2.53955498548433 
2.80965203495389 6.45194203970092 4.41006559563942 
2.70796275737226 6.56285091571668 4.53741294100646 
2.39660500938988 5.72000495184336 0.67210718085075 
2.75602560492507 5.79293941542192 0.81164058674244 
3.14774166405685 3.48779159672944 3.11084735176738 
2.93571714069744 6.56714798926991 5.28928391881685 
0.646643831830849 1.10295816780458 0.127725133850348 
1.23898201155251 3.44785325497234 5.01297428066838 
1.7528047233808 2.44762478252243 6.98556268281974 
5.03819071915129 6.0822936229839 4.51666147504265 
4.25988254141488 4.16365049895049 4.333152508208 
4.76582127144935 4.31439781853139 4.05949443348934 
0.262119353914113 5.90671855771093 0.901358458797482 
3.82918080712047 4.45634958641677 1.51243645611534 
3.53476839622571 1.72502293802102 2.33526408046944 
3.93100143725975 1.59131715853913 2.5314460094654 
4.25319577879089 3.78553777433419 4.45644544256027 
1.97864613001375 1.05539317047289 2.84781065365078 
2.05726584319529 1.3897243678476 2.9938666530102 
0.964641773973397 6.77943087918453 1.36955235442465 
5.6448104206748 4.62771175017857 6.05223329809571 
5.53824026920052 4.65649485691898 5.94721894059326 
1.48207198209739 0.320641962220311 1.4230602342465 
1.91125983780686 0.142960160052652 1.19880331599326 
0.356129013923294 4.79454027646589 5.84161324445635 
4.76160277915154 0.673182093106645 5.10627375654663 
5.70667819154519 1.34774507316002 2.27047904477158 
5.65960056732308 1.53896241733957 2.40709572540302 
3.05655962985738 0.917196392847755 5.49852770260514 
4.45947076201306 1.32608130154289 1.37866106919157 
4.65286950597692 1.23388478047252 1.22082014780756 
3.71327756471186 2.69057436985605 0.716440132900242 
3.95925864771248 2.3954403109273 0.723885776545653 
1.46659669919103 2.64808779439112 5.75476502467409 
1.80856803726601 2.85068203869871 5.77242137017649 
4.73384359533389 3.3086305797843 2.02526749802921 
4.72737747395634 3.40620124056747 2.3239855002327 
5.9409652232103 6.34493655292007 5.15743678950215 
3.42717848551523 3.29768738221912 4.4972506556215 
3.15404767522361 3.45100349849468 4.06609049597875 
3.1653441080076 6.28109014370481 2.78501220405876 
2.83251557544084 5.97565287088827 3.0036892678476 
4.98339129534204 3.36169297837248 2.38321901896949 
5.3486327042415 3.84309976784653 2.55695926888588 
4.12485155566415 6.09042531087648 2.91381530524957 
3.95383982843343 6.30194622439776 2.87371780506693 
1.74626029809619 4.76518720231202 4.39917548419654 
1.61008974207964 4.58896688347616 4.52456513185522 
6.17750163014566 5.87585922701614 3.36490209334784 
6.07939913577943 5.81532029704036 2.8961404409311 
2.45520868320706 1.45040985493812 6.34495136238702 
3.39967029124653 1.0308452426048 5.09132187635984 
3.85103149434861 0.583485813700486 5.15185595645195 
2.87156142137167 6.02222629306717 3.33385783699843 
3.25075440777759 6.39876895414924 3.30053615918157 
3.9095384325722 0.410330193577533 4.85026582939085 
1.03971079413873 6.17531563908628 4.34672730378793 
1.0069307180944 5.60318380153773 4.26619381936879 
3.24985839615886 6.0017695413582 6.70141990498136 
1.49352129151586 1.75978563920469 2.8817566483941 
1.84294710066682 1.48701351073425 2.79448563854008 
0.840921440826106 6.34616705665215 5.64324848565384 
0.494616910708037 5.97667396142196 5.75683631882238 
5.56359173326343 6.16716931127041 0.870813942836815 
5.19975803036798 6.24750545777657 0.998177926856407 
5.10122039811901 1.4849649242638 4.92659044903944 
1.02515240136909 0.53224643379401 4.71535531748654 
2.5350484235124 3.47587185324818 2.93910917261132 
2.98737382906586 3.30745112357646 2.94892335903246 
1.60972963319765 3.92174614506165 4.44064122099718 
0.707337012503724 0.483003726728819 3.61896996723038 
1.1111906543114 2.88806632569234 4.73618193772234 
1.28054766625544 3.23550805877032 5.03044403822881 
1.24970647756127 6.29624791503953 2.14401754817538 
3.68859703776448 5.43084057573888 1.71943415363408 
3.64870554495295 5.19060296140539 1.37540975596707 
1.13338217584937 0.245077576131821 5.05973500112708 
5.29199342868889 6.37221249253473 6.06720191135019 
6.76146904938597 0.812236728848935 4.58382744790985 
6.41222415537825 1.49540809768461 4.67749445871658 
3.76999014658849 4.10010349819856 5.03992850217779 
4.13939839284451 4.0695739586807 4.87706007182649 
5.05343575571739 4.03153053900154 3.9570482646142 
1.33105860917195 2.16537895203553 6.71828877796328 
2.23116739572043 1.97929638452138 0.530124235518731 
2.36649168602668 5.07535506707906 1.06738109160177 
2.43906352627618 2.75073451039792 6.69193404132267 
2.96050343350257 2.72685998290952 6.95335433931889 
5.77063084146134 1.51700363846945 2.84582651693287 
4.49842983155324 0.790403422563694 5.06567143710262 
0.453937847403249 0.756324187202038 4.58205645573361 
0.69925600298071 0.416441549038188 4.54549387396976 
1.0009737183815 2.79490330729811 4.1225792067147 
1.12985443388536 2.91430573742577 3.88499644816402 
4.39458580838948 6.35426270939446 0.486904497923942 
4.32976378395004 5.99083212755694 0.569392309644431 
2.77596977212017 6.57917111081551 3.73336702174529 
3.19875387165631 6.66544833214406 3.46247375977909 
0.858877966997266 6.22874700344882 4.62322311961036 
4.5485181935637 3.95086079721661 6.70988961843238 
4.71620594983114 3.62273302513736 6.60822221203656 
3.89791025582086 4.19566390503087 3.82064170672971 
3.89532624882815 1.19378280943108 6.47891393019515 
5.88825616269269 2.73368843271617 2.21503507946036 
1.53645008618443 2.45439697761438 3.29034490929407 
0.985432393204394 2.69756567320705 3.51537112763499 
5.2503438659915 5.35414831264282 3.48590037474849 
4.92375566198282 5.28653668783735 3.73328534082702 
5.85744896763192 1.63604929778577 4.37632852063756 
1.08625334750358 3.21298570910876 3.88842966941695 
1.91862928823682 0.907886409664315 3.60674795217805 
1.72206758060344 3.89328282213251 4.60914064440233 
2.90691963400126 2.72358093497029 0.933911858829697 
1.85877338407687 3.21775036685853 5.45395489745954 
1.62664649595477 4.84052798829057 6.56717770864363 
2.40030547896116 1.89175000696243 4.68788817773977 
2.34167385657115 1.76992505215403 4.53651402415503 
6.20856989831943 1.94848184932559 2.92326718253962 
1.78118478830423 3.06174466297185 1.51755220572773 
2.67621275929476 2.32303718878712 2.72906782710126 
2.40646109709433 2.37927876280351 2.439475446264 
4.03719598522207 5.50594968572879 5.25644515938226 
3.93655227853795 5.50045279249679 4.71869547730518 
5.81920996275164 6.2002514414732 5.82489209685527 
0.557497685467544 5.51560899492444 0.845399452078907 
0.44081678139198 5.85215879383923 0.583480627492158 
0.421452521177726 5.96932759860891 3.4251553768155 
0.735162077442539 5.97598483370716 3.54680757028058 
4.31144877338565 6.5506599751885 5.01326875154914 
3.78838309746597 4.6161274544079 4.44949066754763 
3.89147598399025 5.33208586308255 4.52756030586526 
1.65497981084163 3.11410149483039 6.38666640706658 
1.23818692102684 2.66246994847364 6.13974212687542 
4.21593354207797 0.750178730310828 4.15425257314311 
4.27617741815741 1.13332635723565 4.05185402386819 
3.15725170671653 2.81323454965495 3.38251462233067 
2.98845361130382 2.82405124632957 3.10587656267344 
6.36481672931661 1.07824379461836 6.54998550045495 
5.22243648834448 1.63971831239427 3.0851880755569 
3.61646244967409 2.26044048363997 3.46247809470621 
4.75604534461432 0.386768880972679 3.1556076834256 
4.66319190296121 5.45295257317014 6.13302077486295 
4.77881394480175 5.62204365964184 5.6006310195613 
1.88300379273851 1.99881638714251 4.22791884141074 
1.76844681622857 2.33304234903965 4.4589658558454 
6.05536595812628 2.37974254184349 0.718088315436228 
6.324245790488 2.08495760288951 0.352640235273908 
3.46303947803999 4.38926897458095 3.78921252120993 
5.85867499924858 2.06889251783575 4.03796123119004 
5.82630619443172 1.76203477889293 4.40274014967684 
4.02808808044386 4.32444387777326 3.97206704946267 
1.63334031806436 2.53376166520701 0.356849956298442 
4.19147449075417 5.2331730738206 0.0721213775002507 
4.50900258510199 5.13586285912469 0.00615887831259333 
3.69720092654656 4.21466651449535 5.68859516311648 
3.0171031579759 2.75211393511682 1.87211901381469 
5.31180985086107 5.46172112493917 2.06241497952986 
5.38302525969242 5.3152238853949 2.00127168094205 
5.8487309289785 1.4545313075386 2.1387471988412 
5.79441641087552 1.66792585148553 2.29227851389539 
6.65551646466607 0.978507230713675 2.09593903317463 
2.2218002753252 3.23277142299404 3.04490066374613 
2.27390178244349 0.746815468783642 1.95969597639468 
4.598161579994 1.37401289334205 4.8911805759919 
4.40991753800348 1.45769148191886 4.29208407118087 
2.84547946601949 1.37437439416207 5.7005110490856 
3.10342962339208 1.24956373376243 5.66471434469464 
2.48863779776299 2.59318801323531 2.00346270961524 
4.89764672733386 5.04681940097378 1.23009080659334 
0.312690936011104 5.73219998487241 1.04621810679876 
0.247547780384379 3.13113001062799 1.26432990895674 
0.815866203999463 1.59331038965868 2.78899392370141 
2.77952226149928 5.32890468808054 5.74929044430204 
5.47840203460132 1.64037281097376 0.787323814546985 
5.4711841141601 1.68451738747969 1.04768189095201 
4.98564402774156 5.1752554694681 1.82001814030142 
2.6412417175793 4.72414750458618 6.83531246266529 
2.41145858051403 4.96760389450628 6.7587455270073 
0.655222276072132 3.64333502089303 1.30751301072837 
1.59759243469646 4.56403606346714 3.9533286154081 
6.53684214222837 5.1699338939341 2.94307706154492 
1.23500378519442 5.55317136836097 1.40497177420698 
3.4404176617816 6.39555381079426 5.78454455122027 
3.60331585906883 6.23187715319915 5.77052424519904 
6.53380967371189 4.07734604035555 1.84987006867483 
6.41325553197598 1.34777096144722 4.80698452869043 
2.76889287899336 5.4390964837823 3.69427973029055 
2.91470848209815 5.47136618044839 3.57478798041279 
2.70876272849802 1.55639639808964 6.27191302501764 
2.72361901583291 2.01260260871584 6.25578405504339 
6.2613297710654 4.14315248749445 2.23637161732563 
6.13295798914653 3.77946012600534 2.37090201292896 
5.43704297737788 3.77111606067645 2.86428692507822 
4.90583698082803 0.543012596759463 5.45498296790503 
2.24251442851232 1.54749712238648 0.551156083158201 
2.78543396788596 1.48222707021769 0.654813825223403 
3.14230866319302 2.16168999045198 6.68566079944357 
4.42083620107216 4.37189419153954 5.81930140337299 
2.47451658557541 5.39151713104046 6.20347765122329 
2.10495380621074 5.06010651379873 6.12792825665391 
6.60938291656023 1.31830327759551 6.22288859704919 
6.4978668180458 1.72048212290894 6.17046206790106 
2.79402085065582 6.39720152627152 6.39188588254183 
2.66476906388205 5.32942925553018 6.5996489314922 
6.35629457892949 2.33677064192591 0.968765404957511 
5.63376691431239 2.03514436978244 3.40125712078132 
5.44991136650379 1.59874821186212 3.16576997328787 
5.85455172451931 2.03062208476098 1.36623783301809 
5.69816318955334 2.27854804417438 1.99557299882969 
3.37174683762329 1.79437035272836 3.83224510573341 
3.50418848260864 2.19405966244426 3.77713679566714 
3.43188529361273 4.5476325018109 3.94058686032054 
1.01361583160706 4.16572292414467 1.59071725353796 
0.778193349779973 3.79430691755563 1.66325786920996 
2.16184123538511 4.46127690333702 6.38241293632288 
3.70304619515486 1.17867681138586 3.47362909203034 
4.03762646796989 1.30957335619029 3.15432689239478 
2.9261089889873 5.61069382647384 6.82684089892083 
0.403229200143993 1.24888057361955 4.04965232256198 
2.81325433235559 0.871396186005657 4.52547499577335 
3.94076769849925 1.61718407727545 3.02319445941989 
1.8290774728352 2.81368238028534 1.62166049366205 
2.03179995786081 2.4440029579492 1.36991644031535 
0.719112025431245 5.59253168573975 4.93812903799171 
0.860128639087691 5.33217509494789 4.69929612925118 
6.01934130976853 6.98749323386798 1.59850818131479 
5.8434706282607 6.94200704689329 1.85437865861151 
2.72650570643638 3.61050079288389 1.15020030655994 
5.31250446163995 2.9346305682637 3.58846597450723 
4.6894785386917 2.38807401503029 6.60039167733188 
2.74002530456645 6.12189911662555 0.91366450494737 
2.75315894017025 6.22765670697685 1.32385348558138 
1.60708836543369 0.0554821991676995 4.99221462455618 
1.81747681115524 0.198276976754497 5.32026972653779 
6.12882108865615 5.06216360694939 1.90823022942965 
5.85555604961317 5.3032937853385 1.65140785400635 
5.11322522197367 5.61518364557758 4.55213553456303 
2.46417262307106 0.754468204314921 4.84454046381088 
2.25116927181307 1.06207549218295 4.58246164419814 
5.89805647909782 0.16690660279651 1.90504517792457 
6.06026173217086 0.180843773718598 1.6537208003934 
1.54807380584153 1.18834389482762 4.44268366563153 
5.67333467181239 6.65027330624184 4.76520994889745 
2.4191610348316 2.1856493703416 6.32511565001191 
6.32370456949884 2.20071840144794 1.23551871942163 
6.45946743119519 2.57607573945058 1.6437935484995 
1.5331720306511 6.61213355632919 3.9629967257429 
1.20040688963684 6.66197607196645 3.83894433648563 
3.7445162041251 4.61539462367433 4.10466350451258 
3.8460872175977 5.26454757142044 3.96028322870447 
3.30040452551057 5.95143827980055 4.71872728877965 
4.89424614428429 5.46796578715634 4.41764872072502 
4.60910489811872 5.14746890876545 4.78119009624617 
0.0571548622030896 4.95171290269141 2.70546779558388 
0.0244119448606889 4.58472835014699 2.72094699662957 
1.70129318529583 1.74339006643027 3.46407859145313 
2.05019350375402 1.43039593627223 3.24670792892813 
5.70041634008152 1.33650659784919 1.3484722263125 
5.46558258358697 1.19407946540425 1.52678808621519 
5.00074301743933 6.00432263433003 6.58067488143265 
6.60881837811319 0.549562544747636 1.51992372876339 
1.49045790605578 4.42866908176009 4.34449972016486 
0.779285932656181 4.37379387492869 4.31054203701876 
5.96568440276648 0.91389966966519 1.11355879902919 
5.78789684254207 0.653304656967957 1.22617440210517 
0.658866657221478 5.722568744232 4.72783291062065 
0.784387797889347 5.48236749752122 4.50818033324055 
4.54526237865536 4.67719326001087 2.06882751402069 
6.57503796018794 1.50102927062058 5.15831185393988 
6.3191089084637 1.44786255658754 5.53009529600523 
5.87491402961331 0.497021303725514 3.77386595857777 
5.82029791134453 0.826526698460477 3.64424398325688 
4.46364389320809 4.57245746255877 2.84236958984668 
6.67396966133462 1.78370590811242 1.21172585175959 
3.01236703802789 6.42915121732784 1.3765684851041 
1.50080219682795 5.40313253683015 2.79315612829113 
1.08689412003626 6.14807461162866 5.34505070594857 
0.945043856664622 5.75037717814416 5.30174915329169 
5.26638523210212 6.15519878701675 6.53771899440642 
5.48980434840744 6.63982342135245 4.7042912533271 
1.43504204401111 5.08613289066283 2.535150023458 
1.67765408731611 5.26564337355963 2.66751294777761 
2.60416874319616 2.66901626491541 3.13446249790662 
5.92679854599979 1.06825828911513 4.89499701094935 
5.79597390746989 1.11242348448696 5.374360783398 
4.98089930220664 2.31659551787783 3.94716546419488 
4.70972709066081 2.07736930673777 3.82110927820849 
6.38947215827362 2.19514720344192 3.58541459621911 
3.26989917840446 1.02915911532772 4.65727300233746 
3.33889669358944 1.44710541090796 4.55064950290021 
3.91194613233893 5.89864841833 5.20979161679549 
3.10387286763648 2.54322147477692 1.51857741350573 
1.7317766487044 3.85309401158357 5.85357411154758 
2.23930329147187 4.29928077053161 5.87998878774982 
2.88684616367214 5.59061968805651 2.92584141960531 
3.67435105934765 5.38539456193524 3.79679152289122 
3.35072286158195 5.15662253028678 3.66049291327246 
2.62933552432469 5.11577581282235 5.51203345157386 
2.18372205548402 4.89347263179326 5.67895564905819 
5.69023642813521 5.48310034689792 0.648953846487133 
1.48532851985637 1.39818813965926 1.01105591766933 
2.10349595754652 2.879066135523 4.52611512461805 
1.74754922226304 2.60752407032169 4.36362157685148 
4.70126213864532 5.13741680020322 5.06247007867451 
5.12741792974773 5.41085040307967 5.1647840822497 
3.75540444034648 4.15523823827031 0.483826295945946 
6.51549003930342 0.294899377090521 1.66047451997774 
5.93678110285261 1.60298181321855 4.08620368418486 
5.9059675443119 1.98535251155298 3.90743647199112 
1.69946094733204 2.85740819045973 0.393994295378516 
3.61994524423563 4.7736709909757 0.20106449622075 
6.5149763307297 5.39773760007478 2.58456721346968 
6.55076934677816 6.04925636084658 2.40868074115443 
6.4711531312113 3.62924475828142 1.94181934661612 
6.22462817390681 3.59983307693065 2.28028202963302 
2.82566371665125 2.1375047563775 5.84836895527845 
2.86203580270874 1.72564168795173 5.5122834108475 
0.910105962408055 0.408905511411581 3.61640405327015 
5.14257334254511 4.2085073346425 5.44862376593316 
4.77116768447629 4.1702444181164 5.47559024294157 
4.92633915542076 2.30683520545245 2.80018005924032 
3.78195861382013 4.34218514924401 5.52900805337796 
2.25113848619751 2.9150316888419 3.09572691907732 
6.02562360870494 1.30722588678407 6.77241610757209 
4.74539769224682 5.35665813157605 6.21778530478708 
5.45627248043387 5.04995332458337 5.99000250323367 
1.67950529102401 1.80621477022235 6.02958990139278 
4.14736415208324 2.67425576398704 5.22520979082358 
6.55191923805025 6.06629684971583 2.06823614099968 
4.36456829136968 2.3960469490819 4.97625632419032 
4.81013126157398 2.62681737895273 4.70774914178199 
6.80839617922387 4.65298083284631 4.52002467268971 
6.24811349388447 4.75722306296686 3.66924800365003 
2.744426988508 3.58749205376939 6.23327301567765 
1.14480762998857 2.61535225907177 2.20940300036503 
2.45841769000762 0.757912793441962 5.09766196656331 
2.2428384924368 1.11565634754276 5.30882245713855 
6.39386470667199 1.92100694720653 5.54708165791697 
6.29079713042902 1.77168781876961 5.68334539493852 
3.54353108367873 5.91680229529342 4.60229981852942 
3.85869185886522 5.8819725222484 4.78664208875694 
4.36122834733161 2.98256366496497 1.82117197789198 
3.69380156215801 1.75423132177969 0.512673597494001 
5.0168642218485 5.54506275265581 6.60366712485292 
4.17148607906154 4.3389635095637 2.92970256465877 
4.11060182493618 4.07420343846606 2.67205951877012 
3.51815037078663 4.76713973613248 5.47309794035024 
3.88183036865388 5.2399247741759 5.58516446746079 
3.40557531062054 1.5294751785375 3.42665365915849 
3.53896171886463 1.75467517349565 3.1852993810569 
6.56739003673026 4.56822983375903 3.93307828813402 
6.61187260345213 4.2576422050614 3.66624379928133 
5.3356458374488 2.25593739345853 3.38395130998697 
5.06310794105621 2.04166210861707 3.2041973322276 
1.9977325843678 2.09289726296302 3.70765675190631 
4.59571890454122 1.710593107665 0.35734015171136 
1.93077257675518 1.92338915561016 6.76990053369614 
2.13440900076573 1.88388450427559 6.39112606292351 
0.571802385664813 4.17697313449566 2.57885225546071 
2.13698874257027 3.64992116361764 4.55722537818751 
2.29010163085932 3.53497827407696 4.12201390036536 
6.31478691211937 2.68810476955928 4.23494822223752 
4.85280311378888 3.93995104575872 5.43780058709834 
5.16889339233144 4.05006901654148 5.42078820806778 
4.93644611111201 3.20127068994304 3.66138600735546 
4.57121587524991 2.97854336406438 3.96294141539958 
6.27893006079121 6.19777802744253 1.88589368116837 
0.96575369090582 2.34984695795048 6.30536984190607 
5.03879705488667 6.63392441288923 3.73218512146796 
4.73030998878625 5.92484735812097 0.524418572401094 
4.84893160610432 6.20496758221399 0.454703905184479 
4.89575127380408 1.06413555520484 0.324967996765047 
4.80496811922863 1.4533581899126 0.657906286197219 
2.84096559403368 3.9461618114234 6.53258955540621 
3.39487844174227 3.72212583080038 6.77283388474584 
4.11274034788268 2.32632528038596 4.79256661048358 
3.87358014163759 2.54345222438264 4.94606309542355 
5.18642520403554 2.80862877816786 4.86500320747753 
5.04885034097044 2.51668816628117 4.71848906981226 
2.15734701961244 0.242903183148068 1.74859207847275 
2.23645602078174 0.177927114961241 1.56818711747779 
1.82248010046412 1.19838941165418 5.81473182583238 
4.66091587346381 1.85954467166695 5.24414255490695 
3.45061364266053 0.687643992204921 3.43736440603278 
3.62438784120141 0.538699897944401 3.83000240215061 
4.23345180201751 5.15316209722438 5.66783957119039 
4.301293453827 4.47557634427052 5.6218641704647 
3.43266147307408 3.0281082417434 6.77398684417465 
3.54722906611814 2.16142333635021 1.64170744587348 
3.39599415275405 1.75930957793227 1.57291566203142 
1.06226669499925 6.55076287347873 6.16405148273205 
1.39517350277785 6.51824835718696 6.23464759200304 
5.94674061057148 6.62602838987367 0.868888593323863 
5.74722570088289 6.86227456320887 1.02969586568701 
2.52498291982315 2.57022219846358 3.4445061108995 
0.214404541110695 5.48080680321915 3.48752595736088 
4.24126999517345 6.42042478751554 5.30663578968552 
3.95973974481231 6.55416357890673 5.654426186858 
0.558165544257424 3.85716522226126 2.6501994222909 
2.29633565214207 3.08442263583972 4.08555229553818 
3.48663184563586 0.515491086244679 3.28149516013992 
3.69238189268109 0.222246088075423 3.53951339258714 
2.06010232088402 2.95059356846906 0.877781251398396 
1.890453824045 3.17956239099627 1.07567043401867 
1.56352065878086 0.959240153044127 5.92386590506873 
0.273162294932232 4.86427311187874 4.00488836326791 
6.86176224306732 4.83791819372738 4.09658849394323 
5.43234852139403 3.78884071513987 4.23042045573112 
5.48658153777097 3.7289617286931 4.52837408946039 
6.7506759014021 1.77107823103142 3.18407867463696 
5.01729449857199 6.18103788045186 3.35233804789065 
5.14610421371095 6.60085518012593 3.59016690765044 
1.45454735104431 1.91006578064235 6.65348935823925 
1.37724236441186 1.82015349045423 6.21612625540408 
2.42443004154483 2.30186160329364 1.64420420063053 
4.42125788585202 1.57347722523378 5.07531667246272 
3.21163018349452 6.00843106392279 5.3985439395058 
3.53751978288923 5.96351346675248 5.55103386696677 
1.24256505842507 3.1662889204263 0.508026785670941 
1.26394725426298 3.29533107114655 0.728115075833667 
4.39540565423279 4.11253249078336 2.38314726471641 
4.59972827098941 4.39691070565898 2.46616525476248 
1.77323070250613 1.37907061258763 5.28021148532198 
4.62585937924974 6.11653463024155 3.62038691586885 
4.65669490191851 6.34111195016173 3.84075214516288 
6.67040407641907 1.0877996098522 0.810309226806959 
2.84131334087044 3.79121998517535 4.13795378731166 
2.79624010831619 0.845966878541313 5.48665194276352 
2.58772750473444 1.11645260258325 5.61550403716452 
1.3076959971178 5.87764913652787 6.78442660261751 
2.94561042796679 1.77765079055003 1.41096714821328 
2.76502292192852 2.28554070278711 1.38720695499068 
3.99873930985946 5.44500950588502 6.38859229505017 
3.92447248582194 5.816098065119 6.47273826975224 
6.3465217806377 0.872249035264771 3.64534188949287 
0.173625343723569 4.48246598439576 2.85658764956527 
6.72744692267913 1.96692890916461 3.55480693354342 
5.05916443187052 3.71142027565108 4.08315715640592 
4.7249442014049 3.51864212149767 4.360685259734 
4.37527488465641 5.01643594154872 2.85228379075088 
4.32031124570863 5.34491983225037 2.50191463016939 
1.63094767355086 2.02094179206866 1.03422786233363 
1.67900842418471 1.52047779699333 1.08476760170102 
1.4368855949113 4.42972929951809 6.6247937133211 
3.05317576043349 1.03623289073087 0.796764775878022 
3.51801950915221 1.14546865992858 0.836291688729472 
1.71523212525241 1.51315140030358 1.57890136050663 
3.28023931215604 1.83204388781309 6.87109719863014 
3.55999079941582 0.542981738987058 1.52830906959963 
3.74974616306985 0.985630917548606 1.09410367455556 
3.66384666219525 5.48178094796469 6.22954375692863 
3.67422494590074 5.81032543470306 6.33696717663384 
0.413870351039 4.65085588394524 3.72186942033897 
1.48654239614137 4.07535345447378 0.706084062708496 
1.20520765126869 3.61222237184786 0.590763895179327 
6.56494557233499 0.926539277392148 0.855814739086575 
6.41184049916649 0.872372542068392 0.627163389162781 
1.83247427708697 1.14251610685707 5.50896703514643 
3.64126250879322 2.92150903836199 6.64713840258268 
5.3868844167606 4.35781662802018 4.25654773586776 
5.37197794765094 4.10862080437736 4.07218166627788 
0.496706761070217 3.70142283284923 3.75929825470936 
3.97180552375175 5.27009167943439 2.91520446481871 
3.96614854776394 5.41046309490427 2.75030869583935 
1.17539279132934 5.55454560840669 6.6398092317333 
0.685039882983153 4.40584168485631 3.84679427373324 
1.07999576649616 4.54634613185216 3.6026912972833 
5.28617930096342 1.39843935905355 6.42460756898477 
5.16559714148762 1.31466031258786 6.14591809577682 
2.99816387125465 2.2270866331171 0.413839142414104 
2.71354382173189 2.05621797377485 0.671838301618026 
4.03993947921846 2.89726833392033 2.27237237793344 
4.00445866066009 2.74829502784566 2.32468609703522 
1.10080005798305 4.24305842792958 6.33561681528421 
1.21768491191399 3.92003540773171 6.22503617988577 
1.67560082575571 5.99962410602696 1.0415609005198 
1.58994662327451 5.78873070860445 1.38453816032973 
6.54805698432126 2.18855960678899 0.837694064128553 
6.45396503081522 2.03384978459451 0.413740327248821 
2.89034666574836 1.63317154906162 0.69334736001589 
3.2100998413764 1.89101139425905 0.374813308923246 
4.58335082187022 3.19690159884885 5.27240414560977 
4.24682553022339 3.06177078118276 5.3364362811073 
1.19526877983475 3.42231800187228 2.74756029684181 
0.967239999100433 3.33317813539765 2.26267648390593 
1.62654616757285 4.18311283530191 6.58712730996525 
1.42243159463692 3.86969327875443 6.29597294012492 
1.16269852041245 2.95769868617813 2.80848945405033 
0.969338125104733 2.81696715644385 2.37406190559829 
1.03880062771504 4.19029736950636 0.869191525305936 
0.867022500858091 3.95998763573893 0.79431450365447 
4.93591845338278 1.49272571110337 6.5489935186047 
4.81768590020698 1.39654680209203 6.25671642132153 
1.71212347485696 1.68423940387838 1.65887387756791 
1.66390182779839 2.11691375558536 1.34542118127568 
3.47542604344781 1.17050008602301 6.37362341836721 
3.05028392563498 1.41853765558591 6.63511254375728 
6.57213867457479 1.20862867230611 0.409849900923964 
6.49140275478059 1.13926491846402 0.367196815802553 
2.69240367665611 1.5737550502965 1.7044799621482 
4.34090072274766 2.07548358935553 2.32855162600168 
1.55237454681436 4.72900068198951 0.643872037491164 
3.34558683871009 0.890052660842688 2.17135094300212 
1.80629370564187 0.189954258609182 4.6540365907525 
3.0444058330277 1.04683932251357 2.18822664613113 
3.0808335142578 1.38630883620449 2.16560335183898 
3.78984281554331 5.68358090390689 0.64730682417299 
4.01919127796103 5.86359542379704 0.935858638713864 
1.13884878760147 0.456788181051388 5.44857491101886 
1.4664761615125 0.468475447207684 5.59627038060914 
5.63012809380144 0.882272084167234 3.33679689363645 
5.44323472962238 0.41261304345929 3.03712413082335 
4.75798034561458 3.20263587016288 5.76235268772748 
4.20191162614525 1.35935934198384 5.33639635149892 
1.48382377466672 0.802963757671443 5.62410390309274 
1.09344956297768 0.735274314421321 5.43891194005603 
4.0971533021896 2.34998080351141 2.07708372948181 
1.92960640080616 1.44287395755964 1.72928317148294 
2.46031471980779 1.23955107972397 1.55270260471217 
6.24486611816061 5.25354878157906 0.749072663552764 
1.45150299282531 0.429529507218072 4.12703303794322 
1.47670571865535 0.524280203398825 4.3756042652761 
5.15414275191581 5.94600541487722 5.36595046925628 
5.06487850468466 6.2806947272536 4.8977163610872 
3.59376249002481 1.17289244750084 2.11325982932656 
3.3955307649637 1.47079688140173 2.09572002043677 
0.645966649974598 2.34304342507181 3.84333190767711 
3.85121439721184 3.3063389613752 5.83838267728823 
1.84798408690177 4.21224830151573 0.745418431998189 
1.91965870982282 4.62120139414056 0.799617415465316 
4.57780777424751 3.09426112390162 5.877517297416 
4.20772429876776 3.01041081151471 5.5662784206926 
1.91740207479355 6.36377213450815 5.52550229538245 
5.94408916703065 5.36099516712023 0.942532511305705 
3.22537040339642 0.709142600940295 3.39373452944717 
2.7800710800768 0.65025111933868 3.79706044893508 
5.04623435580452 2.07448546673014 2.35759366479699 
1.39063565814203 4.44735797162669 0.546066938069819 
1.56240284572962 4.17381370276419 0.59857405977976 
0.70699371710676 3.34999545949197 6.21478519352378 
1.89275456367103 0.993318932306149 2.03011128633582 
5.72474908213067 0.64794570788574 2.4860697337919 
2.53541174203884 0.238011700746109 3.58439577875821 
2.0369197549692 3.11836496792988 6.78951353563971 
1.91651261418503 3.09768823765602 6.7909171874853 
2.06741380739712 3.03157768703903 6.86541432897538 
1.94113651905274 2.98477173221529 6.88940755262877 
0.693365515405615 1.37584242375825 2.75104640835238 
0.821952880358758 1.05555918739498 2.7590489506085 
0.634889040582415 1.22462178374733 2.22874398072358 
0.808679649536062 0.886715704733499 2.42620831627117 
6.21124328715233 2.99849164052904 3.04806470800743 
3.90806290992213 2.13419283282209 6.58070145199826 
6.45544406768923 0.751954223085935 2.41963516934652 
4.67883244797395 1.95782721104634 2.10485114726714 
0.667925299935215 3.27627586428636 5.63139864203894 
0.780318685042329 2.95106592295736 5.54233552383184 
6.0015163640354 3.23086739425332 3.19755096871293 
4.9543229329111 3.51222031669788 0.535632201765384 
1.05319640715492 2.71313713828012 6.13324537599427 
0.809192466843499 3.21096364559359 6.3662373757606 
2.21396473390177 6.44481105075594 1.42460765160306 
2.19353243280924 2.75038601610012 3.49286267106606 
2.07872058848569 3.00331657826591 3.80913202408869 
0.537718093988492 1.96734461376779 6.03733458676245 
0.713273480530411 1.73253966636725 5.91969387228687 
1.61133307999884 6.03180911545442 1.49283098645621 
4.61268353446422 6.56656926888645 5.13584042506262 
1.38618614458087 0.85868818358132 2.72877650781212 
1.82322289062589 1.12451709264385 2.70754040717074 
3.75383777120582 1.77169232905873 6.80119531941969 
3.81141880064749 1.33644997769462 6.44094937409839 
5.90529094377509 0.929663337397757 2.5353479287376 
5.91588414408578 1.10464863918898 2.93169472401971 
5.41137112032966 2.96415880336427 3.18945581619393 
2.58701616639827 3.24392256185461 0.508449611474863 
2.53016723758513 3.17894549115686 0.773692432570843 
5.91493753033584 4.35778690119496 0.162135803308302 
5.79531410823183 4.04185616692517 0.513579549797851 
4.56738057303313 3.65624953336611 0.38974996241354 
2.73093585357714 6.3259878847819 5.69653753448663 
2.55118710704448 6.07100451707575 5.68927037346926 
2.62369615638771 6.46910800507827 5.5642079681879 
2.30734492264559 6.25291950540806 5.47964870220301 
6.73056776565815 1.31793117538551 4.1436562050397 
3.18228395612515 6.45875601657662 1.12157905393075 
5.18810043793937 2.73535450423826 2.77390322404271 
5.43454379332896 2.74358729674199 3.05704492437598 
1.62465906576718 0.38476842030331 1.77956378992493 
3.25637709504165 3.66156606325101 4.85385418416484 
3.62955152472152 3.17041529541475 6.4008635171692 
1.89707465473161 2.53676602801132 3.60332492286507 
1.7934064848444 2.7590850970335 3.88226231376438 
5.42821529871473 1.10704107259627 3.47418933443248 
6.5973019308153 1.34477206029285 3.9713508282426 
6.79074791960427 1.49631003827404 3.81020935900131 
5.39500589336432 1.04924192176566 4.02459178440754 
5.58164336309242 1.09325629333657 3.79276917099149 
2.34273726575558 2.01730532271025 2.4157363690133 
1.89865710777132 1.79246963574433 2.47261861203201 
0.660124342814267 3.83744613941107 4.50038581904416 
5.93290805636421 2.98210752665539 4.23989767903004 
3.4204039035251 3.25654116297901 6.55228152789299 
2.96269413435485 3.28939775686031 6.22473563888566 
2.61712319078076 3.69582580218108 0.560988740865608 
2.53303256730488 3.53836588017816 0.927354927448184 
1.04880741224813 3.59403869992194 4.56983638786892 
1.58022260074504 0.827995287272514 1.94193754760619 
1.27519471584886 0.71048164336137 2.36599283465653 
5.13077374768053 3.20806041045763 3.03413472264689 
4.99225236592279 3.07390254816755 2.8026241572762 
6.75841992094031 0.604280189468655 1.83792407909128 
3.42336556019032 1.56260515614157 5.42119453072976 
3.55382677991566 1.45935597724011 5.19240856107815 
2.99872489313342 6.27052639488675 0.798590053044874 
6.51229022184312 0.4540870361507 4.62746490921526 
6.12410743896198 0.485114640060981 4.76322106302233 
2.89888424065035 3.9832831251771 4.57617897920319 
2.60343947745845 3.95349848232734 4.79240594087807 
4.50139043976916 3.5110228778241 6.23150757214 
4.19201953994698 3.83269053019627 6.2323717064372 
4.04324492033278 3.43799254194141 6.16999003473256 
4.40072062685081 3.34297813992617 6.21952899530278 
2.53286037396881 2.45586696523769 5.78996279733411 
2.24545476431053 2.47362248126821 5.5451856320318 
5.29552003751982 3.3869579108651 5.93126254391845 
3.62776477484982 2.54456748659491 5.73227349628147 
2.36503129185577 2.4821595510887 5.98308063446711 
2.08263395095685 2.49590050553926 5.72897705844221 
5.53383360744638 3.61403584024737 5.7853277306994 
6.39356601779618 0.279505702822006 4.38196371384285 
6.0140283389204 0.324875835854273 4.54520381685623 
1.92636993252619 1.62299657084748 1.81305739538185 
2.36245985866217 1.87068189165275 1.86137540740817 
3.46196061780649 2.48064012777492 5.60612369282323 
3.05420425662156 2.83577014628799 5.59355920288329 
5.79839899487966 3.17080124516131 4.63066328940188 
5.8049344853917 3.53643956543483 4.53029330418178 
4.62931862386934 2.10164585506283 1.75274693162879 
4.80931454019756 2.37117859649398 1.6099269207415 
6.01821184666842 4.20146593013173 6.18607124125441 
6.23901206048912 3.85146418845741 5.95564954826786 
3.5421354559983 4.1136616509206 2.15414203010624 
4.9743295044466 1.03389820747626 3.4709201837515 
4.9029994468243 1.02853351785125 3.74367577959321 
1.16956246534808 5.22549003198447 3.5466342966762 
3.58047794056629 3.10714383138738 5.96054539605088 
3.20202736538462 3.2068674637704 5.83616232853664 
0.786702443127629 1.8370887714385 0.714959219671509 
0.7306665708252 1.72021392593586 0.287130462446758 
0.913556599462708 1.75371587631766 0.270917050021598 
0.974853135312878 1.85649061659201 0.667342059818027 
6.68091244246838 0.403087784822501 1.93403963574018 
5.78340875487504 2.40123435579792 6.18707020774158 
5.98830001624593 2.85789098987654 6.35220749136186 
5.34406759239222 3.60284772004728 6.48721941459032 
4.31895434383418 2.32663908663108 1.69966472866856 
4.4495752704643 2.54821903465295 1.59752385504328 
6.35600170198475 6.69605492290579 1.50231702550268 
6.29480266657506 6.49317632587278 1.09677841907097 
3.28733921413524 5.17652835128433 6.32285314894969 
2.94870780629016 5.27941026449419 6.635992525735 
1.49344199640728 0.634218860201797 2.99466462974288 
1.07238796477945 0.678067145307163 3.51466101058606 
3.31959982906869 4.86320237331767 6.52201422580749 
3.04620904686677 4.9659837165549 6.76761607379573 
0.965944018248016 2.86345828049852 0.47726728315028 
0.401438472381052 5.99174521116037 2.72042039825827 
0.449054557004039 5.24660163347836 3.68754724271146 
0.827760205770083 5.47883156239763 3.74855100843684 
5.4557057016938 3.43133689173824 6.12960282222126 
5.63395714898703 3.63753924961574 5.93292836668397 
5.46304413274315 2.62972498327259 6.29373310173491 
5.65176580340784 2.96730676165606 6.40474885218202 
4.25897829103427 6.60841880447551 5.88020111350198 
0.491537778851486 4.63635074259326 4.93063974545973 
0.735744596240645 4.79082895624984 4.72024442691279 
0.481479473804111 6.16846808879799 2.91965452233293 
1.58104610851727 0.825405292631512 3.78951593763079 
0.399362417698207 4.50950302806003 4.69783794542249 
0.579041115266918 4.61600698611985 4.51123864796724 
5.575264331402 4.21813248516589 4.78092869669211 
5.58024167922593 3.96794916571969 4.80895369191276 
1.22478280308951 2.44124042758464 0.382673096109877 
1.11410497953113 2.15614360259339 0.750534255190686 
3.35123968822915 4.40369548646931 2.05469245074578 
6.35312071240325 4.19032615143446 1.16228442492388 
6.13535620833362 3.7955884898491 0.975280702471934 
6.13819273975586 4.33580164897361 1.04156355794018 
5.90422965833551 4.03506997395966 0.862511104225353 
0.817494091618958 5.84102406782475 2.39876726436213 
1.04588786933916 6.00900463049876 2.51275720563822 
0.987767462130667 1.49954523248881 3.75430769955524 
1.36289035619676 1.42176771001613 3.85362062367037 
1.38943663753463 1.51681726271919 4.17200429669185 
3.72884010343884 4.5735094836012 1.66347481909045 
3.70983013662503 4.5823406131595 1.57542805180003 
4.33008267045087 6.19274111355064 6.35860201321558 
4.69927165182388 5.98908239541335 6.24889866305703 
0.590959348026366 1.40360965999277 1.81676475854039 
6.81920042123259 1.38886263798612 3.29362366452872 
0.303871969378936 2.69503768354082 2.22611388915703 
0.213776511839183 2.58024350396962 1.92910136686964 
0.479130909193134 1.47914362863598 1.19553707796404 
0.653483424800338 1.24814705837637 1.47044330424646 
6.51843668474849 1.03631164387815 3.20184208239553 
6.00330628321247 5.31693465243173 0.219498799020539 
2.91633960344302 3.00155682815061 5.17628994628231 
6.18319534469582 5.25054240093464 0.287311198750667 
0.297874221216193 1.80154932199723 1.33029465720243 
0.321911635024066 1.84807596411205 1.60753663725551 
0.784628329247749 2.51712129919785 1.3422734561126 
0.684348292928382 2.85174555658625 1.15223360443839 
4.57681941002394 6.55663144383922 5.68610305607939 
4.52537262081022 6.43886488128114 5.40227994350116 
0.748604609413157 2.39656666326659 1.00005934208553 
0.665140518107754 2.72016849795723 0.898048063040659 
2.38066949692329 2.87947695805196 5.10104869060755 
2.20202820743247 3.18485775823058 5.10511610147256 
2.6920644138221 3.66049182870763 5.1905346236536 
2.98596363348807 3.51545150409903 5.20343154463641 
6.18011837535319 3.32977750637803 3.84725459276969 
6.18931126375888 3.58319590067195 3.92918677669075 
5.92349381138067 3.23681642295901 4.038920170941 
5.8804720047677 3.50906301594355 4.17723830050808 
6.18095091608705 5.77343999633541 1.55217761432047 
5.99021596619238 5.68943615230227 1.52625986918063 
6.05232541037283 0.302300563361537 2.33346220199528 
1.49007527035614 6.49868655283723 1.02694832899593 
5.22356480476758 2.55399307541925 1.78136579362833 
5.3879734849438 2.45665384773711 2.04391946703504 
6.18554706118981 5.80545158774388 1.29879991999004 
6.02538261300206 5.73910997410741 1.27274231642681 
2.73614688201498 0.654079401175943 1.25400216093217 
3.31781565348721 0.500629186333234 1.58825911239597 
1.69195470960834 6.20980976164401 1.13955456349705 
1.97268779243393 6.40209844627901 1.08008964319839 
6.45620405230483 0.451055421195883 2.33932508788813 
5.32830544231015 2.90536972855481 1.97762146222828 
5.44910728138463 2.69610671030115 2.17013463500114 
2.12529779878807 2.63177131753448 2.49737110198967 
2.0744886872993 2.89876277789667 2.87670110717304 
4.23732291742197 3.10205274013005 1.18883627932821 
3.59813340128691 3.36323167878134 1.29571265167829 
3.89060436255995 3.12478023663473 1.01657251381699 
4.84526979262118 6.21277778731461 5.85719456777849 
4.83956470946881 6.03628295430109 5.57717208958877 
5.32799954345711 5.7670327312485 2.95178903415752 
5.54793106805605 5.77581714044249 2.76803833817878 
1.65039578741091 2.47599482807498 2.60486208311253 
1.62256659599378 2.66292127183147 2.87757721779162 
5.24730803751567 5.53158213703799 2.8298309765679 
5.4377767545687 5.52285945139631 2.65662316933138 
3.73639508365874 5.40079765454264 0.706363156562917 
3.91783296257308 5.30915664941142 1.10062169130647 
3.95158188483757 5.02903633265536 0.381264948820529 
6.32568948126375 3.05141414255208 2.84780072889906 
6.35834058120125 3.50722596465235 2.62645641570253 
6.51871300632561 5.59743299644189 1.78617325328496 
6.48765698175015 5.28747723389024 1.96207037268732 
2.62304945084537 4.48141031690337 2.08731374652618 
2.84189285713204 4.28706239761165 1.92596030913843 
2.42888786610903 4.59723392007347 1.65809278047212 
3.04154336366698 4.45403002890878 1.27878125597277 
2.73249735502679 4.32698213701515 1.57794273831592 
4.50110880426341 3.59459508945064 1.62947800098186 
2.37192051750303 4.94247944773179 1.51591170642073 
4.22161238815327 3.24564358620254 1.52838163752871 
3.74634650903735 3.42917578996246 1.5602563167433 
3.32904708783263 3.22556115113208 2.04393397385204 
2.53621384444996 4.41609289928687 2.99675772896628 
3.08615499370948 4.38320299854255 3.08062357983595 
4.60324940621378 5.58766418986826 1.24532780875872 
3.06378067808387 3.084576630516 1.81794738554714 
2.71609810985571 3.35390017562639 1.89381296054452 
3.22522224520781 3.44374211137574 2.21070341844612 
2.81613853058794 3.54993026382596 2.12764343097225 
1.92090702728028 4.13718711855083 1.32249478109677 
2.10826572877109 4.56694934136437 1.57488703815178 
4.11564864506685 5.64568295605746 1.20276995826106 
4.02187726418784 5.77330027604838 1.57162811074345 
2.90663584431548 3.92936366889543 3.32390119282398 
2.64135793216146 3.93910893954825 3.28147019798554 
1.6552978394708 4.37428032750134 1.96088680945337 
1.54352874398793 4.11105929719016 1.74434400765363 
4.25876959325072 4.50771995492772 1.12270624750409 
4.21116212207871 4.36040336215355 0.745980079823907 
5.89688169108205 6.39068505157251 2.46249249629936 
5.86827615692806 6.3995445741212 2.22081359394054 
5.61539530106819 6.25345902874251 2.48278482302809 
5.59822451442558 6.26905145977315 2.2318767762139 
4.34058806988954 4.72273130864687 1.00178194557577 
4.31591475346265 4.6394345813995 0.70655965262415 
3.71890200832568 5.34403583017978 2.66329520861811 
3.36593881102503 5.60322800037182 2.57110227006622 
5.56508092787024 4.46386529127168 6.13540596823769 
5.48141036460823 4.34786785284841 6.47108487296391 
5.6277081389184 4.15036266315031 6.44762167486095 
5.71840006756368 4.17471313143109 6.21580154473966 
4.89493385079595 5.38462414709869 1.91109669426246 
4.44671652115193 5.4427339287402 2.20871888324715 
4.68261747760158 5.72282516540151 1.62257188866617 
4.37667396290725 5.8059024957753 1.80072338260126 
5.80096460170957 5.87942409140588 6.53257990290182 
3.55261738728828 5.21605943283551 2.24479754905414 
3.32220381158578 5.41612255463646 2.22447502975425 
2.91325266113823 4.81156917757649 1.05839114539298 
2.56863941246542 5.04606524778669 1.19669545269563 
6.01584001269573 6.02038694987578 6.03606696002113 
6.08623196096059 5.63741695585882 5.92876810741817 
2.85939579832102 5.38100083182651 1.19326473743101 
3.14713170664877 5.19550369740628 1.08378273453758 
5.60912949329172 5.28289417282114 6.56164996768342 
5.66285055451853 5.07243459600924 6.20075100754069 
5.85158009552731 5.45161212859789 6.54846511741861 
5.99014066468369 5.33695738771633 6.24255644699317 
0.846758054339048 5.43545149227903 2.40572745678046 
1.28334296308916 5.20882525546029 2.6555081316918 
0.358573347399273 2.44972656334169 2.72655674131511 
0.344038369004569 2.08961066477599 2.93173093733078 
0.281440372697633 5.09590683778703 2.86541908475657 
0.397229177969795 2.64658135763732 3.21632452086031 
0.385253183233397 2.4170953049957 3.36642676861029 
6.34877826807991 4.78293358358545 2.96486732285331 
6.58584729593422 4.44072512212732 2.83830024237769 
6.20388473289577 4.60683645936539 3.43394632112509 
0.465635779375034 4.84970068030636 3.06802899906833 
0.915880560308849 4.82259028192166 3.0389748821683 
0.554447377377981 4.89290906629202 3.4851709286818 
0.923339369569857 4.8596308704851 3.41668530486594 
6.08424669547364 4.04137446167811 3.44329229378065 
6.59608490790029 4.24478309124774 3.01978486884061 
6.36902026416056 4.30230087727834 3.41195971971539 
5.98408395696672 3.67144562816305 3.00174258702203 
6.24799100113227 3.70795018458723 2.69654767709729 
0.875463620102838 6.2561051717796 2.86413539806774 
1.49542283306872 5.77116737943866 3.03893352339623 
1.06827036420376 6.15940103882642 3.16716479941297 
1.28432095267173 6.52595977148495 3.33402519746095 
6.68493179484468 2.92156968793735 3.58488512533643 
6.70724457342856 2.66302411832604 3.73707327157602 
6.66158262073848 2.81122732253601 3.98184158835211 
6.63593182214718 3.06354373855175 3.83805561351489 
5.96632587180548 1.74152115667443 6.68324532803282 
6.12611933361824 1.90690004568759 6.48335956958709 
5.68287806418416 1.83094100295044 6.52376932909759 
5.86748612119437 2.00391332012531 6.30028960875764 
6.4116206567147 0.478060915712842 3.77755409417049 
6.5272766434832 0.427944368016241 3.92237327243523 
5.21258126455704 2.17628909485971 6.87906202962076 
4.9642392258737 2.10336872491746 6.87818849922564 
5.14884849812172 2.39158273239527 6.81520258624859 
4.87313346196811 2.33119802390234 6.81756784344987 
4.29963899689693 1.51224174434112 5.92912489944963 
4.075632559083 1.98738882571688 6.13189436673814 
4.02657731845595 1.63315041882695 6.03383583344422 
4.70815339137528 1.89607279719251 5.64412893875347 
4.53531775102672 2.21552379677927 5.86673203800707 
4.53021996150163 1.71127086761593 5.96589050149812 
4.42943858804518 2.02423889386624 6.08219395726438 
1.40932144361458 4.619094369235 2.55139866763751 
1.66906802327259 4.39810461950491 2.693807517666 
1.10886151801743 4.46037348034725 2.81188233813915 
1.34563806855699 4.18961255507444 2.99903325894287 
1.90273096544224 3.73126507851504 3.82915542618086 
2.0687280129371 3.65279460940914 3.80601956878545 
1.80659245978591 3.58735979756155 3.7150036552226 
1.98611981642345 3.49778681581611 3.68860475803707 
2.8482308951346 1.7426538350666 4.31793481698271 
2.92959556506848 1.86741121845454 4.00419305782521 
2.60199637687746 1.1063643513376 4.3463043203128 
2.55715610383507 0.986737458580649 3.83378357151414 
2.73247603050771 1.67998033993901 4.27905225721474 
2.8509704520053 0.896853208016382 2.60436076366517 
2.55664977635383 0.323062244925446 2.7051578396665 
2.49451907101982 0.723669179335883 2.54466995874812 
2.77405818014026 1.78445547417557 3.93703576387709 
2.72425302077819 1.42542223061911 3.55134989340543 
2.42592475056542 1.60157732514369 3.29143743329129 
2.40825886715384 2.02082166301489 3.58561968563623 
1.85438360205358 0.73852236730968 3.1007465235738 
1.88904426398327 0.820013254149915 3.56848145208884 
3.08327635838047 2.41309421000924 3.91892000213048 
3.03286842570054 2.68249125460354 4.2338610641112 
2.20433986512659 0.271096178297698 3.05218311496976 
2.3396647029994 0.241095860173871 3.51986455968614 
2.92566535461421 2.6736050017982 3.71406699249782 
2.88476994463548 2.89261519390077 4.00814389361337 
2.48467162512603 1.583411923879 3.02783555924285 
2.61635862709205 1.91303260604115 2.7178755582425 
2.93682544312751 1.67103461882376 2.68653581327303 
2.81726179319712 1.42398608482833 2.9338752548548 
3.25222870879371 0.500993952188752 3.19854041180102 
3.03459158024801 0.225592412658448 3.18973477615842 
3.14715132220563 0.495165959799932 2.82597267207115 
2.97519244103538 0.267294270763605 2.84111756384395 
1.91765880150132 6.18507410372263 3.35636346100896 
1.78292438215958 6.43213708235121 3.42085250619168 
2.09721967525884 6.28435213665053 3.27099211277573 
2.56561835307603 0.521070847363644 1.2384298274264 
0.799298534448478 1.06700232371792 4.87586034380846 
0.909406266962746 1.29528747313456 4.80714884672369 
1.12789656195903 1.1693764792079 4.83429469841553 
0.975837637868802 0.964798544942831 4.90558971659701 
1.88719197228518 6.22229606429828 2.06443991173677 
1.9600451017027 6.12874532072836 1.84617802819195 
2.0949821005421 5.9878769745922 1.9595884710197 
2.02263936286001 6.08517390669075 2.17612557340997 
0.51959207693385 3.53248245268708 4.22865213640203 
0.863312758342579 3.27826335328247 4.26679900767014 
0.840693808171614 3.0138855891755 4.34321682495407 
0.823129926838954 1.58486821380493 4.48516136114656 
0.986048537769479 1.6911201767374 4.28777232855502 
0.639686918780907 1.58728422532277 4.23689206864184 
0.831156368514353 1.6860426471081 4.11638753368493 
2.82852118952718 3.87140689576318 0.470188439963815 
3.3742876770462 3.63360641414803 0.172939743625744 
3.6559488676037 3.81717110023645 0.441371951623452 
3.11375007046444 4.09399666453978 0.713997866064336 
3.53037627886319 3.9968298408765 0.632129290982404 
3.13001372638974 4.04675941573758 0.951061500084194 
3.45295710580369 3.95855192281627 0.982200659804233 
4.18471116818393 4.16559404700803 1.83567722263653 
3.88541903611002 4.15186872118893 1.78272175354904 
4.23263838809138 4.36132692466354 1.73614675826401 
3.86812887428657 4.43177575764163 1.62912565482536 
POLYGONS 1590 9742
4 533 607 1649 1338 
4 1 470 1337 1067 
6 0 409 1309 1338 1649 1650 
5 1 470 820 1279 1277 
4 381 584 843 1600 
5 560 697 381 1600 1598 
6 381 584 1195 1199 1200 697 
5 560 913 995 803 1598 
5 995 996 1334 1340 803 
6 803 1340 1643 843 1600 1598 
5 1195 1199 996 1334 1642 
5 2 1611 1612 1622 1625 
6 1082 1083 712 1624 1625 2 
6 943 1082 2 1611 1610 1603 
5 3 396 870 1016 853 
7 853 1016 1128 1613 1612 1622 1623 
5 3 712 1624 1623 853 
4 943 944 1616 1603 
6 395 869 1620 1616 944 873 
6 395 396 3 712 1083 873 
6 1603 1610 1613 1128 1620 1616 
5 8 7 1485 1481 729 
6 8 729 1144 1157 4 778 
5 4 5 1196 1197 778 
5 9 432 841 840 458 
5 4 5 433 6 1157 
6 432 433 5 1196 1173 9 
6 840 841 6 1157 1144 403 
5 403 840 458 1485 1481 
5 8 7 1174 1197 778 
4 432 433 6 841 
4 403 1144 729 1481 
6 9 458 1485 7 1174 1173 
5 411 412 1368 13 704 
4 12 412 1368 1360 
5 411 704 11 1347 1346 
6 12 1360 10 1591 1593 1588 
6 411 412 12 1588 1589 1346 
6 10 1061 1063 1116 1590 1591 
6 10 1061 1110 13 1368 1360 
5 14 1109 1063 1116 1149 
6 11 14 1109 1110 13 704 
5 11 14 1149 1247 1347 
5 15 452 596 1201 1202 
5 17 385 15 1202 1226 
5 19 18 16 1105 645 
5 20 22 1217 1221 21 
6 481 630 1435 23 1222 1218 
5 22 1132 481 1218 1217 
6 1221 1222 23 1552 1555 21 
4 28 708 440 1504 
4 513 514 27 1505 
7 24 25 27 1505 1504 440 441 
5 24 441 709 30 1028 
6 26 25 24 1028 1528 1527 
4 26 25 27 514 
6 544 545 28 1504 1505 513 
6 513 514 26 1527 1538 544 
6 29 30 709 708 28 545 
5 544 545 29 1539 1538 
5 29 30 1028 1528 1539 
6 33 516 613 612 764 763 
5 31 32 612 764 437 
5 33 488 594 436 763 
5 34 38 35 39 833 
4 34 38 601 1354 
5 833 834 1353 1354 34 
6 35 39 1530 1529 37 575 
5 38 35 575 931 601 
6 833 834 1389 1531 1530 39 
6 834 1353 36 1359 1404 1389 
5 1096 1097 1363 1359 36 
7 601 931 1053 1096 36 1353 1354 
5 37 575 931 1053 1052 
7 37 1052 1097 1363 1405 1532 1529 
6 1485 1486 890 1533 1534 7 
6 701 890 1486 1482 1523 1524 
5 633 701 890 1533 1535 
5 43 44 633 701 1524 
6 42 41 8 7 1534 1536 
5 40 43 1524 1523 730 
5 44 42 1536 1535 633 
5 41 8 729 730 40 
5 41 40 43 44 42 
5 513 544 1419 1376 733 
6 26 514 1078 1006 1173 1196 
5 544 1419 1429 434 1538 
6 733 1079 1154 1656 1657 1376 
6 434 644 1001 1658 1659 1429 
6 434 644 1174 1197 1527 1538 
4 1196 1197 1527 26 
6 46 1129 1402 1562 1560 1554 
5 45 384 1140 1084 1066 
5 48 1139 1186 1562 1402 
6 45 47 914 1557 1559 1066 
6 50 49 1422 652 1253 1267 
5 49 51 52 1420 1422 
5 50 49 51 968 969 
5 50 969 1460 1466 1267 
5 53 45 1066 54 402 
5 45 47 782 404 53 
5 53 402 840 403 404 
4 56 55 1557 914 
6 55 57 459 58 1559 1557 
6 55 57 1486 1482 783 56 
5 782 783 56 914 47 
6 54 58 459 458 840 402 
4 54 58 1559 1066 
6 403 404 782 783 1482 1481 
5 458 459 57 1486 1485 
6 59 60 1330 1331 1005 1004 
6 61 60 1330 1378 524 64 
4 1005 1244 1327 1331 
4 62 63 1102 1145 
6 66 67 1229 900 762 415 
5 65 784 922 899 1162 
4 68 70 753 1462 
5 69 71 572 571 72 
6 71 572 756 757 641 640 
6 75 79 76 73 732 731 
4 75 731 1030 1029 
4 76 73 80 77 
5 80 73 732 500 499 
6 78 500 732 731 1030 945 
6 75 79 526 864 983 1029 
5 77 80 499 460 74 
5 78 435 460 499 500 
5 435 460 74 525 720 
6 77 74 525 526 79 76 
6 78 435 720 863 982 945 
5 860 1129 46 1401 1411 
5 541 1425 1569 1571 1570 
5 46 1401 1424 1550 1554 
5 860 861 1571 1569 1411 
6 81 1009 1551 1561 1563 1379 
4 81 1009 541 1570 
6 81 1379 1403 861 1571 1570 
5 83 87 86 84 85 
6 88 87 83 1014 1551 1550 
4 85 83 1014 1594 
5 1092 1169 1560 1561 1596 
6 84 85 1594 1596 1092 89 
5 1014 1551 1561 1596 1594 
5 86 84 89 82 91 
5 91 82 988 987 90 
5 82 89 1092 1169 988 
5 90 88 1550 1554 987 
5 87 86 91 90 88 
5 405 453 938 879 626 
5 879 880 1212 1211 938 
5 922 923 1049 1050 899 
5 900 1229 1305 1589 1346 
6 12 388 930 923 1049 412 
5 899 900 1346 411 1050 
4 12 388 1286 1588 
5 92 783 1482 1523 1521 
6 62 93 404 403 1144 1145 
6 637 638 894 1345 994 96 
6 96 637 94 1007 1159 1189 
5 95 97 454 1437 1438 
6 99 438 616 1288 1234 749 
6 488 594 718 1123 1259 1258 
5 660 748 1259 1123 1122 
7 98 464 436 763 587 1372 1390 
4 587 616 1288 1372 
5 33 438 616 587 763 
4 436 464 718 594 
5 98 464 718 1123 1122 
5 660 1122 98 1390 1250 
5 748 749 1234 1250 660 
5 748 749 99 1258 1259 
5 33 438 99 1258 488 
7 640 641 1633 101 696 695 100 
5 671 696 101 1467 1178 
6 1387 1406 1585 1583 1579 1580 
4 102 445 879 626 
6 449 450 1398 1394 1184 1166 
5 103 104 714 1487 1240 
5 503 886 1489 1487 1240 
4 503 829 1241 1240 
6 563 564 105 1241 829 828 
6 1240 1241 105 1319 1348 103 
5 107 106 1384 1385 1034 
5 552 742 817 1146 1090 
5 108 885 1417 1418 1175 
6 108 818 928 695 1176 1175 
5 100 107 1034 1176 695 
5 109 112 447 903 746 
5 109 70 753 110 112 
6 111 68 70 109 746 859 
5 677 678 915 1210 1300 
6 447 678 915 687 858 903 
5 687 690 1209 1210 915 
6 110 677 1300 1469 1462 753 
5 517 858 903 746 859 
5 110 112 447 678 677 
7 111 68 1462 1469 1209 690 689 
4 111 689 517 859 
5 689 690 687 858 517 
4 114 805 1644 826 
5 113 492 383 1645 1646 
6 113 114 826 1260 1648 1646 
5 113 114 805 115 492 
5 115 492 383 721 722 
4 117 118 393 1511 
5 117 116 961 1339 118 
6 117 116 1498 1496 1512 1511 
4 669 819 683 1263 
6 118 393 1262 533 1338 1339 
6 533 607 684 683 1263 1262 
5 420 684 607 1649 1652 
5 420 1540 1497 1654 1652 
5 116 961 1654 1497 1498 
4 1496 1500 670 1512 
5 894 1287 1471 1386 1345 
5 1287 1306 1275 1461 1471 
6 96 994 1040 974 998 997 
4 637 638 892 589 
5 96 637 589 991 997 
6 119 760 892 589 991 992 
5 119 521 1275 1306 760 
5 119 521 561 120 992 
6 638 892 760 1306 1287 894 
5 991 992 120 998 997 
5 521 561 973 1461 1275 
5 120 561 973 974 998 
6 973 974 1040 1386 1471 1461 
6 38 35 121 449 450 125 
4 121 35 575 576 
6 38 125 692 691 888 601 
5 121 449 1166 474 576 
4 125 450 1398 692 
6 122 124 1394 1398 692 691 
5 123 124 122 1080 1081 
5 122 691 888 1055 1080 
6 123 1081 1119 474 1166 1184 
4 123 124 1394 1184 
6 575 576 474 1119 1120 931 
5 390 862 1130 1024 1074 
5 1130 1131 917 1151 1024 
5 126 534 466 1073 984 
6 127 126 984 1150 643 739 
5 389 390 1074 1073 466 
5 916 917 1151 1150 643 
4 1004 1005 1168 1581 
5 1005 1168 1439 1307 1244 
4 1062 1100 1459 1492 
4 128 66 415 567 
5 643 916 595 936 1314 
5 538 621 828 563 680 
5 16 18 129 32 31 
6 917 1131 1408 1431 1167 1185 
5 131 130 953 1022 133 
5 785 786 789 133 1022 
4 132 604 971 1069 
5 415 567 786 785 762 
7 762 785 1022 953 971 1069 1161 
6 138 137 134 497 141 738 
5 134 135 1078 1079 497 
5 137 134 135 835 139 
5 140 136 138 738 1515 
6 27 514 1078 135 835 881 
4 136 139 137 138 
5 140 136 139 835 881 
4 141 497 1079 733 
5 140 881 27 1505 1515 
6 141 733 513 1505 1515 738 
6 142 143 603 452 15 614 
5 385 386 927 614 15 
6 4 144 505 593 1158 1157 
4 4 144 779 778 
5 41 8 778 779 715 
5 145 147 520 874 608 
5 146 148 523 874 520 
5 150 152 790 791 151 
5 150 152 528 149 706 
5 151 150 706 618 154 
6 155 154 151 791 1000 958 
5 482 529 674 1010 699 
5 149 153 482 529 528 
6 528 529 674 832 790 152 
5 149 153 619 618 706 
6 153 482 699 700 156 619 
5 155 154 618 619 156 
6 155 156 700 1011 957 958 
4 158 157 162 161 
5 161 160 1375 1374 158 
4 159 387 758 507 
5 163 165 1507 889 1025 
5 163 164 1478 1477 165 
6 98 167 164 163 1025 1122 
6 423 424 471 889 1507 1503 
5 165 1477 1502 1503 1507 
6 1075 1205 423 1503 1502 1501 
5 1075 1391 166 1476 1501 
5 167 164 1478 1476 166 
5 424 471 660 1250 1206 
5 167 166 1391 1390 98 
6 171 168 86 84 946 1223 
5 1187 1223 171 1271 1272 
5 168 86 87 173 169 
6 393 1187 1223 946 1518 1511 
4 393 1187 1272 1262 
6 170 173 169 1235 1263 669 
5 168 169 1235 1271 171 
5 84 85 1517 1518 946 
6 85 83 172 670 1512 1517 
4 172 170 669 670 
5 172 170 173 87 83 
4 174 663 1106 1089 
5 1201 1225 1584 1583 1579 
5 566 646 907 649 650 
5 151 154 780 550 501 
5 176 175 150 151 501 
5 73 707 599 920 732 
5 175 150 706 707 599 
5 80 73 707 706 618 
5 499 500 178 550 780 
5 80 499 780 154 618 
5 178 177 176 501 550 
5 177 176 175 599 920 
5 178 177 920 732 500 
6 179 181 1202 1226 1592 1590 
5 180 183 1247 1587 536 
4 182 179 1590 1116 
6 182 179 181 527 629 799 
5 183 823 897 1149 1247 
5 182 799 897 1149 1116 
6 180 183 823 759 927 386 
5 385 386 180 536 17 
5 181 527 614 15 1202 
5 17 536 1587 1592 1226 
5 56 783 92 1046 1045 
6 26 25 1030 1029 5 1196 
5 24 25 1030 731 921 
6 75 184 144 4 5 1029 
6 75 184 788 787 921 731 
6 184 144 779 494 774 788 
5 775 787 921 24 1028 
6 778 779 494 1528 1527 1197 
5 774 775 1028 1528 494 
4 34 38 125 609 
6 631 888 601 1354 1355 1261 
6 185 186 631 888 691 469 
5 186 631 1261 1380 1381 
6 125 609 1108 1107 468 692 
5 468 469 185 1067 1107 
5 185 186 1381 1337 1067 
7 34 609 1108 1336 1324 1355 1354 
5 546 896 1609 1607 1238 
5 187 1236 1238 1607 1628 
7 101 546 1238 1236 188 1468 1467 
6 101 546 896 1113 1114 1633 
5 189 53 402 725 647 
6 191 189 647 970 743 475 
5 191 189 53 404 93 
5 192 190 743 970 985 
5 724 725 647 970 985 
6 63 475 743 190 1158 1102 
5 192 190 1158 1157 6 
5 62 93 191 475 63 
5 192 6 841 724 985 
6 194 672 865 675 1220 1026 
5 194 195 193 1027 1026 
6 185 195 194 672 1 1067 
4 185 195 193 469 
5 1 672 865 1278 1277 
6 468 469 193 1027 948 196 
6 197 198 842 813 919 1017 
5 1005 1168 1328 1041 1331 
5 378 812 1349 1364 1582 
5 812 919 1017 1350 1349 
6 59 1004 1581 1582 1364 1365 
6 59 60 197 1017 1350 1365 
5 198 842 1041 1331 1330 
4 197 198 1330 60 
6 378 1318 1328 1168 1581 1582 
6 199 200 1235 169 687 690 
6 661 662 406 1421 1423 577 
7 406 477 1047 918 52 1420 1421 
5 204 201 661 577 569 
5 201 202 574 662 661 
5 204 201 202 206 205 
4 477 573 1048 1047 
6 206 202 574 573 1048 925 
5 406 477 573 574 662 
6 49 51 203 205 204 569 
5 49 569 577 1423 1422 
5 51 203 924 918 52 
5 205 206 925 924 203 
5 208 212 214 213 207 
7 207 208 209 210 1456 1458 1371 
5 213 207 1371 1370 211 
5 213 211 635 512 214 
6 627 635 211 1370 1335 1095 
5 99 215 950 954 749 
5 949 1082 2 1268 1117 
6 215 216 1134 1117 949 950 
5 1238 1239 1624 1625 1607 
5 712 748 1259 1239 1624 
5 216 187 1628 1626 1134 
6 216 187 1236 1258 99 215 
6 2 1268 1626 1628 1607 1625 
5 218 407 543 387 758 
5 217 218 407 408 1198 
6 407 408 848 1177 1207 543 
4 67 836 1305 1229 
5 551 671 1178 1179 719 
4 551 671 929 1213 
5 627 628 883 882 1095 
4 654 882 1095 1335 
4 211 221 1111 1370 
6 457 654 1335 1370 1111 1112 
5 220 221 211 635 636 
6 222 219 220 636 628 883 
5 219 220 221 1111 1112 
5 222 457 654 882 883 
4 222 219 1112 457 
6 484 485 223 1249 1248 1138 
5 77 80 618 619 558 
6 76 77 558 557 1150 984 
5 643 1150 557 1315 1314 
6 76 73 707 734 126 984 
7 149 153 1317 1316 739 127 735 
4 127 126 734 735 
6 557 558 619 153 1317 1315 
5 706 707 734 735 149 
5 599 615 830 734 707 
5 175 599 615 1632 1630 
6 175 150 152 980 1631 1630 
5 677 807 1638 1639 1300 
5 756 757 1114 1113 1322 
5 224 646 566 1232 1190 
5 96 997 224 1190 1189 
5 589 637 94 978 941 
5 938 978 94 1007 1211 
6 445 502 941 978 938 879 
5 445 502 908 907 649 
5 502 908 991 589 941 
6 224 646 907 908 991 997 
6 566 650 880 1212 1231 1232 
5 761 822 851 225 893 
5 760 761 822 1307 1306 
6 92 1046 1062 1100 1522 1521 
4 88 456 1424 1550 
5 226 228 105 1319 1008 
5 227 226 228 229 716 
4 188 489 1182 1468 
5 229 228 105 564 416 
5 231 230 232 824 825 
5 412 1049 1357 1369 1368 
6 470 1337 1381 1369 1357 1361 
5 923 977 1361 1357 1049 
6 12 388 1192 1324 1380 1360 
6 549 821 1121 1192 388 930 
5 470 820 553 977 1361 
5 549 553 977 923 930 
6 237 233 590 591 1415 1193 
4 233 590 1037 986 
5 237 233 986 985 724 
6 235 234 648 647 725 537 
4 234 236 483 648 
5 235 234 236 591 1415 
6 236 483 1038 1037 590 591 
4 235 537 1193 1415 
5 724 725 537 1193 237 
7 436 437 1106 1089 413 465 464 
5 16 31 437 1106 1105 
6 53 45 384 239 240 189 
5 191 189 240 238 241 
4 242 133 131 1118 
7 523 524 867 242 1118 1135 148 
5 242 133 789 568 867 
5 243 64 524 867 568 
5 466 467 505 593 389 
4 248 247 905 793 
7 247 249 23 1552 1553 245 905 
5 245 244 246 793 905 
6 248 793 246 838 1484 1483 
5 244 246 838 839 625 
5 245 244 625 1556 1553 
5 838 839 21 1221 1484 
5 247 249 1068 1483 248 
5 625 839 21 1555 1556 
4 249 23 1222 1068 
5 135 250 391 1006 1078 
4 9 391 1006 1173 
4 5 433 983 1029 
5 9 391 250 685 432 
5 25 27 881 945 1030 
5 135 250 685 884 835 
6 217 251 622 623 1163 1198 
5 718 719 551 1164 1123 
6 1164 1165 665 1204 1213 551 
5 410 846 665 1204 1203 
5 98 167 766 465 464 
4 167 164 765 766 
5 163 164 765 410 846 
5 665 846 163 1025 1165 
7 765 766 465 1076 1214 1203 410 
5 257 253 256 895 801 
7 256 252 382 381 1600 1601 895 
5 255 431 560 1598 1599 
5 582 583 1595 708 28 
6 252 254 583 1595 1597 382 
4 381 382 1597 697 
4 256 252 254 253 
7 431 440 708 1595 1597 697 560 
6 801 895 1601 1599 255 1516 
5 257 253 254 583 582 
6 28 582 257 801 1516 1504 
5 255 431 440 1504 1516 
6 258 699 1010 795 1124 1125 
4 258 699 482 1266 
5 107 71 572 259 1034 
5 106 740 455 1383 1384 
5 69 71 107 106 740 
6 97 72 69 740 455 454 
5 95 571 572 259 1438 
5 454 455 1383 1382 1437 
6 259 1034 1385 1382 1437 1438 
4 95 97 72 571 
6 139 693 750 744 884 835 
5 428 744 750 260 815 
5 261 260 750 693 694 
5 78 262 140 881 945 
5 140 136 773 1160 262 
6 136 139 693 694 772 773 
5 261 632 1323 772 694 
6 435 720 814 632 1323 1351 
5 78 262 1160 1351 435 
5 261 260 815 814 632 
5 428 744 884 982 863 
4 816 1171 1141 1194 
5 962 1098 605 1343 1308 
5 605 606 379 926 1343 
5 263 379 606 816 1194 
6 263 1194 1141 1458 1456 1564 
5 1291 1308 962 1457 1455 
6 962 1098 1171 1141 1458 1457 
5 1291 1308 1343 926 1567 
5 263 379 926 1567 1564 
6 418 419 963 1593 1588 1286 
5 264 413 1089 174 547 
6 534 535 831 830 734 126 
5 599 615 787 921 920 
6 75 184 467 466 1073 79 
5 184 467 535 831 788 
4 79 76 984 1073 
5 120 612 764 588 992 
6 587 588 992 119 617 616 
5 438 439 265 516 33 
5 265 516 613 562 522 
6 265 439 617 119 521 522 
5 561 562 613 612 120 
6 266 380 1440 1442 653 1311 
6 158 157 267 1549 1547 754 
5 158 754 1529 1532 1374 
5 268 797 1466 1267 1033 
5 797 1126 1393 1465 1466 
5 269 50 49 569 570 
5 269 570 559 598 597 
4 652 653 1442 1253 
5 266 380 598 559 417 
5 266 417 578 1312 1311 
4 577 578 1312 1423 
5 269 50 1267 1033 597 
5 597 598 380 1440 1033 
6 652 653 1311 1312 1423 1422 
5 1060 1115 1138 484 1147 
5 65 784 1091 1060 1115 
5 896 1274 1303 751 1609 
5 1302 1303 751 1614 1396 
5 1608 1609 751 1614 1618 
5 270 272 179 181 271 
5 270 272 510 1406 1387 
4 271 270 1387 1580 
6 181 271 1580 1579 1201 1202 
4 511 963 1593 1591 
6 510 511 963 1586 1585 1406 
6 272 179 1590 1591 511 510 
5 425 426 268 1033 597 
5 597 598 273 1103 425 
6 274 710 1208 275 1273 1289 
5 159 387 543 711 462 
5 274 276 462 711 710 
5 675 676 275 1208 1220 
5 461 554 845 1093 1352 
5 554 781 995 803 845 
6 255 262 78 500 178 431 
5 178 431 560 913 550 
6 460 461 554 781 780 499 
5 255 262 1160 1094 1599 
6 277 723 1021 1574 1573 1285 
5 723 851 1143 1170 1021 
6 518 519 277 723 851 225 
4 277 519 1490 1285 
5 910 911 278 948 196 
5 200 429 683 1263 1235 
5 278 848 1177 1219 948 
5 104 714 1545 1544 737 
5 279 429 683 819 736 
5 713 714 1545 1540 420 
4 532 698 623 1163 
5 280 199 690 1209 610 
4 281 1382 1437 1443 
5 251 622 1124 795 796 
7 286 769 1075 1391 1373 1463 1472 
6 282 283 1463 1472 574 662 
5 472 473 661 662 282 
5 284 442 1499 1501 1476 
5 285 283 282 472 548 
4 285 283 1463 1373 
5 284 442 201 661 473 
4 769 1075 1501 1499 
4 286 202 574 1472 
6 472 473 284 1476 166 548 
6 286 202 201 442 1499 769 
5 166 548 285 1373 1391 
5 143 542 934 871 603 
5 539 1035 1133 1094 1093 
5 772 773 1621 1617 288 
6 288 289 1441 1454 1323 772 
5 539 1093 1352 1453 1452 
5 289 287 620 1451 1441 
6 287 620 1035 1133 1621 1617 
5 620 1035 539 1452 1451 
4 289 287 1617 288 
5 1094 1133 1621 773 1160 
5 460 461 400 666 74 
6 195 193 400 461 1352 1453 
6 193 400 666 122 691 469 
5 185 195 1453 1454 186 
5 631 632 1323 1454 186 
5 525 720 814 1055 1080 
5 74 525 1080 122 666 
5 631 632 814 1055 888 
6 292 290 624 293 486 487 
4 294 293 624 1099 
5 292 290 657 656 291 
6 290 624 1099 1098 605 657 
5 656 657 605 1343 1344 
6 291 296 1054 1320 1344 656 
5 292 291 296 295 487 
5 655 962 1308 1321 1086 
5 294 293 486 1020 1019 
6 1019 1020 297 1087 1086 655 
6 655 962 1098 1099 294 1019 
5 295 296 1054 1087 297 
5 295 297 1020 486 487 
6 118 393 1187 1188 1153 1137 
5 1136 1137 118 1339 1310 
6 434 644 1534 1536 1514 808 
6 747 1430 809 1488 1525 1519 
5 443 1519 747 1659 1658 
4 1429 1430 747 1659 
5 298 443 1658 1001 504 
5 298 299 1525 1519 443 
6 299 902 1506 1513 1488 1525 
5 808 809 1488 1513 1514 
5 298 299 902 909 504 
5 1268 1269 1605 1611 2 
5 300 301 943 1082 949 
6 242 133 1022 1023 301 300 
5 300 242 1118 1117 949 
5 301 943 1603 1602 1023 
5 130 953 1604 1605 1269 
6 131 130 1269 1268 1117 1118 
5 484 485 1299 302 1147 
5 302 303 1101 1298 1299 
5 302 303 817 1146 1147 
5 306 1051 1397 1412 1254 
6 230 232 952 305 581 804 
7 305 581 1397 1412 304 1427 1426 
7 232 824 1634 1635 1645 1647 952 
4 581 804 1051 1397 
5 304 451 975 1428 1427 
5 305 952 1647 1648 1426 
5 304 451 1255 1254 1412 
6 306 231 825 800 1255 1254 
5 306 231 230 804 1051 
6 451 975 1636 1637 800 1255 
5 457 1019 294 1064 1112 
6 392 600 1111 1370 1371 1142 
5 654 655 962 1457 1335 
6 392 600 1064 294 1099 1172 
4 769 770 776 286 
5 206 202 286 776 777 
5 204 298 443 442 201 
5 204 205 307 504 298 
5 307 504 1001 1155 667 
5 769 770 1154 1656 1499 
5 205 307 667 777 206 
6 776 777 667 1155 1154 770 
5 875 1058 1077 993 1432 
4 474 576 1058 875 
6 503 829 1103 273 887 886 
6 474 875 1432 1431 1167 1166 
5 308 309 765 164 1478 
6 1477 1478 308 1651 1653 1655 
5 165 961 1654 1655 1477 
5 0 309 308 1651 1650 
6 163 165 961 1339 1310 846 
5 0 309 765 410 409 
4 310 392 600 1215 
5 36 1096 310 1215 1246 
4 311 1246 36 1359 
5 213 207 1416 1097 1363 
6 310 392 1142 1416 1097 1096 
6 311 221 1111 600 1215 1246 
6 311 221 211 213 1363 1359 
4 1142 1371 207 1416 
4 107 71 640 100 
5 312 214 212 160 1375 
5 312 313 314 512 214 
5 279 280 199 200 429 
4 170 173 915 1210 
4 169 173 915 687 
7 170 669 819 736 610 1209 1210 
4 279 280 610 736 
6 307 316 57 459 668 667 
4 316 57 55 315 
5 58 263 379 668 459 
5 58 263 1564 1566 1559 
6 206 777 926 1567 1568 925 
6 315 55 1557 1558 924 203 
5 924 925 1568 1565 1558 
5 307 316 315 203 205 
6 704 705 849 639 1050 411 
4 490 639 849 688 
5 287 620 688 849 705 
5 289 13 1368 1369 1441 
5 289 287 705 704 13 
5 1357 1358 1451 1441 1369 
5 490 688 620 1451 1358 
5 103 104 737 964 1348 
5 1487 1488 809 1545 714 
5 1240 1241 1513 1488 1487 
5 228 105 1241 1513 1514 
6 226 228 1514 808 430 399 
5 226 399 686 965 1008 
6 686 717 1544 737 964 965 
5 281 1382 1385 1418 1449 
6 394 682 1290 1293 1101 1298 
4 317 491 1011 957 
5 318 490 639 319 1156 
5 318 490 1358 1362 565 
5 65 1115 1191 1070 1162 
6 319 639 1050 899 1162 1070 
6 565 1060 1091 977 1361 1362 
6 318 565 1060 1115 1191 1156 
4 319 1070 1191 1156 
6 552 553 820 1279 1280 742 
6 1 470 1361 1362 768 672 
7 742 817 303 866 865 1278 1280 
5 302 303 866 767 320 
5 302 320 565 1060 1147 
5 320 565 1362 768 767 
4 322 383 1645 1635 
5 530 531 813 919 1002 
5 322 323 321 721 383 
5 323 324 1634 1635 322 
4 51 203 315 968 
6 269 50 969 891 909 902 
5 316 315 968 969 891 
5 307 316 891 909 504 
4 269 570 299 902 
5 298 299 570 569 204 
5 244 625 1260 1648 1426 
6 245 244 1426 305 421 422 
4 752 990 1612 1622 
6 752 794 1333 1332 1623 1622 
6 1332 1333 248 1483 1474 854 
4 793 794 1333 248 
5 246 838 1325 1088 989 
6 1056 1296 1325 838 1484 1475 
6 793 794 752 990 989 246 
6 853 854 1474 1475 1056 1016 
7 318 490 688 878 113 492 493 
6 318 493 322 1635 1636 1156 
5 877 878 113 1646 1428 
5 325 850 877 1428 975 
5 319 325 975 1636 1156 
4 322 383 492 493 
5 319 325 850 849 639 
5 527 629 197 1017 1018 
4 527 614 142 1018 
6 61 60 197 629 759 326 
5 327 483 236 755 1059 
6 327 377 876 875 1058 1059 
5 236 591 1052 37 755 
6 329 590 1037 328 1119 1120 
4 327 377 1038 483 
4 329 1053 931 1120 
5 875 876 328 1119 474 
5 377 876 328 1037 1038 
6 575 576 1058 1059 755 37 
5 590 591 1052 1053 329 
5 296 1054 1270 1288 1234 
5 291 296 1234 1250 1206 
5 330 656 291 1206 1205 
5 330 656 1344 776 770 
6 286 776 1344 1320 1473 1472 
5 769 770 330 1205 1075 
4 153 482 1266 1317 
5 132 604 1237 966 967 
5 43 331 960 1522 1524 
6 331 332 515 1127 959 960 
4 43 331 332 44 
5 44 332 515 798 633 
6 633 701 1460 1466 797 798 
5 1126 1127 959 1392 1393 
5 579 580 259 1438 1433 
6 259 572 756 1322 1341 580 
4 333 337 336 335 
6 239 337 333 1065 1140 384 
6 958 1000 48 1139 1414 1410 
6 334 317 957 958 1410 1409 
6 141 497 330 1205 423 506 
5 330 497 1079 1154 770 
4 423 506 1509 1503 
5 141 506 1509 1376 733 
5 1502 1503 1509 1376 1657 
5 704 705 1602 1023 11 
5 762 785 1347 1346 900 
5 1022 1023 11 1347 785 
5 325 850 1606 1604 972 
6 319 325 972 971 1069 1070 
5 849 850 1606 1602 705 
5 446 642 904 338 679 
5 405 406 477 476 453 
7 328 855 1024 1130 1448 1480 876 
4 328 855 1081 1119 
5 855 1024 1151 123 1081 
5 917 1151 123 1184 1185 
6 312 313 1388 1407 1404 1405 
5 1374 1375 312 1405 1532 
6 1618 1619 1276 1627 1629 1608 
5 702 775 787 615 1632 
5 665 728 108 818 1204 
5 108 728 1136 1043 885 
5 665 728 1136 1310 846 
5 800 810 966 1237 1255 
5 339 790 152 980 981 
5 304 844 990 989 1427 
6 304 451 972 1604 1605 844 
5 877 1088 989 1427 1428 
4 451 972 325 975 
6 850 877 1088 1613 1610 1606 
5 844 990 1612 1611 1605 
6 138 137 290 292 395 869 
5 290 137 139 693 624 
6 136 138 869 1620 1621 773 
4 340 288 772 694 
7 340 341 602 944 1616 1617 288 
6 293 341 340 694 693 624 
4 292 395 873 487 
4 293 341 602 486 
5 277 723 939 1086 1321 
5 277 1285 1291 1308 1321 
6 882 1042 1021 1574 1575 1095 
6 654 655 1086 939 1042 882 
4 723 939 1042 1021 
6 342 414 951 792 595 936 
5 344 710 1208 1220 1026 
5 556 767 866 1293 1290 
6 274 741 806 556 1290 1289 
4 275 676 1294 1273 
4 194 672 768 847 
6 767 768 847 540 806 556 
6 344 343 540 847 194 1026 
5 344 343 741 274 710 
4 343 540 806 741 
4 347 348 955 852 
5 346 347 852 345 498 
6 253 256 1475 1474 651 463 
6 256 252 1217 1221 1484 1475 
5 345 463 651 955 852 
6 651 955 348 1068 1483 1474 
6 252 254 498 346 1218 1217 
6 347 348 1068 1222 1218 346 
5 253 254 498 345 463 
6 829 1103 425 1506 1513 1241 
5 425 597 269 902 1506 
5 886 887 349 1526 1489 
5 349 559 598 273 887 
6 349 559 570 299 1525 1526 
6 399 430 1539 1528 494 495 
5 29 427 717 430 1539 
7 399 495 444 703 1641 1640 686 
5 352 351 350 1640 1641 
5 350 427 717 686 1640 
4 702 703 1641 352 
6 30 351 352 702 775 1028 
5 351 350 427 29 30 
4 494 495 444 774 
5 321 394 682 722 721 
6 530 531 628 636 448 1071 
5 314 448 636 635 512 
6 352 541 1570 1630 1632 702 
5 24 441 177 920 921 
7 81 176 177 441 709 1015 1009 
5 176 175 1630 1570 81 
4 30 351 1015 709 
5 352 351 1015 1009 541 
6 249 23 1435 1436 353 397 
6 353 397 658 579 1433 1444 
6 247 658 579 1283 1281 905 
4 245 422 1281 905 
4 247 249 397 658 
4 304 844 1615 1412 
6 1269 1276 1619 1615 844 1605 
6 971 972 451 1255 1237 604 
6 283 502 941 942 1464 1463 
5 285 283 502 908 664 
5 616 617 354 1270 1288 
5 588 664 908 991 992 
5 354 617 119 760 761 
6 354 761 893 942 1464 1270 
6 587 588 664 285 1373 1372 
6 521 522 145 608 1245 1275 
5 790 791 1403 861 339 
5 791 1000 48 1402 1403 
5 250 391 668 379 606 
6 135 250 606 605 657 134 
5 134 497 330 656 657 
5 993 1012 811 1479 1432 
5 225 518 673 942 893 
6 302 320 493 322 323 1299 
5 321 323 1299 1298 394 
6 492 493 320 767 556 115 
5 115 556 1290 682 722 
4 303 866 1293 1101 
5 356 355 308 1651 592 
4 357 356 355 1313 
6 358 192 6 433 983 864 
6 192 190 390 1074 856 358 
4 184 144 505 467 
5 79 526 856 1074 1073 
4 526 856 358 864 
5 389 390 190 1158 593 
5 159 462 1409 334 507 
5 333 360 359 361 1065 
5 333 335 162 161 360 
4 359 208 209 361 
6 360 359 208 212 160 161 
5 276 462 1409 1413 496 
5 452 596 1057 871 603 
5 934 935 1072 1003 542 
5 142 143 542 1003 1018 
5 935 1072 271 1580 1578 
6 181 271 1072 1003 1018 527 
5 580 1180 1251 1274 1341 
5 259 580 1180 1176 1034 
5 546 896 1274 1251 1252 
4 641 757 1114 1633 
4 101 546 1252 696 
6 695 696 1252 1251 1180 1176 
5 686 965 1295 1639 1640 
7 350 172 170 1210 1300 1639 1640 
5 350 172 670 1500 427 
5 215 216 146 520 362 
5 215 362 439 438 99 
5 265 147 520 362 439 
5 488 489 188 1236 1258 
5 233 428 815 329 590 
5 591 1052 1097 1416 1415 
6 310 260 815 329 1053 1096 
5 310 260 750 1172 392 
5 237 233 428 744 745 
5 237 745 816 1194 1193 
5 867 868 363 1378 524 
5 363 364 365 1377 1378 
6 363 364 950 949 300 868 
5 215 362 365 364 950 
5 146 148 1135 1134 216 
4 300 242 867 868 
5 362 365 1377 874 520 
5 400 401 555 554 461 
5 368 367 1032 401 555 
6 367 156 619 558 1031 1032 
5 77 74 666 1031 558 
5 366 368 555 554 781 
5 366 155 156 367 368 
5 155 154 780 781 366 
5 747 1430 1497 1654 1655 
5 1495 1498 116 1508 1510 
5 165 961 116 1508 1507 
6 1477 1502 1657 1659 747 1655 
5 508 509 224 997 998 
4 925 1048 1491 1568 
5 369 446 679 630 481 
5 369 89 1092 1132 481 
5 19 509 224 646 645 
5 19 18 129 508 509 
6 129 32 612 120 998 508 
6 663 664 588 764 437 1106 
6 1443 1444 353 1445 1449 281 
6 338 904 1446 1445 353 1436 
5 178 177 441 440 431 
5 255 262 140 1515 1516 
5 401 555 344 1026 1027 
4 400 401 1027 193 
4 539 540 847 1452 
5 194 195 1453 1452 847 
5 344 343 845 554 555 
5 539 540 343 845 1093 
4 268 426 798 797 
5 890 891 969 1460 701 
6 425 426 798 633 1535 1506 
4 890 891 909 1533 
6 370 240 238 771 585 586 
6 337 336 634 1543 586 370 
4 337 370 240 239 
6 371 349 1526 1520 356 357 
4 356 592 1039 1520 
5 1094 1133 1297 1601 1599 
5 138 738 802 870 869 
6 801 802 870 1016 1056 895 
4 28 545 1494 582 
6 582 583 1517 1512 1496 1494 
6 351 350 172 83 1014 1015 
5 85 1517 583 1595 1594 
6 29 427 1500 1496 1494 545 
6 1251 1274 1303 794 1333 1366 
4 1282 1284 1342 1302 
6 248 247 658 1227 1366 1333 
7 793 794 1303 1302 1282 1281 905 
6 1175 1228 398 1445 1449 1418 
5 348 398 1228 956 955 
5 108 728 956 1228 1175 
6 347 348 398 1445 1446 478 
5 347 478 1153 1137 852 
5 885 1043 1152 1400 1417 
6 1152 1153 478 1446 1450 1400 
6 58 263 1194 1193 537 54 
6 432 685 745 237 724 841 
5 9 391 668 459 458 
5 250 606 816 745 685 
4 54 402 725 537 
5 332 515 538 680 681 
4 651 901 854 1474 
5 397 398 348 1068 249 
5 854 901 1148 1367 1332 
6 956 1148 1367 1366 1227 1228 
6 352 541 1425 807 1638 1641 
6 366 781 995 996 1414 1410 
5 151 501 1379 1403 791 
4 366 155 958 1410 
6 501 550 913 1200 1563 1379 
5 1139 1186 1199 996 1414 
6 173 87 88 456 678 915 
4 754 755 37 1529 
4 754 755 1059 1547 
4 371 349 559 417 
5 355 284 473 1292 1313 
7 356 355 284 442 443 1519 1520 
6 371 357 1313 1292 578 417 
5 577 578 1292 473 661 
6 855 856 358 986 1037 328 
6 233 428 863 864 358 986 
5 814 815 329 1120 1055 
6 525 526 856 855 1081 1080 
5 544 545 1494 1495 1419 
4 141 506 802 738 
6 801 802 506 1509 1510 257 
5 257 582 1494 1495 1510 
6 827 843 1600 1601 1297 1326 
5 343 741 1340 803 845 
5 826 827 1326 1036 114 
7 539 540 806 805 114 1036 1035 
4 241 238 771 976 
4 358 192 985 986 
5 365 872 940 1327 1377 
5 822 940 1327 1244 1307 
5 354 761 822 940 872 
6 362 365 872 354 617 439 
4 265 147 145 522 
4 305 421 659 581 
5 210 1085 1566 1564 1456 
7 359 235 537 54 1066 1084 361 
6 359 208 207 1416 1415 235 
5 209 361 1084 1085 210 
4 397 398 1445 353 
4 227 226 399 495 
5 430 808 434 1538 1539 
5 42 41 715 716 229 
5 229 42 1536 1514 228 
4 7 1174 644 1534 
6 494 495 227 716 715 779 
5 345 117 118 1137 852 
5 345 117 1511 1518 498 
5 478 912 1224 1188 1153 
5 346 347 478 912 947 
5 346 498 1518 946 947 
5 369 446 642 912 947 
5 369 89 84 946 947 
6 697 1200 1563 1561 1596 1597 
6 22 382 1597 1596 1092 1132 
5 20 22 382 381 584 
5 996 1334 496 1413 1414 
4 361 1065 1140 1084 
6 581 659 1282 1302 1396 1397 
6 313 314 448 270 1387 1388 
5 311 221 220 272 510 
5 272 220 636 448 270 
5 214 213 1363 1405 312 
6 311 510 1406 1407 1404 1359 
4 290 137 134 657 
5 278 911 937 932 933 
6 278 933 1032 401 1027 948 
6 196 468 692 1398 1399 910 
5 122 124 906 1031 666 
6 124 906 932 937 1395 1394 
6 167 166 548 547 264 766 
4 264 413 465 766 
6 547 548 285 664 663 174 
5 271 270 448 1071 1072 
5 1238 1239 1233 1252 546 
5 1123 1164 1233 1239 1259 
6 551 671 696 1252 1233 1164 
6 515 538 621 1104 426 798 
6 229 42 44 332 681 416 
6 20 21 839 827 843 584 
4 256 895 1056 1475 
5 838 839 827 1326 1325 
4 252 382 22 1217 
5 219 182 179 272 220 
6 219 182 1116 1063 1064 1112 
4 10 1061 1216 1265 
5 1264 1265 10 1591 511 
5 510 511 1264 1246 311 
6 327 586 1543 1549 1547 1059 
5 327 377 1256 585 586 
4 377 876 1480 1256 
6 811 857 585 1256 1480 1479 
5 282 283 502 445 102 
6 420 713 1044 1039 1653 1652 
4 592 1039 1653 1651 
5 180 183 786 567 128 
5 183 786 789 568 823 
4 862 1130 1448 1301 
5 326 243 568 823 759 
6 1233 1239 1624 1623 1332 1367 
5 3 471 660 748 712 
6 3 471 889 901 854 853 
5 295 296 1234 749 954 
5 364 297 1087 872 365 
5 295 297 364 950 954 
5 354 872 1087 1054 1270 
5 323 324 223 485 1299 
5 1002 1003 1072 1071 530 
6 277 519 837 1473 1320 1321 
5 673 837 1473 1464 942 
4 518 519 837 673 
5 809 1430 1497 1540 1545 
6 726 727 363 1378 1330 198 
5 222 726 198 842 883 
6 222 457 1019 1020 727 726 
5 363 364 297 1020 727 
6 939 940 1327 1331 1041 1042 
6 419 479 1356 1264 511 963 
5 36 1246 1264 1356 1353 
5 785 786 183 1247 1347 
5 372 301 300 868 898 
5 372 301 1023 11 14 
5 372 14 1149 897 898 
5 316 57 1486 890 891 
6 315 55 56 1045 1493 968 
5 197 198 726 799 629 
4 243 64 61 326 
4 363 727 898 868 
5 217 251 796 491 218 
6 334 317 491 218 758 507 
6 336 335 162 157 267 634 
5 665 728 956 1148 1165 
6 486 602 372 898 727 1020 
5 219 182 799 726 222 
6 293 341 1109 1063 1064 294 
5 372 14 1109 341 602 
5 372 301 943 944 602 
5 295 487 873 1083 954 
6 292 291 1206 424 396 395 
6 423 424 396 870 802 506 
6 585 771 976 1013 1257 1256 
5 327 483 648 370 586 
5 241 191 475 1013 976 
4 475 743 1257 1013 
5 370 240 189 647 648 
5 369 481 1218 346 947 
5 254 498 1518 1517 583 
4 81 176 501 1379 
5 339 861 1571 1572 981 
5 244 246 989 1427 1426 
4 751 752 794 1303 
5 355 284 1476 1478 308 
7 132 967 1243 1248 1191 1070 1069 
5 800 810 1242 1249 1637 
6 751 752 1622 1625 1607 1609 
6 340 694 261 1216 1061 1110 
5 310 260 261 1216 1215 
4 340 341 1109 1110 
6 282 102 626 405 406 662 
5 630 679 338 1436 1435 
5 642 904 1446 478 912 
6 287 705 1602 1603 1616 1617 
5 289 13 1110 340 288 
6 375 373 408 1198 1163 532 
6 374 407 218 491 1011 700 
5 258 375 532 698 1125 
4 373 374 407 408 
6 375 373 374 700 699 258 
6 877 878 1036 1326 1325 1088 
4 115 556 806 805 
6 274 276 496 1334 1340 741 
6 123 124 906 557 1150 1151 
6 366 368 711 462 1409 1410 
5 344 555 368 711 710 
4 318 493 320 565 
5 324 223 1249 1637 1634 
5 418 480 1192 388 1286 
5 10 1265 1261 1380 1360 
6 463 651 901 889 1507 1508 
5 345 117 116 1508 463 
5 257 253 463 1508 1510 
6 333 337 370 648 234 360 
4 267 634 1543 1549 
7 158 161 360 234 236 755 754 
6 128 66 67 836 536 180 
6 476 477 573 837 673 979 
4 235 234 360 359 
5 557 906 932 376 1315 
5 376 342 414 937 932 
5 376 342 936 1314 1315 
6 573 837 519 1490 1491 1048 
5 826 827 839 625 1260 
4 113 114 1036 878 
6 631 632 261 1216 1265 1261 
5 186 1381 1369 1441 1454 
6 768 847 1452 1451 1358 1362 
5 531 628 883 842 813 
6 190 390 862 1301 1257 743 
4 367 156 700 374 
6 367 374 407 543 711 368 
5 367 374 373 933 1032 
5 373 408 848 278 933 
4 3 396 424 471 
5 375 376 932 933 373 
6 258 375 376 1315 1317 1266 
4 853 854 1332 1623 
5 724 725 402 840 841 
6 743 970 1038 377 1256 1257 
5 378 812 919 813 1318 
5 1175 1176 1034 1385 1418 
5 667 668 379 926 777 
4 600 1064 1112 1111 
5 669 670 1500 1541 819 
6 579 580 1341 1342 1284 1283 
5 388 930 1181 1304 1286 
5 667 668 391 1006 1155 
6 744 745 816 1171 1172 750 
5 624 693 750 1172 1099 
5 1141 1142 392 1172 1171 
7 669 670 1512 1511 393 1262 1263 
5 736 737 1544 1541 819 
5 1376 1419 1495 1510 1509 
4 395 396 870 869 
5 397 398 1228 1227 658 
5 579 580 1180 1227 658 
4 399 430 717 686 
6 479 480 1192 1324 1355 1356 
5 400 401 1032 1031 666 
5 409 410 846 1310 1309 
4 411 412 1049 1050 
4 414 937 1395 951 
5 563 564 416 681 680 
6 417 559 570 569 577 578 
5 899 900 1229 1230 922 
4 418 419 479 480 
5 964 965 1295 1470 611 
6 683 684 420 1540 1541 819 
5 421 422 1281 1282 659 
4 423 424 1206 1205 
4 425 426 1104 1103 
5 427 717 1544 1541 1500 
5 814 815 428 863 720 
4 744 745 685 884 
6 430 717 1544 1545 809 808 
6 432 433 983 982 884 685 
6 645 646 907 663 1106 1105 
5 808 809 1430 1429 434 
5 460 461 1352 1351 435 
4 436 437 764 763 
4 438 439 617 616 
5 910 911 937 1395 1399 
4 440 441 709 708 
5 442 443 1658 1656 1499 
5 620 688 878 1036 1035 
5 1054 1270 1464 1473 1320 
5 702 703 444 774 775 
5 649 650 880 879 445 
5 610 611 964 737 736 
5 453 476 979 978 938 
5 595 792 1185 917 916 
5 596 1057 1577 1579 1201 
5 536 836 1305 1589 1587 
6 677 678 456 1424 1425 807 
4 654 655 1019 457 
5 486 487 873 944 602 
5 464 465 1076 719 718 
6 822 851 1143 1434 1439 1307 
4 466 467 535 534 
4 468 469 691 692 
6 820 821 1121 1336 1337 470 
5 471 660 1122 1025 889 
5 748 749 954 1083 712 
5 718 719 1179 1183 594 
5 647 648 483 1038 970 
5 610 611 1470 1469 1209 
6 1459 1460 701 1524 1522 1100 
5 729 730 1523 1482 1481 
6 708 709 1015 1014 1594 1595 
5 488 489 1182 1183 594 
6 490 639 1050 1049 1357 1358 
5 795 796 491 1011 1010 
6 504 909 1533 1534 644 1001 
5 822 851 723 939 940 
4 1180 1227 1366 1251 
5 513 514 1078 1079 733 
5 797 798 515 1127 1126 
6 751 752 990 844 1615 1614 
4 521 522 562 561 
5 523 524 1378 1377 874 
5 525 526 864 863 720 
5 527 614 927 759 629 
5 1128 1296 1325 1088 1613 
4 549 553 820 821 
5 922 923 977 1091 784 
6 541 1009 1551 1550 1424 1425 
5 710 711 543 1207 1208 
5 629 759 823 897 799 
5 780 781 995 913 550 
5 551 719 1076 1214 1213 
5 552 553 977 1091 1090 
6 608 874 1377 1327 1244 1245 
4 557 558 1031 906 
4 560 697 1200 913 
6 568 823 897 898 868 867 
4 1141 1142 1371 1458 
5 959 960 1522 1100 1392 
5 573 574 1472 1473 837 
5 584 843 1643 1642 1195 
5 585 586 1543 1542 857 
5 922 923 930 1181 1230 
4 587 588 764 763 
5 892 893 942 941 589 
6 1063 1064 600 1215 1216 1061 
4 1117 1134 1626 1268 
5 601 888 1055 1120 931 
6 675 676 1294 1293 866 865 
5 605 606 816 1171 1098 
6 1519 1520 1039 1653 1655 747 
5 813 842 1041 1328 1318 
5 787 788 831 830 615 
5 828 829 1103 1104 621 
5 622 623 698 1125 1124 
4 627 628 636 635 
4 1061 1063 1109 1110 
4 643 739 1316 1314 
6 644 1001 1155 1006 1173 1174 
5 875 876 1480 1479 1432 
5 651 901 1148 956 955 
5 1285 1291 1455 1576 1573 
4 663 664 908 907 
5 695 696 671 929 928 
5 767 768 672 865 866 
5 941 942 673 979 978 
6 674 832 999 957 1011 1010 
5 928 929 1213 1204 818 
4 855 856 1074 1024 
5 849 850 877 878 688 
4 699 700 1011 1010 
5 713 714 1487 1489 1044 
5 726 727 898 897 799 
6 955 956 728 1136 1137 852 
4 731 732 920 921 
5 801 802 738 1515 1516 
6 805 806 741 1340 1643 1644 
5 869 870 1016 1128 1620 
4 760 761 893 892 
5 899 900 762 1161 1162 
5 896 1113 1322 1341 1274 
5 772 773 1160 1351 1323 
4 774 775 787 788 
5 776 777 926 1343 1344 
5 1035 1036 1326 1297 1133 
5 790 791 1000 999 832 
6 792 951 1395 1394 1184 1185 
5 824 825 800 1637 1634 
7 1225 1226 1592 1593 963 1586 1584 
4 971 972 1604 953 
6 803 845 1093 1094 1599 1598 
4 1261 1355 1324 1380 
5 966 967 1243 1242 810 
5 811 857 1542 1537 1012 
5 987 988 1169 1560 1554 
6 1338 1339 961 1654 1652 1649 
5 826 827 843 1643 1644 
5 835 881 945 982 884 
5 882 883 842 1041 1042 
5 860 861 1403 1402 1129 
5 895 1056 1296 1297 1601 
4 863 864 983 982 
6 934 935 1578 1577 1057 871 
5 939 940 872 1087 1086 
5 943 944 873 1083 1082 
5 889 901 1148 1165 1025 
5 902 909 1533 1535 1506 
4 980 981 1572 1631 
5 932 933 1032 1031 906 
5 946 947 912 1224 1223 
5 995 996 1199 1200 913 
5 964 965 1008 1319 1348 
5 924 925 1048 1047 918 
5 1002 1003 1018 1017 919 
5 982 983 1029 1030 945 
5 1026 1027 948 1219 1220 
5 949 950 954 1083 1082 
6 1022 1023 1602 1606 1604 953 
4 957 958 1000 999 
6 968 969 1460 1459 1492 1493 
5 985 986 1037 1038 970 
6 975 1428 1646 1645 1635 1636 
6 1073 1074 1024 1151 1150 984 
5 989 990 1612 1613 1088 
6 993 1012 1537 1548 1546 1077 
4 994 1040 1386 1345 
5 1154 1155 1001 1658 1656 
5 1078 1079 1154 1155 1006 
4 1014 1015 1009 1551 
5 1007 1159 1231 1212 1211 
4 1016 1056 1296 1128 
6 1041 1042 1021 1170 1329 1328 
5 1122 1123 1164 1165 1025 
5 1033 1267 1253 1442 1440 
5 1039 1044 1489 1526 1520 
5 1136 1137 1153 1152 1043 
5 1045 1046 1062 1492 1493 
4 1052 1053 1096 1097 
5 1086 1087 1054 1320 1321 
5 1080 1081 1119 1120 1055 
5 1058 1059 1547 1546 1077 
5 1090 1091 1060 1147 1146 
5 1084 1085 1566 1559 1066 
5 1107 1108 1336 1337 1067 
5 1221 1222 1068 1483 1484 
4 1069 1070 1162 1161 
6 1205 1206 1250 1390 1391 1075 
5 1093 1094 1160 1351 1352 
6 1095 1335 1457 1455 1576 1575 
4 1098 1099 1172 1171 
5 1392 1393 1465 1459 1100 
5 1144 1145 1102 1158 1157 
4 1143 1170 1329 1434 
4 1115 1138 1248 1191 
6 1116 1149 1247 1587 1592 1590 
6 1141 1142 1416 1415 1193 1194 
4 1117 1118 1135 1134 
4 1121 1192 1324 1336 
6 1296 1297 1133 1621 1620 1128 
5 1130 1131 1408 1447 1448 
5 1164 1165 1148 1367 1233 
6 1156 1191 1248 1249 1637 1636 
6 1178 1179 1183 1182 1468 1467 
5 1189 1190 1232 1231 1159 
4 1166 1167 1185 1184 
5 1328 1329 1434 1439 1168 
4 1173 1174 1197 1196 
5 1175 1176 1180 1227 1228 
5 1207 1208 1220 1219 1177 
5 1229 1230 1181 1304 1305 
5 1199 1200 1563 1562 1186 
4 1187 1188 1224 1223 
4 1209 1210 1300 1469 
4 1201 1202 1226 1225 
4 1203 1204 1213 1214 
5 1215 1216 1265 1264 1246 
4 1217 1218 1222 1221 
5 1455 1456 1564 1567 1291 
5 1251 1252 1233 1367 1366 
5 1234 1250 1390 1372 1288 
5 1262 1263 1235 1271 1272 
5 1238 1239 1259 1258 1236 
4 1242 1243 1248 1249 
5 1244 1245 1275 1306 1307 
5 1346 1347 1247 1587 1589 
5 1256 1257 1301 1448 1480 
5 1264 1265 1261 1355 1356 
5 1268 1269 1276 1627 1626 
6 1270 1288 1372 1373 1463 1464 
5 1289 1290 1293 1294 1273 
5 1302 1303 1274 1341 1342 
4 1277 1278 1280 1279 
4 1281 1282 1284 1283 
6 1285 1291 1567 1568 1491 1490 
5 1304 1305 1589 1588 1286 
5 1469 1470 1295 1639 1300 
4 1296 1297 1326 1325 
5 1320 1321 1308 1343 1344 
4 1309 1310 1339 1338 
4 1314 1315 1317 1316 
5 1351 1352 1453 1454 1323 
5 1336 1337 1381 1380 1324 
5 1330 1331 1327 1377 1378 
4 1332 1333 1366 1367 
4 1334 1340 1643 1642 
5 1370 1371 1458 1457 1335 
4 1349 1350 1365 1364 
4 1353 1354 1355 1356 
4 1357 1358 1362 1361 
4 1359 1363 1405 1404 
5 1368 1369 1381 1380 1360 
4 1372 1373 1391 1390 
5 1376 1419 1429 1659 1657 
5 1402 1403 1379 1563 1562 
4 1382 1383 1384 1385 
4 1387 1388 1407 1406 
5 1404 1405 1532 1531 1389 
4 1394 1395 1399 1398 
5 1396 1397 1412 1615 1614 
5 1417 1418 1449 1450 1400 
5 1401 1411 1569 1425 1424 
5 1431 1432 1479 1447 1408 
4 1409 1410 1414 1413 
5 1426 1427 1428 1646 1648 
6 1429 1430 1497 1498 1495 1419 
4 1420 1421 1423 1422 
5 1437 1438 1433 1444 1443 
5 1451 1452 1453 1454 1441 
4 1445 1446 1450 1449 
4 1447 1448 1480 1479 
4 1455 1456 1458 1457 
4 1459 1460 1466 1465 
4 1463 1464 1473 1472 
4 1474 1475 1484 1483 
5 1477 1478 1476 1501 1502 
4 1481 1482 1486 1485 
5 1487 1488 1525 1526 1489 
4 1494 1495 1498 1496 
6 1497 1498 1496 1500 1541 1540 
5 1501 1502 1657 1656 1499 
5 1507 1508 1510 1509 1503 
4 1504 1505 1515 1516 
5 1513 1514 1536 1535 1506 
4 1511 1512 1517 1518 
4 1519 1520 1526 1525 
4 1521 1522 1524 1523 
4 1527 1528 1539 1538 
4 1529 1530 1531 1532 
4 1533 1534 1536 1535 
5 1542 1543 1549 1548 1537 
4 1540 1541 1544 1545 
4 1546 1547 1549 1548 
5 1550 1551 1561 1560 1554 
4 1552 1553 1556 1555 
5 1557 1558 1565 1566 1559 
4 1560 1561 1563 1562 
5 1565 1566 1564 1567 1568 
5 1571 1572 1631 1630 1570 
4 1573 1574 1575 1576 
4 1577 1578 1580 1579 
4 1583 1584 1586 1585 
5 1588 1589 1587 1592 1593 
4 1590 1591 1593 1592 
4 1594 1595 1597 1596 
4 1598 1599 1601 1600 
4 1602 1603 1610 1606 
5 1604 1605 1611 1610 1606 
5 1608 1609 1607 1628 1629 
4 1610 1611 1612 1613 
4 1614 1615 1619 1618 
4 1616 1617 1621 1620 
4 1622 1623 1624 1625 
4 1626 1627 1629 1628 
4 1634 1635 1636 1637 
4 1638 1639 1640 1641 
4 1645 1646 1648 1647 
5 1650 1651 1653 1652 1649 
4 1652 1653 1655 1654 
4 1656 1657 1659 1658 
CELL_DATA 1590
SCALARS scalar_1 double
LOOKUP_TABLE default
    4.996543
    5.000000
    4.991256
    4.969565
    4.985075
    4.996268
    4.987887
    4.991664
    4.999378
    4.977847
    4.993862
    4.989910
    4.992097
    4.997810
    4.990019
    4.990717
    4.988508
    5.001462
    4.996626
    4.990740
    4.995640
    4.993932
    4.999030
    4.992922
    4.989711
    4.992308
    4.993834
    4.989388
    4.980463
    4.996460
    4.991348
    4.990384
    4.988929
    5.010197
    5.018212
    4.999766
    4.985453
    4.991859
    4.996278
    5.002978
    4.991700
    5.001462
    4.994634
    4.991758
    4.990727
    4.991237
    4.985075
    4.990155
    4.995403
    4.990690
    4.996268
    4.993704
    4.993748
    4.993320
    4.992922
    4.993834
    4.993591
    4.996569
    4.993466
    4.994271
    4.993780
    4.997308
    4.991237
    4.990978
    4.992833
    4.982949
    4.988799
    4.991500
    4.983705
    4.991966
    4.989358
    4.991893
    4.977379
    4.990925
    4.996522
    4.988929
    4.972133
    4.998587
    5.000000
    4.996460
    4.995617
    4.987016
    4.999030
    5.014255
    4.993591
    4.993834
    4.994271
    4.989760
    4.986531
    4.996460
    4.992922
    4.992531
    4.990266
    4.991341
    4.980463
    4.996349
    4.994239
    4.974856
    4.998587
    4.990266
    4.989644
    4.989388
    4.980899
    5.005478
    4.972133
    4.984988
    4.989711
    4.995221
    4.990384
    4.988929
    4.991157
    4.992570
    4.990072
    4.989388
    4.990360
    5.016354
    4.991512
    4.991345
    4.989366
    4.991758
    4.992922
    4.988385
    4.992454
    4.993748
    4.992308
    4.995996
    4.991664
    5.031078
    4.992079
    4.998475
    4.984988
    4.989151
    4.998097
    4.988637
    4.993886
    4.993320
    4.991328
    4.994614
    4.995159
    4.993466
    4.987887
    4.995403
    4.993886
    4.997052
    4.980899
    4.991659
    4.998097
    4.994985
    4.990080
    4.991356
    5.016354
    4.990360
    5.018212
    4.999766
    4.985453
    4.972133
    4.989388
    4.994760
    4.991356
    4.991345
    4.993433
    4.990084
    4.988508
    4.991768
    4.991822
    4.997308
    4.991040
    4.988937
    4.989140
    4.990740
    4.992097
    4.998019
    4.989366
    4.990084
    4.997819
    4.990080
    4.983705
    4.991499
    4.989919
    4.989919
    4.987016
    4.991499
    4.991345
    4.969565
    4.991581
    4.989648
    4.989366
    4.986532
    4.992255
    4.994091
    4.995159
    4.994985
    4.992346
    4.991107
    4.997138
    4.987308
    4.990698
    4.992977
    4.992868
    4.977847
    4.981574
    4.998713
    4.986483
    4.972455
    4.994874
    4.990405
    4.992129
    4.992346
    5.005299
    4.994101
    4.989437
    4.986910
    4.976032
    4.993466
    4.993430
    4.993497
    5.003571
    4.992472
    4.991356
    4.991822
    4.989447
    4.997308
    4.989325
    4.991237
    4.995617
    5.008200
    5.003843
    4.992833
    4.991500
    4.982949
    4.989364
    4.989437
    4.965824
    4.992079
    5.031078
    4.988953
    4.983786
    4.990925
    4.990442
    4.988953
    4.991758
    4.988385
    4.992308
    4.983786
    4.991157
    4.990072
    4.972133
    4.990360
    4.983786
    4.987016
    4.991237
    4.988953
    4.997810
    4.994634
    4.998669
    4.990360
    4.999766
    4.991104
    4.991580
    4.990700
    4.996993
    4.993834
    4.996626
    4.998475
    4.989760
    4.993748
    4.993591
    4.991758
    4.990727
    4.992308
    4.992922
    4.996460
    4.989447
    4.994852
    4.991328
    4.991291
    4.992454
    4.991341
    4.993293
    4.993216
    4.990958
    4.988385
    4.990290
    4.995996
    4.989877
    4.993054
    4.996522
    4.989877
    4.990405
    4.991256
    4.988937
    4.990019
    4.976032
    4.989760
    4.988915
    4.985679
    4.990740
    4.991768
    4.997052
    4.999935
    4.994985
    4.994874
    5.005299
    4.992346
    4.992868
    4.995403
    4.993466
    4.989743
    4.995159
    4.991768
    4.997819
    4.991356
    4.991341
    4.991328
    4.991758
    4.991291
    4.988385
    4.991664
    4.995996
    4.993886
    4.993320
    4.993748
    4.997819
    4.990360
    4.996278
    4.992458
    4.994634
    4.991700
    4.991943
    4.988752
    4.991758
    4.988782
    4.972133
    4.993834
    4.993748
    4.992308
    4.991758
    4.996501
    4.993320
    4.996460
    4.993780
    4.992833
    4.977379
    5.031078
    5.002978
    4.989437
    5.063455
    5.000000
    4.988799
    4.986645
    4.992097
    4.990084
    4.989366
    4.990266
    4.989896
    4.989644
    4.990442
    4.989853
    4.991401
    4.992308
    4.994443
    4.991348
    5.018820
    5.008761
    5.000000
    5.031078
    4.969565
    4.965824
    4.992458
    4.990072
    4.993021
    4.992642
    4.994443
    4.991436
    4.992859
    4.992570
    4.990126
    4.992346
    4.992111
    4.992552
    4.989050
    4.988915
    4.985624
    4.990403
    4.992371
    4.990080
    4.974856
    4.996349
    4.980899
    5.005478
    4.996522
    4.995221
    4.991893
    4.992889
    4.992923
    4.993433
    4.997810
    4.994852
    4.986645
    4.988508
    4.996501
    4.998019
    4.989910
    4.989877
    4.991913
    5.000985
    4.990360
    4.990084
    4.989648
    4.991389
    4.993311
    4.991893
    4.991037
    4.992889
    4.992458
    4.996278
    4.992859
    4.991700
    5.001827
    4.995996
    4.992079
    4.983786
    4.991758
    4.993216
    4.991382
    4.990290
    4.991291
    4.991758
    4.993320
    4.991328
    4.995159
    4.989366
    4.993315
    5.003571
    4.992472
    4.991849
    4.990080
    4.992597
    4.991822
    4.991237
    4.992492
    4.991208
    4.989447
    4.972133
    4.995159
    4.991499
    4.996460
    4.990084
    4.987016
    4.987477
    5.010197
    5.000000
    5.016354
    4.985453
    4.989294
    4.969565
    4.989113
    4.986532
    4.994328
    4.991348
    4.990266
    4.993054
    4.996522
    4.990925
    4.995221
    4.989711
    4.991768
    4.991237
    4.990266
    4.989896
    4.997810
    4.994852
    4.994634
    4.992570
    4.992308
    4.991781
    4.989953
    4.986730
    4.990717
    4.998713
    4.991115
    4.985075
    4.989180
    4.988883
    4.990155
    4.991580
    4.988929
    4.992308
    4.989711
    4.993748
    4.990700
    4.991913
    4.990084
    4.989648
    4.985344
    4.991768
    4.985679
    4.991256
    4.990405
    4.989294
    4.990019
    4.985075
    4.991664
    4.993466
    4.995403
    4.987887
    4.990179
    4.993886
    4.996993
    4.992129
    4.993591
    4.993748
    4.991913
    4.990290
    4.989366
    4.989810
    4.991696
    4.991562
    4.989471
    4.990863
    4.989939
    4.992255
    4.990700
    4.986532
    4.990490
    4.993748
    4.996993
    4.996626
    5.002978
    5.031078
    4.991664
    4.977379
    4.991348
    4.986532
    4.994365
    4.991580
    4.989711
    4.995221
    4.993311
    4.991037
    4.992371
    5.005478
    4.985453
    4.991768
    4.991382
    4.993320
    4.992308
    4.996501
    4.992079
    4.991237
    4.991822
    4.998019
    5.014255
    4.989447
    5.008200
    4.996349
    4.993054
    4.996522
    4.998587
    5.000000
    4.974856
    4.989919
    4.997138
    4.991500
    4.991966
    4.992111
    4.998587
    4.986995
    4.999090
    5.001827
    5.016354
    4.986645
    4.986730
    4.989910
    4.992458
    4.992889
    4.991247
    4.991758
    4.985453
    4.989358
    4.996278
    4.998587
    4.989919
    5.018820
    4.989877
    4.999378
    5.018820
    5.008761
    4.999378
    4.993748
    4.993886
    4.995996
    4.996993
    4.993311
    4.990072
    4.991208
    4.992371
    4.965824
    4.992346
    5.000985
    4.991499
    4.992346
    4.986910
    4.991913
    4.992346
    4.989939
    4.991913
    4.992133
    4.990080
    4.992111
    4.998770
    4.992597
    4.991822
    4.989050
    4.989760
    4.992371
    4.985679
    4.985624
    4.991768
    4.991758
    4.977847
    4.996626
    5.002978
    5.008761
    5.010197
    4.995640
    4.986483
    5.001462
    4.996993
    4.995996
    5.008761
    4.965824
    5.000000
    5.002978
    4.994328
    4.992079
    4.977379
    4.996626
    4.990490
    4.991104
    4.990700
    4.991580
    4.992133
    4.990740
    4.993311
    4.991700
    4.992859
    4.991037
    4.993433
    4.994626
    4.994874
    4.990405
    4.996460
    4.986910
    4.998770
    4.976032
    4.985624
    4.989050
    4.989919
    4.991499
    4.974856
    4.989910
    4.994626
    4.994634
    4.994852
    5.001462
    4.992020
    4.991382
    5.001827
    4.972455
    4.969565
    4.989691
    4.990126
    4.986730
    4.999857
    4.990573
    4.989645
    4.991115
    4.992020
    4.990958
    4.988637
    4.998669
    4.991700
    4.991893
    4.993311
    4.990490
    4.992133
    4.992371
    4.989050
    4.974856
    4.988929
    4.989760
    5.005478
    4.991580
    4.990210
    4.990925
    4.989919
    4.988953
    4.985679
    4.998770
    4.976032
    4.988799
    4.990405
    4.989294
    4.990490
    4.977379
    4.989358
    4.996522
    4.986532
    4.996278
    4.992889
    4.995221
    4.989366
    4.996522
    4.992889
    4.991327
    4.995159
    4.994985
    4.989743
    4.990796
    4.988929
    4.972133
    4.989711
    4.995221
    4.992371
    4.980899
    4.991659
    4.974856
    4.999766
    4.981574
    4.995640
    5.002978
    5.001462
    5.000000
    4.986483
    4.990796
    4.986910
    4.989919
    4.987016
    4.996460
    4.993928
    4.989743
    4.989939
    4.972455
    4.989877
    4.981574
    4.986483
    4.999462
    4.999766
    4.969565
    5.001827
    4.998669
    4.985344
    5.000000
    4.977318
    4.972455
    5.001827
    4.986483
    4.981574
    4.992458
    4.972455
    5.001827
    4.980899
    4.998587
    4.972133
    4.988929
    4.989919
    4.989050
    4.998713
    4.986730
    4.989910
    4.986645
    4.989180
    4.991781
    4.998713
    4.985075
    4.986730
    4.990019
    4.986483
    5.001827
    4.998713
    4.989645
    4.998669
    4.972455
    4.999766
    4.992458
    4.991758
    4.992570
    4.993054
    4.990210
    4.996522
    4.994328
    4.989896
    4.977379
    4.988953
    4.990442
    4.991500
    4.986532
    4.993433
    4.990740
    4.991104
    4.991580
    4.992371
    4.989760
    4.990290
    4.998669
    4.995617
    5.008200
    5.014255
    4.987016
    4.998587
    5.003571
    4.989939
    4.989366
    4.993054
    4.990266
    4.991341
    4.989877
    4.991104
    4.991580
    4.990019
    4.993591
    4.976032
    5.001462
    4.990360
    4.994634
    4.989645
    4.998669
    4.995640
    4.990155
    4.990080
    4.990442
    4.994328
    4.992079
    4.983786
    4.992889
    4.996522
    4.989910
    4.993320
    4.989648
    4.991581
    4.990405
    4.998669
    4.991328
    4.986730
    4.992020
    4.998713
    4.998669
    4.995640
    4.989910
    4.991104
    4.990700
    4.996993
    5.002978
    5.001462
    4.990490
    4.990740
    4.991700
    4.991208
    4.992371
    4.991389
    4.992859
    4.990072
    4.983786
    5.000985
    4.972455
    4.999899
    4.995420
    5.000000
    4.986483
    5.008761
    4.999378
    4.977847
    4.991581
    4.994874
    4.990019
    4.985075
    4.990405
    4.989180
    4.995403
    4.990155
    4.992129
    4.987016
    4.998587
    4.992833
    4.991500
    4.989050
    4.996460
    4.994271
    4.993928
    4.995159
    4.989743
    4.989151
    4.993320
    4.993466
    4.996501
    4.972455
    4.992458
    4.992889
    4.989151
    4.993748
    4.993886
    4.991328
    4.993466
    4.995159
    4.990155
    4.989939
    4.991781
    4.986730
    4.989180
    4.986730
    4.989910
    4.998669
    4.990080
    4.992597
    4.993433
    4.991237
    4.989447
    4.991208
    4.991768
    4.989447
    4.991328
    4.991341
    4.989711
    4.990700
    4.991104
    4.990210
    4.991208
    5.001827
    4.991629
    4.986483
    4.999899
    4.977318
    4.998770
    4.989050
    4.991348
    4.990442
    4.996501
    4.992079
    4.994328
    4.991401
    4.989877
    4.990266
    4.993054
    4.995221
    4.996522
    4.999378
    4.993315
    4.991629
    4.992642
    4.991247
    4.992458
    4.991781
    4.989939
    4.986645
    4.991500
    4.990084
    4.989648
    4.993928
    4.995159
    4.993466
    4.994852
    4.993433
    4.989447
    4.990084
    4.994328
    4.996522
    4.977379
    4.990490
    4.991348
    4.989711
    4.992570
    4.992859
    4.994626
    4.993433
    4.996501
    4.994634
    4.989447
    5.008761
    5.000985
    4.990290
    4.992079
    4.999378
    4.989877
    4.991341
    4.986910
    4.992129
    4.990405
    4.998770
    4.991237
    4.992371
    4.990155
    4.995403
    4.993315
    4.987864
    5.008200
    4.991768
    4.989939
    4.990155
    4.993886
    4.996993
    5.000985
    4.965824
    4.986483
    5.000000
    4.999378
    4.977847
    4.987864
    4.972133
    4.987016
    4.988929
    4.989896
    4.993054
    4.990266
    4.989050
    4.998770
    4.977847
    4.991104
    4.990019
    4.993591
    4.992129
    4.995159
    4.995403
    4.994271
    4.986645
    4.990573
    4.989180
    4.986730
    4.989939
    4.989180
    4.989648
    4.990155
    4.994874
    4.977318
    4.992559
    4.995221
    4.991348
    4.988929
    4.990700
    4.990266
    4.987016
    4.990019
    4.990155
    4.988508
    4.989648
    4.995159
    4.999378
    4.991328
    4.989877
    4.993886
    4.993862
    4.995159
    4.996522
    4.993054
    4.989050
    4.985679
    4.998770
    4.991966
    4.992111
    4.990442
    4.991348
    4.977379
    4.992079
    4.994271
    4.991104
    4.990019
    4.992129
    4.985075
    4.999378
    4.998713
    4.986483
    4.989896
    4.990442
    4.992859
    4.990072
    4.991208
    4.993433
    5.014255
    4.986730
    4.992060
    4.990266
    4.996522
    4.993862
    4.990155
    4.993928
    4.994271
    5.014255
    4.987016
    4.988929
    4.996501
    4.990405
    4.992129
    4.992559
    4.990155
    4.995403
    4.990155
    4.995403
    4.993886
    4.995403
    4.985075
    4.999378
    4.990266
    4.986730
    4.991247
    4.996278
    4.992458
    4.996522
    4.989358
    4.991104
    4.991327
    5.000985
    4.989437
    4.992079
    4.983786
    4.985679
    4.989294
    4.992597
    4.992458
    4.986645
    4.988508
    4.989648
    4.987016
    4.987016
    4.988883
    4.990019
    4.998713
    4.995403
    4.992458
    4.991700
    5.002978
    4.985453
    4.989358
    4.993054
    4.989896
    4.990442
    4.991990
    4.990080
    4.986910
    4.998770
    4.990360
    4.994634
    4.990442
    4.992570
    4.986645
    4.990740
    4.990019
    4.990740
    4.992859
    4.994626
    4.991208
    5.001827
    4.992458
    4.992371
    4.990080
    4.990403
    4.986910
    4.992570
    4.992458
    4.991700
    4.994626
    4.990072
    4.985453
    4.977379
    4.990360
    4.994626
    5.001462
    4.991700
    4.988929
    4.980899
    4.992458
    4.991401
    4.994626
    4.991913
    4.989877
    4.993054
    4.990405
    4.994626
    4.992458
    4.990490
    5.001462
    5.001462
    4.990740
    4.990740
    4.990019
    4.991990
    4.993054
    4.994443
    4.991401
    4.990266
    4.990155
    4.992129
    4.993886
    4.988637
    4.998713
    4.986645
    4.985679
    4.999462
    4.991760
    4.986645
    5.002978
    4.977379
    5.001462
    4.990080
    4.990403
    4.992559
    4.995640
    5.002978
    4.991327
    4.989877
    4.990904
    5.000985
    4.990290
    4.998713
    4.986483
    4.999378
    4.983786
    4.989877
    5.000985
    4.986483
    4.991760
    4.989294
    5.002978
    4.990019
    4.992129
    4.990019
    4.990266
    4.989225
    4.996522
    4.990360
    4.990403
    4.996522
    4.990290
    4.991327
    4.990904
    4.990403
    4.988883
    4.986483
    4.977379
    5.000000
    4.986483
    4.992458
    4.991401
    4.990290
    5.000985
    4.990290
    4.991327
    4.990019
    4.991327
    4.990904
    4.988508
    4.989711
    4.990442
    4.999857
    4.989939
    4.991580
    4.996278
    4.989743
    4.991781
    4.989294
    4.988929
    4.990700
    4.990490
    4.986532
    4.994614
    4.989743
    4.993591
    4.991104
    4.989939
    4.989939
    4.993780
    4.985453
    4.965824
    4.985344
    5.010197
    4.983786
    4.987016
    4.989050
    4.991859
    4.985679
    4.991500
    4.986771
    4.986730
    4.991104
    4.987016
    4.994271
    4.994328
    4.990700
    4.994271
    4.991348
    4.991237
    4.994271
    5.031078
    4.991768
    4.993433
    4.965824
    4.993886
    4.998770
    4.986483
    4.991208
    4.993780
    4.991356
    4.989743
    4.990080
    4.983786
    4.991758
    4.990360
    4.995159
    4.992859
    4.994626
    4.988937
    4.990072
    4.991758
    4.965824
    5.018212
    4.988508
    4.990740
    4.990084
    4.989896
    4.989743
    4.972133
    4.990384
    4.993886
    4.990084
    5.016354
    4.991913
    4.988929
    4.990072
    4.989648
    4.993704
    4.987864
    4.989910
    4.995617
    4.994852
    4.994328
    4.991436
    4.995640
    4.985344
    4.989113
    4.995159
    5.000985
    4.992570
    4.991341
    4.988937
    4.989113
    4.989447
    4.990290
    4.993886
    4.992570
    4.995221
    5.000000
    4.992371
    4.988883
    4.990210
    4.989113
    4.991768
    4.992472
    4.990490
    4.991382
    4.977379
    4.977318
    4.990700
    4.986910
    4.991389
    4.990588
    4.987016
    4.992980
    4.989738
    4.990490
    4.988385
    4.988929
    4.990210
    4.990405
    4.992060
    4.992597
    4.989648
    5.018820
    4.990080
    4.992668
    4.989113
    4.990442
    4.995640
    4.991913
    4.986910
    4.991700
    4.990405
    4.993748
    4.993591
    4.999899
    4.996993
    4.991822
    4.999766
    4.989366
    4.995065
    4.990588
    4.992371
    4.995640
    4.991440
    4.983786
    4.991760
    4.997819
    4.992020
    4.977847
    4.985453
    4.998669
    4.990210
    4.991727
    4.991256
    4.988883
    4.998475
    4.991389
    4.991440
    4.985075
    4.991348
    4.992492
    4.992859
    4.994626
    4.990405
    4.998587
    4.991328
    4.990290
    4.997052
    4.991341
    4.991500
    4.991659
    4.992642
    4.993834
    5.000985
    4.994626
    4.999766
    4.992821
    4.972133
    4.990442
    4.981574
    4.992079
    4.989645
    4.990210
    4.992255
    4.985624
    4.991580
    4.993886
    4.990863
    4.996993
    4.990072
    4.988508
    4.996349
    4.986910
    4.991581
    4.972133
    4.986532
    4.991208
    4.994328
    4.990210
    4.969565
    4.995221
    4.982949
    4.990179
    4.999462
    4.992133
    4.995065
    4.993311
    4.990700
    5.000000
    4.989388
    4.990072
    4.999462
    4.990727
    4.995221
    4.991382
    4.988799
    4.995640
    4.991943
    4.989648
    5.001827
    4.990084
    4.991562
    4.988953
    4.990072
    4.996569
    4.989648
    5.000985
    4.988480
    4.987887
    4.994874
    4.989743
    4.997819
    4.989113
    4.977379
    4.990179
    4.992060
    4.986645
    4.992133
    4.994101
    4.990084
    4.998669
    4.989447
    4.990360
    4.990442
    4.977379
    4.991382
    4.991822
    5.018820
    4.991781
    4.969565
    4.991781
    4.992060
    4.988782
    4.989743
    4.995640
    4.992371
    4.991256
    4.990904
    5.031078
    5.018212
    4.992859
    4.986645
    4.999899
    4.991037
    4.991097
    4.977379
    5.000000
    4.992889
    5.002978
    4.991768
    4.976032
    4.991341
    4.986753
    4.992889
    4.994974
    4.965824
    4.986730
    4.991581
    4.987308
    4.991388
    4.999378
    4.998713
    4.994271
    4.999090
    4.989939
    5.000000
    4.991581
    4.991990
    4.993345
    5.000000
    4.990080
    4.990179
    4.998770
    4.980463
    4.986910
    4.992129
    4.994271
    4.998770
    4.990019
    4.993591
    4.987016
    4.992129
    4.986910
    4.972133
    4.996460
    4.995922
    4.986531
    4.989225
    4.994271
    4.990210
    4.991727
    4.990323
    5.005478
    4.987887
    4.992060
    4.991328
    4.988883
    4.991758
    4.992597
    4.988782
    4.997819
    4.993886
    4.977847
    4.995640
    4.989645
    4.989910
    4.989645
    4.989910
    4.995640
    4.986645
    4.989910
    5.001827
    4.995159
    4.987477
    4.989437
    4.986910
    4.998770
