# vtk DataFile Version 2.0
polydata
ASCII
DATASET POLYDATA
POINTS 1714 double
3.27150215606675 6.37398380985331 4.48607714173668 
2.74626629192807 5.75529167122528 5.15050372419364 
3.3473780507692 5.05699729415165 4.16590279393946 
3.861946999707 5.36891696731518 4.324560963608 
3.87496266476825 5.57651875490478 4.24954550053637 
3.1029160049133 5.05785624862515 4.85732705140861 
5.79823190078024 0.750950561282197 2.34449849664138 
5.78434358098676 0.600674690218111 2.7897887716091 
6.0574798850621 0.461648010046165 3.18462965682205 
1.37875615918724 2.95374850018129 6.63032380992285 
1.03640444791723 3.25400399047885 6.50921501385154 
1.46007740693277 2.66005993830562 6.30889654802367 
0.772963285486436 1.84128990546808 6.5329289531038 
1.03039645120958 1.83668122168176 6.81304572971592 
3.34580319232616 5.47499756891558 1.15445202299369 
3.29878837737604 5.59678781620326 1.15332397702829 
2.78281392910247 5.55986202488769 1.20641243823809 
2.29656667352144 5.79289017598196 0.67948924963381 
5.02882481979032 3.8299620970548 0.0366663373101244 
6.18228290097508 3.27570512297025 0.397530970754228 
5.69448512401526 3.20982624785312 0.570093855622036 
5.93420657456112 3.44582673684143 0.824049518207404 
5.46198445669494 3.59118608933877 0.784071271726459 
5.64881917069662 3.90048357552511 0.83567904176269 
5.69933080564319 3.33698752548089 0.780738769906049 
6.24264632776819 3.36555518264372 0.504353226727611 
5.90135939653617 3.82267763286299 0.864135775079573 
5.17037051504115 3.51929776779664 0.379439420209806 
5.15040713815271 3.63505739382934 6.70111630207363 
5.20229102036774 4.07345794433865 6.77081408082745 
5.08239796540012 3.99646890304584 0.0377270206598388 
3.0258803581929 1.08276010856678 1.05654888017692 
3.27995183602969 1.22626173107285 0.40310983080697 
2.03289864529007 1.67603422246598 0.672507080020315 
3.33724578909861 1.55046713694652 0.667645345656145 
3.11485927850133 0.951405704570992 0.564728804269293 
3.15714507014457 1.47172710369847 1.04329095762458 
2.73840504220066 1.80248681883568 1.15331286719793 
2.37469557907425 2.10922055392641 0.707049225897448 
2.6461764543636 2.09077855973094 0.919366340299091 
2.45962598400205 2.14756960392244 0.586398796895209 
4.7614474411871 3.45203940797026 1.59718881138319 
4.69712933056787 2.11944285346768 1.61152604988533 
4.43796122327344 1.93897374865582 1.73540758346659 
3.5155719665633 2.61491586614192 1.51642124303402 
3.60960039267374 2.91996601835645 2.03442091239111 
3.89825017437692 3.30896946109861 1.87278316310109 
3.72823619982861 2.10717671436144 1.68978648385931 
6.41373545792571 2.04305230111746 5.11693372080465 
5.90749094830124 1.56191212774618 5.04394601617797 
6.54034963931734 0.620562353175901 5.30224249998241 
4.34696827453877 6.20907027055764 5.36782618254275 
4.27384136886536 5.96919852964817 5.69900113762692 
3.79870036138625 5.0509396846344 5.28986381318564 
2.24121068159681 2.67460810243256 5.09967093474941 
1.522433124112 2.87029500675054 5.62032432650456 
2.31755023568336 2.7778669485474 4.81889359670187 
1.85095780902952 3.08520850495095 5.5555100564852 
1.27374935649628 3.21010535757048 5.5825884937996 
1.7516310902327 3.32648143995604 5.51845512307079 
1.25669633963948 3.0442175180783 5.59505740704569 
1.78789716293393 3.51919109698461 5.16720568958707 
2.06697632123174 3.31677808333215 4.72700887827934 
4.38758062704581 3.09204634876256 0.574586429169868 
4.05621117758921 6.72395589658903 3.64488824193326 
4.59665114676461 1.59376969645009 0.435628957134655 
4.52627240155629 1.07758638887277 1.63296647492686 
4.32711617656916 1.25990781710108 0.599086796566182 
4.25991075088056 1.10014932614558 1.39085803218226 
6.28539702635498 5.36612098916078 6.60678944876638 
6.34769215606845 5.39503594815459 6.0549916443905 
6.63943314185727 5.92867943374807 5.8624300177136 
6.56922505363371 5.10659151930327 5.88193641864257 
6.44633528860151 5.05640253877141 6.77228462186785 
0.432609423994548 0.856761345811986 2.78427277096637 
0.365131375509071 1.16668139713576 1.91146663448819 
0.218777389444842 0.984979327007886 2.1491392862269 
0.913241499436302 1.81714951473712 2.78970348383266 
0.814055531339467 1.20854277660639 3.09371456383317 
6.21551260389583 0.519441524844534 1.30481945065868 
5.54321256227342 0.709849360223299 2.30022615483492 
5.01744741925549 4.72293559459397 0.814040536572726 
4.87655498625239 5.79434813104678 1.03589806654139 
4.63240366590614 5.47099426109312 0.996295099077047 
4.50107058904359 5.39999859856231 1.53809459833123 
5.36219782215527 4.55484894434751 1.18092413517952 
5.88349397501076 5.43618794512583 1.09203456743627 
5.44712377855247 5.53589892312007 0.671067739768183 
5.67440231314766 5.61776779758585 1.54037794573965 
5.93223283068403 5.15729766687917 1.05111159908716 
5.37845134180163 4.6256372106645 0.853158421062836 
4.89284293392147 5.16554664922263 2.04547160784839 
4.63850012789767 5.08492089952051 1.72977309999578 
5.67635297876023 4.7965418736457 1.47824623244677 
4.96930644595273 4.64031665154619 1.20445073914913 
4.94021843253289 5.06735287970229 0.657987102794868 
5.39403557325774 5.26646476534769 0.53655874719237 
5.66935884537185 4.97581035955358 0.697540036344686 
6.60447440373226 1.27888335191049 0.946109371051375 
6.39272440659877 0.80073127438378 0.849685438632111 
0.777294097134512 1.53923609488377 6.11222646802502 
1.45944329333505 2.62124532468817 6.05390025271322 
1.36442204237731 1.45932865468235 6.79904335737919 
0.850019478373415 1.85611391878463 5.8323393527357 
0.475081998564863 0.754302510966566 3.64993983329369 
0.897415611679636 0.285468593597819 3.88138811742658 
0.768802588938213 0.261986238940611 3.86781831435885 
3.1672678034992 1.80014136441532 5.02824112755615 
3.13707605849859 2.54647347208588 5.41831907554291 
2.35338015714818 1.56694621083623 5.07441220430185 
2.95923175200636 2.76921103199274 5.32418944683554 
2.65681214014477 2.680975608341 5.4728584765339 
3.32806893696971 2.2857870452273 5.05984456138988 
2.15480407679611 1.79644022525332 5.22298201624521 
2.66740667060594 1.50539035787176 5.39275573234593 
3.05843275794034 4.44261413832111 4.94261904312611 
2.69777249731307 4.52549781619389 3.67639124723154 
2.20020476974325 4.35739313639014 4.26778193544125 
3.37677080689111 4.75696522246886 3.98609217984421 
3.27760549035143 4.44125572433606 4.17296607211232 
3.02483221579158 4.66044506941053 5.07680902250407 
2.39981166678061 4.38954686025109 5.01421093592891 
2.58212041861711 4.67696155161803 5.17450555563075 
1.06406262061138 1.81578229993787 4.8927585411529 
1.40972173842644 1.22291924574207 5.23205047666136 
1.81584883209733 0.98694867278099 5.08541298874468 
1.73057854873206 3.08692683138299 0.381653301207639 
1.48229644199546 3.43596649137437 0.696567871393257 
1.75463657887397 3.55519234087413 1.03138097571412 
2.01842827891888 2.41240656864492 0.798967793271884 
2.00933575704874 2.64443139267375 0.505031608296059 
1.75564780973992 2.49504378056567 1.66247682490034 
2.38750231503209 6.57669814750628 0.439701274344694 
2.15637685695217 5.90299420691864 0.738679554290386 
1.98905318468846 5.68994834347294 0.630012440521951 
1.67905847933018 6.60200669954516 0.368581540762587 
2.10508845643849 6.46993417372487 0.626166394352286 
3.55077623680073 2.64373191614833 5.97178676730327 
4.30932963438384 2.78686831007834 6.53255018368394 
4.03265437224502 2.30268118812608 6.09152578602869 
3.56335233124987 3.1554807187337 6.22153396745869 
3.98198253673698 2.01183560580624 6.20158143000257 
4.01255843100039 1.89112039936544 6.59922905761145 
3.5347410967261 2.7222654151952 5.6514538247011 
2.69704513472591 2.47343405494531 6.47166212118182 
2.74628896800361 2.90340640763371 6.63263634052094 
2.45469723810624 3.50244991240693 5.92557451464687 
2.3074481717676 3.10604565008814 5.88649708164873 
3.67671549295623 6.6668784246041 3.62250540621464 
4.37215843393237 0.204633972112503 5.50931544069383 
3.78622779013136 0.209893268800235 5.58399024289593 
2.94236228618329 5.76136643337238 2.25429711996391 
3.98086421909307 5.49403798393128 2.90298008051229 
3.55098454892716 5.63190053711308 2.14543855008254 
3.75139564173461 5.93327504865248 2.39225763468946 
4.5775654909821 0.354181345873994 5.35498133420588 
4.42499722475031 0.41200064709507 4.96508906086126 
4.77850068315546 2.93445252886293 6.36327141847366 
4.64955606729049 1.48396670771398 6.64107597407303 
1.75416647884548 3.88776046059376 2.12966955950041 
2.03461420405073 3.54188579517885 2.21313446279546 
2.85058271630181 3.89444067572301 1.61877829571331 
2.67989905467504 3.44481498148131 1.21132894990187 
2.67029927808876 4.28687511775544 1.50575213879372 
1.67270330768488 6.34488919466598 3.74335639868247 
1.27942006116004 6.95837332632929 4.66831833463608 
3.55699724795669 1.51468091873711 1.42936100964522 
3.4538453794373 1.84087165893631 1.68906442092305 
2.88646877523795 4.66949221833503 6.10276182824506 
2.05254879612271 4.19092039308608 5.76352648125692 
2.66053014104227 4.64288003664655 6.14502268985598 
3.09809527504264 4.36819343567029 6.24512087655349 
3.32683876848883 4.47554371916793 5.30102087214911 
3.34707277600365 4.16870396888109 5.86212901199449 
3.19812392726615 4.66173452278431 5.30130335192185 
2.07052702971356 4.09607974554501 5.36274940568509 
2.07878826704658 3.86642340319221 5.91850887870485 
2.12034611849879 3.7270556149748 5.75919414152939 
3.01991395775756 3.82180642285186 5.19068207218516 
3.22664855091125 4.30373792117953 5.05867572845147 
2.42291170036866 4.64852984320546 5.88545444577385 
2.11969147157681 3.92318329529638 5.354546994334 
3.73670740898874 5.37308770844712 1.63907454846289 
2.57795115976101 4.72694969321901 1.78531196500056 
3.713966907625 5.09614561439064 1.90833533186677 
2.40593189601329 5.00102781203447 1.66668906850164 
2.86241805056937 4.69014001644703 1.57594478581199 
3.36219586803378 4.71972393898138 1.95517452043443 
2.6038119280318 5.20108667507539 2.52911641109613 
2.12918204686537 6.17919206835031 3.23887529800141 
2.96291300804251 0.234447512625159 3.33887623244022 
2.15210109155617 6.51693529494987 2.8095386245374 
1.75705064892276 5.58794195676859 2.59637602211144 
2.08062070581099 5.30471393785671 2.92924065391107 
1.90617913450857 6.39345555381763 2.52503288786036 
0.674356226810311 6.02113277526995 5.83979203017282 
1.20274064583274 5.37936055332299 6.31626399635441 
2.23978777028734 0.678031494540825 2.33785061888794 
2.69480762301902 0.505393045081126 2.15503516179158 
2.46620995708528 1.16134722702143 2.19946430073975 
2.8328886308993 0.827176899611182 2.08071365890625 
2.77107407677858 1.18983361890587 3.43021470912986 
6.21229413555414 0.00135531378646127 5.50754606485663 
5.30026944970949 0.689352251843007 5.59053960282746 
6.53732163462973 0.173065071231799 5.4987930724851 
3.85718835024648 4.76384846082561 0.705002480692053 
3.48876821993349 4.61104676271557 6.66687554472047 
0.679851815014955 3.69378304946971 5.70320036307789 
1.1723697370506 3.56309416483307 6.59498714274473 
6.51003817616977 2.39960988182215 4.56439350534538 
0.139341048595447 3.26523745085509 5.03711048468067 
5.85841039739525 3.40984819453521 4.2909011345289 
6.39153299774594 2.64494184342548 4.93096310418243 
2.96656120961863 0.761368385215699 1.51233077312219 
2.45563440819405 6.84456921288062 0.893956928482921 
2.91771469080704 6.90055333761238 1.59509830525861 
2.59169934408255 6.83274529474011 0.649567691012921 
2.89212344230954 6.6906466716645 1.39757361871235 
2.72564317813679 0.208173044375108 1.59787056906743 
5.63086344266071 1.17651719663966 3.95666303303246 
6.18192277304918 0.164051410121526 4.07559583630855 
5.86135953853306 0.211831056673271 3.6807537015392 
6.38649388713525 0.664908464394719 4.37128400107274 
1.93330346644427 0.618465135790705 2.12003366050792 
1.27099731445062 5.24573646960505 4.93064133403334 
1.28328719094239 5.62355346106654 4.90863996754915 
1.37146967451561 5.10931896187902 4.74738327297629 
0.735746039517291 5.89958509936205 4.71193084729124 
0.653274372788017 5.60986756869166 3.61398060456792 
0.905462325101586 6.07035913620621 4.35399414733669 
0.937183043185659 5.70355965877967 4.96700545400225 
5.75453630604667 5.11785924115235 5.67237685616528 
5.19455694340626 4.98961777718622 5.60276843531628 
6.13168778309052 5.22915299618012 4.70757989218525 
5.52606045635151 5.42373834169016 5.53164003586613 
5.54762296823152 5.59702128709309 5.26302221454952 
5.61258152754642 4.92022221304657 5.73271319425488 
6.20483601281665 4.83613713603105 5.46267704747061 
5.74960785999748 4.64177348563541 5.62207232649241 
5.16913395019161 5.27272792344252 5.52056652304092 
6.37757533512201 4.87588605713235 5.10114455849531 
5.10231133194421 4.76292392695648 5.40233579854625 
5.4322145314262 4.45175470462515 5.35546497280452 
6.18210686434181 4.71659796485023 5.46882682064333 
3.98268781205227 5.26006607793574 1.54345444840779 
4.38419942732041 6.12616295939007 0.663228397197588 
4.80722486736394 6.07369314419069 0.914242870044842 
4.2512220513494 6.29691601136191 0.774328906505862 
6.78314152622431 6.53250264222938 4.92076763272235 
6.89160663302339 6.32297238802299 4.99213120732729 
0.808607944871672 6.49237055033983 4.47118287898816 
0.600229313372659 2.89844389800097 2.08555891877499 
6.4355035318631 2.83401819067114 2.77389949430389 
6.64646690017796 2.26851147712003 1.71146810602797 
0.529259542390183 2.90116386274473 1.84536452620784 
5.47480354156385 1.60096111756874 4.83698702268869 
1.70242070319042 3.33390305330754 6.84624076595442 
2.60665099073962 2.97810945233169 0.207072768869324 
2.32187595943764 2.48579826353659 0.340280673700867 
6.08754836005541 6.49381527695289 5.62778237722253 
5.91865526934266 6.66117989488513 6.41804344117902 
5.57977804845714 6.263596465975 5.68556942978551 
6.23286313697963 6.70681870429768 6.03123334993046 
6.13962401687743 6.77847764151604 5.38456570377554 
3.65392528863303 0.819019138350871 5.92304179516732 
4.00381754603627 4.0458970474422 2.24594631025745 
5.47433205519908 4.10103907655537 2.21907676047072 
4.34599744737808 4.35739089583117 2.02926829190176 
1.20448856452699 4.57021038023189 5.74734511752989 
1.1653333151482 4.81912050273945 5.72654333269472 
1.42185108471997 5.11767579539536 5.09412913490594 
1.49471242703141 4.28871465396571 5.14550827857749 
0.443995661199422 3.50813810717189 2.69673770786514 
3.16548060089028 3.87369370933969 2.81827720444824 
3.83674981116672 3.77833181377558 3.66824936658367 
3.41009813651712 4.16399473829395 2.71379785640732 
3.124779955576 4.56682070310401 2.82250241472739 
3.58228059643168 3.61467235981782 3.19569674447444 
3.59560305708982 4.20422166694507 4.15401743754626 
3.6001335221506 4.7156489529482 3.1879508509507 
5.45831693392992 4.18624090250766 1.28255506825678 
6.47246195863587 4.87895248302261 0.424303052896289 
6.61525929868511 5.01290741362446 1.10109178266424 
6.31095660219008 5.48178887736631 2.30062844197737 
0.358547228231838 5.14913973581028 1.76114487076399 
0.460614428748315 5.66129954407965 2.85477451364514 
0.66593215920246 5.64336806194091 2.41977141642061 
6.78902850692232 5.14114731125668 1.6420725978208 
0.22076703957129 5.08750433681808 2.86563216906253 
0.415684762976546 5.73401417327873 1.79460968046083 
0.335636512614593 5.45016555488033 2.98781231145165 
6.52864274921812 2.71411008557633 0.278922763894656 
6.87531992943625 2.69589753981054 0.589690384094038 
6.76387143960146 3.08089047035496 0.792556804565366 
2.1042120440731 6.55742900634576 0.833305340137431 
1.03274618677678 5.6392496288859 0.591639105842605 
0.773396385453637 6.1059254532498 1.08022048979311 
1.57903111540718 6.68280907590714 0.454400001076181 
1.30641621939536 6.5057680411743 0.407775385322103 
1.77804631375888 6.72344041610599 0.903923096604952 
6.66209835380871 5.06198287235533 1.12362337503736 
0.336590781239013 4.89173336324131 0.902033064840389 
6.59090148217394 5.27902146608657 1.06275289634051 
0.944983931309669 2.32212752099478 3.68584481166669 
0.568300387521775 1.75127263938685 3.05397372431166 
6.22611788610833 6.19437756463469 5.52235443547142 
6.37453258638401 6.51747508339283 5.07021483858474 
3.62579078399145 0.979706156935011 0.270798714348158 
3.73907067104544 1.03140069712968 6.84731779276412 
4.33505184185244 2.53294707585548 3.3343275081152 
4.33106112094439 1.99151254039727 4.41751163141512 
4.8309985744664 2.01048164589426 4.16342106276457 
4.87905879399406 1.51714549554701 4.01028431410655 
4.00433730346299 2.33666176233932 4.1838335208716 
0.866344677173163 6.56394325715852 2.1422572840999 
5.76826496563274 2.38267326032229 2.99787625745949 
1.43810302211132 5.43426877738238 2.55575565302967 
0.604931140007894 4.38474681747758 2.11275010953684 
0.595774732174643 5.49925353621992 3.1737357185064 
0.474144945890193 4.40012087243837 2.18505622352303 
1.39058778751493 5.40075696916582 2.37971364770443 
1.91700159933652 5.04144467905077 3.04272291478877 
2.30030558919963 4.86368537297841 6.00701951053545 
4.61812880749221 4.47491919125036 0.42595123698171 
6.0843707502725 1.62242351951774 6.20368982142183 
5.90996174627819 6.38523901141439 1.98805590666377 
6.14513750004374 6.57188487818497 1.01682336339952 
5.96491614216488 6.15438685600425 1.61260740405052 
5.4666118636034 2.59247843000368 0.842415107231923 
2.97400312118315 3.49999992130309 2.2845136850575 
2.42632133883442 2.3250666710064 2.10510000759844 
1.80613707385335 2.3349779812787 1.80976877793502 
2.33120136950776 2.28450871448087 1.81561339309132 
5.11084317847719 4.78483144548572 6.57679587471877 
4.9355182735112 4.37244350410374 6.6624149501958 
4.59235362332909 4.52918010979894 5.99778216688461 
0.892957083023731 6.11366577782054 5.4172569562013 
3.78272854838027 2.28040080634469 5.15784623040875 
3.6007829822038 1.25317612492262 5.75234534499195 
3.87497554381594 2.52760840669734 5.48731476420301 
0.988923462706645 4.24840179281215 0.631782946323743 
0.844369779528718 4.6944764894779 0.154485528782566 
1.80246912433999 3.79707403641397 6.69832777013968 
1.59246135602753 3.55003496602524 6.83814203379496 
1.98200514065428 4.58399486937607 0.247903084442212 
0.688214815044009 4.12722377429095 1.64405802627148 
0.389580389826127 3.63305239632573 0.953535286021108 
5.83990636836112 1.98652843270058 0.728436257367299 
5.72083039880435 2.05099811869951 0.91559053944451 
6.1040066579179 2.95289542370834 5.90546289592293 
6.0909547266503 2.85567288509202 6.05429106947055 
4.76901658255455 3.41432333883796 5.89176721001586 
6.05456744796512 3.41008914631741 5.86352614095447 
4.71974205029629 3.32206590122746 6.31273838456546 
5.77269578750708 2.77521467967624 5.71477714298987 
5.38203290714994 3.10401254344042 5.48979537610193 
1.43162039007656 5.03370846666345 6.01813154569303 
1.61792135862 5.89097146502515 5.34202782811246 
1.83635350587822 5.48544218393216 5.56998845931392 
1.82064809655487 5.44693039577074 5.75362692166699 
1.30173472465878 6.18654610200988 5.59594918043578 
6.19668956385977 6.45843281819391 0.672012821628601 
3.66471290659664 6.37527008984238 2.42173025748335 
3.50606049977903 6.7907347148472 2.13268473698597 
3.84958806594866 6.0350102527219 2.31379991509252 
4.24063983496953 6.66535425623654 2.61180069310097 
4.31071803141321 6.08055929763933 2.45110872496787 
3.88412454159232 6.72315887387279 2.5954106076593 
2.35096427002066 6.06131215830231 5.32652275105621 
1.90555235031822 6.13777980897018 5.20104216574606 
5.38819639045719 4.6707904379879 3.22843798133586 
4.92513724400952 3.66136516275823 4.17410099941679 
5.13359835981318 4.80825896670094 3.49733236789947 
1.84357810770092 0.660825723721571 5.41227332717329 
1.32981169568092 6.88910180371289 5.36458921924367 
2.27838969546695 0.602309550807602 5.78575296084991 
2.16501653283253 0.686066990681867 6.03993077208456 
5.40015226551191 5.1616609606656 3.27903289024951 
5.14589180924152 5.0385929401129 3.49413601794351 
5.41681640262038 5.69154034653925 2.84884092098005 
4.33514913829335 5.35762471544587 2.97602186914182 
4.84091201334251 5.71404261853875 2.60148988457856 
5.28776957795917 5.20929799135976 3.76678496747283 
2.77887239982255 2.00981538123421 1.40894794666723 
2.50846416824134 1.9575203231657 1.75333469589686 
3.02248554541748 1.86562823055009 2.33908298684854 
2.65656565360589 1.94769727211581 2.16611384540599 
3.02457823492581 3.34169334852663 3.93939390321523 
3.57276785585711 2.1808662035106 3.58282363803151 
5.53517995954728 1.85919526022968 5.79219019419652 
1.93064669804534 4.85667716267049 1.60030333061263 
4.19313924615015 1.03926762731025 0.401025598476655 
5.82147806168681 2.5298815534574 5.27401459186029 
6.34629909602139 2.52559013288533 5.12551738555136 
4.69939771572044 0.806199461933 4.52768847405862 
3.39422587401096 2.14159602317501 2.57400307489797 
3.54443873724035 0.557904437352381 2.87107701872415 
3.82596254547714 1.73834901054223 3.15650600737683 
3.94753997528956 0.908244938716276 2.97693859674177 
5.15988253982742 2.1336946729092 4.41206071476064 
5.23387580029078 2.63544526228863 4.70729549697534 
5.10618791487057 2.22947186612828 4.77857635317111 
5.2839363141294 1.92137250620307 5.04276253217892 
6.28789802067061 5.46084956613321 4.62510377946767 
4.51141009501763 0.830739144107949 4.87035690423138 
4.73860526400926 0.786453936361255 5.42212947082846 
4.71101465471591 0.977598582113582 5.13712042206582 
3.43228272011562 2.73406565986387 2.52649250639036 
3.64814614881824 4.08792553590596 2.13134183227719 
3.52534217605882 3.85350543850928 1.98458191421079 
5.78247710521076 6.23546626287976 2.50285642815614 
5.84563134358047 5.86355161683035 2.61575937352378 
0.227708423630904 0.872070501358604 3.93348535403465 
0.714624081713016 0.194077750470598 4.08880192454 
3.84757885251857 6.93473731617133 3.07300302224887 
1.4656075782377 1.91477726118954 0.751321144954241 
4.16936106283615 4.9687332615724 2.98748779121498 
5.94789500644359 5.81931806140618 1.58771089154273 
5.97168563829452 5.58796459457606 2.2731599147966 
3.03917707731551 3.08428176196431 0.412102540185161 
2.37640346937462 2.40415709576958 3.30174107057297 
4.33435261399371 2.78328118718205 5.06679508352572 
4.10432100319018 3.46263494294235 4.94729084925435 
4.32190442790067 3.6039280851898 5.64170576557975 
4.28276106492679 2.83667695568099 5.26932176647005 
4.09090998981189 3.29974949077495 5.31805444070985 
4.63922384118629 2.68461362364297 5.12277590948375 
5.08518006213221 2.8576539164687 4.80450832336262 
5.41533032963921 3.31490587521316 4.81186350605293 
4.89264928057139 3.51600037256006 4.50730443828082 
5.33885464208708 2.97888069765851 4.92214435038958 
6.08955281137162 3.74860729916631 2.97885757181114 
6.13321647297814 3.30335881534011 3.12702006675403 
4.47964889005842 4.88773800717888 2.24895688270149 
4.17258060516355 5.16014311265193 2.85759764357033 
1.53887606512287 4.16569007136588 4.11643231742213 
1.45246565168411 4.30503040447171 3.86356813835794 
1.30293700706699 4.05269321150937 3.61268346571919 
1.46438368866709 4.5066247081099 6.02622178848899 
1.5774094034383 4.82315448850415 6.15982459684567 
0.91647695796981 0.21477268893273 4.14907735295623 
0.172066483917006 1.82827156386406 4.47289924228765 
3.86493465371782 4.60454659865329 5.32040870148526 
6.33905918665369 2.3803688999014 0.284619016272153 
6.25634689317492 1.90930564219915 0.867939356085994 
6.52255100470949 1.43737490354477 0.73446100536088 
6.56560400455943 2.13780639338522 0.597192614872381 
0.672335880969856 1.96325304218391 4.9553230071138 
0.487259556947831 1.98874443311061 5.43863969197656 
0.402886239763765 2.44181246583315 5.53414139824501 
0.610580586460445 0.784819133419738 5.06296639950542 
5.51171279089779 5.8327821698846 0.368613493476348 
5.5485179856472 4.91107990505445 3.13219501594727 
6.28071854944091 5.24106054145996 3.64299972175677 
6.61398051874214 4.84851079565468 3.93979613040963 
0.243518508407059 4.71312599786073 4.03201520285818 
6.7637385099018 2.60121662913467 1.12040393203868 
6.87772403042013 2.48634354686793 0.74344296641416 
5.69500859624645 5.87653508674203 5.56509558506173 
5.91094622496221 5.37472006622486 5.96841963130685 
0.289889218427352 3.88595593491995 2.67142007886813 
0.207292150707342 3.98591942027272 2.9853426490159 
3.56836245040957 0.728365256736223 3.94961549270318 
4.3250942719294 3.65066565273758 0.508136149086343 
3.98135686087155 4.18407742480751 4.78773498598557 
4.360085952376 4.83134812848602 4.74044224965094 
4.62971299704211 4.39925656079211 5.74582717720734 
4.25901363848712 4.43245372853265 4.44566155200899 
4.25014270630392 4.31842668400225 5.61121369156496 
4.028059489512 4.51715605571902 5.18156457487821 
2.45243178460782 3.59810177766219 4.62854322333664 
3.20738543266193 3.50134489749039 5.04855165746571 
4.78856250453841 2.20345892884276 4.9613957613028 
5.5226579592873 4.76867619292764 6.52615262050954 
3.66603235669625 3.59842153895138 4.74854218747701 
3.69101550059108 4.0868732844507 4.68465763740783 
3.59862809483327 4.36362597782557 1.85917020705673 
3.69578750543276 4.19172991694863 1.08309653122848 
3.42093858679491 4.1799775271962 1.57850257327455 
2.87940876055071 4.46702613736838 1.45020875651858 
0.595212914775191 0.674937219951388 5.01888486948765 
4.3390252822671 2.06261401991719 4.76262961674655 
6.5528740863744 4.60459922171732 4.12629400856421 
6.50448083984407 4.14189088852252 6.04679021473269 
3.01862563146837 3.33245368635129 0.544591356534252 
3.11062795278797 3.28047186720207 0.927262439963421 
2.33619707931313 0.635223214661706 5.78776730694773 
3.75599226679673 3.84766349411678 0.973306059753493 
2.30914433305702 0.763751677190148 6.04935447699997 
3.38826565757162 3.98958340190493 1.62174269288186 
3.6287888013787 3.65310660761669 1.18161311257919 
5.29314505197079 1.76911606669849 1.00797089840693 
2.79864970387044 1.04203025562183 1.13394575395423 
0.619383614299981 4.33853498229939 1.05112300341729 
0.336850994751024 4.02985643670382 1.12495402613473 
2.46376937586969 5.81525918344592 5.47251133293952 
4.38250268899223 4.56400402084282 2.72727030430916 
4.52883742228044 4.6355650684305 2.34119359422588 
3.09512364760384 5.43986314365829 3.52638173140991 
5.51867150165438 3.94361852254462 2.34281614518123 
6.08254761748036 3.7718939497792 2.61529450789727 
4.83727842807517 4.91333910338392 6.05767192851059 
6.14836410561764 0.755166693759604 1.15868550111779 
5.30394971531719 1.34237118286597 4.23779996069902 
5.47976155709988 1.67676983388743 4.4595344432456 
5.07168922457635 6.10031356218953 3.99768486456925 
4.92133939857132 6.39392233774574 4.39767559262924 
2.14620824474486 5.6071829492531 0.579776071473032 
0.661549935553173 5.38257884155686 6.22901572683898 
0.498608504643844 5.75736066944583 5.9363943057889 
6.57643720504272 3.14832382422315 3.83170846888096 
6.6525580583838 3.23969244642579 3.45382583118962 
3.22727105205871 0.824228091680856 1.39950335561295 
1.98013881718057 3.37294902006509 2.52770985197327 
4.08780756082567 2.27379140838031 6.01311829343665 
1.54910681419136 3.92201791840598 6.30355230726125 
1.36050819167774 4.31300546667061 6.27989845686369 
3.08585177435839 1.79366491370465 3.2673151340945 
3.02724657341422 1.93127326323651 3.14135686221847 
6.49668930044515 0.231143346451828 4.02426966213658 
6.62627592513626 0.492301893213882 4.19747482211781 
4.27303070015321 3.72344196184269 4.96888785655372 
6.04627865957293 6.15173093611809 1.73235758397038 
6.06610159285593 5.84326725110199 1.76993676413153 
3.41598418275699 1.73404426750008 2.1282434331319 
0.410168371783836 3.4155596255009 3.14594503852718 
0.742327731068828 4.7323763957684 1.97063929494241 
1.36409752010881 4.92477561657573 2.20206868332008 
5.97660131453554 1.03353399420198 6.37795656899813 
1.4031559962444 1.77687991614682 1.62739127634394 
1.19909952873489 2.28822105607459 3.79329700354126 
2.55363605329165 0.759626681683532 6.35522112014594 
4.00486033903046 3.67803006743073 5.96058280431669 
5.49865407515778 3.46377654487641 5.50532759294488 
5.51366680115268 3.60410015898119 5.14784600250522 
3.22319931360803 2.50837171801803 4.54940915120328 
3.86139345349923 5.43980754260311 4.62913877996197 
3.22919428129864 1.29895836415639 6.33583875004546 
2.31849848985268 0.28472870965594 1.08703498260242 
0.887945601997579 5.91979713032415 1.39179030088343 
0.797887197332006 4.33570688208207 5.83682058526127 
0.698604924743247 4.18914175893386 5.69002257784262 
0.0939051157630258 4.43261320594842 4.2359596249091 
0.208272610150348 4.35089245726753 4.64822968113008 
3.47623517256256 1.08637578792129 2.09055101120765 
5.6913320213792 1.8562944023441 2.47536349193241 
6.54025568809256 1.85230827904762 6.16695648625909 
6.60757974431339 2.57706505025611 6.14393356323021 
1.09061673333607 0.391147152766101 4.51807617795515 
0.380243142212551 2.30687829206781 2.68186481689613 
0.571436178396685 2.32221386486444 2.34983646823267 
0.663150203605084 4.96292390423012 1.3919934813023 
0.421837346285301 1.6992514595291 4.75920694738733 
3.92166604725298 6.48297672824593 5.17400770581852 
4.03817381990998 0.112809272669157 5.30617952873652 
3.53454148162557 1.24104319241511 4.40283555763014 
0.816628043789168 5.32595659715551 5.01329880994372 
6.60498013167766 6.69621960839961 4.19332467459721 
1.3445876480042 2.18525313837016 4.76664962487041 
1.47295391054995 2.18853129820665 4.53817291940103 
1.20429244006134 6.10820955619379 5.98893873446881 
1.43744947455367 5.76573044210211 6.18239964703358 
1.38408098647705 3.36224592828414 4.49105389833811 
3.11969239070345 4.87287627711027 3.69203521588207 
3.34151875363279 4.83996286718526 3.14661033425983 
4.11945706697316 5.1775142441472 4.23051248336283 
0.838661214603254 6.27546277411129 1.06819375451506 
4.72493882882967 3.24987821813495 4.48811434913311 
4.26072525752335 3.17750992441484 4.72935182150802 
6.85113884868762 1.96364494367175 1.88455954205514 
3.94359368522195 4.36655007420189 1.09668483537548 
5.2344143970809 1.05368839888197 4.88847390879804 
3.54613991641406 1.41425646029914 5.12575686089789 
3.68243074665718 1.16686183965736 4.81447378001519 
4.45994624062901 1.0314250784408 0.78577158597777 
5.96600355502552 1.73640915573659 4.27555703809169 
5.46835209737071 0.453915903398275 6.16469932219115 
6.44050728955767 4.89369601099894 3.43360159093773 
6.28260044487678 4.7272136416752 3.28029191114954 
5.62065580344392 2.7635189792719 3.01354546098888 
5.24675638051064 3.79886938308301 6.56804550257037 
2.95540196853535 2.91361842888702 3.77260251764433 
2.57763016444809 2.88970300223539 3.56003187809752 
5.75658911323737 5.06284464263901 6.79992520957872 
4.20677473630404 3.47457153339626 6.44132119037781 
6.24102899410744 3.99786408631537 6.54517842439044 
2.74720283763155 5.2888483994185 2.59342053410878 
6.00664297977045 2.24269310383727 4.02455159696851 
5.63029430189403 5.64925527445243 5.74887892836861 
3.63253041811332 6.13715578091608 0.878047737446495 
6.51211269105078 5.42149740630792 4.09900321879089 
6.41071491209859 5.16829620091492 4.01498150239267 
1.02205670817308 4.84204997983719 0.132394661933388 
2.71819149988906 5.25864762748378 4.85993373844642 
2.43409740310925 4.99773230002598 5.04289917929828 
2.5773521026092 4.22378446030719 4.89166019906695 
2.5543011775306 3.95228131686403 4.99674163954725 
4.05572040173264 2.59883147811646 3.50230615785108 
4.22251718062562 2.66493009338893 3.77873831378952 
3.46952540154706 5.81356091781185 0.764795691823994 
1.19831845985084 6.80047235108869 4.44764500254299 
2.12922614088129 5.41069917729087 5.74181579813559 
2.13340608687053 5.44265347390612 5.59258053642135 
4.29547146781276 3.41706170640692 2.69069190984269 
0.974190986195807 2.41016986792454 3.40312070561659 
3.61559903300517 3.39203966751657 4.44623659171453 
4.01247751468828 3.08492419643668 4.43890320059594 
1.4949775932822 3.80149849167086 1.65006809525622 
5.30907094423904 3.85713223306054 5.1662756786993 
4.7995254557203 3.74647404036058 4.67064613506703 
2.76099720677503 2.25114146400822 5.76249107257836 
2.85057949483532 2.22632727632303 5.75554239580412 
5.85235446923758 2.30776740329569 0.404244545059384 
3.55887447746817 5.7487359067587 3.9890375136638 
5.07065481552126 6.32067300473806 4.58500056868452 
6.07055330731067 3.43542671664837 2.44951095104586 
6.10363334435329 3.11478707091482 2.8782231597192 
2.19881770765091 5.20085131189853 0.714048249730374 
0.980363646762248 3.78508068180729 1.79166211115169 
4.32936465231658 5.07885311335451 4.67106489455536 
5.99612031804776 5.75700306604818 4.74593531212085 
1.47916758164739 6.53893372098962 5.58383920499176 
3.28183655350735 2.07998772679385 3.12725163378181 
3.37314298757432 1.97937996873781 3.24648239673428 
0.574383773259556 1.51289187042633 4.65248138098321 
0.513282948912558 0.825880838637357 5.01868829919065 
4.91858751135828 4.9288985343773 4.85305422429838 
5.44382587909356 3.47669123052053 3.58457334657196 
3.01785745440562 2.41316570690696 6.44242305382324 
0.938355551734825 3.20192541970747 6.1855114018124 
1.03354783262823 3.45000961217915 5.97971363721863 
6.63455962301381 1.68577624371472 5.9225924496282 
6.79662280437782 1.99031530340715 5.52171109846617 
5.42126238520868 0.582896765163813 2.61248156427261 
3.03328288804596 3.59353854083989 5.60767590556056 
1.23738592818752 3.77949032170338 6.29503044105073 
1.08455248498563 4.18478413066006 6.2745331564435 
1.2989897898719 4.36995662431751 4.55335023724264 
5.57444293439955 4.1966657068362 0.543503743113896 
6.00031589252545 4.34886369885076 0.260810892226464 
6.42425127768303 5.16416729773746 0.951383025772045 
0.331982788374592 3.9295493008202 1.38373091166225 
3.11181126072163 4.99025245762854 2.60785670517919 
3.34080743209368 4.98411657003386 3.07685419937975 
2.31632449448686 3.64097891772334 3.20929009244115 
1.06940184720593 6.05840032087397 1.58334158383862 
6.35979752707466 2.50220290891978 2.80134102167919 
0.595797213269263 1.79746278716249 3.71305894867098 
2.28066937240904 2.37999474679847 3.43545451080905 
2.31307000107948 1.51038410344192 1.62185513588392 
3.52194035145119 5.41499088563532 0.869767846151073 
3.87602837672372 5.24777097897086 0.933426654101125 
2.80813619642686 1.67898439026539 5.64093654815318 
0.62716845461865 3.50403649808612 0.733360237184348 
5.5251923908316 2.6901876427368 0.598233542225703 
0.839271122307737 0.822195782089469 5.81654046102194 
3.46405552324562 0.547835127542715 2.59200845899369 
1.7357345904534 2.38595228591832 2.06158088161978 
2.85710508069591 5.45358412506024 3.81281630430554 
5.92694993638594 2.7310910628415 4.18075160535423 
5.97194628390027 3.09033585200357 3.99296347313445 
5.45578473230951 3.66275952319082 3.9712829669106 
2.54113085262118 4.84363749874768 6.26026570487335 
0.136769386410154 1.46924026723397 1.64458509163996 
4.77106891864517 2.47014820098752 1.85868111714377 
2.71516474185848 4.84686935860939 2.4570845894066 
3.0595512590744 4.8294393130433 2.54653859098752 
1.84699234652786 6.51422463025 5.35485062562564 
4.19866135807732 3.1222140768275 4.01551464083639 
1.0312955539993 3.00254712405195 5.24959048911144 
6.6651089842998 5.49995227754214 1.59652827819842 
3.29115614680837 1.482276702619 6.11443306466482 
3.20987190827588 6.73329112590569 0.782353824739303 
3.41564270534454 6.43784643634121 0.623135095973109 
6.13782618338341 3.67795584573985 4.39519407742825 
5.9657957346119 3.41038097539484 6.56775845886478 
6.03202848392874 2.96155442958527 6.37934771943661 
5.76523055858568 6.7513972755758 1.18968730567244 
5.48089465186095 2.80351554647932 4.84931029377862 
4.40535101013379 3.80644974463292 5.52191326298904 
4.45410013151064 1.52258774311033 6.79581508099366 
4.21901547369114 1.09061705188733 6.91215611612506 
0.607768343618372 5.86731105784617 3.8139163654788 
0.456453318460691 5.68348226747416 3.82263344326647 
2.42699593915799 0.766675840330994 0.780331118521023 
2.1666535015528 0.911672342347033 0.74966775858965 
1.89189399680816 0.973426646717771 2.0946025844847 
6.14457014834892 6.55798677005083 2.85787164516794 
6.8603980528827 0.87129416711746 3.84158327042187 
4.04395543031577 0.264722677732904 4.99979029513231 
6.36956081974576 6.20735600365032 5.19324738294563 
4.52263811006511 6.33918894991344 4.37784246587737 
4.71385234779292 4.98902668211815 0.360004880757362 
6.46133221768224 0.794943952160867 4.89509642440189 
3.54026852667055 3.21118858996439 5.59540278190143 
3.21133041252337 3.31174317469576 5.42040449081904 
5.44357961132278 0.793374625944277 6.23165641408063 
5.35387391452233 0.949898765137501 5.94113707682229 
3.91791090771315 1.79048245662212 3.27222357241507 
2.88469544489942 1.57498162964943 5.39847571471509 
3.3914976932476 1.2501279496855 5.34699976339405 
0.968477168831752 5.71632661793367 2.44769657936934 
0.816151586712762 6.04092899155746 2.13215058376689 
0.369888936677196 3.59498463362261 1.31939164255157 
1.01124864308717 2.63208793742715 4.76681201737585 
1.59082058937441 4.06976907803326 3.21177170287721 
5.75950126222324 5.54666418857591 4.86001879611307 
2.2050055658367 2.53987883628123 4.56544116812928 
3.36724877840623 6.90183625900874 3.55090325383657 
1.87044368778758 2.88901519390199 3.81767315301342 
1.91294969281654 6.55543439247556 6.49406691457172 
1.55737208312077 3.46222419072987 1.45786163680908 
6.17325657265914 0.797843333968593 0.461231688851578 
6.17938102834697 0.977712213144805 0.37095407284075 
3.35893827634818 0.908084810711076 4.28579913087286 
4.01412307027201 3.22642404761419 6.54012936907558 
6.46995869147676 5.68918579766874 1.83159437990406 
2.50114383073898 3.72049736116252 2.23767454836875 
2.68955017266622 3.61500085061209 2.0404110075673 
0.836528343190644 3.48052118337055 2.50160301462259 
3.65444223419489 5.93560306662638 5.96857480014786 
3.18191338531068 3.69144176844757 5.86327681703402 
3.55189692136855 3.40106570329262 5.89479860800883 
2.22578597899039 1.02198092810108 2.32106112166891 
2.48326494533982 1.45272874278771 1.22518711358908 
2.12840339120042 1.35267292567776 0.983728542963383 
4.09939634860811 0.443461331995887 0.842102010138823 
4.35708374047402 0.786996687466316 0.633656775132003 
4.23206249931365 5.44354940886216 0.712444923067398 
4.3742390737084 5.13218361585409 0.35692391950894 
3.02720915878542 6.86991340883914 3.50356514883832 
4.67422870854247 6.00177813048981 2.1203217835569 
3.28082571718386 6.65328631953964 4.36389283349167 
4.15030006877837 1.39998655860215 4.36606495705195 
1.99570619831875 2.1990057776312 4.96534566164916 
1.64880465351956 2.19258574957258 5.08511546857464 
4.10753651305352 5.28768096971059 4.85649990219471 
2.06149271783651 1.67224367690165 6.64616552428067 
1.75587582900145 6.90822743394918 4.94498064857581 
1.75690633386885 6.90893549398633 5.06207810048327 
1.70399157472845 5.99003875422015 2.77793742043456 
2.95857345622758 3.16389059114314 2.56492566817513 
2.92966904220692 3.5191802452916 2.48970821564464 
0.668726386659758 1.57149009992647 2.93241329121825 
0.257748144676523 1.05942269060009 2.60903137711572 
2.51796613836298 3.09903899296095 2.77666133733908 
2.62908596299969 2.78507369303404 3.32146280648563 
5.19396621645434 6.21064824024289 0.44998665563064 
2.98513893505857 0.47153698915509 6.28447480349775 
4.42545274485979 6.42819598673 1.35904276047739 
4.52827616116535 2.60551979906276 3.6593961040079 
0.309524147458826 4.8378159861337 2.19112584609421 
0.474299132589358 4.97630915811151 2.05537547304096 
4.45952942006586 3.46520883746113 0.629193063099107 
6.75792739642185 5.59541991308017 4.86949630601243 
5.21386202135537 6.76654770028816 4.76459187655904 
5.73224567683623 6.95680213586067 4.79476328451163 
6.07760779297068 4.72573026684395 0.278162701881235 
6.06024333612938 4.78998135506707 6.97483379962766 
2.9105894689861 0.839866820854493 3.63776379979664 
0.685203860096736 2.83964515360744 3.51423731386734 
3.15984670004316 2.30283218628045 6.16425771112267 
3.46077406771035 1.82107016903932 6.31737915745906 
4.51302574861056 6.4337444286045 1.1417266569392 
4.82616537938981 6.22807258591165 1.10066459292841 
3.09411688507029 6.64665062460983 4.43086111671604 
5.4716966689281 4.99628240397692 4.34048730524693 
6.08118761028337 5.0203602151703 4.47817698691952 
1.59796108142171 2.70436144497965 0.33508103998639 
5.44473856340639 6.77055220500116 0.921441904329403 
1.99111164908701 0.353459687238626 1.16881761887701 
1.88709991559992 0.751323363579793 0.95034781456306 
5.14083141919683 0.473546986076719 1.58807296774636 
5.40609788520485 0.317151065604217 1.91039023486703 
3.82672896438282 1.13469210668832 3.23594674651854 
1.19796037985722 1.97131876733102 1.23317164056046 
1.27891431736731 1.76505640611703 1.01278655256547 
1.29143753552572 6.39729346378282 6.26260577052779 
4.25561120654676 0.708680124005454 1.91378116690837 
6.17232000605493 4.75369336745931 4.55127998739056 
4.85400465097104 3.93622623132723 1.51341436081485 
4.08585374620671 1.25582063879509 4.78601659505932 
3.73362576870377 0.891404406459138 2.25105939553119 
3.54544629418433 1.03641732550206 1.65013592284578 
4.6934165491027 4.20017767160951 0.118620219390227 
4.6000341503301 3.9225727734134 0.11542552441151 
5.42701122877671 3.97664473489983 2.08110224232813 
4.8431189346171 6.27388096784633 1.96683118381982 
2.37476696605326 3.40783318912512 3.58471844118877 
2.00096669459357 6.43453491190102 3.60943544358929 
1.87760018143167 1.60811565998484 3.66637384907248 
5.54944064397285 6.66635969900807 0.559759469105619 
1.51258417611903 1.48894755409874 1.5564975053993 
1.48690496487903 1.4033938680881 1.26192157503546 
3.2118829377727 1.82906080145054 0.498031827108449 
2.73726565517116 2.14196843469548 0.75666084951709 
5.12425821314229 2.50185678039212 2.48916794056176 
4.59793508359407 4.29209029686271 1.37545257824216 
4.27177566489135 4.20281731076466 1.00208871655715 
2.67118552838328 5.19485217587371 1.20108151153854 
2.83784171619662 5.08048883433309 1.1721128261144 
0.0993230794438297 1.27853104675971 1.02313482754626 
1.36460050018149 0.958875754135172 3.36685908586804 
1.71994044560471 1.1025618256971 3.50790689989328 
3.52100190544512 6.83084904566404 3.80100665103204 
3.14404633144942 3.15961383124625 4.4581151077507 
2.96682356179203 3.22479906122021 4.69774677110399 
2.79900101004367 6.8854738375885 1.85908918857134 
6.83134315394435 2.62295455564172 3.78699262307144 
5.8462190418216 6.16905922993945 3.9743419173694 
0.845546404936044 5.01761417297312 0.159843449176732 
5.7435681037295 5.72857432243957 6.77683879114211 
5.93768532568491 5.36206766613407 6.6029050147696 
4.70128394556564 1.11806588175977 6.50093703458881 
6.82171589496792 3.64206297687821 3.46207935693598 
3.13008199855263 0.959635592811914 2.2855111024962 
3.36536405939716 0.570298513491091 2.60758091755886 
6.4426651701264 5.667143222646 6.78169515330969 
2.01252300593126 2.19632532629847 4.71951543890227 
2.37246025359879 1.76262162221378 4.54046217398066 
0.174766815675076 1.76968711761204 5.43154796482915 
5.58904034214746 5.5855136508117 3.42834152797977 
5.54589021832744 5.32069420396973 3.49249580943346 
2.51794987495715 4.58210718261256 2.61520183432726 
2.99397801059186 1.30060055976421 3.16836258765054 
1.3865507089801 5.91911874172304 0.283111143030515 
1.04307277606384 6.88868305031972 5.18382000212124 
5.94847374229585 1.73438859248063 5.24940274792593 
5.64946742248662 1.9887967932566 5.33001057434153 
1.1249755694771 0.97817451526062 1.0106889778572 
3.69284318113579 0.73188949542151 6.59420763273594 
3.43828251164579 0.838091913915128 6.27804549583748 
1.46560599117178 6.66074876894325 6.11548805420912 
1.84386850872256 6.73621119148333 6.272596212779 
0.407109302253402 1.49857415067861 4.09817856808793 
4.61969122017677 6.24142156560931 3.29325575918093 
4.50365628789169 5.82852082260046 2.78960904531096 
2.39987745005404 3.22216925269748 6.34966441362804 
1.50565158623114 4.54499684101363 2.56166364620681 
3.74803459849383 2.73709698818988 2.28536744292517 
4.18218138674054 4.78009879406528 0.360251160730305 
4.57751090629668 4.54986500394451 0.351391358196176 
2.27264382104926 1.02358090515392 3.21197848436874 
2.24406990954687 1.21174867072138 2.58706737701445 
2.70718115972817 4.17609405976004 6.406325024268 
3.61576907122611 5.27360017773982 2.27228891440957 
3.93884145585401 5.27032959278553 2.82632135873305 
1.40740306922715 6.35594612434367 0.271993580838846 
6.43192420098961 4.06230328487336 2.57362002980201 
6.55426893399528 4.13941284479471 2.96225274658973 
4.03473763544366 1.11319421889611 2.52776228893247 
4.33627441646681 1.03866259691014 2.40680789118634 
4.43921942152365 1.18252923002384 4.17864483985434 
5.28258828394552 6.06595820849754 3.8675167816449 
5.64411045613338 3.91566102323348 3.2060325373269 
1.85981104484505 1.3436003187572 1.54456294013154 
1.82611568378271 1.26409694210789 1.23539808527703 
4.24978128761717 6.91394126084929 3.25854658014553 
4.42059738535001 6.79206668944151 3.12550754799136 
1.31351381701062 2.5440796531381 0.473849313081751 
1.49232302450556 2.21288768365642 0.809976576233758 
0.754612007376083 2.08066167437075 2.94276129649059 
2.40498523271726 3.39952084745557 2.75207523662095 
2.67510277646873 3.63526877783064 2.55063974219229 
4.14095849540133 3.74478666374302 2.91212804968619 
3.73722852351177 3.76464802948633 3.17347373838125 
0.841914229899868 4.39752429534836 1.39192309493898 
0.848895804552854 4.7270533038174 1.54239739716294 
3.87012610196846 2.57280478856037 4.50725224613233 
4.06079561526344 2.42197435392708 4.86830192642663 
0.264388708264427 3.70303178848751 3.27507170437906 
0.737517008492415 2.96975363176043 2.07270590547207 
4.98653899744567 1.01284421853191 1.53036025265227 
5.49590106741611 4.3516492209139 5.06896131188171 
3.36722127975211 5.80119617255397 1.41225317049503 
5.24095718115031 5.89851441913105 2.80901738448983 
1.44736662888304 2.37820488298085 6.72203132585155 
2.0954111752733 2.05938634444261 6.6203253473238 
5.88681640893345 0.282967039198449 6.28390526866844 
3.95991911266411 0.774440033704852 1.5960263623667 
2.68200437981294 0.13661798543151 2.80574043121971 
2.90933220773073 0.264213116745356 2.4133646753767 
3.58027696524585 5.38740858861003 6.45156281788371 
3.58161409044217 5.56156071559343 5.97987195112411 
2.16572432992515 5.50282193581497 3.22579534693539 
1.4884176707028 5.05880906257597 2.84006270423023 
1.51882870777743 4.58083955044321 2.67456168453006 
2.52006417046784 6.39951168285606 2.05347583504153 
1.93216879393238 5.96907912927883 3.21186802076793 
6.42435724343317 4.01196854251166 3.13481528599363 
3.0243629338916 5.26140621456463 3.83780777958382 
3.03732620287308 5.38803041266348 3.77678282482124 
4.94290730878002 2.46432356523608 0.880729767417192 
6.9289245746142 5.33003444184541 5.62409022389773 
6.89157390186881 5.19570905843513 5.2052688881067 
3.9039791664427 4.19266325260319 5.9628279353745 
6.03648101189936 6.45759478774558 3.84935055164516 
6.23585233624002 6.76540603142917 4.19068824086567 
5.76285846254451 0.201416054597708 1.37254900296104 
5.73533220599446 0.164263422030404 1.75079769390084 
5.70005546972975 6.36359617855967 1.63170358918129 
5.71108718362287 6.4886794185668 1.86192103053353 
6.01957624436165 6.63436097997517 4.60406726428737 
5.76737467973083 6.14756383040373 4.3913751812054 
2.61208050865118 1.13498266238916 6.38500886906113 
5.1709074606776 0.938228964860158 4.55583300012952 
4.25357376181613 5.50519499396234 2.99594004045617 
1.76956510587215 2.85354289198567 4.20749264698243 
1.73837488034207 3.28803973987932 4.35924737876409 
0.867026656748181 2.22044456828902 6.1029247811061 
0.636719143326049 2.54868982631738 5.96313653529484 
3.55486529381294 5.69388596911101 0.686498248021406 
6.40365060417628 6.27039586632619 3.09709163484909 
2.13160954000102 2.15950716478347 6.34032820945014 
1.58900244168095 2.64073801599172 6.21239065598848 
2.6653569827799 6.70642117863204 4.17114961775039 
2.44284391220954 6.33643634795474 4.09638576243888 
3.31115790288332 6.20663903421343 5.03121716247625 
1.09966220390921 2.78231439312856 4.41942622015997 
1.35480369423211 2.56347979438323 4.26695842288189 
4.66412865032598 1.40140722427771 1.85517635331931 
4.57511163280575 1.38512186414049 2.31712775397039 
3.67814192524651 4.618132356577 6.64179770882682 
3.99747657304397 4.3591887570636 6.23614849393698 
5.84205692441627 2.91319049618449 4.61832287690978 
5.8128773466518 3.29946039246559 4.58450730548535 
5.67940638294756 3.17254520903457 3.54659497616523 
5.46353227477596 2.88470233553692 3.43547303396835 
2.32437319809178 2.65804762616453 3.70492811502483 
4.20029343443587 3.79182361886678 0.892196484925939 
0.178488639925258 1.04938651221811 5.21747487373683 
0.161642248604862 1.57954942934851 5.01211148115773 
6.30437940971993 2.21998550504088 2.39487443159378 
6.32353802767165 2.43886206891961 2.05581992958763 
5.97529704652293 4.36852973594497 6.88692913753462 
5.68908602092902 4.30238933399415 6.67330824277774 
2.64214667728112 0.176104930704286 1.79136527519412 
6.22798303265395 2.49736925760822 4.16704464678988 
6.73927036330312 2.70719011404945 3.94117842606738 
4.40835553130873 5.41604310273178 3.91005789954571 
4.50053594832495 5.12079044252978 3.42723371467118 
3.42625716961413 0.643779574910195 0.456755284278942 
3.62965590194884 0.38724744128966 0.731874985143233 
5.72962402875416 4.26866752623598 3.44574822204779 
5.93705198764339 4.36200761779828 4.90029963382789 
5.93382088194603 4.53065301349779 4.54445077672697 
3.89159149263311 1.37402690945847 4.17962779924535 
5.03039881786504 5.47949979418826 4.05413973686406 
0.532171906157972 3.87001535281619 3.6247426867709 
2.41419181720789 6.40254563685036 3.8241690109756 
2.63497381404986 6.77278164057328 3.91634316930955 
3.87464200965876 5.14982961562586 6.49652812135946 
2.54830149331587 1.08983345731534 5.29606204093768 
1.74542964466212 1.55816669555173 2.73129146449337 
4.80273349085156 3.64997135958364 1.37025846761467 
4.36642922635503 3.57326192809987 1.00215824978697 
5.58116080617547 2.96110585915195 1.14756464596494 
1.71293579541122 5.01337416269025 1.72025722764373 
0.369523282128054 4.4433851150885 4.73967380820992 
0.348822183801523 1.57563021876003 0.75734164411438 
0.662228623582459 1.38139955223078 0.573827197189651 
1.99337989800972 4.31445594507948 2.11055027870229 
2.06155070663193 4.50938524008043 1.70455881170995 
6.82596497521447 1.53540019586116 1.7372161248263 
6.62826126571408 0.900407160560157 5.83311108595052 
6.29150123048689 4.58002429163047 5.15759060469445 
6.38649327422088 4.72375935915946 5.03344654564581 
5.15492474897965 6.01648212861586 4.02247825831298 
5.30819823254062 6.05177790559446 4.41586472503882 
0.804743111455846 1.12112395029564 3.5540316921498 
0.68535639444108 1.5719293444086 3.86482680395689 
6.83768701595718 5.89063289272819 5.71416014627739 
6.69844894863259 6.083434523527 5.1828702313657 
6.17139254872499 6.00261721737691 0.562975732175321 
6.042191471849 5.53743940776832 1.08831324880585 
5.1459093531882 1.41477806508235 0.677253429830786 
2.09813371523372 6.35786878470577 2.09713461914126 
1.54631999550326 6.88532628438066 1.89329473452442 
2.31919521852471 4.30877804359872 2.15307785517425 
2.42253105072419 4.49102675062372 1.77854676918891 
1.1403043696592 2.41134395851114 3.33044322096804 
4.9339186455715 1.34574327877367 2.51802142475193 
5.38488175789247 0.40134847431771 1.18941410468308 
2.34005923333364 1.64719444983429 4.42817328175804 
4.94234983110121 1.88435198777591 5.23189129845544 
4.62854515362539 5.90872980339775 1.78539017531069 
2.98217002823184 5.12410207267685 6.28975942278789 
2.02558354084468 4.70449686833627 2.9527310802749 
2.08547075883124 4.50958966220769 3.24277126940659 
5.51120783109041 6.30864184223921 2.55106153488157 
1.51580505171419 3.56877686092593 3.45411699019637 
3.90011638800367 6.42800102726936 4.90619417814153 
4.22351774870234 6.11298528236638 4.76767880282802 
0.28571307696099 0.947676352397032 0.959183212780854 
0.673849328301882 1.24295222667048 0.584661105570743 
5.18505336789784 4.5016463631133 2.44920395842732 
4.0005220051267 4.10700666215611 2.6677579571966 
3.63939766152252 4.16118595657009 2.8693316008588 
2.98183940038642 6.8642426252746 2.16609991202015 
2.44113006709228 4.15771616276045 4.31123828107303 
0.813465095873595 3.29757607226644 3.41796926167185 
0.27572885971918 5.01422705349188 5.14743704953553 
0.211546172133522 4.59049619061674 5.0748796082705 
1.56671492164299 4.52658264370729 4.84522519630192 
1.52141312408489 4.98377000362855 4.88778772055248 
1.86988421736697 3.16707295309142 1.68634158968303 
1.63062944103739 2.73253788742232 1.79625200230478 
4.7345565548613 6.09510243932876 1.67272793922484 
4.9366777158318 6.0216004010784 1.46782286192535 
5.71062071231239 1.98503702497288 2.44820876559069 
5.55123844069588 2.07823596791805 2.65935010008976 
6.37093491827205 4.29771502067389 3.96522109814319 
6.19571181478048 4.35975928943183 3.4326152609354 
3.54296361620341 0.411010550700768 1.25389445636605 
4.11931719443097 5.71910076246754 0.567228390173776 
3.60354548028209 2.15523832705954 0.470381750182281 
6.80705393842694 3.90477652025625 2.31452724447597 
5.92972634577495 2.43292283258117 1.78471322675391 
1.88433245346474 3.35097565456075 3.77503550742297 
1.81830148208528 3.51619928999696 4.09952456251131 
2.77574190439206 5.6029426785243 3.48406721967178 
2.64379874025411 6.03859485861267 3.3346563213928 
6.27461927452579 4.07456999227485 0.453046472121351 
1.30010224439549 2.23945816126757 1.17426709789517 
1.62056035480804 2.63718985136424 2.09910846516983 
5.08711627708324 3.03457643533642 1.58006489016144 
5.33301941531603 2.95894503376963 1.86130664035499 
2.69163468603327 3.61631770659959 3.85535565411775 
2.38147514185104 3.7653268352244 4.2657138086839 
4.20448653909897 4.54346781938927 5.97685935288683 
4.09963290340271 4.39700151105303 5.73922638041808 
2.65843081983117 3.46700157372407 0.510099277111451 
2.35306875341392 4.93994660946551 0.352921357573367 
2.18019787825902 4.67224680963302 0.213074548213745 
2.96982042874326 3.6766817947972 6.16677578181968 
2.92929519550887 4.13065292975079 6.39581013317123 
1.62162717266979 1.5512365578648 2.97068009540275 
1.830405786547 1.27207781766128 3.3997238075542 
4.06976113075183 0.662298789462371 1.86378790711816 
4.77800055203397 3.63963209262812 1.85442416483526 
4.83259770367308 3.8980048937435 1.78767635043637 
5.33908834016434 6.4898529412901 2.12491017392689 
4.72289142460241 5.71873127553842 1.69639497240626 
4.95066188129964 5.8961368919177 1.45037931716804 
5.30033030387162 3.3063124896245 0.270354123573328 
2.66404652423274 5.99255749045621 4.24808845428239 
1.5976540028464 5.92147869052301 6.48430318686954 
1.50787144098003 6.24700626066323 6.52866298358243 
5.93916757897176 1.21990767943384 2.21914792349248 
1.19186021069474 1.1161460409351 3.01630879196773 
1.43113107150958 1.50281395370964 2.85620224238072 
2.2760287333056 2.99248367822793 6.14729900263762 
2.53445063455594 2.45330955047232 6.25024867093781 
0.613245582709712 4.42747823896074 5.83985456021364 
0.533500098840924 4.31279447934118 5.72055788128649 
3.36635943312141 3.74045507585435 0.342987610033905 
3.17458477761106 4.08538258711163 0.211741143444247 
4.4011913142163 2.06323710247788 3.14060051862785 
4.51773608621919 2.07086103763165 2.76375541096323 
2.57406203998243 6.01470511836295 3.24691305822666 
2.55501282991826 5.62623474422992 3.23095693632724 
5.92594302478679 3.35599401692559 1.9688595672593 
2.00540997718935 0.291213440191547 1.75544134178251 
1.6659179789157 5.51677225016712 4.27257160665835 
1.55198228360737 5.49507472629624 3.89592444018082 
6.79528944350249 2.94795402197102 5.16129023061473 
1.10842302928297 0.98662728624326 3.65169352364703 
0.157050036680895 2.99815700342138 4.98378257117726 
6.82460269725408 3.23780348288835 5.19304203578636 
6.73809615408894 3.33382158825057 5.63329404067056 
0.573035464304846 2.74935040253666 5.1190623423966 
2.68536801601655 5.92695960567877 5.03663562838736 
2.49169415579772 5.82869715249641 4.44518148358719 
3.00742082857522 2.57371122557945 4.39005328389645 
2.77962226870687 5.18536899231689 6.34317765714939 
3.53604419409108 6.40296648721385 5.36976005404197 
3.56874806710617 6.72232585919832 3.437675234919 
4.36959909502684 2.41648557311823 2.30211357381006 
4.10966523392798 3.2909656639821 1.97276637657154 
4.24839318138502 3.56453772743292 2.16706797799936 
4.98367159461367 1.82674116296372 5.80619080567909 
2.27092341747745 1.22705227320314 5.01780843315129 
0.742501746844686 5.79196773255801 3.6588529732469 
6.26442612862678 0.00461509890916045 5.89239707076502 
0.238236135456811 1.63413852374535 4.0811211009698 
0.277613643670332 1.84986282836037 3.86165859668824 
3.07130346823108 2.92256507407095 6.63356591043653 
3.28643079078557 3.22846488297854 6.49043439892836 
3.22345287292113 5.14578064753938 6.5660872617447 
5.34135687629459 3.35862481781602 6.81632691440825 
2.9565023778729 0.993566786815042 4.15124332876387 
2.50493760626068 3.15479579632368 1.53304757912222 
3.65378809796975 2.08519240873398 3.90215145588007 
3.67371251156978 2.16219104660709 3.59640792524972 
2.50122138248274 3.55199145418347 6.11908574529629 
2.36227212006071 3.76719633887476 6.21301946824561 
6.19731876325403 1.22013633846399 1.46912998709204 
6.43960246714031 1.4461618748871 1.32385487744743 
3.07234319180957 2.68071897146306 4.51970059323658 
2.86806292022227 2.86143219871878 4.80147028632215 
1.59260362512695 4.98948538464407 1.47628406062699 
1.67461635786179 3.75554815881037 3.18419506439077 
1.56001640586994 3.59127512022602 2.79225850396384 
2.68325012511293 6.0719338493179 0.338458316153912 
3.17498102594831 6.06010193043211 0.417706334443372 
2.22499506132341 6.57941532023897 5.51977029845937 
4.70117709273094 0.700266675795033 2.82541594085795 
4.44251764569928 2.74587540729623 2.91649567315507 
4.56032535256912 2.39856120437267 2.61618373404476 
2.53497052915158 1.84004156905639 4.41435166135864 
2.50808114163337 2.40422848250231 4.32790824188392 
5.72991549175033 2.63484020436153 5.91338202750718 
5.58986890682821 2.01435831050628 5.97050455096198 
2.40742648634293 0.345381010950781 3.89463894390384 
2.65106890568691 0.539354113856412 3.56244172665996 
1.19530221323317 2.67749857715609 2.33303500058999 
0.850337783096795 2.07017560132994 2.88157726669356 
0.857093317898107 2.18882154680863 2.47781333898979 
2.3337419838645 4.04505208526321 0.965849950544927 
2.37085785979539 4.68765355820942 3.77852309740405 
2.04343088739811 4.6667060301137 3.50248986863586 
5.62581626369812 4.1762598529604 3.91650690037166 
6.02367509680733 4.20229532260167 4.19588049537819 
6.07314327699252 3.77868587951008 4.9362359372551 
3.67805187573789 5.65607810949432 1.75422834721379 
3.91314253639507 5.927296507903 1.81028650602406 
3.89919087633775 0.45830012013906 1.38273615638475 
1.9082164054873 5.0519246776694 3.40464487198581 
1.00646716184846 1.57022667390188 4.70576242180895 
2.11063699827394 3.31916156002668 0.993511370005824 
2.44653207673933 3.53727900617171 0.949257135041035 
6.30145145431696 1.093846759636 1.88072900364543 
6.67971684738712 1.29237268536332 2.04493539466017 
0.441802067547933 1.87994146982089 1.70920175597944 
5.48362167769432 0.713071725415668 0.526355676269458 
5.1786918785654 2.519254180244 2.0675153397692 
5.58301671733985 2.15061974881638 2.00049887097853 
2.80331326122282 4.24448168630772 3.941169907396 
2.84820160236066 3.83999308755394 3.7304078547281 
2.41623905712217 1.22329005118134 6.15074449644848 
6.74109206882241 3.57764029714818 4.10640843907449 
6.8221326292904 3.78242487307263 3.94532463769037 
6.45434535923727 5.27752672039979 0.965168600106688 
2.13626910311096 0.393156859531968 3.82689221597891 
2.13310756113389 4.89516216275087 4.75148485867962 
2.11048362941066 4.5761055760219 4.72577818021589 
5.81970966869238 3.84744648270048 6.29848809189614 
5.94708183018378 3.76316491538583 6.30935801896494 
2.14375960936886 3.43103436353482 6.71204886124413 
2.13840531039422 3.6942309846175 6.64601837887938 
2.03650284215883 3.02017696517591 0.512693806707514 
2.43401553733827 3.1874332580182 0.266031851606099 
3.64727321942632 3.06744624875172 3.05167634444513 
4.02506992205158 2.84180863993575 2.34808285784782 
4.11064917233508 3.00853508714758 2.74165632859343 
0.11190772925885 2.86198756900603 2.8689813124257 
0.203978214807357 3.02248081128702 3.1833283765957 
2.17371220990251 3.05923602960039 1.4419156343309 
2.14161861083076 2.64128805948609 1.42110755062274 
3.38669888705607 2.91245916743745 2.86699976945817 
3.25385844974052 2.65274971012996 3.23867021095925 
6.86005459830088 5.75217947525866 3.92546802280193 
6.71300485449845 6.34392094003383 3.84883255065376 
3.44122981026406 6.07807424412744 5.83176059105289 
6.13813975442896 3.61068396230572 4.73248079257882 
6.55315469120989 3.59115062058927 4.96837299682811 
5.29528661749219 4.47149919508275 4.04734674658804 
5.32833106590069 5.51060098120849 2.78850199408965 
1.81865953210131 2.90553332159282 2.51148640921043 
0.823226757766576 5.34009843654798 0.472012090949698 
2.2863896867098 6.67660158228689 5.83748320942589 
3.87712415069163 5.70980657207466 4.56820908931557 
3.52312871091623 6.21825532385607 4.79188792457644 
4.7278603560137 4.41002086818285 3.02551189758468 
2.0265651569883 4.44199682678305 0.264576430169874 
5.83402583141422 0.17966485059786 5.29031003124534 
4.5271985462205 4.24991804995294 3.967469187053 
0.32423166274721 2.43786812738384 1.58197293930221 
0.309100369507447 2.09997471376893 1.8256042524593 
0.647096117154684 4.88713721822216 5.75417637013152 
0.499087083242171 5.10766462249544 5.46540862905464 
0.379935470312022 0.731916895145202 2.00216224545478 
5.20500721869075 4.61666021659952 4.64282353557576 
5.43914495909499 4.70674797164429 4.40279373855925 
5.71467276172197 2.92576189010105 1.7108794055417 
5.7916535647674 2.92664126633465 1.32073887909172 
3.1430074330591 6.38696616635166 4.52400140443351 
3.08721746442058 6.30849647180853 4.9313215047275 
5.34386879341647 0.436007798195559 5.65041106010729 
2.03578185695134 5.27106178445383 3.51771412517343 
0.547684407421282 5.90467761734547 2.16413868695229 
1.17548967968165 1.16201075566905 4.90676947658507 
1.4034892598495 0.94329547230504 4.60141954324354 
5.44149673718658 6.74228445301948 2.91569448963327 
0.663535192894548 0.536734723037898 2.45124159480752 
0.517156774461249 5.18265868393827 4.81878346836244 
3.17287169367312 6.68355288761077 1.3113176475827 
6.35886347789456 6.22139106489808 3.63397556156413 
6.00672805284071 6.06468815700213 0.374335453303116 
5.01662882006675 0.960017667174331 3.22827922412143 
4.96718982167485 0.880751903212073 2.84491897861135 
5.88170712394726 0.736994842548659 3.10345062100645 
5.5184962256885 0.868395530031486 3.43994984331406 
2.8342422489007 3.99686159721828 2.89464541623901 
2.65291890179002 3.99175967545823 3.23196971440221 
3.5574449453795 5.78301274296472 3.40408182985154 
3.72521128345052 5.88756778281768 3.67321169962721 
2.26220279362283 0.670114469485302 3.28922209110744 
2.25315145928407 0.390216804015859 2.84565817766982 
0.223130497595838 3.15575309994783 2.47579084798985 
0.317894665864513 0.501624314564794 4.34976736947298 
0.491757000508661 0.703323490912429 4.96833285415767 
0.180510879923601 3.91020331118803 4.0638695880814 
2.03236951792614 0.604855180496357 3.44865045640802 
4.9575065806012 5.32396287632674 2.08574970992165 
4.86810891923635 5.581941632188 2.60375837825357 
0.545621892206617 2.30784065533299 1.22754366257567 
0.619674033537052 2.02910004964848 1.26626399287165 
2.12201012394599 1.76565785465412 6.02068543460129 
2.09787249206412 1.49306485058551 6.23536293148083 
4.59322192914573 0.706964942687434 3.34428059318331 
4.50462468407736 0.631273940462899 3.16336134060723 
0.364098451115171 5.26304920413388 5.72218655528668 
0.480691251887611 5.08163434878731 5.9490814576647 
0.975256119443609 3.83198908344789 0.47208261541682 
1.40707082512149 3.7191386275363 0.494267150798984 
4.64555243918444 5.21250610434817 6.11038233659777 
0.691963058287588 2.55384523622724 4.81238710742062 
4.94916320241268 6.12146979667768 4.97049806310159 
2.59448655124264 4.31397020835164 3.2353210744324 
2.77434227446089 4.35790456390796 2.90333985638854 
1.56348231511408 5.79241668213492 1.57513023824122 
1.72796430376098 5.49410329808239 1.97387901148321 
5.78135749983187 6.98456634039816 5.19168454596011 
2.52856959011939 5.42436126821262 4.337898313192 
2.80459083181878 5.35016697296726 3.88001957992014 
1.34672430601637 2.63700258322041 6.13063464160975 
1.06806073866192 2.8908689290352 5.99017800370668 
5.4144653238318 6.28004421392953 6.19198450477981 
4.3570119547755 5.63601897208618 5.62397094832765 
4.74203703356153 5.4635399763658 5.91084272909588 
6.03490714354917 3.91315204906077 6.33098285887223 
5.889774289684 3.97827678523488 6.31862298582067 
6.73168138947932 2.77531510133461 2.97146820608841 
6.85704779114109 2.96386853111806 3.32379091648917 
3.11395911826004 5.75174880601766 5.24169549369172 
3.25377273035584 6.87433424023064 1.48046474557349 
3.59305502861236 6.79143482690197 1.71796601414872 
6.74070123570863 4.77033992185123 6.30063692100269 
0.449319010429045 4.9075117511946 4.13683901297832 
5.54832505355119 1.19191910627322 3.57044354534714 
6.9607015987325 5.68385965351321 4.65268581201496 
6.88859668692286 5.56322082537402 4.18233097177978 
6.08224109050342 5.95563477327121 6.93693590851355 
6.19050642768025 6.48223066034905 6.71889255598818 
3.34635324877674 4.65302263127107 0.445088255354561 
0.340309062146839 5.51993565269392 4.58602405689851 
0.271683595589206 5.42575572378815 4.2066844165189 
6.08442974627849 1.45515234553226 2.50551613198061 
4.62806163686694 0.382995742743702 3.54581753416586 
5.74662200299455 6.83070070322746 3.55151448304151 
5.82159073134191 6.85327752139106 3.08480499189412 
3.82070847347757 6.25678661109863 1.52165147705786 
3.54260531091047 6.16380222820946 1.2911126348433 
4.75070657767145 4.69217706684737 3.44257190315701 
4.45386158039478 5.0157107454891 3.42454596663769 
5.00051634564441 5.98383638079394 6.41216105462638 
5.37453940701449 6.00172222937283 6.27712559434999 
2.40899517292072 0.462126657704559 4.29031921125431 
2.29028539034167 1.14720878819892 4.62347548155467 
2.67239691469801 0.778430389420529 4.44455834687334 
1.40319281462369 5.82916169257554 3.86967610249363 
1.55494925300954 6.0981036115864 3.5795930681904 
3.64458586098073 4.65758851995399 3.89261680029252 
3.73339529082934 4.28838920268355 4.04093105529217 
0.604462420606767 6.32318285969044 4.88222332875654 
2.39838347370523 5.14388459923054 3.85378071164292 
2.28580198281759 5.27672768694671 4.26901393545345 
0.757127786704319 3.5862464776059 5.34138785694367 
1.19353695991151 0.981361906222163 5.83537239675403 
1.06098018006715 4.76761273254527 4.43351532843001 
0.598322255069692 4.8261134945414 4.50954204875759 
0.80012834162408 5.18752756038571 3.26367842070915 
0.489787368131346 4.72605725186911 3.12022552083727 
6.02795532962917 6.48672632826446 0.477282519027807 
2.88397682641343 4.61232348705187 0.684338525969505 
3.25070384545473 4.48986986042158 0.531515238811521 
0.697142660807807 6.4278517114615 5.20074820910014 
2.71960155517212 2.26551746455308 1.29396253466116 
3.03243812435086 2.63091947068854 1.33694872980932 
1.43771271405334 5.97647273925089 4.20085250869199 
4.7047221260728 0.336541930891982 4.34883260120346 
4.41631620062753 0.406527405847304 3.9397815809503 
1.45079233366849 6.85274213350659 1.76415076590507 
1.020941307557 6.64820849985644 1.73866487631975 
3.15804924692783 4.9113221000762 0.484184592940463 
2.86184415796978 4.79941214983744 0.653805184445755 
4.47162088520259 6.01009125948578 5.07301472927553 
4.47649388063125 5.64807275791046 5.16227974266101 
2.48927405479544 1.8044318872865 5.66072975981973 
2.65537069411774 1.62497231539086 5.63610248118374 
1.11119628479421 6.32921983735251 1.49413121989309 
1.51128940423673 6.46003573733894 1.46398096352367 
1.58409317783319 5.80620496790994 4.38772181539632 
1.90506008783964 6.057569912235 4.50632431307913 
3.6341853351518 2.96274075015011 3.30250873533538 
3.34120573024924 2.69216088940356 3.36767236691272 
1.11106415553048 3.28109051045851 5.31027381474738 
1.37018914770336 3.53720993506412 4.99763862951011 
4.05822749499381 1.1995195077971 3.55484484932461 
4.01794246155951 1.08996653991039 3.84806211712431 
2.43754103075762 2.51097143760991 1.54416592655018 
2.68458100626092 2.81093878991553 1.60531873023752 
0.144054410985192 1.37700699720717 5.86509492317059 
0.396394625643547 1.32023137803775 6.11343594472265 
0.989101429473646 3.2067014112242 0.912986646148676 
6.76940814546641 6.13499431677371 6.30073278851638 
6.60871223879743 6.48817888136475 6.37271311573246 
0.935033093193477 2.77108838155999 0.776045538772217 
0.931437604330867 2.5517774272937 1.16053401721296 
3.01142373280307 0.530825897414129 4.76900346005846 
0.143505114399314 1.18283225362645 5.82361301413803 
0.388426151395066 1.1055566054105 6.05461459492012 
3.51193849954585 6.21285663531782 2.54279790264328 
3.35430210268706 5.25479698782627 5.03921402445851 
3.45508899950266 5.10113465026782 5.2798339917857 
4.37306794813243 6.11054462017106 3.68127325234576 
4.51011107784404 6.02912742231359 3.93598194314933 
5.14620990789615 4.39610797208612 2.87721082757821 
5.29274037023984 4.0030911384145 2.87640056069211 
3.98859980152276 5.3254915652042 5.75063981040208 
4.16188786858727 5.08139684471048 6.04634891108697 
4.15438220954645 4.45367967048146 4.18432466897128 
4.04381310910333 4.83128238133868 4.0135462035884 
5.98985278115171 1.38146988340235 5.67841923842401 
6.19652128091228 1.35857452001926 5.88504397070644 
5.32683003038773 2.66592460966767 6.52604416380448 
5.12542996250861 2.84550966155494 6.64740014088049 
6.05900027589936 1.37633767524458 6.0136875674505 
5.8699690901845 1.39524458817128 5.83352440459641 
1.22488212383183 1.20570012879358 5.95987789894832 
1.42807613436879 1.13064211388967 6.18535403183637 
3.17532484201231 5.7673613757683 5.72860623024066 
3.32487071423284 5.49163567004627 5.84076907800138 
1.2951871527649 0.842296797748651 5.90068678530687 
1.44663575496903 0.89783632645289 6.13129029247176 
1.64681991700857 1.31286719737647 4.03693285252343 
6.59932545483491 4.18064359078021 6.21191328465007 
3.54204535493939 0.717972035336563 4.91885577593829 
3.35800584090385 0.595666433956334 4.65083223030479 
1.37103965241066 1.79508360661144 4.14638781865182 
1.72196589958914 1.53839166116655 4.02617738751728 
1.22983401460085 6.09154267865635 2.79160509776221 
6.78573942790945 2.71258323152189 5.92954278705748 
6.89257912710096 2.52059617427984 5.61826324368425 
6.69688132285758 4.89107607455517 1.97463360218044 
4.33074717747686 1.08895385756712 3.62078450913241 
4.25353796357763 1.01172969056388 3.86195504138948 
2.10052397048619 2.71045988070965 2.63014468408743 
2.14453790999333 2.38340046415575 3.08087635975301 
2.11438277958704 2.36837915251344 2.34059233290316 
2.14912877922852 2.05545392480505 2.62861118858125 
6.69326013714736 2.74699197765713 5.43341770338143 
6.6169742028715 2.91635920090125 5.72365426221861 
1.96876512219689 5.6087819465491 2.10349510314751 
3.52642574559009 2.10373358633867 3.91057104079394 
3.13192100942852 1.68108503951305 4.26042710321222 
6.70017789096993 3.04080289346144 1.03839322762439 
1.88637111024005 6.21860128847095 4.41579135860661 
1.58584595429616 6.22897413600604 4.18823716760013 
1.55420650462479 1.0989654768378 2.19549812820727 
1.54997844797788 1.50838538661958 2.63012029026855 
2.40195302002869 1.7773219511307 3.80245477168961 
2.75369454316245 1.57817678419202 3.69807049549341 
3.68047382961698 1.98418842649138 2.37628671843277 
4.90853560631845 5.15433924541463 4.79555727310937 
1.2123070335139 1.6007470418027 4.19032428659896 
1.4034415888295 1.28796155079459 4.1104388344396 
1.06200451284352 5.73238898641791 2.6478249557869 
0.654163923737347 5.68238927464957 3.00968458362943 
5.34127683277086 5.58438178151825 4.7372653633784 
5.18988937438294 5.29770854888603 4.52372404620102 
5.205335088496 6.80136162164419 5.21476724789904 
5.11974489827444 6.51812966213642 5.36794567824096 
2.89847366601182 6.29109321042376 3.15889122106522 
3.36159948935831 6.24474033518306 3.15226257620458 
2.39532449719674 5.42047999700366 2.03769299839447 
5.93131367666098 1.11389770121111 5.27751350836834 
6.27072071601856 0.729362677961971 5.11596413403328 
4.78992977494103 6.62317137050474 5.6303978543512 
3.98607243951358 1.7629453683045 2.60730671996644 
4.28108980848513 1.89075510335299 2.50096797473903 
3.15259913414976 2.42354377779754 4.42717643161029 
2.98287956919609 1.89183332406809 4.50887695623099 
5.7117275211148 2.20165985562183 3.30075685694986 
6.60388101107644 2.4357310660157 2.96572696905731 
4.27312255455033 5.69338134437866 3.89518819431131 
4.18290922162224 5.80355390535055 3.66443899153726 
4.00056051829963 4.95358181388794 1.78745535172678 
4.323528362021 4.86285900660735 1.90854946855506 
0.234420425586566 2.46460560180274 4.0210176473161 
1.32096422006851 1.37470821746447 1.82757731439148 
0.666017249333164 2.65430713492089 3.86302807132611 
0.724566302087609 2.84196235653301 4.17418718344374 
4.85955486406316 2.28392331326104 3.80976536261621 
4.99386232552822 5.42084692649897 5.07446834128308 
5.21507486820036 5.62259017633935 4.9887579471806 
5.87787428712713 0.4900156053078 5.07042406999274 
5.61061259819047 0.826042711106816 5.21048368813961 
6.2111815426964 0.702308992811489 6.42673383383927 
4.22107272098564 2.1487182413147 2.23265978270146 
3.86864687029117 2.20408391013816 2.18091855967138 
6.49967838139254 1.9198008831406 4.76142203687012 
2.85138681084285 1.52550555861085 4.12014297973268 
2.50555217369005 1.72353103638271 4.29901939809827 
6.15493081253751 3.59255569926362 1.48540399028957 
6.09249482719077 3.28023516333399 1.15833183657161 
1.43912834037195 2.92717084718787 2.72477960419443 
1.36878244018125 2.75050971032747 3.23030432352732 
0.50749734103047 0.857141473655821 1.80194050404316 
0.50670458408587 0.692492675456707 1.34356318104063 
6.27616664258725 1.66383225631828 4.65577999435232 
6.47306863015799 1.45650095509595 4.59514644531885 
0.891109498727049 0.844512167091243 1.76385768256153 
0.817717214123895 0.674514885178419 1.35553303579171 
3.56084156925202 2.58049055994778 0.617807994605465 
3.20732787020201 2.72326131211092 0.754352631549671 
4.27060726332347 4.53753978927994 1.80999093913345 
3.99785629698417 4.57917369259169 1.70460884490419 
1.30140871219777 5.17499563594679 3.75538055188694 
1.0804036383202 4.80087855085376 4.0115520124382 
3.03300722319289 2.99115438106658 2.32615953452607 
3.05396698207776 3.04515115338806 2.23420861752663 
2.23272888557766 4.46527197834997 0.237960534221546 
5.58634850376632 0.434968681838452 3.81278763149275 
0.423655722840884 4.63867111045639 3.21295644569559 
0.525348526726123 4.63451628654079 3.69450884679155 
6.32166565679256 5.9015011728293 3.01694536045404 
2.58552982276102 6.32063779142435 6.14653406137918 
3.23810040781122 2.83417435792392 1.0010127475061 
0.85187837030391 5.2332862639668 3.59900986788163 
0.702728409071767 4.86924286093655 3.87483928960643 
2.36192486208748 5.92281405632576 6.42925635710721 
2.44305912788502 6.25715130264094 6.41299315614132 
1.57603337479187 1.82772227964992 5.59813386445096 
1.36911883177578 1.66635493267133 5.58062321522455 
5.03630929737269 0.197107206698426 4.28046045079195 
5.16574797704962 0.174949822710435 3.83498822862077 
6.78020329142995 5.42283243771478 3.03897534510711 
6.60596590196828 5.70643284379157 2.81823159625903 
5.09603297879643 1.06194563567261 0.86812917688356 
5.33496555694009 0.701308970151527 0.742535220720178 
1.24992638092283 3.25928375227484 3.23153428731686 
1.30876333279715 3.32086496894611 2.84545367285823 
5.21227740730444 1.05333466413217 1.16173414516751 
5.44883282833611 0.700317899122027 1.02162090676787 
1.62646421283452 1.80340601009178 5.36983081421099 
1.4158970261777 1.63977932561792 5.35187790252097 
0.749997710900412 6.02760891740323 3.2964221245082 
1.06946023919463 6.20842465481934 3.19748343554139 
2.53210002305378 4.30974679708414 0.484776896685213 
2.68583631847611 4.06187215797693 0.25199461344707 
0.680711540061163 4.24080178129009 3.51312295811586 
0.519532513979127 4.41971362836425 3.13949098732806 
5.26873371667286 2.42261786588596 4.27441735177571 
5.70528745990396 2.49289564099921 4.04040002733017 
6.55991359877238 0.168296678535546 5.88364313300184 
6.04752302274991 1.46418152083339 4.01894842267713 
5.46978127622593 2.5426381602248 3.66624741765962 
5.05806384809643 2.49672414481805 3.86306224689703 
6.41110805650777 1.26058619171215 4.19572468666305 
6.71670749904727 1.28110994508025 3.90331994742572 
4.79822143337622 4.15980349988518 4.21538165124005 
4.76415773212257 4.19095454422453 4.36748384077461 
1.49867489108663 0.338257695271554 3.2267493552253 
4.6176122803675 2.25389685505747 1.2507230790878 
5.80384826896134 4.5965263957123 2.05392516721942 
1.75052249860324 4.87016395988428 1.36934170174384 
2.64425395633626 5.85050049055964 5.88691581618011 
2.51020598307542 5.67666514328989 6.05963623313863 
6.60313167283506 0.602691682929448 6.12017984934583 
4.52185259606509 1.79140229888666 0.491997455721264 
4.85607056314968 2.14234446999494 0.953076411387396 
5.21590641207705 2.83879496267962 2.67306070776466 
2.14656374675736 6.1291479827255 1.14384184413114 
1.8155863149978 6.08733520684283 1.53087681737149 
6.23396387524558 4.64038252032925 2.22773885923108 
1.68801523934572 4.69354116013828 0.562129473961095 
1.83618874107515 5.07684483776056 0.860242051990166 
1.94424549846995 0.156315044639063 2.89393961558029 
1.78681074255656 0.276127417567848 3.27182978893085 
4.74513080410435 3.37676141892099 2.83667384870043 
4.82363505142405 3.02558484660791 2.96087155998025 
2.11087245254715 6.05981511020666 1.90120525737192 
1.45367208109185 6.82615725963446 2.3343190866076 
1.11997849093231 6.67556638744815 2.4438345123264 
6.43136269601579 3.75967741085206 5.13614221601401 
6.58855036344726 4.25504898226841 5.24745338229146 
5.64915302709404 5.04368660624243 2.40383943244201 
5.37866058554129 5.11036083305313 2.04042261752043 
5.53253058979993 4.9018530651709 2.24313877471217 
5.39004461574962 5.20333301957412 2.05947460461105 
5.59050834098594 5.25186000243683 2.34582741347131 
5.8490222016903 4.58023696393787 1.63011015391076 
6.55608982896564 1.54537190878754 2.42903598879599 
6.644397547162 1.92889116945289 2.38145882115098 
6.90312571389132 2.06509743436661 2.74565077917087 
4.85632292789807 1.49414617804641 3.57325510515483 
0.223545237113802 2.83695144039926 4.44677621050358 
0.382751644061068 2.70653541231255 4.39401525278714 
0.196991447778805 2.51687595370095 4.26085793826159 
6.04250216657824 3.94151983965781 1.31051554515222 
5.69423653431244 4.17833718347982 1.50698182878178 
4.86560740808815 1.80441523544384 3.40773461709755 
6.49707820924357 3.58366854576426 5.64556666443874 
6.65664353071771 4.0018831658597 5.85665443227747 
5.06775706849236 1.39070448128794 3.40573195997576 
5.22367365832899 3.90742269722983 5.48801993048147 
4.87273067787834 3.89415175279011 5.66937460070252 
4.99954436683694 3.70962041925868 5.84275445588526 
5.30856315584171 3.72494442114203 5.67521273552051 
6.73901636204099 3.64919570929916 1.70458546612293 
0.856290752275671 3.94621077049165 5.13234267212173 
1.16054841403852 3.95805028868274 4.96646370058628 
1.08300184028677 4.02676963527107 4.71642590347868 
0.695048106683995 4.05527863801858 4.80327966021303 
1.96519805519116 0.943303851205408 4.47671350676916 
2.10047744376672 0.55336215495893 4.30899880712297 
1.7457473737552 0.841223238747176 4.69319160519607 
1.10285563891853 5.48000501205333 0.692452570111511 
1.62373414548464 5.38659074232621 0.875436483056721 
6.55580370158091 4.65955842652475 1.92333235706938 
3.96696309219351 1.64374904195315 0.853781357051903 
1.1079965316908 5.46710066269462 1.14440984579596 
1.47337441829185 5.41429667274402 1.22235638840031 
6.5282768686185 4.28660046854942 1.36386131982992 
6.4067346474512 4.61236425429821 1.52729019318617 
4.13755995140352 2.10644321598914 1.19841279554548 
4.04104009389459 1.82859199314913 0.800682112837049 
1.71602761762305 4.20188029034585 0.738007415232206 
1.59584245708235 4.35297947864103 0.79360999091049 
1.59781419056415 4.39739855486287 1.18665200107828 
4.06848960463413 1.94639637386965 1.43518010490083 
3.94988052404598 1.5987832924924 1.28036575272099 
0.329397254437874 4.76197920770069 0.831811064034266 
6.8747139663305 4.00285483878312 1.65320002017391 
6.91500473104673 4.18347975429697 1.98856947613774 
1.73991928681729 4.23395146483446 1.27912259401837 
1.86615950279957 4.06423218926422 1.00171894462619 
6.56757404002838 2.1963206665 3.46524051537391 
6.11296965425451 2.05836680963939 3.61879448876589 
5.56867278333742 1.48023124520838 2.11195775725749 
5.06021305370362 1.33152857986852 1.77168114237971 
5.28974805472802 1.27433135898619 2.14343175825618 
1.34467947498008 4.37529947927018 2.73999280508937 
0.703448088499256 4.82103826554209 0.179720891470798 
3.49958642347848 0.469549210870698 5.58424064515397 
6.21216855176155 1.95160079779372 1.15685462376692 
6.35671284682636 2.26048864686834 1.34115465791117 
5.5573612803233 1.88624004791918 3.15320048583558 
5.07625857949267 1.70802168495134 3.23162016461725 
0.612579705515418 4.48351807736241 3.00764083259209 
0.589705120417864 4.24147668435762 2.47897488322722 
6.04576297277453 2.34404077519681 1.40273790643766 
5.95040244473164 2.02176558861709 1.21254212934626 
1.40004756931293 3.92591985543429 2.49075615203841 
0.976119004493784 3.84558343101205 2.31979574910221 
1.33413976796664 4.34560879848271 2.64221846656143 
0.764966231715016 4.21746865567881 2.38715919225474 
6.8512968965406 4.63608459278217 0.81447287449624 
6.75497545664568 4.60187150473934 0.54299861526192 
5.52245035270758 1.96787176032443 2.70364200667697 
5.01361057761923 1.769225436684 2.82745092407497 
6.80145856478473 4.37619208942752 0.906326538077844 
6.66551805975916 4.28103860885318 0.582734308358651 
3.35635034567831 0.744243738141503 5.20375994758157 
3.02622303978456 0.639869955409924 5.14547176789576 
4.47127773645556 3.2324609032977 1.57987520351845 
1.21547716992168 3.65090161749196 4.31359788628058 
1.29927540166672 3.79863223256123 3.69932555668221 
1.45199432649148 3.79410786930285 4.05732388875326 
4.76859123162222 2.81436832375755 1.55959792269658 
4.67217248345702 2.5752857182955 1.20525032727227 
0.844589823700396 3.61331498543875 3.7184152735085 
0.801549294221633 3.50602212902036 4.08407858134873 
6.13519591095354 1.60166467686153 3.64841636493853 
6.43350547982442 4.71008598329975 3.09085034291964 
6.10939853344704 1.21323179132297 3.09822933793661 
5.87327789642373 1.45053516541001 3.38340595782497 
6.7794811426517 5.14537839883853 2.93502029684983 
6.61926946906442 4.85618725826269 3.17767067199265 
3.92028810433347 3.27555762487162 1.36464678760215 
4.24797314274053 2.93731841986781 1.03754813822275 
4.22342363258631 3.2567324383019 1.25486835693922 
6.41893998990318 5.08510660200346 2.37224418485337 
6.22224205852028 4.89739032413344 2.42768266367379 
4.72134225967386 1.2266607342569 6.01046289539494 
5.10597750489576 2.79323190311406 0.285634055271618 
4.87521481470795 2.71664541957807 0.373520855322754 
3.83466618618173 2.67588575982538 1.05011281979573 
3.65136691300533 2.79491954542562 1.20397641812204 
4.51152973262568 1.11306716767351 5.79615229217402 
6.80077734233877 1.80702920546396 3.44768940534718 
3.34981246031409 1.45083060186285 6.61771042187582 
3.47323446518292 1.76636589880215 6.54305459059879 
4.62114932390258 1.68071177336643 6.12289602281809 
4.07603347368788 1.97158058131112 6.07820438330923 
1.35233090180971 2.34816546286577 3.48433209554585 
1.70557690917988 1.97194608236055 3.36332968601512 
4.67837621155267 1.47562110866563 5.9419480208005 
6.51312612900182 1.22143122309095 3.20277136910528 
6.54620543868267 1.47449105260916 3.54679249969436 
6.7967856641432 1.40816843820304 2.80515787726826 
6.98333753524639 1.75634200776769 2.97716326347684 
2.00846883852088 2.34907977030775 3.2878263953563 
1.57127321361168 2.59026396475749 3.42953338861681 
6.00850525917605 0.405040354716571 4.29299664461101 
5.77346654085462 0.314932910392822 4.62917522115925 
1.15123033041547 0.570589419922988 2.49129992723464 
1.29141380480054 0.643873472443412 2.23456926156046 
1.53333336261662 0.375975763643865 2.21265337533418 
5.6660779144711 0.561390099569463 4.11622922085055 
5.45307525723199 0.489386893159715 4.38237333528228 
6.47567423392611 3.00951648507997 2.34648227872997 
6.25171396120067 3.34542075156627 2.26382867417266 
4.53886819998491 1.36621526907525 5.28396421314806 
6.15479758785813 0.465931484507229 2.02673115240245 
6.33873231912945 0.619308039114854 1.86175138624151 
1.3092413883174 0.239317888388225 2.61849506454099 
1.49029002825559 0.174538540314419 2.48672806549122 
3.88457602729217 1.5983339663481 5.24478565060262 
4.16324347208849 1.51656694892386 5.04087311999632 
3.96676133555576 1.49465577628571 5.67355421226694 
4.45504357309154 1.31018841586369 5.71595931098219 
6.6991568001923 3.54241246186844 2.13489709305229 
5.27066316808425 2.56474782790637 6.20220908350381 
5.25488664191006 2.13214231917593 6.189868646797 
4.90726979192629 1.96042016439419 5.96392929407532 
2.95811804843825 6.19540601074554 2.51517713825296 
2.77072364440039 6.25838546167308 2.95968376448242 
2.5930483588993 6.53966909570921 2.73151285485436 
2.7601935458911 6.45852304738862 2.38684761882363 
6.58231742289012 0.498787119743024 3.29611329636007 
6.72094129703243 0.724462530760719 3.30489799097346 
0.943293172052983 1.92319851268121 2.38759897194577 
0.761878354639366 1.70300981596232 1.98137246538489 
4.89587876854872 3.01941476340939 5.73726955251803 
4.58753096509626 2.75503339144748 5.4151572301388 
4.05579719837754 0.691940457567026 6.00212866036101 
4.88598343192958 2.75945982576478 6.05370535627456 
4.63809688244258 2.46646440765193 5.87292410782677 
4.1058616031832 0.315551747544554 5.81771193090339 
1.29333451900516 1.84913101475969 2.22532115965689 
1.22027509205461 1.66593449529463 1.89088929524343 
4.39784704015007 3.78793615966743 3.69047637385032 
0.805538694496035 3.34892876943767 1.57867807411643 
0.72723253558025 3.0084631948127 1.79954825667332 
4.52593048943634 3.82599589232249 3.1612275269713 
4.81332915775543 3.59122644666225 3.07186266068058 
1.02524333130293 3.20357693565335 1.41090860405927 
1.01025684949865 2.93330191003834 1.53043919067558 
4.59587228142027 3.20257648033939 4.01386464299016 
4.70104682424604 3.4532401507867 3.88412769039888 
4.98697035327889 3.32949985164184 3.48849960199443 
4.99046127916303 3.05571909382484 3.42395490457901 
4.77598349981156 2.818169450389 3.72702219491093 
0.0857662960340796 3.60786441937435 4.67586998405707 
0.314493448190549 3.88616689741626 4.58152510610388 
0.121264074069027 3.54074389389268 4.39837130120614 
0.297990748592347 3.73508727929546 4.31386002738439 
3.56069739747327 3.5172573750991 3.56046864201607 
3.30766058326012 3.59294072496076 3.78794275961301 
3.7215481297407 3.61645182966099 3.74091299964947 
3.55046106056109 3.68039888997163 3.93485855808859 
5.46986272567587 3.81231742749451 2.20118086493858 
5.72795640623306 3.45456840307024 2.17072992078731 
5.18598615964679 3.50815478252152 2.21760890351732 
5.36770586759381 3.25859533958528 2.19168481973403 
3.25215765039856 0.705534777502238 3.51670851681535 
3.21720001304688 0.342447006500602 3.34857997698269 
2.95317219982519 0.177774707064642 5.86996942120746 
2.70525513663539 0.24138295167347 5.68343679726247 
3.14164722178792 0.183367147384633 5.64767964557626 
2.91891871499944 0.231005322142592 5.46258316894329 
3.39069402498548 0.908513620657523 3.22436466911693 
3.44638992836603 0.5817943677554 2.91284765673665 
2.54055945660544 1.37315544879376 2.4404279558117 
2.60572983170063 1.73435656725243 2.42876296120838 
2.7976617202984 1.39261837230282 2.55274162179449 
2.81777349924811 1.69623913844202 2.52328964639726 
4.56907999424318 6.25777801449442 6.12433017785863 
4.80729901490026 6.58734840870055 5.94556201177818 
5.17340419433578 6.39831664699448 6.26668357118567 
4.95216477911639 6.08700613015881 6.42155051553629 
5.39081835464955 1.56195019602489 1.38943649075663 
5.61741588153794 1.61816386672736 1.49118166927231 
5.27486969665738 1.61802479739463 1.60549777400885 
5.48798295665507 1.6732828409488 1.72146658408563 
4.40889723965573 0.842362533450107 6.66813243661879 
4.10129898248411 0.62376928591307 6.43706354303898 
5.43777870908007 1.38863466545065 0.363236308451413 
5.55902974217863 1.12196817094432 0.282917940579902 
2.77528953554275 5.83815563142882 1.5720723178658 
2.65358913000276 5.80957007440376 1.87726890407686 
2.49772483362254 6.06471330228015 1.82891769585307 
2.59524135057864 6.09002182426448 1.573229289857 
5.01524685292668 6.26800833042166 3.34469440348699 
5.18492352062254 6.17638088760481 3.81992899825783 
5.31217570157347 6.72606981859216 3.60578037640864 
5.13951973618378 6.65574252369067 3.29767646457687 
6.47433214711823 5.63720156640234 3.77834725371041 
6.26584089722782 5.86557178698456 3.6863964088028 
6.22776538783853 5.71490977045011 3.50451086047918 
6.39613425948063 5.53553336765313 3.57406121045075 
POLYGONS 1638 10035
5 3 2 5 1324 536 
4 4 3 536 1171 
5 917 1172 0 1186 1187 
6 1171 1172 917 1245 1324 536 
5 1 593 1234 1072 1071 
5 5 593 1 1245 1324 
5 1 1071 1187 917 1245 
5 658 1045 1072 1234 1235 
4 890 891 658 1235 
6 2 5 593 1234 1235 890 
6 3 2 890 891 613 4 
5 4 613 0 1172 1171 
6 0 613 891 658 1045 1186 
5 882 883 1343 986 1088 
6 986 1074 1479 1478 1342 1343 
6 8 1201 1587 1610 1643 1642 
6 7 6 1048 1258 1587 1201 
5 6 1048 1131 1627 1626 
6 10 9 11 1236 1237 629 
6 13 12 909 1236 11 876 
5 14 650 1295 1296 800 
5 14 15 599 911 650 
5 799 800 1296 1032 617 
5 17 16 799 617 507 
5 16 15 14 800 799 
6 16 15 599 1104 1103 17 
5 27 22 24 20 1044 
5 26 23 638 639 1022 
5 20 19 25 21 24 
5 24 21 26 23 22 
6 28 580 1146 1147 675 1089 
6 27 22 23 638 30 18 
5 29 580 1146 1242 935 
5 37 36 31 492 724 
6 33 38 39 37 724 725 
5 36 31 35 32 34 
4 38 39 795 40 
6 36 34 794 795 39 37 
6 664 1077 1153 1078 1577 1581 
5 603 1154 1107 1492 1491 
5 603 1079 1039 1676 1491 
6 1025 1026 1677 1676 1039 41 
5 1026 1135 796 1483 1677 
5 1107 1108 796 1483 1492 
5 41 1039 1079 1078 1577 
4 41 1025 1581 1577 
5 664 1077 1108 796 1135 
5 1025 1026 1135 664 1581 
5 42 43 1410 1077 664 
5 42 43 1542 1537 1475 
5 42 664 1581 1582 1475 
5 1410 1411 47 1542 43 
5 1077 1153 839 1411 1410 
5 1475 1537 1599 1592 1582 
5 46 45 44 1600 1591 
6 44 47 1542 1537 1599 1600 
5 46 1078 1577 1593 1591 
5 45 44 47 1411 839 
5 46 45 839 1153 1078 
6 50 964 1335 1334 1387 1388 
6 1387 1388 693 1422 1421 49 
4 49 827 1334 1387 
6 631 632 48 827 1334 1335 
5 49 827 48 1412 1421 
5 553 991 1172 917 1075 
5 51 553 991 992 1297 
5 53 1325 1343 883 1330 
6 51 52 720 1163 1075 553 
5 52 720 883 1330 1239 
5 53 736 1298 1239 1330 
5 51 52 1239 1298 1297 
5 536 736 53 1325 1324 
5 558 559 919 918 704 
5 907 908 562 918 919 
5 707 818 559 919 907 
5 55 57 54 734 735 
5 54 56 707 818 734 
6 57 54 56 62 61 59 
5 61 62 908 562 1308 
6 60 55 735 558 704 669 
5 60 55 57 59 58 
5 62 56 707 907 908 
4 60 58 1307 669 
5 59 61 1308 1307 58 
5 558 559 818 734 735 
5 892 1582 1592 63 1598 
6 1326 1327 505 1707 1706 835 
4 505 506 691 1327 
5 857 858 835 1326 64 
6 68 66 872 1454 1450 574 
5 67 65 1481 1538 1532 
5 65 975 491 1482 1481 
5 67 65 975 1450 574 
6 42 1475 1482 491 1694 1696 
5 872 1454 1694 1696 1552 
5 42 43 920 1552 1696 
6 68 66 920 43 1542 1543 
4 66 872 1552 920 
5 67 574 68 1543 1532 
5 71 70 72 893 971 
5 69 70 71 1316 817 
5 73 69 70 72 1248 
4 75 76 1181 1419 
5 76 744 74 1194 1181 
6 75 1419 1423 1401 1653 1645 
6 1181 1194 1618 1619 1423 1419 
5 77 1050 1371 1652 1644 
7 75 76 744 743 77 1644 1645 
5 77 743 78 1049 1050 
4 1370 1401 1423 1619 
4 78 74 744 743 
5 78 74 1194 1618 1049 
6 1049 1050 1371 1370 1619 1618 
5 80 6 1626 899 773 
5 898 899 1626 1627 79 
6 502 1096 1695 1694 1454 1455 
5 79 502 1455 982 898 
6 772 773 80 1553 1552 872 
5 772 872 1454 1455 982 
5 80 6 1048 1551 1553 
6 1048 1131 1096 1695 1697 1551 
5 79 502 1096 1131 1627 
5 772 773 899 898 982 
5 84 83 82 1043 1042 
5 82 87 86 88 1043 
5 83 82 87 96 95 
6 84 83 95 81 94 92 
5 91 92 84 1042 1214 
5 1042 1043 88 1501 1214 
4 85 90 81 94 
5 85 93 89 97 90 
6 94 85 93 1499 91 92 
5 87 86 89 97 96 
6 89 86 88 1501 1499 93 
5 97 90 81 95 96 
4 91 1214 1501 1499 
6 75 663 801 993 1420 1419 
5 98 99 502 1096 1097 
6 100 12 13 102 1341 1340 
4 100 103 909 12 
4 100 103 1445 1340 
4 101 914 11 1236 
6 103 909 1236 101 1444 1445 
5 913 914 101 1444 1218 
5 876 877 913 914 11 
5 737 877 913 1218 1219 
5 13 102 737 877 876 
4 102 737 1219 1341 
5 802 1049 1618 1628 1474 
5 78 969 1066 802 1049 
5 105 106 104 969 1066 
4 652 699 114 1300 
6 108 112 107 699 652 611 
7 109 114 699 107 1393 1109 819 
6 56 707 1110 1073 1098 1099 
5 110 111 54 56 1099 
4 1073 1098 535 1392 
6 111 54 734 113 1299 610 
6 108 110 1099 1098 535 112 
5 110 111 610 611 108 
5 113 109 819 818 734 
5 113 109 114 1300 1299 
5 112 107 1393 1392 535 
4 118 2 890 563 
5 119 118 563 116 1137 
5 121 122 120 115 595 
5 115 119 1137 999 595 
6 120 115 119 118 2 5 
5 593 594 1144 1277 1234 
6 116 563 890 1235 1276 1119 
5 117 999 1137 116 1119 
5 121 595 999 117 1145 
5 121 122 594 1144 1145 
6 117 1119 1276 1277 1144 1145 
5 120 5 593 594 122 
5 1346 1377 1192 1528 1526 
6 558 559 1350 1376 1128 123 
5 983 1269 1526 1346 1351 
5 123 558 735 1456 1457 
5 124 125 1528 1192 1191 
5 109 819 983 1269 1081 
5 123 1128 1191 124 1457 
7 113 109 1081 125 124 1457 1456 
4 734 735 1456 113 
5 125 1081 1269 1526 1528 
6 818 819 983 1351 1350 559 
4 130 768 126 1150 
6 126 127 1315 1318 859 768 
5 128 127 126 1150 1129 
5 128 127 1315 1659 711 
5 128 711 1005 1157 1129 
5 131 1006 1660 1319 1023 
5 1005 1006 131 1158 1157 
5 129 130 768 859 860 
5 129 860 1023 131 1158 
6 129 130 1150 1129 1157 1158 
5 17 133 136 132 1103 
6 133 134 825 847 135 136 
4 17 133 134 507 
5 140 137 139 138 715 
5 137 139 141 762 761 
4 141 142 1604 762 
6 140 137 761 628 1086 1087 
5 143 108 611 761 137 
5 108 110 695 694 143 
5 137 143 694 722 140 
5 721 722 140 1087 1034 
5 147 146 1094 837 1051 
5 146 634 721 1034 1094 
6 610 611 761 628 144 1052 
4 144 145 1086 628 
5 144 145 837 1051 1052 
6 145 837 1094 1034 1087 1086 
6 147 146 634 695 110 111 
5 147 111 610 1052 1051 
4 148 804 708 1076 
6 0 613 1206 148 804 732 
5 148 1076 1385 1205 1206 
6 1020 1021 1384 1385 1205 498 
4 0 732 765 1186 
6 916 949 1021 1020 658 1045 
7 708 730 950 915 765 732 804 
5 949 950 730 1384 1021 
5 613 891 498 1205 1206 
4 658 891 498 1020 
4 149 554 150 1651 
5 51 52 1690 1691 1389 
5 154 152 1205 1385 1323 
6 642 643 498 1020 1060 586 
4 1021 1059 1639 1384 
5 151 153 154 1323 1638 
5 151 153 845 642 586 
5 498 643 846 152 1205 
6 151 586 1060 1059 1639 1638 
5 154 152 846 845 153 
5 1228 1297 51 1389 1383 
5 614 755 1382 1383 1228 
6 506 614 1228 1297 992 691 
5 155 156 689 554 149 
6 141 142 680 158 1605 1606 
5 1336 1337 157 1649 1635 
4 139 141 1606 514 
6 138 157 1649 1650 514 139 
5 3 536 736 619 565 
6 691 992 1171 4 1396 1327 
5 4 3 565 939 1396 
6 565 619 1375 1381 947 939 
6 939 947 967 505 1327 1396 
5 159 607 1547 962 961 
5 160 159 961 978 717 
4 161 162 1091 718 
6 717 718 1091 1157 1005 160 
5 162 1091 1157 1129 1130 
5 161 162 1130 1118 163 
5 1129 1130 1118 1548 128 
6 962 979 163 1118 1548 1547 
6 161 163 979 978 717 718 
5 607 711 128 1548 1547 
5 160 159 607 711 1005 
6 164 789 949 916 1368 1369 
4 1113 1143 1527 1268 
5 165 600 1369 1368 738 
5 68 66 778 1038 879 
5 166 783 879 68 1543 
5 47 167 166 1543 1542 
5 167 166 783 544 524 
6 524 544 782 850 1390 1374 
5 920 921 1391 1410 43 
5 850 851 921 1391 1390 
5 66 778 851 921 920 
5 47 167 524 1374 1411 
5 168 174 172 173 171 
6 168 170 180 122 120 174 
5 171 168 170 844 1035 
5 169 175 121 122 180 
5 169 176 177 181 175 
6 180 169 176 1095 844 170 
5 173 171 1035 1034 721 
6 172 173 721 634 178 179 
6 177 181 596 178 634 146 
5 174 172 179 115 120 
5 175 121 595 596 181 
5 177 146 1094 1095 176 
5 179 178 596 595 115 
5 151 586 188 1386 1703 
4 16 15 874 1702 
5 183 185 1386 188 665 
6 185 799 16 1702 1703 1386 
6 151 153 1124 874 1702 1703 
5 184 187 666 642 845 
5 182 184 845 153 1124 
5 14 15 874 1124 182 
5 188 586 642 666 665 
6 14 182 184 187 186 800 
5 186 187 666 665 183 
5 186 183 185 799 800 
5 191 189 1059 1639 1640 
5 189 789 949 1021 1059 
5 190 880 1208 1207 1114 
5 188 193 884 1060 586 
6 191 194 976 887 1641 1640 
5 191 189 888 740 194 
4 887 976 1493 1704 
6 194 740 192 1364 1493 976 
5 189 888 884 1060 1059 
5 192 193 188 1386 1364 
5 192 193 884 888 740 
6 151 1638 1641 887 1704 1703 
6 508 509 195 560 561 196 
4 199 723 843 1686 
5 197 198 200 199 723 
5 201 759 1114 1207 842 
5 198 200 815 816 881 
6 880 881 816 1685 1679 190 
5 200 199 1686 1688 815 
6 201 824 1688 1686 843 842 
6 815 816 1685 1684 824 1688 
5 759 1114 190 1679 1678 
5 197 198 881 880 1208 
6 197 723 843 842 1207 1208 
5 201 759 1678 1684 824 
5 528 696 576 878 1409 
6 203 697 1339 1334 1387 1408 
6 576 878 1083 202 1175 1188 
6 964 1335 1338 528 1409 1480 
4 204 202 1083 1466 
5 50 204 1466 1480 964 
6 204 202 1175 1407 1388 50 
5 696 697 203 1188 576 
5 1175 1188 203 1408 1407 
5 205 651 728 729 840 
5 650 651 728 1014 911 
5 206 922 951 882 1088 
5 650 651 205 1255 1295 
6 540 541 207 630 635 636 
5 208 10 629 630 635 
5 209 212 924 659 937 
5 659 660 510 938 937 
4 211 674 1164 925 
5 659 660 211 925 924 
5 210 1067 1508 1668 1666 
5 510 660 211 674 1140 
7 924 925 1164 1165 1068 1065 212 
5 213 218 538 684 492 
4 213 492 31 512 
5 217 214 216 672 1196 
6 31 35 941 942 1013 512 
4 215 217 1196 1246 
5 219 1250 1588 1585 1467 
5 219 1250 1202 1434 1621 
5 519 520 222 1616 220 
5 220 221 1434 1621 1616 
6 219 1467 1470 222 1616 1621 
5 688 1471 1611 1610 1643 
5 221 8 1201 1202 1434 
5 221 8 1642 519 220 
5 222 520 688 1471 1470 
5 218 538 770 1062 936 
7 223 686 855 856 771 770 1062 
5 199 649 855 686 723 
6 213 200 199 649 724 492 
4 685 725 856 771 
5 198 200 213 218 936 
5 223 197 198 936 1062 
4 223 197 723 686 
5 224 225 1303 1063 226 
4 230 225 224 556 
6 226 224 556 1195 1281 1280 
6 1063 1064 1429 1430 1280 226 
6 228 1082 1271 1064 1429 1440 
5 1063 1064 1271 1290 1303 
4 682 683 228 1082 
5 229 682 1082 1271 1290 
6 230 225 1303 1290 229 227 
6 228 683 1257 1249 1441 1440 
6 227 229 682 683 1257 1256 
5 230 227 1256 1195 556 
5 231 237 243 238 236 
7 231 234 235 706 233 240 237 
5 236 231 234 239 232 
5 236 232 241 242 238 
6 241 232 239 1405 1375 626 
6 233 706 1380 1381 766 767 
5 233 240 966 779 767 
5 239 234 235 1406 1405 
6 1182 1183 766 1381 1375 626 
5 242 241 626 1182 873 
4 235 706 1380 1406 
5 240 237 243 965 966 
6 243 238 242 873 944 965 
5 244 84 83 728 651 
5 14 182 244 651 650 
5 246 82 1043 1008 764 
5 749 1007 985 1125 1262 
7 244 84 1042 985 1125 1124 182 
5 245 246 764 763 247 
6 83 82 246 245 1014 728 
6 247 245 1014 911 599 589 
5 15 599 589 1263 874 
6 247 589 1263 1262 749 763 
5 246 747 791 769 764 
7 249 248 557 1162 1161 1252 1251 
4 227 229 250 1275 
5 549 550 251 1209 1155 
5 251 254 1177 1178 550 
4 252 646 1395 1243 
5 646 932 1505 1506 1395 
5 253 569 1505 932 933 
5 252 646 932 933 1623 
5 503 504 575 1467 219 
5 49 255 504 575 1421 
5 1421 1422 1470 1467 575 
5 503 504 255 571 905 
5 219 503 905 1622 1621 
4 222 693 1422 1470 
6 222 693 1388 1407 1617 1616 
5 49 255 571 1408 1387 
7 256 9 11 914 1051 837 1148 
5 257 258 130 1150 1151 
6 261 1238 1692 1691 1389 1383 
6 259 263 1233 1382 1383 261 
5 261 259 262 260 1238 
6 748 831 264 1556 1682 1680 
5 830 831 264 1648 1699 
5 264 1556 150 1651 1648 
6 499 1329 1658 1491 1676 1674 
5 266 499 1329 1328 995 
5 496 996 864 1657 1173 
6 267 497 995 266 786 1040 
5 265 267 497 496 996 
5 265 267 1040 1039 1079 
5 603 864 996 265 1079 
5 603 864 1657 1658 1491 
4 266 499 1674 786 
6 268 271 1523 1522 541 540 
6 268 269 270 1004 1003 271 
5 268 269 1179 1053 540 
6 224 270 269 1179 1180 556 
4 556 1180 1001 1195 
5 1003 1004 226 1280 637 
4 224 270 1004 226 
6 958 1002 1054 541 1522 1525 
5 637 1003 271 1523 1524 
6 1280 1281 958 1525 1524 637 
5 272 525 1156 1155 1209 
6 604 760 1156 1155 549 861 
4 760 1000 525 1156 
5 272 719 871 251 1209 
6 272 525 1000 1452 1453 719 
6 604 760 1000 1452 1418 980 
5 251 550 1117 1115 871 
6 274 865 997 279 1273 1274 
5 278 1274 274 1672 1673 
5 277 865 274 1672 1670 
5 275 276 1230 1203 273 
5 275 276 564 279 997 
5 273 275 997 865 277 
5 1137 1138 1204 1229 116 
6 119 278 1673 1671 1138 1137 
6 563 564 276 1230 1229 116 
5 119 278 1274 1273 118 
5 563 564 279 1273 118 
7 273 277 1670 1671 1138 1204 1203 
6 639 757 281 1570 1574 1022 
6 26 1022 1574 1573 1535 1511 
5 282 640 281 1570 1569 
5 89 97 757 281 640 
6 93 89 640 282 1536 1503 
5 1535 1536 282 1569 1573 
5 85 90 638 23 280 
5 26 23 280 1512 1511 
5 85 280 1512 1503 93 
5 97 90 638 639 757 
6 287 670 716 283 1594 1355 
5 1448 1449 283 1594 1589 
5 289 284 752 286 1190 
6 285 286 752 751 288 290 
5 293 25 19 291 292 
6 296 295 825 847 298 566 
5 134 825 295 1529 1530 
5 296 295 1529 1533 539 
5 299 294 1484 1485 1302 
6 298 297 299 1302 1301 566 
7 133 134 1530 1534 1231 1485 1484 
5 296 539 645 1301 566 
5 136 135 297 299 294 
4 297 135 847 298 
4 136 294 1484 133 
4 976 977 1494 194 
6 223 197 1208 1489 1629 1620 
4 807 887 1641 998 
5 301 551 1533 1529 1169 
5 289 284 551 1533 539 
4 287 300 302 670 
5 304 743 77 1116 861 
7 77 1050 1036 1608 1607 980 1116 
5 790 1037 803 1346 1351 
6 802 803 1037 1036 1050 1049 
6 303 530 1350 1376 970 647 
5 303 530 1607 980 604 
5 303 604 861 304 647 
4 1036 1037 790 1608 
6 304 647 970 969 78 743 
6 71 305 259 262 1317 1316 
5 249 248 306 690 972 
5 306 263 259 305 690 
5 71 305 690 972 971 
4 35 32 307 941 
5 830 831 537 1603 308 
5 531 748 831 537 904 
4 597 598 750 309 
5 309 750 1404 1513 1057 
5 309 597 1093 698 1057 
5 310 311 312 852 733 
5 313 310 733 946 1092 
6 698 1057 1513 1507 1356 1309 
6 313 310 311 1404 750 598 
5 311 312 1507 1513 1404 
5 312 852 1357 1356 1507 
5 597 598 313 1092 1093 
5 285 286 701 1378 1379 
6 701 702 314 1495 1352 1378 
4 701 702 1190 286 
6 545 1258 1587 1588 1559 1571 
5 315 1010 1571 1559 1394 
5 1394 1550 1585 1588 1559 
6 315 646 1395 1549 1550 1394 
6 545 1009 932 1505 1504 1258 
4 1009 1010 1571 545 
5 315 646 932 1009 1010 
4 318 290 285 1379 
6 316 885 1282 318 1379 1378 
4 320 316 1378 701 
6 320 316 885 886 838 527 
6 526 527 320 701 286 752 
6 526 527 838 1567 1568 317 
4 317 319 1562 1568 
5 317 319 751 752 526 
5 290 288 1283 1282 318 
6 288 751 319 1562 1561 1283 
5 321 193 192 316 885 
5 192 316 1378 1352 740 
6 321 885 1282 1440 1429 1127 
4 1064 1189 1127 1429 
4 318 228 1440 1282 
5 321 193 884 1189 1127 
5 318 228 1082 1458 1379 
5 322 601 1479 1074 662 
5 1 495 1478 1342 1245 
4 180 322 662 170 
6 180 122 594 602 601 322 
5 168 170 662 1074 986 
5 168 174 1325 1343 986 
5 1 495 602 594 593 
5 120 174 1325 1324 5 
6 205 570 1428 1398 244 651 
5 323 81 95 692 841 
5 83 95 692 729 728 
6 205 570 798 323 841 840 
5 94 81 323 798 797 
5 92 94 797 1427 1399 
5 244 84 92 1399 1398 
5 324 546 631 1335 1338 
6 68 574 727 726 1126 879 
5 325 522 327 900 901 
4 326 327 900 677 
6 22 24 956 1025 41 954 
5 27 22 954 955 753 
4 20 654 1597 1044 
5 24 20 654 328 956 
6 328 892 1582 1581 1025 956 
5 328 654 1597 1598 892 
6 63 753 27 1044 1597 1598 
5 63 753 955 1593 1592 
5 954 955 1593 1577 41 
5 330 332 331 657 1360 
5 331 131 1006 1024 657 
5 717 718 329 742 863 
5 741 742 329 1432 1431 
5 329 718 1091 1312 1432 
6 741 745 1358 1360 330 1431 
5 513 862 745 1358 1168 
6 160 513 1168 1024 1006 1005 
5 331 131 1158 1311 332 
6 330 332 1311 1312 1432 1431 
5 160 513 862 863 717 
5 335 501 1226 1331 1029 
4 335 334 333 501 
4 754 972 249 1251 
7 195 336 230 556 1180 1222 509 
5 230 227 1275 1287 336 
5 143 108 112 337 339 
5 339 143 137 139 514 
6 338 671 762 141 1606 1632 
5 112 337 1630 572 107 
6 337 339 514 1606 1632 1630 
5 338 700 572 1630 1632 
5 338 671 652 699 700 
4 107 572 700 699 
5 611 652 671 762 761 
5 55 101 1444 1456 735 
5 1218 1299 113 1456 1444 
6 55 57 147 1051 914 101 
5 913 1052 610 1299 1218 
4 147 111 54 57 
6 792 793 829 1424 1423 1401 
5 223 686 1370 1619 1620 
5 792 855 686 1370 1401 
5 340 341 592 1487 1540 
5 1224 1225 1539 1540 340 
5 344 1174 1539 1540 1487 
5 343 208 635 515 342 
6 1239 1240 1266 1693 1690 52 
5 128 127 1225 1539 1548 
5 1224 1225 127 1315 653 
5 340 493 866 1541 1540 
6 493 494 346 653 1224 340 
5 493 494 641 345 866 
5 345 618 1655 703 641 
6 607 618 345 866 1541 1547 
6 346 653 1315 1659 1655 703 
4 346 494 641 703 
5 328 348 491 1482 892 
5 347 348 328 654 612 
5 347 348 491 975 1700 
4 726 942 1013 1126 
6 352 349 350 676 675 1147 
5 350 676 1336 1635 1111 
4 349 350 1111 354 
5 28 353 351 1519 580 
6 355 533 1520 1519 351 1646 
5 353 351 1646 1649 157 
5 352 533 1520 1146 1147 
5 355 354 349 352 533 
6 355 354 1111 1635 1649 1646 
5 28 353 157 1337 1089 
4 615 1624 1061 1675 
5 1545 1546 1016 1634 1521 
5 1061 1415 1521 1634 1624 
7 1061 1415 1511 1512 786 1674 1675 
5 1415 1511 1535 1545 1521 
6 499 500 848 1486 1476 266 
6 500 615 1624 1634 1016 848 
5 266 786 1512 1503 1476 
5 499 500 615 1675 1674 
5 848 1016 1546 1531 1486 
6 196 356 269 1179 1223 508 
4 195 336 360 560 
4 359 356 196 561 
5 359 356 269 270 358 
5 358 270 224 225 357 
5 357 360 336 230 225 
6 358 357 360 560 561 359 
6 99 502 1455 1451 1134 712 
6 326 361 1284 791 769 677 
5 364 366 731 985 1125 
6 362 364 1125 1262 1247 363 
5 367 362 364 366 365 
4 731 787 1007 985 
4 368 369 667 1105 
5 368 369 1304 1072 1071 
6 369 667 739 738 1368 1304 
5 916 1045 1072 1304 1368 
5 302 300 282 640 1142 
5 810 1169 301 1544 1555 
5 372 370 943 1121 1166 
5 372 1166 1472 1176 1264 
5 372 370 1328 1173 1264 
5 854 943 370 1328 1329 
5 371 661 1121 1166 1472 
5 627 661 371 1662 1663 
5 1176 1264 1173 1657 1654 
5 627 661 1121 943 854 
5 371 1472 1176 1654 1662 
4 374 621 667 739 
6 621 667 1105 1170 833 832 
5 376 375 373 1344 1345 
5 532 584 715 140 722 
6 173 171 206 922 923 895 
5 721 722 532 895 173 
5 381 836 906 380 1215 
6 380 906 1397 1396 939 940 
6 821 822 382 947 967 853 
6 379 821 853 1707 1706 875 
5 835 836 381 875 1706 
4 505 967 853 1707 
6 378 377 1167 1215 380 940 
5 382 378 940 939 947 
5 379 875 381 1215 1167 
4 382 378 377 822 
5 821 822 377 1167 379 
5 166 36 31 512 783 
5 37 383 384 649 724 
5 37 36 166 167 383 
6 167 383 384 386 385 524 
6 213 200 815 544 783 512 
4 385 386 1687 1689 
6 386 384 649 199 1686 1687 
6 385 524 544 815 1688 1689 
5 57 147 146 177 59 
7 177 59 58 630 635 515 176 
5 60 58 630 629 1237 
5 342 515 176 1095 1149 
5 256 343 342 1149 1148 
5 208 10 9 256 343 
5 55 101 1236 1237 60 
5 605 805 387 1671 1673 
6 597 598 668 1672 1670 1305 
6 387 581 1306 1305 1670 1671 
5 387 581 1073 1098 805 
4 1092 1093 388 1365 
6 581 1073 1392 1365 388 1306 
5 313 598 668 606 868 
6 313 868 535 1392 1365 1092 
6 605 606 868 535 1098 805 
5 388 1093 597 1305 1306 
4 1080 1609 1605 1637 
5 389 1080 1637 1636 1112 
6 389 1080 1609 1596 697 1339 
5 158 813 1596 1609 1605 
5 389 1112 324 1338 1339 
5 1491 1492 1664 1663 1658 
6 309 597 1305 1152 1154 1107 
4 277 1152 1305 1670 
6 864 865 277 1152 1154 603 
5 598 668 1661 1665 750 
5 864 865 274 1654 1657 
6 309 750 1665 1664 1492 1107 
6 274 1654 1662 1661 668 1672 
6 390 185 1386 1364 1232 957 
6 527 838 961 962 390 957 
6 838 886 987 823 978 961 
6 321 193 188 665 823 987 
5 183 185 390 962 979 
5 192 316 320 1232 1364 
4 320 527 957 1232 
4 885 886 987 321 
5 183 665 823 978 979 
5 680 681 1698 813 158 
4 67 391 727 574 
6 392 354 1111 1112 389 828 
5 349 350 547 1353 1363 
6 349 354 392 393 1362 1363 
6 546 547 1353 1354 632 631 
6 546 547 350 1111 1112 324 
5 393 48 632 1354 1362 
5 827 828 389 1339 1334 
5 393 48 827 828 392 
5 1199 1220 1356 1507 1516 
4 1199 1202 1250 1516 
6 1199 1202 1434 1447 1259 1220 
5 394 905 1622 1446 1291 
6 219 503 312 1507 1516 1250 
5 394 852 1357 1292 1291 
5 312 503 905 394 852 
5 1220 1259 1292 1357 1356 
5 385 395 622 518 1689 
6 517 623 397 774 1684 824 
6 622 623 397 1390 1374 395 
4 385 395 1374 524 
5 396 398 850 782 656 
5 396 398 774 1684 1685 
4 396 656 816 1685 
5 397 774 398 850 1390 
5 517 518 1689 1688 824 
6 399 504 575 587 1465 1464 
5 209 212 393 48 1412 
5 393 212 924 678 392 
5 399 401 402 255 504 
5 402 255 49 827 828 
4 400 401 399 1464 
6 400 678 924 659 1465 1464 
6 401 402 828 392 678 400 
4 659 937 587 1465 
6 575 587 937 209 1412 1421 
5 306 690 620 903 902 
7 403 590 1710 1711 809 903 620 
5 403 590 1252 1251 754 
5 403 620 690 972 754 
4 809 896 1197 1711 
4 1161 1252 590 1710 
5 248 306 902 897 557 
5 406 404 394 905 571 
5 405 203 1408 571 406 
5 404 156 155 405 406 
4 361 973 1198 1284 
6 273 275 408 409 329 742 
5 408 275 997 996 265 
5 45 839 407 1431 1432 
4 407 1159 741 1431 
5 46 45 1432 329 409 
6 273 277 1152 1159 741 742 
6 407 839 1153 1154 1152 1159 
6 409 408 265 1079 1078 46 
5 379 411 410 989 875 
6 809 853 1707 1708 1260 896 
5 410 687 1261 1193 989 
5 809 853 821 1712 1711 
5 379 411 1437 1712 821 
5 411 410 687 912 1437 
6 687 912 1197 896 1260 1261 
4 273 742 863 1203 
5 745 746 1160 1159 741 
5 581 582 746 1160 1306 
6 745 746 582 788 644 862 
4 387 1027 1138 1671 
5 581 582 788 1027 387 
5 644 788 1027 1138 1204 
5 26 21 1416 1415 1511 
5 293 25 21 1416 1367 
5 331 131 1023 775 529 
5 331 529 1653 1652 657 
6 550 1117 1644 1645 1133 1178 
6 529 775 1217 1133 1645 1653 
5 775 1023 1319 1216 1217 
6 254 1177 1216 1319 1660 1656 
4 251 254 1656 871 
6 657 1024 1115 1117 1644 1652 
5 104 412 1210 413 106 
5 850 851 1106 1221 398 
5 367 365 858 857 414 
4 368 495 1 1071 
6 368 495 1478 1438 1170 1105 
5 171 168 986 1088 206 
6 1032 1033 1433 1460 1285 1296 
5 1285 1286 1056 1461 1460 
6 755 756 902 903 968 614 
5 809 853 967 968 903 
6 42 664 1135 1136 1697 1696 
6 796 1010 1571 1572 1058 1108 
5 921 981 1572 1058 1391 
5 545 1009 1136 1697 1551 
5 1077 1108 1058 1391 1410 
6 545 1551 1553 981 1572 1571 
5 415 33 38 129 860 
5 775 776 415 860 1023 
5 383 384 332 1311 1288 
7 332 331 529 792 855 649 384 
6 415 33 725 856 793 776 
6 38 129 1158 1311 1288 39 
4 39 37 383 1288 
5 274 1274 1332 1176 1654 
5 279 416 1265 1333 1273 
5 416 496 1173 1264 1265 
5 279 416 496 996 997 
6 900 901 1041 787 1007 1008 
6 88 417 327 900 1008 1043 
5 325 410 989 1041 901 
6 381 731 985 1042 1214 1215 
5 411 418 1502 1167 379 
6 411 410 325 522 523 418 
6 88 417 523 418 1502 1501 
4 417 327 522 523 
6 381 731 787 1041 989 875 
6 40 258 257 419 1426 795 
6 336 360 621 374 826 1287 
5 357 225 1303 1304 369 
5 357 369 667 621 360 
5 738 739 374 826 165 
6 165 600 250 1275 1287 826 
5 229 250 600 1369 1290 
5 132 216 214 294 136 
5 843 953 1361 1687 1686 
6 201 842 1037 790 1372 1373 
6 953 1036 1608 1614 1359 1361 
4 420 648 1614 1359 
6 517 518 420 648 1372 1373 
6 420 518 1689 1687 1361 1359 
5 648 1372 790 1608 1614 
4 517 824 201 1373 
6 355 430 427 426 1647 1646 
5 428 430 355 533 534 
4 426 421 424 1647 
6 422 521 609 429 567 568 
5 423 425 422 521 679 
5 533 534 608 1517 1520 
5 351 423 679 1518 1519 
5 426 421 568 567 427 
5 425 422 568 421 424 
5 430 427 567 429 428 
6 351 423 425 424 1647 1646 
5 428 429 609 608 534 
5 510 511 432 926 660 
5 431 854 943 1012 889 
5 431 432 511 814 889 
5 211 661 1121 1122 674 
5 211 660 926 627 661 
5 1011 1122 674 1140 1141 
5 431 432 926 627 854 
5 814 889 1012 1011 1141 
5 420 518 622 1160 746 
5 407 395 622 1160 1159 
6 407 395 385 386 330 1431 
5 330 386 1687 1361 1360 
5 745 746 420 1359 1358 
4 366 731 381 836 
5 380 434 846 152 906 
4 433 91 92 1399 
6 433 434 380 1215 1214 91 
7 433 434 846 845 184 1398 1399 
4 182 244 1398 184 
6 154 152 906 836 366 364 
5 154 364 1125 1124 153 
5 134 507 617 1488 1530 
7 592 810 1169 1529 1530 1488 1487 
6 1032 1033 344 1487 1488 617 
5 435 436 1120 1119 117 
5 437 436 435 1580 1579 
6 117 435 1580 1019 1028 999 
5 1018 1019 1580 1579 990 
5 1119 1120 988 1229 116 
5 437 436 1120 988 705 
6 705 988 1229 1204 644 1101 
5 437 705 1101 990 1579 
5 267 497 433 1399 1427 
5 780 797 1427 267 1040 
5 280 780 1040 786 1512 
5 85 280 780 797 94 
5 1499 1500 1476 1503 93 
4 266 995 1500 1476 
6 433 91 1499 1500 995 497 
7 427 400 1464 1469 1665 1661 567 
6 659 660 926 927 1468 1465 
4 427 400 678 430 
6 428 429 371 661 211 925 
5 428 430 678 924 925 
5 429 371 1662 1661 567 
5 926 927 1664 1663 627 
5 268 269 356 439 438 
5 268 438 516 636 540 
4 341 592 810 1555 
5 405 406 1625 1633 1601 
6 264 338 1632 1633 1601 1648 
6 155 405 1601 1648 1651 149 
5 406 404 781 1631 1625 
5 572 573 1348 1575 700 
6 404 156 689 1348 573 781 
5 264 338 700 1575 1556 
6 150 554 689 1348 1575 1556 
6 301 551 867 866 493 1544 
5 284 551 867 526 752 
5 345 317 526 867 866 
6 287 300 282 1536 1531 1355 
5 1271 1272 164 1369 1290 
4 413 106 105 440 
7 658 1020 1060 884 1189 1276 1235 
5 987 988 1120 1127 321 
6 563 564 643 498 891 890 
5 276 564 643 642 666 
5 665 666 276 1230 823 
6 624 625 1211 1210 412 834 
5 441 552 624 834 1084 
5 442 172 173 895 1030 
5 174 172 442 53 1325 
6 442 53 1330 1331 1029 1030 
6 347 444 445 713 1701 1700 
5 443 446 444 347 612 
6 303 530 919 918 1403 1402 
5 303 647 1085 1400 1402 
5 647 970 834 1084 1085 
5 1084 1085 1400 1510 441 
6 441 552 447 1227 1509 1510 
5 123 447 1227 704 558 
5 704 918 1403 1509 1227 
5 624 834 970 1376 1128 
5 123 447 552 624 1128 
4 559 919 530 1350 
6 813 1596 1601 1648 1699 1698 
5 264 338 671 537 831 
5 308 681 1698 1699 830 
6 680 681 308 1603 1604 142 
5 537 671 762 1604 1603 
5 448 103 909 910 449 
6 100 103 448 820 1313 1314 
5 80 633 1200 981 1553 
5 851 921 981 1200 1106 
6 32 34 1532 67 391 307 
6 307 391 727 726 942 941 
5 166 36 34 1532 1543 
6 450 625 930 1321 1322 655 
6 448 103 1445 1457 123 447 
5 124 1279 1340 1445 1457 
5 450 655 1279 124 1191 
6 655 1279 1340 100 1314 1322 
5 448 447 552 931 820 
5 624 625 450 1191 1128 
5 246 82 87 451 747 
5 677 769 764 1008 900 
6 87 451 1198 973 974 86 
6 417 327 326 361 973 974 
4 86 88 417 974 
5 451 747 791 1284 1198 
5 268 271 175 169 438 
5 207 630 58 1307 1278 
6 61 181 175 271 1523 1308 
4 59 61 181 177 
5 169 438 516 515 176 
4 207 541 1522 1278 
4 303 604 760 1402 
5 1243 1244 808 1549 1395 
6 370 452 1498 1500 995 1328 
5 372 370 452 377 378 
5 372 378 940 1265 1264 
5 416 434 380 940 1265 
5 433 434 416 496 497 
5 377 452 1498 1502 1167 
5 435 436 1430 1280 637 
5 226 1004 1144 1277 1063 
5 117 435 637 1003 1145 
5 436 1120 1127 1429 1430 
4 953 1036 1050 1371 
4 1116 1117 1644 77 
6 1360 1361 953 1371 1652 657 
5 424 339 514 1650 1647 
5 339 143 694 425 424 
5 423 425 694 722 532 
5 351 423 532 584 353 
5 353 157 138 715 584 
6 453 577 1590 1589 1448 1713 
5 590 591 453 1713 1710 
4 455 1249 1441 1436 
4 454 577 453 591 
5 89 86 974 1142 640 
5 1476 1486 1595 1498 1500 
6 418 283 1594 1595 1498 1502 
4 418 283 716 523 
7 417 523 716 670 302 1142 974 
5 710 833 1170 1438 1443 
6 357 369 368 495 602 358 
5 360 560 777 832 621 
6 359 561 1046 1442 1479 601 
4 359 358 602 601 
5 457 456 1367 293 292 
5 1026 1184 1061 1675 1677 
6 933 1017 1184 1061 1624 1623 
5 315 579 1483 796 1010 
5 1135 1136 1017 1184 1026 
5 932 933 1017 1136 1009 
5 315 579 616 252 646 
5 615 616 252 1623 1624 
6 615 616 579 1483 1677 1675 
5 459 588 1267 811 812 
6 459 70 71 305 458 588 
4 260 262 1317 1254 
6 260 1238 1267 811 1253 1254 
5 458 261 1238 1267 588 
4 458 261 259 305 
5 811 812 69 817 1253 
4 459 70 69 812 
4 589 599 1104 673 
5 446 457 292 291 443 
6 1293 1294 314 1495 1494 977 
5 194 740 1352 1495 1494 
5 645 702 314 1294 1301 
6 701 702 645 1231 1232 320 
6 976 977 1293 1302 1485 1493 
5 315 579 927 1468 1394 
5 579 616 432 926 927 
6 432 511 1244 1243 252 616 
5 587 1465 1468 1394 1550 
6 937 938 808 1549 1550 587 
5 510 511 1244 808 938 
6 305 458 235 706 620 690 
4 459 231 234 588 
5 237 72 893 894 240 
5 231 237 72 70 459 
4 234 235 458 588 
4 233 403 620 706 
5 233 403 754 894 240 
6 1508 1509 1403 1584 1669 1668 
6 460 272 719 1566 1568 1562 
5 461 460 1562 1561 1463 
6 437 705 1554 1561 1463 1462 
5 460 272 525 870 461 
5 437 1462 948 1583 1579 
5 990 1452 1000 1583 1579 
5 461 870 948 1462 1463 
6 210 1067 1070 669 1307 1278 
6 60 669 1070 449 910 1237 
5 64 148 1076 414 857 
6 398 774 1309 1356 1220 1221 
6 1309 1310 462 1678 1684 774 
5 180 322 439 438 169 
4 344 1033 1433 1174 
5 18 27 753 463 785 
5 280 23 22 954 780 
4 18 30 784 785 
6 90 81 323 784 30 638 
4 463 753 955 929 
6 784 785 463 929 798 323 
6 215 807 998 363 1247 1246 
6 362 363 998 1641 1638 1323 
4 362 364 154 1323 
6 217 1196 1263 874 1702 1705 
6 215 217 1705 1704 887 807 
5 428 534 1123 1164 925 
5 429 371 1472 1473 609 
5 608 609 1473 1182 873 
5 1121 1122 945 1183 1166 
6 944 945 1122 674 1164 1123 
5 534 608 873 944 1123 
5 306 263 1233 756 902 
6 7 633 1200 1199 1202 1201 
5 465 467 1473 1182 626 
6 241 466 468 469 465 626 
4 608 873 242 1517 
5 467 464 521 609 1473 
5 464 469 468 679 521 
5 241 466 1518 1517 242 
4 469 465 467 464 
4 466 468 679 1518 
5 61 181 596 470 62 
5 471 178 596 470 806 
5 62 470 806 1099 56 
5 110 695 471 806 1099 
4 471 178 634 695 
6 717 863 1203 1230 823 978 
5 160 159 1565 1102 513 
5 513 862 644 1101 1102 
5 159 961 838 1567 1565 
5 987 988 705 1554 886 
5 400 401 472 426 427 
4 472 401 402 984 
5 355 430 678 392 354 
5 402 828 389 1080 984 
7 426 472 984 1080 1637 1650 1647 
5 431 432 616 615 500 
5 431 500 848 849 889 
5 98 445 444 1557 1097 
6 253 569 963 1097 1557 1558 
6 446 457 456 1558 1557 444 
6 709 907 919 530 1607 1615 
5 562 918 1403 1584 1578 
5 562 908 1019 1580 1578 
6 990 1018 709 1615 1418 1452 
5 365 366 836 835 858 
4 543 958 1525 1667 
6 437 436 1430 1441 1436 1462 
6 1524 1525 1667 1669 1584 1578 
5 435 637 1524 1578 1580 
6 455 542 1212 948 1462 1436 
6 542 543 958 1281 1249 455 
5 340 341 1555 1544 493 
6 1199 1200 981 1572 1560 1516 
4 397 698 1309 774 
6 397 698 1057 1058 1391 1390 
5 98 99 712 713 445 
5 473 333 334 29 935 
5 473 583 758 934 935 
5 411 418 283 1449 1437 
6 423 532 895 1030 468 679 
5 464 475 474 422 521 
6 474 471 695 694 425 422 
5 475 474 471 178 179 
6 172 179 475 464 469 442 
4 468 469 442 1030 
4 712 713 1701 1134 
5 24 21 1416 1185 956 
6 443 291 19 20 654 612 
5 347 444 1557 1564 348 
6 328 348 1564 1563 1185 956 
6 456 1367 1416 1185 1563 1558 
6 17 133 1484 1705 1702 16 
5 1100 1477 1488 1530 1534 
6 390 185 799 617 1488 1477 
4 390 957 1100 1477 
5 479 478 477 1286 1285 
5 186 479 1285 1296 800 
5 205 570 477 1286 1255 
5 478 477 570 1428 476 
5 479 478 476 187 186 
5 187 476 1428 1398 184 
4 1184 1185 1563 1017 
5 253 933 1017 1563 1558 
4 330 332 384 386 
4 529 792 1401 1653 
6 686 723 843 953 1371 1370 
6 413 440 548 480 1211 1210 
5 842 1037 803 1213 1207 
5 802 803 1213 1490 1474 
4 1283 1435 1463 1561 
5 112 337 869 868 535 
5 481 869 337 1630 1631 
5 481 310 733 781 1631 
6 572 573 555 1366 1393 107 
5 313 310 481 869 868 
5 555 946 1092 1365 1366 
5 555 573 781 733 946 
5 289 539 645 702 1190 
5 152 906 1397 1206 1205 
5 64 148 1206 1397 1326 
6 414 367 362 1323 1385 1076 
6 453 591 767 766 382 822 
5 233 403 590 591 767 
4 382 766 1381 947 
5 620 706 1380 968 903 
5 821 822 453 1713 1712 
5 73 69 812 583 758 
6 352 533 534 1123 1496 1514 
5 352 349 1363 1069 1514 
4 393 212 1065 1362 
5 1068 1069 1514 1496 1165 
6 239 234 588 1267 1266 1240 
5 1239 1240 239 1405 1298 
6 458 235 1406 1228 1383 261 
5 404 394 852 733 781 
6 402 255 571 406 1625 984 
5 399 311 312 503 504 
5 481 472 984 1625 1631 
6 481 310 311 399 401 472 
5 405 203 697 1596 1601 
7 334 29 580 1519 1518 466 335 
5 466 468 1030 1029 335 
5 217 214 294 1484 1705 
5 555 714 1090 1413 1366 
4 819 983 1414 1109 
6 699 700 1575 1576 952 114 
4 109 114 952 1081 
5 390 962 1547 1541 1477 
5 163 479 1285 1460 1118 
5 186 183 979 163 479 
5 348 491 1694 1695 1564 
5 1096 1097 1557 1564 1695 
5 452 578 1586 1595 1498 
6 377 452 578 577 453 822 
4 577 578 1586 1590 
5 164 789 189 888 1272 
6 1072 1234 1277 1063 1303 1304 
5 104 412 834 970 969 
5 241 232 501 335 466 
5 232 239 1240 1226 501 
4 465 619 1375 626 
6 442 53 736 619 465 469 
5 944 965 1497 1496 1123 
5 482 779 945 1122 1011 
6 805 806 470 1028 1027 387 
5 595 596 470 1028 999 
5 474 471 806 805 605 
5 475 474 605 1673 278 
5 475 179 115 119 278 
5 40 38 129 130 258 
5 407 395 1374 1411 839 
5 388 623 397 698 1093 
5 1057 1058 1108 1107 309 
5 622 623 388 1306 1160 
5 483 243 965 1497 1515 
6 352 1147 1241 483 1515 1514 
6 238 242 1517 1520 1146 1242 
5 483 243 238 1242 1241 
5 448 449 1070 1227 447 
4 669 704 1227 1070 
5 41 954 780 1040 1039 
4 80 6 7 633 
5 370 452 578 1012 943 
5 454 482 779 767 591 
6 372 378 382 766 1183 1166 
6 454 482 1011 1012 578 577 
4 480 450 625 1211 
5 473 236 232 501 333 
6 459 231 236 473 583 812 
7 388 623 517 1373 1413 1366 1365 
5 420 648 928 582 746 
5 426 421 869 481 472 
5 337 339 424 421 869 
6 1143 1213 803 1346 1526 1527 
5 201 759 1090 1413 1373 
6 759 1090 1270 1268 1113 1114 
5 555 714 462 1310 946 
5 499 500 431 854 1329 
5 849 889 1012 578 1586 
6 39 795 1426 1439 1289 1288 
5 34 794 1015 1538 1532 
6 47 167 383 1288 1289 44 
4 44 1289 1439 1600 
5 421 568 606 868 869 
5 474 422 568 606 605 
5 359 356 439 322 601 
6 162 485 1439 1289 1312 1091 
5 484 485 162 1130 1031 
5 419 484 1031 1151 257 
5 484 485 1439 1426 419 
6 467 464 475 278 1274 1332 
5 567 568 606 668 1661 
5 1176 1332 467 1473 1472 
5 582 788 1018 709 928 
5 709 928 648 1614 1615 
5 486 952 1576 1683 1681 
6 375 486 952 1081 125 373 
6 719 871 1656 1655 618 1566 
5 345 317 1568 1566 618 
6 105 440 548 1192 1377 1066 
4 585 1241 483 1347 
6 358 270 1004 1144 594 602 
5 271 175 121 1145 1003 
5 487 477 570 798 929 
5 487 477 1286 1056 1055 
5 159 607 618 1566 1565 
6 237 72 1248 1347 483 243 
6 132 216 672 673 1104 1103 
5 484 1031 1461 1056 1055 
5 1031 1130 1118 1460 1461 
5 480 450 1191 1192 548 
4 75 663 1133 1645 
5 462 714 1090 759 1678 
5 579 927 1664 1492 1483 
5 62 470 1028 1019 908 
5 709 907 707 1110 928 
6 486 488 531 748 1680 1681 
6 486 488 1139 1300 114 952 
4 488 531 904 1139 
6 537 671 652 1300 1139 904 
5 562 1308 1523 1524 1578 
6 210 1278 1522 1525 1667 1666 
6 1017 1136 1697 1695 1564 1563 
4 1048 1258 545 1551 
4 486 488 376 375 
6 376 488 1139 1219 1341 1345 
5 125 373 1344 1279 124 
5 1250 1516 1560 1559 1588 
5 399 311 1404 1469 1464 
5 575 587 1550 1585 1467 
5 4 613 1206 1397 1396 
5 46 409 489 490 1591 
5 45 44 1289 1312 1432 
5 329 409 489 161 718 
5 490 485 1439 1600 1591 
5 490 485 162 161 489 
6 118 2 3 565 1333 1273 
6 279 416 434 846 643 564 
5 939 940 1265 1333 565 
6 73 758 934 585 1347 1248 
5 473 236 238 1242 935 
5 490 487 1055 484 485 
5 489 490 487 477 478 
5 161 163 479 478 489 
5 776 793 829 994 960 
6 408 275 276 666 187 476 
6 265 267 1427 1428 476 408 
5 408 476 478 489 409 
6 465 467 1332 1333 565 619 
4 750 1404 1469 1665 
6 490 487 929 955 1593 1591 
5 922 923 1029 1331 951 
5 491 975 1450 1454 1694 
5 714 1090 1270 1320 1349 
5 1113 1114 1207 1213 1143 
5 684 685 725 724 492 
6 885 886 1554 1561 1283 1282 
5 544 782 656 816 815 
5 601 602 495 1478 1479 
5 496 497 995 1328 1173 
5 505 506 614 968 967 
4 508 509 1222 1223 
5 510 511 814 1141 1140 
5 512 783 879 1126 1013 
5 513 1102 1453 1417 1168 
5 1001 1002 958 1281 1195 
5 1605 1606 514 1650 1637 
5 555 573 1348 1349 714 
4 515 516 636 635 
5 896 897 557 1162 1197 
4 517 518 622 623 
5 1468 1469 1665 1664 927 
5 519 520 688 1643 1642 
6 608 609 521 679 1518 1517 
5 1046 1047 710 1443 1442 
5 672 673 589 1263 1196 
5 790 1351 983 1414 1372 
6 1006 1024 1115 871 1656 1660 
5 525 870 948 1583 1000 
5 526 527 957 1100 867 
5 696 697 1339 1338 528 
5 775 776 793 792 529 
6 1350 1351 790 1608 1607 530 
5 1102 1453 719 1566 1565 
6 536 736 1298 1297 992 1171 
5 684 685 771 770 538 
5 539 645 1231 1534 1533 
5 866 867 1100 1477 1541 
5 644 788 1018 990 1101 
4 540 541 1054 1053 
4 580 1146 1520 1519 
5 542 543 1667 1669 1212 
5 544 782 1038 879 783 
6 1101 1102 1565 1567 1554 705 
5 549 550 1117 1116 861 
5 850 851 778 1038 782 
5 915 916 1045 1186 765 
5 551 867 1100 1534 1533 
5 624 625 930 931 552 
4 892 1482 1475 1582 
4 980 1418 1615 1607 
5 560 561 1046 1047 777 
6 669 704 918 562 1308 1307 
5 569 963 1132 1504 1505 
5 797 798 570 1428 1427 
6 571 905 1622 1617 1407 1408 
5 1109 1393 1366 1413 1414 
5 572 573 781 1631 1630 
5 581 582 928 1110 1073 
5 934 935 1242 1241 585 
5 614 968 1380 1406 1228 
5 1078 1079 603 1154 1153 
5 645 1231 1485 1302 1301 
5 720 883 1343 1342 1163 
4 604 861 1116 980 
5 605 606 668 1672 1673 
5 1015 1425 1599 1537 1538 
5 607 618 1655 1659 711 
5 610 611 652 1300 1299 
5 619 736 1298 1405 1375 
5 627 854 1329 1658 1663 
5 694 695 634 721 722 
5 848 849 1586 1595 1486 
4 642 643 846 845 
5 862 863 1203 1204 644 
6 648 928 1110 1109 1414 1372 
5 741 742 863 862 745 
5 1005 1006 1660 1659 711 
5 724 725 856 855 649 
5 766 767 779 945 1183 
5 657 1024 1168 1358 1360 
4 692 729 840 841 
5 663 801 959 1217 1133 
5 775 776 960 959 1217 
5 675 676 1336 1337 1089 
6 1092 1093 698 1309 1310 946 
5 818 819 1109 1110 707 
5 708 730 1384 1385 1076 
6 884 888 1272 1271 1064 1189 
5 907 908 1019 1018 709 
5 832 833 710 1047 777 
5 719 871 1115 1417 1453 
5 733 852 1357 1310 946 
5 740 888 1272 1459 1352 
5 763 764 1008 1007 749 
5 993 994 829 1424 1420 
5 893 894 754 972 971 
4 755 756 1233 1382 
6 760 1000 1583 1584 1403 1402 
6 1001 1002 1054 1053 1179 1180 
5 944 945 779 966 965 
6 797 798 929 955 954 780 
5 1039 1040 786 1674 1676 
5 957 1100 1534 1231 1232 
5 1018 1019 1028 1027 788 
5 917 1075 1163 1342 1245 
4 792 793 856 855 
5 794 795 1426 1425 1015 
5 1009 1010 796 1135 1136 
5 802 803 1346 1377 1066 
5 959 960 994 993 801 
4 805 806 1099 1098 
5 896 897 902 903 809 
5 1253 1254 1317 1316 817 
5 930 931 820 1313 1321 
5 987 988 1229 1230 823 
5 1094 1095 1149 1148 837 
5 835 836 906 1397 1326 
4 838 886 1554 1567 
5 842 843 953 1036 1037 
6 952 1081 1269 1270 1320 1576 
5 1034 1035 844 1095 1094 
4 895 923 1029 1030 
5 859 860 1023 1319 1318 
4 864 865 997 996 
5 944 945 1183 1182 873 
5 1124 1125 1262 1263 874 
5 875 989 1193 1709 1706 
5 878 1083 1466 1480 1409 
5 882 883 1330 1331 951 
4 909 910 1237 1236 
5 912 1197 1711 1712 1437 
4 913 914 1051 1052 
4 915 916 949 950 
5 920 921 981 1553 1552 
5 1119 1120 1127 1189 1276 
5 1011 1012 943 1121 1122 
5 967 968 1380 1381 947 
5 948 1212 1669 1584 1583 
5 1025 1026 1184 1185 956 
4 961 962 979 978 
5 1096 1097 963 1132 1131 
5 969 970 1376 1377 1066 
6 1450 1451 1134 1701 1700 975 
6 1269 1270 1090 1413 1414 983 
6 1116 1117 1115 1417 1418 980 
5 984 1080 1609 1633 1625 
5 1007 1008 1043 1042 985 
5 1101 1102 1453 1452 990 
6 1218 1219 1341 1340 1445 1444 
4 991 992 1171 1172 
6 1174 1433 1460 1118 1548 1539 
5 1027 1028 999 1137 1138 
4 1003 1004 1144 1145 
4 1020 1021 1059 1060 
4 1024 1115 1417 1168 
5 1129 1130 1031 1151 1150 
5 1071 1072 1045 1186 1187 
5 1131 1132 1504 1258 1048 
5 1057 1058 1572 1560 1513 
5 1184 1185 1416 1415 1061 
5 1063 1064 1189 1276 1277 
5 1068 1069 1363 1362 1065 
5 1067 1070 1227 1509 1508 
5 1109 1110 1073 1392 1393 
5 1107 1108 1077 1153 1154 
4 1164 1165 1496 1123 
5 1271 1272 1459 1458 1082 
5 1157 1158 1311 1312 1091 
5 1256 1257 1249 1281 1195 
5 1199 1200 1106 1221 1220 
4 1111 1112 1636 1635 
5 1191 1192 1377 1376 1128 
5 1177 1178 1133 1217 1216 
5 1218 1219 1139 1300 1299 
4 1146 1147 1241 1242 
7 1358 1359 1614 1615 1418 1417 1168 
5 1159 1160 1306 1305 1152 
5 1161 1162 1197 1711 1710 
5 1182 1183 1166 1472 1473 
5 1214 1215 1167 1502 1501 
5 1328 1329 1658 1657 1173 
5 1264 1265 1333 1332 1176 
4 1179 1180 1222 1223 
5 1260 1261 1193 1709 1708 
5 1246 1247 1262 1263 1196 
5 1201 1202 1250 1588 1587 
4 1203 1204 1229 1230 
5 1207 1208 1489 1490 1213 
6 1282 1283 1435 1436 1441 1440 
5 1239 1240 1226 1331 1330 
5 1297 1298 1405 1406 1228 
5 1231 1232 1364 1493 1485 
4 1234 1235 1276 1277 
5 1266 1267 1238 1692 1693 
5 1258 1504 1612 1610 1587 
5 1324 1325 1343 1342 1245 
5 1280 1281 1249 1441 1430 
5 1285 1286 1255 1295 1296 
5 1291 1292 1259 1447 1446 
5 1269 1270 1268 1527 1526 
4 1273 1274 1332 1333 
5 1307 1308 1523 1522 1278 
5 1340 1341 1345 1344 1279 
4 1288 1289 1312 1311 
5 1303 1304 1368 1369 1290 
4 1293 1294 1301 1302 
4 1313 1314 1322 1321 
4 1309 1310 1357 1356 
5 1318 1319 1660 1659 1315 
5 1348 1349 1320 1576 1575 
5 1384 1385 1323 1638 1639 
4 1326 1327 1396 1397 
4 1334 1335 1338 1339 
5 1355 1531 1486 1595 1594 
5 1350 1351 1346 1377 1376 
5 1378 1379 1458 1459 1352 
4 1353 1354 1362 1363 
4 1358 1359 1361 1360 
5 1364 1386 1703 1704 1493 
4 1365 1366 1393 1392 
5 1370 1371 1652 1653 1401 
4 1372 1373 1413 1414 
5 1390 1391 1410 1411 1374 
5 1380 1381 1375 1405 1406 
4 1387 1388 1407 1408 
7 1468 1469 1404 1513 1560 1559 1394 
5 1395 1506 1613 1602 1549 
4 1398 1399 1427 1428 
5 1402 1403 1509 1510 1400 
4 1417 1418 1452 1453 
4 1419 1420 1424 1423 
5 1425 1426 1439 1600 1599 
4 1429 1430 1441 1440 
4 1444 1445 1457 1456 
5 1446 1447 1434 1621 1622 
4 1435 1436 1462 1463 
5 1448 1449 1437 1712 1713 
5 1442 1443 1438 1478 1479 
4 1450 1451 1455 1454 
4 1464 1465 1468 1469 
5 1470 1471 1611 1585 1467 
5 1489 1490 1474 1628 1629 
5 1481 1482 1475 1537 1538 
5 1476 1486 1531 1536 1503 
5 1487 1488 1477 1541 1540 
5 1491 1492 1483 1677 1676 
5 1484 1485 1493 1704 1705 
4 1496 1497 1515 1514 
5 1499 1500 1498 1502 1501 
5 1504 1505 1506 1613 1612 
5 1511 1512 1503 1536 1535 
4 1507 1513 1560 1516 
4 1517 1518 1519 1520 
4 1522 1523 1524 1525 
4 1529 1530 1534 1533 
5 1535 1536 1531 1546 1545 
5 1537 1538 1532 1543 1542 
5 1549 1550 1585 1611 1602 
5 1540 1541 1547 1548 1539 
5 1552 1553 1551 1697 1696 
5 1561 1562 1568 1567 1554 
5 1575 1576 1683 1682 1556 
4 1557 1558 1563 1564 
4 1559 1560 1572 1571 
4 1565 1566 1568 1567 
4 1569 1570 1574 1573 
5 1581 1582 1592 1593 1577 
5 1579 1580 1578 1584 1583 
5 1587 1588 1585 1611 1610 
5 1589 1590 1586 1595 1594 
5 1592 1593 1591 1600 1599 
4 1596 1601 1633 1609 
5 1610 1611 1602 1613 1612 
5 1605 1606 1632 1633 1609 
4 1607 1608 1614 1615 
4 1616 1617 1622 1621 
5 1619 1620 1629 1628 1618 
5 1630 1631 1625 1633 1632 
5 1636 1637 1650 1649 1635 
4 1638 1639 1640 1641 
4 1644 1645 1653 1652 
4 1646 1647 1650 1649 
5 1657 1658 1663 1662 1654 
4 1655 1656 1660 1659 
5 1662 1663 1664 1665 1661 
4 1666 1667 1669 1668 
4 1670 1671 1673 1672 
4 1674 1675 1677 1676 
4 1680 1681 1683 1682 
4 1678 1679 1685 1684 
4 1686 1687 1689 1688 
4 1690 1691 1692 1693 
4 1694 1695 1697 1696 
4 1702 1703 1704 1705 
4 1706 1707 1708 1709 
4 1710 1711 1712 1713 
CELL_DATA 1638
SCALARS scalar_1 double
LOOKUP_TABLE default
    4.971151
    4.972854
    4.973283
    4.974130
    4.975260
    4.973037
    4.975113
    4.968241
    4.971097
    4.969632
    4.969682
    4.976306
    4.977628
    4.974617
    4.973037
    4.974437
    4.876158
    4.974885
    4.870819
    4.876909
    4.972224
    4.969139
    4.971726
    4.973719
    4.972781
    4.974980
    4.876900
    4.973211
    4.873471
    4.971260
    4.873618
    4.972740
    4.877831
    4.975479
    4.974590
    4.876265
    4.875598
    4.875981
    4.868967
    4.969735
    4.980123
    4.971260
    4.975782
    4.970815
    4.963339
    4.876900
    4.873274
    4.974495
    4.873274
    4.973808
    4.974495
    4.974001
    4.961152
    4.877979
    4.894012
    4.875981
    4.963339
    4.873306
    5.000000
    4.875110
    4.975995
    4.876339
    4.977104
    4.975394
    4.973283
    4.874415
    4.974617
    4.976854
    4.875904
    4.975150
    4.975156
    4.971151
    4.872499
    4.871124
    4.975201
    4.978493
    4.974192
    4.876071
    4.971732
    4.975974
    4.870819
    4.871533
    4.973855
    4.973754
    4.872582
    4.876900
    4.972992
    4.972854
    4.975572
    4.973687
    4.974321
    4.975566
    4.972580
    4.974495
    4.974885
    4.873274
    4.974001
    4.977120
    4.876265
    4.975991
    4.977171
    4.974892
    4.972091
    4.874769
    4.975873
    4.973223
    4.977470
    4.874364
    4.972605
    4.977766
    4.974427
    4.977330
    4.975511
    4.977135
    4.974839
    4.973550
    4.971286
    4.977120
    4.973687
    4.876158
    4.973775
    4.972091
    4.975045
    4.969139
    4.974206
    4.873800
    4.875890
    4.869707
    4.971148
    4.972740
    4.973211
    4.873740
    4.871380
    4.970097
    4.874366
    4.975016
    4.975873
    4.973550
    4.967296
    4.975323
    4.973929
    4.870819
    4.975974
    4.978493
    4.976383
    4.971139
    4.974563
    4.972985
    4.975511
    4.972605
    4.977300
    4.973688
    4.875109
    4.972764
    4.871533
    4.876071
    4.969621
    4.978493
    4.971302
    4.872589
    4.872582
    4.873539
    4.872331
    4.969682
    4.862355
    4.970407
    4.974764
    4.971151
    4.975260
    4.971097
    4.970313
    4.971732
    4.975043
    4.974592
    4.973037
    4.977343
    4.872499
    4.976320
    4.975974
    4.974852
    4.972764
    4.973929
    4.873539
    4.978493
    4.974456
    4.975201
    4.976383
    4.875371
    4.874959
    4.974678
    4.974789
    4.973309
    4.969854
    4.974563
    4.974590
    4.875598
    4.974980
    4.875619
    4.973719
    4.875148
    4.875109
    4.972612
    4.872589
    4.875109
    4.971302
    4.875148
    4.974131
    4.870819
    4.970407
    4.971139
    4.877639
    4.976383
    4.973465
    4.876071
    4.978493
    4.974741
    4.976306
    4.975572
    4.976010
    4.973283
    4.968241
    4.975325
    4.877951
    4.969682
    4.971097
    4.972594
    4.975156
    4.975572
    4.971097
    4.877951
    4.973786
    4.972781
    4.969682
    4.973324
    4.869707
    4.975156
    4.975934
    4.972854
    4.972594
    4.972612
    4.873618
    4.875109
    4.875148
    4.971151
    4.976306
    4.969682
    4.975824
    4.972992
    4.974474
    4.972630
    4.894012
    4.969854
    4.875598
    4.975662
    4.874959
    4.971726
    4.965992
    4.974678
    4.975175
    4.968241
    4.976320
    4.974083
    4.973687
    4.876265
    4.875981
    4.975479
    4.977446
    4.873274
    4.971565
    4.977120
    4.873306
    4.974617
    4.973037
    4.970278
    4.975043
    4.973754
    4.876098
    4.974131
    4.973390
    4.876071
    4.971151
    4.971732
    4.870819
    4.974764
    4.973324
    4.974980
    4.871817
    4.973719
    4.973786
    4.971095
    4.869707
    4.969139
    4.971097
    4.972224
    4.965992
    4.971726
    4.973324
    4.968241
    4.976155
    4.971097
    4.976698
    4.876144
    4.976322
    4.974652
    4.968241
    4.871817
    4.973455
    4.973786
    4.975404
    4.879528
    4.977183
    4.976320
    4.873242
    4.977031
    4.975479
    4.979740
    4.977446
    4.975325
    4.976698
    4.975511
    4.974852
    4.974007
    4.876339
    4.974837
    4.972267
    4.870484
    4.973251
    4.971579
    4.974264
    4.874555
    4.875890
    4.969139
    4.974617
    4.972224
    4.973754
    4.870819
    4.975394
    4.974156
    4.875742
    4.971759
    4.972865
    4.977379
    5.000000
    4.977183
    4.975479
    4.974980
    4.876265
    4.973786
    4.974019
    4.975557
    4.971579
    4.973782
    4.975995
    4.974427
    4.975629
    4.975671
    4.976050
    4.976322
    4.977766
    4.879528
    4.975479
    4.877546
    4.873242
    4.976698
    4.975511
    4.975260
    4.975404
    4.972353
    4.974592
    4.973455
    4.968241
    4.875469
    4.974976
    4.974083
    4.973316
    4.977051
    4.974180
    4.974892
    4.975991
    4.976339
    4.877831
    4.975150
    4.974862
    4.972380
    4.975156
    4.975824
    4.979264
    4.975934
    4.972759
    4.879610
    4.875890
    4.972224
    4.974206
    4.875948
    4.869707
    4.974718
    4.873800
    4.973922
    4.974980
    4.975357
    4.974206
    4.976598
    4.974083
    4.976199
    4.973309
    4.974156
    4.875186
    4.973775
    4.975782
    4.974019
    4.975394
    4.975007
    4.975667
    4.975557
    4.976050
    4.971579
    4.876339
    4.870819
    4.875598
    4.975156
    4.975934
    4.977171
    4.973688
    4.972612
    4.972594
    4.874027
    4.975339
    4.989794
    4.873740
    4.971095
    4.963339
    5.000000
    4.969735
    4.977274
    4.973754
    4.975043
    4.970984
    4.975404
    4.974180
    4.974592
    4.975260
    4.975503
    4.971732
    4.971491
    4.972851
    4.877239
    4.872158
    4.972399
    4.970025
    4.871124
    4.973309
    4.989794
    4.972166
    4.969735
    4.965992
    4.971095
    5.000000
    4.970313
    4.974764
    4.971097
    4.971151
    4.969682
    4.874225
    4.972990
    4.975737
    4.971799
    4.871380
    4.970097
    4.972463
    4.972740
    4.971260
    4.873740
    4.874366
    4.970097
    4.873784
    4.878751
    4.975759
    4.873471
    4.975557
    4.972263
    4.979969
    4.976322
    4.977897
    4.973719
    4.974966
    4.972183
    4.973715
    4.974980
    4.974652
    4.975511
    4.973786
    4.976194
    4.878751
    4.970097
    4.874364
    4.977470
    4.976320
    4.975511
    4.872499
    4.871124
    4.877239
    4.979740
    4.974427
    4.977171
    4.976598
    4.975934
    4.975991
    4.876265
    4.972612
    4.973688
    4.969735
    4.970815
    4.961152
    4.975667
    4.872331
    4.971565
    4.972668
    4.974019
    4.975557
    4.969621
    4.975759
    4.974652
    4.878751
    4.876158
    4.970815
    4.974019
    4.974156
    4.973775
    4.873274
    4.975782
    4.875469
    4.973455
    4.974652
    4.871817
    4.878751
    4.974474
    4.972399
    4.972463
    4.973316
    4.975850
    4.871817
    4.974652
    4.975671
    4.974592
    4.973316
    4.971097
    4.875469
    4.976295
    4.975113
    4.876098
    4.975043
    4.970278
    4.974617
    4.975260
    4.971151
    4.972224
    4.874366
    4.873800
    4.873265
    4.972740
    4.873740
    4.869707
    4.977104
    4.876265
    4.971148
    4.974206
    4.971260
    4.972740
    4.878113
    4.873471
    4.974495
    4.975566
    4.973995
    4.973797
    4.963339
    4.879528
    4.973309
    4.965992
    5.000000
    4.894012
    4.988909
    4.873858
    4.975175
    4.974590
    4.873306
    4.972630
    4.975150
    4.877831
    4.976598
    4.975404
    4.974083
    4.971302
    4.875148
    4.972612
    4.872331
    4.875774
    4.972594
    4.973688
    4.972764
    4.971139
    4.975974
    4.873539
    4.870819
    4.971139
    4.876071
    4.975873
    4.975511
    4.879528
    4.976194
    4.974678
    4.971726
    4.870819
    4.975156
    4.874959
    4.875371
    4.976194
    4.975572
    4.972463
    4.972399
    4.974474
    4.873763
    4.975737
    4.974495
    4.873471
    4.973550
    4.876265
    4.970574
    4.878750
    4.977104
    4.975375
    4.872750
    4.875148
    4.879610
    5.000000
    4.975293
    4.973995
    4.975782
    4.972399
    4.977572
    4.971260
    4.975737
    4.975339
    4.972851
    4.873740
    4.874027
    4.975850
    4.970984
    4.974458
    4.976295
    4.975043
    4.975260
    4.974083
    4.973149
    4.973550
    4.974206
    4.869707
    4.973786
    4.975572
    4.971148
    4.973149
    4.975260
    4.974083
    4.968241
    4.970097
    4.976194
    4.875494
    4.975824
    4.975016
    4.975339
    4.875742
    4.971759
    4.989794
    4.977379
    4.972166
    4.974083
    4.973149
    4.873539
    4.875148
    4.974617
    4.973390
    4.869707
    4.969682
    4.974862
    4.976624
    4.977359
    4.973782
    4.975016
    4.975824
    4.971148
    4.875494
    4.873784
    4.876265
    4.974590
    4.875981
    4.873306
    4.873242
    4.988909
    4.879528
    4.977446
    4.876071
    4.973754
    4.973855
    4.876098
    4.874959
    4.875371
    4.975974
    4.974764
    4.969735
    4.874225
    4.871533
    4.974852
    4.974180
    4.972668
    4.872331
    4.971302
    4.961152
    4.875774
    4.975293
    4.876339
    4.972612
    4.977104
    4.874027
    4.961152
    4.874225
    5.000000
    4.972668
    4.989794
    4.970815
    4.972166
    4.973719
    4.974474
    4.972630
    4.971097
    4.971726
    4.974652
    4.878751
    4.975671
    4.965992
    4.972612
    4.876265
    4.975293
    4.970574
    5.000000
    4.975323
    4.878750
    4.976123
    4.876339
    4.975394
    4.971565
    4.876158
    4.975629
    4.874555
    4.974019
    4.974099
    4.975667
    4.974741
    4.988909
    4.974852
    4.961152
    4.873306
    4.877015
    4.974741
    4.977031
    4.971565
    4.979740
    4.974019
    4.976123
    5.000000
    4.975667
    4.876339
    4.972668
    4.971759
    4.975293
    4.974156
    4.975007
    4.975934
    4.974862
    4.972380
    4.975991
    4.976624
    4.973316
    4.971579
    4.975667
    4.876339
    4.972594
    4.974206
    4.965992
    4.971095
    4.873306
    4.988909
    4.894012
    4.874225
    4.961152
    4.963339
    4.971148
    4.973782
    4.977135
    4.974862
    4.873784
    4.975469
    4.975671
    4.965992
    4.988909
    4.974180
    4.873858
    4.974764
    4.871533
    4.970313
    4.971260
    4.873471
    4.974590
    4.879528
    4.874364
    4.975873
    4.973850
    4.873763
    4.972399
    4.977470
    4.977300
    4.971565
    4.975572
    4.975260
    4.973149
    4.974617
    4.971726
    4.975662
    4.975934
    4.974862
    4.974495
    4.970815
    4.971565
    4.973775
    4.961152
    4.876158
    4.974563
    4.973850
    4.873306
    4.879528
    4.877546
    4.875598
    4.875981
    4.972166
    4.969682
    4.975016
    4.971095
    4.975045
    4.974206
    4.977135
    4.869707
    4.873784
    4.975469
    4.970097
    4.974657
    4.977359
    4.875598
    4.974458
    4.975260
    4.973149
    4.974852
    4.975013
    4.974976
    4.974980
    4.879528
    4.976320
    4.977470
    4.873858
    4.974180
    4.988909
    4.975201
    4.974852
    4.975293
    5.000000
    4.875774
    4.972166
    4.973390
    4.879610
    4.975375
    4.972668
    4.971302
    4.971759
    4.875148
    4.875742
    4.974156
    4.975339
    4.972851
    4.875742
    4.971759
    4.876602
    4.874027
    4.876257
    4.974180
    4.961152
    4.873306
    4.879528
    4.873858
    4.977359
    4.969682
    4.873740
    4.975016
    4.971095
    4.972224
    4.975572
    4.973786
    4.973719
    4.976194
    4.971726
    4.974592
    4.971491
    4.971732
    4.871124
    4.971097
    4.975671
    4.972630
    4.970025
    4.971095
    4.963339
    4.971260
    4.972740
    4.970097
    4.975339
    4.975016
    4.972668
    4.974156
    4.975293
    4.875742
    5.000000
    4.972166
    4.874027
    4.975043
    4.973754
    4.976194
    4.876339
    4.972612
    4.974264
    4.975667
    4.972764
    4.974099
    4.973688
    4.973283
    4.976194
    4.878751
    4.974474
    4.970097
    4.968241
    4.977300
    4.968241
    4.975671
    4.969682
    4.971095
    4.965992
    4.977300
    4.872499
    4.973390
    4.971151
    4.975150
    4.973550
    4.873471
    4.871124
    4.877239
    4.974427
    4.975007
    4.976123
    4.975974
    4.972865
    4.977300
    4.973929
    4.975201
    4.974264
    4.973688
    4.874574
    4.974321
    4.971139
    4.975974
    4.973929
    4.876158
    4.971565
    4.974321
    4.874574
    4.875981
    4.973251
    4.975974
    4.873539
    4.974852
    4.967296
    4.976123
    4.977300
    4.873800
    4.975045
    4.871380
    4.974657
    4.970097
    4.974197
    4.975043
    4.973855
    4.971732
    4.876071
    4.876098
    4.975503
    4.871124
    4.974156
    4.975339
    4.875494
    4.975824
    4.969682
    4.971095
    4.873784
    4.971491
    4.975260
    4.971732
    4.975671
    4.975511
    4.874364
    4.879528
    4.875774
    4.971302
    4.973390
    4.975375
    4.973995
    4.873784
    4.974862
    4.971491
    4.875494
    4.871380
    4.975339
    4.873784
    4.975469
    4.974657
    4.974680
    4.975260
    4.974458
    4.976295
    4.975043
    4.873471
    4.971260
    4.977572
    4.970815
    4.974495
    4.973775
    4.974156
    4.972851
    4.874027
    4.976339
    4.975991
    4.874517
    4.974197
    4.975156
    4.975934
    4.871380
    4.974892
    4.974980
    4.873471
    4.973223
    4.876144
    4.974966
    4.878751
    4.976322
    4.970815
    4.874027
    4.972851
    4.974019
    4.975007
    4.872158
    4.975934
    4.976339
    4.972759
    4.974892
    4.975156
    4.974862
    4.972380
    4.972865
    4.972399
    4.975850
    4.975671
    4.972851
    4.971491
    4.871124
    4.876257
    4.972865
    4.975974
    4.975572
    4.971565
    4.974852
    4.975043
    4.971726
    4.973995
    4.971260
    4.975375
    4.874366
    4.973797
    4.873265
    4.873242
    4.977031
    4.975572
    4.974980
    4.976322
    5.000000
    4.972166
    4.979264
    4.875494
    4.876602
    4.879610
    4.975934
    4.876158
    4.975824
    4.975150
    4.879610
    4.972166
    4.973390
    4.877831
    4.971151
    4.975375
    4.971732
    4.974764
    4.871533
    4.971302
    4.973390
    4.965992
    4.975175
    4.873858
    4.974474
    4.975671
    4.972668
    4.975667
    5.000000
    4.876339
    4.875774
    4.874027
    4.975339
    4.973550
    4.973775
    4.873471
    4.975201
    4.972865
    4.971732
    4.873858
    4.975572
    4.975503
    4.975671
    4.972865
    4.971732
    4.876257
    4.972380
    4.976194
    4.876158
    4.974852
    4.961152
    4.973550
    4.877831
    4.974892
    4.873784
    4.975375
    4.972166
    4.971302
    4.974764
    4.971151
    4.975150
    4.973550
    4.971260
    4.878113
    4.973550
    4.974495
    4.977572
    4.974980
    4.976194
    4.971726
    4.974474
    4.975662
    4.971726
    4.873265
    4.963339
    4.965992
    4.971095
    4.974495
    4.973775
    4.873306
    4.975873
    4.975511
    4.977300
    4.976320
    4.977343
    4.975850
    4.971302
    4.875774
    4.975667
    4.972764
    4.972668
    4.974852
    4.974099
    4.878751
    4.969682
    4.976306
    4.977031
    4.875494
    4.972380
    4.975824
    4.975934
    4.873784
    4.974892
    4.879610
    4.970574
    4.976123
    4.975503
    4.976339
    4.975150
    4.975934
    4.974099
    4.876339
    4.974019
    4.875774
    4.972668
    4.974264
    4.877831
    4.975150
    4.974980
    4.974852
    4.975201
    4.973688
    4.873539
    4.974474
    4.975662
    4.965992
    4.974495
    4.973775
    4.975339
    4.875494
    4.876257
    4.876144
    4.975260
    4.977300
    4.877831
    4.976339
    4.975824
    4.971151
    4.879610
    4.875494
    4.871533
    4.971732
    4.971302
    4.972166
    4.971151
    4.875598
    4.873306
    4.974852
    4.970815
    4.974180
    4.972759
    4.970574
    4.877831
    4.974892
    4.976123
    4.972865
    4.963339
    4.876158
    4.975339
    4.972380
    4.975824
    4.876257
    4.977300
    4.877831
    4.974892
    4.974852
    4.873858
    4.972668
    4.971302
    4.977343
    4.974852
    4.975325
    4.974852
    4.874027
    4.876257
    4.875598
    4.974321
    4.873306
    4.894012
    4.972668
    4.972166
    4.975043
    4.894012
    4.975662
    4.973465
    4.973797
    4.971151
    4.972668
    4.975824
    4.871533
    4.975201
    4.973688
    4.873539
    4.975175
    4.974474
    4.977300
    4.974892
    4.975260
    4.971732
    4.963339
    4.975662
    4.975175
    4.974892
    4.974980
    4.975662
    4.975662
    4.974852
    4.975873
    4.975325
    4.970815
    4.971732
    4.975201
    4.974680
    4.873539
    4.972985
    4.971139
    4.971732
    4.975503
    4.974495
    4.876158
    4.974680
    4.972985
    4.974852
    4.876158
    4.972668
    4.975007
    4.969682
    4.963339
    4.873306
    4.965992
    4.973797
    4.975662
    4.971151
    4.971095
    4.975824
    4.972990
    4.877831
    4.973797
    4.963339
    4.965992
    4.975873
    4.965992
    4.963339
    4.963339
    4.975824
    4.972668
    4.973797
    4.974617
    4.973550
    4.975325
    4.976320
    4.977183
    4.975671
    4.873242
    4.973149
    4.975016
    4.973782
    4.975404
    4.872158
    4.873242
    4.975175
    4.972380
    4.875774
    4.974099
    4.973754
    4.975671
    4.974180
    4.970815
    4.975463
    4.979264
    4.973149
    4.974980
    4.975201
    4.975175
    4.970025
    4.878751
    4.974723
    4.975873
    4.975201
    4.975175
    4.972854
    4.972183
    4.878751
    4.976194
    4.873858
    4.972353
    4.877831
    4.876602
    4.873242
    4.972630
    4.874364
    4.877015
    4.976844
    4.976194
    4.973929
    4.974495
    4.871124
    4.973149
    4.972865
    4.973775
    4.963339
    4.874555
    4.974180
    4.872331
    4.871533
    4.974892
    4.975934
    5.000000
    4.974652
    4.974130
    4.972605
    4.972166
    4.875981
    4.975175
    4.971139
    4.975150
    4.874027
    4.973390
    4.975850
    4.971095
    4.972630
    4.975201
    4.874225
    4.975175
    4.974590
    4.875494
    4.977470
    4.978275
    4.975873
    4.975873
    4.878113
    4.974852
    4.975201
    4.977031
    4.968241
    4.871533
    4.973715
    4.975175
    4.974099
    4.876144
    4.975045
    4.975873
    4.975991
    4.975934
    4.871124
    4.972759
    4.876602
    4.963339
    4.971260
    4.878751
    4.871533
    4.975113
    4.974590
    4.875981
    4.975782
    4.977343
    4.975873
    4.871533
    4.973782
    4.977171
    4.973929
    4.972630
    4.973465
    4.975572
    4.972630
    4.975511
    4.974456
    4.973465
    4.975375
    4.973850
    4.989794
    4.875742
    4.973786
    4.977359
    4.874517
    4.974617
    4.975974
    4.875469
    4.978493
    4.877350
    4.977120
    4.974592
    4.875494
    4.974862
    4.971491
    4.974495
    4.871817
    4.973775
    4.977300
    4.973550
    4.976320
    4.977470
    4.875774
    4.971148
    4.873858
    4.873539
    4.976306
    4.874959
    4.974764
    4.975043
    4.968241
    4.975175
    4.874959
    4.976844
    4.973775
    4.970815
    4.971260
    4.968241
    5.000000
    4.972865
    4.974180
    4.961152
    4.876602
    4.974976
    4.875598
    4.972380
    4.971565
    4.975293
    4.977300
    4.973353
    4.873539
    4.879610
    4.873858
    4.961152
    4.875469
    4.975824
    4.975016
    4.979547
    4.975824
    4.972759
    4.975629
    4.973786
    4.876158
    4.972630
    4.975511
    4.975671
    4.975150
    4.975156
    4.973719
    4.968241
    4.974197
    4.875186
    4.973037
    4.971491
    4.972224
    4.975557
    4.974456
    4.971151
    4.972865
    4.967296
    4.873306
    4.968241
    4.977897
    4.973929
    4.974741
    4.873763
    4.973283
    4.977031
    4.976306
    4.977104
    4.975850
    4.972605
    4.973455
    4.973855
    4.977470
    4.973719
    4.974180
    4.879528
    4.976320
    4.961152
    4.871709
    4.975995
    4.970815
    4.877239
    4.971095
    4.872158
    4.873858
    4.975873
    4.973797
    4.975671
    4.873539
    4.973782
    4.876257
    4.873784
    4.973149
    4.973550
    4.974019
    4.975007
    4.876144
    4.973808
    4.970097
    4.976194
    4.874027
    4.976322
    4.975503
    4.970097
    4.874364
    4.977274
    4.974019
    4.877831
    4.972865
    4.976194
    4.972463
    4.875981
    4.975007
    4.971726
    4.873274
    4.970025
    4.973283
    4.973775
    4.876158
    4.974474
    4.975572
    4.876900
    4.971491
    4.875186
    4.975850
    4.973797
    4.876339
    4.974427
    4.875774
    4.975201
    4.973782
    4.975511
    4.875774
    4.975293
    4.977031
    4.973309
    4.975293
    4.969735
    4.975175
    4.971759
    4.972865
    4.969621
    4.874027
    4.973688
    4.974741
    4.979740
    4.975156
    4.974495
    4.973719
    4.976624
    4.974862
