# vtk DataFile Version 2.0
polydata
ASCII
DATASET POLYDATA
POINTS 1700 double
3.28489684524909 6.36753636454221 4.50465150530981 
2.75964152863179 5.74884467220359 5.16906375809085 
3.36070521153324 5.05047134337978 4.18440910054555 
3.87536904566795 5.36249005004786 4.34313890874387 
3.88838082955504 5.57008076397752 4.2681322210401 
3.11627348297263 5.05138244942388 4.87588469168962 
5.81160214817986 0.744549888926159 2.36310676286118 
5.79770749362373 0.59428110062829 2.8083669379941 
6.07087395615448 0.455226996565403 3.20324990180547 
1.39214866196286 2.94730393661485 6.64888336266123 
1.04976810335367 3.24758922788878 6.52776182959296 
1.47346737091815 2.6536392368467 6.32748708464034 
0.786341253159597 1.83485431573968 6.55147820066176 
1.04377959406611 1.83024633404388 6.83160086948247 
3.35923758025973 5.46854777793383 1.1730042174046 
3.31221522299712 5.59036113773422 1.1718754834006 
2.79620477464162 5.55342765795203 1.22496764854248 
2.30997795300839 5.78644978424965 0.698064008216492 
5.04223261663615 3.82353551380668 0.0552789141518635 
6.19561547362553 3.26929611406796 0.416105917100248 
5.70785254860923 3.20340459044298 0.588654368878856 
5.94754639535749 3.4393968222609 0.842615161812903 
5.47533340350698 3.58477341331629 0.802641363140219 
5.66214475368541 3.89404092035145 0.854244397962291 
5.71269390282726 3.33056534498886 0.799306850788916 
6.25597429211963 3.35913473224561 0.522917708712461 
5.91470003579481 3.81623044944242 0.882702777084827 
5.18374431365767 3.51289193471397 0.398025695642177 
5.16386083719076 3.62859917963726 6.71967711563298 
5.2157548926428 4.06701487778651 6.78935244449115 
5.09580307764258 3.99001894095121 0.0563408260087631 
3.03930956035791 1.0763397533161 1.0751312092095 
3.29338840086113 1.21984349782426 0.421678380983154 
2.04630617673362 1.6695932952537 0.691059929790961 
3.35068310066858 1.54404597040746 0.686211664680581 
3.12829170318525 0.944983348054164 0.583299513572172 
3.17057387337003 1.46530297423362 1.06187398915167 
2.75183557097747 1.79605969979229 1.17189632844137 
2.38806230871689 2.10275755215399 0.72559751902042 
2.65961800262791 2.08431787377781 0.93798046925539 
2.47303995074918 2.14112700337261 0.604879416368159 
4.77479722956123 3.44562504855886 1.61578021305102 
4.7105040664075 2.11303869023606 1.63013484982872 
4.45136820651399 1.93259504961456 1.75399992848374 
3.52914758436847 2.6083147019695 1.53512589029132 
3.62317535680428 2.91342359562831 2.05312362977024 
3.91193424305649 3.30252967385511 1.89141337279156 
3.74171133814996 2.10079528522686 1.70840469620444 
6.42723386087466 2.036744372718 5.13548957612401 
5.92092161717408 1.55554296160784 5.06245643325564 
4.36040551017862 6.20263304916947 5.38639806675691 
4.2872768596452 5.96275733638906 5.71757511365847 
3.81212611468749 5.04448904344215 5.30844406512796 
2.2546123443936 2.66820912705979 5.11820513897151 
1.535846611267 2.86388089457913 5.63884833385353 
2.3309477054389 2.77147389707412 4.8374261274493 
1.86437458611209 3.07879157552005 5.57403590956955 
1.28723156064787 3.20370056569948 5.60110561875495 
1.76505088001993 3.32005988292753 5.53698047269991 
1.27016446968495 3.03778177897566 5.61358111230131 
1.80131347772838 3.51275352527154 5.18576499688959 
2.08039449253257 3.31033914673826 4.74555761372388 
4.40102094766096 3.08561073980196 0.593131014905304 
4.06963768777924 6.71757289526826 3.66345392262365 
4.61007004820395 1.58733963495933 0.454219149774838 
4.53967167488936 1.07117273794042 1.65154687654421 
4.34054091245118 1.25349825831244 0.617667618266348 
4.27332711892731 1.09373421088544 1.40945139035293 
6.29874201893795 5.3596226168389 6.62531400971191 
6.36102873551239 5.38853043083541 6.07358794271581 
6.65281074117976 5.92222992023583 5.88098729290973 
6.58256754199278 5.10009172995202 5.90052179569188 
6.45966535250573 5.04994046422337 6.79080052960451 
0.445983647256644 0.850328598808984 2.80289034848005 
0.378512161027509 1.16025703694564 1.93004276735147 
0.232147904235438 0.978541023543128 2.1677325619864 
0.926627157128525 1.81071810511622 2.80831389723408 
0.827431940799912 1.20211097180603 3.11233017765196 
6.22889084064254 0.513005256029832 1.32338810431542 
5.55660905539056 0.703453608246865 2.31883620912773 
5.03086683268937 4.71645775596131 0.832619199243858 
4.88995737272335 5.78791146664234 1.0544531437116 
4.64580416937135 5.46455610671545 1.01485103952325 
4.51446845060358 5.39356704480986 1.55663767322026 
5.37552425915595 4.5484087719783 1.19941844730255 
5.89687077130315 5.4297487363952 1.11057807050739 
5.46052281336039 5.52945627674506 0.689632383356877 
5.68777388603065 5.61133886982265 1.55893646906023 
5.9456059086714 5.15087207433864 1.06965976610812 
5.39178057571078 4.61917923340679 0.871729045887528 
4.9061904188224 5.15909865529194 2.06396975969786 
4.65189546357084 5.07849264166822 1.74831477766294 
5.68972212127338 4.79012070562427 1.49679519635344 
4.98273724133497 4.63386045297362 1.22293159328659 
4.95362922265754 5.06090422329415 0.676544428666413 
5.40743103867074 5.26000458679412 0.555118957677799 
5.68272685027541 4.96938104413274 0.716089819006493 
6.61785441086589 1.27245652227548 0.96467462134114 
6.40610025891026 0.794298916681959 0.868250000870269 
0.790671926881 1.53280859879854 6.13078449854912 
1.47285133893447 2.61481690252051 6.07243611732695 
1.37782159180097 1.45288365504043 6.81759879894623 
0.863394208847484 1.84968765533477 5.85089773776001 
0.488463281684119 0.747876306721863 3.66855417287613 
0.910780192710685 0.279026095470437 3.90001130645873 
0.782193819893224 0.255548584535594 3.88644330437955 
3.18073322813048 1.79371649288618 5.04679078564973 
3.1505370135645 2.54006374969814 5.4368773874637 
2.36681264082406 1.56049740273846 5.09299038193358 
2.97268354606797 2.76282039892719 5.34273578519366 
2.67023964699895 2.67457655674309 5.4914142548247 
3.34154275580159 2.27936327055795 5.07839387168776 
2.16824367648494 1.7899821855822 5.24155419175241 
2.68082047920369 1.4989413255124 5.41131656747322 
3.07180556117596 4.43613392580524 4.96115968298837 
2.71120283901692 4.51903192875186 3.69499334871 
2.21358697986461 4.35094155270679 4.28635114464532 
3.39009455134392 4.75046620106387 4.00460985709626 
3.29095685774289 4.43479045376964 4.19144663153461 
3.03820420888827 4.65399393978178 5.09536729680119 
2.41319933517664 4.38307877694497 5.03276385547496 
2.59552161161031 4.67051066533097 5.19306428393041 
1.07743316508756 1.80935771460151 4.91131188949488 
1.42311904349649 1.21649456897157 5.25064137320712 
1.82924913423374 0.980516767783183 5.10399729303758 
1.74397773632431 3.08050403503632 0.400209819402829 
1.49569280818222 3.42955280355012 0.715127753424259 
1.76805398305777 3.54878467243452 1.04996064882279 
2.03178456773225 2.40597150175486 0.817520208272864 
2.0226894744589 2.63800905274944 0.523568463268252 
1.76906154156778 2.48864123523472 1.68107319758465 
2.4009172356626 6.57025699515412 0.458272622490876 
2.16977925682865 5.8965629498074 0.75725819130231 
2.00244991502846 5.68350869694815 0.648587203660805 
1.69245300327942 6.59556481763074 0.387153332257589 
2.11849284877526 6.4634889119159 0.64474551381147 
3.5642257878438 2.63731854289814 5.99035561255082 
4.32276719731422 2.78046724152212 6.55112257728192 
4.04609420436067 2.29627847626954 6.11009830827052 
3.5767990168608 3.14905644985294 6.24009662711622 
3.99541889498494 2.00541631679951 6.22016089655048 
4.02599327812656 1.88470454586865 6.61780145873803 
3.54819287431828 2.71585165015748 5.67001307137119 
2.71048047696021 2.46700568665886 6.4902114264449 
2.75972105501807 2.89699334855334 6.65118904224401 
2.46812188976816 3.49600502507719 5.94410361445128 
2.32088533134764 3.09962987964952 5.90503487408498 
3.69010870894681 6.66049922503588 3.64106103028676 
4.38558715620711 0.198212803242623 5.52789124717655 
3.79966755939912 0.203469958805287 5.60256120255707 
2.95576489818499 5.75495347463545 2.27282723824352 
3.99428703185676 5.48764805702836 2.92152100037768 
3.56439655122486 5.62548973501091 2.16395714827209 
3.76482092939647 5.9268938019004 2.4107979777921 
4.59100765506702 0.347767822436433 5.37354875252768 
4.43843849872944 0.405587899801581 4.98365567790008 
4.79199272821384 2.92807747154583 6.38182929245487 
4.66294496065331 1.47756506187902 6.65968102384915 
1.76759267486423 3.88137027835337 2.14828364525472 
2.04804390081675 3.53549906967407 2.23175539653778 
2.86395894297194 3.88825386428533 1.63735841716025 
2.6932062574096 3.43846081098173 1.2297745023582 
2.68376170405093 4.28048335523998 1.52437510544704 
1.68608850453944 6.33845265832172 3.76195162293165 
1.29281438640493 6.9519403328266 4.68691474324933 
3.57044046808095 1.50825375020297 1.4479562726289 
3.46728939583873 1.83446271958771 1.70767608264541 
2.89989598070962 4.66304448319301 6.12133420519856 
2.06594742547571 4.1844624703871 5.78207551937291 
2.67396515355241 4.6364316549886 6.1635949581965 
3.11152389492726 4.36174961604001 6.26369314065082 
3.34025731497996 4.46908148799125 5.3196158212546 
3.36049765318944 4.16226008498554 5.88070633891425 
3.2115306371548 4.6552859229817 5.31989840166197 
2.08392494361972 4.08962237436957 5.38129563052591 
2.09218348944065 3.86000398163502 5.93704073768181 
2.13374603805422 3.72061843738151 5.77770722127513 
3.0333254542114 3.81534691282448 5.20923104226031 
3.24004580239944 4.29724092558124 5.07722942239533 
2.43632116744219 4.64208102908447 5.90400173893011 
2.1330889100491 3.91672586908905 5.37309406232598 
3.75012575260476 5.36663510594135 1.65760196713441 
2.59137774969023 4.72047924066659 1.80391677526095 
3.72738390152543 5.08971623003532 1.92683753953628 
2.41932769167573 4.99459832463202 1.68527477904488 
2.87586351897065 4.68366911440369 1.59453895075934 
3.37557012457722 4.71325348005079 1.97370038230322 
2.61722461955887 5.19464808930036 2.54769730999175 
2.14256441351977 6.17272646571397 3.25747309741136 
2.97632093201616 0.228020180810919 3.35745041849636 
2.16549012224661 6.5104912601368 2.82810635136614 
1.77045468705256 5.58148788219241 2.6149588862269 
2.09401736684532 5.29828642878458 2.94781783255122 
1.91957354320598 6.38701403576343 2.54360913331913 
0.687723759543835 6.01469789282897 5.85834751101088 
1.2161313163069 5.3729292010913 6.33482955179945 
2.25320334568595 0.671590971974982 2.35641191249741 
2.70824172569413 0.498949301123717 2.17359418042544 
2.47968111677404 1.15488559233135 2.21800337233653 
2.84632609038962 0.820751605359082 2.09926947174182 
2.78453938986951 1.18337656061994 3.44883312733002 
5.31372758062983 0.682914104096681 5.60910973191247 
3.87058979083004 4.7574084294628 0.723573742569353 
3.50220021382006 4.60461294952812 6.68544945783883 
0.693231823084668 3.68746032419982 5.72170623094014 
1.18573464669917 3.55667454849896 6.61353125491678 
6.52353301581545 2.39315868389921 4.58304090474961 
0.152724520016637 3.25893029547705 5.05557324172164 
5.87197401435633 3.40338800249929 4.30957790875203 
6.4050543479689 2.63845067563561 4.94960343103329 
2.97999792096846 0.754950475439529 1.53090356862197 
2.46905414121729 6.83812943448465 0.912525860962927 
2.93112117463481 6.89414292189986 1.61369065091537 
2.60511673484996 6.82630630254753 0.668141220679088 
2.90553180743697 6.68420515828253 1.41613740767445 
2.73907388329581 0.201723504792838 1.61645720959432 
5.64427747507128 1.17013517156018 3.97525773791375 
6.19532528020005 0.157635490402805 4.09420622291042 
5.87475560504924 0.205419740552955 3.69935070710805 
6.3998840757175 0.65846600242974 4.38988031337829 
1.94673367304078 0.612024438990805 2.13860787725793 
1.28442431576737 5.23926326297837 4.94919927429045 
1.29670881478687 5.61711998574996 4.92719842152335 
1.38486882477029 5.10288076074307 4.76598254478524 
0.749122727948355 5.89314684337643 4.73052930392788 
0.666659549486732 5.60338581503277 3.6325628510984 
0.918838863355858 6.06391863199538 4.3725913080759 
0.950542748631777 5.69714110237129 4.98557769787843 
5.76798128243023 5.11131751405901 5.69096343282242 
5.20802195002065 4.98310008575074 5.62133689239111 
6.14512936336796 5.22263117126065 4.72617397843848 
5.53945940008363 5.41724218603679 5.55018539413183 
5.56101759653808 5.59054894708229 5.28152003930824 
5.62602736408847 4.9136966034082 5.75129420655976 
6.21821263261829 4.82966995777652 5.48131287384073 
5.76308673572948 4.63517906825861 5.64063819310347 
5.18260440834502 5.26626586271245 5.53911320108444 
6.39099087746333 4.86942755518591 5.11970974229844 
5.11578877051324 4.75645323574131 5.42093926158029 
5.44575945327638 4.4451884905451 5.37404794288085 
6.19545507342989 4.70997957186141 5.48746514106685 
3.99606691166662 5.25362946793367 1.56199656549447 
4.39761956109251 6.11972683323428 0.681786902879711 
4.82062837823694 6.06725882236909 0.932794522502062 
4.26463614972152 6.29048865784258 0.792891577398586 
6.79649423133837 6.52608316438627 4.93933494442153 
6.90499306503145 6.31648727945517 5.01071994844733 
0.821991003622803 6.48592589002086 4.48977652702426 
0.613603322411118 2.89201269253751 2.10417066853572 
6.44889080390119 2.82753835468061 2.7925071936298 
6.65984257581567 2.26206837693191 1.73005423086511 
0.542610699804141 2.89473040896312 1.8639162198036 
5.48825860744807 1.59459240341706 4.85553146524846 
1.71582202267851 3.32747624262789 6.86480670728859 
2.62008864284865 2.9716829824914 0.225575530574307 
2.33530109170245 2.47932894873019 0.358783136500841 
6.10094300898855 6.48737092813171 5.6463567698068 
5.93205285753881 6.65473166217974 6.43660142241441 
5.59319937931131 6.25716331628587 5.70413853469028 
6.24625734095969 6.70036910700557 6.04979706923644 
6.15302338060141 6.77205707360248 5.40312394359489 
3.66735699362413 0.812596120602907 5.94161219603866 
4.01719556036515 4.0394402214303 2.26441392131106 
5.4877469566463 4.09485108135406 2.23765356250928 
4.35937208388254 4.35091970088615 2.04772865991244 
1.2178840621277 4.56375403558485 5.76592964880548 
1.17872310461503 4.81268897505554 5.74512178569758 
1.43524095869412 5.11123686197254 5.11264782100924 
1.50810839002592 4.28225230383812 5.16405776973168 
0.457434443121174 3.50174518887147 2.7153418826165 
3.17884348987558 3.86733638763989 2.8369005821768 
3.84987319422571 3.77171479792808 3.68683151886107 
3.42340908411313 4.15758713732102 2.73243898849678 
3.13815602085273 4.56033266600806 2.84111100710933 
3.59569189156576 3.60834244997745 3.21439064508532 
3.6089319826797 4.19776728581591 4.17246321711929 
3.6133181257876 4.70923316693669 3.20650582564189 
5.47165429296942 4.17976906140908 1.30106783243236 
6.48582836058996 4.87251475791959 0.442847832430085 
6.6286369979577 5.00646646296846 1.11965190989877 
6.32435421042153 5.47536066399943 2.3192163889106 
0.371937284510634 5.1427090949739 1.77972519345359 
0.474002660997628 5.65485571174149 2.87338705747959 
0.679329930314646 5.6369266325828 2.43836523434569 
6.80241933919667 5.13471474211344 1.66066106638414 
0.234169412993675 5.08109421332122 2.88427113851116 
0.429070809120467 5.7275703871381 1.81318916733119 
0.349012990465274 5.44370374687069 3.00643633399394 
6.54200276171129 2.70768617203219 0.297479803288368 
6.88866786842949 2.68948437496974 0.608235278992733 
6.77722290221042 3.07445998029758 0.811106695838274 
2.11761669874412 6.55097693493537 0.851869291234331 
1.04614558119922 5.63282056949785 0.61020566611114 
0.786796433496176 6.0994881987896 1.09878621521824 
1.59242963458899 6.67636428243513 0.472968790533846 
1.31981210730175 6.4993229451336 0.426344097496972 
1.79144524131534 6.71699342398545 0.922488865471387 
6.67548086865784 5.05554702080724 1.14218597267059 
0.349976990183623 4.88529778912917 0.920589117173398 
6.60428224686252 5.27259289497149 1.081314114021 
0.958399631969369 2.31571747630788 3.70449148191725 
0.581687701618425 1.74481697401817 3.07257693934481 
6.23951419541914 6.18791975758975 5.54092528039239 
6.38792522326737 6.51105519304589 5.08877274036845 
3.63922488199943 0.973288367770689 0.289368980182798 
3.75250393533888 1.02498193613015 6.8658950245456 
4.3484512854824 2.52645771517649 3.35279594383815 
4.3444763872622 1.98506601010517 4.43610492996481 
4.84442707182171 2.00406158699723 4.18201406362593 
4.89251004089758 1.51074800592244 4.02887763421568 
4.01773356294136 2.3302195383116 4.20242120923726 
0.879739294324751 6.55748618793599 2.16084285297734 
5.78162909670352 2.37622670436207 3.01648863414793 
1.45154344650438 5.42782043942956 2.57434362645038 
0.618368140197704 4.37831534399362 2.13131102403282 
0.60916721131828 5.4927910449168 3.1923718758001 
0.487545183531027 4.39369231381801 2.20363878408045 
1.40402479211978 5.39430522800808 2.39829317122369 
1.93039539945625 5.0349987244177 3.06130866637741 
2.31370510079028 4.85725741604972 6.02557880724573 
4.63154440287494 4.46845671921034 0.444529593446144 
6.09781204890589 1.61609777050332 6.22215501898413 
5.92336292862824 6.37881184748149 2.00664260099485 
6.15851534204523 6.56544939701816 1.03539163490522 
5.97829789637072 6.14795902294118 1.63116324784446 
5.47998262270219 2.58604955450256 0.86098902105311 
2.98735538949229 3.49367818713927 2.30331540218912 
2.43974748923005 2.31866820353743 2.12357653091661 
1.81953989714846 2.32861147204483 1.82833135757976 
2.34465950078214 2.27812354211535 1.83417324269355 
5.12428018034692 4.77833488160152 6.59532201378216 
4.94897725513115 4.36601673487913 6.68093185408838 
4.60584909292804 4.52273244354341 6.01636438008021 
0.90632190828282 6.10723238630614 5.43581391559573 
3.79615271001983 2.27397430313075 5.17638928932399 
3.61421739460012 1.24674864496377 5.77091769081667 
3.88840538402199 2.52120885651803 5.50588836906602 
1.00230199483256 4.24198094439334 0.650349413688104 
0.857748343043607 4.68805517833746 0.173054658204009 
1.8158646255117 3.79064913540955 6.71689661588228 
1.60585991765962 3.54361272372731 6.85670792795338 
1.99538144809408 4.57759121550625 0.266482512540374 
0.701639009920722 4.12080737812521 1.66265894216181 
0.402952540566638 3.62664050328196 0.972122942857153 
5.85328581835965 1.98010807984531 0.746996755587185 
5.73420216141129 2.04458201171643 0.934163750547524 
6.11741636815517 2.94652787628367 5.924119645889 
6.1043790166019 2.84937681636474 6.07282821093463 
4.78250297981996 3.40787090055281 5.91039996466785 
6.06793294703563 3.40396169210734 5.88210913229908 
4.73323630703914 3.31562768396033 6.33130564158927 
5.78618339534842 2.76885421146233 5.73347275714577 
5.3954698580962 3.09765434171555 5.50846034619993 
1.44500955959862 5.02727390135616 6.03670025049794 
1.63133457554467 5.88452917371307 5.36058427236319 
1.84975466967113 5.47901244539059 5.5885362303491 
1.83404643447194 5.44049802610326 5.77219137028681 
1.31513296399324 6.18011904369091 5.61452133382983 
6.21007050319159 6.45199364016909 0.690569769183428 
3.67813144896037 6.36883361071549 2.44028410817785 
3.51947716444442 6.78432079981913 2.1512358570126 
3.86299185646093 6.02860775943066 2.33235911802233 
4.25405071280616 6.65896197298821 2.63036808652279 
4.32413186304746 6.07415493695286 2.46966981478976 
3.8975605480591 6.71676032148433 2.61398256309982 
2.36437219370189 6.05484706039341 5.34508193606785 
1.91895477819111 6.13132435115786 5.21960305237186 
5.40168198639635 4.66441345356463 3.2470591109221 
4.93849980791979 3.6549321407652 4.19274333546008 
5.14711313691667 4.80187195942168 3.51591839806725 
1.85697571873242 0.654395376834072 5.43085009839377 
1.34319969043919 6.88267095174445 5.3831598858374 
2.29178051270989 0.595873862491279 5.80431676447462 
2.17840648023553 0.679634271305026 6.0585020703049 
5.41359321680172 5.1552358985183 3.29769245714053 
5.15941617429403 5.03220804608577 3.51272152107475 
5.43023568600226 5.68513622541966 2.86742049822073 
4.34857527082142 5.35125677976654 2.99456896180161 
4.85431234832443 5.70763748363748 2.6200596999907 
5.3012658882606 5.20287756371993 3.78531464410049 
2.79230189848226 2.00341061446681 1.42755578001689 
2.52192713617059 1.95112824398143 1.77189307547259 
3.03606889087813 1.85919095845259 2.35758419724135 
2.67000196338792 1.94129391497582 2.18456047110733 
3.03803728995428 3.33510899796988 3.95804752158734 
3.58621847836267 2.17448953813647 3.60131224566999 
5.54871624449718 1.85281456841691 5.8107203747697 
1.94406799248152 4.85024936200613 1.61889512645284 
4.20655340539331 1.03284533363386 0.419591566105035 
5.83497146256621 2.52343897415689 5.29255274437767 
6.35984630158691 2.51916961506339 5.14404378749646 
4.71283755902692 0.799798358547917 4.5462679477374 
3.40786774914549 2.13518667703264 2.59255296718561 
3.55790419699345 0.55147860192199 2.88967797426834 
3.83944493637127 1.732021429573 3.1750976129354 
3.96103204320452 0.901857800700487 2.99553066749241 
5.17334254126379 2.12731510504873 4.43069646881709 
5.24725436333497 2.62865068390294 4.7257618090355 
5.11967579932226 2.22305794407286 4.79702557022922 
5.29743108303776 1.91495474710016 5.06127444534088 
6.30136059266928 5.45436229226655 4.64368763890392 
4.52485677837075 0.824335069080883 4.88892250982266 
4.75205072547415 0.780032432368234 5.44069492840886 
4.72445999730142 0.971184905620183 5.15567898782413 
3.44595697534883 2.72753866213001 2.54506295830662 
3.66152649983796 4.08147418481841 2.14980604213286 
3.53887341603707 3.84733032464047 2.00323441353526 
5.79587569326645 6.22903853474635 2.52145067860892 
5.85902574306668 5.85713267508818 2.63435217543804 
0.241087524949469 0.865643756936733 3.95209679215442 
0.728026440927373 0.187650995704296 4.10738537241498 
3.86101388653857 6.92834734522144 3.09158565886816 
1.4789879044065 1.90833974849987 0.769873903456707 
4.18275368446042 4.96239415194312 3.00595737183818 
5.96127579827875 5.81288935918022 1.60626837417663 
5.98508018592352 5.58154026866336 2.29174902877118 
3.05263300820667 3.07786930986763 0.430624597759933 
2.38976488703041 2.39777398814254 3.32045865609874 
4.34774367694541 2.77685864695984 5.085329120587 
4.11771344639596 3.45614331163991 4.96591343800686 
4.33532442468321 3.5974955928597 5.66030878307978 
4.29614068723061 2.83026908204282 5.28791406128143 
4.1043102106255 3.29328358234326 5.33663671781971 
4.65265978113263 2.67818382438952 5.14129820557756 
5.09835364550372 2.85119943303418 4.82313007253311 
5.4287441548822 3.30850040752285 4.83057796303005 
4.90600578265889 3.50957463710341 4.52597502706556 
5.35230193774625 2.97256120931858 4.94088663605926 
6.10293832051964 3.74214004915302 2.99747899801742 
6.14660976245648 3.29688803620859 3.1456452999382 
4.49304455508468 4.88131654516154 2.26744528393881 
4.18596961875302 5.15372808923465 2.87611796482195 
1.55224876596374 4.15923763822566 4.13499662102614 
1.46584711784538 4.29856740974334 3.88216477134648 
1.31634550194254 4.04627303907071 3.63131497986796 
1.47776302806824 4.50017639828864 6.04478316235102 
1.59079400956744 4.81672462003752 6.1783918127696 
0.929831995444875 0.2083427277996 4.16764250181212 
0.185428364817921 1.82189991586924 4.49156265063416 
3.87836104830753 4.59809122998645 5.33899285874752 
6.35242918559838 2.37395818383606 0.303171410433866 
6.26972042113487 1.90289108254369 0.886497992057744 
6.53592887980266 1.4309521622632 0.753020143303092 
6.57897755575773 2.13139067816643 0.615751965881461 
0.685604782324693 1.95686616510537 4.97388788157853 
0.500559825785326 1.98234932487216 5.4571070183468 
0.416197030756591 2.43526879135344 5.55257931809053 
0.624001932767046 0.778412824270569 5.08157868996827 
5.52511505939993 5.82634271491284 0.387169596601993 
5.56196951684851 4.90464674493659 3.15084224219618 
6.29413171065701 5.23463643316533 3.66162714435276 
6.62743901892383 4.84204166783496 3.95846709059047 
0.256915108524694 4.70668673375292 4.05066261030302 
6.77709663460067 2.59478352891302 1.13895550219813 
6.8910764255128 2.47991078547085 0.761999592224398 
5.70843324763386 5.87011822682186 5.58366468881413 
5.92441422914657 5.36822032972159 5.98705755238478 
0.303341125608781 3.87952924734333 2.69003161850917 
0.220738969152736 3.97949884248084 3.00398495030516 
3.58180282033631 0.721955417011395 3.96818631072964 
4.33853568305824 3.64427288866441 0.526671931456887 
3.99478159212257 4.17763321980416 4.80634874890558 
4.37347441866809 4.82484889330378 4.75906709433785 
4.64319987723001 4.39281193943229 5.76441400858516 
4.27242202039776 4.4259850385607 4.46429371962836 
4.26357699432251 4.3119757441292 5.62979067772343 
4.0414857226545 4.51069838650116 5.20014551973706 
2.46581922719402 3.59164310678303 4.64709070340328 
3.22080380276405 3.49487613475502 5.06710248949647 
4.80198747410536 2.19703290774548 4.97992090337368 
5.5360812073217 4.76217326404633 6.54468387544548 
3.67938179356242 3.59193448811427 4.76714267888691 
3.70436692556276 4.08040027529713 4.70324811815245 
3.61202163373296 4.35711734269355 1.8776833216486 
3.70926849219701 4.1853079595114 1.10171182430498 
3.43440743431697 4.1735495316637 1.59714284054542 
2.89285000185585 4.46061488357837 1.4688403292852 
0.608624296461991 0.668455991835864 5.03746603244076 
4.35244222952331 2.05616247560152 4.78117834356493 
6.5663280218502 4.59810711576833 4.14497614009128 
6.51773773317025 4.13538817130498 6.06508917058098 
3.03207618132122 3.32606353295376 0.563127468775835 
3.12403549615103 3.27408713018476 0.945652215585939 
2.34962369374383 0.628807452457605 5.8063322543404 
3.76947005313319 3.84128193122842 0.991929282099676 
2.32257121814663 0.757338590225286 6.06792878032217 
3.40177553104306 3.98340698102819 1.64032636001322 
3.64235144434669 3.64684514517287 1.20010336837685 
5.30653273796418 1.76270630478392 1.02654473849184 
2.81208670322976 1.0356105197348 1.15252397673323 
0.632774229198368 4.33211314206028 1.0696846965493 
0.350229144855272 4.02341465506918 1.14352715510598 
2.47716505724564 5.80881427648903 5.49105905406493 
4.39592854014234 4.55760019410052 2.74569568100933 
4.54223571350023 4.62914085808014 2.35968829159755 
3.10862822245275 5.43344079485073 3.54482821204574 
5.53217209149882 3.93711106953964 2.36163510702883 
6.09591622623514 3.76541611389844 2.63393128193645 
4.8507439081676 4.90683064597672 6.07624037503872 
6.16174024530058 0.748735444206208 1.17725140494941 
5.31738106452144 1.33597642722618 4.25638280526767 
5.49320710883952 1.6703910029598 4.47813590631745 
5.0851067197641 6.09391725652224 4.01627607821487 
4.93476587651656 6.38751242956846 4.41624980935611 
2.15961481323774 5.60073761340124 0.598347845701429 
0.674907793378286 5.37614722197214 6.24756914146031 
0.511972393155977 5.75091427049983 5.95495248950769 
6.58982792863252 3.14184349561113 3.85040752088072 
6.66595446177735 3.23322621148325 3.47244088873861 
3.24069749707812 0.817810784734281 1.41807898043615 
1.99357306948815 3.36657531756398 2.54630773092053 
4.10124299736587 2.26739100641045 6.03169776299282 
1.56248632804612 3.91560007184133 6.32209555534048 
1.37389428553812 4.3065710056928 6.29844095809717 
3.09935135498945 1.78729140527269 3.28592432515017 
3.04077855083271 1.92480441979293 3.16004964854286 
6.51007041231415 0.224721102873552 4.04288661717555 
6.63965121152288 0.485870973774578 4.21608424039993 
4.28645537331994 3.71700927864804 4.98750674569031 
6.05967931590858 6.14530103173043 1.75094073544177 
6.07949936378428 5.8368410426685 1.78851902292113 
3.429436130169 1.7276503232176 2.14681608748143 
0.423610555408337 3.40917023112259 3.16453798805035 
0.755743802090361 4.72592485112942 1.98922078144582 
1.37754075191395 4.9183400326414 2.22065404824809 
1.41652235017572 1.77047511140974 1.64593452634618 
1.2124969701866 2.28181344870227 3.81193706081363 
2.56705488626395 0.753205441559681 6.37378251587943 
4.01830824391156 3.67159453025736 5.9791635576751 
5.51215519300867 3.4575941992074 5.52398804257605 
5.52713900893679 3.59782700766657 5.1666604269037 
3.2367201884402 2.50192752620266 4.56801498789238 
3.87480627713255 5.43337340539369 4.64768050516632 
3.24262848325179 1.29253075805341 6.35440273154617 
2.331918854226 0.27828584257489 1.10560260755707 
0.901345916970476 5.9133603296363 1.41035443001381 
0.811361607049344 4.32926565194833 5.85541934280083 
0.712003586898984 4.18258397679763 5.70850659899876 
0.107273946228902 4.42612374683055 4.25463118559681 
0.221564232167828 4.34442847870973 4.6666926187395 
3.48968171126649 1.07995468526181 2.10911068127373 
5.70469724359029 1.84987769644951 2.49396221694118 
6.55360483048882 1.8459157060094 6.1854669207441 
6.62098109182002 2.57082763143163 6.16249432263824 
1.10399368005333 0.384730728840494 4.53667940267654 
0.393631681115763 2.30045566769267 2.70044934467117 
0.584821014454483 2.315792003515 2.36843076489043 
0.67654926246961 4.95649080123081 1.41056112988108 
0.435143676750804 1.69291262521669 4.77780425755276 
3.93509405402841 6.47654779013253 5.1925774117407 
4.05160495909404 0.106389361593315 5.32475631655148 
3.54799345643684 1.23464543509341 4.42141841234047 
0.829980071753325 5.31950598402789 5.03187900652459 
6.61835932881853 6.68979344186238 4.21194563997684 
1.35798506314299 2.17886192101546 4.78518688474403 
1.48632955359957 2.18214009937837 4.55675457686849 
1.21769013844552 6.1017812401783 6.00750815013413 
1.4508445569448 5.75930243539181 6.20096704632437 
1.39753412311609 3.35581555960594 4.50963611942955 
3.13309719236407 4.86636843092078 3.71068034223331 
3.35490488130517 4.83345731114041 3.16520388312399 
4.13285487015243 5.17110922040798 4.24910951811329 
0.852057745368385 6.26901721927831 1.08676092673361 
4.73824280613835 3.24335849686064 4.50678843340845 
4.27412786536653 3.17099671213791 4.74796724311173 
6.86451142977462 1.95721341621599 1.90313797862395 
3.95699554780438 4.36007603919882 1.11529531719063 
5.24783898526522 1.0472665011514 4.9070278671608 
3.55959531048576 1.40784332881477 5.14430789579363 
3.69587989448911 1.16046366812714 4.83304105036708 
4.47337079901501 1.02501015679924 0.804356215739732 
5.97945550823851 1.73002150832952 4.29414487135534 
6.45394058519232 4.88723418957413 3.45219506903765 
6.29606632273067 4.72078983025146 3.29892384140596 
5.63403551093113 2.75702004712754 3.03216022611612 
5.2602262383027 3.79242029665848 6.5866142674059 
2.96884972310907 2.90720169489767 3.79128503201042 
2.59105403824814 2.88330458648889 3.57867936517157 
5.77002244966854 5.05634911103385 6.8184521595842 
4.22022369148611 3.46814370534244 6.45989503682869 
6.25432008812476 3.99136770747044 6.56379908330321 
2.76060333654456 5.2824023772597 2.61198811501486 
6.02010095081697 2.23618660560145 4.04320718858931 
5.64371211149495 5.64280983420934 5.7674734129116 
3.64595228235089 6.13073011248764 0.896608795981305 
6.52552513566117 5.41501448336509 4.11767681153319 
6.42414820663847 5.16185798267611 4.03366771247647 
1.03543791607137 4.83563033419914 0.150964615932875 
2.73155304672274 5.25217177888328 4.87849585349539 
2.44749370471256 4.99129582369802 5.06145143713257 
2.59074178375505 4.21731240009828 4.91021000597214 
2.56769390450295 3.94582426578683 5.01528660830479 
4.06900613205223 2.5923538900572 3.52084293539689 
4.23587911304608 2.65848543970009 3.79738448108396 
3.48294771682102 5.80713144562186 0.78335632058388 
1.21170990368782 6.79403177756221 4.46623352657638 
2.14263201592909 5.40426431496921 5.76037975074265 
2.14681238289013 5.43622108438625 5.61112995944528 
4.30889560340912 3.41050906697422 2.70931129564385 
0.987605727994266 2.40376077949981 3.42175197826991 
3.62894384511086 3.38549511432989 4.46478680354035 
4.02583946984761 3.07838384629777 4.45747530440209 
1.50839674001416 3.79509354440647 1.66865933297621 
5.32263241679048 3.85078146327871 5.18508356399243 
4.81289032655163 3.74003608779908 4.68929125353755 
2.77443259994698 2.2447183470383 5.78106554793102 
2.8640234827913 2.21990249475963 5.77411704137061 
5.8657302237031 2.30135437160099 0.42279491856168 
3.57228687858548 5.74230071296065 4.00759930178412 
5.08409595794849 6.31425666854537 4.60359357021349 
6.08391558689786 3.42894818010285 2.46816321825872 
6.11702058769313 3.10830897772328 2.89683675581942 
2.21222010251218 5.19443186884235 0.73261128993359 
0.993785801336088 3.77867448526639 1.8102586251239 
4.34274330694253 5.07245399691583 4.68966259252198 
6.00952523368003 5.75057669085421 4.76453447903224 
1.49255972689699 6.53249257147047 5.60241374695731 
3.29544465306203 2.0735609974372 3.14594736401566 
3.38666862640187 1.97304213282329 3.26507670454738 
0.58774263461417 1.50649201254342 4.67105207894206 
0.526616073923563 0.819512737336079 5.03726022703419 
4.93210942893177 4.92241517469611 4.87171726398571 
5.45730030814094 3.47023055492581 3.60313737031478 
3.03131010013979 2.4067342156103 6.46097329589904 
0.951749370860159 3.19552353967973 6.20413956495335 
1.04696510290047 3.44365211423278 5.99830860257615 
6.64789214082858 1.67941528739878 5.94114234233897 
6.81003431757573 1.9839983555445 5.54017695588367 
5.43466337458805 0.576505338062475 2.63107768769991 
3.04669609445755 3.58709252955383 5.62621201670454 
1.2507578018737 3.77307203893203 6.31357232104599 
1.09794528435969 4.17835735977006 6.29307007601131 
1.31237144693713 4.36347991949021 4.57189848429771 
5.58777780580431 4.19020455534046 0.56207777101633 
6.01367455252805 4.34238629895803 0.279377151901857 
6.43761503400756 5.15773829803579 0.96993187103113 
0.345364989781508 3.92310710827378 1.40230547907352 
3.12518825851307 4.98380779458251 2.62642316192791 
3.35420018620818 4.97768699208771 3.09540446054126 
2.3297690115598 3.6346071403944 3.22790862040692 
1.08280610538006 6.05196775088133 1.60191038556376 
6.37319260198578 2.49576347824405 2.81994363353882 
0.60918121297824 1.79100969440509 3.7317126167025 
2.29409496188799 2.37362522585506 3.45408419804815 
2.32651639716306 1.50394872509619 1.64039358053375 
3.53536316595347 5.40854042170894 0.888335822596743 
3.88942689048217 5.24133009252993 0.951993111326423 
2.82158359787765 1.67255462532143 5.65951410966983 
0.640551829219411 3.4976192512512 0.751929570164132 
5.53856744167416 2.68376966795181 0.616785355246204 
0.852651000343651 0.815771510127711 5.83509601672751 
3.47750447698431 0.541408049304355 2.61054831567311 
1.74913881151553 2.37959010749153 2.08014920025565 
2.870269965441 5.44728842310224 3.83142900016842 
5.94052462300696 2.72458528155735 4.19944851678755 
5.98550824414813 3.08386341968188 4.0116424346026 
5.46925871274363 3.65632351496539 3.98989236432189 
2.55455828799224 4.83720666404597 6.27884814168132 
0.150151463069987 1.46281690323907 1.66316186471243 
4.78444535775613 2.46372518640539 1.87727946570045 
2.72858371853044 4.84041188506075 2.47567318813046 
3.07292215652938 4.8229847365359 2.56510664517979 
1.86040015904917 6.50777951280843 5.37341376506379 
4.21201648074579 3.11566595144784 4.034088409766 
1.04475829197998 2.9961174301889 5.26811738016041 
6.67849596755795 5.49353549734289 1.61511807244134 
3.30459226261874 1.47584848222736 6.13299776685659 
3.22329688155531 6.72685126076576 0.800927737770381 
3.42907019833695 6.43140602103243 0.641706911296209 
6.15141004798776 3.67155277429564 4.41385847059308 
5.97918810546873 3.40404485140241 6.58632419650381 
6.04545059088429 2.95523095093553 6.39787151024434 
5.7786192005332 6.74495849313914 1.20825062977889 
5.49455329117272 2.79695060859265 4.86795946019003 
4.41877429445262 3.80003511411298 5.54050146172144 
4.46753299200824 1.51617899420606 6.81438629057815 
4.23243134995768 1.08419350145873 6.93073284617022 
0.621144994844186 5.86088453603838 3.83254080374369 
0.469794700271855 5.6770215911639 3.84126642152142 
2.44041842787491 0.760245193523821 0.798890947932425 
2.18007250618523 0.905240655612904 0.768227160406299 
1.90532720588255 0.966927398939838 2.11317931528531 
6.15797949941579 6.55156377846827 2.87647374917023 
6.87377782859354 0.864867590392393 3.86019170859141 
4.05738590415094 0.258306996248032 5.01835846642443 
6.38295282126745 6.2008909958094 5.21182664739643 
4.53606866288365 6.33277799633609 4.39641410820588 
4.72727330374126 4.98257907403596 0.378570072907056 
6.47471930601133 0.788495470554503 4.91369023900437 
3.55372123997713 3.20473017130853 5.61396208174562 
3.22474942590625 3.30529172839465 5.43894017518523 
5.36733385679246 0.943430072270169 5.95967107223211 
3.93134583032284 1.78412656936198 3.29074913364218 
2.8981476102704 1.56854619202229 5.41703892681482 
3.40493649143043 1.24369871126604 5.36557302984998 
0.981883258924838 5.70988970431561 2.46628661413117 
0.829550740051417 6.03449642076199 2.15073643097687 
0.383268739400691 3.58856581406929 1.33796468431091 
1.02469610448656 2.62564357302201 4.78534076139944 
1.60424036047506 4.06335888329561 3.23038677104918 
5.77283987795806 5.54020229813104 4.87864363225051 
2.21841127877004 2.53351747915165 4.58400695117689 
3.38074161428482 6.89538130559511 3.5694888915578 
1.88387683470781 2.88263276359569 3.8363040038386 
1.92635233159191 6.54899533782714 6.51262791988648 
1.57078856301403 3.45581804810653 1.4764554973341 
6.18662921487368 0.791410836486733 0.47979138996744 
6.19275378977335 0.971279861127379 0.389512121638834 
3.37237832777398 0.901664773611636 4.30437178133937 
4.02757573823878 3.22000041701575 6.55870080857872 
6.48335823192751 5.68275932870027 1.85017332040533 
2.51460087991174 3.71411371485367 2.25631129688142 
2.70285929007855 3.60869776896301 2.05920353960096 
0.849953540619247 3.47412780725381 2.52021486097755 
3.66786904688886 5.92915965969476 5.98715423595805 
3.19534868518384 3.68501396133961 5.88185661533165 
3.56534717842813 3.39462630693269 5.91338247838233 
2.23919876997411 1.01547695136917 2.33962626891445 
2.49670067278415 1.44630092782369 1.24376349533609 
2.14181611611707 1.34623114119938 1.00228393682637 
4.11281814135982 0.437039477562879 0.860674377709247 
4.37050173411644 0.780565202926166 0.652231830842884 
4.2454750698485 5.43711127317408 0.731005148119641 
4.3876537728586 5.12574142948927 0.375485687323504 
3.04061767720358 6.86346618801788 3.52213753069497 
4.68763403346073 5.99537375783584 2.13889021079896 
3.29421967323615 6.64682685705438 4.38247272044847 
4.16373564278296 1.39358193811066 4.38466482342305 
2.00911067817294 2.19261377639323 4.98387636672326 
1.6621965741914 2.18619383894779 5.10365509910135 
4.12096562642625 5.28123737210651 4.87506489784418 
2.07491934335161 1.66580888283267 6.6647220416941 
1.76928950865205 6.90180496255363 4.96359262414821 
1.77032085645466 6.90251295548273 5.08062260788318 
1.71738850069681 5.98359080462675 2.79652090923461 
2.97195027753408 3.15766429188371 2.5835625057786 
2.94305625273404 3.51283950934149 2.50835758764477 
0.68210386463876 1.56505307603391 2.95102882901335 
0.271124734906313 1.05298778327801 2.62765168704339 
2.53138012917732 3.09280201287135 2.79525400807934 
2.6424936540987 2.77872195901396 3.34019829387068 
5.2073687266355 6.20420994068803 0.468541391695044 
2.99856329019635 0.465108069275678 6.30303612842656 
4.43886204790743 6.42176755493287 1.37761404333647 
4.54176495478834 2.5990630755951 3.67801088280736 
0.322933742539958 4.83138224506224 2.20971141453085 
0.48769867419365 4.96986807967245 2.07396772780144 
4.47298049138006 3.45879822106992 0.647741409888679 
6.77131455941497 5.58891143202666 4.88806060984784 
5.22730460560159 6.76013291652491 4.78318375592395 
5.7456664477892 6.9503739680667 4.81334797355434 
6.09097902407885 4.71929520583543 0.296717690518913 
6.07361347308304 4.78355282749728 6.99332813185832 
2.92403960301674 0.833453970326909 3.65635208721914 
0.698651074697437 2.83319132655294 3.5328614850811 
3.1732886368184 2.29640917755917 6.18283014180399 
3.4742153498666 1.81465298500042 6.33595205606966 
4.52643904900856 6.42731602600768 1.16028749143325 
4.83956983011308 6.22164895046099 1.11922848881669 
3.10752714461747 6.64019651455299 4.44943698457755 
5.48521961521212 4.98982241062388 4.35915150376573 
6.09464631451523 5.01390817102824 4.49683516480007 
1.61136232765704 2.69794138088158 0.353639460381025 
5.45813316436785 6.76411370628688 0.940009188971266 
2.00453456682108 0.347014954102008 1.1873837314522 
1.9005180799581 0.744888618887207 0.968907157228632 
5.15422116137631 0.467121462260314 1.60665888455039 
5.41948383118714 0.310726904047734 1.92896960838478 
3.84021861160217 1.12832457744681 3.25455448480745 
1.21133634591564 1.96489487808468 1.25173881372077 
1.2922951811691 1.75861842795305 1.0313411643544 
1.30483228230137 6.390852863579 6.28116406996997 
4.26901780538514 0.702274917988611 1.93235535637924 
6.18580070956473 4.74718190081297 4.56994706215911 
4.86734601539628 3.92974704975276 1.53193859663251 
4.09929530855694 1.2494232055475 4.80458424843529 
3.74706712269316 0.884986175257599 2.26961317314445 
3.55888633207892 1.03000515237164 1.66872037212001 
4.70683445276718 4.19372218836446 0.137212890314302 
4.61346179630947 3.91614816645502 0.134015870903735 
5.44033335798723 3.9702113521597 2.09941835342792 
4.85652362967846 6.26747208288031 1.98540035178698 
2.38819903842896 3.4014396692271 3.60336754720877 
2.01435329063671 6.42808815582105 3.62802808977472 
1.89098985751431 1.60170510152591 3.68501438731703 
5.56284041233784 6.65991480277587 0.578310440626685 
1.52597210359363 1.48249858599061 1.57502705274422 
1.50029258497296 1.39695739088847 1.28047594892194 
3.22532301321892 1.82263862867712 0.516596707999444 
2.75075190976267 2.13553022208532 0.775196547446792 
5.13761906758749 2.49541577092123 2.50778394944407 
4.61128941780256 4.28559302433225 1.39397941773353 
4.28517067820577 4.19634758922014 1.02069123801568 
2.68458843300835 5.18843413767846 1.21963882053732 
2.85128190828465 5.07404796039897 1.19066554428753 
0.112703523131156 1.27210341476118 1.0417003108089 
1.3779781999341 0.952444389614205 3.38547610763425 
1.73332590732586 1.09613354529253 3.52652615945424 
3.53443515503954 6.82441409339172 3.81950128358177 
3.15744968741208 3.15310863496964 4.47668417424785 
2.98024312508356 3.21830542160859 4.7162897199642 
2.81242704325608 6.87906329511223 1.87764082837453 
6.84473415408103 2.61644846643427 3.80569885879149 
5.85961978496443 6.16261959291889 3.99295798574076 
0.858926342052784 5.01119285811662 0.178414178607426 
5.75696435647071 5.72212508020392 6.79539023656892 
5.95112400082524 5.35556775677062 6.6214274887109 
4.71468071469123 1.11161116555677 6.51951630368141 
6.83513983381347 3.63567584083386 3.48068943704116 
3.14351751672761 0.953208070723708 2.30407088957777 
3.37877345647249 0.563879361407279 2.62612518258202 
6.45603769975269 5.66069721837339 6.80025066342762 
2.02591489591593 2.189934145674 4.73809711264049 
2.38589615785695 1.75617448179733 4.55900804834936 
0.188152753396703 1.76335564741488 5.45001078546363 
5.6024687821892 5.57909671329675 3.446966540999 
5.55930642121068 5.31424375659094 3.51112240258443 
2.53138845759099 4.57568350044331 2.63378089733596 
3.00745517188052 1.29414285967062 3.18697014018619 
1.39994424984466 5.91268529751164 0.301680930751695 
1.05647120130395 6.88225117430409 5.20239535822823 
5.96192640109768 1.72809131365429 5.26798866769306 
5.66299228613557 1.98241543735546 5.34856318518687 
1.138363537325 0.971739737065881 1.02924995013005 
3.70627485648041 0.725462284249566 6.61277503221989 
3.45171521110541 0.831667018648691 6.29661057119856 
1.47899963090508 6.65430599365717 6.13404680380776 
1.85727079248759 6.72977072810569 6.29115787781879 
0.420490164683229 1.49216881078008 4.11679513347041 
4.6331108157086 6.23502898933899 3.31184221255709 
4.5170731737583 5.82211151264434 2.80817213028959 
2.4133108740986 3.21574719880321 6.36821496185801 
1.51910880869823 4.53858141028396 2.58021152678753 
3.76157503005651 2.73058095740924 2.30401599065306 
4.19559087581782 4.77365218561633 0.378815672555766 
4.59092396433478 4.54341095951898 0.369960430314865 
2.28606981581728 1.01711985095021 3.23057787974752 
2.25748675615094 1.20528569492872 2.60568677360585 
2.72061352881639 4.16966909604022 6.42488861220627 
3.62918411558498 5.26717213996371 2.29081199354921 
3.95225769472833 5.26390001578234 2.84484717934112 
1.42079681698915 6.34950302755869 0.290563955046224 
6.44534143287141 4.05586921280798 2.59222290075542 
6.56770940099842 4.13298944652194 2.98090073521014 
4.04821640321284 1.1068043851934 2.54635349362437 
4.3496892846473 1.03228956465838 2.42542552967614 
4.4526681329816 1.17611797314168 4.19723660413663 
5.29603909470137 6.05952594166458 3.88612277316239 
5.65758001246908 3.90917480728222 3.22461633628647 
1.87322390253511 1.33714808660749 1.56309163154409 
1.83953119188852 1.25765274189773 1.25394885751816 
4.26321234596585 6.90755174461109 3.27712164226352 
4.43401535411557 6.78568470734116 3.14409290931007 
1.32689609931 2.53764702897193 0.492416265521874 
1.50570361543686 2.2064652665085 0.828530792403567 
0.768015938673048 2.07423195110954 2.96136157075009 
2.41844557309763 3.39315151531503 2.77068357569642 
2.68855410822316 3.6288965750287 2.56926462560871 
4.15442942851998 3.73812279583091 2.93067774576937 
3.7503799580635 3.75802532842042 3.19222319947714 
0.855333407026269 4.39111177375406 1.41051809168337 
0.862311519639015 4.72060446965637 1.56097531433351 
3.88352470714061 2.56635269237585 4.52583227150069 
4.07419232946275 2.41554138754149 4.88685714744415 
0.27782808664464 3.69665172359069 3.29366975877876 
0.750953192435829 2.96335445799079 2.09131429020951 
4.99992459014254 1.00643401614865 1.54894497994647 
5.50940280233184 4.34516538760334 5.08776532828728 
3.38065015573641 5.7947788863287 1.4308147899601 
5.25437708377972 5.89211338090638 2.82759606845417 
1.4607566753071 2.37179295306859 6.74059126708883 
2.10883842983177 2.05294923891672 6.63888234998663 
3.9733435727398 0.768037628569605 1.61460988623275 
2.69541481494394 0.130184089935407 2.82431000002519 
2.92275479394993 0.257788554763696 2.43191131180086 
3.59370548797284 5.38096614481105 6.47013485170733 
3.59504071856042 5.55511382379271 5.99845195369348 
2.17911350195245 5.49644139736789 3.24441369533343 
1.50187074294738 5.05234667278396 2.85866595560026 
1.53229860063354 4.57445747453999 2.69320308683237 
2.53348881034167 6.39307866041346 2.07204053151807 
1.94556900659469 5.96263470450749 3.23046626112309 
6.43780616926319 4.00554961820072 3.15345618620847 
3.0378602531346 5.25469101609931 3.85647104150572 
3.05084834079768 5.38160474396315 3.79531324126565 
4.95631788965131 2.45790304378305 0.899300928803965 
6.94229454798261 5.32355067537717 5.64265134579011 
6.90494234314178 5.18922016753401 5.223831818802 
3.91742577934224 4.18622784468013 5.98140427764523 
6.04988805600653 6.45116333357118 3.86796469523871 
6.24925429222849 6.75897276339784 4.2093046198252 
5.77624856517195 0.194988939054939 1.39111699749212 
5.74872190503627 0.157835558051487 1.76937371728017 
5.71344048058344 6.35716678094811 1.65025856979561 
5.72447299518372 6.48226219972202 1.88049733275081 
6.0329881264229 6.62793697698105 4.62265629458685 
5.78078085729996 6.1411288653285 4.4099650726478 
2.62549949544964 1.1285520510867 6.40357058808289 
5.18433355811132 0.931821485486145 4.5744148454486 
4.26701057892637 5.49880598954984 3.0144860068327 
1.78300703313453 2.84715903414814 4.22609220913766 
1.75182378266065 3.28160674071737 4.3778324290772 
0.880399088466916 2.21400815288172 6.12147976487444 
0.65012008263523 2.54219295645113 5.9817193967365 
3.56829179480398 5.6874489835763 0.705054721483947 
6.41706401661335 6.26396344731249 3.11570038307002 
2.14503656671323 2.1530674480823 6.35888957782165 
1.60243223265547 2.63431143268748 6.2309506937191 
2.67875381490849 6.69998248308669 4.18972844541904 
2.45620623403672 6.32997653462121 4.11496102662204 
3.32455645195187 6.20019594707689 5.04976509070689 
1.1130941811924 2.77584722204553 4.43800442402008 
1.36819042897539 2.55705440285766 4.28556464251765 
4.67753728190502 1.39501481098594 1.87377019867674 
4.58851301338538 1.37872869150567 2.33575465064782 
3.69157140969749 4.61169907727406 6.66037120370067 
4.01091937982271 4.35274363787255 6.25470137026746 
5.855661946548 2.90665075633619 4.63696837224445 
5.82646167823015 3.29304601489635 4.60312265991761 
5.69288031278293 3.16608965631645 3.56515957932508 
5.47694982136372 2.87816328806113 3.45399637871033 
2.33780231336044 2.65166317440731 3.72355840080612 
4.2136987347826 3.78546356216662 0.910828273458183 
0.19186258947186 1.04297298037103 5.23602672335208 
0.175023112200872 1.57325252582052 5.03061253588878 
6.31776512966745 2.21354191863534 2.41346996709456 
6.33691915258413 2.4324205862449 2.07440659354215 
5.98864932639316 4.36201959430696 6.90543452419822 
5.70249122487196 4.29588590828859 6.69185738999745 
2.65558853853901 0.169659425558888 1.80992646380011 
6.2414969077187 2.49091095612023 4.18573281187971 
6.75266744866471 2.70068386630265 3.9598922400962 
4.42177943378209 5.40965607959427 3.92863796578932 
4.51396939328644 5.11440567851437 3.44580197848277 
3.43968779110022 0.637359833505805 0.475327336659683 
3.64308798043656 0.380826067506223 0.750450952840785 
5.74311501235499 4.26225412856037 3.46438381383867 
5.95063810013175 4.35554080312743 4.91904482693973 
5.94739407482052 4.52423665081955 4.5631144249947 
3.90501908703789 1.36762353208778 4.198224074205 
5.04385542904971 5.47312050078816 4.07272743213225 
0.545619390908479 3.86364548392228 3.64334986434745 
2.42755089786468 6.39608596142478 3.84274478394409 
2.64836975807578 6.76634452951199 3.93492860504277 
3.88806998772358 5.14338686810403 6.51510098871182 
2.56172326098766 1.08341192913353 5.31463199347505 
1.75879831221001 1.55173234962792 2.74991662043152 
4.81608451423822 3.64356237164995 1.38883026523677 
4.37985690042339 3.56686849160227 1.02080356359225 
5.59453005055043 2.95467857671511 1.1661352945865 
1.72636321976589 5.00694155560186 1.73884815687665 
0.382880814427534 4.43696528076113 4.75818485117353 
0.362198090158266 1.56919686684212 0.775911016169542 
0.675611236217164 1.37496025426865 0.592390717765447 
2.00678243152638 4.30803781880369 2.1291667572704 
2.07496212225834 4.50297902041462 1.72314301552968 
6.83933564653263 1.52898010253324 1.75579780628529 
6.30487079842796 4.57341542110045 5.17618499357611 
6.3999149542976 4.71722798845575 5.0519829600286 
5.16837606487411 6.01005173667066 4.04107899076605 
5.32164702308209 6.04535224266908 4.43445490374822 
0.818119868439311 1.11469339467469 3.57264683590267 
0.698724060028425 1.56551971000971 3.88345384735681 
6.85105968264217 5.88418002249808 5.73271987732059 
6.7118344914694 6.07696608229238 5.20145343252358 
6.18477412223116 5.99616423618298 0.58153195670262 
6.05557480356526 5.53100283527089 1.10685535457265 
5.15930109603574 1.40836602128643 0.695831292086458 
2.11152585768451 6.35142893975663 2.11570648320429 
1.55971594414197 6.87887629526382 1.91186550174643 
2.33265242582911 4.30236130532462 2.17170571059504 
2.43600384179778 4.48461984757146 1.79714725078953 
1.15369929546913 2.40493618179201 3.34907917685468 
4.94729377709293 1.33935486566645 2.53663833162364 
5.39827721348466 0.394920308819795 1.20798623918286 
2.35351161193547 1.64081608190922 4.4467880909598 
4.95580655821798 1.87792415851446 5.2504342541044 
4.64194768426905 5.90232119815715 1.80394371451564 
2.99559746544368 5.11765990023041 6.30832997902405 
2.03897214603808 4.69809422108898 2.97133207708073 
2.09886381065067 4.50316699243639 3.26139284381624 
5.52461476867316 6.30221433427122 2.56965501696561 
1.52922104169339 3.56239738988644 3.47273860436762 
3.9135439873622 6.4215760010859 4.92476634914209 
4.23694303846773 6.10656669100262 4.78625280375892 
0.299095249774354 0.941241924388816 0.977748633452568 
0.687231924579124 1.23651516842353 0.603224550439735 
5.19856015938212 4.49523961866365 2.46769237052465 
4.01390548126904 4.10054879946711 2.68615571533369 
3.65254720366127 4.15478529727 2.88786754307627 
2.9952649551545 6.85782787904057 2.18465250661429 
2.45451487192819 4.15125985110037 4.32980158982595 
0.826927864546252 3.29118187205049 3.43657510373435 
0.289026381426689 5.00775770881412 5.16602165035167 
0.224859231897425 4.58410750675606 5.09348003640747 
1.58009677208919 4.52011170873518 4.86378342536951 
1.53477731398423 4.97736209401996 4.90635490136355 
1.88330027700043 3.16066418869221 1.70493217484749 
1.64404741950126 2.72613079626482 1.81484720219882 
4.74795633065877 6.08868565952656 1.69128618990571 
4.95007755387434 6.01518146405117 1.48638196910649 
5.72398220236745 1.97858694407793 2.46681379054882 
5.56460007953612 2.07178524340186 2.67795392196122 
6.38441949267677 4.2912803015254 3.98392560560023 
6.20917166925041 4.35333254932703 3.45125085981072 
3.55639553716802 0.404589920004313 1.27246846970674 
4.13273312738136 5.71265992947648 0.585787520202219 
3.61700019827293 2.14882784053489 0.488943596558251 
6.82047039612536 3.89834300113912 2.33311752827803 
5.9430926898606 2.42647701173364 1.80329600857206 
1.89776984505173 3.34458557047331 3.79367085587577 
1.83175505353914 3.5097765438987 4.11809974282055 
2.78890204196441 5.59671465733286 3.50242963692365 
2.6571288503807 6.03206662459031 3.35318650303877 
6.28796330077507 4.06812306016383 0.471599327901563 
1.31347762376161 2.23303664567181 1.19283196845499 
1.63398289030093 2.63079282847408 2.1176689833978 
5.10048017251262 3.02814988854436 1.59865336504354 
5.34638265651036 2.9525262957083 1.87987994810724 
2.70495909268398 3.60987282969496 3.87395592519851 
2.39485637958897 3.75886696023487 4.28426679037006 
4.21791334067243 4.53701575382771 5.99543421164708 
4.11306322350299 4.39055295768913 5.757811197476 
2.67185202504554 3.46062480759551 0.528634109638619 
2.36647306303966 4.93351760515449 0.371457772046471 
2.19364115206519 4.66588064091541 0.231638885966069 
2.98326505951167 3.67025285539445 6.18533933735339 
2.94273581648049 4.12422608665646 6.41437376726935 
1.63500388865582 1.54480627780508 2.98928382456464 
1.8437881791222 1.26564235156777 3.418346168873 
4.08318347480871 0.655897923454082 1.88236596166899 
4.79135272174464 3.63311489864523 1.87287245094042 
4.84595611530584 3.89154207646172 1.80610810089041 
5.35248599634922 6.48343795588024 2.14347783284515 
4.73629751777305 5.71230985643584 1.71494457715923 
4.96406251181461 5.8897048188508 1.46893770720522 
5.31371984280758 3.29989031006306 0.288928727118962 
2.67738150516633 5.98609096440116 4.26664455264099 
1.61104765761554 5.91504910445709 6.50286901364561 
1.52126984077953 6.24056354458027 6.5472260416258 
5.95253959127349 1.21349824756611 2.23775927851158 
1.20523799399281 1.1097133888403 3.03492378175642 
1.44451660915699 1.49638557566194 2.87481194337954 
2.28946490579744 2.98606307337349 6.16585124296581 
2.54789209486191 2.44688068279931 6.26880477580886 
0.626528435504982 4.42112466949378 5.85845279006931 
0.546739413574184 4.30637325660649 5.73908512345873 
3.37979728120139 3.73406288277011 0.361530685818463 
3.18803997243526 4.0789558673869 0.23029864622205 
4.41456019841981 2.05682811665738 3.1591334331514 
4.53107941664199 2.06445458578736 2.78235202509146 
2.58745780622256 6.00820454142989 3.26552679796857 
2.56843340214914 5.61991885395911 3.24959891328222 
5.9392507225514 3.34949914864798 1.98736806117955 
2.01883747642109 0.284766846506521 1.77400914244059 
1.6793029054918 5.51032649755179 4.291163572002 
1.56536658231371 5.48862802366793 3.91452288852313 
6.80845823649509 2.94121859124953 5.17977885926439 
1.1218009849713 0.980196854646914 3.6703099015792 
0.170475579496434 2.99150284022922 5.00218687405804 
6.83784592868342 3.23151411693394 5.21156697661583 
6.75132896033475 3.32758073105836 5.65196698297428 
0.586321928458356 2.74281321876056 5.13751337828994 
2.69874916864673 5.92049630162377 5.05520719790976 
2.50503658983199 5.82224241573847 4.46373362846862 
3.02080474019643 2.56735086983076 4.40857981242547 
2.79304608323189 5.1789278940535 6.36175109442448 
3.5494620076136 6.39653473352572 5.38833583060152 
3.58217516104984 6.71593205247206 3.45628356276526 
4.38294166480062 2.41005398432216 2.32075367008023 
4.12312329398146 3.28453909589372 1.99128621695322 
4.26180309350566 3.55801966809773 2.18551903355006 
4.99715201210459 1.82033264270254 5.82469728761896 
2.28435633208185 1.22063072282209 5.0363890384096 
0.75590315982059 5.78552459008379 3.67744640609807 
0.251599282628503 1.62774580685879 4.09973574379518 
0.290963933789388 1.84341644673529 3.88032552876396 
3.08475711496251 2.91615797241651 6.65212250800375 
3.29987021908026 3.22204025755959 6.50900108034149 
3.23688614948181 5.13934095162311 6.58465993158802 
5.35476168674978 3.35223586168557 6.83485758600218 
2.96995952890101 0.987142072944977 4.16982980862026 
2.51816990291744 3.14832229850445 1.55159533315456 
3.66723561111574 2.07877102149236 3.92077676318285 
3.68716694967801 2.15581688284302 3.61490125570084 
2.51465277615204 3.54555647913133 6.13764547823175 
2.37569987080873 3.76076809152208 6.23158221045306 
6.21069923084366 1.21372907006537 1.48771034563084 
6.45297409051395 1.43974457038318 1.34244174866018 
3.0857534271814 2.67440853893448 4.53828473215761 
2.88151973344623 2.85505703116616 4.81998163147545 
1.60602150183884 4.98304911149225 1.49485667122977 
1.68803238803052 3.74917687581565 3.20280981962129 
1.57343264482109 3.5849003144319 2.81086362046951 
2.69666236991188 6.06549564302955 0.357030846409674 
3.18841107706225 6.05366443511581 0.436280908427462 
2.23840393071426 6.57297129459336 5.53833454031114 
4.71457500345742 0.693909168300873 2.84401716466961 
4.45588432590477 2.73935528634809 2.93507451153311 
4.57366324486624 2.39211806780445 2.6348080927228 
2.54836782591448 1.83357599049713 4.43292616128093 
2.52148766767623 2.39786709932234 4.34645885228237 
5.74345089886662 2.6285906773014 5.93192163724277 
5.60339588127973 2.00796576431543 5.98902694712636 
2.42084431607553 0.338924618206238 3.91323004000494 
2.66449172475599 0.532910386082702 3.58101992075292 
1.20869509865455 2.67110668384419 2.35161761946156 
0.863722535689298 2.06374947751923 2.9001907839489 
0.870475456513791 2.18240391781071 2.49640332624871 
2.34716091333603 4.03862902982397 0.984421089229272 
2.38424389288968 4.68119862713773 3.79714988981904 
2.05681977054609 4.66026514228492 3.52110074183407 
5.63930639933723 4.16985386686389 3.93510605721306 
6.03723891177053 4.19588226446346 4.21453060023856 
6.0867027583617 3.77244251644519 4.95495501267104 
3.69146274923511 5.64966796845782 1.7727721070728 
3.92655665108857 5.92089349122507 1.82883284214033 
3.91261232241325 0.45187988406807 1.40130635991154 
1.92159750540869 5.0454863121474 3.42326186196424 
1.01984601711644 1.56382938475283 4.72433811057267 
2.12401935444167 3.31276930711021 1.01208838944529 
2.45994055129311 3.53089666526265 0.96782517331233 
6.31483629191443 1.08743147003149 1.89933203981479 
6.69308134863311 1.28594357919487 2.06352813265177 
0.455178278782339 1.87351269162949 1.72777683252818 
5.49704903720025 0.706655091169503 0.54490506508087 
5.19205105729966 2.51282160377187 2.08610059633291 
5.59638168139069 2.14417572973058 2.01908417371704 
2.81672537019908 4.23805597270568 3.95969517038336 
2.86160089174661 3.83366950076963 3.74894554297707 
2.42966169331473 1.21685791284849 6.16931005903657 
6.75453169923794 3.57128552812615 4.12513660873039 
6.83555749887362 3.77607525939649 3.96404615065561 
6.46770950816963 5.27109870889913 0.983717215429903 
2.14965429717025 0.386708398495615 3.84547526039431 
2.14650369762788 4.88873329611139 4.77004242309256 
2.12387080484151 4.56963949298714 4.74433145339105 
5.83356519692861 3.84110391971071 6.31698299229321 
5.9604067580431 3.75718868934445 6.32780319222907 
2.15718156640653 3.42461428103569 6.73060899152758 
2.15182705630938 3.68779805652994 6.664584025869 
2.04986393974007 3.01375973208123 0.531231573712387 
2.4474187174633 3.18103629260758 0.284543401931747 
3.66069717660782 3.06085246738294 3.07028912506379 
4.03850640263404 2.83525589136798 2.36670861929971 
4.12406959228108 3.00197190405902 2.76026564192997 
0.125312690387587 2.85553326409762 2.88754636860967 
0.217394513215446 3.01604569738577 3.20193161971201 
2.18710764698893 3.052821542461 1.46051398707111 
2.15500641784974 2.63487441037321 1.43970886515208 
3.40036855337042 2.90603368984761 2.88582778916582 
3.26751193496542 2.64632953349203 3.25739548934229 
6.87345786287645 5.74573135047287 3.9440889366818 
6.72639431126473 6.33747937994631 3.86744025321672 
3.45464706914617 6.0716388019688 5.8503342679003 
6.15173005790782 3.60433827647467 4.75110055046567 
6.5664704550446 3.58486145132327 4.98686802269207 
5.30878089242446 4.46510387208297 4.06594086014143 
5.34176391726191 5.50422429395513 2.80708985324785 
1.83210127324352 2.89916551251841 2.53008073440538 
0.836609604454543 5.33365682228762 0.490568674762411 
2.2997962768246 6.67015800983054 5.85603859247865 
3.89053163001573 5.70334508356172 4.58675711217227 
3.53651477715915 6.21181229165404 4.81044685054899 
4.74137046392087 4.40359432549691 3.0440350584965 
2.03995378065563 4.4355561710671 0.283159227026361 
4.54064950035367 4.24344162698445 3.98617666134506 
0.337601332904238 2.43144328726028 1.60054512101257 
0.322475219721308 2.09354424302993 1.84417950155433 
0.660379522988237 4.88073638076893 5.7727647809 
0.512409496839918 5.10120741289107 5.48405256268022 
0.39330716083395 0.725471826641478 2.02075046762783 
5.21844656609858 4.61025687901008 4.66152623398683 
5.45266289926612 4.7003742043032 4.42143439556779 
5.72802394562461 2.91934562665857 1.72945323134875 
5.80500900429053 2.92022031424198 1.33929490887595 
3.15641482002275 6.3805177547242 4.54257476032363 
3.10062929817799 6.30204951725247 4.94987784394028 
2.04915982837869 5.26465417066038 3.53635223088853 
0.561076031501737 5.89824020807393 2.18272817387439 
1.18888377904364 1.15558677912826 4.92536210894843 
1.41687159339404 0.936878379633837 4.62002108449697 
5.45490226586241 6.73588166974429 2.93430523631651 
0.676917585299112 0.530282991769885 2.46984015777489 
0.530474935108921 5.17619462035714 4.83734660117075 
3.18630312668131 6.67711176732253 1.32987348584576 
6.37227351599911 6.21495767847624 3.65259230956388 
6.02010751104738 6.05823592973111 0.392888432253278 
5.02997690499939 0.953622081428273 3.24684012439154 
4.98055688234822 0.874371041398799 2.86352664726981 
5.89508230004394 0.730608331447814 3.12206446426781 
5.53190639749721 0.861985762847359 3.45853739510894 
2.84768481625657 3.99046399127683 2.91324323864958 
2.66634799588026 3.98537231176888 3.25059365705568 
3.57087019214958 5.77658719900207 3.42259599893449 
3.73863906050821 5.88115448381903 3.69176074184524 
2.27563030658204 0.663669839346267 3.30781139028815 
2.26657605254863 0.383768972521534 2.86422796499995 
0.236537016850925 3.14930712965934 2.49435911668853 
0.331265249868817 0.495198883769126 4.36837637952622 
0.505074295131515 0.696863430788634 4.98686688739702 
0.193856981418242 3.90384337750835 4.08257892995042 
2.04576334315815 0.598397647991405 3.46726443622622 
4.97088392979773 5.31758279683372 2.10426539753302 
4.88149934740291 5.57557196155572 2.62232678895226 
0.558998398143306 2.30140875028442 1.24610798572734 
0.63305158406608 2.02267179472429 1.28483133306573 
2.13543630643684 1.75921406727973 6.03925155110016 
2.11129922718349 1.48663079280191 6.2539246485178 
4.60664771098166 0.700621329600359 3.36283585224056 
4.51804466311216 0.624927535687732 3.18191264055674 
0.3774590149229 5.25655510689431 5.7407442171978 
0.494029175542073 5.07517220765165 5.96760266337634 
0.988633967259261 3.82557224874424 0.4906510024942 
1.4204701688753 3.71271514031838 0.512834465558047 
4.6589875412905 5.20605857772183 6.12895806813442 
0.705219963368453 2.5473586227315 4.8309509230753 
4.96260600096694 6.11505365982308 4.98909010454727 
2.60792440181095 4.3075379281477 3.25394235347138 
2.78779268193969 4.35147491529745 2.92193290743915 
1.57689174061061 5.78598349908761 1.59369939007736 
1.7413871392292 5.48765753081479 1.99246472935585 
5.79478109410584 6.97813688916466 5.21025701624508 
2.54188300077367 5.41785441383605 4.35641414122418 
2.81763527300123 5.34363836375155 3.89878320015466 
1.36009706604019 2.63057875973033 6.14919302676352 
1.08148864303287 2.88440726461716 6.00876391698836 
5.42788577348016 6.27360957040457 6.21054896079244 
4.37044727519655 5.62957733644123 5.64254410701117 
4.75547602771328 5.45709235285903 5.92941970498158 
6.0478354768842 3.90653318060363 6.34933283966869 
5.90332898965266 3.97142830464152 6.33703107279999 
6.74502782591551 2.76884248994612 2.99004441850792 
6.87042415149709 2.95742681052174 3.3424183366681 
3.12735772717022 5.74529927874971 5.2602529497754 
3.26721516515308 6.86791964053343 1.49904256155456 
3.60647377717814 6.78502289967378 1.73653110194453 
6.75403604262821 4.76388133186162 6.31916524764338 
0.462666303106485 4.90103194883444 4.15546599302889 
5.56174104565262 1.18554579946501 3.58904895600571 
6.97410194337444 5.67734515373645 4.67124246832521 
6.90201380591206 5.55673464089946 4.20099895340192 
6.0956237609018 5.94918012945827 6.9554851261427 
6.20389199240066 6.47578987936561 6.73743770666214 
3.35978636955972 4.64658925825821 0.463673965794954 
0.353632431574345 5.51345342979773 4.60459627845972 
0.285019852193196 5.41929215792193 4.22533235622756 
6.09779523531875 1.44872857752358 2.52411226164471 
4.64149171584499 0.376601467760023 3.5644079331847 
5.76001723897667 6.82429398175078 3.57011089903823 
5.83498735490726 6.84686945515998 3.10341296683359 
3.83413253033705 6.25036375937522 1.54021582969096 
3.55602765804697 6.15737815788758 1.30967389625098 
4.76420972177757 4.68579769620837 3.461152140279 
4.46732360663958 5.00938715658719 3.44311581876319 
5.01395177784502 5.97736828545048 6.4307189079778 
5.38795593178349 5.99525596351783 6.29569869072456 
2.42241865876819 0.455667026559068 4.30891524845248 
2.30371412044912 1.14079634762001 4.64209955612179 
2.68584301131868 0.771988259899536 4.4631615583104 
1.41657171168348 5.82271663356693 3.88827032369483 
1.56833196279901 6.09166027988887 3.59818571339949 
3.65773634634878 4.65115547509075 3.91118473159982 
3.74654421536711 4.28180835476136 4.05953887944263 
0.617843544017908 6.31673875209451 4.90082901798251 
2.41177376779806 5.13749983304424 3.8724796601111 
2.2992144111006 5.27028652219509 4.28757389246713 
0.770522881656674 3.5799343214618 5.35994284172441 
1.20694404088477 0.97494936443134 5.85393366908951 
1.07435140638039 4.76114093580509 4.45207319721166 
0.611643730540716 4.81964451041574 4.52810640197532 
0.813502551929648 5.18108907958696 3.28230475351639 
0.503191230025107 4.71966167528199 3.13885521860447 
6.04133550025925 6.48028735004969 0.495837127095498 
2.8974196574779 4.60591815767085 0.702909328810081 
3.26415330142338 4.48346299672793 0.550087583416539 
0.710518643656588 6.42139543107422 5.21932198473936 
2.7330306055811 2.25908704996799 1.31258512044998 
3.04570016807042 2.62431476929586 1.35554753343185 
1.45109230140948 5.97002752960998 4.21944367171075 
4.71816106229258 0.330141305930329 4.36740793963388 
4.42975266113939 0.400134471676942 3.95834706166788 
1.46419340488921 6.84629413334546 1.78272933415359 
1.03434215991229 6.64175673091168 1.75723849671142 
3.17148326822246 4.90488504767213 0.502766992731798 
2.87528991613087 4.7929789815496 0.672378859611492 
4.48505316197627 6.00366896970768 5.09160438611144 
4.48992812461989 5.64163590975641 5.1808690245712 
2.50269909592933 1.79798221798716 5.6793002861797 
2.66878498072341 1.61853095795361 5.65467911832979 
1.12459774833925 6.32277241534649 1.51270584308111 
1.52468601034609 6.45358464957112 1.48255503560927 
1.59748003209795 5.79975432080659 4.40631720648209 
1.91845050158729 6.05111924981998 4.52491175947574 
3.64761252304375 2.9561163175424 3.32114881022974 
3.35475050177514 2.6856769721012 3.38624433969052 
1.12455033306698 3.2746898265852 5.32881532803775 
1.38364801115566 3.53077684183163 5.01621867748922 
4.07165564223715 1.19314528233377 3.5733623579964 
4.03136413834021 1.0835580624379 3.86664605764698 
2.45097635945514 2.50453615069353 1.56277517904681 
2.69787988446404 2.80433825519499 1.62388297924362 
0.15743507305043 1.37059394921772 5.88363787400971 
0.409787310192337 1.31381144211686 6.13199265369265 
1.00248166573222 3.20028214612834 0.931553873026604 
6.78278802661454 6.12854707443838 6.31928717229239 
6.62209102280213 6.48173699462408 6.39126650328508 
0.948413523170031 2.76465211564425 0.794609601212455 
0.944816877676008 2.54535071360631 1.17909466970766 
3.02484763012768 0.524396749054597 4.78757887625997 
0.156883525222422 1.17640265158725 5.84214956470445 
0.401817976540002 1.09911839178189 6.07316340899015 
3.52538294055914 6.20644593231252 2.56132732824062 
3.36769363023084 5.24835308254493 5.05778133583106 
3.46849254188641 5.09468536530363 5.29841810585864 
4.38649737141277 6.10415905722983 3.69983580852105 
4.52355302465009 6.02273380694947 3.95457175437332 
5.15968377208043 4.38968899503525 2.89577582174513 
5.30624211179323 3.99660591451783 2.89498089762258 
4.00202881406679 5.31904313265076 5.76921628600729 
4.17531577882072 5.07495133882516 6.06492221745369 
4.16783934231793 4.44720046972842 4.20306078592995 
4.05723217720074 4.82497057292703 4.0322033521965 
6.0033116402308 1.37506361401185 5.69725295231535 
6.20970575996839 1.35220072494154 5.90359833390666 
5.34026098440525 2.65957283786922 6.54453818422858 
5.13884508494023 2.8391610822002 6.66590558601924 
6.07242732317149 1.36993030433285 6.03202492998853 
5.88362075699907 1.38882163462244 5.8520722531557 
1.23828653092561 1.19925655832189 5.97842495838359 
1.44148409478241 1.12419731902562 6.20390930643268 
3.18873203740318 5.76091597606538 5.74717763123101 
3.33828314095234 5.48518379960229 5.85934386161425 
1.30860328165898 0.835867057784157 5.919256066767 
1.46004314331922 0.891404323803837 6.14985021866956 
1.66021158449082 1.30643773493959 4.05554093380594 
6.61269602079141 4.1741813997362 6.23043024205256 
3.5554872278712 0.71154678416339 4.93742727884328 
3.37144742968668 0.589241680702889 4.66940306215469 
1.38442165136713 1.78871566964304 4.16500058904038 
1.73537270312239 1.53199720592412 4.04478090935046 
1.24323409420494 6.08508813898029 2.81019091849543 
6.79898073522012 2.70617805036058 5.94838620690946 
6.90599215439298 2.51392458083283 5.63667154150899 
6.71027318756669 4.88464470099546 1.99321927605285 
4.34421474254933 1.08256059933191 3.63930830972407 
4.26698626780727 1.00531242427316 3.88053779555016 
2.11387065526157 2.70415955672242 2.64870754757299 
2.15790385150378 2.3770186451457 3.09961250265838 
2.12773143594903 2.36200418751831 2.35912221442167 
2.16248726184422 2.04898854543868 2.64723317256037 
6.70652436062587 2.74043116439725 5.45167718982492 
6.63013505641092 2.91005454615058 5.74238175813069 
1.98216675205821 5.60233008974462 2.12206429335109 
3.53984360095492 2.09731370446394 3.92920176998614 
3.14538277600131 1.67467050144983 4.27903022763197 
6.71353235976204 3.03436609998173 1.05695242371299 
1.89975973695047 6.21216542733427 4.43437270749247 
1.59923392284506 6.22254329857932 4.20682649427129 
1.56757714850322 1.09248919979709 2.21408585528239 
1.56335274153883 1.50195282498672 2.64874972176615 
2.41538296272334 1.77092010337607 3.82110904918776 
2.76715328466919 1.57176126855345 3.71672262432843 
3.69398424697038 1.97784262595717 2.39491683177468 
4.9220615918394 5.14795450030267 4.81419893101504 
1.225665423254 1.59434513427428 4.20894533992931 
1.41682039556586 1.2815317485996 4.1290525469557 
1.07541683798011 5.72595326870512 2.66642167745292 
0.667561423954498 5.67594669863945 3.02830217412195 
5.3547299499193 5.57790489941773 4.75591383656221 
5.20337393792414 5.29129332704573 4.54241636151237 
5.21877715398281 6.79494231756693 5.23333651671237 
5.13317778050335 6.51169049175663 5.38652366218905 
2.91187211610419 6.28463941567632 3.17741999420412 
3.37502304037471 6.23830349312551 3.17080489254599 
2.40872100841964 5.41403690653051 2.05625675567591 
5.94474495856329 1.1073612461982 5.29608863090564 
6.28410949603329 0.722911959499885 5.13455018763139 
4.8033660243551 6.61672999604727 5.64897173691533 
3.99954041044014 1.7566163211238 2.62590917355271 
4.29447168705772 1.88439069743854 2.51960815922501 
3.16608638758199 2.41706321253533 4.4457313372615 
2.99635977618079 1.88539284939781 4.52745751311338 
5.72509602407009 2.19521139084378 3.31937212317515 
6.61724794113244 2.42929765349793 2.98430750038519 
4.28655700617435 5.68696510185514 3.91377183529791 
4.19633482493088 5.7971531093264 3.68299475901139 
4.01393007799818 4.94717933526148 1.80597299828826 
4.33694546612688 4.85644313151706 1.92708427386872 
0.247770671761783 2.45810810583396 4.03968029724561 
1.33432142405369 1.36823347207682 1.84615271337933 
0.679464273998073 2.64785757066837 3.88164910149053 
0.738009009606192 2.83549414414476 4.1927779356306 
4.87298202655775 2.27752359251887 3.82836302134817 
5.00735971974599 5.41438330205836 5.09304581932214 
5.22856099541781 5.61610650693488 5.00734504997833 
5.89130396961472 0.483594744585912 5.0890113695868 
5.6240839266609 0.81958283894319 5.22906188506504 
4.23445344681767 2.14236044246564 2.25131243389332 
3.88213985681854 2.19770920458688 2.19958728913012 
6.51316639880564 1.91350089272751 4.78000441803626 
2.86484056910926 1.51908569994347 4.13874599908835 
2.518966431827 1.71713214089449 4.31766298917674 
6.16826077205358 3.58608471289807 1.50394157351068 
6.10583644866133 3.27379887431909 1.17689983704938 
1.45254002734421 2.92080144354801 2.74339429571265 
1.38219786839651 2.74414277407421 3.24892342121205 
0.520880199801041 0.850705277416999 1.8205118085448 
0.520085394415856 0.686056536770806 1.36213236168012 
6.28957579437218 1.65745151301489 4.67432214994019 
6.48647447882072 1.45011425688379 4.61369494168152 
0.904492674890183 0.838071788571365 1.78243104632243 
0.831099853357085 0.668075656245985 1.37410252789917 
3.57430027178169 2.57407463886154 0.636356228679952 
3.22078465110422 2.71684948390353 0.772891398637458 
4.28400310769366 4.53102429515577 1.82849457088814 
4.0112332473268 4.5726571461587 1.72310803375532 
1.31480133546896 5.16855165541156 3.77397939330433 
1.09377688218602 4.79440596999085 4.0301642510649 
3.04644527147843 2.98481063779329 2.34464267353133 
3.06734811299057 3.03865207047827 2.25296769252311 
2.24618771991737 4.45883299442737 0.25653420261268 
5.59975627723426 0.428549412170111 3.83137981178214 
0.437048183614464 4.632255813581 3.23160373912583 
0.538743458778415 4.62809418106 3.71316283299925 
6.33507962312496 5.8950799713811 3.03555597374566 
2.59893967339817 6.31418895344324 6.16510031347206 
3.25152533483043 2.82770105909086 1.01938813060246 
0.86524295959211 5.22684526709639 3.61759640215331 
0.716082526971624 4.86276910877845 3.89345337369295 
2.37534115857054 5.91638325369091 6.4478190084324 
2.45647197981174 6.25070559197439 6.43155384992302 
1.58942399591888 1.82126465404278 5.61666719783489 
1.38253615096039 1.65991943827953 5.59915919197296 
5.04974316758079 0.190706632516344 4.29903768814961 
5.17917870063976 0.168550166431043 3.85357792018773 
6.79362994545039 5.41638388760167 3.05759563438961 
6.61937960430265 5.70000905360444 2.83683973034162 
5.10942548566075 1.05553142477932 0.886710389568608 
5.34836675673773 0.694888937272605 0.761118700295114 
1.26334092422948 3.2528942131225 3.25015527170723 
1.32217669565882 3.31447700593378 2.86406036767167 
5.22566621718947 1.04692257381892 1.18031113471237 
5.46222915576384 0.693893136490018 1.04019295696245 
1.63983983273737 1.79694827586933 5.38842223528896 
1.42930110059476 1.63334844268121 5.3704725541638 
0.763389789728662 6.02115439246268 3.31502696863603 
1.08285473560615 6.20197507476024 3.21608418325646 
2.5455234708185 4.30332488378212 0.503332592637251 
2.6992568190503 4.05545111253953 0.270554954472912 
0.694128814226005 4.23435403674241 3.53175546165661 
0.532950087266816 4.41325459019507 3.15812272943949 
5.28210136451955 2.41600681228114 4.29319865658553 
5.71882778215537 2.48633613768961 4.05907024448514 
6.06096289216079 1.45780677923931 4.03754620720413 
5.48321195181872 2.5361048749656 3.68474925924021 
5.071336475686 2.4901783561579 3.88162564003257 
6.42451194710519 1.25421787491873 4.21430362995482 
6.73007453888318 1.27473467869976 3.92193699519602 
4.81159029997919 4.15334893426734 4.2340140392625 
4.7775249415954 4.18450223465658 4.38612290338267 
1.51205722466784 0.331802578919102 3.24536239492664 
4.63098726734499 2.24748857348392 1.26934044625076 
5.81718027045845 4.59012175629947 2.07251703265443 
1.76393024479726 4.86373654371143 1.38792071999356 
2.65765999978819 5.84405918495609 5.90548933750192 
2.52361949376811 5.67023438382591 6.07820201136066 
4.53526370249815 1.78499545974205 0.510593952237805 
4.86947759456691 2.13591783025422 0.971651607091575 
5.22926123085987 2.83230949210457 2.69166384285057 
2.15996698573234 6.12270094580182 1.16239692245564 
1.82897996876541 6.08088382803531 1.54944778071272 
6.24736258574611 4.63397074939013 2.2463340789501 
1.70141428528244 4.68712257703097 0.580700312461112 
1.84959135700078 5.07042271115146 0.87881175428473 
1.95764729282346 0.14984733705537 2.91251192164363 
1.80020181039927 0.269670918749638 3.29044425401505 
4.7585106850561 3.37021508133848 2.85528882941814 
4.83700470060025 3.01907706521777 2.97946409506294 
2.12426550357775 6.05336029270151 1.9197676880043 
1.46707011248427 6.81970561697422 2.35289922408065 
1.13337171950772 6.66911033361359 2.46241861444179 
6.4446304729169 3.75345410416022 5.15470227450529 
6.60174885939241 4.24862953871974 5.26599411826342 
5.66262455180147 5.03725000554002 2.42243641786108 
5.39206188747592 5.10390151633887 2.05891617032396 
5.54595562409103 4.89535501284341 2.26166982681157 
5.40345373991966 5.19694881750157 2.07798359045943 
5.6039601466005 5.24548674759298 2.36440564017342 
5.86237168419983 4.57382524525642 1.64865172252546 
6.56945676391133 1.53894361315933 2.44763129573261 
6.65776656415875 1.92246034818662 2.40005413536052 
6.9164911437858 2.05866480942287 2.76423751390241 
4.86978203178754 1.48776134047491 3.59176463349877 
0.236935004804575 2.83038067536443 4.4654214275041 
0.396070586786536 2.70000924436446 4.41268361940473 
0.210341863400526 2.51038132402505 4.27955587648967 
6.05583183957968 3.93506459194546 1.32905421457342 
5.7075638568209 4.17187176940486 1.5255016660234 
4.8790610188128 1.79793051913815 3.4263019981681 
6.51031013487964 3.57744587182315 5.66420389426735 
6.66979943477451 3.99548774667857 5.87513506734329 
5.08110504200066 1.38437938722812 3.42432207978818 
5.2373349429029 3.90105223064721 5.50648543717171 
4.88616926175072 3.88776247608246 5.68795194587064 
5.01303289624171 3.70317538748135 5.86138659200107 
5.32225932707224 3.7185320533114 5.69372190089636 
6.75242052119358 3.6427375075987 1.72315427003316 
0.869637463183451 3.93976081297102 5.15100740498685 
1.174015143309 3.95162371877996 4.98505099417067 
1.09644182650408 4.0203666711421 4.73491927004592 
0.708342791877739 4.0488829315458 4.82178955588384 
1.97858885844813 0.936872737344086 4.4953250973701 
2.11386563546469 0.546919042106815 4.32760472513546 
1.75914699784462 0.834799068845281 4.71179558274548 
1.11625769589177 5.47357019300545 0.71102286565807 
1.63714267863598 5.38015694611388 0.894007409261339 
6.56920216515561 4.65314109914789 1.94192165206596 
3.9804042572667 1.63732241878026 0.872351126010151 
1.12139662298257 5.46066796107723 1.16297676568112 
1.48678557574082 5.4078631413183 1.24092532201363 
6.54165772809715 4.28017605909828 1.3824100835466 
6.4201186858959 4.60594093179516 1.54583462387134 
4.15102646426588 2.10007179293402 1.21703402116179 
4.05449031530123 1.82218214370704 0.819248052933232 
1.72943330954956 4.19546320883409 0.756573465984977 
1.60924776741266 4.34656441367431 0.812177768968788 
1.61122468913753 4.39098732691497 1.20524075984035 
4.08194717350512 1.9400193009416 1.45381090673522 
3.9633160279687 1.59234962036441 1.29896643420473 
0.342783433383607 4.75555794481842 0.850375047153403 
6.88812022082688 3.99640774149987 1.67177055428232 
6.92841543785528 4.17704467823675 2.00716103483053 
1.75333328488146 4.22753777993344 1.29771306060657 
1.87957640344607 4.05780965043998 1.02029695680685 
6.5809506789397 2.18981774098802 3.48393177699677 
6.12640844569931 2.05188091993239 3.6374698017041 
5.58204451237454 1.47382535366016 2.13056727332641 
5.07360067010022 1.32514035519514 1.79027947504517 
5.30314081646207 1.26794100146897 2.16203761710151 
1.358096500565 4.36885219221132 2.75865002714076 
0.716828535742857 4.81461638443238 0.198290132692102 
3.51301916912122 0.463132182717618 5.60281209207004 
6.2255351173995 1.94519382754196 1.17544245838735 
6.37005645823487 2.25403904937972 1.3597147368647 
5.57073801224768 1.87981342114854 3.17183701863287 
5.08960769520996 1.70158229503437 3.2502750746721 
0.626012608727887 4.47706974504914 3.02624899409075 
0.603127881196896 4.23501944883232 2.49761137951415 
6.05913840372065 2.33758174542736 1.42129323969784 
5.96378993299677 2.01535146803029 1.23112582664369 
1.41345871821496 3.91953149334118 2.50936723646003 
0.989545366806783 3.83919032887555 2.33841112962642 
1.34754720789879 4.33913019334267 2.66078899691451 
0.778443549123318 4.21100145662581 2.40576783880979 
6.86466406955736 4.62966129545655 0.833042454427132 
6.76832863314308 4.595445547011 0.561535465054147 
5.53582153575434 1.96145268742147 2.72223226795294 
5.02696800192121 1.76280129259434 2.84604477691123 
6.81482305814466 4.36975489973211 0.924902732915882 
6.67886136230881 4.27458698326124 0.601275133525192 
3.36978770232701 0.737819913972917 5.22233758949169 
3.03964627345152 0.633441351624947 5.1640462885834 
4.48463556077084 3.22605360856751 1.59848053527888 
1.22889793287641 3.64453210496611 4.33214511791914 
1.31268938593401 3.7922497045148 3.7179454637215 
1.46538891314254 3.78772856100181 4.07589508527527 
4.78196383175102 2.80794796510756 1.57819678570617 
4.68554788127361 2.56887992616216 1.22386554287071 
0.858049974461492 3.6069425486169 3.73703378425848 
0.815013510084057 3.49966319961399 4.10265637707581 
6.14861747178723 1.59526399725529 3.66708801464085 
6.44694347333859 4.70366577467264 3.10951060453078 
6.12276241972578 1.20679988341026 3.11684386608085 
5.88664084709148 1.44411420245213 3.40203441981426 
6.79290505492492 5.13895950195767 2.95365126902768 
6.63267073910642 4.84974117476421 3.19631669747429 
3.93397984101142 3.26911935772845 1.38320480409975 
4.26138963784332 2.93085774674774 1.05618129756155 
4.23683139645593 3.25031322555543 1.27353485047492 
6.43233509345708 5.07867853456177 2.39083234847171 
6.23564760734707 4.89097405078504 2.44627072704011 
4.73472858423622 1.22022765657611 6.028978504275 
5.11936205358533 2.78680730408416 0.304198493463262 
4.88862492829558 2.71022858077304 0.392075306959729 
3.84817345370145 2.66949147454043 1.06873541595719 
3.66503501883509 2.78842701629946 1.22247066745475 
4.52497547490756 1.10666471827467 5.81472740020831 
6.81413025583786 1.80057864999187 3.46637208730842 
3.36324988122639 1.44440977749855 6.63628630749666 
3.48667433115947 1.75994951747928 6.56162804941136 
4.6345280964045 1.67430279528378 6.14150214364105 
4.08946663953083 1.96516200904517 6.09679062682687 
1.365730409976 2.34175800009811 3.50297077354836 
1.71896826999246 1.96554280101941 3.38196507939831 
4.69177363838106 1.46910688966772 5.96048053088476 
6.52651383337507 1.21499471144141 3.22138904751687 
6.55960163763523 1.46809240571643 3.56546516749466 
6.81016778550199 1.40172994062531 2.82377563254713 
6.99671100980386 1.74988616814594 2.99576933687141 
2.02190549393057 2.34271324630598 3.30646058139878 
1.58470532981889 2.58388892460747 3.4481653078074 
6.02191533908958 0.398617087990026 4.31159715427857 
5.7868904958896 0.308516479625928 4.64775352732087 
1.1646042586006 0.564136224381765 2.50989512108886 
1.30479743306202 0.63742541572629 2.25314846341702 
1.54672980046329 0.369509355126973 2.23123244007591 
5.6794885574841 0.554971207497052 4.13482990366816 
5.46650127229162 0.482974468697385 4.40095184295443 
6.48905821631893 3.00305984446757 2.36505609282841 
6.26512374244363 3.33892514140472 2.28241864677954 
4.55232827961988 1.35977816314432 5.30252009462684 
6.16820509354334 0.459515062997081 2.04531705680781 
6.35212002288345 0.612876555469411 1.88035606507137 
1.32261561418328 0.232860596768538 2.6370883700459 
1.50368688603553 0.168072981473785 2.50530217949233 
3.89800738142278 1.59190990202785 5.26332978536892 
4.17667642861591 1.51014197204522 5.05941587505202 
3.98019398546137 1.48822333362585 5.6921329019412 
4.46850679166911 1.30373411429444 5.73455730426556 
6.71256462074134 3.53594209982477 2.15347348535641 
5.28410291765943 2.55844320617035 6.22079772806585 
5.26832548069633 2.12577837394065 6.20844372802201 
4.92071484622513 1.95406835337818 5.98250256135316 
2.97152220146419 6.18898922062849 2.53371503161834 
2.78413634594891 6.25194298161547 2.97823295653599 
2.6064628685985 6.53322624178606 2.75007408908689 
2.77361081374739 6.45208605327882 2.40540465245832 
6.595699779954 0.492364104157154 3.31472837425464 
6.73432263835311 0.718037634071417 3.32351244831023 
0.956678841950605 1.91677307782768 2.40618400997782 
0.775261370329329 1.69658243318818 1.99995322316543 
4.90934567633072 3.01304370710529 5.75592395028718 
4.60096609915868 2.74862452667351 5.43377420658297 
4.06923058917812 0.68551699678757 6.02070116797022 
4.89945886449699 2.75312133430236 6.07231719107812 
4.65153777495033 2.46007716086619 5.89150552714977 
4.11929611952006 0.309126607330789 5.83628068338781 
1.30668338823111 1.84271545942643 2.24391938156482 
1.23361266328403 1.65951196111919 1.90947906707419 
4.41125974359201 3.78131515746144 3.70908511695614 
0.818955175801747 3.34247966043425 1.5972589452424 
0.740672710372392 3.002078800188 1.81807456911776 
4.53937412318411 3.81936668754678 3.17978898579208 
4.82669503350095 3.58466577166212 3.09046040700558 
1.03862311252948 3.19715394166029 1.42951310569901 
1.02363843618965 2.92692084987501 1.54902735816689 
4.60917090707556 3.19603612012153 4.03243802459168 
4.71435434667007 3.44674046730357 3.90267803111202 
5.00029999657142 3.32299133860856 3.5070246610566 
5.00379770045181 3.04919820033684 3.44247479934975 
4.78930092536844 2.8115935432346 3.74559297394861 
0.0991500471838024 3.60155338094532 4.69431202551597 
0.327778242311212 3.87974309559865 4.6000016340104 
0.134624571708612 3.53446201485631 4.41700011134525 
0.311297406758983 3.72877303715161 4.33251381699221 
3.57410838995748 3.51092255494412 3.57930411763054 
3.32138421186713 3.58650929093724 3.80649878613609 
3.73473008834324 3.60996583078642 3.75944482358186 
3.56379703731537 3.67385722998393 3.95321351945812 
5.48325993570769 3.80553980244878 2.21973714724374 
5.74116452069894 3.44809467159566 2.18931443647106 
5.19949222538604 3.50158849158525 2.23615515020728 
5.38108009696507 3.25219220783044 2.2102537982143 
3.26560927692909 0.699128111265107 3.53529082532906 
3.23066199688066 0.336051748095604 3.36715628676228 
2.96659730666182 0.171343933265599 5.88852202136632 
2.71870400092839 0.234944752134924 5.70199975353379 
3.15505547009246 0.17693534851139 5.66625297437935 
2.93234324841316 0.224570105578727 5.48116812330425 
3.40412649027168 0.902093297107273 3.24297600376588 
3.45981657509148 0.575378807098074 2.93146928984592 
2.5540545069068 1.36673257627244 2.45901092675778 
2.61918457512158 1.72781471218899 2.44733989501053 
2.81111552003875 1.38618153656032 2.571300503979 
2.8312365547754 1.68970155293739 2.54186313193564 
4.58251441090001 6.25133596669189 6.14290295966994 
4.82073339987898 6.58090597424169 5.96413598018012 
5.1868226367989 6.39188188306431 6.28524679690641 
4.96558208214802 6.0805761638762 6.4401102960545 
5.40420410505167 1.55553968309585 1.4080103165363 
5.63081144776033 1.61175522758066 1.50976016321187 
5.28823796177979 1.6116225125095 1.62410580187843 
5.50135928985372 1.66688177998499 1.7400796495299 
4.42232068592031 0.835928173235212 6.68669786260157 
4.11473130840556 0.617342993523229 6.45563242698843 
5.45117445235243 1.38222419184209 0.381815714469137 
5.57244637636209 1.11552002797707 0.301487676904548 
2.78867486412182 5.83174119975982 1.59065135730475 
2.66699409455317 5.80315754116763 1.89580841538936 
2.51115240201409 6.05825813462457 1.84746601785124 
2.60865638425928 6.08356581253373 1.5918049905779 
5.02866525235431 6.26161378488201 3.36328179904209 
5.19834415993606 6.16998610678215 3.83851738004598 
5.32559996030428 6.71967586303803 3.62437275497188 
5.15294083229517 6.64934896354263 3.31626460965983 
6.48773213832321 5.63075860974255 3.79696538748227 
6.27924640506788 5.85912490603639 3.7050139986768 
6.241173398628 5.70847858724296 3.52314502313098 
6.40954272948315 5.52909860428568 3.59269719133832 
POLYGONS 1627 9966
5 3 2 5 1313 532 
4 4 3 532 1162 
5 910 1163 0 1176 1177 
6 1162 1163 910 1234 1313 532 
5 1 588 1223 1064 1063 
5 5 588 1 1234 1313 
5 1 1063 1177 910 1234 
5 653 1037 1064 1223 1224 
4 883 884 653 1224 
6 2 5 588 1223 1224 883 
6 3 2 883 884 608 4 
5 4 608 0 1163 1162 
6 0 608 884 653 1037 1176 
5 875 876 1332 978 1079 
6 978 1066 1466 1465 1331 1332 
6 8 1190 1573 1596 1629 1628 
6 7 6 1040 1247 1573 1190 
5 6 1040 1122 1613 1612 
6 10 9 11 1225 1226 624 
6 13 12 902 1225 11 870 
5 14 645 1284 1285 794 
5 14 15 594 904 645 
5 793 794 1285 1024 612 
5 17 16 793 612 504 
5 16 15 14 794 793 
6 16 15 594 1095 1094 17 
5 27 22 24 20 1036 
5 26 23 633 634 1014 
5 20 19 25 21 24 
5 24 21 26 23 22 
6 28 575 1137 1138 670 1080 
6 27 22 23 633 30 18 
5 29 575 1137 1231 928 
5 37 36 31 489 718 
6 33 38 39 37 718 719 
5 36 31 35 32 34 
4 38 39 789 40 
6 36 34 788 789 39 37 
6 659 1069 1144 1070 1563 1567 
5 598 1145 1098 1478 1477 
5 598 1071 1031 1662 1477 
6 1017 1018 1663 1662 1031 41 
5 1018 1126 790 1469 1663 
5 1098 1099 790 1469 1478 
5 41 1031 1071 1070 1563 
4 41 1017 1567 1563 
5 659 1069 1099 790 1126 
5 1017 1018 1126 659 1567 
5 42 43 1398 1069 659 
5 42 43 1528 1523 1462 
5 42 659 1567 1568 1462 
5 1398 1399 47 1528 43 
5 1069 1144 833 1399 1398 
5 1462 1523 1585 1578 1568 
5 46 45 44 1586 1577 
6 44 47 1528 1523 1585 1586 
5 46 1070 1563 1579 1577 
5 45 44 47 1399 833 
5 46 45 833 1144 1070 
6 1376 1377 688 1410 1409 49 
4 49 821 1323 1376 
6 626 627 48 821 1323 1324 
5 49 821 48 1400 1409 
5 549 983 1163 910 1067 
5 50 549 983 984 1286 
5 52 1314 1332 876 1319 
6 50 51 714 1154 1067 549 
5 51 714 876 1319 1228 
5 52 730 1287 1228 1319 
5 50 51 1228 1287 1286 
5 532 730 52 1314 1313 
5 554 555 912 911 698 
5 900 901 558 911 912 
5 701 812 555 912 900 
5 54 56 53 728 729 
5 53 55 701 812 728 
6 56 53 55 61 60 58 
5 60 61 901 558 1297 
6 59 54 729 554 698 664 
5 59 54 56 58 57 
5 61 55 701 900 901 
4 59 57 1296 664 
5 58 60 1297 1296 57 
5 554 555 812 728 729 
5 885 1568 1578 62 1584 
6 1315 1316 502 1693 1692 829 
4 502 503 686 1316 
5 851 852 829 1315 63 
6 67 65 866 1442 1438 570 
5 66 64 1467 1524 1518 
5 64 967 488 1468 1467 
5 66 64 967 1438 570 
6 42 1462 1468 488 1680 1682 
5 866 1442 1680 1682 1538 
5 42 43 913 1538 1682 
6 67 65 913 43 1528 1529 
4 65 866 1538 913 
5 66 570 67 1529 1518 
5 70 69 71 886 963 
5 68 69 70 1305 811 
5 72 68 69 71 1237 
4 74 75 1171 1407 
5 75 738 73 1183 1171 
6 74 1407 1411 1390 1639 1631 
6 1171 1183 1604 1605 1411 1407 
5 76 1042 1360 1638 1630 
7 74 75 738 737 76 1630 1631 
5 76 737 77 1041 1042 
4 1359 1390 1411 1605 
4 77 73 738 737 
5 77 73 1183 1604 1041 
6 1041 1042 1360 1359 1605 1604 
5 79 6 1612 892 767 
5 891 892 1612 1613 78 
6 499 1087 1681 1680 1442 1443 
5 78 499 1443 974 891 
6 766 767 79 1539 1538 866 
5 766 866 1442 1443 974 
5 79 6 1040 1537 1539 
6 1040 1122 1087 1681 1683 1537 
5 78 499 1087 1122 1613 
5 766 767 892 891 974 
5 83 82 81 1035 1034 
5 81 86 85 87 1035 
5 82 81 86 95 94 
6 83 82 94 80 93 91 
5 90 91 83 1034 1203 
5 1034 1035 87 1487 1203 
4 84 89 80 93 
5 84 92 88 96 89 
6 93 84 92 1485 90 91 
5 86 85 88 96 95 
6 88 85 87 1487 1485 92 
5 96 89 80 94 95 
4 90 1203 1487 1485 
6 74 658 795 985 1408 1407 
5 97 98 499 1087 1088 
6 99 12 13 101 1330 1329 
4 99 102 902 12 
4 99 102 1433 1329 
4 100 907 11 1225 
6 102 902 1225 100 1432 1433 
5 906 907 100 1432 1207 
5 870 871 906 907 11 
5 731 871 906 1207 1208 
5 13 101 731 871 870 
4 101 731 1208 1330 
5 796 1041 1604 1614 1461 
5 77 961 1058 796 1041 
5 104 105 103 961 1058 
4 647 693 113 1289 
6 107 111 106 693 647 606 
7 108 113 693 106 1382 1100 813 
6 55 701 1101 1065 1089 1090 
5 109 110 53 55 1090 
4 1065 1089 531 1381 
6 110 53 728 112 1288 605 
6 107 109 1090 1089 531 111 
5 109 110 605 606 107 
5 112 108 813 812 728 
5 112 108 113 1289 1288 
5 111 106 1382 1381 531 
4 117 2 883 559 
5 118 117 559 115 1128 
5 120 121 119 114 590 
5 114 118 1128 991 590 
6 119 114 118 117 2 5 
5 588 589 1135 1266 1223 
6 115 559 883 1224 1265 1110 
5 116 991 1128 115 1110 
5 120 590 991 116 1136 
5 120 121 589 1135 1136 
6 116 1110 1265 1266 1135 1136 
5 119 5 588 589 121 
5 1335 1366 1181 1514 1512 
6 554 555 1339 1365 1119 122 
5 975 1258 1512 1335 1340 
5 122 554 729 1444 1445 
5 123 124 1514 1181 1180 
5 108 813 975 1258 1073 
5 122 1119 1180 123 1445 
7 112 108 1073 124 123 1445 1444 
4 728 729 1444 112 
5 124 1073 1258 1512 1514 
6 812 813 975 1340 1339 555 
4 129 762 125 1141 
6 125 126 1304 1307 853 762 
5 127 126 125 1141 1120 
5 127 126 1304 1645 705 
5 127 705 997 1148 1120 
5 130 998 1646 1308 1015 
5 997 998 130 1149 1148 
5 128 129 762 853 854 
5 128 854 1015 130 1149 
6 128 129 1141 1120 1148 1149 
5 17 132 135 131 1094 
6 132 133 819 841 134 135 
4 17 132 133 504 
5 139 136 138 137 709 
5 136 138 140 756 755 
4 140 141 1590 756 
6 139 136 755 623 1077 1078 
5 142 107 606 755 136 
5 107 109 690 689 142 
5 136 142 689 716 139 
5 715 716 139 1078 1026 
5 146 145 1085 831 1043 
5 145 629 715 1026 1085 
6 605 606 755 623 143 1044 
4 143 144 1077 623 
5 143 144 831 1043 1044 
6 144 831 1085 1026 1078 1077 
6 146 145 629 690 109 110 
5 146 110 605 1044 1043 
4 147 798 702 1068 
6 0 608 1195 147 798 726 
5 147 1068 1374 1194 1195 
6 1012 1013 1373 1374 1194 495 
4 0 726 759 1176 
6 909 942 1013 1012 653 1037 
7 702 724 943 908 759 726 798 
5 942 943 724 1373 1013 
5 608 884 495 1194 1195 
4 653 884 495 1012 
4 148 550 149 1637 
5 50 51 1676 1677 1378 
5 153 151 1194 1374 1312 
6 637 638 495 1012 1052 581 
4 1013 1051 1625 1373 
5 150 152 153 1312 1624 
5 150 152 839 637 581 
5 495 638 840 151 1194 
6 150 581 1052 1051 1625 1624 
5 153 151 840 839 152 
5 1217 1286 50 1378 1372 
5 609 749 1371 1372 1217 
6 503 609 1217 1286 984 686 
5 154 155 684 550 148 
6 140 141 675 157 1591 1592 
5 1325 1326 156 1635 1621 
4 138 140 1592 511 
6 137 156 1635 1636 511 138 
5 3 532 730 614 561 
6 686 984 1162 4 1385 1316 
5 4 3 561 932 1385 
6 561 614 1364 1370 940 932 
6 932 940 959 502 1316 1385 
5 158 602 1533 955 954 
5 159 158 954 970 711 
4 160 161 1082 712 
6 711 712 1082 1148 997 159 
5 161 1082 1148 1120 1121 
5 160 161 1121 1109 162 
5 1120 1121 1109 1534 127 
6 955 971 162 1109 1534 1533 
6 160 162 971 970 711 712 
5 602 705 127 1534 1533 
5 159 158 602 705 997 
6 163 783 942 909 1357 1358 
4 1104 1134 1513 1257 
5 164 595 1358 1357 732 
5 67 65 772 1030 872 
5 165 777 872 67 1529 
5 47 166 165 1529 1528 
5 166 165 777 540 521 
6 521 540 776 844 1379 1363 
5 913 914 1380 1398 43 
5 844 845 914 1380 1379 
5 65 772 845 914 913 
5 47 166 521 1363 1399 
5 167 173 171 172 170 
6 167 169 179 121 119 173 
5 170 167 169 838 1027 
5 168 174 120 121 179 
5 168 175 176 180 174 
6 179 168 175 1086 838 169 
5 172 170 1027 1026 715 
6 171 172 715 629 177 178 
6 176 180 591 177 629 145 
5 173 171 178 114 119 
5 174 120 590 591 180 
5 176 145 1085 1086 175 
5 178 177 591 590 114 
5 150 581 187 1375 1689 
4 16 15 868 1688 
5 182 184 1375 187 660 
6 184 793 16 1688 1689 1375 
6 150 152 1115 868 1688 1689 
5 183 186 661 637 839 
5 181 183 839 152 1115 
5 14 15 868 1115 181 
5 187 581 637 661 660 
6 14 181 183 186 185 794 
5 185 186 661 660 182 
5 185 182 184 793 794 
5 190 188 1051 1625 1626 
5 188 783 942 1013 1051 
5 189 873 1197 1196 1105 
5 187 192 877 1052 581 
6 190 193 968 880 1627 1626 
5 190 188 881 734 193 
4 880 968 1479 1690 
6 193 734 191 1353 1479 968 
5 188 881 877 1052 1051 
5 191 192 187 1375 1353 
5 191 192 877 881 734 
6 150 1624 1627 880 1690 1689 
6 505 506 194 556 557 195 
4 198 717 837 1672 
5 196 197 199 198 717 
5 200 753 1105 1196 836 
5 197 199 809 810 874 
6 873 874 810 1671 1665 189 
5 199 198 1672 1674 809 
6 200 818 1674 1672 837 836 
6 809 810 1671 1670 818 1674 
5 753 1105 189 1665 1664 
5 196 197 874 873 1197 
6 196 717 837 836 1196 1197 
5 200 753 1664 1670 818 
6 201 691 1328 1323 1376 1397 
5 202 646 722 723 834 
5 645 646 722 1006 904 
5 203 915 944 875 1079 
5 645 646 202 1244 1284 
6 536 537 204 625 630 631 
5 205 10 624 625 630 
5 206 209 917 654 930 
5 654 655 507 931 930 
4 208 669 1155 918 
5 654 655 208 918 917 
5 207 1059 1494 1654 1652 
5 507 655 208 669 1131 
7 917 918 1155 1156 1060 1057 209 
5 210 215 534 679 489 
4 210 489 31 509 
5 214 211 213 667 1185 
6 31 35 934 935 1005 509 
4 212 214 1185 1235 
5 216 1239 1574 1571 1454 
5 216 1239 1191 1422 1607 
5 516 517 219 1602 217 
5 217 218 1422 1607 1602 
6 216 1454 1457 219 1602 1607 
5 683 1458 1597 1596 1629 
5 218 8 1190 1191 1422 
5 218 8 1628 516 217 
5 219 517 683 1458 1457 
5 215 534 764 1054 929 
7 220 681 849 850 765 764 1054 
5 198 644 849 681 717 
6 210 199 198 644 718 489 
4 680 719 850 765 
5 197 199 210 215 929 
5 220 196 197 929 1054 
4 220 196 717 681 
5 221 222 1292 1055 223 
4 227 222 221 552 
6 223 221 552 1184 1270 1269 
6 1055 1056 1417 1418 1269 223 
6 225 1074 1260 1056 1417 1428 
5 1055 1056 1260 1279 1292 
4 677 678 225 1074 
5 226 677 1074 1260 1279 
6 227 222 1292 1279 226 224 
6 225 678 1246 1238 1429 1428 
6 224 226 677 678 1246 1245 
5 227 224 1245 1184 552 
5 228 234 240 235 233 
7 228 231 232 700 230 237 234 
5 233 228 231 236 229 
5 233 229 238 239 235 
6 238 229 236 1394 1364 621 
6 230 700 1369 1370 760 761 
5 230 237 958 773 761 
5 236 231 232 1395 1394 
6 1172 1173 760 1370 1364 621 
5 239 238 621 1172 867 
4 232 700 1369 1395 
5 237 234 240 957 958 
6 240 235 239 867 937 957 
5 241 83 82 722 646 
5 14 181 241 646 645 
5 243 81 1035 1000 758 
5 743 999 977 1116 1251 
7 241 83 1034 977 1116 1115 181 
5 242 243 758 757 244 
6 82 81 243 242 1006 722 
6 244 242 1006 904 594 584 
5 15 594 584 1252 868 
6 244 584 1252 1251 743 757 
5 243 741 785 763 758 
7 246 245 553 1153 1152 1241 1240 
4 224 226 247 1264 
5 545 546 248 1198 1146 
5 248 251 1167 1168 546 
4 249 641 1384 1232 
5 641 925 1491 1492 1384 
5 250 565 1491 925 926 
5 249 641 925 926 1609 
5 500 501 571 1454 216 
5 49 252 501 571 1409 
5 1409 1410 1457 1454 571 
5 500 501 252 567 898 
5 216 500 898 1608 1607 
4 219 688 1410 1457 
6 219 688 1377 1396 1603 1602 
5 49 252 567 1397 1376 
7 253 9 11 907 1043 831 1139 
5 254 255 129 1141 1142 
6 258 1227 1678 1677 1378 1372 
6 256 260 1222 1371 1372 258 
5 258 256 259 257 1227 
6 742 825 261 1542 1668 1666 
5 824 825 261 1634 1685 
5 261 1542 149 1637 1634 
6 496 1318 1644 1477 1662 1660 
5 263 496 1318 1317 987 
5 493 988 858 1643 1164 
6 264 494 987 263 780 1032 
5 262 264 494 493 988 
5 262 264 1032 1031 1071 
5 598 858 988 262 1071 
5 598 858 1643 1644 1477 
4 263 496 1660 780 
6 265 268 1509 1508 537 536 
6 265 266 267 996 995 268 
5 265 266 1169 1045 536 
6 221 267 266 1169 1170 552 
4 552 1170 993 1184 
5 995 996 223 1269 632 
4 221 267 996 223 
6 951 994 1046 537 1508 1511 
5 632 995 268 1509 1510 
6 1269 1270 951 1511 1510 632 
5 269 522 1147 1146 1198 
6 599 754 1147 1146 545 855 
4 754 992 522 1147 
5 269 713 865 248 1198 
6 269 522 992 1440 1441 713 
6 599 754 992 1440 1406 972 
5 248 546 1108 1106 865 
6 271 859 989 276 1262 1263 
5 275 1263 271 1658 1659 
5 274 859 271 1658 1656 
5 272 273 1219 1192 270 
5 272 273 560 276 989 
5 270 272 989 859 274 
5 1128 1129 1193 1218 115 
6 118 275 1659 1657 1129 1128 
6 559 560 273 1219 1218 115 
5 118 275 1263 1262 117 
5 559 560 276 1262 117 
7 270 274 1656 1657 1129 1193 1192 
6 634 751 278 1556 1560 1014 
6 26 1014 1560 1559 1521 1497 
5 279 635 278 1556 1555 
5 88 96 751 278 635 
6 92 88 635 279 1522 1489 
5 1521 1522 279 1555 1559 
5 84 89 633 23 277 
5 26 23 277 1498 1497 
5 84 277 1498 1489 92 
5 96 89 633 634 751 
6 284 665 710 280 1580 1344 
5 1436 1437 280 1580 1575 
5 286 281 746 283 1179 
6 282 283 746 745 285 287 
5 290 25 19 288 289 
6 293 292 819 841 295 562 
5 133 819 292 1515 1516 
5 293 292 1515 1519 535 
5 296 291 1470 1471 1291 
6 295 294 296 1291 1290 562 
7 132 133 1516 1520 1220 1471 1470 
5 293 535 640 1290 562 
5 135 134 294 296 291 
4 294 134 841 295 
4 135 291 1470 132 
4 968 969 1480 193 
6 220 196 1197 1475 1615 1606 
4 801 880 1627 990 
5 298 547 1519 1515 1160 
5 286 281 547 1519 535 
4 284 297 299 665 
5 301 737 76 1107 855 
7 76 1042 1028 1594 1593 972 1107 
5 784 1029 797 1335 1340 
6 796 797 1029 1028 1042 1041 
6 300 526 1339 1365 962 642 
5 300 526 1593 972 599 
5 300 599 855 301 642 
4 1028 1029 784 1594 
6 301 642 962 961 77 737 
6 70 302 256 259 1306 1305 
5 246 245 303 685 964 
5 303 260 256 302 685 
5 70 302 685 964 963 
4 35 32 304 934 
5 824 825 533 1589 305 
5 527 742 825 533 897 
4 592 593 744 306 
5 306 744 1393 1499 1049 
5 306 592 1084 692 1049 
5 307 308 309 846 727 
5 310 307 727 939 1083 
6 692 1049 1499 1493 1345 1298 
6 310 307 308 1393 744 593 
5 308 309 1493 1499 1393 
5 309 846 1346 1345 1493 
5 592 593 310 1083 1084 
5 282 283 695 1367 1368 
6 695 696 311 1481 1341 1367 
4 695 696 1179 283 
6 541 1247 1573 1574 1545 1557 
5 312 1002 1557 1545 1383 
5 1383 1536 1571 1574 1545 
6 312 641 1384 1535 1536 1383 
6 541 1001 925 1491 1490 1247 
4 1001 1002 1557 541 
5 312 641 925 1001 1002 
4 315 287 282 1368 
6 313 878 1271 315 1368 1367 
4 317 313 1367 695 
6 317 313 878 879 832 524 
6 523 524 317 695 283 746 
6 523 524 832 1553 1554 314 
4 314 316 1548 1554 
5 314 316 745 746 523 
5 287 285 1272 1271 315 
6 285 745 316 1548 1547 1272 
5 318 192 191 313 878 
5 191 313 1367 1341 734 
6 318 878 1271 1428 1417 1118 
4 1056 1178 1118 1417 
4 315 225 1428 1271 
5 318 192 877 1178 1118 
5 315 225 1074 1446 1368 
5 319 596 1466 1066 657 
5 1 492 1465 1331 1234 
4 179 319 657 169 
6 179 121 589 597 596 319 
5 167 169 657 1066 978 
5 167 173 1314 1332 978 
5 1 492 597 589 588 
5 119 173 1314 1313 5 
6 202 566 1416 1387 241 646 
5 320 80 94 687 835 
5 82 94 687 723 722 
6 202 566 792 320 835 834 
5 93 80 320 792 791 
5 91 93 791 1415 1388 
5 241 83 91 1388 1387 
5 321 542 626 1324 1327 
6 67 570 721 720 1117 872 
5 322 519 324 893 894 
4 323 324 893 672 
6 22 24 949 1017 41 947 
5 27 22 947 948 747 
4 20 649 1583 1036 
5 24 20 649 325 949 
6 325 885 1568 1567 1017 949 
5 325 649 1583 1584 885 
6 62 747 27 1036 1583 1584 
5 62 747 948 1579 1578 
5 947 948 1579 1563 41 
5 327 329 328 652 1349 
5 328 130 998 1016 652 
5 711 712 326 736 857 
5 735 736 326 1420 1419 
5 326 712 1082 1301 1420 
6 735 739 1347 1349 327 1419 
5 510 856 739 1347 1159 
6 159 510 1159 1016 998 997 
5 328 130 1149 1300 329 
6 327 329 1300 1301 1420 1419 
5 159 510 856 857 711 
5 332 498 1215 1320 1021 
4 332 331 330 498 
4 748 964 246 1240 
7 194 333 227 552 1170 1211 506 
5 227 224 1264 1276 333 
5 142 107 111 334 336 
5 336 142 136 138 511 
6 335 666 756 140 1592 1618 
5 111 334 1616 568 106 
6 334 336 511 1592 1618 1616 
5 335 694 568 1616 1618 
5 335 666 647 693 694 
4 106 568 694 693 
5 606 647 666 756 755 
5 54 100 1432 1444 729 
5 1207 1288 112 1444 1432 
6 54 56 146 1043 907 100 
5 906 1044 605 1288 1207 
4 146 110 53 56 
6 786 787 823 1412 1411 1390 
5 220 681 1359 1605 1606 
5 786 849 681 1359 1390 
5 337 338 587 1473 1526 
5 1213 1214 1525 1526 337 
5 341 1165 1525 1526 1473 
5 340 205 630 512 339 
6 1228 1229 1255 1679 1676 51 
5 127 126 1214 1525 1534 
5 1213 1214 126 1304 648 
5 337 490 860 1527 1526 
6 490 491 343 648 1213 337 
5 490 491 636 342 860 
5 342 613 1641 697 636 
6 602 613 342 860 1527 1533 
6 343 648 1304 1645 1641 697 
4 343 491 636 697 
5 325 345 488 1468 885 
5 344 345 325 649 607 
5 344 345 488 967 1686 
4 720 935 1005 1117 
6 349 346 347 671 670 1138 
5 347 671 1325 1621 1102 
4 346 347 1102 351 
5 28 350 348 1505 575 
6 352 529 1506 1505 348 1632 
5 350 348 1632 1635 156 
5 349 529 1506 1137 1138 
5 352 351 346 349 529 
6 352 351 1102 1621 1635 1632 
5 28 350 156 1326 1080 
4 610 1610 1053 1661 
5 1531 1532 1008 1620 1507 
5 1053 1403 1507 1620 1610 
7 1053 1403 1497 1498 780 1660 1661 
5 1403 1497 1521 1531 1507 
6 496 497 842 1472 1463 263 
6 497 610 1610 1620 1008 842 
5 263 780 1498 1489 1463 
5 496 497 610 1661 1660 
5 842 1008 1532 1517 1472 
6 195 353 266 1169 1212 505 
4 194 333 357 556 
4 356 353 195 557 
5 356 353 266 267 355 
5 355 267 221 222 354 
5 354 357 333 227 222 
6 355 354 357 556 557 356 
6 98 499 1443 1439 1125 706 
6 323 358 1273 785 763 672 
5 361 363 725 977 1116 
6 359 361 1116 1251 1236 360 
5 364 359 361 363 362 
4 725 781 999 977 
4 365 366 662 1096 
5 365 366 1293 1064 1063 
6 366 662 733 732 1357 1293 
5 909 1037 1064 1293 1357 
5 299 297 279 635 1133 
5 804 1160 298 1530 1541 
5 369 367 936 1112 1157 
5 369 1157 1459 1166 1253 
5 369 367 1317 1164 1253 
5 848 936 367 1317 1318 
5 368 656 1112 1157 1459 
5 622 656 368 1648 1649 
5 1166 1253 1164 1643 1640 
5 622 656 1112 936 848 
5 368 1459 1166 1640 1648 
4 371 616 662 733 
6 616 662 1096 1161 827 826 
5 373 372 370 1333 1334 
5 528 579 709 139 716 
6 172 170 203 915 916 888 
5 715 716 528 888 172 
5 378 830 899 377 1204 
6 377 899 1386 1385 932 933 
6 815 816 379 940 959 847 
6 376 815 847 1693 1692 869 
5 829 830 378 869 1692 
4 502 959 847 1693 
6 375 374 1158 1204 377 933 
5 379 375 933 932 940 
5 376 869 378 1204 1158 
4 379 375 374 816 
5 815 816 374 1158 376 
5 165 36 31 509 777 
5 37 380 381 644 718 
5 37 36 165 166 380 
6 166 380 381 383 382 521 
6 210 199 809 540 777 509 
4 382 383 1673 1675 
6 383 381 644 198 1672 1673 
6 382 521 540 809 1674 1675 
5 56 146 145 176 58 
7 176 58 57 625 630 512 175 
5 59 57 625 624 1226 
5 339 512 175 1086 1140 
5 253 340 339 1140 1139 
5 205 10 9 253 340 
5 54 100 1225 1226 59 
5 600 799 384 1657 1659 
6 592 593 663 1658 1656 1294 
6 384 576 1295 1294 1656 1657 
5 384 576 1065 1089 799 
4 1083 1084 385 1354 
6 576 1065 1381 1354 385 1295 
5 310 593 663 601 862 
6 310 862 531 1381 1354 1083 
6 600 601 862 531 1089 799 
5 385 1084 592 1294 1295 
4 1072 1595 1591 1623 
5 386 1072 1623 1622 1103 
6 386 1072 1595 1582 691 1328 
5 157 807 1582 1595 1591 
5 386 1103 321 1327 1328 
5 1477 1478 1650 1649 1644 
6 306 592 1294 1143 1145 1098 
4 274 1143 1294 1656 
6 858 859 274 1143 1145 598 
5 593 663 1647 1651 744 
5 858 859 271 1640 1643 
6 306 744 1651 1650 1478 1098 
6 271 1640 1648 1647 663 1658 
6 387 184 1375 1353 1221 950 
6 524 832 954 955 387 950 
6 832 879 979 817 970 954 
6 318 192 187 660 817 979 
5 182 184 387 955 971 
5 191 313 317 1221 1353 
4 317 524 950 1221 
4 878 879 979 318 
5 182 660 817 970 971 
5 675 676 1684 807 157 
4 66 388 721 570 
6 389 351 1102 1103 386 822 
5 346 347 543 1342 1352 
6 346 351 389 390 1351 1352 
6 542 543 1342 1343 627 626 
6 542 543 347 1102 1103 321 
5 390 48 627 1343 1351 
5 821 822 386 1328 1323 
5 390 48 821 822 389 
5 1188 1209 1345 1493 1502 
4 1188 1191 1239 1502 
6 1188 1191 1422 1435 1248 1209 
5 391 898 1608 1434 1280 
6 216 500 309 1493 1502 1239 
5 391 846 1346 1281 1280 
5 309 500 898 391 846 
5 1209 1248 1281 1346 1345 
5 382 392 617 515 1675 
6 514 618 394 768 1670 818 
6 617 618 394 1379 1363 392 
4 382 392 1363 521 
5 393 395 844 776 651 
5 393 395 768 1670 1671 
4 393 651 810 1671 
5 394 768 395 844 1379 
5 514 515 1675 1674 818 
6 396 501 571 582 1453 1452 
5 206 209 390 48 1400 
5 390 209 917 673 389 
5 396 398 399 252 501 
5 399 252 49 821 822 
4 397 398 396 1452 
6 397 673 917 654 1453 1452 
6 398 399 822 389 673 397 
4 654 930 582 1453 
6 571 582 930 206 1400 1409 
5 303 685 615 896 895 
7 400 585 1696 1697 803 896 615 
5 400 585 1241 1240 748 
5 400 615 685 964 748 
4 803 889 1186 1697 
4 1152 1241 585 1696 
5 245 303 895 890 553 
5 403 401 391 898 567 
5 402 201 1397 567 403 
5 401 155 154 402 403 
4 358 965 1187 1273 
6 270 272 405 406 326 736 
5 405 272 989 988 262 
5 45 833 404 1419 1420 
4 404 1150 735 1419 
5 46 45 1420 326 406 
6 270 274 1143 1150 735 736 
6 404 833 1144 1145 1143 1150 
6 406 405 262 1071 1070 46 
5 376 408 407 981 869 
6 803 847 1693 1694 1249 889 
5 407 682 1250 1182 981 
5 803 847 815 1698 1697 
5 376 408 1425 1698 815 
5 408 407 682 905 1425 
6 682 905 1186 889 1249 1250 
4 270 736 857 1192 
5 739 740 1151 1150 735 
5 576 577 740 1151 1295 
6 739 740 577 782 639 856 
4 384 1019 1129 1657 
5 576 577 782 1019 384 
5 639 782 1019 1129 1193 
5 26 21 1404 1403 1497 
5 290 25 21 1404 1356 
5 328 130 1015 769 525 
5 328 525 1639 1638 652 
6 546 1108 1630 1631 1124 1168 
6 525 769 1206 1124 1631 1639 
5 769 1015 1308 1205 1206 
6 251 1167 1205 1308 1646 1642 
4 248 251 1642 865 
6 652 1016 1106 1108 1630 1638 
5 103 409 1199 410 105 
5 844 845 1097 1210 395 
5 364 362 852 851 411 
4 365 492 1 1063 
6 365 492 1465 1426 1161 1096 
5 170 167 978 1079 203 
6 1024 1025 1421 1448 1274 1285 
5 1274 1275 1048 1449 1448 
6 749 750 895 896 960 609 
5 803 847 959 960 896 
6 42 659 1126 1127 1683 1682 
6 790 1002 1557 1558 1050 1099 
5 914 973 1558 1050 1380 
5 541 1001 1127 1683 1537 
5 1069 1099 1050 1380 1398 
6 541 1537 1539 973 1558 1557 
5 412 33 38 128 854 
5 769 770 412 854 1015 
5 380 381 329 1300 1277 
7 329 328 525 786 849 644 381 
6 412 33 719 850 787 770 
6 38 128 1149 1300 1277 39 
4 39 37 380 1277 
5 271 1263 1321 1166 1640 
5 276 413 1254 1322 1262 
5 413 493 1164 1253 1254 
5 276 413 493 988 989 
6 893 894 1033 781 999 1000 
6 87 414 324 893 1000 1035 
5 322 407 981 1033 894 
6 378 725 977 1034 1203 1204 
5 408 415 1488 1158 376 
6 408 407 322 519 520 415 
6 87 414 520 415 1488 1487 
4 414 324 519 520 
6 378 725 781 1033 981 869 
6 40 255 254 416 1414 789 
6 333 357 616 371 820 1276 
5 354 222 1292 1293 366 
5 354 366 662 616 357 
5 732 733 371 820 164 
6 164 595 247 1264 1276 820 
5 226 247 595 1358 1279 
5 131 213 211 291 135 
5 837 946 1350 1673 1672 
6 200 836 1029 784 1361 1362 
6 946 1028 1594 1600 1348 1350 
4 417 643 1600 1348 
6 514 515 417 643 1361 1362 
6 417 515 1675 1673 1350 1348 
5 643 1361 784 1594 1600 
4 514 818 200 1362 
6 352 427 424 423 1633 1632 
5 425 427 352 529 530 
4 423 418 421 1633 
6 419 518 604 426 563 564 
5 420 422 419 518 674 
5 529 530 603 1503 1506 
5 348 420 674 1504 1505 
5 423 418 564 563 424 
5 422 419 564 418 421 
5 427 424 563 426 425 
6 348 420 422 421 1633 1632 
5 425 426 604 603 530 
5 507 508 429 919 655 
5 428 848 936 1004 882 
5 428 429 508 808 882 
5 208 656 1112 1113 669 
5 208 655 919 622 656 
5 1003 1113 669 1131 1132 
5 428 429 919 622 848 
5 808 882 1004 1003 1132 
5 417 515 617 1151 740 
5 404 392 617 1151 1150 
6 404 392 382 383 327 1419 
5 327 383 1673 1350 1349 
5 739 740 417 1348 1347 
4 363 725 378 830 
5 377 431 840 151 899 
4 430 90 91 1388 
6 430 431 377 1204 1203 90 
7 430 431 840 839 183 1387 1388 
4 181 241 1387 183 
6 153 151 899 830 363 361 
5 153 361 1116 1115 152 
5 133 504 612 1474 1516 
7 587 804 1160 1515 1516 1474 1473 
6 1024 1025 341 1473 1474 612 
5 432 433 1111 1110 116 
5 434 433 432 1566 1565 
6 116 432 1566 1011 1020 991 
5 1010 1011 1566 1565 982 
5 1110 1111 980 1218 115 
5 434 433 1111 980 699 
6 699 980 1218 1193 639 1092 
5 434 699 1092 982 1565 
5 264 494 430 1388 1415 
5 774 791 1415 264 1032 
5 277 774 1032 780 1498 
5 84 277 774 791 93 
5 1485 1486 1463 1489 92 
4 263 987 1486 1463 
6 430 90 1485 1486 987 494 
7 424 397 1452 1456 1651 1647 563 
6 654 655 919 920 1455 1453 
4 424 397 673 427 
6 425 426 368 656 208 918 
5 425 427 673 917 918 
5 426 368 1648 1647 563 
5 919 920 1650 1649 622 
5 265 266 353 436 435 
5 265 435 513 631 536 
4 338 587 804 1541 
5 402 403 1611 1619 1587 
6 261 335 1618 1619 1587 1634 
6 154 402 1587 1634 1637 148 
5 403 401 775 1617 1611 
5 568 569 1337 1561 694 
6 401 155 684 1337 569 775 
5 261 335 694 1561 1542 
6 149 550 684 1337 1561 1542 
6 298 547 861 860 490 1530 
5 281 547 861 523 746 
5 342 314 523 861 860 
6 284 297 279 1522 1517 1344 
5 1260 1261 163 1358 1279 
4 410 105 104 437 
7 653 1012 1052 877 1178 1265 1224 
5 979 980 1111 1118 318 
6 559 560 638 495 884 883 
5 273 560 638 637 661 
5 660 661 273 1219 817 
6 619 620 1200 1199 409 828 
5 438 548 619 828 1075 
5 439 171 172 888 1022 
5 173 171 439 52 1314 
6 439 52 1319 1320 1021 1022 
6 344 441 442 707 1687 1686 
5 440 443 441 344 607 
6 300 526 912 911 1392 1391 
5 300 642 1076 1389 1391 
5 642 962 828 1075 1076 
5 1075 1076 1389 1496 438 
6 438 548 444 1216 1495 1496 
5 122 444 1216 698 554 
5 698 911 1392 1495 1216 
5 619 828 962 1365 1119 
5 122 444 548 619 1119 
4 555 912 526 1339 
6 807 1582 1587 1634 1685 1684 
5 261 335 666 533 825 
5 305 676 1684 1685 824 
6 675 676 305 1589 1590 141 
5 533 666 756 1590 1589 
5 445 102 902 903 446 
6 99 102 445 814 1302 1303 
5 79 628 1189 973 1539 
5 845 914 973 1189 1097 
6 32 34 1518 66 388 304 
6 304 388 721 720 935 934 
5 165 36 34 1518 1529 
6 447 620 923 1310 1311 650 
6 445 102 1433 1445 122 444 
5 123 1268 1329 1433 1445 
5 447 650 1268 123 1180 
6 650 1268 1329 99 1303 1311 
5 445 444 548 924 814 
5 619 620 447 1180 1119 
5 243 81 86 448 741 
5 672 763 758 1000 893 
6 86 448 1187 965 966 85 
6 414 324 323 358 965 966 
4 85 87 414 966 
5 448 741 785 1273 1187 
5 265 268 174 168 435 
5 204 625 57 1296 1267 
6 60 180 174 268 1509 1297 
4 58 60 180 176 
5 168 435 513 512 175 
4 204 537 1508 1267 
4 300 599 754 1391 
5 1232 1233 802 1535 1384 
6 367 449 1484 1486 987 1317 
5 369 367 449 374 375 
5 369 375 933 1254 1253 
5 413 431 377 933 1254 
5 430 431 413 493 494 
5 374 449 1484 1488 1158 
5 432 433 1418 1269 632 
5 223 996 1135 1266 1055 
5 116 432 632 995 1136 
5 433 1111 1118 1417 1418 
4 946 1028 1042 1360 
4 1107 1108 1630 76 
6 1349 1350 946 1360 1638 652 
5 421 336 511 1636 1633 
5 336 142 689 422 421 
5 420 422 689 716 528 
5 348 420 528 579 350 
5 350 156 137 709 579 
6 450 572 1576 1575 1436 1699 
5 585 586 450 1699 1696 
4 452 1238 1429 1424 
4 451 572 450 586 
5 88 85 966 1133 635 
5 1463 1472 1581 1484 1486 
6 415 280 1580 1581 1484 1488 
4 415 280 710 520 
7 414 520 710 665 299 1133 966 
5 704 827 1161 1426 1431 
6 354 366 365 492 597 355 
5 357 556 771 826 616 
6 356 557 1038 1430 1466 596 
4 356 355 597 596 
5 454 453 1356 290 289 
5 1018 1174 1053 1661 1663 
6 926 1009 1174 1053 1610 1609 
5 312 574 1469 790 1002 
5 1126 1127 1009 1174 1018 
5 925 926 1009 1127 1001 
5 312 574 611 249 641 
5 610 611 249 1609 1610 
6 610 611 574 1469 1663 1661 
5 456 583 1256 805 806 
6 456 69 70 302 455 583 
4 257 259 1306 1243 
6 257 1227 1256 805 1242 1243 
5 455 258 1227 1256 583 
4 455 258 256 302 
5 805 806 68 811 1242 
4 456 69 68 806 
4 584 594 1095 668 
5 443 454 289 288 440 
6 1282 1283 311 1481 1480 969 
5 193 734 1341 1481 1480 
5 640 696 311 1283 1290 
6 695 696 640 1220 1221 317 
6 968 969 1282 1291 1471 1479 
5 312 574 920 1455 1383 
5 574 611 429 919 920 
6 429 508 1233 1232 249 611 
5 582 1453 1455 1383 1536 
6 930 931 802 1535 1536 582 
5 507 508 1233 802 931 
6 302 455 232 700 615 685 
4 456 228 231 583 
5 234 71 886 887 237 
5 228 234 71 69 456 
4 231 232 455 583 
4 230 400 615 700 
5 230 400 748 887 237 
6 1494 1495 1392 1570 1655 1654 
6 457 269 713 1552 1554 1548 
5 458 457 1548 1547 1451 
6 434 699 1540 1547 1451 1450 
5 457 269 522 864 458 
5 434 1450 941 1569 1565 
5 982 1440 992 1569 1565 
5 458 864 941 1450 1451 
6 207 1059 1062 664 1296 1267 
6 59 664 1062 446 903 1226 
5 63 147 1068 411 851 
6 395 768 1298 1345 1209 1210 
6 1298 1299 459 1664 1670 768 
5 179 319 436 435 168 
4 341 1025 1421 1165 
5 18 27 747 460 779 
5 277 23 22 947 774 
4 18 30 778 779 
6 89 80 320 778 30 633 
4 460 747 948 922 
6 778 779 460 922 792 320 
6 212 801 990 360 1236 1235 
6 359 360 990 1627 1624 1312 
4 359 361 153 1312 
6 214 1185 1252 868 1688 1691 
6 212 214 1691 1690 880 801 
5 425 530 1114 1155 918 
5 426 368 1459 1460 604 
5 603 604 1460 1172 867 
5 1112 1113 938 1173 1157 
6 937 938 1113 669 1155 1114 
5 530 603 867 937 1114 
5 303 260 1222 750 895 
6 7 628 1189 1188 1191 1190 
5 462 464 1460 1172 621 
6 238 463 465 466 462 621 
4 603 867 239 1503 
5 464 461 518 604 1460 
5 461 466 465 674 518 
5 238 463 1504 1503 239 
4 466 462 464 461 
4 463 465 674 1504 
5 60 180 591 467 61 
5 468 177 591 467 800 
5 61 467 800 1090 55 
5 109 690 468 800 1090 
4 468 177 629 690 
6 711 857 1192 1219 817 970 
5 159 158 1551 1093 510 
5 510 856 639 1092 1093 
5 158 954 832 1553 1551 
5 979 980 699 1540 879 
5 397 398 469 423 424 
4 469 398 399 976 
5 352 427 673 389 351 
5 399 822 386 1072 976 
7 423 469 976 1072 1623 1636 1633 
5 428 429 611 610 497 
5 428 497 842 843 882 
5 97 442 441 1543 1088 
6 250 565 956 1088 1543 1544 
6 443 454 453 1544 1543 441 
6 703 900 912 526 1593 1601 
5 558 911 1392 1570 1564 
5 558 901 1011 1566 1564 
6 982 1010 703 1601 1406 1440 
5 362 363 830 829 852 
4 539 951 1511 1653 
6 434 433 1418 1429 1424 1450 
6 1510 1511 1653 1655 1570 1564 
5 432 632 1510 1564 1566 
6 452 538 1201 941 1450 1424 
6 538 539 951 1270 1238 452 
5 337 338 1541 1530 490 
6 1188 1189 973 1558 1546 1502 
4 394 692 1298 768 
6 394 692 1049 1050 1380 1379 
5 97 98 706 707 442 
5 470 330 331 29 928 
5 470 578 752 927 928 
5 408 415 280 1437 1425 
6 420 528 888 1022 465 674 
5 461 472 471 419 518 
6 471 468 690 689 422 419 
5 472 471 468 177 178 
6 171 178 472 461 466 439 
4 465 466 439 1022 
4 706 707 1687 1125 
5 24 21 1404 1175 949 
6 440 288 19 20 649 607 
5 344 441 1543 1550 345 
6 325 345 1550 1549 1175 949 
6 453 1356 1404 1175 1549 1544 
6 17 132 1470 1691 1688 16 
5 1091 1464 1474 1516 1520 
6 387 184 793 612 1474 1464 
4 387 950 1091 1464 
5 476 475 474 1275 1274 
5 185 476 1274 1285 794 
5 202 566 474 1275 1244 
5 475 474 566 1416 473 
5 476 475 473 186 185 
5 186 473 1416 1387 183 
4 1174 1175 1549 1009 
5 250 926 1009 1549 1544 
4 327 329 381 383 
4 525 786 1390 1639 
6 681 717 837 946 1360 1359 
6 410 437 544 477 1200 1199 
5 836 1029 797 1202 1196 
5 796 797 1202 1476 1461 
4 1272 1423 1451 1547 
5 111 334 863 862 531 
5 478 863 334 1616 1617 
5 478 307 727 775 1617 
6 568 569 551 1355 1382 106 
5 310 307 478 863 862 
5 551 939 1083 1354 1355 
5 551 569 775 727 939 
5 286 535 640 696 1179 
5 151 899 1386 1195 1194 
5 63 147 1195 1386 1315 
6 411 364 359 1312 1374 1068 
6 450 586 761 760 379 816 
5 230 400 585 586 761 
4 379 760 1370 940 
5 615 700 1369 960 896 
5 815 816 450 1699 1698 
5 72 68 806 578 752 
6 349 529 530 1114 1482 1500 
5 349 346 1352 1061 1500 
4 390 209 1057 1351 
5 1060 1061 1500 1482 1156 
6 236 231 583 1256 1255 1229 
5 1228 1229 236 1394 1287 
6 455 232 1395 1217 1372 258 
5 401 391 846 727 775 
6 399 252 567 403 1611 976 
5 396 308 309 500 501 
5 478 469 976 1611 1617 
6 478 307 308 396 398 469 
5 402 201 691 1582 1587 
7 331 29 575 1505 1504 463 332 
5 463 465 1022 1021 332 
5 214 211 291 1470 1691 
5 551 708 1081 1401 1355 
4 813 975 1402 1100 
6 693 694 1561 1562 945 113 
4 108 113 945 1073 
5 387 955 1533 1527 1464 
5 162 476 1274 1448 1109 
5 185 182 971 162 476 
5 345 488 1680 1681 1550 
5 1087 1088 1543 1550 1681 
5 449 573 1572 1581 1484 
6 374 449 573 572 450 816 
4 572 573 1572 1576 
5 163 783 188 881 1261 
6 1064 1223 1266 1055 1292 1293 
5 103 409 828 962 961 
5 238 229 498 332 463 
5 229 236 1229 1215 498 
4 462 614 1364 621 
6 439 52 730 614 462 466 
5 937 957 1483 1482 1114 
5 479 773 938 1113 1003 
6 799 800 467 1020 1019 384 
5 590 591 467 1020 991 
5 471 468 800 799 600 
5 472 471 600 1659 275 
5 472 178 114 118 275 
5 40 38 128 129 255 
5 404 392 1363 1399 833 
5 385 618 394 692 1084 
5 1049 1050 1099 1098 306 
5 617 618 385 1295 1151 
5 480 240 957 1483 1501 
6 349 1138 1230 480 1501 1500 
6 235 239 1503 1506 1137 1231 
5 480 240 235 1231 1230 
5 445 446 1062 1216 444 
4 664 698 1216 1062 
5 41 947 774 1032 1031 
4 79 6 7 628 
5 367 449 573 1004 936 
5 451 479 773 761 586 
6 369 375 379 760 1173 1157 
6 451 479 1003 1004 573 572 
4 477 447 620 1200 
5 470 233 229 498 330 
6 456 228 233 470 578 806 
7 385 618 514 1362 1401 1355 1354 
5 417 643 921 577 740 
5 423 418 863 478 469 
5 334 336 421 418 863 
6 1134 1202 797 1335 1512 1513 
5 200 753 1081 1401 1362 
6 753 1081 1259 1257 1104 1105 
5 551 708 459 1299 939 
5 496 497 428 848 1318 
5 843 882 1004 573 1572 
6 39 789 1414 1427 1278 1277 
5 34 788 1007 1524 1518 
6 47 166 380 1277 1278 44 
4 44 1278 1427 1586 
5 418 564 601 862 863 
5 471 419 564 601 600 
5 356 353 436 319 596 
6 161 482 1427 1278 1301 1082 
5 481 482 161 1121 1023 
5 416 481 1023 1142 254 
5 481 482 1427 1414 416 
6 464 461 472 275 1263 1321 
5 563 564 601 663 1647 
5 1166 1321 464 1460 1459 
5 577 782 1010 703 921 
5 703 921 643 1600 1601 
5 483 945 1562 1669 1667 
6 372 483 945 1073 124 370 
6 713 865 1642 1641 613 1552 
5 342 314 1554 1552 613 
6 104 437 544 1181 1366 1058 
4 580 1230 480 1336 
6 355 267 996 1135 589 597 
5 268 174 120 1136 995 
5 484 474 566 792 922 
5 484 474 1275 1048 1047 
5 158 602 613 1552 1551 
6 234 71 1237 1336 480 240 
6 131 213 667 668 1095 1094 
5 481 1023 1449 1048 1047 
5 1023 1121 1109 1448 1449 
5 477 447 1180 1181 544 
4 74 658 1124 1631 
5 459 708 1081 753 1664 
5 574 920 1650 1478 1469 
5 61 467 1020 1011 901 
5 703 900 701 1101 921 
6 483 485 527 742 1666 1667 
6 483 485 1130 1289 113 945 
4 485 527 897 1130 
6 533 666 647 1289 1130 897 
5 558 1297 1509 1510 1564 
6 207 1267 1508 1511 1653 1652 
6 1009 1127 1683 1681 1550 1549 
4 1040 1247 541 1537 
4 483 485 373 372 
6 373 485 1130 1208 1330 1334 
5 124 370 1333 1268 123 
5 1239 1502 1546 1545 1574 
5 396 308 1393 1456 1452 
5 571 582 1536 1571 1454 
5 4 608 1195 1386 1385 
5 46 406 486 487 1577 
5 45 44 1278 1301 1420 
5 326 406 486 160 712 
5 487 482 1427 1586 1577 
5 487 482 161 160 486 
6 117 2 3 561 1322 1262 
6 276 413 431 840 638 560 
5 932 933 1254 1322 561 
6 72 752 927 580 1336 1237 
5 470 233 235 1231 928 
5 487 484 1047 481 482 
5 486 487 484 474 475 
5 160 162 476 475 486 
5 770 787 823 986 953 
6 405 272 273 661 186 473 
6 262 264 1415 1416 473 405 
5 405 473 475 486 406 
6 462 464 1321 1322 561 614 
4 744 1393 1456 1651 
6 487 484 922 948 1579 1577 
5 915 916 1021 1320 944 
5 488 967 1438 1442 1680 
5 708 1081 1259 1309 1338 
5 1104 1105 1196 1202 1134 
5 679 680 719 718 489 
6 878 879 1540 1547 1272 1271 
5 540 776 651 810 809 
5 596 597 492 1465 1466 
5 493 494 987 1317 1164 
5 502 503 609 960 959 
4 505 506 1211 1212 
5 507 508 808 1132 1131 
5 509 777 872 1117 1005 
5 510 1093 1441 1405 1159 
5 993 994 951 1270 1184 
5 1591 1592 511 1636 1623 
5 551 569 1337 1338 708 
4 512 513 631 630 
5 889 890 553 1153 1186 
4 514 515 617 618 
5 1455 1456 1651 1650 920 
5 516 517 683 1629 1628 
6 603 604 518 674 1504 1503 
5 1038 1039 704 1431 1430 
5 667 668 584 1252 1185 
5 784 1340 975 1402 1361 
6 998 1016 1106 865 1642 1646 
5 522 864 941 1569 992 
5 523 524 950 1091 861 
5 769 770 787 786 525 
6 1339 1340 784 1594 1593 526 
5 1093 1441 713 1552 1551 
6 532 730 1287 1286 984 1162 
5 679 680 765 764 534 
5 535 640 1220 1520 1519 
5 860 861 1091 1464 1527 
5 639 782 1010 982 1092 
4 536 537 1046 1045 
4 575 1137 1506 1505 
5 538 539 1653 1655 1201 
5 540 776 1030 872 777 
6 1092 1093 1551 1553 1540 699 
5 545 546 1108 1107 855 
5 844 845 772 1030 776 
5 908 909 1037 1176 759 
5 547 861 1091 1520 1519 
5 619 620 923 924 548 
4 885 1468 1462 1568 
4 972 1406 1601 1593 
5 556 557 1038 1039 771 
6 664 698 911 558 1297 1296 
5 565 956 1123 1490 1491 
5 791 792 566 1416 1415 
6 567 898 1608 1603 1396 1397 
5 1100 1382 1355 1401 1402 
5 568 569 775 1617 1616 
5 576 577 921 1101 1065 
5 927 928 1231 1230 580 
5 609 960 1369 1395 1217 
5 1070 1071 598 1145 1144 
5 640 1220 1471 1291 1290 
5 714 876 1332 1331 1154 
4 599 855 1107 972 
5 600 601 663 1658 1659 
5 1007 1413 1585 1523 1524 
5 602 613 1641 1645 705 
5 605 606 647 1289 1288 
5 614 730 1287 1394 1364 
5 622 848 1318 1644 1649 
5 689 690 629 715 716 
5 842 843 1572 1581 1472 
4 637 638 840 839 
5 856 857 1192 1193 639 
6 643 921 1101 1100 1402 1361 
5 735 736 857 856 739 
5 997 998 1646 1645 705 
5 718 719 850 849 644 
5 760 761 773 938 1173 
5 652 1016 1159 1347 1349 
4 687 723 834 835 
5 658 795 952 1206 1124 
5 769 770 953 952 1206 
5 670 671 1325 1326 1080 
6 1083 1084 692 1298 1299 939 
5 812 813 1100 1101 701 
5 702 724 1373 1374 1068 
6 877 881 1261 1260 1056 1178 
5 900 901 1011 1010 703 
5 826 827 704 1039 771 
5 713 865 1106 1405 1441 
5 727 846 1346 1299 939 
5 734 881 1261 1447 1341 
5 757 758 1000 999 743 
5 985 986 823 1412 1408 
5 886 887 748 964 963 
4 749 750 1222 1371 
6 754 992 1569 1570 1392 1391 
6 993 994 1046 1045 1169 1170 
5 937 938 773 958 957 
6 791 792 922 948 947 774 
5 1031 1032 780 1660 1662 
5 950 1091 1520 1220 1221 
5 1010 1011 1020 1019 782 
5 910 1067 1154 1331 1234 
4 786 787 850 849 
5 788 789 1414 1413 1007 
5 1001 1002 790 1126 1127 
5 796 797 1335 1366 1058 
5 952 953 986 985 795 
4 799 800 1090 1089 
5 889 890 895 896 803 
5 1242 1243 1306 1305 811 
5 923 924 814 1302 1310 
5 979 980 1218 1219 817 
5 1085 1086 1140 1139 831 
5 829 830 899 1386 1315 
4 832 879 1540 1553 
5 836 837 946 1028 1029 
6 945 1073 1258 1259 1309 1562 
5 1026 1027 838 1086 1085 
4 888 916 1021 1022 
5 853 854 1015 1308 1307 
4 858 859 989 988 
5 937 938 1173 1172 867 
5 1115 1116 1251 1252 868 
5 869 981 1182 1695 1692 
5 875 876 1319 1320 944 
4 902 903 1226 1225 
5 905 1186 1697 1698 1425 
4 906 907 1043 1044 
4 908 909 942 943 
5 913 914 973 1539 1538 
5 1110 1111 1118 1178 1265 
5 1003 1004 936 1112 1113 
5 959 960 1369 1370 940 
5 941 1201 1655 1570 1569 
5 1017 1018 1174 1175 949 
4 954 955 971 970 
5 1087 1088 956 1123 1122 
5 961 962 1365 1366 1058 
6 1438 1439 1125 1687 1686 967 
6 1258 1259 1081 1401 1402 975 
6 1107 1108 1106 1405 1406 972 
5 976 1072 1595 1619 1611 
5 999 1000 1035 1034 977 
5 1092 1093 1441 1440 982 
6 1207 1208 1330 1329 1433 1432 
4 983 984 1162 1163 
6 1165 1421 1448 1109 1534 1525 
5 1019 1020 991 1128 1129 
4 995 996 1135 1136 
4 1012 1013 1051 1052 
4 1016 1106 1405 1159 
5 1120 1121 1023 1142 1141 
5 1063 1064 1037 1176 1177 
5 1122 1123 1490 1247 1040 
5 1049 1050 1558 1546 1499 
5 1174 1175 1404 1403 1053 
5 1055 1056 1178 1265 1266 
5 1060 1061 1352 1351 1057 
5 1059 1062 1216 1495 1494 
5 1100 1101 1065 1381 1382 
5 1098 1099 1069 1144 1145 
4 1155 1156 1482 1114 
5 1260 1261 1447 1446 1074 
5 1148 1149 1300 1301 1082 
5 1245 1246 1238 1270 1184 
5 1188 1189 1097 1210 1209 
4 1102 1103 1622 1621 
5 1180 1181 1366 1365 1119 
5 1167 1168 1124 1206 1205 
5 1207 1208 1130 1289 1288 
4 1137 1138 1230 1231 
7 1347 1348 1600 1601 1406 1405 1159 
5 1150 1151 1295 1294 1143 
5 1152 1153 1186 1697 1696 
5 1172 1173 1157 1459 1460 
5 1203 1204 1158 1488 1487 
5 1317 1318 1644 1643 1164 
5 1253 1254 1322 1321 1166 
4 1169 1170 1211 1212 
5 1249 1250 1182 1695 1694 
5 1235 1236 1251 1252 1185 
5 1190 1191 1239 1574 1573 
4 1192 1193 1218 1219 
5 1196 1197 1475 1476 1202 
6 1271 1272 1423 1424 1429 1428 
5 1228 1229 1215 1320 1319 
5 1286 1287 1394 1395 1217 
5 1220 1221 1353 1479 1471 
4 1223 1224 1265 1266 
5 1255 1256 1227 1678 1679 
5 1247 1490 1598 1596 1573 
5 1313 1314 1332 1331 1234 
5 1269 1270 1238 1429 1418 
5 1274 1275 1244 1284 1285 
5 1280 1281 1248 1435 1434 
5 1258 1259 1257 1513 1512 
4 1262 1263 1321 1322 
5 1296 1297 1509 1508 1267 
5 1329 1330 1334 1333 1268 
4 1277 1278 1301 1300 
5 1292 1293 1357 1358 1279 
4 1282 1283 1290 1291 
4 1302 1303 1311 1310 
4 1298 1299 1346 1345 
5 1307 1308 1646 1645 1304 
5 1337 1338 1309 1562 1561 
5 1373 1374 1312 1624 1625 
4 1315 1316 1385 1386 
4 1323 1324 1327 1328 
5 1344 1517 1472 1581 1580 
5 1339 1340 1335 1366 1365 
5 1367 1368 1446 1447 1341 
4 1342 1343 1351 1352 
4 1347 1348 1350 1349 
5 1353 1375 1689 1690 1479 
4 1354 1355 1382 1381 
5 1359 1360 1638 1639 1390 
4 1361 1362 1401 1402 
5 1379 1380 1398 1399 1363 
5 1369 1370 1364 1394 1395 
4 1376 1377 1396 1397 
7 1455 1456 1393 1499 1546 1545 1383 
5 1384 1492 1599 1588 1535 
4 1387 1388 1415 1416 
5 1391 1392 1495 1496 1389 
4 1405 1406 1440 1441 
4 1407 1408 1412 1411 
5 1413 1414 1427 1586 1585 
4 1417 1418 1429 1428 
4 1432 1433 1445 1444 
5 1434 1435 1422 1607 1608 
4 1423 1424 1450 1451 
5 1436 1437 1425 1698 1699 
5 1430 1431 1426 1465 1466 
4 1438 1439 1443 1442 
4 1452 1453 1455 1456 
5 1457 1458 1597 1571 1454 
5 1475 1476 1461 1614 1615 
5 1467 1468 1462 1523 1524 
5 1463 1472 1517 1522 1489 
5 1473 1474 1464 1527 1526 
5 1477 1478 1469 1663 1662 
5 1470 1471 1479 1690 1691 
4 1482 1483 1501 1500 
5 1485 1486 1484 1488 1487 
5 1490 1491 1492 1599 1598 
5 1497 1498 1489 1522 1521 
4 1493 1499 1546 1502 
4 1503 1504 1505 1506 
4 1508 1509 1510 1511 
4 1515 1516 1520 1519 
5 1521 1522 1517 1532 1531 
5 1523 1524 1518 1529 1528 
5 1535 1536 1571 1597 1588 
5 1526 1527 1533 1534 1525 
5 1538 1539 1537 1683 1682 
5 1547 1548 1554 1553 1540 
5 1561 1562 1669 1668 1542 
4 1543 1544 1549 1550 
4 1545 1546 1558 1557 
4 1551 1552 1554 1553 
4 1555 1556 1560 1559 
5 1567 1568 1578 1579 1563 
5 1565 1566 1564 1570 1569 
5 1573 1574 1571 1597 1596 
5 1575 1576 1572 1581 1580 
5 1578 1579 1577 1586 1585 
4 1582 1587 1619 1595 
5 1596 1597 1588 1599 1598 
5 1591 1592 1618 1619 1595 
4 1593 1594 1600 1601 
4 1602 1603 1608 1607 
5 1605 1606 1615 1614 1604 
5 1616 1617 1611 1619 1618 
5 1622 1623 1636 1635 1621 
4 1624 1625 1626 1627 
4 1630 1631 1639 1638 
4 1632 1633 1636 1635 
5 1643 1644 1649 1648 1640 
4 1641 1642 1646 1645 
5 1648 1649 1650 1651 1647 
4 1652 1653 1655 1654 
4 1656 1657 1659 1658 
4 1660 1661 1663 1662 
4 1666 1667 1669 1668 
4 1664 1665 1671 1670 
4 1672 1673 1675 1674 
4 1676 1677 1678 1679 
4 1680 1681 1683 1682 
4 1688 1689 1690 1691 
4 1692 1693 1694 1695 
4 1696 1697 1698 1699 
CELL_DATA 1627
SCALARS scalar_1 double
LOOKUP_TABLE default
    4.971116
    4.972613
    4.973061
    4.974033
    4.974674
    4.972790
    4.974870
    4.967219
    4.971350
    4.968744
    4.969453
    4.976224
    4.977758
    4.974279
    4.972790
    4.974048
    4.875791
    4.974759
    4.870731
    4.876888
    4.971542
    4.968715
    4.971570
    4.973287
    4.972629
    4.974697
    4.876622
    4.972991
    4.873081
    4.970387
    4.872600
    4.971754
    4.877425
    4.975074
    4.974515
    4.875990
    4.875808
    4.875935
    4.867650
    4.969030
    4.981065
    4.970387
    4.975672
    4.969966
    4.961498
    4.876622
    4.872775
    4.974179
    4.872775
    4.973414
    4.974179
    4.973620
    4.958724
    4.877573
    4.897313
    4.875935
    4.961498
    4.872455
    5.000000
    4.975616
    4.876341
    4.976035
    4.974059
    4.973061
    4.874174
    4.974279
    4.976669
    4.875622
    4.975027
    4.974862
    4.971116
    4.871819
    4.870669
    4.974829
    4.978514
    4.974345
    4.875590
    4.971126
    4.975926
    4.870731
    4.870433
    4.975980
    4.973059
    4.872391
    4.876622
    4.972681
    4.972613
    4.975284
    4.973305
    4.973974
    4.975160
    4.972282
    4.974179
    4.974759
    4.872775
    4.973620
    4.976911
    4.875990
    4.975771
    4.976752
    4.974324
    4.971910
    4.874522
    4.975668
    4.973099
    4.977557
    4.874229
    4.972402
    4.977735
    4.974073
    4.977154
    4.975517
    4.977020
    4.974666
    4.973262
    4.970977
    4.976911
    4.973305
    4.875791
    4.973389
    4.971910
    4.974705
    4.968715
    4.973844
    4.873439
    4.875671
    4.869332
    4.970803
    4.971754
    4.972991
    4.873272
    4.870945
    4.969872
    4.874039
    4.975299
    4.975668
    4.973262
    4.967018
    4.975126
    4.973698
    4.870731
    4.975926
    4.978514
    4.976179
    4.970807
    4.974381
    4.972686
    4.975517
    4.972402
    4.977064
    4.973354
    4.874884
    4.972364
    4.870433
    4.875590
    4.968340
    4.978514
    4.970484
    4.872295
    4.872391
    4.873110
    4.871465
    4.969453
    4.860185
    4.970138
    4.974661
    4.971116
    4.974674
    4.971350
    4.969555
    4.971126
    4.974940
    4.974245
    4.972790
    4.977151
    4.871819
    4.976388
    4.975926
    4.974470
    4.972364
    4.973698
    4.873110
    4.978514
    4.974265
    4.974829
    4.976179
    4.875326
    4.874680
    4.974571
    4.974534
    4.973187
    4.969149
    4.974381
    4.974515
    4.875808
    4.974697
    4.875276
    4.973287
    4.874656
    4.874884
    4.972199
    4.872295
    4.874884
    4.970484
    4.874656
    4.973840
    4.870731
    4.970138
    4.970807
    4.877400
    4.976179
    4.973087
    4.875590
    4.978514
    4.974292
    4.976224
    4.975284
    4.975674
    4.973061
    4.967219
    4.975210
    4.877860
    4.969453
    4.971350
    4.972299
    4.974862
    4.975284
    4.971350
    4.877860
    4.973353
    4.972629
    4.969453
    4.973128
    4.869332
    4.974862
    4.975442
    4.972613
    4.972299
    4.972199
    4.872600
    4.874884
    4.874656
    4.971116
    4.976224
    4.969453
    4.976165
    4.972681
    4.973993
    4.972267
    4.897313
    4.969149
    4.875808
    4.975369
    4.874680
    4.971570
    4.964692
    4.974571
    4.974919
    4.967219
    4.976388
    4.973770
    4.973305
    4.875990
    4.875935
    4.975074
    4.977467
    4.872775
    4.970445
    4.976911
    4.872455
    4.974279
    4.972790
    4.969854
    4.974940
    4.973059
    4.876107
    4.973840
    4.973080
    4.875590
    4.971116
    4.971126
    4.870731
    4.974661
    4.973128
    4.974697
    4.871303
    4.973287
    4.973353
    4.970959
    4.869332
    4.968715
    4.971350
    4.971542
    4.964692
    4.971570
    4.973128
    4.967219
    4.975976
    4.971350
    4.976489
    4.875909
    4.976120
    4.974342
    4.967219
    4.871303
    4.973149
    4.973353
    4.975305
    4.880100
    4.976937
    4.976388
    4.872789
    4.976982
    4.975074
    4.980021
    4.977467
    4.975210
    4.976489
    4.975517
    4.974550
    4.876341
    4.875671
    4.968715
    4.974279
    4.971542
    4.973059
    4.870731
    4.974059
    4.973962
    4.876579
    4.973459
    4.973073
    4.977327
    5.000000
    4.976937
    4.975074
    4.974697
    4.875990
    4.973353
    4.973294
    4.975253
    4.970807
    4.973371
    4.975616
    4.974073
    4.975261
    4.975388
    4.975641
    4.976120
    4.977735
    4.880100
    4.975074
    4.877368
    4.872789
    4.976489
    4.975517
    4.974674
    4.975305
    4.972510
    4.974245
    4.973149
    4.967219
    4.875132
    4.974640
    4.973770
    4.972793
    4.976769
    4.973777
    4.974324
    4.975771
    4.976104
    4.877425
    4.975027
    4.974443
    4.971166
    4.974862
    4.976165
    4.978730
    4.975442
    4.971908
    4.875215
    4.875671
    4.971542
    4.973844
    4.875623
    4.869332
    4.974362
    4.873439
    4.973590
    4.974697
    4.975037
    4.973844
    4.976265
    4.973770
    4.976063
    4.973187
    4.973962
    4.875023
    4.973389
    4.975672
    4.973294
    4.974059
    4.973690
    4.975164
    4.975253
    4.975641
    4.970807
    4.876341
    4.870731
    4.875808
    4.974862
    4.975442
    4.976752
    4.973354
    4.972199
    4.972299
    4.873435
    4.975047
    4.992375
    4.873272
    4.970959
    4.961498
    5.000000
    4.969030
    4.977961
    4.973059
    4.974940
    4.970762
    4.975305
    4.973777
    4.974245
    4.974674
    4.975379
    4.971126
    4.970441
    4.972929
    4.877437
    4.872617
    4.972257
    4.969374
    4.870669
    4.973187
    4.992375
    4.972301
    4.969030
    4.964692
    4.970959
    5.000000
    4.969555
    4.974661
    4.971350
    4.971116
    4.969453
    4.874060
    4.972640
    4.975514
    4.971489
    4.870945
    4.969872
    4.972278
    4.971754
    4.970387
    4.873272
    4.874039
    4.969872
    4.873537
    4.878686
    4.975801
    4.873081
    4.975276
    4.971864
    4.979850
    4.976120
    4.977658
    4.973287
    4.974725
    4.971941
    4.973479
    4.974697
    4.974342
    4.975517
    4.973353
    4.975928
    4.878686
    4.969872
    4.874229
    4.977557
    4.976388
    4.975517
    4.871819
    4.870669
    4.877437
    4.980021
    4.974073
    4.976752
    4.976265
    4.975442
    4.975771
    4.875990
    4.972199
    4.973354
    4.969030
    4.969966
    4.958724
    4.975164
    4.871465
    4.970445
    4.971581
    4.973294
    4.975253
    4.968340
    4.975801
    4.974342
    4.878686
    4.875791
    4.969966
    4.973294
    4.973962
    4.973389
    4.872775
    4.975672
    4.875132
    4.973149
    4.974342
    4.871303
    4.878686
    4.973993
    4.972257
    4.972278
    4.972793
    4.975804
    4.871303
    4.974342
    4.975280
    4.974245
    4.972793
    4.971350
    4.875132
    4.976175
    4.974870
    4.876107
    4.974940
    4.969854
    4.974279
    4.974674
    4.971116
    4.971542
    4.874039
    4.873439
    4.872666
    4.971754
    4.873272
    4.869332
    4.976035
    4.875990
    4.970803
    4.973844
    4.970387
    4.971754
    4.878019
    4.873081
    4.974179
    4.975160
    4.973444
    4.973575
    4.961498
    4.880100
    4.973187
    4.964692
    5.000000
    4.897313
    4.991080
    4.873582
    4.974919
    4.974515
    4.872455
    4.972267
    4.975027
    4.877425
    4.976265
    4.975305
    4.973770
    4.970484
    4.874656
    4.972199
    4.871465
    4.875877
    4.972299
    4.973354
    4.972364
    4.970807
    4.975926
    4.873110
    4.870731
    4.970807
    4.875590
    4.975668
    4.975517
    4.880100
    4.975928
    4.974571
    4.971570
    4.870731
    4.974862
    4.874680
    4.875326
    4.975928
    4.975488
    4.972278
    4.972257
    4.973993
    4.873623
    4.975514
    4.974179
    4.873081
    4.973262
    4.875990
    4.968627
    4.878496
    4.976035
    4.975108
    4.872539
    4.874656
    4.875215
    5.000000
    4.975626
    4.973444
    4.975672
    4.972257
    4.977405
    4.970387
    4.975514
    4.975047
    4.972929
    4.873272
    4.873435
    4.975804
    4.970762
    4.974124
    4.976175
    4.974940
    4.974674
    4.973770
    4.972828
    4.973262
    4.973844
    4.869332
    4.973353
    4.975284
    4.970803
    4.972828
    4.974674
    4.973770
    4.967219
    4.969872
    4.975928
    4.874971
    4.976165
    4.975299
    4.975047
    4.876579
    4.973459
    4.992375
    4.977327
    4.972301
    4.973770
    4.972828
    4.873110
    4.874656
    4.974279
    4.973080
    4.869332
    4.969453
    4.974443
    4.976368
    4.977173
    4.973371
    4.975299
    4.976165
    4.970803
    4.874971
    4.873537
    4.875990
    4.974515
    4.875935
    4.872455
    4.872789
    4.991080
    4.880100
    4.977467
    4.875590
    4.973059
    4.975980
    4.876107
    4.874680
    4.875326
    4.975926
    4.974661
    4.969030
    4.874060
    4.870433
    4.974550
    4.973761
    4.971581
    4.871465
    4.970484
    4.958724
    4.875877
    4.975626
    4.876341
    4.972199
    4.976035
    4.873435
    4.958724
    4.874060
    5.000000
    4.971581
    4.992375
    4.969966
    4.972301
    4.973287
    4.973993
    4.972267
    4.971350
    4.971570
    4.974342
    4.878686
    4.975280
    4.964692
    4.972199
    4.875990
    4.975626
    4.968627
    5.000000
    4.975126
    4.878496
    4.973248
    4.876341
    4.974059
    4.970445
    4.875791
    4.975261
    4.874155
    4.973294
    4.973783
    4.975164
    4.974292
    4.991080
    4.974550
    4.958724
    4.872455
    4.876636
    4.974292
    4.976982
    4.970445
    4.980021
    4.973294
    4.973248
    5.000000
    4.975164
    4.876341
    4.971581
    4.973459
    4.975626
    4.973962
    4.973690
    4.975442
    4.974443
    4.971166
    4.975771
    4.976368
    4.972793
    4.970807
    4.975164
    4.876341
    4.972299
    4.973844
    4.964692
    4.970959
    4.872455
    4.991080
    4.897313
    4.874060
    4.958724
    4.961498
    4.970803
    4.973371
    4.977020
    4.974443
    4.873537
    4.975198
    4.975388
    4.964692
    4.991080
    4.973761
    4.873582
    4.974661
    4.870433
    4.969555
    4.970387
    4.873081
    4.974515
    4.880100
    4.874229
    4.975668
    4.973583
    4.873623
    4.972257
    4.977557
    4.977064
    4.970445
    4.975284
    4.974674
    4.972828
    4.974279
    4.971570
    4.975369
    4.975442
    4.974443
    4.974179
    4.969966
    4.970445
    4.973389
    4.958724
    4.875791
    4.974381
    4.973583
    4.872455
    4.880100
    4.877368
    4.875808
    4.875935
    4.972301
    4.969453
    4.975299
    4.970959
    4.974705
    4.973844
    4.977020
    4.869332
    4.873537
    4.975198
    4.969872
    4.974410
    4.977173
    4.875808
    4.974124
    4.974674
    4.972828
    4.974470
    4.974687
    4.974640
    4.974697
    4.880100
    4.976388
    4.977557
    4.873582
    4.973761
    4.991080
    4.974829
    4.974550
    4.975626
    5.000000
    4.875877
    4.972301
    4.973080
    4.875215
    4.975108
    4.971581
    4.970484
    4.973459
    4.874656
    4.876579
    4.973962
    4.975047
    4.972929
    4.876579
    4.973459
    4.874157
    4.873435
    4.875717
    4.973761
    4.958724
    4.872455
    4.880100
    4.873582
    4.977173
    4.969453
    4.873272
    4.975299
    4.970959
    4.971542
    4.975284
    4.973353
    4.973287
    4.975928
    4.971570
    4.974245
    4.970441
    4.971126
    4.870669
    4.971350
    4.975280
    4.972267
    4.969374
    4.970959
    4.961498
    4.970387
    4.971754
    4.969872
    4.975047
    4.975299
    4.971581
    4.973962
    4.975626
    4.876579
    5.000000
    4.972301
    4.873435
    4.974940
    4.973059
    4.975928
    4.876341
    4.972199
    4.973901
    4.975164
    4.972364
    4.973783
    4.973354
    4.973061
    4.975928
    4.878686
    4.973993
    4.969872
    4.967219
    4.977064
    4.967219
    4.975280
    4.969453
    4.970959
    4.964692
    4.977064
    4.871819
    4.973080
    4.971116
    4.975027
    4.973262
    4.873081
    4.870669
    4.877437
    4.974073
    4.973690
    4.973248
    4.975926
    4.973073
    4.977064
    4.973698
    4.974829
    4.973901
    4.973354
    4.874265
    4.973974
    4.970807
    4.975926
    4.973698
    4.875791
    4.970445
    4.973974
    4.874265
    4.875935
    4.973064
    4.975926
    4.873110
    4.974470
    4.967018
    4.973248
    4.977064
    4.873439
    4.974705
    4.870945
    4.974410
    4.969872
    4.973798
    4.974940
    4.975980
    4.971126
    4.875590
    4.876107
    4.975379
    4.870669
    4.973962
    4.975047
    4.874971
    4.976165
    4.969453
    4.970959
    4.873537
    4.970441
    4.974674
    4.971126
    4.975280
    4.975517
    4.874229
    4.880100
    4.875877
    4.970484
    4.973080
    4.975108
    4.973444
    4.873537
    4.974443
    4.970441
    4.874971
    4.870945
    4.975047
    4.873537
    4.975198
    4.974410
    4.974538
    4.974674
    4.974124
    4.976175
    4.974940
    4.873081
    4.970387
    4.977405
    4.969966
    4.974179
    4.973389
    4.973962
    4.972929
    4.873435
    4.976104
    4.975771
    4.874117
    4.973798
    4.974862
    4.975442
    4.870945
    4.974324
    4.974697
    4.873081
    4.973099
    4.875909
    4.974725
    4.878686
    4.976120
    4.969966
    4.873435
    4.972929
    4.973294
    4.973690
    4.872617
    4.975442
    4.976104
    4.971908
    4.974324
    4.974862
    4.974443
    4.971166
    4.973073
    4.972257
    4.975804
    4.975280
    4.972929
    4.970441
    4.870669
    4.875717
    4.973073
    4.975926
    4.975284
    4.970445
    4.974550
    4.974940
    4.971570
    4.973444
    4.970387
    4.975108
    4.874039
    4.973575
    4.872666
    4.872789
    4.976982
    4.975284
    4.974697
    4.976120
    5.000000
    4.972301
    4.978730
    4.874971
    4.874157
    4.875215
    4.975442
    4.875791
    4.976165
    4.975027
    4.875215
    4.972301
    4.973080
    4.877425
    4.971116
    4.975108
    4.971126
    4.974661
    4.870433
    4.970484
    4.973080
    4.964692
    4.974919
    4.873582
    4.973993
    4.975280
    4.971581
    4.975164
    5.000000
    4.876341
    4.875877
    4.873435
    4.975047
    4.973262
    4.973389
    4.873081
    4.974829
    4.973073
    4.971126
    4.873582
    4.975284
    4.975379
    4.975280
    4.973073
    4.971126
    4.875717
    4.971166
    4.975928
    4.875791
    4.974550
    4.958724
    4.973262
    4.877425
    4.974324
    4.873537
    4.975108
    4.972301
    4.970484
    4.974661
    4.971116
    4.975027
    4.973262
    4.970387
    4.878019
    4.973262
    4.974179
    4.977405
    4.974697
    4.975928
    4.971570
    4.973993
    4.975369
    4.971570
    4.872666
    4.961498
    4.964692
    4.970959
    4.974179
    4.973389
    4.872455
    4.975668
    4.975517
    4.977064
    4.976388
    4.977151
    4.975804
    4.970484
    4.875877
    4.975164
    4.972364
    4.971581
    4.974550
    4.973783
    4.878686
    4.969453
    4.976224
    4.976982
    4.874971
    4.971166
    4.976165
    4.975442
    4.873537
    4.974324
    4.875215
    4.968627
    4.973248
    4.975379
    4.976104
    4.975027
    4.975442
    4.973783
    4.876341
    4.973294
    4.875877
    4.971581
    4.973901
    4.877425
    4.975027
    4.974697
    4.974550
    4.974829
    4.973354
    4.873110
    4.973993
    4.975369
    4.964692
    4.974179
    4.973389
    4.975047
    4.874971
    4.875717
    4.875909
    4.974674
    4.977064
    4.877425
    4.976104
    4.976165
    4.971116
    4.875215
    4.874971
    4.870433
    4.971126
    4.970484
    4.972301
    4.971116
    4.875808
    4.872455
    4.974550
    4.969966
    4.973761
    4.971908
    4.968627
    4.877425
    4.974324
    4.973248
    4.973073
    4.961498
    4.875791
    4.975047
    4.971166
    4.976165
    4.875717
    4.977064
    4.877425
    4.974324
    4.974550
    4.873582
    4.971581
    4.970484
    4.977151
    4.974550
    4.975210
    4.974550
    4.873435
    4.875717
    4.875808
    4.973974
    4.872455
    4.897313
    4.971581
    4.972301
    4.974940
    4.897313
    4.975369
    4.973087
    4.973575
    4.971116
    4.971581
    4.976165
    4.870433
    4.974829
    4.973354
    4.873110
    4.974919
    4.973993
    4.977064
    4.974324
    4.974674
    4.971126
    4.961498
    4.975369
    4.974919
    4.974324
    4.974697
    4.975369
    4.975369
    4.974470
    4.975668
    4.975210
    4.969966
    4.971126
    4.974829
    4.974538
    4.873110
    4.972686
    4.970807
    4.971126
    4.975379
    4.974179
    4.875791
    4.974538
    4.972686
    4.974470
    4.875791
    4.971581
    4.973690
    4.969453
    4.961498
    4.872455
    4.964692
    4.973575
    4.975369
    4.971116
    4.970959
    4.976165
    4.972640
    4.877425
    4.973575
    4.961498
    4.964692
    4.975668
    4.964692
    4.961498
    4.961498
    4.976165
    4.971581
    4.973575
    4.974279
    4.973262
    4.975210
    4.976388
    4.976937
    4.975280
    4.872789
    4.972828
    4.975299
    4.973371
    4.975305
    4.872617
    4.872789
    4.974919
    4.971166
    4.875877
    4.973783
    4.973059
    4.975388
    4.973761
    4.969966
    4.975173
    4.978730
    4.972828
    4.974697
    4.974829
    4.974919
    4.969374
    4.878686
    4.975668
    4.974829
    4.974919
    4.972613
    4.971941
    4.878686
    4.975928
    4.873582
    4.972510
    4.877425
    4.874157
    4.872789
    4.972267
    4.874229
    4.876636
    4.976534
    4.975928
    4.973698
    4.974179
    4.870669
    4.972828
    4.973073
    4.973389
    4.961498
    4.874155
    4.973761
    4.871465
    4.870433
    4.974324
    4.975442
    5.000000
    4.974342
    4.974033
    4.972402
    4.972301
    4.875935
    4.974919
    4.970807
    4.975027
    4.873435
    4.973080
    4.975804
    4.970959
    4.972267
    4.974829
    4.874060
    4.974919
    4.974515
    4.874971
    4.977557
    4.978054
    4.975668
    4.975668
    4.878019
    4.974550
    4.974829
    4.976982
    4.967219
    4.870433
    4.973479
    4.974919
    4.973783
    4.875909
    4.974705
    4.975668
    4.975771
    4.975442
    4.870669
    4.971908
    4.874157
    4.961498
    4.970387
    4.878686
    4.870433
    4.974870
    4.974515
    4.875935
    4.975672
    4.977151
    4.975668
    4.870433
    4.973371
    4.976752
    4.973698
    4.972267
    4.973087
    4.975284
    4.972267
    4.975517
    4.974265
    4.973087
    4.975108
    4.973583
    4.992375
    4.876579
    4.973353
    4.977173
    4.974279
    4.975926
    4.875132
    4.978514
    4.877110
    4.976911
    4.974245
    4.874971
    4.974443
    4.970441
    4.974179
    4.871303
    4.973389
    4.977064
    4.973262
    4.976388
    4.977557
    4.875877
    4.970803
    4.873582
    4.873110
    4.976224
    4.874680
    4.974661
    4.974940
    4.967219
    4.974919
    4.874680
    4.976534
    4.973389
    4.969966
    4.970387
    4.967219
    5.000000
    4.973073
    4.973761
    4.958724
    4.874157
    4.974640
    4.875808
    4.971166
    4.970445
    4.975626
    4.977064
    4.973100
    4.873110
    4.875215
    4.873582
    4.958724
    4.875132
    4.976165
    4.975299
    4.980046
    4.976165
    4.971908
    4.975261
    4.973353
    4.875791
    4.972267
    4.975517
    4.975280
    4.975027
    4.974862
    4.973287
    4.967219
    4.973798
    4.875023
    4.972790
    4.970441
    4.971542
    4.975253
    4.974265
    4.971116
    4.973073
    4.967018
    4.872455
    4.967219
    4.977658
    4.973698
    4.974292
    4.873623
    4.973061
    4.976982
    4.976224
    4.976035
    4.975804
    4.972402
    4.973149
    4.975980
    4.977557
    4.973287
    4.973761
    4.880100
    4.976388
    4.958724
    4.870844
    4.975616
    4.969966
    4.877437
    4.970959
    4.872617
    4.873582
    4.975668
    4.973575
    4.975280
    4.873110
    4.973371
    4.875717
    4.873537
    4.972828
    4.973262
    4.973294
    4.973690
    4.875909
    4.973414
    4.969872
    4.975928
    4.873435
    4.976120
    4.975379
    4.969872
    4.874229
    4.977961
    4.973294
    4.877425
    4.973073
    4.975928
    4.972278
    4.875935
    4.973690
    4.971570
    4.872775
    4.969374
    4.973061
    4.973389
    4.875791
    4.973993
    4.975488
    4.876622
    4.970441
    4.875023
    4.975804
    4.973575
    4.876341
    4.974073
    4.875877
    4.974829
    4.973371
    4.975517
    4.875877
    4.975626
    4.976982
    4.973187
    4.975626
    4.969030
    4.974919
    4.973459
    4.973073
    4.968340
    4.873435
    4.973354
    4.974292
    4.980021
    4.974862
    4.974179
    4.973287
    4.976368
    4.974443
