# vtk DataFile Version 2.0
polydata
ASCII
DATASET POLYDATA
POINTS 1681 double
3.31155914514138 6.37081131587551 4.53699454695527 
2.78628734240489 5.75212057663424 5.20139599995468 
3.38731717380888 5.05368697673595 4.21670345652354 
3.90205378169716 5.36577856763042 4.37548514764288 
3.91506254244339 5.57336063522487 4.30048473854754 
3.14290658979683 5.05463414077069 4.90821316686626 
5.8382439592019 0.747860689683628 2.39547434591517 
5.8243449590829 0.597596370479789 2.84071132818603 
6.0975346184327 0.458521364419534 3.23562579652474 
1.41880752717958 2.95058503827867 6.68121248078071 
1.07640499041017 3.25089459249249 6.56008006164141 
1.50012379241623 2.65693917757984 6.35984198103374 
0.812987594980231 1.83814434943715 6.58379936451178 
1.07043066555564 1.83353685001277 6.86392759775271 
3.38593306673971 5.47182020933848 1.20532657711663 
3.33890470211504 5.59365185105451 1.20419750902753 
2.82286652332604 5.55671263729528 1.25729223298962 
2.33665469418488 5.78973154752737 0.73040308222763 
5.06890529927557 3.82682985561409 0.0876496229614071 
6.22222812317361 3.27260621865502 0.448446260692241 
5.73449091913943 3.20670488464216 0.620984369038183 
5.97416426795054 3.4426905821113 0.87494865952878 
5.50195963026793 3.58807819003136 0.834978224122765 
5.68875351679933 3.89732308462054 0.886577798717552 
5.73932903175953 3.3338648772796 0.831642129511271 
6.28258332315539 3.36243560080798 0.555249558326975 
5.9413189226648 3.81950943641486 0.915037285192475 
5.21039055984367 3.51620236729134 0.430376147040575 
5.19056896086203 3.63186876786216 6.75200783235149 
5.24247204857479 4.07029778981191 6.82166403587257 
5.12247428055334 3.99329662634891 0.0887123033499779 
3.06599765682081 1.07963596412655 1.10748183624065 
3.32008193746476 1.22314225476983 0.454018684385566 
2.07297729772804 1.67287581225466 0.723386127167882 
3.37737702143355 1.5473418184076 0.718550238834855 
3.15498262095635 0.948279236531814 0.615640753760557 
3.19726096488693 1.46859567702682 1.09422609785103 
2.77852447155435 1.79934929121986 1.20424895901588 
2.41470000628324 2.10602088398059 0.757920931351491 
2.68631545054741 2.08758251696208 0.970356680427941 
2.49971530755386 2.14440664675052 0.637149181374105 
4.80142311057625 3.44892579242952 1.64813620947322 
4.73714854084902 2.11634768564551 1.66250579110735 
4.47803693397791 1.93592248802455 1.78635856282959 
3.55594962757431 2.61146726508315 1.5675728775463 
3.64997629538627 2.91662128428862 2.08556781290149 
3.93882205260425 3.30580974903674 1.92380009342828 
3.76843503648543 2.10411934662169 1.74078369029609 
6.45397436982167 2.04013348741434 5.16781526298969 
5.94760854967937 1.55888176402544 5.0947466777252 
4.38710152715226 6.20591777543669 5.4187391996498 
4.31397254338281 5.96604023924777 5.74991663914226 
3.83881395388801 5.04776180772484 5.34079068170776 
2.28127777508019 2.67152081346149 5.15051473433925 
1.56252155804172 2.86718437696298 5.67114953355324 
2.35760989812275 2.77478898250971 4.86973559300706 
1.89105139034941 3.08209156459785 5.60633853171255 
1.31396165239291 3.20701089899286 5.6334007049627 
1.79173092858809 3.32335523997518 5.56928233841589 
1.29688315284181 3.04106843275732 5.6458816516164 
1.82799154645048 3.51603569924228 5.21809260094249 
2.10707385659362 3.31361869976823 4.77787812305569 
4.42771744850554 3.0888969030776 0.625449661032611 
4.09632472380408 6.72089178204626 3.69578930975627 
4.6367495410253 1.59063122145082 0.486575114582505 
4.56633685517534 1.07447394461464 1.68389522742094 
4.36722500707924 1.25680400312567 0.650016502752123 
4.3000053502966 1.09703442764891 1.44181009100988 
6.32536767271543 5.36286333652112 6.65761095919065 
6.3876470657768 5.39176514264775 6.10594185805976 
6.67946048512196 5.92550797638998 5.9133099583746 
6.60919083836201 5.10333018581827 5.93286692720102 
0.472628523553608 0.853613461794082 2.83526562933097 
0.40516199550378 1.16355109207707 1.96238526745481 
0.25878925224052 0.981823728878994 2.20008839066619 
0.953279409951852 1.81400268038599 2.84068488462539 
0.854077652014971 1.20539522289037 3.14470398990772 
6.25553971686451 0.516292277938083 1.35572448320316 
5.58327150795785 0.706767807250291 2.35120523929098 
5.05755045998154 4.71971129439353 0.864960962801377 
4.91662846634611 5.79119728040666 1.08677701423996 
4.67247331529032 5.46783966709766 1.04717480152336 
4.54113582917791 5.39685419282282 1.58895189041588 
5.40213485689202 4.55169134031562 1.23169536142151 
5.92352135017206 5.43303340695507 1.14289035491068 
5.48719149295433 5.53273858824953 0.721962788844379 
5.71441960138103 5.61463062431496 1.5912615213399 
5.9722537818553 5.15416814830545 1.10197552183886 
5.41839337252343 4.62244840463168 0.904064582878589 
4.93282058997109 5.16237405953415 2.09624953665818 
4.67856091767256 5.08178266951852 1.78062657408916 
5.7163653488823 4.79341746104769 1.52911413285233 
5.00942942341536 4.63713040283582 1.25519799612169 
4.98030592112502 5.06418148293615 0.708869345735171 
5.43409721595008 5.26327416725832 0.587445879923295 
5.70937171133815 4.9726750566487 0.74840818640918 
6.64450337278814 1.27575152886677 0.997008159653989 
6.43274712822992 0.797591209118125 0.900582389438391 
0.817318003381618 1.53610504314723 6.16311358606329 
1.49952164538523 2.61811018641234 6.10474607408865 
1.40448622005029 1.45616465474507 6.84992570896416 
0.890037969704655 1.85298376687873 5.88322705885008 
0.51511355368882 0.751167057760891 3.70092621431383 
0.937411328649616 0.282300853045571 3.93239285758247 
0.808854234027678 0.258828664852936 3.91882679086606 
3.20744711205041 1.79700669018661 5.07911520545619 
3.1772469291663 2.54336757991283 5.46920759236791 
2.39350071305433 1.563770026522 5.12533547399689 
2.99938723880634 2.76613778788502 5.3750566872282 
2.6969259169589 2.67788847484358 5.52374177105729 
3.36826322474981 2.28265509803674 5.11071706644225 
2.19493665910036 1.79324921540719 5.27389480442989 
2.70749385494457 1.50221397892861 5.44364816564575 
3.09844986174058 4.43938162502748 4.99347237537071 
2.73789242362512 4.52228654975883 3.72735156065822 
2.24024182590202 4.35420986560632 4.31868497372339 
3.41670422951217 4.75369262100469 4.03690655260648 
3.3175869540095 4.43804714281206 4.22371367418454 
3.06484770757305 4.65726538241965 5.12769412888524 
2.43985799574226 4.38633655181144 5.06508477430289 
2.62219110102078 4.67378245213936 5.22538992376739 
1.10407380140039 1.81265263454223 4.94363720441469 
1.44978011714357 1.21978942467333 5.28299771591921 
1.85591478860084 0.983803593845426 5.13634778733096 
1.77064122098345 3.0838012005586 0.432537263111161 
1.52235552457444 3.43285558496757 0.747456296210356 
1.79473273764767 3.55209157224273 1.08230493016157 
2.0584146628479 2.40925669044688 0.849846726156199 
2.04931803408638 2.64130566313915 0.555881312859687 
1.79573568537559 2.49195112103924 1.7134319970861 
2.42759621108974 6.57353869638038 0.490611319418453 
2.19645019827335 5.8998508474661 0.789599934256232 
2.02911729859818 5.68679173628643 0.68092619642906 
1.71911619709485 6.59884707179853 0.419490692130258 
2.14516541499432 6.46676754344611 0.677088898834065 
3.59092897978472 2.64062161946865 6.0226946586596 
4.3494607513301 2.78378178616174 6.58346410272604 
4.07278905173596 2.29959066684151 6.14244041558867 
3.60350021276241 3.1523508405537 6.27242970184872 
4.02211121956929 2.00871588047665 6.25250872643307 
4.05268480384992 1.88800683251953 6.65014431520793 
3.57489779696743 2.71915366350969 5.70234467951925 
2.73717262013668 2.47029758556065 6.52253527267492 
2.78641118769378 2.90029637322173 6.68351472393874 
2.49480635967012 3.49928293185107 5.97640885516302 
2.34757908534857 3.1029307126944 5.93734769318672 
3.71677213329632 6.66382014668376 3.67338899292401 
4.41227686118873 0.201510336933012 5.56023478419467 
3.82636391733407 0.206765204342974 5.63490237437626 
2.98243531602046 5.75825056246366 2.30513309201962 
4.02097304763329 5.49096062467102 2.95383599988449 
3.59107380276363 5.62878855486628 2.19625463816759 
3.79150802018656 5.93021430393994 2.4431125453522 
4.61770606175046 0.351070573776085 5.40588627717083 
4.4651361727434 0.40889034306075 5.01599344102381 
4.81873013092685 2.93141277027446 6.41415850670489 
4.6896005509641 1.4808795886458 6.69204816816244 
1.79427762689132 3.88468732254065 2.18065329159997 
2.07473134689994 3.5388174229775 2.2641306178268 
2.89060582047932 3.89173037373983 1.66970376099587 
2.71979960569041 3.44180862837448 1.26201578700627 
2.7104763249333 4.28380102882787 1.55675379358036 
1.71274536457013 6.34172907464835 3.79430689814323 
1.31947703141734 6.95522432429458 4.7192726339539 
3.59713871251848 1.51154379911009 1.48031787402917 
3.49398858102795 1.83776489625531 1.7400496421131 
2.92658522190543 4.66631894807597 6.15367309493632 
2.09261341557198 4.18772995445353 5.81439517725767 
2.70066117770329 4.63970580688622 6.19593362714745 
3.13821331253259 4.36502805535837 6.2960318243552 
3.36693935511885 4.47234373202573 5.35197459054588 
3.3871838471624 4.16553820473475 5.91304988783137 
3.23820322242004 4.65855930698769 5.35225706050754 
2.11059062321032 4.09288921175671 5.41361218911281 
2.11884612983061 3.8633021578051 5.9693474445805 
2.16041217482199 3.72390232826152 5.80999959509302 
3.06000024780607 3.81861023182257 5.2415523417059 
3.26671021107462 4.3004742003168 5.10955363245761 
2.46299578270453 4.64535488325736 5.93631905327668 
2.15975373214151 3.91999339206109 5.40541172826147 
3.77680773494739 5.36990505364293 1.68990414719237 
2.61806615259063 4.72373258663604 1.83627934968485 
3.7540647113103 5.09300189020352 1.959121667957 
2.44599143965403 4.99788600898691 1.71762198112056 
2.90256673502348 4.68692245417648 1.62689373255965 
3.40221713364119 4.71650643658255 2.00600218996293 
2.64390027931675 5.19792356777884 2.58003960822521 
2.16921779364606 6.17598052168133 3.28983021735429 
3.00299432293052 0.231302771439159 3.38979384124755 
2.19214866125105 6.51376274333328 2.8604411492132 
1.79712465879895 5.5847531198456 2.64730186741304 
2.12068165707715 5.30156949763059 2.980156628537 
1.94623701292901 6.39028846599388 2.5759506078008 
0.714364888173092 6.0179858232551 5.89066952107301 
1.24279223704459 5.37622066125455 6.36716000840047 
2.27988145820129 0.674866148528668 2.38874501333862 
2.73493416906803 0.502222448195146 2.2059252837358 
2.50640086760746 1.15814488737246 2.25032174115525 
2.87302099173363 0.824039172655013 2.13159934330742 
2.81125434794601 1.1866367258933 3.48121110919395 
5.34043855869959 0.686199250498757 5.64144807176398 
3.89725863565602 4.760690504499 0.755911436330329 
3.52889369224362 4.6078998459071 6.71779080433014 
0.719882445863297 3.6908370665429 5.75398959805828 
1.21237272040865 3.55997494743556 6.64584690085385 
6.55027018608125 2.39643223465884 4.6154380509882 
0.17937581435152 3.26231793239638 5.08782408931278 
5.89876527519931 3.40665321893955 4.34199666074234 
6.43181216590136 2.64169425799071 4.98199547742035 
3.0066923542933 0.758246045441704 1.5632469979257 
2.49573751455578 6.84141063800518 0.944861412866099 
2.95779717944669 6.89744186197835 1.64604362304447 
2.63179727575492 6.82958885930686 0.700481936054696 
2.93220928827407 6.687483879819 1.44847057781715 
2.76576514255366 0.204996468379845 1.64880758533623 
5.67095177468462 1.1734595668728 4.00761437058675 
6.2219927379308 0.160934030172303 4.12657337653771 
5.90141846392384 0.208721130277467 3.73170874170595 
6.42653984266169 0.661745771435411 4.42223743070357 
1.9734222912749 0.615300136496655 2.17094961549331 
1.31111230885849 5.24251870840437 4.98152414401109 
1.32339325975861 5.620404299966 4.95952307121993 
1.41153637476069 5.10616143079055 4.79833790003599 
0.775772423350809 5.8964279328839 4.76288393839374 
0.693315504003861 5.60663200251127 3.66490545714315 
0.94548801249657 6.06719610474376 4.40494711778275 
0.977178656251226 5.70043767063366 5.01791256256076 
5.79468369853168 5.11452307529429 5.72331082410232 
5.2347409268496 4.98632299547555 5.65367183710669 
6.17182987971186 5.22584774280334 4.75852737717632 
5.56612613132389 5.42048207753193 5.58250102903786 
5.58768027330562 5.59380681495865 5.31379851316174 
5.65272997511265 4.91691384261598 5.78363798323956 
6.24486211972994 4.83293294253018 5.51369794434634 
5.78981522174444 4.63834189510734 5.6729700348954 
5.20932740692818 5.26953227800461 5.57143072211508 
6.41767039112594 4.87269644727041 5.15203921155472 
5.14251678535642 4.75971155934209 5.45330122308657 
5.47253915629855 4.4483731364035 5.4063940863475 
6.22208217807985 4.71312350610953 5.51985238340254 
4.02271884994594 5.25691206524373 1.59430970771294 
4.42430405267516 6.1230132108205 0.714114874403089 
4.8472998957392 6.07054672731162 0.965116443169787 
4.29131609541613 6.29378094185263 0.825223004373301 
0.848645421773792 6.48920073138073 4.52212872613797 
0.640246433975843 2.89530077281976 2.1365393543353 
6.47554412625834 2.83078746700723 2.82487333760539 
6.68648619487689 2.26534891274681 1.7624038122862 
0.56923617903415 2.8980168947971 1.89623832858497 
5.51496476841457 1.59793031714128 4.88784893814096 
1.7424881416282 3.330770545512 6.89714045344173 
2.64678300861324 2.97497626467692 0.257862410807583 
2.3619851461902 2.48258892566323 0.39106949290986 
6.12760623734004 6.49065403400898 5.67869505714297 
5.95871914299976 6.6580115977214 6.46892700405554 
5.61988283180537 6.26045429515803 5.73647354134138 
6.27292028609238 6.70364825889135 6.08212676659921 
6.1796895605386 6.77535685587882 5.43545068351603 
3.69404557760324 0.815892455644507 5.97395283295965 
4.04384309665767 4.04270374471364 2.29667240426384 
5.51442373524438 4.09832676409324 2.26999450258697 
4.38601923805688 4.35417486570381 2.07998000355939 
1.24454809560322 4.56702364410276 5.79827503443796 
1.20538281255976 4.81597862428637 5.77746192434811 
1.46190075967665 5.11451832308541 5.14494365158078 
1.53477284043603 4.2855155794296 5.19637607322946 
0.484128399585223 3.50506115950946 2.74770312126589 
3.2054790221596 3.87067520015109 2.86927949266688 
3.87632277011058 3.77485330357895 3.7191797211456 
3.45000526747687 4.16088781763186 2.76483177186481 
3.16480427893305 4.56356733706483 2.87347747192982 
3.62236501214318 3.61170288412456 3.24682482658644 
3.63554139971668 4.20103379129392 4.20470450334783 
3.63981420876342 4.71252749786924 3.23883206074047 
5.49827326044434 4.18302714363927 1.33335873930288 
6.51247071142306 4.87580263014772 0.475161945991156 
6.65528813784846 5.00975118960503 1.15197616965534 
6.35102010244751 5.47865083107566 2.35156452515728 
0.398597081493575 5.145999336191 1.81206493020279 
0.500661180423209 5.65813104470909 2.90575278483044 
0.705995721890312 5.64020407857677 2.47071714849289 
6.82907992453797 5.13800480408396 1.69300630712025 
0.260837958447461 5.08439709368552 2.91665755328903 
0.455728142199933 5.73084948354777 1.84552937361039 
0.375661825646494 5.44696499902178 3.03881082757009 
6.56863557459651 2.71098660652927 0.32980661904754 
6.91528980326832 2.69279373415019 0.640551114539865 
6.80384947048473 3.07775267764687 0.843425975463924 
2.1442896539404 6.55424973350219 0.884200898701908 
1.07281460424446 5.63611466990077 0.642536263846524 
0.81346588454462 6.10277435961861 1.13111644643422 
1.61909606305723 6.67964405421592 0.505303931345103 
1.34647820099665 6.50260370091789 0.458679188737012 
1.81811317821229 6.72027045028214 0.954823128217969 
6.70213561282893 5.05883544319759 1.17451211900921 
0.376633886757906 4.88858550049414 0.952910671333733 
6.63093617335252 5.27588636467705 1.11363959949896 
0.985075311349318 2.31901797317622 3.73688799116137 
0.60834226626659 1.74808410784652 3.10494087376608 
6.26617965834122 6.19119019377875 5.57325996083229 
6.41458715895867 6.51435374811114 5.12109735957179 
3.66591624900459 0.976588142587193 0.32171038810032 
3.77919450786991 1.02828151526077 6.89824146721254 
4.37511338275744 2.52969603685734 3.38505675015803 
4.37115076218921 1.98834012099445 4.46846255506463 
4.87111210636218 2.00735663081661 4.21437088319805 
4.91921331307627 1.51405895264982 4.06123480066553 
4.04439397221912 2.33349492939561 4.23477528136652 
0.90640235666357 6.56075352251075 2.19318918081729 
5.8082634137544 2.3795007377637 3.04885954547297 
1.47824219874418 5.4310913879443 2.60669023956271 
0.645063080370567 4.38160267296466 2.1636360049192 
0.635828741041352 5.49605164918423 3.22475570563305 
0.514209817273232 4.39698229533211 2.23598149530551 
1.43072122758306 5.39757435734603 2.43063452170675 
1.95705674877369 5.03826832157621 3.09365326981335 
2.3403709156796 4.860549546758 6.05790610187829 
4.65822463153084 4.47172197363524 0.476869609735291 
6.12450852743314 1.61947396127767 6.25441025709031 
5.95003134163881 6.38210338183527 2.03898950239029 
6.18516710937672 6.5687381586185 1.06772441702273 
6.00495315569362 6.15125046051254 1.66348775173352 
5.50662343251294 2.58934289376957 0.89333125770057 
3.01398323303493 3.49704665063881 2.3358367553063 
2.46643170749964 2.32197772896522 2.15584240084439 
1.84620562462479 2.33194744171865 1.86066538020247 
2.37136973037263 2.28144417109988 1.86650601044468 
5.1509774550761 4.78157574866253 6.62762336832282 
4.97569154164421 4.36931132854895 6.7132272023555 
4.63259134840019 4.5260098855895 6.04871210497587 
0.932961532376656 6.11052017973861 5.46813791971239 
3.82283460565215 2.27726432421801 5.20870767497227 
3.6409079331303 1.25003977985234 5.80326010154419 
3.91509226992914 2.52452201526597 5.53823192733653 
1.02895192369992 4.24527937392749 0.682681002570632 
0.884399572946844 4.69135474680385 0.205387411112873 
1.8425280695175 3.79394445664616 6.74923215095191 
1.63252466632367 3.54691022323641 6.88904141087835 
2.02203066066408 4.58090252097071 0.298825519741172 
0.728323081109812 4.12410746631959 1.69501734056863 
0.429596404326718 3.62994570545478 1.00446873856386 
5.87993364040772 1.98340909955407 0.77932767695774 
5.76084415366338 2.04788603789257 0.966504569898857 
6.14408873547828 2.94987129115341 5.95652346981326 
6.13106291961347 2.85277589756332 6.10513929171794 
4.80923555002227 3.41114406336364 5.94278746395425 
6.09457081833677 3.40749149430137 5.91445447435616 
4.75997546180236 3.31891267351631 6.36364191098121 
5.81291538568224 2.77220221389722 5.76590722781481 
5.42216394001171 3.10100193125681 5.54087240123208 
1.47166942827467 5.03056200401098 6.06903333044298 
1.65801332974118 5.88780801776602 5.39290843133473 
1.87642346841162 5.48230182400886 5.62085454396647 
1.86071294762711 5.44378594020069 5.80452154047805 
1.34179877835474 6.18341167080734 5.64685781755704 
6.23672425922502 6.45528042640878 0.722893450423319 
3.70481411273099 6.37211186583895 2.47260899015007 
3.54615773390685 6.78761716014593 2.18355929821919 
3.88966345315838 6.03191330033151 2.3646875527399 
4.28072601996423 6.66227476024362 2.66270421496737 
4.35081050445412 6.07745924249193 2.50199982291859 
3.92425582394421 6.72006756662259 2.64632219420452 
2.39104779190953 6.05810467073888 5.37741052572837 
1.94562307651282 6.1345904939508 5.25193144494241 
5.42841461888162 4.66774052997995 3.27943535064022 
4.96513478345704 3.65821785991372 4.22513815747749 
5.17386807818272 4.80519167043087 3.54826827364293 
1.88363860591417 0.657685354558164 5.46319372047196 
1.36985841917598 6.88595788121491 5.41549512481995 
2.31843850064057 0.599159877607764 5.83665105331618 
2.20506383597585 0.682922579205842 6.09084172943131 
5.44029264653513 5.15852657851483 3.3300970300626 
5.1861783164679 5.0355287821133 3.54507084439659 
5.45691744371685 5.68844314252513 2.89976315278668 
4.37526011665143 5.35459020365207 3.02688866444449 
4.88098048671368 5.71094197173294 2.65239552820157 
5.32800744411217 5.20617211494798 3.81762202498377 
2.81898976515297 2.00671643517533 1.45992665836022 
2.54864084686317 1.95444393563857 1.80422460843869 
3.06288003922176 1.8624697371946 2.38987117618396 
2.69669306255354 1.94460077016984 2.21680192654021 
3.0647472836117 3.33827309888902 3.99045112812369 
3.61292289465619 2.17781276861188 3.63358995094616 
5.57548695934842 1.85614602323701 5.84302712965937 
1.97075042156603 4.85353935738948 1.6512458157098 
4.2332302558662 1.03614230641172 0.451929784142235 
5.86170756084129 2.5267218001405 5.32486441139614 
6.38662479883437 2.52246962813604 5.17634570286519 
4.73953289466881 0.803108147218861 4.57861428360664 
3.4347211637639 2.13848543842166 2.62487774840754 
3.58462097988415 0.554762948148665 2.92204215160916 
3.86617321548565 1.73538456225442 3.20745623088268 
3.98776924428321 0.905173209670032 3.02788885858427 
5.20005188608043 2.13064228884094 4.46308602992431 
5.27389998672709 2.63165442047675 4.75801903083683 
5.14640697296555 2.22635892991758 4.8292704728269 
5.32416709053974 1.91825565197747 5.09356681010506 
6.32807818416898 5.45760702256481 4.6760321004189 
4.5515572949407 0.827642762371843 4.92125899820796 
4.77875098303211 0.783329556379157 5.47303005665454 
4.75115966632878 0.974486454443745 5.18801010347165 
3.47283491846124 2.73074781945834 2.57740453808845 
3.68817746952961 4.08474168990144 2.18206223824456 
3.56564321731065 3.85081510667118 2.03563831741172 
5.82254210180958 6.23232793078388 2.55380487661597 
5.88568911886662 5.86042923019513 2.66670443189147 
0.267735102675522 0.868934021246524 3.98446604742798 
0.754698127071635 0.190942021649732 4.1397271847484 
3.88770738440916 6.93166056560013 3.12393470398626 
1.50563731456099 1.91162536871272 0.802199982152156 
4.20941335813877 4.96575044098212 3.03821759360941 
5.9879306463511 5.81618334736923 1.63859377428973 
6.01174332574245 5.58483357908917 2.32409838162914 
3.07934145925717 3.08117311977913 0.462926836578132 
2.41639744434747 2.40109242632126 3.35291377826837 
4.37440024183594 2.78015316806483 5.11764051674164 
4.14437128357718 3.45938185695265 4.99829338207708 
4.36200563477087 3.60078353885334 5.6926738967968 
4.32278841720166 2.83357548129444 5.32027093654397 
4.13097454792138 3.29654316676128 5.36898485131713 
4.67935029964484 2.6814734921727 5.17360014807358 
5.12483875198326 2.85446959929668 4.85550884333594 
5.45541896461341 3.31180910059271 4.86302868852829 
4.93263629572547 3.51286673351209 4.55839232059563 
5.3790031376755 2.9759381041318 4.97335988262729 
6.12959094976306 3.74539822563712 3.0298544694595 
6.17326834937581 3.30014357538414 3.17802402605981 
4.51970756813479 4.88460890721536 2.29971907379892 
4.2126265559575 5.15702607925358 2.90841752482832 
1.57889349440644 4.16250496992504 4.16732667377286 
1.49249887063525 4.30182628290119 3.91451952733956 
1.3430178857433 4.04956529231786 3.66369749825682 
1.504414908319 4.50345227306019 6.07711139202231 
1.61745057642363 4.82001562315543 6.21072452551554 
0.956452746999274 0.211630187607381 4.19996479787539 
0.212061070210966 1.82523657608185 4.52397327336665 
3.90505022425166 4.60135870881998 5.37134302332186 
6.37906962188211 2.37726820612852 0.335494757916786 
6.29636305204594 1.90619700340594 0.918827107802735 
6.56257586977889 1.4342509962978 0.785348727386927 
6.60562114972098 2.13469641750725 0.648081114786831 
0.712164723341601 1.96019187751715 5.00622160769781 
0.527144368542711 1.98566992556287 5.48936329669279 
0.442790677516685 2.43847285439944 5.58481153207394 
0.65068846727439 0.781726647408822 5.11395365646022 
5.55178587848289 5.82962878462794 0.419493230971436 
5.58867660332216 4.90793177877803 3.18323779063854 
6.32080941741197 5.23792822267539 3.69400653192076 
6.65415117308725 4.84529909050176 3.99087970869439 
0.283578488247111 4.70996625809951 4.08305672936215 
6.8037274025962 2.59807336246375 1.17127769296348 
6.91770193371358 2.48320124661176 0.794326723433766 
5.73511987012531 5.87341993098914 5.61599898663302 
5.95113523755681 5.37145923204269 6.01944467515923 
0.330045929724012 3.88281912551735 2.72239879307067 
0.247440156877683 3.98279328399951 3.03637516662849 
3.60849879900381 0.725252981249498 4.00052699106407 
4.36523438871693 3.647592324608 0.55898557369274 
4.0214668037641 4.18090843282256 4.83872188282503 
4.40013193276478 4.82808329795304 4.7914484142045 
4.66993507905347 4.39609102289648 5.79676467222197 
4.29909434814135 4.42924104653533 4.49668021482086 
4.29026894647362 4.31524977376999 5.66213365722323 
4.0681724695615 4.51396511535611 5.23249502605797 
2.49247493139419 3.59490610892832 4.67940997344095 
3.24748280158202 3.49813303785751 5.09942661296783 
4.82867044462726 2.20032443875429 5.01222519823622 
5.56276808175975 4.76540918900586 6.57698812251323 
3.70600670167167 3.59517614053561 4.79950569843487 
3.73099365113368 4.08365258440725 4.73560281514117 
3.63868283757342 4.36034247022021 1.90997578782777 
3.73599897043252 4.18860215806434 1.1340851635829 
3.46112848516063 4.17683880262893 1.62953547734864 
2.91954955702453 4.46391804210223 1.50122579219253 
0.635301096250291 0.671696764599044 5.06981060755416 
4.37911804659617 2.05943314572921 4.81350148495085 
6.59303665871911 4.60134720454894 4.17739759379194 
6.54429282403148 4.13862503601555 6.09720917355089 
3.05878064153028 3.32938347604941 0.595439823612901 
3.15070624880405 3.27741111876213 0.977850656050908 
2.3763082405361 0.632108243779077 5.83866741104619 
3.79619750908387 3.84460958527666 1.02430931519114 
2.3492557088244 0.76064136283243 6.10027069914959 
3.42852835290337 3.98689159278513 1.67267486718549 
3.66914423464599 3.65026532226002 1.23238093007098 
5.33318633198006 1.76601380262128 1.05888630239878 
2.83878095220361 1.03890682152554 1.18487111541397 
0.659434078929975 4.33541128350897 1.1020116567946 
0.37687820678891 4.0266975783601 1.17586268429564 
2.50382905818122 5.81209143024582 5.52337726032184 
4.42261429153121 4.56090630821277 2.77792143070605 
4.56890075314872 4.63243198786211 2.39196617526513 
3.13536385567351 5.4367263245818 3.57707798653289 
5.5589155325073 3.94033799141616 2.39416437254809 
6.12255526427674 3.7686660732348 2.66631774921967 
4.87746323273206 4.91006117646699 6.10857665810445 
6.18838677969716 0.752027434747765 1.20958571337616 
5.34406797894042 1.33929104493385 4.28873101544521 
5.51990535017808 1.67372016315031 4.51049898348654 
5.11178957636298 6.09722902406911 4.04862935621854 
4.96145413474779 6.39081584443353 4.44859158901326 
2.18628863523644 5.60401678755975 0.630684813564109 
0.701543282404964 5.37943900417162 6.27989021999721 
0.538612219595423 5.7541967287534 5.98727565738295 
6.61648404626659 3.14509196594462 3.8828440984828 
6.69261519336469 3.23648531714581 3.50481102789582 
3.26738438539142 0.821107481098114 1.45042482526821 
2.02026310725822 3.36990304073447 2.57866651950741 
4.12793422704418 2.27070495231934 6.06404549739291 
1.58913723403912 3.91890120074017 6.35440985734958 
1.40055123764231 4.30985884444205 6.330753925122 
3.12609221001455 1.79061548600231 3.31829626449503 
3.06754438830171 1.92805557989202 3.19248547379556 
6.53672135890547 0.228015352247147 4.07525846805965 
6.66629732656211 0.489158709957381 4.2484501228047 
4.31313967822558 3.72029619618943 5.01988339611809 
6.08634738513561 6.14859074387545 1.78328371437904 
6.10616501095029 5.84013611398255 1.82086001243792 
3.45614150327583 1.73096372951779 2.17916040622982 
0.450306924895951 3.41248899346928 3.1968907924248 
0.782423361100753 4.7291972591294 2.02156221570275 
1.40424093286688 4.92162291192325 2.25299926171496 
1.44316079415121 1.77378445178072 1.67825245640128 
1.23915875882194 2.28511572640957 3.84432879419533 
2.59373422016042 0.756502176662941 6.40611601752821 
4.04501212261549 3.67488042906527 6.01151048034179 
5.53889970221679 3.46108006578579 5.55639566570324 
5.55386023811798 3.60124057568453 5.19918913474928 
3.26347809399918 2.50520159660387 4.6003837629818 
3.90148464182703 5.43665673533403 4.67999983135593 
3.26931872650555 1.29582310355716 6.3867382533511 
2.3586019850782 0.281564646983172 1.13793905250981 
0.928015335983714 5.91664557129271 1.4426837371771 
0.838089507518925 4.33254888785549 5.88777597572427 
0.738670277661965 4.18577339264816 5.740771214177 
0.133915529557373 4.42936524835426 4.28704419313944 
0.248144857752148 4.34769073763221 4.69894094863353 
3.51638333506459 1.08324574513906 2.14144322199689 
5.73133371440219 1.85317337663037 2.52632247294559 
6.5802286288 1.84923982853169 6.2177571966934 
6.64764536697806 2.57427364345509 6.19482317610877 
1.13063852747584 0.38803271517495 4.56904394817303 
0.420285215583377 2.30374974814711 2.73279760097212 
0.611472185134379 2.3190867991511 2.40078591722143 
0.703215746496133 4.95977927177318 1.44289175568516 
0.461732297827246 1.69627550886298 4.8101634976526 
3.96178319692793 6.47983752738976 5.22491732686793 
4.07829589957976 0.109686931397075 5.35710074891855 
3.57469783846845 1.23795501537248 4.45376905608988 
0.856609893860752 5.32277933165636 5.06422042065529 
1.38464629611365 2.18218048814988 4.81749916880774 
1.51297389767224 2.18545776844726 4.58910159903977 
1.24435549372565 6.10507390159913 6.03984090880779 
1.47750821962658 5.76259451115508 6.23329911247783 
1.42424093559047 3.35910209776452 4.5419810825433 
3.15976378034249 4.86958941954663 3.74306702190098 
3.38155900775078 4.83668010065835 3.19755983973249 
4.15951905035519 5.174415769685 4.28147056031631 
0.878724145184587 6.27229588392393 1.11909300904107 
4.76483099198794 3.2465751056374 4.53920909870423 
4.30079328873068 3.17421860139317 4.78034245029794 
6.89115396902739 1.96050132291258 1.9354820217483 
3.98366544162995 4.36333027189318 1.14766485414659 
5.2745226523828 1.05056242182842 4.93935427313566 
3.58630079690213 1.41114379926364 5.17663384924706 
3.72258151590155 1.16377409233388 4.86537851673862 
4.5000548745494 1.02831238469649 0.836706972754156 
6.00615914220047 1.7333442836728 4.3264964552297 
6.48063295899507 4.89049728412245 3.48454861060045 
6.32278322212099 4.72408206487907 3.33130694681556 
5.66068184165467 2.76025302879554 3.06453297155949 
5.28694775084929 3.79569819910808 6.61894981082867 
2.99555068891078 2.91049457419075 3.82371155217482 
2.6177368448693 2.88661153741341 3.61107845813203 
4.24692837469917 3.47143669030999 6.49223634305395 
2.78727015004948 5.28567218979765 2.6443212534869 
6.0468086991009 2.23941483125639 4.07561128840462 
5.67039394868102 5.64608998243802 5.7998273096433 
3.67263791287788 6.13402250765406 0.928938947850113 
6.55220309251603 5.41826200900175 4.15009098559892 
6.45084169093063 5.16513905381048 4.06609178896973 
1.06209179706235 4.83893096109722 0.183298209798547 
2.75819027010655 5.2554215194242 4.91082699670511 
2.47416004332966 4.9945777037806 5.09377241998604 
2.61740044783182 4.22056795635505 4.94252991538974 
2.59435418352039 3.94909013650673 5.04760395855502 
4.09558020938063 2.59560109119793 3.5531565644816 
4.26251256964056 2.66175877029811 3.82978327056345 
3.5096337534387 5.8104209189344 0.815685425815257 
1.2383693104226 6.79730692811143 4.49858163429669 
2.16930351652642 5.40755021864541 5.79270996341345 
2.1734844260155 5.43950834235273 5.6434499324609 
4.33557870369969 3.41369962933775 2.74168909145225 
1.01428103198928 2.40706167813087 3.45413502724774 
3.6555649765177 3.38869097427377 4.49711039893256 
4.05247278812201 3.08158384991863 4.48981650808067 
1.5350766924264 3.79840000692507 1.70101081341866 
5.34942450699975 3.85413304375615 5.21760664717674 
4.83952784427242 3.74331843308685 4.72168780511526 
2.80112400837559 2.24801298744681 5.81340814646159 
2.89072071639187 2.22319598376529 5.80645991816218 
5.89237457032101 2.30466203559029 0.45511719150364 
3.59896441408333 5.74558181284524 4.0399345791102 
5.1107951758897 6.31755594472868 4.6359489468462 
6.11054934641048 3.43219923612198 2.50056215976024 
6.14367423690169 3.11155931146574 2.92920747937789 
2.23889050323912 5.19772940015692 0.764941205200016 
1.02046791371669 3.78198097887392 1.84261374988745 
4.36939292922847 5.0757660793133 4.72202250828013 
6.03619562804287 5.75387117686465 4.79689189585394 
1.5192206362931 6.53577333393125 5.63475174265843 
3.32227152151505 2.07684622793609 3.17838561455901 
3.41343227244745 1.97639569830454 3.29743723157473 
0.61437335214875 1.50980557655839 4.70339084403568 
0.553221504480844 0.822861846940252 5.06959808212294 
4.95887180655023 4.92566217126051 4.90412731916364 
5.48402265669664 3.47349336039627 3.63546964727366 
3.05801529102326 2.41002349118278 6.4932979884174 
0.978409967394862 3.19883854684047 6.23652070328119 
1.07364479556948 3.4470008942105 6.03066354413107 
6.67450322381288 1.68276385660068 5.97346289394929 
6.83670676961181 1.98738094873474 5.57243187192528 
5.46132958944362 0.579821802478637 2.66343624371796 
3.07337171822053 3.59036798243218 5.65852255215023 
1.27740248664659 3.77637354456059 6.34588538465504 
1.12460765427702 4.18165199923201 6.32537844601848 
1.3390237882055 4.36672970338039 4.60421512255566 
5.61439377120538 4.19347302048109 0.594417142074136 
6.04031059996553 4.34564221064587 0.31170889470433 
6.46425606139137 5.1610318992672 1.00224790833456 
0.37201698303522 3.92638868201915 1.43464422123332 
3.15183690304921 4.9870793809641 2.65875532145273 
3.38085930092948 4.98096846868649 3.1277272181489 
2.35646910609187 3.63793555073926 3.26028212898894 
1.10947770689323 6.05525527890662 1.63424313187439 
6.39985190052466 2.49904340572071 2.85230607521669 
0.63583241521957 1.79427887508705 3.76411513902247 
2.32077870828028 2.37695474675899 3.48646911020932 
2.35321774793171 1.507231372673 1.67270839857197 
3.56204913007951 5.41181294597072 0.920671250173638 
3.91609351708562 5.2446104602196 0.984326947098714 
2.84828392147067 1.67584423288393 5.69186058027638 
0.667201772024965 3.50092168902149 0.784263867187596 
5.56521174445603 2.68707255894844 0.649108616074832 
0.879299668334226 0.819068441061825 5.8674222019321 
3.50420867282918 0.544692005729288 2.64286482610531 
1.77580555666416 2.38292909304631 2.11248714491791 
2.89677057788359 5.45065983632645 3.86379741771553 
5.96732433017084 2.72781477751473 4.23188455556987 
6.01229783434484 3.08711872212902 4.04406376296502 
5.49598139598034 3.65960628230536 4.02226026235508 
2.58124741381324 4.8404966252258 6.31119551105151 
0.176801946207224 1.46611326679755 1.69550447047623 
4.81109070875181 2.46701805268512 1.90964199515121 
2.75526392269278 4.84367319069098 2.50802033627727 
3.09956627821213 4.82624816343958 2.59743909537469 
1.88707190400067 6.51105711517627 5.40574455232669 
4.23864451814024 3.11885933643676 4.06643041414402 
1.07147227853667 2.99940832792238 5.30041969001446 
6.70515451740909 5.49683683997772 1.64746501202366 
3.33128372159392 1.47913961450902 6.16533447743885 
3.24998415756239 6.73013325585269 0.833268659267175 
3.4557595973837 6.43468825059105 0.674045612238306 
6.17821922441116 3.67486449133706 4.44626738639481 
6.00584799068353 3.40741199489148 6.6186568210432 
6.07213323111681 2.95860884666863 6.43017208475238 
5.80527812565416 6.74824423065511 1.24058104964489 
5.52141969535859 2.80013541369566 4.90035994399223 
4.44545806909125 3.80333731759977 5.57285422556606 
4.49422288377728 1.51948771015956 6.84672746862322 
4.25910885379857 1.08749003323131 6.96307852582577 
0.64779355432804 5.86417115685425 3.86491516953178 
0.496417757180004 5.68028401797059 3.87364718230905 
2.46710243039563 0.763534110546782 0.831223441929657 
2.20675267119383 0.908529459972983 0.800559554368639 
1.93201802106944 0.970158374964724 2.14552373887036 
6.18465385364663 6.55485624065467 2.90883396431644 
6.90042591674119 0.868157428482933 3.8925578895105 
4.0840758537104 0.261606676254968 5.05069780897816 
6.40961444049017 6.20415573066135 5.24416768654558 
4.5627591450879 6.33607985666896 4.42875460730477 
4.75395933965829 4.98585760031392 0.410902431308214 
6.50137337913954 0.791771557787427 4.94604726494171 
3.58042713264136 3.20799639036798 5.6462926377722 
3.2514285896906 3.30856346199628 5.47125180719878 
5.39404658001135 0.946692654707779 5.99198191425909 
3.95803585349936 1.7874670285133 3.32305475822027 
2.92485261421867 1.57182994588217 5.44937230836049 
3.43163011156843 1.24698780405208 5.39791537345335 
1.00855695290302 5.71317037099741 2.49863632585855 
0.856218258900404 6.03778331762778 2.18308150245799 
0.409918280320674 3.59186543882261 1.37030221703289 
1.05139740181941 2.62892123947636 4.81764479384355 
1.63092137839449 4.0666576450646 3.262756704771 
5.79945726168055 5.54346805703298 4.91102235832086 
2.24507936499206 2.53685597713263 4.61634190627899 
3.40747612306653 6.89864747509665 3.60183912001235 
1.9105668559977 2.88595386235735 3.86868938626431 
1.95302087906558 6.55227964292432 6.5449568378091 
1.59746574768872 3.45912621310109 1.50881045986518 
6.21327365783371 0.794703369236909 0.512120555968254 
6.21939804720891 0.97457274140581 0.42184020094175 
3.39907325659287 0.904955633455185 4.3367149267331 
4.0542823751771 3.22329563858101 6.59104110839504 
6.51002685211491 5.68605293644664 1.88251201799183 
2.54131155018317 3.71743397060296 2.28869984698713 
2.7294524087945 3.61208202065009 2.09171622988809 
0.876636650403512 3.47744281398093 2.55258235062514 
3.69455780840766 5.93244021957079 6.01950056641242 
3.22204237392956 3.68830445808439 5.91420259592943 
3.59205131258751 3.39790812599742 5.94573210124502 
2.2658750827607 1.01870423924616 2.37196325626965 
2.52339375599986 1.44959053319846 1.27610975936563 
2.16849151271239 1.34951038311219 1.03461343876295 
4.13950083407005 0.440335717638226 0.893016018439001 
4.39718146593631 0.783856118898465 0.68457549087806 
4.27215417230538 5.44039530751396 0.763333046471238 
4.41433375518538 5.12902432445528 0.40781563079766 
3.06729142927501 6.86673747021665 3.55447796687513 
4.71430580380623 5.99867951450206 2.17122653954706 
3.32088047867656 6.65008787714766 4.41482155001256 
4.19042629298484 1.39688697930831 4.41702815471757 
2.03577756986238 2.19593095077661 5.01618429424448 
1.68885373150456 2.18951213096956 5.13596972454953 
4.14765470605165 5.28451502362144 4.9073995401993 
2.10160345996232 1.66909664868992 6.69705053372389 
1.79596708514781 6.90509852533175 4.99596369852885 
1.79699892400249 6.90580662376969 5.11293863662228 
1.74405353416705 5.98686083488779 2.82886553252233 
2.99859767352769 3.16110569176267 2.61595285361151 
2.96971173701731 3.51619272556677 2.54075775571213 
0.708750590439313 1.56833500193017 2.98340248114971 
0.297770592675789 1.05627227633743 2.66002811170933 
2.55805546669072 3.09623564502747 2.82760990284348 
2.66916359382584 2.78206542708476 3.37266715623539 
5.23403935104083 6.20749655313359 0.500864971426174 
3.02524724879124 0.468399212196061 6.33536946796319 
4.46553751552558 6.42505730070289 1.40995204614491 
4.5684967227185 2.60232726380806 3.71038531208565 
0.349606966262108 4.83466778154253 2.24205696234046 
0.51436565537432 4.97314894685622 2.1063177063202 
4.49968551462321 3.462105553526 0.680063386850391 
6.79797211217853 5.59213978926771 4.92038865676097 
5.25400447619074 6.76343485281857 4.8155382106749 
5.7723484543449 6.9536663311419 4.84569595052891 
6.11762541459983 4.72258565133399 0.329040557651161 
2.9507425086257 0.836748885323743 3.68870691910576 
0.725351550443845 2.83645919841346 3.56523962834557 
3.19998531255913 2.29970483235565 6.21517272284228 
3.50091120642789 1.81795384560669 6.36829530780861 
4.55311777881899 6.43060659534705 1.19261671245667 
4.86624187540984 6.22494406872204 1.15155944805044 
3.13420417856398 6.643461435323 4.48178118001308 
5.51198237327309 4.99308730412065 4.39156083165663 
6.12135976199772 5.01717896442617 4.52923869297192 
1.63802649879806 2.70124031767194 0.385968049039948 
5.48479716222599 6.76739965162022 0.97234354287528 
2.03121966942008 0.350291291265204 1.21971946291762 
1.92719892904005 0.748175450718717 1.00123776516967 
5.18087885355864 0.470414414801369 1.63900981302 
5.44613911030851 0.314020591886159 1.9613147014505 
3.86695336032594 1.13165489984782 3.2869251492358 
1.23798250878519 1.96818996123752 1.28407468489522 
1.31894505615279 1.7619036027442 1.06366795309548 
1.33149585961559 6.39413770254593 6.31348947152403 
4.29568768094508 0.705579220284572 1.96469912758116 
6.21253081818187 4.75040784208 4.60235720630694 
4.89396580926116 3.93299845716359 1.56423925800472 
4.12599114878421 1.25273479823467 4.83692176035197 
3.77376558145456 0.888278798419424 2.30194107379835 
3.585582644376 1.03330466161771 1.70107310597963 
4.73351536451212 4.19699650624768 0.169568230655047 
4.64014998802295 3.91944415593925 0.166369648942909 
5.4669383332116 3.97349758077415 2.13155788099359 
4.88319613226049 6.27077768102955 2.01773639942788 
2.41488898821984 3.4047508737525 3.63576675319211 
2.04100884469508 6.43135694451868 3.66038292164937 
1.91764550551405 1.60500323161719 3.71740922996377 
5.58950834395113 6.66319668540352 0.610631641099849 
1.55262819372617 1.48577142503682 1.60733333596378 
1.52694862303082 1.40024136256864 1.31280325114752 
3.25201868500813 1.82593464994146 0.548933932348786 
2.77748503542825 2.13881296833884 0.807510336772779 
5.16425178432349 2.49869401846047 2.54015921475358 
4.63791996295884 4.28882939730729 1.42628254537597 
4.31183372764118 4.19960591072719 1.05305464744922 
2.71125884684855 5.19173140735575 1.25196424960613 
2.87798161251265 5.07732712096583 1.22298724382565 
0.139353128132804 1.27539776606032 1.07403423336362 
1.40462534866141 0.955727508875677 3.41785128677723 
1.75997842195783 1.09941806714526 3.55890328801014 
3.56112640981587 6.82769493136605 3.85178547114915 
3.18411571797496 3.1563350870326 4.50902286054457 
3.00692237991355 3.22154130816404 4.74860682255213 
2.83911563205222 6.88236113268874 1.90996706962643 
6.87138989147778 2.61967670002167 3.83814135530963 
5.88628677813771 6.16590019169322 4.02533007543307 
0.885579451989361 5.01449251618408 0.210748227510174 
5.78363011381992 5.7254044545375 6.82770966086722 
5.97782341764858 5.35880704726096 6.65372338390135 
4.7413428632325 1.11488449330163 6.55186322378336 
6.86182264739216 3.63899679348641 3.51305531339887 
3.17020986164806 0.956492989580979 2.33640362929571 
3.40544627828792 0.567169492920087 2.65844525191516 
6.48268528079872 5.6639794835833 6.83257199809907 
2.05257217063173 2.19325129926202 4.77044460492089 
2.41258705592205 1.75944700750521 4.59132914570725 
0.214804838585273 1.766726976182 5.48226378677845 
5.62915860813996 5.5823933466878 3.47934516470771 
5.58598747656569 5.31751569313501 3.54350220081521 
2.55808258229181 4.57896965627878 2.66612039157785 
3.03417944277475 1.29740252887431 3.2193402817193 
1.42660769699445 5.91597427904997 0.334015848239485 
1.08313686884564 6.88553710187006 5.234732914165 
5.98863083428077 1.7314879656133 5.30033904818487 
5.68975331110653 1.98574583110662 5.38088741709195 
1.16501984257156 0.975026476901459 1.06158139243959 
3.73296437442813 0.728755180718362 6.6451135923296 
3.47840478905474 0.834961630585251 6.32894684889102 
1.5056607492644 6.65758614075862 6.16637421052534 
1.88393948184146 6.73305297523998 6.32348832410841 
0.447138942682234 1.4954766029542 4.14916803186658 
4.65979331004954 6.2383426141162 3.34419235755079 
4.54375409206989 5.82541194123897 2.84050270790183 
2.44000195676422 3.21904416159915 6.40053808364391 
1.54581902624036 4.54187719649782 2.61252912962392 
3.78834927822327 2.73379863654487 2.33641852934384 
4.22226544693499 4.77692894000201 0.411147798647727 
4.61760348376264 4.54668028679071 0.402295591157446 
2.31275468345258 1.02037672208644 3.26294038874033 
2.28416570228607 1.20854169619588 2.63806270295136 
2.74730627994974 4.17296269432902 6.45722051403523 
3.65586365851364 5.27045838767077 2.32311168276986 
3.97893958535653 5.26718485408691 2.87715141411794 
1.44746090733398 6.35278610932342 0.322900413988054 
6.47202026823201 4.05915427485658 2.6245830136807 
6.59440641192638 4.13628244090171 3.01329554019809 
4.07494310226553 1.11011867090151 2.57871053027011 
4.37636534421687 1.03561795998518 2.45780344546494 
4.47937004601711 1.17941765134189 4.22959328106982 
5.322744163041 6.06281173017183 3.91848824840718 
5.68429870177731 3.91241844884812 3.25696274091835 
1.89989971114614 1.34041805088224 1.5953975643931 
1.86620971326638 1.26093010960472 1.28627319271415 
4.28990149027312 6.91086596897824 3.30946481711748 
4.46069586331927 6.78900455412135 3.17644297563483 
1.35354612600698 2.54093696812462 0.52475080150801 
1.53235308867506 2.20976075976378 0.860857931906276 
0.79468402442492 2.07751911407177 2.99372387620418 
2.44515758288014 3.39648212556394 2.8030515229703 
2.71526041778498 3.63222510645495 2.60164527173154 
4.18114969161739 3.74122454053884 2.96299984366029 
3.77685167207709 3.76115894078408 3.22470040038546 
0.882015162858804 4.39441627041926 1.44287067244127 
0.88899105128533 4.72387938029854 1.59331437221154 
3.9101866905202 2.56962101820643 4.55818056127931 
4.10085239578718 2.4188259093959 4.91918494343199 
0.304523066449071 3.6999773639064 3.32602606462838 
0.777644693572106 2.96666728976085 2.12368043987623 
5.02657753185042 1.00973931812739 1.58129665393384 
5.53614840105475 4.34841377118343 5.12028373597799 
3.40734077743591 5.79807505736294 1.46314388898189 
5.28106019547069 5.8954211806546 2.85993868467359 
1.48741251459139 2.37509949061003 6.7729224398622 
2.1355233427028 2.05623515280898 6.67121135764127 
4.0000280044692 0.771345421640434 1.64696093989147 
2.72208950534648 0.133462542265389 2.85664786174073 
2.94943865934337 0.261075320974307 2.46423249666051 
3.62039597880681 5.38424692055207 6.50247406775533 
3.6217294633919 5.5583901761243 6.03079893624383 
2.20577320615295 5.499758652866 3.27678448919233 
1.5285788400209 5.05560494932677 2.8910247867091 
1.55901844251902 4.57777847035142 2.72559146674728 
2.56017667557413 6.39636073759557 2.10437304921715 
1.97223720066341 5.9659062271281 3.26282360096444 
6.46450907391784 4.00884556920198 3.1858465303925 
3.06458860062458 5.25777746900792 3.88887274377262 
3.07759379037517 5.38488665719191 3.82762529907426 
4.98299008391393 2.46120231889099 0.931641159948329 
6.96893907209725 5.32680129936107 5.67497685288818 
6.93158524945553 5.19246574323325 5.25615845353897 
3.94412829448087 4.18951201736044 6.01374707381975 
6.07655954411283 6.45445032049383 3.90033489814004 
5.80290793572955 0.198282401811326 1.42345207147396 
5.77538112126129 0.161127277775778 1.8017152998116 
5.74009736101196 6.36045750279206 1.68258277510006 
5.75113040602037 6.48556114297628 1.91283711452915 
6.05966471050706 6.63123102566247 4.65500657276104 
5.80745269675466 6.14441353975264 4.44231709176722 
2.65217896291099 1.13184233109595 6.43590442892926 
5.21101806194229 0.935127504853185 4.60676217981842 
4.29370563248918 5.50211940455276 3.04680430490677 
1.8097037669473 2.85048005343891 4.25845219165087 
1.77852650466176 3.28489043339989 4.4101801878848 
0.907041418278082 2.21729666498034 6.15380553470023 
0.676785195839012 2.5454343843699 6.01406627601549 
3.59498065201555 5.69073349820803 0.737380774546629 
6.44374117141452 6.26724942888233 3.1480643289078 
2.17172156459647 2.15635118824743 6.39122186203619 
1.62912083450518 2.63760624703104 6.26328110423992 
2.70541640842642 6.7032591281755 4.22207198194509 
2.48284401466325 6.33323708932438 4.14730223271657 
3.35122318966638 6.20347427856857 5.08208935256236 
1.13978346008257 2.77910552076787 4.47034771497439 
1.39484434886356 2.56034427829385 4.31793022440897 
4.70420865803116 1.39833082948437 1.90612873190755 
4.61517879943974 1.38204323397832 2.36813995973458 
3.71826312188979 4.6149863440405 6.69271228206998 
4.03761987759553 4.3560224931217 6.2870292613028 
5.88248566330609 2.90985496237671 4.66936525744132 
5.8532691469206 3.29634691100936 4.63549549272109 
5.7196012697846 3.16935738663979 3.59749252481999 
5.50362615288798 2.88136504623108 3.48629732364139 
2.3644891253266 2.65498186407088 3.75594410958295 
4.2403702210991 3.78880766552814 0.94321455348566 
0.218505622625316 1.04627973239038 5.26834713724431 
0.201671525069809 1.57664980229596 5.06289389309286 
6.34441737903125 2.21681962847154 2.44582808273489 
6.36356784774852 2.43570148558004 2.10675598318054 
5.72916427166424 4.29912174858773 6.72417566864427 
2.68228723994481 0.172934181102153 1.84225954347183 
6.26824892227828 2.49417783750711 4.21816218551643 
6.77932766712736 2.7039125915153 3.99234115429991 
4.44846339209845 5.4129762241755 3.96098464054191 
4.54066041903724 5.1177263437953 3.47813839369955 
3.46637757447759 0.640658511340699 0.507669011911558 
3.66977974922312 0.38412236555263 0.782795680156685 
5.76985074235949 4.26555477360646 3.49677039277779 
5.9774503139152 4.35880213223894 4.95151612053602 
5.97419556794685 4.52753633725642 4.59552257905194 
3.93170416547216 1.37092887450305 4.23058509550427 
5.07056676426116 5.47644691554753 4.10507910049145 
0.572321269960566 3.86697921818593 3.67571346909041 
2.45418670692842 6.39934593970864 3.8750885628661 
2.67503225452304 6.76962168054283 3.96727985652571 
3.91476026395283 5.1466677453977 6.54744091815759 
2.58840321726187 1.08670579614689 5.34697183653502 
1.78543565605503 1.55501235213676 2.78229947151539 
4.84271201171553 3.64686987384377 1.42116844813858 
4.40654431749138 3.57018865867178 1.05319919580991 
5.62116946650958 2.95797173849379 1.19847439517386 
1.75305221678112 5.01022688468131 1.77119743441578 
0.40951506580843 4.44026316029959 4.79047174807055 
0.388844025847208 1.57248673297883 0.808249117130321 
0.702262927891315 1.37824539302671 0.624723853540887 
2.03344877340975 4.3113318426035 2.16153912109632 
2.10163652603162 4.50628419903937 1.75548774419753 
6.86597714403373 1.53227883700116 1.78814436543793 
6.33151450209132 4.57656617358003 5.2085374054465 
6.42659919125766 4.72043880057137 5.08428990144808 
5.19508300293565 6.0133394274057 4.0734390995495 
5.3483526862412 6.0486439215981 4.46680784379728 
0.844765110581125 1.1179785856874 3.60502011318654 
0.725361993919011 1.56882307710594 3.91583603360559 
6.87770615033299 5.88745526970836 5.76504375250117 
6.73849063759113 6.0802283597428 5.23379714376285 
6.21142844951357 5.99944080741761 0.613854149183107 
6.08223124794234 5.53429018166391 1.13916654872989 
5.18595881527079 1.41167280205295 0.728176553115727 
2.13818953946238 6.3547055889547 2.14804270250252 
1.58637674991915 6.88215338789063 1.94419519511073 
2.35936392837272 4.30565605746057 2.20408758775502 
2.46272898285551 4.48792393490427 1.82950566470652 
1.18035579726124 2.40823769636254 3.38146725990988 
4.9739375574572 1.34267363098828 2.56901474720818 
5.42493983093982 0.398212845823184 1.24032505842222 
2.38021492517002 1.64414025465771 4.47916145548976 
4.98251426095511 1.88121712522136 5.28275092756925 
4.66861727079655 5.90562428592361 1.83626691195671 
3.02228734995274 5.12094071084813 6.34066789848309 
2.06562799260998 4.70139764024508 3.00368833571752 
2.12552329511463 4.50645389765338 3.29376688427991 
5.55128768268326 6.30550352145152 2.60200897331571 
1.55589783163087 3.5657213961726 3.505114598572 
3.94023256521705 6.42486825780695 4.95710800079479 
4.26363090330212 6.10986319351523 4.81859542374801 
0.325746810587189 0.944530027755951 1.01008170362449 
0.713883585072121 1.23980191916777 0.635557366021868 
5.22530888963199 4.49854462553409 2.49996486770686 
4.04055719266738 4.10381101256545 2.71835952997068 
3.67901739366594 4.15809147220663 2.9201784706887 
3.02195155382013 6.86112252880653 2.21697699077809 
2.48116988762951 4.15452574141938 4.36213129042966 
0.853641352511183 3.29449589047978 3.46893884851252 
0.315614334227978 5.01101807180882 5.19836543462455 
0.251458652163717 4.58743108226819 5.12583751394591 
1.60675066861461 4.52336701490312 4.89610871553867 
1.56141835688391 4.98066564596121 4.93868629083911 
1.9099780489811 3.163968052316 1.73728612306301 
1.67072566055529 2.72943605619321 1.84720439868832 
4.77462471407331 6.09198498404018 1.72361210643573 
4.97674637273241 6.01847982190211 1.5187081039731 
5.75061586018739 1.98185914340213 2.49917862483346 
5.59123278525914 2.07505732111324 2.71031938676802 
6.41115130482391 4.29456469420133 4.01636497390402 
6.2358837834275 4.35662269442232 3.4836369851856 
3.58308691455688 0.407885012575301 1.30481155359075 
4.15941447746953 5.71594210205884 0.6181151855235 
3.64370737420182 2.15213304379384 0.521278759206648 
6.84714774708283 3.90162850340794 2.36546811503773 
5.9697307175737 2.42975474302448 1.83564317029143 
1.9244638253212 3.3479006479323 3.8260589611974 
1.85846171615191 3.5130667864131 4.150440035301 
2.8153978350842 5.60013633188651 3.53462068424183 
2.68374498155364 6.03527589798417 3.38549637567264 
6.31458764400534 4.07140339841845 0.503919927300266 
1.34012324232671 2.23633285078723 1.22516640098608 
1.66066407102052 2.63410519361758 2.15000113086863 
5.12711560548764 3.03144294503183 1.63100671273502 
5.37301764526646 2.95582523329156 1.91222102846225 
2.7315658224435 3.61314462845789 3.90631729369416 
2.42150775468837 3.76212823175812 4.31658958920842 
4.24460287987692 4.54029017848866 6.02777671170869 
4.1397541512829 4.39382797805844 5.79015848765806 
2.69853417459071 3.46395551527276 0.560945163860978 
2.39314455021627 4.93680886306558 0.40376814136282 
2.22034256364896 4.66922081295405 0.263970404489842 
3.00996607654086 3.67354319713007 6.21767227255837 
2.96943410573566 4.1275179848269 6.44670595915273 
1.66164867003414 1.54808923866213 3.02164738786897 
1.87043793389873 1.26891998326222 3.45072645375652 
4.10986690563616 0.659205838128959 1.91471306986212 
4.81798031335593 3.63633411141455 1.90511536640238 
4.87258908012075 3.89480590685287 1.8383376489136 
5.37915098329238 6.48673779129337 2.17581222859929 
4.76297020769191 5.71560359692779 1.74726419905307 
4.99073217468094 5.89299270057588 1.50126290037247 
5.34037678321519 3.30319021363652 0.321271079673029 
2.7039997843697 5.98934686638787 4.29897263076174 
1.63771094172097 5.91834084016257 6.53520123887326 
1.54793657865469 6.24384626419711 6.57955605918248 
5.97918191049 1.21680329445233 2.27013009775881 
1.23188573089326 1.11299620893243 3.0672970481461 
1.47117114583474 1.49967108771761 2.90718192890035 
2.31615762365312 2.98936060333555 6.19817558151581 
2.57458820304835 2.45017198330319 6.30113291742546 
0.65310395032462 4.42447811445101 5.8908087573866 
0.573279417476698 4.30967193154774 5.77138392050095 
3.40649332554005 3.73738237204376 0.393847771006865 
3.21475017606578 4.08224786566664 0.262627096604308 
4.44119911506972 2.06012832722514 3.19144428506144 
4.55769812479891 2.06775699045096 2.81471304885381 
2.61412002296658 6.01143329496635 3.29789533756955 
2.59511294134755 5.62328015208179 3.28198685411029 
5.96584241949498 3.35273837030451 2.01965825513725 
2.04552559060514 0.288039021706122 1.80634473849696 
1.70595996776232 5.51359895453928 4.32351474135195 
1.59202329945827 5.49189952526029 3.94687854306663 
6.83494042989452 2.94427143779059 5.21205109911778 
1.14844714219791 0.98348145488407 3.70268488389564 
0.197159344070359 2.9946188061944 5.0343926794214 
6.86438681122381 3.23491661529619 5.24386702302759 
6.77786225488196 3.33102239094735 5.68438211014205 
0.612896696110233 2.74602022678944 5.16975653648774 
2.72540061415277 5.92375710173211 5.08754952219824 
2.53166117440217 5.82550831498065 4.49605725373751 
3.04745476366014 2.57068933648484 4.4408849496787 
2.81973270413506 5.18220974901626 6.39409118633711 
3.57614285006583 6.39982208325418 5.4206809748989 
3.60886331043388 6.7192421621064 3.48864983091182 
4.40956041313808 2.41333897125523 2.35314958245593 
4.14983352699162 3.28782954618638 2.02358617280892 
4.28847503042687 3.56123756727061 2.21776462554542 
5.02387911836726 1.82364154130272 5.85698597577058 
2.31104467035636 1.22392384740172 5.06873657201545 
0.782570767880155 5.7887982526549 3.70979697404609 
0.278233185531722 1.6310645097396 4.13210659873677 
0.317587753125744 1.84669137730024 3.91273860852999 
3.1114630170428 2.91946507571867 6.6844511348329 
3.32656629248676 3.22533479524305 6.54133652683445 
3.26358042501883 5.14262378613722 6.61699970021859 
5.38143023594715 3.35556180240409 6.86716390507916 
2.99666739075082 0.990428843617872 4.20218328629326 
2.54470343379432 3.15157554229779 1.58391757831361 
3.69393453175003 2.08206113262277 3.95315872761274 
3.71387104484299 2.15914281454775 3.64718217937815 
2.54134278711387 3.5488426629208 6.1699754241442 
2.40238796283097 3.76405916311605 6.26391371375554 
6.23734837090069 1.21703740782251 1.52005594978657 
6.47961648376754 1.44304610103391 1.37479249993806 
3.1124245441829 2.6777874658395 4.57063610542435 
2.90822769581296 2.8583855201091 4.85227484873683 
1.63270392360324 4.98633249905224 1.52719289738949 
1.71470963005568 3.75250680371648 3.2351800983166 
1.60010999453637 3.58822763776677 2.84322715333881 
2.72333995460348 6.06877926914702 0.389369157001755 
3.21510237987114 6.05694858596438 0.468620715341714 
2.26507761766499 6.57625051065433 5.57066765879266 
4.74123811600266 0.697250674381772 2.8763807081757 
4.48252087846718 2.74257000292207 2.96742035359419 
4.60027745165564 2.39539395462309 2.66719008676009 
2.57502861883885 1.83683366500766 4.46526966408969 
2.5481560921046 2.40120491349602 4.3787827915852 
5.77022049212678 2.63202530043491 5.96423509673171 
5.63015946951941 2.01128844219716 6.02132770893295 
2.44752347744365 0.34218639240435 3.94558433514395 
2.69117393056049 0.536181228460647 3.6133666400902 
1.2353546610653 2.6744233387113 2.38396534457348 
0.89037371913761 2.06703964972355 2.93256491616598 
0.897125505888667 2.18570140789075 2.52875587153762 
2.37384213228941 4.04192331650725 1.01675959232437 
2.41090028717283 4.68446208061102 3.82952621204102 
2.08347702736062 4.66353848098765 3.5534655235241 
5.66604201192031 4.17316074831007 3.96746487212147 
6.06403244382026 4.19918390900042 4.24692839657581 
6.11349416958959 3.77587904034916 4.98740712306832 
3.71813949580213 5.65296842049485 1.80508696105795 
3.95323644144357 5.92420013037898 1.86115070821594 
3.93929508476531 0.455175331702697 1.43364664941301 
1.94824994251003 5.04876165373661 3.45563075061882 
1.04649256767508 1.56714436837537 4.75668103029777 
2.15067009115471 3.31608802380138 1.04443100982631 
2.4866127403141 3.5342231693359 1.00016123934322 
6.34148933044358 1.09073277876236 1.93169545837761 
6.7197178007901 1.2892339594065 2.09588364730212 
0.481823596900311 1.87680383946905 1.76011845680105 
5.52373633461492 0.709958816710612 0.577226567740608 
5.21868214848617 2.51610688178632 2.11845188329267 
5.62301727088403 2.14745279472632 2.05143446333848 
2.84340074184701 4.24134276195952 3.99199629961077 
2.88826616871348 3.83703493219649 3.78125796845499 
2.45634291579494 1.22014747158585 6.2016455412867 
6.78122710694904 3.57463342533855 4.15759542874161 
6.86224143779535 3.77942642002305 3.99649950979993 
6.49435080646461 5.27439281210063 1.01603308902931 
2.17630516840634 0.389976752729416 3.87782170714362 
2.17316938366909 4.89202069931344 4.80236674467966 
2.15052980239342 4.57289798159989 4.77665279535512 
5.86059074377792 3.84446554928065 6.34925938685647 
5.98701334181437 3.7608394556168 6.36004032817287 
2.18386454012224 3.42791308407341 6.76293829039791 
2.17851030035061 3.69108651179174 6.69691748110375 
2.07649868557746 3.01706046361769 0.563545194796669 
2.47408708921156 3.18435220784707 0.316836752975112 
3.68738039869541 3.06400796217214 3.10266056155464 
4.06519926449524 2.83844476581534 2.39909348860148 
4.15074904379185 3.00515178038852 2.79263568392158 
0.151979596898821 2.85880196637277 2.91987915575203 
0.244069949107747 3.01932874102858 3.23429280383391 
2.21376803734081 3.05612116979707 1.49287536394016 
2.18166044805494 2.63817522342054 1.47207220699256 
3.42724320824283 2.90932011489473 2.91836663108015 
3.29437360512528 2.64961897978684 3.28985649092936 
3.48132815732923 6.07492527623421 5.88267602869784 
6.17854486551618 3.60769543942825 4.78347689326934 
6.59306855706461 3.58826327988744 5.01914473116025 
5.33552060509288 4.46841856827812 4.09829563431978 
5.36845641973106 5.50755271838721 2.83943891162781 
1.85879637873891 2.90249852779937 2.56243698436932 
0.8632652017063 5.33693943543065 0.522891212703207 
2.32646759352543 6.67343816390348 5.88836592441508 
3.9172058451917 5.7066080706205 4.61908088526671 
3.56317206930576 6.21509056147925 4.84277924334266 
4.76812124713212 4.40688292068447 3.07633613432965 
2.06661241566415 4.43883827523366 0.315504947198398 
4.56735459299508 4.24669124278214 4.01862274735738 
0.364241936414067 2.43473840744513 1.63288383207227 
0.349119692905864 2.09683337026064 1.87652121616917 
0.686956477357526 4.88405020561607 5.80511241956809 
0.539016642839268 5.10447769983119 5.51644164759542 
0.4199491879786 0.728749465782744 2.05310176863956 
5.24514389283968 4.61356629500713 4.69396737585881 
5.47942196903457 4.70370669750515 4.45382564602217 
5.75464978185691 2.92264675192545 1.76179417295701 
5.83163780332927 2.92351826665723 1.37162231541153 
3.18308866790662 6.38379162237698 4.5749162271158 
3.1273053399894 6.30532482151867 4.98220770869165 
2.0758113167763 5.26795243048069 3.56873661780235 
0.587736905992312 5.90152293632495 2.21507562914176 
1.21554153288176 1.15888154212422 4.95771928932589 
1.44352135084445 0.940175866841988 4.65238277416858 
5.48157358920035 6.7391891636215 2.96667333468749 
0.703568947802604 0.533553166567621 2.50219974968224 
0.557078071542819 5.17945724519185 4.86967468726868 
3.21299484015298 6.68039141171328 1.36220162493886 
6.39894851290442 6.21824230253487 3.68496338439474 
6.04676091955521 6.06151289920403 0.425209526394597 
5.05660055223094 0.956934102442194 3.27917208284746 
5.00719537507743 0.877694855053664 2.89589536637562 
5.92172801231022 0.733928663766309 3.15443570252891 
5.55857804085765 0.865287776964869 3.49088949846128 
2.87438339965984 3.99377121310995 2.94560163970802 
2.69303651824794 3.98868810232452 3.28297070757964 
3.59755632439919 5.77987458490047 3.45489241852207 
3.76532851286648 5.88445169391217 3.72408467695735 
2.30231617287328 0.666940064024919 3.34016571172903 
2.29326018411383 0.387037387861212 2.89656659588767 
0.263206191894099 3.15258330686515 2.52669286470941 
0.357904989813858 0.498490460462918 4.40074391909149 
0.531664272351991 0.700123666904843 5.01916797249092 
0.220479721344327 3.90718618170657 4.11502250778526 
2.07242257879278 0.601657623403214 3.49963766209923 
4.99753552147913 5.32090778165875 2.13655811788032 
4.90815966435624 5.57890536827129 2.6546613550058 
0.58564427124987 2.30469835986511 1.27844110949728 
0.659698211303897 2.02596366625952 1.3171668976591 
2.16212025931749 1.76249372149488 6.07158769842676 
2.13798340618633 1.48991902111706 6.28625712091498 
4.63333145912909 0.703971994498947 3.39516381188636 
4.54472458378542 0.628276426141081 3.21423853690687 
0.404095488248258 5.25979787169105 5.77306663653336 
0.520648415525854 5.07843924354421 5.99989802563076 
1.01528246459806 3.82887541239496 0.522984444486314 
1.44713545736294 3.71601203112446 0.545167632723823 
4.68568313373813 5.20933647374121 6.16129996750888 
0.731771629271911 2.55060392717775 4.86328249891013 
4.98930740504476 6.11835390313994 5.02144409823476 
2.63462039154272 4.31081590639856 3.28631637927103 
2.81449786635152 4.35475376390906 2.95428701320042 
1.60356788366024 5.78926935824289 1.62603256036214 
1.76807312784094 5.49093165454662 2.02481139658603 
5.8214656967822 6.98142882349745 5.24259515204925 
2.56848758405372 5.42108260306941 4.38871236120869 
2.84405459856765 5.34685219735066 3.93125356190071 
1.38673908586206 2.63387607677477 6.18152093793816 
1.10817524011094 2.88767503957305 6.04111288378567 
5.45456958323741 6.27689938250559 6.24288057241848 
4.39714338235369 5.63285864218729 5.67488483568854 
4.78217418584028 5.46037028131301 5.96176205121637 
6.07413042883179 3.90967859536649 6.38149475974601 
5.93011831809786 3.97439227587413 6.36923895036179 
6.77164932439207 2.77209724783806 3.02238586229418 
6.8970687690719 2.96070517425514 3.37479841874788 
3.15402468735419 5.74857313386896 5.29258474030375 
3.29391399977709 6.87121693435121 1.53138631799016 
3.63315585684452 6.78832217275511 1.76886567148045 
0.489292061243522 4.90427995900046 4.18784405456125 
5.58841676389064 1.18887649954654 3.6214150480672 
6.12227914498427 5.95245548293318 6.98780232903517 
6.23054888474657 6.47907632795736 6.76975182533555 
3.38648042078762 4.64987689034513 0.49602347362135 
0.380240653336846 5.51670037498366 4.63693135698581 
0.311638032898207 5.42255256571404 4.25772581516448 
6.12443145877787 1.45202114965586 2.55647015500359 
4.6681797495107 0.379913768551735 3.59676254223898 
5.78667989960188 6.82759832819825 3.60246852453148 
5.86165095784681 6.85017315619315 3.1357787356877 
3.86081938924657 6.2536563549407 1.57254820708748 
3.58271359949493 6.16067034225458 1.34200384452588 
4.79095519589146 4.68912312088503 3.49349789028886 
4.4940370285638 5.01275562542124 3.47545357078873 
5.04064750708607 5.98063167246564 6.46304650963476 
5.41463704936659 5.99852090536479 6.32803727291252 
2.4491015034771 0.458927416160383 4.34127581476579 
2.33039938507027 1.14409572319566 4.67448106565359 
2.71254350886137 0.775262989202803 4.49552723248152 
1.4432254042477 5.82598881125177 3.92062274685843 
1.59498755123161 6.09493217068704 3.6305389881123 
3.684205686895 4.6544361063779 3.94352221668124 
3.77301265712016 4.28497563828769 4.09190700640309 
0.644496995440875 6.32001626664926 4.9331879865704 
2.43843348613117 5.14081382046031 3.90490600532869 
2.32588993068213 5.27356163200833 4.31990328814061 
0.797185151728627 3.58331832161485 5.39226565621628 
1.23361343546229 0.978255410454938 5.88626454259787 
1.10099631333906 4.76439457164354 4.48439669050082 
0.638249153485495 4.82290139102656 4.56043521515562 
0.840150048301834 5.18436717082669 3.31468122097186 
0.529861089072849 4.72297411786795 3.17123477326919 
6.06798915487374 6.48357438505697 0.528160128723131 
2.92412129306864 4.60922638152905 0.735247316703254 
3.29085915959388 4.48676993545159 0.582427307015492 
0.737168214539446 6.42466490579571 5.25165843032643 
2.75971786426873 2.26237478382456 1.3449671917668 
3.07225528871851 2.62746455311965 1.3879112419135 
1.47774678676164 5.9733002332111 4.25179455592504 
4.74485676852336 0.333449350131393 4.39975134080133 
4.45644580156157 0.403447395391959 3.99068325613078 
1.49086719746231 6.84957628654772 1.81507690137959 
1.06100951888013 6.64502990532293 1.78957817548021 
3.19817851145835 4.90816915417532 0.535113957222193 
2.90199399151151 4.79626605260157 0.704719057185703 
4.51174593558642 6.00696378035418 5.12395753804882 
4.51662274645599 5.64492046388902 5.21322221331384 
2.52938156616172 1.80125614031701 5.71164072879564 
2.69545863230741 1.62181126183162 5.68702490839695 
1.15126709179137 6.32604772815614 1.54504392699614 
1.55135452240783 6.45685757485431 1.51489314980043 
1.62413874731241 5.80302414979719 4.43867047375318 
1.94511095372044 6.05438815443012 4.55725901334297 
3.67429811383529 2.95924740386411 3.35354298471497 
3.38152732286451 2.68891692083125 3.41858575757815 
1.15128331980915 3.27800345180025 5.36112843668608 
1.41035948006139 3.53406292321893 5.04856232355318 
4.09834238119612 1.19647041738219 3.60566283594014 
4.05804625579886 1.08685764392682 3.89899575579652 
2.4776697052107 2.50781881226365 1.59514571756895 
2.72446577292992 2.80749052911003 1.65621828578262 
0.184082212886933 1.37390358691618 5.91595247522221 
0.436446727182121 1.31711521925196 6.16432112708767 
1.02913102092966 3.20358092019498 0.963887734090706 
6.80944000248941 6.13182754651269 6.35160825760391 
6.64874132812139 6.48502298985108 6.42358714895619 
0.975062901206987 2.7679388302383 0.826941113172218 
0.971464857572518 2.54864388114835 1.21142544232405 
3.05152964978677 0.527683583714335 4.81992243795636 
0.183529161189854 1.17969501406339 5.87445829928265 
0.428476731822217 1.10240290484219 6.10548417583225 
3.55208505329072 6.20974306118655 2.5936334778668 
3.39435599741788 5.25162962676735 5.09012023034166 
3.49516315506245 5.09795908427761 5.33076785962986 
4.41318681121466 6.1074771667423 3.73216936313842 
4.55025152801191 6.02604657838619 3.98692460398467 
5.18640702672399 4.39298367763306 2.92810891726337 
5.33298650007148 3.99985010942278 2.92732574106279 
4.0287196411771 5.3223184079466 5.80156040355017 
4.20200555662772 5.07823015952872 6.09726284932606 
4.19454961575705 4.45044781685837 4.23552924077831 
4.08391231573428 4.82834755733615 4.06461037934583 
6.0300219990101 1.37837569695123 5.72979774417407 
6.23620059011984 1.35553878146424 5.93592316384222 
5.36694889481213 2.66292774401397 6.57681665394505 
5.16552136074538 2.84251787568686 6.69819254388141 
6.09911260736461 1.37324197199122 6.06417966980014 
5.91048263378821 1.39212057534774 5.88439296003958 
1.26495398405038 1.20253963851222 6.01074530714755 
1.46815522062202 1.12747903128802 6.23623721167443 
3.21540468841315 5.76419317633138 5.77951726405929 
3.36496019555579 5.48845581305465 5.89168638700488 
1.33528072821488 0.839158145587875 5.95159391323607 
1.48671378260874 0.894693482845051 6.18218106903426 
1.68686856724738 1.30972220446809 4.0879095258421 
3.58218466030185 0.714838660528835 4.96976842141687 
3.39814396101921 0.592532346576029 4.70174258135406 
1.41107044598365 1.7920500153594 4.1973721280089 
1.76204195439806 1.53530903306585 4.07714554199026 
1.26990140676779 6.08835332333266 2.84253693511031 
6.82551979944865 2.70949239408874 5.98093567809234 
6.93266557829294 2.51702944014583 5.66888055465227 
6.73693329248848 4.88793327788972 2.02556498856854 
4.37092953191779 1.08587267114374 3.6716127230879 
4.29368706271 1.00860626987776 3.91288645411363 
2.14049230215816 2.70754423200485 2.68104000839345 
2.18454055290826 2.38033847498719 3.13208300488235 
2.1543542084974 2.36533229882822 2.39143006894515 
2.18911745820049 2.05224376341308 2.67961418907963 
6.73308162429287 2.74362195981368 5.48376970151159 
6.65661167735602 2.91344664260276 5.77484074711994 
2.00883503037283 5.60559793608152 2.15439806700156 
3.56652255589225 2.10060447347288 3.96158751650366 
3.17209523061342 1.67796592797847 4.31139553141047 
6.74016089565247 3.03765343967553 1.08928097667766 
1.9264192693897 6.21544315136942 4.46671644918689 
1.62589312512976 6.22582430156557 4.23917580502131 
1.59421854222759 1.09573796726372 2.2464389949249 
1.58999736991955 1.50523520468162 2.68113730504635 
2.44206939640774 1.7742244768839 3.85351437473875 
2.79386283696323 1.57505409597871 3.74912648541376 
3.72073391231291 1.98119229115412 2.42730538646125 
4.94882706209363 5.15127814691216 4.84659201537523 
1.25229628468806 1.59765446064767 4.24132347125221 
1.44346786211395 1.28481669072703 4.16142523653272 
1.10209451104721 5.72923422013462 2.69877541075751 
0.694227128384706 5.67922248405091 3.06067194581892 
5.38143954917756 5.58115839644159 4.78831195834226 
5.23010715596573 5.29459309974331 4.57484777199598 
5.24547696111037 6.79824122774327 5.26567322154463 
5.1598715124751 6.51497482867491 5.41886722888798 
2.9385392617644 6.28790441524708 3.20972741417213 
3.40170871539459 6.24158093170791 3.20312229903236 
2.43538540930808 5.41731085920898 2.08858627896186 
5.97143359335421 1.11057034362582 5.32843003270397 
6.31076725295588 0.726187025956345 5.1668994007938 
4.83006114260155 6.62001291186166 5.68131350862363 
4.02625747734927 1.75997904709475 2.65827607506331 
4.32112185674621 1.88772660309166 2.55200440514112 
3.19281735936894 2.42030773326621 4.4780591135242 
3.02308551645479 1.88866995363021 4.5598061486953 
5.75173412973357 2.19848381854305 3.35174568831777 
6.64388496649881 2.43258242543539 3.01665238027375 
4.31325011288833 5.69026068631152 3.94612115065286 
4.22302141805735 5.80045964288303 3.71532369255187 
4.04057541286381 4.9504851337801 1.83826852752634 
4.36362430534793 4.8597396179379 1.95939189762101 
0.274394858747467 2.4613427508327 4.07208924895769 
1.36095212768753 1.37148498821994 1.87849583911895 
0.706164312501074 2.65112894895888 3.91402540039179 
0.76470620005094 2.83875172601381 4.22513057308585 
4.89966551806117 2.2808335243265 3.86072383324315 
5.03410375703854 5.41764704308069 5.12538941408878 
5.25529657352509 5.61935494344243 5.03969534024121 
5.91799265764856 0.486892252676359 5.1213624546275 
5.65080391426962 0.822850862716327 5.2614063787682 
4.26110209120225 2.14570269908838 2.28371775254131 
3.90887710622448 2.20103791311613 2.23200528350663 
6.5398987442525 1.91689592581048 4.81235077147298 
2.89154565774955 1.52237609575736 4.17111083206163 
2.54564005121285 1.72043984496805 4.35005885625345 
6.19487081972662 3.58934364761156 1.53625129254982 
6.13245600160889 3.27708705441812 1.20923564347574 
1.47921292849971 2.92413399527594 2.77576543755262 
1.40887289258105 2.74747821209675 3.28129771105122 
0.54753122154707 0.853990328370043 1.85284990337253 
0.546734927722975 0.689342596355696 1.39446731015925 
6.31624500126564 1.66078100407774 4.70663675276319 
6.51314203474061 1.45343840137954 4.64601451146031 
0.931144327504811 0.841352780151884 1.81477092834895 
0.857751447217126 0.671358789174275 1.40643863608564 
3.60101044276084 2.57737500123321 0.668680866847333 
3.24749411223659 2.72015248217774 0.805208117333843 
4.31066626160435 4.5342460034533 1.8607786650467 
4.03788421688371 4.57587762259889 1.7553895707932 
1.34146289330248 5.17182468178996 3.80633509452657 
1.12042333046652 4.79765819238415 4.06253025029861 
3.07313942081304 2.9881628130812 2.37691615472095 
3.09399805794954 3.04188351918482 2.28545569598662 
2.27290109405531 4.46211602266875 0.28887308272117 
5.62642684140858 0.431845109735685 3.86373471779479 
0.46370891283589 4.63555284128895 3.26399729968561 
0.565406173768067 4.63138584482028 3.74556105385943 
6.36175723563427 5.89837441694215 3.06792080692785 
2.62561351928172 6.31746521813459 6.19743650220434 
3.2782094905517 2.83095509835851 1.05157513195742 
0.891883190867207 5.23012142392627 3.64994251557557 
0.742714304987116 4.86602091649076 3.92582065411125 
2.40202143114549 5.91967390202632 6.48014944408034 
2.48314943636666 6.25398479295162 6.46388284311278 
1.61607929678191 1.824533466625 5.64897647265406 
1.40921367431679 1.66320701760687 5.63147092744749 
5.07643384027787 0.194015824796544 4.33138251262767 
5.2058671026476 0.171859956635447 3.88593124747752 
6.82031856147005 5.41965575341325 3.089967413036 
6.64605733929618 5.70330131205578 2.86920185010513 
5.13608461031994 1.05883525788922 0.919058206473333 
5.3750332842031 0.698189300698516 0.793467629183015 
1.2900163829261 3.25621097669908 3.28253107572818 
1.34885154297619 3.31779484214464 2.89642501521054 
5.25232238318806 1.0502277282995 1.21265508537051 
5.48889176269178 0.697189353333812 1.07253220501452 
1.66648322759756 1.80021655140762 5.42077784753363 
1.45596799963164 1.63663917585913 5.40283120935223 
0.790050962645814 6.02441935859951 3.3473863780755 
1.10951716330589 6.20524336309036 3.24844138370238 
2.57220940077654 4.30662040988601 0.535658236615095 
2.72593960419448 4.05874814435266 0.302885323972466 
0.720807671172164 4.23762649065817 3.56413825467967 
0.559629421821371 4.4165183057527 3.19050453023072 
5.30873818717899 2.41915287438562 4.32570146342947 
5.74559984657145 2.48952252674138 4.09148553476875 
6.08765765602586 1.46113816692953 4.06990462878223 
5.50989879254875 2.53931092124482 3.71703409158281 
5.09789920179901 2.49337444834601 3.91395931114497 
6.45117766483014 1.25755561923957 4.24664659381981 
6.75671145265301 1.27806686090462 3.95430969576988 
4.83823063733283 4.15661626803502 4.26640044385065 
4.80416409173296 4.18777159279891 4.41851477278828 
1.53870781256123 0.335066378511363 3.27773399113507 
4.65763126841623 2.25079501816056 1.30171765868747 
5.84379386123122 4.59343197710389 2.1048691532237 
1.79060373703275 4.86702753735332 1.42026264934913 
2.6843316323009 5.84733956739654 5.93783016412242 
2.55029802351119 5.67352484338269 6.11053503196027 
4.56193698491762 1.78830460730321 0.542955075708704 
4.89614696391695 2.1392104304719 1.00399506260971 
5.25588916897704 2.83555262118148 2.72402889377993 
2.18663867310614 6.12597591272645 1.19472115348042 
1.85564474895682 6.08415532144535 1.58178311473552 
6.274026827086 4.63727502881766 2.27868818530171 
1.72808197167946 4.69042237664737 0.613035535982331 
1.87626204722812 5.07371863393739 0.911146079809483 
1.98431515844133 0.153101436112403 2.9448515757363 
1.82686034342631 0.272933389542147 3.32281777728422 
4.78515836254383 3.37341082666375 2.88766292811047 
4.86364461683624 3.02230256803869 3.01182076957668 
2.15092931484989 6.05662748165855 1.95209698582872 
1.49373259775189 6.82297678807006 2.38524296695893 
1.16003313786242 6.67237790344918 2.49476405897922 
6.47119219095526 3.75690681200419 5.18702849395571 
6.62825718892747 4.25193055960012 5.29830413463318 
5.68934662916633 5.04053306834409 2.45479127351351 
5.41873000338904 5.1071686150739 2.09119212693019 
5.57264239885371 4.89859164000174 2.29397467137257 
5.43012765419594 5.20027205341885 2.11027113679919 
5.6306670694667 5.2488182526471 2.39674644160919 
5.88899872230746 4.57713038536051 1.68096386838465 
6.59609489508674 1.5422335671401 2.4799886701297 
6.68440599027884 1.92574826284226 2.43241195890303 
4.89649104010879 1.49108167018103 3.62405684881095 
0.263590125854553 2.83356145792461 4.49781714847387 
0.422671951591423 2.70322297764788 4.44509703268938 
0.236966236280693 2.51361836512627 4.31199190397019 
6.08244148146718 3.93833656410529 1.3613643049404 
5.7341734752733 4.17513467033305 1.55779638788577 
4.90576533475453 1.80117315738691 3.45863891268875 
6.53684417267688 3.58090067336713 5.6965905033836 
6.69627474360785 3.99880868569753 5.9073984231332 
5.10772782698567 1.38774635810614 3.45667673658547 
5.26420552182901 3.90438905170855 5.53874129142968 
4.91286614594237 3.89108493354167 5.72029574153539 
5.03976825136355 3.70645567195911 5.89377236596005 
5.34915712480548 3.72183769941079 5.72601064005631 
6.77908868047179 3.6460058207167 1.7554883751355 
0.896262240660698 3.94303438991551 5.18341629831923 
1.20073390093474 3.95491467631193 5.01739924586103 
1.12313968869675 4.02367576102582 4.76719341545099 
0.734927248584962 4.05219862691434 4.85407659340391 
2.00524382671365 0.94015665951392 4.52769692215425 
2.14051805304066 0.550193528768025 4.35997313205734 
1.78581165417155 0.838090255989453 4.74415913396423 
1.14292934855199 5.47685789601074 0.743357618579931 
1.66381815031026 5.38344461161394 0.926342887630179 
6.59586741643681 4.65644122478933 1.97426998472741 
4.00710062320462 1.64061433224104 0.904692150379864 
1.14806577200988 5.46395678331538 1.19530781178433 
1.51346305583244 5.41115062149852 1.27325838349875 
6.56830883231116 4.28347263821719 1.41472820049001 
6.44677305595859 4.60923698113697 1.5781488026367 
4.17774243891361 2.10340677560178 1.24941433072059 
4.08119389742822 1.82548814263654 0.851585985077056 
1.75610392478397 4.19876403317734 0.788906058519387 
1.63591915158221 4.34986589281424 0.844511206371225 
1.63789961974077 4.39429130588213 1.23758933339359 
4.10865585064876 1.94334811007471 1.4862004700899 
3.99000818939145 1.59563530092064 1.33133226676429 
0.369440188800697 4.7588582467927 0.882703451417358 
6.91479093955132 3.99968596860067 1.70410594141898 
6.95508938487568 4.18033088403262 2.03951080607123 
1.78001111388786 4.23083880342394 1.33006345071048 
1.90625566014303 4.0611052150108 1.05264022126761 
6.60759516015479 2.19304845596772 3.51636335692894 
6.15310114767801 2.05512482464885 3.66988930299781 
5.60868684489411 1.47713242410899 2.16293750264257 
5.10025453999724 1.32846063936973 1.82264123010241 
5.32979900586615 1.27125931705559 2.19440473800654 
1.38477537345545 4.37212350590469 2.7910505474285 
0.743481633822949 4.81791568345589 0.230622822578665 
3.53970880517098 0.466432552488592 5.63515351783173 
6.25217222494691 1.94850551223359 1.20779447895431 
6.39667455692352 2.25731498514303 1.39204402254741 
5.59738255748178 1.88310243912394 3.20422728520043 
5.11623063979177 1.7048604620954 3.28268006117509 
0.652704195815916 4.48034165219366 3.05861208270324 
0.629810776681718 4.23828525255125 2.52999857866402 
6.08578315848956 2.34084975879064 1.45361888289736 
5.99044464026111 2.01865701095505 1.26347460673457 
1.44013207625155 3.92285039418966 2.54173389605117 
1.01623078532802 3.84250671342641 2.37078099403888 
1.3742187399757 4.34237771230585 2.69312374227111 
0.805170846798909 4.2142589506501 2.43813240268519 
6.89130601122862 4.63296096498741 0.865375163950193 
6.79495949185042 4.59874332306178 0.593842298144844 
5.56246110277756 1.9647471195366 2.75458810547716 
5.05359725845206 1.76609121372089 2.87840311003525 
6.84146219322129 4.3730415062573 0.957241367057772 
6.70548327841614 4.27786200777814 0.633585212768243 
3.39648088887345 0.741113307681031 5.25468457726256 
3.06632764447243 0.636730023488268 5.19639080166472 
4.51126712825562 3.22935947675932 1.63084737007777 
1.25558008610489 3.64786601460376 4.36446206771411 
1.33936548216241 3.7955715348475 3.75031928785076 
1.49205004163148 3.79105321480355 4.10823145731068 
4.80860567024762 2.81124563489431 1.61055821788844 
4.7121921480709 2.57219039761228 1.25624109619092 
0.884761963554238 3.61027337222558 3.7694067672202 
0.841728607164388 3.50300549504043 4.1349972675548 
6.17529729155636 1.59857468506996 3.69950482166928 
6.47363924880152 4.70696059919361 3.14191471864865 
6.1493983766507 1.21008578085529 3.1492158241308 
5.91327523973313 1.44740873028181 3.43441795909819 
6.8195911840188 5.14225630325614 2.98603184398365 
6.65933863788612 4.85301605474466 3.22870982943909 
3.96087357692131 3.27240088655841 1.41553521177975 
4.28806708688754 2.93412361823178 1.08857154425009 
4.2635020188069 3.25360977253102 1.30595011846583 
6.45899840892117 5.08196930283905 2.4231797569311 
6.26231750299393 4.89427285533022 2.47861820459787 
4.76138158235604 1.22351772428128 6.06127518370883 
5.14601483603033 2.79010478795862 0.336532857401547 
4.91529596182886 2.71353124572262 0.424402552008576 
3.87492106701549 2.67280849192026 1.10111741767311 
3.69191024170681 2.79166595812304 1.25475098244204 
4.55167512821926 1.10997818626327 5.847071186707 
3.38994295889345 1.44770792682715 6.66863198594607 
3.51336912601278 1.76325105025127 6.59397191253717 
4.66117462385118 1.6776111032409 6.17387098816266 
4.11615619989268 1.96846216007442 6.12914397684914 
1.39239332541882 2.34505914467298 3.53536313385983 
1.74562530280593 1.96884708489615 3.41435483124624 
4.71843513339771 1.47233117983313 5.99279069081337 
6.55316782811871 1.21827758553288 3.25376329846226 
6.58626202595013 1.47140506112522 3.59788259922515 
2.04859886962077 2.34604568088903 3.33884935828327 
1.61139509266515 2.58721606240745 3.48055200829862 
6.04858708689849 0.401911453115061 4.34395823229178 
5.81357412181332 0.311816488066057 4.68009680395574 
1.1912482373841 0.567404159363314 2.54225180704343 
1.33144881539365 0.64069754320315 2.2854934933235 
1.57339122168677 0.372765355364299 2.26357688978916 
5.70616151741144 0.558267756132416 4.16719184477598 
5.49318698821747 0.486276122040942 4.43329653320328 
6.51570873868387 3.00632705373281 2.39739536721131 
6.29179296762094 3.34216362702588 2.31477033144897 
4.57903858623315 1.36306213443734 5.334848801957 
6.19487621083115 0.462815163532608 2.07766646716178 
6.37877611971217 0.616166377160381 1.91271975817004 
1.34925976527153 0.236123916805268 2.66944278038783 
1.53034864120455 0.171329985753581 2.53764107936384 
3.92469521718747 1.59520296594229 5.29565026205957 
4.20336581190581 1.51343421715523 5.09173500436499 
4.0068829594 1.49151077497149 5.72447987929464 
4.49522019965159 1.30700507775634 5.7669195183383 
6.7392354259425 3.539200923857 2.18581377724126 
5.31079738181943 2.56183490840545 6.25315094486685 
5.29501952072797 2.12912357939432 6.24078670254731 
4.94741366988655 1.95742264795367 6.0148447046515 
2.99819339329161 6.19228166422552 2.56602683457855 
2.81081282291008 6.25521603247836 3.01055317729611 
2.63314101631427 6.53649893347706 2.78240416913644 
2.80029169331168 6.45536400628684 2.43773080994168 
6.62235111456943 0.495657493311324 3.34710028530966 
6.76097241379879 0.721328742282094 3.35588398557767 
0.983331966880423 1.9200633113567 2.43853222338856 
0.801913820184181 1.69987344355125 2.03230072507277 
4.93606234750222 3.01638159125964 5.78832938148264 
4.62765629300622 2.75193099309906 5.4661496267715 
4.09592168312685 0.688813275740457 6.0530435501271 
4.92618263146612 2.75648538866699 6.10468966448853 
4.67823334164929 2.46340139087723 5.92385408160429 
4.14598887217276 0.312421428070585 5.86862036747921 
1.33330640188636 1.84601382369694 2.27627918826573 
1.26022724438015 1.66280670204454 1.94183452774615 
4.43793459690226 3.78445074679153 3.74145398928073 
0.845632641574276 3.34575537853847 1.62960271671878 
0.767367437187649 3.00540318936533 1.85037710855804 
4.56607293328901 3.82249565217206 3.21212013837323 
4.85333161267323 3.58784947185649 3.12282013447574 
1.06527175345183 3.2004497675984 1.46187561868127 
1.05028796461124 2.93024747825574 1.58137792646988 
4.63575439527586 3.19923563309142 4.06477942042991 
4.74094527164641 3.44997301940265 3.93500031605866 
5.02690823210962 3.32621646783146 3.53932680013577 
5.03041124541008 3.05241365924161 3.47477310701685 
4.81589898089741 2.81476503082334 3.77793267119192 
0.125802246199208 3.60493649686293 4.72654601051644 
0.354352776997892 3.88303620772641 4.63226186189899 
0.161258176843135 3.53786721090095 4.44938122850176 
0.337888859432654 3.73215199794013 4.36491414764538 
3.60078099474402 3.5142793951518 3.6118495801141 
3.34829991480352 3.58979142091659 3.83882644810871 
3.76122466624701 3.61320551718948 3.79175438197236 
3.59041158782146 3.67705392609583 3.98538489667549 
5.50992334265633 3.8085580034613 2.25206355649553 
5.76768040514605 3.45134949240126 2.22166261239595 
5.22623922319009 3.50476962567003 2.26847395411964 
5.40772374883531 3.25550140703935 2.24259020004955 
3.29231421973624 0.702427502282369 3.56764127923529 
3.25737472489919 0.339358111158576 3.39950170079406 
2.99328219981793 0.174633433300348 5.92084846623106 
2.74540661331224 0.23822822756769 5.73433363782858 
3.1817269218954 0.18022415670185 5.69859586846324 
2.95902695848468 0.227855983021117 5.51351944973239 
3.43081661908734 0.905382049543677 3.27534913981369 
3.48650275161209 0.578671030861264 2.96384958372294 
2.58079051821269 1.37001789446 2.49136054543865 
2.64588937896381 1.73101046610866 2.47968545263938 
2.83782284287645 1.38945680081285 2.60363331538004 
2.85795123619229 1.69289987980638 2.57420781152307 
4.60920939421923 6.25461874431127 6.17524326105004 
4.84742746052757 6.5841884598858 5.99647711551723 
5.21350430546227 6.39517154638067 6.31757812771986 
4.99226371237596 6.08386894245629 6.47243944897892 
5.43085708318567 1.5588456000152 1.44035301108622 
5.65747061483638 1.61506227434356 1.54210582445744 
5.31487782451496 1.6149340778564 1.65647449788562 
5.52800421244642 1.6701938978098 1.77245142337441 
4.44900425883872 0.839216670185926 6.7190343319347 
4.1414219185281 0.620637202892638 6.48797169403157 
5.47783581958205 1.38553303380132 0.414161241010756 
5.5991243390259 1.11879998542486 0.333825328613483 
2.81533260826327 5.83503933418161 1.62299339701161 
2.69366637293108 5.8064563018869 1.92812023539292 
2.53784253835311 6.06152434440226 1.87978515061938 
2.63533730514812 6.08683199922981 1.62414522138455 
5.05534663561402 6.26492640001141 3.39563263021225 
5.22502783844549 6.17329815733934 3.87087036654131 
5.35228499997196 6.72298915619353 3.65672762287278 
5.17962357981863 6.65266231808696 3.34861631210992 
6.51440015583132 5.63403566362596 3.8293380151478 
6.30591809292614 5.86239911384802 3.73738602716545 
6.26784673665505 5.71176456402596 3.55552955839149 
6.43621679118402 5.53238152508493 3.62508301074016 
POLYGONS 1604 9826
5 3 2 5 1299 529 
4 4 3 529 1151 
5 902 1152 0 1165 1166 
6 1151 1152 902 1223 1299 529 
5 1 582 1212 1055 1054 
5 5 582 1 1223 1299 
5 1 1054 1166 902 1223 
5 647 1028 1055 1212 1213 
4 876 877 647 1213 
6 2 5 582 1212 1213 876 
6 3 2 876 877 602 4 
5 4 602 0 1152 1151 
6 0 602 877 647 1028 1165 
5 868 869 1318 969 1070 
6 969 1057 1451 1450 1317 1318 
6 8 1179 1557 1579 1610 1609 
6 7 6 1031 1233 1557 1179 
5 6 1031 1113 1594 1593 
6 10 9 11 1214 1215 618 
6 13 12 894 1214 11 863 
5 14 639 1270 1271 787 
5 14 15 588 896 639 
5 786 787 1271 1015 606 
5 17 16 786 606 501 
5 16 15 14 787 786 
6 16 15 588 1086 1085 17 
5 27 22 24 20 1027 
5 26 23 627 628 1005 
5 20 19 25 21 24 
5 24 21 26 23 22 
6 28 571 1128 1129 664 1071 
6 27 22 23 627 30 18 
5 29 571 1128 1220 919 
5 37 36 31 486 712 
6 33 38 39 37 712 713 
5 36 31 35 32 34 
4 38 39 782 40 
6 36 34 781 782 39 37 
6 653 1060 1135 1061 1547 1551 
5 592 1136 1089 1463 1462 
5 592 1062 1022 1643 1462 
6 1008 1009 1644 1643 1022 41 
5 1009 1117 783 1454 1644 
5 1089 1090 783 1454 1463 
5 41 1022 1062 1061 1547 
4 41 1008 1551 1547 
5 653 1060 1090 783 1117 
5 1008 1009 1117 653 1551 
5 42 43 1383 1060 653 
5 42 43 1512 1507 1447 
5 42 653 1551 1552 1447 
5 1383 1384 47 1512 43 
5 1060 1135 826 1384 1383 
5 1447 1507 1569 1562 1552 
5 46 45 44 1570 1561 
6 44 47 1512 1507 1569 1570 
5 46 1061 1547 1563 1561 
5 45 44 47 1384 826 
5 46 45 826 1135 1061 
6 1361 1362 682 1395 1394 49 
4 49 814 1309 1361 
6 620 621 48 814 1309 1310 
5 49 814 48 1385 1394 
5 546 974 1152 902 1058 
5 50 546 974 975 1272 
5 52 1300 1318 869 1305 
6 50 51 708 1143 1058 546 
5 51 708 869 1305 1217 
5 52 724 1273 1217 1305 
5 50 51 1217 1273 1272 
5 529 724 52 1300 1299 
5 550 551 904 903 692 
5 892 893 554 903 904 
5 695 805 551 904 892 
5 54 56 53 722 723 
5 53 55 695 805 722 
6 56 53 55 61 60 58 
5 60 61 893 554 1283 
6 59 54 723 550 692 658 
5 59 54 56 58 57 
5 61 55 695 892 893 
4 59 57 1282 658 
5 58 60 1283 1282 57 
5 550 551 805 722 723 
5 878 1552 1562 62 1568 
6 1301 1302 499 1674 1673 822 
4 499 500 680 1302 
5 844 845 822 1301 63 
6 67 65 859 1427 1423 566 
5 66 64 1452 1508 1502 
5 64 958 485 1453 1452 
5 66 64 958 1423 566 
6 42 1447 1453 485 1661 1663 
5 859 1427 1661 1663 1522 
5 42 43 905 1522 1663 
6 67 65 905 43 1512 1513 
4 65 859 1522 905 
5 66 566 67 1513 1502 
5 70 69 71 879 954 
5 68 69 70 1291 804 
4 73 74 1160 1392 
5 74 732 72 1172 1160 
6 73 1392 1396 1375 1620 1612 
6 1160 1172 1585 1586 1396 1392 
5 75 1033 1345 1619 1611 
7 73 74 732 731 75 1611 1612 
5 75 731 76 1032 1033 
4 1344 1375 1396 1586 
4 76 72 732 731 
5 76 72 1172 1585 1032 
6 1032 1033 1345 1344 1586 1585 
5 78 6 1593 884 760 
5 883 884 1593 1594 77 
6 496 1078 1662 1661 1427 1428 
5 77 496 1428 965 883 
6 759 760 78 1523 1522 859 
5 759 859 1427 1428 965 
5 78 6 1031 1521 1523 
6 1031 1113 1078 1662 1664 1521 
5 77 496 1078 1113 1594 
5 759 760 884 883 965 
5 82 81 80 1026 1025 
5 80 85 84 86 1026 
5 81 80 85 94 93 
6 82 81 93 79 92 90 
5 89 90 82 1025 1192 
5 1025 1026 86 1472 1192 
4 83 88 79 92 
5 83 91 87 95 88 
6 92 83 91 1470 89 90 
5 85 84 87 95 94 
6 87 84 86 1472 1470 91 
5 95 88 79 93 94 
4 89 1192 1472 1470 
6 73 652 788 976 1393 1392 
5 96 97 496 1078 1079 
6 98 12 13 100 1316 1315 
4 98 101 894 12 
4 98 101 1418 1315 
4 99 899 11 1214 
6 101 894 1214 99 1417 1418 
5 898 899 99 1417 1196 
5 863 864 898 899 11 
5 725 864 898 1196 1197 
5 13 100 725 864 863 
4 100 725 1197 1316 
5 789 1032 1585 1595 1446 
5 76 952 1049 789 1032 
5 103 104 102 952 1049 
4 641 687 112 1275 
6 106 110 105 687 641 600 
7 107 112 687 105 1367 1091 806 
6 55 695 1092 1056 1080 1081 
5 108 109 53 55 1081 
4 1056 1080 528 1366 
6 109 53 722 111 1274 599 
6 106 108 1081 1080 528 110 
5 108 109 599 600 106 
5 111 107 806 805 722 
5 111 107 112 1275 1274 
5 110 105 1367 1366 528 
4 116 2 876 555 
5 117 116 555 114 1119 
5 119 120 118 113 584 
5 113 117 1119 982 584 
6 118 113 117 116 2 5 
5 582 583 1126 1252 1212 
6 114 555 876 1213 1251 1101 
5 115 982 1119 114 1101 
5 119 584 982 115 1127 
5 119 120 583 1126 1127 
6 115 1101 1251 1252 1126 1127 
5 118 5 582 583 120 
5 1321 1351 1170 1498 1496 
6 550 551 1324 1350 1110 121 
5 966 1244 1496 1321 1325 
5 121 550 723 1429 1430 
5 122 123 1498 1170 1169 
5 107 806 966 1244 1064 
5 121 1110 1169 122 1430 
7 111 107 1064 123 122 1430 1429 
4 722 723 1429 111 
5 123 1064 1244 1496 1498 
6 805 806 966 1325 1324 551 
4 128 755 124 1132 
6 124 125 1290 1293 846 755 
5 126 125 124 1132 1111 
5 126 125 1290 1626 699 
5 126 699 988 1139 1111 
5 129 989 1627 1294 1006 
5 988 989 129 1140 1139 
5 127 128 755 846 847 
5 127 847 1006 129 1140 
6 127 128 1132 1111 1139 1140 
5 17 131 134 130 1085 
6 131 132 812 834 133 134 
4 17 131 132 501 
5 138 135 137 136 703 
5 135 137 139 749 748 
4 139 140 1573 749 
6 138 135 748 617 1068 1069 
5 141 106 600 748 135 
5 106 108 684 683 141 
5 135 141 683 710 138 
5 709 710 138 1069 1017 
5 145 144 1076 824 1034 
5 144 623 709 1017 1076 
6 599 600 748 617 142 1035 
4 142 143 1068 617 
5 142 143 824 1034 1035 
6 143 824 1076 1017 1069 1068 
6 145 144 623 684 108 109 
5 145 109 599 1035 1034 
4 146 791 696 1059 
6 0 602 1184 146 791 720 
5 146 1059 1359 1183 1184 
6 1003 1004 1358 1359 1183 492 
4 0 720 752 1165 
6 901 933 1004 1003 647 1028 
7 696 718 934 900 752 720 791 
5 933 934 718 1358 1004 
5 602 877 492 1183 1184 
4 647 877 492 1003 
4 147 547 148 1618 
5 50 51 1657 1658 1363 
5 152 150 1183 1359 1298 
6 631 632 492 1003 1043 575 
4 1004 1042 1606 1358 
5 149 151 152 1298 1605 
5 149 151 832 631 575 
5 492 632 833 150 1183 
6 149 575 1043 1042 1606 1605 
5 152 150 833 832 151 
5 1206 1272 50 1363 1357 
5 603 743 1356 1357 1206 
6 500 603 1206 1272 975 680 
5 153 154 678 547 147 
6 139 140 669 156 1574 1575 
5 1311 1312 155 1616 1602 
4 137 139 1575 508 
6 136 155 1616 1617 508 137 
5 3 529 724 608 557 
6 680 975 1151 4 1370 1302 
5 4 3 557 923 1370 
6 557 608 1349 1355 931 923 
6 923 931 950 499 1302 1370 
5 157 596 1517 946 945 
5 158 157 945 961 705 
4 159 160 1073 706 
6 705 706 1073 1139 988 158 
5 160 1073 1139 1111 1112 
5 159 160 1112 1100 161 
5 1111 1112 1100 1518 126 
6 946 962 161 1100 1518 1517 
6 159 161 962 961 705 706 
5 596 699 126 1518 1517 
5 158 157 596 699 988 
6 162 776 933 901 1342 1343 
4 1095 1125 1497 1243 
5 163 589 1343 1342 726 
5 67 65 765 1021 865 
5 164 770 865 67 1513 
5 47 165 164 1513 1512 
5 165 164 770 537 518 
6 518 537 769 837 1364 1348 
5 905 906 1365 1383 43 
5 837 838 906 1365 1364 
5 65 765 838 906 905 
5 47 165 518 1348 1384 
5 166 172 170 171 169 
6 166 168 178 120 118 172 
5 169 166 168 831 1018 
5 167 173 119 120 178 
5 167 174 175 179 173 
6 178 167 174 1077 831 168 
5 171 169 1018 1017 709 
6 170 171 709 623 176 177 
6 175 179 585 176 623 144 
5 172 170 177 113 118 
5 173 119 584 585 179 
5 175 144 1076 1077 174 
5 177 176 585 584 113 
5 149 575 186 1360 1670 
4 16 15 861 1669 
5 181 183 1360 186 654 
6 183 786 16 1669 1670 1360 
6 149 151 1106 861 1669 1670 
5 182 185 655 631 832 
5 180 182 832 151 1106 
5 14 15 861 1106 180 
5 186 575 631 655 654 
6 14 180 182 185 184 787 
5 184 185 655 654 181 
5 184 181 183 786 787 
5 189 187 1042 1606 1607 
5 187 776 933 1004 1042 
5 188 866 1186 1185 1096 
5 186 191 870 1043 575 
6 189 192 959 873 1608 1607 
5 189 187 874 728 192 
4 873 959 1464 1671 
6 192 728 190 1338 1464 959 
5 187 874 870 1043 1042 
5 190 191 186 1360 1338 
5 190 191 870 874 728 
6 149 1605 1608 873 1671 1670 
6 502 503 193 552 553 194 
4 197 711 830 1653 
5 195 196 198 197 711 
5 199 746 1096 1185 829 
5 196 198 802 803 867 
6 866 867 803 1652 1646 188 
5 198 197 1653 1655 802 
6 199 811 1655 1653 830 829 
6 802 803 1652 1651 811 1655 
5 746 1096 188 1646 1645 
5 195 196 867 866 1186 
6 195 711 830 829 1185 1186 
5 199 746 1645 1651 811 
6 200 685 1314 1309 1361 1382 
5 201 640 716 717 827 
5 639 640 716 997 896 
5 202 907 935 868 1070 
5 639 640 201 1230 1270 
6 533 534 203 619 624 625 
5 204 10 618 619 624 
5 205 208 909 648 921 
5 648 649 504 922 921 
4 207 663 1144 910 
5 648 649 207 910 909 
5 206 1050 1478 1635 1633 
5 504 649 207 663 1122 
7 909 910 1144 1145 1051 1048 208 
5 209 214 531 673 486 
4 209 486 31 506 
5 213 210 212 661 1174 
6 31 35 925 926 996 506 
4 211 213 1174 1224 
5 215 1227 1558 1555 1439 
5 215 1227 1180 1407 1588 
5 513 514 218 1583 216 
5 216 217 1407 1588 1583 
6 215 1439 1442 218 1583 1588 
5 677 1443 1580 1579 1610 
5 217 8 1179 1180 1407 
5 217 8 1609 513 216 
5 218 514 677 1443 1442 
5 214 531 757 1045 920 
7 219 675 842 843 758 757 1045 
5 197 638 842 675 711 
6 209 198 197 638 712 486 
4 674 713 843 758 
5 196 198 209 214 920 
5 219 195 196 920 1045 
4 219 195 711 675 
5 220 221 1278 1046 222 
4 226 221 220 549 
6 222 220 549 1173 1256 1255 
6 1046 1047 1402 1403 1255 222 
6 224 1065 1246 1047 1402 1413 
5 1046 1047 1246 1265 1278 
4 671 672 224 1065 
5 225 671 1065 1246 1265 
6 226 221 1278 1265 225 223 
6 224 672 1232 1226 1414 1413 
6 223 225 671 672 1232 1231 
5 226 223 1231 1173 549 
5 227 233 239 234 232 
7 227 230 231 694 229 236 233 
5 232 227 230 235 228 
5 232 228 237 238 234 
6 237 228 235 1379 1349 615 
6 229 694 1354 1355 753 754 
5 229 236 949 766 754 
5 235 230 231 1380 1379 
6 1161 1162 753 1355 1349 615 
5 238 237 615 1161 860 
4 231 694 1354 1380 
5 236 233 239 948 949 
6 239 234 238 860 928 948 
5 240 82 81 716 640 
5 14 180 240 640 639 
5 242 80 1026 991 751 
5 737 990 968 1107 1237 
7 240 82 1025 968 1107 1106 180 
5 241 242 751 750 243 
6 81 80 242 241 997 716 
6 243 241 997 896 588 578 
5 15 588 578 1238 861 
6 243 578 1238 1237 737 750 
5 242 735 778 756 751 
4 223 225 244 1250 
5 542 543 245 1187 1137 
5 245 248 1156 1157 543 
4 246 635 1369 1221 
5 247 561 1476 917 918 
5 246 635 917 918 1590 
5 497 498 567 1439 215 
5 49 249 498 567 1394 
5 1394 1395 1442 1439 567 
5 497 498 249 563 890 
5 215 497 890 1589 1588 
4 218 682 1395 1442 
6 218 682 1362 1381 1584 1583 
5 49 249 563 1382 1361 
7 250 9 11 899 1034 824 1130 
5 251 252 128 1132 1133 
6 255 1216 1659 1658 1363 1357 
6 253 257 1211 1356 1357 255 
5 255 253 256 254 1216 
6 736 818 258 1526 1649 1647 
5 817 818 258 1615 1666 
5 258 1526 148 1618 1615 
6 493 1304 1625 1462 1643 1641 
5 260 493 1304 1303 978 
5 490 979 851 1624 1153 
6 261 491 978 260 773 1023 
5 259 261 491 490 979 
5 259 261 1023 1022 1062 
5 592 851 979 259 1062 
5 592 851 1624 1625 1462 
4 260 493 1641 773 
6 262 265 1493 1492 534 533 
6 262 263 264 987 986 265 
5 262 263 1158 1036 533 
6 220 264 263 1158 1159 549 
4 549 1159 984 1173 
5 986 987 222 1255 626 
4 220 264 987 222 
6 942 985 1037 534 1492 1495 
5 626 986 265 1493 1494 
6 1255 1256 942 1495 1494 626 
5 266 519 1138 1137 1187 
6 593 747 1138 1137 542 848 
4 747 983 519 1138 
5 266 707 858 245 1187 
6 266 519 983 1425 1426 707 
6 593 747 983 1425 1391 963 
5 245 543 1099 1097 858 
6 268 852 980 273 1248 1249 
5 272 1249 268 1639 1640 
5 271 852 268 1639 1637 
5 269 270 1208 1181 267 
5 269 270 556 273 980 
5 267 269 980 852 271 
5 1119 1120 1182 1207 114 
6 117 272 1640 1638 1120 1119 
6 555 556 270 1208 1207 114 
5 117 272 1249 1248 116 
5 555 556 273 1248 116 
7 267 271 1637 1638 1120 1182 1181 
6 628 745 275 1540 1544 1005 
6 26 1005 1544 1543 1505 1481 
5 276 629 275 1540 1539 
5 87 95 745 275 629 
6 91 87 629 276 1506 1474 
5 1505 1506 276 1539 1543 
5 83 88 627 23 274 
5 26 23 274 1482 1481 
5 83 274 1482 1474 91 
5 95 88 627 628 745 
6 281 659 704 277 1564 1329 
5 1421 1422 277 1564 1559 
5 283 278 740 280 1168 
6 279 280 740 739 282 284 
5 287 25 19 285 286 
6 290 289 812 834 292 558 
5 132 812 289 1499 1500 
5 290 289 1499 1503 532 
5 293 288 1455 1456 1277 
6 292 291 293 1277 1276 558 
7 131 132 1500 1504 1209 1456 1455 
5 290 532 634 1276 558 
5 134 133 291 293 288 
4 291 133 834 292 
4 134 288 1455 131 
4 959 960 1465 192 
6 219 195 1186 1460 1596 1587 
4 794 873 1608 981 
5 295 544 1503 1499 1149 
5 283 278 544 1503 532 
4 281 294 296 659 
5 298 731 75 1098 848 
7 75 1033 1019 1577 1576 963 1098 
5 777 1020 790 1321 1325 
6 789 790 1020 1019 1033 1032 
6 297 523 1324 1350 953 636 
5 297 523 1576 963 593 
5 297 593 848 298 636 
4 1019 1020 777 1577 
6 298 636 953 952 76 731 
6 70 299 253 256 1292 1291 
5 300 257 253 299 679 
5 70 299 679 955 954 
4 35 32 301 925 
5 817 818 530 1572 302 
5 524 736 818 530 889 
4 586 587 738 303 
5 303 738 1378 1483 1040 
5 303 586 1075 686 1040 
5 304 305 306 839 721 
5 307 304 721 930 1074 
6 686 1040 1483 1477 1330 1284 
6 307 304 305 1378 738 587 
5 305 306 1477 1483 1378 
5 306 839 1331 1330 1477 
5 586 587 307 1074 1075 
5 279 280 689 1352 1353 
6 689 690 308 1466 1326 1352 
4 689 690 1168 280 
6 538 1233 1557 1558 1529 1541 
5 309 993 1541 1529 1368 
5 1368 1520 1555 1558 1529 
6 309 635 1369 1519 1520 1368 
6 538 992 917 1476 1475 1233 
4 992 993 1541 538 
5 309 635 917 992 993 
4 312 284 279 1353 
6 310 871 1257 312 1353 1352 
4 314 310 1352 689 
6 314 310 871 872 825 521 
6 520 521 314 689 280 740 
6 520 521 825 1537 1538 311 
4 311 313 1532 1538 
5 311 313 739 740 520 
5 284 282 1258 1257 312 
6 282 739 313 1532 1531 1258 
5 315 191 190 310 871 
5 190 310 1352 1326 728 
6 315 871 1257 1413 1402 1109 
4 1047 1167 1109 1402 
4 312 224 1413 1257 
5 315 191 870 1167 1109 
5 312 224 1065 1431 1353 
5 316 590 1451 1057 651 
5 1 489 1450 1317 1223 
4 178 316 651 168 
6 178 120 583 591 590 316 
5 166 168 651 1057 969 
5 166 172 1300 1318 969 
5 1 489 591 583 582 
5 118 172 1300 1299 5 
6 201 562 1401 1372 240 640 
5 317 79 93 681 828 
5 81 93 681 717 716 
6 201 562 785 317 828 827 
5 92 79 317 785 784 
5 90 92 784 1400 1373 
5 240 82 90 1373 1372 
5 318 539 620 1310 1313 
6 67 566 715 714 1108 865 
5 319 516 321 885 886 
4 320 321 885 666 
6 22 24 940 1008 41 938 
5 27 22 938 939 741 
4 20 643 1567 1027 
5 24 20 643 322 940 
6 322 878 1552 1551 1008 940 
5 322 643 1567 1568 878 
6 62 741 27 1027 1567 1568 
5 62 741 939 1563 1562 
5 938 939 1563 1547 41 
5 324 326 325 646 1334 
5 325 129 989 1007 646 
5 705 706 323 730 850 
5 729 730 323 1405 1404 
5 323 706 1073 1287 1405 
6 729 733 1332 1334 324 1404 
5 507 849 733 1332 1148 
6 158 507 1148 1007 989 988 
5 325 129 1140 1286 326 
6 324 326 1286 1287 1405 1404 
5 158 507 849 850 705 
5 329 495 1204 1306 1012 
4 329 328 327 495 
7 193 330 226 549 1159 1200 503 
5 226 223 1250 1262 330 
5 141 106 110 331 333 
5 333 141 135 137 508 
6 332 660 749 139 1575 1599 
5 110 331 1597 564 105 
6 331 333 508 1575 1599 1597 
5 332 688 564 1597 1599 
5 332 660 641 687 688 
4 105 564 688 687 
5 600 641 660 749 748 
5 54 99 1417 1429 723 
5 1196 1274 111 1429 1417 
6 54 56 145 1034 899 99 
5 898 1035 599 1274 1196 
4 145 109 53 56 
6 779 780 816 1397 1396 1375 
5 219 675 1344 1586 1587 
5 779 842 675 1344 1375 
5 334 335 581 1458 1510 
5 1202 1203 1509 1510 334 
5 338 1154 1509 1510 1458 
5 337 204 624 509 336 
6 1217 1218 1241 1660 1657 51 
5 126 125 1203 1509 1518 
5 1202 1203 125 1290 642 
5 334 487 853 1511 1510 
6 487 488 340 642 1202 334 
5 487 488 630 339 853 
5 339 607 1622 691 630 
6 596 607 339 853 1511 1517 
6 340 642 1290 1626 1622 691 
4 340 488 630 691 
5 322 342 485 1453 878 
5 341 342 322 643 601 
5 341 342 485 958 1667 
4 714 926 996 1108 
6 346 343 344 665 664 1129 
5 344 665 1311 1602 1093 
4 343 344 1093 348 
5 28 347 345 1489 571 
6 349 526 1490 1489 345 1613 
5 347 345 1613 1616 155 
5 346 526 1490 1128 1129 
5 349 348 343 346 526 
6 349 348 1093 1602 1616 1613 
5 28 347 155 1312 1071 
4 604 1591 1044 1642 
5 1515 1516 999 1601 1491 
5 1044 1388 1491 1601 1591 
7 1044 1388 1481 1482 773 1641 1642 
5 1388 1481 1505 1515 1491 
6 493 494 835 1457 1448 260 
6 494 604 1591 1601 999 835 
5 260 773 1482 1474 1448 
5 493 494 604 1642 1641 
5 835 999 1516 1501 1457 
6 194 350 263 1158 1201 502 
4 193 330 354 552 
4 353 350 194 553 
5 353 350 263 264 352 
5 352 264 220 221 351 
5 351 354 330 226 221 
6 352 351 354 552 553 353 
6 97 496 1428 1424 1116 700 
6 320 355 1259 778 756 666 
5 358 360 719 968 1107 
6 356 358 1107 1237 1225 357 
5 361 356 358 360 359 
4 719 774 990 968 
4 362 363 656 1087 
5 362 363 1279 1055 1054 
6 363 656 727 726 1342 1279 
5 901 1028 1055 1279 1342 
5 296 294 276 629 1124 
5 797 1149 295 1514 1525 
5 366 364 927 1103 1146 
5 366 1146 1444 1155 1239 
5 366 364 1303 1153 1239 
5 841 927 364 1303 1304 
5 365 650 1103 1146 1444 
5 616 650 365 1629 1630 
5 1155 1239 1153 1624 1621 
5 616 650 1103 927 841 
5 365 1444 1155 1621 1629 
4 368 610 656 727 
6 610 656 1087 1150 820 819 
5 370 369 367 1319 1320 
5 525 574 703 138 710 
6 171 169 202 907 908 881 
5 709 710 525 881 171 
5 375 823 891 374 1193 
6 374 891 1371 1370 923 924 
6 808 809 376 931 950 840 
6 373 808 840 1674 1673 862 
5 822 823 375 862 1673 
4 499 950 840 1674 
6 372 371 1147 1193 374 924 
5 376 372 924 923 931 
5 373 862 375 1193 1147 
4 376 372 371 809 
5 808 809 371 1147 373 
5 164 36 31 506 770 
5 37 377 378 638 712 
5 37 36 164 165 377 
6 165 377 378 380 379 518 
6 209 198 802 537 770 506 
4 379 380 1654 1656 
6 380 378 638 197 1653 1654 
6 379 518 537 802 1655 1656 
5 56 145 144 175 58 
7 175 58 57 619 624 509 174 
5 59 57 619 618 1215 
5 336 509 174 1077 1131 
5 250 337 336 1131 1130 
5 204 10 9 250 337 
5 54 99 1214 1215 59 
5 594 792 381 1638 1640 
6 586 587 657 1639 1637 1280 
6 381 572 1281 1280 1637 1638 
5 381 572 1056 1080 792 
4 1074 1075 382 1339 
6 572 1056 1366 1339 382 1281 
5 307 587 657 595 855 
6 307 855 528 1366 1339 1074 
6 594 595 855 528 1080 792 
5 382 1075 586 1280 1281 
4 1063 1578 1574 1604 
5 383 1063 1604 1603 1094 
6 383 1063 1578 1566 685 1314 
5 156 800 1566 1578 1574 
5 383 1094 318 1313 1314 
5 1462 1463 1631 1630 1625 
6 303 586 1280 1134 1136 1089 
4 271 1134 1280 1637 
6 851 852 271 1134 1136 592 
5 587 657 1628 1632 738 
5 851 852 268 1621 1624 
6 303 738 1632 1631 1463 1089 
6 268 1621 1629 1628 657 1639 
6 384 183 1360 1338 1210 941 
6 521 825 945 946 384 941 
6 825 872 970 810 961 945 
6 315 191 186 654 810 970 
5 181 183 384 946 962 
5 190 310 314 1210 1338 
4 314 521 941 1210 
4 871 872 970 315 
5 181 654 810 961 962 
5 669 670 1665 800 156 
4 66 385 715 566 
6 386 348 1093 1094 383 815 
5 343 344 540 1327 1337 
6 343 348 386 387 1336 1337 
6 539 540 1327 1328 621 620 
6 539 540 344 1093 1094 318 
5 387 48 621 1328 1336 
5 814 815 383 1314 1309 
5 387 48 814 815 386 
5 1177 1198 1330 1477 1486 
4 1177 1180 1227 1486 
6 1177 1180 1407 1420 1234 1198 
5 388 890 1589 1419 1266 
6 215 497 306 1477 1486 1227 
5 388 839 1331 1267 1266 
5 306 497 890 388 839 
5 1198 1234 1267 1331 1330 
5 379 389 611 512 1656 
6 511 612 391 761 1651 811 
6 611 612 391 1364 1348 389 
4 379 389 1348 518 
5 390 392 837 769 645 
5 390 392 761 1651 1652 
4 390 645 803 1652 
5 391 761 392 837 1364 
5 511 512 1656 1655 811 
6 393 498 567 576 1438 1437 
5 205 208 387 48 1385 
5 387 208 909 667 386 
5 393 395 396 249 498 
5 396 249 49 814 815 
4 394 395 393 1437 
6 394 667 909 648 1438 1437 
6 395 396 815 386 667 394 
4 648 921 576 1438 
6 567 576 921 205 1385 1394 
5 300 679 609 888 887 
7 397 579 1677 1678 796 888 609 
5 397 609 679 955 742 
4 796 882 1175 1678 
5 400 398 388 890 563 
5 399 200 1382 563 400 
5 398 154 153 399 400 
4 355 956 1176 1259 
6 267 269 402 403 323 730 
5 402 269 980 979 259 
5 45 826 401 1404 1405 
4 401 1141 729 1404 
5 46 45 1405 323 403 
6 267 271 1134 1141 729 730 
6 401 826 1135 1136 1134 1141 
6 403 402 259 1062 1061 46 
5 373 405 404 972 862 
6 796 840 1674 1675 1235 882 
5 404 676 1236 1171 972 
5 796 840 808 1679 1678 
5 373 405 1410 1679 808 
5 405 404 676 897 1410 
6 676 897 1175 882 1235 1236 
4 267 730 850 1181 
5 733 734 1142 1141 729 
5 572 573 734 1142 1281 
6 733 734 573 775 633 849 
4 381 1010 1120 1638 
5 572 573 775 1010 381 
5 633 775 1010 1120 1182 
5 26 21 1389 1388 1481 
5 287 25 21 1389 1341 
5 325 129 1006 762 522 
5 325 522 1620 1619 646 
6 543 1099 1611 1612 1115 1157 
6 522 762 1195 1115 1612 1620 
5 762 1006 1294 1194 1195 
6 248 1156 1194 1294 1627 1623 
4 245 248 1623 858 
6 646 1007 1097 1099 1611 1619 
5 102 406 1188 407 104 
5 837 838 1088 1199 392 
5 361 359 845 844 408 
4 362 489 1 1054 
6 362 489 1450 1411 1150 1087 
5 169 166 969 1070 202 
6 1015 1016 1406 1433 1260 1271 
5 1260 1261 1039 1434 1433 
6 743 744 887 888 951 603 
5 796 840 950 951 888 
6 42 653 1117 1118 1664 1663 
6 783 993 1541 1542 1041 1090 
5 906 964 1542 1041 1365 
5 538 992 1118 1664 1521 
5 1060 1090 1041 1365 1383 
6 538 1521 1523 964 1542 1541 
5 409 33 38 127 847 
5 762 763 409 847 1006 
5 377 378 326 1286 1263 
7 326 325 522 779 842 638 378 
6 409 33 713 843 780 763 
6 38 127 1140 1286 1263 39 
4 39 37 377 1263 
5 268 1249 1307 1155 1621 
5 273 410 1240 1308 1248 
5 410 490 1153 1239 1240 
5 273 410 490 979 980 
6 885 886 1024 774 990 991 
6 86 411 321 885 991 1026 
5 319 404 972 1024 886 
6 375 719 968 1025 1192 1193 
5 405 412 1473 1147 373 
6 405 404 319 516 517 412 
6 86 411 517 412 1473 1472 
4 411 321 516 517 
6 375 719 774 1024 972 862 
6 40 252 251 413 1399 782 
6 330 354 610 368 813 1262 
5 351 221 1278 1279 363 
5 351 363 656 610 354 
5 726 727 368 813 163 
6 163 589 244 1250 1262 813 
5 225 244 589 1343 1265 
5 130 212 210 288 134 
5 830 937 1335 1654 1653 
6 199 829 1020 777 1346 1347 
6 937 1019 1577 1581 1333 1335 
4 414 637 1581 1333 
6 511 512 414 637 1346 1347 
6 414 512 1656 1654 1335 1333 
5 637 1346 777 1577 1581 
4 511 811 199 1347 
6 349 424 421 420 1614 1613 
5 422 424 349 526 527 
4 420 415 418 1614 
6 416 515 598 423 559 560 
5 417 419 416 515 668 
5 526 527 597 1487 1490 
5 345 417 668 1488 1489 
5 420 415 560 559 421 
5 419 416 560 415 418 
5 424 421 559 423 422 
6 345 417 419 418 1614 1613 
5 422 423 598 597 527 
5 504 505 426 911 649 
5 425 841 927 995 875 
5 425 426 505 801 875 
5 207 650 1103 1104 663 
5 207 649 911 616 650 
5 994 1104 663 1122 1123 
5 425 426 911 616 841 
5 801 875 995 994 1123 
5 414 512 611 1142 734 
5 401 389 611 1142 1141 
6 401 389 379 380 324 1404 
5 324 380 1654 1335 1334 
5 733 734 414 1333 1332 
4 360 719 375 823 
5 374 428 833 150 891 
4 427 89 90 1373 
6 427 428 374 1193 1192 89 
7 427 428 833 832 182 1372 1373 
4 180 240 1372 182 
6 152 150 891 823 360 358 
5 152 358 1107 1106 151 
5 132 501 606 1459 1500 
7 581 797 1149 1499 1500 1459 1458 
6 1015 1016 338 1458 1459 606 
5 429 430 1102 1101 115 
5 431 430 429 1550 1549 
6 115 429 1550 1002 1011 982 
5 1001 1002 1550 1549 973 
5 1101 1102 971 1207 114 
5 431 430 1102 971 693 
6 693 971 1207 1182 633 1083 
5 431 693 1083 973 1549 
5 261 491 427 1373 1400 
5 767 784 1400 261 1023 
5 274 767 1023 773 1482 
5 83 274 767 784 92 
5 1470 1471 1448 1474 91 
4 260 978 1471 1448 
6 427 89 1470 1471 978 491 
7 421 394 1437 1441 1632 1628 559 
6 648 649 911 912 1440 1438 
4 421 394 667 424 
6 422 423 365 650 207 910 
5 422 424 667 909 910 
5 423 365 1629 1628 559 
5 911 912 1631 1630 616 
5 262 263 350 433 432 
5 262 432 510 625 533 
4 335 581 797 1525 
5 399 400 1592 1600 1571 
6 258 332 1599 1600 1571 1615 
6 153 399 1571 1615 1618 147 
5 400 398 768 1598 1592 
5 564 565 1322 1545 688 
6 398 154 678 1322 565 768 
5 258 332 688 1545 1526 
6 148 547 678 1322 1545 1526 
6 295 544 854 853 487 1514 
5 278 544 854 520 740 
5 339 311 520 854 853 
6 281 294 276 1506 1501 1329 
5 1246 1247 162 1343 1265 
4 407 104 103 434 
7 647 1003 1043 870 1167 1251 1213 
5 970 971 1102 1109 315 
6 555 556 632 492 877 876 
5 270 556 632 631 655 
5 654 655 270 1208 810 
6 613 614 1189 1188 406 821 
5 435 545 613 821 1066 
5 436 170 171 881 1013 
5 172 170 436 52 1300 
6 436 52 1305 1306 1012 1013 
6 341 438 439 701 1668 1667 
5 437 440 438 341 601 
6 297 523 904 903 1377 1376 
5 297 636 1067 1374 1376 
5 636 953 821 1066 1067 
5 1066 1067 1374 1480 435 
6 435 545 441 1205 1479 1480 
5 121 441 1205 692 550 
5 692 903 1377 1479 1205 
5 613 821 953 1350 1110 
5 121 441 545 613 1110 
4 551 904 523 1324 
6 800 1566 1571 1615 1666 1665 
5 258 332 660 530 818 
5 302 670 1665 1666 817 
6 669 670 302 1572 1573 140 
5 530 660 749 1573 1572 
5 442 101 894 895 443 
6 98 101 442 807 1288 1289 
5 78 622 1178 964 1523 
5 838 906 964 1178 1088 
6 32 34 1502 66 385 301 
6 301 385 715 714 926 925 
5 164 36 34 1502 1513 
6 444 614 915 1296 1297 644 
6 442 101 1418 1430 121 441 
5 122 1254 1315 1418 1430 
5 444 644 1254 122 1169 
6 644 1254 1315 98 1289 1297 
5 442 441 545 916 807 
5 613 614 444 1169 1110 
5 242 80 85 445 735 
5 666 756 751 991 885 
6 85 445 1176 956 957 84 
6 411 321 320 355 956 957 
4 84 86 411 957 
5 445 735 778 1259 1176 
5 262 265 173 167 432 
5 203 619 57 1282 1253 
6 60 179 173 265 1493 1283 
4 58 60 179 175 
5 167 432 510 509 174 
4 203 534 1492 1253 
4 297 593 747 1376 
5 1221 1222 795 1519 1369 
6 364 446 1469 1471 978 1303 
5 366 364 446 371 372 
5 366 372 924 1240 1239 
5 410 428 374 924 1240 
5 427 428 410 490 491 
5 371 446 1469 1473 1147 
5 429 430 1403 1255 626 
5 222 987 1126 1252 1046 
5 115 429 626 986 1127 
5 430 1102 1109 1402 1403 
4 937 1019 1033 1345 
4 1098 1099 1611 75 
6 1334 1335 937 1345 1619 646 
5 418 333 508 1617 1614 
5 333 141 683 419 418 
5 417 419 683 710 525 
5 345 417 525 574 347 
5 347 155 136 703 574 
6 447 568 1560 1559 1421 1680 
5 579 580 447 1680 1677 
4 449 1226 1414 1409 
4 448 568 447 580 
5 87 84 957 1124 629 
5 1448 1457 1565 1469 1471 
6 412 277 1564 1565 1469 1473 
4 412 277 704 517 
7 411 517 704 659 296 1124 957 
5 698 820 1150 1411 1416 
6 351 363 362 489 591 352 
5 354 552 764 819 610 
6 353 553 1029 1415 1451 590 
4 353 352 591 590 
5 451 450 1341 287 286 
5 1009 1163 1044 1642 1644 
6 918 1000 1163 1044 1591 1590 
5 309 570 1454 783 993 
5 1117 1118 1000 1163 1009 
5 917 918 1000 1118 992 
5 309 570 605 246 635 
5 604 605 246 1590 1591 
6 604 605 570 1454 1644 1642 
5 453 577 1242 798 799 
6 453 69 70 299 452 577 
4 254 256 1292 1229 
6 254 1216 1242 798 1228 1229 
5 452 255 1216 1242 577 
4 452 255 253 299 
5 798 799 68 804 1228 
4 453 69 68 799 
4 578 588 1086 662 
5 440 451 286 285 437 
6 1268 1269 308 1466 1465 960 
5 192 728 1326 1466 1465 
5 634 690 308 1269 1276 
6 689 690 634 1209 1210 314 
6 959 960 1268 1277 1456 1464 
5 309 570 912 1440 1368 
5 570 605 426 911 912 
6 426 505 1222 1221 246 605 
5 576 1438 1440 1368 1520 
6 921 922 795 1519 1520 576 
5 504 505 1222 795 922 
6 299 452 231 694 609 679 
4 453 227 230 577 
5 233 71 879 880 236 
5 227 233 71 69 453 
4 230 231 452 577 
4 229 397 609 694 
5 229 397 742 880 236 
6 1478 1479 1377 1554 1636 1635 
6 454 266 707 1536 1538 1532 
5 455 454 1532 1531 1436 
6 431 693 1524 1531 1436 1435 
5 454 266 519 857 455 
5 431 1435 932 1553 1549 
5 973 1425 983 1553 1549 
5 455 857 932 1435 1436 
6 206 1050 1053 658 1282 1253 
6 59 658 1053 443 895 1215 
5 63 146 1059 408 844 
6 392 761 1284 1330 1198 1199 
6 1284 1285 456 1645 1651 761 
5 178 316 433 432 167 
4 338 1016 1406 1154 
5 18 27 741 457 772 
5 274 23 22 938 767 
4 18 30 771 772 
6 88 79 317 771 30 627 
4 457 741 939 914 
6 771 772 457 914 785 317 
6 211 794 981 357 1225 1224 
6 356 357 981 1608 1605 1298 
4 356 358 152 1298 
6 213 1174 1238 861 1669 1672 
6 211 213 1672 1671 873 794 
5 422 527 1105 1144 910 
5 423 365 1444 1445 598 
5 597 598 1445 1161 860 
5 1103 1104 929 1162 1146 
6 928 929 1104 663 1144 1105 
5 527 597 860 928 1105 
5 300 257 1211 744 887 
6 7 622 1178 1177 1180 1179 
5 459 461 1445 1161 615 
6 237 460 462 463 459 615 
4 597 860 238 1487 
5 461 458 515 598 1445 
5 458 463 462 668 515 
5 237 460 1488 1487 238 
4 463 459 461 458 
4 460 462 668 1488 
5 60 179 585 464 61 
5 465 176 585 464 793 
5 61 464 793 1081 55 
5 108 684 465 793 1081 
4 465 176 623 684 
6 705 850 1181 1208 810 961 
5 158 157 1535 1084 507 
5 507 849 633 1083 1084 
5 157 945 825 1537 1535 
5 970 971 693 1524 872 
5 394 395 466 420 421 
4 466 395 396 967 
5 349 424 667 386 348 
5 396 815 383 1063 967 
7 420 466 967 1063 1604 1617 1614 
5 425 426 605 604 494 
5 425 494 835 836 875 
5 96 439 438 1527 1079 
6 247 561 947 1079 1527 1528 
6 440 451 450 1528 1527 438 
6 697 892 904 523 1576 1582 
5 554 903 1377 1554 1548 
5 554 893 1002 1550 1548 
6 973 1001 697 1582 1391 1425 
5 359 360 823 822 845 
4 536 942 1495 1634 
6 431 430 1403 1414 1409 1435 
6 1494 1495 1634 1636 1554 1548 
5 429 626 1494 1548 1550 
6 449 535 1190 932 1435 1409 
6 535 536 942 1256 1226 449 
5 334 335 1525 1514 487 
6 1177 1178 964 1542 1530 1486 
4 391 686 1284 761 
6 391 686 1040 1041 1365 1364 
5 96 97 700 701 439 
5 467 327 328 29 919 
5 405 412 277 1422 1410 
6 417 525 881 1013 462 668 
5 458 469 468 416 515 
6 468 465 684 683 419 416 
5 469 468 465 176 177 
6 170 177 469 458 463 436 
4 462 463 436 1013 
4 700 701 1668 1116 
5 24 21 1389 1164 940 
6 437 285 19 20 643 601 
5 341 438 1527 1534 342 
6 322 342 1534 1533 1164 940 
6 450 1341 1389 1164 1533 1528 
6 17 131 1455 1672 1669 16 
5 1082 1449 1459 1500 1504 
6 384 183 786 606 1459 1449 
4 384 941 1082 1449 
5 473 472 471 1261 1260 
5 184 473 1260 1271 787 
5 201 562 471 1261 1230 
5 472 471 562 1401 470 
5 473 472 470 185 184 
5 185 470 1401 1372 182 
4 1163 1164 1533 1000 
5 247 918 1000 1533 1528 
4 324 326 378 380 
4 522 779 1375 1620 
6 675 711 830 937 1345 1344 
6 407 434 541 474 1189 1188 
5 829 1020 790 1191 1185 
5 789 790 1191 1461 1446 
4 1258 1408 1436 1531 
5 110 331 856 855 528 
5 475 856 331 1597 1598 
5 475 304 721 768 1598 
6 564 565 548 1340 1367 105 
5 307 304 475 856 855 
5 548 930 1074 1339 1340 
5 548 565 768 721 930 
5 283 532 634 690 1168 
5 150 891 1371 1184 1183 
5 63 146 1184 1371 1301 
6 408 361 356 1298 1359 1059 
6 447 580 754 753 376 809 
5 229 397 579 580 754 
4 376 753 1355 931 
5 609 694 1354 951 888 
5 808 809 447 1680 1679 
6 346 526 527 1105 1467 1484 
5 346 343 1337 1052 1484 
4 387 208 1048 1336 
5 1051 1052 1484 1467 1145 
6 235 230 577 1242 1241 1218 
5 1217 1218 235 1379 1273 
6 452 231 1380 1206 1357 255 
5 398 388 839 721 768 
6 396 249 563 400 1592 967 
5 393 305 306 497 498 
5 475 466 967 1592 1598 
6 475 304 305 393 395 466 
5 399 200 685 1566 1571 
7 328 29 571 1489 1488 460 329 
5 460 462 1013 1012 329 
5 213 210 288 1455 1672 
5 548 702 1072 1386 1340 
4 806 966 1387 1091 
6 687 688 1545 1546 936 112 
4 107 112 936 1064 
5 384 946 1517 1511 1449 
5 161 473 1260 1433 1100 
5 184 181 962 161 473 
5 342 485 1661 1662 1534 
5 1078 1079 1527 1534 1662 
5 446 569 1556 1565 1469 
6 371 446 569 568 447 809 
4 568 569 1556 1560 
5 162 776 187 874 1247 
6 1055 1212 1252 1046 1278 1279 
5 102 406 821 953 952 
5 237 228 495 329 460 
5 228 235 1218 1204 495 
4 459 608 1349 615 
6 436 52 724 608 459 463 
5 928 948 1468 1467 1105 
5 476 766 929 1104 994 
6 792 793 464 1011 1010 381 
5 584 585 464 1011 982 
5 468 465 793 792 594 
5 469 468 594 1640 272 
5 469 177 113 117 272 
5 40 38 127 128 252 
5 401 389 1348 1384 826 
5 382 612 391 686 1075 
5 1040 1041 1090 1089 303 
5 611 612 382 1281 1142 
5 477 239 948 1468 1485 
6 346 1129 1219 477 1485 1484 
6 234 238 1487 1490 1128 1220 
5 477 239 234 1220 1219 
5 442 443 1053 1205 441 
4 658 692 1205 1053 
5 41 938 767 1023 1022 
4 78 6 7 622 
5 364 446 569 995 927 
5 448 476 766 754 580 
6 366 372 376 753 1162 1146 
6 448 476 994 995 569 568 
4 474 444 614 1189 
5 467 232 228 495 327 
7 382 612 511 1347 1386 1340 1339 
5 414 637 913 573 734 
5 420 415 856 475 466 
5 331 333 418 415 856 
6 1125 1191 790 1321 1496 1497 
5 199 746 1072 1386 1347 
6 746 1072 1245 1243 1095 1096 
5 548 702 456 1285 930 
5 493 494 425 841 1304 
5 836 875 995 569 1556 
6 39 782 1399 1412 1264 1263 
5 34 781 998 1508 1502 
6 47 165 377 1263 1264 44 
4 44 1264 1412 1570 
5 415 560 595 855 856 
5 468 416 560 595 594 
5 353 350 433 316 590 
6 160 479 1412 1264 1287 1073 
5 478 479 160 1112 1014 
5 413 478 1014 1133 251 
5 478 479 1412 1399 413 
6 461 458 469 272 1249 1307 
5 559 560 595 657 1628 
5 1155 1307 461 1445 1444 
5 573 775 1001 697 913 
5 697 913 637 1581 1582 
5 480 936 1546 1650 1648 
6 369 480 936 1064 123 367 
6 707 858 1623 1622 607 1536 
5 339 311 1538 1536 607 
6 103 434 541 1170 1351 1049 
6 352 264 987 1126 583 591 
5 265 173 119 1127 986 
5 481 471 562 785 914 
5 481 471 1261 1039 1038 
5 157 596 607 1536 1535 
6 130 212 661 662 1086 1085 
5 478 1014 1434 1039 1038 
5 1014 1112 1100 1433 1434 
5 474 444 1169 1170 541 
4 73 652 1115 1612 
5 456 702 1072 746 1645 
5 570 912 1631 1463 1454 
5 61 464 1011 1002 893 
5 697 892 695 1092 913 
6 480 482 524 736 1647 1648 
6 480 482 1121 1275 112 936 
4 482 524 889 1121 
6 530 660 641 1275 1121 889 
5 554 1283 1493 1494 1548 
6 206 1253 1492 1495 1634 1633 
6 1000 1118 1664 1662 1534 1533 
4 1031 1233 538 1521 
4 480 482 370 369 
6 370 482 1121 1197 1316 1320 
5 123 367 1319 1254 122 
5 1227 1486 1530 1529 1558 
5 393 305 1378 1441 1437 
5 567 576 1520 1555 1439 
5 4 602 1184 1371 1370 
5 46 403 483 484 1561 
5 45 44 1264 1287 1405 
5 323 403 483 159 706 
5 484 479 1412 1570 1561 
5 484 479 160 159 483 
6 116 2 3 557 1308 1248 
6 273 410 428 833 632 556 
5 923 924 1240 1308 557 
5 467 232 234 1220 919 
5 484 481 1038 478 479 
5 483 484 481 471 472 
5 159 161 473 472 483 
5 763 780 816 977 944 
6 402 269 270 655 185 470 
6 259 261 1400 1401 470 402 
5 402 470 472 483 403 
6 459 461 1307 1308 557 608 
4 738 1378 1441 1632 
6 484 481 914 939 1563 1561 
5 907 908 1012 1306 935 
5 485 958 1423 1427 1661 
5 702 1072 1245 1295 1323 
5 1095 1096 1185 1191 1125 
5 673 674 713 712 486 
6 871 872 1524 1531 1258 1257 
5 537 769 645 803 802 
5 590 591 489 1450 1451 
5 490 491 978 1303 1153 
5 499 500 603 951 950 
4 502 503 1200 1201 
5 504 505 801 1123 1122 
5 506 770 865 1108 996 
5 507 1084 1426 1390 1148 
5 984 985 942 1256 1173 
5 1574 1575 508 1617 1604 
5 548 565 1322 1323 702 
4 509 510 625 624 
4 511 512 611 612 
5 1440 1441 1632 1631 912 
5 513 514 677 1610 1609 
6 597 598 515 668 1488 1487 
5 1029 1030 698 1416 1415 
5 661 662 578 1238 1174 
5 777 1325 966 1387 1346 
6 989 1007 1097 858 1623 1627 
5 519 857 932 1553 983 
5 520 521 941 1082 854 
5 762 763 780 779 522 
6 1324 1325 777 1577 1576 523 
5 1084 1426 707 1536 1535 
6 529 724 1273 1272 975 1151 
5 673 674 758 757 531 
5 532 634 1209 1504 1503 
5 853 854 1082 1449 1511 
5 633 775 1001 973 1083 
4 533 534 1037 1036 
4 571 1128 1490 1489 
5 535 536 1634 1636 1190 
5 537 769 1021 865 770 
6 1083 1084 1535 1537 1524 693 
5 542 543 1099 1098 848 
5 837 838 765 1021 769 
5 900 901 1028 1165 752 
5 544 854 1082 1504 1503 
5 613 614 915 916 545 
4 878 1453 1447 1552 
4 963 1391 1582 1576 
5 552 553 1029 1030 764 
6 658 692 903 554 1283 1282 
5 561 947 1114 1475 1476 
5 784 785 562 1401 1400 
6 563 890 1589 1584 1381 1382 
5 1091 1367 1340 1386 1387 
5 564 565 768 1598 1597 
5 572 573 913 1092 1056 
5 603 951 1354 1380 1206 
5 1061 1062 592 1136 1135 
5 634 1209 1456 1277 1276 
5 708 869 1318 1317 1143 
4 593 848 1098 963 
5 594 595 657 1639 1640 
5 998 1398 1569 1507 1508 
5 596 607 1622 1626 699 
5 599 600 641 1275 1274 
5 608 724 1273 1379 1349 
5 616 841 1304 1625 1630 
5 683 684 623 709 710 
5 835 836 1556 1565 1457 
4 631 632 833 832 
5 849 850 1181 1182 633 
6 637 913 1092 1091 1387 1346 
5 729 730 850 849 733 
5 988 989 1627 1626 699 
5 712 713 843 842 638 
5 753 754 766 929 1162 
5 646 1007 1148 1332 1334 
4 681 717 827 828 
5 652 788 943 1195 1115 
5 762 763 944 943 1195 
5 664 665 1311 1312 1071 
6 1074 1075 686 1284 1285 930 
5 805 806 1091 1092 695 
5 696 718 1358 1359 1059 
6 870 874 1247 1246 1047 1167 
5 892 893 1002 1001 697 
5 819 820 698 1030 764 
5 707 858 1097 1390 1426 
5 721 839 1331 1285 930 
5 728 874 1247 1432 1326 
5 750 751 991 990 737 
5 976 977 816 1397 1393 
5 879 880 742 955 954 
4 743 744 1211 1356 
6 747 983 1553 1554 1377 1376 
6 984 985 1037 1036 1158 1159 
5 928 929 766 949 948 
6 784 785 914 939 938 767 
5 1022 1023 773 1641 1643 
5 941 1082 1504 1209 1210 
5 1001 1002 1011 1010 775 
5 902 1058 1143 1317 1223 
4 779 780 843 842 
5 781 782 1399 1398 998 
5 992 993 783 1117 1118 
5 789 790 1321 1351 1049 
5 943 944 977 976 788 
4 792 793 1081 1080 
5 1228 1229 1292 1291 804 
5 915 916 807 1288 1296 
5 970 971 1207 1208 810 
5 1076 1077 1131 1130 824 
5 822 823 891 1371 1301 
4 825 872 1524 1537 
5 829 830 937 1019 1020 
6 936 1064 1244 1245 1295 1546 
5 1017 1018 831 1077 1076 
4 881 908 1012 1013 
5 846 847 1006 1294 1293 
4 851 852 980 979 
5 928 929 1162 1161 860 
5 1106 1107 1237 1238 861 
5 862 972 1171 1676 1673 
5 868 869 1305 1306 935 
4 894 895 1215 1214 
5 897 1175 1678 1679 1410 
4 898 899 1034 1035 
4 900 901 933 934 
5 905 906 964 1523 1522 
5 1101 1102 1109 1167 1251 
5 994 995 927 1103 1104 
5 950 951 1354 1355 931 
5 932 1190 1636 1554 1553 
5 1008 1009 1163 1164 940 
4 945 946 962 961 
5 1078 1079 947 1114 1113 
5 952 953 1350 1351 1049 
6 1423 1424 1116 1668 1667 958 
6 1244 1245 1072 1386 1387 966 
6 1098 1099 1097 1390 1391 963 
5 967 1063 1578 1600 1592 
5 990 991 1026 1025 968 
5 1083 1084 1426 1425 973 
6 1196 1197 1316 1315 1418 1417 
4 974 975 1151 1152 
6 1154 1406 1433 1100 1518 1509 
5 1010 1011 982 1119 1120 
4 986 987 1126 1127 
4 1003 1004 1042 1043 
4 1007 1097 1390 1148 
5 1111 1112 1014 1133 1132 
5 1054 1055 1028 1165 1166 
5 1113 1114 1475 1233 1031 
5 1040 1041 1542 1530 1483 
5 1163 1164 1389 1388 1044 
5 1046 1047 1167 1251 1252 
5 1051 1052 1337 1336 1048 
5 1050 1053 1205 1479 1478 
5 1091 1092 1056 1366 1367 
5 1089 1090 1060 1135 1136 
4 1144 1145 1467 1105 
5 1246 1247 1432 1431 1065 
5 1139 1140 1286 1287 1073 
5 1231 1232 1226 1256 1173 
5 1177 1178 1088 1199 1198 
4 1093 1094 1603 1602 
5 1169 1170 1351 1350 1110 
5 1156 1157 1115 1195 1194 
5 1196 1197 1121 1275 1274 
4 1128 1129 1219 1220 
7 1332 1333 1581 1582 1391 1390 1148 
5 1141 1142 1281 1280 1134 
5 1161 1162 1146 1444 1445 
5 1192 1193 1147 1473 1472 
5 1303 1304 1625 1624 1153 
5 1239 1240 1308 1307 1155 
4 1158 1159 1200 1201 
5 1235 1236 1171 1676 1675 
5 1224 1225 1237 1238 1174 
5 1179 1180 1227 1558 1557 
4 1181 1182 1207 1208 
5 1185 1186 1460 1461 1191 
6 1257 1258 1408 1409 1414 1413 
5 1217 1218 1204 1306 1305 
5 1272 1273 1379 1380 1206 
5 1209 1210 1338 1464 1456 
4 1212 1213 1251 1252 
5 1241 1242 1216 1659 1660 
5 1299 1300 1318 1317 1223 
5 1255 1256 1226 1414 1403 
5 1260 1261 1230 1270 1271 
5 1266 1267 1234 1420 1419 
5 1244 1245 1243 1497 1496 
4 1248 1249 1307 1308 
5 1282 1283 1493 1492 1253 
5 1315 1316 1320 1319 1254 
4 1263 1264 1287 1286 
5 1278 1279 1342 1343 1265 
4 1268 1269 1276 1277 
4 1288 1289 1297 1296 
4 1284 1285 1331 1330 
5 1293 1294 1627 1626 1290 
5 1322 1323 1295 1546 1545 
5 1358 1359 1298 1605 1606 
4 1301 1302 1370 1371 
4 1309 1310 1313 1314 
5 1329 1501 1457 1565 1564 
5 1324 1325 1321 1351 1350 
5 1352 1353 1431 1432 1326 
4 1327 1328 1336 1337 
4 1332 1333 1335 1334 
5 1338 1360 1670 1671 1464 
4 1339 1340 1367 1366 
5 1344 1345 1619 1620 1375 
4 1346 1347 1386 1387 
5 1364 1365 1383 1384 1348 
5 1354 1355 1349 1379 1380 
4 1361 1362 1381 1382 
7 1440 1441 1378 1483 1530 1529 1368 
4 1372 1373 1400 1401 
5 1376 1377 1479 1480 1374 
4 1390 1391 1425 1426 
4 1392 1393 1397 1396 
5 1398 1399 1412 1570 1569 
4 1402 1403 1414 1413 
4 1417 1418 1430 1429 
5 1419 1420 1407 1588 1589 
4 1408 1409 1435 1436 
5 1421 1422 1410 1679 1680 
5 1415 1416 1411 1450 1451 
4 1423 1424 1428 1427 
4 1437 1438 1440 1441 
5 1442 1443 1580 1555 1439 
5 1460 1461 1446 1595 1596 
5 1452 1453 1447 1507 1508 
5 1448 1457 1501 1506 1474 
5 1458 1459 1449 1511 1510 
5 1462 1463 1454 1644 1643 
5 1455 1456 1464 1671 1672 
4 1467 1468 1485 1484 
5 1470 1471 1469 1473 1472 
5 1481 1482 1474 1506 1505 
4 1477 1483 1530 1486 
4 1487 1488 1489 1490 
4 1492 1493 1494 1495 
4 1499 1500 1504 1503 
5 1505 1506 1501 1516 1515 
5 1507 1508 1502 1513 1512 
5 1510 1511 1517 1518 1509 
5 1522 1523 1521 1664 1663 
5 1531 1532 1538 1537 1524 
5 1545 1546 1650 1649 1526 
4 1527 1528 1533 1534 
4 1529 1530 1542 1541 
4 1535 1536 1538 1537 
4 1539 1540 1544 1543 
5 1551 1552 1562 1563 1547 
5 1549 1550 1548 1554 1553 
5 1557 1558 1555 1580 1579 
5 1559 1560 1556 1565 1564 
5 1562 1563 1561 1570 1569 
4 1566 1571 1600 1578 
5 1574 1575 1599 1600 1578 
4 1576 1577 1581 1582 
4 1583 1584 1589 1588 
5 1586 1587 1596 1595 1585 
5 1597 1598 1592 1600 1599 
5 1603 1604 1617 1616 1602 
4 1605 1606 1607 1608 
4 1611 1612 1620 1619 
4 1613 1614 1617 1616 
5 1624 1625 1630 1629 1621 
4 1622 1623 1627 1626 
5 1629 1630 1631 1632 1628 
4 1633 1634 1636 1635 
4 1637 1638 1640 1639 
4 1641 1642 1644 1643 
4 1647 1648 1650 1649 
4 1645 1646 1652 1651 
4 1653 1654 1656 1655 
4 1657 1658 1659 1660 
4 1661 1662 1664 1663 
4 1669 1670 1671 1672 
4 1673 1674 1675 1676 
4 1677 1678 1679 1680 
CELL_DATA 1604
SCALARS scalar_1 double
LOOKUP_TABLE default
    4.971105
    4.972437
    4.972904
    4.973967
    4.974225
    4.972612
    4.974693
    4.966465
    4.971517
    4.968088
    4.969306
    4.976168
    4.977864
    4.974029
    4.972612
    4.973756
    4.875514
    4.974671
    4.870673
    4.876881
    4.971019
    4.968398
    4.971459
    4.972957
    4.972525
    4.974486
    4.876413
    4.972831
    4.872789
    4.969718
    4.871814
    4.970992
    4.877116
    4.974771
    4.974467
    4.875785
    4.875988
    4.875909
    4.866631
    4.968489
    4.981811
    4.969718
    4.975598
    4.969315
    4.960070
    4.876413
    4.872397
    4.973944
    4.872397
    4.973119
    4.973944
    4.973335
    4.956836
    4.877266
    4.899912
    4.875909
    4.960070
    4.871799
    5.000000
    4.975332
    4.876357
    4.975208
    4.973026
    4.972904
    4.874000
    4.974029
    4.976534
    4.875414
    4.974943
    4.974646
    4.971105
    4.871301
    4.870329
    4.974548
    4.978541
    4.974474
    4.875224
    4.970668
    4.975898
    4.870673
    4.869584
    4.977660
    4.972523
    4.872258
    4.876413
    4.972456
    4.972437
    4.975075
    4.973020
    4.973717
    4.974855
    4.972059
    4.973944
    4.974671
    4.872397
    4.973335
    4.976757
    4.875785
    4.975613
    4.976434
    4.971779
    4.874336
    4.975523
    4.973010
    4.977636
    4.874136
    4.972253
    4.977731
    4.973810
    4.977029
    4.975534
    4.976940
    4.974554
    4.973051
    4.970752
    4.976757
    4.973020
    4.875514
    4.973100
    4.971779
    4.974452
    4.968398
    4.973576
    4.873169
    4.875513
    4.869054
    4.970549
    4.970992
    4.972831
    4.872922
    4.870618
    4.969715
    4.873795
    4.975538
    4.975523
    4.973051
    4.966819
    4.974987
    4.973532
    4.870673
    4.975898
    4.978541
    4.976034
    4.970562
    4.974250
    4.972469
    4.975534
    4.972253
    4.976896
    4.973106
    4.874725
    4.972065
    4.869584
    4.875224
    4.967354
    4.978541
    4.969855
    4.872078
    4.872258
    4.872785
    4.870801
    4.969306
    4.858499
    4.969943
    4.974590
    4.971105
    4.974225
    4.971517
    4.968977
    4.970668
    4.974875
    4.973989
    4.972612
    4.977018
    4.871301
    4.976454
    4.975898
    4.974191
    4.972065
    4.973532
    4.872785
    4.978541
    4.974122
    4.974548
    4.976034
    4.875302
    4.874476
    4.974499
    4.974345
    4.973101
    4.968609
    4.974250
    4.974467
    4.875988
    4.974486
    4.875015
    4.972957
    4.874279
    4.874725
    4.971892
    4.872078
    4.874725
    4.969855
    4.874279
    4.973624
    4.870673
    4.969943
    4.970562
    4.877225
    4.976034
    4.972805
    4.875224
    4.978541
    4.973951
    4.976168
    4.975075
    4.975451
    4.972904
    4.966465
    4.975125
    4.877805
    4.969306
    4.971517
    4.972082
    4.974646
    4.975075
    4.971517
    4.877805
    4.973025
    4.972525
    4.969306
    4.972988
    4.869054
    4.974646
    4.975067
    4.972437
    4.972082
    4.971892
    4.871814
    4.874725
    4.874279
    4.971105
    4.976168
    4.969306
    4.976447
    4.972456
    4.973630
    4.971989
    4.899912
    4.968609
    4.875988
    4.975152
    4.874476
    4.971459
    4.963684
    4.974499
    4.974730
    4.966465
    4.976454
    4.973534
    4.973020
    4.875785
    4.875909
    4.974771
    4.977499
    4.872397
    4.969578
    4.976757
    4.871799
    4.974029
    4.972612
    4.969542
    4.974875
    4.972523
    4.876126
    4.973624
    4.972845
    4.875224
    4.971105
    4.970668
    4.870673
    4.974590
    4.972988
    4.974486
    4.870907
    4.972957
    4.973025
    4.970871
    4.869054
    4.968398
    4.971517
    4.971019
    4.963684
    4.971459
    4.972988
    4.966465
    4.975844
    4.971517
    4.976342
    4.875741
    4.975963
    4.974120
    4.966465
    4.870907
    4.972924
    4.973025
    4.975240
    4.880561
    4.976754
    4.976454
    4.872449
    4.976952
    4.974771
    4.980254
    4.977499
    4.975125
    4.976342
    4.975534
    4.974322
    4.876357
    4.875513
    4.968398
    4.974029
    4.971019
    4.972523
    4.870673
    4.973026
    4.973822
    4.877246
    4.974807
    4.973249
    4.977298
    5.000000
    4.976754
    4.974771
    4.974486
    4.875785
    4.973025
    4.972741
    4.975027
    4.970219
    4.973060
    4.975332
    4.973810
    4.974989
    4.975178
    4.975332
    4.975963
    4.977731
    4.880561
    4.974771
    4.877243
    4.872449
    4.976342
    4.975534
    4.974225
    4.975240
    4.972649
    4.973989
    4.972924
    4.966465
    4.874884
    4.974389
    4.973534
    4.972399
    4.976562
    4.973473
    4.973891
    4.975613
    4.975933
    4.877116
    4.974943
    4.974133
    4.970227
    4.974646
    4.976447
    4.978322
    4.975067
    4.971253
    4.871782
    4.875513
    4.971019
    4.973576
    4.875383
    4.869054
    4.974096
    4.873169
    4.973342
    4.974486
    4.974800
    4.973576
    4.973534
    4.975967
    4.973101
    4.973822
    4.973100
    4.975598
    4.972741
    4.973026
    4.972669
    4.974784
    4.975027
    4.975332
    4.970219
    4.876357
    4.870673
    4.875988
    4.974646
    4.975067
    4.976434
    4.973106
    4.971892
    4.972082
    4.872985
    4.974835
    4.994406
    4.872922
    4.970871
    4.960070
    5.000000
    4.968489
    4.978508
    4.972523
    4.974875
    4.970603
    4.975240
    4.973473
    4.973989
    4.974225
    4.975294
    4.970668
    4.969633
    4.973002
    4.877605
    4.872994
    4.972157
    4.968881
    4.870329
    4.973101
    4.994406
    4.972420
    4.968489
    4.963684
    4.970871
    5.000000
    4.968977
    4.974590
    4.971517
    4.971105
    4.969306
    4.873943
    4.972382
    4.975354
    4.971260
    4.870618
    4.969715
    4.972147
    4.970992
    4.969718
    4.872922
    4.873795
    4.969715
    4.873359
    4.878646
    4.975843
    4.872789
    4.975069
    4.971565
    4.979765
    4.975963
    4.977490
    4.972957
    4.974541
    4.971764
    4.973308
    4.974486
    4.974120
    4.975534
    4.973025
    4.975731
    4.878646
    4.969715
    4.874136
    4.977636
    4.976454
    4.975534
    4.871301
    4.870329
    4.877605
    4.980254
    4.973810
    4.976434
    4.975067
    4.975613
    4.875785
    4.971892
    4.973106
    4.968489
    4.969315
    4.956836
    4.974784
    4.870801
    4.969578
    4.970740
    4.972741
    4.975027
    4.967354
    4.975843
    4.974120
    4.878646
    4.875514
    4.969315
    4.972741
    4.973822
    4.973100
    4.872397
    4.975598
    4.874884
    4.972924
    4.974120
    4.870907
    4.878646
    4.973630
    4.972157
    4.972147
    4.972399
    4.975780
    4.870907
    4.974120
    4.974983
    4.973989
    4.972399
    4.971517
    4.874884
    4.976093
    4.974693
    4.876126
    4.974875
    4.969542
    4.974029
    4.974225
    4.971105
    4.971019
    4.873795
    4.873169
    4.872207
    4.970992
    4.872922
    4.869054
    4.975208
    4.875785
    4.970549
    4.973576
    4.969718
    4.970992
    4.877957
    4.872789
    4.973944
    4.974855
    4.973024
    4.973416
    4.960070
    4.880561
    4.973101
    4.963684
    5.000000
    4.899912
    4.992793
    4.873380
    4.974730
    4.974467
    4.871799
    4.971989
    4.974943
    4.877116
    4.975240
    4.973534
    4.969855
    4.874279
    4.971892
    4.870801
    4.875971
    4.972082
    4.973106
    4.972065
    4.970562
    4.975898
    4.872785
    4.870673
    4.970562
    4.875224
    4.975523
    4.975534
    4.880561
    4.975731
    4.974499
    4.971459
    4.870673
    4.974646
    4.874476
    4.875302
    4.975731
    4.975432
    4.972147
    4.972157
    4.973630
    4.873533
    4.975354
    4.973944
    4.872789
    4.973051
    4.875785
    4.967115
    4.878307
    4.975208
    4.974914
    4.872388
    4.874279
    4.871782
    5.000000
    4.975899
    4.973024
    4.975598
    4.972157
    4.977285
    4.969718
    4.975354
    4.974835
    4.973002
    4.872922
    4.872985
    4.975780
    4.970603
    4.973877
    4.976093
    4.974875
    4.974225
    4.973534
    4.972590
    4.973051
    4.973576
    4.869054
    4.973025
    4.975075
    4.970549
    4.972590
    4.974225
    4.973534
    4.966465
    4.969715
    4.975731
    4.874574
    4.976447
    4.975538
    4.974835
    4.877246
    4.974807
    4.994406
    4.977298
    4.972420
    4.973534
    4.972590
    4.872785
    4.874279
    4.974029
    4.972845
    4.869054
    4.969306
    4.974133
    4.976182
    4.977038
    4.973060
    4.975538
    4.976447
    4.970549
    4.874574
    4.873359
    4.875785
    4.974467
    4.875909
    4.871799
    4.872449
    4.992793
    4.880561
    4.977499
    4.875224
    4.972523
    4.977660
    4.876126
    4.874476
    4.875302
    4.975898
    4.974590
    4.968489
    4.873943
    4.869584
    4.974322
    4.973448
    4.970740
    4.870801
    4.969855
    4.956836
    4.875971
    4.975899
    4.876357
    4.971892
    4.975208
    4.872985
    4.956836
    4.873943
    5.000000
    4.970740
    4.994406
    4.969315
    4.972420
    4.972957
    4.973630
    4.971989
    4.971517
    4.971459
    4.974120
    4.878646
    4.974983
    4.963684
    4.971892
    4.875785
    4.975899
    4.967115
    5.000000
    4.974987
    4.878307
    4.971003
    4.876357
    4.973026
    4.969578
    4.875514
    4.974989
    4.873852
    4.972741
    4.973547
    4.974784
    4.973951
    4.992793
    4.974322
    4.956836
    4.871799
    4.876348
    4.973951
    4.976952
    4.969578
    4.980254
    4.972741
    4.971003
    5.000000
    4.974784
    4.876357
    4.970740
    4.974807
    4.975899
    4.973822
    4.972669
    4.975067
    4.974133
    4.975613
    4.976182
    4.974784
    4.876357
    4.972082
    4.973576
    4.963684
    4.970871
    4.871799
    4.992793
    4.899912
    4.873943
    4.956836
    4.960070
    4.970549
    4.973060
    4.976940
    4.974133
    4.873359
    4.975001
    4.975178
    4.963684
    4.992793
    4.973448
    4.873380
    4.974590
    4.869584
    4.968977
    4.969718
    4.872789
    4.974467
    4.880561
    4.874136
    4.975523
    4.973385
    4.873533
    4.972157
    4.977636
    4.976896
    4.969578
    4.975075
    4.974225
    4.972590
    4.974029
    4.971459
    4.975152
    4.975067
    4.974133
    4.973944
    4.969315
    4.969578
    4.973100
    4.956836
    4.875514
    4.974250
    4.973385
    4.871799
    4.880561
    4.877243
    4.875988
    4.875909
    4.972420
    4.969306
    4.975538
    4.970871
    4.974452
    4.973576
    4.976940
    4.869054
    4.873359
    4.975001
    4.969715
    4.974230
    4.977038
    4.875988
    4.973877
    4.974225
    4.972590
    4.974191
    4.974441
    4.974389
    4.974486
    4.880561
    4.976454
    4.977636
    4.873380
    4.973448
    4.992793
    4.974548
    4.974322
    4.975899
    5.000000
    4.875971
    4.972420
    4.972845
    4.871782
    4.974914
    4.970740
    4.969855
    4.974807
    4.874279
    4.877246
    4.973822
    4.974835
    4.973002
    4.877246
    4.974807
    4.872246
    4.872985
    4.875307
    4.973448
    4.956836
    4.871799
    4.880561
    4.873380
    4.977038
    4.969306
    4.872922
    4.975538
    4.970871
    4.971019
    4.975075
    4.973025
    4.972957
    4.975731
    4.971459
    4.973989
    4.969633
    4.970668
    4.870329
    4.971517
    4.974983
    4.971989
    4.968881
    4.970871
    4.960070
    4.969718
    4.970992
    4.969715
    4.974835
    4.975538
    4.970740
    4.973822
    4.975899
    4.877246
    5.000000
    4.972420
    4.872985
    4.974875
    4.972523
    4.975731
    4.876357
    4.971892
    4.973630
    4.974784
    4.972065
    4.973547
    4.973106
    4.972904
    4.975731
    4.878646
    4.973630
    4.969715
    4.966465
    4.976896
    4.966465
    4.974983
    4.969306
    4.970871
    4.963684
    4.976896
    4.871301
    4.972845
    4.971105
    4.974943
    4.973051
    4.872789
    4.870329
    4.877605
    4.973810
    4.972669
    4.971003
    4.975898
    4.973249
    4.976896
    4.973532
    4.974548
    4.973630
    4.973106
    4.874035
    4.973717
    4.970562
    4.975898
    4.973532
    4.875514
    4.969578
    4.973717
    4.874035
    4.875909
    4.972936
    4.975898
    4.872785
    4.974191
    4.966819
    4.971003
    4.976896
    4.873169
    4.974452
    4.870618
    4.974230
    4.969715
    4.973501
    4.974875
    4.977660
    4.970668
    4.875224
    4.876126
    4.975294
    4.870329
    4.973822
    4.974835
    4.874574
    4.976447
    4.969306
    4.970871
    4.873359
    4.969633
    4.974225
    4.970668
    4.974983
    4.975534
    4.874136
    4.880561
    4.875971
    4.969855
    4.972845
    4.974914
    4.973024
    4.873359
    4.974133
    4.969633
    4.874574
    4.870618
    4.974835
    4.873359
    4.975001
    4.974230
    4.974427
    4.974225
    4.973877
    4.976093
    4.974875
    4.872789
    4.969718
    4.977285
    4.969315
    4.973944
    4.973100
    4.973822
    4.973002
    4.872985
    4.975933
    4.975613
    4.873818
    4.973501
    4.974646
    4.975067
    4.870618
    4.973891
    4.974486
    4.872789
    4.973010
    4.875741
    4.974541
    4.878646
    4.975963
    4.969315
    4.872985
    4.973002
    4.972741
    4.972669
    4.872994
    4.975067
    4.975933
    4.971253
    4.973891
    4.974646
    4.974133
    4.970227
    4.973249
    4.972157
    4.975780
    4.974983
    4.973002
    4.969633
    4.870329
    4.875307
    4.973249
    4.975898
    4.975075
    4.969578
    4.974322
    4.974875
    4.971459
    4.973024
    4.969718
    4.974914
    4.873795
    4.973416
    4.872207
    4.872449
    4.976952
    4.975075
    4.974486
    4.975963
    5.000000
    4.972420
    4.978322
    4.874574
    4.872246
    4.871782
    4.975067
    4.875514
    4.976447
    4.974943
    4.871782
    4.972420
    4.972845
    4.877116
    4.971105
    4.974914
    4.970668
    4.974590
    4.869584
    4.969855
    4.972845
    4.963684
    4.974730
    4.873380
    4.973630
    4.974983
    4.970740
    4.974784
    5.000000
    4.876357
    4.875971
    4.872985
    4.974835
    4.973051
    4.973100
    4.872789
    4.974548
    4.973249
    4.970668
    4.873380
    4.975075
    4.975294
    4.974983
    4.973249
    4.970668
    4.875307
    4.970227
    4.975731
    4.875514
    4.974322
    4.956836
    4.973051
    4.877116
    4.873359
    4.974914
    4.972420
    4.969855
    4.974590
    4.971105
    4.974943
    4.973051
    4.969718
    4.877957
    4.973051
    4.973944
    4.977285
    4.974486
    4.975731
    4.971459
    4.973630
    4.975152
    4.971459
    4.872207
    4.960070
    4.963684
    4.970871
    4.973944
    4.973100
    4.871799
    4.975523
    4.975534
    4.976896
    4.976454
    4.977018
    4.975780
    4.969855
    4.875971
    4.974784
    4.972065
    4.970740
    4.974322
    4.973547
    4.878646
    4.969306
    4.976168
    4.976952
    4.874574
    4.970227
    4.976447
    4.975067
    4.873359
    4.871782
    4.967115
    4.971003
    4.975294
    4.975933
    4.974943
    4.975067
    4.973547
    4.876357
    4.972741
    4.875971
    4.970740
    4.973630
    4.877116
    4.974943
    4.974486
    4.974322
    4.974548
    4.973106
    4.872785
    4.973630
    4.975152
    4.963684
    4.973944
    4.973100
    4.974835
    4.874574
    4.875307
    4.875741
    4.974225
    4.976896
    4.877116
    4.975933
    4.976447
    4.971105
    4.871782
    4.874574
    4.869584
    4.970668
    4.969855
    4.972420
    4.971105
    4.875988
    4.871799
    4.974322
    4.969315
    4.973448
    4.971253
    4.967115
    4.877116
    4.973891
    4.971003
    4.973249
    4.960070
    4.875514
    4.974835
    4.970227
    4.976447
    4.875307
    4.976896
    4.877116
    4.974322
    4.873380
    4.970740
    4.969855
    4.977018
    4.974322
    4.975125
    4.974322
    4.872985
    4.875307
    4.875988
    4.973717
    4.871799
    4.899912
    4.970740
    4.972420
    4.974875
    4.899912
    4.975152
    4.972805
    4.973416
    4.971105
    4.970740
    4.976447
    4.869584
    4.974548
    4.973106
    4.872785
    4.974730
    4.973630
    4.976896
    4.974225
    4.970668
    4.960070
    4.975152
    4.974730
    4.974486
    4.975152
    4.975152
    4.974191
    4.975523
    4.975125
    4.969315
    4.970668
    4.974548
    4.974427
    4.872785
    4.972469
    4.970562
    4.970668
    4.975294
    4.973944
    4.875514
    4.974427
    4.972469
    4.974191
    4.875514
    4.970740
    4.972669
    4.969306
    4.960070
    4.871799
    4.963684
    4.973416
    4.975152
    4.971105
    4.970871
    4.976447
    4.877116
    4.973416
    4.960070
    4.963684
    4.975523
    4.963684
    4.960070
    4.960070
    4.976447
    4.970740
    4.973416
    4.974029
    4.973051
    4.975125
    4.976454
    4.976754
    4.974983
    4.872449
    4.972590
    4.975538
    4.973060
    4.975240
    4.872994
    4.872449
    4.974730
    4.970227
    4.875971
    4.973547
    4.972523
    4.973448
    4.969315
    4.974957
    4.978322
    4.972590
    4.974486
    4.974548
    4.974730
    4.968881
    4.878646
    4.975523
    4.974548
    4.974730
    4.972437
    4.971764
    4.878646
    4.975731
    4.873380
    4.972649
    4.877116
    4.872246
    4.872449
    4.971989
    4.874136
    4.876348
    4.976308
    4.975731
    4.973532
    4.973944
    4.870329
    4.972590
    4.973249
    4.973100
    4.960070
    4.873852
    4.973448
    4.870801
    4.869584
    4.975067
    5.000000
    4.974120
    4.973967
    4.972253
    4.972420
    4.875909
    4.974730
    4.970562
    4.974943
    4.872985
    4.972845
    4.975780
    4.970871
    4.971989
    4.974548
    4.873943
    4.974730
    4.974467
    4.874574
    4.977636
    4.977889
    4.975523
    4.975523
    4.877957
    4.974322
    4.974548
    4.976952
    4.966465
    4.869584
    4.973308
    4.974730
    4.973547
    4.875741
    4.974452
    4.975523
    4.975613
    4.975067
    4.870329
    4.971253
    4.872246
    4.960070
    4.969718
    4.878646
    4.869584
    4.974693
    4.974467
    4.875909
    4.975598
    4.977018
    4.975523
    4.869584
    4.976434
    4.973532
    4.971989
    4.972805
    4.975075
    4.971989
    4.975534
    4.974122
    4.972805
    4.974914
    4.973385
    4.994406
    4.877246
    4.973025
    4.977038
    4.974029
    4.975898
    4.874884
    4.978541
    4.876935
    4.976757
    4.973989
    4.874574
    4.974133
    4.969633
    4.973944
    4.870907
    4.973100
    4.976896
    4.973051
    4.976454
    4.977636
    4.875971
    4.970549
    4.873380
    4.872785
    4.976168
    4.874476
    4.974590
    4.974875
    4.966465
    4.974730
    4.874476
    4.976308
    4.973100
    4.969315
    4.969718
    4.966465
    5.000000
    4.973249
    4.973448
    4.956836
    4.872246
    4.974389
    4.875988
    4.970227
    4.969578
    4.975899
    4.976896
    4.972918
    4.872785
    4.871782
    4.873380
    4.956836
    4.976447
    4.975538
    4.980447
    4.976447
    4.971253
    4.974989
    4.973025
    4.875514
    4.971989
    4.975534
    4.974983
    4.974943
    4.974646
    4.972957
    4.966465
    4.973501
    4.972612
    4.969633
    4.971019
    4.975027
    4.974122
    4.971105
    4.973249
    4.966819
    4.871799
    4.966465
    4.977490
    4.973532
    4.973951
    4.873533
    4.972904
    4.976952
    4.976168
    4.975208
    4.975780
    4.972253
    4.972924
    4.977660
    4.977636
    4.972957
    4.973448
    4.880561
    4.976454
    4.956836
    4.870181
    4.975332
    4.969315
    4.970871
    4.872994
    4.873380
    4.975523
    4.973416
    4.974983
    4.872785
    4.973060
    4.875307
    4.873359
    4.972590
    4.973051
    4.972741
    4.972669
    4.875741
    4.973119
    4.969715
    4.975731
    4.872985
    4.975963
    4.975294
    4.969715
    4.978508
    4.972741
    4.877116
    4.973249
    4.975731
    4.972147
    4.875909
    4.971459
    4.872397
    4.968881
    4.972904
    4.973100
    4.875514
    4.973630
    4.975432
    4.876413
    4.969633
    4.874906
    4.975780
    4.973416
    4.876357
    4.875971
    4.974548
    4.973060
    4.975534
    4.875971
    4.975899
    4.976952
    4.973101
    4.975899
    4.968489
    4.974730
    4.974807
    4.973249
    4.967354
    4.872985
    4.973106
    4.973951
    4.980254
    4.974646
    4.973944
    4.972957
    4.976182
    4.974133
