vertices 2040
     0 3.31165510829196 6.35770684926314 4.54225768932545
     3 2.78636533326141 5.73901695961548 5.20665021599082
     5 3.38736795212595 5.04053685437545 4.22192686749044
     8 3.90216342160203 5.35268601662326 4.38074967282251
     9 3.91517000923650 5.56026206294879 4.30575419844058
    17 3.14297460800009 5.04151109777200 4.91346225992217
    31 3.45590318119594 6.45102027044939 6.65220031044417
    33 3.61338019601342 6.39988629738903 6.48649778329455
    46 2.60032745306766 5.66412594570244 6.90235736662133
    47 2.65799342634295 6.34135388701797 6.69197796823748
    48 3.05922226019073 6.56382109489289 6.28760080367268
    52 5.83832139826595 0.73478098877093 2.40075568871276
    55 5.82441767170258 0.58452165048320 2.84597284792314
    64 6.09762686458854 0.44542858079836 3.24091555438980
    71 0.00447363220051 0.96945774905604 2.26630028756108
    74 0.08877062620424 1.03090830875635 2.68497702596095
    77 6.05646654831653 0.31029823271823 3.03934765296948
    85 1.41889990239829 2.93747913602484 6.68646122774060
    87 1.07647866876917 3.23780853054815 6.56532086033533
    88 1.19582881173812 2.45238185080194 0.21352330898503
    91 1.50021394511185 2.64384991684292 6.36511153428751
   102 0.81306888394973 1.82504429162956 6.58904180859538
   103 1.07051620613952 1.82043708904476 6.86917443059739
   124 3.38605483396343 5.45870931354070 1.21057279926822
   125 3.33902148367709 5.58055616536415 1.20944336471762
   127 2.82296014168358 5.54361199317616 1.26254023486240
   131 2.33676134404280 5.77662751041999 0.73566354617495
   138 5.06900851477878 3.81373620225731 0.09293392420512
   141 6.22228249772156 3.25952260111932 0.45370507038544
   142 5.73456839844034 3.19361284324070 0.62623380291386
   143 5.97422384341184 3.42959277847082 0.88020168256736
   145 5.50202453629264 3.57499240880133 0.84023446683483
   146 5.68880315634619 3.88421743160293 0.89183111319317
   147 6.45622559691770 3.71276410002517 6.86047113217298
   148 5.73940376243070 3.32077221375184 0.83689670509557
   150 6.28263478509318 3.34934433345361 0.56050158916538
   151 5.94137914319032 3.80640046715127 0.92029158589179
   152 5.21047150958659 3.50312163194935 0.43564288903496
   158 6.31387451715071 3.40786116480538 6.88338857233136
   161 5.19070259464744 3.61875402161531 6.75725693669273
   162 5.24261235376519 4.05719293975734 6.82689906018553
   163 5.12257560783218 3.98018690886114 0.09399759441167
   171 2.62939438089100 0.70886225902366 0.49898028152284
   173 3.06611589397681 1.06654587886128 1.11274445995977
   174 3.32020428042256 1.21005382001722 0.45927365553391
   175 2.07307978335388 1.65977092782859 0.72863058822319
   177 3.37750005837172 1.53425059599724 0.72380317147235
   179 3.15510243639858 0.93518830692153 0.62089710155997
   180 3.19737879336384 1.45550243166397 1.09948968079773
   181 2.77864316004895 1.78625487120074 1.20951348607102
   185 2.41125373478639 0.83095698508745 0.24574054652661
   190 2.41477492818352 2.09290143127138 0.76316255338427
   191 2.68644212638690 2.07446421535605 0.97564368560669
   194 2.49982258776885 2.13130130992300 0.64234430795872
   197 2.52766393277360 1.85330107325606 0.08361838898644
   202 4.80148897757014 3.43583855562091 1.65340565386682
   229 4.73723074211132 2.10326693497616 1.66778661228816
   232 4.47814002263692 1.92285839139945 1.79162857615398
   238 3.55616574367253 2.59825507415375 1.57291815774441
   240 3.65019159059534 2.90344773414729 2.09091106448070
   241 3.93911046050018 3.29270521542910 1.92909500031567
   243 3.76858407432255 2.09105357549837 1.74607114902056
   260 6.45413451764625 2.02711904368393 5.17306092262500
   266 5.94772289783572 1.54582609717407 5.09996234691996
   274 6.58041040617434 0.60431660478783 5.35837120965991
   284 4.38722256731756 6.19281878508822 5.42399886347027
   285 4.31409274758910 5.95293859479288 5.75517810321372
   289 3.83892774404299 5.03465409579587 5.34605565305742
   295 2.28137419122618 2.65844728994234 5.15574811034877
   297 1.56262560554351 2.85409968598666 5.67637599307512
   298 2.35770367388082 2.76171952112805 4.87496681798407
   299 1.89115856661020 3.06900559468811 5.61156589103092
   300 1.31411294468738 3.19393260615683 5.63862256521898
   304 1.79184041842594 3.31026532705025 5.57450950505629
   306 1.29702493336044 3.02796828682000 5.65110811615610
   308 1.82809875488100 3.50293556033621 5.22334115388041
   312 2.10718217892308 3.30051726603156 4.78311987860825
   320 3.71553944706887 2.23182777845642 0.21493185276294
   321 4.42784375713940 3.07579644180000 0.63068825570588
   322 4.15271021375186 2.13763839364550 6.98370464663550
   324 3.68626462065651 2.68254277237164 0.32570289361321
   330 4.06210706564075 2.92698371899587 0.21170461150087
   332 4.34737849540529 2.62365250333595 6.93536002203863
   347 4.09643747327174 6.70782715048083 3.70104382606090
   358 5.00042705746183 6.91794552216747 4.53538345493483
   362 4.63686042900137 1.57753435637876 0.49184355827076
   365 4.56643535253280 1.06138698921520 1.68915783635335
   375 4.36733960886237 1.24372092875973 0.65527880413196
   378 4.30011502578625 1.08394665875458 1.44708098829992
   389 6.32542912731349 5.34972130795274 6.66283712240012
   390 6.38770254512501 5.37861850954173 6.11121603456746
   392 6.67954273283192 5.91239806501879 5.91855815193563
   413 6.60925012901852 5.09018753106559 5.93813376346161
   419 6.48633110936863 5.04009198445406 6.82831056679565
   429 0.47270807176549 0.84051273023058 2.84055469459025
   430 0.40524714849653 1.15045688787356 1.96764511775141
   432 0.25886642567031 0.96871928219275 2.20536114563263
   438 0.95336694455256 1.80090223283352 2.84596826979064
   442 0.85415806980519 1.19229527144375 3.14999145605852
   453 6.25562365199947 0.50318901476294 1.36098013576777
   462 5.58336647272445 0.69369138518033 2.35648756494147
   469 5.05766238085564 4.70658228173662 0.87022359509718
   470 4.91672889643865 5.77809469711166 1.09202463063281
   471 4.67257282442006 5.45473665219671 1.05242301878938
   472 4.54123333748060 5.38375516944218 1.59419228345971
   476 5.40218548986785 4.53858707346520 1.23690134483604
   477 5.92360468994154 5.41992898834197 1.14812933255239
   478 5.48728958629452 5.51963216883693 0.72721628447619
   479 5.71449892202209 5.60153317726310 1.59651141073925
   480 5.97233462436525 5.14107305280365 1.10721755516389
   481 5.41844564508294 4.60933251947207 0.90932157519639
   482 4.93288269399407 5.14926396456068 2.10145843664460
   483 4.67865636326444 5.06868629220774 1.78586559248251
   484 5.71644405539763 4.78032545992499 1.53435609342669
   485 5.00954912289443 4.62401546899260 1.26039530324751
   486 4.98041203141782 5.05107183822136 0.71411818496283
   487 5.43419294315958 5.25015678199871 0.59269658230903
   488 5.70944929227780 4.95957792078459 0.75365162295726
   497 0.20443750648605 0.69117790492341 0.94521955293636
   509 6.64458834746634 1.26265512193310 1.00226049802073
   510 6.43282947819315 0.78449160486044 0.90583432541304
   514 0.81739884731061 1.52301092542099 6.16836226080058
   515 1.49962231444819 2.60501610810882 6.10998019973331
   518 1.40458300327881 1.44305800073996 6.85517216767242
   520 0.89011678852133 1.83989047854458 5.88847568660059
   531 0.51519678413214 0.73807110302389 3.70621321298496
   538 1.28685193349304 0.01382518690889 3.57771351385583
   539 0.93748133831561 0.26919332747870 3.93768695161987
   540 0.80894498143412 0.24572478650212 3.92412223565959
   544 3.20758543093732 1.78391624636471 5.08435700907998
   548 3.17738316907729 2.53028723589506 5.47445525130593
   549 2.39361637731124 1.55066335456565 5.13059740500658
   553 2.99951767534675 2.75306992059313 5.38029676376291
   554 2.69703950834611 2.66481491244512 5.52898884210441
   557 3.36840745630614 2.26956542048692 5.11595859243998
   562 2.19505724815534 1.78013623763743 5.27915268990387
   563 2.70759807501081 1.48910706936877 5.44889921000058
   566 3.09852679304143 4.42625483954490 4.99870746890405
   568 2.73800936516606 4.50916450005907 3.73262430483467
   576 2.24032973779268 4.34109971148009 4.32393902399324
   577 3.41675329297304 4.74054606987759 4.04212781392150
   580 3.31765312442518 4.42492838809308 4.22890863571725
   585 3.06492400845679 4.64415766031459 5.13294110905131
   586 2.43994894402020 4.37321812225034 5.07032708287360
   587 2.62229009306202 4.66067448100530 5.23063588293281
   602 1.10414847755702 1.79956027811959 4.94888322373805
   606 1.44987252427253 1.20669681456661 5.28826853870990
   617 1.85600947882758 0.97070669840982 5.14161436553441
   626 1.77073884125623 3.07070926476128 0.43778451979347
   627 1.52245212711327 3.41976830147798 0.75270533998665
   629 1.79484319656835 3.53900792664963 1.08756711364459
   641 2.05848426143527 2.39615507192598 0.85509116570756
   643 2.04938591620991 2.62821303518333 0.56111520460519
   644 1.79584267254230 2.47887032647915 1.71870523416067
   647 2.42770456758414 6.56043376176634 0.49587017221589
   648 2.19655149623749 5.88675234824007 0.79486284861703
   651 2.02921500391635 5.67368779159736 0.68618651800931
   655 1.54138467427132 5.68589428158091 6.83409625346983
   657 1.71921015685212 6.58574170425882 0.42474950862817
   662 2.14526769740268 6.45365976098156 0.68235268954727
   666 3.59105832609953 2.62753812183405 6.02794937463448
   668 4.34958337711250 2.77070574504504 6.58872071654903
   669 4.07291256191613 2.28651305304819 6.14769666891571
   671 3.60362823265421 3.13925962281780 6.27768052573348
   676 4.02223300251155 1.99562896741555 6.25776869850113
   678 4.05280607066238 1.87492115554725 6.65540153606120
   679 3.57502827389097 2.70607022947852 5.70759254786914
   681 2.73729330322048 2.45720349059670 6.52777749323651
   684 2.78652997415756 2.88721200811224 6.68875932669477
   686 2.49491963407984 3.48617870913310 5.98163808873459
   699 2.34770031937167 3.08984540907201 5.94258262897379
   700 3.71686637681633 6.65075842093054 3.67863797362303
   719 4.41238963223178 0.18842168869369 5.56549518676396
   721 3.82648606459805 0.19367530076752 5.64015995606212
   722 4.79539520224079 6.87529831947736 6.02002493228474
   724 3.99800355033215 6.62799585135369 6.56356206015426
   736 2.98253503797422 5.74516282357999 2.31036610940884
   739 4.02108210673311 5.47788938837617 2.95907595711407
   741 3.59117827567001 5.61570255800405 2.20148266438781
   742 3.79162012587973 5.91714606546144 2.44835393730146
   763 4.61782859446947 0.33798745286979 5.41114020199054
   764 4.46525796271920 0.39580725854194 5.02124750525487
   769 4.65240354698826 1.66206983691575 0.10131772899827
   776 4.91541359207422 1.61805427390920 6.91152898132951
   782 4.81888838127203 2.91835388877802 6.41940523421889
   783 4.68969015686810 1.46780313721066 6.69732715264766
   794 1.79439357423808 3.87161379161096 2.18593744392911
   795 2.07484928491996 3.52574659137051 2.26941926864300
   796 2.89068860221597 3.87879358022079 1.67496604135490
   802 2.71983691523589 3.42876114992293 1.26718832361640
   803 2.71061640233998 4.27072787020190 1.56204496099442
   808 1.90729798999090 0.01849365655914 4.99793014305284
   809 1.71283429232382 6.32862289179530 3.79958025161733
   813 1.31956921467425 6.94212401955348 4.72454620195420
   824 3.59726634052161 1.49844814400503 1.48559004401730
   833 3.49411678989354 1.82468082125579 1.74533250534058
   835 2.92670063478818 4.65321175289625 6.15893168767860
   836 2.09271016826578 4.17461652944200 5.81963746906565
   838 2.70078252510869 4.62659815108692 6.20119206249201
   841 3.13832982591954 4.35192310493017 6.30128997261507
   843 3.36704899264776 4.45922747252452 5.35724877929179
   844 3.38729751434276 4.15243380106159 5.91831132463853
   845 3.23830456192194 4.64545282162158 5.35753151188439
   846 2.11068686738430 4.07977614848308 5.41885224862617
   848 2.11894082571671 3.85021384709761 5.97457844807295
   849 2.16050970249640 3.71080296875139 5.81521898701151
   850 3.06010451001765 3.80549628275267 5.24679393338594
   851 3.26680506717820 4.28733423399068 5.11479878611553
   852 2.46309927817675 4.63224719124805 5.94156006158652
   853 2.15984943879329 3.90688117383097 5.41065236668993
   862 3.77691834592386 5.35679211759224 1.69513364672453
   863 2.61818280708860 4.71060712390148 1.84155861101544
   865 3.75417437838860 5.07990422031535 1.96433398983679
   867 2.44608774118710 4.98478810855538 1.72288856315275
   870 2.90269601474883 4.67379716639168 1.63216628928195
   871 3.40229802762554 4.70338102445628 2.01122932770134
   872 2.64400407950222 5.18481879247791 2.58530113326537
   875 2.16930517151211 6.16285797337602 3.29510466354660
   876 3.00309597375213 0.21820959161157 3.39505376913918
   877 2.19223908139034 6.50065496114950 2.86569610839131
   885 1.79722518173706 5.57163758358009 2.65256562250487
   890 2.12077656992289 5.28847023536777 2.98541502886007
   894 1.94633119312418 6.37718234132887 2.58121133743553
   900 0.71443948164028 6.00488549227435 5.89591714430588
   901 1.24288412372519 5.36312339714923 6.37241377416449
   903 0.40236626295348 6.35963022740824 6.87757415715033
   909 1.29746707242074 5.32727084111842 6.68427738200761
   910 0.82436794732965 6.51724883783240 6.86158335775501
   911 0.85749672247983 6.61537454835547 6.53522135710749
   912 0.33638313720472 5.80469364875995 0.02828151560293
   913 0.38685512898042 6.49291082859246 6.28294707459497
   920 2.27998796995734 0.66176118923963 2.39399549846535
   923 2.73505409916183 0.48911477622823 2.21117452571403
   924 2.50654590134330 1.14502573330882 2.25555658847344
   927 2.87314350016678 0.81094404707802 2.13684606898769
   929 2.81139326555579 1.17352148430922 3.48649953730104
   940 6.25246054013967 6.98514960400875 5.56369014225060
   945 5.34057223617886 0.67309834217467 5.64670320105231
   947 6.57738794753590 0.15681008217269 5.55493923516534
   950 3.89735869659484 4.74758695343199 0.76116951548638
   958 3.52901380396133 4.59480147885043 6.72305123418259
   967 0.74962685902873 4.27449425477453 6.82546878109479
   968 0.71996700210675 3.67781263635282 5.75920218800002
   969 1.21244745430679 3.54688572686667 6.65108622695473
   971 6.94276900231849 3.96162783508858 6.04890392111965
   973 6.92056699071108 3.74123818507528 6.68653342469929
   976 0.13932038528679 3.87837101672120 6.94366285976978
   977 0.41174067345724 4.36757692846924 6.77059729168910
   978 0.12220708608789 3.52211541001140 5.97921086370383
   979 0.82601149962128 3.77802636940139 0.02959471588916
   991 6.55042821683345 2.38332153227962 4.62074489513419
   996 0.17946118344503 3.24930333473335 5.09300862010227
  1001 5.89896897523635 3.39353717245200 4.34732234770755
  1015 6.43198765517629 2.62855757358914 4.98729757212151
  1020 3.00681438264620 0.74515549866103 1.56850584774705
  1021 2.49584996132647 6.82830630974530 0.95011698193394
  1022 2.95790362779152 6.88435468580964 1.65131302464155
  1035 2.74303704432859 0.31068728563732 0.36929030274607
  1036 2.63190702278998 6.81648522882423 0.70574186981121
  1037 2.93231696898752 6.67437915903496 1.45372415494524
  1038 2.76588441091539 0.19188727464375 1.65407387428973
  1044 5.67105573821262 1.16039409887563 4.01288595270649
  1045 6.22208845459478 0.14784524332524 4.13185641425482
  1046 5.90151122970694 0.19563492008418 3.73698355244331
  1050 6.42662729003043 0.64863996755737 4.42751109954570
  1059 1.97354007773656 0.60219516793437 2.17620944083773
  1065 1.31122757720394 5.22939393779154 4.98677268286213
  1068 1.32350454635581 5.60730425095805 4.96477188407197
  1070 1.41163393501425 5.09305909936989 4.80361308254989
  1076 0.77585377794849 5.88332416259941 4.76815886128817
  1077 0.69340404079006 5.59349844987915 3.67016912081553
  1080 0.94556909481067 6.05409055731382 4.41022175717923
  1081 0.97724897328193 5.68734710943531 5.02317037545936
  1091 5.79481037773545 5.10135213625676 5.72857831958220
  1092 5.23488099267616 4.97316914680314 5.65892766524010
  1093 6.17195404898870 5.21268968922836 4.76379961504501
  1094 5.56622167907307 5.40734229359113 5.58774115601894
  1097 5.58777275558649 5.58068254804727 5.31900762383437
  1098 5.65285776033090 4.90375447825444 5.78890163810498
  1099 6.24494331504162 4.81981137445950 5.51899750413243
  1100 5.78996453242316 4.62513734431832 5.67822356320995
  1101 5.20947106483787 5.25641549521511 5.57667217892597
  1102 6.41777712267324 4.85958059038549 5.15729224125263
  1103 5.14266464006651 4.74658872784479 5.45858001453421
  1104 5.47273128388451 4.43518715086635 5.41165868499262
  1106 6.22214482649598 4.69990315737546 5.52515345640735
  1112 4.02280382923589 5.24380974660504 1.59954899888712
  1114 4.42441586094555 6.10991191276983 0.71936471588342
  1118 4.84740084845532 6.05744651766797 0.97036154295330
  1122 4.29142423344383 6.28068516764971 0.83047554093204
  1126 4.72914334966394 0.30878746508294 0.17244095776220
  1130 5.05842218537941 0.31219726472732 0.10565742042991
  1134 5.36385234030212 0.44349389294066 0.51250760782173
  1136 4.33469094997480 6.76106811528076 0.23547708557764
  1137 4.19448927227267 6.77147352045008 0.50412415180107
  1147 6.82319087184958 6.51629141914562 4.97691985105311
  1148 6.75569741501084 6.82123814922122 4.19000322463020
  1151 6.93173719861777 6.30660356452345 5.04833520893917
  1153 0.35141164804826 6.47496890575784 3.75753788423635
  1155 0.52533644221308 6.79085191986681 4.21352344346172
  1156 0.84873050536993 6.47609243057090 4.52740057751013
  1168 0.64032853698277 2.88220068384295 2.14182248880545
  1174 6.47563390708118 2.81765558414796 2.83015389062253
  1178 6.68656872984047 2.25224134811296 1.76767008411785
  1181 0.05104585396918 2.54456546049029 1.58776929478546
  1184 0.56930380513593 2.88491551800610 1.90148300511044
  1202 5.51509528815592 1.58487491220946 4.89308715365181
  1207 1.74258705961806 3.31767658825080 6.90239391796669
  1209 2.64690631946026 2.96188236589025 0.26307368200816
  1210 2.36209990078121 2.46946547984436 0.39628035870781
  1211 2.41328083009405 2.13403321520608 6.90193981640741
  1212 6.12769874565867 6.47754775761386 5.68395375179442
  1214 5.24139533534220 0.18987925871322 6.45047260250170
  1216 5.95881408125905 6.64490305370992 6.47417467389242
  1217 5.61999384403481 6.24735617996938 5.74172934701282
  1218 6.27301280704529 6.69053866349419 6.08737801150635
  1221 5.81086941635600 6.95562343959480 6.61079999168863
  1226 6.17978500386961 6.76226545261331 5.44069881293638
  1227 3.69416152959155 0.80280236950761 5.97920919624868
  1244 4.04392661515815 4.02958824776124 2.30185962670676
  1249 5.51453245036196 4.08538562084866 2.27525430943308
  1255 4.38610058305336 4.34105008432564 2.08516302274553
  1259 1.24464326371989 4.55391032983325 5.80354096997468
  1261 1.20547402850497 4.80288139602396 5.78272395312888
  1265 1.46199156035744 5.10141641441899 5.15016618289247
  1266 1.53486836567157 4.27239856214348 5.20161867184121
  1279 0.48425265099427 3.49198608463036 2.75298161924006
  1287 3.20555229615004 3.85762525035411 2.87457001614588
  1288 3.87623613628290 3.76163222556668 3.72444266108268
  1289 3.45004322423090 4.14780413056467 2.77013456850683
  1293 3.16488575303001 4.55042748814977 2.87875780467225
  1294 3.62246940206888 3.59867115152865 3.25216193521908
  1300 3.63559024814747 4.18792292751037 4.20987770573073
  1303 3.63976636128382 4.69943938497755 3.24407898116180
  1304 5.49833128043923 4.16990143748674 1.33857675155670
  1309 6.51254770153158 4.86270023668134 0.48040187783506
  1317 6.65537329941229 4.99664559087044 1.15722602306036
  1318 6.35111809058776 5.46555277381597 2.35683347106044
  1323 0.39869017447114 5.13290039058649 1.81732790739164
  1324 0.50075256727044 5.64502192289468 2.91103830085396
  1325 0.70609362995324 5.62709684982738 2.47598921451608
  1326 6.82917386121777 5.12490473364063 1.69827465930700
  1328 0.26093925004866 5.07131105966869 2.92195935116317
  1329 0.06845320893871 6.00167788750362 2.76848051130812
  1330 0.45581839594671 5.71774081072843 1.85079208170077
  1336 0.37574639139850 5.43384544987854 3.04410302439973
  1344 6.56870746567014 2.69789368864170 0.33505295218844
  1345 6.66107152307962 2.80051805798026 6.81245122388475
  1346 6.81985651850342 3.89970332128666 0.40969594931052
  1347 0.35215910156117 2.61922759186684 0.50209115786577
  1348 6.91535402127211 2.67970762693562 0.64578945716037
  1349 0.25128880511528 3.47530842267107 0.76397103884740
  1350 6.80391655081513 3.06465423704306 0.84866784845911
  1352 2.14439230447207 6.54113695209220 0.88945367582174
  1353 1.07291390944029 5.62301777075411 0.64779078343250
  1357 0.81356573879476 6.08967073722355 1.13637022550758
  1361 1.61919336830111 6.66653612440760 0.51056038593556
  1362 1.34657494193688 6.48949615804648 0.46393592366328
  1364 1.81821179804709 6.70716096733623 0.96007781104864
  1375 0.24890018090217 6.12254868415417 1.09644523003890
  1376 6.70222426050579 5.04573351603832 1.17976376307312
  1377 0.37672453915725 4.87548390743352 0.95815766455389
  1380 0.10776807599029 5.76618731055499 0.71566626158205
  1382 6.63102366080669 5.26278923636606 1.11889049511760
  1386 0.98518199199579 2.30593373264506 3.74219530173047
  1391 0.60843006379165 1.73496822459094 3.11021978243939
  1401 6.26627298642377 6.17807525258052 5.57851655992279
  1405 6.41467774263168 6.50126300527446 5.12634548350250
  1406 3.66603651713185 0.96350010194594 0.32696630246253
  1409 3.77931387927506 1.01519294763828 6.90350167193253
  1416 4.37520960766109 2.51655972613318 3.39024339549525
  1419 4.37125513454894 1.97523418995444 4.47373274786477
  1421 4.87122578594771 1.99426770947296 4.21964085302215
  1424 4.91934170663982 1.50098394397054 4.06650526295179
  1430 4.04448676287427 2.32039122635635 4.24004182558588
  1439 0.08812608268875 6.83602257551823 3.10968196864440
  1440 0.90649727531468 6.54763648443935 2.19845650681148
  1445 0.49737465109717 6.79483920944793 2.28049585726184
  1446 0.13204150266622 6.56821616066913 2.37204011042944
  1447 6.93845750970194 6.65290566704846 2.87471868327726
  1448 0.10510078038295 6.60943402241388 3.28674052129798
  1449 6.93170853542426 6.45221087914969 3.01380219760189
  1450 5.80833615186511 2.36639180969273 3.05414264614519
  1457 1.47836772680267 5.41798037264378 2.61195749252651
  1459 0.64518718628107 4.36850202629096 2.16888564939552
  1460 0.63592230300893 5.48293117610563 3.23005495558117
  1461 0.51430919805185 4.38388368201371 2.24124574982618
  1466 1.43084468227023 5.38446152875069 2.43589732307292
  1472 1.95714881846197 5.02515694389095 3.09891680108594
  1481 2.34046730348643 4.84745602676019 6.06315551240302
  1484 4.65833401155813 4.45860366679246 0.48213256496281
  1489 6.10423575699810 1.54652641037297 6.55850039155295
  1493 6.75355442373521 1.86954459445009 6.55990483843527
  1496 6.03388714103591 1.17318891930485 6.66963352626578
  1499 0.31448641314464 0.89260828331977 6.83385541098734
  1502 6.59368804600647 1.78071182563877 6.76335918890709
  1504 6.12463254963484 1.60644688135845 6.25959552663080
  1508 0.32200505545001 1.55635206858720 6.67439374454394
  1510 4.48731814181682 6.92997639728680 1.49525762313812
  1511 4.66359885509905 0.13209646526478 1.80433433221287
  1517 5.95013020423987 6.36900617640813 2.04425680438779
  1521 6.18525206491151 6.55563609352462 1.07297951538038
  1525 0.16049719169345 0.07366061936235 1.82071595820615
  1527 6.00504070822354 6.13815217859733 1.66873620540991
  1528 6.86825648546171 6.59035134747018 1.35900353278416
  1529 0.17324024532916 0.07546688045304 1.64013479252804
  1530 6.52505335833915 6.85862814801451 2.31338756953472
  1532 5.50670297413293 2.57624605294370 0.89858870294114
  1544 3.01404924916858 3.48401964148103 2.34124603604627
  1549 2.46654721139564 2.30889897625983 2.16103454395785
  1559 1.84630538979144 2.31889023051225 1.86591639996508
  1563 2.37150715554516 2.26837442751644 1.87175536206733
  1566 5.15110004677013 4.76843531345551 6.63285106857066
  1570 4.97582870919702 4.35621746687382 6.71844840188139
  1571 4.63275256598531 4.51290318471016 6.05397735682178
  1577 0.93303465767954 6.09742079782140 5.47338610038313
  1580 3.82294518069096 2.26417268327555 5.21394455433547
  1582 3.64102532113279 1.23694673518849 5.80851770433161
  1587 3.91520702492067 2.51144832558509 5.54348932983414
  1616 1.02903696326576 4.23218746222424 0.68793481821526
  1617 0.88448453671923 4.67826300840562 0.21064324987230
  1619 1.84262392428704 3.78085201223581 6.75448767709482
  1622 1.63262205265299 3.53381884385815 6.89429515886405
  1624 2.02211492780186 4.56782259993897 0.30408874188501
  1639 0.72843847972301 4.11101709690504 1.70029355884221
  1642 0.42967789004129 3.61685928162270 1.00973521986442
  1656 5.88001824080439 1.97031758614248 0.78457662400885
  1657 5.76092416611278 2.03479715094958 0.97176133731323
  1663 3.73779016551725 6.80116269648765 0.43274977696442
  1666 6.14419161038453 2.93681767426016 5.96183626233220
  1667 6.13117549606588 2.83976917697950 6.11037341927503
  1668 4.80938988978607 3.39803328128175 5.94808443174218
  1671 6.09464453907380 3.39459621742900 5.91971849560660
  1674 4.76013540633548 3.30581126518712 6.36889517946146
  1676 5.81306847519779 2.75915292237466 5.77124529589870
  1677 5.42228383378519 3.08795418584297 5.54619086007341
  1698 1.47176033264331 5.01746308709380 6.07428906156570
  1699 1.65811914347712 5.87470345931500 5.39815656641036
  1701 1.87652141583834 5.46920636492279 5.62609662535444
  1702 1.86080902626707 5.43068860340312 5.80977484394677
  1703 1.34189440726478 6.17031694903651 5.65211616441643
  1709 6.23681088250890 6.44217612476343 0.72814146073043
  1717 3.70492365975911 6.35901277250181 2.47785690139424
  1719 3.54626650990343 6.77453032788561 2.18880471275260
  1722 3.88976446839052 6.01883400274926 2.36993900452179
  1723 4.28082973312612 6.64920198854619 2.66796055534149
  1724 4.35091562137880 6.06437856326479 2.50725244985328
  1725 3.92437630118552 6.70699112257571 2.65158106573428
  1732 2.39115097525190 6.04498490511376 5.38266164406784
  1736 1.94571992649999 6.12147684448195 5.25718308137512
  1742 0.00598101554500 5.84673566707461 0.56252554884472
  1751 5.42856867041879 4.65467785505216 3.28472471693796
  1762 4.96520566285527 3.64511994731883 4.23044143771463
  1765 5.17404030877776 4.79212300289148 3.55353533583605
  1769 1.88373258011956 0.64459016854331 5.46845548418835
  1772 1.36994793343733 6.87285909558597 5.42075303617479
  1775 2.31853109049325 0.58606258964837 5.84190673515872
  1779 2.20515902357046 0.66982538083456 6.09609670344963
  1789 5.44041628019575 5.14543306056080 3.33541292719524
  1792 5.18635701334997 5.02246187642618 3.55033751408190
  1795 5.45702653278298 5.67536111853280 2.90502678161364
  1797 4.37537148515778 5.34153255312547 3.03213254939610
  1798 4.88107759428066 5.69786044108257 2.65765286681568
  1800 5.32816721821262 5.19308119423462 3.82285101397424
  1804 2.81910783591407 1.99363571112487 1.46520655527647
  1806 2.54878040271546 1.94137152136690 1.80947319498717
  1809 3.06310071726219 1.84936681907579 2.39508022484231
  1810 2.69681409050139 1.93152097001579 2.22197361724584
  1815 3.06488105716639 3.32507691241185 3.99576141639293
  1822 3.61305275145793 2.16475204626458 3.63879072905090
  1835 5.57567224599842 1.84308348049921 5.84825580154739
  1843 1.97086267127624 4.84044265371273 1.65651548063110
  1854 4.23333750161532 1.02305089621371 0.45718224064950
  1855 5.00653707836170 0.46664630431159 6.79791923890649
  1861 5.86186427624469 2.51361803816966 5.33009835385638
  1862 6.38681746535707 2.50938022816554 5.18157174450198
  1867 4.73965380414995 0.79003185724526 4.58387620011534
  1883 3.43497993834421 2.12540068146168 2.63011936248713
  1884 3.58476288340642 0.54166835297383 2.92731986474669
  1885 3.86632458245806 1.72235531873073 3.21272589819497
  1891 3.98792762905032 0.89210417488756 3.03315954817496
  1894 5.20018584940847 2.11757989643407 4.46838389025499
  1895 5.27398035396902 2.61831789930194 4.76320543171064
  1900 5.14655933992257 2.21327424528562 4.83444565954867
  1901 5.32432382373073 1.90516843962983 5.09878354545496
  1904 6.32821593807290 5.44447137724995 4.68129757607863
  1912 4.55168271433014 0.81456491285333 4.92651207721267
  1913 4.77887558958860 0.77023987736678 5.47828244740551
  1915 4.75128405370669 0.96140201108270 5.19325781515344
  1924 3.47311492432483 2.71758485724785 2.58265988996055
  1926 3.68826280589751 4.07162962334581 2.18724693793967
  1927 3.56582931216418 3.83788693182487 2.04094809873358
  1938 5.82263902534965 6.21923049147262 2.55907752523907
  1939 5.88578310085001 5.84733781968473 2.67197609823496
  1964 0.26781644399876 0.85583769941964 3.98975040721764
  1965 0.75479706844630 0.17784619348682 4.14499171883229
  1971 4.84476266100153 0.20101328782922 2.73961397797765
  1973 3.88782707398404 6.91859031211532 3.12920104174663
  1989 1.50572260819147 1.89852202120003 0.80744458500198
  1996 4.20950376026870 4.95271557293695 3.04340891644174
  1999 5.98801771004050 5.80308747167735 1.64384362112158
  2000 6.01183728909669 5.57173872066719 2.32936785523019
  2003 3.07947737282393 3.06808838105034 0.46815091676622
  2008 1.61235323903115 0.67166965341206 0.28540027497505
  2014 2.41646903205469 2.38802611138619 3.35826650600881
  2024 4.37448874381527 2.76706380338075 5.12287106086934
  2025 4.14446138999981 3.44624603127608 5.00358374451423
  2027 4.36211480711915 3.58768665227214 5.69795110213220
  2029 4.32286929522926 2.82049600277416 5.32554085636211
  2030 4.13106995407990 3.28342423962019 5.37424830798724
  2031 4.67946974299733 2.66837866003894 5.17882301567553
  2032 5.12478389956480 2.84135794992389 4.86079797433932
  2034 5.45552318390304 3.29872962643606 4.86837914379524
  2035 4.93270301807808 3.49977390652820 4.56371398152491
  2038 5.37912937559441 2.96291565081840 4.97872866692834
  2043 6.12967970005722 3.73227522967210 3.03514349376092
  2045 6.17336159488048 3.28701874799875 3.18331563167476
  2057 4.51980229300649 4.87151664167298 2.30492077247305
  2058 4.21271445374081 5.14393866318041 2.91364431154084
  2062 1.58262215326985 4.88457527334451 6.70539445533311
  2063 1.57897304568033 4.14939283767074 4.17257819832305
  2071 1.49258422295543 4.28870631563316 3.91979305921765
  2074 1.34312082607306 4.03647291699698 3.66899426182988
  2084 1.50449955709849 4.49034430203618 6.08236184138107
  2085 1.61753862174497 4.80691989001756 6.21597902316849
  2094 0.28527430897243 0.47273119122597 0.36914532477326
  2096 0.74635482814283 1.19491595500874 0.29789938322414
  2097 0.51630114389600 0.81238472097009 0.03162395279055
  2100 0.63855965012687 0.04746704684674 0.46331179427367
  2104 1.29344627235466 0.93289879673822 0.03350520857906
  2106 0.95651555527646 0.19853204812936 4.20521554828413
  2109 6.77839574052583 2.55435281895507 6.51095187515823
  2110 6.58051383713408 2.69628549941267 6.72460542669332
  2111 6.35019958828222 2.29173208131208 0.05025428651813
  2114 0.21213049577242 1.81217856910425 4.52929181856717
  2118 3.90516451106261 4.58824649967652 5.37660999672269
  2119 6.37914771047406 2.36418357399469 0.34073780562783
  2120 6.29644400404443 1.89310894503217 0.92407477174485
  2121 6.85017435925496 1.66394424749955 0.53628400215751
  2122 6.56265934442597 1.42115773760283 0.79059661231256
  2123 6.60570215201233 2.12160749250791 0.65332939872594
  2127 0.71217243096565 1.94712473223801 5.01147496913829
  2135 0.52717320462129 1.97259770294221 5.49455066094886
  2141 0.44282701598853 2.42530214867491 5.58997915354768
  2143 0.65080030748614 0.76864718723872 5.11924116414074
  2146 5.55188595518356 5.81652521270340 0.42474053652785
  2153 5.58880805044836 4.89483157956573 3.18854471429888
  2160 6.32091565781006 5.22483437363949 3.69930148683779
  2161 6.65428705090724 4.83217525340290 3.99620290572880
  2162 0.28367275812527 4.69686179893531 4.08836460567843
  2171 6.80379855820558 2.58497264112738 1.17652076101941
  2173 6.91776908589995 2.47010092457351 0.79957344332412
  2178 5.73523272345771 5.86033270335100 5.62125504510767
  2180 5.95127790656237 5.35831650502509 6.02474679815345
  2182 0.51374204693876 1.54639994597391 0.15475909692201
  2186 0.33017917211414 3.86972174028306 2.72768215905489
  2192 0.24756977766651 3.96970012032377 3.04167930210176
  2203 3.60862079763162 0.71217218860994 4.00578360179182
  2207 4.36536119775798 3.63452064997697 0.56421859695535
  2218 4.02157895691397 4.16780349132701 4.84400711499093
  2221 4.40022058764962 4.81494284918969 4.79674183780285
  2222 4.67009043953257 4.38298619854571 5.80203207474737
  2223 4.29919531881297 4.41611990680354 4.50197771329306
  2225 4.29038753646815 4.30214087744033 5.66739420114187
  2227 4.06828606819147 4.50085167247260 5.23775999468668
  2229 2.49256345578485 3.58179180278035 4.68465050638664
  2230 3.24759121303667 3.48501304407086 5.10466946169328
  2237 0.86003921102113 6.83849746220781 0.27704798900856
  2238 4.82878199615375 2.18723218480741 5.01745024999575
  2251 0.72684924087857 1.37767566912574 0.29953938402940
  2253 5.56288131302895 4.75226442121699 6.58221899051355
  2259 3.70606869281381 3.58204369642763 4.80478178640322
  2260 3.73105731691710 4.07052885602809 4.74087266959560
  2262 3.63877723828557 4.34719164176060 1.91519417532748
  2264 3.73615228085183 4.17551030005809 1.13937174545495
  2265 3.46127362133384 4.16374219023612 1.63483845867690
  2266 2.91967618235369 4.45083263869174 1.50652292148937
  2268 0.63540549373926 0.65856108062904 5.07507478889896
  2269 4.37922354053784 2.04632408333545 4.81874205202781
  2283 6.59316943079967 4.58820870934913 4.18272780209029
  2285 6.92733274672657 4.46851286593651 5.06345417826992
  2288 1.39465859561517 1.40851586859420 6.93100600388541
  2289 6.54429532311751 4.12548074576225 6.10228493811564
  2297 3.05891308135587 3.31631277756642 0.60067315307316
  2298 3.15081013925712 3.26434373275602 0.98298601322898
  2303 2.37641919340716 0.61902121071831 5.84392360732958
  2306 3.79634877168104 3.83154484168242 1.02960080535166
  2308 0.94761202101001 0.34869800645189 6.41343473037531
  2311 2.34936725324518 0.74755284618624 6.10552687583820
  2312 3.42870083961546 3.97396219917228 1.67793995443104
  2313 3.66935189611413 3.63728014828831 1.23758381414527
  2337 5.33327669609523 1.75292948119853 1.06414344499048
  2366 2.83890241500495 1.02581665858110 1.19013167665407
  2401 0.65952771817611 4.32231831395507 1.10726192015887
  2402 0.37696378443173 4.01359172333281 1.18112022048338
  2425 2.50392313158681 5.79898783530897 5.52861911891438
  2428 4.42272857313374 4.54782577772109 2.78308168175722
  2430 4.56899721160644 4.61933809308464 2.39717200715849
  2436 1.90847359987627 0.01908342450395 5.11508692614321
  2455 3.13550896089695 5.42363244783526 3.58227072859466
  2460 5.55907987850798 3.92718895703394 2.39958176097772
  2461 6.12263342000952 3.75553613968951 2.67161724660871
  2463 4.87760430164589 4.89691333689416 6.11383274310746
  2464 6.18846901371101 0.73892849426239 1.21483885565125
  2466 5.34418281916174 1.32621792813624 4.29399482779963
  2467 5.52002971000156 1.66065774643794 4.51577483575068
  2486 5.11189429574246 6.08415551645288 4.05390076503202
  2487 4.96156619876721 6.37773340237418 4.45385137015787
  2493 2.35417665134741 6.76116143367555 0.07036642360464
  2495 2.18639230228090 5.59090955506790 0.63594327512807
  2501 0.70161320659774 5.36634133765595 6.28513629567755
  2502 0.53868554982913 5.74109016031087 5.99252461359582
  2505 6.61657441948627 3.13196094924355 3.88818461332550
  2506 6.69270974544894 3.22336315752433 3.51009652175408
  2507 3.26750185602582 0.80801782193664 1.45568478195480
  2513 3.46429831827548 0.25653705883075 6.91551846789488
  2517 2.02038397132102 3.35684063630033 2.58394029783946
  2522 4.12805351357709 2.25762949817250 6.06930793848674
  2531 1.58922181986914 3.90581384267126 6.35964809636660
  2533 1.40064042488950 4.29675961107174 6.33599202404000
  2540 3.12625575480077 1.77755806777941 3.32357658607039
  2541 3.06773029787190 1.91493204725648 3.19782327376374
  2546 6.53680415881418 0.21492269358904 4.08054588406881
  2548 6.66637579867856 0.47605990149493 4.25373218606525
  2561 4.31325138494350 3.70719939302922 5.02517136586587
  2584 4.14904593077299 6.32196860895240 6.54992314656549
  2586 6.08644594868209 6.13549117074751 1.78854813302125
  2587 6.10626134133780 5.82704138230135 1.82612323685074
  2588 3.45627462448424 1.71788950031907 2.18441737213459
  2612 0.45043302401713 3.39941640567812 3.20216195870496
  2620 0.78253397104649 4.71608402771691 2.02682539906711
  2621 1.40436838665856 4.90851941668869 2.25826482199941
  2624 6.01675731830253 1.01708718708227 6.43397000292117
  2632 4.61263318618608 6.91842380185261 1.19067968533509
  2645 1.44323660349082 1.76070232418236 1.68349036368065
  2652 1.23925309281050 2.27203311302789 3.84963193024016
  2664 0.61161027596009 6.87074258081590 0.44645725212970
  2670 2.59384358187650 0.74340991231526 6.41136752150611
  2683 4.04514045396717 3.66178153546496 6.01677307471694
  2692 5.53906226597986 3.44814871233032 5.56171099497932
  2694 5.55400346873823 3.58824910044471 5.20460618984648
  2701 3.26365319650718 2.49209813165738 4.60566323231176
  2704 3.90158947733689 5.42355945493616 4.68524277640388
  2709 3.26943747878317 1.28272920588017 6.39199021435217
  2714 2.35871442803280 0.26845797264708 1.14319391324110
  2716 0.92811531333470 5.90354205895023 1.44793629330504
  2732 0.83823774524245 4.31944556690102 5.89305139515078
  2733 0.73876745224240 4.17259164056133 5.74596933106622
  2738 0.13399161229801 4.41622817562736 4.29236769916423
  2739 0.24816904841255 4.33457088055451 4.70412455462489
  2740 6.91143829709192 6.86478292840684 0.13292084051027
  2745 3.51651260758224 1.07015304027227 2.14669150764999
  2753 5.73140878902318 1.84008152451088 2.53159590776361
  2756 6.40765350062397 0.97262065521461 0.03396044311257
  2758 6.58029036962950 1.83616763281506 6.22297188606073
  2759 6.64774201148142 2.56130623597892 6.20007171360736
  2763 5.16467261098547 0.85282185073348 6.67113343863573
  2778 1.13071775239136 0.37494460201365 4.57432328176216
  2779 0.42037524136544 2.29065580652534 2.73806341556337
  2780 0.61156061739429 2.30599312309011 2.40605758443509
  2795 2.83079170227122 6.93038162701834 5.21417684597302
  2796 2.87124722888210 0.05978609862333 4.78957420256916
  2800 0.61213973146374 1.83742402609341 6.74564459696076
  2802 0.68610844011534 1.83844630945300 6.94400244946513
  2803 0.91737621855993 0.54854616870133 5.96272297020808
  2812 0.70331485880304 4.94667887021728 1.44814620784883
  2815 0.46176413416883 1.68323964235182 4.81543804158001
  2821 3.96189699386786 6.46674453983944 5.23017527374126
  2822 4.07841150630491 0.09659939180953 5.36236274684524
  2826 3.57482648950076 1.22488236382656 4.45903323055232
  2827 0.85667600931152 5.30966914755040 5.06948345599371
  2832 6.64509225480159 6.67998964067471 4.24961091105972
  2833 1.38473952981779 2.16911093226096 4.82273409149370
  2834 1.51305290018383 2.17238801108586 4.59436585097708
  2845 0.54724150489854 5.32265573990431 6.76866324111874
  2846 0.25761010865272 5.72049899864241 6.90287132549184
  2854 1.24445090806429 6.09197837129691 6.04509757435555
  2855 1.47760236874122 5.74949917367535 6.23855430276265
  2858 0.43359611581578 6.52436902732401 3.45400844433981
  2860 1.42437283651180 3.34600631385111 4.54724536102733
  2866 1.02602028459500 1.82496104064336 6.96260251738799
  2867 1.10684050019845 1.63927132029630 0.11611712870858
  2870 3.15985842827843 4.85643846848495 3.74836090340288
  2871 3.38164410431217 4.82353106285364 3.20283158709403
  2874 2.05008034199248 6.80615242892439 6.98516227470510
  2878 3.75774951493045 6.13845597856469 6.47249340824390
  2881 4.15961284153071 5.16133711642564 4.28674618816893
  2882 0.27749695877512 3.12466464668192 6.35831499632334
  2883 0.15995103163809 2.78375017285554 6.28873018454913
  2886 0.87882169590241 6.25918704650012 1.12434798092433
  2888 4.76486283069751 3.23342021982722 4.54453310047578
  2889 4.30088991515322 3.16106829870660 4.78562788524607
  2891 6.89123420108132 1.94740140616042 1.94074331026990
  2898 3.98376584056281 4.35020365901623 1.15294845307834
  2901 5.95952663326084 0.01905931491427 0.14463803052516
  2904 5.27463279747676 1.03747207006492 4.94459908062636
  2915 3.58643238162849 1.39806099140444 5.18187639550603
  2916 3.72270840521726 1.15070152769745 4.87063256056960
  2921 4.50016978374428 1.01522491496530 0.84197224157818
  2930 6.00628799113337 1.72027558582085 4.33176348262769
  2933 5.50860132818303 0.43767619035526 6.22078558717206
  2941 6.48075267467875 4.87737843576296 3.48982128960507
  2942 6.32292388633688 4.71098767413546 3.33660423161960
  2966 5.66076521432597 2.74710961309767 3.06981729029488
  2967 0.61802261305162 0.29001885592002 1.26492269475344
  2968 0.53384501848831 6.96828662475999 1.42875136541936
  2969 5.28709188530425 3.78258926750783 6.62420456327727
  2980 2.99567734449108 2.89740812120884 3.82904176789086
  2981 2.61784876974579 2.87353677046473 3.61638632806903
  2982 5.79683797018477 5.04645094533289 6.85598032366431
  2989 4.24705832940228 3.45834228445801 6.49749466438103
  2992 6.28092667015002 3.98146943852103 6.60146347428036
  2994 2.78736699701905 5.27256329048324 2.64957581289158
  2997 6.04694209126164 2.22626672470905 4.08092277676477
  2999 5.67050246066633 5.63298406458878 5.80510024653485
  3001 3.67275148164924 6.12092794114614 0.93419071935775
  3002 6.55230794842144 5.40512897649410 4.15541544474251
  3003 6.45096067116776 5.15203615997498 4.07142491329154
  3004 1.52271983677444 4.74951991963349 6.79473832159625
  3005 1.06217916242427 4.82584081122945 0.18855461313454
  3016 2.75826196605570 5.24229646967643 4.91607881959866
  3017 2.47425601914967 4.98147799535802 5.09901539730387
  3020 2.61749111007220 4.20744831127834 4.94777120302174
  3021 2.59444650388857 3.93597782047022 5.05284317373356
  3026 4.09559999275288 2.58247307256594 3.55838879672368
  3027 4.26258305023470 2.64865289789172 3.83508860047649
  3036 1.87981261556276 0.30595376036920 6.52068142940478
  3048 3.07273481757769 6.58437804096114 6.47871717337010
  3053 3.50974765076482 5.79732388259461 0.82093684711840
  3055 1.23845976650801 6.78420152109795 4.50384999223697
  3058 6.53432114984038 0.34216861637474 1.18324053850567
  3059 6.61134508522979 0.58201018705485 0.89199856271501
  3064 6.82797116672022 1.47303631137176 0.05012903536594
  3065 0.28165037312184 1.39979589484473 6.90678525973709
  3068 2.16940379197247 5.39445167595368 5.79796298332349
  3069 2.17358500801359 5.42641152146380 5.64869313669268
  3070 2.15136510340627 0.93301606349043 0.38367771284436
  3071 2.06833535894318 1.39286968528972 0.25830045266696
  3073 4.33569297866175 3.40052005104837 2.74697676441669
  3079 1.01438729818607 2.39397757643839 3.45943287175279
  3084 3.65562372964498 3.37552068469027 4.50235324351651
  3085 4.05254294104081 3.06841586360883 4.49507376753070
  3094 1.53518835843340 3.78531711409135 1.70628040246994
  3097 5.30947218446380 2.01189315353189 6.72945774161705
  3098 5.59956777232108 1.83577915824034 6.87989468387608
  3101 5.34962723602166 3.84108981671724 5.22301940683403
  3102 4.83960008792434 3.73021795568028 4.72699292763024
  3106 2.80124303747607 2.23492314398413 5.81866755490717
  3107 2.89084533466047 2.21010502209804 5.81171932665249
  3113 5.78361612858899 2.19755087877210 0.08520039444023
  3114 5.89245688164575 2.29157609722760 0.46035898325351
  3127 3.59906830824276 5.73248498328094 4.04519104497491
  3128 5.11091732070610 6.30446914738404 4.64122137478554
  3134 6.11062335048181 3.41906884664909 2.50587175009703
  3135 6.14376366847006 3.09842953056668 2.93449143735782
  3136 6.97749857233305 6.34830225397490 0.67231525493021
  3137 0.20049089218687 6.64463988223983 0.26351757637376
  3145 2.23899167054311 5.18463867766948 0.77019375505085
  3147 1.02058160456677 3.76889732290779 1.84788674888609
  3153 4.36947520723445 5.06269089590047 4.72729846217205
  3154 6.47561287754626 0.18363648450316 2.78780243198012
  3155 6.53102022135448 6.83721531953057 2.71114809814368
  3157 6.03629442125722 5.74077667267312 4.80216775231767
  3162 1.51931225598334 6.52267004417149 5.64001136275574
  3164 3.32250700031943 2.06374994818283 3.18372525854041
  3165 3.41361113817317 1.96336035047874 3.30270763352333
  3166 0.61444018839282 1.49672895957768 4.70864816308774
  3167 0.55326857382674 0.80981047760727 5.07485595105331
  3174 4.95904825633372 4.91253165464506 4.90944529646837
  3180 4.99818757175591 5.88179189548836 6.72669190226629
  3185 5.48416859288486 3.46037612876416 3.64072016786845
  3187 3.05814727128069 2.39692723244999 6.49854037593246
  3189 0.97850334119451 3.18576111549345 6.24181463525873
  3190 1.07375397558197 3.43395314760563 6.03593527382346
  3191 6.67455327781344 1.66971384886834 5.97870486063357
  3192 6.83680935673466 1.97436029366729 5.57761802695959
  3194 5.46142723366219 0.56674843694088 2.66870950415368
  3199 3.07347718107145 3.57726285752180 5.66375584123259
  3203 0.54653471769684 3.57888602198563 0.06822095646319
  3211 1.27748216101007 3.76328606116226 6.35112265451790
  3212 1.12470165172346 4.16855795898211 6.33061277867263
  3215 1.33910923562171 4.35360248011194 4.60945642858871
  3217 5.61444937123093 4.18035561386826 0.59967622170366
  3218 6.04038180292519 4.33251422626976 0.31696256707123
  3221 6.46433160752888 5.14793456948424 1.00749013742328
  3223 0.37210527178366 3.91328202582951 1.43990353471205
  3226 3.15191984862321 4.97397254729126 2.66400946709466
  3227 3.38094827169467 4.96786919289200 3.13297102856416
  3229 2.35659507452731 3.62487545250548 3.26556912728816
  3234 1.10958022935128 6.04215466472659 1.63949904171408
  3235 6.49620651219043 6.85768525902234 0.38986938859330
  3239 6.39994657311227 2.48593883030072 2.85758321947571
  3241 0.63591736464292 1.78116538143813 3.76942742572296
  3251 2.32089106171959 2.36389713424875 3.49176596184027
  3263 2.35334616749796 1.49412974345996 1.67794330333436
  3268 3.56216326314229 5.39870184981153 0.92592770346520
  3269 3.91619153175219 5.23150571739535 0.98958216025773
  3270 2.84841014189966 1.66274923276528 5.69712155273662
  3272 0.66728959560119 3.48783245956411 0.78951907388554
  3281 5.56529405615804 2.67398297474515 0.65435176921396
  3282 0.87938106597208 0.80597591114728 5.87266881943156
  3287 3.73702241334627 6.99794311164146 2.34375833411967
  3289 3.50433926870881 0.53159603053219 2.64809921918890
  3293 1.77590632230143 2.36987468036130 2.11774146529703
  3296 2.89673691424102 5.43763227127071 3.86907772838832
  3300 5.96753511095917 2.71466834222274 4.23722321011365
  3301 6.01250066072463 3.07399360222281 4.04939053399116
  3302 5.49612689713051 3.64650598157495 4.02754168154985
  3312 2.58136327004379 4.82740112978617 6.31646128174894
  3319 1.55245699719601 0.61001329233853 0.81578302064694
  3322 0.17688879596065 1.45301898727278 1.70076503860418
  3331 2.55862197873786 0.06279033672174 4.57460596298315
  3333 4.81117402250942 2.45392464174535 1.91491585865938
  3334 2.75537280673012 4.83055406082616 2.51328515441178
  3335 3.09964457877959 4.81313119592046 2.60269194303265
  3336 1.88717043448749 6.49795231112048 5.41099888793791
  3341 4.23871086112255 3.10568593976022 4.07168780335237
  3342 1.07160933355783 2.98631177698199 5.30564644289276
  3348 6.99951525830812 5.84095880326321 1.70410975567343
  3349 6.70524601200303 5.48374722601933 1.65273439325111
  3355 0.23288390328056 2.34919518630064 0.75880163804202
  3356 0.23516136852035 1.71538390118338 0.58740501392657
  3361 3.33140343619275 1.46604553135623 6.17058645630808
  3362 3.25009935761970 6.71702968183959 0.83852826463347
  3363 3.45587613325828 6.42158490179099 0.67930397266108
  3366 6.17843692538100 3.66178653425883 4.45158516727956
  3374 6.00594004351652 3.39437780372870 6.62390921699535
  3376 6.07224478097034 2.94558344497284 6.43539635660908
  3378 5.80536937218626 6.73514032862083 1.24583343414484
  3386 0.37379607899687 6.99009594816325 3.08310321578138
  3387 0.25296538563710 0.57588047833212 3.16665153375694
  3388 6.44464554736224 6.70221951737105 1.02771587700034
  3389 6.47002978016702 6.59290018566357 0.73264752886303
  3395 5.52168548379124 2.78695075683291 4.90566727155847
  3396 4.44556931039806 3.79025200992398 5.57812169017996
  3398 4.49434307326513 1.50640630483978 6.85198310685449
  3399 4.25921686307040 1.07439805040851 6.96833786152892
  3400 0.64787520719813 5.85107450707775 3.87020781610870
  3401 0.49647615449463 5.66716473030000 3.87894537037440
  3406 2.46721539910520 0.75043686502252 0.83647236986057
  3407 2.20686336633765 0.89543111955872 0.80580827243483
  3410 1.93213752193377 0.95701296473465 2.15078490261954
  3413 6.18475747882262 6.54176181622837 2.91411187022871
  3415 6.90050740784421 0.85506097827070 3.89783952687032
  3416 4.08419091311076 0.24852201517273 5.05595314261649
  3417 4.01152708607816 6.92835547247057 4.70505907363943
  3431 6.40970468871893 6.19103577250481 5.24942987075998
  3432 4.56287555642327 6.32299735961579 4.43401324447946
  3437 4.75407184688920 4.97274893681666 0.41615641123825
  3438 6.50145880182410 0.77866217701627 4.95131933892088
  3439 6.76369936575889 0.66457077396974 5.15330351219946
  3442 3.58055855343134 3.19488279569553 5.65154082221318
  3443 3.25153757550849 3.29545479634912 5.47648463391272
  3444 6.71052418710119 6.33919304311790 1.78192213483287
  3445 6.87603942377019 6.70206354604796 2.11148725352342
  3446 5.48385207806241 0.77704896347714 6.28770967356669
  3447 5.39418191128042 0.93357135003471 5.99721306208399
  3450 6.98801929875789 6.53543379300732 3.77272660990893
  3452 3.95815492637212 1.77441873426780 3.32827980887032
  3457 5.21364692729531 0.13207084829346 2.63858610065617
  3463 2.92498121567777 1.55873169848170 5.45462478496680
  3464 3.43175006696012 1.23389353448970 5.40317389453773
  3467 1.00866103509354 5.70006624340936 2.50390615516682
  3468 0.85631719809895 6.02468225848275 2.18834868152419
  3469 0.41000484144268 3.57877423492343 1.37556042962324
  3474 1.05152462301619 2.61581552550575 4.82287382010578
  3475 1.24417207055459 6.98983508229632 4.37607599911596
  3476 1.53950507235580 6.86582055665630 3.77746790509586
  3488 1.63103246955083 4.05357180709365 3.26804121657190
  3492 5.79951254722708 5.53035043435926 4.91631524618533
  3494 4.69320695566271 4.25675858232711 0.10772346641649
  3498 2.24517830098371 2.52380684900244 4.62159501857687
  3503 3.40763081984191 6.88553997963712 3.60710647198965
  3509 1.91068562137955 2.87288822479534 3.87398625580047
  3510 1.95312016638055 6.53917732627849 6.55020906268519
  3513 1.59757557677795 3.44604321401761 1.51408189139054
  3515 6.21335350943019 0.78160363339154 0.51736882748205
  3516 6.21947796397774 0.96147343707471 0.42708724991528
  3518 3.39919456919709 0.89186909273802 4.34197311498065
  3519 4.05441525063481 3.21020447061996 6.59629769062516
  3520 3.90235521367775 3.27583246605662 6.99018115283212
  3521 6.51012693551976 5.67295670101535 1.88777375741862
  3522 6.84617765943820 5.97452708016158 1.87580518474335
  3527 2.54144784013739 3.70436528917164 2.29399944116553
  3528 2.72949029624252 3.59906723421867 2.09711979665586
  3533 0.87675205407007 3.46436721854823 2.55786600812513
  3543 3.69467314949023 5.91933710164546 6.02476600911139
  3548 3.22216293373334 3.67521141436512 5.91946533837749
  3549 3.59218150967167 3.38480723293924 5.95099708248816
  3550 2.26597953299272 1.00555579739789 2.37721607399096
  3552 4.77994450020422 5.41878636947018 6.77464547243256
  3553 5.03470058325138 5.14588805801865 6.99070253202551
  3554 2.52351505526718 1.43649414992368 1.28136942919592
  3555 2.16859780450797 1.33640485588602 1.03985942962715
  3564 4.13961351038599 0.42724381445057 0.89827372219191
  3566 4.39729179984287 0.77075774801589 0.68983452819286
  3568 0.22865473903403 3.15190044247079 6.55902422002231
  3571 4.27226148028902 5.42729255556211 0.76858414863437
  3572 4.41444216084033 5.11591933448802 0.41306768488162
  3578 3.06739420402939 6.85363399881322 3.55973709391092
  3580 4.71440671225749 5.98559813195106 2.17648334053259
  3585 2.33369907607121 1.55051067787136 6.97587405008857
  3589 3.32097619576644 6.63698062245061 4.42008533120295
  3591 3.66986445723400 0.04344365622784 4.46916301312571
  3600 4.19054379466841 1.38380939868881 4.42230326357910
  3601 2.03587510004495 2.18286085050425 5.02141523703325
  3602 1.68894345758677 2.17644221842301 5.14120642182939
  3603 2.25459317071019 5.46317912704148 0.15935650031303
  3606 4.14776935653828 5.27141169501910 4.91265549678831
  3608 2.10171768046105 1.65599724941807 6.70229734933884
  3610 0.24535124907938 4.90296333355424 6.81194530562635
  3611 4.00481165313074 6.84001077138635 6.81866771637974
  3612 3.71508600059237 6.84888815834316 6.93869615347573
  3617 1.79606828927518 6.89200434367860 5.00124410048019
  3618 1.79710059070192 6.89271232240009 5.11818432565391
  3620 1.74414937926541 5.97374980927029 2.83413049795140
  3622 5.28119551743238 6.96525334709423 0.05711491011386
  3623 5.40837506021080 6.93523034491075 6.62973573036387
  3628 2.99868017859550 3.14814203567315 2.62125163473379
  3629 2.96980107762344 3.50315285149670 2.54606459024774
  3642 0.70883206217080 1.55523093220593 2.98868958099532
  3643 0.29785164313727 1.04317017306729 2.66531849460105
  3644 2.55816139310675 3.08326472419276 2.83287971771333
  3645 2.66926536911787 2.76902006766916 3.37803118940406
  3649 5.23413942673782 6.19439374857004 0.50611182174608
  3650 3.05825033192659 0.17651043532451 6.67233440506527
  3651 3.02535876857700 0.45530394469819 6.34062055146888
  3653 4.46564184422250 6.41196055164639 1.41521019209216
  3658 4.56865244606137 2.58921291969075 3.71566971264149
  3664 0.34971257271407 4.82156635033535 2.24732340255646
  3665 0.51446494019253 4.96004300359071 2.11158833327169
  3679 4.49981909960008 3.44902141229494 0.68530477948297
  3688 6.79806006831459 5.57899039284968 4.92564106448940
  3690 5.25412795323835 6.75034873743767 4.82080904930127
  3691 5.77245621749857 6.94057072213475 4.85096144965782
  3695 6.11770480865944 4.70948489715241 0.33428699964672
  3696 6.10033705794736 4.77375265606097 0.03080772329966
  3701 2.95087067566730 0.82366544907167 3.69397459722324
  3704 0.72547992138659 2.82334496929247 3.57053163123463
  3712 3.20010928143123 2.28661465797405 6.22043040037334
  3713 3.50103474891901 1.80486733791359 6.37355251878849
  3716 4.55322503821596 6.41750983267767 1.19786722717414
  3717 4.86634342163752 6.21185034575742 1.15681192914577
  3719 3.13430268202890 6.63035697854670 4.48704521955809
  3720 5.51215980569444 4.97997002478792 4.39687947296293
  3721 6.12149528355076 5.00406697073150 4.53455341051245
  3736 1.41465678399279 2.57285380704223 0.02354634452521
  3737 1.63812505043182 2.68814950166641 0.39121618450252
  3740 5.48489177103736 6.75429589667901 0.97759816314218
  3742 2.03133318238559 0.33718266759294 1.22497392680432
  3743 1.92730816475906 0.73507414502129 1.00648740360857
  3748 5.18097009213824 0.45731888605308 1.64427674418839
  3749 5.44622753562416 0.30092594783918 1.96657742432534
  3750 3.86710943704277 1.11860082627942 3.29220688082821
  3752 1.23806491281893 1.95509492767873 1.28932892065615
  3753 1.31903060993020 1.74879962822655 1.06891410450394
  3755 1.33158925170585 6.38103446010648 6.31873910359927
  3759 4.29578929385621 0.69249642149651 1.96995811796903
  3761 4.37873795200894 0.32996217679241 1.97420028242966
  3764 6.21268071593629 4.73725687853664 4.60767776459302
  3766 4.89402602865461 3.91986772248115 1.56946495489192
  3768 0.29249914044833 6.03057895242868 6.02840929761740
  3769 0.41578282507794 6.18056233184821 5.96497901495504
  3775 4.12611244723719 1.23966240827830 4.84217585835019
  3777 3.77389111435804 0.87518809860896 2.30718583274939
  3779 3.58570794577597 1.02021781051535 1.70633833649269
  3784 4.73362627561791 4.18388245694874 0.17483973390887
  3785 4.64026756114464 3.90635159639792 0.17163938288195
  3788 5.46698668923453 3.96039665395276 2.13664783894201
  3792 4.88329725054827 6.25769380267973 2.02299342592984
  3796 2.41500696918901 3.39167704858475 3.64107458359062
  3799 2.04109881614183 6.41824548491426 3.66565437734650
  3800 0.26871863263325 6.92450595741357 6.08312579535896
  3801 0.73310081100620 0.44014138382532 6.23749520897640
  3802 6.70698355689391 5.51983470008304 0.06128677432065
  3803 6.67195016926493 5.10601021733042 0.01984970227916
  3804 1.91773356835899 1.59192004975637 3.72271220197120
  3806 5.58960609968053 6.65008875408271 0.61587556955913
  3807 5.55407025752179 0.01011115383812 0.32559235579819
  3818 4.24131910434396 3.79528297472387 6.89207653349904
  3819 3.98346764491178 3.56913286915994 0.12437986183062
  3820 1.55271886013875 1.47265885128071 1.61256172995908
  3822 1.52703922472457 1.38713767425760 1.31804977938440
  3828 3.25214339148497 1.81284328454951 0.55418595228182
  3829 2.77764236418706 2.12571039105819 0.81274302591077
  3831 5.16432407065213 2.48558870266373 2.54544453607603
  3841 4.63798872801222 4.27568693501243 1.43151019202538
  3842 4.31192973745548 4.18648223747512 1.05833272331916
  3843 2.71136024932245 5.17864127339862 1.25721323681901
  3844 2.87810752188153 5.06422205975109 1.22823319138476
  3848 0.13943901387609 1.26230058768655 1.07928692030807
  3852 1.40470589790402 0.94262873329641 3.42313953557789
  3853 1.76006305263962 1.08632138519061 3.56419276062197
  3854 3.56124482961903 6.81460027026918 3.85699790771138
  3855 3.77323539669396 0.11060662564089 4.13679373090258
  3863 3.18421316093927 3.14319099199973 4.51427822066906
  3865 3.00703106433322 3.20840474706849 4.75384442514988
  3866 2.83923212718242 6.86927407439869 1.91521515239857
  3871 6.87147987591490 2.60652850439508 3.84348721172610
  3873 5.88638238783982 6.15279629999835 4.03061756216939
  3876 0.88566558157502 5.00140162578396 0.21600540662414
  3886 5.78372573101829 5.71229489336920 6.83295417730617
  3887 5.97794700630908 5.34566399817744 6.65894840624069
  3888 4.74143738705100 1.10177269302288 6.55712461878746
  3893 6.86193568339325 3.62592673474302 3.51833744811936
  3894 3.17033018031594 0.94339589213758 2.34165247378406
  3895 3.40554664891660 0.55407968769544 2.66368290475537
  3903 6.48276511841243 5.65087231623962 6.83781881178740
  3906 3.55967318368946 4.48978443820601 6.92930029311989
  3910 0.36399959340988 0.76010923655100 6.40870806601468
  3911 2.05266141700203 2.18018159205514 4.77570909033241
  3912 2.41270449421015 1.74634107662030 4.59657136071620
  3915 0.21488983034423 1.75369684563903 5.48744819643797
  3922 5.62927329992288 5.56930335691999 3.48463777576592
  3923 5.58609408143001 5.30440468822675 3.54879559830455
  3924 2.55820396974576 4.56587199734343 2.67137817955400
  3929 3.03432728679094 1.28428688342127 3.22462046688870
  3931 1.33387615901510 5.87369049047128 0.08991463608316
  3933 1.42670241676433 5.90287426855167 0.33927328373466
  3934 1.08323157121263 6.87243758527324 5.23999288402250
  3936 0.73288178826537 0.22108178260277 5.44480929714923
  3942 5.98875996090330 1.71848038936819 5.30560501640934
  3943 5.68993065272240 1.97268256737789 5.38613124964729
  3945 1.16511041295342 0.96192410542790 1.06683190281293
  3946 4.38594053597110 0.18329186747459 0.79754913034540
  3947 4.64411606334017 0.44767962178736 0.59152563415048
  3950 3.73308249417058 0.71566198773716 6.65036810284675
  3951 3.47852235686194 0.82187020728590 6.33419933511962
  3952 1.50575300795198 6.64448140372594 6.17162446379242
  3953 1.88403841156719 6.71994999259507 6.32874107557973
  3955 0.44722132727989 1.48239551478660 4.15445559591078
  3956 4.65990137582156 6.22527069178277 3.34946077059588
  3958 4.54386030492047 5.81232863525369 2.84575632452474
  3961 1.27950081629182 0.65754592560161 6.86670500323152
  3966 4.34126458187950 5.40321830158818 0.00633818659729
  3967 2.44012129366268 3.20595436246169 6.40578183366783
  3975 4.61235064908513 0.02207769863884 2.33259099729639
  3976 4.80145137717204 6.91408859797293 2.11962821504830
  3981 1.54595582126190 4.52878727429579 2.61776912617270
  3985 3.78854133069388 2.72064292178385 2.34172552462511
  3991 4.22237070424559 4.76382154925049 0.41640141473278
  3992 4.61771078020389 4.53356834513750 0.40755182339863
  3995 2.31286791453350 1.00725896343054 3.26821602915676
  3996 2.28427282118530 1.19542189415421 2.64335283184117
  4003 2.74742580862935 4.15987036377352 6.46247259398941
  4005 1.31473877538128 0.12270918053534 4.57452469813385
  4006 3.65597006599705 5.25736286654088 2.32834185598400
  4007 3.97904445478971 5.25408802394524 2.88238149643203
  4008 1.31930134307456 6.20339687291846 6.99301060972346
  4009 1.44755567492357 6.33968104248056 0.32815884081005
  4010 6.47213060004914 4.04605292315381 2.62986071291673
  4011 6.59453149774419 4.12318795625209 3.01860256937070
  4012 4.07509299161814 1.09704698341001 2.58398011893501
  4013 4.37647279152784 1.02255718363694 2.46309091224594
  4015 4.47949699755155 1.16633450213675 4.23486280792921
  4024 5.32287439646469 6.04971272292185 3.92376814871511
  4026 0.62383682154472 6.79293506077817 3.37571986714490
  4027 0.97224051731205 6.71364006040306 3.24645956773433
  4029 5.68444152655923 3.89928348526583 3.26222708011308
  4030 1.90000469823948 1.32730451447807 1.60062552803004
  4031 1.86631658208307 1.24782243639482 1.29151748878115
  4032 4.29001625227069 6.89779589788689 3.31472587661466
  4034 4.46080354934419 6.77593817839424 3.18170986948670
  4041 1.35363206563087 2.52783762663660 0.53000467352766
  4043 1.53243848731408 2.19666742650524 0.86610365231005
  4044 1.10411280376254 0.51645643282225 6.00438854991913
  4054 0.79478327878171 2.06442055825753 2.99900056034605
  4055 2.44529425416689 3.38342277850931 2.80833152472495
  4056 2.71539167124995 3.61916445232146 2.60693575420636
  4057 4.18129397778327 3.72797239085998 2.96824196049029
  4059 3.77678412338589 3.74793386458394 3.23007436912166
  4062 0.88212760022480 4.38132906976485 1.44814273528606
  4063 0.88910128494932 4.71076825854165 1.59857552645072
  4071 3.91028071176332 2.55651181341423 4.56344302012348
  4072 4.10094448411092 2.40572979586610 4.92442983714466
  4073 0.30464712731021 3.68691165695723 3.33130047476796
  4076 0.77776681561829 2.95358772914242 2.12896152326584
  4077 5.02666610352916 0.99665463940207 1.58656268893105
  4080 5.53631172019244 4.33528222126268 5.12569397129759
  4082 3.40745876062981 5.78498520625354 1.46839642853928
  4085 5.28116933364231 5.88234188684167 2.86520146297671
  4088 1.48750282233730 2.36201545367726 6.77817238457079
  4089 2.13563785732946 2.04313472045881 6.67645878198795
  4097 5.92700024643269 0.26674693088219 6.33998264946570
  4099 4.00014239429592 0.75826528804209 1.65222570433508
  4103 2.72219287633224 0.12036339412540 2.86190394668072
  4104 2.94955006377172 0.24798199798926 2.46947316820322
  4105 3.62051269229326 5.37114360972352 6.50773378500861
  4106 3.62184464590682 5.54528412434861 6.03606456582077
  4114 2.20586502212954 5.48668768675465 3.28206985206092
  4116 4.56071683264650 1.91440624357777 0.20472178326576
  4119 1.52871316042231 5.04248359120156 2.89630212213691
  4120 1.55916377054565 4.56471100444524 2.73089427891225
  4121 2.56029259842559 6.38326106376092 2.10962831197445
  4123 1.97233614308937 5.95279697834625 3.26809858744497
  4125 6.46463954885936 3.99575421464671 3.19114867991501
  4129 3.06472951787842 5.24452739204232 3.89418007726891
  4130 3.07774790267888 5.37179034239610 3.83286217973448
  4131 4.98309636187606 2.44811145381993 0.93689670095836
  4133 6.96901594751012 5.31366918020336 5.68022774976668
  4134 6.93166085098083 5.17932987358098 5.26140979190483
  4136 3.94425575097080 4.17641285709529 6.01900732204251
  4137 6.07665922567534 6.44135170394404 3.90562118189314
  4138 6.27601756219590 6.74915880951799 4.24696351086426
  4145 5.80300015659312 0.18518534693192 1.42870716877566
  4146 5.77547289418440 0.14802977049585 1.80697565605577
  4147 0.18223444009692 6.36816484206978 1.04404160087327
  4148 0.51181718056809 6.56709960342529 1.04483157874124
  4149 5.74018602925640 6.34735931420412 1.68783037715342
  4150 5.75121949984118 6.47247043513887 1.91809759618702
  4151 0.85288921575475 5.31219373377030 6.98509518670101
  4152 0.83777631945228 5.53609112042710 0.15074860338243
  4153 6.05976738409506 6.61813733754314 4.66027462604887
  4154 5.80755207704971 6.13131315520557 4.44758657977611
  4155 2.58911235231005 1.29526573873532 6.91009488276581
  4156 2.65228860623525 1.11874670500273 6.44115604854947
  4160 5.21112923494874 0.92204656062326 4.61202555126277
  4162 4.29382367661877 5.48904872791099 3.05204750202169
  4165 1.80982828767945 2.83741414470273 4.26372851809836
  4166 1.77865566853540 3.27179261596853 4.41544649709659
  4173 0.90711902190129 2.20419645342968 6.15905152821158
  4174 0.67688178206800 2.53229471298022 6.01933053739508
  4178 3.59509710747833 5.67763189501027 0.74262953877326
  4180 6.44384729066302 6.25414895662930 3.15334682952072
  4183 0.58764744166288 3.21282515286476 6.84367142987925
  4184 0.58388195448772 2.70181981910366 0.27769847580793
  4187 2.17183563893257 2.14324918166458 6.39647245735815
  4188 1.62923608331261 2.62451330376561 6.26853134301741
  4191 0.93851946140918 0.43135790182882 1.34734618071498
  4192 1.51124481632666 6.97667185116631 1.77324316020446
  4193 2.70551096567872 6.69016123761938 4.22733948299636
  4194 2.48291599791667 6.32011940518900 4.15256592907930
  4197 3.35132010415359 6.19037362897149 5.08733697281984
  4198 1.13990064198589 2.76598428223852 4.47560967851578
  4199 1.39493147207394 2.54725049534845 4.32321116270835
  4201 4.70431293329410 1.38525688981473 1.91139973748994
  4202 4.61527784967295 1.36896914962995 2.37343321299346
  4204 3.71838089903976 4.60188835605234 6.69797235542831
  4205 4.03774560604659 4.34291737942980 6.29227553594108
  4208 5.88271621939712 2.89668658794420 4.67467021851508
  4209 5.85348631193129 3.28326131932479 4.64078038593380
  4210 5.71974677380386 3.15624325022300 3.60274381148503
  4211 5.50373400201609 2.86819552079559 3.49152112504334
  4215 2.36460368418130 2.64191564641724 3.76124154231371
  4217 4.24047307697710 3.77575737241222 0.94851173419112
  4218 0.21858275584850 1.03319466432194 5.27359047148231
  4219 0.20175337510113 1.56364243527215 5.06810346248042
  4226 6.34450597332053 2.20371200182085 2.45110023700732
  4227 6.36365389186840 2.42259513510494 2.11202227663462
  4230 6.01534644661335 4.35210009469983 6.94293023254322
  4231 5.72926532185805 4.28597669377733 6.72941794295892
  4236 2.68241244217338 0.15982703801619 1.84751228928349
  4237 6.26841987891010 2.48106218744264 4.22349555260604
  4238 6.77942151512859 2.69076453111764 3.99769197656151
  4239 4.44857289723553 5.39990887140006 3.96624917168657
  4240 4.54077578497606 5.10465940453075 3.48339319902340
  4241 3.46649580047377 0.62756961295913 0.51292611738693
  4243 3.66989988479502 0.37103112648227 0.78805642192297
  4244 5.77000776138370 4.25246836463106 3.50206927781202
  4247 5.97767000247080 4.34568173189918 4.95688698006209
  4248 5.97440680634471 4.51444866120424 4.60084086577064
  4250 3.93181680740870 1.35785210273896 4.23585808671896
  4251 5.07069921237793 5.46338453517667 4.11034828557050
  4254 0.57245062098320 3.85392046334228 3.68099404738342
  4259 2.45425700113107 6.38622862326602 3.88034906427932
  4260 2.67512618492292 6.75652481659370 3.97254766286842
  4262 3.91487703179663 5.13356389724898 6.55270077339654
  4264 2.58851242972259 1.07361687035947 5.35222877615535
  4265 1.78551269307283 1.54191077386680 2.78759177320157
  4267 4.84277870359219 3.63378596593778 1.42642551442271
  4268 4.40666243734718 3.55711553000348 1.05850539788325
  4269 5.62124825779947 2.94487578090446 1.20372997235474
  4273 1.75316995393370 4.99712577859539 1.77646573417789
  4275 0.40958477444077 4.42717371014039 4.79568839384072
  4278 0.38892696845666 1.55938563634462 0.81350465446097
  4279 0.70234968760570 1.36514084014181 0.62997595142113
  4280 2.03354919855998 4.29824011209130 2.16682504614200
  4282 2.10174285279047 4.49320062235358 1.76075257911779
  4285 6.86605614714989 1.51918686980145 1.79340799762895
  4286 6.66829438044516 0.88410489498896 5.88919071383208
  4288 3.36029003589612 0.34204176851305 0.36575148288604
  4289 3.53022188655985 0.09520271866470 0.59883313428865
  4290 6.33159155402789 4.56335194664368 5.21380857353181
  4291 6.42670991320872 4.70727446620463 5.08952386012285
  4292 5.19521204990260 6.00024140180532 4.07871733643873
  4293 5.34848019898833 6.03554977320460 4.47207797905507
  4294 0.84484537513936 1.10487986124707 3.61030770241302
  4296 0.72543583897889 1.55573874437427 3.92113089124229
  4297 6.87778491559581 5.87434313178813 5.77029352921580
  4298 6.73857745937924 6.06710581035455 5.23906180257851
  4302 6.21151539406022 5.98632798428407 0.61910158181878
  4303 6.08231976296345 5.52118800261746 1.14440453095356
  4308 5.18605174894917 1.39858746294190 0.73343658734050
  4310 5.44526006341314 5.31097541028451 0.14795625913146
  4311 5.49945245265670 5.64933644063349 0.08103623553757
  4315 2.13828261341719 6.34160090914731 2.15330129921228
  4316 1.58647043209277 6.86904419672540 1.94944809824208
  4319 2.35950026993283 4.29256534372226 2.20938127369131
  4320 2.46287598261296 4.47483997512694 1.83478155309419
  4326 1.18045036083138 2.39515433619899 3.38676778828938
  4330 4.97401802143383 1.32960270709341 2.57430119486776
  4332 5.42503530132864 0.38511536021223 1.24558257403504
  4333 2.38034283072787 1.63107789203632 4.48444753345162
  4337 4.98264657302145 1.86812373357225 5.28798790676189
  4339 4.66871645125249 5.89253996999075 1.84151421299563
  4343 3.02240307951876 5.10783773201363 6.34592595873186
  4344 2.06571551882001 4.68831467872927 3.00896143263024
  4345 2.12561421396725 4.49335759977763 3.29905411371617
  4347 5.55138862420243 6.29240676052211 2.60728128499018
  4349 1.55600629462823 3.55265602422695 3.51040464466324
  4354 3.94034609406148 6.41177772335618 4.96236848613031
  4355 4.26374345412116 6.09677592699914 4.82385673879099
  4359 0.32583367817090 0.93142834094189 1.01533435617522
  4360 0.71397039210718 1.22669823575304 0.64080942189330
  4365 5.22547686258897 4.48546198480110 2.50516734496532
  4369 4.04064380830854 4.09069468078709 2.72350126275314
  4370 3.67894845968796 4.14501261536547 2.92541178744123
  4373 0.48966464103690 3.39099029867770 0.62557895993480
  4374 0.54078781606880 2.76107805570231 0.49521791539446
  4378 3.02206554066478 6.84803445271694 2.22222260358972
  4379 2.48125704885180 4.14141489951959 4.36738140965056
  4382 0.85377999133006 3.28142042430208 3.47421840374384
  4384 0.31564363458882 4.99789490927247 5.20363113803404
  4385 0.25149851707020 4.57436273195699 5.13111432891898
  4386 1.60683675419344 4.51024429117710 4.90135682829993
  4387 1.56149259811310 4.96758386927062 4.94394009095158
  4389 1.91008739750582 3.15088332483511 1.74255520648078
  4390 1.67083584839210 2.71635145487537 1.85247653015519
  4391 4.77472265118514 6.07889589612254 1.72886200593532
  4392 4.97684507472175 6.00538895498640 1.52395793779243
  4393 5.75068885822707 1.96874793904809 2.50445570697778
  4394 5.59130420377051 2.06194674200484 2.71559747042901
  4398 6.41130417469049 4.28146407178937 4.02170984178920
  4399 6.23602062251623 4.34352737228183 3.48893620638472
  4406 3.58320681661723 0.39479422988138 1.31007069526885
  4409 4.15952374316144 5.70283820856250 0.62336548783428
  4410 4.21309423643239 5.68373864035881 0.09198659270201
  4411 5.26016012403718 0.47497623770779 0.72159493480347
  4412 5.28356975108262 0.19970396713004 1.03158586048527
  4413 1.48883712548794 0.40364823360113 0.86754474024005
  4414 1.78492349668927 0.14414669986931 1.15209245301130
  4416 3.64384253098957 2.13904982555934 0.52652860047468
  4418 6.84725824003454 3.88852713307177 2.37073750164689
  4420 5.96980744624218 2.41664572580567 1.84090682339866
  4421 1.92458551879820 3.33482937959704 3.83135784539091
  4422 1.85859392683190 3.49997503108714 4.15569976873612
  4423 2.81536221490661 5.58714476055125 3.53976970489911
  4424 2.68380058614103 6.02212142986407 3.39073638807198
  4426 6.31464990985002 4.05829476139161 0.50916479200861
  4427 6.47373765168278 3.80833796193556 0.34619937655287
  4429 1.34020537784229 2.22323996226804 1.23041907638466
  4431 1.66077722646544 2.62102725332625 2.15525009346936
  4436 5.12719081305376 3.01834741497015 1.63627406561663
  4437 5.37309214394090 2.94273463278325 1.91747835606285
  4438 2.73161332619555 3.60003790211667 3.91159267837129
  4439 2.42159217045971 3.74901240223869 4.32183381775228
  4442 4.24471797100363 4.52718089200951 6.03303737663496
  4443 4.13987066104377 4.38072041298579 5.79542410226463
  4446 2.69864714659054 3.45089372059563 0.56617798048792
  4447 2.39324666187375 4.92371309153920 0.40900444382163
  4449 2.22046912045911 4.65616464933834 0.26922410466594
  4450 3.01009311557505 3.66044926780224 6.22292416026216
  4451 2.96955875036881 4.11442444422504 6.45195799031147
  4452 1.66172968863806 1.53499067977729 3.02692789255144
  4453 1.87052127908189 1.25581980515604 3.45601719618591
  4454 4.10998014025255 0.64612634130324 1.91997488019369
  4455 4.13819939081383 0.33500309714423 1.91474841748667
  4456 4.81804754869064 3.62317869582046 1.91029028760562
  4457 4.87266037665600 3.88168591305890 1.84350195180713
  4458 5.37924616989261 6.47364896869184 2.18106790249236
  4459 5.19351581464115 6.96852764176394 2.22688469184546
  4460 4.76307217132222 5.70250985462703 1.75250854189966
  4461 4.99083144403550 5.87989283905767 1.50651220751136
  4463 5.34046820492395 3.29009846529490 0.32652964054739
  4465 2.70405562772360 5.97622935174556 4.30422447364141
  4471 1.43214597828217 0.17451701673416 0.45195248242597
  4472 1.58009144047841 0.49465584921751 0.16271626714459
  4473 1.39493918114287 0.58045094469941 6.46631996006162
  4474 1.14668781839237 0.38524209954529 6.29411081058174
  4475 1.63780458511209 5.90524478112886 6.54045618694236
  4476 1.54803318405299 6.23074114568451 6.58480945566604
  4477 5.97926082471245 1.20371819375133 2.27541331024089
  4480 1.23196685091230 1.09989584729443 3.07258448834610
  4481 1.47125689789581 1.48657320879854 2.91246557670534
  4482 2.31627843030043 2.97627189185858 6.20342039334514
  4483 2.57471244388164 2.43707772061916 6.30637961332992
  4484 0.65312427508513 4.41143332098617 5.89608393067745
  4485 0.57327019374365 4.29658145356220 5.77661107624693
  4486 3.54257352498989 3.66793289762000 0.16990089029920
  4488 3.40661765065001 3.72431131491712 0.39908552602987
  4491 3.31288714141606 4.07202534901204 0.04911601393580
  4492 3.21488631135023 4.06915332450152 0.26787520756814
  4495 4.44127511462283 2.04704495598368 3.19667429931104
  4497 4.55775761871649 2.05467489463084 2.81998514588824
  4498 3.34854528632206 5.71590524310817 0.09017041130754
  4499 3.68425103714467 5.72631918257239 6.78321706262313
  4500 2.61420940838595 5.99829291841820 3.30317832942887
  4501 2.59521681899022 5.61024244596602 3.28728536616925
  4503 5.96588104233054 3.33959731364528 2.02487310590047
  4505 2.04564272467184 0.27492903693467 1.81159947026118
  4506 1.60414025409906 0.00295519552813 1.90548795425660
  4509 0.89077096638360 0.02703088966757 0.29167879430805
  4510 0.95683822828745 0.49782387717628 6.83333858692312
  4511 1.70604890052140 5.50049176757559 4.32878412215239
  4512 1.59211229919465 5.47879181883714 3.95215396152430
  4514 4.54999555120658 0.18859132303491 3.34060841171271
  4515 4.67987330453870 6.97258523178498 3.18931090614290
  4517 6.83488334623469 2.93097337906562 5.21725289444290
  4519 1.14852703689290 0.97038349161823 3.70797328007207
  4522 0.19727240089116 2.98137425146126 5.03953865327680
  4524 6.86437931874782 3.22191408834650 5.24909268239389
  4525 6.77784802587250 3.31805214795386 5.68970542719261
  4526 0.61291703748288 2.73285299152570 5.17493334216518
  4531 2.72548269962503 5.91064175290812 5.09281190221237
  4532 2.53172209685313 5.81239783202029 4.50130523544437
  4538 3.04753965348267 2.55764121751478 4.44611239625333
  4541 2.78467366891540 5.30660592395689 6.84586163026571
  4542 2.81984602582080 5.16910737843126 6.39935123121409
  4546 3.57625052051691 6.38672730766327 5.42594309918339
  4548 3.48079367561119 6.83533947365538 5.71603840381817
  4550 3.60897829448223 6.70617119661695 3.49393117012514
  4553 4.40962055908650 2.40023982351632 2.35845146394446
  4566 4.14997106215656 3.27473385066798 2.02880756427633
  4567 4.28858032482601 3.54808110874893 2.22294067716360
  4569 5.02402721262209 1.81056086812001 5.86219980743964
  4572 2.31116076686154 1.21083463214712 5.07400027801228
  4575 0.78266988036547 5.77569000241327 3.71506799713793
  4577 6.30458725449570 6.98840923046117 5.94849325078788
  4579 0.27830375069228 1.61799193112130 4.13739248965034
  4580 0.31765005309496 1.83358260554186 3.91805935750448
  4581 3.11159614149372 2.90638457847023 6.68969794503259
  4582 3.32669019457161 3.21224311000500 6.54658992844566
  4593 4.14412903556521 0.03854142001772 4.09297771062803
  4594 3.08938839114519 5.27320118938032 6.93116630153745
  4595 3.26370071289342 5.12952230611316 6.62225977662679
  4596 5.38153162658374 3.34249259562242 6.87239286032901
  4599 2.99680006258191 0.97733882878824 4.20745037236802
  4600 2.54469069104004 3.13844799283581 1.58915832577863
  4605 3.69406114943375 2.06897133588102 3.95845004693509
  4606 3.71400246461602 2.14608383823722 3.65238600894807
  4607 2.54146078782663 3.53574494317005 6.17522499707545
  4608 2.40250431464124 3.75096486806226 6.26916501798491
  4612 6.23743329575389 1.20395362770469 1.52531817957811
  4613 6.47969594815431 1.42995592868440 1.38005889537648
  4614 3.11252672060874 2.66477225732223 4.57590131368799
  4615 2.90836103833353 2.84532771863348 4.85749171098873
  4617 1.63281624985767 4.97322950022985 1.53245097979430
  4618 1.71481831197767 3.73944659675290 3.24046485393798
  4619 1.60021873371911 3.57516464981341 2.84850568614008
  4627 2.72344662183659 6.05567685375041 0.39462834535911
  4629 3.21522050211579 6.04384681521840 0.47388081478573
  4630 2.41125897359668 6.90066471080483 5.44193762445171
  4631 2.26517957069946 6.56314707539422 5.57592361233912
  4633 4.66774486183591 0.15104575864010 4.55800143892293
  4634 4.31607794798562 6.91141166154037 4.44410360312418
  4637 4.74133354478955 0.68420131045093 2.88165723699049
  4638 4.48259562035418 2.72941279236151 2.97268075646948
  4639 4.60033350033680 2.38228721379906 2.67248050666839
  4640 2.57512262194651 1.82371649590273 4.47052913048569
  4641 2.54825546968735 2.38815570054459 4.38402613266888
  4642 5.77040508466407 2.61904873938611 5.96947081132006
  4644 5.63033887181997 1.99821840441941 6.02655164356460
  4646 1.98375294559910 0.28240254166093 6.87928703823223
  4647 2.44763037372421 0.32907291012557 3.95085522669618
  4648 2.69128451040107 0.52307671716271 3.61862808203474
  4649 3.77073216440764 4.51048507613761 6.87776047426842
  4650 4.17560430739118 4.14953861394417 6.79069651758979
  4651 1.23544724410878 2.66134901079048 2.38922921744694
  4654 0.46469464883644 2.59674242384259 0.25158110010479
  4660 0.89046068675548 2.05394333052900 2.93785019838334
  4661 0.89721101723096 2.17261095865540 2.53402439094501
  4663 2.37395395039146 4.02883049430704 1.02201671320900
  4664 2.41098779829941 4.67134800534754 3.83481457779057
  4665 2.08356618951060 4.65043182815433 3.55874630083845
  4666 5.66619817113150 4.16007935608105 3.97273953665210
  4667 6.06423756158818 4.18609775117405 4.25223713637822
  4668 6.11369567420602 3.76290699373358 4.99276072766459
  4670 3.71824496086014 5.63988322086850 1.81032719354928
  4671 3.95334424846942 5.91111988453939 1.86639288670805
  4672 4.05747374518666 0.20148520868165 1.66181421653862
  4673 3.93940766385316 0.44208462008202 1.43890335013824
  4674 1.94833516684864 5.03565513177272 3.46091510484039
  4677 1.04657253995855 1.55406937348463 4.76194180576361
  4679 2.15075699991765 3.30301489335164 1.04969120558086
  4680 2.48671768036374 3.52115709193319 1.00541560577333
  4683 6.34157710759707 1.07764353581045 1.93697350575316
  4684 6.71979197257394 1.27613553274980 2.10115522335344
  4687 0.48190657167214 1.86370553018818 1.76537793533610
  4689 5.52385150332145 0.69686919348676 0.58246868054872
  4690 5.21875362216840 2.50300700006053 2.12371702636235
  4691 5.62309272183633 2.13434506877484 2.05669968889822
  4692 2.84350577376218 4.22824967922957 3.99722060004790
  4693 2.88836280405933 3.82400753941939 3.78649186832527
  4701 2.45645323795579 1.20705166934494 6.20689821527276
  4703 6.78135041966940 3.56158682281880 4.16295571475092
  4704 6.86235473221367 3.76638181297134 4.00185625603252
  4710 6.64859156488876 5.67389645946806 0.51888626588423
  4711 6.49442660496624 5.26129609472581 1.02127520384166
  4712 2.60344456416989 0.23752615830505 0.05147834012256
  4713 2.38925071006178 0.48662213753349 6.94700665041209
  4716 2.17639062952865 0.37686770427978 3.88308707949251
  4722 2.17326596612247 4.87892610022495 4.80761367149095
  4723 2.15062141033339 4.55977927271584 4.78189690344480
  4727 0.13579623036637 0.21135976209704 1.62602760969005
  4728 0.43825453640752 0.47496566037706 1.32665778725171
  4733 5.86099114020474 3.83142752107487 6.35446546294623
  4734 5.98706034053154 3.74804521119691 6.36521322205552
  4736 2.18397742589053 3.41482371337697 6.76818765752137
  4737 2.17862302295704 3.67798891454331 6.70217065029077
  4738 2.07657157319903 3.00397192130532 0.56878002554950
  4739 2.47418801182512 3.17127734478944 0.32205403268539
  4740 1.85631054960931 6.99014509462472 3.64735900216059
  4746 3.68749340868806 3.05080106527123 3.10794418139711
  4748 4.06532218748145 2.82526466548258 2.40438551087345
  4749 4.15086092818296 2.99196484027703 2.79791667753883
  4754 0.15208111826527 2.84568700557255 2.92513114975759
  4755 0.24417904704613 3.00622692625158 3.23957079794484
  4758 2.21386368214402 3.04303281574036 1.49814966204870
  4759 2.18175099633853 2.62508735276536 1.47734833020596
  4762 3.42751980079582 2.89622482086120 2.92379303859913
  4763 3.29463938445599 2.63652814169381 3.29521442315604
  4764 6.90022416907173 5.73589290697551 3.98175192255588
  4765 6.75314182845133 6.32765033518275 3.90508420461452
  4767 3.48143578073116 6.06182841461191 5.88793691883977
  4768 3.38514838244142 6.45003447647636 6.15550572897634
  4769 6.17876663691907 3.59465560454072 4.78876487380149
  4770 6.59310918250948 3.57526077458765 5.02435041778299
  4773 5.33567869573197 4.45534509030408 4.10356708907078
  4778 5.36857516735511 5.49449028090931 2.84470853250314
  4779 2.39098815264864 5.08296598612792 0.13602912794607
  4780 2.25504585464379 4.87534219260578 0.00387266783713
  4781 1.85892228168433 2.88944002018029 2.56770843464273
  4783 0.83789271733268 5.47054784348584 0.47749713353815
  4784 0.86335334948443 5.32383398403486 0.52813877717031
  4785 0.04634844668623 2.78323673883454 6.68040161607291
  4786 0.04808491408567 2.66096706311802 6.54590348064144
  4789 2.32656806197203 6.66033430569066 5.89361602417392
  4790 2.48339359006988 0.06791979397774 5.71451427587733
  4791 3.91730772219416 5.69349594351387 4.62432751355398
  4792 3.56326193521835 6.20198973896592 4.84803249565273
  4794 4.76829049245762 4.39378763925707 3.08156072952033
  4796 3.54105040909519 3.29585700703136 6.98589541983512
  4797 3.36372136794026 3.02534453282866 0.12439704961530
  4801 0.30262907770428 6.88466265374548 5.55269523155994
  4802 2.06670435548259 4.42573535200893 0.32077008114700
  4805 5.87425246097629 0.16344079155960 5.34649155273253
  4811 4.56748470671157 4.23356433064463 4.02396923109894
  4813 0.36432115290073 2.42164250650449 1.63814126394897
  4814 0.34920192471402 2.08373398298529 1.88178061365083
  4815 0.68697716610632 4.87097292451157 5.81038134419799
  4816 0.53906295119045 5.09136302917180 5.52174726580224
  4818 0.42002715979029 0.71564028702431 2.05837116343979
  4819 0.11866665543414 0.24184203593563 1.78982527675508
  4820 5.24526609636561 4.60048799113165 4.69931102960217
  4821 5.47959604109587 4.69064775755693 4.45912842295756
  4822 5.75471675961770 2.90955762989641 1.76705182841998
  4823 5.83170763062643 2.91042623750087 1.37686835589133
  4824 3.18318694329884 6.37068719873528 4.58018031315134
  4825 3.12740738481780 6.29222276814464 4.98745922838311
  4828 5.38414513801311 0.41977076456297 5.70657185284635
  4830 2.07589661114212 5.25486559843961 3.57403384293025
  4834 0.16930822622724 6.12158052053584 2.34098042041026
  4835 0.58783081439807 5.88841838457227 2.22034512826638
  4836 1.21563202033380 1.14578885237308 4.96299201266264
  4837 1.44360424970400 0.92708753321143 4.65766085520565
  4840 5.48167368978077 6.72610883657339 2.97195676732238
  4841 0.70365420787324 0.52043941835904 2.50747623842852
  4842 0.66781919277913 0.02355411650506 2.60811891936704
  4843 0.55712095222423 5.16633746768377 4.87492604457758
  4848 2.79752912169914 5.96031428265607 0.04899280074801
  4849 3.20866218780647 5.94704543315696 0.11535871964949
  4850 3.21311378970045 6.66728727110681 1.36745114906648
  4853 6.39905204180883 6.20514120604696 3.69025069467886
  4856 6.04684576579359 6.04840087368554 0.43045433368827
  4858 5.05666205060832 0.94385924161610 3.28442175714553
  4859 5.00726975470841 0.86462939091684 2.90117605473294
  4860 5.92180775813974 0.72085889219845 3.15972068237415
  4862 5.55867984875850 0.85220349650907 3.49615719317238
  4863 2.87450824584608 3.98069482843004 2.95087527793910
  4864 2.69315286709923 3.97561859282138 3.28826026226480
  4868 3.59766706948302 5.76678410410779 3.46011884630225
  4869 3.76544186898861 5.87136810679424 3.72933096278087
  4873 2.30243065564520 0.65383344137150 3.34543479709793
  4874 2.29337303609981 0.37392809413029 2.90182258416259
  4876 0.26330923167780 3.13947359956947 2.53194755928706
  4882 0.35797984638253 0.48539523949494 4.40602717717216
  4884 0.53169945080448 0.68700349336831 5.02439746449098
  4886 0.22054083442067 3.89413468671929 4.12037137923598
  4888 2.07251353714671 0.58854176414908 3.50492394583754
  4889 4.99761745394977 5.30784285479296 2.14177880376668
  4890 4.90825008734291 5.56584758652345 2.65991777939605
  4891 0.58572793363618 2.29159787023697 1.28369346837197
  4892 0.65978237976405 2.01286572685696 1.32242116264927
  4893 2.16223346035202 1.74938976744688 6.07684152936637
  4894 2.13809722781358 1.47682098809078 6.29150801104944
  4895 4.63344398223235 0.69093186004732 3.40040965113402
  4896 4.54483395402997 0.61523479918526 3.21948318054533
  4898 0.28152716367978 4.45925354149985 6.40054304537227
  4903 0.40416687228205 5.24665895757407 5.77831523443140
  4904 0.52070512441198 5.06532134119244 6.00512267659689
  4905 1.01536694868461 3.81578675461757 0.52823925951008
  4906 1.44723383830061 3.70291894683480 0.55042155472775
  4909 4.68580388252305 5.19622967061250 6.16656143141631
  4910 0.73177208500668 2.53747033245234 4.86853473879731
  4912 4.98943105898935 6.10526776586235 5.02671588164664
  4915 2.63474300013502 4.29771234789920 3.29160316646677
  4916 2.81462825548983 4.34165088251976 2.95955675346456
  4917 1.60367386814668 5.77616879660752 1.63128884756887
  4919 1.76818759566719 5.47782316856282 2.03007811618773
  4920 5.82157515428621 6.96833255108345 5.24785172914412
  4922 2.56853354833692 5.40794113560305 4.39393944748866
  4923 2.84395657915827 5.33370039579289 3.93661429141027
  4925 1.38681778892785 2.62078483218372 6.18676908777496
  4926 1.10829076089198 2.87455867491820 6.04637923026642
  4928 0.11812180610619 6.14019161400514 6.39049661136492
  4930 5.45468065509544 6.26380068855608 6.24813310834032
  4933 4.39726353303959 5.61975580349613 5.68014540882553
  4934 4.78229725581692 5.44726323865175 5.96702457491403
  4938 6.07391381756850 3.89645670206656 6.38660441222401
  4939 5.93031869147301 3.96101721253995 6.37438732118528
  4940 6.77171040331488 2.75897010189156 3.02764509023083
  4941 6.89714981071325 2.94759910077864 3.38009261420166
  4943 3.15412083884754 5.73546767398543 5.29783855411723
  4945 3.29403898776680 6.85812800999813 1.53664817308147
  4946 3.63326608043070 6.77523588729709 1.77411961686076
  4947 0.18876567418891 4.73477170404925 6.41723754460221
  4948 6.78070749341652 4.75403815957755 6.35669361768510
  4951 0.48935439613432 4.89114927649111 4.19313865158271
  4953 5.58852244644023 1.17581631704690 3.62669415389128
  4955 0.00086502168881 5.66741437309251 4.70881304045280
  4956 6.92879985795529 5.54684314820310 4.23872819609908
  4957 6.12236575355075 5.93934232677220 6.99304525759757
  4958 6.23063710859869 6.46597197677306 6.77499223683479
  4962 3.38660179226218 4.63677797467254 0.50129134036721
  4965 0.38028738762129 5.50356740542357 4.64218935684495
  4966 0.31169330142061 5.40943157982837 4.26303359694811
  4968 6.12450544960402 1.43892631945450 2.56174282804596
  4976 4.66829471962166 0.36684112407387 3.60203152957544
  4977 5.78677239110107 6.81451546578368 3.60774294912388
  4978 5.86174505783349 6.83708928540064 3.14106058201440
  4979 3.86093342372322 6.24056323929920 1.57780195785700
  4980 3.58282742160541 6.14757664710037 1.34725633112281
  4989 4.79111968184272 4.67605959494670 3.49876099926328
  4990 4.49417224783964 4.99973104328488 3.48070952585905
  4999 5.04076883581259 5.96750980866975 6.46829485191330
  5000 5.41474547239851 5.98540050180252 6.33329576440452
  5005 2.44921128465616 0.44581233965933 4.34655028646691
  5006 2.33051267552962 1.13101226095216 4.67977358050016
  5007 2.71266808239980 0.76216084036756 4.50080655485876
  5008 1.44331258288828 5.81287975592295 3.92589556161443
  5009 1.59507608566899 6.08182318141378 3.63581174338684
  5010 3.68413517401887 4.64133622457390 3.94877806990967
  5011 3.77294150676013 4.27178050845222 4.09718814268425
  5018 0.64458093210578 6.30690875303961 4.93846730211770
  5019 0.09891373394254 6.43152463794519 5.09299228467433
  5021 2.43852328597156 5.12774012096577 3.91023347805107
  5022 2.32599260309610 5.26045726845285 4.32515503292873
  5023 0.79727948223078 3.57030096424370 5.39751151326981
  5029 1.23371325169832 0.96517148285419 5.89151488711617
  5041 1.10107528863999 4.75126935313200 4.48964453758660
  5042 0.63829418451730 4.80977818734879 4.56568767601046
  5046 0.84023110050948 5.17126276628758 3.31997396031377
  5047 0.52996210841486 4.70989967402086 3.17652947840523
  5048 6.06807441359719 6.47047028787355 0.53340591205814
  5049 6.20211077237285 6.73082136183683 0.24655649663303
  5055 2.92424905819157 4.59614585422194 0.74050550961286
  5056 3.29099155692257 4.47368859833282 0.58768607525639
  5058 5.35468899855758 2.39093659370281 6.84318152211840
  5059 0.36656574573058 6.50050624662598 5.43962904751458
  5060 0.73724879725770 6.41154996514576 5.25691764188028
  5065 2.75983591150797 2.24927562617079 1.35025756651127
  5066 3.07226228534511 2.61424994512255 1.39318590356370
  5067 1.47783434671669 5.96019101594523 4.25706435824580
  5070 4.74497664907893 0.32037362337386 4.40501104712527
  5071 4.45656456400321 0.39037609015271 3.99593724406426
  5074 1.49097018680317 6.83647040528692 1.82034272463327
  5075 1.06110836713164 6.63191710221299 1.79483847214627
  5077 3.19830037144474 4.89506778485900 0.54038002236923
  5078 2.90212367894154 4.78316706109644 0.70997939920508
  5084 4.51186335386215 5.99387413808256 5.12922837954025
  5085 4.51674144370496 5.63182089576425 5.21849296208710
  5086 2.52949320852350 1.78814848791873 5.71689754658556
  5087 2.69556336694098 1.60870882343420 5.69228546622688
  5088 1.15136749266886 6.31293696730970 1.55030394472425
  5089 1.55145331040697 6.44374483834243 1.52015284145933
  5091 0.03013755162317 6.93450497281645 4.45823821284591
  5093 1.62422911342599 5.78991369616035 4.44394116258672
  5094 1.94520216340002 6.04127752289792 4.56252499376856
  5105 3.67441308271146 2.94602120105961 3.35884322681342
  5106 3.38172041088160 2.67578389126521 3.42384118733243
  5107 1.15143672866816 3.26492825081436 5.36636535751772
  5108 1.41049510483926 3.52096580708695 5.05382487534819
  5109 4.09845567363790 1.18341211203823 3.61088247315457
  5111 4.05815490431368 1.07377664088988 3.90426077061797
  5112 2.47779217073704 2.49471640788363 1.60042720609934
  5113 2.72449743406761 2.79427843847157 1.66146989004116
  5124 0.18416314267452 1.36082034843093 5.92118921277848
  5125 0.43653817797339 1.30402682658977 6.16956934793724
  5131 1.02921738395720 3.19048984799108 0.96914143878869
  5136 6.80952415617460 6.11871939155514 6.35685461300369
  5137 6.64882510680672 6.47191784305238 6.42883268131668
  5138 0.97514920600013 2.75483599812046 0.83219229089241
  5139 0.97155052946557 2.53554670303893 1.21667545497557
  5142 3.05163961716912 0.51459063952710 4.82518359325254
  5143 0.18360870541861 1.16659791066907 5.87969015192144
  5144 0.42856751466440 1.08929924765289 6.11072612901395
  5147 3.55220833421179 6.19665819412623 2.59886794370484
  5148 3.39444821848934 5.23852649815357 5.09537849567444
  5149 3.49526258219992 5.08485246770950 5.33603565119944
  5150 4.41330141997130 6.09441065931768 3.73742245724144
  5151 4.55037458569421 6.01297513399238 3.99219549438688
  5153 5.18655325649826 4.37989324070927 2.93336096356784
  5154 5.33315114592563 3.98671567205215 2.93258802070356
  5155 4.02883618452416 5.30921153198058 5.80682321018448
  5156 4.20212153782184 5.06512497502680 6.10252309237064
  5157 4.19468239525030 4.43731983496885 4.24089533232393
  5158 4.08401968392441 4.81532941087029 4.06992498299801
  5162 6.03015556112677 1.36529571942982 5.73522876737875
  5163 6.23615208098116 1.34248032410121 5.94116847120434
  5168 5.36706695109822 2.64988400290853 6.58202123402512
  5169 5.16562939314364 2.82947604177889 6.70340471711962
  5170 4.94451329380072 0.08571879580390 5.54163164900672
  5173 6.09922676308527 1.36016101699417 6.06927977660659
  5174 5.91074545400501 1.37902935878460 5.88963290293993
  5175 1.26505189785334 1.18943585267034 6.01598647388356
  5176 1.46825698525089 1.11437401087243 6.24148479314694
  5182 3.21550552499130 5.75108961176606 5.78477644777290
  5183 3.36506536024158 5.47534640982969 5.89694817844611
  5184 1.33538706090441 0.82606268073200 5.95684974573313
  5185 1.48681520413541 0.88159697649703 6.18743157169291
  5186 0.02256324287606 0.30284910571411 4.51748940076066
  5187 0.02088649672934 0.41159361591370 5.02718535962198
  5190 1.68695707419145 1.29662522511822 4.09319184468497
  5191 6.88251531440737 4.06554426833319 6.28181839949308
  5192 6.63941887132416 4.16433297108438 6.26794247665363
  5193 3.58230665672395 0.70174815778545 4.97502568125184
  5194 3.39826631894858 0.57944247541558 4.70700045461555
  5195 1.41115358976890 1.77899504958003 4.20265689312600
  5196 1.76214096275786 1.52223664128674 4.08242461700496
  5204 1.27000037708772 6.07523733330145 2.84780344078373
  5207 6.82551029113410 2.69641393805990 5.98637112093404
  5208 6.93276940218133 2.50377478995702 5.67402861298688
  5213 6.73702770550851 4.87483358894680 2.03083167208928
  5215 4.37106968626715 1.07280112363689 3.67683733097663
  5216 4.29381403475834 0.99551906612580 3.91815088917083
  5220 2.14055394249936 2.69453123859804 2.68629017214113
  5222 2.18461441802092 2.36727244878142 3.13744701104552
  5223 2.15441724212130 2.35226951553236 2.39665849244641
  5224 2.18918692635514 2.03912158775585 2.68490391453806
  5225 0.20495958714604 6.40067525652846 6.46367498143949
  5226 6.92444889424854 6.63356036984862 6.49535441352586
  5232 6.93469346542637 6.61089740350088 5.00696763956943
  5233 6.94954893723520 0.00373057842791 5.30280734539981
  5237 6.73308769266380 2.73043991930420 5.48881967992319
  5238 6.65654961323065 2.90043411542706 5.78020028190566
  5242 2.00893406293091 5.59248456860734 2.15965371479160
  5244 3.56663077323644 2.08751559355406 3.96688226320769
  5246 3.17223175211161 1.66488092733257 4.31667297279650
  5249 6.74022990122299 3.02455059557038 1.09452931283386
  5250 1.92650954492558 6.20233926221837 4.47197966507653
  5251 1.62598437131560 6.21272234209758 4.24444421593136
  5252 1.59429630703773 1.08260796210964 2.25170698052225
  5254 1.59007706431499 1.49213437133835 2.68643177959002
  5255 2.44218474252883 1.76114713653940 3.85882689628526
  5256 2.79399710500625 1.56196788597761 3.75443805366352
  5260 3.72090558583927 1.96814979525723 2.43260053181574
  5263 4.94900625850754 5.13821228150847 4.85189612963690
  5266 1.25236268301971 1.58457567255360 4.24661409917369
  5267 1.44354790249886 1.27171942995134 4.16671126977533
  5268 1.10220223097742 5.71613067209388 2.70404870111567
  5269 0.69432375659852 5.66611398023713 3.06596008123903
  5275 5.38156994973226 5.56803101731874 4.79362063784975
  5276 5.23025821961990 5.28150680360209 4.58018588334288
  5277 5.24560070135512 6.78515258070285 5.27092854555185
  5278 5.15998919785749 6.50187312820992 5.42412877594312
  5279 2.93863921722953 6.27479749481540 3.21496227910835
  5280 3.40181974636580 6.22848257242813 3.20836486251756
  5281 2.43548131640133 5.40420316290380 2.09383887287682
  5283 5.97154851894824 1.09740378426602 5.33368897219808
  5284 6.31085472476543 0.71307665970687 5.17216541538234
  5286 4.83018096571166 6.60691029859898 5.68657326641934
  5287 4.77745839733986 6.91490769466866 5.71061670347682
  5288 4.02639996929742 1.74694842588942 2.66355258123995
  5289 4.32120769774407 1.87467260346288 2.55730595914912
  5297 3.19297039765455 2.40718044730324 4.48330536051034
  5298 3.02323380769366 1.87556892223751 4.56506955313958
  5301 5.75180924756086 2.18537384860208 3.35703058696598
  5303 6.64395969734905 2.41948197302914 3.02191455932367
  5305 4.31336703117679 5.67717405720774 3.95138819400774
  5306 4.22313273502464 5.78738270875863 3.72057318081816
  5307 4.04065393599169 4.93740562110093 1.84349101835530
  5308 4.36373434753102 4.84665132248027 1.96462587744935
  5310 0.27445726118889 2.44820013826281 4.07740651308315
  5313 1.36102153598882 1.35835516363025 1.88375567660212
  5315 0.70629229528082 2.63801822967574 3.91931474593491
  5316 0.76483138648616 2.82562965730067 4.23040096883632
  5317 4.89977882013966 2.26775782279971 3.86599678204323
  5319 5.03426461715792 5.40452939853735 5.13065142134732
  5320 5.25544904137021 5.60622323373893 5.04496372764460
  5321 5.91810659111439 0.47380161227339 5.12662957162958
  5322 5.65094525048612 0.80973507918449 5.26666757108417
  5327 6.25126956936045 0.68597910654246 6.48276484995700
  5329 4.26118753913377 2.13265250948179 2.28902787589569
  5330 3.90903761971122 2.18797644533017 2.23732590334093
  5336 6.54005196587397 1.90388692463296 4.81761464008297
  5338 6.82988942602628 1.69168508768754 4.75738500613142
  5339 2.89167623697367 1.50928741536777 4.17638814105641
  5340 2.54574487101323 1.70736480087607 4.35536218853123
  5341 6.19492403582373 3.57621812187538 1.54148567746300
  5342 6.13251673857885 3.26398474075908 1.21448995156836
  5355 1.47931816923475 2.91107455251319 2.78105070943893
  5356 1.40898027128326 2.73442013399982 3.28658716707602
  5366 0.54761769344805 0.84088773918180 1.85810662693751
  5367 0.54682021861320 0.67623984019233 1.39972216043689
  5368 6.31634480477716 1.64771717304918 4.71187350580419
  5369 6.51324002755291 1.44036998239138 4.65125557568837
  5370 0.93123111786492 0.82824691860176 1.82002932094687
  5371 0.85783811928860 0.65825369053561 1.41169425926052
  5373 3.60114852272626 2.56428751150798 0.67392180990439
  5374 3.24763099880794 2.70706759259122 0.81044310891877
  5375 4.31076223657807 4.52109116694389 1.86599141217257
  5376 4.03796779802801 4.56272205165306 1.76059926618594
  5378 1.34155462481890 5.15871629930816 3.81160994169251
  5379 1.12050323657186 4.78453214588548 4.06781381839061
  5380 3.07326275389225 2.97512134892329 2.38211335252498
  5381 3.09408353403270 3.02873872665089 2.29083640932114
  5385 2.51683044667024 4.11087737241813 0.00575748451420
  5386 2.27303742186933 4.44901417676038 0.29413238754180
  5388 5.62652658597133 0.41875438396494 3.86900626226946
  5391 0.46380129265083 4.62246391570648 3.26930509026454
  5392 0.56550029305949 4.61829220520039 3.75087236382612
  5394 6.36186399781610 5.88528163193927 3.07320461937970
  5399 2.62571652924604 6.30435759798264 6.20269253921364
  5406 3.27832513240955 2.81782867265579 1.05670047173996
  5412 0.89195782207717 5.21701537510179 3.65520946850109
  5413 0.74278209632018 4.85289390236727 3.93110580397347
  5414 2.40212950236437 5.90657765959664 6.48540198966512
  5415 2.48325499931925 6.24087891457845 6.46913446155606
  5416 1.61616837552054 1.81142071751772 5.65420920376211
  5417 1.40931905385273 1.65010780471210 5.63670548798097
  5421 5.07655200454359 0.18093909127268 4.33664316488718
  5422 5.20598280127744 0.15878323176370 3.89120095282666
  5431 6.82043469080019 5.40654467825657 3.09525700243836
  5432 6.64616520091615 5.69020611822723 2.87448354312975
  5435 5.13617777472032 1.04574805383242 0.92432062056900
  5437 5.37513226952263 0.68509752081982 0.79873097455834
  5438 1.29012345587995 3.24313830340463 3.28782084607607
  5439 1.34895810373211 3.30472298865098 2.90170474417434
  5440 5.25241348171714 1.03714182986477 1.21791561642697
  5441 5.48898808064579 0.68409457239520 1.07778938476444
  5442 1.66656239600671 1.78710370802740 5.42604846155728
  5443 1.45606461763063 1.62354292311768 5.40810404844870
  5444 0.79014391549156 6.01130282817331 3.35266589265517
  5445 1.10961187081074 6.19213044737715 3.25371832983451
  5446 2.57232388054495 4.29352883170036 0.54090608311670
  5447 2.72605212029150 4.04565729431741 0.30813564890494
  5450 6.94313258560491 0.37568242570363 0.20342707790144
  5451 0.72091683410277 4.22451500010051 3.56943554627235
  5452 0.55973925226119 4.40339812106240 3.19580153440919
  5453 5.30881123691373 2.40593688580066 4.33109541448079
  5454 5.74578727233189 2.47634003840668 4.09680619012749
  5457 6.59997964815991 0.15204031547271 5.93972911408898
  5458 6.98845490790532 0.01462075932827 6.21119609183014
  5459 6.08777870314247 1.44807736955459 4.07517823986069
  5464 5.51001468044193 2.52614553895234 3.72224377888514
  5465 5.09790985318024 2.48020131378341 3.91920941977150
  5469 6.47236730043438 0.77105608249896 6.97523680647861
  5470 6.92986993384670 0.64309589892906 6.87682216171638
  5471 6.45127443447737 1.24449923857635 4.25190808281866
  5472 6.75678410225474 1.26500554526957 3.95959663891166
  5476 4.83830594858158 4.14350400970088 4.27169696816680
  5477 4.80423815245564 4.17466099443741 4.42381644659052
  5485 1.53879234803633 0.32195092084008 3.28301962694723
  5491 4.65771366480640 2.23771178714470 1.30700402992967
  5496 5.84384870775392 4.58034997795879 2.11013915149262
  5497 6.35418263438473 0.53764451098508 0.30766172448277
  5498 6.56957866042298 0.38603763725960 0.43307516892083
  5506 1.79070858742313 4.85393119824746 1.42552548652367
  5507 2.68443258399856 5.83423806298646 5.94309062911137
  5508 2.55040399280636 5.66042983155963 6.11579032086979
  5519 6.64318855769149 0.58639886020116 6.17625240728381
  5520 6.97751091932554 0.51636799779695 6.41824032438043
  5526 4.56204289312036 1.77522312265667 0.54822780859981
  5527 4.89625054685608 2.12611500377521 1.00925328479447
  5530 5.25595738699451 2.82241803666844 2.72930565417313
  5536 2.18674063390429 6.11286614954531 1.19996791142291
  5537 1.85574017333970 6.07104254553519 1.58704077539209
  5545 6.27412568553396 4.62418832887705 2.28396090843159
  5546 1.72818141937266 4.67733239930639 0.61829264099684
  5547 1.87636371510754 5.06062613826413 0.91640266845235
  5553 1.98441261691245 0.13997813169230 2.95010955101548
  5554 1.82695016113320 0.25981762945371 3.32810442381497
  5590 4.78524263477013 3.36023570642051 2.89294778566641
  5591 4.86372182328091 3.00915383694315 3.01709056389390
  5592 2.15102320939617 6.04351193570104 1.95734884989086
  5622 1.03720122944533 6.89238108497894 2.69520850681201
  5627 1.49382789569631 6.80986409459102 2.39050665906765
  5628 1.16012650942516 6.65926169236175 2.50003005869508
  5630 6.47120129246880 3.74394786818354 5.19227698586312
  5631 6.62822050320217 4.23884252218324 5.30353939860895
  5636 5.68949167974236 5.02743086408352 2.46006517139469
  5637 5.41882950852830 5.09405119256914 2.09639831188676
  5638 5.57275716067091 4.88544925683550 2.29920526762173
  5639 5.43023225149323 5.18720408178976 2.11548751802968
  5640 5.63079931831688 5.23575729036034 2.40200821488087
  5646 5.88906510403226 4.56404396800032 1.68620124670049
  5650 6.59617028336212 1.52913573115659 2.48526145706761
  5651 6.68448305873884 1.91264907644430 2.43768464968814
  5661 6.94320051089671 2.04885028370401 2.80185428374778
  5662 4.89662487622670 1.47801444650147 3.62927246154251
  5667 0.08068580569302 2.60258556718697 4.35170056098107
  5668 0.26367935784207 2.82037229874258 4.50312368405307
  5670 0.42271473630096 2.69006277820189 4.45041895602738
  5671 0.23702859959027 2.50047779619465 4.31733254467480
  5672 6.08249449132927 3.92522178055085 1.36659947775762
  5673 5.73422526685547 4.16201302210740 1.56301927204750
  5674 4.90589597349576 1.78804051650204 3.46389201152634
  5676 6.53682975095295 3.56794225959083 5.70189019638307
  5677 6.69621021913146 3.98573566765304 5.91259446584739
  5679 5.10778939328160 1.37471771580022 3.46194512325339
  5680 5.26447454285517 3.89133264824261 5.54392821361682
  5681 4.91298942798307 3.87801620315517 5.72555628199784
  5683 5.03992438822899 3.69335022404141 5.89906867955741
  5684 5.34944927363239 3.70875382498437 5.73122585942139
  5691 6.77919122487024 3.63288837425913 1.76074356352407
  5692 0.07575874384545 3.33487916193552 1.53467327406446
  5700 0.18364557844398 3.00574342462030 1.80652323685448
  5703 0.89632447306450 3.92992475894264 5.18873514557284
  5704 1.20087556210822 3.94182052522919 5.02266667319689
  5706 1.12326364822671 4.01059703126747 4.77239893767428
  5707 0.73495545739398 4.03912467336769 4.85929294967954
  5708 2.00533180824760 0.92705987310228 4.53298126314934
  5710 2.14060531169329 0.53708821130313 4.36525371873100
  5713 1.78590596716597 0.82499790585274 4.74943847668291
  5714 1.81716908598538 0.40817351460581 4.67964272000212
  5716 1.14303061727064 5.46375681213565 0.74861472312662
  5717 1.66392374895387 5.37034418102874 0.93160042249778
  5720 6.59596628253568 4.64335101158303 1.97953895409863
  5723 4.00722692898766 1.62751925983943 0.90994710689866
  5724 1.14816555428690 5.45085675489646 1.20056223155901
  5725 1.51357046995685 5.39805001694376 1.27851422742963
  5726 6.56839593328082 4.27037824416678 1.41997016289053
  5727 6.44686241688245 4.59614302122166 1.58338798792841
  5731 4.17788585534826 2.09034833071676 1.25470324659500
  5732 4.08132644153702 1.81240466468761 0.85683834840525
  5733 1.75620692176875 4.18567549570631 0.79416008810018
  5736 1.63602260280241 4.33677767619206 0.84976620796729
  5737 1.63800627722953 4.38120506066868 1.24285745739470
  5738 4.10879307414586 1.93028531680318 1.49149641883378
  5739 3.99013074731916 1.58253528416556 1.33660817329060
  5740 0.36953078312510 4.74576608843992 0.88795554566420
  5743 6.91489510807998 3.98657602235485 1.70936247082220
  5744 6.95519640400910 4.16722861641116 2.04478118037493
  5745 1.78011979098531 4.21775114187061 1.33533239807090
  5746 1.90636590583595 4.04801271576987 1.05790185059043
  5747 6.60767557612837 2.17990211898668 3.52169912120357
  5748 6.15322210694519 2.04199005391286 3.67521420263146
  5751 5.60876646155232 1.46404932080804 2.16821921920225
  5752 5.10034436336178 1.31538926348429 1.82791545011894
  5753 5.32989187313945 1.25818650534199 2.19968386109009
  5755 1.38488486050353 4.35901187353475 2.79636408624023
  5757 0.34713069788499 4.70662782474933 6.99189512078934
  5758 0.74356766266259 4.80482371467313 0.23587892605838
  5760 3.53982562493375 0.45334717816792 5.64041163803213
  5762 6.25224854755928 1.93542242615037 1.21306146753974
  5763 6.39673567333218 2.24420330790961 1.39729259727028
  5765 5.59746282978963 1.87000662654825 3.20952612189792
  5767 5.11629342071190 1.69175696819396 3.28799039596761
  5768 0.65282583030358 4.46722935706668 3.06389127157730
  5769 0.62992512219903 4.22516743714024 2.53529866728588
  5770 6.08586605378102 2.32773183293718 1.45886414802935
  5771 5.99053540298484 2.00556920913622 1.26873871440504
  5772 1.44023752328144 3.90977810584378 2.54701650340039
  5774 1.01634736716634 3.82943158909393 2.37606690158337
  5775 1.37432179178168 4.32924502719572 2.69837911878402
  5776 0.80532176745990 4.20113434588785 2.44341384125392
  5780 6.89138401251437 4.61986745073445 0.87063102492641
  5781 6.79502814966513 4.58564829624590 0.59907676805702
  5785 5.56253801713809 1.95165524738514 2.75985824810827
  5786 5.05366618805562 1.75299716584458 2.88367440238249
  5787 6.84153847982698 4.35993899020937 0.96250133055498
  5788 6.70554550154099 4.26475030673980 0.63882211389849
  5789 3.39659992622678 0.72802385324053 5.25994628234902
  5790 3.06643720165474 0.62363732212396 5.20165065178354
  5791 4.51133826909746 3.21627689294206 1.63612576611268
  5796 1.25569134157393 3.63480906624159 4.36970350236774
  5797 1.33947217367027 3.78250510781980 3.75560840500577
  5798 1.49214405178833 3.77798949452202 4.11348833030137
  5799 4.80868658858740 2.79815437512021 1.61583222884519
  5800 4.71227501343086 2.55910932519926 1.26152616281863
  5804 0.88489883715319 3.59721349790650 3.77469514327346
  5805 0.84186802113079 3.48995504731022 4.14025854023509
  5810 6.17540659449580 1.58549621505518 3.70482763878263
  5813 6.47376277127777 4.69386844070917 3.14722947176135
  5814 6.14947069365967 1.19698603971477 3.15450112762921
  5815 5.91334629129517 1.43431683616527 3.43971231870009
  5816 6.81970563639061 5.12916458759467 2.99132840929476
  5817 6.65943855335773 4.83990720906326 3.23401559395894
  5820 3.96116724115359 3.25929781681634 1.42078282586117
  5821 4.28817771500487 2.92100612302075 1.09386892648289
  5822 4.26360697568763 3.24051948415316 1.31126984022395
  5823 6.45909453268117 5.06887183362287 2.42844855222652
  5824 6.26242077607566 4.88118347167547 2.48388664344483
  5827 4.76146903080328 1.21042018164112 6.06649539093729
  5828 5.09933379546763 2.62435389596902 0.02300565177122
  5830 5.14610271765068 2.77701137812991 0.34178416099141
  5831 4.82507339510786 2.53645338077201 0.14880219114727
  5832 4.91540186618118 2.70044333874347 0.42964689612845
  5833 3.87509160903797 2.65973501213480 1.10640765367193
  5834 3.69218825662344 2.77852669846667 1.25995558160204
  5836 4.55180049660739 1.09690048639659 5.85232980941378
  5839 6.84082066992330 1.79073831223557 3.50412794446332
  5840 3.39006433196722 1.43461858858424 6.67389180463911
  5843 3.33534539090878 1.94690624169635 6.81242554589444
  5844 3.51349205735687 1.75016482429365 6.59923011400502
  5845 4.66125744810844 1.66453046063675 6.17914939230820
  5846 4.11627395113333 1.95537643701585 6.13441046452890
  5848 1.39248949368878 2.33197639772585 3.54066470366357
  5849 1.74571525705978 1.95576726125192 3.41965517190262
  5852 4.71852966990605 1.45918267150272 5.99802158497661
  5853 6.55325537486461 1.20517484861812 3.25905112928181
  5854 6.58635478887287 1.45832766554703 3.60320664288072
  5855 6.83690216106233 1.39190756908140 2.86143816267693
  5856 0.02343177147305 1.74003759285593 3.03341474875536
  5862 2.04871752553442 2.33298952929695 3.34414870394216
  5863 1.61151211115431 2.57415377543110 3.48584904403759
  5864 6.04868738060506 0.38881821829214 4.34923470504269
  5866 5.81368410843260 0.29872840122213 4.68535767817860
  5868 1.19132744801464 0.55428940937370 2.54752600751610
  5870 3.08379094136985 1.49501760946815 0.02325586440260
  5871 3.07229719255285 1.69493838492357 0.07025354143021
  5875 1.33153506995900 0.62758629239087 2.29075624708943
  5876 1.57348505433403 0.35964231430356 2.26884010750620
  5877 5.70626286210722 0.54517719057857 4.17246832828184
  5878 5.49329886589557 0.47319038620289 4.43855762995911
  5879 6.51579690747906 2.99321067402206 2.40265337860611
  5881 6.29189857007554 3.32902175088637 2.32003890365928
  5884 4.57917274170619 1.34996291247690 5.34009476900748
  5885 6.19497875967744 0.44972497316771 2.08293337981161
  5886 6.46618933289102 0.27608281234797 2.27256918549454
  5890 6.37886594986280 0.60306652920960 1.91799899759686
  5891 6.65432463519906 0.49290134387458 2.05706395916469
  5892 1.34933915430252 0.22300683079984 2.67471548939914
  5893 1.53044296006915 0.15820759514482 2.54290089231865
  5894 3.92481061760501 1.58211272139108 5.30088783702809
  5895 4.20348154729787 1.50034330193983 5.09697197566405
  5896 4.00699978249551 1.47841494907639 5.72974093330309
  5897 4.49535653066512 1.29389501760688 5.77219250189570
  5898 6.91762950147216 3.19766329450741 2.26516178520048
  5899 6.73934009808822 3.52607534953650 2.19107378265835
  5901 5.31092095989975 2.54882254228314 6.25841831159423
  5931 5.29514220251690 2.11607187105494 6.24604499555513
  5932 4.94753919943573 1.94437857121550 6.02010166263225
  5940 2.99829251071028 6.17919382361290 2.57126505802367
  5941 2.81091692091437 6.24211422609412 3.01579237550970
  5943 2.63324831731346 6.52339235364620 2.78765469107662
  5944 2.80040055001986 6.44226169206883 2.44298034087133
  5948 6.62243532845657 0.48256342097885 3.35238722464653
  5949 6.76105579127946 0.70823318919557 3.36117046157373
  5953 6.77406864020641 0.36866475243092 3.14636084667802
  5954 6.94337037205338 0.61397947372067 3.14129899775411
  5956 0.98341994758626 1.90696698093957 2.44379730149450
  5957 0.80200044141636 1.68677627182425 2.03756367100168
  5959 4.93620309064387 3.00332585243075 5.79364088598293
  5960 4.62777525949657 2.73885028196443 5.47143628105090
  5963 4.09603945137784 0.67572261489296 6.05830092634443
  5964 4.92632920444005 2.74345126633963 6.10997270130320
  5965 4.67835625135590 2.45033472265752 5.92911690590015
  5966 4.27856525881903 0.07304838082204 6.26740671840076
  5967 4.14610682564038 0.29933006141810 5.87387546433025
  5968 1.33336989191095 1.83292394218312 2.28155334197923
  5969 1.26028340306455 1.64971258139719 1.94710392433313
  5971 4.43803938399463 3.77122733775909 3.74673486566675
  5973 0.84574260266381 3.33264471181783 1.63486575694579
  5975 0.76749223071393 2.99233321668627 1.85560560426626
  5976 4.56619839745062 3.80926657910793 3.21736995975110
  5977 4.85340655356411 3.57466508925148 3.12809386938217
  5978 4.96398688951887 6.30603683749905 0.16092215915861
  5980 4.92070513733847 6.02083534456824 6.76318808200711
  5981 1.06535803945234 3.18735597281788 1.46715380763103
  5982 1.05037535089993 2.91717964752359 1.58664588368196
  5983 4.63578282509371 3.18606692667145 4.07003678836368
  5986 4.74097962324998 3.43683080158756 3.94024246304024
  5987 5.02695833165446 3.31306767879553 3.54455113449851
  5988 4.57125012725332 6.28992807371261 0.22960593182208
  5989 4.47906408672839 6.08414440730475 6.95728691342705
  5990 5.03046580933504 3.03925629829499 3.47999404924043
  5991 4.81594043217039 2.80157099412228 3.78318772707814
  5997 0.12588823096541 3.59191911832285 4.73171623219223
  5999 0.35437249835564 3.86994270594486 4.63745492117585
  6000 0.16132871478211 3.52486900482725 4.45467598009376
  6001 0.33792324096610 3.71913151034168 4.37022565971636
  6025 3.60088477221883 3.50124507133662 3.61727749159577
  6026 3.34860624402470 3.57669466140657 3.84407270643453
  6030 3.76117817120402 3.60007263037199 3.79698347162165
  6031 3.59046474020083 3.66388531475734 3.99049955172914
  6033 5.51002037068824 3.79523287107491 2.25730979880286
  6034 5.76765364180345 3.43822248572022 2.22692736695990
  6035 5.22640711854253 3.49158197753951 2.27371337933441
  6036 5.40780530386263 3.24242065651532 2.24784456778369
  6050 3.29244370603457 0.68934789002031 3.57290529041589
  6052 3.25751102124876 0.32628613799991 3.40476295237717
  6053 2.99339383212402 0.16153872088990 5.92609680693035
  6054 2.74553070362395 0.22512937524824 5.73958791651111
  6058 3.18182849858542 0.16712910289499 5.70385578452443
  6059 2.95913734740675 0.21475898858109 5.51878587451091
  6060 3.43093314404868 0.89229186878244 3.28063328198009
  6061 3.48661511358139 0.56558427231258 2.96914262576258
  6062 2.58095180250104 1.35692572259550 2.49662548866413
  6064 2.64602298839590 1.71783678539654 2.48494594350816
  6065 2.83795545685483 1.37635495848620 2.60888164979487
  6066 2.85809017713798 1.67972920590932 2.57946593766791
  6067 4.60932847140598 6.24151577889746 6.18050208576370
  6068 4.84754642472413 6.57108545575623 6.00173599272083
  6070 5.21361369358720 6.38207316004222 6.32283011590579
  6071 4.99237214492838 6.07077423259377 6.47768923554119
  6075 5.43094635040094 1.54576011939904 1.44561130470995
  6076 5.65756564372150 1.60197765742332 1.54736683949641
  6080 5.31495593097934 1.60185392819074 1.66175472172349
  6081 5.52808688839933 1.65711419649499 1.77773456978816
  6082 4.44911612509954 0.82611837840382 6.72428674915717
  6083 4.65094935884454 0.47884625866147 6.83449788895258
  6085 4.26256434720129 0.27425333749755 6.55255519171074
  6086 4.14153951830488 0.60754466614521 6.49322696257788
  6093 5.40473173749605 1.42793101641129 0.10012501452518
  6094 5.51274678018916 1.18016198807462 0.03249066986606
  6095 5.47793070648468 1.37244868774286 0.41942275464297
  6096 5.59923282110069 1.10569067475312 0.33908027654636
  6102 2.81542231309604 5.82195127716591 1.62825700723324
  6103 2.69376849192152 5.79336928391695 1.93335756231399
  6105 2.53796063380807 6.04840819377186 1.88502823898286
  6106 2.63544750845626 6.07371548317944 1.62940668787049
  6107 5.05545456335701 6.25185316199216 3.40090192255579
  6108 5.22513614948313 6.16022645487930 3.87613734074192
  6110 5.35239597016606 6.70991469984472 3.66199888149657
  6111 5.17973316403514 6.63958833755982 3.35388568368478
  6132 6.51449697328148 5.62092830713268 3.83462647457183
  6133 6.30601869807294 5.84928893391193 3.74267394035008
  6135 6.26794923831310 5.69866520336396 3.56082898073358
  6136 6.43631962350005 5.51927979854746 3.63038384295945
edges 4080
5      8      5
6      5     17
12      9      8
50     31     33
94     64     77
95     77     55
102     55     52
115     71     74
126    103    102
148     87     85
150     85     91
173    124    125
204    131    127
210    127    125
217    142    141
218    141    158
221    152    145
222    145    148
223    148    142
231    151    146
233    147    158
234    141    150
236    148    143
237    143    150
238    145    146
239    151    143
241    161    138
242    138    152
245    138    163
251    162    163
261    171    185
264    173    179
265    179    171
268    181    180
269    180    173
271    175    190
272    190    191
273    191    181
274    179    174
284    174    177
290    180    177
294    197    194
295    194    190
346    229    232
379    241    240
380    240    238
382    238    243
440    284    285
465    297    299
466    299    295
467    295    298
472    299    304
473    304    308
474    308    312
475    312    298
484    306    297
485    306    300
486    300    304
504    322    320
505    320    324
508    322    332
509    332    330
510    330    324
511    321    330
563    378    365
570    375    362
599    392    390
600    390    413
616    389    390
620    419    389
654    430    432
685    442    429
693    462     52
726    472    471
727    471    470
728    470    478
729    478    477
730    477    479
733    471    486
734    486    487
735    487    478
736    472    483
737    483    485
738    485    469
739    469    486
743    482    483
752    476    481
753    481    469
754    485    476
755    476    484
756    484    480
757    480    488
758    488    481
762    487    488
763    480    477
786    432     71
793    509    510
796    514    102
797    103    518
800    514    520
821    538    539
847    539    540
848    540    531
859    548    557
860    557    544
866    549    563
871    553    554
872    554    295
879    548    553
882    562    549
887    577      5
896    580    577
900    586    587
901    587    585
902    585    566
903    566    580
906    585     17
962    606    617
986    626    627
994    629    627
1012    641    643
1029    647    662
1030    662    657
1034    131    648
1035    648    662
1036    648    651
1048    322    678
1057    668    332
1060    668    669
1061    669    676
1062    676    678
1064    671    666
1065    666    669
1070    679    548
1075    666    679
1089    699    686
1100    681    684
1107    699    554
1149    724     33
1163    742    739
1176    736    741
1177    741    742
1210    719    763
1212    763    764
1225    668    782
1242    769    776
1243    776    783
1277    795    794
1280    796    802
1291    796    803
1336    243    833
1337    833    824
1349    835    845
1350    845    843
1351    843    844
1352    844    841
1353    841    835
1354    835    838
1355    838    852
1356    852    587
1357    585    845
1361    836    846
1362    846    586
1363    852    836
1364    836    848
1365    848    849
1366    849    853
1367    853    846
1376    843    851
1377    851    850
1381    849    686
1382    566    851
1397    863    867
1405    865    871
1411    862    865
1413    124    862
1415    870    871
1416    870    863
1421    877    875
1436    872    890
1441    877    894
1459    885    890
1463    911    913
1470    910    911
1475    901    909
1476    909    655
1483    903    912
1487    903    910
1497    920    923
1498    923    927
1499    927    924
1542    947    940
1543    274    947
1584    971    978
1585    978    968
1591    969     87
1594    979    969
1597    979    967
1606    973    976
1615    967    977
1618    977    976
1620    991   1015
1664   1020   1038
1671   1022   1038
1677   1022   1037
1678   1037   1021
1679   1021   1036
1680   1036   1035
1681   1035    171
1714   1045   1046
1720   1046     64
1739   1020    927
1741   1059    920
1742   1065   1068
1748   1070   1065
1752   1081   1068
1776   1081   1076
1777   1076   1080
1783   1091   1099
1784   1099   1106
1785   1106   1100
1786   1100   1098
1787   1098   1091
1788   1091   1094
1789   1094   1097
1792   1093   1102
1793   1102   1099
1794   1098   1092
1795   1092   1101
1796   1101   1094
1797   1100   1104
1798   1104   1103
1799   1103   1092
1817   1112    472
1820    862   1112
1824   1118    470
1831   1114   1118
1833   1122   1114
1845   1137   1136
1846   1136   1126
1847   1126   1130
1848   1130   1134
1868   1122   1137
1890   1151   1147
1894   1153   1155
1902   1080   1156
1903   1156   1155
1919   1181   1178
1927   1168   1184
1957    266   1202
1980   1207     85
1984    626   1207
1985    643   1210
1986   1210   1211
1989   1209   1210
1991   1211    681
1992    684   1209
2003   1214    722
2004   1212   1226
2006   1217   1212
2007   1212   1218
2010    940   1226
2012   1216   1218
2020   1221   1216
2069   1244   1255
2078   1259   1266
2083   1259   1261
2084   1261   1265
2092   1065   1265
2137   1289   1293
2141   1287   1289
2145   1287   1294
2154    580   1300
2179    476   1304
2180   1304    146
2211   1336   1328
2215   1330   1323
2216   1323   1326
2219   1324   1336
2220   1329   1324
2221   1324   1325
2222    976   1346
2224    147    973
2227   1349   1346
2229    158   1345
2230   1345   1344
2231   1344   1348
2232   1348   1347
2234    141   1344
2235   1349   1350
2236   1350    150
2238   1348   1350
2244   1357   1353
2251   1364   1352
2254   1362   1361
2255   1361   1364
2261    662   1352
2262   1361    657
2286   1380   1382
2287   1382   1376
2288   1376   1377
2299   1375   1357
2301   1380   1375
2302   1326   1376
2333    392   1401
2334   1401   1212
2343   1147   1405
2345   1405   1226
2358   1406   1409
2362    174   1406
2384   1419   1421
2385   1421   1424
2389   1430   1419
2406   1439   1447
2407   1447   1446
2408   1446   1445
2411   1448   1439
2413   1329   1449
2414   1449   1448
2421   1449   1447
2422   1445   1440
2445   1460   1336
2455   1466   1457
2463   1459   1461
2470   1472    890
2471    885   1457
2488   1460   1077
2497    852   1481
2506   1484    469
2530   1508   1493
2533   1489   1504
2535   1493   1502
2536   1502   1489
2537   1489   1496
2555   1510   1511
2563   1517   1530
2570   1521   1527
2583   1528   1529
2589   1529   1525
2621   1549   1563
2622   1563   1559
2629   1559    644
2661   1566   1570
2669   1571   1570
2682    900   1577
2683   1577   1081
2690    557   1580
2691   1580   1587
2692   1587    679
2726    297    515
2731    299    699
2758   1616   1617
2770   1619   1622
2775   1622    969
2776    967   1617
2836    362    769
2837   1532   1657
2840   1656   1657
2853   1663   1137
2867   1671   1666
2868   1666   1667
2871   1666   1676
2877    161   1674
2878   1674   1668
2883   1674    782
2888   1677   1676
2924    901   1698
2925   1698   1261
2926   1577   1703
2930   1702   1698
2931   1702   1701
2932   1701   1265
2933   1701   1699
2934   1699   1068
2935   1699   1703
2956   1521   1709
2967   1722   1724
2972   1717   1719
2977   1725   1717
2978   1717   1722
2980   1725   1723
2981   1723   1724
3000   1732   1736
3016   1376   1317
3019    912   1742
3021   1742   1380
3036   1765   1751
3069   1775   1769
3077   1779   1775
3082    958    841
3117   1792   1789
3121   1800   1792
3128    824    180
3129    181   1804
3130   1804   1806
3132    833   1804
3135   1809   1810
3136   1810   1806
3146    849    304
3154   1207   1622
3229   1843    867
3252   1855   1130
3253    375   1854
3264   1861   1676
3269   1861   1862
3272   1862    260
3314   1809   1883
3325   1884   1891
3339   1862   1015
3342   1894   1900
3343   1900   1901
3344   1901   1202
3348   1895   1900
3372    763   1913
3373   1913    945
3381   1915   1912
3382   1912   1867
3383   1913   1915
3385   1912    764
3406   1544   1927
3407   1927   1926
3408   1926   1289
3409   1926   1244
3416    241   1927
3419   1795   1939
3420   1939   1938
3461   1642   1349
3500   1965   1155
3501   1965    540
3516    531   1964
3533   1973   1884
3534   1973   1725
3574   1989    175
3575    190    641
3579   1806   1563
3594   1303   1996
3603    479   1999
3604   1999   1527
3605   1517   1938
3611   1939   2000
3618    194   1210
3619   1209   2003
3622    197   1211
3628   1699   1736
3640   1021   1352
3649    647   1036
3673   1677   2038
3674   2038   2032
3675   2032   2031
3681   2034   2038
3682   2031   2024
3683   2024   2029
3692   2027   2030
3693   2030   2025
3695   1668   2027
3699   2030   2029
3700   2034   2035
3704   1214   1855
3725   2043   2045
3744   1924   1883
3745   1549   1810
3747   1797   2058
3750   2057    482
3753   2057   2058
3755    742   1722
3764   2062    909
3775   2063   2071
3778    576   2063
3781   2074   2071
3817   2032   1895
3822   2035   1762
3828   1259   2084
3829   2084   2085
3830   2085   1698
3836   2062   2085
3842   1227   1582
3862   2094   2100
3865   2097   2094
3866   2094    497
3869   2097   2096
3876   2096   2104
3877   2104   2008
3881   1639   1459
3885   1965   2106
3890    539   2106
3899   2109   2110
3901   2110   2111
3905   2111   1502
3906   1493   2109
3921   2118    843
3922   2118    289
3924   2122   2121
3928   1656   2120
3929   2120   2122
3931   2119   2123
3932   2123   2120
3933   2111   2119
3935   2121   2123
3955    602   2127
3966   2135   2141
3971   2135    520
3991   1406   1854
3995   2135   2127
4002    478   2146
4013   1266    846
4014    836   2084
4017    308    853
4028   1751   2153
4030   1765   1792
4031   1789   2153
4033   1996   2058
4049   2029   1587
4060   2161   2162
4074   2000   1318
4090   2173   2171
4091   2171   1181
4094   1348   2173
4112   2180    390
4113   1401   2178
4119   2178   1217
4126   2123   2173
4129   2119   1344
4130   2110   1345
4147   2178   1097
4149   2180   1091
4151   1099    413
4153   1093   1904
4160   2186   1279
4169   2192   2186
4197    347    700
4201   1481   2085
4242   2221   2223
4247   1103   2222
4248   2222   2225
4249   2225   2227
4250   2227   2221
4257   2223   2218
4259   2218   2227
4263    312   2229
4266   2230    850
4278   1362   2237
4279   2237    910
4287   2031   2238
4288   2238   1900
4310    509   2122
4330   1445   1525
4351   2097   1499
4352   2096   2251
4353   2251   2182
4360   2253   1566
4361   1570    162
4377   2218   2260
4378   2260   2259
4379   2259   2025
4380   2259   2230
4381   2260    851
4382   2227   2118
4393   2266   2265
4394   2265   2264
4397    870   2266
4399   2265   2262
4401    871   2262
4421   2269   1419
4452   1894   1421
4453   2269   2238
4458   1571   2222
4469    803   2266
4496   2260   1300
4503   2288    518
4508   2289   1106
4524   2161   2283
4527   2268   2143
4533   2253   1098
4548    802   2298
4552   2297   2298
4553   2003   2297
4571   1775   2303
4573    617   1769
4584   2306   2264
4596   2308    911
4605   2303   2311
4610   1779   2311
4613   2104   2288
4616   1927   2312
4617   2312   2313
4619    796   2312
4620   2313   2298
4623   2313   2306
4624   2312   2265
4626   1926   2262
4696   1657   2337
4785   1020   2366
4788    173   2366
4889   2401   2402
4895   1616   2401
4896   1642   2402
4964   1732   2425
4967      3   2425
4971   2428   2430
4975   1255   2430
4976   1996   2428
4978   2057   2430
4993    808   2436
4996   1769   2436
5070   2460   2461
5072   1249   2460
5076   2043   2461
5081   1571   2463
5082   1092   2463
5083   1566   2463
5086    453   2464
5087    510   2464
5091   2466   2467
5092   1044   2466
5093   1424   2466
5096   1894   2467
5097   1202   2467
5155   2486   2487
5162    358   2487
5177    647   2493
5180     47   2493
5185    131   2495
5188    651   2495
5200   2501   2502
5206    901   2501
5207    900   2502
5211   2505   2506
5214   2045   2506
5221    173   2507
5224   1020   2507
5249    795   2517
5266   1587   2522
5269    669   2522
5291   2531   2533
5293   1619   2531
5296    848   2531
5298   2084   2533
5317   2540   2541
5324   2014   2541
5336   2546   2548
5338   1045   2546
5340   1050   2548
5341   1148   2546
5383   2218   2561
5386   2025   2561
5451    724   2584
5457   2586   2587
5459   1517   2586
5460   1527   2586
5462   2000   2587
5463   1999   2587
5465    833   2588
5466   1809   2588
5541   1279   2612
5564   2620   2621
5568   1466   2621
5570   1459   2620
5577   1496   2624
5603   1510   2632
5643   1559   2645
5659   1386   2652
5695   2100   2664
5698   2237   2664
5716   2311   2670
5755   2027   2683
5788   1671   2692
5789   1677   2692
5794   2692   2694
5795   2034   2694
5820    557   2701
5831      8   2704
5859   1021   2714
5862   1038   2714
5867   1330   2716
5870   1357   2716
5911   2732   2733
5914    968   2733
5916   1259   2732
5929   2738   2739
5931   2162   2738
5934   2283   2738
5935   2285   2739
5950   2588   2745
5987   1496   2756
5993   2758   2759
5994   1493   2758
5996   1504   2758
5997   2109   2759
5999   1667   2759
6013   1855   2763
6058   2268   2778
6061   2106   2778
6062   2779   2780
6069   1168   2780
6109   2795   2796
6126   2800   2802
6128   1508   2800
6130   2182   2802
6131    102   2800
6164   1323   2812
6167   1377   2812
6173   2114   2815
6176   2127   2815
6188   2821   2822
6189    284   2821
6192    719   2822
6194    721   2822
6211   1081   2827
6212   1065   2827
6227   1148   2832
6229   1147   2832
6230   2833   2834
6233    602   2833
6269   2845   2846
6272   2501   2845
6276    912   2846
6296   2854   2855
6299   1703   2854
6300   1702   2855
6302    900   2854
6303    901   2855
6309   1448   2858
6312   1153   2858
6332   2866   2867
6333    103   2866
6334     88   2866
6335   2802   2866
6336   2288   2867
6337   1989   2867
6338   2251   2867
6346   2870   2871
6347    568   2870
6348    577   2870
6350   1293   2871
6351   1303   2871
6362   2493   2874
6363    657   2874
6375   2584   2878
6377     33   2878
6386      8   2881
6388   2882   2883
6390    978   2882
6404   1362   2886
6405   1357   2886
6409   2888   2889
6410   2035   2888
6412   2032   2888
6413   2025   2889
6415   2024   2889
6423   1178   2891
6439    950   2898
6442   2264   2898
6448   1221   2901
6457   1202   2904
6460   1915   2904
6490   2915   2916
6495    544   2915
6496   2826   2916
6512    375   2921
6514    378   2921
6545   2467   2930
6555   1214   2933
6581   2941   2942
6582   2161   2941
6583   2160   2941
6586   2153   2942
6665   1450   2966
6666   2967   2968
6668   2100   2967
6670   1529   2968
6674    161   2969
6676    162   2969
6710   2980   2981
6712   1815   2980
6720   2253   2982
6739   1674   2989
6742   2683   2989
6751    147   2992
6754    736   2994
6755    872   2994
6765   2930   2997
6771   2178   2999
6772   2180   2999
6773   1094   2999
6780   1122   3001
6781   3002   3003
6783   1904   3002
6785   2161   3003
6787   2160   3003
6788   3004   3005
6789   2062   3004
6790   2533   3004
6791   1624   3004
6793   1617   3005
6827   3016   3017
6828     17   3016
6829      3   3016
6831    587   3017
6841   3020   3021
6842    566   3020
6843    586   3020
6845    850   3021
6846    853   3021
6847   2229   3021
6862   3026   3027
6864   1416   3026
6868   1430   3027
6897   1779   3036
6931     47   3048
6932     31   3048
6933     48   3048
6948    125   3053
6949   3001   3053
6955    813   3055
6957   1156   3055
6965   3058   3059
6968    453   3058
6969    497   3059
6971    510   3059
6986   3064   3065
6987   2756   3064
6988   1502   3064
6989   2121   3064
6990   1499   3065
6991   1508   3065
6992   2182   3065
7000   3068   3069
7001   1481   3068
7003   1702   3068
7004   3017   3069
7005   2425   3069
7006   1701   3069
7007   3070   3071
7008    185   3070
7009   2008   3070
7012   2288   3071
7013    175   3071
7038   1386   3079
7050   3084   3085
7052   2259   3084
7053   2889   3085
7083    794   3094
7091   3097   3098
7092    776   3097
7096   1489   3098
7105   3101   3102
7107   2694   3101
7110   2035   3102
7111   2561   3102
7121   3106   3107
7124    554   3106
7125    548   3107
7141   3113   3114
7143   2111   3113
7144   2119   3114
7146   3098   3113
7147   1656   3114
7186      9   3127
7188      0   3127
7192   2487   3128
7210   3134   3135
7213   2461   3134
7214   1174   3135
7215   2966   3135
7216   2045   3135
7217   3136   3137
7218   1742   3136
7221    903   3137
7222   2664   3137
7223   2740   3137
7250   2495   3145
7257   3094   3147
7258   1639   3147
7273   2221   3153
7276   2881   3153
7277   3154   3155
7279     77   3154
7281   1447   3155
7283   1530   3155
7290   1904   3157
7306   1703   3162
7307   1772   3162
7312   3164   3165
7314   2541   3164
7315   1883   3164
7316   1822   3165
7317   2540   3165
7318   1885   3165
7319   3166   3167
7321   2815   3166
7323   2143   3167
7348   1103   3174
7349   2221   3174
7393    681   3187
7395   3189   3190
7396   2882   3189
7397     87   3189
7399    968   3190
7401    300   3190
7402   3191   3192
7404   2758   3191
7406    260   3192
7413     55   3194
7415    462   3194
7433    850   3199
7436    686   3199
7443    976   3203
7446    979   3203
7466   3211   3212
7467   3190   3211
7468   2531   3211
7469    969   3211
7470   2732   3212
7471   2533   3212
7472    967   3212
7481   2063   3215
7487   3217   3218
7488    481   3217
7489    146   3217
7490    163   3217
7502   1317   3221
7503    480   3221
7504   1309   3221
7509   2402   3223
7510   1639   3223
7517   3226   3227
7520   2871   3227
7522   2994   3226
7523   2455   3227
7544   2716   3234
7549   2740   3235
7563   1450   3239
7564   1174   3239
7569   1386   3241
7570   1391   3241
7602   2014   3251
7638    924   3263
7641   1806   3263
7652   3268   3269
7653    124   3268
7656   1112   3269
7657    950   3269
7661   3107   3270
7667   1642   3272
7698   1532   3281
7699   3114   3281
7700    142   3281
7702   2143   3282
7704   2803   3282
7718   3287   3289
7720   1725   3287
7722   1884   3289
7723   1719   3287
7738   1559   3293
7758   3300   3301
7762   2505   3301
7763   1001   3301
7766   3185   3302
7767   1001   3302
7768   1762   3302
7798   1481   3312
7801    838   3312
7823   2008   3319
7835    430   3322
7858   2796   3331
7859    808   3331
7867    229   3333
7868   3334   3335
7869    872   3334
7870    863   3334
7872   3226   3335
7873    871   3335
7874   1293   3335
7876   3162   3336
7878   1736   3336
7893   3027   3341
7895   3085   3341
7899    306   3342
7917   3348   3349
7920   1330   3348
7921   1326   3349
7923   1375   3348
7924   1382   3349
7937   3355   3356
7939   1347   3355
7940   2182   3356
7942   2173   3355
7943   2121   3356
7957   1582   3361
7958   2709   3361
7959   3270   3361
7960   3362   3363
7961   1036   3362
7965   3001   3363
7966   1663   3363
7977   1001   3366
8003   3374   3376
8005    158   3374
8007   2110   3376
8010   1667   3376
8015   1521   3378
8038   3386   3387
8039   1439   3386
8043    531   3387
8044    429   3387
8045   3388   3389
8046   1528   3388
8047   3058   3388
8048   1521   3388
8049   3136   3389
8050   3235   3389
8051   1709   3389
8070   1861   3395
8071   1895   3395
8072   2038   3395
8074   2027   3396
8075   2561   3396
8076   2225   3396
8080   3398   3399
8081    783   3398
8082    678   3398
8083    769   3398
8085   1409   3399
8086   1854   3399
8087   3400   3401
8088   1080   3400
8089   1153   3400
8093   1077   3401
8108   3406   3407
8109   2366   3406
8110   2714   3406
8111    171   3406
8114   3070   3407
8125   1059   3410
8133   3155   3413
8135   1938   3413
8140   1964   3415
8141   2548   3415
8143   3416   3417
8144    764   3416
8146   2822   3416
8193   1405   3431
8194   3157   3431
8195   1401   3431
8199   2487   3432
8214    486   3437
8217   3438   3439
8219   1050   3438
8221    274   3439
8231   3442   3443
8232    679   3442
8234   2030   3442
8235    553   3443
8236   3199   3443
8237   2230   3443
8238   3444   3445
8240   1528   3444
8241   2586   3444
8242   1446   3445
8243   1525   3445
8244   1530   3445
8245   3446   3447
8246   2624   3446
8247   2933   3446
8248   2763   3446
8250    945   3447
8260   1148   3450
8261   1448   3450
8262   1153   3450
8269   1885   3452
8280   3194   3457
8283   1971   3457
8300   3463   3464
8301   3270   3463
8302    563   3463
8303    544   3463
8304   1582   3464
8306   2915   3464
8314   3467   3468
8315   1466   3467
8316   1325   3467
8318   3234   3468
8320   1440   3468
8323   3223   3469
8324   1642   3469
8340   3342   3474
8341   2833   3474
8342   3475   3476
8343   2106   3475
8344   3055   3475
8346    538   3476
8347    809   3476
8387   2074   3488
8401   1093   3492
8402   3157   3492
8403   1097   3492
8408   1570   3494
8427    298   3498
8460   2874   3510
8467   3094   3513
8469    629   3513
8473   3515   3516
8474    510   3515
8477   2122   3516
8478   2756   3516
8485   2826   3518
8486   2203   3518
8487   3519   3520
8488    671   3519
8489   2989   3519
8490    668   3519
8493    330   3520
8494   3521   3522
8495   2587   3521
8496   3349   3521
8497   1318   3521
8498   3444   3522
8499   3348   3522
8515   3527   3528
8516    795   3527
8520   1544   3528
8521    796   3528
8542   1279   3533
8567    285   3543
8569   2878   3543
8584   3548   3549
8586   3199   3548
8587    844   3548
8588    671   3549
8589   3442   3549
8590   2683   3549
8592    920   3550
8593   3410   3550
8594    924   3550
8598   3552   3553
8600   3180   3552
8602   1566   3553
8604   3437   3553
8605   3554   3555
8606    181   3554
8607   3263   3554
8608   2366   3554
8609    175   3555
8611   3407   3555
8638   3564   3566
8642   1854   3566
8645   2921   3566
8650   2882   3568
8653    973   3568
8657   3571   3572
8659   3269   3571
8662    471   3571
8663   3437   3572
8682    876   3578
8683   3503   3578
8689   1724   3580
8691   1798   3580
8707    197   3585
8709   3071   3585
8721   3589   3591
8726      0   3589
8728   3417   3591
8752   1419   3600
8756   3601   3602
8757    562   3601
8758    295   3601
8761    297   3602
8762   2833   3602
8764    655   3603
8765   2495   3603
8766     46   3603
8774   2704   3606
8775   3153   3606
8776    289   3606
8782   3585   3608
8783    518   3608
8790   2845   3610
8791   3611   3612
8792    724   3611
8794   1136   3611
8795     31   3612
8796   2513   3612
8797   1663   3612
8812   3617   3618
8814    813   3617
8815    808   3617
8816   3336   3618
8817   1772   3618
8818   2436   3618
8823    894   3620
8826    885   3620
8828   3622   3623
8831   1130   3622
8832   1221   3623
8834   1214   3623
8849   3628   3629
8853   1287   3629
8855   1544   3629
8895   3642   3643
8896   1391   3642
8897    438   3642
8898    442   3642
8899     74   3643
8900    432   3643
8901    429   3643
8902   3644   3645
8905   3628   3644
8906   2014   3645
8907   2981   3645
8920   2146   3649
8921   1118   3649
8923   3650   3651
8924   2513   3650
8925   3048   3650
8929   2670   3651
8934   1510   3653
8950   1416   3658
8951   3027   3658
8969   3664   3665
8970   1328   3664
8971   1461   3664
8973   1325   3665
8974   2620   3665
8975   1323   3665
9019    321   3679
9020    152   3679
9021   2207   3679
9051   1904   3688
9054   3690   3691
9056    358   3690
9059   3128   3690
9070   3695   3696
9071   3218   3695
9072    488   3695
9073   1309   3695
9075   2982   3696
9076    419   3696
9092    929   3701
9105   3079   3704
9125   3712   3713
9126   3187   3712
9127   3107   3712
9128    666   3712
9130   3361   3713
9131    676   3713
9139   3716   3717
9140   1122   3716
9141   3653   3716
9142   2632   3716
9143   1118   3717
9150   3589   3719
9152   2796   3719
9153   3720   3721
9156   1800   3720
9157   1093   3721
9159   3003   3721
9203   3736   3737
9204     88   3736
9206     85   3736
9208    643   3737
9209    626   3737
9218   3378   3740
9219   3717   3740
9224   3742   3743
9227   2714   3742
9229   3319   3743
9230   3407   3743
9245   3748   3749
9246   1511   3748
9250    462   3749
9253   1885   3750
9255   1891   3750
9259   3752   3753
9260   2645   3752
9265   1989   3753
9270    911   3755
9272   2854   3755
9283   3759   3761
9285    365   3759
9287   1511   3761
9296   2283   3764
9299   3721   3764
9307   1304   3766
9309   3768   3769
9311   2502   3768
9313    913   3769
9314    900   3769
9334   3600   3775
9335   2916   3775
9336   1912   3775
9341   2745   3777
9342   3289   3777
9348   2507   3779
9349   2745   3779
9350    824   3779
9365   3784   3785
9366   1484   3784
9367   3494   3784
9368    163   3784
9369   2207   3785
9371    138   3785
9377   1249   3788
9396   3580   3792
9403   2981   3796
9406   3229   3796
9413    809   3799
9414    875   3799
9415   3800   3801
9418    913   3800
9419   2803   3801
9421   2308   3801
9422   3802   3803
9424   2846   3802
9426    419   3803
9427   3610   3803
9428   1309   3803
9436   3806   3807
9437   3649   3806
9438   3740   3806
9440   3622   3807
9441   1134   3807
9442   2901   3807
9475   3818   3819
9477   2989   3818
9478   3785   3818
9480   3520   3819
9481   2207   3819
9483   3820   3822
9488   2645   3820
9490   3753   3822
9507   3828   3829
9510    177   3828
9511    191   3829
9514    194   3829
9548   3841   3842
9549    485   3841
9550   3766   3841
9552   1484   3842
9554   2898   3842
9555   3843   3844
9556    867   3843
9557   3145   3843
9558    127   3843
9559    870   3844
9561    124   3844
9573    509   3848
9576   3322   3848
9585   3852   3853
9592   3854   3855
9593    700   3854
9594   3589   3854
9595   3503   3854
9597   3591   3855
9598   2203   3855
9623   3863   3865
9625   3084   3863
9627   2230   3865
9628   1815   3863
9630   2229   3865
9634   1022   3866
9669   3005   3876
9695   3886   3887
9699    389   3887
9700   2982   3887
9701   2180   3887
9703    783   3888
9705   2763   3888
9722   2506   3893
9723   3894   3895
9725   2745   3894
9726    927   3894
9728   3289   3895
9755   3802   3903
9758    389   3903
9767    958   3906
9774   1499   3910
9777   3801   3910
9778   3911   3912
9779   3601   3911
9780   3498   3911
9781   2834   3911
9782    549   3912
9795   3192   3915
9798   2135   3915
9815   3922   3923
9818   1795   3922
9819   1800   3923
9820   2160   3923
9821   1789   3923
9825   3334   3924
9839   2540   3929
9840    929   3929
9846   3931   3933
9848    655   3931
9850    651   3933
9853   1353   3933
9855   3934   3936
9857    813   3934
9859   2268   3936
9860   1772   3934
9862   2803   3936
9879   3942   3943
9880    266   3942
9882    260   3942
9883   1901   3943
9884   1835   3943
9885   1861   3943
9890   3319   3945
9892   3822   3945
9893   3946   3947
9894   2632   3946
9895   3564   3946
9896   1137   3946
9898   3566   3947
9899   1126   3947
9907   3950   3951
9908   2513   3950
9910   1409   3950
9911   3651   3951
9912   1227   3951
9913   2709   3951
9914   3952   3953
9915   3162   3952
9916   3755   3952
9919   3510   3953
9920   3036   3953
9926   1964   3955
9927   3166   3955
9929   3956   3958
9933   1798   3958
9936   1724   3958
9945   2104   3961
9959   3552   3966
9960   3572   3966
9963    684   3967
9990   3975   3976
9991   3761   3975
9992   1971   3975
9993   1723   3975
9994   1511   3976
9996   3792   3976
10010   2621   3981
10025    240   3985
10026   1924   3985
10043   3991   3992
10044    950   3991
10045   3572   3991
10047   1484   3992
10048   3437   3992
10049   3494   3992
10057   3995   3996
10060    929   3995
10064   3550   3996
10083    838   4003
10088   3475   4005
10089   2778   4005
10090    813   4005
10091   4006   4007
10092    741   4006
10093   3226   4006
10094    865   4006
10095    739   4007
10096   3227   4007
10097   2058   4007
10098   4008   4009
10099    910   4008
10100   3931   4008
10102   1362   4009
10103   3933   4009
10104    657   4009
10105   4010   4011
10108   2461   4010
10109   2192   4011
10112   4012   4013
10114   3777   4012
10115   1891   4012
10117   3759   4013
10123   1867   4015
10124   3600   4015
10125   1424   4015
10152   3873   4024
10154   3922   4024
10158   4026   4027
10159   2858   4026
10160   3386   4026
10161    540   4026
10164    538   4027
10169   2043   4029
10170   3185   4029
10172   4030   4031
10173   3263   4030
10174   3820   4030
10175   3410   4030
10176   3555   4031
10177   3822   4031
10178   3743   4031
10180   4032   4034
10182    347   4032
10184   3956   4034
10185   1973   4032
10187   1723   4034
10210   4041   4043
10212     88   4041
10214   1989   4043
10215   3737   4041
10217    641   4043
10221   1772   4044
10224   2803   4044
10249   2779   4054
10250   1391   4054
10251   3079   4054
10252   4055   4056
10253   2517   4055
10254   3644   4055
10255   3229   4055
10256   3527   4056
10257   3629   4056
10260   4057   4059
10262   3073   4057
10264   1294   4059
10267   1288   4059
10275   4062   4063
10276   2401   4062
10278   1639   4062
10279   2812   4063
10281   2620   4063
10305   4071   4072
10306   1430   4071
10307   3085   4071
10308   2701   4071
10309   2269   4072
10310   2024   4072
10311   1580   4072
10313   2192   4073
10314   3893   4073
10315   2612   4073
10323   1168   4076
10325   3533   4076
10328   3748   4077
10329    365   4077
10337   3101   4080
10340   1104   4080
10348    125   4082
10354   1795   4085
10357   1798   4085
10360   4088   4089
10361    103   4088
10362     91   4088
10363   3736   4088
10364   3608   4089
10366   1211   4089
10392   1221   4097
10395   2933   4097
10400    378   4099
10403   3779   4099
10408   4103   4104
10410    876   4103
10411   3895   4104
10414    923   4104
10415   4105   4106
10422   3543   4106
10446    890   4114
10455    322   4116
10458    769   4116
10461   4119   4120
10462   1472   4119
10463   1457   4119
10466   3981   4120
10470   3866   4121
10476    875   4123
10477   4114   4123
10478   3620   4123
10483   2043   4125
10484   4011   4125
10485   3893   4125
10496   4129   4130
10498      5   4129
10499   2870   4129
10500   3296   4130
10501   3127   4130
10502   2455   4130
10504   1532   4131
10510   4133   4134
10511    413   4133
10514   1102   4134
10515   3688   4134
10521    844   4136
10523   2683   4136
10524   4137   4138
10526   3873   4137
10528   2832   4138
10530   1045   4138
10552   4145   4146
10554   3378   4145
10555    453   4145
10556   3749   4146
10559   4147   4148
10560   1375   4147
10561   3136   4147
10562   1528   4147
10563   2886   4148
10564   2664   4148
10565   2968   4148
10566   4149   4150
10568   3378   4149
10569   1527   4149
10571   4146   4150
10572   1517   4150
10573   4151   4152
10574    909   4151
10575   3876   4151
10576   2845   4151
10577   3931   4152
10579    912   4152
10580   4153   4154
10581   1405   4153
10582   4138   4153
10583   3691   4153
10584   3157   4154
10585   3873   4154
10587   4155   4156
10588    185   4155
10589   3585   4155
10591   2670   4156
10593   2709   4156
10605   2466   4160
10606   2904   4160
10607   1867   4160
10612    739   4162
10613   3958   4162
10614   1797   4162
10622   4165   4166
10624   3509   4165
10625   3498   4165
10626   2860   4166
10628    312   4166
10647   4173   4174
10649    102   4173
10650   2883   4174
10652    520   4173
10653   2141   4174
10665   3268   4178
10668   3053   4178
10673   3413   4180
10676   1449   4180
10679   4183   4184
10680   3203   4183
10681   3568   4183
10682     87   4183
10685     88   4184
10693   4187   4188
10697    515   4188
10699   4089   4187
10700     91   4188
10704   4191   4192
10706   2967   4191
10711   4193   4194
10714   3331   4193
10717   3719   4193
10727   4198   4199
10728   3474   4198
10730   2860   4198
10731   2834   4199
10732   2652   4199
10733   4165   4199
10736   4201   4202
10738    232   4201
10741    365   4201
10742   4013   4202
10745   4204   4205
10750    958   4204
10751   4136   4205
10759   4208   4209
10760   3300   4208
10761   3395   4208
10762   1015   4208
10763   1001   4209
10764   2034   4209
10766   4210   4211
10767   2045   4210
10768   3301   4210
10769   3185   4210
10770   2966   4211
10784   3509   4215
10785   2981   4215
10786   3251   4215
10791   2207   4217
10792   3842   4217
10793   2306   4217
10794   4218   4219
10795   3167   4218
10797   3439   4218
10798   2815   4219
10799   3915   4219
10819   4226   4227
10821   3239   4226
10825   1178   4227
10833   4230   4231
10834   3218   4230
10835   2992   4230
10836   3696   4230
10837    162   4231
10839   2253   4231
10853    923   4236
10854   3866   4236
10855   1038   4236
10856   4237   4238
10857   3300   4237
10858   2997   4237
10859    991   4237
10860   2505   4238
10861   3871   4238
10863   4239   4240
10865   2881   4239
10867   1797   4240
10869   1792   4240
10871   4241   4243
10873    179   4241
10876   1406   4241
10878   3564   4243
10882   4029   4244
10885   1751   4244
10888   4247   4248
10890   4080   4247
10892   3764   4248
10899   2826   4250
10900   3600   4250
10905   1800   4251
10908   4239   4251
10917   4073   4254
10927   4259   4260
10929   4194   4259
10930   3799   4259
10931   3578   4260
10932   4193   4260
10938   3966   4262
10939   4105   4262
10940   4204   4262
10945   2303   4264
10947    563   4264
10950   3996   4265
10955   4267   4268
10956    202   4267
10957   3766   4267
10958    145   4267
10960   4217   4268
10961   3679   4268
10965   1532   4269
10968    148   4269
10976   2621   4273
10977   1843   4273
10984   2739   4275
10992   4278   4279
10993   3356   4278
10995   3848   4278
10996   2251   4279
10997   3753   4279
11000   4280   4282
11002    794   4280
11005   3981   4280
11007   1843   4282
11013   3322   4285
11016   2891   4285
11018    274   4286
11024   4288   4289
11025   2513   4288
11026   4241   4288
11027   1035   4288
11028   1663   4289
11029   4243   4289
11030   3362   4289
11031   4290   4291
11032   1106   4290
11033   4247   4290
11035   1102   4291
11036   3764   4291
11037   2285   4291
11038   4292   4293
11039   2486   4292
11040   4251   4292
11041   4024   4292
11042   3128   4293
11044   4154   4293
11046   4294   4296
11048    442   4294
11050   3241   4296
11051    531   4294
11053   3955   4296
11054   4297   4298
11055    392   4297
11056   4133   4297
11057   3768   4297
11058   3431   4298
11059   3688   4298
11060   1151   4298
11070   4302   4303
11073    477   4303
11075   1709   4302
11076   1999   4303
11090    362   4308
11093   2337   4308
11095   4310   4311
11096   2982   4310
11097   3553   4310
11098    487   4310
11099   3886   4311
11100   3180   4311
11101   2146   4311
11111   4315   4316
11113   4121   4315
11114    894   4315
11125   4319   4320
11126   3924   4319
11127   4280   4319
11128   3527   4319
11129    863   4320
11130   4282   4320
11131    803   4320
11154   3079   4326
11162   4202   4330
11168   3748   4332
11170   4145   4332
11172   3912   4333
11183   1901   4337
11186   2238   4337
11191   3580   4339
11204    835   4343
11205   4344   4345
11206   4120   4344
11207   3924   4344
11208   1472   4344
11209   3488   4345
11216   1938   4347
11218   4085   4347
11237   4354   4355
11240   3417   4354
11241   3432   4355
11243   2821   4354
11253   4359   4360
11255   3848   4359
11256    497   4359
11257   3945   4360
11258   4279   4360
11259   2096   4360
11274   2430   4365
11275   1249   4365
11285   4369   4370
11286   2428   4369
11287   4057   4369
11288   1244   4369
11289   1303   4370
11290   4059   4370
11291   1289   4370
11299   4373   4374
11300   3203   4373
11301   3272   4373
11302   1349   4373
11303   4184   4374
11305   1347   4374
11317   3866   4378
11318   4104   4378
11319   1719   4378
11323    576   4379
11326   3020   4379
11331   3704   4382
11332   2612   4382
11336   4384   4385
11337   4134   4384
11340   2285   4385
11342   4275   4385
11343   4386   4387
11346   3215   4386
11347   1070   4387
11349   1266   4386
11350   1265   4387
11352   4389   4390
11353    795   4389
11354   3513   4389
11358    644   4390
11359   4391   4392
11360   3653   4391
11361   4339   4391
11362   3792   4391
11363   3717   4392
11365   4149   4392
11366   4393   4394
11367   2753   4393
11369   4226   4393
11371   3831   4394
11372   1450   4394
11382   4398   4399
11383   2283   4398
11386   2942   4399
11387   4244   4399
11388   4125   4399
11413   4243   4406
11416   2507   4406
11419   4409   4410
11420   1114   4409
11421   4178   4409
11422   3571   4409
11425   3966   4410
11426   4411   4412
11427   3947   4411
11429   1134   4411
11430   2632   4412
11431   4332   4412
11432   3740   4412
11433   4413   4414
11434   3319   4413
11435   4191   4413
11437   3742   4414
11438   4192   4414
11439   1364   4414
11444    320   4416
11445   3828   4416
11451   4010   4418
11452   2186   4418
11458   4227   4420
11461   4421   4422
11462   4349   4421
11463   3796   4421
11464   3509   4421
11467   4166   4422
11468   4423   4424
11471   2455   4423
11474   3296   4423
11475   4259   4424
11477   4426   4427
11479    151   4426
11480   3218   4426
11481   1346   4427
11482    150   4427
11483    147   4427
11488    644   4429
11489   4043   4429
11490   3752   4429
11495   3293   4431
11498   4390   4431
11509   4436   4437
11510    202   4436
11511   4269   4436
11516   4438   4439
11517   1815   4438
11519   3796   4438
11520   2229   4439
11521   4379   4439
11522   4422   4439
11530   4442   4443
11532   4205   4442
11533   1571   4442
11534   2118   4443
11535   4136   4443
11536   2225   4443
11545   2297   4446
11547   4447   4449
11552   3145   4447
11554   1624   4449
11555   4450   4451
11556   3548   4450
11559    841   4451
11560   4003   4451
11562   4452   4453
11564   4265   4452
11566   3804   4453
11567   3995   4453
11568   3853   4453
11569   4454   4455
11570   3777   4454
11571   4099   4454
11572   3759   4454
11573   3287   4455
11575   3761   4455
11576   4456   4457
11577    202   4456
11580   3766   4457
11581   3788   4457
11582   1255   4457
11583   4458   4459
11584   4150   4458
11585   3792   4458
11586   4347   4458
11587   3749   4459
11588   3976   4459
11589   3457   4459
11590   4460   4461
11591    472   4460
11592   4339   4460
11594    470   4461
11595   4392   4461
11596    479   4461
11601    152   4463
11604    142   4463
11609   3296   4465
11612   4194   4465
11624   4471   4472
11625   4413   4471
11627   1361   4471
11628   2008   4472
11629   3961   4472
11631   4473   4474
11632   3961   4473
11634   3036   4473
11635   2308   4474
11636   4044   4474
11637   3952   4474
11638   4475   4476
11640   2855   4475
11641    655   4475
11642   3510   4476
11643   3755   4476
11644   4008   4476
11651     52   4477
11654   4480   4481
11656    442   4480
11657   3852   4480
11659    438   4481
11660   4452   4481
11661   4482   4483
11662   3967   4482
11663   4188   4482
11664    699   4482
11665    681   4483
11666   4187   4483
11667   3106   4483
11668   4484   4485
11671   2732   4484
11672    971   4485
11673   4385   4485
11674   2733   4485
11676   4486   4488
11680   2297   4488
11681   3819   4486
11683   2306   4488
11691   4491   4492
11692   3906   4491
11693   4486   4491
11694   4451   4491
11696   4488   4492
11706   4495   4497
11708   3452   4495
11711   1416   4495
11714   4498   4499
11716   4178   4498
11718   2878   4499
11719   4410   4499
11720   4105   4499
11721   4500   4501
11722    875   4500
11723   4424   4500
11725   4114   4501
11726   4423   4501
11727   2994   4501
11737   4505   4506
11738   3742   4505
11739   4236   4505
11740   1059   4505
11741   4192   4506
11742   4316   4506
11751   4509   4510
11752   2100   4509
11753   4471   4509
11754   2237   4509
11755   2097   4510
11756   3961   4510
11757   2308   4510
11758   4511   4512
11764   1070   4511
11767   4514   4515
11769   4032   4514
11771   1971   4515
11772   4034   4515
11778   1015   4517
11784    539   4519
11785   4294   4519
11786   3852   4519
11794   4517   4522
11797    996   4522
11799   4524   4525
11800    996   4524
11801   4517   4524
11803    978   4525
11807   3342   4526
11808   4522   4526
11809   2141   4526
11822   4531   4532
11823   1732   4531
11825      3   4531
11827   4465   4532
11851   2980   4538
11854   4541   4542
11857     46   4541
11858   3312   4542
11859   4343   4542
11871   4546   4548
11873   2821   4546
11875    721   4548
11876   4197   4546
11883    700   4550
11884   1973   4550
11885   3503   4550
11899   3333   4553
11934   4566   4567
11936    241   4566
11938   3073   4567
11939   1244   4567
11940   4456   4567
11946   4337   4569
11947   1835   4569
11956    617   4572
11957   4264   4572
11958    549   4572
11966   3400   4575
11969   1077   4575
11972    940   4577
11973   4097   4577
11974   1218   4577
11978   4579   4580
11979   2114   4579
11981   3955   4579
11984   3241   4580
11985   4581   4582
11988   3187   4581
11989    671   4582
11991    684   4581
11992   4450   4582
12022   3855   4593
12025    347   4593
12026   4594   4595
12028   4541   4594
12029   4498   4594
12030    958   4595
12031   4343   4595
12032   4105   4595
12034   3374   4596
12035   4463   4596
12036    161   4596
12044   3518   4599
12046   3701   4599
12050   3528   4600
12053    802   4600
12063   4605   4606
12065   4250   4605
12066   1430   4605
12067   1822   4606
12068   3452   4606
12069   3026   4606
12070   4607   4608
12071    686   4607
12072   4450   4607
12073   3967   4607
12074    848   4608
12075   4003   4608
12086   4612   4613
12089   2464   4612
12091   4285   4613
12092    509   4613
12093   4614   4615
12094   4538   4614
12095   3863   4614
12096   2701   4614
12097    298   4615
12098   3865   4615
12099    553   4615
12105   4273   4617
12106   4063   4617
12107   4618   4619
12108   3229   4618
12109   4349   4618
12110   3488   4618
12111   2517   4619
12138   4627   4629
12140    647   4627
12142   3363   4629
12143    131   4627
12145   3053   4629
12146   4630   4631
12149   2795   4630
12150   1732   4631
12152   2436   4630
12153   3336   4631
12155   4633   4634
12156    358   4633
12157    764   4633
12159   3432   4634
12160   3417   4634
12161   4593   4634
12167   4013   4637
12170   1971   4637
12171   4638   4639
12174   1416   4638
12175   3831   4639
12176   4553   4639
12177   4497   4639
12178   4640   4641
12181   3912   4640
12182   4215   4641
12183   4538   4641
12184   3498   4641
12186   4642   4644
12188   1676   4642
12190   1835   4644
12191   1667   4642
12193   1504   4644
12198   4472   4646
12199   3036   4646
12200   2874   4646
12201   4647   4648
12204   4260   4647
12206   3701   4648
12207    876   4648
12208   4649   4650
12209   3906   4649
12210   4204   4649
12211   3991   4649
12212   3818   4650
12213   4205   4650
12214   3494   4650
12216   4076   4651
12217   4431   4651
12226   2802   4654
12227   4184   4654
12228   1347   4654
12245   4660   4661
12246   4054   4660
12247   4326   4660
12248    438   4660
12249   2780   4661
12250   4651   4661
12256    803   4663
12259   4664   4665
12260    576   4664
12262    568   4664
12263   2071   4665
12265   4345   4665
12266   4666   4667
12268   4244   4666
12269   3302   4666
12270   4248   4667
12271   4398   4667
12272   3366   4667
12274   2694   4668
12276   4247   4668
12280   4670   4671
12281    862   4670
12282   4082   4670
12283    741   4670
12284   4339   4671
12286   1722   4671
12287   4672   4673
12288   4455   4672
12290   1510   4672
12291   4099   4673
12292   4406   4673
12293   3564   4673
12295   4665   4674
12296   1472   4674
12305    602   4677
12308   3166   4677
12310   4679   4680
12313    629   4679
12314    802   4680
12315   4446   4680
12316   4663   4680
12324   4683   4684
12326   4477   4683
12327   4612   4683
12328     71   4684
12330   4285   4684
12339   3322   4687
12344   3515   4689
12346   1134   4689
12347   4690   4691
12348   3333   4690
12349   4437   4690
12350   3831   4690
12352   4420   4691
12353   4393   4691
12354   4692   4693
12355    580   4692
12356   4379   4692
12357    568   4692
12359   4438   4693
12382   2311   4701
12385   4156   4701
12388   4703   4704
12390   2505   4703
12391   3893   4704
12393   3366   4703
12394   4398   4704
12411   4710   4711
12412   1742   4710
12413   4302   4710
12414   3802   4710
12415   1382   4711
12416   4303   4711
12417   3221   4711
12418   4712   4713
12419   3650   4712
12420   2493   4712
12421   1035   4712
12422   2670   4713
12423   4646   4713
12424    185   4713
12438   4647   4716
12450   4722   4723
12451   3017   4722
12452   4387   4722
12454    586   4723
12455   4386   4723
12456    576   4723
12466   4727   4728
12467   1529   4727
12469   3058   4727
12470   2967   4728
12472    497   4728
12487   4733   4734
12491   1671   4734
12493   2969   4733
12494   3374   4734
12496   4736   4737
12498   3967   4736
12499   1207   4736
12501   4608   4737
12502   1619   4737
12503   4738   4739
12504    643   4738
12505   4679   4738
12506    626   4738
12507   1209   4739
12508   4446   4739
12509   4736   4739
12511   3799   4740
12512   4716   4740
12513   3476   4740
12530   1294   4746
12535   4748   4749
12536   4566   4748
12537   4553   4748
12538   3985   4748
12539   3073   4749
12540   4638   4749
12541   4746   4749
12553   4754   4755
12556   2612   4755
12558   2779   4754
12559   3704   4755
12567   4758   4759
12568   4679   4758
12569   4600   4758
12570   4389   4758
12571    641   4759
12573    644   4759
12581   4762   4763
12582   1924   4762
12583   4746   4762
12584   3628   4762
12585   3164   4763
12587   3645   4763
12588   4764   4765
12591   3401   4764
12592   3450   4765
12595   2832   4765
12597   4767   4768
12599   4546   4767
12600   3543   4767
12601     48   4768
12602   4548   4768
12603     33   4768
12604   4769   4770
12605   4209   4769
12606   4668   4769
12607   3366   4769
12608   4524   4770
12621   1765   4773
12624   4666   4773
12632   1795   4778
12635   1789   4778
12636   4779   4780
12637   3603   4779
12638   4447   4779
12639   4541   4779
12640   2062   4780
12641   4449   4780
12642   3312   4780
12644   4431   4781
12646   2517   4781
12650   4783   4784
12651   1353   4783
12652   4152   4783
12653   1380   4783
12655   3876   4784
12656   1377   4784
12657   4785   4786
12658   1345   4785
12659   4654   4785
12660   3568   4785
12661   2109   4786
12662   2800   4786
12663   2883   4786
12671   4789   4790
12672   3953   4789
12673   4631   4789
12675   1775   4790
12676   4630   4790
12678   4791   4792
12679   2704   4791
12680   4355   4791
12681      9   4791
12682   4197   4792
12683   4354   4792
12684      0   4792
12692   2428   4794
12694   4796   4797
12695   4486   4796
12696   4582   4796
12697   3520   4796
12698   2003   4797
12699   4581   4797
12700    324   4797
12712   3800   4801
12714   3936   4801
12716   1624   4802
12718   1619   4802
12729    940   4805
12749   4813   4814
12750   1181   4813
12752   1184   4813
12753   2891   4814
12754   4687   4814
12755   2780   4814
12756   4815   4816
12759   1261   4815
12760   2827   4816
12762   4484   4815
12763   4384   4816
12765   4818   4819
12768    432   4818
12769   1525   4819
12770   4727   4819
12772   4820   4821
12773   4080   4820
12775   3174   4820
12776   4248   4821
12777   4773   4821
12778   3720   4821
12779   4822   4823
12780   4437   4822
12781   4503   4822
12782   4420   4822
12783   4269   4823
12786   4824   4825
12787   3719   4824
12788   4465   4824
12789      0   4824
12790   2795   4825
12791   4531   4825
12792   4197   4825
12801   2933   4828
12802   4805   4828
12803    945   4828
12808   4512   4830
12809   4674   4830
12810   4114   4830
12821   4834   4835
12822   1329   4834
12823   1446   4834
12824   3522   4834
12825   1325   4835
12826   3468   4835
12827   1330   4835
12828   4836   4837
12829   2143   4836
12830   4677   4836
12831    606   4836
12832   2778   4837
12840   3457   4840
12843   4347   4840
12844   4841   4842
12845   4818   4841
12847    429   4841
12848   1445   4842
12850   3386   4842
12852   4384   4843
12854   2827   4843
12867   4848   4849
12868     46   4848
12869   4627   4848
12870     47   4848
12871   4498   4849
12872   4629   4849
12873     31   4849
12877   1037   4850
12880   3362   4850
12884   4137   4853
12885   4765   4853
12886   4180   4853
12894   4302   4856
12897   2146   4856
12899   4858   4859
12903   3194   4859
12904   4637   4859
12905   4330   4859
12907   4860   4862
12909     55   4860
12911   4858   4862
12912     64   4860
12915   4863   4864
12918   1287   4863
12919   4693   4864
12921   4056   4863
12922   3229   4864
12931   4868   4869
12932    739   4868
12934   2455   4868
12936    700   4869
12937   3127   4869
12947   4873   4874
12950   3995   4873
12951    920   4874
12953   4648   4873
12954   4103   4874
12957   1168   4876
12958   1279   4876
12959   4754   4876
12978   4882   4884
12980   1964   4882
12982   3167   4884
12983   1965   4882
12985   2268   4884
12990   2738   4886
12991   4704   4886
12992   4254   4886
12997   4716   4888
12998   4873   4888
12999   3853   4888
13000   4889   4890
13001    482   4889
13003   4460   4889
13004   1797   4890
13005   4778   4890
13006   1798   4890
13007   4891   4892
13008   3355   4891
13009   4813   4891
13011   4278   4892
13012   4687   4892
13013   3752   4892
13014   4893   4894
13015   4187   4893
13018   3608   4894
13019   4701   4894
13021   4895   4896
13023   4858   4895
13025   4514   4896
13026   4637   4896
13027   1891   4896
13032    977   4898
13035   4484   4898
13046   4903   4904
13047   4133   4903
13048   4816   4903
13049   2502   4903
13051   4815   4904
13052   2501   4904
13053   4905   4906
13054   1616   4905
13055   3272   4905
13056    979   4905
13058    627   4906
13059   1622   4906
13065   3552   4909
13068   2463   4909
13070   2127   4910
13071   4526   4910
13072   3474   4910
13082   3128   4912
13085   4915   4916
13086   4345   4915
13087   4864   4915
13088    568   4915
13089   3924   4916
13090   4863   4916
13091   1293   4916
13093   4917   4919
13095   3234   4917
13097   1466   4919
13100   4273   4919
13102   1226   4920
13103   4805   4920
13104   3691   4920
13108   4922   4923
13111   3016   4922
13112   4129   4923
13114   4532   4922
13115   3296   4923
13117   4925   4926
13118    515   4925
13119   4173   4925
13120     91   4925
13121    306   4926
13122   4174   4926
13123   3189   4926
13128   2846   4928
13131   3768   4928
13136   1216   4930
13139   1217   4930
13142   4933   4934
13145    285   4933
13146   1101   4934
13147   4909   4934
13158   4938   4939
13159   2992   4938
13160   4734   4938
13161   2289   4938
13162   4231   4939
13163   4733   4939
13164   1100   4939
13165   4940   4941
13167   4754   4940
13168   1174   4940
13169   3871   4941
13170   4755   4941
13171   2506   4941
13176      3   4943
13179   4197   4943
13181   4945   4946
13182   4406   4945
13183   4850   4945
13184   1022   4945
13185   4672   4946
13187   1719   4946
13188   4947   4948
13189   4904   4947
13190   4898   4947
13191   3610   4947
13192    413   4948
13194    419   4948
13200   2162   4951
13208   1044   4953
13209   4862   4953
13213   4955   4956
13215   1151   4955
13216   4764   4956
13218   3688   4955
13219   3002   4956
13220   4957   4958
13221   3886   4957
13222   4856   4957
13223   3903   4957
13224   1216   4958
13239    950   4962
13242   3906   4962
13245   4965   4966
13246   4843   4965
13247   4955   4965
13248   1076   4965
13249   4951   4966
13250   4956   4966
13251   3401   4966
13256   4477   4968
13258   2753   4968
13280   4514   4976
13283   4895   4976
13284   4977   4978
13285   4137   4977
13287   1046   4977
13288   3413   4978
13289   4840   4978
13290     77   4978
13291   4979   4980
13292   3653   4979
13293   4946   4979
13294   4671   4979
13295   3001   4980
13296   4850   4980
13297   4082   4980
13323   4989   4990
13324   1765   4989
13325   4811   4989
13326   4794   4989
13327   4240   4990
13329   1996   4990
13355   4999   5000
13356   4934   4999
13358   3180   4999
13359   2999   5000
13360   4930   5000
13361   3886   5000
13374   4647   5005
13377   3331   5005
13378   5006   5007
13379   4572   5006
13381   4333   5006
13383   5005   5007
13384   4599   5007
13385   5008   5009
13386   4512   5008
13387   4575   5008
13389   4123   5009
13391    809   5009
13392   5010   5011
13395    577   5010
13396   1300   5011
13398   1303   5010
13399   1288   5011
13417   5018   5019
13420   1076   5018
13421   1151   5019
13423   1156   5018
13426   5021   5022
13427   4830   5021
13428   4923   5021
13429   4664   5021
13430   4511   5022
13431   4922   5022
13432   4722   5022
13436    996   5023
13439    968   5023
13453    606   5029
13456   3282   5029
13490   5041   5042
13491   1070   5041
13493   3215   5041
13494   4843   5042
13495   4951   5042
13496   4275   5042
13506   5046   5047
13507   1460   5046
13509   4119   5046
13510   1328   5047
13513   5048   5049
13514   3806   5048
13515   4856   5048
13516   1709   5048
13517   2901   5049
13518   4958   5049
13519   3235   5049
13536   5055   5056
13539   2266   5055
13540   4492   5056
13541   4962   5056
13542   2264   5056
13547   3113   5058
13549   3097   5058
13550   5059   5060
13551   4801   5059
13552   5019   5059
13553   3769   5059
13554   3934   5060
13555   5018   5060
13556   1577   5060
13568   5065   5066
13570    191   5065
13573   1804   5065
13574    238   5066
13578   1080   5067
13581   5008   5067
13584   5070   5071
13585   1867   5070
13587   4633   5070
13589   4976   5071
13590   4593   5071
13598   5074   5075
13601   4316   5074
13602   1440   5075
13604   4192   5074
13605   2968   5075
13607   5077   5078
13608   4594   5077
13609   4962   5077
13610   3268   5077
13611   4447   5078
13612   5055   5078
13613   3844   5078
13630   5084   5085
13631   4355   5084
13632   4912   5084
13633    284   5084
13634   3606   5085
13636   4933   5085
13637   5086   5087
13638   3106   5086
13639   4893   5086
13640    562   5086
13641   3270   5087
13642   4701   5087
13643    563   5087
13644   5088   5089
13645   2886   5088
13646   5075   5088
13647   3234   5088
13648   1364   5089
13649   5074   5089
13655   1148   5091
13658   1155   5091
13660   5093   5094
13661   4511   5093
13662   5067   5093
13663   1068   5093
13664   4532   5094
13666   1736   5094
13699   5105   5106
13700   3026   5105
13701   4746   5105
13703   1822   5106
13704   4763   5106
13705   2980   5106
13706   5107   5108
13707    300   5107
13708   5023   5107
13709   3342   5107
13710    308   5108
13712   2860   5108
13714   5109   5111
13716   3750   5109
13718   2203   5111
13719   3452   5109
13721   4250   5111
13722   5112   5113
13723   1563   5112
13724   5065   5112
13725   4759   5112
13727   5066   5113
13728   4600   5113
13761   5124   5125
13762   3191   5124
13763   3915   5124
13765   1508   5125
13766    514   5125
13785    627   5131
13787   3272   5131
13800   5136   5137
13801    392   5136
13802   4928   5136
13803   3903   5136
13804   1218   5137
13806   4958   5137
13807   5138   5139
13808   5131   5138
13809   4374   5138
13810   4041   5138
13812   4891   5139
13813   4429   5139
13819   2796   5142
13822   5007   5142
13823   5143   5144
13824   5124   5143
13825   4218   5143
13826   4286   5143
13827   5125   5144
13828   3282   5144
13829   3910   5144
13835    742   5147
13838   1717   5147
13839   5148   5149
13840   2704   5148
13841   4943   5148
13842     17   5148
13843    289   5149
13845    845   5149
13846   5150   5151
13849   3956   5150
13850   2486   5151
13852    347   5150
13853   3432   5151
13855   5153   5154
13856   4365   5153
13857   4794   5153
13858   1751   5153
13859   2460   5154
13861   4029   5154
13862   5155   5156
13863    289   5155
13864   4933   5155
13865   4106   5155
13866   4442   5156
13867   4909   5156
13868   4262   5156
13869   5157   5158
13870   4811   5157
13871   5011   5157
13872   2223   5157
13873   4990   5158
13874   5010   5158
13875   2881   5158
13885   5162   5163
13889   4286   5163
13891   3942   5162
13892   3191   5163
13903   5168   5169
13904   3376   5168
13905   5058   5168
13907   4596   5169
13909    782   5169
13913    763   5170
13916   4828   5170
13919   5173   5174
13920   1504   5173
13921   5163   5173
13922   2624   5173
13923   1835   5174
13924   5162   5174
13925   3447   5174
13926   5175   5176
13927    514   5175
13928   5029   5175
13930    518   5176
13932   4894   5176
13949   5182   5183
13950   4767   5182
13951   4943   5182
13953   4106   5183
13954   5149   5183
13955   4343   5183
13956   5184   5185
13957   4044   5184
13958   5029   5184
13959   1769   5184
13960   4473   5185
13961   5176   5185
13962   1779   5185
13963   5186   5187
13964   4882   5186
13965   5091   5186
13966   2548   5186
13967   4884   5187
13969   3439   5187
13978   3853   5190
13979   5191   5192
13980    971   5191
13981   4898   5191
13982    973   5191
13983   2289   5192
13984   4948   5192
13985   2992   5192
13986   5193   5194
13987   2916   5193
13989   3416   5193
13990   3518   5194
13991   5142   5194
13992   3591   5194
13993   5195   5196
13994   2652   5195
13996   2834   5195
13997   3804   5196
13998   5190   5196
13999   4333   5196
14029   3620   5204
14032   5207   5208
14035   2759   5207
14036   3192   5208
14038   2883   5207
14039   2141   5208
14051   3664   5213
14053   1326   5213
14057   5215   5216
14059   5109   5215
14060   4895   5215
14061   4015   5216
14062   5111   5216
14063   5071   5216
14074   5220   5222
14076   3644   5220
14078   2014   5222
14079   4781   5220
14082   5223   5224
14083   3293   5223
14084   5220   5223
14085   1549   5223
14086   4265   5224
14087   5222   5224
14089   5225   5226
14090    913   5225
14091   4928   5225
14092    903   5225
14094   5137   5226
14095   2740   5226
14112   5232   5233
14113   5019   5232
14114   5091   5232
14115   1147   5232
14116   4801   5233
14117   5187   5233
14118    947   5233
14128   5237   5238
14129   4517   5237
14130   5208   5237
14131   1862   5237
14132   4525   5238
14133   5207   5238
14134   1666   5238
14146    885   5242
14149   4919   5242
14152   5244   5246
14154   4605   5244
14156   2826   5246
14157   1822   5244
14165   1350   5249
14168   2171   5249
14169   5250   5251
14170   4194   5250
14171   5094   5250
14172   3617   5250
14173    809   5251
14174   5067   5251
14175   3055   5251
14177   5252   5254
14181   4481   5254
14182   3410   5252
14184   4265   5254
14185   5255   5256
14188   3251   5255
14189   2540   5256
14191   3804   5255
14192    929   5256
14204   2588   5260
14207   1883   5260
14213   3174   5263
14216   3153   5263
14219   5266   5267
14220   4296   5266
14221   5195   5266
14222   4677   5266
14223   4519   5267
14224   5190   5267
14225   4837   5267
14226   5268   5269
14227   1457   5268
14228   5204   5268
14229   3467   5268
14230   1460   5269
14232   1324   5269
14249   5275   5276
14250   4293   5275
14252   3492   5275
14253   4251   5276
14254   5263   5276
14255   3720   5276
14256   5277   5278
14257   4920   5277
14258   5170   5277
14259   3690   5277
14260   1217   5278
14262   4912   5278
14263   5279   5280
14264   3578   5279
14266   4424   5279
14267   4550   5280
14268   5147   5280
14269   4868   5280
14271    867   5281
14272   5242   5281
14273    872   5281
14277   5283   5284
14280    266   5283
14281   3438   5284
14283   5162   5283
14284    274   5284
14286   5286   5287
14288   5278   5286
14289    284   5286
14290    722   5287
14291   5170   5287
14292    719   5287
14293   5288   5289
14294   4012   5288
14295   1885   5288
14296   5260   5288
14297   4202   5289
14298   4497   5289
14323   5297   5298
14324   4538   5297
14325   5244   5297
14326   2701   5297
14327   4640   5298
14328   5246   5298
14329    544   5298
14338   1450   5301
14343   3239   5303
14346   4940   5303
14348   5305   5306
14349   5151   5305
14350      9   5305
14351   4239   5305
14352   5150   5306
14353   4869   5306
14354   4162   5306
14355   5307   5308
14358   1112   5307
14359    483   5308
14361    865   5307
14362   2057   5308
14367   3871   5310
14370   4580   5310
14374   3820   5313
14375   5252   5313
14380   5315   5316
14381   1386   5315
14382   5310   5315
14383   3704   5315
14384   4198   5316
14388   3658   5317
14390   1421   5317
14394   5319   5320
14395   5085   5319
14396   5263   5319
14397   1101   5319
14398   4912   5320
14399   5275   5320
14400   1097   5320
14401   5321   5322
14402   4805   5321
14403   5284   5321
14405    945   5322
14406   5283   5322
14407   2904   5322
14421   2624   5327
14424   4097   5327
14426   5329   5330
14427   4553   5329
14428   5289   5329
14429    232   5329
14430   3985   5330
14431   5260   5330
14432    243   5330
14450   5336   5338
14452    260   5336
14454   4219   5338
14455    991   5336
14457   2114   5338
14458   5339   5340
14459   4599   5339
14460   5256   5339
14461   5246   5339
14462   4333   5340
14463   5255   5340
14464   4640   5340
14465   5341   5342
14466   4503   5341
14469   4823   5342
14470   5249   5342
14471    143   5342
14511   5355   5356
14514   4651   5355
14515   4326   5356
14517   4781   5355
14545   5366   5367
14547    430   5366
14548   4359   5367
14550   4818   5366
14551   4728   5367
14552   5368   5369
14553   2930   5368
14554   5336   5368
14555    266   5368
14557   5338   5369
14558   3438   5369
14559   5370   5371
14561   5366   5370
14562   5313   5370
14563   4191   5371
14564   5367   5371
14565   3945   5371
14568   5373   5374
14570    324   5373
14571   2003   5374
14573   4416   5373
14574   3829   5374
14575   5375   5376
14576   1255   5375
14577   5308   5375
14578   3841   5375
14579   2262   5376
14580   5307   5376
14581   2898   5376
14584   5378   5379
14586   4674   5378
14587   2071   5379
14589   4512   5378
14590   5041   5379
14591   5380   5381
14592   1924   5380
14593   3628   5380
14594   1549   5380
14595    240   5381
14596   1544   5381
14597   5113   5381
14607   5385   5386
14610   4003   5385
14611   4449   5386
14613   4737   5385
14614   4802   5386
14619   1046   5388
14622   4862   5388
14625   5391   5392
14629   2162   5392
14631   5047   5391
14637   1939   5394
14640   4180   5394
14653     48   5399
14656   4789   5399
14672   5066   5406
14673   5374   5406
14674   2298   5406
14691   5412   5413
14692   1077   5412
14693   5378   5412
14694   5046   5412
14695   4951   5413
14696   5379   5413
14697   5392   5413
14698   5414   5415
14699   4475   5414
14701     46   5414
14702   3510   5415
14703   5399   5415
14704     47   5415
14705   5416   5417
14706    515   5416
14708   4893   5416
14709    520   5417
14711   5175   5417
14721   5421   5422
14722   5070   5421
14724    358   5421
14725   4976   5422
14726   5388   5422
14753   5431   5432
14754   1336   5431
14757   1329   5432
14758   5394   5432
14759   1318   5432
14768   5435   5437
14770   2921   5435
14772   4411   5437
14773   4308   5435
14775   4689   5437
14776   5438   5439
14777   4349   5438
14778   5356   5438
14779   4382   5438
14780   4619   5439
14781   5355   5439
14782   3533   5439
14783   5440   5441
14785   5435   5440
14786   4077   5440
14787   2464   5441
14788   5437   5441
14789   4332   5441
14790   5442   5443
14791   3602   5442
14792   5416   5442
14793    562   5442
14794    602   5443
14795   5417   5443
14796    606   5443
14797   5444   5445
14798   4575   5444
14799   5269   5444
14800   2858   5444
14801   5009   5445
14802   5204   5445
14803   4027   5445
14804   5446   5447
14805   4663   5446
14806   5386   5446
14807   5055   5446
14808   4446   5447
14809   5385   5447
14810   4492   5447
14816   2740   5450
14819   2094   5450
14820   5451   5452
14821   2074   5451
14822   5392   5451
14823   4254   5451
14825   5391   5452
14826   2192   5452
14827   5453   5454
14830   1894   5453
14831   2997   5454
14833   1895   5453
14834   3300   5454
14838   5457   5458
14840    947   5457
14841   3800   5458
14843   4577   5457
14844   5226   5458
14848   1044   5459
14851   2930   5459
14861   5464   5465
14862   4211   5464
14863   5454   5464
14864   5301   5464
14866   5453   5465
14867   5317   5465
14877   5469   5470
14878   2756   5469
14880   5327   5469
14881   1499   5470
14882   5450   5470
14884   5471   5472
14885   1050   5471
14886   5369   5471
14887   5459   5471
14888   3415   5472
14889   4579   5472
14900   5476   5477
14901   1762   5476
14902   4773   5476
14903   4811   5476
14904   3102   5477
14905   4820   5477
14906   2223   5477
14933   3852   5485
14936    538   5485
14951    229   5491
14962   1249   5496
14966   5497   5498
14967   3515   5497
14968   5469   5497
14969   2901   5497
14970   3059   5498
14971   5450   5498
14972   3235   5498
14994   4617   5506
14997   1843   5506
14998   5507   5508
14999   2425   5507
15000   5399   5507
15001   5182   5507
15002   3068   5508
15003   5414   5508
15004   4542   5508
15037   5519   5520
15038   5327   5519
15039   5457   5519
15040   4286   5519
15041   5470   5520
15042   5458   5520
15043   3910   5520
15060   5526   5527
15061   4116   5526
15063    362   5526
15064   4131   5527
15065   5491   5527
15066   2337   5527
15072   3831   5530
15075   2966   5530
15092   5536   5537
15095   1352   5536
15096   5089   5537
15098    648   5536
15099   4917   5537
15122   5496   5545
15123   4010   5545
15124   5546   5547
15125   1624   5546
15127   3005   5546
15128   3145   5547
15129   5506   5547
15147   5553   5554
15148    877   5553
15150   4874   5553
15151   4740   5554
15152   5485   5554
15153   4888   5554
15266   5590   5591
15269   3073   5590
15271   5530   5591
15272   4638   5591
15274   5242   5592
15275   5537   5592
15276   4315   5592
15372   4842   5622
15375   4027   5622
15385   5627   5628
15386    894   5627
15388   4316   5627
15389   5204   5628
15390   5622   5628
15391   1440   5628
15394   5630   5631
15396   4668   5630
15397   4290   5631
15399   4770   5630
15400   2285   5631
15413   2153   5636
15417   5637   5638
15418    484   5637
15420    482   5637
15421   5496   5638
15422   5636   5638
15423   4365   5638
15424   5639   5640
15425    479   5639
15426   5637   5639
15427   4889   5639
15428   2000   5640
15429   5636   5640
15430   4778   5640
15445    484   5646
15448   5496   5646
15458   5650   5651
15459   4968   5650
15461   4684   5650
15462   4226   5651
15464   2891   5651
15494   5303   5661
15495   2779   5661
15496   5651   5661
15500   1424   5662
15503   5215   5662
15513   5667   5668
15516   4238   5667
15519    991   5667
15520   4522   5668
15522   5670   5671
15523   4910   5670
15524   5668   5670
15525   5316   5670
15526   2114   5671
15527   5667   5671
15528   5310   5671
15529   5672   5673
15530   5341   5672
15532    151   5672
15533   3788   5673
15534   5646   5673
15535   1304   5673
15537   4495   5674
15538   5662   5674
15539   5317   5674
15543   5676   5677
15544   4525   5676
15545   5630   5676
15546   1671   5676
15547    971   5677
15548   5631   5677
15549   2289   5677
15554   4858   5679
15555   5662   5679
15556   4953   5679
15557   5680   5681
15560   1104   5680
15561   2222   5681
15563   3101   5680
15564   3396   5681
15566   5683   5684
15567   1668   5683
15568   5681   5683
15569   2969   5683
15570   2692   5684
15571   5680   5684
15572   4733   5684
15591   5691   5692
15594   5341   5691
15595   3469   5692
15597   5249   5692
15620   1181   5700
15621   5692   5700
15622   1184   5700
15630   5703   5704
15633   2733   5703
15634   1266   5704
15636   5023   5703
15637   5108   5704
15639   5706   5707
15641   5704   5706
15642   3215   5706
15644   5703   5707
15645   4275   5707
15647   5708   5710
15649   5190   5708
15651   4716   5710
15652   5006   5708
15654   5005   5710
15662   5713   5714
15663    617   5713
15664   5708   5713
15665   4837   5713
15666    808   5714
15667   5710   5714
15668   4005   5714
15671   5716   5717
15673   4784   5716
15674   5547   5717
15676   1353   5716
15677    651   5717
15683   5213   5720
15686   5545   5720
15692    177   5723
15695    375   5723
15696   5724   5725
15697   2716   5724
15698   5716   5724
15699   2812   5724
15700   4917   5725
15701   5717   5725
15702   4617   5725
15703   5726   5727
15704   5672   5726
15707   5646   5727
15708   5720   5727
15709   1317   5727
15719   5731   5732
15720   5491   5731
15723   5526   5732
15724   5723   5732
15725   4416   5732
15729   4906   5733
15732   4802   5733
15735   5736   5737
15736   5546   5736
15737   5733   5736
15738   1616   5736
15739   5506   5737
15741   4062   5737
15742   5738   5739
15743    232   5738
15744   5731   5738
15745    243   5738
15746    378   5739
15747   5723   5739
15748    824   5739
15752   1377   5740
15755   2401   5740
15758   5743   5744
15759   5691   5743
15760   5726   5743
15761   3223   5743
15762   4418   5744
15763   5720   5744
15764   1461   5744
15765   5745   5746
15766   4282   5745
15767   5737   5745
15768   3094   5745
15769   4663   5746
15770   5733   5746
15771    629   5746
15772   5747   5748
15773   3871   5747
15775   5303   5747
15776   2997   5748
15778   5301   5748
15784   4477   5751
15787   2753   5751
15788   5752   5753
15789   4201   5752
15791   4077   5752
15792   4330   5753
15793   5751   5753
15794    462   5753
15799   3488   5755
15802   4120   5755
15804   5757   5758
15805    977   5757
15807   3610   5757
15808   1617   5758
15809   5740   5758
15810   3876   5758
15815   1227   5760
15818    721   5760
15820   5762   5763
15823   2120   5762
15824   2171   5763
15826   4613   5762
15827   1178   5763
15830   5765   5767
15832   5301   5765
15834   5674   5767
15837   5679   5767
15838   5768   5769
15839   5047   5768
15840   5755   5768
15841   5452   5768
15842   1461   5769
15844   2186   5769
15845   5770   5771
15846   4420   5770
15847   5763   5770
15848   4823   5770
15850   5762   5771
15851   1657   5771
15853   5772   5774
15855    794   5772
15857   3147   5774
15858   4619   5772
15860   3533   5774
15861   5775   5776
15862   5755   5775
15863   5772   5775
15864   3981   5775
15865   5769   5776
15866   5774   5776
15867   1459   5776
15877   5780   5781
15878   5740   5780
15880   1317   5780
15881   5757   5781
15883   1309   5781
15893   5785   5786
15894   2753   5785
15895   5765   5785
15896   4394   5785
15897   4330   5786
15898   5767   5786
15899   4497   5786
15900   5787   5788
15901   5726   5787
15902   2402   5787
15903   5780   5787
15904   4426   5788
15905   1346   5788
15906   5781   5788
15907   5789   5790
15908   5193   5789
15909   5760   5789
15910   3464   5789
15911   5142   5790
15913   4264   5790
15917   4566   5791
15920    202   5791
15928   5706   5796
15931   2860   5796
15932   5797   5798
15933   4349   5797
15935   2074   5797
15936   4422   5798
15937   5796   5798
15938   2063   5798
15939   5799   5800
15940   4436   5799
15941   5791   5799
15942   3333   5799
15943   4131   5800
15945   5491   5800
15955   5804   5805
15956   4382   5804
15957   5797   5804
15958   4254   5804
15959   5316   5805
15960   5796   5805
15974   5459   5810
15977   5748   5810
15983   2942   5813
15986   4011   5813
15987   5814   5815
15988   4968   5814
15990   4860   5814
15991   5765   5815
15992   5810   5815
15993   4953   5815
15994   5816   5817
15995   1328   5816
15997   5431   5816
15998   5391   5817
15999   5813   5817
16000   2941   5817
16006   2313   5820
16009    241   5820
16010   5821   5822
16011   5800   5821
16013    321   5821
16014   5791   5822
16015   5820   5822
16016   4268   5822
16017   5823   5824
16018   5213   5823
16019   5816   5823
16020   1318   5823
16021   5545   5824
16022   5813   5824
16023   5636   5824
16029   3888   5827
16032   3447   5827
16034   5828   5830
16036   5169   5828
16038   4463   5830
16039   5058   5828
16041   3281   5830
16042   5831   5832
16043   4116   5831
16044   5828   5831
16045    332   5831
16046   4131   5832
16047   5830   5832
16048    321   5832
16049   5833   5834
16050   5731   5833
16051   5821   5833
16052   5373   5833
16053    238   5834
16054   5820   5834
16055   5406   5834
16060   1913   5836
16061   5827   5836
16068   4580   5839
16071   5747   5839
16075   1409   5840
16078   2709   5840
16081   5843   5844
16082   3187   5843
16084    320   5843
16085   3713   5844
16086   5840   5844
16087    678   5844
16088   5845   5846
16091    783   5845
16092    676   5846
16095   2522   5846
16097   5848   5849
16100   2652   5848
16101   3804   5849
16103   4326   5848
16104   4452   5849
16110   4569   5852
16111   5845   5852
16112   5827   5852
16113   5853   5854
16114   5814   5853
16117   5810   5854
16118   5839   5854
16119   5472   5854
16120   5855   5856
16121   5650   5855
16122   5853   5855
16123     74   5855
16124   5661   5856
16125   5839   5856
16126   1391   5856
16143   5862   5863
16144   5222   5862
16145   3251   5862
16146   5849   5862
16147   5356   5863
16148   3509   5863
16149   5848   5863
16151   5864   5866
16153   1045   5864
16155   3691   5866
16156   1050   5864
16158   5321   5866
16163   4480   5868
16166   4841   5868
16168   5870   5871
16169   4155   5870
16170   5840   5870
16171    174   5870
16172    197   5871
16173   5843   5871
16174   3828   5871
16184   5875   5876
16185   5370   5875
16186   5868   5875
16187   5252   5875
16188   4506   5876
16190   1059   5876
16191   5877   5878
16192   1044   5877
16193   5864   5877
16194   5388   5877
16195   4160   5878
16196   5866   5878
16197   5421   5878
16199   5879   5881
16201   1174   5879
16203   3134   5881
16204   4227   5879
16206   4503   5881
16212   1915   5884
16215   4337   5884
16216   5885   5886
16217   4146   5885
16219     52   5885
16220   1530   5886
16222   3154   5886
16232   5890   5891
16233   4683   5890
16234    453   5890
16235   5885   5890
16236     71   5891
16237   4819   5891
16238   5886   5891
16239   5892   5893
16240   5622   5892
16241   5868   5892
16242   5485   5892
16243   5627   5893
16244   5876   5893
16245   5553   5893
16246   5894   5895
16247   1580   5894
16249   2915   5894
16250   2269   5895
16251   5884   5895
16252   3775   5895
16253   5896   5897
16254   5846   5896
16255   5894   5896
16256   1582   5896
16257   5852   5897
16258   5884   5897
16259   5836   5897
16260   5898   5899
16261   5700   5898
16262   5879   5898
16263   4876   5898
16264   5691   5899
16265   5881   5899
16266   4418   5899
16271   5168   5901
16274   4642   5901
16365   5931   5932
16366   4644   5931
16367   5901   5931
16368   3097   5931
16369   4569   5932
16371   5845   5932
16395   5940   5941
16398   5147   5940
16399   5279   5941
16401    736   5940
16402   4500   5941
16404   5943   5944
16405    877   5943
16406   5941   5943
16407   4103   5943
16408   4121   5944
16409   5940   5944
16410   4378   5944
16420   5948   5949
16421     64   5948
16423   2546   5948
16424   5853   5949
16426   3415   5949
16436   5953   5954
16437   5948   5953
16438   1439   5953
16439   3154   5953
16440   5949   5954
16441   3387   5954
16442     74   5954
16445   5956   5957
16447    438   5956
16448    430   5957
16450   4661   5956
16451   4687   5957
16454   5959   5960
16456   1668   5959
16457   2029   5960
16459   1677   5959
16460   2031   5960
16466   1227   5963
16469   5836   5963
16470   5964   5965
16471   5901   5964
16472   5959   5964
16473    782   5964
16474   5932   5965
16475   5960   5965
16476   2522   5965
16477   5966   5967
16478    722   5966
16480    724   5966
16481    719   5967
16482   5963   5967
16483    721   5967
16484   5968   5969
16485   3293   5968
16486   5956   5968
16487   5254   5968
16488   2645   5969
16489   5957   5969
16490   5313   5969
16495   1288   5971
16498   4811   5971
16501   5973   5975
16503   3469   5973
16505   1184   5975
16506   3147   5973
16508   4076   5975
16509   5976   5977
16510   4794   5976
16511   5971   5976
16512   4057   5976
16513   5154   5977
16515   5590   5977
16517   5978   5980
16519   3622   5978
16522   3649   5978
16524   3180   5980
16525   5981   5982
16526   3513   5981
16527   5973   5981
16528   5131   5981
16529   4390   5982
16530   5975   5982
16531   5139   5982
16535   2888   5983
16538   3341   5983
16541   5986   5987
16542   5971   5986
16543   5983   5986
16544   1762   5986
16545   5977   5987
16547   3185   5987
16548   5988   5989
16549   1114   5988
16550   5978   5988
16551   1136   5988
16552   4410   5989
16553   5980   5989
16554   2584   5989
16555   5990   5991
16556   5591   5990
16557   5987   5990
16558   4211   5990
16559   3658   5991
16560   5983   5991
16561   5465   5991
16579   5997   5999
16581   4770   5997
16583   2739   5999
16584    996   5997
16586   5707   5999
16587   6000   6001
16588   5668   6000
16589   5997   6000
16590   4703   6000
16591   5805   6001
16592   5999   6001
16593   4886   6001
16667   6025   6026
16669   5105   6025
16670   1294   6025
16672   1815   6026
16673   4693   6026
16683   6030   6031
16684   6025   6030
16685   3341   6030
16686   1288   6030
16687   6026   6031
16688   3084   6031
16689   1300   6031
16692   6033   6034
16694   2460   6033
16695   3134   6034
16697   3788   6033
16698   4503   6034
16699   6035   6036
16700   4456   6035
16701   6033   6035
16702   5590   6035
16703   4437   6036
16704   6034   6036
16705   5530   6036
16748   6050   6052
16750   2203   6050
16752   3503   6052
16753   3701   6050
16755    876   6052
16756   6053   6054
16758   3651   6053
16759     48   6053
16761   2303   6054
16762   4790   6054
16772   6058   6059
16773   6053   6058
16774   5760   6058
16775   4548   6058
16776   6054   6059
16777   5790   6059
16778   2795   6059
16779   6060   6061
16780   3929   6060
16781   6050   6060
16782   3750   6060
16783   3895   6061
16784   6052   6061
16785   1884   6061
16787   6062   6064
16789    924   6062
16791   1810   6064
16792   3996   6062
16794   5224   6064
16795   6065   6066
16796   3929   6065
16797   6062   6065
16798   3894   6065
16799   2541   6066
16800   6064   6066
16801   1809   6066
16802   6067   6068
16805   2584   6067
16806    722   6068
16808    285   6067
16809   5286   6068
16811   6070   6071
16812   4930   6070
16813   6068   6070
16814   3623   6070
16815   4999   6071
16816   6067   6071
16817   5980   6071
16827   6075   6076
16828   5440   6075
16830   2337   6075
16831   4612   6076
16833   5771   6076
16843   6080   6081
16844   5752   6080
16845    229   6080
16846   6075   6080
16847   5751   6081
16848   4691   6081
16849   6076   6081
16850   6082   6083
16853   3399   6082
16854   1126   6083
16856   3888   6082
16857   1855   6083
16859   6085   6086
16860   5966   6085
16861   6083   6085
16862   3611   6085
16863   5963   6086
16864   6082   6086
16865   3950   6086
16884   6093   6094
16886   3098   6093
16887   1496   6094
16889    776   6093
16890   2763   6094
16891   6095   6096
16892   4308   6095
16893   6093   6095
16894   1656   6095
16895   4689   6096
16896   6094   6096
16897   3516   6096
16914   6102   6103
16917   4082   6102
16918    736   6103
16920    127   6102
16921   5281   6103
16923   6105   6106
16924   5592   6105
16925   6103   6105
16926   4121   6105
16927   5536   6106
16928   6102   6106
16929   1037   6106
16930   6107   6108
16933   3956   6107
16934   2486   6108
16936   4085   6107
16937   4024   6108
16939   6110   6111
16940   4977   6110
16941   6108   6110
16942   5422   6110
16943   4840   6111
16944   6107   6111
16945   4515   6111
17010   6132   6133
17013   4764   6132
17014   4853   6133
17016   3002   6132
17017   3873   6133
17019   6135   6136
17020   3922   6135
17021   6133   6135
17022   5394   6135
17023   2160   6136
17024   6132   6136
17025   5431   6136
polygons 2383
1      5      6   5831  13840  13842
2     12   5831  12679  12681
3  12682  12684  12786  12789  12792
5  12678  12679  12682  13179  13840  13841
6   6829  11822  11825  13111  13114
7   6828   6829  13176  13841  13842
8  11825  12791  12792  13176  13179
9  11609  11827  13108  13114  13115
11  10496  10500  13112  13115
12      6   6828  10498  13108  13111  13112
13      5     12   7186  10496  10498  10501
14   7186   7188  12678  12681  12684
16   7188  10500  10501  11609  12788  12789
17   6931   6932  12867  12870  12873
18     50   6377  11714  11718  12871  12873
19     50   6932   6933  12601  12603
20  10415  12031  12032  13953  13955
21  11857  12028  12029  12867  12868  12871
22  11859  13949  13955  14998  15001  15004
23   6377   8569  12597  12600  12603
24   6931   6933  14653  14703  14704
26  12597  12601  13950  14653  15000  15001
27  11854  11857  14701  15003  15004
29  12868  12870  14698  14701  14704
30  16122  16123  16424  16440  16442
33     94     95  12909  12912
34  12912  15990  16114  16420  16421  16424
36    102  11651  12909  13256  15988  15990
37     95    102   7279  16216  16219  16222
38     94   7279  16421  16437  16439
40    115  12328  15461  16121  16123
41  12324  12328  16232  16233  16236
43  11651  12326  16219  16233  16235
44    115  16222  16236  16238  16436  16439  16442
47    126   6126   6131   6333   6335
48   6334   6335  10685  12226  12227
49   6131  10647  10649  10650  12662  12663
50   6333   6334   9204  10361  10363
52    148   9204   9206  10679  10682  10685
53    150   9206  10362  10363
54    148    150   7397  13117  13120  13123
55   7396   7397   8650  10681  10682
56    126  10361  10362  10649  13119  13120
58   6388   7396  10650  13122  13123
60   6388   8650  12657  12660  12663
63   7653   9561  13607  13610  13613
65    173   6948   7653  10665  10668
68  10665  11716  12029  13608  13610
69   8766  11857  12637  12639
72   9555   9557  11552  13611  13613
73    204   5185   7250   9557   9558
74   5185   8765   8766  12143  12868  12869
78  10668  11716  12145  12871  12872
79    210    173   9555   9558   9561
80    210    204   6948  12138  12143  12145
81  12028  12638  12639  13607  13608  13611
83    217    218   8005  11604  12034  12035
84    221    222    223  11601  11604
85   6751  10834  10835  11477  11480  11483
86    231   7487   7489  11479  11480
87    233    218    234  11482  11483
88    217    223    236    237    234
89    236    222    238    231    239
90    239    237  11477  11479  11482
91    241    242  11601  12035  12036
92   6674  12034  12036  12487  12493  12494
93    221    242    245    238   7489   7490
94    233   6751   8005  12494  13159  13160
95    251    245    241   6674   6676
96    251   7487   7490  10833  10834  10837
97   6676  10837  12493  13162  13163
98   7007   7013   8114   8609   8611
99    261   7008   8108   8111   8114
100    264    265   4788   8109   8111
101    268    269   4788   8606   8608
103    271    272    273   8605   8606   8609
104    265    274    261  10588  16169  16171
106    284   9510  16168  16171  16174
108    269    290    284    274    264
109    294    295    271   7013   8707   8709
110    272    295   9511   9514
111    290    268    273   9507   9510   9511
112   7007   7008   8709  10588  10589
114   8707  10589  16168  16169  16172
115    294   9507   9514  16172  16174
116  11899  12536  12537  15917  15941  15942
117  12539  12540  15266  15269  15272
118  11938  11940  15269  16700  16702
119  11509  11510  11577  16699  16700  16703
121  12349  12350  15072  16703  16705
122  12171  12175  15072  15271  15272
124  11577  11934  11940  15917  15920
125  11510  15920  15940  15941
126  11899  12175  12176  12348  12350
128  11509  12348  12349  15940  15942
133    346   7867  11899  14427  14429
134    346  14951  15720  15743  15744
135   7867  14951  15939  15942  15945
136  14426  14429  14432  15743  15745
138  12537  12538  14426  14427  14430
141  15720  15945  16011  16050  16051
144    379    380  16009  16053  16054
145    382  15744  15745  16049  16050  16053
146  11936  15917  16009  16014  16015
147    380    382  10025  14430  14432
148    379  10025  11936  12536  12538
150  11018  13885  13889  14277  14283  14284
152   8217   8221  14281  14284
153  14277  14280  14281  14552  14555  14558
154   8221  10797  11018  13825  13826
155   7406   9795  10799  14450  14452  14454
156   7402   9795  13762  13763
157   9880  13891  14280  14283
158  13762  13824  13826  13889  13892
160   7402   7406   9882  13885  13891  13892
161   9880   9882  14452  14554  14555
163   8217  10794  10797  14454  14557  14558
164  11243  11873  11876  12682  12683
165   6189  11237  11243  13631  13633
166  13843  13863  13865  13953  13954
168    440   6189   8567  11873  12599  12600
169   8567  10422  13145  13864  13865
172   8776  13634  13636  13863  13864
173    440  13145  13630  13633  13636
175   8774   8776  13839  13840  13843
176   6230   8341  10727  10728  10731
177  10622  10626  10727  10730  10733
178   9780   9781  10625  10731  10733
179    465    466   8756   8758   8761
180    467   8427   8758   9779   9780
181    466    472    473    474    475    467
183    474  10626  10628  13710  13712
184    484   7899   8340   8341   8761   8762
185    484    485    486    472    465
186    475   8427  10622  10625  10628
187    485   7899  13707  13709
188    473    486  13706  13707  13710
189   6230   8756   8762   9779   9781
192  15943  16011  16013  16046  16048
193    504  10455  11444  15061  15723  15725
194    505  11444  14570  14573
195    504    508    509    510    505
196    511    509  16042  16045  16048
197    510    511  14570  16013  16051  16052
198    508  10455  16043  16045
203  10184  11772  16933  16944  16945
204  13846  13849  13850  16930  16933  16934
205   5162   8199  12155  12156  12159
206   5155   8199  13850  13853
207  12025  12159  12161  13846  13852  13853
208  10180  10182  10184  13849  13852
209  12156  13587  14722  14724
210  10182  11769  12025  13280  13589  13590
211   5155   5162  14721  14724  16934  16941  16942
215  11767  13280  14725  16939  16942  16945
218    563   6514  10329  14770  14785  14786
219    570  15063  15695  15723  15724
220  11090  11093  15060  15063  15066
221    570   6512  11090  14770  14773
222  14951  15065  15066  16830  16845  16846
224  14786  15791  16828  16844  16846
225    346  10738  15789  16844  16845
226    563  10738  10741  15742  15743  15746
227  10329  10741  15789  15791
229   6512   6514  15695  15746  15747
233    599    600  10511  11055  11056
234  11055  11057  13131  13801  13802
236    616    599   9758  13801  13803
237    620   9422   9426   9755   9758
238    620    600    616  13192  13194
239   9426   9427  13188  13191  13194
240   6272   8790  13052  13189  13191
241  10511  13046  13047  13188  13189  13192
243   9311  11056  11057  13047  13049
244   5200   6269   6272   9311  13128  13131
248   9424   9755  13128  13802  13803
253    654  12768  14547  14550
255   8900   8901  12768  12845  12847
256  14547  14561  14562  16448  16489  16490
258  12845  14550  14561  16166  16185  16186
260  11659  14181  16447  16486  16487
261    654   8895   8897   8900  16445  16447  16448
262   8897   8898  11654  11656  11659
263  14375  14562  16185  16187
264    685   8895   8898   8901
265    685  11656  12847  16163  16166
266  11654  14177  14181  16163  16186  16187
267    693   9250  10556  16217  16219
268  10552  10555  16217  16234  16235
269  12089  14783  14787  16827  16828  16831
271   5086  10555  11170  14787  14789
272   9245   9250  10328  15788  15791  15794
273  10328  11168  14783  14786  14789
274    693  11651  15784  15793  15794
275  12326  12327  15784  16831  16847  16849
277   5086  12089  12327  16233  16234
280   9245  10552  10556  11168  11170
283    726    727  11590  11591  11594
284    728    729    730  11594  11596
285    727    733    734    735    728
286    726    736    737    738    739    733
287    743    736  11591  13001  13003
289  11590  11596  13003  15425  15427
290    752    753    738    754
291    755    756    757    758    752
292    754    737    743    755  15418  15420
293    729    735    762    757    763
294    763    756    730  15418  15425  15426
295    758    762    734    739    753
296  13001  15420  15426  15427
302   6968  12469  12770  16232  16234  16237
303   6965   6969  12466  12469  12472
304  11256  12472  14548  14551
305   7835   9576  11255  14545  14547  14548
306    654    786   7835  11013  12328  12330
307    786  12765  12768  16236  16237
309   9573   9576  11013  12091  12092
310    793   6969   6971   9573  11255  11256
311   5086   5087   6965   6968   6971
312    793   5087  12086  12089  12092
313    796    126    797  13926  13927  13930
314    800    796  10649  10652
315    800  13927  14709  14711
317  10697  10700  13118  13120
318  10652  13118  13119  14705  14706  14709
319  10693  10697  13015  14706  14708
320  10360  10362  10693  10699  10700
321  10364  10699  13014  13015  13018
322    797   8783  10360  10361  10364
323   8783  13018  13930  13932
324    821  11784  11786  14933  14936
325  11657  14933  16163  16241  16242
327  10164  14936  15375  16240  16242
328  10158  10160  12850  15372  15375
331    685   8043   8044  11048  11051
332  11048  11656  11657  11785  11786
334    847    848  11051  11784  11785
335    848   8038   8043  10160  10161
336    847    821  10158  10161  10164
337   8038   8044  12844  12847  12850
338   8301   8302  13641  13643
340    859    860   7125   7661   8301   8303
341    866   8302   8303   9782  12181  14327  14329
342   8427  12093  12094  12097  12183  12184
343    871    872    467  12097  12099
344  12094  12096  14324  14326
345    872   7124   8757   8758  13638  13640
346    879    859   5820  12093  12096  12099
347    871    879   7121   7124   7125
348    882   8757   9778   9779   9782
349    882    866  13637  13640  13643
351    860   5820  14323  14326  14329
353    887   6348  10498  10499
354    896   6347   6348  12355  12357
355    900    901    902   6842   6843
356    903   6842  11326  12355  12356
357    902    906      6    887    896    903
358   6827  12451  13111  13431  13432
359   6347  10499  12262  13112  13428  13429
363  11323  12260  12262  12356  12357
364   6843  11323  11326  12454  12456
365    900   6831  12450  12451  12454
366  12260  12450  12456  13426  13429  13432
368    906    901   6827   6828   6831
369  14224  14225  15649  15664  15665
370   6230   6233  12305  13996  14221  14222
371  13381  13998  13999  15649  15652
375   6233   8762  14790  14791  14794
377    962  12828  12831  15663  15665
382   9782  11172  11958  13379  13381
383  12305  12830  12831  14794  14796
384    882    962  11956  11958  14790  14793  14796
385   8756   8757  14791  14793
386  11956  13379  15652  15663  15664
389   9778   9781  11172  13993  13996  13999
391   9208   9209  12504  12506
392    986   9209  10215  13785  13808  13810
393    994    986  12313  12505  12506
394    994   8469  13785  16526  16528
397   8469  11354  12313  12568  12570
398  11358  11488  13813  16529  16531
399  11352  11358  12567  12570  12573
400   1012   9208  10210  10215  10217
401  10217  11488  11489  12571  12573
403   1012  12504  12505  12567  12568  12571
404   8764   8766  11641  14699  14701
405   5180   6362   8460  14702  14704
406   5177   5180  12140  12869  12870
408   1029   1030   5177   6362   6363
409   1034   1035   1029  12140  12143
411   1036   1030   1035   9850  10103  10104
412   1034   1036   5185   5188
414   6363   8460  10098  10104  11642  11644
415   9848  10100  11638  11641  11644
416   5188   8764   8765   9846   9848   9850
419    504   1048  16081  16084  16087
420    505  11988  12699  12700  16082  16084
421   1057    509   8487   8490   8493
422    510   8493  12694  12697  12700
423   1057   1060   1061   1062   1048    508
424   1064   1065   1060   8488   8490
425   8487   8488  11989  12696  12697
426   1065   1061   9125   9128   9131
427   1062   9131  16085  16087
428   1064   9126   9128  11985  11988  11989
429   1070   1075   7125   9127   9128
430    879   1070   8231   8232   8235
431   1075   1064   8232   8588   8589
432   8584   8588  11556  11989  11992
433   1089  11662  11664  12071  12073
435   7436   8586  11556  12071  12072
436   7121   7393   9126   9127  11665  11667
437   1100   7393  11988  11991
438   1100   9963  11661  11662  11665
440   9963  11985  11991  11992  12072  12073
441   1089   1107    871   7436   8235   8236
442   1107   7124  11661  11664  11667
445   9593   9595  11883  11885
446   7188   8726   9593   9594  12936  12937
447  11883  12931  12936  14267  14269
448  11468  11471  12934  14263  14266  14269
449   8726   9150  12787  12789
451  10929  11468  11474  11475  11609  11612
453   8683   9150   9594   9595  10717  10931  10932
454  10927  10931  11475  14264  14266
455  10501  10502  12931  12934  12937
456  10500  10502  11471  11474
458   6375   8567   8569  16805  16808
459   6192   6194  16481  16483
460   6188   6189   6192  14286  14289  14292
461   6188   6194  11871  11873  11875
462   1149  11875  12602  12603  16477  16480  16483
463  14290  14292  16477  16478  16481
464   5451  16478  16480  16802  16805  16806
465    440  14289  16802  16808  16809
466  14286  14290  16806  16809
467   1149   5451   6375   6377
470   1163  12932  13835  14268  14269
471   7517   7522   7523  11471  11726  11727
472  11723  14266  16399  16402
475   1176   1177  13835  16398  16401
476   1176   6754   7522  10092  10093
477   7523  10095  10096  12932  12934
478   6754  11721  11727  16395  16401  16402
480   1163   1177  10091  10092  10095
482  13632  13633  14262  14288  14289
483   9059  13082  14256  14259  14262
489   1210  13913  14291  14292
490   1212   9056  12156  12157  13913  14258  14259
492   5162   7192   9056   9059
493   6188   8143   8146  11240  11243
494   7192   8199  11241  13082  13631  13632
495   1212   1210   6192   8144   8146
496  11237  11240  11241  12159  12160
497   8143   8144  12155  12157  12160
498   1057   1225  13909  16036  16044  16045
500  13549  13905  16271  16367  16368
501   1048   8082   8083  10455  10458
502   1062   8081   8082  16088  16091  16092
503   1242   1243   8081   8083
505   1243   7092  16091  16365  16368  16371
506  13903  13909  16271  16471  16473
507   1242   7092  10458  13549  16039  16043  16044
508   1061   5269  16092  16095
510   1225   1060   5269  16470  16473  16476
511   5831   6386   7276   8774   8775
513  11241  12680  12681  13853  14349  14350
514     12   6386  10865  14350  14351
517   7276  10865  10908  14216  14253  14254
518  10908  11039  11040  13850  14349  14351
520   7083  11000  11002  15766  15768
521   1277   8516  11002  11127  11128
522   1280   8521  12050  12053
523   8515   8516  11353  12050  12569  12570
524  12053  12310  12314  12568  12569
525   1280   1291  12256  12314  12316
526  12310  12313  12316  15769  15771
528  11130  11131  12256  15765  15766  15769
529   1291   8515   8521  11125  11128  11131
530   8467   8469  15765  15768  15771
532   1277   7083   8467  11353  11354
535   8814   8815  10090  15666  15668
536   7859   8815  10711  10714  14170  14172
537   7859  13377  15654  15666  15667
538   8347   9413  12511  12513
539   9413  10929  10930  14169  14170  14173
540   8342   8344   8347  14173  14175
541   8342  10088  12512  12513  15651  15667  15668
542  12438  13374  15651  15654
543   6955   8344  10088  10090
544   6955   8814  14169  14172  14175
546  10714  10932  12204  13374  13377
547    563   9285  10400  11571  11572
549   9350  10400  10403  15746  15748
550   1336   1337  15742  15745  15748
551   1337   5465   5950   9349   9350
554   5950   9341  10114  14204  14294  14296
555  10736  10738  14297  14428  14429
556  10112  10742  14293  14294  14297
557   9285  10117  10736  10741  10742
558   1336   5465  14204  14431  14432
559   1349   1350   1351   1352   1353
560   1354   1355   1356    901   1357   1349
561   1353   1354  10083  11559  11560
562   1361   1362    900   1356   1363
563   1364   1365   1366   1367   1361
564   1363   1355   1364  10083  12074  12075
566   1352   8587  11555  11556  11559
568   1351   1376   1377   7433   8586   8587
569   1366   1381   6845   6846   7433   7436
570   1350   1357    902   1382   1376
571   1362   1367   6841   6843   6846
572   1381   1365  12070  12071  12074
573   1377   1382   6841   6842   6845
574   6754   6755  14273  16918  16921
575    210  10348  16917  16920
576   1397   7869   7870  14271  14273
577   9556   9558  14271  16914  16920  16921
578   1176  12282  12283  16914  16917  16918
580   1405   7872   7873  10093  10094
581   1411  10092  10094  12281  12283
583    173   1413  10348  12281  12282
584   6755   7522   7868   7869   7872
585   1413   1415   1405   1411   9559   9561
586   1415   1416   7868   7870   7873
587   1416   1397   9555   9556   9559
589   1421  11722  16402  16405  16406
590   9414  10930  11475  11722  11723
591   1421   9414  12511  15147  15148  15151
592   8682  10931  12201  12204  12207
593   8682  10410  14264  16399  16406  16407
595  10410  12207  12947  12953  12954
596  12954  15148  15150  16405  16407
598   1436   6755  10446  11725  11727
599   1441  11113  11114  16404  16405  16408
600   1421   1441   8823  10476  10478
601  11113  15276  16924  16926
602   8823   8826  11114  14146  15274  15276
604  10476  10477  11721  11722  11725
605   1459   1436  14146  14272  14273
606   1459   8826  10446  10477  10478
608  16401  16408  16409  16918  16925  16926
610   1463   6302   9270   9272   9313   9314
611   1470   9270  10099  11643  11644
612   5207   9309   9311   9314
613   5200   5206   5207   6296   6302   6303
614   1475   1476   6303  11640  11641
615   1475   5206   6272  10574  10576
617   1483   6276  13128  14091  14092
618   1487   1483  10099  10100  10577  10579
619   1463   1470   1487  14090  14092
620   9309   9313  13131  14090  14091
621   1476   9848  10573  10574  10577
622   6269   6276  10573  10576  10579
623   8594  10064  16789  16792
624   1497   1498   1499   8592   8594
625   9092  10060  12206  12950  12953
627   1498   9723   9726  10411  10414
628  10408  10410  10411  16755  16783  16784
629   1499   9726  16789  16797  16798
630   9840  10057  10060  16792  16796  16797
631   9723  16779  16780  16783  16796  16798
633  12206  12207  16748  16753  16755
634   1497  10408  10414  12951  12954
635   8592  10057  10064  12947  12950  12951
636   9092   9840  16753  16780  16781
637   8246   8247  10395  14421  14424
638   8250  13924  13925  14283  14405  14406
639  10395  11972  11973  12729  12801  12802
640  13889  13921  13922  14421  15038  15040
642   1542  11972  14840  14843
643   1543  11018  14840  15039  15040
644   1542   1543  12729  14284  14402  14403
645   8245   8247   8250  12801  12803
647  12802  12803  14401  14402  14405
648   7657   8657   8659  10044  10045
649   7652   8659  10665  11421  11422
651   9767  12026  12030  13242  13608  13609
652   9767  10750  12209  12210
653  10750  10939  10940  12030  12032
654  10044  12209  12211  13239  13242
655   7652   7657  13239  13609  13610
659  10938  10939  11425  11719  11720
660   9960  10045  10938  10940  12210  12211
663   1584   1585   5914  11672  11674
664   5911   5914   7399   7466   7467   7470
665   1585   6390   7395   7396   7399
666   1591   1594   7446  10680  10682
667   1591   7395   7397   7467   7469
668   1594   1597   7466   7469   7472
671   1606   7443   8653  10680  10681
672   1584   6390   8650   8653  13980  13982
673  11668  11672  13035  13980  13981
674   1615   7470   7472  11671  13032  13035
676   1618   1606  13032  13981  13982
677   1618   1615   1597   7443   7446
679   1620  11778  11794  15513  15519  15520
680  10856  10859  15516  15519
681  11794  11797  11800  11801
682   1620  10760  10762  10857  10859
684  10860  12390  15513  15516  16588  16590
685   7758   7762  10856  10857  10860
686   7977  10763  12605  12607
687   7758   7763  10759  10760  10763
689  11797  15520  16584  16588  16589
690  11800  12608  16581  16584
692   7762   7763   7977  12390  12393
693  10759  10762  11778  11801  12604  12605  12608
696   1664   4785   5862   8109   8110
697   1671   1664   5224  11416  13182  13184
698   4785   4788   5221   5224
699   1671   1677   1678   5859   5862
700   1679   1680   1681   5859   8110   8111
701   1678   1679   7961  12877  12880
702    264   5221  10871  10873  11413  11416
703    265   1681  10873  11026  11027
704   1677  12877  13183  13184
708  11029  11030  11413  12880  13182  13183
709   1680   7961  11024  11027  11030
711  13208  14848  15974  15992  15993
712  13208  13209  14622  16192  16194
713   5336   5338   5340  16153  16156
715   1714  14619  16153  16193  16194
716  14848  14885  14887  16156  16192  16193
717  14888  16113  16119  16424  16426
718   1720  12907  12912  14619  14622
719   1720   1714   5338  16421  16423
720   5340   8141  14884  14885  14888
721   5862   9227  10855  11738  11739
723   8125   9224  10172  10175  10178  11738  11740
725   7638   8593   8594  10173  10175
726   1739   1499   4785   7638   8607   8608
727   8611   9230  10176  10178
728   1498   1739   1664  10853  10855
729   1741   1497  10853  11739  11740
730   1741   8125   8592   8593
731   1742   1748  11764  13661  13663
732   1752   1742   6211   6212
733   1748   6212  12854  13490  13491  13494
735  11758  11764  13491  14584  14589  14590
736  11969  13386  13387  14589  14692  14693
737  11758  13386  13581  13661  13662
738   8087   8093  11966  11969
739   8088  11966  13387  13578  13581
740   1752   1776   1777  13578  13662  13663
742   8093  13249  13251  14691  14692  14695
743   1777   8087   8088  13245  13248  13251
744   1776   6211  12854  13246  13248
747   1783   1784   1785   1786   1787
748   1788   1789   1792   1793   1783   8401   8403
749   1787   1794   1795   1796   1788
750   1794   1786   1797   1798   1799
751   1799   1795   7348  14213  14396  14397
752   8401   9153   9157  14249  14252  14255
753   1792   9157   9299  11035  11036
754   1796   1789  14394  14397  14400
755  12772  12775  12778  14213  14254  14255
756   1798   7348  10340  12773  12775
757   8403  14252  14399  14400
758   1793   1784  11031  11032  11035
759   1785   1797  10340  10890  11032  11033
760   1817    726   7656   8659   8662
761   1413   1820   7652   7653   7656
762   1824   9143  11363  11594  11595
763  11360  11361  12284  13292  13294
764   1817   1820  11591  11592  12280  12281  12284
765   1831   1833   9139   9140   9143
766    727   1824   1831   8662  11420  11422
767   1833   6780   6949  10668  11420  11421
768   6948   6949  10348  13295  13297
772   6780   9140   9141  13291  13292  13295
773   1845   1846   9893   9896   9899
774   1847   1848   9899  11427  11429
775   1846   1847   8831  16519  16550  16551
776   9436   9437   9440  16519  16522
777   1831   8921  16522  16549  16550
779   1868   9140   9142   9894   9896
780   1848   8831   9440   9441
781   8921   9143   9219   9437   9438
782   9139   9142   9219  11430  11432
783   9436   9438   9441  11426  11429  11432
784   1833   1845   1868  16549  16551
786   6227   6229  13655  14114  14115
787   6227   8260  12592  12595
788  12591  13216  13250  13251
789   1890  13421  14113  14115
790   1890   6229  12588  12595  13213  13215  13216
791   1894   8260   8262  13655  13658
792  13215  13247  13248  13417  13420  13421
794   8087   8089   8262  12588  12591  12592
795   1902   1903   1894   8088   8089
796   1777   1902  13420  13423
797   1903  13417  13423  13658  14113  14114
800   6062  12753  12755  15464  15495  15496
802   1919   6423  12749  12750  12753
803   6062   6069  12558  12957  12959
804   1927   6069  12749  12752  12755
805   1927  12957  15622  16261  16263
807   7564  13168  14343  14346
808  10821  14343  15462  15494  15496
809   1919  10825  15620  16204  16261  16262
810   6423  10819  10825  15462  15464
811  12959  13167  13168  16201  16262  16263
813   7564  10819  10821  16201  16204
814  12750  12752  15620  15622
815  12558  13167  14346  15494  15495
816   5091   5092   6545  14848  14851
817   1957   5097   6545  14553  14555
818  14552  14553  14851  14886  14887
819   5091   5097   6457  10605  10606
820   5092  10605  16191  16192  16195
823   8219  14558  14885  14886
824   8219  14281  14403  16151  16156  16158
825   1957   6457  14280  14406  14407
829   1980    150  10700  11662  11663  12498  12499
830   1984  12499  12503  12506  12509
831   1985   1986   9203   9208  10360  10363  10366
832   1989   1985  12503  12504  12507
834   1984   1980   9203   9206   9209
835   1991  10366  10699  11665  11666
836   1992   9963  12498  12507  12509
837   1100   1991   1986   1989   1992
838  13139  14260  14288  16809  16812  16813
840   2003   6555  12801  13916  14290  14291
841   2004   2006  13102  14256  14257  14260
842   2007   2010   2004  11972  11974
843   2006   2012   2007  13136  13139
844   6555   8832   8834  10392  10395
845   2003   8834  16806  16813  16814
846   2010  12729  13102  13103
847   2020   8832  13136  16812  16814
848   2020   2012  10392  11973  11974
852   9911   9912  15815  16758  16773  16774
853   9907   9912  16466  16863  16865
854  15815  15818  16466  16482  16483
855  11875  15818  16774  16775
857   6933   8923   8925  16758  16759
858  12601  12602  16759  16773  16775
859   6932   8795   8796   8924   8925
860   8792  16480  16860  16862
861   8923   8924   9907   9908   9911
862   1149     50   8791   8792   8795
865  13859  16513  16515  16694  16701  16702
866   5072  11275  13855  13856  13859
867  11286  11287  12692  16510  16512
868   4975   9377  11274  11275  11581  11582
869   2069   4971   4975  11286  11288
870   2069  11576  11582  11939  11940
871  10262  11287  11288  11938  11939
872  10262  15269  16509  16512  16515
873   5072   9377  16694  16697
878   2078   5911   5916  15630  15633  15634
879   2083   2084   2078  11343  11349  11350
880   2083   5916  11671  12759  12762
881   2092   2084   6212  12756  12759  12760
882  12760  12763  12852  12854
883  11343  11346  11347  13491  13493
884   2092   1748  11347  11350
885  11342  11673  11674  15633  15644  15645
887  11346  11349  15634  15641  15642
888  13490  13493  13496  15639  15642  15645
890   5541  12553  12556  12958  12959
891   9105  10249  10251  12553  12558  12559
893  11331  11332  12556  12559
894   8542  10323  10325  12957  12958
895   5541   8542  11332  14776  14779  14782
897   9105  11154  11331  14515  14778  14779
898   6069  10323  12216  12249  12250
899  10267  11289  11290  13392  13398  13399
900  13396  13399  16683  16686  16689
901  10264  10267  16670  16684  16686
902   2137   2141  12918  13090  13091
903   2137   6350   6351  11289  11291
904   2141   2145  10264  11290  11291
906  12354  12357  12919  13087  13088
908   2154  12354  12355  16673  16687  16689
909   6346   6347   6350  13085  13088  13091
910   2154    896  13392  13395  13396
911   6346   6348   6351  13395  13398
912   2145  12915  12918  12919  16667  16670  16673
913   9071   9073  11480  15883  15904  15906
914  11479  15532  15704  15900  15901  15904
916   7502   7504  15877  15880  15883
917    757   7503   7504   9072   9073
918    756   7502   7503  15445  15707  15709
919  15703  15709  15880  15901  15903
920    752   2179   2180   7488   7489
921    231   2180  15529  15532  15535
922   2179    755  15445  15534  15535
923    758   7487   7488   9071   9072
925   8494   8497  12822  12824  14757  14759
926   7920   8499  12821  12824  12827
927   7921   8496   8497  14053  16018  16020
929  14753  14759  15997  16019  16020
931   8970  14051  15995  16018  16019
932   2211  14754  15995  15997
933   2215   8973   8975  12825  12827
934   2216   8969   8975  14051  14053
935   2215   2216   7917   7920   7921
936   2219   2220  14753  14754  14757
937   2221   2211   2219   8969   8970   8973
938   2220   2221  12821  12822  12825
940   2222   2224   1606  11481  11483
941   2227   2222   7443  11300  11302
942   2224    233   2229   8653  12658  12660
943   2230   2231   2232  12228  12658  12659
944   2229    218   2234   2230
945   2227   2235   2236  11481  11482
946  11303  11305  12227  12228
947   2232   2238   2235  11299  11302  11305
948   2236   2238   2231   2234    234
949   2244   6404   6405   9853  10102  10103
950   9850   9853  15671  15676  15677
951   2244   5870  15676  15697  15698
952   2251  13648  15092  15095  15096
953   2254   2255   6404  13644  13645  13648
954   1036  15092  15098  15099  15677  15700  15701
956   5870   6405   7544  13645  13647
957   1030   2261   2251   2255   2262
958   2262   2254  10102  10104
959   2261   1035  15095  15098
960   1441  15148  15386  16243  16245
964  11742  15388  16188  16243  16244
965  11111  11114  15386  15388
966   1741  12951  15150  16190  16244  16245
968  10414  10853  10854  11317  11318
969  11737  11740  16188  16190
970  10470  11317  16408  16410
971   6167  12656  15673  15698  15699
972   2286   2287   2288  12650  12653  12656
973  12650  12651  15673  15676
974   2215   5867   6164  15697  15699
976   2299   5867   5870   7920   7923
977   2286   2301   7917   7923   7924
978   2301   2244   2299  12651  12653
979   2302   2287   7921   7924
980   2302   2216   2288   6164   6167
982   8896   8897  10250  12246  12248
983  11659  11660  12247  12248  16097  16103  16104
984  11566  11568  13978  13997  13998
985   9585  11562  11568  11654  11657  11660
986   5659   7569  11050  13994  14220  14221
987   5659   7038  11154  16100  16103
989   7038   7569   7570  10250  10251
990  11562  11566  16101  16104
991   7570   8896   8898  11046  11048  11050
994  11974  13804  14094  14838  14843  14844
995   2333   2334   2007  13800  13801  13804
996  12712  14116  14118  14838  14840  14841
997   9313   9418  12712  13551  13553
998   9309  11054  11057  11060  13421  13552  13553
999   1890   2343   8193  11058  11060
1000   2345   2004   2334   8193   8195
1001   9418  14089  14090  14841  14844
1004   2333   8195  11054  11055  11058
1005   2010   2345   2343   1542  14112  14115  14118
1006   8924  11025  11027  12419  12421
1008   2358   9908   9910  10876  11025  11026
1009    274   2362  10873  10876
1010   9907   9910   9913  16075  16078
1011   2358   2362  16075  16170  16171
1013   8929   9911   9913  10591  10593
1014  10587  10588  10591  12422  12424
1015    261   1681  12418  12421  12424
1016   6862   6864   8950   8951
1017   8950  11711  14388  15537  15539
1018   6864  11708  11711  12068  12069
1019   2384   2385   8752  10124  10125
1020   2389   8752  10900  12065  12066
1021  11708  13719  14059  15503  15537  15538
1022   2389   2384   6868   8951  14388  14390
1024   2385  14390  15500  15538  15539
1025  10125  14057  14061  15500  15503
1027   6862   6868  12063  12066  12069
1029  14802  14803  15375  15389  15390
1030   2406   2407   2408   8039  12848  12850
1031   2411   6309   8039  10159  10160
1032   2220   2413   2414   6309  14232  14799  14800
1033   2221   8316  14226  14229  14232
1034   8314   8320  14228  14229  15389  15391
1035   2411   2414   2421   2406
1036   2422  12848  15372  15390  15391
1037   2422   2408   8320  12821  12823  12826
1038   8314   8316  12825  12826
1039   2407   2421   2413  12822  12823
1041  13258  15894  15895  15987  15988  15991
1042  11372  14338  15832  15895  15896
1043  15778  15832  15977  15991  15992
1044   7563  14338  14343  15772  15775  15778
1045  11367  11369  13258  15458  15459  15462
1046  11366  11367  15894  15896
1048   7563  10821  11366  11369  11372
1050   2445   2219  14230  14232
1051  10463  13507  13509  14226  14227  14230
1052   2455   8315  14227  14229
1053   2455   5568  10010  10461  10463  10466
1054   5564   5568   8315   8316   8973   8974
1056   5564   5570  10010  15861  15864  15867
1057   2463  15842  15865  15867
1058   2463   5570   8969   8971   8974
1059   2211   2445  13506  13507  13510
1060   8970   8971  13510  15838  15839  15842
1061   2470   1459   2471  10462  10463
1062   2471   8826  14029  14227  14228
1066  10462  12296  13509  14586  14693  14694
1067  12808  12809  14586  14589
1068   2488  13507  14692  14694
1070   2470  10446  12296  12809  12810
1071   2488  11969  14230  14798  14799
1073   7001   7798  11858  15002  15004
1074   4967  13176  13951  14999  15001
1075   2497   1355   7798   7801
1076   1356   2497   6831   7000   7001   7004
1077   1354   7801  11204  11858  11859
1078   1349  11204  13845  13954  13955
1079   4967   6827   6829   7004   7005
1080   1357    906  13839  13842  13845
1081   6439   7656   7657  14358  14580  14581
1082   2506    739   8214  10047  10048
1083    733   8214   8657   8662   8663
1085   6439   9552   9554  10043  10044  10047
1086    738   2506   9548   9549   9552
1087    737   9549  14359  14577  14578
1088   1817    736  14355  14358  14359
1089   9774  14881  15041  15043
1090   6990   6991   9774  13765  13827  13829
1091   5996   7404  13892  13920  13921
1093   2530   5994   7404  13761  13762  13765
1094   2533   2535   2536   5994   5996
1095   2537   2533   5577  13920  13922
1096   2536   2537   5987   6987   6988
1097   6986   6987   6990  14877  14878  14881
1099   5577   5987  14421  14878  14880
1101   2530   2535   6986   6988   6991
1105   9246   9283   9285   9287  10328  10329
1106   2555   5603   9246  11168  11430  11431
1108   5603   9894   9895  12287  12290  12293
1109   8645   9898  11427  14768  14770  14772
1110   6514   8638   8645  10400  12291  12293
1111   2555   9287  11575  12288  12290
1112   2563   5459   8238   8241   8244
1113   2570   5460   8046   8048   8240   8241
1114   8243   8244  12769  16220  16237  16238
1116   6968   8015   8047   8048  10554  10555
1117   2583   8046   8047  12467  12469
1120   2563  10571  10572  16216  16217  16220
1121   2589  12467  12769  12770
1122   5459   5460  10566  10569  10572
1124   2570   8015  10568  10569
1125   2589   2583   8238   8240   8243
1126    222  10956  10958  10968  11510  11511
1127    221   9020  10955  10958  10961
1128   7700  11604  16038  16041
1129    223   7698   7700  10965  10968
1130  10504  10965  11511  15939  15940  15943
1132   7698  10504  16041  16046  16047
1133   9019   9020  11601  16038  16047  16048
1135   9019  10961  16010  16013  16016
1137  10955  10956  15920  16014  16016
1140   2621   2622   7738  14083  14085
1142   2629   7738  11358  11495  11498
1143   8515   8520   8855  10256  10257
1144   8849   8855  14591  14593  14596
1145   8520  12050  13728  14596  14597
1146   8905  14076  14084  14085  14593  14594
1147  10253  10254  12646  14076  14079
1150   5249  11352  11353  11498  12644  12646
1151   2629   2622  12573  13723  13725
1152   2621  13722  13723  14591  14594  14597
1154   5249   8516  10252  10253  10256
1156   9959  10938  13065  13867  13868
1157   5083   8598   8602  13065  13068
1158   2661   8408   8602   8604  10048  10049
1160   5081  11533  13068  13866  13867
1161   8598   8604   8663   9959   9960
1162   2669   2661   5081   5083
1163   2669   8408  11532  11533  12213  12214
1164  10043  10049  12208  12211  12214
1166  10515  11337  12852  13218  13246  13247
1168  11059  11060  13215  13218
1170   2682   2683   5207   6211  12760  13048  13049
1172   2682   9314  13550  13553  13556
1174   1776   2683  13420  13555  13556
1175  10510  11337  12763  13047  13048
1177   1070    859   2690   2691   2692
1178   2692   1065   1075   5266   5269
1179   7957   9130   9131  16092  16254  16256
1180   2690    860   6495  16247  16249
1181   2691   5266  16095  16247  16254  16255
1183   8304   8306  16249  16255  16256
1185   7957   7959   8300   8301   8304
1190   6495   8300   8303   8306
1192   7661   7959   9125   9127   9130
1193   2726   8761  14706  14791  14792
1195  13639  13640  14708  14792  14793
1196    465   2731   2726  10697  11663  11664
1197  11666  11667  13015  13638  13639
1201   1107   2731    466    872
1202   9483   9892  14374  14559  14562  14565
1203   9229   9890   9892  10177  10178
1204  10704  11741  14559  14563  16184  16185  16188
1205   9890  11434  11435  14563  14565
1206  11437  11438  11737  11738  11741
1207   8125  14182  16184  16187  16190
1208  10174  10175  14182  14374  14375
1212   2758   6793  15127  15736  15738
1213  13053  13054  15729  15737  15738
1215   2770  12718  13059  15729  15732
1216   2775   1594  13053  13056  13059
1217   1597   2776   2758  13054  13056
1219   5291   5293   6790   6791  12716  12718
1220  12716  15125  15732  15736  15737
1221   2776   6788   6790   6793   7471   7472
1222   2775   2770   5293   7468   7469
1223   6788   6791  15125  15127
1226   8600  13065  13147  13356  13358
1228  13142  13145  13356  16808  16815  16816
1231  13358  16524  16815  16817
1232   8600   9959  11425  16524  16552  16553
1233  16553  16554  16805  16816  16817
1234   6375  11718  11719  16552  16554
1235    994  13058  15729  15770  15771
1236  13053  13055  13058  13785  13787
1237   4895  10276  15735  15738  15741
1238   4889   4895   4896   7667  13054  13055
1239   4889   7509   7510  10276  10278
1240   7258   7510   8323  16503  16506
1241   7257   7258  10278  15741  15767  15768
1242   7667   8324  13787  16503  16527  16528
1246   4896   7509   8323   8324
1249   2836  10458  15061  15063
1250   2837   4696  10504  15064  15066
1251   2840   2837   7147   7698   7699
1252   7141   7146   7147  16886  16893  16894
1253   2836   1242  11090  16889  16892  16893
1254   2840   4696  11093  16892  16894
1257   7091   7092  16886  16889
1258   7091   7146  13547  13549
1259   2853   9895   9896  10878  11028  11029
1260   7960   7966  11028  11030
1261   8934  12290  13185  13292  13293
1262   1868   2853   6780   7965   7966
1263  10878  11413  12292  12293
1265   5603   8934   9141   9142
1267   2867   2868   8003   8010  12491  12494
1268   8010  12191  13904  16271  16274
1269   2868   2871  12188  12191
1270   2877   2878   6674  15567  15569
1271   5789  15566  15567  15570  16456  16459
1272   2878   2883  16456  16472  16473
1273   5788  12487  12491  15570  15572
1275   2888   2871   2867   5788   5789
1276   2888  12188  16274  16459  16471  16472
1278   2877   2883  12036  13907  13909
1281  16203  16206  16695  16698
1282  15758  15759  15762  16264  16266
1283  14466  15594  16206  16264  16265
1284  14466  15529  15530  15533  16692  16697  16698
1285  15530  15594  15704  15759  15760
1286   5070   5072  10108  14962  15122  15123
1287   7213  10108  11451  16203  16265  16266
1288   9377  14962  15448  15533  15534
1289   5070   7213  16692  16694  16695
1293  11451  15123  15686  15762  15763
1294   2924   2925   5206  12759  13051  13052
1295   2682   2926   6299   6302
1296   2930   2924   6300   6303
1297   2930   2931   2932   2084   2925
1298   2932   2933   2934   1742   2092
1299   2935   2926   2683   1752   2934
1300   2933   2931   2935   6296   6299   6300
1302   5087   8474  12344  14775  14787  14788
1303   9441   9442  12344  12346  14967  14969
1304  11429  12346  14772  14775
1305   6971   8474  14966  14967  14970
1306   9218  10554  11170  11431  11432
1311   2956   8015   9218   9438  13514  13516
1312   6965   8045   8047   8050  14970  14972
1313  13517  13519  14966  14969  14972
1314   8050   8051  13513  13516  13519
1315   2956   8045   8048   8051
1318   2967   8689  11191  12284  12286
1319   2972   2977   7720   7723
1320   2978   2972  12286  13187  13293  13294
1321   2977   2980   2981   2967   2978
1324   9396  11191  11361  11362
1325   9287   9990   9991   9994
1326   2980   7720   9991   9993  11573  11575
1330   7723  11573  12288  13185  13187
1331   2555   8934   9994   9996  11360  11362
1332   2981   8689   9396   9990   9993   9996
1333  11823  12146  12149  12150  12790  12791
1334   3000   7878  12150  12153
1335   3000  11822  11823  13664  13666
1336   4993   6109   7858   7859  12149  12152
1337   7858   9152  10714  10717
1338   4993   8812   8815   8818
1339   7878   8812   8816  13666  14171  14172
1340  11612  11827  13664  14170  14171
1341   7504   9422   9428  12411  12414  12417
1342   2287   3016   7502  12415  12417
1343   3019   6276   9424  12412  12414
1344   3021   2286  12411  12412  12415
1345   3019   3021  10579  12652  12653
1346   8790  10575  10576  15804  15807  15810
1347   9427   9428  15807  15881  15883
1349   3016   2288  15752  15878  15880
1350  12655  12656  15752  15809  15810
1352   3036  10885  12268  12621  12624
1353  12621  13324  13325  14902  14903
1354   3036  13324  13326  13857  13858
1355  10882  10885  13855  13858  13861
1356   7768  12269  12624  14901  14902
1357   7766   7768  16541  16544  16547
1358  13325  13326  16498  16510  16511
1359   7766  10170  10882  12268  12269
1362  14901  14903  16498  16542  16544
1363   4996   8817   8818  10221  13957  13959
1364   3069   4996  12152  12675  12676
1365   7307   7876   8816   8817
1366   7876   9914   9915  12153  12672  12673
1367   7307   9915  10221  11636  11637
1368   3077   6897   9920  12671  12672  12675
1369   6897  11634  13960  13962
1370   3077   3069  13956  13959  13962
1371   6742   8488   8489   8588   8590
1372   1352   3082  10521  10745  10750  10751
1373   3082   9767  11559  11692  11694
1374   9480  11681  12695  12697
1375   6742   9477  10523  10751  12212  12213
1376   9475  11681  11692  11693  12208  12209  12212
1380  11555  11693  11694  11992  12695  12696
1381   8584   8587   8590  10521  10523
1382   9933  10613  10614  13004  13006
1383  10614  10863  10867  14348  14351  14354
1385   9815   9819  10154  10905  11040  11041
1386   9818  10154  10354  16930  16936  16937
1387   9929   9933  10357  16933  16936
1388  11039  11041  16934  16937
1389   3117  10867  10869  12635  13004  13005
1390   3121  10863  10869  10905  10908
1391  10354  10357  12632  13005  13006
1392   3121   3117   9819   9821
1393   9815   9818   9821  12632  12635
1397   3128    269   5221   9348   9350
1398   3129   3130   7641   8606   8607
1399    268   3128   1337   3132   3129
1400   3132   3135   3136   3130   5465   5466
1401   1739   5224   9348   9349   9725   9726
1403   3135  16791  16800  16801
1404   3136   7638   7641  16787  16789  16791
1406   5466   5950   9725  16795  16798  16801
1409   2731   1089   1381   3146    472
1410   3146   1365    486   5296   7401   7467   7468
1411    485   7395   7401  13121  13123
1412   5293   5296  12074  12501  12502
1413   3154   2770  12496  12499  12502
1415   1591   2775   3154   1980    148
1418   2726    484  13117  13118  13121
1419   9625   9628  16672  16687  16688
1420   6862   7893  13700  16669  16684  16685
1421   6712  13699  13705  16667  16669  16672
1422   6712   9628  11851  12094  12095
1424  12063  12067  14154  14157
1425  11851  13703  13705  14157  14324  14325
1426   6868   7893   7895  10306  10307
1428  10306  10308  12066  14154  14325  14326
1429   7050   9625  10307  10308  12095  12096
1432  12067  12069  13699  13700  13703
1433  16110  16111  16369  16371
1434  11947  12190  16365  16366  16369
1435  11947  13923  13925  16032  16110  16112
1436   5577   8246   8248  16887  16890
1437   9703  16029  16091  16111  16112
1438   8245   8248   9705  16029  16032
1439   2537   7096  16884  16886  16887
1440   2533   7091   7096  12193  16366  16368
1441  12190  12193  13919  13920  13923
1442   1243   9703   9705  16884  16889  16890
1443  15266  16515  16545  16556  16557
1444   6864  12174  12540  12541  13700  13701
1445  12530  13701  16669  16670
1446  10260  10262  10264  12530  12539  12541
1448   7893   8951  16538  16559  16560
1450  10260  10267  16495  16511  16512
1451   8950  12174  15272  16555  16556  16559
1452  16495  16538  16542  16543  16685  16686
1456   3229  10977  13100  14149  14271  14272
1458  10010  10976  10977  11000  11005  11007
1459  10466  11005  11126  11127  11206  11207
1460   2470   1436   7869   9825  11207  11208
1462   1397   3229  11007  11129  11130
1463   2471   2455  13097  14146  14149
1464   5568  10976  13097  13100
1467  10461  10462  11206  11208
1468   7870   9825  11125  11126  11129
1471   3252   1848   6013  12346  16890  16895  16896
1472   2836    570   3253   8080   8083   8086
1473   8080   8081   9703  16853  16856
1474   8086   8642   9898   9899  16850  16853  16854
1475   3252   1847  16854  16857
1476   3253   6512   8642   8645
1477   6013   9705  16850  16856  16857
1478   3264   9884   9885  12186  12188  12190
1479   2868   5999  14035  14133  14134
1480   2871   3264   3269  14128  14131  14134
1481   5993   7402   7404  14032  14035  14036
1482   5993   5996   5999  12186  12191  12193
1483   3272   7406  14036  14130  14131
1484   9879   9884  13891  13923  13924
1485   3272   3269   9879   9882   9885
1486  13023  14060  15503  15554  15555
1487  12911  13209  15554  15556
1488  12911  13023  13283  14622  14725  14726
1490  10607  13585  14722  16195  16197
1493   5092   5093  13208  15500  15555  15556
1495  10123  13584  13585  14061  14063
1496   5093  10123  10125  10605  10607
1497  13283  13589  14057  14060  14063
1500   7446  11300  11301  13055  13056
1501  10212  10685  11303  13809  13810
1502   9203   9204  10212  10215
1504   3154   1984    986  13058  13059
1506  11299  11301  13787  13808  13809
1507   3314   7314   7315  16799  16801
1508   7317   7318   9253   9839  16780  16782
1509   7312   7315   7318  14207  14295  14296
1510   3314   5466  14204  14207
1511   3325   7722   9342  10114  10115
1512   3325   9255  16779  16782  16785
1513   7722   9728  16783  16785
1514   9253   9255  10115  14294  14295
1515   5317   9839  16795  16796  16799
1518   5096   6545   6765  14827  14830  14831
1519   1620   3272   3339  14452  14455
1520   3339   3269   8070  10761  10762
1521   3342   3343   3344   5096   5097
1522   3344   1957   9879   9880   9883
1523   3348   3342  14830  14833
1525   8071  10760  10761  14827  14833  14834
1527   3343   3348   8070   8071   9883   9885
1528  10857  10858  14831  14834
1529   6765  10858  10859  14455  14553  14554
1530   8193   8194  10580  10581  10584
1531   6783   7290  10584  10585  17010  17016  17017
1532   6783   9051  13213  13218  13219
1533   7290   8194   9051  11058  11059
1534  10526  12884  17014  17017
1535  13216  13219  17013  17016
1536   2343   6229  10528  10581  10582
1539   3372   3373  12803  13913  13916
1540  13103  13104  14402  16155  16158
1541   9054   9056  14724  16155  16196  16197
1544   3381   3382   6460  10606  10607
1545   3373   3383   6460  14405  14407
1547   3382   3385  12157  13585  13587
1548   3385   3381   3383   3372   1212
1550   9755  12413  12414  12894  13222  13223
1551   7221   7223  14089  14092  14095
1553   7218   8049   8051  11075  12412  12413
1554   1483   3019   7217   7218   7221
1555   7549  13518  13519  13806  14094  14095
1557  11075  12894  13515  13516
1558   7217   7223   7549   8049   8050
1560   2141   3406   3407   3408   8853   8855
1561   3408   3409  11285  11288  11291
1562  10025  10026  14591  14592  14595
1563  12582  12584  14592  14593
1564    379   3416   3406  14595  14596
1565   2145   8849   8853  12530  12583  12584
1566  10026  12535  12538  12541  12582  12583
1567   3407   3416   3409  11934  11936  11939
1568   3419   3420  10354  11216  11218
1569  10152  10526  13285  16937  16940  16941
1570   8135  11216  12843  13288  13289
1572  10152  10154  17017  17020  17021
1574   3419   9818  14637  17020  17022
1575   3420   8135  10673  14637  14640
1576  10673  12884  12886  13284  13285  13288
1579   8853  10257  12918  12921
1580   8902   8905  12581  12584  12587
1581   6710   8907  12587  13704  13705
1582   8902   8907   9403   9406  10254  10255
1583  11517  12359  16672  16673
1584   6710   6712   9403  11517  11519
1586   9406  11519  12359  12919  12922
1589    239  14465  14471  15530  15532
1590   3461   2235   8324  14165  15595  15597
1594  11477  11481  15904  15905
1595   2227   3461   4896  15900  15902  15905
1596   7509  15760  15761  15901  15902
1598   2236    237  14165  14470  14471
1601   8323  15591  15595  15759  15761
1603   2629   5643   9260  11488  11490
1604   5643   7738  16484  16485  16488
1605  12249  12754  12755  16445  16450  16451
1607   9260  13012  13013  16451  16488  16489
1608  11490  13007  13013  13812  13813
1609  12752  13009  13812  16505  16530  16531
1610   1927  10323  16505  16508
1611  11495  12217  12250  16450  16485  16486
1614   3500  12983  13658  13964  13965
1615   3500   3501   1894   6312  10159  10161
1616   2411   5341   8260   8261  16423  16437  16438
1617   8140   8141  12980  13964  13966
1618   3516   8043   8140  16426  16440  16441
1620   6309   6312   8261   8262
1622   3516    848   3501  12980  12983
1624   5336   5341  13655  13965  13966
1625   8038   8039  16436  16438  16441
1627   9992   9993  10187  11771  11772
1628   9283   9991   9992  10117  12167  12170
1629  11767  11771  12170  13025  13026
1631  10112  10115  12167  13026  13027
1632   3533   3325  10185  11769  13025  13027
1633   3534   3533   7718   7720   7722
1634   2980   3534  10180  10185  10187
1636   4964   4967  11823  11825
1637  12671  14653  14656  16756  16759  16762
1638  12149  12676  16762  16776  16778
1639   4964  12150  12673  14656  14999  15000
1640  11871  11876  12790  12792  16772  16775  16778
1644   1353   3082  11204  12030  12031
1645  11560  11691  11694  14610  14809  14810
1646   7801  10083  12641  12642  14607  14610  14611
1647  11547  13611  13612  14611  14806  14807
1648  13536  13540  14804  14807  14810
1649   9054   9059  10580  10583  11042  11044
1650  10530  10582  10583  16151  16153  16155
1651  13287  14619  14726  16940  16942
1652   1714  10524  10530  13285  13287
1653  10152  10585  11038  11041  11044
1658   7867  12347  12348  16843  16845  16848
1659  11371  12175  12177  15893  15896  15899
1660  11162  14297  14298  15897  15899
1662  11367  12353  15787  16847  16848
1663  12176  12177  14298  14427  14428
1664  15787  15792  15793  15893  15894  15897
1665   3574    271   3575  10214  10217
1666   9259   9265  10214  11489  11490
1667   3130   3579  13573  13723  13724
1669   2622   3579   5643   7641   9488  10173  10174
1670   3574   8609   9265   9490  10176  10177
1671   3575    272  12571  13570  13724  13725
1672    273   3129  13570  13573
1673  13399  13870  13871  16495  16498
1677   3594  13329  13398  13873  13874
1679   4976  12692  13323  13326  13329
1680   3594   4976  11285  11286  11289
1682  10566  11359  11362  11365  11584  11585
1683   3603   3604  10569  11365  11595  11596
1684   3605  10572  11216  11584  11586
1686   8691  11191  11592  13000  13003  13006
1687   3611   3419  12632  15428  15430
1688   3420   3605   3611   5457   5459   5462
1689   3603   5462   5463  15424  15425  15428
1690   3604   5457   5460   5463
1691   8691   9396  10357  11218  11585  11586
1693  11444  11445  16084  16173  16174
1694   3618   1989   3619   9514  14571  14574
1695   3619   1992  11991  12698  12699
1696  12698  12700  14568  14570  14571
1697   1986   3618    294   3622
1698   3622   1991   7393  16082  16172  16173
1701   2926   7306   7307   9860  13554  13556
1703   2934   3628  13660  13663  13666
1704   3628   2935   7306   7876   7878
1706   8812   8814   8817   9857   9860
1708   6955   6957   9857  13423  13554  13555
1709   1902   6957  13578  14174  14175
1711   7009   7823   8114   9229   9230
1712   3640   2251   5859   9227  11437  11439
1713   2262   6363  11624  11627  12198  12200
1714   7008   7009  11628  12198  12423  12424
1715   7823  11434  11624  11625  11628
1716   2255  11433  11439  11625  11627
1717   3649   1680   5177  12420  12421
1718   3649   1029   2261   3640   1679
1719  10950  14086  16787  16792  16794
1720  10060  11566  11567  14185  14191  14192
1721  11564  14086  14087  16104  16144  16146
1722   7602  14078  16144  16145
1723   5317   5324   7602  14185  14188  14189
1724   5324  14078  14087  16794  16799  16800
1725  14188  14191  16101  16145  16146
1727   9839   9840  14189  14192
1731   3673   3674   3675  16454  16459  16460
1732   3681   3673   5789   5794   5795
1733   3682   3683  16457  16460
1734   5386   6409   6410   6413   7110   7111
1735   3692   3693   5386   8074   8075
1736   5794   7107  15563  15570  15571
1737   3695   8074  15564  15567  15568
1738   3682   3675   6409   6412   6415
1739   3693   3699   3683   6413   6415
1740   3674   3681   3700   6410   6412
1741   3695   3699   3692  16454  16456  16457
1742   3700   5795   7105   7107   7110
1744   2003   3704  16478  16857  16860  16861
1745   1846   8794  16854  16861  16862
1747   5451   8792   8794  16548  16551  16554
1749   3252   3704   8828   8831   8834
1751   8828  16517  16519  16811  16814  16817
1754   5211   5214   7762  10767  10768
1755  10169  10483  10882  11387  11388
1756   3725   5214   9722  10483  10485
1757   7767   7977  12266  12269  12272
1758   7763   7766   7767  10768  10769
1759  12271  12272  12388  12393  12394
1760   3725  10169  10170  10767  10769
1763  10485  11382  11388  12391  12394
1766   5324   7314   8906  12585  12587
1769   3744   7315  12581  12582  12585
1770   3744   3745   3135   3314  14592  14594
1771   3745  14082  14085  16791  16794
1772   8902   8906  14074  14076  14078
1773   8689   8691   9933   9936
1775   3747  10095  10097  10612  10614
1776   3750    743  14359  14362
1777   3753   3747   3750  13000  13001  13004
1778   3753  10091  10094  10097  14355  14361  14362
1779   1820   1411  14358  14361
1780   1163   3755   2967   9936  10612  10613
1781   3755   1177  12280  12283  12286
1783   6789   6791  11554  12640  12641
1784   5188   7250  15128  15674  15677
1785   9669  12655  15124  15127  15671  15673  15674
1786   3764   6788   6789   9669  10574  10575
1787   3764   1476   8764  12636  12637  12640
1788   9846   9853  10577  12651  12652
1789  11547  11552  11554  15124  15125  15128
1790   2406   7277   7281  16438  16439
1791   2421   7281   8133  10673  10676
1792   5338   5341   6227  10528  10530
1794   2414   8261  10676  12592  12885  12886
1795   7277   7279   8133  13288  13290
1798     94   1720  13284  13287  13290
1799   3775   3778  12259  12260  12263
1800   3781   3775  15932  15935  15938
1801   3778  11323  11521  11522  15936  15938
1803  11461  11462  15932  15933  15936
1804  12259  12262  12265  13086  13088
1806   3781   8387  11209  12263  12265
1807  11209  12108  12110  12922  13086  13087
1809   8387  12109  12110  15933  15935
1811   4975   4978  14362  14576  14577
1812   9550  11580  11582  14576  14578
1813   9307  11580  11581  15533  15535
1814   2179    754   9307   9549   9550
1816  15417  15418  15421  15445  15448
1818  11275  14962  15421  15423
1819   3750   4978  11274  15417  15420  15423
1820   3817   6412  14833  14866  16535  16560  16561
1821   7758  10766  10768  14834  14862  14863
1823   3817   3674   8071   8072
1824   3700   3822   7767   7768  10763  10764
1825   3681   8072  10759  10761  10764
1826   3822   6410  16535  16543  16544
1827  10766  10769  16547  16557  16558
1830   1615   2776  15804  15805  15808
1831   2083   3828   3829   3830   2925
1833   3828   5298   5916   7470   7471
1834   6793   9669  15808  15810
1835   3836   3829   5298   6789   6790
1836  13032  13190  13191  15805  15807
1837   2924   3830   3836   3764   1475
1839  12762  13035  13051  13189  13190
1841   3383  16060  16212  16258  16259
1842   3842  16253  16256  16259  16466  16469
1843   3372   1210  16060  16469  16481  16482
1844   3381   9336  16212  16251  16252
1846   6490   8306  13987  15908  15910
1847   3385   8144   9335   9336  13987  13989
1848   3842   8304  15815  15909  15910
1849   6194   8146  13989  15818  15908  15909
1853  10706  12470  14551  14563  14564
1854   3862   3865  11751  11752  11755
1855   3866   3862   6668  12470  12472
1856   3865   3869   3866  11253  11256  11259
1857   6668  10706  11435  11625  11752  11753
1859   3876   3877   7823   9890  11257  11259
1860   3869   3876   9945  11755  11756
1862   3877   9945  11628  11629
1863   6167  10275  10276  10279  15752  15755
1864   6164   8974   8975  10279  10281
1865   3881   5570  10275  10278  10281
1866   2463   3881   7510  15758  15761  15764
1867   8971  14051  15683  15763  15764
1868   2302   3016  14053  15683  15708  15709
1871   6312   8089  11966  14798  14800
1872   1903   3500   3885   6957   8343   8344
1873   8346   8347  10164  13391  14801  14803
1874  13385  13391  13581  14173  14174
1875   3501    847   3890   3885
1876   3890    821   8342   8343   8346
1877  11474  11725  11726  12810  13115  13427  13428
1882  11205  11208  12265  12295  12296
1883   6346   7520   7523  10496  10499  10502
1884   6350   7517   7520   7872   7874
1885   7868   7874   9825  13089  13091
1886   3899   5997   5999   8007   8010
1888   3901   7143   8007  13547  13904  13905
1889   3905   2536   7096   7143   7146
1891   3906   5993   5994   5997
1892   3906   2535   3905   3901   3899
1893   5340   8217   8219  13963  13966  13969
1894  10795  10797  12982  13967  13969
1895  11979  14457  14557  14884  14886  14889
1897   7319   9926   9927  12978  12980  12982
1898   6173   7321   9927  11979  11981
1899   6173  10798  14454  14457
1900   8140   9926  11981  14888  14889
1901   3921   1351  10521  11534  11535
1902   1350   3921   3922  13843  13845
1904   3922  11530  11534  13862  13863  13866
1905   3924   6987   6989   8477   8478
1906   3928   3929   8477  16891  16894  16897
1907   3931   3932   3928   7144   7147
1908   3933   7141   7143   7144
1909   3905   3935   3931   3933   6988   6989
1910   5987   8478  16887  16896  16897
1911   3932   3935   3924   3929
1913   5659  10727  10732  14380  14381  14384
1914   7569  11984  14370  14381  14382
1915  11050  11053  11978  11981  11984
1918  11978  11979  14370  15526  15528
1919   6173   6176  13070  15522  15523  15526
1920   3955   6233   8341  13070  13072
1921  10728  13072  14384  15523  15525
1922   9927  11053  12308  14220  14222
1923   3955   6176   7321  12305  12308
1926  10731  10732  13994  13996
1928  16029  16061  16469  16856  16863  16864
1929   3842   7957   7958   9912   9913
1930   8085   9910  16853  16864  16865
1931   8080   8082   8085  16075  16086  16087
1933   7958   9130  16078  16085  16086
1934   3966   9795   9798  14036  14039
1935   3971   3966  10647  10652  10653
1936    800   3971   9798  13761  13763  13766
1937    796   6128   6131  13765  13766
1940   2530   3906   6128  12661  12662
1942   5997  12661  12663  14035  14038
1943  10650  10653  14032  14038  14039
1944   7415  12903  12905  15792  15794
1945   7415   8280   9250  11587  11589
1946   9245   9246   9994  11587  11588
1947  10742  11162  12167  12904  12905
1948   8280   8283  12170  12903  12904
1949   8283   9990   9992  11588  11589
1950    284   2362   3991   3253  15692  15695
1951   3991   8638   8642  10871  10876  10878
1952   3128    290  15692  15747  15748
1953   7323   7702  10795  13823  13825  13828
1954   3971   3995   3955  14709  14794  14795
1956  13453  13928  14711  14795  14796
1957   7702  12829  12831  13453  13456
1958  13456  13766  13827  13828  13927  13928
1959   3995   6176   9798  10798  10799
1960   7319   7323  12308  12829  12830
1961   1824    728   4002   8920   8921
1963   9218   9219  10568  11363  11365
1965   4002    729  11070  11073  12894  12897
1966   3604   2570   2956  11070  11075  11076
1967    730   3603  11073  11076
1968   8920   9437  12897  13514  13515
1969   2078   4013   1361   4014   3828
1970   7399   7401  13439  13707  13708
1971   4017   1367   4013  13710  15634  15637
1972    473   3146   1366   4017
1973   4014   1364   5291   5296   5298
1974   5914  13439  15633  15636
1975   7038   9105  14381  14383
1976  13165  13169  14346  15773  15775
1978  14367  14370  15773  16068  16071
1979  10249  10250  15495  16124  16126
1980   7570  11984  16068  16125  16126
1981  12559  13169  13170  14367  14382  14383
1983   4028  13856  13858  15413  15422  15423
1984   3036   4030   3117   4031   4028
1985   4030  10869  13323  13324  13327
1986   4033   3747  10867  13327  13329
1987   3753   4033   4971   4976   4978
1988   4031  12635  15413  15429  15430
1990   3775   7481  13493  14587  14590
1991  11347  11764  12452  13430  13432
1992   3778   7481  11346  12455  12456
1993  12263  12295  14584  14586  14587
1999  11564  11660  14181  14184
2000  12245  12248  16447  16450
2001  14082  14083  14086  14184  16485  16487
2002   4049   5266  16457  16475  16476
2003   2692   4049   3699   8232   8234
2004   3692   5755   8234   8589   8590
2006   3695   2878   5755   6739   6742
2008   2883   1225   6739   8489   8490
2009   4060   6582  14625  14629  15998  16000
2010   6583  15994  15997  16000  17023  17025
2011   4060   6781   6785  13200  13219  13249  13250
2014   6781   6787  17016  17023  17024
2015  13510  14631  15994  15995  15998
2016  13200  14629  14695  14697
2017   6582   6583   6785   6787
2018   2445   2488   8093  12591  14754  17013  17024  17025
2020    763   7503  11073  12416  12417
2021  15122  15421  15422  16021  16023
2022   4074  15428  15429  16017  16020  16023
2024   4074   5462   8495   8497
2025   5463   7924   8495   8496  11076  12415  12416
2027   9919  12672  14656  14702  14703
2028   3628   2933   3000   4964   7005   7006
2029   6299   7306   9272   9915   9916
2030   6300   7003  11640  14699  15002  15003
2031   2931   7000   7003   7006
2033   4090   4091   7942  12750  13008  13009
2034   2232   4094   7939   7942
2035   4091  14168  15597  15620  15621
2036   4090   4094   2238  14165  14168
2037  15595  15621  15622  16501  16503  16505
2038   7939  11305  13008  13807  13809  13812
2039   3461   7667  11301  11302
2043  12780  12781  16698  16703  16704
2045  11458  12781  12782  16199  16204  16206
2046   6665  11371  11372  15072  15075
2047  12347  12349  12352  12780  12782
2048  10819  11369  11458  12352  12353
2049   6665   7214   7215   7563   7564
2050   7210   7214  16199  16201  16203
2051   7210   7215  15075  16695  16704  16705
2052   6772   9695   9701  13359  13361
2053   4112    599   2333   4113   6771   6772
2054   2012  13224  13804  13806
2055  13136  13220  13221  13224  13360  13361
2056   4119   6771  13139  13359  13360
2057   4119   4113   2334   2006
2058   9695   9699   9758  13221  13223
2059   4112    616   9699   9701
2060   7966   8795   8797  12142  12872  12873
2061  11419  11420  16548  16549  16552
2062   6949   7965  12142  12145
2063   2853   1845   8791   8794   8797
2064   6986   6989   6992   7940   7943
2065   3935   4126   7937   7942   7943
2066   6130   7937   7939   7940  12226  12228
2067   4126   3931   4129   2231   4094
2068   3933   3901   4130   2230   4129
2069   4130   3899  12657  12658  12661
2070   6126   6128   6130   6991   6992
2071  13598  13601  13602  15385  15388  15391
2072   8823  14029  15385  15386  15389
2074   8318   8320  13602  13646  13647
2076   8314   8315   8318  13093  13095  13097
2077  11111  13601  13649  15096  15275  15276
2078   6665  10770  14338  14862  14864
2079   7215   7216  10766  10767  10770
2080   5214   7214   7216  13165  13168  13171
2081  14831  14863  14864  15776  15778
2083  10856  10858  10861  15772  15773  15776
2084   5211  10860  10861  13169  13171
2085   4113   4147   8194   8195   8402   8403
2086   4149   1788   6772   6773
2087   4151   1793  10510  10511  10514
2088   1783   4149   4112    600   4151
2089   1789   4147   6771   6773
2090   4153   7290   8401   8402
2091   4153   1792   9051  10514  10515
2092  15524  15525  15959  16587  16588  16591
2093  10861  14367  15516  15527  15528
2094   9722  10314  10315  12556  13170  13171
2095   4160   8542  15844  15860  15865  15866
2097   4169  14826  15838  15841  15844
2098   8387  14820  14821  15799  15840  15841
2099   4160   4169   5541  10313  10315
2101  14821  14823  15935  15957  15958
2102  14777  14779  15933  15956  15957
2103  10313  10917  14820  14823  14826
2105   1585  11799  11800  11803  13436  13439
2106  11797  11807  11808  13436  13708  13709
2108  11794  11808  11809  14039  14129  14130
2109   7899  10653  11807  11809  13121  13122
2110   6388   6390  11803  14038  14132  14133
2113   9592   9595   9598  16748  16750  16752
2114   3533  11884  11885  16752  16784  16785
2115   4197   9592   9593  12022  12025
2116   4197  10182  10185  11883  11884
2117   9598  12022  13590  13718  14062  14063
2118   9255  13021  13027  13716  14059  14060
2119  13714  13716  13718  16750  16781  16782
2121   2497   4201   3829   4014   1363
2122  12075  12501  14610  14613
2123  12502  12718  14607  14613  14614
2125   3836   4201   7798  12640  12642
2127  11554  12716  14611  14614
2129    242   9020   9021   9369   9371
2130   2180    238   9307  10957  10958
2131    245   9365   9368   9371
2132    753   2506   7488   7490   9366   9368
2133   9021  10791  10960  10961
2134   9365   9366   9369   9552  10791  10792
2136  10556  10571  11583  11584  11587
2138   9634  11317  11319  13181  13184  13187
2139   2972  11319  13838  16398  16409  16410
2140   2978   3755  13835  13838
2141  12877  13296  13297  16917  16928  16929
2143   1677   9634  10470  16923  16926  16929
2144   5795  10764  12274  12605  12606
2145   3822   7110  14900  14901  14904
2146   7105  10337  12773  14904  14905
2147  12266  12270  12624  12776  12777
2148  10888  12270  12272  12276  12606  12607
2150   7107  10337  10890  12274  12276
2152   1543   8221  13969  14117  14118
2154   2345  10581  10583  13102  13104
2158   7413  12899  12903  12907  12909  12911
2159     95   7413   8280  12840  13289  13290
2160   8283  11771  12840  16943  16945
2161   4242   7349  12775  14905  14906
2162   4247   4248   4249   4250   7348   7349
2163  10337  10340  15560  15563
2166   4257   5383   7111  14904  14906
2167   4259   4249   5383   8075   8076
2168   4247   1798  15557  15560  15561
2169   4250   4259   4257   4242
2170   4248   8076  15561  15564
2171   4017    474   4263   6846   6847
2172   4266   6845   6847   9627   9630
2173   4263    475   9630  12097  12098
2174   8235   8237   9627  12098  12099
2175   4266   7433   8236   8237
2176  10256  11126  11128  12921  13089  13090
2180   1277   5249  12111  15855  15858
2181  10253  10255  12107  12108  12111
2182  11002  11005  15855  15863  15864
2183  11205  11206  11209  15799  15802
2184   4278   4279  10098  10099  10102
2186   4278   5698   6404  10563  10564
2187   4279   1487   5698   7221   7222
2188   2301   3021   7218  10560  10561
2189   2299   6405  10559  10560  10563
2190   3348   3817   3675   4287   4288
2191   4288   3343  11183  11186
2192   3673   3264   2888   8070   8072
2193   9883   9884  11183  11946  11947
2194   4287  11186  11946  16369  16460  16474  16475
2197   2413  10676  14640  14757  14758
2198  10109  10313  10314  10484  10485
2199   4169  10105  10109  11451  11452
2200   3725   5076   7210   7213   7216
2204   5076  10105  10108  10483  10484
2205   4160  11452  12958  16260  16263  16266
2206   7923   8240   8498   8499  10560  10562
2208   5457   8241   8494   8495   8498
2211   8045   8046   8049  10561  10562
2212   4310   3929  12092  15823  15826
2213   4310   3924   7943   9573  10993  10995
2214   6423  11016  12091  15820  15826  15827
2215   4126   4090   3932  15820  15823  15824
2216  11013  11016  12339  12753  12754
2218   4091   1919  15824  15827
2220  10624  10732  10733  16100  16148  16149
2222  10730  14384  15931  15959  15960
2223  10626  11467  15931  15936  15937
2225  11462  11464  14777  14778  16147  16148
2228   2981   9929   9936  10184  10187
2229  11741  11742  13601  13604
2230   4330  12765  12769  12844  12845  12848
2231   2589   4330   2422   6670  13602  13605
2232   6666   6670  12466  12467  12470
2235   6666  10704  10706  13598  13604  13605
2237  10984  15645  16583  16586
2238   3781  14587  14696  14697  14821  14822
2239  15639  15928  15960  16586  16591  16592
2240   7481  15642  15928  15937  15938
2241   5931  12990  12992  14629  14822  14823
2243   5929   5931  10984  13200  13495  13496
2245   3991   2358   8085   8086
2246   8796   8797  11024  11025  11028
2247   2222   1618  15805  15881  15905  15906
2249   2758   4895  15755  15808  15809
2251  12899  12905  15554  15837  15897  15898
2253   8269   9253  13716  13719
2256   8269  11706  11708  14293  14295  14298
2258   8473   8478  14878  14967  14968
2259   3865   4351  14819  14881  14882
2260    793   4310   8473   8474   8477
2261   3866   6969  14819  14970  14971
2262   4351   3869   4352   4353   6990   6992
2263   4352  10996  11258  11259
2264   4353   7940  10992  10993  10996
2265    734   8214   8604  11097  11098
2267   4360   2661   4361  10837  10839
2268   4360   6720   8602  11096  11097
2269   6720   9075  10833  10836  10839
2270   9070   9071  10834  10836
2272    762   9070   9072   9075  11096  11098
2273    251   4361   8408   9367   9368
2275   9366   9367  10047  10049
2276   2407   7281   7283   8242   8244
2277   8238   8242   8498  12823  12824
2278   3605   2563   7283   8133   8135
2279   3611   4074  14637  14758  14759
2281   5755   8074   8076  10523  11535  11536
2282   4377   4378   4379   5383   5386
2283   4380   3693   4379   8231   8234   8237
2284   4378   4381   1377   4266   4380
2285   1376   4381   4377   4259   4382   3921
2286   4249   4382  11534  11536
2288   6448   8828   8832   9440   9442
2290   8473  12344  16895  16897
2291   6448  10392  14424  14880  14968  14969
2292   3704   6013   6555   8247   8248
2294    236  10968  12783  14469  14471
2295   4129   2234    217   7144   7699   7700
2296   3928   2840  15823  15850  15851
2297   2837  10965  12783  15845  15848  15851
2298  14168  14469  14470  15824  15847  15848
2299   1034    204  15098  16920  16927  16928
2300  14994  15129  15674  15701  15702
2301   3229   9556   9557  14997  15128  15129
2302  10977  12105  14994  14997
2304   4393   4394  13536  13539  13542
2305   4397   9559  13539  13612  13613
2306   6439   6442  13239  13541  13542
2307   4394   4399   6442  14579  14581
2308   4393   4397   1415   4401   4399
2309   4401   1405  14361  14579  14580
2310  12779  12782  15846  15848
2312  10825  11458  15827  15846  15847
2314   2621   3579   3136   3745
2315   9488  14374  16488  16490
2317   8593  10064  10950  14177  14182  14184
2320   6061   8343  10088  10089
2321   6058   9855   9857   9859  10089  10090
2322   3885   6058   6061  12978  12983  12985
2323   9859  12714  12985  13967  14116  14117
2324  11567  11568  12950  12998  12999
2325   9585  12999  14933  15152  15153
2327  14631  14825  15839  15841
2329   2690   5820  10305  10308  10311
2330  10309  10311  16246  16247  16250
2331   4421   8752   9334  16250  16252
2333   6490   6495   6496  14156  14328  14329
2334   2389   4421  10305  10306  10309
2335  10899  12065  14152  14154  14156
2336   6496   9334   9335  10899  10900
2337  10563  10565  13605  13645  13646
2338   5867   7544   8318  12826  12827
2340   2583   6670  10559  10562  10565
2341   4330   2408   8242   8243
2343  10612  12931  12932  14353  14354
2344   4197  12936  13852  14352  14353
2345   3534   2977  11884  13838  14267  14268
2346   6787   9153   9156   9159   9819   9820
2347   4153   6781   6783   9157   9159
2348   9156  10905  14253  14255
2349   8402  10584  11044  14250  14252
2350   9815   9820  17019  17020  17023
2351    735   4002  11095  11098  11101
2353  11099  11101  12897  13221  13222
2354    620   9075   9076   9699   9700
2355   9070   9073   9076   9426   9428
2357   5788   5794  12274  15396  15545  15546
2358   2867  14132  14134  15544  15546
2359   3339  11778  14129  14131
2362  11799  12608  15399  15544  15545
2363   1796   6773  13146  13355  13356  13359
2364  13142  13146  13636  14395  14397
2365   4147   4119  14260  14262  14398  14400
2368   3382   9334   9336  10123  10124
2369   3344   6457   6460  11183  16212  16215
2371   4452   2385   5091   5093   5096
2373   4453  11186  16215  16250  16251
2374   4421   2384   4452   3342   4288   4453
2375   3373   8250  16032  16060  16061
2376    241   2877   6739   9371   9477   9478
2378   4361   2669   4458   6676  15561  15568  15569
2381   4248   4458  11530  11533  11536
2382   9365   9367   9478  12212  12214
2383   1678   3640  15095  16927  16929
2385  11438  11439  13604  13648  13649
2386   1671   9634  10854  10855
2388  11099  11100  13355  13358  13361
2389   8920  11100  11101  16517  16522  16524
2390   2020   6448  13224  13517  13518
2391   8485  12044  14156  14459  14461
2392  11172  12181  14462  14464
2394   8300   8302  10947  15907  15910  15913
2395    866  10947  11957  11958
2397  11007  14997  15739  15766  15767
2398   4469  12256  13539  14805  14807
2399   1416   4397   4469  11129  11131
2401   4696  15851  16827  16830  16833
2402  12086  15826  15850  16831  16833
2403   6586  15413  15983  16022  16023
2404   4031   6581   6583   6586   9820   9821
2405   6581  15983  15999  16000
2408   9413   9414  10476  13389  13391
2409  13114  13430  13431  13660  13661  13664
2411   8044   8899   8901  16441  16442
2412   8895   8896   8899  16120  16123  16126
2413   3516   9926  11046  11051  11053
2416   1799   4247   4458   5081   5082
2417   1795   5082  13068  13146  13147
2418   7273   7349  14213  14216
2420   3922   4382   4250   7273   8775   8776
2421   5935  15394  15399  15400  16579  16581  16583
2422  11031  11037  15397  15400
2423  11033  12276  15394  15396  15397
2424   9296  10892  11383  12270  12271
2426   5934  11383  12394  12990  12991
2427   5929   5934   5935   9296  11036  11037
2428   9623   9628   9630  11516  11517  11520
2429   6841   6847  11326  11520  11521
2430   4380   7052   9623   9625   9627
2431   4378   4496   7052  16688  16689
2434   4381   1382    903   2154   4496
2435   3574   6336   6337   7012   7013
2436   4503    797   6332   6333   6336
2437   4503   7012   8709   8782   8783
2438   3622   8707   8782  10364  10366
2439    295   3575   1012   1985   3618
2441   6332   6334   6337  10210  10212  10214
2442   3744  10026  14207  14430  14431
2443   7316   7318   8269  12067  12068
2444  11706  11711  12171  12174  12177
2445   7312   7316  12585  13703  13704
2447   4508  11032  15397  15548  15549
2448  12491  13160  13161  15543  15546  15549
2451   1797  13163  13164  15560  15571  15572
2452   4508   1785  13158  13161  13164
2456   3966   3995  11809  13070  13071
2460   8340  11807  13071  13072
2461  10956  10957  11576  11577  11580
2466    693    102   7413   7415
2467   7277   7283  16220  16222
2468   4028   6586  10885  11386  11387
2469   4524   6785   9159   9296   9299
2470   4030   3121   9156  12621  12777  12778
2471   4524   6581   6582  11382  11383  11386
2474   4527   7323  12982  12985
2475   9415   9419   9862  12712  12714
2476   7704   9419   9777  13828  13829
2478   4527   7702   7704   9859   9862
2479   4533   1794   4360   5082   5083
2480   4149   1787   4533   6720   9700   9701
2481   7316   7317  14152  14157  14189  14460  14461
2483   7602   8906   8907  10785  10786
2484   3682   4453   4287  10309  10310
2485   2691   3683   4049  10310  10311
2486  12997  12999  13978  15647  15649  15651
2487   9092  12046  14192  14459  14460
2488  12046  12201  12206  13374  13383  13384
2489   8485   8486  10899  13718  13721
2490   8143   8728  13986  13989  13992
2491   8728   9597  12022  12160  12161
2492   8486   9597   9598  13990  13992
2493   5070   5076  10169  13859  13861
2494  10484  11386  11388  15983  15986
2495   9511  13568  13570  14574  14672  14673
2496   9510  11445  15692  15724  15725
2497   1336   3132    382  13568  13573  13574
2498  13574  14672  16053  16055
2499   6415   7053  10305  10307  10310
2500   4379   6413   7050   7052   7053
2501   3862   5695   7222   7223  14816  14819
2502   5695   6666   6668  10564  10565
2503   2930   3830   4201   7001   7003
2507   4548  12053  13727  13728  14672  14674
2508   4552   4548  11545  12314  12315
2510   4553   3619  11545  12507  12508
2511   4552   4553  14571  14673  14674
2515   4257   4377   4496  13396  13871  13872
2516   6409   7053   7895  16535  16538
2518  13870  13872  14900  14903  14906
2520   5695   5698  11752  11754
2521   4278   2254  11627  11753  11754
2524   9403  10784  10785  11463  11464
2525  10784  10786  16143  16145  16148
2528  10945  15913  16761  16776  16777
2529   4571  12675  16761  16762
2530   6109  13819  15911  16777  16778
2531   4573   4993   4996  15662  15663  15666
2532   4571   3069   4573  10945  11956  11957
2533   7858  13377  13383  13819  13822
2535  10325  15857  15860  16501  16506  16508
2536   3881   7258  15857  15866  15867
2537  11452  15762  15764  15842  15844
2538   8346  12513  14936  15151  15152
2539   3890   6061  11784  12832  14223  14225
2540    115    786   8899   8900
2541  14450  14455  14457  15519  15526  15527
2544   2224   6751  13979  13982  13985
2545  13979  13980  13983  15547  15549
2546   1584  11803  15543  15544  15547
2549  13159  13161  13983  13985
2550   4130   2229   8003   8005   8007
2551   2932   7004   7006  11350  12451  12452
2552   4013   1362  11349  12454  12455
2553   4584   6442   9554  10792  10793
2554   4584  11683  11696  13540  13542
2555   9481  10791  10793  11676  11681  11683
2556   9369   9475   9478   9481
2557   7083   7257  15853  15855  15857
2560  11340  11672  11673  15400  15547  15548
2561   4151   4508   1784  13192  13983  13984
2562  10514  11035  11037  11336  11337  11340
2564   3649   7960   7961  12138  12140  12142
2565   5180   6931   8925  12419  12420
2567  14095  14816  14844  14882  15041  15042
2568  11545  11680  11696  14808  14810
2569   4553  11676  11680  12694  12695  12698
2570  12496  12508  12509  14613  14808  14809
2571   4596   9270   9916  11635  11637
2572   8460   9919   9920  12199  12200
2573   1470   4596   4279  11751  11754  11757
2574  11631  11632  11635  11756  11757
2575  11629  11632  11634  12198  12199
2576    511   8493   9019   9021   9480   9481
2577  12315  12316  14804  14805  14808
2578   4527   6058  12828  12829  12832
2580   7835  12339  16448  16451
2583   6337   6338   9265  10996  10997
2584   4353   6130   6332   6335   6338
2585  10109  14825  14826  15986  15998  15999
2587   8486  12044  12046  16750  16753
2589  10770  15075  15271  16556  16558
2592   4596   1463   9415   9418   9421
2593   4351   9421   9774   9777  11755  11757
2594   4263  10628  11467  11520  11522
2595  10624  10625  10784  12182  12184
2596   4605   5716   8929  16756  16758  16761
2598   4605  10945  10947  12382  13642  13643
2599   5716  10591  12382  12385
2600   7958   7959  10593  12385  13641  13642
2603  13712  15637  15641  15928  15931
2605  13436  15636  15644  16579  16584  16586
2606  12352  15845  15846  16833  16848  16849
2607  13256  13258  15784  15787
2608   8682   8683  16752  16755
2609   7718   7723   9728  10411  11318  11319
2610   8721   9150   9152  13819  13991  13992
2611   8721   8726   8728  11240  12683  12684
2613   4605   4571   3077   4610
2614   4610  12382  13019  13932  13961  13962
2615   4573    962  13453  13958  13959
2617   4613   4503   9945  11632  13930  13960  13961
2618   4352   4613   3876   6336   6338
2619   9419   9421  10224  11635  11636
2620  15556  15830  15837  15991  15993
2621   4452  14390  14830  14866  14867
2623   6765  14851  15776  15974  15977
2624   9855   9860   9862  10221  10224
2626   7186  12937  14348  14350  14353
2627   3416   4616   4617  16006  16009
2628    380  13574  13727  14595  14597
2629   3406   4619   4616   8520   8521
2630   4620  14674  16006  16054  16055
2631   4620   4617   4619   1280   4548
2632    887      5   6386  13395  13874  13875
2633   3594   4033   6351   7520  10096  10097
2634  10863  10865  13327  13873  13875
2635   9076  10835  10836  13194  13984  13985
2636   4533   1786  10839  13162  13164
2637   4623   4552   4620  11680  11683
2638   4617   4624   4394   4584   4623
2639   1291   4469   4393   4624   4619
2640   4610   5716   6897  12199  12422  12423
2641   4613   3877   7007   7009   7012
2644   9490   9892  10997  11257  11258
2645   3408   4626   4401   2137   7873   7874
2646   2069   4626   3409  14575  14576  14579
2649   4524   4060   5931   5934
2651   4626   4399   4624   4616   3407
2652   4242   7273   7276  13869  13872  13875
2653  14388  14867  16559  16561
2654   4623  10793  10960  16006  16015  16016
2656   5935  10984  11340  11342
2660  10745  10940  11532  13866  13868
2664  11093  14773  14785  16828  16830
2667  12044  13384  13822  13990  13991
2672  12201  12438  12953  12997  12998
2674   8108   8109   8605   8608   8611
2683  10461  13506  13509  15802  15839  15840
2684   8782  10587  10589  12385  13018  13019
2686   4889  15755  15878  15902  15903
2689   9341   9342   9723   9725   9728
2694   7000   7005  14998  14999  15002
2695   4971  11274  12692  13856  13857
2697   8816   8818  12146  12152  12153
2704   8569  10415  10422  11718  11720
2707   5155   7192  11038  11039  11042
2708  13021  13025  13280  13283
2709   6362  12200  12418  12420  12423
2710   7250   8765  11552  12637  12638
2712   5200  13046  13049  13052
2713   5211   9722  12388  12390  12391
2714   9348  10403  11416  12291  12292
2716   8791   8796   9908  16859  16862  16865
2717  12111  12646  14517  14780  14781
2718  11336  11342  12852  13494  13496
2719  16088  16095  16371  16474  16476
2720   6496   8485  13986  13987  13990
2722   5291   7466   7468   7471
2724  10524  10528  12595  12884  12885
2725   5317   7312   7314   7317
2726  14861  14862  16555  16558  16561
2727   5336   8141  16420  16423  16426
2732   7105   7111   8075  15557  15563  15564
2733  11638  11642  14698  14699  14702
2737   7960   7965  12880  13295  13296
2740  13997  13999  14191  14462  14463
2743  11498  12216  12217  16508  16529  16530
2744  10315  10917  11332  15956  15958
2747   5564  10281  10976  12105  12106
2748   8245   8246  13919  13922  13925
2751   9893   9894  11426  11427  11430
2755   9259   9260   9483   9488   9490
2757  13993  13994  13997  16097  16100  16101
2761   7217   7222  10559  10561  10564
2763   8923   8929  12418  12419  12422
2765  14780  14782  15853  15858  15860
2767   8774  12679  12680  13630  13631  13634
2768  10587  10593  16078  16169  16170
2770   8108   8110   9224   9227   9230
2771   7544  13095  15696  15697  15700
2772  10275  12106  14994  15739  15741
2775   9406  11462  11463  12108  12109
2776   5911  11668  11671  11674
2777  12493  15566  15569  15572
2778   5929  12990  16583  16592  16593
2779   7549  14816  14971  14972
2780   9341   9349  10403  11570  11571
2782  12107  12110  15799  15858  15862  15863
2785  10089  12832  15662  15665  15668
2786   6062  10249  12245  12246  12249
2789  10112  10114  10117  11570  11572
2791   6109   9152  12786  12787  12790
2793   6126  12226  12657  12659  12662
2794   7704  10224  13456  13957  13958
2796  10711  10717  11612  12787  12788
2797  10279  12106  15696  15699  15702
2798   7319   7321  10794  10795  10798
2800  15064  15065  15943  15945
2802   6269   8790   9422   9424   9427
2804  14515  16103  16147  16149
2805   6296   9272  11638  11640  11643
2806  10158  10159  14797  14800  14803
2807   8340  10728  10730  13706  13709  13712
2809  11016  12330  15458  15461  15464
2811   9548   9554  14575  14578  14581
2812   9436   9442  13513  13514  13517
2813  10606  14401  14407  16158  16195  16196
2814  14327  14328  14458  14461  14464
2816  10927  10930  12204  12438  12511  12512
2817   6490   9335  16246  16249  16252
2822   6710  10785  11851  12182  12183
2823   9695   9700  11095  11096  11099
2825   8487   8489   9475   9477   9480
2826  10833  10835  13158  13159  13162
2827  11042  13082  14250  14398  14399
2828  11934  11938  12535  12536  12539
2830  13095  13644  13647  15096  15099
2831   9914   9920  11631  11634  11637
2835  10422  12600  13949  13950  13953
2836  10251  11154  12246  12247
2838   7050   7895  16683  16685  16688
2839  14573  15719  15725  16050  16052
2841   7257   8467  16506  16526  16527
2843   7121   7661  13637  13638  13641
2845   7141   7699  13547  16034  16039  16041
2850   8775  13634  14216  14395  14396
2851   8598   8600  11095  11097  11100
2852  10170  13861  16513  16545  16547
2853   9125   9126  16081  16082  16085
2854   8231   8236   8584   8586   8589
2855  10679  10680  11299  11300  11303
2856  12393  12604  12607  16581  16589  16590
2857  10105  15123  15986  16021  16022
2858   7517  10091  10093  10096
2859  10252  10255  12915  12921  12922
2860   9415   9777  14841  15042  15043
2861  10786  12178  12182  14188  14463  14464
2863   8849   8905  10252  10254  10257
2864  11352  11354  16525  16526  16529
2865   8605   8607  10172  10173  10176
2866   9153   9299  10892  12776  12778
2868   7718   9342  11569  11570  11573
2870  11495  12644  14079  14083  14084
2871  11854  11858  12636  12639  12642
2872   8663  10043  10045  10048
2874   9224   9229  11433  11434  11437
2875   9576  10995  12339  13011  13012
2877   7917   8494   8496   8499
2879   7937  10993  13007  13008  13011
2880   9259  10992  10997  13011  13013
2881   8003  12034  13903  13904  13907
2882  10552  10554  10566  10568  10571
2887  12063  12065  12068  13714  13719  13721
2888  11583  11586  11589  12840  12843
2891   9778   9780  12178  12181  12184
2892   8683  11885  14263  14264  14267
2893  10477  12808  12810  13385  13386  13389
2894  10622  10624  11461  11464  11467
2895   9914   9916   9919  11642  11643
2896  10325  12216  14514  14781  14782
2901   8638   9893   9895   9898
2902  10679  10681  12227  12659  12660
2903   8657   9960  11419  11422  11425
2904   8721   9592   9594   9597
2907  10124  10900  13721  14061  14062
2908  10478  13389  14029  14801  14802
2911   9139   9141  11359  11360  11363
2913  11253  11257  14548  14564  14565
2915  10510  10515  11054  11056  11059
2916   9054  13104  14257  14259
2918  11331  14380  14383  15955  15956  15959
2921  11336  11668  11673  12756  12762  12763
2926   9283  11569  11572  11575
2927  10888  10892  11031  11033  11036
2928   9548   9550  10792  10955  10957  10960
2929  11576  11581  16697  16700  16701
2930  12105  13093  13100  15700  15702
2931   9996  11583  11585  11588
2932  11461  11463  11516  11519  11522
2933  10314  10917  12391  12991  12992
2934  11876  12599  13179  13950  13951
2935   9483  10172  10174  10177
2937   9507  11445  14568  14573  14574
2938  11366  11371  12347  12350  12353
2939   9585  11786  13978  14223  14224
2940  10992  10995  11253  11255  11258
2941  11978  14889  16068  16118  16119
2942   9623  12093  12095  12098
2943  10470  10854  11111  11113  11737  11739  11742
2944  10524  10526  10580  10582  10585
2945  10573  10575  12650  12652  12655
2947  13220  13223  13800  13803  13806
2948  11691  11692  13242  13540  13541
2949  13823  13826  13829  15037  15040  15043
2950  10794  10799  13763  13824  13825
2951  11205  11207  13085  13086  13089
2952   9846  10098  10100  10103
2953   9855  12714  13550  13551  13554
2954  12070  12073  12496  12498  12501
2955   9929  10613  13849  14352  14354
2956  11624  11629  11751  11753  11756
2957  10466  15802  15862  15864
2960  10057  10950  11562  11564  11567
2961  11957  13378  13379  13822  15911  15913
2962  11555  11560  12070  12072  12075
2963  10751  11530  11532  11535
2965  10180  11767  11769  11772
2966  10210  11489  13807  13810  13813
2967  11631  11636  13956  13957  13960
2968  11714  11720  12026  12029  12032
2970  10260  11285  11287  11290
2972  10888  10890  12772  12773  12776
2973  12280  12282  13291  13294  13297
2974  11218  12843  16936  16943  16944
2975  11973  14424  14843  15038  15039
2976  11569  11571  12287  12288  12291
2977  10408  11318  16404  16407  16410
2978  10415  10939  13862  13865  13868
2979  15060  15061  15064  16042  16043  16046
2981  10647  13117  13119  13122
2982  11419  11421  11714  11716  11719
2983  12886  14640  17014  17021  17022
2984  10693  11661  11663  11666
2985  10704  11433  11435  11438
2986  10711  10927  10929  10932
2987  10736  11162  15788  15789  15792
2988  10745  12208  12210  12213
2990  12259  12295  12809  13427  13429
2991  11426  11431  14772  14788  14789
2992  10871  11024  11026  11029
2993  11382  11387  12266  12268  12271
2994  11038  11040  14249  14250  14253
2995  12992  15955  15958  16591  16593
2996  11509  11511  12779  12780  12783
2997  11000  11125  11127  11130
2998  12086  12091  12324  12327  12330
2999  11046  11785  14219  14220  14223
3000  11070  12411  12413  12416
3002  14768  14773  14775  16891  16892  16895
3004  13378  13381  13384  14458  14459  14462
3005  12245  12247  12250  14511  14514  14515
3006  11946  16110  16215  16257  16258
3007  11359  11361  11590  11592  11595
3008  11854  11859  12026  12028  12031
3009  12107  12109  14776  14777  14780
3010  13014  13926  13932  14705  14708  14711
3011  11237  12678  12680  12683
3012  14614  14805  14806  15732  15769  15770
3014  11516  11521  12354  12356  12359
3015  11343  12450  12452  12455
3017  12287  12292  13181  13182  13185
3018  11468  11721  11723  11726
3019  12217  12644  14514  14517
3021  12310  12315  12503  12505  12508
3022  11547  12636  12638  12641
3023  12035  13907  16034  16036  16038
3024  11822  11827  12786  12788  12791
3025  12844  15372  16166  16240  16241
3026  12324  12326  13256  15459  15461
3027  11676  11691  11693  11696
3028  11706  15537  15834  15898  15899
3029  12779  12781  14465  14466  14469
3030  11758  12808  13426  13427  13430
3031  11799  11801  14128  14129  14132
3032  11808  13071  15520  15523  15524
3034  12466  12765  12770  14545  14550  14551
3035  12178  12183  14323  14324  14327
3037  11871  12597  12599  12602
3038  12171  12176  12535  12537  12540
3040  12604  12606  15396  15399
3041  13385  13387  14797  14798  14801
3042  11985  12694  12696  12699
3044  12155  12161  13584  13587  13590
3045  12567  12569  13722  13725  13728
3047  13245  13246  13249  13494  13495
3048  12138  12867  12869  12872
3049  12146  12671  12673  12676
3050  12899  12904  13021  13023  13026
3051  12186  16274  16366  16367
3053  12828  12830  14219  14222  14225
3054  12749  12754  13007  13009  13012
3056  13014  13019  13637  13639  13642
3057  12388  12991  16587  16590  16593
3058  13551  13552  14112  14113  14116
3059  12512  12997  15151  15153
3062  12487  13158  13160  13163
3063  14074  14079  14511  14517  16143  16144  16147
3064  12581  12583  13699  13701  13704
3066  12553  13165  13167  13170
3067  12588  12885  17010  17013  17014
3068  12772  12777  14900  14902  14905
3069  13000  13005  15424  15427  15430
3070  13855  13857  16509  16510  16513
3071  12802  13103  13916  14257  14258
3073  13323  13325  13869  13870  13873
3074  12756  13046  13048  13051
3075  13284  13289  16939  16940  16943
3077  13181  13183  13291  13293  13296
3078  13220  13222  13513  13515  13518
3079  12907  13209  15987  15990  15993
3080  12915  13085  13087  13090
3082  12947  12998  15147  15150  15153
3083  12978  13963  13964  13967
3084  13188  13190  13979  13981  13984
3085  13506  14625  14631  14691  14694  14697
3086  13142  13147  13862  13864  13867
3087  13630  13632  14394  14395  14398
3088  13093  14149  15099  15274  15275
3089  13108  13426  13428  13431
3090  13800  13802  14089  14091  14094
3091  13355  13360  16811  16812  16815
3092  15459  15988  16114  16121  16122
3093  13839  13841  13949  13951  13954
3094  13490  13495  14590  14695  14696
3095  13213  13245  13247  13250
3097  13536  13541  13607  13609  13612
3099  13584  13589  14721  14722  14725
3102  13903  13905  16036  16039
3104  13378  13383  15647  15652  15654
3105  13392  13869  13871  13874
3107  13417  13550  13552  13555
3108  13706  13708  15630  15636  15637
3109  13926  13928  13956  13958  13961
3115  13568  13722  13724  13727
3116  13660  13662  14169  14171  14174
3117  13598  13644  13646  13649
3118  13761  13823  13824  13827
3119  13963  13965  14112  14114  14117
3122  13714  14057  14059  14062
3124  13807  13808  16525  16528  16531
3127  13986  13991  15907  15908  15911
3128  14263  14268  16395  16398  16399
3129  13846  14348  14349  14352
3131  13885  13919  13921  13924
3132  15683  15686  16017  16018  16021
3133  14256  14258  14286  14288  14291
3135  13993  13998  14219  14221  14224
3137  14226  14228  14797  14799  14802
3138  14032  14128  14130  14133
3141  14074  14082  14084  14087
3144  14272  15274  16921  16924  16925
3145  14152  14323  14325  14328
3146  14465  14470  15591  15594  15597
3147  14177  14375  16484  16487  16490
3148  14185  14458  14460  14463
3149  14293  14296  14426  14428  14431
3150  14249  14254  14394  14396  14399
3152  14277  14401  14403  14406
3154  14861  14864  14867  15539  15830  15832  15834
3155  15494  15775  16071  16124  16125
3156  14355  14575  14577  14580
3157  14380  14382  15522  15525  15528
3159  14877  14880  15037  15038  15041
3161  14450  14552  14554  14557
3164  14511  14776  14778  14781
3166  14545  14559  14561  14564
3167  14568  14673  16049  16052  16055
3168  14584  14691  14693  14696
3169  14705  14790  14792  14795
3170  14607  14804  14806  14809
3171  14721  14726  16191  16194  16197
3172  14625  14820  14822  14825
3173  14753  14758  17019  17022  17025
3174  14698  14703  14998  15000  15003
3180  14768  14783  14785  14788
3181  14877  14882  14966  14968  14971
3182  14827  14861  14863  14866
3183  14838  15037  15039  15042
3184  14884  14887  15974  16117  16119
3188  15147  15152  16239  16242  16245
3190  15060  15065  15719  15720  15723
3191  15122  15448  15686  15707  15708
3193  15124  15129  15735  15736  15739
3197  15266  15271  16699  16702  16705
3199  15092  15275  16923  16924  16927
3215  15385  15390  16239  16240  16243
3216  15394  15543  15545  15548
3217  15417  15422  15424  15426  15429
3218  15458  15496  16120  16121  16124
3219  15529  15534  15703  15704  15707
3223  15538  15555  15834  15837
3224  15513  15522  15524  15527
3225  15557  15566  15568  15571
3226  15591  15621  16260  16261  16264
3230  15630  15639  15641  15644
3231  15647  15662  15664  15667
3232  15671  15696  15698  15701
3233  15703  15708  15758  15760  15763
3234  15719  15724  15742  15744  15747
3235  15772  15977  16071  16117  16118
3236  15735  15737  15765  15767  15770
3237  15804  15809  15877  15878  15881
3238  15788  15793  16843  16844  16847
3239  15838  15840  15861  15862  15865
3240  15907  15909  16772  16774  16777
3241  15820  15845  15847  15850
3242  15830  15893  15895  15898
3243  15853  15861  15863  15866
3244  15877  15900  15903  15906
3246  15939  15941  16010  16011  16014
3247  15932  15937  15955  15957  15960
3249  15987  15992  16113  16114  16117
3250  15994  15999  16017  16019  16022
3251  16010  16015  16049  16051  16054
3252  16061  16112  16257  16259
3253  16034  16042  16044  16047
3254  16113  16118  16120  16122  16125
3255  16081  16086  16168  16170  16173
3256  16088  16111  16253  16254  16257
3257  16097  16143  16146  16149
3259  16151  16191  16193  16196
3260  16184  16186  16239  16241  16244
3261  16216  16232  16235  16238
3262  16199  16260  16262  16265
3263  16246  16251  16253  16255  16258
3265  16365  16367  16470  16471  16474
3273  16395  16404  16406  16409
3274  16420  16436  16437  16440
3276  16445  16484  16486  16489
3277  16454  16470  16472  16475
3278  16477  16482  16859  16860  16863
3279  16509  16511  16541  16542  16545
3280  16501  16525  16527  16530
3281  16517  16548  16550  16553
3282  16541  16543  16555  16557  16560
3284  16579  16587  16589  16592
3288  16667  16683  16684  16687
3291  16692  16699  16701  16704
3292  16756  16772  16773  16776
3295  16748  16779  16781  16784
3297  16787  16795  16797  16800
3298  16802  16811  16813  16816
3299  16827  16843  16846  16849
3301  16850  16859  16861  16864
3303  16884  16891  16893  16896
3305  16914  16923  16925  16928
3306  16930  16939  16941  16944
3311  17010  17019  17021  17024
cells 343
0      1      2      3      5      6      7      8      9     11     12     13     14     16   3024
1     17     18     19     20     21     22     23     24     26     27     29   2704   2835   2968   3008   3174
2     30     33     34     36     37     38     40     41     43     44   3026   3092   3261   3274
3     47     48     49     50     52     53     54     55     56     58     60   2793   2902   2981
4     63     65     68     69     72     73     74     21     78     79     80     81   2710   3048
5     83     84     85     86     87     88     89     90     91     92     93     94     95     96     97   2826   3062
6     98     99    100    101    103    104    106    108    109    110    111    112    114    115   2674
7    116    117    118    119    121    122    124    125    126    128   2828   3038   3197
8    133    134    135    136    138    141    116    144    145    146    147    148   3246   3251
9    150    152    153    154    155    156    157    158    160    161    163   2950   3161
10      5    164    165    166    168    169    172    173    175   2767   2835   2934   3011   3093
11    176    177    178    179    180    181    183    184    185    186    187    188    189   2807
12    141    192    193    194    195    196    197    198   2800   2839   2979   3190
13    203    204    205    206    207    208    209    210    211    215   2965   3044   3099   3306
14    218    219    220    221    222    224    225    226    227    134    229   2664   3190   3234
15    233    234    236    237    238    239    240    241    243    244    248   2712   2802
16    253    255    256    258    260    261    262    263    264    265    266   3147   3276
17    267    268     43    269    271    272    224    273    274    275    277    280   3238   3299
18    283    284    285    286    287    289    290    291    292    293    294    295    296
19    302    303    304    305    306    253    307    309    277    310    311     41    312   2998   3034
20    313    314    315     56    317    318    319    320    321    322    323   3010
21    324    325    327    328    265    331    332    334    335    336    337   3025
22    338    340    341    342    343    344    345    180    346    347    348    349    351   2843   2891   3035
23    353    354    355    356    357    358     12    359    363    364    365    366    368   3089
24    369    370    371    189    375    348    377    382    383    384    385    386    389   3053   3135
25    391    392    393    394    397    398    399    400    401    403   2864   2966   3124
26     29    404    405    406    408    409     74    411    412    414    415    416   2733   2952
27    419    195    420    421    422    423    424    425    426    427    428   2853   3042
28    429    430    431    432    428    433    435    436    437    438    440    441    442    347   2854
29    445    446    447    448    449    451    453    454    455    456     16   2796   2892   2986
30    458    459    460    168    461    462    463    464    465    466     23    467   3037
31    448    470    471    472    475    476    477    478    480   2858   3018   3128
32    482    483    489    490    165    492    493    460    494    495    205    496    497   3133
33    498    500    501    502    503    505    506    507    508    198    423    510   2719   3102   3265
34    494      2    511    513    514    206    517    518   2707   2767   2827   2850   2994   3087   3150
35    520    521    522    523    524    525    526    528    529    397    530    532   2997
36    535    536    537    538    539    540    541    542    543    544    546   2816   2986
37    547    549    550    551    136    226    554    555    556    557    558   2780   2789   3149
38    559    560    561    562    563    564    566    568    569    570    435    355    571    572    573   2962
39    574    575    576    577    578    580    581     79    583    584    476    585    586    587
40    589    472    590    591    454    592    593    595    596   2672   2816   3059   3082
41    574    598    599    600    589    478    601    602    604    605    606    608   3144   3273
42    415    610    611    244    612    613    614    615    617    618    619    620    621    622   2805
43    623    624    625    627    628    629    630    631    633    634    635    636    595   3295
44    637    638    639    640    642    643    644    150    645    647   2748   2975   3131   3152
45    648    649     68    651    652    653    654    655    659    660   2903   2968   2982
46    663    664    665    666    667    668     55    671    672    673    674    676    677   2776
47    679    680    681    682    684    685    686    687    689    690    692    693   2856
48    696    697    698    699    700    701    702    703    100    704    708    709   2992
49    711     34    712    713    715    716    717    718    719    720   2727   3079   3184   3249
50    721    723    624    725    726    727    728    729    730    696   2674   2770   2865
51    731    732    733    735    736    737    738    739    740    742    743    744   3047   3094   3168
52    747    748    749    750    751    752    753    754    755    756    757    758    759   2866   2927   2972   3150
53    649    760     65    761    583    762    763    764    765    766    767    768    283    772   2911   2973   3007
54    773    774    775    776    777    779    780    781    782    783    784    765   2751
55    786    787    788    789    790    791    792    743    794    795    796    797   3095
56    800    802    803    804    805    807    808    809    810    811    813    814    815
57    816    817    818    819    820    823    716    824    825    153   2813   3152   3259
58    829    830    320     53    831    832    391    834    835    836    438    837   2984
59    466    838    840    841    842    843    844    845    846    847    848    639   3071   3133
60    852    853    854    855    857    858     19    859    860    861    862    462   2716   3278
61    865    866    867    868    869    870    871    872    873    118   2695   2929   3070
62    878    879    880    881    882    883    733    884    885    887    888   2718   2776   2921   3230
63    803    890    891    893    894    895    897    898   2786   2836   2896   3005   3164
64    899    900    901    902    903    904    354    906    908    909    910    911    912   3080   3288
65    913    914    916    917    918    919     86    920    921    922    291    923   3219   3244
66    925    926    927    929    931    932    933    934    935    936    937    938   2877
67    671    940    941    942    943    944    945    946    947     87    948   2855   2902
68    949    950    951    411    952    953    954    956    957    958    959   2771   2830   3232
69    960    964    599    965    729    966    634    968    596    969    970   2943   2977
70    971    972    973    974    976    977    978    951    979    935    980
71    982    983    262    984    332    985    986    987    989    990    991   2757   2836   2939   2999   3135
72    994    995    234    996    997    998    999   1000   1001    620    642    842   1004   1005    789   3058   3090
73   1006    703   1008   1009   1010    104   1011   1013   1014   1015    861   2763   2768
74   1016   1017   1018   1019   1020   1021   1022   1024   1025   1027   2887   2907   3122
75   1029    328   1030   1031   1032   1033   1034   1035   1036   1037    938   1038   1039   2806   3137
76   1041   1042   1043   1044    808   1045   1046   1048   3092   3155   3218   3235   3249   3254
77   1050   1051   1052   1053   1054   1056   1057   1058   1033    937   1059   1060   2683   2957   3239
78   1061   1051   1062   1066   1067   1068    606   1070    736   1071   2893   2908   3041   3137
79   1073     22   1074    560   1075   1076   1077   1078      7   1079   1080    368   2694   3093
80    648   1081   1082    760   1083   1085   1086   1087    286   1088   2811   2872   3156
81    640   1089    158   1090   1091   1093   1094   1095   1096   1097   1099   1101   2949   3118   3159
82    273   1105    547    218   1106   1108   1109   1110   1111   2751   2901   2926   2976   2991   3180
83   1112   1113   1114   1116   1117    302   1120   1121   1122    268   1124   1125   2882   3261
84   1126     84   1127   1128   1129   1130    125   1132   1133   1135    192   1137   3246
85   1140   1142   1143   1144   1145   1146   1147    523   1150   1151    399   1152   1154   2863   2870   3045
86    660   1156   1157   1158   1160   1161   1162   1163   1164   2660   2872   2988
87   1166   1168   1170    612    792    998    882    243   1172   1174    744   1175   2915   3107
88    429    340   1177   1178    508    426   1179   1180   1181   1183   1185   1190   1192
89    319   1193   1195    179   1196    442   1197    385    345   1201   2984
90   1202   1203    263   1204   1205   1206   1207   1208    723    969   2874   2935   2985
91   1212   1213   1215    668   1216   1217   1219   1220   1221   1222   1223   2722
92    169   1156    659   1226   1228   1231    458   1232   1233   1234   2704   2978   3086
93   1235    394   1236   1237   1213   1238   1239   1240   1241   1242   1246    530   2841   3236
94   1249   1250   1132   1251   1252    507   1253    220   1254   1257   1258   2845   2979   3253
95   1259   1260   1108   1261   1262    779    772   1263    708   1265   2737   3017   3077
96   1267   1268   1269   1270   1271   1272   1273   1275   1276   1278    506     92   2777   2881
97   1281   1282   1283   1284   1285   1286    873   1287   1288   1289   1293   3191   3219   3233
98   1294    613   1170   1295   1296   1297   1298    881   1299   1300    732   2712   3074
99    271   1302   1303   1304   1305   1306    783   1311    311   1312   1116   1313   1314   1315   2812   2991
100   1318   1319   1320   1321    763   1261   1324   1325   1326   1330   1111   1331   1332
101   1333   1334   1335   1336   1337   1338    536   1339   1340   2697   2791   2796   3024
102   1341   1342   1343   1344   1345   1346    622    916   1347    972   1349   1350   2802   2945   3237
103   1352   1353   1354   1355   1356   1357   1358   1359   1362   2852   3070   3279
104   1363   1364   1365   1366   1367   1368   1369   1370   2697   2831   2967   3049
105   1371    425    432   1372    566   1373   1374   1375    652   1376   1380   1381   2825   2988
106   1382   1383    204   1385   1386   1387   1388   1389   1390   1391   1392    518   1393   2955   3129
107   1397    551   1398   1399    101   1400    629   1401   1403   1404    726   1406    698   3297
108    185   1409   1196   1410   1411    317     54   1412   1222   1413    667   1415    829    433    572   1418   2954
109   1419   1420   1421   1422   1424   1425   1426   1428   1429    344   1432   1027   2838   3288
110   1433   1434   1435   1436   1437   1438   1439   1440    505   1095   1257   1441   1442   2748
111    117    872   1443   1444   1445   1446   1448   1450   1420    901   1451   1452   1016   3279   3282
112    576   1456    605   1458   1459   1460   1462   1463   1464   1053   1061   1467   1468   2997
113    221   1109   1442   1253   1471    503   1472   1473   1474   1475    774   1476   1304   1477   3002   3303
114   1478   1441   1269   1479   1480   1481   1091    160   1482   1483   1484   1485   3131   3138
115   1486   1487   1488    712   1490   1493    820   1495   1496   1025   1497   3099   3171
116    666   1500   1216   1501   1236   1502   1504    392   1506    834   1415     52   2855
117   1507   1508   1509   1510   1511   1512   1513   1514   1515    554   1406    631   2689   2725
118   1518    817   1519    682   1520   1521   1522   1523   1525   1527   1528    161   1485   1529
119   1530    999   1531   1532   1533   1534   1535   1536   1168    790   2724   2944   3067
120    490   1539   1540   1541    209    647   1490   1544   1545   1547   1548   2813   2916   3071
121   1550    248   1551   1314   1553   1554   1555   1557   1343   1558    617   2947   3078   3090
122   1560    904   1561   1562   1563   1564   1144   1565   1446   1566    871   1567    148   2828   2970
123   1568   1569   1570   1572   1534   1574   1386   1575   1576   2974   2983   3075   3306
124   1445   1421   1579   1565   1580    912   1581   1582   1583   1584   1586   2859   2863   3064
125   1589    914     90   1246   1285   1590    945   1594   1595   1596   1598   1601   3146
126   1603   1604   1605   1142    398   1607    804    898   1608   1609   1610   1611   2743   3054   3276
127   1614    791   1615   1616   1617   1618   1620   1031   1622    335   1624   1625   2727   3274
128   1627   1326   1628   1629   1631   1511   1632   1633   1634   2789   2868   2926   2965
129      8   1636   1637   1638   1639   1333   1640   1074    858     26   2934   3037   3049   3292
130   1644    561   1077   1373   1645     81    651   1646   1647   1648   2871   2948   3008   3022   3097   3170
131    492   1649   1650   1541    715   1651   1652   1569   1653    211   1388   2707   2944   3171   3259
132   1658    225   1046    126   1659    133   1660   1662    555   1663   1664   2938   2987   3238
133   1665   1666   1667   1151   1398   1669    103    401   1670   1671   1603   1672   2755   2865   2935
134   1673   1358   1677   1450    867   1679    899   1680   2970   3073   3105
135   1682   1683   1324   1684   1122   1686   1687   1688   1568   1391   1689   1690    289   1691   3007   3069
136   1693    194   1694    420    437   1695    837    115   1696   1697   1698   2937
137   1365   1701    544   1339    740   1703   1704   1174   1299   1706   1708   1709    796   3116
138    700   1711   1712   1713    408    957   1714   1715   1716   1717   1015   1718     99   2709   2770   2874
139   1515    630   1719   1720   1721   1722   1723   1724   1725    990   1727   2960   3297
140   1731   1732   1271   1733   1734   1735   1736   1737   1738   1739   1740   1741   1742   2732   3225
141    860   1744   1475   1745    775   1747    464    845   1749   1233   1751   3281   3298
142   1754   1755   1359   1756    692   1757   1758   1759   1760   1763   2713   2993
143   1766   1724   1580   1563   1146   1769   1770   1507   1771   1403   1772   3141
144   1773   1318    581   1382   1775    480   1776   1777   1778   1779    764   1088   1780    287   1781   1686
145   1783    416   1784   1785   1223   1786   1787    621   1788    973    950   1789   2710   2945   3022
146   1790   1791     38   1792   1652   1576   1616    787   1794   1035   1795    719   1798   2724
147   1799   1800   1801   1803    363   1804   1806   1807   1809   1586    906   2775   2932   3014
148   1811   1812    868   1813   1288   1087   1814    292    922   1816   1776   1818   1819
149   1525   1820   1821   1740   1823   1824   1825   1826   1827   1758    687   1357   2726   3182   3282
150    240    674   1830   1221   1831    880   1294   1833   1834   1835   1836   1346    615   1837   1786   1839
151   1841   1842   1843   1548   1844   1183    854    459   1846   1847    495   1848   1849   2817   3263
152   1853   1205   1854   1855   1856   1857   1715   1859    304   1860   1862   2913   2956
153   1596   1863   1239   1864    980   1865   1866   1867   1058    934   1349   1868    919   2686   3233
154   1871    739    795   1615   1872    540   1873   1709   1874    336   1875   1876   2806   3041
155   1877    598   1070     11    456    359   1882   1883    471   1460    584   1884   1885    909   1804   2951   2990
156    500   1268   1482   1886   1440   1888   1889   1258   1094   1891   1892   3051
157   1893    720    163    823   1894   1895   1617   1897   1898   1899   1900   2798   3083
158   1901   1372    559   1902   1078    166     20    653   1644   1904   2660   2963   2978
159   1905   1906   1889   1907   1908   1909   1096   1910   1911   1439   1252   3303
160   1913    986   1914   1915   1898   1918   1919   1920    176   1921   1922    370   1923   1926   3157
161   1928   1437   1929   1930   1473   1931   1010    853   1842   1179    502   1933    427   3252   3256
162   1934   1935   1936    314     49   1937    156   1093   1940   1942   1943   1481   1891
163   1105    227    272   1944   1945   1946   1325    557   1947   1948   1628   1949   2987
164    229   1950    549   1397    108    702   1009   1951   1476   1263   1952   1110   2714
165   1923   1953   1936    315   1954   1956    383   1957   1958   1959   1960   2798   2950   3118
166    781   1961    762   1963   1311   1557   1965   1683   1966   1967    284   1124   1968
167   1969    878   1833   1970    664   1410    188   1971   1972   1973   1974    563   2722   3108
168   1975   1914    989    891    815   1976   1978   1979   1980   1981   3066   3155
169   1983   1354   1679   1984    296   1777   1389   1985   1819   1986   1987   1988   2695   3069   3217
170   1067   1990   1991    735    883   1992   1993    366   1799   2990   3015   3030
171    983   1611    260   1721   1999   2000   2001   2804   2870   3005   3019   3063   3141   3257
172   1272   2002   1741   2003   2004   1371    424   1178    510   2006    431   2008   3277
173    788   1535    932   2009   2010   2011    742   2014   2015   1068   2016   1059   2017   2018   3085
174    918    294   2020   1868   1342    979   2021   2022    927   1967   1689   2024   2025   1816   3132   3191   3217
175   1639   1334   2027   1366   1704   2028   1300   2029   2030   2031   2694   2733   2805   2895   3174
176   2033   2034   2035   2036   1609   1242   2037   1506   2038    947   2039   1590    814   3124   3280
177   2043   1281   2045    121   2046   2047    813   2048   1048   2049   2050   2051   2938
178   2052   2053   2054    843   2055   2056   2057    995    236   2058   2059   2947
179   1747    467    862   2060     18   1262    767   2061    784   2062     78   1234   2063   2982
180   2064   2034   2065   2066    943   2067   1909   2068   2069   1940   1101   1892   2070   2793
181   1463    602   1062   2071   2072    965   1052   1034   2074   2076   2077   2830   3088   3117
182   1528    685   1754   2078   2079   1821   2080   2081   2083   2084   1044   1976    807   2049
183   2085   2053   1004   2086    233   2087   2088    748   2089   2090   1533   2091   2915
184   1981    893   2092   2093    684   2084   2094   2713   2744   2918   2933   2995   3057   3157   3224
185   2095    895   2097   2098   2099   2101   1809   2102   2103   2744   2765   2782   3009   3239   3243
186    187   1970   1411    681   2105   2106   2108   2109   1943     58    665   2110   3031   3138
187   2113   2114   2115    445   2116   2117   2118   1512   2119   1632   1497    210   2708   3122   3295
188    564   2121   1075   1646   2122   1412   1973   2123   1783   2125   1835   2127   1219
189   2129   1127   2130     93   2131   2132   1086   1814    290   2133   2134    920   2928
190   1306   2136   1946   1682   1331   1106   1963   1265    280    782   2882   2911   2931
191   2138   2139   1320   1781    578    475    704   2140    608   2141    970   2143   2973   3077   3305
192    686   2144   2145   1356   1824   1757   2146   2147   2148   2150   1742   2972   3068
193    644    846   1005   2152   1893    713    824   2154   1536    786   1792   1650   1540    152   1624   3119
194   1488    718     33   2158   2159   1948   2160    215   1798   1651   1629   2708   3050   3075
195   2161   2162    756   2163   2166   2167   2168   2169   2170   2146   2732
196   1409    441    569   2171   2172   2173   1201    181    343   1972   2174   2175
197   2176    521   1807   2180   1154   1459   2181   2182   2183   2782   2859   2951   2957   3080
198   2184    949    618   1788    978   1345   2186   2187   2188   2189   1554   2761   2952
199   2190   1527   2191   1731   1276   2192   1823   1478   2193   1434   2194   3051   3265   3277
200   2018    936   1050   1794   1620   1032   1071    738   1871    794   2197   2983   3067   3173   3311
201    890   2094   2080   1287   2198   2199   2200   2050   2204   1756   2099    811   2205   3066   3262
202   2025   1690   1966   2188   1344   1553   2206    977   2208   2211   1113   1315   2877   3000
203   2212    309   2213   1911   2214   2215   2065   2033    802   2216   2218   2875   2879   3054
204   2102   1803   2220   1913    177   1975    987    897   2222   2223   2225   2804   2894   2918   3247
205   1773   1387    203   2228   1627   1332   1691   2160   1949   2888   2931   2974
206   2071   2229   1121   2230    258   1036    964   2231   2232   1853   1204   2235   3025   3034   3166   3215   3260
207    888   1990   2237   2238   1800   2101   2239   2240   2241   2016   2243   2778   2995   3094   3247
208   1474   1259    773   1951   1008   1930   1745   2245   2063   2246   2716   2901   2992   3301
209   1830    677   2247   2039   1238   2249   1217   1595   1500    941   2686   3237   3244
210   1660    556   1947   1514   2251   2253   2256   1021   1486   2118   1631   3028   3050   3223
211   2258   2259   1305   2260    310   2213   2261   1856   1097   2064   2262   1905   2263   2264   2940   3181
212   2265   2267   2268   2269   1082   2132    295   2270     96   1158    923   2272   2273   2275
213   2276   1039   2277   1688   1575   2278   2197   2024   2279   1112    925   1791   2208
214   2281   1735   1381   2282   2167   2283   2284   2285    568   1901   2004   2286   2175   2854
215   2258   1099   1303   1471   1436   1910    780   2288    844   1749   2290   2291    637   2292
216   2294   2295   1129     88   2296   1907   2215   2067   2036    948   1251   2297   1598   2298   3241
217   1784    954   1456   2299   2300    412   2301   2302    577     73   2930   3088   3144   3199   3305
218   2304   2305   2306    585   2307   2308    655   1081   1779    761   2309     63   3097
219   2310   2045   2298   2312   1283   2035    809   2218   3029   3146   3226   3262
220   1719   1604   2001    623   1771   2314   1140   2315   1404   2317   1208   1669    725   3147
221    543   1872   1708   2320   2321   2322   2323    797   1614   2953   3058   3083   3107   3119
222    730   2324    635   1999    325    985    966   2325   2317    266   1207   2960   3082   3188   3260
223   2183   1066   1467   1882   1806   2327   2098   1993   2238   2683   3085   3168   3172
224   2329   1428    351   1180   2330   2331   1020   2333   2334   2335   2336   2817   3145
225   2074   1037   2206   2337   2189    976    926   2338   1125   2340   2341   2277   2231    956
226   1780    470   2140   1321   1634   2228   2116   2343   2344    208    447   2345   2955
227   2346   2347   2348   1572   1653   2349   1531   2350   2014   2090   1385    752   2994   3311
228    917   2020    293   2351   1965   2272   1550    237   2058   2353   2354   1341   2355   2823   3000
229   1275   2357   2192   1732   2358   2359   1480    693   2144   1825   2362   1520   3031   3040
230   2363    754   2089    482   2364    173   2365    465   1228    838   2056   3087   3091   3298
231   1844   2368   1544   2369   1521   2191   1496   1019    819   2331   2371   2373   2374
232   1522    157    825   2193   2369    638   1435   2375   1484   1841   1545   3006   3252
233   2376   2006   1270   2281   1737   1375     95   2131   2378   1163   2273   2381   2382   2170   2963
234   2143    601   2383   1206    721   2077   2385   1712    699    952   2229   2386   2943   3199
235   2388   2055   1231    847   2389   2353   2288   1968   2390   1751    776   2812   3078   3091
236    777   1232    766    285   1961   2061   2389   2265   1161   2351   1083   2851   2903   3281
237   2333   2391   1190    341    382   2392   1846   2394   2395   2667   2720   2814   2961   3004   3127
238   2301   1789   1220   2397   2398   2399    528   1462    587   2305   2127     72   1647   3012   3193   3236
239   1302    269   1254   2401   2402   2290   1906   2212   2296   2260    312   2664   3002   3180
240   2403   1988   1393   2022   1687   2350   2010   1574    929   2279   2404   2405   3173   3250
241   2408    604    590      9   1877    737   1874    451   1340    539   2409   2893   3018   3030   3089   3116
242    264    991    331   2411   1618   1900    717     30   2412   1980   2413   1915   2941   3254
243   2416    751   2417   1904    172   2364   2418   2381   1160   2286   2162   2420   2850   3086
244   2421   2422   1759   2148   2423   2424   2426   2427   2778   2856   2927   3040   3057   3284
245   2428    908   1583   2429   2430   2431   2284   1419   2172    356    573   2434   3014
246   2435   2436   2437    322   2438     50   2439    109   1697    831   1502   1665    400   2441
247   1018   1432   1769   1566   2442   2256   2443   1509   1444   2444    138   2445   1663   3038   3064   3149
248   2447   2448   2357   1273   1736   2150   2163   2451    759   2452   2423   3062   3216
249    184    318   1954   1193   2109   1920   2456   1418    375   1935   2460   2981   3169
250   2130    921     89   1589   2294   1126   1813    119   1284   2043   2461   2929   2996   3029   3291
251   1120    267     37   1684   2278   1570   2466   2159   1945   2467   1795   2136   2888
252   2468   2424   1352   2147   2469   2346   2470   2404   1392   2017   2471   1984   2866   2993
253   1894    154   2474   2152    996    643   2475   2476   1953   2478   2323   2860   2949   3183
254   2479   2480   2268    749   2086   1226   2417   2388   1157   2052   2363   2823   2851
255   2445   1766   1581   2481   2483   1425   1723   2725   2814   2822   2861   3035   3145   3148
256   1433   1181   2194   2484   1733   2002   2485   2330   2373   2719   3006   3256   3263
257   2324    984    542    371   2486    625   1720   2487   2488   2672   2740   3004   3104   3148
258   2368   2489   2336   2490   2491   1495   1847   2492   2117   1547    497   2720   2907   3044
259   2493   1755   1818   1983    866   1355   2204   2494   2021   1286   2468   2403   2857
260   2495   2496    111   1952   1399    550   2497    145   2498   1672   2839   2937   3167   3234
261   2283   2174   2003    346    430   2499   1739   2485   2430   2500   1429   2329   1177   2942
262   2211   1558   2501   1312   1117   2261   1855   2340   2502    303   2232   2761   2779
263   1073     27     69   2503    404   2125   1837   2030   1296    614   1787   2871
264   1671   2495   2507    524   2508    403   1694   2439    110   2510   2511    832   3021   3045   3115
265   2496    106   1950   1931   1693    501   1249   1472   2245   1011    219    419    193   3255
266   2515    900   2431   1734   1673   1452   2516   2518   2500   2282   1826   1362   2166   2145   2838
267   2520   2502   1857   2385   2235    953   1716   2521   2337   2186   2985   3117
268   2225   1147   2524   2525   1582   2483   1722   1772   2181   2717   2775   3009   3063   3164
269   2528   2529   2530   1638   1336   2531   1364    386   2532   2533    537   2961   3104   3231
270   2095   1610   1240   2535   2536    894    805   2037   1282   1601   1866   2537   1057   2205   3226
271   2486   2325    324   2538   2320   1876   2539    369    541   2785   2939   3059   3231
272     44    307   1114   2540    255   2276   1030   1790   2411   1625   2341    337   2230   2467
273   2359   1519   1483   2541   1919   1899    679    155   1934   2108   2456   1959   3032   3224
274     94   2544   1942    672     60   2358   1479   1267   1886   2069    942   2545   2448   2546   2110   2549   2550
275   2121   2503   1831   2551    879   1297   2031   1076   2552    365   1969    562   3015
276   1085   2306   2553    654   1376   2554   2555   2275   2556   2382   2134   1164   2948   3027
277   2557   2182   2536   1865   1458   1241    520   2302   2397   1056   2747   2772   3243
278   1839    673   2560   1175    241   2561   2087    758   2562   2447   2545   2422   2921   3074   3084
279   2246   1260   2060    859   1006   1717   2564    709    406   2565     17   3048
280   2054   2291   1313   1555   2390    848   2567    994   2779   2975   3159   3181   3183
281   1645   2568   1380   2122   1695   2569   2510   2570    836    440   2954   2962   3027   3042
282   2184    611    958    414   2571   2572   2573   2574   2575   2521   1713   2831   2895   2956
283   2576   1133     91    498   2008   1278    421   2376   2129    196   2556   2825   3023   3253
284   1215   1235   1413   1504   2123    393    526    830   2577   2570   3012   3021   3170
285   2535   1150   2557   2180    532   2717   2743   2765   2841   2864   2896   3019   3280
286   1622   1897   2413   1922    334   2474   2322   2578   1960   1875   2539   2999   3053
287   1991    358    731   1703   1335   2028   1079   2551   1298    884   1636      6   2409
288    306   2216   2580   1605     40   2540    800   1979    982   2412   2000    261   2786   2809   3218
289   1501     48   2066    946   2038   1608   2583   2441   1666   2264   2584   2879   2880   2966
290   2327   2097   2015   1060   2537   1293   2199    931   2585   1867   2857   3132   3250
291   2391   1424   2335   2443   2489   2119   1508   1727   2253   2587   2481    636   2487   2887
292   1443   2589   1289   2200   2079    865   2493   1760   1827   2051   2852   3197   3291
293   2085   1000   2057   2365    757   2154    841    483   1530   2349   1649   2827   2916
294   1089   2501   1854   2259   2592   2573    619   2593   2520   1551   2187   1001   2567   2860
295   2292   1438   1928   2375   1843    463   1477   1744    840   1539    645    489   3278   3301
296    342   1422   2173    186   2428   1584   2594   2595   2524   2822   2894   2932   2942
297   1848    338   1185   1013   1929   2596    852   2528   2394   2598   2599   2600   3240   3292
298   2106    689   2222   2603   2239   2092   1921   2605   2460   2807   3032   3108   3230   3284
299   1197    321    835   2438   2600    436   1933   1192    114   1698   2684   2768   2843   2853   3056   3255
300   1873    591    600    960   2072   2408    538   1029    327   2538   2908   3188   3215
301   1045   2312   2048   1662    275    810   2606   2214   2402   2607   2809   2998   3026   3241
302    628   1513    593   2608   1319   2139   2609   2114   1633   2345   2892   2977   3128   3273
303   2610    449   1640    164    855   2530    461      3    493   1849   2611   2490   2791   3127   3240
304   2613   2598   2614   2395    349   1195   1956    384   2615   1370   2532   3010   3056   3109   3169
305   2617   2476   1937    313   1958   2593   2574     47   2618   2262   1860   1090   2436   2070   2584   2619   2794   2967   3109
306   2081   1518   2620   1043   1493    711   2621    816   2371   1024   2623   3154   3182   3223
307   2595   2525   1725   2220    389   2392    178   1926   2740   2757   2861   2891   3257
308   1888   1128     83   2550   2068   2295    944   1908   2845   2881   3023   3102
309   2578   2478   1957   2321   1706    377   2615   2531   2624   1363    535   1338   2785   2794
310   2115    207   2344   2611    513    496   2626     14   2491    446   2904   3011   3129
311   1658   2606   2310   2047    128   2401   2297   1250   1130    222    135   2800   2996   3299
312   2627    144   2628   1145   2629   1564   2630   2507   2631    522   2498
313   2626    477    455   1775   1383   2632    911   1986   2633   2343    353   2634     13    514   1677   1883
314   2635   2269   2480   2088    747   2636   2549   2452   2354   2059    238   2561   2826
315   2637   2638   2631   2554   2568   2508    525   2577   1648   2639   2398   2304
316   1054   2338   1038    974    933   1864   2076   1464   2747   2771   2797   2930
317   2575   2640   1014   2599    112   2614   2641   2617   1862   1369   2437    323   1714   2684
318   2571    610   1295   1172   2592   2619   1701    997   2475   2029   1367   2624   2953
319   2564    701   2062   2383    959   2299    575    409    768     80   2141   1718   2737
320   2263   1859   2641   1711     98   2644   1203   2583   1670    727   2435   2618
321   1884    903   2645   1561   2633    869   2646   1680    580   1811   2309   1778   1987   2858   3156
322   2544    940     85    676   2247   1836   2635    239   1594    913   1347   2355   2270   3084
323   1607   2580   2644   2315    305    256   1202   2755   2875   2880   2913   2940   3166
324   2494   2426   2471   2649   2198   2241   2103   2585   2009   1763   2405   2933   3172
325   2645    902   1560   1143   2308   2639   2399   1579   2629    529   1468    586   2176   2651   1885
326   1834   1350   1785   2249   1212   1237    971   2300   1863   2772   2797   3193   3232
327   2027   1368   2529   2613    405   2572   1637   2640     24   2565   2596    857   2709   2763
328   2378   1162   2416   2479    750   2636   2267     97   2451   2168   2777   3225
329   2603   1801   2223   2240   1992    887   1971    183   2171   2594   2552    571   2429    364
330    680   1529   2541   1918   1978   2083   2623    818   1895   2093   2941   3161   3184   3235
331   2420   1902   2285   2515    910   2632    357      1   1080    511    570   2434    175   2169   2652   3105
332    968   2138    627   1330   2609   1401    728   2386    697   2689   2714   2780   2868   2976   3017
333   2046   2589   1017   1042   2653   2444    122   2078   1451   1659   2726   3028   3154   3242
334    870    124   1812   1137   2461   2654   2307   2638   2651   2627   2553   1567   2646    146   2811   2928
335   2637   2511   2630   1696    197    422   1374   2555   2654   2569   2133   2576   1135   3167   3251
336   1562   2442   2497    147    558   1510   2314   1400   1770   1152   1667   2628   3115
337   1820   1022   2653   2621   1523   2190   2374   1448   2484   1426   2334   2499   2516   1738
338   2161    755   2470   1353   1985   2418   2348   1390   2634   2652    517   2518   3068   3073
339   2656   2427   2649   2469   2562   2091    753   2347   1166   2011   1532   2243   2718   3047   3095
340   2251   1944   2620   1041   1487    274     36   2466   2158   1664   2607   3079   3242
341   2610   2492    633   2608    592   2533   2587   2113    453    546   1337   2488   2667   2904
342   2237    885   2105   1974   2546    663   2605    690   2560   2362   2656   2421   3216
