vertices 2039
     0 3.26738123218942 6.38685706664892 4.35159504125141
     3 2.74372351385262 5.77316487915385 5.03681789684291
     5 3.34521708187060 5.06945475562702 4.05097852748513
     8 3.84937184265070 5.37029470943437 4.20465564305718
     9 3.86412685674264 5.60175426849796 4.11877252675474
    17 3.09860033705101 5.06909933142117 4.73720901201623
    31 3.42554164642344 6.45813088943452 6.49420189878495
    33 3.58973818045334 6.40972298206111 6.31851322820837
    46 2.57502813376021 5.66306029374988 6.73217700937146
    47 2.64643587276002 6.29263416040480 6.58128907797258
    48 3.06016097652848 6.55250683149207 6.11157635326719
    52 5.78764163982374 0.73460053413602 2.21656416543326
    55 5.77016151634273 0.59299084370152 2.63570212766477
    64 6.05120479843846 0.46362715003276 3.05738266484060
    71 6.94079393069944 0.96931622097958 2.06503211028487
    74 0.03213459318737 1.03232603623738 2.49465344087471
    77 6.00654175988842 0.31548051402632 2.83584364169932
    85 1.39046204165248 2.95814166168449 6.51082191965768
    87 1.05032933877580 3.26015992891311 6.38255404148916
    88 1.16171965799657 2.48333792935154 0.03246636398857
    91 1.47784161100753 2.66850241010027 6.22256517034313
   102 0.78869864133025 1.84542322224124 6.40615373263199
   103 1.03151260974487 1.83717082217459 6.67194501714674
   124 3.37403500658428 5.49368094195037 1.04098415425962
   125 3.32848856758645 5.60789786223645 1.03910745618319
   127 2.78962024275928 5.56389290238038 1.08860760074982
   131 2.32888886914271 5.79534258466963 0.56366146081652
   138 5.04791366478904 3.86842001617673 6.94031041089106
   141 6.19993548779450 3.31646885047703 0.27907391870792
   142 5.70536205426265 3.25366737145189 0.45524376245756
   143 5.95017931210938 3.49524691853507 0.71995303723478
   145 5.48140246441893 3.64263478277952 0.67784668777141
   146 5.72103766358232 4.00799208290029 0.74204945213846
   147 6.42545180545850 3.75186149718462 6.68432700422618
   148 5.71237029015214 3.38832503326297 0.67595915278205
   150 6.26444125096341 3.41158888660962 0.39273427649288
   151 5.92467651111009 3.93560988968461 0.76598729187122
   152 5.18201102866232 3.57236722174297 0.26764238528167
   158 6.28934281267378 3.46200090398224 6.71024011862512
   161 5.16891378041478 3.66519878389634 6.60067146375788
   162 5.21877183197370 4.08486386412064 6.66623023708192
   163 5.09677139196322 4.01521989792296 6.93831124165162
   171 2.56681084408123 0.72447373410542 0.34070589696993
   173 3.01719998310375 1.09395015197491 0.93836399006807
   174 3.27530078274372 1.24560673423616 0.28276514833638
   175 2.01809793319963 1.67063999267892 0.54256998613160
   177 3.33405241144353 1.56350716578797 0.53564291501791
   179 3.10168525759601 0.95843128984290 0.45940126082507
   180 3.15034890442070 1.48688139509374 0.92201855615411
   181 2.73413085578839 1.82193412282451 1.02754845947810
   185 2.35316706177297 0.84077487513036 0.08720716147690
   190 2.36791605951299 2.11601073525706 0.57778904922932
   191 2.64893373572573 2.09632665102751 0.80289374048749
   194 2.46262471469705 2.15759872830078 0.44502149422831
   197 2.48891858831142 1.89939843235837 6.95312182435502
   202 4.78610008936954 3.50300978823765 1.47770853951133
   229 4.71020462726109 2.14239691251545 1.48542127318679
   232 4.44453426325379 1.95788846354787 1.61000514626651
   238 3.52969875202062 2.64015232274333 1.38003972438892
   240 3.62112747392648 2.94797465859379 1.90615999254389
   241 3.92244471632338 3.35234438742457 1.73957712885008
   243 3.74395773602383 2.12476305276492 1.55929568395774
   260 6.40311853427308 2.05503472305702 4.99746303355811
   266 5.88854569471847 1.56826420709028 4.93774666496653
   274 6.54742543733716 0.63613619845188 5.16176900991660
   284 4.33542059161141 6.22819082927781 5.23949610773730
   285 4.26775560280012 5.98883096571777 5.57082281817877
   289 3.78782932672186 5.06225104620029 5.17420042618363
   295 2.24058779603373 2.68067087064546 4.94564624204352
   297 1.59590413173701 2.82044491548251 5.49023537921876
   298 2.29107604603449 2.82933574039819 4.65112867935847
   299 1.91358363934267 3.04126444725487 5.42370677072577
   300 1.28720185304630 3.20932074118383 5.45794637098663
   304 1.79496153758563 3.33570590787003 5.38257884695937
   306 1.26984291134850 3.02955937444841 5.46929627169819
   308 1.82244480016580 3.52234097920700 5.04973727507819
   312 2.07231516247319 3.33336977759578 4.61860010882374
   320 3.70664570082373 2.25893244150894 6.98491016093980
   321 4.39852076692703 3.12048365340556 0.45570929178461
   322 4.11919627774148 2.16292532743672 6.79199995384568
   324 3.68277409980096 2.74598043978076 0.07591259283774
   330 4.00256663504786 2.95035254475829 6.98088176795057
   332 4.29642572566889 2.67120623841540 6.73913926687502
   347 4.05320552488681 6.73945774199750 3.51271187207671
   358 4.95298510927210 6.96017338032399 4.34657767795910
   362 4.60513433262267 1.62386579553218 0.31018983953526
   365 4.53916742387104 1.09908909295949 1.51366949779537
   375 4.33565269611528 1.28204184796187 0.47551210451406
   378 4.26857384508526 1.12297781948536 1.26714447279195
   389 6.30140084144017 5.40241821217524 6.35523565036878
   390 6.34614788161974 5.42009242092328 5.88702907935981
   392 6.64323238348898 5.96059791724319 5.68034273425584
   413 6.57462902147322 5.11953631920343 5.70956057771918
   419 6.49998255860650 5.05104330249154 6.55891561201389
   429 0.40877333423777 0.84446724302494 2.64506116648664
   430 0.34103468985557 1.15249471928227 1.76023853650342
   432 0.19116654933262 0.96703907836188 2.00319599558680
   438 0.90130727268752 1.80513227991978 2.63732010057387
   442 0.78950121677027 1.19854360623952 2.94741633340030
   453 6.21065614343037 0.51132330737776 1.20890796308961
   462 5.54926440436779 0.69646853935195 2.17382904095981
   469 5.06846828790695 4.77094081895680 0.68285110060018
   470 4.93441311778559 5.85536821974185 0.89299038303182
   471 4.69982340743975 5.51807785781137 0.86978503078020
   472 4.62860902188007 5.45830952018999 1.41672636522870
   476 5.47664950783166 4.59124069709073 1.10700246196119
   478 5.48452727069153 5.65446521358150 0.48095157915720
   481 5.49883833972722 4.65520282631379 0.72304350465305
   483 4.74268617440894 5.24602245107457 1.54501616696331
   484 5.70955265053343 4.78267439624712 1.35581448404095
   485 5.03665242845791 4.70984766882004 1.10349916149401
   486 4.98161517210204 5.11012865155260 0.51582862342347
   487 5.41477377402871 5.31327504110336 0.34180722663348
   488 5.77703718513984 5.00725482734312 0.51593488839621
   497 0.10851192741970 0.64380583680315 0.73483409608183
   509 6.61372105945670 1.27509697367538 0.81650030328538
   510 6.40566956545170 0.84458893946659 0.72083257171145
   514 0.79311050580466 1.55176304092646 5.98867763280769
   515 1.54887616469723 2.60206783345035 5.84955723574329
   518 1.36569169991078 1.46058922986827 6.65708768419873
   520 0.86622951737593 1.86820261225318 5.70710842086844
   531 0.46622024614688 0.75245544017246 3.51171310678493
   538 1.24337762002558 0.05300606690837 3.38386252344072
   539 0.90700387685409 0.30722680323181 3.73298807795967
   540 0.75235899041716 0.27767957207805 3.71794429068307
   544 3.10571670551044 1.81083059785817 4.83714842659002
   549 2.34174547743426 1.55674254878973 4.85768028175991
   557 3.26167736609075 2.28807584978712 4.89344304374338
   562 2.15157596852633 1.83051854831967 5.02360844254948
   566 3.05397792406908 4.44854062079206 4.81788586983502
   568 2.69852717938748 4.54985955030926 3.54937827930928
   576 2.20257088254187 4.37250019470468 4.14556275704093
   577 3.37460141704199 4.76723600871739 3.86970408820901
   580 3.27366272175776 4.45076779537282 4.05538523660014
   585 3.01929573726646 4.66911432220351 4.95536620545459
   586 2.40968990978844 4.39338322160491 4.88589282213725
   587 2.59282664146417 4.68321016687884 5.04886723891532
   602 1.03804103247497 1.83274290379434 4.76903885492597
   606 1.40554192152960 1.23848206071249 5.10906360670449
   617 1.78102212029765 1.02366200658655 4.95704268964842
   626 1.72789035346568 3.10029585494490 0.25087648857837
   627 1.47830279723104 3.45374353532265 0.57142182929132
   629 1.75089950209552 3.56986983279399 0.90464576513152
   641 2.01778967908605 2.41962291226333 0.66517049112466
   643 2.01199164118120 2.64290394366148 0.37953612358723
   644 1.74732194969470 2.50124298737795 1.52049998566003
   647 2.38368236290177 6.56778742772479 0.34090622640736
   648 2.15526813715774 5.93018238529868 0.63296649361751
   651 1.98734540147879 5.69920285528400 0.51259530427186
   655 1.51758640843856 5.69768934510666 6.62914225540505
   657 1.66513907538029 6.58738653498800 0.24778781718456
   662 2.10057690841577 6.45722736739580 0.52386119646311
   666 3.54313475120431 2.57561294216590 5.73994180523226
   668 4.31218984841592 2.80169589592969 6.42595582831686
   671 3.60270951278246 3.14867641797404 6.16369208216054
   678 4.06024648030015 1.87542001020171 6.47196398754034
   679 3.52295339808846 2.64201605061705 5.54956066821460
   681 2.70297667922859 2.46921823761114 6.37441303004047
   684 2.74968733916763 2.93501080080186 6.54928612801413
   686 2.43854454053036 3.51617829801512 5.77133418932132
   699 2.30998076507455 3.07613049891937 5.73074004295399
   700 3.66797682862277 6.68299856620894 3.48965684946685
   719 4.34828803819122 0.23536854076530 5.38585593094680
   721 3.76983871670462 0.22400465757958 5.46095952399898
   722 4.74830287002994 6.92208439714089 5.82740002603958
   724 3.95997561853859 6.63594161910693 6.38732069252244
   736 2.94313630054785 5.77583895063049 2.12346250575765
   739 3.97320817138928 5.50956974014119 2.78697528336189
   741 3.55001973406994 5.65093146757463 2.01950078707170
   742 3.74753749888920 5.95148714484230 2.26510466303118
   763 4.55045476441269 0.39045633023273 5.23033059999844
   764 4.40462715365726 0.44407703378180 4.85782578779281
   769 4.62214677658999 1.70336707598419 6.96494870391985
   776 4.92031719223733 1.65358523699704 6.75084444099272
   782 4.79234678886684 2.96809318502166 6.26414429293687
   783 4.63918846733473 1.48117877089074 6.49864823481785
   794 1.76345960233144 3.89545497624908 1.99107834030962
   795 2.03977509164545 3.55629399371591 2.07172797495080
   796 2.86235132964541 3.91664678025827 1.48576618428860
   802 2.69244042879244 3.46748199162750 1.07677160135749
   803 2.68683879556068 4.29800075889009 1.37689138873242
   808 1.84517810045535 0.03849300253682 4.80791602985576
   809 1.66652095825476 6.34770044218748 3.60396763044015
   813 1.27511085398957 6.97665794819472 4.55797721288672
   824 3.55344513289079 1.53156034349068 1.31041550662687
   833 3.45533098745251 1.84701838798224 1.55756234124594
   835 2.88929080353714 4.67415641864826 5.98344873159437
   836 2.06074624367120 4.18496835552972 5.61812590520230
   838 2.68818299971348 4.64824555281828 6.01988985410523
   841 3.10243466577735 4.37378794942511 6.12811352031475
   843 3.32766601356314 4.48582506858435 5.18758989660224
   844 3.34878587225433 4.17747898464907 5.75419185318355
   845 3.19861598397533 4.67038005622443 5.18805861459060
   846 2.07605597234500 4.09434768833762 5.23814460694965
   848 2.08897400446133 3.85053996363716 5.77782770960418
   849 2.13411557302835 3.70803236488797 5.61347887581243
   850 3.01644394980641 3.81037210335739 5.06921970123153
   851 3.22566925202920 4.30708622249554 4.93583590210862
   852 2.43526401787063 4.65208845066610 5.74045895682081
   853 2.13294339620336 3.89660247679863 5.22804804096445
   862 3.74266620113250 5.40782334903985 1.50802635753341
   863 2.60198451797261 4.74604050132492 1.65494125164042
   865 3.71896416207823 5.11719483204364 1.79013435112892
   867 2.42589517122276 5.02315799458483 1.53334891176965
   870 2.88804075549299 4.71094129805330 1.44768858678969
   871 3.37664500156790 4.74279544563623 1.82872831417212
   872 2.61963214430878 5.22252397515128 2.39838220187591
   875 2.12799496865702 6.18870004006593 3.10363499055334
   876 2.95535796991379 0.25231110179758 3.19787795144328
   877 2.14893170308828 6.52883768896064 2.66980071083673
   885 1.75704204448061 5.61017525400312 2.45519866202557
   890 2.09282069953728 5.32404508613873 2.79805299118356
   894 1.89485156765696 6.39917746217960 2.37644462277850
   900 0.69854415542707 6.05848395130100 5.68988405999133
   901 1.22048635209698 5.39375596052216 6.16597084399455
   903 0.39524214423135 6.37911875397212 6.72848275080246
   909 1.27766645934187 5.35184411419174 6.47442071523426
   910 0.77739319682673 6.51935423307382 6.73449952963287
   911 0.82298705431612 6.65666247971335 6.34475190000772
   912 0.33171264723437 5.91959132565085 6.80863887958897
   913 0.36391012774342 6.54277997343682 6.08638854762583
   920 2.23096232503354 0.67778429039489 2.20354662010800
   923 2.68002470150410 0.51097611776659 2.02433745027424
   924 2.45489338934002 1.16259895071662 2.06187136196502
   927 2.81816905531601 0.83813829749918 1.94786228475657
   929 2.76310619930833 1.20632271534136 3.29774705164268
   940 6.22019124548908 0.02924901597555 5.36213950505910
   945 5.28461606680456 0.72088553516154 5.46821353235674
   947 6.54468061088049 0.20043366962672 5.35177603442991
   950 3.89394694456379 4.79053539077213 0.59626870453809
   958 3.50050454190503 4.62483423091694 6.55513072567281
   967 0.70135084295915 4.31501539521716 6.66841293419577
   968 0.69290232299934 3.68890507521559 5.59377137825840
   969 1.19095985893210 3.57542065857388 6.46639460516429
   971 6.91813819973739 3.98319195456308 5.87956624500172
   973 6.89609303189464 3.77474422940942 6.50673441187444
   976 0.13988372985332 3.93788041671133 6.79552530141213
   977 0.40017400332112 4.39801075651520 6.60976046456068
   978 0.10415545823597 3.53198446601419 5.81308610220924
   979 0.76242829237582 3.84323492891459 6.88477159861045
   991 6.49207869600219 2.39115325348419 4.45890655208425
   996 0.13629667842247 3.25469676339885 4.92789091401852
  1001 5.84504415713835 3.39033750044842 4.18113294273656
  1015 6.37750916028881 2.63482696987505 4.82008297505051
  1020 2.95051321688573 0.77316371741327 1.39913211179603
  1021 2.44395537070808 6.83505298330311 0.78846450998019
  1022 2.88515786345830 6.90969613510191 1.49699738788162
  1035 2.68617980116716 0.30937044348775 0.21372921477748
  1036 2.58005975338947 6.82410668362856 0.54870724675968
  1037 2.86550359217787 6.68605198680316 1.28782001801681
  1038 2.70419712536415 0.19511846081383 1.49365815437045
  1044 5.62274392866437 1.18637748369036 3.83600608924638
  1045 6.17998464612483 0.16801179876594 3.93790965902265
  1046 5.85651375496983 0.21934840030798 3.54264414839253
  1050 6.37478843066527 0.67721221803407 4.24559974753267
  1059 1.91115300944822 0.61129591359694 1.97839546539243
  1065 1.28574453056214 5.25387682576942 4.79580898272561
  1068 1.29660501403824 5.64892462781828 4.77430069318428
  1070 1.37928561895421 5.12671832800711 4.62291940019719
  1076 0.74092056813451 5.92914665206250 4.57501703744896
  1077 0.69864254608220 5.59316792125905 3.48748660042020
  1080 0.90310811569487 6.09484540837558 4.23013480921603
  1081 0.94615674503811 5.72967741683504 4.83330854633292
  1091 5.77465062041923 5.15095567617786 5.53829084703450
  1092 5.17734178367066 4.99540172361109 5.48120754252582
  1093 6.13507116265104 5.21336837143626 4.59356638886924
  1094 5.53148319768105 5.46595340828815 5.39049505442620
  1097 5.54165642698622 5.62641826288211 5.12791908427560
  1098 5.61410469808996 4.92595504333115 5.61365032567602
  1099 6.22923302980919 4.85881274595873 5.32577181466408
  1100 5.75481307185023 4.63784269274215 5.50103781012634
  1101 5.14765133317753 5.30173127936546 5.38836820442143
  1102 6.38892881644646 4.88762488344816 4.97337767089101
  1103 5.08466940615024 4.76837957794879 5.28549996407460
  1104 5.42713411737804 4.44125676335927 5.23326929226047
  1106 6.20208017361115 4.71370213723025 5.33637642260758
  1112 4.00573121570886 5.29417453076596 1.41387393042646
  1114 4.39877186729658 6.15120229226852 0.53857050047668
  1118 4.84797048517542 6.11004500886585 0.78517888447457
  1122 4.26749693353387 6.31345433265490 0.64898945350314
  1126 4.69935576948285 0.35586404707849 6.97760504573725
  1130 5.01900723026182 0.35969061885013 6.90880879411013
  1134 5.30591553427767 0.47588658153137 0.27368778928067
  1136 4.29792975744180 6.79002806647010 0.04877347765193
  1137 4.15767200095375 6.79852733642344 0.32559782917694
  1147 6.71245470775725 6.50815773078414 4.74974407779835
  1148 6.70469454372195 6.84168580540419 3.99329211610867
  1151 6.83408000982737 6.26421470781967 4.83276892140776
  1153 0.32374970254967 6.52660333740648 3.60101554865625
  1155 0.47617798574726 6.82512705383588 4.03175212113835
  1156 0.80654230018920 6.50625015484254 4.34705680400022
  1168 0.59319214428677 2.87886838580717 1.96133693747440
  1174 6.41952595897168 2.82781813320797 2.65946715662353
  1178 6.63333135387615 2.27976014049076 1.56843754667633
  1181 6.99604897769120 2.56634794461902 1.39244136634750
  1184 0.51258148417053 2.88450356711659 1.69665571824055
  1202 5.44195353103808 1.60729742786148 4.72341560361252
  1207 1.70384878298852 3.33999402494234 6.71351727636806
  1209 2.62310966626610 2.99193945740435 0.07964936535388
  1210 2.33487564605515 2.47662350828360 0.21325204762592
  1211 2.38131404241616 2.17036732250573 6.76553628942127
  1212 6.09793617831484 6.54260032014416 5.46771754335663
  1214 5.19407356564491 0.23796531622940 6.25016665663547
  1216 5.92950852871594 6.70296409970419 6.25419973126356
  1217 5.56631931993451 6.30168833089424 5.53575231079613
  1218 6.24294408009365 6.75054894895545 5.86503172779481
  1221 5.78045319211991 0.01831139912719 6.39363758395579
  1226 6.14679065417354 6.80679534355225 5.23956141139829
  1227 3.59544045199126 0.83032868652357 5.80261055812606
  1244 4.02834601728958 4.07220127424999 2.11495656026331
  1249 5.46644745371501 4.19358840798010 2.10507127176456
  1255 4.39151406023340 4.41479496008053 1.89785848901898
  1259 1.22195247346376 4.56303514122036 5.59728919065607
  1261 1.18143960988627 4.83862231585387 5.57321217185222
  1265 1.43218976422142 5.12932584998266 4.95450038477371
  1266 1.49834799850411 4.28873871154398 5.02167113018791
  1279 0.44055812132447 3.50575801610066 2.58876066087161
  1287 3.18602735812691 3.89728276328496 2.67509582699931
  1288 3.83491384704741 3.78062910332670 3.54812797280655
  1289 3.42279393819691 4.18208023809194 2.57721608420697
  1293 3.13025404150150 4.59048512462144 2.68591043409148
  1294 3.59531047104337 3.63423743763294 3.05702090976327
  1300 3.59196178292586 4.21259874846071 4.03734281210069
  1303 3.60291760434713 4.73039219490225 3.05651866178130
  1304 5.53897697559106 4.29225008094024 1.19490904777541
  1309 6.51180570969029 4.92089810602086 0.24563461929566
  1318 6.34595149149987 5.48894561486358 2.33498048698431
  1323 0.33766848637582 5.14138064150277 1.65251577297218
  1324 0.49529125558000 5.68368767150649 2.69983955213335
  1325 0.67096925571855 5.65641669180678 2.28239870672880
  1326 6.79877121473885 5.05162742096493 1.63670170055651
  1328 0.25602129550868 5.08864321987415 2.76816894152390
  1329 0.02453683080477 6.04250093279691 2.56426727206118
  1330 0.34959209858535 5.67870293690891 1.60718494728062
  1336 0.35742112328836 5.43730465659919 2.87059046670198
  1344 6.54848974022174 2.74867911634505 0.15990737930206
  1345 6.63992855836618 2.84653193857879 6.64241227405903
  1346 6.80858347582003 3.96176654958722 0.24967850515337
  1347 0.35196606855669 2.67017479518419 0.28750652824462
  1348 6.87580273422742 2.73254293598746 0.45136637017759
  1349 0.24772713833102 3.55494833989466 0.58720932437495
  1350 6.76915505185766 3.12516580974201 0.66825476487969
  1352 2.09587904838592 6.54152519834267 0.72341705579389
  1357 0.69934378252676 5.92918755722734 0.97429479964480
  1361 1.54479941557920 6.67793240550997 0.34500389270667
  1362 1.24702265298556 6.46933302889218 0.28352997945687
  1364 1.73553078042897 6.71903272479964 0.79955985266810
  1375 0.10793291817101 6.00108095101680 0.90050845402021
  1380 0.01424355944587 5.76523828694467 0.57207356947141
  1386 0.93227991010076 2.32483067505860 3.53938848830523
  1391 0.54081913312227 1.73915975619720 2.91739459812492
  1401 6.24408342500591 6.21526082709529 5.35148658984725
  1405 6.40607332002458 6.49695299262501 4.86896294884168
  1406 3.62740566740093 0.99366825657929 0.14859330242870
  1409 3.72997474259906 1.04461780168992 6.71311001091439
  1416 4.33126971758899 2.54474232342765 3.21388210002412
  1419 4.31338186475387 1.99982374762582 4.30240087261618
  1421 4.81411584045450 2.02162379176031 4.06199472912039
  1424 4.86597779743720 1.52912850636013 3.90846475340994
  1430 3.99174395545240 2.34691554280270 4.06202339725417
  1439 0.03732079503650 6.84871729654583 2.91011719499406
  1440 0.82070985956456 6.54287453308430 1.95147152751219
  1445 0.40604438889201 6.77875778576761 2.03727557128890
  1446 0.06572185356113 6.55887305180794 2.14340846626050
  1447 6.88423204804264 6.65745960292831 2.67672326758575
  1448 0.05454505776958 6.66491559786760 3.05513104108091
  1449 6.88606179332260 6.49403801314765 2.79682253641808
  1450 5.75609913456631 2.39402659011545 2.87281353453274
  1457 1.45575142020224 5.45816529726774 2.42102340631770
  1459 0.65777706089073 4.32206968305339 2.09262095214400
  1460 0.64340997476174 5.48736084334712 3.06669282165625
  1461 0.55928725953811 4.33337392162360 2.15146353060141
  1466 1.39885368163600 5.41545944619028 2.22168065576847
  1472 1.92685039883971 5.05508121438273 2.91418209687398
  1481 2.30894036732343 4.87005840929309 5.86240048212554
  1484 4.65704950058796 4.50321478564164 0.32447995620323
  1489 6.07184056010383 1.57060232830961 6.37558237932486
  1493 6.73319053907637 1.89528568479778 6.37602347254946
  1496 6.00573740922953 1.22282271199891 6.47703524817680
  1499 0.28586690016661 0.90291703623496 6.64329340458662
  1502 6.57251423771850 1.80551479013600 6.58199156720861
  1504 6.08878745553103 1.63002951265457 6.08083563535734
  1508 0.30095978060822 1.57967542776169 6.48734139258116
  1510 4.46284221889652 6.95339783759357 1.30678199418944
  1511 4.64036405741590 0.15555948980313 1.62067622049259
  1517 5.87995018014461 6.34604618164498 1.83755143472552
  1525 0.08400964987732 0.01897573128560 1.62249104394071
  1527 5.88553918497437 6.14982035632200 1.44261566354709
  1528 6.74087815871100 6.46556752155946 1.12382194327469
  1529 0.09571910576835 0.02222343045043 1.40203661694434
  1530 6.46309161862813 6.84185461447760 2.09813397407084
  1532 5.47263831679706 2.62894993774476 0.72822999091419
  1544 2.98656620642305 3.51603719656831 2.15451218382797
  1549 2.41572718845035 2.33207970328552 1.94454709454181
  1559 1.79544772627928 2.34546595201028 1.66347608344073
  1563 2.32606672840070 2.29265339568055 1.67178323871232
  1566 5.12111020864450 4.80884462356762 6.45075741546493
  1570 4.94643538547313 4.38923850950405 6.54991965672106
  1571 4.59164790012015 4.54362266859763 5.87964525026101
  1577 0.90450711078224 6.14652450102678 5.29430096844436
  1580 3.66023075309246 2.25466654114287 5.08576112855465
  1582 3.48586824648988 1.26108364139357 5.62441210604492
  1587 3.69130896296497 2.52056396717255 5.47635557903848
  1616 0.98678177939207 4.30759212756941 0.51507449167489
  1617 0.85324070467946 4.73608573271695 0.01087857131160
  1619 1.78855354874318 3.79147389951466 6.56546989043450
  1622 1.59099188807759 3.56374118670679 6.70000577765930
  1624 2.02318154179778 4.54327623301320 0.12639251482994
  1639 0.74521452426480 4.06724723483987 1.55581554749093
  1642 0.39535086813708 3.66013392910917 0.79076435386086
  1656 5.85437406294049 2.01469073171935 0.60350085159816
  1657 5.72549269315474 2.08465928786621 0.80417452729169
  1663 3.71928710455874 6.82029583118671 0.25956701320479
  1666 6.11992610938058 2.95032353332419 5.78833344423099
  1667 6.10884455614161 2.86373874368485 5.92502336784948
  1668 4.78245855062530 3.44411987472960 5.77823811829090
  1671 6.07294411733450 3.40140471534486 5.74585697044631
  1674 4.73517626796037 3.34879744483418 6.21355152482923
  1676 5.75299289633460 2.76262213080048 5.58676173949915
  1677 5.37451633439759 3.09034269355688 5.37272208052535
  1698 1.44757706428312 5.04875792996416 5.86404938424819
  1699 1.62765366674410 5.91703948707232 5.21020326850487
  1701 1.85916210299668 5.49599539356567 5.44961683531002
  1702 1.84600338043644 5.46329148799707 5.59826335652461
  1703 1.30381808845882 6.21547315440459 5.46649176624291
  1717 3.66085569174016 6.38346059377030 2.29475450683717
  1719 3.50491347428997 6.79756110682240 2.00752348379020
  1722 3.84210715124754 6.04841612662109 2.18968364446764
  1723 4.25190123355278 6.66941709905821 2.48592208079288
  1724 4.30966872775356 6.09273662384648 2.32829992169063
  1725 3.88093574568942 6.73284025348431 2.46820417924726
  1732 2.35556882130666 6.07823706664336 5.20231458002209
  1736 1.90577309987692 6.15664643974626 5.07291187282886
  1742 6.92071639316618 5.88281008525497 0.41952959028722
  1751 5.38935554462594 4.65010785184331 3.16707914850494
  1762 4.90805991461097 3.64962176481838 4.06840872949928
  1765 5.12899023120440 4.78349650857320 3.44389715466276
  1769 1.85009852553716 0.71874552441535 5.26999453552543
  1772 1.39256264360828 6.91398552807440 5.26346542285922
  1789 5.39213251258163 5.19261499993807 3.23749797032223
  1792 5.15022788319545 5.07927896312766 3.43837375759406
  1795 5.40417265548978 5.68279871433956 2.72470603559268
  1797 4.30429557379549 5.39314264768921 2.87074960795383
  1798 4.86238289967077 5.70191960380074 2.48111027365775
  1800 5.25082477739479 5.20750392775745 3.63781281675071
  1804 2.77284209148834 2.01890315241386 1.26694181888883
  1806 2.50036602464622 1.97159934713868 1.61248415972897
  1809 3.02888437506251 1.87916785026501 2.19420306663130
  1810 2.63885533825626 1.96651895039201 2.00413896763928
  1815 3.03556412947744 3.38007243517430 3.79440863941010
  1822 3.60314322938243 2.18635059613306 3.44767040338648
  1835 5.51551312623258 1.87355397780510 5.66846668555970
  1843 1.93636965333834 4.86958155046423 1.46413727725627
  1854 4.20470877085991 1.06112948263968 0.28013500293626
  1855 4.96004797945944 0.51445628369569 6.60798351891717
  1861 5.79051776833052 2.52614779815658 5.16737869366350
  1862 6.33497287488827 2.51854834967940 5.00990333893184
  1867 4.68986187821202 0.84177980428180 4.40383370622170
  1883 3.39826028906391 2.16011393481728 2.43606242531604
  1884 3.53905706019798 0.57372138058325 2.73865469638940
  1885 3.82833426221839 1.75531188642241 3.02124805873933
  1891 3.94575969737645 0.92498199607700 2.84710030286300
  1894 5.13078517128406 2.13948041037890 4.30566087284968
  1895 5.20672581609520 2.63414267862184 4.60928626085966
  1900 5.07457563517687 2.23603800664892 4.67491660930903
  1901 5.24753252464974 1.93208747319822 4.93449483060692
  1904 6.30596441127597 5.48621818930734 4.47725600531822
  1912 4.48502023512089 0.86332322125259 4.76757565712768
  1913 4.69859831578323 0.81245449601958 5.29858185373016
  1915 4.66861525066560 1.00228957799312 5.02396531377541
  1924 3.43980392947310 2.76458015771976 2.38794972624808
  1926 3.66924219170953 4.11228334709210 1.99304420927800
  1927 3.55391346084192 3.88632735252436 1.84907912816014
  1938 5.74343588200346 6.20418729341530 2.35688480612965
  1939 5.80646450247432 5.82835535425232 2.50247657953657
  1964 0.21467403056367 0.87210981241905 3.80379823192201
  1965 0.69119648882117 0.20151569898016 3.96844985862895
  1971 4.81474136395194 0.21040150300131 2.54966699333506
  1973 3.84409704189660 6.94580753118046 2.94552913913164
  1989 1.45976137596670 1.90800113318823 0.61465414981682
  1996 4.12367551316562 4.96422851778113 2.88973243696481
  2000 5.90362813706674 5.60713093665760 2.28911723571090
  2003 3.06187032682497 3.10719915159363 0.28916507684173
  2008 1.54763680652768 0.67060085051816 0.09999442665676
  2014 2.33467777780609 2.41065684665104 3.10912358123462
  2024 4.31068601923321 2.76211204982149 5.00210100009992
  2025 4.08701374411541 3.45805230369876 4.82832342474581
  2027 4.32659174495545 3.63372714377058 5.52369618732877
  2029 4.27459330110918 2.80963102040956 5.14711045448827
  2030 4.07666837177638 3.30568757500038 5.18731607024450
  2031 4.55097365710912 2.67899278276410 5.05561215958978
  2032 5.07107985657515 2.84537442820994 4.69963552138280
  2034 5.41141531629764 3.29745731400226 4.70342901649196
  2035 4.87488039646208 3.50973289166181 4.38891379135643
  2038 5.32679096020994 2.96080990290948 4.81588626992185
  2043 6.09038972437156 3.73680176174489 2.88390924142941
  2045 6.12688105867409 3.29848692188203 3.02228406966430
  2057 4.48425204851105 4.91826439501135 2.15997337712085
  2058 4.13212007149759 5.18801983297774 2.74155148773463
  2062 1.56496814685118 4.90159067190195 6.48302526426983
  2063 1.54318229290183 4.18253458315645 3.99570577407154
  2071 1.45589095197257 4.32226903203892 3.74541985087247
  2074 1.30216894497797 4.06582463099301 3.49138276993579
  2084 1.47912290084820 4.49959616938010 5.87503723933022
  2085 1.59839135046767 4.82709877048335 6.01200727750218
  2094 0.20329140041408 0.44701482848277 0.20652941235460
  2096 0.70121385029579 1.18046639956442 0.09163047441828
  2097 0.48002965003077 0.82265298192932 6.83829820201260
  2100 0.53140707736021 0.04424960954979 0.31049315294607
  2104 1.24386379821386 0.92265326243594 6.84456624855138
  2106 0.93577072223169 0.22844060601208 4.04220296464323
  2109 6.75904052986685 2.58396385468763 6.32638457757017
  2110 6.55373675185905 2.73421573066351 6.54917959611667
  2111 6.32393226576808 2.33041497488174 6.87846819102900
  2114 0.15172387682297 1.82883857612422 4.35885603047945
  2118 3.85558659855322 4.61581757826865 5.20468323135808
  2119 6.35255769880942 2.40275075906463 0.16621541211159
  2120 6.26229785101992 1.93482695163418 0.74286921956210
  2121 6.82729129221473 1.68370143642241 0.34706421669451
  2122 6.53323641454526 1.43956226938345 0.60250574516790
  2123 6.57554531752903 2.16206125812695 0.47300664975375
  2127 0.67207873801434 1.97579436994876 4.83930927390031
  2135 0.49996476541151 2.00281980266408 5.31519042215462
  2141 0.42391383642804 2.44240101396829 5.40830507117413
  2143 0.61673277097820 0.79894959272455 4.93910540761908
  2146 5.51344845981302 5.91799802615261 0.19453537828736
  2153 5.56566394966505 4.92167296664879 3.06914730098956
  2160 6.28952717787082 5.27938690172302 3.65798440700603
  2161 6.61576522438772 4.87213180384215 3.83266884779245
  2162 0.25540236240509 4.71991897486070 3.92758609595267
  2171 6.76289068855162 2.60918823034471 1.00951084332121
  2173 6.87839179306492 2.49344496087005 0.62059514851197
  2178 5.68620252704409 5.88362626664799 5.40570483039869
  2180 5.92609310036001 5.39900452687329 5.80921389529911
  2182 0.48274451165685 1.55913337416143 6.95992326053703
  2186 0.30257202606674 3.84809200152736 2.56395098878363
  2192 0.21665934827008 3.95604861442540 2.89769428388323
  2203 3.57167246583403 0.73683556311886 3.81909137061645
  2207 4.37055963941739 3.67572498385983 0.43228686624808
  2218 3.97082047065468 4.19021630972221 4.66699384027566
  2221 4.33856805249515 4.83062010261562 4.63404311415844
  2222 4.62638735842216 4.41301472074856 5.63014353365149
  2223 4.23901896763985 4.43076464081678 4.33644928238589
  2225 4.24646031477782 4.32998215726216 5.49885607391933
  2227 4.01921966096051 4.52740581503735 5.06375517402228
  2229 2.46187286678303 3.61354244752408 4.52412623385652
  2230 3.20512129991070 3.49899808975932 4.92832453326213
  2237 0.80380424129464 6.76884281645642 0.08946197851021
  2238 4.68788871920902 2.20762445464109 4.89976454449188
  2251 0.67993653105446 1.39934121668798 0.09393666726929
  2253 5.54069936485437 4.79219029431377 6.38964064215284
  2259 3.65688112042337 3.59363456192825 4.63184847095005
  2260 3.68479228157406 4.09438339385843 4.56576081757494
  2262 3.62241660230568 4.38106042503715 1.73184796329131
  2264 3.72232191096947 4.21470903391217 0.96818182109975
  2265 3.45159891953343 4.20047988639904 1.45208093721299
  2266 2.90659092376396 4.48824265250814 1.32092219552299
  2268 0.60117321124034 0.68406866667283 4.89389188499730
  2269 4.30274227350678 2.08285406261971 4.71412074750899
  2283 6.55580614984206 4.60843094818210 4.03431707254275
  2285 6.93854611663185 4.48539198590948 4.87567205300675
  2288 1.35321700276247 1.42188887999717 6.73974314458132
  2289 6.52827317566491 4.14342054935171 5.92491506978006
  2297 3.04066666543685 3.35421256889449 0.42474443953043
  2298 3.12927514434975 3.30268465377855 0.78822180120784
  2306 3.78292209251548 3.86625192839998 0.85658189446667
  2308 0.91086627803693 0.37134196496741 6.24571885913285
  2312 3.42146027945473 4.01936358669506 1.49204958059517
  2313 3.66364858167280 3.68522543030476 1.05138466538044
  2337 5.29572006021488 1.80446565344564 0.89576088381190
  2366 2.78148115078911 1.05079408105826 1.01833323219687
  2401 0.67683575866603 4.38954958720582 0.93559288019488
  2402 0.35263060040855 4.01967762207508 0.99452718733777
  2425 2.46721249534453 5.82970149884505 5.35024679930821
  2428 4.36435667652186 4.55391123471916 2.61301233123982
  2430 4.53771485032437 4.66537824141505 2.22603195408873
  2436 1.85907803537506 0.05058615179139 4.95633535720555
  2455 3.08782620368157 5.45820221228173 3.39633751651713
  2460 5.52162770320420 3.96536995715566 2.26182451334367
  2461 6.08415639731816 3.76976827016930 2.52127977134155
  2463 4.83477634496008 4.92702623134582 5.93180193419116
  2464 6.14276056551004 0.79744058607174 1.05133778920166
  2466 5.27805302724820 1.35959975859533 4.13300267319593
  2467 5.44760329637212 1.68371252065631 4.35090145206698
  2487 4.91365700880084 6.41427085002759 4.26707276889615
  2493 2.32154219859243 6.73232032314606 6.98489796978227
  2495 2.18485800444941 5.60671914136081 0.45974459156244
  2501 0.69643156042612 5.40170157918351 6.08099865584902
  2502 0.52900121771439 5.80247306891246 5.77794511909894
  2505 6.55797144288597 3.13347608445078 3.72538304879642
  2506 6.63558812372518 3.22828415501097 3.34287808729503
  2507 3.22034952280423 0.84068772213568 1.28106680915348
  2513 3.42648477954328 0.26759440053528 6.75918551087805
  2517 1.98757893948352 3.39713470371974 2.36626717300761
  2531 1.54049826137429 3.90977520957508 6.17929197868423
  2533 1.36365662236882 4.29333329608510 6.15107908281000
  2540 3.06963580915179 1.75336139876838 3.12016379722989
  2541 2.99865139671359 1.93430560204958 2.94925336513416
  2546 6.48744364546365 0.23327651435455 3.88699154924114
  2548 6.62057213898976 0.49908250151849 4.06489524605302
  2561 4.26313585590220 3.72857862334261 4.84910764722803
  2584 4.10285114150475 6.35888725430214 6.37157403740939
  2586 6.00105473503142 6.13007403923341 1.62093115162916
  2587 6.02115459788297 5.77338888097906 1.71944858405886
  2588 3.41627400829416 1.74531456076990 1.99001919687710
  2612 0.40950885742480 3.41433853381560 3.02888924973013
  2620 0.81549132287697 4.74724003257988 1.88002808020268
  2621 1.37443153945263 4.94084113276875 2.05597941336423
  2624 5.98629279088398 1.07025405589373 6.24060239044439
  2632 4.58183260173968 6.94715991449293 1.01251399906578
  2645 1.38399516424750 1.77816622800965 1.47377873724543
  2652 1.12793549411787 2.30206377814053 3.61558955533263
  2664 0.49927267163453 6.80198969274269 0.28188473610069
  2670 2.52630853390561 0.68154324871890 6.30260715749997
  2683 4.00579962551967 3.71043120913763 5.84949792544690
  2692 5.50056373015272 3.45821545085342 5.38506965104833
  2694 5.51588597598838 3.59062382067497 5.04142201793716
  2701 3.28995765708772 2.51450966953345 4.41249230762711
  2704 3.84803841978250 5.44512970646435 4.52689697718922
  2709 3.19559747547990 1.23392783030408 6.19987294201005
  2714 2.30240421629238 0.27315266609317 0.97995587264845
  2716 0.76493792796584 5.83338693736113 1.15921903758905
  2732 0.78472957304816 4.32202082770548 5.69223287035932
  2733 0.70604384878918 4.20732749596429 5.58039596521864
  2738 0.10561567435500 4.43787658256356 4.13740933689574
  2739 0.22573746668541 4.36062965043626 4.54867455593051
  2740 6.86847499473194 6.89337981056090 6.96145078847266
  2745 3.47509557686084 1.11055406923102 1.95788233584228
  2753 5.68922934013721 1.85146536693166 2.34269508805497
  2756 6.38201277889047 1.01141920891064 6.84315156406158
  2758 6.55263268018846 1.86283086556912 6.03402218279419
  2759 6.62015792888616 2.58971627081409 6.00600704272369
  2763 5.11250797897407 0.89484702900921 6.48281852490367
  2778 1.09723216211297 0.40038971006075 4.38900092089271
  2779 0.37222693692679 2.29873876643683 2.54848620004842
  2780 0.56623654737904 2.31595122816827 2.20937656158508
  2795 2.76980419219060 6.97223637198353 5.03507905448546
  2796 2.83080949670539 0.07010390500149 4.57230088638972
  2800 0.59075658918972 1.85663749696020 6.56013338900412
  2802 0.66047015547076 1.85517169319432 6.75024568214817
  2803 0.88572586873765 0.58276594655338 5.77833760265495
  2812 0.66774878175721 4.94082874954094 1.24057988833213
  2815 0.40676829065281 1.70166150136675 4.64109262041830
  2821 3.91390273031131 6.49563664633326 5.05092741174602
  2822 4.02201674674745 0.13838362077456 5.18597382341346
  2826 3.55059674472144 1.24483326596672 4.25955748893189
  2827 0.81922329968465 5.33588073304847 4.88087833993670
  2832 6.58433112547702 6.68535165317777 4.05353467461740
  2833 1.32378933831690 2.21716841488118 4.63147059065625
  2834 1.44253887092887 2.22512524951997 4.39756504921239
  2845 0.56431717845803 5.36239402011834 6.45196589635147
  2846 0.22025706836009 5.81295437840911 6.61482917517780
  2854 1.20856540010858 6.13720186715478 5.83955555106633
  2855 1.45121576812817 5.77609579538800 6.03885349778814
  2858 0.42272984756202 6.58804082690390 3.24105921730444
  2860 1.37934729121324 3.38281600482082 4.37708944900808
  2866 0.98422773463967 1.84085263113940 6.76938688985612
  2867 1.06229601224986 1.65364135245014 6.92161956751916
  2870 3.11076105743938 4.88845032161811 3.56529723089530
  2871 3.34062832881736 4.85768700330506 3.01073041873022
  2874 1.95270281767531 6.78552531537129 6.87408940049471
  2878 3.72260967185644 6.17570446425060 6.30260103497945
  2881 4.09672052515132 5.18917597398688 4.11816740704470
  2882 0.25515405189799 3.15006513275354 6.18092711608722
  2883 0.13567220426280 2.80618870399441 6.11243667183940
  2886 0.79609799339914 6.23029965244315 0.93682540604334
  2888 4.70629115811188 3.24470082764249 4.37204833478683
  2889 4.23699549590249 3.17743028386414 4.61833149007803
  2891 6.84076738004323 1.96051843287798 1.74494326921287
  2898 3.98621339657414 4.40373546604053 0.98308594397224
  2901 5.92611100564179 0.08901455317314 6.94201698528692
  2904 5.21670037670102 1.08982343118517 4.76867021095006
  2915 3.51008809256373 1.44599704665711 5.04751265046309
  2916 3.70431287762677 1.16955822455134 4.69604922951632
  2921 4.46854465203042 1.05510896395635 0.66155385278634
  2930 5.94661743886646 1.74515064299510 4.16241944326039
  2933 5.45595397818523 0.48885418883326 6.01876894478006
  2941 6.45643261230204 4.91860973438818 3.39113551767123
  2942 6.28262905883100 4.73876044845652 3.21339460073326
  2966 5.61446262417263 2.76368196296961 2.89226963028264
  2967 0.50471158622452 0.24137301531228 1.05564575889161
  2968 0.42318449756383 6.93208222406118 1.21495856622225
  2969 5.25866666022107 3.81579210803177 6.47628946912674
  2980 2.96544708363432 2.94741589726276 3.61638679173075
  2981 2.56390297774296 2.93139439086757 3.38227345978809
  2982 5.74553623220651 5.05209320564823 6.60741827892664
  2989 4.22064787357093 3.49920948399604 6.34139634510267
  2992 6.25247017942695 4.00406976721920 6.43241750843972
  2994 2.75061747708314 5.30432878945385 2.45834494220382
  2997 5.98729679391302 2.24208736654454 3.91907835145947
  2999 5.63005433758839 5.67304443551736 5.58185510701765
  3001 3.64796037975021 6.13979528101861 0.75988255822628
  3002 6.44566726636982 5.36964030481935 3.94840097979569
  3003 6.39079497221630 5.21871764612293 3.90755023587852
  3004 1.49377767051881 4.74832645197031 6.58713891743169
  3005 1.03463261106073 4.86607141950763 6.97731220640207
  3016 2.71668669820520 5.26819972045643 4.73920294250029
  3017 2.44035125851203 5.01370841465663 4.91491520361868
  3020 2.58201055691875 4.23337894689290 4.76599235225404
  3021 2.55792614057074 3.93404775608448 4.87840608946690
  3026 4.05091402601310 2.60957507256390 3.37677238287091
  3027 4.21868710273789 2.67715095481315 3.66844026426270
  3036 1.82443278079700 0.31966139823682 6.34694127809395
  3048 3.08274604143869 6.57054928121624 6.34912010247866
  3053 3.49466555127845 5.82665087512313 0.65318546935653
  3055 1.18622491354943 6.80787727044974 4.32389271518050
  3058 6.50053706013456 0.32810332907385 1.00068411995373
  3059 6.60843338327282 0.58041809351448 0.69551276480551
  3064 6.80308578220061 1.49777619613077 6.86394078321424
  3065 0.25871084514945 1.42087864439113 6.72018124273986
  3068 2.12859214072719 5.43000139484852 5.58880158665830
  3069 2.13247585115204 5.45598867625741 5.47076478452640
  3070 2.10266833445485 0.94101600752108 0.21304657622978
  3071 2.01921581621497 1.40510345795426 0.08040049616714
  3073 4.30981303479402 3.44778237879901 2.56702212883441
  3079 0.95676616368572 2.41103190091412 3.26368062195231
  3084 3.60598100174016 3.39033746068266 4.33200977995385
  3085 3.99345538782986 3.08471306233329 4.32765094383600
  3094 1.50147730343722 3.81219925198471 1.51102596540628
  3097 5.29630189546012 2.02964671046454 6.57368580744436
  3098 5.56435357976803 1.86616069917303 6.70833058184344
  3101 5.30118230908169 3.86357797918078 5.06121668931792
  3102 4.77959537471931 3.74846948340154 4.55634448136723
  3113 5.75660263571943 2.23503923454166 6.91572666796985
  3114 5.86797825431899 2.33024200858688 0.28591514433208
  3127 3.55177988025607 5.76799342607456 3.86375885854942
  3128 5.06387937547981 6.34116111694622 4.45510924228672
  3134 6.06696405585126 3.43636152968569 2.34664297695593
  3135 6.09485784077619 3.10892656550925 2.76517969061663
  3136 6.89209870255667 6.25195004527232 0.55195331216734
  3137 0.18907313486216 6.63211459570395 0.11212576744765
  3145 2.24148893358158 5.20656885735413 0.60300536807281
  3147 0.98681624115480 3.79084519099423 1.66042280408143
  3153 4.30474945885365 5.09449859313197 4.55991778397842
  3154 6.41517755995650 0.19539312911790 2.59131058128557
  3155 6.47185625354079 6.83181173813630 2.51493942893668
  3157 6.01675914160733 5.82213861660996 4.61003490894003
  3162 1.51912303991663 6.61660573850513 5.45057291733062
  3164 3.29450895507888 2.11171193346720 2.93300104626979
  3165 3.41903516712296 1.97538082139331 3.10133374756366
  3166 0.56630688974118 1.50723060434483 4.52913461785810
  3167 0.51022085587439 0.84319412455253 4.89129825165472
  3174 4.90364604730970 4.92950062336240 4.74782341979069
  3180 4.96761040615459 5.92945310434842 6.51927342677795
  3185 5.43249927252116 3.46874747178212 3.48349989193644
  3187 3.05579418936247 2.39301291181614 6.32486503099529
  3189 0.95414271526354 3.20724326724159 6.06687641907317
  3190 1.04704879432623 3.44915838262714 5.86444356629821
  3191 6.64304118931807 1.70142454909904 5.79408380233348
  3192 6.79503594371873 2.00073842324143 5.40529118268368
  3194 5.43382861258382 0.57539348639051 2.47426411717158
  3199 3.03158119009340 3.61083682752834 5.45655682694808
  3203 0.50644203089488 3.67026011017094 6.92071052871400
  3211 1.25241329191721 3.77963184930664 6.17595598918352
  3212 1.10156281744457 4.17416911574122 6.15038269089209
  3215 1.30870298394552 4.38184596873319 4.42855384858447
  3217 5.65922594549441 4.26138284925390 0.47666058844525
  3218 6.04187198009827 4.37861824118423 0.19393142351206
  3223 0.35125752757215 3.87869911018678 1.26213406270616
  3226 3.11754513527352 5.00700078203920 2.47499734840789
  3227 3.34040806247403 5.00046634511270 2.94321261325931
  3229 2.31670314284293 3.67039532042405 3.06978930397427
  3234 1.02232729513763 6.06175304563685 1.43720440396888
  3235 6.39955511935212 6.87496139864365 0.20008785068411
  3239 6.34227426030769 2.50873900078042 2.68215973642252
  3241 0.57468670669570 1.78699890644771 3.57649181839644
  3251 2.25858420296784 2.39278526922911 3.21361097465051
  3263 2.30208775774550 1.51363173968291 1.47608177471250
  3268 3.55220367438238 5.43317895194399 0.75517420807012
  3269 3.90546736112560 5.27213494591181 0.81778108051620
  3272 0.59041036479036 3.55917115596155 0.59742660518001
  3281 5.53082644150597 2.72465697583429 0.48648270307595
  3282 0.84568712275075 0.83787130610173 5.69052145205091
  3287 3.69694389364088 0.02117929466786 2.16424180530840
  3289 3.46233937882695 0.56337431092011 2.47430250773657
  3293 1.72728372285198 2.39532271735470 1.90599395049790
  3296 2.85659703175960 5.46632887305699 3.68570262557502
  3300 5.90801651907902 2.72039461434420 4.07289756556494
  3301 5.95421415200405 3.07851251603297 3.88741723638366
  3302 5.44434395778323 3.64848532373774 3.86522740996389
  3312 2.56456779052387 4.85180361907202 6.13440469340990
  3319 1.48085003834389 0.61357144692372 0.63599225578909
  3322 0.11834269940743 1.45160707167746 1.49943038274157
  3331 2.52566918486613 0.06222257796256 4.34986448661041
  3333 4.78367904980437 2.49943587600474 1.74066951364331
  3334 2.73503984586536 4.86535854338644 2.32603341501881
  3335 3.06769568888418 4.84953802829512 2.41435967878638
  3336 1.84457749208804 6.58098403049604 5.24436363963797
  3341 4.19372071059828 3.11960368213344 3.89739732802389
  3342 1.03363262821950 2.98950358332441 5.11965833942158
  3348 6.89494368640555 5.77930713536404 1.49671870675830
  3349 6.62673804149351 5.44672358512951 1.54169241661084
  3355 0.20742393008174 2.36371401927060 0.57861686261373
  3356 0.19957581312108 1.72961680637374 0.39905509290153
  3361 3.22459429317523 1.43358400492840 5.93976385414287
  3362 3.21273071729752 6.72921315360019 0.68887860656778
  3363 3.43539193646286 6.41718858108324 0.52117580124394
  3366 6.13965373395192 3.66789940402202 4.29107733683361
  3374 5.98271046921229 3.44842897708636 6.45434069291083
  3376 6.04994389788305 2.97947361457383 6.26042803696137
  3378 5.76393437918865 6.83466569139648 1.05406503683321
  3386 0.32001112480703 0.00903227204173 2.88186888976947
  3387 0.19711160462986 0.58684543476145 2.96590476386325
  3395 5.45352881055362 2.79751499458548 4.74971684518321
  3396 4.40174183792633 3.81626503377435 5.41223389573612
  3398 4.44032895716743 1.51945065758245 6.65950467030385
  3399 4.22725277775932 1.11531342822750 6.76630760501112
  3400 0.63424976355772 5.91034530871523 3.73045910651256
  3401 0.45601433965636 5.69365086438126 3.73785185791721
  3406 2.41091778288886 0.76768317615845 0.66260444847456
  3407 2.15240513329582 0.90960370389232 0.62928530730761
  3410 1.86591894205322 0.96391873522392 1.94934337271394
  3413 6.13116198514930 6.55132285947690 2.72053715243811
  3415 6.84860574783946 0.87020168986584 3.71483355615082
  3416 4.02636568931068 0.28979250688969 4.88464889845389
  3417 3.95942402625875 6.95994461736274 4.51849575242106
  3431 6.39788421947081 6.22653642452045 4.97985962824024
  3432 4.51461864716712 6.36180993494127 4.24795569347496
  3437 4.74164735024502 5.01876535526134 0.23090655743301
  3438 6.45427681251959 0.80603255465030 4.77017110146369
  3439 6.71681625655421 0.69128807371808 4.97090104373953
  3442 3.55169927252130 3.22871216290815 5.46623299943669
  3443 3.21283720993446 3.32504157291030 5.28968025113261
  3444 6.61272230603062 6.26265089795852 1.56531915112307
  3445 6.81546476937001 6.67734587412992 1.89893359758434
  3446 5.43059380930142 0.82147708709867 6.08885880911621
  3447 5.33989664984340 0.97423872444800 5.81433271901690
  3450 6.92756438514150 6.57775137783223 3.60613824450544
  3452 3.92404137035407 1.81021118507152 3.14357209132810
  3457 5.18025181452995 0.13919094846002 2.44755535919210
  3464 3.32547691547862 1.22507965431830 5.30569930041872
  3467 0.96076051291847 5.73654947856303 2.29502976375928
  3468 0.78882770803014 6.05710880578416 1.95944399830504
  3469 0.37771530694193 3.60536341425801 1.18926763462078
  3474 1.00842961359865 2.63657584552927 4.65022594891027
  3475 1.19251756493010 0.04000591841854 4.18492969738611
  3476 1.48900685669882 6.90845378013138 3.57916908458963
  3488 1.59735226701610 4.08610106974895 3.07637021911526
  3492 5.70921800176445 5.57629488613954 4.78248033450710
  3494 4.68030891154683 4.29673293485571 6.92743206735467
  3498 2.11853829832245 2.59918383003986 4.34516819842587
  3503 3.37298742853156 6.90779195905969 3.41924171123040
  3509 1.83915657853018 2.93805671704580 3.65101610162162
  3510 1.85697057280883 6.51627492997596 6.39056395385132
  3513 1.56218465506017 3.47686797427500 1.31602052099327
  3515 6.17723954345263 0.85643959502776 0.31371400971535
  3516 6.18683382876899 0.99880965143791 0.24356029833795
  3518 3.37672435828936 0.89823412646059 4.12976982855598
  3519 4.00221193358056 3.20282463939094 6.44782434970402
  3520 3.86828626191219 3.24183241381198 6.78522638890625
  3521 6.46817220954024 5.65843496277845 1.75210897545060
  3522 6.74622346088524 5.93402841980892 1.67402900740596
  3527 2.51434180927291 3.73684762430368 2.09896805221748
  3528 2.69996766266076 3.63462338285756 1.90594870863543
  3533 0.85379493047286 3.47664455478649 2.37842553802339
  3543 3.65367027207416 5.95085278597026 5.84731876610919
  3548 3.20304062917145 3.74092276125317 5.75813553587466
  3549 3.57497305032416 3.44517365836569 5.79251129428325
  3550 2.21549286139523 1.02186867607407 2.18427296530421
  3552 4.74871115326361 5.45319311056260 6.57998055697599
  3553 5.01211738149048 5.18552906279923 6.79330199594847
  3554 2.46646095441158 1.45622230008634 1.10288459230251
  3555 2.11085204388932 1.35076521031249 0.85745835971573
  3564 4.10147096028033 0.45607294736409 0.72471974344181
  3566 4.36718719062604 0.81409790632589 0.50978491635806
  3568 0.20401116127429 3.18035919343671 6.38977742821247
  3571 4.25647413994860 5.47312013777104 0.58745896689248
  3572 4.39652167137709 5.15767178541173 0.23435007888416
  3578 3.02016199051090 6.87667215609602 3.36864538149399
  3580 4.70251873948284 5.99508084899142 1.96196860202331
  3585 2.26027347831208 1.54283010843490 6.83094562401782
  3589 3.27553637188850 6.66958732667337 4.22619165435090
  3591 3.62246161751562 0.07357542661770 4.28147091408567
  3600 4.14598601232274 1.41384841440658 4.24484343523622
  3601 1.95035378662513 2.21467139536348 4.83418939035360
  3602 1.69134161767920 2.21234206596282 4.96873414475108
  3603 2.27560505687252 5.47788633019645 6.95232609971141
  3606 4.08837321654672 5.29823472317763 4.74356301315847
  3608 2.03236167025917 1.65794844018960 6.53481123837575
  3610 0.21862951519748 4.90802462397841 6.51238642447380
  3611 3.97034020251808 6.86041322963142 6.65516452006708
  3612 3.68639446434979 6.86526997115683 6.77946440250004
  3617 1.75058250291049 6.92813054801957 4.81802966557178
  3618 1.75738899444051 6.93176292188841 4.97620312522590
  3620 1.70195921635388 6.00473631832218 2.62872025394381
  3622 5.23581077033851 0.02767455082097 6.85757281671645
  3623 5.35837777084678 6.99617912040047 6.41824878018076
  3628 2.97506157675446 3.18112490320014 2.40388919079284
  3629 2.94750938603740 3.53061209403872 2.33010484966055
  3642 0.64568487150468 1.54779817620707 2.78883161055786
  3643 0.23641600704158 1.04335442430171 2.47372812480639
  3644 2.52264889505780 3.11432150994062 2.61685171209803
  3645 2.61959352071326 2.82204984732981 3.12739043240310
  3649 5.21093649743933 6.26933265693904 0.28390281064837
  3650 3.04202562562675 0.17564891719646 6.54411224199425
  3651 2.96966394787156 0.42465858595944 6.21594178088879
  3653 4.44522209137067 6.44393239372062 1.22511258319245
  3658 4.52992762969277 2.61748800951096 3.55462954029790
  3664 0.32786566013039 4.84506449379863 2.15121235844913
  3665 0.50079680408984 5.00589338834168 1.97759723060452
  3679 4.47128510813980 3.53527831442441 0.52163093845485
  3688 6.75822469037243 5.64443629199247 4.69537029609156
  3690 5.21048012353732 6.79200123706746 4.63363387912675
  3691 5.73102566342336 6.98462102183310 4.65882785399223
  3695 6.11816747168511 4.74414772711319 0.16335230879982
  3696 6.08145160249139 4.77645411844213 6.80870997229893
  3701 2.88829256784884 0.87043443193736 3.50424666936939
  3704 0.66250500641338 2.84765341948723 3.37593037652916
  3712 3.12708349060224 2.28616929479131 6.03490764034694
  3713 3.41630636976237 1.81984262810214 6.09323697121858
  3716 4.53030058151038 6.45331215584842 1.01154416050784
  3717 4.86489440595061 6.24719906790651 0.95533745676206
  3719 3.07503699471601 6.66370589110764 4.29687503740446
  3720 5.43760585568131 4.98512816409436 4.25071864131633
  3721 6.08536065824183 5.03035721700317 4.39067211304348
  3736 1.38135418691230 2.60316167883870 6.84524548976565
  3737 1.58996967410584 2.70913474579244 0.20197974435966
  3740 5.43100248372483 6.84353333521467 0.79019716138919
  3742 1.97478681078210 0.33885704558319 1.06034301264370
  3743 1.86589963469567 0.74676441950535 0.83348670366492
  3748 5.14599815319036 0.47877992592330 1.46566397310992
  3749 5.41114208287917 0.31459627695409 1.78386208389378
  3750 3.82753039609918 1.14234965448453 3.09761948184219
  3752 1.18866383898079 1.96177277431643 1.09806326050386
  3753 1.26851557627569 1.75766428706236 0.88162594212334
  3755 1.29842850079215 6.42748934390502 6.13166770003757
  3759 4.26720490981226 0.73194053288754 1.79147748546358
  3761 4.35277515044463 0.35512687171457 1.79425086064426
  3764 6.18685552558342 4.75549439570878 4.46184332417126
  3766 4.89221781639617 4.03858526064684 1.41642758122471
  3768 0.28288538549555 6.09047254242492 5.81391674811422
  3769 0.39992442616602 6.23262276561489 5.75805414165510
  3775 4.06935753290471 1.26241783312413 4.68025008433591
  3777 3.73900658163397 0.91178887072940 2.12473315584469
  3779 3.54229520759211 1.05987807296127 1.53205170042781
  3784 4.73521941399944 4.20410584362483 0.01205533783840
  3785 4.65480204472955 3.95708319960082 0.01514455386600
  3788 5.41083139616466 4.05284098612099 1.92463927687533
  3792 4.86062125089672 6.24152867638450 1.82250886740600
  3796 2.36886202143574 3.44910619561477 3.41629916651355
  3799 2.00195562233618 6.43971699601633 3.46611804571607
  3800 0.24926290321420 6.95950930695934 5.90165342963509
  3801 0.69326934674685 0.46550274102692 6.06407943244861
  3802 6.68739986924883 5.60508571858543 6.76026510968785
  3803 6.65886761186189 5.11972669151362 6.71696702161202
  3804 1.85750555621643 1.60392411345228 3.49707229321021
  3806 5.55285870724417 6.75949645697748 0.37826287714858
  3807 5.49993376728591 0.07859388342706 0.11561898240529
  3818 4.21675942133269 3.82794019102384 6.72316656180172
  3819 3.96937808056905 3.60786397820493 6.95571735240238
  3820 1.50180698984542 1.46973446082355 1.39717688729836
  3822 1.47909751703920 1.39396574315446 1.13821484515905
  3828 3.21389964533235 1.83353017625529 0.36893651737918
  3829 2.74808082706474 2.15165860536422 0.62341926011219
  3831 5.12226086287467 2.52511494018666 2.36882861856401
  3841 4.66209206149601 4.34961936700376 1.28838620871018
  3842 4.32571472308737 4.24117029625230 0.88722916438930
  3843 2.68510127625937 5.21057046810306 1.08330661248853
  3844 2.86440434404753 5.08921337561825 1.05495522536415
  3848 0.08173855800441 1.26836771146444 0.89074113959823
  3852 1.35201847582187 0.95792041446552 3.21697459344144
  3853 1.73531577499567 1.12573908360773 3.36640295665197
  3854 3.51797646736510 6.84105228551763 3.65961818125277
  3855 3.73084337457457 0.14264250681269 3.94746107243230
  3863 3.13697340278615 3.16888495331206 4.33972454591316
  3865 2.97259731812156 3.22312636561832 4.56103324113703
  3866 2.78288156101432 6.89588431950603 1.72135448187374
  3871 6.80865233712541 2.61269428355579 3.67234410438622
  3873 5.81712316591016 6.18273256264685 3.84627948443824
  3876 0.92908888020202 5.00257260947529 6.97801174946050
  3886 5.71891648079208 5.79826713310190 6.55784222532092
  3887 5.95066474244665 5.39288674727042 6.35636572119009
  3888 4.67863127231405 1.15282628277474 6.37242413168848
  3893 6.80974892168750 3.63643458331344 3.35283989115446
  3894 3.12152815335299 0.97829994550334 2.15841169915622
  3895 3.36808176628939 0.58483092143971 2.48918109633637
  3903 6.48180248336037 5.73851721358793 6.55780782089048
  3906 3.53313361526518 4.52010076386263 6.76441395715467
  3910 0.33387557434588 0.77643421395935 6.23214957923090
  3911 1.91826936580370 2.22655679353245 4.50592411170862
  3915 0.17756275874144 1.77972651097894 5.31120953709509
  3922 5.55090519426467 5.61853554850503 3.34028734836631
  3923 5.49317090463524 5.31542951664768 3.41025211558268
  3924 2.53534188535625 4.59708580819870 2.48612388723584
  3929 2.99010149319234 1.31126360457001 3.02902354681701
  3931 1.29271994821432 5.87217038005902 6.91474499050198
  3933 1.37807280847890 5.89384197756992 0.14849692328483
  3934 1.05167433126536 6.90892753562720 5.06007763961245
  3936 0.70360003169873 0.25370831693852 5.26411927515306
  3942 5.92845040829760 1.73102942562278 5.13301287961789
  3943 5.61839237056981 1.99906149454003 5.22215437065915
  3945 1.10127789105844 0.95798299321841 0.87851237651873
  3946 4.34882104636636 0.21566172266098 0.62279999828915
  3947 4.61354160896348 0.49408977461431 0.41010250044689
  3950 3.68601958367803 0.75099208099252 6.47308056012871
  3951 3.40093329264197 0.84029183221368 6.15277777534912
  3952 1.50204398773214 6.72375563180259 5.98153422210830
  3953 1.80201338547389 6.75838556647930 6.12902523882810
  3955 0.38950396466467 1.48852940440262 3.96369887754487
  3956 4.61358135756922 6.26532475055768 3.15854371702116
  3958 4.49730281113851 5.84398157833434 2.67171767559046
  3961 1.23406440219983 0.66956171658624 6.69054365324472
  3966 4.30972730820172 5.43591494272050 6.82664607617022
  3967 2.39281330365605 3.24508373759832 6.25363564343627
  3975 4.58661920201205 0.03971634749059 2.15509899289395
  3976 4.77873741239732 6.93038268643665 1.93653513167533
  3981 1.52712411547647 4.55707958468383 2.41592789571925
  3985 3.75485571579379 2.76653095280773 2.15423708405221
  3991 4.21370782489298 4.80892360087890 0.24785644195366
  3992 4.60726055222994 4.58852522857301 0.23633726945190
  3995 2.26171779651282 1.02527681578166 3.09473795032299
  3996 2.23179829961000 1.20183970842193 2.43219343126465
  4003 2.73109514973582 4.19344572826150 6.27754204862585
  4005 1.26667341564363 0.17428460856506 4.39205498983249
  4006 3.61636550749296 5.29057161806825 2.14840963029157
  4007 3.93170324913772 5.28520511665041 2.70950287936555
  4008 1.26256241160668 6.20665918866803 6.84769461754908
  4009 1.36630574536871 6.30623293686940 0.13372713584994
  4010 6.43527688673012 4.05098353085449 2.48433985922996
  4011 6.56264929442365 4.12022259443935 2.87401682493273
  4012 4.03624633892765 1.13047317704900 2.39985574587705
  4013 4.34433495677428 1.05421615909029 2.27802415194859
  4015 4.43905437957476 1.20364280070050 4.06443320793022
  4024 5.23757048329078 6.11228841193556 3.74702271181177
  4026 0.57483562108280 6.81539014557949 3.17444224211402
  4027 0.92180527111021 6.74005176505825 3.04800000900012
  4029 5.63395819338308 3.90774681856952 3.11857922138458
  4030 1.82572967916510 1.33595723554260 1.38900306379494
  4031 1.79779165630852 1.26367300649428 1.11608917972250
  4032 4.24253007993397 6.92386428531768 3.13304484752140
  4034 4.42942297281129 6.78935548717885 2.98869635908141
  4041 1.31241063058141 2.55437652680681 0.33667374781789
  4043 1.48912221172346 2.22223322115029 0.67508290344664
  4044 1.13452661785169 0.54384613692905 5.83338434694844
  4054 0.73293621557201 2.07921642345729 2.79992692149471
  4055 2.40833620998010 3.42161398613341 2.59185924605194
  4056 2.67543852152548 3.65464670533282 2.39405448632206
  4057 4.16031942351607 3.75444300780196 2.77931132865353
  4059 3.73854715673532 3.77127210631383 3.04135842389973
  4062 0.91580191307856 4.43313223787381 1.23877224569389
  4063 0.90749903255443 4.73468344156177 1.38485574627341
  4071 3.84700736093496 2.57995921855558 4.38977778251296
  4072 4.03605444649150 2.41366953395711 4.79268197373878
  4073 0.26713589260975 3.69876950502558 3.15825225983590
  4076 0.75658209552227 2.96328456004964 1.94714495915563
  4077 4.99037587005089 1.03284863085809 1.41315836870160
  4080 5.48499145713951 4.34643436817038 4.96425346066836
  4082 3.39457957534933 5.81281750514605 1.29752442769964
  4085 5.23878918467132 5.87643035030897 2.66814732417059
  4088 1.45936102499040 2.39348196451966 6.59435946987570
  4089 2.08607380525755 2.07632747811448 6.51155998736358
  4097 5.89053356671487 0.31124226533318 6.13786115941572
  4099 3.96552621053944 0.79312864106933 1.47625729906489
  4103 2.67632664917914 0.14895583973192 2.66307501263782
  4104 2.89663638656115 0.26924492319141 2.28590409016542
  4105 3.58790830071255 5.38728092086435 6.34060324468792
  4106 3.58176229310699 5.56499576233513 5.85860481396088
  4114 2.17707729887427 5.52309730838313 3.09257842112898
  4116 4.53944781268461 1.92898664207386 0.05291100895479
  4119 1.51308427383044 5.06975306821922 2.71937216385651
  4120 1.54507902853893 4.60305981489498 2.55760754318498
  4121 2.51418855173668 6.41218346085433 1.91830031187354
  4123 1.94148493172692 5.98774341857394 3.07865299919569
  4125 6.43188286431556 3.99365144348873 3.04476224294944
  4129 3.01324478274122 5.28282311294855 3.71149088535436
  4130 3.02630504174412 5.40449569223928 3.65256602739593
  4131 4.95044208576265 2.50077115812921 0.76217570598606
  4133 6.93511934317930 5.33591583840774 5.44692310600326
  4134 6.90443979356522 5.21198843868991 5.07122836335990
  4136 3.90546560966361 4.20503613164531 5.85128975076508
  4137 6.02181371362225 6.46604723128186 3.70526716687831
  4138 6.23521172916347 6.74915516546901 4.05123013618766
  4145 5.76239594890499 0.21218622822898 1.25784087954810
  4146 5.74331786137492 0.16068980131760 1.61628901322061
  4147 0.02859570864444 6.26607583483539 0.83620898255551
  4148 0.41186352137688 6.52487831051330 0.83929826414541
  4149 5.68832132693787 6.33675233451286 1.48011827448580
  4150 5.70268710898872 6.44611970515347 1.72295666215874
  4151 0.92391397970389 5.33465832622009 6.71943039694111
  4152 0.91170603103433 5.56761954893303 6.92604294270353
  4153 6.04339539670236 6.62218941106788 4.43556263348385
  4154 5.78286187510784 6.19022101961688 4.26316168292954
  4155 2.52590216605005 1.27324191285153 6.76882138493707
  4156 2.59526959711026 1.09010197613014 6.29560690458881
  4160 5.15393347605867 0.97489088071365 4.43418990829799
  4162 4.23525446431518 5.51985756001025 2.88287256630018
  4165 1.73746602124779 2.88740048971673 4.08105017095375
  4166 1.71389608991181 3.31437153292035 4.24281023252563
  4173 0.88361567094590 2.23532087206647 5.97004924855826
  4174 0.66500143326570 2.54605268580032 5.83699996445173
  4178 3.58167375411380 5.70548350063104 0.57352007902781
  4180 6.39699498345959 6.26318801829612 2.97093452958868
  4183 0.55015685456592 3.24049729915860 6.66504307444200
  4184 0.53580030015763 2.73259113116369 0.10165807466984
  4187 2.15665752797676 2.18314498556807 6.19855328683010
  4188 1.71395420316164 2.62990317327025 6.05006519252305
  4191 0.88267586659108 0.40330628259023 1.15367707622736
  4192 1.43372408358684 6.96890442396937 1.57090766359515
  4193 2.66624536481189 6.71826185604460 4.04597059192823
  4194 2.44320051783099 6.34112250538584 3.97424032445920
  4197 3.30134396641035 6.21786600357896 4.92031163778525
  4198 1.08962167672678 2.79418429397383 4.29800581267711
  4199 1.31732134249408 2.59861138937578 4.14769567474730
  4201 4.67275715172985 1.41055183376555 1.72968305851020
  4202 4.58102566162589 1.39429227529333 2.19128060811688
  4204 3.69062156408590 4.63268343504477 6.52827019088900
  4205 4.00195461810657 4.37510699685329 6.12581299414553
  4208 5.82380297897915 2.90507027906307 4.51227153866291
  4209 5.79831582148973 3.27614584611556 4.48151000361718
  4210 5.66465929253894 3.16567887424432 3.44346548884065
  4211 5.44952276823221 2.88339753536276 3.32909525038907
  4215 2.30635794399284 2.69828919965886 3.52256072862972
  4217 4.26037332057619 3.79976586796929 0.76749450197664
  4218 0.17970513030141 1.06268526145080 5.08925033887644
  4219 0.16178769905823 1.58816087240221 4.88330534220087
  4226 6.28227949078221 2.22660093353221 2.26766141285689
  4227 6.30539005901185 2.45225039391929 1.92439414211678
  4230 5.99802946741934 4.37595024674440 6.75385553427641
  4231 5.71571464356407 4.30879623278572 6.55415989136240
  4236 2.63267632374814 0.16900368500949 1.65459045021001
  4237 6.20367162172589 2.48931154354319 4.05835200405707
  4238 6.71492429187124 2.69810451411362 3.83099908020273
  4239 4.38656748871714 5.42627532712224 3.80154435394505
  4240 4.47371963834070 5.15361915487787 3.36334511862986
  4241 3.42744225387607 0.63641084953801 0.34929671755482
  4243 3.62771413115818 0.39424655468547 0.61365290248789
  4244 5.71798701607230 4.25755553126408 3.36915964506461
  4247 5.94103123322068 4.35907206700454 4.78680863423035
  4248 5.93497102790866 4.51611616534536 4.45698985383298
  4250 3.89080147936057 1.38259491355025 4.05100578688407
  4251 4.96670199636952 5.49057447634763 3.94127140182944
  4254 0.54213492588665 3.86712771702836 3.51335204002418
  4259 2.41284094332771 6.40965681837004 3.67999271126734
  4260 2.63289772716006 6.78543194920277 3.77381373627674
  4262 3.87838482329478 5.15783499263530 6.38134078577644
  4264 2.56243788209562 1.04193847873742 5.18683750994137
  4265 1.71734126812586 1.55108813823315 2.58120953873012
  4267 4.83258426783629 3.70858606328165 1.24444012282831
  4268 4.38609368914450 3.63396712387387 0.85232664737407
  4269 5.59294003317770 3.00995616035830 1.04325146357405
  4273 1.70196374015865 5.03564361961694 1.59233200375257
  4275 0.36869365259298 4.44305968310657 4.62666966758960
  4278 0.34593289279729 1.57438796553567 0.61996687795753
  4279 0.64976293523437 1.38421830498176 0.44701318506112
  4280 2.00283312859573 4.32340106648922 1.97247587810951
  4282 2.06882252123500 4.51732391416217 1.56969767209387
  4285 6.81022969674319 1.51959185700811 1.59244832923172
  4286 6.63930254456547 0.91771263594370 5.70121640048552
  4288 3.32828121114617 0.35662252252840 0.21060996335704
  4289 3.49680994874565 0.12879701941353 0.43514336557387
  4290 6.30071220466932 4.58182994668476 5.04323474246081
  4291 6.39866776118940 4.73497910821727 4.90742062012057
  4293 5.26396468957743 6.10777802725854 4.31096442188970
  4294 0.78531474999913 1.11312918160469 3.41545680391260
  4296 0.66608737651214 1.56345880274311 3.72647275578697
  4297 6.83993892080667 5.92167711372386 5.53358853155510
  4298 6.69775429975266 6.10946301851146 4.96580265213997
  4302 6.23460713704159 5.99574772249639 0.42451220487534
  4308 5.14818408092349 1.44095591059716 0.55570694774008
  4310 5.38481150852253 5.34488940675943 6.91490470726990
  4311 5.43566205911482 5.73137955498252 6.82315182451284
  4315 2.08008026976339 6.36530469414470 1.96237811973545
  4316 1.51696889848411 6.88609009467809 1.74972549999131
  4319 2.33581987641287 4.31761854532583 2.01645312563177
  4320 2.43973650114625 4.49848716504821 1.64644522884573
  4326 1.12933724710854 2.41340394037785 3.18910039593984
  4330 4.92728455741553 1.35457753556059 2.38824026568532
  4332 5.36586482692578 0.42306982213187 1.09216077367496
  4337 4.83592727894706 1.89491472055880 5.16174848721107
  4339 4.65628222061449 5.90845714409050 1.65528732101575
  4343 2.98293284807630 5.12418201746013 6.16649514416153
  4344 2.03564043739663 4.72064878445425 2.82506788558902
  4345 2.09485114982372 4.52893147157483 3.10768385791353
  4347 5.51229586789635 6.26962076978223 2.39445500092571
  4349 1.51536231511660 3.59767057994674 3.32523592374333
  4354 3.89190130954482 6.43764832222702 4.77776792326312
  4355 4.20335762601123 6.13574554179518 4.64731575525183
  4359 0.26362513056188 0.93801512794127 0.82453730840301
  4360 0.66129693246030 1.21722035924537 0.46095142809186
  4365 5.19032839676289 4.53850622678660 2.35737630185892
  4369 4.01812971882727 4.12735443686607 2.53285744303991
  4370 3.64468014980153 4.17857170722255 2.73292995728121
  4373 0.44793638916781 3.48830437664865 0.46581763832480
  4374 0.49755663653718 2.77998739918083 0.28612113834053
  4378 2.97082098954238 6.87204991220202 2.03920024087297
  4379 2.44580599035563 4.17084108158141 4.18677754332528
  4382 0.78763746083012 3.30342372986890 3.28059212156946
  4384 0.29072066290270 5.03068178146889 5.01197959235169
  4385 0.22295024473417 4.58133329746379 4.93549348876782
  4386 1.57123435554513 4.53369702294715 4.71433517560300
  4387 1.52484740582219 5.00404833180183 4.75940201327806
  4389 1.87351588219033 3.18170916887180 1.54021506650792
  4390 1.62645816640220 2.73221119786759 1.65149453528275
  4391 4.76444482154710 6.09285154580900 1.55005440791194
  4392 4.99914164896929 6.02783620315598 1.30153752657597
  4393 5.71225070466552 2.00700652010641 2.31170084203063
  4394 5.54098335165142 2.10599495909263 2.53989978842393
  4398 6.36674845285091 4.28562907829137 3.86718455440412
  4399 6.19539421883164 4.35172753177125 3.36096116902998
  4406 3.54676685128393 0.41889074529720 1.13275958496027
  4409 4.13769561378859 5.73657490452632 0.44758244840853
  4410 4.17929085416485 5.71540595865086 6.91311734402554
  4411 5.17497871420209 0.51584314135271 0.53790332407476
  4412 5.21711227426581 0.22848009820890 0.85962070352950
  4413 1.40924528045269 0.38213007084018 0.69460517873179
  4414 1.69915055777036 0.12338039392565 0.97757156751634
  4416 3.62480556597860 2.16523593193617 0.33813494850303
  4418 6.81339058788075 3.88298849426225 2.21083981508518
  4420 5.93012139038711 2.45344022183167 1.66603611945161
  4421 1.85754548157829 3.39199470152264 3.61777035589150
  4422 1.79467651655975 3.56293337884815 3.96799673615298
  4423 2.77416955290286 5.61800213960898 3.35353232698212
  4424 2.64200498183065 6.05201154188115 3.20324223287434
  4426 6.28228577083938 4.14592675614807 0.36288005679912
  4427 6.45075431832948 3.86122339281747 0.18296263007550
  4429 1.29795727400426 2.24951272195522 1.03532121677381
  4431 1.61686520632622 2.63888535332553 1.94216171372814
  4436 5.11399983049266 3.08026230779169 1.46131503044915
  4437 5.34667718331329 3.00598687920740 1.73447491742551
  4438 2.71279062310328 3.65998379438674 3.71072187692962
  4439 2.38812376136273 3.80991782423935 4.13968748620629
  4442 4.20460696920613 4.55744209872764 5.86364404191351
  4443 4.09734869349775 4.40844813041638 5.62678098593468
  4446 2.66958502966444 3.49186205830947 0.39189137783470
  4447 2.40858193976314 4.94461034982297 0.26455514596378
  4449 2.18856345777006 4.60631978333501 0.09993229374231
  4450 2.98371814175645 3.73038632663014 6.06566942225227
  4451 2.94211627801020 4.15039224874401 6.27058421000462
  4452 1.59998271545445 1.54444359511813 2.81374288821335
  4453 1.82575855203077 1.26972826453297 3.26878289215786
  4454 4.07348580573152 0.68371547426548 1.73870583393219
  4455 4.10258979383591 0.36124776931406 1.73202121177111
  4456 4.80044951417952 3.68242443745235 1.73036679806446
  4457 4.86973890220419 3.99818795593838 1.65743369321042
  4458 5.34964656258983 6.44564923593763 1.98092717306950
  4459 5.15755302322105 6.97950617385818 2.03956599365291
  4460 4.76809583793176 5.64863301202324 1.52545032017596
  4461 5.01687008189320 5.91989276994024 1.27570884925312
  4463 5.31236110366460 3.35127707043344 0.15647382647943
  4465 2.65866165526425 6.01288673078750 4.12324590047448
  4471 1.35940655501107 0.16329712877334 0.28494438922327
  4472 1.52022423714172 0.50461722736013 6.98583967581090
  4473 1.37409566907128 0.59063506910575 6.25152799852886
  4474 1.17275227050365 0.42377567826960 6.09609453589486
  4475 1.61099846521413 5.92512689607042 6.34759987636988
  4476 1.51660253117891 6.26386284729065 6.40246888072395
  4477 5.93632893536694 1.21790275417870 2.08874377343239
  4480 1.17823577589276 1.10676001386490 2.86809221821706
  4481 1.41721615692545 1.49630345094648 2.70341005798137
  4482 2.26968170924841 2.95143930568113 6.00734048825305
  4483 2.55781920497903 2.44511940582015 6.14821652196079
  4484 0.62100098550358 4.40453575341271 5.69490037541682
  4485 0.55967472097864 4.31500713251639 5.60468588763950
  4486 3.50948416385214 3.71650110696078 0.00559705643896
  4488 3.38754466332343 3.76685353831449 0.21907297028144
  4491 3.29140605766104 4.10737388951364 6.88755186685626
  4492 3.20016884730215 4.10519866196464 0.09307888862774
  4495 4.39737424310227 2.07462610255986 3.02030418136295
  4497 4.51942676188342 2.08249689150984 2.63941826800117
  4498 3.33026617594570 5.73908599390102 6.92343292728926
  4499 3.65436895526182 5.75103753291490 6.62064678900745
  4500 2.56991845508104 6.02671745909997 3.11193429701978
  4501 2.55202553102292 5.64233684207053 3.09690523112597
  4503 5.91427608724569 3.37053139563181 1.84133488466759
  4505 1.98661619932261 0.28105421315939 1.61645006954017
  4506 1.53077518010871 6.99838258710559 1.71186784372949
  4509 0.84281297775881 0.02553056051076 0.11113586441656
  4510 0.91354354012249 0.51112335645543 6.64884983202675
  4511 1.67232872267530 5.53224782201217 4.14746089859006
  4512 1.55869378760351 5.50953417388989 3.77126021275712
  4514 4.51524584992780 0.22774030238205 3.16014949041687
  4515 4.65426580441341 6.98715096350531 2.99547796808125
  4517 6.80006709162624 2.95066694465497 5.05351345087730
  4519 1.09093241886125 0.98426004177107 3.51079807491954
  4522 0.15279317041333 2.99962188422313 4.87513841357923
  4524 6.82810460103341 3.22588088082709 5.08454526085798
  4525 6.74664343564305 3.31897429827031 5.51532159746451
  4526 0.58372663381745 2.74267054869402 5.00268554127847
  4531 2.68160647114896 5.94894509089086 4.92119051518481
  4532 2.48684758224262 5.84915234283619 4.32010227282643
  4538 2.95957901561212 2.62473036490594 4.11100294864146
  4541 2.74949898943583 5.32781185237705 6.67888920268817
  4542 2.79460851796419 5.18156909743265 6.21485350845218
  4546 3.52643738780670 6.41488437190141 5.25225429871835
  4548 3.43501561971693 6.86307490682783 5.53994689740841
  4550 3.56434764627445 6.73624681267320 3.31115644520262
  4553 4.38179001585851 2.44402915189976 2.17730008648271
  4566 4.12962035755955 3.33366862548514 1.83836840932707
  4567 4.26848648734429 3.60506067864397 2.03630361550511
  4569 4.89376223503301 1.84276348019027 5.71718033802371
  4572 2.27141003707975 1.27234620430409 4.84109589706979
  4575 0.80489269067525 5.81879800496700 3.54394274431859
  4577 6.27251895287962 0.03030532823760 5.73721025842925
  4579 0.21459812365199 1.62724394738775 3.94804084831057
  4580 0.24985527950793 1.83936464936929 3.73237267291356
  4581 3.18742333084539 2.97654784926335 6.54993608994055
  4582 3.34782922148482 3.20127261839585 6.44965543364654
  4593 4.10072343411491 0.07120247598686 3.90649684493202
  4594 3.06863039279529 5.29170932746005 6.76612175100969
  4595 3.23941808897669 5.14783825100252 6.45711829878591
  4596 5.35212083481211 3.39961314275381 6.71080832730904
  4599 2.95150598670586 1.00559253655666 4.00014958390909
  4600 2.51747980192677 3.17795761188906 1.39761208683322
  4605 3.64625649487591 2.09461669310057 3.76010482964813
  4606 3.67361385421435 2.17367604922373 3.45968263430473
  4607 2.48870502629544 3.58744128975554 6.00766919427994
  4608 2.37332340919826 3.75668851589310 6.07524944658364
  4612 6.19871298084099 1.21577556420493 1.34972476224665
  4613 6.44764929538788 1.44367953557341 1.20667119379766
  4614 3.06321995916800 2.79695478648181 4.37228591711374
  4615 2.88348478142159 2.90343412762082 4.61563002823155
  4617 1.56944708640254 5.00946344337941 1.31949691603358
  4618 1.67721874230335 3.78861541547513 3.04800720966017
  4619 1.55760340225718 3.61883952594887 2.63599529720799
  4627 2.68719853630450 6.06304703729963 0.24488304647567
  4629 3.21150161233642 6.05715649289107 0.32977619108902
  4630 2.41967036382612 6.97810888600791 5.22875670818014
  4631 2.23103904480387 6.61359925725891 5.40266114406015
  4633 4.62436244907627 0.18783103340981 4.36933260475897
  4634 4.26999605526497 6.94506494950681 4.25479974299931
  4637 4.70846737166368 0.71410784278327 2.69841114968528
  4638 4.44701478511617 2.76751317221212 2.78684021506032
  4639 4.56639965442361 2.42457347583307 2.48758933012039
  4641 2.45782289205233 2.46028509806478 4.02491387048587
  4642 5.71228538958942 2.62580938372094 5.78715135747932
  4644 5.57533400807668 2.03471531622182 5.85044540121659
  4646 1.89759698284117 0.30195505936343 6.74547776129160
  4647 2.38282555212351 0.40246777577098 3.76308532204095
  4648 2.62462249542016 0.58551950920461 3.43658879181673
  4649 3.74636798155625 4.54198579488598 6.70935895525499
  4650 4.14603664474476 4.18665156363082 6.61879840588141
  4651 1.18168398536136 2.68222401079256 2.18397141553313
  4654 0.44134454320170 2.64981210616796 0.08144397195712
  4660 0.83603339396172 2.06825597182679 2.73332340931132
  4661 0.84048610089534 2.18916544717549 2.32857520351857
  4663 2.35225553388215 4.06146872672965 0.83851222535344
  4664 2.37512220210440 4.71069416891203 3.65062405638914
  4665 2.05144667201626 4.69065523950806 3.37774072730290
  4666 5.61585351298741 4.16152250081779 3.81525856886373
  4667 6.02492838410306 4.18608213537023 4.09997479883346
  4668 6.08106976076416 3.75697341268005 4.82639677472081
  4670 3.68335966769680 5.67705863949839 1.61671528724551
  4671 3.90929007391282 5.93674557951159 1.67271330694293
  4672 4.02209425211608 0.22984700699058 1.48030570711070
  4673 3.90367751914486 0.46896716482570 1.25906727476747
  4674 1.91800100429973 5.06718964709171 3.28199996789043
  4677 0.97000441712586 1.56639442629412 4.57091703666231
  4679 2.11204795399755 3.33067609845494 0.86566892050023
  4680 2.46335201582044 3.55882863214317 0.81965903969386
  4683 6.29945786308147 1.08938378085122 1.75015848113191
  4684 6.66182350824866 1.27465887384318 1.90377312329204
  4687 0.43580437590091 1.87390758379445 1.56726632871950
  4689 5.51063382231543 0.79707544611616 0.36249194243246
  4690 5.18010437244786 2.54553451740777 1.94608234066729
  4691 5.58366862823906 2.17563303621799 1.87413148238592
  4692 2.80533761805846 4.25832416510973 3.82206439331573
  4693 2.85088450486580 3.85140287395674 3.60706006517386
  4701 2.38565407179435 1.21137528066119 6.02792965889353
  4703 6.72871728290340 3.56480855220884 4.00482369697721
  4704 6.81276406546339 3.77563941191490 3.83980511136633
  4710 6.59908509731769 5.72046865996713 0.31511174939979
  4712 2.57420860377361 0.24100910698603 6.95431107583287
  4713 2.33608947331110 0.51132029362295 6.82190393980237
  4716 2.16624535961993 0.44191332989870 3.71448017888793
  4722 2.13942434997845 4.91320402802837 4.62207650421685
  4723 2.11593154619258 4.58327548919259 4.59406137139509
  4727 0.05245038315448 0.18639632616125 1.38393152738694
  4728 0.33547170305440 0.41608880642551 1.11737979336951
  4733 5.84811466821300 3.85954922083262 6.19717945802840
  4734 5.96387877310352 3.78224504283856 6.20712897653846
  4736 2.14751959480651 3.44089762145761 6.57916258898397
  4737 2.13880611714701 3.68456780090564 6.51406063946519
  4738 2.04069390610028 3.03284334439354 0.38703855264494
  4739 2.44130996472832 3.20384091973596 0.14032575704585
  4740 1.80796589223483 0.02783934346174 3.45068897070313
  4746 3.66150155599093 3.08760115141257 2.90527325280080
  4748 4.03796089848889 2.87121174430648 2.22144016614292
  4749 4.11871434583850 3.03211022372240 2.61052090179943
  4754 0.10596069093712 2.85896701022836 2.73900212931185
  4755 0.20424221393563 3.02409507001177 3.06539287972947
  4758 2.17137894526279 3.07759712315346 1.30097081271877
  4759 2.13713124743228 2.64702123740371 1.27894522715090
  4762 3.39408828391697 2.93083697364481 2.70785249511804
  4763 3.26449166844625 2.68415493202034 3.05063026980433
  4764 6.90149683022985 5.77345527608712 3.78118660675983
  4765 6.72361067098278 6.36708083026227 3.70629452971983
  4767 3.43864466308284 6.09197221619794 5.71437849730023
  4768 3.34873697815124 6.46358983832213 5.98420313289472
  4769 6.14183427457375 3.59758032610269 4.63533507233508
  4770 6.55937768441512 3.57416679081991 4.86811452561887
  4773 5.26914368399550 4.46594902733020 3.95255710504519
  4778 5.32912820845625 5.51999223631680 2.68730704075348
  4779 2.40911922081617 5.14122723416792 6.92606736013329
  4780 2.24613165359059 4.88915671833663 6.76599477498626
  4781 1.81440716169926 2.90326757499196 2.34777606404864
  4785 0.02706153575070 2.82728784885156 6.51004778969572
  4786 0.02836331808483 2.68927970342008 6.35989503106007
  4789 2.29336482045204 6.68283362460672 5.73650528407232
  4791 3.86648525804613 5.74948714056919 4.45863245778395
  4792 3.52761875988980 6.23009965617716 4.66664036827278
  4794 4.71246651473022 4.38214860744314 2.92583069780866
  4796 3.50652586511851 3.25290312782730 6.77465029740602
  4797 3.38730083699506 3.06469944423270 6.87483455223595
  4801 0.28843417752239 6.92522661611053 5.37175015469325
  4802 2.04288549720298 4.47233270875751 0.13630067256655
  4805 5.83728980922093 0.20807289848356 5.14609981080940
  4811 4.50835124911836 4.25019053444862 3.85918298879522
  4813 0.31711433693856 2.43894967142828 1.44160355452999
  4814 0.30214895052462 2.09615971982301 1.68579461230492
  4815 0.65151736301493 4.91140362250845 5.59978650864955
  4816 0.50901812687456 5.12323633580531 5.32248876538428
  4818 0.35515924662608 0.70302280017029 1.84894008882145
  4819 0.03454747987941 0.22597447817706 1.58285089583455
  4820 5.19084994640926 4.61389920683331 4.53379896953642
  4821 5.40865114134849 4.69909699293939 4.31032990043275
  4822 5.70990873156343 2.97318713908254 1.59437941250059
  4823 5.78899821017103 2.97593880922867 1.20296145503823
  4824 3.12565144449477 6.40092195921960 4.39317223528698
  4825 3.07013988933542 6.32180073012667 4.81804675283302
  4828 5.33058893849077 0.47342675109890 5.52503640726886
  4830 2.04387385567013 5.28471835006843 3.39379384836692
  4834 0.10512795744903 6.14049925896965 2.13407088983181
  4835 0.52446663430752 5.91195181923533 2.00851969390868
  4836 1.14995002004718 1.16268293000638 4.77582811412673
  4837 1.38478135989581 0.93831820252968 4.46374020935800
  4840 5.43704452545943 6.74406564999387 2.77554296488446
  4841 0.64432812697506 0.50831537855676 2.29888863476630
  4842 0.60937483883543 0.04498444811377 2.39815492826489
  4843 0.52627394379807 5.19543167170848 4.68931037476398
  4848 2.76754044522993 5.96330055535801 6.87989410091446
  4849 3.19849859225652 5.95483823156433 6.94762900162619
  4850 3.18193852743033 6.68056612063471 1.19296107532725
  4853 6.37066517191596 6.21348929881057 3.42937647516380
  4856 6.02309836421869 6.12963244026598 0.16151315276249
  4858 5.00512260022180 0.96218423879605 3.10392586371111
  4859 4.95827326849053 0.88400006023704 2.71809435626663
  4860 5.87670579132064 0.73928657016160 2.97717043683520
  4862 5.51063021035453 0.86878517227803 3.31853664839686
  4863 2.83778845370029 4.02583584529922 2.75320044659150
  4864 2.65270930942079 4.01630141502718 3.09396503372423
  4868 3.55073776438837 5.79971330380309 3.27660467129562
  4869 3.71792412392809 5.90494713388955 3.54568208720755
  4873 2.25333552952445 0.71393232815406 3.17492470726270
  4874 2.24453400428773 0.40326970153350 2.69909183042853
  4876 0.21126716751643 3.14513942833982 2.36320105774735
  4882 0.30787560746865 0.50599752147267 4.21749739809509
  4884 0.48723612704491 0.71404988709100 4.83898166700435
  4886 0.19215077582374 3.90812908654202 3.96097533093809
  4888 2.04742399309787 0.65908111644490 3.31932617065778
  4890 4.88135604496000 5.58023336500844 2.49294481891633
  4891 0.53994175178500 2.30883319145959 1.08656812201430
  4892 0.61487673615628 2.02132561739714 1.12736544876082
  4893 2.15504729558710 1.79154335197397 5.89859195456089
  4894 2.08912681410567 1.48580658221399 6.11170178909571
  4895 4.59701167479255 0.71772033787714 3.21520335363080
  4896 4.51127201990832 0.64388504805891 3.03909304573849
  4898 0.25838874503787 4.47606213099035 6.20051469232892
  4903 0.38791534728425 5.26435705764655 5.54931361075379
  4904 0.50327528187234 5.08595211985366 5.77682010628490
  4905 0.94259016625542 3.87464361858171 0.34629957779839
  4906 1.40401663076574 3.74279589363403 0.36711562375625
  4909 4.64277233821397 5.22494798669896 5.98415430236778
  4910 0.69128267810706 2.55637494394162 4.70299107125260
  4912 4.94751381702139 6.14845297620379 4.84121804469370
  4915 2.59517078374541 4.33661462736359 3.09937842518712
  4916 2.77952280333517 4.38234915969560 2.76324005157331
  4917 1.54604883739183 5.79155360904154 1.43869861006957
  4919 1.71201704190768 5.50332778049531 1.83324606030433
  4920 5.78380029534168 0.01203069674059 5.04840648441658
  4922 2.52603272282904 5.43710639156392 4.21062553200754
  4923 2.80594120922003 5.36579951611311 3.75066433683535
  4925 1.33285331215900 2.63634683509276 5.98997241050391
  4926 1.08631487507174 2.87465296291018 5.86140636269274
  4928 0.10135749516358 6.19514772372078 6.17777206989351
  4930 5.41586654062275 6.31761115317415 6.03144267206755
  4933 4.35230201529288 5.65350346632440 5.49465496476001
  4934 4.73791912552926 5.48624666034667 5.77213427040725
  4938 6.04145423472170 3.91388692683486 6.22283259504379
  4939 5.90933268596251 3.97422851767423 6.21197431944740
  4940 6.70102878596559 2.76657937524399 2.84735305944669
  4941 6.83323245781034 2.95970581296268 3.21528080505696
  4943 3.10625239836411 5.76888515411868 5.12707152440049
  4945 3.26495682972730 6.87967623529221 1.36737003295493
  4946 3.59177630827802 6.79905956776777 1.59481475993301
  4947 0.16527871440371 4.76314574183632 6.20839170725558
  4948 6.75785142734523 4.78255890850203 6.15064570951115
  4951 0.46882383077994 4.92049762838941 4.03460341745333
  4953 5.54169938381753 1.20289935514660 3.45512234357121
  4955 6.92565205079218 5.71482638562080 4.52204245841285
  4956 6.90564755050949 5.57451773092145 4.05992388716180
  4957 6.09857586484767 6.04573133455897 6.73840356505592
  4958 6.20643005876147 6.51460503508901 6.56010616477213
  4962 3.36493113091513 4.66819696698572 0.33257356194050
  4965 0.34202095364402 5.53921490843578 4.45101299041744
  4966 0.28067943903514 5.44954141968772 4.09734911625754
  4968 6.08098395397700 1.45062984196949 2.37375534843764
  4976 4.63004604662373 0.40054750594866 3.41335558652416
  4977 5.73813576262355 6.83795735144819 3.41656556755246
  4978 5.81292595684042 6.85310365628305 2.94098213836564
  4979 3.82089910672518 6.25635070701668 1.39406387264556
  4980 3.55969776641246 6.16588102264311 1.17830201485854
  4989 4.72470076407595 4.66497184965038 3.37876382396110
  4990 4.40955938235049 5.00946606700473 3.35933509669055
  4999 5.00212125409683 6.01059510038638 6.26565304435716
  5000 5.37705494075214 6.03007227182547 6.12194008941168
  5005 2.38784900378104 0.49041514841649 4.06649105021296
  5006 2.30522272683060 1.22480838943401 4.49389978490353
  5007 2.68021434991239 0.80818912816108 4.25611820864489
  5008 1.40598934264358 5.85270171691989 3.74227869541754
  5009 1.55779932487447 6.11873648184261 3.45338046701568
  5010 3.63937646354640 4.66885186205409 3.77849988197036
  5011 3.72747168735321 4.29509855956094 3.92785050342601
  5018 0.61291260363320 6.34209646087560 4.74495898560200
  5019 0.09383383294031 6.45610477396423 4.90732117608036
  5021 2.40204355129400 5.15934340500680 3.72511028159732
  5022 2.28960582880440 5.29283705228086 4.14345204110362
  5023 0.76805745503459 3.58102846611057 5.22512827581866
  5029 1.21955330521052 1.01260530825536 5.71002151062949
  5041 1.06730636305860 4.78576394308005 4.30705876856384
  5042 0.60817297049299 4.84395608718047 4.38278723173922
  5046 0.82860066557419 5.20204295390098 3.14734829767576
  5047 0.52578043638511 4.75655990564341 3.00807657979659
  5048 6.08224979215593 6.63605313864324 0.26757387204612
  5049 6.17576873446514 6.79080709149897 0.07510114130549
  5055 2.91023128392048 4.63493026938563 0.57044399182039
  5056 3.27558866561180 4.51361567043207 0.41525905974322
  5058 5.34685866615063 2.41579691124435 6.68925521924560
  5059 0.35738242065997 6.53574834840474 5.25725448655345
  5060 0.71218319622792 6.45317806069441 5.08220542927082
  5065 2.71724139943293 2.26294986874918 1.15316553902378
  5066 3.05075639597618 2.65530209414775 1.19833387420189
  5067 1.44064279328775 6.00037117728953 4.07400449472313
  5070 4.69967182784282 0.35490410687135 4.21867697392970
  5071 4.41480172058713 0.42446146026415 3.81193267069862
  5074 1.41730390679326 6.84902694026354 1.61247986191815
  5075 0.95460911798588 6.61715131471100 1.58359246340685
  5077 3.18257282729384 4.91788546310969 0.37085453571131
  5078 2.88955347702369 4.80796791246614 0.54239711709987
  5084 4.45461765965605 6.03451733827974 4.95315186630541
  5085 4.46227537398460 5.66373593734255 5.04704056406056
  5088 1.05106182123761 6.30408772171684 1.35097426785028
  5089 1.48688545651541 6.46315852988538 1.32069858718579
  5091 6.98667554004506 6.96409769645862 4.27266895173283
  5093 1.58936146993166 5.82736671606898 4.26415946658681
  5094 1.90417063269141 6.07470602688195 4.37944689472819
  5105 3.64140014164920 2.97163723328383 3.17231780036895
  5106 3.37251989880444 2.73070096921374 3.21903458982098
  5107 1.11758652269619 3.28391388914361 5.18547391050181
  5108 1.37307445980242 3.54578156166153 4.87156948459721
  5109 4.06803372009092 1.20935700940725 3.43413669482742
  5111 4.02630700949957 1.10206984610292 3.72000763984194
  5112 2.43132553147154 2.51532409729864 1.40406386475117
  5113 2.69601232122177 2.83772971575908 1.47010468553677
  5124 0.14766923117966 1.39767516916915 5.73319944676530
  5125 0.41226235722232 1.33626277907673 5.99152059508337
  5131 0.99248681055947 3.22643971614668 0.78421198600186
  5136 6.77945684258432 6.17369799609492 6.13827346319254
  5137 6.62615375571083 6.52029335749439 6.21391284965140
  5138 0.93803450760732 2.77662361797335 0.63715016437284
  5139 0.93392130508321 2.55819782539390 1.02026916751566
  5142 3.01026770398122 0.49245114480056 4.61164086799839
  5143 0.14676544092065 1.19311447930740 5.68923683226427
  5144 0.40252578649623 1.11209744726515 5.92880086667617
  5147 3.51218296756185 6.22622463597957 2.41170940841506
  5148 3.35072667840798 5.26619640125973 4.92126219934274
  5149 3.45343164597794 5.10995872013918 5.16593860666980
  5150 4.35959178261985 6.14504449190006 3.55199356966531
  5151 4.50510696701528 6.06103622078318 3.82632624634453
  5153 5.14083071340003 4.38253201947478 2.78882436184109
  5154 5.27870219003167 4.01069005444199 2.77489642397972
  5155 3.97929433941463 5.33544446356862 5.62919129297742
  5156 4.16027809187160 5.08976217409820 5.92876895255417
  5157 4.13487405006863 4.45346385845440 4.07155879237651
  5158 4.02339892370731 4.83832682640573 3.89846245764244
  5162 5.97204703352505 1.40678992992137 5.51114428934435
  5163 6.21895475519976 1.37754001900244 5.75584065123297
  5168 5.35702812769401 2.68869236731600 6.41067897574714
  5169 5.13526139559988 2.88911295583566 6.54486868510729
  5170 4.89156845880837 0.13430421569372 5.36098072825935
  5173 6.06235715096942 1.39797981657744 5.90401892074529
  5174 5.83744779975796 1.42095085866024 5.69645935814032
  5175 1.24524576002667 1.21881203141045 5.82762129157929
  5176 1.44025264125703 1.14439821197867 6.03762560268291
  5182 3.16871660619341 5.77965044278310 5.60886732939302
  5183 3.32425458258576 5.49437188834357 5.72095082174952
  5184 1.34433329256632 0.85503709055841 5.78445927288181
  5185 1.46678610143128 0.90381105779573 5.97634373169996
  5186 6.97720785849585 0.32563454705256 4.32888244744193
  5187 6.97417955086114 0.43691197901564 4.84477576065890
  5190 1.64737456301271 1.33076141133941 3.86611592609112
  5191 6.86082796732080 4.08592239098804 6.09699316618339
  5192 6.61860808346871 4.18382671881399 6.08112168380274
  5193 3.56931914048240 0.68388678797408 4.80274023527336
  5194 3.37312188792558 0.55589684758016 4.50043653599963
  5195 1.32511186176534 1.80039271363535 3.97805135897737
  5196 1.70755907837819 1.54539831378318 3.85041920276807
  5204 1.22719351734750 6.10095301597774 2.64462216117845
  5207 6.78706295986594 2.71669377963071 5.79895602520688
  5208 6.88669251356395 2.53218185630006 5.50280204945974
  5213 6.76819656308640 4.85479943487222 1.96549308338442
  5215 4.32790961043229 1.10565986988857 3.49781113762266
  5216 4.25128803501128 1.02875108055743 3.73458898315427
  5220 2.08865206527981 2.71332778017871 2.46399599528147
  5222 2.13388173770187 2.39146891617333 2.92156349696261
  5223 2.10147529526757 2.37731379742576 2.18126767802343
  5224 2.13551763286814 2.06734027937192 2.46732627411268
  5225 0.18411524056339 6.44820222333228 6.25695682839181
  5226 6.90521529535633 6.67848654535267 6.28786462102269
  5232 6.89493125088230 6.66680679880188 4.80284069375030
  5233 6.90811717948263 0.05462706112949 5.10241817578362
  5237 6.69773846590524 2.74634560217433 5.33078921460157
  5238 6.62737410637074 2.90777791998778 5.60553337005351
  5242 1.96494019398031 5.62944388112967 1.96865552137492
  5244 3.53114706154312 2.11002600969656 3.76189009139122
  5246 3.08240596980556 1.68692584321517 4.11053826969633
  5249 6.70230464422600 3.07944363007851 0.92603382889516
  5250 1.88603449132976 6.22430472922955 4.29410475069588
  5251 1.57725385630741 6.23216045222263 4.06108596037863
  5252 1.53536385159444 1.08234194158354 2.04886494995015
  5254 1.53031180632481 1.50087563576605 2.48691948599540
  5255 2.37685068637091 1.82441765477694 3.61414629972808
  5256 2.76335107770556 1.59183945818610 3.51843579193958
  5260 3.68563642885068 1.99996436094626 2.24370366010105
  5263 4.89300614988240 5.17714026545020 4.68533784218151
  5266 1.17037536965469 1.59930801774428 4.02786384211278
  5267 1.37021149657943 1.29079148405673 3.94921535725999
  5268 1.06998552624583 5.76179419801516 2.51712203824801
  5269 0.70785895930643 5.71432229204646 2.85542534479900
  5275 5.30192272471903 5.61538979801365 4.67291503334302
  5276 5.13554697146410 5.30075544662682 4.44765366311505
  5277 5.20423516863651 6.82678509129462 5.07817107865862
  5278 5.12096602143977 6.54561183263420 5.23289875219026
  5279 2.89722330505010 6.30532262819103 3.02818113650120
  5280 3.35761447301686 6.25905848230068 3.02427365337290
  5281 2.40948859202487 5.44051258577484 1.90254663465974
  5283 5.91498263990516 1.16498402226513 5.15233279794313
  5284 6.27968275058387 0.74618706966565 4.97721691800642
  5286 4.78359962141084 6.65395480119685 5.50584539810260
  5287 4.72771486365412 6.95990863610297 5.53114078868673
  5288 3.98981646216710 1.77739295906230 2.47852048561538
  5289 4.28514995621553 1.90386169086455 2.37461381405619
  5297 3.18538768672817 2.36340593443768 4.17264087196799
  5298 2.99994285713839 1.78250710611295 4.21882564024959
  5301 5.69531572544934 2.20173176472120 3.18811670501636
  5303 6.57906654287627 2.44137967324641 2.84142348591083
  5305 4.24987569882642 5.70539324506969 3.78421098382816
  5306 4.15621704293801 5.82152331352976 3.53740211916743
  5307 4.02845890435742 4.97298459581338 1.66554526822497
  5308 4.34548827492703 4.89415607124913 1.79053657321689
  5310 0.20659709252426 2.45499102827169 3.89645139603594
  5313 1.29960969410299 1.35286570692166 1.68062248589647
  5315 0.64856843950505 2.65523513361244 3.72848248988680
  5316 0.71382599198124 2.85271413235953 4.06267836705140
  5317 4.84700784628664 2.30675110247804 3.70210863211911
  5319 4.97558079362723 5.43957705829302 4.95630702634916
  5320 5.21072159319768 5.65047148990518 4.86139279380572
  5321 5.87681726979832 0.50362222999511 4.93352033788590
  5322 5.58847589603379 0.86494079749437 5.08568066548563
  5327 6.22079625347709 0.73181318604987 6.28500001751166
  5329 4.22708285023034 2.16550201153414 2.10271498023622
  5330 3.87871407149567 2.22123916975123 2.04811978352450
  5336 6.48609794648951 1.93852258525435 4.64749573785307
  5338 6.79570863480978 1.71439990410201 4.58040552823473
  5339 2.89874612161873 1.58561564387106 4.02506466890698
  5341 6.16170788592585 3.62202424359461 1.37103618261880
  5342 6.09885934053409 3.32767422642080 1.04546965143497
  5355 1.42321273952376 2.92512881956556 2.56740661286190
  5356 1.34946236493883 2.74098600723958 3.09188124017741
  5366 0.48723188175128 0.82844644631770 1.64370139935800
  5367 0.48478542771999 0.67593125590982 1.21770108412710
  5368 6.25487402635236 1.67205887865360 4.53871976860674
  5369 6.46291749261181 1.45215717198018 4.47195533049804
  5370 0.85488276714441 0.81319478323106 1.60868041248886
  5371 0.78997007995659 0.65652073229701 1.22756174879243
  5373 3.58102861871557 2.61229863436571 0.48978799618355
  5374 3.22819175860193 2.75373986433657 0.62237273728445
  5375 4.32196471472587 4.57870473356365 1.69895965880479
  5376 4.03366918974470 4.61253116807033 1.58256738433671
  5378 1.31033798558532 5.19200126211933 3.63314580848232
  5379 1.08657645334448 4.81774881859550 3.89278408593629
  5380 3.04504244166689 3.02401056276160 2.18458492753307
  5381 3.06428701483550 3.07237119626215 2.10347708425879
  5385 2.48494651318813 4.14473824516736 6.82904484808845
  5386 2.21783120404362 4.49268096200649 0.11509339938656
  5388 5.57423018198515 0.45010043991126 3.67845760592978
  5391 0.44027299743541 4.63651477121981 3.13386700802167
  5392 0.54393828129885 4.62973157788928 3.57234449301418
  5394 6.33167238136444 5.93896160555170 2.92745849405619
  5399 2.59279142365585 6.26316201636899 6.01163435229451
  5406 3.25705352037046 2.86120959082651 0.86020110299126
  5412 0.88123426327042 5.24822703120554 3.48054568128462
  5413 0.73380129526166 4.88139269956085 3.76337277432987
  5414 2.36935754403535 5.93109281272096 6.30035749893933
  5415 2.43106585285433 6.17704203145781 6.29831283015392
  5416 1.64742734164037 1.88675969013495 5.48474358673941
  5417 1.36793120539948 1.67313864354019 5.46691968550961
  5421 5.02723202922208 0.21750625571092 4.15175196038759
  5422 5.15895687951213 0.19421635267630 3.70123558518646
  5431 6.79355278404374 5.43683664243372 2.95163450969321
  5432 6.60351504809324 5.71951072740433 2.71918387449428
  5435 5.09994572135130 1.08522385504297 0.74910094498533
  5437 5.31348689612107 0.77725436469570 0.64211785318195
  5438 1.22904124327806 3.26604578414459 3.08946536337700
  5439 1.28933610178770 3.33012559426208 2.69156563806910
  5440 5.21522327723154 1.07473469718045 1.04320403743248
  5441 5.42598507961833 0.76564536310804 0.91190527348255
  5442 1.69599242929838 1.86447514473959 5.21491879964799
  5443 1.41083787245131 1.64365876982392 5.21267550374326
  5444 0.80276813363300 6.07604571599007 3.14388014987044
  5445 1.06097377407392 6.22684943349272 3.06100862117711
  5446 2.54539968385766 4.32450621827320 0.36873452854364
  5447 2.69601928398864 4.08077846879100 0.13733915461445
  5450 6.90777362244768 0.37072225887137 0.04438859005496
  5451 0.69164520242498 4.24648637512882 3.39730345792802
  5452 0.54232767021198 4.39951542008416 3.05615126236646
  5453 5.23912299186918 2.41926797444344 4.17511030882921
  5454 5.69197727264973 2.48932368318343 3.93582195442763
  5457 6.56666713688013 0.19214101728036 5.73079369782063
  5458 6.97654796182841 0.04364887424838 6.02267996659830
  5459 6.02971313941198 1.46619627689931 3.89722771340577
  5464 5.45269177056959 2.54297029560105 3.55360226463025
  5465 5.02519988163896 2.49809970112726 3.75286412207036
  5469 6.44282125944634 0.81251246720399 6.78346015257716
  5470 6.91572525685398 0.67126287135326 6.68011314883734
  5471 6.39822711208345 1.25965225375134 4.07470210982961
  5472 6.70398001873593 1.28193882231626 3.77827014873388
  5476 4.78008733936251 4.15761605586346 4.11209922075137
  5477 4.74719124895189 4.18682293811837 4.25694199505426
  5485 1.48841168095568 0.35497650880227 3.08851498544690
  5491 4.63146048802169 2.27990437234083 1.11792004527485
  5496 5.74070974539289 4.53780115258135 2.01156497122723
  5497 6.32006533605814 0.59137141201406 0.09842329399967
  5498 6.54933384135645 0.40286405612153 0.24839412637020
  5506 1.73321923575321 4.88467524303641 1.20555029300303
  5507 2.64479440440386 5.85890798111585 5.76931552497901
  5508 2.51954610591284 5.69548577658817 5.92483058823230
  5519 6.61261944667711 0.63085501355904 5.97584995503435
  5520 6.96778771617219 0.55189797382962 6.23778271204450
  5526 4.53451928902487 1.80931176663771 0.36187618902354
  5527 4.86213431541573 2.17335392865656 0.83560111837286
  5530 5.21042293697486 2.84678903276436 2.54964282915090
  5536 2.13567284158678 6.13987120610536 1.00971112439746
  5537 1.79916177801009 6.09290694341166 1.39423874087013
  5545 6.28388365476240 4.53565702072745 2.22373973655337
  5546 1.68641470119452 4.69390046432657 0.45341589141269
  5547 1.83205192019598 5.07502786863261 0.74209768167325
  5553 1.93750233324417 0.16943562696794 2.74928557380672
  5554 1.77727099945815 0.29500977388816 3.13205213225251
  5590 4.73353898202347 3.40426810950224 2.71093278018656
  5591 4.81148672642974 3.03274653564070 2.83704696676631
  5592 2.09658982152430 6.06995982058742 1.76989117543237
  5622 0.98366508666203 6.91797650871260 2.47995284635030
  5627 1.42820552875919 6.83285204947151 2.17737882607049
  5628 1.10806837604275 6.68348019893804 2.28650957841955
  5630 6.44395532477796 3.73674131759913 5.02810113581066
  5631 6.60988377984783 4.24158012233145 5.13989718262579
  5636 5.62580499584179 5.04784713950307 2.46539965532193
  5638 5.48362727506902 4.90201842359874 2.26583433254504
  5640 5.55015122809504 5.27210720331199 2.38335270527060
  5646 5.83198836180573 4.55134609551998 1.49434532951851
  5650 6.53897941496110 1.53590862270072 2.29976509512115
  5651 6.63030755661736 1.92335035931304 2.25264395368308
  5661 6.88805291679072 2.05541638041323 2.61336740912032
  5662 4.84783579555808 1.50650299199338 3.45295341190341
  5667 0.01461150035828 2.60932177719578 4.18449854011415
  5668 0.21129173808811 2.84363266887893 4.34583071108579
  5670 0.37356924877455 2.71127528883262 4.28935929549443
  5671 0.17135580536497 2.50694595918769 4.14782176613774
  5672 6.05606651311654 4.02818850321528 1.18929065690445
  5673 5.71362443822161 4.27324607522980 1.37801053769632
  5674 4.85864138493974 1.81397216897068 3.28970050590423
  5676 6.50858447602174 3.56744785205261 5.52833300902789
  5677 6.67554928981938 4.00425440616044 5.74421318230867
  5679 5.05673104005672 1.40510895557126 3.28847148782274
  5680 5.22308587442523 3.91467127477837 5.36630716548562
  5681 4.86835810108182 3.90431774912799 5.55453351920248
  5683 4.99702374256684 3.71820007360177 5.73075360881809
  5684 5.30922264752755 3.72941338719931 5.55871186764256
  5691 6.73534587846185 3.65510379824814 1.59019312338471
  5692 0.02761893885542 3.35378156146465 1.34634033652951
  5700 0.13230639656087 3.01096546442138 1.61028539494222
  5703 0.86579293746551 3.95003012916103 5.01086322682579
  5704 1.16633816754869 3.96077896247101 4.84463992008153
  5706 1.08764016983193 4.02963466100881 4.59634869125287
  5707 0.69761879208193 4.05890440920998 4.68674569321703
  5708 1.94916255041828 0.99922199357039 4.28518933323036
  5710 2.13561385946219 0.55802110774303 4.07417574239842
  5713 1.68544855225812 0.86095801195019 4.54389434017914
  5714 1.72322083593146 0.41313001295365 4.47804672800449
  5717 1.63742263547216 5.40037548817153 0.72702437489724
  5720 6.59988989076294 4.56463782738769 1.90564248703448
  5723 3.98055653396509 1.65926094867250 0.72339440530146
  5724 0.92036301991454 5.52801145655857 0.99026095948311
  5725 1.46277262100568 5.42780780901482 1.09190104881761
  5726 6.52487894842782 4.29631221350651 1.28344683889453
  5727 6.43702869200126 4.56851664134642 1.45876453614400
  5731 4.15329305190747 2.13204062589221 1.06501580494522
  5732 4.05690473740588 1.84975646954040 0.66689033210919
  5733 1.71614289650627 4.22312125943842 0.60909183109461
  5736 1.58368508958027 4.39472348874159 0.66836673203117
  5737 1.58207336116294 4.43974367757841 1.03606149992143
  5738 4.08046313519803 1.96582208305698 1.31168259647968
  5739 3.96189222950392 1.61628234010538 1.15616187716825
  5743 6.85826761001893 3.94897690291700 1.56515802297843
  5744 6.91103453562308 4.12162265157321 1.94028147126613
  5745 1.74491719179163 4.24545898827068 1.14399924489952
  5746 1.86524845427228 4.08272411555621 0.87558765765917
  5747 6.54515833365820 2.19150671993964 3.35166124540964
  5748 6.09490633807723 2.05482073462034 3.50472504030751
  5751 5.56435080680568 1.48083706081885 1.97905936667292
  5752 5.06544146645267 1.33870056480177 1.64748781433927
  5753 5.28843161867638 1.28097555298801 2.00964480684444
  5755 1.35538121131329 4.37956318720117 2.62673378113340
  5757 0.34616697600738 4.68460911288441 6.75675312633942
  5758 0.77430583656552 4.81448388662259 0.01495682811905
  5760 3.47080082137831 0.46395691895788 5.46687433614881
  5762 6.21688498228280 1.97727741537296 1.03776937146431
  5763 6.36293138781993 2.27999093286423 1.22123786898090
  5765 5.54175021761999 1.89241965881358 3.04140054302485
  5767 5.06717788498480 1.71833992766824 3.11701063322596
  5768 0.66515900799773 4.48181791248746 2.87614185034631
  5769 0.63779292654973 4.23723243795290 2.32714167529958
  5770 6.04664501128394 2.36756740002613 1.28314200977068
  5771 5.94852329143639 2.05305452290495 1.09453464234381
  5772 1.40748242892913 3.93072989467522 2.35667148621944
  5774 0.98754958405779 3.84662983694554 2.19158932349956
  5775 1.34152855960448 4.34261137251082 2.50559637381606
  5776 0.75684658374959 4.22227155271948 2.26095917849362
  5781 6.77416875488361 4.70591792529875 0.36576776796977
  5785 5.50494840003285 1.97351872524776 2.59254268156830
  5786 5.00743363024612 1.78210773558662 2.70579021423940
  5787 6.83524587421565 4.40141515995746 0.87942383140979
  5788 6.66706430382014 4.31641675871914 0.46267831311773
  5789 3.33562538812336 0.70184650959481 5.13945248442412
  5790 2.99419372524237 0.58973300337246 5.04011060703549
  5791 4.48419042898692 3.27688434093285 1.45584886425685
  5796 1.21087535820380 3.67037965050032 4.20824435203852
  5797 1.29932109520329 3.82953913436260 3.57199225765852
  5798 1.45768036556752 3.82300991315824 3.93638542413306
  5799 4.78408947218715 2.85243662271631 1.43641816850193
  5800 4.68735950003413 2.60699139237841 1.07144681697754
  5804 0.82271052720293 3.63502059475299 3.59551762890758
  5805 0.78264083549279 3.52167185758374 3.97592276581598
  5810 6.11602503478626 1.60255012432401 3.53252990361334
  5813 6.44517723688860 4.72513633942914 3.01059934911836
  5814 6.10438347141266 1.20639679095089 2.97230524698070
  5815 5.85833937255609 1.45506073059477 3.27215032484209
  5816 6.78328928045485 5.14603618063172 2.85852031140302
  5817 6.63937642329053 4.87231606115858 3.09850888480320
  5820 3.94571345513015 3.31964850233995 1.22872102907374
  5821 4.26277572836211 2.97007726231906 0.90066016618450
  5822 4.23490705054840 3.30119232711075 1.12424774896579
  5823 6.47685769356609 5.08307216633212 2.43445877536066
  5824 6.27868606066653 4.88234522114958 2.50352195038461
  5827 4.68879707026989 1.25596807933955 5.91601259049219
  5828 5.06411266708479 2.67737922946009 6.88808918764161
  5830 5.10703266329335 2.82093428416611 0.17401583203619
  5831 4.81861570393992 2.59728259700336 6.99655248564874
  5832 4.89321654064537 2.74918376786914 0.25493582270498
  5833 3.84790171526411 2.70639821646207 0.91277569471968
  5834 3.66823339362085 2.82341718947034 1.06292077427996
  5836 4.45753365532220 1.13024515578070 5.68409921418844
  5839 6.78119411373346 1.79735295537455 3.33143481301891
  5840 3.35653975072452 1.42020909325067 6.51700634819993
  5843 3.32527936831826 1.97514591213051 6.63071538206616
  5844 3.48118218246466 1.75928119641165 6.42054025949801
  5845 4.59427314191686 1.69812027496343 6.00231040003184
  5848 1.27677802124735 2.36704675479059 3.29955894113961
  5849 1.67856435622216 1.93919887988142 3.17478260473572
  5852 4.63314024473833 1.54266889813453 5.84754271872978
  5853 6.49861436753929 1.21295845161855 3.07297865061055
  5854 6.53410963379875 1.47330321839983 3.42809586819670
  5855 6.78026841923981 1.39861164649213 2.67383446306312
  5856 6.96783640180250 1.74575353305903 2.84440799342152
  5862 2.02794870686428 2.36515057451599 3.08063982346815
  5863 1.50621736916293 2.62626406605459 3.24010943353634
  5864 5.99998033580870 0.42228938270442 4.16913046133287
  5866 5.77089709115169 0.33381498381017 4.50029696571504
  5868 1.13948917591208 0.54159323577350 2.33390948300984
  5870 3.05874138477209 1.48924073320182 6.88766434896784
  5871 3.04767077751007 1.72236684023681 6.93632480714530
  5875 1.26756771031356 0.60729998390222 2.09577359697658
  5876 1.49604028046628 0.35769378612058 2.07714385056372
  5877 5.65698628064040 0.58110483793241 3.99270922657148
  5878 5.44814244926590 0.51111493162887 4.25409686621188
  5879 6.46467591589060 3.01627208966932 2.22246708366889
  5881 6.25559764657727 3.34385940302655 2.14950368030622
  5884 4.46612504091191 1.42248435563647 5.19220663906534
  5885 6.16527355650037 0.44514069963504 1.88169096557055
  5886 6.40103716499493 0.29634979145875 2.04135865768335
  5890 6.33228404227797 0.58355744467776 1.73219073413347
  5891 6.56772062696441 0.48389583004874 1.85103522445301
  5892 1.28544058010605 0.24313639783050 2.45153490869544
  5893 1.46024804523935 0.18010758494443 2.32286940367310
  5894 3.76021752698496 1.62034362603295 5.17982131239129
  5895 4.13183069496040 1.54657607014521 4.96303536239597
  5896 3.79444952890407 1.52895428142176 5.54775201382995
  5897 4.38274743002952 1.35627618475147 5.59777325424285
  5898 6.85664809080048 3.21067292897029 2.09263199219324
  5899 6.69252193769068 3.53077147837577 2.02729619290678
  5901 5.28843492950106 2.57471969113003 6.06945001441406
  5931 5.26787557162947 2.14428819207448 6.06458188483595
  5932 4.84889298033095 1.94797477841263 5.84148716367127
  5940 2.95506412311812 6.20859134776824 2.38325715765205
  5941 2.76742188690762 6.27139242901282 2.82336250457179
  5943 2.58881019881521 6.55298511116011 2.59280708464829
  5944 2.75456349709690 6.47306921593607 2.25373265695921
  5948 6.56921846416696 0.49940851435588 3.16579021167934
  5949 6.70572269973605 0.72167942400896 3.17363680010226
  5953 6.72440673846758 0.38111108716938 2.95121345173476
  5954 6.89329842223821 0.62436373236292 2.94418931728935
  5956 0.93058880048344 1.91261872211141 2.23241737871065
  5957 0.75239314975431 1.69845515213023 1.83633233465918
  5959 4.90651687445585 3.02923541014229 5.61789283791727
  5960 4.52262646847994 2.73761982997217 5.25839436500995
  5963 4.03663560249980 0.71879260190224 5.88014532574334
  5964 4.89883708307094 2.77566206390989 5.93465488661670
  5965 4.60899939697486 2.46204975193020 5.77032714102242
  5966 4.23946850699140 0.10992382608077 6.07740564814455
  5967 4.09387680019236 0.33625298895218 5.68892157208190
  5968 1.26650897839147 1.84212049854617 2.07636318159061
  5969 1.19236585273097 1.66272866279147 1.74971634972164
  5971 4.38070658025049 3.78765480860862 3.57636347031103
  5973 0.81726982366703 3.35214568971907 1.43509626545636
  5975 0.74540669032733 3.01116529653689 1.64305885698558
  5976 4.52363315076140 3.83150118781610 3.02812013945673
  5977 4.79806200647705 3.60802901187882 2.94419966291851
  5978 4.93669997753455 6.36748677868080 6.96111734794447
  5980 4.88610904954106 6.07379072493607 6.55869241029704
  5981 1.02843742133217 3.21659386137013 1.26984561271485
  5982 1.01257270252961 2.93852165259866 1.38983769532157
  5983 4.57888388044328 3.19497301448481 3.90142655387504
  5986 4.68550347019197 3.44373254575919 3.77484815563467
  5987 4.97399084420878 3.32362798725799 3.38225560524403
  5988 4.53485778223943 6.34032338178382 0.03896469314291
  5989 4.44130423414525 6.13064811307344 6.76651530771328
  5990 4.97710463240286 3.05646357010449 3.31595134581995
  5991 4.75602575586098 2.81186666104305 3.62006427406450
  5997 0.07886445126231 3.58888311136167 4.58374581218409
  5999 0.33093355076437 3.89851082489716 4.48074349917455
  6000 0.11253828473269 3.52147607516633 4.29665984838855
  6001 0.30930020138654 3.73868623921057 4.19888804399200
  6025 3.56481288532224 3.52693217692353 3.43476515974793
  6026 3.29799262092164 3.60474961371183 3.66467080949619
  6030 3.72161205225599 3.62205923732487 3.61685637730748
  6031 3.54499081912912 3.68763942541523 3.81529719635880
  6033 5.46349977691966 3.81028585719305 2.08258646206596
  6034 5.70493528474412 3.47006618784207 2.04903001395780
  6035 5.19886021254183 3.54317627249116 2.08707284857337
  6036 5.37768896090460 3.29389486028445 2.05863920095928
  6050 3.25192367431788 0.71866144353379 3.37213116460945
  6052 3.21827931320011 0.36438285046132 3.20778042843882
  6053 2.93206826640712 0.11293980813139 5.83699003636087
  6058 3.16488413985374 0.15187090686632 5.53041923091463
  6059 2.85712058792085 0.20349132367040 5.26092674978402
  6060 3.38947977574647 0.91743044537234 3.08504357724078
  6061 3.44491599228688 0.59681255726104 2.77878674210365
  6062 2.51908203376683 1.35947044211446 2.28522183616993
  6064 2.58664337320709 1.75178822262250 2.26949418932421
  6065 2.80288617089637 1.38676735381580 2.41130563883623
  6066 2.82418796200025 1.70974322478965 2.37761686804833
  6073 5.39773893947006 1.59070376241459 1.29644586853655
  6074 5.58369722804584 1.63480689716148 1.38217921655812
  6075 5.30131048989778 1.63601040517749 1.47417086730197
  6076 5.47805977729844 1.67916748942377 1.56962292944268
  6077 4.56803722882852 6.28410019044669 5.99382355596247
  6078 4.80280379894046 6.62023992765765 5.80949885416392
  6080 5.16343518565043 6.44046557841181 6.11453369811714
  6081 4.94811975117061 6.12341486791132 6.27649611388562
  6082 4.40272317230079 0.88724862445963 6.53728783152829
  6083 4.61940858291351 0.52378634353460 6.64991732481716
  6085 4.22473269046936 0.31476876882026 6.37047486099229
  6086 4.09073732279499 0.65620071640567 6.30867338721956
  6097 2.77447753552756 5.84989839881285 1.46177691109349
  6098 2.65825653933994 5.82279627297896 1.74783680558633
  6100 2.49796088038107 6.07928807842000 1.69692739319335
  6101 2.59017469885764 6.10343798973993 1.45880070541830
  6102 5.44889397868983 1.41399212080763 0.23467922735713
  6104 5.57033695515246 1.15095891559116 0.15632504285319
  6110 5.37581877288804 1.47030040606299 6.92219320189526
  6111 5.47908949017993 1.22870639816711 6.85421215767088
  6113 2.26157373208569 0.73844343144916 5.45606986387512
  6115 2.18266718432829 0.83292999236522 5.88736272291870
  6116 2.28712028302925 0.58759153435760 6.06407056849188
  6117 2.55312997981936 0.20480218180203 5.42123058733755
  6118 2.56199892429505 0.14058018884154 5.69355706210317
  6121 2.70397247107035 1.48686247103405 5.69533391772976
  6122 2.64180476980387 1.66542055659736 5.10872010154428
  6123 2.75981499405077 1.37359300849317 5.33620517279911
  6124 4.20252439673994 2.40551637536240 5.99790710853786
  6126 3.71314283167832 2.44020311005567 5.69587238235074
  6129 2.81941989178659 2.28770597756103 5.87015400537925
  6130 4.12297558885221 1.96747010219251 6.10701923849957
  6131 3.74688719982795 1.91259997688083 5.87964110578656
  6132 2.54415254003922 1.83432022892970 5.22706980626499
  6133 2.56498753379519 1.77600898805342 5.66188847370030
  6140 2.78112012877264 1.68817398122575 4.14385765926402
  6141 2.44319252639507 1.89397907930452 4.00320092840141
  6142 2.37697384542915 1.53078751929556 4.44781930126835
  6143 2.18646323506704 1.76959932027621 4.21831514556926
  6149 5.00059704366120 6.28599781170414 3.21135175468123
  6150 5.16856956267229 6.19321930954428 3.71055938537895
  6152 5.30491468372637 6.74042094242545 3.47504860325011
  6153 5.12800145022169 6.66494597502521 3.15908388719768
  6154 6.10613688296430 5.75596155035900 3.53055140103987
  6156 6.34190592215544 5.47224113991820 3.66073823572074
  6157 6.31525891410974 5.85599440814944 3.38503473176711
  6158 6.52077381148340 5.63027198116865 3.48340853502422
  6161 6.59633657265413 4.85260911132682 1.31974263043692
  6166 6.41932447426847 5.16759433996034 1.18103201745189
  6171 0.64424054128455 5.44771805373518 0.49411877358136
  6172 0.92210152507517 5.42572931324762 0.20916068062554
  6173 6.59592400945593 5.23815896744593 0.65537269320045
  6174 6.49562007604688 5.26029286039072 0.56017678900003
  6175 0.85463958605599 5.61406266117937 0.73778464597126
  6176 1.14245129458937 5.57626937393821 0.41967326958134
  6177 5.89011812840527 5.64873714702588 0.72455450319899
  6180 6.07771678161782 5.20407270647705 1.14542779291324
  6181 6.05241527685621 5.28189431892654 0.75644526808780
  6182 5.73661900415685 5.81901609575245 1.32877237357493
  6183 5.82783483558095 5.61772944757608 1.48880703893575
  6184 5.42943437350237 5.24315802685359 1.72574776440222
  6186 5.39174318621063 5.15411533254803 2.16799949706197
  6187 4.89841010777131 5.37162454947090 1.69302026213561
  6188 4.91687424691770 5.28055409310694 2.11484788425521
  6189 6.37628321316801 6.49019133807403 0.87568013145588
  6190 6.25475367055858 6.74677334314522 0.79529880819583
  6192 6.28441444583021 6.66764471319589 0.45183869946412
  6193 6.42622849204352 6.39060526231233 0.60444345369807
  6194 0.44694920087600 4.91958647135606 0.52827853767262
  6196 0.46819748506455 4.69539335194301 0.89737978673312
  6197 6.86937471245859 4.81742512093937 0.56844300194113
  6198 6.90283172297419 4.62522067077075 0.87965315664791
  6207 5.05707536802055 6.12469515313722 3.88467325097691
  6208 5.10733836221897 6.07103790814279 3.90125340370769
  6314 2.94022186311912 2.60600513923482 5.17334742293596
  6316 2.97159394113080 2.65949789667616 5.27457970578235
  6317 2.84121316629841 2.56703168541180 5.22442746724819
  6318 2.86777670766798 2.61932118598178 5.32394588959594
edges 4078
5      8      5
6      5     17
12      9      8
50     31     33
94     64     77
95     77     55
102     55     52
115     71     74
126    103    102
148     87     85
150     85     91
173    124    125
204    131    127
210    127    125
217    142    141
218    141    158
221    152    145
222    145    148
223    148    142
231    151    146
233    147    158
234    141    150
236    148    143
237    143    150
238    145    146
239    151    143
241    161    138
242    138    152
245    138    163
251    162    163
261    171    185
264    173    179
265    179    171
268    181    180
269    180    173
271    175    190
272    190    191
273    191    181
274    179    174
284    174    177
290    180    177
294    197    194
295    194    190
346    229    232
379    241    240
380    240    238
382    238    243
440    284    285
465    297    299
466    299    295
467    295    298
472    299    304
473    304    308
474    308    312
475    312    298
484    306    297
485    306    300
486    300    304
504    322    320
505    320    324
508    322    332
509    332    330
510    330    324
511    321    330
563    378    365
570    375    362
599    392    390
600    390    413
616    389    390
620    419    389
654    430    432
685    442    429
693    462     52
726    472    471
727    471    470
728    470    478
733    471    486
734    486    487
735    487    478
736    472    483
737    483    485
738    485    469
739    469    486
752    476    481
753    481    469
754    485    476
755    476    484
758    488    481
762    487    488
786    432     71
793    509    510
796    514    102
797    103    518
800    514    520
821    538    539
847    539    540
848    540    531
860    557    544
882    562    549
887    577      5
896    580    577
900    586    587
901    587    585
902    585    566
903    566    580
906    585     17
962    606    617
986    626    627
994    629    627
1012    641    643
1029    647    662
1030    662    657
1034    131    648
1035    648    662
1036    648    651
1048    322    678
1057    668    332
1064    671    666
1075    666    679
1089    699    686
1100    681    684
1149    724     33
1163    742    739
1176    736    741
1177    741    742
1210    719    763
1212    763    764
1225    668    782
1242    769    776
1243    776    783
1277    795    794
1280    796    802
1291    796    803
1336    243    833
1337    833    824
1349    835    845
1350    845    843
1351    843    844
1352    844    841
1353    841    835
1354    835    838
1355    838    852
1356    852    587
1357    585    845
1361    836    846
1362    846    586
1363    852    836
1364    836    848
1365    848    849
1366    849    853
1367    853    846
1376    843    851
1377    851    850
1381    849    686
1382    566    851
1397    863    867
1405    865    871
1411    862    865
1413    124    862
1415    870    871
1416    870    863
1421    877    875
1436    872    890
1441    877    894
1459    885    890
1463    911    913
1470    910    911
1475    901    909
1476    909    655
1483    903    912
1487    903    910
1497    920    923
1498    923    927
1499    927    924
1542    947    940
1543    274    947
1584    971    978
1585    978    968
1591    969     87
1594    979    969
1597    979    967
1606    973    976
1615    967    977
1618    977    976
1620    991   1015
1664   1020   1038
1671   1022   1038
1677   1022   1037
1678   1037   1021
1679   1021   1036
1680   1036   1035
1681   1035    171
1714   1045   1046
1720   1046     64
1739   1020    927
1741   1059    920
1742   1065   1068
1748   1070   1065
1752   1081   1068
1776   1081   1076
1777   1076   1080
1783   1091   1099
1784   1099   1106
1785   1106   1100
1786   1100   1098
1787   1098   1091
1788   1091   1094
1789   1094   1097
1792   1093   1102
1793   1102   1099
1794   1098   1092
1795   1092   1101
1796   1101   1094
1797   1100   1104
1798   1104   1103
1799   1103   1092
1817   1112    472
1820    862   1112
1824   1118    470
1831   1114   1118
1833   1122   1114
1845   1137   1136
1846   1136   1126
1847   1126   1130
1848   1130   1134
1868   1122   1137
1890   1151   1147
1894   1153   1155
1902   1080   1156
1903   1156   1155
1919   1181   1178
1927   1168   1184
1957    266   1202
1980   1207     85
1984    626   1207
1985    643   1210
1986   1210   1211
1989   1209   1210
1991   1211    681
1992    684   1209
2003   1214    722
2004   1212   1226
2006   1217   1212
2007   1212   1218
2010    940   1226
2012   1216   1218
2020   1221   1216
2069   1244   1255
2078   1259   1266
2083   1259   1261
2084   1261   1265
2092   1065   1265
2137   1289   1293
2141   1287   1289
2145   1287   1294
2154    580   1300
2179    476   1304
2180   1304    146
2211   1336   1328
2215   1330   1323
2216   1323   1326
2219   1324   1336
2220   1329   1324
2221   1324   1325
2222    976   1346
2224    147    973
2227   1349   1346
2229    158   1345
2230   1345   1344
2231   1344   1348
2232   1348   1347
2234    141   1344
2235   1349   1350
2236   1350    150
2238   1348   1350
2251   1364   1352
2254   1362   1361
2255   1361   1364
2261    662   1352
2262   1361    657
2299   1375   1357
2301   1380   1375
2333    392   1401
2334   1401   1212
2343   1147   1405
2345   1405   1226
2358   1406   1409
2362    174   1406
2384   1419   1421
2385   1421   1424
2389   1430   1419
2406   1439   1447
2407   1447   1446
2408   1446   1445
2411   1448   1439
2413   1329   1449
2414   1449   1448
2421   1449   1447
2422   1445   1440
2445   1460   1336
2455   1466   1457
2463   1459   1461
2470   1472    890
2471    885   1457
2488   1460   1077
2497    852   1481
2506   1484    469
2530   1508   1493
2533   1489   1504
2535   1493   1502
2536   1502   1489
2537   1489   1496
2555   1510   1511
2563   1517   1530
2583   1528   1529
2589   1529   1525
2621   1549   1563
2622   1563   1559
2629   1559    644
2661   1566   1570
2669   1571   1570
2682    900   1577
2683   1577   1081
2690    557   1580
2691   1580   1587
2692   1587    679
2726    297    515
2731    299    699
2758   1616   1617
2770   1619   1622
2775   1622    969
2776    967   1617
2836    362    769
2837   1532   1657
2840   1656   1657
2853   1663   1137
2867   1671   1666
2868   1666   1667
2871   1666   1676
2877    161   1674
2878   1674   1668
2883   1674    782
2888   1677   1676
2924    901   1698
2925   1698   1261
2926   1577   1703
2930   1702   1698
2931   1702   1701
2932   1701   1265
2933   1701   1699
2934   1699   1068
2935   1699   1703
2967   1722   1724
2972   1717   1719
2977   1725   1717
2978   1717   1722
2980   1725   1723
2981   1723   1724
3000   1732   1736
3019    912   1742
3021   1742   1380
3036   1765   1751
3082    958    841
3117   1792   1789
3121   1800   1792
3128    824    180
3129    181   1804
3130   1804   1806
3132    833   1804
3135   1809   1810
3136   1810   1806
3146    849    304
3154   1207   1622
3229   1843    867
3252   1855   1130
3253    375   1854
3264   1861   1676
3269   1861   1862
3272   1862    260
3314   1809   1883
3325   1884   1891
3339   1862   1015
3342   1894   1900
3343   1900   1901
3344   1901   1202
3348   1895   1900
3372    763   1913
3373   1913    945
3381   1915   1912
3382   1912   1867
3383   1913   1915
3385   1912    764
3406   1544   1927
3407   1927   1926
3408   1926   1289
3409   1926   1244
3416    241   1927
3419   1795   1939
3420   1939   1938
3461   1642   1349
3500   1965   1155
3501   1965    540
3516    531   1964
3533   1973   1884
3534   1973   1725
3574   1989    175
3575    190    641
3579   1806   1563
3594   1303   1996
3605   1517   1938
3611   1939   2000
3618    194   1210
3619   1209   2003
3622    197   1211
3628   1699   1736
3640   1021   1352
3649    647   1036
3673   1677   2038
3674   2038   2032
3675   2032   2031
3681   2034   2038
3682   2031   2024
3683   2024   2029
3692   2027   2030
3693   2030   2025
3695   1668   2027
3699   2030   2029
3700   2034   2035
3704   1214   1855
3725   2043   2045
3744   1924   1883
3745   1549   1810
3747   1797   2058
3753   2057   2058
3755    742   1722
3764   2062    909
3775   2063   2071
3778    576   2063
3781   2074   2071
3817   2032   1895
3822   2035   1762
3828   1259   2084
3829   2084   2085
3830   2085   1698
3836   2062   2085
3842   1227   1582
3862   2094   2100
3865   2097   2094
3866   2094    497
3869   2097   2096
3876   2096   2104
3877   2104   2008
3881   1639   1459
3885   1965   2106
3890    539   2106
3899   2109   2110
3901   2110   2111
3905   2111   1502
3906   1493   2109
3921   2118    843
3922   2118    289
3924   2122   2121
3928   1656   2120
3929   2120   2122
3931   2119   2123
3932   2123   2120
3933   2111   2119
3935   2121   2123
3955    602   2127
3966   2135   2141
3971   2135    520
3991   1406   1854
3995   2135   2127
4002    478   2146
4013   1266    846
4014    836   2084
4017    308    853
4028   1751   2153
4030   1765   1792
4031   1789   2153
4033   1996   2058
4049   2029   1587
4060   2161   2162
4074   2000   1318
4090   2173   2171
4091   2171   1181
4094   1348   2173
4112   2180    390
4113   1401   2178
4119   2178   1217
4126   2123   2173
4129   2119   1344
4130   2110   1345
4147   2178   1097
4149   2180   1091
4151   1099    413
4153   1093   1904
4160   2186   1279
4169   2192   2186
4197    347    700
4201   1481   2085
4242   2221   2223
4247   1103   2222
4248   2222   2225
4249   2225   2227
4250   2227   2221
4257   2223   2218
4259   2218   2227
4263    312   2229
4266   2230    850
4278   1362   2237
4279   2237    910
4287   2031   2238
4288   2238   1900
4310    509   2122
4330   1445   1525
4351   2097   1499
4352   2096   2251
4353   2251   2182
4360   2253   1566
4361   1570    162
4377   2218   2260
4378   2260   2259
4379   2259   2025
4380   2259   2230
4381   2260    851
4382   2227   2118
4393   2266   2265
4394   2265   2264
4397    870   2266
4399   2265   2262
4401    871   2262
4421   2269   1419
4452   1894   1421
4453   2269   2238
4458   1571   2222
4469    803   2266
4496   2260   1300
4503   2288    518
4508   2289   1106
4524   2161   2283
4527   2268   2143
4533   2253   1098
4548    802   2298
4552   2297   2298
4553   2003   2297
4573    617   1769
4584   2306   2264
4596   2308    911
4613   2104   2288
4616   1927   2312
4617   2312   2313
4619    796   2312
4620   2313   2298
4623   2313   2306
4624   2312   2265
4626   1926   2262
4696   1657   2337
4785   1020   2366
4788    173   2366
4889   2401   2402
4895   1616   2401
4896   1642   2402
4964   1732   2425
4967      3   2425
4971   2428   2430
4975   1255   2430
4976   1996   2428
4978   2057   2430
4993    808   2436
4996   1769   2436
5070   2460   2461
5072   1249   2460
5076   2043   2461
5081   1571   2463
5082   1092   2463
5083   1566   2463
5086    453   2464
5087    510   2464
5091   2466   2467
5092   1044   2466
5093   1424   2466
5096   1894   2467
5097   1202   2467
5162    358   2487
5177    647   2493
5180     47   2493
5185    131   2495
5188    651   2495
5200   2501   2502
5206    901   2501
5207    900   2502
5211   2505   2506
5214   2045   2506
5221    173   2507
5224   1020   2507
5249    795   2517
5291   2531   2533
5293   1619   2531
5296    848   2531
5298   2084   2533
5317   2540   2541
5324   2014   2541
5336   2546   2548
5338   1045   2546
5340   1050   2548
5341   1148   2546
5383   2218   2561
5386   2025   2561
5451    724   2584
5457   2586   2587
5459   1517   2586
5460   1527   2586
5462   2000   2587
5465    833   2588
5466   1809   2588
5541   1279   2612
5564   2620   2621
5568   1466   2621
5570   1459   2620
5577   1496   2624
5603   1510   2632
5643   1559   2645
5659   1386   2652
5695   2100   2664
5698   2237   2664
5755   2027   2683
5788   1671   2692
5789   1677   2692
5794   2692   2694
5795   2034   2694
5820    557   2701
5831      8   2704
5859   1021   2714
5862   1038   2714
5867   1330   2716
5870   1357   2716
5911   2732   2733
5914    968   2733
5916   1259   2732
5929   2738   2739
5931   2162   2738
5934   2283   2738
5935   2285   2739
5950   2588   2745
5987   1496   2756
5993   2758   2759
5994   1493   2758
5996   1504   2758
5997   2109   2759
5999   1667   2759
6013   1855   2763
6058   2268   2778
6061   2106   2778
6062   2779   2780
6069   1168   2780
6109   2795   2796
6126   2800   2802
6128   1508   2800
6130   2182   2802
6131    102   2800
6164   1323   2812
6173   2114   2815
6176   2127   2815
6188   2821   2822
6189    284   2821
6192    719   2822
6194    721   2822
6211   1081   2827
6212   1065   2827
6227   1148   2832
6229   1147   2832
6230   2833   2834
6233    602   2833
6269   2845   2846
6272   2501   2845
6276    912   2846
6296   2854   2855
6299   1703   2854
6300   1702   2855
6302    900   2854
6303    901   2855
6309   1448   2858
6312   1153   2858
6332   2866   2867
6333    103   2866
6334     88   2866
6335   2802   2866
6336   2288   2867
6337   1989   2867
6338   2251   2867
6346   2870   2871
6347    568   2870
6348    577   2870
6350   1293   2871
6351   1303   2871
6362   2493   2874
6363    657   2874
6375   2584   2878
6377     33   2878
6386      8   2881
6388   2882   2883
6390    978   2882
6404   1362   2886
6405   1357   2886
6409   2888   2889
6410   2035   2888
6412   2032   2888
6413   2025   2889
6415   2024   2889
6423   1178   2891
6439    950   2898
6442   2264   2898
6448   1221   2901
6457   1202   2904
6460   1915   2904
6490   2915   2916
6495    544   2915
6496   2826   2916
6512    375   2921
6514    378   2921
6545   2467   2930
6555   1214   2933
6581   2941   2942
6582   2161   2941
6583   2160   2941
6586   2153   2942
6665   1450   2966
6666   2967   2968
6668   2100   2967
6670   1529   2968
6674    161   2969
6676    162   2969
6710   2980   2981
6712   1815   2980
6720   2253   2982
6739   1674   2989
6742   2683   2989
6751    147   2992
6754    736   2994
6755    872   2994
6765   2930   2997
6771   2178   2999
6772   2180   2999
6773   1094   2999
6780   1122   3001
6781   3002   3003
6783   1904   3002
6785   2161   3003
6787   2160   3003
6788   3004   3005
6789   2062   3004
6790   2533   3004
6791   1624   3004
6793   1617   3005
6827   3016   3017
6828     17   3016
6829      3   3016
6831    587   3017
6841   3020   3021
6842    566   3020
6843    586   3020
6845    850   3021
6846    853   3021
6847   2229   3021
6862   3026   3027
6864   1416   3026
6868   1430   3027
6931     47   3048
6932     31   3048
6933     48   3048
6948    125   3053
6949   3001   3053
6955    813   3055
6957   1156   3055
6965   3058   3059
6968    453   3058
6969    497   3059
6971    510   3059
6986   3064   3065
6987   2756   3064
6988   1502   3064
6989   2121   3064
6990   1499   3065
6991   1508   3065
6992   2182   3065
7000   3068   3069
7001   1481   3068
7003   1702   3068
7004   3017   3069
7005   2425   3069
7006   1701   3069
7007   3070   3071
7008    185   3070
7009   2008   3070
7012   2288   3071
7013    175   3071
7038   1386   3079
7050   3084   3085
7052   2259   3084
7053   2889   3085
7083    794   3094
7091   3097   3098
7092    776   3097
7096   1489   3098
7105   3101   3102
7107   2694   3101
7110   2035   3102
7111   2561   3102
7141   3113   3114
7143   2111   3113
7144   2119   3114
7146   3098   3113
7147   1656   3114
7186      9   3127
7188      0   3127
7192   2487   3128
7210   3134   3135
7213   2461   3134
7214   1174   3135
7215   2966   3135
7216   2045   3135
7217   3136   3137
7218   1742   3136
7221    903   3137
7222   2664   3137
7223   2740   3137
7250   2495   3145
7257   3094   3147
7258   1639   3147
7273   2221   3153
7276   2881   3153
7277   3154   3155
7279     77   3154
7281   1447   3155
7283   1530   3155
7290   1904   3157
7306   1703   3162
7307   1772   3162
7312   3164   3165
7314   2541   3164
7315   1883   3164
7316   1822   3165
7317   2540   3165
7318   1885   3165
7319   3166   3167
7321   2815   3166
7323   2143   3167
7348   1103   3174
7349   2221   3174
7393    681   3187
7395   3189   3190
7396   2882   3189
7397     87   3189
7399    968   3190
7401    300   3190
7402   3191   3192
7404   2758   3191
7406    260   3192
7413     55   3194
7415    462   3194
7433    850   3199
7436    686   3199
7443    976   3203
7446    979   3203
7466   3211   3212
7467   3190   3211
7468   2531   3211
7469    969   3211
7470   2732   3212
7471   2533   3212
7472    967   3212
7481   2063   3215
7487   3217   3218
7488    481   3217
7489    146   3217
7490    163   3217
7509   2402   3223
7510   1639   3223
7517   3226   3227
7520   2871   3227
7522   2994   3226
7523   2455   3227
7544   2716   3234
7549   2740   3235
7563   1450   3239
7564   1174   3239
7569   1386   3241
7570   1391   3241
7602   2014   3251
7638    924   3263
7641   1806   3263
7652   3268   3269
7653    124   3268
7656   1112   3269
7657    950   3269
7667   1642   3272
7698   1532   3281
7699   3114   3281
7700    142   3281
7702   2143   3282
7704   2803   3282
7718   3287   3289
7720   1725   3287
7722   1884   3289
7723   1719   3287
7738   1559   3293
7758   3300   3301
7762   2505   3301
7763   1001   3301
7766   3185   3302
7767   1001   3302
7768   1762   3302
7798   1481   3312
7801    838   3312
7823   2008   3319
7835    430   3322
7858   2796   3331
7859    808   3331
7867    229   3333
7868   3334   3335
7869    872   3334
7870    863   3334
7872   3226   3335
7873    871   3335
7874   1293   3335
7876   3162   3336
7878   1736   3336
7893   3027   3341
7895   3085   3341
7899    306   3342
7917   3348   3349
7920   1330   3348
7921   1326   3349
7923   1375   3348
7937   3355   3356
7939   1347   3355
7940   2182   3356
7942   2173   3355
7943   2121   3356
7957   1582   3361
7958   2709   3361
7960   3362   3363
7961   1036   3362
7965   3001   3363
7966   1663   3363
7977   1001   3366
8003   3374   3376
8005    158   3374
8007   2110   3376
8010   1667   3376
8038   3386   3387
8039   1439   3386
8043    531   3387
8044    429   3387
8070   1861   3395
8071   1895   3395
8072   2038   3395
8074   2027   3396
8075   2561   3396
8076   2225   3396
8080   3398   3399
8081    783   3398
8082    678   3398
8083    769   3398
8085   1409   3399
8086   1854   3399
8087   3400   3401
8088   1080   3400
8089   1153   3400
8093   1077   3401
8108   3406   3407
8109   2366   3406
8110   2714   3406
8111    171   3406
8114   3070   3407
8125   1059   3410
8133   3155   3413
8135   1938   3413
8140   1964   3415
8141   2548   3415
8143   3416   3417
8144    764   3416
8146   2822   3416
8193   1405   3431
8194   3157   3431
8195   1401   3431
8199   2487   3432
8214    486   3437
8217   3438   3439
8219   1050   3438
8221    274   3439
8231   3442   3443
8232    679   3442
8234   2030   3442
8236   3199   3443
8237   2230   3443
8238   3444   3445
8240   1528   3444
8241   2586   3444
8242   1446   3445
8243   1525   3445
8244   1530   3445
8245   3446   3447
8246   2624   3446
8247   2933   3446
8248   2763   3446
8250    945   3447
8260   1148   3450
8261   1448   3450
8262   1153   3450
8269   1885   3452
8280   3194   3457
8283   1971   3457
8304   1582   3464
8306   2915   3464
8314   3467   3468
8315   1466   3467
8316   1325   3467
8318   3234   3468
8320   1440   3468
8323   3223   3469
8324   1642   3469
8340   3342   3474
8341   2833   3474
8342   3475   3476
8343   2106   3475
8344   3055   3475
8346    538   3476
8347    809   3476
8387   2074   3488
8401   1093   3492
8402   3157   3492
8403   1097   3492
8408   1570   3494
8427    298   3498
8460   2874   3510
8467   3094   3513
8469    629   3513
8473   3515   3516
8474    510   3515
8477   2122   3516
8478   2756   3516
8485   2826   3518
8486   2203   3518
8487   3519   3520
8488    671   3519
8489   2989   3519
8490    668   3519
8493    330   3520
8494   3521   3522
8495   2587   3521
8496   3349   3521
8497   1318   3521
8498   3444   3522
8499   3348   3522
8515   3527   3528
8516    795   3527
8520   1544   3528
8521    796   3528
8542   1279   3533
8567    285   3543
8569   2878   3543
8584   3548   3549
8586   3199   3548
8587    844   3548
8588    671   3549
8589   3442   3549
8590   2683   3549
8592    920   3550
8593   3410   3550
8594    924   3550
8598   3552   3553
8600   3180   3552
8602   1566   3553
8604   3437   3553
8605   3554   3555
8606    181   3554
8607   3263   3554
8608   2366   3554
8609    175   3555
8611   3407   3555
8638   3564   3566
8642   1854   3566
8645   2921   3566
8650   2882   3568
8653    973   3568
8657   3571   3572
8659   3269   3571
8662    471   3571
8663   3437   3572
8682    876   3578
8683   3503   3578
8689   1724   3580
8691   1798   3580
8707    197   3585
8709   3071   3585
8721   3589   3591
8726      0   3589
8728   3417   3591
8752   1419   3600
8756   3601   3602
8757    562   3601
8758    295   3601
8761    297   3602
8762   2833   3602
8764    655   3603
8765   2495   3603
8766     46   3603
8774   2704   3606
8775   3153   3606
8776    289   3606
8782   3585   3608
8783    518   3608
8790   2845   3610
8791   3611   3612
8792    724   3611
8794   1136   3611
8795     31   3612
8796   2513   3612
8797   1663   3612
8812   3617   3618
8814    813   3617
8815    808   3617
8816   3336   3618
8817   1772   3618
8818   2436   3618
8823    894   3620
8826    885   3620
8828   3622   3623
8831   1130   3622
8832   1221   3623
8834   1214   3623
8849   3628   3629
8853   1287   3629
8855   1544   3629
8895   3642   3643
8896   1391   3642
8897    438   3642
8898    442   3642
8899     74   3643
8900    432   3643
8901    429   3643
8902   3644   3645
8905   3628   3644
8906   2014   3645
8907   2981   3645
8920   2146   3649
8921   1118   3649
8923   3650   3651
8924   2513   3650
8925   3048   3650
8929   2670   3651
8934   1510   3653
8950   1416   3658
8951   3027   3658
8969   3664   3665
8970   1328   3664
8971   1461   3664
8973   1325   3665
8974   2620   3665
8975   1323   3665
9019    321   3679
9020    152   3679
9021   2207   3679
9051   1904   3688
9054   3690   3691
9056    358   3690
9059   3128   3690
9070   3695   3696
9071   3218   3695
9072    488   3695
9073   1309   3695
9075   2982   3696
9076    419   3696
9092    929   3701
9105   3079   3704
9125   3712   3713
9126   3187   3712
9128    666   3712
9130   3361   3713
9139   3716   3717
9140   1122   3716
9141   3653   3716
9142   2632   3716
9143   1118   3717
9150   3589   3719
9152   2796   3719
9153   3720   3721
9156   1800   3720
9157   1093   3721
9159   3003   3721
9203   3736   3737
9204     88   3736
9206     85   3736
9208    643   3737
9209    626   3737
9218   3378   3740
9219   3717   3740
9224   3742   3743
9227   2714   3742
9229   3319   3743
9230   3407   3743
9245   3748   3749
9246   1511   3748
9250    462   3749
9253   1885   3750
9255   1891   3750
9259   3752   3753
9260   2645   3752
9265   1989   3753
9270    911   3755
9272   2854   3755
9283   3759   3761
9285    365   3759
9287   1511   3761
9296   2283   3764
9299   3721   3764
9307   1304   3766
9309   3768   3769
9311   2502   3768
9313    913   3769
9314    900   3769
9334   3600   3775
9335   2916   3775
9336   1912   3775
9341   2745   3777
9342   3289   3777
9348   2507   3779
9349   2745   3779
9350    824   3779
9365   3784   3785
9366   1484   3784
9367   3494   3784
9368    163   3784
9369   2207   3785
9371    138   3785
9377   1249   3788
9396   3580   3792
9403   2981   3796
9406   3229   3796
9413    809   3799
9414    875   3799
9415   3800   3801
9418    913   3800
9419   2803   3801
9421   2308   3801
9422   3802   3803
9424   2846   3802
9426    419   3803
9427   3610   3803
9428   1309   3803
9436   3806   3807
9437   3649   3806
9438   3740   3806
9440   3622   3807
9441   1134   3807
9442   2901   3807
9475   3818   3819
9477   2989   3818
9478   3785   3818
9480   3520   3819
9481   2207   3819
9483   3820   3822
9488   2645   3820
9490   3753   3822
9507   3828   3829
9510    177   3828
9511    191   3829
9514    194   3829
9548   3841   3842
9549    485   3841
9550   3766   3841
9552   1484   3842
9554   2898   3842
9555   3843   3844
9556    867   3843
9557   3145   3843
9558    127   3843
9559    870   3844
9561    124   3844
9573    509   3848
9576   3322   3848
9585   3852   3853
9592   3854   3855
9593    700   3854
9594   3589   3854
9595   3503   3854
9597   3591   3855
9598   2203   3855
9623   3863   3865
9625   3084   3863
9627   2230   3865
9628   1815   3863
9630   2229   3865
9634   1022   3866
9669   3005   3876
9695   3886   3887
9699    389   3887
9700   2982   3887
9701   2180   3887
9703    783   3888
9705   2763   3888
9722   2506   3893
9723   3894   3895
9725   2745   3894
9726    927   3894
9728   3289   3895
9755   3802   3903
9758    389   3903
9767    958   3906
9774   1499   3910
9777   3801   3910
9779   3601   3911
9780   3498   3911
9781   2834   3911
9795   3192   3915
9798   2135   3915
9815   3922   3923
9818   1795   3922
9819   1800   3923
9820   2160   3923
9821   1789   3923
9825   3334   3924
9839   2540   3929
9840    929   3929
9846   3931   3933
9848    655   3931
9850    651   3933
9855   3934   3936
9857    813   3934
9859   2268   3936
9860   1772   3934
9862   2803   3936
9879   3942   3943
9880    266   3942
9882    260   3942
9883   1901   3943
9884   1835   3943
9885   1861   3943
9890   3319   3945
9892   3822   3945
9893   3946   3947
9894   2632   3946
9895   3564   3946
9896   1137   3946
9898   3566   3947
9899   1126   3947
9907   3950   3951
9908   2513   3950
9910   1409   3950
9911   3651   3951
9912   1227   3951
9913   2709   3951
9914   3952   3953
9915   3162   3952
9916   3755   3952
9919   3510   3953
9920   3036   3953
9926   1964   3955
9927   3166   3955
9929   3956   3958
9933   1798   3958
9936   1724   3958
9945   2104   3961
9959   3552   3966
9960   3572   3966
9963    684   3967
9990   3975   3976
9991   3761   3975
9992   1971   3975
9993   1723   3975
9994   1511   3976
9996   3792   3976
10010   2621   3981
10025    240   3985
10026   1924   3985
10043   3991   3992
10044    950   3991
10045   3572   3991
10047   1484   3992
10048   3437   3992
10049   3494   3992
10057   3995   3996
10060    929   3995
10064   3550   3996
10083    838   4003
10088   3475   4005
10089   2778   4005
10090    813   4005
10091   4006   4007
10092    741   4006
10093   3226   4006
10094    865   4006
10095    739   4007
10096   3227   4007
10097   2058   4007
10098   4008   4009
10099    910   4008
10100   3931   4008
10102   1362   4009
10103   3933   4009
10104    657   4009
10105   4010   4011
10108   2461   4010
10109   2192   4011
10112   4012   4013
10114   3777   4012
10115   1891   4012
10117   3759   4013
10123   1867   4015
10124   3600   4015
10125   1424   4015
10152   3873   4024
10154   3922   4024
10158   4026   4027
10159   2858   4026
10160   3386   4026
10161    540   4026
10164    538   4027
10169   2043   4029
10170   3185   4029
10172   4030   4031
10173   3263   4030
10174   3820   4030
10175   3410   4030
10176   3555   4031
10177   3822   4031
10178   3743   4031
10180   4032   4034
10182    347   4032
10184   3956   4034
10185   1973   4032
10187   1723   4034
10210   4041   4043
10212     88   4041
10214   1989   4043
10215   3737   4041
10217    641   4043
10221   1772   4044
10224   2803   4044
10249   2779   4054
10250   1391   4054
10251   3079   4054
10252   4055   4056
10253   2517   4055
10254   3644   4055
10255   3229   4055
10256   3527   4056
10257   3629   4056
10260   4057   4059
10262   3073   4057
10264   1294   4059
10267   1288   4059
10275   4062   4063
10276   2401   4062
10278   1639   4062
10279   2812   4063
10281   2620   4063
10305   4071   4072
10306   1430   4071
10307   3085   4071
10308   2701   4071
10309   2269   4072
10310   2024   4072
10311   1580   4072
10313   2192   4073
10314   3893   4073
10315   2612   4073
10323   1168   4076
10325   3533   4076
10328   3748   4077
10329    365   4077
10337   3101   4080
10340   1104   4080
10348    125   4082
10354   1795   4085
10357   1798   4085
10360   4088   4089
10361    103   4088
10362     91   4088
10363   3736   4088
10364   3608   4089
10366   1211   4089
10392   1221   4097
10395   2933   4097
10400    378   4099
10403   3779   4099
10408   4103   4104
10410    876   4103
10411   3895   4104
10414    923   4104
10415   4105   4106
10422   3543   4106
10446    890   4114
10455    322   4116
10458    769   4116
10461   4119   4120
10462   1472   4119
10463   1457   4119
10466   3981   4120
10470   3866   4121
10476    875   4123
10477   4114   4123
10478   3620   4123
10483   2043   4125
10484   4011   4125
10485   3893   4125
10496   4129   4130
10498      5   4129
10499   2870   4129
10500   3296   4130
10501   3127   4130
10502   2455   4130
10504   1532   4131
10510   4133   4134
10511    413   4133
10514   1102   4134
10515   3688   4134
10521    844   4136
10523   2683   4136
10524   4137   4138
10526   3873   4137
10528   2832   4138
10530   1045   4138
10552   4145   4146
10554   3378   4145
10555    453   4145
10556   3749   4146
10559   4147   4148
10560   1375   4147
10561   3136   4147
10562   1528   4147
10563   2886   4148
10564   2664   4148
10565   2968   4148
10566   4149   4150
10568   3378   4149
10569   1527   4149
10571   4146   4150
10572   1517   4150
10573   4151   4152
10574    909   4151
10575   3876   4151
10576   2845   4151
10577   3931   4152
10579    912   4152
10580   4153   4154
10581   1405   4153
10582   4138   4153
10583   3691   4153
10584   3157   4154
10585   3873   4154
10587   4155   4156
10588    185   4155
10589   3585   4155
10591   2670   4156
10593   2709   4156
10605   2466   4160
10606   2904   4160
10607   1867   4160
10612    739   4162
10613   3958   4162
10614   1797   4162
10622   4165   4166
10624   3509   4165
10625   3498   4165
10626   2860   4166
10628    312   4166
10647   4173   4174
10649    102   4173
10650   2883   4174
10652    520   4173
10653   2141   4174
10665   3268   4178
10668   3053   4178
10673   3413   4180
10676   1449   4180
10679   4183   4184
10680   3203   4183
10681   3568   4183
10682     87   4183
10685     88   4184
10693   4187   4188
10697    515   4188
10699   4089   4187
10700     91   4188
10704   4191   4192
10706   2967   4191
10711   4193   4194
10714   3331   4193
10717   3719   4193
10727   4198   4199
10728   3474   4198
10730   2860   4198
10731   2834   4199
10732   2652   4199
10733   4165   4199
10736   4201   4202
10738    232   4201
10741    365   4201
10742   4013   4202
10745   4204   4205
10750    958   4204
10751   4136   4205
10759   4208   4209
10760   3300   4208
10761   3395   4208
10762   1015   4208
10763   1001   4209
10764   2034   4209
10766   4210   4211
10767   2045   4210
10768   3301   4210
10769   3185   4210
10770   2966   4211
10784   3509   4215
10785   2981   4215
10786   3251   4215
10791   2207   4217
10792   3842   4217
10793   2306   4217
10794   4218   4219
10795   3167   4218
10797   3439   4218
10798   2815   4219
10799   3915   4219
10819   4226   4227
10821   3239   4226
10825   1178   4227
10833   4230   4231
10834   3218   4230
10835   2992   4230
10836   3696   4230
10837    162   4231
10839   2253   4231
10853    923   4236
10854   3866   4236
10855   1038   4236
10856   4237   4238
10857   3300   4237
10858   2997   4237
10859    991   4237
10860   2505   4238
10861   3871   4238
10863   4239   4240
10865   2881   4239
10867   1797   4240
10869   1792   4240
10871   4241   4243
10873    179   4241
10876   1406   4241
10878   3564   4243
10882   4029   4244
10885   1751   4244
10888   4247   4248
10890   4080   4247
10892   3764   4248
10899   2826   4250
10900   3600   4250
10905   1800   4251
10908   4239   4251
10917   4073   4254
10927   4259   4260
10929   4194   4259
10930   3799   4259
10931   3578   4260
10932   4193   4260
10938   3966   4262
10939   4105   4262
10940   4204   4262
10950   3996   4265
10955   4267   4268
10956    202   4267
10957   3766   4267
10958    145   4267
10960   4217   4268
10961   3679   4268
10965   1532   4269
10968    148   4269
10976   2621   4273
10977   1843   4273
10984   2739   4275
10992   4278   4279
10993   3356   4278
10995   3848   4278
10996   2251   4279
10997   3753   4279
11000   4280   4282
11002    794   4280
11005   3981   4280
11007   1843   4282
11013   3322   4285
11016   2891   4285
11018    274   4286
11024   4288   4289
11025   2513   4288
11026   4241   4288
11027   1035   4288
11028   1663   4289
11029   4243   4289
11030   3362   4289
11031   4290   4291
11032   1106   4290
11033   4247   4290
11035   1102   4291
11036   3764   4291
11037   2285   4291
11042   3128   4293
11044   4154   4293
11046   4294   4296
11048    442   4294
11050   3241   4296
11051    531   4294
11053   3955   4296
11054   4297   4298
11055    392   4297
11056   4133   4297
11057   3768   4297
11058   3431   4298
11059   3688   4298
11060   1151   4298
11090    362   4308
11093   2337   4308
11095   4310   4311
11096   2982   4310
11097   3553   4310
11098    487   4310
11099   3886   4311
11100   3180   4311
11101   2146   4311
11111   4315   4316
11113   4121   4315
11114    894   4315
11125   4319   4320
11126   3924   4319
11127   4280   4319
11128   3527   4319
11129    863   4320
11130   4282   4320
11131    803   4320
11154   3079   4326
11162   4202   4330
11168   3748   4332
11170   4145   4332
11183   1901   4337
11186   2238   4337
11191   3580   4339
11204    835   4343
11205   4344   4345
11206   4120   4344
11207   3924   4344
11208   1472   4344
11209   3488   4345
11216   1938   4347
11218   4085   4347
11237   4354   4355
11240   3417   4354
11241   3432   4355
11243   2821   4354
11253   4359   4360
11255   3848   4359
11256    497   4359
11257   3945   4360
11258   4279   4360
11259   2096   4360
11274   2430   4365
11275   1249   4365
11285   4369   4370
11286   2428   4369
11287   4057   4369
11288   1244   4369
11289   1303   4370
11290   4059   4370
11291   1289   4370
11299   4373   4374
11300   3203   4373
11301   3272   4373
11302   1349   4373
11303   4184   4374
11305   1347   4374
11317   3866   4378
11318   4104   4378
11319   1719   4378
11323    576   4379
11326   3020   4379
11331   3704   4382
11332   2612   4382
11336   4384   4385
11337   4134   4384
11340   2285   4385
11342   4275   4385
11343   4386   4387
11346   3215   4386
11347   1070   4387
11349   1266   4386
11350   1265   4387
11352   4389   4390
11353    795   4389
11354   3513   4389
11358    644   4390
11359   4391   4392
11360   3653   4391
11361   4339   4391
11362   3792   4391
11363   3717   4392
11365   4149   4392
11366   4393   4394
11367   2753   4393
11369   4226   4393
11371   3831   4394
11372   1450   4394
11382   4398   4399
11383   2283   4398
11386   2942   4399
11387   4244   4399
11388   4125   4399
11413   4243   4406
11416   2507   4406
11419   4409   4410
11420   1114   4409
11421   4178   4409
11422   3571   4409
11425   3966   4410
11426   4411   4412
11427   3947   4411
11429   1134   4411
11430   2632   4412
11431   4332   4412
11432   3740   4412
11433   4413   4414
11434   3319   4413
11435   4191   4413
11437   3742   4414
11438   4192   4414
11439   1364   4414
11444    320   4416
11445   3828   4416
11451   4010   4418
11452   2186   4418
11458   4227   4420
11461   4421   4422
11462   4349   4421
11463   3796   4421
11464   3509   4421
11467   4166   4422
11468   4423   4424
11471   2455   4423
11474   3296   4423
11475   4259   4424
11477   4426   4427
11479    151   4426
11480   3218   4426
11481   1346   4427
11482    150   4427
11483    147   4427
11488    644   4429
11489   4043   4429
11490   3752   4429
11495   3293   4431
11498   4390   4431
11509   4436   4437
11510    202   4436
11511   4269   4436
11516   4438   4439
11517   1815   4438
11519   3796   4438
11520   2229   4439
11521   4379   4439
11522   4422   4439
11530   4442   4443
11532   4205   4442
11533   1571   4442
11534   2118   4443
11535   4136   4443
11536   2225   4443
11545   2297   4446
11547   4447   4449
11552   3145   4447
11554   1624   4449
11555   4450   4451
11556   3548   4450
11559    841   4451
11560   4003   4451
11562   4452   4453
11564   4265   4452
11566   3804   4453
11567   3995   4453
11568   3853   4453
11569   4454   4455
11570   3777   4454
11571   4099   4454
11572   3759   4454
11573   3287   4455
11575   3761   4455
11576   4456   4457
11577    202   4456
11580   3766   4457
11581   3788   4457
11582   1255   4457
11583   4458   4459
11584   4150   4458
11585   3792   4458
11586   4347   4458
11587   3749   4459
11588   3976   4459
11589   3457   4459
11590   4460   4461
11591    472   4460
11592   4339   4460
11594    470   4461
11595   4392   4461
11601    152   4463
11604    142   4463
11609   3296   4465
11612   4194   4465
11624   4471   4472
11625   4413   4471
11627   1361   4471
11628   2008   4472
11629   3961   4472
11631   4473   4474
11632   3961   4473
11634   3036   4473
11635   2308   4474
11636   4044   4474
11637   3952   4474
11638   4475   4476
11640   2855   4475
11641    655   4475
11642   3510   4476
11643   3755   4476
11644   4008   4476
11651     52   4477
11654   4480   4481
11656    442   4480
11657   3852   4480
11659    438   4481
11660   4452   4481
11661   4482   4483
11662   3967   4482
11663   4188   4482
11664    699   4482
11665    681   4483
11666   4187   4483
11668   4484   4485
11671   2732   4484
11672    971   4485
11673   4385   4485
11674   2733   4485
11676   4486   4488
11680   2297   4488
11681   3819   4486
11683   2306   4488
11691   4491   4492
11692   3906   4491
11693   4486   4491
11694   4451   4491
11696   4488   4492
11706   4495   4497
11708   3452   4495
11711   1416   4495
11714   4498   4499
11716   4178   4498
11718   2878   4499
11719   4410   4499
11720   4105   4499
11721   4500   4501
11722    875   4500
11723   4424   4500
11725   4114   4501
11726   4423   4501
11727   2994   4501
11737   4505   4506
11738   3742   4505
11739   4236   4505
11740   1059   4505
11741   4192   4506
11742   4316   4506
11751   4509   4510
11752   2100   4509
11753   4471   4509
11754   2237   4509
11755   2097   4510
11756   3961   4510
11757   2308   4510
11758   4511   4512
11764   1070   4511
11767   4514   4515
11769   4032   4514
11771   1971   4515
11772   4034   4515
11778   1015   4517
11784    539   4519
11785   4294   4519
11786   3852   4519
11794   4517   4522
11797    996   4522
11799   4524   4525
11800    996   4524
11801   4517   4524
11803    978   4525
11807   3342   4526
11808   4522   4526
11809   2141   4526
11822   4531   4532
11823   1732   4531
11825      3   4531
11827   4465   4532
11851   2980   4538
11854   4541   4542
11857     46   4541
11858   3312   4542
11859   4343   4542
11871   4546   4548
11873   2821   4546
11875    721   4548
11876   4197   4546
11883    700   4550
11884   1973   4550
11885   3503   4550
11899   3333   4553
11934   4566   4567
11936    241   4566
11938   3073   4567
11939   1244   4567
11940   4456   4567
11946   4337   4569
11947   1835   4569
11956    617   4572
11957   4264   4572
11958    549   4572
11966   3400   4575
11969   1077   4575
11972    940   4577
11973   4097   4577
11974   1218   4577
11978   4579   4580
11979   2114   4579
11981   3955   4579
11984   3241   4580
11985   4581   4582
11988   3187   4581
11989    671   4582
11991    684   4581
11992   4450   4582
12022   3855   4593
12025    347   4593
12026   4594   4595
12028   4541   4594
12029   4498   4594
12030    958   4595
12031   4343   4595
12032   4105   4595
12034   3374   4596
12035   4463   4596
12036    161   4596
12044   3518   4599
12046   3701   4599
12050   3528   4600
12053    802   4600
12063   4605   4606
12065   4250   4605
12066   1430   4605
12067   1822   4606
12068   3452   4606
12069   3026   4606
12070   4607   4608
12071    686   4607
12072   4450   4607
12073   3967   4607
12074    848   4608
12075   4003   4608
12086   4612   4613
12089   2464   4612
12091   4285   4613
12092    509   4613
12093   4614   4615
12094   4538   4614
12095   3863   4614
12096   2701   4614
12097    298   4615
12098   3865   4615
12105   4273   4617
12106   4063   4617
12107   4618   4619
12108   3229   4618
12109   4349   4618
12110   3488   4618
12111   2517   4619
12138   4627   4629
12140    647   4627
12142   3363   4629
12143    131   4627
12145   3053   4629
12146   4630   4631
12149   2795   4630
12150   1732   4631
12152   2436   4630
12153   3336   4631
12155   4633   4634
12156    358   4633
12157    764   4633
12159   3432   4634
12160   3417   4634
12161   4593   4634
12167   4013   4637
12170   1971   4637
12171   4638   4639
12174   1416   4638
12175   3831   4639
12176   4553   4639
12177   4497   4639
12182   4215   4641
12183   4538   4641
12184   3498   4641
12186   4642   4644
12188   1676   4642
12190   1835   4644
12191   1667   4642
12193   1504   4644
12198   4472   4646
12199   3036   4646
12200   2874   4646
12201   4647   4648
12204   4260   4647
12206   3701   4648
12207    876   4648
12208   4649   4650
12209   3906   4649
12210   4204   4649
12211   3991   4649
12212   3818   4650
12213   4205   4650
12214   3494   4650
12216   4076   4651
12217   4431   4651
12226   2802   4654
12227   4184   4654
12228   1347   4654
12245   4660   4661
12246   4054   4660
12247   4326   4660
12248    438   4660
12249   2780   4661
12250   4651   4661
12256    803   4663
12259   4664   4665
12260    576   4664
12262    568   4664
12263   2071   4665
12265   4345   4665
12266   4666   4667
12268   4244   4666
12269   3302   4666
12270   4248   4667
12271   4398   4667
12272   3366   4667
12274   2694   4668
12276   4247   4668
12280   4670   4671
12281    862   4670
12282   4082   4670
12283    741   4670
12284   4339   4671
12286   1722   4671
12287   4672   4673
12288   4455   4672
12290   1510   4672
12291   4099   4673
12292   4406   4673
12293   3564   4673
12295   4665   4674
12296   1472   4674
12305    602   4677
12308   3166   4677
12310   4679   4680
12313    629   4679
12314    802   4680
12315   4446   4680
12316   4663   4680
12324   4683   4684
12326   4477   4683
12327   4612   4683
12328     71   4684
12330   4285   4684
12339   3322   4687
12344   3515   4689
12346   1134   4689
12347   4690   4691
12348   3333   4690
12349   4437   4690
12350   3831   4690
12352   4420   4691
12353   4393   4691
12354   4692   4693
12355    580   4692
12356   4379   4692
12357    568   4692
12359   4438   4693
12385   4156   4701
12388   4703   4704
12390   2505   4703
12391   3893   4704
12393   3366   4703
12394   4398   4704
12412   1742   4710
12413   4302   4710
12414   3802   4710
12418   4712   4713
12419   3650   4712
12420   2493   4712
12421   1035   4712
12422   2670   4713
12423   4646   4713
12424    185   4713
12438   4647   4716
12450   4722   4723
12451   3017   4722
12452   4387   4722
12454    586   4723
12455   4386   4723
12456    576   4723
12466   4727   4728
12467   1529   4727
12469   3058   4727
12470   2967   4728
12472    497   4728
12487   4733   4734
12491   1671   4734
12493   2969   4733
12494   3374   4734
12496   4736   4737
12498   3967   4736
12499   1207   4736
12501   4608   4737
12502   1619   4737
12503   4738   4739
12504    643   4738
12505   4679   4738
12506    626   4738
12507   1209   4739
12508   4446   4739
12509   4736   4739
12511   3799   4740
12512   4716   4740
12513   3476   4740
12530   1294   4746
12535   4748   4749
12536   4566   4748
12537   4553   4748
12538   3985   4748
12539   3073   4749
12540   4638   4749
12541   4746   4749
12553   4754   4755
12556   2612   4755
12558   2779   4754
12559   3704   4755
12567   4758   4759
12568   4679   4758
12569   4600   4758
12570   4389   4758
12571    641   4759
12573    644   4759
12581   4762   4763
12582   1924   4762
12583   4746   4762
12584   3628   4762
12585   3164   4763
12587   3645   4763
12588   4764   4765
12591   3401   4764
12592   3450   4765
12595   2832   4765
12597   4767   4768
12599   4546   4767
12600   3543   4767
12601     48   4768
12602   4548   4768
12603     33   4768
12604   4769   4770
12605   4209   4769
12606   4668   4769
12607   3366   4769
12608   4524   4770
12621   1765   4773
12624   4666   4773
12632   1795   4778
12635   1789   4778
12636   4779   4780
12637   3603   4779
12638   4447   4779
12639   4541   4779
12640   2062   4780
12641   4449   4780
12642   3312   4780
12644   4431   4781
12646   2517   4781
12657   4785   4786
12658   1345   4785
12659   4654   4785
12660   3568   4785
12661   2109   4786
12662   2800   4786
12663   2883   4786
12672   3953   4789
12673   4631   4789
12678   4791   4792
12679   2704   4791
12680   4355   4791
12681      9   4791
12682   4197   4792
12683   4354   4792
12684      0   4792
12692   2428   4794
12694   4796   4797
12695   4486   4796
12696   4582   4796
12697   3520   4796
12698   2003   4797
12699   4581   4797
12700    324   4797
12712   3800   4801
12714   3936   4801
12716   1624   4802
12718   1619   4802
12729    940   4805
12749   4813   4814
12750   1181   4813
12752   1184   4813
12753   2891   4814
12754   4687   4814
12755   2780   4814
12756   4815   4816
12759   1261   4815
12760   2827   4816
12762   4484   4815
12763   4384   4816
12765   4818   4819
12768    432   4818
12769   1525   4819
12770   4727   4819
12772   4820   4821
12773   4080   4820
12775   3174   4820
12776   4248   4821
12777   4773   4821
12778   3720   4821
12779   4822   4823
12780   4437   4822
12781   4503   4822
12782   4420   4822
12783   4269   4823
12786   4824   4825
12787   3719   4824
12788   4465   4824
12789      0   4824
12790   2795   4825
12791   4531   4825
12792   4197   4825
12801   2933   4828
12802   4805   4828
12803    945   4828
12808   4512   4830
12809   4674   4830
12810   4114   4830
12821   4834   4835
12822   1329   4834
12823   1446   4834
12824   3522   4834
12825   1325   4835
12826   3468   4835
12827   1330   4835
12828   4836   4837
12829   2143   4836
12830   4677   4836
12831    606   4836
12832   2778   4837
12840   3457   4840
12843   4347   4840
12844   4841   4842
12845   4818   4841
12847    429   4841
12848   1445   4842
12850   3386   4842
12852   4384   4843
12854   2827   4843
12867   4848   4849
12868     46   4848
12869   4627   4848
12870     47   4848
12871   4498   4849
12872   4629   4849
12873     31   4849
12877   1037   4850
12880   3362   4850
12884   4137   4853
12885   4765   4853
12886   4180   4853
12894   4302   4856
12897   2146   4856
12899   4858   4859
12903   3194   4859
12904   4637   4859
12905   4330   4859
12907   4860   4862
12909     55   4860
12911   4858   4862
12912     64   4860
12915   4863   4864
12918   1287   4863
12919   4693   4864
12921   4056   4863
12922   3229   4864
12931   4868   4869
12932    739   4868
12934   2455   4868
12936    700   4869
12937   3127   4869
12947   4873   4874
12950   3995   4873
12951    920   4874
12953   4648   4873
12954   4103   4874
12957   1168   4876
12958   1279   4876
12959   4754   4876
12978   4882   4884
12980   1964   4882
12982   3167   4884
12983   1965   4882
12985   2268   4884
12990   2738   4886
12991   4704   4886
12992   4254   4886
12997   4716   4888
12998   4873   4888
12999   3853   4888
13004   1797   4890
13005   4778   4890
13006   1798   4890
13007   4891   4892
13008   3355   4891
13009   4813   4891
13011   4278   4892
13012   4687   4892
13013   3752   4892
13014   4893   4894
13015   4187   4893
13018   3608   4894
13019   4701   4894
13021   4895   4896
13023   4858   4895
13025   4514   4896
13026   4637   4896
13027   1891   4896
13032    977   4898
13035   4484   4898
13046   4903   4904
13047   4133   4903
13048   4816   4903
13049   2502   4903
13051   4815   4904
13052   2501   4904
13053   4905   4906
13054   1616   4905
13055   3272   4905
13056    979   4905
13058    627   4906
13059   1622   4906
13065   3552   4909
13068   2463   4909
13070   2127   4910
13071   4526   4910
13072   3474   4910
13082   3128   4912
13085   4915   4916
13086   4345   4915
13087   4864   4915
13088    568   4915
13089   3924   4916
13090   4863   4916
13091   1293   4916
13093   4917   4919
13095   3234   4917
13097   1466   4919
13100   4273   4919
13102   1226   4920
13103   4805   4920
13104   3691   4920
13108   4922   4923
13111   3016   4922
13112   4129   4923
13114   4532   4922
13115   3296   4923
13117   4925   4926
13118    515   4925
13119   4173   4925
13120     91   4925
13121    306   4926
13122   4174   4926
13123   3189   4926
13128   2846   4928
13131   3768   4928
13136   1216   4930
13139   1217   4930
13142   4933   4934
13145    285   4933
13146   1101   4934
13147   4909   4934
13158   4938   4939
13159   2992   4938
13160   4734   4938
13161   2289   4938
13162   4231   4939
13163   4733   4939
13164   1100   4939
13165   4940   4941
13167   4754   4940
13168   1174   4940
13169   3871   4941
13170   4755   4941
13171   2506   4941
13176      3   4943
13179   4197   4943
13181   4945   4946
13182   4406   4945
13183   4850   4945
13184   1022   4945
13185   4672   4946
13187   1719   4946
13188   4947   4948
13189   4904   4947
13190   4898   4947
13191   3610   4947
13192    413   4948
13194    419   4948
13200   2162   4951
13208   1044   4953
13209   4862   4953
13213   4955   4956
13215   1151   4955
13216   4764   4956
13218   3688   4955
13219   3002   4956
13220   4957   4958
13221   3886   4957
13222   4856   4957
13223   3903   4957
13224   1216   4958
13239    950   4962
13242   3906   4962
13245   4965   4966
13246   4843   4965
13247   4955   4965
13248   1076   4965
13249   4951   4966
13250   4956   4966
13251   3401   4966
13256   4477   4968
13258   2753   4968
13280   4514   4976
13283   4895   4976
13284   4977   4978
13285   4137   4977
13287   1046   4977
13288   3413   4978
13289   4840   4978
13290     77   4978
13291   4979   4980
13292   3653   4979
13293   4946   4979
13294   4671   4979
13295   3001   4980
13296   4850   4980
13297   4082   4980
13323   4989   4990
13324   1765   4989
13325   4811   4989
13326   4794   4989
13327   4240   4990
13329   1996   4990
13355   4999   5000
13356   4934   4999
13358   3180   4999
13359   2999   5000
13360   4930   5000
13361   3886   5000
13374   4647   5005
13377   3331   5005
13378   5006   5007
13379   4572   5006
13383   5005   5007
13384   4599   5007
13385   5008   5009
13386   4512   5008
13387   4575   5008
13389   4123   5009
13391    809   5009
13392   5010   5011
13395    577   5010
13396   1300   5011
13398   1303   5010
13399   1288   5011
13417   5018   5019
13420   1076   5018
13421   1151   5019
13423   1156   5018
13426   5021   5022
13427   4830   5021
13428   4923   5021
13429   4664   5021
13430   4511   5022
13431   4922   5022
13432   4722   5022
13436    996   5023
13439    968   5023
13453    606   5029
13456   3282   5029
13490   5041   5042
13491   1070   5041
13493   3215   5041
13494   4843   5042
13495   4951   5042
13496   4275   5042
13506   5046   5047
13507   1460   5046
13509   4119   5046
13510   1328   5047
13513   5048   5049
13514   3806   5048
13515   4856   5048
13517   2901   5049
13518   4958   5049
13519   3235   5049
13536   5055   5056
13539   2266   5055
13540   4492   5056
13541   4962   5056
13542   2264   5056
13547   3113   5058
13549   3097   5058
13550   5059   5060
13551   4801   5059
13552   5019   5059
13553   3769   5059
13554   3934   5060
13555   5018   5060
13556   1577   5060
13568   5065   5066
13570    191   5065
13573   1804   5065
13574    238   5066
13578   1080   5067
13581   5008   5067
13584   5070   5071
13585   1867   5070
13587   4633   5070
13589   4976   5071
13590   4593   5071
13598   5074   5075
13601   4316   5074
13602   1440   5075
13604   4192   5074
13605   2968   5075
13607   5077   5078
13608   4594   5077
13609   4962   5077
13610   3268   5077
13611   4447   5078
13612   5055   5078
13613   3844   5078
13630   5084   5085
13631   4355   5084
13632   4912   5084
13633    284   5084
13634   3606   5085
13636   4933   5085
13644   5088   5089
13645   2886   5088
13646   5075   5088
13647   3234   5088
13648   1364   5089
13649   5074   5089
13655   1148   5091
13658   1155   5091
13660   5093   5094
13661   4511   5093
13662   5067   5093
13663   1068   5093
13664   4532   5094
13666   1736   5094
13699   5105   5106
13700   3026   5105
13701   4746   5105
13703   1822   5106
13704   4763   5106
13705   2980   5106
13706   5107   5108
13707    300   5107
13708   5023   5107
13709   3342   5107
13710    308   5108
13712   2860   5108
13714   5109   5111
13716   3750   5109
13718   2203   5111
13719   3452   5109
13721   4250   5111
13722   5112   5113
13723   1563   5112
13724   5065   5112
13725   4759   5112
13727   5066   5113
13728   4600   5113
13761   5124   5125
13762   3191   5124
13763   3915   5124
13765   1508   5125
13766    514   5125
13785    627   5131
13787   3272   5131
13800   5136   5137
13801    392   5136
13802   4928   5136
13803   3903   5136
13804   1218   5137
13806   4958   5137
13807   5138   5139
13808   5131   5138
13809   4374   5138
13810   4041   5138
13812   4891   5139
13813   4429   5139
13819   2796   5142
13822   5007   5142
13823   5143   5144
13824   5124   5143
13825   4218   5143
13826   4286   5143
13827   5125   5144
13828   3282   5144
13829   3910   5144
13835    742   5147
13838   1717   5147
13839   5148   5149
13840   2704   5148
13841   4943   5148
13842     17   5148
13843    289   5149
13845    845   5149
13846   5150   5151
13849   3956   5150
13852    347   5150
13853   3432   5151
13855   5153   5154
13856   4365   5153
13857   4794   5153
13858   1751   5153
13859   2460   5154
13861   4029   5154
13862   5155   5156
13863    289   5155
13864   4933   5155
13865   4106   5155
13866   4442   5156
13867   4909   5156
13868   4262   5156
13869   5157   5158
13870   4811   5157
13871   5011   5157
13872   2223   5157
13873   4990   5158
13874   5010   5158
13875   2881   5158
13885   5162   5163
13889   4286   5163
13891   3942   5162
13892   3191   5163
13903   5168   5169
13904   3376   5168
13905   5058   5168
13907   4596   5169
13909    782   5169
13913    763   5170
13916   4828   5170
13919   5173   5174
13920   1504   5173
13921   5163   5173
13922   2624   5173
13923   1835   5174
13924   5162   5174
13925   3447   5174
13926   5175   5176
13927    514   5175
13928   5029   5175
13930    518   5176
13932   4894   5176
13949   5182   5183
13950   4767   5182
13951   4943   5182
13953   4106   5183
13954   5149   5183
13955   4343   5183
13956   5184   5185
13957   4044   5184
13958   5029   5184
13959   1769   5184
13960   4473   5185
13961   5176   5185
13963   5186   5187
13964   4882   5186
13965   5091   5186
13966   2548   5186
13967   4884   5187
13969   3439   5187
13978   3853   5190
13979   5191   5192
13980    971   5191
13981   4898   5191
13982    973   5191
13983   2289   5192
13984   4948   5192
13985   2992   5192
13986   5193   5194
13987   2916   5193
13989   3416   5193
13990   3518   5194
13991   5142   5194
13992   3591   5194
13993   5195   5196
13994   2652   5195
13996   2834   5195
13997   3804   5196
13998   5190   5196
14029   3620   5204
14032   5207   5208
14035   2759   5207
14036   3192   5208
14038   2883   5207
14039   2141   5208
14051   3664   5213
14053   1326   5213
14057   5215   5216
14059   5109   5215
14060   4895   5215
14061   4015   5216
14062   5111   5216
14063   5071   5216
14074   5220   5222
14076   3644   5220
14078   2014   5222
14079   4781   5220
14082   5223   5224
14083   3293   5223
14084   5220   5223
14085   1549   5223
14086   4265   5224
14087   5222   5224
14089   5225   5226
14090    913   5225
14091   4928   5225
14092    903   5225
14094   5137   5226
14095   2740   5226
14112   5232   5233
14113   5019   5232
14114   5091   5232
14115   1147   5232
14116   4801   5233
14117   5187   5233
14118    947   5233
14128   5237   5238
14129   4517   5237
14130   5208   5237
14131   1862   5237
14132   4525   5238
14133   5207   5238
14134   1666   5238
14146    885   5242
14149   4919   5242
14152   5244   5246
14154   4605   5244
14156   2826   5246
14157   1822   5244
14165   1350   5249
14168   2171   5249
14169   5250   5251
14170   4194   5250
14171   5094   5250
14172   3617   5250
14173    809   5251
14174   5067   5251
14175   3055   5251
14177   5252   5254
14181   4481   5254
14182   3410   5252
14184   4265   5254
14185   5255   5256
14188   3251   5255
14189   2540   5256
14191   3804   5255
14192    929   5256
14204   2588   5260
14207   1883   5260
14213   3174   5263
14216   3153   5263
14219   5266   5267
14220   4296   5266
14221   5195   5266
14222   4677   5266
14223   4519   5267
14224   5190   5267
14225   4837   5267
14226   5268   5269
14227   1457   5268
14228   5204   5268
14229   3467   5268
14230   1460   5269
14232   1324   5269
14249   5275   5276
14250   4293   5275
14252   3492   5275
14253   4251   5276
14254   5263   5276
14255   3720   5276
14256   5277   5278
14257   4920   5277
14258   5170   5277
14259   3690   5277
14260   1217   5278
14262   4912   5278
14263   5279   5280
14264   3578   5279
14266   4424   5279
14267   4550   5280
14268   5147   5280
14269   4868   5280
14271    867   5281
14272   5242   5281
14273    872   5281
14277   5283   5284
14280    266   5283
14281   3438   5284
14283   5162   5283
14284    274   5284
14286   5286   5287
14288   5278   5286
14289    284   5286
14290    722   5287
14291   5170   5287
14292    719   5287
14293   5288   5289
14294   4012   5288
14295   1885   5288
14296   5260   5288
14297   4202   5289
14298   4497   5289
14323   5297   5298
14324   4538   5297
14325   5244   5297
14326   2701   5297
14328   5246   5298
14329    544   5298
14338   1450   5301
14343   3239   5303
14346   4940   5303
14348   5305   5306
14349   5151   5305
14350      9   5305
14351   4239   5305
14352   5150   5306
14353   4869   5306
14354   4162   5306
14355   5307   5308
14358   1112   5307
14359    483   5308
14361    865   5307
14362   2057   5308
14367   3871   5310
14370   4580   5310
14374   3820   5313
14375   5252   5313
14380   5315   5316
14381   1386   5315
14382   5310   5315
14383   3704   5315
14384   4198   5316
14388   3658   5317
14390   1421   5317
14394   5319   5320
14395   5085   5319
14396   5263   5319
14397   1101   5319
14398   4912   5320
14399   5275   5320
14400   1097   5320
14401   5321   5322
14402   4805   5321
14403   5284   5321
14405    945   5322
14406   5283   5322
14407   2904   5322
14421   2624   5327
14424   4097   5327
14426   5329   5330
14427   4553   5329
14428   5289   5329
14429    232   5329
14430   3985   5330
14431   5260   5330
14432    243   5330
14450   5336   5338
14452    260   5336
14454   4219   5338
14455    991   5336
14457   2114   5338
14459   4599   5339
14460   5256   5339
14461   5246   5339
14465   5341   5342
14466   4503   5341
14469   4823   5342
14470   5249   5342
14471    143   5342
14511   5355   5356
14514   4651   5355
14515   4326   5356
14517   4781   5355
14545   5366   5367
14547    430   5366
14548   4359   5367
14550   4818   5366
14551   4728   5367
14552   5368   5369
14553   2930   5368
14554   5336   5368
14555    266   5368
14557   5338   5369
14558   3438   5369
14559   5370   5371
14561   5366   5370
14562   5313   5370
14563   4191   5371
14564   5367   5371
14565   3945   5371
14568   5373   5374
14570    324   5373
14571   2003   5374
14573   4416   5373
14574   3829   5374
14575   5375   5376
14576   1255   5375
14577   5308   5375
14578   3841   5375
14579   2262   5376
14580   5307   5376
14581   2898   5376
14584   5378   5379
14586   4674   5378
14587   2071   5379
14589   4512   5378
14590   5041   5379
14591   5380   5381
14592   1924   5380
14593   3628   5380
14594   1549   5380
14595    240   5381
14596   1544   5381
14597   5113   5381
14607   5385   5386
14610   4003   5385
14611   4449   5386
14613   4737   5385
14614   4802   5386
14619   1046   5388
14622   4862   5388
14625   5391   5392
14629   2162   5392
14631   5047   5391
14637   1939   5394
14640   4180   5394
14653     48   5399
14656   4789   5399
14672   5066   5406
14673   5374   5406
14674   2298   5406
14691   5412   5413
14692   1077   5412
14693   5378   5412
14694   5046   5412
14695   4951   5413
14696   5379   5413
14697   5392   5413
14698   5414   5415
14699   4475   5414
14701     46   5414
14702   3510   5415
14703   5399   5415
14704     47   5415
14705   5416   5417
14706    515   5416
14708   4893   5416
14709    520   5417
14711   5175   5417
14721   5421   5422
14722   5070   5421
14724    358   5421
14725   4976   5422
14726   5388   5422
14753   5431   5432
14754   1336   5431
14757   1329   5432
14758   5394   5432
14759   1318   5432
14768   5435   5437
14770   2921   5435
14772   4411   5437
14773   4308   5435
14775   4689   5437
14776   5438   5439
14777   4349   5438
14778   5356   5438
14779   4382   5438
14780   4619   5439
14781   5355   5439
14782   3533   5439
14783   5440   5441
14785   5435   5440
14786   4077   5440
14787   2464   5441
14788   5437   5441
14789   4332   5441
14790   5442   5443
14791   3602   5442
14792   5416   5442
14793    562   5442
14794    602   5443
14795   5417   5443
14796    606   5443
14797   5444   5445
14798   4575   5444
14799   5269   5444
14800   2858   5444
14801   5009   5445
14802   5204   5445
14803   4027   5445
14804   5446   5447
14805   4663   5446
14806   5386   5446
14807   5055   5446
14808   4446   5447
14809   5385   5447
14810   4492   5447
14816   2740   5450
14819   2094   5450
14820   5451   5452
14821   2074   5451
14822   5392   5451
14823   4254   5451
14825   5391   5452
14826   2192   5452
14827   5453   5454
14830   1894   5453
14831   2997   5454
14833   1895   5453
14834   3300   5454
14838   5457   5458
14840    947   5457
14841   3800   5458
14843   4577   5457
14844   5226   5458
14848   1044   5459
14851   2930   5459
14861   5464   5465
14862   4211   5464
14863   5454   5464
14864   5301   5464
14866   5453   5465
14867   5317   5465
14877   5469   5470
14878   2756   5469
14880   5327   5469
14881   1499   5470
14882   5450   5470
14884   5471   5472
14885   1050   5471
14886   5369   5471
14887   5459   5471
14888   3415   5472
14889   4579   5472
14900   5476   5477
14901   1762   5476
14902   4773   5476
14903   4811   5476
14904   3102   5477
14905   4820   5477
14906   2223   5477
14933   3852   5485
14936    538   5485
14951    229   5491
14962   1249   5496
14966   5497   5498
14967   3515   5497
14968   5469   5497
14969   2901   5497
14970   3059   5498
14971   5450   5498
14972   3235   5498
14994   4617   5506
14997   1843   5506
14998   5507   5508
14999   2425   5507
15000   5399   5507
15001   5182   5507
15002   3068   5508
15003   5414   5508
15004   4542   5508
15037   5519   5520
15038   5327   5519
15039   5457   5519
15040   4286   5519
15041   5470   5520
15042   5458   5520
15043   3910   5520
15060   5526   5527
15061   4116   5526
15063    362   5526
15064   4131   5527
15065   5491   5527
15066   2337   5527
15072   3831   5530
15075   2966   5530
15092   5536   5537
15095   1352   5536
15096   5089   5537
15098    648   5536
15099   4917   5537
15122   5496   5545
15123   4010   5545
15124   5546   5547
15125   1624   5546
15127   3005   5546
15128   3145   5547
15129   5506   5547
15147   5553   5554
15148    877   5553
15150   4874   5553
15151   4740   5554
15152   5485   5554
15153   4888   5554
15266   5590   5591
15269   3073   5590
15271   5530   5591
15272   4638   5591
15274   5242   5592
15275   5537   5592
15276   4315   5592
15372   4842   5622
15375   4027   5622
15385   5627   5628
15386    894   5627
15388   4316   5627
15389   5204   5628
15390   5622   5628
15391   1440   5628
15394   5630   5631
15396   4668   5630
15397   4290   5631
15399   4770   5630
15400   2285   5631
15413   2153   5636
15421   5496   5638
15422   5636   5638
15423   4365   5638
15428   2000   5640
15429   5636   5640
15430   4778   5640
15445    484   5646
15448   5496   5646
15458   5650   5651
15459   4968   5650
15461   4684   5650
15462   4226   5651
15464   2891   5651
15494   5303   5661
15495   2779   5661
15496   5651   5661
15500   1424   5662
15503   5215   5662
15513   5667   5668
15516   4238   5667
15519    991   5667
15520   4522   5668
15522   5670   5671
15523   4910   5670
15524   5668   5670
15525   5316   5670
15526   2114   5671
15527   5667   5671
15528   5310   5671
15529   5672   5673
15530   5341   5672
15532    151   5672
15533   3788   5673
15534   5646   5673
15535   1304   5673
15537   4495   5674
15538   5662   5674
15539   5317   5674
15543   5676   5677
15544   4525   5676
15545   5630   5676
15546   1671   5676
15547    971   5677
15548   5631   5677
15549   2289   5677
15554   4858   5679
15555   5662   5679
15556   4953   5679
15557   5680   5681
15560   1104   5680
15561   2222   5681
15563   3101   5680
15564   3396   5681
15566   5683   5684
15567   1668   5683
15568   5681   5683
15569   2969   5683
15570   2692   5684
15571   5680   5684
15572   4733   5684
15591   5691   5692
15594   5341   5691
15595   3469   5692
15597   5249   5692
15620   1181   5700
15621   5692   5700
15622   1184   5700
15630   5703   5704
15633   2733   5703
15634   1266   5704
15636   5023   5703
15637   5108   5704
15639   5706   5707
15641   5704   5706
15642   3215   5706
15644   5703   5707
15645   4275   5707
15647   5708   5710
15649   5190   5708
15651   4716   5710
15652   5006   5708
15654   5005   5710
15662   5713   5714
15663    617   5713
15664   5708   5713
15665   4837   5713
15666    808   5714
15667   5710   5714
15668   4005   5714
15674   5547   5717
15677    651   5717
15683   5213   5720
15686   5545   5720
15692    177   5723
15695    375   5723
15696   5724   5725
15697   2716   5724
15699   2812   5724
15700   4917   5725
15701   5717   5725
15702   4617   5725
15703   5726   5727
15704   5672   5726
15707   5646   5727
15708   5720   5727
15719   5731   5732
15720   5491   5731
15723   5526   5732
15724   5723   5732
15725   4416   5732
15729   4906   5733
15732   4802   5733
15735   5736   5737
15736   5546   5736
15737   5733   5736
15738   1616   5736
15739   5506   5737
15741   4062   5737
15742   5738   5739
15743    232   5738
15744   5731   5738
15745    243   5738
15746    378   5739
15747   5723   5739
15748    824   5739
15758   5743   5744
15759   5691   5743
15760   5726   5743
15761   3223   5743
15762   4418   5744
15763   5720   5744
15764   1461   5744
15765   5745   5746
15766   4282   5745
15767   5737   5745
15768   3094   5745
15769   4663   5746
15770   5733   5746
15771    629   5746
15772   5747   5748
15773   3871   5747
15775   5303   5747
15776   2997   5748
15778   5301   5748
15784   4477   5751
15787   2753   5751
15788   5752   5753
15789   4201   5752
15791   4077   5752
15792   4330   5753
15793   5751   5753
15794    462   5753
15799   3488   5755
15802   4120   5755
15804   5757   5758
15805    977   5757
15807   3610   5757
15808   1617   5758
15810   3876   5758
15815   1227   5760
15818    721   5760
15820   5762   5763
15823   2120   5762
15824   2171   5763
15826   4613   5762
15827   1178   5763
15830   5765   5767
15832   5301   5765
15834   5674   5767
15837   5679   5767
15838   5768   5769
15839   5047   5768
15840   5755   5768
15841   5452   5768
15842   1461   5769
15844   2186   5769
15845   5770   5771
15846   4420   5770
15847   5763   5770
15848   4823   5770
15850   5762   5771
15851   1657   5771
15853   5772   5774
15855    794   5772
15857   3147   5774
15858   4619   5772
15860   3533   5774
15861   5775   5776
15862   5755   5775
15863   5772   5775
15864   3981   5775
15865   5769   5776
15866   5774   5776
15867   1459   5776
15881   5757   5781
15883   1309   5781
15893   5785   5786
15894   2753   5785
15895   5765   5785
15896   4394   5785
15897   4330   5786
15898   5767   5786
15899   4497   5786
15900   5787   5788
15901   5726   5787
15902   2402   5787
15904   4426   5788
15905   1346   5788
15906   5781   5788
15907   5789   5790
15908   5193   5789
15909   5760   5789
15910   3464   5789
15911   5142   5790
15913   4264   5790
15917   4566   5791
15920    202   5791
15928   5706   5796
15931   2860   5796
15932   5797   5798
15933   4349   5797
15935   2074   5797
15936   4422   5798
15937   5796   5798
15938   2063   5798
15939   5799   5800
15940   4436   5799
15941   5791   5799
15942   3333   5799
15943   4131   5800
15945   5491   5800
15955   5804   5805
15956   4382   5804
15957   5797   5804
15958   4254   5804
15959   5316   5805
15960   5796   5805
15974   5459   5810
15977   5748   5810
15983   2942   5813
15986   4011   5813
15987   5814   5815
15988   4968   5814
15990   4860   5814
15991   5765   5815
15992   5810   5815
15993   4953   5815
15994   5816   5817
15995   1328   5816
15997   5431   5816
15998   5391   5817
15999   5813   5817
16000   2941   5817
16006   2313   5820
16009    241   5820
16010   5821   5822
16011   5800   5821
16013    321   5821
16014   5791   5822
16015   5820   5822
16016   4268   5822
16017   5823   5824
16018   5213   5823
16019   5816   5823
16020   1318   5823
16021   5545   5824
16022   5813   5824
16023   5636   5824
16029   3888   5827
16032   3447   5827
16034   5828   5830
16036   5169   5828
16038   4463   5830
16039   5058   5828
16041   3281   5830
16042   5831   5832
16043   4116   5831
16044   5828   5831
16045    332   5831
16046   4131   5832
16047   5830   5832
16048    321   5832
16049   5833   5834
16050   5731   5833
16051   5821   5833
16052   5373   5833
16053    238   5834
16054   5820   5834
16055   5406   5834
16060   1913   5836
16061   5827   5836
16068   4580   5839
16071   5747   5839
16075   1409   5840
16078   2709   5840
16081   5843   5844
16082   3187   5843
16084    320   5843
16085   3713   5844
16086   5840   5844
16087    678   5844
16091    783   5845
16097   5848   5849
16100   2652   5848
16101   3804   5849
16103   4326   5848
16104   4452   5849
16110   4569   5852
16111   5845   5852
16112   5827   5852
16113   5853   5854
16114   5814   5853
16117   5810   5854
16118   5839   5854
16119   5472   5854
16120   5855   5856
16121   5650   5855
16122   5853   5855
16123     74   5855
16124   5661   5856
16125   5839   5856
16126   1391   5856
16143   5862   5863
16144   5222   5862
16145   3251   5862
16146   5849   5862
16147   5356   5863
16148   3509   5863
16149   5848   5863
16151   5864   5866
16153   1045   5864
16155   3691   5866
16156   1050   5864
16158   5321   5866
16163   4480   5868
16166   4841   5868
16168   5870   5871
16169   4155   5870
16170   5840   5870
16171    174   5870
16172    197   5871
16173   5843   5871
16174   3828   5871
16184   5875   5876
16185   5370   5875
16186   5868   5875
16187   5252   5875
16188   4506   5876
16190   1059   5876
16191   5877   5878
16192   1044   5877
16193   5864   5877
16194   5388   5877
16195   4160   5878
16196   5866   5878
16197   5421   5878
16199   5879   5881
16201   1174   5879
16203   3134   5881
16204   4227   5879
16206   4503   5881
16212   1915   5884
16215   4337   5884
16216   5885   5886
16217   4146   5885
16219     52   5885
16220   1530   5886
16222   3154   5886
16232   5890   5891
16233   4683   5890
16234    453   5890
16235   5885   5890
16236     71   5891
16237   4819   5891
16238   5886   5891
16239   5892   5893
16240   5622   5892
16241   5868   5892
16242   5485   5892
16243   5627   5893
16244   5876   5893
16245   5553   5893
16246   5894   5895
16247   1580   5894
16249   2915   5894
16250   2269   5895
16251   5884   5895
16252   3775   5895
16253   5896   5897
16255   5894   5896
16256   1582   5896
16257   5852   5897
16258   5884   5897
16259   5836   5897
16260   5898   5899
16261   5700   5898
16262   5879   5898
16263   4876   5898
16264   5691   5899
16265   5881   5899
16266   4418   5899
16271   5168   5901
16274   4642   5901
16365   5931   5932
16366   4644   5931
16367   5901   5931
16368   3097   5931
16369   4569   5932
16371   5845   5932
16395   5940   5941
16398   5147   5940
16399   5279   5941
16401    736   5940
16402   4500   5941
16404   5943   5944
16405    877   5943
16406   5941   5943
16407   4103   5943
16408   4121   5944
16409   5940   5944
16410   4378   5944
16420   5948   5949
16421     64   5948
16423   2546   5948
16424   5853   5949
16426   3415   5949
16436   5953   5954
16437   5948   5953
16438   1439   5953
16439   3154   5953
16440   5949   5954
16441   3387   5954
16442     74   5954
16445   5956   5957
16447    438   5956
16448    430   5957
16450   4661   5956
16451   4687   5957
16454   5959   5960
16456   1668   5959
16457   2029   5960
16459   1677   5959
16460   2031   5960
16466   1227   5963
16469   5836   5963
16470   5964   5965
16471   5901   5964
16472   5959   5964
16473    782   5964
16474   5932   5965
16475   5960   5965
16477   5966   5967
16478    722   5966
16480    724   5966
16481    719   5967
16482   5963   5967
16483    721   5967
16484   5968   5969
16485   3293   5968
16486   5956   5968
16487   5254   5968
16488   2645   5969
16489   5957   5969
16490   5313   5969
16495   1288   5971
16498   4811   5971
16501   5973   5975
16503   3469   5973
16505   1184   5975
16506   3147   5973
16508   4076   5975
16509   5976   5977
16510   4794   5976
16511   5971   5976
16512   4057   5976
16513   5154   5977
16515   5590   5977
16517   5978   5980
16519   3622   5978
16522   3649   5978
16524   3180   5980
16525   5981   5982
16526   3513   5981
16527   5973   5981
16528   5131   5981
16529   4390   5982
16530   5975   5982
16531   5139   5982
16535   2888   5983
16538   3341   5983
16541   5986   5987
16542   5971   5986
16543   5983   5986
16544   1762   5986
16545   5977   5987
16547   3185   5987
16548   5988   5989
16549   1114   5988
16550   5978   5988
16551   1136   5988
16552   4410   5989
16553   5980   5989
16554   2584   5989
16555   5990   5991
16556   5591   5990
16557   5987   5990
16558   4211   5990
16559   3658   5991
16560   5983   5991
16561   5465   5991
16579   5997   5999
16581   4770   5997
16583   2739   5999
16584    996   5997
16586   5707   5999
16587   6000   6001
16588   5668   6000
16589   5997   6000
16590   4703   6000
16591   5805   6001
16592   5999   6001
16593   4886   6001
16667   6025   6026
16669   5105   6025
16670   1294   6025
16672   1815   6026
16673   4693   6026
16683   6030   6031
16684   6025   6030
16685   3341   6030
16686   1288   6030
16687   6026   6031
16688   3084   6031
16689   1300   6031
16692   6033   6034
16694   2460   6033
16695   3134   6034
16697   3788   6033
16698   4503   6034
16699   6035   6036
16700   4456   6035
16701   6033   6035
16702   5590   6035
16703   4437   6036
16704   6034   6036
16705   5530   6036
16748   6050   6052
16750   2203   6050
16752   3503   6052
16753   3701   6050
16755    876   6052
16758   3651   6053
16759     48   6053
16772   6058   6059
16773   6053   6058
16774   5760   6058
16775   4548   6058
16777   5790   6059
16778   2795   6059
16779   6060   6061
16780   3929   6060
16781   6050   6060
16782   3750   6060
16783   3895   6061
16784   6052   6061
16785   1884   6061
16787   6062   6064
16789    924   6062
16791   1810   6064
16792   3996   6062
16794   5224   6064
16795   6065   6066
16796   3929   6065
16797   6062   6065
16798   3894   6065
16799   2541   6066
16800   6064   6066
16801   1809   6066
16820   6073   6074
16822   5440   6073
16823   4612   6074
16825   2337   6073
16826   5771   6074
16827   6075   6076
16828    229   6075
16829   6073   6075
16830   5752   6075
16831   4691   6076
16832   6074   6076
16833   5751   6076
16834   6077   6078
16837   2584   6077
16838    722   6078
16840    285   6077
16841   5286   6078
16843   6080   6081
16844   4930   6080
16845   6078   6080
16846   3623   6080
16847   4999   6081
16848   6077   6081
16849   5980   6081
16850   6082   6083
16853   3399   6082
16854   1126   6083
16856   3888   6082
16857   1855   6083
16859   6085   6086
16860   5966   6085
16861   6083   6085
16862   3611   6085
16863   5963   6086
16864   6082   6086
16865   3950   6086
16898   6097   6098
16901   4082   6097
16902    736   6098
16904    127   6097
16905   5281   6098
16907   6100   6101
16908   5592   6100
16909   6098   6100
16910   4121   6100
16911   5536   6101
16912   6097   6101
16913   1037   6101
16915   6102   6104
16917   1656   6102
16919   3516   6104
16920   4308   6102
16922   4689   6104
16939   6110   6111
16940    776   6110
16941   6102   6110
16942   3098   6110
16943   2763   6111
16944   6104   6111
16945   1496   6111
16950   1769   6113
16953   4264   6113
16955   6115   6116
16956   4701   6115
16957   6113   6115
16958   5185   6115
16959   2670   6116
16961   3036   6116
16962   6117   6118
16963   6059   6117
16964   6113   6117
16965   4630   6117
16966   6053   6118
16967   6116   6118
16968   4789   6118
16974   3361   6121
16977   4701   6121
16978   6122   6123
16979    549   6122
16981    544   6122
16982   4264   6123
16983   6121   6123
16984   3464   6123
16986   6124   6126
16988    668   6124
16990    666   6126
16991   5965   6124
16993   1587   6126
16999   4483   6129
17002   3712   6129
17003   6130   6131
17004   5845   6130
17005   6124   6130
17006    678   6130
17007   5896   6131
17008   6126   6131
17009   3713   6131
17010   6132   6133
17011   6122   6132
17013    562   6132
17014   6121   6133
17015   6129   6133
17016   4893   6133
17035   6140   6141
17037   5298   6140
17038   4641   6141
17040   5339   6140
17041   5255   6141
17042   6142   6143
17043   5006   6142
17044   6140   6142
17045    549   6142
17046   5196   6143
17047   6141   6143
17048   3911   6143
17065   6149   6150
17068   3956   6149
17071   4085   6149
17072   4024   6150
17074   6152   6153
17075   4977   6152
17076   6150   6152
17077   5422   6152
17078   4840   6153
17079   6149   6153
17080   4515   6153
17082   6154   6156
17084   3873   6154
17086   3002   6156
17087   3922   6154
17089   2160   6156
17090   6157   6158
17091   5394   6157
17092   6154   6157
17093   4853   6157
17094   5431   6158
17095   6156   6158
17096   4764   6158
17102   1326   6161
17105   5727   6161
17119   3349   6166
17121   6161   6166
17133   6171   6172
17135   1380   6171
17136   4152   6172
17139   3876   6172
17140   6173   6174
17142   1380   6173
17143   6166   6173
17144   1309   6174
17145   4710   6174
17147   6175   6176
17148   5724   6175
17149   6171   6175
17150   1357   6175
17151   5717   6176
17152   6172   6176
17153   3933   6176
17157    478   6177
17160   4302   6177
17163   6180   6181
17164   6166   6180
17166    484   6180
17167   6174   6181
17168   6177   6181
17169    488   6181
17170   6182   6183
17171   1527   6182
17172   6177   6182
17173   4461   6182
17174   2587   6183
17175   6180   6183
17178   6184   6186
17180    484   6184
17182   5638   6186
17183   6183   6184
17185   5640   6186
17186   6187   6188
17187   4460   6187
17188   6184   6187
17189    483   6187
17190   4890   6188
17191   6186   6188
17192   2057   6188
17193   6189   6190
17196   1527   6189
17197   3378   6190
17199   1528   6189
17200   3058   6190
17202   6192   6193
17203   3235   6192
17204   6190   6192
17205   5048   6192
17206   3136   6193
17207   6189   6193
17208   4302   6193
17210   6194   6196
17212   6171   6194
17214   2812   6196
17215   5758   6194
17217   2401   6196
17218   6197   6198
17219   5781   6197
17220   6194   6197
17221   6173   6197
17222   5787   6198
17223   6196   6198
17224   6161   6198
17250   6207   6208
17251   5151   6207
17252   6150   6207
17253   2487   6207
17254   4251   6208
17255   4024   6208
17256   4293   6208
17594   6314   6316
17596    557   6314
17598    679   6316
17599   4615   6314
17601   3443   6316
17602   6317   6318
17603    295   6317
17604   6314   6317
17605   6132   6317
17606    699   6318
17607   6316   6318
17608   6129   6318
polygons 2382
1      5      6   5831  13840  13842
2     12   5831  12679  12681
3  12682  12684  12786  12789  12792
5  12678  12679  12682  13179  13840  13841
6   6829  11822  11825  13111  13114
7   6828   6829  13176  13841  13842
8  11825  12791  12792  13176  13179
9  11609  11827  13108  13114  13115
11  10496  10500  13112  13115
12      6   6828  10498  13108  13111  13112
13      5     12   7186  10496  10498  10501
14   7186   7188  12678  12681  12684
16   7188  10500  10501  11609  12788  12789
17   6931   6932  12867  12870  12873
18     50   6377  11714  11718  12871  12873
19     50   6932   6933  12601  12603
20  10415  12031  12032  13953  13955
21  11857  12028  12029  12867  12868  12871
22  11859  13949  13955  14998  15001  15004
23   6377   8569  12597  12600  12603
24   6931   6933  14653  14703  14704
26  12597  12601  13950  14653  15000  15001
27  11854  11857  14701  15003  15004
29  12868  12870  14698  14701  14704
30  16122  16123  16424  16440  16442
33     94     95  12909  12912
34  12912  15990  16114  16420  16421  16424
36    102  11651  12909  13256  15988  15990
37     95    102   7279  16216  16219  16222
38     94   7279  16421  16437  16439
40    115  12328  15461  16121  16123
41  12324  12328  16232  16233  16236
43  11651  12326  16219  16233  16235
44    115  16222  16236  16238  16436  16439  16442
47    126   6126   6131   6333   6335
48   6334   6335  10685  12226  12227
49   6131  10647  10649  10650  12662  12663
50   6333   6334   9204  10361  10363
52    148   9204   9206  10679  10682  10685
53    150   9206  10362  10363
54    148    150   7397  13117  13120  13123
55   7396   7397   8650  10681  10682
56    126  10361  10362  10649  13119  13120
58   6388   7396  10650  13122  13123
60   6388   8650  12657  12660  12663
63   7653   9561  13607  13610  13613
65    173   6948   7653  10665  10668
68  10665  11716  12029  13608  13610
69   8766  11857  12637  12639
72   9555   9557  11552  13611  13613
73    204   5185   7250   9557   9558
74   5185   8765   8766  12143  12868  12869
78  10668  11716  12145  12871  12872
79    210    173   9555   9558   9561
80    210    204   6948  12138  12143  12145
81  12028  12638  12639  13607  13608  13611
83    217    218   8005  11604  12034  12035
84    221    222    223  11601  11604
85   6751  10834  10835  11477  11480  11483
86    231   7487   7489  11479  11480
87    233    218    234  11482  11483
88    217    223    236    237    234
89    236    222    238    231    239
90    239    237  11477  11479  11482
91    241    242  11601  12035  12036
92   6674  12034  12036  12487  12493  12494
93    221    242    245    238   7489   7490
94    233   6751   8005  12494  13159  13160
95    251    245    241   6674   6676
96    251   7487   7490  10833  10834  10837
97   6676  10837  12493  13162  13163
98   7007   7013   8114   8609   8611
99    261   7008   8108   8111   8114
100    264    265   4788   8109   8111
101    268    269   4788   8606   8608
103    271    272    273   8605   8606   8609
104    265    274    261  10588  16169  16171
106    284   9510  16168  16171  16174
108    269    290    284    274    264
109    294    295    271   7013   8707   8709
110    272    295   9511   9514
111    290    268    273   9507   9510   9511
112   7007   7008   8709  10588  10589
114   8707  10589  16168  16169  16172
115    294   9507   9514  16172  16174
116  11899  12536  12537  15917  15941  15942
117  12539  12540  15266  15269  15272
118  11938  11940  15269  16700  16702
119  11509  11510  11577  16699  16700  16703
121  12349  12350  15072  16703  16705
122  12171  12175  15072  15271  15272
124  11577  11934  11940  15917  15920
125  11510  15920  15940  15941
126  11899  12175  12176  12348  12350
128  11509  12348  12349  15940  15942
133    346   7867  11899  14427  14429
134    346  14951  15720  15743  15744
135   7867  14951  15939  15942  15945
136  14426  14429  14432  15743  15745
138  12537  12538  14426  14427  14430
141  15720  15945  16011  16050  16051
144    379    380  16009  16053  16054
145    382  15744  15745  16049  16050  16053
146  11936  15917  16009  16014  16015
147    380    382  10025  14430  14432
148    379  10025  11936  12536  12538
150  11018  13885  13889  14277  14283  14284
152   8217   8221  14281  14284
153  14277  14280  14281  14552  14555  14558
154   8221  10797  11018  13825  13826
155   7406   9795  10799  14450  14452  14454
156   7402   9795  13762  13763
157   9880  13891  14280  14283
158  13762  13824  13826  13889  13892
160   7402   7406   9882  13885  13891  13892
161   9880   9882  14452  14554  14555
163   8217  10794  10797  14454  14557  14558
164  11243  11873  11876  12682  12683
165   6189  11237  11243  13631  13633
166  13843  13863  13865  13953  13954
168    440   6189   8567  11873  12599  12600
169   8567  10422  13145  13864  13865
172   8776  13634  13636  13863  13864
173    440  13145  13630  13633  13636
175   8774   8776  13839  13840  13843
176   6230   8341  10727  10728  10731
177  10622  10626  10727  10730  10733
178   9780   9781  10625  10731  10733
179    465    466   8756   8758   8761
180    467   8427   8758   9779   9780
181    466    472    473    474    475    467
183    474  10626  10628  13710  13712
184    484   7899   8340   8341   8761   8762
185    484    485    486    472    465
186    475   8427  10622  10625  10628
187    485   7899  13707  13709
188    473    486  13706  13707  13710
189   6230   8756   8762   9779   9781
192  15943  16011  16013  16046  16048
193    504  10455  11444  15061  15723  15725
194    505  11444  14570  14573
195    504    508    509    510    505
196    511    509  16042  16045  16048
197    510    511  14570  16013  16051  16052
198    508  10455  16043  16045
203  10184  11772  17068  17079  17080
204  13846  13849  17065  17068  17251  17252
205   5162   8199  12155  12156  12159
206   8199  13853  17251  17253
207  12025  12159  12161  13846  13852  13853
208  10180  10182  10184  13849  13852
209  12156  13587  14722  14724
210  10182  11769  12025  13280  13589  13590
211   5162  14721  14724  17076  17077  17252  17253
215  11767  13280  14725  17074  17077  17080
218    563   6514  10329  14770  14785  14786
219    570  15063  15695  15723  15724
220  11090  11093  15060  15063  15066
221    570   6512  11090  14770  14773
222  14951  15065  15066  16825  16828  16829
224  14786  15791  16822  16829  16830
225    346  10738  15789  16828  16830
226    563  10738  10741  15742  15743  15746
227  10329  10741  15789  15791
229   6512   6514  15695  15746  15747
233    599    600  10511  11055  11056
234  11055  11057  13131  13801  13802
236    616    599   9758  13801  13803
237    620   9422   9426   9755   9758
238    620    600    616  13192  13194
239   9426   9427  13188  13191  13194
240   6272   8790  13052  13189  13191
241  10511  13046  13047  13188  13189  13192
243   9311  11056  11057  13047  13049
244   5200   6269   6272   9311  13128  13131
248   9424   9755  13128  13802  13803
253    654  12768  14547  14550
255   8900   8901  12768  12845  12847
256  14547  14561  14562  16448  16489  16490
258  12845  14550  14561  16166  16185  16186
260  11659  14181  16447  16486  16487
261    654   8895   8897   8900  16445  16447  16448
262   8897   8898  11654  11656  11659
263  14375  14562  16185  16187
264    685   8895   8898   8901
265    685  11656  12847  16163  16166
266  11654  14177  14181  16163  16186  16187
267    693   9250  10556  16217  16219
268  10552  10555  16217  16234  16235
269  12089  14783  14787  16820  16822  16823
271   5086  10555  11170  14787  14789
272   9245   9250  10328  15788  15791  15794
273  10328  11168  14783  14786  14789
274    693  11651  15784  15793  15794
275  12326  12327  15784  16823  16832  16833
277   5086  12089  12327  16233  16234
280   9245  10552  10556  11168  11170
283    726    727  11590  11591  11594
284    728  11594  17157  17172  17173
285    727    733    734    735    728
286    726    736    737    738    739    733
287    736  11591  17187  17189
289  11590  17170  17173  17183  17187  17188
290    752    753    738    754
291    755    758    752  17163  17166  17169
292    754    737    755  17180  17188  17189
293    735    762  17157  17168  17169
294  17166  17175  17180  17183
295    758    762    734    739    753
302   6968  12469  12770  16232  16234  16237
303   6965   6969  12466  12469  12472
304  11256  12472  14548  14551
305   7835   9576  11255  14545  14547  14548
306    654    786   7835  11013  12328  12330
307    786  12765  12768  16236  16237
309   9573   9576  11013  12091  12092
310    793   6969   6971   9573  11255  11256
311   5086   5087   6965   6968   6971
312    793   5087  12086  12089  12092
313    796    126    797  13926  13927  13930
314    800    796  10649  10652
315    800  13927  14709  14711
317  10697  10700  13118  13120
318  10652  13118  13119  14705  14706  14709
319  10693  10697  13015  14706  14708
320  10360  10362  10693  10699  10700
321  10364  10699  13014  13015  13018
322    797   8783  10360  10361  10364
323   8783  13018  13930  13932
324    821  11784  11786  14933  14936
325  11657  14933  16163  16241  16242
327  10164  14936  15375  16240  16242
328  10158  10160  12850  15372  15375
331    685   8043   8044  11048  11051
332  11048  11656  11657  11785  11786
334    847    848  11051  11784  11785
335    848   8038   8043  10160  10161
336    847    821  10158  10161  10164
337   8038   8044  12844  12847  12850
340    860  16981  17011  17596  17604  17605
341  14329  16979  16981  17037  17044  17045
342   8427  12093  12094  12097  12183  12184
343    467  12097  17599  17603  17604
344  12094  12096  14324  14326
345   8757   8758  17013  17603  17605
346   5820  12093  12096  17596  17599
348    882   8757   9779  17042  17045  17048
349    882  16979  17011  17013
351    860   5820  14323  14326  14329
353    887   6348  10498  10499
354    896   6347   6348  12355  12357
355    900    901    902   6842   6843
356    903   6842  11326  12355  12356
357    902    906      6    887    896    903
358   6827  12451  13111  13431  13432
359   6347  10499  12262  13112  13428  13429
363  11323  12260  12262  12356  12357
364   6843  11323  11326  12454  12456
365    900   6831  12450  12451  12454
366  12260  12450  12456  13426  13429  13432
368    906    901   6827   6828   6831
369  14224  14225  15649  15664  15665
370   6230   6233  12305  13996  14221  14222
371  13998  15649  15652  17042  17043  17046
375   6233   8762  14790  14791  14794
377    962  12828  12831  15663  15665
382  11958  13379  17043  17045
383  12305  12830  12831  14794  14796
384    882    962  11956  11958  14790  14793  14796
385   8756   8757  14791  14793
386  11956  13379  15652  15663  15664
389   9781  13993  13996  17046  17048
391   9208   9209  12504  12506
392    986   9209  10215  13785  13808  13810
393    994    986  12313  12505  12506
394    994   8469  13785  16526  16528
397   8469  11354  12313  12568  12570
398  11358  11488  13813  16529  16531
399  11352  11358  12567  12570  12573
400   1012   9208  10210  10215  10217
401  10217  11488  11489  12571  12573
403   1012  12504  12505  12567  12568  12571
404   8764   8766  11641  14699  14701
405   5180   6362   8460  14702  14704
406   5177   5180  12140  12869  12870
408   1029   1030   5177   6362   6363
409   1034   1035   1029  12140  12143
411   1036   1030   1035   9850  10103  10104
412   1034   1036   5185   5188
414   6363   8460  10098  10104  11642  11644
415   9848  10100  11638  11641  11644
416   5188   8764   8765   9846   9848   9850
419    504   1048  16081  16084  16087
420    505  11988  12699  12700  16082  16084
421   1057    509   8487   8490   8493
422    510   8493  12694  12697  12700
423   1057   1048    508  16988  17005  17006
424   1064   8488   8490  16986  16988  16990
425   8487   8488  11989  12696  12697
426   9125   9128  16990  17008  17009
427  16085  16087  17003  17006  17009
428   1064   9126   9128  11985  11988  11989
429   1075   9128  17002  17598  17607  17608
430   8231   8232  17598  17601
431   1075   1064   8232   8588   8589
432   8584   8588  11556  11989  11992
433   1089  11662  11664  12071  12073
435   7436   8586  11556  12071  12072
436   7393   9126  11665  16999  17002
437   1100   7393  11988  11991
438   1100   9963  11661  11662  11665
440   9963  11985  11991  11992  12072  12073
441   1089   7436   8236  17601  17606  17607
442  11661  11664  16999  17606  17608
445   9593   9595  11883  11885
446   7188   8726   9593   9594  12936  12937
447  11883  12931  12936  14267  14269
448  11468  11471  12934  14263  14266  14269
449   8726   9150  12787  12789
451  10929  11468  11474  11475  11609  11612
453   8683   9150   9594   9595  10717  10931  10932
454  10927  10931  11475  14264  14266
455  10501  10502  12931  12934  12937
456  10500  10502  11471  11474
458   6375   8567   8569  16837  16840
459   6192   6194  16481  16483
460   6188   6189   6192  14286  14289  14292
461   6188   6194  11871  11873  11875
462   1149  11875  12602  12603  16477  16480  16483
463  14290  14292  16477  16478  16481
464   5451  16478  16480  16834  16837  16838
465    440  14289  16834  16840  16841
466  14286  14290  16838  16841
467   1149   5451   6375   6377
470   1163  12932  13835  14268  14269
471   7517   7522   7523  11471  11726  11727
472  11723  14266  16399  16402
475   1176   1177  13835  16398  16401
476   1176   6754   7522  10092  10093
477   7523  10095  10096  12932  12934
478   6754  11721  11727  16395  16401  16402
480   1163   1177  10091  10092  10095
482  13632  13633  14262  14288  14289
483   9059  13082  14256  14259  14262
489   1210  13913  14291  14292
490   1212   9056  12156  12157  13913  14258  14259
492   5162   7192   9056   9059
493   6188   8143   8146  11240  11243
494   7192   8199  11241  13082  13631  13632
495   1212   1210   6192   8144   8146
496  11237  11240  11241  12159  12160
497   8143   8144  12155  12157  12160
498   1057   1225  13909  16036  16044  16045
500  13549  13905  16271  16367  16368
501   1048   8082   8083  10455  10458
502   8081   8082  16091  17004  17006
503   1242   1243   8081   8083
505   1243   7092  16091  16365  16368  16371
506  13903  13909  16271  16471  16473
507   1242   7092  10458  13549  16039  16043  16044
510   1225  16470  16473  16988  16991
511   5831   6386   7276   8774   8775
513  11241  12680  12681  13853  14349  14350
514     12   6386  10865  14350  14351
517   7276  10865  10908  14216  14253  14254
518  10908  14349  14351  17250  17251  17254
520   7083  11000  11002  15766  15768
521   1277   8516  11002  11127  11128
522   1280   8521  12050  12053
523   8515   8516  11353  12050  12569  12570
524  12053  12310  12314  12568  12569
525   1280   1291  12256  12314  12316
526  12310  12313  12316  15769  15771
528  11130  11131  12256  15765  15766  15769
529   1291   8515   8521  11125  11128  11131
530   8467   8469  15765  15768  15771
532   1277   7083   8467  11353  11354
535   8814   8815  10090  15666  15668
536   7859   8815  10711  10714  14170  14172
537   7859  13377  15654  15666  15667
538   8347   9413  12511  12513
539   9413  10929  10930  14169  14170  14173
540   8342   8344   8347  14173  14175
541   8342  10088  12512  12513  15651  15667  15668
542  12438  13374  15651  15654
543   6955   8344  10088  10090
544   6955   8814  14169  14172  14175
546  10714  10932  12204  13374  13377
547    563   9285  10400  11571  11572
549   9350  10400  10403  15746  15748
550   1336   1337  15742  15745  15748
551   1337   5465   5950   9349   9350
554   5950   9341  10114  14204  14294  14296
555  10736  10738  14297  14428  14429
556  10112  10742  14293  14294  14297
557   9285  10117  10736  10741  10742
558   1336   5465  14204  14431  14432
559   1349   1350   1351   1352   1353
560   1354   1355   1356    901   1357   1349
561   1353   1354  10083  11559  11560
562   1361   1362    900   1356   1363
563   1364   1365   1366   1367   1361
564   1363   1355   1364  10083  12074  12075
566   1352   8587  11555  11556  11559
568   1351   1376   1377   7433   8586   8587
569   1366   1381   6845   6846   7433   7436
570   1350   1357    902   1382   1376
571   1362   1367   6841   6843   6846
572   1381   1365  12070  12071  12074
573   1377   1382   6841   6842   6845
574   6754   6755  14273  16902  16905
575    210  10348  16901  16904
576   1397   7869   7870  14271  14273
577   9556   9558  14271  16898  16904  16905
578   1176  12282  12283  16898  16901  16902
580   1405   7872   7873  10093  10094
581   1411  10092  10094  12281  12283
583    173   1413  10348  12281  12282
584   6755   7522   7868   7869   7872
585   1413   1415   1405   1411   9559   9561
586   1415   1416   7868   7870   7873
587   1416   1397   9555   9556   9559
589   1421  11722  16402  16405  16406
590   9414  10930  11475  11722  11723
591   1421   9414  12511  15147  15148  15151
592   8682  10931  12201  12204  12207
593   8682  10410  14264  16399  16406  16407
595  10410  12207  12947  12953  12954
596  12954  15148  15150  16405  16407
598   1436   6755  10446  11725  11727
599   1441  11113  11114  16404  16405  16408
600   1421   1441   8823  10476  10478
601  11113  15276  16908  16910
602   8823   8826  11114  14146  15274  15276
604  10476  10477  11721  11722  11725
605   1459   1436  14146  14272  14273
606   1459   8826  10446  10477  10478
608  16401  16408  16409  16902  16909  16910
610   1463   6302   9270   9272   9313   9314
611   1470   9270  10099  11643  11644
612   5207   9309   9311   9314
613   5200   5206   5207   6296   6302   6303
614   1475   1476   6303  11640  11641
615   1475   5206   6272  10574  10576
617   1483   6276  13128  14091  14092
618   1487   1483  10099  10100  10577  10579
619   1463   1470   1487  14090  14092
620   9309   9313  13131  14090  14091
621   1476   9848  10573  10574  10577
622   6269   6276  10573  10576  10579
623   8594  10064  16789  16792
624   1497   1498   1499   8592   8594
625   9092  10060  12206  12950  12953
627   1498   9723   9726  10411  10414
628  10408  10410  10411  16755  16783  16784
629   1499   9726  16789  16797  16798
630   9840  10057  10060  16792  16796  16797
631   9723  16779  16780  16783  16796  16798
633  12206  12207  16748  16753  16755
634   1497  10408  10414  12951  12954
635   8592  10057  10064  12947  12950  12951
636   9092   9840  16753  16780  16781
637   8246   8247  10395  14421  14424
638   8250  13924  13925  14283  14405  14406
639  10395  11972  11973  12729  12801  12802
640  13889  13921  13922  14421  15038  15040
642   1542  11972  14840  14843
643   1543  11018  14840  15039  15040
644   1542   1543  12729  14284  14402  14403
645   8245   8247   8250  12801  12803
647  12802  12803  14401  14402  14405
648   7657   8657   8659  10044  10045
649   7652   8659  10665  11421  11422
651   9767  12026  12030  13242  13608  13609
652   9767  10750  12209  12210
653  10750  10939  10940  12030  12032
654  10044  12209  12211  13239  13242
655   7652   7657  13239  13609  13610
659  10938  10939  11425  11719  11720
660   9960  10045  10938  10940  12210  12211
663   1584   1585   5914  11672  11674
664   5911   5914   7399   7466   7467   7470
665   1585   6390   7395   7396   7399
666   1591   1594   7446  10680  10682
667   1591   7395   7397   7467   7469
668   1594   1597   7466   7469   7472
671   1606   7443   8653  10680  10681
672   1584   6390   8650   8653  13980  13982
673  11668  11672  13035  13980  13981
674   1615   7470   7472  11671  13032  13035
676   1618   1606  13032  13981  13982
677   1618   1615   1597   7443   7446
679   1620  11778  11794  15513  15519  15520
680  10856  10859  15516  15519
681  11794  11797  11800  11801
682   1620  10760  10762  10857  10859
684  10860  12390  15513  15516  16588  16590
685   7758   7762  10856  10857  10860
686   7977  10763  12605  12607
687   7758   7763  10759  10760  10763
689  11797  15520  16584  16588  16589
690  11800  12608  16581  16584
692   7762   7763   7977  12390  12393
693  10759  10762  11778  11801  12604  12605  12608
696   1664   4785   5862   8109   8110
697   1671   1664   5224  11416  13182  13184
698   4785   4788   5221   5224
699   1671   1677   1678   5859   5862
700   1679   1680   1681   5859   8110   8111
701   1678   1679   7961  12877  12880
702    264   5221  10871  10873  11413  11416
703    265   1681  10873  11026  11027
704   1677  12877  13183  13184
708  11029  11030  11413  12880  13182  13183
709   1680   7961  11024  11027  11030
711  13208  14848  15974  15992  15993
712  13208  13209  14622  16192  16194
713   5336   5338   5340  16153  16156
715   1714  14619  16153  16193  16194
716  14848  14885  14887  16156  16192  16193
717  14888  16113  16119  16424  16426
718   1720  12907  12912  14619  14622
719   1720   1714   5338  16421  16423
720   5340   8141  14884  14885  14888
721   5862   9227  10855  11738  11739
723   8125   9224  10172  10175  10178  11738  11740
725   7638   8593   8594  10173  10175
726   1739   1499   4785   7638   8607   8608
727   8611   9230  10176  10178
728   1498   1739   1664  10853  10855
729   1741   1497  10853  11739  11740
730   1741   8125   8592   8593
731   1742   1748  11764  13661  13663
732   1752   1742   6211   6212
733   1748   6212  12854  13490  13491  13494
735  11758  11764  13491  14584  14589  14590
736  11969  13386  13387  14589  14692  14693
737  11758  13386  13581  13661  13662
738   8087   8093  11966  11969
739   8088  11966  13387  13578  13581
740   1752   1776   1777  13578  13662  13663
742   8093  13249  13251  14691  14692  14695
743   1777   8087   8088  13245  13248  13251
744   1776   6211  12854  13246  13248
747   1783   1784   1785   1786   1787
748   1788   1789   1792   1793   1783   8401   8403
749   1787   1794   1795   1796   1788
750   1794   1786   1797   1798   1799
751   1799   1795   7348  14213  14396  14397
752   8401   9153   9157  14249  14252  14255
753   1792   9157   9299  11035  11036
754   1796   1789  14394  14397  14400
755  12772  12775  12778  14213  14254  14255
756   1798   7348  10340  12773  12775
757   8403  14252  14399  14400
758   1793   1784  11031  11032  11035
759   1785   1797  10340  10890  11032  11033
760   1817    726   7656   8659   8662
761   1413   1820   7652   7653   7656
762   1824   9143  11363  11594  11595
763  11360  11361  12284  13292  13294
764   1817   1820  11591  11592  12280  12281  12284
765   1831   1833   9139   9140   9143
766    727   1824   1831   8662  11420  11422
767   1833   6780   6949  10668  11420  11421
768   6948   6949  10348  13295  13297
772   6780   9140   9141  13291  13292  13295
773   1845   1846   9893   9896   9899
774   1847   1848   9899  11427  11429
775   1846   1847   8831  16519  16550  16551
776   9436   9437   9440  16519  16522
777   1831   8921  16522  16549  16550
779   1868   9140   9142   9894   9896
780   1848   8831   9440   9441
781   8921   9143   9219   9437   9438
782   9139   9142   9219  11430  11432
783   9436   9438   9441  11426  11429  11432
784   1833   1845   1868  16549  16551
786   6227   6229  13655  14114  14115
787   6227   8260  12592  12595
788  12591  13216  13250  13251
789   1890  13421  14113  14115
790   1890   6229  12588  12595  13213  13215  13216
791   1894   8260   8262  13655  13658
792  13215  13247  13248  13417  13420  13421
794   8087   8089   8262  12588  12591  12592
795   1902   1903   1894   8088   8089
796   1777   1902  13420  13423
797   1903  13417  13423  13658  14113  14114
800   6062  12753  12755  15464  15495  15496
802   1919   6423  12749  12750  12753
803   6062   6069  12558  12957  12959
804   1927   6069  12749  12752  12755
805   1927  12957  15622  16261  16263
807   7564  13168  14343  14346
808  10821  14343  15462  15494  15496
809   1919  10825  15620  16204  16261  16262
810   6423  10819  10825  15462  15464
811  12959  13167  13168  16201  16262  16263
813   7564  10819  10821  16201  16204
814  12750  12752  15620  15622
815  12558  13167  14346  15494  15495
816   5091   5092   6545  14848  14851
817   1957   5097   6545  14553  14555
818  14552  14553  14851  14886  14887
819   5091   5097   6457  10605  10606
820   5092  10605  16191  16192  16195
823   8219  14558  14885  14886
824   8219  14281  14403  16151  16156  16158
825   1957   6457  14280  14406  14407
829   1980    150  10700  11662  11663  12498  12499
830   1984  12499  12503  12506  12509
831   1985   1986   9203   9208  10360  10363  10366
832   1989   1985  12503  12504  12507
834   1984   1980   9203   9206   9209
835   1991  10366  10699  11665  11666
836   1992   9963  12498  12507  12509
837   1100   1991   1986   1989   1992
838  13139  14260  14288  16841  16844  16845
840   2003   6555  12801  13916  14290  14291
841   2004   2006  13102  14256  14257  14260
842   2007   2010   2004  11972  11974
843   2006   2012   2007  13136  13139
844   6555   8832   8834  10392  10395
845   2003   8834  16838  16845  16846
846   2010  12729  13102  13103
847   2020   8832  13136  16844  16846
848   2020   2012  10392  11973  11974
852   9911   9912  15815  16758  16773  16774
853   9907   9912  16466  16863  16865
854  15815  15818  16466  16482  16483
855  11875  15818  16774  16775
857   6933   8923   8925  16758  16759
858  12601  12602  16759  16773  16775
859   6932   8795   8796   8924   8925
860   8792  16480  16860  16862
861   8923   8924   9907   9908   9911
862   1149     50   8791   8792   8795
865  13859  16513  16515  16694  16701  16702
866   5072  11275  13855  13856  13859
867  11286  11287  12692  16510  16512
868   4975   9377  11274  11275  11581  11582
869   2069   4971   4975  11286  11288
870   2069  11576  11582  11939  11940
871  10262  11287  11288  11938  11939
872  10262  15269  16509  16512  16515
873   5072   9377  16694  16697
878   2078   5911   5916  15630  15633  15634
879   2083   2084   2078  11343  11349  11350
880   2083   5916  11671  12759  12762
881   2092   2084   6212  12756  12759  12760
882  12760  12763  12852  12854
883  11343  11346  11347  13491  13493
884   2092   1748  11347  11350
885  11342  11673  11674  15633  15644  15645
887  11346  11349  15634  15641  15642
888  13490  13493  13496  15639  15642  15645
890   5541  12553  12556  12958  12959
891   9105  10249  10251  12553  12558  12559
893  11331  11332  12556  12559
894   8542  10323  10325  12957  12958
895   5541   8542  11332  14776  14779  14782
897   9105  11154  11331  14515  14778  14779
898   6069  10323  12216  12249  12250
899  10267  11289  11290  13392  13398  13399
900  13396  13399  16683  16686  16689
901  10264  10267  16670  16684  16686
902   2137   2141  12918  13090  13091
903   2137   6350   6351  11289  11291
904   2141   2145  10264  11290  11291
906  12354  12357  12919  13087  13088
908   2154  12354  12355  16673  16687  16689
909   6346   6347   6350  13085  13088  13091
910   2154    896  13392  13395  13396
911   6346   6348   6351  13395  13398
912   2145  12915  12918  12919  16667  16670  16673
913   9071   9073  11480  15883  15904  15906
914  11479  15532  15704  15900  15901  15904
916  15883  17140  17144  17219  17221
917   9072   9073  17144  17167  17169
918  15445  15707  17105  17121  17164  17166
919  15703  15901  17105  17222  17224
920    752   2179   2180   7488   7489
921    231   2180  15529  15532  15535
922   2179    755  15445  15534  15535
923    758   7487   7488   9071   9072
925   8494   8497  12822  12824  14757  14759
926   7920   8499  12821  12824  12827
927   7921   8496   8497  14053  16018  16020
929  14753  14759  15997  16019  16020
931   8970  14051  15995  16018  16019
932   2211  14754  15995  15997
933   2215   8973   8975  12825  12827
934   2216   8969   8975  14051  14053
935   2215   2216   7917   7920   7921
936   2219   2220  14753  14754  14757
937   2221   2211   2219   8969   8970   8973
938   2220   2221  12821  12822  12825
940   2222   2224   1606  11481  11483
941   2227   2222   7443  11300  11302
942   2224    233   2229   8653  12658  12660
943   2230   2231   2232  12228  12658  12659
944   2229    218   2234   2230
945   2227   2235   2236  11481  11482
946  11303  11305  12227  12228
947   2232   2238   2235  11299  11302  11305
948   2236   2238   2231   2234    234
949   6404   6405  10102  10103  17147  17150  17153
950   9850  15677  17151  17153
951   5870  15697  17148  17150
952   2251  13648  15092  15095  15096
953   2254   2255   6404  13644  13645  13648
954   1036  15092  15098  15099  15677  15700  15701
956   5870   6405   7544  13645  13647
957   1030   2261   2251   2255   2262
958   2262   2254  10102  10104
959   2261   1035  15095  15098
960   1441  15148  15386  16243  16245
964  11742  15388  16188  16243  16244
965  11111  11114  15386  15388
966   1741  12951  15150  16190  16244  16245
968  10414  10853  10854  11317  11318
969  11737  11740  16188  16190
970  10470  11317  16408  16410
971  15699  17148  17149  17210  17212  17214
972  17135  17142  17212  17220  17221
974   2215   5867   6164  15697  15699
976   2299   5867   5870   7920   7923
977   2301   7917   7923  17119  17142  17143
978   2301   2299  17135  17149  17150
979   7921  17102  17119  17121
980   2216   6164  17102  17214  17223  17224
982   8896   8897  10250  12246  12248
983  11659  11660  12247  12248  16097  16103  16104
984  11566  11568  13978  13997  13998
985   9585  11562  11568  11654  11657  11660
986   5659   7569  11050  13994  14220  14221
987   5659   7038  11154  16100  16103
989   7038   7569   7570  10250  10251
990  11562  11566  16101  16104
991   7570   8896   8898  11046  11048  11050
994  11974  13804  14094  14838  14843  14844
995   2333   2334   2007  13800  13801  13804
996  12712  14116  14118  14838  14840  14841
997   9313   9418  12712  13551  13553
998   9309  11054  11057  11060  13421  13552  13553
999   1890   2343   8193  11058  11060
1000   2345   2004   2334   8193   8195
1001   9418  14089  14090  14841  14844
1004   2333   8195  11054  11055  11058
1005   2010   2345   2343   1542  14112  14115  14118
1006   8924  11025  11027  12419  12421
1008   2358   9908   9910  10876  11025  11026
1009    274   2362  10873  10876
1010   9907   9910   9913  16075  16078
1011   2358   2362  16075  16170  16171
1013   8929   9911   9913  10591  10593
1014  10587  10588  10591  12422  12424
1015    261   1681  12418  12421  12424
1016   6862   6864   8950   8951
1017   8950  11711  14388  15537  15539
1018   6864  11708  11711  12068  12069
1019   2384   2385   8752  10124  10125
1020   2389   8752  10900  12065  12066
1021  11708  13719  14059  15503  15537  15538
1022   2389   2384   6868   8951  14388  14390
1024   2385  14390  15500  15538  15539
1025  10125  14057  14061  15500  15503
1027   6862   6868  12063  12066  12069
1029  14802  14803  15375  15389  15390
1030   2406   2407   2408   8039  12848  12850
1031   2411   6309   8039  10159  10160
1032   2220   2413   2414   6309  14232  14799  14800
1033   2221   8316  14226  14229  14232
1034   8314   8320  14228  14229  15389  15391
1035   2411   2414   2421   2406
1036   2422  12848  15372  15390  15391
1037   2422   2408   8320  12821  12823  12826
1038   8314   8316  12825  12826
1039   2407   2421   2413  12822  12823
1041  13258  15894  15895  15987  15988  15991
1042  11372  14338  15832  15895  15896
1043  15778  15832  15977  15991  15992
1044   7563  14338  14343  15772  15775  15778
1045  11367  11369  13258  15458  15459  15462
1046  11366  11367  15894  15896
1048   7563  10821  11366  11369  11372
1050   2445   2219  14230  14232
1051  10463  13507  13509  14226  14227  14230
1052   2455   8315  14227  14229
1053   2455   5568  10010  10461  10463  10466
1054   5564   5568   8315   8316   8973   8974
1056   5564   5570  10010  15861  15864  15867
1057   2463  15842  15865  15867
1058   2463   5570   8969   8971   8974
1059   2211   2445  13506  13507  13510
1060   8970   8971  13510  15838  15839  15842
1061   2470   1459   2471  10462  10463
1062   2471   8826  14029  14227  14228
1066  10462  12296  13509  14586  14693  14694
1067  12808  12809  14586  14589
1068   2488  13507  14692  14694
1070   2470  10446  12296  12809  12810
1071   2488  11969  14230  14798  14799
1073   7001   7798  11858  15002  15004
1074   4967  13176  13951  14999  15001
1075   2497   1355   7798   7801
1076   1356   2497   6831   7000   7001   7004
1077   1354   7801  11204  11858  11859
1078   1349  11204  13845  13954  13955
1079   4967   6827   6829   7004   7005
1080   1357    906  13839  13842  13845
1081   6439   7656   7657  14358  14580  14581
1082   2506    739   8214  10047  10048
1083    733   8214   8657   8662   8663
1085   6439   9552   9554  10043  10044  10047
1086    738   2506   9548   9549   9552
1087    737   9549  14359  14577  14578
1088   1817    736  14355  14358  14359
1089   9774  14881  15041  15043
1090   6990   6991   9774  13765  13827  13829
1091   5996   7404  13892  13920  13921
1093   2530   5994   7404  13761  13762  13765
1094   2533   2535   2536   5994   5996
1095   2537   2533   5577  13920  13922
1096   2536   2537   5987   6987   6988
1097   6986   6987   6990  14877  14878  14881
1099   5577   5987  14421  14878  14880
1101   2530   2535   6986   6988   6991
1105   9246   9283   9285   9287  10328  10329
1106   2555   5603   9246  11168  11430  11431
1108   5603   9894   9895  12287  12290  12293
1109   8645   9898  11427  14768  14770  14772
1110   6514   8638   8645  10400  12291  12293
1111   2555   9287  11575  12288  12290
1112   2563   5459   8238   8241   8244
1113   5460   8240   8241  17196  17199
1114   8243   8244  12769  16220  16237  16238
1116   6968  10554  10555  17197  17200
1117   2583  12467  12469  17193  17199  17200
1120   2563  10571  10572  16216  16217  16220
1121   2589  12467  12769  12770
1122   5459   5460  10566  10569  10572
1124  10568  10569  17193  17196  17197
1125   2589   2583   8238   8240   8243
1126    222  10956  10958  10968  11510  11511
1127    221   9020  10955  10958  10961
1128   7700  11604  16038  16041
1129    223   7698   7700  10965  10968
1130  10504  10965  11511  15939  15940  15943
1132   7698  10504  16041  16046  16047
1133   9019   9020  11601  16038  16047  16048
1135   9019  10961  16010  16013  16016
1137  10955  10956  15920  16014  16016
1140   2621   2622   7738  14083  14085
1142   2629   7738  11358  11495  11498
1143   8515   8520   8855  10256  10257
1144   8849   8855  14591  14593  14596
1145   8520  12050  13728  14596  14597
1146   8905  14076  14084  14085  14593  14594
1147  10253  10254  12646  14076  14079
1150   5249  11352  11353  11498  12644  12646
1151   2629   2622  12573  13723  13725
1152   2621  13722  13723  14591  14594  14597
1154   5249   8516  10252  10253  10256
1156   9959  10938  13065  13867  13868
1157   5083   8598   8602  13065  13068
1158   2661   8408   8602   8604  10048  10049
1160   5081  11533  13068  13866  13867
1161   8598   8604   8663   9959   9960
1162   2669   2661   5081   5083
1163   2669   8408  11532  11533  12213  12214
1164  10043  10049  12208  12211  12214
1166  10515  11337  12852  13218  13246  13247
1168  11059  11060  13215  13218
1170   2682   2683   5207   6211  12760  13048  13049
1172   2682   9314  13550  13553  13556
1174   1776   2683  13420  13555  13556
1175  10510  11337  12763  13047  13048
1177   2690   2691   2692  17594  17596  17598
1178   2692   1075  16990  16993
1179   7957   9130  16256  17007  17009
1180   2690    860   6495  16247  16249
1181   2691  16247  16255  16993  17007  17008
1183   8304   8306  16249  16255  16256
1185   7957   8304  16974  16983  16984
1190   6495   8306  16978  16981  16984
1192   9125   9130  16974  17002  17014  17015
1193   2726   8761  14706  14791  14792
1195  14708  14792  14793  17010  17013  17016
1196    465   2731   2726  10697  11663  11664
1197  11666  13015  16999  17015  17016
1201   2731    466  17602  17603  17606
1202   9483   9892  14374  14559  14562  14565
1203   9229   9890   9892  10177  10178
1204  10704  11741  14559  14563  16184  16185  16188
1205   9890  11434  11435  14563  14565
1206  11437  11438  11737  11738  11741
1207   8125  14182  16184  16187  16190
1208  10174  10175  14182  14374  14375
1212   2758   6793  15127  15736  15738
1213  13053  13054  15729  15737  15738
1215   2770  12718  13059  15729  15732
1216   2775   1594  13053  13056  13059
1217   1597   2776   2758  13054  13056
1219   5291   5293   6790   6791  12716  12718
1220  12716  15125  15732  15736  15737
1221   2776   6788   6790   6793   7471   7472
1222   2775   2770   5293   7468   7469
1223   6788   6791  15125  15127
1226   8600  13065  13147  13356  13358
1228  13142  13145  13356  16840  16847  16848
1231  13358  16524  16847  16849
1232   8600   9959  11425  16524  16552  16553
1233  16553  16554  16837  16848  16849
1234   6375  11718  11719  16552  16554
1235    994  13058  15729  15770  15771
1236  13053  13055  13058  13785  13787
1237   4895  10276  15735  15738  15741
1238   4889   4895   4896   7667  13054  13055
1239   4889   7509   7510  10276  10278
1240   7258   7510   8323  16503  16506
1241   7257   7258  10278  15741  15767  15768
1242   7667   8324  13787  16503  16527  16528
1246   4896   7509   8323   8324
1249   2836  10458  15061  15063
1250   2837   4696  10504  15064  15066
1251   2840   2837   7147   7698   7699
1252   7141   7146   7147  16917  16941  16942
1253   2836   1242  11090  16920  16940  16941
1254   2840   4696  11093  16917  16920
1257   7091   7092  16940  16942
1258   7091   7146  13547  13549
1259   2853   9895   9896  10878  11028  11029
1260   7960   7966  11028  11030
1261   8934  12290  13185  13292  13293
1262   1868   2853   6780   7965   7966
1263  10878  11413  12292  12293
1265   5603   8934   9141   9142
1267   2867   2868   8003   8010  12491  12494
1268   8010  12191  13904  16271  16274
1269   2868   2871  12188  12191
1270   2877   2878   6674  15567  15569
1271   5789  15566  15567  15570  16456  16459
1272   2878   2883  16456  16472  16473
1273   5788  12487  12491  15570  15572
1275   2888   2871   2867   5788   5789
1276   2888  12188  16274  16459  16471  16472
1278   2877   2883  12036  13907  13909
1281  16203  16206  16695  16698
1282  15758  15759  15762  16264  16266
1283  14466  15594  16206  16264  16265
1284  14466  15529  15530  15533  16692  16697  16698
1285  15530  15594  15704  15759  15760
1286   5070   5072  10108  14962  15122  15123
1287   7213  10108  11451  16203  16265  16266
1288   9377  14962  15448  15533  15534
1289   5070   7213  16692  16694  16695
1293  11451  15123  15686  15762  15763
1294   2924   2925   5206  12759  13051  13052
1295   2682   2926   6299   6302
1296   2930   2924   6300   6303
1297   2930   2931   2932   2084   2925
1298   2932   2933   2934   1742   2092
1299   2935   2926   2683   1752   2934
1300   2933   2931   2935   6296   6299   6300
1302   5087   8474  12344  14775  14787  14788
1303   9441   9442  12344  12346  14967  14969
1304  11429  12346  14772  14775
1305   6971   8474  14966  14967  14970
1306   9218  10554  11170  11431  11432
1311   9218   9438  13514  17197  17204  17205
1312   6965  14970  14972  17200  17203  17204
1313  13517  13519  14966  14969  14972
1314  13513  13519  17203  17205
1318   2967   8689  11191  12284  12286
1319   2972   2977   7720   7723
1320   2978   2972  12286  13187  13293  13294
1321   2977   2980   2981   2967   2978
1324   9396  11191  11361  11362
1325   9287   9990   9991   9994
1326   2980   7720   9991   9993  11573  11575
1330   7723  11573  12288  13185  13187
1331   2555   8934   9994   9996  11360  11362
1332   2981   8689   9396   9990   9993   9996
1333  11823  12146  12149  12150  12790  12791
1334   3000   7878  12150  12153
1335   3000  11822  11823  13664  13666
1336   4993   6109   7858   7859  12149  12152
1337   7858   9152  10714  10717
1338   4993   8812   8815   8818
1339   7878   8812   8816  13666  14171  14172
1340  11612  11827  13664  14170  14171
1341   9422   9428  12414  17144  17145
1343   3019   6276   9424  12412  12414
1344   3021  12412  17140  17142  17145
1345   3019   3021  10579  17133  17135  17136
1346   8790  10575  10576  15804  15807  15810
1347   9427   9428  15807  15881  15883
1350  15810  17133  17139  17212  17215
1352   3036  10885  12268  12621  12624
1353  12621  13324  13325  14902  14903
1354   3036  13324  13326  13857  13858
1355  10882  10885  13855  13858  13861
1356   7768  12269  12624  14901  14902
1357   7766   7768  16541  16544  16547
1358  13325  13326  16498  16510  16511
1359   7766  10170  10882  12268  12269
1362  14901  14903  16498  16542  16544
1363   4996   8817   8818  10221  13957  13959
1364   4996  12152  16950  16964  16965
1365   7307   7876   8816   8817
1366   7876   9914   9915  12153  12672  12673
1367   7307   9915  10221  11636  11637
1368   9920  12672  16961  16967  16968
1369  11634  13960  16955  16958  16961
1370  13956  13959  16950  16957  16958
1371   6742   8488   8489   8588   8590
1372   1352   3082  10521  10745  10750  10751
1373   3082   9767  11559  11692  11694
1374   9480  11681  12695  12697
1375   6742   9477  10523  10751  12212  12213
1376   9475  11681  11692  11693  12208  12209  12212
1380  11555  11693  11694  11992  12695  12696
1381   8584   8587   8590  10521  10523
1382   9933  10613  10614  13004  13006
1383  10614  10863  10867  14348  14351  14354
1385   9815   9819  10154  10905  17254  17255
1386   9818  10154  10354  17065  17071  17072
1387   9929   9933  10357  17068  17071
1388  17072  17250  17252  17255
1389   3117  10867  10869  12635  13004  13005
1390   3121  10863  10869  10905  10908
1391  10354  10357  12632  13005  13006
1392   3121   3117   9819   9821
1393   9815   9818   9821  12632  12635
1397   3128    269   5221   9348   9350
1398   3129   3130   7641   8606   8607
1399    268   3128   1337   3132   3129
1400   3132   3135   3136   3130   5465   5466
1401   1739   5224   9348   9349   9725   9726
1403   3135  16791  16800  16801
1404   3136   7638   7641  16787  16789  16791
1406   5466   5950   9725  16795  16798  16801
1409   2731   1089   1381   3146    472
1410   3146   1365    486   5296   7401   7467   7468
1411    485   7395   7401  13121  13123
1412   5293   5296  12074  12501  12502
1413   3154   2770  12496  12499  12502
1415   1591   2775   3154   1980    148
1418   2726    484  13117  13118  13121
1419   9625   9628  16672  16687  16688
1420   6862   7893  13700  16669  16684  16685
1421   6712  13699  13705  16667  16669  16672
1422   6712   9628  11851  12094  12095
1424  12063  12067  14154  14157
1425  11851  13703  13705  14157  14324  14325
1426   6868   7893   7895  10306  10307
1428  10306  10308  12066  14154  14325  14326
1429   7050   9625  10307  10308  12095  12096
1432  12067  12069  13699  13700  13703
1433  16110  16111  16369  16371
1434  11947  12190  16365  16366  16369
1435  11947  13923  13925  16032  16110  16112
1436   5577   8246   8248  16943  16945
1437   9703  16029  16091  16111  16112
1438   8245   8248   9705  16029  16032
1439   2537   7096  16939  16942  16945
1440   2533   7091   7096  12193  16366  16368
1441  12190  12193  13919  13920  13923
1442   1243   9703   9705  16939  16940  16943
1443  15266  16515  16545  16556  16557
1444   6864  12174  12540  12541  13700  13701
1445  12530  13701  16669  16670
1446  10260  10262  10264  12530  12539  12541
1448   7893   8951  16538  16559  16560
1450  10260  10267  16495  16511  16512
1451   8950  12174  15272  16555  16556  16559
1452  16495  16538  16542  16543  16685  16686
1456   3229  10977  13100  14149  14271  14272
1458  10010  10976  10977  11000  11005  11007
1459  10466  11005  11126  11127  11206  11207
1460   2470   1436   7869   9825  11207  11208
1462   1397   3229  11007  11129  11130
1463   2471   2455  13097  14146  14149
1464   5568  10976  13097  13100
1467  10461  10462  11206  11208
1468   7870   9825  11125  11126  11129
1471   3252   1848   6013  12346  16922  16943  16944
1472   2836    570   3253   8080   8083   8086
1473   8080   8081   9703  16853  16856
1474   8086   8642   9898   9899  16850  16853  16854
1475   3252   1847  16854  16857
1476   3253   6512   8642   8645
1477   6013   9705  16850  16856  16857
1478   3264   9884   9885  12186  12188  12190
1479   2868   5999  14035  14133  14134
1480   2871   3264   3269  14128  14131  14134
1481   5993   7402   7404  14032  14035  14036
1482   5993   5996   5999  12186  12191  12193
1483   3272   7406  14036  14130  14131
1484   9879   9884  13891  13923  13924
1485   3272   3269   9879   9882   9885
1486  13023  14060  15503  15554  15555
1487  12911  13209  15554  15556
1488  12911  13023  13283  14622  14725  14726
1490  10607  13585  14722  16195  16197
1493   5092   5093  13208  15500  15555  15556
1495  10123  13584  13585  14061  14063
1496   5093  10123  10125  10605  10607
1497  13283  13589  14057  14060  14063
1500   7446  11300  11301  13055  13056
1501  10212  10685  11303  13809  13810
1502   9203   9204  10212  10215
1504   3154   1984    986  13058  13059
1506  11299  11301  13787  13808  13809
1507   3314   7314   7315  16799  16801
1508   7317   7318   9253   9839  16780  16782
1509   7312   7315   7318  14207  14295  14296
1510   3314   5466  14204  14207
1511   3325   7722   9342  10114  10115
1512   3325   9255  16779  16782  16785
1513   7722   9728  16783  16785
1514   9253   9255  10115  14294  14295
1515   5317   9839  16795  16796  16799
1518   5096   6545   6765  14827  14830  14831
1519   1620   3272   3339  14452  14455
1520   3339   3269   8070  10761  10762
1521   3342   3343   3344   5096   5097
1522   3344   1957   9879   9880   9883
1523   3348   3342  14830  14833
1525   8071  10760  10761  14827  14833  14834
1527   3343   3348   8070   8071   9883   9885
1528  10857  10858  14831  14834
1529   6765  10858  10859  14455  14553  14554
1530   8193   8194  10580  10581  10584
1531   6783   7290  10584  10585  17082  17084  17086
1532   6783   9051  13213  13218  13219
1533   7290   8194   9051  11058  11059
1534  10526  12884  17084  17092  17093
1535  13216  13219  17086  17095  17096
1536   2343   6229  10528  10581  10582
1539   3372   3373  12803  13913  13916
1540  13103  13104  14402  16155  16158
1541   9054   9056  14724  16155  16196  16197
1544   3381   3382   6460  10606  10607
1545   3373   3383   6460  14405  14407
1547   3382   3385  12157  13585  13587
1548   3385   3381   3383   3372   1212
1550   9755  12413  12414  12894  13222  13223
1551   7221   7223  14089  14092  14095
1553   7218  12412  12413  17206  17208
1554   1483   3019   7217   7218   7221
1555   7549  13518  13519  13806  14094  14095
1557  12894  13515  17202  17205  17208
1558   7217   7223   7549  17202  17203  17206
1560   2141   3406   3407   3408   8853   8855
1561   3408   3409  11285  11288  11291
1562  10025  10026  14591  14592  14595
1563  12582  12584  14592  14593
1564    379   3416   3406  14595  14596
1565   2145   8849   8853  12530  12583  12584
1566  10026  12535  12538  12541  12582  12583
1567   3407   3416   3409  11934  11936  11939
1568   3419   3420  10354  11216  11218
1569  10152  10526  13285  17072  17075  17076
1570   8135  11216  12843  13288  13289
1572  10152  10154  17084  17087
1574   3419   9818  14637  17087  17091  17092
1575   3420   8135  10673  14637  14640
1576  10673  12884  12886  13284  13285  13288
1579   8853  10257  12918  12921
1580   8902   8905  12581  12584  12587
1581   6710   8907  12587  13704  13705
1582   8902   8907   9403   9406  10254  10255
1583  11517  12359  16672  16673
1584   6710   6712   9403  11517  11519
1586   9406  11519  12359  12919  12922
1589    239  14465  14471  15530  15532
1590   3461   2235   8324  14165  15595  15597
1594  11477  11481  15904  15905
1595   2227   3461   4896  15900  15902  15905
1596   7509  15760  15761  15901  15902
1598   2236    237  14165  14470  14471
1601   8323  15591  15595  15759  15761
1603   2629   5643   9260  11488  11490
1604   5643   7738  16484  16485  16488
1605  12249  12754  12755  16445  16450  16451
1607   9260  13012  13013  16451  16488  16489
1608  11490  13007  13013  13812  13813
1609  12752  13009  13812  16505  16530  16531
1610   1927  10323  16505  16508
1611  11495  12217  12250  16450  16485  16486
1614   3500  12983  13658  13964  13965
1615   3500   3501   1894   6312  10159  10161
1616   2411   5341   8260   8261  16423  16437  16438
1617   8140   8141  12980  13964  13966
1618   3516   8043   8140  16426  16440  16441
1620   6309   6312   8261   8262
1622   3516    848   3501  12980  12983
1624   5336   5341  13655  13965  13966
1625   8038   8039  16436  16438  16441
1627   9992   9993  10187  11771  11772
1628   9283   9991   9992  10117  12167  12170
1629  11767  11771  12170  13025  13026
1631  10112  10115  12167  13026  13027
1632   3533   3325  10185  11769  13025  13027
1633   3534   3533   7718   7720   7722
1634   2980   3534  10180  10185  10187
1636   4964   4967  11823  11825
1637  14653  14656  16759  16966  16968
1638  12149  16778  16963  16965
1639   4964  12150  12673  14656  14999  15000
1640  11871  11876  12790  12792  16772  16775  16778
1644   1353   3082  11204  12030  12031
1645  11560  11691  11694  14610  14809  14810
1646   7801  10083  12641  12642  14607  14610  14611
1647  11547  13611  13612  14611  14806  14807
1648  13536  13540  14804  14807  14810
1649   9054   9059  10580  10583  11042  11044
1650  10530  10582  10583  16151  16153  16155
1651  13287  14619  14726  17075  17077
1652   1714  10524  10530  13285  13287
1653  10152  10585  11044  17255  17256
1658   7867  12347  12348  16827  16828  16831
1659  11371  12175  12177  15893  15896  15899
1660  11162  14297  14298  15897  15899
1662  11367  12353  15787  16831  16833
1663  12176  12177  14298  14427  14428
1664  15787  15792  15793  15893  15894  15897
1665   3574    271   3575  10214  10217
1666   9259   9265  10214  11489  11490
1667   3130   3579  13573  13723  13724
1669   2622   3579   5643   7641   9488  10173  10174
1670   3574   8609   9265   9490  10176  10177
1671   3575    272  12571  13570  13724  13725
1672    273   3129  13570  13573
1673  13399  13870  13871  16495  16498
1677   3594  13329  13398  13873  13874
1679   4976  12692  13323  13326  13329
1680   3594   4976  11285  11286  11289
1682  10566  11359  11362  11365  11584  11585
1683  10569  11365  11595  17171  17173
1684   3605  10572  11216  11584  11586
1686   8691  11191  11592  13006  17186  17187  17190
1687   3611   3419  12632  15428  15430
1688   3420   3605   3611   5457   5459   5462
1689   5462  15428  17174  17178  17183  17185
1690   5457   5460  17170  17171  17174
1691   8691   9396  10357  11218  11585  11586
1693  11444  11445  16084  16173  16174
1694   3618   1989   3619   9514  14571  14574
1695   3619   1992  11991  12698  12699
1696  12698  12700  14568  14570  14571
1697   1986   3618    294   3622
1698   3622   1991   7393  16082  16172  16173
1701   2926   7306   7307   9860  13554  13556
1703   2934   3628  13660  13663  13666
1704   3628   2935   7306   7876   7878
1706   8812   8814   8817   9857   9860
1708   6955   6957   9857  13423  13554  13555
1709   1902   6957  13578  14174  14175
1711   7009   7823   8114   9229   9230
1712   3640   2251   5859   9227  11437  11439
1713   2262   6363  11624  11627  12198  12200
1714   7008   7009  11628  12198  12423  12424
1715   7823  11434  11624  11625  11628
1716   2255  11433  11439  11625  11627
1717   3649   1680   5177  12420  12421
1718   3649   1029   2261   3640   1679
1719  10950  14086  16787  16792  16794
1720  10060  11566  11567  14185  14191  14192
1721  11564  14086  14087  16104  16144  16146
1722   7602  14078  16144  16145
1723   5317   5324   7602  14185  14188  14189
1724   5324  14078  14087  16794  16799  16800
1725  14188  14191  16101  16145  16146
1727   9839   9840  14189  14192
1731   3673   3674   3675  16454  16459  16460
1732   3681   3673   5789   5794   5795
1733   3682   3683  16457  16460
1734   5386   6409   6410   6413   7110   7111
1735   3692   3693   5386   8074   8075
1736   5794   7107  15563  15570  15571
1737   3695   8074  15564  15567  15568
1738   3682   3675   6409   6412   6415
1739   3693   3699   3683   6413   6415
1740   3674   3681   3700   6410   6412
1741   3695   3699   3692  16454  16456  16457
1742   3700   5795   7105   7107   7110
1744   2003   3704  16478  16857  16860  16861
1745   1846   8794  16854  16861  16862
1747   5451   8792   8794  16548  16551  16554
1749   3252   3704   8828   8831   8834
1751   8828  16517  16519  16843  16846  16849
1754   5211   5214   7762  10767  10768
1755  10169  10483  10882  11387  11388
1756   3725   5214   9722  10483  10485
1757   7767   7977  12266  12269  12272
1758   7763   7766   7767  10768  10769
1759  12271  12272  12388  12393  12394
1760   3725  10169  10170  10767  10769
1763  10485  11382  11388  12391  12394
1766   5324   7314   8906  12585  12587
1769   3744   7315  12581  12582  12585
1770   3744   3745   3135   3314  14592  14594
1771   3745  14082  14085  16791  16794
1772   8902   8906  14074  14076  14078
1773   8689   8691   9933   9936
1775   3747  10095  10097  10612  10614
1776  14359  14362  17186  17189  17192
1777   3753   3747  13004  17190  17192
1778   3753  10091  10094  10097  14355  14361  14362
1779   1820   1411  14358  14361
1780   1163   3755   2967   9936  10612  10613
1781   3755   1177  12280  12283  12286
1783   6789   6791  11554  12640  12641
1784   5188   7250  15128  15674  15677
1785   9669  15124  15127  15674  17139  17151  17152
1786   3764   6788   6789   9669  10574  10575
1787   3764   1476   8764  12636  12637  12640
1788   9846  10577  17136  17152  17153
1789  11547  11552  11554  15124  15125  15128
1790   2406   7277   7281  16438  16439
1791   2421   7281   8133  10673  10676
1792   5338   5341   6227  10528  10530
1794   2414   8261  10676  12592  12885  12886
1795   7277   7279   8133  13288  13290
1798     94   1720  13284  13287  13290
1799   3775   3778  12259  12260  12263
1800   3781   3775  15932  15935  15938
1801   3778  11323  11521  11522  15936  15938
1803  11461  11462  15932  15933  15936
1804  12259  12262  12265  13086  13088
1806   3781   8387  11209  12263  12265
1807  11209  12108  12110  12922  13086  13087
1809   8387  12109  12110  15933  15935
1811   4975   4978  14362  14576  14577
1812   9550  11580  11582  14576  14578
1813   9307  11580  11581  15533  15535
1814   2179    754   9307   9549   9550
1816  15421  15445  15448  17178  17180  17182
1818  11275  14962  15421  15423
1819   4978  11274  15423  17182  17191  17192
1820   3817   6412  14833  14866  16535  16560  16561
1821   7758  10766  10768  14834  14862  14863
1823   3817   3674   8071   8072
1824   3700   3822   7767   7768  10763  10764
1825   3681   8072  10759  10761  10764
1826   3822   6410  16535  16543  16544
1827  10766  10769  16547  16557  16558
1830   1615   2776  15804  15805  15808
1831   2083   3828   3829   3830   2925
1833   3828   5298   5916   7470   7471
1834   6793   9669  15808  15810
1835   3836   3829   5298   6789   6790
1836  13032  13190  13191  15805  15807
1837   2924   3830   3836   3764   1475
1839  12762  13035  13051  13189  13190
1841   3383  16060  16212  16258  16259
1842   3842  16253  16256  16259  16466  16469
1843   3372   1210  16060  16469  16481  16482
1844   3381   9336  16212  16251  16252
1846   6490   8306  13987  15908  15910
1847   3385   8144   9335   9336  13987  13989
1848   3842   8304  15815  15909  15910
1849   6194   8146  13989  15818  15908  15909
1853  10706  12470  14551  14563  14564
1854   3862   3865  11751  11752  11755
1855   3866   3862   6668  12470  12472
1856   3865   3869   3866  11253  11256  11259
1857   6668  10706  11435  11625  11752  11753
1859   3876   3877   7823   9890  11257  11259
1860   3869   3876   9945  11755  11756
1862   3877   9945  11628  11629
1863  10275  10276  10279  17214  17217
1864   6164   8974   8975  10279  10281
1865   3881   5570  10275  10278  10281
1866   2463   3881   7510  15758  15761  15764
1867   8971  14051  15683  15763  15764
1868  14053  15683  15708  17102  17105
1871   6312   8089  11966  14798  14800
1872   1903   3500   3885   6957   8343   8344
1873   8346   8347  10164  13391  14801  14803
1874  13385  13391  13581  14173  14174
1875   3501    847   3890   3885
1876   3890    821   8342   8343   8346
1877  11474  11725  11726  12810  13115  13427  13428
1882  11205  11208  12265  12295  12296
1883   6346   7520   7523  10496  10499  10502
1884   6350   7517   7520   7872   7874
1885   7868   7874   9825  13089  13091
1886   3899   5997   5999   8007   8010
1888   3901   7143   8007  13547  13904  13905
1889   3905   2536   7096   7143   7146
1891   3906   5993   5994   5997
1892   3906   2535   3905   3901   3899
1893   5340   8217   8219  13963  13966  13969
1894  10795  10797  12982  13967  13969
1895  11979  14457  14557  14884  14886  14889
1897   7319   9926   9927  12978  12980  12982
1898   6173   7321   9927  11979  11981
1899   6173  10798  14454  14457
1900   8140   9926  11981  14888  14889
1901   3921   1351  10521  11534  11535
1902   1350   3921   3922  13843  13845
1904   3922  11530  11534  13862  13863  13866
1905   3924   6987   6989   8477   8478
1906   3928   3929   8477  16915  16917  16919
1907   3931   3932   3928   7144   7147
1908   3933   7141   7143   7144
1909   3905   3935   3931   3933   6988   6989
1910   5987   8478  16919  16944  16945
1911   3932   3935   3924   3929
1913   5659  10727  10732  14380  14381  14384
1914   7569  11984  14370  14381  14382
1915  11050  11053  11978  11981  11984
1918  11978  11979  14370  15526  15528
1919   6173   6176  13070  15522  15523  15526
1920   3955   6233   8341  13070  13072
1921  10728  13072  14384  15523  15525
1922   9927  11053  12308  14220  14222
1923   3955   6176   7321  12305  12308
1926  10731  10732  13994  13996
1928  16029  16061  16469  16856  16863  16864
1929   3842   7957   7958   9912   9913
1930   8085   9910  16853  16864  16865
1931   8080   8082   8085  16075  16086  16087
1933   7958   9130  16078  16085  16086
1934   3966   9795   9798  14036  14039
1935   3971   3966  10647  10652  10653
1936    800   3971   9798  13761  13763  13766
1937    796   6128   6131  13765  13766
1940   2530   3906   6128  12661  12662
1942   5997  12661  12663  14035  14038
1943  10650  10653  14032  14038  14039
1944   7415  12903  12905  15792  15794
1945   7415   8280   9250  11587  11589
1946   9245   9246   9994  11587  11588
1947  10742  11162  12167  12904  12905
1948   8280   8283  12170  12903  12904
1949   8283   9990   9992  11588  11589
1950    284   2362   3991   3253  15692  15695
1951   3991   8638   8642  10871  10876  10878
1952   3128    290  15692  15747  15748
1953   7323   7702  10795  13823  13825  13828
1954   3971   3995   3955  14709  14794  14795
1956  13453  13928  14711  14795  14796
1957   7702  12829  12831  13453  13456
1958  13456  13766  13827  13828  13927  13928
1959   3995   6176   9798  10798  10799
1960   7319   7323  12308  12829  12830
1961   1824    728   4002   8920   8921
1963   9218   9219  10568  11363  11365
1965   4002  12894  12897  17157  17160
1966  17160  17171  17172  17196  17207  17208
1968   8920   9437  12897  13514  13515
1969   2078   4013   1361   4014   3828
1970   7399   7401  13439  13707  13708
1971   4017   1367   4013  13710  15634  15637
1972    473   3146   1366   4017
1973   4014   1364   5291   5296   5298
1974   5914  13439  15633  15636
1975   7038   9105  14381  14383
1976  13165  13169  14346  15773  15775
1978  14367  14370  15773  16068  16071
1979  10249  10250  15495  16124  16126
1980   7570  11984  16068  16125  16126
1981  12559  13169  13170  14367  14382  14383
1983   4028  13856  13858  15413  15422  15423
1984   3036   4030   3117   4031   4028
1985   4030  10869  13323  13324  13327
1986   4033   3747  10867  13327  13329
1987   3753   4033   4971   4976   4978
1988   4031  12635  15413  15429  15430
1990   3775   7481  13493  14587  14590
1991  11347  11764  12452  13430  13432
1992   3778   7481  11346  12455  12456
1993  12263  12295  14584  14586  14587
1999  11564  11660  14181  14184
2000  12245  12248  16447  16450
2001  14082  14083  14086  14184  16485  16487
2002   4049  16457  16475  16986  16991  16993
2003   2692   4049   3699   8232   8234
2004   3692   5755   8234   8589   8590
2006   3695   2878   5755   6739   6742
2008   2883   1225   6739   8489   8490
2009   4060   6582  14625  14629  15998  16000
2010   6583  15994  15997  16000  17089  17094  17095
2011   4060   6781   6785  13200  13219  13249  13250
2014   6781   6787  17086  17089
2015  13510  14631  15994  15995  15998
2016  13200  14629  14695  14697
2017   6582   6583   6785   6787
2018   2445   2488   8093  12591  14754  17094  17096
2021  15122  15421  15422  16021  16023
2022   4074  15428  15429  16017  16020  16023
2024   4074   5462   8495   8497
2025   8495   8496  17119  17164  17174  17175
2027   9919  12672  14656  14702  14703
2028   3628   2933   3000   4964   7005   7006
2029   6299   7306   9272   9915   9916
2030   6300   7003  11640  14699  15002  15003
2031   2931   7000   7003   7006
2033   4090   4091   7942  12750  13008  13009
2034   2232   4094   7939   7942
2035   4091  14168  15597  15620  15621
2036   4090   4094   2238  14165  14168
2037  15595  15621  15622  16501  16503  16505
2038   7939  11305  13008  13807  13809  13812
2039   3461   7667  11301  11302
2043  12780  12781  16698  16703  16704
2045  11458  12781  12782  16199  16204  16206
2046   6665  11371  11372  15072  15075
2047  12347  12349  12352  12780  12782
2048  10819  11369  11458  12352  12353
2049   6665   7214   7215   7563   7564
2050   7210   7214  16199  16201  16203
2051   7210   7215  15075  16695  16704  16705
2052   6772   9695   9701  13359  13361
2053   4112    599   2333   4113   6771   6772
2054   2012  13224  13804  13806
2055  13136  13220  13221  13224  13360  13361
2056   4119   6771  13139  13359  13360
2057   4119   4113   2334   2006
2058   9695   9699   9758  13221  13223
2059   4112    616   9699   9701
2060   7966   8795   8797  12142  12872  12873
2061  11419  11420  16548  16549  16552
2062   6949   7965  12142  12145
2063   2853   1845   8791   8794   8797
2064   6986   6989   6992   7940   7943
2065   3935   4126   7937   7942   7943
2066   6130   7937   7939   7940  12226  12228
2067   4126   3931   4129   2231   4094
2068   3933   3901   4130   2230   4129
2069   4130   3899  12657  12658  12661
2070   6126   6128   6130   6991   6992
2071  13598  13601  13602  15385  15388  15391
2072   8823  14029  15385  15386  15389
2074   8318   8320  13602  13646  13647
2076   8314   8315   8318  13093  13095  13097
2077  11111  13601  13649  15096  15275  15276
2078   6665  10770  14338  14862  14864
2079   7215   7216  10766  10767  10770
2080   5214   7214   7216  13165  13168  13171
2081  14831  14863  14864  15776  15778
2083  10856  10858  10861  15772  15773  15776
2084   5211  10860  10861  13169  13171
2085   4113   4147   8194   8195   8402   8403
2086   4149   1788   6772   6773
2087   4151   1793  10510  10511  10514
2088   1783   4149   4112    600   4151
2089   1789   4147   6771   6773
2090   4153   7290   8401   8402
2091   4153   1792   9051  10514  10515
2092  15524  15525  15959  16587  16588  16591
2093  10861  14367  15516  15527  15528
2094   9722  10314  10315  12556  13170  13171
2095   4160   8542  15844  15860  15865  15866
2097   4169  14826  15838  15841  15844
2098   8387  14820  14821  15799  15840  15841
2099   4160   4169   5541  10313  10315
2101  14821  14823  15935  15957  15958
2102  14777  14779  15933  15956  15957
2103  10313  10917  14820  14823  14826
2105   1585  11799  11800  11803  13436  13439
2106  11797  11807  11808  13436  13708  13709
2108  11794  11808  11809  14039  14129  14130
2109   7899  10653  11807  11809  13121  13122
2110   6388   6390  11803  14038  14132  14133
2113   9592   9595   9598  16748  16750  16752
2114   3533  11884  11885  16752  16784  16785
2115   4197   9592   9593  12022  12025
2116   4197  10182  10185  11883  11884
2117   9598  12022  13590  13718  14062  14063
2118   9255  13021  13027  13716  14059  14060
2119  13714  13716  13718  16750  16781  16782
2121   2497   4201   3829   4014   1363
2122  12075  12501  14610  14613
2123  12502  12718  14607  14613  14614
2125   3836   4201   7798  12640  12642
2127  11554  12716  14611  14614
2129    242   9020   9021   9369   9371
2130   2180    238   9307  10957  10958
2131    245   9365   9368   9371
2132    753   2506   7488   7490   9366   9368
2133   9021  10791  10960  10961
2134   9365   9366   9369   9552  10791  10792
2136  10556  10571  11583  11584  11587
2138   9634  11317  11319  13181  13184  13187
2139   2972  11319  13838  16398  16409  16410
2140   2978   3755  13835  13838
2141  12877  13296  13297  16901  16912  16913
2143   1677   9634  10470  16907  16910  16913
2144   5795  10764  12274  12605  12606
2145   3822   7110  14900  14901  14904
2146   7105  10337  12773  14904  14905
2147  12266  12270  12624  12776  12777
2148  10888  12270  12272  12276  12606  12607
2150   7107  10337  10890  12274  12276
2152   1543   8221  13969  14117  14118
2154   2345  10581  10583  13102  13104
2158   7413  12899  12903  12907  12909  12911
2159     95   7413   8280  12840  13289  13290
2160   8283  11771  12840  17078  17080
2161   4242   7349  12775  14905  14906
2162   4247   4248   4249   4250   7348   7349
2163  10337  10340  15560  15563
2166   4257   5383   7111  14904  14906
2167   4259   4249   5383   8075   8076
2168   4247   1798  15557  15560  15561
2169   4250   4259   4257   4242
2170   4248   8076  15561  15564
2171   4017    474   4263   6846   6847
2172   4266   6845   6847   9627   9630
2173   4263    475   9630  12097  12098
2174   8237   9627  12098  17594  17599  17601
2175   4266   7433   8236   8237
2176  10256  11126  11128  12921  13089  13090
2180   1277   5249  12111  15855  15858
2181  10253  10255  12107  12108  12111
2182  11002  11005  15855  15863  15864
2183  11205  11206  11209  15799  15802
2184   4278   4279  10098  10099  10102
2186   4278   5698   6404  10563  10564
2187   4279   1487   5698   7221   7222
2188   2301   3021   7218  10560  10561
2189   2299   6405  10559  10560  10563
2190   3348   3817   3675   4287   4288
2191   4288   3343  11183  11186
2192   3673   3264   2888   8070   8072
2193   9883   9884  11183  11946  11947
2194   4287  11186  11946  16369  16460  16474  16475
2197   2413  10676  14640  14757  14758
2198  10109  10313  10314  10484  10485
2199   4169  10105  10109  11451  11452
2200   3725   5076   7210   7213   7216
2204   5076  10105  10108  10483  10484
2205   4160  11452  12958  16260  16263  16266
2206   7923   8240   8498   8499  10560  10562
2208   5457   8241   8494   8495   8498
2211  10561  10562  17199  17206  17207
2212   4310   3929  12092  15823  15826
2213   4310   3924   7943   9573  10993  10995
2214   6423  11016  12091  15820  15826  15827
2215   4126   4090   3932  15820  15823  15824
2216  11013  11016  12339  12753  12754
2218   4091   1919  15824  15827
2220  10624  10732  10733  16100  16148  16149
2222  10730  14384  15931  15959  15960
2223  10626  11467  15931  15936  15937
2225  11462  11464  14777  14778  16147  16148
2228   2981   9929   9936  10184  10187
2229  11741  11742  13601  13604
2230   4330  12765  12769  12844  12845  12848
2231   2589   4330   2422   6670  13602  13605
2232   6666   6670  12466  12467  12470
2235   6666  10704  10706  13598  13604  13605
2237  10984  15645  16583  16586
2238   3781  14587  14696  14697  14821  14822
2239  15639  15928  15960  16586  16591  16592
2240   7481  15642  15928  15937  15938
2241   5931  12990  12992  14629  14822  14823
2243   5929   5931  10984  13200  13495  13496
2245   3991   2358   8085   8086
2246   8796   8797  11024  11025  11028
2247   2222   1618  15805  15881  15905  15906
2249   2758   4895  15808  17210  17215  17217
2251  12899  12905  15554  15837  15897  15898
2253   8269   9253  13716  13719
2256   8269  11706  11708  14293  14295  14298
2258   8473   8478  14878  14967  14968
2259   3865   4351  14819  14881  14882
2260    793   4310   8473   8474   8477
2261   3866   6969  14819  14970  14971
2262   4351   3869   4352   4353   6990   6992
2263   4352  10996  11258  11259
2264   4353   7940  10992  10993  10996
2265    734   8214   8604  11097  11098
2267   4360   2661   4361  10837  10839
2268   4360   6720   8602  11096  11097
2269   6720   9075  10833  10836  10839
2270   9070   9071  10834  10836
2272    762   9070   9072   9075  11096  11098
2273    251   4361   8408   9367   9368
2275   9366   9367  10047  10049
2276   2407   7281   7283   8242   8244
2277   8238   8242   8498  12823  12824
2278   3605   2563   7283   8133   8135
2279   3611   4074  14637  14758  14759
2281   5755   8074   8076  10523  11535  11536
2282   4377   4378   4379   5383   5386
2283   4380   3693   4379   8231   8234   8237
2284   4378   4381   1377   4266   4380
2285   1376   4381   4377   4259   4382   3921
2286   4249   4382  11534  11536
2288   6448   8828   8832   9440   9442
2290   8473  12344  16919  16922
2291   6448  10392  14424  14880  14968  14969
2292   3704   6013   6555   8247   8248
2294    236  10968  12783  14469  14471
2295   4129   2234    217   7144   7699   7700
2296   3928   2840  15823  15850  15851
2297   2837  10965  12783  15845  15848  15851
2298  14168  14469  14470  15824  15847  15848
2299   1034    204  15098  16904  16911  16912
2300  14994  15129  15674  15701  15702
2301   3229   9556   9557  14997  15128  15129
2302  10977  12105  14994  14997
2304   4393   4394  13536  13539  13542
2305   4397   9559  13539  13612  13613
2306   6439   6442  13239  13541  13542
2307   4394   4399   6442  14579  14581
2308   4393   4397   1415   4401   4399
2309   4401   1405  14361  14579  14580
2310  12779  12782  15846  15848
2312  10825  11458  15827  15846  15847
2314   2621   3579   3136   3745
2315   9488  14374  16488  16490
2317   8593  10064  10950  14177  14182  14184
2320   6061   8343  10088  10089
2321   6058   9855   9857   9859  10089  10090
2322   3885   6058   6061  12978  12983  12985
2323   9859  12714  12985  13967  14116  14117
2324  11567  11568  12950  12998  12999
2325   9585  12999  14933  15152  15153
2327  14631  14825  15839  15841
2329   2690   5820  10305  10308  10311
2330  10309  10311  16246  16247  16250
2331   4421   8752   9334  16250  16252
2333   6490   6495   6496  14156  14328  14329
2334   2389   4421  10305  10306  10309
2335  10899  12065  14152  14154  14156
2336   6496   9334   9335  10899  10900
2337  10563  10565  13605  13645  13646
2338   5867   7544   8318  12826  12827
2340   2583   6670  10559  10562  10565
2341   4330   2408   8242   8243
2343  10612  12931  12932  14353  14354
2344   4197  12936  13852  14352  14353
2345   3534   2977  11884  13838  14267  14268
2346   6787   9153   9156   9159   9819   9820
2347   4153   6781   6783   9157   9159
2348   9156  10905  14253  14255
2349   8402  10584  11044  14250  14252
2350   9815   9820  17082  17087  17089
2351    735   4002  11095  11098  11101
2353  11099  11101  12897  13221  13222
2354    620   9075   9076   9699   9700
2355   9070   9073   9076   9426   9428
2357   5788   5794  12274  15396  15545  15546
2358   2867  14132  14134  15544  15546
2359   3339  11778  14129  14131
2362  11799  12608  15399  15544  15545
2363   1796   6773  13146  13355  13356  13359
2364  13142  13146  13636  14395  14397
2365   4147   4119  14260  14262  14398  14400
2368   3382   9334   9336  10123  10124
2369   3344   6457   6460  11183  16212  16215
2371   4452   2385   5091   5093   5096
2373   4453  11186  16215  16250  16251
2374   4421   2384   4452   3342   4288   4453
2375   3373   8250  16032  16060  16061
2376    241   2877   6739   9371   9477   9478
2378   4361   2669   4458   6676  15561  15568  15569
2381   4248   4458  11530  11533  11536
2382   9365   9367   9478  12212  12214
2383   1678   3640  15095  16911  16913
2385  11438  11439  13604  13648  13649
2386   1671   9634  10854  10855
2388  11099  11100  13355  13358  13361
2389   8920  11100  11101  16517  16522  16524
2390   2020   6448  13224  13517  13518
2391   8485  12044  14156  14459  14461
2394  15907  15910  15913  16982  16984
2395  11957  11958  16978  16979  16982
2397  11007  14997  15739  15766  15767
2398   4469  12256  13539  14805  14807
2399   1416   4397   4469  11129  11131
2401   4696  15851  16820  16825  16826
2402  12086  15826  15850  16823  16826
2403   6586  15413  15983  16022  16023
2404   4031   6581   6583   6586   9820   9821
2405   6581  15983  15999  16000
2408   9413   9414  10476  13389  13391
2409  13114  13430  13431  13660  13661  13664
2411   8044   8899   8901  16441  16442
2412   8895   8896   8899  16120  16123  16126
2413   3516   9926  11046  11051  11053
2416   1799   4247   4458   5081   5082
2417   1795   5082  13068  13146  13147
2418   7273   7349  14213  14216
2420   3922   4382   4250   7273   8775   8776
2421   5935  15394  15399  15400  16579  16581  16583
2422  11031  11037  15397  15400
2423  11033  12276  15394  15396  15397
2424   9296  10892  11383  12270  12271
2426   5934  11383  12394  12990  12991
2427   5929   5934   5935   9296  11036  11037
2428   9623   9628   9630  11516  11517  11520
2429   6841   6847  11326  11520  11521
2430   4380   7052   9623   9625   9627
2431   4378   4496   7052  16688  16689
2434   4381   1382    903   2154   4496
2435   3574   6336   6337   7012   7013
2436   4503    797   6332   6333   6336
2437   4503   7012   8709   8782   8783
2438   3622   8707   8782  10364  10366
2439    295   3575   1012   1985   3618
2441   6332   6334   6337  10210  10212  10214
2442   3744  10026  14207  14430  14431
2443   7316   7318   8269  12067  12068
2444  11706  11711  12171  12174  12177
2445   7312   7316  12585  13703  13704
2447   4508  11032  15397  15548  15549
2448  12491  13160  13161  15543  15546  15549
2451   1797  13163  13164  15560  15571  15572
2452   4508   1785  13158  13161  13164
2456   3966   3995  11809  13070  13071
2460   8340  11807  13071  13072
2461  10956  10957  11576  11577  11580
2466    693    102   7413   7415
2467   7277   7283  16220  16222
2468   4028   6586  10885  11386  11387
2469   4524   6785   9159   9296   9299
2470   4030   3121   9156  12621  12777  12778
2471   4524   6581   6582  11382  11383  11386
2474   4527   7323  12982  12985
2475   9415   9419   9862  12712  12714
2476   7704   9419   9777  13828  13829
2478   4527   7702   7704   9859   9862
2479   4533   1794   4360   5082   5083
2480   4149   1787   4533   6720   9700   9701
2481   7316   7317  14152  14157  14189  14460  14461
2483   7602   8906   8907  10785  10786
2484   3682   4453   4287  10309  10310
2485   2691   3683   4049  10310  10311
2486  12997  12999  13978  15647  15649  15651
2487   9092  12046  14192  14459  14460
2488  12046  12201  12206  13374  13383  13384
2489   8485   8486  10899  13718  13721
2490   8143   8728  13986  13989  13992
2491   8728   9597  12022  12160  12161
2492   8486   9597   9598  13990  13992
2493   5070   5076  10169  13859  13861
2494  10484  11386  11388  15983  15986
2495   9511  13568  13570  14574  14672  14673
2496   9510  11445  15692  15724  15725
2497   1336   3132    382  13568  13573  13574
2498  13574  14672  16053  16055
2499   6415   7053  10305  10307  10310
2500   4379   6413   7050   7052   7053
2501   3862   5695   7222   7223  14816  14819
2502   5695   6666   6668  10564  10565
2503   2930   3830   4201   7001   7003
2507   4548  12053  13727  13728  14672  14674
2508   4552   4548  11545  12314  12315
2510   4553   3619  11545  12507  12508
2511   4552   4553  14571  14673  14674
2515   4257   4377   4496  13396  13871  13872
2516   6409   7053   7895  16535  16538
2518  13870  13872  14900  14903  14906
2520   5695   5698  11752  11754
2521   4278   2254  11627  11753  11754
2524   9403  10784  10785  11463  11464
2525  10784  10786  16143  16145  16148
2528  15913  16777  16953  16963  16964
2530   6109  13819  15911  16777  16778
2531   4573   4993   4996  15662  15663  15666
2532   4573  11956  11957  16950  16953
2533   7858  13377  13383  13819  13822
2535  10325  15857  15860  16501  16506  16508
2536   3881   7258  15857  15866  15867
2537  11452  15762  15764  15842  15844
2538   8346  12513  14936  15151  15152
2539   3890   6061  11784  12832  14223  14225
2540    115    786   8899   8900
2541  14450  14455  14457  15519  15526  15527
2544   2224   6751  13979  13982  13985
2545  13979  13980  13983  15547  15549
2546   1584  11803  15543  15544  15547
2549  13159  13161  13983  13985
2550   4130   2229   8003   8005   8007
2551   2932   7004   7006  11350  12451  12452
2552   4013   1362  11349  12454  12455
2553   4584   6442   9554  10792  10793
2554   4584  11683  11696  13540  13542
2555   9481  10791  10793  11676  11681  11683
2556   9369   9475   9478   9481
2557   7083   7257  15853  15855  15857
2560  11340  11672  11673  15400  15547  15548
2561   4151   4508   1784  13192  13983  13984
2562  10514  11035  11037  11336  11337  11340
2564   3649   7960   7961  12138  12140  12142
2565   5180   6931   8925  12419  12420
2567  14095  14816  14844  14882  15041  15042
2568  11545  11680  11696  14808  14810
2569   4553  11676  11680  12694  12695  12698
2570  12496  12508  12509  14613  14808  14809
2571   4596   9270   9916  11635  11637
2572   8460   9919   9920  12199  12200
2573   1470   4596   4279  11751  11754  11757
2574  11631  11632  11635  11756  11757
2575  11629  11632  11634  12198  12199
2576    511   8493   9019   9021   9480   9481
2577  12315  12316  14804  14805  14808
2578   4527   6058  12828  12829  12832
2580   7835  12339  16448  16451
2583   6337   6338   9265  10996  10997
2584   4353   6130   6332   6335   6338
2585  10109  14825  14826  15986  15998  15999
2587   8486  12044  12046  16750  16753
2589  10770  15075  15271  16556  16558
2592   4596   1463   9415   9418   9421
2593   4351   9421   9774   9777  11755  11757
2594   4263  10628  11467  11520  11522
2595  10624  10625  10784  12182  12184
2596   8929  16758  16959  16966  16967
2598  16953  16956  16957  16977  16982  16983
2599  10591  12385  16955  16956  16959
2600   7958  10593  12385  16974  16977
2603  13712  15637  15641  15928  15931
2605  13436  15636  15644  16579  16584  16586
2606  12352  15845  15846  16826  16831  16832
2607  13256  13258  15784  15787
2608   8682   8683  16752  16755
2609   7718   7723   9728  10411  11318  11319
2610   8721   9150   9152  13819  13991  13992
2611   8721   8726   8728  11240  12683  12684
2614  13019  13932  13961  16956  16958
2615   4573    962  13453  13958  13959
2617   4613   4503   9945  11632  13930  13960  13961
2618   4352   4613   3876   6336   6338
2619   9419   9421  10224  11635  11636
2620  15556  15830  15837  15991  15993
2621   4452  14390  14830  14866  14867
2623   6765  14851  15776  15974  15977
2624   9855   9860   9862  10221  10224
2626   7186  12937  14348  14350  14353
2627   3416   4616   4617  16006  16009
2628    380  13574  13727  14595  14597
2629   3406   4619   4616   8520   8521
2630   4620  14674  16006  16054  16055
2631   4620   4617   4619   1280   4548
2632    887      5   6386  13395  13874  13875
2633   3594   4033   6351   7520  10096  10097
2634  10863  10865  13327  13873  13875
2635   9076  10835  10836  13194  13984  13985
2636   4533   1786  10839  13162  13164
2637   4623   4552   4620  11680  11683
2638   4617   4624   4394   4584   4623
2639   1291   4469   4393   4624   4619
2640  12199  12422  12423  16959  16961
2641   4613   3877   7007   7009   7012
2644   9490   9892  10997  11257  11258
2645   3408   4626   4401   2137   7873   7874
2646   2069   4626   3409  14575  14576  14579
2649   4524   4060   5931   5934
2651   4626   4399   4624   4616   3407
2652   4242   7273   7276  13869  13872  13875
2653  14388  14867  16559  16561
2654   4623  10793  10960  16006  16015  16016
2656   5935  10984  11340  11342
2660  10745  10940  11532  13866  13868
2664  11093  14773  14785  16822  16825
2667  12044  13384  13822  13990  13991
2672  12201  12438  12953  12997  12998
2674   8108   8109   8605   8608   8611
2683  10461  13506  13509  15802  15839  15840
2684   8782  10587  10589  12385  13018  13019
2686   4889  15902  17217  17222  17223
2689   9341   9342   9723   9725   9728
2694   7000   7005  14998  14999  15002
2695   4971  11274  12692  13856  13857
2697   8816   8818  12146  12152  12153
2704   8569  10415  10422  11718  11720
2707   7192  11042  17250  17253  17256
2708  13021  13025  13280  13283
2709   6362  12200  12418  12420  12423
2710   7250   8765  11552  12637  12638
2712   5200  13046  13049  13052
2713   5211   9722  12388  12390  12391
2714   9348  10403  11416  12291  12292
2716   8791   8796   9908  16859  16862  16865
2717  12111  12646  14517  14780  14781
2718  11336  11342  12852  13494  13496
2719  16371  16474  16991  17004  17005
2720   6496   8485  13986  13987  13990
2722   5291   7466   7468   7471
2724  10524  10528  12595  12884  12885
2725   5317   7312   7314   7317
2726  14861  14862  16555  16558  16561
2727   5336   8141  16420  16423  16426
2732   7105   7111   8075  15557  15563  15564
2733  11638  11642  14698  14699  14702
2737   7960   7965  12880  13295  13296
2740  13997  14191  17041  17046  17047
2743  11498  12216  12217  16508  16529  16530
2744  10315  10917  11332  15956  15958
2747   5564  10281  10976  12105  12106
2748   8245   8246  13919  13922  13925
2751   9893   9894  11426  11427  11430
2755   9259   9260   9483   9488   9490
2757  13993  13994  13997  16097  16100  16101
2761   7217   7222  10559  10561  10564
2763   8923   8929  12418  12419  12422
2765  14780  14782  15853  15858  15860
2767   8774  12679  12680  13630  13631  13634
2768  10587  10593  16078  16169  16170
2770   8108   8110   9224   9227   9230
2771   7544  13095  15696  15697  15700
2772  10275  12106  14994  15739  15741
2775   9406  11462  11463  12108  12109
2776   5911  11668  11671  11674
2777  12493  15566  15569  15572
2778   5929  12990  16583  16592  16593
2779   7549  14816  14971  14972
2780   9341   9349  10403  11570  11571
2782  12107  12110  15799  15858  15862  15863
2785  10089  12832  15662  15665  15668
2786   6062  10249  12245  12246  12249
2789  10112  10114  10117  11570  11572
2791   6109   9152  12786  12787  12790
2793   6126  12226  12657  12659  12662
2794   7704  10224  13456  13957  13958
2796  10711  10717  11612  12787  12788
2797  10279  12106  15696  15699  15702
2798   7319   7321  10794  10795  10798
2800  15064  15065  15943  15945
2802   6269   8790   9422   9424   9427
2804  14515  16103  16147  16149
2805   6296   9272  11638  11640  11643
2806  10158  10159  14797  14800  14803
2807   8340  10728  10730  13706  13709  13712
2809  11016  12330  15458  15461  15464
2811   9548   9554  14575  14578  14581
2812   9436   9442  13513  13514  13517
2813  10606  14401  14407  16158  16195  16196
2814  14328  14461  17037  17040
2816  10927  10930  12204  12438  12511  12512
2817   6490   9335  16246  16249  16252
2822   6710  10785  11851  12182  12183
2823   9695   9700  11095  11096  11099
2825   8487   8489   9475   9477   9480
2826  10833  10835  13158  13159  13162
2827  11042  13082  14250  14398  14399
2828  11934  11938  12535  12536  12539
2830  13095  13644  13647  15096  15099
2831   9914   9920  11631  11634  11637
2835  10422  12600  13949  13950  13953
2836  10251  11154  12246  12247
2838   7050   7895  16683  16685  16688
2839  14573  15719  15725  16050  16052
2841   7257   8467  16506  16526  16527
2845   7141   7699  13547  16034  16039  16041
2850   8775  13634  14216  14395  14396
2851   8598   8600  11095  11097  11100
2852  10170  13861  16513  16545  16547
2853   9125   9126  16081  16082  16085
2854   8231   8236   8584   8586   8589
2855  10679  10680  11299  11300  11303
2856  12393  12604  12607  16581  16589  16590
2857  10105  15123  15986  16021  16022
2858   7517  10091  10093  10096
2859  10252  10255  12915  12921  12922
2860   9415   9777  14841  15042  15043
2861  10786  12182  14188  17038  17041
2863   8849   8905  10252  10254  10257
2864  11352  11354  16525  16526  16529
2865   8605   8607  10172  10173  10176
2866   9153   9299  10892  12776  12778
2868   7718   9342  11569  11570  11573
2870  11495  12644  14079  14083  14084
2871  11854  11858  12636  12639  12642
2872   8663  10043  10045  10048
2874   9224   9229  11433  11434  11437
2875   9576  10995  12339  13011  13012
2877   7917   8494   8496   8499
2879   7937  10993  13007  13008  13011
2880   9259  10992  10997  13011  13013
2881   8003  12034  13903  13904  13907
2882  10552  10554  10566  10568  10571
2887  12063  12065  12068  13714  13719  13721
2888  11583  11586  11589  12840  12843
2891   9780  12184  17038  17047  17048
2892   8683  11885  14263  14264  14267
2893  10477  12808  12810  13385  13386  13389
2894  10622  10624  11461  11464  11467
2895   9914   9916   9919  11642  11643
2896  10325  12216  14514  14781  14782
2901   8638   9893   9895   9898
2902  10679  10681  12227  12659  12660
2903   8657   9960  11419  11422  11425
2904   8721   9592   9594   9597
2907  10124  10900  13721  14061  14062
2908  10478  13389  14029  14801  14802
2911   9139   9141  11359  11360  11363
2913  11253  11257  14548  14564  14565
2915  10510  10515  11054  11056  11059
2916   9054  13104  14257  14259
2918  11331  14380  14383  15955  15956  15959
2921  11336  11668  11673  12756  12762  12763
2926   9283  11569  11572  11575
2927  10888  10892  11031  11033  11036
2928   9548   9550  10792  10955  10957  10960
2929  11576  11581  16697  16700  16701
2930  12105  13093  13100  15700  15702
2931   9996  11583  11585  11588
2932  11461  11463  11516  11519  11522
2933  10314  10917  12391  12991  12992
2934  11876  12599  13179  13950  13951
2935   9483  10172  10174  10177
2937   9507  11445  14568  14573  14574
2938  11366  11371  12347  12350  12353
2939   9585  11786  13978  14223  14224
2940  10992  10995  11253  11255  11258
2941  11978  14889  16068  16118  16119
2942   9623  12093  12095  12098
2943  10470  10854  11111  11113  11737  11739  11742
2944  10524  10526  10580  10582  10585
2945  10573  10575  17136  17139
2947  13220  13223  13800  13803  13806
2948  11691  11692  13242  13540  13541
2949  13823  13826  13829  15037  15040  15043
2950  10794  10799  13763  13824  13825
2951  11205  11207  13085  13086  13089
2952   9846  10098  10100  10103
2953   9855  12714  13550  13551  13554
2954  12070  12073  12496  12498  12501
2955   9929  10613  13849  14352  14354
2956  11624  11629  11751  11753  11756
2957  10466  15802  15862  15864
2960  10057  10950  11562  11564  11567
2961  11957  13378  13379  13822  15911  15913
2962  11555  11560  12070  12072  12075
2963  10751  11530  11532  11535
2965  10180  11767  11769  11772
2966  10210  11489  13807  13810  13813
2967  11631  11636  13956  13957  13960
2968  11714  11720  12026  12029  12032
2970  10260  11285  11287  11290
2972  10888  10890  12772  12773  12776
2973  12280  12282  13291  13294  13297
2974  11218  12843  17071  17078  17079
2975  11973  14424  14843  15038  15039
2976  11569  11571  12287  12288  12291
2977  10408  11318  16404  16407  16410
2978  10415  10939  13862  13865  13868
2979  15060  15061  15064  16042  16043  16046
2981  10647  13117  13119  13122
2982  11419  11421  11714  11716  11719
2983  12886  14640  17091  17093
2984  10693  11661  11663  11666
2985  10704  11433  11435  11438
2986  10711  10927  10929  10932
2987  10736  11162  15788  15789  15792
2988  10745  12208  12210  12213
2990  12259  12295  12809  13427  13429
2991  11426  11431  14772  14788  14789
2992  10871  11024  11026  11029
2993  11382  11387  12266  12268  12271
2994  14249  14250  14253  17254  17256
2995  12992  15955  15958  16591  16593
2996  11509  11511  12779  12780  12783
2997  11000  11125  11127  11130
2998  12086  12091  12324  12327  12330
2999  11046  11785  14219  14220  14223
3000  12413  17145  17160  17167  17168
3002  14768  14773  14775  16915  16920  16922
3004  13378  13384  14459  17040  17043  17044
3005  12245  12247  12250  14511  14514  14515
3006  11946  16110  16215  16257  16258
3007  11359  11361  11590  11592  11595
3008  11854  11859  12026  12028  12031
3009  12107  12109  14776  14777  14780
3010  13014  13926  13932  14705  14708  14711
3011  11237  12678  12680  12683
3012  14614  14805  14806  15732  15769  15770
3014  11516  11521  12354  12356  12359
3015  11343  12450  12452  12455
3017  12287  12292  13181  13182  13185
3018  11468  11721  11723  11726
3019  12217  12644  14514  14517
3021  12310  12315  12503  12505  12508
3022  11547  12636  12638  12641
3023  12035  13907  16034  16036  16038
3024  11822  11827  12786  12788  12791
3025  12844  15372  16166  16240  16241
3026  12324  12326  13256  15459  15461
3027  11676  11691  11693  11696
3028  11706  15537  15834  15898  15899
3029  12779  12781  14465  14466  14469
3030  11758  12808  13426  13427  13430
3031  11799  11801  14128  14129  14132
3032  11808  13071  15520  15523  15524
3034  12466  12765  12770  14545  14550  14551
3035  12183  14323  14324  17035  17037  17038
3037  11871  12597  12599  12602
3038  12171  12176  12535  12537  12540
3040  12604  12606  15396  15399
3041  13385  13387  14797  14798  14801
3042  11985  12694  12696  12699
3044  12155  12161  13584  13587  13590
3045  12567  12569  13722  13725  13728
3047  13245  13246  13249  13494  13495
3048  12138  12867  12869  12872
3049  12146  12673  16962  16965  16968
3050  12899  12904  13021  13023  13026
3051  12186  16274  16366  16367
3053  12828  12830  14219  14222  14225
3054  12749  12754  13007  13009  13012
3056  13014  13019  16977  17014  17016
3057  12388  12991  16587  16590  16593
3058  13551  13552  14112  14113  14116
3059  12512  12997  15151  15153
3062  12487  13158  13160  13163
3063  14074  14079  14511  14517  16143  16144  16147
3064  12581  12583  13699  13701  13704
3066  12553  13165  13167  13170
3067  12588  12885  17090  17093  17096
3068  12772  12777  14900  14902  14905
3069  13005  15430  17185  17190  17191
3070  13855  13857  16509  16510  16513
3071  12802  13103  13916  14257  14258
3073  13323  13325  13869  13870  13873
3074  12756  13046  13048  13051
3075  13284  13289  17074  17075  17078
3077  13181  13183  13291  13293  13296
3078  13220  13222  13513  13515  13518
3079  12907  13209  15987  15990  15993
3080  12915  13085  13087  13090
3082  12947  12998  15147  15150  15153
3083  12978  13963  13964  13967
3084  13188  13190  13979  13981  13984
3085  13506  14625  14631  14691  14694  14697
3086  13142  13147  13862  13864  13867
3087  13630  13632  14394  14395  14398
3088  13093  14149  15099  15274  15275
3089  13108  13426  13428  13431
3090  13800  13802  14089  14091  14094
3091  13355  13360  16843  16844  16847
3092  15459  15988  16114  16121  16122
3093  13839  13841  13949  13951  13954
3094  13490  13495  14590  14695  14696
3095  13213  13245  13247  13250
3097  13536  13541  13607  13609  13612
3099  13584  13589  14721  14722  14725
3102  13903  13905  16036  16039
3104  13378  13383  15647  15652  15654
3105  13392  13869  13871  13874
3107  13417  13550  13552  13555
3108  13706  13708  15630  15636  15637
3109  13926  13928  13956  13958  13961
3115  13568  13722  13724  13727
3116  13660  13662  14169  14171  14174
3117  13598  13644  13646  13649
3118  13761  13823  13824  13827
3119  13963  13965  14112  14114  14117
3122  13714  14057  14059  14062
3124  13807  13808  16525  16528  16531
3127  13986  13991  15907  15908  15911
3128  14263  14268  16395  16398  16399
3129  13846  14348  14349  14352
3131  13885  13919  13921  13924
3132  15683  15686  16017  16018  16021
3133  14256  14258  14286  14288  14291
3135  13993  13998  14219  14221  14224
3137  14226  14228  14797  14799  14802
3138  14032  14128  14130  14133
3141  14074  14082  14084  14087
3144  14272  15274  16905  16908  16909
3145  14152  14323  14325  14328
3146  14465  14470  15591  15594  15597
3147  14177  14375  16484  16487  16490
3148  14185  14460  17035  17040  17041
3149  14293  14296  14426  14428  14431
3150  14249  14254  14394  14396  14399
3152  14277  14401  14403  14406
3154  14861  14864  14867  15539  15830  15832  15834
3155  15494  15775  16071  16124  16125
3156  14355  14575  14577  14580
3157  14380  14382  15522  15525  15528
3159  14877  14880  15037  15038  15041
3161  14450  14552  14554  14557
3164  14511  14776  14778  14781
3166  14545  14559  14561  14564
3167  14568  14673  16049  16052  16055
3168  14584  14691  14693  14696
3169  14705  14790  14792  14795
3170  14607  14804  14806  14809
3171  14721  14726  16191  16194  16197
3172  14625  14820  14822  14825
3173  14753  14758  17090  17091  17094
3174  14698  14703  14998  15000  15003
3180  14768  14783  14785  14788
3181  14877  14882  14966  14968  14971
3182  14827  14861  14863  14866
3183  14838  15037  15039  15042
3184  14884  14887  15974  16117  16119
3188  15147  15152  16239  16242  16245
3190  15060  15065  15719  15720  15723
3191  15122  15448  15686  15707  15708
3193  15124  15129  15735  15736  15739
3197  15266  15271  16699  16702  16705
3199  15092  15275  16907  16908  16911
3215  15385  15390  16239  16240  16243
3216  15394  15543  15545  15548
3217  15422  15429  17182  17185
3218  15458  15496  16120  16121  16124
3219  15529  15534  15703  15704  15707
3223  15538  15555  15834  15837
3224  15513  15522  15524  15527
3225  15557  15566  15568  15571
3226  15591  15621  16260  16261  16264
3230  15630  15639  15641  15644
3231  15647  15662  15664  15667
3232  15696  15701  17147  17148  17151
3233  15703  15708  15758  15760  15763
3234  15719  15724  15742  15744  15747
3235  15772  15977  16071  16117  16118
3236  15735  15737  15765  15767  15770
3237  15804  15881  17215  17219  17220
3238  15788  15793  16827  16830  16833
3239  15838  15840  15861  15862  15865
3240  15907  15909  16772  16774  16777
3241  15820  15845  15847  15850
3242  15830  15893  15895  15898
3243  15853  15861  15863  15866
3244  15900  15906  17218  17219  17222
3246  15939  15941  16010  16011  16014
3247  15932  15937  15955  15957  15960
3249  15987  15992  16113  16114  16117
3250  15994  15999  16017  16019  16022
3251  16010  16015  16049  16051  16054
3252  16061  16112  16257  16259
3253  16034  16042  16044  16047
3254  16113  16118  16120  16122  16125
3255  16081  16086  16168  16170  16173
3256  16111  16253  16257  17003  17004  17007
3257  16097  16143  16146  16149
3259  16151  16191  16193  16196
3260  16184  16186  16239  16241  16244
3261  16216  16232  16235  16238
3262  16199  16260  16262  16265
3263  16246  16251  16253  16255  16258
3265  16365  16367  16470  16471  16474
3273  16395  16404  16406  16409
3274  16420  16436  16437  16440
3276  16445  16484  16486  16489
3277  16454  16470  16472  16475
3278  16477  16482  16859  16860  16863
3279  16509  16511  16541  16542  16545
3280  16501  16525  16527  16530
3281  16517  16548  16550  16553
3282  16541  16543  16555  16557  16560
3284  16579  16587  16589  16592
3288  16667  16683  16684  16687
3291  16692  16699  16701  16704
3292  16772  16773  16962  16963  16966
3295  16748  16779  16781  16784
3297  16787  16795  16797  16800
3299  16820  16827  16829  16832
3300  16834  16843  16845  16848
3301  16850  16859  16861  16864
3304  16898  16907  16909  16912
3305  16915  16939  16941  16944
3307  16955  16957  16962  16964  16967
3308  16978  16983  17010  17011  17014
3309  16986  17003  17005  17008
3310  17010  17015  17602  17605  17608
3312  17035  17042  17044  17047
3313  17065  17074  17076  17079
3314  17082  17090  17092  17095
3315  17121  17143  17218  17221  17224
3316  17140  17143  17163  17164  17167
3318  17133  17147  17149  17152
3319  17163  17168  17170  17172  17175
3320  17178  17186  17188  17191
3321  17193  17202  17204  17207
3322  17210  17218  17220  17223
3344  17594  17602  17604  17607
cells 343
0      1      2      3      5      6      7      8      9     11     12     13     14     16   3024
1     17     18     19     20     21     22     23     24     26     27     29   2704   2835   2968   3008   3174
2     30     33     34     36     37     38     40     41     43     44   3026   3092   3261   3274
3     47     48     49     50     52     53     54     55     56     58     60   2793   2902   2981
4     63     65     68     69     72     73     74     21     78     79     80     81   2710   3048
5     83     84     85     86     87     88     89     90     91     92     93     94     95     96     97   2826   3062
6     98     99    100    101    103    104    106    108    109    110    111    112    114    115   2674
7    116    117    118    119    121    122    124    125    126    128   2828   3038   3197
8    133    134    135    136    138    141    116    144    145    146    147    148   3246   3251
9    150    152    153    154    155    156    157    158    160    161    163   2950   3161
10      5    164    165    166    168    169    172    173    175   2767   2835   2934   3011   3093
11    176    177    178    179    180    181    183    184    185    186    187    188    189   2807
12    141    192    193    194    195    196    197    198   2800   2839   2979   3190
13    203    204    205    206    207    208    209    210    211    215   2965   3044   3099   3313
14    218    219    220    221    222    224    225    226    227    134    229   2664   3190   3234
15    233    234    236    237    238    239    240    241    243    244    248   2712   2802
16    253    255    256    258    260    261    262    263    264    265    266   3147   3276
17    267    268     43    269    271    272    224    273    274    275    277    280   3238   3299
18    283    284    285    286    287    289    290    291    292    293    294    295   3319
19    302    303    304    305    306    253    307    309    277    310    311     41    312   2998   3034
20    313    314    315     56    317    318    319    320    321    322    323   3010
21    324    325    327    328    265    331    332    334    335    336    337   3025
22    340    341    342    343    344    345    180    346    348    349    351   2891   3035   3312
23    353    354    355    356    357    358     12    359    363    364    365    366    368   3089
24    369    370    371    189    375    348    377    382    383    384    385    386    389   3053   3135
25    391    392    393    394    397    398    399    400    401    403   2864   2966   3124
26     29    404    405    406    408    409     74    411    412    414    415    416   2733   2952
27    419    195    420    421    422    423    424    425    426    427    428   2853   3042   3309
28    429    430    431    432    428    433    435    436    437    438    440    441    442   2854
29    445    446    447    448    449    451    453    454    455    456     16   2796   2892   2986
30    458    459    460    168    461    462    463    464    465    466     23    467   3037
31    448    470    471    472    475    476    477    478    480   2858   3018   3128
32    482    483    489    490    165    492    493    460    494    495    205    496    497   3133
33    498    500    501    502    503    505    506    507    198    423    510   2719   3102   3265
34    494      2    511    513    514    206    517    518   2707   2767   2827   2850   2994   3087   3150
35    520    521    522    523    524    525    526    528    529    397    530    532   2997
36    535    536    537    538    539    540    541    542    543    544    546   2816   2986
37    547    549    550    551    136    226    554    555    556    557    558   2780   2789   3149
38    559    560    561    562    563    564    566    568    569    570    435    355    571    572    573   2962
39    574    575    576    577    578    580    581     79    583    584    476    585    586    587
40    589    472    590    591    454    592    593    595    596   2672   2816   3059   3082
41    574    598    599    600    589    478    601    602    604    605    606    608   3144   3273
42    415    610    611    244    612    613    614    615    617    618    619    620    621    622   2805
43    623    624    625    627    628    629    630    631    633    634    635    636    595   3295
44    637    638    639    640    642    643    644    150    645    647   2748   2975   3131   3152
45    648    649     68    651    652    653    654    655    659    660   2903   2968   2982
46    663    664    665    666    667    668     55    671    672    673    674    676    677   2776
47    679    680    681    682    684    685    686    687    689    690    692    693   2856
48    696    697    698    699    700    701    702    703    100    704    708    709   2992
49    711     34    712    713    715    716    717    718    719    720   2727   3079   3184   3249
50    721    723    624    725    726    727    728    729    730    696   2674   2770   2865
51    731    732    733    735    736    737    738    739    740    742    743    744   3047   3094   3168
52    747    748    749    750    751    752    753    754    755    756    757    758    759   2866   2927   2972   3150
53    649    760     65    761    583    762    763    764    765    766    767    768    283    772   2911   2973   3007
54    773    774    775    776    777    779    780    781    782    783    784    765   2751
55    786    787    788    789    790    791    792    743    794    795    796    797   3095
56    800    802    803    804    805    807    808    809    810    811    813    814    815
57    816    817    818    819    820    823    716    824    825    153   2813   3152   3259
58    829    830    320     53    831    832    391    834    835    836    438    837   2984
59    466    838    840    841    842    843    844    845    846    847    848    639   3071   3133
60    852    853    854    855    857    858     19    859    860    861    862    462   2716   3278
61    865    866    867    868    869    870    871    872    873    118   2695   2929   3070
62    878    879    880    881    882    883    733    884    885    887    888   2718   2776   2921   3230
63    803    890    891    893    894    895    897    898   2786   2836   2896   3005   3164
64    899    900    901    902    903    904    354    906    908    909    910    911    912   3080   3288
65    913    914    916    917    918    919     86    920    921    922    291    923   3219   3244   3315   3316
66    925    926    927    929    931    932    933    934    935    936    937    938   2877
67    671    940    941    942    943    944    945    946    947     87    948   2855   2902
68    949    950    951    411    952    953    954    956    957    958    959   2771   2830   3232
69    960    964    599    965    729    966    634    968    596    969    970   2943   2977
70    971    972    974    976    977    978    951    979    935    980   3315   3322
71    982    983    262    984    332    985    986    987    989    990    991   2757   2836   2939   2999   3135
72    994    995    234    996    997    998    999   1000   1001    620    642    842   1004   1005    789   3058   3090
73   1006    703   1008   1009   1010    104   1011   1013   1014   1015    861   2763   2768
74   1016   1017   1018   1019   1020   1021   1022   1024   1025   1027   2887   2907   3122
75   1029    328   1030   1031   1032   1033   1034   1035   1036   1037    938   1038   1039   2806   3137
76   1041   1042   1043   1044    808   1045   1046   1048   3092   3155   3218   3235   3249   3254
77   1050   1051   1052   1053   1054   1056   1057   1058   1033    937   1059   1060   2683   2957   3239
78   1061   1051   1062   1066   1067   1068    606   1070    736   1071   2893   2908   3041   3137
79   1073     22   1074    560   1075   1076   1077   1078      7   1079   1080    368   2694   3093
80    648   1081   1082    760   1083   1085   1086   1087    286   1088   2811   2872   3156
81    640   1089    158   1090   1091   1093   1094   1095   1096   1097   1099   1101   2949   3118   3159
82    273   1105    547    218   1106   1108   1109   1110   1111   2751   2901   2926   2976   2991   3180
83   1112   1113   1114   1116   1117    302   1120   1121   1122    268   1124   1125   2882   3261
84   1126     84   1127   1128   1129   1130    125   1132   1133   1135    192   1137   3246
85   1140   1142   1143   1144   1145   1146   1147    523   1150   1151    399   1152   1154   2863   2870   3045
86    660   1156   1157   1158   1160   1161   1162   1163   1164   2660   2872   2988
87   1166   1168   1170    612    792    998    882    243   1172   1174    744   1175   2915   3107
88    429    340   1177   1178    426   1179   1180   1181   1183   1185   1190   1192   3308   3310   3344
89    319   1193   1195    179   1196    442   1197    385    345   1201   2984   3310
90   1202   1203    263   1204   1205   1206   1207   1208    723    969   2874   2935   2985
91   1212   1213   1215    668   1216   1217   1219   1220   1221   1222   1223   2722
92    169   1156    659   1226   1228   1231    458   1232   1233   1234   2704   2978   3086
93   1235    394   1236   1237   1213   1238   1239   1240   1241   1242   1246    530   2841   3236
94   1249   1250   1132   1251   1252    507   1253    220   1254   1257   1258   2845   2979   3253
95   1259   1260   1108   1261   1262    779    772   1263    708   1265   2737   3017   3077
96   1267   1268   1269   1270   1271   1272   1273   1275   1276   1278    506     92   2777   2881
97   1281   1282   1283   1284   1285   1286    873   1287   1288   1289   1293   3191   3219   3233
98   1294    613   1170   1295   1296   1297   1298    881   1299   1300    732   2712   3074
99    271   1302   1303   1304   1305   1306    783   1311    311   1312   1116   1313   1314   2812   2991
100   1318   1319   1320   1321    763   1261   1324   1325   1326   1330   1111   1331   1332
101   1333   1334   1335   1336   1337   1338    536   1339   1340   2697   2791   2796   3024
102   1341   1343   1344   1345   1346    622    916   1347    972   1350   2802   2945   3237
103   1352   1353   1354   1355   1356   1357   1358   1359   1362   2852   3070   3279
104   1363   1364   1365   1366   1367   1368   1369   1370   2697   2831   2967   3049   3307
105   1371    425    432   1372    566   1373   1374   1375    652   1376   1380   1381   2825   2988
106   1382   1383    204   1385   1386   1387   1388   1389   1390   1391   1392    518   1393   2955   3129
107   1397    551   1398   1399    101   1400    629   1401   1403   1404    726   1406    698   3297
108    185   1409   1196   1410   1411    317     54   1412   1222   1413    667   1415    829    433    572   1418   2954
109   1419   1420   1421   1422   1424   1425   1426   1428   1429    344   1432   1027   2838   3288
110   1433   1434   1435   1436   1437   1438   1439   1440    505   1095   1257   1441   1442   2748
111    117    872   1443   1444   1445   1446   1448   1450   1420    901   1451   1452   1016   3279   3282
112    576   1456    605   1458   1459   1460   1462   1463   1464   1053   1061   1467   1468   2997
113    221   1109   1442   1253   1471    503   1472   1473   1474   1475    774   1476   1304   1477   3002   3305
114   1478   1441   1269   1479   1480   1481   1091    160   1482   1483   1484   1485   3131   3138
115   1486   1487   1488    712   1490   1493    820   1495   1496   1025   1497   3099   3171
116    666   1500   1216   1501   1236   1502   1504    392   1506    834   1415     52   2855
117   1507   1508   1509   1510   1511   1512   1513   1514   1515    554   1406    631   2689   2725
118   1518    817   1519    682   1520   1521   1522   1523   1525   1527   1528    161   1485   1529
119   1530    999   1531   1532   1533   1534   1535   1536   1168    790   2724   2944   3067   3314
120    490   1539   1540   1541    209    647   1490   1544   1545   1547   1548   2813   2916   3071
121   1550    248   1551   1314   1553   1554   1555   1557   1343   1558    617   2947   3078   3090
122   1560    904   1561   1562   1563   1564   1144   1565   1446   1566    871   1567    148   2828   2970
123   1568   1569   1570   1572   1534   1574   1386   1575   1576   2974   2983   3075   3313
124   1445   1421   1579   1565   1580    912   1581   1582   1583   1584   1586   2859   2863   3064
125   1589    914     90   1246   1285   1590    945   1594   1595   1596   1598   1601   3146
126   1603   1604   1605   1142    398   1607    804    898   1608   1609   1610   1611   2743   3054   3276
127   1614    791   1615   1616   1617   1618   1620   1031   1622    335   1624   1625   2727   3274
128   1627   1326   1628   1629   1631   1511   1632   1633   1634   2789   2868   2926   2965
129      8   1636   1637   1638   1639   1333   1640   1074    858     26   2934   3037   3049   3292
130   1644    561   1077   1373   1645     81    651   1646   1647   1648   2871   2948   3008   3022   3097   3170
131    492   1649   1650   1541    715   1651   1652   1569   1653    211   1388   2707   2944   3171   3259
132   1658    225   1046    126   1659    133   1660   1662    555   1663   1664   2938   2987   3238
133   1665   1666   1667   1151   1398   1669    103    401   1670   1671   1603   1672   2755   2865   2935
134   1673   1358   1677   1450    867   1679    899   1680   2970   3073   3105
135   1682   1683   1324   1684   1122   1686   1687   1688   1568   1391   1689   1690    289   1691   3007   3069   3320
136   1693    194   1694    420    437   1695    837    115   1696   1697   1698   2937
137   1365   1701    544   1339    740   1703   1704   1174   1299   1706   1708   1709    796   3116
138    700   1711   1712   1713    408    957   1714   1715   1716   1717   1015   1718     99   2709   2770   2874
139   1515    630   1719   1720   1721   1722   1723   1724   1725    990   1727   2960   3297
140   1731   1732   1271   1733   1734   1735   1736   1737   1738   1739   1740   1741   1742   2732   3225
141    860   1744   1475   1745    775   1747    464    845   1749   1233   1751   3281   3300
142   1754   1755   1359   1756    692   1757   1758   1759   1760   1763   2713   2993
143   1766   1724   1580   1563   1146   1769   1770   1507   1771   1403   1772   3141
144   1773   1318    581   1382   1775    480   1776   1777   1778   1779    764   1088   1780    287   1781   1686
145   1783    416   1784   1785   1223   1786   1787    621   1788    950   1789   2710   2945   3022
146   1790   1791     38   1792   1652   1576   1616    787   1794   1035   1795    719   1798   2724
147   1799   1800   1801   1803    363   1804   1806   1807   1809   1586    906   2775   2932   3014
148   1811   1812    868   1813   1288   1087   1814    292    922   1816   1776   1818   1819   3320
149   1525   1820   1821   1740   1823   1824   1825   1826   1827   1758    687   1357   2726   3182   3282
150    240    674   1830   1221   1831    880   1294   1833   1834   1835   1836   1346    615   1837   1786   1839
151   1841   1842   1843   1548   1844   1183    854    459   1846   1847    495   1848   1849   2817   3263
152   1853   1205   1854   1855   1856   1857   1715   1859    304   1860   1862   2913   2956
153   1596   1863   1239   1864    980   1865   1866   1867   1058    934   1868    919   2686   3233
154   1871    739    795   1615   1872    540   1873   1709   1874    336   1875   1876   2806   3041
155   1877    598   1070     11    456    359   1882   1883    471   1460    584   1884   1885    909   1804   2951   2990
156    500   1268   1482   1886   1440   1888   1889   1258   1094   1891   1892   3051
157   1893    720    163    823   1894   1895   1617   1897   1898   1899   1900   2798   3083
158   1901   1372    559   1902   1078    166     20    653   1644   1904   2660   2963   2978
159   1905   1906   1889   1907   1908   1909   1096   1910   1911   1439   1252   3305
160   1913    986   1914   1915   1898   1918   1919   1920    176   1921   1922    370   1923   1926   3157
161   1928   1437   1929   1930   1473   1931   1010    853   1842   1179    502   1933    427   3252   3256
162   1934   1935   1936    314     49   1937    156   1093   1940   1942   1943   1481   1891
163   1105    227    272   1944   1945   1946   1325    557   1947   1948   1628   1949   2987
164    229   1950    549   1397    108    702   1009   1951   1476   1263   1952   1110   2714
165   1923   1953   1936    315   1954   1956    383   1957   1958   1959   1960   2798   2950   3118
166    781   1961    762   1963   1311   1557   1965   1683   1966    284   1124   1968   3321
167   1969    878   1833   1970    664   1410    188   1971   1972   1973   1974    563   2722   3108
168   1975   1914    989    891    815   1976   1978   1979   1980   1981   3066   3155
169   1983   1354   1679   1984   1777   1389   1985   1819   1986   1987   1988   2695   3069   3217
170   1067   1990   1991    735    883   1992   1993    366   1799   2990   3015   3030
171    983   1611    260   1721   1999   2000   2001   2804   2870   3005   3019   3063   3141   3257
172   1272   2002   1741   2003   2004   1371    424   1178    510   2006    431   2008   3277
173    788   1535    932   2009   2010   2011    742   2014   2015   1068   2016   1059   2017   2018   3085
174    918    294   1868    979   2021   2022    927   1689   2024   2025   1816   3132   3191   3217
175   1639   1334   2027   1366   1704   2028   1300   2029   2030   2031   2694   2733   2805   2895   3174
176   2033   2034   2035   2036   1609   1242   2037   1506   2038    947   2039   1590    814   3124   3280
177   2043   1281   2045    121   2046   2047    813   2048   1048   2049   2050   2051   2938
178   2052   2053   2054    843   2055   2056   2057    995    236   2058   2059   2947
179   1747    467    862   2060     18   1262    767   2061    784   2062     78   1234   2063   2982
180   2064   2034   2065   2066    943   2067   1909   2068   2069   1940   1101   1892   2070   2793
181   1463    602   1062   2071   2072    965   1052   1034   2074   2076   2077   2830   3088   3117
182   1528    685   1754   2078   2079   1821   2080   2081   2083   2084   1044   1976    807   2049
183   2085   2053   1004   2086    233   2087   2088    748   2089   2090   1533   2091   2915
184   1981    893   2092   2093    684   2084   2094   2713   2744   2918   2933   2995   3057   3157   3224
185   2095    895   2097   2098   2099   2101   1809   2102   2103   2744   2765   2782   3009   3239   3243
186    187   1970   1411    681   2105   2106   2108   2109   1943     58    665   2110   3031   3138
187   2113   2114   2115    445   2116   2117   2118   1512   2119   1632   1497    210   2708   3122   3295
188    564   2121   1075   1646   2122   1412   1973   2123   1783   2125   1835   2127   1219
189   2129   1127   2130     93   2131   2132   1086   1814    290   2133   2134    920   2928
190   1306   2136   1946   1682   1331   1106   1963   1265    280    782   2882   2911   2931
191   2138   2139   1320   1781    578    475    704   2140    608   2141    970   2143   2973   3077   3304
192    686   2144   2145   1356   1824   1757   2146   2147   2148   2150   1742   2972   3068
193    644    846   1005   2152   1893    713    824   2154   1536    786   1792   1650   1540    152   1624   3119
194   1488    718     33   2158   2159   1948   2160    215   1798   1651   1629   2708   3050   3075
195   2161   2162    756   2163   2166   2167   2168   2169   2170   2146   2732
196   1409    441    569   2171   2172   2173   1201    181    343   1972   2174   2175   3344
197   2176    521   1807   2180   1154   1459   2181   2182   2183   2782   2859   2951   2957   3080
198   2184    949    618   1788    978   1345   2186   2187   2188   2189   1554   2761   2952   3318
199   2190   1527   2191   1731   1276   2192   1823   1478   2193   1434   2194   3051   3265   3277
200   2018    936   1050   1794   1620   1032   1071    738   1871    794   2197   2983   3067   3173
201    890   2094   2080   1287   2198   2199   2200   2050   2204   1756   2099    811   2205   3066   3262
202   2025   1690   1966   2188   1344   1553   2206    977   2208   2211   1113   2877   3000   3316   3319
203   2212    309   2213   1911   2214   2215   2065   2033    802   2216   2218   2875   2879   3054
204   2102   1803   2220   1913    177   1975    987    897   2222   2223   2225   2804   2894   2918   3247
205   1773   1387    203   2228   1627   1332   1691   2160   1949   2888   2931   2974
206   2071   2229   1121   2230    258   1036    964   2231   2232   1853   1204   2235   3025   3034   3166   3215   3260
207    888   1990   2237   2238   1800   2101   2239   2240   2241   2016   2243   2778   2995   3094   3247
208   1474   1259    773   1951   1008   1930   1745   2245   2063   2246   2716   2901   2992   3301
209   1830    677   2247   2039   1238   2249   1217   1595   1500    941   2686   3237   3244   3322
210   1660    556   1947   1514   2251   2253   2256   1021   1486   2118   1631   3028   3050   3223
211   2258   2259   1305   2260    310   2213   2261   1856   1097   2064   2262   1905   2263   2264   2940   3181
212   2265   2267   2268   2269   1082   2132    295   2270     96   1158    923   2272   2273   2275
213   2276   1039   2277   1688   1575   2278   2197   2024   2279   1112    925   1791   2208
214   2281   1735   1381   2282   2167   2283   2284   2285    568   1901   2004   2286   2175   2854
215   2258   1099   1303   1471   1436   1910    780   2288    844   1749   2290   2291    637   2292
216   2294   2295   1129     88   2296   1907   2215   2067   2036    948   1251   2297   1598   2298   3241
217   1784    954   1456   2299   2300    412   2301   2302    577     73   2930   3088   3144   3199   3304
218   2304   2305   2306    585   2307   2308    655   1081   1779    761   2309     63   3097
219   2310   2045   2298   2312   1283   2035    809   2218   3029   3146   3226   3262
220   1719   1604   2001    623   1771   2314   1140   2315   1404   2317   1208   1669    725   3147
221    543   1872   1708   2320   2321   2322   2323    797   1614   2953   3058   3083   3107   3119
222    730   2324    635   1999    325    985    966   2325   2317    266   1207   2960   3082   3188   3260
223   2183   1066   1467   1882   1806   2327   2098   1993   2238   2683   3085   3168   3172
224   2329   1428    351   1180   2330   2331   1020   2333   2334   2335   2336   2817   3145
225   2074   1037   2206   2337   2189    976    926   2338   1125   2340   2341   2277   2231    956
226   1780    470   2140   1321   1634   2228   2116   2343   2344    208    447   2345   2955
227   2346   2347   2348   1572   1653   2349   1531   2350   2014   2090   1385    752   2994
228    917    293   2351   1965   2272   1550    237   2058   2353   2354   1341   2355   2823   3000
229   1275   2357   2192   1732   2358   2359   1480    693   2144   1825   2362   1520   3031   3040
230   2363    754   2089    482   2364    173   2365    465   1228    838   2056   3087   3091   3300
231   1844   2368   1544   2369   1521   2191   1496   1019    819   2331   2371   2373   2374
232   1522    157    825   2193   2369    638   1435   2375   1484   1841   1545   3006   3252
233   2376   2006   1270   2281   1737   1375     95   2131   2378   1163   2273   2381   2382   2170   2963
234   2143    601   2383   1206    721   2077   2385   1712    699    952   2229   2386   2943   3199
235   2388   2055   1231    847   2389   2353   2288   1968   2390   1751    776   2812   3078   3091
236    777   1232    766    285   1961   2061   2389   2265   1161   2351   1083   2851   2903   3281
237   2333   2391   1190    341    382   1846   2394   2395   2667   2720   2814   2961   3004   3127
238   2301   1789   1220   2397   2398   2399    528   1462    587   2305   2127     72   1647   3012   3193   3236
239   1302    269   1254   2401   2402   2290   1906   2212   2296   2260    312   2664   3002   3180
240   2403   1988   1393   2022   1687   2350   2010   1574    929   2279   2404   2405   3173   3250   3314
241   2408    604    590      9   1877    737   1874    451   1340    539   2409   2893   3018   3030   3089   3116
242    264    991    331   2411   1618   1900    717     30   2412   1980   2413   1915   2941   3254
243   2416    751   2417   1904    172   2364   2418   2381   1160   2286   2162   2420   2850   3086
244   2421   2422   1759   2148   2423   2424   2426   2427   2778   2856   2927   3040   3057   3284
245   2428    908   1583   2429   2430   2431   2284   1419   2172    356    573   2434   3014
246   2435   2436   2437    322   2438     50   2439    109   1697    831   1502   1665    400   2441
247   1018   1432   1769   1566   2442   2256   2443   1509   1444   2444    138   2445   1663   3038   3064   3149
248   2447   2448   2357   1273   1736   2150   2163   2451    759   2452   2423   3062   3216
249    184    318   1954   1193   2109   1920   2456   1418    375   1935   2460   2981   3169
250   2130    921     89   1589   2294   1126   1813    119   1284   2043   2461   2929   2996   3029   3291
251   1120    267     37   1684   2278   1570   2466   2159   1945   2467   1795   2136   2888
252   2468   2424   1352   2147   2469   2346   2470   2404   1392   2017   2471   1984   2866   2993
253   1894    154   2474   2152    996    643   2475   2476   1953   2478   2323   2860   2949   3183
254   2479   2480   2268    749   2086   1226   2417   2388   1157   2052   2363   2823   2851
255   2445   1766   1581   2481   2483   1425   1723   2725   2814   2822   2861   3035   3145   3148
256   1433   1181   2194   2484   1733   2002   2485   2330   2373   2719   3006   3256   3263   3309
257   2324    984    542    371   2486    625   1720   2487   2488   2672   2740   3004   3104   3148   3312
258   2368   2489   2336   2490   2491   1495   1847   2492   2117   1547    497   2720   2907   3044
259   2493   1755   1818   1983    866   1355   2204   2494   2021   1286   2468   2403   2857
260   2495   2496    111   1952   1399    550   2497    145   2498   1672   2839   2937   3167   3234
261   2283   2174   2003    346    430   2499   1739   2485   2430   2500   1429   2329   1177   2942
262   2211   1558   2501   1312   1117   2261   1855   2340   2502    303   2232   2761   2779   3321
263   1073     27     69   2503    404   2125   1837   2030   1296    614   1787   2871
264   1671   2495   2507    524   2508    403   1694   2439    110   2510   2511    832   3021   3045   3115
265   2496    106   1950   1931   1693    501   1249   1472   2245   1011    219    419    193   3255
266   2515    900   2431   1734   1673   1452   2516   2518   2500   2282   1826   1362   2166   2145   2838
267   2520   2502   1857   2385   2235    953   1716   2521   2337   2186   2985   3117
268   2225   1147   2524   2525   1582   2483   1722   1772   2181   2717   2775   3009   3063   3164
269   2528   2530   1638   1336   2531   1364    386   2532   2533    537   2961   3104   3231
270   2095   1610   1240   2535   2536    894    805   2037   1282   1601   1866   2537   1057   2205   3226
271   2486   2325    324   2538   2320   1876   2539    369    541   2785   2939   3059   3231
272     44    307   1114   2540    255   2276   1030   1790   2411   1625   2341    337   2230   2467
273   2359   1519   1483   2541   1919   1899    679    155   1934   2108   2456   1959   3032   3224
274     94   2544   1942    672     60   2358   1479   1267   1886   2069    942   2545   2448   2546   2110   2549   2550
275   2121   2503   1831   2551    879   1297   2031   1076   2552    365   1969    562   3015
276   1085   2306   2553    654   1376   2554   2555   2275   2556   2382   2134   1164   2948   3027
277   2557   2182   2536   1865   1458   1241    520   2302   2397   1056   2747   2772   3243
278   1839    673   2560   1175    241   2561   2087    758   2562   2447   2545   2422   2921   3074   3084
279   2246   1260   2060    859   1006   1717   2564    709    406   2565     17   3048
280   2054   2291   1313   1555   2390    848   2567    994   2779   2975   3159   3181   3183
281   1645   2568   1380   2122   1695   2569   2510   2570    836    440   2954   2962   3027   3042
282   2184    611    958    414   2571   2572   2573   2574   2575   2521   1713   2831   2895   2956
283   2576   1133     91    498   2008   1278    421   2376   2129    196   2556   2825   3023   3253
284   1215   1235   1413   1504   2123    393    526    830   2577   2570   3012   3021   3170
285   2535   1150   2557   2180    532   2717   2743   2765   2841   2864   2896   3019   3280
286   1622   1897   2413   1922    334   2474   2322   2578   1960   1875   2539   2999   3053
287   1991    358    731   1703   1335   2028   1079   2551   1298    884   1636      6   2409
288    306   2216   2580   1605     40   2540    800   1979    982   2412   2000    261   2786   2809   3218
289   1501     48   2066    946   2038   1608   2583   2441   1666   2264   2584   2879   2880   2966
290   2327   2097   2015   1060   2537   1293   2199    931   2585   1867   2857   3132   3250
291   2391   1424   2335   2443   2489   2119   1508   1727   2253   2587   2481    636   2487   2887
292   1443   2589   1289   2200   2079    865   2493   1760   1827   2051   2852   3197   3291
293   2085   1000   2057   2365    757   2154    841    483   1530   2349   1649   2827   2916
294   1089   2501   1854   2259   2592   2573    619   2593   2520   1551   2187   1001   2567   2860
295   2292   1438   1928   2375   1843    463   1477   1744    840   1539    645    489   3278   3301
296    342   1422   2173    186   2428   1584   2594   2595   2524   2822   2894   2932   2942
297   1848   1185   1013   1929   2596    852   2528   2394   2598   2599   2600   3240   3292   3307
298   2106    689   2222   2603   2239   2092   1921   2605   2460   2807   3032   3108   3230   3284
299   1197    321    835   2438   2600    436   1933   1192    114   1698   2684   2768   2853   3056   3255
300   1873    591    600    960   2072   2408    538   1029    327   2538   2908   3188   3215
301   1045   2312   2048   1662    275    810   2606   2214   2402   2607   2809   2998   3026   3241
302    628   1513    593   2608   1319   2139   2609   2114   1633   2345   2892   2977   3128   3273
303   2610    449   1640    164    855   2530    461      3    493   1849   2611   2490   2791   3127   3240
304   2598   2614   2395    349   1195   1956    384   2615   1370   2532   3010   3056   3109   3169   3308
305   2617   2476   1937    313   1958   2593   2574     47   2618   2262   1860   1090   2436   2070   2584   2619   2794   2967   3109
306   2081   1518   2620   1043   1493    711   2621    816   2371   1024   2623   3154   3182   3223
307   2595   2525   1725   2220    389    178   1926   2740   2757   2861   2891   3257
308   1888   1128     83   2550   2068   2295    944   1908   2845   2881   3023   3102
309   2578   2478   1957   2321   1706    377   2615   2531   2624   1363    535   1338   2785   2794
310   2115    207   2344   2611    513    496   2626     14   2491    446   2904   3011   3129
311   1658   2606   2310   2047    128   2401   2297   1250   1130    222    135   2800   2996   3299
312   2627    144   2628   1145   2629   1564   2630   2507   2631    522   2498
313   2626    477    455   1775   1383   2632    911   1986   2633   2343    353   2634     13    514   1677   1883
314   2635   2269   2480   2088    747   2636   2549   2452   2354   2059    238   2561   2826
315   2637   2638   2631   2554   2568   2508    525   2577   1648   2639   2398   2304
316   1054   2338   1038    974    933   1864   2076   1464   2747   2771   2797   2930
317   2575   2640   1014   2599    112   2614   2641   2617   1862   1369   2437    323   1714   2684
318   2571    610   1295   1172   2592   2619   1701    997   2475   2029   1367   2624   2953
319   2564    701   2062   2383    959   2299    575    409    768     80   2141   1718   2737
320   2263   1859   2641   1711     98   2644   1203   2583   1670    727   2435   2618
321   1884    903   2645   1561   2633    869   2646   1680    580   1811   2309   1778   1987   2858   3156
322   2544    940     85    676   2247   1836   2635    239   1594    913   1347   2355   2270   3084
323   1607   2580   2644   2315    305    256   1202   2755   2875   2880   2913   2940   3166
324   2494   2426   2471   2649   2198   2241   2103   2585   2009   1763   2405   2933   3172
325   2645    902   1560   1143   2308   2639   2399   1579   2629    529   1468    586   2176   2651   1885
326   1834   1350   1785   2249   1212   1237    971   2300   1863   2772   2797   3193   3232   3318
327   2027   1368    405   2572   1637   2640     24   2565   2596    857   2709   2763
328   2378   1162   2416   2479    750   2636   2267     97   2451   2168   2777   3225
329   2603   1801   2223   2240   1992    887   1971    183   2171   2594   2552    571   2429    364
330    680   1529   2541   1918   1978   2083   2623    818   1895   2093   2941   3161   3184   3235
331   2420   1902   2285   2515    910   2632    357      1   1080    511    570   2434    175   2169   2652   3105
332    968   2138    627   1330   2609   1401    728   2386    697   2689   2714   2780   2868   2976   3017
333   2046   2589   1017   1042   2653   2444    122   2078   1451   1659   2726   3028   3154   3242
334    870    124   1812   1137   2461   2654   2307   2638   2651   2627   2553   1567   2646    146   2811   2928
335   2637   2511   2630   1696    197    422   1374   2555   2654   2569   2133   2576   1135   3167   3251
336   1562   2442   2497    147    558   1510   2314   1400   1770   1152   1667   2628   3115
337   1820   1022   2653   2621   1523   2190   2374   1448   2484   1426   2334   2499   2516   1738
338   2161    755   2470   1353   1985   2418   2348   1390   2634   2652    517   2518   3068   3073
339   2656   2427   2649   2469   2562   2091    753   2347   1166   2011   1532   2243   2718   3047   3095
340   2251   1944   2620   1041   1487    274     36   2466   2158   1664   2607   3079   3242
341   2610   2492    633   2608    592   2533   2587   2113    453    546   1337   2488   2667   2904
342   2237    885   2105   1974   2546    663   2605    690   2560   2362   2656   2421   3216
