# vtk DataFile Version 2.0
polydata
ASCII
DATASET POLYDATA
POINTS 2018 double
3.42949884891925 3.04194790664933 0.231320904216282 
2.30542244692977 3.07204746660485 6.50286737200594 
3.17983438645868 3.85472043026614 0.615529556906773 
1.98652600034874 3.85811541829794 3.72562841694973 
3.13111623583934 1.58158709334691 3.37792377518861 
3.00613123063859 1.76894176455714 2.98172555384803 
3.09959488262597 2.52030718528286 2.83148704653438 
4.13335012416354 6.15433139943543 3.25568616399822 
4.01225772365296 5.61177600468455 3.43090286269083 
4.60242552810205 5.66109701940652 3.80465646087296 
4.42992792796194 5.52068698139144 2.3868173374687 
4.37796089441712 6.17422899758117 2.67395309275689 
4.72292635401566 4.97997755718 3.15209762320883 
4.10331113389997 2.60510916382449 5.58401144175632 
3.49876604492018 1.61819072107767 5.00995089697889 
3.56623991813005 2.34261792422366 5.88635771558047 
3.50111597155727 2.35839943546783 5.17264872638706 
4.02596238894547 1.82534852253379 4.81306787387978 
5.21880103358858 0.913626466737351 6.05241599430846 
4.59350480359353 0.113725662401445 6.65266221777441 
4.7504540164009 0.654385416723484 0.381779698121695 
4.5223390617 1.01630347707396 6.27769194145735 
5.0313066835863 0.360717339439042 0.386482717151569 
5.39208959659189 0.465843706467344 0.292252513492602 
0.772183982885299 3.41020009044097 3.39046650045629 
0.828997063129746 2.87032945920543 3.31183815569229 
1.046024185813 3.60013132261522 2.93481288017255 
0.660041107995993 2.56370459436177 2.37900413225494 
2.85859127026111 5.42927848050029 3.29303323362028 
3.26918338266244 5.18568827114196 3.35230067274905 
3.66653566418305 5.23415691586528 2.92811785283418 
3.31688340747559 4.81129949813201 3.29543107766059 
2.35622739815474 4.53755602046301 2.74946221945922 
2.63757076619329 5.18493650225531 2.170671770593 
2.31536034036974 5.36637330144116 2.59191032422931 
4.60715517287302 0.62508053702691 0.698567798803161 
4.75674870014461 0.432995220925247 0.834833310333634 
4.18288619458875 1.08672156047774 1.85022467188241 
4.13661093411708 3.92658804693906 6.42436603924811 
4.49823944553509 4.48830258061503 6.36283739560329 
4.85222602560222 3.33889773538887 5.95603697985724 
5.39504078942747 4.43933691955665 5.99395709255497 
4.11921954987271 4.04282445105452 6.33706080135573 
4.79013166312507 4.26573714368472 6.7125274390206 
4.84292298752997 6.6294016334875 2.57726750521401 
4.36798751759828 6.32795377117891 2.55591857076241 
4.36869838000089 6.18958866024614 1.83879561998224 
5.10963919811394 6.56822643557314 1.96636221887606 
4.88204852887186 6.39021664430101 1.66638438379173 
6.48042340783257 5.32427453110785 3.66492614481756 
0.142665910920837 5.31706466629172 2.95696614044119 
6.5573612395691 5.4328865619127 3.50703520031894 
0.313745270816641 5.18075245938036 3.95455222034336 
6.71973314679534 4.26574682724844 1.13025553408221 
5.9105277190987 4.46492279836774 1.25480776309836 
5.74426108768521 5.05936421389454 1.19509405644726 
6.13983435049267 4.4848190834976 1.69925850215262 
6.43259812442709 4.26357303864652 1.58978426736041 
6.75982082905916 4.34033199086312 1.52426553451799 
5.93535512542245 5.57141780089476 3.82692979974888 
5.97009233579296 4.76676306896471 3.68847651404445 
5.93213723032228 4.96606944444618 2.52847181639384 
6.36820085136528 5.34311915186583 2.67502478214144 
5.77218455631644 4.98479973256354 2.53870208789205 
5.95095671850923 4.61082546854187 3.46285571453877 
5.60148832864628 0.455460353515643 4.23337992067348 
5.40755747443423 0.703051964159462 4.29366856360167 
5.19071789452097 6.89206920649297 3.13643817410245 
5.09755104784754 0.363395514532802 4.33676666171897 
5.31933612273417 6.65385850754722 3.66275664242775 
5.23288324235852 6.68292785514284 3.80872247298267 
5.32652781051898 0.174196513072171 4.27577632457806 
4.65159326076025 0.312993867798009 4.09642872234877 
2.30129353713471 1.06311254178657 6.05842335899893 
3.46144699630108 0.423453666395229 6.11004018436514 
3.57407352278938 0.849993072994995 6.42264695183886 
0.990504100467296 6.44996152721638 0.571718054717331 
0.772024527758963 0.483763716546408 0.514988470427201 
0.616904870290219 0.0958079144062247 0.403246769959321 
1.53916865646054 6.83477401179084 0.190522712206887 
0.688141516211097 6.70778970082419 1.02535566509816 
1.42312233016027 0.687545598195804 0.869769556852427 
1.48228073823369 0.0806246408265197 0.156621292915814 
0.558504940134838 0.363603581436398 0.813407458269848 
0.48911237701381 0.161996249240946 0.747201208640607 
0.769693383192926 0.2907879952836 0.326016314997676 
2.78323260161357 5.63196542391411 4.30696747827981 
2.83720473505361 4.76610363408026 4.97925061273238 
3.43048552673584 5.65918838998406 3.85054952029574 
3.17300223313836 5.69225415980927 4.53789870193141 
2.72083955071622 5.18907541300578 4.87610005480755 
2.82398412921393 4.42682372168361 4.20532781859823 
3.45346465699279 5.70798767026652 4.39730318784026 
2.52892644997454 5.2274481601749 4.66077001559486 
1.50002574097897 5.56957150052005 3.08772844200279 
0.217713109620611 4.39665210252826 1.97271380957301 
1.38717937856804 4.94149129755964 1.97866888986504 
1.26202848602406 4.36246587110217 2.7808224576057 
0.900240600879584 4.41403715432292 1.74748799463535 
1.38171374205615 4.57168291355525 2.04604759647579 
0.827120218170607 4.6104506096152 1.65135278249917 
1.14519239433853 5.02590654763295 1.81594002458723 
0.782148501836199 5.32604406056352 2.07766046475841 
0.489706150378814 4.20829927180847 2.00175362300766 
1.44609342143566 4.4598178368778 2.60985465107043 
0.214768064584111 4.94808640297342 2.01977820163729 
0.26478862671331 4.64697938406953 1.82662807278351 
6.80601791273917 2.34567812791065 6.92100383387948 
6.31475355207779 3.43477183617271 0.727422331308293 
6.2786969764183 2.82163013746914 6.8294202257608 
6.86969461929778 3.4565413935815 0.386378324348815 
6.90763385960407 2.69911587094443 6.86732063924161 
0.163505911751981 2.98254327108922 0.299536281195636 
6.23328682518006 6.2084712527971 2.60546925896267 
6.38676488665942 6.30117125509368 3.3497992006954 
5.83375681135207 6.24839347029587 3.7461575296124 
6.23092726443041 6.51979742103883 3.56105394335897 
6.10516699285205 6.90062246314733 3.36549481707624 
6.39031536005598 6.46079506851924 2.81220119839615 
6.59986133818887 1.78230626976595 1.30002220824098 
0.428886668144669 0.739581595269611 1.39939983356102 
6.28528874461978 0.931680877418368 1.21630734478092 
0.177962998719824 0.702557302863904 1.02028218313221 
3.93818638440568 2.26506854704866 1.52516184479438 
3.94585125273127 1.37740729623436 2.55611013345249 
2.45431055433284 0.460281522350493 1.19245026682209 
3.06394675541664 0.647843206414283 0.3316112796505 
1.85235723891848 1.10549332517342 0.700839914571538 
2.03433522559371 0.690526199336865 0.0363112760441026 
2.59936592634329 0.836323347010921 1.31402647798268 
5.5673929993739 3.06679069457877 0.00331443584760747 
5.76162719171026 2.62369257206013 0.742291241587059 
5.32281983898739 2.79177308104789 0.243510779084462 
3.26867074618182 5.8107464855075 0.425111392721643 
3.16454869515569 5.68431894279806 0.435500417581402 
3.87110066243708 5.93602658041253 6.85282408726872 
3.40616653791117 6.04322937896734 6.87195528870623 
4.1498621724052 6.34358587896057 6.9118648393337 
3.82732033324671 6.25325171594964 1.14938044899465 
1.32385543617682 1.43256175451543 6.95093638532457 
1.09133666675838 1.42392118716215 0.216854578075373 
1.5357051976267 1.14985259543453 0.784643086416949 
1.93409931138414 2.19663755201994 0.855055561518308 
0.357954716141967 6.4667342415071 1.20122487887917 
0.860118181996167 6.66349838577701 1.6000289384774 
0.892493153104316 6.21521537094581 0.435461260059813 
0.450331823452299 6.44066642952321 1.55978142882109 
1.31898095740575 2.28606289306448 4.60792545361273 
1.31962253323717 2.54006311050581 4.52937004964326 
0.97705861009311 2.70811858491044 5.07083065152038 
2.66666341117051 3.66653360512693 1.43528588102656 
2.26125432047998 3.64408643854018 1.31871325143601 
2.24075326077305 3.59131789640141 1.1860020192164 
5.45630073748465 1.25386053521933 2.16718030551153 
5.41187522662539 0.824708512491191 1.48105068187957 
4.38171428121517 4.890915460635 6.45298829123493 
3.18584798120358 4.68687738638421 5.64840899777 
3.549227112967 5.21977340210891 5.68282333789469 
3.21551277151343 5.03855842329243 5.82799050794413 
3.6980056716876 4.26734616620426 6.52286059171533 
3.04845923936095 6.86211899933589 4.60424165939974 
3.70958867283832 6.6429407865269 5.55646408228559 
3.37141571588189 6.95332642885823 4.48210617645083 
3.58512418968225 6.94836571815417 5.30813577927271 
6.79174493644436 0.558140636422595 3.00664633651574 
6.95503711307779 6.27856665053088 2.06952654220509 
2.71756896055521 6.70489554401908 6.56825416613181 
3.83645332004491 6.93499284846368 5.87077619130596 
3.79589732551978 0.187239356186206 5.77996432220288 
4.74378989730611 6.36949332505275 0.0387940352285546 
5.01738088309116 0.273053135317928 0.639374335432621 
4.30943845231258 6.39608719174113 6.75071897935836 
4.2212708946425 6.79749885358585 6.57354900096425 
2.87477791071686 0.633017334554078 4.29555534173184 
3.43076595817436 0.56429055487487 4.27111334004468 
2.38474075147647 0.452063817645969 5.06743618882014 
3.54131529229108 0.669285188160694 4.3709778727522 
4.21502956572083 3.77388341013874 3.41543564133616 
4.31036783080765 4.2913488690127 3.42973007129699 
3.26184186815886 3.600969902646 3.88665469606124 
3.92413693313429 3.56964443694851 3.73316229173302 
3.31884287361538 3.49893629491933 3.69234579914545 
3.78211035313404 3.70942321337838 4.00083086577755 
2.96186879181715 4.02628116701991 3.80291007935073 
3.54611008291935 3.83303567368278 2.93339565295847 
5.75380589345402 0.80132014626097 5.54164391553678 
6.17820922794235 0.65244022965979 5.9767575508293 
3.91865141276808 6.41815756981777 3.2997990741259 
4.76179670907795 0.299490468303006 2.70083129378525 
4.11178692161642 0.269188203906889 3.00002820679048 
4.63644961753083 0.35936461611339 2.70870895538481 
4.03264125441058 0.114476949874543 3.39731639359378 
2.02991178464378 6.23613172917935 4.77117368343474 
1.75236494894458 5.90837513335616 4.27623389789122 
1.41692790897979 5.45378263298625 4.26468489830309 
1.51094655778214 6.28640751728389 4.34437578365987 
1.9816735704768 6.15030432519224 5.16223786473847 
1.55329602337693 5.1941483646088 4.5801622457165 
1.34363780144967 5.12711452471024 4.80085934357264 
1.53786070676896 5.29797525819768 5.18382312773843 
6.51479084162397 4.97870634106066 6.19443793273294 
6.08229458961738 4.51112388208566 6.05743901000843 
0.28294772691102 4.5139103249024 5.6172121755348 
6.51978685660629 4.02436620001067 5.56886012220757 
6.38669046959499 4.42159447297043 5.54321603694303 
6.78341152211405 4.80574946871337 5.57819265541642 
3.1974644349697 2.71708744136435 1.48191551068996 
3.82091501434687 2.67242810675638 1.15364736928749 
3.17796937187673 3.16171071207414 1.61479983931206 
4.27608275810131 2.68950152281365 1.3308761355382 
3.97453270771241 2.53311413292457 1.2059642324404 
0.8565281479807 4.6951722084451 1.1239251129037 
1.1764307837607 5.06183570195161 1.10787372505677 
1.78085286097493 5.23650980375615 1.52357411095296 
0.997698620897971 4.33634051932853 0.811662843977519 
1.83130583921447 5.19433694168143 1.62084075597946 
1.3149053094466 5.2234473698379 1.45595157510306 
4.70198739282107 1.86147974199764 0.408831052725734 
2.01763691556067 5.89260082792859 3.73168435399613 
1.82891047421549 5.4499294387475 3.51878475516493 
2.20749614321882 5.17533636042898 3.46891039575241 
2.08200256581586 4.70916459048547 3.80109242339232 
5.18407692981294 1.75745561891582 5.50372493629928 
4.34806025838729 0.570275593948111 5.71912491293345 
5.38297525851566 1.50631739660149 5.66666417140943 
5.0692746843256 1.74290399575253 5.18506433979114 
4.2720906242887 0.737828103444492 5.28226758062935 
6.9490722352091 6.33964718938336 3.5557436204386 
3.62772396317965 6.41830287259284 3.48592283652699 
5.68556325115828 6.25244079995214 0.135358935476305 
2.68860082974046 3.84435409608477 5.87457543462421 
3.10424632442222 3.51425192573057 5.61277421470249 
2.90670812773089 6.93795697571457 1.48342371400848 
3.35647176090218 0.508382437142172 2.58108666420264 
3.00060518615196 6.99758872242738 2.48572803625426 
3.11218286614739 0.431120844031218 2.72805048384694 
3.46688750643306 0.213018205645828 2.24992419840389 
3.47608789784382 0.573659021708658 1.79157820097654 
3.23646351481926 6.96372994536878 2.21719162277816 
2.60814419478026 0.631733294036015 2.62820889682258 
5.89507005462088 5.69294801188804 4.15110205538866 
4.66605278993731 6.07132574033655 4.22328543340263 
5.81480512481098 6.17793970892345 4.11815245851098 
4.60806374642464 5.71935713115837 4.14721795009901 
2.59244714796953 4.01822411197951 5.84305471670326 
1.92742726110088 3.44920417698513 5.8839285631859 
2.60382246518975 3.85589008472928 5.81619793217361 
1.55438282380873 3.47701942511808 6.9387184526499 
1.74107573058625 3.87928304475973 0.0223108811366055 
2.51891997833558 4.30329061606947 6.65465000603222 
5.5162345803378 1.13169048178207 4.68830007016881 
5.49182118772525 1.38160262306122 4.47428361138228 
0.552593246058881 5.11209835960742 6.97605839891494 
1.45492900321758 5.56864371759714 0.26182422371928 
1.6251605357131 5.0491606938193 0.211262780786327 
0.660115898788342 4.33900016231696 0.544575790314662 
5.14727768561854 3.74776791455135 1.48328004281806 
5.31800413591414 3.48652985053613 1.95057379284744 
5.98909609734514 4.35937482816072 2.10743436355566 
5.23863515771852 4.10411274707528 1.50274038646003 
5.54008339801086 4.17251246661254 2.12391437596333 
5.54456620014756 3.87198076616521 2.27173840777093 
5.97554206191078 3.69263873046463 4.84338603868292 
6.2638560931035 3.86180508199845 4.8669703833822 
6.61125649889142 3.90048686422573 4.52523607721221 
6.57703245281066 3.71460468680695 4.04807111635457 
6.00527938305854 3.05528941278793 5.07529639776056 
6.41160713234747 3.71498309905762 5.1144155075702 
6.06806132199856 3.36323784101791 5.2320408248692 
6.13529108221847 3.36726533419935 5.26325099110141 
4.02298208541165 1.15796353070031 2.92069347409284 
3.68871113671279 0.586401334237921 2.97898339539245 
2.86549413166883 1.55494851713993 2.73859013995911 
0.271156401520252 5.20419902368868 6.56782510055633 
0.607327466109961 5.51450679142914 6.29987645962894 
0.709970072131051 5.320856799747 5.92050839544762 
5.23931234762209 1.98028036662521 5.01443790321388 
5.56221442769642 2.21438149849397 5.378631271736 
5.43441826563626 2.7003713680152 5.29737238045485 
5.36123888728991 1.77068814008794 4.57055787381253 
0.597715835631128 0.989300179697476 5.7051854704376 
0.375174515312903 0.837398943257043 5.83307915743688 
0.425298222132475 1.107139673949 6.25576543119591 
0.484506618457271 0.239526755166861 6.4430793323352 
1.15682897861498 1.10848629308506 6.59389165548553 
0.469749649018725 0.874104557003004 6.69494220548075 
0.484679734124359 0.463805612908087 6.71211808630741 
2.1619501004133 6.48459719620603 3.3229983665062 
1.40778272513671 6.98361676008485 2.29660427699106 
5.95040303909977 0.849282595037883 0.72241606117866 
6.23570509770146 2.04770235734138 2.64460589188125 
3.34934129644951 6.2005176040809 1.75905388345638 
3.4297186783432 6.52600328988977 2.2240016807112 
3.87669693739095 6.12586429688177 1.51999600638255 
4.11014013037814 6.35402600479341 1.72292371615536 
0.478794797273777 6.57817540058841 4.52422188293298 
0.0835042200350475 6.95082482224504 4.9674974306413 
0.468984560402599 0.36439072604525 3.84470122130203 
0.693069860532335 0.167393796569578 4.07993948970031 
0.272907514096468 0.840411689821812 4.24043772630079 
0.536205595856395 6.64127018396445 4.17923559838972 
0.0197520792498444 6.46677477906071 4.5898831571004 
4.73105579553535 4.67737171387424 4.7114903825585 
5.60728760266691 4.64084093222067 5.37114881607216 
5.0033875240679 4.5967399682072 4.26531463444182 
6.29420354917067 6.13086486909615 4.64654957614077 
6.60752884231026 5.60487732194585 4.54944778461651 
6.29035899048707 5.72115621113066 4.5725442137388 
6.85889487618418 5.83861811660845 4.54662004839929 
6.09755678868101 6.37028613870116 4.40826386226887 
6.80082481220727 6.16432917742063 4.59482060661008 
3.79400219782054 0.800533076262233 4.07473644670893 
4.43732129365997 0.267289386990092 4.66991635663045 
0.965782888264207 1.78431026039981 3.39866930098263 
0.71051848399455 1.60852964374621 2.90597795417305 
1.46064728780015 1.89353986872558 3.28458587744372 
1.04887804410229 2.0419115485194 2.2623828386297 
1.59182152572069 1.97751994175845 2.6349510060273 
0.954315843914447 2.33419814837225 2.18045091408551 
4.59095192334578 4.42314283666987 3.49287252705455 
0.480262658569384 5.8677554325881 6.23176916871093 
0.340343372045651 6.48825264732961 6.76743290630991 
0.00387824660855463 6.20307739713842 6.63432848122265 
6.92003197820787 6.12848394002903 0.0104498010738449 
0.0855114234456453 5.90032803379757 6.36876196974966 
1.45267835788603 3.55759799817087 2.80060575359993 
2.2157911519713 3.48970817492492 2.57481488809396 
1.75458937226005 3.74162801795088 2.42195763107325 
2.30417815798942 4.06726397616012 3.64355426558658 
2.08531305910694 3.27157724580197 2.93209101886345 
2.43096934559276 3.66652613746077 2.63375735017054 
1.64676168455603 6.17475749122494 5.77179455481226 
0.808913421396417 6.87663677395931 5.09831092472886 
1.7721598838099 6.98231210493006 6.17011105318721 
1.2337584425933 1.13952090460825 1.41805053752257 
3.79847180557943 3.66417449590935 5.03396489643006 
2.73887823382865 4.05097063686831 3.97579285632 
5.80286037555469 4.28640510753588 3.49751450847663 
4.66543612630663 2.41331058393397 0.0834533215419551 
4.32597523448873 2.183332724563 0.399455306218469 
4.69912157118447 0.520453116494364 2.49171147157445 
5.55268265070964 4.57052035428526 0.0194495578247676 
6.45645779271616 5.15619715153045 6.23871628815289 
5.46836938268692 6.04396588062483 0.633731701366604 
6.48082374169432 6.6308639669015 0.585817973100604 
5.09304393955922 4.97690554019624 1.00746194808034 
2.57326655976725 0.683378718928552 2.72560321399989 
2.20265491846099 0.505431936188926 3.23673583520811 
5.82728652546112 2.06143737065144 5.77191829028478 
5.85503497709633 1.87486372578636 5.83832611217763 
5.50836141595658 2.13109960711578 5.57646925668014 
4.79872313771093 5.33210235529915 0.0149307257709301 
0.917731524928279 3.62082076181272 5.37572719658606 
0.865690181881839 3.53793010533889 6.46254181852828 
0.383797807362367 3.27111366500574 5.67150711406334 
0.458438482774133 3.91465242041432 5.17006566351424 
0.793677976982237 3.38792980494564 0.0952838392968251 
0.0229492013595992 2.35177795771958 3.71471160775539 
6.00524944188218 2.73419562942205 2.95069671031027 
2.06894037709721 4.77181511287723 6.4763254935001 
2.28427805538342 5.61145549183091 0.26415736657823 
2.11246186266363 5.79236986760964 0.25977259651729 
0.524654548212482 2.12982883386491 0.973627354035134 
6.97528281487902 6.15075567844548 5.72377559396107 
5.35905405909837 2.84767961604045 1.12112942881116 
5.23292705117647 2.47149911466347 1.43782405899342 
4.53988046097464 3.4604475443441 1.031062069948 
4.92938695811602 2.34931900316829 1.38311041450181 
5.0236869694809 3.32053732461287 2.16606425101953 
6.65780196534909 0.480063363908161 6.91517911491515 
2.79288077710933 2.46773578981329 4.57393804736478 
3.31896168714809 2.8569679460852 4.63555616073747 
3.13553251985689 2.69541122393499 4.86000158075448 
4.24807385264006 3.23681064789352 3.71763150029802 
4.37050610040941 2.87000270467645 3.07421344218199 
4.10021086598737 2.83758475697448 3.5416953720596 
4.4188858133639 2.68096753109889 4.16650983629032 
4.59066396612194 2.70872018291287 4.20415796961781 
4.38580675531369 2.21041248294117 3.29266305831835 
4.52631190415004 2.42927981066466 2.95841267021078 
4.70898673832174 2.02159908088655 3.4836058548487 
4.74059799069626 4.52402621944355 1.49350589141694 
4.78483324612387 4.82544873249673 1.15625482932687 
3.86868733334213 1.17175419730391 3.98387814703805 
3.66535755957461 1.56374479903966 4.24231752555889 
1.234852734586 1.97271098358991 6.17919415189594 
1.14113805258089 2.2705057902214 6.37508792422334 
1.57532646012285 0.860795623252144 3.79815450419829 
0.658952409866816 1.12149505228842 3.5497505695561 
0.993356331567206 0.155810010861421 3.90667308932841 
5.32834168230929 4.43655424628225 2.30765642499335 
3.89480059370869 3.28760530885862 0.624459582987391 
3.79765603911963 2.94730711917798 0.418851279777472 
4.66812599066607 3.59609157394775 5.14917212583893 
5.14304785851621 2.94221773036371 5.87074414457417 
6.05037700316684 3.49257055175463 5.92912060244295 
6.25821892664511 3.01984484423345 6.17285052624143 
0.170055725486923 2.89700352325698 5.48227335592012 
6.43555941612002 2.70797031001203 5.71953165147039 
5.88538840910596 4.90508947311375 2.38215155248172 
5.74938108217149 4.93169015979877 2.41617215256681 
0.409560691532468 5.51415758260069 5.28545927267948 
1.67010888485131 1.90850583513574 5.42897179314364 
2.07490791520685 1.35787660869866 5.11567855986408 
1.51802140675994 2.13375721829594 5.76909451705424 
0.23283480917427 1.82781006016433 5.25197338053037 
0.765576020204943 1.60225651376427 5.13348243901734 
0.548444840439587 1.56098734999677 5.3293112360995 
0.502263742748006 1.19470692104133 5.31597640965112 
0.822485237514845 1.16509223649931 5.0051974984892 
2.07440252588136 1.31496699163024 4.81654380235625 
4.88266534189473 6.98447574368726 5.05251176576381 
4.7339091658577 0.296995822783289 4.838920791634 
5.46030681778756 5.28053453066885 5.38072184516496 
4.35884879538156 5.14564938026949 5.22618596064174 
4.55032237348515 4.18946746038802 5.31259373259933 
4.43211122115402 3.41933224011678 2.82200418522578 
5.14244851330279 6.74485219647428 1.83968894210304 
4.91279860410583 6.57335248888768 1.53685929602325 
6.58857904922433 4.93958770970805 4.96952106959242 
0.156425367868511 4.922763713293 5.32914254388361 
6.81836583349767 4.98775375953625 5.30627681594615 
6.71591042566735 5.30493887659692 5.28345493079281 
6.52288479683809 5.27095318074014 4.98142553230967 
0.0146054555935507 3.01965908764819 1.655017627799 
5.46045948253858 3.30398860329311 0.00885324656028702 
0.868480867486951 6.39138923588129 4.03023371780726 
3.74509455591503 2.79238996101743 4.69692865755605 
4.08788077274194 2.50590826519 4.46086311240226 
2.48137470885565 5.86632322546696 6.50591764782599 
1.3771892776037 3.49478665247099 5.12094593613276 
1.40227964552006 3.90227858445849 5.54073196551658 
1.9963666779335 3.33753699040972 1.73881340876444 
1.18408273814292 3.36911224984453 1.9100250130736 
1.32658794493995 3.02022801457142 1.66224106483122 
1.34734807643082 2.73746291538043 1.78413061736653 
4.82510965720124 4.62247606686068 0.365389889100169 
2.06571189408734 5.51463788860535 1.95332760171191 
1.98659391194035 5.52280610694834 2.45042060165965 
1.92125223966879 5.80975802152809 2.48612429478763 
0.570313769994015 2.29958032252086 1.73550675620765 
5.20281442965112 1.68071463533559 2.52002682515578 
4.37523933723848 3.60905034199125 0.574898341758316 
4.29383492133904 3.86402341817416 0.479565303334962 
4.48232872121946 3.85210109524699 0.346824615857486 
6.59414833094384 4.42774707891909 4.44337609778165 
4.50158984203057 1.00320549101057 2.88806734051163 
4.63685770361753 1.30844027978891 3.83163890062414 
4.6186457174265 1.43996652864292 3.48979490271354 
4.81104805571652 1.28701077079 3.32896425594172 
1.29027879006242 4.79270256902249 4.8245521045683 
1.5931827376862 4.9812613842102 5.49068995429483 
1.42259231420832 4.60579422673734 5.29954868172803 
6.76851623015331 0.0839477644643219 0.528974234263966 
6.4933855928699 0.34510497126918 0.364164851732435 
6.03861857846558 0.0480289304949221 0.356125868941401 
0.467492560760851 3.79555724014344 1.84901575721596 
6.14493937176219 5.40007691930727 4.96720572237096 
4.86839862699928 4.5179399432038 0.319559971466144 
4.04444165855437 1.77405308870434 4.42400199212995 
1.53613975850267 5.24122355476774 6.1057798191559 
1.39126400324083 5.19262771584026 5.86747369055927 
1.77885064963352 5.81044501872224 6.19841858560727 
2.33996149000953 5.73427143617475 6.21380220122276 
2.70338590522876 1.95461622519752 2.99816393930678 
5.15306849459088 5.4183444058801 5.2591491595401 
6.98634984719223 1.9823594072853 4.68387812202201 
6.83759283985948 0.867416570103882 4.29677162248324 
0.365528819506398 5.18558831645206 0.191246561588966 
5.36147052278488 4.18860945762634 3.18958966091769 
5.57740499324465 5.0313536870598 0.0236452855865764 
1.30222446389779 3.80487590424473 3.26964166005866 
1.25555087046493 3.74980093327756 2.97979265147578 
0.703557233922788 1.8038160262459 4.93815613186551 
6.93386337148465 5.40180540282186 3.96896119980554 
6.81426943255844 5.32292692468047 4.00071536321499 
4.75619290759515 0.613513657507013 6.07214346474705 
4.60697574483373 0.447365932432425 5.77623748370108 
6.19381841649283 3.42214662196965 0.319138071401811 
6.64233300235054 0.890127566020649 6.90539179495209 
0.428809429419366 4.61363022209537 5.87555771888344 
1.1712917719689 6.81612482804625 2.25635579677555 
3.56319919265715 2.31785515124198 6.56149342931237 
4.08078887576726 6.52874810378699 4.43639489846172 
4.19399183670759 6.28770226364654 4.57067914882362 
4.71356184139371 4.69482052567296 3.10781755459073 
4.92222531154956 3.42163803076457 4.7496210952757 
1.2013389396797 3.38675872961736 0.394336775914414 
1.67547284459945 6.58536203122136 6.75530356056377 
1.91082145158782 4.03862223535429 0.977585842207733 
0.198373898419104 2.1404983919507 5.69385574451852 
2.15105015499804 0.445012771462633 3.24687507833116 
3.61047776970164 2.77490566743 3.52245698124334 
3.24451578917905 2.8219293318284 3.04848588272088 
0.938495374359066 2.25213030285172 1.97105505404303 
1.15590037027085 2.43669769375436 1.65310834082942 
3.20527495282927 6.02100608134626 1.85681479444123 
6.92791551862618 5.55051598180479 3.66391598387649 
0.0436625292164552 6.19675109574632 3.64613295556329 
2.47600685741385 4.41585564925156 5.47757749124524 
2.17719474352264 4.4902539077141 5.63350561119363 
5.67045591191865 5.24834779166523 3.7978098223493 
5.36600939242808 5.80124701049126 3.26562163881241 
5.87062658819178 5.89373731365399 3.55227870975627 
6.17906808331952 3.07842362475103 0.99484711905077 
5.98474410068933 3.33942993414373 1.28456756663988 
2.78584732825447 0.703684597948576 2.68219342252488 
2.76222756213805 0.73592017517255 2.74456483533966 
1.29068358914744 5.14295105011574 5.94607443252475 
1.45712929895172 5.20097060894989 6.17009060656979 
3.06617959232784 2.81736288571972 0.339179305242748 
3.13336065926138 2.49318260619408 0.671110673258803 
3.28554560746287 1.7308029406413 5.42096302004951 
3.42927401681503 2.30329098118552 5.77395376431659 
4.21289967858188 1.84779458886988 0.422155457855483 
0.204702349048245 1.42276366538435 2.81540280106074 
2.67117982472775 5.54929204562732 6.72050276729218 
3.14848521571543 0.500887960947115 5.6633248658514 
2.88772393469548 0.444468073248113 5.6482404980311 
4.2447668959329 6.81795373298341 1.40984428849592 
4.99110117384736 4.55266628372879 0.373479945562054 
4.27343038781134 2.39897320230518 0.0295893668874769 
4.51114724601307 2.46734020718845 6.95357481434577 
2.97234439840224 4.56254592009956 0.635629706286551 
0.500691934026366 1.14152522567751 3.11348505965862 
0.586152054848554 1.39611611848005 2.86617266441197 
3.45895092065764 3.28093531952776 2.4978404695461 
3.44145504162838 2.94674701368302 2.61187193113944 
4.86934051037381 5.81564059335144 0.676423540145378 
5.07306807709617 6.08317951543578 0.676105970570692 
2.47657660091761 5.31613388803783 1.83904768490247 
2.12807766058097 5.0922525787315 0.214362002210322 
3.26128895671529 5.6697309252512 1.8444462847725 
2.05391516705501 4.40554453067113 3.59359182059067 
4.64632491846972 5.09932046695634 3.54876552880119 
4.27288380976056 5.46122825535825 3.66973851617932 
3.75283644914006 5.2630584867736 1.95554652361326 
2.84752837817058 4.34802413046045 4.59332027475892 
4.09198343719504 1.40779638376933 1.27672606790531 
4.57208248118991 1.22227481790171 1.04609863442858 
4.32966606327488 1.30771474642136 2.30348331067104 
4.61565178056519 1.06878766548427 2.56928870311502 
2.51374670445786 0.115077000693349 2.4018701235717 
2.22743919915524 6.82773127429632 2.5152498088623 
2.25725460048246 4.66027883086028 3.05154624706579 
2.30475311829541 5.0752867702514 3.17040219716933 
4.57621325820789 3.73256966785177 1.41518099234263 
4.32852835075157 4.29383524015744 1.4145700849986 
3.01431398853886 6.49565289291235 2.61142245939973 
5.86739759241619 2.30991583229576 0.797281872158777 
0.261216993921321 3.73177674751679 1.72647238137524 
0.523181432443667 5.96918764933373 1.69066252505772 
0.4733352101603 5.93207234990679 1.76048624388622 
5.96408725900834 6.5421708257682 0.158038235616334 
6.09116672107341 6.71452931921832 0.489475018817815 
6.11796394859639 2.16331270732439 5.55802773881241 
4.05682818394957 5.0140346197695 6.53557638047696 
3.66404504207411 4.70633966890466 6.64484825893958 
1.61678103736241 0.797329728353225 4.30875428443882 
5.60855386368173 0.703003773071001 6.41444127866826 
1.28380253200775 4.4252292742956 2.83664797538841 
6.46386339819072 2.85243867666049 1.14499165119732 
0.136126443834261 0.993448545098442 0.879581571263896 
0.482847752219287 1.18718142794052 0.216153439981725 
5.9395886727211 5.98738126784563 6.90733661532493 
0.701803446925147 5.84259229713307 1.88848827304581 
5.19383108027073 2.26189254731291 4.24740014039554 
5.2093980912548 5.20817715945357 3.12011518564454 
5.50407986700187 4.81207144124213 2.99497072049257 
2.64756175313461 4.51951623232554 4.74814938133459 
2.42075167630692 4.27496408158609 4.93852975232738 
0.53478723618648 4.36644897391051 5.3034528226123 
6.44551990122769 2.30223948289935 6.93354436778254 
2.36087273030603 3.21033529939049 2.1441980774215 
3.0378328196247 6.8157431641907 5.17151347596852 
3.92361980126658 1.59959970346247 1.22045725927992 
3.90790869501552 1.85118933266409 0.747755132995118 
3.65551245281587 6.48360816734291 4.24890366144612 
3.68389509963316 6.60125096784166 3.63048226639976 
2.79104039045318 4.11893208812462 6.42547478267265 
2.70011886636601 3.99644171096866 5.91635467327263 
2.43568224486741 2.92837432611493 6.49519481116024 
3.2914338767568 2.68037895918984 2.44301327320628 
5.0054769427946 2.94523046262209 0.879417910676342 
4.89882118745479 3.36959611806529 0.896475174827466 
0.873195030554702 6.88127267148174 1.7213062873334 
4.39671939366684 5.07503741350681 5.96532538244438 
6.87710124044972 3.56524275703087 4.99809891649324 
5.40083701010908 6.37966984465452 4.2724955285151 
6.49327633553853 2.8788459060778 1.52748672365553 
6.16888755842474 3.27139017591616 1.69915086459062 
0.949046965314997 3.12557848825711 1.22231197461085 
4.38322987943581 2.88661408245426 6.91526345350341 
4.08088176986747 2.77126178499896 0.0260240943920374 
0.494346993359489 3.5465310650339 2.21833435010416 
1.81269908179196 6.26391946101498 5.27075984735064 
5.4770436858986 5.19850927405489 5.26795980907355 
1.1588420939753 1.24066935274478 6.31132783048171 
0.669991533408493 1.25628694877573 6.08733591663109 
4.8295336572268 6.28278969195709 0.0141765696197518 
4.32491931416309 2.43048363336259 3.9949254509368 
4.13252425503281 2.50631273859996 3.6164240959365 
1.46439898976949 4.52552069721619 2.67904639855729 
3.85799311777686 1.08358551452291 1.77323928613944 
3.63852197971294 0.60101354517051 1.69975916823671 
2.06256617709233 2.01112707618531 5.18147808148275 
0.619502987194625 5.64536942255172 5.5400954168151 
1.1461759821555 2.23229094117707 4.98669230550827 
1.40277225527486 1.99194011598999 5.39098181329061 
3.33533852892255 6.24346803978449 2.5776910438786 
3.27038793019041 6.34243336559227 2.40738520781865 
1.9866168622165 6.81207517721934 2.16422639067299 
6.97414947240656 3.68983063478412 4.69857067062666 
0.383815698812259 3.94818961261657 4.79265493499017 
4.10261991734249 3.83097338425427 3.05587902127448 
1.63332192365116 3.6384334923486 1.96431320791207 
5.1911512953619 0.0237055234629792 6.41535646716788 
5.5567520431422 0.266809850075366 6.54056823174877 
2.42746226081824 4.79859898059513 4.48111517797314 
2.52747736630903 4.75719183514114 4.17481235854056 
2.54422968326383 1.78776325899398 2.78996167198874 
1.48378923474767 5.21811189994496 3.82806112599451 
5.66231539245216 2.0660933547526 1.24704860798792 
4.03611398915065 5.69063724067592 0.204725931052244 
4.79083362685064 4.73410293089609 1.89300158150617 
0.224344094401272 0.48131277196161 3.03175293429864 
3.95578722035947 6.66158196266482 3.50688082833778 
3.32107561768903 3.55569398453064 2.67241958252968 
0.161397957335881 4.74099535447723 5.59893367524949 
5.60177833182061 0.324559640244086 0.785245030128832 
5.69611800572242 0.396556617735585 0.598521388554184 
5.17759079785707 2.60069486640348 6.03639082320852 
4.76891599545154 2.51689651023547 6.14488825073024 
6.34564464738033 2.98138010759752 5.21284840149979 
6.87128710777014 3.06684573669053 5.05334956268603 
3.41248459120553 4.56133195964803 2.73798817463907 
3.60793778317398 4.80360046443998 2.97281294469785 
6.93531912510578 6.2594280743894 2.40315380164344 
5.11507852681172 6.53932761188229 1.03292590689376 
1.96382233859347 0.710962488757234 3.28229471016683 
4.01980942557859 0.289056021974997 1.85529683063727 
4.37729061233033 0.528323657693713 1.92773433921242 
0.55773940889717 5.62088264795197 0.582429130060499 
0.137141482750416 1.30589954864509 6.43472652021153 
6.22792255150187 2.44460021378005 2.51480981400975 
6.09390105030434 2.74657557982401 2.71062870276071 
4.54900409199696 0.48276540654453 2.94506866870726 
2.08174370949661 6.47642578616326 3.11544807693832 
0.666030854050111 0.517698579788864 6.82638084903501 
2.14112576177869 6.41800546299078 6.89541538777606 
5.43863450757022 0.740681177621013 2.27266622434956 
4.8390503362624 0.457077126769512 2.47054461395271 
4.50094164938567 0.238073714990272 3.63420467378928 
4.55065083700534 0.496101256794421 3.93038378598147 
3.34139169060223 4.66550402463724 4.90954091033291 
5.47491197067683 1.14011809543612 5.43913588610563 
0.988319714766965 6.53756810272395 0.413825445686695 
0.901102072566783 6.3437113108528 0.274834002623998 
1.74343335516353 6.48054611619989 4.69034628166254 
1.6094018095051 6.54100454157495 4.94627873395787 
6.36944437103898 6.41612603854592 6.41277049656201 
6.60005783249234 1.61986906586235 5.1587991814396 
6.52073190332623 1.71461436048295 4.87505377094262 
2.71299862362835 0.129061833931837 5.39992892060932 
2.0947842703867 6.06705490261566 6.85459251092264 
1.61154280800776 6.0297108078028 6.63665421643353 
2.43809006375428 3.92959660030005 0.425976348674625 
2.28111701081869 3.81782802134022 0.0827069731640909 
2.50959022501881 1.97142564168004 3.55967410209343 
3.37686304175069 6.75246834629616 4.31381203175719 
3.51710255425496 6.78852127689095 3.64561133129024 
4.33511662320919 1.05844690203747 6.15860459428843 
5.76468928481014 4.69839519117647 4.11926217652682 
4.82304851459397 6.76044764613004 0.78184948493506 
1.99197723691391 3.16256101154178 4.89949096956176 
1.50814542382713 3.25486153855719 5.15443621902803 
0.81231609381243 4.52505806177154 0.0531042999814756 
1.50082681918137 5.72256027937471 2.76442822814188 
6.52816918955474 1.07471757851314 5.89143742534352 
0.959349455614851 4.54887384365156 5.87102770205657 
3.26655057850676 4.68479894418545 2.30165808099859 
2.7000864671124 4.70193634070986 2.2539844447412 
2.55049804795492 0.973644764206535 1.63669581546327 
1.07901237667903 6.95989321907237 2.14189071988242 
4.51714414981898 2.19217656848857 0.415237410671979 
4.69364649309167 2.57183876550286 1.07339874849977 
2.91919789604868 2.35593296877355 0.0370603885038716 
1.6757241635675 4.74184086529782 3.99999721914976 
2.96090348431894 1.50448726688131 0.88164161582023 
2.05440846388207 2.15895455072456 0.0238159449149013 
2.43681387104691 2.38024213472387 6.79882551653744 
1.78110360295285 4.27070568935084 4.84551766078834 
1.636917421669 4.36047579206342 5.29151988095989 
1.06906892997115 2.87479620091618 5.32767400315957 
2.72314479687928 5.48015778165025 5.48102248348254 
2.56694390280204 5.28602388093915 5.28444125273679 
4.93948501083042 4.65373181042107 0.415672225240263 
1.80926209321998 4.28902612344502 3.65017664806311 
5.43243637106754 0.53416137925686 1.93374783762982 
5.00932894218203 0.281650763547668 1.97557507683892 
4.13034286128765 6.8193222407777 0.921677119467394 
4.06598858233208 6.79797317934323 1.01306523961413 
1.66162265635989 2.07442530652235 5.76796256642009 
6.07914706672935 1.29085998800418 0.258690519671975 
3.62513443217281 0.211906994676115 5.45536343238017 
4.27538280836644 0.473080764165433 4.73375039527354 
4.77371777834045 0.232955817203618 6.24602859382702 
5.47105259176418 4.24908228004966 1.16928639954132 
5.02117516584011 4.79681122536717 0.971309055117733 
0.981446707827983 6.98768423952216 1.45556929215042 
0.806576493256938 0.402303006577131 1.21248659626628 
1.27354607496143 0.605607067737178 1.21575242217941 
4.15609362329959 0.0746495336735704 2.71656998050935 
3.81960948229157 0.0498937175328637 2.27220002269475 
5.26638544124611 6.70598317709035 5.9768490417217 
5.91862581904077 3.22603545730732 1.9901601335062 
5.50262975650407 3.24544169400459 1.8610583077284 
4.59697082243377 4.54680723977552 6.15137907757916 
4.51662156317704 4.96170519097907 6.14779099672876 
5.53753119512471 4.01309708992204 0.974463582232059 
5.44484172214713 4.01729743162797 0.719494744737073 
0.752770096729771 1.40981193595229 1.95444605534481 
1.32524636342482 1.19790657171678 1.64320931791714 
0.747172400634717 0.826733432290895 3.43893738119678 
2.27462644908175 4.29202613130234 2.50161171272127 
1.78216031867468 4.21765639814643 2.37733814019039 
6.90524482559969 4.1693576836429 1.75268365235394 
0.840098058872462 3.48369331942249 3.52642604730005 
5.68413041341724 5.96304302379961 5.45687110764247 
5.81583405868633 5.5960833934209 5.45770671454292 
4.63324957385268 1.70615931402513 1.71635124621381 
4.96258776675465 1.49218140751171 1.3546627713617 
5.83106419097122 1.50271604902331 1.52669696523618 
4.78332710755374 4.66617225801741 4.9114608748639 
5.39088792894912 4.39857375716955 5.21162780120086 
2.24996955569881 0.602867071424048 6.39366436310397 
3.44485832464824 3.71708146304755 0.381372175418421 
3.77906928934215 3.96876766135187 0.314771111919938 
4.6067284177186 0.0241946484105354 3.79045283599602 
4.37941149474592 6.65576719656117 3.83378741351581 
3.89517333216421 1.33018199790354 1.30414228202914 
3.07567646258875 6.30521192861097 6.36763877916617 
6.98327830980514 4.70980067684009 1.56221053391982 
5.5735045575367 0.992706291210989 6.6729667204259 
5.19164782817242 5.28706421048826 0.60450709738966 
5.12487769840717 5.09802997303267 0.298685394572085 
2.48571503428741 5.91144438871269 3.79221558270489 
4.91368583338182 2.87583643004984 4.9149036932735 
3.15230539835745 0.432356923800558 3.03127662045049 
4.12793701537678 3.99456034465782 6.24047114744625 
4.05653226680824 2.30058385303409 4.22197313980356 
6.10787182538898 0.620572150492058 6.24361878786391 
2.3848812256284 0.45795539086763 4.79415222727717 
2.69057295996205 0.199768860034413 4.47986660257301 
4.82623455742765 3.46883883460241 3.50094799941874 
4.97370771644116 4.07379254038131 3.5666415121072 
2.60348287433194 4.0538443617402 0.353838282978807 
2.52850966744865 4.00236108379252 6.9353135326645 
4.96786192455115 0.297638324343437 3.00947378229823 
3.7405944417267 3.97702280825661 6.75073427970997 
2.21157729842932 5.91545267108781 0.644976303476593 
2.30235881910455 6.17735484757407 0.711620555714247 
4.87744784144313 0.720533226901331 1.30075336493533 
4.68822138896254 0.383969088942387 1.68119000274825 
5.41459380404272 0.900993854975479 5.59160765015477 
3.27026970799766 4.11413149577364 0.740989008215189 
2.6124958887497 6.33289773264373 3.47287500604839 
0.155377267050802 1.11604668396409 6.79362656325771 
4.66897500590312 1.68695576165631 2.12592412653576 
5.04941686070518 1.48743269496109 2.37200028023099 
1.99958920491742 5.49254292990796 4.78822683768093 
1.97728150049108 5.52178911474098 5.01189333438308 
2.29206018935692 2.59147567821891 4.77745844319915 
3.44673374068699 3.59090213898025 0.453618250654449 
0.256119312809335 0.0811231062371147 6.59799866022237 
0.238259778835831 0.235884767845836 6.80587888992705 
4.68874255898764 6.29552273388275 0.305718563752027 
0.8010416798065 6.26835033658376 6.49645601730052 
1.17000512307548 6.15755663328901 6.77265378319361 
0.0595842178801146 0.714278128495458 4.83087126444995 
4.41353403559406 3.09273583251785 4.05573135631196 
0.676510010383239 2.3461531503813 3.59833452507701 
5.99519142497651 3.03046248608507 0.18940257578053 
5.91675289930471 2.67532440304528 0.717538162759481 
6.4781825249673 2.585299698223 4.61046611925189 
6.26051549777876 1.98332341204769 4.84493568178881 
5.22971944819003 1.1832352168764 5.02185067038713 
0.175723257177732 3.3286586497035 2.19539318805448 
3.55232885310423 3.67996466453215 5.56094032140801 
3.67951060821377 3.74901275136342 5.10314783785788 
4.99009256184025 6.08679335030652 1.52822905423348 
6.43717985823269 5.53534245077998 5.88558354093896 
6.74300435083173 6.42474056723867 5.27471035841781 
6.83909562157826 0.576397281315682 1.02940050814498 
6.91693074618889 0.152518827230791 0.815552294405471 
6.23848759536792 2.88225539244175 5.11400064816797 
6.03519276215958 2.23182059600679 5.33995002342789 
6.27332944631466 1.34150191191292 1.48224685219693 
6.44070626190488 1.27746136294227 1.97099423626168 
2.25524141133796 1.74171754973647 5.08762223604457 
1.8547497251491 0.549355070079706 0.740504056889944 
2.04203568765489 0.343606893388027 0.875258083415991 
0.371811627023191 3.59265951273787 1.35209076812471 
3.08533831765167 6.2469437680071 5.47231101532206 
4.34880712534238 5.38714669962831 2.22926612448654 
5.4009377182902 0.829891623608452 0.21978401310165 
5.78188634690269 1.09408971279984 0.521797686581024 
5.62760158619966 5.41409531973734 4.30347839568696 
5.94682879669278 5.21020833951552 4.90478035600059 
4.07922838700389 4.27909375105638 1.61786556420856 
6.89901708598973 2.17164280123735 5.85285618785042 
0.303103507287653 0.0834390836825346 2.5817969153743 
6.82342381614253 6.08554803967496 6.00853386961522 
6.73593990396016 6.38373562265979 6.34953774659833 
5.68483493512295 1.93005875758075 0.5115633801598 
6.02499743904766 1.74750430003118 0.254092786119413 
2.31578772224314 2.79661360216709 2.20555529602673 
6.3566685955145 4.72761077865934 0.714710147275884 
6.3069178960469 4.73676887915305 0.369512974270989 
5.43741822009899 2.36213647751183 4.05877236997062 
5.25382840444566 2.43369910247993 3.82365025408527 
4.57599004708254 3.25523851745464 3.07475946526049 
4.49448028531909 3.44490086671011 3.44475483019134 
1.0353146177494 1.97994359740654 2.07026514617576 
0.574972795647946 0.96468022837575 3.08031329147201 
3.61023222075588 2.30293421372128 2.22318008269678 
5.28014900351136 3.6159817527866 1.24433825987024 
5.53220460283196 3.27700573159041 1.38003135999835 
4.98714115609847 1.62643137676408 0.770523936285956 
5.08950441909343 1.69230708501422 1.14862112362692 
2.68476582512213 2.37318485152167 1.16923541749527 
2.74577096233675 4.73734701059155 5.4089293986947 
2.01125635489229 6.91530347299553 2.85921582895084 
5.17922940471742 4.31389996908062 2.54916054114335 
5.23710572561959 4.48411919600527 2.9536257562823 
2.14315737488012 4.93348691004397 1.31496598585693 
2.17330424255701 4.90215583472945 1.42776012877379 
6.79557422001906 2.66575691842221 5.82473689848646 
6.86947844235472 2.9599524892789 6.3081919865246 
2.88624233421258 1.39475546438691 0.851468915901637 
1.8786325715735 3.086322685816 6.19569600680484 
5.96354655294651 2.56274694077973 2.17674636962391 
1.06957454713155 6.42035615386842 5.00775450115359 
1.38717370517769 3.46117193239829 6.58294483127634 
0.932800783315842 3.41337167711986 6.56297974802921 
1.10563307582014 6.23237966991995 1.80150001350972 
0.758524283789653 5.89865966702067 1.78572092821141 
0.0393273562559624 3.40958098595113 1.9270283723234 
4.53489093440941 6.92918154329906 0.988970047164959 
4.52554396591702 6.88218191201716 1.36237571167413 
0.371617268783604 2.70292804681893 5.43616671019259 
2.27305536982954 4.75342089254197 0.696875931582039 
2.62731116199611 4.49629344398331 0.442524453997308 
0.516924888002411 6.9396387787058 4.81322511031466 
4.55908599133439 4.58646988061107 3.74182985279705 
2.8134059734185 5.93993850848738 1.63188663622316 
1.06580040196969 5.42603260576321 1.01717646547649 
2.09352598609336 2.1367364625554 4.84381428092209 
1.05405902968964 5.7914964485252 0.444177248639614 
1.24719899773887 5.71469917774886 0.59460757261071 
3.21086454687832 4.32995973256178 5.9006569831223 
3.25848824184523 4.39876683353865 6.29989656108205 
3.93852414052428 3.56254473711814 4.36142207556175 
3.67523191219524 3.34772154422527 4.67004907076933 
2.04523697599013 1.30656424372341 0.871084110104026 
2.51616046325653 1.12412625832734 1.23946004164012 
5.78938732183537 6.75800959299427 5.81935396803949 
5.93815791516972 6.36293589234328 5.75681919883766 
1.36501651063318 4.25838071266356 3.32431413343961 
1.4718621125018 6.29209719192064 6.62552499879758 
1.47104902738061 6.05928010465421 5.4698813959224 
1.3170956803182 5.58003281007133 5.42891464106973 
5.45736949458056 5.85948248324663 1.83790712712154 
2.33967609148028 6.28769786747232 2.77259242405352 
2.39336338249041 6.43577417508951 2.55719436529914 
3.33188993358499 1.80966138585269 5.12307262338692 
2.7692156481825 1.91144990175686 4.64588847722116 
2.02834609423911 5.89763594405634 4.54122205911245 
2.5516421066921 5.92793383190692 4.26119810543748 
1.2849924899467 4.56670287112738 0.0398101370795679 
2.17882645995914 4.68197091537008 2.88372075262223 
2.14934065373649 5.1169352503842 2.84827309175577 
1.20477698411782 3.9315635471013 5.61683704623734 
1.0412561181585 4.37565375560451 5.54822646782153 
3.2721344399496 1.92638346320712 2.92617410117179 
3.29870024199692 4.91912241316735 0.2696898307321 
3.3566237833894 5.36095595879532 0.582286244135064 
4.07623902314702 6.51028657075486 2.63721737934198 
3.80389313097384 6.62407059832977 2.25874067688085 
6.84513059075999 1.56663264515205 2.10887556828473 
6.98776473336363 1.86411616045842 1.75801717600899 
2.86094270668928 5.63093827468001 1.61548435219289 
3.79414471416303 1.50429117314004 1.25667305049708 
3.51267280390023 1.42175384347364 0.893157542149009 
3.36021023906285 4.47650889831713 4.7619490240187 
0.318641553163529 1.96898739358849 5.04341035662846 
0.421693444177245 2.60777605130141 5.14185275548564 
6.05946775400512 2.21111724673921 3.20114943366802 
5.11171829509156 5.18195753980613 4.07628821326884 
5.55465815940267 5.18594524496796 4.05230425095398 
5.27245557959641 1.58073627242217 4.55938913749901 
4.68922100418566 1.57385846061521 4.11948640741648 
2.1695141290038 2.48439458169165 1.16025493999553 
4.98902641512467 6.24017173788989 2.95674403887166 
5.08823498772266 6.50633534113562 2.80392326426291 
2.74518802718498 0.147470658380849 6.43674977573179 
2.58111812138344 0.196925359083788 6.24991779942044 
3.04154026658321 5.49119365176818 3.72309120884687 
2.84409491916063 5.46481387457629 3.84917299016773 
3.62294700275472 4.23432359297884 2.63812794417136 
2.39238358045892 5.71879438325862 0.657834569755232 
2.7318883602805 5.79241495951881 0.780164771561819 
3.135843103501 3.68717436784417 3.34907256791983 
2.9265888496478 6.51150348922897 5.24192830046756 
0.628703980451792 0.871222376194633 6.8005003467112 
0.642333573819517 1.05529728820425 0.149985727147607 
1.18963067604837 3.43039749148963 5.09062532830608 
1.76388811154016 2.42185202602532 0.0680378676907906 
5.06294439915357 6.07796469708339 4.45878042814 
4.83584251717163 4.42532183480345 4.135568914154 
0.247711678518669 5.88936053699016 0.895562275467905 
3.28966439749546 4.08652726685118 1.04340132903577 
3.94070364799032 4.36689633444585 1.42848525086412 
3.53758533102109 1.82122248940063 2.52784806373972 
3.86595618267096 1.71068781448637 2.66391864967292 
0.61481409124573 3.01848434427592 0.148879738479524 
1.97239820889951 1.10812084736914 2.85647782072549 
1.97801774423396 1.46891137536548 2.93280662626239 
0.954550249859532 6.76781149797454 1.37196321580854 
5.70982928899629 4.61039625483929 6.09588169423184 
5.5552176126754 4.63589052512095 5.93028458610953 
4.03164798664078 6.92111527251836 0.873563263416413 
4.15592578059819 0.518833423712694 0.66634797935662 
1.46009280447305 0.310498029610076 1.41307658565798 
1.92162133776685 0.13394918427433 1.16927250956504 
0.158031646333877 4.85567814598015 6.35238815501283 
0.347374847195525 4.79071104380884 5.88145400246199 
4.71940717291058 0.600687230402592 5.09936119361091 
5.67133983183469 1.37538421292745 2.27650999176491 
5.62598897360325 1.57763393302192 2.42744020824967 
3.04685154184642 0.84500762359872 5.50963823196261 
4.36253540231987 1.36871997969568 1.4904106165031 
4.660090242336 1.22694845690074 1.23783337199523 
0.0502844217143332 0.821901982758926 5.64373436215226 
0.113424452380624 1.03353868187567 5.26501348292672 
3.75854030440017 2.56928838095977 0.826355517770097 
3.95134431607265 2.35586467145603 0.841010422927992 
1.45660604786501 2.60199376020005 5.83391184106325 
1.78620013522344 2.79322677229423 5.84195812716732 
4.67213452543146 3.37853623973326 2.10505670782817 
4.70403979694283 3.52419072333971 2.43496386166907 
5.92187147966677 6.31735839039719 5.1422436120626 
6.05411627021881 6.48972395845871 5.41398583216325 
6.25157822676624 0.450412467050908 5.94087600283698 
3.34485772496135 3.30782147052729 4.62959592516165 
3.07113804888176 3.42328413806981 4.15193214100491 
3.07802674801169 6.38057208051602 2.79743174254704 
2.79225216796199 6.16400234244563 2.97617124737533 
4.96112600695439 3.46403874484236 2.46637086169948 
5.32364590277712 3.88010523999933 2.54765524021055 
4.11121616297171 6.15327602356879 2.86524512191289 
3.96561164144215 6.3369357649713 2.83255462386426 
1.70933315356194 4.77940366057733 4.41239602917063 
1.55038459103646 4.57049826047703 4.55574599632832 
6.18106874522079 5.90455225266304 3.33216842812512 
6.07797783019296 5.83694774098145 2.84969602276113 
2.47501537333415 1.39918051834477 6.39819348043964 
3.3870959517721 0.990165551533856 5.10400346446545 
3.84145578969789 0.519585587073421 5.13025706024072 
2.84027015450982 6.21646787200508 3.2900631299549 
3.15872966565071 6.4862895094249 3.2510424792323 
3.89045217821754 0.381769190149432 4.84790352309073 
1.02909080238425 6.16697756213459 4.35148597801107 
0.997722553269432 5.59829362535506 4.26714430175065 
3.24639560590539 5.92488437179813 6.59080197572326 
6.7858811406697 3.46074431552456 0.681527697848339 
0.0195440598974595 3.8804653231756 0.882573077133234 
1.51078036908346 1.76045447900062 2.89670797002802 
1.83835091772407 1.51620947327649 2.81031391088389 
0.835027196445511 6.34485207051537 5.65213959091991 
0.48133927297498 5.97257070764517 5.76707669134625 
5.53426595088387 6.15292967875224 0.832446873279122 
5.17443232800025 6.23777149348223 0.953145374604086 
0.0291363031991585 2.85268466614129 4.74881831105114 
6.83072050433581 2.61335683665908 4.55417501232637 
5.07542878581524 1.46036849936607 4.95745317753949 
1.02887003141913 0.502143593274754 4.72137290640945 
6.90067896429492 0.253667859265963 4.97627302180777 
2.52928811165157 3.59948130350443 3.05432224222285 
2.98421364775108 3.51784585747411 3.20023570292006 
1.56494780039303 3.87498113011291 4.48144212878198 
1.92561124477679 3.63644658969442 4.0071622595278 
0.627668940958675 0.430490251107256 3.57811134167714 
1.08325310619831 2.85498844590342 4.85988981088957 
1.23316324059421 3.13915851154856 5.1141057222561 
1.23562274199761 6.29578104613823 2.08027783606936 
3.67309674381843 5.45349733568482 1.68316748399524 
3.6381506232522 5.21987578833754 1.38073479112413 
2.44599703092179 6.95978773009796 6.19269972823313 
5.70042348997095 0.0273956197084475 3.42165791221583 
1.13015632439094 0.234226724967587 5.06846967302821 
5.26635278582185 6.26447142478757 5.98929219359457 
6.75193687559546 0.8112113264712 4.60138494278747 
6.41440867285508 1.46771276095175 4.7156470326634 
3.17476892523391 3.7963444447057 0.659920180696826 
3.22096915257693 3.839316490793 1.04041277969734 
3.71898214441094 3.84211847890994 5.08768583742032 
5.09732251134187 4.09370912339611 3.97895792527036 
1.32916227741303 2.13014085836748 6.78293595220064 
0.532776083435887 0.219445650360695 2.27006758053715 
2.24878644267078 1.93113562740927 0.60159181128144 
0.0399867856787251 3.72556724627683 6.19497827850241 
0.266385513489406 3.34029721895358 6.11868940719237 
2.36980006621597 5.02476030535374 1.11763670654467 
2.44145786851916 2.77147849210234 6.78766052181837 
2.99227208994972 2.71415841807996 0.0668607684665534 
5.73845672258418 1.54536841577394 2.85871542918286 
4.46751811209414 0.715779044162698 5.06580199822351 
0.430698193525032 0.74040090327688 4.59382420708456 
0.680021512554097 0.370668230997996 4.56473787618329 
0.961404917545354 2.75295782385187 4.13305299875706 
1.10378379598201 2.86808537497624 3.90180900374041 
4.41617681663594 6.25108337540743 0.350146605166788 
4.3798422343299 5.9764343196122 0.428372565344633 
2.77590407993747 6.69893095894436 3.6447838946797 
3.14262869203019 6.73948016588425 3.39809056704555 
1.60402185139454 0.546775825062704 6.5777975116249 
1.4260502972365 0.283327602073803 6.6398220385408 
0.839469322847207 6.22627847491328 4.63968358081401 
4.54163481894858 3.88105538775671 6.76904068602315 
4.70627428738231 3.55158300722011 6.69156722855406 
3.87097644809601 4.3847790204662 3.93667988700486 
3.9112972760613 1.09332334826865 6.4825028615485 
5.85518251693719 2.75580977887554 2.25733818726503 
1.51711931912693 2.43419338585726 3.34392326367306 
0.973556355907322 2.67186557269198 3.54467255834318 
0.370075772780388 0.26786028542538 3.35616318456058 
5.26182488691309 5.3920669054356 3.43453447700003 
4.90596800147243 5.32629361555542 3.69973618893464 
5.83240883734138 1.62139307623821 4.40860430531577 
1.0710498448671 3.21312920198764 3.90724639101019 
2.97828999075096 2.95922028659131 3.98125102873944 
1.95209037495168 0.9747736589858 3.5512064176524 
1.68424384465095 3.84799723525964 4.67597574277193 
2.85790791507771 2.60693972051991 1.09019951307301 
1.83463328816598 3.15265754087677 5.5150997836582 
1.46122229177024 4.93625388737753 6.96172274430918 
1.61347692898185 4.79849681327624 6.60951964861402 
2.30082441149647 1.83467669600469 4.78295991888075 
2.24849834255642 1.72706441256816 4.65638614650312 
6.17513384981686 1.95425561228457 2.93937285910173 
3.96658173755065 6.89566576465427 0.973096743038609 
0.0516724488497237 5.66748306889641 5.23859685037685 
6.90279024596954 6.10872608821076 5.6562640031838 
1.81409200951258 3.03528213133234 1.57801004297336 
2.71788927360601 2.44704655433724 2.88089772520215 
2.42181718287684 2.48713973102259 2.5168034101367 
3.99962331777864 5.28964106278786 5.07512718043766 
5.76367545984578 6.14106223473806 5.7871988416964 
0.314453912529513 4.69950198038552 0.654024658509868 
0.546442666520158 5.49619469573502 0.841561923195022 
0.37099205233912 4.85287899178109 0.899278626382733 
0.420696976846766 5.83631278184245 0.58602809753492 
6.91010029728262 5.87098442114155 0.173739940291774 
3.92442994728248 1.6197452974662 0.173049007653793 
6.93535294966904 6.4914564034048 2.59044237634873 
0.399774345254038 5.9519895766223 3.41873725217134 
0.717609461196854 5.96543848543917 3.54027085288025 
6.18656540689652 6.17040545572699 6.00976151771845 
6.6926999520389 6.01701565064093 5.90566977740113 
4.12852097999347 6.76582900980164 4.7337703449534 
4.28246425387244 6.41614319414814 4.90856483847235 
1.8223508372723 3.45350711833714 3.84122429545393 
3.73036220031985 4.64303345474412 4.38759616924659 
1.65037407249262 3.07283188973891 6.44842925799929 
1.24030077771171 2.62584314734147 6.20682423655382 
4.19857256156072 0.774314490924385 4.15818594873152 
4.26160286840377 1.16755095512031 4.07440337330363 
3.19553901157984 3.14065725247236 3.66188471068808 
2.98673802720619 3.12766973935142 3.34828693945039 
6.20412061511428 6.23955366324295 6.91917261065969 
6.67103940604085 6.1329644406878 0.157126754295054 
6.34793389855764 1.02806931652706 6.5639548172827 
5.18987645955669 1.67611888004179 3.11551958731662 
3.69955218957151 2.41146963969149 3.62036281004176 
4.73565857731922 0.448826888526145 3.16006570543668 
4.62583332584911 5.24557910327619 5.93888790811742 
4.73770910810511 5.41001131725264 5.41524301398231 
1.77049237948906 1.96806756509015 4.32747815096486 
1.68528157234007 2.24864019334717 4.52073383424079 
6.0283987587689 2.35752683387191 0.76968722138218 
6.31049615809601 2.04575006780626 0.38393863276629 
3.39198038996248 4.57444189558561 3.85299099748052 
5.84279680416987 2.06623294219182 4.06789238973071 
5.8059420564075 1.73676576254026 4.4360795153042 
3.92658882451228 4.47749760181132 4.04308707430962 
1.64857209484175 2.50086821644309 0.41882066082189 
0.156735172231822 2.76933764017973 0.715889682669601 
5.5352941104785 0.0660506271725699 3.12575131145443 
4.16356751462281 5.19148688901969 0.0178412505441865 
3.64628884507541 4.05229613006142 5.70008944952593 
3.02781034882334 2.78174423499646 2.08269454202626 
5.30285087511987 5.48465653313286 2.01694029968653 
5.37893137350646 5.3202032845709 1.95491871009896 
5.79940478300327 1.47167446234592 2.15970050448488 
5.75011799923427 1.6932407896695 2.32301757735316 
6.62020574926956 0.977935053140296 2.10024225179988 
0.0181747940307792 1.31687459539589 2.22462039187983 
1.8696734474556 3.61761897731731 3.58260334152924 
2.19643072249189 3.30628569393842 3.11782323636633 
0.188370449083866 3.73461676722374 5.33299245570461 
6.79798395403125 4.03003993781224 6.86885895630355 
2.23751965052407 0.730640412792353 1.95323793720065 
4.58022053088431 1.35458969638368 4.91643726503458 
4.39579565809383 1.47087069900359 4.32905427252859 
2.84265546653502 1.32705515262297 5.74724049801399 
3.10683246643803 1.19872062477921 5.70320687785766 
2.5116662135369 2.62777696091108 2.1949186615716 
4.85888454189305 5.03914415521407 1.20884784311275 
6.88588189372621 5.4171181755257 1.21067665055115 
0.299478374909147 5.71467029038767 1.04225951647132 
6.94429600497766 3.03156108602217 0.950911523589997 
0.225985211976791 3.10941163286159 1.30000383810509 
0.806558903398444 1.58587421972897 2.80385871708692 
2.73019542290926 5.22657901071541 5.68308775360579 
5.45733898789165 1.60682636172972 0.796177854360518 
5.44784922872497 1.6630972692265 1.11470389330998 
4.95719754520611 5.18031971655605 1.78159185523028 
2.61350842103352 4.71120745073331 6.8473507535778 
2.39855487338596 4.93008696804458 6.77743448689585 
0.661055413797472 3.61641759543443 1.33488505579214 
1.55968778669814 4.55239133802924 3.95168680787505 
6.55890399359952 5.1638675358142 2.9128959277421 
6.7903936737133 5.19012641798715 2.79710155429436 
1.21589068304094 5.53073635057327 1.37853594624471 
3.37936051198523 6.27600217842027 5.65588970554697 
3.56822651451291 6.02873404587951 5.57731416965432 
6.50109159601082 4.05909896232731 1.87080265162597 
6.41773024838927 1.32778209670875 4.83339064813166 
2.73096724453659 5.5507843658854 3.68547707534204 
2.86721496296714 5.58136180152717 3.57154055425733 
2.70905194124248 1.49637445808311 6.33103946185625 
2.72399400991678 1.96219387148631 6.32459501319653 
6.25286974611342 4.13484599675181 2.23484556677978 
6.12060773558441 3.77426680512915 2.38329207277421 
5.44836448910882 3.80161384321002 2.91154862000063 
4.85268208338474 0.457750151817773 5.4277916618674 
4.96046139465669 0.107971066166973 5.3780955070119 
2.26087986687483 1.50545075289425 0.621606764644068 
2.83505876195568 1.45022979338673 0.745566935444818 
3.15271922913736 2.09992908641818 6.76016156713226 
4.45001550343821 4.25414148095528 5.8486180393838 
0.414601456637627 1.20477724653093 2.06179637070898 
2.45100438027014 5.33640154521583 6.1995587233178 
2.0734996017596 5.00935015651793 6.15055309699403 
6.5891025470714 1.27329119705035 6.2451912605038 
6.47564547025434 1.6607489130186 6.19926122501402 
2.80650856764178 6.31475081243957 6.32015340238794 
2.64111176108624 6.65049956117987 6.50943589962692 
2.66319379647448 5.2989123479753 6.58528896135834 
6.32197956409919 2.31630793606042 1.01286647480253 
5.61352032527929 2.05156166692912 3.43268920105742 
5.41629063847793 1.62770389454184 3.1900155298945 
5.80729147187888 2.02205019658448 1.39725868513292 
5.66481791396305 2.29299909949653 2.04115031850942 
3.38313614403654 1.88870640890672 3.89334268593517 
3.58369696812266 2.30865078615078 3.90516850206395 
3.37373060541131 4.63143940703098 3.91453200961879 
1.02605898736857 4.14205846095027 1.53996943195811 
0.762349222009719 3.74102932630671 1.62020199454011 
2.13727706600806 4.39850853728665 6.4300348588549 
3.08889817197988 2.69158542467051 4.15360874022248 
2.90545623770187 2.57669959731655 4.16738529740845 
3.67456551057852 1.25683433796931 3.49155066846852 
3.98203554728846 1.38084416092631 3.18736802284083 
2.89978725455379 5.5433226367638 6.75370382421806 
0.372797424370639 1.2203913285425 4.04456198631573 
2.74292224482145 0.870606915609574 4.51451424435599 
3.88279106628886 1.71236056284915 3.0663160313947 
1.85458616529443 2.79317480078013 1.68598959718598 
2.05813505047898 2.43305247238688 1.44830220476258 
0.701410319665287 5.58688473824536 4.9915829229812 
0.860367104882463 5.29667760195425 4.72700476248416 
5.98410280186041 6.98948220752164 1.57614491684732 
5.81744913307726 6.94786054570323 1.81979975681804 
0.197297566284749 1.84572387121968 6.3924252179573 
6.93604556852378 1.98249578305294 6.30293086193425 
2.77487008142035 3.58253720444193 1.30312623047306 
5.33923603001893 2.97634986088243 3.65982722152757 
4.67590004458733 2.30683459156777 6.63852605305216 
2.72217505575404 6.0868930544362 0.857764065525918 
2.75481866617782 6.21742479679323 1.28151736813742 
1.6404302252863 0.0252789456016643 4.98827155136651 
1.84634643979207 0.157074896119376 5.29768633620562 
6.10952924407019 5.04116033664423 1.89346734390466 
5.82697124035032 5.29075968369719 1.61976156920406 
5.1769282598294 5.54172955019278 4.48087949837661 
2.45726405733521 0.74385064892028 4.76748868633643 
2.29495784954471 0.95681398038914 4.61440485365179 
5.87373735433921 0.177821261511242 1.87137488486141 
6.02722123954547 0.192346941292382 1.63447257549333 
1.43410693799285 1.11002322837869 4.50681145464759 
5.62128926180399 6.79713689091882 4.76107736810514 
5.6478756116633 6.6391828843925 4.73730917650376 
2.4196571050474 2.13292878899833 6.39909168612679 
6.2903878596411 2.19100587682924 1.26093426858935 
6.43095971343484 2.57260653852787 1.67348953275904 
1.5202072522396 6.58845127001178 3.98196871067487 
1.15522201622346 6.63382282576164 3.84541973210063 
3.70776113884544 4.68204044336133 4.12418434420601 
3.78772222665109 5.32882263105681 3.99903715500367 
3.26080116916739 5.87465894324894 4.64036568150344 
0.830468905678753 1.0810535541796 4.80558193008651 
0.996710384501226 0.992453375155673 4.8364771393987 
4.98143910563534 5.40084791105466 4.35101582331962 
4.66748211338404 4.95344240492943 4.7929990938436 
1.50381437647033 0.0485845987298739 6.30736618494551 
0.0835990138019392 4.92783159345353 2.6758193153528 
0.0536993801601916 4.58459055186984 2.69460802647547 
0.0230478476839782 5.89861537895111 4.73889311959501 
6.89014256282319 6.19792373518627 4.70005285658756 
1.65664987377494 1.75829356107599 3.48423841088826 
1.94106799940107 1.54632961552323 3.34135268032202 
1.63095739780052 0.146697624677739 6.19182643607075 
1.73998743994178 0.510494030695443 6.33691176895592 
5.64219472779256 1.36358098983339 1.37227500127967 
5.4289904187073 1.23491458045851 1.5340709453528 
4.95453648988282 5.8872109081817 6.47250002752713 
6.57618217225387 0.53936217347874 1.51811810615911 
1.43346443708116 4.39817107071926 4.3618414708457 
0.802755496513047 4.33654728506326 4.30798940022613 
5.9319161060395 0.895020102231005 1.11177909171908 
5.76331138121851 0.650228593290839 1.2188257257958 
0.635066652767347 5.73583839371268 4.74562138833523 
0.773486113042595 5.47345795206908 4.50466943916042 
4.51511069598504 4.71250620644346 2.07521541916609 
1.92298080986131 0.355147295669336 0.459121913339096 
6.57295600397848 1.46638089634081 5.17115679843171 
6.30629421986073 1.39813460229941 5.55876733653113 
5.86320075648164 0.515578209305548 3.76499209644121 
5.81577948199863 0.823531238058565 3.65254126413393 
4.4838454323316 4.68097926088801 2.88695794145475 
0.265275727945034 2.02745098497921 6.69580041910693 
6.98629629887052 2.26823062872351 6.69326994394756 
6.57037566799916 4.34819585404618 6.86215392463716 
6.56789827483881 4.68516449187177 0.211071117324051 
6.64185701333029 1.76972805672106 1.23307313179677 
3.03906254815758 6.43113263528491 1.31768619121915 
1.51036745136187 5.50460002727315 2.80347548197085 
1.06841344253643 6.14764915366783 5.36395191452993 
0.911817776912326 5.73445220412042 5.32353144035748 
5.22507901330904 6.06635566489039 6.43992402733033 
2.58657159880546 6.74317397208357 0.231346180817256 
5.46596347031328 6.78521382883454 4.70242471579491 
5.48268709110567 6.62506922692097 4.67410748845838 
0.41056456242957 0.37297065314047 5.90102738125815 
1.43556457745347 5.08725480278522 2.52930595740069 
1.73853356947429 5.33341108179881 2.65662279038035 
2.53380432403798 2.80444031688342 3.27270423684534 
5.91073429503921 1.03245989135623 4.92039881118493 
5.78137575467014 1.05980523670034 5.38677791415829 
4.97532739747439 2.33891239233537 4.01221878488601 
4.70898064442622 2.12981311433874 3.88425606162906 
6.37507694534274 2.18711480534976 3.60877959988219 
3.25098599879767 1.03039518628845 4.67340653299905 
3.32289663311783 1.45303876040457 4.60895455540368 
3.87229844980035 5.69789590563552 5.02460484150879 
3.13821304388654 2.53337998453717 1.71116827914508 
1.59927214480482 6.87018291753828 6.31756805097518 
1.71798560403935 3.79659326414651 5.92794047532362 
2.19603376002637 4.21838945869067 5.94531367993792 
2.83113198347601 5.69656877972668 2.90325489190832 
3.57215048338851 5.4825357698239 3.7730446600996 
3.2854409778291 5.26396365887501 3.64080604909525 
2.58667412193147 5.0558848862522 5.51110960155273 
2.13659786654221 4.83613990389544 5.70324576502342 
5.64261861546606 5.46033552775437 0.607470880615681 
1.4574778373871 1.38816425640321 1.040337349214 
2.05699208036724 2.80221255329741 4.5911458572845 
1.67339578765511 2.52077662498628 4.43143039223328 
4.70495772903787 4.94360091747131 4.92113509788035 
5.17527160451928 5.31817864772767 5.11881194696845 
3.73251135668706 4.21442335868017 0.475140405389747 
6.49158775209432 0.310458771754636 1.64360350737357 
5.91252427355479 1.5926795859014 4.10521808917282 
5.88807066463785 1.98256121464908 3.93187639429129 
1.71758542144836 2.82046217087713 0.453763009363143 
3.63896110028748 4.77490583351926 0.169350352714058 
6.51335983894902 5.39387216006889 2.54783941161123 
6.55123477418673 6.05199171725275 2.36140103875718 
1.94827191229249 6.8253232729568 0.505533673191703 
2.26510573957143 6.56444200213217 0.317076854533068 
6.4379328492706 3.62340862382735 1.96703643122079 
6.20176650627249 3.60344428992532 2.30118274748182 
0.0106946943290051 4.19434157280389 3.47859660410208 
2.82079317998287 2.09514896244844 5.92531909337459 
2.857828168733 1.67602346588632 5.57062603254993 
0.907672809201519 0.325395517423774 3.57109768700763 
5.19295479181255 4.11505787275479 5.52104051774557 
4.80038692081355 4.05187266623367 5.52927604572083 
4.90201199470409 2.38188593095575 2.90014294064439 
3.75478988186772 4.17665140860604 5.49210259365596 
2.24932534983224 2.95845420319549 3.1967598462743 
6.00188459687747 1.25366043157697 6.78555940864479 
4.75302381211261 5.1735822356513 6.09253442052354 
5.45667677534304 4.98494056645796 5.94890719803649 
1.71532371239966 1.77816589803149 6.11720644354561 
4.13738290592085 2.61993279990725 5.27322577318973 
6.55378777992306 6.06616237397429 2.05096704850796 
4.32521817565582 2.3969423188919 5.0394445236998 
4.80310706166308 2.63153193513756 4.7790584172916 
6.9901439247109 3.02697721116205 3.30918804233582 
0.285585522635104 3.5134661689351 3.38985423479765 
6.83015693764398 4.64693507078903 4.5232575307524 
6.27286119383514 4.76154339316052 3.61637256138333 
2.70184608888932 3.46047589332402 6.35603021086712 
1.92939894448927 1.18349617337302 0.265582294422846 
2.12015119888286 1.34618796031434 0.225913833747326 
1.16301580717929 2.60448159934248 2.24521321650901 
2.45457863914797 0.720610990966512 5.09872806762249 
2.21547980844532 1.08355392601008 5.33607878607018 
6.37534042569062 1.87094009886943 5.59030337870881 
6.27427395075077 1.71899816340218 5.72148883878166 
3.49813417971138 5.86347702726498 4.49701135794278 
3.83330713090506 5.79363224636739 4.65680427691504 
4.32960903944461 3.0789499521989 1.9725123483609 
4.6114356422931 0.125185683066042 5.8950055292223 
3.64925454006707 1.68626508785852 0.608843094246344 
5.00296738505714 5.46938378634116 6.52648889180234 
4.19707392445782 4.47495933356505 2.98987772120192 
4.1289817059075 4.22365324959008 2.78319226432626 
3.50768724416757 4.63543471666029 5.37292425100209 
3.84491699201778 5.02999621679708 5.39688460238003 
3.3890418861878 1.65353855560743 3.44797969452628 
3.52153431667122 1.85067495561562 3.23441134935003 
6.62299332870531 4.56465586022443 3.91500604452436 
6.66495149271109 4.2504448623639 3.65417125235742 
5.31715541332615 2.28918116539712 3.43107781157624 
5.03995764501588 2.1049798550658 3.26181980447466 
2.34029347467596 1.86320791967881 3.62429385090221 
1.91715363925949 2.05054131961652 3.73993327911438 
4.68010980325215 1.2201430166062 6.98300298792427 
4.58729084760334 1.69048062278677 0.410184725705968 
0.778630778214999 1.65402572013071 4.3360104032834 
4.82424221259548 6.89838835195824 5.67642845714514 
1.94730274777062 1.87709356085957 6.83455357643024 
2.1474712932175 1.84346839911558 6.45871374882342 
0.570403973906288 4.1710286289705 2.58264150029728 
2.10406737002409 3.59276256988974 4.61757996935105 
2.2016618158866 3.50906408888074 4.2559036396893 
6.3065825900168 2.66453095833269 4.27102898716756 
4.87686575495537 3.85196601235161 5.50585379363254 
5.22024623095839 3.95804858828941 5.49837594362519 
4.92480940530478 3.31985494449814 3.79094282969156 
4.57648818194104 3.10558599292985 4.09122765856362 
6.25385301094578 6.20710720727923 1.84896876073196 
0.954758191815964 2.31542598906949 6.37401899900745 
5.04261874609982 6.66391242325867 3.68970387223978 
4.3845024967674 0.976795067694371 6.80248799747198 
4.65098570369344 5.92564532524 0.397419840263147 
4.754940232846 6.20602729995533 0.308901164329254 
4.89088882506851 0.990061420226626 0.307157150607588 
4.77949832712877 1.44222715707957 0.683451435613791 
6.7212783728736 4.94125280343269 6.44738892947379 
6.81633655618179 4.57408546839338 0.897216123513271 
6.98660975937289 4.51509655123286 0.657954624578471 
0.792785041569894 0.154315297091355 5.71463295647285 
0.65526585005388 6.84805719315207 5.44643535453647 
2.81447133900686 3.86347071771037 6.61574145217694 
3.39302720844182 3.69275112807456 6.85284268023537 
4.10200878931285 2.3556040096274 4.87908677998346 
3.91105388003059 2.5179216169704 5.01351532615411 
2.06733790482412 0.206485611386775 0.558465252475089 
2.54461522114884 0.166274000049842 0.351646152457261 
5.17062845610662 2.74960572165244 4.91873387071075 
5.04206149015532 2.50476472270567 4.78114283530191 
2.10705680205884 0.285455747848187 1.77065349965679 
2.21640629078925 0.183160232698432 1.47211431186951 
1.85371996530177 1.14920233813654 5.86806757449025 
0.776159828848008 2.31452422288211 6.69230510203435 
0.560650897916046 2.82299963110821 6.78107943928354 
4.64937945239816 1.80275540802739 5.28014158028677 
2.20408534063078 0.101496349355951 1.8811957337834 
2.3141205825901 0.0117953396984041 1.56090943198477 
3.46354657829137 0.867847331771297 3.47068740638344 
3.63708650681289 0.652738098219011 3.89918253811776 
4.19205402642111 4.94297651195454 5.47912319171526 
4.29330769343887 4.34441905731453 5.5710728810612 
3.40452740669745 2.96528791674247 6.90430900473832 
3.50254748351621 2.23675704006121 1.82144431971986 
3.35208681276051 1.79876148814747 1.74575447416017 
3.87944626826303 0.661539629388032 0.117456903259624 
4.07620744609276 1.04863739361261 6.84087287673063 
1.05503983893369 6.54423638133648 6.1629146674648 
1.40343292905628 6.50459607544672 6.23582075211915 
5.92159766285431 6.60608883792717 0.827984141630519 
5.70916686365467 6.85696709384205 0.992319312525491 
2.43801070668905 2.66844031155078 3.56261680419017 
4.18906688921967 6.82668899189168 5.95977872474809 
0.209218286141166 5.48547162728334 3.47643671335681 
4.21247550714076 6.22502638326867 5.11848622415419 
3.93308923992358 6.35678150212859 5.46010313771577 
0.542982820357028 3.83389615524814 2.66512472873571 
0.145139400453211 3.75306250764762 2.99337159838411 
2.71804353052439 2.80764708811199 3.98413023106132 
2.21650745830718 3.01613780626793 4.15768296393844 
3.53349454956022 0.547773280213253 3.18613438761312 
3.73279916554956 0.249520638029496 3.50005227604348 
2.09891497068006 2.92456195105069 0.980857404962952 
1.93875785186926 3.13970338387462 1.15240319183195 
1.58675762970745 0.903726252395541 5.97399576888301 
0.269707765137771 4.86039290045689 4.00979401518901 
6.91828803010868 4.84039554217487 4.08128488485884 
5.55645180731838 3.74584441458232 4.2798318415018 
5.63058342167785 3.67175317476656 4.60106773552405 
6.726058769374 1.76219095757297 3.20060090662091 
5.01852917730993 6.23128268492292 3.31358510994268 
5.14817499004086 6.6357370323458 3.55093053062905 
1.90574248284571 6.31724980754734 3.44581191526913 
1.45820398186804 1.86507061250487 6.71370282955502 
1.39096281894243 1.79012654122135 6.31803036191273 
2.48487058885322 2.27227862272358 1.7738649140809 
6.69839715389068 5.10863985251914 6.52728915846253 
4.41354430690138 1.53455114332594 5.10194520509873 
3.21836956590553 5.85215822651915 5.28367699434702 
3.50284382010564 5.76240766423171 5.35870775574677 
1.25483892435164 3.14773607350228 0.567813919405931 
1.27288393418292 3.26083799498381 0.756178625782693 
4.39850908193598 4.21792936411616 2.4549515542884 
4.58763306658274 4.45288187250885 2.48306235645191 
2.55243401932614 0.0166366575404119 4.32418873592383 
1.77656462530493 1.34243411795803 5.30019290792873 
1.01902645620259 1.04777407147975 5.01681090205637 
4.64731391636295 6.17143874763122 3.56286530712166 
4.67297482979257 6.37492155305841 3.776688167535 
6.63808327379401 1.05774105599289 0.820961899494847 
2.70003779249594 3.74051109101618 4.25155508814757 
2.81129839070722 0.781665160263689 5.49971223651135 
2.58122396337176 1.07295377498029 5.65612909447159 
1.26489134167176 5.63941657580673 0.0942921604503063 
1.29826000871091 5.83925199588199 6.7993023112749 
2.94823509639245 1.80895370867569 1.59281316672927 
2.78883598633591 2.25607238470583 1.57019220974644 
3.97133810373181 5.22698580651674 6.1928936701202 
3.89536331551869 5.61917536694623 6.28184682051916 
6.30223500490306 0.864181154622365 3.65159032929135 
0.215961022734174 4.47356675355897 2.84437502671672 
6.7052063364021 1.95523510597935 3.57326575122144 
5.08366236458225 3.69184795042367 4.13238198724021 
4.7647758936927 3.53022837025995 4.44662599067583 
4.43292881898522 5.05097063555186 2.87799525667552 
4.36152423640931 5.44190369076369 2.41377918506075 
1.64258716805271 1.99414567524709 1.0922077992099 
1.68434584115713 1.53186417273337 1.13565823387812 
1.42799915034282 4.40379124441138 6.68142840446737 
3.07727024936123 1.01887433800688 0.823149007447592 
3.53009485009625 1.12451228144772 0.85355210675734 
1.70850827099553 1.51318102470218 1.61090989232633 
5.04296782334216 2.90906202589899 0.365014127299819 
3.28428708977472 1.77093944522824 6.92626723913666 
4.40209116373912 0.606684119428564 6.99750182088845 
3.98973921454094 0.543920508789848 0.152428104424408 
3.57188641855564 0.566339326502113 1.49561361601856 
3.74360075269639 0.988357024997046 1.07977087596844 
3.62166191058912 5.26812548757965 6.02732605792543 
3.63518365830134 5.61354051418102 6.14003898272591 
0.427335971748606 4.62785005729199 3.71040881681419 
1.50509951318742 4.02455452115998 0.742082898718294 
1.21918279025394 3.55113536553164 0.62525980658617 
0.00638117812924526 5.33259662274768 6.63243937330156 
0.241774878701377 3.66236386646454 3.62515483203014 
6.53930314838213 0.90655955233028 0.862958986617546 
6.37893078979659 0.849528013373106 0.619461976464005 
1.85332146553296 1.10084567427631 5.52497779535953 
3.62885555861989 2.84411253449803 6.74767153212698 
5.48751266079658 4.37663060528609 4.2361831068612 
5.4629813686907 4.16346902720732 4.07035018363756 
0.535783827599027 3.69828424508849 3.76479547197455 
3.96452708080506 5.37249229785942 2.94208322816941 
3.96014438803157 5.53917548895513 2.72112054538316 
1.15397517230496 5.40628809166456 6.89905819880794 
1.16778595623443 5.53445086618646 6.66057934800561 
0.716408563041065 4.37037788233067 3.84881281476374 
1.10761375828448 4.5281433918902 3.61840267876022 
5.2668156871459 1.31593433876693 6.44173869876451 
5.1434129840673 1.23491629735816 6.15859370597569 
6.91302456150073 0.363636993388915 5.6456417268931 
6.83496065994813 0.148957405733075 5.27513217437313 
0.0194049943567628 2.38633928107732 0.679956760618964 
3.00803938463533 2.15137763229943 0.525827143554956 
2.74926764799852 2.0007931646876 0.755975379287241 
4.0587201647305 3.09348488152897 2.49921780255654 
4.021718129345 2.93080809989746 2.56047139053977 
2.25257173244285 0.0448623131260838 3.58134480039992 
2.49189200723754 0.0736967136382253 3.6666287047177 
1.08178060115954 4.20800144036265 6.39239457092293 
1.19874689774732 3.87322747259841 6.28393429782699 
1.6716168569893 5.98459309309002 1.03743846063183 
1.58401825621525 5.78664293482687 1.36823570736046 
6.52288184452487 2.15907074153977 0.875399656079942 
6.42815473635186 1.99925510073483 0.439837235850332 
2.91848206050443 1.57041666843095 0.777928141832073 
3.21088266931338 1.81699229985234 0.48416702586217 
4.60716748691256 3.12988339455534 5.36080373309369 
4.22524015569091 2.9730151450846 5.41717364255286 
6.76487154987106 5.92869234580724 0.759981646707023 
6.73752870133757 5.89811981795196 0.260939419149092 
1.19187674454899 3.39318661766397 2.75762601535493 
0.979636761326265 3.26168080258777 2.28807343920711 
1.62905416346692 4.14076607712302 6.64624592050509 
1.41904769990145 3.81877776272941 6.35954033098666 
1.16623424882496 2.94293894014393 2.82852938715911 
0.986175260466451 2.80543957946807 2.40445138044313 
1.04745572932294 4.15187299537034 0.905207504752641 
0.870018739992351 3.91750483472683 0.831254106081603 
4.91380872086579 1.40900022569914 6.56601433279809 
4.79545564908697 1.31455464683689 6.27142538646045 
1.70555774325446 1.68337959600341 1.69500326736543 
1.6696358968866 2.09103152403441 1.40744822909272 
3.47618804666508 1.09708346287804 6.3798204318274 
3.04024054953584 1.35231651036025 6.67174425901572 
6.54612505700508 1.17403746749731 0.436210760764553 
6.45182351976282 1.09222604979959 0.385386872544019 
2.75894672264183 1.63925277148958 1.79230730125425 
4.29274523692073 2.19833695474949 2.45749922415982 
1.56010117823642 4.71607875491776 0.66063133198219 
3.31573100277252 0.916097165333647 2.21339807902509 
1.84399901727246 0.177076786686574 4.60943610778904 
3.0690263733036 1.02936180410366 2.22468898619416 
3.09477374963727 1.42040382633378 2.24287850191516 
2.4516763713497 6.82001258441282 5.66073944973796 
3.760340943154 5.62568649625982 0.559785042559061 
4.02158732279378 5.84863038668011 0.873564082647877 
1.14287376198283 0.443477541941697 5.46191571409951 
1.47378473464857 0.447650571066666 5.61002280539566 
5.60507836025292 0.897061400943219 3.3201471185764 
5.4138555266831 0.441118914552844 3.01803932390104 
4.79131102211149 3.1080403224731 5.855248209898 
4.18426380805794 1.29877720491137 5.36042349997301 
1.4926065086866 0.757431413855047 5.64826512699932 
1.1056107693874 0.723925638473493 5.46820173701124 
1.74811068529821 0.00794315824551108 4.10428032319538 
3.34719813012066 6.38029984960681 6.87587396140373 
3.12681359238884 6.49707815789916 6.50495726250931 
4.08691120210572 2.44181535119906 2.2534695177743 
1.90743663874703 1.43857131761817 1.75052236605157 
2.48474567914769 1.20070255941293 1.54619798564154 
6.52785949681607 5.58858020021637 0.999052067825567 
6.21405935695763 5.22328339516835 0.736880594405601 
1.46566575931736 0.361585022613411 4.09292179871725 
1.50302462620997 0.48004353872181 4.35912493463685 
5.11360872694087 5.82448564480696 5.2620874851243 
5.05230845340675 6.21328561265916 4.80607903468261 
0.170586984659418 1.82236605356559 4.24844900828747 
0.169748695906373 2.32436275575358 3.94961054072836 
3.56011139611498 1.23624875534718 2.19619306462976 
3.35810258707274 1.51012757692522 2.20164350591901 
0.704912099209922 1.66290407965225 4.24591986861582 
0.60371750225345 2.32386412187996 3.87378137519458 
3.80928904720745 3.20554898932535 5.92583264290664 
1.93533008013552 4.17306058979715 0.796373253165013 
2.00511968963169 4.60657291966663 0.846942721844568 
4.58200806687109 2.97910936875508 5.98191980887459 
4.18323646271077 2.90583957476465 5.64018869042397 
2.01778004059005 6.81147686845235 5.60471783562333 
1.93063332563045 6.34160306874941 5.47444811433671 
5.91423823899117 5.33673928599649 0.928228173262404 
3.11922600040927 0.931134023825127 3.41871595851835 
2.73597884727421 0.800839540088202 3.77843618557904 
4.99121895027092 2.1547245412498 2.41716047316801 
1.39756745908176 4.42556951573311 0.566286633871714 
1.58674124565139 4.12824588228164 0.625543310799567 
0.692058481722761 3.3167099043265 6.25972864114137 
1.87197289151487 0.969761650422656 2.04678868299131 
5.6867814193456 0.681227775359897 2.47680497299635 
2.94953728618272 0.61916465002634 3.11486737618524 
2.57191379750239 0.482440192136499 3.45625840902426 
2.10725656814158 3.09047658665815 6.87261482712176 
1.91387028592001 3.06282674576 6.86843603558121 
2.13689705958286 3.00395450678576 6.94771985774696 
1.94196647178083 2.92657571253385 6.9882032805706 
0.677272969490287 1.36072603959677 2.76305120704977 
0.800024406800943 1.04926970430028 2.76942499817209 
0.617500893211294 1.21623338203034 2.23180538936011 
0.78832250220053 0.878839306012984 2.42467961453934 
6.19595934909458 3.00012709331845 3.06610421915629 
3.89532803420455 2.05701008479346 6.65247277259329 
6.43060147912338 0.76323760543536 2.40209084830007 
4.6381385806781 2.06588614122064 2.20083671056637 
0.654447438636613 3.24358916217688 5.69549527857829 
0.762396750712936 2.92072700367219 5.60467882207828 
5.9992455223875 3.23755722435077 3.22363531057263 
4.91590643155738 3.47817385694452 0.601931437179505 
4.98910216477432 3.21632883498528 0.293333692433244 
1.04098089293156 2.68124716097603 6.19972902128085 
0.803034658047283 3.16656571258139 6.42591576327629 
0.366729505388008 4.38502208374315 6.4094068978776 
0.661131467282165 4.22519545316567 6.63679217283543 
2.22855764050068 6.45104025959872 1.39942947704044 
0.239119088897547 4.05124597343405 6.53594053531288 
0.537732503970347 3.9935749577849 6.69381484744568 
2.15657601491508 2.76582058570698 3.57573707776758 
2.00476204825667 2.96014141432009 3.88826682946385 
0.515912721288036 1.92320769947386 6.09346486450879 
0.689665266694986 1.7014202972947 5.98101714082928 
1.5972933930185 6.02394795483811 1.48100032378516 
4.56202123701425 6.41236479546235 5.03425445707501 
1.3840750180219 0.846401913278939 2.74215538753798 
1.82478756494693 1.14121450369526 2.72644323031261 
6.53686080827028 3.44577728175291 0.113628174011801 
3.75607603143913 1.71059364896567 6.84843018805205 
3.81341841626591 1.25949379918278 6.44666134097955 
5.86425635857686 0.951520350219192 2.52816207119508 
5.87976434736442 1.12082016280041 2.93645290624166 
5.41910612290295 3.00655807957806 3.24687351900743 
2.58784430860974 3.1820943303637 0.600795827755836 
2.49992085011919 3.10206830771062 0.902358792494362 
5.89672132167471 4.33016239195298 0.197274112370158 
5.76760579435108 4.01205140663227 0.570343476152666 
5.9822241905885 4.09319737546522 6.96087198228207 
5.89377115719559 3.72600591446166 0.242922575123882 
4.54933928046468 3.60010040213371 0.441873652516729 
4.67076083124356 3.30160776796438 0.113282804579864 
2.72377487704254 6.26357926690078 5.68773722326986 
2.5077297443815 5.98955574141151 5.68888982492269 
2.59568558019487 6.45640865436723 5.52248952040082 
2.19414588508946 6.23737314926946 5.4287556173212 
1.08748693292335 2.14290101438621 0.000346088662495626 
6.7195888186718 1.29847998712284 4.17176738373807 
6.94127226284737 1.44014450672851 4.05301082795189 
3.21707792780585 6.45048132565132 1.03900925823049 
5.1731755073218 2.78708741540312 2.86738982861659 
5.42234310932158 2.78194597980173 3.11057570541882 
1.33369534323272 0.136136350728138 2.1870352189749 
1.62275534316857 0.388380728986587 1.80995832312533 
3.17839366534309 3.56959823046511 4.9113195579575 
3.60909781285937 3.09336516188758 6.49275868679181 
1.83635100912461 2.50650836449325 3.65493751222376 
1.72934831750374 2.70698760875199 3.93271789974878 
5.38926390112773 1.13861426285463 3.47824491749077 
6.5631434980657 1.33173145975003 3.97915487039023 
6.76336310072172 1.48912638992926 3.81256508737107 
5.37487860816673 1.062252132024 4.04352177743878 
5.55817082562207 1.11199292340813 3.82041882533168 
2.33515100491727 1.99207106821984 2.4854482710676 
1.88477810577797 1.78168245794351 2.5336527958905 
0.680171556366302 3.79366576481155 4.49393990672029 
5.9572277004347 2.94854703624119 4.28690700034012 
6.5502064929865 2.99266106332946 6.77995642417663 
6.58962792052308 3.11605569337414 6.41984424372605 
3.38564952221795 3.19923155253564 6.67035948610944 
2.8746663172104 3.22583098167592 6.35449409690085 
2.64658050306433 3.57540127123761 0.711208398381216 
2.53687368591345 3.48181568946402 1.0397135169132 
0.99015663467094 3.58665176185179 4.56825784499632 
1.57155722798775 0.806189875401053 1.96696882054479 
1.28724759917081 0.691474778677133 2.36041213511043 
6.3283417041876 4.11994145079366 6.77642185329507 
5.12550897122656 3.28702861158515 3.10196509029915 
4.98912625620828 3.18896039498749 2.93061804703367 
6.72165815446086 0.591041818516512 1.82901104745718 
3.41398599551987 1.50600292784486 5.47361673064266 
3.54435776849265 1.40883841183779 5.22948980694363 
3.00621947240116 6.56766566855419 0.433132825654751 
3.01782533052166 6.24800117677738 0.71657175134072 
6.49139064627157 0.440488911996521 4.64248434699864 
6.10282809519465 0.471802295731786 4.77923170974866 
2.75875255332694 3.8992147352682 4.65656512048673 
2.53996288434655 3.86870266855831 4.82851360091828 
4.51506176055715 3.43826425716271 6.3506324824354 
4.15441202930655 3.83662194702286 6.33424124552888 
3.98350515566359 3.33850706860473 6.27000187759792 
4.3895978509551 3.23494313795502 6.34015496016363 
6.63423644696014 3.63174318773941 6.37366443635005 
6.58499567264315 3.85981786169062 6.79833866684304 
2.53873179243183 2.39833330046718 5.8677292276688 
2.23080858652395 2.41154049861448 5.6057114411279 
5.27797030534907 3.28003371178891 6.01284845626786 
3.57477607596563 2.45335224548031 5.8064362464956 
2.36417023134203 2.42669028987784 6.06473844747142 
2.06213952486013 2.43568772098239 5.80013057272178 
5.55517228963992 3.53436117690312 5.85196677181397 
6.37622932641121 0.274834689744793 4.39346212841136 
5.99369995956184 0.313369731519309 4.54928028197597 
6.75394490158285 1.98670006399115 2.51760661267799 
1.90684436162411 1.62137643812759 1.84264670013289 
2.42115080873924 1.9072220399943 1.93963571514896 
3.45247914436348 2.40812763066729 5.71298628799556 
3.03012067303945 2.76471221176533 5.68410839849095 
5.83219777917981 3.12944667203644 4.68405395415139 
5.84594444194125 3.53371115360839 4.59335983823944 
4.57036079182634 2.22728069487963 1.84657828699143 
4.68599612307292 2.40018852383578 1.74836642450493 
6.05041116171737 4.15474322354002 6.27517157828676 
6.26948478461287 3.80271049164438 6.04415896259984 
0.242130889581676 0.662722697306478 1.81844975650943 
0.406261104963375 0.191315477523683 2.06510619768952 
3.54463842288997 4.20536274656624 2.24418321701584 
4.9485411262733 1.07065185494692 3.47993159908399 
4.8776355613358 1.05541781722383 3.76053808176075 
6.60256933368432 6.82512884568604 1.48199066428896 
1.13047735478022 5.25432729987459 3.56009250264323 
3.54794616723138 3.01576361583941 6.03758456935495 
3.15860165546062 3.11425856184773 5.90442118021007 
0.761582098838048 1.81071030203924 0.761183862253328 
0.709318047786954 1.69334209803875 0.323780215957679 
0.254356417593311 6.45977355800083 2.89476711283789 
0.920684814191945 1.73264199855912 0.309171120212198 
0.977760764496738 1.83261521340614 0.708361769362508 
6.65247076912062 0.413730428019066 1.91207244728135 
5.77221283200689 2.32753888676364 6.24647718845331 
5.98462044216169 2.8034972431573 6.42484625241662 
5.34168001430228 3.52143680584741 6.58639561594126 
0.0262984469411737 1.83379592739346 2.88945741373405 
0.460510364130317 6.80270824663942 2.85442540512844 
4.32974464568588 2.40842618657121 1.81123557832389 
4.41071630381808 2.54336341580806 1.74225923482659 
6.52463728105998 6.50601246976901 0.890516890532269 
6.78870955387808 6.75389970682106 1.10661470277544 
6.33220772170601 6.68285333034033 1.47569924817503 
6.27073803157492 6.47293084641896 1.06268936335627 
3.28456009223722 5.07975090016011 6.19498295314701 
2.89848400567314 5.25740028718935 6.60352189421496 
1.48305485512247 0.595452845481704 3.03052475257335 
1.11433409934418 0.631819975432702 3.46660977297809 
3.30670561280351 4.78813174458571 6.4509856792745 
3.00475973214359 4.94623061293525 6.74790862800994 
0.965136646508294 2.82600410951288 0.536679296121104 
0.393131688759836 5.99011045553026 2.68376125404126 
4.0560110074679 4.37220316299212 1.8001412905561 
4.03187586037861 4.24553418912806 1.89381024609227 
0.452666048245214 5.24613993560297 3.68165384438606 
0.817192219050535 5.47341471241656 3.74139077514651 
5.45784867233853 3.33223118059812 6.23466434334492 
5.65956772822771 3.55948683982833 6.01188019239739 
5.44147808426826 2.5574769182675 6.35808884679599 
5.63722598365474 2.91472976918337 6.4811018468946 
4.22489777977563 6.40934784323848 5.68268088491573 
0.465907086395162 4.61423079372177 4.9612909675421 
0.735875368655427 4.77970160018948 4.74330287127489 
0.468961136590115 6.168352422279 2.88264691956619 
1.92114009171725 0.663740013333893 3.29012792971532 
1.53458314402265 0.720112916602269 3.72677349644861 
0.377714566383922 4.49044605181457 4.72286749553791 
0.576183313020422 4.60347554512517 4.52677809719236 
5.72631949606876 4.17513230868731 4.82613500769105 
5.71955619423695 3.85555840322632 4.83902350284308 
1.22456123022674 2.40530101746328 0.445065974096138 
1.11900748403263 2.1374745028512 0.793871115936387 
0.733734360509979 1.57691526430202 4.22093051557536 
3.35213585692766 4.4791308466 2.10490849616856 
6.32061781706558 4.17225129344197 1.18952858422689 
6.10270942655278 3.77655459629843 1.01347089649458 
6.09711339605031 4.31748806887145 1.06229083365536 
5.86682231580489 4.01482739964058 0.895103053943729 
0.796916069207987 5.84904502562391 2.38038556755827 
1.02688678848649 6.01553146861249 2.48402522839145 
0.944386346258381 1.45473991947983 3.74808738438964 
1.25809576890018 1.3914136007975 3.84300196851337 
0.802010974628857 1.57224561558048 4.30696500953133 
1.25369958024996 1.46858319656289 4.21846114476687 
3.71548967906457 4.65763312884848 1.76630940910997 
3.68106326273721 4.65764634796526 1.57470010780407 
4.29457714391607 5.98696979569887 6.16884767955278 
4.66291337872144 5.78280457824233 6.05769088190174 
0.568851796253869 1.38880338308475 1.83745659319616 
6.78794663464034 1.38830476696225 3.30284003362782 
0.104049522997067 1.22685184679696 3.03172327033876 
6.91072546339087 2.3574104355865 1.97912842428503 
3.39536815347792 0.307629884711038 6.30163161574014 
3.57661598529765 6.95467603048955 6.31681398559576 
0.187247451337454 0.187847177554419 3.68304002769737 
0.283046119597141 2.68165491464782 2.24530721525024 
0.193164906966754 2.56979422675114 1.95847523884612 
0.462519315200504 1.46220416368771 1.21923871654057 
0.631697746990729 1.23514176120348 1.48469249974307 
6.71747706761407 0.850357360452986 2.95439105173535 
6.48259555357851 1.04035922954696 3.20446318147024 
5.92820395550441 5.29207987302413 0.219674994697803 
6.04319973036414 5.45085739407045 0.0243372221560742 
0.0848670425944567 2.5663396551785 2.52496595368061 
6.80430459104705 2.32955603847152 2.38775467276945 
2.87789294359571 2.9403457583877 5.22522120875853 
0.468408920305989 3.85008793475089 0.198889800063661 
0.10530830975483 3.85076899788705 0.301673407791032 
6.16427422483939 5.20618386179115 0.319098584465049 
6.29752535029915 5.3675626002375 0.129148318842226 
3.46804176484397 0.636061427697334 6.62582570692438 
3.73991940284432 0.54856675564175 0.0546473592078625 
0.281687718245904 1.78415391578064 1.35410133366244 
0.304797196371555 1.83031973939559 1.632782792806 
0.773349241809152 2.50287828192704 1.35069335253174 
0.68591800785344 2.80422046058932 1.1797971649391 
4.53474557233119 6.35864089963549 5.49262710454809 
4.48003207473719 6.24143149531586 5.20730960514405 
0.742543422917578 2.3935242336103 1.04904140476707 
0.668950881580156 2.68605184998503 0.952726173264721 
0.546938283707178 4.06928173244352 0.548062588904371 
0.165781553683699 4.04676366123645 0.60608480714755 
2.82451232610763 0.253162902474766 0.561585893981239 
2.35083197838219 2.81376084531484 5.157898808048 
2.17326216934572 3.11481898042155 5.16096189835212 
2.63750449606127 3.56414843276647 5.23046962476835 
2.93222533912384 3.42077912376394 5.24256486532925 
6.20763048520852 3.32426512820447 3.87570402538218 
6.22554778256915 3.5593811071732 3.95242269056468 
5.95197668003997 3.23285315302129 4.07396936301096 
5.92066759417706 3.50157823436569 4.21880310634323 
6.14762168590905 5.75910148620815 1.50200000948576 
5.97117795516495 5.68244377878947 1.4804699871373 
3.15707931192188 6.82816577505487 0.592776488313611 
3.26322868719258 6.75469804476954 0.949078445519758 
6.03195998780507 0.313048254028661 2.30867041358664 
1.83293557842601 6.64268119080372 0.958083271131093 
1.49292944660357 6.47579278400662 1.01460208529921 
5.18862427447756 2.60589911084132 1.92357862092803 
5.31377352242113 2.52366697689614 2.10993866022558 
6.1532599301811 5.78497271603283 1.27676128491717 
6.00146103900492 5.72280756845128 1.25324372820173 
2.84630972145176 0.705601879330405 1.20782670679683 
3.35852689765511 0.523737662943749 1.5423312944952 
1.68704047988498 6.19525466248757 1.1299921654978 
1.9753430270169 6.39041564798475 1.06256666095756 
6.42975512171213 0.45787526729134 2.31590440283732 
6.6174048943692 0.241669107159946 2.59825403374751 
5.27991172231652 2.89006061538767 2.0583671526206 
5.37987190234782 2.72740970536589 2.21659525482685 
2.72693050771883 0.419646362831191 1.11528919766337 
3.00895993134278 0.103290051367707 1.31639000570882 
1.93271632856519 6.12240279471777 1.9343620432958 
2.0038993378084 6.17621545336351 1.93247948235063 
2.0469884655306 6.13254721179817 1.96907896256191 
1.98389181159777 6.06855254900485 1.9795225064471 
2.21432608848128 2.65685505687144 2.54304669962048 
2.09876653898848 2.93521290360761 2.94644812138414 
4.17312481730967 3.09686846890557 1.30729710616895 
3.60559828934128 3.36504055681192 1.45957534197045 
3.92878786708327 3.0825370611705 1.19484891275433 
4.80827191698499 6.00605661433924 5.66656517163926 
4.80102112081179 5.82984664193163 5.38870402714866 
5.99016254037912 6.87469058502517 2.6871557267085 
6.21458188161234 6.83886510770906 2.8218470342631 
5.34198565970258 5.78614140865781 2.88154162173925 
5.53149785988838 5.79090826572137 2.72285160859872 
1.6586760217582 2.47104616685206 2.65274709138269 
1.61920801768559 2.65794712503237 2.91852262450719 
5.26876439232869 5.58387567720455 2.78339047627989 
5.4357095389158 5.57209280754941 2.63116516437419 
3.72501109919862 5.42451258937231 0.615429843825727 
3.93927095452328 5.33947634526169 1.07548097657588 
6.80582729748648 3.39975022767469 2.71289847055553 
6.75972184155724 3.0756682487318 2.87240314623188 
3.94838900708574 5.02613566491005 0.310486428156931 
6.86883245310617 5.43882042032631 1.58422686975678 
6.87782287609152 5.09639511464515 1.76678004368646 
6.29852461335974 3.04630515008353 2.87561410855045 
6.33840414119562 3.51538496174969 2.64112677087073 
6.51739501653733 5.57165479529666 1.76137144649642 
6.48599137044648 5.27507001122723 1.9396540213221 
2.61668010866268 4.5212572964683 2.09603713412638 
2.87484495713595 4.31324400272888 1.9526961649836 
2.41891590379938 4.61004188291118 1.62164448371464 
3.0952178462441 4.44494521914089 1.31262150680049 
2.78891126643936 4.31432707661415 1.58817208079336 
4.40293685666584 3.61962723347003 1.66886680496125 
4.05525306437541 4.08282540406593 1.72508299145045 
2.35305088497288 4.92229469275341 1.46952936384962 
4.16722232880872 3.30454803011258 1.64083801773685 
3.77634334467727 3.47021455597184 1.67665675285945 
3.34322444927223 3.36287670320022 2.21541687279568 
2.45328193911815 4.50660995615723 2.98841137456354 
3.04617063983799 4.52606789767181 3.10679763292659 
4.573870124645 5.58511036289231 1.19820574958169 
3.07876757015058 3.17330504872039 1.98472948823446 
2.79256870080311 3.39330851982522 2.0102475227721 
6.53178732972214 6.68236183205043 4.23622328838897 
3.23491612833782 3.58122867543663 2.3335902245954 
2.87178806994773 3.62434639950506 2.22171290707379 
1.98615160528491 4.09781494117435 1.31606547495763 
2.16730832431725 4.57031799006671 1.54757219160062 
6.59945172978834 6.72854197817426 3.9156961234916 
6.96516558161874 6.57557924994712 3.81472861835736 
4.11702764748631 5.64239500934429 1.1524023456938 
4.01997771535683 5.78905530987019 1.51705976277409 
2.88277734314902 4.00951881579463 3.42149365842228 
2.54995143422982 4.00863740274336 3.31978971263691 
6.87111918549128 6.42423283571382 4.40399987898938 
0.0516199848123775 6.47173870134084 3.92765010543314 
1.6721281638413 4.35271176385609 1.94073435178575 
1.58949568856068 4.08963343447328 1.72666199894705 
6.05898657611514 0.163289924083748 5.46003075606567 
5.89824385546897 6.92146039204293 5.47848280562801 
5.75076936432461 0.0412464609064153 5.3251723762118 
5.92647309323895 0.254746687739488 5.33235992871362 
4.19977604951348 4.39935880703783 1.22020679948078 
4.15999910938158 4.28084014796238 0.717120840137634 
5.86623443640263 6.40116382400444 2.4075873584293 
5.84027224558665 6.40832328469078 2.18790448643417 
5.61180140538719 6.2775712115307 2.42603538235506 
5.59707779879019 6.29052973830222 2.19881868193778 
4.3548473511814 4.73746874687643 1.0120227975279 
4.32619236023489 4.62784923384044 0.672000494327755 
3.63111291454619 5.44850612533999 2.60936478081014 
3.32465077620162 5.67902295872972 2.52877840067103 
5.59518187617199 4.35291730595137 6.24194190413215 
5.51386593028825 4.27948770014527 6.52084070562384 
5.64333005465546 4.10931100007523 6.51550152524833 
5.72705102917899 4.12680152570076 6.31010030230916 
4.87085136878039 5.39873126234787 1.86976114221275 
4.41920317817921 5.46664039533931 2.19749583586323 
4.6563871296206 5.73292899158629 1.56857936114811 
4.35947365956145 5.82645958803945 1.73967424609632 
5.75754354385126 5.823913450532 6.48072452549642 
3.49762414604171 5.29775072887827 2.23109597902927 
3.27751527383957 5.48244652708724 2.1954696559427 
2.91682622731917 4.79062665939921 1.06324842182821 
2.5120724429699 5.01143229248472 1.20831482351907 
5.97361969660467 5.95670075192674 6.02044843740735 
6.05740261397694 5.61476139294568 5.91940551251191 
2.84264887140597 5.39675117373497 1.18182823016048 
3.13141355200419 5.20806502380431 1.07785034839012 
5.6053688194308 5.25381035415165 6.52650134826107 
5.68473477577729 5.05584435826484 6.21390207268461 
5.81765166767964 5.41651696967597 6.51626253645447 
5.9554134489855 5.30518438354053 6.25230490272826 
0.833643531478957 5.39786969210108 2.40232151940452 
1.25908051124518 5.21949623121935 2.65358913826816 
6.18101453727312 0.35336158757056 6.2564372098225 
6.34784950450169 0.213676477789625 6.44395136603686 
6.03663427918695 0.156108561385884 6.33107105062077 
6.18456759450951 0.0681548041963772 6.47414026626763 
0.349675766491924 2.43128255586492 2.75943676629191 
0.331632779768773 2.08577982251714 2.95531552168653 
0.300075248046118 5.07487507821988 2.83528897173797 
0.387934896397016 2.62753879787005 3.23518638742542 
0.37242054862152 2.40155535583859 3.3840170464686 
6.36770814642145 4.77693895532122 2.94468384736344 
6.59225656348672 4.44032709377149 2.8250676599126 
6.23018602748088 4.62078484020952 3.40824209173687 
0.492748807032496 4.8288340681585 3.05424740386392 
0.929334693546558 4.82303897385759 3.04863433298966 
0.572045555062665 4.87751717362214 3.46976892002693 
0.915767593674275 4.86448621962164 3.41623593621535 
6.10884696948346 4.0425775277891 3.43028722368397 
1.13493950291577 6.75212319670671 3.03502080154359 
6.60348342391247 4.23654439389491 3.01942314488139 
6.40103170588973 4.29789267969065 3.38518561153054 
5.98753370904783 3.68439922791431 3.02159197997736 
6.24121610551608 3.70679708201466 2.70783079907544 
0.871533452115269 6.26239307698862 2.82388367175103 
0.904172517725498 6.62899121921794 2.78747954755235 
6.87883422816634 3.44581314189761 3.98997426108641 
1.48512845335258 5.81195114439245 2.99369625654563 
1.79493420952274 6.30188758878514 3.23662634599274 
6.92790098454988 2.7158609413096 4.27253038665346 
1.07158286107814 6.17364024944043 3.1130103262389 
1.24324002478033 6.46411768387355 3.2353839835443 
6.68276982346878 2.91530177241846 3.60009785434638 
6.70338650248597 2.64045868016167 3.76037596041593 
6.66290179281479 2.78695417386377 4.0086093763257 
6.63742777078562 3.06144921356288 3.85836079849702 
2.49623789087063 1.08856727018043 6.8959429220941 
2.78925198672385 1.08975313103386 6.99630566683386 
2.6183598522727 0.506877002372285 6.92599785960791 
2.36658773265063 0.708121194812738 6.84396955996777 
3.91576624450227 6.89196068856744 6.71897461566868 
3.85921271740168 0.382782812506636 0.0858283379120047 
3.83857035424099 6.67426574185195 6.92431075049116 
3.75464211825967 6.96023629736452 0.325952028322617 
5.94106139941617 1.69289530791926 6.69558070102145 
6.08754151048828 1.84402223544125 6.51738496748428 
5.69020952579545 1.77179450855788 6.55290191678796 
5.85747660707519 1.93089454921691 6.35482302565162 
3.92398213717385 5.52301226258341 4.52386882425026 
4.00096198030739 5.22276288817623 4.76494428729708 
3.74584524721137 5.43295422759816 4.40664039703851 
3.7421916954971 5.04028788504241 4.61859404636371 
6.35273418648256 0.50716453039543 3.76648785973296 
6.51063219005174 0.435518253804273 3.9609156343292 
6.46127933683244 0.351731811484516 3.6437752984814 
6.60034182979535 0.281419596309465 3.80680530160565 
6.11930646124399 4.51583990299833 5.09947376159346 
6.21176998520791 4.70075901938886 4.92908839698485 
6.19118781844507 4.51709319450656 4.71812057543647 
6.09482378747317 4.32283516248911 4.888455166404 
2.57302785138471 1.04881754859819 4.40265933024485 
2.53024633632802 1.04917378455271 3.88964615558359 
5.11535938711268 2.29286443671914 6.88687987542788 
4.88823188818378 2.23830723600709 6.88780128383016 
5.16286405159313 2.13567479431587 6.93176703873333 
4.95242277161581 2.07252899313411 6.92892769257563 
2.82642655523657 1.74499963612713 4.42810488090647 
2.62983068003297 1.62214120277835 4.36849946156417 
2.59319187218129 1.69441227880158 3.83265680781797 
2.71924115889117 1.80495986507759 3.75254896570646 
2.9480343336994 1.96000509171618 4.02501726558891 
0.55694377828539 3.52779355979212 4.25510517795582 
0.147875494423785 2.98726420075321 4.44711031824685 
0.12958645961895 3.38562186969159 4.34580364544659 
0.820687630090102 3.31571298400397 4.29798272916217 
0.776094974647631 3.02388266002381 4.38438382454937 
4.01051060869278 1.54745143754258 6.06984323410169 
4.06427677188094 1.91468140033027 6.1803554376233 
4.28499913856788 1.42551514333731 5.95880082093896 
2.71769425068488 6.42405627608043 4.51055116239517 
2.80338232400521 6.6797459913455 4.36137798526785 
2.92374589548217 6.44951317724544 4.63539064339949 
3.01209295277704 6.69282633283914 4.49738483185806 
4.70017653765086 1.82206293005568 5.6797574029416 
4.52066614856819 2.1478468742408 5.92476632513015 
4.52107895803526 1.62494938689006 6.00082336621717 
4.41804670090127 1.95558395947037 6.13133444673715 
3.99436133835774 4.39985088303022 4.32001639104641 
4.49378234554591 4.36691453577686 4.4696911834423 
3.85942814962779 3.76497995562316 5.00356326777957 
4.38430971600425 3.85273371099728 5.0272626672611 
4.05648211070292 3.86797707576188 4.59135859375476 
4.37695574394168 3.90416791073505 4.6636876910661 
POLYGONS 1839 11217
4 2 736 773 1004 
5 666 756 2 1004 1652 
4 1 581 1651 1315 
6 0 510 1615 1652 1004 773 
5 1 581 1014 1579 1577 
5 471 727 1040 1072 1108 
5 3 697 868 471 1108 
6 471 727 1477 1482 1483 868 
4 3 991 1072 1108 
6 3 697 1131 1229 990 991 
5 1229 1230 1646 1654 990 
6 990 991 1072 1040 1999 1654 
5 1477 1482 1230 1646 1996 
5 4 5 464 668 1994 
5 4 5 884 1334 1333 
5 1165 1333 4 1994 1995 
4 1171 1172 1404 1041 
5 6 493 1079 1258 1055 
5 464 668 1397 1258 1055 
5 5 464 1055 6 884 
5 1165 1166 1171 1172 1995 
6 1041 1078 492 1084 1166 1171 
6 492 493 6 884 1334 1084 
6 668 1397 1404 1172 1995 1994 
5 11 10 1846 1842 903 
6 11 903 1416 1433 7 960 
5 7 8 1478 1479 960 
5 12 534 1038 1037 567 
5 7 8 535 9 1433 
6 534 535 8 1478 1450 12 
6 1037 1038 9 1433 1416 502 
5 502 1037 567 1846 1842 
5 11 10 1451 1479 960 
4 534 535 9 1038 
4 502 1416 903 1842 
6 12 567 1846 10 1451 1450 
5 512 513 1687 16 875 
4 15 513 1687 1678 
5 512 875 14 1662 1661 
6 15 1678 13 2009 2011 2002 
6 512 513 15 2002 2001 1661 
6 13 1307 1309 1381 2008 2009 
6 13 1307 1371 16 1687 1678 
5 17 1370 1309 1381 1423 
6 14 17 1370 1371 16 875 
5 14 17 1423 1538 1662 
5 18 559 743 1484 1485 
6 18 476 706 616 617 559 
5 21 476 18 1485 1516 
6 21 476 706 19 1460 1358 
5 23 22 20 1361 805 
5 21 1358 1341 1515 1516 
5 24 26 1507 1511 25 
5 24 26 1402 1403 1312 
6 594 787 1772 27 1512 1508 
5 26 1402 594 1508 1507 
6 1511 1512 27 1931 1934 25 
4 27 1772 1780 1931 
4 32 880 544 1870 
4 635 636 31 1871 
7 28 29 31 1871 1870 544 545 
5 28 545 881 34 1271 
6 30 29 28 1271 1903 1902 
4 30 29 31 636 
6 680 681 32 1870 1871 635 
6 635 636 30 1902 1913 680 
6 33 34 881 880 32 681 
5 680 681 33 1914 1913 
5 33 34 1271 1903 1914 
6 37 641 763 762 942 941 
5 35 36 762 942 539 
5 37 603 740 538 941 
6 538 539 35 932 1463 740 
5 603 604 640 641 37 
5 38 42 39 43 1029 
4 38 42 749 1670 
5 1029 1030 1669 1670 38 
6 39 43 1905 1904 41 717 
5 42 39 717 1151 749 
6 1029 1030 1712 1906 1905 43 
6 1030 1669 40 1677 1733 1712 
5 1351 1352 1681 1677 40 
7 749 1151 1299 1351 40 1669 1670 
5 41 717 1151 1299 1298 
7 41 1298 1352 1681 1734 1907 1904 
6 1846 1847 1102 1908 1909 10 
6 872 1102 1847 1843 1898 1899 
5 790 872 1102 1908 1910 
5 47 48 790 872 1899 
6 46 45 11 10 1909 1911 
5 44 47 1899 1898 904 
5 48 46 1911 1910 790 
5 45 11 903 904 44 
5 45 44 47 48 46 
5 635 680 1750 1697 909 
6 30 636 1329 1241 1450 1478 
5 680 1750 1761 536 1913 
5 909 1330 1428 1730 1697 
5 536 804 1235 1729 1761 
6 536 804 1451 1479 1902 1913 
4 1478 1479 1902 30 
6 50 1399 1731 1941 1939 1933 
5 49 475 1412 1335 1314 
5 52 1411 1466 1941 1731 
5 49 51 497 474 475 
6 49 51 1132 1936 1938 1314 
5 53 1364 817 1753 1751 
4 57 58 53 1751 
6 55 54 1753 817 1548 1566 
6 1119 1547 1817 1808 1857 1853 
5 54 56 57 1751 1753 
5 55 54 56 1194 1195 
5 55 1195 1809 1818 1566 
7 57 58 742 1854 1858 1194 56 
5 59 49 1314 60 501 
5 49 51 964 503 59 
5 59 501 1037 502 503 
4 62 61 1936 1132 
6 61 63 568 64 1938 1936 
6 61 63 1847 1843 965 62 
5 964 965 62 1132 51 
6 60 64 568 567 1037 501 
4 60 64 1938 1314 
6 502 503 964 965 1843 1842 
5 567 568 63 1847 1846 
6 65 66 1642 1643 1240 1239 
4 71 65 66 68 
6 68 66 1642 1699 653 72 
4 1240 1535 1639 1643 
4 69 70 1357 1417 
4 652 653 72 738 
6 517 518 906 905 1769 74 
6 74 75 1519 1116 940 517 
4 74 75 1787 1769 
5 73 735 1964 1961 966 
6 73 735 906 518 1437 1438 
5 966 1141 1520 1962 1961 
5 73 966 1141 1115 1438 
6 76 656 79 1290 1813 1814 
4 76 80 928 1814 
5 77 83 84 78 85 
5 77 81 711 710 83 
6 85 77 81 800 1236 82 
6 81 711 933 934 801 800 
4 800 801 1372 1236 
6 88 92 89 86 908 907 
4 88 907 1273 1272 
4 89 86 93 90 
5 93 86 908 619 618 
6 91 619 908 907 1273 1167 
5 88 92 1975 1210 1272 
5 90 93 618 569 87 
5 91 537 569 618 619 
5 537 569 87 654 894 
7 90 87 654 1976 1975 92 89 
6 91 537 894 1073 1209 1167 
5 1066 1399 50 1728 1740 
5 677 1756 1949 1955 1952 
5 50 1728 1755 1925 1933 
5 1066 1067 1955 1949 1740 
6 94 1248 1926 1940 1942 1701 
4 94 1248 677 1952 
6 94 1701 1732 1067 1955 1952 
5 96 101 100 98 99 
6 102 101 96 1256 1926 1925 
5 99 96 1256 602 104 
4 104 97 560 602 
6 97 560 1940 1939 1446 1347 
6 104 97 1347 103 98 99 
5 560 602 1256 1926 1940 
5 100 98 103 95 106 
5 106 95 1218 1217 105 
5 95 103 1347 1446 1218 
5 105 102 1925 1933 1217 
5 101 100 106 105 102 
5 108 478 1609 110 975 
5 107 111 1648 109 572 
5 108 478 782 783 504 
5 108 504 561 1121 975 
5 504 561 1160 1090 783 
5 1090 1091 1500 1499 1160 
5 1141 1142 1295 1296 1115 
5 1116 1519 1611 2001 1661 
6 15 482 1150 1142 1295 513 
5 1115 1116 1661 512 1296 
4 15 482 1586 2002 
5 113 965 1843 1898 1896 
5 114 118 113 965 964 
5 115 116 114 964 503 
6 69 115 503 502 1416 1417 
5 118 113 1896 1840 1841 
5 903 904 67 1417 1416 
5 116 114 118 1841 117 
6 797 798 1106 1660 1228 121 
4 121 1228 793 1471 
5 1152 1695 120 1775 1765 
6 121 797 119 1246 1435 1471 
5 120 122 562 1774 1775 
5 797 798 889 890 119 
6 124 540 768 1588 1524 924 
6 603 740 892 1390 1556 1555 
5 825 923 1556 1390 1389 
7 123 575 538 941 730 1691 1715 
4 730 768 1588 1691 
5 37 540 768 730 941 
4 538 575 892 740 
5 123 575 892 1390 1389 
5 825 1389 123 1715 1544 
5 923 924 1524 1544 825 
5 923 924 124 1555 1556 
5 37 540 124 1555 603 
6 125 801 1372 1373 1799 1827 
7 129 125 801 800 127 864 865 
5 127 800 1236 128 1316 
5 839 865 129 1819 1455 
5 127 864 1148 1317 1316 
5 126 1455 1819 1827 1799 
4 129 125 1827 1819 
5 131 132 130 782 783 
6 109 572 1970 1972 1710 1711 
6 1710 1735 1987 1989 1971 1972 
4 131 549 1090 783 
6 556 557 1725 1721 1464 1443 
5 133 134 886 1848 1531 
5 135 136 974 1465 1444 
5 623 1099 1852 1848 1531 
4 623 1023 1532 1531 
5 135 136 1542 1967 137 
5 931 1051 1811 1810 1968 
5 138 701 1051 1811 1630 
6 700 701 138 1532 1023 1022 
6 1531 1532 138 1630 1664 133 
5 141 140 1707 1708 1277 
5 142 1096 1747 1748 1452 
6 142 1010 1148 864 1453 1452 
5 127 141 1277 1453 864 
5 689 917 1096 142 1010 
5 143 146 551 1120 920 
5 143 80 928 144 146 
6 145 76 80 143 920 1062 
5 845 846 1134 1498 1605 
6 551 846 1134 856 1060 1120 
5 856 859 1497 1498 1134 
6 144 845 1605 1821 1814 928 
5 642 1060 1120 920 1062 
5 144 146 551 846 845 
7 145 76 1814 1821 1497 859 858 
4 145 858 642 1062 
5 858 859 856 1060 642 
4 148 993 2000 1020 
6 149 896 983 1997 2000 993 
4 147 607 473 1343 
6 147 148 1020 1558 1557 1343 
5 147 148 993 149 607 
5 149 607 473 895 896 
4 151 152 489 1878 
5 151 150 1187 1653 152 
6 151 150 1863 1861 1879 1878 
4 835 1013 851 1561 
6 152 489 1560 666 1652 1653 
6 666 756 852 851 1561 1560 
5 2 756 852 523 765 
5 523 765 921 1862 1915 
6 921 1005 1187 150 1863 1862 
5 2 765 921 1005 1004 
4 1861 1866 836 1879 
5 1106 1587 1823 1709 1660 
5 1587 1612 1574 1812 1823 
6 121 1228 1283 1200 1232 1231 
4 797 798 1104 732 
5 121 797 732 1225 1231 
6 153 938 1104 732 1225 1226 
5 153 650 1574 1612 938 
5 153 650 698 154 1226 
6 798 1104 938 1612 1587 1106 
5 1225 1226 154 1232 1231 
5 650 698 1199 1812 1574 
5 154 698 1199 1200 1232 
6 1199 1200 1283 1709 1823 1812 
6 42 39 155 556 557 159 
4 155 39 717 718 
6 42 159 861 860 1100 749 
5 155 556 1443 586 718 
4 159 557 1725 861 
6 156 158 1721 1725 861 860 
5 157 158 156 1331 1332 
5 156 860 1100 1301 1331 
6 157 1332 1386 586 1443 1464 
4 157 158 1721 1464 
6 717 718 586 1386 1387 1151 
5 484 1071 1400 1266 1324 
4 1135 1136 1401 161 
5 1400 1401 1136 1425 1266 
4 162 160 2007 669 
6 577 669 2007 2006 1211 1323 
5 803 913 2006 1211 1424 
5 483 484 1324 1323 577 
6 163 161 1135 803 913 574 
5 160 574 913 2006 2007 
5 1135 1136 1425 1424 803 
4 1239 1240 1445 1977 
6 1776 1777 1445 1977 1979 164 
5 164 1776 1587 1823 1824 
5 1240 1445 1777 1613 1535 
5 1505 1547 1817 1720 1717 
4 1308 1355 1808 1857 
4 168 74 517 704 
5 803 1135 741 1157 1623 
5 1157 1158 166 1543 741 
6 167 161 1135 741 1543 1770 
6 1157 1158 998 1530 1625 1623 
5 673 776 1022 700 848 
5 20 22 170 36 35 
5 171 137 1967 1965 172 
6 1136 1401 1737 1763 1444 1465 
5 167 161 1401 1737 1398 
5 172 1398 167 1770 1965 
5 137 135 1444 1763 171 
5 171 172 1398 1737 1763 
5 136 974 741 1543 1542 
5 752 753 173 1177 1197 
5 174 173 1177 1264 176 
5 967 968 971 176 1264 
5 175 663 518 1437 1319 
4 175 752 1197 1319 
5 517 704 968 967 940 
7 940 967 1264 1177 1197 1319 1437 
6 181 180 177 614 184 912 
5 177 178 1329 1330 614 
5 180 177 178 1031 182 
5 183 179 181 912 1884 
6 31 636 1329 178 1031 1092 
4 179 182 180 181 
5 183 179 182 1031 1092 
4 184 614 1330 909 
5 183 1092 31 1871 1884 
6 184 909 635 1871 1884 912 
6 185 186 751 559 18 764 
5 476 477 1146 764 18 
4 186 751 1927 953 
5 185 186 953 1890 1893 
6 185 764 1146 1147 1892 1893 
5 559 617 1929 1927 751 
6 7 187 626 739 1434 1433 
4 7 187 961 960 
4 189 646 190 712 
5 45 11 960 961 887 
5 188 190 646 1085 758 
5 189 191 652 1085 646 
5 193 195 972 973 194 
5 193 195 658 192 877 
5 194 193 877 770 197 
6 198 197 194 973 1234 1182 
5 595 659 842 1249 870 
5 192 196 595 659 658 
6 658 659 842 1028 972 195 
5 192 196 771 770 877 
6 196 595 870 871 199 771 
5 198 197 770 771 199 
6 198 199 871 1250 1181 1182 
6 201 200 1363 1244 1657 1693 
4 201 200 205 204 
5 204 203 1694 1693 201 
4 1111 1244 1657 1674 
4 202 480 936 628 
4 935 936 480 1596 
5 206 208 1873 1101 1267 
5 206 207 1837 1836 208 
6 123 210 207 206 1267 1389 
6 526 527 582 1101 1873 1869 
5 208 1836 1868 1869 1873 
6 1325 1491 526 1869 1868 1867 
5 1325 1716 209 1835 1867 
5 210 207 1837 1835 209 
5 527 582 825 1544 1492 
5 210 209 1716 1715 123 
6 214 211 100 98 1168 1513 
5 1467 1513 214 1570 1571 
5 211 100 101 216 212 
6 489 1467 1513 1168 1889 1878 
4 489 1467 1571 1560 
6 213 216 212 1525 1561 835 
5 211 212 1525 1570 214 
5 98 99 1888 1889 1168 
6 99 96 215 836 1879 1888 
4 215 213 835 836 
5 215 213 216 101 96 
4 217 828 1362 1342 
5 1484 1515 1990 1989 1971 
5 703 806 1125 814 815 
5 194 197 962 687 621 
5 219 218 193 194 621 
5 86 878 746 1139 908 
5 218 193 877 878 746 
5 93 86 878 877 770 
5 618 619 221 687 962 
5 93 618 962 197 770 
5 221 220 219 621 687 
5 220 219 218 746 1139 
5 221 220 1139 908 619 
6 222 224 1485 1516 2010 2008 
5 223 226 1538 2003 671 
4 225 222 2008 1381 
6 225 222 224 655 786 985 
5 226 1017 1113 1423 1538 
5 225 985 1113 1423 1381 
6 223 226 1017 937 1146 477 
5 476 477 223 671 21 
5 224 655 764 18 1485 
5 21 671 2003 2010 1516 
5 118 113 1289 637 1065 
5 62 965 113 1289 1288 
4 1132 1133 1288 62 
6 30 29 1273 1272 8 1478 
5 28 29 1273 907 1140 
6 88 228 187 7 8 1272 
6 88 228 970 969 1140 907 
6 228 187 961 609 956 970 
5 957 969 1140 28 1271 
6 960 961 609 1903 1902 1479 
5 956 957 1271 1903 609 
6 660 1068 1917 1912 564 1080 
4 867 1058 1917 1068 
4 38 42 159 759 
6 788 1100 749 1670 1671 1559 
6 230 231 788 1100 860 580 
5 231 788 1559 1702 1703 
6 159 759 1369 1368 579 861 
5 579 580 230 1315 1368 
5 230 231 1703 1651 1315 
7 38 759 1369 1650 1636 1671 1670 
4 1391 1461 1966 1788 
5 1391 1456 1463 932 1461 
5 1455 1456 1391 1788 126 
5 239 506 1528 682 1112 
5 233 235 506 1528 1526 
7 129 682 1528 1526 237 1820 1819 
4 237 236 233 1526 
6 129 125 1377 1376 1112 682 
5 239 542 1382 1376 1112 
5 240 59 501 899 807 
6 242 240 807 1196 918 588 
5 242 240 59 503 115 
5 243 241 918 1196 1214 
5 898 899 807 1196 1214 
6 70 588 918 241 1434 1357 
5 243 241 1434 1433 9 
5 69 115 242 588 70 
5 243 9 1038 898 1214 
6 245 840 1074 843 1510 1269 
5 245 246 244 1270 1269 
6 230 246 245 840 1 1315 
4 249 579 1368 757 
4 230 246 244 580 
5 1 840 1074 1578 1577 
6 579 580 244 1270 1170 249 
4 247 843 1074 1578 
6 250 251 1039 1003 1138 1259 
5 1240 1445 1640 1284 1643 
5 467 1002 1665 1682 1978 
5 1002 1138 1259 1666 1665 
6 65 1239 1977 1978 1682 1683 
6 65 66 250 1259 1666 1683 
5 251 1039 1284 1643 1642 
4 250 251 1642 66 
6 467 1628 1640 1445 1977 1978 
6 253 254 1525 212 856 859 
4 858 859 253 1439 
5 214 211 1061 1059 255 
5 214 255 676 879 1570 
5 211 212 856 1060 1061 
6 826 827 505 1752 1754 719 
7 505 590 1292 1137 57 1751 1752 
5 259 256 826 719 707 
5 256 257 716 827 826 
5 259 256 257 261 260 
4 590 715 1293 1292 
6 261 257 716 715 1293 1144 
5 505 590 715 716 827 
6 54 56 258 260 259 707 
5 54 707 719 1754 1753 
5 56 258 1143 1137 57 
5 260 261 1144 1143 258 
5 1804 1805 265 1951 1960 
5 263 267 269 268 262 
5 263 264 612 587 267 
7 262 263 264 265 1805 1807 1690 
5 268 262 1690 1689 266 
5 267 269 633 634 587 
5 268 266 795 633 269 
5 784 984 1954 1959 1350 
6 784 795 266 1689 1647 1350 
5 124 270 1174 1178 924 
5 1173 1333 4 1567 1384 
6 270 271 1406 1384 1173 1174 
5 506 507 272 1529 1528 
6 5 272 1529 1556 923 884 
5 233 235 748 1406 271 
6 271 233 1526 1555 124 270 
5 506 507 1575 748 235 
6 5 272 507 1575 1567 4 
5 275 508 679 480 936 
5 274 275 508 509 1481 
5 273 274 1481 1480 252 
5 274 275 936 935 273 
5 1046 1047 509 1481 1480 
6 508 509 1047 1454 1495 679 
4 75 1032 1611 1519 
5 688 839 1455 1456 893 
4 688 839 1149 1501 
5 784 785 1094 1093 1350 
4 819 1093 1350 1647 
4 266 278 1374 1689 
6 566 819 1647 1689 1374 1375 
5 277 278 266 795 796 
6 279 276 277 796 785 1094 
5 276 277 278 1374 1375 
5 279 566 819 1093 1094 
4 279 276 1375 566 
4 286 285 914 648 
5 284 914 648 1027 1026 
6 280 281 1255 1366 1533 1540 
6 281 282 285 286 283 1255 
4 280 281 282 598 
6 282 285 914 284 597 598 
5 1026 1027 1216 1223 1224 
5 284 597 1410 1224 1026 
6 597 598 280 1540 1539 1410 
5 90 93 770 771 695 
6 89 90 695 694 1424 1211 
5 803 1424 694 1624 1623 
6 89 86 878 2004 2006 1211 
7 192 196 1626 1625 913 2006 2004 
6 694 695 771 196 1626 1624 
4 877 878 2004 192 
6 746 766 1024 2005 2004 878 
5 218 746 766 287 1418 
5 218 193 195 1207 1418 
6 144 585 683 481 995 845 
4 144 585 709 928 
6 288 481 995 1829 1830 611 
4 845 995 1829 1605 
5 933 934 1377 1376 1634 
5 289 806 703 1522 1472 
5 121 1231 289 1472 1471 
5 732 797 119 1205 1163 
5 1160 1205 119 1246 1499 
6 549 622 1163 1205 1160 1090 
5 549 622 1126 1125 814 
5 622 1126 1225 732 1163 
6 289 806 1125 1126 1225 1231 
6 703 815 1091 1500 1521 1522 
6 798 889 1684 290 1105 1104 
5 939 1016 1050 290 1105 
5 938 939 1016 1613 1612 
6 113 1289 1308 1355 1897 1896 
4 165 637 1289 1308 
4 102 565 1755 1925 
5 238 232 1247 291 292 
5 291 293 138 1630 1247 
5 292 291 293 294 888 
5 237 236 713 640 604 
4 237 604 1462 1820 
5 294 293 138 701 519 
4 295 301 296 853 
5 298 297 299 1018 1019 
5 513 1295 1675 1688 1687 
6 581 1651 1703 1688 1675 1679 
5 1142 1204 1679 1675 1295 
6 15 482 1474 1636 1702 1678 
5 581 1014 690 1204 1679 
6 304 302 733 734 1745 1475 
4 302 733 1280 1215 
5 304 302 1215 1214 898 
6 807 808 1982 1983 672 899 
5 303 596 808 1982 1981 
5 303 734 1745 1984 1981 
6 303 596 1281 1280 733 734 
5 672 1475 1745 1984 1983 
5 898 899 672 1475 304 
4 514 576 1327 1064 
7 538 539 1362 1342 514 576 575 
5 20 35 539 1362 1361 
6 309 242 115 116 1880 1875 
5 116 114 227 1881 1880 
6 59 49 475 306 307 240 
5 242 240 307 305 309 
4 306 308 474 475 
5 305 310 308 306 307 
5 309 305 310 1886 1875 
4 311 176 174 1385 
7 652 653 1076 311 1385 1407 191 
5 311 176 971 705 1076 
5 312 72 653 1076 705 
5 577 578 626 739 483 
4 317 316 1123 977 
7 316 318 27 1931 1932 314 1123 
5 314 313 315 977 1123 
6 317 977 315 1034 1845 1844 
5 313 315 1034 1035 781 
5 314 313 781 1935 1932 
5 1034 1035 25 1511 1845 
5 316 318 1318 1844 317 
5 781 1035 25 1934 1935 
4 318 27 1512 1318 
5 178 319 485 1241 1329 
4 12 485 1241 1450 
4 8 535 1210 1272 
5 12 485 319 854 534 
5 29 31 1092 1167 1273 
5 178 319 854 1095 1031 
5 273 274 320 324 1469 
6 274 320 777 778 1440 1481 
5 321 322 324 320 777 
5 892 893 688 1441 1390 
6 1441 1442 830 1490 1501 688 
5 511 1044 830 1490 1489 
5 123 210 946 576 575 
4 210 207 945 946 
5 206 207 945 511 1044 
5 830 1044 206 1267 1442 
7 945 946 576 1327 1502 1489 511 
5 330 326 329 1109 988 
6 329 325 472 471 1108 1109 
4 328 3 697 533 
6 104 602 880 32 724 725 
6 104 97 472 325 327 725 
5 471 472 97 560 868 
4 329 325 327 326 
7 533 544 880 602 560 868 697 
6 328 3 1108 1109 988 1885 
5 330 326 327 725 724 
6 32 724 330 988 1885 1870 
5 328 533 544 1870 1885 
6 331 870 1249 979 1393 1394 
4 331 870 595 1565 
6 333 1268 1394 331 1565 1564 
5 332 842 1249 979 1367 
5 141 81 711 334 1277 
5 140 915 563 1705 1707 
5 77 81 141 140 915 
6 122 83 77 915 563 562 
5 120 710 711 334 1775 
5 562 563 1705 1704 1774 
6 334 1277 1708 1704 1774 1775 
4 120 122 83 710 
6 182 862 2016 2012 1095 1031 
5 862 863 335 2014 2016 
5 91 336 183 1092 1167 
5 183 179 955 1436 336 
6 179 182 862 863 954 955 
5 335 789 1635 954 863 
6 537 894 1006 789 1635 1667 
5 91 336 1436 1667 537 
4 335 789 1006 2014 
4 1095 1209 1073 2012 
4 1007 1448 1413 1476 
5 1188 1353 754 1658 1614 
5 754 755 469 1145 1658 
5 337 469 755 1007 1476 
6 337 1476 1413 1807 1805 1943 
5 1591 1614 1188 1806 1804 
6 1188 1353 1448 1413 1807 1806 
5 1591 1614 1658 1145 1947 
5 337 469 1145 1947 1943 
5 21 671 1032 1392 1358 
5 339 514 1342 217 684 
6 669 670 1025 1024 2005 2007 
5 746 766 969 1140 1139 
6 88 228 578 577 1323 92 
5 228 578 670 1025 970 
4 92 89 1211 1323 
5 154 762 942 731 1226 
6 730 731 1226 153 769 768 
5 540 541 340 641 37 
5 340 641 763 699 651 
6 340 541 769 153 650 651 
5 698 699 763 762 154 
6 341 470 1778 1785 818 1617 
4 342 200 1363 1422 
6 201 200 342 1924 1922 929 
5 201 929 1904 1907 1693 
5 343 981 1818 1566 1276 
5 981 1395 1720 1817 1818 
5 344 554 1395 1720 1717 
6 229 343 981 1395 554 553 
5 344 1081 1506 1505 1717 
5 345 55 54 707 708 
5 345 708 696 745 744 
4 817 818 1785 1548 
5 341 470 745 696 520 
5 341 520 720 1618 1617 
4 719 720 1618 1754 
5 345 55 1566 1276 744 
5 744 745 470 1778 1276 
6 817 818 1617 1618 1754 1753 
5 1306 1378 1410 597 1420 
5 73 966 1346 1306 1378 
5 284 139 1419 1420 597 
5 73 735 1224 1410 1378 
5 817 818 1245 1365 1364 
6 239 346 926 1608 1573 1112 
6 639 926 1608 1607 1723 1741 
4 346 347 639 926 
4 347 491 1741 639 
5 348 350 222 224 349 
5 348 350 631 1735 1710 
4 349 348 1710 1972 
6 224 349 1972 1971 1484 1485 
4 632 1189 2011 2009 
6 631 632 1189 1988 1987 1735 
6 350 222 2008 2009 632 631 
5 528 529 343 1276 744 
5 744 745 351 1359 528 
5 352 355 1110 354 1589 
4 354 1012 1572 1589 
6 1011 1012 1572 353 1600 1599 
6 352 882 1496 353 1572 1589 
5 1495 1496 353 1600 1597 
5 202 480 679 883 571 
5 352 355 571 883 882 
6 356 487 1468 1514 1797 1783 
5 214 255 1797 1514 1513 
5 843 844 353 1496 1510 
5 570 691 1043 1348 1668 
5 691 963 1229 990 1043 
6 328 336 91 619 221 533 
5 221 533 697 1131 687 
6 569 570 691 963 962 618 
6 328 336 1436 1349 991 3 
6 358 897 1263 1958 1957 1585 
5 1311 1851 1855 1585 1957 
4 290 644 1781 1684 
5 897 1050 1415 1447 1263 
6 644 645 358 897 1050 290 
4 358 645 1855 1585 
5 1128 1129 359 1170 249 
5 254 531 851 1561 1525 
5 666 667 248 1571 1560 
5 359 1047 1454 1509 1170 
5 134 886 1920 1919 911 
5 360 531 851 1013 910 
5 885 886 1920 1915 523 
4 665 869 778 1440 
5 361 253 859 1497 760 
4 145 76 656 657 
5 1290 1291 761 1822 1813 
5 488 649 664 665 869 
4 362 1704 1774 1789 
5 320 777 1393 979 980 
7 368 949 1325 1716 1692 1815 1825 
6 364 365 1815 1825 716 827 
5 583 584 826 827 364 
5 366 546 1864 1867 1835 
5 367 365 364 583 685 
4 367 365 1815 1692 
5 366 546 256 826 584 
4 949 1325 1867 1864 
4 368 257 716 1825 
6 583 584 366 1835 209 685 
6 368 257 256 546 1864 949 
5 209 685 367 1692 1716 
4 282 285 767 643 
6 369 479 1082 751 1927 1928 
5 186 678 1155 1082 751 
4 283 286 775 774 
5 674 1278 1405 1349 1348 
5 954 955 1041 1171 371 
6 371 372 1782 1803 1635 954 
5 674 1348 1668 1802 1801 
5 372 370 772 1800 1782 
6 370 772 1278 1405 1404 1172 
5 772 1278 674 1801 1800 
5 372 370 1172 1171 371 
6 955 1041 1404 1405 1349 1436 
5 569 570 499 831 87 
6 246 244 499 570 1668 1802 
6 244 499 831 156 860 580 
5 230 246 1802 1803 231 
5 788 789 1635 1803 231 
5 654 894 1006 1301 1331 
5 87 654 1331 156 831 
5 788 789 1006 1301 1100 
6 375 373 780 376 600 601 
4 377 376 780 1354 
5 375 373 822 821 374 
6 373 780 1354 1353 754 822 
5 821 822 754 1658 1659 
6 374 379 1300 1631 1659 821 
5 375 374 379 378 601 
5 820 1188 1614 1632 1337 
5 377 376 600 1262 1261 
6 1261 1262 380 1338 1337 820 
6 820 1188 1353 1354 377 1261 
5 378 379 1300 1338 380 
5 378 380 1262 600 601 
6 152 489 1467 1468 1427 1409 
5 1408 1409 152 1653 1616 
6 536 804 1909 1911 1883 996 
6 922 1762 997 1849 1900 1894 
4 547 809 922 1894 
5 809 922 1762 1761 1729 
6 381 547 809 1729 1235 624 
5 381 382 1900 1894 547 
6 382 1118 1872 1882 1849 1900 
5 996 997 1849 1882 1883 
5 381 382 1118 1127 624 
6 1567 1568 1986 1993 1994 4 
5 383 384 1165 1333 1173 
6 311 176 1264 1265 384 383 
5 383 311 1385 1384 1173 
5 384 1165 1995 1991 1265 
5 173 1177 1985 1986 1568 
6 174 173 1568 1567 1384 1385 
6 282 598 1604 1603 1185 643 
5 597 598 1604 385 1420 
5 385 386 1356 1603 1604 
5 385 386 1008 1419 1420 
5 1185 1242 1379 1356 1603 
5 389 1297 1724 1742 1549 
6 297 299 1176 388 723 992 
7 388 723 1724 1742 387 1758 1757 
6 299 1018 1212 1759 1749 1176 
4 723 992 1297 1724 
5 387 558 1201 1760 1758 
4 388 1176 1749 1757 
5 387 558 1550 1549 1742 
6 389 298 1019 986 1550 1549 
5 389 298 297 992 1297 
5 558 1201 1213 986 1550 
5 566 1261 377 1310 1375 
6 486 747 1374 1689 1690 1414 
5 819 820 1188 1806 1647 
6 486 747 1310 377 1354 1449 
4 949 950 958 368 
5 261 257 368 958 959 
5 259 381 547 546 256 
5 259 260 390 624 381 
5 390 624 1235 1429 833 
6 949 950 1428 1730 1865 1864 
5 260 390 833 959 261 
6 958 959 833 1429 1428 950 
5 1086 1304 1328 1227 1764 
4 586 718 1304 1086 
4 169 599 1360 776 
6 586 1086 1764 1763 1444 1443 
5 391 392 945 207 1837 
6 391 773 1004 1005 1836 1837 
4 208 1187 1005 1836 
4 0 392 391 773 
6 206 208 1187 1653 1616 1044 
5 0 392 945 511 510 
4 393 486 747 1503 
5 40 1351 393 1503 1537 
4 394 1537 40 1677 
5 268 262 1746 1352 1681 
6 393 486 1414 1746 1352 1351 
6 394 278 1374 747 1503 1537 
6 394 278 266 268 1681 1677 
4 1414 1690 262 1746 
4 141 81 800 127 
5 395 269 267 203 1694 
5 395 396 398 633 269 
5 395 396 1649 1673 1694 
5 396 398 837 838 1649 
5 360 361 253 254 531 
4 213 216 1134 1498 
4 212 216 1134 856 
7 213 835 1013 910 760 1497 1498 
4 360 361 760 910 
6 390 400 63 568 834 833 
4 400 63 61 399 
5 64 337 469 834 568 
5 64 337 1943 1946 1938 
6 261 959 1145 1947 1948 1144 
6 399 61 1936 1937 1143 258 
5 1143 1144 1948 1945 1937 
5 390 400 399 258 260 
6 875 876 1048 799 1296 512 
4 605 799 1048 857 
5 370 772 857 1048 876 
5 372 16 1687 1688 1782 
5 372 370 876 875 16 
5 1675 1676 1800 1782 1688 
5 605 857 772 1800 1676 
5 133 134 911 1190 1664 
5 1848 1849 997 1920 886 
5 1531 1532 1882 1849 1848 
5 293 138 1532 1882 1883 
6 291 293 1883 996 532 496 
5 291 496 855 1191 1247 
6 855 891 1919 911 1190 1191 
5 112 925 1727 1796 1097 
5 362 1704 1708 1748 1795 
5 362 1488 1097 1796 1795 
6 490 850 1590 1594 1356 1603 
5 397 354 1589 1590 850 
5 401 1052 1219 1233 1181 
5 332 842 1028 295 853 
4 401 606 1250 1181 
5 402 605 799 403 1431 
5 402 605 1676 1680 702 
5 73 1378 1473 1320 1438 
6 403 799 1296 1115 1438 1320 
6 702 1306 1346 1204 1679 1680 
6 402 702 1306 1378 1473 1431 
4 403 1320 1473 1431 
6 1 581 1679 1680 948 840 
5 385 386 1075 947 404 
5 385 404 702 1306 1420 
5 404 702 1680 948 947 
6 409 406 473 1343 1759 1212 
5 661 662 1003 1138 1237 
6 408 409 1212 1018 779 944 
5 406 407 405 895 473 
4 409 406 407 408 
4 56 258 399 1194 
6 345 55 1195 1103 1127 1118 
5 400 399 1194 1195 1103 
5 390 400 1103 1127 624 
4 345 708 382 1118 
5 381 382 708 707 259 
5 357 1554 1558 781 1935 
6 313 781 1558 1557 1749 1757 
4 524 525 515 1767 
5 314 525 515 1713 1932 
6 314 313 1757 388 524 525 
6 464 620 927 1222 1339 668 
5 620 927 978 1645 1644 
6 1644 1645 317 1844 1833 1056 
4 977 978 1645 317 
5 315 1034 1637 1340 1221 
6 1302 1601 1637 1034 1845 1834 
6 977 978 927 1222 1221 315 
6 1055 1056 1833 1834 1302 1258 
7 402 605 857 1089 147 607 608 
6 409 406 608 402 1431 1432 
6 1088 1089 147 1343 1759 1760 
5 410 1049 1088 1760 1201 
4 1212 1213 1432 409 
6 403 410 1201 1213 1432 1431 
4 406 473 607 608 
5 403 410 1049 1048 799 
5 655 786 250 1259 1260 
5 1259 1260 185 1893 1666 
4 655 764 185 1260 
6 68 66 250 786 937 412 
5 413 596 303 930 1305 
6 413 465 1087 1086 1304 1305 
5 303 734 1298 41 930 
6 415 733 1280 414 1386 1387 
4 413 465 1281 596 
4 415 1299 1151 1387 
5 1086 1087 414 1386 586 
5 465 1087 414 1280 1281 
6 717 718 1304 1305 930 41 
5 733 734 1298 1299 415 
5 379 1300 1569 1588 1524 
5 374 379 1524 1544 1492 
5 416 821 374 1492 1491 
5 416 821 1659 958 950 
6 368 958 1659 1631 1826 1825 
5 949 950 416 1491 1325 
4 196 595 1565 1626 
5 175 752 1527 1192 1193 
5 47 417 1184 1897 1899 
6 417 418 638 1396 1183 1184 
4 47 417 418 48 
5 48 418 638 982 790 
6 790 872 1809 1818 981 982 
5 1395 1396 1183 1719 1720 
4 721 1583 1152 1765 
5 721 722 334 1775 1765 
6 334 711 933 1634 1655 722 
4 419 423 422 421 
6 306 423 419 1313 1412 475 
6 1182 1234 52 1411 1744 1739 
6 420 401 1181 1182 1739 1738 
6 184 614 416 1491 526 627 
5 416 614 1330 1428 950 
4 526 627 1876 1869 
5 184 627 1876 1697 909 
6 1697 1730 1865 1868 1869 1876 
5 875 876 1991 1265 14 
5 940 967 1662 1661 1116 
5 1264 1265 14 1662 967 
5 410 1049 1992 1985 1198 
6 403 410 1198 1197 1319 1320 
5 1048 1049 1992 1991 876 
5 550 802 1122 424 847 
5 504 505 590 589 561 
4 504 505 1752 108 
4 57 58 726 1137 
7 414 1057 1266 1400 1794 1839 1087 
4 414 1057 1332 1386 
5 1057 1266 1425 157 1332 
5 1136 1425 157 1464 1465 
5 425 130 782 478 1620 
6 395 396 1711 1736 1733 1734 
5 1693 1694 395 1734 1907 
5 1648 1649 396 1711 109 
5 543 832 647 873 874 
4 239 346 507 506 
5 347 491 1493 1494 1576 
5 346 347 1576 1575 507 
6 287 647 873 957 969 766 
5 510 511 1489 686 1015 
5 830 902 142 1010 1490 
5 142 902 1408 1286 1096 
5 830 902 1408 1616 1044 
5 986 1000 1192 1527 1550 
5 426 972 195 1207 1208 
5 426 300 295 1028 972 
5 387 1042 1222 1221 1758 
6 387 558 1198 1985 1986 1042 
5 1088 1340 1221 1758 1760 
4 558 1198 410 1201 
6 1049 1088 1340 1339 1993 1992 
5 1042 1222 1339 1993 1986 
6 108 478 1620 1618 1754 1752 
6 181 180 373 375 492 1078 
5 373 180 182 862 780 
5 179 181 1078 1041 955 
4 427 371 954 863 
6 427 428 750 1166 1171 371 
6 376 428 427 863 862 780 
4 375 492 1084 601 
4 376 428 750 600 
5 358 897 1161 1337 1632 
5 358 1585 1591 1614 1632 
6 1093 1285 1263 1958 1959 1350 
6 819 820 1337 1161 1285 1093 
4 897 1161 1285 1263 
6 761 1190 1664 1663 1252 1291 
6 429 516 1175 974 741 1157 
5 429 664 649 1158 1157 
5 431 882 1496 1510 1269 
5 693 947 1075 1594 1590 
6 352 916 994 693 1590 1589 
4 353 844 1595 1572 
4 245 840 948 1045 
6 947 948 1045 675 994 693 
6 431 430 675 1045 245 1269 
5 431 430 916 352 882 
4 430 675 994 916 
4 434 435 1179 1054 
5 433 434 1054 432 615 
6 326 329 1834 1833 816 573 
6 329 325 1507 1511 1845 1834 
5 432 573 816 1179 1054 
6 816 1179 435 1318 1844 1833 
6 325 327 615 433 1508 1507 
6 434 435 1318 1512 1508 433 
5 326 327 615 432 573 
6 1023 1359 528 1872 1882 1532 
5 528 744 345 1118 1872 
6 436 696 708 382 1900 1901 
6 496 532 1914 1903 609 610 
5 33 530 891 532 1914 
6 496 610 548 874 1831 855 
4 439 438 437 1832 
6 437 530 891 855 1831 1832 
5 873 874 1831 1832 439 
6 34 438 439 873 957 1271 
5 438 437 530 33 34 
4 609 610 548 956 
5 405 490 850 896 895 
6 661 662 785 796 555 1321 
5 398 555 1321 810 837 
5 398 555 796 795 633 
5 466 662 785 784 984 
4 287 647 1953 1418 
6 439 677 1952 1953 647 873 
5 28 545 220 1139 1140 
7 94 219 220 545 881 1257 1248 
6 219 218 1418 1953 1952 94 
4 34 438 1257 881 
5 439 438 1257 1248 677 
6 318 27 1772 1773 440 494 
6 440 494 823 721 1765 1790 
6 316 823 721 1583 1581 1123 
6 515 525 1581 1583 1152 1107 
4 314 525 1581 1123 
5 889 890 1768 1781 1684 
4 316 318 494 823 
5 639 1042 387 1742 1741 
6 491 1493 1541 1549 1742 1741 
6 347 639 1042 1986 1568 1576 
6 173 753 1430 1494 1576 1568 
6 1197 1198 558 1550 1527 752 
6 365 622 1163 1164 1816 1815 
5 367 365 622 1126 829 
5 768 769 441 1569 1588 
5 731 829 1126 1225 1226 
5 441 769 153 938 939 
6 441 939 1105 1164 1816 1569 
6 730 731 829 367 1692 1691 
6 650 651 188 758 1536 1574 
6 426 300 1887 498 1066 1067 
5 972 973 1732 1067 426 
5 973 1234 52 1731 1732 
5 319 485 834 469 755 
6 178 319 755 754 822 177 
5 177 614 416 821 822 
5 1227 1251 1001 1838 1764 
5 290 644 841 1164 1105 
5 119 890 1768 1206 1205 
5 644 841 1206 1768 1781 
6 385 404 608 406 407 1604 
5 405 407 1604 1603 490 
6 607 608 404 947 693 149 
5 149 693 1590 850 896 
4 386 1075 1594 1356 
6 443 442 391 773 736 737 
4 444 443 442 1621 
6 243 9 535 1210 1975 1973 
5 243 241 484 1324 1973 
4 228 187 626 578 
5 1323 1324 1973 1975 92 
5 483 484 241 1434 739 
5 202 571 1738 420 628 
5 419 1313 445 1983 1982 
6 419 421 205 204 1981 1982 
5 263 264 445 1983 1984 
6 204 203 267 263 1984 1981 
5 355 571 1738 1743 613 
5 559 743 1303 1082 751 
5 1155 1156 1322 1238 678 
5 185 186 678 1238 1260 
5 1156 1322 349 1972 1970 
6 224 349 1322 1238 1260 655 
5 722 1457 1545 1573 1655 
5 334 722 1457 1453 1277 
5 682 1112 1573 1545 1546 
4 125 801 934 1377 
4 129 682 1546 865 
6 864 865 1546 1545 1457 1453 
5 855 1191 1598 1830 1831 
7 437 215 213 1498 1605 1829 1832 
5 437 215 836 1866 530 
6 271 189 712 713 236 233 
5 270 271 189 646 446 
5 270 446 541 540 124 
5 340 190 646 446 541 
6 340 190 712 713 640 641 
5 603 604 237 1526 1555 
6 302 733 415 2015 2017 2013 
5 734 1298 1352 1746 1745 
5 415 1299 1351 393 2015 
5 393 486 1449 2017 2015 
4 304 302 2013 919 
5 304 919 1007 1476 1475 
5 1076 1077 447 1699 653 
5 447 448 449 1698 1699 
6 447 448 1174 1173 383 1077 
5 270 446 449 448 1174 
5 189 191 1407 1406 271 
4 383 311 1076 1077 
5 446 449 1698 1085 646 
5 499 500 692 691 570 
5 452 451 1275 500 692 
6 451 199 771 695 1274 1275 
5 90 87 831 1274 695 
5 450 452 692 691 963 
5 450 198 199 451 452 
5 198 197 962 963 450 
4 921 922 1762 1862 
5 1860 1863 150 1874 1877 
5 208 1187 150 1874 1873 
7 921 922 809 1865 1868 1836 1005 
6 453 454 1472 1471 793 794 
5 455 454 1472 289 630 
5 629 630 289 1231 1232 
4 1144 1293 1856 1948 
5 456 550 847 787 594 
5 456 103 1347 1402 594 
5 23 630 289 806 805 
5 23 22 170 629 630 
6 170 36 762 154 1232 629 
6 828 829 731 942 539 1362 
6 1789 1790 440 1791 1795 362 
6 424 1122 1792 1791 440 1773 
5 221 220 545 544 533 
5 328 336 183 1884 1885 
5 500 692 431 1269 1270 
4 499 500 1270 244 
4 674 675 1045 1801 
5 245 246 1802 1801 1045 
5 431 430 1043 691 692 
5 674 675 430 1043 1348 
4 343 529 982 981 
5 1102 1103 1195 1809 872 
6 528 529 982 790 1910 1872 
4 1102 1103 1127 1908 
5 951 952 867 1058 728 
6 457 307 305 951 728 729 
6 423 422 791 1918 729 457 
6 305 310 1220 792 952 951 
6 867 952 792 1053 1069 1068 
4 423 457 307 306 
6 625 811 1009 1584 1582 824 
6 458 436 1901 1895 443 444 
4 443 737 1282 1895 
5 991 1072 1602 1405 1349 
5 181 912 989 1079 1078 
6 988 989 1079 1258 1302 1109 
4 32 681 1859 724 
6 724 725 1888 1879 1861 1859 
6 438 437 215 96 1256 1257 
4 99 104 725 1888 
6 33 530 1866 1861 1859 681 
6 1545 1573 1608 978 1645 1685 
4 1582 1584 1656 1607 
6 317 316 823 1517 1685 1645 
7 977 978 1608 1607 1582 1581 1123 
6 1452 1518 495 1791 1795 1748 
5 435 495 1518 1180 1179 
5 142 902 1180 1518 1452 
6 434 435 495 1791 1792 591 
5 434 591 1427 1409 1054 
5 1096 1286 1426 1727 1747 
6 1426 1427 591 1792 1796 1727 
6 64 337 1476 1475 672 60 
6 534 854 919 304 898 1038 
5 12 485 834 568 567 
5 319 755 1007 919 854 
4 60 501 899 672 
5 418 638 673 848 849 
4 816 1117 1056 1833 
5 494 495 435 1318 318 
5 1056 1117 1421 1686 1644 
6 1180 1421 1686 1685 1517 1518 
5 481 995 1756 1949 1950 
6 439 677 1756 995 1829 1832 
5 543 611 1830 1831 874 
6 450 963 1229 1230 1744 1739 
5 194 621 1701 1732 973 
4 450 198 1182 1739 
6 621 687 1131 1483 1942 1701 
5 1411 1466 1482 1230 1744 
6 216 101 102 565 846 1134 
4 551 552 565 846 
4 929 930 41 1904 
4 929 930 1305 1922 
4 458 436 696 520 
5 442 366 584 1592 1621 
7 443 442 366 546 547 1894 1895 
6 458 444 1621 1592 720 520 
5 719 720 1592 584 826 
5 414 1057 1974 1215 1280 
7 302 1215 1974 1976 1073 2012 2013 
6 1006 1301 1387 415 2015 2014 
6 1331 1332 1057 1974 1976 654 
5 680 681 1859 1860 1750 
4 184 627 989 912 
6 988 989 627 1876 1877 330 
5 330 724 1859 1860 1877 
5 1021 1040 1072 1602 1638 
5 430 916 1654 990 1043 
5 1020 1021 1638 1279 148 
7 674 675 994 993 148 1279 1278 
4 309 305 951 1203 
6 987 1487 1890 1893 1666 1665 
5 1214 1215 1974 1973 243 
5 449 1083 1162 1639 1698 
5 1016 1162 1639 1535 1613 
5 441 939 1016 1162 1083 
6 446 449 1083 441 769 541 
4 340 190 188 651 
4 388 524 824 723 
4 297 992 1036 1771 
5 625 824 723 992 1036 
5 265 1336 1946 1943 1805 
6 60 672 1983 445 1335 1314 
5 262 263 1984 1745 1746 
5 264 445 1335 1336 265 
5 356 487 1426 1727 925 
4 494 495 1791 440 
4 292 291 496 610 
5 532 996 536 1913 1914 
5 46 45 887 888 294 
5 294 46 1911 1883 293 
4 10 1451 804 1909 
6 609 610 292 888 887 961 
5 432 151 152 1409 1054 
5 432 151 1878 1889 615 
5 591 1130 1514 1468 1427 
5 433 434 591 1130 1169 
5 433 615 1889 1168 1169 
6 802 976 1798 1797 1514 1130 
5 456 550 802 1130 1169 
5 456 103 98 1168 1169 
5 24 727 1477 1470 1312 
5 1294 1466 1482 1477 1470 
5 560 868 1483 1942 1940 
5 26 472 97 1347 1402 
5 24 26 472 471 727 
5 1230 1646 613 1743 1744 
4 445 1313 1412 1335 
6 723 824 1582 1607 1723 1724 
6 396 398 555 348 1710 1711 
5 394 278 277 350 631 
5 350 277 796 555 348 
5 269 268 1681 1734 395 
6 394 631 1735 1736 1733 1677 
4 373 180 177 822 
5 359 1129 1159 1153 1154 
6 359 1154 1275 500 1270 1170 
6 249 579 861 1725 1726 1128 
5 156 158 1124 1274 831 
6 158 1124 1153 1159 1722 1721 
6 210 209 685 684 339 946 
4 339 514 576 946 
6 684 685 367 829 828 217 
6 107 572 1970 1156 1186 1243 
5 1156 1186 810 1321 1322 
5 349 348 555 1321 1322 
5 1528 1529 1523 1546 682 
5 1390 1441 1523 1529 1556 
6 688 839 865 1546 1523 1441 
5 238 292 610 548 234 
6 638 673 776 1360 529 982 
6 294 46 48 418 849 519 
6 24 25 1035 1021 1040 727 
4 329 1109 1302 1834 
5 1034 1035 1021 1638 1637 
4 325 472 26 1507 
5 276 225 222 350 277 
6 276 225 1381 1309 1310 1375 
4 13 1307 1504 1563 
5 1562 1563 13 2009 632 
5 631 632 1562 1537 394 
6 413 729 1918 1924 1922 1305 
5 413 465 1551 728 729 
4 465 1087 1839 1551 
6 1001 1058 728 1551 1839 1838 
5 364 365 622 549 131 
5 131 132 1458 583 364 
5 684 685 583 1458 338 
5 523 765 1282 1287 885 
5 736 737 1282 765 2 
5 223 226 968 704 168 
5 226 968 971 705 1017 
4 1071 1400 1794 1606 
5 412 312 705 1017 937 
4 5 272 620 464 
6 272 620 1644 1686 1523 1529 
5 6 582 825 923 884 
6 6 582 1101 1117 1056 1055 
5 378 379 1524 924 1178 
5 448 380 1338 1083 449 
5 378 380 448 1174 1178 
5 441 1083 1338 1300 1569 
4 323 1063 1506 1081 
5 407 408 280 598 1604 
5 1237 1238 1322 1321 661 
5 280 281 943 944 408 
6 358 645 1033 1826 1631 1632 
5 841 1033 1826 1816 1164 
4 644 645 1033 841 
5 997 1762 1862 1915 1920 
6 900 901 447 1699 1642 251 
5 279 900 251 1039 1094 
6 279 566 1261 1262 901 900 
5 447 448 380 1262 901 
6 1161 1162 1639 1643 1284 1285 
6 522 592 1672 1562 632 1189 
5 40 1537 1562 1672 1669 
5 425 130 132 1458 1593 
5 967 968 226 1538 1662 
5 459 384 383 1077 1114 
5 459 384 1265 14 17 
5 459 17 1423 1113 1114 
5 400 63 1847 1102 1103 
6 399 61 62 1288 1858 1194 
5 250 251 900 985 786 
4 312 72 68 412 
4 447 901 1114 1077 
5 274 320 980 606 275 
6 420 401 606 275 936 628 
6 422 421 205 200 342 791 
4 363 812 1069 1053 
5 830 902 1180 1421 1442 
6 600 750 459 1114 901 1262 
5 276 225 985 900 279 
6 376 428 1370 1309 1310 377 
5 459 17 1370 428 750 
5 459 384 1165 1166 750 
5 378 601 1084 1334 1178 
6 375 374 1492 527 493 492 
6 526 527 493 1079 989 627 
6 728 951 1203 1254 1552 1551 
5 413 596 808 457 729 
5 309 242 588 1254 1203 
4 588 918 1552 1254 
5 457 307 240 807 808 
5 456 594 1508 433 1169 
5 327 615 1889 1888 725 
4 94 219 621 1701 
5 426 1067 1955 1956 1208 
5 313 315 1221 1758 1757 
4 926 927 978 1608 
5 442 366 1835 1837 391 
7 175 1193 1534 1539 1473 1320 1319 
6 986 1000 1533 1540 1432 1213 
4 668 1339 1993 1994 
6 272 507 346 926 927 620 
6 427 863 335 1504 1307 1371 
6 1503 1504 335 2014 2015 393 
4 427 428 1370 1371 
6 1592 1593 425 1620 1618 720 
6 364 131 783 504 505 827 
5 787 847 424 1773 1772 
5 802 1122 1792 591 1130 
5 370 876 1991 1995 1172 
5 372 16 1371 427 371 
6 462 460 509 1481 1440 665 
6 461 508 275 606 1250 871 
5 331 462 665 869 1394 
4 460 461 508 509 
6 462 460 461 871 870 331 
6 1088 1089 1279 1638 1637 1340 
4 149 693 994 993 
6 352 355 613 1646 1654 916 
6 157 158 1124 694 1424 1425 
6 450 452 883 571 1738 1739 
5 431 692 452 883 882 
4 402 608 404 702 
5 408 409 1432 1540 280 
5 13 1563 1559 1702 1678 
6 573 816 1117 1101 1873 1874 
5 432 151 150 1874 573 
5 330 326 573 1874 1877 
5 419 423 457 808 1982 
4 342 791 1918 1924 
6 201 204 1981 303 930 929 
6 168 74 75 1032 671 223 
6 589 590 715 1033 841 1206 
5 694 1124 1153 463 1624 
5 463 429 516 1159 1153 
5 463 429 1157 1623 1624 
6 715 1033 645 1855 1856 1293 
5 1020 1021 1035 781 1558 
4 147 148 1279 1089 
6 788 789 335 1504 1563 1559 
5 231 1703 1688 1782 1803 
4 333 998 1530 1564 
4 1486 1487 1890 953 
4 866 867 952 1891 
6 948 1045 1801 1800 1676 1680 
5 662 785 1094 1039 1003 
6 339 521 593 392 945 946 
5 1253 1254 1552 1606 411 
6 241 484 1071 1606 1552 918 
4 451 199 871 461 
6 451 461 508 679 883 452 
5 451 461 460 1154 1275 
5 460 509 1047 359 1154 
4 6 493 527 582 
6 488 649 1158 998 333 1268 
5 462 463 1153 1154 460 
6 331 462 463 1624 1626 1565 
5 463 429 664 665 462 
5 464 620 1644 1056 1055 
5 898 899 501 1037 1038 
6 918 1196 1281 465 1551 1552 
5 467 1002 1138 1003 1628 
5 468 642 1060 1061 1059 
5 1452 1453 1277 1708 1748 
5 833 834 469 1145 959 
4 1729 1730 1865 809 
4 747 1310 1375 1374 
5 835 836 1866 1916 1013 
6 721 722 1655 1656 1584 1583 
4 476 477 1326 706 
5 714 1001 1838 1793 1344 
5 480 679 1495 1597 1596 
5 482 1150 1459 1610 1586 
4 483 484 1071 1070 
5 833 834 485 1241 1429 
6 919 1007 1448 1449 2017 2013 
6 780 862 2016 2017 1449 1354 
5 1413 1414 486 1449 1448 
4 1426 1427 1468 487 
4 488 869 1394 1268 
7 835 836 1879 1878 489 1560 1561 
5 910 911 1919 1916 1013 
5 1697 1750 1860 1877 1876 
4 492 493 1079 1078 
5 494 495 1518 1517 823 
5 721 722 1457 1517 823 
4 496 532 891 855 
5 499 500 1275 1274 831 
5 510 511 1044 1616 1615 
4 512 513 1295 1296 
4 516 1159 1722 1175 
4 517 518 1437 940 
4 700 701 1051 931 
5 700 701 519 849 848 
6 520 696 708 707 719 720 
5 1115 1116 1519 1520 1141 
5 1190 1191 1598 1822 761 
6 851 852 523 1915 1916 1013 
5 524 525 1581 1582 824 
4 526 527 1492 1491 
4 528 529 1360 1359 
5 530 891 1919 1916 1866 
6 894 1006 2014 2016 2012 1073 
5 854 919 2013 2012 1095 
6 532 891 1919 1920 997 996 
6 534 535 1210 1209 1095 854 
6 805 806 1125 828 1362 1361 
5 996 997 1762 1761 536 
5 569 570 1668 1667 537 
4 538 539 942 941 
4 540 541 769 768 
5 1128 1129 1159 1722 1726 
4 544 545 881 880 
5 546 547 809 1865 1864 
5 1619 1657 1693 1907 1906 
5 772 857 1089 1279 1278 
5 1300 1569 1816 1826 1631 
5 873 874 548 956 957 
5 814 815 1091 1090 549 
5 760 761 1190 911 910 
5 561 589 1206 1205 1160 
5 741 974 1465 1136 1135 
5 743 1303 1969 1971 1484 
5 671 1032 1611 2001 2003 
6 845 846 565 1755 1756 995 
5 812 813 660 1068 1069 
4 819 820 1261 566 
5 600 601 1084 1166 750 
5 575 576 1327 893 892 
6 1016 1050 1415 1766 1777 1613 
4 577 578 670 669 
4 579 580 860 861 
5 582 825 1389 1267 1101 
5 923 924 1178 1334 884 
5 892 893 1456 1463 740 
5 583 584 1592 1593 1458 
5 807 808 596 1281 1196 
5 760 761 1822 1821 1497 
6 1808 1809 872 1899 1897 1355 
5 903 904 1898 1843 1842 
5 880 881 1257 1256 602 
5 603 604 1462 1463 740 
6 605 799 1296 1295 1675 1676 
5 979 980 606 1250 1249 
6 624 1127 1908 1909 804 1235 
5 1016 1050 897 1161 1162 
4 1457 1517 1685 1545 
5 635 636 1329 1330 909 
5 981 982 638 1396 1395 
5 926 927 1222 1042 639 
4 650 651 699 698 
5 652 653 1699 1698 1085 
4 654 894 1073 1976 
5 655 764 1146 937 786 
6 1339 1340 1637 1601 1397 668 
5 1141 1142 1204 1346 966 
6 677 1248 1926 1925 1755 1756 
5 882 883 679 1495 1496 
5 786 937 1017 1113 985 
5 962 963 1229 1131 687 
5 688 893 1327 1502 1501 
6 758 1085 1698 1639 1535 1536 
4 694 695 1274 1124 
4 697 868 1483 1131 
6 705 1017 1113 1114 1077 1076 
4 1413 1414 1690 1807 
5 1183 1184 1897 1355 1719 
5 866 867 1058 1001 714 
5 715 716 1825 1826 1033 
5 727 1040 1999 1996 1477 
5 728 729 1918 1917 1058 
5 1141 1142 1150 1459 1520 
4 730 731 942 941 
5 1104 1105 1164 1163 732 
5 905 906 735 1964 1963 
6 1309 1310 747 1503 1504 1307 
5 748 1406 1384 1567 1575 
5 749 1100 1301 1387 1151 
6 843 844 1595 1594 1075 1074 
5 754 755 1007 1448 1353 
6 921 922 1894 1895 1282 765 
5 1003 1039 1284 1640 1628 
5 969 970 1025 1024 766 
5 1022 1023 1359 1360 776 
5 777 778 869 1394 1393 
4 784 785 796 795 
4 1307 1309 1370 1371 
5 1068 1069 791 1918 1917 
6 1583 1584 1009 1696 1695 1152 
4 803 913 1625 1623 
6 804 1235 1429 1241 1450 1451 
5 1086 1087 1839 1838 1764 
5 816 1117 1421 1180 1179 
5 1585 1591 1804 1960 1957 
4 828 829 1126 1125 
5 864 865 839 1149 1148 
5 947 948 840 1074 1075 
5 1163 1164 841 1206 1205 
6 842 1028 1233 1181 1250 1249 
5 1148 1149 1501 1490 1010 
5 1057 1266 1324 1973 1974 
5 1048 1049 1088 1089 857 
4 870 871 1250 1249 
5 885 886 1848 1852 1287 
5 1223 1224 1410 1539 1534 
5 900 901 1114 1113 985 
6 1179 1180 902 1408 1409 1054 
4 907 908 1139 1140 
5 988 989 912 1884 1885 
6 993 994 916 1654 1999 2000 
6 1078 1079 1258 1397 1404 1041 
4 938 939 1105 1104 
5 1115 1116 940 1437 1438 
5 1112 1376 1634 1655 1573 
5 954 955 1436 1667 1635 
4 956 957 969 970 
5 958 959 1145 1658 1659 
5 1278 1279 1638 1602 1405 
5 972 973 1234 1233 1028 
6 974 1175 1722 1721 1464 1465 
5 1018 1019 986 1213 1212 
7 1515 1516 2010 2011 1189 1988 1990 
4 1197 1198 1985 1177 
5 990 991 1349 1348 1043 
4 1559 1671 1636 1702 
6 999 1098 1536 1535 1240 1239 
5 1192 1193 1534 1533 1000 
5 1001 1058 1917 1912 1251 
5 1217 1218 1446 1939 1933 
5 1004 1005 1187 1653 1652 
5 1020 1021 1040 1999 2000 
5 1031 1092 1167 1209 1095 
5 1093 1094 1039 1284 1285 
5 1066 1067 1732 1731 1399 
6 1108 1109 1302 1601 1602 1072 
5 1209 1210 1975 1976 1073 
6 1155 1156 1970 1969 1303 1082 
5 1161 1162 1083 1338 1337 
5 1165 1166 1084 1334 1333 
5 1101 1117 1421 1442 1267 
5 1118 1127 1908 1910 1872 
5 1207 1208 1956 1953 1418 
5 1153 1154 1275 1274 1124 
5 1168 1169 1130 1514 1513 
5 1229 1230 1482 1483 1131 
5 1190 1191 1247 1630 1664 
5 1143 1144 1293 1292 1137 
5 1237 1238 1260 1259 1138 
5 1209 1210 1272 1273 1167 
5 1269 1270 1170 1509 1510 
5 1173 1174 1178 1334 1333 
6 1264 1265 1991 1992 1985 1177 
4 1181 1182 1234 1233 
6 1194 1195 1809 1808 1857 1858 
5 1214 1215 1280 1281 1196 
5 1212 1213 1201 1760 1759 
4 1202 1203 1254 1253 
6 1323 1324 1266 1425 1424 1211 
4 1221 1222 1339 1340 
6 1227 1251 1912 1923 1921 1328 
4 1228 1283 1709 1660 
5 1428 1429 1235 1729 1730 
5 1329 1330 1428 1429 1241 
4 1256 1257 1248 1926 
5 1246 1435 1521 1500 1499 
4 1258 1302 1601 1397 
6 1284 1285 1263 1447 1641 1640 
5 1389 1390 1441 1442 1267 
5 1276 1566 1548 1785 1778 
5 1282 1287 1852 1901 1895 
5 1408 1409 1427 1426 1286 
5 1288 1289 1308 1857 1858 
4 1298 1299 1351 1352 
5 1337 1338 1300 1631 1632 
5 1331 1332 1386 1387 1301 
5 1304 1305 1922 1921 1328 
5 1345 1346 1306 1420 1419 
5 1335 1336 1946 1938 1314 
5 1368 1369 1650 1651 1315 
4 1343 1557 1749 1759 
5 1511 1512 1318 1844 1845 
4 1319 1320 1438 1437 
6 1491 1492 1544 1715 1716 1325 
5 1348 1349 1436 1667 1668 
6 1350 1647 1806 1804 1960 1959 
4 1353 1354 1449 1448 
5 1719 1720 1817 1808 1355 
5 1379 1380 1595 1594 1356 
5 1416 1417 1357 1434 1433 
4 1415 1447 1641 1766 
4 1376 1377 1383 1382 
4 1378 1410 1539 1473 
6 1381 1423 1538 2003 2010 2008 
6 1413 1414 1746 1745 1475 1476 
4 1384 1385 1407 1406 
4 1388 1474 1636 1650 
5 1404 1405 1602 1601 1397 
5 1400 1401 1737 1793 1794 
5 1441 1442 1421 1686 1523 
5 1431 1432 1540 1539 1473 
6 1455 1456 1463 1462 1820 1819 
5 1471 1472 1522 1521 1435 
6 1505 1506 1786 1785 1548 1547 
4 1443 1444 1465 1464 
5 1640 1641 1766 1777 1445 
4 1450 1451 1479 1478 
5 1452 1453 1457 1517 1518 
5 1495 1496 1510 1509 1454 
5 1519 1520 1459 1610 1611 
5 1482 1483 1942 1941 1466 
4 1467 1468 1514 1513 
4 1497 1498 1605 1821 
4 1484 1485 1516 1515 
4 1489 1490 1501 1502 
5 1503 1504 1563 1562 1537 
4 1507 1508 1512 1511 
5 1804 1805 1943 1947 1591 
5 1542 1543 1770 1965 1967 
5 1545 1546 1523 1686 1685 
5 1524 1544 1715 1691 1588 
5 1560 1561 1525 1570 1571 
5 1528 1529 1556 1555 1526 
5 1564 1565 1626 1625 1530 
4 1533 1534 1539 1540 
5 1535 1536 1574 1612 1613 
5 1661 1662 1538 2003 2001 
5 1547 1548 1566 1818 1817 
5 1551 1552 1606 1794 1839 
4 1553 1554 1558 1557 
5 1562 1563 1559 1671 1672 
4 1567 1568 1576 1575 
6 1569 1588 1691 1692 1815 1816 
5 1589 1590 1594 1595 1572 
5 1607 1608 1573 1655 1656 
4 1577 1578 1580 1579 
4 1581 1582 1584 1583 
6 1585 1591 1947 1948 1856 1855 
5 1610 1611 2001 2002 1586 
5 1612 1613 1777 1776 1587 
4 1592 1593 1622 1621 
4 1596 1597 1600 1599 
6 1821 1822 1598 1830 1829 1605 
4 1601 1602 1638 1637 
5 1631 1632 1614 1658 1659 
4 1615 1616 1653 1652 
4 1623 1624 1626 1625 
5 1707 1708 1748 1747 1627 
4 1628 1629 1641 1640 
5 1663 1664 1630 1811 1810 
4 1633 1634 1655 1656 
5 1667 1668 1802 1803 1635 
5 1650 1651 1703 1702 1636 
5 1642 1643 1639 1698 1699 
4 1644 1645 1685 1686 
4 1646 1654 1999 1996 
5 1689 1690 1807 1806 1647 
5 1673 1674 1657 1693 1694 
4 1665 1666 1683 1682 
4 1669 1670 1671 1672 
4 1675 1676 1680 1679 
4 1677 1681 1734 1733 
5 1687 1688 1703 1702 1678 
4 1691 1692 1716 1715 
5 1729 1730 1697 1750 1761 
5 1717 1718 1700 1719 1720 
5 1731 1732 1701 1942 1941 
4 1704 1705 1707 1708 
5 1706 1714 1950 1949 1740 
4 1710 1711 1736 1735 
5 1733 1734 1907 1906 1712 
4 1721 1722 1726 1725 
4 1723 1724 1742 1741 
5 1747 1748 1795 1796 1727 
5 1728 1740 1949 1756 1755 
5 1763 1764 1838 1793 1737 
4 1738 1739 1744 1743 
5 1757 1758 1760 1759 1749 
6 1761 1762 1862 1863 1860 1750 
4 1751 1752 1754 1753 
5 1774 1775 1765 1790 1789 
4 1778 1779 1786 1785 
5 1800 1801 1802 1803 1782 
4 1783 1784 1798 1797 
4 1791 1792 1796 1795 
4 1793 1794 1839 1838 
4 1804 1805 1807 1806 
4 1808 1809 1818 1817 
4 1813 1814 1821 1822 
4 1815 1816 1826 1825 
4 1819 1820 1828 1827 
4 1829 1830 1831 1832 
4 1833 1834 1845 1844 
5 1836 1837 1835 1867 1868 
4 1842 1843 1847 1846 
5 1848 1849 1900 1901 1852 
4 1850 1851 1855 1856 
4 1853 1854 1858 1857 
4 1859 1860 1863 1861 
6 1862 1863 1861 1866 1916 1915 
4 1864 1865 1868 1867 
5 1873 1874 1877 1876 1869 
4 1870 1871 1884 1885 
5 1882 1883 1911 1910 1872 
4 1878 1879 1888 1889 
4 1894 1895 1901 1900 
4 1896 1897 1899 1898 
4 1902 1903 1914 1913 
4 1904 1905 1906 1907 
4 1908 1909 1911 1910 
5 1917 1918 1924 1923 1912 
4 1915 1916 1919 1920 
4 1921 1922 1924 1923 
5 1925 1926 1940 1939 1933 
4 1927 1928 1930 1929 
4 1931 1932 1935 1934 
5 1936 1937 1945 1946 1938 
4 1939 1940 1942 1941 
5 1945 1946 1943 1947 1948 
5 1949 1950 1944 1956 1955 
4 1952 1953 1956 1955 
4 1957 1958 1959 1960 
4 1969 1970 1972 1971 
4 1973 1974 1976 1975 
4 1977 1978 1980 1979 
4 1981 1982 1983 1984 
4 1985 1986 1993 1992 
4 1987 1988 1990 1989 
5 1992 1993 1994 1995 1991 
5 1997 1998 1996 1999 2000 
5 2001 2002 2011 2010 2003 
4 2004 2005 2007 2006 
4 2008 2009 2011 2010 
4 2012 2013 2017 2016 
4 2014 2015 2017 2016 
CELL_DATA 1839
SCALARS is_fixed double
LOOKUP_TABLE default
0
0
0
0
0
0
0
0
0
0
0
0
0
0
0
0
0
0
0
0
0
0
0
0
0
0
0
0
0
0
0
0
0
0
0
0
0
0
0
0
0
0
0
0
0
0
0
0
0
0
0
0
0
0
0
0
0
0
0
0
0
0
0
0
0
0
0
0
0
0
0
0
0
0
0
0
0
0
0
0
0
0
0
0
0
0
0
0
0
0
0
0
0
0
0
0
0
0
0
0
0
0
0
0
0
0
0
0
0
0
0
0
0
0
0
0
0
0
0
0
0
0
0
0
0
0
0
0
0
0
0
0
0
0
0
0
0
0
0
0
0
0
0
0
0
0
0
0
0
0
0
0
0
0
0
0
0
0
0
0
0
0
0
0
0
0
0
0
0
0
0
0
0
0
0
0
0
0
0
0
0
0
0
0
0
0
0
0
0
0
0
0
0
0
0
0
0
0
0
0
0
0
0
0
0
0
0
0
0
0
0
0
0
0
0
0
0
0
0
0
0
0
0
0
0
0
0
0
0
0
0
0
0
0
0
0
0
0
0
0
0
0
0
0
0
0
0
0
0
0
0
0
0
0
0
0
0
0
0
0
0
0
0
0
0
0
0
0
0
0
0
0
0
0
0
0
0
0
0
0
0
0
0
0
0
0
0
1
0
0
0
0
1
0
0
0
0
0
0
0
0
0
0
0
0
0
0
0
0
0
0
0
0
0
1
0
0
0
0
0
0
0
0
0
0
0
0
1
0
0
0
0
0
0
0
0
0
0
0
0
0
0
0
0
0
0
0
0
0
0
0
0
0
0
0
0
0
0
0
0
0
0
0
0
0
0
0
0
0
0
0
0
0
0
0
0
0
0
0
0
0
0
0
0
0
0
0
0
0
0
0
0
0
0
0
0
0
0
0
0
0
0
0
0
0
0
0
0
0
0
0
0
0
0
0
0
0
0
0
0
0
0
0
0
0
0
0
0
0
0
0
0
0
0
0
0
0
0
0
0
0
0
0
0
0
0
0
0
0
0
0
0
0
0
0
0
0
0
0
0
0
0
0
0
0
0
0
0
0
0
0
0
0
0
0
0
0
0
0
0
0
0
0
0
0
0
0
0
0
0
0
0
0
0
0
0
0
0
0
0
0
0
0
0
0
0
0
0
0
0
0
0
0
0
0
0
0
0
0
0
0
0
0
0
0
0
0
0
0
0
0
0
0
0
0
0
0
0
0
0
0
0
0
0
0
0
0
0
0
0
0
0
0
0
0
0
0
0
0
0
0
0
0
0
0
0
0
0
0
0
0
0
0
0
0
0
0
0
0
0
0
0
0
0
0
0
0
0
0
0
0
0
0
0
0
0
0
0
0
0
0
0
0
0
0
0
0
0
0
0
0
0
0
0
0
0
0
0
0
0
0
0
0
0
0
0
0
0
0
0
0
0
0
0
0
0
0
0
0
0
0
0
0
0
0
0
0
0
0
0
0
0
0
0
0
0
0
0
0
0
0
0
0
0
0
0
0
0
0
0
0
0
0
0
0
0
0
0
0
0
0
0
0
0
0
0
0
0
0
0
0
0
0
0
0
0
0
0
0
0
0
0
0
0
0
0
0
0
0
0
0
0
0
0
0
0
0
0
0
0
0
0
0
0
0
0
0
0
0
0
0
0
0
0
0
0
0
0
0
0
0
0
0
0
0
0
0
0
0
0
0
0
0
0
0
0
0
0
0
0
0
0
0
0
0
0
0
0
0
0
0
0
0
0
0
0
0
0
0
0
0
0
0
0
0
1
0
0
0
0
0
0
0
0
0
0
0
0
0
0
0
0
0
0
0
0
0
0
0
0
0
0
0
0
0
0
0
0
0
0
0
0
0
0
0
0
0
0
0
0
0
0
0
0
0
0
0
0
0
0
0
0
0
0
0
1
0
0
0
0
0
0
0
0
0
0
0
0
0
0
0
0
0
0
0
0
0
0
0
0
0
0
0
0
0
0
0
0
0
0
0
0
0
0
0
0
0
0
0
0
0
0
0
0
0
0
0
0
0
0
0
0
0
0
0
0
0
0
0
0
0
0
0
0
0
0
0
0
0
0
0
0
0
0
0
0
0
0
0
0
0
0
0
0
0
0
0
0
0
0
0
0
0
0
0
0
0
0
0
0
0
0
0
1
0
0
0
0
0
1
0
0
0
0
0
0
0
0
0
0
0
0
0
0
0
0
0
0
1
0
0
0
0
0
0
0
0
0
0
0
0
0
0
1
1
1
1
0
0
0
0
0
0
0
0
0
0
0
0
0
0
0
0
0
0
0
0
0
0
0
1
0
0
0
0
0
0
0
0
0
0
0
0
0
0
0
0
0
0
0
0
0
0
0
0
0
0
0
0
0
0
0
0
0
0
0
0
0
0
0
0
0
0
0
0
0
0
0
0
0
0
0
0
0
0
0
0
0
0
0
0
0
0
0
0
0
0
0
0
0
0
0
0
0
0
0
0
0
0
0
0
0
0
1
0
0
0
0
0
0
0
0
0
0
0
0
0
0
0
0
0
0
0
0
0
0
0
0
0
0
0
0
0
0
0
0
0
0
0
0
0
0
0
0
0
0
0
0
0
0
0
0
0
0
0
0
0
0
0
0
0
0
0
0
0
0
0
0
0
0
0
0
0
0
0
0
0
0
0
0
0
0
0
0
0
0
0
0
0
0
0
0
0
0
0
0
0
0
0
0
0
0
0
0
1
0
0
0
0
0
0
0
0
0
0
0
0
0
0
0
0
0
0
0
0
0
0
0
0
0
0
0
0
0
0
0
0
0
0
0
0
0
0
0
0
0
0
0
0
0
0
0
0
0
1
0
0
0
0
0
0
0
0
0
0
0
0
0
0
0
0
0
0
0
0
0
0
0
0
0
0
0
0
0
0
0
0
0
0
0
0
0
0
0
0
0
0
0
0
0
0
0
0
0
0
1
0
0
0
0
0
0
0
0
0
0
0
0
0
0
0
0
0
0
0
0
0
0
0
0
0
0
0
0
0
0
0
0
0
0
0
0
0
0
0
0
0
0
0
0
0
0
0
0
0
0
0
0
0
0
0
0
0
0
0
0
0
0
0
0
0
0
0
0
0
0
0
0
0
0
0
0
0
0
0
0
0
0
0
1
1
0
0
0
0
0
0
0
0
0
0
0
0
0
0
0
0
0
0
0
0
0
0
0
0
0
0
0
0
0
0
0
0
0
0
0
0
0
0
0
0
0
0
0
0
0
0
0
0
0
0
0
0
0
0
0
0
0
0
0
0
0
0
0
0
0
0
0
0
0
0
0
0
0
0
0
0
0
0
0
0
0
0
0
0
0
0
0
0
0
0
0
0
0
0
0
0
0
1
0
0
0
0
0
0
0
0
0
0
0
0
0
0
0
1
0
0
0
0
0
0
0
0
0
0
0
0
0
0
0
0
0
0
0
0
0
0
0
0
0
0
0
0
0
0
0
0
0
0
0
0
0
0
0
0
0
0
0
0
0
0
0
0
0
0
0
0
0
0
0
0
0
0
0
0
0
0
0
0
0
0
0
0
0
0
0
0
0
0
0
0
0
0
0
0
0
0
0
0
0
0
0
0
0
0
0
1
0
0
0
0
0
0
0
0
0
0
0
0
0
0
0
0
0
0
0
0
0
0
0
0
0
0
0
0
0
0
0
0
0
0
0
0
0
0
0
0
0
0
0
0
0
0
0
0
0
0
0
0
0
0
0
0
0
0
0
0
0
0
0
0
0
0
0
0
0
0
0
0
0
0
0
0
0
0
0
0
0
0
0
0
0
0
0
0
0
0
0
0
0
0
0
0
0
0
0
0
0
0
0
0
0
1
0
0
0
0
0
1
0
0
0
0
0
0
0
0
0
0
0
0
0
0
0
0
0
0
0
0
0
0
0
0
0
0
0
0
0
0
0
0
0
0
0
0
0
0
0
0
0
0
0
0
0
0
0
0
0
0
0
0
0
0
0
0
0
0
0
0
0
0
0
0
0
0
0
0
0
0
1
0
0
0
0
0
0
0
0
0
1
0
0
0
0
0
0
0
0
0
0
0
0
0
0
0
0
0
0
0
0
0
0
0
0
0
0
0
0
0
0
0
0
0
0
0
0
0
0
0
0
0
0
0
0
0
0
0
0
0
