# vtk DataFile Version 2.0
polydata
ASCII
DATASET POLYDATA
POINTS 1660 double
3.45019695914351 3.07690155146363 0.137441801674097 
2.32704099909453 3.12597257781499 6.4375015039558 
3.17593635140676 3.8783661800215 0.552019711622026 
2.03316444443194 3.7761225534398 3.74675137210625 
3.14836202968209 1.47662185027732 3.36925021786292 
2.95665609677481 1.72694837169759 3.89403262277117 
2.91496259177638 1.65215121775556 2.91995643679175 
2.82083940663604 1.84478298279246 3.92856153669988 
3.10409148417375 2.42604651923689 2.70224309731049 
4.15361379548859 6.09382721329125 3.3560328386626 
4.02489835128047 5.50927104799663 3.54789966561608 
4.60381841391176 5.64510070848206 3.86853678058003 
4.46069526293457 5.50244343703914 2.4645852026787 
4.39854486592912 6.11525798569668 2.74531649912918 
4.70446495157295 4.91784882734317 3.17190539007585 
4.11488331494086 2.70721615965801 5.51687477213227 
3.43083351366611 1.63591062903404 4.87050146223435 
3.61682715220756 2.36920156601151 5.87160265679834 
3.43632428612777 2.46901824061896 4.98730366019334 
3.99922444414815 1.87527568530269 4.66611211425971 
5.22993578888854 1.02228421517268 6.05353923767948 
4.77567794561119 0.73341925552585 0.412937741779859 
4.56823372618072 1.13121984924302 6.29139885040126 
5.08974663852632 0.404112855319299 0.408629872080591 
5.44181308404978 0.50467416495331 0.318602118716804 
0.794468064610979 3.42605982216966 3.3867409381189 
0.841694243508035 2.89678852701716 3.30787960757453 
1.06942000635015 3.62986933100509 2.94619116904109 
0.666657731636612 2.59127722194431 2.37016346736506 
2.8946220775587 5.35351131290622 3.31462069616479 
3.31763227724148 5.0895229286577 3.36180876601573 
3.69123744187311 5.148291499871 2.95216273194039 
3.36056648561142 4.64111133111558 3.27461108978312 
2.43017578519445 4.47380844969281 2.69316851837804 
2.67651938172531 5.15867381778576 2.20885160818272 
2.37133211963574 5.32621557271551 2.628295080734 
4.62381820457094 0.689042398121877 0.752576825878112 
4.79772998658087 0.463110462670083 0.902458778586945 
4.22260857353074 1.01123511781157 1.86695926716088 
4.15237859598996 3.98500431031 6.40374757480046 
4.50403050568955 4.55676839122563 6.37139108988781 
4.81395293845116 3.42028226616309 5.88080968076493 
5.41227575196098 4.51421917654298 5.98913445363674 
4.12856856732953 4.16585884504654 6.29650126928373 
4.79089535204523 4.30981160522265 6.67390723036887 
4.87095794100511 6.59473415434469 2.64078563069092 
4.38698112231232 6.28410087016128 2.61683597761468 
4.39012970913854 6.15606961199086 1.91394327944967 
5.13829770488547 6.53580653735288 2.02253821413431 
4.92017217137584 6.36887307749495 1.73572352987358 
6.45440290510268 5.2896312127353 3.73389803382879 
0.148471347439365 5.30826806246156 2.98788809676878 
6.54418321408341 5.42038835781695 3.5430090435672 
0.338171064096474 5.16918194701092 3.96473877787829 
5.93377107151961 4.4835187415219 1.25867119378044 
5.77225321802786 5.05926237672925 1.21277791791224 
6.15864103071892 4.49532861127368 1.70477313211728 
6.45422464389511 4.27796394981046 1.59461829932063 
5.92646634527472 5.53753368802746 3.892310371524 
5.92452694794736 4.77465996384655 3.76883504885149 
5.96118100547243 4.96312111832148 2.58670861886249 
6.36467846000167 5.32711821403691 2.73001622824503 
5.75329328708806 4.98317994390757 2.59463483580456 
5.91713795237294 4.58557946577834 3.48856930632404 
5.62509235064834 0.460588880790819 4.26165504105815 
5.43399384094942 0.70900060126211 4.31106295912902 
5.12709315203826 0.377224381939383 4.37291254198341 
5.33102309363288 6.6260850347106 3.7195767168685 
5.24256176406596 6.66098835227079 3.86840275465575 
4.6821099301012 0.313295347941432 4.1392342326202 
2.31252954486707 1.12529806050385 6.0339163918127 
3.48474424047197 0.538437491738634 6.10935305897373 
3.57872287676725 0.965037684613223 6.41291475184955 
1.01480286490662 6.47175864630844 0.612330598714021 
0.796222587682117 0.505396062187048 0.525967825071661 
0.715049068382539 6.71979098740583 1.0483467924532 
1.44768151473947 0.711059177784524 0.875608346946551 
0.578501075183331 0.381523464428324 0.832748785153892 
2.84203141829846 5.60339268903682 4.36214716146668 
2.92669966369034 4.87054549777321 5.01406331341508 
3.5046944648119 5.61017112148942 3.90396768761021 
3.20663439043411 5.6945353600919 4.60404278009821 
2.80541908744079 5.26198848507424 4.89531373732836 
2.96261611106248 4.38927231237937 4.22583185402745 
3.49608746255968 5.70876701853524 4.50425030238427 
2.62737972279617 5.27975343683403 4.67354468942079 
1.53152533003534 5.51604605864011 3.10938437849757 
0.209338721923732 4.39845740511247 1.96435736576413 
1.40449366319482 4.9432163328422 1.99555056792195 
0.929444175716279 4.40698888639694 1.76173373831061 
1.39331200684343 4.60776052454215 2.06072802275736 
0.844649088413914 4.63025263471613 1.64502720316362 
1.15841136495473 5.03931104101523 1.81978102727709 
0.784749041930337 5.35296761732879 2.09146745732077 
0.529778269358707 4.19137484956493 2.00577724963503 
0.197904349574774 4.96485310011632 2.01457661245682 
0.253547587559606 4.6626242330713 1.81625097451088 
6.24824712033325 6.19449244532011 2.654293020836 
5.83024639351083 6.22773870676229 3.80809665072249 
6.6487434184524 1.80060653980402 1.2944410910219 
0.458287634836196 0.745837013353985 1.40867015474947 
6.3222201469864 0.945713985566888 1.22738920394807 
0.211741358871396 0.708448004785253 1.03276652988583 
3.9332465194103 2.17696933208878 1.42344630551678 
3.94378403090841 1.31750488258108 2.52486986788562 
2.49665108269941 0.494121708681287 1.2214947663727 
1.84136341171699 1.13725856445897 0.714241591534871 
2.60716780239033 0.7743868965396 1.31108767804567 
5.78885998030102 2.67561384993753 0.720666566201964 
3.26522852695584 5.88573006022104 0.512797812046744 
3.14705673476399 5.73100871094957 0.51578697938914 
3.8477967994449 6.24704035608435 1.23313369690308 
1.09521811804495 1.45527819446523 0.208569546350988 
1.55916215699411 1.17477577974463 0.789672430709283 
1.93586660669619 2.22472854799494 0.820507683927151 
0.383083958638126 6.47757001006651 1.22017921128359 
0.877583399966235 6.66392087274952 1.63368784778827 
0.905278674451581 6.20431644684306 0.455216829728004 
0.476494906335708 6.44732998951168 1.58982945792952 
1.32115720845448 2.33794975294142 4.59231710485971 
1.32208896322542 2.59382096155358 4.51009027828708 
0.992821721577929 2.75437574517113 5.05132009470233 
2.65337611571135 3.6762590025017 1.37571096781431 
2.25154952596378 3.66883368583058 1.27026896301462 
2.22766112955534 3.62104289996066 1.13498771583123 
5.50124976914117 1.2195093998347 2.17673991989701 
5.45940294742727 0.81404882474148 1.49595833566579 
4.38188582873259 5.04543243185885 6.57075614942447 
3.26072244039813 4.77841247695334 5.68124216030243 
3.59745086353966 5.4381376629755 5.87705420661463 
3.2569784746286 5.18196736242464 5.9364988888888 
3.72391369787242 4.34531144151072 6.50175862970758 
3.03223930123791 6.51569187169572 4.56171003356091 
2.94587869920872 6.62026590432008 4.68831018508399 
3.80165660721114 0.325977920428297 5.8378531621303 
5.07411218231076 0.299094544947697 0.692620268517104 
2.90120369484232 0.570311364361235 4.33375788570789 
3.43753397373964 0.434830747734524 4.34070557372143 
2.38662018573957 0.50869358493335 5.07476894972594 
3.62732749259987 0.625473971579858 4.48296456356523 
4.20785848044523 3.59077420151322 3.19937943202303 
4.28484463326591 4.16044495991167 3.31467990578131 
3.25665413500432 3.57168417895718 3.88328747519017 
3.91548634060559 3.38512125834996 3.51802248799182 
3.31319226657274 3.31485152036285 3.47682745312529 
3.77879954794428 3.62613603477501 3.92052147548389 
3.04944790889167 3.93770741308484 3.81747770240776 
3.55353923430366 3.65146783602826 2.7157985243016 
5.79245291687673 0.865497532810475 5.55158064234794 
6.22412690104068 0.728385404921531 5.97477412703411 
3.93022746241314 6.36352225641494 3.39925217953514 
4.79460554936857 0.239848172561239 2.75893181345819 
4.13793934917826 0.195408659524794 3.01628281140299 
4.6513066975324 0.306646536525362 2.76620505664871 
4.05147782118414 0.0524711946066764 3.43280196027599 
2.07093678307957 6.23392070399332 4.78675938387388 
1.80544433475619 5.88839286307108 4.27706076805342 
1.47827650720014 5.44011369650497 4.27072369233034 
1.54498302591043 6.28476862850624 4.34482758911569 
2.03459101086163 6.14027217625908 5.13301073737442 
1.60917953296522 5.19764871126659 4.57307350737581 
1.40559101061237 5.13484510377616 4.78864794657881 
1.59805723683048 5.3171298184597 5.18500413783812 
6.52157712758165 5.00770109309953 6.18774045452321 
6.05714008942622 4.52673104245544 6.02757418524793 
0.312103615289822 4.56873395619528 5.63392791929458 
6.49087730966049 4.06896107289484 5.54836965025318 
6.3810147274572 4.45318489568372 5.52142875126548 
6.77910350236207 4.83128257464211 5.5829973586702 
3.1599878789757 2.69832972067001 1.34811107439277 
3.82567500366418 2.64303359153616 0.988109722070951 
3.15577087796389 3.14269773707411 1.50056147934661 
4.32817074181923 2.70105673100204 1.20371305419797 
3.96904113786703 2.51223502654667 1.03509473264457 
0.877508273020895 4.71595716460428 1.12283621871718 
1.19382363045309 5.078257506033 1.11144787344107 
1.78384987731847 5.25141383617404 1.53599482928995 
1.02074563870489 4.35600118971714 0.803385676552392 
1.84203678491872 5.19975899898057 1.64699663884743 
1.33297407166744 5.23907298951105 1.46844391447721 
4.76125156746839 1.89700237601476 0.408736269565376 
2.06243187099991 5.86738164797621 3.75170497566298 
1.85230888349063 5.3876726963872 3.52673171549816 
2.24871649547325 5.0968572054531 3.4761227753188 
2.14019958082187 4.68955747975259 3.77498784081544 
4.62317329434245 1.98229222903677 5.85201637240067 
5.21441966129216 1.82596985333195 5.50298651561715 
4.38326098582937 0.734897318906176 5.77151399677728 
5.40540943510384 1.56414915994633 5.65900296699597 
5.08041254088549 1.79703532376554 5.16351028208377 
4.31047662630583 0.871679415369572 5.33787990108556 
3.70634647326364 6.35312947388525 3.53480926851354 
2.73550533342321 3.92616537166265 5.82577336686339 
3.14381591347595 3.60002577557691 5.559166913621 
3.37468107159323 0.442202178527805 2.61994532819641 
3.12656373635324 0.36530525146293 2.77387786781309 
3.47417722911174 0.552429333380721 1.81578864284653 
2.60731715704274 0.606315474733529 2.68915238711858 
5.88812001984882 5.66807260657796 4.21676447096922 
4.67470963418975 6.07588850866658 4.32433091628818 
5.81346420128096 6.16718620335325 4.16953958360963 
4.61798861561529 5.71060133955823 4.27084196812795 
2.65402258805028 4.08488916243702 5.8069218843953 
1.9659606663966 3.50432835576925 5.83904825032738 
2.66691096286637 3.93559792763649 5.77874475666116 
2.54519227930324 4.35880750844481 6.6256856123605 
5.54535533872158 1.16639880246145 4.69262090771983 
5.52044895424159 1.40488620556929 4.47136623411929 
1.47562286459783 5.59080993184715 0.272335983949945 
1.64755343581373 5.07834380562008 0.212094707009744 
5.18119225717058 3.7674755574024 1.4410573711509 
5.3463261538145 3.48181149804237 1.90723639108163 
6.00089466597602 4.35750876481389 2.11759654696582 
5.26526198701513 4.11402227923887 1.47795674310237 
5.55612092205503 4.16470240668755 2.12031011053943 
5.56181888239847 3.87209108363984 2.25416748096817 
5.95841532741411 3.73905233581554 4.8363114758809 
6.25855563551911 3.91000752955491 4.85185888568918 
6.58357229970096 3.94161026878856 4.51451737414177 
6.54940010627649 3.7603378036824 4.04671573895258 
5.96505548730886 3.12146835738916 5.02736550108768 
6.38634844168773 3.76465710805652 5.09445073954438 
6.03051597507784 3.4506139246344 5.18652438882083 
6.12492838343664 3.45685343245355 5.23176522577859 
4.03462607228786 1.0989725925939 2.91433133237038 
3.70554582999266 0.517614794165586 2.9983958659071 
2.83778729113903 1.55309256744524 2.82146374448349 
0.630953327220398 5.53617284523408 6.29192624763915 
0.73490207598434 5.34141761749653 5.90476339074536 
5.24861144826739 2.02439126910207 4.99234006864803 
5.57161169401908 2.27182441239667 5.35537990528397 
5.42366512094219 2.77365284281656 5.25578719380588 
5.38351999061892 1.80314304232264 4.55232721984279 
0.60865843606363 1.02385277997052 5.69643567740388 
2.18042169210893 6.43849290782485 3.34988774735548 
5.99836769207895 0.868283229442779 0.749246334504792 
6.2760659684751 2.04760601056856 2.63414808596197 
3.36547722277211 6.17486675624287 1.84296655235393 
3.44121937146248 6.46718526702363 2.28300959333556 
3.89510674536785 6.10542886469591 1.59646281612376 
4.12415861228022 6.32350807984347 1.7997165035965 
0.4802250739775 0.351089883217049 3.84548655584095 
0.707400638724793 0.155220261392916 4.08925284602093 
0.273137734310296 0.849266719144043 4.25274415317397 
4.66932270543713 4.68466051100486 4.749006743629 
6.02220848574804 4.64188242771963 4.98521679942085 
6.00142844861181 4.49716500082601 4.81471461488775 
5.55292945957604 4.71214784236203 5.38905832179028 
4.98600807850989 4.55893234287111 4.26977020163103 
6.28867784643244 6.1424896971807 4.67598321003026 
6.58523741307132 5.57662800704529 4.58157582920309 
6.27123589630274 5.69776961450939 4.60879545605179 
6.10641106139891 6.36378193890082 4.44910714306159 
3.97423613392371 0.786467274462228 4.09558460179386 
4.46622475401345 0.312528524251989 4.70212161166844 
0.962535203169127 1.79087747029777 3.38429235862892 
0.723232689851089 1.61777678425941 2.90391715784556 
1.44097303420447 1.89145053422105 3.27993666438962 
1.06559165998846 2.03889658481198 2.27273599111376 
1.57988039886489 1.99030566425466 2.61801377695289 
0.957672287938634 2.37126064172269 2.17679680530652 
4.60498965640035 4.31792984076883 3.41071106148634 
0.506576029426259 5.88081676750024 6.22742660154068 
1.48205716443064 3.57575748195219 2.80551455242163 
2.21926604699608 3.46186014419613 2.51096282255385 
1.77822366212341 3.75327307089596 2.41666234698444 
2.41089487035739 4.0148774101868 3.64720507234357 
2.08993745257932 3.22538726437913 2.89087318590217 
2.43995381125241 3.60281883379854 2.56154428706277 
1.67133549157732 6.20304741263754 5.78103377091442 
1.25229235444028 1.14801398265446 1.42934939487514 
4.18457597486393 3.8229438031852 4.83285959228289 
3.89703404200463 3.61731285763079 4.93939440144261 
2.86211276010681 3.97345040505922 3.98074661890601 
5.79050194947738 4.28060488743236 3.50921912818237 
4.300168056314 2.23223650389097 0.382240781148891 
4.72420956420036 0.488726603806602 2.51321940654775 
5.56450941290089 4.60033735548026 0.012087316697696 
6.46879741232593 5.18326353075881 6.23364663932228 
5.51580398934625 6.06695157275978 0.703065820994276 
5.1448356436651 4.99278761999594 1.02558823078965 
2.552341710485 0.692871978899933 2.85311606858284 
2.26607992886899 0.538966268556175 3.28186768561564 
5.87125117940196 2.14311208653214 5.72618142466662 
5.90687792018361 1.92478144369687 5.81033781351711 
5.53077317823288 2.20290673570679 5.53459670975236 
4.8412686633974 5.37625033615381 0.0846421127949727 
0.941149580100536 3.66655754726599 5.35229806127708 
0.889042660515925 3.568269229522 6.43525158607233 
0.391810547617861 3.32030131749054 5.64620525691116 
0.503283230982459 3.94818031540112 5.15899613832609 
6.02443646949702 2.73285968254938 2.92944221093386 
2.10315838882387 4.81886668429129 6.45942873024673 
2.29419904028599 5.63384213244716 0.280527356304434 
2.10904275840609 5.82216205639775 0.278539750597388 
0.557445913068614 2.1639942749212 0.95812726617327 
5.41422572283022 2.87858256776261 1.06588845123496 
5.26557887363593 2.46788605892218 1.4043408790089 
4.55856790536182 3.49036007998909 0.949849523233009 
4.99213881904976 2.35222907650208 1.34940187499248 
5.04704107800629 3.2994212914234 2.10233055294906 
2.79770442511177 2.5269722281567 4.4875237840004 
3.34237028298387 2.88049096432942 4.51829496487621 
3.15755780481548 2.73114395168549 4.75235940544848 
4.23677382633794 3.05525071481475 3.50263889361613 
4.36126429589833 2.68738549948542 2.85329221710321 
4.0879897689222 2.65418026803323 3.32567604015231 
4.38701570868043 2.62856836939355 4.04043670667231 
4.60536785840951 2.67553056924394 4.09641024426995 
4.39709117724982 2.12421034882967 3.19909807687113 
4.54367981344815 2.33679708324522 2.82697395397085 
4.74440398159646 1.96189701026855 3.42344849697353 
4.76177319194521 4.52896616862009 1.4846252197356 
4.80044023770434 4.82257912599347 1.18618454678774 
4.01397581527521 1.12367836876209 3.99376790099102 
3.72024258969919 1.5658231257606 4.21319714129482 
1.25576131462957 2.02001139979432 6.15879003341903 
1.16853297403025 2.30745222096241 6.34921240423151 
1.57414909791178 0.807036015083111 3.78742324284203 
0.663679541490811 1.13404291096064 3.55729477803713 
1.01456040470627 0.144855691761926 3.91549751531758 
5.32943725517071 4.4205187889987 2.30959388379109 
3.90216261367923 3.3017678248105 0.513417154792535 
3.81733890665651 2.98214877315511 0.323041688235361 
4.61884554601082 3.60129888007549 5.0633519766956 
5.14662152340375 3.00124848898123 5.79516606304647 
6.03753503481014 3.58109311319027 5.87102971793422 
6.25759357015883 3.07810424338168 6.13463116118665 
6.43747187162015 2.76518128188784 5.68699703542775 
5.89980870227284 4.88652543839214 2.3912712497487 
5.72833599053344 4.91789354105275 2.43453047922856 
0.424570243741524 5.52005265820869 5.2768928456692 
1.67413789253979 1.9661891531791 5.41801978040173 
2.09026320227199 1.39875847920379 5.0693026693659 
1.54127116026454 2.17722704733197 5.73628093003325 
0.246586414515721 1.874992359187 5.23560691041794 
0.766797148958371 1.6453409558731 5.12820813149363 
0.560623859697217 1.60813947889836 5.31519877836122 
0.510705920586424 1.22454611734217 5.30607563219604 
0.826695437781514 1.19005607695823 4.9963224807897 
2.06385381651237 1.35316528210662 4.80115054177166 
4.78024958749499 0.352005786790916 4.87230354818078 
5.46662233300035 5.37178730292507 5.46973555159698 
4.40939359970515 5.36726349988918 5.42042493459649 
4.53789517071253 4.33165282906832 5.33310800020905 
4.4242472013325 3.23698518650658 2.60263591488113 
5.17334823874165 6.72890346626937 1.88533475990404 
4.95334929688438 6.56666943895482 1.59789847210643 
6.60052937688964 4.95213136313997 5.0018757150896 
0.196352363659931 4.95231339468386 5.32280165210123 
6.81477088667968 5.01714771376973 5.3028026224325 
6.72198310333549 5.30549363202788 5.28481501841028 
6.52679411106143 5.2701814207069 5.00087200954625 
0.0369253468441331 3.04525963077053 1.64343257949583 
0.902940779325623 6.36890041115272 4.04020379294009 
3.6732536386899 2.81643760341909 4.55926240826541 
4.05561496053896 2.47228064249816 4.30907153084273 
2.48515554379579 5.92846240589615 6.56156274760979 
1.42757344301459 3.54449198243877 5.09165685406879 
1.45470376885 3.95467378703326 5.51380716527304 
1.98381176889348 3.34472802819741 1.69913143925706 
1.1748648407486 3.44140421038637 1.9194404631942 
1.32099762912563 3.05037209911159 1.63544297684399 
1.33949273115185 2.74961306712013 1.76325868621869 
4.81714058162443 4.6612275560997 0.361303988406246 
2.08720745733264 5.5195974944359 2.00000098326162 
2.01446149978048 5.51028894449479 2.47944856937538 
1.95468675879381 5.77898300401682 2.52155976582552 
0.597346542054107 2.32455895793118 1.72981963408792 
5.26371154304399 1.63180554712135 2.49894831522216 
4.41063867629405 3.67024472104944 0.456871584016499 
4.36168949611276 3.83186568068634 0.402738692495182 
4.47183058038065 3.83044881836557 0.323747864331196 
4.05225104412798 5.44054745923359 4.62792577698051 
6.1638800187504 4.43621595225487 4.84169920458951 
6.18649125807142 4.58525912261145 5.01542537685761 
6.56337221250676 4.40847984288337 4.45663734046449 
4.54113870099868 0.934355030695089 2.87701758117089 
4.6867732428597 1.27711755202239 3.8180471139095 
4.67168846369382 1.39600627113306 3.45962877561132 
4.8538364847547 1.25346018460653 3.32066218486602 
1.35767088269591 4.82050897859974 4.81364209439802 
1.64767827566338 5.03286659519964 5.46485111695814 
1.4817340429611 4.65005454949895 5.2692365614295 
0.523044876655748 3.84078554629649 1.87951672374692 
6.13494398340312 5.4190536092718 4.98775767690455 
4.8772757679106 4.51332991844932 0.286639434323724 
4.03335075419117 1.80391618895731 4.36940847273588 
1.5954576562605 5.2860672746173 6.09298750629623 
1.44177283753025 5.23375691461994 5.82308494108524 
1.80567322629408 5.84180399194555 6.19722143526051 
2.35860842306841 5.78890409901121 6.23680335167454 
2.68373510442891 1.80692348423255 2.93804467988884 
5.14337734485932 5.56813408943555 5.37965263453173 
6.85695965231333 0.875944455190864 4.30510958006301 
5.3191567864125 4.16268510302291 3.14732855665233 
5.60358000264954 5.04473330188482 0.0348925653655459 
1.33530062347487 3.82289814915543 3.25824331743801 
1.29800844999318 3.78817347171637 3.01593959866447 
0.702686514770236 1.84783862531549 4.9312914803598 
6.77113252044643 5.28873373810263 4.03702373011533 
4.78439570440752 0.74914362836277 6.08323611955982 
4.65633013329502 0.609361329106182 5.8386773846133 
0.437161398194973 4.65442720245368 5.85391818860524 
3.61540274278911 2.36974577184317 6.45686111011122 
4.10892228117539 6.53540949987971 4.49761172597743 
4.21114082044185 6.33411270378521 4.64808499752181 
4.70486180770939 4.588005906455 3.09851409240781 
4.89002186649242 3.45746130244817 4.68290812430238 
1.90873505151525 4.06683833961416 0.944090008796736 
0.213958266215484 2.19120715679751 5.67261089552227 
3.5999931071143 2.59209030526529 3.30651720220261 
3.23516525703479 2.64009813689395 2.83555236095548 
0.939858870925513 2.28129932056335 1.9455493676899 
1.15111104221979 2.46028631853714 1.63841205913802 
3.23601618245479 6.01244959070697 1.92775733631883 
2.53642315919471 4.47572087640311 5.46628052025222 
2.23106774651154 4.54659307920563 5.61586213978301 
5.65652176633394 5.21410708368855 3.86219915545969 
5.36297869872528 5.772756098607 3.32866806032032 
5.86367285121382 5.86244986012806 3.61232826533827 
6.20606214321992 3.11580464222456 0.972599125345765 
6.01460565636139 3.36194178282108 1.25329584941805 
2.76989696308785 0.671591916496351 2.73434569392347 
2.72757287748597 0.738585288814141 2.86309884237693 
1.30565335257884 5.16419839470963 5.92805722707153 
1.48834878522968 5.22984663763197 6.17787052780015 
3.06162745813482 2.84154274193935 0.245269203044035 
3.1240324795995 2.50623669069753 0.576673195107369 
3.19462014413455 1.75237158601384 5.34524850900093 
3.33937762153613 2.30700268597943 5.68392841541467 
4.17988215222624 1.88295240091786 0.418331344250478 
2.6714045424548 5.61337827846684 6.77652195845288 
3.21254186825663 0.582439319359406 5.69101162104942 
4.2547360821711 6.79225414074003 1.48759803159934 
5.0534377416221 4.55776295519524 0.361359835110319 
4.27501979134569 2.48338536112767 6.91304705011503 
4.50608909607478 2.54496167710746 6.84712896152508 
2.98557365006371 4.58464403061292 0.614388094704137 
0.510338096084465 1.14494040696627 3.12084722594032 
0.600371524501681 1.40428751236243 2.86422146508038 
3.4515974788519 3.09811275848403 2.27774647382194 
3.43440317738215 2.76647036218677 2.39165816477488 
4.91110808080761 5.83425555745561 0.741693979845745 
5.11768033219346 6.09985965535076 0.746931834135191 
2.50558965852073 5.31340669661608 1.86740970235074 
4.20091298423138 4.3160352239815 4.58001734487154 
2.14391668210968 5.12277433239426 0.21868114312291 
3.29010221952862 5.63834584132692 1.90159399998539 
2.12249090436158 4.4172667268609 3.59324978251928 
4.6239037186822 5.0102215844532 3.5579295933893 
4.20260947616546 5.39926628022378 3.7101837629191 
3.76702800229453 5.22343528264817 1.99892578141436 
2.97776605299652 4.33644704356221 4.53450075367788 
4.28045292581827 1.35189990905491 1.26523990074887 
4.5983713551752 1.22853431606746 1.09771796712546 
4.34333537397997 1.23470436651961 2.26965874516845 
4.64936425516113 0.982953056762331 2.57837261877632 
2.30155769875706 4.641260256657 3.11073421388706 
2.33785476061344 5.00647959052585 3.20171118784838 
4.57768496525461 3.74819878891954 1.35620864257773 
4.32637640479686 4.28981591451877 1.38328132823373 
3.01435754030603 6.46432127904217 2.67303671320342 
5.90451518033943 2.33140203518677 0.782103788217057 
0.276499834953346 3.76303046988942 1.73054575143411 
0.54489089079063 5.97931447249936 1.71280658668739 
6.12529009104534 2.2268091555395 5.53467452337632 
4.1148683310067 5.14494523922371 6.65661882686061 
3.69088822738599 4.80339150410766 6.69896051582137 
1.60523268529499 0.760149787680207 4.30600599056883 
5.65646073777783 0.788654206332693 6.44913647742733 
6.49828999663263 2.88158572592544 1.12823565488604 
0.166659904270481 1.02188939712281 0.882131912179672 
0.514467194288691 1.21941739762533 0.210416364218924 
4.26140465624383 1.71139198388165 5.99274263506699 
0.718698065332283 5.83839618977431 1.92750912772076 
5.21372781179837 2.27990249856411 4.20187167447983 
5.20758871552853 5.16365829315449 3.15065584418827 
5.49555419680462 4.79412454527791 3.02094309434036 
2.71540432160969 4.56335598924576 4.7222077142424 
2.49261362389489 4.32759883320618 4.9032845964459 
0.582480411165509 4.39939251400596 5.28998931987742 
2.31750480667035 3.19804364565331 2.04753697404484 
3.95931604557666 1.67889027184511 1.16182419916124 
3.93409085380183 1.89958894302934 0.673286380821614 
3.70108879278413 6.46438898190859 4.31585115515128 
3.75240573694713 6.5322877716354 3.66971793854583 
2.83304166445236 4.17664855616252 6.38245879640851 
2.74434681863055 4.06672352749645 5.86799011797111 
2.47897261510563 2.95713647596901 6.42300089979646 
3.29762929984801 2.57894440571739 2.28260284640247 
5.03363222361805 2.98942900600017 0.792989514309177 
4.92711506923282 3.40689481336452 0.818701157822889 
4.4433527768564 5.2941010142624 6.16053287581074 
5.40272732202837 6.38290527470123 4.32210106031926 
6.52355384759284 2.90401254048342 1.51103323570608 
6.19866139038221 3.28643397762848 1.67983686357343 
0.954858901803652 3.16017584275721 1.21295187383183 
4.3810182351218 2.87187176033659 6.80331893557649 
4.13930114217274 2.77478226487641 6.89005750902307 
0.546473403557863 3.59822186336448 2.22820068067018 
1.8006810938019 6.27705707859709 5.28213818093207 
5.46452226921329 5.25394485027802 5.30830412948076 
1.16919797832528 1.28025717855274 6.29442323941506 
0.683970135104758 1.2939648298138 6.07624730028468 
4.3161954540202 2.41077460956521 3.90779544678836 
4.12047955896154 2.42796618728189 3.45585048760645 
3.83961230982944 1.00667561866664 1.77614536885323 
3.63503372512171 0.578291772073264 1.72057478289439 
2.06293044760025 2.06245523596203 5.15129247747436 
0.644304984431251 5.65749166928707 5.54105256187393 
1.15709996622718 2.290076570201 4.97133205738804 
1.43063495832269 2.04414439356588 5.38896093146876 
3.37556802627556 6.17437157235324 2.64999977145458 
3.29855663324884 6.29964375390657 2.44062953680218 
0.422854967227167 3.9846131658542 4.77833484605695 
4.09449549549045 3.64924242640072 2.83578948671051 
1.61732194311694 3.67742274455619 1.96106283944933 
2.53114960092119 4.79788560923622 4.48540952961422 
2.63068998358782 4.75217840336091 4.18724009561533 
2.61164811347369 1.72400561676191 2.85246419959344 
1.54190552684893 5.18434222571243 3.81041005533939 
5.69999358599727 2.089010048735 1.21642632804962 
4.05955670830654 5.77022141525111 0.344603329933869 
4.8094771713876 4.7212768983033 1.90974517878448 
3.9626543733616 6.57757029513463 3.56965927655377 
3.3198388856171 3.3646243659854 2.4463242587156 
0.212433719642717 4.75381239621431 5.6196312674009 
5.64854675662607 0.34478330994768 0.830853267374256 
5.75057389075883 0.427045932013217 0.625768652338378 
5.19820980338778 2.66884211046458 5.97468252525364 
4.79859475997812 2.5500413969551 6.08808403272983 
6.35355963277816 3.03126445292369 5.18390134323008 
3.43200414275195 4.4517730539416 2.74770040794968 
3.61593380975864 4.64606572136722 2.97642854573225 
5.15772129670792 6.53666143751992 1.08427597544266 
2.01300723129677 0.745140679818535 3.32472460873351 
4.40985767088423 0.480235989244266 1.95641044413582 
0.583732116734795 5.64103072108869 0.588369687194411 
6.2616953784891 2.45346787620673 2.49786867440901 
6.12030248151658 2.74642248427689 2.68469583057587 
4.58610942341951 0.409612048628144 2.94991810616165 
2.11140593085828 6.43237642291116 3.16927023495543 
5.48281504285752 0.700990411478081 2.28837944211761 
4.88659788308517 0.416658843546063 2.48785737951202 
4.53365291482816 0.188287729589404 3.6727301913858 
4.58683523250243 0.479935881650462 3.96870822906009 
3.36969424664788 4.81740258841914 4.9969882259244 
3.81998394827463 5.41864729892984 4.63755203348301 
5.4657597868705 1.22195155418754 5.45277796364707 
1.75679010029473 6.47947538539028 4.68450102192126 
1.59969683441172 6.54158471167414 4.9600702042831 
6.61777910413621 1.66697772226137 5.14702889962381 
6.53915867546547 1.75640403574337 4.86743997086526 
1.60996836176282 6.0598379337753 6.6515455202401 
2.46181964222479 3.95441553748503 0.373168023728264 
2.48349206227172 1.96883955354807 3.55605031036834 
3.46029710430127 6.681069059555 4.34132342938837 
3.54754481657001 6.74672537634335 3.69244448289674 
4.3614763862589 1.18477628681252 6.17085885621427 
5.71931992857971 4.7107644259304 4.15182363454732 
4.86243434648446 6.76239593495943 0.837304172565116 
2.03636012696834 3.21806386068184 4.86347847327749 
1.55178231953082 3.31478478616177 5.12391852937807 
1.53188572999751 5.69020652167354 2.80162705965846 
6.5613448842108 1.11896902371724 5.88875421054234 
0.997015185369266 4.58510380329338 5.85312900521045 
3.2807927935069 4.63244799036938 2.30208596233207 
2.72840138669059 4.65747478237624 2.26098650396086 
2.5440188773586 0.948797765003649 1.69453530962267 
4.55958962928886 2.24795116689276 0.404961608731765 
4.71195067056415 2.60242320992507 0.983048572950214 
2.91834097569357 2.41298860225917 6.93497778858501 
1.72637596806104 4.72575463408105 3.98221963519192 
2.94121106004217 1.49990207655999 0.868278246349327 
2.48142715115334 2.44022348700884 6.72045568284247 
1.83716755085486 4.32036907302953 4.80165895776965 
1.68858184339557 4.41501091289603 5.26329360135854 
1.08892333013922 2.92388787877559 5.30753090057589 
2.7869728436544 5.63763570583871 5.53307350045687 
2.62147453209349 5.36877694631311 5.27504993902112 
4.98188088893201 4.700673041063 0.431587260504579 
1.85861147255596 4.28873144352176 3.65318268671439 
5.47985241340305 0.50679425586241 1.97411587355077 
5.04424306924112 0.243637406082962 2.01644673332927 
4.21324491473774 6.81137235312045 0.961632298790971 
4.08463679296772 6.76322216023261 1.14135042450038 
1.67594303365551 2.12077035314471 5.73338567676179 
6.13451824077167 1.33616717719748 0.262770918646849 
3.64660243957847 0.328769599620855 5.52515682495632 
4.31053513197183 0.51487568313912 4.74555185296914 
5.49461538831056 4.26741229169067 1.16223394738007 
5.06642291486502 4.80156575823259 0.98003432889807 
0.824016309065329 0.420037699337297 1.22885751617805 
1.2912932595064 0.624650201748885 1.23379444864962 
5.94900257743579 3.23443846966404 1.96144388061727 
5.52937766923801 3.25393118553449 1.82032048960719 
4.5973243488535 4.63456014159572 6.17470707795954 
4.52784754231133 5.17779737168252 6.25578555114551 
5.56183937728636 4.03398769887651 0.961278065116445 
5.45590843259873 4.04533845812568 0.663446832783806 
0.77930856291549 1.41920961463364 1.95528879373813 
1.34130307176026 1.205909384315 1.64899636934867 
0.759415610755744 0.820875202581598 3.44334348170818 
2.3304450247405 4.26582065369583 2.47729727654445 
1.84736527003832 4.21205344414328 2.40459339333621 
0.866618103641742 3.5031343490236 3.53080010037282 
5.7216249863003 6.03620181035989 5.50549834734887 
5.83447666906597 5.64532615378561 5.50533796627421 
4.68669368249545 1.65547217883364 1.66579479287224 
4.96956178638643 1.4709136399151 1.35578110648392 
5.89925138993945 1.48189556675764 1.52404184886212 
4.76616666608834 4.66042957107955 5.05176597524003 
5.27006559433916 4.43057355825785 5.22793596342125 
3.47175961245823 3.73834605091886 0.280902042629964 
3.7864873659119 3.97349228332861 0.231505302145732 
4.39900543092557 6.6046615861031 3.9032331280394 
3.87856666503987 1.2234415989938 1.30668588513274 
3.05650971263163 6.42123419707957 6.45535583948641 
5.63231434387625 1.05411118743227 6.68322271877552 
5.23298771170501 5.29522151308311 0.653239063563664 
5.15598683852773 5.11591831477899 0.333085469694383 
2.51797472549626 5.88339599795026 3.80567961161767 
4.9268220652286 2.90491873331859 4.86676376126981 
3.17852634039591 0.363734299706717 3.12526222052051 
4.1371709537553 4.10469252319866 6.11137781691827 
4.0417343346312 2.29569074265465 4.13074695164824 
6.14940965669834 0.699228762397252 6.2783170269052 
2.3920462189288 0.502329615166858 4.81208726116122 
4.8597053013254 3.35596042348633 3.34857506532861 
4.9604851984488 4.02974272165433 3.46224743451164 
2.62160308000622 4.07681063579564 0.307926040547353 
4.97792371017723 0.251295895320255 3.0417896089689 
3.75740336537714 4.01822730908812 6.71296048617536 
2.20604758080044 5.94974231701934 0.69979722717624 
2.29098288054148 6.20054708541054 0.769511567774322 
4.89994856185971 0.70429658763065 1.30721265569132 
4.71083174838279 0.341829835330721 1.71767911897459 
5.40124588284695 0.991860884150342 5.61325983740546 
3.27323841513889 4.13620396571968 0.695659708056332 
2.63550937122977 6.28711479505402 3.49597672838834 
4.71161641677755 1.64721492144499 2.065628433746 
5.12536013380976 1.43859022935385 2.35722042593348 
2.08067242383901 5.52910514101636 4.78722746795854 
2.05746395416552 5.56214772894491 5.00502919762638 
2.29737268347551 2.67282193821498 4.72478440647231 
3.47389646323658 3.5887397540846 0.358485834086315 
4.72889262723446 6.40165947779572 0.451115313637109 
0.830670393669758 6.28604989146233 6.49597888394587 
1.19686816241285 6.17703106865281 6.77070210845685 
4.39448053269114 2.95728044841662 3.92783527905003 
0.661567231254201 2.37370650844392 3.58578609896028 
5.95769415297797 2.73221062965955 0.696704856584816 
6.47622884711621 2.63036966931429 4.59134955345597 
6.26506957760804 2.03679410256658 4.83116627610746 
5.23118557685311 1.24319256248178 5.05420381403807 
0.194532055970136 3.35181481985759 2.1990708999446 
3.57456523137612 3.7550276174046 5.5018192622521 
3.66798867554341 3.81382475318006 5.07265266814719 
5.02490776969816 6.07643440898763 1.59893509674333 
6.45529316779378 5.55223370336481 5.89922699656033 
6.23746955889215 2.92108040911485 5.07616362309576 
6.04099473828575 2.29142272227601 5.31301034309418 
6.30885055994474 1.33861778399851 1.48371035292931 
6.47519325228235 1.27904744963872 1.9720101445515 
2.26387764780795 1.76505451781008 5.03686798581712 
1.8482866892797 0.585301321351969 0.754267606390216 
2.04729942521046 0.36856039363715 0.893265572722554 
0.394637795876264 3.62133385469621 1.34054356904916 
3.09705944139291 6.34104995610334 5.52787543832395 
4.33688529729671 5.31531186048571 2.26671188880067 
5.45604073853997 0.884252557816017 0.24972938835406 
5.81995793793784 1.12746930642753 0.540459711617539 
5.63707280348253 5.43348357220158 4.36168731334716 
5.88793583548801 5.22454314805025 4.9307416473705 
4.09439807250742 4.26248306422751 1.56616277641503 
5.743979827831 1.98480646263073 0.511412130781643 
6.07849137225526 1.81176059085042 0.26160819292733 
2.25140721546909 2.80497540326546 2.08802118683664 
6.38901498715899 4.74391441268495 0.722106549071958 
6.33332039962921 4.76256905410974 0.353329803945508 
5.44106093537084 2.374118240545 4.02793730064093 
5.26365752526285 2.4279488367537 3.78450576422119 
4.5673332789181 3.07339899168367 2.85435826752549 
4.48445480247441 3.26471398491579 3.22854912235926 
1.05184127869111 1.96892510992411 2.06146572402694 
0.593577371844433 0.948933474945881 3.08884583168169 
3.59939664953681 2.19725167351723 2.05968278577547 
5.31880345506213 3.64952937491975 1.19966336977551 
5.57799353106608 3.29708750913048 1.33426507142713 
5.06068999923191 1.65814705895524 0.793036539725639 
5.13887641083972 1.71113952921566 1.10443222062351 
2.66119462023855 2.36664325532592 1.08732541015631 
2.81851444414873 4.83030643368463 5.41394142814587 
5.17492002115225 4.27824992890076 2.54089767788623 
5.2103669169394 4.42139128920791 2.95082730754399 
2.15768190734193 4.94329615819678 1.3175663674863 
2.19157389849931 4.9056766223312 1.43733868027216 
2.87379716021073 1.40270213094442 0.8412626068038 
1.91741090722949 3.14400260364417 6.14562831907849 
5.99661940977828 2.56835452953868 2.14998295385634 
1.09426123666076 6.41753819523212 5.01138529733791 
1.41950331584857 3.50432767729497 6.5483133293625 
0.949853987461945 3.4558778080934 6.52473577094618 
1.12452671003755 6.22880013566484 1.83260374368815 
0.784951996731905 5.90421497094429 1.81022069476929 
0.0560893340539597 3.43706107838905 1.92340517035333 
4.57858995662027 6.92359051978444 1.04394407277993 
4.56956571646737 6.87045894940722 1.43026054701467 
0.385673392937671 2.74752568555503 5.41211950451879 
2.28330628793555 4.77576549103732 0.68168286675382 
2.64411079958124 4.52597132509987 0.416449253035997 
4.54996986713455 4.47958235024681 3.73326877884823 
2.81644343181766 5.92690423234026 1.68653863948187 
1.08479973328373 5.43902958394033 1.02548873033418 
2.08011958653942 2.19043237623426 4.79927071611081 
1.06223130776747 5.81066281014997 0.458738625374367 
1.26269677251903 5.73147089876809 0.612550961436502 
3.2817264275241 4.44169707333039 5.88537751496598 
3.30366000121513 4.48141743267737 6.28391717773997 
3.94465094905747 3.4776081367068 4.22312348678739 
3.67859228105774 3.31991994978333 4.52577700510033 
2.01338665025544 1.31836053891729 0.864681201065801 
2.49772770520927 1.13492430223641 1.22481056492052 
1.39366361311026 4.19935747776173 3.28365060456 
1.47478482298333 6.30302387191046 6.64141364104223 
1.50150087806104 6.07868928949108 5.46686451605453 
1.36920329769069 5.59600272646732 5.42473333656418 
5.47764200194833 5.85356953681654 1.8929219270752 
2.37048889097257 6.2528895713448 2.82405965612089 
2.42121430413937 6.3992089846204 2.6202293427008 
3.24537002936038 1.84201235971909 4.96491409732546 
2.72874289041197 1.94564716701051 4.54923542625011 
2.09157696987693 5.88837616830878 4.55439205001896 
2.59767460734819 5.91472541514493 4.28041440385864 
2.20112843485821 4.66648522213628 2.89222700467486 
2.18651729930021 5.05616026405362 2.88685837746897 
1.23756847538469 3.98631702030888 5.59799872126839 
1.08055339731364 4.41054328816394 5.53030531027096 
3.24239725576463 1.81158572852324 2.82958429796304 
3.30641109194232 4.9479087654529 0.292870754838692 
3.35416682955737 5.38334608189149 0.656724176225842 
4.09873631334727 6.46062398540558 2.69638726521759 
3.83055964341134 6.57219393022395 2.32238376040512 
2.86594205659053 5.61166569482281 1.66059237875551 
3.7334721164271 1.49471832143022 1.22376970880489 
3.50419750170334 1.40658025335226 0.889086639528097 
3.47458139678994 4.4950952713359 4.7516496618064 
0.327295350347137 2.00742897313852 5.0364761052765 
0.432399924966543 2.65522525537453 5.13084679003575 
6.08584062694546 2.21333536716116 3.18978217088946 
5.10225856939554 5.17006142573465 4.07471503405717 
5.5544428300425 5.16504208959045 4.06993043963181 
5.2959943881125 1.61083954336729 4.54781810640385 
4.72629146657593 1.56718322053621 4.09821071988691 
2.15027445281846 2.48307217814739 1.09112731667324 
5.00446261905864 6.18411508888901 3.03079730558161 
5.10952814642397 6.47623717430864 2.86226923909031 
3.08449209641599 5.41685743600009 3.762640334296 
2.90956178763495 5.39576319580528 3.87585838790611 
3.65777499230109 4.09658207901775 2.56304560632686 
2.86453780337401 6.50179193483607 4.4572512998357 
2.78136181529872 6.59095961521831 4.55986813935566 
2.40703371002936 5.73402034633519 0.709836186134295 
2.74040838010998 5.80693191492138 0.836091617493183 
3.13347638958937 3.50129136627965 3.13881593975088 
2.94919006457441 6.58846599417843 5.28893704870339 
0.660439136913111 1.09844875008356 0.148962820876873 
1.21686966184737 3.47255964329671 5.05954556236755 
5.0490907788632 6.09252872513183 4.53190139427207 
4.26779780473876 4.17630937237588 4.35752646853271 
4.78241564991955 4.32790425904149 4.0833406227322 
0.273780464159842 5.90154486240848 0.910027254408475 
3.29169831674419 4.09044052163399 0.978171667354846 
3.97409522961039 4.35080337395983 1.39975270794383 
3.51115929907346 1.67112650773894 2.41095671249994 
3.8927771328137 1.54076055332218 2.5832782034403 
4.26008672295752 3.80623243934033 4.47601029707547 
2.03840529154769 1.06192595311214 2.9503561457793 
2.03135459053239 1.42818062402581 3.00784438145866 
0.978350520885363 6.77652649394651 1.39403829725076 
5.67363068827033 4.63159619670147 6.07300273743108 
5.54291530891542 4.66742609531556 5.94358017441528 
1.48264906812122 0.314451882711749 1.44113198533117 
1.91862091953734 0.142547150668736 1.21044066157781 
0.370168258311067 4.79903642117873 5.85853198963834 
4.77179770164836 0.731221526416205 5.15413180160463 
5.71222540681649 1.34062918776474 2.28261465826445 
5.66173098867919 1.54559213421584 2.42905566457131 
3.06976323062318 0.979334769085189 5.47609999245161 
4.44996307452988 1.32869056472601 1.42070406601343 
4.66763462321299 1.22789312876075 1.24276093127999 
3.78376545241455 2.57349019646595 0.752396982481408 
3.95722266464139 2.38478318578284 0.765120748714069 
1.4781577466187 2.6578192038935 5.80304046683547 
1.8269345919083 2.86086500169677 5.80539072448412 
4.74147862419401 3.33885108609805 2.04302419604787 
4.73629082856452 3.42752585335343 2.30310948980584 
5.94933412795749 6.35179306539492 5.17894222604157 
3.40174733333612 3.32738407261436 4.5015920056074 
3.13621433317518 3.47253828017798 4.07321277468648 
3.08867718276212 6.31519862862384 2.90070351283028 
2.84489251159031 6.12614548332094 3.04058306772814 
4.97066713557047 3.3910605991927 2.3515198249882 
5.33209244809975 3.8640623304617 2.51685407345939 
4.13182297299807 6.09140861968829 2.93387277355895 
3.98210122813433 6.27687358572097 2.90053526156182 
1.76520452187025 4.77166222519127 4.40885249055788 
1.62588923552775 4.59033013001661 4.53647820012516 
6.18713499191143 5.87151169743928 3.38182567904175 
6.08478055082968 5.80739888435999 2.90457383540144 
2.47669415556968 1.45544215910603 6.34945474894325 
3.37644019100402 1.07210643198687 5.1070168277645 
3.84900783428496 0.609279112713089 5.18843061080735 
2.88385590575765 6.16478461048334 3.29064741831293 
3.15712451690474 6.3955717957557 3.25425376820891 
3.91374562527434 0.424043295806542 4.87315429130958 
1.05766735706665 6.15657872359895 4.3515971499597 
1.02966341914268 5.5944249443314 4.27388315274044 
3.25894780238132 6.02101083864793 6.70039178789829 
1.48913798739583 1.75781643317883 2.90539429330004 
1.84130765206936 1.49033295123803 2.82349311394429 
0.852468488905572 6.35423470291122 5.65238998034085 
0.505663214906382 5.98475938049084 5.76721531097344 
5.57263217582121 6.15880051636639 0.877072093364758 
5.21514262954558 6.23971322072612 1.00212915917918 
5.08344283315083 1.5111667155744 4.96881485362504 
1.03280927178107 0.501272467432325 4.72363877705297 
2.55780654855579 3.49311670012257 2.95970864694421 
2.97845696700782 3.32871328797293 2.98717322674507 
1.62473556202409 3.9217699280516 4.45688161566108 
1.99281119395964 3.64235589259927 3.92592554267992 
0.635256080306805 0.413808797625141 3.58835367684822 
1.10144766668079 2.90352384493143 4.82819312499174 
1.25838641813595 3.19292878619901 5.0838925843139 
1.25764956392888 6.28838259305634 2.12001271986073 
3.68615114985336 5.43326175872464 1.73286618207272 
3.65002397448993 5.21261774727026 1.41377444121767 
1.13508668175448 0.249608945498673 5.06442274973623 
5.30241542634157 6.38167739567458 6.07589614636881 
6.77700516721312 0.828234045842424 4.59625440575773 
6.42936824001199 1.49921399698319 4.70748110003229 
3.17015036414807 3.81678876209353 0.594844299746306 
3.22127825315828 3.8469747692272 0.962272825175013 
3.77562930336144 4.10045459940969 5.05527047578551 
4.14294708485789 4.06969561904668 4.89759204061837 
5.07541306881068 4.04101295292175 3.97973589199341 
2.25307227145479 1.9555019965251 0.561903608262365 
0.0542511422827257 3.76431047397514 6.16661407242044 
0.273333384015682 3.38836473299866 6.09302905913567 
2.38152917158608 5.03877278468532 1.12926661965725 
2.48967067626498 2.79390282336974 6.71345925382161 
2.98580129447776 2.73775778446247 6.96338111726001 
5.77262324263945 1.52392057220029 2.85799554491399 
4.52596805499948 0.836747792659178 5.11114695734396 
0.422783575446385 0.757853605107336 4.59477107534512 
0.689802518568713 0.364082283062711 4.56983109736265 
0.971382003905398 2.80211774088971 4.13019177337904 
1.11419776967735 2.91176846908304 3.89503018745386 
4.41278475278576 6.35680985061955 0.489585620169954 
4.3475285190355 5.9932588728306 0.571177580187139 
2.80481010273859 6.64602503507553 3.67665146509322 
3.1508655943401 6.70109955826334 3.44169607250624 
0.866266336228853 6.21607029302624 4.64127315864831 
4.54086562456319 3.91861355929747 6.70497825767923 
4.70933743514491 3.59974598967504 6.60901724221789 
3.9025936183131 4.20270844210232 3.84016117800637 
3.91326775856527 1.20758048369619 6.48517468554569 
5.88851731355139 2.75032104295062 2.22636372326312 
1.51881977742356 2.44606987878608 3.3291175200713 
0.974899209597598 2.70776538012787 3.52889770702241 
5.26270085424886 5.35656747595532 3.50321068823399 
4.93606118337456 5.29089196068012 3.75084590229831 
5.85360267347968 1.63970260607185 4.39986180563396 
1.08708370801306 3.24485941203063 3.89796438677319 
2.9513191865868 2.82391025122858 3.92432097337641 
1.9809644881869 0.955815633220022 3.55016487542817 
1.73780915681103 3.89703094131478 4.63704783290124 
2.85095052691688 2.61584815243935 1.00242699330418 
1.8731136104886 3.21569039795181 5.47749421745918 
1.64364897909687 4.83700251932516 6.58948494641193 
2.28880553896385 1.86807550369145 4.71742767541878 
2.22772162726624 1.77310686543885 4.60801703695439 
6.2120946683972 1.95480784852392 2.93505023934205 
1.79607495793704 3.05796685420516 1.54214818697125 
2.68892217830091 2.35528395167908 2.78542137944417 
2.41163329645242 2.38218621481313 2.47860223313463 
4.04835226707674 5.51140498596385 5.26820821674705 
3.94429936066049 5.50398979588538 4.72014868168186 
5.82916922854392 6.2097402122449 5.83143043948514 
0.571608966163653 5.51048436226277 0.850781156067613 
0.453230999964183 5.84799325493208 0.593449157955805 
0.42087672454664 5.941025447296 3.43721824338306 
0.753712745915222 5.95029214604172 3.56195188013903 
4.32612032904699 6.56551182873372 5.04209238727373 
1.90290641449945 3.49848583198344 3.80359243040223 
3.79247438899782 4.63067680369092 4.46279333810912 
3.89862066245224 5.35489584628667 4.55041017326121 
1.67663852545632 3.12787660415804 6.41373456632566 
1.27164315521147 2.68355880488131 6.17088631876875 
4.24055861504712 0.773690333692141 4.1658194821884 
4.29797383851839 1.13225823136192 4.06722298479376 
3.18884349483355 2.95400988214626 3.44519662371551 
2.9806287199569 2.94226356247182 3.13282594175533 
6.38526375111543 1.07796559554363 6.56631662118543 
5.2304867810425 1.64584733699037 3.09533976106245 
3.70911365328879 2.31323789751426 3.47344683892426 
4.77826706629309 0.383137677414247 3.16821681731182 
4.67529017335523 5.46705762201223 6.13391694275274 
4.78729233376573 5.63125984246831 5.61026183228898 
1.73864560748932 2.02499575172746 4.31642329513701 
1.6676543394332 2.29957125400311 4.50036290559977 
6.08161782088676 2.38508847607508 0.753999834107271 
6.34790393935131 2.09108826819306 0.383609173599749 
3.45748568626467 4.39997688599007 3.80732993533725 
5.85502474256785 2.09199675130108 4.05401369935753 
5.82025109547307 1.77480032176797 4.42764294498662 
4.03763759515725 4.33677177191943 3.99762594415964 
1.64645603421596 2.53257497691223 0.383057355264726 
4.20846301498149 5.23728821925403 0.072621669338647 
4.52643293911296 5.13575500389261 0.00453119643792727 
3.70097206347178 4.20734469096439 5.68954909555301 
3.01300272833177 2.6968164428592 1.93201321189498 
5.3155740153243 5.45727238350594 2.06943245737715 
5.38751829429667 5.30395866677175 2.0054414830384 
5.86458091895863 1.45512722975119 2.14131659308108 
5.80522309133987 1.68319913974638 2.30658713195538 
6.66254580707157 0.976719628271175 2.10938074022188 
1.93411329647826 3.59874290874886 3.63100891638301 
2.22348965643613 3.24412341053463 3.06670224803744 
0.00571785428011774 4.02257528765619 5.64003759169518 
0.213160497818889 3.75761021170276 5.33164912870216 
2.23607232088664 0.717896830837704 1.99314417811101 
4.61265102966922 1.40601125199709 4.92329770291627 
4.43267252102226 1.47273897652423 4.30665753012474 
2.85534001762932 1.36993843940689 5.65351193803442 
3.09632107876389 1.26201281467058 5.61576997561261 
2.51128064569666 2.55989209998406 2.05694039243747 
4.88182936005347 5.05693272854351 1.25609939809696 
0.323555919891894 5.72781845327306 1.05352749249022 
0.252774510140386 3.14056043642814 1.28599074187569 
0.822396853993164 1.59440673899553 2.80221325139411 
2.79209058219599 5.33717893397673 5.75351500456185 
5.49224349526426 1.63825299381759 0.820531517816654 
5.48394948222832 1.68103369514788 1.07311899224062 
4.97349862917688 5.17012266686376 1.82358732076153 
2.63654919619912 4.76171746069479 6.83689853055864 
2.42736030613236 4.97389167649794 6.7735576456696 
0.678002515563102 3.64488786123071 1.32437984690153 
1.62377350312702 4.56333941404281 3.94679472196106 
6.54503511273595 5.15627451026099 2.95265356973908 
1.2384965267747 5.53914795803678 1.39878837431374 
3.44978965296963 6.41269987464794 5.78639976893035 
3.61578432902648 6.24634098785903 5.77230946474421 
6.52231919555138 4.0695394720429 1.87293661245087 
6.43338324581579 1.36508929276929 4.82527843045446 
2.78628911078162 5.48293038167105 3.69651747895478 
2.90483352988434 5.50757496211701 3.59860692574278 
2.71910185786944 1.55867792122186 6.27613484945327 
2.73574056735454 2.03147112618036 6.26136688491662 
6.25982958118575 4.13820078428551 2.24402479310761 
6.13317755780109 3.78609034897776 2.37697228068102 
5.43806927131518 3.7826839280873 2.86558032336507 
4.90074798731088 0.608648867470054 5.48131083291323 
2.26143625618139 1.54497179703244 0.579509643923231 
2.80587110293203 1.48105304218128 0.69421598691866 
3.14803254651378 2.16177937142166 6.67664619200062 
4.42362769606056 4.36322583212479 5.81161115043278 
2.5839400511347 1.63134224765334 4.15748879808781 
2.74246587097532 1.69311953739431 4.15581928700998 
2.48415298043553 5.40006144818385 6.21693432196139 
2.11009284006006 5.06243333626019 6.14266360905741 
6.62734415384008 1.32073092786226 6.24272045897231 
6.51097337535674 1.72510403801261 6.19240001953038 
2.80507370572998 6.41221179744524 6.39487765346687 
2.67741342046975 5.33942730249919 6.61104815009137 
6.36274626318087 2.34806744947565 0.992168844858103 
5.64212561480192 2.0479422689793 3.41233858254774 
5.45452526705611 1.60572888048792 3.17515681718948 
5.86081789838653 2.04113543258349 1.38488289299571 
5.70386220776454 2.28724390519789 2.00695178378261 
3.42199433207461 1.79706110046473 3.81497549015423 
3.58834728665977 2.24694678003678 3.79677552558371 
2.56985305680242 1.17764313043401 4.15765646725632 
3.42541195708877 4.56103566652284 3.96171177439311 
1.04317782350214 4.16923266385986 1.58625031732957 
0.798387141943038 3.79157952773694 1.66551067954258 
2.17560195053058 4.45443538366641 6.40422096756802 
3.01969307579524 2.69323938518329 4.02425959157376 
2.92636417485914 2.64482379875283 4.04103220039202 
3.75823251838538 1.19934869360086 3.4132945027545 
4.00225570860096 1.30311470612001 3.13996227228317 
2.92675206072478 5.61588647928058 6.8293157723241 
0.378685772258242 1.23827127125386 4.04166200265411 
2.79872310240195 0.851101935327176 4.49862778929911 
3.91411247251216 1.57441619267394 3.0205239318176 
1.83950430753797 2.79915867013016 1.65469441884745 
2.0332034968137 2.42981582176775 1.41117950602828 
0.729963679149461 5.59550372000528 4.95996753636825 
0.880674876859306 5.32046240957972 4.70945238449697 
6.02984231472678 6.97819520658566 1.60485106361598 
5.85168721830962 6.93204415317581 1.86363646727889 
2.76882419930617 3.58650179205181 1.22197328037462 
5.32789059615888 2.9539646540657 3.60187694435182 
4.69137474469713 2.37470158657329 6.58146524389368 
2.72710365218937 6.10844144930484 0.924472090357055 
2.75533298095817 6.22323639894938 1.32957015486109 
1.62169615803761 0.0569702451509236 4.99834836524002 
1.8296804485368 0.205876056823514 5.32220878800167 
6.12370800755675 5.04349299342169 1.91093635955501 
5.85615125843626 5.28585450015253 1.65792658200835 
5.12444169622235 5.62167890565887 4.56805374307879 
2.4606000002108 0.765137158220829 4.77889029768178 
2.25342003623777 0.998740362332143 4.58732669791716 
5.908098771441 0.162922910906652 1.91586388685242 
6.07203519639931 0.177187612841064 1.66217991294277 
1.37648960461513 1.12676874555759 4.53374181448849 
5.68054544537149 6.65895797490932 4.78220689865704 
2.45334848083783 2.1985895889266 6.33237776880878 
6.32977185391722 2.21492297020626 1.25420040817363 
6.46130964621041 2.58826667694209 1.65832931510066 
1.55550048873292 6.56604285391161 4.00340315078228 
1.18642646628591 6.60884587141337 3.85878413803588 
3.75066136395612 4.63104893657424 4.13251509531535 
3.85370073922656 5.28262211351717 3.98248836048271 
3.3186416913895 5.96844763846056 4.72171696139124 
4.54321745998066 1.83265722582802 6.07786158812946 
0.832808296217241 1.10714828496628 4.80673185239055 
0.990698498057821 1.02424189287452 4.83667559691328 
4.90634292362485 5.47508525217144 4.43377655391393 
4.61876215905112 5.15252360194178 4.80036889780927 
0.0629987151400651 4.94408449224242 2.71417567749144 
0.031445506902815 4.58427460769345 2.72934961342057 
1.60387947602666 1.77654564911521 3.45924629413479 
1.96683884406126 1.50718270595906 3.32867827499597 
5.71145826436679 1.33793360763792 1.36830368279344 
5.47427155331363 1.19340627225836 1.54771308804248 
5.01615914855106 6.01424852470582 6.58942573936028 
6.61789512889353 0.548485916427762 1.52763472482645 
1.50672836137922 4.41948995017145 4.34681322813286 
0.820900772114635 4.3559324316527 4.30190278516729 
5.98214793635887 0.90920327776944 1.12743597752252 
5.80225484661646 0.645734105672485 1.24035637244768 
0.669967893833776 5.72437543836379 4.74747397352112 
0.804147906925906 5.47050936742194 4.51737321055604 
4.5243712838227 4.68138618035809 2.08899826068319 
6.59027713268915 1.51109807927211 5.16191917439673 
6.33189725766402 1.4509839008514 5.54070710774575 
5.88479096333928 0.502357297349291 3.79100776461549 
5.83185749907342 0.823210751761959 3.66417856976525 
4.47863555762497 4.58405991535785 2.87605177067628 
6.6866222761307 1.78942634447726 1.23440631760172 
3.03467690768014 6.43444101199783 1.3707361931268 
1.53711979600098 5.46359818582162 2.83505808820919 
1.09625074544466 6.1559257001005 5.35637239937237 
0.951069950603573 5.75302801783562 5.31475830154208 
5.27652917251048 6.16152138189367 6.548365552356 
5.49838664148333 6.64849813523063 4.72097635488468 
1.44362085577028 5.05693737953424 2.52832738415813 
1.75376702349149 5.30168129357173 2.68662768706136 
2.54796510523029 2.74148916481529 3.17929405002346 
5.93626474851461 1.0775800849136 4.92172929624349 
5.81856615297645 1.12191002475518 5.3867324340199 
4.99825046858942 2.33665907621014 3.95569861217883 
4.73234009765261 2.10069684794016 3.82808739473996 
6.38741181991476 2.20435962308306 3.59607660635904 
3.28307674602529 1.0445732690951 4.70512973358447 
3.3382721951074 1.46175485052881 4.57010093397383 
3.92149283820354 5.91614828265793 5.21864625566055 
3.09324540649061 2.48595314163039 1.60526449551485 
1.75683461195038 3.85135983831849 5.88490466823161 
2.24492459611963 4.28383541758528 5.9101331356058 
2.87471588040865 5.62343860225783 2.94420942916187 
3.68153903351024 5.40323723046591 3.8160727484535 
3.3490744022267 5.16799589786413 3.67828663806644 
2.62626571220382 1.15884073053962 4.15386918035139 
2.82707952929268 1.60897568797863 4.14451888189024 
2.64246140842183 5.12514011993489 5.51609560454751 
2.18592009305624 4.89418530752549 5.68841011839364 
5.69843717089335 5.47163930864548 0.658019634879433 
1.48591598494069 1.40290755699071 1.03245985889357 
2.08773959106542 2.86668321152621 4.56906546873152 
1.65693630148213 2.56861237015897 4.4106280476673 
4.70801717259651 5.14359784853191 5.07353492363373 
5.13665508864928 5.41927150787757 5.17720813154105 
3.73511230298274 4.25553943077304 0.439962429907727 
6.52283285287882 0.289112325525764 1.6696033020755 
5.93775794936117 1.60322427698443 4.09902273810619 
5.90772170483281 1.99991345822413 3.91003595486954 
1.71841421348848 2.85799596070684 0.420334925018079 
3.65897173948447 4.80784242845901 0.186096978241981 
6.52241313437345 5.38632898767543 2.5900339744774 
6.55600747200322 6.03939930745694 2.41425749021632 
6.46355339158055 3.6402863728143 1.95890486483661 
6.22214272062991 3.61118104836032 2.28887720845014 
2.82802343671094 2.15463927429505 5.84835090952756 
2.85805113866471 1.7039952831617 5.47625206517403 
0.933533994082286 0.305656829117896 3.58430107237545 
5.15018762376423 4.21650866106781 5.46711584823898 
4.74501813042102 4.17894416994142 5.49346998934258 
4.93260804846511 2.31026509864952 2.79982828977215 
3.78639639886783 4.33282307270152 5.53299197849296 
2.25699149636437 2.91987148472018 3.13664667747661 
6.05219977795989 1.29968097018332 6.78435431234345 
4.76779317537168 5.35827332165227 6.22839318488821 
5.46325702978146 5.05984595964621 5.99446745432343 
1.73617392755639 1.8269193575896 6.08451169306732 
4.14442922559488 2.74086682775047 5.27542964652083 
6.55658575836025 6.05648437119487 2.07291331234591 
4.38744934442031 2.41578111964983 4.96214310407315 
4.82963634698372 2.63982834200324 4.73186222371455 
6.82386301219079 4.65430469378111 4.53038458486887 
6.26408337652836 4.75971954479325 3.6879234555405 
2.75355877298733 3.54297923861139 6.28793481286173 
1.15497830094939 2.61751589640699 2.23222631707608 
2.45962963966713 0.785986213654853 5.09077146170163 
2.25096609076178 1.1236279603985 5.29077949537962 
6.39518231995796 1.92191242272825 5.57320003670624 
6.30007523561839 1.77924445826189 5.70064905665498 
3.54745742025456 5.93715890187742 4.60990900483985 
3.86782053351186 5.90089416259186 4.79515537305816 
4.35272011571818 2.98342413349791 1.82824798483783 
3.69463802023811 1.73691168438117 0.53629357489744 
5.03148878701275 5.54126048446422 6.609004407505 
4.17961486858509 4.34374808372174 2.96608303495097 
4.10778918378016 4.07322097422764 2.68755986347384 
3.51906436945016 4.77042088788661 5.4767025073551 
3.89211365893581 5.24910810348157 5.59279721531161 
3.44723550431238 1.56394082801281 3.39754920075632 
3.54985023940319 1.73083489915662 3.19053049598008 
6.58450412627365 4.56876865919243 3.95208069690497 
6.62720975345727 4.26035491633627 3.6876913994837 
5.35136904139382 2.26454894478006 3.39415375826026 
5.0722754332615 2.04524738386432 3.21090229449133 
2.28669765034723 1.86169919660722 3.63466057568631 
1.87839115040017 2.08239223756778 3.71334463149046 
4.62992598461741 1.69096749761419 0.415825283707696 
0.774962861054729 1.70653212751028 4.35385563767175 
2.15627079234724 1.89023572707043 6.40470206135645 
0.586965889169574 4.17166004862614 2.59269785339757 
2.1487267178954 3.63535713832954 4.58068067127133 
2.2549056694844 3.52557228279149 4.1703981947623 
6.30990790297205 2.70244424579719 4.25341929887408 
4.83860547191597 3.92150394883588 5.45111111053676 
5.17940329250511 4.04227019878741 5.43548346627374 
4.95395436673089 3.21871505358827 3.67248027208803 
4.57859038852419 2.98550733294061 3.97862337822869 
6.28685925342348 6.18668224612448 1.89333646208791 
0.96470321792714 2.35735816719945 6.34955901849316 
5.05390480042661 6.63842756495997 3.75468770870986 
4.74179666072609 5.92584490894198 0.527343092664515 
4.86237404397804 6.20596667242236 0.458195661780365 
4.91259502190893 1.06234155765381 0.347317492299643 
4.81859328647559 1.45281811049841 0.686753931511033 
2.85827718418668 3.91398865564535 6.55762669109708 
3.41923819779107 3.74180191147963 6.78194896190199 
4.05260530937044 2.34950328629864 4.68400789985328 
3.78449447871244 2.59202303431454 4.84654130087194 
5.16422635547837 2.80224236918658 4.87879437504138 
5.04187326753018 2.54039145665583 4.74043622731665 
2.10674085643516 0.290697291602743 1.817308546933 
2.22028898390187 0.187472542905082 1.52191906662043 
1.86750285626864 1.20509951699275 5.84792348284299 
4.59725386538641 1.87575693445395 5.22951569985718 
3.4962521102696 0.670521844579551 3.42800191683951 
3.67398824076869 0.490651419447503 3.78177410620517 
4.24056026458897 5.16217592083153 5.67585456029905 
4.31239264450388 4.46177724020198 5.62807542856368 
3.4213944596534 2.99941452367028 6.80707401677041 
3.50365577024583 2.14265880060425 1.72108052588708 
3.36541149219375 1.76060988563305 1.65939148930058 
1.07438684813551 6.55772573350403 6.17001949877333 
1.40792863779599 6.52444366206588 6.24000073895143 
5.96046939772658 6.61793057777238 0.876578997863744 
5.75948000011895 6.85667298654789 1.03968585266352 
2.46133141179116 2.63604261311734 3.48004938126056 
0.223099634453046 5.47077657240658 3.49882602577584 
4.26011685122837 6.44397756431701 5.31425156263524 
3.97996392553685 6.57467643779559 5.65602096100366 
0.574143191459058 3.86608810912799 2.66296505949928 
2.83794404604114 2.77328138845981 3.93573079075541 
2.2537082349611 3.07713614886485 4.10658970559233 
3.52778349088148 0.471472467269812 3.25657399092626 
3.72209230678968 0.210218241621271 3.53773361879421 
2.07847017520682 2.94397589613989 0.908886172726387 
1.91587181268171 3.17082196040052 1.09592634993699 
1.58813447122732 0.948095844975914 5.96595007887421 
0.297179596978398 4.86203695994686 4.01675078582747 
6.87662394897453 4.8347649866718 4.11209223436532 
5.43926373955612 3.80896031112344 4.23934822015809 
5.49956919726609 3.74222526022072 4.55448459471764 
6.73884520971932 1.77985766102246 3.18933811822868 
5.0323132730345 6.17719697999801 3.36880001591954 
5.1639014648418 6.6045861045793 3.61026382291539 
1.95505791708121 6.29159269090534 3.4576785552765 
1.40704669738578 1.84320801123509 6.29354078076891 
2.45360142723032 2.26925422626398 1.71687899565353 
4.42321240075338 1.60690822485786 5.07835633750222 
3.23208298231871 6.02387643729342 5.40382386514578 
3.55076287760843 5.98025585074668 5.55366536409464 
1.26789923243678 3.17872370515848 0.533896894229274 
1.28832572080446 3.29652454882431 0.733814087623602 
4.37751986263976 4.12274619511321 2.39100215351877 
4.59443409200912 4.40056083101328 2.46547386937186 
1.7795603024877 1.38157324013515 5.28118849456346 
1.01313350346538 1.07926690176477 5.00775196335253 
4.63795273794038 6.11687030753498 3.6370798510248 
4.66983126341519 6.34743886023039 3.86217843577945 
6.683752039247 1.08594678157413 0.827359701763348 
2.83495237069855 3.77892341517498 4.15734556387183 
2.78932464300348 0.894462954814209 5.46529900292528 
2.61264778460162 1.12589724423014 5.58035864296275 
1.32112761063897 5.8792265783725 6.79578959146226 
2.93391364854203 1.77770938682491 1.50616334860641 
2.77444247308581 2.24542681615417 1.48559553116984 
4.01923098653713 5.44547378118493 6.38793580532411 
3.94376456420581 5.83575891063008 6.47695799426834 
6.32462075991447 0.864828015803513 3.66320523064556 
0.191873147066401 4.47596156955677 2.87300652385669 
6.71353873299564 1.98254561757451 3.56953945898246 
5.08086709632095 3.73480021459769 4.09910123586204 
4.74014726110812 3.53526353189918 4.37962378884562 
4.40821558231432 5.0038441583342 2.89531998110262 
4.34652229612311 5.37275131856978 2.50369991397714 
1.63964917824553 2.0176989207234 1.06346828595661 
1.68286607862477 1.5256068668527 1.11054861591987 
1.45858076625784 4.43383341491318 6.65102348473169 
3.06212605989819 1.04265217900592 0.815453701099729 
3.51670139631842 1.14971694502643 0.857490050066778 
1.71423931974034 1.51044060831682 1.61423848905754 
3.2877436903037 1.81757654653116 6.86400377159321 
3.57332081728281 0.548671180627609 1.54367458614319 
3.75466061215153 0.985437110089272 1.12087738952856 
4.4808022727098 1.97720676556833 5.73793950024933 
3.67016826640811 5.48668480347478 6.22297718531229 
3.68314846759312 5.83005835792828 6.33496293447982 
0.437607031250724 4.64942147674245 3.73329592523077 
1.52154090678928 4.0598648822033 0.721876635024129 
1.23554185463315 3.59439064186643 0.603289366514278 
6.57735807506006 0.922887458051763 0.872513979475593 
6.42500833312467 0.869831171399037 0.643438751700521 
1.86137949088312 1.1473961249 5.50408535640414 
3.70573076418236 2.83996551035693 6.61065616471001 
5.39760974023471 4.362365519427 4.27367229380778 
5.38222783060315 4.11479013722187 4.0904176472177 
0.551562181828861 3.72520430428251 3.78390496017255 
3.98352736109761 5.28085399545247 2.97517070434744 
3.97980549532837 5.4542533184936 2.77025047215299 
1.18985169358843 5.55704009188711 6.6512721435142 
0.731665281171536 4.38484990693127 3.86591035910987 
1.12976935987756 4.5370717258116 3.61267513283671 
5.32884704025961 1.38963131313153 6.45872011788418 
5.18041799347402 1.31291868887354 6.15127522609077 
3.0060331287846 2.19861938801006 0.436068548878062 
2.70981959518942 2.02238866686937 0.70071598016293 
4.04872421980492 2.90939858941829 2.27871447151189 
4.01223736150893 2.74904322354599 2.33933107928725 
1.11889140606943 4.24447231964315 6.36172266302352 
1.23351228072472 3.92267358924836 6.25197749889347 
1.69083333309561 6.00012557607936 1.06259050495937 
1.59638643225468 5.78444493065467 1.3974666381641 
6.56045405341585 2.19582512017478 0.858085165188743 
6.46717830680327 2.04361506134057 0.438834468805933 
2.88290232411978 1.59153991467178 0.723873625858269 
3.21199743910443 1.870251646447 0.394299173482033 
4.58609724627564 3.17155944919361 5.31104258413574 
4.23000385518497 3.02489946537495 5.37703338612264 
1.21099404865666 3.43473374556881 2.76312335122949 
0.982189246272211 3.33452132586727 2.27851880934442 
1.65393172295132 4.18104488410654 6.61318135378805 
1.45066685214466 3.86882861877393 6.32616749057179 
1.17351436076895 2.96077783443792 2.82752522609138 
0.980389086549749 2.82219002220014 2.39480202033842 
1.06607560899718 4.18615670243763 0.887470724929476 
0.891268915186989 3.956655332814 0.812526299554957 
4.97058503517942 1.49387667338946 6.5960688557089 
4.83483063886096 1.41327725802299 6.29199149592455 
1.71196918843926 1.68008703644084 1.69547864211836 
1.67057374079403 2.11538441780372 1.38274329791228 
3.48924953211514 1.18225203901773 6.36913483040604 
3.06380849789972 1.41972342166889 6.63302356623701 
6.58643121175247 1.20782830999199 0.429658858757627 
6.50444098741592 1.13735923744905 0.385926515368556 
2.69693045518872 1.57457706707058 1.76687467106934 
4.34881228087749 2.07401229782289 2.34106011798085 
1.58167033991676 4.73354460235621 0.656176022741114 
3.33093550593211 0.881911989107103 2.2140104467051 
1.84190100330076 0.206019147795556 4.60755689604015 
3.05089454863935 1.01393477185045 2.23235600984556 
3.07603149723883 1.3500158774905 2.24032731414486 
3.80611592243596 5.68968424732493 0.65545317229423 
4.03389930197569 5.86646146371521 0.940629008190784 
1.14662530445005 0.468499558468966 5.46031155885493 
1.47636099838981 0.477287714152213 5.60670046281181 
5.63524086549818 0.881578924666686 3.34910578088686 
5.44538447682345 0.40704695968164 3.05080034206191 
4.75294486307339 3.17018928672302 5.77226978699276 
4.19569386165326 1.40858302736924 5.34414203868405 
1.49326254705711 0.796279117154052 5.64029884235405 
1.10608625647331 0.760240427211149 5.46297334335926 
4.10129394494982 2.34206878907803 2.09473882583251 
1.92908180911443 1.43333485781385 1.76686817684063 
2.46202160553971 1.22419348534493 1.58142121528585 
6.24807769188311 5.23949896504343 0.754291719426057 
1.49167107203293 0.367178030096833 4.10915999948968 
1.51951885901164 0.482232313614462 4.35416738031412 
5.16198658315673 5.95862363878255 5.37627560261002 
5.07433435720508 6.28986698543765 4.91276894112487 
3.56304366449539 1.17509481238372 2.18502929644579 
3.37568108139324 1.44362125217836 2.18435335641376 
0.67250926684594 1.71720696153654 4.23156673550584 
0.586362342775459 2.35280123945767 3.86504488533659 
3.85937287247152 3.23988811205088 5.87704483245719 
1.93266562020043 4.20069158864838 0.77166745453864 
2.00643675092772 4.62165153579152 0.831039242758696 
4.55192816235668 3.03818624124571 5.89698578996837 
4.19336674883479 2.96661596965033 5.58583113624412 
1.93341836839055 6.37555574016111 5.52554039040114 
5.94799311257692 5.34883205511197 0.94767891318609 
3.07244059811459 0.782913115800584 3.42001877399425 
2.79238368494489 0.726363778325656 3.77290387945061 
5.0495822550124 2.08096681349433 2.372377878044 
1.4205132970559 4.44744948522394 0.557973799949447 
1.6008384683401 4.16217354444473 0.609580888123806 
0.726702435567047 3.36256544977628 6.24681403138406 
1.88477647906122 0.949827509203049 2.07769388437863 
4.09578420168799 1.77598993864238 5.95900991375755 
4.23811120007904 1.73590357101212 5.91398369009247 
5.72874677741927 0.646064249091465 2.49465138014703 
2.93588092781667 0.601853723370652 3.2432147991923 
2.63953120547217 0.501428540008757 3.50589139841381 
0.695398340034576 1.36768415978604 2.75980217325544 
0.828038095125866 1.03404058398826 2.77029432664663 
0.64063432087514 1.22165564133369 2.24143544602214 
0.817591832914192 0.871589441460992 2.44435171472392 
6.21328357801772 3.01365028917981 3.05185166024909 
4.12702632847164 1.74694879207002 6.05355594168646 
3.92509780042715 2.09753095956143 6.57763032474189 
6.46267394272499 0.751161910212478 2.42988517417176 
4.6771782311522 1.95579821664144 2.11648988110178 
0.6824112529452 3.29007447806764 5.67113705512307 
0.78721326454495 2.97220849054317 5.58336807719936 
6.00866518946721 3.24327579340032 3.19840288799099 
4.94639983595404 3.5186854980559 0.550354913683488 
1.0574289518562 2.74391733649878 6.16436939596174 
0.825909333412207 3.22600563214707 6.39349091925328 
0.382031360321666 4.42317413040523 6.38638433187931 
0.681034633117429 4.25916207354331 6.61626926738678 
2.23757153949727 6.45201141758215 1.45057459582337 
0.256706273099752 4.09177145810805 6.51221717120624 
0.559504875657558 4.03198201744818 6.6714285851445 
2.19043451641632 2.76552655701974 3.49463383061519 
2.04375187127275 3.02683502551378 3.85613053764832 
0.535271818092212 1.97407481623796 6.07693591467512 
0.706054474431754 1.75207212899137 5.96493891981989 
1.60950526708716 6.0294610562421 1.52018843596706 
4.60826008287766 6.57955025454911 5.15700297579474 
1.39986546023263 0.836910838888726 2.75495753554009 
1.82255278837413 1.11097494134658 2.74415213639474 
3.76171975284305 1.75988953259678 6.79829393435854 
3.82806471234955 1.35507220938668 6.44862084729363 
5.90953635861546 0.928828565631204 2.54490678876883 
5.92026222310176 1.10384243915192 2.9451578038618 
5.43044337164748 2.98307214185271 3.19279302093382 
2.5891635534215 3.20826313864286 0.508044973717379 
2.49586320746919 3.12130016005074 0.824747445740006 
5.90962456162044 4.34684415244887 0.172189628190813 
5.79520984504369 4.04351740243113 0.5026122268401 
4.51476410240604 3.66937852650386 0.378810349935395 
2.74238270274268 6.34164309237725 5.70734789125841 
2.55732821005169 6.07781811428709 5.70069931945908 
2.6292706981435 6.49258707941989 5.56736530480674 
2.29999943112212 6.26835866567099 5.47973471612365 
6.73167112817068 1.32432801212786 4.16318189260829 
3.19874266162478 6.46006757961581 1.11736016176581 
5.19617854082648 2.74849548314671 2.76622930936806 
5.45396153530822 2.76057620637748 3.06008798690911 
1.64451867424732 0.392076253007727 1.84729385285398 
3.22357373034902 3.65787888657663 4.83810176220621 
3.69826061793399 3.13381124343615 6.30633980228339 
1.81445597704263 2.50070341848941 3.60953246655067 
1.70370326140913 2.74157840854996 3.92221736627974 
5.43008002868273 1.1120263410798 3.48825825179241 
6.59147488419795 1.35002043668752 3.98965503167338 
6.77641283231482 1.49343738207212 3.83617589169096 
5.40110323331949 1.05752304717436 4.04253104984716 
5.58649415879769 1.09942762284887 3.81468388985448 
2.32291515979737 1.95612414463796 2.45095912384469 
1.90550335106951 1.77253725704713 2.50462715560267 
0.703907069818345 3.8359239627211 4.48504515025938 
5.94303717826727 2.99044426945438 4.25705527132278 
3.40229418224337 3.26064142435998 6.56006076443896 
2.94647851168196 3.28547772912349 6.27618098171232 
2.65600017815154 3.61101598873841 0.631982562161612 
2.53964870340216 3.50576711679475 0.973102003538693 
1.02141181145426 3.62292561377526 4.5566457230493 
1.59562853318621 0.793606087816446 1.99648037395943 
1.31005739608646 0.68445753213898 2.38359475701461 
5.13985603604526 3.2340807129795 3.03433181285447 
4.99331293756861 3.09278872338277 2.7940563403745 
6.76765790820478 0.601904578134305 1.84925351555043 
3.34169268996466 1.52403195006666 5.41131405904053 
3.48297131341088 1.4174169566865 5.17074853192534 
3.01204282686856 6.2711909135948 0.793697568911201 
6.51757412825936 0.460319488385179 4.64847755939002 
6.12544279600194 0.496954671794578 4.7914994350662 
2.89362235354566 3.95208220708385 4.59054715107225 
2.61213515552556 3.92117855004773 4.79931115902415 
4.50939497984552 3.48438784227174 6.22895181346636 
4.17921976991553 3.83193685096524 6.23168127825025 
3.99402409260159 3.32973327372354 6.13737951504685 
4.37637428775169 3.24373987845893 6.20417432054394 
2.55376946892672 2.45647298658913 5.8075674794649 
2.25654309865889 2.47222533065236 5.57582136609576 
5.27960692695547 3.37251236154363 5.94656290645682 
3.64125815036504 2.59185438875502 5.73925512085186 
2.39526133478912 2.4849788548209 6.00323908506672 
2.10552441441701 2.49625147535938 5.75943622614263 
5.53272414617575 3.62022581758699 5.79158962290363 
6.39667360869632 0.284768763991169 4.40269063171344 
6.00953590079842 0.331366224052773 4.56789168765374 
1.92975992585343 1.61293253176152 1.85494531287739 
2.37472887266003 1.85049896489698 1.91957243616419 
3.38752686347289 2.5228516020841 5.57296837375525 
3.04987799616385 2.82229609863982 5.59777856986178 
5.80487168952707 3.18243592217087 4.65306021339611 
5.81351004587337 3.55204883222593 4.55626289787694 
4.6313584085424 2.08080055082108 1.78840339521266 
4.83118515060506 2.38440496722388 1.61968922512709 
6.02477533165567 4.20788272859663 6.20705434474701 
6.23987787026574 3.8640315481909 5.97879208474798 
3.57338156539962 4.13066805750273 2.17818966506995 
4.99615062337684 1.04151747417044 3.4852988697427 
4.92133903882076 1.0369341541854 3.76715472630093 
1.18656951171101 5.22482184016458 3.55505716220518 
3.64196939457301 3.08445936026184 5.97319484342056 
3.20234389507616 3.19654407269952 5.84160501517512 
0.799201879947246 1.8389266421572 0.737766023793779 
0.745070235599755 1.72639307202051 0.316525397186191 
0.927795739848203 1.75936483400419 0.300973605611362 
0.986539727666706 1.85795138155647 0.691474606931437 
6.68861992765968 0.397083381533579 1.94578570300323 
5.80766577458194 2.45753548800637 6.23948316801339 
5.98958026712341 2.86988495603653 6.37927192486136 
5.33815861015721 3.59046823601202 6.50112738816348 
4.30434406404859 2.31623448550434 1.72953151037529 
4.44469568800373 2.56370085644365 1.61057111877479 
6.36507214144859 6.68774703134887 1.50911621761013 
6.30388682720742 6.48507717600347 1.10195311882741 
3.29362096695769 5.18686162416156 6.32017525698849 
2.94906981711512 5.29267624242538 6.64207489889301 
1.49998020284437 0.581185943268323 3.06428655843839 
1.14389445231862 0.620170454567686 3.47778792700307 
3.32137201008063 4.91062271126417 6.49924714664319 
3.03907958702723 5.01482273275941 6.75813848023288 
0.982277589143184 2.86865661036205 0.502149012380802 
0.407237775677466 5.98316584714647 2.72456231885537 
4.06529215268229 4.34538365908251 1.77049810590799 
4.04197699204105 4.21913629888833 1.84316092833397 
0.466628532547874 5.23036246488266 3.70314510493784 
0.849658464746826 5.46889800173957 3.75955607890611 
5.4510526491164 3.42448398646465 6.16270072738225 
5.6394826942358 3.64733437492507 5.95337077378501 
5.49322608170786 2.65760204658158 6.33177053762884 
5.65236417051593 2.97472170305381 6.4306996038361 
4.27238479746855 6.62743170259846 5.87964396138364 
0.507494572803206 4.6379954065559 4.94790815616679 
0.761793277685472 4.79700554527733 4.73049529226884 
0.482847371433431 6.14846354460148 2.91246272276031 
1.93426485294372 0.65963525293326 3.3366353756482 
1.55563698921661 0.71677405715785 3.74366023480673 
0.414423272872428 4.50860708030545 4.71189543643915 
0.601913280353973 4.61806621394446 4.51779308815217 
5.58665003489865 4.22222338341417 4.79842322368335 
5.59147443386615 3.96878303165975 4.82569016804641 
1.24046013705642 2.44335987018982 0.407393753864439 
1.12695232942566 2.15699508561098 0.776453210827258 
0.720075530097668 1.57751576813474 4.19283587919268 
3.37286809475022 4.43061292321217 2.07171718399362 
6.34178629555764 4.19050709939135 1.17386432282702 
6.13335640004167 3.80628511063214 0.993341142775898 
6.13221875604998 4.33170790622884 1.05463137841339 
5.91062180247069 4.03788111709225 0.882102301435017 
0.81065115258057 5.83765213967006 2.41224623508037 
1.04743743405877 6.00345645658092 2.52068174372181 
0.935058576307861 1.46050327066298 3.74671201694845 
1.17826567733784 1.4124104978551 3.82260906391826 
0.811534030444785 1.57396375226276 4.30779529719195 
1.17412504138126 1.4974485609882 4.22688599017905 
3.72658341922335 4.6318743769977 1.76229019041692 
3.6928365018958 4.64775599620868 1.57150145320772 
4.34224915574328 6.20378643064465 6.36499595078812 
4.71115758243454 6.00054621140352 6.25348124024398 
0.599600458275206 1.39842315626275 1.841158897485 
6.80653649447318 1.38352700758789 3.30174411914474 
0.308961632982846 2.70154407045876 2.24430698459068 
0.22005438680269 2.58793023824595 1.95017321398656 
0.488160433911359 1.47899810698019 1.21676787134191 
0.662455025220865 1.24435031967468 1.4934195527758 
6.50498281426501 1.03421379641801 3.20795341287313 
5.9995289820599 5.30817378621387 0.240032433438715 
2.8927362010943 3.00257165874536 5.1591617921061 
6.19182056669466 5.23594096253239 0.314044818789109 
0.304496697575578 1.80637490132118 1.35373413187744 
0.327468104515486 1.85204584548608 1.62740786268701 
0.793896683769178 2.52032244736513 1.36345675661849 
0.696393866612072 2.85332986412712 1.17302414871673 
4.57998989975348 6.57829022443716 5.69192948486616 
4.52636927847824 6.46064795351007 5.40353090561085 
0.759049129728863 2.40199199747874 1.02720728914962 
0.677720660830257 2.7253009704742 0.925579179195726 
2.373174673622 2.89027663659388 5.10396668436048 
2.21196268644711 3.17332903993855 5.10992414484838 
2.70008640944298 3.63952020644631 5.17537583894586 
2.96073257472352 3.50988565249554 5.18226544201556 
6.19088994580754 3.34595263055191 3.86113593700288 
6.20015397583421 3.59398460779595 3.94172871113761 
5.93659137636627 3.25464425921455 4.04999147723178 
5.89611334085158 3.52201031562846 4.18462624980193 
6.18700286482648 5.76019076349561 1.55661407440958 
5.99779995050609 5.67794522871119 1.53099288753383 
6.06126763600822 0.295711341214366 2.33958599528808 
1.5083632369804 6.49415820762735 1.04685271123212 
5.21169570871999 2.55980491345515 1.77371826611834 
5.3883587087387 2.46226169097569 2.05465037780823 
6.19164106065443 5.79219203987299 1.30516116465766 
6.03280605041073 5.72728115364041 1.27942495736778 
2.78700223331713 0.687627930457131 1.23821731059746 
3.36187410979823 0.50802972468174 1.59444759853062 
1.70528036360479 6.21168817828453 1.16019039316299 
1.97775246121735 6.39539311242665 1.10162440179765 
6.46404005680503 0.443507596916881 2.3468175935417 
5.31720466014881 2.92750880833419 1.97984452040743 
5.44783137502061 2.70928920966205 2.18219853741498 
1.92495724398331 6.1145421145462 1.96761569040843 
2.01549478999057 6.18166055612222 1.96719937632365 
2.08923712360587 6.10448539207456 2.02891645557501 
2.01065276869205 6.02252985962038 2.04203895012496 
2.1340269102063 2.63082178569861 2.52991850673841 
2.07687838532644 2.89768640388621 2.90077369809812 
4.20717701019942 3.11878355706886 1.1899385542781 
3.60582117927233 3.36126180062563 1.34037214866819 
3.93345603372106 3.09804129113971 1.05311834088615 
4.855607861447 6.22353333981685 5.86661203995328 
4.84938660967064 6.0469714579351 5.58527201644342 
5.33944970733609 5.76165317911247 2.96095896866924 
5.55602086206075 5.76887749422586 2.77902756663826 
1.65505006167019 2.47799823550469 2.63528120086369 
1.62491373778815 2.66329092037796 2.89992369565693 
5.25803827286043 5.52917871064914 2.84113606999907 
5.44467856091778 5.51896512555925 2.67034872382819 
3.76040453098131 5.44870269135219 0.704650609046497 
3.94952665036656 5.34615466890943 1.12096207233679 
3.9867103651861 5.05082582567619 0.355410171680341 
6.32244407479263 3.06304169381026 2.86020975709845 
6.35642641801318 3.51848695905851 2.63728262775464 
6.52297758954948 5.58444787196789 1.78892189350747 
6.49287232161943 5.27586308208916 1.96443848412733 
2.63793802732057 4.49355421228784 2.09368224591854 
2.89149593581134 4.28437110561636 1.91726323839873 
2.42490836276261 4.61961436450013 1.60796902147089 
3.09208806571133 4.45444117178973 1.28981612097433 
2.79498788301674 4.31265133943478 1.55545233101899 
4.43236145434115 3.63834739966927 1.55518051928066 
4.06972515041401 4.07788916312814 1.65090183335672 
2.36696465700499 4.92303386763672 1.47683673145267 
4.18145617479708 3.2699826744477 1.4829483798051 
3.75401706283564 3.43381637989802 1.53179323162154 
3.32173061879624 3.25625304662593 2.03770393820561 
2.58206625462576 4.40858420697349 3.0159820634264 
3.08383676281265 4.39650792195597 3.09389351726047 
4.60740204639087 5.58290932330222 1.26337175712001 
3.07810427170406 3.12923726742181 1.84272102508649 
2.77785181990918 3.37512954505435 1.90347691826945 
3.23530709544099 3.45758412645418 2.19018493494333 
2.8660455517623 3.55469521964206 2.10829777322263 
1.99035222908295 4.11747617258829 1.29000704807908 
2.18560033624402 4.58923491537146 1.53959728959161 
4.12864120986268 5.64471097096993 1.21405305790459 
4.03391660303252 5.77447553845264 1.58041574707592 
2.89891508102122 3.93973429667749 3.33452469374672 
2.64956155272677 3.95561585954415 3.2839207872985 
1.68708518836602 4.36806102653359 1.94870292764466 
1.58235429644539 4.11092095460177 1.74320097519311 
4.21422687268888 4.39395627143328 1.21462938847086 
4.18569969560564 4.3124093002629 0.703000843009561 
5.90479350605339 6.38066177954246 2.47064570860559 
5.8760175144277 6.38930391354282 2.2293868713268 
5.62643504247083 6.24606501388811 2.49149635235268 
5.60909818570771 6.26145797396995 2.24033126465109 
4.36731461113657 4.74028056885638 1.02939940966605 
4.34045369049797 4.64683727346828 0.673710357916983 
3.65489220170226 5.37248826453099 2.6547851289206 
3.35150021301509 5.6110667170003 2.58331816172096 
5.57676992302261 4.42756665288266 6.17663864815183 
5.49638047167791 4.32990450172383 6.4737547156031 
5.62311992556929 4.15757666190093 6.45735191491422 
5.70990848524269 4.18124443266281 6.24032940050684 
4.88735123801928 5.38294613670683 1.91696866200975 
4.4493417416708 5.44432838339595 2.22173948780413 
4.68490798687389 5.71579212734321 1.63384315104716 
4.38520572815708 5.80308339911438 1.80861913959187 
5.8135128828286 5.88281376609153 6.54240303932237 
3.51729612726166 5.24464963433004 2.27294296816587 
3.30194232909337 5.43333365919086 2.24729098604062 
2.92456105615569 4.8026929782413 1.0693613580714 
2.52514905754009 5.02050034029771 1.22226998151672 
6.02940846891362 6.0247690596087 6.04673165651787 
6.09834651487552 5.64473340978607 5.93947021940666 
2.84939937889542 5.39882791692614 1.21743597396196 
3.14030423017589 5.21636675936501 1.10635708420858 
5.62123555151513 5.28390741044531 6.56786743064756 
5.68118319530333 5.08447297524588 6.21962927905158 
5.86360212427933 5.45430035024828 6.55700530005103 
5.99889586562916 5.3409156927811 6.25927189161793 
0.837183092650961 5.41590910456484 2.42305853267138 
1.26849871621107 5.19664927097958 2.67003158874076 
0.360708757039567 2.46032438508253 2.73707891555991 
0.340310451019411 2.09510900737418 2.94461162126196 
0.285332106830195 5.08704041590429 2.87183182813407 
0.396171738939523 2.65958690246234 3.22978194707441 
0.378529090345535 2.42536630298 3.38592445294726 
6.35921657676524 4.77717129912222 2.97367028137854 
6.5893075987756 4.44004802358549 2.84920318726827 
6.21604133199619 4.60071535995847 3.4400775169223 
0.474964447876982 4.83841504601996 3.07571709130636 
0.946172560281802 4.81811978987689 3.04024469558796 
0.569758722258317 4.88412954384816 3.50481044643448 
0.957438140281192 4.8564303061479 3.42738561954882 
6.09594481394046 4.0581788163581 3.45104682363587 
6.59843420442379 4.24887332902611 3.026284033333 
6.37133006052935 4.30857121732152 3.42005680784833 
5.99267661845856 3.68085344012098 3.00291382595268 
6.24916667412274 3.71494111497604 2.70549795849581 
0.901742182897728 6.2400504435311 2.84936125541043 
1.5206893599544 5.76879004210883 3.01498919621308 
1.85912625313103 6.27847671488007 3.2736861000784 
1.10147746201744 6.14840376821485 3.14009747672652 
1.27793784591894 6.4445574029739 3.26528281594593 
6.68771109222805 2.93730882534665 3.59084104795029 
6.70872050283762 2.67062193948021 3.74844735443039 
6.66301666786406 2.82306464267912 3.9985365554478 
6.6375556672386 3.08407589070248 3.8518334138217 
5.98860387395877 1.76073940324892 6.68767558717065 
6.12737780095697 1.90702451413379 6.51382720161055 
5.7595435177961 1.83204805485873 6.56265449360125 
5.91828272141229 1.98422820211876 6.37609608879907 
1.42419653448812 4.62160078869897 2.55815883683892 
1.65637309538267 4.43040767260556 2.6837416950724 
1.1413294361754 4.4665894838178 2.81636550939382 
1.35923825400599 4.23401883020543 2.97498395848894 
5.17423666318508 2.40536230853939 6.85806055186605 
4.91454662695787 2.33239432202803 6.85578803078136 
5.25142400074825 2.17272620105615 6.93133852495736 
5.00914079801247 2.09591510816191 6.92676061525756 
6.38079630486568 0.490820725530758 3.79188588726549 
6.52370280146155 0.43010209893572 3.96788460434071 
0.574616507572589 3.56334006832233 4.24154948981058 
0.84470049308403 3.34620151052228 4.28285607827476 
0.800662142944375 3.06378612451596 4.36842200433377 
POLYGONS 1590 9739
4 2 614 646 842 
5 555 631 2 842 1393 
4 1 489 1392 1113 
6 0 427 1364 1393 842 646 
5 397 606 874 895 928 
5 3 582 724 397 928 
6 397 606 1245 1249 1250 724 
4 3 831 895 928 
6 3 582 949 1039 830 831 
5 1039 1040 1389 1395 830 
6 830 831 895 874 1658 1395 
5 1245 1249 1040 1389 1657 
6 4 6 392 556 7 5 
5 4 6 739 1129 1128 
4 5 4 1128 981 
4 988 989 1180 875 
5 8 412 903 1060 885 
5 392 556 1175 1060 885 
5 6 392 885 8 739 
6 7 5 981 982 988 989 
6 875 902 411 906 982 988 
6 411 412 8 739 1129 906 
5 7 556 1175 1180 989 
5 13 12 1549 1545 756 
6 13 756 1192 1206 9 805 
5 9 10 1246 1247 805 
5 14 450 872 871 477 
5 9 10 451 11 1206 
6 450 451 10 1246 1222 14 
6 871 872 11 1206 1192 419 
5 419 871 477 1549 1545 
5 13 12 1223 1247 805 
4 450 451 11 872 
4 419 1192 756 1545 
6 14 477 1549 12 1223 1222 
5 429 430 1423 18 731 
4 17 430 1423 1415 
5 429 731 16 1402 1401 
6 15 1233 1327 1326 17 1415 
5 429 430 17 1326 1401 
5 15 1107 1109 1163 1233 
6 15 1107 1157 18 1423 1415 
5 19 1156 1109 1163 1197 
6 16 19 1156 1157 18 731 
5 16 19 1197 1297 1402 
5 20 470 619 1251 1252 
5 22 401 20 1252 1276 
5 24 23 21 1152 671 
5 25 27 1267 1271 26 
6 500 656 1495 28 1272 1268 
5 27 1179 500 1268 1267 
6 1271 1272 28 1617 1620 26 
4 33 735 458 1569 
4 533 534 32 1570 
7 29 30 32 1570 1569 458 459 
5 29 459 736 35 1072 
6 31 30 29 1072 1593 1592 
4 31 30 32 534 
6 567 568 33 1569 1570 533 
6 533 534 31 1592 1603 567 
6 34 35 736 735 33 568 
5 567 568 34 1604 1603 
5 34 35 1072 1593 1604 
6 38 537 637 636 791 790 
5 36 37 636 791 455 
5 38 507 617 454 790 
5 39 43 40 44 864 
4 39 43 625 1409 
5 864 865 1408 1409 39 
6 40 44 1595 1594 42 597 
5 43 40 597 967 625 
6 864 865 1444 1596 1595 44 
6 865 1408 41 1414 1461 1444 
5 1143 1144 1418 1414 41 
7 625 967 1099 1143 41 1408 1409 
5 42 597 967 1099 1098 
7 42 1098 1144 1418 1462 1597 1594 
6 1549 1550 923 1598 1599 12 
6 728 923 1550 1546 1588 1589 
5 659 728 923 1598 1600 
5 48 49 659 728 1589 
6 47 46 13 12 1599 1601 
5 45 48 1589 1588 757 
5 49 47 1601 1600 659 
5 46 13 756 757 45 
5 46 45 48 49 47 
5 533 567 1478 1431 760 
6 31 534 1124 1050 1222 1246 
5 567 1478 1489 452 1603 
5 760 1125 1202 1458 1431 
5 452 670 1045 1457 1489 
6 452 670 1223 1247 1592 1603 
4 1246 1247 1592 31 
6 51 1176 1459 1627 1625 1619 
5 50 400 1188 1130 1112 
5 53 1187 1236 1627 1459 
6 50 52 950 1622 1624 1112 
6 55 54 1481 679 1303 1318 
5 54 56 57 1479 1481 
5 55 54 56 1009 1010 
5 55 1010 1520 1526 1318 
5 58 50 1112 59 418 
5 50 52 809 420 58 
5 58 418 871 419 420 
4 61 60 1622 950 
6 60 62 478 63 1624 1622 
6 60 62 1550 1546 810 61 
5 809 810 61 950 52 
6 59 63 478 477 871 418 
4 59 63 1624 1112 
6 419 420 809 810 1546 1545 
5 477 478 62 1550 1549 
6 64 65 1385 1386 1049 1048 
6 66 65 1385 1433 546 69 
4 1049 1294 1382 1386 
4 67 68 1149 1193 
6 71 72 1279 936 789 433 
5 70 811 958 935 1211 
4 73 75 780 1522 
5 74 76 594 593 77 
6 76 594 783 784 667 666 
6 80 84 81 78 759 758 
4 80 758 1074 1073 
4 81 78 85 82 
5 85 78 759 519 518 
6 83 519 759 758 1074 984 
6 80 84 548 897 1024 1073 
5 82 85 518 479 79 
5 83 453 479 518 519 
5 453 479 79 547 747 
6 82 79 547 548 84 81 
6 83 453 747 896 1023 984 
5 892 1176 51 1456 1468 
5 564 1484 1634 1637 1635 
5 51 1456 1483 1615 1619 
5 892 893 1637 1634 1468 
6 86 1053 1616 1626 1628 1434 
4 86 1053 564 1635 
6 86 1434 1460 893 1637 1635 
5 88 92 91 89 90 
6 93 92 88 1058 1616 1615 
4 90 88 1058 1647 
5 1139 1218 1625 1626 1649 
6 89 90 1647 1649 1139 94 
5 1058 1616 1626 1649 1647 
5 91 89 94 87 96 
5 96 87 1032 1031 95 
5 87 94 1139 1218 1032 
5 95 93 1615 1619 1031 
5 92 91 96 95 93 
5 421 471 976 912 652 
5 912 913 1262 1261 976 
5 958 959 1095 1096 935 
6 936 1279 1360 1336 1326 1401 
6 17 404 966 959 1095 430 
5 935 936 1401 429 1096 
5 17 404 1337 1336 1326 
5 97 810 1546 1588 1586 
6 67 98 420 419 1192 1193 
6 663 664 927 1400 1038 101 
6 101 663 99 1051 1208 1239 
5 100 102 472 1497 1498 
6 104 456 641 1339 1284 776 
6 507 617 745 1170 1309 1308 
5 687 775 1309 1170 1169 
7 103 483 454 790 609 1427 1445 
4 609 641 1339 1427 
5 38 456 641 609 790 
4 454 483 745 617 
5 103 483 745 1170 1169 
5 687 1169 103 1445 1300 
5 775 776 1284 1300 687 
5 775 776 104 1308 1309 
5 38 456 104 1308 507 
7 107 105 667 666 106 722 723 
5 698 723 107 1527 1227 
6 1442 1463 1651 1653 1645 1646 
4 108 463 912 652 
6 467 468 1453 1449 1234 1215 
5 109 110 741 1551 1290 
5 523 919 1553 1551 1290 
4 523 860 1291 1290 
6 585 586 111 1291 860 859 
6 1290 1291 111 1374 1403 109 
5 113 112 1439 1440 1080 
5 114 918 1475 1476 1224 
6 114 847 964 722 1225 1224 
5 106 113 1080 1225 722 
5 115 118 465 939 772 
5 115 75 780 116 118 
6 117 73 75 115 772 891 
5 704 705 951 1260 1355 
6 465 705 951 714 890 939 
5 714 717 1259 1260 951 
6 116 704 1355 1529 1522 780 
5 538 890 939 772 891 
5 116 118 465 705 704 
7 117 73 1522 1529 1259 717 716 
4 117 716 538 891 
5 716 717 714 890 538 
4 120 833 1659 857 
4 119 511 399 1137 
6 119 120 857 1311 1310 1137 
5 119 120 833 121 511 
5 121 511 399 748 749 
4 123 124 409 1576 
5 123 122 1002 1394 124 
6 123 122 1562 1560 1577 1576 
4 696 850 710 1314 
6 124 409 1313 555 1393 1394 
6 555 631 711 710 1314 1313 
5 2 631 711 438 639 
5 438 639 773 1561 1605 
6 773 843 1002 122 1562 1561 
5 2 639 773 843 842 
4 1560 1565 697 1577 
5 927 1338 1531 1441 1400 
5 1338 1361 1328 1521 1531 
6 101 1038 1086 1015 1042 1041 
4 663 664 925 611 
5 101 663 611 1035 1041 
6 125 787 925 611 1035 1036 
5 125 543 1328 1361 787 
5 125 543 583 126 1036 
6 664 925 787 1361 1338 927 
5 1035 1036 126 1042 1041 
5 543 583 1014 1521 1328 
5 126 583 1014 1015 1042 
6 1014 1015 1086 1441 1531 1521 
6 43 40 127 467 468 131 
4 127 40 597 598 
6 43 131 719 718 921 625 
5 127 467 1215 493 598 
4 131 468 1453 719 
6 128 130 1449 1453 719 718 
5 129 130 128 1126 1127 
5 128 718 921 1101 1126 
6 129 1127 1166 493 1215 1234 
4 129 130 1449 1234 
6 597 598 493 1166 1167 967 
5 406 894 1177 1068 1120 
5 1177 1178 953 1199 1068 
5 132 557 485 1119 1025 
6 133 132 1025 1198 669 766 
5 405 406 1120 1119 485 
5 952 953 1199 1198 669 
4 1048 1049 1217 1655 
5 1049 1217 1499 1362 1294 
4 1108 1147 1519 1556 
4 134 71 433 589 
5 669 952 618 974 1369 
5 561 647 859 585 707 
5 21 23 135 37 36 
6 953 1178 1465 1491 1216 1235 
5 137 136 994 1066 139 
5 812 813 816 139 1066 
4 138 628 1012 1115 
5 433 589 813 812 789 
7 789 812 1066 994 1012 1115 1210 
6 144 143 140 516 147 765 
5 140 141 1124 1125 516 
5 143 140 141 866 145 
5 146 142 144 765 1580 
6 32 534 1124 141 866 914 
4 142 145 143 144 
5 146 142 145 866 914 
4 147 516 1125 760 
5 146 914 32 1570 1580 
6 147 760 533 1570 1580 765 
6 148 149 627 470 20 638 
5 401 402 963 638 20 
6 9 150 525 616 1207 1206 
4 9 150 806 805 
5 46 13 805 806 742 
5 151 153 541 907 632 
5 152 154 545 907 541 
5 156 158 817 818 157 
5 156 158 550 155 733 
5 157 156 733 643 160 
6 161 160 157 818 1044 999 
5 501 551 701 1054 726 
5 155 159 501 551 550 
6 550 551 701 863 817 158 
5 155 159 644 643 733 
6 159 501 726 727 162 644 
5 161 160 643 644 162 
6 161 162 727 1055 998 999 
6 165 403 1346 1349 848 930 
4 164 163 168 167 
5 167 166 1430 1429 164 
4 165 403 785 527 
5 169 171 1572 922 1069 
5 169 170 1542 1541 171 
6 103 173 170 169 1069 1169 
6 441 442 490 922 1572 1568 
5 171 1541 1567 1568 1572 
6 1121 1255 441 1568 1567 1566 
5 1121 1446 172 1540 1566 
5 173 170 1542 1540 172 
5 442 490 687 1300 1256 
5 173 172 1446 1445 103 
6 177 174 91 89 985 1273 
5 1237 1273 177 1322 1323 
5 174 91 92 179 175 
6 409 1237 1273 985 1583 1576 
4 409 1237 1323 1313 
6 176 179 175 1285 1314 696 
5 174 175 1285 1322 177 
5 89 90 1582 1583 985 
6 90 88 178 697 1577 1582 
4 178 176 696 697 
5 178 176 179 92 88 
4 180 690 1153 1136 
5 1251 1275 1654 1653 1645 
5 588 672 943 676 677 
5 157 160 807 573 521 
5 182 181 156 157 521 
5 78 734 622 956 759 
5 181 156 733 734 622 
5 85 78 734 733 643 
5 518 519 184 573 807 
5 85 518 807 160 643 
5 184 183 182 521 573 
5 183 182 181 622 956 
5 184 183 956 759 519 
6 185 186 188 1252 1276 1026 
6 187 190 1297 1327 474 559 
5 189 186 185 1233 1163 
6 189 186 188 549 655 826 
5 190 854 933 1197 1297 
5 189 826 933 1197 1163 
6 187 190 854 786 963 402 
5 474 1026 185 1233 1327 
5 401 402 187 559 22 
5 188 549 638 20 1252 
5 474 559 22 1276 1026 
5 61 810 97 1092 1091 
6 31 30 1074 1073 10 1246 
5 29 30 1074 758 957 
6 80 191 150 9 10 1073 
6 80 191 815 814 957 758 
6 191 150 806 513 801 815 
5 802 814 957 29 1072 
6 805 806 513 1593 1592 1247 
5 801 802 1072 1593 513 
4 39 43 131 633 
6 657 921 625 1409 1410 1312 
6 192 193 657 921 718 488 
5 193 657 1312 1435 1436 
6 131 633 1155 1154 487 719 
5 487 488 192 1113 1154 
5 192 193 1436 1392 1113 
7 39 633 1155 1391 1379 1410 1409 
5 197 423 1288 569 932 
5 194 195 423 1288 1286 
7 107 569 1288 1286 196 1528 1527 
6 107 105 1161 1160 932 569 
5 198 58 418 752 673 
6 200 198 673 1011 769 494 
5 200 198 58 420 98 
5 201 199 769 1011 1029 
5 751 752 673 1011 1029 
6 68 494 769 199 1207 1149 
5 201 199 1207 1206 11 
5 67 98 200 494 68 
5 201 11 872 751 1029 
6 203 699 898 702 1270 1070 
5 203 204 202 1071 1070 
6 192 204 203 699 1 1113 
4 192 204 202 488 
6 487 488 202 1071 987 205 
6 206 207 873 841 955 1061 
5 1049 1217 1383 1087 1386 
5 394 840 1404 1419 1656 
5 840 955 1061 1405 1404 
6 64 1048 1655 1656 1419 1420 
6 64 65 206 1061 1405 1420 
5 207 873 1087 1386 1385 
4 206 207 1385 65 
6 394 1373 1383 1217 1655 1656 
6 208 209 1285 175 714 717 
6 688 689 422 1480 1482 599 
7 422 496 1093 954 57 1479 1480 
5 213 210 688 599 591 
5 210 211 596 689 688 
5 213 210 211 215 214 
4 496 595 1094 1093 
6 215 211 596 595 1094 961 
5 422 496 595 596 689 
6 54 56 212 214 213 591 
5 54 591 599 1482 1481 
5 56 212 960 954 57 
5 214 215 961 960 212 
5 217 221 223 222 216 
7 216 217 218 219 1516 1518 1426 
5 222 216 1426 1425 220 
5 222 220 661 532 223 
6 653 661 220 1425 1390 1142 
5 104 224 991 995 776 
5 990 1128 4 1319 1164 
6 224 225 1182 1164 990 991 
5 423 424 226 1289 1288 
6 6 226 1289 1309 775 739 
5 194 195 624 1182 225 
6 225 194 1286 1308 104 224 
5 423 424 1329 624 195 
6 6 226 424 1329 1319 4 
5 228 425 566 403 785 
5 227 228 425 426 1248 
6 425 426 880 1226 1257 566 
4 72 867 1360 1279 
5 574 698 1227 1228 746 
4 574 698 965 1263 
5 653 654 916 915 1142 
4 681 915 1142 1390 
4 220 231 1158 1425 
6 476 681 1390 1425 1158 1159 
5 230 231 220 661 662 
6 232 229 230 662 654 916 
5 229 230 231 1158 1159 
5 232 476 681 915 916 
4 232 229 1159 476 
6 503 504 233 1299 1298 1186 
5 82 85 643 644 580 
6 81 82 580 579 1198 1025 
5 669 1198 579 1370 1369 
6 81 78 734 761 132 1025 
7 155 159 1372 1371 766 133 762 
4 133 132 761 762 
6 579 580 644 159 1372 1370 
5 733 734 761 762 155 
5 622 640 861 761 734 
5 181 622 640 234 1194 
5 181 156 158 1021 1194 
4 704 835 1534 1355 
5 783 784 1161 1160 1377 
5 235 672 588 1282 1240 
5 101 1041 235 1240 1239 
5 611 663 99 1019 979 
5 976 1019 99 1051 1261 
6 463 522 979 1019 976 912 
5 463 522 944 943 676 
5 522 944 1035 611 979 
6 235 672 943 944 1035 1041 
6 588 677 913 1262 1281 1282 
5 788 853 883 236 926 
5 787 788 853 1362 1361 
6 97 1092 1108 1147 1587 1586 
4 93 475 1483 1615 
5 237 239 111 1374 1052 
5 238 237 239 240 743 
4 196 508 1231 1528 
5 240 239 111 586 434 
5 242 241 243 855 856 
5 430 1095 1412 1424 1423 
6 489 1392 1436 1424 1412 1416 
5 959 1018 1416 1412 1095 
6 17 404 1242 1379 1435 1415 
6 572 852 1168 1242 404 966 
5 489 851 575 1018 1416 
5 572 575 1018 959 966 
6 248 244 612 613 1473 1243 
4 244 612 1083 1030 
5 248 244 1030 1029 751 
6 246 245 674 673 752 560 
4 245 247 502 674 
5 246 245 247 613 1473 
6 247 502 1084 1083 612 613 
4 246 560 1243 1473 
5 751 752 560 1243 248 
7 454 455 1153 1136 431 484 483 
5 21 36 455 1153 1152 
6 58 50 400 250 251 198 
5 200 198 251 249 252 
4 253 139 137 1165 
7 545 546 900 253 1165 1183 154 
5 253 139 816 590 900 
5 254 69 546 900 590 
5 485 486 525 616 405 
4 259 258 941 820 
7 258 260 28 1617 1618 256 941 
5 256 255 257 820 941 
6 259 820 257 869 1548 1547 
5 255 257 869 870 651 
5 256 255 651 1621 1618 
5 869 870 26 1271 1548 
5 258 260 1114 1547 259 
5 651 870 26 1620 1621 
4 260 28 1272 1114 
5 141 261 407 1050 1124 
4 14 407 1050 1222 
4 10 451 1024 1073 
5 14 407 261 712 450 
5 30 32 914 984 1074 
5 141 261 712 917 866 
6 227 262 648 649 1212 1248 
5 745 746 574 1213 1170 
6 1213 1214 692 1254 1263 574 
5 428 878 692 1254 1253 
5 103 173 793 484 483 
4 173 170 792 793 
5 169 170 792 428 878 
5 692 878 169 1069 1214 
7 792 793 484 1122 1264 1253 428 
5 268 264 267 929 828 
6 267 263 398 397 928 929 
4 266 3 582 449 
5 604 605 1648 735 33 
6 263 265 605 1648 1650 398 
4 397 398 1650 724 
4 267 263 265 264 
7 449 458 735 1648 1650 724 582 
6 266 3 928 929 828 1581 
5 268 264 265 605 604 
6 33 604 268 828 1581 1569 
5 266 449 458 1569 1581 
6 269 726 1054 822 1171 1172 
4 269 726 501 1317 
5 113 76 594 270 1080 
5 112 767 473 1438 1439 
5 74 76 113 112 767 
6 102 77 74 767 473 472 
5 100 593 594 270 1498 
5 472 473 1438 1437 1497 
6 270 1080 1440 1437 1497 1498 
4 100 102 77 593 
6 145 720 777 770 917 866 
5 446 770 777 271 845 
5 272 271 777 720 721 
5 83 273 146 914 984 
5 146 142 800 1209 273 
6 142 145 720 721 799 800 
5 272 658 1378 799 721 
6 453 747 844 658 1378 1406 
5 83 273 1209 1406 453 
5 272 271 845 844 658 
5 446 770 917 1023 896 
4 846 1220 1189 1244 
5 1003 1145 629 1398 1363 
5 629 630 395 962 1398 
5 274 395 630 846 1244 
6 274 1244 1189 1518 1516 1629 
5 1342 1363 1003 1517 1515 
6 1003 1145 1220 1189 1518 1517 
5 1342 1363 1398 962 1632 
5 274 395 962 1632 1629 
7 436 437 1004 1026 474 1336 1337 
5 275 431 1136 180 570 
6 557 558 862 861 761 132 
5 622 640 814 957 956 
6 80 191 486 485 1119 84 
5 191 486 558 862 815 
4 84 81 1025 1119 
5 126 636 791 610 1036 
6 609 610 1036 125 642 641 
5 456 457 276 537 38 
5 276 537 637 584 544 
6 276 457 642 125 543 544 
5 583 584 637 636 126 
6 277 396 1500 1502 680 1366 
6 164 163 278 1614 1612 781 
5 164 781 1594 1597 1429 
5 279 824 1526 1318 1079 
5 824 1173 1448 1525 1526 
5 280 55 54 591 592 
5 280 592 581 621 620 
4 679 680 1502 1303 
5 277 396 621 581 435 
5 277 435 600 1367 1366 
4 599 600 1367 1482 
5 280 55 1318 1079 620 
5 620 621 396 1500 1079 
6 679 680 1366 1367 1482 1481 
5 1106 1162 1186 503 1195 
5 70 811 1138 1106 1162 
6 197 281 778 1358 1325 932 
6 536 778 1358 1357 1451 1469 
4 281 282 536 778 
5 283 285 186 188 284 
5 283 285 530 1463 1442 
4 284 283 1442 1646 
6 188 284 1646 1645 1251 1252 
4 185 531 1004 1026 
6 530 531 1004 1652 1651 1463 
5 185 186 285 530 531 
5 443 444 279 1079 620 
5 620 621 286 1150 443 
5 287 290 931 289 1340 
4 289 849 1324 1340 
6 848 849 1324 288 1350 1349 
6 287 737 1258 288 1324 1340 
5 1257 1258 288 1350 1347 
5 165 481 290 931 930 
5 165 403 566 738 481 
5 848 849 289 931 930 
5 287 290 481 738 737 
5 702 703 288 1258 1270 
5 480 576 877 1140 1407 
5 576 808 1039 830 877 
6 266 273 83 519 184 449 
5 184 449 582 949 573 
6 479 480 576 808 807 518 
6 266 273 1209 1141 831 3 
6 291 750 1065 1640 1639 1335 
5 750 883 1191 1219 1065 
6 539 540 291 750 883 236 
4 291 540 1554 1335 
5 946 947 292 987 205 
5 209 447 710 1314 1285 
5 292 880 1226 1269 987 
5 110 741 1610 1609 764 
5 293 447 710 850 763 
5 740 741 1610 1605 438 
4 554 725 649 1212 
5 294 208 717 1259 634 
4 295 1437 1497 1503 
5 262 648 1171 822 823 
7 300 796 1121 1446 1428 1523 1532 
6 296 297 1523 1532 596 689 
5 491 492 688 689 296 
5 298 460 1563 1566 1540 
5 299 297 296 491 571 
4 299 297 1523 1428 
5 298 460 210 688 492 
4 796 1121 1566 1563 
4 300 211 596 1532 
6 491 492 298 1540 172 571 
6 300 211 210 460 1563 796 
5 172 571 299 1428 1446 
5 149 565 972 904 627 
5 562 1081 1181 1141 1140 
5 799 800 875 988 302 
6 302 303 1501 1514 1378 799 
5 562 1140 1407 1513 1512 
5 303 301 645 1511 1501 
6 301 645 1081 1181 1180 989 
5 645 1081 562 1512 1511 
5 303 301 989 988 302 
6 800 875 1180 1181 1141 1209 
5 479 480 416 693 79 
6 204 202 416 480 1407 1513 
6 202 416 693 128 718 488 
5 192 204 1513 1514 193 
5 657 658 1378 1514 193 
5 547 747 844 1101 1126 
5 79 547 1126 128 693 
5 657 658 844 1101 921 
6 306 304 650 307 505 506 
4 308 307 650 1146 
5 306 304 684 683 305 
6 304 650 1146 1145 629 684 
5 683 684 629 1398 1399 
6 305 310 1100 1375 1399 683 
5 306 305 310 309 506 
5 682 1003 1363 1376 1132 
5 308 307 505 1064 1063 
6 1063 1064 311 1133 1132 682 
6 682 1003 1145 1146 308 1063 
5 309 310 1100 1133 311 
5 309 311 1064 505 506 
6 124 409 1237 1238 1201 1185 
5 1184 1185 124 1394 1365 
6 452 670 1599 1601 1579 836 
6 774 1490 837 1552 1590 1584 
4 461 675 774 1584 
5 675 774 1490 1489 1457 
6 312 461 675 1457 1045 524 
5 312 313 1590 1584 461 
6 313 938 1571 1578 1552 1590 
5 836 837 1552 1578 1579 
5 312 313 938 945 524 
6 5 4 1319 1320 1075 1076 
5 314 315 981 1128 990 
6 253 139 1066 1067 315 314 
5 314 253 1165 1164 990 
5 315 981 5 1076 1067 
4 136 994 1075 1320 
6 137 136 1320 1319 1164 1165 
5 503 504 1354 316 1195 
5 316 317 1148 1353 1354 
5 320 1097 1452 1470 1304 
6 241 243 993 319 603 832 
7 319 603 1452 1470 318 1486 1485 
6 243 855 1027 1487 1477 993 
4 603 832 1097 1452 
5 318 469 1016 1488 1486 
4 319 993 1477 1485 
5 318 469 1305 1304 1470 
6 320 242 856 827 1305 1304 
5 320 242 241 832 1097 
5 469 1016 1028 827 1305 
5 476 1063 308 1110 1159 
6 408 623 1158 1425 1426 1190 
5 681 682 1003 1517 1390 
6 408 623 1110 308 1146 1221 
4 796 797 803 300 
5 215 211 300 803 804 
5 213 312 461 460 210 
5 213 214 321 524 312 
5 321 524 1045 1203 694 
6 796 797 1202 1458 1564 1563 
5 214 321 694 804 215 
6 803 804 694 1203 1202 797 
5 908 1104 1123 1037 1492 
4 493 598 1104 908 
6 523 860 1150 286 920 919 
6 493 908 1492 1491 1216 1215 
5 322 323 792 170 1542 
6 322 646 842 843 1541 1542 
4 171 1002 843 1541 
4 0 323 322 646 
6 169 171 1002 1394 1365 878 
5 0 323 792 428 427 
4 324 408 623 1265 
5 41 1143 324 1265 1296 
4 325 1296 41 1414 
5 222 216 1474 1144 1418 
6 324 408 1190 1474 1144 1143 
6 325 231 1158 623 1265 1296 
6 325 231 220 222 1418 1414 
4 1190 1426 216 1474 
4 113 76 666 106 
5 326 223 221 166 1430 
5 326 327 328 532 223 
5 293 294 208 209 447 
4 176 179 951 1260 
4 175 179 951 714 
7 176 696 850 763 634 1259 1260 
4 293 294 634 763 
6 321 330 62 478 695 694 
4 330 62 60 329 
5 63 274 395 695 478 
5 63 274 1629 1631 1624 
6 215 804 962 1632 1633 961 
6 329 60 1622 1623 960 212 
5 960 961 1633 1630 1623 
5 321 330 329 212 214 
6 731 732 881 665 1096 429 
4 509 665 881 715 
5 301 645 715 881 732 
5 303 18 1423 1424 1501 
5 303 301 732 731 18 
5 1412 1413 1511 1501 1424 
5 509 715 645 1511 1413 
5 109 110 764 1005 1403 
5 1551 1552 837 1610 741 
5 1290 1291 1578 1552 1551 
5 239 111 1291 1578 1579 
6 237 239 1579 836 448 415 
5 237 415 713 1006 1052 
6 713 744 1609 764 1005 1006 
5 295 1437 1440 1476 1509 
6 410 709 1341 1344 1148 1353 
4 331 510 1055 998 
5 332 509 665 333 1204 
5 332 509 1413 1417 587 
5 70 1162 1241 1116 1211 
6 333 665 1096 935 1211 1116 
6 587 1106 1138 1018 1416 1417 
6 332 587 1106 1162 1241 1204 
4 333 1116 1241 1204 
6 1 489 1416 1417 795 699 
5 316 317 899 794 334 
5 316 334 587 1106 1195 
5 334 587 1417 795 794 
6 339 336 399 1137 1487 1027 
5 552 553 841 955 1046 
5 336 337 335 748 399 
4 339 336 337 338 
4 56 212 329 1009 
6 280 55 1010 924 945 938 
5 330 329 1009 1010 924 
5 321 330 924 945 524 
4 280 592 313 938 
5 312 313 592 591 213 
6 255 651 1311 1310 1477 1485 
6 256 255 1485 319 439 440 
6 392 520 779 1034 1134 556 
5 520 779 821 1388 1387 
6 1387 1388 259 1547 1538 886 
4 820 821 1388 259 
5 257 869 1380 1135 1033 
6 1102 1351 1380 869 1548 1539 
6 820 821 779 1034 1033 257 
6 885 886 1538 1539 1102 1060 
7 332 509 715 911 119 511 512 
6 339 336 512 332 1204 1205 
6 910 911 119 1137 1487 1488 
5 340 882 910 1488 1016 
4 1027 1028 1205 339 
6 333 340 1016 1028 1205 1204 
4 336 399 511 512 
5 333 340 882 881 665 
5 549 655 206 1061 1062 
4 549 638 148 1062 
6 66 65 206 655 786 341 
5 342 502 247 782 1105 
6 342 393 909 908 1104 1105 
5 247 613 1098 42 782 
6 344 612 1083 343 1166 1167 
4 342 393 1084 502 
4 344 1099 967 1167 
5 908 909 343 1166 493 
5 393 909 343 1083 1084 
6 597 598 1104 1105 782 42 
5 612 613 1098 1099 344 
5 310 1100 1321 1339 1284 
5 305 310 1284 1300 1256 
5 345 683 305 1256 1255 
5 345 683 1399 803 797 
6 300 803 1399 1375 1533 1532 
5 796 797 345 1255 1121 
4 159 501 1317 1372 
5 138 628 1287 1007 1008 
5 48 346 1001 1587 1589 
6 346 347 535 1174 1000 1001 
4 48 346 347 49 
5 49 347 535 825 659 
6 659 728 1520 1526 824 825 
5 1173 1174 1000 1447 1448 
5 601 602 270 1498 1493 
6 270 594 783 1377 1396 602 
4 348 352 351 350 
6 250 352 348 1111 1188 400 
6 999 1044 53 1187 1472 1467 
6 349 331 998 999 1467 1466 
6 147 516 345 1255 441 526 
5 345 516 1125 1202 797 
4 441 526 1574 1568 
5 147 526 1574 1431 760 
6 1431 1458 1564 1567 1568 1574 
6 731 732 969 1076 1067 16 
5 789 812 1402 1401 936 
5 1066 1067 16 1402 812 
5 340 882 968 983 1013 
6 333 340 1013 1012 1115 1116 
5 881 882 968 969 732 
5 464 668 940 353 706 
5 421 422 496 495 471 
7 343 887 1068 1177 1508 1544 909 
4 343 887 1127 1166 
5 887 1068 1199 129 1127 
5 953 1199 129 1234 1235 
6 326 327 1443 1464 1461 1462 
5 1429 1430 326 1462 1597 
4 197 281 424 423 
5 281 282 1330 1329 424 
6 234 542 729 802 814 640 
5 692 755 114 847 1254 
5 114 755 1184 1089 918 
5 692 755 1184 1365 878 
5 827 838 1007 1287 1305 
5 354 817 158 1021 1022 
5 318 876 1034 1033 1486 
5 318 469 1013 983 876 
5 910 1135 1033 1486 1488 
4 469 1013 340 1016 
5 882 910 1135 1134 968 
5 968 983 876 1034 1134 
6 144 143 304 306 411 902 
5 304 143 145 720 650 
5 142 144 902 875 800 
4 355 302 799 721 
6 355 356 626 982 988 302 
6 307 356 355 721 720 650 
4 306 411 906 506 
4 307 356 626 505 
5 291 750 977 1132 1376 
5 291 1335 1342 1363 1376 
6 915 1088 1065 1640 1641 1142 
6 681 682 1132 977 1088 915 
4 750 977 1088 1065 
6 357 432 992 819 618 974 
5 359 737 1258 1270 1070 
5 578 794 899 1344 1341 
6 287 768 834 578 1341 1340 
4 288 703 1345 1324 
4 203 699 795 879 
6 794 795 879 563 834 578 
6 359 358 563 879 203 1070 
5 359 358 768 287 737 
4 358 563 834 768 
4 362 363 996 884 
5 361 362 884 360 517 
6 264 267 1539 1538 678 482 
6 267 263 1267 1271 1548 1539 
5 360 482 678 996 884 
6 678 996 363 1114 1547 1538 
6 263 265 517 361 1268 1267 
6 362 363 1114 1272 1268 361 
5 264 265 517 360 482 
6 860 1150 443 1571 1578 1291 
5 443 620 280 938 1571 
5 919 920 364 1591 1553 
5 364 581 621 286 920 
6 364 581 592 313 1590 1591 
6 415 448 1604 1593 513 514 
5 34 445 744 448 1604 
6 415 514 462 730 1536 713 
4 367 366 365 1537 
6 365 445 744 713 1536 1537 
5 729 730 1536 1537 367 
6 35 366 367 729 802 1072 
5 366 365 445 34 35 
4 513 514 462 801 
5 335 410 709 749 748 
6 552 553 654 662 466 1117 
5 328 466 662 661 532 
4 234 542 1636 1194 
6 367 564 1635 1636 542 729 
5 29 459 183 956 957 
7 86 182 183 459 736 1059 1053 
6 182 181 1194 1636 1635 86 
4 35 366 1059 736 
5 367 366 1059 1053 564 
6 260 28 1495 1496 368 413 
6 368 413 685 601 1493 1504 
6 258 685 601 1333 1331 941 
4 256 440 1331 941 
4 258 260 413 685 
5 536 876 318 1470 1469 
7 282 536 876 983 1075 1320 1330 
6 1012 1013 469 1305 1287 628 
6 297 522 979 980 1524 1523 
5 299 297 522 944 691 
5 641 642 369 1321 1339 
5 610 691 944 1035 1036 
5 369 642 125 787 788 
6 369 788 926 980 1524 1321 
6 609 610 691 299 1428 1427 
6 543 544 151 632 1295 1328 
5 817 818 1460 893 354 
5 818 1044 53 1459 1460 
5 261 407 695 395 630 
6 141 261 630 629 684 140 
5 140 516 345 683 684 
5 1037 1056 839 1543 1492 
5 236 539 700 980 926 
6 316 334 512 336 337 1354 
5 335 337 1354 1353 410 
6 511 512 334 794 578 121 
5 121 578 1341 709 749 
4 317 899 1344 1148 
6 371 370 322 646 614 615 
4 372 371 370 1368 
6 373 201 11 451 1024 897 
6 201 199 406 1120 888 373 
4 191 150 525 486 
5 84 548 888 1120 1119 
4 548 888 373 897 
5 405 406 199 1207 616 
5 165 481 1466 349 527 
5 348 375 374 376 1111 
5 348 350 168 167 375 
4 374 217 218 376 
6 375 374 217 221 166 167 
5 290 481 1466 1471 515 
5 470 619 1103 904 627 
5 972 973 1118 1047 565 
5 148 149 565 1047 1062 
5 973 1118 284 1646 1644 
6 188 284 1118 1047 1062 549 
5 602 1229 1301 1325 1396 
5 270 602 1229 1225 1080 
5 569 932 1325 1301 1302 
4 105 667 784 1161 
4 107 569 1302 723 
6 722 723 1302 1301 1229 1225 
5 713 1006 1348 1535 1536 
7 365 178 176 1260 1355 1534 1537 
5 365 178 697 1565 445 
5 224 225 152 541 377 
5 224 377 457 456 104 
5 276 153 541 377 457 
5 507 508 196 1286 1308 
5 244 446 845 344 612 
5 613 1098 1144 1474 1473 
6 324 271 845 344 1099 1143 
5 324 271 777 1221 408 
5 248 244 446 770 771 
5 248 771 846 1244 1243 
5 900 901 378 1433 546 
5 378 379 380 1432 1433 
6 378 379 991 990 314 901 
5 224 377 380 379 991 
5 152 154 1183 1182 225 
4 314 253 900 901 
5 377 380 1432 907 541 
5 416 417 577 576 480 
5 383 382 1078 417 577 
6 382 162 644 580 1077 1078 
5 82 79 693 1077 580 
5 381 383 577 576 808 
5 381 161 162 382 383 
5 161 160 807 808 381 
4 773 774 1490 1561 
5 1559 1562 122 1573 1575 
5 171 1002 122 1573 1572 
7 773 774 675 1564 1567 1541 843 
5 528 529 235 1041 1042 
4 961 1094 1555 1633 
5 384 464 706 656 500 
5 384 94 1139 1179 500 
5 24 529 235 672 671 
5 24 23 135 528 529 
6 135 37 636 126 1042 528 
6 690 691 610 791 455 1153 
6 1503 1504 368 1505 1509 295 
6 353 940 1506 1505 368 1496 
5 184 183 459 458 449 
5 266 273 146 1580 1581 
5 417 577 359 1070 1071 
4 416 417 1071 202 
4 562 563 879 1512 
5 203 204 1513 1512 879 
5 359 358 877 576 577 
5 562 563 358 877 1140 
4 279 444 825 824 
5 923 924 1010 1520 728 
6 443 444 825 659 1600 1571 
4 923 924 945 1598 
6 385 251 249 798 607 608 
6 352 351 660 1608 608 385 
4 352 385 251 250 
6 386 364 1591 1585 371 372 
4 371 615 1085 1585 
5 831 895 1352 1181 1141 
5 144 765 829 903 902 
6 828 829 903 1060 1102 929 
4 33 568 1558 604 
6 604 605 1582 1577 1560 1558 
6 366 365 178 88 1058 1059 
5 90 1582 605 1648 1647 
6 34 445 1565 1560 1558 568 
6 1301 1325 1358 821 1388 1421 
4 1332 1334 1397 1357 
6 259 258 685 1277 1421 1388 
7 820 821 1358 1357 1332 1331 941 
6 1224 1278 414 1505 1509 1476 
5 363 414 1278 997 996 
5 114 755 997 1278 1224 
6 362 363 414 1505 1506 497 
5 362 497 1201 1185 884 
5 918 1089 1200 1455 1475 
6 1200 1201 497 1506 1510 1455 
6 63 274 1244 1243 560 59 
6 450 712 771 248 751 872 
5 14 407 695 478 477 
5 261 630 846 771 712 
4 59 418 752 560 
5 347 535 561 707 708 
4 678 937 886 1538 
5 413 414 363 1114 260 
5 886 937 1196 1422 1387 
6 997 1196 1422 1421 1277 1278 
6 367 564 1484 835 1534 1537 
6 381 808 1039 1040 1472 1467 
5 157 521 1434 1460 818 
4 381 161 999 1467 
6 521 573 949 1250 1628 1434 
5 1187 1236 1249 1040 1472 
6 179 92 93 475 705 951 
4 781 782 42 1594 
4 781 782 1105 1612 
4 386 364 581 435 
5 370 298 492 1343 1368 
7 371 370 298 460 461 1584 1585 
6 386 372 1368 1343 600 435 
5 599 600 1343 492 688 
6 887 888 373 1030 1083 343 
6 244 446 896 897 373 1030 
5 844 845 344 1167 1101 
6 547 548 888 887 1127 1126 
5 567 568 1558 1559 1478 
4 147 526 829 765 
6 828 829 526 1574 1575 268 
5 268 604 1558 1559 1575 
5 858 874 895 1352 1381 
5 358 768 1395 830 877 
5 857 858 1381 1082 120 
7 562 563 834 833 120 1082 1081 
4 252 249 798 1017 
4 373 201 1029 1030 
5 380 905 978 1382 1432 
5 853 978 1382 1294 1362 
5 369 788 853 978 905 
6 377 380 905 369 642 457 
4 276 153 151 544 
4 319 439 686 603 
5 219 1131 1631 1629 1516 
7 374 246 560 59 1112 1130 376 
6 374 217 216 1474 1473 246 
5 218 376 1130 1131 219 
4 413 414 1505 368 
4 238 237 415 514 
5 448 836 452 1603 1604 
5 47 46 742 743 240 
5 240 47 1601 1579 239 
4 12 1223 670 1599 
6 513 514 238 743 742 806 
5 360 123 124 1185 884 
5 360 123 1576 1583 517 
5 497 948 1274 1238 1201 
5 361 362 497 948 986 
5 361 517 1583 985 986 
5 384 464 668 948 986 
5 384 94 89 985 986 
6 724 1250 1628 1626 1649 1650 
6 27 398 1650 1649 1139 1179 
5 25 27 398 397 606 
5 1040 1389 515 1471 1472 
4 376 1111 1188 1130 
6 603 686 1332 1357 1451 1452 
6 327 328 466 283 1442 1443 
5 325 231 230 285 530 
5 285 230 662 466 283 
5 223 222 1418 1462 326 
6 325 530 1463 1464 1461 1414 
4 304 143 140 684 
5 292 947 975 970 971 
6 292 971 1078 417 1071 987 
6 205 487 719 1453 1454 946 
5 128 130 942 1077 693 
6 130 942 970 975 1450 1449 
6 173 172 571 570 275 793 
4 275 431 484 793 
6 570 571 299 691 690 180 
5 284 283 466 1117 1118 
5 1288 1289 1283 1302 569 
5 1170 1213 1283 1289 1309 
6 574 698 723 1302 1283 1213 
6 535 561 647 1151 444 825 
6 240 47 49 347 708 434 
6 25 26 870 858 874 606 
4 267 929 1102 1539 
5 869 870 858 1381 1380 
4 263 398 27 1267 
5 229 189 186 285 230 
6 229 189 1163 1109 1110 1159 
4 15 1107 1266 1316 
6 185 531 1315 1316 15 1233 
5 530 531 1315 1296 325 
6 342 608 1608 1614 1612 1105 
5 342 393 1306 607 608 
4 393 909 1544 1306 
6 839 889 607 1306 1544 1543 
5 296 297 522 463 108 
5 438 639 1085 1090 740 
5 614 615 1085 639 2 
5 187 190 813 589 134 
5 190 813 816 590 854 
4 894 1177 1508 1356 
5 341 254 590 854 786 
4 6 226 520 392 
6 226 520 1387 1422 1283 1289 
5 8 490 687 775 739 
6 8 490 922 937 886 885 
5 309 310 1284 776 995 
5 379 311 1133 905 380 
5 309 311 379 991 995 
5 369 905 1133 1100 1321 
5 337 338 233 504 1354 
5 1046 1047 1118 1117 552 
6 291 540 868 1533 1375 1376 
5 700 868 1533 1524 980 
4 539 540 868 700 
5 837 1490 1561 1605 1610 
6 753 754 378 1433 1385 207 
5 232 753 207 873 916 
6 232 476 1063 1064 754 753 
5 378 379 311 1064 754 
6 977 978 1382 1386 1087 1088 
6 437 498 1411 1315 531 1004 
5 41 1296 1315 1411 1408 
5 812 813 190 1297 1402 
5 387 315 314 901 934 
5 387 315 1067 16 19 
5 387 19 1197 933 934 
5 330 62 1550 923 924 
6 329 60 61 1091 1557 1009 
5 206 207 753 826 655 
4 254 69 66 341 
4 378 754 934 901 
5 227 262 823 510 228 
6 349 331 510 228 785 527 
6 351 350 168 163 278 660 
5 692 755 997 1196 1214 
6 505 626 387 934 754 1064 
5 229 189 826 753 232 
6 307 356 1156 1109 1110 308 
5 387 19 1156 356 626 
5 387 315 981 982 626 
5 309 506 906 1129 995 
6 306 305 1256 442 412 411 
6 441 442 412 903 829 526 
6 607 798 1017 1057 1307 1306 
5 342 502 674 385 608 
5 252 200 494 1057 1017 
4 494 769 1307 1057 
5 385 251 198 673 674 
5 384 500 1268 361 986 
5 265 517 1583 1582 605 
4 86 182 521 1434 
5 354 893 1637 1638 1022 
5 255 257 1033 1486 1485 
4 778 779 821 1358 
5 370 298 1540 1542 322 
7 138 1008 1293 1298 1241 1116 1115 
6 827 838 1292 1299 1205 1028 
4 7 5 1076 969 
5 7 556 1134 968 969 
6 226 424 281 778 779 520 
6 355 721 272 1266 1107 1157 
5 324 271 272 1266 1265 
4 355 356 1156 1157 
6 296 108 652 421 422 689 
5 656 706 353 1496 1495 
5 668 940 1506 497 948 
5 301 732 969 7 989 
5 303 18 1157 355 302 
6 390 388 426 1248 1212 554 
6 389 425 228 510 1055 727 
5 269 390 554 725 1172 
4 388 389 425 426 
6 390 388 389 727 726 269 
6 910 911 1082 1381 1380 1135 
4 121 578 834 833 
6 287 290 515 1389 1395 768 
6 129 130 942 579 1198 1199 
6 381 383 738 481 1466 1467 
5 359 577 383 738 737 
4 332 512 334 587 
5 338 339 1205 1299 233 
5 436 499 1242 404 1337 
4 1326 1327 474 1336 
5 15 1316 1312 1435 1415 
6 482 678 937 922 1572 1573 
5 360 123 122 1573 482 
5 268 264 482 1573 1575 
6 348 352 385 674 245 375 
4 278 660 1608 1614 
7 164 167 375 245 247 782 781 
6 134 71 72 867 559 187 
6 495 496 595 868 700 1020 
4 246 245 375 374 
5 579 942 970 391 1370 
5 391 357 432 975 970 
5 391 357 974 1369 1370 
6 595 868 540 1554 1555 1094 
5 857 858 870 651 1311 
4 119 120 1082 911 
6 657 658 272 1266 1316 1312 
5 193 1436 1424 1501 1514 
6 795 879 1512 1511 1413 1417 
5 553 654 916 873 841 
6 199 406 894 1356 1307 769 
4 382 162 727 389 
6 382 389 425 566 738 383 
5 382 389 388 971 1078 
5 388 426 880 292 971 
4 8 412 442 490 
5 390 391 970 971 388 
6 269 390 391 1370 1372 1317 
5 392 520 1387 886 885 
5 751 752 418 871 872 
6 769 1011 1084 393 1306 1307 
5 394 840 955 841 1373 
5 1224 1225 1080 1440 1476 
5 694 695 395 962 804 
4 1457 1458 1564 675 
4 623 1110 1159 1158 
5 696 697 1565 1606 850 
6 601 602 1396 1397 1334 1333 
5 403 566 1257 1347 1346 
5 404 966 1230 1359 1337 
5 694 695 407 1050 1203 
6 770 771 846 1220 1221 777 
5 650 720 777 1221 1146 
5 1189 1190 408 1221 1220 
7 696 697 1577 1576 409 1313 1314 
5 763 764 1609 1606 850 
5 1431 1478 1559 1575 1574 
4 411 412 903 902 
5 413 414 1278 1277 685 
5 601 602 1229 1277 685 
4 415 448 744 713 
6 498 499 1242 1379 1410 1411 
5 416 417 1078 1077 693 
5 427 428 878 1365 1364 
4 429 430 1095 1096 
4 432 975 1450 992 
5 585 586 434 708 707 
6 435 581 592 591 599 600 
5 935 936 1279 1280 958 
4 436 437 498 499 
5 1005 1006 1348 1530 635 
6 710 711 438 1605 1606 850 
5 439 440 1331 1332 686 
4 441 442 1256 1255 
4 443 444 1151 1150 
5 445 744 1609 1606 1565 
5 844 845 446 896 747 
4 770 771 712 917 
6 448 744 1609 1610 837 836 
6 450 451 1024 1023 917 712 
6 671 672 943 690 1153 1152 
5 836 837 1490 1489 452 
5 479 480 1407 1406 453 
4 454 455 791 790 
4 456 457 642 641 
5 946 947 975 1450 1454 
4 458 459 736 735 
5 460 461 675 1564 1563 
5 645 715 911 1082 1081 
5 1100 1321 1524 1533 1375 
5 729 730 462 801 802 
5 676 677 913 912 463 
5 634 635 1005 764 763 
5 471 495 1020 1019 976 
5 618 819 1235 953 952 
5 619 1103 1643 1645 1251 
5 474 559 867 1360 1336 
6 704 705 475 1483 1484 835 
4 681 682 1063 476 
5 505 506 906 982 626 
5 483 484 1122 746 745 
6 853 883 1191 1494 1499 1362 
4 485 486 558 557 
4 487 488 718 719 
6 851 852 1168 1391 1392 489 
5 490 687 1169 1069 922 
5 775 776 995 1129 739 
5 745 746 1228 1232 617 
5 673 674 502 1084 1011 
5 634 635 1530 1529 1259 
6 1519 1520 728 1589 1587 1147 
5 756 757 1588 1546 1545 
6 735 736 1059 1058 1647 1648 
5 507 508 1231 1232 617 
6 509 665 1096 1095 1412 1413 
5 822 823 510 1055 1054 
6 524 945 1598 1599 670 1045 
5 853 883 750 977 978 
4 1229 1277 1421 1301 
5 533 534 1124 1125 760 
5 824 825 535 1174 1173 
5 778 779 1034 876 536 
4 543 544 584 583 
5 545 546 1433 1432 907 
5 547 548 897 896 747 
5 549 638 963 786 655 
6 1134 1135 1380 1351 1175 556 
4 572 575 851 852 
5 958 959 1018 1138 811 
6 564 1053 1616 1615 1483 1484 
5 737 738 566 1257 1258 
5 655 786 854 933 826 
5 807 808 1039 949 573 
5 574 746 1122 1264 1263 
6 632 907 1432 1382 1294 1295 
4 579 580 1077 942 
4 582 724 1250 949 
6 590 854 933 934 901 900 
4 1189 1190 1426 1518 
5 1000 1001 1587 1147 1447 
5 595 596 1532 1533 868 
5 606 874 1658 1657 1245 
5 607 608 1608 1607 889 
5 958 959 966 1230 1280 
4 609 610 791 790 
5 925 926 980 979 611 
6 1109 1110 623 1265 1266 1107 
5 624 1182 1164 1319 1329 
5 625 921 1101 1167 967 
6 702 703 1345 1344 899 898 
5 629 630 846 1220 1145 
6 773 774 1584 1585 1085 639 
5 841 873 1087 1383 1373 
5 814 815 862 861 640 
5 859 860 1150 1151 647 
5 648 649 725 1172 1171 
4 653 654 662 661 
4 1107 1109 1156 1157 
4 669 766 1371 1369 
6 670 1045 1203 1050 1222 1223 
5 908 909 1544 1543 1492 
5 678 937 1196 997 996 
5 1335 1342 1515 1642 1639 
4 690 691 944 943 
5 722 723 698 965 964 
5 794 795 699 898 899 
5 979 980 700 1020 1019 
6 701 863 1043 998 1055 1054 
5 964 965 1263 1254 847 
4 887 888 1120 1068 
5 881 882 910 911 715 
4 726 727 1055 1054 
5 740 741 1551 1553 1090 
5 753 754 934 933 826 
6 996 997 755 1184 1185 884 
4 758 759 956 957 
5 828 829 765 1580 1581 
6 833 834 768 1395 1658 1659 
6 902 903 1060 1175 1180 875 
4 787 788 926 925 
5 935 936 789 1210 1211 
5 932 1160 1377 1396 1325 
5 799 800 1209 1406 1378 
4 801 802 814 815 
5 803 804 962 1398 1399 
5 1081 1082 1381 1352 1181 
5 817 818 1044 1043 863 
6 819 992 1450 1449 1234 1235 
5 855 856 827 1028 1027 
6 1004 1026 1276 1275 1654 1652 
5 1012 1013 983 1075 994 
5 830 831 1141 1140 877 
4 1312 1410 1379 1435 
5 1007 1008 1293 1292 838 
5 839 889 1607 1602 1056 
5 1031 1032 1218 1625 1619 
5 842 843 1002 1394 1393 
5 857 858 874 1658 1659 
5 866 914 984 1023 917 
5 915 916 873 1087 1088 
5 892 893 1460 1459 1176 
6 928 929 1102 1351 1352 895 
4 896 897 1024 1023 
6 972 973 1644 1643 1103 904 
5 977 978 905 1133 1132 
5 981 982 906 1129 1128 
5 922 937 1196 1214 1069 
5 938 945 1598 1600 1571 
5 1021 1022 1638 1636 1194 
5 970 971 1078 1077 942 
5 985 986 948 1274 1273 
5 1039 1040 1249 1250 949 
5 1005 1006 1052 1374 1403 
5 960 961 1094 1093 954 
5 1046 1047 1062 1061 955 
5 968 969 1076 1075 983 
5 1023 1024 1073 1074 984 
5 1070 1071 987 1269 1270 
5 990 991 995 1129 1128 
5 1066 1067 1076 1075 994 
4 998 999 1044 1043 
6 1009 1010 1520 1519 1556 1557 
5 1029 1030 1083 1084 1011 
5 1027 1028 1016 1488 1487 
6 1119 1120 1068 1199 1198 1025 
4 1033 1034 1134 1135 
6 1037 1056 1602 1613 1611 1123 
4 1038 1086 1441 1400 
5 1202 1203 1045 1457 1458 
5 1124 1125 1202 1203 1050 
4 1058 1059 1053 1616 
5 1051 1208 1281 1262 1261 
4 1060 1102 1351 1175 
6 1087 1088 1065 1219 1384 1383 
5 1169 1170 1213 1214 1069 
5 1079 1318 1303 1502 1500 
5 1085 1090 1553 1591 1585 
5 1184 1185 1201 1200 1089 
5 1091 1092 1108 1556 1557 
4 1098 1099 1143 1144 
5 1132 1133 1100 1375 1376 
5 1126 1127 1166 1167 1101 
5 1104 1105 1612 1611 1123 
5 1130 1131 1631 1624 1112 
5 1154 1155 1391 1392 1113 
4 1137 1310 1477 1487 
5 1271 1272 1114 1547 1548 
4 1115 1116 1211 1210 
6 1255 1256 1300 1445 1446 1121 
5 1140 1141 1209 1406 1407 
6 1142 1390 1517 1515 1642 1641 
4 1145 1146 1221 1220 
5 1447 1448 1525 1519 1147 
5 1192 1193 1149 1207 1206 
4 1191 1219 1384 1494 
4 1162 1186 1298 1241 
5 1163 1197 1297 1327 1233 
6 1189 1190 1474 1473 1243 1244 
4 1164 1165 1183 1182 
4 1168 1242 1379 1391 
5 1180 1181 1352 1351 1175 
5 1177 1178 1465 1507 1508 
5 1213 1214 1196 1422 1283 
5 1204 1205 1299 1298 1241 
6 1227 1228 1232 1231 1528 1527 
5 1239 1240 1282 1281 1208 
4 1215 1216 1235 1234 
5 1383 1384 1494 1499 1217 
4 1222 1223 1247 1246 
5 1224 1225 1229 1277 1278 
5 1257 1258 1270 1269 1226 
5 1279 1280 1230 1359 1360 
5 1249 1250 1628 1627 1236 
4 1237 1238 1274 1273 
4 1259 1260 1355 1529 
4 1251 1252 1276 1275 
4 1253 1254 1263 1264 
5 1265 1266 1316 1315 1296 
4 1267 1268 1272 1271 
5 1515 1516 1629 1632 1342 
5 1301 1302 1283 1422 1421 
5 1284 1300 1445 1427 1339 
5 1313 1314 1285 1322 1323 
5 1288 1289 1309 1308 1286 
4 1292 1293 1298 1299 
5 1294 1295 1328 1361 1362 
5 1326 1327 1297 1402 1401 
5 1306 1307 1356 1508 1544 
5 1315 1316 1312 1410 1411 
4 1319 1320 1330 1329 
6 1321 1339 1427 1428 1523 1524 
5 1340 1341 1344 1345 1324 
5 1357 1358 1325 1396 1397 
4 1331 1332 1334 1333 
6 1335 1342 1632 1633 1555 1554 
4 1336 1337 1359 1360 
4 1346 1347 1350 1349 
6 1529 1530 1348 1535 1534 1355 
4 1351 1352 1381 1380 
5 1375 1376 1363 1398 1399 
4 1364 1365 1394 1393 
4 1369 1370 1372 1371 
5 1406 1407 1513 1514 1378 
5 1391 1392 1436 1435 1379 
5 1385 1386 1382 1432 1433 
4 1387 1388 1421 1422 
4 1389 1395 1658 1657 
5 1425 1426 1518 1517 1390 
4 1404 1405 1420 1419 
4 1408 1409 1410 1411 
4 1412 1413 1417 1416 
4 1414 1418 1462 1461 
5 1423 1424 1436 1435 1415 
4 1427 1428 1446 1445 
5 1457 1458 1431 1478 1489 
5 1459 1460 1434 1628 1627 
4 1437 1438 1439 1440 
4 1442 1443 1464 1463 
5 1461 1462 1597 1596 1444 
4 1449 1450 1454 1453 
4 1451 1452 1470 1469 
5 1475 1476 1509 1510 1455 
5 1456 1468 1634 1484 1483 
5 1491 1492 1543 1507 1465 
4 1466 1467 1472 1471 
5 1485 1486 1488 1487 1477 
6 1489 1490 1561 1562 1559 1478 
4 1479 1480 1482 1481 
5 1497 1498 1493 1504 1503 
5 1511 1512 1513 1514 1501 
4 1505 1506 1510 1509 
4 1507 1508 1544 1543 
4 1515 1516 1518 1517 
4 1519 1520 1526 1525 
4 1523 1524 1533 1532 
4 1534 1535 1536 1537 
4 1538 1539 1548 1547 
5 1541 1542 1540 1566 1567 
4 1545 1546 1550 1549 
5 1551 1552 1590 1591 1553 
4 1558 1559 1562 1560 
6 1561 1562 1560 1565 1606 1605 
4 1563 1564 1567 1566 
5 1572 1573 1575 1574 1568 
4 1569 1570 1580 1581 
5 1578 1579 1601 1600 1571 
4 1576 1577 1582 1583 
4 1584 1585 1591 1590 
4 1586 1587 1589 1588 
4 1592 1593 1604 1603 
4 1594 1595 1596 1597 
4 1598 1599 1601 1600 
5 1607 1608 1614 1613 1602 
4 1605 1606 1609 1610 
4 1611 1612 1614 1613 
5 1615 1616 1626 1625 1619 
4 1617 1618 1621 1620 
5 1622 1623 1630 1631 1624 
4 1625 1626 1628 1627 
5 1630 1631 1629 1632 1633 
4 1635 1636 1638 1637 
4 1639 1640 1641 1642 
4 1643 1644 1646 1645 
4 1647 1648 1650 1649 
4 1651 1652 1654 1653 
CELL_DATA 1590
SCALARS scalar_1 double
LOOKUP_TABLE default
    5.007416
    5.007099
    5.004087
    4.987958
    5.001951
    5.006610
    4.998213
    4.985288
    5.009776
    4.993935
    4.996841
    4.992591
    4.997906
    5.002984
    5.001095
    5.002033
    4.993433
    5.003846
    4.997413
    4.999581
    4.998543
    4.997611
    4.997936
    4.989246
    4.995677
    5.000977
    4.996046
    4.989719
    5.001578
    4.991987
    5.000000
    4.995880
    5.004244
    5.009879
    5.002095
    5.000276
    4.997530
    4.999446
    5.000757
    4.999135
    4.999922
    4.999812
    5.000001
    4.999581
    4.998832
    4.999293
    4.998345
    5.000306
    5.001951
    5.006164
    5.001541
    5.000255
    5.006610
    4.999176
    5.000231
    5.003650
    5.000977
    5.001578
    5.000361
    4.999967
    5.000156
    4.998661
    4.998538
    4.998655
    5.000306
    4.998668
    4.998449
    5.003878
    4.997079
    5.000289
    4.999397
    4.998900
    4.999316
    4.998319
    4.998038
    4.996338
    4.994057
    5.002095
    5.013727
    4.996633
    5.004212
    4.995880
    4.998417
    4.997894
    4.995677
    4.997442
    5.000361
    5.001578
    4.998661
    5.003380
    5.001107
    4.995880
    5.000977
    4.999998
    4.996347
    4.975403
    5.000000
    5.000522
    4.999028
    4.996109
    4.996633
    4.996347
    4.998824
    4.991987
    4.982830
    5.014875
    5.013727
    4.992179
    4.996046
    4.989963
    5.009879
    5.002095
    5.000152
    4.999442
    4.999697
    4.991987
    5.000294
    5.002628
    4.998996
    5.001743
    5.000887
    4.994297
    5.000977
    4.996490
    5.054977
    5.000231
    4.989719
    5.000000
    5.009776
    5.013061
    4.989457
    4.999073
    4.992179
    5.005832
    5.001199
    5.000584
    5.005289
    5.003650
    5.005847
    4.994883
    5.000907
    5.000156
    4.998213
    5.001541
    5.005289
    4.998827
    4.982830
    4.999099
    5.001199
    5.000191
    5.000112
    4.999701
    5.002628
    5.000294
    4.997530
    4.999446
    5.000757
    5.013727
    4.991987
    5.000471
    4.999701
    5.001743
    4.999991
    4.996149
    4.997413
    4.999032
    4.999384
    4.998655
    4.999774
    5.005896
    5.004404
    4.997611
    5.002984
    4.999699
    5.000887
    4.996149
    4.999694
    5.000112
    4.999397
    4.999387
    4.999617
    4.999617
    4.997894
    4.999387
    5.001743
    5.012443
    4.991304
    5.000887
    4.996568
    5.000512
    4.998867
    5.000907
    5.000191
    5.000743
    5.001357
    4.999515
    5.001159
    5.000428
    4.998980
    4.998913
    4.996841
    5.002264
    4.999385
    5.008840
    4.998427
    5.012761
    5.000000
    4.981899
    5.000743
    5.001292
    5.000780
    4.999835
    4.999013
    4.999079
    5.007416
    5.000156
    4.998237
    5.001950
    4.999739
    4.999469
    4.999701
    4.999384
    5.000118
    4.998655
    5.000117
    5.000306
    4.998417
    5.000607
    5.005113
    4.998449
    5.000289
    5.003878
    4.997821
    4.999835
    4.998882
    4.989457
    5.013061
    4.998627
    4.996362
    4.996338
    5.000356
    4.998627
    4.994297
    4.996490
    4.989719
    4.996362
    5.000152
    4.999697
    5.013727
    5.000294
    4.996362
    4.997894
    5.000306
    4.998627
    5.001095
    4.998832
    4.999564
    5.000294
    4.999446
    5.000530
    5.000758
    4.998327
    4.985288
    5.001578
    4.998543
    4.999073
    5.003380
    5.000231
    5.000361
    4.999293
    4.998345
    4.989719
    5.000977
    4.995880
    5.000118
    4.999496
    5.005847
    5.000430
    5.054977
    4.975403
    5.002597
    4.997892
    4.998783
    4.996490
    5.034054
    5.000000
    4.995376
    4.998540
    5.002560
    4.994057
    4.995376
    5.000000
    4.987958
    5.005896
    4.993433
    4.999079
    5.003380
    4.999282
    4.995370
    4.997611
    4.999032
    4.998827
    5.001607
    5.000191
    5.012761
    5.001292
    5.000743
    4.998913
    5.001541
    5.000156
    4.999246
    5.000907
    4.999032
    4.999694
    4.999701
    4.975403
    5.005847
    4.994297
    5.000430
    4.996490
    5.009776
    5.000000
    5.005289
    5.003650
    5.000231
    4.999694
    5.000294
    4.999922
    4.999621
    4.998832
    5.000001
    4.994269
    5.000757
    4.998318
    4.999293
    4.999953
    5.013727
    5.001578
    5.000231
    4.989719
    4.994297
    5.002675
    5.003650
    4.995880
    4.998538
    4.998449
    4.998038
    5.013061
    4.999812
    4.999835
    5.012887
    5.004087
    4.997079
    4.997968
    5.002984
    4.996149
    5.000887
    4.996347
    5.000639
    4.998824
    5.000356
    5.001795
    5.001930
    4.989719
    5.000106
    5.004244
    4.997762
    5.023971
    5.004087
    5.013061
    4.998882
    4.999621
    4.999697
    5.001480
    5.000642
    5.000106
    4.999499
    5.000064
    4.999442
    5.000418
    5.000743
    4.998969
    4.998576
    5.001971
    4.999282
    4.997301
    4.999778
    5.002694
    5.000112
    4.996109
    5.000522
    4.982830
    5.014875
    4.994057
    4.989963
    4.998319
    4.999431
    4.999269
    4.999991
    5.001095
    4.999496
    4.997968
    4.997413
    5.002675
    4.999699
    5.000064
    4.997906
    4.995376
    4.997692
    5.007128
    5.000294
    4.996149
    4.991304
    4.999159
    4.999816
    4.998319
    4.998729
    4.999431
    4.999621
    4.999922
    5.000064
    5.000001
    5.001273
    5.000000
    4.989457
    4.996362
    4.994297
    4.997892
    5.009121
    5.034054
    5.000430
    4.994297
    5.003650
    5.005847
    5.000907
    5.000887
    4.999339
    4.999739
    4.999469
    4.996768
    5.000112
    4.998929
    4.999384
    5.000306
    5.001174
    5.000274
    5.000118
    5.013727
    5.000907
    4.999387
    4.995880
    4.996149
    4.997894
    5.000275
    5.000276
    5.004087
    5.002628
    5.000757
    5.000393
    5.000763
    4.998712
    4.995319
    4.993407
    5.004244
    4.996347
    5.002560
    4.994057
    4.996338
    4.989963
    4.996046
    4.999032
    5.000306
    4.996347
    5.000639
    5.001095
    4.999496
    4.998832
    4.999442
    4.989719
    4.999964
    4.999793
    5.002528
    5.003846
    4.999385
    5.000147
    5.001951
    4.993731
    4.997280
    5.006164
    5.000758
    5.002095
    4.989719
    4.996046
    5.000231
    4.998327
    4.997692
    4.996149
    4.991304
    4.992473
    4.999032
    4.995370
    4.987958
    5.000000
    5.000393
    4.993433
    5.001951
    5.009776
    5.000156
    5.001541
    4.998213
    5.003721
    5.005289
    4.985288
    4.981899
    5.000361
    5.000231
    4.997692
    5.034054
    5.000887
    5.001527
    5.000749
    5.000700
    5.001869
    4.999917
    5.002417
    5.000512
    4.998327
    4.995319
    4.998564
    5.000231
    4.985288
    4.998543
    4.999812
    5.013061
    5.009776
    4.998038
    5.004244
    4.995319
    4.999379
    5.000758
    4.996046
    4.989963
    4.999816
    4.998729
    5.002694
    5.014875
    5.000757
    4.999032
    5.009121
    5.003650
    4.989719
    5.002675
    4.989457
    5.000306
    4.999384
    4.999699
    4.997442
    5.000118
    5.000607
    5.000522
    5.002560
    4.994057
    4.996633
    5.004212
    4.996109
    4.999617
    4.999515
    5.000289
    4.998900
    4.998969
    4.996633
    4.999618
    5.000501
    5.001273
    5.002628
    4.997968
    5.002528
    4.997906
    4.999621
    4.999431
    4.999221
    4.999293
    5.000757
    4.999316
    4.999922
    4.996633
    4.999617
    5.000893
    5.002378
    5.002704
    4.997762
    5.001607
    4.994188
    4.995376
    5.000079
    4.993935
    4.997762
    5.023971
    4.993935
    5.000231
    5.005289
    5.000000
    4.985288
    4.999816
    4.999697
    5.000274
    5.002694
    4.998882
    5.000743
    5.007128
    4.999387
    5.000743
    4.999013
    4.997692
    5.000743
    5.002417
    4.997692
    5.001813
    5.000112
    4.998969
    5.007416
    4.998929
    4.999384
    5.001971
    5.003380
    5.002694
    4.995370
    4.997301
    4.999032
    4.999293
    4.996841
    4.998543
    4.999812
    5.023971
    5.000276
    4.997936
    5.008840
    4.999581
    4.985288
    5.000000
    5.023971
    4.998882
    5.004087
    4.999812
    4.993407
    4.989457
    4.998038
    4.998543
    4.998564
    5.000530
    4.998327
    5.000758
    5.001813
    4.997611
    4.999816
    5.000001
    5.000064
    4.998729
    4.999991
    4.999252
    5.012761
    5.000000
    4.995880
    4.999013
    5.007416
    4.999079
    4.997301
    5.001971
    4.999617
    4.999387
    4.996109
    4.997906
    4.999252
    4.998832
    4.999496
    4.999581
    5.000801
    5.009121
    5.001273
    4.998427
    5.001235
    5.000418
    5.002528
    4.998636
    5.001433
    4.999395
    5.000147
    5.000801
    4.998783
    5.000584
    4.999564
    5.000001
    4.998319
    4.999816
    4.998564
    5.001813
    5.002694
    5.001971
    4.996109
    5.002095
    5.003380
    5.014875
    5.000758
    4.999909
    4.996338
    4.999617
    4.998627
    4.995370
    5.007416
    4.999079
    4.997079
    5.000000
    5.000393
    4.998564
    4.998038
    4.999316
    4.994057
    4.995319
    4.999922
    4.999431
    4.989963
    5.000887
    4.994057
    4.999431
    5.002590
    5.000907
    5.000191
    4.999246
    4.999103
    5.002095
    5.013727
    4.996046
    4.989963
    5.002694
    4.982830
    4.999099
    4.996109
    4.999446
    5.002264
    4.997936
    4.999812
    4.999581
    5.004087
    5.008840
    4.999103
    4.999013
    4.999617
    4.997894
    4.995880
    4.998744
    4.999246
    5.002417
    4.998427
    4.995376
    5.002264
    5.008840
    5.003099
    4.999446
    5.000763
    5.001273
    4.999564
    5.004087
    4.998427
    5.001273
    5.008840
    5.002264
    4.999621
    4.998427
    5.001273
    4.982830
    4.996633
    5.013727
    5.002095
    4.999617
    5.001971
    4.999385
    5.002528
    4.997906
    4.997968
    4.993731
    4.999964
    4.999385
    5.001951
    5.002528
    4.993433
    5.008840
    5.001273
    4.999385
    4.999395
    5.000766
    4.999564
    4.998427
    4.999446
    4.999621
    4.999293
    4.999442
    5.002560
    4.999909
    4.994057
    4.993407
    5.000639
    4.998038
    4.998627
    5.000356
    5.000289
    4.995319
    4.999991
    4.997611
    5.000530
    5.000758
    5.002694
    5.003380
    5.034054
    4.999564
    4.998417
    5.000607
    4.997442
    4.997894
    4.996633
    4.999739
    5.002417
    5.000887
    5.002560
    4.996347
    4.975403
    4.995376
    5.000530
    5.000758
    4.993433
    5.000361
    4.999079
    4.999581
    5.000294
    4.998832
    4.999395
    4.999564
    4.997936
    5.006164
    5.000112
    5.000356
    4.993407
    4.989457
    4.996362
    4.999431
    4.994057
    4.997968
    4.997906
    5.003650
    4.991304
    5.012443
    5.000000
    4.999564
    5.005847
    5.002528
    5.000801
    4.999385
    4.999564
    4.997936
    4.997906
    5.000530
    4.998327
    4.985288
    4.999812
    4.999581
    4.998564
    4.997611
    5.000001
    5.000274
    5.002694
    4.999159
    5.000064
    4.999697
    4.996362
    5.007128
    4.998427
    5.000893
    5.002704
    5.004087
    5.008840
    5.023971
    4.993935
    4.996841
    5.012443
    5.012761
    4.993433
    5.001951
    5.000000
    4.993731
    5.001541
    5.006164
    4.981899
    4.997894
    4.996633
    4.998449
    5.000289
    5.001971
    4.995880
    4.998661
    4.998744
    5.000907
    4.999246
    5.005832
    5.003650
    5.000156
    5.002675
    4.998427
    4.999621
    4.999431
    5.001235
    5.005832
    5.000231
    5.005289
    5.005847
    5.000156
    5.000907
    5.006164
    5.002417
    4.999964
    5.002528
    4.993731
    5.002528
    4.997906
    4.999564
    5.000112
    4.998929
    4.999991
    5.000306
    5.000118
    5.000274
    4.999032
    5.000118
    5.005847
    4.975403
    4.996046
    4.998327
    5.000530
    4.999909
    5.000274
    5.001273
    5.001455
    5.008840
    5.000893
    4.999060
    5.007416
    5.001971
    5.004244
    5.000356
    5.002675
    4.989457
    4.993407
    5.001930
    4.995376
    4.996347
    5.002560
    4.989963
    4.994057
    4.993935
    4.999339
    5.001455
    5.000642
    4.999221
    4.999621
    4.999964
    5.002417
    4.997968
    4.999320
    4.996149
    4.991304
    4.998744
    5.000907
    5.000156
    4.999496
    4.999991
    5.000118
    4.996149
    4.993407
    4.994057
    4.998038
    4.998564
    5.004244
    4.996046
    4.999442
    5.000064
    4.999252
    4.999991
    5.002675
    4.998832
    5.000118
    5.023971
    5.007128
    5.034054
    4.989457
    4.993935
    4.995376
    4.975403
    4.999013
    4.981899
    5.000000
    5.007416
    5.000306
    5.002694
    5.006164
    5.001541
    4.999339
    4.999699
    5.000607
    4.999032
    5.002417
    5.006164
    5.005289
    4.985288
    5.007128
    4.998882
    5.008840
    5.004087
    4.993935
    4.996841
    4.999699
    5.013727
    4.997894
    5.002095
    5.000639
    5.002560
    4.996347
    5.001971
    5.007416
    4.996841
    5.000530
    4.993433
    5.000361
    4.981899
    5.000907
    5.001541
    4.998661
    4.997968
    5.001433
    4.993731
    5.002528
    5.002417
    4.993731
    4.991304
    5.006164
    5.012761
    4.999060
    5.001684
    4.989963
    5.004244
    5.002095
    4.998327
    4.996347
    4.997894
    4.993433
    5.006164
    4.997413
    4.991304
    5.000907
    4.993935
    5.005847
    4.995376
    5.005289
    4.992591
    5.000907
    4.994057
    5.002560
    5.001971
    4.995370
    5.007416
    4.998900
    4.998969
    5.000356
    5.004244
    4.998038
    4.989457
    4.998661
    5.000530
    4.993433
    4.981899
    5.001951
    4.993935
    4.999385
    5.008840
    5.000639
    5.000356
    5.000064
    4.999697
    5.000274
    4.999991
    4.997442
    5.002528
    4.998678
    4.996347
    4.994057
    4.992591
    5.006164
    4.998744
    4.998661
    4.997442
    4.997894
    5.002095
    5.002675
    5.000000
    4.981899
    5.001684
    5.006164
    5.001541
    5.006164
    5.001541
    5.005289
    5.001541
    5.001951
    4.993935
    4.996347
    5.002528
    4.999221
    4.999922
    4.999621
    4.994057
    4.999316
    5.000530
    5.002590
    5.007128
    4.999835
    4.989457
    4.996362
    4.995370
    5.000393
    4.998929
    4.999621
    4.997968
    4.997413
    4.991304
    4.997894
    4.997894
    4.997280
    4.993433
    4.999385
    5.001541
    4.999621
    5.000001
    4.999812
    5.000757
    4.999316
    5.002560
    5.000639
    5.000356
    5.000376
    5.000112
    4.999013
    5.007416
    5.000294
    4.998832
    5.000356
    4.999442
    4.997906
    4.997968
    4.997611
    4.993433
    4.997611
    5.000064
    4.999252
    5.000274
    5.001273
    4.999621
    5.002694
    5.000112
    4.999778
    4.999013
    4.999442
    4.999621
    5.000001
    4.999252
    4.999697
    5.000757
    4.998038
    5.000294
    4.999252
    4.999581
    5.000001
    5.002095
    4.982830
    4.999621
    5.001930
    4.999252
    4.997692
    4.995376
    5.002560
    5.000000
    4.999252
    4.999621
    4.998564
    4.999581
    4.999581
    4.997611
    4.997611
    4.993433
    5.000376
    5.002560
    5.000106
    5.001930
    4.996347
    5.006164
    4.981899
    5.005289
    5.000584
    4.999385
    4.997968
    4.995370
    5.003099
    5.000766
    4.999581
    4.997936
    4.997968
    4.999812
    4.998038
    4.999581
    5.000112
    4.999778
    5.001684
    4.997936
    4.999812
    5.002590
    4.995376
    4.997718
    5.007128
    5.034054
    4.999385
    5.008840
    4.993935
    4.996362
    4.995376
    5.007128
    5.008840
    5.000766
    5.000393
    5.000294
    4.999812
    4.993433
    4.981899
    4.993433
    4.996347
    4.995269
    4.994057
    5.000294
    4.999778
    4.994057
    5.034054
    5.002590
    4.997718
    4.999778
    4.997280
    5.008840
    4.998038
    5.004087
    5.008840
    4.999621
    5.001930
    5.034054
    5.007128
    5.034054
    5.002590
    4.993433
    5.002590
    4.997718
    4.997413
    4.996046
    5.000356
    4.998636
    5.002417
    5.000758
    4.999079
    4.999922
    4.999246
    4.999964
    4.998540
    5.000393
    5.002095
    4.998327
    4.998564
    4.995319
    4.994883
    4.999246
    5.000361
    5.000530
    5.002417
    5.002417
    4.998538
    5.000757
    4.998882
    4.992473
    5.000276
    4.996362
    4.997894
    5.001971
    4.999135
    4.995370
    4.999320
    5.001433
    5.002528
    5.000530
    4.997894
    4.998661
    4.993407
    4.998327
    4.998661
    5.004244
    5.000306
    4.998661
    5.013061
    4.999032
    4.999991
    4.998882
    5.005289
    5.007416
    5.008840
    5.000274
    4.998538
    4.999701
    4.999246
    5.000112
    4.996362
    4.999293
    5.000294
    5.000907
    5.000064
    4.999252
    5.005896
    4.999697
    4.994297
    4.998882
    4.997530
    4.997413
    4.997611
    4.996149
    5.000639
    4.999246
    5.013727
    5.009879
    5.005289
    4.996149
    5.002628
    4.997692
    5.002095
    4.999697
    4.991304
    4.999176
    4.999699
    4.997906
    4.998417
    4.999496
    4.993407
    4.999499
    4.997936
    4.992473
    4.998712
    5.000907
    5.007128
    4.999442
    4.975403
    5.005896
    5.000118
    5.034054
    5.005289
    4.999442
    4.989963
    5.004212
    5.002694
    4.997280
    4.999909
    4.998712
    4.999032
    4.999469
    4.998564
    5.009121
    4.998038
    4.999060
    4.998327
    4.999013
    4.999159
    5.000064
    4.997894
    5.001002
    4.999085
    4.998564
    4.996490
    5.002095
    4.999909
    5.000000
    4.998678
    4.998929
    4.991304
    4.997762
    5.000112
    4.999582
    4.998712
    5.000356
    4.997936
    4.997692
    4.999013
    5.000001
    5.000000
    5.000231
    5.000361
    5.000893
    4.985288
    4.999384
    4.999446
    5.000887
    5.002033
    5.000064
    5.002694
    4.997936
    5.001333
    4.996362
    5.000766
    4.999694
    5.000801
    4.996841
    5.000757
    4.999564
    4.999909
    4.997080
    4.987958
    4.997280
    4.999073
    4.999159
    5.001333
    5.001951
    5.004244
    5.001174
    5.000064
    4.999252
    5.000000
    4.996633
    5.005847
    5.034054
    4.998827
    4.975403
    4.999320
    4.999099
    5.000642
    4.997906
    5.001578
    5.007128
    4.999252
    4.999446
    5.002933
    5.013727
    5.000356
    5.002264
    4.989457
    4.999395
    4.999909
    5.000512
    4.997301
    5.000758
    5.005289
    4.999917
    4.985288
    4.999697
    4.997413
    5.000522
    4.999013
    5.012443
    5.013727
    4.995319
    5.000274
    4.993407
    4.999909
    4.989963
    5.003878
    4.999385
    5.003721
    5.003099
    5.001813
    5.002033
    4.999816
    4.998327
    5.004212
    4.991987
    4.999697
    5.003099
    4.998345
    4.989963
    5.009121
    4.997079
    4.997936
    4.994269
    4.991304
    5.001273
    4.996149
    5.000700
    4.998627
    4.999697
    4.999967
    4.991304
    5.007128
    4.996289
    4.998213
    5.012761
    4.999246
    4.999694
    4.998712
    4.998038
    5.003721
    4.998678
    4.997968
    5.001813
    5.000780
    4.996149
    4.999564
    5.000118
    5.000294
    5.000356
    4.998038
    5.009121
    4.999384
    4.997762
    4.999964
    4.999964
    4.998678
    4.999953
    4.998246
    4.999246
    4.997936
    5.002694
    4.987958
    4.997718
    5.013061
    4.997530
    5.000064
    4.997968
    5.000893
    4.998729
    5.001351
    4.998038
    5.004087
    4.999431
    4.999812
    4.999032
    4.999079
    4.975403
    5.001018
    4.999431
    5.000490
    4.998882
    5.002528
    5.012443
    5.001159
    4.998537
    4.993935
    4.999385
    4.998661
    5.000501
    5.002417
    5.004087
    5.012443
    5.000376
    5.000048
    5.004212
    5.000112
    5.005832
    5.003721
    5.007416
    5.000000
    4.999013
    4.981899
    4.998661
    5.007416
    4.993433
    5.000361
    4.997894
    4.981899
    4.999013
    5.013727
    4.995880
    5.002421
    5.001107
    4.995269
    4.998661
    4.999909
    4.997080
    4.997673
    5.014875
    4.998213
    4.998678
    5.005847
    4.997280
    4.999293
    5.005289
    4.998929
