vertices 2046
    18 3.45667408068657 3.06973058249574 0.12362581655462
    24 2.32743536585327 3.08713446723261 6.44346140834711
    29 3.17803942883962 3.87111388535528 0.53760657953904
    43 2.04173169851368 3.76759444472658 3.74178148027665
    49 3.15392461726619 1.46552727098401 3.35927729257632
    55 2.96315353626802 1.71526059152811 3.88285478737579
    60 2.92005766353759 1.64105390921679 2.91012858875655
    63 2.82629350183643 1.83396918318370 3.91772103983310
    64 3.11021764841764 2.41509143505414 2.69217433636643
    80 4.15996444477416 6.08348573552898 3.34502423763354
    82 4.03207819135434 5.49850488386093 3.53821757812878
    85 4.61169781511602 5.63559854993584 3.85831164641850
    96 4.46616748209353 5.49125207801358 2.45510413825484
   104 4.40413132776172 6.10457678616769 2.73596490446609
   108 4.71301137949899 4.90788079042065 3.16299804736849
   116 4.11713156916366 2.69747432157778 5.50630004487523
   123 3.43607942930913 1.62355324790133 4.85997117031119
   124 3.61956177019119 2.35687507008115 5.86060566364969
   126 3.44199594561780 2.45701211276142 4.97593948461327
   128 4.00495218819764 1.86404221101050 4.65571446046944
   133 5.23416367869377 1.01125665697270 6.04524038428493
   134 4.60369987675172 0.26728688760911 6.73181810931457
   156 4.77970049394913 0.72334290729068 0.40434991081780
   159 4.57261347713297 1.12077049916866 6.28278583329003
   163 5.09417113087671 0.39402141262569 0.40012448735988
   167 5.44559376945945 0.49457243107013 0.31029478723354
   173 0.80190959422313 3.41484403293684 3.38089288951766
   178 0.84847791681772 2.88662284814573 3.30182180508306
   187 1.07597381757942 3.61829380176118 2.94153745270739
   189 0.66939613586392 2.57996880673333 2.36478160289799
   205 2.90034167061371 5.34143343285497 3.30469865988590
   207 3.32416201452934 5.07746839191605 3.35146736738352
   211 3.69802097347482 5.13765255082717 2.94115358222937
   214 3.36760570387315 4.62938844687518 3.26361748628476
   216 2.43618315736659 4.46173982827987 2.68526444889659
   217 2.68257766632881 5.14687786723133 2.19912149593807
   218 2.37750842223486 5.31426975042997 2.61924777137823
   226 4.62824506893639 0.67888063540209 0.74324653384533
   233 4.80240395716487 0.45288294015657 0.89309203391014
   234 4.22760257940197 1.00133779013357 1.85703518568230
   237 4.11478925787069 4.00566693810583 6.32896177795794
   238 4.50664586445207 4.54255018801061 6.36303939027212
   250 4.81164382473732 3.41385335134358 5.87114333447676
   253 5.43030499605944 4.51125499656699 5.98497160757764
   254 4.10426318178252 4.09970813251949 6.27566927665889
   255 4.79089982286421 4.29631787929587 6.66503910394136
   262 4.87655117022455 6.58414280562903 2.63116514097202
   268 4.39249066113673 6.27340394173938 2.60746443971517
   270 4.39543227710553 6.14538377241873 1.90453934935953
   273 5.14357858738887 6.52535518735891 2.01380275904973
   274 4.92507259581215 6.35809068821887 1.72641674428292
   294 6.46115837228312 5.27758127632336 3.72627866722715
   301 0.15481286998452 5.29619264383873 2.98045330692763
   305 6.55097564727769 5.40834479473300 3.53527887974002
   315 0.34683446939159 5.15590768166587 3.95726318181423
   320 6.75171660330080 4.27626595583680 1.11056880789428
   325 5.93833053014016 4.47221619533667 1.24987797731757
   326 5.77716234290066 5.04858205746832 1.20420444343911
   334 6.16389379098554 4.48350694619253 1.69700533570883
   337 6.45818487261281 4.26659422342386 1.58720538103335
   343 6.79163401218377 4.34717342839294 1.52544529155223
   345 5.93342386091928 5.52532888707610 3.88435011109799
   353 5.93143220797030 4.76343982686976 3.76117010037620
   355 5.96540529746774 4.95141634986141 2.57755733255048
   356 6.37043886997751 5.31621766054367 2.72151625103977
   357 5.75974253379292 4.97139300939304 2.58557792466648
   358 5.92410945302660 4.57376931427446 3.47994189414995
   360 5.63023275621417 0.44945197506597 4.25295608311522
   366 5.43925694162261 0.69748495454714 4.30231654623186
   369 5.21107157977554 6.84320882146785 3.17110048169787
   370 5.13342104301478 0.36694630976162 4.36388315099055
   371 5.33711090366095 6.61552501537485 3.71031472553016
   372 5.24880145137769 6.65042869339658 3.85895357319845
   373 5.35528830970105 0.17628608442910 4.31171883993241
   374 4.68852570572596 0.30305430613074 4.13034224481870
   380 2.31750730727438 1.11063849460615 6.02605027085454
   381 3.49057051299750 0.52682244087861 6.10009385927422
   387 3.58412048715248 0.95358232698046 6.40391535408470
   401 1.01870936524386 6.46004305787484 0.60403704916746
   402 0.79942060393839 0.49308769599423 0.51836579393153
   406 0.64608041691374 0.10585245647909 0.40664986637278
   407 1.55134145389928 6.84832114867092 0.20013560091345
   410 0.71874960158935 6.70845057704404 1.04045571362532
   411 1.45129156465259 0.69889498180065 0.86819845891537
   412 1.49225785538345 0.09878132995756 0.16503969277707
   415 0.58215221562190 0.36956257766661 0.82429343869745
   416 0.51485755010690 0.17210206258216 0.75870184110118
   420 0.79694263961846 0.30033970770320 0.32981261020866
   430 2.84831418864346 5.59641235308316 4.35138711903099
   433 2.93320765213703 4.88345509512989 4.99236514569661
   434 3.51367633208993 5.60604043033782 3.89241578234093
   435 3.21196138932695 5.68737986371955 4.59272882470832
   438 2.81451251788315 5.25481562213526 4.88323886196840
   440 2.97066493689251 4.37928964452026 4.21469833096349
   445 3.50522058092099 5.70231620030303 4.49110471944825
   446 2.63614862232755 5.27162001071555 4.66320675990787
   454 1.53729044751125 5.50329198987038 3.10169739790438
   467 0.21420188776570 4.38704491048861 1.95853915350206
   468 1.41007124212056 4.93113027120246 1.98967751275583
   473 0.93351780338890 4.39457453679496 1.75612286197646
   474 1.39890138729423 4.59623872658648 2.05511792368207
   476 0.84841187593929 4.61878991171251 1.63876701726664
   477 1.16259528434664 5.02773090354255 1.81307731292004
   480 0.79015714985363 5.34099346553904 2.08419159013162
   483 0.53464865884768 4.17977128584355 1.99997967665837
   489 0.20329172554785 4.95325602118358 2.00776942878324
   490 0.25859714534210 4.65157792832193 1.80997496892948
   493 6.83372247289006 2.39164550276264 6.88846366585346
   497 6.34486577338194 3.46218883622131 0.70366175964928
   507 6.31144223708628 2.88521608936158 6.79400743371829
   508 6.90006364805928 3.48615688382639 0.35617927672023
   512 6.93292659235604 2.73326908590329 6.83385397812808
   519 0.19203986788256 3.01502720480643 0.26639225500824
   529 6.25410974175931 6.18318231341154 2.64588395733753
   531 6.40877341298852 6.27394513193438 3.39221507901310
   532 5.83701137390328 6.21675070906758 3.79903123968193
   533 6.25508762285411 6.49285731393813 3.60006085943137
   535 6.12940824099484 6.87227490073313 3.39739339364478
   539 6.41110893288698 6.43252491160060 2.85004237732559
   551 6.65151780023130 1.78977050975600 1.28606420776980
   556 0.46171229923095 0.73489185756774 1.40146992309391
   565 6.32547101192343 0.93572906337372 1.21850502318247
   567 0.21449676037275 0.69741246307639 1.02467856779028
   588 3.93690463711494 2.16730472771160 1.41207433463509
   592 3.94915756335145 1.30772245952112 2.51372062426934
   604 2.50057850654119 0.48186680890169 1.21321054144817
   607 3.06606661643069 0.70249664669717 0.36161370494744
   610 1.84600423514492 1.12376084067708 0.70651291730071
   623 2.03877556833555 0.72602293587979 0.01609292034028
   625 2.61175363561849 0.76424580165914 1.30345643316904
   627 5.57172731226645 3.12163340343540 6.93624144944774
   637 5.79035023078618 2.66662353665489 0.71135623726412
   640 5.33295903856469 2.84768815723304 0.16574611436135
   645 3.27136106996056 5.87202126796433 0.50202097340221
   647 3.15326742814223 5.71776993638093 0.50507748143816
   649 3.89430903608762 6.03328414917293 6.97425137219982
   658 3.40483062149248 6.12222989086505 6.98779636714350
   669 4.16590659991271 6.44625225449920 0.05314417702970
   677 3.85246435933106 6.23556341216413 1.22348085341086
   688 1.33541649476142 1.45035380605865 6.92567411273843
   689 1.09798391583838 1.44208593093024 0.20111607539747
   691 1.56235111657153 1.16141513574829 0.78242979402166
   701 1.93887174021088 2.21143424220581 0.81448819280299
   703 0.38713439314332 6.46648932862111 1.21216462394445
   709 0.88222453410141 6.65327591888482 1.62559307903246
   711 0.90928928726939 6.19301004249415 0.44723024251812
   715 0.48068085564761 6.43627852232291 1.58195707073650
   747 1.31915382249649 2.31970579387456 4.58320144638823
   752 1.32099739705745 2.59096003421091 4.49796715501269
   755 0.99463951358409 2.74117012544144 5.04102018680834
   757 2.66092564244329 3.66529328010619 1.36953352711357
   758 2.25664208541736 3.65811317407682 1.26495550062350
   770 2.23339407383504 3.61313585301006 1.13716402774441
   779 5.50551275792326 1.21054496590668 2.16701393335852
   787 5.46370646467834 0.80414399794445 1.48642914288695
   810 4.38156712542089 5.03032204740056 6.56208278665683
   812 3.27062411959449 4.78229324465516 5.67289679274776
   820 3.60308639862553 5.42316278195929 5.87141705233854
   829 3.26597263577456 5.17161909605445 5.92630136923386
   832 3.73219907775746 4.29182308573574 6.47417276381221
   837 3.03951431456758 6.50585471061314 4.55261073070416
   842 3.03302508138063 6.85917801945554 4.74849101739674
   844 3.76513426415768 6.77918254970504 5.66862694732022
   847 3.44386334031837 6.97630326066651 4.55739355966889
   852 3.62898539148800 0.04000096509753 5.38451690538659
   859 2.95214993730961 6.61134909737717 4.68052574395229
   865 6.82228790533561 0.52896817284151 3.01213309719903
   887 6.98637062233159 6.26764407605174 2.08838374444812
   890 0.05483176363778 6.61972089829209 1.87869598207663
   898 2.72106726471124 6.74777226875758 6.60694318749580
   899 3.85196844276997 0.07584797120750 5.93104808867698
   903 3.80738185030037 0.31482631859717 5.82898517113358
   917 4.79760448480854 6.49071967844469 0.12118235337049
   918 5.07860865941789 0.28925080731210 0.68342694337390
   923 4.36148491112007 6.51675146644544 6.85411036849837
   924 4.25973580754249 6.96511687005813 6.66208332910501
   931 2.90657654072000 0.55927641193648 4.32461640048225
   937 3.44346765854944 0.42385717407818 4.33152644386682
   938 2.39227317174939 0.49687174417768 5.06577554091454
   945 3.63312876393206 0.61456495720035 4.47373934244693
   951 4.21525811514617 3.57806352460311 3.18914346751427
   952 4.29266737986734 4.14773293415823 3.30452626977335
   954 3.26457928461297 3.55810282277930 3.87037673674022
   955 3.92316215114263 3.37270889953015 3.50755453414814
   958 3.31943429283708 3.30279596184151 3.46699646569024
   960 3.78811727868973 3.61216320187742 3.90690954988067
   962 3.05658219328194 3.92533154288149 3.80448109884073
   963 3.55962257915863 3.63946004665380 2.70470902032980
   980 5.79663029685762 0.85455044440225 5.54345003853999
   984 6.22786313484401 0.71791896141109 5.96642525611311
   991 3.93704683473741 6.35238682709202 3.38781939922589
   993 4.80004737356864 0.22978320728511 2.74926732413468
   996 4.14383362983900 0.18506623528731 3.00651184025715
  1000 4.65686628888103 0.29650306161705 2.75655457745896
  1001 4.05761629432540 0.04219974365440 3.42305015859097
  1005 2.07603071337285 6.22239063653853 4.77763362273434
  1006 1.81111099223558 5.87722471704577 4.26881532582970
  1007 1.48402284215434 5.42743191746447 4.26271500156462
  1009 1.55057998755720 6.27258666970575 4.33641537611246
  1012 2.04009869442556 6.12877350329392 5.12302677100980
  1015 1.61644422153556 5.18500109901843 4.56629098686980
  1016 1.41417286063872 5.12205323219302 4.78145858238080
  1018 1.60465106484525 5.30485284587055 5.17633589995818
  1029 6.52672537373343 4.99688813196965 6.18142580197628
  1032 6.06236617488596 4.51446124605787 6.01672904990745
  1033 0.32013851106250 4.55702250484126 5.62583442054330
  1039 6.49928525985964 4.05762205677809 5.53807308292559
  1047 6.38939380728918 4.44244294953978 5.51090874541745
  1052 6.78586404774706 4.81941351817607 5.57356101077776
  1060 3.16544750751323 2.68803522303718 1.33736616979258
  1065 3.83417300366771 2.63184836055613 0.97113289378618
  1067 3.16214050043181 3.13341721319357 1.48959966925411
  1069 4.32938143332676 2.69629038729191 1.18361353974936
  1070 3.97008926269222 2.50856708310950 1.01496058068557
  1075 0.88087097488199 4.70429877731967 1.11648376229323
  1083 1.19746839077195 5.06645267086394 1.10488585243106
  1090 1.79032824233637 5.23914527645399 1.52939430212316
  1091 1.02227333835649 4.34727458083012 0.79985287065293
  1092 1.84811089684459 5.18794926635973 1.63941644191891
  1093 1.33691371392272 5.22704165181803 1.46187237547358
  1099 4.76429766655119 1.88923221876853 0.39850189301254
  1101 2.06834833974997 5.85643913017886 3.74205944677990
  1103 1.85809881782995 5.37572848461591 3.51768890964023
  1105 2.25469993957558 5.08479012937790 3.46649069355587
  1110 2.14620862312187 4.67552560626525 3.76820080209823
  1115 4.62873314939114 1.97118907992611 5.84144710546201
  1117 5.21852029109157 1.81606327274434 5.49406166123776
  1122 4.38865927572473 0.72388230938020 5.76298793199763
  1123 5.40971390535828 1.55418221078782 5.65050847592592
  1127 5.08472664945058 1.78699311610917 5.15439915327671
  1133 4.31591806581014 0.86069809882387 5.32887305488997
  1137 6.97252905733045 6.31451779767840 3.60314256484929
  1141 3.71276589922164 6.34212106146293 3.52386973841279
  1150 5.27898173807276 6.41186312273810 6.90471776500798
  1153 5.74565407486210 6.28417160576365 0.17521864448354
  1158 5.98334767449310 6.97440698225960 0.08344268793642
  1168 3.10679610419212 3.58372645609628 5.50513042363223
  1179 2.91133009251751 6.91239362998802 1.53212857774194
  1184 3.38023568254771 0.43143652652064 2.61028323157211
  1185 3.01857071743804 6.95571764317521 2.54016320618414
  1186 3.13205342152665 0.35447152516953 2.76442280671927
  1189 3.47314866110589 0.15700637264757 2.30512833460323
  1191 3.47953636199510 0.54144633853472 1.80600499833767
  1195 3.24925819732344 6.92214391425653 2.27480525652897
  1196 2.61244700850155 0.59497482236542 2.67970870183005
  1205 5.89498097546041 5.65594850185210 4.20866914137615
  1208 4.68270018912239 6.06586607793401 4.31558959510751
  1214 5.82015324564209 6.15626123013120 4.16115301714931
  1221 4.62585843575886 5.70109704663396 4.26203639585951
  1224 1.96506312616338 3.50048502133775 5.82460183149553
  1234 1.56097781919441 3.50176150667461 6.91333778464164
  1236 1.75356415951703 3.91291601964788 0.00105942460652
  1238 2.54072183166791 4.34416453872777 6.62495078661364
  1241 5.55050519429988 1.15549389339443 4.68432058728645
  1245 5.52555732302626 1.39479287446153 4.46229147331218
  1254 0.58627272157777 5.11983121532751 6.96109625206989
  1256 1.47956215090032 5.57986035524081 0.26520264482641
  1257 1.64898398309068 5.07120153124300 0.20608397934305
  1258 0.67884704961196 4.35336999601222 0.52871346155100
  1276 5.18495652945746 3.75675098586487 1.43259403168290
  1279 5.34880453662341 3.47001946063047 1.89668456274798
  1290 6.00638560616671 4.34579210815428 2.10945942037341
  1292 5.27002899546653 4.10388079706968 1.47098774835969
  1298 5.55955115466188 4.15263752093593 2.11199051193181
  1299 5.56493144034187 3.86141444903117 2.24495178708722
  1300 5.96241337264005 3.72567245991313 4.82476152675116
  1301 6.26843313354025 3.89960465849518 4.84038798519341
  1306 6.59178346933856 3.93067681447462 4.50596332331294
  1311 6.55803644789941 3.74958838875696 4.03926528209803
  1314 5.96979923450516 3.11164420059638 5.01814122611497
  1316 6.39592737347252 3.75357463023777 5.08405078886613
  1325 6.03483908300743 3.43762367599915 5.17544448060813
  1326 6.13185789035566 3.44396021228131 5.22197672556552
  1330 4.04040155971255 1.08878718787504 2.90428772241956
  1332 3.71127133906849 0.50706121996610 2.98867156005433
  1333 2.84317644151595 1.54246212940997 2.81219981630987
  1334 0.30370383326868 5.21646946121716 6.54795421074156
  1336 0.63554044597310 5.52447904355439 6.28384122169541
  1339 0.74069909976524 5.32857995957942 5.89536539584232
  1347 5.25289788254622 2.01431417953103 4.98359495403744
  1351 5.57524337478371 2.26153740805219 5.34651453778329
  1352 5.42724083446627 2.76300315571261 5.24697721363485
  1357 5.38828527064264 1.79290818421716 4.54322985579232
  1367 0.61037880394653 1.01049747448192 5.68940033436305
  1369 0.39593399206624 0.86546978655687 5.81577427364728
  1370 0.44869590903750 1.13666110268835 6.23381418957572
  1373 0.50759936276124 0.25482203563222 6.43715051631444
  1374 1.17118582458853 1.13223792949788 6.57969440738420
  1387 0.49499786545520 0.89934837713086 6.68658608146385
  1388 0.50880356435352 0.47903572243978 6.70437294510415
  1398 2.18588441490559 6.42682790676019 3.34043107769185
  1422 1.44884082539526 6.95172865388283 2.33653664625073
  1435 6.00188713638836 0.85835699678316 0.74107717244729
  1438 6.28104241778752 2.03715377914421 2.62553147627611
  1448 3.37078030996916 6.16337520231525 1.83300786746093
  1450 3.44674806922723 6.45620524796933 2.27363649572994
  1451 3.89983997022507 6.09412478231301 1.58665537248402
  1452 4.12939704245490 6.31279246212516 1.79037983342857
  1454 0.50290887163006 6.55752991669225 4.51501562758588
  1457 0.11701118243736 6.94334336742456 4.95779641633892
  1458 0.48491730510520 0.33914957815102 3.83626870445580
  1460 0.71245287525488 0.14307512410458 4.08047912793546
  1462 0.27766213394083 0.83713026504006 4.24379674695233
  1463 0.55872230672428 6.61716623825889 4.18311734550759
  1474 0.03930180720772 6.44373550091482 4.58513824166808
  1489 4.67870720209547 4.67105617613138 4.73716172963180
  1490 6.02722388563099 4.63356196168480 4.97712745158773
  1496 6.00587971038361 4.48555826818175 4.80242518581734
  1497 5.55956930839349 4.70103907163714 5.38084740056708
  1502 4.99401760435362 4.54538910424270 4.26151131439055
  1504 6.29515935684040 6.13071763063200 4.66749077069927
  1505 6.59209042075788 5.56465363240352 4.57307970916865
  1508 6.27770815853584 5.68584611031065 4.60032252462778
  1509 6.88446313932372 5.83616227624703 4.56059752734983
  1511 6.11249565037882 6.35253794550499 4.44014283996040
  1512 6.83021115719765 6.15567765574206 4.60192135373151
  1515 3.98065628814899 0.77613159590469 4.08576426824499
  1519 4.47230090579128 0.30221841539044 4.69347594987918
  1531 0.96783610262337 1.78035569320724 3.37691606703191
  1536 0.72789341783115 1.60775886077117 2.89678835721439
  1538 1.44616457535509 1.88068937561937 3.27213076181214
  1542 1.06966590768218 2.02747197719568 2.26587095338255
  1543 1.58441998101089 1.97880704586750 2.61089483781660
  1544 0.96186183372829 2.35883759949538 2.17028636948912
  1547 4.61352166993206 4.30551159100844 3.40061159161244
  1557 0.51124297152398 5.86904327001312 6.21911494118025
  1560 0.37812261244854 6.49292858623380 6.75970384545054
  1561 0.04202848688883 6.21345072112444 6.63098113762001
  1563 6.95865538772723 6.13700148848999 0.01694417781882
  1565 0.12071087198618 5.90262919324064 6.35765185017416
  1574 1.48748929670721 3.56427391765655 2.80099247192825
  1575 2.22588131887254 3.45027775982811 2.50412022188789
  1582 1.78438214082588 3.74205999775356 2.41031931637855
  1585 2.41575603389057 4.00292563725516 3.64133404339858
  1586 2.09708074790475 3.21283562542070 2.88599165334220
  1590 2.44624969963711 3.59105843997534 2.55425754551398
  1601 1.67569548035345 6.19150504371992 5.77425037085101
  1604 0.82162902375184 6.87616335035814 5.08852084522477
  1607 1.77896963244237 0.01394164842936 6.17150749632166
  1610 1.25631195929008 1.13603803849632 1.42146711769697
  1625 4.19049196705730 3.81195365355522 4.83446490365987
  1627 3.90524931060203 3.61032728367647 4.93591919814249
  1634 2.86765665624380 3.96185928895554 3.97096617411271
  1651 5.79749980500845 4.26879705582813 3.50058913570017
  1660 4.72280210538344 2.47926239285008 0.01251528661447
  1662 4.30368303874543 2.22987697366713 0.36952631832328
  1667 4.72964627969427 0.47834530935883 2.50375942916135
  1670 5.56692851323706 4.58335111683108 0.00413329727191
  1672 6.47514747165234 5.16850764793058 6.22650364908506
  1686 5.52009824965882 6.05646381031978 0.69423273756605
  1689 6.53086475120120 6.64471183005299 0.59431989383623
  1690 5.14827432166939 4.98194113102961 1.01681409050729
  1710 2.55745893175534 0.68173386691147 2.84410468647549
  1711 2.27208301180999 0.52778754593415 3.27250686582284
  1714 5.87488959700210 2.13285812112371 5.71760851193430
  1716 5.91042916583832 1.91443257126974 5.80190234665177
  1721 5.53432385094079 2.19266506094274 5.52567517956820
  1722 4.84460417846615 5.36700939586802 0.07691972004463
  1730 0.95089594301499 3.65775637045964 5.34131480695814
  1734 0.89317662972476 3.55071541479880 6.42475837280771
  1736 0.39817835085323 3.30912805758431 5.63616169709814
  1739 0.51676630919065 3.93999316124447 5.14850901689206
  1745 0.81375647254703 3.41379461891380 0.06360514251003
  1752 0.03826398804143 2.37037565093083 3.70072172043106
  1764 6.02971897445282 2.72201741706934 2.92055702016960
  1771 2.10441270923510 4.80711820619646 6.45556586514761
  1778 2.29922868058456 5.62211611798672 0.27315418513434
  1787 2.11402135099687 5.81087448462052 0.27130073634673
  1789 0.56009848078530 2.15222554098237 0.95095251146806
  1794 0.29177350226440 1.86328397622419 6.96857773293650
  1798 6.91160818209353 0.01003941363869 6.30090402251284
  1802 0.00645198394162 6.15171553790339 5.71860336190952
  1809 5.41654819375717 2.86954328788300 1.05501132872982
  1810 5.26682032517276 2.45922532534625 1.39274229546539
  1818 4.56048846876566 3.48451717834148 0.93458385081186
  1822 4.99496803463210 2.34430163185366 1.33767637662031
  1824 5.05303091552874 3.28920202652630 2.08926327683213
  1842 6.70544034607568 0.50089120280731 6.90983251362031
  1848 2.80412883909869 2.51680752855747 4.47555336204919
  1850 3.34724334971269 2.86880036063247 4.50749724499645
  1853 3.16221219152401 2.71896996227454 4.74102874177932
  1868 4.24344501802134 3.04376180418954 3.49201812357593
  1871 4.36756398394550 2.67597806696748 2.84184042184195
  1874 4.09424662337718 2.64245179568618 3.31507387483499
  1876 4.39546971066429 2.62101680930501 4.03162395819509
  1877 4.60925146354396 2.66678537313662 4.08660125683704
  1878 4.40255283852258 2.11367904360770 3.18837497143414
  1880 4.54932991841552 2.32672484760728 2.81534922437387
  1881 4.75010929707050 1.95118332325518 3.41292097419332
  1897 4.76721644450068 4.52042252949543 1.47833102975316
  1898 4.80766527111047 4.81709939023143 1.17744390774717
  1901 4.02020383445290 1.11324678935615 3.98399123538696
  1902 3.72660118600915 1.55435947607926 4.20297473974235
  1918 1.24949595956025 2.00175908504355 6.14710055937142
  1921 1.16144212951193 2.29702733797419 6.34073717494511
  1935 1.57886661627436 0.79501389492508 3.77785616236410
  1938 0.66825306960529 1.12303515763865 3.54854343367802
  1946 1.01966989585044 0.13280648019505 3.90668093110292
  1953 5.33379330633555 4.40748528445985 2.30086645944987
  1962 3.89992830302117 3.29419207263545 0.47937104248598
  1964 3.81841327329675 2.98112596097139 0.29929396199172
  1970 4.61751799940619 3.59321527554971 5.06443175984059
  1977 5.14997421438668 2.98965061202801 5.78556151185278
  1978 6.04358359392979 3.56981241028374 5.86169789982578
  1980 6.26194752245538 3.06772706859180 6.12529937761865
  1983 0.18494212477059 2.93678789172623 5.44929920560827
  1984 6.44167686908444 2.75473550379651 5.67852222992854
  1993 5.90493647203249 4.87581110042118 2.38443725801663
  1995 5.73497956083538 4.90687136459053 2.42725930580752
  2013 0.43283599444843 5.50759697875622 5.26864370647505
  2018 1.67691440552175 1.94697400264346 5.40509400772467
  2022 2.09495543201254 1.38513252495985 5.05745804241860
  2026 1.53835281391343 2.15949350002270 5.72186998986062
  2028 0.24721443499968 1.86268177376120 5.22691272024532
  2030 0.76881581142511 1.63122126841081 5.11905089506641
  2031 0.56225851687710 1.59433619059134 5.30679959645163
  2032 0.51239907328502 1.21150241696645 5.29799751370669
  2033 0.82779901792862 1.17727252025070 4.98872573546666
  2062 2.06860424080423 1.33950963217095 4.79050873267628
  2065 4.92375577066870 0.05511071707558 5.09253262375303
  2070 4.78590031682016 0.34165558715109 4.86356855275717
  2071 5.47300576200374 5.36054290345052 5.46186648520504
  2073 4.42038854770966 5.35801339426896 5.41384282248851
  2076 4.54376041620008 4.31542625628910 5.33507066119361
  2079 4.43001973921481 3.22582789428352 2.59116728403609
  2088 5.17863941871065 6.71884163300034 1.87634454421155
  2090 4.95825036729534 6.55626202177634 1.58837985949030
  2093 6.60812642039509 4.93986039732294 4.99363612000558
  2095 0.20474621665088 4.94034840399548 5.31391085210222
  2097 6.82168550159819 5.00509817665489 5.29374800475154
  2098 6.72859209238915 5.29376270270486 5.27583073854958
  2100 6.53389609613055 5.25833216355961 4.99249802032541
  2114 0.04001468322616 3.03387613250620 1.63623275775792
  2121 5.46988261020525 3.33392346179146 6.94208455747170
  2129 0.90859551873691 6.35650619919883 4.03145416910424
  2136 3.67996597126660 2.80429578876946 4.54952718938563
  2139 4.06091266008263 2.46268073890065 4.30203576815565
  2149 2.49022602149569 5.91693980450015 6.55333114435949
  2156 1.48334700672362 3.55596109951375 5.09113805396133
  2158 1.49420436198464 3.94172053942636 5.50110195305219
  2169 1.99016749264380 3.33282157856788 1.69567233140495
  2170 1.17783465045560 3.42886046556388 1.91748900282391
  2171 1.32477517474296 3.03665528187990 1.63232564422046
  2172 1.34338703365922 2.73789304055930 1.75893294552207
  2179 4.80808172337320 4.65310555867501 0.35200337446010
  2185 2.09282179533564 5.50746657689459 1.99175129635525
  2186 2.02032986940742 5.49826323032731 2.47056092835501
  2190 1.96046314596368 5.76725716947095 2.51275001618887
  2195 0.60011216207759 2.31285145620097 1.72282115285852
  2203 5.26884299428935 1.62142629401875 2.48806219250700
  2206 4.42212633278449 3.68721769126837 0.40631390294858
  2208 4.39301914151995 3.78740038947309 0.37359069497296
  2213 4.44861349197049 3.78690118616673 0.33354502368265
  2214 4.06194778274737 5.43225686657581 4.61668278613488
  2217 6.17503050921658 4.42217287964095 4.83028399857481
  2218 6.19786704695618 4.57489603033304 5.00838640158091
  2219 6.57166060180103 4.39621904222999 4.44846671187904
  2228 4.54662548629508 0.92432816333411 2.86696976188963
  2230 4.69236687965083 1.26671712359843 3.80877647440207
  2232 4.67735286910988 1.38589748967491 3.44915477895875
  2233 4.85917353961121 1.24368989480785 3.31057293474078
  2236 1.36812498831748 4.80659238678702 4.80726698509237
  2237 1.65503260855734 5.01952720525381 5.45801652642310
  2240 1.49335444919422 4.63907836816844 5.26485933015537
  2241 6.81707305487893 0.09431325445601 0.53995515645636
  2242 6.53945338436285 0.35853994251175 0.37721714534154
  2245 6.09329047672395 0.06833949387258 0.36991218997030
  2249 0.52772464056955 3.82962941120056 1.87410158366339
  2258 6.14133226995548 5.40734433943987 4.97934598494621
  2261 4.87385206411631 4.49119755287228 0.27110162955105
  2307 4.03936636385615 1.79282988077771 4.35941946466329
  2311 1.59988455404739 5.27399975215358 6.08531796818255
  2312 1.44713326939463 5.22114657946037 5.81650436114771
  2313 1.80991076019513 5.83073144204441 6.18959995182196
  2314 2.36384158154868 5.77786126652494 6.22952978120226
  2316 2.68902521199991 1.79576699399096 2.92849713096383
  2366 5.15086388340464 5.55602777916711 5.37203133291264
  2375 6.99500518612729 2.00550243765373 4.66788602782596
  2383 6.86100660959321 0.86361046473162 4.29607658355374
  2388 0.39258814833467 5.19472953038690 0.18396795813738
  2403 5.32535376423337 4.15084821849934 3.13799805697099
  2410 5.60808273642952 5.03344799550036 0.02664467459624
  2463 1.34264864248331 3.81145302183200 3.25553316317112
  2464 1.30453694161424 3.77620991788758 3.01097055940224
  2473 0.70458065464940 1.83478631984202 4.92080244884286
  2477 6.94587214628356 5.38850090683132 3.97883852554963
  2478 6.77784841048221 5.27693025173630 4.02943477711778
  2487 4.78934975087711 0.73838908560343 6.07478934712597
  2488 4.66152463435085 0.59852737773420 5.83024966295707
  2492 6.21981225940698 3.45262813196263 0.26286957963202
  2497 6.69139971494039 0.92665974542925 6.89962490180381
  2519 0.44345979756706 4.64173880594558 5.84374982350959
  2531 1.19938836719568 6.77595492585896 2.29190955774821
  2538 3.61851572788445 2.35855598466868 6.44637908004172
  2541 4.11596909504495 6.52623595434084 4.48879977891513
  2542 4.21835665517928 6.32453345352781 4.63952715974692
  2543 4.71341582708020 4.57534556539531 3.08877709142967
  2560 4.89522483209556 3.44694924577005 4.67527278811177
  2562 1.21370166877133 3.41086315653770 0.35297195115240
  2564 1.69070652825530 6.60647048596404 6.77720960269848
  2576 1.91603947042974 4.05504198647048 0.95045783452074
  2584 0.21549204260905 2.18033081823503 5.66556553561412
  2587 2.18405408136047 0.41859958303358 3.28712462241638
  2595 3.60675930994775 2.58052216339413 3.29627958852014
  2596 3.24147968679448 2.62901445857935 2.82546972741717
  2597 0.94393246529625 2.26919362688711 1.93936692799495
  2599 1.15406503694045 2.44755999592910 1.63352527324729
  2616 3.24124963421861 6.00069848926916 1.91796756300678
  2628 6.93266881021277 5.52828952167459 3.69359958417934
  2629 0.04816609095392 6.20253844041514 3.67599419606093
  2634 2.56925803825408 4.48101292145939 5.45013232065696
  2635 2.24013144260474 4.54470664322083 5.61465557504459
  2637 5.66388384592966 5.20240849888778 3.85420428278426
  2638 5.36996467954359 5.76143295184190 3.31984897430460
  2639 5.87046205938623 5.85127469813718 3.60336721894000
  2640 6.20767676288172 3.10623594738635 0.96388170490220
  2641 6.01726277863723 3.35137523592641 1.24311318590035
  2642 2.77555148741467 0.66048780240751 2.72496866063840
  2643 2.73321342598457 0.72758036218206 2.85396992953334
  2644 1.31148373644951 5.15186721825415 5.92075189143377
  2645 1.49266389009490 5.21780081829169 6.17016062181003
  2646 3.06305812197218 2.82749578076371 0.23794275387864
  2648 3.12767866344548 2.49518631381761 0.56639025312536
  2652 3.20128185561178 1.73668857105116 5.33565183692702
  2653 3.34498745106345 2.29454318387650 5.67452863437794
  2657 4.18118915242697 1.87367522933353 0.40789518033974
  2660 0.23412437658368 1.41678012788149 2.80211315035194
  2675 2.67663690203004 5.60132098097225 6.76798723420573
  2676 3.21870420514689 0.57060361580635 5.68207259108822
  2677 2.88462916761057 0.49293597249407 5.65891536713363
  2684 4.25974492146561 6.78147110247189 1.47839190908872
  2693 5.06711882601310 4.53934619455421 0.35174283370703
  2700 4.27661324051380 2.47508803831463 6.90127467877176
  2701 4.50873006511690 2.53699187145592 6.83485285724402
  2717 2.99149449516225 4.57018486996012 0.60013579305060
  2721 0.51467509162184 1.13444020046922 3.11241072869225
  2722 0.60409953041988 1.39289899459036 2.85681708497701
  2724 3.45820906576145 3.08567092002510 2.26681235541019
  2726 3.44107487938165 2.75597144258360 2.37994982976228
  2731 4.91549653341167 5.82331092367540 0.73285046999932
  2732 5.12264688834772 6.08951032441269 0.73810946894083
  2734 2.51174469607558 5.30118871717442 1.85869499814276
  2738 4.21272171841860 4.30596294412957 4.56932232110330
  2751 2.14833183841648 5.11422519682298 0.21244208901399
  2764 3.29551704746892 5.62668792342597 1.89181164642869
  2778 2.12779946692061 4.40377370628333 3.58794797882628
  2782 4.63238311435782 4.99924905990264 3.54701548368052
  2783 4.20856095559804 5.38940085520986 3.69925416453641
  2792 3.77223255568514 5.21251205313985 1.98922101041292
  2795 2.98857150978238 4.33222214569511 4.49651480040117
  2798 4.29102185554764 1.34211705586123 1.25545030099785
  2799 4.60198953316324 1.22172408865132 1.09136361860652
  2801 4.34803100834951 1.22485340639188 2.25897906454855
  2802 4.65470240364608 0.97268931868695 2.56866871231923
  2816 2.52640002547564 0.07881256378854 2.45740449493275
  2817 2.24916379582449 6.79881224738425 2.56821032445229
  2824 2.30702492155955 4.62943050997278 3.10033672528193
  2826 2.34341637482171 4.99405802165562 3.19135768864268
  2836 4.57496604470662 3.73937811796972 1.34441039408456
  2838 4.32009146053742 4.27710684345809 1.37195718995506
  2853 3.02007425236507 6.45286794928285 2.66384216482951
  2856 5.90559124377579 2.32168514680834 0.77314508779527
  2858 0.27954692001312 3.75143530376053 1.72420220453559
  2874 0.54919090820949 5.96809317314207 1.70493196137021
  2875 0.48939048188807 5.92373902770862 1.78631847826117
  2876 6.02723050547578 6.57888608724645 0.19950665776318
  2877 6.14475716409327 6.73139302157077 0.50003680967772
  2879 6.12903703534502 2.21638458890227 5.52628568254280
  2880 4.11999402735476 5.12769755501621 6.64576142940186
  2881 3.69657579610941 4.78640285967544 6.68830976131433
  2885 1.61005690910126 0.74791723989583 4.29623906255493
  2893 5.66048647381437 0.77805203937651 6.44102805469925
  2903 6.50070090040951 2.87051933249069 1.12041941827208
  2907 0.16953058725663 1.01066232447746 0.87412326901787
  2908 0.51699776562178 1.20771358759026 0.20326796006889
  2914 6.00385361089580 6.01130298733861 6.93623544031527
  2919 4.26789034453144 1.69804981351696 5.98494342447724
  2923 0.72402375684594 5.82675437027324 1.92015747732435
  2937 5.21885076693256 2.26989542895210 4.19246255403823
  2944 5.21434110452623 5.15238893141454 3.14164161432548
  2945 5.50210817941122 4.78277468808151 3.01173697375847
  2948 2.71760998637342 4.56962664364555 4.69671293771213
  2949 2.49156819680658 4.31449231522184 4.89946277760730
  2955 0.59475355981061 4.38497118548651 5.27839290382258
  2958 6.48705848315884 2.34873385267273 6.90359549185028
  2967 2.32288808014585 3.18676076109556 2.04112499220260
  2968 3.04358790069086 6.85654816023668 5.21639679933225
  2971 3.96452843576831 1.67089419983515 1.15110796157369
  2972 3.93690002535922 1.89018277464334 0.66157832785325
  2977 3.70839674367888 6.45505753513953 4.30716133522867
  2978 3.75930188861400 6.52312317941366 3.65987979745394
  2979 2.79739658138023 4.16603492429025 6.38883425238395
  2986 2.47650476700988 2.92724684345497 6.42835903823984
  2990 3.30390159969189 2.56846262450939 2.27108650870061
  2997 5.03243458316705 2.98280921302880 0.77804605870163
  2998 4.92799470954668 3.40083356323323 0.80549056034835
  3008 0.89423690043734 6.87389616472698 1.75109099086048
  3009 4.44291990441349 5.27834622804966 6.15282431867974
  3012 5.54391466046959 0.19547919415483 6.91578018324947
  3014 6.89139261081522 3.57563046367870 4.96498118590432
  3017 5.40938020091941 6.37205782974291 4.31361029380833
  3020 6.52580477606422 2.89276951574509 1.50327713964494
  3021 6.20173575028546 3.27516056691726 1.67197236380987
  3024 0.95661063090855 3.14760615451698 1.20782043820044
  3027 4.37816780286863 2.87271285214324 6.78506880932637
  3028 4.13498303768485 2.77356558368445 6.87355128378253
  3029 0.55119651745857 3.58718349899668 2.22288332494849
  3034 1.80532302227312 6.26566049866954 5.27240543815532
  3045 5.47080739259006 5.24300170652023 5.30076998015699
  3061 1.17170358045288 1.26673002215279 6.28685083367127
  3062 0.68561085944652 1.28034883125541 6.06846205907729
  3066 4.96453273599550 6.31660140867876 0.05644501605159
  3069 4.32323518954854 2.39975313167395 3.89718975534050
  3070 4.12667929557494 2.41699541967266 3.44473755439212
  3081 3.84512725175854 0.99675292607635 1.76649891052577
  3083 3.63979728861876 0.56720157401253 1.71114499138889
  3086 2.06556390053542 2.04447107081589 5.13871601586062
  3089 0.65062104752251 5.64420243099204 5.53129462258322
  3099 1.15663292154797 2.27219591753572 4.96023644460813
  3100 1.42804352374391 2.02660366583392 5.37540328479452
  3103 3.38104557619387 6.16322439758347 2.64068885649408
  3104 3.30397760520030 6.28836891735953 2.43160306811852
  3106 2.00220340761781 6.78659282608061 2.20485611895556
  3109 6.98466581076984 3.69812131639566 4.67691095918699
  3110 0.43802857101648 3.97714130655224 4.77190292856772
  3112 4.10124159964425 3.63695078707968 2.82424392156614
  3115 1.62395242123981 3.66646563686049 1.95874721695091
  3117 5.30950093148070 0.14135228994570 6.47762744026377
  3118 5.59843345576586 0.32449506613439 6.57779249616787
  3121 2.54104905418964 4.78769501169688 4.47591329372467
  3122 2.63840686062835 4.74071516369739 4.17692640974967
  3124 2.61717015657401 1.71324719138213 2.84338929031349
  3125 1.54733283444920 5.17164796339999 3.80316120134566
  3128 5.70125175379059 2.08041493528615 1.20520619708800
  3131 4.06237767158267 5.75787408681156 0.33216270287889
  3140 4.81424779213255 4.71011767546956 1.90076988721629
  3145 0.25036966797343 0.45466836882164 3.03820477525916
  3155 3.96964359767019 6.56853704338900 3.55968100047307
  3161 3.32608017361804 3.35337537435102 2.43628061576854
  3164 0.22079512011602 4.74146952199293 5.61131527505613
  3166 5.65263405643835 0.33519659489740 0.82162657973934
  3167 5.75421415935075 0.41708137464203 0.61756699904575
  3170 5.20120757677648 2.65885052310817 5.96504588139071
  3171 4.80115773655402 2.53928335281149 6.07825843646206
  3174 6.35831539780781 3.02086457524740 5.17488941895119
  3175 6.88310905568159 3.10541150062380 5.01642658611895
  3178 3.43826907539569 4.44001832018210 2.73674777661779
  3179 3.62253040059541 4.63442286364472 2.96539623499047
  3182 6.96506217518237 6.24445001806511 2.44952332950834
  3186 5.16249328382779 6.52629929823401 1.07536976390692
  3193 2.01792448452987 0.73476711794944 3.31563710476636
  3201 4.05911549018361 0.22536530016204 1.88228795973572
  3202 4.41521131804504 0.46964426873658 1.94700959842885
  3203 0.58649780227352 5.63080086148271 0.58059323782317
  3207 0.16163102226494 1.33864579319147 6.41438890844501
  3211 6.26689383162038 2.44165129019277 2.48985358691461
  3212 6.12515060013462 2.73566486431745 2.67740813551505
  3213 4.59172561221909 0.39937765140048 2.94005531788715
  3224 2.11700426071837 6.42065400030179 3.16040896597270
  3226 0.68840186737611 0.53277573160913 6.81673365493801
  3234 2.14299888083772 6.44938142429318 6.91995389958294
  3236 5.48732343815560 0.69051794873946 2.27898957269557
  3237 4.89186474049051 0.40637285338445 2.47841883849836
  3239 4.53972100922017 0.17819559925781 3.66279754272553
  3240 4.59289473957159 0.47028790460052 3.95920819474846
  3241 3.39598275503093 4.83005312088931 4.97237735072638
  3243 3.83277440216850 5.41004097736560 4.62528342490960
  3248 5.47046175885623 1.21117258999216 5.44402831465863
  3253 1.01610726171988 6.56417264095248 0.41544590199689
  3254 0.92064850390728 6.34854195221777 0.25956290796435
  3255 1.76189239199062 6.46722576689245 4.67556361256909
  3256 1.60460948641489 6.52919015320904 4.95122953041452
  3264 6.43138786101912 6.43278820148384 6.41622135594943
  3265 6.62110707171295 1.65650984924137 5.13890686991259
  3266 6.54254458069035 1.74608623588755 4.85872837041249
  3267 2.72173272358929 0.17763949359898 5.42634864596026
  3269 2.10320206809405 6.09159294521381 6.87507698660431
  3270 1.61374501713297 6.04877505392236 6.64382280033614
  3282 2.46688807002847 3.94445383666241 0.36779259339212
  3284 2.31932068984155 3.85027945697882 0.05683870283132
  3287 0.04268705055173 2.70753488648184 6.68880488843397
  3289 2.48956374035396 1.95766303416722 3.54641638689062
  3304 3.46679141041146 6.67195249030218 4.33263614941221
  3305 3.55422657004146 6.73763071190792 3.68249870355480
  3306 4.36665999274922 1.17397528761203 6.16248558670989
  3313 5.72624151195643 4.69917499540893 4.14362956000387
  3314 4.86703671399984 6.75207779626598 0.82818220793204
  3316 2.04372882755608 3.22781696787643 4.88537108011507
  3317 1.61583222797617 3.31294911704419 5.12406948298152
  3323 0.83455398372593 4.54804270845795 0.03174630500656
  3326 1.53731943062478 5.67837811323033 2.79334031956603
  3327 6.56434095621147 1.10732367644923 5.88082413817769
  3330 1.00396856923536 4.57251522418959 5.84548676090157
  3339 3.28692477619586 4.62040820069524 2.29186778455816
  3340 2.73480341641517 4.64539889622831 2.25134446373167
  3341 4.99041312910876 0.05546239337429 0.00055967229967
  3342 5.27946074737762 0.01443841697062 6.82459722343245
  3343 2.54909299201632 0.93783115521388 1.68565695028133
  3345 1.08832376148593 6.94815392749627 2.15538241901393
  3347 4.55985272301858 2.24542302955615 0.39248280308161
  3348 4.71095223376009 2.59827937154519 0.96540203560124
  3352 2.92060543487799 2.40108638517756 6.92668830176563
  3353 1.73385978558622 4.71140108246271 3.97625785552802
  3361 2.94414776384052 1.48728747844429 0.85795571795875
  3362 2.05698236521117 2.17332698974688 6.96812861962637
  3364 2.48670253708687 2.42513245333668 6.71509249780317
  3375 1.86708953829067 4.29220606291354 4.81894477329350
  3376 1.71952275559815 4.38821661835045 5.26307668905232
  3380 1.09298108881844 2.90963187410880 5.29599120184916
  3391 2.79337619942811 5.62788300146952 5.52364240255583
  3392 2.62986388013428 5.36108433795374 5.26721150297590
  3402 4.98875789824185 4.69697890754437 0.42879187380748
  3421 1.86698782606797 4.27647119016520 3.64857481233819
  3426 5.48439908286896 0.49652904870873 1.96509387594101
  3427 5.04936036977960 0.23346531430961 2.00743496148139
  3428 4.21728191517866 6.80044023572745 0.95228914024761
  3429 4.08926264713032 6.75243674874526 1.13129473450201
  3431 1.67833744578133 2.10090820306348 5.71903031831129
  3432 6.13690464823062 1.32619860280741 0.25473203304345
  3434 3.65265013195088 0.31751306008857 5.51660780303403
  3444 4.31683643716361 0.50417388960392 4.73680776191779
  3458 4.80421803373521 0.40329712942270 6.24278861269100
  3470 5.50100249282261 4.25814668159892 1.15392404368682
  3471 5.07205355605663 4.79605465602672 0.97230151750146
  3472 1.00885943755979 6.98469895535651 1.47170382294655
  3473 0.82810241027230 0.40815869379692 1.22111493148191
  3474 0.37241408582713 6.49259585641396 6.95405593513117
  3475 0.31520702615899 0.02501567315016 0.14864844831454
  3476 1.29531257917057 0.61274323722793 1.22586544141071
  3480 4.18355588542044 0.01183852973041 2.76396989629539
  3482 3.85136687536647 6.97920346465762 2.32728327167706
  3484 5.34501357953360 6.80990896308876 6.04167261994894
  3486 5.95304861460086 3.22361503813883 1.95238850829420
  3487 5.53019231995920 3.24382394634812 1.81034988045438
  3489 4.60026549751418 4.62172189531695 6.16814047239647
  3490 4.52799330669373 5.16096533718436 6.24937507459753
  3495 5.56719641112624 4.02362782095037 0.95209973262259
  3496 5.45844699324353 4.03518679353923 0.64928408022751
  3499 0.78276863969013 1.40734665409495 1.94841509949191
  3500 1.34553978411605 1.19399062669958 1.64136746221767
  3506 0.76393774409099 0.80995830741005 3.43443235081059
  3507 2.33636148649176 4.25372858485182 2.46984314458905
  3508 1.85378819779804 4.20022087737885 2.39798856949137
  3509 6.93432198438985 4.17460806247824 1.75170972156206
  3523 0.87547329769953 3.49304566631636 3.52754164057290
  3524 5.72741539143667 6.02426769120349 5.49779481150935
  3525 5.84026297415182 5.63382825092756 5.49757872600107
  3531 4.69089976789388 1.64419192951737 1.65056944956534
  3532 4.97004283802158 1.46239768224176 1.34516093475341
  3534 5.90218346847877 1.47188348137582 1.51500601617934
  3549 4.77738118021435 4.64699365261446 5.04762512982475
  3550 5.27591951220490 4.41978176796028 5.22087824575364
  3556 2.27188279276470 0.63904572533867 6.38769203359997
  3557 3.47811071461702 3.72610983492013 0.25442949688301
  3558 3.78755270966369 3.95811279970676 0.20531240121008
  3559 4.64137291937417 6.97829279986571 3.82764618178950
  3560 4.40659907524859 6.59572997893661 3.89360862588741
  3561 3.88368841870295 1.21244333247916 1.29736669191934
  3564 3.06182986528350 6.40969275382269 6.44725019938609
  3566 0.00712820981922 4.70758080543265 1.57109230429912
  3568 5.63606278486992 1.04438288353574 6.67551758669797
  3573 5.23675985002014 5.28412644607366 0.64466962329941
  3574 5.16011363727777 5.10602588900909 0.32778467081023
  3578 2.52448475872883 5.87340288602022 3.79538313777295
  3585 4.93149115297615 2.89405272867980 4.85849234456095
  3589 3.18406063012389 0.35299375112129 3.11530914153873
  3591 4.11200221154295 4.06278584803841 6.17068560380159
  3596 4.04726780253261 2.28403476641508 4.12110891506663
  3599 6.15286551195950 0.68883263991537 6.27082339225908
  3601 2.39773105583782 0.49050250144668 4.80267497878196
  3602 2.68807669790797 0.21211327184227 4.53584702165887
  3613 4.86667042530983 3.34450919314341 3.33806834655199
  3614 4.96782722117011 4.01830536376766 3.45186780347898
  3618 2.62571406840487 4.06577558536176 0.30058552650177
  3619 2.55137028354504 4.02880744014927 6.91297160289112
  3620 4.98363606825988 0.24128386835453 3.03246706575701
  3623 3.75893206255577 4.02157277873835 6.64189357690545
  3626 2.21131600069101 5.93824506898123 0.69175683208124
  3627 2.29628492171120 6.18861361499507 0.76119401635427
  3628 4.90447418674487 0.69408188529723 1.29798258098116
  3629 4.71573568382387 0.33149488899845 1.70858577063502
  3632 5.40578954584198 0.98070995751778 5.60486507119784
  3634 3.27700585798670 4.12534410777276 0.67841919816696
  3641 2.64049238504198 6.27605633113643 3.48612454660688
  3644 0.18280924006762 1.14192944818100 6.78773346794623
  3645 4.71620354856647 1.63669560514705 2.05487998830391
  3646 5.13094157374393 1.42866500237519 2.34694974149859
  3647 2.08734102684214 5.51893630565420 4.77878306272710
  3648 2.06415394479626 5.55207251048533 4.99620912872920
  3651 2.30278357475572 2.66123549456584 4.71340627068078
  3655 3.48319026763116 3.56526558688154 0.33642229510255
  3657 0.29164260147851 0.10409721539182 6.58535539495349
  3658 0.27470226544148 0.26180207254379 6.79627874726299
  3659 4.73356486905154 6.39033331687853 0.44098627987097
  3662 0.83498713341639 6.27407159693499 6.48771340081681
  3663 1.20142850537094 6.16496759518695 6.76279987611771
  3665 0.08070257429671 0.72513057723251 4.80999821642452
  3671 0.21631187086488 1.27783013354141 6.99304018945751
  3672 4.40262691221893 2.94445109193871 3.92048309711720
  3674 0.66691830677867 2.36333956474890 3.57896171785986
  3678 6.03836021229569 3.08944549227134 0.14131388456297
  3679 5.95927089861942 2.72302597079914 0.68767363527445
  3683 6.48087924795131 2.61976393026571 4.58270339623552
  3684 6.26909486180289 2.02614133480827 4.82239127281775
  3692 5.23626243246660 1.23226560654085 5.04551780049929
  3695 0.19822651513819 3.34019364543181 2.19377736002995
  3704 3.57537257010121 3.74062540398045 5.48919548651694
  3705 3.69282242609279 3.79356277456355 5.05400547044797
  3710 5.02981060814909 6.06599467371200 1.58968532123370
  3714 6.46126260802457 5.54053057559705 5.89073081832715
  3717 6.77688341205703 6.42522382267128 5.27608904597549
  3721 6.88714691683889 0.57531895516442 1.03254683323353
  3722 6.96399977907308 0.16114528252097 0.82289548737896
  3723 6.24219392267151 2.91084328838017 5.06718337901511
  3724 6.04484162068541 2.28103599707017 5.30434447859384
  3725 6.31214952177058 1.32849983588892 1.47477242900760
  3726 6.47872599334971 1.26873843503129 1.96353497488242
  3728 2.26661591853559 1.74823086747911 5.02528245454204
  3733 1.85307013131227 0.57269749144942 0.74646078738099
  3734 2.05184604046275 0.35636884229822 0.88521550478853
  3745 0.39761668380945 3.60993905571394 1.33509820807480
  3747 3.10393792537892 6.33029010146367 5.51921325401487
  3751 4.34291862809631 5.30491641317259 2.25781410251822
  3755 5.45980211817193 0.87508865026083 0.24118970685328
  3756 5.82301863784414 1.11813569267552 0.53164654041257
  3757 5.64432721319808 5.42195439029435 4.35330887778380
  3758 5.89462453038673 5.21318576469376 4.92249971962768
  3760 4.10264929700181 4.25082284625860 1.54078914224678
  3762 6.92034332731203 2.21362426528396 5.82295606157615
  3763 0.32837473892072 0.06263803368941 2.60385770588152
  3765 6.85798162898541 6.08966748002997 6.00032123845107
  3766 6.77454295455107 6.39688290776373 6.35049860467514
  3771 5.74570727322500 1.97624801867880 0.50316146033950
  3772 6.08084929686357 1.80252499291125 0.25329330760543
  3776 2.25688372415596 2.79308584037276 2.08176595056978
  3782 6.39310437053719 4.73222697955728 0.71426233271318
  3783 6.33677092864641 4.75099286955983 0.34255671261067
  3786 5.44574707516660 2.36380181341078 4.01915079570461
  3787 5.26874473281289 2.41754968530495 3.77591867298905
  3788 4.57357264421579 3.06183542132602 2.84303373813403
  3789 4.49077281364599 3.25321422412052 3.21797403827205
  3790 1.05574781597457 1.95764652551460 2.05478918301408
  3793 0.59825462344898 0.93771128520368 3.08033778912346
  3797 3.60496256879558 2.18737500953719 2.04821338408830
  3798 5.32276494201668 3.63915052062649 1.19017106730602
  3799 5.58001795913826 3.28708190724957 1.32373758432144
  3805 5.06431834021602 1.65068620351242 0.78480182892279
  3807 5.14113176981476 1.70342717507727 1.09262707419897
  3809 2.66489253849557 2.35447903777650 1.08011260582354
  3812 2.82763855851612 4.83460478424843 5.40157485609431
  3815 2.04432755252003 6.87915369272552 2.89029322720142
  3816 5.18080831142514 4.26641279500909 2.52959807465460
  3817 5.21654448459347 4.40985501675995 2.94146272007120
  3818 2.16210440387189 4.93230185852961 1.31084363092623
  3819 2.19587881148027 4.89491109397358 1.42994803227840
  3820 6.81659675433124 2.71154645799457 5.78931418237755
  3821 6.88926561153481 3.00385183188599 6.26513373233267
  3826 2.87905072955654 1.39314221711938 0.83189055268723
  3827 1.89811235560292 3.10542887359255 6.13614519249356
  3832 6.00005807379187 2.55773450489600 2.14002646461915
  3834 1.09952584481466 6.40493598116084 5.00247833414919
  3836 1.38704308229011 3.48925710156906 6.53444016094351
  3837 0.95134941037410 3.44372337711220 6.51063910319043
  3838 1.12963949557306 6.21708987049339 1.82480569009040
  3839 0.79033529134375 5.89271009576280 1.80259671584155
  3842 0.05918847412055 3.42597289102806 1.91665270144619
  3866 4.58347439338671 6.91297780201512 1.03458646307821
  3867 4.57455091543149 6.85977513025594 1.42099725010666
  3871 0.38955195060353 2.73852387987189 5.40302594353542
  3872 2.28825341068477 4.76666456961660 0.67823444645240
  3873 2.65135936493159 4.51245133112080 0.40699171941552
  3874 0.53849631880926 6.93243169326974 4.80848815004513
  3879 4.55826744561916 4.46739231274506 3.72323786281212
  3880 2.82240297359281 5.91529230788859 1.67747999050494
  3885 1.08835544340045 5.42820676440535 1.01874993332009
  3886 2.08382694885799 2.17278280430660 4.78536204090138
  3889 1.06563971635492 5.80030935635313 0.45094689995851
  3890 1.26673742286553 5.72081319081343 0.60535122707060
  3891 3.28097108060742 4.44013835993595 5.86483370037777
  3892 3.29873097942087 4.46531807704014 6.26560755036817
  3895 3.95424817078681 3.46328900226854 4.21176053049902
  3896 3.68583418503404 3.30689583767703 4.51509836798428
  3902 2.01874148528674 1.30582410647194 0.85763342836295
  3903 2.50258847649292 1.12314541899585 1.21749534446403
  3904 5.84242480967942 6.83007243650851 5.86576906901498
  3905 5.99011564037080 6.37609055790962 5.79333631458026
  3906 1.40098956353116 4.18686887952273 3.28053091615313
  3908 1.47912856475325 6.29086013129836 6.63367537595004
  3910 1.50507348979836 6.06617453114648 5.45801687744546
  3912 1.37396493518742 5.58400577283688 5.41628854741763
  3913 5.48331841054808 5.84278083315566 1.88413051242430
  3915 2.37610920633888 6.24124892225099 2.81505136048572
  3916 2.42671330566099 6.38759268104065 2.61115727116885
  3917 3.25240684854005 1.82686219307424 4.95304573544055
  3918 2.73400601523883 1.93073289576330 4.53532373541980
  3927 2.09716865416526 5.87775095358355 4.54584932356165
  3928 2.60461353287240 5.90513547135604 4.27058448182775
  3929 1.30650587341553 4.58788345413014 0.02131531801907
  3931 2.20748264985352 4.65432274832008 2.88434139659855
  3932 2.19273065270848 5.04315341651854 2.87891274921672
  3933 1.24734097159197 3.97596553886246 5.59152126233540
  3934 1.09076295615829 4.39769230232319 5.52289469855915
  3936 3.24855350397213 1.80098094255885 2.81919921172803
  3937 3.31051855205739 4.93121967928381 0.27893490264273
  3938 3.36013396097432 5.37028380141285 0.64566751749379
  3943 4.10466119458823 6.44961407643624 2.68705926081151
  3944 3.83600746976753 6.56125793758607 2.31281234145632
  3945 6.88258587452148 1.56121123100617 2.10325805106327
  3946 0.03102924824626 1.87167830415741 1.73759497205667
  3949 2.87199361762121 5.59981830471825 1.65149275986704
  3953 3.73777691888728 1.48451255399980 1.21401590184006
  3954 3.50904773495166 1.39548720949111 0.87976190191052
  3955 3.50611876303523 4.49596851255492 4.71918270102630
  3971 0.32867095434653 1.99570794073086 5.02631905686651
  3972 0.43590339516826 2.64572537216113 5.12096227024829
  3973 6.09060610781484 2.20262629792257 3.18057204080483
  3975 5.11130187257787 5.15868956412564 4.06584837861787
  3976 5.56175247545099 5.15346790646749 4.06164110867553
  3983 5.30086939809672 1.60083505266261 4.53868187302565
  3984 4.73172738698622 1.55690474213276 4.08899392156436
  3986 2.15448200231799 2.47077737472680 1.08554116977389
  3992 5.01072407016707 6.17365122513290 3.02143240369634
  3993 5.11568505144238 6.46536189833118 2.85310683458152
  3996 2.74329764177553 0.22890570865849 6.45871442471613
  3997 2.57906986108927 0.27214493355250 6.26296477188875
  4004 3.08235387808881 5.40874185739877 3.74875933490670
  4005 2.91562773826095 5.38830087529537 3.85789696088665
  4011 3.66395084902000 4.08442793729683 2.55170809992281
  4012 2.86991319064104 6.49159591760300 4.44692885657282
  4013 2.78589402436510 6.58143778995231 4.55052478708684
  4014 2.41250924451119 5.72188176486190 0.70154176448676
  4015 2.74550934328470 5.79434248286099 0.82708504299358
  4021 3.13918269191808 3.48923342928787 3.12937142346841
  4024 2.95532254365893 6.57913235644530 5.27915300249866
  4030 0.64909117745912 0.89732243191746 6.78829856792405
  4031 0.66379821050487 1.08596821405688 0.14149452520067
  4036 1.22321477929097 3.46709276739517 5.04882084224965
  4038 1.76875973191920 2.43346995463337 0.00932308508923
  4043 5.05653381814108 6.08235934078144 4.52301414245246
  4047 4.28030138704437 4.16540861704248 4.34634689588957
  4048 4.79157555432789 4.31519216530702 4.07570718864901
  4054 0.27763304136316 5.89014330057982 0.90192590827211
  4059 3.29829315981892 4.07821506672568 0.96671858257935
  4060 3.98790869070072 4.33513942448962 1.38454434498949
  4063 3.51727857623694 1.66040236673566 2.40007412493950
  4064 3.89831696513252 1.53034497902283 2.57189515904019
  4073 0.63763163375571 3.05041019727711 0.11527428606289
  4077 4.27116642293172 3.79340075800991 4.46615024057339
  4081 2.04332784817515 1.05091845846709 2.94168539696989
  4082 2.03629875595532 1.41713151029407 2.99923604350068
  4083 0.98249140445385 6.76536259553269 1.38691548917776
  4087 5.66973532892328 4.62008262542429 6.06102527415678
  4088 5.55066103988518 4.65289757673680 5.94280222514369
  4092 4.02162620042802 6.99992057355579 0.85994349746359
  4093 4.14599713022064 0.56264959707622 0.70278033126343
  4099 1.48691987564896 0.30256586565887 1.43319398925262
  4100 1.92351072982175 0.13062290304188 1.20195984410456
  4101 0.18720318717296 4.86013290108052 6.32589597900286
  4102 0.37642057208989 4.78645637249587 5.84817872794275
  4103 4.77717987726148 0.72051583617881 5.14509599347492
  4108 5.71680428432242 1.33224808155587 2.27294069645757
  4109 5.66680294394998 1.53512957451937 2.41784494530923
  4113 0.05236634165533 4.83544287549618 1.11269509488724
  4116 3.07564554653214 0.96701876282257 5.46717858494118
  4125 4.45658828810308 1.31986707785336 1.40721133798902
  4126 4.66973535722854 1.22120047449867 1.23308234892717
  4127 0.08006198644114 0.85025275631079 5.63366039369294
  4128 0.14162567368158 1.05873921733458 5.25265719501852
  4129 3.79276428185269 2.56389314389837 0.74318525262710
  4130 3.95794369888259 2.38599544354576 0.75587546115616
  4131 1.47780569296913 2.64235284055586 5.78872490690325
  4132 1.80789846190716 2.82677018193441 5.79237008226637
  4149 4.74652465981909 3.32857235696878 2.03037706735930
  4150 4.74147822124972 3.41704587100923 2.29146032787982
  4151 5.95527673739593 6.34019253622474 5.17123925704256
  4152 6.10444490094551 6.50563788868203 5.42166286763708
  4154 6.31124780656579 0.47413137759141 5.92271694861727
  4161 3.40775336590980 3.31564893191244 4.48995828126739
  4162 3.14284245005841 3.45829644192782 4.06367906027002
  4164 3.09437724687368 6.30389825927147 2.89132708665443
  4165 2.85064886634726 6.11480995919743 3.03138588078439
  4167 4.97610393257868 3.38071942427014 2.33969410501066
  4168 5.33736103108565 3.85347801466878 2.50513675265602
  4176 4.13791394123784 6.08076147384906 2.92438943498937
  4177 3.98831540640605 6.26588547427696 2.89119591629909
  4178 1.77368017352933 4.75896210956958 4.40336325789882
  4179 1.63646439128969 4.57891936610156 4.53165769165117
  4180 6.19307053341160 5.86032108387269 3.37352319060177
  4181 6.09068648805931 5.79610050335496 2.89612621378749
  4184 2.48156196184498 1.44140796527488 6.34189340184474
  4186 3.38271595296470 1.06006707647259 5.09781160135933
  4187 3.85513588237564 0.59832678580267 5.17953144977140
  4188 2.88955870895535 6.15349172611771 3.28017104797596
  4189 3.16270436924663 6.38423719511321 3.24318930187531
  4190 3.83709784390651 0.09084873110430 4.90678832496387
  4191 3.92003740105959 0.41311090497112 4.86432303511236
  4194 1.06357887376303 6.14411910403590 4.34319850852455
  4196 1.03591953912158 5.58074146454242 4.26563678010251
  4199 3.26460993568466 6.00821836587739 6.69211921643395
  4203 6.81417061253064 3.48813394256474 0.66068716635522
  4204 0.04597466002277 3.90279563631474 0.86507004597008
  4205 1.49411548761706 1.74710749644220 2.89720500248716
  4206 1.84637939756497 1.47934666217996 2.81514688381942
  4207 0.85701663696109 6.34196961481513 5.64436559076519
  4208 0.51075180979249 5.97306661548508 5.75877217001643
  4209 5.57699900398193 6.14849394159500 0.86848925291106
  4210 5.21999928420375 6.22928850838752 0.99320737584079
  4211 0.03577145451277 2.89311146046669 4.72070809607488
  4212 6.83530330220067 2.65011999489397 4.52739977443624
  4220 5.08798120417543 1.50112385742867 4.95969542033425
  4228 1.03692558540121 0.48887141873135 4.71435057790362
  4232 6.92175313459796 0.27378410952813 4.96179784272026
  4234 2.56461479799629 3.48148704160566 2.95189598086982
  4235 2.98450913063006 3.31746963586536 2.97870562062160
  4250 1.63664994078968 3.91047706766718 4.45395147812964
  4251 2.00104249153477 3.63061937226973 3.92582129381147
  4256 0.63946576728878 0.40177225485605 3.57980921297432
  4262 1.10651887479990 2.89242772308368 4.81419827720943
  4263 1.26404020136516 3.17129848274723 5.07303199570957
  4264 1.26266465260175 6.27656391487872 2.11171214755377
  4266 3.69090572524112 5.42241969511880 1.72323423115840
  4267 3.65481878848548 5.19985847119694 1.40147084688901
  4268 2.43665505408291 0.00683693795190 6.20098253678527
  4271 5.73313982484516 6.99677848606093 3.45005922284104
  4275 1.13931087145699 0.23685052385193 5.05562743517526
  4276 5.30737189248617 6.36958147667830 6.06792200772396
  4279 6.78080316481616 0.81564711214977 4.58789230852092
  4282 6.43255548465405 1.48865215321394 4.69841481571990
  4290 3.17170352079606 3.80229686077017 0.58578848025540
  4292 3.22708985204424 3.83397296444876 0.95157746645585
  4296 3.80831993184038 4.08546168459812 5.03687342851015
  4297 4.14995225776443 4.05280257151203 4.89653689177275
  4299 5.08371112048459 4.02938365007758 3.97325546733342
  4300 1.34939562864448 2.15800154509452 6.74325404874868
  4305 0.56480986355148 0.20078318282450 2.28232370443365
  4312 2.25668033399471 1.94197386532998 0.55540608778116
  4314 0.06025239294236 3.75308882080145 6.15729195406323
  4315 0.27827095345854 3.37762976385053 6.08494690250399
  4316 2.38702081728540 5.02805191743667 1.12052903777272
  4320 2.49001758114803 2.77271787587452 6.70647705214838
  4321 2.98521274661040 2.72177682601241 6.95388986899945
  4323 5.77764013576969 1.51366903670813 2.84888133368016
  4324 4.53170265344862 0.82577483332700 5.10202775907855
  4335 0.42755786090006 0.74554783807536 4.58596886325082
  4336 0.69477205837793 0.35197389663125 4.56102315587159
  4337 0.98154153056100 2.79638717229892 4.12725181512534
  4339 1.12322621447012 2.90509360494253 3.89480458834636
  4340 4.41761494932396 6.34533676250540 0.47950668712952
  4341 4.35298784374243 5.98317997862477 0.56078855942324
  4344 2.80991495525286 6.63614904577641 3.66720255775570
  4345 3.15663877484026 6.69160554591297 3.43143879823660
  4346 1.61647551284177 0.57750737890040 6.56668899417807
  4347 1.43538908712055 0.30555840906598 6.63262748487496
  4350 0.87201549081809 6.20360258669282 4.63291969333634
  4352 4.53711519037474 3.90719274741073 6.68585793387699
  4353 4.70287704477640 3.59250251597229 6.59096063102841
  4358 3.91385493194456 4.19043549081255 3.82552439629568
  4364 3.91860316492435 1.19649769203080 6.47635750348521
  4367 5.89201768775315 2.73993406946462 2.21662145877672
  4370 1.52449200891821 2.43620871805183 3.32172861888555
  4371 0.98108310853117 2.69793444470576 3.52199296971134
  4373 0.39768662377756 0.24546109436799 3.37015472765769
  4374 5.26957283584287 5.34523238542973 3.49439035438770
  4375 4.94479621288311 5.28010020126664 3.74040465737203
  4380 5.85811239211128 1.62911251972429 4.39106135928447
  4387 1.09713440496175 3.23246343223003 3.89777288121881
  4390 2.95697729280675 2.81135619070051 3.91677075981355
  4392 1.98613475057827 0.94425248862908 3.54020231098744
  4395 1.77209664973519 3.88126337400471 4.66592866438212
  4397 2.85543655941786 2.60514149181534 0.99382600556735
  4401 1.87702523131262 3.21958724079816 5.43204742288925
  4407 1.48336484270877 4.96071316544644 6.94882409933697
  4408 1.64582150396749 4.82713326359551 6.58242529693349
  4409 2.29185947439962 1.85230326989258 4.70365275724875
  4410 2.23273871955698 1.76061149915377 4.59763217935237
  4412 6.21686847948158 1.94437667438295 2.92619802700945
  4418 3.89391081324221 6.94192990948645 1.05948183281605
  4422 0.07759396199486 5.66226526519532 5.22659907467755
  4423 6.93736924887918 6.11274033668178 5.65616005868753
  4424 1.80110669154527 3.04481797693491 1.53832914716515
  4433 2.69420647368852 2.34435675140648 2.77600376482117
  4434 2.41738418341086 2.37147112197924 2.47041677528735
  4437 4.05829653431886 5.50255626653163 5.26021000444775
  4438 3.95561535770330 5.49450874369154 4.70737677431990
  4440 5.83469950839491 6.19752592835855 5.82348296765533
  4442 0.34169366741303 4.70355089788002 0.63882728857083
  4448 0.57418634149658 5.49996094676344 0.84372503587952
  4449 0.40054665002373 4.86055564701180 0.89454010244715
  4450 0.45690531040607 5.83655084978038 0.58556396841367
  4451 6.94812577824806 5.87828221018871 0.17906536004237
  4453 3.93842598306593 1.66798560830581 0.18243925228723
  4454 6.96458142956651 6.46207317933273 2.62457946505742
  4461 0.42689192020471 5.92871397462275 3.42909207329159
  4463 0.75978682909965 5.93817741860242 3.55374773902481
  4466 6.22544651732284 6.19158899457309 6.02075266499084
  4467 6.73340487184513 6.02652417946468 5.90597013045771
  4468 4.17447198547130 6.85088915594632 4.80842181009236
  4469 4.33284195784114 6.55576162977033 5.03322692878845
  4471 1.90951711388740 3.48485705162033 3.80263131570219
  4473 3.80448970131648 4.62133965269005 4.45132624410496
  4475 3.91029329715004 5.34773853011465 4.53987201563619
  4479 1.65927388308920 3.08709208165162 6.39146003804931
  4480 1.26785211569263 2.67137409248234 6.16066701389495
  4481 4.24684852951834 0.76352484380787 4.15605507147734
  4482 4.30408356331758 1.12195301476277 4.05753211476775
  4483 3.19506938251045 2.94306598010015 3.43556685196639
  4484 2.98672995101021 2.93180905634040 3.12397452175017
  4485 6.27056053712344 6.25520007759904 6.94299006483647
  4486 6.71521390696526 6.14559132127345 0.16290861431230
  4488 6.38853690607163 1.06713071878849 6.55804783452149
  4494 5.23548327247047 1.63569905442673 3.08551941610572
  4497 3.71548151211301 2.30241653974556 3.46253011396639
  4501 4.78417816341988 0.37296432859641 3.15871656008370
  4503 4.68091385083715 5.45657028115806 6.12569213654398
  4504 4.79335373023656 5.61931609868516 5.60311577203410
  4505 1.74493910474576 2.01284792160396 4.30769191597506
  4506 1.67667456331675 2.27998662726874 4.48882582208194
  4509 6.08303620151684 2.37533646679014 0.74525657422868
  4510 6.34964868745163 2.08100629028614 0.37496794750673
  4511 3.46517957619293 4.38979931952630 3.79254884069289
  4515 5.85968433334524 2.08164543506944 4.04544538271245
  4516 5.82468487832864 1.76454322493444 4.41890213553859
  4518 4.05051283107849 4.32608372457952 3.98470962420942
  4519 1.64894374514438 2.51884764085478 0.37801493008421
  4524 0.18674762724958 2.79271554081261 0.69617612421648
  4531 5.57260806880966 0.02751506946756 3.15755067176679
  4533 4.21262813235661 5.22076045987985 0.05915434817126
  4534 4.52307122373191 5.12174206892772 6.99419626458781
  4537 3.70017734218057 4.18828534825961 5.69256397070068
  4541 3.02010097761688 2.68587318535043 1.92326644698266
  4544 5.32119244193021 5.44631905446175 2.06066596744608
  4545 5.39285132260266 5.29365035427295 1.99695901648860
  4546 5.86679644574582 1.44510042895946 2.13386002910076
  4547 5.80816418867440 1.67057072415854 2.29715951704214
  4555 6.66657826056681 0.96548245668922 2.10109816302950
  4556 0.05949764184093 1.30720923089754 2.22399755541749
  4560 1.94093563643532 3.58774963708335 3.62523901834782
  4561 2.22951302497456 3.23153049417962 3.05962065018710
  4562 0.01336697587213 4.01098067185809 5.63113840492468
  4563 0.22119918673722 3.74598595606802 5.32305760846911
  4564 6.81948787954548 4.05888289131864 6.83854072681024
  4568 2.24121724320579 0.70648895034408 1.98489440591755
  4569 4.61822774612641 1.39591316075239 4.91389223686726
  4570 4.43847939412147 1.46245635902548 4.29700861817406
  4578 2.86105991844772 1.35578761617329 5.64369944379230
  4579 3.10161030179219 1.24851134858493 5.60617603170607
  4581 2.51614811138908 2.54852222858024 2.05013200363866
  4583 4.88743118052520 5.04569651556403 1.24546368098958
  4585 6.91065701281707 5.41741133599344 1.21176445168108
  4586 0.32743447360847 5.71631165062432 1.04549984511250
  4589 6.97568432815551 3.05147246026971 0.93132826332073
  4590 0.25532920183590 3.12884655284216 1.28030316613692
  4602 0.82793165304081 1.58421054196136 2.79406248119412
  4609 2.79934397461845 5.32874794352391 5.74130890149126
  4611 5.49373093891736 1.63077916922378 0.81232018925185
  4612 5.48541181949108 1.67319546937743 1.06174974018780
  4613 4.97921630398264 5.15990217887288 1.81513110783787
  4620 2.63933937127438 4.74663253712568 6.83128509916211
  4621 2.42907609698623 4.96225652833444 6.76801341700607
  4624 0.67890466667159 3.63321489906886 1.31935338100897
  4625 1.63286616038751 4.55072399114532 3.94193805301260
  4628 6.55189916801995 5.14430116879553 2.94548842993894
  4629 6.80209047248017 5.17362391821301 2.82310793259335
  4631 1.24215941138491 5.52844733075939 1.39189863791043
  4632 3.45562891789055 6.40165722490864 5.77785109875836
  4633 3.62205481949103 6.23476152824840 5.76371744645236
  4638 6.52622002067807 4.05776055923547 1.86616612910888
  4641 6.43648464633873 1.35346862444815 4.81713083379233
  4643 2.79604320691094 5.47175540395087 3.68574958485037
  4644 2.91041332347628 5.49564460880598 3.59118985631105
  4645 2.72412080393766 1.54511492212026 6.26849928510002
  4646 2.74001884864567 2.01768714145313 6.25412100587121
  4649 6.26498092030227 4.12642252813519 2.23559938470273
  4650 6.13822079059225 3.77478964931589 2.36829761677582
  4651 5.44415112282200 3.77134344939489 2.85650287058089
  4655 4.90621583033015 0.59783702942046 5.47293935314477
  4656 5.01791911307080 0.20345833889969 5.43033389826701
  4657 2.26570452632124 1.53189723409636 0.57325347567301
  4658 2.81293683607030 1.46897961161814 0.68922957649473
  4659 3.15154689033374 2.14974282941716 6.66792482904976
  4661 4.43078771645420 4.34981430872367 5.80545866149677
  4663 2.58872915656017 1.61965950642529 4.14738817038727
  4665 2.74750410354732 1.68152866258248 4.14585658983041
  4670 0.44412115192288 1.19806742700973 2.06643089673389
  4671 2.48868397320155 5.39058868531162 6.20977943471231
  4672 2.11344482002347 5.05187501603989 6.13553775262590
  4673 6.63029342689296 1.30930909563095 6.23507434158597
  4674 6.51378009770707 1.71474999483621 6.18449791493958
  4675 2.81012019953907 6.40076051697132 6.38682170519103
  4676 2.64662027868704 6.68967051988563 6.54585264090951
  4678 2.68202037657785 5.32959027217484 6.60343359235429
  4683 6.36498182306137 2.33801750359538 0.98448965681071
  4685 5.64701986570277 2.03737822615141 3.40258312779895
  4686 5.45969934395875 1.59554025212799 3.16550853812978
  4687 5.86384010919851 2.03179749572061 1.37585397485436
  4688 5.70692259267503 2.27683553542558 1.99685358974872
  4693 3.42799646089635 1.78563347007086 3.80420156603482
  4694 3.59436685714669 2.23580563430302 3.78639429179507
  4695 2.57442507790709 1.16531496607882 4.14734104423643
  4697 3.43342935242322 4.55108998055910 3.94675793175757
  4700 1.04567759225462 4.15925334004869 1.58276499597175
  4701 0.79982509514410 3.78073841892838 1.66254734556459
  4702 2.17405699811115 4.44052356985513 6.40559277931822
  4705 3.02396010492926 2.68338039011681 4.01425490012759
  4706 2.93320454634394 2.63651685429931 4.03052580792430
  4708 3.76415716179077 1.18889122820372 3.40301845271880
  4709 4.00810530083308 1.29273110191547 3.12957998324575
  4713 2.93176689599173 5.60342151659931 6.82042465738267
  4715 0.38303144371769 1.22673246772633 4.03315257227587
  4717 2.80476696615691 0.83815427949668 4.48844698179796
  4720 3.91982927274940 1.56417052392514 3.01005140279316
  4721 1.84443142351463 2.78767864461860 1.64973538618705
  4722 2.03819332159049 2.41762183516813 1.40522933803062
  4723 0.73663776959116 5.58283920710394 4.95395230119123
  4725 0.88817513242160 5.30646160181444 4.70185991667394
  4726 6.03432502380261 6.96801894091577 1.59667092576027
  4727 5.85687441157971 6.92210388702922 1.85456525253572
  4729 0.22504496475930 1.88866595887043 6.36680360488584
  4731 6.95913242699986 2.02724609028531 6.27681479127637
  4733 2.77613849703053 3.57506819949687 1.21452194069782
  4734 5.33324035432536 2.94290061751583 3.59334411577207
  4737 4.69417441774036 2.36588474569809 6.57155519125839
  4738 2.73238399322728 6.09654361735226 0.91570123539359
  4739 2.76099887548179 6.21141490469307 1.32078379865191
  4740 1.62623761754140 0.04414881970054 4.98953445993859
  4741 1.83415030408391 0.19319353354528 5.31360644422619
  4742 6.12938613413022 5.03256093416723 1.90327267727763
  4743 5.86126231925957 5.27543478038516 1.64956968474124
  4745 5.13180374732817 5.61068975631963 4.55934974524075
  4748 2.46578030935824 0.75174304439575 4.76972371281058
  4749 2.25759619629910 0.98627428777168 4.57732910764405
  4755 5.91313996818670 0.15238346712381 1.90663783818548
  4756 6.07645544881484 0.16665302698707 1.65388173670735
  4759 1.38236408239156 1.11217663286745 4.52281925124819
  4763 5.65996427665712 6.84070880662580 4.79407882457344
  4764 5.68551850554882 6.64849820695446 4.77347827532576
  4766 2.46006147786424 2.18163202276866 6.32484987828010
  4770 6.33196408219085 2.20517461919282 1.24577495906970
  4771 6.46347493275631 2.57792031409374 1.64990424583917
  4772 1.56076854961526 6.55413601470081 3.99448829140230
  4773 1.19190460576664 6.59660975706974 3.84998871989351
  4774 3.76252529824234 4.62171759688080 4.11922641279464
  4775 3.86561149300818 5.27509074438979 3.96692750512258
  4779 3.32434726046819 5.96300889601457 4.71159152574066
  4782 4.54813888569601 1.82007882324062 6.06939235804731
  4783 0.83412739398598 1.09282905538560 4.79589916652467
  4784 0.99538340288879 1.00822372717761 4.82642781920781
  4785 4.91457126847121 5.46481447306636 4.42551702672832
  4786 4.62806465853142 5.14505976902144 4.78884441988012
  4787 1.51748413883702 0.07236688354462 6.30417024298198
  4788 1.01490153677525 6.97580403543795 6.14993183328041
  4790 0.06872754684002 4.93271385170987 2.70726113264356
  4791 0.03704784716281 4.57276084191700 2.72239679686368
  4792 0.04228026800416 5.89035610560642 4.73495722510576
  4793 6.91368990541477 6.18649908312760 4.69559375746080
  4794 1.60832483836486 1.76605534798537 3.45036617353356
  4795 1.97209552727190 1.49573164238096 3.31900874188005
  4799 1.64193683267067 0.16934726711345 6.18983589475753
  4800 1.74936411731640 0.53993709609808 6.33139355112472
  4801 5.71461443830680 1.32790330644219 1.35927335434503
  4802 5.47831006433460 1.18381081730464 1.53813165332544
  4806 5.02051762150410 6.00244066815928 6.58076987477951
  4809 6.62169702425036 0.53773397680716 1.51944498465540
  4811 1.51721395311908 4.40727316515449 4.34343843864847
  4812 0.83201814635054 4.34272088259534 4.30125061894079
  4815 5.98557975689858 0.89920513416581 1.11851415643797
  4816 5.80614490948469 0.63623165003119 1.23117446907236
  4823 0.67608410868363 5.71282660403480 4.73917755045557
  4824 0.81122304537912 5.45736170997886 4.50805888163939
  4832 1.54456176577550 0.00103109758088 2.80332689263613
  4835 4.53049565388605 4.67053312888835 2.07885990743920
  4841 1.92339142701141 0.37385536197375 0.46265591943161
  4842 6.59333244465425 1.49956234101942 5.15391932799232
  4843 6.33494263217588 1.43961696983630 5.53223187791385
  4846 5.89028645232925 0.49145482119845 3.78200953400915
  4847 5.83732698678586 0.81247737497701 3.65513699986970
  4848 4.48493451997636 4.57133317154565 2.86420485016897
  4851 0.29479957627153 2.06687689466161 6.66267773951814
  4852 0.01033923932806 2.31353275700478 6.66248359010054
  4858 6.58783364959482 4.37968017367598 6.83528861789048
  4860 6.58689390402834 4.70614001928472 0.18582182894155
  4862 6.68914852684869 1.77866456081323 1.22643950718899
  4865 3.04012994522781 6.42247943949721 1.36172045434258
  4867 1.54267962767122 5.45058685586201 2.82690448681081
  4868 1.10148016359379 6.14307959802614 5.34778048443308
  4869 0.95620478620533 5.73962540002847 5.30619957510336
  4870 5.28126115930117 6.14983886764157 6.53981283287244
  4874 2.57316060350269 6.78281044258756 0.27029036695374
  4875 5.49038013339825 6.82686612953622 4.73676525005999
  4876 5.50523551499614 6.63812327275674 4.71278220973745
  4878 0.43155656405307 0.38464548994643 5.89140094544307
  4880 1.44965072849057 5.04497432498212 2.52121571864586
  4881 1.75880638077347 5.28900256941227 2.67867900096292
  4884 2.55378005699117 2.73132651255628 3.17096294203324
  4887 5.94074420887723 1.06684866726889 4.91312344574892
  4888 5.82282859879988 1.11125615895072 5.37830065666650
  4889 5.00390692458108 2.32662842835591 3.94636210937839
  4890 4.73789761041915 2.09058478221293 3.81851314791376
  4895 6.39210654030674 2.19355204779144 3.58752957208571
  4896 3.28936665962912 1.03223972191096 4.69519937538458
  4897 3.34422700632519 1.44973159237465 4.56008185708939
  4899 3.93077695168245 5.90968936954887 5.21096353758975
  4900 3.09930659984206 2.47484344127773 1.59627465975136
  4906 1.61143136776162 6.90325937666023 6.31546586871465
  4907 1.76534797535755 3.83783132634175 5.87151615506056
  4908 2.24883812545068 4.26475584234388 5.95219732709077
  4909 2.88048143919356 5.61163844975086 2.93485505640849
  4911 3.69549768979621 5.39400494775469 3.80224844094048
  4912 3.35556211245673 5.15370103631499 3.66230566099506
  4913 2.63216749259142 1.14605429114694 4.14347805642701
  4914 2.83305510272296 1.59657105343886 4.13439149706354
  4917 2.65230439027361 5.12007273382121 5.50547885152783
  4918 2.19134666974930 4.88373940259765 5.68179887703173
  4921 5.70299981900499 5.46087604994981 0.64934258633018
  4922 1.48882885654210 1.39022813578334 1.02604037509881
  4924 2.09410222171358 2.85625304468344 4.55979168034147
  4925 1.66535243129255 2.56462592071464 4.39611177640612
  4926 4.71923471319153 5.13579870045308 5.06859936891234
  4927 5.14400874817949 5.40801210258696 5.17055915910693
  4930 3.73580141573852 4.24446709392293 0.42189278638140
  4931 6.52677045280496 0.27858221332544 1.66126597728056
  4933 5.94249715574574 1.59253773763274 4.08999735902460
  4934 5.91260844186190 1.98925613800364 3.90097737183801
  4936 1.72113620555689 2.84472176291007 0.41688454860128
  4939 3.66228245770957 4.79094799509335 0.17222813640125
  4940 6.52793045685698 5.37526054607281 2.58178387954863
  4941 6.56153461759453 6.02834884040900 2.40609243760198
  4943 1.96016154735947 6.83755580967600 0.51910892023171
  4944 2.25811717968526 6.59911246584267 0.34871788452762
  4945 6.46729156593511 3.62923885949801 1.95186141685155
  4946 6.22693471601860 3.60008372976639 2.28020939609239
  4947 0.01209798628274 4.19191558023341 3.48877141980860
  4952 2.83281784967434 2.14142933945567 5.84020914298693
  4953 2.86325401395620 1.68772591020114 5.46717610654648
  4954 0.93859237321042 0.29349063675856 3.57562914457214
  4958 5.15958576390606 4.20968669160800 5.45732225029668
  4959 4.73904113653523 4.17142850080027 5.48816950265327
  4961 4.93772993560347 2.30023593001679 2.78815070863016
  4964 3.80785801963096 4.32623638552063 5.52500325964838
  4968 2.26280104128207 2.91020498644853 3.12873127505657
  4969 6.05479114951682 1.28944613674206 6.77632417297465
  4972 4.77455100147909 5.34635978471499 6.22196775016377
  4973 5.47052308629059 5.04534494554130 5.99115209060401
  4976 1.74013881147126 1.80349919565027 6.07326241474073
  4983 4.14732948656755 2.73136944206555 5.26688821620070
  4986 6.56209561503763 6.04547979330655 2.06527967030153
  4988 4.39235414988226 2.40589262647681 4.95245515068618
  4989 4.83433741849836 2.62987093198824 4.72343459603225
  4992 0.00407162607908 3.04167878935518 3.29451046441342
  4993 0.28694800285059 3.52050301769760 3.37781713772734
  4996 6.83166859251564 4.64213072938302 4.52215029542695
  5000 6.27133500830198 4.74862368470524 3.68044834732451
  5004 2.71858921028174 3.50790749514669 6.28608667624926
  5007 1.93093718418749 1.20743566721939 0.23452950224231
  5008 2.12977033760105 1.37711193057952 0.19210843685241
  5012 1.16000127995990 2.60609084617791 2.22601829014624
  5015 2.46488454653790 0.77273326341417 5.08167939214079
  5017 2.25708740705675 1.10851357505338 5.28076410494840
  5018 6.39842147498711 1.91171584235142 5.56502014509660
  5019 6.30305291548528 1.76895556219883 5.69262090164605
  5020 3.55667493147394 5.93195159263154 4.59820656317529
  5021 3.87791228179207 5.89538641895911 4.78421490783373
  5023 4.35711458653333 2.97229776303155 1.81513913564538
  5025 4.66583082857409 0.29515314753972 5.95824940258013
  5028 3.69993938380916 1.72762413355058 0.52536218366359
  5030 5.03575618903589 5.52965637782912 6.60116870568872
  5032 4.18673805169764 4.33170975010824 2.95446389284135
  5033 4.11458161084054 4.06095395200977 2.67591621210517
  5034 3.54148565737333 4.77746458450340 5.46738683256248
  5035 3.89791135806301 5.23552434889772 5.58854469699841
  5036 3.45330763018323 1.55300916010989 3.38743856849030
  5037 3.55611790762142 1.72032437703719 3.17986525563306
  5038 6.59298882635060 4.55672743866868 3.94569886821734
  5039 6.63587409348067 4.24827813713925 3.68111691845403
  5040 5.35697279641444 2.25356476509806 3.38427288688826
  5041 5.07770208829859 2.03421030519006 3.20070881606375
  5044 2.29230963722880 1.85030867529279 3.62531009901083
  5045 1.88380800168030 2.07154558087142 3.70469927099036
  5047 4.71913025474838 1.27823544176284 0.03379390585889
  5048 4.63288173757506 1.68237697988809 0.40625946347996
  5051 0.77686189245496 1.69123679679471 4.33844516891477
  5053 4.88104930038124 0.02212258451780 5.74137627064536
  5057 1.95669415539534 1.90838614325566 6.79346735311892
  5058 2.16429818934812 1.86935387101990 6.39680121756031
  5060 0.59211081498518 4.16030391129935 2.58787181291233
  5062 2.15442708991319 3.63374378206006 4.60758973945845
  5064 2.26110019749617 3.51443618602532 4.16557958358962
  5065 6.31483972068292 2.69194852959998 4.24498592421043
  5068 4.83503135761117 3.90556619925693 5.44478979766789
  5069 5.18927513914477 4.02916909522653 5.42445365740157
  5071 4.96109286244835 3.20657021904000 3.66309267098504
  5072 4.58308009183816 2.97195960506178 3.97044764597589
  5073 6.29140241227875 6.17615549936468 1.88508375597852
  5077 0.96731926441519 2.34542875816344 6.34092888684784
  5081 5.06034383444269 6.62786033465285 3.74538804069613
  5082 4.42896109809767 1.05327002170972 6.84814183515613
  5085 4.74547015465266 5.91558494876167 0.51730859383594
  5086 4.86619000262327 6.19608104192899 0.44798824050443
  5089 4.91659462758960 1.05287984307275 0.33851431118313
  5090 4.82210430670606 1.44501041301141 0.67859746270319
  5091 6.73059982692751 4.95704606820288 6.42833624188331
  5095 6.84415817602844 4.57969762168665 0.89070105095583
  5096 0.02222191253400 4.52271323448600 0.64129100571157
  5097 0.80701119260581 0.16912356770922 5.70836122690482
  5098 0.66804370728040 6.84965609921928 5.43509756800650
  5102 2.83474857019078 3.90237085318970 6.55840448439170
  5103 3.40414934191573 3.72929620200484 6.73801668741919
  5104 4.05777874700765 2.34002363228420 4.67390369784157
  5105 3.78984756342614 2.58134284590685 4.83574049269671
  5106 2.07737696678374 0.21653297373011 0.57055509377172
  5107 2.52323606786087 0.18193383144132 0.38355069192129
  5108 5.16833968014598 2.79174560593874 4.87043393260299
  5109 5.04634297885347 2.53052079540799 4.73198719452625
  5111 2.11185851847517 0.27895446237527 1.80902962116776
  5112 2.22530997006566 0.17572204445082 1.51332305580812
  5114 1.87084257567149 1.19019770762033 5.83951076349081
  5116 0.79359233831137 2.34677487518229 6.65632657221387
  5117 0.58046180012038 2.85684075704832 6.74669403670399
  5120 4.60265823630000 1.86512731342031 5.21978308675858
  5121 2.21707432771974 0.07200084972974 1.93349357872502
  5122 2.32998585240604 6.98541725068204 1.60803398315875
  5129 3.50225375953433 0.65966462448501 3.41782949634269
  5131 3.68012419888756 0.47980620349970 3.77154275431448
  5132 4.24672008422573 5.14817325821971 5.67329185808573
  5133 4.32021720903794 4.44666763685990 5.62475844810117
  5134 3.42035673457650 2.98914062993812 6.79402234856833
  5137 3.50891840894688 2.13266313098407 1.71089384361391
  5138 3.37071121430791 1.74979744073926 1.64976511460029
  5139 3.87277418982900 0.72540671900487 0.16181700170970
  5140 4.08543966781941 1.13744718796324 6.88255631990186
  5143 1.07879379706524 6.54561342447729 6.16193932974382
  5144 1.41229639268575 6.51237754185827 6.23195717320312
  5148 5.96480467680391 6.60744382607054 0.86800456878199
  5149 5.76382975327846 6.84615556597979 1.03093115819989
  5153 2.46777174129295 2.62603223105415 3.47076100928505
  5156 4.23068208745404 6.97642711924713 6.04352733114894
  5157 0.22940779586752 5.45871931744981 3.49081040229720
  5159 4.26619569988721 6.43323626967823 5.30725352100776
  5160 3.98722262374054 6.56335258884570 5.64783262877632
  5162 0.57921828358787 3.85542074609489 2.65803240946323
  5163 0.15252611504195 3.75536749159872 2.99509065578770
  5164 2.84707711896779 2.76233330971689 3.92788729278853
  5165 2.25843398770070 3.06891246982405 4.10135227131677
  5166 3.53373645350805 0.46095874508490 3.24669762034332
  5167 3.72817509164777 0.19983023265854 3.52795150013533
  5168 2.08290002079296 2.92733069874946 0.90626180277706
  5169 1.91824979010387 3.15712077997421 1.09759398330300
  5170 1.59177670060268 0.93340869433186 5.95748008552307
  5172 0.30605595028266 4.84988779837947 4.00937683809512
  5173 6.88386657622980 4.82194373496901 4.10502647849541
  5174 5.44413024742589 3.79874100415028 4.23083554763322
  5175 5.50520177770112 3.73131979797517 4.54724378348489
  5176 6.74410061937121 1.76902282621975 3.18118943715416
  5178 5.03865934009408 6.16682817187470 3.36003973096551
  5179 5.17021111116904 6.59402953342599 3.60118838667850
  5181 1.96056964932159 6.27977012789011 3.44840892116321
  5182 1.47434917653353 1.89687538967655 6.67619274036530
  5183 1.40542796965470 1.81921798931746 6.28611139687666
  5186 2.45796859708874 2.25749323421330 1.70963172776439
  5189 6.71026961065794 5.11202329233083 6.50200577429874
  5190 6.66203122517611 5.15644224925064 6.91221237074510
  5193 4.42903934748513 1.59611932296578 5.06838027430242
  5194 3.23785556522075 6.01640503146440 5.39587941346697
  5195 3.55785602161962 5.97251894097791 5.54687492946136
  5196 1.26748052619083 3.16346878677132 0.52952302289646
  5197 1.28762359405481 3.28362851444174 0.73503662185570
  5198 4.38277562548561 4.11023503153704 2.38029768402192
  5199 4.60047481755555 4.38889680602241 2.45498380711394
  5203 2.53076399734005 0.00389862863864 4.37183294953929
  5212 1.78195947003832 1.36746338948015 5.27094777770197
  5213 1.01819182571277 1.06416406974932 5.00022635427553
  5217 4.64604559286762 6.10686514019638 3.62699208251518
  5218 4.67794345655168 6.33803527825620 3.85247752344544
  5220 6.68607286012345 1.07487371879983 0.81917326520338
  5225 2.84151555711224 3.76717107024824 4.14867594740054
  5226 2.79445691322228 0.88163591570648 5.45626969971065
  5227 2.61871644582760 1.11140202726585 5.57056012950903
  5231 1.28821005939101 5.65197902920431 0.09595590891097
  5232 1.32504324628602 5.86852159127651 6.78788609364515
  5233 2.93864011362157 1.76635939518560 1.49748836020939
  5234 2.77907787044056 2.23361477875382 1.47718247349326
  5238 4.02486112231777 5.42685709939749 6.37766431737751
  5240 3.94805417282698 5.82304610087998 6.46824354618097
  5242 6.32928842224341 0.85402514687598 3.65436173748330
  5244 0.19885616801812 4.46347653247210 2.86720227727728
  5245 6.97024495452458 4.18070654441404 3.11320689442499
  5247 6.71866033897742 1.97139411963020 3.56116190304280
  5251 5.08889282261047 3.72550515080795 4.09175048339646
  5252 4.74600777130415 3.52482127354680 4.37288296712106
  5253 4.41353738316221 4.99515667678116 2.88367019867756
  5255 4.35235210048148 5.36200603360528 2.49416436743065
  5256 1.64325011256922 2.00452047942793 1.05753200863702
  5257 1.68663268697362 1.51366200089531 1.10453809017464
  5260 1.45824038798500 4.42162934971745 6.64496465704186
  5262 3.06782899638516 1.03142135315469 0.80644131856323
  5263 3.52195175088286 1.13862959287337 0.84833298069792
  5264 1.71786717410735 1.49832206605883 1.60630614753233
  5267 5.07914154018332 2.95127674025246 0.27022630725342
  5268 3.29270095775331 1.80670052671106 6.85565761233981
  5271 4.44231031917741 0.68208379647728 0.03394082030978
  5272 3.98675715776700 0.60474741780069 0.19813646227195
  5273 3.57824560940063 0.53764089358017 1.53489638777068
  5274 3.75972184115861 0.97473194929699 1.11146313354768
  5276 4.48567139067491 1.96587023187546 5.72643571327688
  5277 3.67378891936085 5.46905784356291 6.21146873752248
  5278 3.68807270941942 5.81769880267395 6.32635813979150
  5281 0.02679573324736 6.89987869992378 5.24562498429380
  5288 0.44571955044532 4.63846576973019 3.72767788614550
  5291 1.51709498185830 4.04861300699436 0.72237355660634
  5292 1.23364232637128 3.58700782127762 0.60335396664794
  5295 6.98604635169447 5.35743736672579 6.91666797839611
  5296 0.04140581977933 5.34578752848103 6.61357130231891
  5301 0.23839174723551 3.67542151314604 3.62695533147450
  5302 6.58034469876050 0.91289988834691 0.86400264571002
  5303 6.42828062477474 0.85993423793968 0.63541471209258
  5304 1.86462701895687 1.13221097252717 5.49551414414079
  5309 3.70868979873221 2.82711473264668 6.59456015986914
  5310 5.40333179981074 4.34961163145844 4.26584947347091
  5311 5.38778400471197 4.10235604869389 4.08315473599821
  5315 0.56208037415990 3.71444067494893 3.77962726210963
  5316 0.11889302589315 0.21975789250545 5.77365778824124
  5317 0.19800668511350 6.86678705271320 5.47299354760993
  5321 3.99035788163977 5.27050784842599 2.96396776532466
  5322 3.98625464673654 5.44298362560523 2.76053558072743
  5326 1.17882412837641 5.41166043104191 6.89057764067034
  5327 1.19341725168180 5.54554252690233 6.64323027243795
  5328 0.74186008730496 4.37190920818184 3.86131547458054
  5329 1.13820394920963 4.52354452219394 3.60864689950397
  5330 5.33227678469028 1.37985817838584 6.45033684973350
  5332 5.18424824819880 1.30294104086196 6.14318735491036
  5333 6.93940514223300 0.39014715408715 5.63989658284568
  5334 6.85625322421558 0.17079817552574 5.27237069713242
  5335 6.89467940861264 2.21131374393929 0.18784695288432
  5336 0.04828825647638 2.40841276771028 0.65909201055286
  5338 3.01043299102119 2.18819819495955 0.42621287205641
  5339 2.71261549314235 2.00995321277653 0.69371432793460
  5341 4.05322856038306 2.89752930127156 2.26676002830606
  5342 4.01710612111868 2.73828290582992 2.32692004893593
  5343 2.28437757478486 0.02124830503912 3.62019150098708
  5344 2.51811829919146 0.04214091163018 3.70616566197052
  5345 1.12102774369584 4.23247242898337 6.35433585465759
  5346 1.23747845569214 3.90491680937008 6.24397847145923
  5347 1.69558406190989 5.98963255947208 1.05604452891489
  5348 1.60172346785681 5.77507223924703 1.39014648442623
  5349 6.56322171375094 2.18524517522691 0.85003495051192
  5350 6.46994607211380 2.03307849904351 0.43075166243474
  5351 2.88718559455165 1.57572787715125 0.71773018159322
  5352 3.21828350071322 1.85894494669944 0.38383438131001
  5354 4.58393419244842 3.16456064925378 5.31006646665085
  5355 4.23200104753203 3.01869577947931 5.37208805334723
  5356 6.81304285138839 5.93200414551111 0.77202264241199
  5357 6.78071943364240 5.90612993427095 0.26661751079406
  5359 1.21684617912662 3.42369060629334 2.75891140949272
  5360 0.98699140934215 3.32320719603957 2.27310772093732
  5361 1.64169828636359 4.18312585134995 6.61392578011585
  5362 1.42803197773536 3.85581636314456 6.31238979246774
  5363 1.17895660500695 2.95028159807684 2.82315549903480
  5364 0.98490535028178 2.81172727982575 2.38942663782968
  5365 1.06814364960234 4.17482419753298 0.88524954570366
  5366 0.89207628846839 3.94359363636893 0.80980531328926
  5367 4.97428681189696 1.48383907366917 6.58711558183976
  5368 4.83891254452389 1.40298287294565 6.28340014398463
  5375 1.71556786598604 1.66916580333908 1.68815748315165
  5376 1.67431351441113 2.10217940693804 1.37702745087099
  5377 3.49448950494854 1.17019063753753 6.36017506255182
  5378 3.06854095202650 1.40701318551922 6.62436565286281
  5379 6.58887462088641 1.19668646941028 0.42171609115842
  5380 6.50761580107975 1.12688028913455 0.37838222772079
  5383 2.70229883866285 1.56303384243276 1.75876227533293
  5391 4.35442262644152 2.06399605484345 2.32944722851773
  5394 1.58201870046857 4.72527987671825 0.65355612990431
  5398 3.33626110105447 0.87093666788275 2.20438216000245
  5400 1.84700846093787 0.19362065142436 4.59780329124346
  5403 3.05601442802197 1.00294075881482 2.22287945114829
  5404 3.08106255360388 1.33925649901078 2.23080423689908
  5406 2.45675746023620 6.86772729581023 5.70314590724869
  5408 3.80812915320416 5.67707501714802 0.64342415696863
  5409 4.03821269027015 5.85587787434998 0.93182006431445
  5410 1.15090928230261 0.45594205504346 5.45202704975992
  5411 1.48007761089102 0.46474560808859 5.59824240929430
  5413 5.64045044961535 0.87104460678807 3.33951916426276
  5414 5.45074972683615 0.39689728532369 3.04146408701866
  5416 4.74778725944940 3.16220501227042 5.76202577939929
  5420 4.20098649064931 1.39724407343540 5.33475848666993
  5421 1.49671863717988 0.78123987300502 5.63158853231218
  5422 1.11076170062447 0.74528438865578 5.45481772831301
  5423 1.93029002926184 6.98236816946393 4.44330605929254
  5424 1.79164511350686 6.99500679667132 4.12134258477271
  5425 3.32364172123729 6.46402434233450 6.99840864546388
  5426 3.08544776169056 6.58030073842425 6.56615311399718
  5428 4.10591017448857 2.33249685744306 2.08273945100161
  5429 1.93381175337152 1.42089789800755 1.75946099088301
  5430 2.46718593231315 1.21197642651192 1.57321712381670
  5436 6.56974581907345 5.58469955487293 1.01262957485107
  5438 6.25186796327718 5.22927386939786 0.74666471996969
  5444 1.49667218512376 0.35521570253476 4.10024016112843
  5445 1.52439142123594 0.46984553675074 4.34432893273585
  5447 5.16954465683887 5.94712057982989 5.36866390572310
  5448 5.08174751627009 6.27962702385224 4.90389983364650
  5451 0.17794512990660 1.84241811092308 4.23310419621705
  5453 0.17806262744261 2.34531334882488 3.92726574185474
  5454 3.56923760064350 1.16541132135245 2.17502937915159
  5455 3.38208413011359 1.43343443507664 2.17431284691220
  5456 0.68139055841948 1.70133766963918 4.22403613757812
  5457 0.59225376789609 2.34244681658859 3.85630853873418
  5458 3.83067522564767 3.23865731949141 5.88691383093053
  5461 1.93952792610712 4.19348258205461 0.77131485314828
  5462 2.01181428817402 4.61298457178348 0.82923577649226
  5466 4.54854278421147 3.03030585961594 5.88586935414253
  5467 4.19418069664195 2.95909480189562 5.57688887558329
  5468 2.01566269782721 6.84829398613318 5.64221128378223
  5469 1.93900601213513 6.36516043118517 5.51777056107678
  5471 5.95288575113181 5.33801681302345 0.93934605620903
  5473 3.07816850306754 0.77208989594159 3.41008519943224
  5474 2.79776488164453 0.71535223300570 3.76382229140995
  5477 5.05437823773345 2.07141661554755 2.36142528313957
  5478 1.41970553045214 4.43755028193013 0.55554549651003
  5479 1.59915623619724 4.15390672118134 0.60669337929332
  5480 0.73577468111840 3.35101825645663 6.24207285005059
  5483 1.88967135979987 0.93853223853053 2.06970310487835
  5486 4.09640214651540 1.76522189406384 5.94741021882779
  5487 4.24317266757110 1.72405598375620 5.90112787853213
  5488 5.73385420331549 0.63556403225493 2.48568510710802
  5490 2.94146207815822 0.59096295328100 3.23326618486173
  5491 2.64486347183156 0.49026578465563 3.49629355617089
  5493 2.12594678997025 3.09272332527276 6.83728759920371
  5494 1.94821659749465 3.06548182871898 6.83718416149966
  5498 2.14514854558032 3.03666519343627 6.88455892419304
  5499 1.96814177574959 2.96988570339989 6.91924010089290
  5502 0.70000116770542 1.35598255596150 2.75135821059451
  5504 0.83250128004131 1.02270095091062 2.76200587103682
  5505 0.64486552253558 1.21057826197926 2.23323689024511
  5506 0.82203164691940 0.86025603907268 2.43628540653831
  5508 6.21875398342801 3.00283244216032 3.04333418166476
  5513 4.12939513990760 1.73468893746920 6.04746230710231
  5514 3.92825034882869 2.08700986863325 6.56848525913742
  5517 6.46724225290436 0.74052931925369 2.42086246767622
  5520 4.68157575584097 1.94645465986406 2.10575028740520
  5521 0.68924056491338 3.27810472364203 5.66113628090815
  5522 0.79182395653940 2.96074836538588 5.57336176176424
  5523 6.01491760137635 3.23194234316919 3.18938737175624
  5525 4.94789214100560 3.51250955269105 0.54385970188531
  5527 5.03045239851620 3.23631098877314 0.20326531029853
  5528 1.06167885136938 2.73091859702503 6.15465469846777
  5529 0.83077658795279 3.21934758839125 6.38321717861854
  5531 0.38698071755597 4.40864310390073 6.37924080959251
  5532 0.68032882925009 4.24792605157820 6.60632636414266
  5534 2.24278793206353 6.44036608727397 1.44214366216927
  5536 0.26238860706756 4.08118400176122 6.50348133513149
  5537 0.55893890922265 4.02243964710922 6.66121526405956
  5541 2.19736812340229 2.75566434797351 3.48588124248745
  5542 2.04922970907402 3.02047249698893 3.85401087354627
  5543 0.53651002281792 1.96271920849862 6.06973675163391
  5544 0.70802063090783 1.73879807518835 5.95711726438796
  5546 1.61470686731811 6.01765817072319 1.51168838367735
  5551 4.61526127247387 6.56972864473235 5.14840205274978
  5552 1.40469235648164 0.82549642337656 2.74669621469981
  5553 1.82763884347278 1.09982276460902 2.73578035716911
  5554 6.54688747911586 3.47596034517987 0.06697014538427
  5560 3.76556313418053 1.75029526989675 6.79001760764335
  5561 3.83313079839869 1.34398828236642 6.43977795298077
  5562 5.91466636891986 0.91827223364474 2.53597290061342
  5563 5.92529554545611 1.09318324171391 2.93623391204772
  5571 5.43642248173469 2.97208190046474 3.18330614675667
  5575 2.59283072728923 3.19313766162531 0.50399689273102
  5576 2.50277371553498 3.10577646914317 0.82004478975868
  5582 5.90953698811633 4.33114880680249 0.16153299415748
  5583 5.79720758212796 4.03253768134546 0.48720965039039
  5587 5.98719242287500 4.11482582987052 6.93487257326688
  5588 5.90724360769625 3.77585182143218 0.18723745150054
  5589 4.47419671325811 3.68717578994519 0.36751385340715
  5590 4.65735978161300 3.33336723413593 6.98854494796429
  5592 2.74721689409353 6.33064290417515 5.69913645612900
  5593 2.56322741076002 6.06830597808355 5.69198877765721
  5594 2.63395536088485 6.48174351397745 5.55909680412918
  5595 2.30710802173930 6.25805987514797 5.47193444885068
  5599 1.10559477075975 2.17339125434773 6.96477845798724
  5602 6.73557178663480 1.31355562489361 4.15369962147605
  5603 6.93858293255572 1.44442281663438 4.04054635320328
  5606 3.20422912737448 6.44815940105681 1.10801237250047
  5607 5.20101787545924 2.73778395113702 2.75488165563141
  5608 5.45999032508270 2.74967685687883 3.05051283921063
  5612 1.36243941956484 0.13676091010554 2.20562419427686
  5613 1.64896205358137 0.38030002056843 1.83933900863906
  5615 3.23853688995478 3.63784536046939 4.81217559568216
  5619 3.69546073758170 3.14633431595715 6.24443835826123
  5621 1.82006367233977 2.48991707298164 3.60152067005105
  5622 1.70829822824854 2.73505828926638 3.92079414207411
  5623 5.43505617917584 1.10168687835608 3.47876090826308
  5626 6.59623895146665 1.33922734230998 3.98099477446007
  5627 6.78108192218658 1.48240482031034 3.82787965902124
  5628 5.40630645706645 1.04716418951467 4.03304901282112
  5629 5.59153158333196 1.08906685018755 3.80571005001332
  5630 2.32846982848565 1.94492916639313 2.44296875141431
  5631 1.91033383296533 1.76095454414553 2.49711742156897
  5637 0.71574409739973 3.83059896748611 4.48249097499891
  5639 5.94845376629199 2.98014360155162 4.24862361693067
  5641 6.55913484429299 3.04102831180942 6.74572156865248
  5642 6.59974147304397 3.16583395854453 6.37940177108289
  5643 3.38664991076283 3.26809353024204 6.52766416615829
  5644 2.92525738956343 3.26589756482887 6.26713903043985
  5645 2.66290539166318 3.60023733433128 0.62717213255149
  5646 2.54879255216090 3.49570938359522 0.97078702972526
  5648 1.03727710679144 3.61410936961599 4.55548523029790
  5652 1.60000405659060 0.78196006806849 1.98854661929613
  5653 1.31486084192193 0.67294847829238 2.37540563362582
  5659 6.33768059418270 4.14536893786974 6.74501166455750
  5662 5.14596975633997 3.22325214314711 3.02480550755296
  5663 4.99859649520748 3.08128835388562 2.78283741225158
  5665 6.77150799923536 0.59111900198381 1.84107347857929
  5667 3.34706840702074 1.51115451552208 5.40130893077800
  5668 3.48853786731505 1.40475647208390 5.16118453999290
  5669 3.00170590582569 6.61255700809880 0.48158086999798
  5670 3.01747293956558 6.25939010208663 0.78462394807930
  5676 6.52233690201106 0.44892813064185 4.63982061130811
  5678 6.13048824180510 0.48535024444693 4.78254806591497
  5679 2.90312747699563 3.93454549639221 4.56044399028042
  5680 2.61061373049460 3.90536757825411 4.79573987004857
  5681 4.51692113569512 3.48494554563990 6.21594588590352
  5682 4.12927527505673 3.92955656102242 6.23264156963980
  5689 3.92697967182028 3.31227156375690 6.10351493936660
  5690 4.37397017882405 3.22850996654626 6.18868021412773
  5701 6.64456501804087 3.65700038595169 6.33711927634138
  5702 6.59529639455861 3.88101445692757 6.76305773181946
  5706 2.57584649978474 2.42360626257995 5.79945628066325
  5707 2.25124299866825 2.43865335949947 5.54552001354996
  5709 5.28325709889695 3.36006861794751 5.93621581919796
  5712 3.64402904728703 2.58012772208204 5.72807412479887
  5714 2.40164736098453 2.45288250056179 6.01572588279157
  5715 2.08365404033883 2.46246426136273 5.74655971600387
  5716 5.54074582410742 3.60919798994374 5.77753605796162
  5721 6.40176438543074 0.27378445328684 4.39454699899704
  5722 6.01497996647940 0.32018748864569 4.55938433969010
  5725 6.78716397690910 1.98161244485848 2.50813360294757
  5726 1.93450663491186 1.60172454972505 1.84818337460536
  5727 2.37959859305563 1.83935970882010 1.91222672541304
  5728 3.39216273948687 2.51043337133732 5.56288667315606
  5729 3.05637509043630 2.80100168630998 5.58579625511512
  5730 5.81024232873687 3.17249444735791 4.64506485509451
  5731 5.81911358281203 3.54087286541135 4.54879778965221
  5732 4.63508654743221 2.07274174436588 1.77484418654388
  5734 4.83511022223877 2.37618488400645 1.60623949462203
  5735 6.02971812018307 4.19547406633766 6.19552315663618
  5736 6.24571547714775 3.85218970026410 5.96934194907298
  5737 0.27260776851439 0.65900687399321 1.82851946255643
  5738 0.44187654541071 0.17401953359618 2.08321017118495
  5742 3.57946697769166 4.11855384189831 2.16682851805343
  5744 5.00188636689284 1.03121747747954 3.47572355387587
  5745 4.92694812785833 1.02659259323032 3.75790330906360
  5746 6.63648117803802 6.81951242694936 1.50823316379603
  5751 1.19216621604891 5.21151244016973 3.54870145849361
  5755 3.64497876165185 3.09854606638170 5.96856979518472
  5756 3.18870034830414 3.18146543186578 5.82182384280646
  5759 0.06120522326707 6.96628571499819 2.45405317973516
  5760 0.80184895715570 1.82712740308335 0.73046583511912
  5761 0.74785509155326 1.71475947915075 0.30943013668915
  5763 0.27281041757007 6.43272017282730 2.91733728252240
  5766 0.92986387637214 1.74754073740630 0.29396693367952
  5767 0.98853507730749 1.84603566571488 0.68443804232940
  5768 6.69261774048727 0.38656068992454 1.93744790395982
  5769 0.10699538943940 0.01695858687245 2.13504717005043
  5770 5.81096616817232 2.44747602613547 6.23062069464673
  5772 5.99290277652319 2.85947280342193 6.37019470684404
  5786 5.34189273927020 3.57902911587847 6.49458439104114
  5797 0.04842560122961 1.83822918361232 2.87183595528989
  5804 0.48454091911566 6.78535359327329 2.87404052510556
  5820 4.30851361592430 2.30712410938565 1.71709922332598
  5821 4.44853878315350 2.55514851742450 1.59793039312121
  5832 6.57651982645600 6.51181989456064 0.91000393186108
  5833 6.83091048441581 6.74911434375174 1.11957682376062
  5839 6.36972384708603 6.67721021058847 1.50072909324086
  5840 6.30847124017735 6.47450445279586 1.09362201304296
  5841 3.30119274988118 5.17480295154505 6.30633517344461
  5842 2.95254203909552 5.28253019643924 6.63363285388356
  5848 1.50482860337750 0.56996721579326 3.05584185548436
  5850 1.14943905625187 0.60881430559140 3.46886065636209
  5851 3.32668441680151 4.89499871515995 6.48750779943877
  5852 3.04378556121680 4.99934653171759 6.75023966791124
  5853 0.98438726213016 2.85610884678042 0.49635229335697
  5857 0.41342823681353 5.97137133344801 2.71685182465969
  5859 4.07131297731017 4.33765804892737 1.75988571800573
  5860 4.04706696038051 4.20506048242443 1.83622300931610
  5861 0.47477070469333 5.21663646055222 3.69670930267503
  5862 0.85647601214622 5.45468724890936 3.75251373716932
  5868 5.45660478322367 3.41141250064330 6.15546593983904
  5869 5.65024888811424 3.63683875011687 5.94266267055404
  5870 5.49525240630480 2.64847561459269 6.32258771840731
  5871 5.65395615437689 2.96519481273046 6.42137766549289
  5872 4.27810429165900 6.61566335996642 5.87074741645847
  5875 0.52031959391715 4.62281617227865 4.93438491846936
  5877 0.76758564871890 4.77779744053598 4.72321859687041
  5878 0.48877995045745 6.13618267769464 2.90406465940814
  5880 1.93823723620927 0.64826812382715 3.32770415607548
  5881 1.56049604991283 0.70523934336423 3.73428170236804
  5882 0.43042821031062 4.49688531819052 4.70624197201376
  5883 0.61348817839296 4.60391222560516 4.51719638537012
  5884 5.59203238049239 4.21050863705467 4.78748188049197
  5885 5.59684200317505 3.95506742808680 4.81494035835297
  5886 1.24268863869292 2.43035180903663 0.40148419645918
  5887 1.12878294353780 2.14445895407878 0.76948119188843
  5889 0.72652697395683 1.56857577204680 4.18707876357279
  5892 3.37931692718514 4.41792264421905 2.06062718239872
  5895 6.34581088035322 4.17914814041598 1.16570894629093
  5896 6.13651376189011 3.79413741867893 0.98442415026202
  5897 6.13629178541935 4.32064172661084 1.04628610784722
  5898 5.91430917477587 4.02661842262884 0.87309853830820
  5899 0.81628539242744 5.82610527025483 2.40479510466149
  5900 1.05250711160698 5.99151925119765 2.51275314792980
  5901 0.94083401052863 1.45044828222718 3.73873021082871
  5902 1.18209845948015 1.40235413403532 3.81382774807867
  5903 0.81178964138023 1.56487498931766 4.29430699620258
  5904 1.17822831789535 1.48624789532713 4.21402037257017
  5905 3.73303007741605 4.62049691460378 1.75139088127945
  5906 3.69908964248028 4.63665562344359 1.55910235953446
  5907 4.34751088378246 6.19197534857138 6.35606719975108
  5908 4.71641929402426 5.98873907578857 6.24488592306494
  5911 0.60293097756365 1.38659637324905 1.83430664214529
  5912 6.81160181445586 1.37289667190757 3.29345343814260
  5913 0.12741241689763 1.21415802558468 3.02793308127242
  5917 6.94808611671223 2.36534106467489 1.96053426222811
  5919 3.40456707364606 0.39632286196525 6.33282133607219
  5924 3.56714860934303 0.10581713717585 6.36436557030004
  5930 0.22466572250940 0.17288680473934 3.68550987733549
  5936 0.31238986020283 2.69018458638516 2.23907101684474
  5937 0.22295692700704 2.57604849670328 1.94303807093859
  5938 0.49105905366668 1.46764722757034 1.20871823228475
  5939 0.66570696439204 1.23241382869287 1.48591097958758
  5940 6.74325557026595 0.83312448103876 2.95406095871546
  5941 6.50982468571195 1.02345335657750 3.19933071776657
  5943 6.00575850883232 5.29678742072800 0.22988993693436
  5944 6.10808737898168 5.44239737959280 0.05688045912461
  5945 0.11832562717248 2.57558021514280 2.51055063914158
  5946 6.83832200527507 2.33563835295977 2.37232185489061
  5952 2.89776739526784 2.98232608699185 5.14464408701581
  5957 0.48979953492797 3.87613203775297 0.17174078810767
  5959 0.13139315941801 3.87622096311774 0.27443212825814
  5960 6.19471382819289 5.22587810178568 0.30235211928991
  5961 6.31193720755832 5.36894425556038 0.13677637465126
  5962 3.45894484076446 0.70935865441931 6.63252128454583
  5963 3.73887311880375 0.61471998703510 0.09657910446326
  5964 0.30732236334320 1.79534788409363 1.34581343148951
  5965 0.33035695963326 1.84112971158073 1.62029974148344
  5967 0.79609804104382 2.50784678086446 1.35826894304103
  5968 0.69852048013274 2.84163957795267 1.16762473078782
  5975 4.58549037935325 6.56655604034536 5.68352828231597
  5976 4.53256553658996 6.44974139906618 5.39682727542130
  5977 0.76105948999520 2.38906922390841 1.01997480889174
  5978 0.67975461562548 2.71286347855505 0.91846263864725
  5979 0.57125798827685 4.09704086778693 0.52976096085207
  5980 0.19408593232363 4.07410850127974 0.58709832712725
  5982 2.80641538081864 0.27525008598324 0.60290276140385
  5984 2.37352284809209 2.86648858961851 5.08316281377142
  5985 2.19796928865218 3.18013530306202 5.09799643812734
  5986 2.73260710378986 3.61733446223756 5.18054374400872
  5987 2.96202797089579 3.49573145937173 5.17711306259261
  6003 6.19710892257210 3.33461942230661 3.85311483896220
  6005 6.20647404222172 3.58213736009872 3.93350522042188
  6006 5.94235286599849 3.24350468101637 4.04213439157031
  6007 5.90219617148100 3.51038548070882 4.17625216796514
  6008 6.19116405006284 5.74915284891746 1.54779824925441
  6010 6.00303302919199 5.66742144558333 1.52239344449866
  6011 3.13711486034093 6.86216453572407 0.63649786720187
  6012 3.24970773178825 6.77884160444802 1.02148240522749
  6014 6.06637898673954 0.28525324242122 2.33056121413982
  6016 1.83705608720863 6.64273280144395 0.98830644467748
  6017 1.51266644586523 6.48253901444352 1.03902972207082
  6020 5.21280105920844 2.54997033444177 1.75849400117569
  6021 5.39255149216689 2.45097089626764 2.04443462753497
  6022 6.19580420736766 5.78110056949747 1.29711370958488
  6023 6.03787782193089 5.71660351585875 1.27155348354291
  6024 2.79329017101932 0.67657308899365 1.22969395618744
  6026 3.36769745295586 0.49713615398676 1.58556877197159
  6027 1.71000354940464 6.19926766352951 1.15270732981927
  6028 1.98317925153565 6.38362715547043 1.09369727832619
  6032 6.46856180073008 0.43284864884968 2.33774169445717
  6033 6.65584476677135 0.21971749663969 2.62153807454714
  6034 5.31992705827960 2.92219234896480 1.96747109569793
  6035 5.45252911516648 2.69942846634945 2.17286116817083
  6036 2.69837107967329 0.44824740124868 1.15435983600173
  6037 3.01514089957422 0.08480386208858 1.36418088558168
  6040 1.92978822031270 6.10275625240139 1.95897920955687
  6041 2.02109543559951 6.17045184575454 1.95854456554539
  6043 2.09524035950692 6.09291354679461 2.02054243668499
  6044 2.01605933639545 6.01021506429453 2.03383516199975
  6050 2.14108569334598 2.61944785682070 2.52175393048113
  6052 2.08431232359531 2.88858631164546 2.89583636413929
  6053 4.20921534512468 3.11126420751845 1.17051095485267
  6056 3.61399628067257 3.35210428997358 1.32494228433649
  6057 3.93941566851637 3.08943391451675 1.03623008597090
  6058 4.86111177593693 6.21162970399054 5.85845289701541
  6059 4.85524077757255 6.03602944783731 5.57841851686852
  6060 6.02638308384067 6.83380383206048 2.72854573743437
  6061 6.23869650452053 6.80275112204024 2.85690947925203
  6063 5.34634483774625 5.75013403529181 2.95124039300121
  6064 5.56139092893357 5.75730424148631 2.77053413451164
  6065 1.65957504924911 2.46608928162308 2.62824842190337
  6066 1.62955294414164 2.65270802139772 2.89511232205146
  6067 5.26506196219445 5.51837929629208 2.83186006103984
  6068 5.45046792691894 5.50828024305229 2.66220681147504
  6069 3.76245425518877 5.43518137325653 0.69282492744470
  6071 3.95232650045009 5.33268981533659 1.11042656877819
  6072 6.82110891678750 3.40084726975585 2.70784330193325
  6073 6.77905605228055 3.08788660332486 2.85873622893620
  6075 3.99092935706451 5.03509024783650 0.34213120194109
  6078 6.89147289805839 5.43606202333788 1.59792634070815
  6079 6.90029345435958 5.08487283614016 1.77761269970357
  6080 6.32745635362265 3.05195256163785 2.85268710919529
  6081 6.36182843573683 3.50675650754940 2.63012409534845
  6082 6.52835788994918 5.57281672785138 1.78100229189853
  6083 6.49823151817895 5.26452744770769 1.95656768799750
  6085 2.64436685656663 4.48150064455435 2.08440749580671
  6087 2.89890863442238 4.27141190048280 1.90690237767023
  6089 2.43257800016554 4.60588275608585 1.60233192545915
  6092 3.10040431974874 4.44254427798227 1.27991489686982
  6093 2.80236692870244 4.29944368912545 1.54851580264944
  6095 4.43255798885991 3.63154067210578 1.53764263566948
  6096 4.07676280510472 4.05428331458012 1.63112315742155
  6097 2.37368481176340 4.91240593765393 1.46975229628676
  6099 4.18308131337419 3.26355915958482 1.46546958399067
  6100 3.76400350637509 3.42450748558026 1.51521875161518
  6102 3.32727646866718 3.24532315359625 2.02567816012191
  6104 2.58733582632018 4.39717427915641 3.00536239575517
  6105 3.09102464667472 4.38489493846434 3.08297956513270
  6113 4.61251383979971 5.57265021894636 1.25330677161488
  6115 3.08553565900406 3.12016052114119 1.83335873717668
  6116 2.78674527250712 3.36518974878304 1.89474576316613
  6118 6.55480241733373 6.65762030916994 4.24504012610700
  6120 3.24091435662297 3.44685086841617 2.17821141675634
  6121 2.87448778233206 3.54295442021039 2.09738947708866
  6122 1.99611781202077 4.10512740809093 1.28536523534686
  6123 2.18995581864053 4.57506423741702 1.53347450447681
  6125 6.61388094609767 6.69450052776332 3.93825850501599
  6126 6.99132073392683 6.52508139134584 3.83050010431269
  6127 4.13300206909077 5.63451147515830 1.20445199980274
  6128 4.03841405011329 5.76415511646084 1.57065803605747
  6129 2.90583840363329 3.92654059139073 3.32470685775981
  6130 2.65605753122441 3.94233220405401 3.27437827674233
  6131 6.89317205529900 6.40053867206423 4.41096083533001
  6132 0.06026277403518 6.44225933210572 3.92014811846192
  6133 1.69317218809000 4.35554431914560 1.94269081303467
  6134 1.58881000703454 4.10047648344618 1.73985139631515
  6145 6.09166379755617 0.19482732296279 5.46171212507589
  6146 5.95201433547572 0.00064217861736 5.48347162752504
  6153 5.81889458828090 0.10718159771826 5.35038488932644
  6154 5.96592323506088 0.27957916472480 5.34475422709060
  6183 4.21388601296320 4.37688991813612 1.21102810482506
  6185 4.19070213903225 4.30066690988760 0.68960969623751
  6187 5.90981600589631 6.36973628351466 2.46174853507336
  6188 5.88110844054473 6.37843227179980 2.22093388275358
  6189 5.63216239977329 6.23545944232440 2.48249543347187
  6190 5.61487210221592 6.25086647630243 2.23181839696740
  6196 4.36948556458513 4.73270884276524 1.01979076059452
  6197 4.34312778016232 4.63677785735436 0.65919287455034
  6201 3.66165178083101 5.36112916794074 2.64534202976598
  6202 3.35727749344601 5.60002405277493 2.57390620965390
  6203 5.58021967548135 4.43425816809769 6.15448734981986
  6204 5.49487911531292 4.32295093222136 6.47660015487515
  6206 5.62827897205480 4.14292129895240 6.45862994441745
  6207 5.72310269084531 4.16816869943172 6.22566734364676
  6213 4.89339939210812 5.37201881897297 1.90822870751020
  6215 4.45481799968477 5.43336187388647 2.21324649012748
  6216 4.69032695437214 5.70577932563431 1.62445825935530
  6217 4.39053386073422 5.79299993290219 1.79933335442657
  6219 5.81821921983493 5.87081840863647 6.53452563856379
  6226 3.52339834204850 5.23316273714969 2.26247874373414
  6227 3.30760308680764 5.42192161820635 2.23697696342170
  6228 2.93177613390194 4.79128609522261 1.05950917750400
  6229 2.53190875200211 5.00979364981880 1.21368643828303
  6231 6.03458312073309 6.01276665611650 6.03849387590650
  6232 6.10353743956705 5.63299917854366 5.93098589763368
  6233 2.85490458899471 5.38668570148243 1.20790913176521
  6234 3.14694784128419 5.20331954886110 1.09572881768215
  6236 5.62355999051858 5.27088553909874 6.56096749908739
  6237 5.68151946971250 5.06812550311879 6.20890663479199
  6243 5.86785003892285 5.44148932766433 6.54957392794379
  6244 6.00365771991288 5.32781328111994 6.25073556405488
  6256 0.84284134308204 5.40408886629553 2.41572745150601
  6257 1.27495685581451 5.18456601812598 2.66279498353022
  6299 6.23719508283503 0.35683837847026 6.29138075072927
  6300 6.38226482517153 0.23814748648521 6.44752979569656
  6301 6.11856116342987 0.20493298224693 6.34868386598472
  6302 6.25365377267686 0.12371759719534 6.47481967447387
  6303 0.36545051932979 2.44971596154234 2.72977172701934
  6305 0.34519359886913 2.08442546625367 2.93745034710393
  6306 0.29122918100581 5.07572290007344 2.86485777221991
  6308 0.40135081391882 2.64897436947211 3.22347813197095
  6309 0.38376379263796 2.41504596330493 3.37929287865519
  6315 6.36589127646904 4.76457538245775 2.96654398996459
  6317 6.59533009829422 4.42870853462291 2.84225805284220
  6318 6.22321310310583 4.58884463724408 3.43143317721622
  6331 0.48195656331762 4.82607066758482 3.06977885245559
  6332 0.95258099943761 4.80583577780738 3.03391382769812
  6333 0.57721526607878 4.87217333067779 3.49985695779714
  6334 0.96431524039232 4.84458666900337 3.42218094962696
  6335 6.10270558565990 4.04643994105918 3.44251597130085
  6340 1.17288081321932 6.72578232593026 3.04922317081440
  6341 6.60448811638650 4.23728481473210 3.01948004997059
  6342 6.37833363538560 4.29681082945001 3.41154539117530
  6343 5.99937568784065 3.66917658511216 2.99422613339405
  6344 6.25473088979805 3.70315630135599 2.69836180608031
  6345 0.90711903777067 6.22780161051039 2.84096424632477
  6346 0.94391280759429 6.60272777972276 2.80277343779919
  6349 6.88618449906245 3.46269238212903 3.97909836229637
  6351 1.52626404711477 5.75703484032675 3.00680485329509
  6352 1.86477738438979 6.26660321519110 3.26496159515661
  6353 6.93017921188636 2.74732516322646 4.25405605899490
  6355 1.10715297038629 6.13627106824913 3.13188361185485
  6356 1.28338991301599 6.43236780339894 3.25683061561461
  6357 6.69401455469379 2.92595990183041 3.58471087479337
  6358 6.71457619636828 2.66163197704192 3.74090827719197
  6360 6.66926045032922 2.81276737647956 3.98907537420423
  6361 6.64431654226732 3.07159011241536 3.84370900812395
  6364 2.50407730196381 1.12067442903679 6.87050531156557
  6370 2.91034870688678 0.80612742299091 6.99918344140383
  6371 2.78957624721652 1.12429506126595 6.97393336559762
  6372 2.60992876283668 0.56665658432466 6.90081150336447
  6373 2.38091970822961 0.74630949463032 6.82104399903285
  6374 3.91576107608526 0.05944566482181 6.82362267155006
  6376 3.85910708433268 0.44647074569208 0.12776153526689
  6377 3.82609537188888 6.80193420696378 0.06317332033302
  6378 3.75702389055757 0.01974848225441 0.36310112131577
  6387 5.99127979342924 1.75116198629423 6.67913673820865
  6388 6.13001278005031 1.89700430312798 6.50563850690557
  6392 5.76277766921430 1.82227663537584 6.55417801276716
  6393 5.92141870336866 1.97408127859898 6.36791365505090
  6394 1.43030581404879 4.61070398902853 2.55105357132197
  6396 1.66369892257360 4.41860866144972 2.67702771359716
  6397 1.14661334152923 4.45529779693972 2.81080167589864
  6398 1.36583311780137 4.22165661634472 2.97002204880842
  6407 5.17668482813351 2.39878709654742 6.84700844199504
  6408 4.91562628953654 2.32539580322896 6.84454240858402
  6412 5.25469186025172 2.16334014662895 6.92191926810305
  6413 5.01171036803906 2.08625545148344 6.91717560960709
  6414 6.48712616819080 0.33094988831794 3.66956693351489
  6416 6.61213804700550 0.27152936334139 3.81604500157093
  6417 6.38527630878761 0.48024161901747 3.78301453752142
  6418 6.52886787280649 0.41923411434187 3.95998596234685
  6419 0.58422951295122 3.55322514833418 4.23437667006709
  6422 0.15026090841181 3.01950214263075 4.42888652768097
  6423 0.13342330178408 3.40276365704509 4.33156197377352
  6424 0.85851599137205 3.33199426079392 4.27648636711537
  6425 0.81415953682991 3.05261264952402 4.36102880590579
  6434 2.60707781659665 3.78922276980065 5.89116133682622
  6435 2.80287322923640 3.80606668226831 5.61041790808273
  6444 2.62423222457166 4.07303253727972 5.94461729055775
  6445 2.77613192785872 4.14523175036631 5.74171743557594
edges 4092
72     49     60
79     63     55
80     55     49
115    104     96
132     80     82
197    123    128
214    156    163
245    167    163
276    173    178
280    173    187
315    205    207
316    207    214
323    211    207
331    217    218
348    226    233
354    237    254
355    254    238
356    238    255
402    273    274
407    270    268
408    268    104
411    262    273
413    274    270
414    268    262
473    294    305
492    320    343
500    337    343
513    326    325
518    325    334
519    334    337
523    345    294
535    356    355
541    355    357
549    353    358
553    371    372
554    372    373
555    373    360
556    360    366
559    373    370
560    370    366
571    370    374
587    381    387
620    401    410
625    406    416
626    416    410
627    402    415
628    415    416
629    406    420
630    420    402
631    402    411
636    420    412
650    407    412
660    434    445
661    445    435
662    435    430
666    435    438
667    438    446
668    446    430
683    438    433
716    468    477
717    477    476
718    476    473
719    473    474
720    474    468
724    480    477
737    473    483
744    476    490
745    490    467
746    467    483
748    490    489
751    489    480
754    512    519
755    519    508
766    493    512
815    531    539
816    539    529
818    532    533
819    533    531
820    371    532
824    535    533
848    556    567
954    625    604
970    627    640
978    637    640
1013    658    645
1014    645    647
1025    649    658
1029    669    649
1063    689    688
1070    691    689
1091    610    691
1093    703    715
1101    703    410
1104    709    715
1107    711    401
1178    747    752
1182    758    770
1187    758    757
1270    254    832
1273    810    238
1290    812    829
1296    820    829
1330    847    842
1331    842    859
1332    859    837
1349    852    844
1401    890    887
1408    890    715
1422    903    381
1433    903    899
1444    899    844
1453    918    163
1461    156    226
1463    918    233
1464    917    923
1465    923    669
1466    923    924
1471    134    924
1493    847    937
1494    937    931
1498    937    945
1529    958    955
1530    955    951
1531    951    952
1533    955    960
1539    962    954
1540    954    958
1545    954    960
1552    980    984
1590     80    991
1603    996   1001
1606    993    262
1614    993   1000
1616   1006   1009
1619   1007   1006
1626   1007   1015
1634   1016   1015
1639   1005   1012
1645   1016   1018
1676   1052   1047
1677   1047   1039
1688   1032   1029
1689   1029   1052
1691   1032   1047
1697   1060   1067
1702   1060   1065
1707    588   1070
1708   1070   1065
1721   1070   1069
1729   1091   1075
1730   1075    476
1737   1075   1083
1738   1083   1093
1739   1093    477
1749   1090   1093
1752    468   1092
1754   1092   1090
1776   1103   1101
1777   1101   1006
1795   1110   1105
1796   1105   1103
1801   1115   1117
1802   1117   1123
1808   1122   1133
1813   1127   1117
1833    531   1137
1851    434   1141
1852   1141    991
1875   1150   1153
1939   1184   1186
1947   1191   1189
1948   1189   1184
1949   1186   1185
1953   1189   1195
1954   1195   1185
1955   1195   1179
1971   1205    345
1978   1214   1205
1979   1214    532
1982   1221   1208
1995   1221     85
2025   1236   1234
2036   1241   1245
2053    366   1241
2071   1256   1257
2081   1091   1258
2118   1292   1276
2119   1276   1279
2123   1292   1298
2124   1298   1299
2125   1299   1279
2132    334   1290
2133   1290   1298
2148   1306   1311
2149   1301   1316
2150   1316   1326
2151   1326   1325
2152   1325   1300
2153   1300   1301
2154   1301   1306
2166   1325   1314
2189    592   1330
2195   1330   1332
2200     60   1333
2202   1332   1184
2213   1336   1339
2216   1334   1336
2217   1254   1334
2243   1314   1352
2252   1351   1352
2258   1357   1347
2259   1347   1351
2265   1388   1387
2272   1373   1388
2281   1367   1369
2282   1369   1370
2283   1370   1387
2441   1195   1450
2442   1450   1448
2444   1448   1451
2445   1451    677
2448   1452   1451
2458   1457   1474
2479   1463   1460
2480   1460   1458
2484   1463   1454
2485   1454   1474
2492   1458   1462
2524   1502   1489
2535   1496   1490
2536   1490   1497
2549   1511   1214
2554   1509   1512
2557   1205   1508
2558   1508   1505
2560   1511   1504
2561   1504   1508
2562   1505   1509
2563   1504   1512
2571   1515    945
2583   1519    374
2595   1543   1542
2599   1542   1544
2600   1544    189
2603   1536   1531
2604   1531   1538
2623    952   1547
2645   1565   1561
2646   1561   1563
2651   1336   1557
2652   1557   1565
2663   1560   1561
2689   1590   1575
2690   1575   1586
2692   1586   1574
2699   1585     43
2704   1574   1582
2709   1575   1582
2755    691    411
2766    567    415
2792   1627   1625
2793    440   1634
2794   1634    962
2891   1672   1029
2902   1153   1686
2916   1690    326
2929   1374    688
2950   1196   1710
2962   1710   1711
2973   1714   1721
2974   1721   1117
2975   1123   1716
2976   1716   1714
3007   1730   1739
3053   1585   1634
3121   1787   1256
3175   1809   1810
3195   1822   1810
3205   1824   1279
3248   1850   1853
3253   1853   1848
3293   1874   1868
3296   1877   1876
3297   1874   1871
3303   1871   1880
3308   1878   1880
3315   1878   1881
3345   1897   1898
3367   1901   1902
3370   1901   1515
3406   1918   1921
3442   1946   1460
3452   1292   1897
3453   1298   1953
3480   1962   1964
3489     18   1964
3514   1977   1352
3521   1983   1736
3528   1978   1326
3529   1316   1039
3531   1978   1980
3532   1980   1984
3540   1778   1787
3559   1953   1995
3560   1995    357
3561   1995   1993
3562   1993    355
3563    358   1651
3568   1993   1290
3583   1853    126
3659   1918   2026
3669   2033   2030
3684   2028   2031
3685   2031   2032
3687   2032   2033
3691   2030   2031
3753   2022   2062
3772    370   2070
3773   2070   2065
3818    273   2088
3819   2088   2090
3822    274   2090
3830   2093   2097
3831   2097   2095
3835   2093   2100
3836   2100   2098
3837   2098   2097
3840   1505   2100
3849   2095   2013
3903   2121    627
3936   2129   1463
3956   1868    955
3963   2136   1850
3965   2136   2139
3968   1876   2139
4014   2158   2156
4019   2171   2172
4027   2170   2171
4073   2190   2186
4074   2186   2185
4079    218   2186
4093    454   1103
4159   2208   2206
4160   2206   1962
4163   2213   2208
4176   2214   1221
4186   2093   2218
4187   2218   2217
4188   2217   2219
4191   2097   1052
4192   1047   2218
4194   2217   1301
4195   1306   2219
4220   2185   1092
4222   1332    996
4223   1330   2228
4227   1667   1000
4235   1970   1625
4240   2230   2232
4241   2232   2233
4245   2228   2233
4251   2240   2237
4256   2237   1018
4259   2236   2240
4260   2236   1016
4267   2241   2242
4269   2242   1842
4275   2245   2242
4278   1689   2241
4289   2249    483
4320   2258   1508
4324   2100   2258
4339    255   2261
4340   2261   2179
4341   2261   2213
4413   2206   1818
4443   2217   1496
4445   1158   2245
4461   1452    270
4463   2169    758
4484   1721   1351
4511   1347   1127
4525   1809    637
4534   1122    903
4540   2070   1519
4548   2232   1881
4551   2032   1367
4572   2307   1902
4573   2307    128
4604   2313   2311
4609   1601   2313
4610   2311   2312
4616   1490   2218
4622   2314   2149
4628   2237   2312
4631   2313   2314
4635     60   2316
4784   2071   2366
4834   1462   2383
4854   1254   2388
4896   1651   2403
4918   1670   2410
5073   2463   2464
5077   1574   2464
5078    187   2464
5109   2030   2473
5122   2477   2478
5124   1509   2477
5125    315   2477
5126    294   2478
5127   1505   2478
5154   2487   2488
5156    159   2487
5157   1122   2488
5159    133   2487
5173    497   2492
5184   1842   2497
5254   1033   2519
5290   1422   2531
5309    124   2538
5316   2541   2542
5319   1208   2542
5326    108   2543
5329   1547   2543
5373   1970   2560
5381   1745   2562
5384   1234   2562
5389    407   2564
5428    770   2576
5445   2028   2584
5457   1711   2587
5478   2595   2596
5481     64   2596
5483   1874   2595
5486   2597   2599
5488   2195   2597
5491   1544   2597
5493   2172   2599
5543   1448   2616
5577   2628   2629
5579    305   2628
5580   1137   2629
5582   2477   2628
5595   2634   2635
5606    345   2637
5608    353   2637
5609   2638   2639
5614    532   2639
5615    345   2639
5616   2640   2641
5617    497   2640
5623   2642   2643
5625   1196   2642
5626   1186   2642
5627   1333   2643
5628   1710   2643
5630   2644   2645
5632   2312   2644
5633   1339   2644
5635   2311   2645
5638   2646   2648
5640     18   2646
5655   2652   2653
5659    124   2653
5669   1662   2657
5723   2149   2675
5726   1778   2675
5727   2676   2677
5733    381   2676
5753   1452   2684
5777   1670   2693
5780   2261   2693
5799   2700   2701
5805   1662   2700
5806   1660   2701
5862   2721   2722
5865   1938   2721
5866   1536   2722
5869   2660   2722
5872   2724   2726
5876   2596   2726
5891   2731   2732
5897   1686   2732
5902   2185   2734
5905    217   2734
5915   1489   2738
5955   1257   2751
5958   1778   2751
5995   2616   2764
6037   1585   2778
6038   1110   2778
6050   2782   2783
6053    108   2782
6054     82   2783
6057     85   2783
6093    440   2795
6097   2798   2799
6103    226   2799
6106   2801   2802
6108    234   2801
6109   1667   2802
6111    592   2801
6112   2228   2802
6151   2816   2817
6153   1185   2816
6156   1196   2816
6177   2824   2826
6181    205   2826
6182   2778   2824
6184   1105   2826
6213   2836   2838
6215   1818   2836
6218   1276   2836
6220   1897   2838
6262   1185   2853
6271    637   2856
6279   2249   2858
6327   2874   2875
6328    715   2874
6331    887   2875
6334   2876   2877
6335   1153   2876
6337   1158   2876
6339   1689   2877
6340   2245   2877
6346   1984   2879
6347   1714   2879
6348   2880   2881
6349    810   2880
6352    832   2881
6366   1935   2885
6394    133   2893
6433   2640   2903
6438   2907   2908
6443    567   2907
6462   1153   2914
6486    480   2923
6489   2875   2923
6530   1357   2937
6551   2944   2945
6554    108   2944
6555    357   2945
6556    358   2945
6565   2948   2949
6567   2795   2948
6568    433   2948
6571   2634   2949
6590   1033   2955
6591   1739   2955
6601    507   2958
6602    493   2958
6632   2169   2967
6634   1575   2967
6636    852   2968
6638    842   2968
6644   2971   2972
6646    588   2971
6649   2798   2971
6650   2657   2972
6662   2977   2978
6664   2541   2977
6668   1141   2978
6672   1238   2979
6691     24   2986
6701     64   2990
6704   2726   2990
6723   2997   2998
6726   1809   2997
6730   1818   2998
6759    709   3008
6773    167   3012
6775   1158   3012
6781   1316   3014
6791    372   3017
6793   1214   3017
6802   2903   3020
6803   2114   3020
6805   2641   3021
6806   3020   3021
6815   2171   3024
6825   3027   3028
6827   2701   3027
6829   1964   3028
6830   2700   3028
6833   2249   3029
6852   1012   3034
6883   2071   3045
6886   1497   3045
6935   3061   3062
6937   1374   3061
6939   1367   3062
6940   1370   3062
6954    917   3066
6955   1150   3066
6963   3069   3070
6964   1876   3069
6967   1874   3070
6969   1878   3070
7003   3081   3083
7007   1191   3083
7008    234   3081
7019   2018   3086
7025   2013   3089
7028   1339   3089
7056   3099   3100
7057    747   3099
7058    755   3099
7059   2473   3099
7060   2018   3100
7061   2026   3100
7062   2030   3100
7070   3103   3104
7074   1450   3104
7075   2616   3104
7076   2853   3104
7081   1422   3106
7082   2817   3106
7091   3109   3110
7092   3014   3109
7094   1306   3109
7095   1739   3110
7102    951   3112
7103    963   3112
7104   2079   3112
7113   2169   3115
7114   1582   3115
7115   2170   3115
7119   3117   3118
7123   3012   3118
7124   2893   3118
7133   3121   3122
7134   2948   3121
7136    446   3121
7137    440   3122
7138   1110   3122
7145   2316   3124
7146   1333   3124
7148   1007   3125
7150   1103   3125
7159   1810   3128
7160   2856   3128
7169    649   3131
7197   1953   3140
7200   1897   3140
7217    865   3145
7242    991   3155
7243   2978   3155
7244   1001   3155
7263   2724   3161
7265    963   3161
7274   1052   3164
7275   1033   3164
7276   2095   3164
7280   3166   3167
7281    918   3166
7284    167   3167
7285   1435   3167
7286   2245   3167
7294   3170   3171
7296   1977   3170
7297   1721   3170
7300   1115   3171
7308   3174   3175
7309   1326   3174
7310   1984   3174
7312   3014   3175
7313   1983   3175
7322   3178   3179
7326    211   3179
7329    214   3179
7335    887   3182
7345   2090   3186
7370   1711   3193
7392   3201   3202
7394   2684   3201
7395   3083   3201
7396   1667   3202
7398    234   3202
7402   2388   3203
7416   1370   3207
7427   3211   3212
7430   1438   3211
7433   1764   3212
7435    996   3213
7436   1000   3213
7437   2228   3213
7475   1398   3224
7480   1388   3226
7482    420   3226
7510   2564   3234
7513   3236   3237
7516    993   3237
7518    779   3236
7519   1667   3237
7522   3239   3240
7524   1001   3239
7528    374   3240
7530   3241   3243
7535    433   3241
7537    445   3243
7551   1123   3248
7565   3253   3254
7566    401   3253
7567    406   3253
7568    407   3253
7569    711   3254
7572   3255   3256
7574   1005   3255
7575   1009   3255
7577   3034   3256
7607   3265   3266
7608   2028   3265
7611   2375   3266
7615   2968   3267
7616    938   3267
7617   2677   3267
7621   3269   3270
7622   2149   3269
7623   3234   3269
7624   1787   3269
7625   2313   3270
7663   3282   3284
7670   1236   3284
7676    512   3287
7684   2316   3289
7687     63   3289
7733   3304   3305
7734    837   3304
7735   2977   3304
7736    847   3304
7738   2978   3305
7741   1122   3306
7742   2919   3306
7743    159   3306
7766    353   3313
7767   1496   3313
7770    918   3314
7771   3186   3314
7775   3316   3317
7779   2156   3317
7796   1258   3323
7799   1254   3323
7805   2190   3326
7812    984   3327
7821   2644   3330
7824   2519   3330
7845   3339   3340
7847   3178   3339
7849    217   3340
7850    216   3340
7852   3341   3342
7853    917   3341
7854    163   3341
7855    134   3341
7856   1150   3342
7857   3012   3342
7858   3117   3342
7860    625   3343
7868   2531   3345
7869   3008   3345
7873   3347   3348
7874   1660   3347
7875   1662   3347
7876   1099   3347
7877   2997   3348
7878   1069   3348
7879   1822   3348
7897   1110   3353
7900   3125   3353
7922   3362   3364
7926   3352   3364
7965   3375   3376
7966   2949   3375
7969   2635   3376
7970   2158   3376
7971   2240   3376
7984    755   3380
8018   3391   3392
8025    438   3392
8054   2179   3402
8055   2693   3402
8116     43   3421
8119   2778   3421
8130   3426   3427
8131    787   3426
8132   3236   3426
8135   3237   3427
8136   2088   3427
8137   3428   3429
8141    677   3429
8142   2684   3429
8148   2026   3431
8149   2018   3431
8159    852   3434
8160    903   3434
8161   2676   3434
8195   1519   3444
8234    134   3458
8235   2487   3458
8236   3117   3458
8275   3470   3471
8276    325   3470
8278   1292   3470
8279   1690   3471
8280   3402   3471
8281   1898   3471
8282   3472   3473
8283   3008   3472
8286    556   3473
8288    415   3473
8289   3474   3475
8290   1563   3474
8291   3254   3474
8292   1560   3474
8293   2241   3475
8294    406   3475
8297   1610   3476
8298   3473   3476
8299    411   3476
8311   3480   3482
8313   1000   3480
8315   3201   3482
8316    996   3480
8318   1189   3482
8323   3117   3484
8328   3486   3487
8332   1279   3487
8334   3021   3486
8337   3489   3490
8338    238   3489
8339    253   3489
8341    810   3490
8343   3009   3490
8358   3495   3496
8360   3470   3495
8363   2693   3496
8372   3499   3500
8378   1610   3500
8398   1938   3506
8400   3507   3508
8402    216   3507
8403   1590   3507
8406   1582   3508
8408    343   3509
8409   2858   3509
8410    467   3509
8454    173   3523
8457   2463   3523
8458   3524   3525
8462   2258   3525
8465   2071   3525
8478   3531   3532
8538   3549   3550
8540   1489   3549
8541   2076   3549
8542   1497   3550
8559    380   3556
8563   3557   3558
8566     29   3557
8567   2208   3558
8570   3559   3560
8571    374   3559
8572   3239   3559
8574   2541   3560
8575   3155   3560
8578   2798   3561
8579   3081   3561
8595    343   3566
8597    490   3566
8602   2893   3568
8619   3573   3574
8620   2731   3573
8621   1690   3573
8623   1722   3574
8624   3402   3574
8625   2410   3574
8639   1101   3578
8660   2560   3585
8673   1186   3589
8678    254   3591
8694   2139   3596
8695   3069   3596
8696   2307   3596
8705    984   3599
8706   2893   3599
8711   3601   3602
8712    938   3601
8715    842   3602
8717    931   3602
8747   3613   3614
8750   1547   3614
8753   2403   3614
8763   3618   3619
8765   3282   3618
8766     29   3618
8767   1238   3619
8768   3284   3619
8771    369   3620
8773    993   3620
8781    237   3623
8782   3558   3623
8783    832   3623
8791   3626   3627
8794   1787   3626
8798   3628   3629
8799    233   3628
8800    787   3628
8803   3427   3629
8804   3202   3629
8813   3248   3632
8814    133   3632
8815    980   3632
8822     29   3634
8825   2717   3634
8841   3578   3641
8844   1398   3641
8850   3207   3644
8851   2497   3644
8852   1387   3644
8853   3645   3646
8855   2801   3645
8856   3531   3645
8857   2203   3646
8858   2802   3646
8859    779   3646
8860   3647   3648
8861   1015   3647
8862    446   3647
8864   1018   3648
8865   3392   3648
8866   1012   3648
8877   1848   3651
8889   1962   3655
8890     18   3655
8891   3557   3655
8895   3657   3658
8896   1798   3657
8897   1560   3657
8898   1373   3657
8899   1842   3658
8900   3475   3658
8901   1388   3658
8905   3314   3659
8908    917   3659
8911   3662   3663
8914   1560   3662
8915   3254   3663
8917   1557   3662
8940   2908   3671
8941   3644   3671
8942   1794   3671
8944   1876   3672
8946   1868   3672
8953   1531   3674
8964   3678   3679
8965   2492   3678
8966    627   3678
8967    507   3678
8968   2640   3679
8969    637   3679
8980   3683   3684
8986   3266   3684
9011   3248   3692
9013   1241   3692
9024   3029   3695
9049   3704   3705
9050   1168   3704
9054   1627   3705
9073    274   3710
9082   2098   3714
9085   1672   3714
9104   3721   3722
9105    567   3721
9108    416   3722
9109   2241   3722
9111   3723   3724
9112   3174   3723
9113   3683   3723
9114   1314   3723
9115   2879   3724
9116   3684   3724
9117   1351   3724
9118   3725   3726
9119    565   3725
9120   3534   3725
9121    551   3725
9129   2022   3728
9130   3086   3728
9146   3733   3734
9147    610   3733
9148    411   3733
9150    604   3734
9186   2858   3745
9204   2792   3751
9217   3755   3756
9218    167   3755
9220   3568   3755
9221   1435   3756
9223   3432   3756
9224   3757   3758
9227   1205   3757
9228   1490   3758
9229   3045   3758
9230   2258   3758
9236   2838   3760
9244   2584   3762
9248   3145   3763
9252   3765   3766
9253   1565   3765
9255   1802   3765
9256   1561   3766
9257   3264   3766
9258   1798   3766
9273   3771   3772
9276   2856   3771
9278   3432   3772
9295   2967   3776
9307   3782   3783
9321   3786   3787
9322   2937   3786
9328   3788   3789
9330   2079   3788
9331   1871   3788
9332   3613   3789
9333    951   3789
9334   1868   3789
9336   1542   3790
9337   3499   3790
9338   2597   3790
9346   3145   3793
9347   2721   3793
9348   3506   3793
9361   2990   3797
9363   3798   3799
9364   1276   3798
9365   2998   3798
9366   3495   3798
9367   3487   3799
9368   1809   3799
9369   2641   3799
9387   3805   3807
9389   1099   3805
9391   1822   3807
9394   3532   3807
9410    812   3812
9411   2634   3812
9412    433   3812
9420   2817   3815
9421   2587   3815
9422   3224   3815
9423   3816   3817
9426   1953   3816
9427   2403   3817
9428   2543   3817
9429   2945   3817
9430   3818   3819
9431   1090   3818
9434   1092   3819
9437   3820   3821
9438   1984   3820
9439   3762   3820
9440   1983   3820
9442   3287   3821
9459   3361   3826
9463   1224   3827
9466     24   3827
9474   3211   3832
9482   3256   3834
9485   1604   3834
9487   3836   3837
9488   1234   3836
9491   1745   3837
9493   1734   3837
9494   3838   3839
9495    709   3838
9498   2874   3839
9499   2923   3839
9509   2858   3842
9510   3695   3842
9511   2114   3842
9586   3866   3867
9587    233   3866
9588   3314   3866
9589   3428   3866
9590   3629   3867
9591   2090   3867
9592   2684   3867
9604   1983   3871
9606   2584   3871
9607   3872   3873
9609   2751   3872
9611   2717   3873
9613   3618   3873
9615   1457   3874
9616   1604   3874
9617   1454   3874
9633   2782   3879
9634   1547   3879
9637   2616   3880
9654   1083   3885
9659   3086   3886
9662   3651   3886
9665   3889   3890
9666    711   3889
9667   3203   3889
9670   3885   3890
9671   1256   3890
9672   3891   3892
9675    812   3891
9676    832   3892
9677   2979   3892
9686   3895   3896
9687    960   3895
9688   3672   3895
9691   2136   3896
9692   1627   3896
9709   3902   3903
9712    610   3902
9714   3826   3903
9715    625   3903
9716   3904   3905
9718   3484   3904
9725   3421   3906
9726   2463   3906
9731   3270   3908
9732   3663   3908
9733   2564   3908
9738   3910   3912
9740   1601   3910
9742   2312   3912
9743   3034   3910
9745   1018   3912
9747   3710   3913
9753   3915   3916
9754   2190   3915
9756   3224   3915
9758   2853   3916
9759   2817   3916
9760   3917   3918
9761   2652   3917
9762    123   3917
9763    126   3917
9766   1848   3918
9792   3927   3928
9793   1005   3927
9794   3647   3927
9795   1006   3927
9797    430   3928
9798   3578   3928
9800   3323   3929
9806   3931   3932
9807    216   3931
9809   2824   3931
9810    218   3932
9812   2826   3932
9813   3933   3934
9814   1730   3933
9816   2158   3933
9817   2955   3934
9818   3330   3934
9819   2240   3934
9824     64   3936
9826     60   3936
9827   3937   3938
9830   2717   3937
9834    647   3938
9845   3943   3944
9847   3480   3943
9848    268   3943
9849   1450   3944
9850   3482   3944
9851   1452   3944
9852   3945   3946
9854   3726   3945
9857    551   3946
9867   2764   3949
9868   3880   3949
9869   2734   3949
9880   3953   3954
9882   2971   3953
9883   3561   3953
9884   3361   3954
9888   2795   3955
9890   3241   3955
9940   3971   3972
9941   2028   3971
9942   2375   3971
9943   2473   3971
9944   3871   3972
9946    755   3972
9950   1764   3973
9954   3975   3976
9956   1502   3975
9958   3757   3976
9959   3313   3976
9960   2637   3976
9979   3983   3984
9982   1357   3983
9985   1245   3983
9986   2230   3984
9991   3809   3986
9994    701   3986
10006   3992   3993
10009    104   3992
10010    369   3993
10012    262   3993
10020   3996   3997
10021    898   3996
10025   3556   3997
10026   2677   3997
10048   4004   4005
10052   3122   4005
10054    434   4004
10055    430   4005
10070    963   4011
10071   3178   4011
10073   4012   4013
10074    837   4012
10076   3928   4012
10077    859   4013
10079   1005   4013
10080   4014   4015
10081   1778   4014
10082   3626   4014
10084    647   4015
10106    963   4021
10109    958   4021
10113   2968   4024
10114   3747   4024
10115    859   4024
10133   4030   4031
10134   1374   4030
10135   3226   4030
10136   1387   4030
10137    689   4031
10138    402   4031
10139   2908   4031
10152   2156   4036
10155   1730   4036
10163   3362   4038
10175   3017   4043
10177   1208   4043
10188   4047   4048
10191   2738   4047
10193   3879   4048
10194   1502   4048
10216    703   4054
10227   4059   4060
10229   3634   4059
10233   3760   4060
10241   4063   4064
10242   3797   4063
10243   3936   4063
10247    592   4064
10274    519   4073
10277   1745   4073
10288   1625   4077
10289   3895   4077
10290   4047   4077
10301   4081   4082
10302   1710   4081
10304   3193   4081
10305   3124   4082
10309   3472   4083
10310    410   4083
10311    709   4083
10322   4087   4088
10324   1032   4087
10327   1497   4088
10328    253   4088
10338   4092   4093
10343   3428   4092
10344    226   4093
10361   4099   4100
10362   3472   4099
10363   3476   4099
10366   3734   4100
10368   4101   4102
10369   1334   4101
10372   1339   4102
10373   3164   4102
10374   2519   4102
10376   2070   4103
10377   3692   4103
10391   4108   4109
10393    779   4108
10394   2203   4109
10410   3566   4113
10422   2676   4116
10443   4125   4126
10444   2798   4125
10445   3531   4125
10446    234   4125
10447   2799   4126
10448   3532   4126
10449   3628   4126
10450   4127   4128
10451   1369   4127
10453   3327   4127
10454   2032   4128
10455   3665   4128
10457   4129   4130
10458   1065   4129
10459   2648   4129
10460   1964   4129
10461   1070   4130
10462   2972   4130
10463   1662   4130
10464   4131   4132
10465   2026   4131
10467   3380   4131
10469   3827   4132
10521   4149   4150
10524   1824   4149
10525   2079   4150
10528   4151   4152
10529   3524   4151
10531   1504   4151
10532   3905   4152
10534   3717   4152
10539    984   4154
10563   4161   4162
10566   3896   4161
10567    954   4162
10569   1850   4161
10572   4164   4165
10575   3103   4164
10578   2853   4164
10579   3915   4165
10581   4167   4168
10584   1824   4167
10585   1299   4168
10587   4150   4167
10588   3816   4168
10608   4176   4177
10609     80   4176
10610    104   4176
10612    991   4177
10613   3943   4177
10614   3103   4177
10615   4178   4179
10616   1015   4178
10617   3353   4178
10618   3121   4178
10619   2236   4179
10621   3375   4179
10622   4180   4181
10623    305   4180
10624    531   4180
10625   2639   4180
10626    356   4181
10627    529   4181
10637    380   4184
10643   4186   4187
10644   4116   4186
10647   3434   4187
10649   1133   4187
10650   4188   4189
10651   3641   4188
10652   4165   4188
10655   4164   4189
10656   1141   4189
10657   4190   4191
10659    852   4190
10660    847   4190
10661   3444   4191
10662   4187   4191
10663    945   4191
10672   4194   4196
10674   2129   4194
10677   1009   4194
10679   1007   4196
10685    658   4199
10688   3564   4199
10698   4203   4204
10699    508   4203
10701    497   4203
10703   3745   4204
10704    320   4204
10705   4205   4206
10706   1543   4205
10707   1538   4205
10710   4082   4206
10712   4207   4208
10716   3089   4208
10717   1557   4208
10718   1802   4208
10719   4209   4210
10720   1686   4209
10723   2732   4210
10724   3186   4210
10725   3710   4210
10726   4211   4212
10728   3175   4211
10729   3972   4211
10731   3683   4212
10732   2375   4212
10758   3692   4220
10759   3983   4220
10760   1127   4220
10796   1457   4232
10797   3665   4232
10802   4234   4235
10805   1590   4234
10807   4021   4235
10808   3161   4235
10855   4250   4251
10862     43   4251
10876   1458   4256
10879   3506   4256
10891   4262   4263
10892    755   4262
10894    752   4262
10895   3380   4263
10896   4036   4263
10897   3317   4263
10899   2531   4264
10900   3838   4264
10905   4266   4267
10906   2764   4266
10907   2792   4266
10913   3997   4268
10914   1607   4268
10923    371   4271
10926    535   4271
10933   1604   4275
10936   4228   4275
10943   3484   4276
10947   3665   4279
10948   2383   4279
10959   3266   4282
10984   4290   4292
10986     29   4290
10988   4059   4292
10989   3655   4290
11001   4296   4297
11003   3955   4296
11004   3705   4296
11005   2076   4297
11006   2738   4297
11007   1625   4297
11012   4048   4299
11014   3614   4299
11017   4038   4300
11018   1921   4300
11033   3345   4305
11035   3763   4305
11055    701   4312
11057   3362   4312
11061   4314   4315
11066   1736   4315
11067   3821   4315
11069   3818   4316
11070   3872   4316
11071   4014   4316
11082   4320   4321
11083   2986   4320
11084   3364   4320
11087   3352   4321
11088   2646   4321
11095   4109   4323
11097   4103   4324
11098   3444   4324
11099   1133   4324
11133   4335   4336
11134   1462   4335
11136   3665   4335
11137   1460   4336
11138   4228   4336
11139   3874   4336
11141   4337   4339
11146    752   4337
11149   4340   4341
11150    669   4340
11151   3659   4340
11152   3428   4340
11153   3131   4341
11163   4344   4345
11165   3641   4344
11166   4012   4344
11167   3589   4345
11168   4189   4345
11169   3305   4345
11170   4346   4347
11171    623   4346
11172   1374   4346
11174    412   4347
11175   3226   4347
11185   3834   4350
11186   4194   4350
11187   1454   4350
11191   4352   4353
11192    255   4352
11193    237   4352
11194   2213   4352
11215    952   4358
11218    960   4358
11231   3306   4364
11233    387   4364
11241   3832   4367
11242   3486   4367
11243   3212   4367
11251   4370   4371
11253   1538   4370
11255   4339   4371
11256   3674   4371
11257    178   4371
11262   3145   4373
11263   4256   4373
11265   4374   4375
11266   2638   4374
11267   2637   4374
11268   2944   4374
11269     85   4375
11270   3975   4375
11271   2782   4375
11289   1245   4380
11292   4282   4380
11309   4339   4387
11310   3523   4387
11319   4162   4390
11327   3193   4392
11328   1935   4392
11336   3375   4395
11337   4250   4395
11338   2156   4395
11343   2648   4397
11344   3809   4397
11345   1060   4397
11357   1224   4401
11358   4132   4401
11359   3317   4401
11376   4407   4408
11378   3929   4407
11379   1257   4407
11380   2645   4408
11382   1771   4408
11383   4409   4410
11384   3918   4409
11385   3886   4409
11386   3728   4409
11389   2062   4410
11394   1438   4412
11395   4323   4412
11396   3973   4412
11414   3429   4418
11415   4092   4418
11427   4422   4423
11428   2098   4422
11430   2013   4422
11432   3717   4423
11433   1802   4423
11435   2171   4424
11437   2169   4424
11464   4433   4434
11466     64   4433
11467   2316   4433
11478   4437   4438
11481   2073   4437
11482   3243   4438
11484   2214   4438
11489   3905   4440
11490   4276   4440
11491   3524   4440
11496   2388   4442
11498   1258   4442
11515   4448   4449
11516   3885   4448
11517   3203   4448
11519   1075   4449
11520   4442   4449
11521   4113   4449
11522   4450   4451
11523    711   4450
11524   4054   4450
11525   3203   4450
11526   1563   4451
11533   2657   4453
11537    539   4454
11539   3182   4454
11560   4461   4463
11565   2629   4461
11567   2129   4463
11575   4466   4467
11576   3264   4466
11578   3905   4466
11579   3765   4467
11580   3714   4467
11581   4423   4467
11582   4468   4469
11583   4190   4468
11584   2541   4468
11585   1519   4468
11587   2542   4469
11593   4387   4471
11596   4251   4471
11599   4473   4475
11601   2738   4473
11603   2214   4475
11604   3955   4473
11606   3243   4475
11616   4479   4480
11618   3827   4479
11619   3836   4479
11620   1921   4480
11621   4131   4480
11623   4481   4482
11624   3240   4481
11625   3444   4481
11626   1515   4481
11627   2230   4482
11629   1901   4482
11630   4483   4484
11631    958   4483
11632   4390   4483
11633   2595   4483
11634   4235   4484
11636   2596   4484
11637   4485   4486
11638   2876   4485
11639   2914   4485
11640   3264   4485
11641   1689   4486
11643   1563   4486
11648   3599   4488
11651   2497   4488
11665   2233   4494
11668   2203   4494
11674   2595   4497
11677   3070   4497
11688   3239   4501
11689   3620   4501
11690   3213   4501
11694   4503   4504
11697   3009   4503
11698   2366   4504
11700   2073   4504
11701   4505   4506
11703   4410   4505
11706   3886   4506
11707    747   4506
11715   4509   4510
11716   2856   4509
11717   3679   4509
11719   3772   4510
11720   2958   4510
11723    962   4511
11724   4358   4511
11725    214   4511
11736   4515   4516
11739   3786   4515
11740   3684   4516
11741   4380   4516
11742   1357   4516
11747   4047   4518
11748   4358   4518
11749   3879   4518
11751    701   4519
11752   4038   4519
11771    519   4524
11791   4271   4531
11792    369   4531
11796   4533   4534
11797   3131   4533
11798   2880   4533
11800   1722   4534
11801    810   4534
11802   2179   4534
11811   3704   4537
11812   3591   4537
11813   3891   4537
11827   2990   4541
11833   4544   4545
11836   3913   4544
11837   1995   4545
11840   4546   4547
11841   3726   4546
11842   4108   4546
11843   3534   4546
11844   1438   4547
11845   4109   4547
11870   4555   4556
11873   2660   4556
11875   3726   4555
11876   3945   4556
11886   4560   4561
11887     43   4560
11888   4471   4560
11889   2463   4560
11890   4234   4561
11892   1586   4561
11893   4562   4563
11894   4314   4562
11895   1039   4562
11896   1033   4562
11897   1736   4563
11898   3014   4563
11899   1739   4563
11913   1196   4568
11915   3343   4568
11916   4569   4570
11918   4324   4569
11919   4220   4569
11920   2307   4570
11921   4482   4570
11922   3984   4570
11946   4578   4579
11951   4116   4579
11957   3776   4581
11958   4541   4581
11959   4434   4581
11964   1898   4583
11967   1690   4583
11969   4585   4586
11971   4113   4585
11973   4054   4586
11974   4448   4586
11975   2874   4586
11983   4589   4590
11984   4203   4589
11985   4524   4589
11986   2903   4589
11987   3745   4590
11989   2114   4590
12025   1542   4602
12026   4205   4602
12027   1536   4602
12049    829   4609
12052   3391   4609
12054   4611   4612
12055   3756   4611
12056   3805   4611
12057   3771   4611
12059   3807   4612
12060   3128   4612
12062   4545   4613
12063   4583   4613
12064   3140   4613
12084   4620   4621
12085   3873   4620
12087   1238   4620
12088   2751   4621
12090   1771   4621
12096   3745   4624
12099   3024   4624
12103   3421   4625
12106   3353   4625
12109   4628   4629
12110    305   4628
12112    356   4628
12113    301   4629
12120   3885   4631
12121   1093   4631
12122   3839   4631
12123   4632   4633
12124   3747   4632
12125   3564   4632
12126    844   4632
12143    337   4638
12146   3509   4638
12152   4282   4641
12155   4279   4641
12157   4643   4644
12158   3578   4643
12159   4005   4643
12160   1105   4643
12161   4188   4644
12162   4004   4644
12163    205   4644
12164   4645   4646
12165   4578   4645
12167   4184   4645
12178   4649   4650
12180   4638   4649
12181   1290   4649
12184   1299   4650
12186   2403   4651
12187   4168   4651
12199   4655   4656
12200   2488   4655
12201   4103   4655
12202   3632   4655
12204   2065   4656
12206   4657   4658
12207   3902   4657
12208   4312   4657
12210   3826   4658
12214   2538   4659
12215   4646   4659
12216   3352   4659
12222   3591   4661
12223   3489   4661
12228   4663   4665
12232     63   4665
12233   4410   4663
12235   3918   4665
12250   4556   4670
12252   4671   4672
12253   2314   4671
12254   4609   4671
12256   2311   4672
12258   1771   4672
12259   4673   4674
12260   3207   4673
12261   4488   4673
12262   3327   4673
12266   4675   4676
12268   3564   4675
12269   2149   4675
12270   4268   4676
12271    898   4676
12272   3234   4676
12277   2675   4678
12278   4621   4678
12279   4671   4678
12296   2903   4683
12297   4509   4683
12301   4685   4686
12302   3973   4685
12305   4323   4686
12306   4494   4686
12308   4687   4688
12309   3128   4687
12311   3534   4687
12313   3832   4688
12314   4547   4688
12329   4693   4694
12330   1902   4693
12332     55   4693
12333   3596   4694
12334   4497   4694
12338   4663   4695
12339   4392   4695
12346    440   4697
12349   4511   4697
12352   4700   4701
12355    473   4700
12356   2170   4701
12357   4624   4701
12358   2249   4701
12362   1238   4702
12365   1771   4702
12368   4705   4706
12369   4694   4705
12370   1850   4705
12371   4390   4705
12372     63   4706
12373   1848   4706
12377   4708   4709
12379   1901   4708
12380   2232   4709
12383   1330   4709
12395   2675   4713
12396   4199   4713
12397    647   4713
12402   1462   4715
12404   1938   4715
12409    931   4717
12418   4064   4720
12419   4709   4720
12420   1878   4720
12421   4721   4722
12422   3776   4721
12423   4424   4721
12424   2172   4721
12426   3986   4722
12429   4723   4725
12431   2013   4723
12436   1016   4725
12437   4726   4727
12441   2088   4727
12447   4729   4731
12449   3207   4729
12451   4674   4731
12454   3762   4731
12459   1067   4733
12460   4292   4733
12461    757   4733
12464   3787   4734
12473   2701   4737
12475   3171   4737
12476   4738   4739
12477   4015   4738
12479   3627   4738
12480   3880   4739
12483   4740   4741
12484   3256   4740
12486   4275   4740
12488    938   4741
12490   4742   4743
12493   1993   4742
12494   4545   4743
12496    334   4742
12497    326   4743
12502   3757   4745
12505   4043   4745
12508   4748   4749
12509   3601   4748
12510   4717   4748
12512   2885   4749
12513   4695   4749
12514   2062   4749
12531   4755   4756
12533   4727   4755
12534   3426   4755
12536   4726   4756
12543   2885   4759
12546   2062   4759
12556   4763   4764
12559   1511   4764
12562   4151   4764
12568   3364   4766
12569   4646   4766
12579   4770   4771
12580   4687   4770
12581   4683   4770
12582    551   4770
12583   3832   4771
12584   3020   4771
12586   4772   4773
12587   1009   4772
12590   2129   4773
12592   1946   4773
12593   4774   4775
12594   4518   4774
12595   4697   4774
12596   4473   4774
12597   2783   4775
12599   4475   4775
12611    435   4779
12614    837   4779
12620   2919   4782
12621   4737   4782
12622   1115   4782
12623   4783   4784
12624   2033   4783
12626   4335   4783
12628   4759   4784
12629   4228   4784
12630   4785   4786
12631   1221   4785
12632   4745   4785
12633   3975   4785
12634   2214   4786
12636   1489   4786
12637   4787   4788
12640   4347   4787
12641   1373   4788
12646   4790   4791
12647   4629   4790
12649    489   4790
12652    467   4791
12653   4792   4793
12654   1509   4792
12655   4422   4792
12657   1512   4793
12658   3717   4793
12659   1474   4793
12660   4794   4795
12663   1538   4794
12664   4082   4795
12667   4392   4795
12676   4799   4800
12677   4787   4799
12679   1607   4799
12680   4346   4800
12682   3556   4800
12683   4801   4802
12684   3534   4801
12685   4612   4801
12687    779   4802
12688   3532   4802
12689    787   4802
12704   3066   4806
12710    565   4809
12713   3721   4809
12715   4811   4812
12716   4179   4811
12717   4625   4811
12718   4250   4811
12729   4815   4816
12730    565   4815
12731   1435   4815
12732   4801   4815
12733   4756   4816
12734   3166   4816
12735    787   4816
12754   4823   4824
12755   4350   4823
12756   4723   4823
12757   4792   4823
12758   4196   4824
12759   4725   4824
12760    315   4824
12787   1422   4832
12790   3815   4832
12796   3140   4835
12799   3751   4835
12813    623   4841
12814   3733   4841
12815    412   4841
12816   4842   4843
12817   4128   4842
12818   4641   4842
12819   3265   4842
12820   3327   4843
12830   4846   4847
12832   4271   4846
12833    360   4846
12843   2543   4848
12846   4851   4852
12848   4729   4851
12849   1794   4851
12850   3287   4852
12851   4731   4852
12852    493   4852
12870   4858   4860
12874   3783   4860
12875   4564   4858
12885    551   4862
12891   1448   4865
12892   4739   4865
12893   1179   4865
12898    454   4867
12900   3326   4867
12901   4868   4869
12902   3910   4868
12903   3834   4868
12904   4207   4868
12905   3912   4869
12906   4723   4869
12907   3089   4869
12909   1150   4870
12910   4806   4870
12911   4276   4870
12920    898   4874
12924   4875   4876
12925   2065   4875
12926   4763   4875
12927    373   4875
12929   4764   4876
12930   3017   4876
12935   1369   4878
12938   1373   4878
12940   4880   4881
12943    468   4880
12944   3932   4881
12945   4867   4881
12946   2186   4881
12957   4433   4884
12960   4484   4884
12963   4887   4888
12965   4641   4887
12966   1241   4887
12967    980   4888
12968   4843   4888
12969   3248   4888
12970   4889   4890
12971   2937   4889
12972   3787   4889
12973   1877   4889
12974   3984   4890
12975   1881   4890
12976   3069   4890
12989   3973   4895
12993   4896   4897
12994   4186   4896
12995   4717   4896
12996    945   4896
12997    123   4897
12999   1902   4897
13006   4437   4899
13010   1060   4900
13013   4541   4900
13027   1607   4906
13028   4787   4906
13029   2564   4906
13030   4907   4908
13031   2158   4907
13033   1224   4907
13034   2635   4908
13035   4702   4908
13038    218   4909
13039   4165   4909
13040    205   4909
13044   4911   4912
13045     82   4911
13046   4775   4911
13047    434   4911
13048    207   4912
13049   4697   4912
13050   4004   4912
13051   4913   4914
13052   4695   4913
13053   4717   4913
13055   4665   4914
13056   4897   4914
13057     55   4914
13065   4917   4918
13066   3392   4917
13067   4609   4917
13068   3812   4917
13069   2237   4918
13070   4672   4918
13071   2635   4918
13077   3573   4921
13080   1686   4921
13082    691   4922
13084   1610   4922
13088   4924   4925
13089   3651   4924
13091   3316   4924
13092   4506   4925
13094    752   4925
13095   4926   4927
13096   2073   4926
13097   4786   4926
13098   3549   4926
13099   2366   4927
13100   4745   4927
13101   3045   4927
13107   3558   4930
13110   3634   4930
13113   4809   4931
13114   4756   4931
13118   4933   4934
13119   4380   4933
13122   4515   4934
13123   4895   4934
13124   4685   4934
13129   4519   4936
13138   3937   4939
13139   4930   4939
13140   2881   4939
13141   4940   4941
13144    356   4940
13145    529   4941
13147   4629   4940
13148   3182   4941
13150   4943   4944
13153    407   4943
13154   3627   4944
13155   4874   4944
13156   3234   4944
13157   4945   4946
13158   3842   4945
13159   4638   4945
13160   3021   4945
13162   4650   4946
13163   3486   4946
13180   4952   4953
13181   2653   4952
13183   4646   4952
13184   2652   4953
13185   3728   4953
13186   4578   4953
13188   1946   4954
13190   4256   4954
13201   4958   4959
13204   3550   4958
13205   2076   4959
13207    253   4958
13208   4661   4959
13216   1880   4961
13222   4296   4964
13225   4537   4964
13232   4561   4968
13233   4884   4968
13236   4488   4969
13237   3432   4969
13238   3568   4969
13244   4972   4973
13246   3490   4972
13247   4088   4973
13249   4503   4972
13250   2071   4973
13256   3431   4976
13280    116   4983
13291    887   4986
13292   4941   4986
13297   4988   4989
13299   4983   4988
13301   1877   4989
13302   3585   4989
13311   4992   4993
13315    173   4993
13328   2093   4996
13331   2219   4996
13338    294   5000
13341    353   5000
13353     24   5004
13359   5007   5008
13360    610   5007
13361    688   5007
13362    623   5007
13363   4657   5008
13378   2172   5012
13381   1544   5012
13385   5015   5017
13387    938   5015
13390   4748   5015
13392   2022   5017
13393   5018   5019
13394   3762   5018
13395   3265   5018
13396   2879   5018
13397   4674   5019
13398   4843   5019
13399   1716   5019
13400   5020   5021
13401    445   5020
13402   4779   5020
13403   2977   5020
13404   4438   5021
13405   4899   5021
13406   2542   5021
13414   4149   5023
13419   2488   5025
13422   3458   5025
13426   2972   5028
13427   3954   5028
13428   4453   5028
13433   4806   5030
13434   4972   5030
13435   1722   5030
13439   5032   5033
13440    952   5032
13441   4848   5032
13442   3179   5032
13443   3112   5033
13445   4011   5033
13446   5034   5035
13447    812   5034
13448   4964   5034
13449   3241   5034
13450    820   5035
13452   4437   5035
13453   5036   5037
13454   4693   5036
13455   4708   5036
13456     49   5036
13457   4497   5037
13458   4720   5037
13459   3936   5037
13460   5038   5039
13461   2219   5038
13462   5000   5038
13464   1311   5039
13466   4947   5039
13467   5040   5041
13468   3787   5040
13470   4685   5040
13471   1881   5041
13472   4961   5041
13473   4494   5041
13481   5044   5045
13482   4663   5044
13483   4795   5044
13484   3289   5044
13485   4505   5045
13486   4794   5045
13490   5047   5048
13493   1099   5048
13496   2657   5048
13505   2473   5051
13507    747   5051
13512   3484   5053
13513   5025   5053
13514   4656   5053
13525   5057   5058
13526   5008   5057
13528   3362   5057
13529   4184   5058
13530   4976   5058
13531   4766   5058
13536    483   5060
13542   5062   5064
13544   3316   5062
13547   4395   5062
13549   4251   5064
13553   3683   5065
13556   4515   5065
13559   5068   5069
13560    250   5068
13561   4959   5068
13562   1970   5068
13564   4958   5069
13568   5071   5072
13570   4734   5071
13571   1877   5072
13573   3613   5071
13574   3672   5072
13578   4986   5073
13591   1921   5077
13598   3559   5081
13601    372   5081
13605    159   5082
13608   5047   5082
13611   5085   5086
13612   1722   5085
13613   4341   5085
13614   2731   5085
13615   3066   5086
13616   3659   5086
13617   2732   5086
13625   5089   5090
13626    156   5089
13627   5047   5089
13628   3755   5089
13629   2799   5090
13630   5048   5090
13631   3805   5090
13633   4101   5091
13634   4858   5091
13635   1029   5091
13646   5095   5096
13647   4113   5095
13648    320   5095
13649   3782   5095
13650   4442   5096
13652   4860   5096
13653   5097   5098
13654   4788   5097
13655   4878   5097
13657   4207   5098
13659   1604   5098
13669   5102   5103
13670   2979   5102
13671   5004   5102
13672   3619   5102
13673   3623   5103
13675   3557   5103
13676   5104   5105
13677    128   5104
13678   4988   5104
13679   2139   5104
13680    126   5105
13681   4983   5105
13682   2136   5105
13683   5106   5107
13684   3734   5106
13685   4943   5106
13686   4841   5106
13688   4874   5107
13690   5108   5109
13692   3585   5108
13693   1352   5108
13694   2937   5109
13695   4989   5109
13696   1347   5109
13699   5111   5112
13702   4100   5112
13704   4568   5111
13705    604   5112
13710    380   5114
13713   4976   5114
13715   5116   5117
13717   5077   5116
13718   4851   5116
13719   4073   5117
13721   3287   5117
13727   4988   5120
13730   1127   5120
13731   5121   5122
13732   2816   5121
13733   5111   5121
13734   3106   5121
13735   1179   5122
13736   5112   5122
13757   5129   5131
13759   4708   5129
13761   1515   5131
13764    937   5131
13765   5132   5133
13766   3009   5132
13767   5035   5132
13768   2073   5132
13769   4661   5133
13770   4964   5133
13771   2076   5133
13775     18   5134
13778   4321   5134
13781   5137   5138
13782   3797   5137
13783   4900   5137
13784    588   5137
13787   3953   5138
13788   5139   5140
13792   4453   5140
13793   5082   5140
13794   4364   5140
13802   5143   5144
13803   3662   5143
13804   4788   5143
13805   4207   5143
13806   3908   5144
13807   4906   5144
13808   1601   5144
13818   5148   5149
13819   2877   5148
13820   4209   5148
13822   3166   5149
13823   3186   5149
13824   4726   5149
13836   3289   5153
13839   4884   5153
13845    924   5156
13846   5025   5156
13847    899   5156
13849   2628   5157
13850   4461   5157
13851    301   5157
13855   5159   5160
13858   4899   5159
13859   4633   5160
13861   4469   5159
13862    844   5160
13864   5162   5163
13865    187   5162
13866   5060   5162
13867   3029   5162
13868   4993   5163
13871   5164   5165
13872   4390   5164
13873   5153   5164
13874   4706   5164
13875   5064   5165
13877   4924   5165
13878   5166   5167
13879   3589   5166
13880   5129   5166
13881   1332   5166
13882   3305   5167
13883   5131   5167
13884   1001   5167
13885   5168   5169
13887   4936   5168
13888   3986   5168
13889    770   5169
13891   4424   5169
13893   3061   5170
13894   5114   5170
13895   4800   5170
13899   5172   5173
13902    315   5172
13903   5038   5173
13904   4996   5173
13905   2478   5173
13906   5174   5175
13912   2560   5175
13916   4412   5176
13920   5178   5179
13921   2638   5178
13923   3992   5178
13924    371   5179
13925   5081   5179
13926    369   5179
13931   1101   5181
13932   4772   5181
13933   1398   5181
13934   5182   5183
13935    688   5182
13936   5057   5182
13937   4300   5182
13938   3061   5183
13939   4976   5183
13940   1918   5183
13951   4722   5186
13954   4581   5186
13957   5189   5190
13960   1672   5189
13963   5091   5189
13964   4860   5190
13970   4569   5193
13971   5120   5193
13972    128   5193
13973   5194   5195
13974   3747   5194
13975   4779   5194
13976   3391   5194
13977   4633   5195
13978   4899   5195
13979    820   5195
13980   5196   5197
13981   2562   5196
13982   4936   5196
13985   5169   5197
13986   3024   5197
13987   5198   5199
13988   4150   5198
13989   5033   5198
13991   3816   5199
13992   4848   5199
13993   4835   5199
14006   3602   5203
14009   4013   5203
14030   5212   5213
14032   2018   5212
14033   2033   5213
14035   2022   5212
14036   4784   5213
14046   5217   5218
14047     85   5217
14048   5178   5217
14049     80   5217
14050   1208   5218
14051   5081   5218
14052   3560   5218
14057   2907   5220
14060   4862   5220
14073   1634   5225
14074   5064   5225
14075   4162   5225
14076   5226   5227
14077   4116   5226
14078   5015   5226
14079   2677   5226
14080   4578   5227
14081   5017   5227
14082    380   5227
14092   5231   5232
14094   3889   5231
14095   3663   5232
14097   1256   5231
14098   3270   5232
14099   5233   5234
14100   5138   5233
14102   3361   5233
14103   4900   5234
14104   5186   5234
14105   3809   5234
14116   5238   5240
14118   2880   5238
14120    649   5240
14121   3009   5238
14128   4847   5242
14133   5244   5245
14135   5060   5244
14136   4791   5244
14137   4947   5245
14138   5163   5245
14144   1752   5247
14145   5176   5247
14146   4895   5247
14156   5251   5252
14157   4299   5251
14158   5071   5251
14159   5174   5251
14160   4077   5252
14161   5072   5252
14162   2560   5252
14164   5253   5255
14166    108   5253
14168     96   5255
14169   4848   5253
14171   3751   5255
14172   5256   5257
14175    701   5256
14176   3902   5257
14179   4922   5257
14185   4408   5260
14188   3929   5260
14190   5262   5263
14191   3826   5262
14193    607   5262
14194   3954   5263
14196   5139   5263
14198   3500   5264
14199   5257   5264
14208   1660   5267
14209   2997   5267
14210    640   5267
14217   4659   5268
14220   5271   5272
14221    156   5271
14222   5082   5271
14223    134   5271
14224   4093   5272
14225   5139   5272
14227   5273   5274
14228   3083   5273
14230   4418   5273
14231   3561   5274
14232   5263   5274
14233   4093   5274
14238   1115   5276
14239   5120   5276
14240    116   5276
14241   5277   5278
14242    820   5277
14243   5238   5277
14245   4633   5278
14246   5240   5278
14247   4199   5278
14253   1457   5281
14256   3717   5281
14277   5172   5288
14280   4947   5288
14284   5291   5292
14287   2562   5292
14289   2576   5291
14290   5197   5292
14298   5295   5296
14299   2388   5295
14300   5190   5295
14301   4451   5295
14302   1334   5296
14303   5189   5296
14304   1565   5296
14317   4947   5301
14320   4993   5301
14321   5302   5303
14322    565   5302
14323   5220   5302
14324   3721   5302
14325   1435   5303
14327   2242   5303
14329   5017   5304
14330   5212   5304
14331   5114   5304
14346   2538   5309
14347   5134   5309
14348   3028   5309
14349   5310   5311
14350   3313   5310
14352   1502   5310
14353   1651   5311
14354   5174   5311
14355   4299   5311
14367   3523   5315
14368   5301   5315
14370   5316   5317
14371   1798   5316
14373   4878   5316
14374   1802   5317
14375   5281   5317
14376   5098   5317
14386   5321   5322
14387    211   5321
14388   5253   5321
14389     82   5321
14391   5255   5322
14392   4176   5322
14402   5326   5327
14403   4407   5326
14404   5231   5326
14405   1254   5326
14406   2645   5327
14407   5232   5327
14408   1336   5327
14409   5328   5329
14410   5315   5328
14411   5288   5328
14412   4812   5328
14413   3906   5329
14415   4625   5329
14417   5330   5332
14421   1123   5332
14422   3568   5330
14424    133   5332
14425   5333   5334
14426   4154   5333
14427   5316   5333
14428   4127   5333
14430   5281   5334
14431   4232   5334
14432   5335   5336
14435   1794   5335
14436   1789   5336
14438    493   5335
14439   4524   5336
14441   5338   5339
14444   2648   5338
14445   3809   5339
14447   3352   5338
14448   4312   5339
14450   5341   5342
14451   2079   5341
14452   5023   5341
14453   2724   5341
14454   1871   5342
14456   2726   5342
14457   5343   5344
14458   1398   5343
14460   2587   5343
14461   4344   5344
14462   5203   5344
14464   5345   5346
14466   5260   5345
14467   3330   5345
14468   1734   5346
14470   3933   5346
14471   5347   5348
14472   3626   5347
14474   3890   5347
14475   1090   5348
14477   4631   5348
14478   5349   5350
14479   4683   5349
14480   5336   5349
14481   4862   5349
14482   4510   5350
14483   5335   5350
14485   5351   5352
14486   4658   5351
14487   5339   5351
14488   3361   5351
14489   5268   5352
14490   5338   5352
14491   5028   5352
14494   5354   5355
14496   1970   5354
14497   1627   5355
14499   3585   5354
14500   4983   5355
14501   5356   5357
14504   4054   5356
14505   4486   5357
14507   4451   5357
14510   5359   5360
14512    187   5359
14513   3029   5360
14515   1574   5359
14516   2170   5360
14517   5361   5362
14518   1236   5361
14519   5260   5361
14520   4702   5361
14521   3836   5362
14522   5346   5362
14523   4907   5362
14524   5363   5364
14526   5359   5363
14527    178   5363
14528   5012   5364
14529   5360   5364
14530    189   5364
14531   5365   5366
14532   4700   5365
14533   5291   5365
14534   1091   5365
14535   4624   5366
14536   5292   5366
14538   5367   5368
14539   5047   5367
14540   5330   5367
14542    159   5368
14543   5332   5368
14544   4782   5368
14563   5375   5376
14565   5264   5375
14566   3790   5375
14567   4722   5376
14568   5256   5376
14569   2599   5376
14570   5377   5378
14571   4579   5377
14573    387   5377
14574   4645   5378
14575   5268   5378
14577   5379   5380
14578   5350   5379
14579   5220   5379
14580   3671   5379
14581   3432   5380
14582   5303   5380
14583   2497   5380
14592   5233   5383
14614   1880   5391
14617   4064   5391
14628   1257   5394
14631   1083   5394
14638   1184   5398
14641   1191   5398
14646   3601   5400
14649   4740   5400
14652   5403   5404
14653   3343   5403
14654   5398   5403
14655   2642   5403
14656   5383   5404
14658   1333   5404
14663   3267   5406
14666   4268   5406
14668   5408   5409
14669    645   5408
14671   3131   5408
14672    677   5409
14674   4341   5409
14675   5410   5411
14678   5097   5410
14679   4799   5411
14681   4275   5410
14682   4741   5411
14684   5413   5414
14688   3620   5414
14690   4847   5413
14691   4531   5414
14694   1977   5416
14695   5354   5416
14696    250   5416
14705   1133   5420
14708   5193   5420
14709   5421   5422
14710   5304   5421
14711   5411   5421
14712   5170   5421
14713   5213   5422
14714   5410   5422
14715   1367   5422
14716   5423   5424
14717   3255   5423
14718   5400   5423
14719   5203   5423
14720   4772   5424
14722   5343   5424
14723   5425   5426
14726    658   5425
14727    898   5426
14729   3564   5426
14734   3797   5428
14735   5391   5428
14736   5342   5428
14737   5429   5430
14738   5264   5429
14741   3903   5430
14742   5383   5430
14743   3343   5430
14761   5436   5438
14763   4585   5436
14765   3782   5438
14766   5356   5436
14785   5444   5445
14786   1946   5444
14787   5424   5444
14789   4228   5445
14790   5400   5445
14791   2885   5445
14794   5447   5448
14796   3524   5447
14797   4876   5448
14799   2366   5447
14800   4043   5448
14809   5451   5453
14811   2375   5451
14816   1752   5453
14817   5454   5455
14818   3081   5454
14819   5398   5454
14820    592   5454
14821   5138   5455
14822   5404   5455
14823   4063   5455
14824   5456   5457
14826   5451   5456
14827   5051   5456
14828   3674   5457
14829   5453   5457
14830   4337   5457
14834   3704   5458
14840   5461   5462
14841   2576   5461
14843   3282   5461
14844   3818   5462
14845   5394   5462
14846   3872   5462
14856   5466   5467
14857   3171   5466
14859   5416   5466
14860    116   5467
14861   5458   5467
14862   5355   5467
14863   5468   5469
14864   1607   5468
14865   5406   5468
14866   4741   5468
14867   1601   5469
14869   3034   5469
14874   4921   5471
14875   5438   5471
14876    326   5471
14879   5473   5474
14881     49   5473
14882   4913   5474
14884   5129   5473
14885    931   5474
14891   2203   5477
14894   4961   5477
14895   5478   5479
14896   1091   5478
14897   5394   5478
14898   3929   5478
14899   5291   5479
14900   5461   5479
14901   1236   5479
14905   4315   5480
14908   1734   5480
14914   5429   5483
14917   4568   5483
14920   5486   5487
14921    124   5486
14924   5276   5487
14925   5420   5487
14926   2919   5487
14929   5414   5488
14930   3236   5488
14934   5490   5491
14935   3589   5490
14936   5473   5490
14937   2643   5490
14938   5344   5491
14939   5474   5491
14940   1711   5491
14943   5493   5494
14945   3284   5493
14946   1234   5494
14948     24   5493
14949   4479   5494
14959   5498   5499
14960   4320   5498
14961   5493   5498
14963   4038   5499
14964   5494   5499
14965   4936   5499
14974   5502   5504
14976   2722   5502
14978   3793   5504
14979   4602   5502
14982   5505   5506
14983   3499   5505
14984   5502   5505
14985   4670   5505
14987   5504   5506
14988   4305   5506
14993   1764   5508
15007   5513   5514
15010   5486   5513
15011   2538   5514
15013   2919   5513
15014   2700   5514
15023   4555   5517
15029   5391   5520
15030   5477   5520
15031   3645   5520
15032   5521   5522
15033   1730   5521
15034   5480   5521
15035   1736   5521
15036   3380   5522
15038   3871   5522
15041   5508   5523
15047   5525   5527
15049   3496   5525
15051   2121   5527
15052   2998   5525
15054   5267   5527
15055   5528   5529
15056   4480   5528
15057   5522   5528
15058   5077   5528
15059   3837   5529
15060   5480   5529
15061   5117   5529
15064   5531   5532
15066   2519   5531
15067   5345   5532
15069   4101   5531
15070   3323   5532
15075   5122   5534
15078   4739   5534
15080   5536   5537
15081   4564   5536
15082   5531   5536
15083   4314   5536
15085   5532   5537
15086   1734   5537
15096   5541   5542
15098   4968   5541
15099   4471   5542
15101   5153   5541
15102   5165   5542
15103   5543   5544
15104   5077   5543
15105   2584   5543
15106   4729   5543
15107   1918   5544
15108   2031   5544
15109   3062   5544
15114   5348   5546
15116   3838   5546
15130   4469   5551
15131   5448   5551
15132   2065   5551
15133   5552   5553
15136   5504   5552
15137   4081   5553
15138   5483   5553
15139   4206   5553
15143    508   5554
15146   2492   5554
15158   5560   5561
15159   4453   5560
15160   5514   5560
15161   5268   5560
15162   4364   5561
15163   5513   5561
15164   5377   5561
15165   5562   5563
15166   4108   5562
15167   5517   5562
15168   5488   5562
15169   4323   5563
15171   5413   5563
15198   5523   5571
15201   4734   5571
15206   5575   5576
15208   5498   5575
15209   5168   5576
15211   2646   5575
15212   4397   5576
15229   5582   5583
15230   3783   5582
15232   1670   5582
15235   3496   5583
15245   5587   5588
15247   5582   5587
15249   2492   5588
15250   5583   5588
15251   2121   5588
15252   5589   5590
15253   2206   5589
15254   5525   5589
15255   2213   5589
15256   3027   5590
15257   5527   5590
15258   4353   5590
15261   5592   5593
15263   4675   5592
15264   2314   5593
15266   3747   5592
15267   3391   5593
15268   5594   5595
15269   4024   5594
15270   5592   5594
15271   5406   5594
15272   1012   5595
15273   5593   5595
15274   5469   5595
15286   4300   5599
15289   5116   5599
15293   5602   5603
15295   2383   5602
15296   4715   5603
15298   4282   5602
15299   5451   5603
15305    677   5606
15308   4865   5606
15309   5607   5608
15310   4961   5607
15313   5040   5608
15314   5571   5608
15315   1764   5608
15325   5612   5613
15328   3345   5612
15329   4099   5613
15331   1422   5612
15332   5111   5613
15337   3705   5615
15340   4161   5615
15350   5309   5619
15352   5621   5622
15353   5045   5621
15354   5541   5621
15355   4370   5621
15356   4925   5622
15357   5542   5622
15358   4339   5622
15362   4686   5623
15365   5413   5623
15368   5626   5627
15369   4933   5626
15370   5602   5626
15371   5242   5626
15372   5247   5627
15373   5603   5627
15375   5628   5629
15376    366   5628
15378   1245   5628
15379   4847   5629
15380   5623   5629
15381   4933   5629
15382   5630   5631
15385   4434   5630
15386   1543   5631
15388   3124   5630
15389   4206   5631
15403   4812   5637
15406   3110   5637
15411   5065   5639
15414   3786   5639
15416   5641   5642
15417    507   5641
15418   5554   5641
15419    512   5641
15420   1980   5642
15422   3821   5642
15423   5643   5644
15424   5134   5643
15425   5619   5643
15426   5103   5643
15427   2986   5644
15429   5004   5644
15430   5645   5646
15431   4290   5645
15432   5575   5645
15433   3282   5645
15434   4733   5646
15435   5576   5646
15436    770   5646
15441   4036   5648
15442   5637   5648
15443   4250   5648
15453   5652   5653
15454   5483   5652
15455   5613   5652
15456   3500   5652
15457   5552   5653
15458   5612   5653
15459   5506   5653
15479   4858   5659
15482   5587   5659
15485   5662   5663
15486   3613   5662
15487   5571   5662
15488   4651   5662
15489   3788   5663
15490   5607   5663
15491   4167   5663
15496   4809   5665
15499   4555   5665
15501   5667   5668
15502   2652   5667
15503   5486   5667
15504   4579   5667
15505    123   5668
15506   5420   5668
15507   4186   5668
15508   5669   5670
15509   4874   5669
15511   5425   5669
15512   4738   5670
15513   5606   5670
15514    645   5670
15532   5676   5678
15534   4279   5676
15536   4887   5678
15537   4232   5676
15540   5679   5680
15541   5225   5679
15542   5615   5679
15543   2795   5679
15544   5062   5680
15546   2949   5680
15547   5681   5682
15550   4353   5681
15551    237   5682
15553    250   5681
15554   3591   5682
15572   5689   5690
15573   5458   5689
15574   5682   5689
15575   5619   5689
15576   5466   5690
15577   5681   5690
15578   3027   5690
15611   5701   5702
15612   5642   5701
15614   4314   5701
15615   5554   5702
15616   5659   5702
15617   4564   5702
15627   5706   5707
15632   4952   5706
15633   3086   5707
15638    250   5709
15641   1977   5709
15647    124   5712
15650    116   5712
15652   5714   5715
15653   4766   5714
15654   5706   5714
15655   2986   5714
15656   3431   5715
15657   5707   5715
15658   4132   5715
15660   1325   5716
15661   5709   5716
15662   5069   5716
15675   5721   5722
15677   5676   5721
15679   4763   5722
15680   5678   5722
15681    360   5722
15687   3945   5725
15690   1438   5725
15691   5726   5727
15692   5429   5726
15693   5631   5726
15694   5375   5726
15695   5383   5727
15696   5630   5727
15697   5186   5727
15698   5728   5729
15699    126   5728
15700   5712   5728
15701   2653   5728
15704   5706   5729
15705   5730   5731
15706   5108   5730
15707   5639   5730
15708   1314   5730
15709   5175   5731
15711   1300   5731
15713   5732   5734
15715   3531   5732
15717   1822   5734
15718   5520   5732
15721   5735   5736
15723   5659   5735
15724   1032   5735
15725   1978   5736
15726   5701   5736
15727   1039   5736
15728   5737   5738
15729   4670   5737
15730   5665   5737
15731    556   5737
15732   4305   5738
15734   3008   5738
15747   4011   5742
15751   5744   5745
15752   4501   5744
15753   5623   5744
15754   2233   5744
15755   3240   5745
15756   5628   5745
15757   2230   5745
15761    890   5746
15764   4931   5746
15772   3125   5751
15775    454   5751
15785   5755   5756
15786   5458   5755
15787   5712   5755
15788   5619   5755
15789   1168   5756
15790   5729   5756
15791   5644   5756
15797   4454   5759
15800   3763   5759
15801   5760   5761
15805   2908   5761
15807   1789   5760
15808   1794   5761
15813   4454   5763
15816   1137   5763
15819   5766   5767
15820   5599   5766
15821   5761   5766
15822    689   5766
15824   5760   5767
15825   4922   5767
15826   5768   5769
15827   5665   5768
15829   4931   5768
15830   5738   5769
15831   5759   5769
15832    890   5769
15834   5770   5772
15838    507   5772
15839   1714   5770
15841   1980   5772
15885   4353   5786
15888   2121   5786
15919   5176   5797
15920   5725   5797
15921   2660   5797
15942   4373   5804
15943   5763   5804
15944   3763   5804
15993   5820   5821
15994   5428   5820
15995   5732   5820
15996    588   5820
15997   5023   5821
15998   5734   5821
15999   1069   5821
16032   5832   5833
16033   1689   5832
16035   5356   5832
16036   3722   5833
16037   5746   5833
16038    703   5833
16055   5839   5840
16056   4726   5839
16057   5746   5839
16058   5073   5839
16059   5148   5840
16060   5832   5840
16062   5841   5842
16064    829   5841
16065   5277   5841
16067   4678   5842
16068   4713   5842
16086   5848   5850
16088   4832   5848
16090   4954   5850
16091   5552   5848
16093   3506   5850
16094   5851   5852
16095   5841   5851
16096   3892   5851
16097   2881   5851
16098   5842   5852
16099   4620   5852
16100   3937   5852
16104   5196   5853
16107   4073   5853
16114    301   5857
16117   3182   5857
16119   5859   5860
16120   3760   5859
16122   4835   5859
16124   5742   5860
16125   5198   5860
16126   5861   5862
16127   5157   5861
16129    315   5861
16130   4463   5862
16131   5751   5862
16132   4196   5862
16149   5868   5869
16150   5786   5868
16152   5709   5868
16154   1978   5869
16155   5716   5869
16156   5870   5871
16157   3170   5870
16158   5770   5870
16160   5868   5871
16161   5772   5871
16162    627   5871
16166   5156   5872
16169   5160   5872
16173   5875   5877
16175   2095   5875
16177   4725   5877
16178   2955   5875
16180   2236   5877
16182   5763   5878
16183   5857   5878
16184   4461   5878
16188   5880   5881
16189   3193   5880
16190   5848   5880
16191   2587   5880
16192   1935   5881
16193   5850   5881
16194   5444   5881
16195   5882   5883
16196   3110   5882
16197   5875   5882
16198   4996   5882
16199   4812   5883
16200   5877   5883
16201   5172   5883
16202   5884   5885
16203   1496   5884
16204   5310   5884
16205   3550   5884
16206   1300   5885
16207   5175   5885
16208   5069   5885
16209   5886   5887
16210   5599   5886
16211   5853   5886
16212   4519   5886
16213   5767   5887
16215   5256   5887
16220   4715   5889
16223   5456   5889
16229   3339   5892
16232   5742   5892
16236   5895   5896
16238    337   5895
16239   2641   5896
16241    320   5895
16242    497   5896
16243   5897   5898
16244   3782   5897
16245   5895   5897
16246    325   5897
16247   5583   5898
16248   5896   5898
16249   3495   5898
16250   5899   5900
16251   2923   5899
16252   5857   5899
16254   4264   5900
16256   3326   5900
16257   5901   5902
16258   1531   5901
16259   5889   5901
16260   1938   5901
16261   4794   5902
16263   1935   5902
16264   5903   5904
16265   5051   5903
16266   5889   5903
16267   4783   5903
16268   4505   5904
16269   5902   5904
16270   4759   5904
16271   5905   5906
16272   5859   5905
16273   5892   5905
16274   2792   5905
16275   4060   5906
16277   4267   5906
16278   5907   5908
16279   5240   5907
16280   5872   5907
16281    923   5907
16282   4503   5908
16284   4806   5908
16290   3499   5911
16293   4670   5911
16294   5912   5913
16297   5176   5912
16298   2660   5913
16300   5627   5912
16301   2721   5913
16308   4771   5917
16311   3946   5917
16316   3996   5919
16319    381   5919
16331    899   5924
16332   5919   5924
16333   5426   5924
16350   1458   5930
16352   4373   5930
16369   5936   5937
16370    189   5936
16372   3695   5936
16373   2195   5937
16374   5917   5937
16375   2114   5937
16376   5938   5939
16377   2907   5938
16379   5760   5938
16380    556   5939
16381   5911   5939
16382   1610   5939
16383   5940   5941
16384    865   5940
16385   5913   5940
16386   5517   5940
16387   5242   5941
16388   5912   5941
16389   5563   5941
16392   5943   5944
16394   2410   5943
16397   4921   5943
16398   2914   5944
16399   5945   5946
16401   5936   5945
16403   5725   5946
16404   5917   5946
16405   3211   5946
16425   1853   5952
16428   5729   5952
16439   5957   5959
16441   1745   5957
16443    508   5959
16444   5537   5957
16446   4564   5959
16447   5960   5961
16448   5438   5960
16449   5943   5960
16450   3783   5960
16451   5357   5961
16452   5944   5961
16453   5190   5961
16454   5962   5963
16455    387   5962
16456   5919   5962
16458   5139   5963
16460    607   5963
16461   5964   5965
16462   4862   5964
16463   5938   5964
16464   1789   5964
16465   3946   5965
16466   5911   5965
16467   2195   5965
16470   5967   5968
16472   2599   5967
16473   3024   5968
16475   2195   5967
16476   4590   5968
16495   5975   5976
16497   5872   5975
16498   5159   5976
16500   5053   5975
16501   5551   5976
16502   5977   5978
16503   1789   5977
16504   5967   5977
16505   5887   5977
16506   4524   5978
16507   5968   5978
16508   5853   5978
16509   5979   5980
16510   1258   5979
16511   5957   5979
16512   5366   5979
16513   5096   5980
16514   5959   5980
16515   4204   5980
16520   5107   5982
16523    607   5982
16525   5984   5985
16526   5707   5984
16527   5952   5984
16528   3651   5984
16529   4401   5985
16531   3316   5985
16532   5986   5987
16534   5985   5986
16535   5680   5986
16536   1168   5987
16537   5952   5987
16538   5615   5987
16588   6003   6005
16592   1311   6005
16593   5523   6003
16596   6006   6007
16597   4734   6006
16598   6003   6006
16599   5639   6006
16600   5174   6007
16601   6005   6007
16602   5731   6007
16604   6008   6010
16608   4743   6010
16609   5073   6008
16611   3913   6010
16612   6011   6012
16614   5982   6011
16615   5669   6011
16616   4418   6012
16618   5606   6012
16623   4755   6014
16626   5488   6014
16628   6016   6017
16631   4943   6016
16632    401   6017
16634   4100   6016
16635   4083   6017
16639   6020   6021
16641   1810   6020
16642   4688   6021
16644   5734   6020
16645   5477   6021
16646   6022   6023
16647   5840   6022
16648   6008   6022
16649   5436   6022
16650   4209   6023
16651   6010   6023
16652   5471   6023
16654   6024   6026
16656    625   6024
16658   1191   6026
16659   5262   6024
16661   5273   6026
16662   6027   6028
16663   5546   6027
16664   6017   6027
16665   5347   6027
16666   5534   6028
16667   6016   6028
16668   3627   6028
16678   6032   6033
16679   5517   6032
16680   6014   6032
16681   5768   6032
16682    865   6033
16684   5759   6033
16685   6034   6035
16686   1824   6034
16687   6020   6034
16688   3487   6034
16689   5607   6035
16690   6021   6035
16691   4367   6035
16692   6036   6037
16693   5982   6036
16694   6024   6036
16695    604   6036
16696   6012   6037
16697   6026   6037
16698   1179   6037
16706   6040   6041
16709   4264   6040
16710   3106   6041
16712   5546   6040
16713   5534   6041
16715   6043   6044
16716   3880   6043
16717   6041   6043
16718   3916   6043
16719   2185   6044
16720   6040   6044
16721   2190   6044
16739   6050   6052
16741   4434   6050
16743   4968   6052
16744   3776   6050
16746   1586   6052
16750   1069   6053
16753   1818   6053
16756   6056   6057
16757   4292   6056
16759   1067   6056
16760   1962   6057
16761   6053   6057
16762   1065   6057
16763   6058   6059
16764   4276   6058
16765   5975   6058
16766   5908   6058
16767   5447   6059
16768   5976   6059
16769   4504   6059
16770   6060   6061
16771   4531   6060
16772   6014   6060
16774    535   6061
16775   6033   6061
16776    539   6061
16779   6063   6064
16781   2638   6063
16782   4181   6064
16784   3992   6063
16786   6065   6066
16787   5012   6065
16788   6050   6065
16789   1543   6065
16790   5363   6066
16791   6052   6066
16792   4370   6066
16793   6067   6068
16794     96   6067
16795   6063   6067
16796   2944   6067
16797   4544   6068
16798   6064   6068
16799    357   6068
16801   6069   6071
16803   5408   6069
16806   3938   6069
16808   4267   6071
16809   6072   6073
16812   5163   6072
16813   4992   6073
16815   3695   6072
16816   5945   6073
16819   4939   6075
16820   6069   6075
16821   4533   6075
16827   6078   6079
16829   2875   6078
16830    489   6079
16832   4585   6078
16833   3566   6079
16834   6080   6081
16835   3212   6080
16836   6073   6080
16837   5508   6080
16838   4946   6081
16839   6072   6081
16841   6082   6083
16842   6008   6082
16843   6078   6082
16844   4986   6082
16845   4742   6083
16846   6079   6083
16847   4940   6083
16852   3340   6085
16855   3507   6085
16859   6085   6087
16860   5892   6087
16870   6085   6089
16873   6092   6093
16874   5906   6092
16876   4059   6092
16877   6087   6093
16878   6089   6093
16879    757   6093
16882   6095   6096
16884   2836   6095
16885   3760   6096
16887   4149   6095
16888   5860   6096
16890   2734   6097
16891   6089   6097
16892   3819   6097
16896   6099   6100
16897   5023   6099
16898   6095   6099
16899   6053   6099
16901   6096   6100
16902   6056   6100
16907   2724   6102
16910   6100   6102
16912   6104   6105
16915    216   6104
16916   3178   6105
16918   2824   6104
16919    214   6105
16941   4583   6113
16944   2731   6113
16946   6115   6116
16947   1067   6115
16948   6102   6115
16949   4541   6115
16950    757   6116
16952   2967   6116
16957   5721   6118
16960   1511   6118
16962   6120   6121
16963   5742   6120
16964   6102   6120
16965   3161   6120
16966   6087   6121
16967   6116   6121
16968   1590   6121
16969   6122   6123
16972    758   6122
16973   6089   6123
16975   2576   6122
16976   3819   6123
16978   6125   6126
16979    533   6125
16980   6118   6125
16982   1137   6126
16984   5930   6126
16985   6127   6128
16986   5409   6127
16987   6113   6127
16988   6071   6127
16989   1451   6128
16991   4266   6128
16992   6129   6130
16993    962   6129
16994   6105   6129
16995   4021   6129
16996   1585   6130
16997   6104   6130
16998   4234   6130
16999   6131   6132
17000   1512   6131
17001   6118   6131
17002   1474   6131
17003   2629   6132
17004   6126   6132
17005   1463   6132
17006   6133   6134
17007    474   6133
17008   6123   6133
17009   3508   6133
17010   4700   6134
17011   6122   6134
17012   3115   6134
17045   6145   6146
17048   4154   6145
17049   3904   6146
17051   5334   6145
17052   4152   6146
17070   6153   6154
17071   4656   6153
17072   4763   6153
17073   6146   6153
17074    980   6154
17075   5678   6154
17076   6145   6154
17167   6183   6185
17169   2838   6183
17171   2208   6185
17172   4060   6183
17174   4930   6185
17177   6187   6188
17179   6060   6187
17180   4727   6188
17182    529   6187
17183   5073   6188
17184   6189   6190
17185   6064   6189
17186   6187   6189
17187   3993   6189
17188   3913   6190
17189   6188   6190
17190    273   6190
17207   6196   6197
17208   6071   6196
17209   6183   6196
17210   1898   6196
17211   6075   6197
17212   6185   6197
17213   2179   6197
17223   6201   6202
17225    211   6201
17226   4909   6202
17228   5322   6201
17229   3103   6202
17230   6203   6204
17233    253   6203
17234    255   6204
17236   4087   6203
17237   1670   6204
17239   6206   6207
17240   5587   6206
17241   6204   6206
17242   5786   6206
17243   5735   6207
17244   6203   6207
17245   5869   6207
17263   6213   6215
17265   4544   6213
17267     96   6215
17268   4613   6213
17270   3751   6215
17271   6216   6217
17272   6113   6216
17273   6213   6216
17274   3710   6216
17275   6128   6217
17276   6215   6217
17277    270   6217
17282   2914   6219
17285   4870   6219
17303   6226   6227
17304   6201   6226
17305   2792   6226
17306   3339   6226
17307   6202   6227
17308   2764   6227
17309    217   6227
17310   6228   6229
17313   2717   6228
17314   4316   6229
17316   6092   6228
17317   6097   6229
17319   6231   6232
17320   4440   6231
17321   6219   6231
17322   4466   6231
17323   3525   6232
17325   3714   6232
17326   6233   6234
17327   3949   6233
17328   6229   6233
17329   4015   6233
17330   4267   6234
17331   6228   6234
17332   3938   6234
17335   6236   6237
17337   2410   6236
17338   4087   6237
17340   5030   6236
17341   4973   6237
17358   6243   6244
17359   6236   6243
17360   6219   6243
17361   5944   6243
17362   6237   6244
17363   6232   6244
17364   1672   6244
17399   6256   6257
17401    480   6256
17402   4880   6257
17404   5899   6256
17405   4867   6257
17536   6299   6300
17538   4154   6299
17539   1798   6300
17541   3599   6299
17542   1842   6300
17543   6301   6302
17544   3118   6301
17545   6299   6301
17546   3904   6301
17547   1158   6302
17548   6300   6302
17549   3264   6302
17551   6303   6305
17553    189   6303
17555   1536   6305
17556   5945   6303
17558   5797   6305
17560    301   6306
17561   6256   6306
17562   4790   6306
17566   6308   6309
17567   4992   6308
17568   6303   6308
17569    178   6308
17570   1752   6309
17571   6305   6309
17572   3674   6309
17590   6315   6317
17592    355   6315
17594   4649   6317
17595   4628   6315
17597   4791   6317
17599   5000   6318
17600   6315   6318
17601    358   6318
17639   6331   6332
17641   6306   6331
17642   6257   6332
17644   5244   6331
17646   6333   6334
17647   5288   6333
17648   6331   6333
17649   5861   6333
17650   5329   6334
17651   6332   6334
17652   5751   6334
17656   1651   6335
17659   6005   6335
17667   4832   6340
17670   4954   6340
17671   6341   6342
17672   5245   6341
17674   6317   6341
17675   5039   6342
17676   6335   6342
17677   6318   6342
17678   6343   6344
17679   5523   6343
17680   6335   6343
17681   4651   6343
17682   6081   6344
17683   6341   6344
17684   4650   6344
17685   6345   6346
17686   5878   6345
17688   5900   6345
17689   5804   6346
17690   6340   6346
17691   2531   6346
17697   1311   6349
17700   5301   6349
17703   6351   6352
17705   3326   6351
17706   3224   6352
17708    454   6351
17709   5181   6352
17711   5453   6353
17713   4212   6353
17717   6355   6356
17718   4463   6355
17719   6351   6355
17720   6345   6355
17721   4773   6356
17722   6352   6356
17723   6340   6356
17724   6357   6358
17727   5508   6357
17728   4895   6358
17730   4992   6357
17731   1752   6358
17733   6360   6361
17734   6353   6360
17735   6358   6360
17736   5065   6360
17737   6349   6361
17738   6357   6361
17739   6003   6361
17745   4184   6364
17748   5008   6364
17765   6370   6371
17767    607   6370
17768   5962   6370
17769   6364   6371
17770   4658   6371
17771   5378   6371
17772   6372   6373
17773   5107   6372
17774   6370   6372
17775   3996   6372
17776    623   6373
17777   6364   6373
17778   3556   6373
17780   6374   6376
17782    924   6374
17784   5272   6376
17785   5924   6374
17787   5963   6376
17788   6377   6378
17789   5425   6377
17790   6374   6377
17791    669   6377
17792   6011   6378
17793   6376   6378
17794   4092   6378
17820   6387   6388
17822   4969   6387
17823   3772   6387
17825   4674   6388
17826   2958   6388
17836   6392   6393
17838   5330   6392
17839   6387   6392
17840   5770   6393
17841   1716   6393
17842   6388   6393
17844   6394   6396
17846    474   6394
17848   3508   6396
17849   4880   6394
17851   3931   6396
17852   6397   6398
17853   6332   6397
17854   6394   6397
17855   5060   6397
17856   3906   6398
17857   6396   6398
17858   2464   6398
17884   6407   6408
17885   5870   6407
17887    640   6407
17888   4737   6408
17890   1660   6408
17900   6412   6413
17901   6392   6412
17902   6407   6412
17903   3771   6412
17904   5367   6413
17905   6408   6413
17906   1099   6413
17908   6414   6416
17910    865   6414
17912   5930   6416
17913    535   6414
17915   6125   6416
17916   6417   6418
17917   4846   6417
17918   6414   6417
17919   5242   6417
17920   5721   6418
17921   6416   6418
17922   2383   6418
17926   5315   6419
17929   5637   6419
17932   6422   6423
17933   4211   6422
17935   6353   6422
17936   3109   6423
17937   6419   6423
17938   6349   6423
17939   6424   6425
17940   5648   6424
17941   6419   6424
17942   4387   6424
17943   4262   6425
17944   6422   6425
17945   4337   6425
17971   6434   6435
17972   5004   6434
17974   1224   6434
17975   1168   6435
17977   5986   6435
18003   6444   6445
18004   6434   6444
18005   4908   6444
18006   2979   6444
18007   6435   6445
18008   2634   6445
18009   3891   6445
polygons 2389
0   8566   8891  10986  10989
1   8765   8766  10986  15431  15433
3   7663  14945  14961  15208  15432  15433
5   8890   8891  13675  13775  15424  15426
9   8566   8763   8766  13669  13672  13675
10   8768  13353  13671  13672  14945  14948
11   6691  13353  15427  15429
12  11082  11088  14960  15208  15211
13   5640  11088  13775  13778
14   5640   8890  10989  15211  15431  15432
16   6691  11083  14948  14960  14961
18   8457  11310  11593  11888  11889
19   8116   9725   9726  11887  11889
21   8457   9726  14367  14409  14410  14413
22  10862  11596  11887  11888
23   8116  10855  10862  12103  12717  12718
24  12715  12718  15403  15442  15443
26  10855  11593  11596  15443  17940  17942
27  14410  14412  15403  17926  17929
28     72     79     80   4635   7684   7687
29     72   9826  13453  13456  13459
30     80  12332  13454  13456
33  12368  12371  13872  13874
34   5481  11466  11636  12957  12960
35   7684  11467  12957  13836  13839
37   4635   9824   9826  11466  11467
39     79  12329  12332  12368  12369  12372
40  11632  11633  11674  12334  12369  12371
41   5478   5481   9824  11674  13457  13459
42   7687  12372  13836  13873  13874
44    115  10009  16784  16794  16795
45  10009  10609  10610  13923  14048  14049
48    132  10609  14386  14389  14392
49   6053   6554  11265  11268  11271
50    132   6054   6057  14047  14049
51   6050   6053   6054  14166  14388  14389
53  11265  11266  11269  13921  14047  14048
54  11266  11268  16781  16795  16796
56    115  10610  14168  14391  14392
57   6050   6057  11269  11271
58  13921  13923  16781  16784
61   6554  14164  14166  14168  16794  16796
65   5655   9761   9763  15699  15701
66   5659  15647  15700  15701
67   9761   9762  15501  15502  15505
68  14240  14920  14921  14924  15647  15650
69   5655   5659  14921  15502  15503
70  13280  13299  13727  14239  14240
71  13280  13680  13681  15650  15699  15700
72  13677  13678  13727  13971  13972
74    197   9762   9763  13676  13677  13680
75    197  13972  14708  15505  15506
76   6394   8602  14417  14422  14424
77   5159   6394   7119   7124   8235   8236
78   5156   5159  14424  14542  14543
79    214   7854   7855  14221  14223
80   5156   8234   8235  13605  14222  14223
81   7852   7855   7858   8234   8236
82  13608  13626  13627  14221  14222
86   9220  13627  13628  14422  14539  14540
87    245    214   9218  13626  13628
89  13605  13608  14538  14539  14542
90   6773   7123   7124   8602   9218   9220
95   7119   7123   7857   7858
96    245   6773   7852   7854   7857
97   9024  13864  13867  16812  16815
98  16813  16816  17556  17567  17568
99  13311  13868  16809  16812  16813
101  16372  16401  16809  16815  16816
102    276  13311  13315  17567  17569
103    280    276  14512  14526  14527
104    280  13315  13864  13865  13868
105   9024  14513  14529  14530  16370  16372
107  13865  13867  14510  14512  14513
108  14524  14527  14530  17553  17568  17569
114  16370  16401  17553  17556
115   9807   9809  16915  16918
116   7322   7329  16916  16919
118    315    316   6177   6181  16912  16918  16919
119   6181   9810   9812  13038  13040
120    323    315  13040  17223  17225  17226
121    323    316   7326   7329
122   7845   7847   7850  16912  16915  16916
123   7322   7326   7847  17225  17304  17306
124    331   7849   7850   9806   9807   9810
125   7845   7849  17303  17306  17309
126    331  13038  17226  17307  17309
127   7392   7394   8804   9590   9592
128   7398   8798   8804  10443  10446  10449
129   7394   7395   8142  11414  14228  14230
130    348   6103   8799  10447  10449
131   7008   8578   8579  10444  10446
132   8798   8799   9586   9587   9590
133    348   9587   9589  10338  10343  10344
134   6097   6103   8578  10344  14231  14233
135   7003   7008   7392   7395   7398
136    354    355    356  11192  11193
137    354   8678  15551  15554
138  11191  11193  15547  15550  15551
139    356   8338   8339  17230  17233  17234
140    355   8338   8678  12222  12223
142  11191  11192  15885  17234  17241  17242
143  15550  15553  15638  15885  16150  16152
144  13559  13560  15638  15661  15662
145  12222  13208  13560  13561  15547  15553  15554
146   8339  12223  13201  13207  13208
147  13207  13564  15662  16155  17233  17244  17245
148  16793  16794  16797  17263  17265  17267
149  11836  16797  16798  17184  17185  17188
151   9747  11836  17265  17273  17274
152    402   9073   9747  17188  17190
154    407    408    115  17267  17276  17277
156    411  10012  17184  17187  17190
158    413   9073  17271  17274  17277
159    408    414  10006  10009  10012
160    414    407    413    402    411
161   7847  10071  15747  16229  16232
162   7326  13441  13442  14169  14387  14388
164  16229  16273  16274  17305  17306
165  13445  13989  15747  16124  16125
167   9204  12799  16122  16272  16274
168   9204  14171  14391  17228  17304  17305
170  14386  14387  17225  17228
173  13851  16127  17560  17641  17648  17649
176  13460  13466  13899  13903  14277  14280
177   5126  13338  13462  13903  13905
178  12113  12647  17560  17562
179  13902  14277  16129  17647  17649
180    473   5122   5126   5579   5582
181    473  12110  13338  17595  17599  17600
182   5122   5125  13899  13902  13905
183  14133  14136  17597  17672  17674
184   5579  12109  12110  12113  13849  13851
185   5125   5582  13849  16127  16129
187  13466  14137  17671  17672  17675
189  13648  13649  16241  16244  16245
190    492   8595  10410  13647  13648
191    500    492  16238  16241
193  11971  13647  13649  14761  14763  14765
196    513  14765  14875  14876  16244  16246
198  14763  16648  16649  16832  16842  16843
199    518    519  16238  16245  16246
200    513    518  12490  12496  12497
201  12497  14876  16608  16651  16652
203    500    519   8595  12496  16833  16845  16846
204    523   5606   5608  13338  13341
205    473    523   5615  10623  10625
206   5606   5609   5615  11266  11267
207    535  12112  17592  17595
209    541   6555   6556  17592  17600  17601
210    541    535  10626  16782  16798  16799
211  10622  10623  10626  12110  12112
212    549   5608   6551   6556  11267  11268
213    549  13341  17599  17601
215   5609  10622  10625  16779  16781  16782
216   6551   6555  16793  16796  16799
217    553    554    555  10923  12832  12833
218    556  12830  12833  15375  15376  15379
219    555    559    560    556
220   8572   8771  11688  11689  13598  13925  13926
221    560    571   7528  15376  15755  15756
222  14690  15365  15379  15380
223    553  13601  13924  13925
224  10923  11791  11792  13924  13926
226    571    559    554   8571  13598  13601
227   8771  11792  14688  14691
228   7522   7528   8571   8572
230   5727   5733  10020  10026  16316  16319
231    587   5733  10422  11951  14571  14573
232    587  16319  16455  16456
234   8559  10637  17745  17777  17778
235   8559  10025  10026  14076  14079  14082
236  16316  16456  17768  17774  17775
237  14570  14573  16455  17765  17768  17771
238  12167  14574  17745  17769  17771
241  10637  12165  12167  14080  14082
242   7566   7568  13153  16628  16631  16632
243    620  10310  16632  16635
244    625    626    620   7566   7567
245    627    628    625    629    630
246    631    627   8288   8298   8299
247    630    636    631   9148  12814  12815
248    626    628   8282   8288  10309  10310
249  10309  10361  10362  16628  16634  16635
250  10366  13684  13685  16631  16634
251    650    636    629   7567   7568
252    650  12815  13153  13685  13686
253   8299   9146   9148  10361  10363  10366
255   9146  12814  13684  13686
259    660    661    662  10048  10054  10055
260  10054  13044  13047  13050
261    662    666    667    668
262    668   7133   7136  10052  10055
263   7137  10048  10052  12346  13049  13050
264    660   7537  11606  12599  13046  13047
266    667    683   6568   7134   7136
267   6093   6567   7133   7134   7137
268   6567   6568   7535   9888   9890
269    683    666    661   7530   7535   7537
270   6093   9888  11604  12346  12595  12596
271  13850  13851  16114  16183  16184
272  16256  17688  17705  17719  17720
273  16114  16252  17404  17560  17561
275  11560  16184  17686  17718  17720
278  12898  15775  17405  17642  17651  17652
279  12898  12900  17705  17708
280  15775  16130  16131  17708  17718  17719
283    716    717    718    719    720
284    724    716  12943  17399  17401  17402
285    720  12943  17846  17849
288  14135  17639  17644  17853  17855
289    719    737  13536  17846  17854  17855
291  17402  17642  17849  17853  17854
292    718    744    745    746    737
293    745    748  12646  12649  12652
294    746  12652  13536  14135  14136
295    751  12649  17401  17561  17562
296    717    724    751    748    744
297    754    755  15143  15418  15419
299   5173  10699  10701  15143  15146
300    766   6601   6602  15417  15419
301    754    766  11771  14432  14438  14439
302   6602  11720  14438  14482  14483
303   8965   8967  15146  15417  15418
304   5173   5617   8964   8965   8968
306   5617   6433  10701  11984  11986
307   6601   8964   8967  11715  11717  11720
308   6433   8968  11717  12296  12297
311  11715  12297  14478  14479  14482
312  11985  11986  12296  14439  14479  14480
313    755  10699  11771  11984  11985
314  12164  12165  13180  13183  13186
315  14571  15010  15163  15164  15503  15504
316   5309   5659  12214  12215  13181  13183
317  11946  13184  13186  15502  15504
320   5309  14921  15007  15010  15011
321  10627  16782  17182  17185  17186
322    815    816  10622  10624  10627
323    818    819   5614  10624  10625
324    820   5609   5614  13920  13921  13924
325    824    818    820  10923  10926
326    816  16770  16776  17179  17182
327  10006  10010  13920  13923  13926
329  10010  11792  16771  17179  17186  17187
330    819    824    815  16774  16776
332  10926  11791  16770  16771  16774
334   9118   9119  11875  12710  15496  15499
335    848   9105  12713  15496  15730  15731
336  12710  12713  14322  14324
337  15729  15731  16293  16380  16381
338   9852  11876  12250  16293  16465  16466
339   9119   9121  12885  14060  14322  14323
341    848   6443  16376  16377  16380
342  14057  14060  16377  16462  16463
345   9857  12885  16461  16462  16465
346   9118   9121   9852   9854   9857
348   9854  11870  11875  11876
350   6443   9105  14057  14323  14324
352   6111   8855  10247  14617  15029  15031
353   8579   9883  13787  14817  14818  14821
354  10242  13781  13782  14821  14823
356   6646   6649  10444  10445  15715  15995  15996
359   8856  15031  15715  15718
362   6108   8855   8856  10445  10446
364   6649   8578   9882   9883
365   6646   9882  13781  13784  13787
366  13782  13784  14734  15994  15996
367  10241  10242  14617  14734  14735
368  10241  10247  14817  14820  14823
369   6108   6111   7008  14818  14820
370  16520  16523  17767  17773  17774
371  12210  14191  14193  17765  17767  17770
372   9150  13683  13684  16520  16693  16695
373    954   9146   9147   9150   9709   9712   9715
374   9147  12813  12814  13360  13362
375   9714   9715  14191  16656  16659
376   9712  12207  13359  13360  13363
377  14193  16523  16659  16693  16694
380  12206  13363  17748  17769  17770
382  13359  13362  17748  17776  17777
383  12813  13683  13686  17772  17773  17776
384    954  16656  16694  16695
385    970  16156  16162  17885  17887
386    978    970   8964   8966   8969
387   8966   8967  15838  16161  16162
388   6601  15834  15838  17826  17840  17842
389  11719  11720  17820  17823  17826
391  16158  17836  17840  17885  17901  17902
392   9273  17823  17839  17901  17903
393   6271   8969  11716  11717
396    978   6271   9276  17887  17902  17903
397   6348  14118  14243  16065  16095  16097
398  13138  13140  16094  16097  16100
399   9827   9834  12397  16068  16098  16100
400   1013   1014  10685  12396  12397
401   1014   9834  14669  16803  16806
403   6348  11798  13140  16819  16821
404   7169  11797  11798  14116  14118  14120
405   1025  10685  14120  14246  14247
406   1013   1025   7169  14669  14671
407  11797  14671  16803  16820  16821
408   1029   7169  11149  11150  11153
409  11153  14668  14671  14674
410   1025   1029  14726  17789  17791
411   1013  14726  15508  15511  15514
412  15511  16615  17788  17789  17792
413  10343  11150  11152  17788  17791  17794
414  11415  16612  16616  17792  17794
417   8141  11414  15305  16616  16618
418   8137   8141  11149  11152  14672  14674
419  14668  14669  14672  15305  15513  15514
420  13359  13361  13526  13935  13936
421  11057  12208  13363  13526  13528
422   1063  13935  13937  15286  15820  15822
423   1070  13082  15819  15822  15825
424  10163  11017  13528  13936  13937
425  11751  14175  16209  16212  16215
428  11055  12207  12208  14172  14175  14176
430   1091   9712  13082  14176  14179
432  10163  11055  11057  11751  11752
434   1063   1070   1091  13360  13361
436   1093   6328  10216  11973  11975
437   1101   1104   1093  10310  10311
438   1107    620   1101  10216  11523  11524
440   9494  12122  14477  15114  15116
441   9498  11516  11974  11975  12120  12122
442   9670  12120  14471  14474  14477
444   9495  10311  15116  16635  16663  16664
445  11517  11524  11525  11973  11974
446   1104   6328   9494   9495   9498
447   1107   9665   9666  14474  16632  16664  16665
448   9666   9667  11523  11525
449   9665   9667   9670  11516  11517
452   9942   9943  13505  14811  14826  14827
453  10726  17713  17933  17935
454  10732  14809  14811  17711  17713
455  14829  14830  17711  17935  17944  17945
458  10894  11146  17943  17945
461   9946  10729  10892  17933  17943  17944
466   7057   7059  13505  13507
467   1178  11146  13507  14824  14827  14830
468   1178   7057   7058  10892  10894
469   7058   7059   9940   9943   9946
471   1182   5428  16972  16975
472   1187   1182  12461  15434  15436
473   1187  16878  16879  16969  16972  16973
474  11069  11070  14844  14846
475   5428  14841  14843  15430  15433  15436
476   8765   9607   9613  14840  14843  14846
477   8766   8822   8825   9611   9613
479   8825  10229  16876  17313  17316
480  10988  12460  12461  16873  16876  16879
481   8822  10229  10984  10986  10988
483  16891  16892  16973  16976
487  15023  15499  15827  16679  16681
490  15167  15168  16626  16679  16680
491  12710  12729  12730  12733  13113  13114
494   9118   9120  11841  11843
495   9119   9120  12684  12730  12732
496  10393  11842  11843  12683  12684  12687
497   7518  10393  14930  15166  15168
498   7518   8131   8132  12687  12689
499  11841  11842  11875  15023  15166  15167
500  12683  12689  12729  12732  12735
502   8132  12534  14930  16623  16626
504   8131  12531  12534  12733  12735
506  12531  13114  15829  16623  16680  16681
507    355   1270   1273   6348   6349   6352
508   1273   8337   8338   8341
510   1270   8678   9672   9676  11812  11813
511   6349   8341   8343  14118  14121
512   6352   9676  16096  16097
513   1290   9672   9675  16064  16095  16096
514   1296   1290  13446  13447  13450
515   9675  11813  13225  13447  13448
516  13450  13766  13767  14121  14242  14243
522   1296  14242  16064  16065
523   8337   8343  12223  13765  13766  13769
525  11587  13405  13406  13858  13861
526  12123  12126  13859  13862
527  13855  13858  13859  13977  13978
528   1330   1331   1332   7734   7736
529   7734   7735  12614  13402  13403
530   1332  10114  10115  12614  13974  13975
531   6664   7735   7736  10660  11583  11584
532   5316   6664  13400  13403  13406
533   1349   6636  10113  10114  12124  12126
535   1349  10659  11582  11583  13855  13861  13862
536   1331   6638  10113  10115
537   1330   6636   6638  10659  10660
539  12123  12124  13973  13974  13977
542  12830  14128  17917  17919
543  10926  12832  17913  17917  17918
544  16383  16384  16387  17910  17918  17919
545  16682  16774  16775  17910  17913
546  16384  16386  16678  16679  16682
547  14128  14690  15171  16387  16389
553  10216  14504  16032  16035  16038
554  14766  16035  16060  16647  16649
556  13578  16609  16842  16844
557   1401  13291  13578  15761  16057  16058
559   1401   1408   6327   6328   6331
560   1408   1093  15761  16037  16038
562  11969  11973  14504  14763  14766
564   6331  13291  16829  16843  16844
565   6327  11969  11975  16829  16832
567   7617  10026  10913  14663  14666
568   1422   5733   8160   8161
569   5727   6636   7615   7617   8159   8161
570   7615  10113  14663  15269  15271
572  10021  14727  16316  16332  16333
573   1422   1433  16319  16331  16332
574  12124  12125  12268  15263  15266
576  12266  12268  12271  14727  14729
577  10020  10021  10913  12270  12271
578   1444  12125  12126  14729  16331  16333
579   1433   1349   1444   8159   8160
580  12266  12270  14666  15263  15270  15271
582   8905   9588   9589  11151  11152
584   1453   7770   7853   7854   8905   8908
587   1461  10344  14220  14221  14224
588    214   1453   1463    348   1461
589   1464   1465   8908  11150  11151
590   1465   1466  17782  17790  17791
593   1463   7770   9587   9588
594   1471   1466   1464   7853   7855
595  10338  14224  17784  17793  17794
596   1471  14220  14223  17780  17782  17784
598  13859  14245  14246  16169  16279  16280
599   1444  13847  13862  16166  16169
600  13845  13847  16331  17782  17785
603   1029   1465  14120  16279  16281
606   1466  13845  16166  16280  16281
607  10685  10688  14723  14726  14729
608   1330   1493   1494   8715   8717
609   8711   8717  12409  12509  12510
610   1494   1498  12409  12995  12996
612  10643  10662  10663  12994  12996
613   7616   7617  13387  14078  14079
615   8712  12509  13387  13390
616   8161  10422  10643  10644  10647
617  10644  12510  12994  12995  13390  14077  14078
618   8159  10647  10657  10659  10662
619   1498   1493  10657  10660  10663
620   6638   7615   7616   8711   8712   8715
622   1529   1530   7102   7103  10106  10109
623   1531   7102  13439  13440  13443
624   1530   1533   1531  11215  11218
626   1539   1540  10109  16993  16995
627   7329  11215  11724  11725  13440  13442
628   1545   1533   1529   1540
629   1539   1545  11218  11723  11724
630   7103  10070  13443  13445
631  11723  11725  16919  16993  16994
632  10070  10071  10106  16916  16994  16995
633   1552   6394   8705   8706   8814   8815
634   5154   5159   8814  12200  12202
636   8236   8323  13422  13512  13513
637  12199  12200  13419  13513  13514
639   9718  13512  13514  17049  17071  17073
641   8705  10539  17538  17541
643   1552  10539  17048  17074  17076
644   7119   8323   9718  17544  17546
646  17045  17048  17049  17538  17545  17546
648   8815  12199  12202  17070  17071  17074
649   7124   8706  17541  17544  17545
650   1590   7242   8575  14046  14049  14052
651   8570  13598  14051  14052
652   7244   7524   8570   8572   8575
655   1603   7242   7244   8316   9847  10612  10613
656   1590  10608  10609  10612
657   1606   8771   8773  10010  10012
659   7435   7436   8313   8316
660    414   1606   1614   8313   9847   9848
661    408   9848  10608  10610  10613
662   1614   7436   8773  11689  11690
663   1603   7435   7524  11688  11690
665   1616   1619  10672  10677  10679
666   1616   7574   7575   9793   9795
667   1619   1626   8861   9794   9795
668   1634   1626  10679  12436  12758  12759
669   7577   9482   9743  12902  12903
670   1639   6852   7572   7574   7577
671   7572   7575   9482  10677  11185  11186
672   1639   8860   8866   9793   9794
673   6852   8864   8866   9738   9743   9745
674   1634   1645   8860   8861   8864
675   1645   9745  12429  12436  12905  12906
679  12875  13633  13634  15069  15081  15082
681  11894  11895  15614  15726  15727
682   1676   1677   7274   7275  11895  11896
684   5254  11894  11896  15066  15082  15083
685   1688  13634  13635  15479  15723  15724
686   1689   7274  10368  10373  13633  13635
687   1688   1691   1676   1689
688   1677   1691  15721  15724  15727
689  12875  15479  15616  15617
690  15081  15083  15611  15614  15617
691   5254   7275  10373  10374
693  10368  10374  15066  15069
696   1697  13010  13013  16947  16949
697   1702   1697  16756  16759  16762
698   1707   1708   1702  13010  13783  13784
699   5872   6704  11827  16907  16948  16949
700  16759  16902  16910  16947  16948
701  14452  14453  16896  16897  16907  16910
702  15997  15999  16750  16897  16899
703   1708   1721  16750  16761  16762
705   6704   9361  14456  14734  14736
706   1721   1707  15993  15996  15999
709   1729   1730    718  12355  14532  14534
710  14533  14534  14895  14896  14899
711   1730   1737   1738   1739    717
712  14289  14532  14533  16975  17010  17011
714  14289  14841  14899  14900
715   1749   1738   9431  14631  14844  14845
716   1737   1729  14631  14896  14897
717    719  12355  17006  17007  17010
718    720   1752   9434  16976  17007  17008
719   1754   9430   9431   9434
720   1754   1752    716   1739   1749
722   9217   9220   9223  13237  13238
723   9389  13493  13630  13631
725   9389  12056  12057  17900  17903  17906
726  13490  13493  14539  17904  17906
727  14540  17838  17900  17901  17904
728   9223   9273   9278  12055  12057
730   1626   7148   7900  10616  10617
731   1776   1777   1619   7148   7150
732   9797   9798  10055  12158  12159
733   1777   8639   9792   9795   9798
734    668   8862   9792   9794   9797
737   7133   7138   7897  10617  10618
738   7136   8861   8862  10616  10618
739   1795   1796   7150   7897   7900
740   1796   1776   8639  12158  12160
741   1795   7138  10052  12159  12160
744   1801   1802  12622  14421  14543  14544
745   1808   7741   7742  14705  14925  14926
746   1813   1801  13730  14238  14239
748   1813   1802   7551   9011  10758  10760
749  11099  11918  13970  14705  14708
750  10760  11919  13730  13970  13971
751   1808   5157  11097  11099  12200  12201
752  12620  12622  14238  14924  14926
754   5154   5156   5157   7741   7743
755   7551   8813   8814  14421  14424
756   7742   7743  12620  14542  14544
758   1833   5577   5579   5580  10623  10624
759    815   1833  11537  15813  15816
760   5580  11565  15816  16182  16184
761  12113  13141  13147  13148  16114  16117
762    816  11537  11539  13145  13148
764  10626  10627  13141  13144  13145
765  12109  12112  13144  13147
767    323  13044  13045  13048  14387  14389
768    315  12162  12163  13048  13050
769   1851   1852   1590    132  13045  13047
770   1851  10054  10650  10656  12161  12162
771   1852  10575  10612  10614  10655  10656
772  10652  12161  12163  13039  13040
773  10608  10614  14392  17223  17228  17229
774  10572  10575  13039  17226  17229
776   6775   7123  17543  17544  17547
778  11576  11639  11640  17282  17321  17322
779   1875   6462  12909  17282  17285
780   9716  11576  11578  17543  17546  17549
781   6337  11638  11640  17547  17549
782  11489  11578  17320  17322
785   7856   7858   8323  10943  12909  12911
786   1875   6335   6337   6775   7856   7857
787   6335   6462  11638  11639
789    354   1270   8781   8783
791  11811  11812  14834  15554  15573  15574
793   9050  11811  11813  17975  18007  18009
795   9050  14834  15785  15786  15789
796   8783   9676   9677  13669  13670  13673
797  13670  13671  17972  18004  18006
798  15429  15789  15791  17971  17972  17975
799   8781  13673  15425  15426  15551  15574  15575
801  14225  16458  17784  17787
802  14196  14224  14225  14232  14233
803  14230  16616  16661  16696  16697
805  14190  14193  14196  16458  16460
806  16460  16523  16614  17787  17792  17793
807   5625  11913  11915  14653  14655
809   1939   5626  14638  14654  14655
811   7860  14641  14653  14654  16654  16656  16658
812   1947   1948  14638  14641
813   1949   5625   5626   6153   6156
814   1948   1953   1954   1949   1939
815   1954   1955   6153  13731  13732  13735
816    954   7860  11915  13699  13704  13705
817   1947   1955   1953  16658  16697  16698
818  13705  13735  13736  16692  16695  16698
820   6156  11913  13704  13732  13733
823   1971   5606   9227   9958   9960
824   1978   6793   9227  10175  12502  12505
825   1978   1979   1971   5614   5615
826   1982  10177  12505  12631  12632
827   9954   9958  12502  12632  12633
830   6791  10175  10177  13601  14050  14051
831   1982   1995  14046  14047  14050
832    820   1979    553   6791   6793
834   1995  11269  11270  12631  12633
836   9463  11618  11619  13033  14521  14523
837  13030  13033  17974  18004  18005
838   9463   9466  13353  17972  17974
840   6672   8767  13670  13672
843   7670   8767   8768  12362  14518  14520
844   9466  11618  14943  14948  14949
846   6672  12362  13035  18005  18006
847   2025   9488  14517  14518  14521
848   2025   7670  14943  14945  14946
850   9488  11619  14946  14949
852   2036  11289  11292  12152  12965  12966
854  14128  15369  15371  15379  15381
855  10948  15534  15677  17920  17922
857  12155  12965  15532  15534  15536
858  12833  15675  15681  17916  17917  17920
859    556   2053  12966  15536  15680  15681
860  11289  13119  15375  15378  15381
861   2036   2053  15376  15378
862  15295  15370  15371  17916  17919  17922
865  11378  11379  14628  14897  14898
866   7799   9800  11378  14403  14405
867   2071   9654   9670   9671  14628  14631
868   2071  11379  14097  14403  14404
869   9665   9671  14094  14097
870   1729   2081  11498  11519  11520
871   4854   7402   9667  14094  14404  14405
872   4854   7796   7799  11496  11498
873   2081   7796   9800  14896  14898
876   1737   9654  11515  11516  11519
878  10021  12920  13688  17773  17775
879  12920  14723  14727  15509  15511
883  13688  15509  16520  16614  16615
886  16454  16460  17767  17768
888   9363   9366   9369  16239  16248  16249
889   6805  12143  13159  13160  16236  16238  16239
890   2118   8278   8360   9364   9366
891   2119   8332   9363   9364   9367
892   2118   2123   2124   2125   2119
893   8334  13157  13160  13163
894   2125   8328   8332  12184  13162  13163
896   6805   8328   8334   9367   9369
897    518   2132   2133   2123   8276   8278
898   8276   8360  16243  16246  16249
900   2132    519  12143  12180  12181
904   2124   2133  12178  12181  12184
905  16588  16592  17697  17737  17739
906   2148   7094  17697  17936  17938
907   2149   2150   2151   2152   2153
908   2154   2149   6781   7092   7094
909   2153   2148   2154  15711  16592  16601  16602
910   7092   7312  10728  17932  17933  17936
912   2152   2166  15705  15708  15711
914   7308   9112   9113  10726  10728  10731
915   2150   6781   7308   7309   7312
916   2166   2151   7309   9112   9114
917  10731  13553  17713  17734  17736
919   9113   9114  13553  15411  15707  15708
923   2189  10247  12383  12418  12419
924  13455  13456  13759  14881  14884
925   2195  12377  12383  13759  13880  13881
926   5623   5627  14652  14655  14658
927   2200   9826  10243  14658  14822  14823
928   1939   2202   8673  13879  13881
929   2202   2195   2189  14638  14819  14820
930   5623   5626   8673  14935  14937
931   2200     72   5627  14881  14936  14937
932   5633   7821   7824  10372  10374
934   2213   5630   5633  14406  14408
936   2216   2217  14402  14405  14408
937   2213   2216  10368  10369  10372
938   2217   7799  10369  15064  15069  15070
939  11376  11380  14402  14403  14406
940   5630   7821  11380  14185  14466  14467
941  14485  14486  14489  14575  17770  17771
942  11233  14573  15162  15164
943  13428  14489  14491  15159  15161
944  11233  13788  13794  16454  16455  16458
946  13427  13428  13788  13792  14194  14196
947   9459   9884  14190  14191  14194
948   9459  12210  14486  14488
949   8980  11736  11740  13553  13556
950  11739  13556  15411  15414
951   2243  13693  15706  15708
952   9322  13690  13694  15414  15706  15707
954   2252   2243   9111   9114   9117
957   2258   2259   9116   9117  11740  11742
958   2259   2252  13690  13693  13696
959   6530   9322  11736  11739  11742
961   2258   6530  13694  13696
962   2265   7480  10135  10136
963   2272   7480  11175  12637  12640  12641
964  10134  10135  11170  11172  11175
965   2281  12935  13655  14678  14714  14715
966   2282   2283   2265   2272  12935  12938
967   2281   2282   6939   6940
968   2283   6935   6937   6940  10134  10136
969  11170  12640  12676  12677  12680
970   6937  11172  12680  13893  13895
972  12641  12938  13654  13655
973   6935   6939  13893  14709  14712  14715
974  12637  12677  13654  14675  14678  14679
975    667   8025   8860   8862   8865
976    666   8018   8025  12611  13975  13976
977  13974  13976  15261  15266  15267
978    662   9797  10074  10076  12611  12614
980   1639  10077  10079  10115  15268  15269  15272
981   1332  10073  10074  10077
982   8018   8865   8866  15267  15272  15273
983   9792   9793  10073  10076  10079
984   8841   9798  10076  11165  11166
985   8639   8841   8844  13931  13933
986   7575  12587  14716  14717  14720
988   7574  10079  14009  14717  14719
989  13932  13933  14458  14720  14722
990  10073  11166  14009  14461  14462
991   1777   1616  12587  13931  13932
993   8844  11165  14457  14458  14461
996  13702  13736  15075  16634  16666  16667
998   5290   7868  15328  15331
1001   6759   7868   7869   9495  10899  10900
1003   6759   8283  10309  10311
1004   5290   7081  10899  16706  16709  16710
1005  10900  15116  16709  16712
1006   7869   8283  10362  15325  15328  15329
1008  10361  13699  13702  15329  15332
1009  13731  13734  15075  16710  16713
1010   7081  13733  13734  15325  15331  15332
1011   9221   9223  14325  14581  14582
1012  12730  12731  14321  14322  14325
1014   9120   9121  12311  12580  12582
1015  12581  12582  12885  14479  14481
1016   7160  11716  12297  12309  12580  12581
1017   7160   9276  12054  12057  12060
1018  12060  12309  12311  12684  12685
1021   9221  12054  12055  12685  12731  12732
1022   9278  11719  14482  14577  14578  14581
1025  11873  11876  15687  15920  15921
1027   9854  11840  11841  11844  15687  15690
1028  11095  11394  11395  11844  11845
1029  11394  13916  15690  15919  15920
1030  11870  11873  15023  16298  16385  16386
1031  10391  11095  15165  15166  15169
1034   1401   7335  11539  15797  15831  15832
1035  13145  13292  13578  17177  17182  17183
1037  12533  16623  16772  17177  17179  17180
1039   7335  13148  13291  13292
1040  15761  15764  15826  15829  15832
1041  12536  13114  15764  16056  16057
1042  11537  15797  16684  16775  16776
1047   6331   6489   7335  16117  16251  16252
1048  12647  12649  13147  16830  16846  16847
1049    751   6486   6489  16827  16829  16830
1051   6486  16251  17401  17404
1053   1955   2441   2442  12891  12893
1054   2444   2445  12891  15305  15308
1055  12893  15308  16618  16696  16698
1056   2442   2448   2444   9849   9851
1057   5753   7394   8315   9850   9851
1058   2441   1953   8318   9849   9850
1059   1947   7007   7395   8315   8318
1062   7007  14228  16658  16661
1064   2448   2445   5753   8141   8142
1065   2458  10796  15537  15677  16957  17001  17002
1066   9615  10796  10797  11133  11136  11139
1067   4834  10947  10948  11134  11136
1069   2479   2480  16350  16984  17004  17005
1070   2479   2484   9617  11137  11139
1071   2485   2458   9615   9617
1072   2484   2485  16999  17002  17005
1073  10797  10947  15534  15537
1075  16957  16980  17915  17920  17921
1078   2492   4834  16350  17912  17921  17922
1079   2480   2492  11133  11134  11137
1081  13181  15632  15698  15701  15704
1085  15427  15654  15655  15704  15790  15791
1086  12569  13183  15632  15653  15654
1087   5309  14346  15350  15647  15787  15788
1088  11087  12214  12216  13778  14346  14347
1089  11083  11084  12568  15653  15655
1092   7926  12215  12216  12568  12569
1093   2524   8538   8540  14352  16204  16205
1094   8540  12636  13097  13098
1095   2524   9956  12630  12633  12636
1096   2535   7767   9224   9228   9958   9959
1097   2536   6886   9228   9229
1098   2535   2536   8542  16203  16205
1100   6886   8538   8542  13095  13098  13101
1101   7767  14350  16203  16204
1103   9954   9956   9959  14350  14352
1104   6650  11533  13426  13428
1105   6097   6644   6649   6650  13496  13629  13630
1106   1461   6103  13625  13626  13629
1107   2549   1979    818  16960  16979  16980
1108    819   1833  16978  16979  16982
1109   2554   5124   5577   5582  16999  17000  17003
1110    523   1971   2557   2558   5126   5127
1111   1978   2549   2560   2561   2557
1112   2562   5122   5124   5127
1114   2563   2554   2562   2558   2561
1115   2560   2563  16960  17000  17001
1116   5580  16982  17003  17004
1117   7243   7244   7738  13882  13884
1118   2571   1498  13761  13764
1119   7522   7524  11624  11626  13761  13883  13884
1120   2571  10661  10663  11625  11626
1121   2583   8570   8571   8574  11584  11585
1122   1493   7733   7736  13764  13882  13883
1125   8195  10657  10661  11583  11585
1127   2583   7528   8195  11624  11625
1129   6662   6664   7243   8574   8575
1130   2595  10706  12025  12026
1132   2599   2600  12025  12027  17551  17553  17555
1133   2603   2604  10707  12026  12027
1135  10706  10707  11253  16786  16789  16792
1136   2604   8953  11251  11253  11256
1137   2603   8953  17555  17571  17572
1139  11251  11257  14527  16790  16792
1140   2599   2595  13381  16787  16789
1141  11256  11257  17566  17569  17572
1142   2600  13381  14528  14530
1144   2623   5329  12843  13440  13441
1147   5326  12843  14166  14169
1149   6054  12597  13045  13046
1150   5326   5329   6053   9633   9634
1151    316  11725  12349  13048  13049
1153   2623   9634  11215  11748  11749
1156   2645   2646  11526  14298  14301  14304
1157   2216   2651   2652  14302  14304
1158   2217   4854  14298  14299  14302
1160   7569   8915   9666  14092  14094  14095
1162   2651   8911   8917  14095  14407  14408
1163   2663   2645   2652   8914   8917
1164   7402  11522  11525  14299  14301
1165   8291   8292   8911   8914   8915
1166   7569   8290   8291  11522  11523  11526
1167   2646   2663   8290   8292
1170   9880   9884  13787  14100  14102
1171  14099  14102  14105  14445  14487  14488
1172  11343  11344  14441  14444  14445
1173   1707   6644   6646  10461  10462
1174   1708  10457  10458  10461
1175   1702  10458  10459  11343  11345
1176  11344  11345  13010  14103  14105
1177  10457  10459  10462  13426  14444  14490  14491
1178   2689   2690  10805  11890  11892
1179   2692   5073   5077  11886  11889  11892
1181   2699   6037   8116   8119
1182   8400   8402   9807  17848  17851
1183   2704   5077   8406  17848  17857  17858
1185   5073   9726  17856  17858
1186   2692   2690   2709   2704
1187   6182   8119   9725   9809  17851  17856  17857
1190   2699  11886  11887  11890  16996  16998
1191   2689   2709   8400   8403   8406
1192   8402   8403  10805  16915  16997  16998
1193   6037   6182  16918  16996  16997
1195  10933  13653  13659  14678  14681
1196  12677  12679  13027  13028
1198   9740  12902  12904  13802  13805  13808
1201   9482   9485  10933  12484  12486
1202   9740   9743  14867  14869
1203   7577  12483  12484  14863  14866  14869
1204  13027  13807  13808  14863  14864  14867
1205   9485  12903  12904  13657  13659
1206  13653  13654  13657  13804  13805
1207  12679  14679  14682  14864  14866
1210   2755   8297   8299  13082  13084
1211  10137  10139  15805  15821  15822
1213    631   2755   1070  10137  10138
1214   2766    627   6438   6443  10138  10139
1215   8286   8297   8298  16380  16382
1216   6438  15801  15805  16377  16379
1217  13084  15824  15825  16376  16379  16382
1219    848   2766   8286   8288
1222   9687  10289  10290  11218  11747  11748
1224  10191  10288  10290  11006  11007
1225   2792   9686   9692  10288  10289
1226   2793   2794  11723  12346  12349
1227   1539   2794  10567  14073  14075
1228   1545   9686   9687  10563  10566  10567
1229   9054   9692  10566  15337  15340
1231   9888  11003  11004  15337  15542  15543
1232   2793   6093  14073  15541  15543
1233   2792   9054  11001  11004  11007
1234  10191  11601  11747  12594  12596
1235  14157  14159  14354  14355
1236  13570  13573  15201  15486  15487
1239   8747   8753  12186  15486  15488
1240   4896   8753  11014  14353  14355
1242  14353  14354  16600  16601  17656  17659
1243  15198  15201  16593  16597  16598
1245  13570  14158  14159  16596  16597  16600
1247  15198  15487  15488  17679  17681
1248   4896  12186  17656  17680  17681
1249   5799  12473  12620  12621  15007  15013  15014
1250   7743  11231  13605  13793  13794
1251   5669   5805  11533  15014  15159  15160
1252   5799   5805   5806   7874   7875
1254   7874   7876  17890  17905  17906
1255   5669   7875   7876  13493  13496
1256   5806  12473  17888  17890
1258   7733   7734  10074  11163  11166  11169
1259   8841  10651  12157  12158  12161
1261   1851    660   6662   6668  13401  13403
1262   6668   7738  10656  11168  11169
1263    661  12611  13401  13402
1265   8800  10448  10449  12688  12689
1266   8478   8853   8856   8859  12687  12688
1267   6106   6108   6109   7396   7398
1268   7396   7519   8135   8803   8804
1269   6109   7513   7518   7519   8858   8859
1270   8130   8131   8798   8800   8803
1271   4918  17230  17236  17237  17335  17337  17338
1272  15232  15247  17237  17240  17241
1273   4918  15230  15232  16394  16449  16450
1274  12870  12874  15230  15247  15479  15482
1277   2891  13635  13960  13963
1278   1688   2891  10324  17338  17362  17364
1279  13957  13960  16452  16453  17358  17361  17364
1280  10324  15724  17236  17243  17244
1281  12874  13964  16447  16450  16453
1282  10720  13080  14874  16650  16652
1283   2902   6462  13080  16392  16397  16398
1285  13820  16059  16646  16647  16650
1286   6339  13819  16033  16059  16060
1289   2902   6334   6335  10720  13819  13820
1290   6334   6339  11637  11638  11641
1291  11641  14501  14505  16033  16035
1292   2916    513   8275   8276   8279
1293   8279   8280   8619   8621   8624
1295   9307  14765  16448  16450
1296   4918   5777   8055   8624   8625
1297   5777   8363  15229  15232  15235
1298   8358  15235  16247  16249
1299   2916   8621  13077  14874  14876
1300   8619   8625  13077  16394  16397
1301   9307  15229  15230  16243  16244  16247
1302   2929  11171  11172  13361  13362
1304  11171  12680  12682  17776  17778
1305  13713  13893  13894  13938  13939
1308  10637  13529  13530  13710  13713
1309   2929   6937  13934  13935  13938
1310   8559  12682  13710  13894  13895
1311  13525  13526  13529  17745  17748
1312   9307  12874  13646  13649  13652
1313  14300  14301  14507  16451  16453
1315  11496  13650  13652  13964  14299  14300
1316  11520  11521  13646  13647  13650
1317   2950  10302  11913  14917  15137  15138
1318  12787  15331  15457  15458  16088  16091
1319  10304  15133  15137  16091  16189  16190
1320   2962   7370  10302  10304
1323   5457   7370  16189  16191
1324   2962   2950   5457   6151   6156   9420   9421
1326   7081   7082   9420  12787  12790
1328   2973   2974   1802   2975   2976
1329   2973   7297  15839  16157  16158
1330   2976  15839  17840  17841
1332   2975  14417  14421  17836  17838  17841
1333   7300  12475  12621  12622
1334   7294  12475  16157  17884  17885  17888
1336   1801   2974   7294   7297   7300
1337   5891   5897   8620  13077  13080
1338   6955  12704  12909  12910
1339  12704  13433  13435  13611  13612  13615
1340   8619   8620   8623  13612  13614
1341   1875   2902   5897   6955  13615  13617
1343   8623   8625  13435  17337  17340
1344  16398  17282  17360  17361
1345   3007  11897  11899  15033  15035
1347  11066  14905  15034  15035
1349  11061  14905  14908  15080  15083  15086
1350   9814  14468  14470  14908  15033  15034
1351  14464  14468  15067  15085  15086
1352   6590   6591  11893  11896  11899
1353   5254   6590   7824   9817   9818
1354  11061  11066  11893  11894  11897
1355   3007   6591   9813   9814   9817
1356   5381  14287  14536  16441  16511  16512
1357   2081  14531  14534  16510  16512
1358   9487   9493  14468  14521  14522
1360   2025   5384  14284  14287  14899  14901
1361  14188  14518  14519  14895  14898  14901
1363   9491   9493  15086  16441  16444
1364   5381   5384   9487   9488   9491
1366   7796  15070  15085  16444  16510  16511
1367   7966  11336  13547  15544  15546
1369  10621  11336  11337  12716  12718
1370   3053   2793   6037   6038   7137   7138
1371   6038   7897   8119  12103  12106
1372   6565   7134   7966  10615  10618  10621
1373   3053   2699  10862  13549  14073  14074
1374  14144  14145  15919  17558  17570  17571
1375  17566  17567  17570  17724  17730  17731
1376  14144  14146  17728  17731
1378   9950  12989  14993  17724  17727  17728
1379  16813  16836  16837  17727  17730
1382   7427  16399  16405  16816  16835  16836
1383   7430  15690  16403  16405
1386  11396  12989  13916  14145  14146
1387   7427   7430   7433   9950  11394  11396
1388   7433  14993  16835  16837
1390  12084  12087  12090  12362  12365
1391   5955   9609  14628  14845  14846
1392   7663   7670  14843  14900  14901
1393  11382  12365  14185  14519  14520
1394   8763   8767   9613  12085  12087
1395   5955  11376  11379  11382  12088  12090
1397   9611   9830  12085  16099  16100
1398   9834  10084  17326  17329  17332
1399   5958   9609  10081  11070  11071
1400   9827   9830  17313  17331  17332
1401   5726  10080  10081  10084  12395  12397
1402   5726   5958  12088  12277  12278
1403   9731   9732  14095  14098
1404   5389   7510  13150  13153  13156
1405   5389   7565   7568   8915   9732   9733
1406   3121   8794   9671  14472  14474
1407   3121   7621   7624  14092  14097  14098
1408   7623   7624   8791   8794  13154  13156
1409   1107   7565   7566   7569
1411  13150  13154  16631  16667  16668
1413   7510   7621   7623   9731   9733
1414   8940   8942  15805  15808
1415   8942  14435  14483  14578  14580
1416  15807  16379  16463  16464
1419  14436  14480  14481  16462  16464
1420  14432  14435  14436  15801  15807  15808
1422   9252   9255   9258  14370  14371  14374
1424  10712  10718  13657  14374  14376
1425   8896   8898  12938  14371  14373
1426   8897   8898   8914  12641  13803  13804
1429   2652   9253   9255  10717  10718
1430   2663   8896   8897   9256   9258
1431   8917  10712  10717  13803  13805
1432   2645   9252   9253   9256
1434  10524  13414  15997  15998  16644  16686  16687
1436   3175   9367   9368  16641  16687  16688
1437   6723   6726   9363   9365   9368
1438   6215  16753  16884  16898  16899
1441   3195   3175   6726   7877   7879
1442   3195  15717  16641  16644
1443   6215   6218   6730   9364   9365
1445  13414  16887  16897  16898
1447   3205   8332  16686  16688
1448   6723   6730   7877   7878  16750  16753
1449   3205   2119   6218  10524  16884  16887
1451   7878   7879  15717  15998  15999
1453  10451  12935  14373  14427  14428
1455   2283   7416   8850   8852
1456   8850   8851  11651  12260  12261
1457   5184  11648  11651  17536  17541  17542
1458   2282   7416  10451  10453  12260  12262
1459   7812   8705  11648  12261  12262
1461   7812  10453  10539  14426  14428
1462  14371  14426  14427  17536  17538  17539
1463   2272   8895   8898   8901
1464   8895   8896   8899  17539  17542
1465   2265   5184   8851   8852   8899   8901
1466  13091  13542  13544  13875  13877
1467  10563  10569  11319  12370  12371
1468   3248  10569  15340  16425  16537  16538
1469  13544  15544  16531  16534  16535
1470   3253   8877  16425  16527  16528
1471   8877  12373  13089  13871  13874  13877
1472  13089  13091  16525  16528  16531
1473   3253   3248  12368  12370  12373
1475  11319  13871  13872  13875  14074  14075
1477   6565   6568   6571   9411   9412
1478   6571  15546  16535  17977  18007  18008
1479   9410   9411   9675  18008  18009
1481  16532  16536  17975  17977
1482   9049   9050  15337  16536  16538
1485   9890  11003  13222  13448  13449
1486   7535   9410   9412  13447  13449
1488   9049  11004  11811  13222  13225
1493   3293   6963   6964   6967   8944   8946
1494   3296   8944  13571  13574
1495   3293   3297   9328   9331   9334
1496   8946   9332   9334  13568  13573  13574
1497   9328   9332  15485  15486  15489
1498   3303   9331  13216  15310  15489  15490
1499   3297   3308   3303   6967   6969
1500  12464  13468  15201  15313  15314
1501   3296   6964  12970  12973  12976
1502  12970  12972  12975  13467  13468  13471
1503  12464  12972  12973  13568  13570  13571
1504   3308   3315  13216  13471  13472
1505   3315   6963   6969  12975  12976
1506   5428  13889  13985  14284  14289  14290
1507   5384  13981  13982  14946  14964  14965
1508  13885  13889  15209  15435  15436
1510  13887  14959  14965  15206  15208  15209
1511   9204  10907  16991  17270  17275  17276
1512  16275  16277  16808  17172  17208  17209
1513   9236  10233  17169  17172
1514  10233  16120  16271  16272  16275
1516   6220   7200   9236  12796  16120  16122
1518   3345   6220  17169  17209  17210
1520  11964  16941  16987  16988  17208  17210
1521  10905  16808  16985  16988  16991
1523   3345   7200  11964  12063  12064
1524     80  13051  13057  14879  14881  14882
1528   3367  12330  12379  13454  13455
1529   2571   3367   3370  12993  12996  12999
1530   3370  12379  13757  13759  13761
1533  12330  12332  12999  13056  13057
1535  12409  13053  14882  14885
1536   1494  13757  13764  14879  14884  14885
1538   6940   7416  12449  15103  15106  15109
1539   6935  13938  13940  15107  15109
1543   8850   8941   8942  12449  12848  12849
1544  12849  13718  15289  15808  15820  15821
1546   8852   8940   8941  10133  10136  10139
1547   1063   2929  10133  10134  10137
1550  11018  13591  13717  15286  15289
1551   3406  13591  15103  15104  15107
1552   3406  11018  13934  13937  13940
1554  12848  13717  13718  15104  15106
1556  13188  14786  16090  16193  16194
1558   2492   8398  10876  10879  12402  12404
1559   8398  16093  16192  16193  16257  16260  16263
1560  11134  12402  12626  16220  16266  16267
1561  10879  13190  16090  16093
1562   6366  12543  16263  16269  16270
1563  12404  16220  16259  16260
1565   6366  14785  14791  16192  16194
1566   3442  11137  11138  14785  14786  14789
1567   3442   2480  10876  13188  13190
1568  12543  12628  12629  14789  14791
1569  12971  12973  13301  13694  13695
1570   8660  13692  13912  15705  15706  15709
1571   9321  12464  15414  16597  16599
1573   8660  13301  13302  13571  14161  14162
1574  10521  10524  10584  10587
1575   2125   3205  10581  10584  10585
1576   3452   2118   6213   6218   6220
1577   2123   3453   3452   7197   7200
1579   7197   9426  12796  13991  13993
1581  10521  13988  16125  16882  16887  16888
1582   3453   2124   9426  10585  10588
1583  10581  10587  10588  13987  13988  13991
1584   1464   6954  12704  16278  16281  16284
1586  13249  13433  13434  16282  16284
1587   8343  11697  13246  13249
1589   6954   8908  13615  13616
1590  11153  11796  11797  11800  13612  13613
1591   6349  11796  11798  11801
1593   8341  11800  11801  13246  13434  13435
1594  11697  14116  14121  16278  16279  16282
1595   3480  10458  10460  16760  16762
1596   8889  10984  10989  16756  16757  16760
1597  12459  12460  16757  16759
1598   3489   3480   8889   8890
1600   1697  11345  12459  15212  15434  15435
1601   3489   5638   5640  10459  10460
1602   5373   8660  14496  14499
1603  13560  13562  14496  14695  14696
1605  14694  14696  15638  15641
1606   2152  15660  15662  16206  16208
1607   5373  13559  13562  13912  16207  16208
1609   3514  13692  13693  14499  14694  14695
1610   3514   2166   2243  15641  15660  15661
1612  15709  15711  16206  16207
1616  11170  11171  11174  12813  12815
1617    636   7482  11174  11175
1618    630   7482  10133  10135  10138
1619   2755   1091   9147   9148
1621   3521   7312   7313  11897  11898
1622   7308   7310   7313   9438   9440
1623   3528   2150   3529  15725  15727
1624   3529   6781  11893  11895  11898
1625   3521   9437   9440  11066  11067
1626   3531   3532   3528   7309   7310
1627   3531  15420  15612  15725  15726
1628  11061  11067  15422  15612  15614
1629   3532   9437   9438  15420  15422
1633   3540   3121   2071   5955   5958
1634   1749  12121  14475  14477
1635   1738   9654  12120  12121
1637   9431  10082  11069  11071  14471  14472  14475
1644   3540   8794  10081  10082
1645   3559   3560   6555   9423   9426   9429
1646   3560   3561   3562    541
1647   3563   4896   6556   9427   9429
1648   3563  17601  17656  17676  17677
1649  10585  12184  12187  17678  17681  17684
1650   3562   3568  12181  17590  17592  17594
1651  12178  17594  17674  17683  17684
1652   3559   3453   2133   3568   3561
1654   9760   9761  11384  11386  13184  13185
1655   9130   9659  11385  11386
1656   8877   9662   9766  11384  11385
1658   3583  15698  15699  16425  16428
1659   3253   3583   9760   9763   9766
1660  15627  15704  16428  16526  16527
1661   9659   9662  15633  16526  16528
1663   1014  10084  12477  15512  15514
1664  16801  16806  16808  17330  17332
1666  14668  16801  16803  16986  16988
1667   2445  14672  16985  16986  16989
1668   2444   5543   5995  10906  16989  16991
1669   5543   9637  12480  12891  12892
1670   9868  12476  12477  12480  17327  17329
1671  12846  12849  12852  14435  14438
1672  10274  11771  16107  16506  16508
1673  15807  15824  16213  16503  16505
1674  14436  14439  16502  16503  16506
1676    766   7676  12850  12852
1677    754   7676  10274  13719  13721
1679   1104   1408   6759  15734  15830  15832
1680   9104  12713  13113  15764  16036  16037
1681   1101    626   9108  16036  16038
1682    628   2766   9104   9105   9108
1683   8282   8283   8286  15728  15731  15734
1684   9606  15038  15057  15058  15104  15105
1685   9244   9439   9440   9604   9606
1687   9442  11067  13721  14905  15060  15061
1688   3521   9604  15032  15035  15038
1689   9615   9616  13659  14253  14375  14376
1691   2458  12658  12659  14253  14256
1692   2485  11187  12653  12659  12755  12757
1693  11430  12431  12655  12756  12757
1694   9485   9616   9617  11185  11187
1695   7025  12431  12906  12907
1698   7025  10716  10718  11427  11430  11433
1699  11432  11433  14256  14374  14375
1700   7019   9129   9130  14032  14035
1701   7019   8149  15633  15656  15657
1702  13710  14081  14082  14329  14331
1704   9129  13185  13186  13392  14080  14081
1705  13256  13530  13531  15652  15653  15656
1706   8149  13256  13713  14032  14330  14331
1707  13392  14035  14329  14330
1710   7922  10163  11084  14959  14960  14963
1712   6691   9466  10469  15652  15655  15658
1713  11017  11018  11616  11620  14949  14963  14964
1715   3406   3659  10465  11620  11621
1716   3659   8148  13256  13939  13940
1717   8148  10464  10465  15656  15658
1719   3669   5109  12624  13505  16265  16267
1720   7611  10959  14811  15293  15298  15299
1721   7607   7608   7611   9941   9942
1722   7607  10959  12152  12818  12819
1724   3684   3685   7608  10454  12817  12819
1725   3687  10454  10455  11136  12624  12626
1727   3691   3684   5109   9941   9943
1729   3669   3687   3685   3691
1730  10455  10947  12155  12817  12818
1732   4834  12402  15293  15295  15296
1733  14826  15296  15299  16220  16223
1737   2132   3568  12493  12496
1738   2916  11967  12062  12063  12494  12497
1739   3561  11837  12490  12493  12494
1741   3559   7197  11837  12062  12064
1742   8279   8281  11964  11967
1743   3345   3452   8275   8278   8281
1744  14816  14828  14829  17570  17572
1747   8953  14824  14828  16223  16258  16259
1748   5862   5869  16298  16301
1749  14144  14809  14816  15299  15372  15373
1750   5865  12404  15296  15373  16294  16300  16301
1751   5866   5869  15921  17555  17558
1752   2603   5862   5865   5866  16258  16260
1754   7145   7684  10305  12664  13483  13484
1755  10305  10710  15382  15388  15389
1756  15382  15385  15386  16741  16788  16789
1757  10705  10706  15386  15389
1759  11253  12663  13486  15353  15355
1760  15098  15354  15355  16743  16791  16792
1762  10705  10707  10710  12660  12663  12664
1763  11464  12957  13233  16739  16741  16743
1764   7019   7056   7057   7060   9659  11706  11707
1765   3669   7060   7062  14030  14032  14033
1766  11701  11707  13507  16264  16265  16268
1767  11389  11703  12546  16268  16270
1768  12623  12624  14033  14036
1770   3753  12546  12628  14030  14035  14036
1771   5109   7056   7059   7062
1774   3753   9129  11383  11386  11389
1775   9011   9013  12963  12966  12969
1776  12204  12925  12926  17071  17072
1777  12963  12967  15536  17074  17075
1779  15679  15680  17070  17072  17075
1780    559   3772   3773  12925  12927
1781   8813   8815  12967  12969
1782   3773  10376  12199  12201  12204
1783    555  12926  12927  15679  15681
1784    560   2053   3772   9013  10376  10377
1785   6883   6886  10327  13247  13250
1786   4784  11694  11698  13244  13249  13250
1787   8542  10327  10328  13204  13207
1788   8541  13096  13098  13765  13768  13771
1789   4784   6883  13099  13101
1790  13205  13208  13769  13771
1791  11694  11697  11700  13766  13768
1792  11698  11700  13095  13096  13099
1793   8337   8339  10328  13244  13246  13247
1794   8538   8541  13201  13204  13205
1796  13216  14614  14894  15029  15030
1797   3303  14454  14614  14735  14736
1798   9330   9331  14450  14451  14454
1799   9330  10525  10587  15489  15491
1801  10584  15490  15491  16685  16686  16689
1802  10521  10525  13414  14451  14452
1803   1331   8715  10077  14006  14009
1804   7616  12488  14663  14865  14866
1805   6852  14869  15272  15274
1807   8712  12483  12488  14646  14649
1808   7572  12484  14649  14717  14718
1810   8711  14006  14646  14718  14719
1811   3818  12441  17180  17189  17190
1812   3819   7345  12437  12441  13823  13824
1813   3818    402   3822   3819
1814   3822   7345   9073  10724  10725
1815   9747  10719  10725  16611  16650  16651
1816  13818  13824  16055  16056  16059
1817  14983  14985  16290  16293
1818   8372   8378  16290  16381  16382
1819  11033  14988  15328  15458  15459
1820   8297   8378  10363  15329  15455  15456
1822   7869  11033  15732  15734
1823   3830   3831  13328  16175  16197  16198
1824   3835   3836   3837   3830
1825   3840   3835   5127  13328  13904  13905
1826   5124   5125  12654  12754  12757  12760
1827  12759  12760  13902  16177  16200  16201
1828   3836   3840   2562  11428  12654  12655
1830   3849  12429  12431  16173  16175  16177
1831   3831   3837   3849  11428  11430
1833   7103   7104   7263   7265  14451  14453
1834   7104  10525  13443  13988  13989
1835   7263  16907  16964  16965
1836   7265  10070  15747  16963  16965
1840  16124  16888  16901  16910  16963  16964
1842   9760   9762  12235  12997  13055  13056
1843  10644  11951  15501  15504  15507
1847  12993  12994  12997  15505  15507
1848  11389  12233  12338  12513  12514
1849   3753  12508  12514  13385  13390  13392
1850  11383  11384  12228  12233  12235
1851   9186   9509   9511  11987  11989
1852    492   8408   8409   9186  10703  10704
1853   5616   6433   6802   6805   6806
1854  10698  10701  10704  16236  16241  16242
1855   5616   5617  16239  16242
1857    500   8408  12143  12146
1858   6803   6806   9511  13158  13160
1860   6802   6803  11983  11986  11989
1861  11481  11700  13006  13858  16498  16768  16769
1863  11481  13452  13767  13768
1864  13006  13450  13452  13978  13979
1865  13977  13979  14241  14242  14245
1868   3903  15888  16150  16160  16162
1869   3903   8965   8966  15249  15251
1870  15245  15251  15888  17240  17242
1872   3531  15841  16149  16154  16160  16161
1873  15721  15725  16154  17243  17245
1874  15416  15417  15420  15838  15841
1875   9420   9422   9753   9756   9759
1876   2950   5623   5625   5628
1877   5457  14457  14460  14938  14940
1878   2962   5628  14934  14937  14940
1879  11163  11167  14461  14934  14935  14938
1880   7475   9421   9422  14458  14460
1881   1949   6262   8673  10578  10655  11167  11168
1882   6151   6153   6262   9758   9759
1883   7475   8844   9756  10579  10651  10652
1884   5638  11087  11088  14444  14447
1885   9991   9994  11055  14445  14448
1886  11752  13129  14963  14965
1887   9994  11751  13129  13887  13888
1888   9991  11344  13888  15209  15212
1889  10936  12486  14649  14789  14790
1890  12586  12592  14720  14786  14787
1891   9616  10933  10936  11138  11139
1892  10674  10677  12586  12587  12590
1894   3936   2484  10674  11186  11187
1895   2479   3936   3442  12590  12592
1896  11328  12660  12667  16261  16263
1897   6366  11328  12339  12512  12513
1899  13485  13486  16261  16268  16269
1900  12512  12514  12543  12546
1902  11703  12233  13481  13482  13485
1903  12338  12339  12667  13482  13483
1905  10704  13646  13648  16513  16515
1906   5173  15249  15250  16242  16247  16248
1907  10698  10699  16443  16514  16515
1908  12870  12875  13652  16446  16513  16514
1909  15143  15615  15617  16443  16446
1911   1529   3293   3956   5483  11631  11633
1912   3956   1533   8946   9687   9688
1913   1540  10567  11319  11631  11632
1915   3963   9691  10566  10569
1916   3965   3963   8694  12333  12369  12370
1917   3968   3965   8944   9686   9688   9691
1918   5483   6967  11674  11677
1919   3968   6964   8694   8695
1922   9950  12302  13470  15313  15315
1923  14993  15041  15198  15314  15315
1927  13122  13123  13556  17728  17735  17736
1929   9321  11739  13122  13124  13468  13470
1931  12302  12989  13123  13124
1934  12479  13154  13155  15508  15509  15512
1936  12271  12272  12920  13155  13156
1937   3540   5723   5726   7622   7624
1938   5723  10688  12268  12269  12395  12396
1939   7622   7623  12266  12269  12272
1940   9816  13031  14470  14522  14523
1942  10467  11621  15036  15056  15057
1943  10155  10895  10896  15032  15033  15036
1944   9493  14908  15059  15060
1946   9463  10469  11357  11358
1947  10464  10467  10895  10897  11358  11359
1948   4014   7779  11357  11359  13031  13033
1949   4014   9814   9816  10152  10155
1951   7779  10152  10896  10897
1952   4019  11435  12423  12424
1953   4027   7113   7115  11435  11437
1955   2690   6634   9295  16739  16744  16746
1956   2692  14515  14526  16746  16790  16791
1957   6632   9295  11437  12422  12423
1958  12422  12424  13378  16744  16787  16788
1959   2704   7114   7115  14510  14515  14516
1960   4019   4027  13378  14516  14528  14529
1963   2709   6632   6634   7113   7114
1964  13613  13614  14674  16944  16986  16987
1965   8620   8621  11967  16941  16944
1968  11796  11802  16821  17211  17213
1971   8054   8623   8624  11800  11802
1972   8054   8280   8281  17207  17210  17213
1974   5995   7070   7075  17229  17307  17308
1975   5905   9867   9869  17308  17309
1976   7075   7076   9637   9758  16716  16718
1977   4073   4074  16719  16721
1978   5902   9868   9869  16715  16716  16719
1979   9753   9754  16715  16718  16721
1980   4079   4073   9754  10579  13038  13039
1981   4074   4079    331   5902   5905
1982   7070   7076  10575  10578
1983   7313   9604   9944  10728  10729
1984   5445   7608   9244  13394  13395
1985   5445   9606   9940   9941   9944
1987   7607   8986   9115   9116  13395  13396
1988   6346   9438   9439  13394  13396
1989   6346   7310   9111   9112   9115
1990   7611   8980   8986  10731  10732
1991   7475  13933  17706  17709
1992   7805   9754   9756  17703  17705  17706
1993   6181   6184  12157  12160  12163
1994   4093   1796   6184   9812  12898  12944  12945
1995   1776   4093  13931  17703  17708  17709
1997   4079   9810  12944  12946
1999   4073   7805  12900  12945  12946
2001   2600   5488   5491  16369  16370  16373
2003   5488   9337   9338  16290  16466  16467
2004  16311  16373  16374  16465  16467
2005   9336   9337  12025  14979  14983  14984
2007   5869  11873  12250  14976  14984  14985
2009   5866  12027  14976  14979
2011   9852  15687  16311  16403  16404
2012   2599   5491   9336   9338
2013  11327  11328  16188  16189  16192
2014  14460  14722  14787  16188  16191  16194
2015   7370  11327  12339  13052  14882  14939  14940
2016   8717  14006  14462  14885  14938  14939
2017  12508  12509  12512  14646  14790  14791
2019   7159  12308  12309  16639  16641  16642
2020   3195   7159   9391  12059  12060
2021   8853   8857  14891  15030  15031
2023   9394  12059  12683  12685  12688
2024   8857   8859  10391  10393  10394
2025  10394  11845  12314  14891  16642  16645
2027   8478   9391   9394  15713  15715  15717
2028   1606    411   3818   7516   8135   8136
2029   8130   8136  12441  12533  12534
2032   7513   7516   8773  14688  14929  14930
2035  12657  12659  17000  17002
2036   2554  12653  12654  12657
2037   3936  11560  11565  11567  17003  17005
2038  10672  10674  11567  16130  16132
2040  12758  12760  16126  16129  16132
2043   5329   8750   8753   9427   9428
2044   2623   1531   8747   8750   9332   9333
2045   7102   7104   9328   9330   9333
2047  12910  12911  16284  16764  16766
2049   6954   6955   7852   7853   7856
2052   1471   8234  13422  13845  13846
2053   7430   9474  11844  12313  12314
2054   9857  12579  12582  16308  16311
2055   9474  12583  16308  16404  16405
2057   3659   3691   7061   7062  15107  15108
2058   3684   5445  15103  15105  15108
2060   7056   7058   7061   7984  10465  10467
2062   7984   9944   9946  15036  15038
2064  11620  13591  15056  15058
2067   4159   4160   8563   8567   8889   8891
2068   4163   8567   8781   8782  11193  11194
2069  15256  15258  15550  15577  15578
2070   3480   4160   6825   6829  15252  15253  15256
2071   3489   6829  13775  14347  14348
2072   4163   4159  15253  15255
2074  11191  11194  15252  15255  15258
2076   4176   1995   6057  11603  12597  12599
2077   1982   4176   5319  11484  13404  13406
2079   1852   6668   7242   7243
2081   7537  11482  13400  13401  13404
2082  11482  11484  11603  11606
2083   5316   5319   8574  14050  14052
2084   6590   7275   7276  16175  16178
2085   4186   4187   4188  13328  13331
2086   3830   4191   1676   4192   4186
2087   3831   4191   7274   7276
2088   4194   2154   4195   4188
2089   4187   4192   1677   3529   2149   4194
2091   7091   7092   7095  11898  11899
2093   6591   7095  16178  16196  16197
2094   4195   7091   7094  13331  16196  16198
2095   8602   8706  11648  13236  13238
2096  12259  12262  12820  13397  13398
2098   1552   7812  12820  12967  12968
2099  13397  13399  17825  17841  17842
2100   2975   7551  12968  12969  13398  13399
2103  14198  14738  14914  15454  15456
2104   8378  13084  14179  14198  14199
2105  11915  14737  14743  14914  14917
2106   9150  10366  13702  13705
2107   7860   9715  14741  14743
2108   9709  14176  14199  14737  14738  14741
2110  12480  15078  16713  16716  16717
2111   4220   1754  14475  15114  16712  16719  16720
2113   4220   5902   9434  16890  16892
2114   4222   1948   2202   8311   8316   8318
2115   2195   4223   4222   7435   7437
2116   4223   2189   6106   6111   6112
2117   4227   6109   6112   7436   7437
2118   4227   7392   7396   8311   8313   8315
2121   7003   7007  14641  14818  14819
2122   5915   8540   8541  11005  11006
2123  13204  13564  16202  16205  16208
2124   4235  11005  11007  13205  13561  13562
2125   4235   5373  10288  14160  14162
2127   2524   5915  10188  10191  10194
2128  10194  11012  14349  14352  14355
2129  11623  11624  11627  15755  15757
2130   4240   4241  15751  15754  15757
2131   4240  11627  11629  12377  12379  12380
2132   4223   4245   4241  12380  12383
2133   1603   4222  13878  13881  13884
2134   3370  11623  11626  11629
2135   4245   7437  11690  15752  15754
2136   5595   6571   7965   7966   7969
2138   4251   7969   7971  13069  13071
2139   4256   8864   8865  13065  13066  13069
2140    683   8025   9412  13066  13068
2141   4259   7965   7971  10619  10621
2142   4260   1645   4256   4251   4259
2143   1634   4260  10615  10616  10619
2146  10227  16275  16874  16876
2147  16877  16879  16950  16966  16967
2148  12459  12461  16946  16947  16950
2150  10227  10233  10988  16757  16885  16901  16902
2151    629   7480   7482   8294   8900   8901
2152   4267   9104   9109  14321  14324  14327
2153   4269   5184  14327  14582  14583
2154    625   8293   8294   9108   9109
2155   4269   4267   8293   8899   8900
2156  12536  12733  12734  13822  13824
2157   4275   7285   7286  14325  14327
2158   6340   7280   7286  13818  13819  13822
2159   4278   4267   4275   6339   6340
2160   7280   7285  12729  12731  12734
2162   4278   9109  16032  16033  16036
2164  14138  16812  16839  17672  17682  17683
2165   8410  12146  12180  12652  17594  17597
2166  13162  16838  17682  17684
2167   4289    746   6279   8409   8410
2168   6279   6833   9024   9509   9510
2172   4289   6833  13536  13866  13867
2173   7284   7285   9217   9218   9221
2174    245   1453   7280   7281   7284
2175   1463   7281   8799   8800  12734  12735
2176   9387   9394  10447  10448  13629  13631
2178  16461  16464  16467  16475  16503  16504
2180  11989  16373  16375  16470  16475  16476
2181   6803  12584  16308  16374  16375
2182   1795   6038   6177   6182   6184
2183   3053   2794  16992  16993  16996
2187   7969   7970  13030  13031  13034
2188   5595  13034  18003  18005  18008
2189   7775  11359  16529  16531
2190  11357  16529  16534  17971  17974  17977
2191   4014   7965   7970  11336  11338
2192   7775   7779  11338  13544  13547
2193   5897  10719  10720  10723
2195  11833  11836  12494  16608  16611
2198   5891  10723  10725  16944  17272  17274
2199  11833  12062  17265  17268
2202  10528  10529  10532  11489  11491
2203   4320   2561   8458   8462  10529  10531
2204   3836   4324   8462   9082  17323  17325
2205   9082  11427  11428  11580  11581
2206   2563  10528  10531  10534  12657  12658
2207  10532  10534  11432  11575  11578  11581
2208   4324   3840   2558   4320
2209   7217   9248  15800  16682  16684
2210   7217   9346   9347  16301  16384  16385
2215   9248   9346  11035  14978  14987  14988
2217  11035  15732  15800  15830  15831
2218    755  10274  10277  16439  16441  16443
2219   7676   9442  15416  15419  15422
2220   9491  10277  13719  15059  15061
2221   6352   8782   8783  13107  13139  13140
2222    356   4339   4340   1273  11801  11802
2223   4340   4341   4163  17171  17212  17213
2224   8567  13107  17171  17174
2226   4341   4339  11192  11194
2227  11596  13549  13875  15099  15102
2228  10109  10807  11630  11631  11634
2229  10802  11634  11890  12960  13232  13233
2232   7850   8402  16852  16855
2233   8400  16855  16870  16973  17008  17009
2235   4074   1752   4220  12940  12943  12946
2237  17007  17009  17844  17846  17848
2238   5905   7849  16852  16870  16890  16891
2239  14914  15138  15139  15389  15692  15693
2240  14987  15136  15457  15459
2242   2595   9336  14566  15386  15693  15694
2245  10705  12026  14974  14979  15133  15136  15139
2246  14568  14569  16215  16472  16504  16505
2247   5493  12421  12424  14567  14569
2248   9994  12426  14175  14567  14568
2249   4019   5493   6815  16470  16472  16473
2250   6815  11435  13891  13985  13986
2251  13129  13982  16104  16211  16212
2253  13980  13986  16104  16473  16507  16508
2254   3563    549   7766  14349  14350  14353
2255   9633   9956  10193  10194  11270  11271
2256   5326   6551   6554   9428   9429
2257   8750   9634  10193  11012  11014
2258   5608   7766   9959   9960
2259   7345   7771   9586   9588   9591
2260   3819   8136   8803   9590   9591
2261   7281   7770   7771  13822  13823
2264  11957  11959  16741  16744
2265   5486   5491   5493  13378  13381
2267  11959  13954  15385  15696  15697
2270  13951  14563  14567  15691  15694  15697
2271  10899  16254  17685  17688  17691
2272   5290  12787  17667  17690  17691
2277   7805  16254  16256  16709  16720  16721
2278   9422  12790  17667  17706  17722  17723
2279   7082   9759  16710  16717  16718
2280  10619  12715  12716  16180  16199  16200
2281   7148  10679  15772  16131  16132
2282   4260  12436  16177  16180
2284   7900  12106  14415  15772  17650  17652
2285  14277  14411  14412  16199  16201
2286   1739    724   6486   9499  12121  12122
2287    748   8597  16830  16833
2288   6327   6489   9498   9499
2289    744   1730   8597  10410  11519  11521
2290  10322  10328  17233  17236
2291   4339   5777   5780  17234  17237
2292  10322  13247  17338  17341
2294   4340   5780   8054   8055
2295   4413   6730  15052  15253  15254
2296   4159   4413   6213   6215  17167  17169  17171
2297   4341   5780   8363  15049  15254  15255
2300   8358   9365   9366  15049  15052
2301  11478  11481  11484  12634  13096  13097
2302   5915  11599  11601  11603  12634  12636
2303  11001  11005  13222  13770  13771
2304   7530  11478  11482  13446  13449  13452
2306   7845  16229  16852  16859  16860
2308   7265  10106  10807  10808
2309  10802  10805  10808  16962  16965  16968
2311   8403  16855  16859  16966  16968
2313  11309  11593  15099  15357  15358
2314  10152  11337  11338  15441  15443
2315  11141  11146  13094  15356  15358
2316   7775  10891  10894  10897  13088  13091  13094
2317  10534  14256  14430  17045  17051  17052
2318   2560  10531  12559  12562
2319  14431  15532  15537  17051  17075  17076
2320  10796  14253  14430  14431
2321  12556  12559  15675  15679  16957  16960
2322   4176  12630  12631  12634
2326  11665  12306  15362  15753  15754
2327  12305  15169  15171  15362  15365
2328  10394  11095  11668  12305  12306
2329   4245   6112   8857   8858  11665  11668
2330   4227   1614   7516   7519
2331   5865   8398   9347   9348
2333  10876  11263  16350  16352
2334   9346   9348  10879  11262  11263
2336   7217  11262  16352  17908  17910  17912
2337  13464  16592  17659  17675  17676
2338   4443   4188   7766   7767  13341  13461  13462
2339   4194   2153   4443  16202  16203  16206
2341   4195   2148  13460  13461  13464
2342   4445   4275   4269  17542  17547  17548
2344   4445   6773   6775   7284   7286
2345  11651  13236  13237  14581  14583
2354   5381  10277  13981  16104  16107
2356   5486   5488  16472  16475
2358   2442   5543   7074   7075
2359  10906  10907  17303  17305  17308
2360    407   4461   9845   9848   9851
2361   4461   2448  16989  17275  17277
2362  14168  14171  17267  17270
2363   7070   7074   9845   9849  10613  10614
2364   4463   1182  11437  13889  13891
2365   4463   7113  16972  17011  17012
2366  12099  13986  14290  14535  14536
2367   4027   6815  12099  12356  12357
2368   7115  12352  12356  17010  17012
2370  10703  12096  14535  16509  16512  16515
2371    745   8408   8410   8595   8597
2373   6279   9186  12096  12357  12358
2374  11498  13650  16509  16510  16513
2375   4289    737  12352  12355  12358
2377   8454  13315  14320  14367  14368
2378  14280  14317  14368  14410  14411
2379  13868  14137  14138  14317  14320
2380  14413  17650  17651  17852  17853  17856
2381   5078  13865  13866  17852  17855  17858
2382    280   5073   5078   8454   8457
2383  15403  15406  16195  16196  16199
2385  13464  13466  14317  17697  17700
2386  13331  13461  13903  13904
2387   9348  14978  15136  16086  16091  16093
2390   3532   6346   6347  15834  15839  15841
2391   3514   4484   2252   7296   7297
2392   4484   2973   6347   9115   9117
2393   2151   3528  15660  16154  16155
2394   7296  15641  16152  16156  16157  16160
2398   3956   1530   9333   9334
2399  12090  12252  12258  12278  12279
2400  12258  12365  13034  13035  13070  13071
2401   6672   9677  12087  16094  16096  16099
2402   1290   9410  12049  13067  13068
2403  12049  12254  12279  16062  16064  16067
2404   1721   7873   7875   7878  10461  10463
2405   5669   6650  10462  10463
2406   7873   7876   7879   9387   9389   9391
2407   6602  12451  12851  12852  17825  17826
2408  12451  12454  13393  13394  13397
2409   2976   6347  13393  13396  13399
2411  14652  14653  14656  14742  14743
2412  14100  14592  14656  14821  14822
2413   9459   9714  14102  14592  14741  14742
2419   2441   1954   6262   7074   7076
2420  11167  11169  13878  13879  13882
2423   7771   8905  10723  10724  13616  13617
2424   4445   6334   6337   6340
2425   4461    413   3822   5753   9591   9592
2427  12892  12893  13735  15075  15078
2429    276   8454  11255  11257  11309  11310
2430  11892  13232  16743  16746
2431  11251  11255  15352  15355  15358
2432   5077   5078  14512  14515
2434   4511   1813   2974   4484   2259
2435   4511  13297  13695  13696  13727  13730
2436  13280  14500  14860  14862
2437   7300  14238  14240  14856  14857  14860
2439   7294   7296  14694  14857  14859
2440   8465  13250  17323  17341  17362  17363
2441   4784   8458   8465  14796  14799
2443  11698  14799  16767  16769
2444  11490  11491  14796  16763  16764  16767
2446   3175   4525   6271   7159   7160
2447    978   4525   6726  14209  14210
2448  14208  14210  17884  17887  17890
2449   7873   7874   7877  14208  14209
2450   8825   9830  13110  13138  13139
2451   8563   8566   8822  13107  13110
2454   1808   4534   8160  10647  10649
2455   1433   4534   5157  13419  13846  13847
2456  10649  10661  10662  11098  11099
2458  13861  15130  16498  16501
2459   3773   4540  11582  11585  15130  15132
2460   4540   8195  10376  11097  11098
2461  12204  13514  15132  16495  16500  16501
2464   2200   4635   7145   7146
2465   7146  14656  14658  15388  15695  15696
2466   6701   9361   9824  10242  10243
2468   6701  11464  11466  11827  11958  11959
2469   3308  12418  12420  14614  14617
2470   4548   4241  11665  13471  13473
2471   3315   4548  12380  12419  12420
2472  11668  13472  13473  14891  14894
2474  11526  11643  14505  14507
2475   4278   8289   8290   8293  11641  11643
2476   7565   7567   8289   8291   8294
2477   3685   4551   6939  15108  15109
2478  12816  12819  13393  13395  13398
2479   2281   4551  10450  10451  10454
2481   7433  11243  15309  15315  16689  16691
2482  11241  12313  16642  16690  16691
2483   7427   9474  11241  11243
2484  16277  16874  17316  17330  17331
2485   9979   9985   9986  15378  15756  15757
2486   9982   9985  11289  11741  11742
2487   6530   9979   9982  12970  12971  12974
2488   4240   4548   9986  12974  12975
2489  12301  13118  13124  15362  15380  15381
2490   6827  12473  12475  14857  15576  15578
2492  15051  15257  15258  15885  15888
2495   5806   6827  14208  15054  15256  15257
2497  14696  14859  15553  15576  15577
2498   3903    970  14210  15051  15054
2499  10643  10649  14705  15506  15507
2500   4572   3367  11629  11920  11921
2501   4572   4573    197  12997  12999
2502   4573  11916  11920  13970  13972
2503   3560  11833  11837  16797  16799
2504   3562    535  12493  13144  16845  16847
2505   2036   9013   9985  10758  10759
2507   2583   4540   3772    571
2508   9986  11627  11921  11922
2509   2651   2213   7028  10716  10717
2510  10369  13633  13963  14302  14303
2511   3849   7025   7028   7276  10372  10373
2512   3837   2891   1689   4191   9082   9085
2513   9085   9253  11579  11580  13960  14303  14304
2515   9255  11433  11579  11581
2517   9991  12426  13951  14104  14105
2519  15816  15942  15943  16352  16982  16984
2520    824  16979  17908  17913  17915
2521   8695   8696  11920  11922  12974  12976
2522   4511   2258   9982  10759  10760
2524   3968   3296  13297  13301  13678  13679
2525   4573   8694   8696  13677  13679
2527  12592  13188  17670  17721  17723
2530   4572   8696  12329  12330  12333
2531   6969  11677  12420  13457  13458
2533   3297   5478   5483   5876  14454  14456
2534   5872   5876   7263  10808  11634  11636
2536  10529  12562  12929  14794  14796  14797
2538   6883   8462   8465   9229   9230
2539   2549   6793  12559  12929  12930
2540  10175  12930  14797  14800
2541   4320   2557   9224   9227   9230
2542   6833  12356  12358  14513  14516
2543   7114   8406  17006  17009  17012
2547   4093   7150  15772  15775
2548  11567  12590  17717  17718  17721
2549   2604  12663  16257  16258  16261
2550  10301  10710  15137  15139
2551    554   6791  12924  12927  12930
2553   4413   4160  16753  16760  16761
2554  12488  13385  13387  14329  14682  14710  14711
2555  10936  12629  14036  14681  14713  14714
2557     79  12232  13055  13057
2558   7687  12228  12232  13482  13484
2559   5627   5628   7146  10301  10302  10305
2562   8289   8292   8895   8897   8900
2563   9257   9258  17539  17548  17549
2564   2646   9256   9257  11637  11640  11643
2565   9691   9692  13681  13682  14497  14500
2566   4235   2792  14494  14496  14497
2567   3965  13676  13679  13682
2571  15047  15049  15051  15235  15250  15251
2572   4525   5616   8968   8969   9368   9369
2574   9510   9511  16369  16372  16375
2576  11987  12096  12099  16473  16476
2577   9766  12232  12235  12372  12373
2578   3583   3248   3963  13680  13682
2579   4604   5635   7625  14098  14406  14407
2580   5632   5633   7028   9742  12905  12907
2581   4609   7625   9731  13806  13808
2582   4610   5630   5632   5635
2583   4604   4609   4610   9738   9740   9742
2584  11701  13092  13485  15352  15353  15356
2585   7984  10891  10892  10895
2586   3007   7095  10155  15406  15441  15442
2588   1296  12049  12052  13973  13976  13979
2589   4259   9817   9819  16173  16178  16180
2591   7970   7971   9813   9816   9819
2592   7060   7061   8148   8149
2593   3687   4551  14033  14713  14715
2595   6830  14346  14348  15011  15014
2596  14920  14926  15010  15013
2597  14860  14861  15650  15786  15787
2598   9295  11957  11958  16946  16949  16952
2599   4463   1187   6632  16950  16952
2600   2689   6634  16952  16967  16968
2601   3835   4324   4616   4186   9228   9230
2602   9085  17325  17363  17364
2603   1691   4192   4616   2536  10322  10324  10327
2605   1422   4534    587   7741  11231  11233
2608   6806   8334  11241  11242  12583  12584
2610   2535   4616   4187   4443
2611  12052  12253  12254  15264  15267
2613   4622   5723  12253  12277  12279
2615   4622  12269  15261  15263  15264
2616  11242  11243  13163  16834  16835  16838
2617  11141  11255  11256  14828  14830
2618   1178  11707  13092  13094
2619  14816  17711  17731  17734  17735
2620   9049   9054  14497  14834  14861  14862
2621  15789  15790  16428  16536  16537
2625  10914  14666  14864  14865
2626  10025  10913  10914  12676  12679  12682
2627  14425  14426  17048  17051
2628   9716  10532  17049  17052
2630  11358  15657  15658  16525  16526  16529
2634   8986  10959  11292  11740  11741
2635   5805   6829   6830  10457  10460  10463
2639  12216  14217  14447  14489  14490
2640  12924  12925  14797  15131  15132
2644    650   5389  11174  12640  13028  13029
2645   5319  10177  11587  14800  15130  15131
2646   4256   4628   9742   9745
2647   4628   4251   5632   7821   9818   9819
2649   4628   4610  12256  13069  13070
2650   5635  11380  11382  12256  12258
2651   5481   5876   6701   6704
2655   7510  10914  12270  12272  13027  13029
2656   4631   4604  12252  12253  12256
2657   4609   4631  14867  15264  15273  15274
2658   4622   4631   7621   7622   7625
2659   7145  11464  11467  15385  15388
2660   9954   9960  11265  11267  11270
2675  12505  13099  13100  14794  14799  14800
2676  11376  11378  14185  14188
2678   9940   9942  10726  10729  10732
2681  10948  12152  12155  15295  15298
2683   7402  11496  11515  11517  11520
2686  14172  14179  15825  16213  16215
2688   9423   9427  10588  12186  12187
2690  16392  16394  17337  17359  17361
2691  16119  16120  16885  16888
2692  13302  13690  13692  13695
2693   9430  11069  16892  17314  17317
2705   8372  14982  14983  15453  15456  15459
2709   5154   8235  13419  13422
2711  15146  15245  15249  15482  15615  15616
2712   8851   8941  14577  14580  14583
2714   7091  15406  17929  17936  17937
2719  10943  13512  16500  16764  16765
2720   7824  14467  15064  15066  15067
2723   8282   8298  10362  10363
2724   7868  11033  11035  15944  17689  17691
2726  12214  14217  15011  15160  15161
2727   5316  11582  11584  11587
2728   9423   9428  12843  13991  13992
2730  10188  10290  11012  14156  14157  14160
2731   9688  10289  13574  14160  14161
2733  13906  13912  14156  14159  14162
2734  13980  13981  14287  14290
2735   9733  13029  13806  13807
2739   9430  14840  14841  14844  16969  16975  16976
2740  12259  12260  12447  12449  12451
2741   9244  12447  12454  15105  15106
2742   9421  12790  16088  16190  16191
2743  10080  11071  17314  17328  17329
2744  16232  16860  16962  16963  16966
2745   5478  11630  11633  11636
2746   5486   9338  14563  14566  14569
2747   8372   9337  14198  14565  14566
2752   5995   9637   9867   9868
2753   6825  14348  15350  15572  15575  15578
2756   5577  11565  13849  13850
2758   5595   9411  13065  13068  13071
2759   5638  11343  15206  15211  15212
2761   5655  13180  13181  13184
2762  11533  13490  13496  13608  13792  13793
2763  15919  15921  16294  16297  16298
2768  12277  12395  16067  16068
2769   5727  10422  14077  14079
2770   8137  10343  11414  11415
2771   8137   8142   9586   9589   9592
2774   8055   8275   8280   8358   8360   8363
2775  11946  12165  14570  14571  14574
2777   5799   6825   6827   6830
2781  12476  12479  15078  16666  16668
2782   9607   9611  11070  17310  17313  17314
2784   5862   9347  14974  14976  14978
2785   5872  14450  14453  14456
2787   5891  13611  13614  13617
2788   9869  16890  17317  17327  17328
2789  11001  11003  11006  11601  11604
2794   9607   9609  12084  12085  12088
2796  10188  10193  11747  11749
2798   9867  10905  10906  17326  17327  17330
2801   6050   9633  11749  12593  12594  12597
2802   9217  12055  12056  13625  13628  13631
2804  10905  10907  16271  16274  16277
2805   6565   6567  15540  15543  15546
2806   6097  10443  10444  10447
2807   6106   8853   8855   8858
2808  10410  11971  16827  16832  16833
2809  12084  12278  16067  16098  16099
2812   6151   7082  13732  13734
2815   6177   9806   9809   9812
2819   6213   9236  16882  16884  16885
2821  15482  15723  17239  17240  17243
2822   9662  11706  13088  13089  13092
2823  14894  15310  16645  16689  16690
2824   9753   9758  10572  10578  10579
2825   9273   9276  11715  11716  11719
2826   8409   9509  12146  13158  13159
2830   8791  10080  10082  12477  12479
2832   6802  12296  12579  12581  12584
2833   6438   8940  14057  14579  14580
2834  10688  12123  12125  14245  14247
2835  11637  11639  14505  16398  16451  16452
2836  13238  14422  17822  17838  17839
2837   7742  11231  15013  15162  15163
2838   9494   9499  10900  16250  16251  16254
2840   9437   9439   9442  12454  12850  12851
2841   9252   9257  11575  11576  11579
2843   9321   9322  12971  12972
2844   6963   8695  11677  12333  12334
2845   6644   9880   9882  13426  13427
2846  11395  13916  15169  16297  16388  16389
2847   6662   7733   7735   7738
2848   9672   9677  18003  18006  18009
2850  11082  11083  13778  15423  15424  15427
2851   9361  11827  13013  13782  13783
2852  10241  10243  12418  13458  13459
2853   9880   9883  14194  14231  14232
2854   6723  14209  15047  15052  15054
2856  14691  14929  16626  16771  16772
2858   9224   9229  12502  13100  13101
2859   8791  14472  16662  16665  16668
2860  16604  16609  16611  17183  17188  17189
2862  10006  16779  16784  17185  17187
2863   9806  12940  12944  17844  17849  17851
2864   7003   8579  14227  14228  14231
2865   9130  13180  13185  15627  15632  15633
2866  10712  10716  12901  12904  12907
2872  12064  12796  12799  17263  17268  17270
2873  11395  11396  12301  12302  12305
2874   9248  11262  15942  15944
2875  14565  14738  15692  15694
2877   7322  10071  13439  13442  13445
2878  11539  15813  16117  16182  16183
2879  10719  10724  13818  13820  13823
2881  15797  15800  15813  15943  15944
2882  10301  10304  11327  12664  12667
2884   7513   8130   8132   8135
2885   7522  11688  15751  15752  15755
2886   7530   9890  11599  11604  11606
2887   7922   7926  11057  14441  14447  14448
2888   8813   9011  10377  12201  12202
2891   8563   8782  13673  13675
2893   7663   8763   8765   8768
2894  12846  12850  13715  13718  13721
2895  13481  13484  13836  15101  15353  15354
2896   7926  11082  11084  11087
2897  12164  12167  12569  13529  13531
2898   9800  14188  14466  15067  15070
2899  12900  16250  16256  17399  17404  17405
2900  10450  10453  12816  12817  12820
2901   9813   9818  14464  14467  14470
2902  10377  10758  11097  11918  11919
2904  10615  10617  12106  12716  12717
2906   9884  13427  14485  14488  14491
2907   7922  12568  13525  13528  13531
2908  11689  14684  14688  15365  15752  15753
2909   9278  13237  17822  17823
2910   8018  12052  13066  13067
2915   9725  12103  14413  14415
2918  11098  11623  11625  11916  11918  11921
2919  13906  15709  16600  16602
2920  12437  16056  16058  17180  17183
2923   8311   9845   9847   9850
2924   9716   9718  10943  11489  11490
2925   8328  11242  16685  16688  16691
2926  11310  14367  17926  17941  17942
2927   8458  11491  17319  17320  17323
2928  12164  12215  14217  14574  14575
2929   8478  10443  10445  10448
2930  11840  11843  12308  12311  12314
2932  10528  12556  12562  17052  17072  17073
2933  10020  10025  17772  17775  17778
2935  13297  13299  13302  14494  14499  14500
2936  13879  13880  14884  14935  14936
2937  11812  12222  13225  13769  13770
2939   9487  11616  11619  15055  15056  15059
2941   8747  11014  13573  14157  14158
2943  10227  10229  13110  17167  17172  17174
2944  11292  13119  15298  15369  15370
2945  10650  10651  11163  11165  11168
2946  11149  11151  13611  13613  13616
2947   8911   9732  13802  13803  13806
2948  10450  10455  10797  14425  14428  14431
2949   8980   9111   9113   9116
2950  13299  13676  13678  13681
2951   9510  13157  13158  16815  16838  16839
2953  11575  11580  17319  17322  17325
2954  11427  11432  12653  12655  12658
2955  14982  14985  14988  15728  15729  15732
2956  10698  10703  11983  11984  11987
2957  10114  15266  15269  15270
2958  12799  13992  13993  14164  14169  14171
2960  11694  16282  16763  16766  16769
2961  11957  12421  12422  13951  13954
2962  15041  16593  17727  17738  17739
2964   9387  12054  12056  12059
2965   9709   9714  12206  12207  12210
2966  10464  10469  11616  11618  11621
2967  12308  12313  12579  12580  12583
2968  11185  12755  12756  12901  12903  12906
2969  12206  12208  14448  14486  14487
2970  11478  13006  13404  13405
2973  11383  11385  11701  11703  11706
2975   9738  12901  12902  12905
2978   9827  13138  16806  16819  16820
2979  12676  13895  14679  14711  14712
2983  12109  12646  12647  17590  17595  17597
2984   9979  10759  11916  11919  11922
2985  12421  12423  12426  13885  13888  13891
2987  10048  12157  12159  12162
2990  10802  10807  16992  16995  16998
2991  10891  10896  15441  17939  17940  17943
2992  11017  11752  15286  16210  16212
2994  11522  11524  14501  14504  14507
2996  13715  13719  15289  16107  16210  16211
2998  10338  11415  14227  14230  14233
2999  11630  11632  12960  13839  13872  13873
3000  10391  11840  11842  11845
3002  11515  11521  11969  11971  11974
3003  11946  11951  14076  14077  14080
3006  13704  14917  15332  15454  15455
3008  13792  13794  15158  15159  15162
3010  10563  14075  15340  15541  15542
3011  10572  10650  10652  10655
3012  10581  12187  15485  15488  15491
3013  13088  13877  15102  15356  15357
3015  10672  11186  12754  12755  12758
3016  12396  14241  14247  16062  16065  16068
3019  11133  11138  12623  12626  12629
3021  12621  14538  14544  17888  17904  17905
3022  12508  12510  12513  13052  13053
3023  10855  11337  13542  13547  13549
3024  15573  15575  15786  15788
3025  11263  13190  15942  17670  17689  17690
3027  11791  12830  12832  14684  14690  14691
3028  12483  12486  14675  14681  14682
3029  11490  12911  17285  17320  17321
3030  12646  14136  17562  17641  17644
3031  10984  12460  15430  15431  15434
3036  11141  11309  17939  17942  17945
3037  11724  11748  12349  12594  12595
3039  11736  11741  13118  13119  13122
3046  11560  13850  16126  16127  16130
3047  11886  11888  13232  15096  15098  15099
3048  11599  12593  12596  12599
3050  12259  12261  13236  17820  17822  17825
3051  12301  12306  13467  13470  13473
3052  12329  12334  13453  13454  13457
3054  11983  11985  16476  16506  16507
3056  11958  13013  13954  14103  14104
3057  11870  12250  15499  15729  15730
3059  15080  15081  16439  16444  16446
3061  12063  16941  17268  17272  17273
3064  12586  13932  17709  17721  17722
3065  12252  12254  13065  13067  13070
3067  12352  12357  14531  14532  14535
3068  12715  12717  14409  14412  14415
3069  12476  12892  15308  15512  15513
3070  12178  12180  13157  13159  13162
3071  12816  12818  12963  12965  12968
3072  12228  12338  13051  13052  13055
3074  12593  12595  13044  13046  13049
3075  13030  13035  14517  14520  14523
3076  12377  12419  13453  13455  13458
3077  12993  12995  13051  13053  13056
3078  12429  12754  12756  12759
3079  12437  12531  12533  12536
3080  12447  12846  12848  12851
3081  12490  16604  16608  16841  16842  16845
3082  12630  12632  13095  13097  13100
3083  13311  14320  17700  17730  17737  17738
3084  12623  12628  16264  16267  16270
3085  12556  12924  12926  12929
3087  13400  13402  13405  13973  13975  13978
3088  12637  13028  13802  13804  13807
3089  12660  13481  13483  13486
3090  12910  13433  17285  17340  17359  17360
3091  13113  15496  15827  15829
3095  16086  16088  16090  17667  17670
3096  13987  13993  16119  16122  16125
3097  13439  13441  13987  13989  13992
3098  12940  12945  17402  17405
3099  12870  13634  13957  13963  13964
3100  14060  14478  14481  14578  14579
3101  13150  13155  13683  13685  13688
3102  13653  13655  14370  14373  14376
3103  13233  13839  15098  15101
3104  13118  13123  14146  15368  15369  15372
3105  13781  13783  14099  14100  14103
3106  14874  14875  16397  16448  16449
3107  13139  16819  17174  17211  17212
3108  13885  13887  13980  13982  13985
3109  13141  13292  16841  16844  16847
3110  14133  14137  14280  17644  17647  17648
3111  13201  13559  13561  13564
3112  13467  13472  15309  15310  15313
3113  13446  13448  13765  13767  13770
3114  13244  13434  17335  17340  17341
3115  13525  13530  13934  13936  13939
3117  13899  13904  16195  16198  16201
3118  13460  13462  17599  17675  17677
3119  13669  13671  15423  15426  15429
3120  14827  16223  16265  16266
3121  14524  14528  16786  16787  16790
3122  13385  14076  14078  14081
3123  14450  14452  14736  15993  15994  15997
3124  13513  13846  16166  16497  16500
3125  13490  13625  13627  13630
3126  13864  13866  14133  14135  14138
3127  13542  14074  15540  15541  15544
3128  15411  16598  16599  17733  17736  17739
3129  13568  14156  14158  14161
3130  16055  16058  16609  16647  16648
3131  13715  13717  15055  15058  15061
3132  13920  13925  14046  14048  14051
3133  13788  13793  14220  14222  14225
3134  14145  15372  16297  16300
3135  13699  13731  13733  13736
3136  13894  14331  14710  14712
3137  13971  14239  14708  14924  14925
3138  13906  14349  14354  16202  16204  16207
3140  13757  13878  13880  13883
3141  14347  15350  15424  15425
3143  13871  13873  15096  15101  15102
3144  13855  16169  16495  16497  16498
3145  14099  14104  14592  15695  15697
3146  13957  14298  14300  14303
3148  14457  14462  14716  14719  14722
3150  14030  14330  14709  14710  14713
3151  14190  14227  14232  16654  16659  16661
3152  14321  14323  14577  14579  14582
3153  14092  14402  14404  14407
3154  14501  14761  14766  16447  16448  16451
3155  14116  14241  14243  14246
3156  15368  15371  16300  16387  16388
3158  14164  14386  14388  14391
3159  14172  14199  14563  14565  14568
3160  14464  14466  14517  14519  14522
3161  14570  14575  15158  15161  15164
3162  14370  14375  14425  14427  14430
3164  14409  14411  17646  17647  17650
3165  14284  14531  14533  14536
3166  14368  17700  17926  17937  17938
3168  14471  15114  16663  16665
3169  14417  14538  14540  14543
3170  14432  14478  14480  14483
3171  14441  14485  14487  14490
3172  14494  14695  14856  14859  14862
3173  14510  14524  14526  14529
3174  16588  16593  17659  17679  17680
3175  14723  16333  17785  17789  17790
3176  14737  14742  15691  15692  15695
3178  14735  15029  15718  15994  15995
3179  14840  14845  14895  14897  14900
3180  14652  14654  14817  14819  14822
3181  14716  14718  14785  14787  14790
3182  14863  14865  15268  15271  15274
3183  14675  14709  14711  14714
3184  14684  14929  15165  15168  15171
3185  14920  14925  15501  15503  15506
3187  14761  14875  16646  16649  16652
3189  14794  15131  16501  16767  16768
3190  14809  14824  14826  14829
3191  14856  14861  15572  15573  15576
3193  14879  14934  14936  14939
3194  15030  15713  15718  16639  16644  16645
3195  15032  15034  15055  15057  15060
3196  15133  15138  15453  15454  15457
3197  14943  14959  14961  14964
3199  14974  14982  14984  14987
3200  15041  16834  16837  17678  17679  17682
3202  15007  15158  15160  15163
3203  15165  15167  16383  16386  16389
3204  15047  15252  15254  15257
3205  15064  15080  15082  15085
3206  16662  16663  16666  16706  16712  16713
3207  15096  15352  15354  15357
3208  15229  15245  15247  15250
3209  15416  15418  15611  15612  15615
3212  15309  15314  15485  15487  15490
3213  15206  15430  15432  15435
3216  15261  15268  15270  15273
3217  15819  15820  16209  16210  16213
3218  15293  15368  15370  15373
3219  15508  15513  16612  16615  16618
3221  15325  15453  15455  15458
3222  15540  15542  16532  16535  16538
3223  15423  15425  15785  15788  15791
3224  15375  15380  15751  15753  15756
3225  15382  15691  15693  15696
3226  15442  17929  17940  17941
3227  15705  15707  16596  16599  16602
3230  15611  15616  15721  15723  15726
3231  15728  15730  15826  15827  15830
3233  15532  15675  15677  15680
3234  15547  15572  15574  15577
3238  15627  15652  15654  15657
3239  15661  16149  16152  16155
3240  15698  15700  15785  15787  15790
3242  15920  16399  16403  17551  17556  17558
3243  15713  15993  15995  15998
3244  16119  16124  16232  16272  16273
3245  16032  16037  16055  16057  16060
3246  16126  16131  17646  17649  17652
3248  15826  15831  16678  16681  16684
3249  15801  15819  15821  15824
3250  15943  16182  17685  17686  17689
3251  15834  16156  16158  16161
3254  16149  16150  17239  17242  17245
3262  16062  16094  16095  16098
3265  16086  16188  16190  16193
3266  16209  16211  16502  16505  16508
3267  16183  16250  16252  17686  17688
3269  16278  16280  16497  16765  16766
3270  16173  16195  16197  16200
3271  16257  16259  16264  16266  16269
3272  16271  16273  16860  16873  16874  16877
3273  16236  16243  16245  16248
3274  16376  16381  16461  16463  16466
3275  16294  16383  16385  16388
3276  16369  16374  16399  16401  16404
3277  16332  16454  16456  17780  17785  17787
3279  16978  16984  17912  17915
3281  16392  16447  16449  16452
3283  16525  16527  16532  16534  16537
3284  16439  16509  16511  16514
3285  16470  16502  16504  16507
3287  16495  16763  16765  16768
3288  16612  16614  16692  16693  16696
3292  16588  16596  16598  16601
3293  16604  16646  16648  16651
3294  16678  16680  16770  16772  16775
3295  16628  16662  16664  16667
3296  16639  16685  16687  16690
3297  16654  16692  16694  16697
3299  16706  16715  16717  16720
3301  16739  16786  16788  16791
3302  16756  16761  16896  16899  16902
3303  16779  16793  16795  16798
3304  16801  16820  17207  17208  17211
3305  16809  16834  16836  16839
3306  16827  16841  16843  16846
3307  16859  16870  16877  16878
3308  16873  16878  16891  17310  17316  17317
3309  16882  16896  16898  16901
3310  16946  16948  16962  16964  16967
3311  16912  16992  16994  16997
3313  16985  16987  17271  17272  17275
3314  16978  16980  16999  17001  17004
3315  16969  17006  17008  17011
3318  17045  17070  17073  17076
3326  17167  17207  17209  17212
3327  17177  17184  17186  17189
3329  17223  17303  17304  17307
3330  17230  17239  17241  17244
3332  17263  17271  17273  17276
3333  17319  17321  17358  17360  17363
3335  17310  17326  17328  17331
3336  17335  17358  17359  17362
3340  17399  17561  17639  17641  17642
3349  17536  17543  17545  17548
3350  17551  17566  17568  17571
3352  17590  17600  17671  17674  17677
3355  17639  17646  17648  17651
3356  17671  17676  17678  17680  17683
3357  17685  17690  17717  17720  17723
3358  17733  17734  17737  17932  17935  17938
3359  17703  17717  17719  17722
3360  17724  17733  17735  17738
3361  17765  17769  17772  17774  17777
3363  17780  17788  17790  17793
3364  17820  17836  17839  17842
3365  17844  17852  17854  17857
3367  17884  17900  17902  17905
3368  17908  17916  17918  17921
3369  17932  17937  17939  17941  17944
3371  17971  18003  18004  18007
cells 343
0      0      1      3      5      9     10     11     12     13     14     16   2850   2893   3119
1     18     19     21     22     23     24     26     27   2915   2926   3068   3226
2     28     29     30     33     34     35     37     39     40     41     42   2745   2999   3052
3     44     45     48     49     50     51     53     54     56     57     58     61   3158
4     65     66     67     68     69     70     71     72     74     75   2950   3137   3185
5     76     77     78     79     80     81     82     86     87     89     90     95     96   3169
6     97     98     99    101    102    103    104    105    107    108    114   3173
7    115    116    118    119    120    121    122    123    124    125    126   2815   3329
8    127    128    129    130    131    132    133    134    135   2770   2771   2806   2864   2998
9    136    137    138    139    140    142    143    144    145    146    147   3111   3239   3254   3330
10    148    149     44    151    152    154    156    158    159    160   2862   3303   3332
11    161    162    123    164    165    167    168    170   2877   2958   3096   3097   3158   3244
12    173    176    177    178    179    180    181    182    183    184    185    187   2983   3030   3110   3118   3352
13    189    190    191    193    196    198    199    200    201    203   2808   3081   3187   3293   3306
14    204    205    206     54    207    209    210    211    181    212    213    215    216   3303
15    217    218    219    220    221    222    223    224    226    227    228   2885   2908   3027   3224
16    230    231    232    234    235    236    237    238    241   2769   2775   2933   3003   3361
17    242    243    244    245    246    247    248    249    250    251    252    253    255   2723
18    259    260    261    262    263    264    266    267    268    269    270   2886   3048   3074
19    271    272    273    275    278    279    280    173   2899   3046   3246   3267   3340   3355
20    283    284    285    288    289    291    292    293    294    295    296   3030   3340
21    297    299    300    301    302    303    304    306    307    308    311    312    313   3170
22    314    315    316    317     69    320   2726   2761   2775   2928   3161   3202
23    321    322    323    224    324    325    326    327    329    330    215     58    332   2862
24    334    335    336    337    338    339    341    342    345    346    348    350   3057   3274
25    352    353    354    356    359    362    131    364    365    366    367    368    369   3178
26    370    371    372    373    374    375    376    377    380    255    382    383    384   2965   3361
27    385    386    387    388    389    391    392    307    393    396   2825   3251   3364
28    397    398    399    400    401    403    404    405    406    407   2978   3016   3155   3262
29    408    409    406    410    411    412    413    414    417    418    419   2770   3219
30    420    421    376    422    423    424    425    428    430    432    434   2686   2992   3217
31    436    437    438    440    441    442    444    445    446    243    447    448    449   3168
32    452    453    454    455    458    461    466    467    468    469   2678   3190
33    471    472    473    474    475    476    477    479    480    481      1    483   2693   2739   2782   3031   3308
34    334    487    490    491    494    495    496    497    498    499    500    502    504    506   3091
35    507    140    508    510    511    512    513    514    515    516    397    522    523   2937   3113
36    525    526    527    528    529    530    531    532    533    535    536    537    539   2727   3087
37    542    543    544    545    546    547    332    490   2856   3027   3184   3203   3294
38    553    554    556    557    559    436    560    562    198    564    565   3130   3245
39    567    568    569    570    572    573    230    574    533    576    577    578    579    580   2957
40    582    584    587    588     79    589    413    590    593    594    133    595    596   3363
41    598    526    599    600    590    578    603    405    606    410    607   2834   3175
42    608    609    610    612    613    615    616    617    569    537    618    619    620   2769
43    622    623    624    626    116    627    628    629    630    631    632   2877
44     77    633    634    636    637    639    641    643    644    646    648    649   2709   3318
45    220    650    651    652     45    327    655    656    657    659    660    661    159    662    663   3132
46    665    666    667    668    669    670    671    672    673    674    675   2968   2975   3015   3078
47    679    681    682    684    685    686    687    688    689    690    691    693   3230
48    696    697    698    699    700    701    702    703    705    706    366   2785   2851   3123   3302
49    709    710    711    283    712    714    715    716    717    718    719    720   2739   3179   3315
50    722     86    723    725    726    727    392    728   2802   2836   2909   3125
51    730    667    731    732    733    734    262    737    738    739    740    741
52    744    745    746    748    749    750    751    752    754     78    634    755    756   2888   2902   3137
53    758    184    759    322    760    761    271    762    764    765    211   2756   2878
54    767    768    120    769    770    260    656     48    771    772    170    773    774   3011
55    776    644    778    779    780    781    782    785    786    787     95   2924   3029
56    789    137    510    791    793    795    796    797    798    799   2848   3024   3119   3223   3371
57    414    801    802    803    377    805    806    595   2998   3151   3288   3297
58    807    809    811    812    813    814    815    816    384    817    818    820   3135   3297
59     53    206    823    824    825    826    827    830    831    223    832    324    834   2660   3132
60    836    837    838    840     10    843    844    797    846    847    848    850   3075
61    852    854    855    857    858    859    218    860    542    861    862   2681   2944   3233
62    865    866    867    868    869    870    449    871    872    873    716    876   2683
63    572    236    878    879    412    806    370    883    886   3175   3277   3363
64    888    889    890    891    892    893    894    896    897    199    898    900    904   3070   3273
65    905    906    453    907    908    909    910    912    914    915    916    917    919   3128   3227   3292   3358
66    923    924    925    926    927    809    928    929    930    931     29    368   2852   2936   3076   3180
67    693    932    934    866    936    937    938    939    940   2676   2720   2898
68    941    942    237    943    944    371    805    886    946    947    948   2906   3008   3161
69    949    950    951    952    919    954    957    958    959    961   2949
70    962    963    964    965    966    967    968    969    970    972    973    974   2979   3183
71    975    976    977    978    530    980    981    734    672    261    982    983   2957   3216
72    984    666    733    985    986    988    989    990    991    993    983   3148
73    996    249    998   1001   1003    444   1004   1005   1006   1008   1009   1010   3135   3206   3295
74   1011    728   1012    339   1014   1015   1016   1017   1018    495   1021    311   1022   2825   3100   3152
75   1025    348   1027    499   1028   1029   1030   1031   2763   2846   3000   3203   3275
76    506   1034   1035    557    326   1037    762   1039   1040   1041   1042   2920   3079   3248   3294
77    178   1039   1047   1048    564   1049    761    295    273   1051   3109   3306
78   1053   1054   1055    817   1056    129   1057    417   1058   1059    803   1062   1064
79   1065   1066   1067   1069   1070   1071   1072   1073   1075    855   1078   1079   3279   3314
80   1081   1085     66    316   1086   1087   1088   1089   1092   2850   2896   3141   3223   3240
81   1093   1094   1095   1096   1097   1098    827   1100   1101   1103   2858   3082
82     82    802   1104   1105    134    364    587    946   1106   2762   2845   2853   3125   3133
83   1107   1108    323   1109   1110    180    825    205    758   1111   1112   1114   1115   1116   3314
84   1117   1118   1119   1120   1121    228    619   1122   1125    531   1127   1129    652   2847
85   1130   1132   1133   1135   1136   1137   1139   1140    108   1141   1142   3121   3350
86   1144    627     51   1147    162    767   1149   1150   1151   1153    121   2801   3037   3074
87   1156   1157   1158    448   1160   1162   1163    936   1164    871   1165   1166   1167   3153
88   1170    698   1171    365   1172   1173   1174   1175   1176   1177   2845   2906   3105   3171
89   1178     19   1179   1181   1182   1183   1185   1186   1187   1190   1191   1192   1193    115
90   1195    974   1196   1198    669   1201   1202   1203   1204   1205   1206   1207   3028   3088
91    423   1210   1211   1213   1214    246   1215   1216    341   1217   1219   3249
92   1222   1224   1225   1226    629   1227   1228   1229   1231   1232    270   1233   1234   2789   3010   3037
93   1235   1236   1239   1240   1242   1243   1245   1247   1248   2941   3174   3292
94   1249    726    756   1250     89   1251   1252   1254   1255   1256   2762   2837   3008   3021   3202
95    529    978   1258    732   1259    259    984   1261    770   1262   1263   2847   2945   2987
96   1265   1266    498   1267    128    362   1268   1269   1270   2807   2884   2929
97   1271   1272   1273   1274    685   1277   1278   1279   1280   1281   2690   2821   3099   3281   3330   3336
98   1282   1283    554   1285   1286    787   1289   1290   1291   2835   3106   3154   3187   3281
99    898   1292   1293   1295   1273   1296    196   1297   1298   1299   1300   1301   2774   3106
100   1302   1304   1305    970    382   1308   1309   1310    234    420   1311   3115
101   1312    193   1281   1313   1295    562    445   1315   1164   1316   2683   2994   3002   3154
102   1317   1318   1319   1320   1323   1324    820   1326   1010   2742   2812   3006   3196   3221
103   1328   1329   1330   1332   1333   1334    744    391   1336    727   3021   3169   3367
104   1283    779   1337   1300   1338   1339   1340   1341   1343   1344   2690   2787   3090
105   1345   1347   1349   1350   1351    684   1352   1353   1354   1355   2720   2901   3205
106   1356    710   1357    873   1351   1358   1360   1361    847   1363   1364   1366   2898   3160   3165
107   1367   1232    267    737   1369   1370   1371   1372   1373   1181     23   2805   2904   3023   3127
108   1374   1375   1376   1378   1379   1382     98   1383   1386   1029   1387   1388   3242   3350
109   1361    865    843   1390   1391   1392   1393   1394   1395    476   2676   2794   2893   3179
110   1397    399   1398   1399   1400   1401   1402   2743   2768   2782   2794   2809   3335
111   1160   1403    242   1404   1405    869   1406   1407   1408   1409    447   1411   1413   2859   3295
112   1414   1216    342   1415   1416   1419   1420   2833   3100   3170
113   1422   1424   1425    972   1426   1429   1430   1206   1163   1431   1432   3102
114   1434   1436   1437    891   1438   1441   1442   1443   1445    702   1447   1448   1449   1451
115   1453   1455   1456   1425   1457   1458    966   1459   1461   1462   1463   1464    641   1465
116     33   1466   1467   1468   1469   1470   1471   1472   1473   1475   3010   3127   3222   3283
117   1477   1478   1479    268   1231   1481   1482    793    515   1485   1486   1488   2805   3222
118   1236   1493   1494   1495   1496   1497   1498   1499   1500   1501   1502   1503   1504   1505   3112   3212
119   1506   1360   1507   1508      3    475    714   1510   1392    848   2734   3108   3197   3213
120    167   1511   1512   1513   1514   1516   1518   1520   1521   1523   2804   2872   3061   3313   3332
121   1524    924   1528   1529   1118   1530     30   1533    610   1535   1536   3077
122   1538    968   1455   1309   1539   1414   1211   1543   1544    422   1546   1547   1550   1551   1552   1554
123   1556   1558   1559   1560   1079   1561   1562   1563   1565   1566   1567   1568   3019   3084   3271
124   1569    952   1570   1503   1571   1573   1245   2692   2733   2843   2919   3129   3227
125   1574   1449   1575   1576   1577    892   1516   1579   1581   1582   1583   2691   2819   3096
126    589   1584    603   1586   1587   1589   1590   1591    511   1593    408    404   1594   1339   2946
127   1595   1596   1597   1598   1175   1600    697     14   1601   2759   3031   3213
128   1602   1570   1603   1605   1606    144   1607   1609    951   1610    912   1612
129   1547   1302    964    374   1616    247    434   1213   1617   1618   1619
130    915    681   1621   1622   1623   1624   1625   1354   1626   1627   1628   1629
131   1633   1391    867   1406    442   1634    715   1635   1637    474   1399   1644
132   1645    209   1646   1647   1248   1648   1649   1650   1651   1652   1582    904   2688   3352   3356
133   1654   1655   1656   1470   1658   1659   1081     65   1660   1661   2761   2865
134   1663    419   1398   1664    401   1666   1667   1054   1668   1669   1521   1670   2752   2798   3069
135    301   1671   1672   1673   1420   1674   1544   1676   1677   2894   2996   3217   3249   3266
136    248    437    335   1679   1003   1680    560   1040   1681   1682   1219   1683   3091   3231
137   1684   1554   1685   1347   1687   1625   1688   2741   2840   2894   3080   3131   3195
138   1071   1689   1691   1692   1693   1694   1695   1205   1698   1699   1424   2866   2954   2968
139   1086   1700   1701    241   1308   1702   1704    314   1705   1706   1707   2865   2897   3238
140   1552    844   1710     16   1089    424   1705   1712   1713   1715   1716   1717   2907   2966   3115   3197
141    452   1719   1720   1721   1722   1724   1725   1067   1727   1729   1730   1560   1732   1733   2681   3120
142   1737    200   1738   1739   1523   1577   1652    897   1741   1742   1292   1743
143   1744   1137   1747   1374   1748   1733   1749   1750   1751   1752   1563   2763   3134   3190
144   1754   1755   1756   1757   1135   1759   1760     35   1762   1763   2659   2895   3089   3103   3301
145   1764   1765   1700   1766   1767   1655   1768   1719   1770   1771    466   1774   2973   3084
146   1775   1776    648   1777   1779   1780   1781    859   1782    219   1783   1784   2888
147   1785   1786   1587   1787   1788   1100   1789   1790   1791    523   1792   1793    146   1794
148   1498   1796   1797   1798   1799   1801   1574   1802   1434   2823   3123   3178   3194   3243   3296
149    980   1803    570   1804   1805   1203   1807   1808    670    988    620    536   1810   3182
150   1811   1812   1813   1814   1815    152   1816   1285   2860   2879   2920   3130   3293
151   1817    337   1818   1215   1819   1820   1006   1683   1822   2705   2723   2955   3221
152   1823   1824   1825   1826   1827    182   1828   1830   1831   1693   1112   3078   3117   3270
153   1833   1834   1835   1836    701   1840   1445   1802   1581    165    630   3309
154   1654     67   1842   1704   1843    317    617   1847   1848   1849   1774   1850   3003   3022   3072   3077   3122
155   1851    306   1852   1853    889   1854   1855   1857    191   1858   1860   2826   2956
156   1594    598    516    527   1861   1863   1864   1865   1791   2960   3144   3155   3269   3287
157    387   1868   1869   1627   1870    303   1872   1873   1874   2711   2821   3209   3230   3254
158   1875   1324    813   1876   1877   1878    993   1879   1880   1881    930   1882   1883   2824   2945   3011
159   1710   1884    432   1885   1172   1886   1510     12   1887   1888   2759   2887   2896
160   1889   1808   1890   1566   1070   1694   1891   1201   1892   1894    671   1895    986   3181
161   1896   1897   1562   1899   1767   1848   1900   1902   1903   3089
162    189   1854   1905   1274    689   1906    299   1907   1908   1909   1301   1312   2711   3208   3273
163   1911    628   1912   1913   1915   1916   1917   1493   1228   1918   1467   1919     40   2844
164   1922   1923   1378   1243   1927   1929    950   1500   1571   1931   2962   3128   3360
165   1934    879   1936   1408    400   1401   1937   1644    607    411   1938    576   1663   1939   2830
166   1940   1942   1350   1943   1358   1944    836   1946   1947   1948   1949   1951   2939   2966   3195
167   1952   1953   1955   1186   1956   1957   1958   1959   1960   1963   3121   3173   3301
168   1666   1964    409   1965   1340   1590   1968    407   1742   1293   1971   1972   1520   3304
169   1974   1975   1976   1977   1978    774   1979   1980   1981    126   1982   2752   2824
170   1622   1685   1983   1984   1721   1985    914   1987   1988   1989   1990   2678   2949
171   1259    772   1991    279    985   1992   1993    740   1994   1995    119   1980   1997   1883   1999
172   1817   2001   2003   2004   2005    338   2007   2009   1132   1751    114   2011   2012   1025   3242   3276
173   2013   1323   1565   1877   2014   2015   1897   1535   2016   2017   1810    609   3022   3148   3181
174   1442   2019   2020   2021   1018    359   2023   2024   2025    496   1266   2027   2930   3000   3194
175   2028    502   2029    156   1811   1037    657    329   2032    227   2856   2884   3327
176   2035   2036   1826   2037   2038    185   1072   1894   2040   1109   1692   2756   3015   3046
177   1583   2043   1239   2044   1144    623   1497   1799   1834   2045   2688   2728   3012   3097
178    636   2047   1584   2049   1338    785    606     81    594   2052   2719   3124   3269
179   2053    494    346   2054   1027   1383   1014   2055   2011   2930   2967
180   1715   1551   2057    469   1771   1985   1684   2058   1727   2060   1942   2062   2064
181   1598   2067   2068      5    799    138   2069   2070   2071   2072   2074   2753   2891   3141   3234
182   1149    769     50   2076   1129    532   2077    264   2079   1261    650   2081   2082    831   2083
183   2084   1352   2085   2086   1823   2087   2088   2089    908   1624    682   2091   2093   2094
184   2095     76    633   1459   2096    755   2098   1332   2099   2100   1781   2836   3050   3364
185   2103   2104   1210   1820   1619    253    816   2105   2106    373   2107    430   2108   1008   3006
186   2110   2111   1978   2113    719   1637   1670   2693   2743   2781   2788   2830   2859   3168   3206   3299
187   2114   2115    929    369   2116   2117    659   1059   2118    812   1267    135   2121
188   2122   2123   1794   2124   2125   1224   1607   1093   2127   2128   1235   2730   2733   3111   3138
189   2129   2130   2131   2132   1530   2115    925   2133   1119   2134   2135    663   2885   3140
190   2136   2138    738   2139    975    266   2140   1477   2141   2142   2143   1372    674   2758
191   2146    480   2147   2148   1597    700   1514   1840   2150   2691   2744   3244   3272   3310
192   2151    962   1618   2152    350   2153    245   2154   1546   1214   1682   1465   2155   2712   2833   3152
193    491   2156   2157   2158   2159   1286   1816   2160   1012   1680   1041   2152    336   2162   3245
194   2164   2165   2166   1651   2167   2168    183    294   2172     97   2826   2951   3070   3126
195   2173     87   1021   2174   2175   2023   2176   1106    130   1265    500   2160    588   2802   2964
196    345   2054   1015   2178   2004   1419   1674   2180    312   1860   2181   2832   3054   3285
197    263    741   1226    631   1151   1193   1993    118    768   2182   2183   1370   2987   3311
198   1469   2187   2188   2136   1478   2189   2190   1948   1367   2191   2192    837   3371
199   2193   1282   1337   1965   1299   1738    151    201   2195   1815   2198   2199   3061
200    782   2202   2203   2204   2205   2036   1114   2206   2207   1828   2208   2927   2953   2954
201    487   2007   1030   2209   2210    546   1748   2215   2217   2784   2955   3057   3199   3231   3248
202    690   1363   1349   1909   2218   1687   2219   1944    297   1677   1628   2220   3059   3209
203   1968   2221    789    136   2068   2222    507    403   1591   2223   2224   2226   3107
204   2227     22   1190   2228   2229   1227   1373    626   1913   1475   2183   2990   2999   3047   3103   3143
205   2232    124   1182   2233   1981   2113   2235   1997    483   2237    285    718   2238   2863
206   2239   1757   1130   2240   2005   2242   2103   2245   2705   2747   2875   3196   3199
207   2246   2247   2248   1952   2249   2250   2251   1887    425   2253   2985   3108   3266   3285
208   1647    212   2254     49   1150   1240   1103   2255   2128   2043   2256   2257   2258   2660
209   2029   1812   2156   2175    504   2259   2260   2261    593   1270    132   3079
210   2242   1756   1140   1958   2264   2247   2265   2012   2267   2270   2746   2961   3225
211   2271   1004   2272   1326    272   2277   1992   2278   1875   2279   1979   3299   3357   3359
212   2280    730   2143   2281   2040   1827   2282    668    179   2284   2285   2904   3068   3164   3246
213   2286   1635    441   2287   1049    565    296   2288    876    711   2289   2808   3002
214    139   2290   2291    508   1593   2292   1793   1343   1971   1271   1296   2294   2222   3114
215   2295   2296   2072   1443   1576    890   1518   1743   2297   2223   2300   2294   1972   2774   3326
216   2082   1863   2301   2122   2302   1788   1094   1485   2303   2304   2789   2886   3113
217    161   1836    122   1192    632   2232   2306   2308   2309   2311   2744   2990   3311
218   2227     26   2313    458   2192   2314   1951   1466   2315   2316   2991   3013   3023   3036
219   1691   2317   2206   2035   1115   2318   1065   2319   2320   2321   1779   2932   3233   3318
220   1095    834   2322   2302   2076   2127   1234   2255     57   2796   2801   3048
221   2135   2326   2327   2328    497   2024   2032    662   1031   2117   2329   1269   2330   2908   3184
222   2210   1750    862    544   1078   1732   1558   2331   2333   2334   2336   3156   3218   3275   3368
223   2337    909   1612   1242   2088   2338   2339   2254   1101   1648    213   2341   2919   3118   3138
224     90    722   2342   1457   2153   2095    649   2157   1011   2344   2345   2173    776   3349
225   1713   2251   1507   1364    850   2220   1886   2354   2064   1550   2939   2992   2996   3131
226   2246   2104   1217   1673   2356   1416   1818   2178   2003   2686   2746   2747   3159   3274
227   1974   2358   1511    168   2359   2360    154   2361     56    773   2362   1056   1668   2363    661   3329
228   1506    712   2364    471   1953   2365   2366   2367   2368   2250   3067   3165
229   2370   1357    709   2371    292   2289   1852   1905   2373   2374    190   2375   2167    870   1316   3067
230   2377   2378     21    288   2379   2380   2381    104   2382   1185   3110   3126   3164   3355
231   2378     27    906   2383   2094   2285   2385    176   2341   2386   2714   3117   3166
232   2387   1561   1318   2272   2240   1819   2334    998   2215   2724   2874   3025   3095
233   1989   1626   2390   2391   1610    954    916   2392   2393   1872   1329   2394   3239   3251
234   1912   1496   2257   1222    624   2044   2398   1153   2730   2731   2796   2941   3129
235    846   1390   2399   2400   2401   1479   2188   2402    513   2403   2758   2809   2848   3065   3262
236   1255    723   2404   1451   1173    706   2176   1105   2405    356   2027   2406   2806   2929   3243
237    388   1874   1330   2099   2390   1629   2407   2408   2409   1988   2219    300   1676   2840
238   2411    811   2412    947   2413    353   1170   2121   2107    375   1062   2853   2864   3151   3180
239    771   1262   2363    655   2079   1058    814   2114   2419   1982   2133    928   1117   2420   1881   2923
240   2423   2261   2049   1589    584   1341    786   1289   2193   2344   2158   2174     96   2424   2879
241   2260    127   2425   1268   1057    660   2360   2028    160   2118   1813   2330   2923
242   1976   2419   1053   2358   1669   1882   2279    815   1009   2110   2427   2812
243   1760   2429   1139   2430   1956   2431   2432    103   2382   1179     18   2313   3047   3207
244    958   2434   2435   2436   1609   1336   2437    746   2391     70   2439   2692   2935   3172
245   2440   1786   2441   2443   2444   2047   1586   2927   2960   3029   3090   3114   3333   3336
246   1441   1254   2406    396    725   2446   1017   2447   2020   2448   2449   2964   3367
247   2450   1397   2221    398    512   1394   2401    477   2451    840      9    796   2891
248   1125    618    637    751    599    579   2454   2455   2456   2458    535   2459   2460   2461   1782   3124   3144
249   2464    927     37   2412    354   2465   2267   2466   2468   2659   2851   3056   3105   3145
250   2132    923   2116    352   2469   2470   2471   2329   2021   1504   1796   2472   2807
251   2154   1681    244   2474    438    553   2475   1291   2162   1166   1409   2476   2994
252   2425   1814   2259   2198    158   1964   2423    582    418   1064   2361   1667   2771   2787   2946   3313
253   2477   2058   1538   2478   2096   2408   2479   1724   1984    967   1458   2740   2741   2900
254   2025   2481   2472   2328   1922   2482   1387   1028   2053   2483   2823   2873   3051   3112
255   2238    125   1975   2484   2306    164   2359   2788   2798   2804   3272   3307   3308   3335
256   2470   2326   2130   2485   2486    860    959   1929   2487   2488   2489   1502   2843   3039   3051   3224
257   2490   1605   2439   2492    385   1334   1868   2069    143   2394   2495   2497   2448   2498   1256
258    749   1847   2499   2500   2134   1529    612   2501   2456   1120   2502     75   2918
259    764    321    210   2195   1739    149   2503   1646   1035   2504    556   2860   3081   3109   3327
260   2460   2505   2485   2507   1127    221   2508   2129    861   1784   2902   2918   2984
261   1157    937   2509   2087   2510    686   1831   1698   2511   2512   2513   1429   2515   2205   1277
262   2248   2108   2413    428   1885   2517   1171   2270    948   2875   2965   2969   3145   3159   3176
263   2519   1108   1042    759    330   2336   2209    545   2520   2874   2881   3279
264   2435   2521   2522    961   2487    750     72   2502   2524   2525   1569   1501   1919   2984
265   1991    989   2278   1890   2527   1880   2014   1556   2742   3064   3095   3265
266   2521   2530   2500   1528   2131   2488   2471   2508   2531   1505   2844   3052   3076
267   2533   1798   1495   2534   1911   2228   1833    622   2308   2398   2045   2745   2785
268   2536   2538   2203   2441   2539   1111    824   1789   2318   2540   2541   2675   2858
269   2542    717   2368   2432   1959   1183   2172   2375   2237   2381    289   2543    107   3365
270   1650    900   1048   2165    293   2287   2371   1857   2504    207    765   1737    203   2983
271    731   2281   1892    665    991   2547    280   1995   2548   2038   3064   3359
272   1762   1319   1133   2331   1559   1752   2549   2387   2009   2245   2550   2013   1896   2784   2882   3265
273   2539   1783    832   1107    325   2520    217   1075   2321   2551    543    858   3085   3368
274   2296   1513   1438   2224   2451    481   2067      0   2150   1596   2553   2819   2943   3302   3309
275   1807   2017    615   1707   2554   1900   1849   1889   1770   2555   1568   3028   3150   3183
276     28   2464   1903   2557   2558   2559   1878   1320    931   1524   1754   2015   2882   3072   3193
277   1464   2562   1430   2563   2475   1290   2155   1167    781   2564   2342   2424   2159
278   2519    275    760   1116   2548   2037   1567   2333   1069   1895   2527   3025   3250   3357
279   2565   1494   1917   1602   2125   2524   1573   1225   2566   2567   2731   2935   2950
280    479   2146   1512   1664   2484   2450   1400   2943   2978   3107   3304   3326
281   2427    996    250    818    372   2106    883   1055   1411   1934   2781   3069   3101   3219   3288
282   2498   1869    386   1906    888   1855   2571   2447   2572    304   1437   2300   1298   2854
283   2265   2249   1960   2168   2542   2574   1851   2180   2373   2576   2367    105   2356   2001   1142
284   1533   2501   2577     39   2557   1916   1842   1659   1473   2525     74   2530   2567   2578
285   1162    934   1403   2579   2580   2581   1198   2509   2582   2583   1431   2866   2947   2975
286   1902   2558   2577     42   1471   1656   2584   1850   2822   2895   2973   3013   3143   3207
287   1907   2370   1356   2576   2354   2366   2218   2253   1672    313   2734   2956   3054   3284
288   2585   1943   2062    461   1621   1688   1345   1983   2586    910   2091   2714   2991   3226   3369
289   1864    514   1486   2081    269    976   2588   2140   1263   2304   2402   2910   2970   3087
290   2288    446   1001   1679    559   1047   1034   2271   2217   1822   2724   2838   2878   2881   3250   3267
291   2141   1369   2191   1949   2314   2280   2383   2093     24   1355   2589   2586   2591   3270
292   2057   1765   1729   1716   1539   2592   1706   2477    973   1305   2593   3136   3150
293   2490     68   2595   2596    752   2597   2437   1333   1087    320   1249   2753   2777   3024   3191
294   1600   1176   2148   2517   1957    696   2598   1888   1508    472   2599   2364   2961   2985   3056
295   2600   1963   2599    473   2233   1191   2311   2147   2365   2543   3307   3315
296   2292   1785   2086   1824   2512   2440   1278    687   2601   2538   1097   2602   2603   2204
297    801    573    232   2605    944    600   2455    754    596   2052     80   1250   2709   3133   3277
298   2446   1016   1436   2019   2572    896    308   1853    393   2482   2608   2832   2925   2967   3296
299   2258    204   2338   2601   1825   2208    177   2541   1096   2085   1110    823   2386   2610
300   2588    539   1865    977    574   2611   2403   2613   1938    522   2615   2768   2834   3016
301   1649   1247   2166   1923   1801   1575   2481   1388   2616    894   1447   2925   3012   3200   3212
302   2549   1899   1747   1759   2584   2315   1136   2617   2431    467   2618   1766   3120   3271
303   1375    455   2377   2617   1744   1141    102   2429   2619   2926   3036   3083   3166   3358   3360   3369
304   2407    389   1543   1415   1671   2345   1022    302   1456   2712   2740   2909   3050   3080
305   1468   1229    795   2620   1658     71   2578   2597   2621   1915   2565   1482   2436   3240
306   1804   2554    613   1702    567   2625   1207   1310    235   2626   2979   3122   3136
307   2317   2207   2627   2628   2515   1462   2563   1422   1699    646    780   2841   3162   3349
308   1660   2621   1946    838   2190   2630   1712   1085     11    798   1481   3238   3283
309   1315   1158    872    938   2374    679   2510   1366   1908   3059   3099   3146   3205   3284
310   2608   1858   2181    101   2574   2616   2055   1382    893   2483   2951   3276   3305
311   1720   1990   1927   2619   1376    454   1749    917   2634    949   2944   3039   3104   3218
312   2404   1174   1595   2635   2070   2553   2295    703   1252   1448   2495   2449   2777   2854   3204
313   2522   2434    957   2486   2478   2409   2100   1722   2392   2505    852   1987   1328   2634   1775    748   3071
314   1251    943   1177   2405   1104   2595   2639   1601     13   1088   2635   1884   2071   2726
315   2461   1776   2640    639   2628   2536   2202   2444   2719   2924   2932   3085   3189   3287
316   2286   1005    440   1977   2277   1999    284   2235   1634   1051    720   2111   2838   2899   3098
317   1297   2571   1272   2297   2226   2074    142   2492   1870   2291   3204   3208
318   2593    965   1891   1725   2555   2479   1453   1066   1689   1768   1195   2320   2948   3019   3102   3162
319   1617    251   2644   2562   2151   1463   1405   1426    963   2476   1165   2735   2947   3088
320   2077    525   2301   1861   1792   2458   2443    826   2322   2645   2675   2970   3082   3189
321   2282   1695   1830   2084   2511    691    675   2646   2142   2580   2589   2647   1353    932
322   2400   1940    940   1393   2649   2647   2582   2591   2187   2650   2138   2901   3075   3160
323   2105   2559   2465   2411    807   2239   1755   2550   1317    926   1876   3176   3225
324    705    367   2533   1797   2651   1918   2531   2469   1499     41   2466   2852
325   2497   2620   1603    791   1790    145   2303   2124   1488   2566   1233   2937   3172   3191   3234
326    226   2551    830    651   2083   2645   2459   2640   1780   2540   2507   1121   2727
327   2089   2603    688   1280   1623    907   2339   1787   1098    147   2290   2610   2123   1606   2393   1873
328   2182   1994    739   2380   1371    278   2547   2284   1187    291   2815   2863   2915   3098   3365
329    745   2605   2454    616   1843    231    568    315    942   2499   2596   2837   3185
330   1147     61   2362   2256   1579   1645   2503    216   2199    148   1741   2728   2872   2958
331   2592   1701   2585   2060   1947   1661   1764    468   2630   2189   1717   1472   2618   2316   2822
332   2164   1379     99   2379   2385   2337    187    905   2962   3083   3174   3200   3305   3356
333   2651   2534   2600   1835   2598   2264   1955    699   2229   2430   1178   2468     34   2309   1763   3310
334   1936   2655    577   2626   2644   1404   1304   1196    969    878    383   1616    252   2933   3101
335   1803    528    608   1879   1122   2420    981   1258   1536    990   2016   2936   3140   3193
336   2327   1931   1386    222   2489    854    547   2846   2873   3104   3134   3156
337    941    238   1311    380    421   1092   2639   2887   2897   2907   2928   2969   3171
338   2656   2657   2583   2611   1805   1202   2649   2646    673   2139    982   2910   3065
339   1461   2627    643   2319   1777   2098   1073   1730    857   2900   2948   3071
340   2581   2655   1204   2657   1413   1939   2658   2615    580   2625   2735   3182   3216
341   1402   2613   2650   2656    939   2399   2579    868   1407   2658   1937   1633   1395   3153
342   1279   2602    778   2513   1313   1344   2564   1156   1432   2474   2835   2841   2953   3146   3333
