# vtk DataFile Version 2.0
polydata
ASCII
DATASET POLYDATA
POINTS 1681 double
3.56214315683016 3.12449107769648 0.18182623175586 
3.2390573108583 3.99797838809279 0.622675996087879 
2.04397108141387 3.75067633161713 3.74966717670908 
3.15540608882413 1.45882058901804 3.36664671470468 
2.94376384884587 1.71377267656822 3.92266078263095 
2.92038796440996 1.6416229920935 2.91270575242431 
2.851110077335 1.79491577143932 3.94529600408432 
3.10815480878529 2.40327697088957 2.70586596742827 
4.16106885756799 6.07847188566998 3.36251455769644 
4.03283048024907 5.49362927298246 3.55134264320569 
4.61006697342547 5.62319811765389 3.87458377380764 
4.46630226774431 5.4882619371797 2.46742761750218 
4.40889192577051 6.1031453177633 2.75130118507975 
4.71309760183586 4.90403961227922 3.18308076596387 
4.10672958670765 2.64705306066948 5.51607695875752 
3.47289195651822 1.63143408275235 4.94366894816442 
3.50435576025534 2.35960274017985 5.05474520516047 
4.02794453417901 1.8507872434271 4.73099974512522 
5.24894369838772 0.985665000222095 6.05692220269842 
4.76455684931799 0.743104404493308 0.3950913047685 
4.54660817367359 1.11323393131896 6.28068852298904 
5.08879994785868 0.406370406224208 0.394983659987727 
5.42898548927407 0.505327024873811 0.307925301017852 
0.803089787702091 3.40956460756555 3.38486552383319 
0.850395637122377 2.87887330336619 3.30318393161564 
1.07341717386893 3.61271199658316 2.95051472573548 
0.663516784156943 2.5731717416171 2.36994838555094 
2.90402032525659 5.33817450369441 3.32124359387795 
3.32673991504974 5.0744137237904 3.36789790328611 
3.69703669408709 5.1335383358929 2.96339470083136 
3.37151332894772 4.62344709785325 3.27834603335895 
2.44376844427168 4.45698737577789 2.69276438122054 
2.68675836809228 5.1492995934034 2.21600667074042 
2.38128645234331 5.31298433494311 2.62923295399433 
4.61235057817448 0.702088593304235 0.733986077398953 
4.79466302157558 0.467534763326633 0.8924399401982 
4.2207782159893 1.01219294952567 1.85269945448429 
4.53951118408515 4.55017671627916 6.38816120780884 
4.81116954489401 3.42955513315744 5.87270073506727 
5.47406865173479 4.53868950679744 5.99376548094253 
4.82670440321115 4.31343056752029 6.69488243594501 
4.87565815920217 6.59169519187204 2.63953767437066 
4.39657509104536 6.28529013717443 2.61400098338331 
4.39785226597409 6.16032686494602 1.92020291862927 
5.14173019487375 6.5360122206555 2.02106231646288 
4.9294195205822 6.3741043302386 1.74164864484965 
6.46298176279139 5.26773569410994 3.73987963940833 
0.159809642264049 5.28968712313524 2.98775296703622 
6.5553504319427 5.40252562361346 3.54284934651038 
0.35222533348012 5.14666274472457 3.96877353138906 
5.95426268167701 4.47514748756036 1.26743816934714 
5.79421686499964 5.06297102556636 1.22272646256002 
6.17935681764488 4.48310096034952 1.70947145568303 
6.47139119282142 4.2649515235922 1.60119309348066 
5.93444582150507 5.51571275004952 3.89836467912097 
5.93076863748312 4.76007108505488 3.77673372264319 
5.95551813333993 4.94995663192058 2.58285261524769 
6.37143948833536 5.31775944744582 2.73247424413741 
5.77794866791644 4.96769933277568 2.5913012871846 
5.92261539183375 4.56964889995286 3.49326649339557 
5.6336022707251 0.436958279411472 4.24701891655088 
5.44086965402701 0.685399149426638 4.29773805575336 
5.12950355648377 0.347413473973275 4.36018395692029 
5.33210942460961 6.60524298869223 3.7177689814667 
5.24719008084609 6.63889394497368 3.86085337470034 
4.68552193336866 0.284523908299024 4.12703371650298 
2.31097115505241 1.09709203845436 6.0217479304444 
3.4662854730395 0.518870284316371 6.12374119776618 
3.55808672098967 0.94516108162263 6.41186619904728 
1.02133892943922 6.45315807306919 0.607863096379423 
0.792853731945496 0.485875805035601 0.525104799893249 
0.720117249687078 6.7036953258051 1.04693524314443 
1.44686942476711 0.696060026961308 0.874150528877831 
0.580121800155633 0.365368214665547 0.825389316036322 
2.85090185215045 5.58258660295538 4.36498618808931 
2.93144746332424 4.86575609316851 5.0078622344404 
3.51165244078105 5.5918034300814 3.90719486279609 
3.22333566145284 5.67686745932854 4.61218267688856 
2.8152501470591 5.23349169264549 4.90314081598124 
2.97570981301629 4.36319726374095 4.22699454313073 
3.50102630444627 5.69128869744498 4.51613210779676 
2.63541253249316 5.25192747792639 4.679038199017 
1.5413453273151 5.49671273960003 3.11050756796442 
0.217207226607026 4.38565462181098 1.96952030222529 
1.41695552922436 4.9266484005876 2.00001088047876 
0.937556767412922 4.38944023272851 1.76787313121164 
1.40590274030819 4.59325489349567 2.06705186082432 
0.852875753176234 4.61497729873233 1.6488654020634 
1.16839861232482 5.02334939997063 1.82215400036378 
0.796760842012378 5.33689224018918 2.09156671805151 
0.538211796652572 4.1767691253417 2.01116097556104 
0.208779481876409 4.94965265153202 2.01497493400867 
0.26213132561892 4.65098230284186 1.82031437576866 
6.26127433299921 6.18784786663664 2.65684056763962 
5.8376648623818 6.20446923235728 3.80549657875758 
6.63947640519192 1.78717659890289 1.28347852069785 
0.457784773425044 0.735927580035119 1.4060629989486 
6.31464020194268 0.943932771868965 1.21809176646971 
0.20799745180009 0.696566679920477 1.02707333605459 
3.93007525264479 2.17041198218459 1.40161195587908 
3.9444326383104 1.31461715983744 2.51101901915744 
2.50299640517921 0.491813257980134 1.21107569889625 
1.84392027848692 1.12411768412739 0.706654907397243 
2.61138767635978 0.771100044279439 1.29893098698544 
5.78721429532414 2.65718427949773 0.704495078288236 
3.27282771968699 5.88498850692798 0.514395785665158 
3.15641840107915 5.72944040477956 0.517922400186103 
3.8547066337773 6.25363301689058 1.23406930369672 
1.0885316812092 1.43152026873788 0.205461702972063 
1.55582042231449 1.16019288007287 0.785153941676867 
1.95199828100799 2.23564582183544 0.786971702981638 
0.394085797825569 6.46529629340227 1.21734696295867 
0.884755072748355 6.65137231098844 1.62863071461392 
0.913393093607119 6.18764682340247 0.453338411184428 
0.487592897196533 6.43621460409519 1.58574689496467 
1.28511557271733 2.27732221253303 4.57070232822758 
1.28763155897538 2.59604833789103 4.47376081855807 
0.96282199266134 2.71999699493414 5.02613133807085 
2.6837379437127 3.66740373546124 1.39589548970498 
2.26168610606926 3.66486594325435 1.2879065513573 
2.24548674816373 3.63696398836872 1.20116733152046 
5.49928938855388 1.21792422429789 2.16601633701603 
5.45662365923379 0.81888188777192 1.4800914741676 
4.41250708561168 5.03790499922212 6.52279204220475 
3.27924462190694 4.74991767064301 5.7007621574214 
3.59494713090419 5.37033006338907 5.90984048182166 
3.28444016644393 5.14191438288473 5.96035966835878 
3.02469801480277 6.495798474128 4.56449124896182 
2.94823851410213 6.58684916009775 4.67516273920626 
3.80160752568839 0.288483499787758 5.83905700544903 
5.07338556652822 0.302641137546082 0.682882785266564 
2.91009718601806 0.553439223454772 4.32449317275263 
3.4442013620208 0.417566244854515 4.33351960549046 
2.39111112211329 0.477936763902494 5.0719841529385 
3.63244569413268 0.603806438304636 4.47706411596333 
4.21834572500706 3.57091364509911 3.20375636516184 
4.29586893905211 4.143526644975 3.32239196840568 
3.27415097456577 3.54087422972296 3.88221585188376 
3.92423528179336 3.36216460257155 3.5236684146047 
3.33019037416695 3.29236056408611 3.48308623495808 
3.78922135185538 3.5964160924116 3.92135628636401 
3.06165755518034 3.91547248616962 3.81770988827281 
3.56929504334031 3.63519890077702 2.71806806610149 
5.78885673939687 0.856024948016437 5.54211651789044 
6.22132066143621 0.726920829208938 5.9676892362271 
3.93182551134834 6.35479051955033 3.4092744871858 
4.80282105873876 0.2256109847637 2.76117280308747 
4.14879978022167 0.186060060287824 3.00345858258944 
4.64404925169157 0.299689927761607 2.76977287685639 
4.05705901599615 0.0376851115697795 3.4299037533022 
2.07802225396285 6.20592544241999 4.78739586276679 
1.81332071829685 5.86438632196813 4.28031849153465 
1.48721647965641 5.41609878127649 4.27302539046851 
1.55498824227084 6.25712117522537 4.34698184004441 
2.03925596413398 6.11211729935315 5.14205284258667 
1.62102792404541 5.16906050019455 4.58053944989524 
1.41861591328019 5.10548365488988 4.7955421832306 
1.60957739942784 5.28627902588423 5.18769600035472 
6.53528669799134 4.98734191607887 6.19337342573096 
6.07301355155281 4.50836598334341 6.02670025342918 
0.331417797491617 4.54411925268187 5.63819330261726 
6.51140469115013 4.05132371577707 5.54876588431662 
6.40254457090824 4.44063108558754 5.5220424570745 
6.79234135816969 4.81038265503578 5.5857275176638 
3.16573172059069 2.68358618589331 1.35563158769013 
3.84012469964057 2.62697709637547 0.973501673547702 
3.16575832615297 3.14354486965766 1.52459855755549 
4.32898231864204 2.69815381053048 1.17688408792807 
3.96269062273331 2.51364170190223 1.00896221208055 
0.886053981970609 4.69953922199554 1.12173665991273 
1.20577095864959 5.06197040200434 1.10987500671779 
1.80100038387313 5.23247256818419 1.53946725024187 
1.02542979625258 4.33819879102219 0.804343095758212 
1.85575819356482 5.18453686612394 1.64404623452577 
1.34505135430975 5.22256878837102 1.46836771722044 
4.7184462124387 1.92532474509013 0.349784271383288 
2.07125021698587 5.84456187735503 3.75356978571231 
1.86369016090631 5.36787713870428 3.52863165394248 
2.26029365065084 5.07869745044367 3.47746847234139 
2.15043365183306 4.66507986671847 3.77837142803477 
5.206542293173 1.81756838014256 5.47992271228114 
4.36113728012828 0.676562666455737 5.76861576481751 
5.41077745923626 1.56661163424143 5.6566282722596 
5.09528140422558 1.78906880902822 5.16161662626359 
4.29385065259916 0.813195262527933 5.32473713354552 
3.71757459406928 6.343909871469 3.53830983425755 
3.09403667702388 3.5292835860903 5.44419905530067 
3.37888109737971 0.436391261345378 2.61103766321136 
3.13000238615035 0.358101586719627 2.76636773918445 
3.4748331928657 0.555946852040051 1.80146374041608 
2.62064500190649 0.60285122077248 2.68944234800218 
5.89646994222402 5.64549886843387 4.21906565861805 
4.68042579236414 6.04767910936673 4.33224416804825 
5.82128932702111 6.14385882011168 4.17068552437389 
4.6240999199757 5.69021614388924 4.28056232810368 
1.95525473759613 3.49058338052975 5.85180352504862 
2.56400381450615 4.22848074742006 6.60796591476792 
5.55181466258185 1.14294993864047 4.68388283861903 
5.525662645991 1.3856691043155 4.46062284804419 
1.48788844149797 5.56772337084728 0.271761478452419 
1.66454169799634 5.04588811400707 0.214455180418082 
5.19963262817426 3.74574324542828 1.47636695973023 
5.34838075737589 3.46886036225397 1.90600488325631 
6.01890670457512 4.34189493411898 2.12899588680545 
5.29609609729526 4.11472939647696 1.52794314734105 
5.5634889313362 4.14823393250901 2.12958880146078 
5.56671824495244 3.85799841956509 2.25912765540415 
5.9703363412799 3.72234965220805 4.82746400695619 
6.27890036004054 3.89558945235937 4.84168599213789 
6.59474789471518 3.92486609804147 4.51485851374673 
6.56038699214638 3.74393746507031 4.0454674877552 
5.97560767346533 3.10548388612766 5.02886820938543 
6.40633769778498 3.74592472040445 5.08887345748928 
6.04236967156476 3.4282017482461 5.18506287047019 
6.13317913662542 3.43314150570923 5.22863170667889 
4.03879744096531 1.08847090805083 2.90849475014186 
3.71136872997535 0.510891570516379 2.98904766416227 
2.84357429840353 1.54313337279635 2.81285371094139 
0.643489460442185 5.50621981894619 6.29550105657737 
0.748955104323434 5.31124217719083 5.90840391974964 
5.2579282061854 2.01243717438341 4.99012049992813 
5.57246317889881 2.26051296069638 5.35054164296304 
5.43429183546238 2.76944006329785 5.24748960207022 
5.39200162752485 1.78530310909029 4.54300885037242 
0.585293467989645 0.984817796114006 5.70200133578476 
2.19136015380075 6.42001906349932 3.35087488783287 
1.45584464397099 6.94928403247818 2.34108210328482 
5.98822878736015 0.865892937387924 0.745445204485336 
6.27716870917319 2.03273881459948 2.62510507667905 
3.37515599194377 6.17892407476318 1.84573274212177 
3.44841115824958 6.46883751661976 2.27963884045922 
3.90272615278512 6.11266255490158 1.60277064649004 
4.12800340984028 6.32987801701293 1.80366937668717 
0.484628566571869 0.328310886476391 3.83574372133622 
0.715181554432467 0.129326308932781 4.08418467869864 
0.278079265195767 0.820700719492587 4.24111491894158 
4.67398038757246 4.66617748060352 4.76039663809302 
6.02222578695794 4.64213180058098 4.9919170199097 
5.99820117227407 4.48042299443706 4.80033761661982 
5.56248819515563 4.70013911099627 5.39375602996958 
4.99135629044441 4.54019658241253 4.27715120611053 
6.29599711542826 6.11589298936329 4.67443401455948 
6.59955323727842 5.55287970693706 4.57965549105774 
6.27846605365802 5.67656491373222 4.6083523679617 
6.11079791906853 6.33897205211801 4.44550748950257 
3.97995682574602 0.766047130208346 4.09249345108404 
4.46927259863015 0.281344181447399 4.69687865573146 
0.967626332150475 1.77236730151505 3.37248357388394 
0.727387703037307 1.6009488763445 2.89588545159544 
1.45056015832945 1.87241337314386 3.26471338574023 
1.06771135597032 2.02474604851175 2.26164967270263 
1.58755948633653 1.97358231781724 2.61036070409577 
0.962353116634654 2.34701740032053 2.16968997087932 
4.6129590341027 4.29935173551312 3.41845802886762 
0.515592893561473 5.85689441049853 6.2293277678129 
1.49854959622691 3.56017351183385 2.80828190490951 
2.23391368428931 3.44183149957344 2.52011067986745 
1.78905761732339 3.7367145101967 2.42575352752598 
2.42609215291072 3.99252684166606 3.65023476210762 
2.10690378275979 3.20716856415329 2.89392505092521 
2.45814413544264 3.58438949082478 2.57189529026504 
1.67959277941017 6.17338516077105 5.77684614671378 
1.77618258093334 6.99861829996227 6.17831745909646 
1.25500057931966 1.13583555073508 1.42164856286513 
4.18771007475935 3.798060588318 4.84507986470256 
3.87185039135972 3.5662868049532 4.95476808583491 
2.87525763462118 3.94958652947365 3.98043778262789 
5.79429554070645 4.2615660296287 3.51382443820333 
4.28997845572892 2.22803102505014 0.334630374840601 
4.72251532395366 0.493954331212686 2.49860326575049 
5.5806439467198 4.55797639572198 0.0284487982370163 
6.48333827477088 5.16174831678892 6.23962434901523 
5.53022367248322 6.07334064216241 0.704141805158159 
5.17404885954674 4.99828680239032 1.04462514469528 
2.57236979178476 0.677910283222506 2.8326405371088 
2.27214438544736 0.517813077079573 3.27436237579727 
5.83448484490744 2.12284510821171 5.73761215801867 
5.86384031712766 1.92605080469006 5.8134378746837 
5.5197874725773 2.18621060553887 5.54092635647205 
4.86104106523577 5.38729224543591 0.0992051800642168 
0.949709664030987 3.6417215587595 5.34696242429105 
0.894991549542378 3.53143920582871 6.43291302667403 
0.395556802621131 3.29822489925003 5.64050323140273 
0.522667543736514 3.92660974989595 5.15910770519628 
6.02651864338908 2.71389825106227 2.92413868249742 
2.1061070091777 4.77880844056488 6.46335430326165 
2.29926254865436 5.61989684981399 0.277786278468706 
2.11660758145992 5.80198970293098 0.275162746728194 
0.550031901562784 2.14569267327064 0.955686862713422 
5.40902966223154 2.86447733132035 1.05446514173236 
5.2613150702185 2.46022466269663 1.38188874830762 
4.61763149690295 3.49132847803115 0.905902349127401 
4.98418051639008 2.34483003214911 1.32576500434071 
5.05308299129998 3.28825111410361 2.09581901169851 
2.82307447102752 2.47853673339146 4.47342319230696 
3.37259190622084 2.84304863331489 4.53749485509681 
3.17746544411321 2.68542871019821 4.76143374039644 
4.24532920942935 3.03469358057215 3.50508540912914 
4.36736639192667 2.66820700109701 2.84830908390495 
4.09457556835677 2.63204612311264 3.32492698667271 
4.40462081212837 2.61246889283157 4.04663673632841 
4.60528258476555 2.65693892683965 4.09740883298822 
4.39937594433997 2.10666039797952 3.19584727141597 
4.54609020167788 2.32338966252927 2.81967294480808 
4.74682548149595 1.94389496663061 3.41659964028676 
4.78857923530507 4.55014833391088 1.53956625623024 
4.84047821241339 4.86779941684203 1.22106638332308 
4.02227068750684 1.10317668475825 3.99409749248252 
3.7350961129124 1.54344382657979 4.221322481944 
1.16043741047658 1.94053713251377 6.11443291858806 
1.0658502952064 2.30266725422748 6.33249766425439 
1.58117798844019 0.77882349935557 3.77341042615206 
0.669098177175205 1.11458770293818 3.54692281830985 
1.02499998419132 0.119234971331641 3.90963318662676 
5.33805245673889 4.40458402635457 2.32180901592669 
3.89151750657155 3.31517068885886 0.442401511225362 
3.80289093423803 3.04471520486799 0.275502143160172 
4.61019065403035 3.58875549031805 5.07438401551867 
5.14585805977408 3.00972197550129 5.79644532253783 
6.04499018497076 3.56542620562961 5.87585823245513 
6.25446599003622 3.06493407108166 6.13434068786991 
6.43010190407317 2.7511140522261 5.68454035409297 
5.90737471481301 4.88814597137415 2.42277440845866 
5.75664261274995 4.91476329039102 2.46002804264132 
0.44446280480166 5.49206556993386 5.28083860135064 
1.65248822665087 1.91363450981178 5.38438632068882 
2.09816852312028 1.36869582570698 5.03659665624465 
1.4892217183437 2.10409129961789 5.64041452111836 
0.212423028962865 1.84321869255646 5.22466175451189 
0.754639609026912 1.60278503326222 5.10707907608569 
0.535575530539046 1.56563984727243 5.30797040159446 
0.486125637604334 1.1847291600965 5.30226353558456 
0.814308212124564 1.14826427674901 4.98001720732277 
2.07549828077996 1.3241876379751 4.78766416258935 
4.7802822387168 0.319951121332611 4.8655549364808 
5.4733655130343 5.35134800268039 5.47502316513633 
4.41665905552373 5.34048680385596 5.4323134047873 
4.54807458240397 4.30992587908345 5.35638865177117 
4.43283151744519 3.22090247331876 2.60249843932472 
5.17706489428752 6.73286113338707 1.88139572408221 
4.96221685552349 6.57305773528059 1.60252555620587 
6.61512697820795 4.93200629141095 5.00671282702315 
0.217160748200394 4.93021020233313 5.32530618685584 
6.82812892645596 4.99695795675241 5.30454210215683 
6.73646590155021 5.28203676046449 5.28668161925412 
6.54210065211705 5.24503542018748 5.00506194848757 
0.0378697703938871 3.02720386808281 1.64208368211573 
0.91091849935187 6.34495501123861 4.0356461269385 
3.67818123888383 2.79298780857648 4.57749725046524 
4.0745561578186 2.4486632415959 4.31972583331494 
2.4871026223699 5.90367294670799 6.56481881890364 
1.4815449077737 3.53547007486385 5.0896730746347 
1.49544315609996 3.91891790917466 5.51381741376426 
1.99938411201761 3.33012734246282 1.71786557593985 
1.17121598716673 3.42012792182805 1.9426404225828 
1.32481369952899 3.02221523606976 1.64796915715966 
1.34458516727029 2.73410516193254 1.76587564635617 
4.87438878260447 4.69986558961472 0.406357670781114 
2.09810157255793 5.5062166213178 2.00061188899133 
2.02435652814784 5.49548629238877 2.47949707626529 
1.96381045796297 5.76304975953177 2.52146826593594 
0.593904464809711 2.30731060110401 1.72447556597727 
5.26367111627545 1.6187636552555 2.48280802763214 
4.04277889309268 5.41632183989956 4.64250441210021 
6.19158643550142 4.40783098399815 4.83092725938314 
6.21667647543431 4.57559509340529 5.02662853839061 
6.57555311244776 4.38726722785953 4.45974599152331 
4.54255702012152 0.924437585542634 2.86905475227517 
4.69122386654529 1.25838559826805 3.8073003277855 
4.67398402643711 1.37991207086488 3.45025020427005 
4.85507188213632 1.2382402206623 3.31006570546197 
1.37180709126232 4.7912781055926 4.81975733462863 
1.66297709195486 4.98290158120919 5.48449108695517 
1.50126720346469 4.61220864168526 5.29024628409379 
0.530694115343142 3.82462535220449 1.88453256143784 
6.1416506522942 5.3971371317637 4.99180075537759 
4.93436080377613 4.51824160214634 0.318112899741228 
4.05461556994859 1.77356701510171 4.37763439558444 
1.58701229189859 5.23492243104291 6.09427744659479 
1.45185226739911 5.18748636627444 5.85968731075295 
1.81335767368344 5.81277631637461 6.2001645967153 
2.36053910320895 5.76080663838717 6.23958406739203 
2.69727827265716 1.79123947093793 2.93142895703787 
5.14867169374052 5.54458407909909 5.38464879400038 
6.85668719145298 0.84605483694987 4.292699895668 
5.32600715051316 4.14620281574388 3.15358888073995 
5.63914401330487 5.04668671015014 0.0454144153433744 
1.34664363212131 3.80879477467875 3.25964941192258 
1.31075518917268 3.7767559268852 3.02409753500645 
0.688576402474517 1.81088829681592 4.90199821248178 
6.78117402268236 5.26769326951839 4.04284334947352 
4.78195417811403 0.677407881712821 6.08166517723885 
4.66185896608195 0.536362530934995 5.85158259608395 
0.455934079805421 4.62813745111924 5.85750250641229 
1.20309497374225 6.77067363135872 2.29581514532394 
3.51227796861832 2.43242430324604 6.46300842762793 
4.11119606186364 6.51220902175192 4.50299722394869 
4.21413551033631 6.309714838689 4.65529717934008 
4.71333620874696 4.57063602508438 3.10818084866941 
4.88884210118381 3.44252764920089 4.68313283765893 
1.6920684067012 6.59554973900976 6.78260994517225 
1.93921974060908 4.05236365649483 1.03631297155854 
0.186701307339 2.17020413200932 5.6743675306762 
3.6074668808763 2.57122875401635 3.308510167159 
3.24359322897403 2.62280886374109 2.84459391028748 
0.944649066559824 2.26116779954879 1.94542851513889 
1.15437287941909 2.44240359264081 1.63776233436472 
3.24298664911413 6.01112487247268 1.9328152880626 
2.56415181136514 4.45570601183589 5.466540042358 
2.23631624924657 4.51642701368763 5.63155449021155 
5.66702142509535 5.19496993383723 3.8683861715078 
5.37229077810594 5.75714239057222 3.33149661279238 
5.87020354599369 5.84682330458853 3.61332597917763 
6.20221173076537 3.10349178493168 0.969721619280501 
6.01630662564397 3.34880547773064 1.25069996393903 
2.77049769124241 0.663601264220924 2.73046810219751 
2.73356631480418 0.721598808806047 2.84317214978624 
1.3483945649957 5.13504461969624 5.93842902749267 
1.50701163486915 5.19294397332848 6.1575899278221 
3.04513709402797 2.84646909568253 0.29200549831246 
3.08074583323509 2.51797350806231 0.565492052429841 
3.28364280538694 1.72505716875655 5.3371497108992 
4.17628819583057 1.898190950708 0.368761708401619 
2.66913070191768 5.6021025583538 6.77626542832161 
3.18340790924532 0.561670349150438 5.68442886947164 
2.88203001714112 0.490209441746207 5.66420831730357 
4.2589054124439 6.80408335802594 1.486408598154 
5.10155444454104 4.54918872999075 0.379642075608727 
4.23775427950622 2.46095984340913 6.92039789765557 
4.51885582426409 2.53409901324364 6.83336772116385 
3.01197128608575 4.59778689170074 0.626719038984652 
0.515528262286938 1.12766697682175 3.11326832995327 
0.604974619903254 1.38840451513917 2.8563859068197 
3.46839135291712 3.08143387132055 2.27582360007277 
3.45075571568283 2.75654015775689 2.38491573477305 
4.93537815268828 5.85725863046482 0.746481705314644 
5.12668167196697 6.10533870567513 0.747411741467809 
2.51642210725787 5.30504549974665 1.8697127261658 
4.20572190589449 4.29519023909083 4.58780583421284 
2.15429131348306 5.09546670266717 0.219358214405021 
3.30018787059189 5.63930634719803 1.90761899152885 
2.13359242106405 4.39868439956591 3.59866738109205 
4.63198193739362 4.9966076867794 3.56793050995357 
4.21521233760016 5.38098555127273 3.7176572711249 
3.78048617456711 5.22370811297861 2.01877351764189 
2.99146373566568 4.31482092179595 4.50170109424033 
4.26622198387704 1.36026204453834 1.23832248102071 
4.58699468301811 1.23661176866873 1.06959103875853 
4.34184276795132 1.2328529971946 2.25542148285062 
4.65135431707504 0.975036325437746 2.5674004271543 
2.2506707768164 6.79847740276842 2.57454351199362 
2.31294367549742 4.62446393986368 3.11564483936527 
2.3484541759294 4.99087734317624 3.20767957374957 
4.581029562074 3.74403436963268 1.36411870241059 
4.28478590778219 4.29369620102208 1.39896474177986 
3.02339832936892 6.45636660144828 2.67016605773324 
5.89268548158067 2.33160218342581 0.760724013436016 
0.280669713295143 3.74664135814298 1.73291807003602 
0.556120159634153 5.96592007146875 1.71003019567045 
6.11337389765241 2.21493405894061 5.53135211465079 
4.11642904700662 5.15428138634726 6.61247965619754 
3.72840754735867 4.81709780698283 6.7006657377233 
1.61122558405378 0.731762780932268 4.29333434040605 
5.64854682503052 0.781026378747289 6.44785761410343 
6.49297152357776 2.86639575503497 1.12340907242231 
0.161925124486179 1.00978087194076 0.875815046973656 
0.50219244941079 1.20102175140119 0.21358595026465 
0.730634833195669 5.82434482877192 1.92619515667287 
5.21725128583041 2.26189871025416 4.1963813824112 
5.21854424107461 5.15210324151184 3.16399104032479 
5.50935917611771 4.77594793685667 3.03303264638294 
2.7152935473805 4.554382465969 4.70585720670051 
2.48433244133985 4.29254580794918 4.90850582428752 
0.604252345384928 4.37180436517114 5.29137957654316 
2.3302444323289 3.18157196095772 2.05587601006731 
3.95265770290845 1.67782595690386 1.1397390739077 
3.92234839393558 1.90837785688553 0.64295636160499 
3.70512075739797 6.4413983759623 4.3193887973808 
3.76039667879392 6.51036153020838 3.66414641122344 
2.7067393916534 4.12845592684401 6.47380409524776 
3.30888767559613 2.56495348808413 2.27205722557501 
5.02329353022369 2.98376267037836 0.777107989051648 
4.92028961147374 3.41385663574714 0.809304338620992 
4.42240982220201 5.2453028034243 6.1774537646147 
5.41085916266958 6.35891096533855 4.32271576563452 
6.51964432741566 2.88794612949365 1.50801369550931 
6.20137790728308 3.26883446139616 1.67625979785237 
0.951328521837996 3.14031156099128 1.21808903626287 
4.37754630498193 2.99202219236203 6.78739472374061 
4.03835164769102 2.87793799046095 6.91176633001867 
0.55284630788863 3.58291213519921 2.2310593661851 
1.81088649553874 6.24595179653236 5.28628704419675 
5.47109067938193 5.23516537799726 5.31719231925467 
1.15306215795787 1.245275407942 6.28931742502144 
0.660118957037378 1.25418582783609 6.0715372924828 
4.33155654890222 2.38775824834823 3.91141757187887 
4.12776997852782 2.40623100390063 3.4529804093887 
3.8364411837994 1.00818184768587 1.7620202462529 
3.63513455972677 0.582512487913076 1.7060302256662 
2.06187342466348 2.0147590704251 5.10740785193753 
0.657739242939144 5.62711020773872 5.53918845753023 
1.12808144036306 2.23289960111598 4.93896365861022 
1.40403318132383 1.99093053256353 5.3543124481471 
3.38172601348351 6.16750662736332 2.65721297566214 
3.30280732804646 6.29625829609518 2.44235366606615 
2.00295571439319 6.78695382116465 2.20926411470019 
0.443173124432349 3.96711790037386 4.77888638983589 
4.10426830763067 3.63189433314886 2.83762085817726 
1.63255268489763 3.66465553047379 1.98614908071339 
2.54220243786799 4.77198242288467 4.48932444213615 
2.64103132356027 4.72744715165229 4.19025115071371 
2.62438927288774 1.70858180181662 2.84395582172034 
1.55130694691576 5.16185128501999 3.81381889069879 
5.68474610344964 2.0858185598669 1.19524837770216 
4.06666941875896 5.77845513790172 0.344020601476009 
4.8288467521152 4.7152430097374 1.92778517977478 
3.96270881621834 6.55390657389591 3.56796297871853 
3.33590980491515 3.34981048918361 2.44699001788172 
0.232301849479947 4.73034786773733 5.62387015759754 
5.64769688402929 0.352134210590316 0.821695969655853 
5.74533631289597 0.430071189658918 0.625423138950296 
5.18529538663575 2.65973004619731 5.97761033046367 
4.75636811581343 2.57329126401908 6.08863260643538 
6.34905106193606 3.01858680350187 5.18226274159612 
3.445061244961 4.43922022756772 2.75586638670519 
3.62490907051697 4.63097862616581 2.98432303164336 
5.16850667000771 6.54152136520573 1.08232449105793 
2.01787822103486 0.724420613935969 3.31737752222223 
4.40912451055334 0.480269659209018 1.9418201250403 
0.596089196943944 5.62070651164642 0.588662789542841 
6.26306251285627 2.43553252960917 2.49130605220338 
6.12226058440752 2.72846911061077 2.67938100968132 
4.58567512744659 0.395051687350598 2.93915510276861 
2.12011591835329 6.41390288190048 3.16385255864764 
2.14182184872445 6.44285977779648 6.92488542288449 
5.48152121695274 0.693407286175491 2.27598627052765 
4.90239661754349 0.41472180286041 2.46906107536849 
4.53750507369719 0.171695666052496 3.66958142492743 
4.58945195191911 0.452662299588183 3.95647884071958 
3.3944279584859 4.81089524022366 4.99027355466956 
3.83684207094532 5.39494876629635 4.64960887572894 
5.50645393763631 1.18218421979462 5.43563728996269 
1.76406168576586 6.45094436006765 4.6836055915418 
1.60709422720092 6.5135458460113 4.95733810214339 
6.61030313660464 1.64879827746222 5.13999687442342 
6.53280280841012 1.73822339750721 4.85779536894593 
2.10370044920301 6.07691788090488 6.88106322770854 
1.62030966841918 6.03199379017287 6.65169738433123 
2.42764855887072 4.00077739152328 0.457987469327964 
2.49623457549359 1.94320470376504 3.54247731741958 
3.46094410731915 6.66124792750725 4.34399976732049 
3.55275048247421 6.72770554721594 3.68827707343038 
4.34559752304367 1.15399371426396 6.14918490877411 
5.72676287416638 4.69420131030592 4.15723770165338 
4.8662071783891 6.76948770570593 0.829955616373536 
2.0434648063115 3.20862292014378 4.87428431346963 
1.6089542928427 3.29872159850735 5.11411284147394 
1.54148678039824 5.67474612354038 2.79998224840098 
6.54310690604357 1.09760859196615 5.88814347284 
1.0228085002414 4.55116183827462 5.85955040397649 
3.29707130735132 4.62047082152216 2.313324173408 
2.74208320949769 4.64171191011752 2.2673343970092 
2.54900460028038 0.944641517638408 1.67913975994115 
4.53817988535653 2.23991068024396 0.350330048010638 
4.70338274406067 2.60116671396631 0.96026468469581 
1.73790884045031 4.69956021421058 3.98573857227838 
2.93573434959541 1.50053125048748 0.842243950483672 
1.87030502186115 4.27254634499559 4.82781893981589 
1.72108464482781 4.36583667663618 5.28431341129261 
1.07278181884912 2.89397659141615 5.29755153405005 
2.79120539698991 5.6051946970111 5.53932510686477 
2.62939440150597 5.33810828328018 5.28313714809163 
5.01959064655954 4.73324343333538 0.464259583934457 
1.8708698677184 4.27030112543316 3.65797057378934 
5.4783500445343 0.504620349141485 1.96839098281912 
5.05047524629171 0.245402836886097 2.01162819075134 
4.21732642576684 6.81922673605255 0.956222332653371 
4.08766592987816 6.7714729396184 1.13817344255363 
1.65143697035603 2.03892299526448 5.63951001811671 
6.10232634863404 1.34181212956847 0.250434759162065 
3.64282760539859 0.288354812956487 5.51328427595191 
4.31532761555893 0.483460787941507 4.74207833425581 
5.54755435709464 4.28343745314423 1.18330522514467 
5.10960693347218 4.84270853576895 1.00850338649219 
0.827662915982057 0.406369289983892 1.22399872280441 
1.29542996391079 0.61295629814005 1.22695847383254 
5.94997902239634 3.21711922375719 1.96014901306053 
5.52794272481526 3.241906129173 1.81808142716893 
4.61339539682369 4.62382621234187 6.20188099362592 
4.51508423965655 5.1292546701622 6.27553767701067 
5.60830717094923 4.02875640157371 0.962695261061544 
5.48291536491095 4.0425726915243 0.660287308415079 
0.781872167798723 1.40539161226329 1.94838558182957 
1.34424580707092 1.19366359753616 1.64081679719831 
0.764662773740599 0.80290553063648 3.43269378243934 
2.34849674186592 4.25601730358942 2.48576779575293 
1.85952347905425 4.20075478574556 2.41293177898152 
0.876628127770944 3.4871697627932 3.53174750983023 
5.73244149048414 6.01312289959385 5.50696941357177 
5.84326767668691 5.62671955927787 5.50847395603386 
4.68174625084159 1.65001697230946 1.63615184471158 
4.95397736044892 1.47327139869404 1.33705593232741 
5.89045199861451 1.47577719755053 1.51044686270273 
4.77388254972222 4.64250971784451 5.0671274581446 
5.2774111183756 4.41697017303639 5.23538940650602 
2.27376141828772 0.626247436130703 6.38906226704418 
3.59395720521882 3.81800471134678 0.240596362709966 
3.82868717895356 4.00786408810544 0.216553427979273 
4.40235423652677 6.58297484930635 3.9020372144491 
3.87559126219581 1.2332973842647 1.28020378062114 
3.06015564539071 6.40014147061528 6.45160856757761 
5.61537688007318 1.0546595183083 6.68430193121896 
5.26355571976619 5.30301920116269 0.661870037459575 
5.18599802715572 5.12690802927458 0.358014933717222 
2.52734026675087 5.86150030817516 3.80800071159267 
4.92735256816256 2.91127715453616 4.86469887449804 
3.18299805038595 0.355655322159544 3.11690536115836 
4.05764252376657 2.26969659638504 4.14112853218524 
6.14109187721407 0.698645560123127 6.28778454137742 
2.39765057386357 0.470697710527618 4.801563496968 
4.86556706321876 3.33691965602881 3.35007733275774 
4.96682391647729 4.01241783840708 3.46808387365331 
2.66935708177136 4.18962697012947 0.355402933766573 
4.97767681150293 0.239313614263245 3.03367489542583 
2.21331848649197 5.93410494147652 0.697499021465945 
2.29805448559952 6.19187400747641 0.76787013614417 
4.89564256319214 0.708087491102658 1.29198067356735 
4.70662601236003 0.343846739631812 1.70604801142588 
5.44805605757634 0.956392642436017 5.59321593613556 
3.30399205140177 4.13919882888225 0.70681907011701 
2.64547415284994 6.2690634660722 3.49687377657783 
4.7096932566322 1.64246568939028 2.05354095956027 
5.12980751991917 1.43260493525194 2.34587881973605 
2.08763968487742 5.4986174764394 4.79376828782129 
2.0638121544893 5.53081156649141 5.01156758931579 
2.30974886959827 2.63234869756207 4.70106655881967 
3.62063070207867 3.49056570940328 0.36951214036352 
4.7347677991182 6.40620639539118 0.450816456028804 
0.83687000331945 6.26128820445623 6.49583027820849 
1.20398170966662 6.15327790196978 6.77120884822927 
4.40892040926798 2.93193426041333 3.93711810366847 
0.665557720262392 2.35545959406511 3.57576802068752 
5.93898828479173 2.70651328365764 0.68314547650321 
6.4790616104588 2.61253772451018 4.58082936478858 
6.26326297603257 2.01532399344202 4.82120613955411 
5.26184095206479 1.20805598486882 5.01726674577461 
0.196218228262064 3.33484346588344 2.20064001202231 
3.54071742776315 3.6839308125473 5.46915448693994 
3.66545113360747 3.7325386745512 5.06292226699783 
5.03520543399669 6.08238836475594 1.60486341580995 
6.46965213970028 5.53391121043936 5.90166536618126 
6.23518237683571 2.91251025833718 5.07730344424529 
6.03233746889897 2.27775771058667 5.31509120332838 
6.30328291888209 1.33008103685404 1.46957596911801 
6.473894343128 1.26810183947652 1.9635301122751 
2.26319424219387 1.72663869197528 5.00416751592278 
1.85711539213733 0.567625623568117 0.748625363997409 
2.05059082157525 0.361188211410851 0.882279921512186 
0.398594412438132 3.60617793883254 1.34561303167523 
3.09850830294482 6.31293357578701 5.53241206243651 
4.35583789643485 5.3228855928884 2.29836847641955 
5.44070007569794 0.893808696217906 0.233831541524842 
5.79806923206993 1.14068367388702 0.521013237200331 
5.64617398375308 5.41192744439961 4.36434076874806 
5.89661013853789 5.20418330712935 4.93637792764286 
4.13312038847327 4.27076020231094 1.50384919767832 
5.72354949044241 1.97778805405543 0.489594216395399 
6.04897843612239 1.80145014432968 0.245193769130226 
2.26454783973523 2.78614021948767 2.09274334746444 
6.41052985134485 4.72683038810893 0.730183909394613 
6.3511691798815 4.74540600320269 0.350118881055307 
5.44212889017886 2.35671244755698 4.02230407396848 
5.2666087522193 2.41024540776178 3.78301280653155 
4.5753799726279 3.05637313900986 2.85127257693386 
4.49264472817812 3.24694421691917 3.2306243888578 
1.0539028544755 1.95718622584856 2.05655282683241 
0.599666094411377 0.929743787969811 3.0805106326484 
3.6045972409318 2.19072896179642 2.05160318891384 
5.3437194802901 3.62433542288268 1.21478227326258 
5.57895200917115 3.28877383813695 1.3333942739161 
5.04918256052667 1.66569200045279 0.771395199467068 
5.12704107205297 1.71733689959262 1.08271868504284 
2.64666614692576 2.37963535243873 1.03673006855235 
2.82370707671634 4.81208195041759 5.42032641990872 
2.04715724741716 6.87653193770947 2.89305776001117 
5.18414129280705 4.26221896591321 2.54811949624625 
5.22014599564851 4.40238500306443 2.96076433712849 
2.15010369991651 4.94613553673523 1.33827184673071 
2.17987475680885 4.91337210434777 1.44640695196398 
2.87706699557201 1.41495142512562 0.818241095002871 
1.86355306088684 3.03857118073531 6.12128150103003 
5.99556323543404 2.55397457835241 2.14224898169522 
1.10307566358065 6.38943419028137 5.00787718343649 
1.41592393282456 3.46238178489957 6.5434004668961 
0.949295273746292 3.42815073571813 6.51597406779113 
1.13489884295679 6.21386590222943 1.82965793478936 
0.797371293190082 5.89055239240857 1.80781065121832 
0.0585310318023458 3.42122114811653 1.92488159921204 
4.57911431084624 6.93289668943708 1.03717784462903 
4.56957837082567 6.88201368709995 1.42933024782865 
0.369754324092143 2.73560455970546 5.40654520562088 
2.30052248743793 4.76970035322243 0.669865875970795 
2.66935005706358 4.52470282261757 0.420568312432737 
4.55714616362639 4.46012156399036 3.74333186038789 
2.82236945081438 5.92200174868904 1.68949822793344 
1.09721834707444 5.42260757211405 1.02291973957289 
2.08753183511455 2.13012099912501 4.77272627448277 
1.07226217845965 5.78918581265898 0.458568888034819 
1.27346217062673 5.71065758653534 0.613158422310779 
3.26962768925297 4.42274923248098 5.87091461146706 
3.28241564859849 4.43461354883214 6.25520502344597 
3.95577944313162 3.44729822772645 4.22576182119206 
3.66874595286141 3.27434024292365 4.54956914574327 
2.01798545313654 1.31217021962605 0.858458800754694 
2.4983947972301 1.13627391262442 1.21210383389124 
1.40485534420436 4.18060271575376 3.28594298750463 
1.48224986324378 6.27996502528412 6.64070219095172 
1.51268665031702 6.04979064461694 5.46908523678547 
1.37725730705479 5.56828111986862 5.42920437331762 
5.49055762806941 5.86109496497291 1.89969569331137 
2.37598304158376 6.23763071483224 2.82543011062648 
2.4281990399909 6.38888912485707 2.61596318141174 
3.33405470336873 1.79124320530259 5.02115644979832 
2.75615505554697 1.90826392775267 4.53315512367439 
2.09897841053312 5.86419702415341 4.55820281744191 
2.6066379675325 5.89173179180607 4.28532286747269 
2.21113760570193 4.65018277341053 2.892847705925 
2.19534618475524 5.04115629769881 2.88790316292393 
1.25487562279344 3.95435217874839 5.60299814183432 
1.10643777765203 4.37820284948973 5.53919415773879 
3.2449543507927 1.80120630266382 2.82465946748312 
3.32898389725562 4.96390615965008 0.312466421558214 
3.36457617331497 5.38864417199284 0.661576630368548 
4.10698025274519 6.46301509871155 2.69504821353642 
3.83695802615341 6.57494170209078 2.31832571678557 
2.87471907822773 5.60737871287439 1.66421137477501 
3.73300858007348 1.49807041474647 1.20048747593087 
3.49842464282263 1.41051135671311 0.862467134871271 
3.50800711515835 4.47740683494252 4.73326431536429 
0.299220478120672 1.98174998571221 5.01146741199895 
0.415451901716741 2.63743297099115 5.10734310151687 
6.08701209924397 2.19659099893524 3.18074107389448 
5.10590939646484 5.15132989548475 4.08191022713515 
5.56440839487944 5.14606555357189 4.07636929034697 
5.30286611972462 1.58755440185426 4.53794362393866 
4.73377953075317 1.55056375456031 4.09518089064718 
2.16447234563025 2.48820434914126 1.05172237859948 
5.01085704650728 6.1716663329582 3.03437936559316 
5.11713227161148 6.47022585017343 2.86368712190012 
2.73767031540243 0.231424653106992 6.46002824799076 
2.57751327960914 0.270893288160456 6.26953826245762 
3.09391222118591 5.39842405855282 3.76537716918539 
2.9190537976611 5.37664414594954 3.87845223342447 
3.67483125188706 4.08212412363157 2.56773665991841 
2.87383884480403 6.48302753444711 4.46986318451115 
2.80032347081094 6.56096725486766 4.55977473101644 
2.41361365616796 5.72383619269446 0.70815517555226 
2.7484923167042 5.80196664095916 0.835618549428989 
3.14782228697226 3.48313951703102 3.13989367266385 
2.95118342930382 6.55785942028793 5.2917359014423 
0.655981462548773 1.07318351344546 0.149107847527443 
1.22434068107357 3.4503760854126 5.04685787451414 
5.05107685111152 6.06412121454603 4.53757438450817 
4.2755647890693 4.15534375355932 4.36160181769683 
4.78777327594032 4.30887234865467 4.09068605569483 
0.284107072894222 5.88711849255583 0.909141766122008 
3.32741808280471 4.084374602637 0.982232990939867 
4.05701937295821 4.32906115868774 1.40488323178776 
3.51662127436438 1.66191666266305 2.39990013869903 
3.89524441297914 1.53160594714954 2.56922070346448 
4.26882410006727 3.78081590403658 4.48104788749805 
2.04359242484057 1.05096475796859 2.93568756156932 
2.03764683605741 1.41069042035481 2.99572994111075 
0.983662330064506 6.76211947977271 1.39205716541726 
5.6739949163288 4.61225107261675 6.06927395251279 
5.56183611989884 4.64347264229733 5.9587545855812 
1.48972991781799 0.303610533156258 1.43575123371817 
1.92331328651667 0.133577764888039 1.20576938876111 
0.388623760650176 4.77511695798584 5.86209898574399 
4.77371143702681 0.659656934759979 5.11957431857428 
5.71079260567632 1.34040930652504 2.271882765409 
5.66366891545112 1.53171019827982 2.4097363360192 
3.05425938815415 0.949823936462401 5.46981397937351 
4.44976016720813 1.33518489021252 1.40251490304974 
4.66206319365444 1.23686609234224 1.22737911392743 
3.78940488858615 2.56493418854205 0.742133036961284 
3.94591924161926 2.39311442545258 0.746213490997164 
1.42366889847739 2.62732757582618 5.72575900099202 
1.73604942687055 2.78049812816312 5.73463881377753 
4.75269460000175 3.32803620069057 2.0381963633478 
4.74663877243859 3.41475932341792 2.30212080832004 
5.95834296866241 6.32602864028293 5.17896230339594 
3.4304624310857 3.28112898216262 4.52572361926799 
3.15434868898038 3.44026531287778 4.06933184364156 
3.09970480511363 6.30405570951145 2.90209279361612 
2.85263999080242 6.11048223178531 3.04357875566068 
4.9755877559982 3.37855741312956 2.34909297436539 
5.33845815373196 3.84915483927789 2.51954076876346 
4.13933218929079 6.07791903520104 2.94198706457566 
3.98442701728379 6.26973287839424 2.9084212048125 
1.77766386113356 4.74447970710464 4.41531880920554 
1.64011858859458 4.56377330640762 4.54205746118022 
6.1963186276431 5.85639096218619 3.38055767906443 
6.09505298504736 5.79393097075618 2.90949061982528 
2.47294508643156 1.44845064639526 6.34491012284719 
3.38091838772201 1.04339536505253 5.09224240043481 
3.85269810146039 0.57191785973648 5.17549080660171 
2.89130087484816 6.14870509302086 3.29438259440527 
3.16773016479783 6.38406733738616 3.2582478069845 
3.91608465666189 0.394946025675529 4.86897794768812 
1.06756027152933 6.12892545368227 4.35306259103621 
1.03967059457843 5.56932776094912 4.27558975379988 
3.2615635114144 6.00895773960001 6.69636282032641 
1.49702907818795 1.7412692968872 2.89651416357276 
1.84855678619569 1.47391354772157 2.81341385039769 
0.858687999787035 6.32701874302557 5.65425372182435 
0.515063337210347 5.9599062990334 5.7684370623816 
5.58627162842615 6.16654316852798 0.877536915315398 
5.22572116640903 6.24757016246201 1.0028723687903 
5.10552199945795 1.48345887207407 4.93835491883509 
1.03488646160164 0.473191397355803 4.71291499383449 
2.57261693210643 3.47499836184429 2.9595759273826 
2.99301568402336 3.31106318862109 2.98692902351748 
1.6381658406134 3.9012238147066 4.45906558401087 
2.00529311231948 3.62277173774737 3.91910162433698 
0.639472759740423 0.391520160673967 3.57884239371838 
1.08538748825163 2.88260425776422 4.77935926064418 
1.26079183720278 3.17401369232936 5.06355386598496 
1.2672023499662 6.27345865077066 2.11515277468386 
3.69603495312805 5.44079721998905 1.74193459958236 
3.66660640094292 5.22514213252463 1.43196846447442 
2.43197390667069 6.99493719162684 6.20683641896393 
1.13914259932129 0.218967721669621 5.05892806813025 
5.30864311039851 6.36496635492349 6.07829593417958 
6.77429257940475 0.79607649850936 4.58958384688737 
6.422355442869 1.47919269398192 4.69538382392543 
3.21606122902419 3.83843471702777 0.733002647516565 
3.2611862503662 3.86620793359373 0.969524140580281 
3.79796840429273 4.07277270908201 5.04667027327114 
4.14464301237137 4.04155034251093 4.90886569939766 
5.08263083642851 4.02176313100628 3.98687332116162 
2.24129896253754 1.99594829972851 0.54626916367735 
0.0641553257892068 3.74251187485662 6.16538920932869 
0.275727916697434 3.36811037024877 6.0936726931094 
2.40027034334984 5.05280803142975 1.12143393856094 
5.77443513679799 1.50894268861885 2.84701461870908 
4.52165678106036 0.771987089676926 5.07947690453989 
0.429977950064656 0.727336767544668 4.58606656036555 
0.696618844002052 0.337090905510993 4.56134015815671 
0.977827633096012 2.78763186684146 4.12605504259859 
1.12214650643254 2.89951819205585 3.88931405005136 
4.42067535836628 6.35998395868691 0.489713761105358 
4.36196735449681 6.01420748023411 0.573048478858665 
2.81245829437012 6.62548303834664 3.67569495305416 
3.15937843182729 6.68114229473567 3.43991026168612 
0.876970881149529 6.1884208106625 4.64043767207326 
4.57794637914306 3.99253475874708 6.69551541126603 
4.72476707392306 3.62803516424391 6.60213940659626 
3.91404616759464 4.18204734311244 3.84456757160594 
3.90628330533302 1.20325835627166 6.47143682740505 
5.88839578346674 2.7357295213129 2.21985436425575 
1.52971785761766 2.43117541501505 3.31498165705678 
0.98083530238888 2.69380539460277 3.51805537837048 
5.27115198699604 5.33959893093937 3.50586042209061 
4.93858809180158 5.2726527106916 3.75771459873687 
5.85514345414171 1.61902322519189 4.39020496003892 
1.09567674760087 3.22801223496079 3.89457907862808 
2.97563889701262 2.80766991367884 3.91035288479925 
1.9873397629994 0.928371402755394 3.53648918540031 
1.77366202377685 3.86842163915158 4.67037286811783 
2.8211949033017 2.60732016973983 0.968462787276583 
1.82340410558073 3.20848518562418 5.36354118657415 
1.66053440228169 4.79546444862833 6.59180166011978 
2.29030586314429 1.82394593609764 4.70093902373286 
2.23591256417417 1.73636313674987 4.59949505351406 
6.21303055035902 1.93919788942859 2.92579693640629 
1.80344035189209 3.03506862050178 1.55342269213843 
2.70580487266983 2.33694709531999 2.78547356619781 
2.42169328332816 2.36921867618473 2.47075852150832 
4.0502214559803 5.48259747806781 5.27810089019282 
3.94743752692209 5.47144497442082 4.72367847917711 
5.84235002953591 6.18914555092635 5.833182868647 
0.584392311300539 5.49301091956844 0.848471994851324 
0.462799654940926 5.83223221153051 0.592964532192526 
0.430713122877824 5.92099628742235 3.43657289086991 
0.763851867488311 5.93022301008207 3.56170598033057 
4.32145607647159 6.53501400788985 5.02960719339163 
1.91713212894682 3.48384088217172 3.799150318109 
3.80308098331246 4.60337403617097 4.47363559563606 
3.90699165289824 5.3398125738036 4.57281669219438 
1.64115347325379 3.0269036735819 6.37947745557413 
1.17954428089937 2.64924205139329 6.15852655906774 
4.23972125640434 0.751582986454116 4.15914570622511 
4.29662993322614 1.10904720872943 4.0632064992257 
3.20407920674386 2.92785597993783 3.44944869125252 
2.99469735048067 2.91596131867349 3.1338512301058 
6.37117598938644 1.06715116618946 6.55935072105083 
5.23136200461446 1.63080904335511 3.08524010161854 
3.71805608718563 2.29126970074489 3.4729418111707 
4.78129682844795 0.368808178725172 3.15898128645945 
4.68222211040007 5.45310499294469 6.13844124580846 
4.78500992784372 5.60767535192131 5.62107614422297 
1.74938044869689 1.99286027142847 4.30400183347013 
1.69058556780032 2.23085102372664 4.46985062615594 
6.05261956862735 2.37891340172418 0.735685169599386 
6.32170010502437 2.08379383863828 0.367823963674203 
3.46813823013122 4.3785568320978 3.81161574439539 
5.85596852055318 2.0748948065331 4.0462641121836 
5.82114002086375 1.75702488207117 4.41892988108284 
4.04812041921052 4.3157436725442 4.00343093539455 
1.6454358200214 2.52016111894686 0.382298206737712 
4.20904371912365 5.29530506480292 0.118266481032136 
4.59421625465157 5.17536818691784 0.0409296473240683 
3.65932534305846 4.15679698750206 5.71567704797033 
3.02683349775267 2.68633072849944 1.92922828702584 
5.32714273696966 5.45276586657098 2.07790704378501 
5.39497315701297 5.31000741550151 2.01772301713847 
5.85244512533112 1.44750609571009 2.140890564564 
5.79802280043151 1.66037583381458 2.29542289737995 
6.66365152510151 0.961080021878803 2.10107289083743 
1.94715219314326 3.57972125443228 3.63590595820965 
2.23651323861207 3.22435450874951 3.06473634813481 
0.019925010493973 4.00044334367257 5.64203593736858 
0.225075048806907 3.73415770488419 5.33300175090409 
2.23949325181075 0.70958153279068 1.9828589671331 
4.62370705447466 1.37498231596535 4.90019747693152 
4.43821856480826 1.45333936685603 4.30872580602252 
2.88758659539729 1.38070997010775 5.64895157125996 
3.09129979469309 1.28751295542705 5.62517274336023 
2.51819605630972 2.54777231908955 2.05810628705358 
4.91094438828754 5.06476408180046 1.27755772212731 
0.334100203723711 5.71354790664112 1.05329227611786 
0.253406070053547 3.12226761372905 1.28772111352548 
0.825934327684953 1.57771919350335 2.79405801287329 
2.79761092126096 5.30381556466896 5.76161420446433 
5.47699380825436 1.64350447012936 0.794869370765107 
5.46962187081379 1.68621503568401 1.05172914855899 
5.00326335497573 5.18246873400116 1.84687172398328 
2.64953238975395 4.74560431929877 6.83615204015828 
2.43721591103836 4.94521921714631 6.77353690139363 
0.669262646865559 3.62813958471977 1.33230171583483 
1.63870348237967 4.5425737913958 3.95118528858058 
6.55646767970466 5.14088559285871 2.96098494909207 
1.25092338031731 5.52420970364322 1.39730797861694 
3.44674200130798 6.38536128283645 5.78831875681813 
3.61792873669037 6.21219787696505 5.77539309517847 
6.53710242391687 4.06087992056065 1.87229149182095 
6.42582520091637 1.33818305788647 4.8190983759319 
2.7951257881632 5.46427366232159 3.69863667261266 
2.91364307739684 5.48939119719356 3.60093694173729 
2.7381894127856 1.57131561484745 6.26385250675309 
2.71677767778877 2.02522474282922 6.25359487032397 
6.27175807513057 4.12755780489964 2.24975638893148 
6.14319249705618 3.7671070204596 2.38311846338405 
5.44449827932714 3.76476325305044 2.868442848419 
4.91666248133019 0.530297300657218 5.46884056418193 
2.25987657049763 1.54167756835016 0.568833691648731 
2.81257883605902 1.48662875361634 0.68360788571153 
3.12252534559805 2.18122551007306 6.66446769691202 
4.44549213562129 4.33964646780553 5.83758075314283 
2.59665316661608 1.5927904745223 4.14759560694279 
2.78062144538218 1.66224531171499 4.14289339312637 
2.48992377402934 5.36457393456973 6.22169232767632 
2.1106738295656 5.01780074614666 6.14740052426251 
6.6085813488965 1.30139568059248 6.24198746377538 
6.49249571933538 1.71323549762022 6.18896874233442 
2.80837623001092 6.38998227258984 6.39169030941113 
2.64163114734882 6.68325775808644 6.55052463765565 
2.6775515633005 5.30803957894101 6.602529135888 
6.35367049239053 2.33533641133461 0.988067417696306 
5.64360702240144 2.030782446106 3.40274207882414 
5.4560313049598 1.59011721245849 3.16466083366115 
5.85517580443425 2.032301938511 1.37454613395455 
5.69972334817148 2.27408122912535 1.99723783645147 
3.43505083010558 1.78458490560615 3.83159699388427 
3.59518492469467 2.21948189557808 3.81355353406657 
2.58326524405384 1.15416518354349 4.14886458894126 
3.43554540418253 4.53662399019253 3.96504240954558 
1.04374767288118 4.16380249482599 1.60336581127615 
0.790106746909415 3.77774113233004 1.68445436458059 
2.19666949747525 4.31787086770092 6.40900717011392 
3.06022438527669 2.64301085973439 4.03644650240222 
2.94657661325151 2.5823585648143 4.0563973224801 
3.76324569118589 1.18640102623722 3.40944647941796 
4.00737715104965 1.29137450379922 3.13566141789002 
2.94002724733229 5.60845909557954 6.8309506877249 
0.382552538238243 1.21542996873202 4.03235045827263 
2.80766520844633 0.830509912560644 4.48898552743862 
3.91905990226605 1.5633119837633 3.01859766469723 
1.84527615971994 2.78642338938398 1.65668776490317 
2.03855945664466 2.42072405175105 1.40631115680567 
0.744388289392728 5.56639028366312 4.97211403992894 
0.897544537547383 5.2877791471013 4.71747563942122 
6.0328297959942 6.98656777547856 1.60686656799848 
5.86242495170513 6.94268581491398 1.85592459735115 
2.78076061476652 3.59247016459956 1.26070694771247 
5.33087078137508 2.93595894978519 3.60120248603386 
4.66430177236286 2.38720185366071 6.56412337646064 
2.73193951433016 6.10411761250243 0.922622289659049 
2.758663045223 6.22087063813749 1.32772843261483 
1.62816656089047 0.026096420356063 4.99376076337199 
1.83318161969648 0.175675117119993 5.31535012308006 
6.14650332543702 5.04569037244891 1.91872415418398 
5.87870494090488 5.28928663416089 1.6608891652212 
5.1253275652118 5.60314666125443 4.57437087613292 
2.46944312400761 0.745462129434051 4.76639763860365 
2.26508672583824 0.974306321288174 4.5780098252 
5.91422023311857 0.155741237989871 1.90428151334402 
6.07198740983652 0.170389057431936 1.65957827058355 
1.38743958014889 1.08562899368329 4.51277315502326 
5.68388360427975 6.6356317587983 4.77777882935777 
2.41579492954191 2.1455295615606 6.31877251664335 
6.32161641098021 2.20305657426705 1.24552935881342 
6.45654267649576 2.57483444530741 1.6529315458891 
1.56601853521221 6.54294797381605 3.99922723044077 
1.19588017953525 6.58580677002731 3.85375832722531 
3.76141092719626 4.60620738290646 4.1378603441234 
3.86343323286453 5.26381487013398 3.98945948255243 
3.32617510169042 5.93467734207057 4.72474207538297 
0.82108352122573 1.06447530710099 4.78812550907556 
0.992515557041343 0.975885551598827 4.82039491195372 
4.90959898233454 5.45746778379559 4.44219468710618 
4.62147173237744 5.13027576144297 4.81327496274437 
0.075763449647545 4.93300861569777 2.71980403430359 
0.0426822914353811 4.56906171113255 2.73417338448808 
1.61566108418668 1.75515197410085 3.44592824507227 
1.97438302019873 1.4873692994811 3.31510831143644 
5.70301787906882 1.33251090585915 1.35478349309482 
5.4708329923887 1.19095586891793 1.53084635452213 
5.02617328862689 6.00606447066329 6.58998839552845 
6.61869152800738 0.53658037294203 1.52877911955697 
1.52165247146635 4.39564211843609 4.35461955231877 
0.835559132610597 4.33403267148005 4.31257785017578 
5.97160814628638 0.90690066339205 1.11657745315706 
5.79781187717019 0.651589990578039 1.22588100755227 
0.681426149072468 5.70188082254233 4.74667719471131 
0.816772584282196 5.4461698587373 4.51527513860299 
1.54979116173966 6.99744705343347 2.80556217351499 
4.53856681279195 4.67485547107817 2.10644397634862 
6.5811458510127 1.48502009749673 5.15597592765727 
6.31714130290225 1.42587064333943 5.53808116690694 
5.8899699502291 0.479428425666087 3.7812061670028 
5.83521611380945 0.806123382697242 3.65245854132812 
4.48994967462918 4.56888518764412 2.8868915154207 
6.67498055975914 1.77676143023584 1.2269474105507 
3.03977309774883 6.43677461700045 1.36884607872803 
1.54723073334966 5.44413798917321 2.83389909694943 
1.10495392093756 6.12657111849717 5.35710235614996 
0.959473489038042 5.72129476645901 5.31716056598794 
5.28301979594357 6.15227261656889 6.54630540039006 
5.50741929868434 6.62526268946979 4.71889945272737 
1.45616430648332 5.04120005908175 2.52974949899668 
1.76246677101902 5.28455189343032 2.68713554770546 
2.56627976420961 2.71798509238003 3.17629020384371 
5.9391788255274 1.05524117491617 4.91123287450862 
5.81297645680405 1.09874029886901 5.38424455366578 
5.00197062334654 2.31826931852369 3.95474659532444 
4.73767338432049 2.08460703493626 3.82950732140881 
6.38804663711236 2.18604902467952 3.5865453828411 
3.29458496475465 1.021170544154 4.70124552749095 
3.3556622705852 1.43892670236429 4.57446453835637 
3.92224935250965 5.88665425819279 5.23043298086576 
3.10352226463296 2.4776225070637 1.59652017553171 
1.61086881146762 6.88883240108069 6.32158719882112 
1.79942660529271 3.78350795801006 5.92504649436262 
2.25360562746073 4.17277121471525 6.02796227164781 
2.88375302334912 5.61150751030478 2.9471912044338 
3.68788607368428 5.38643345318299 3.81969600828164 
3.3572027055464 5.15148264255806 3.68119245859577 
2.635703502823 1.13701284056191 4.14548982673948 
2.8347821206892 1.60892821499457 4.13516460249529 
2.65081226345556 5.09318984141145 5.52380168605914 
2.18641733558031 4.85254481654394 5.70084016963289 
5.7166289357867 5.47495273195238 0.663659121948645 
1.48263001915531 1.38875803957741 1.0276374381716 
2.09698278714056 2.83913400540888 4.53597421500136 
1.68011833639228 2.5638087440542 4.36271872037293 
4.71291373761544 5.12207906581881 5.08796997358973 
5.14145395520925 5.39971858482437 5.18855441227798 
3.76067359903224 4.27794334743026 0.463801209404313 
6.52745184697734 0.285837014990275 1.66628068039237 
5.9394876341466 1.58287042679439 4.08794281439391 
5.90938097669578 1.98150092945174 3.89928750898409 
1.70988683537979 2.87318517081793 0.432816334576964 
3.66894243653225 4.84184687399832 0.221399851220169 
6.53508833548015 5.37844901794907 2.58743080432234 
6.57131621222178 6.03163063780181 2.41365811230917 
6.4744781178389 3.62516913278918 1.95949878576747 
6.22963689942826 3.59626674023692 2.29603034981362 
2.80048951835091 2.17449237647193 5.85800176683136 
2.8846922804209 1.67439208856282 5.48224181620673 
0.943386716395615 0.28198836245919 3.57452292803379 
5.17555356311039 4.22001552864049 5.45688287479415 
4.74208569360767 4.1731926527544 5.50113608222375 
4.93462321587182 2.29628057459023 2.7914097192171 
3.78659134083503 4.31064690010612 5.54853447198077 
2.26866858193071 2.90270199384233 3.13173411638096 
6.02378476795684 1.30144459684367 6.78554270691806 
4.78101890927224 5.34492717186846 6.23650890250788 
5.47561700797987 5.0505120170662 5.99872891468958 
1.7301434489819 1.71468801995026 6.03841096797913 
4.13866235407307 2.66215735344381 5.25554729828102 
6.57188369319835 6.04949617054857 2.07403261229537 
4.38191067492769 2.38412623540569 4.98311492691566 
4.82665047464816 2.62379856500102 4.72329873114719 
6.83659973984006 4.63395773730223 4.53315460135679 
6.27610007694915 4.74504305460181 3.69470654425381 
1.16360940789465 2.59944587138306 2.22811195556121 
2.46757346497758 0.767742339382478 5.0888995276061 
2.26757030570093 1.08496442905084 5.27375851602348 
6.38226678321888 1.90945137161336 5.5711476259262 
6.28447700374458 1.7659649397162 5.70035350795802 
3.5483746542719 5.90560402170871 4.61628936665745 
3.86947811674481 5.87122936009523 4.80211441422197 
4.36108607372558 2.97164942292021 1.81727751777168 
3.68618643123938 1.74883471997647 0.507855337748903 
5.04634164330929 5.54469546504447 6.61619024353779 
4.19074241868013 4.32912848580627 2.97395556209128 
4.11824695816087 4.05811112992304 2.69120006100696 
3.5388470695177 4.74673141237032 5.50642150136384 
3.88105163095122 5.19173380691809 5.63245072694418 
3.45732326046365 1.54740169732192 3.39639589535958 
3.55913720516624 1.71672325905407 3.18980313221323 
6.59677078283079 4.55140547506965 3.95780577493538 
6.63934670388729 4.24168530797032 3.68988131339385 
5.35482495536384 2.24598393289581 3.38591715910854 
5.0751198221428 2.02784011706722 3.20227746719148 
2.29364985488419 1.83371490925711 3.62053868254744 
1.8909662278415 2.05527910560372 3.70023680464784 
4.58949756106379 1.72395486420366 0.359062888636893 
0.760210710030238 1.6508088350111 4.29529948050234 
2.16998711544552 1.82040779958075 6.38553341304828 
0.594367217423583 4.15758363543214 2.59707354910826 
2.16223775548339 3.61392327940406 4.60729941105759 
2.27030798312745 3.50084084698772 4.16711845294046 
6.31423898346869 2.68514944252704 4.2461906639288 
4.83471327757393 3.9031979862516 5.45136091727926 
5.20673117761656 4.03073523626724 5.42131625249567 
4.95967984403971 3.19869551766448 3.67161985626302 
4.57752556786792 2.95803700592039 3.98331010565903 
6.29752991979246 6.18316697243972 1.89114509985911 
0.956560255840917 2.33342248617515 6.33378137391676 
5.06411498172725 6.61699497957835 3.75034447445987 
4.76167845036144 5.94702967603525 0.528996491761458 
4.87281568613559 6.20620084800098 0.461269853178674 
4.89849170676408 1.06406692259319 0.326841392024559 
4.80311397778967 1.45709037964961 0.665219316114514 
2.74936299493094 3.97511105837074 6.59595915250533 
3.4167548060824 3.79874821962408 6.70852061725619 
4.08221037182725 2.30824600467646 4.75950916851727 
3.8431333158953 2.50853381851862 4.91642128078753 
5.18458634919583 2.79923903470715 4.8766437263956 
5.05230335877675 2.51933762154202 4.73187928418543 
2.11304276901217 0.283611568453267 1.80913207848007 
2.22554106598768 0.181131413472864 1.51675807445956 
1.86216236855863 1.16724822790774 5.83535358584125 
4.67958371293569 1.84769635841904 5.24389001500385 
3.5010532803582 0.662193130614384 3.4214577797202 
3.68146102609775 0.476775443099647 3.7817849446669 
4.23342554301091 5.11013602377988 5.71436316046688 
4.32177301633981 4.43738575180193 5.65627208621033 
3.5046265881969 2.13678679110987 1.70193887530326 
3.36748895308438 1.75972300145796 1.63878437111071 
1.07980882128653 6.53215753160526 6.17013786850611 
1.41425616742958 6.49957623516325 6.23982526190894 
5.96518394258337 6.61844820704443 0.87382033413526 
5.76154484683304 6.85962644515478 1.0360371460733 
2.47732892368452 2.61223931733247 3.47420055163535 
0.233997266472405 5.45258012671619 3.4978982000467 
4.25002891372622 6.40336816794463 5.32785678387734 
3.98278347759499 6.5338902564198 5.65708033303141 
0.580674866877895 3.85017251298236 2.66729698517284 
2.83431217298954 2.74504809554237 3.9229062105026 
2.26389286755355 3.04768215595305 4.09608375057925 
3.53262476995899 0.463209809675483 3.24847827243043 
3.73007788265695 0.194607100878707 3.53439949318847 
2.09114328413231 2.91699591070535 0.91270136393743 
1.91261806139226 3.15296039098223 1.13797183274989 
1.58121546660952 0.904919457936129 5.95793641830015 
0.311388912181558 4.84228815677329 4.01997645413547 
6.88697964146651 4.8145141149769 4.11698665135699 
5.44188844339884 3.79312988636511 4.24162212588775 
5.50100668289828 3.72855138511401 4.54660601574209 
6.74339407920778 1.76219181027478 3.18245278388601 
5.03911017445292 6.16361038599023 3.37289632715633 
5.16891388529491 6.58452483355364 3.61171192196654 
1.961973002228 6.270033165394 3.46027925025241 
1.35127754332307 1.72487951867428 6.28257364875203 
2.45925740803022 2.25574635032291 1.70638899623938 
4.4506159405515 1.56671215027639 5.07559513616727 
3.23551185241533 5.9929224761428 5.41005668833179 
3.55318101411333 5.950223576038 5.561942659905 
1.25474046577776 3.15538339663597 0.547476854026919 
1.27234580910728 3.28202956110364 0.774555355512882 
4.38464481391935 4.10905426562343 2.39795526861552 
4.60516254050207 4.38892158449639 2.47575782451922 
1.76811435667128 1.34511701270239 5.25880496150278 
1.01442720278813 1.03143836667013 4.99185648562587 
4.64494132084336 6.10144403523519 3.64171740003474 
4.67599920804863 6.32394693797108 3.86000949596264 
6.67008509185733 1.07443658544077 0.819811522280489 
2.8478738473468 3.75053804891351 4.15792872110909 
2.79040347703265 0.873029131501815 5.45809478472262 
2.61601495526779 1.09720351682875 5.5635632241775 
1.33086923269687 5.85056033111961 6.79722648151115 
2.93357759989703 1.77724760060177 1.48795989078262 
2.77724670995812 2.2352494213196 1.47392425843067 
4.05039424693631 5.37276059335836 6.3880944613032 
3.96086100740195 5.82671805066675 6.48218095194606 
6.32998583168017 0.848717204407851 3.65235984368736 
0.202214550182424 4.46071597941177 2.87636969696323 
6.71792186864804 1.96160568494258 3.55939400453149 
5.08835694978202 3.72102467716294 4.10388268725047 
4.74196853333595 3.51736762612051 4.38864025524571 
4.42257508103346 4.98822834797421 2.90828229253369 
4.36408468202471 5.37129604592963 2.50199874827252 
1.63948231063246 2.00464167985956 1.0587170346241 
1.68683573341546 1.51810154134042 1.10683188592723 
1.47458748230375 4.40313406241446 6.66151587691307 
3.06904460282446 1.05095323581323 0.79122230309924 
3.51153322368155 1.15896502467027 0.830850769333645 
1.72280588736474 1.50475023874758 1.60700052868279 
3.27704228521395 1.83898817796584 6.82504067349499 
3.57252035619483 0.551932632938103 1.52677486394202 
3.75368028833849 0.995450022368778 1.09676716098819 
3.65683414646992 5.41216509616108 6.20414086728217 
3.67924023836821 5.81721332037245 6.33018179408223 
0.449862561442538 4.63212646432516 3.73818174637528 
1.46134569595307 4.04571984871802 0.753484067612595 
1.21138698589438 3.61921165586194 0.637090521513864 
6.56940962250941 0.920426723190408 0.862638804471496 
6.41906758766567 0.867556046457184 0.638188291116262 
1.85701458283809 1.10576720370205 5.49195195314707 
3.58972792201254 2.96153301790137 6.64829965772167 
5.40268802964587 4.34368490671715 4.28001480924036 
5.38604707911296 4.0945163777383 4.09575895763583 
0.562633327800194 3.70776312269674 3.78545943263988 
3.99302763938948 5.26873485429813 2.98827217591864 
3.98969308102283 5.44974180768937 2.77625127644588 
1.20061260755706 5.52889311941796 6.65310884482048 
0.744129565724606 4.36594314673484 3.86982640161126 
1.14202337292561 4.51829877883582 3.61656394137567 
5.29217984435343 1.39625574241062 6.43649293708881 
5.17117332106981 1.30999533341102 6.15291346421501 
2.97220343248272 2.24184896783247 0.428314864688869 
2.68657807935274 2.07166690379162 0.682789659552865 
4.05190107314794 2.89369318840614 2.27428995403759 
4.01547856173997 2.73592877762027 2.33267714035542 
1.12956435274425 4.21315332026621 6.36467541569722 
1.24205967308335 3.87449402174336 6.25355159258931 
1.69958467027539 5.98285882461285 1.05901827471768 
1.60637309216184 5.76882592130859 1.39624859340893 
6.55003241158666 2.18326821721314 0.853130333223115 
6.45583473056424 2.03061943626614 0.430907316389879 
2.88048230042493 1.58508595905719 0.710376611424789 
3.2069308414678 1.87831148032086 0.373687294899567 
4.57985368086986 3.18757355889484 5.30943581338584 
4.21256672204486 3.02827111660268 5.37204887883105 
1.21672428297488 3.41465054482994 2.76387944503216 
0.987921946634064 3.31793136972225 2.2810790075245 
1.69371121262597 4.09694271339162 6.62501112849553 
1.48283058771456 3.80036080106641 6.34187149111608 
1.17865440791096 2.94421168583103 2.82738575587 
0.985276839690385 2.80869689248969 2.39564536640854 
1.06847337068677 4.16862618557238 0.889553360010094 
0.895205957208284 3.94321906442686 0.816161491321623 
4.92657340916646 1.49553476883099 6.56187560677871 
4.80871882708436 1.39656192846643 6.26535733521188 
1.72062472481923 1.66258541207068 1.6834245269869 
1.67317331564996 2.10008816722544 1.37603796172182 
3.44767554049661 1.23011505935601 6.34619008585472 
3.06626083256135 1.45035796605452 6.59269307397006 
6.57312118582728 1.19477293660663 0.424319088704116 
6.49704433353042 1.12957455470303 0.384004674229368 
2.69788524898942 1.5720854770114 1.74861509904135 
4.3497966164504 2.06401914876578 2.33079917048608 
1.59708878308448 4.7113260999034 0.653071470684666 
3.33240460847964 0.884487692454385 2.19910556982853 
1.85168018549737 0.175557766261641 4.59905550448748 
3.05875140081963 1.01285781388632 2.21767651587904 
3.08324197535757 1.34147837633192 2.22623238364765 
2.45364058654435 6.85313959219423 5.70934732456696 
3.80534114328197 5.69808559134764 0.660524156880137 
4.03791310090381 5.88590059176558 0.956149240946077 
1.15068211202704 0.439862797670013 5.45591006446283 
1.47149445295548 0.450163578782075 5.5988464237321 
5.63758116638913 0.865271508191097 3.33610673175464 
5.45167295031491 0.399351324877876 3.04226422198314 
4.74324664706892 3.19438028918564 5.77211203984031 
4.21020630465508 1.33993454217173 5.35647638079301 
1.48462626067683 0.744807744336972 5.62840185337282 
1.11290799743172 0.705940488648383 5.45820104551171 
4.10298735190322 2.33384052190341 2.08724472528431 
1.92942902853863 1.43187148770772 1.75186566145042 
2.46422372232934 1.22371326466395 1.56443400817968 
6.26755784654344 5.24205845322375 0.76483959061787 
1.4994533077585 0.341054746079809 4.10262784333457 
1.52590159557377 0.453878782059362 4.34163153671738 
5.16613150401268 5.93504671233762 5.3785850219898 
5.07699545245324 6.26210001161098 4.9148816447113 
3.56124121739391 1.17404432368166 2.17049450180073 
3.37977635098819 1.43411221744204 2.1710054025158 
0.703999556160361 1.65676169841253 4.226415747956 
0.593565690883022 2.33405067264871 3.84649937486517 
3.77533922951165 3.27730088894619 5.82825464388717 
1.96300427882992 4.23628400853519 0.787655539129407 
2.0093457540123 4.60429412391371 0.828516232953106 
4.55255760139856 3.08052597644668 5.89062297102238 
4.17626057700394 2.98355901296227 5.56244072199834 
2.01542220077858 6.83140246381779 5.64733477634337 
1.93888524663024 6.34222677748295 5.52206427223735 
5.97030087456566 5.35103085271425 0.95756562373136 
3.08627012678052 0.771403874669037 3.41369811834445 
2.80217385968392 0.711269641292523 3.77222865933725 
5.04996070713585 2.06913460636332 2.36070367476507 
1.43318446516156 4.42547359235762 0.554995421096429 
1.58047571077373 4.18587394252476 0.598924671778845 
0.733664410238147 3.33483883631124 6.25080966667718 
1.89028523442987 0.937587788316541 2.06804126407306 
5.73374581397413 0.638177579772313 2.48653466268936 
2.94735448631368 0.585260837200926 3.23152871660832 
2.64702393674644 0.481481610873151 3.49980894397497 
0.69982079467066 1.35210498614546 2.75159624389426 
0.834194860594651 1.01572894534904 2.76090934807757 
0.644297384092577 1.20709859479079 2.2341617604104 
0.823339892072551 0.855350223999287 2.43736309579279 
6.21812681763315 2.99681527044163 3.04890556456121 
3.87728902177034 2.1372677512128 6.55833496681742 
6.46639740443786 0.737446127326161 2.41890081456269 
4.67625792569821 1.94811782408631 2.10592752800211 
0.681747237415368 3.26307980634391 5.66416373637563 
0.776205512118663 2.94643446386288 5.57380656907851 
6.01411604329086 3.22644039455365 3.19651896076805 
4.93229224411324 3.51240411740751 0.609391772997453 
1.05087205281821 2.69061517903304 6.15782850789241 
0.825215405317547 3.20466826279608 6.38921612549777 
0.397536502081584 4.39634668727695 6.3898126352792 
0.687894257299998 4.23448763893263 6.61558113851778 
2.24565008731286 6.44462575630419 1.44708604391752 
0.270668164618148 4.07100254946948 6.51351449823889 
0.564924349252044 4.01019410476122 6.67053959174525 
2.20087040892891 2.74549005390584 3.48874065242095 
2.05665138154113 3.00292452805405 3.84882875001318 
0.508296105482521 1.94911871845918 6.07438637111308 
0.683616458631847 1.71385854404104 5.95817451457903 
1.61768589118364 6.01743238575153 1.52044459577259 
4.62167630795125 6.55060187202503 5.15258253776644 
1.40627892967705 0.820226929144357 2.7442669863173 
1.83095021091371 1.09832991796839 2.73373500375487 
3.73087872722784 1.79397989457205 6.75185585000147 
3.78989391561088 1.40025081764066 6.41607403307692 
5.91144980150955 0.916796952740161 2.53641967750456 
5.92187664449624 1.08906765418128 2.93319467019497 
5.43367132289877 2.96657707218076 3.19029449746889 
2.59439243675702 3.20539923774836 0.568857587235879 
2.50797601305297 3.09652283340372 0.837489286607625 
5.89944903015806 4.31110437310113 0.173366127254589 
5.79544391565303 4.03359534272148 0.488996047187793 
2.74711096810598 6.31454712956584 5.70990901941981 
2.55855995935259 6.04435997757403 5.70498893646711 
2.63279358565841 6.46630983003061 5.56716444386362 
2.29445629579735 6.23735107191457 5.47762757722768 
6.73003272553468 1.30349311343469 4.14915276029226 
3.20390583154899 6.46216230778044 1.11514884214122 
5.19853950498441 2.73248145159516 2.76051393724935 
5.45711692332028 2.74210422450073 3.05493365229761 
1.6517095066705 0.382865817417688 1.84024527092538 
3.25709108940257 3.58737403596456 4.83216741467727 
3.55402662376195 3.16370859960751 6.4161908874239 
1.82903096378269 2.48465307609942 3.59834482669973 
1.72000705198895 2.72572848674173 3.91357153085634 
5.43214076784998 1.09491535839458 3.47646335172636 
6.59304760809157 1.32949127257238 3.97814551160634 
6.77944899065562 1.47390644468925 3.82451599500673 
5.40644074624898 1.03859856646922 4.02801037836858 
5.58927214396605 1.08137416176167 3.80348010573845 
2.33334050637347 1.94458359776871 2.44163081938934 
1.91015257332647 1.75745212467503 2.49674537493266 
0.718196384426879 3.82203546944865 4.48947832265903 
5.94634028504728 2.97583581475067 4.2513065918182 
3.40469543029263 3.2578097125845 6.56868547411872 
2.66203133335436 3.61639948561034 0.745100488419756 
2.56584051196959 3.52054084481528 1.02803821583515 
1.03694251088822 3.60493370742958 4.55906825806426 
1.60199516192357 0.78001913847916 1.98783272181023 
1.31753026508833 0.669194673303435 2.37526782803441 
5.1457602713013 3.21661922857248 3.03445121135474 
4.99736831410873 3.07564011194395 2.79086733949136 
6.76630026933131 0.589825809529094 1.84291390318032 
3.38116595636228 1.55905885321892 5.39294786583164 
3.51154615094203 1.44663499833653 5.17794564014741 
3.01752338342823 6.26908616863662 0.790533772662104 
6.52040315830756 0.434658585581704 4.63961527163722 
6.13654384741386 0.468705031375427 4.77785858837729 
2.90421142503421 3.90706115507665 4.56112426732618 
2.60669952215418 3.87239158307413 4.79576508378801 
4.53566855362494 3.5247921523549 6.20508060517622 
3.89680089908329 3.41017693289043 6.11221425845668 
4.39007404795477 3.31102301567444 6.19446084267267 
2.57615168585562 2.38096078961347 5.78948962521161 
2.21431470949862 2.36871273858542 5.46686818114385 
5.27728801697304 3.35128200231737 5.93684794840288 
2.34744908754613 2.40837887938066 5.99614980180125 
2.02352970179231 2.39175430255519 5.68168719304798 
5.56083355979909 3.60704451980641 5.76779075337955 
6.40180652798764 0.261847676142153 4.39789497199542 
6.02479499352553 0.306354959964322 4.55813598457104 
1.9297394649688 1.59767344005015 1.83384974225264 
2.38372590022131 1.84123826609568 1.90080091943564 
3.03365863933543 2.73012377381366 5.63885642098009 
5.81180055224119 3.16719985087429 4.6451404758242 
5.82096744806706 3.5335252453802 4.54658384432773 
4.62594263138504 2.08375281424593 1.76303959016025 
4.81796160151767 2.37597153700725 1.60301860394322 
6.03811232108847 4.18726411491026 6.20461094675074 
6.25094270774802 3.8457067523477 5.98394735872788 
3.59415645935047 4.1192877212418 2.18500242829504 
4.99916796342434 1.02394330682167 3.47476123511304 
4.9262742429794 1.01817298655498 3.75378147157464 
1.19458310648548 5.2024377532461 3.55779339358226 
3.47236250893144 3.04321332833907 5.96500493704114 
3.12810160053944 3.10576818487342 5.8104309893153 
0.789670111511659 1.82344166426541 0.736136692623663 
0.735126198289663 1.71075387630747 0.316502890616059 
0.916291444871364 1.74309630981733 0.299634246263627 
0.97783288397506 1.84256447000135 0.688738678344816 
6.69036184990884 0.391661453445602 1.93642097506843 
5.77891696724169 2.39954627006797 6.20898584908609 
5.98610416646787 2.85746190073222 6.37669937562386 
5.34300219074685 3.58706112916631 6.54961860262611 
4.31273029635822 2.3093218617072 1.7103773065473 
4.45017755525692 2.54959628437398 1.59594583405948 
6.37759177378307 6.68547946661318 1.50561613116023 
6.31591422080661 6.48428367892115 1.10411410105233 
3.31523890678866 5.14996170099706 6.30360648052422 
2.96719709421564 5.26004390866062 6.63264386114902 
1.50866264725116 0.561306271702691 3.05710327836195 
1.15546003524714 0.599277765366754 3.46764857306598 
3.33375642964617 4.90949295486798 6.47616139402317 
3.04891747986862 5.01780648301487 6.74042363930181 
0.974653410942862 2.8493929527856 0.50961412556771 
0.419514864890967 5.96904846962649 2.7246445941394 
4.08803135211385 4.36578606300816 1.78587974492511 
4.05826275256405 4.20101410094694 1.87842857799421 
0.481248255110544 5.20832462364585 3.70528049769796 
0.860256392015896 5.4442330457231 3.76092274130425 
5.4681958934225 3.39954505012488 6.17935329549163 
5.68481873356854 3.6355455097823 5.95109266500333 
5.45633865119278 2.62489430506 6.31285484884274 
5.64385778960713 2.96912164955226 6.42926992149914 
4.27644066850389 6.58842408887122 5.88083875020794 
0.53041167194946 4.61269736710409 4.94683457332194 
0.777114026309807 4.7668427108862 4.73691486569898 
0.493199848385353 6.13006643377868 2.90775962504229 
1.93999518923933 0.639426073120032 3.32893255092858 
1.56436112201094 0.694980228026043 3.73256646927391 
0.43841862831925 4.48648005356457 4.71586656446906 
0.620347563616552 4.5928682854754 4.52822296404651 
5.5910132214207 4.20741991436059 4.7920643849588 
5.59593401323413 3.95896176946678 4.81959226008342 
1.23066829897089 2.42614139822863 0.412927743453044 
1.12059509697433 2.14511000429609 0.774354222509994 
0.733458221102342 1.56948875045827 4.20171156090142 
3.3936440118704 4.41921282916937 2.07982114040308 
6.35621158387233 4.17811552024489 1.17757001946628 
6.13890522301744 3.79079387750725 0.994139390975536 
6.15143148443135 4.32015096914478 1.06108436156471 
5.92121078337078 4.02600478804659 0.885796622688102 
0.822868679597441 5.82392183570371 2.4124259987582 
1.05624007983941 5.98729730258331 2.51897858208707 
0.942755883446113 1.4417892405791 3.73733652445115 
1.18117713969675 1.39274782624256 3.81111493725299 
0.784311605852661 1.56634184808108 4.2657065968962 
1.17646614882279 1.47369541979265 4.19140938537927 
3.75279555799008 4.63279140546338 1.7745363888577 
3.72289839529005 4.65015230472265 1.59272913345477 
4.34675517244428 6.18428864817175 6.36053769770754 
4.71180323749738 5.98460690298087 6.2490147176397 
0.598442134018434 1.38410348426618 1.83226838385863 
6.81073801415221 1.36653511082971 3.29356126148859 
3.38811604240016 0.400657461797204 6.33682277417232 
0.308361147367949 2.68403192649624 2.24461370054471 
0.217934046222026 2.57026677077071 1.94570475398545 
0.483679794140385 1.46834657787923 1.2099794256891 
0.660190397322135 1.23210655213205 1.48845514645922 
6.51046471848164 1.01873822067068 3.19869585186209 
6.03168549323969 5.30382246427822 0.234793910065591 
2.92113676663169 2.91989713371635 5.10527942184479 
6.20541110080475 5.23879188067331 0.301179399620064 
3.44121207603281 0.720073813368216 6.63569031967064 
0.301853413928048 1.79242860381024 1.34610737778045 
0.325351251974909 1.83768836417443 1.62064012060386 
0.790163323800529 2.50482674129004 1.35925631621011 
0.69408293317291 2.83480257298999 1.17428467235368 
4.58238515237562 6.53651853967179 5.69375560285964 
4.53320271455258 6.42190515380835 5.42341205942167 
0.75508827458878 2.38848165095396 1.02612198711646 
0.674913292021694 2.70790459774791 0.926304889163969 
2.35496944944455 2.7980342912188 5.00524116201802 
2.14918848184648 3.16963936133504 5.02434080242142 
2.71807567657266 3.60182421989212 5.14012079327826 
2.99141707743567 3.4565991579849 5.14446621320735 
6.19732508620709 3.32605955906086 3.85722790141108 
6.20743479888133 3.57717079153962 3.93922728131348 
5.93941749587195 3.23372673083396 4.04925203805209 
5.8988016541896 3.5045559029684 4.18614841114888 
6.19396392167403 5.7574023301459 1.55091246669012 
6.0253649303726 5.68485650905602 1.52827887629752 
6.06731703888378 0.289109409421841 2.33050417084752 
1.51669892623082 6.47927705750379 1.04390476846163 
5.20736512063979 2.55173101203784 1.75998740687011 
5.38802612701355 2.44877323104986 2.04622928698675 
6.19870689712193 5.78726989035245 1.3140060219747 
6.05785061009504 5.73032767050234 1.29181404037993 
2.79108398923856 0.684925570853475 1.2257548858637 
3.36107930878838 0.510163364799092 1.57778069273934 
1.71339559816158 6.20012065617368 1.15754938734939 
1.98522857372867 6.38510944581182 1.0979765290407 
6.46759537547781 0.437033572599883 2.33717615734279 
5.31700823611225 2.92331328356789 1.97160014254633 
5.44964433661912 2.69706998057724 2.17671437463576 
1.9250362912026 6.10294308946304 1.96208862074795 
2.02497649377062 6.17732266821491 1.96195341754823 
2.10471887171601 6.09427647359304 2.02863700049681 
2.01876718899795 6.00314355896731 2.04330439913299 
2.1518921945975 2.61189354276104 2.52208226811752 
2.09408530362069 2.88297140357917 2.90261020705254 
4.21271734815176 3.11895256858498 1.16345332990123 
3.66027189201394 3.37248047384489 1.33966037011 
3.96410874634197 3.10316690778445 1.04461612707066 
4.84871349355497 6.20008436630106 5.86388303481489 
4.84241888685678 6.02916770853617 5.59545004013904 
5.34924098601516 5.74605271450868 2.96183209195902 
5.56085841280806 5.7538616719387 2.78388046035736 
1.66235272596618 2.45647090738444 2.62938641162106 
1.63214501964889 2.64383245309216 2.89986248517446 
5.27216631395714 5.52615545928763 2.84857786365557 
5.45684167549649 5.51737546879758 2.68005195694412 
3.76392174575994 5.45968471359539 0.711476702045753 
3.96014069764881 5.36003978607618 1.14436635960721 
3.98391306165668 5.10342233492458 0.401235120214198 
6.3271606759236 3.04668915382333 2.85719006038072 
6.36119806565629 3.50344976148119 2.63612027826462 
6.53632389132666 5.57889731142671 1.79058498904658 
6.50367238143697 5.2660281155341 1.97099072208266 
2.65663089110844 4.48056374291242 2.10191307996566 
2.91609598560306 4.27052340521971 1.9223880622309 
2.46439322764966 4.59270997657952 1.64566079858362 
3.12823984941044 4.45237026645719 1.31252578493848 
2.8252768513079 4.30015756047604 1.58688601916556 
4.43790671387771 3.639409859567 1.53747536181673 
4.0988424097502 4.01300916784754 1.62026641509779 
2.39603616709374 4.93535727125655 1.49704394875481 
4.18811694042867 3.27471301530144 1.45932679565618 
3.79676933189514 3.43263169214825 1.50726639888616 
3.33638877992667 3.2478433315187 2.03268936135654 
2.59660389903675 4.39088923114628 3.01952117083089 
3.09857758566005 4.38102002666492 3.09778702443499 
4.62956296200568 5.60139753515762 1.28573024954638 
3.09608913699591 3.128808582026 1.84210569084669 
2.80980290924047 3.36688164741559 1.90494781131455 
3.25100456505518 3.44627816804505 2.18426454358821 
2.89609351580861 3.53952576645171 2.10561112553054 
2.00303027898094 4.09875276840258 1.31323057871031 
2.17711441816992 4.55535487346973 1.56145529054073 
4.13564301406992 5.66193926790433 1.23609260829158 
4.04191629412242 5.78789215281265 1.58911663477727 
2.91264306685048 3.9199585283801 3.33722169548957 
2.66438449900451 3.93577865974556 3.28660280825535 
1.69917649518206 4.35193379750401 1.95631729726675 
1.59771971770299 4.103554736152 1.76291704678631 
4.21367757543706 4.36579067845602 1.28789338809914 
4.22038102081199 4.33512019408116 0.763212532359477 
5.91430373765391 6.37714988020897 2.47197412265147 
5.88538342119613 6.38686763792083 2.2299276176164 
5.63356791553867 6.24165904609135 2.49231357919292 
5.61649715132362 6.25835616219155 2.23991606433938 
4.38305451002634 4.77628684015393 1.06158908876294 
4.36588332053324 4.68727461650677 0.74552159914376 
3.6588188810432 5.36555378952179 2.65766177077417 
3.35972826006785 5.59979136426405 2.58810323567413 
5.6035849804424 4.47839917178131 6.1361541706755 
5.49708310596242 4.32757047600815 6.55303974748088 
5.63916878153911 4.13236034442258 6.534619082402 
5.76974814060109 4.16232384037793 6.2275520689577 
4.92445745450665 5.37770712126689 1.93415629331701 
4.45628222996708 5.43803944162003 2.26040435341579 
4.70557116790872 5.72975216575093 1.6374306026154 
4.39247349161433 5.82040954125576 1.81914032938532 
5.82761581032586 5.87023269683735 6.54002259650413 
3.53020644581342 5.2418027575577 2.28882725210428 
3.31352113605411 5.42867869264734 2.2621075575811 
2.94607153582407 4.82520215792696 1.08220995574254 
2.56392737040467 5.03538778382285 1.22666543819745 
6.04069922076369 6.00721472343951 6.0471641287308 
6.10843299281357 5.62840172846705 5.94279536726889 
2.86184960365952 5.39272032177751 1.22203857532704 
3.14586549269877 5.21932576558854 1.11616603659509 
5.65294418961058 5.27992588873062 6.57051515661529 
5.70316288292568 5.07973324855011 6.23008372997736 
5.87755892552707 5.43346168108006 6.55688349960014 
6.00714207197334 5.32272540672342 6.26723229761929 
0.84926051831033 5.40041096564092 2.42348233413174 
1.28179435794527 5.1804744754625 2.67099906246619 
0.363522261438244 2.44297997796012 2.73233949700651 
0.344071732056918 2.07880718293537 2.93865750212863 
0.294275417809282 5.07229289375929 2.87372586237799 
0.400289717609795 2.63943729587657 3.22386604169822 
0.383245197628906 2.40650283000092 3.37795510093005 
6.36950630444454 4.75973708806349 2.98128545805334 
6.60033778513578 4.42420848830958 2.85452015232845 
6.2278059745321 4.5848340131897 3.44374717776081 
0.485565587040408 4.82201283317109 3.07865810362707 
0.957810226218786 4.80119478285979 3.04263549503088 
0.581922224734929 4.86740230792045 3.50983709121993 
0.969281473977493 4.83949845030261 3.43170866390892 
6.10376569872721 4.03606109403502 3.45422932209346 
1.17638449794233 6.71989323593954 3.05164619949234 
6.610078848809 4.23237552282687 3.03066270111782 
6.38421221223813 4.29062056367607 3.42308175361605 
5.99894256389684 3.66046757283369 3.00460708944396 
6.25714113443432 3.69523697690764 2.70390508790845 
0.912045790553883 6.2217997010061 2.84463809525796 
0.948729648848936 6.5977192188862 2.80636438548209 
1.52978383573625 5.7542350390125 3.01468040227953 
1.86224526693879 6.25650394407902 3.2696892746692 
1.11391450438217 6.1295179815639 3.13807380687627 
1.28807019201662 6.42175582614473 3.26178702732256 
6.69212020553632 2.91780271247859 3.58704932735112 
6.71220854650423 2.65461974268758 3.74156093229384 
6.66749045412528 2.80500025851244 3.99034654519673 
6.64306701228918 3.0628284159423 3.84654485320206 
2.50525443099075 1.13428400298567 6.87220960687897 
2.90936530658913 0.818797726259836 6.99691117810886 
2.7815016512225 1.14350722675243 6.96982023809104 
2.6027951770912 0.57138476134821 6.90002919132035 
2.38341114857752 0.739414375532782 6.82409975114978 
5.96331871701476 1.74237801939052 6.69322007214336 
6.11606005348322 1.89960712434987 6.50376485561648 
5.68833950560743 1.82888325556552 6.53648544616679 
5.86530548378586 1.99339480483812 6.32595655003517 
1.437309371879 4.60998793602902 2.5587414576584 
1.67409437927955 4.4154293079401 2.68646800045721 
1.14940583740053 4.4529471355841 2.82165226162825 
1.37145265045277 4.21435471226791 2.98458666208341 
5.14296803462941 2.386736909842 6.82351650301897 
4.87489492186917 2.32392641161288 6.82114148227711 
5.20572969288157 2.17709099361853 6.88770586491314 
4.95867320031284 2.10526436585807 6.88399218699473 
6.38736884446676 0.468847351656417 3.78262225420866 
6.5298741643466 0.408303631180999 3.95897181874716 
0.584700760110063 3.54455232904231 4.23721939496239 
0.856663935153566 3.32473928726966 4.27650083553823 
0.812053471806021 3.03931248364352 4.35960959572749 
2.50534470687413 3.68180841984011 5.91521386552345 
2.78428610371578 3.74009301177003 5.5304603909049 
2.52165758454781 4.03998980195659 6.01740516119309 
2.74885973030035 4.15922172955584 5.716976210873 
4.36445864474558 3.82734562721884 0.281261897279981 
4.50371444438877 3.94395086141202 0.473487567628332 
4.40287529744979 3.60816501542134 0.333306082995136 
4.59285486559417 3.64997010181258 0.572739456246229 
4.29329202814451 4.19087735929877 6.40954683608446 
4.24925061414791 4.056467598945 6.17173186290957 
3.90369160361825 3.98242946697204 6.13287967762901 
3.69333725465511 4.12868036813003 6.4330961432892 
3.86070877058127 4.24838591811445 6.59046394003411 
4.30011234582348 1.50412926096969 5.93604873431711 
4.05120048587936 1.99541437136818 6.12374068399914 
3.99757161351383 1.65113453513221 6.03943582170628 
2.24762787682384 2.89685850417919 6.28930950646784 
4.71990290560374 1.88556176355704 5.64998741192534 
4.52832641097967 2.21633575545028 5.88303810660726 
4.53490856752121 1.70339166617984 5.97386350053356 
4.42686909008363 2.0420310162512 6.08782596672975 
2.75651196290033 3.37105182720373 6.45173606172088 
2.67309186365277 3.3137766883272 6.2033167255123 
3.45655389475207 2.3379070238609 5.55594279710806 
3.26910553735482 2.48202697721029 5.72751298080904 
3.64722529363042 2.42398498682162 5.72609612129451 
3.47032640469778 2.55317748074533 5.87432236185588 
POLYGONS 1609 9856
4 1 606 636 836 
5 548 622 1 836 1381 
6 0 419 1354 1381 836 636 
5 387 597 866 887 920 
5 2 573 715 387 920 
6 387 597 1236 1240 1241 715 
4 2 824 887 920 
6 2 573 941 1031 823 824 
5 1031 1032 1378 1383 823 
6 823 824 887 866 1652 1383 
5 1236 1240 1032 1378 1651 
6 3 5 382 549 6 4 
5 3 5 730 1122 1121 
4 4 3 1121 974 
4 981 982 1172 867 
5 7 404 895 1053 877 
5 382 549 1167 1053 877 
5 5 382 877 7 730 
6 6 4 974 975 981 982 
6 867 894 403 898 975 981 
6 403 404 7 730 1122 898 
5 6 549 1167 1172 982 
5 12 11 1536 1532 747 
6 12 747 1184 1198 8 798 
5 8 9 1237 1238 798 
5 13 442 864 863 469 
5 8 9 443 10 1198 
6 442 443 9 1237 1214 13 
6 863 864 10 1198 1184 411 
5 411 863 469 1536 1532 
5 12 11 1215 1238 798 
4 442 443 10 864 
4 411 1184 747 1532 
6 13 469 1536 11 1215 1214 
4 421 722 16 1677 
5 421 722 15 1390 1389 
5 14 1672 1674 1668 1679 
6 421 1389 1669 1668 1679 1677 
6 14 1101 1103 1156 1671 1672 
6 14 1101 1150 16 1677 1679 
5 17 1149 1103 1156 1189 
6 15 17 1149 1150 16 722 
5 15 17 1189 1289 1390 
5 18 463 611 1242 1243 
5 20 391 18 1243 1267 
5 22 21 19 1145 661 
5 23 25 1258 1262 24 
6 490 646 1481 26 1263 1259 
5 25 1171 490 1259 1258 
6 1262 1263 26 1604 1607 24 
4 31 726 451 1556 
4 524 525 30 1557 
7 27 28 30 1557 1556 451 452 
5 27 452 727 33 1066 
6 29 28 27 1066 1580 1579 
4 29 28 30 525 
6 560 561 31 1556 1557 524 
6 524 525 29 1579 1590 560 
6 32 33 727 726 31 561 
5 560 561 32 1591 1590 
5 32 33 1066 1580 1591 
6 36 528 627 626 784 783 
5 34 35 626 784 447 
5 36 497 609 446 783 
4 37 40 856 1662 
5 856 857 1396 1663 1662 
6 37 40 1582 1581 39 588 
5 37 588 959 1663 1662 
6 856 857 1429 1583 1582 40 
6 857 1396 38 1401 1446 1429 
5 1136 1137 1404 1401 38 
6 959 1093 1136 38 1396 1663 
5 39 588 959 1093 1092 
7 39 1092 1137 1404 1447 1584 1581 
6 1536 1537 915 1585 1586 11 
6 719 915 1537 1533 1575 1576 
5 649 719 915 1585 1587 
5 44 45 649 719 1576 
6 43 42 12 11 1586 1588 
5 41 44 1576 1575 748 
5 45 43 1588 1587 649 
5 42 12 747 748 41 
5 42 41 44 45 43 
5 524 560 1463 1416 753 
6 29 525 1117 1043 1214 1237 
5 560 1463 1474 444 1590 
5 753 1118 1194 1443 1416 
5 444 660 1038 1442 1474 
6 444 660 1215 1238 1579 1590 
4 1237 1238 1579 29 
6 47 1168 1444 1614 1612 1606 
5 46 390 1180 1123 1106 
5 49 1179 1227 1614 1444 
6 46 48 942 1609 1611 1106 
6 51 50 1466 669 1295 1311 
5 50 52 53 1464 1466 
5 51 50 52 1002 1003 
5 51 1003 1507 1513 1311 
5 54 46 1106 55 410 
5 46 48 802 412 54 
5 54 410 863 411 412 
4 57 56 1609 942 
6 56 58 470 59 1611 1609 
6 56 58 1537 1533 803 57 
5 802 803 57 942 48 
6 55 59 470 469 863 410 
4 55 59 1611 1106 
6 411 412 802 803 1533 1532 
5 469 470 58 1537 1536 
6 60 61 1374 1375 1042 1041 
6 62 61 1374 1418 538 65 
4 1042 1286 1371 1375 
4 63 64 1142 1185 
6 424 425 750 749 1480 67 
6 67 68 1270 928 782 424 
4 67 68 1489 1480 
5 66 605 1636 1632 804 
6 66 605 750 425 1202 1203 
5 749 1480 1489 1633 1635 
6 1270 1271 1634 1633 1489 68 
5 804 950 1271 1634 1632 
5 66 804 950 927 1203 
4 69 71 773 1509 
5 70 72 585 584 73 
6 72 585 776 777 657 656 
6 76 80 77 74 752 751 
4 76 751 1068 1067 
4 77 74 81 78 
5 81 74 752 510 509 
6 79 510 752 751 1068 977 
6 76 80 540 889 1017 1067 
5 78 81 509 471 75 
5 79 445 471 509 510 
5 445 471 75 539 738 
6 78 75 539 540 80 77 
6 79 445 738 888 1016 977 
5 884 1168 47 1441 1453 
5 557 1469 1622 1626 1624 
5 47 1441 1468 1602 1606 
5 884 885 1626 1622 1453 
6 82 1046 1603 1613 1615 1419 
4 82 1046 557 1624 
6 82 1419 1445 885 1626 1624 
5 84 88 87 85 86 
6 89 88 84 1051 1603 1602 
4 86 84 1051 1641 
5 1132 1210 1612 1613 1643 
6 85 86 1641 1643 1132 90 
5 1051 1603 1613 1643 1641 
5 87 85 90 83 92 
5 92 83 1024 1023 91 
5 83 90 1132 1210 1024 
5 91 89 1602 1606 1023 
5 88 87 92 91 89 
5 413 464 969 904 642 
5 904 905 1253 1252 969 
5 950 951 1089 1090 927 
5 928 1270 1350 1669 1389 
6 395 958 951 1089 1678 1680 
5 927 928 1389 421 1090 
5 395 1327 1668 1679 1680 
5 93 803 1533 1575 1573 
6 63 94 412 411 1184 1185 
6 653 654 919 1388 1030 97 
6 97 653 95 1044 1200 1230 
5 96 98 465 1483 1484 
6 100 448 631 1329 1275 769 
6 497 609 736 1162 1301 1300 
5 677 768 1301 1162 1161 
7 99 475 446 783 600 1412 1430 
4 600 631 1329 1412 
5 36 448 631 600 783 
4 446 475 736 609 
5 99 475 736 1162 1161 
5 677 1161 99 1430 1292 
5 768 769 1275 1292 677 
5 768 769 100 1300 1301 
5 36 448 100 1300 497 
7 103 101 657 656 102 713 714 
5 689 714 103 1514 1219 
6 1427 1448 1645 1647 1639 1640 
4 104 456 904 642 
6 460 461 1438 1434 1225 1207 
5 105 106 732 1538 1282 
5 514 911 1540 1538 1282 
4 514 852 1283 1282 
6 576 577 107 1283 852 851 
6 1282 1283 107 1363 1391 105 
5 109 108 1424 1425 1074 
5 110 910 1460 1461 1216 
6 110 841 956 713 1217 1216 
5 102 109 1074 1217 713 
5 111 114 458 931 765 
5 111 71 773 112 114 
6 113 69 71 111 765 883 
5 695 696 943 1251 1345 
6 458 696 943 705 882 931 
5 705 708 1250 1251 943 
6 112 695 1345 1516 1509 773 
5 529 882 931 765 883 
5 112 114 458 696 695 
7 113 69 1509 1516 1250 708 707 
4 113 707 529 883 
5 707 708 705 882 529 
4 116 826 1653 849 
4 115 501 389 1130 
6 115 116 849 1303 1302 1130 
5 115 116 826 117 501 
5 117 501 389 739 740 
4 119 120 401 1563 
5 119 118 995 1382 120 
6 119 118 1549 1547 1564 1563 
4 687 844 701 1306 
6 120 401 1305 548 1381 1382 
6 548 622 702 701 1306 1305 
5 1 622 702 430 629 
5 430 629 766 1548 1592 
6 766 837 995 118 1549 1548 
5 1 629 766 837 836 
4 1547 1552 688 1564 
5 919 1328 1518 1426 1388 
5 1328 1351 1319 1508 1518 
6 97 1030 1080 1008 1034 1033 
4 653 654 917 602 
5 97 653 602 1027 1033 
6 121 780 917 602 1027 1028 
5 121 535 1319 1351 780 
5 121 535 574 122 1028 
6 654 917 780 1351 1328 919 
5 1027 1028 122 1034 1033 
5 535 574 1007 1508 1319 
5 122 574 1007 1008 1034 
6 1007 1008 1080 1426 1518 1508 
6 123 37 1662 1666 461 460 
4 123 37 588 589 
5 709 710 1665 1664 913 
5 123 460 1207 483 589 
5 710 1438 461 1666 1665 
6 124 126 1434 1438 710 709 
5 125 126 124 1119 1120 
5 124 709 913 1095 1119 
6 125 1120 1159 483 1207 1225 
4 125 126 1434 1225 
6 588 589 483 1159 1160 959 
5 397 886 1169 1061 1113 
5 1169 1170 945 1191 1061 
5 127 550 477 1112 1018 
6 128 127 1018 1190 659 759 
5 396 397 1113 1112 477 
5 944 945 1191 1190 659 
4 1041 1042 1209 1649 
5 1042 1209 1485 1352 1286 
4 1102 1140 1506 1543 
4 129 67 424 580 
5 659 944 610 966 1358 
6 966 967 831 1281 1360 1358 
5 554 637 851 576 698 
5 19 21 130 35 34 
6 945 1170 1450 1476 1208 1226 
5 132 131 987 1059 134 
5 805 806 809 134 1059 
4 133 619 1005 1108 
5 424 580 806 805 782 
7 782 805 1059 987 1005 1108 1202 
6 139 138 135 507 142 758 
5 135 136 1117 1118 507 
5 138 135 136 858 140 
5 141 137 139 758 1567 
6 30 525 1117 136 858 906 
4 137 140 138 139 
5 141 137 140 858 906 
4 142 507 1118 753 
5 141 906 30 1557 1567 
6 142 753 524 1557 1567 758 
6 143 144 618 463 18 628 
5 391 392 955 628 18 
6 8 145 516 608 1199 1198 
4 8 145 799 798 
5 42 12 798 799 733 
5 146 148 532 899 623 
5 147 149 537 899 532 
5 151 153 810 811 152 
5 151 153 542 150 724 
5 152 151 724 633 155 
6 156 155 152 811 1036 992 
5 491 543 692 1047 717 
5 150 154 491 543 542 
6 542 543 692 855 810 153 
5 150 154 634 633 724 
6 154 491 717 718 157 634 
5 156 155 633 634 157 
6 156 157 718 1048 991 992 
6 160 393 1336 1339 842 922 
4 159 158 163 162 
5 162 161 1415 1414 159 
4 160 393 778 518 
5 164 166 1559 914 1062 
5 164 165 1529 1528 166 
6 99 168 165 164 1062 1161 
6 433 434 480 914 1559 1555 
5 166 1528 1554 1555 1559 
6 1114 1246 433 1555 1554 1553 
5 1114 1431 167 1527 1553 
5 168 165 1529 1527 167 
5 434 480 677 1292 1247 
5 168 167 1431 1430 99 
6 172 169 87 85 978 1264 
5 1228 1264 172 1315 1316 
5 169 87 88 174 170 
6 401 1228 1264 978 1570 1563 
4 401 1228 1316 1305 
6 171 174 170 1276 1306 687 
5 169 170 1276 1315 172 
5 85 86 1569 1570 978 
6 86 84 173 688 1564 1569 
4 173 171 687 688 
5 173 171 174 88 84 
4 175 680 1146 1129 
5 1242 1266 1648 1647 1639 
5 579 662 935 666 667 
5 152 155 800 565 512 
5 177 176 151 152 512 
5 74 725 614 948 752 
5 176 151 724 725 614 
5 81 74 725 724 633 
5 509 510 179 565 800 
5 81 509 800 155 633 
5 179 178 177 512 565 
5 178 177 176 614 948 
5 179 178 948 752 510 
6 180 182 1243 1267 1673 1671 
5 181 184 1289 1667 552 
4 183 180 1671 1156 
6 183 180 182 541 645 819 
5 184 846 925 1189 1289 
5 183 819 925 1189 1156 
6 181 184 846 779 955 392 
5 391 392 181 552 20 
5 182 541 628 18 1243 
5 20 552 1667 1673 1267 
5 57 803 93 1086 1085 
6 29 28 1068 1067 9 1237 
5 27 28 1068 751 949 
6 76 185 145 8 9 1067 
6 76 185 808 807 949 751 
6 185 145 799 503 794 808 
5 795 807 949 27 1066 
6 798 799 503 1580 1579 1238 
5 794 795 1066 1580 503 
5 647 913 1664 1397 1304 
6 186 647 913 709 1657 1655 
5 186 647 1304 1420 1421 
5 479 710 1665 1148 1147 
6 479 1147 1675 1676 1654 1656 
5 186 1421 1676 1654 1655 
6 1368 1380 1148 1665 1664 1397 
5 190 415 1279 562 924 
5 187 188 415 1279 1277 
7 103 562 1279 1277 189 1515 1514 
6 103 101 1154 1153 924 562 
5 191 54 410 743 663 
6 193 191 663 1004 762 484 
5 193 191 54 412 94 
5 194 192 762 1004 1021 
5 742 743 663 1004 1021 
6 64 484 762 192 1199 1142 
5 194 192 1199 1198 10 
5 63 94 193 484 64 
5 194 10 864 742 1021 
6 195 690 890 693 1261 1064 
5 1064 1065 1656 1654 195 
5 195 690 1670 1676 1654 
5 196 479 1656 1065 980 
6 197 198 865 835 947 1054 
5 1042 1209 1372 1081 1375 
5 384 834 1392 1405 1650 
5 834 947 1054 1393 1392 
6 60 1041 1649 1650 1405 1406 
6 60 61 197 1054 1393 1406 
5 198 865 1081 1375 1374 
4 197 198 1374 61 
6 384 1362 1372 1209 1649 1650 
6 199 200 1276 170 705 708 
6 678 679 414 1465 1467 590 
7 414 486 1087 946 53 1464 1465 
5 204 201 678 590 582 
5 201 202 587 679 678 
5 204 201 202 206 205 
4 486 586 1088 1087 
6 206 202 587 586 1088 953 
5 414 486 586 587 679 
6 50 52 203 205 204 582 
5 50 582 590 1467 1466 
5 52 203 952 946 53 
5 205 206 953 952 203 
5 208 212 214 213 207 
7 207 208 209 210 1503 1505 1411 
5 213 207 1411 1410 211 
5 213 211 651 523 214 
6 643 651 211 1410 1379 1135 
5 100 215 984 988 769 
5 983 1121 3 1312 1157 
6 215 216 1174 1157 983 984 
5 415 416 217 1280 1279 
6 5 217 1280 1301 768 730 
5 187 188 616 1174 216 
6 216 187 1277 1300 100 215 
5 415 416 1320 616 188 
6 5 217 416 1320 1312 3 
5 219 417 559 393 778 
5 218 219 417 418 1239 
6 417 418 872 1218 1248 559 
4 68 859 1350 1270 
5 566 689 1219 1220 737 
4 566 689 957 1254 
5 643 644 908 907 1135 
4 671 907 1135 1379 
4 211 222 1151 1410 
6 468 671 1379 1410 1151 1152 
5 221 222 211 651 652 
6 223 220 221 652 644 908 
5 220 221 222 1151 1152 
5 223 468 671 907 908 
4 223 220 1152 468 
6 493 494 224 1291 1290 1178 
5 78 81 633 634 571 
6 77 78 571 570 1190 1018 
5 659 1190 570 1359 1358 
6 77 74 725 754 127 1018 
7 150 154 1361 1360 759 128 755 
4 128 127 754 755 
6 570 571 634 154 1361 1359 
5 724 725 754 755 150 
5 614 630 853 754 725 
5 176 614 630 225 1186 
5 176 151 153 1014 1186 
6 226 394 828 1521 1522 505 
4 695 828 1521 1345 
5 776 777 1154 1153 1366 
5 227 662 579 1273 1231 
5 97 1033 227 1231 1230 
5 602 653 95 1012 972 
5 969 1012 95 1044 1252 
6 456 513 972 1012 969 904 
5 456 513 936 935 666 
5 513 936 1027 602 972 
6 227 662 935 936 1027 1033 
6 579 667 905 1253 1272 1273 
5 781 845 875 228 918 
5 780 781 845 1352 1351 
6 93 1086 1102 1140 1574 1573 
4 89 467 1468 1602 
5 229 231 107 1363 1045 
5 230 229 231 232 734 
4 189 498 1223 1515 
5 232 231 107 577 426 
5 234 233 235 847 848 
4 1089 1399 1409 1678 
6 1399 1402 1670 1676 1421 1409 
5 951 1011 1402 1399 1089 
5 395 1233 1368 1420 1680 
6 240 236 603 604 1458 1234 
4 236 603 1077 1022 
5 240 236 1022 1021 742 
6 238 237 664 663 743 553 
4 237 239 492 664 
5 238 237 239 604 1458 
6 239 492 1078 1077 603 604 
4 238 553 1234 1458 
5 742 743 553 1234 240 
7 446 447 1146 1129 422 476 475 
5 19 34 447 1146 1145 
6 54 46 390 242 243 191 
5 193 191 243 241 244 
4 245 134 132 1158 
7 537 538 892 245 1158 1175 149 
5 245 134 809 581 892 
5 246 65 538 892 581 
5 477 478 516 608 396 
4 251 250 933 813 
7 250 252 26 1604 1605 248 933 
5 248 247 249 813 933 
6 251 813 249 861 1535 1534 
5 247 249 861 862 641 
5 248 247 641 1608 1605 
5 861 862 24 1262 1535 
5 250 252 1107 1534 251 
5 641 862 24 1607 1608 
4 252 26 1263 1107 
5 136 253 398 1043 1117 
4 13 398 1043 1214 
4 9 443 1017 1067 
5 13 398 253 703 442 
5 28 30 906 977 1068 
5 136 253 703 909 858 
6 218 254 638 639 1204 1239 
5 736 737 566 1205 1162 
6 1205 1206 682 1245 1254 566 
5 420 870 682 1245 1244 
5 99 168 786 476 475 
4 168 165 785 786 
5 164 165 785 420 870 
5 682 870 164 1062 1206 
7 785 786 476 1115 1255 1244 420 
5 260 256 259 921 821 
6 259 255 388 387 920 921 
4 258 2 573 441 
5 595 596 1642 726 31 
6 255 257 596 1642 1644 388 
4 387 388 1644 715 
4 259 255 257 256 
7 441 451 726 1642 1644 715 573 
6 258 2 920 921 821 1568 
5 260 256 257 596 595 
6 31 595 260 821 1568 1556 
5 258 441 451 1556 1568 
6 261 717 1047 815 1163 1164 
4 261 717 491 1310 
6 262 1063 1164 261 1310 1309 
5 109 72 585 263 1074 
5 108 760 466 1423 1424 
5 70 72 109 108 760 
6 98 73 70 760 466 465 
5 96 584 585 263 1484 
5 465 466 1423 1422 1483 
6 263 1074 1425 1422 1483 1484 
4 96 98 73 584 
6 140 711 770 763 909 858 
5 438 763 770 264 839 
5 265 264 770 711 712 
5 79 266 141 906 977 
5 141 137 793 1201 266 
6 137 140 711 712 792 793 
5 265 648 1367 792 712 
6 445 738 838 648 1367 1394 
5 79 266 1201 1394 445 
5 265 264 839 838 648 
5 438 763 909 1016 888 
4 840 1212 1181 1235 
5 996 1138 620 1386 1353 
5 620 621 385 954 1386 
5 267 385 621 840 1235 
6 267 1235 1181 1505 1503 1616 
5 1332 1353 996 1504 1502 
6 996 1138 1212 1181 1505 1504 
5 1332 1353 1386 954 1620 
5 267 385 954 1620 1616 
6 428 429 997 1674 1668 1327 
5 268 422 1129 175 563 
6 550 551 854 853 754 127 
5 614 630 807 949 948 
6 76 185 478 477 1112 80 
5 185 478 551 854 808 
4 80 77 1018 1112 
5 122 626 784 601 1028 
6 600 601 1028 121 632 631 
5 448 449 269 528 36 
5 269 528 627 575 536 
6 269 449 632 121 535 536 
5 574 575 627 626 122 
6 270 386 1486 1488 670 1356 
6 159 158 271 1601 1599 774 
5 159 774 1581 1584 1414 
5 272 817 1513 1311 1073 
5 817 1165 1433 1512 1513 
5 273 51 50 582 583 
5 273 583 572 613 612 
4 669 670 1488 1295 
5 270 386 613 572 427 
5 270 427 591 1357 1356 
4 590 591 1357 1467 
5 273 51 1311 1073 612 
5 612 613 386 1486 1073 
6 669 670 1356 1357 1467 1466 
5 1100 1155 1178 493 1187 
5 66 804 1131 1100 1155 
6 190 274 771 1348 1318 924 
6 527 771 1348 1347 1436 1454 
4 274 275 527 771 
5 226 505 450 684 1037 
5 276 278 180 182 277 
5 276 278 521 1448 1427 
4 277 276 1427 1640 
6 182 277 1640 1639 1242 1243 
4 522 997 1674 1672 
6 521 522 997 1646 1645 1448 
6 278 180 1671 1672 522 521 
5 435 436 272 1073 612 
5 612 613 279 1143 435 
5 280 283 923 282 1330 
4 282 843 1317 1330 
6 842 843 1317 281 1340 1339 
6 280 728 1249 281 1317 1330 
5 1248 1249 281 1340 1337 
5 160 473 283 923 922 
5 160 393 559 729 473 
5 842 843 282 923 922 
5 280 283 473 729 728 
5 693 694 281 1249 1261 
5 472 567 869 1133 1395 
5 567 801 1031 823 869 
6 258 266 79 510 179 441 
5 179 441 573 941 565 
6 471 472 567 801 800 509 
6 258 266 1201 1134 824 2 
6 284 741 1058 1629 1628 1326 
5 741 875 1183 1211 1058 
6 530 531 284 741 875 228 
4 284 531 1541 1326 
5 938 939 285 980 196 
5 200 439 701 1306 1276 
5 285 872 1218 1260 980 
5 106 732 1597 1596 757 
5 286 439 701 844 756 
5 731 732 1597 1592 430 
4 547 716 639 1204 
5 287 199 708 1250 624 
5 400 534 546 547 716 
4 288 1422 1483 1490 
5 254 638 1163 815 816 
7 293 789 1114 1431 1413 1510 1519 
6 289 290 1510 1519 587 679 
5 481 482 678 679 289 
5 291 453 1550 1553 1527 
5 292 290 289 481 564 
4 292 290 1510 1413 
5 291 453 201 678 482 
4 789 1114 1553 1550 
4 293 202 587 1519 
6 481 482 291 1527 167 564 
6 293 202 201 453 1550 789 
5 167 564 292 1413 1431 
5 144 558 964 896 618 
5 555 1075 1173 1134 1133 
5 792 793 867 981 295 
6 295 296 1487 1501 1367 792 
5 555 1133 1395 1500 1499 
5 296 294 635 1498 1487 
6 294 635 1075 1173 1172 982 
5 635 1075 555 1499 1498 
5 296 294 982 981 295 
6 793 867 1172 1173 1134 1201 
5 471 472 408 683 75 
6 408 472 1395 1500 1655 1657 
5 124 683 408 1657 709 
4 1500 1501 186 1655 
5 647 648 1367 1501 186 
5 539 738 838 1095 1119 
5 75 539 1119 124 683 
5 647 648 838 1095 913 
6 299 297 640 300 495 496 
4 301 300 640 1139 
5 299 297 674 673 298 
6 297 640 1139 1138 620 674 
5 673 674 620 1386 1387 
6 298 303 1094 1364 1387 673 
5 299 298 303 302 496 
5 672 996 1353 1365 1125 
5 301 300 495 1057 1056 
6 1056 1057 304 1126 1125 672 
6 672 996 1138 1139 301 1056 
5 302 303 1094 1126 304 
5 302 304 1057 495 496 
6 120 401 1228 1229 1193 1177 
5 1176 1177 120 1382 1355 
6 444 660 1586 1588 1566 829 
6 767 1475 830 1539 1577 1571 
4 454 665 767 1571 
5 665 767 1475 1474 1442 
6 305 454 665 1442 1038 515 
5 305 306 1577 1571 454 
6 306 930 1558 1565 1539 1577 
5 829 830 1539 1565 1566 
5 305 306 930 937 515 
6 4 3 1312 1313 1069 1070 
5 307 308 974 1121 983 
6 245 134 1059 1060 308 307 
5 307 245 1158 1157 983 
5 308 974 4 1070 1060 
4 131 987 1069 1313 
6 132 131 1313 1312 1157 1158 
5 493 494 1344 309 1187 
5 309 310 1141 1343 1344 
5 313 1091 1437 1455 1296 
6 233 235 986 312 594 825 
7 312 594 1437 1455 311 1471 1470 
6 235 847 1019 1472 1462 986 
4 594 825 1091 1437 
5 311 462 1009 1473 1471 
4 312 986 1462 1470 
5 311 462 1297 1296 1455 
6 313 234 848 820 1297 1296 
5 313 234 233 825 1091 
5 462 1009 1020 820 1297 
5 468 1056 301 1104 1152 
6 399 615 1151 1410 1411 1182 
5 671 672 996 1504 1379 
6 399 615 1104 301 1139 1213 
4 789 790 796 293 
5 206 202 293 796 797 
5 204 305 454 453 201 
5 204 205 314 515 305 
5 314 515 1038 1195 685 
6 789 790 1194 1443 1551 1550 
5 205 314 685 797 206 
6 796 797 685 1195 1194 790 
5 900 1098 1116 1029 1477 
4 483 589 1098 900 
6 514 852 1143 279 912 911 
6 483 900 1477 1476 1208 1207 
5 315 316 785 165 1529 
6 315 636 836 837 1528 1529 
4 166 995 837 1528 
4 0 316 315 636 
6 164 166 995 1382 1355 870 
5 0 316 785 420 419 
4 317 399 615 1256 
5 38 1136 317 1256 1288 
4 318 1288 38 1401 
5 213 207 1459 1137 1404 
6 317 399 1182 1459 1137 1136 
6 318 222 1151 615 1256 1288 
6 318 222 211 213 1404 1401 
4 1182 1411 207 1459 
4 109 72 656 102 
5 319 214 212 161 1415 
5 319 320 321 523 214 
5 286 287 199 200 439 
4 171 174 943 1251 
4 170 174 943 705 
7 171 687 844 756 624 1250 1251 
4 286 287 624 756 
6 314 323 58 470 686 685 
4 323 58 56 322 
5 59 267 385 686 470 
5 59 267 1616 1619 1611 
6 206 797 954 1620 1621 953 
6 322 56 1609 1610 952 203 
5 952 953 1621 1618 1610 
5 314 323 322 203 205 
6 722 723 873 655 1090 421 
4 499 655 873 706 
5 294 635 706 873 723 
6 296 16 1677 1678 1409 1487 
5 296 294 723 722 16 
5 1399 1400 1498 1487 1409 
5 499 706 635 1498 1400 
5 105 106 757 998 1391 
5 1538 1539 830 1597 732 
5 1282 1283 1565 1539 1538 
5 231 107 1283 1565 1566 
6 229 231 1566 829 440 407 
5 229 407 704 999 1045 
6 704 735 1596 757 998 999 
5 288 1422 1425 1461 1496 
6 402 700 1331 1334 1141 1343 
4 324 500 1048 991 
5 325 499 655 326 1196 
5 325 499 1400 1403 578 
5 66 1155 1232 1109 1203 
6 326 655 1090 927 1203 1109 
6 578 1100 1131 1011 1402 1403 
6 325 578 1100 1155 1232 1196 
4 326 1109 1232 1196 
5 690 788 1403 1402 1670 
5 309 310 891 787 327 
5 309 327 578 1100 1187 
5 327 578 1403 788 787 
6 332 329 389 1130 1472 1019 
5 544 545 835 947 1039 
5 329 330 328 739 389 
4 332 329 330 331 
4 52 203 322 1002 
6 273 51 1003 916 937 930 
5 323 322 1002 1003 916 
5 314 323 916 937 515 
4 273 583 306 930 
5 305 306 583 582 204 
6 247 641 1303 1302 1462 1470 
6 248 247 1470 312 431 432 
6 382 511 772 1026 1127 549 
5 511 772 814 1377 1376 
6 1376 1377 251 1534 1525 878 
4 813 814 1377 251 
5 249 861 1369 1128 1025 
6 1096 1341 1369 861 1535 1526 
6 813 814 772 1026 1025 249 
6 877 878 1525 1526 1096 1053 
7 325 499 706 903 115 501 502 
6 332 329 502 325 1196 1197 
6 902 903 115 1130 1472 1473 
5 333 874 902 1473 1009 
4 1019 1020 1197 332 
6 326 333 1009 1020 1197 1196 
4 329 389 501 502 
5 326 333 874 873 655 
5 541 645 197 1054 1055 
4 541 628 143 1055 
6 62 61 197 645 779 334 
5 335 492 239 775 1099 
6 335 383 901 900 1098 1099 
5 239 604 1092 39 775 
6 337 603 1077 336 1159 1160 
4 335 383 1078 492 
4 337 1093 959 1160 
5 900 901 336 1159 483 
5 383 901 336 1077 1078 
6 588 589 1098 1099 775 39 
5 603 604 1092 1093 337 
5 303 1094 1314 1329 1275 
5 298 303 1275 1292 1247 
5 338 673 298 1247 1246 
5 338 673 1387 796 790 
6 293 796 1387 1364 1520 1519 
5 789 790 338 1246 1114 
4 154 491 1310 1361 
5 133 619 1278 1000 1001 
5 44 339 994 1574 1576 
6 339 340 526 1166 993 994 
4 44 339 340 45 
5 45 340 526 818 649 
6 649 719 1507 1513 817 818 
5 1165 1166 993 1432 1433 
5 592 593 263 1484 1478 
6 263 585 776 1366 1384 593 
4 341 345 344 343 
6 242 345 341 1105 1180 390 
6 992 1036 49 1179 1457 1452 
6 342 324 991 992 1452 1451 
6 142 507 338 1246 433 517 
5 338 507 1118 1194 790 
4 433 517 1561 1555 
5 142 517 1561 1416 753 
6 1416 1443 1551 1554 1555 1561 
6 722 723 961 1070 1060 15 
5 782 805 1390 1389 928 
5 1059 1060 15 1390 805 
5 333 874 960 976 1006 
6 326 333 1006 1005 1108 1109 
5 873 874 960 961 723 
5 457 658 932 346 697 
5 413 414 486 485 464 
7 336 879 1061 1169 1495 1531 901 
4 336 879 1120 1159 
5 879 1061 1191 125 1120 
5 945 1191 125 1225 1226 
6 319 320 1428 1449 1446 1447 
5 1414 1415 319 1447 1584 
5 450 684 533 720 721 
4 190 274 416 415 
5 274 275 1321 1320 416 
6 225 533 720 795 807 630 
5 682 746 110 841 1245 
5 110 746 1176 1083 910 
5 682 746 1176 1355 870 
5 820 832 1000 1278 1297 
5 347 810 153 1014 1015 
5 311 868 1026 1025 1471 
5 311 462 1006 976 868 
5 902 1128 1025 1471 1473 
4 462 1006 333 1009 
5 874 902 1128 1127 960 
5 960 976 868 1026 1127 
6 139 138 297 299 403 894 
5 297 138 140 711 640 
5 137 139 894 867 793 
4 348 295 792 712 
6 348 349 617 975 981 295 
6 300 349 348 712 711 640 
4 299 403 898 496 
4 300 349 617 495 
5 284 741 970 1125 1365 
5 284 1326 1332 1353 1365 
6 907 1082 1058 1629 1630 1135 
6 671 672 1125 970 1082 907 
4 741 970 1082 1058 
6 350 423 985 812 610 966 
5 350 546 534 967 966 
5 352 728 1249 1261 1064 
5 569 787 891 1334 1331 
6 280 761 827 569 1331 1330 
4 281 694 1335 1317 
4 195 690 788 871 
6 787 788 871 556 827 569 
6 352 351 556 871 195 1064 
5 352 351 761 280 728 
4 351 556 827 761 
4 355 356 989 876 
5 354 355 876 353 508 
6 256 259 1526 1525 668 474 
6 259 255 1258 1262 1535 1526 
5 353 474 668 989 876 
6 668 989 356 1107 1534 1525 
6 255 257 508 354 1259 1258 
6 355 356 1107 1263 1259 354 
5 256 257 508 353 474 
6 852 1143 435 1558 1565 1283 
5 435 612 273 930 1558 
5 911 912 357 1578 1540 
5 357 572 613 279 912 
6 357 572 583 306 1577 1578 
6 407 440 1591 1580 503 504 
5 32 437 735 440 1591 
6 407 504 455 721 1523 704 
4 360 359 358 1524 
6 358 437 735 704 1523 1524 
5 720 721 1523 1524 360 
6 33 359 360 720 795 1066 
5 359 358 437 32 33 
4 503 504 455 794 
5 328 402 700 740 739 
6 544 545 644 652 459 1110 
5 321 459 652 651 523 
4 225 533 1625 1186 
6 360 557 1624 1625 533 720 
5 27 452 178 948 949 
7 82 177 178 452 727 1052 1046 
6 177 176 1186 1625 1624 82 
4 33 359 1052 727 
5 360 359 1052 1046 557 
6 252 26 1481 1482 361 405 
6 361 405 675 592 1478 1491 
6 250 675 592 1324 1322 933 
4 248 432 1322 933 
4 250 252 405 675 
5 527 868 311 1455 1454 
7 275 527 868 976 1069 1313 1321 
6 1005 1006 462 1297 1278 619 
6 290 513 972 973 1511 1510 
5 292 290 513 936 681 
5 631 632 362 1314 1329 
5 601 681 936 1027 1028 
5 362 632 121 780 781 
6 362 781 918 973 1511 1314 
6 600 601 681 292 1413 1412 
6 535 536 146 623 1287 1319 
5 810 811 1445 885 347 
5 811 1036 49 1444 1445 
5 253 398 686 385 621 
6 136 253 621 620 674 135 
5 135 507 338 673 674 
5 1029 1049 833 1530 1477 
5 228 530 691 973 918 
6 309 327 502 329 330 1344 
5 328 330 1344 1343 402 
6 501 502 327 787 569 117 
5 117 569 1331 700 740 
4 310 891 1334 1141 
6 606 607 1658 1660 315 636 
6 363 194 10 443 1017 889 
6 194 192 397 1113 880 363 
4 185 145 516 478 
5 80 540 880 1113 1112 
4 540 880 363 889 
5 396 397 192 1199 608 
5 160 473 1451 342 518 
5 341 365 364 366 1105 
5 341 343 163 162 365 
4 364 208 209 366 
6 365 364 208 212 161 162 
5 283 473 1451 1456 506 
5 463 611 1097 896 618 
5 964 965 1111 1040 558 
5 143 144 558 1040 1055 
5 965 1111 277 1640 1638 
6 182 277 1111 1040 1055 541 
5 593 1221 1293 1318 1384 
5 263 593 1221 1217 1074 
5 562 924 1318 1293 1294 
4 101 657 777 1154 
4 103 562 1294 714 
6 713 714 1294 1293 1221 1217 
5 704 999 1338 1522 1523 
7 358 173 171 1251 1345 1521 1524 
5 358 173 688 1552 437 
5 215 216 147 532 367 
5 215 367 449 448 100 
5 269 148 532 367 449 
5 497 498 189 1277 1300 
5 236 438 839 337 603 
5 604 1092 1137 1459 1458 
6 317 264 839 337 1093 1136 
5 317 264 770 1213 399 
5 240 236 438 763 764 
5 240 764 840 1235 1234 
5 892 893 368 1418 538 
5 368 369 370 1417 1418 
6 368 369 984 983 307 893 
5 215 367 370 369 984 
5 147 149 1175 1174 216 
4 307 245 892 893 
5 367 370 1417 899 532 
5 408 409 568 567 472 
5 373 372 1072 409 568 
6 372 157 634 571 1071 1072 
5 78 75 683 1071 571 
5 371 373 568 567 801 
5 371 156 157 372 373 
5 156 155 800 801 371 
4 766 767 1475 1548 
5 1546 1549 118 1560 1562 
5 166 995 118 1560 1559 
7 766 767 665 1551 1554 1528 837 
5 519 520 227 1033 1034 
4 953 1088 1542 1621 
5 374 457 697 646 490 
5 374 90 1132 1171 490 
5 22 520 227 662 661 
5 22 21 130 519 520 
6 130 35 626 122 1034 519 
6 680 681 601 784 447 1146 
6 1490 1491 361 1492 1496 288 
6 346 932 1493 1492 361 1482 
5 179 178 452 451 441 
5 258 266 141 1567 1568 
5 409 568 352 1064 1065 
5 408 409 1065 1656 1657 
4 555 556 871 1499 
6 195 871 1499 1500 1655 1654 
5 352 351 869 567 568 
5 555 556 351 869 1133 
4 272 436 818 817 
5 915 916 1003 1507 719 
6 435 436 818 649 1587 1558 
4 915 916 937 1585 
6 375 243 241 791 598 599 
6 345 344 650 1595 599 375 
4 345 375 243 242 
5 376 357 1578 1572 1659 
5 607 1079 1572 1659 1658 
5 824 887 1342 1173 1134 
5 139 758 822 895 894 
6 821 822 895 1053 1096 921 
4 31 561 1545 595 
6 595 596 1569 1564 1547 1545 
6 359 358 173 84 1051 1052 
5 86 1569 596 1642 1641 
6 32 437 1552 1547 1545 561 
6 1293 1318 1348 814 1377 1407 
4 1323 1325 1385 1347 
6 251 250 675 1268 1407 1377 
7 813 814 1348 1347 1323 1322 933 
6 1216 1269 406 1492 1496 1461 
5 356 406 1269 990 989 
5 110 746 990 1269 1216 
6 355 356 406 1492 1493 487 
5 355 487 1193 1177 876 
5 910 1083 1192 1440 1460 
6 1192 1193 487 1493 1497 1440 
6 59 267 1235 1234 553 55 
6 442 703 764 240 742 864 
5 13 398 686 470 469 
5 253 621 840 764 703 
4 55 410 743 553 
5 340 526 554 698 699 
4 668 929 878 1525 
5 405 406 356 1107 252 
5 878 929 1188 1408 1376 
6 990 1188 1408 1407 1268 1269 
5 394 828 1469 1622 1623 
5 226 394 1623 1617 1037 
6 360 557 1469 828 1521 1524 
6 533 684 1037 1617 1627 1625 
5 450 505 1522 1523 721 
6 371 801 1031 1032 1457 1452 
5 152 512 1419 1445 811 
4 371 156 992 1452 
6 512 565 941 1241 1615 1419 
5 1179 1227 1240 1032 1457 
6 174 88 89 467 696 943 
4 774 775 39 1581 
4 774 775 1099 1599 
4 376 357 572 427 
4 291 482 1333 1661 
7 453 454 1571 1572 1659 1661 291 
6 376 427 591 1333 1661 1659 
5 590 591 1333 482 678 
6 879 880 363 1022 1077 336 
6 236 438 888 889 363 1022 
5 838 839 337 1160 1095 
6 539 540 880 879 1120 1119 
5 560 561 1545 1546 1463 
4 142 517 822 758 
6 821 822 517 1561 1562 260 
5 260 595 1545 1546 1562 
5 850 866 887 1342 1370 
5 351 761 1383 823 869 
5 849 850 1370 1076 116 
7 555 556 827 826 116 1076 1075 
4 244 241 791 1010 
4 363 194 1021 1022 
5 370 897 971 1371 1417 
5 845 971 1371 1286 1352 
5 362 781 845 971 897 
6 367 370 897 362 632 449 
4 269 148 146 536 
4 312 431 676 594 
5 210 1124 1619 1616 1503 
7 364 238 553 55 1106 1123 366 
6 364 208 207 1459 1458 238 
5 209 366 1123 1124 210 
4 405 406 1492 361 
4 230 229 407 504 
5 440 829 444 1590 1591 
5 43 42 733 734 232 
5 232 43 1588 1566 231 
4 11 1215 660 1586 
6 503 504 230 734 733 799 
5 353 119 120 1177 876 
5 353 119 1563 1570 508 
5 487 940 1265 1229 1193 
5 354 355 487 940 979 
5 354 508 1570 978 979 
5 374 457 658 940 979 
5 374 90 85 978 979 
6 715 1241 1615 1613 1643 1644 
6 25 388 1644 1643 1132 1171 
5 23 25 388 387 597 
5 1032 1378 506 1456 1457 
4 366 1105 1180 1123 
6 594 676 1323 1347 1436 1437 
6 320 321 459 276 1427 1428 
5 318 222 221 278 521 
5 278 221 652 459 276 
5 214 213 1404 1447 319 
6 318 521 1448 1449 1446 1401 
4 297 138 135 674 
5 285 939 968 962 963 
6 285 963 1072 409 1065 980 
6 196 479 710 1438 1439 938 
5 124 126 934 1071 683 
6 126 934 962 968 1435 1434 
6 168 167 564 563 268 786 
4 268 422 476 786 
6 563 564 292 681 680 175 
5 277 276 459 1110 1111 
5 1279 1280 1274 1294 562 
5 1162 1205 1274 1280 1301 
6 566 689 714 1294 1274 1205 
6 526 554 637 1144 436 818 
6 232 43 45 340 699 426 
6 23 24 862 850 866 597 
4 259 921 1096 1526 
5 861 862 850 1370 1369 
4 255 388 25 1258 
5 220 183 180 278 221 
6 220 183 1156 1103 1104 1152 
4 14 1101 1257 1308 
5 1307 1308 14 1672 522 
5 521 522 1307 1288 318 
6 335 599 1595 1601 1599 1099 
5 335 383 1298 598 599 
4 383 901 1531 1298 
6 833 881 598 1298 1531 1530 
5 289 290 513 456 104 
5 430 629 1079 1084 731 
5 606 607 1079 629 1 
5 181 184 806 580 129 
5 184 806 809 581 846 
4 886 1169 1495 1346 
5 334 246 581 846 779 
4 5 217 511 382 
6 217 511 1376 1408 1274 1280 
5 7 480 677 768 730 
6 7 480 914 929 878 877 
5 302 303 1275 769 988 
5 369 304 1126 897 370 
5 302 304 369 984 988 
5 362 897 1126 1094 1314 
5 330 331 224 494 1344 
5 1039 1040 1111 1110 544 
6 284 531 860 1520 1364 1365 
5 691 860 1520 1511 973 
4 530 531 860 691 
5 830 1475 1548 1592 1597 
6 744 745 368 1418 1374 198 
5 223 744 198 865 908 
6 223 468 1056 1057 745 744 
5 368 369 304 1057 745 
6 970 971 1371 1375 1081 1082 
6 429 488 1398 1307 522 997 
5 38 1288 1307 1398 1396 
5 805 806 184 1289 1390 
5 377 308 307 893 926 
5 377 308 1060 15 17 
5 377 17 1189 925 926 
5 323 58 1537 915 916 
6 322 56 57 1085 1544 1002 
5 197 198 744 819 645 
4 246 65 62 334 
4 368 745 926 893 
5 218 254 816 500 219 
6 342 324 500 219 778 518 
6 344 343 163 158 271 650 
5 682 746 990 1188 1206 
6 495 617 377 926 745 1057 
5 220 183 819 744 223 
6 300 349 1149 1103 1104 301 
5 377 17 1149 349 617 
5 377 308 974 975 617 
5 302 496 898 1122 988 
6 299 298 1247 434 404 403 
6 433 434 404 895 822 517 
6 598 791 1010 1050 1299 1298 
5 335 492 664 375 599 
5 244 193 484 1050 1010 
4 484 762 1299 1050 
5 375 243 191 663 664 
5 374 490 1259 354 979 
5 257 508 1570 1569 596 
4 82 177 512 1419 
5 347 885 1626 1627 1015 
5 247 249 1025 1471 1470 
4 771 772 814 1348 
6 291 1527 1529 315 1660 1661 
7 133 1001 1285 1290 1232 1109 1108 
6 820 832 1284 1291 1197 1020 
4 6 4 1070 961 
5 6 549 1127 960 961 
6 217 416 274 771 772 511 
6 348 712 265 1257 1101 1150 
5 317 264 265 1257 1256 
4 348 349 1149 1150 
6 289 104 642 413 414 679 
5 646 697 346 1482 1481 
5 658 932 1493 487 940 
5 294 723 961 6 982 
5 296 16 1150 348 295 
6 380 378 418 1239 1204 547 
6 379 417 219 500 1048 718 
5 261 380 547 716 1164 
4 378 379 417 418 
6 380 378 379 718 717 261 
6 902 903 1076 1370 1369 1128 
4 117 569 827 826 
6 280 283 506 1378 1383 761 
6 125 126 934 570 1190 1191 
6 371 373 729 473 1451 1452 
5 352 568 373 729 728 
4 325 502 327 578 
5 331 332 1197 1291 224 
5 428 489 1233 395 1327 
6 14 1308 1304 1420 1680 1679 
6 474 668 929 914 1559 1560 
5 353 119 118 1560 474 
5 260 256 474 1560 1562 
6 341 345 375 664 237 365 
4 271 650 1595 1601 
7 159 162 365 237 239 775 774 
6 129 67 68 859 552 181 
6 485 486 586 860 691 1013 
4 238 237 365 364 
5 570 934 962 381 1359 
5 381 350 423 968 962 
5 381 350 966 1358 1359 
6 586 860 531 1541 1542 1088 
5 849 850 862 641 1303 
4 115 116 1076 903 
6 647 648 265 1257 1308 1304 
5 186 1421 1409 1487 1501 
4 262 831 1281 1309 
6 788 871 1499 1498 1400 1403 
5 545 644 908 865 835 
6 192 397 886 1346 1299 762 
4 372 157 718 379 
6 372 379 417 559 729 373 
5 372 379 378 963 1072 
5 378 418 872 285 963 
4 7 404 434 480 
6 400 534 967 831 262 1063 
5 380 381 962 963 378 
6 261 380 381 1359 1361 1310 
5 381 350 546 547 380 
5 382 511 1376 878 877 
5 742 743 410 863 864 
6 762 1004 1078 383 1298 1299 
5 384 834 947 835 1362 
5 1216 1217 1074 1425 1461 
5 685 686 385 954 797 
4 1442 1443 1551 665 
4 615 1104 1152 1151 
5 687 688 1552 1593 844 
6 592 593 1384 1385 1325 1324 
5 393 559 1248 1337 1336 
5 395 958 1222 1349 1327 
5 685 686 398 1043 1195 
6 763 764 840 1212 1213 770 
5 640 711 770 1213 1139 
5 1181 1182 399 1213 1212 
4 400 716 1164 1063 
7 687 688 1564 1563 401 1305 1306 
5 756 757 1596 1593 844 
5 1416 1463 1546 1562 1561 
4 403 404 895 894 
5 405 406 1269 1268 675 
5 592 593 1221 1268 675 
4 407 440 735 704 
6 488 489 1233 1368 1397 1398 
5 408 409 1072 1071 683 
5 419 420 870 1355 1354 
5 1089 1090 421 1677 1678 
4 423 968 1435 985 
4 424 425 1202 782 
5 576 577 426 699 698 
6 427 572 583 582 590 591 
5 927 928 1270 1271 950 
4 428 429 488 489 
5 998 999 1338 1517 625 
6 701 702 430 1592 1593 844 
5 431 432 1322 1323 676 
4 433 434 1247 1246 
4 435 436 1144 1143 
5 437 735 1596 1593 1552 
5 838 839 438 888 738 
4 763 764 703 909 
6 440 735 1596 1597 830 829 
6 442 443 1017 1016 909 703 
6 661 662 935 680 1146 1145 
5 829 830 1475 1474 444 
5 471 472 1395 1394 445 
4 446 447 784 783 
4 448 449 632 631 
5 938 939 968 1435 1439 
4 451 452 727 726 
5 453 454 665 1551 1550 
5 635 706 903 1076 1075 
5 1094 1314 1511 1520 1364 
5 720 721 455 794 795 
5 666 667 905 904 456 
5 624 625 998 757 756 
5 464 485 1013 1012 969 
5 610 812 1226 945 944 
5 611 1097 1637 1639 1242 
5 552 859 1350 1669 1667 
6 695 696 467 1468 1469 828 
4 671 672 1056 468 
5 495 496 898 975 617 
5 475 476 1115 737 736 
6 845 875 1183 1479 1485 1352 
4 477 478 551 550 
5 709 710 479 1656 1657 
5 480 677 1161 1062 914 
5 768 769 988 1122 730 
5 736 737 1220 1224 609 
5 663 664 492 1078 1004 
5 624 625 1517 1516 1250 
6 1506 1507 719 1576 1574 1140 
5 747 748 1575 1533 1532 
6 726 727 1052 1051 1641 1642 
5 497 498 1223 1224 609 
6 499 655 1090 1089 1399 1400 
5 815 816 500 1048 1047 
6 515 937 1585 1586 660 1038 
5 845 875 741 970 971 
4 1221 1268 1407 1293 
5 524 525 1117 1118 753 
5 817 818 526 1166 1165 
5 771 772 1026 868 527 
4 535 536 575 574 
5 537 538 1418 1417 899 
5 539 540 889 888 738 
5 541 628 955 779 645 
6 1127 1128 1369 1341 1167 549 
5 950 951 1011 1131 804 
6 557 1046 1603 1602 1468 1469 
5 728 729 559 1248 1249 
5 645 779 846 925 819 
5 800 801 1031 941 565 
5 566 737 1115 1255 1254 
6 623 899 1417 1371 1286 1287 
4 570 571 1071 934 
4 573 715 1241 941 
6 581 846 925 926 893 892 
4 1181 1182 1411 1505 
5 993 994 1574 1140 1432 
5 586 587 1519 1520 860 
5 597 866 1652 1651 1236 
5 598 599 1595 1594 881 
5 950 951 958 1222 1271 
4 600 601 784 783 
5 917 918 973 972 602 
5 749 750 605 1636 1635 
6 1103 1104 615 1256 1257 1101 
5 616 1174 1157 1312 1320 
6 913 1095 1160 959 1663 1664 
6 693 694 1335 1334 891 890 
5 620 621 840 1212 1138 
6 766 767 1571 1572 1079 629 
5 835 865 1081 1372 1362 
5 807 808 854 853 630 
5 851 852 1143 1144 637 
5 638 639 716 1164 1163 
4 643 644 652 651 
4 1101 1103 1149 1150 
4 659 759 1360 1358 
6 660 1038 1195 1043 1214 1215 
5 900 901 1531 1530 1477 
5 668 929 1188 990 989 
5 1326 1332 1502 1631 1628 
4 680 681 936 935 
5 713 714 689 957 956 
5 787 788 690 890 891 
5 972 973 691 1013 1012 
6 692 855 1035 991 1048 1047 
5 956 957 1254 1245 841 
4 879 880 1113 1061 
5 873 874 902 903 706 
4 717 718 1048 1047 
5 731 732 1538 1540 1084 
5 744 745 926 925 819 
6 989 990 746 1176 1177 876 
4 751 752 948 949 
5 821 822 758 1567 1568 
6 826 827 761 1383 1652 1653 
6 894 895 1053 1167 1172 867 
4 780 781 918 917 
5 927 928 782 1202 1203 
5 924 1153 1366 1384 1318 
5 792 793 1201 1394 1367 
4 794 795 807 808 
5 796 797 954 1386 1387 
5 1075 1076 1370 1342 1173 
5 810 811 1036 1035 855 
6 812 985 1435 1434 1225 1226 
5 847 848 820 1020 1019 
7 1266 1267 1673 1674 997 1646 1648 
5 1005 1006 976 1069 987 
5 823 824 1134 1133 869 
4 1304 1397 1368 1420 
5 1000 1001 1285 1284 832 
5 833 881 1594 1589 1049 
5 1023 1024 1210 1612 1606 
5 836 837 995 1382 1381 
5 849 850 866 1652 1653 
5 858 906 977 1016 909 
5 907 908 865 1081 1082 
5 884 885 1445 1444 1168 
6 920 921 1096 1341 1342 887 
4 888 889 1017 1016 
6 964 965 1638 1637 1097 896 
5 970 971 897 1126 1125 
5 974 975 898 1122 1121 
5 914 929 1188 1206 1062 
5 930 937 1585 1587 1558 
5 1014 1015 1627 1625 1186 
5 962 963 1072 1071 934 
5 978 979 940 1265 1264 
5 1031 1032 1240 1241 941 
5 998 999 1045 1363 1391 
5 952 953 1088 1087 946 
5 1039 1040 1055 1054 947 
5 960 961 1070 1069 976 
5 1016 1017 1067 1068 977 
5 1064 1065 980 1260 1261 
5 983 984 988 1122 1121 
5 1059 1060 1070 1069 987 
4 991 992 1036 1035 
6 1002 1003 1507 1506 1543 1544 
5 1021 1022 1077 1078 1004 
5 1019 1020 1009 1473 1472 
6 1112 1113 1061 1191 1190 1018 
4 1025 1026 1127 1128 
6 1029 1049 1589 1600 1598 1116 
4 1030 1080 1426 1388 
5 1194 1195 1038 1442 1443 
5 1117 1118 1194 1195 1043 
4 1051 1052 1046 1603 
5 1044 1200 1272 1253 1252 
4 1053 1096 1341 1167 
6 1081 1082 1058 1211 1373 1372 
5 1161 1162 1205 1206 1062 
5 1073 1311 1295 1488 1486 
5 1079 1084 1540 1578 1572 
5 1176 1177 1193 1192 1083 
5 1085 1086 1102 1543 1544 
4 1092 1093 1136 1137 
5 1125 1126 1094 1364 1365 
5 1119 1120 1159 1160 1095 
5 1098 1099 1599 1598 1116 
5 1123 1124 1619 1611 1106 
4 1147 1148 1380 1675 
4 1130 1302 1462 1472 
5 1262 1263 1107 1534 1535 
4 1108 1109 1203 1202 
6 1246 1247 1292 1430 1431 1114 
5 1133 1134 1201 1394 1395 
6 1135 1379 1504 1502 1631 1630 
4 1138 1139 1213 1212 
5 1432 1433 1512 1506 1140 
5 1184 1185 1142 1199 1198 
4 1183 1211 1373 1479 
4 1155 1178 1290 1232 
6 1156 1189 1289 1667 1673 1671 
6 1181 1182 1459 1458 1234 1235 
4 1157 1158 1175 1174 
5 1172 1173 1342 1341 1167 
5 1169 1170 1450 1494 1495 
5 1205 1206 1188 1408 1274 
5 1196 1197 1291 1290 1232 
6 1219 1220 1224 1223 1515 1514 
5 1230 1231 1273 1272 1200 
4 1207 1208 1226 1225 
5 1372 1373 1479 1485 1209 
4 1214 1215 1238 1237 
5 1216 1217 1221 1268 1269 
5 1248 1249 1261 1260 1218 
5 1270 1271 1222 1349 1350 
5 1240 1241 1615 1614 1227 
4 1228 1229 1265 1264 
4 1250 1251 1345 1516 
4 1242 1243 1267 1266 
4 1244 1245 1254 1255 
5 1256 1257 1308 1307 1288 
4 1258 1259 1263 1262 
5 1502 1503 1616 1620 1332 
5 1293 1294 1274 1408 1407 
5 1275 1292 1430 1412 1329 
5 1305 1306 1276 1315 1316 
5 1279 1280 1301 1300 1277 
5 1309 1310 1361 1360 1281 
4 1284 1285 1290 1291 
5 1286 1287 1319 1351 1352 
5 1389 1390 1289 1667 1669 
5 1298 1299 1346 1495 1531 
5 1307 1308 1304 1397 1398 
4 1312 1313 1321 1320 
6 1314 1329 1412 1413 1510 1511 
5 1330 1331 1334 1335 1317 
5 1347 1348 1318 1384 1385 
4 1322 1323 1325 1324 
6 1326 1332 1620 1621 1542 1541 
5 1349 1350 1669 1668 1327 
4 1336 1337 1340 1339 
6 1516 1517 1338 1522 1521 1345 
4 1341 1342 1370 1369 
5 1364 1365 1353 1386 1387 
4 1354 1355 1382 1381 
4 1358 1359 1361 1360 
5 1394 1395 1500 1501 1367 
6 1368 1380 1675 1676 1421 1420 
5 1374 1375 1371 1417 1418 
4 1376 1377 1407 1408 
4 1378 1383 1652 1651 
5 1410 1411 1505 1504 1379 
4 1392 1393 1406 1405 
5 1397 1398 1396 1663 1664 
4 1399 1400 1403 1402 
4 1401 1404 1447 1446 
5 1420 1421 1409 1678 1680 
4 1412 1413 1431 1430 
5 1442 1443 1416 1463 1474 
5 1444 1445 1419 1615 1614 
4 1422 1423 1424 1425 
4 1427 1428 1449 1448 
5 1446 1447 1584 1583 1429 
4 1434 1435 1439 1438 
4 1436 1437 1455 1454 
5 1460 1461 1496 1497 1440 
5 1441 1453 1622 1469 1468 
5 1476 1477 1530 1494 1450 
4 1451 1452 1457 1456 
5 1470 1471 1473 1472 1462 
6 1474 1475 1548 1549 1546 1463 
4 1464 1465 1467 1466 
5 1483 1484 1478 1491 1490 
5 1498 1499 1500 1501 1487 
4 1492 1493 1497 1496 
4 1494 1495 1531 1530 
4 1502 1503 1505 1504 
4 1506 1507 1513 1512 
4 1510 1511 1520 1519 
4 1521 1522 1523 1524 
4 1525 1526 1535 1534 
5 1528 1529 1527 1553 1554 
4 1532 1533 1537 1536 
5 1538 1539 1577 1578 1540 
4 1545 1546 1549 1547 
6 1548 1549 1547 1552 1593 1592 
4 1550 1551 1554 1553 
5 1559 1560 1562 1561 1555 
4 1556 1557 1567 1568 
5 1565 1566 1588 1587 1558 
4 1563 1564 1569 1570 
4 1571 1572 1578 1577 
4 1573 1574 1576 1575 
4 1579 1580 1591 1590 
4 1581 1582 1583 1584 
4 1585 1586 1588 1587 
5 1594 1595 1601 1600 1589 
4 1592 1593 1596 1597 
4 1598 1599 1601 1600 
5 1602 1603 1613 1612 1606 
4 1604 1605 1608 1607 
5 1609 1610 1618 1619 1611 
4 1612 1613 1615 1614 
5 1618 1619 1616 1620 1621 
5 1622 1623 1617 1627 1626 
4 1624 1625 1627 1626 
4 1628 1629 1630 1631 
5 1633 1634 1632 1636 1635 
4 1637 1638 1640 1639 
4 1641 1642 1644 1643 
4 1645 1646 1648 1647 
4 1654 1655 1657 1656 
4 1658 1659 1661 1660 
5 1663 1664 1665 1666 1662 
5 1668 1669 1667 1673 1674 
4 1671 1672 1674 1673 
4 1677 1678 1680 1679 
CELL_DATA 1609
SCALARS scalar_1 double
LOOKUP_TABLE default
    5.006987
    5.006794
    4.977183
    4.996572
    5.002141
    4.992362
    4.980003
    5.008414
    4.988167
    4.992525
    4.987592
    4.992684
    5.000153
    4.997837
    4.999001
    4.986277
    5.001310
    4.991856
    4.996118
    4.994470
    4.992396
    4.993544
    4.986917
    4.989946
    4.997663
    4.992682
    4.980956
    4.997441
    4.988785
    5.000000
    4.992412
    5.002144
    5.003812
    4.999230
    4.997082
    4.994767
    4.998000
    4.995714
    4.996426
    4.995868
    4.995881
    4.996118
    4.994480
    4.995353
    4.993318
    4.996332
    4.996572
    5.005494
    4.997269
    4.996347
    5.002141
    4.995574
    4.995377
    5.001196
    4.997663
    4.997441
    4.996322
    4.995686
    4.995960
    4.993968
    4.994676
    4.994913
    4.996332
    4.993815
    4.992640
    4.994295
    4.996536
    4.994701
    4.992635
    4.994963
    4.994846
    4.992814
    4.991254
    4.990200
    4.999230
    5.007121
    4.993868
    4.999750
    4.992412
    4.994334
    4.993991
    4.989946
    4.993943
    4.996322
    4.997441
    4.993968
    5.001319
    4.997814
    4.992412
    4.997663
    4.995686
    4.992669
    4.961569
    5.000000
    4.997498
    4.995347
    4.993811
    4.993868
    4.992669
    4.994622
    4.988785
    4.980868
    5.007925
    5.007121
    4.989641
    4.992682
    4.987175
    5.003812
    4.999230
    4.995689
    4.995249
    4.996042
    4.988785
    5.001233
    4.996446
    4.993490
    4.997113
    5.000453
    4.995715
    4.990322
    4.994417
    4.999735
    4.995019
    4.999667
    4.997490
    4.987738
    4.997663
    4.991288
    5.071606
    4.995377
    4.980956
    5.000000
    5.008414
    5.012490
    4.981795
    4.994196
    4.989641
    5.004383
    4.998135
    4.997259
    5.001985
    5.001196
    5.003840
    4.987507
    4.997203
    4.995960
    4.992362
    4.997269
    5.001985
    4.994598
    4.980868
    4.994513
    4.998135
    4.996620
    4.995455
    4.994818
    4.999735
    4.996446
    4.992698
    4.994767
    4.998000
    5.007121
    4.988785
    4.995768
    4.994818
    4.999667
    4.995935
    4.990089
    4.991856
    4.994415
    4.994346
    4.994913
    4.995722
    5.005649
    5.002528
    4.992396
    5.000153
    4.996531
    4.997490
    4.990089
    4.996151
    4.995455
    4.994701
    4.995292
    4.996670
    4.996670
    4.993991
    4.995292
    4.999667
    5.016542
    4.981758
    4.997490
    4.993690
    4.996793
    4.995346
    4.997203
    4.996620
    4.997929
    4.997935
    4.995442
    4.996549
    4.996687
    4.994848
    4.994690
    4.992525
    4.999334
    4.994522
    5.007848
    4.993923
    5.016959
    5.000000
    4.966543
    4.997929
    4.998010
    4.996866
    4.996426
    4.994431
    4.994903
    5.006987
    4.995960
    4.993393
    4.997552
    4.995451
    4.995769
    4.994818
    4.994346
    4.995650
    4.994913
    4.995753
    4.996332
    4.994334
    4.997026
    4.999916
    4.992640
    4.996536
    5.004752
    4.993433
    4.996426
    4.996041
    4.981795
    5.012490
    4.994104
    4.991349
    4.991254
    4.996995
    4.994104
    4.987738
    4.991288
    4.980956
    4.991349
    4.995689
    4.996042
    5.007121
    4.996446
    4.991349
    4.993381
    4.993991
    4.996332
    4.994104
    4.997837
    4.994480
    4.995389
    4.996446
    4.994767
    4.997939
    4.996033
    4.993299
    4.980003
    4.997441
    4.994470
    4.994196
    5.001319
    4.995377
    4.996322
    4.995353
    4.993318
    4.980956
    4.997663
    4.992412
    4.995650
    4.995222
    5.003840
    4.997002
    5.071606
    4.961569
    4.999867
    4.993212
    4.994218
    4.991288
    5.044277
    5.000000
    4.989573
    4.994828
    4.998673
    4.990200
    4.989573
    5.000000
    4.977183
    5.005649
    4.986277
    4.994903
    5.001319
    4.995099
    4.987813
    4.992396
    4.994415
    4.994598
    4.998158
    4.996620
    5.016959
    4.998010
    4.997929
    4.994690
    4.997269
    4.995960
    4.994437
    4.997203
    4.994415
    4.996151
    4.994818
    4.961569
    5.003840
    4.987738
    4.997002
    4.991288
    5.008414
    5.000000
    5.001985
    5.001196
    4.995377
    4.996151
    4.996446
    4.996426
    4.994901
    4.994480
    4.995881
    4.987202
    4.993490
    4.995353
    4.996044
    5.007121
    4.997441
    4.995377
    4.980956
    4.987738
    4.999654
    5.001196
    4.992412
    4.994676
    4.992814
    5.012490
    4.995868
    4.996426
    5.013090
    5.002901
    4.994295
    4.992982
    5.000153
    4.990089
    4.997490
    4.992669
    4.997204
    4.994622
    4.996995
    4.998538
    4.998155
    4.980956
    4.995889
    5.002144
    4.993868
    5.030224
    5.002901
    4.996041
    4.994901
    4.996042
    4.997842
    4.996905
    4.995889
    4.995275
    4.995515
    4.995249
    4.996569
    4.997929
    4.994565
    4.995013
    5.003692
    4.995099
    4.991133
    4.995712
    4.997327
    4.995455
    4.993811
    4.997498
    4.980868
    5.007925
    4.990200
    4.987175
    4.994846
    4.995863
    4.995721
    4.995935
    4.997837
    4.995222
    4.992982
    4.991856
    4.999654
    4.996531
    4.995690
    4.992684
    4.989573
    4.993129
    5.005783
    4.996446
    4.990089
    4.981758
    4.995015
    4.995662
    4.994846
    4.995278
    4.995863
    4.994901
    4.996426
    4.995515
    4.995881
    4.998208
    5.000000
    4.981795
    4.991349
    4.987738
    4.993212
    5.008374
    5.044277
    4.997002
    4.987738
    5.001196
    5.003840
    5.004383
    4.997203
    4.997490
    4.995473
    4.995451
    4.995769
    4.991052
    4.995455
    4.994956
    4.994346
    4.996332
    4.997822
    4.995497
    4.995650
    5.007121
    4.997203
    4.995292
    4.992412
    4.990089
    4.993991
    4.996205
    4.997082
    5.002901
    4.999735
    4.998000
    4.990599
    4.986674
    5.002144
    4.992669
    4.998673
    4.990200
    4.991254
    4.987175
    4.992682
    4.994415
    4.996332
    4.992669
    4.997204
    4.997837
    4.995222
    4.994480
    4.995249
    4.980956
    4.996782
    4.994998
    4.999203
    5.001310
    4.994522
    4.995976
    4.996572
    4.986591
    4.992033
    5.005494
    4.996033
    4.999230
    4.980956
    4.992682
    4.995377
    4.993299
    4.993129
    4.990089
    4.981758
    4.984183
    4.994415
    4.987813
    4.977183
    5.000000
    4.996962
    4.986277
    4.996572
    5.008414
    4.995960
    4.997269
    4.992362
    5.001983
    5.001985
    4.980003
    4.966543
    4.996322
    4.995377
    4.993129
    5.044277
    4.993381
    4.997490
    4.998101
    4.997893
    4.996870
    4.999443
    4.996997
    5.000168
    4.996793
    4.993299
    4.990599
    4.994619
    4.995377
    4.980003
    4.994470
    4.995868
    5.012490
    5.008414
    4.992814
    5.002144
    4.990599
    4.994346
    4.996033
    4.992682
    4.987175
    4.995662
    4.995278
    4.997327
    5.007925
    4.998000
    4.994415
    5.008374
    5.001196
    4.980956
    4.999654
    4.981795
    4.996332
    4.994346
    4.996531
    4.993943
    4.995650
    4.997026
    4.997498
    4.998673
    4.990200
    4.993868
    4.999750
    4.993811
    4.996670
    4.995442
    4.996536
    4.992635
    4.994565
    4.993868
    4.996204
    4.996873
    4.998208
    4.999735
    4.992982
    4.999203
    4.992684
    5.004383
    4.994901
    4.995863
    4.995027
    4.995353
    4.998000
    4.994963
    4.996426
    4.993868
    4.996670
    4.996496
    5.000106
    5.000288
    4.993868
    4.998158
    4.988640
    4.989573
    4.996999
    4.988167
    4.993868
    5.030224
    4.988167
    4.995377
    5.001985
    5.000000
    4.980003
    4.995662
    4.996042
    4.995497
    4.997327
    4.996041
    4.997929
    5.005783
    4.995292
    4.997929
    4.994431
    4.993129
    4.997929
    4.993381
    5.000168
    4.993129
    4.998113
    4.995455
    4.994565
    5.006987
    4.994956
    4.994346
    5.003692
    5.001319
    4.997327
    4.987813
    4.991133
    4.994415
    4.995353
    4.992525
    4.994470
    4.995868
    5.030224
    4.997082
    4.993544
    5.007848
    4.996118
    4.980003
    5.000000
    5.030224
    4.996041
    5.002901
    4.995868
    4.986674
    4.981795
    4.992814
    4.994470
    4.994619
    4.997939
    4.993299
    4.996033
    4.998113
    4.992396
    4.995662
    4.995881
    4.995515
    4.995278
    4.995935
    4.995039
    5.016959
    5.000000
    4.992412
    4.994431
    5.006987
    4.994903
    4.991133
    5.003692
    4.996670
    4.995292
    4.993811
    4.992684
    4.995039
    4.994480
    4.995222
    4.996118
    4.996774
    5.008374
    4.998208
    4.993923
    4.998143
    4.996569
    4.999203
    4.993326
    4.998371
    4.995731
    4.995976
    4.996774
    4.994218
    4.997259
    4.995389
    4.995881
    4.994846
    4.995662
    4.994619
    4.998113
    4.997327
    5.003692
    4.993811
    4.999230
    5.001319
    5.007925
    4.996033
    4.995737
    4.991254
    4.996670
    4.994104
    4.987813
    5.006987
    4.994903
    4.994295
    5.000000
    4.996962
    4.994619
    4.992814
    4.994963
    4.990200
    4.990599
    4.996426
    4.995863
    4.987175
    4.997490
    4.990200
    4.995863
    5.000086
    4.997203
    4.996620
    4.994437
    4.994693
    4.999230
    5.007121
    4.992682
    4.987175
    4.997327
    4.980868
    4.994513
    4.993811
    4.994767
    4.999334
    4.993544
    4.995868
    4.996118
    5.002901
    5.007848
    4.994693
    4.994431
    4.996670
    4.993991
    4.992412
    4.994982
    4.994437
    5.000168
    4.993923
    4.989573
    4.999334
    5.007848
    5.000453
    4.994767
    4.996681
    4.998208
    4.995389
    5.002901
    4.993923
    4.998208
    5.007848
    4.999334
    4.994901
    4.993923
    4.998208
    4.980868
    4.993868
    5.007121
    4.999230
    4.996670
    5.003692
    4.994522
    4.999203
    4.992684
    4.992982
    4.986591
    4.996782
    4.994522
    4.996572
    4.999203
    4.986277
    5.007848
    4.998208
    4.994522
    4.995731
    4.996785
    4.995389
    4.993923
    4.994767
    4.994901
    4.995353
    4.995249
    4.998673
    4.995737
    4.990200
    4.986674
    4.997204
    4.992814
    4.994104
    4.996995
    4.996536
    4.990599
    4.995935
    4.992396
    4.997939
    4.996033
    4.997327
    5.001319
    5.044277
    4.995389
    4.994334
    4.997026
    4.993943
    4.993991
    4.993868
    4.995451
    5.000168
    4.997490
    4.998673
    4.992669
    4.961569
    4.989573
    4.997939
    4.996033
    4.986277
    4.996322
    4.994903
    4.996118
    4.996446
    4.994480
    4.995731
    4.995389
    4.993544
    5.005494
    4.995455
    4.996995
    4.986674
    4.981795
    4.991349
    4.995863
    4.990200
    5.004383
    4.992982
    4.992684
    5.001196
    4.981758
    5.016542
    5.000000
    4.995389
    5.003840
    4.999203
    4.996774
    4.994522
    4.995389
    4.993544
    4.992684
    4.997939
    4.993299
    4.980003
    4.995868
    4.996118
    4.994619
    4.992396
    4.995881
    4.995497
    4.997327
    4.995015
    4.995515
    4.996042
    4.991349
    4.993381
    5.005783
    4.993923
    4.996496
    5.000288
    5.002901
    5.007848
    5.030224
    4.988167
    4.992525
    5.016542
    5.016959
    4.986277
    4.996572
    5.000000
    4.986591
    4.997269
    5.005494
    4.966543
    4.993991
    4.993868
    4.992640
    4.996536
    5.003692
    4.992412
    4.993968
    4.994982
    4.997203
    4.994437
    5.004383
    5.001196
    4.995960
    4.999654
    4.993923
    4.994901
    4.995863
    4.998143
    5.004383
    4.995377
    5.001985
    5.003840
    4.995960
    4.997203
    5.005494
    5.000168
    4.996782
    4.999203
    4.986591
    4.999203
    4.992684
    4.995389
    4.995455
    4.994956
    4.995935
    4.996332
    4.995650
    4.995497
    4.994415
    4.995650
    5.003840
    4.961569
    4.992682
    4.993299
    4.997939
    4.995737
    4.995497
    4.998208
    4.997926
    5.007848
    4.996496
    4.995252
    5.006987
    5.002144
    4.996995
    4.999654
    4.981795
    4.986674
    4.998155
    4.989573
    4.992669
    4.998673
    4.987175
    4.990200
    4.988167
    4.995473
    4.997926
    4.996905
    4.995027
    4.994901
    4.996782
    5.000168
    4.992982
    4.994975
    4.990089
    4.981758
    4.994982
    4.997203
    4.995960
    4.995222
    4.995935
    4.995650
    4.990089
    4.986674
    4.990200
    4.992814
    4.994619
    5.002144
    4.992682
    4.995249
    4.995515
    4.995039
    4.995935
    4.999654
    4.994480
    4.995650
    5.030224
    5.005783
    5.044277
    4.981795
    4.988167
    4.989573
    4.961569
    4.994431
    4.966543
    5.000000
    5.006987
    4.996332
    4.997327
    5.005494
    4.997269
    4.995473
    4.995675
    4.997026
    4.994415
    5.000168
    5.005494
    5.001985
    4.980003
    5.005783
    4.996041
    5.007848
    5.002901
    4.988167
    4.992525
    4.995675
    5.007121
    4.993991
    4.999230
    4.997204
    4.998673
    4.992669
    5.003692
    5.006987
    4.992525
    4.997939
    4.986277
    4.996322
    4.966543
    4.997203
    4.997269
    4.993968
    4.992982
    4.998371
    4.986591
    4.999203
    5.000168
    4.986591
    4.981758
    5.005494
    5.016959
    4.995252
    4.998996
    4.987175
    5.002144
    4.999230
    4.993299
    4.992669
    4.993991
    4.986277
    5.005494
    4.991856
    4.981758
    4.996549
    4.998371
    4.997203
    4.998143
    4.994982
    4.988167
    5.003840
    4.989573
    5.001985
    4.987592
    4.997203
    4.990200
    4.998673
    5.003692
    4.987813
    5.006987
    4.992635
    4.994565
    4.996995
    5.002144
    4.992814
    4.981795
    4.993968
    4.997939
    4.986277
    4.966543
    4.996572
    4.988167
    4.994522
    5.007848
    4.997204
    4.996995
    4.995515
    4.996042
    4.995497
    4.995935
    4.993943
    4.999203
    4.993698
    4.992669
    4.990200
    4.987592
    5.005494
    4.994982
    4.993968
    4.993943
    4.993991
    4.999230
    4.999654
    5.000000
    4.966543
    4.998996
    5.005494
    4.997269
    5.005494
    4.997269
    5.001985
    4.997269
    4.996572
    4.988167
    4.992669
    4.999203
    4.995027
    4.996426
    4.994901
    4.990200
    4.994963
    4.997939
    5.000086
    5.005783
    4.996426
    4.981795
    4.991349
    4.987813
    4.996962
    4.994956
    4.994901
    4.992982
    4.991856
    4.981758
    4.993991
    4.993991
    4.992033
    4.986277
    4.994522
    4.997269
    4.994901
    4.995881
    4.995868
    4.998000
    4.994963
    4.998673
    4.997204
    4.996995
    4.996703
    4.995455
    4.994431
    5.006987
    4.996446
    4.994480
    4.996995
    4.995249
    4.992684
    4.992982
    4.992396
    4.986277
    4.992396
    4.995515
    4.995039
    4.995497
    4.998208
    4.994901
    4.997327
    4.995455
    4.995712
    4.994431
    4.995249
    4.994901
    4.995881
    4.995039
    4.996042
    4.998000
    4.992814
    4.996446
    4.995039
    4.996118
    4.995881
    4.999230
    4.980868
    4.994901
    4.998155
    4.995039
    4.993129
    4.989573
    4.998673
    5.000000
    4.995039
    4.994901
    4.994619
    4.996118
    4.996118
    4.992396
    4.992396
    4.986277
    4.996703
    4.998673
    4.995889
    4.998155
    4.992669
    5.005494
    4.966543
    5.001985
    4.997259
    4.994522
    4.992982
    4.987813
    5.000453
    4.996785
    4.996118
    4.993544
    4.992982
    4.995868
    4.992814
    4.996118
    4.995455
    4.995712
    4.998996
    4.993544
    4.995868
    5.000086
    4.989573
    4.993381
    5.005783
    5.044277
    4.994522
    5.007848
    4.988167
    4.991349
    4.989573
    5.005783
    5.007848
    4.996785
    4.996962
    4.995868
    4.986277
    4.966543
    4.986277
    4.992669
    4.989718
    4.990200
    4.996446
    4.995712
    4.990200
    5.044277
    5.000086
    4.993381
    4.995712
    4.992033
    5.007848
    4.992814
    5.002901
    4.993381
    5.007848
    4.994901
    4.998155
    5.044277
    5.005783
    5.044277
    5.000086
    4.986277
    4.993381
    5.000086
    4.993381
    5.000086
    4.991856
    4.992682
    4.996995
    4.993326
    5.000168
    4.996033
    4.994903
    4.996426
    4.994437
    4.996782
    4.994828
    4.996962
    4.999230
    4.993299
    4.994619
    4.990599
    4.993381
    4.987507
    4.994437
    4.996322
    4.997939
    5.000168
    5.000168
    4.994676
    4.998000
    4.996041
    4.984183
    4.997082
    4.991349
    4.993844
    4.993991
    5.003692
    4.995714
    4.987813
    4.994975
    4.998893
    4.999203
    4.997939
    4.993991
    4.993968
    4.986674
    4.993299
    4.993968
    5.002144
    4.996332
    4.993968
    5.012490
    4.994415
    4.995935
    4.996041
    5.001985
    5.006987
    5.007848
    4.995497
    4.994676
    4.994818
    4.994437
    4.995455
    4.991349
    4.995353
    4.996446
    4.997203
    4.995515
    4.995039
    5.005649
    4.996042
    4.987738
    4.996041
    4.991856
    4.992396
    4.990089
    4.997204
    4.994437
    5.007121
    5.003812
    5.001985
    4.990089
    4.999735
    4.993129
    4.999230
    4.996042
    4.981758
    4.995574
    4.995675
    4.992684
    4.994334
    4.995222
    4.986674
    4.995275
    4.993544
    4.994417
    4.997203
    5.005783
    4.995249
    4.961569
    5.005649
    4.995650
    5.044277
    5.001985
    4.995249
    4.987175
    4.999750
    4.997327
    4.992033
    4.995737
    4.994417
    4.994415
    4.995769
    4.994656
    4.994619
    5.008374
    4.992814
    4.995252
    4.993299
    4.994431
    4.995015
    4.995690
    4.993991
    4.997509
    4.994959
    4.994619
    4.991288
    4.999230
    4.995737
    5.000000
    4.993698
    4.994956
    4.981758
    4.993868
    4.995455
    4.995604
    4.994417
    4.996995
    4.993544
    4.993129
    4.994431
    4.995881
    5.000000
    4.995377
    4.996322
    4.996496
    4.980003
    4.994346
    4.994767
    4.997490
    4.999001
    4.995690
    4.997327
    4.993544
    4.997214
    4.991349
    4.996785
    4.996151
    4.996774
    4.992525
    4.998000
    4.995389
    4.995737
    4.992943
    4.977183
    4.992033
    4.994196
    4.995015
    4.997214
    4.996572
    5.002144
    4.997822
    4.995515
    4.995039
    5.000000
    4.993868
    5.003840
    5.044277
    4.994598
    4.961569
    4.994975
    4.994513
    4.996905
    4.992684
    4.997441
    5.005783
    4.995039
    4.994767
    5.000822
    5.007121
    4.996995
    4.999334
    4.981795
    4.995731
    4.995737
    4.996793
    4.991133
    4.996033
    5.001985
    4.996997
    4.980003
    4.996042
    4.991856
    4.997498
    4.994431
    5.016542
    5.007121
    4.990599
    4.995497
    4.986674
    4.995737
    4.987175
    5.004752
    4.994522
    5.001983
    5.000453
    4.998113
    4.999001
    4.995662
    4.993299
    4.999750
    4.988785
    4.996042
    5.000453
    4.993318
    4.987175
    5.008374
    4.993544
    4.987202
    4.981758
    4.998208
    4.990089
    4.996870
    4.994104
    4.996042
    4.995686
    4.981758
    5.005783
    4.990322
    4.992362
    5.016959
    4.994437
    4.996151
    4.994417
    4.992814
    5.001983
    4.993698
    4.992982
    4.998113
    4.996866
    4.990089
    4.993381
    4.995389
    4.995650
    4.996446
    4.996995
    4.992814
    5.008374
    4.994346
    4.993868
    4.996782
    4.996782
    4.993698
    4.996044
    4.993732
    4.994437
    4.993544
    4.997327
    4.977183
    4.993381
    5.012490
    4.992698
    4.995515
    4.992982
    4.996496
    4.995278
    4.997962
    4.992814
    5.002901
    4.995863
    4.995868
    4.994415
    4.994903
    4.961569
    4.997982
    4.995863
    4.996816
    4.996041
    4.999203
    5.016542
    4.996549
    4.994257
    4.988167
    4.994522
    4.993968
    4.996873
    5.000168
    5.002901
    5.016542
    4.996703
    4.996185
    4.999750
    4.995455
    5.004383
    5.001983
    5.006987
    5.000000
    4.994431
    4.966543
    4.993968
    5.006987
    4.986277
    4.996322
    4.993991
    4.966543
    4.994431
    5.007121
    4.992412
    4.999035
    4.997814
    4.989718
    4.993968
    4.995737
    4.992943
    4.992689
    5.007925
    4.992362
    4.993698
    4.997259
    5.003840
    4.992033
    4.994726
    4.995353
    5.001985
    4.994956
    5.030224
    4.992635
    4.994295
    4.996044
    4.996151
    4.995868
