,Initial_Stress,Final_Stress,Initial_s0,Final_s0
0,0.2826305478269877,0.05817239756697706,5.0,5.306684309619065
1,0.3123426196285015,0.07017332766473161,5.0,5.284547716773682
2,0.23490895877163265,0.05014986607401423,5.0,5.3426082999246205
3,0.21408702611737462,0.04656587348169275,5.0,5.274170333524797
4,0.08202321085483022,0.017557271079315206,5.0,5.273718221058905
5,0.3863922367905608,0.08158337685599665,5.0,5.311864344953747
6,0.25515867602211184,0.061019642518702205,5.0,5.271022058012145
7,0.2787404094866721,0.05991276375116489,5.0,5.315124540916818
8,0.34615604590054305,0.07865114656577299,5.0,5.319055795560503
9,0.22948110648449194,0.048165542480444745,5.0,5.3070924543121745
10,0.22414277254066772,0.050248708344868,5.0,5.2801271218910095
11,0.15309950374647974,0.03161337630234379,5.0,5.30136230724219
12,0.4096732018800848,0.09238713743660143,5.0,5.289842429548894
13,0.23086295508754384,0.04895631189406163,5.0,5.29191140683186
14,0.19590495718959655,0.04392418986927926,5.0,5.309235569249022
15,0.14008843299594043,0.03465097267155698,5.0,5.280754917963062
16,0.20937027724624735,0.04495779400789379,5.0,5.290619654792508
17,0.3521897268608558,0.079801805460399,5.0,5.3032020267109825
18,0.1307251543489043,0.030439196437784144,5.0,5.257173813745801
19,0.2238607779213324,0.05002959026674783,5.0,5.2666090478138194
20,0.13545782951123342,0.02975049919819517,5.0,5.316903988469868
21,0.21292781984906894,0.04007388536974854,5.0,5.328139950023134
22,0.3861351415972698,0.08746666410244563,5.0,5.27934905045135
23,0.26067698009877804,0.056944228688220855,5.0,5.277186542696883
24,0.16673664232380903,0.037989101017832705,5.0,5.288536275158755
25,0.2980213663721807,0.06741050506948232,5.0,5.288275744969431
26,0.17063946263033491,0.03515644893492642,5.0,5.294836933012634
27,0.36085066268508914,0.0632627973649651,5.0,5.2861149552817555
28,0.2484966212354387,0.05548000189829816,5.0,5.28892431187284
29,0.18772584344215582,0.038759827391253665,5.0,5.3242333894092475
30,0.2481567416393422,0.051282913933110685,5.0,5.306411279511991
31,0.13511683426664822,0.027974194306813527,5.0,5.283202865141012
32,0.2652321135336766,0.06458383247501215,5.0,5.2857818834519055
33,0.08300671879011534,0.017046198459378603,5.0,5.273881819340076
34,0.2664068320197215,0.060043006971719215,5.0,5.2913877663885245
35,0.210527984307729,0.04882704321603765,5.0,5.27327278858202
36,0.26252499795306394,0.05490053458460514,5.0,5.343120860315587
37,0.2009480920051876,0.0456863477217182,5.0,5.311318110817611
38,0.075525135582303,0.014602928800719284,5.0,5.294501012808457
39,0.22193116864535845,0.043036919338524104,5.0,5.330540211667856
40,0.27719313806402646,0.061416969158441415,5.0,5.31496265629011
41,0.21465821729208567,0.048584290031064736,5.0,5.276047454552426
42,0.16128510797775952,0.03362567969743152,5.0,5.288113866283206
43,0.18214890729112088,0.04585697937955843,5.0,5.0
44,0.11310308999760887,0.026552879514352035,5.0,5.278462767066694
45,0.24831470263994637,0.05426550388417328,5.0,5.294791878376586
46,0.20184437217881546,0.040147426029218114,5.0,5.3312879093870436
47,0.2095996937966953,0.044122266374464536,5.0,5.321521168289731
48,0.17066760332342534,0.03560677736054979,5.0,5.3070930780306025
49,0.25964436312172157,0.05812721699400719,5.0,5.273142052110833
50,0.17298357326006952,0.03595814403402592,5.0,5.291575618075317
51,0.21351383161304893,0.049039043511901304,5.0,5.280130877750242
52,0.18910870470539098,0.045825706814103084,5.0,5.2859135002404845
53,0.13261732740872723,0.048076894410130966,5.0,5.29226670682136
54,0.2626761056623699,0.05742443520051685,5.0,5.271350336249903
55,0.07098893453609834,0.015771213334841827,5.0,5.285571769752169
56,0.19707403237956767,0.044927218825242365,5.0,5.265632645073248
57,0.22387403296056774,0.04071451575122942,5.0,5.331502215176522
58,0.21229314787383502,0.04644048790290245,5.0,5.291253864840648
59,0.1877176201951234,0.04074100191860114,5.0,5.297880817852736
60,0.2715108531522883,0.06033967999330353,5.0,5.25533135146949
61,0.19629984748363016,0.047507575492899745,5.0,5.296116443352945
62,0.25423758071380487,0.0499477040800787,5.0,5.311546307135799
63,0.27390287515453826,0.056191853687642124,5.0,5.319559650057872
64,0.07354433129081883,0.017007305132574813,5.0,5.3209492157945615
65,0.12238580150180911,0.028253027282604926,5.0,5.294648035463192
66,0.29957894055570344,0.0674937348310912,5.0,5.279133411164931
67,0.16675996132069892,0.021812167122717385,5.0,5.307271523330774
68,0.2397352691082426,0.04655028073004952,5.0,5.284393404657086
69,0.14092625241736467,0.029021148174195044,5.0,5.300830024186922
70,0.27547166606619045,0.061645212477837996,5.0,5.186984336073568
71,0.15413475100022023,0.03302738049562709,5.0,5.290348120730508
72,0.2660275678958346,0.06233615943788268,5.0,5.294767072865607
73,0.20926557927678613,0.04417488902487576,5.0,5.296710295563045
74,0.16477048920001613,0.03437784716009096,5.0,5.297916652208645
75,0.1735014591599422,0.038040280425368944,5.0,5.298011177790363
76,0.43415142500405146,0.09176730207403822,5.0,5.312924764704929
77,0.3366938397366852,0.07427491705601774,5.0,5.308078357211459
78,0.19108382611202246,0.03995670886338282,5.0,5.276904510232132
79,0.18467076577441666,0.03960968542751325,5.0,5.275810252323696
80,0.281065108507655,0.0643576635167441,5.0,5.318012026686425
81,0.23061836192175922,0.04826499709469281,5.0,5.332853652642431
82,0.14917329710423566,0.03202397302013793,5.0,5.283768171034886
83,0.43202629322306496,0.09232960622355171,5.0,5.292471464896176
84,0.224937461719231,0.06087939148581162,5.0,5.006652874565134
85,0.27471199102716426,0.05226985617909191,5.0,5.283559467764096
86,0.21646967912733284,0.04763376829956506,5.0,5.3249425013924245
87,0.06271780382241388,0.013596278796389138,5.0,5.269934759724437
88,0.1704575123185843,0.03755045938416818,5.0,5.301634907374089
89,0.12623522877864768,0.025018569314759043,5.0,5.291525469125125
90,0.22905280883661416,0.0486931457051368,5.0,5.274386611323978
91,0.20936703684854785,0.05154727587865912,5.0,5.271548300101863
92,0.22447501766384836,0.04908165725558067,5.0,5.329981867791718
93,0.17892989656518576,0.03600862920264808,5.0,5.287879200103118
94,0.20371006352951904,0.042881811963945526,5.0,5.335990899019132
95,0.2983227833949553,0.06635910280104496,5.0,5.316497059912804
96,0.1633993363793662,0.03503580338627571,5.0,5.309028905498758
97,0.17704757909464108,0.03879067076903153,5.0,5.319635945372934
98,0.3448604630005254,0.0673358682235814,5.0,5.2888816897914825
99,0.34515025162942026,0.07437006864880191,5.0,5.311104320564066
100,0.06842542423790343,0.01568026755012697,5.0,5.307646638306256
101,0.21744816883482287,0.04498372828590641,5.0,5.321479868612293
102,0.3181341919453613,0.07308432868055842,5.0,5.318307000451243
103,0.21110136919053968,0.04745920832572076,5.0,5.3252529043422925
104,0.11961450701685084,0.028777431958106725,5.0,5.32430969939325
105,0.17372333591662636,0.03753868878983413,5.0,5.29569569971291
106,0.254878439785194,0.05620079360377056,5.0,5.294696191545816
107,0.3090379426615757,0.05736222935808405,5.0,5.33390644493009
108,0.2015919004411426,0.04268952982265117,5.0,5.304948950187214
109,0.24777569833541002,0.05479551371687785,5.0,5.283908327590385
110,0.16418914439655286,0.04353440873461567,5.0,5.300527242876498
111,0.15579105379641156,0.03310403212282392,5.0,5.26685331978249
112,0.12458585910438558,0.02756055556491932,5.0,5.293551744289449
113,0.19990228308610214,0.04657707134939226,5.0,5.237050961655179
114,0.23196507065234861,0.047971464642911354,5.0,5.321021674199118
115,0.3478418011651918,0.07842421131674482,5.0,5.25171953057777
116,0.2600542858656014,0.05105461779014453,5.0,5.326674070984145
117,0.13486865293558514,0.026119022550893767,5.0,5.323264014312539
118,0.22996517260419091,0.047205934765818525,5.0,5.29992752472765
119,0.12608486461741686,0.02921536643197492,5.0,5.275089341904211
120,0.18410238077070917,0.0366476946808138,5.0,5.287444341242136
121,0.126353547994853,0.022400677140315794,5.0,5.314569494505195
122,0.20981459882216202,0.04659837227202923,5.0,5.314249448118504
123,0.1082840565462666,0.0220593894376534,5.0,5.318851255555339
124,0.2235115634386977,0.04818368515503896,5.0,5.366129243058886
125,0.2730335964923738,0.07744781478518015,5.0,5.2987786400852865
126,0.11511522376979588,0.023958283191565177,5.0,5.304037024693189
127,0.16134612647850544,0.03378213992147677,5.0,5.325861803520091
128,0.27592502074439595,0.05769697760757436,5.0,5.294393144644527
129,0.327854712908453,0.076237808066208,5.0,5.278547496444048
130,0.09350067333122025,0.02083157084969739,5.0,5.330538254214439
131,0.32640180300667554,0.07367282767627498,5.0,5.279837343327172
132,0.14128378320098145,0.0319759816889828,5.0,5.268874871748448
133,0.19730922116018923,0.042595524495076365,5.0,5.2808967997321865
134,0.2667977208203638,0.06076011496427719,5.0,5.283768215406308
135,0.162934332393478,0.03379376965106329,5.0,5.310201776661625
136,0.22204016224053258,0.04919807601474108,5.0,5.276820006511516
137,0.2233725035754448,0.04915246898099168,5.0,5.308103121554719
138,0.3045000232721071,0.06184997221207561,5.0,5.3004397104099255
139,0.2344136389165281,0.05214159002582336,5.0,5.276069677642985
140,0.2621703979176988,0.0620008393414036,5.0,5.13157056684336
141,0.2262203642641234,0.05368378096613613,5.0,5.260589004458662
142,0.2102453836601279,0.04637870205326017,5.0,5.292196773329811
143,0.284581473935434,0.05436460714287855,5.0,5.307731419247785
144,0.17572875217545536,0.03885911685589022,5.0,5.312883454256543
145,0.13554500245363355,0.022082942513258763,5.0,5.2775127888978
146,0.3141348133872768,0.06861788047202366,5.0,5.297394548867205
147,0.1642476796468335,0.03390103847482523,5.0,5.330752707271955
148,0.08371238989491658,0.018357249127061992,5.0,5.300805434971574
149,0.2923223945216511,0.06422947017992575,5.0,5.305257104637056
150,0.21408087487815441,0.0408292107425558,5.0,5.305832002745223
151,0.2995005567838598,0.06483755495650212,5.0,5.307658086197398
152,0.1504740672726308,0.02550354742122296,5.0,5.332068810851922
153,0.26487523732860274,0.05412035198864951,5.0,5.300307646834206
154,0.30594793784931684,0.06873909105151871,5.0,5.308044567168695
155,0.22595924352400054,0.05131986876963229,5.0,5.278114257162203
156,0.12130559139765995,0.023238880344518265,5.0,5.2534735795409215
157,0.13425201318703106,0.0307191600452687,5.0,5.266883320430784
158,0.18456572662734394,0.049794447210824266,5.0,5.288469516679584
159,0.11506297679208966,0.02582151838188923,5.0,5.29808419429699
160,0.1859900971315649,0.04000578771026447,5.0,5.3154063425677744
161,0.27816693427182937,0.06087300307490917,5.0,5.304477002509023
162,0.17881232427350002,0.04430345281354728,5.0,5.261620099941942
163,0.1866604847160811,0.032896004383487276,5.0,5.284281862005322
164,0.23777761430451805,0.05156235926416591,5.0,5.301330975891636
165,0.258339404553934,0.05784079866156827,5.0,5.265665414088296
166,0.1268329714865022,0.024905242877811817,5.0,5.285712214285843
167,0.18129206471805448,0.038982085135154776,5.0,5.313098164349421
168,0.29885903869351904,0.0742771430491968,5.0,5.3003954862224045
169,0.23980270690260475,0.04601767880292257,5.0,5.326935657395628
170,0.2969325278882142,0.06447693979612779,5.0,5.308013345870712
171,0.29675572141577633,0.0683100728128459,5.0,5.299253018265988
172,0.14123332212658868,0.030392762380516303,5.0,5.2928576757835
173,0.2840298695154422,0.05062985085320432,5.0,5.30734538199054
174,0.3886614568192317,0.06548914208014789,5.0,5.313709793994059
175,0.1949576224634002,0.040872867527741885,5.0,5.269475069846168
176,0.06746053225641924,0.018831457583411648,5.0,5.279886986512778
177,0.24468352614870925,0.05700752599260461,5.0,5.276175659718145
178,0.09141065736118059,0.02658234415849564,5.0,5.288367516407657
179,0.21108566941043683,0.04648441850399454,5.0,5.287687199030335
180,0.19994644465202427,0.04926689485722868,5.0,5.280436536619195
181,0.11232206390176191,0.025494414557890976,5.0,5.279129884869596
182,0.15186365739525076,0.03288253999949187,5.0,5.281853637159006
183,0.2956486158769218,0.0656961552729382,5.0,5.328880526281852
184,0.2511961453199276,0.05274169698922443,5.0,5.332743430670055
185,0.19819609597736365,0.05152629831708255,5.0,5.306641984291058
186,0.2137472913124625,0.04785893499405677,5.0,5.253616251088085
187,0.10684536009611234,0.02529806860232281,5.0,5.302487561075191
188,0.20946274814170485,0.04619550328278971,5.0,5.311571120926359
189,0.20578341905014708,0.04375117511861759,5.0,5.300172234872775
190,0.369407575999523,0.07945988661177239,5.0,5.331567034901017
191,0.2125539763675306,0.048620810212519905,5.0,5.288752646304413
192,0.12732374173736405,0.02473627955684915,5.0,5.283739980549216
193,0.3597227207728908,0.07890906583478802,5.0,5.3116327708025235
194,0.3417940129018351,0.07441231399130258,5.0,5.330626099643121
195,0.15700491379905235,0.03922579697530265,5.0,5.251943880180399
196,0.1647982200385505,0.033757780620848055,5.0,5.3096959155409085
197,0.1964684972347297,0.04177548714524115,5.0,5.297746394498617
198,0.12522930102434993,0.02661875337623995,5.0,5.2473935047727505
199,0.2184595912431635,0.05567474704852082,5.0,5.314294093278811
200,0.2907304208179704,0.0615386468154292,5.0,5.313557509131117
201,0.2124820787113737,0.04497414736553507,5.0,5.282337303804061
202,0.1601105994691714,0.034615270404599774,5.0,5.2747250562516435
203,0.21446720649269135,0.04497558227668036,5.0,5.306574495178049
204,0.3241253276612226,0.07545068565511337,5.0,5.3446739638032525
205,0.2955051709445615,0.05668929284400215,5.0,5.333399087660675
206,0.16967210473603855,0.036074747473596847,5.0,5.289176805332705
207,0.3383479419209192,0.07631888866117514,5.0,5.281495050598171
208,0.22686697348012252,0.04908175954766941,5.0,5.287678371154714
209,0.07072758845679505,0.016737994475434226,5.0,5.265123860172185
210,0.2928521599640881,0.06694577624516923,5.0,5.297212171674612
211,0.14915384698165068,0.034613075036645014,5.0,5.28745929505007
212,0.24390966124859248,0.05461019134246203,5.0,5.291736915561787
213,0.27227337072189606,0.05692271898276688,5.0,5.275519435508382
214,0.29928668302103567,0.07261109883834299,5.0,5.299409333320231
215,0.03748946416446497,0.01168413617573072,5.0,5.28094927833112
216,0.3417251503320897,0.03597042088727492,5.0,5.278499151596048
217,0.2561272125857894,0.049386194494633606,5.0,5.332934544721697
218,0.14218481776841307,0.03143174333966986,5.0,5.310829389605223
219,0.174768833435055,0.03682791944657532,5.0,5.301395535867144
220,0.21389020509176326,0.04511477328766034,5.0,5.0239322914980455
221,0.24539869504102407,0.05848110572508297,5.0,5.276707032947412
222,0.29544801149286304,0.06465470886601077,5.0,5.29961104087576
223,0.21308677301585432,0.047065609643483663,5.0,5.271878869509958
224,0.24579920244243247,0.05176792172807604,5.0,5.311849640903983
225,0.19070058326252437,0.04302806740606546,5.0,5.266268484258925
226,0.2194082151764447,0.04882401977795403,5.0,5.270868227405536
227,0.1440412318144284,0.029129383506845685,5.0,5.285771430473094
228,0.08070162867891706,0.019507613762383413,5.0,5.303912112385909
229,0.18854158206974914,0.036914484392774005,5.0,5.3345055772125605
230,0.31112810241656086,0.06446369558996962,5.0,5.298605130568355
231,0.25822885458710276,0.05977379018015738,5.0,5.279026890807721
232,0.18944268292579136,0.042557104937329115,5.0,5.268819794236235
233,0.22139949157286365,0.046620009451607436,5.0,5.294429246046803
234,0.2569485130500919,0.06303219519806169,5.0,5.302036668786592
235,0.20548161651125207,0.0466249257829619,5.0,5.285781295423471
236,0.2861914471316853,0.06457648503063529,5.0,5.272868403462256
237,0.21822456100094834,0.04836372936658945,5.0,5.266660261115934
238,0.10831589610220105,0.028282395927936577,5.0,5.261153677972388
239,0.19778582044357473,0.06163367992868812,5.0,5.289958934406496
240,0.19657362400665424,0.03947897174047488,5.0,5.322891623477837
241,0.28638878503191845,0.07081443893505845,5.0,5.089396893595826
242,0.2728650717523997,0.0650828168784871,5.0,5.284968086682662
243,0.3248580053928385,0.06860530532781928,5.0,5.313087854356473
244,0.13581196500496096,0.027781624724793785,5.0,5.275869204754633
245,0.19730931284487419,0.0439518719247764,5.0,5.314675687661685
246,0.20495097539955354,0.045864419652795196,5.0,5.2854756811651615
247,0.2319845332894226,0.05241749458800962,5.0,5.2474632353111605
248,0.22076332928217668,0.04767254900287743,5.0,5.287348224075625
249,0.22656432115438885,0.04568053041862297,5.0,5.307815475984796
250,0.10893914587117015,0.022627857608575164,5.0,5.320403683170838
251,0.12243273503738172,0.03268565909143528,5.0,5.279523965063966
252,0.221257876395075,0.04883813420374217,5.0,5.285634596231468
253,0.18529309169360508,0.04022107405186509,5.0,5.288463396154466
254,0.35132413802662876,0.07578108891481233,5.0,5.30230493253673
255,0.23004773041428295,0.04959573534130951,5.0,5.286121201592238
256,0.1883665112883175,0.03818199282779672,5.0,5.271871356086102
257,0.15173521122102396,0.03196984315323964,5.0,5.292815968391942
258,0.27948371645484027,0.05939193785834335,5.0,5.325841770625299
259,0.14371005722138364,0.029413192391109733,5.0,5.302289499717405
260,0.15917806545674185,0.03374167914163373,5.0,5.2862909461480445
261,0.32000719974543945,0.07332774952216847,5.0,5.307547521946354
262,0.2716071644142204,0.055141895504665805,5.0,5.296823695937425
263,0.3589288011067,0.07757120710298965,5.0,5.300628472550732
264,0.16715993073032287,0.03672413778792116,5.0,5.287549902527893
265,0.228308489309627,0.0518212932075168,5.0,5.253078402136966
266,0.14163362654485545,0.02721866785708027,5.0,5.304652479982543
267,0.23539490255741757,0.05138064948509946,5.0,5.321152858025213
268,0.18280228319706748,0.0376956695746431,5.0,5.3043695274218905
269,0.1936340529374314,0.040246360723276864,5.0,5.285294126929703
270,0.2327924564798054,0.046125154111861244,5.0,5.427525173962895
271,0.2613595542680125,0.05782797768875386,5.0,5.263788466609558
272,0.26983573236036706,0.05664026481406592,5.0,5.31155711044681
273,0.20012489599671834,0.044994143455903635,5.0,5.315623014239481
274,0.17021374406496426,0.03933543178977944,5.0,5.277430668778376
275,0.2409365102952279,0.051493440110541244,5.0,5.292052431436618
276,0.15621809842727852,0.03145671525032118,5.0,5.306495997533149
277,0.3748225922421171,0.0902175834285617,5.0,5.266982636962947
278,0.21146841232657732,0.042207262722657735,5.0,5.272258711295512
279,0.299674014354985,0.06810440164282469,5.0,5.272542821351136
280,0.15395366298373903,0.026531513023870634,5.0,5.27091758576967
281,0.15019667966659744,0.027687658812535876,5.0,5.297480515111923
282,0.20212225996159616,0.03860607623613854,5.0,5.276866933496516
283,0.22571620628158628,0.053189059499870794,5.0,5.331232441845648
284,0.45902554361887016,0.09554849215666,5.0,5.315868631322802
285,0.43255175265509105,0.0908866481794568,5.0,5.319849530604452
286,0.46474016853908173,0.10648321437186159,5.0,5.316400142739814
287,0.19954875619102697,0.0438288535609771,5.0,5.283693801112701
288,0.27149679259312776,0.05961138548573408,5.0,5.2832994762755
289,0.24692763129010808,0.05954921164462307,5.0,5.303229744711508
290,0.3697474561035714,0.08509072833151643,5.0,5.3465792225602105
291,0.23946362349127037,0.05744232903947094,5.0,5.27630221946648
292,0.2839180776947976,0.06310840500970272,5.0,5.292004028069659
293,0.2592658727315338,0.0524823348923355,5.0,5.324002215405779
294,0.21267262129937947,0.04555512491437014,5.0,5.289118943527535
295,0.2297200660804264,0.05600393075987617,5.0,5.256321797478911
296,0.17828523636652682,0.042428261627038,5.0,5.278428721798605
297,0.26756433384717715,0.060529068054884005,5.0,5.284909519116585
298,0.31955083263409856,0.0678131185842199,5.0,5.313638009887454
299,0.18209239768523666,0.04158757521621065,5.0,5.289560831518143
300,0.17981423307677336,0.03884390472261662,5.0,5.278807675709416
301,0.3083020943626966,0.06106688278989153,5.0,5.31143128944449
302,0.2746388456324307,0.06059148855727614,5.0,5.289364508060332
303,0.18833048588135193,0.04334370726313891,5.0,5.337936538277628
304,0.20511454616151514,0.04467359322881703,5.0,5.268080934071806
305,0.3282277924816639,0.06941939664119429,5.0,5.317155186090741
306,0.17462373958970523,0.03879542737083341,5.0,5.297774052001802
307,0.10776810393545033,0.023941320516571662,5.0,5.257751826717261
308,0.21906294147745764,0.04814310315048054,5.0,5.2809539099177005
309,0.17179468382728413,0.03505892029002605,5.0,5.2838208492290395
310,0.15410459467650872,0.03510433513401068,5.0,5.252083606036049
311,0.20934056430493042,0.04486512682683974,5.0,5.291164770519936
312,0.22153724544806197,0.047287669439961155,5.0,5.2947883534575
313,0.1773276691400043,0.03798199292322629,5.0,5.321805805853659
314,0.3302444088773522,0.0722717154923131,5.0,5.293538772124302
315,0.11345784164472161,0.024939259245873535,5.0,5.319863853109785
316,0.3028295894691062,0.0542479585909188,5.0,5.267887848805106
317,0.32598156878149,0.06733365322333923,5.0,5.312447192217968
318,0.10222986030566306,0.019162105294613763,5.0,5.289561574445276
319,0.11200542119756562,0.05281017249090997,5.0,5.280812590935353
320,0.22035350787407504,0.048114960162167486,5.0,5.290023734446629
321,0.2211684291204732,0.04725162017209872,5.0,5.304573023282879
322,0.20882402150782253,0.04435483262180262,5.0,5.30746134232877
323,0.09173505666741799,0.015919606419135812,5.0,5.265638552214051
324,0.24735249702017437,0.05476264581795495,5.0,5.283063232198257
325,0.19885537222919258,0.041957776357204435,5.0,5.325393494075419
326,0.3090452174270608,0.07336908948875256,5.0,5.28003589104431
327,0.09988467652784405,0.023472898238320716,5.0,5.264051788549704
328,0.2561984102507522,0.053117055916658884,5.0,5.305698869465756
329,0.2897412508187107,0.06640018067152809,5.0,5.279565652999407
330,0.3356780147987408,0.0804633334440999,5.0,5.305956359440325
331,0.3428414641433246,0.0748407068089022,5.0,5.333557110570375
332,0.3000047204199279,0.07296728247262943,5.0,5.277887069881642
333,0.15842350994173438,0.038723623774336746,5.0,5.327407851007013
334,0.13259404923283302,0.03134805457615797,5.0,5.303709978734377
335,0.18264556534241283,0.038107472266691256,5.0,5.289726982944938
336,0.16774967790963835,0.03718146455669902,5.0,5.29028740686889
337,0.18002037482363176,0.041552057457884595,5.0,5.267198272990177
338,0.284941400163067,0.06091530032676318,5.0,5.291278149502183
339,0.16444915055950582,0.033963493582126636,5.0,5.295801993118943
340,0.19975751350449444,0.04219230516935857,5.0,5.3093305722795225
341,0.26752979626131745,0.05849317143795385,5.0,5.294672226487478
342,0.21006670092439172,0.04164487819670604,5.0,5.2969907448752185
343,0.1713476453907501,0.04059544195920872,5.0,5.301995206825083
344,0.19159609837789948,0.05514967606105253,5.0,5.285752165679627
345,0.2099026347036934,0.05497810472956155,5.0,5.303520998528146
346,0.2890411384739595,0.07379110756749191,5.0,5.281235019459318
347,0.1854699976478582,0.04228332661286005,5.0,5.267441007898652
348,0.1613109467441678,0.040669273167349806,5.0,5.26131834665974
349,0.3305914047404974,0.06988174796280239,5.0,5.302573057054483
350,0.2137608066239518,0.05579217635366712,5.0,5.280269776403088
351,0.19137507914639929,0.04857778305072319,5.0,5.2847021271124195
352,0.26325060052463245,0.06843770918926612,5.0,5.266118364723997
353,0.2756596955371591,0.0709281071436415,5.0,5.2528637770827125
354,0.2718772044619888,0.06509050711529113,5.0,5.278257895137983
355,0.3224691011529941,0.08699583567061636,5.0,5.252906565467681
356,0.19335296082491404,0.04896460893547466,5.0,5.251611220653993
357,0.16923261541888812,0.047443405556248486,5.0,5.311401233632642
358,0.2953375177208821,0.0795313248674075,5.0,5.279558394547514
359,0.23882136878092664,0.062292938765172945,5.0,5.297607986177759
360,0.1735547009599998,0.01804247511159618,5.0,5.229856838689457
361,0.2075323475268711,0.054479023898169554,5.0,5.253858385709682
362,0.21993501989802167,0.05181504530054387,5.0,5.281647558719236
363,0.17885338146977148,0.03302036028938937,5.0,5.2427066157945745
364,0.24624602086479253,0.04706657584851953,5.0,5.29274446877384
365,0.20720156210295415,0.053893605399026545,5.0,5.310567001849282
366,0.31806308443046083,0.07085223702618287,5.0,5.291691196805095
367,0.2918215185058157,0.07001283599355707,5.0,5.27812575684786
368,0.19257066085670416,0.05591423865675499,5.0,5.2846153528703965
369,0.28224226342194325,0.06332012932245829,5.0,5.329694944654921
370,0.32128325072734754,0.0670782996996474,5.0,5.293024361662866
371,0.15218213392174418,0.038882290795028585,5.0,5.273991901187793
372,0.30039805371922235,0.06303145134450094,5.0,5.283750399785472
373,0.4059473670020832,0.06515875883628253,5.0,5.281062701333754
374,0.17604963423896303,0.04528577145416163,5.0,5.210037223269932
375,0.2562995565838768,0.0654903497776731,5.0,5.29306231617567
376,0.21545418476253175,0.05261996870867047,5.0,5.27342289826831
377,0.21771434060690642,0.05654162445039046,5.0,5.283429035458989
378,0.282630709578527,0.06883254920963106,5.0,5.288410109529442
379,0.2415505484357634,0.04989204309765133,5.0,5.324347060692194
380,0.3445328121877016,0.09452708984446362,5.0,5.257320459941068
381,0.3583655544266018,0.09183326115137624,5.0,5.268870965871315
382,0.1647742089074853,0.041441819686666215,5.0,5.3006711231812265
383,0.24066952697046573,0.05585435493654578,5.0,5.271619886418453
384,0.24826812464843218,0.0535183785998552,5.0,5.3063668512744755
385,0.17740234585001424,0.04553898453480504,5.0,5.307998578534416
386,0.26940766717684883,0.07384549751608604,5.0,5.249325596626173
387,0.24738297644733187,0.05770979082407224,5.0,5.312335070471024
388,0.12055810151859503,0.02880047607845887,5.0,5.27596364680508
389,0.11207967168372979,0.03591696962086566,5.0,5.3212645643350065
390,0.1540410697572927,0.03935268675504666,5.0,5.270692897393445
391,0.1651501906344064,0.041889338582568436,5.0,5.263587547137023
392,0.22955793634988364,0.055381587876415894,5.0,5.299779473814166
393,0.19214902051411897,0.04482635985394079,5.0,5.306901743456702
394,0.23981452039998552,0.051251293142729526,5.0,5.319484846973239
395,0.18289427743748976,0.04320913883810762,5.0,5.299818119522595
396,0.32953724571258514,0.07941497619563137,5.0,5.308507345102962
397,0.2439251151128763,0.05898201484060589,5.0,5.287101771074676
398,0.26951720801726253,0.06089708781377606,5.0,5.3071830532475595
399,0.20006129589683086,0.05225681524204062,5.0,5.284447194785811
400,0.2012643465363979,0.05342569379782475,5.0,5.29058120214434
401,0.40462406550728414,0.10376615497796665,5.0,5.255941633550405
402,0.21142143117581558,0.047494606160431274,5.0,5.276090648336522
403,0.1051254455120012,0.02584614294757387,5.0,5.274341171977328
404,0.22935368871972028,0.06028442411027868,5.0,5.237453561428982
405,0.27017672835380124,0.06417378651787081,5.0,5.279330464630778
406,0.29182588656236774,0.0686572378657927,5.0,5.318789828839643
407,0.2451135153238173,0.0665004411900596,5.0,5.273426507770047
408,0.16664228744847653,0.039822653230761174,5.0,5.2785812609386795
409,0.20754887332388128,0.05279566477568637,5.0,5.282546741612535
410,0.31121100674461966,0.07711941783970166,5.0,5.286809427742432
411,0.35237864260715734,0.09181939840841452,5.0,5.295480223442874
412,0.39708438912862043,0.0927266130775718,5.0,5.314079975214767
413,0.3167780151838877,0.07741521836802168,5.0,5.300150039480309
414,0.2691080285507532,0.06697033306074118,5.0,5.26191803861515
415,0.16051720196600305,0.03917220676576416,5.0,5.285299563171888
416,0.2797934443741612,0.06941215979106796,5.0,5.302062653860142
417,0.24352550269516704,0.05552483591244178,5.0,5.2822450437495405
418,0.30368421790487776,0.03548115469876606,5.0,5.290814359111504
419,0.14025835906768225,0.031740761481100666,5.0,5.326631057502187
420,0.19803830248707177,0.045958771584043545,5.0,5.2898199026522175
421,0.18320566654464376,0.043867495122820344,5.0,5.292738783133792
422,0.33088399306997873,0.07946790331078857,5.0,5.3170084236536574
423,0.18452836019937968,0.03909457655343768,5.0,5.249149682876464
424,0.17790271293053128,0.04403667748688944,5.0,5.265540076381283
425,0.23114624563928854,0.059341071437761794,5.0,5.263590498403854
426,0.3526566209810176,0.09484552350832848,5.0,5.339809969451403
427,0.1944002727164975,0.06270800886145522,5.0,5.255343343665162
428,0.17767017979081312,0.04375451682135084,5.0,5.0
429,0.1178409981640105,0.03409242696210746,5.0,5.295021320249678
430,0.2961739714698568,0.07139647729198767,5.0,5.278565506398731
431,0.19058228706193425,0.04621705742014831,5.0,5.280731643802312
432,0.2531683060866916,0.06157734002515358,5.0,5.293043455459303
433,0.21790940042069118,0.06097144077625183,5.0,5.273504063868684
434,0.24995245484765238,0.061169365056240765,5.0,5.296464756638457
435,0.28929641504620096,0.0738463409305673,5.0,5.31237401148152
436,0.20351967061818854,0.049898919287896304,5.0,5.3053928738117495
437,0.2944491649599976,0.05638993173996193,5.0,5.306476835405549
438,0.2530778021071687,0.049198286838027794,5.0,5.255169634291494
439,0.23088927587193608,0.05665530496847054,5.0,5.271419756580773
440,0.20556501772341518,0.04838180515077739,5.0,5.284919673138084
441,0.1882362693592523,0.07590876913963657,5.0,5.2808913996598505
442,0.2585026564053643,0.06089615959023775,5.0,5.289055057153691
443,0.13322335251981432,0.03153833636645237,5.0,5.306863444322394
444,0.4413274782956036,0.12181941649146755,5.0,4.9713378856126145
445,0.24723005388959418,0.059162101222095975,5.0,5.311828874301776
446,0.29853102772068807,0.07349581445783315,5.0,5.278364779279299
447,0.10924194896478201,0.027300553831139773,5.0,5.309529856794555
448,0.27794922194096694,0.06453304272997284,5.0,5.294155455215224
449,0.23135055590166442,0.06195507334456879,5.0,5.277529968030734
450,0.19519652884963112,0.06481975812667573,5.0,5.302115110057306
451,0.22341207470061697,0.07076209585877685,5.0,5.284216362952661
452,0.24021256493530463,0.054958401400865,5.0,5.2613078457239215
453,0.1881967428446738,0.04280183797423587,5.0,5.2659648235851275
454,0.20620484819561247,0.05331536166265166,5.0,5.268295256221718
455,0.21830245931662629,0.05646437798887838,5.0,5.306524314528458
456,0.1646000629261246,0.040100153124904114,5.0,5.3073683513270975
457,0.12241878204013767,0.02755016541343691,5.0,5.2888288473306755
458,0.3361713757559719,0.08355963030543717,5.0,5.2891332596749585
459,0.2863852497547037,0.07049796012005904,5.0,5.284349407289692
460,0.16934311021945714,0.03766397016206097,5.0,5.2745280233084735
461,0.22024246863571073,0.0393523105523656,5.0,5.304755332155819
462,0.25489290131029585,0.06394232137589778,5.0,5.27096796488804
463,0.16163240824805603,0.03758459724226326,5.0,5.319099521692019
464,0.1943320222974989,0.04895205614367387,5.0,5.264279640052463
465,0.14938007480890292,0.07169647215763858,5.0,5.256226308834782
466,0.17983300157365556,0.03975794206329758,5.0,5.289857808960576
467,0.1714918569400703,0.04030501146853743,5.0,5.318989037363631
468,0.1441227166923178,0.03262856453056601,5.0,5.278355663950585
469,0.22890648809347613,0.05724302149803834,5.0,5.300729888380733
470,0.2908020657109789,0.0751342812535325,5.0,5.290701676372915
471,0.13665827807119868,0.03340266456017521,5.0,5.2632466598896155
472,0.18888673127776112,0.05274469735224613,5.0,5.258615396564368
473,0.25917276770092856,0.07653268303295296,5.0,5.3039475336505415
474,0.12635007238362994,0.027020870223921356,5.0,5.310836763741644
475,0.20334361195842665,0.046191596032715276,5.0,5.3211423717268325
476,0.35025520348055617,0.08704467810804728,5.0,5.293981053944448
477,0.2843888181200773,0.07495178705609618,5.0,5.275433082052077
478,0.26300591707903687,0.06909190867279741,5.0,5.283591889228774
479,0.2801714217294111,0.05930174105716529,5.0,5.291805496368047
480,0.10942513752248773,0.030018906374605858,5.0,5.242517338320241
481,0.23317331624284354,0.06781665253436975,5.0,5.336719615005334
482,0.20230392285041754,0.0422695697291659,5.0,5.279587611016501
483,0.3336294213284987,0.08791138493765616,5.0,5.282316406736172
484,0.21194239167150752,0.053206848783820204,5.0,5.304736553828304
485,0.34417939237422956,0.08190709876600538,5.0,5.281153279717525
486,0.08027546269271602,0.019481481429847125,5.0,5.2597307518926595
487,0.20898776045814405,0.051722754499656354,5.0,5.2941072046492454
488,0.3265759741603551,0.07975048087147735,5.0,5.288392648877744
489,0.325833984327657,0.07510200565137332,5.0,5.280939583091389
490,0.23379069187244794,0.05886383578228249,5.0,5.310598697004867
491,0.1580013161783853,0.03806597361635239,5.0,5.2692766879641795
492,0.1822761293283599,0.04549684657644848,5.0,5.266519941555288
493,0.2803861590746215,0.0671133653978504,5.0,5.299808525721605
494,0.22071780167335509,0.04966381345750792,5.0,5.254442700276485
495,0.15234308176811995,0.027419619840375276,5.0,5.300401063229918
496,0.2707343573639527,0.064836006493796,5.0,5.2905172837178505
497,0.2699464640578919,0.06920919851733098,5.0,5.263412308791118
498,0.26208835963536226,0.06595734927141245,5.0,5.280083158727225
499,0.19795839514779234,0.04731740244559135,5.0,5.2780750980567515
500,0.2016451654705611,0.049243308338979275,5.0,5.277201436059569
501,0.3387031096792552,0.08419980143529943,5.0,5.258800321892094
502,0.1449133168488057,0.03489781192872177,5.0,5.270970202016487
503,0.30408499499710406,0.07174546407254634,5.0,5.311330669093595
504,0.2869737398264962,0.05781492739751348,5.0,5.286696175935219
505,0.18544311831962257,0.04447031206838287,5.0,5.2861322371286334
506,0.28414711284869476,0.06163418303064916,5.0,5.285234055498362
507,0.2631560857012909,0.06416444702796403,5.0,5.286752295648398
508,0.17052411049587501,0.04256791808027394,5.0,5.304650052777982
509,0.19536216988533606,0.05310257798301177,5.0,5.30304290885967
510,0.2591562550597255,0.07157429159812256,5.0,5.24776137954805
511,0.2742331835055716,0.06740160748222568,5.0,5.290563075257557
512,0.1133996923725975,0.037924397948112365,5.0,5.28421653218464
513,0.2507180760846579,0.07181157786288295,5.0,5.2658640363528075
514,0.13438460115148088,0.035965385990678944,5.0,5.289850419916267
515,0.22301129055974478,0.05759650983743436,5.0,5.24362245272834
516,0.2756207547432725,0.06401477219009694,5.0,5.264189777212707
517,0.14447580535192595,0.03852878534729837,5.0,5.2688931086286495
518,0.35314751933880073,0.08499245575650588,5.0,5.28596244144885
519,0.35759451062569614,0.07610805531034692,5.0,5.324050003149976
520,0.34981128332119815,0.07881801805568878,5.0,4.994922810457929
521,0.19796706163290678,0.05100903622263675,5.0,5.2615580577159005
522,0.23414256226949726,0.05786395487065171,5.0,5.305456245803306
523,0.32668985641882897,0.08276496393425758,5.0,5.27176218300589
524,0.19323442068647667,0.03457985718207618,5.0,5.303050874851083
525,0.22259043142392,0.05548327211323656,5.0,5.29514933531094
526,0.21069777277156354,0.05915708207488096,5.0,5.320426326487802
527,0.4301730841299658,0.0971951927184801,5.0,5.305320950207468
528,0.20077747589108141,0.04668347097153441,5.0,5.304952038123121
529,0.22935682211488762,0.060708677493608476,5.0,5.3050319079647235
530,0.1424741992575429,0.029375556475590647,5.0,5.309310187858962
531,0.20408039455377636,0.04905946169755665,5.0,5.276693316396157
532,0.15722139363022403,0.04318951626938916,5.0,5.274305515914337
533,0.18038363254865186,0.02111065128304862,5.0,5.308724973758343
534,0.28241814359841877,0.07440367640372997,5.0,5.244319302984408
535,0.14296520855529327,0.03571072940074771,5.0,5.291264354559404
536,0.15738554063981391,0.03427857680766849,5.0,5.2594227854740705
537,0.2668048701997938,0.06739762560333196,5.0,5.304782832028936
538,0.19477474147654972,0.04522222082745181,5.0,5.334745745850089
539,0.22730079680442272,0.053691358381037835,5.0,5.300015175332344
540,0.15938079367909563,0.04149478726199063,5.0,5.280742451282077
541,0.23040332734261626,0.06340750572800752,5.0,5.262378832954333
542,0.16412421227570695,0.03508344273630165,5.0,5.301611481502304
543,0.141187092958303,0.03870130307180675,5.0,5.2706657585589145
544,0.3796264750652343,0.08312545936542381,5.0,5.325573533758643
545,0.19304674842839153,0.05453223797854595,5.0,5.255912189958121
546,0.2784444766345777,0.07977290007644688,5.0,5.270285575454219
547,0.24400411066532857,0.06066759061841309,5.0,5.302184457195862
548,0.3115061791049045,0.05585334918267959,5.0,5.313555892297481
549,0.26712972032085935,0.07216250305364175,5.0,5.279790261580324
550,0.33154637119866504,0.08123913584999515,5.0,5.25729501114804
551,0.1868808766893284,0.0510335276584471,5.0,5.267853561748792
552,0.26275636863359586,0.06365637044846284,5.0,5.30788350357434
553,0.15674806366704463,0.043422004189786034,5.0,5.3082758959800636
554,0.1577830582699573,0.034976740961173924,5.0,5.280322547104674
555,0.18904384256409212,0.049983733960573096,5.0,5.280907341624141
556,0.2767222939750993,0.06894029020003761,5.0,5.289431747893207
557,0.2221053638648962,0.04783408864090305,5.0,5.289478432450734
558,0.3818742993679538,0.09154793729112165,5.0,5.3106868312923705
559,0.26321650471940194,0.06769816202700873,5.0,5.25784857241038
560,0.19689396116702573,0.048509973998627276,5.0,5.280750696777439
561,0.18716945574491617,0.04832403494557774,5.0,5.291364736155453
562,0.18104943719731748,0.043647846584834726,5.0,5.261158158248129
563,0.21217211785001733,0.05173950314902287,5.0,5.282603770027485
564,0.16883938295313738,0.04228724060747058,5.0,5.28789135557683
565,0.36863847657902626,0.07813629410135631,5.0,5.295232463231878
566,0.1763361702968098,0.043688684200865247,5.0,5.263088472220492
567,0.40327951552821895,0.10199270829415186,5.0,5.280787860870371
568,0.13663181986691653,0.03136940801796778,5.0,5.302120533772623
569,0.29736470449509955,0.077714579696752,5.0,5.271908628451802
570,0.21291735632575848,0.05349684617540973,5.0,5.272868399304516
571,0.23140002771248813,0.06176027809954987,5.0,5.265935473863221
572,0.2459975138765178,0.06019327054777701,5.0,5.303707695053932
573,0.32796849500088143,0.08433632709224292,5.0,5.284003776891932
574,0.24208615579783066,0.06012875831444969,5.0,5.282581391995826
575,0.24062029345520286,0.054581625528948574,5.0,5.265761867347889
576,0.19506932575142377,0.04849970120353836,5.0,5.256665536728029
577,0.3591991845541511,0.07848692236740662,5.0,5.327423744899953
578,0.24732688960030447,0.0712757592677965,5.0,5.295726485129837
579,0.31052377898219374,0.0783590546285946,5.0,5.2856350494922655
580,0.1721384313090044,0.042037209239012885,5.0,5.296921870466242
581,0.18425318555614134,0.040165373642443936,5.0,5.292498123444833
582,0.37129838174006213,0.09176900923469328,5.0,5.262507876272631
583,0.15608206563807703,0.04242326471907526,5.0,5.279224734773953
584,0.1828149060601043,0.044477096596598764,5.0,5.322927018981076
585,0.28127623408045066,0.06946674945432169,5.0,5.299077889711068
586,0.2692478208146367,0.073979018367545,5.0,5.282423171982273
587,0.20670257225399502,0.051993838914887736,5.0,5.278856906864231
588,0.3077361462461654,0.06938474589544147,5.0,5.292595899914385
589,0.20800860505911434,0.05471306795745706,5.0,5.251514306418459
590,0.2862775502422694,0.07386908622482535,5.0,5.315293939458412
591,0.22906332150731168,0.06017209300837362,5.0,5.246976106349797
592,0.24512206432399997,0.05465598292174284,5.0,5.287891715705273
593,0.34315204080939976,0.06498841154581614,5.0,5.297219388915906
594,0.09959540625593699,0.023503636684372775,5.0,5.27840587686681
595,0.11399329358790466,0.028367063336236176,5.0,5.305773776157965
596,0.2297502711626258,0.055757729838418035,5.0,5.31455360651532
597,0.1901785635753761,0.05212184927039626,5.0,5.350978947425125
598,0.19909279544620917,0.04863168547113722,5.0,5.315612790808997
599,0.32232557132879713,0.08114629885240748,5.0,5.288667926686266
600,0.22204732995970988,0.04779616803108688,5.0,5.31441127042096
601,0.38605469462582187,0.09478769099846568,5.0,5.301411561523208
602,0.20682221531206912,0.047781219540298625,5.0,5.281320116845691
603,0.2897535742717059,0.07498856869189519,5.0,5.256009665339514
604,0.24818986499379125,0.06816197898723114,5.0,5.261535595468798
605,0.3253523618019658,0.07889598433763517,5.0,5.281279815896465
606,0.2939944627283715,0.0756903885439949,5.0,5.293006555541684
607,0.31614451856768766,0.07219317123918928,5.0,5.312472977375728
608,0.18013751069986017,0.04490128531317694,5.0,5.2730347081589635
609,0.15767452963691597,0.04294495576439228,5.0,5.2634690401532325
610,0.2256925891945627,0.06004084503912843,5.0,5.253946079912168
611,0.18837665680912252,0.0472010881511255,5.0,5.2500266191014155
612,0.20838817661175035,0.05001767420603859,5.0,5.289599573790351
613,0.23861780823123713,0.05740688489169893,5.0,5.252379879670999
614,0.18543814042570972,0.044081148975334994,5.0,5.271359483008604
615,0.19847302531150168,0.04464841605218739,5.0,5.305555193486171
616,0.206841408207441,0.051094024795921344,5.0,5.279379649023559
617,0.239578140108901,0.06122223086770012,5.0,5.270261023247826
618,0.28319685716465126,0.055144139818029625,5.0,5.285508494415758
619,0.2226956858642204,0.05061043211798699,5.0,5.285530242432674
620,0.17321402066434488,0.036871236744465796,5.0,5.30703348626135
621,0.14954031412960522,0.037169934466763976,5.0,5.30179911987215
622,0.1743883260264194,0.052058478209606185,5.0,5.279971108824002
623,0.19531015562214726,0.049989790175891946,5.0,5.324557625569568
624,0.1967994835050526,0.047448159743818163,5.0,5.266696858356248
625,0.2733609496513003,0.06609893933653316,5.0,5.304845562843541
626,0.20997947710823128,0.051293167281400986,5.0,5.269533683350192
627,0.34526234895933094,0.088985773325155,5.0,5.261720120345057
628,0.18630759659133633,0.041942768436963485,5.0,5.287886146606189
629,0.23680158687815012,0.05693991774540147,5.0,5.264192355044077
630,0.3411893865162148,0.07974489801772394,5.0,5.286705044618998
631,0.26822811348345343,0.06780203069523616,5.0,5.269301786110674
632,0.37436885204885617,0.0978599913441518,5.0,5.299251468800739
633,0.2155531665387289,0.060689057706820926,5.0,5.349995967002368
634,0.37122951669256077,0.08873184583307436,5.0,5.312656067752952
635,0.23227271612468714,0.05617462526921624,5.0,5.316602303049969
636,0.27024425557976617,0.06830553125963906,5.0,5.272471077723999
637,0.28879882117465416,0.06997651166931174,5.0,5.302828767567291
638,0.19782233358848011,0.042232561035037364,5.0,5.312424398333624
639,0.1991968089640086,0.049741416836598495,5.0,5.284142764386424
640,0.2847299444672895,0.06708801050688445,5.0,5.286898229312724
641,0.1596366016689177,0.03911036337806656,5.0,5.247699243655601
642,0.3394967494173433,0.06663421428643701,5.0,5.284271274523018
643,0.27908125895289015,0.07358240833243829,5.0,4.998125229973347
644,0.22129227484787228,0.06290566231638989,5.0,5.27240475866277
645,0.2881229073438569,0.06574974714029147,5.0,5.314971357456635
646,0.14259439855313794,0.02909185151705418,5.0,5.310682847246273
647,0.24589108840330987,0.06241097424373909,5.0,5.274179290043266
648,0.40401813056315916,0.10556983600910202,5.0,5.286939701520037
649,0.16507333371296484,0.05390255619511686,5.0,5.312040072514339
650,0.15369120163779915,0.03938570537288394,5.0,5.260031008591568
651,0.30878524108518657,0.039354589647387916,5.0,5.283041816423069
652,0.283414991667442,0.06929547510194628,5.0,5.26613353573814
653,0.13028028884488596,0.030417671141096392,5.0,5.291379861633798
654,0.32867875318930206,0.09493603180167165,5.0,5.314006463971888
655,0.19083252659167393,0.0460184587079287,5.0,5.327584344245073
656,0.19495310335281513,0.04898698142841246,5.0,5.259026401324487
657,0.10789375296576065,0.021402085058377485,5.0,5.301713588278885
658,0.22544964510192456,0.0580658731397975,5.0,5.297394261185531
659,0.26560936906241284,0.07362291047995656,5.0,5.271354182419321
660,0.19608640465276483,0.05071550583845974,5.0,5.256582479282148
661,0.20072931966199126,0.04506296319520531,5.0,5.275417502557378
662,0.33616036173033903,0.08160531245048325,5.0,5.334658325535324
663,0.31772888357238194,0.06199758030525368,5.0,5.240278786264989
664,0.13085366714127256,0.03332162577304043,5.0,5.278827407999778
665,0.17135509942386706,0.03164593609717231,5.0,5.335797280852752
666,0.41154869139669503,0.09464070576438305,5.0,5.298205176550876
667,0.2337119465355133,0.06046401729280515,5.0,5.26438665728846
668,0.2721500246071322,0.06638514380710647,5.0,5.312207308240726
669,0.35720484468661784,0.09132131208987826,5.0,5.258476675649657
670,0.17540495094763453,0.04865383685923125,5.0,5.272034544120761
671,0.11793348376378288,0.027454859143584975,5.0,5.305336662452094
672,0.1793187235097864,0.04183059838725739,5.0,5.279539005157918
673,0.15851719089301985,0.04335162345330018,5.0,5.279933185849144
674,0.26759271077938784,0.060081951222646035,5.0,5.283021167207451
675,0.2713595056048148,0.07380028575763509,5.0,5.255491325745991
676,0.2915276812436982,0.06998944450643152,5.0,5.303543893219729
677,0.30336525768356415,0.08530446717334556,5.0,5.091363440261292
678,0.1323135848442143,0.027903782856575632,5.0,5.289163665832701
679,0.16011273685552796,0.038818030683509974,5.0,5.290349713355127
680,0.20935849213896662,0.05002380610614893,5.0,5.299081268798638
681,0.18461858523516184,0.05614619057688236,5.0,5.299555630854895
682,0.2256186618189484,0.05644822351709239,5.0,5.300003811494864
683,0.31806600868995116,0.08349151197239985,5.0,5.266760857256241
684,0.298473685118418,0.07487818210349673,5.0,5.264413020680134
685,0.15407616760920884,0.03592617579737034,5.0,5.285328102166833
686,0.14092032112266661,0.023426022525436796,5.0,5.3334472612943795
687,0.17724495967687437,0.03922953840179355,5.0,5.2772112133841365
688,0.28130355493078185,0.064438268950048,5.0,5.2827481103623875
689,0.22432466580733346,0.04845437374087275,5.0,5.31463176141143
690,0.19031760207114634,0.04359101667663384,5.0,5.267260783932013
691,0.19567672986115525,0.04348553061417887,5.0,5.3166996441370085
692,0.25695177593046714,0.05974260521792374,5.0,5.289578134328661
693,0.19690362783200155,0.04361141046364664,5.0,5.30561329920066
694,0.22858139123832122,0.050745693100287315,5.0,5.310652396799069
695,0.13674882548472178,0.039367986593190685,5.0,5.264566316950372
696,0.16325604893695012,0.03629657190677715,5.0,5.290533419580701
697,0.25789555555445576,0.06158172086047492,5.0,5.253767598808441
698,0.13249621587394667,0.0300935481742991,5.0,5.270281923315325
699,0.15675720707702,0.033598419102576105,5.0,5.2922953508087645
700,0.20102567796243997,0.04546658200244019,5.0,5.283096403137941
701,0.19571442283252827,0.045469292041427745,5.0,5.24698523377066
702,0.15413396470030571,0.03719770487640969,5.0,5.242850815971467
703,0.22238935427173323,0.0454702172456643,5.0,5.34741870361314
704,0.26610577362079346,0.05807191485677499,5.0,5.307700743658499
705,0.2367876131090516,0.054473115127063765,5.0,5.261961177827281
706,0.18508722209486672,0.04120779232942362,5.0,5.3194315250256174
707,0.18620311680899038,0.0408246106883795,5.0,5.296590493266091
708,0.2682077956092981,0.0626964387640212,5.0,5.280844353269707
709,0.15203074439834796,0.033871825476378015,5.0,5.305306929304923
710,0.29956532659738455,0.06713696798281338,5.0,5.278846294169091
711,0.21319208254511768,0.04414212938440254,5.0,5.32472362194599
712,0.3388822943141585,0.07762641228523676,5.0,5.284289926370285
713,0.37395482402391345,0.08701718595150576,5.0,5.274246297099916
714,0.20302653781356095,0.044927900895205264,5.0,5.311623181271541
715,0.16911436317069106,0.03525100883700427,5.0,5.350048715447793
716,0.12950265283918405,0.02735995741474384,5.0,5.300379536163398
717,0.15907686667090615,0.03530799968976689,5.0,5.28029059552547
718,0.24208498177040738,0.05507299715027297,5.0,5.285569078402945
719,0.24182978812136402,0.05337218988124537,5.0,5.297117426619806
720,0.26167450470797027,0.060572809052078125,5.0,5.273425116327486
721,0.1251968633744558,0.0277997872504549,5.0,5.283802392703532
722,0.34560638003100363,0.07607280973321318,5.0,5.291125080827266
723,0.20995395947939466,0.04684994494443667,5.0,5.305615790188982
724,0.24872073515544035,0.05577514579881554,5.0,5.286395147405694
725,0.21972503772214536,0.05027741143632358,5.0,5.29043568931753
726,0.270247619243031,0.06341576525170187,5.0,5.25199364015708
727,0.21364402928901516,0.04505163906426257,5.0,5.335837640056109
728,0.08224632807946253,0.024711410354251395,5.0,5.28082195137733
729,0.1741328726847402,0.038589954451737074,5.0,5.309151095676121
730,0.22699352672654172,0.05069151464016719,5.0,5.277203351870874
731,0.1747004742445042,0.055810683302549347,5.0,5.286178034127911
732,0.06594063822395468,0.016428698402949804,5.0,5.267305944273071
733,0.21398090769188638,0.046981914766923316,5.0,5.287466615137966
734,0.06748881673936125,0.014710595675149762,5.0,5.285581318931252
735,0.22201676375686152,0.05153753502148692,5.0,5.253986872370131
736,0.0911321522223536,0.02076187080362063,5.0,5.301989327569503
737,0.1383346532798393,0.03166281006056043,5.0,5.283879860135476
738,0.24353798542865812,0.05684019000850157,5.0,5.254524397029812
739,0.188894194762945,0.04036021275603974,5.0,5.289073355230274
740,0.18702790615177523,0.039604629624428234,5.0,5.327112919209895
741,0.2190515944278515,0.04726551983118782,5.0,5.299869662874768
742,0.16312180485343264,0.03664582993627796,5.0,5.310900208521012
743,0.2383461988917479,0.05195322448359374,5.0,5.3118252598981375
744,0.11820639403792632,0.026809561543256477,5.0,5.278289704692067
745,0.21753626706969675,0.046955712150029805,5.0,5.32053568660503
746,0.30553342617487966,0.06842169729262776,5.0,5.315520131979161
747,0.2675598795886185,0.058066961016250584,5.0,5.290208293912029
748,0.1276730901822336,0.027845791950487364,5.0,5.354213824636176
749,0.1856736629111797,0.03957730790796793,5.0,5.314594734304041
750,0.3572699715124683,0.08188093495505189,5.0,5.283332258260085
751,0.20442820037548293,0.048039155067722966,5.0,5.253426652100295
752,0.40926159195057,0.0924373200004816,5.0,5.299926441357057
753,0.16953747699819854,0.03846690660513835,5.0,5.283704535020899
754,0.2345711511347035,0.05267622028034741,5.0,5.3123401147330895
755,0.16962589608134637,0.03682132487578538,5.0,5.286734797572352
756,0.1460380037380138,0.03353253573619991,5.0,5.263897677418674
757,0.24677250536620488,0.05306887068595767,5.0,5.286989717485335
758,0.3158341053219438,0.06943344469385215,5.0,5.319119723406427
759,0.24769408507903545,0.04442500342198252,5.0,5.286505017349574
760,0.2936304202018958,0.0686340359655663,5.0,5.267772348058752
761,0.2375875560869114,0.051172622704004134,5.0,5.313428075608071
762,0.1535827824281295,0.03302615510969559,5.0,5.301680234672368
763,0.16696093671234458,0.037846364277042965,5.0,5.273810550364333
764,0.238420637757226,0.05056909747958782,5.0,5.3221450011912275
765,0.14519646660855767,0.03331422178377769,5.0,5.261181450563681
766,0.2303999576648359,0.049042026759501256,5.0,5.336459229525055
767,0.17222672463546318,0.04117016026516829,5.0,5.259452503940887
768,0.18120893159708462,0.039448451049482025,5.0,5.307154948624362
769,0.261402234382379,0.05851065250352522,5.0,5.291041556609279
770,0.24290672040742134,0.058264423381237385,5.0,5.276400130754535
771,0.2624336183705811,0.05662620696910142,5.0,5.318522613423049
772,0.31059012395156893,0.07043328952591466,5.0,5.280652640074814
773,0.2074288084214011,0.04703209579452422,5.0,5.271621529802788
774,0.24655645209747967,0.055710850052903105,5.0,5.309401162694316
775,0.22030335220212405,0.04979460527733909,5.0,5.29896675446107
776,0.3221793869054681,0.07219115804412102,5.0,5.305293179453869
777,0.2906812494581539,0.06197478057162803,5.0,5.3704747963617905
778,0.21635271195289163,0.046363532584809186,5.0,5.340599343430403
779,0.26848568317644794,0.060651733609750014,5.0,5.284656526889666
780,0.20422072138987635,0.04432260322357073,5.0,5.332406157200857
781,0.2505753131954904,0.05594915957788443,5.0,5.303271699122822
782,0.19786214729498663,0.04465720658767525,5.0,5.274649145856269
783,0.22781122413017818,0.04982255858561002,5.0,5.302920387591392
784,0.08655795482089856,0.02109444856112952,5.0,5.274515576157857
785,0.19138959210348427,0.04271682103554275,5.0,5.293390921752552
786,0.15572853143279852,0.036434442079589235,5.0,5.261696039118338
787,0.21791580018840695,0.04852540319245596,5.0,5.286219510724193
788,0.16248032016445935,0.03711501190647348,5.0,5.296722004503689
789,0.20866013352977997,0.04819303881792031,5.0,5.25293284010905
790,0.304976862291477,0.06790471623070293,5.0,5.310750070804637
791,0.2676154946345488,0.05757110932348247,5.0,5.3114222455988624
792,0.25855629965977345,0.05649551211082188,5.0,5.304736369631611
793,0.16557465366813195,0.038371435469413406,5.0,5.269111680305274
794,0.23289925278565815,0.050480335895553174,5.0,5.299879381581212
795,0.19782516371358616,0.044668188232206196,5.0,5.2630670220545195
796,0.23642276870283307,0.05326091789588361,5.0,5.299703028066949
797,0.26184139617823576,0.059795578345773814,5.0,5.274906955568142
798,0.23020521594042287,0.05043489423022829,5.0,5.28868138023304
799,0.38734670411507577,0.08644054260834294,5.0,5.310673397550909
800,0.26941677702224776,0.06360234409774607,5.0,5.257309976531177
801,0.24448838482448498,0.05597940467899337,5.0,5.273918352988121
802,0.21335714327587763,0.04648538025672899,5.0,5.2992153602692404
803,0.24421469096704862,0.05943912657750999,5.0,5.2913594825723465
804,0.25305017320808676,0.0536430041767153,5.0,5.340188301575388
805,0.2535648424662429,0.061126013547189356,5.0,5.256976362483341
806,0.18677862159571434,0.04336262374538896,5.0,5.271917503526096
807,0.1602722113642796,0.03410428494175466,5.0,5.324522745462819
808,0.32609412861940545,0.07752782232228123,5.0,5.29348297626421
809,0.16490189383940201,0.04116473850590663,5.0,5.264852031885194
810,0.30914472536235893,0.07009756587380189,5.0,5.2858985919910495
811,0.20117814557556457,0.043738046558874755,5.0,5.338683317069615
812,0.2518207981589331,0.05716063565275786,5.0,5.2818660288101515
813,0.1614068700256761,0.0346213763241045,5.0,5.329051227639008
814,0.24864049604161753,0.05543446445709793,5.0,5.304491856204168
815,0.3966139110124267,0.09262094595237688,5.0,5.273393287663399
816,0.3916890414157679,0.09034112215793055,5.0,5.281179369341338
817,0.14358721677279118,0.02915899068820954,5.0,5.387038931621433
818,0.23682986103865478,0.05561859932460589,5.0,5.257420425623804
819,0.1894143786757294,0.042069023797537464,5.0,5.274256979732801
820,0.1838755208331473,0.040513505098086544,5.0,5.302252443169966
821,0.14905173868647292,0.033078643504439176,5.0,5.294339416317335
822,0.14300543933901122,0.03274299521165125,5.0,5.266523278133146
823,0.230750353914978,0.05270163719096299,5.0,5.265942692082586
824,0.1738906965863991,0.04002956777822314,5.0,5.281283573731326
825,0.15749936122009744,0.033525706137273126,5.0,5.299731756789905
826,0.3082642241276661,0.06877757929574851,5.0,5.309308982383394
827,0.1771991521416676,0.04064549436048498,5.0,5.256129253369002
828,0.15584501850507038,0.03476806156159706,5.0,5.290899950799792
829,0.3321218006109299,0.07561237398696669,5.0,5.326660740861966
830,0.29415967963683576,0.06578261449460893,5.0,5.305755721421219
831,0.1471795443290942,0.03352652536969197,5.0,5.262637855574228
832,0.38560387253084016,0.0897529101384516,5.0,5.291010662842668
833,0.1596513945142337,0.03569800000574053,5.0,5.3148577457468615
834,0.1813476445873825,0.0440604845862716,5.0,5.26304895078499
835,0.15394842460189095,0.03609679611871522,5.0,5.240332731161548
836,0.1979839479205472,0.044028298327397075,5.0,5.281310672748063
837,0.27888171010377527,0.061951242131317086,5.0,5.308567862967308
838,0.1391250357453495,0.030419998511062196,5.0,5.273471903570508
839,0.24201609527061674,0.05273862121280326,5.0,5.312022372427974
840,0.22369583296591533,0.04868666881444805,5.0,5.315307312586119
841,0.1365485637014361,0.028337968272836467,5.0,5.291142823952022
842,0.14969816931018887,0.033272808908338614,5.0,5.273746574989238
843,0.20738926064696717,0.04848636957203456,5.0,5.256830923662266
844,0.24346630126666158,0.05638389313261993,5.0,5.270519317969837
845,0.1684831122120536,0.039533000351770375,5.0,5.27603655653504
846,0.11838155116329618,0.027043821992201067,5.0,5.267839752037284
847,0.29979836647192926,0.07191350621272427,5.0,5.254200812880301
848,0.2243914445394144,0.053289446259106976,5.0,5.274844619433061
849,0.14845016157080382,0.032017924515599816,5.0,5.300118878697724
850,0.2550807817417633,0.05656851040171196,5.0,5.301854051220953
851,0.25211862978697597,0.05259327971333272,5.0,5.36565910231789
852,0.16661854156574396,0.037317894419271025,5.0,5.266530387792443
853,0.12858323656747928,0.029787017550022443,5.0,5.290728671770948
854,0.2193253969196174,0.047114299156308326,5.0,5.3226153724570935
855,0.13495586797992476,0.030387112865825294,5.0,5.286585109119208
856,0.2802819052273602,0.06423568169835675,5.0,5.271144189232633
857,0.4244182739023634,0.09365637716038311,5.0,5.316689342037337
858,0.3868637284923506,0.08851555158981927,5.0,5.303444260013475
859,0.3055658154916572,0.06934282228017596,5.0,5.2803818759457055
860,0.1990899728488711,0.04280956607477748,5.0,5.304204460004032
861,0.25590411635420707,0.05744748534774535,5.0,5.300907304158464
862,0.2417736121692442,0.0544051925035573,5.0,5.289906740059198
863,0.14940308748478226,0.03401434037155848,5.0,5.291085851452708
864,0.25783739656809535,0.0560805432475916,5.0,5.312622825500615
865,0.20003892402769674,0.046699002221225916,5.0,5.266537919647014
866,0.3009773514077838,0.06736218040317432,5.0,5.308505970221624
867,0.1859821749699837,0.04255188694589829,5.0,5.276127211350028
868,0.11593120336397722,0.026267974909174707,5.0,5.295796850753938
869,0.23916944297984122,0.05267719607482818,5.0,5.306758608827771
870,0.12457909705256909,0.028761015635554887,5.0,5.263478827038037
871,0.15521303995750335,0.0328232782212039,5.0,5.32303126833539
872,0.22312922303985805,0.05095190311833803,5.0,5.265977856743911
873,0.27054515987396055,0.057998469597779934,5.0,5.343266267268509
874,0.2196730179401467,0.048931836933842565,5.0,5.298596018207862
875,0.12294768814833046,0.02669863371304171,5.0,5.306176118486459
876,0.22098178188365591,0.04844324101525421,5.0,5.29148016181809
877,0.09274824748276389,0.02326881386353269,5.0,5.268313382159251
878,0.3396685659023455,0.07726916837848291,5.0,5.318940396464136
879,0.1826623017083775,0.04027962250049594,5.0,5.285702891386217
880,0.19775696898744344,0.045807102987651116,5.0,5.268703152705401
881,0.1681433668383121,0.03911833335025594,5.0,5.267094857607821
882,0.17257027585724583,0.03763060079700031,5.0,5.319232972849033
883,0.1957819941676855,0.04331391865481565,5.0,5.306134935138145
884,0.1983542631482218,0.04538627623267766,5.0,5.255270450690546
885,0.17793640247850395,0.03945508316265067,5.0,5.315116162033773
886,0.1595311990248014,0.03729588490579119,5.0,5.262806956134511
887,0.1593369588397331,0.03537179587012851,5.0,5.27776737332327
888,0.25067058479383597,0.03015192802683339,5.0,5.253701582228532
889,0.1490221608703357,0.034171107350133234,5.0,5.274816996074829
890,0.2285502376684323,0.05283685393931703,5.0,5.319455417134211
891,0.24769090698660712,0.05858407915280445,5.0,5.279576589307267
892,0.22687146471540887,0.050228238712974216,5.0,5.280287096340137
893,0.28992853192808243,0.06277883454376665,5.0,5.322280437125375
894,0.33373505983879515,0.07694104308125954,5.0,5.27440663152297
895,0.15176280497002947,0.034921555980991836,5.0,5.2798613448473475
896,0.30071201601830433,0.06615611493900891,5.0,5.3178774182323085
897,0.1472406164459341,0.032176338737929355,5.0,5.305823818280109
898,0.21620123158203275,0.04880329353538876,5.0,5.307519845797364
899,0.22838765060823207,0.049477839458206885,5.0,5.318565248708502
900,0.2858544032609922,0.06231836683996195,5.0,5.309209519423526
901,0.14057624897801602,0.03186744155721655,5.0,5.278091075090385
902,0.2375771731796983,0.054332458271883266,5.0,5.272455650371279
903,0.12924440006811344,0.029630094959478714,5.0,5.302215314457728
904,0.2156012511065717,0.04753650090389283,5.0,5.3127303735319575
905,0.20767439045032643,0.044969619381417025,5.0,5.320191149435711
906,0.24079903277286863,0.05528091636651006,5.0,5.26988953805362
907,0.18561993307839963,0.04177355492120538,5.0,5.291485984006794
908,0.18153068106170012,0.0399744716573559,5.0,5.277024148080676
909,0.31427815519126456,0.07153839130287154,5.0,5.293040294679523
910,0.28376964793256887,0.05404326845669072,5.0,5.321471308487853
911,0.2013782231045298,0.045013315104373564,5.0,5.283800149218321
912,0.19527782436637486,0.044678679936096366,5.0,5.276109682625076
913,0.07622095230103243,0.01789365405835386,5.0,5.268443501111042
914,0.337247283639853,0.07681143391494721,5.0,5.287631245135973
915,0.17325439274487797,0.04167244796742675,5.0,5.280119141569353
916,0.22979552934173553,0.05398421799412684,5.0,5.288055205202147
917,0.2350075786365129,0.05497219061671815,5.0,5.272603154754574
918,0.2059381559890603,0.05099753642351315,5.0,5.231960079496876
919,0.15822675899707916,0.03972836257050161,5.0,5.0
920,0.1825311109210166,0.04301292967438183,5.0,5.251200773007758
921,0.22835491617007553,0.05430134114528504,5.0,5.245315020628336
922,0.13118363445925363,0.02988418422281136,5.0,5.2855631905644795
923,0.26515998758945547,0.059439498769001564,5.0,5.27953908287067
924,0.11037003316605687,0.025186858942813417,5.0,5.250496909516009
925,0.30617437598499553,0.06792963032675553,5.0,5.324091440437977
926,0.1478618857162295,0.03276491157845296,5.0,5.311086874680813
927,0.12366042155614987,0.02787684445130617,5.0,5.274780561462
928,0.18762673087157133,0.04135429194411322,5.0,5.290851597318689
929,0.17583428773482335,0.03966026586569488,5.0,5.262093374456462
930,0.38402686711146505,0.08792478336827453,5.0,5.298240185715732
931,0.18253987308257003,0.04474711642070206,5.0,5.273163571342616
932,0.22650747367866275,0.04923558447423526,5.0,5.331938927763966
933,0.20850540934353945,0.047603544788698715,5.0,5.205872302563144
934,0.19880858927493228,0.0456232093825672,5.0,5.281513839977423
935,0.3818945386219015,0.08544014373515235,5.0,5.303470064323612
936,0.2049133496954163,0.04616530851614542,5.0,5.288207795915669
937,0.1159739589004809,0.02772436944615242,5.0,5.270149578138907
938,0.1048000691735893,0.021362171244494577,5.0,5.311325982270079
939,0.2716209381541903,0.06077783452592367,5.0,5.291215365616093
940,0.20113739267378916,0.041975801079279784,5.0,5.295205346477996
941,0.2319115897969115,0.05603968451036562,5.0,5.242759054295467
942,0.2763981597499623,0.05926898747759707,5.0,5.324785114856478
943,0.3459453598764948,0.07726538503011005,5.0,5.302490428454867
944,0.34427277539768664,0.07856294507433015,5.0,5.292362442195442
945,0.22650785371013593,0.052026162528674647,5.0,5.289747597632166
946,0.2281608214793256,0.05113259043003554,5.0,5.288119671659688
947,0.26871065850304543,0.05976740752507542,5.0,5.296021306774934
948,0.26493025438019235,0.05822099432758193,5.0,5.307644539754532
949,0.14156373008751832,0.031533280210882586,5.0,5.277241337669798
950,0.17766587247500065,0.03782740192818501,5.0,5.3284896528973835
951,0.20519029758386376,0.04547892163806727,5.0,5.313729820322273
952,0.253533600053653,0.058610355643197,5.0,5.296085869888429
953,0.33030328366435846,0.0724556390755633,5.0,5.317652652369862
954,0.2864276591042836,0.06638617587739135,5.0,5.271147364460349
955,0.2854355103457089,0.06342253077030074,5.0,5.289780052427933
956,0.10936034604994749,0.023733200857649572,5.0,5.325794199305127
957,0.2775673593883108,0.06165591753933619,5.0,5.2931347342954105
958,0.27439112857696935,0.056111837315097446,5.0,5.341126648435193
959,0.3486526396547831,0.07764915984379905,5.0,5.29063356906998
960,0.16300051546187477,0.037198826485474235,5.0,5.2785670932622075
961,0.13553253470930215,0.03534002151555665,5.0,5.308314559073466
962,0.2857626215551292,0.06956664531656301,5.0,5.272641854408935
963,0.28165311660423575,0.06319139204407459,5.0,5.3067260007845185
964,0.25906392741224926,0.05764521884577306,5.0,5.320481453983685
965,0.3380482940076328,0.0766947758716921,5.0,5.284828018596102
966,0.16045901169560173,0.035578197213242235,5.0,5.283295876203216
967,0.1234404935475355,0.026726705581341492,5.0,5.277179407598398
968,0.1836384454569946,0.04027986133012135,5.0,5.312182393796494
969,0.1859371075781091,0.04081261266144581,5.0,5.29004183668353
970,0.24538512404097146,0.05604319059415058,5.0,5.29188044942285
971,0.23997864078469355,0.051724032525079344,5.0,5.301317301644151
972,0.253428897281609,0.0543257169606719,5.0,5.333054029037525
973,0.20980785842240568,0.047521478979071274,5.0,5.266821531912074
974,0.2049929161003754,0.04731991470419289,5.0,5.28118907926916
975,0.2159698424732419,0.04800015233906421,5.0,5.266573615447294
976,0.33390553251099053,0.08388925918643034,5.0,5.261518831611243
977,0.30902849999738224,0.07041981263453884,5.0,5.285255852255171
978,0.23740947029954973,0.051134712279895356,5.0,5.3191763071036835
979,0.1404311328280914,0.031015750015671972,5.0,5.300301447765872
980,0.263790264056013,0.061030958551483494,5.0,5.270106283964919
981,0.30685004080589295,0.06877037910869754,5.0,5.295155552953403
982,0.17885140453932258,0.0403650506680755,5.0,5.294983511429141
983,0.27421514585076734,0.06216297768807283,5.0,5.276528126110138
984,0.205601795981309,0.04504403658788342,5.0,5.306205107226152
985,0.3365723082697185,0.07774964948359181,5.0,5.273152255380484
986,0.30817598878132224,0.07487704481857702,5.0,5.263067062921305
987,0.1844976748146554,0.0548200478580293,5.0,5.293650094150859
988,0.27891479211133285,0.06122803511021635,5.0,5.306566181458381
989,0.2742131841969835,0.06453044923526652,5.0,5.259922904177996
990,0.1398399523853704,0.029931395606581812,5.0,5.31477844178605
991,0.2385363603659072,0.05811718062454285,5.0,5.286293819397345
992,0.2421393961456353,0.05808398806863688,5.0,5.25119869331248
993,0.17732478710155108,0.0413719042047358,5.0,5.273087394061857
994,0.22087404188557835,0.05307183299994278,5.0,5.130687990473
995,0.23430593145561796,0.053881512269987775,5.0,5.262389325892594
996,0.18390682243422574,0.04066843118328872,5.0,5.288551632201637
997,0.25326136754326645,0.057578199650786255,5.0,5.2870362092285195
998,0.142951162250458,0.03442105193506312,5.0,5.222358430860314
999,0.16445652916818698,0.038046386399301635,5.0,5.2748868503582
1000,0.0922856282016391,0.021744432826281024,5.0,5.258970572031378
1001,0.22410506932021712,0.051509647421592475,5.0,5.277414219042358
1002,0.25661421656140004,0.053756568551889594,5.0,5.312484030725857
1003,0.32520737582476356,0.07575636708754474,5.0,5.3029253986538105
1004,0.28612149520652386,0.058302477412774056,5.0,5.409088568631821
1005,0.19789502466412312,0.043953406905440306,5.0,5.2753141871416975
1006,0.3261398641784372,0.07214520464426738,5.0,5.294948896824829
1007,0.16802382317454745,0.03455781807343877,5.0,5.283701564515209
1008,0.20680755754195768,0.04165731867821415,5.0,5.349222271195657
1009,0.22391178981928794,0.05146669897277015,5.0,5.254536630656679
1010,0.1518870766985425,0.02801737058449788,5.0,5.292353324266115
1011,0.1042522936678576,0.0229715476234566,5.0,5.267072541698274
1012,0.22219348735854405,0.052810633204227575,5.0,5.245384138404017
1013,0.455281401359926,0.1079724057264207,5.0,5.313947712764895
1014,0.35831927936688923,0.08184932957617064,5.0,5.3024460878573
1015,0.13610531124132552,0.0329800953282752,5.0,5.241488972764303
1016,0.2548851010900359,0.06920701503190357,5.0,5.271726181558538
1017,0.13401405048157988,0.027995810658850373,5.0,5.328774667314908
1018,0.2230461788332876,0.04897091694944533,5.0,5.317439793885352
1019,0.32403541743871966,0.06995315480634101,5.0,5.326240239550808
1020,0.14032605526741948,0.03127136075632353,5.0,5.283275502292408
1021,0.2246272078958027,0.05046581252555177,5.0,5.28876828690529
1022,0.3461826296598063,0.08146517861498917,5.0,5.304244315595117
1023,0.23797887483046276,0.05185166741674585,5.0,5.31564161374134
1024,0.20540474392682406,0.04678902606942387,5.0,5.285287063426223
1025,0.16667353618092307,0.03616302658719622,5.0,5.27765230891319
1026,0.1253399014100749,0.02954828244615254,5.0,5.3080097194017295
1027,0.203037407289266,0.0482877812486226,5.0,5.272035854917219
1028,0.13778215671797667,0.022783419930887172,5.0,5.318023243581349
1029,0.20050269125324371,0.05350885184829246,5.0,5.260744658993133
1030,0.3685913016039468,0.08201964941585252,5.0,5.3042584440398866
1031,0.11312027355322374,0.02386888781945795,5.0,5.326277543162314
1032,0.22323897620139688,0.045177075306060244,5.0,5.286634071717069
1033,0.16406492056393085,0.03498662387898063,5.0,5.248133976664473
1034,0.30651590105145843,0.06863099296083464,5.0,5.302037971627609
1035,0.2615595070151766,0.05675432749089565,5.0,5.28615592566636
1036,0.1550614746305563,0.03428502784044496,5.0,5.275203008207212
1037,0.1711539606062662,0.03710781062084645,5.0,5.318816963047732
1038,0.1962555856669157,0.03368229399862066,5.0,5.3019436519993235
1039,0.1361058187625348,0.03368089991610396,5.0,5.297725707245968
1040,0.30637596734007944,0.07023500210667352,5.0,5.2776505252633665
1041,0.12032438147171387,0.025861298264126864,5.0,5.26873955552376
1042,0.12894120275562204,0.032171627906051076,5.0,5.1361710844895025
1043,0.22185663857025828,0.041197245684372,5.0,5.313871439422639
1044,0.23369811834537702,0.053952121460136615,5.0,5.277025529016841
1045,0.29412060143178853,0.05296194147218136,5.0,5.3264548732607775
1046,0.15591687781980523,0.03131229971542604,5.0,5.30247281443871
1047,0.08638741552039386,0.01891252073508881,5.0,5.276753206893501
1048,0.18733758725055094,0.045410064567284025,5.0,5.302329285744092
1049,0.2890282246001228,0.061733448924275486,5.0,5.292113340354785
1050,0.29694378529185217,0.0755059478769704,5.0,5.264704871798127
1051,0.21077694032884708,0.04287167458331492,5.0,5.352205452863235
1052,0.1466204192222933,0.02822627363475505,5.0,5.272380760090911
1053,0.20796376781155934,0.04546787349343667,5.0,5.289651635235133
1054,0.41454656607621687,0.08674818784377297,5.0,5.335451439047718
1055,0.18278166012187658,0.03433240091542722,5.0,5.343095719859887
1056,0.21570055821759482,0.040701821091677526,5.0,5.322431819426647
1057,0.08252340183040241,0.018612674194196765,5.0,5.295059962932553
1058,0.30501359682459994,0.06852276396950693,5.0,5.277884893079685
1059,0.20187591408951167,0.04667321495886417,5.0,5.300775555503572
1060,0.16633503693174823,0.03620154242998258,5.0,5.298649091812191
1061,0.19660448065907898,0.03723598882672613,5.0,5.297483090437334
1062,0.18930885924057117,0.03966312838660824,5.0,5.321582808275007
1063,0.19835126917178214,0.037653036574952004,5.0,5.288581829462382
1064,0.400262261469839,0.08144020238031502,5.0,5.373403178707745
1065,0.16155955320157855,0.038508242505996826,5.0,5.282382865676585
1066,0.2744880979508999,0.05208920045859411,5.0,5.332882663560632
1067,0.2699289714883135,0.058010881429395755,5.0,5.288924790063536
1068,0.1721317510392184,0.034990001977665164,5.0,5.320750916377035
1069,0.1734539933464283,0.03299847556549179,5.0,5.319402100348913
1070,0.31017480607723247,0.05761678851639501,5.0,5.3211929961244575
1071,0.21640303583037457,0.04791904396971375,5.0,5.270209542309807
1072,0.13650909352739915,0.028175583015161487,5.0,5.28863389176867
1073,0.2473989801946257,0.03364137523910771,5.0,5.320269623359373
1074,0.16370523546085436,0.03349807934315607,5.0,5.300175284343984
1075,0.28495204399929697,0.05592257039162585,5.0,5.296339647162531
1076,0.23551563069931047,0.0474313334887721,5.0,5.327247781759921
1077,0.2806433540497073,0.05840860879849219,5.0,5.296208425181073
1078,0.23925956252120373,0.04306975713586375,5.0,5.290960606048438
1079,0.29346801734228256,0.06338980153859841,5.0,5.297328819130049
1080,0.25173066738848315,0.02789566842607938,5.0,5.358759926071812
1081,0.31445042511737564,0.07226931438279427,5.0,5.306146193233525
1082,0.279639036675676,0.061886091543721544,5.0,5.300041042770971
1083,0.12829425134604966,0.02746073388479009,5.0,5.279605071883848
1084,0.2969903369027458,0.05694504964891173,5.0,5.311873414176205
1085,0.14215977087045095,0.030539608569812415,5.0,5.32004789053194
1086,0.21482231650877814,0.046115048572982875,5.0,5.2863657732749925
1087,0.11710947360185853,0.030179341848895425,5.0,5.293652032419374
1088,0.22880361371351987,0.047891390147451,5.0,5.273971433495657
1089,0.14737197230140442,0.03704648556363982,5.0,5.30017155948709
1090,0.24425268300242253,0.052166989785156215,5.0,5.2904262121778345
1091,0.2559410177057624,0.05650322984882128,5.0,5.29071350643715
1092,0.14097775885514152,0.029201537575622105,5.0,5.283966722804445
1093,0.22394524215722944,0.04938230625579093,5.0,5.282070015205598
1094,0.15249866055825478,0.032742398578389675,5.0,5.2907501583366745
1095,0.24567310948334176,0.05369640741595444,5.0,5.297073560300136
1096,0.2519326028308231,0.05926274856848135,5.0,5.205002076581735
1097,0.2132506037391051,0.04837352116442589,5.0,5.315161885494684
1098,0.20849665215174173,0.042314410408661685,5.0,5.29211821475954
1099,0.17858330166465808,0.040216387015655886,5.0,5.2797285189356025
1100,0.23293617463173732,0.053067257873942536,5.0,5.262264116976576
1101,0.195850164034979,0.01672662670204772,5.0,5.2784972440774425
1102,0.21277144525115288,0.047154312421579914,5.0,5.2913830074973855
1103,0.12075536197340564,0.025074621473902547,5.0,5.274227590007099
1104,0.2407810553860934,0.04861267653714724,5.0,5.306742083962037
1105,0.3657608314460301,0.07971924825609406,5.0,5.264795535853244
1106,0.43705188038166143,0.07112311251173492,5.0,5.307580919154571
1107,0.1846147099108797,0.04160472094333639,5.0,5.3099166468075865
1108,0.15950302257198445,0.0322466743419563,5.0,5.262507519064261
1109,0.09756646708859962,0.0179605626118996,5.0,5.2783048363218565
1110,0.21888264974532157,0.04793055736794982,5.0,5.280155457796329
1111,0.15262991565838147,0.024655625730106323,5.0,5.304788143038834
1112,0.2784387412395295,0.057288721235662976,5.0,5.311759824170252
1113,0.25364130110008776,0.054166519293310456,5.0,5.283437686751649
1114,0.2289048433109313,0.0505956121035713,5.0,5.265975399084484
1115,0.21871629790315317,0.039339034455946165,5.0,5.429799405497349
1116,0.4017499025256519,0.08265819499952654,5.0,5.334066952379617
1117,0.16264598716727008,0.032939002564852715,5.0,5.298772678378274
1118,0.1619293524114649,0.0354192201409218,5.0,5.28301477209161
1119,0.21074568358750922,0.039815244217468015,5.0,5.304051820446958
1120,0.1732667998342643,0.03637256907726383,5.0,5.29346484704754
1121,0.19333401514174708,0.04265615196362721,5.0,5.281076688009145
1122,0.35256703556963886,0.07822534840165088,5.0,5.2945341857775485
1123,0.31806595180081265,0.0753853530530787,5.0,5.25577988175189
1124,0.16737371744097174,0.03628259847614629,5.0,5.285668688852354
1125,0.19784050947666265,0.04902795639382007,5.0,5.0
1126,0.24682910911896982,0.050843652639189274,5.0,5.319210227352826
1127,0.10638356170865548,0.02305404615987039,5.0,5.306236744420145
1128,0.30055397652035953,0.05017523360279744,5.0,5.268129368631067
1129,0.4439734950512886,0.09716477250956279,5.0,5.317848074024338
1130,0.24684521356485267,0.04940164797394814,5.0,5.28041634512963
1131,0.2169438349559616,0.041613855880705874,5.0,5.277544181900149
1132,0.17335306153001162,0.03681803669876588,5.0,5.296904789159225
1133,0.14421856370231612,0.03197333142247871,5.0,5.304056550444747
1134,0.12503196246206194,0.02753958280606389,5.0,5.324837404179377
1135,0.14774927303402974,0.03343175760384054,5.0,5.3007400824651985
1136,0.2705156912054969,0.060170996203392335,5.0,5.298192758212394
1137,0.1250299968858788,0.027236193520034035,5.0,5.262946701474522
1138,0.5215591262629429,0.11750404851554228,5.0,5.308601959014343
1139,0.16478699141815767,0.035094466186218254,5.0,5.305222021417899
1140,0.29420973905534487,0.06279375240471485,5.0,5.286539738017622
1141,0.28301006000465634,0.06087093191986881,5.0,5.318579618970434
1142,0.3115555233971006,0.06612849515867791,5.0,5.266107225937953
1143,0.29989246446498874,0.07008954808851808,5.0,5.283537834280949
1144,0.2016428819117757,0.03326860133118231,5.0,5.3029347712262975
1145,0.16181366606078162,0.036502717348765534,5.0,5.298560463531592
1146,0.22950540023068355,0.046866377490318634,5.0,5.296651115332258
1147,0.2915220615054195,0.06350069124550334,5.0,5.302365452565825
1148,0.16863221788255678,0.03528439978755643,5.0,5.318260662276364
1149,0.20840457648661892,0.04416911259649686,5.0,5.282669845825669
1150,0.3856770886135168,0.08233046537994781,5.0,5.314483147119331
1151,0.23387081889807226,0.052339165028184864,5.0,5.2824079702693805
1152,0.36707887541331896,0.07788953561674067,5.0,5.293352312006228
1153,0.09727027156545409,0.02110242672859125,5.0,5.262768788932473
1154,0.3332092258176105,0.0736276790061059,5.0,5.289573600058155
1155,0.26546380297301964,0.05439570098030222,5.0,5.325971053160652
1156,0.19843739553235307,0.047155884060894326,5.0,5.296524244290168
1157,0.3056711277597097,0.0681492667439062,5.0,5.30082941687664
1158,0.2402278442658774,0.057252898749117154,5.0,5.260369308002426
1159,0.270081339904932,0.05809498245300093,5.0,5.29541826526196
1160,0.1859971111731975,0.04032449847795505,5.0,5.298669747741487
1161,0.14990287371718214,0.031262836803781724,5.0,5.322526709122055
1162,0.25813035955712293,0.05682504135648489,5.0,5.277410541448351
1163,0.09134705103936058,0.02257104329277937,5.0,5.274956281500538
1164,0.16069328658579107,0.037264953852022664,5.0,5.244433671244657
1165,0.26778075781417443,0.05411623657133696,5.0,5.294978538750712
1166,0.20017709639092418,0.04019535113083922,5.0,5.297459912775624
1167,0.24620585923163985,0.044636386052851085,5.0,5.316730654882669
1168,0.23631758580895723,0.053169178879983625,5.0,5.307787575524907
1169,0.27968363156373766,0.05651817522708136,5.0,5.265894037034116
1170,0.3856908040291813,0.08230326653126502,5.0,5.314815284800467
1171,0.18027091654826632,0.035377011429324035,5.0,5.3002311977403505
1172,0.22992727142919778,0.05253032702640956,5.0,5.268055120068249
1173,0.28977810964691386,0.062206100363390304,5.0,5.284593008614875
1174,0.2717820162561049,0.056512936065024666,5.0,5.295021290763762
1175,0.1272879670190139,0.024041863441153888,5.0,5.2754274895325
1176,0.21125134075588603,0.0454897754863921,5.0,5.302970559709976
1177,0.17216629807690942,0.0433029102597986,5.0,5.340209600960568
1178,0.16571404209796214,0.03822747719894562,5.0,5.25243293322033
1179,0.17488458604516155,0.03969406768951292,5.0,5.272650891510979
1180,0.18911571941147876,0.040919876826097434,5.0,5.273236105565315
1181,0.11311187051934657,0.023362938015820345,5.0,5.288121378915536
1182,0.2109231609762836,0.048951276611575,5.0,5.320122591672405
1183,0.17921653831926943,0.04113787357889642,5.0,5.27447108753722
1184,0.14083246864000332,0.02618026185322131,5.0,5.303341159313106
1185,0.26440302756026335,0.048363133884160386,5.0,5.2702784548195325
1186,0.21115944119486185,0.04153779826690568,5.0,5.301630652733982
1187,0.14338443067868756,0.03160896983644346,5.0,5.281291098615055
1188,0.22178204146852498,0.04948401901090371,5.0,5.300287187631563
1189,0.23267419378956844,0.0502472076969967,5.0,5.336571382145054
1190,0.2720127388522555,0.05388847092743615,5.0,5.3139341747098
1191,0.22225554642848477,0.06198864975734086,5.0,5.318712202557636
1192,0.27547384589551016,0.060712283853169735,5.0,5.26089202735224
1193,0.21295050697763718,0.04724844516205401,5.0,5.294661551568236
1194,0.17892615832403003,0.0369512698465127,5.0,5.290468226978646
1195,0.31188216284758186,0.06904975901404747,5.0,5.283071709950242
1196,0.350857166214374,0.07331545241949544,5.0,5.311729632598512
1197,0.19913899991159978,0.04327545358305318,5.0,5.299063782099829
1198,0.33627440252902874,0.07490837991590055,5.0,5.321951803528071
1199,0.4131064415200949,0.08678537400640807,5.0,5.293832436645367
1200,0.27030733174353605,0.06193271471703471,5.0,5.1324383666852835
1201,0.18678279192427327,0.03938080418618378,5.0,5.300319658885888
1202,0.19198612924402725,0.04165751349821234,5.0,5.274779446564777
1203,0.14639305121851254,0.029820170844638172,5.0,5.287181172657736
1204,0.27685332306636123,0.07221149531527421,5.0,5.2890951091325356
1205,0.16198490904088314,0.03410953135816719,5.0,5.3092028991015106
1206,0.26696065939345437,0.05844690716942308,5.0,5.293047269988165
1207,0.15291061880970935,0.035380947221174686,5.0,5.2468680878311424
1208,0.25476087249347024,0.05510557117949183,5.0,5.316532424138565
1209,0.28264724133403596,0.06696034072572965,5.0,5.323777416097002
1210,0.20018247659626942,0.039678962756752645,5.0,5.312139184862117
1211,0.19246294051572388,0.041341898491430995,5.0,5.288148987534385
1212,0.22166871465297233,0.04302700568502038,5.0,5.342156720867806
1213,0.37502390221973747,0.06471326332515592,5.0,5.3106634130326835
1214,0.16088651707087354,0.03378297731045499,5.0,5.288660701165888
1215,0.16594301398076583,0.03712130240234518,5.0,5.291884495903094
1216,0.07453591023284889,0.01653847651526763,5.0,5.311187887379596
1217,0.26739814745238255,0.05883293065840817,5.0,5.245117683701679
1218,0.2776109956494788,0.06282721352810228,5.0,5.284593780086322
1219,0.27819182321502467,0.057138779706968845,5.0,5.292535982388866
1220,0.09291959120153082,0.023752976385868152,5.0,5.26883048599502
1221,0.09133933830629481,0.018628525039020738,5.0,5.283492252064255
1222,0.1978996783152629,0.04146239804329166,5.0,5.323402102542092
1223,0.1337306206870621,0.030728369334786287,5.0,5.28160890230259
1224,0.19887043369851165,0.04467269987060318,5.0,5.280290193015853
1225,0.2864035804748124,0.0760477725398051,5.0,5.288982164638556
1226,0.20052198992750014,0.0340282316967942,5.0,5.32878735485995
1227,0.19458769387413977,0.04658138061834227,5.0,5.2926648950218524
1228,0.20313622248232632,0.042106044759934846,5.0,5.327853216911693
1229,0.059491280292159,0.012264347135105824,5.0,5.319266597821031
1230,0.17799616587369926,0.03482660634044116,5.0,5.313152224396038
1231,0.11783308099472611,0.02253352048449564,5.0,5.323824534821053
1232,0.41176935286735095,0.09833295862016578,5.0,5.277526167938733
1233,0.290632015660063,0.055467909788780134,5.0,5.3241351724320385
1234,0.16424914721870976,0.03492978220408177,5.0,5.290027087668596
1235,0.29780116199055673,0.0621729118728076,5.0,5.291867150408995
1236,0.21672680073204798,0.048546751476483185,5.0,5.331741715813525
1237,0.39113844254421637,0.08739042095644764,5.0,5.276939812678156
1238,0.2174528952570236,0.049034720811146404,5.0,5.300140013937726
1239,0.16187936792971658,0.03337240186710444,5.0,5.335601251550166
1240,0.2946796677287027,0.06508566036099078,5.0,5.290504787433434
1241,0.138255853420848,0.029607465664594546,5.0,5.257589543812218
1242,0.21416625247338583,0.04169406932935965,5.0,5.3221074462653295
1243,0.2268661432282899,0.0451504873782011,5.0,5.341838527967067
1244,0.3686967088224822,0.073254156240873,5.0,5.304112202481415
1245,0.07748414764376776,0.020773290081931406,5.0,5.325531817614904
1246,0.336356443783419,0.07395453586036593,5.0,5.265577751363173
1247,0.13894169582484595,0.02803671693819354,5.0,5.3108407717930195
1248,0.21203442482173696,0.04635073083118196,5.0,5.283521098136905
1249,0.447562386958962,0.0903067765357824,5.0,5.330502259006984
1250,0.1429002297591766,0.029156286977897516,5.0,5.298708289001466
1251,0.2615231191838876,0.058077085993164745,5.0,5.311671513467431
1252,0.21619943552528342,0.035875460308406826,5.0,5.270134433544644
1253,0.29021556889343936,0.06338249975853788,5.0,5.30041188241027
1254,0.1251382885770329,0.05095659093728633,5.0,5.27793555413159
1255,0.18442670519355286,0.04234644618928585,5.0,5.277742579729727
1256,0.3134114890261217,0.07213963512059673,5.0,5.279958801247293
1257,0.30342007957088746,0.06324395380268022,5.0,5.314083477446081
1258,0.1408995516876308,0.028681900691310436,5.0,5.279326981246131
1259,0.3177001638190873,0.06849031921005849,5.0,5.292440179537179
1260,0.2348923771944933,0.04914609415197174,5.0,5.3150008620319245
1261,0.3844215419257162,0.07756381063787082,5.0,5.281184340382641
1262,0.2459163745188595,0.054389424751616317,5.0,5.251419853308672
1263,0.18918709005019885,0.03869773487192807,5.0,5.28968538974107
1264,0.14177588206770086,0.03873123789998045,5.0,5.300338967606697
1265,0.15969108688331035,0.02975182593094411,5.0,5.287949131798326
1266,0.28397037436155403,0.0616207488812156,5.0,5.318504260590879
1267,0.3150984867445126,0.07334263301685634,5.0,5.282588772827053
1268,0.22017610448545022,0.05004059728904098,5.0,5.289207772220541
1269,0.2056199764410609,0.04210309960136488,5.0,5.309022614828045
1270,0.31199334603334816,0.0686313180970976,5.0,5.289612656916773
1271,0.20550507375191507,0.05180850268019721,5.0,5.32343563626279
1272,0.179310347075764,0.03206984068672819,5.0,5.321501121109913
1273,0.27430855466632,0.054732044600658,5.0,5.304542824508305
1274,0.26082937777924897,0.05689680380282858,5.0,5.2991393113310625
1275,0.2513670403300876,0.04830225629477558,5.0,5.328948434296619
1276,0.2898624782663788,0.06047743141318063,5.0,5.296341329773657
1277,0.1964391277427242,0.046777922585715365,5.0,5.271250777558514
1278,0.3014107386810969,0.06564017810780337,5.0,5.312553671978462
1279,0.3159368100344597,0.059963331080289145,5.0,5.2979555182135485
1280,0.31101627920278774,0.0685235027151031,5.0,5.290590388848591
1281,0.1913530453325294,0.02265503145668718,5.0,5.317654813976285
1282,0.25461780330864014,0.05691249553704464,5.0,5.278738183257241
1283,0.12301537076504743,0.025741479605480733,5.0,5.2713927590453835
1284,0.20940732992772948,0.04310626387519423,5.0,5.257002932368247
1285,0.15662152792845485,0.026392592411060234,5.0,5.282740098367009
1286,0.2614977356617034,0.05812027339442649,5.0,5.281096418999596
1287,0.3002280017701715,0.0576639469751018,5.0,5.288096214527851
1288,0.3936770394378264,0.09244414166745996,5.0,5.264048130759598
1289,0.3271209818412908,0.07303145533975317,5.0,5.258751200035139
1290,0.21575698891855621,0.04231773123916749,5.0,5.328489203214888
1291,0.4154790742767025,0.09128509395869056,5.0,5.310429346115972
1292,0.2522556883111209,0.05042124902285755,5.0,5.29706424052339
1293,0.2854902054212958,0.0557298248372331,5.0,5.32709570923017
1294,0.31512942924173926,0.05877150758600652,5.0,5.317834157357941
1295,0.1337858141956374,0.027771814061549105,5.0,5.299891276523274
1296,0.26545417853624853,0.05778216751849896,5.0,5.298133799067619
1297,0.2710722897158926,0.05927302826050704,5.0,5.25171208084438
1298,0.20635154242061948,0.046899964356580504,5.0,5.28734481195424
1299,0.24050170860094844,0.05901898906948372,5.0,5.305565497338343
1300,0.2588882199460638,0.05707727750134994,5.0,5.292601860928885
1301,0.255557307014016,0.059073011437678846,5.0,5.285045062388427
1302,0.1074239619052797,0.02249560087945579,5.0,5.335027496738558
1303,0.1411373866894865,0.024190077271701527,5.0,5.308837368896819
1304,0.09980283789191824,0.024326725263163707,5.0,5.273557189247882
1305,0.2568635329144886,0.05622729460375897,5.0,5.277866009339398
1306,0.15621636510054948,0.030484089958573435,5.0,5.2754215593308285
1307,0.13690884076541665,0.03450022930809518,5.0,5.265110447813912
1308,0.25981483133437466,0.05446152768264079,5.0,5.290777572874381
1309,0.20686059820922953,0.04429681867592483,5.0,5.334243105670433
1310,0.20776316708349163,0.04116738223926,5.0,5.279821485947416
1311,0.2615839067758945,0.04368120775114198,5.0,5.3065841815222115
1312,0.16868823100178032,0.0339933872600644,5.0,5.294608467272619
1313,0.3533367730110162,0.08349440206233455,5.0,5.278903730992255
1314,0.11282996246087107,0.02338978471083558,5.0,5.276931226306392
1315,0.2131459228837893,0.048248964131380606,5.0,5.253294053042623
1316,0.20557998857255622,0.04489121930155682,5.0,5.281267373885283
1317,0.25222677907021174,0.05201794593916237,5.0,5.319557763960034
1318,0.16939162645092964,0.03663883717311853,5.0,5.254984571887018
1319,0.1935866485387241,0.03859736688534149,5.0,5.311393188808449
1320,0.19166913203252856,0.03958042474090945,5.0,5.25642522446776
1321,0.309521429847051,0.06487175834662084,5.0,5.318883955951135
1322,0.23455422284278438,0.052349687908564146,5.0,5.31127148374857
1323,0.23848384186513583,0.05465825692224277,5.0,5.271511330456642
1324,0.30398803109688566,0.05855874734615796,5.0,5.337821047156499
1325,0.3100046244269974,0.07809333426755799,5.0,5.304486875883629
1326,0.2361245510877017,0.04540298991126823,5.0,5.306871892238192
1327,0.25052250600440784,0.05794055382396379,5.0,5.133591192728959
1328,0.14273483482300509,0.027443669010613847,5.0,5.328046143181773
1329,0.4133529679923551,0.09325090319101556,5.0,5.302943479114157
1330,0.25724834652503925,0.05791252630546062,5.0,5.2871083992920465
1331,0.29892562812268686,0.06771206647919381,5.0,5.25440152847005
1332,0.25841722678614554,0.057374768830927736,5.0,5.2821003177925885
1333,0.1737105324465147,0.0339087377972872,5.0,5.300434213339047
1334,0.2333540981772244,0.051320849374406674,5.0,5.280500457869648
1335,0.2986944953723294,0.0702287826622644,5.0,5.29486882601641
1336,0.22868005484783116,0.056944302277308234,5.0,5.333155252112132
1337,0.27401901624781155,0.06368795282777162,5.0,5.282807113060004
1338,0.1286251294191305,0.02768445273511394,5.0,5.324869880181691
1339,0.1616298063791879,0.03353335625367282,5.0,5.326957095043454
1340,0.16498656272299606,0.037555895417122176,5.0,5.317799999769761
1341,0.1551752833512372,0.034995163776587956,5.0,5.309182908771417
1342,0.1683815016985275,0.03685538144167749,5.0,5.2800444875376495
1343,0.18065223308742562,0.03769064729748228,5.0,5.283938277473927
1344,0.27819658408359893,0.05898603699900484,5.0,5.286083016421026
1345,0.10509612127797774,0.01627403827307744,5.0,5.281423213229246
1346,0.2707899227125168,0.056656497571729636,5.0,5.308852848508501
1347,0.34805007154095247,0.07518814808100183,5.0,5.30194197320526
1348,0.18203929167440425,0.04796118817835121,5.0,5.253625102654649
1349,0.20548142285280946,0.04457192806089366,5.0,5.292272899537167
1350,0.20436051471352323,0.04675592980987581,5.0,5.310732258339801
1351,0.21553314238926946,0.04576482582804492,5.0,5.298307446989048
1352,0.321919926232781,0.07068425048396992,5.0,5.269912405903527
1353,0.19618107553413422,0.04627932191403861,5.0,5.279068554510733
1354,0.3509824693777661,0.08094361257745425,5.0,5.274142928687793
1355,0.1950071432072773,0.04098759615133857,5.0,5.311870701199819
1356,0.3407576052913883,0.07329185676766986,5.0,5.287950869916074
1357,0.3136902385940201,0.05031383285333352,5.0,5.3197453622683
1358,0.14218971973046957,0.03525044567461211,5.0,5.304344009486863
1359,0.1660638373998493,0.03174847871548403,5.0,5.272977352898165
1360,0.2648193481393384,0.0572479597454888,5.0,5.291784250887774
1361,0.1913808718126493,0.04278498451017032,5.0,5.2781641550065395
1362,0.21267103014766842,0.04367600532481897,5.0,5.298262499632171
1363,0.4455843295117945,0.09428360773465366,5.0,5.2816463060406615
1364,0.17377326722375486,0.04013716770723985,5.0,5.280440417142369
1365,0.2773235597094261,0.054138331782595916,5.0,5.2999778866885805
1366,0.3390898840276406,0.07051027283360073,5.0,5.316894114258401
1367,0.19328937348804898,0.040254329880535844,5.0,5.335989626243833
1368,0.24472445556291844,0.054019383275613286,5.0,5.282569803723431
1369,0.12633443994575644,0.03049711736899413,5.0,5.284813547313485
1370,0.3920708993444646,0.08329748322420116,5.0,5.3064310320591535
1371,0.18461858515380225,0.04304901716371873,5.0,5.254114505547918
1372,0.1155838018818367,0.022115126253394457,5.0,5.280764434714769
1373,0.21938167786168528,0.04475616711271738,5.0,5.297160714246818
1374,0.12523480232829898,0.03151108578727585,5.0,5.322844917588236
1375,0.22289745425291474,0.04401399811094919,5.0,5.211484617124906
1376,0.16109210110698902,0.027221852167116423,5.0,5.352797606894661
1377,0.18077758292641355,0.0328590959488102,5.0,5.293264686387138
1378,0.29604748865277664,0.05473682627732879,5.0,5.347420278616939
1379,0.2591411553484466,0.05232168727234676,5.0,5.315004711964999
1380,0.282529983800605,0.054875608240823937,5.0,5.310067497174478
1381,0.09886943149574212,0.01760410651504768,5.0,5.271960744985806
1382,0.2428857185872173,0.050116496738226046,5.0,5.327687321910259
1383,0.2276475352101177,0.042347452598103574,5.0,5.301953657913883
1384,0.15518380675594146,0.03310859099020824,5.0,5.3258539316426745
1385,0.21200373729015887,0.04058551931168128,5.0,5.297994388230194
1386,0.24058683005438852,0.046995309797606716,5.0,5.259969588609916
1387,0.3468537169159249,0.07130517370107808,5.0,5.32466524957977
1388,0.11482483969895507,0.02113081549937884,5.0,5.309514804218605
1389,0.263141078491536,0.07054905122191985,5.0,5.166311306655329
1390,0.15011872698103024,0.04258287873602157,5.0,5.264977875146304
1391,0.2910048856330081,0.05931911195587719,5.0,5.283817610855133
1392,0.31940101533363996,0.06562016475553509,5.0,5.2975544464346935
1393,0.28829560554325395,0.07592812031181784,5.0,5.312271650418108
1394,0.19345164746777233,0.043211825739361415,5.0,5.284570243581745
1395,0.1987971562414732,0.04176663415393422,5.0,5.317777691953083
1396,0.2568389011390062,0.054098759739630686,5.0,5.329565212809539
1397,0.13551925452621472,0.023106287504822243,5.0,5.322810646177114
1398,0.32578302577443474,0.0685360132773607,5.0,5.314139211568341
1399,0.13415718512838892,0.026099444712882613,5.0,5.29519448440948
1400,0.2657326399759887,0.05517912355207022,5.0,5.2995054192897495
1401,0.2517633425932482,0.04952655829834235,5.0,5.289540345587653
1402,0.2642811545053314,0.054178394548569375,5.0,5.297158270725442
1403,0.35468034539527227,0.07753261709400511,5.0,5.351100432426215
1404,0.2969090803748813,0.05225565119395287,5.0,5.331729257780502
1405,0.21369992225877787,0.0349230441259632,5.0,5.265308791833991
1406,0.2751845462686673,0.05252165206844289,5.0,5.359683773866077
1407,0.17741210632284732,0.05149244067381509,5.0,5.248819010751022
1408,0.28839437429736026,0.052918038843163706,5.0,5.327126551819488
1409,0.27430430433061614,0.05718394230827423,5.0,5.311305497341756
1410,0.19301573916043546,0.03156447558815462,5.0,5.282832622442353
1411,0.17479866139403533,0.03515813567319309,5.0,5.287755749305827
1412,0.22498264854242356,0.04330132794449243,5.0,5.339851897731709
1413,0.12247346215718213,0.022123583804176283,5.0,5.353075296077137
1414,0.2952290226953611,0.06164322354905141,5.0,5.285075291351031
1415,0.259337935104633,0.0635821950112897,5.0,5.273861929100567
1416,0.19236075477022485,0.04042460620168542,5.0,5.295009375247259
1417,0.29993789759865486,0.07377847963154074,5.0,5.13560202440404
1418,0.29858170666648354,0.06661899125176424,5.0,5.281314847251926
1419,0.32038679825998795,0.0569402346242982,5.0,5.291148724468231
1420,0.3827657418934629,0.060702849688107796,5.0,5.36017871752235
1421,0.24304541938833024,0.053103608697655624,5.0,5.298608746834033
1422,0.35328348798272713,0.044843307052875925,5.0,5.3742440303850625
1423,0.30797808356083944,0.07260913936872088,5.0,5.283340490785866
1424,0.20410410268584256,0.04044008845612815,5.0,5.291079412052726
1425,0.277614718653169,0.049450666558585765,5.0,5.321968343718284
1426,0.31707832855471585,0.05567306453059184,5.0,5.3540528274645816
1427,0.25879637647239173,0.0532832153562052,5.0,5.30649427880757
1428,0.1572567481437206,0.03413311323808585,5.0,5.285646241533284
1429,0.22649139323563938,0.0478509251894933,5.0,5.291137501233232
1430,0.14351327276602932,0.027360523275809956,5.0,5.304877667858401
1431,0.2360789191726198,0.04877849398194281,5.0,5.277815736151128
1432,0.2509382999825982,0.051702960512912066,5.0,5.368878490810367
1433,0.16749034132621143,0.0334650245785576,5.0,5.32158115705184
1434,0.18851353443269292,0.05893291220497737,5.0,5.28465974143864
1435,0.12024740436424763,0.02741988855174826,5.0,5.323844886668416
1436,0.23487477051442052,0.04688500455355343,5.0,5.313861295328648
1437,0.22851065372828394,0.04914822477178993,5.0,5.302358001217566
1438,0.3083868540765442,0.07302409412861749,5.0,5.328171989246346
1439,0.18542332730016553,0.03315841343177606,5.0,5.2915931822970474
1440,0.3461976829504063,0.06482164274508223,5.0,5.294182141851884
1441,0.16819407904505135,0.023578500168288552,5.0,5.372235808512773
1442,0.23655927305175828,0.05066652127000831,5.0,5.3392630442350075
1443,0.21615225545868966,0.03914001856899271,5.0,5.257797239197242
1444,0.21340494096335894,0.04444816603502716,5.0,5.323180334380808
1445,0.14196728306930795,0.027556099374439452,5.0,5.294168361198777
1446,0.31833898584243747,0.06404713834997419,5.0,5.286892519024651
1447,0.2666808220407664,0.05596927366167076,5.0,5.332480006976921
1448,0.316906915826793,0.05644318142579957,5.0,5.326004768761887
1449,0.35154438097647867,0.07273679514754,5.0,5.282088920849679
1450,0.28907125234151154,0.05722475968780433,5.0,5.332024232772401
1451,0.2345768080131465,0.04543508638524851,5.0,5.3061143190149185
1452,0.308569829889638,0.06708526918388816,5.0,5.297278374311958
1453,0.25602379356203353,0.04792176279844598,5.0,5.291959330972755
1454,0.2081665596484361,0.03410598864938125,5.0,5.327367962100471
1455,0.22151439002872575,0.050323246635630536,5.0,5.302527893557789
1456,0.1779131909778724,0.03292153629592792,5.0,5.31108567214404
1457,0.21940801402368093,0.04318929532866972,5.0,5.302744228992866
1458,0.3753583457905738,0.08157417428282063,5.0,5.2875580566199964
1459,0.16036758506437732,0.03297474608169196,5.0,5.280218257959923
1460,0.08984797022990532,0.01849944445711349,5.0,5.302312544996086
1461,0.13924916563398582,0.03016347232869321,5.0,5.336794637350852
1462,0.19473923632410384,0.056481046261767864,5.0,5.210402324216705
1463,0.2822087683020722,0.05410236952237324,5.0,5.2851334068723865
1464,0.26945530890641023,0.05862432582051619,5.0,5.293029891012333
1465,0.2524395679818332,0.04485750764574681,5.0,5.331920486105748
1466,0.27297164262666707,0.053828221317453434,5.0,5.303763504112098
1467,0.35212417325239276,0.07091578199468304,5.0,5.291184298803815
1468,0.20591186234030778,0.04307495576477385,5.0,5.251411526627114
1469,0.35947874811593783,0.06853548723665542,5.0,5.30470565415329
1470,0.1641345585177083,0.025457264920611233,5.0,5.2902744813373115
1471,0.13775902297327325,0.02224598939417821,5.0,5.345817379638609
1472,0.2601017602435789,0.05407590948207733,5.0,5.302445762805279
1473,0.23061194099995874,0.047819507161539876,5.0,5.315186353868455
1474,0.3873551812274969,0.07924610367029844,5.0,5.332459596711452
1475,0.2458518330419317,0.04813964060737033,5.0,5.299313296887798
1476,0.2398149110960448,0.04344843274155774,5.0,5.314434955265153
1477,0.2612375670781124,0.0601548747970011,5.0,5.304880058067125
1478,0.16406091249807564,0.0288942221821899,5.0,5.309954834045456
1479,0.27740452589263853,0.046882386001454834,5.0,5.314846094772063
1480,0.23588852294539975,0.041679927586810994,5.0,5.296649334819099
1481,0.2558010043334551,0.03431103390408735,5.0,5.329939960671304
1482,0.13730699658010015,0.029648706433212935,5.0,5.29172816072176
1483,0.26392503642785825,0.06187533924497368,5.0,5.329249056779153
1484,0.36923199324073974,0.07093189595195243,5.0,5.371229063504357
1485,0.33956543346978507,0.06562972050009006,5.0,5.298494324813756
1486,0.25432512133460317,0.04859859228410396,5.0,5.308635128823145
1487,0.30656221475532264,0.054844847979474726,5.0,5.315918811873814
1488,0.48727300869817247,0.1017709394473898,5.0,5.316894079684218
1489,0.2292380541242225,0.05386028089728842,5.0,5.264577279525229
1490,0.2158289112833418,0.040248324431012894,5.0,5.273610009298775
1491,0.14395572528292888,0.03030275561619969,5.0,5.306877651056423
1492,0.2689010830933678,0.05452801104845817,5.0,5.3165370179864535
1493,0.10906031665119986,0.019027075273086502,5.0,5.2995467480763825
1494,0.2634923428789555,0.0532170723712789,5.0,5.28173207834949
1495,0.08584657085155478,0.01726089070973974,5.0,5.281137455760705
1496,0.3106977870461667,0.050727979931655065,5.0,5.296936560743077
1497,0.1969636034043203,0.05210876937072495,5.0,5.315844676217276
1498,0.23562792419217682,0.04788869643445692,5.0,5.32502539719661
1499,0.28678240341294914,0.059820731183797604,5.0,5.267100482950244
1500,0.19462650045208463,0.038252752764943,5.0,5.307809370330778
1501,0.2744306957593192,0.05132808269623529,5.0,5.171285490687447
1502,0.19418887809515795,0.04003669863946019,5.0,5.320804644824317
1503,0.17064403131171013,0.030071911938999385,5.0,5.366598080412501
1504,0.17056167296488378,0.03453717101469095,5.0,5.2858032718327586
1505,0.2422746988192752,0.048630946853754076,5.0,5.316466763790881
1506,0.19866033945404182,0.033725697238000285,5.0,5.327838734325212
1507,0.21343165583904344,0.04515473771736339,5.0,5.277077818025084
1508,0.1683348615150908,0.03577673183723051,5.0,5.274902721052719
1509,0.2487298832139364,0.04989420889689644,5.0,5.293375541573981
1510,0.2297092705153394,0.05120693837151502,5.0,5.285242061193394
1511,0.3062406559786919,0.06239053865860994,5.0,5.316851939436704
1512,0.15950322289455543,0.03191221053917892,5.0,5.300551206201849
1513,0.2104824137336223,0.04389409550670381,5.0,5.321513045798225
1514,0.3694630820481317,0.07846544518408721,5.0,5.305902688656712
1515,0.37153227513259823,0.07441620495308465,5.0,5.321100744223974
1516,0.27903331061438985,0.06771444357013606,5.0,5.284298997445953
1517,0.1318460065458953,0.027243725242125205,5.0,5.294306858941802
1518,0.3345306198538285,0.06668533757691769,5.0,5.3287772469594685
1519,0.1511381381896275,0.030969027062671184,5.0,5.289014495476465
1520,0.2023675799222795,0.04744285565012579,5.0,5.325658141046876
1521,0.2550164834501887,0.052684354702494995,5.0,5.305540212698876
1522,0.2671253093512673,0.05630795287129109,5.0,5.300546082693209
1523,0.37128133123209683,0.07501519001113471,5.0,5.281856003610015
1524,0.19055461356843773,0.03679123804473708,5.0,5.264417944257289
1525,0.1617711760714311,0.030922215427141075,5.0,5.316978274006354
1526,0.20601969746906001,0.038925404898478955,5.0,5.296551314453213
1527,0.17763156121495394,0.0345841888226861,5.0,5.303199545592179
1528,0.284689695700306,0.04725489483753226,5.0,5.29505852507409
1529,0.22854463427412286,0.04263316051927579,5.0,5.301216937012052
1530,0.21438510212020168,0.04169022381699361,5.0,5.326697772814377
1531,0.28516673367879686,0.04914694969693195,5.0,5.32095215656863
1532,0.1828457257038858,0.03453921335629684,5.0,5.3093532559474355
1533,0.400641472454466,0.0807916999149674,5.0,5.2744164845878405
1534,0.1776181930895675,0.037268486344766455,5.0,5.251162401874776
1535,0.16187700656991577,0.02927884654357693,5.0,5.27954528228384
1536,0.31218509263403127,0.061437532764919645,5.0,5.34071581952964
1537,0.2755632442065412,0.05438385049649008,5.0,5.342085320638015
1538,0.2019522025821714,0.02453724726606349,5.0,5.335829328721733
1539,0.2432648634235297,0.05066408415024273,5.0,5.298488774350929
1540,0.27680939582331,0.05440636097484586,5.0,5.299510653907484
1541,0.32854066507304314,0.07397197503060468,5.0,5.268155227576532
1542,0.1204801556758186,0.02180728547283084,5.0,5.300027095641386
1543,0.25760341235291895,0.0527394527483207,5.0,5.32532182989879
1544,0.21742827597342718,0.05268250750485037,5.0,5.272339878586321
1545,0.23262484352426083,0.0386520420756043,5.0,5.312977150978435
1546,0.27754102512373535,0.05099633485567706,5.0,5.290206592737103
1547,0.35793039880618926,0.0705268235921967,5.0,5.334377580935712
1548,0.1643945295363307,0.03553568370614579,5.0,5.264119647396646
1549,0.2262257838412136,0.04387089290420687,5.0,5.276716164713999
1550,0.10994012556523414,0.023859247637265713,5.0,5.324087691503703
1551,0.19350852695389453,0.035570636608996814,5.0,5.288002982921913
1552,0.31077570573985525,0.06369101502560709,5.0,5.295908671560676
1553,0.20590841335484655,0.039586405385477336,5.0,5.287151587087564
1554,0.2779011275205654,0.052863025394230434,5.0,5.342624065905994
1555,0.247542738394954,0.057417095162100446,5.0,5.2510564919081215
1556,0.25997199006327953,0.056668391349804004,5.0,5.326357883411363
1557,0.19104890203284608,0.03434879897026483,5.0,5.302240203061137
1558,0.25270169780382834,0.06733756589224846,5.0,5.268686897944583
1559,0.17520857886840413,0.0387449983505479,5.0,5.3055761060803786
1560,0.2869180803024711,0.05924757946345277,5.0,5.282671482979433
1561,0.17589744359933346,0.03685490652695397,5.0,5.273278107072628
1562,0.25787988296532305,0.049836625233241394,5.0,5.2969211482711565
1563,0.48037600489055055,0.09221771434706455,5.0,5.320998223056055
1564,0.09683469539295864,0.04272052197820997,5.0,5.298624027517569
1565,0.2341762004382797,0.04894487353565158,5.0,5.294183271192239
1566,0.18645783264578086,0.04088400516627566,5.0,5.313406152633879
1567,0.17124102751054626,0.032091148514306,5.0,5.302883780211047
1568,0.07941634840879908,0.009744223861344936,5.0,5.332247639613126
1569,0.27928779952220273,0.05727857943479589,5.0,5.278898661939637
1570,0.30161674333119826,0.0583914600041433,5.0,5.307338604038296
1571,0.22124605971399203,0.03536496099324041,5.0,5.245657354374291
1572,0.21486182527340003,0.041234535814927364,5.0,5.3017886264812475
1573,0.13561262427269383,0.02502615480659537,5.0,5.264833988445963
1574,0.2274118479495537,0.04599360805489547,5.0,5.273486194132184
1575,0.24817329336142024,0.05340505137362919,5.0,5.273120648019525
1576,0.26061490476793314,0.04977623618848778,5.0,5.292999777410232
1577,0.26555601914837634,0.04894682656740157,5.0,5.313628519500373
1578,0.2332255313796261,0.044132888584263175,5.0,5.253057316566929
1579,0.1945144123761242,0.035926029480722044,5.0,5.2926279680908195
1580,0.20981191525837284,0.03915651853545776,5.0,5.30739397079822
1581,0.2542145402767684,0.04842939194218093,5.0,5.346751406242172
1582,0.32791127004675524,0.05467891940923825,5.0,5.302409797798333
1583,0.31216760914597486,0.058688312746963844,5.0,5.348317509708496
1584,0.19343737644827175,0.042090119409745164,5.0,5.289229008432752
1585,0.1809391459717007,0.031246833133703078,5.0,5.308431374560785
1586,0.21276097852442288,0.040870256384493486,5.0,5.312303248475487
1587,0.17898066231316756,0.03699327168833494,5.0,5.311773630234038
1588,0.2366888160133669,0.058673999876949406,5.0,5.213025040072967
1589,0.19941643551972743,0.03958474963791109,5.0,5.355567251199851
1590,0.26955090792879255,0.0520522880312117,5.0,5.289658989348078
1591,0.2668751342140545,0.05607782436782616,5.0,5.299642964031612
1592,0.17250311630047932,0.03728082340931407,5.0,5.295230547251872
1593,0.2300115846714188,0.05889609521528308,5.0,5.265404237827038
1594,0.14731753192451502,0.03349239884755767,5.0,5.28549421035124
1595,0.17899468766691462,0.03765932353465351,5.0,5.30442404815183
1596,0.21220844723818244,0.043505827310038825,5.0,5.325530925633775
1597,0.2234738259745812,0.054137562883512985,5.0,5.303098631667762
1598,0.20653590365008578,0.04431885324252116,5.0,5.318572445258063
1599,0.3871678520939912,0.08420601765402302,5.0,5.271239351198931
1600,0.21635061577934867,0.043395615580624936,5.0,5.340439745365941
1601,0.19169811982642027,0.041104754196902155,5.0,5.285672070276455
1602,0.19227460447722322,0.04281855919125255,5.0,5.301063317228154
1603,0.1926769782420663,0.03889457706414323,5.0,5.280623506034141
1604,0.29737496498118654,0.056548462710627356,5.0,5.320041763848016
1605,0.17089962276185378,0.03511361955554254,5.0,5.306141972329295
1606,0.2828800389399544,0.05734867803884108,5.0,5.316817062325834
1607,0.19823936474665582,0.0344590259983823,5.0,5.313872317905606
1608,0.4052000103909841,0.0957751935474622,5.0,5.275867729239643
1609,0.20991686463635162,0.049449029754122076,5.0,5.273716878509926
1610,0.16811374440501048,0.05208151453635396,5.0,5.303397176366049
1611,0.39393915385136347,0.0832294277291992,5.0,5.294356852393447
1612,0.12988532721756751,0.036192241881571774,5.0,5.278551656853674
1613,0.38009922559109355,0.07731673842467562,5.0,5.305261957193954
1614,0.2234042888452632,0.04135317573103664,5.0,5.30895413551316
1615,0.1715567146966599,0.030559642314671898,5.0,5.309847955932581
1616,0.2168249811028602,0.04804871311441772,5.0,5.249579977367427
1617,0.31477349455304027,0.06944110657982888,5.0,5.2875649320204765
1618,0.20834183113523586,0.04094983582446815,5.0,5.277779389150723
1619,0.3385493211425319,0.07066289545839705,5.0,5.320179271045431
1620,0.2955993032366422,0.059601862556521584,5.0,5.3320018729391805
1621,0.22087373114289788,0.04581725801214842,5.0,5.324582299829839
1622,0.24055146125927118,0.04459754913645547,5.0,5.329493824189937
1623,0.2519444842118246,0.05493687694699684,5.0,5.299031891240311
1624,0.2784663597779178,0.057232289653219914,5.0,5.286037527696514
1625,0.16161008741025262,0.03172040566981982,5.0,5.304770107432528
1626,0.17743333305695574,0.05375790963995747,5.0,5.272591463531837
1627,0.1938165341241278,0.0391765287901816,5.0,5.291261065907165
1628,0.14292087538880804,0.020698063616508555,5.0,5.290012527686043
1629,0.23171781715060158,0.04597203488307866,5.0,5.296075328594867
1630,0.38842938011853345,0.054770908725788214,5.0,5.31203336326076
1631,0.14998068754018457,0.029841150428057517,5.0,5.294844722779484
1632,0.3265706420981558,0.06609593402195113,5.0,5.305779467035521
1633,0.27452397030537146,0.06090870123877676,5.0,5.2903374706646655
1634,0.1951724152859884,0.038331505629553175,5.0,5.29196995403364
1635,0.17218617310063822,0.034398750458149496,5.0,5.278476822220695
1636,0.19868689890933267,0.04569975022706807,5.0,5.309070234202586
1637,0.2017831531168397,0.04985213571980235,5.0,5.0
1638,0.1692878265875868,0.03244911952338453,5.0,5.300634722557724
1639,0.28172619518163367,0.06136633916204995,5.0,5.303351524729587
1640,0.13000591170433795,0.014081696463043414,5.0,5.438173756720399
1641,0.16121633785012346,0.03294738529317073,5.0,5.311972604195425
1642,0.1881844816827205,0.0351238252664563,5.0,5.335974360234408
1643,0.17636088017588425,0.04960490917684063,5.0,5.270227400073146
1644,0.17217601400922522,0.03659919233010411,5.0,5.2944954951563705
1645,0.1647121466332231,0.03350732987153071,5.0,5.290028083363918
1646,0.16925934096671025,0.0324857422942082,5.0,5.287470087877759
1647,0.34608437100933154,0.06422978044247771,5.0,5.304340672354568
1648,0.3240132541790208,0.059436536687138164,5.0,5.315125769855715
1649,0.20713505899137696,0.03852438627026922,5.0,5.324670422585207
1650,0.257303465536717,0.049697130289518165,5.0,5.317366079324817
1651,0.3574683672724943,0.07166498072973254,5.0,5.3158671368830035
1652,0.2950891768628776,0.05413140157557933,5.0,5.321781054326324
1653,0.1583979115431291,0.04556246873594283,5.0,5.303070574518216
1654,0.18462821814083408,0.037623901837964324,5.0,5.331368635650273
1655,0.16796932615937243,0.0331937278905548,5.0,5.3107683072268586
1656,0.35968436197306985,0.07661969837327104,5.0,5.2713831518902765
1657,0.32459704740685846,0.05541096400661877,5.0,5.286068106649262
1658,0.10981626925808752,0.023218090588564444,5.0,5.329598479181392
1659,0.27728569640280787,0.05123333212021863,5.0,5.307561685381277
1660,0.14638506452241407,0.03249968968201511,5.0,5.304828028779429
1661,0.17301815041601953,0.038807261622534645,5.0,5.271266970436086
1662,0.2008033593187042,0.05709314451775077,5.0,5.333712155332098
1663,0.1331843974409832,0.030476854372276763,5.0,5.4382968773792495
1664,0.19248214953297116,0.04115309127778444,5.0,5.314723491679079
1665,0.22207055464662706,0.055243621887236694,5.0,5.3436232936896655
1666,0.277192541381273,0.049118714770677196,5.0,5.290087264259347
1667,0.18903662183680559,0.035965145227916495,5.0,5.29889441235591
1668,0.16360920409770285,0.03351795690416037,5.0,5.285125256802576
1669,0.18645830213114256,0.04081121912888752,5.0,5.294536722288772
1670,0.30339568535735095,0.05945938847337873,5.0,5.352733900782152
1671,0.20815748292042446,0.04311071080550477,5.0,5.277727597870587
1672,0.15209123794295554,0.032457925642268126,5.0,5.293861559313617
1673,0.12507807989688624,0.029055194963386627,5.0,5.288272522175195
1674,0.21809733088635452,0.04995192272381077,5.0,5.2810387483309285
1675,0.24714821226340766,0.0467110422821983,5.0,5.30355615513276
1676,0.18993299068665515,0.03028501300041586,5.0,5.3251443994391146
1677,0.25357167875968956,0.051826898350024964,5.0,5.312152477650587
1678,0.16293286099786286,0.03627456054817843,5.0,5.287146659017594
1679,0.15820190486959862,0.029811728940263238,5.0,5.2772548416461
1680,0.3467823859569965,0.06948682057656366,5.0,5.308785012057902
1681,0.3419078699839435,0.06569874847830309,5.0,5.333955201098144
1682,0.30776465911827944,0.05798084905708989,5.0,5.305454333042281
1683,0.13076964010017922,0.026561082430273997,5.0,5.330244045183958
1684,0.2303384774518782,0.04467385944252225,5.0,5.299890392308528
1685,0.18151070734936625,0.03533292135072208,5.0,5.3026715763475885
1686,0.12882065847720692,0.02765206862531011,5.0,5.288205685804899
1687,0.2018537606927575,0.03855104357871403,5.0,5.3148416083704575
1688,0.28969202712701825,0.06453540491870535,5.0,5.304894074346027
1689,0.2689932770231198,0.05818936290968957,5.0,5.3520276889409235
1690,0.3482818201485074,0.07051300178410583,5.0,5.275631621708401
1691,0.22626309068533534,0.044178675303252424,5.0,5.299346189638117
1692,0.25001326976677163,0.04834597070640834,5.0,5.340769168341559
1693,0.24615139733455949,0.05305095029497797,5.0,5.308229185238593
1694,0.37022279544502124,0.07466361748171357,5.0,5.315900463545402
1695,0.24238249693464464,0.04207711383806889,5.0,5.329156475160914
1696,0.2852831610804305,0.05769927185792725,5.0,5.297715349674297
1697,0.2540688601281522,0.05240953020695899,5.0,5.295977523537019
1698,0.2094158756678175,0.040343367157888055,5.0,5.323310907438961
1699,0.1915463029090596,0.055986025390688476,5.0,5.306282175041819
1700,0.26280766573430325,0.04593140823320957,5.0,5.298373368684377
1701,0.24060192468830155,0.05005292680333903,5.0,5.2769326273582084
1702,0.12992743810499574,0.03193770541047691,5.0,5.319818843582054
1703,0.3164079174995149,0.07076326544147199,5.0,5.316539607223021
1704,0.27517516698823785,0.05345897364614316,5.0,5.340119543551731
1705,0.3323400290796368,0.06037024365875543,5.0,5.344980043275767
1706,0.22183626716738947,0.046879884505203084,5.0,5.308044841929336
1707,0.23088278630892667,0.04455346050144918,5.0,5.298880032619646
1708,0.1899573878407872,0.04748036178310755,5.0,5.3225821462921274
1709,0.3580324468304541,0.06386262767221562,5.0,5.365966263669826
1710,0.28788318510136657,0.057620267315942886,5.0,5.351360040109183
1711,0.27032827365761025,0.05135791290161251,5.0,5.3078773592908135
1712,0.2177178610354924,0.038179342466599986,5.0,5.361206023032707
1713,0.38616738901430225,0.07674987712200748,5.0,5.287730293214166
1714,0.16557103719621624,0.038549724477007885,5.0,5.306728302775889
1715,0.20898358870777844,0.020390352193663086,5.0,5.2627268080380585
1716,0.08324587185851229,0.0225559162434415,5.0,5.297342077349789
1717,0.2603393392773754,0.029047610003621938,5.0,5.330741493624664
1718,0.35232049127158827,0.05721987577658194,5.0,5.304454643063901
1719,0.15462689177916733,0.029485990349715607,5.0,5.328934115784296
1720,0.113984715670026,0.024048686327760416,5.0,5.319033315615496
1721,0.28476106826439684,0.052933733715278763,5.0,5.3488782970841875
1722,0.23781517640464456,0.054876970944931325,5.0,5.325324647225749
1723,0.3302828109640954,0.0629031515476628,5.0,5.296263109000927
1724,0.1328104211794432,0.026823673123346048,5.0,5.273894683684768
1725,0.13816028615864595,0.021777310792543858,5.0,5.277933697954866
1726,0.24013608614440063,0.05263178388015849,5.0,5.291902901975654
1727,0.21456251628147993,0.04157983069607557,5.0,5.315337134575104
1728,0.2958582131488037,0.06662444520479854,5.0,5.289334381491502
1729,0.09967295320803915,0.019445818822822647,5.0,5.280344477277588
1730,0.3424169690407959,0.08821908336211204,5.0,5.3161156031689405
1731,0.3825521125421876,0.07014246894062462,5.0,5.342735988614429
1732,0.34633737010691434,0.07430587297436106,5.0,5.28077927890048
1733,0.22124941776807638,0.048855406448945315,5.0,5.3027536011321885
1734,0.34110162151181056,0.058565047435700124,5.0,5.278769021826495
1735,0.2900976450085804,0.035116843425916755,5.0,5.317354327264585
1736,0.31776992059616616,0.07156955680744664,5.0,5.284495140123182
1737,0.3119490761748356,0.017801770469417028,5.0,5.270831776562881
1738,0.16578167303824376,0.02851353180804833,5.0,5.296430691139289
1739,0.24262175612955228,0.055550896244855597,5.0,5.31943215910637
1740,0.16829860441878663,0.04476523534035626,5.0,5.327261428096479
1741,0.33270187367702153,0.08872456041699395,5.0,5.149506446777128
1742,0.24207819280140352,0.07362198384194016,5.0,5.283668209649326
1743,0.26598154842679067,0.06217184104641765,5.0,5.3052133868963125
1744,0.31391079120704757,0.06708813578338979,5.0,5.3064976093899485
1745,0.25232843492932977,0.047209039565443145,5.0,5.30896137179405
1746,0.34812665177459867,0.058478049963098355,5.0,5.360694104704704
1747,0.26989376367425355,0.05493145184867371,5.0,5.329944519451724
1748,0.13512080125195203,0.0332545890879431,5.0,5.275897559770293
1749,0.2101035433236238,0.0329041747878579,5.0,5.3616587040070485
1750,0.24322162652501644,0.05004940128469526,5.0,5.301569549891925
1751,0.4130572748656487,0.06716470054645463,5.0,5.288676733184401
1752,0.3163225115767705,0.06563730452167693,5.0,5.313725105545464
1753,0.3663175988189722,0.0663156180833463,5.0,5.305196063154662
1754,0.23187354628306078,0.04474589996978007,5.0,5.31198296985008
1755,0.3224269433931537,0.06692880216454666,5.0,5.310023514568369
1756,0.19283805620682215,0.02804026541610949,5.0,5.3400790614045235
1757,0.30940035816612643,0.045019096938732905,5.0,5.3122734539872685
1758,0.2996257383424126,0.06305193743448978,5.0,5.28994224247743
1759,0.3309125260101804,0.065657622518136,5.0,5.322027668138816
1760,0.18778061852600314,0.03146223434841844,5.0,5.291323456958565
1761,0.3901064210210421,0.07745378613985349,5.0,5.290030027062134
1762,0.20440467464998546,0.04202546662901785,5.0,5.30508871745516
1763,0.2983307970231168,0.049312563901520834,5.0,5.45845373754096
1764,0.2391247435318311,0.04636468901679447,5.0,5.310811668588684
1765,0.39183538276362606,0.07498561848243795,5.0,5.33397647322297
1766,0.27572713134326277,0.04916891052552669,5.0,5.277123055285582
1767,0.13350382010339956,0.027277882972334244,5.0,5.290295214245484
1768,0.2794780602225426,0.05033757268620648,5.0,5.339808128965009
1769,0.3213855493391826,0.05911463899327635,5.0,5.3447480984814355
1770,0.3127923667528685,0.05583371343553928,5.0,5.320880691299799
1771,0.22788557724728364,0.04395844982328412,5.0,5.2986064815854395
1772,0.2032982684550393,0.04837576898909007,5.0,5.2864557784000965
1773,0.234067152724037,0.05063716300408494,5.0,5.29930806222791
1774,0.20607960307286133,0.03985737011556356,5.0,5.291672464248638
1775,0.25334258092607875,0.05248827793831254,5.0,5.290440781586083
1776,0.2819603987817847,0.060482040937537174,5.0,5.285207680069943
1777,0.292953811357644,0.05128148980531144,5.0,5.266217096355641
1778,0.2481518589685281,0.07300838274659405,5.0,5.355208770213569
1779,0.22661176669933436,0.044842317267329956,5.0,5.296797005247544
1780,0.23148079762777818,0.04691584112524261,5.0,5.2959746970105925
1781,0.24751796170077878,0.03594726938595433,5.0,5.296158685047585
1782,0.17134083142365109,0.03634615235727823,5.0,5.294197413395656
1783,0.2065396028481188,0.05850890878590348,5.0,5.300163332020977
1784,0.23507457770947426,0.05125727773302713,5.0,5.332643075331038
1785,0.16178034190072044,0.03309363033399443,5.0,5.30971241418972
1786,0.18599264710530838,0.03853924896424876,5.0,5.268008539774387
1787,0.1944791415464171,0.04536566132226916,5.0,5.300794707431615
1788,0.28454657272773587,0.07102333253778872,5.0,5.277605648739909
1789,0.3993369499101789,0.06954327136663857,5.0,5.311426841171656
1790,0.27471310511119174,0.04913276188388993,5.0,5.336040462854825
1791,0.3233185077437577,0.061580692988005004,5.0,5.322031632205491
1792,0.37775899816457037,0.06113460105227286,5.0,5.268284609310454
1793,0.2640909875686639,0.037888459859899526,5.0,5.33143787774474
1794,0.28468154965137193,0.05486928546658998,5.0,5.337680837788064
1795,0.24154463324844722,0.04287730187803007,5.0,5.181752932757107
1796,0.3361969046248652,0.06891138088627319,5.0,5.307610355882995
1797,0.1773390879016674,0.07345923667531296,5.0,5.309891320704363
1798,0.32866918950723445,0.07063465135111258,5.0,5.295383182826567
1799,0.33208756873191203,0.06925247627549441,5.0,5.309603412106867
1800,0.26902619468984046,0.046506560017605836,5.0,5.339028389522804
1801,0.39704411831948394,0.029295134222067115,5.0,5.293947230253826
1802,0.36990966787582824,0.0759333851670389,5.0,5.333418222551236
1803,0.27098060127287193,0.06632016230438975,5.0,5.307277724003656
1804,0.2042557351307619,0.03942037436466017,5.0,5.297997997737509
1805,0.31355471390605016,0.062399570782365854,5.0,5.297488349333044
1806,0.2054417965624713,0.04536066701764316,5.0,5.266732468440898
1807,0.2490711899281015,0.0602652922440747,5.0,5.283384237400757
1808,0.2853786562156546,0.04755477040780076,5.0,5.301448844028913
1809,0.3531002533539813,0.06292963998644316,5.0,5.309653600827682
1810,0.36485280953557253,0.07298751481877602,5.0,5.302300535287969
1811,0.1862555559877619,0.036122740744201576,5.0,5.252405667728075
1812,0.4538712321244438,0.09606426302344623,5.0,5.305242382228892
1813,0.2401934071398415,0.05591959625328238,5.0,5.284804625654669
1814,0.19193826391361024,0.035006640654810905,5.0,5.316843737083357
1815,0.30344708454712954,0.05972383775412782,5.0,5.288361335865446
1816,0.34612755583107213,0.07080238509630643,5.0,5.3126857888179835
1817,0.32314121332679746,0.07530079773900311,5.0,5.320257004111468
1818,0.20623277186239242,0.04185366465768081,5.0,5.296390322783244
1819,0.2829380001836517,0.05066322681070906,5.0,5.395464442233715
1820,0.2046120811359402,0.038833630762097504,5.0,5.301486388501306
1821,0.1663918546420735,0.05787841977733679,5.0,5.276575584884462
1822,0.16970389720863377,0.034207664964500784,5.0,5.31152986478018
1823,0.14910919535908596,0.03634074513646651,5.0,5.282118176877253
1824,0.26781114465082445,0.04909415927935079,5.0,5.375911769148187
1825,0.27190941858661,0.027079264846909645,5.0,5.290508310624364
1826,0.23001025804980357,0.05488385098084081,5.0,5.304697909352516
1827,0.34219651948075525,0.024225560635231402,5.0,5.344599460496795
1828,0.21349248901678752,0.04930466296592023,5.0,5.291715007792304
1829,0.15527351672181333,0.029049809397700188,5.0,5.270334847054645
1830,0.34474482414985586,0.06425243838084382,5.0,5.312561631118955
1831,0.17440040977193538,0.033139017008479155,5.0,5.309760936051919
1832,0.24335605163221996,0.05248608438476404,5.0,5.101943889534457
1833,0.34666744586788845,0.06170307430719302,5.0,5.314954641238883
1834,0.16334027010560725,0.03460833665495622,5.0,5.311579250894702
1835,0.26081023973001494,0.05761110863298513,5.0,5.287178686125387
1836,0.11745654988950704,0.023358813841051984,5.0,5.29656314915651
1837,0.3364892258696828,0.05312117020809998,5.0,5.250783324080182
1838,0.2185599257196722,0.050416803421275774,5.0,5.268867099008272
1839,0.34132660086883604,0.058992297825349815,5.0,5.320037429821234
1840,0.16528201893553796,0.032901783593035694,5.0,5.339432481263495
1841,0.321326640046919,0.06897462285403799,5.0,5.32418823975946
1842,0.3255871484782238,0.07073337003606042,5.0,5.283806514451035
1843,0.1938069970962062,0.03727255073829744,5.0,5.316759003609466
1844,0.1968391044341704,0.051639483217751636,5.0,5.313492185026432
1845,0.17686060603197196,0.033756657956970915,5.0,5.321180823927678
1846,0.2518929123175726,0.04075303367078642,5.0,5.336954343062903
1847,0.32268226679124234,0.058102924281967866,5.0,5.285768664007415
1848,0.23088597986204928,0.05467374338610076,5.0,5.316734502259024
1849,0.27364763303752326,0.058108703220099756,5.0,5.314296314336282
1850,0.23189689779468647,0.03766750743358094,5.0,5.285457837637955
1851,0.23424185993420732,0.05067765892667406,5.0,5.270320320894664
1852,0.16502855147729112,0.03603524952312864,5.0,5.301657587484359
1853,0.29884094625634594,0.05293749389698699,5.0,5.3051108326950125
1854,0.36998612757719584,0.07777551091189921,5.0,5.312871643237358
1855,0.2257535947414926,0.04326322766196694,5.0,5.330764315014784
1856,0.3541138435897009,0.04180025926502351,5.0,5.34330491889869
1857,0.4263888295972855,0.07722875368112955,5.0,5.299559915445018
1858,0.42103725526983804,0.06717071488204163,5.0,5.38632052107797
1859,0.2709464022248027,0.06790990815934,5.0,5.272860340295846
1860,0.40343924419309807,0.08210270905138026,5.0,5.26588080025479
1861,0.2627756239597514,0.055263147058225714,5.0,5.338504783869347
1862,0.2923763741650829,0.03501525257336269,5.0,5.302381824343874
1863,0.13252875183633805,0.03062381217225285,5.0,5.325260494506239
1864,0.32286554396740397,0.07209978902612349,5.0,5.28583119643109
1865,0.28673033140627924,0.060142562959306645,5.0,5.273218645992337
1866,0.35734659344335773,0.06933296572269543,5.0,5.293565957259352
1867,0.1819957701984889,0.04026060175709559,5.0,5.2772925520971725
1868,0.20855730345530632,0.03578586373949827,5.0,5.340232310496651
1869,0.23243795935166545,0.049021466785425405,5.0,5.309283550262247
1870,0.07539011102709847,0.03959162963513818,5.0,5.295876260080625
1871,0.2984712640395446,0.05958661302820223,5.0,5.306611083780375
1872,0.23538457705665672,0.04612544236002247,5.0,5.319224302744532
1873,0.22962974663638724,0.051475126322288955,5.0,5.32938252863894
1874,0.24969704126039116,0.05836456460359363,5.0,5.329959056176099
1875,0.1788853624854818,0.02961410053602509,5.0,5.316991724103151
1876,0.41249118600466406,0.07217148237818835,5.0,5.295818216589927
1877,0.21476712263656506,0.0471364979244529,5.0,5.2392789895543235
1878,0.15232036555794082,0.03080909487147454,5.0,5.261639310250903
1879,0.21036822155400925,0.03899844617346199,5.0,5.331352581294535
1880,0.25429043203203094,0.04866427878305152,5.0,5.310497267965486
1881,0.26266972095489227,0.055146347449939875,5.0,5.29069656792406
1882,0.5211121197847239,0.07982147692472491,5.0,5.322860626387538
1883,0.20774913970093545,0.03908264476295442,5.0,5.287772794818393
1884,0.284725234857482,0.058305041497045434,5.0,5.262254817442145
1885,0.11711743858470669,0.030933101875365188,5.0,5.28977010012218
1886,0.28389540590621953,0.057535905362274986,5.0,5.311776819123013
1887,0.22135844455224585,0.0469061786132694,5.0,5.295776371093837
1888,0.14667684079072374,0.026116977797457863,5.0,5.3116520632543995
1889,0.15797375660759538,0.04263309073939747,5.0,5.355262842926036
1890,0.3707214782018693,0.07086163124824368,5.0,5.33487168582826
1891,0.15027573958792595,0.026091540441781885,5.0,5.259851173158081
1892,0.2388225273823663,0.05091235015079973,5.0,5.259420224748919
1893,0.129031498746913,0.025659380393981912,5.0,5.334128956563511
1894,0.23149914251518333,0.046623003037195354,5.0,5.296458760122276
1895,0.2665455357799378,0.051473390010469744,5.0,5.285365898604049
1896,0.24174912004421945,0.05843615827993248,5.0,5.294821173136519
1897,0.3730804597439943,0.08948746519484024,5.0,5.364511329957695
1898,0.26038605322939623,0.06358305426935212,5.0,5.324531147258815
1899,0.22366240285011352,0.02167904508301738,5.0,5.303975973082071
1900,0.22362103329127136,0.040493699116538634,5.0,5.2904480894674055
1901,0.29766388719062364,0.04799991949134727,5.0,5.282378634397968
1902,0.15188523182501612,0.022165337973531263,5.0,5.291276516687633
1903,0.29769231259448325,0.06676153152105968,5.0,5.2787997295056766
1904,0.4853787881009082,0.09869401026136879,5.0,5.277150566172635
1905,0.24820871255798416,0.052438044014948504,5.0,5.302450761012292
1906,0.31049569133822374,0.06937994802587638,5.0,5.270795472454388
1907,0.25448434698810485,0.028287620618349663,5.0,5.349122836488931
1908,0.4962419887047227,0.06571582463617481,5.0,5.296011954762028
1909,0.4118600688531002,0.0445012937917611,5.0,5.313204417043655
1910,0.09017600101919232,0.02613676388695574,5.0,5.323202347643656
1911,0.0716488723451909,0.007504004059619096,5.0,5.318994443987961
1912,0.32237630761173675,0.06779358245089581,5.0,5.282264344415193
1913,0.19557167105709294,0.03586932912420998,5.0,5.303903096078084
1914,0.2872632616728661,0.06677625996020264,5.0,5.259381251788717
1915,0.17549933284313113,0.0538440406593334,5.0,5.300906343720859
1916,0.13533507947766243,0.028744293609801796,5.0,5.286384921046219
1917,0.2806377099830435,0.060464292422678645,5.0,5.2802606254112305
1918,0.27495123253741993,0.04858589549375003,5.0,5.321935926489374
1919,0.34885053502381314,0.06992034121415935,5.0,5.291093236929232
1920,0.21744451563798362,0.037205819346671776,5.0,5.302016958078513
1921,0.26635142116284993,0.047869920734587845,5.0,5.310041022929237
1922,0.20847376226813719,0.03415416864959958,5.0,5.315269509595506
1923,0.08655086324949823,0.03083043541698094,5.0,5.312054133534261
1924,0.27648394148967226,0.06027702357820336,5.0,5.309447615796312
1925,0.18991978155476463,0.03764878005601674,5.0,5.2936940208708005
1926,0.4066267179688572,0.0784932547970062,5.0,5.349537394445392
1927,0.18424898256698619,0.057380410865041975,5.0,5.286887809678769
1928,0.06849605054743413,0.01296109227215414,5.0,5.271836014573852
1929,0.1401543212733556,0.039108092766609315,5.0,5.321125476244699
1930,0.11995325055440298,0.021632548340452085,5.0,5.297677613602483
1931,0.24932814665095804,0.04807900990306724,5.0,5.292483933086158
1932,0.2943459504348158,0.05157520475907568,5.0,5.339481720253891
1933,0.20748796383201396,0.03587844898922263,5.0,5.285514938478162
1934,0.18613725405510695,0.03392337634453074,5.0,5.31377874689313
1935,0.33299664523353,0.06677087466715265,5.0,5.285523301244197
1936,0.2786456120737608,0.059440207700691944,5.0,5.283215689931611
1937,0.3423970145179849,0.08466133297866768,5.0,5.282236429998921
1938,0.1825706382322574,0.0374884214806992,5.0,5.3066048897105045
1939,0.09035987948316015,0.009837802012673147,5.0,5.3286706601640965
1940,0.24200413786365726,0.05075673348537929,5.0,5.323264454128429
1941,0.20499129485097112,0.04763337496783582,5.0,5.27395473909726
1942,0.36674916591585927,0.07994018397368599,5.0,5.264863903497439
1943,0.35430096485138707,0.07459106392922882,5.0,5.323196242334083
1944,0.3714341404920871,0.043345747047504546,5.0,5.345284306686464
1945,0.4170326932884376,0.07951278013340168,5.0,5.317618149616097
1946,0.2586074549504671,0.05334023327313586,5.0,5.280726753851752
1947,0.3429141827558959,0.06484822127702128,5.0,5.338592929247348
1948,0.17861941917876534,0.03619192272473065,5.0,5.299357358507573
1949,0.27437261023178294,0.058022116909112686,5.0,5.316448940310741
1950,0.29437834100405436,0.0616942138146947,5.0,5.310895817288905
1951,0.36639201129455023,0.08239746932846717,5.0,5.2802033253567515
1952,0.27438904483253723,0.06377184730580177,5.0,5.267852532352082
1953,0.13703781573742657,0.02700189623813365,5.0,5.303797011807232
1954,0.3574166069478524,0.06912035408137762,5.0,5.29966230124276
1955,0.22695557581214842,0.05690240273040453,5.0,5.295622453038291
1956,0.1986368864060961,0.024838861409884228,5.0,5.287997074256152
1957,0.27061352009749995,0.035236208913182965,5.0,5.3414894207683705
1958,0.20013223440755223,0.029507727885110413,5.0,5.310780130723547
1959,0.29942684351559823,0.045538737026863035,5.0,5.260974075892699
1960,0.33394725454942864,0.06902407835608726,5.0,5.305603861119073
1961,0.19250056362402446,0.03548515818756487,5.0,5.291752201810125
1962,0.42544175177361,0.06349333026523873,5.0,5.319685098149627
1963,0.40550379142109017,0.08367391307564648,5.0,5.30937246927877
1964,0.21799624193501943,0.04095445449217916,5.0,5.326079248909865
1965,0.27772307854985656,0.058967738649199464,5.0,5.331300587820875
1966,0.28637352147512307,0.058187883794870665,5.0,5.31344183110348
1967,0.19370533505251797,0.04381164238596755,5.0,5.282671213990016
1968,0.1908795081835113,0.04181325232191124,5.0,5.3013755682864705
1969,0.20382648454032526,0.03884316769025348,5.0,5.262092085999752
1970,0.310848887206864,0.06618557108076839,5.0,5.323226872721367
1971,0.22044772867543916,0.055224183703588225,5.0,5.308923804415082
1972,0.3623837508277328,0.0710797194092101,5.0,5.307364309566784
1973,0.1964219606087234,0.035110011654813755,5.0,5.324656666817926
1974,0.1740980973637829,0.03606013795342311,5.0,5.301713332886848
1975,0.2280018226840239,0.06165176757699983,5.0,5.289017153618101
1976,0.3300110542560657,0.08139103259459379,5.0,5.27410807843955
1977,0.23194655945203668,0.051704869493143346,5.0,5.303413089897155
1978,0.15176366124405205,0.029391456858644444,5.0,5.263593137449671
1979,0.20993471451802814,0.03959527358724407,5.0,5.311533346657535
1980,0.2647280153019116,0.07488652364183149,5.0,5.298357050428164
1981,0.19843622640610548,0.0351839425916991,5.0,5.292741994352195
1982,0.2648570399526602,0.04945002107374469,5.0,5.301023454813123
1983,0.18996378569804873,0.031550449193094854,5.0,5.305352772284202
1984,0.39141797193999994,0.05951690733011161,5.0,5.321698170763121
1985,0.3051437831072572,0.058435546906419444,5.0,5.337559561053551
1986,0.1773428029298314,0.039437001438267755,5.0,5.252353955454616
1987,0.23302152534665033,0.048154226411932954,5.0,5.2698414127804405
1988,0.16014005808602594,0.03229066248922563,5.0,5.25149488782513
1989,0.20462161978044935,0.03684020206661698,5.0,5.277689255100109
1990,0.182679886476538,0.04006160773047923,5.0,5.286106223770748
1991,0.17417583219118904,0.04561651209293843,5.0,5.312649312131894
1992,0.25553772604032554,0.05652047043869912,5.0,5.329695283034619
1993,0.3901113301443966,0.08226155747920766,5.0,5.333006696551266
1994,0.42469672437763806,0.07996992653495971,5.0,5.329726183235248
1995,0.27171173966861706,0.05011860310877553,5.0,5.32376626650751
1996,0.2474108921059479,0.03996713176351996,5.0,5.2853219430854725
1997,0.29437109921057836,0.055187502197805494,5.0,5.331610686769723
1998,0.1828331662926308,0.03298107967589081,5.0,5.340856166147869
1999,0.4087268179343744,0.07478387846502049,5.0,5.307399295825865
2000,0.30884426378639196,0.06390063382549224,5.0,5.289118644109392
2001,0.11389689645386314,0.015172527301096306,5.0,5.319831938987933
2002,0.29041395183711205,0.06725744023390473,5.0,5.312721908361748
2003,0.23547454731757278,0.04457311189788754,5.0,5.33508551680387
2004,0.17306435640039664,0.03626531660338955,5.0,5.279277251411951
2005,0.2626077194719927,0.04469193911141145,5.0,5.332347263047348
2006,0.2563434042772863,0.028083911326995392,5.0,5.3110024694175095
2007,0.19635916796579966,0.03681109277658545,5.0,5.31481657141561
2008,0.14461629392729192,0.05143854276813775,5.0,5.301643437973205
2009,0.35307355284233966,0.0721452023853486,5.0,5.328880408035195
2010,0.15823250077365358,0.039116666171356396,5.0,5.30360223820602
2011,0.3137135209860864,0.056541319789219724,5.0,5.309209079519066
2012,0.16899324069654975,0.03629429176222854,5.0,5.255032675204525
2013,0.2532374902119727,0.04810911074139629,5.0,5.3601983438014855
2014,0.14113511841647508,0.0323154574965529,5.0,5.288748421511507
2015,0.17349554662531053,0.0427711699800955,5.0,5.308342539491182
2016,0.16747488340100736,0.028258764594658037,5.0,5.280827576656764
2017,0.20455005646369018,0.04742784064121694,5.0,5.27421719209161
2018,0.05738002271928244,0.011096114270995161,5.0,5.3183487458723455
2019,0.22426899280207713,0.041706739058300524,5.0,5.315161409026921
2020,0.1444926273283591,0.039502494255897524,5.0,5.340989360316719
2021,0.20402900658472722,0.03826959845715555,5.0,5.296909376486152
2022,0.2558167678360066,0.04584353459007273,5.0,5.247502216751032
2023,0.2957510965885566,0.07370431127688803,5.0,5.0
2024,0.32350681996132247,0.04187848641413905,5.0,5.32650741045213
2025,0.20319147313191066,0.03644112750548045,5.0,5.296886953207611
2026,0.11376175146558554,0.018542487591957202,5.0,5.321113105139856
2027,0.1895076654687271,0.04416627839211623,5.0,5.322248950677926
2028,0.25205651578736976,0.04640690195776148,5.0,5.298881534984519
2029,0.13491908353510373,0.03355082371033652,5.0,5.287307621773678
2030,0.20891330312409973,0.037093843901455315,5.0,5.323812255709992
2031,0.19275077272509322,0.02447382403517101,5.0,5.306928550584669
2032,0.2567401656984267,0.026353496764908557,5.0,5.332441833339736
2033,0.17641224480050766,0.047275655654535426,5.0,5.263872932741185
2034,0.2206630268002372,0.052392991558593005,5.0,5.30981926153653
2035,0.1895904772366619,0.04566458643885013,5.0,5.277794383212351
2036,0.2851299052214331,0.06711790357967545,5.0,5.312385344678372
2037,0.4014836963162083,0.07212165417956784,5.0,5.358934128295969
2038,0.23275106748578311,0.0476314778783794,5.0,5.317424085103255
2039,0.2884138811553363,0.05780500778835318,5.0,5.314716558875032
2040,0.4023247044099998,0.08155939098558954,5.0,5.307665195116362
2041,0.13090550021243086,0.03420057379461755,5.0,5.298445410756054
2042,0.11852279978965963,0.028982208331378267,5.0,5.292318539801766
2043,0.2899902736047335,0.06145710244257874,5.0,5.280392433629348
2044,0.2807852728044562,0.06142609919495187,5.0,5.289621708450758
2045,0.1454616614595814,0.03265023066614542,5.0,5.323681793179462
2046,0.561773608883207,0.08991449947924973,5.0,5.305359810051886
2047,0.306430525510786,0.040453862867886214,5.0,5.360208082819673
2048,0.20319479703343402,0.05536641179032625,5.0,5.329755905264113
2049,0.18663664802795532,0.047238382108713894,5.0,5.2971147455106316
2050,0.27763485916528996,0.045043477049006464,5.0,5.306865267027865
2051,0.30718598617002324,0.054617289122961266,5.0,5.345555267214115
2052,0.40533485368072864,0.096096975310967,5.0,5.370926608692095
2053,0.1975209258612156,0.040713133278299396,5.0,5.332245262757702
2054,0.3601253525183701,0.06503372000754548,5.0,5.344152205249353
2055,0.09899629798048415,0.02321369447540561,5.0,5.351047464870824
2056,0.5721828754881002,0.08942411847596127,5.0,5.375812917496043
2057,0.30427139681524773,0.05739170800199306,5.0,5.256815205036771
2058,0.39644229704601375,0.06312435193694643,5.0,5.308896984278899
2059,0.3538026442162572,0.08696013678473663,5.0,5.290639951854965
2060,0.31190017176479157,0.07818409884121547,5.0,5.0
2061,0.2018019378113205,0.054982851825354784,5.0,5.263657327627103
2062,0.21380765804587987,0.05752439361967171,5.0,5.270606641439866
2063,0.2217965148667571,0.050034264202845014,5.0,5.303477148478155
2064,0.23837118407696933,0.06747043134851677,5.0,5.243242253986162
2065,0.22236828776127093,0.0546387840249028,5.0,5.323755817666527
2066,0.28444201827049453,0.07705685617158287,5.0,5.279494972324477
2067,0.22886078161113255,0.06349691304550209,5.0,5.274823845033447
2068,0.3266425952963259,0.09953822335782542,5.0,5.263468575765549
2069,0.12214426113892607,0.03654966350189881,5.0,5.278308472791382
2070,0.1965743477036097,0.049672208850934596,5.0,5.486607391044656
2071,0.3128998254514024,0.08616170322033584,5.0,5.304751365063094
2072,0.291083226566176,0.06425222644613682,5.0,5.273116135780631
2073,0.3318732156672861,0.08959864164529285,5.0,5.264129554369177
2074,0.23752383085517703,0.060603528107287585,5.0,5.2472751520414995
2075,0.12170227446859161,0.030483992131014936,5.0,5.32024013441684
2076,0.18304200458707087,0.04914718507089827,5.0,5.249691250636417
2077,0.09297560167327523,0.027750403043068195,5.0,5.314666698386175
2078,0.16736589382501976,0.044389908244909126,5.0,5.287074289849452
2079,0.21102707594909265,0.05589924330555113,5.0,5.260168293268839
2080,0.17688954767685328,0.03384305965423601,5.0,5.281789493933369
2081,0.3477192260272266,0.058912393924097584,5.0,5.23990011595977
2082,0.21415793624816382,0.055908990944667336,5.0,5.268043856126603
2083,0.2756430380906385,0.05613205017279782,5.0,5.3093742897668506
2084,0.2351501410962351,0.059016304666537955,5.0,5.276994536126676
2085,0.2682504929080072,0.05964508735622187,5.0,5.283327182609634
2086,0.3109597197158456,0.07885407957477752,5.0,5.323807057906622
2087,0.3277766427448723,0.04975632169040889,5.0,5.289056927333382
2088,0.1609792178433811,0.05485965355626171,5.0,5.269588056843562
2089,0.13449496375093584,0.03806629654809568,5.0,5.318703750198255
2090,0.0827237164675878,0.013903115603345284,5.0,5.263952224537007
2091,0.28805910116247646,0.08460986938279275,5.0,5.249178785319026
2092,0.3388218894383359,0.07761175461969572,5.0,5.268229675092391
2093,0.18918028710465018,0.04701257613717619,5.0,5.245395054244595
2094,0.1293165682268902,0.04240474595515581,5.0,5.2798801529169115
2095,0.24884788237243738,0.06964082568787433,5.0,5.273162264485691
2096,0.32056669305283436,0.07703802006709798,5.0,5.288062658328316
2097,0.349847188583271,0.08082517766388797,5.0,5.273985880823533
2098,0.43874135808195214,0.11649477417054593,5.0,5.286979145290083
2099,0.32256714701818523,0.0892491873101281,5.0,5.231368341145544
2100,0.36426800281215344,0.09670820714985173,5.0,5.2684761863469465
2101,0.22688227830450503,0.058650536830280986,5.0,5.273064402524055
2102,0.17402000799266903,0.04734849964908483,5.0,5.283821658940608
2103,0.1451590617253642,0.039861003594090505,5.0,5.260737773008524
2104,0.298984377932904,0.08843275383620858,5.0,5.292202972007187
2105,0.21983306076080855,0.05850016501327454,5.0,5.258501722162663
2106,0.26577666635733976,0.05873654793015265,5.0,5.348005757694567
2107,0.22915996427309127,0.0437688965474628,5.0,5.321351901327853
2108,0.18521438275129776,0.0433327808282053,5.0,5.234733380655108
2109,0.19818823756861392,0.05868727284476111,5.0,5.310536768496181
2110,0.30731713714406217,0.07163561163230131,5.0,5.293211556228599
2111,0.2439212110816813,0.06859296290137756,5.0,5.142756198022553
2112,0.29398636076773,0.08066106450026395,5.0,5.262839359848668
2113,0.251287742390111,0.0700437470960148,5.0,5.26412679417346
2114,0.22693344525864823,0.054787309694673436,5.0,5.30580867414197
2115,0.20077816383686797,0.03242790842070048,5.0,5.279094303853782
2116,0.11376867673518354,0.028154450783202833,5.0,5.307714092688629
2117,0.2766832894532034,0.07720833111263509,5.0,5.298151522612651
2118,0.22605958032463902,0.06364484261915537,5.0,5.244889754731501
2119,0.0594890844950926,0.015500561965571369,5.0,5.264315265916117
2120,0.1622494671848389,0.03999898707590088,5.0,5.247181917451673
2121,0.23732059836088992,0.06926779240947528,5.0,5.302380051220137
2122,0.22381083284708914,0.03707693771799403,5.0,5.286251282126919
2123,0.22653304347063186,0.05521770267403825,5.0,5.286248425237314
2124,0.16320947130738284,0.0531838422476833,5.0,5.291171859573449
2125,0.21008756581403198,0.047355503418140765,5.0,5.276028037864711
2126,0.219589143585474,0.03523849839745463,5.0,5.2999141100211755
2127,0.2289690861123579,0.06264523749007905,5.0,5.271937056751872
2128,0.17317716847983777,0.04736647443632386,5.0,5.2725866115923825
2129,0.32478720064259914,0.0842467307168937,5.0,5.270233787854384
2130,0.377852938803126,0.08363143758610425,5.0,5.262973623525227
2131,0.30129959664310624,0.0739056748183442,5.0,5.308866141036761
2132,0.21820657704553037,0.06461459764000416,5.0,5.312280094046464
2133,0.16647526951399327,0.042964149053621614,5.0,5.254927973369172
2134,0.20181581300666518,0.04972876754947947,5.0,5.305020951621042
2135,0.21235054421245714,0.07137676951891919,5.0,5.307923211570937
2136,0.1470243922087635,0.04788846586446799,5.0,5.279481285352041
2137,0.2324252034010008,0.051738881965250116,5.0,5.29305647517142
2138,0.18539867055039427,0.045537126394148475,5.0,5.267398054261987
2139,0.09145305691669314,0.037919778784215874,5.0,5.277327986098568
2140,0.2660912120292336,0.07679348873921593,5.0,5.300968343664048
2141,0.29613213039568786,0.07856050106708051,5.0,5.285494069869925
2142,0.2810145485096087,0.0693134666118288,5.0,5.267509885152215
2143,0.3583176215052599,0.0709168247147291,5.0,5.275736755231559
2144,0.36968227558517186,0.09474971521367409,5.0,5.283420614132197
2145,0.21166702175978092,0.05792467227731285,5.0,5.267122632649839
2146,0.2758884692952266,0.07390677052555805,5.0,5.255676259532258
2147,0.5673934762865276,0.09841654837230596,5.0,5.294522171162708
2148,0.31571171736752923,0.07170653445931474,5.0,5.3402086767027335
2149,0.3309572900079629,0.08636782734563969,5.0,5.28173236477655
2150,0.26493089664830416,0.07386070619708479,5.0,5.270527277718893
2151,0.2323729690755405,0.065368134488197,5.0,5.271450316812976
2152,0.31695629612004783,0.08611204485683993,5.0,5.282234237940493
2153,0.20864745856376232,0.06177847498842004,5.0,5.298510302663759
2154,0.31444233848607905,0.08348444503134694,5.0,5.281160183928826
2155,0.20883997336011606,0.05060320664140655,5.0,5.269406112027983
2156,0.15238751322135857,0.03804696515349548,5.0,5.287531159210284
2157,0.15635118468281894,0.03692903862549374,5.0,5.318377070298581
2158,0.2612153507761237,0.07040306712701494,5.0,5.23042305629537
2159,0.11597696770187182,0.03065679935379445,5.0,5.2646688499080785
2160,0.35576245042789223,0.08656016104303887,5.0,5.319444328006497
2161,0.3212036606913573,0.09097099818064391,5.0,5.277940940723012
2162,0.21503991379856724,0.06364092112577163,5.0,5.249961936668006
2163,0.22506519888466703,0.05667203602743587,5.0,5.286748680018061
2164,0.2229314415780539,0.05872025632805011,5.0,5.270629324977385
2165,0.22943255994654566,0.04592619076077786,5.0,5.250454571774377
2166,0.2912142690249433,0.0796933949569476,5.0,5.187490169849944
2167,0.12591225187848787,0.02922092963579992,5.0,5.265902004825733
2168,0.2759395813622578,0.04206161742944642,5.0,5.262602495773896
2169,0.2596972488097591,0.05720465323985885,5.0,5.25925945516911
2170,0.3282160589117564,0.07500365807357307,5.0,5.28327511750609
2171,0.3477796110234912,0.09477175603848226,5.0,5.270439005852934
2172,0.30692964416311797,0.07224693185642639,5.0,5.306910893355532
2173,0.19763665466107838,0.05704216380699523,5.0,5.309768183363639
2174,0.1640708228282044,0.029621255474805097,5.0,5.276084026563623
2175,0.33764335943022283,0.08881563591203023,5.0,5.282679372375565
2176,0.09464136752938734,0.03858003478357552,5.0,5.275555045034679
2177,0.1103748198145389,0.020531130865838354,5.0,5.318474649634624
2178,0.2122923587262353,0.050612034467271805,5.0,5.3324088731712305
2179,0.24695010428582354,0.06837118539238446,5.0,5.26639546186308
2180,0.261193842844174,0.0430983525546727,5.0,5.303530795647076
2181,0.29493364756710205,0.07710526746703011,5.0,5.256671929760692
2182,0.26246028609350414,0.07084483471806707,5.0,5.2602675051007
2183,0.3218170984251709,0.08167676323204964,5.0,5.2858313164594595
2184,0.577057442171921,0.08454894058827223,5.0,5.266951952636205
2185,0.32182554022613674,0.09333465345795922,5.0,5.27362295718099
2186,0.2375593309307269,0.06391213971535414,5.0,5.298620752605592
2187,0.40711491919903353,0.07884171031821702,5.0,5.185582981390517
2188,0.2537040409261573,0.04419319165042118,5.0,5.258424227856073
2189,0.1714836645188078,0.05509774578899407,5.0,5.212890172683036
2190,0.4152901072310591,0.10940916668561645,5.0,5.30750971694645
2191,0.24989715640645516,0.0673490024360201,5.0,5.308488990827218
2192,0.4802160265479556,0.08316150933675587,5.0,5.347065437231695
2193,0.1276863595401403,0.02845917192134495,5.0,5.292279788762793
2194,0.26042660083011415,0.061736665370079935,5.0,5.275738316751886
2195,0.2688552952463741,0.07650808789825797,5.0,5.283724408237402
2196,0.20402330163996374,0.06274799479125326,5.0,5.272085608166579
2197,0.21710652248261475,0.07345828139442162,5.0,5.272160290190948
2198,0.2818970813519608,0.0692332800543572,5.0,5.282954432155043
2199,0.2513080943805417,0.07558295427416456,5.0,5.273616876621734
2200,0.18175647721204125,0.07114158088594591,5.0,5.2764933414544934
2201,0.39781709120419784,0.09294303443988189,5.0,5.299891376856287
2202,0.2541103456753879,0.06667723454747637,5.0,5.251630022358844
2203,0.3232517874996923,0.08614418443488464,5.0,5.273321714422599
2204,0.14635316418076427,0.05328206788777473,5.0,5.302185331502116
2205,0.1514087418754888,0.03259411367951448,5.0,5.286312357584508
2206,0.2767848557612671,0.06389628235338435,5.0,5.265187104956857
2207,0.19532809276355345,0.05208654435505056,5.0,5.291001795247707
2208,0.2898849480636172,0.07935585266275691,5.0,5.286081068345796
2209,0.24474662735455044,0.06782953539733039,5.0,5.233153583018275
2210,0.24495483491651826,0.06231658349872804,5.0,5.259170309551244
2211,0.05393037740211315,0.03547395580027468,5.0,5.308168019739021
2212,0.37157850465930786,0.0855268850931939,5.0,5.289582983719345
2213,0.3141767483747069,0.08879491149012264,5.0,5.24580491581637
2214,0.23151627761739846,0.04230603233343222,5.0,5.309667293769316
2215,0.09747783674129673,0.021479162745251523,5.0,5.313143356353143
2216,0.421062188984036,0.10933376140683831,5.0,5.150847212566232
2217,0.2658350603622859,0.07091607324650434,5.0,5.289627987589416
2218,0.38009050562047886,0.08521632110892391,5.0,5.292616250712685
2219,0.16278836904136007,0.061311404124094304,5.0,5.256929182578203
2220,0.31697835769910276,0.07902257595905787,5.0,5.25304505127183
2221,0.40969104171663173,0.10735225007052362,5.0,5.314387116102113
2222,0.2455295083949669,0.08349295864122214,5.0,5.26555312556388
2223,0.2433814083753334,0.06490561477019291,5.0,5.272559974413671
2224,0.35112802007109023,0.09486300636192296,5.0,5.2904928832425036
2225,0.2142346542276774,0.044974236697127246,5.0,5.3107489094825855
2226,0.3484320882996714,0.0605010205244223,5.0,5.272866750153256
2227,0.20761304936886193,0.06132038311046706,5.0,5.23263961296804
2228,0.35191744478402964,0.08560714896229915,5.0,5.283754107649763
2229,0.25083088161107225,0.06552481963189732,5.0,5.2453533574664934
2230,0.24187446641032317,0.07301413618783603,5.0,5.264139883041308
2231,0.20574025349571712,0.0570815109192897,5.0,5.251807850643662
2232,0.16532729312649064,0.045870423290831686,5.0,5.265978472719928
2233,0.07585947292776041,0.022707731540677234,5.0,5.323171186272688
2234,0.19539849943154963,0.07388037691743204,5.0,5.2947122602514085
2235,0.3480478536425171,0.1002969253492475,5.0,5.290679899332833
2236,0.17647497392844924,0.04553815182685378,5.0,5.301638432771281
2237,0.3348973448646835,0.08682313704240052,5.0,5.235422774122203
2238,0.315511145556602,0.0592059811642654,5.0,5.253715460486328
2239,0.14234026803944055,0.02317730662939188,5.0,5.265222121598487
2240,0.25787849750733893,0.061203133591706815,5.0,5.309162209846834
2241,0.32604291710371935,0.09604612582760913,5.0,5.277395482576983
2242,0.28860765479611317,0.07890562016696295,5.0,5.285599039422371
2243,0.39500727037900063,0.0956900286125994,5.0,5.310421152871809
2244,0.199149012249894,0.05418266138302902,5.0,5.25536261021613
2245,0.2538447064660263,0.06619517459214108,5.0,5.281897131667401
2246,0.09417410564757889,0.036298881801181626,5.0,5.289609963302047
2247,0.2005276049808784,0.06212590532977902,5.0,5.298054020834213
2248,0.235245554803019,0.06344599829427044,5.0,5.2493568636746435
2249,0.3491768228581187,0.09380604111678137,5.0,5.247833202899965
2250,0.15465756479552573,0.07399955640473954,5.0,5.2767060165423985
2251,0.3301456252185788,0.07941582930597973,5.0,5.311401019987647
2252,0.12147070371752644,0.02974275750544214,5.0,5.291605423890173
2253,0.22585891693408944,0.06155541625982153,5.0,5.261581304015497
2254,0.3617878255119513,0.08737269846322021,5.0,5.328542916666077
2255,0.3170354023737161,0.07106490081607358,5.0,5.27687992262722
2256,0.38080918728709334,0.10116107290802101,5.0,5.29071837671502
2257,0.29203986791657477,0.0725563862476673,5.0,5.255551467131632
2258,0.299567729215219,0.06500549846832931,5.0,5.278042038052124
2259,0.3925148154519724,0.08768516478170302,5.0,5.2920016945779125
2260,0.13274274288421783,0.03482071285736349,5.0,5.262279655794444
2261,0.1724102238093015,0.0450693687250453,5.0,5.267927960456733
2262,0.20571180711057302,0.054219482509825834,5.0,5.258436130543149
2263,0.23042377896041266,0.06216401115020598,5.0,5.279662050495677
2264,0.38390436071621625,0.07834102717359553,5.0,5.272870486655581
2265,0.3212351883789837,0.08776833823216179,5.0,5.375383989086586
2266,0.3662794159132208,0.09320915387467721,5.0,5.307603031726353
2267,0.3287009328931243,0.06445940339204409,5.0,5.318809233807684
2268,0.26389964961944745,0.04677668391200562,5.0,5.287436685961637
2269,0.28913172755797456,0.071833278027084,5.0,5.285766087735766
2270,0.20203024577623907,0.04721109389695466,5.0,5.253073885732578
2271,0.2614142082301951,0.07365570742814437,5.0,5.261654058750462
2272,0.3203784453109142,0.08653388571323922,5.0,5.24911649632001
2273,0.1659734166133875,0.050464240473373,5.0,5.274164360358906
2274,0.2369022983703688,0.07065411108337938,5.0,5.239182639222406
2275,0.3212604375842829,0.08775628114704981,5.0,5.255165503207406
2276,0.2079041206651111,0.06492282747361006,5.0,5.178395555236026
2277,0.1544701084568283,0.04012177845052195,5.0,5.292402581218063
2278,0.2689015222155786,0.08025563404971242,5.0,5.261833212114615
2279,0.16273307524962943,0.03974452026148817,5.0,5.25291113083969
2280,0.2599459383399063,0.06543366440942094,5.0,5.293636382382383
2281,0.39961039072859705,0.10689764896266479,5.0,5.321406590707145
2282,0.4470033343126181,0.11356672603197848,5.0,5.289194798868362
2283,0.3541082517385743,0.09615246764390861,5.0,5.269886434324924
2284,0.404648755369726,0.10845412100962604,5.0,5.267140976823779
2285,0.3036835863202758,0.07329774847782627,5.0,5.317547680897032
2286,0.28103956206444836,0.08960246401714844,5.0,5.21947344438237
2287,0.31184659543940296,0.08238434767615083,5.0,5.302063912058559
2288,0.16086529323340715,0.07027133212729786,5.0,5.269064389371385
2289,0.16392252334089652,0.04848459692507173,5.0,5.2128318273840435
2290,0.35908157722460965,0.08587429701037486,5.0,5.337370952230875
2291,0.2803792664001612,0.04037703037801704,5.0,5.290368008233646
2292,0.36695273741119117,0.06320663428518447,5.0,5.264117760830143
2293,0.24040297033276992,0.06921619516677802,5.0,5.277625356750368
2294,0.166702629522665,0.027724863293152158,5.0,5.3013539898964535
2295,0.17395284334062833,0.04611929767502393,5.0,5.275997841894746
2296,0.30552460352186106,0.07368492539044297,5.0,5.257978948106716
2297,0.3186890629421142,0.0655390029971209,5.0,5.302025243181765
2298,0.2960646602665151,0.08103009702576514,5.0,5.2672336182588
2299,0.28893814065293255,0.07967374899986363,5.0,5.266539273937028
2300,0.3355055145552426,0.049996404116660786,5.0,5.3440800981033565
2301,0.26814362941961845,0.046534495389447095,5.0,5.2861687043950845
2302,0.35571883863482934,0.10208522782326673,5.0,5.253665195804267
2303,0.3917256480510425,0.10360913426183083,5.0,5.316558908812166
2304,0.451201357999663,0.09715461490308869,5.0,5.319675897045322
2305,0.35678091470847284,0.08254621770141762,5.0,5.285301775772018
2306,0.2588966993705577,0.06215275163233108,5.0,5.292156678473745
2307,0.1767985426139198,0.04399239032994895,5.0,5.248421610965046
2308,0.1712668225544458,0.02878370026015975,5.0,5.314811124703986
2309,0.16708632663501843,0.05183411430042595,5.0,5.26655573628223
2310,0.17435901664890174,0.043424268073883054,5.0,5.2904909533137445
2311,0.3287699085758802,0.07119404304738775,5.0,5.284674466042576
2312,0.23322179041940783,0.055015197031559326,5.0,5.27743899532636
2313,0.1464856204623295,0.03458945706914718,5.0,5.286932199560015
2314,0.27285805054846346,0.0634202075352191,5.0,5.45643001054966
2315,0.2584454978642632,0.0681369559014462,5.0,5.274877099340056
2316,0.25877995828133504,0.06186505815647625,5.0,5.341463888147722
2317,0.2910780904577075,0.08229391409017489,5.0,5.29162506257018
2318,0.1386983642552424,0.0629304616332621,5.0,5.290231959310638
2319,0.15880988371460947,0.044613758028232975,5.0,5.291431946356244
2320,0.36504887332676117,0.1008863688377235,5.0,5.25989893418866
2321,0.3519562382499759,0.07835907025518013,5.0,5.287870082082202
2322,0.2374920913266505,0.0601811777222086,5.0,5.318942918889977
2323,0.39365067075885185,0.10228809971514141,5.0,5.2772081380028535
2324,0.41110922166381214,0.06438575642950561,5.0,5.294287933723547
2325,0.16753212683287289,0.024569290997946913,5.0,5.310370597741185
2326,0.27097009153687535,0.07072008257949014,5.0,5.297809142007086
2327,0.20147352636516946,0.05060901990924499,5.0,5.317910460395874
2328,0.2244668225489619,0.05717344787905654,5.0,5.318085844561855
2329,0.2666384696790891,0.07395222182936956,5.0,5.264146904518352
2330,0.3938204151441349,0.07187321159006221,5.0,5.286288065963092
2331,0.13230444727251767,0.0388404010181948,5.0,5.2626707840952935
2332,0.3089639860753739,0.05096408904329869,5.0,5.309757455188642
2333,0.2952898995256801,0.06369952264745993,5.0,5.323437707498133
2334,0.40022756044146934,0.1017447849588336,5.0,5.317400525658069
2335,0.4825850546915491,0.13105299954572136,5.0,5.302043347146226
2336,0.21193746904645372,0.05127666402090991,5.0,5.27272783465202
2337,0.44612474051922124,0.0723310485066202,5.0,5.253888734932817
2338,0.2986837374856137,0.07511524656431279,5.0,5.242785699228367
2339,0.17882792714367213,0.06366979196049055,5.0,5.270746848558181
2340,0.18355752070921216,0.033209067310823015,5.0,5.266408380401
2341,0.2767853579368862,0.06825782857684232,5.0,5.2375233478018846
2342,0.30979747216496323,0.07121593808583176,5.0,5.285240239618112
2343,0.2881394521354923,0.08156991648033524,5.0,5.32575571698457
2344,0.23008084944366392,0.05475149185649597,5.0,5.30602836746823
2345,0.22993539524248807,0.06279681122710395,5.0,5.288622443101332
2346,0.08215692636157801,0.023163511242303925,5.0,5.267762938117828
2347,0.32618469483551316,0.06835939531235913,5.0,5.29622976824073
2348,0.19650291523351782,0.05923933947468074,5.0,5.289598682670951
2349,0.35497411740671403,0.08026150583056108,5.0,5.299791633670381
2350,0.3180780231433642,0.07621526467669454,5.0,5.287877397327039
2351,0.28461734578120557,0.07360774253758617,5.0,5.304275974876269
2352,0.3971820124489618,0.10991602750148532,5.0,5.283950929085401
2353,0.1975008902577473,0.06448435177257095,5.0,5.272480152120167
2354,0.3871853805674448,0.09124539581451013,5.0,5.336632494998117
2355,0.13071592669208254,0.03299654919246586,5.0,5.275830782315714
2356,0.06703919730469621,0.03136074821163448,5.0,5.283962179031008
2357,0.3620407949650757,0.09601235941230485,5.0,5.261241524363918
2358,0.15025576815701513,0.04211062780558117,5.0,5.3002742766062205
2359,0.4030055586237695,0.07904285890705337,5.0,5.295302318836033
2360,0.27854202324037436,0.0722032041762406,5.0,5.267498595832425
2361,0.2640835581619658,0.06630484085823041,5.0,5.287308921857052
2362,0.17192911496877294,0.050982801010679146,5.0,5.287494037054321
2363,0.2168947565700141,0.06022783976107421,5.0,5.271905359320419
2364,0.39746529160076216,0.09948557337272151,5.0,5.2951444855100505
2365,0.2539317085178814,0.060426250020554184,5.0,5.267380906310297
2366,0.35173175384950905,0.08682933595451814,5.0,5.3008788316076405
2367,0.22324901787349805,0.05911986784683876,5.0,5.319216674809644
2368,0.34926635295428543,0.09055841403518716,5.0,5.292985493835571
2369,0.3096205977362745,0.06000164920555551,5.0,5.277498092201283
2370,0.318940754374222,0.05751703339796044,5.0,5.245707826437869
2371,0.4390281062761239,0.11489359945290029,5.0,5.271296792525053
2372,0.15536784753460187,0.03804904684616528,5.0,5.255949436628038
2373,0.19854030372206743,0.034896633020893075,5.0,5.270665242415609
2374,0.20010902438316025,0.047558751651552766,5.0,5.255431273336688
2375,0.20317284015195525,0.06086343155394913,5.0,5.285763909252417
2376,0.3353402562271319,0.08949109698962981,5.0,5.282629370013501
2377,0.14704048316096618,0.03988819435084623,5.0,5.235228541571892
2378,0.2243733798946843,0.05383327518109399,5.0,5.32618677443188
2379,0.16992502937236909,0.04152427636377709,5.0,5.254503034839901
2380,0.15543434737591877,0.03836701650278829,5.0,5.304091818918559
2381,0.2291852275386541,0.05610092414350176,5.0,5.3075586980021505
2382,0.257857561818265,0.06928046878111144,5.0,5.305717766297082
2383,0.11989193400410003,0.03278923435628922,5.0,5.277987869933352
2384,0.23006837239788358,0.05872690421537563,5.0,5.271844046413392
2385,0.19039273079486607,0.05299089418716174,5.0,5.233959444252969
2386,0.24840845945928192,0.06162535492694843,5.0,5.248504966469776
2387,0.1015472916770308,0.027349549713238275,5.0,5.2479214983138345
2388,0.11188739737389075,0.02941149723391573,5.0,5.2632162836538665
2389,0.14183138690043684,0.04361040235097252,5.0,5.231552760165954
2390,0.3151317119931072,0.06892146475921496,5.0,5.268579916585585
2391,0.22192964015238914,0.0520426087353727,5.0,5.275154991576505
2392,0.17981525856182956,0.048107494570455434,5.0,5.2457556288203655
2393,0.07547524711934672,0.022604155327027697,5.0,5.284769737246124
2394,0.3657752085781172,0.095611969411947,5.0,5.286871015767902
2395,0.22987639765747736,0.05799313063750505,5.0,5.2728032988624385
2396,0.1819223336721687,0.047416877247096034,5.0,5.284450484103287
2397,0.31081854781455487,0.07695020170152289,5.0,5.308942217632646
2398,0.17303324727205927,0.08878147542299386,5.0,5.296382418866692
2399,0.26307920785616057,0.07181561443585022,5.0,5.243632055746641
2400,0.32783377714693174,0.05747648002887018,5.0,5.287701366881343
2401,0.24626017787389465,0.05100645745243232,5.0,5.323872647179142
2402,0.3109070779794336,0.06678206451025465,5.0,5.302427323683139
2403,0.2966539503341872,0.06270872360912882,5.0,5.316037522581798
2404,0.1865078027257263,0.03904285462312723,5.0,5.282830488836927
2405,0.26533137711130483,0.059622091879611094,5.0,5.3018047545152935
2406,0.1473910810446264,0.031120356805158178,5.0,5.304395652935092
2407,0.24668702409437215,0.048867963878674925,5.0,5.283546227257263
2408,0.21522473919206098,0.05098532610255957,5.0,5.3523009998261095
2409,0.224828888969419,0.040493566739653486,5.0,5.271809633481661
2410,0.2722832930920773,0.057733359785813954,5.0,5.294804816409426
2411,0.19035303520714764,0.037160630805634254,5.0,5.306913114641851
2412,0.19771931681355936,0.0421302776427146,5.0,5.3013293118532445
2413,0.2534876774267447,0.06077931042426815,5.0,5.306336270551775
2414,0.3546376808751357,0.06696614889376201,5.0,5.285858647126975
2415,0.19961686737065398,0.045130296054721075,5.0,5.293218554075736
2416,0.24377314420350893,0.06281645402762198,5.0,5.2840213268278635
2417,0.29332863309322565,0.07677958565221066,5.0,5.287738130966417
2418,0.14010098239505098,0.022345483441346847,5.0,5.347602945257632
2419,0.1468977687519566,0.02398901894772948,5.0,5.270962191382633
2420,0.11359508578132615,0.022144181017907993,5.0,5.322722289435893
2421,0.184984041448655,0.041842181482669494,5.0,5.2573332118065785
2422,0.2128161490603826,0.06229182223750712,5.0,5.282344522783378
2423,0.41198444765316444,0.09141723859621076,5.0,5.3027247976928304
2424,0.14592904617487168,0.031525813986092555,5.0,5.278136885774893
2425,0.24275551609125512,0.052411134763266476,5.0,5.280839227348109
2426,0.2843014787047613,0.06044244139177174,5.0,5.2966175448865815
2427,0.1798527411603843,0.047335063475711814,5.0,5.292998395181865
2428,0.16828126322695214,0.036605733877317304,5.0,5.273115374978445
2429,0.2556301400646528,0.051271398010428404,5.0,5.279561595691726
2430,0.13681701651390066,0.03425627935918857,5.0,5.296845944540012
2431,0.19770330163268168,0.04296511261538144,5.0,5.284044764663953
2432,0.16276029058437413,0.032836626316452566,5.0,5.325645248379285
2433,0.2840764994498084,0.056116547316536536,5.0,5.292641008341343
2434,0.1573071961039869,0.03811755508156217,5.0,5.265448513230737
2435,0.14644746908111128,0.034218007162630404,5.0,5.287955623355325
2436,0.17761895269730066,0.03964742930618387,5.0,5.293748290802105
2437,0.11790755867702418,0.03176929247190108,5.0,5.276666510956902
2438,0.2598937320157457,0.04522494827625356,5.0,5.295663929759069
2439,0.20823477479734076,0.042179771988218095,5.0,5.278869039157206
2440,0.22197363526649205,0.05257896781092658,5.0,5.292216785951007
2441,0.2834923736640078,0.0637022641266985,5.0,5.2975384126541325
2442,0.19494992464784655,0.04805174246916255,5.0,5.2701900480595665
2443,0.2965640512506338,0.0683178037231002,5.0,5.284945430750945
2444,0.1399805969795993,0.03939003220216086,5.0,5.300600209636777
2445,0.25528800683178376,0.050725973926620926,5.0,5.291127110869827
2446,0.24749108226524186,0.055257092747371866,5.0,5.315254956370126
2447,0.23821012937932107,0.050929339844199395,5.0,5.294783169326669
2448,0.3210704436446561,0.07349540248913533,5.0,5.302906233772111
2449,0.24827152930052243,0.05700138267037402,5.0,5.312528300251564
2450,0.1685344276050862,0.03690611346176975,5.0,5.327011383873996
2451,0.20614315751114298,0.041356347930581516,5.0,5.2538440990763124
2452,0.14002344057179417,0.03295679007416097,5.0,5.289942946984354
2453,0.29534833874722954,0.06073959447926458,5.0,5.2996493211445905
2454,0.3157582984177021,0.06859849735045537,5.0,5.29051970978319
2455,0.18049618640907172,0.038660466770066515,5.0,5.2822460843505326
2456,0.2522146677715027,0.04193264798493146,5.0,5.2766580109187355
2457,0.18487306470648024,0.04383305722575709,5.0,5.2079814825567805
2458,0.2483621138621097,0.054350652418415246,5.0,5.2898885005170015
2459,0.23475107358923264,0.050506280721792085,5.0,5.280841889824899
2460,0.18341697457486905,0.03818964419344656,5.0,5.3061857209775365
2461,0.2601428915273778,0.060965809509540836,5.0,5.266875468351868
2462,0.2615368184056064,0.0677104063537996,5.0,5.249493583079916
2463,0.11157021686268154,0.025045362028219054,5.0,5.27849541359374
2464,0.3428462150861351,0.07847598503480901,5.0,5.164774797933225
2465,0.2556581047618689,0.05916216463585566,5.0,5.291011950762758
2466,0.25577233565422475,0.05246373551888761,5.0,5.326229502560258
2467,0.22648269791433573,0.046339898422078585,5.0,5.2774677833982775
2468,0.19978511675123323,0.051739533336991717,5.0,5.292086661888851
2469,0.35737659497130014,0.07425329364700572,5.0,5.310682451490525
2470,0.15993767245317403,0.0387802142789232,5.0,5.2737024998521065
2471,0.12533650814340125,0.026890097454565665,5.0,5.294427296742397
2472,0.31639115074801305,0.07216936778014998,5.0,5.300715411131591
2473,0.2955403906405234,0.06561691890071492,5.0,5.299731854392213
2474,0.3864361492158641,0.08593551818487927,5.0,5.321861734724971
2475,0.18207619097090788,0.04165018089992534,5.0,5.293040204628037
2476,0.3432853862866245,0.06468430416793997,5.0,5.283913115738219
2477,0.1622454894776273,0.02303975645322781,5.0,5.301731725781442
2478,0.322715671378605,0.05609936608962873,5.0,5.352526628397527
2479,0.18669516787207563,0.03683883070806354,5.0,5.315539582490176
2480,0.25985269523207477,0.05371728299805906,5.0,5.3280198032664305
2481,0.12914516349254623,0.02874750614348026,5.0,5.295330392347619
2482,0.13260867391522435,0.031020593705875732,5.0,5.310484533899729
2483,0.12694259703036126,0.03355813562376625,5.0,5.2864301123374435
2484,0.18912764708521101,0.03663615891374872,5.0,5.325917002323033
2485,0.22846385564299054,0.050076521412846464,5.0,5.283993563764424
2486,0.3621076692988372,0.0929445907973846,5.0,5.2850597544385725
2487,0.4128871991154808,0.05990918051897259,5.0,5.299153510556156
2488,0.21158507366476265,0.055625200022910326,5.0,5.271468424484622
2489,0.17074112774171568,0.05065504311281199,5.0,5.291266600739739
2490,0.3712636981480817,0.07913773790806444,5.0,5.307149472738288
2491,0.20958803719377772,0.04240793320256836,5.0,5.335191835115385
2492,0.19270502879428952,0.042094527581168384,5.0,5.293209729847943
2493,0.2350332458501545,0.052729216016592306,5.0,5.302466561106769
2494,0.09392886110740029,0.014409044863815668,5.0,5.283643064682417
2495,0.20811626119710258,0.04198490622061857,5.0,5.2858139602608745
2496,0.2158543349186901,0.04300453480228922,5.0,5.31303838593101
2497,0.12808034630669685,0.0239133242985628,5.0,5.31539238488822
2498,0.17103951741697077,0.041916082031000834,5.0,5.287078321137271
2499,0.16511135700407098,0.024860662276636303,5.0,5.316171404361549
2500,0.16779492270704743,0.02709152778049606,5.0,5.342877660514933
2501,0.2513106741628002,0.052870816054661096,5.0,5.243937644535341
2502,0.1257429617018222,0.026723448645477654,5.0,5.279585361850989
2503,0.33256552996944677,0.07549589115072497,5.0,5.220813717040187
2504,0.2657170997073306,0.04242394043139691,5.0,5.29950029746475
2505,0.24097159623845865,0.053787450282446025,5.0,5.276603317000301
2506,0.17826072101557622,0.033796659490202,5.0,5.305195792256772
2507,0.10355738843198559,0.020499030602410595,5.0,5.280371881313144
2508,0.21656207506116498,0.04958293727594665,5.0,5.299157619984909
2509,0.226239976731627,0.05502695545449793,5.0,5.275178542451906
2510,0.22725690273492716,0.053358847638165174,5.0,5.298318237398094
2511,0.22642298272773065,0.04757580737699324,5.0,5.28030101687631
2512,0.18513780778539402,0.041685985403002,5.0,5.280706821977033
2513,0.2589851263834262,0.0621052683481369,5.0,5.293393684354308
2514,0.18000154282016423,0.02962481646503312,5.0,5.273830981926517
2515,0.3525506004191956,0.08410350846270329,5.0,5.283721910466275
2516,0.11092328286261921,0.025594228639243544,5.0,5.297227794752182
2517,0.14372114518231038,0.02795761123565249,5.0,5.315653880206677
2518,0.2943114234982511,0.06746711630185992,5.0,5.291706399223086
2519,0.12067590160225028,0.02578020992964325,5.0,5.291591620909903
2520,0.16551376347980318,0.037934198547286524,5.0,5.300044615585193
2521,0.10973468914864593,0.03189005104003095,5.0,5.3436937150971175
2522,0.29759600935658304,0.0621186896569656,5.0,5.2819599630717295
2523,0.24081824784754668,0.05412735030487942,5.0,5.308126147245034
2524,0.20884432547718768,0.038173277217568136,5.0,5.304573228105873
2525,0.12029165671087205,0.02725556356235348,5.0,5.275140189521181
2526,0.20466657882477657,0.046874859772204125,5.0,5.3369097867715
2527,0.36414616254411647,0.08003950343197483,5.0,5.275201497797557
2528,0.2238926067808742,0.05695704120748096,5.0,5.269456907853529
2529,0.2300031073607549,0.0515965735329913,5.0,5.319964032518181
2530,0.3471862776878871,0.08123958931563435,5.0,5.277592299574634
2531,0.24334452335797407,0.053044850428921875,5.0,5.294973209636815
2532,0.24219412253796102,0.05870750003961131,5.0,5.245562884476769
2533,0.3739184289529329,0.08531701751893878,5.0,5.292982816627534
2534,0.16084320211029035,0.038756903041443025,5.0,5.321130269344021
2535,0.18281159755159626,0.04484091064377271,5.0,5.382670780975536
2536,0.16578152352242181,0.045880163335550006,5.0,5.313058298305764
2537,0.2243935049275192,0.05567222070755251,5.0,5.2970901914069835
2538,0.25339972683928624,0.0551690849881033,5.0,5.297952743545604
2539,0.3450807012580974,0.07805696171171428,5.0,5.300882347802336
2540,0.1898174422285681,0.023284417086560594,5.0,5.275136144818626
2541,0.23005331832364662,0.05305539033334605,5.0,5.30239021975337
2542,0.20488304165515037,0.039844056465709654,5.0,5.295768332668551
2543,0.2702779695159707,0.05664411539051817,5.0,5.31327921379507
2544,0.41992260451605,0.10224960281346596,5.0,5.268477284100186
2545,0.23124348194718936,0.05120148739231356,5.0,5.271968749699516
2546,0.18823978963481958,0.03357136161700963,5.0,5.315727364521692
2547,0.17992692632547547,0.039755680151667916,5.0,5.307520521919713
2548,0.07242582043882706,0.01719561151258553,5.0,5.316217725008334
2549,0.18788140150654442,0.03485849950099312,5.0,5.286549003418788
2550,0.1584645560469482,0.03665738445392008,5.0,5.293559320401071
2551,0.09478051504578944,0.037587286892188265,5.0,5.313139337496908
2552,0.10367678747715292,0.02664409258089845,5.0,5.260198103922322
2553,0.15346699524798924,0.031246818521428854,5.0,5.264819425300544
2554,0.17937371652741319,0.038639041906020355,5.0,5.292624817825029
2555,0.24363436285326778,0.05558586594848214,5.0,5.283653790278091
2556,0.29831975806105726,0.05343364707493392,5.0,5.255359924558052
2557,0.25203306091951827,0.05667069223959825,5.0,5.311690357870615
2558,0.2590833662109484,0.056563789091743366,5.0,5.326341047509837
2559,0.18008157180496287,0.03928627209815555,5.0,5.299744052978292
2560,0.1723145959587744,0.038325918988582175,5.0,5.284961711060854
2561,0.17207553590210445,0.03795076617178167,5.0,5.298199646602848
2562,0.12089348294019486,0.028569043164011487,5.0,5.261796238185443
2563,0.29845800272710865,0.06384276920733306,5.0,5.269602385923173
2564,0.41822381039507417,0.08275804276114385,5.0,5.318953120971193
2565,0.27092694727395616,0.05505798883012264,5.0,5.300043378237023
2566,0.18196200845493427,0.03882939634467514,5.0,5.281479115648375
2567,0.23539552204242997,0.05117308153434036,5.0,5.2879515477015815
2568,0.2626226140398187,0.05972008525288025,5.0,5.286045464928719
2569,0.2867387557230465,0.06253052722860192,5.0,5.291444520912938
2570,0.27450969685916227,0.060309517562277426,5.0,5.253611901816875
2571,0.19890799651303626,0.04447932487659745,5.0,5.309968878235978
2572,0.20557414844327182,0.048078447956720255,5.0,5.263276993924384
2573,0.24576309353654402,0.05131413581224675,5.0,5.288802585787238
2574,0.2987544162750888,0.06693902447559658,5.0,5.295643413051998
2575,0.17071801203300963,0.0346602341159894,5.0,5.282116853033356
2576,0.2390598881804913,0.04988079421130259,5.0,5.321034516232164
2577,0.12604801662246934,0.024928000507308035,5.0,5.286833031118112
2578,0.332927039834777,0.07377104716557153,5.0,5.290855738181044
2579,0.19788066406415883,0.045562637581390286,5.0,5.314502566013788
2580,0.353813756624193,0.08394178554934736,5.0,5.285171322754039
2581,0.414010329058663,0.0921778317753511,5.0,5.268815876381474
2582,0.21318892810900714,0.049210019931221094,5.0,5.282912986642367
2583,0.10497923052823976,0.021361749248677564,5.0,5.308962040512526
2584,0.2608821042733047,0.059565322317357394,5.0,5.338129348596112
2585,0.26057268251482624,0.055741118562225134,5.0,5.303215963427093
2586,0.2141624174363943,0.04584413151317046,5.0,5.303124628731588
2587,0.12988474525818416,0.04102877354702744,5.0,5.28526984874091
2588,0.14874231145157468,0.032597016480136964,5.0,5.304292901152969
2589,0.1158031624780429,0.02998932312566649,5.0,5.2821488858543475
2590,0.14542783805612092,0.03166837345940393,5.0,5.30266045107858
2591,0.2524695426438337,0.05767732123409958,5.0,5.275355411306997
2592,0.2597498326681278,0.057724889199147644,5.0,5.291888555986244
2593,0.12001687946759043,0.029552869704434548,5.0,5.279939188910818
2594,0.1736451562635417,0.03218810745138578,5.0,5.28535247483874
2595,0.07442246776190897,0.025134982700564523,5.0,5.301611586517936
2596,0.24176543904808012,0.06249314232020234,5.0,5.282518296627483
2597,0.16203885660089568,0.028702256341372356,5.0,5.2801997653492005
2598,0.2261519142164683,0.05190401386674576,5.0,5.288415147007628
2599,0.24943060229405511,0.05096245673393501,5.0,5.297687650297105
2600,0.2351077573157312,0.05131144855260533,5.0,5.285869118525808
2601,0.20911886405472946,0.04645852121292199,5.0,5.29750090908192
2602,0.29703144465075737,0.06628369476185997,5.0,5.305827521616253
2603,0.2172911856115638,0.045744281518297625,5.0,5.304025186961825
2604,0.39486359191938614,0.08894191118777833,5.0,5.2908126161628655
2605,0.19336365617487927,0.04176813694754333,5.0,5.366463337210314
2606,0.15228314569491963,0.037486471809423993,5.0,5.298399958467517
2607,0.22894916126828302,0.029359252385998957,5.0,5.310863449283225
2608,0.21524675856670328,0.041662814246783475,5.0,5.303519044392049
2609,0.2549519675561873,0.05398929509569006,5.0,5.300061785735801
2610,0.17708201388782574,0.040326872943565295,5.0,5.33345483057734
2611,0.4276718919356064,0.09220819467792896,5.0,5.2966591796616225
2612,0.2551035813995386,0.05904223413372833,5.0,5.297504656418379
2613,0.2812952818221661,0.06220027666822692,5.0,5.295059228749288
2614,0.2431411840647908,0.06906553269148963,5.0,5.260593401254798
2615,0.29926702408936867,0.06700887833430968,5.0,5.320463499796988
2616,0.2798998381570761,0.05947059224678031,5.0,5.278895427866832
2617,0.15606011882311988,0.03611899359069132,5.0,5.271336031638159
2618,0.20692663244690412,0.04960847683675329,5.0,5.267350243484286
2619,0.24262192387851522,0.04539460483500546,5.0,5.309831621538299
2620,0.22357716408332307,0.047532023386673616,5.0,5.2852454749252065
2621,0.30922785283482845,0.0728819100827437,5.0,5.2696355560510355
2622,0.1914224010350587,0.04520780530596291,5.0,5.244235632594192
2623,0.26943746892133746,0.0540130931466033,5.0,5.315249610093913
2624,0.25837850239411786,0.05594071193013833,5.0,5.325818744604485
2625,0.42824275041578197,0.08352976001019269,5.0,5.303599429837087
2626,0.28537952884366513,0.06181400967880124,5.0,5.279717944585416
2627,0.1941219038391211,0.05159530731266354,5.0,5.301842537761923
2628,0.3487892855323236,0.07520174202973784,5.0,5.305414854977251
2629,0.3662206081589976,0.08559035300818629,5.0,5.287336711417696
2630,0.1446693487121853,0.030611895416696955,5.0,5.307209595421423
2631,0.3725188092918894,0.0773543286443169,5.0,5.314637460549543
2632,0.2197789194612252,0.049916132687925885,5.0,5.289705715886868
2633,0.20090068833434405,0.04628646529396713,5.0,5.305194378473681
2634,0.30326350671339375,0.0647894079637441,5.0,5.292385716610797
2635,0.2620079482955884,0.05752778382581886,5.0,5.271320461890303
2636,0.29676176952115974,0.06747621955243582,5.0,5.281090775832524
2637,0.1767815808730797,0.03785221268171218,5.0,5.302546183593293
2638,0.1832264701930737,0.04600235070150982,5.0,5.0
2639,0.22007496857639208,0.04499693884203948,5.0,5.286474298829269
2640,0.18185522199405724,0.040547234760454964,5.0,5.318374791055005
2641,0.3389322947836848,0.02420232162358782,5.0,5.283466714819989
2642,0.2173306511483959,0.048897926444290196,5.0,5.28992809360008
2643,0.20632022864128952,0.04133576049413695,5.0,5.342940034290207
2644,0.29431580927972734,0.05927288839027067,5.0,5.326749952857988
2645,0.3616192672867271,0.08708263489893206,5.0,5.288278219032616
2646,0.09663380318412518,0.02425559558991852,5.0,5.277788920074613
2647,0.3854227304251052,0.08773109246537969,5.0,5.329089057251988
2648,0.20353850020990638,0.04521357886108546,5.0,5.296702403465856
2649,0.22562896933516652,0.04791403451790205,5.0,5.279461563848118
2650,0.2157924114750418,0.03952024535578219,5.0,5.269568440865742
2651,0.08413690396838436,0.019641415832610476,5.0,5.291431857823641
2652,0.2886509111592399,0.05938910681976606,5.0,5.296651899694913
2653,0.16534434676495535,0.04301588764908304,5.0,5.296824661450916
2654,0.23978182403768744,0.05233033589478775,5.0,5.299374647115531
2655,0.2794305952272109,0.05871310782867872,5.0,5.241453690245006
2656,0.2838844812018997,0.06458831312607621,5.0,5.296696659312872
2657,0.32049774273452747,0.06586679905569748,5.0,5.2756186816239925
2658,0.08146923535013562,0.02377043076493235,5.0,5.288621897565804
2659,0.2150278914791932,0.04762603474663352,5.0,5.3315058346829325
2660,0.24924752462007937,0.05582340670804248,5.0,5.309587416802817
2661,0.15271794506599456,0.031606362555037404,5.0,5.299212665093238
2662,0.12649859719741197,0.03407452433760555,5.0,5.303138778956145
2663,0.27239102049352537,0.06967938340039581,5.0,5.277215087888845
2664,0.281418096649686,0.06234032226888214,5.0,5.310624746255375
2665,0.2081192964201306,0.043717898961517065,5.0,5.3076500918364555
2666,0.22181399933484425,0.03870101431965822,5.0,5.263745146079959
2667,0.2337972523070071,0.05064349537597418,5.0,5.294395847788831
2668,0.25512186253293745,0.05475089068155509,5.0,5.328290186114026
2669,0.20010711237345236,0.04269584103301011,5.0,5.315938596988543
2670,0.21023636695534043,0.043943924994810035,5.0,5.315971780618742
2671,0.2657037062585288,0.04468444772624752,5.0,5.284169571958728
2672,0.2615317707297149,0.05552548509858707,5.0,5.331373828110202
2673,0.32681953888993065,0.06686112795064503,5.0,5.277333022076567
2674,0.1417466499030915,0.03277840609827365,5.0,5.2748881094513145
2675,0.1489986394250471,0.03064065150268175,5.0,5.290440886322543
2676,0.27231352766354955,0.058536333103066995,5.0,5.3163648731657
2677,0.34801844812320715,0.0704093989435709,5.0,5.31161311702653
2678,0.23695964143074977,0.049632471042525994,5.0,5.298008005681769
2679,0.10748236901289454,0.022140317923761144,5.0,5.29666040709925
2680,0.17349359503314288,0.020874082253651727,5.0,5.262631183722268
2681,0.26499436939516907,0.06039887301623076,5.0,5.260415380087009
2682,0.11112205063844205,0.027553656737645482,5.0,5.26931102794725
2683,0.24683275458261789,0.05411296932986864,5.0,5.2775801983355475
2684,0.2260066082408394,0.05179475760042801,5.0,5.2865412227311825
2685,0.22089640960065804,0.05159319423382164,5.0,5.2794169955753745
2686,0.19564847894329374,0.046203820744302626,5.0,5.305401155397362
2687,0.22396022442607144,0.057685043083969434,5.0,5.271917085399238
2688,0.35207576230137483,0.0744340315722321,5.0,5.279295822033987
2689,0.17591307092889985,0.017677180423413208,5.0,5.27902804571001
2690,0.17279123452368927,0.040989969280492033,5.0,5.305442021965394
2691,0.3469105683835312,0.07595553758510348,5.0,5.314629606058352
2692,0.28130087299424766,0.060380251100421334,5.0,5.301912582733577
2693,0.2888388913577198,0.04858093545721104,5.0,5.278159545269423
2694,0.22502695433045194,0.048173566576440785,5.0,5.323784392470765
2695,0.2724859121058556,0.059225751631669654,5.0,5.281103898718493
2696,0.24229969124654827,0.04929359950214712,5.0,5.319191593434098
2697,0.32344681144426013,0.05109272134959131,5.0,5.305370418372011
2698,0.13759753120831308,0.02677999138831072,5.0,5.282460774027946
2699,0.1791255174328532,0.04058804638045249,5.0,5.283726419586365
2700,0.1636607292442851,0.027862016127291722,5.0,5.288620555256935
2701,0.1482152451510348,0.03457955726274442,5.0,5.292270517460764
2702,0.2359368019064143,0.06686344919906925,5.0,5.274634436098253
2703,0.16322289089178565,0.04687830399858839,5.0,5.311897486176802
2704,0.3039257914321243,0.06620669199561913,5.0,5.330874821932197
2705,0.2991641735269772,0.0503828225332619,5.0,5.266615446756688
2706,0.2392414443613209,0.05319535509608608,5.0,5.268966583509842
2707,0.29971525590956083,0.0628746240219849,5.0,5.296749003001375
2708,0.16759186225769906,0.03536059610685971,5.0,5.277470074922492
2709,0.2705874583867254,0.05857859362748785,5.0,5.302854113130708
2710,0.23989253784690256,0.05094582129787267,5.0,5.329621919169307
2711,0.37306703752492476,0.08356258621040369,5.0,5.210517374225816
2712,0.3176722233267355,0.068676143960481,5.0,5.264252509782272
2713,0.3413525856396544,0.07357455308096889,5.0,5.308674067267027
2714,0.4241107380989244,0.08557938506713209,5.0,5.298290176576508
2715,0.2370571573623934,0.06203376132166888,5.0,5.274470881774231
2716,0.18035785705911822,0.02234019882034688,5.0,5.279048586441384
2717,0.08692445896996692,0.015116323644868757,5.0,5.28350897783044
2718,0.18746544720227432,0.04476305568464406,5.0,5.257956005242779
2719,0.22462852116885412,0.049223163487468746,5.0,5.314658294945378
2720,0.12961645970684144,0.027516704412417547,5.0,5.274565338701853
2721,0.2718333016199195,0.05833679133777414,5.0,5.336678903828975
2722,0.17189958830863206,0.037864322579215626,5.0,5.281274931340771
2723,0.10618442893886537,0.028926044753221525,5.0,5.306870822400063
2724,0.18961185782546242,0.042901138713356046,5.0,5.283612632944594
2725,0.3282884108572406,0.0710788745515859,5.0,5.317856593965615
2726,0.16108918195603872,0.028578460150858465,5.0,5.280339122028526
2727,0.30429800991360434,0.04800768814215517,5.0,5.30049086906498
2728,0.1286582366843183,0.025033588355588332,5.0,5.28559245680575
2729,0.27878430790790576,0.03838073142420198,5.0,5.252264803227167
2730,0.15856122464253564,0.03590426038026048,5.0,5.256903946854452
2731,0.21638229894402872,0.048986848570485575,5.0,5.286654989768271
2732,0.2271080786212396,0.053883462195598086,5.0,5.3025817810340925
2733,0.3093725488876631,0.07018804320480565,5.0,5.275225861709805
2734,0.18257063056788647,0.016930440692142945,5.0,5.298972388288483
2735,0.24500367379449317,0.02464895584506127,5.0,5.274835197523942
2736,0.15013818995934125,0.035150769833061646,5.0,5.298714425207374
2737,0.22594091880724232,0.042192403498837905,5.0,5.302570751877447
2738,0.2753269671110523,0.059791761833425716,5.0,5.278644450786265
2739,0.12754133967798942,0.02687024546892325,5.0,5.287145249556975
2740,0.2626609295424054,0.0547596115670923,5.0,5.310533912613451
2741,0.20875724936194295,0.04543572477555535,5.0,5.300565765736049
2742,0.2021669805619939,0.04953679252559995,5.0,5.274951176352758
2743,0.13178842121594925,0.025417159474737938,5.0,5.32633880664017
2744,0.2540193023763404,0.003994109326912597,5.0,5.3819889039099245
2745,0.2753196323432425,0.0002742649902976631,5.0,5.392759912930654
2746,0.2830945920339194,0.0016174147685281955,5.0,5.372609499971741
2747,0.08978476960773141,0.0012687122095150702,5.0,5.343497881652519
2748,0.3292075323331607,0.011896907986187186,5.0,5.39363250465029
2749,0.32327677911958586,0.00012134377605618231,5.0,5.374911400830342
2750,0.14318174686352259,0.0047802733727771995,5.0,5.359493842470373
2751,0.14955827107227537,0.0018623648918066078,5.0,5.368779698286827
2752,0.12616344958276215,0.004245542647792908,5.0,5.373367284884525
2753,0.21943364200258708,0.005917543450244103,5.0,5.371548457722524
2754,0.20478451614459248,0.013903240271773643,5.0,5.383192365444582
2755,0.18291349508661736,0.0015433883124356985,5.0,5.378491009602637
2756,0.15470641001668595,0.01116965053833155,5.0,5.352110593818109
2757,0.23605057974402066,0.0006283161015849751,5.0,5.411079135905572
2758,0.24282609944042077,0.004862907907612932,5.0,5.391694138485663
2759,0.14363824691141924,0.007709375797917389,5.0,5.353063434175294
2760,0.22508741573049007,0.004534288587865101,5.0,5.375774892430698
2761,0.08178019350428767,0.00018371413686730674,5.0,5.395359657801162
2762,0.2106552855637427,0.008364691811999267,5.0,5.378152311276416
2763,0.15575290827070032,0.009629293929203857,5.0,5.386304661934709
2764,0.21776856124019228,0.003748640967159461,5.0,5.383797501585779
2765,0.19254516144653344,0.002714205306387548,5.0,5.3679942474881415
2766,0.20365219665973866,0.001381739965973381,5.0,5.385837831027596
2767,0.23546606798497804,0.0051596258009135,5.0,5.392140727795711
2768,0.1650813466716543,0.004932836640353752,5.0,5.356131079869586
2769,0.23945185009961634,0.022681124520191984,5.0,5.3794539578893374
2770,0.3389823445545366,0.0021460885590231064,5.0,5.403047341167522
2771,0.16237823117997285,0.012538747654350507,5.0,5.363682144765312
2772,0.2601122321665459,0.009716640646939237,5.0,5.378900975498588
2773,0.11644645405605591,0.003398498136854812,5.0,5.379218920850901
2774,0.22803653684314584,0.004265282558212902,5.0,5.366559892523508
2775,0.28709662834184724,0.005768332778507811,5.0,5.379938523236509
2776,0.17768648600259063,0.0009376184081510562,5.0,5.36670090448097
2777,0.21007827036346094,0.003612553292024402,5.0,5.415654980739273
2778,0.13259357193767185,0.003974847524331141,5.0,5.351168541004991
2779,0.23417488363393146,0.003011531835886304,5.0,5.366644532160967
2780,0.23105268051753614,0.001407764892478772,5.0,5.375945091047152
2781,0.1154423007004659,0.0053402911589390464,5.0,5.375993657376608
2782,0.2783831290998766,0.005496164028051274,5.0,5.362634721774775
2783,0.3739194137822408,0.004734578694067151,5.0,5.422591209329282
2784,0.24557105678528401,0.007498728340901581,5.0,5.361122013431956
2785,0.1547371944577336,0.014057997470650396,5.0,5.341837967531724
2786,0.2619708236122218,0.00558043832403109,5.0,5.380197287482726
2787,0.24314939556092297,0.00793508240422875,5.0,5.377446922218558
2788,0.18451698220349533,0.004929050435980544,5.0,5.389173060962147
2789,0.3120026255441337,0.003281132264733916,5.0,5.405619546733194
2790,0.2912292708643145,0.00244643280931367,5.0,5.388736700990302
2791,0.1843739909409663,0.004705686374844628,5.0,5.388588081168972
2792,0.23489190971336127,0.010586709491670052,5.0,5.342994116934996
2793,0.15670891680531174,0.0033912809223203833,5.0,5.355496219248188
2794,0.20394295920735583,0.009831930565432481,5.0,5.36656653868139
2795,0.1297733363000073,0.005782596793614345,5.0,5.37321264723146
2796,0.2139210612069007,0.0011613467663087497,5.0,5.400296952510599
2797,0.28633995495084097,0.002182020043631947,5.0,5.399586934619522
2798,0.1838426748615598,0.0011565768955688243,5.0,5.355717398241984
2799,0.21170943136418652,0.00950375977204472,5.0,5.365471614257578
2800,0.2635007526243094,0.0108633404696254,5.0,5.383384616844893
2801,0.34081513115036244,0.001457804282672885,5.0,5.38805197583077
2802,0.2251003151087254,0.001103192146078478,5.0,5.3879151744088905
2803,0.09416172565355874,0.010580933332548337,5.0,5.25978784378581
2804,0.12256695361677616,0.006099187174641418,5.0,5.377060217094138
2805,0.3378711956835243,0.002597689073924951,5.0,5.40497262541721
2806,0.2817044619183884,0.009567462422551944,5.0,5.3984917493643
2807,0.1754085153317535,0.007903815436389357,5.0,5.379315590522218
2808,0.14117715997954772,0.0031898094728064624,5.0,5.383567659198585
2809,0.2640970246669605,0.003219432198389184,5.0,5.383288090563649
2810,0.43130140817539653,0.07728706429797139,5.0,5.507249805290515
2811,0.12973256651057308,0.006375380068086342,5.0,5.364551441904117
2812,0.34397725065060336,0.005435894392597706,5.0,5.401971228455569
2813,0.056654167222197516,0.0053061670259365035,5.0,5.250337204461042
2814,0.17145427242209021,0.00036925301693940403,5.0,5.384381746880118
2815,0.04017909505704287,0.004671588073724059,5.0,5.34543789971802
2816,0.14872323736408521,0.00707623424063937,5.0,5.38340300218592
2817,0.30780170508905913,0.004154068895039528,5.0,5.408579505120743
2818,0.2378394524545686,0.004829040736803968,5.0,5.388627635661516
2819,0.16817826901416777,0.004551039717275697,5.0,5.370288960326102
2820,0.18043777179529497,0.0030671426837319098,5.0,5.367349101152525
2821,0.3453192305966444,0.008430867323006064,5.0,5.431933902478638
2822,0.2656512242410878,0.0022215019584874785,5.0,5.401054877647988
2823,0.13354634406459276,0.0050360765798962495,5.0,5.36160994034236
2824,0.289354785836456,0.003843553146246393,5.0,5.3709209901157084
2825,0.3125552183113891,0.0025636820485508797,5.0,5.386289623812983
2826,0.17022056687689413,0.00551851085746554,5.0,5.373725272607253
2827,0.21379036558423437,0.006931348843751781,5.0,5.412067834638528
2828,0.38737876424855266,0.006345373451242718,5.0,5.41399410595238
2829,0.14777110909119284,0.0046384673308917344,5.0,5.375572018277861
2830,0.30707478089257645,0.006340228994555136,5.0,5.376704824362912
2831,0.08230778997307664,0.0030505987951038663,5.0,5.360312958387361
2832,0.31502859159163266,0.010533324250228703,5.0,5.386786487084869
2833,0.18414916578693608,0.004744057135079069,5.0,5.380668417176615
2834,0.2864530764065194,0.00802221493597632,5.0,5.39242199947223
2835,0.2806516522456004,0.005468596849278886,5.0,5.401172746608447
2836,0.2744750595556531,0.00418424527812877,5.0,5.400820016288623
2837,0.444542674054083,0.0022793558059369928,5.0,5.434088189027921
2838,0.19531960225360834,0.006241884227609226,5.0,5.3819552672528115
2839,0.1343375581476307,0.005067335829979626,5.0,5.363968549995288
2840,0.12119540843408894,0.002810582645675023,5.0,5.375532408539421
2841,0.19578442374898053,0.005736159437446008,5.0,5.390909524176939
2842,0.1907792646009343,0.00754621111118408,5.0,5.3858755164915895
2843,0.1246597005800898,0.0036849417149038485,5.0,5.3668665668690085
2844,0.06267504524673317,0.005071207663021007,5.0,5.2401514927275095
2845,0.2036116768783831,0.008391219035638608,5.0,5.37814396018641
2846,0.15570051313140154,0.005672334391932064,5.0,5.359448076005409
2847,0.31208858151430463,0.0017106164160592746,5.0,5.396071051363025
2848,0.22510596026914076,0.007063494462388402,5.0,5.372334186597589
2849,0.337405321627013,0.002588885057768126,5.0,5.394009305600429
2850,0.2623885805616959,0.0014508603290054255,5.0,5.38622620251914
2851,0.32233185130895925,0.01528103140910575,5.0,5.398897579279565
2852,0.2710844187550354,0.007001830710924611,5.0,5.39580620320935
2853,0.36351844616943163,0.006289288798290547,5.0,5.428207458206318
2854,0.19756438334388515,0.005019075548525192,5.0,5.362084368327196
2855,0.19958734002242995,0.007824367861084786,5.0,5.372471524534417
2856,0.1651609653839603,0.02646865949194993,5.0,5.388509151743985
2857,0.22408333264265257,0.007200659043959452,5.0,5.38814451696509
2858,0.32495445180171667,0.006690203950248181,5.0,5.394174355479775
2859,0.13230608780831044,0.001280892189815825,5.0,5.3468386429077075
2860,0.24297033385695754,0.006102754631560091,5.0,5.370215806446232
2861,0.1649255092967754,0.006956810618333413,5.0,5.376876540141247
2862,0.32628078334159727,0.010958576210902057,5.0,5.4113329426461565
2863,0.11147902338823124,0.018439498694000314,5.0,5.378796953781517
2864,0.32837933292080046,0.0014285130812575833,5.0,5.398388339933309
2865,0.2378522885373604,0.004718685304136529,5.0,5.390275515987568
2866,0.18938159774777885,0.0028664671902079823,5.0,5.376193577849531
2867,0.3602398349064564,0.004730225070021998,5.0,5.388689472665282
2868,0.3036753678650619,0.009633249688420636,5.0,5.4068415758796196
2869,0.22611076511244943,0.02272454948323238,5.0,5.287526668930349
2870,0.19458972969868227,0.004543721141895111,5.0,5.357716885222956
2871,0.37730873535965204,0.004659495359111712,5.0,5.407615996936501
2872,0.31696474233170946,0.008794675454117794,5.0,5.397932386358919
2873,0.12578927224549452,0.0027640436777696814,5.0,5.369403324472595
2874,0.7096121620150393,0.0462152272815151,5.0,5.561646246919576
2875,0.187754218580499,0.004546734827576834,5.0,5.370411492611051
2876,0.1261049449720204,0.0022334905934287864,5.0,5.359157037794953
2877,0.28377235480591767,0.002888254268838618,5.0,5.380016172267732
2878,0.28029898963836186,0.021940535162383562,5.0,5.4224627360471
2879,0.3292932562890396,0.007046199818013389,5.0,5.387962864760105
2880,0.333216604811009,0.001408470629593026,5.0,5.378898629541018
2881,0.4201363922873842,0.006469183305223716,5.0,5.403226835510608
2882,0.1783124860073224,0.005487185456294702,5.0,5.335932493084448
2883,0.3033088331508058,0.00845761199481114,5.0,5.399468010979014
2884,0.2630943325786568,0.005586154858917641,5.0,5.384981895332794
2885,0.12128098544535626,0.005915185761635806,5.0,5.36793721801633
2886,0.24056053558837975,0.004151756331020724,5.0,5.388170593305022
2887,0.26869560049216035,0.001045626490671153,5.0,5.369610892571917
2888,0.4929380383576256,0.0012817182466815158,5.0,5.4318588203722395
2889,0.14127317354795355,0.009035839307926216,5.0,5.368471512560822
2890,0.2539260285378291,0.010821275056986893,5.0,5.384242453573602
2891,0.1095939078308803,0.001274853894561976,5.0,5.370626321296372
2892,0.17929673060309836,0.004623813109410672,5.0,5.384138038370869
2893,0.2601990995759398,0.008340347141573244,5.0,5.385545492544068
2894,0.22852835314607844,0.031101952856010834,5.0,5.411651008633376
2895,0.36395174358428917,0.0008810509596924327,5.0,5.406942001468078
2896,0.18464525151712485,0.009761895319788473,5.0,5.383230126411878
2897,0.2830813121545328,0.004526609341216334,5.0,5.380864795134066
2898,0.3413506398554531,0.0022221124569709733,5.0,5.405212273685587
2899,0.15598326846832467,0.012900977088760271,5.0,5.371233769358179
2900,0.23188009394251563,0.008309996111054957,5.0,5.375427507493704
2901,0.09676352471634853,0.0034861207820039986,5.0,5.364146463811208
2902,0.28878954678179425,0.007159112724875186,5.0,5.361098730742944
2903,0.5041368698896975,0.0013683812837280715,5.0,5.417031912394714
2904,0.14985472189900273,0.003915659685328855,5.0,5.340242836789582
2905,0.08779801326622083,0.003718381574442625,5.0,5.339879861007679
2906,0.2459279180361671,0.008130447750456935,5.0,5.390698148396478
2907,0.3210272130023122,0.0077810293601684455,5.0,5.396075515638232
2908,0.28207226317231404,0.0035923414399137363,5.0,5.36432281052627
2909,0.2855306511568523,0.005377461246910704,5.0,5.399919648797384
2910,0.13028136154962455,0.0020054173132159417,5.0,5.367780678249332
2911,0.3046658577970638,0.0044894459270589954,5.0,5.387433199421547
2912,0.2219910768126725,0.008461241028195003,5.0,5.380025015796184
2913,0.2709861965782565,0.01855694270100891,5.0,5.386009854842957
2914,0.24770189495266304,0.013966802202812545,5.0,5.396116984923962
2915,0.1519412495446386,0.0056212474187052885,5.0,5.365116569168267
2916,0.3361415510224379,0.005883293085818954,5.0,5.396175182710499
2917,0.09907890883815806,0.007590807716591388,5.0,5.36389392004371
2918,0.18664959033605122,0.002356131977464102,5.0,5.385813954689231
2919,0.26027224502431734,0.006234824401002374,5.0,5.437270498797311
2920,0.2412587546303373,0.004236391160108224,5.0,5.3669608605870245
2921,0.21397556363422288,0.0010510011774643871,5.0,5.382167087530636
2922,0.07873560634709187,0.0013510811889992577,5.0,5.34908755633011
2923,0.18169101424127887,0.0033549883412971153,5.0,5.407308513227669
2924,0.07924284767139289,0.005120722303056727,5.0,5.365287299239441
2925,0.3866631683716262,0.004031882006162986,5.0,5.397619203490631
2926,0.17715716467332232,0.0048370573945170775,5.0,5.378861030144986
2927,0.18989715825878406,0.008635060695138905,5.0,5.38482879709556
2928,0.2465615356081008,0.006320158622870015,5.0,5.371626669667657
2929,0.319418954692418,5.230134772003271e-05,5.0,5.386651162813179
2930,0.2596093742505574,0.0007071149680865805,5.0,5.390898259821659
2931,0.09797637731400921,0.012728175658102261,5.0,5.392323248731383
2932,0.2004835891346528,0.0022441048727734267,5.0,5.390639539162114
2933,0.41114516293434056,0.010297137230501338,5.0,5.501597222440351
2934,0.1688723601842781,0.007689005285649385,5.0,5.354644179080692
2935,0.20897794938880532,0.007155807180249801,5.0,5.371513053135253
2936,0.11979569300155468,0.005524472858472185,5.0,5.345910446648299
2937,0.13046254561110548,0.004955599266641131,5.0,5.3737486210319485
2938,0.20421360755631057,0.009084723054401292,5.0,5.388853338514581
2939,0.29937911695803554,0.005638452275679322,5.0,5.390784312954997
2940,0.39107772762381887,0.010001494421458892,5.0,5.409579487279617
2941,0.13589716732018609,0.007980005910141391,5.0,5.365395304269658
2942,0.17144746580770232,0.002868130741077104,5.0,5.3749596399562805
2943,0.11509844683640136,0.004110004287402512,5.0,5.371149773397912
2944,0.36533948065885635,0.00567468033282819,5.0,5.415280217796585
2945,0.1829017028316835,0.004020952765758576,5.0,5.375240106779309
2946,0.2557394352949338,0.00013829335122714486,5.0,5.414293088459852
2947,0.27634399599755977,0.006493244531704835,5.0,5.4081856782167215
2948,0.16256608006826423,0.0057406033095436515,5.0,5.370745387696783
2949,0.1947228348440342,0.0011299559912129296,5.0,5.368201054053712
2950,0.19987890091470617,0.0008533291376175839,5.0,5.380741597768743
2951,0.30316046657467166,0.00014459360772776236,5.0,5.403540054083891
2952,0.18619691107962555,0.00630097543718313,5.0,5.388968319844656
2953,0.23132139031320031,0.0012645283120200548,5.0,5.389113564730623
2954,0.045867138972551125,0.00627591663426115,5.0,5.343759060232163
2955,0.19274804198532425,0.009120793183605161,5.0,5.3558745208274505
2956,0.17354319517334482,0.007353750620525928,5.0,5.405289744239523
2957,0.24449435990655255,0.005163404705109707,5.0,5.369217874534717
2958,0.23300362911621542,0.002162923000001253,5.0,5.379084420828626
2959,0.30599326108178393,0.004195413408190761,5.0,5.386559589140356
2960,0.29926318488721826,0.0027453208286969035,5.0,5.397816047706874
2961,0.17131680765617596,0.004012634993054008,5.0,5.35549523724848
2962,0.4632573231010575,0.005228817200391062,5.0,5.408000482708477
2963,0.24777946947187068,0.00029099476994953917,5.0,5.372795879070678
2964,0.17172199196816207,0.011612843226193076,5.0,5.370952936351365
2965,0.2935731152344567,0.0017687519226858746,5.0,5.418110617987351
2966,0.19254073317801979,0.0028627231532182976,5.0,5.3725764258741115
2967,0.2389868664667627,0.003530768013791626,5.0,5.380530713579876
2968,0.2872795398606445,0.007559014683679463,5.0,5.386524773742893
2969,0.1943215957447093,0.0030151770668104053,5.0,5.368635519224494
2970,0.3178506924716389,0.003422095615701457,5.0,5.3802533128106855
2971,0.42548119863324185,0.011740083211385546,5.0,5.427763100476248
2972,0.18136413566060883,0.008572637895000804,5.0,5.3724595570855715
2973,0.10393900096871533,0.004204419472183467,5.0,5.373233307642824
2974,0.16105928144546455,0.0047891096990040835,5.0,5.380965871141958
2975,0.18671782908961299,0.0035776677709532523,5.0,5.371223978737998
2976,0.13540910362750913,0.0018811771649668123,5.0,5.362138225349593
2977,0.3314713868142978,0.0004998234546809716,5.0,5.3800735183572534
2978,0.18253375531086768,0.0024227810728070127,5.0,5.371820613461535
2979,0.29445656948166343,0.01990553322550981,5.0,5.402722990687998
2980,0.25488541535285014,0.005769363666551078,5.0,5.378706606083554
2981,0.2889186297481472,0.0010307303827355807,5.0,5.391853505290358
2982,0.293109628057991,0.006989804026744401,5.0,5.393198904299528
2983,0.308899778291426,0.007407795055447239,5.0,5.3761875656187375
2984,0.40793017563480816,0.007116625653762275,5.0,5.394487251723206
2985,0.242179362653834,0.004572727587944147,5.0,5.3890712468661395
2986,0.22446801225630786,0.012558321731597336,5.0,5.362208088880287
2987,0.2194763688031629,0.0074222282120946365,5.0,5.378767793330539
2988,0.25835433879766656,0.006797354394571971,5.0,5.373108255480448
2989,0.7495662086244106,0.004458783346386629,5.0,5.522318234685173
2990,0.21054658267944526,0.004127838393865588,5.0,5.372082283927266
2991,0.20088499039783203,0.01116505901644882,5.0,5.365653366889349
2992,0.1474557394499627,0.008432638436833312,5.0,5.36237976851992
2993,0.29965834750772924,0.004536496107796769,5.0,5.399385537266852
2994,0.38734409180662266,0.004680610222352773,5.0,5.412085758489651
2995,0.14828279165367508,0.0018110784781725352,5.0,5.362156266164861
2996,0.21416537201473584,0.006137812936130936,5.0,5.353816079592013
2997,0.18219316488183268,0.00895086684790148,5.0,5.378349626626298
2998,0.20635338401781333,0.07671716595983546,5.0,5.148648648648648
2999,0.17006464112812147,0.012900777836409583,5.0,5.378711182763833
3000,0.22596265984144615,0.0017589981724897945,5.0,5.369991551184192
3001,0.17937019756084838,0.006508095130789919,5.0,5.359658071060549
3002,0.38869753915764305,0.014144550362035907,5.0,5.4074058386819335
3003,0.26379863150849125,0.015651381704338316,5.0,5.403756845070902
3004,0.2394178195054033,0.003538120376614138,5.0,5.386408432888583
3005,0.22287978710165102,0.012770917217132721,5.0,5.362046121266095
3006,0.3541132099711075,0.0008543712678916859,5.0,5.412151600426309
3007,0.16892726795189406,0.007975011218907105,5.0,5.365385087591088
3008,0.34443998522626806,0.0012497409633084045,5.0,5.379022048646203
3009,0.20992912945987707,0.004460599022896347,5.0,5.374319440233863
3010,0.17060014993160588,0.004996767417690513,5.0,5.363176694681746
3011,0.3735253549817539,0.0007460609268432773,5.0,5.413607712739381
3012,0.19862569347171366,0.011094432132491588,5.0,5.366857327126082
3013,0.17143531527266131,0.0022310990416221574,5.0,5.375164112159281
3014,0.35253810282907483,0.004593896964124502,5.0,5.438323009011965
3015,0.14472150045506904,0.0047792235654360166,5.0,5.3680760710697495
3016,0.2629120700749241,0.004834181183339585,5.0,5.383687352771229
3017,0.15486059250886264,0.0041582929968242005,5.0,5.3620015083438854
3018,0.29889101613895863,0.003290613151593902,5.0,5.397714152983335
3019,0.14402446346213726,0.0010134375949914856,5.0,5.338885106428348
3020,0.16125199660664036,0.007419742561737913,5.0,5.366757371355826
3021,0.37602840054346,0.019611866855633403,5.0,5.419242977973955
3022,0.2679529490209296,0.007643258824308757,5.0,5.410159757122148
3023,0.26274476644250755,0.01782517930714385,5.0,5.362587428059067
3024,0.36847326911571576,0.0003266524853688217,5.0,5.405943637155204
3025,0.14260353132569792,0.004597347237216068,5.0,5.368011891675044
3026,0.23695620626602243,0.015680267768532485,5.0,5.3739018846676245
3027,0.18383987289740156,0.006634652427692789,5.0,5.381596963080062
3028,0.2997630994938927,0.002753671812623733,5.0,5.38303251644753
3029,0.2457834848037781,0.006802424065335176,5.0,5.372427628172938
3030,0.2542047205565374,0.004971045467444819,5.0,5.367816017900369
3031,0.13777620017568926,0.0024889465095012837,5.0,5.358580909030106
3032,0.2819290857315011,0.03463739505397523,5.0,5.427124987179681
3033,0.006321198268163105,0.0006352841939470874,5.0,5.018535174668832
3034,0.1071705464512196,0.0029431517466715837,5.0,5.363684810404852
3035,0.4632909973616173,0.0037337470913839073,5.0,5.424299882274619
3036,0.2251091671672052,0.004583008118657698,5.0,5.36461353014162
3037,0.23520492186008868,0.0031713479983859344,5.0,5.3647171492235035
3038,0.16752941464332682,0.009100344544860216,5.0,5.370213530596031
3039,0.2299347916261849,0.0018984723255278235,5.0,5.366951203120776
3040,0.1541669995898287,0.00184574992177821,5.0,5.370798366323406
3041,0.27309623518056436,0.004874164612861578,5.0,5.38267194877335
3042,0.3733220835321329,0.010002349853590144,5.0,5.404973367228134
3043,0.2288205395224745,0.0004139276521690667,5.0,5.388615586117291
3044,0.2091121363329871,0.009243219407235041,5.0,5.372589998211437
3045,0.17396171576557262,0.003907206296625051,5.0,5.363624715243702
3046,0.17029273115718802,0.0032097897749501607,5.0,5.387892894953383
3047,0.27984434936506375,0.005043521655978447,5.0,5.400792658595996
3048,0.21293594974954821,0.008775847846593361,5.0,5.399974736584641
3049,0.11817590878811202,0.005601100893186557,5.0,5.38951401983959
3050,0.21566397737661203,0.007184904998788801,5.0,5.376307597870129
3051,0.10158606683436755,0.002988738298791878,5.0,5.394211061598275
3052,0.12436244674223995,0.012082652429888485,5.0,5.288488975696923
3053,0.3005832704787199,0.0133785021382343,5.0,5.368763144329076
3054,0.27456240306357604,0.00984914212348919,5.0,5.387556123578632
3055,0.09444168590542223,0.0018126430254089814,5.0,5.383186585505522
3056,0.18355671998391854,0.003388463310741753,5.0,5.3672716485122685
3057,0.27511736553738464,0.003597961610901591,5.0,5.390500962401932
3058,0.317566432199478,0.005471042068106913,5.0,5.396119562165129
3059,0.22715140514385213,0.004285881163423322,5.0,5.363120973029485
3060,0.311522424143559,0.009350108794489366,5.0,5.411458410946475
3061,0.16232533157482454,0.004579603233076164,5.0,5.372681847298271
3062,0.1526140312162716,0.005718130671914609,5.0,5.349085512623812
3063,0.15156964854130872,0.00757102045773593,5.0,5.355449286113414
3064,0.1605637497725001,0.0043556627954301555,5.0,5.361067530456216
3065,0.24853164332417443,0.005562944101757998,5.0,5.384325084384001
3066,0.1926499056961195,0.0024251569316864514,5.0,5.352288493483082
3067,0.15456325183339725,0.006307672105358542,5.0,5.370167361974927
3068,0.11786809601249981,0.006327170804164908,5.0,5.32083935415435
3069,0.3620271748393762,0.002733341544870736,5.0,5.407038064473895
3070,0.18411000362288044,0.008906846902105872,5.0,5.358330307334693
3071,0.21171007760815197,0.0048092034997369686,5.0,5.387345307962965
3072,0.24235020068712299,0.004292514827339743,5.0,5.3954454696136445
3073,0.3836399465945568,0.004147680210940915,5.0,5.397806062301349
3074,0.26457291123766447,0.0031794346601172548,5.0,5.378259449509786
3075,0.2119753569513989,0.0012268807441364036,5.0,5.393477180539348
3076,0.32481389660128146,0.010552815447151892,5.0,5.377460089497976
3077,0.11132244985375572,0.0018801630437765733,5.0,5.346722193962519
3078,0.2266728636695392,0.0028484110760144087,5.0,5.350173502269859
3079,0.35362120866136104,0.001380507646406417,5.0,5.40025538055799
3080,0.3661095341245726,0.004705678971699746,5.0,5.491150509137439
3081,0.3050183770680559,0.00950982920483254,5.0,5.381029070748502
3082,0.1609009235045682,0.004415875936806821,5.0,5.3794282089202206
3083,0.1816963461753336,0.0019409284811533582,5.0,5.363380389667132
3084,0.38808995420113823,0.00848674096495378,5.0,5.399860145306432
3085,0.1459461370868933,0.0063712450309016955,5.0,5.373833726569197
3086,0.2598717851405663,0.0013727401881498563,5.0,5.3707359389404985
