vertices 2038
     0 3.25669599027000 6.37023012499781 4.35079898316186
     3 2.73686745617454 5.75893332674208 5.04075446963418
     5 3.34636406219045 5.05056917264170 4.05314053767170
     8 3.80171807853460 5.31465950746984 4.18670081628980
     9 3.82495572763928 5.58967448732268 4.08650401129671
    17 3.09344665305481 5.04916194723093 4.74323971843131
    31 3.42904314547994 6.45502542571596 6.49386580487831
    33 3.57011331581299 6.41256071259407 6.33956205702471
    46 2.57146466933564 5.65266517570322 6.73292864157488
    47 2.64440430957552 6.29100672883728 6.58027807628690
    48 3.05771887817443 6.54888158543748 6.11862752183659
    52 5.79426193802883 0.73810494348674 2.20334235334404
    55 5.78275619174353 0.59245279103233 2.64546878217741
    64 6.04904057727962 0.47484736881731 3.02628446617179
    71 6.95438826338413 0.96945974495277 2.04548383292081
    74 0.04763712291038 1.03429332698438 2.48383738449403
    77 6.00173246403361 0.33533549999104 2.82262644296761
    85 1.39708003167073 2.95137473310109 6.49458112744825
    87 1.05673379289903 3.25429543392217 6.36530446448294
    88 1.16899155811949 2.47699559498394 0.01601810418605
    91 1.48507633829794 2.66029084050215 6.20668935446756
   102 0.79667637157605 1.84043368446336 6.38636122671548
   103 1.04050281483134 1.83196846639793 6.65448524457277
   124 3.38279683526498 5.49375491839552 1.02156947972999
   125 3.33807012134720 5.60506299549076 1.02017246995275
   127 2.79456816120173 5.56129269372612 1.07080723289936
   131 2.33851459448322 5.79259649729156 0.55176153561632
   138 5.06840109262195 3.86007844302190 6.92467953419091
   141 6.21542760681824 3.31435135391511 0.26097959851501
   142 5.72710280027142 3.25249927269823 0.43547276910348
   143 5.97216297525597 3.49450436546101 0.69931045335788
   145 5.50096948524857 3.64417795206211 0.65743780519611
   146 5.74222887299891 4.01334672620194 0.72125015724207
   147 6.44154086029398 3.75159007859291 6.66332519876552
   148 5.73440471297926 3.38755707725780 0.65584760464638
   150 6.28137036578010 3.41161715790609 0.37697549609008
   151 5.94620045462420 3.94110813699643 0.74511121979408
   152 5.20038893683711 3.57156445188657 0.24670432303209
   158 6.30469582192967 3.45956297351414 6.68996909500768
   161 5.18892144329589 3.65830670535629 6.58434130183111
   162 5.23799486956086 4.08637265043029 6.65487893215131
   163 5.12068460213904 4.01822730856683 6.92209960092940
   171 2.56938826811424 0.72758559294725 0.33053018393448
   173 3.02062155851526 1.09996486997909 0.94548466827720
   174 3.28179177607886 1.24923080781533 0.27153452692378
   175 2.02708058257696 1.66887012991952 0.53276497752125
   177 3.34070890051050 1.56494928617677 0.52051559573786
   179 3.10835352085168 0.96197526692587 0.44865552334016
   180 3.15136483661185 1.48724201559025 0.92540508784875
   181 2.74884131003661 1.81015316136232 1.02688951005893
   185 2.35654637419704 0.84328463661268 0.07906019398018
   190 2.37274396710955 2.11042054434201 0.56608095883379
   191 2.65906412363457 2.09143659095636 0.79371336471823
   194 2.47028848690021 2.15305954281722 0.42837629614473
   197 2.49646002419635 1.89376335406125 6.93968749400974
   202 4.81424126599439 3.51751480319983 1.44632832268458
   229 4.73415107944358 2.14332440524664 1.46271806621451
   232 4.46507738014667 1.96175943934737 1.59047439797932
   238 3.54206444934882 2.64705190951571 1.35294135133737
   240 3.64019254932013 2.96653544164351 1.88110442468136
   241 3.93505872265062 3.36602840169074 1.70846373746832
   243 3.75869344259937 2.13478822467618 1.53794031648653
   260 6.41042859620205 2.05196509439268 4.96933763676396
   266 5.89606548224968 1.56782950966961 4.90814891569507
   274 6.55848087640258 0.63727481685104 5.14968216967092
   284 4.32331692211782 6.19087686283542 5.29458337685854
   285 4.27547562233745 5.97784921787449 5.58719432002664
   289 3.78726129410084 5.03590851079062 5.18398759572632
   295 2.26207028751194 2.66062345880646 4.91825641949474
   297 1.60906282036286 2.80982411934332 5.46701147979486
   298 2.31305181941424 2.80681930968333 4.63093691535130
   299 1.92072195602573 3.02709362457314 5.40362561662030
   300 1.29732284684906 3.19356872012983 5.43411163008678
   304 1.80173496859011 3.32022689390608 5.36241975528638
   306 1.28033607457888 3.02301862938124 5.44411650249092
   308 1.83010100333606 3.50428084093896 5.03559551311094
   312 2.08732602957486 3.31544901717408 4.59863556443571
   320 3.71752386441582 2.25552173189646 6.97081082250395
   321 4.41425799597111 3.11896289745867 0.43867487759171
   322 4.13503483071674 2.15662943748851 6.77537702827344
   324 3.69373753529843 2.73790620317499 0.05885202851132
   330 4.01704318023094 2.94512813691848 6.96181394221393
   332 4.31194990754314 2.66501809845316 6.72027457727410
   347 4.22593717176647 6.60325595328816 3.53154718153237
   362 4.61975183070365 1.62429393886225 0.29237066793124
   365 4.54670114104589 1.10458183473215 1.50505454916835
   375 4.34746789967620 1.27857338353869 0.46147698923093
   378 4.27499784434237 1.12986503887277 1.25490624430414
   389 6.30803746185635 5.41033624046829 6.33556400306526
   390 6.35127828874289 5.43083688628202 5.84485456675755
   392 6.63703123160265 5.95720405997174 5.64244116620605
   413 6.57213770767352 5.14018614531189 5.67039615013448
   419 6.50932771701843 5.05551392613504 6.54075870029071
   429 0.43647085611322 0.84816548558565 2.63058497087297
   430 0.36166380166077 1.13619722029221 1.75557833324850
   432 0.22451887996753 0.96585688080283 1.97802220399852
   438 0.92545931239714 1.81003989865309 2.63085399351738
   442 0.81943813773554 1.20166756487742 2.93731735428422
   453 6.21535258630592 0.51578508580521 1.19855624037866
   462 5.53820052888281 0.69915445362679 2.15970183626906
   469 5.09281391012989 4.77594970561326 0.67243120002108
   470 4.94903840930900 5.86466261560521 0.88619170874611
   471 4.71544044513717 5.52584040095575 0.86266442541267
   472 4.64245544699113 5.46486466797954 1.39896510740490
   476 5.49340752204682 4.60143737220596 1.08705502086954
   478 5.50147280366849 5.66349967580845 0.47309051501562
   481 5.51520437569957 4.66418401027098 0.71246318302422
   483 4.75970366786212 5.24820692650913 1.52885877159150
   484 5.72863456383708 4.79566395018807 1.34131967428969
   485 5.06042867884010 4.71577862563231 1.08314685859630
   486 5.00402181734993 5.11530314474708 0.50514969109141
   487 5.43153921180403 5.31815355798457 0.33312580604871
   488 5.79190232673911 5.01609755549547 0.50568488816790
   497 0.11782383500992 0.64319324998409 0.72157354447463
   509 6.62727233900804 1.27259286351520 0.80238883862142
   510 6.41714769548945 0.84214151668506 0.70716420909279
   514 0.80182239948898 1.54530510790830 5.96728996835540
   515 1.56057461724479 2.59161558847072 5.82483609875036
   518 1.37023378394102 1.45878066160864 6.64121519346760
   520 0.87630152312976 1.86212764289744 5.68488212903752
   531 0.49187018117225 0.75469164052862 3.49215341063802
   538 1.26395895746689 0.05515953076721 3.37274144933892
   539 0.93811949878917 0.30792130055229 3.71284239490910
   540 0.77407828492466 0.27767989966255 3.69646477427880
   544 3.12723192913255 1.79419025925832 4.82207497530969
   549 2.36486018328209 1.54946350905349 4.84382995412400
   557 3.28155795513843 2.27355062444382 4.87853985212919
   562 2.18153752037151 1.81541150195604 4.99958477424597
   566 3.05039140363117 4.43661091487429 4.81722409922735
   568 2.70605263297425 4.53953136687226 3.53907026787924
   576 2.20740095731895 4.35817444734040 4.13531031691879
   577 3.37658896381481 4.74577225489790 3.86860393922489
   580 3.27816014755491 4.44071862067420 4.04677852489367
   585 3.01416604270890 4.65619881071323 4.95556990635926
   586 2.41010178973163 4.37795143992409 4.87979578177379
   587 2.59268693187106 4.66851345341605 5.04542918298260
   602 1.06194911030313 1.82147940357663 4.74801485334973
   606 1.41866064236141 1.23263027656415 5.08379016377676
   617 1.79330067493408 1.01655941249729 4.93758500150771
   626 1.73368483177828 3.09221832975931 0.23527800546816
   627 1.48285278305948 3.44701419454182 0.55675892733284
   629 1.75509253621634 3.56381151779266 0.88873508547272
   641 2.02558809344195 2.41217168665885 0.65318686296757
   643 2.01865968971764 2.63744040550915 0.36427531524417
   644 1.75966041717530 2.49611050653633 1.50732835852146
   647 2.38415579338617 6.56756038739920 0.33145045740636
   648 2.15498000365865 5.93578814959743 0.62563333828824
   651 1.98028506286796 5.69659708872185 0.50127525254068
   655 1.51429074784456 5.69650226957168 6.61959668908978
   657 1.66657102095309 6.58779679444280 0.23997368361322
   662 2.10125970298817 6.45751959949892 0.51529447421220
   666 3.55996758618516 2.56261091091319 5.71815436360555
   668 4.32725386351743 2.79354864862556 6.41113778390721
   671 3.61630078466341 3.13655691445409 6.14618938226671
   678 4.07613782162764 1.87100310369064 6.45985318433446
   679 3.54153087360394 2.62375766704413 5.54172702048788
   681 2.70958958053771 2.46026513244591 6.35976057031898
   684 2.75558854861799 2.92646034072453 6.53333716638009
   686 2.44263934445507 3.49941960307098 5.75477278732591
   699 2.31627174164694 3.06264352813830 5.71335712771711
   700 3.69990919327037 6.58633858838849 3.48235626260242
   719 4.30354882837981 0.24031611887332 5.43801018313434
   721 3.77871340774950 0.22032458472019 5.47375254150502
   722 4.75976384127141 6.90979770213998 5.82107036243984
   724 3.97203376324036 6.65777746606481 6.40944480837954
   736 2.94587411129987 5.76253290456308 2.09981427116992
   739 3.99380774796732 5.47468815326673 2.76248957634212
   741 3.56370760349707 5.63511750997722 1.98571920839575
   742 3.76176587038963 5.93900749748686 2.23680383012093
   763 4.56951280852282 0.43091006686795 5.23067325631834
   764 4.42730479931781 0.45822999847794 4.88406410363979
   769 4.63615858330008 1.70226294384869 6.95157623332956
   776 4.93896957525005 1.65080043000576 6.73290577751131
   782 4.81238222406466 2.96148363664867 6.24727451863095
   783 4.65465705269303 1.47748153222507 6.48135397933690
   794 1.76980023679640 3.88899740686265 1.97353745059897
   795 2.04714885837555 3.55026541960834 2.05374264286656
   796 2.86717953811534 3.91663089361437 1.46482179164097
   802 2.69764307339564 3.46408321613663 1.05651933849334
   803 2.69135192997796 4.29408563401920 1.35687233228648
   808 1.85172338724703 0.03329269455425 4.79227540793736
   809 1.67449289995558 6.34580540315963 3.58968994577144
   813 1.28052191767256 6.97232557755411 4.53954801048896
   824 3.55486103549327 1.53495970735948 1.30319478680310
   833 3.46228212166159 1.85094332169996 1.54435780718187
   835 2.89109000097933 4.65628974687316 5.98063993273450
   836 2.06270126288282 4.17313764647703 5.60823140626168
   838 2.69422320433351 4.62992657056584 6.01648070297967
   841 3.10537855996768 4.35587846999425 6.12476261235438
   843 3.33169466460017 4.46749417809796 5.19377826770375
   844 3.35339805391923 4.16205156506018 5.74916334512726
   845 3.19708135327032 4.65739331541557 5.19465706464687
   846 2.07888170370549 4.08178426263934 5.22503632352221
   848 2.08983358107365 3.84042604058870 5.76733125742246
   849 2.13728627704079 3.69138328286811 5.59496659646100
   850 3.02443763328359 3.78931776146119 5.07085592176959
   851 3.23095012694639 4.28857918245639 4.94056651329397
   852 2.43282262193611 4.63424235863115 5.72740007235759
   853 2.13744258702065 3.87827582933641 5.21469192181556
   862 3.74904451886835 5.40868153947330 1.48696450847915
   863 2.60605538602713 4.74237765258165 1.63591657201766
   865 3.72637219177701 5.11588973507441 1.76962786146508
   867 2.42998199618624 5.01972890764483 1.51530336102961
   870 2.89470826553256 4.70701259997479 1.42553544300906
   871 3.38631312187634 4.73964407104443 1.80800361381652
   872 2.62964224831129 5.21486039638035 2.38230406696615
   875 2.13797180389755 6.18734677759495 3.09450333517059
   876 3.00110297857200 0.21742090261169 3.18214469858580
   877 2.16543076172385 6.52806958100154 2.66208869287396
   885 1.76403974280249 5.60946207777536 2.44077659745601
   890 2.09857342409301 5.32008989155648 2.78550320427512
   894 1.90806413382251 6.40022422218352 2.36470433058788
   900 0.69072724445185 6.05616286449622 5.67599836350417
   901 1.21683401739528 5.39212961649167 6.15565319801129
   903 0.39771886475102 6.38118557949843 6.71646164763882
   909 1.27400218133187 5.35068137230080 6.46501188534894
   910 0.77719969473821 6.51985611956183 6.72200438768183
   911 0.82395608352063 6.65619515792581 6.33073813036815
   912 0.33365630385264 5.92273089528122 6.79729856357259
   913 0.35653180348736 6.54054575156890 6.06679401122877
   920 2.32592639590363 0.68009342927458 2.23202629339921
   923 2.70974264991861 0.52526776308369 2.04306456914200
   924 2.49425518485508 1.14570510300925 2.11990747564659
   927 2.84836129825863 0.84142796335173 1.96798486485989
   929 2.82386928482387 1.15474789356502 3.27560825563576
   940 6.23781566439797 0.03042360973270 5.34591181425296
   945 5.29220869892466 0.71899808840295 5.44436081236978
   947 6.55079077259230 0.19264056522538 5.34186182834823
   950 3.90699474356413 4.78771088454380 0.58456181967349
   958 3.51468856278354 4.61037930600084 6.56152130759680
   967 0.70635748428224 4.30963329841880 6.65152984629194
   968 0.69856732167490 3.68120491390502 5.57589094501853
   969 1.19701157304842 3.56806994923087 6.44855330139286
   971 6.92643866465553 3.98372836810674 5.86121542159771
   973 6.90477846848314 3.77402436448047 6.48883683088352
   976 0.14788565548882 3.93656107222468 6.77679798087187
   977 0.40582595803067 4.39251714849411 6.59300729291332
   978 0.11508431671800 3.52725406549396 5.79311461640970
   979 0.76682393255546 3.83730326808522 6.86775680849718
   991 6.50035648512160 2.38913039957226 4.43819069262381
   996 0.14959379381705 3.25109375190792 4.90744444777460
  1001 5.86518120388388 3.40136099022726 4.16471924510191
  1015 6.38682369366520 2.62907805600311 4.79540714969727
  1020 2.96498677446492 0.79647712758355 1.37326145882226
  1021 2.44601756694305 6.83508403807942 0.78048090828792
  1022 2.89346249546397 6.88870327315331 1.46401811346920
  1035 2.68768691143749 0.30915754953676 0.20227645634593
  1036 2.58143525019979 6.82337878042451 0.53857934515638
  1037 2.86901380961756 6.68453805668420 1.27134103252549
  1038 2.70323813456524 0.19901615303654 1.46688487181746
  1044 5.58301342148150 1.18108170533199 3.79926370253423
  1045 6.34352215254687 0.20958373961397 3.89365169925976
  1046 5.91622698532133 0.28625352448217 3.40865384521105
  1050 6.39711906647115 0.67995776452863 4.22020257967407
  1059 1.93760180727796 0.61017896825774 1.97437192606842
  1065 1.28807692110807 5.24654852836417 4.79197046379192
  1068 1.29965638578907 5.64743223524037 4.76999550642710
  1070 1.38581807307338 5.11542344679868 4.61377505308013
  1076 0.73650229050811 5.93189688253592 4.56004146304058
  1077 0.72165217781329 5.62587808252040 3.48864654547578
  1080 0.89859462148028 6.09673486689958 4.21943085801719
  1081 0.94421310185556 5.72966321097163 4.82629428084614
  1091 5.78590309525529 5.16725377833101 5.51682779994756
  1092 5.19393482461063 4.99389329976451 5.47500074008215
  1093 6.10700062414823 5.25991442603505 4.51942893585601
  1094 5.53760036833546 5.46315009321444 5.37446479394593
  1097 5.52070479923756 5.65846831249430 5.04363197070603
  1098 5.62312837806671 4.93065966519876 5.59852766516729
  1099 6.23959185312171 4.88530708588976 5.30564462316230
  1100 5.76728757692283 4.64118707233912 5.48351154915673
  1101 5.15781601839471 5.29973464687202 5.38293891759891
  1102 6.39455819274194 4.91202242224360 4.96508075427300
  1103 5.10037172088710 4.76477217534966 5.27886080224328
  1104 5.44578026533413 4.44659178160246 5.22304665370336
  1106 6.20992291417544 4.71962357670224 5.31872581408683
  1112 4.01509034045781 5.29597567999907 1.39265324617432
  1114 4.40949139824395 6.15614259527656 0.52941040803961
  1118 4.86236661764356 6.11693177191496 0.77860131029221
  1122 4.27926239849842 6.31545351603183 0.63812771904884
  1126 4.70920753470371 0.35662615115396 6.97403844513164
  1130 5.03686852465925 0.35956873636617 6.90298174397146
  1134 5.31848682813370 0.47443572508933 0.25899741448879
  1136 4.30696442396608 6.79044866699656 0.04621950008303
  1137 4.16933725979996 6.79890584326106 0.31636216954500
  1147 6.66296295303226 6.44941067484806 4.70884637905407
  1148 6.73006675584335 6.83413204925619 3.97289665168499
  1151 6.77605758559294 6.21234568989390 4.79157649793374
  1153 0.33594775007281 6.52209899475527 3.59495030650323
  1155 0.48135992001530 6.80886858344134 4.02026324073636
  1156 0.80208600143328 6.49340676565159 4.33292873517916
  1168 0.61155210500750 2.87555975304602 1.94877221095568
  1174 6.44173895409269 2.82660779092919 2.65076589764739
  1178 6.65232474054421 2.27849191750052 1.55505122462695
  1181 0.01267237967199 2.56179674943757 1.38076816044829
  1184 0.53194749713136 2.88112943371746 1.68719705023828
  1202 5.43162295908390 1.60989103513775 4.68752689316693
  1207 1.70894396683460 3.33214705363108 6.69594275700578
  1209 2.62864919019149 2.98355910407193 0.06344976106200
  1210 2.34242486339702 2.47023243007508 0.19734042269213
  1211 2.38873275629270 2.16355348824124 6.75130806746461
  1212 6.08804707629112 6.51942845233086 5.40157753519674
  1214 5.20821197647163 0.23607398802441 6.23426969478901
  1216 5.93939341463417 6.70128319797785 6.23468252579317
  1217 5.58874456275796 6.30481101468574 5.47852288676851
  1218 6.25434236094536 6.74552934693038 5.84247586669818
  1221 5.79095493593276 0.01788121697668 6.37497469776546
  1226 6.14410785819871 6.77145713904043 5.19323544905034
  1227 3.59839631743089 0.83066713851555 5.80182295421032
  1244 4.06415379777434 4.08328334663368 2.08729282783524
  1249 5.49664729329731 4.21904596954881 2.09847085005313
  1255 4.41408044919534 4.41772027614535 1.87730985079577
  1259 1.22393759700645 4.55170921294983 5.58932059989812
  1261 1.18207304687609 4.83499473030035 5.56390643860898
  1265 1.43355668109365 5.12223642917085 4.95224045765078
  1266 1.50429619167893 4.27565177144954 5.00775828178360
  1279 0.45708828777539 3.49537439123915 2.57434625516764
  1287 3.19395414979167 3.90740811435304 2.65785690398708
  1288 3.85815264688112 3.78727075650898 3.54315921305424
  1289 3.42460213931451 4.19319105225382 2.56268942795212
  1293 3.14077549739058 4.58488668159441 2.67113682838035
  1294 3.61033333254393 3.63485276884597 3.04141731491314
  1300 3.60378260473132 4.19901762034652 4.03170563660251
  1303 3.61598912455289 4.71134074285458 3.03165631812092
  1304 5.55797220884394 4.29891456230422 1.17637607724606
  1309 6.52023108556277 4.92369648972851 0.22838148907610
  1318 6.35607803370447 5.49977778275792 2.32115844384785
  1323 0.34578757391801 5.14420680322849 1.63779891706170
  1324 0.51562555315805 5.68755391453623 2.68216374086102
  1325 0.68431759819762 5.66302214454547 2.26948802820539
  1326 6.80619325180772 5.05593169638121 1.62375823077222
  1328 0.27613323928230 5.08006883704579 2.72503362059289
  1329 0.03464451659629 6.05244137841494 2.54354903558267
  1330 0.35863926768666 5.68751700520715 1.59257134295568
  1336 0.39311748096400 5.45939653456019 2.83572755391846
  1344 6.56424913917648 2.74418396467678 0.14136044066056
  1345 6.65565452345950 2.84193313497691 6.62241946203260
  1346 6.81682031158998 3.96099542684033 0.23131615513689
  1347 0.36255009050758 2.66512931463688 0.27199614615136
  1348 6.89319677825484 2.72739829201490 0.43375801660557
  1349 0.26256029418887 3.55105267322101 0.57053552062253
  1350 6.78585854743384 3.12491246302659 0.65234087536623
  1352 2.09740300666893 6.54341472926224 0.71817596324639
  1357 0.70223705146658 5.93660293375371 0.96321336671824
  1361 1.54733272442165 6.67827554212356 0.33666011306037
  1362 1.24838982819259 6.47056809973806 0.27563376732624
  1364 1.74250012966073 6.71957859839442 0.79551778037101
  1375 0.11423804854042 6.00802063782262 0.89160367433063
  1380 0.01834149184433 5.76892555246400 0.55910801584467
  1386 0.95325576380570 2.31067839340259 3.52512030801820
  1391 0.57251081726305 1.74010655622240 2.90302644988743
  1401 6.20541454681605 6.23568679768078 5.29668048815928
  1405 6.39847503532473 6.44763467664040 4.80642469094914
  1406 3.63531052287400 0.99506716744200 0.13798662603237
  1409 3.73792817847433 1.04390295538430 6.70240692958134
  1416 4.35691188477622 2.58761767602502 3.16184954422806
  1419 4.31000816773765 2.00441235351019 4.23464298242167
  1421 4.76108429495823 2.01579077759698 3.99937566731829
  1424 4.77490858597788 1.57454975508268 3.84672927716864
  1430 3.97036065344955 2.38370850589421 4.06134833970002
  1439 0.06535414048982 6.86844761773709 2.89110411330689
  1440 0.83287790771939 6.55005817848982 1.93800510880216
  1445 0.42454749899652 6.78830548851158 2.02324925319894
  1446 0.07585897328591 6.56724078129499 2.13110913387097
  1447 6.90017578242013 6.66509158789348 2.64182231299834
  1448 0.08355708744906 6.66457700797056 3.05054710452498
  1449 6.90088758222480 6.48626822092751 2.77231659245033
  1450 5.77665856370627 2.40087129975195 2.85902053279008
  1457 1.46586932283390 5.45993317074952 2.40583075844853
  1459 0.67030175926041 4.31889127361667 2.06798913559065
  1460 0.65990482390972 5.51074449307709 3.01589125803362
  1461 0.56540552756924 4.33110473186352 2.13132585027527
  1466 1.40870741866891 5.41751668965870 2.20407356028333
  1472 1.93771108676778 5.05991101270830 2.89706649679108
  1481 2.29826036449715 4.86511103939531 5.85633000349489
  1484 4.67413998864169 4.50194537713162 0.30222642619354
  1489 6.08185874550791 1.56543455901714 6.35507173429346
  1493 6.74541156287019 1.88966275832393 6.35534044163025
  1496 6.01572913522837 1.22022078601636 6.45600657080340
  1499 0.29233788021206 0.90040286470142 6.62708194750166
  1502 6.58415919774025 1.80019217956650 6.56171670115210
  1504 6.09917133326717 1.62549595629793 6.05637114956072
  1508 0.30899143111964 1.57514202853986 6.46630398939114
  1510 4.46698926096869 6.95950481663666 1.30754622185512
  1511 4.63762197237740 0.16128534315651 1.61662906525961
  1517 5.87630673311025 6.36186706902322 1.83438596606563
  1525 0.09439914944381 0.03985584799241 1.59238779745742
  1527 5.88855192805651 6.15655603156682 1.43770927161592
  1528 6.74568200214928 6.47346918535736 1.11671255317774
  1529 0.10371493437310 0.04118418752930 1.39953991104485
  1530 6.46415980644037 6.85920019898016 2.09377374836174
  1532 5.49305716554226 2.62610529735918 0.70749499064612
  1544 2.99340322853146 3.51840646545276 2.13284998217218
  1549 2.43214202794751 2.33357328886682 1.94077256284833
  1559 1.80999472106726 2.33914332398879 1.65255524374468
  1563 2.33725885077756 2.29114680839004 1.65761213326919
  1566 5.13640482612642 4.80871991075169 6.44087030888916
  1570 4.96512125065292 4.38867485627185 6.54160103918380
  1571 4.61280628453711 4.53403224681641 5.89061790619499
  1577 0.90006798490805 6.14215774752344 5.28044914414010
  1580 3.67381324044596 2.24074013040710 5.07129069411994
  1582 3.49135897653527 1.25771925049626 5.62059333257332
  1587 3.70341721675262 2.50800406370084 5.47102804193263
  1616 0.99189964472607 4.30485907293304 0.50043293766398
  1617 0.85925829361237 4.73342619185024 6.99758382203145
  1619 1.79091361960436 3.78208460490071 6.54847592062478
  1622 1.59548834778726 3.55678374860122 6.68182659778086
  1624 2.02216568832258 4.54047173298200 0.11212128891465
  1639 0.75291137044124 4.06577448434172 1.53901161325683
  1642 0.40596868027736 3.65262839902149 0.76609705826909
  1656 5.87041069666050 2.01264580797202 0.58540396551839
  1657 5.74320185998404 2.08302101715710 0.78406237004540
  1663 3.72651720949051 6.82112464315160 0.24891408761252
  1666 6.13558347539863 2.94419089999327 5.76604627049101
  1667 6.12455051879134 2.85725046514214 5.90249920076376
  1668 4.80097487306617 3.43950973364762 5.76349294071526
  1671 6.08815416857379 3.40037898529088 5.72466172864534
  1674 4.75471948441433 3.34237013630401 6.19764708450857
  1676 5.76685607466110 2.75753068284046 5.56325918140137
  1677 5.39275366508143 3.08417911948484 5.35381619179975
  1698 1.44574021973195 5.04485776389104 5.85310494547907
  1699 1.62332135860982 5.91205961472433 5.20249893606576
  1701 1.85628447587150 5.48747126170594 5.44752628441747
  1702 1.84311735207003 5.45649625876897 5.58912262674240
  1703 1.29903963490989 6.21088531889576 5.45499292956061
  1717 3.68587485547721 6.32835244421988 2.26466308085100
  1719 3.51363912617436 6.77534994672744 1.97084352181629
  1722 3.85496069454611 6.03712292739633 2.16456577388841
  1723 4.21506068640779 6.72483072904954 2.49595772498389
  1724 4.36461653174115 6.09137313004489 2.32284569700691
  1725 3.91478622817885 6.74021186355973 2.47045183855362
  1732 2.34577943952906 6.07100160179057 5.19896277456008
  1736 1.90241816546161 6.14990103008348 5.06665809022223
  1742 6.92448043779109 5.88680791049942 0.40624550030928
  1751 5.43891540345691 4.69328655353203 3.19031937864531
  1762 4.94155093230545 3.66159565546142 4.05227532602409
  1765 5.19651677109012 4.81016562577078 3.43425205363843
  1769 1.85736417989514 0.71178479883920 5.25437211652130
  1772 1.39331936420663 6.91023114344256 5.25091473083025
  1789 5.41356684538150 5.19112177952130 3.24711957785433
  1792 5.20065882468899 5.08256355050841 3.42524177992289
  1795 5.42536122303346 5.69909204030246 2.69724517545067
  1797 4.30035865661756 5.36094562422659 2.83682685866626
  1798 4.84726784187415 5.77376899108444 2.43981629335105
  1800 5.26503314953458 5.20124463915961 3.59158449868789
  1804 2.78670374865013 2.00710876585126 1.25852367172250
  1806 2.51971316207627 1.96341221771397 1.59894767095053
  1809 3.05949065808621 1.89931979573646 2.19380593369479
  1810 2.65999673440533 1.96943688270930 2.00067108684841
  1815 3.01434596039589 3.41434121167821 3.77002021335559
  1835 5.52587586601218 1.86892229859592 5.64210718100392
  1843 1.94198723751119 4.86723806863336 1.44739709072539
  1854 4.21946317000183 1.06257909317434 0.27232296050971
  1855 4.97449109231122 0.51709452240518 6.59303030597689
  1861 5.80336709099996 2.52142712798817 5.14050259791560
  1862 6.34380359307123 2.51261903714105 4.98377143095081
  1867 4.70169973813039 0.84024367154104 4.38871890268388
  1883 3.42205274005603 2.22213577102337 2.41165759737667
  1891 3.86852946332763 0.93183088742837 2.96150546593297
  1894 5.12940895400223 2.13292748466290 4.28031234485988
  1895 5.21681788181003 2.63143477891622 4.58527696847964
  1900 5.07683460286413 2.22592974863726 4.64994759577977
  1901 5.24311858245566 1.92999354648754 4.89800386212831
  1904 6.20384028150084 5.40797062344354 4.43273534811917
  1912 4.50756912768264 0.86861395152181 4.76783488063191
  1913 4.71522677606011 0.80865056934825 5.28269595759282
  1915 4.68032831407764 1.00264811574644 4.99383711953526
  1924 3.42409807388091 2.81475445529614 2.34744753296928
  1926 3.67799573102877 4.12408715300760 1.95590819998459
  1927 3.56452913651904 3.89899218833324 1.81526428816846
  1938 5.74659152646815 6.22484064084765 2.33855403038509
  1939 5.80991316665105 5.83962127531738 2.48420938420552
  1964 0.23900014778224 0.87539829905458 3.78481904017544
  1965 0.70738238618972 0.19748227706109 3.95887672219362
  1971 4.72636836379957 0.25553709828352 2.57135710461655
  1973 3.89282528732651 6.89103557544789 2.83944831949569
  1989 1.47112373071669 1.90556052080292 0.60528068621719
  1996 4.14566480636901 4.95707233360578 2.86445498255115
  2000 5.90321778978003 5.62161606518985 2.27622099474029
  2003 3.06960345783618 3.10075897980582 0.27298055565174
  2008 1.55183213619752 0.67112492006656 0.09075581746722
  2014 2.40398607428281 2.39232872002288 3.14613792461766
  2024 4.33233764508875 2.75589071349636 4.98717214520132
  2025 4.10739338976705 3.45214503869111 4.82300871569763
  2027 4.34954946407093 3.62679016576051 5.51401685445744
  2029 4.29819022392170 2.80146022484477 5.13037331220094
  2030 4.09904248001960 3.29951566592319 5.17570988752417
  2031 4.56243040780111 2.67581547078056 5.03586295614572
  2032 5.08307742880113 2.84360628399617 4.67780622714009
  2034 5.43230492204476 3.30645673027736 4.68352099646006
  2035 4.90718108919727 3.51696412985845 4.37916600880430
  2038 5.34397919940984 2.95867035844653 4.79673990341926
  2043 6.11786955221216 3.75124516817672 2.88087662017932
  2045 6.15285424926066 3.30518341328591 3.02198240576317
  2057 4.50390574599799 4.91722218983410 2.14222949348563
  2058 4.15177857248658 5.17959275922381 2.72005293566455
  2062 1.56601571153042 4.89375779926759 6.47395570367944
  2063 1.55642892240632 4.16997812593531 3.98356582674180
  2071 1.47086286124754 4.30987242460875 3.73377970824101
  2074 1.31656829776619 4.05148691322251 3.47679266266493
  2084 1.47972397323102 4.48885045639638 5.86624872664304
  2085 1.59953964114560 4.81931965297039 6.00409545308232
  2094 0.21173025054339 0.44495847248433 0.19451200286906
  2096 0.71047650766867 1.17796034397715 0.07734059980076
  2097 0.48882042495850 0.81945440584973 6.82468838239364
  2100 0.53793124413440 0.04372408711386 0.29793378996632
  2104 1.24678433323556 0.92351700394763 6.83373024176053
  2106 0.96945677094732 0.22400189746599 4.04143954710052
  2109 6.77219534134814 2.57818745685017 6.30580543926264
  2110 6.56794111816284 2.72792920731960 6.52767562201871
  2111 6.33761645968684 2.32422654621404 6.85710548890860
  2114 0.16662580160544 1.82948402348681 4.33371723503075
  2118 3.85514588583055 4.60153787430240 5.21063860045875
  2119 6.36699240352987 2.39731635373904 0.14814985278917
  2120 6.27937188018144 1.93134657740090 0.72463220300866
  2121 6.83894622246167 1.68040942810230 0.33186706566905
  2122 6.54649118082343 1.43876101894936 0.58623118658120
  2123 6.59050598495472 2.15527515235409 0.45628688513269
  2127 0.68546098373663 1.96912998871713 4.81886968105488
  2135 0.51202612012791 1.99661075250867 5.29294740051824
  2141 0.43616982092456 2.43484962787114 5.38571015622080
  2143 0.62380336663049 0.79058849827843 4.91420591962953
  2146 5.52918062501249 5.92543726946837 0.18703333467537
  2153 5.58917094023555 4.93425238714984 3.09659519951362
  2161 6.67013372760792 4.89306682912877 3.81935785990192
  2162 0.27704257856250 4.70310809450355 3.91711506778837
  2171 6.77911538368508 2.60483948065235 0.99623976553987
  2173 6.89560575879190 2.48781475264263 0.60373355786256
  2178 5.69936674859521 5.94746825538043 5.35615739065824
  2180 5.93247986620394 5.40812910408043 5.77470933233485
  2182 0.49294272508587 1.55454139519130 6.94555038319610
  2186 0.31758524574164 3.84480600096633 2.55001780831630
  2192 0.23301291592092 3.95393109604388 2.88506522839906
  2203 3.66279326151811 0.56835243849249 3.80599710712658
  2207 4.38845509939540 3.67134326848072 0.41726997251907
  2218 3.99065834117423 4.17923716061795 4.66882422175251
  2221 4.35216708037244 4.82090881288051 4.63368805507074
  2222 4.64831496293828 4.39554599325651 5.62509833833737
  2223 4.25593869419322 4.42537186247280 4.33753093052918
  2225 4.26810145860359 4.30720887811347 5.49523438913814
  2227 4.03510628228965 4.50787425791300 5.05665168542984
  2229 2.46470240317073 3.59222644759919 4.51084028055148
  2230 3.21165047804038 3.48667169809626 4.93134752307718
  2237 0.80395240865085 6.77337157790515 0.08139546898235
  2238 4.70105306708584 2.19964795705369 4.87098546096784
  2251 0.68936810270023 1.39562978654506 0.07930487700997
  2253 5.55867834674827 4.79469936792484 6.37554173965582
  2259 3.67424691903778 3.58770368506729 4.62805142079301
  2260 3.69757745412726 4.07862441849548 4.56529717415441
  2262 3.63280654657050 4.37792358294829 1.71006044585902
  2264 3.72995664739174 4.21282243409934 0.95023566673950
  2265 3.46244636839814 4.19787398423742 1.43126707362353
  2266 2.91293166820536 4.48684837207092 1.29999450851733
  2268 0.60932457128727 0.68604759308979 4.87340769114603
  2269 4.31624719328941 2.08139619703653 4.68971747352862
  2283 6.57770896150016 4.63015442858597 4.02211361227142
  2285 6.94406730435190 4.48252234283841 4.86699432269959
  2288 1.35690489781491 1.41841371885691 6.72824326963921
  2289 6.53879580281125 4.14517831376496 5.91148805018542
  2297 3.04813670706844 3.34808110079749 0.40824054213411
  2298 3.13656058579544 3.29883400502001 0.76514890752370
  2306 3.79102049375907 3.86154883865706 0.83775841677170
  2308 0.91336746937730 0.36870290285407 6.23018793722986
  2312 3.43431064321954 4.02449636999925 1.46973007555507
  2313 3.67670982571917 3.68748995369905 1.02678229969196
  2337 5.31025974943327 1.80382342629728 0.87723208390184
  2366 2.80057121123146 1.05989529880215 1.02223130712276
  2401 0.68250817144813 4.38679662950645 0.91944222312877
  2402 0.36224927170893 4.02353264866449 0.97740895450542
  2425 2.45791368493284 5.81707100336795 5.35181649864418
  2428 4.38695564126459 4.55777338456943 2.59118627779298
  2430 4.55853538699725 4.67037637607475 2.20639648164205
  2436 1.86516015198199 0.04647152426225 4.94771820542273
  2455 3.09465217052805 5.43339714056791 3.36965208736420
  2460 5.55516780396609 3.97753049875693 2.26414863764872
  2461 6.11113970313598 3.78431000134671 2.51537225065864
  2463 4.85306690980843 4.92109549193573 5.93933555169736
  2464 6.15020175513271 0.79636595920892 1.04259956673027
  2466 5.25279653228701 1.35418369685329 4.09644127233830
  2467 5.43376558203476 1.68706811912372 4.32044722233874
  2493 2.32211122059739 6.72887512175981 6.98081576269546
  2495 2.19034781056916 5.59839986566812 0.44494640796923
  2501 0.69379409175650 5.40045551151040 6.07111881126972
  2502 0.52506382666160 5.80885932416557 5.76169525029023
  2505 6.57316972495504 3.14019272775781 3.70918697464029
  2506 6.64955773772262 3.23300765024078 3.33418188349160
  2507 3.21179757495334 0.85950888088653 1.26246255348562
  2513 3.43178683927967 0.26959521707319 6.76084523415915
  2517 1.99552557546867 3.38678734263062 2.35593000551695
  2531 1.54634045137084 3.89954849979016 6.16523168997275
  2533 1.36720887903182 4.28783557901483 6.13619446315394
  2540 3.08742760164444 1.63501785903554 3.22620892194984
  2541 2.99231030239469 1.96086566978427 2.96513916461786
  2546 6.51281950225615 0.23985010844613 3.86482949166673
  2548 6.64462445862061 0.50478634867083 4.04182815675056
  2561 4.28291194720962 3.72304038781838 4.84558688294920
  2584 4.13081860752592 6.34947248096443 6.39274090084763
  2586 6.00018966854872 6.13786077608820 1.61053902519573
  2587 6.01930976160706 5.78573778868108 1.70781759845468
  2588 3.43356378560628 1.76697609389485 1.99552262017137
  2612 0.42672111527913 3.40301800725654 3.01633028480345
  2620 0.82669883946919 4.74657261137467 1.85792807428338
  2621 1.38403942193109 4.93865966476888 2.03378207630837
  2624 5.99592033995510 1.06728232980778 6.21906249867812
  2632 4.59176473788525 6.95249679044627 1.00543032428335
  2645 1.40125949974861 1.77080253303828 1.46946563564954
  2652 1.17181601972749 2.28466542220455 3.61230025689272
  2664 0.50587409932931 6.80666736581875 0.27025754098767
  2670 2.52840047171738 0.67972511281420 6.29645914077341
  2683 4.02478170483939 3.70062472119101 5.84409518485945
  2692 5.52074191603981 3.45714200634010 5.36817893688174
  2694 5.53583218777593 3.59350644356096 5.01955865717683
  2701 3.31644851696961 2.50526098385438 4.41464210247605
  2704 3.79745953868466 5.40196830821270 4.58578168666453
  2709 3.20483696570816 1.23207895600125 6.19021645693381
  2714 2.30632393742406 0.28175852954378 0.97741253773955
  2716 0.76858401559299 5.84015377719275 1.14902323417072
  2732 0.79962605832325 4.31624822806339 5.68273057681630
  2733 0.71443552284967 4.19222681955149 5.56120054170517
  2738 0.12508081673778 4.43107955944866 4.12283352024069
  2739 0.24071345137869 4.34886797088727 4.52960382386953
  2740 6.87230189782031 6.89624737174668 6.94943363033607
  2745 3.47986304105676 1.11380977807190 2.02978410932245
  2753 5.71001736036713 1.83925477108256 2.32716948781845
  2756 6.39371632601771 1.00745952439185 6.82449145284716
  2758 6.56297066205499 1.85713091390043 6.00938143027710
  2759 6.63171551473870 2.58448825891178 5.98171364378850
  2763 5.12464959852564 0.89456118906266 6.46615620195629
  2778 1.11673612941780 0.38431753303659 4.36417712081773
  2779 0.39107844940342 2.29289401987735 2.53547665349646
  2780 0.58358932781680 2.30943173392330 2.19912279283070
  2795 2.76144868722696 6.95944168621997 5.03539678745266
  2796 2.83386862586700 0.05105296830776 4.56716556228181
  2800 0.59928557428722 1.85184959880994 6.53924924803343
  2802 0.67109370310268 1.85046687561919 6.73523551865397
  2803 0.89226044369602 0.57966818150485 5.75980228251963
  2812 0.67256016098269 4.94456356243822 1.22606521197064
  2815 0.42472363974709 1.69930998934851 4.62208082819839
  2821 3.87306415182458 6.47248741873913 5.09507343108556
  2822 3.99066652512028 0.14337188952094 5.24178702297065
  2826 3.60955386658611 1.18182885706551 4.30613361304259
  2827 0.81368893840540 5.32867958911925 4.87387830019229
  2832 6.56939140154059 6.63629085514427 4.04435089231888
  2833 1.34500894434039 2.20133258877446 4.61198963341036
  2834 1.47186323783156 2.20960405277651 4.36329671554223
  2845 0.56296707056676 5.36223480760637 6.43607394905146
  2846 0.21911234079556 5.81323578880973 6.59825159438862
  2854 1.20207274098709 6.13401192264312 5.82679981925613
  2855 1.44564886894390 5.76995642901177 6.02916312395415
  2858 0.44077972019752 6.58842299264614 3.22851138299195
  2860 1.39426411819353 3.36276679745806 4.35820079634437
  2866 0.99189538132422 1.83597837680021 6.75433215220866
  2867 1.06997265830055 1.64830933178125 6.90729778092983
  2870 3.10643360058364 4.86979524250744 3.55571498903336
  2871 3.34372937535206 4.84195813280581 2.98498197964310
  2874 1.95066936135140 6.78272844587602 6.86971759980863
  2878 3.71969096561615 6.14940837568133 6.32154951602392
  2881 4.08754428498541 5.11836410449043 4.08706969736596
  2882 0.26638339486861 3.14511973547080 6.16106477557366
  2883 0.14602292298206 2.79888668989236 6.09205943990157
  2886 0.79934898715269 6.23510687276997 0.92580483219784
  2888 4.73002646187116 3.24288216876181 4.35979993699447
  2889 4.25510560964705 3.17528656458115 4.61007326967549
  2891 6.85958726189683 1.95729762261065 1.73275889549448
  2898 4.00005321922882 4.40716134541995 0.96497400324129
  2901 5.94032718526021 0.09058465769237 6.92965025859343
  2904 5.20910769663526 1.09019917580124 4.73389480244932
  2915 3.52186994727352 1.44017104494140 5.03488882793477
  2916 3.72651057557040 1.14460740507942 4.68326779342253
  2921 4.47726223040026 1.05558976900968 0.64593265443460
  2930 5.94231846411671 1.74840233918239 4.12567302412450
  2933 5.46848649699611 0.48722738331040 6.00029515375712
  2941 6.49273071543747 4.94055107336811 3.37015884167305
  2942 6.30300102016576 4.76684060331605 3.22146549823049
  2966 5.63972184626090 2.77242008156846 2.87831224371995
  2967 0.51288021869781 0.24410784140318 1.05037961678146
  2968 0.43232423770404 6.94310123725430 1.20810234997769
  2969 5.27825962833216 3.81020435901020 6.45900396814557
  2980 2.97348345203595 2.91268011911882 3.57771066309256
  2981 2.61256501703428 2.86440712903590 3.36222225658719
  2982 5.76404571126303 5.05537603773553 6.59180256913961
  2989 4.23703708725507 3.49114741286669 6.32727026723219
  2992 6.26625399050185 4.00630862616949 6.40804191249734
  2994 2.74894276469758 5.28749587127602 2.43606092472238
  2997 5.98579852290447 2.22845183222210 3.89168889115187
  2999 5.64179554720141 5.67715308244767 5.57040718876267
  3001 3.65541718370702 6.13675335677830 0.74876519871314
  3004 1.49676778476169 4.74422187311366 6.57503735732910
  3005 1.03812012897481 4.86155594192104 6.96463496478661
  3016 2.71110607044060 5.25035038392254 4.74167363410420
  3017 2.43965451170015 5.00205105194329 4.91059508789697
  3020 2.58102767497662 4.22097271604263 4.76191634495582
  3021 2.55670804699976 3.91675201481268 4.87408814901873
  3026 3.99954800103675 2.69137175194182 3.33017257649351
  3027 4.21298921988789 2.72743400292232 3.66368177589819
  3036 1.82290183563333 0.31913998661484 6.33729408345575
  3048 3.07931537717775 6.56733792866495 6.34714811456496
  3053 3.50140679100836 5.82059475508454 0.64095796402965
  3055 1.19473348929844 6.80857092728343 4.31234009139760
  3058 6.50681318881793 0.32868857216193 0.99014477599521
  3059 6.61648695331760 0.58054028223473 0.68277879269397
  3064 6.81433010949765 1.49189337788042 6.84459568231435
  3065 0.26575678578951 1.41437730171851 6.70258240469756
  3068 2.11989229757671 5.42368590929657 5.58146355310417
  3069 2.12437564255886 5.44792139078156 5.47002210616385
  3070 2.10998078102110 0.94288526823746 0.20307858813158
  3071 2.02760321316743 1.40182537300533 0.07082014621151
  3073 4.34098688079801 3.46830002414205 2.54045043749160
  3079 0.97918500509204 2.39745150305954 3.24770446986339
  3084 3.62957564872512 3.41229256676014 4.36121548071367
  3085 4.02256845341677 3.09662228942314 4.34037035581892
  3094 1.50695954970597 3.80551679697064 1.49503601981540
  3097 5.31228649213269 2.02362745994148 6.55468168917670
  3098 5.57657382727800 1.86176019897556 6.68735077442500
  3101 5.32408227703842 3.85956773785583 5.04060611163630
  3102 4.81393024196045 3.74834541780771 4.54431347160351
  3113 5.77089875530880 2.23051681607812 6.89469365613428
  3114 5.88448702841931 2.32667653578982 0.26820104354834
  3127 3.55350557664326 5.73785735565285 3.86550031247587
  3134 6.09213970865351 3.44075852229033 2.33497376254619
  3135 6.11876857652308 3.10967411251779 2.75620944197047
  3136 6.89616089713245 6.25706546006043 0.53892274206682
  3137 0.19207551142569 6.63531975541768 0.09989596050072
  3145 2.24677327856507 5.20427883453257 0.58752432103562
  3147 0.99802708966128 3.78478761113157 1.64463448003722
  3153 4.32247734359109 5.01205196988360 4.58185946846917
  3154 6.42549136629939 0.19837553998607 2.55123030115606
  3155 6.47647854170363 6.84929323226447 2.47962517179633
  3157 5.98015761361309 5.86572472452520 4.57338322770520
  3162 1.51717771086419 6.61382416387254 5.43894604521128
  3164 3.37141048085212 2.23656588716502 2.92893894143195
  3166 0.58766238732405 1.50082575779368 4.50800768620656
  3167 0.53041091270898 0.82967534030013 4.87146044268675
  3174 4.90165482943548 4.92890624181409 4.74329890744682
  3180 4.98475647282959 5.93096757012100 6.51648130450359
  3185 5.46187635128635 3.48389385434088 3.47621657498401
  3187 3.06845827065373 2.38225018687726 6.30976509864502
  3189 0.96078145976789 3.20096555453182 6.04879684587567
  3190 1.05311039315414 3.43932904627598 5.84908773156824
  3191 6.65332970827170 1.69548384165148 5.76925778052329
  3192 6.80569557262867 1.99463294731070 5.38131272226322
  3194 5.41622559570618 0.57553144984738 2.47354436149952
  3199 3.03846781759411 3.59643055257573 5.44069046597453
  3203 0.51555405567916 3.66799202443576 6.90274221935996
  3211 1.25845197832255 3.76972020290319 6.16110697489555
  3212 1.10674446973191 4.16973925646329 6.13470992605425
  3215 1.31839065156148 4.36953042298629 4.41973111078319
  3217 5.68109659853794 4.26221817995075 0.45994369699810
  3218 6.05884217229284 4.37738908861356 0.18132932041118
  3223 0.36147344485325 3.87920343824441 1.25100442669758
  3226 3.11828369006895 4.98227119999503 2.44980372826858
  3227 3.34385037204371 4.97345225758331 2.92395337380157
  3229 2.32037171041115 3.66088783859600 3.05276830993852
  3234 1.02814516852231 6.06822346113089 1.42692581558773
  3235 6.40876952684027 6.87922105188011 0.18535222424280
  3239 6.36283588256000 2.51010142987500 2.67240129869093
  3241 0.60376773943018 1.78561231398302 3.55540609658422
  3251 2.35315349145115 2.37866049782609 3.21914979934809
  3263 2.33022230851534 1.51205387089050 1.47022480161268
  3268 3.55524356902631 5.43733504853795 0.74591277047132
  3269 3.91737015187601 5.27500453055934 0.80969276953676
  3272 0.59474122998102 3.55491727121094 0.57997190771919
  3281 5.55080514747154 2.72043626436186 0.46764818231451
  3282 0.85363499586497 0.83287724401212 5.67169705308220
  3287 3.68371322560796 0.00477749426186 2.13038044779540
  3293 1.74105771703613 2.39013561903388 1.90410765889380
  3296 2.84834732286820 5.43799808096889 3.69093183284519
  3300 5.92265369911655 2.72336509056872 4.05725315536141
  3301 5.97343051468420 3.08951787143206 3.86882030510807
  3302 5.47234791955477 3.65931843595657 3.85277327895106
  3312 2.56176548115862 4.84748156584463 6.13827087634555
  3319 1.48736486621611 0.61598642274982 0.63171441523806
  3322 0.13305799618251 1.44717051293897 1.48698109875828
  3331 2.53741754103785 0.04476947000383 4.34166984703892
  3333 4.80991972087499 2.50119967895242 1.71504326505527
  3334 2.74212787826204 4.86223955414599 2.30982139346061
  3335 3.07579226302420 4.84652229752671 2.39773128974576
  3336 1.84167298095974 6.57614170485256 5.23626997811392
  3341 4.22884939156372 3.13745341594612 3.88634161104114
  3342 1.05480802160238 2.98651953391174 5.10827161875544
  3348 6.90456822439587 5.78841270143857 1.48283949812833
  3349 6.63383633222140 5.45316420996430 1.52870848697327
  3355 0.21854964323296 2.36019764524383 0.56228880501435
  3356 0.21034587645905 1.72568047517000 0.38347387277889
  3361 3.23457346260362 1.43065462853841 5.92804605999070
  3362 3.21834506220011 6.72613121898083 0.67882905596920
  3363 3.44203209720178 6.41444185460174 0.51050877283826
  3366 6.15744191160697 3.67497260241944 4.27659601197792
  3374 5.99900774909061 3.44583360050928 6.43520088411408
  3376 6.06582545442380 2.97352918329769 6.23995963594991
  3378 5.76475226001064 6.84252971688100 1.04763200374495
  3386 0.34237681509197 0.02163930567616 2.86402808458195
  3387 0.22430652409453 0.59141391358050 2.94871452369126
  3395 5.47037311586168 2.79420330182147 4.72875356407530
  3396 4.42241643180580 3.80699440430650 5.40543041737546
  3398 4.45315747224089 1.51726375192415 6.64604354833313
  3399 4.24045829195264 1.11446643955849 6.75468174483110
  3400 0.64323457716882 5.91020772488739 3.71998082306817
  3401 0.48686049553588 5.70846514283771 3.72224558689796
  3406 2.41248495133434 0.77271325983563 0.66251443780737
  3407 2.16246989788447 0.91123131575009 0.63317782536276
  3410 1.89196010221219 0.97248459185603 1.94577735828902
  3413 6.13601792379388 6.56789906870649 2.69407247348227
  3415 6.87513846902610 0.87426051578538 3.69472421338520
  3416 4.00114170413728 0.29116994215442 4.91779216081013
  3417 3.94169553030797 6.91431900447559 4.53849999229911
  3431 6.37825551595481 6.23680217517582 4.89470370541955
  3432 4.49670861871373 6.30580841520135 4.34114350254303
  3437 4.76594169118649 5.02382166604211 0.22087750381248
  3438 6.46526575222153 0.81478275958433 4.73536597713328
  3439 6.74009792525643 0.69524537591616 4.94942917520490
  3442 3.56724160158569 3.21851925049778 5.45917206035357
  3443 3.21804039208618 3.31818954819002 5.27676997953794
  3444 6.62005984991882 6.27388919929461 1.55314989785040
  3445 6.82268361354127 6.68770652211122 1.88489470020387
  3446 5.44252804539633 0.81941319542267 6.06953319274607
  3447 5.34846632473642 0.97435972358748 5.78884500803477
  3450 6.95408880121836 6.57233853633184 3.59032949567281
  3457 5.15846619587181 0.14364915886998 2.45579627129037
  3464 3.33214403416514 1.21808678474859 5.30060192006974
  3467 0.96834516667991 5.74164881581275 2.28067545363343
  3468 0.79770650401916 6.06386120821309 1.94589540882804
  3469 0.38836899960994 3.59852599388305 1.17721488921931
  3474 1.02784782623839 2.62568688399459 4.62944686540023
  3475 1.20445075559472 0.04658960320585 4.17224817820722
  3476 1.50406920043577 6.90908402543412 3.56605123797861
  3488 1.61131880064953 4.06935542652185 3.06220357355794
  3492 5.63260287327834 5.62407631893065 4.78730336737172
  3494 4.70070203140466 4.29486671384249 6.92525070270834
  3498 2.14679715714201 2.57557093511410 4.32442238151009
  3503 3.40696695429586 6.84088521174533 3.41478318286786
  3509 1.86355085037550 2.91275897092336 3.63460313379730
  3510 1.85399885078544 6.51274412015057 6.38533498963264
  3513 1.56743066343833 3.47106862782588 1.30062424293917
  3515 6.18746421301934 0.85384286251175 0.29812218513011
  3516 6.19732531454683 0.99578340167412 0.22762970331999
  3518 3.41039867013349 0.80105910779669 4.17515143909371
  3519 4.01864139612869 3.19158750619567 6.43349845386602
  3520 3.88560377679726 3.22923064988506 6.76908639018919
  3521 6.47466519535563 5.66748227794063 1.74096331258034
  3522 6.75463348685214 5.94466246685896 1.66204220443221
  3527 2.52204198191240 3.73369799290717 2.07991406866600
  3528 2.70695817068940 3.63321381164328 1.88744669922481
  3533 0.86581394010946 3.46680743610280 2.36488949648572
  3543 3.65290584836780 5.93315427786348 5.87568138267045
  3548 3.21139263477611 3.72888040172783 5.75010032023837
  3549 3.58892003172351 3.43018716710082 5.78353766748082
  3550 2.32256358680492 1.04576872242254 2.21787440315099
  3552 4.76643941449176 5.44986981270269 6.58041603947390
  3553 5.02758843564223 5.18878491272769 6.78782698722666
  3554 2.49056313293896 1.45412394802353 1.10493422303362
  3555 2.12322072268739 1.34131395209465 0.85499768573407
  3564 4.10629924098872 0.45886918083819 0.71682666309899
  3566 4.37786076953283 0.82119111275947 0.49896639102289
  3568 0.21470360435418 3.17575297496304 6.37175114375397
  3571 4.26985486874199 5.47878541721141 0.57786700716198
  3572 4.40928132405754 5.16614134988179 0.22550766254683
  3578 3.03121886477181 6.82834900568052 3.36440878790154
  3580 4.70982599894867 6.01813887929909 2.03016576808451
  3585 2.26928291735784 1.53887728875310 6.81994312585043
  3589 3.26823817085227 6.61604693047114 4.23896878906149
  3591 3.63077888300211 0.02014368833264 4.29616741181685
  3600 4.15809462405427 1.38556645686120 4.11242481720731
  3601 1.98110316065754 2.20013561524267 4.80622443590703
  3602 1.70691477217419 2.19743569113141 4.94645924218306
  3603 2.28016673022654 5.47271723770452 6.94597084133661
  3606 4.04887757263955 5.25097849470614 4.80514036770173
  3608 2.03843493731868 1.65492303185858 6.51936304832762
  3610 0.22114596685472 4.91389409221633 6.49552126599160
  3611 3.98067604549196 6.86177137616343 6.65319650753058
  3612 3.69307175412399 6.86589649397427 6.78117112120143
  3617 1.75285861804465 6.92005272682556 4.80233205556180
  3618 1.75851261343483 6.92420430592515 4.96824846553808
  3620 1.71088394623061 6.00750461234614 2.61672259585729
  3622 5.25127888845343 0.03027204026468 6.85226102758209
  3623 5.37371852008314 6.99610107448493 6.40173210496175
  3628 2.99145322947551 3.18253771979757 2.37637501584665
  3629 2.95656347032998 3.53221053661671 2.30313882245418
  3642 0.67505952096013 1.55505704990402 2.77833512757096
  3643 0.26764506463213 1.04599851346932 2.46200755627710
  3644 2.53042649034957 3.10818139076083 2.60109889922169
  3645 2.65591566401857 2.78260490632076 3.16334996272001
  3649 5.22599222504400 6.27645317897641 0.27591098546763
  3650 3.03873153244063 0.17572433769112 6.54174261294782
  3651 2.96693537500395 0.42315081361969 6.21275573247342
  3653 4.45631052364965 6.44825507119195 1.22508442856896
  3658 4.54300383366699 2.63598071068789 3.53199256954937
  3664 0.33686011139712 4.84769270764137 2.13320024093582
  3665 0.50924460287533 5.00823429279917 1.95954963797753
  3679 4.48619628016189 3.53596267387966 0.50375578570727
  3688 6.74096134138469 5.65617965524483 4.66206424310733
  3691 5.76766936904500 0.00912936583982 4.68093518133480
  3695 6.13645318831848 4.75187692807733 0.14942671263787
  3696 6.09767326074025 4.78526991256832 6.78669931261270
  3701 2.92251333440556 0.79446360949179 3.47247017216565
  3704 0.68161826630347 2.84103710652702 3.36195915687933
  3712 3.14053213175504 2.27305100617398 6.01683209503802
  3713 3.42452341106976 1.81361090996709 6.07788714268911
  3716 4.54434353905736 6.45913993426711 1.00636634078736
  3717 4.87842764577366 6.25778547109241 0.95247775889355
  3719 3.09104491191012 6.61707255022103 4.29644729513972
  3720 5.44998720829873 5.00438078429770 4.23482999871591
  3721 6.08199296590031 5.16846639978317 4.40084622246998
  3736 1.38794026737256 2.59630752794804 6.82948610377843
  3737 1.59722182952687 2.70305924287874 0.18723484320226
  3740 5.43890861539565 6.85031281323901 0.78761383976053
  3742 1.99526648217219 0.34675317357659 1.05771675408254
  3743 1.88788141933662 0.75573799071168 0.83179017958298
  3748 5.14267432871485 0.48526091961970 1.46546357134568
  3749 5.40219167296019 0.32511061384680 1.78215570526441
  3750 3.85056836337046 0.96959329377926 3.03104426290390
  3752 1.20137847766963 1.95792411083470 1.08753079576488
  3753 1.28045481280363 1.75526744763391 0.87264796804898
  3755 1.29297066014354 6.42784948767693 6.12180377132514
  3759 4.26515588316403 0.75490268238880 1.77195310461908
  3761 4.34103438141999 0.36213129673360 1.78386735314584
  3764 6.20630641124379 4.78159594124230 4.45729469095319
  3766 4.91678761044137 4.04409198724082 1.39584648284433
  3768 0.28112049845698 6.09544802830467 5.79475496393909
  3769 0.39320813867996 6.23058526428308 5.74171359244631
  3775 4.09119547822014 1.24312604595734 4.66496642188402
  3777 3.61376602028794 1.00686144328648 2.12371223368680
  3779 3.54465235523505 1.07207445825636 1.51935948272632
  3784 4.74868722487357 4.21451183931008 6.99973695377535
  3785 4.66382386562439 3.94971270491135 0.00306431777964
  3788 5.43550068875525 4.06250978292029 1.89944789963396
  3792 4.88672299766501 6.29726278802791 1.87218472968696
  3796 2.37858310373880 3.43591213122199 3.40216244060466
  3799 2.01555644122312 6.43462353489828 3.45199206454576
  3800 0.24549836741445 6.94944844541362 5.88454182330487
  3801 0.69691409362347 0.46254211213259 6.04819143901479
  3802 6.69622617382537 5.60994706324738 6.74114158387728
  3803 6.66753807967014 5.12359793035600 6.69766916142986
  3804 1.90779701989515 1.58467188807596 3.47724017881263
  3806 5.56399168501418 6.76299186351510 0.36774145955331
  3807 5.51052013672695 0.08105775430669 0.10445685502354
  3818 4.23100628823978 3.82085027148048 6.71304548939610
  3819 3.98909327501170 3.60413096255457 6.94301947672514
  3820 1.51539177374002 1.47300153140242 1.39700542903466
  3822 1.49148550874378 1.39269422803599 1.12745675960284
  3828 3.22232196479404 1.83020335131732 0.35527437713524
  3829 2.76001347661954 2.14810603931364 0.60864112482918
  3831 5.15119681449754 2.53238727998583 2.34661639497213
  3841 4.68582244300990 4.35301219692217 1.26821205348516
  3842 4.34785081673831 4.24241017357058 0.86582533092178
  3843 2.68853076348622 5.20781737884434 1.06449591783983
  3844 2.87020167754131 5.08462068845532 1.03499636530228
  3848 0.09747188216746 1.26475241554386 0.87666210889255
  3852 1.39366315121710 0.95637227451906 3.19383919025190
  3853 1.78465173530264 1.12347320826127 3.34988252728139
  3854 3.54263077267431 6.77119091896207 3.65898045315608
  3855 3.76200547051752 0.07734283836633 3.94697340624487
  3863 3.12447089251589 3.16436671627607 4.36471352949473
  3865 2.98252246863947 3.20411000465338 4.55066184561090
  3866 2.78481271922985 6.87321014810001 1.70994627183484
  3871 6.82380802403776 2.60965768760520 3.65512110742649
  3873 5.86597573063468 6.21157714523483 3.80878185644124
  3876 0.93032126033770 5.00109913946971 6.96552153279910
  3886 5.73578809384598 5.80379056547583 6.54158489769091
  3887 5.96565452839996 5.39995580560711 6.33873865272531
  3888 4.69214242261500 1.15132819110218 6.35695261849843
  3893 6.82666760863624 3.63765782504048 3.34365720608426
  3894 3.25834082488147 1.01333482507245 2.17660633298382
  3903 6.48763388752658 5.74499532183405 6.53673142341562
  3906 3.54462885206118 4.51672112597571 6.74889650570851
  3910 0.34071417773717 0.77215787319424 6.21358464518578
  3911 1.95263493772320 2.21107659571553 4.47893945333745
  3915 0.18813988047504 1.77299893883614 5.28813765683360
  3922 5.54286340348937 5.64268263090128 3.31877085510289
  3923 5.49796257765322 5.32659554538791 3.40116150695236
  3924 2.54126420498184 4.59168634976715 2.47039773772287
  3929 3.04216358358424 1.27865438702836 3.05867131585122
  3931 1.29066561293488 5.87032949276941 6.90350564382205
  3933 1.37739193339041 5.89188941355340 0.14107030185333
  3934 1.05399569264929 6.90607553874028 5.04630978548608
  3936 0.71026627542633 0.24966412605203 5.24627654762866
  3942 5.93645538075294 1.72962002965049 5.10359614545806
  3943 5.62935049479853 1.99614840860783 5.19360905320686
  3945 1.11624993667641 0.95462434826341 0.87198126136417
  3946 4.35890029188012 0.21678501769453 0.61479415383075
  3947 4.62570177066940 0.49632654488355 0.40076115419932
  3950 3.69401957889716 0.75517660000191 6.46958817087720
  3951 3.40640710738774 0.84402197044017 6.14633471924887
  3952 1.49811045707555 6.72286465648295 5.97179713696882
  3953 1.79958825191887 6.75676812040804 6.12093872179469
  3955 0.41386812488823 1.48401431879980 3.94451963178110
  3956 4.63143812445243 6.28951532278691 3.22439980615404
  3958 4.52778458395437 5.87745132714750 2.61127985116346
  3961 1.23657226651587 0.66903445718158 6.67967204839335
  3966 4.32453059325969 5.43201897132785 6.83267373997990
  3967 2.39769930297158 3.23505634915449 6.23532756183634
  3975 4.54556053990646 0.06265158398709 2.18874913562306
  3976 4.78554946506056 6.92471128550986 1.95849676413942
  3981 1.53831986819242 4.54909374773858 2.39476687125526
  3985 3.75483396561792 2.82360572680421 2.08374125933822
  3991 4.22073883189859 4.80602946907895 0.23969659746730
  3992 4.63038836229445 4.57579647261233 0.22569985970643
  3995 2.35955634302492 0.98659113280323 3.06622486243612
  3996 2.33729664350445 1.16720472283139 2.38938933973320
  4003 2.73472203933312 4.18625965426010 6.26752901301948
  4005 1.27404286118022 0.17249313622805 4.36906193206232
  4006 3.63069216690119 5.27870091626739 2.10847821947874
  4007 3.95942427569833 5.27112367781450 2.68938139106389
  4008 1.26124899724799 6.20613441126534 6.83578634018254
  4009 1.36682195055916 6.30749518311190 0.12627617505952
  4010 6.44826591426566 4.05222270672779 2.47734142581049
  4011 6.58033089863003 4.12204824974170 2.86581727161235
  4012 4.02409702518707 1.21040290034869 2.41611606493792
  4013 4.34695554346895 1.08302469924058 2.26880764770583
  4015 4.29173782521396 1.28868074101899 4.01263368482884
  4026 0.59933367288812 6.82259454163161 3.16052581760945
  4027 0.93983169539929 6.74545061228371 3.03600260274115
  4029 5.66622547509444 3.92212968518102 3.11256374820624
  4030 1.85462088848924 1.33370150812545 1.38781285169518
  4031 1.82537021896174 1.25665657101570 1.10266958934930
  4041 1.32064633996134 2.54872352959201 0.32193609251038
  4043 1.49968523483352 2.21442833774369 0.66421463315884
  4044 1.13490215422947 0.54113751932035 5.81449073388602
  4054 0.75760846404092 2.06889641178809 2.78985307587880
  4055 2.41175216095507 3.41396074128669 2.57518720437401
  4056 2.68175048193484 3.65417498132575 2.36969378088577
  4057 4.19355990099421 3.77055292387227 2.75303045643629
  4059 3.75778482758332 3.78074316917294 3.02644485662434
  4062 0.92203380162659 4.42981773652352 1.22213113307996
  4063 0.91486047429043 4.73566232647072 1.37067573013354
  4071 3.86027786265602 2.58108952147522 4.38466368748927
  4072 4.05274607987317 2.40692211170357 4.77408276938924
  4073 0.28274707788028 3.69477153056966 3.14861363300079
  4076 0.76773062823448 2.95652695965469 1.93461462168586
  4077 4.99173580648147 1.03367673886596 1.40949281610807
  4080 5.50540490597591 4.35309668352659 4.94767281195977
  4082 3.40186377546506 5.80231901810766 1.27216658137474
  4085 5.22001890877803 5.93652512517383 2.63454914914478
  4088 1.46646879972380 2.38531017515499 6.57739392791038
  4089 2.09203566354543 2.06843174423053 6.49576677444312
  4097 5.90091168052389 0.31210315638968 6.11711531331027
  4099 3.96726193812490 0.80414621184510 1.46243664042040
  4103 2.71254239684392 0.15022522428352 2.65246784008686
  4104 2.92786873354109 0.24944088217939 2.27930849664082
  4105 3.59052517939193 5.38086190054671 6.34350520681715
  4106 3.58261224871832 5.54708211679301 5.88767896126588
  4114 2.18244532767036 5.51827523301916 3.08088876600564
  4116 4.55558814569364 1.92295707998151 0.03666870924951
  4119 1.52301935897473 5.07224592883014 2.70189198582012
  4120 1.55613717556935 4.59416727279117 2.53490285115709
  4121 2.51718289681306 6.40580251472808 1.90059498120646
  4123 1.94839315933434 5.98734347794333 3.06723596053811
  4125 6.45178889134289 3.99876090703086 3.03582804777176
  4129 3.00646064287426 5.27407597032353 3.70634355027821
  4130 3.01924733241429 5.37392954351269 3.65770005912286
  4131 4.96814605183484 2.49891676858595 0.74238511177981
  4133 6.91127759284121 5.34380874125568 5.42276108016277
  4134 6.88577112583124 5.22525272995388 5.06282469240510
  4136 3.92123494767444 4.19479732806837 5.85005434361396
  4137 6.10987378355678 6.42831014925705 3.66086380657186
  4138 6.36907998033352 6.68808904816836 4.03553276198488
  4145 5.76312463241888 0.21682557040443 1.24806380051614
  4146 5.74270042677283 0.16603002222040 1.61267382582088
  4147 0.03531446179428 6.27176894544486 0.82742842552378
  4148 0.41793527587954 6.52925418675841 0.82929143886328
  4149 5.68683299809357 6.34831978797248 1.47431654184263
  4150 5.70040885783413 6.46106305379090 1.72000480583062
  4151 0.92516453421279 5.33413246148608 6.70603380220905
  4152 0.91300404163049 5.57032419912329 6.91512548879633
  4153 6.12559679268043 6.57614694287331 4.43211814475435
  4154 5.83624463263855 6.24460077549098 4.23962775698280
  4155 2.52931383090249 1.27375961624277 6.75983777772620
  4156 2.59835448208048 1.08811986639761 6.28709561380585
  4160 5.13731043764289 0.97434879866861 4.39414417031957
  4162 4.22974435146480 5.48500430145546 2.84966373166358
  4165 1.76236053423446 2.85992462162470 4.05685948254736
  4166 1.73293123303985 3.29567627024505 4.22321440539280
  4173 0.89330602485512 2.23186995319518 5.94832842513537
  4174 0.67772693908561 2.53844211933980 5.81639119819910
  4178 3.58314207987561 5.70780582507414 0.56638874807154
  4180 6.40817567293842 6.26392898584301 2.95088185015451
  4183 0.55924928257931 3.23552523355089 6.64590537902386
  4184 0.54469282363118 2.72577850723308 0.08489697319974
  4187 2.16446535741234 2.17599492080058 6.17881522476995
  4188 1.72824007905928 2.62005874122612 6.02950177386563
  4191 0.90206142466179 0.40874723063676 1.14655939748986
  4192 1.44874361984639 6.97866428674926 1.55444296375933
  4193 2.67474628939110 6.68704515130085 4.03433816117585
  4194 2.44931438842791 6.32647527203624 3.96673329607154
  4197 3.28485155714639 6.20039720586820 4.93019054439353
  4198 1.10831374051704 2.78112571144843 4.28046874954528
  4199 1.35124798006651 2.57145232342625 4.12068419369340
  4201 4.68412339664473 1.40836315300760 1.71529143833837
  4202 4.59262590578523 1.40007801249129 2.18183836547850
  4204 3.69793491125763 4.61887096911893 6.53508555569875
  4205 4.01521430242236 4.36370965441417 6.12535333747532
  4208 5.84200028536331 2.90132077282578 4.49157049970820
  4209 5.81790436460900 3.28618632273459 4.46229970978482
  4210 5.69387427124837 3.17763307868715 3.43635344184230
  4211 5.47169421923180 2.89246289183582 3.31713813833497
  4215 2.39329003649390 2.65042565458381 3.48884171379721
  4217 4.28301498538998 3.79184788976558 0.74390722275135
  4218 0.19053463943064 1.05855562674915 5.07147058000305
  4219 0.17434468691708 1.58401572614083 4.86659112774974
  4226 6.30113358984954 2.22630740802014 2.25398123947402
  4227 6.32606682540851 2.45213164380887 1.90922449660744
  4230 6.01275950445959 4.37513963803718 6.72914059500441
  4231 5.73816627203062 4.31119277121740 6.53815501777745
  4236 2.62854143504501 0.17147349399508 1.64085432258978
  4237 6.21822078377058 2.48887650462439 4.04184892636277
  4238 6.72970711184326 2.69564451057896 3.81578834999787
  4239 4.37865679882357 5.38615125530206 3.77642438581900
  4240 4.47621253644367 5.12161884604800 3.33655624345113
  4241 3.43615195830226 0.63981125894702 0.33796876097199
  4243 3.63750096492118 0.39652101976726 0.60481296844454
  4244 5.76098110994060 4.31471392047988 3.39212523974127
  4247 5.95731147816674 4.37339665499007 4.77291469233332
  4248 5.95344377983563 4.54945765333616 4.43027323049919
  4250 4.08198119418610 1.36351783773010 4.05518169042546
  4251 4.87288853337954 5.48459887892473 3.91739252576298
  4254 0.55556858087676 3.85919375338915 3.49782520843555
  4259 2.42050886548706 6.39677221091216 3.66635498770052
  4260 2.64510571284654 6.75591111810106 3.76297700269196
  4262 3.88719854505839 5.14779168119854 6.38479929626782
  4264 2.57054452840984 1.03165576134369 5.17468431418237
  4265 1.77045982672941 1.54569363579859 2.58430510740258
  4267 4.85737819195934 3.71199828916507 1.22348912757969
  4268 4.40380985566361 3.63385326130682 0.82514342809253
  4269 5.61563177566594 3.01091829444853 1.02447164598324
  4273 1.70697727122567 5.03414077513181 1.57666142255540
  4275 0.38830698415093 4.43134856968703 4.61113521265842
  4278 0.35943933487330 1.56794597388772 0.60812799829557
  4279 0.65907362543198 1.38043466917086 0.43737050305432
  4280 2.00987056894795 4.31844399706290 1.95466635907897
  4282 2.07535469792705 4.51264633193748 1.55277089544604
  4285 6.82742896263506 1.51572351165075 1.57951099855322
  4286 6.64735428315136 0.91669815429071 5.67811922969435
  4288 3.33621901124426 0.35631554631164 0.19772958350925
  4289 3.50529141595231 0.12757879555005 0.42364403619260
  4290 6.30821896082516 4.59022294327244 5.02658679137331
  4291 6.40611404075081 4.74366842520882 4.89317243038205
  4294 0.81329496844766 1.11567549888349 3.39790137450695
  4296 0.69498722548854 1.55980028209782 3.70630991889241
  4297 6.82222695697805 5.91877144601660 5.50289325933799
  4298 6.67745820239842 6.10831520960042 4.88508958090700
  4302 6.24289760913903 6.00311772948595 0.41342343310645
  4308 5.16221648896008 1.44069656905791 0.53936685771546
  4310 5.40004777259046 5.34951686120924 6.90624570927726
  4311 5.44961618989793 5.73623923037376 6.81349832610512
  4315 2.09357048618500 6.36497022495018 1.94753884431885
  4316 1.53862190614370 6.88704211092925 1.74767044492518
  4319 2.34090037698060 4.31280616005870 1.99810432015794
  4320 2.44368441504348 4.49433567794752 1.62782952438775
  4326 1.15228195341759 2.39951137211095 3.17260055498758
  4330 4.93608302134914 1.35315764703901 2.37451094854354
  4332 5.37093704725611 0.42579170849664 1.08199365034549
  4337 4.84745251782526 1.89419749780866 5.12209492398190
  4339 4.66312762784147 5.91669462933224 1.64673217005061
  4343 2.98572873255360 5.11626912903761 6.16740850647860
  4344 2.05132559448989 4.71203705194227 2.80388353776448
  4345 2.11252207659094 4.51462381565651 3.09446329127405
  4347 5.46654814221651 6.30369275682896 2.38900799560767
  4349 1.53060436571782 3.57921069261260 3.30973404136012
  4354 3.85748791738606 6.40416588314656 4.79379669050246
  4355 4.15528612547718 6.11366256651360 4.68157089224852
  4359 0.27544929016928 0.94101662652211 0.81177565951306
  4360 0.67035707907917 1.21611547570671 0.45114543550763
  4365 5.22827138808590 4.54754488101520 2.33999250458943
  4369 4.05242615253654 4.13951423842599 2.51097145814678
  4370 3.65714308060314 4.19043614541189 2.72319197397526
  4373 0.45660856373306 3.48611858543000 0.45239659572970
  4374 0.50631174615522 2.77355476625454 0.27049095494651
  4378 2.96972924398749 6.84569970426146 2.00956479361801
  4379 2.44833430855493 4.15900727868982 4.17661523865134
  4382 0.80678607384739 3.29039304771126 3.26874982201428
  4384 0.30545453160647 5.03346326132918 5.00637280849936
  4385 0.23521255747878 4.57660582599690 4.93100985910046
  4386 1.57723870254523 4.51874536755733 4.70442845220928
  4387 1.53057351735918 4.99242712926093 4.75080037874602
  4389 1.88155170703977 3.17585148123819 1.52557873635807
  4390 1.63768599202411 2.72847986621952 1.63855286569450
  4391 4.77540251858937 6.11062977603881 1.53864006099586
  4392 5.01041554992697 6.04409838877495 1.29607535184514
  4393 5.73676482821820 2.01381036382257 2.29276535906906
  4394 5.56027842219829 2.11738147774636 2.52605927470129
  4398 6.37012337266259 4.32796629101651 3.85586553583609
  4399 6.20609179715735 4.39427365604990 3.37932943367617
  4406 3.55537787457862 0.41934953506843 1.10270692226629
  4409 4.15052271490242 5.74142662471543 0.43825061730658
  4410 4.19055924460915 5.71812656125866 6.92019683415272
  4411 5.18400794837500 0.51767860064288 0.53052617300876
  4412 5.22546640875750 0.23332156966556 0.85388954060257
  4413 1.41638134644750 0.38600091168428 0.69161683506134
  4414 1.70899605193997 0.12558203794514 0.97436591957000
  4416 3.63660398268617 2.16441868744113 0.32134456046757
  4418 6.82800187000133 3.88070252837977 2.19868347642326
  4420 5.95197132466874 2.45462101444724 1.65137168061699
  4421 1.87613729358190 3.37314660546932 3.60250657278163
  4422 1.81115165899015 3.54216890077222 3.95351738091053
  4423 2.75491079858299 5.61418311955672 3.31793482136437
  4424 2.64012076816847 6.03410860423161 3.17455942893449
  4426 6.29727661813597 4.14814895260265 0.34754312646825
  4427 6.46716542899696 3.86254426524804 0.16641998991603
  4429 1.30912379559420 2.24204830928868 1.02488917918993
  4431 1.62979989428765 2.63208498629016 1.94173249818558
  4436 5.14989965879091 3.08326526143233 1.43198386950194
  4437 5.38451846586809 3.00959616735390 1.71037325830478
  4438 2.72540479093383 3.65143009714340 3.69896505978362
  4439 2.39271863681972 3.79110226128274 4.12669779013314
  4442 4.20904508194070 4.54222975287116 5.87456161256638
  4443 4.10286283969928 4.39146318684788 5.63815873479624
  4446 2.67404425087108 3.48587394873828 0.37578615360681
  4447 2.41206636601007 4.94507612384451 0.25177090787722
  4449 2.19166637902679 4.60580644509800 0.08525003845485
  4450 2.99413909009449 3.71701120843387 6.05306383270949
  4451 2.95178879198705 4.14192740105131 6.26077675282029
  4452 1.65627520000100 1.53664793325557 2.81776767378487
  4453 1.87588467998739 1.26547225851930 3.25597320167797
  4454 4.05618306022079 0.70385605199246 1.70674419474179
  4455 4.09374365289993 0.35884788447738 1.70867398593417
  4456 4.82966746138412 3.70172002568653 1.70505079301285
  4457 4.89506080464036 4.00395742248546 1.63556151853401
  4458 5.30609855731635 6.46654220911496 2.00779692167697
  4459 5.12988004617391 6.97267125031774 2.05638369622511
  4460 4.78398528382521 5.66220396106126 1.51460125850865
  4461 5.02969445020407 5.93077672149256 1.26971521230791
  4463 5.33186916875182 3.34927405746220 0.13559284688110
  4465 2.65819700834991 5.99506865645091 4.11972322469249
  4471 1.36328120591148 0.16289623291565 0.27636019254875
  4472 1.52378364791732 0.50355645028049 6.97620072233819
  4473 1.37710454050165 0.58870515060608 6.24090862409198
  4474 1.17259234387270 0.41940380084145 6.08298551402730
  4475 1.60711318265806 5.92084519580723 6.34201174884503
  4476 1.51283066015048 6.26121071728090 6.39691170496235
  4477 5.94186262691825 1.21820072709457 2.07510730726663
  4480 1.22649847140847 1.10474283928398 2.85563228036124
  4481 1.46056759242142 1.48726467135954 2.69966043516233
  4482 2.27540863615844 2.93856897190884 5.98774535103692
  4483 2.56235116880745 2.43518463330626 6.12953417295416
  4484 0.62169035582283 4.40551631123847 5.68475127346152
  4485 0.55640137198579 4.30987326100132 5.58804836137814
  4486 3.51172231478254 3.71673763788801 6.99502816027135
  4488 3.39525392377288 3.76389757994776 0.19951344866286
  4491 3.29890634851950 4.09841435572372 6.87743113464116
  4492 3.21058988141273 4.09690508891121 0.07547905249917
  4495 4.42210739503566 2.09017930057392 2.95504660895539
  4497 4.57153026017376 2.07816874035102 2.61357589268488
  4498 3.33610791144810 5.73868073017715 6.92748553307468
  4499 3.65807392155320 5.75025358878238 6.62493659621465
  4500 2.58668963825855 6.01719016346849 3.10636367518239
  4501 2.55895914248697 5.63700715095214 3.08810002252768
  4503 5.93901604251323 3.37511596940610 1.82585878782284
  4505 2.00870957537298 0.28641528403623 1.61008975280946
  4506 1.55458112377418 0.00985568982957 1.70686851315139
  4509 0.84276715253017 0.02452650852983 0.10251108697080
  4510 0.91569212926192 0.51111120300537 6.63827770761106
  4511 1.68254263735701 5.52071927376534 4.13996840076212
  4512 1.56790228889446 5.49778384075846 3.75549267134154
  4517 6.80977749040515 2.94348302418717 5.03166491297712
  4519 1.12321891968751 0.98312209794595 3.49546317153408
  4522 0.16554372786992 2.99270836282821 4.85378705745052
  4524 6.83853070589031 3.22295355781894 5.06433530608382
  4525 6.75741131899067 3.31540738172328 5.49512819900617
  4526 0.59572903536476 2.73382777342197 4.98465073640490
  4531 2.67558846871721 5.93798906186718 4.92163711399847
  4532 2.48531530474390 5.83589870300698 4.31532422231183
  4538 2.97111507320272 2.59990588490809 4.07308269330084
  4541 2.74398559716355 5.32168392184389 6.68007423418319
  4542 2.79032354549235 5.17538378683151 6.21713796226305
  4546 3.51145903638170 6.40411248237570 5.27368865518214
  4548 3.42299342327007 6.85195934137941 5.55737023616114
  4550 3.58825131418509 6.64791391558267 3.29262839593580
  4553 4.45074358763787 2.46397389210301 2.10422176409255
  4566 4.15178268715466 3.34767075546203 1.81096576960850
  4567 4.29794263967029 3.62682516659609 2.01230278822596
  4569 4.91056400396133 1.83938042518727 5.69069157301243
  4572 2.28975782224257 1.26041679483377 4.82749634904385
  4575 0.81383883686890 5.82137583797743 3.53552571571025
  4577 6.28644090209802 0.02949429139217 5.71068772845665
  4579 0.22986548401126 1.63048971190121 3.92764031979360
  4580 0.26528725632140 1.83915363612706 3.71660168779102
  4581 3.20141184276042 2.97081548855647 6.53532171372421
  4582 3.35608777901395 3.18834959853637 6.43826883117198
  4593 4.22676017572493 6.97582407085064 3.93998183431247
  4594 3.07373767611651 5.28500192011526 6.76957387841325
  4595 3.24464741554202 5.14147276489347 6.46094087215869
  4596 5.37074192682641 3.39677777634324 6.69216305435052
  4599 2.97100706393998 0.93672707607467 4.01381073008739
  4600 2.52496704075579 3.17411549639605 1.38069495795478
  4607 2.49222020412967 3.57128828065336 5.99331489580689
  4608 2.37303085651927 3.74647517303991 6.06346542621690
  4612 6.20787201463244 1.21023190832097 1.33703946539856
  4613 6.46224505267693 1.44106495923190 1.19116499527418
  4614 3.06468529876876 2.80534137713565 4.38327202612907
  4615 2.90008589501368 2.89220099080862 4.59967275984370
  4617 1.57339884590081 5.00830312777970 1.30351632954129
  4618 1.69135172811105 3.77197828529399 3.03324240383598
  4619 1.57147812020366 3.60366167355746 2.62480381810000
  4627 2.69193272653956 6.05639604892527 0.23455906347549
  4629 3.21683633630624 6.05059110887916 0.31789556067338
  4630 2.41529221230851 6.97004558429907 5.22167021472355
  4631 2.22209299978944 6.60682355062633 5.39555616672290
  4633 4.64589021033254 0.12370001045101 4.41241150489334
  4634 4.32384350230588 6.87780263954457 4.27701367371000
  4637 4.65924958244019 0.68716367498069 2.68335562915102
  4638 4.51058066314660 2.81810107215915 2.75800546654591
  4639 4.64246195848022 2.44796693600742 2.44293605126231
  4641 2.53215650350473 2.42833202284910 3.97570637971002
  4642 5.72551577899544 2.61912009305543 5.76489286862302
  4644 5.58733669176055 2.03171515950749 5.82704491633902
  4646 1.89606990267688 0.30238949257265 6.73893845684405
  4647 2.41637111030106 0.38493054209381 3.75945733632185
  4648 2.70183101864570 0.57402868821305 3.40401535955412
  4649 3.74767189747402 4.53785002365375 6.69682332486757
  4650 4.15677835233965 4.17999499911032 6.60754587652671
  4651 1.20825531286875 2.67129214926133 2.17842867125483
  4654 0.45230937493119 2.64475434800987 0.06517200729038
  4660 0.86370331722311 2.05741402850348 2.72106446117499
  4661 0.86864087123673 2.17559359812881 2.32485243775399
  4663 2.35688945426708 4.05745799803740 0.82077076850118
  4664 2.38181912575304 4.69944529933908 3.64023959413284
  4665 2.06693288879220 4.67989115716889 3.37292324334835
  4666 5.66264309184475 4.22557304673108 3.80427098689843
  4667 6.04029331520093 4.24078306710218 4.07441143335488
  4668 6.09944175698600 3.76022734155583 4.80696919486220
  4670 3.69263767559819 5.66364669263142 1.59256339416346
  4671 3.93059906540659 5.94001911499497 1.65685759686404
  4672 4.02988767058856 0.22534944365821 1.46802580660275
  4673 3.90880907955774 0.47059056344520 1.23377999404851
  4674 1.92767105262703 5.07077248136560 3.27511182521559
  4677 0.99519152985253 1.55964742218724 4.55199392258564
  4679 2.11843598759580 3.32412442720117 0.84928800878408
  4680 2.46948608109148 3.55309886449466 0.80210773889693
  4683 6.30715190244682 1.08566704361540 1.73027595229585
  4684 6.67961955354875 1.27366090634069 1.88731125030987
  4687 0.45208216473655 1.87059670844989 1.55645120814257
  4689 5.52473670356593 0.79742594385018 0.34691345063144
  4690 5.21333949877131 2.54842271398177 1.92521766693575
  4691 5.60805629597698 2.18263907823683 1.85674394556031
  4692 2.81192945736689 4.24775967189490 3.81227173443095
  4693 2.85949045915025 3.84012149411130 3.59978570050622
  4701 2.38764945329527 1.20908010279198 6.01531522512952
  4703 6.74717763890064 3.56989751241239 3.98978061425795
  4704 6.83151958051456 3.77660649518137 3.82791126929081
  4710 6.60745379911081 5.72727378233236 0.30385068030202
  4712 2.57706073216286 0.24183396730142 6.94817271852858
  4713 2.33846418310721 0.51291651455330 6.81489589052657
  4716 2.19889622508300 0.43156940771578 3.70774117854544
  4722 2.14125430362598 4.90259717716060 4.61666602256721
  4723 2.11783216698968 4.56855447759093 4.58728415421767
  4727 0.06713757784978 0.18116365568379 1.38366369117895
  4728 0.34958377345796 0.41317746300070 1.11058277023544
  4733 5.86564783074467 3.85623049831540 6.17814485961538
  4734 5.98044248031450 3.77980987584219 6.18765593940101
  4736 2.15005585706830 3.43258691848907 6.56248695454240
  4737 2.14122987613698 3.67518010797471 6.49754804286607
  4738 2.04677176403768 3.02546764916526 0.37121545318855
  4739 2.44540767124349 3.19638622486197 0.12453979436162
  4740 1.83124402873679 0.02440077610766 3.43748813438040
  4746 3.67978043611102 3.15746242284879 2.89123759211553
  4748 4.07443014952716 2.94303943417319 2.15078911523159
  4749 4.17067213939281 3.10972478462940 2.57394565407823
  4754 0.12491720404596 2.85592386383455 2.72733480237669
  4755 0.22351401855733 3.01921060430638 3.05208927404173
  4758 2.17936674511761 3.07205867697657 1.28547574793263
  4759 2.14632443164535 2.64162754793181 1.26516985549217
  4762 3.38242655881466 2.97257798016040 2.65409557171809
  4763 3.28622263672582 2.69470111985970 3.04538707644823
  4764 6.91877100376232 5.74671674937957 3.75751393347773
  4765 6.71511625285824 6.33214158137610 3.69623692095250
  4767 3.41870750123219 6.08763420269847 5.72968970498288
  4768 3.32879566223216 6.46416938186425 6.00033153817489
  4769 6.15896337791631 3.60369127916152 4.61760140771181
  4770 6.56695134598596 3.57844254074447 4.84601831825888
  4773 5.33293321191068 4.50184373721372 3.93194574228609
  4778 5.34772298632494 5.52221536742071 2.65424158641391
  4779 2.41226007825668 5.13949737340835 6.91955315761781
  4780 2.24718566050407 4.88383113499023 6.75718330725097
  4781 1.82586706933145 2.89445402932297 2.33995887313721
  4785 0.03744356851178 2.82258590329670 6.49202778260779
  4786 0.03875669241355 2.68203294721497 6.33906064523934
  4789 2.28401790437562 6.67870401866334 5.73702117640677
  4791 3.82773718097249 5.77583145728778 4.50410920572967
  4792 3.52047301345076 6.21018475607332 4.68060693970564
  4794 4.74547302837880 4.38589160374600 2.91352477560760
  4796 3.51027662581133 3.23890129600283 6.75718827820444
  4797 3.39646623503152 3.05811712872296 6.85395335224197
  4801 0.28649084108464 6.91582882232086 5.35423651763978
  4802 2.04337414807642 4.46453074639926 0.12260968278124
  4805 5.84692454983094 0.21251244653803 5.11983294970181
  4811 4.53710892318528 4.24359896533932 3.83805452351146
  4813 0.33480704615498 2.43361162586772 1.43045144629047
  4814 0.31942148872886 2.09124387715971 1.67433447383943
  4815 0.65475190936848 4.90498716986632 5.58819087703478
  4816 0.50943977133171 5.12263438361752 5.29902879741278
  4818 0.37901390803761 0.71546213870722 1.83545115586056
  4819 0.05197285301657 0.21640081855505 1.55893374051083
  4820 5.20678068392498 4.61666542031548 4.52485574145568
  4821 5.44494226684479 4.72245796123742 4.28325874027488
  4822 5.73352588009770 2.97611397412072 1.57825205048882
  4823 5.81335301278002 2.97686959672619 1.18549659638955
  4824 3.12927350290564 6.38351951430385 4.38585189462889
  4825 3.06119765302096 6.30249801274930 4.82547392960026
  4828 5.34014285012864 0.47014105558441 5.50198175029572
  4830 2.04705393284637 5.27761448136738 3.38238232272609
  4834 0.11420430872213 6.15036007889881 2.12142996833859
  4835 0.53540670216839 5.92060345871393 1.99478526923964
  4836 1.17058762319655 1.15921731496663 4.75505463165918
  4837 1.40825723627010 0.93231017996108 4.44379058068423
  4840 5.40970066623492 6.76705465455686 2.76684423895914
  4841 0.66786106115235 0.51673081917769 2.28781039659686
  4842 0.62949795310582 0.05412095374540 2.38645787316679
  4843 0.54272704057234 5.19695604292967 4.68902040416174
  4848 2.76823827419241 5.95895512648628 6.88318932621298
  4849 3.20490900573563 5.95127383848120 6.95118288315243
  4850 3.18568786687529 6.67767481911260 1.17511424992357
  4853 6.38119110071294 6.20566256819115 3.41929040610065
  4856 6.03365895598605 6.13498241150990 0.15321412311479
  4858 5.01173915865663 0.97104605866839 3.11832210163927
  4859 4.96187853534929 0.88337911635686 2.70711875084380
  4860 5.88196974952987 0.73205170322690 2.94924430649542
  4862 5.48092773380643 0.88813615817037 3.32643853749624
  4863 2.84556070365357 4.03248453652018 2.73812663453722
  4864 2.66105461709456 4.01746877458202 3.07841247870803
  4868 3.55435505164535 5.76766819040145 3.25895984328081
  4869 3.72659617450866 5.87526385210919 3.54264670650423
  4873 2.34386454426762 0.71902889862591 3.13115378912359
  4874 2.32691849110280 0.42607099812869 2.68255128652959
  4876 0.23004718483186 3.14163496199664 2.35299296464314
  4882 0.32875679241658 0.50559056905615 4.20193222386036
  4884 0.50937404895091 0.71360648786013 4.82442411779764
  4886 0.20386274440203 3.90312119334915 3.94762892223306
  4888 2.08586407808505 0.65717311529919 3.30332419382567
  4890 4.88921518414465 5.56802379700733 2.45402884256377
  4891 0.55617379724247 2.30398261792080 1.07689281654384
  4892 0.63065862922031 2.01745840070259 1.11758296155569
  4893 2.16269970108105 1.78395619763686 5.88136408563776
  4894 2.09577664603472 1.48039488804690 6.09521863551357
  4895 4.59642592997302 0.70027992329460 3.21631005103740
  4896 4.48828000072427 0.60760897444240 2.95834630922255
  4898 0.26321909833903 4.47248109474883 6.18099054773170
  4903 0.38318028804635 5.26844611733019 5.53337721170888
  4904 0.50160696609065 5.08489769835438 5.76888203965174
  4905 0.94699527577808 3.86882913088691 0.33028818698020
  4906 1.40784544019542 3.73715949932527 0.35137024928875
  4909 4.65703764953481 5.22250666311820 5.99354639146057
  4910 0.70562938531490 2.54556514580464 4.68247766695530
  4912 4.91028175125580 6.13190515064644 4.85579823883829
  4915 2.60472247976792 4.32692559182208 3.08576157489187
  4916 2.78866886164219 4.37411044145846 2.74998675250430
  4917 1.55263139037893 5.79539946153736 1.42639959703251
  4919 1.71854075133519 5.50497641783284 1.82060333242345
  4920 5.79026562674199 0.00668487710539 5.01205310525859
  4922 2.52351218703290 5.42287622475430 4.20564261005523
  4923 2.80748267033375 5.35412156839122 3.74422869039650
  4925 1.33705201732540 2.62752963121956 5.96865636737417
  4926 1.09396092160889 2.86391640772100 5.84114479964085
  4928 0.09977440713738 6.20065141154151 6.15449689274130
  4930 5.43297168018484 6.32389323061379 6.02057399437123
  4933 4.36116325478282 5.64464704896132 5.51005881889093
  4934 4.74792643582505 5.48425800697541 5.77835432390973
  4938 6.06227709243088 3.91864769701702 6.20432690491963
  4939 5.93043820031524 3.97807149316709 6.19390868768145
  4940 6.71793134424336 2.76444178016443 2.83572773721557
  4941 6.85057603323518 2.95584381157154 3.20245875102496
  4943 3.08646850677223 5.75553842689407 5.13299560143444
  4945 3.26170977455080 6.86125062064092 1.33790688388666
  4946 3.60483030349697 6.78106948271415 1.57900887327975
  4947 0.16791343383481 4.76812436387199 6.18986146905039
  4948 6.76651764507723 4.78713845998084 6.13258045916678
  4951 0.50301686855728 4.90986277384608 4.03398169696173
  4953 5.50680025374258 1.19654854310953 3.45069382771771
  4955 6.89244707961765 5.71776501637774 4.51145413209658
  4956 6.92272306550433 5.55409244966493 4.02987631583258
  4957 6.11038833715720 6.04753707543114 6.71666991673373
  4958 6.21682791030597 6.51353333564351 6.53846548305765
  4962 3.37386690085046 4.66375944438106 0.31912112124593
  4965 0.35466600567269 5.54228457461229 4.44214347950649
  4966 0.30329891272328 5.44956753328656 4.08534314012874
  4968 6.08810055615518 1.45153689311193 2.36088161574892
  4976 4.72076885451323 0.26587701904183 3.53652958724238
  4977 5.78201500481943 6.88328965067171 3.31039166906277
  4978 5.81746726127424 6.88736709749793 2.93052067620152
  4979 3.84237874512762 6.25669600630456 1.38454307831949
  4980 3.56851764981327 6.16026015764482 1.15452916090089
  4989 4.74995790643302 4.66491971750235 3.35692973546872
  4990 4.42764679309369 5.00430922770788 3.33312429055505
  4999 5.01584466306525 6.01083883023900 6.26563262780335
  5000 5.39455142242003 6.03126848511378 6.11415134790586
  5005 2.41774684739510 0.47045417409638 4.05239222985930
  5006 2.33059336760728 1.20884893845231 4.47124604273803
  5007 2.71101766895952 0.77395018682743 4.24185170536442
  5008 1.41043412308793 5.85429679797092 3.72685767874393
  5009 1.56502058640909 6.12035121464580 3.43915071510969
  5010 3.65790456404352 4.64434226117886 3.77263460049035
  5011 3.74686916153715 4.28882712012895 3.91515019318213
  5018 0.61048632300836 6.33113452355588 4.72215928042976
  5019 0.09322772567362 6.44333506235075 4.88837223581524
  5021 2.40824107937582 5.14979539983986 3.71687486534375
  5022 2.29356542478302 5.28290861468971 4.13880344769801
  5023 0.77499447953891 3.57237894303925 5.20696957829206
  5029 1.22560675285589 1.00556947933983 5.69166025456744
  5041 1.07670004887146 4.77786724859667 4.29719556066857
  5042 0.63328924974344 4.83419366227853 4.36810049507160
  5046 0.87668326894449 5.18504882097092 3.11072165833023
  5047 0.55982891631385 4.72103882166280 2.97788449354035
  5048 6.09242514710855 6.63947503872398 0.25718122748292
  5049 6.18712200548470 6.79569280917265 0.06171872267080
  5055 2.91536253094783 4.63233789195730 0.55796696357066
  5056 3.28536154112641 4.50999445964786 0.40099844985595
  5058 5.36357804987571 2.41142100656962 6.66958292039730
  5059 0.35499626212525 6.52844246466055 5.24186495734936
  5060 0.71078320457564 6.44555420200613 5.06857566192711
  5065 2.72730092306555 2.25838162187721 1.13713363962609
  5066 3.06467669505206 2.65812712164378 1.17627307473694
  5067 1.44556355640703 6.00307047150128 4.06357321206951
  5070 4.74095565825543 0.32792542099531 4.19754364338715
  5071 4.50224585418092 0.30618311395583 3.85229415372303
  5074 1.43002428433684 6.84821726265175 1.59966640748916
  5075 0.96440113327294 6.62199902013291 1.57423150035247
  5077 3.18649707637237 4.91904391884984 0.35870210885789
  5078 2.89420314391429 4.80829546714736 0.52966489435589
  5084 4.43284776613367 6.00283764600566 5.01248020135407
  5085 4.44771785068303 5.64942489718104 5.10831502114417
  5088 1.05741801947774 6.30863104302261 1.34136009866904
  5089 1.49836884273751 6.46776000717702 1.30970808366119
  5091 0.00650466245274 6.94702484516393 4.24902763182248
  5093 1.59699393326783 5.82556613983061 4.25938374751325
  5094 1.90465512193211 6.06594005595071 4.37266138886176
  5105 3.65937030246667 3.03251290081350 3.15331835980255
  5106 3.39552278562665 2.75417712923678 3.20830430289856
  5107 1.13375355324106 3.26525902761684 5.16988035999739
  5108 1.38652831237148 3.52601832128643 4.85792950007133
  5112 2.43840096787479 2.51319169805378 1.38883987756905
  5113 2.70335412738767 2.84247860237340 1.45302607416008
  5124 0.15637520141253 1.39191901398526 5.70981569539273
  5125 0.42073294055117 1.33040692189128 5.96934227174902
  5131 1.00173520384637 3.22097743831368 0.76835857987341
  5136 6.78398657192198 6.18018816966874 6.11624545528557
  5137 6.63650553357291 6.51743231157678 6.18948691442543
  5138 0.94763045850531 2.77058450802189 0.62171040925558
  5139 0.94478929531932 2.54980943342067 1.01036139939601
  5142 3.01707292233919 0.46845629958162 4.59996989858745
  5143 0.15513424282904 1.19019720023638 5.66686898484717
  5144 0.41076429769921 1.10899854808845 5.90784044841787
  5147 3.55084847827135 6.17766263007094 2.36839566770443
  5148 3.34029044080787 5.24172190989844 4.92768706102797
  5149 3.44214864741060 5.08276812907925 5.17512060105751
  5150 4.40041711789488 6.15030176115526 3.56125479789394
  5151 4.51224061286291 6.00316771745910 3.84984050533800
  5153 5.17520648960250 4.39063044497046 2.77851458680950
  5154 5.31192169341778 4.02539213256793 2.76709058033487
  5155 3.98454104197454 5.31706368741438 5.65317816827105
  5156 4.16143506941374 5.08151491423387 5.94073396297038
  5157 4.14332370110420 4.44912021459528 4.05526033746408
  5158 4.03180115885774 4.81439883191265 3.89100803931496
  5162 5.97986873895003 1.40497146489807 5.48003088564250
  5163 6.23305238796845 1.37469615610112 5.73069793998651
  5168 5.37365687034826 2.68357243888413 6.39152005418173
  5169 5.15344630913846 2.88282483384799 6.52532330931985
  5170 4.93289393082443 0.15133131837370 5.36755043729410
  5173 6.07273665656713 1.39602538031469 5.88214599602711
  5174 5.84256572133506 1.41972570145828 5.66962616482573
  5175 1.25145392241171 1.21354296169347 5.80948064868637
  5176 1.44586541839776 1.13955073749874 6.02073355493925
  5182 3.14417585371328 5.76924372277033 5.62166911866310
  5183 3.30857851032447 5.47007164938083 5.74122647701218
  5184 1.34652576274753 0.85253367571047 5.76507330951340
  5185 1.47165961731529 0.90319854202140 5.96190962903342
  5186 0.00032171362468 0.32985234388788 4.30934063984777
  5187 6.99556297817639 0.44062355312084 4.82521521584844
  5190 1.69641646381161 1.32451225809195 3.84382752294475
  5191 6.86937494535740 4.08602532044928 6.07801054441759
  5192 6.62610506214280 4.18410615665103 6.06226994016946
  5193 3.58129856329011 0.66209824537827 4.81320263683077
  5194 3.38341880181994 0.52172428161326 4.49685063695538
  5195 1.35954173996720 1.80405642410254 3.96031954899346
  5196 1.75724474571309 1.53072702025173 3.82861925645002
  5204 1.23800745531119 6.10778073644516 2.63220418527802
  5207 6.79658565978374 2.70967216047096 5.77809915309099
  5208 6.89725966802112 2.52416696791067 5.47943840883743
  5213 6.77657284098971 4.86085201725617 1.94939939892875
  5220 2.10743692571839 2.70579463091134 2.45673875189631
  5222 2.17225344527436 2.36933906294359 2.93540444606409
  5223 2.12174587692941 2.37418394399147 2.17766799762287
  5224 2.16692379307743 2.04680646632057 2.47391365263778
  5225 0.18162075460876 6.45021210276629 6.23196037833679
  5226 6.91162126982211 6.67343783258824 6.26115255970059
  5232 6.90233299541334 6.65121130598737 4.78478053899211
  5233 6.92072862223384 0.04361738324150 5.09101623260548
  5237 6.70756047364086 2.73954039534726 5.30683325065665
  5238 6.63674680861729 2.90185353037410 5.58485679872418
  5242 1.97144043201202 5.62939058413571 1.95605705664803
  5246 3.12911149924815 1.63890628761709 4.09781687844375
  5249 6.71862555006582 3.07925867013425 0.91149107681061
  5250 1.88774236474338 6.21872077079352 4.28534059457329
  5251 1.58112050600205 6.22951243930201 4.05136833532042
  5252 1.57141281008247 1.08190516503009 2.04844773731474
  5254 1.57000570362451 1.49361274851311 2.48589919804114
  5255 2.46175229936027 1.80794203333748 3.60757836770698
  5256 2.84108108819002 1.54065189152649 3.50856860464518
  5260 3.71161820594542 2.03255670127316 2.20071160661028
  5263 4.88391532988609 5.12588184266650 4.69599303830502
  5266 1.19750404697166 1.59418157593370 4.01101983972831
  5267 1.39824371499376 1.28379920103714 3.93175802219460
  5268 1.07661371070900 5.76589326651443 2.50166312119336
  5269 0.71700454731182 5.71643729822640 2.83049888151747
  5275 5.27993856349038 5.64491561964631 4.72198357061272
  5276 5.10633475357721 5.27741253630498 4.45948122495345
  5277 5.19390337293439 6.82833823588457 5.07690357552731
  5278 5.13160694020147 6.53989109390364 5.23569274575088
  5279 2.86263066266152 6.24502444185264 3.02401112997791
  5280 3.37915512390474 6.19851508105990 3.02260554516619
  5281 2.41714769692130 5.43728041527384 1.88747369399594
  5283 5.92213698872094 1.16237166737096 5.12251252313283
  5284 6.27907975002675 0.75122829247452 4.95339373468472
  5286 4.78862031172577 6.65608439625778 5.56951809513386
  5287 4.73768127807107 6.93168842872950 5.59762786712607
  5288 4.07217051828094 1.80535966415838 2.45909216948892
  5289 4.33357703200083 1.89177480414841 2.34853269853833
  5297 3.22400896671527 2.35439224282144 4.15997460814984
  5298 3.04031537035578 1.74670031881320 4.19926381275344
  5301 5.70671217318723 2.20153753748333 3.18329762111583
  5303 6.59529026504422 2.44206643003584 2.82949368378883
  5305 4.23281324676958 5.67575612790581 3.76683048146110
  5306 4.15004504951838 5.78940210907520 3.53533179470411
  5307 4.03950077945377 4.97231959282448 1.64435596228327
  5308 4.36487380716955 4.89326464415894 1.77226656388146
  5310 0.22324096180137 2.44789787257044 3.88125120184106
  5313 1.32308640530324 1.35966849475772 1.67104841486436
  5315 0.66679441973795 2.64743021112095 3.71521143578464
  5316 0.73196033885433 2.84150848195933 4.04443511571321
  5317 4.81769268597982 2.29629743166957 3.66694976234417
  5319 4.97959931359050 5.42110264648684 4.98807623876328
  5320 5.22758977622833 5.66547038314567 4.85397024876461
  5321 5.88827183198014 0.50407311296432 4.90895221340956
  5322 5.59798529153876 0.86280320886042 5.05641934566274
  5327 6.22964925677959 0.72842571520497 6.26284101481609
  5329 4.27663953860583 2.16595937783579 2.03450743195212
  5330 3.89119907612811 2.23418405717258 1.98165902874037
  5336 6.49223871781737 1.93904828419346 4.62505168835895
  5338 6.80499636453660 1.71265699484166 4.55757514932965
  5339 2.95150470672501 1.55051617111290 4.01371532186564
  5341 6.18632542466271 3.62499548886173 1.36160301472194
  5342 6.12237223420126 3.32524223451367 1.02896187831297
  5355 1.44518884674088 2.91376471959124 2.55594677795893
  5356 1.37473096934585 2.73407179578924 3.07416243798975
  5366 0.50014389891317 0.83173296363428 1.64636437850230
  5367 0.49899491810586 0.67521994804045 1.20951368131092
  5368 6.25900239339433 1.67122073691118 4.51387157056704
  5369 6.47162499704433 1.44722487580136 4.44580471982839
  5370 0.88106058575957 0.81678090014961 1.60642497846387
  5371 0.81231605028089 0.65596941567823 1.21833122375804
  5373 3.59335243535084 2.60770778372388 0.46918216183498
  5374 3.23648476522361 2.75120882748117 0.60395691288580
  5375 4.34372471072893 4.57995325596388 1.68047960404442
  5376 4.04660426666718 4.61329151270590 1.56069295582847
  5378 1.32468086612485 5.18663739315778 3.62082937614925
  5379 1.09934368739482 4.81251482266632 3.87778447051289
  5380 3.05722463883533 3.03655516769612 2.17167478670581
  5381 3.07546934674558 3.08710409197195 2.08531571471209
  5385 2.48932935421980 4.13740630770263 6.81487645686047
  5386 2.22279623809947 4.48526643986045 0.10114977428617
  5388 5.54369515903375 0.58727341771555 3.60327817104789
  5391 0.47418975034633 4.60324709069249 3.10588616424904
  5392 0.57760477449496 4.59698505869997 3.54078764041406
  5394 6.33925380786222 5.94923359922282 2.90795942624113
  5399 2.58291246455472 6.25532125545839 6.01691766926128
  5406 3.26587178329266 2.85937232892811 0.83933602646174
  5412 0.93453475003780 5.23465725952295 3.48129933766700
  5413 0.78622021166953 4.87110614618575 3.75562279924544
  5414 2.36381546505889 5.92588295373979 6.29585599119770
  5415 2.42612521225650 6.17312028995865 6.29383208073799
  5416 1.65869146621497 1.87888557368211 5.46653537928664
  5417 1.37730440450897 1.66574009949984 5.44815357741374
  5421 5.07032328605623 0.25746080435168 4.11980126062431
  5422 5.11355958277736 0.22139116866275 3.70368546795684
  5431 6.80861209445163 5.43966461694586 2.92691135216759
  5432 6.61204616260551 5.72644452512404 2.69666017248664
  5435 5.11235423356503 1.08217548442258 0.73648565583098
  5437 5.32201873098337 0.77845967049145 0.63368119981110
  5438 1.25045411667591 3.25350862490347 3.07589723133490
  5439 1.30892715858956 3.31843122225866 2.68062097390348
  5440 5.22556913043873 1.07241312951096 1.02804420567385
  5441 5.43241792252044 0.76737488675447 0.90099853513494
  5442 1.70992669420847 1.85412789664800 5.19082842110567
  5443 1.42391047689749 1.63464355296622 5.18571320800941
  5444 0.81549814508761 6.08478890224761 3.12877744175179
  5445 1.07319336458635 6.23329473410202 3.04762918141059
  5446 2.54763742849809 4.31872175143328 0.35391292289835
  5447 2.69931379654765 4.07342761108541 0.12097474031708
  5450 6.91150670981804 0.36723061675771 0.03034000805521
  5451 0.70878873813917 4.23907420765128 3.37974488397952
  5452 0.56125211037447 4.39302048842445 3.03852448786830
  5453 5.24532251775792 2.41885892536283 4.14605901881286
  5454 5.68989549866604 2.48190408381277 3.90991458872440
  5457 6.56943849890978 0.18285546461558 5.70453184912628
  5458 6.98302603932934 0.03060272018331 6.00081681386216
  5459 6.02084816766261 1.48466805856752 3.87231759741148
  5464 5.46658641369338 2.54036159683101 3.54426010223721
  5465 5.03774872518384 2.50460418851464 3.73335136342160
  5469 6.45404359037096 0.80853447560095 6.76520893095643
  5470 6.92060186305875 0.66828931517790 6.66397450658748
  5471 6.41256882297976 1.26378507064026 4.06095027325054
  5472 6.72871976386207 1.29035543259086 3.75865559633235
  5476 4.81437067409783 4.15397428963785 4.09666715014741
  5477 4.77847472411405 4.18415464402164 4.25160256291318
  5485 1.52230480327334 0.36446659112745 3.06686150282503
  5491 4.65581869295613 2.27998847391024 1.09105330068451
  5496 5.75836242235602 4.54611870857571 2.00733462077078
  5497 6.33030012650699 0.58651738017121 0.08283579392043
  5498 6.55694251892308 0.39989947952386 0.23185629577101
  5506 1.73743105823551 4.88274197265877 1.18835401601656
  5507 2.63441708763519 5.84769059924029 5.77407787095559
  5508 2.51375304562897 5.69177839773408 5.92284935077502
  5519 6.61853710171403 0.62789044674283 5.95551691375579
  5520 6.97423238203586 0.54795873542242 6.21924853725026
  5526 4.55083320894229 1.80612753248133 0.34233354429408
  5527 4.87959775289506 2.17369625245175 0.81638677686022
  5530 5.24214034817936 2.86154607099983 2.53270278401183
  5536 2.13776835777981 6.14497096882491 1.00184423643135
  5537 1.80853142454536 6.09930579096028 1.38135148876148
  5545 6.29388496915070 4.54492495222306 2.21194497276418
  5546 1.68777526886648 4.68936141581607 0.43847113135607
  5547 1.83433134878261 5.07172267065993 0.72838755147035
  5553 1.96356621858298 0.17363999151347 2.73793978604478
  5554 1.80753257469815 0.29947720369054 3.11129690350880
  5590 4.77197451061981 3.42155718373300 2.68771787358179
  5591 4.84486270285020 3.05103680246830 2.81199719605322
  5592 2.10725645949892 6.07584754671060 1.75700348837862
  5622 1.00403180622445 6.92287569365227 2.46918847946325
  5627 1.45053086822783 6.83623582171824 2.16683944153966
  5628 1.12521109054188 6.68888616500185 2.27700847567138
  5630 6.45365258784066 3.73824026692435 5.00491483729155
  5631 6.62107956780384 4.24537887145759 5.12189769312019
  5636 5.65059169959492 5.05235115772560 2.46047069223545
  5638 5.50436460126664 4.89514620253081 2.25168444432648
  5640 5.56315062862696 5.29768528345270 2.36954456713750
  5646 5.85425656465029 4.55964516112373 1.48272761592130
  5650 6.55668541735751 1.53809995268602 2.28682622002476
  5651 6.64844979622555 1.92077819728738 2.24037802515588
  5661 6.90520966142819 2.05115329353886 2.60006446597181
  5662 4.76840083601185 1.54070482373821 3.48699844139537
  5667 0.02401928703492 2.60507830852191 4.16499709687639
  5668 0.22410667755246 2.84059846212231 4.32903119530202
  5670 0.39240259635359 2.70199770217420 4.27026761353178
  5671 0.18809036584278 2.49723839749321 4.12658736263761
  5672 6.08000216259279 4.03593283348286 1.17800032682763
  5673 5.73672158204241 4.28016248102100 1.36522167955911
  5674 4.81201684346332 1.86059337645897 3.28962899791857
  5676 6.51889938204434 3.56526804332945 5.50916298309297
  5677 6.68746804588561 4.00475787611401 5.72826967331012
  5679 5.05978841421833 1.38203240886468 3.28605862306294
  5680 5.24287635439002 3.90905579801741 5.35646682240586
  5681 4.88743265182128 3.89581860860202 5.54593762501723
  5683 5.01450334714204 3.71350764127270 5.71690024404543
  5684 5.32851926886522 3.72672153682130 5.54330358675279
  5691 6.74997493052692 3.65695954954486 1.57744225166887
  5692 0.04449435121109 3.35322545305775 1.33197153630259
  5700 0.14964846611278 3.00786239318338 1.59917546751401
  5703 0.87463559379420 3.93880011109740 4.99374556267563
  5704 1.17401368482341 3.94945074476384 4.82973183460869
  5706 1.09724979482561 4.01769357718809 4.58517135852777
  5707 0.71213101774742 4.04669159342169 4.67276466082857
  5708 1.98333239412244 0.99380252193029 4.26176672342933
  5710 2.16744293483854 0.54431852082381 4.05430538315141
  5713 1.70234661170188 0.85423123055001 4.52644875953788
  5714 1.73613572017416 0.40564585810951 4.46141427532842
  5717 1.63738305205289 5.40142808343496 0.71355705686665
  5720 6.60861165580463 4.57296940002840 1.89088168320662
  5723 3.99249503624141 1.66069568720484 0.70847103442819
  5724 0.92556488141811 5.52922624895455 0.97643829173848
  5725 1.46638010407166 5.42845463143155 1.07568567236577
  5726 6.53617679406901 4.29720059468901 1.26976144818776
  5727 6.44637229159042 4.57631709645946 1.44899273978463
  5731 4.16577067867628 2.13020825788112 1.04065328106733
  5732 4.06890391944306 1.84972682919243 0.65106442378315
  5733 1.71939212429036 4.21758938136927 0.59288915333634
  5736 1.58565720187744 4.39085109026279 0.65285095236474
  5737 1.58493619741582 4.43550769470495 1.01804826143849
  5738 4.09426180780732 1.96815293379975 1.28931428794571
  5739 3.97451547509375 1.62051299597762 1.14033690276241
  5743 6.87179036119430 3.94881104132938 1.55235874280684
  5744 6.92531422898778 4.12103412452210 1.92546648374809
  5745 1.74939857951460 4.23980820375101 1.12625908696737
  5746 1.86873617571358 4.07791911752417 0.85881490533549
  5747 6.55997084078557 2.19374655808934 3.33368659196527
  5748 6.08864821616449 2.05241910191575 3.49190463694456
  5751 5.58368162144854 1.47519784554882 1.96931018660232
  5752 5.06789507351216 1.32914953555586 1.63504794522256
  5753 5.29190795658468 1.27019554819484 2.00118936028037
  5755 1.36433349749822 4.36689219475556 2.60663739377340
  5757 0.35030286190558 4.68677858956583 6.74422072628407
  5758 0.77687806258670 4.81532177329774 0.00191417669903
  5760 3.47440169567038 0.46518348473214 5.47413954547020
  5762 6.23373381200942 1.97500345666971 1.02206157168739
  5763 6.38128234428625 2.27900293402478 1.20620578298371
  5765 5.54885566104481 1.89279601461905 3.03029027178090
  5767 5.07961634716890 1.73308330865292 3.08803524304190
  5768 0.68108034239760 4.47174697446091 2.86137500661105
  5769 0.64932307981125 4.22817307160780 2.31824909968044
  5770 6.06904096838288 2.36688946442575 1.26695875493042
  5771 5.96901635354437 2.05100191222427 1.07792206214338
  5772 1.41511261971686 3.92394311499551 2.33861425948155
  5774 1.00098146232697 3.84120216774487 2.17686578851857
  5775 1.34979051675580 4.32996060652161 2.48551070866747
  5776 0.77696518234427 4.21151597472894 2.24695116305356
  5781 6.78301698166985 4.70785686059294 0.34803013283107
  5785 5.51720701746667 1.96954309366118 2.58592518946973
  5786 5.02498303864123 1.78849089423533 2.69166743589861
  5787 6.84583146737862 4.40223965808339 0.86460432462732
  5788 6.67539200530956 4.31591343800599 0.44493894206514
  5789 3.34325921056889 0.69327612011881 5.14485581798573
  5790 2.99314139745567 0.57896481629382 5.04055222524727
  5791 4.50701235452702 3.28731380411029 1.42514789768456
  5796 1.22479924808995 3.65218507768555 4.18820099532272
  5797 1.31306359045550 3.81048838320339 3.55890671991934
  5798 1.46950089374559 3.80333874046079 3.92137962172356
  5799 4.81222019035341 2.85195322110462 1.40769621257982
  5800 4.71322936638132 2.60426921369658 1.04291334300755
  5804 0.84330934798745 3.61934406517897 3.58225721288608
  5805 0.80353157695110 3.50731947906400 3.95871841979082
  5810 6.10666836739132 1.62265119598085 3.51549810916912
  5813 6.46883765933804 4.74317868526343 3.00346095150535
  5814 6.11231857897477 1.21463266510152 2.93963180005343
  5815 5.85067049844967 1.47487716509026 3.25443498931955
  5816 6.79193708214434 5.14821590598476 2.82931747885410
  5817 6.65426337572121 4.87652694241592 3.07978134111801
  5820 3.95561727465607 3.32973148143270 1.20210299043250
  5821 4.28378172269592 2.97496762416814 0.86896491116601
  5822 4.25678768250853 3.31003300053217 1.09255974356590
  5823 6.48758061657960 5.09087826874236 2.42160809596789
  5824 6.29317299398273 4.89539626144871 2.49218657282754
  5827 4.69909732563114 1.25585707234445 5.89003929691717
  5828 5.08334733550780 2.67208068170021 6.86664965978028
  5830 5.12692759280615 2.81737795647241 0.15514221306913
  5831 4.83470463320651 2.59123431777651 6.97708496324229
  5832 4.91082489160244 2.74528371055076 0.23752725768190
  5833 3.85812313049782 2.70387671909792 0.88499384953406
  5834 3.67462254390373 2.82443615263636 1.03888912392912
  5836 4.47859935582191 1.13668010471358 5.67357398388871
  5839 6.79605411367382 1.79716800310657 3.31254304037385
  5840 3.36508284266036 1.41908714619375 6.50496955710049
  5843 3.33460134761607 1.96912367413747 6.61530992748999
  5844 3.48909525595453 1.75392423430519 6.40816866028386
  5845 4.60656268518817 1.69405294829314 5.98436819000921
  5848 1.31935811858486 2.34794879460869 3.29686996529352
  5849 1.73348709572698 1.91088663569051 3.16523026859451
  5852 4.64558325739526 1.53081466359167 5.82364391677256
  5853 6.52296073994292 1.22198235513723 3.04412003090530
  5854 6.55818244167480 1.48499668905505 3.40387794704197
  5855 6.79607576735896 1.40124696632480 2.65989443769247
  5856 6.98255513585124 1.74586522598441 2.82802091644358
  5862 2.08518401072037 2.34513665814498 3.07146481994538
  5863 1.54778216071856 2.60937465803831 3.23606232846057
  5864 6.14689137965615 0.50524379736404 4.15961324983945
  5866 5.82143858737431 0.37292851924413 4.57084563796751
  5868 1.18503074069456 0.54658562615079 2.32466464023516
  5870 3.06566804972933 1.49077985384031 6.87749789589956
  5871 3.05521606245202 1.71676890081364 6.92347363353246
  5875 1.30524336173105 0.60741364390196 2.09910427830178
  5876 1.52282537020130 0.36792921990508 2.07834206009900
  5877 5.62611005167497 0.73016668251971 3.90310594831377
  5878 5.38683508302419 0.60703229350068 4.22938516080430
  5879 6.48870045820474 3.01906822426159 2.20864229509552
  5881 6.28120049715968 3.34748256252583 2.13610545745156
  5884 4.48417275803579 1.42365709392125 5.15973761373986
  5885 6.15703878297484 0.44442539422470 1.87265983161330
  5886 6.40765817152953 0.28295199060303 2.04269694573907
  5890 6.33582929281015 0.59000194946585 1.71155443210546
  5891 6.58451782712721 0.48403957382449 1.83563763337971
  5892 1.32291644301211 0.25826658318913 2.43922841970530
  5893 1.48775190594075 0.19616424494080 2.31729571417642
  5894 3.77342095752782 1.61866021007725 5.16587219017308
  5895 4.15453855067912 1.54052210233148 4.94173803127845
  5896 3.80789622052285 1.53048511757593 5.53994174460378
  5897 4.40604688096753 1.35486381127675 5.58978485386461
  5898 6.87307528254488 3.20859102492295 2.08187502085229
  5899 6.70769786148210 3.53091935255588 2.01654699160059
  5901 5.30384589895330 2.56880137213666 6.04674623703372
  5931 5.28270162718971 2.14054909423665 6.04075145371447
  5932 4.86454652965073 1.94743014572585 5.81956711746650
  5940 2.96770678434902 6.15420557426098 2.34280259706188
  5941 2.75816860430124 6.21890317886705 2.86644768832872
  5943 2.56817513104452 6.54504434943782 2.59157275910468
  5944 2.74691873971770 6.45488458804379 2.20856715689897
  5948 6.60316827001176 0.51451696271629 3.13630349957472
  5949 6.73177717000898 0.72216120608027 3.14400210421502
  5953 6.75198566050944 0.40182416820520 2.93205507067045
  5954 6.90916331942223 0.63008998724113 2.92715203060334
  5956 0.95360371940973 1.91440689166088 2.23478515695734
  5957 0.77250986094434 1.69326873969196 1.82879851295649
  5959 4.92576376004748 3.02295306797426 5.59953122235728
  5960 4.53606031806899 2.73149810376258 5.23449962926440
  5963 4.04527892295477 0.71549341204479 5.88033442416406
  5964 4.91875995637917 2.76822049235997 5.91529032706362
  5965 4.62639136770624 2.45261002846813 5.75031180018613
  5966 4.24498846266631 0.11408052249809 6.09026253897453
  5967 4.09514173763624 0.33065537063873 5.69286942905070
  5968 1.29458925171968 1.84309511548236 2.07300122983852
  5969 1.21793056130068 1.65839803562864 1.73784553016914
  5971 4.42258569428106 3.80175112549884 3.57066741024018
  5973 0.82755198152145 3.34839566117341 1.42221846142924
  5975 0.75514823149372 3.00278604667000 1.63546787004771
  5976 4.56830745986899 3.85085531501897 3.01207616031287
  5977 4.83823100796971 3.63255719355808 2.93090656937298
  5978 4.95436908332999 6.37184376097902 6.95774523888395
  5980 4.90235380972322 6.07664630083764 6.55653896831767
  5981 1.03921599921752 3.21223288783270 1.25613973142370
  5982 1.02412957664765 2.93001811647993 1.37866265838636
  5983 4.60567529002803 3.20190078097743 3.89197596625391
  5986 4.72159056175645 3.46337784542895 3.76228245319770
  5987 5.00986088316957 3.34435209762178 3.37260759617706
  5988 4.54378187343171 6.34278916357377 0.03763660529579
  5989 4.45212541989716 6.13439201201869 6.76919148795079
  5990 5.00999167644253 3.06930591821027 3.30217453201942
  5991 4.77800228683516 2.82299439052590 3.60549415944911
  5997 0.09578829092260 3.59109052677121 4.55744582075914
  5999 0.33987122513672 3.88555289196645 4.46043362679400
  6000 0.12873581031438 3.52535406773417 4.28024945810842
  6001 0.31893277412121 3.73188414847441 4.18746654383415
  6025 3.58143537188155 3.53494463757830 3.36499887100412
  6026 3.23943581541512 3.62771552919115 3.65199160641159
  6030 3.77257525407704 3.65955135777179 3.59797280363649
  6031 3.56187801609359 3.73512319494176 3.84104430742920
  6033 5.49096617044944 3.80446311379032 2.06673042936712
  6034 5.72502916496566 3.47637736179445 2.03511251249741
  6035 5.24060196342886 3.55640749195325 2.07032348371856
  6036 5.41599614477374 3.30996144111541 2.04326870286391
  6050 3.36185802613390 0.58450528832912 3.33882090074937
  6052 3.30779081194647 0.29971626495604 3.19968307320330
  6053 2.92918216118628 0.11009147778891 5.83760495645645
  6058 3.15547198512216 0.14397161873241 5.54202867267756
  6059 2.84856193560178 0.19599279945153 5.26424956792123
  6060 3.61636302333983 0.86722217528769 3.00312904669463
  6062 2.53405846958137 1.28497407424593 2.28167724760365
  6064 2.60631769770499 1.75593133123150 2.26853266859727
  6065 2.87391251019767 1.35744885504984 2.43259700848668
  6066 2.86272069833652 1.72261781953151 2.38724551299664
  6073 5.41212904056060 1.58916041795835 1.28285197258431
  6074 5.59695893685715 1.63185375192496 1.36827001159115
  6075 5.31963370158061 1.63407976787428 1.45315859273447
  6076 5.49604632009073 1.67596080441143 1.54767314573694
  6077 4.58103908672638 6.27918809664993 6.00696268123062
  6078 4.81092580764009 6.63164389913524 5.80616987559631
  6080 5.17864239675636 6.44947939739942 6.10724851150749
  6081 4.96071988025254 6.12534007413303 6.27737540475298
  6082 4.41382088308774 0.88454559806689 6.52577240958207
  6083 4.62629658389469 0.52652423574507 6.63765572352794
  6085 4.23401680218164 0.31438395208422 6.36624320320676
  6086 4.10178422261521 0.65615376759394 6.30270262162114
  6097 2.78377766201859 5.83856016862981 1.43647942702447
  6098 2.66280845401208 5.80959495748562 1.73812208882761
  6100 2.49356481837394 6.08418250408593 1.68585477821746
  6101 2.58823023253526 6.10917489935928 1.43698567117669
  6102 5.46230034400061 1.41253181544540 0.21930902927524
  6104 5.58398731283831 1.14756659491607 0.14126887089696
  6110 5.38759983163687 1.46956319896724 6.90074571423831
  6111 5.49041770162762 1.22674546465447 6.83287183906189
  6113 2.26553055732038 0.73104366479383 5.44365503224722
  6115 2.18362639558120 0.82934025308913 5.87625579177136
  6116 2.28659199159424 0.58416805911118 6.05494583072335
  6117 2.55104059152882 0.20114655504050 5.41659433911968
  6118 2.55790461612576 0.13862256463059 5.69218990538523
  6121 2.71147466087005 1.48346183608585 5.67937499211531
  6122 2.65497821405788 1.65606766200300 5.09055693062819
  6123 2.76974984881407 1.36687629471222 5.32344776354007
  6124 4.21722206499929 2.39588972512364 5.97994473814270
  6126 3.72395570284727 2.43280739797659 5.67568070363035
  6129 2.82967855339587 2.27413528376535 5.84896029820670
  6130 4.13903451165433 1.96334871306873 6.08838813683945
  6131 3.76060348364191 1.90657350980253 5.86077031166750
  6132 2.56005019109323 1.82035431644537 5.20179015911171
  6133 2.57694542316865 1.76519536455692 5.64403358030177
  6140 2.83970290173879 1.66104326562816 4.11947729386188
  6141 2.51709008590561 1.87478392972640 3.96135244730596
  6142 2.40763198686958 1.51430846886518 4.42454174917244
  6143 2.22652351896388 1.74642778538359 4.19467763379142
  6149 5.00010944868021 6.28853037580175 3.23397018727020
  6152 5.32487840948771 6.75700593966239 3.46539748587263
  6153 5.11503891642652 6.66819366033321 3.21097921156665
  6154 5.99344882617037 5.74481807578155 3.52505076766619
  6157 6.31546112894327 5.86810110996386 3.33957702040737
  6158 6.57407280033709 5.58114800641534 3.43630387862995
  6161 6.60484465970687 4.85934238429834 1.31002624488124
  6166 6.42679178133443 5.17585600370981 1.17029759086920
  6171 0.64890841664082 5.45076214957901 0.48073240450144
  6172 0.92341208565663 5.42838586122987 0.19914627081835
  6173 6.60359512153260 5.24679408517370 0.64261494081819
  6174 6.50445362739699 5.26859907935172 0.54878238925597
  6175 0.85902298629047 5.61585353225423 0.72233058118498
  6176 1.14325865190918 5.57793575227478 0.40842658159019
  6177 5.90101330747569 5.65897709054990 0.71205414917390
  6180 6.09069499268823 5.21170122932648 1.13494485542790
  6181 6.06510516558283 5.28953816767936 0.74419770472056
  6182 5.74392243919972 5.83360560451935 1.32733413792242
  6183 5.83371517962381 5.63579579095986 1.48598258553303
  6184 5.43704670878483 5.26122933643131 1.72027341696105
  6186 5.39909670887282 5.17398895710762 2.14384239588360
  6187 4.92140204450507 5.38053227084446 1.68659303480837
  6188 4.93815235168764 5.28950067003397 2.09679826259376
  6189 6.38184315394416 6.49695323909446 0.86824739051061
  6190 6.26132028952354 6.75215853681784 0.78742374194813
  6192 6.29201153317473 6.67112091035629 0.43892117807887
  6193 6.43306464454155 6.39471160626948 0.59138755825373
  6194 0.44911859398216 4.92084643684466 0.51580213265578
  6196 0.47021047870941 4.69867311299463 0.88077020481872
  6197 6.88056033169334 4.82124491557350 0.55513509044230
  6198 6.91441379950968 4.63008825678653 0.86447995736689
  6314 2.94892055041618 2.58948526860118 5.15894827215508
  6316 2.97733047662881 2.64037875555641 5.25653174562775
  6317 2.85879460300958 2.55335329313983 5.20379290089287
  6318 2.88338429607147 2.60389012663381 5.30058430591013
  6320 3.65779150684358 2.45924702035159 3.34562353386477
  6322 3.60630035688319 2.24256716337193 3.85890002343293
  6323 3.56775962472422 1.84997267496495 3.79462937667989
  6325 4.87096563317582 5.91731745453509 3.90243025698472
  6327 5.18282812670644 6.09022097628084 3.57443483393572
  6328 5.40846467552144 6.33603000374305 3.75844510606660
  6329 6.55128871072466 5.24295601516128 3.89259677839736
  6331 6.19521048813955 5.31076237230828 4.23836116611443
  6332 6.41564981756050 5.32791213934097 3.58962712245387
  6333 6.05641372352216 5.45843984930468 3.65099501892468
  6350 4.90321727941388 6.28889091490749 4.50044307116680
  6352 5.07586515527827 6.13022998631142 4.33217147087648
  6353 5.36086539103117 6.36154160118429 4.18132054885093
  6354 5.05913940375171 6.77966987988915 4.54825320036467
  6355 5.21808792154982 6.82275318371038 4.42807903258182
  6376 4.67078609414258 6.93047506091482 3.21916917477838
  6378 4.53401753860816 0.14912988228620 2.89854116191214
  6379 4.45776508275337 6.69062570339657 3.22152227386303
  6380 4.25178667912274 6.86641722120758 2.85444229272004
  6381 4.21412575275967 1.25218795377063 3.92633953846841
  6383 4.16268215201590 0.83488984275492 3.71981704918022
  6384 4.27139764712265 1.27434398283141 3.52530778387539
  6385 4.22677836015842 0.95889518674221 3.43748137971837
  6386 3.93080600214079 1.51418273445495 3.19737873114345
  6387 4.04352128097015 1.89730914704502 2.92380795174544
  6389 3.62440782263678 2.13355731582391 3.13652597491253
  6390 3.55163069673338 1.80367491556266 3.34947195323383
  6391 3.42399082248760 0.88202082166105 2.29580230315009
  6393 3.35894216832144 0.38815795949037 2.38789768153233
  6394 3.63971640091897 0.83583179768488 2.93921593852039
  6395 3.52437092393674 0.38051112899360 2.87513539316500
edges 4076
5      8      5
6      5     17
12      9      8
50     31     33
94     64     77
95     77     55
102     55     52
115     71     74
126    103    102
148     87     85
150     85     91
173    124    125
204    131    127
210    127    125
217    142    141
218    141    158
221    152    145
222    145    148
223    148    142
231    151    146
233    147    158
234    141    150
236    148    143
237    143    150
238    145    146
239    151    143
241    161    138
242    138    152
245    138    163
251    162    163
261    171    185
264    173    179
265    179    171
268    181    180
269    180    173
271    175    190
272    190    191
273    191    181
274    179    174
284    174    177
290    180    177
294    197    194
295    194    190
346    229    232
379    241    240
380    240    238
382    238    243
440    284    285
465    297    299
466    299    295
467    295    298
472    299    304
473    304    308
474    308    312
475    312    298
484    306    297
485    306    300
486    300    304
504    322    320
505    320    324
508    322    332
509    332    330
510    330    324
511    321    330
563    378    365
570    375    362
599    392    390
600    390    413
616    389    390
620    419    389
654    430    432
685    442    429
693    462     52
726    472    471
727    471    470
728    470    478
733    471    486
734    486    487
735    487    478
736    472    483
737    483    485
738    485    469
739    469    486
752    476    481
753    481    469
754    485    476
755    476    484
758    488    481
762    487    488
786    432     71
793    509    510
796    514    102
797    103    518
800    514    520
821    538    539
847    539    540
848    540    531
860    557    544
882    562    549
887    577      5
896    580    577
900    586    587
901    587    585
902    585    566
903    566    580
906    585     17
962    606    617
986    626    627
994    629    627
1012    641    643
1029    647    662
1030    662    657
1034    131    648
1035    648    662
1036    648    651
1048    322    678
1057    668    332
1064    671    666
1075    666    679
1089    699    686
1100    681    684
1149    724     33
1163    742    739
1176    736    741
1177    741    742
1210    719    763
1212    763    764
1225    668    782
1242    769    776
1243    776    783
1277    795    794
1280    796    802
1291    796    803
1336    243    833
1337    833    824
1349    835    845
1350    845    843
1351    843    844
1352    844    841
1353    841    835
1354    835    838
1355    838    852
1356    852    587
1357    585    845
1361    836    846
1362    846    586
1363    852    836
1364    836    848
1365    848    849
1366    849    853
1367    853    846
1376    843    851
1377    851    850
1381    849    686
1382    566    851
1397    863    867
1405    865    871
1411    862    865
1413    124    862
1415    870    871
1416    870    863
1421    877    875
1436    872    890
1441    877    894
1459    885    890
1463    911    913
1470    910    911
1475    901    909
1476    909    655
1483    903    912
1487    903    910
1497    920    923
1498    923    927
1499    927    924
1542    947    940
1543    274    947
1584    971    978
1585    978    968
1591    969     87
1594    979    969
1597    979    967
1606    973    976
1615    967    977
1618    977    976
1620    991   1015
1664   1020   1038
1671   1022   1038
1677   1022   1037
1678   1037   1021
1679   1021   1036
1680   1036   1035
1681   1035    171
1714   1045   1046
1720   1046     64
1739   1020    927
1741   1059    920
1742   1065   1068
1748   1070   1065
1752   1081   1068
1776   1081   1076
1777   1076   1080
1783   1091   1099
1784   1099   1106
1785   1106   1100
1786   1100   1098
1787   1098   1091
1788   1091   1094
1789   1094   1097
1792   1093   1102
1793   1102   1099
1794   1098   1092
1795   1092   1101
1796   1101   1094
1797   1100   1104
1798   1104   1103
1799   1103   1092
1817   1112    472
1820    862   1112
1824   1118    470
1831   1114   1118
1833   1122   1114
1845   1137   1136
1846   1136   1126
1847   1126   1130
1848   1130   1134
1868   1122   1137
1890   1151   1147
1894   1153   1155
1902   1080   1156
1903   1156   1155
1919   1181   1178
1927   1168   1184
1957    266   1202
1980   1207     85
1984    626   1207
1985    643   1210
1986   1210   1211
1989   1209   1210
1991   1211    681
1992    684   1209
2003   1214    722
2004   1212   1226
2006   1217   1212
2007   1212   1218
2010    940   1226
2012   1216   1218
2020   1221   1216
2069   1244   1255
2078   1259   1266
2083   1259   1261
2084   1261   1265
2092   1065   1265
2137   1289   1293
2141   1287   1289
2145   1287   1294
2154    580   1300
2179    476   1304
2180   1304    146
2211   1336   1328
2215   1330   1323
2216   1323   1326
2219   1324   1336
2220   1329   1324
2221   1324   1325
2222    976   1346
2224    147    973
2227   1349   1346
2229    158   1345
2230   1345   1344
2231   1344   1348
2232   1348   1347
2234    141   1344
2235   1349   1350
2236   1350    150
2238   1348   1350
2251   1364   1352
2254   1362   1361
2255   1361   1364
2261    662   1352
2262   1361    657
2299   1375   1357
2301   1380   1375
2333    392   1401
2334   1401   1212
2343   1147   1405
2345   1405   1226
2358   1406   1409
2362    174   1406
2384   1419   1421
2385   1421   1424
2389   1430   1419
2406   1439   1447
2407   1447   1446
2408   1446   1445
2411   1448   1439
2413   1329   1449
2414   1449   1448
2421   1449   1447
2422   1445   1440
2445   1460   1336
2455   1466   1457
2463   1459   1461
2470   1472    890
2471    885   1457
2488   1460   1077
2497    852   1481
2506   1484    469
2530   1508   1493
2533   1489   1504
2535   1493   1502
2536   1502   1489
2537   1489   1496
2555   1510   1511
2563   1517   1530
2583   1528   1529
2589   1529   1525
2621   1549   1563
2622   1563   1559
2629   1559    644
2661   1566   1570
2669   1571   1570
2682    900   1577
2683   1577   1081
2690    557   1580
2691   1580   1587
2692   1587    679
2726    297    515
2731    299    699
2758   1616   1617
2770   1619   1622
2775   1622    969
2776    967   1617
2836    362    769
2837   1532   1657
2840   1656   1657
2853   1663   1137
2867   1671   1666
2868   1666   1667
2871   1666   1676
2877    161   1674
2878   1674   1668
2883   1674    782
2888   1677   1676
2924    901   1698
2925   1698   1261
2926   1577   1703
2930   1702   1698
2931   1702   1701
2932   1701   1265
2933   1701   1699
2934   1699   1068
2935   1699   1703
2967   1722   1724
2972   1717   1719
2977   1725   1717
2978   1717   1722
2980   1725   1723
2981   1723   1724
3000   1732   1736
3019    912   1742
3021   1742   1380
3036   1765   1751
3082    958    841
3117   1792   1789
3121   1800   1792
3128    824    180
3129    181   1804
3130   1804   1806
3132    833   1804
3135   1809   1810
3136   1810   1806
3146    849    304
3154   1207   1622
3229   1843    867
3252   1855   1130
3253    375   1854
3264   1861   1676
3269   1861   1862
3272   1862    260
3314   1809   1883
3339   1862   1015
3342   1894   1900
3343   1900   1901
3344   1901   1202
3348   1895   1900
3372    763   1913
3373   1913    945
3381   1915   1912
3382   1912   1867
3383   1913   1915
3385   1912    764
3406   1544   1927
3407   1927   1926
3408   1926   1289
3409   1926   1244
3416    241   1927
3419   1795   1939
3420   1939   1938
3461   1642   1349
3500   1965   1155
3501   1965    540
3516    531   1964
3534   1973   1725
3574   1989    175
3575    190    641
3579   1806   1563
3594   1303   1996
3605   1517   1938
3611   1939   2000
3618    194   1210
3619   1209   2003
3622    197   1211
3628   1699   1736
3640   1021   1352
3649    647   1036
3673   1677   2038
3674   2038   2032
3675   2032   2031
3681   2034   2038
3682   2031   2024
3683   2024   2029
3692   2027   2030
3693   2030   2025
3695   1668   2027
3699   2030   2029
3700   2034   2035
3704   1214   1855
3725   2043   2045
3744   1924   1883
3745   1549   1810
3747   1797   2058
3753   2057   2058
3755    742   1722
3764   2062    909
3775   2063   2071
3778    576   2063
3781   2074   2071
3817   2032   1895
3822   2035   1762
3828   1259   2084
3829   2084   2085
3830   2085   1698
3836   2062   2085
3842   1227   1582
3862   2094   2100
3865   2097   2094
3866   2094    497
3869   2097   2096
3876   2096   2104
3877   2104   2008
3881   1639   1459
3885   1965   2106
3890    539   2106
3899   2109   2110
3901   2110   2111
3905   2111   1502
3906   1493   2109
3921   2118    843
3922   2118    289
3924   2122   2121
3928   1656   2120
3929   2120   2122
3931   2119   2123
3932   2123   2120
3933   2111   2119
3935   2121   2123
3955    602   2127
3966   2135   2141
3971   2135    520
3991   1406   1854
3995   2135   2127
4002    478   2146
4013   1266    846
4014    836   2084
4017    308    853
4028   1751   2153
4030   1765   1792
4031   1789   2153
4033   1996   2058
4049   2029   1587
4060   2161   2162
4074   2000   1318
4090   2173   2171
4091   2171   1181
4094   1348   2173
4112   2180    390
4113   1401   2178
4119   2178   1217
4126   2123   2173
4129   2119   1344
4130   2110   1345
4147   2178   1097
4149   2180   1091
4151   1099    413
4153   1093   1904
4160   2186   1279
4169   2192   2186
4197    347    700
4201   1481   2085
4242   2221   2223
4247   1103   2222
4248   2222   2225
4249   2225   2227
4250   2227   2221
4257   2223   2218
4259   2218   2227
4263    312   2229
4266   2230    850
4278   1362   2237
4279   2237    910
4287   2031   2238
4288   2238   1900
4310    509   2122
4330   1445   1525
4351   2097   1499
4352   2096   2251
4353   2251   2182
4360   2253   1566
4361   1570    162
4377   2218   2260
4378   2260   2259
4379   2259   2025
4380   2259   2230
4381   2260    851
4382   2227   2118
4393   2266   2265
4394   2265   2264
4397    870   2266
4399   2265   2262
4401    871   2262
4421   2269   1419
4452   1894   1421
4453   2269   2238
4458   1571   2222
4469    803   2266
4496   2260   1300
4503   2288    518
4508   2289   1106
4524   2161   2283
4527   2268   2143
4533   2253   1098
4548    802   2298
4552   2297   2298
4553   2003   2297
4573    617   1769
4584   2306   2264
4596   2308    911
4613   2104   2288
4616   1927   2312
4617   2312   2313
4619    796   2312
4620   2313   2298
4623   2313   2306
4624   2312   2265
4626   1926   2262
4696   1657   2337
4785   1020   2366
4788    173   2366
4889   2401   2402
4895   1616   2401
4896   1642   2402
4964   1732   2425
4967      3   2425
4971   2428   2430
4975   1255   2430
4976   1996   2428
4978   2057   2430
4993    808   2436
4996   1769   2436
5070   2460   2461
5072   1249   2460
5076   2043   2461
5081   1571   2463
5082   1092   2463
5083   1566   2463
5086    453   2464
5087    510   2464
5091   2466   2467
5092   1044   2466
5093   1424   2466
5096   1894   2467
5097   1202   2467
5177    647   2493
5180     47   2493
5185    131   2495
5188    651   2495
5200   2501   2502
5206    901   2501
5207    900   2502
5211   2505   2506
5214   2045   2506
5221    173   2507
5224   1020   2507
5249    795   2517
5291   2531   2533
5293   1619   2531
5296    848   2531
5298   2084   2533
5317   2540   2541
5324   2014   2541
5336   2546   2548
5338   1045   2546
5340   1050   2548
5341   1148   2546
5383   2218   2561
5386   2025   2561
5451    724   2584
5457   2586   2587
5459   1517   2586
5460   1527   2586
5462   2000   2587
5465    833   2588
5466   1809   2588
5541   1279   2612
5564   2620   2621
5568   1466   2621
5570   1459   2620
5577   1496   2624
5603   1510   2632
5643   1559   2645
5659   1386   2652
5695   2100   2664
5698   2237   2664
5755   2027   2683
5788   1671   2692
5789   1677   2692
5794   2692   2694
5795   2034   2694
5820    557   2701
5831      8   2704
5859   1021   2714
5862   1038   2714
5867   1330   2716
5870   1357   2716
5911   2732   2733
5914    968   2733
5916   1259   2732
5929   2738   2739
5931   2162   2738
5934   2283   2738
5935   2285   2739
5950   2588   2745
5987   1496   2756
5993   2758   2759
5994   1493   2758
5996   1504   2758
5997   2109   2759
5999   1667   2759
6013   1855   2763
6058   2268   2778
6061   2106   2778
6062   2779   2780
6069   1168   2780
6109   2795   2796
6126   2800   2802
6128   1508   2800
6130   2182   2802
6131    102   2800
6164   1323   2812
6173   2114   2815
6176   2127   2815
6188   2821   2822
6189    284   2821
6192    719   2822
6194    721   2822
6211   1081   2827
6212   1065   2827
6227   1148   2832
6229   1147   2832
6230   2833   2834
6233    602   2833
6269   2845   2846
6272   2501   2845
6276    912   2846
6296   2854   2855
6299   1703   2854
6300   1702   2855
6302    900   2854
6303    901   2855
6309   1448   2858
6312   1153   2858
6332   2866   2867
6333    103   2866
6334     88   2866
6335   2802   2866
6336   2288   2867
6337   1989   2867
6338   2251   2867
6346   2870   2871
6347    568   2870
6348    577   2870
6350   1293   2871
6351   1303   2871
6362   2493   2874
6363    657   2874
6375   2584   2878
6377     33   2878
6386      8   2881
6388   2882   2883
6390    978   2882
6404   1362   2886
6405   1357   2886
6409   2888   2889
6410   2035   2888
6412   2032   2888
6413   2025   2889
6415   2024   2889
6423   1178   2891
6439    950   2898
6442   2264   2898
6448   1221   2901
6457   1202   2904
6460   1915   2904
6490   2915   2916
6495    544   2915
6496   2826   2916
6512    375   2921
6514    378   2921
6545   2467   2930
6555   1214   2933
6581   2941   2942
6582   2161   2941
6586   2153   2942
6665   1450   2966
6666   2967   2968
6668   2100   2967
6670   1529   2968
6674    161   2969
6676    162   2969
6710   2980   2981
6712   1815   2980
6720   2253   2982
6739   1674   2989
6742   2683   2989
6751    147   2992
6754    736   2994
6755    872   2994
6765   2930   2997
6771   2178   2999
6772   2180   2999
6773   1094   2999
6780   1122   3001
6788   3004   3005
6789   2062   3004
6790   2533   3004
6791   1624   3004
6793   1617   3005
6827   3016   3017
6828     17   3016
6829      3   3016
6831    587   3017
6841   3020   3021
6842    566   3020
6843    586   3020
6845    850   3021
6846    853   3021
6847   2229   3021
6862   3026   3027
6864   1416   3026
6868   1430   3027
6931     47   3048
6932     31   3048
6933     48   3048
6948    125   3053
6949   3001   3053
6955    813   3055
6957   1156   3055
6965   3058   3059
6968    453   3058
6969    497   3059
6971    510   3059
6986   3064   3065
6987   2756   3064
6988   1502   3064
6989   2121   3064
6990   1499   3065
6991   1508   3065
6992   2182   3065
7000   3068   3069
7001   1481   3068
7003   1702   3068
7004   3017   3069
7005   2425   3069
7006   1701   3069
7007   3070   3071
7008    185   3070
7009   2008   3070
7012   2288   3071
7013    175   3071
7038   1386   3079
7050   3084   3085
7052   2259   3084
7053   2889   3085
7083    794   3094
7091   3097   3098
7092    776   3097
7096   1489   3098
7105   3101   3102
7107   2694   3101
7110   2035   3102
7111   2561   3102
7141   3113   3114
7143   2111   3113
7144   2119   3114
7146   3098   3113
7147   1656   3114
7186      9   3127
7188      0   3127
7210   3134   3135
7213   2461   3134
7214   1174   3135
7215   2966   3135
7216   2045   3135
7217   3136   3137
7218   1742   3136
7221    903   3137
7222   2664   3137
7223   2740   3137
7250   2495   3145
7257   3094   3147
7258   1639   3147
7273   2221   3153
7276   2881   3153
7277   3154   3155
7279     77   3154
7281   1447   3155
7283   1530   3155
7290   1904   3157
7306   1703   3162
7307   1772   3162
7314   2541   3164
7315   1883   3164
7319   3166   3167
7321   2815   3166
7323   2143   3167
7348   1103   3174
7349   2221   3174
7393    681   3187
7395   3189   3190
7396   2882   3189
7397     87   3189
7399    968   3190
7401    300   3190
7402   3191   3192
7404   2758   3191
7406    260   3192
7413     55   3194
7415    462   3194
7433    850   3199
7436    686   3199
7443    976   3203
7446    979   3203
7466   3211   3212
7467   3190   3211
7468   2531   3211
7469    969   3211
7470   2732   3212
7471   2533   3212
7472    967   3212
7481   2063   3215
7487   3217   3218
7488    481   3217
7489    146   3217
7490    163   3217
7509   2402   3223
7510   1639   3223
7517   3226   3227
7520   2871   3227
7522   2994   3226
7523   2455   3227
7544   2716   3234
7549   2740   3235
7563   1450   3239
7564   1174   3239
7569   1386   3241
7570   1391   3241
7602   2014   3251
7638    924   3263
7641   1806   3263
7652   3268   3269
7653    124   3268
7656   1112   3269
7657    950   3269
7667   1642   3272
7698   1532   3281
7699   3114   3281
7700    142   3281
7702   2143   3282
7704   2803   3282
7720   1725   3287
7723   1719   3287
7738   1559   3293
7758   3300   3301
7762   2505   3301
7763   1001   3301
7766   3185   3302
7767   1001   3302
7768   1762   3302
7798   1481   3312
7801    838   3312
7823   2008   3319
7835    430   3322
7858   2796   3331
7859    808   3331
7867    229   3333
7868   3334   3335
7869    872   3334
7870    863   3334
7872   3226   3335
7873    871   3335
7874   1293   3335
7876   3162   3336
7878   1736   3336
7893   3027   3341
7895   3085   3341
7899    306   3342
7917   3348   3349
7920   1330   3348
7921   1326   3349
7923   1375   3348
7937   3355   3356
7939   1347   3355
7940   2182   3356
7942   2173   3355
7943   2121   3356
7957   1582   3361
7958   2709   3361
7960   3362   3363
7961   1036   3362
7965   3001   3363
7966   1663   3363
7977   1001   3366
8003   3374   3376
8005    158   3374
8007   2110   3376
8010   1667   3376
8038   3386   3387
8039   1439   3386
8043    531   3387
8044    429   3387
8070   1861   3395
8071   1895   3395
8072   2038   3395
8074   2027   3396
8075   2561   3396
8076   2225   3396
8080   3398   3399
8081    783   3398
8082    678   3398
8083    769   3398
8085   1409   3399
8086   1854   3399
8087   3400   3401
8088   1080   3400
8089   1153   3400
8093   1077   3401
8108   3406   3407
8109   2366   3406
8110   2714   3406
8111    171   3406
8114   3070   3407
8125   1059   3410
8133   3155   3413
8135   1938   3413
8140   1964   3415
8141   2548   3415
8143   3416   3417
8144    764   3416
8146   2822   3416
8193   1405   3431
8194   3157   3431
8195   1401   3431
8214    486   3437
8217   3438   3439
8219   1050   3438
8221    274   3439
8231   3442   3443
8232    679   3442
8234   2030   3442
8236   3199   3443
8237   2230   3443
8238   3444   3445
8240   1528   3444
8241   2586   3444
8242   1446   3445
8243   1525   3445
8244   1530   3445
8245   3446   3447
8246   2624   3446
8247   2933   3446
8248   2763   3446
8250    945   3447
8260   1148   3450
8261   1448   3450
8262   1153   3450
8280   3194   3457
8283   1971   3457
8304   1582   3464
8306   2915   3464
8314   3467   3468
8315   1466   3467
8316   1325   3467
8318   3234   3468
8320   1440   3468
8323   3223   3469
8324   1642   3469
8340   3342   3474
8341   2833   3474
8342   3475   3476
8343   2106   3475
8344   3055   3475
8346    538   3476
8347    809   3476
8387   2074   3488
8401   1093   3492
8402   3157   3492
8403   1097   3492
8408   1570   3494
8427    298   3498
8460   2874   3510
8467   3094   3513
8469    629   3513
8473   3515   3516
8474    510   3515
8477   2122   3516
8478   2756   3516
8485   2826   3518
8486   2203   3518
8487   3519   3520
8488    671   3519
8489   2989   3519
8490    668   3519
8493    330   3520
8494   3521   3522
8495   2587   3521
8496   3349   3521
8497   1318   3521
8498   3444   3522
8499   3348   3522
8515   3527   3528
8516    795   3527
8520   1544   3528
8521    796   3528
8542   1279   3533
8567    285   3543
8569   2878   3543
8584   3548   3549
8586   3199   3548
8587    844   3548
8588    671   3549
8589   3442   3549
8590   2683   3549
8592    920   3550
8593   3410   3550
8594    924   3550
8598   3552   3553
8600   3180   3552
8602   1566   3553
8604   3437   3553
8605   3554   3555
8606    181   3554
8607   3263   3554
8608   2366   3554
8609    175   3555
8611   3407   3555
8638   3564   3566
8642   1854   3566
8645   2921   3566
8650   2882   3568
8653    973   3568
8657   3571   3572
8659   3269   3571
8662    471   3571
8663   3437   3572
8682    876   3578
8683   3503   3578
8689   1724   3580
8691   1798   3580
8707    197   3585
8709   3071   3585
8721   3589   3591
8726      0   3589
8728   3417   3591
8752   1419   3600
8756   3601   3602
8757    562   3601
8758    295   3601
8761    297   3602
8762   2833   3602
8764    655   3603
8765   2495   3603
8766     46   3603
8774   2704   3606
8775   3153   3606
8776    289   3606
8782   3585   3608
8783    518   3608
8790   2845   3610
8791   3611   3612
8792    724   3611
8794   1136   3611
8795     31   3612
8796   2513   3612
8797   1663   3612
8812   3617   3618
8814    813   3617
8815    808   3617
8816   3336   3618
8817   1772   3618
8818   2436   3618
8823    894   3620
8826    885   3620
8828   3622   3623
8831   1130   3622
8832   1221   3623
8834   1214   3623
8849   3628   3629
8853   1287   3629
8855   1544   3629
8895   3642   3643
8896   1391   3642
8897    438   3642
8898    442   3642
8899     74   3643
8900    432   3643
8901    429   3643
8902   3644   3645
8905   3628   3644
8906   2014   3645
8907   2981   3645
8920   2146   3649
8921   1118   3649
8923   3650   3651
8924   2513   3650
8925   3048   3650
8929   2670   3651
8934   1510   3653
8950   1416   3658
8951   3027   3658
8969   3664   3665
8970   1328   3664
8971   1461   3664
8973   1325   3665
8974   2620   3665
8975   1323   3665
9019    321   3679
9020    152   3679
9021   2207   3679
9051   1904   3688
9070   3695   3696
9071   3218   3695
9072    488   3695
9073   1309   3695
9075   2982   3696
9076    419   3696
9092    929   3701
9105   3079   3704
9125   3712   3713
9126   3187   3712
9128    666   3712
9130   3361   3713
9139   3716   3717
9140   1122   3716
9141   3653   3716
9142   2632   3716
9143   1118   3717
9150   3589   3719
9152   2796   3719
9153   3720   3721
9156   1800   3720
9157   1093   3721
9203   3736   3737
9204     88   3736
9206     85   3736
9208    643   3737
9209    626   3737
9218   3378   3740
9219   3717   3740
9224   3742   3743
9227   2714   3742
9229   3319   3743
9230   3407   3743
9245   3748   3749
9246   1511   3748
9250    462   3749
9255   1891   3750
9259   3752   3753
9260   2645   3752
9265   1989   3753
9270    911   3755
9272   2854   3755
9283   3759   3761
9285    365   3759
9287   1511   3761
9296   2283   3764
9299   3721   3764
9307   1304   3766
9309   3768   3769
9311   2502   3768
9313    913   3769
9314    900   3769
9334   3600   3775
9335   2916   3775
9336   1912   3775
9341   2745   3777
9348   2507   3779
9349   2745   3779
9350    824   3779
9365   3784   3785
9366   1484   3784
9367   3494   3784
9368    163   3784
9369   2207   3785
9371    138   3785
9377   1249   3788
9396   3580   3792
9403   2981   3796
9406   3229   3796
9413    809   3799
9414    875   3799
9415   3800   3801
9418    913   3800
9419   2803   3801
9421   2308   3801
9422   3802   3803
9424   2846   3802
9426    419   3803
9427   3610   3803
9428   1309   3803
9436   3806   3807
9437   3649   3806
9438   3740   3806
9440   3622   3807
9441   1134   3807
9442   2901   3807
9475   3818   3819
9477   2989   3818
9478   3785   3818
9480   3520   3819
9481   2207   3819
9483   3820   3822
9488   2645   3820
9490   3753   3822
9507   3828   3829
9510    177   3828
9511    191   3829
9514    194   3829
9548   3841   3842
9549    485   3841
9550   3766   3841
9552   1484   3842
9554   2898   3842
9555   3843   3844
9556    867   3843
9557   3145   3843
9558    127   3843
9559    870   3844
9561    124   3844
9573    509   3848
9576   3322   3848
9585   3852   3853
9592   3854   3855
9593    700   3854
9594   3589   3854
9595   3503   3854
9597   3591   3855
9598   2203   3855
9623   3863   3865
9625   3084   3863
9627   2230   3865
9628   1815   3863
9630   2229   3865
9634   1022   3866
9669   3005   3876
9695   3886   3887
9699    389   3887
9700   2982   3887
9701   2180   3887
9703    783   3888
9705   2763   3888
9722   2506   3893
9725   2745   3894
9726    927   3894
9755   3802   3903
9758    389   3903
9767    958   3906
9774   1499   3910
9777   3801   3910
9779   3601   3911
9780   3498   3911
9781   2834   3911
9795   3192   3915
9798   2135   3915
9815   3922   3923
9818   1795   3922
9819   1800   3923
9821   1789   3923
9825   3334   3924
9839   2540   3929
9840    929   3929
9846   3931   3933
9848    655   3931
9850    651   3933
9855   3934   3936
9857    813   3934
9859   2268   3936
9860   1772   3934
9862   2803   3936
9879   3942   3943
9880    266   3942
9882    260   3942
9883   1901   3943
9884   1835   3943
9885   1861   3943
9890   3319   3945
9892   3822   3945
9893   3946   3947
9894   2632   3946
9895   3564   3946
9896   1137   3946
9898   3566   3947
9899   1126   3947
9907   3950   3951
9908   2513   3950
9910   1409   3950
9911   3651   3951
9912   1227   3951
9913   2709   3951
9914   3952   3953
9915   3162   3952
9916   3755   3952
9919   3510   3953
9920   3036   3953
9926   1964   3955
9927   3166   3955
9929   3956   3958
9933   1798   3958
9936   1724   3958
9945   2104   3961
9959   3552   3966
9960   3572   3966
9963    684   3967
9990   3975   3976
9991   3761   3975
9992   1971   3975
9993   1723   3975
9994   1511   3976
9996   3792   3976
10010   2621   3981
10025    240   3985
10026   1924   3985
10043   3991   3992
10044    950   3991
10045   3572   3991
10047   1484   3992
10048   3437   3992
10049   3494   3992
10057   3995   3996
10060    929   3995
10064   3550   3996
10083    838   4003
10088   3475   4005
10089   2778   4005
10090    813   4005
10091   4006   4007
10092    741   4006
10093   3226   4006
10094    865   4006
10095    739   4007
10096   3227   4007
10097   2058   4007
10098   4008   4009
10099    910   4008
10100   3931   4008
10102   1362   4009
10103   3933   4009
10104    657   4009
10105   4010   4011
10108   2461   4010
10109   2192   4011
10112   4012   4013
10114   3777   4012
10115   1891   4012
10117   3759   4013
10123   1867   4015
10124   3600   4015
10125   1424   4015
10158   4026   4027
10159   2858   4026
10160   3386   4026
10161    540   4026
10164    538   4027
10169   2043   4029
10170   3185   4029
10172   4030   4031
10173   3263   4030
10174   3820   4030
10175   3410   4030
10176   3555   4031
10177   3822   4031
10178   3743   4031
10210   4041   4043
10212     88   4041
10214   1989   4043
10215   3737   4041
10217    641   4043
10221   1772   4044
10224   2803   4044
10249   2779   4054
10250   1391   4054
10251   3079   4054
10252   4055   4056
10253   2517   4055
10254   3644   4055
10255   3229   4055
10256   3527   4056
10257   3629   4056
10260   4057   4059
10262   3073   4057
10264   1294   4059
10267   1288   4059
10275   4062   4063
10276   2401   4062
10278   1639   4062
10279   2812   4063
10281   2620   4063
10305   4071   4072
10306   1430   4071
10307   3085   4071
10308   2701   4071
10309   2269   4072
10310   2024   4072
10311   1580   4072
10313   2192   4073
10314   3893   4073
10315   2612   4073
10323   1168   4076
10325   3533   4076
10328   3748   4077
10329    365   4077
10337   3101   4080
10340   1104   4080
10348    125   4082
10354   1795   4085
10357   1798   4085
10360   4088   4089
10361    103   4088
10362     91   4088
10363   3736   4088
10364   3608   4089
10366   1211   4089
10392   1221   4097
10395   2933   4097
10400    378   4099
10403   3779   4099
10408   4103   4104
10410    876   4103
10414    923   4104
10415   4105   4106
10422   3543   4106
10446    890   4114
10455    322   4116
10458    769   4116
10461   4119   4120
10462   1472   4119
10463   1457   4119
10466   3981   4120
10470   3866   4121
10476    875   4123
10477   4114   4123
10478   3620   4123
10483   2043   4125
10484   4011   4125
10485   3893   4125
10496   4129   4130
10498      5   4129
10499   2870   4129
10500   3296   4130
10501   3127   4130
10502   2455   4130
10504   1532   4131
10510   4133   4134
10511    413   4133
10514   1102   4134
10515   3688   4134
10521    844   4136
10523   2683   4136
10524   4137   4138
10526   3873   4137
10528   2832   4138
10530   1045   4138
10552   4145   4146
10554   3378   4145
10555    453   4145
10556   3749   4146
10559   4147   4148
10560   1375   4147
10561   3136   4147
10562   1528   4147
10563   2886   4148
10564   2664   4148
10565   2968   4148
10566   4149   4150
10568   3378   4149
10569   1527   4149
10571   4146   4150
10572   1517   4150
10573   4151   4152
10574    909   4151
10575   3876   4151
10576   2845   4151
10577   3931   4152
10579    912   4152
10580   4153   4154
10581   1405   4153
10582   4138   4153
10583   3691   4153
10584   3157   4154
10585   3873   4154
10587   4155   4156
10588    185   4155
10589   3585   4155
10591   2670   4156
10593   2709   4156
10605   2466   4160
10606   2904   4160
10607   1867   4160
10612    739   4162
10613   3958   4162
10614   1797   4162
10622   4165   4166
10624   3509   4165
10625   3498   4165
10626   2860   4166
10628    312   4166
10647   4173   4174
10649    102   4173
10650   2883   4174
10652    520   4173
10653   2141   4174
10665   3268   4178
10668   3053   4178
10673   3413   4180
10676   1449   4180
10679   4183   4184
10680   3203   4183
10681   3568   4183
10682     87   4183
10685     88   4184
10693   4187   4188
10697    515   4188
10699   4089   4187
10700     91   4188
10704   4191   4192
10706   2967   4191
10711   4193   4194
10714   3331   4193
10717   3719   4193
10727   4198   4199
10728   3474   4198
10730   2860   4198
10731   2834   4199
10732   2652   4199
10733   4165   4199
10736   4201   4202
10738    232   4201
10741    365   4201
10742   4013   4202
10745   4204   4205
10750    958   4204
10751   4136   4205
10759   4208   4209
10760   3300   4208
10761   3395   4208
10762   1015   4208
10763   1001   4209
10764   2034   4209
10766   4210   4211
10767   2045   4210
10768   3301   4210
10769   3185   4210
10770   2966   4211
10784   3509   4215
10785   2981   4215
10786   3251   4215
10791   2207   4217
10792   3842   4217
10793   2306   4217
10794   4218   4219
10795   3167   4218
10797   3439   4218
10798   2815   4219
10799   3915   4219
10819   4226   4227
10821   3239   4226
10825   1178   4227
10833   4230   4231
10834   3218   4230
10835   2992   4230
10836   3696   4230
10837    162   4231
10839   2253   4231
10853    923   4236
10854   3866   4236
10855   1038   4236
10856   4237   4238
10857   3300   4237
10858   2997   4237
10859    991   4237
10860   2505   4238
10861   3871   4238
10863   4239   4240
10865   2881   4239
10867   1797   4240
10869   1792   4240
10871   4241   4243
10873    179   4241
10876   1406   4241
10878   3564   4243
10882   4029   4244
10885   1751   4244
10888   4247   4248
10890   4080   4247
10892   3764   4248
10899   2826   4250
10900   3600   4250
10905   1800   4251
10908   4239   4251
10917   4073   4254
10927   4259   4260
10929   4194   4259
10930   3799   4259
10931   3578   4260
10932   4193   4260
10938   3966   4262
10939   4105   4262
10940   4204   4262
10950   3996   4265
10955   4267   4268
10956    202   4267
10957   3766   4267
10958    145   4267
10960   4217   4268
10961   3679   4268
10965   1532   4269
10968    148   4269
10976   2621   4273
10977   1843   4273
10984   2739   4275
10992   4278   4279
10993   3356   4278
10995   3848   4278
10996   2251   4279
10997   3753   4279
11000   4280   4282
11002    794   4280
11005   3981   4280
11007   1843   4282
11013   3322   4285
11016   2891   4285
11018    274   4286
11024   4288   4289
11025   2513   4288
11026   4241   4288
11027   1035   4288
11028   1663   4289
11029   4243   4289
11030   3362   4289
11031   4290   4291
11032   1106   4290
11033   4247   4290
11035   1102   4291
11036   3764   4291
11037   2285   4291
11046   4294   4296
11048    442   4294
11050   3241   4296
11051    531   4294
11053   3955   4296
11054   4297   4298
11055    392   4297
11056   4133   4297
11057   3768   4297
11058   3431   4298
11059   3688   4298
11060   1151   4298
11090    362   4308
11093   2337   4308
11095   4310   4311
11096   2982   4310
11097   3553   4310
11098    487   4310
11099   3886   4311
11100   3180   4311
11101   2146   4311
11111   4315   4316
11113   4121   4315
11114    894   4315
11125   4319   4320
11126   3924   4319
11127   4280   4319
11128   3527   4319
11129    863   4320
11130   4282   4320
11131    803   4320
11154   3079   4326
11162   4202   4330
11168   3748   4332
11170   4145   4332
11183   1901   4337
11186   2238   4337
11191   3580   4339
11204    835   4343
11205   4344   4345
11206   4120   4344
11207   3924   4344
11208   1472   4344
11209   3488   4345
11216   1938   4347
11218   4085   4347
11237   4354   4355
11240   3417   4354
11241   3432   4355
11243   2821   4354
11253   4359   4360
11255   3848   4359
11256    497   4359
11257   3945   4360
11258   4279   4360
11259   2096   4360
11274   2430   4365
11275   1249   4365
11285   4369   4370
11286   2428   4369
11287   4057   4369
11288   1244   4369
11289   1303   4370
11290   4059   4370
11291   1289   4370
11299   4373   4374
11300   3203   4373
11301   3272   4373
11302   1349   4373
11303   4184   4374
11305   1347   4374
11317   3866   4378
11318   4104   4378
11319   1719   4378
11323    576   4379
11326   3020   4379
11331   3704   4382
11332   2612   4382
11336   4384   4385
11337   4134   4384
11340   2285   4385
11342   4275   4385
11343   4386   4387
11346   3215   4386
11347   1070   4387
11349   1266   4386
11350   1265   4387
11352   4389   4390
11353    795   4389
11354   3513   4389
11358    644   4390
11359   4391   4392
11360   3653   4391
11361   4339   4391
11362   3792   4391
11363   3717   4392
11365   4149   4392
11366   4393   4394
11367   2753   4393
11369   4226   4393
11371   3831   4394
11372   1450   4394
11382   4398   4399
11383   2283   4398
11386   2942   4399
11387   4244   4399
11388   4125   4399
11413   4243   4406
11416   2507   4406
11419   4409   4410
11420   1114   4409
11421   4178   4409
11422   3571   4409
11425   3966   4410
11426   4411   4412
11427   3947   4411
11429   1134   4411
11430   2632   4412
11431   4332   4412
11432   3740   4412
11433   4413   4414
11434   3319   4413
11435   4191   4413
11437   3742   4414
11438   4192   4414
11439   1364   4414
11444    320   4416
11445   3828   4416
11451   4010   4418
11452   2186   4418
11458   4227   4420
11461   4421   4422
11462   4349   4421
11463   3796   4421
11464   3509   4421
11467   4166   4422
11468   4423   4424
11471   2455   4423
11474   3296   4423
11475   4259   4424
11477   4426   4427
11479    151   4426
11480   3218   4426
11481   1346   4427
11482    150   4427
11483    147   4427
11488    644   4429
11489   4043   4429
11490   3752   4429
11495   3293   4431
11498   4390   4431
11509   4436   4437
11510    202   4436
11511   4269   4436
11516   4438   4439
11517   1815   4438
11519   3796   4438
11520   2229   4439
11521   4379   4439
11522   4422   4439
11530   4442   4443
11532   4205   4442
11533   1571   4442
11534   2118   4443
11535   4136   4443
11536   2225   4443
11545   2297   4446
11547   4447   4449
11552   3145   4447
11554   1624   4449
11555   4450   4451
11556   3548   4450
11559    841   4451
11560   4003   4451
11562   4452   4453
11564   4265   4452
11566   3804   4453
11567   3995   4453
11568   3853   4453
11569   4454   4455
11570   3777   4454
11571   4099   4454
11572   3759   4454
11573   3287   4455
11575   3761   4455
11576   4456   4457
11577    202   4456
11580   3766   4457
11581   3788   4457
11582   1255   4457
11583   4458   4459
11584   4150   4458
11585   3792   4458
11586   4347   4458
11587   3749   4459
11588   3976   4459
11589   3457   4459
11590   4460   4461
11591    472   4460
11592   4339   4460
11594    470   4461
11595   4392   4461
11601    152   4463
11604    142   4463
11609   3296   4465
11612   4194   4465
11624   4471   4472
11625   4413   4471
11627   1361   4471
11628   2008   4472
11629   3961   4472
11631   4473   4474
11632   3961   4473
11634   3036   4473
11635   2308   4474
11636   4044   4474
11637   3952   4474
11638   4475   4476
11640   2855   4475
11641    655   4475
11642   3510   4476
11643   3755   4476
11644   4008   4476
11651     52   4477
11654   4480   4481
11656    442   4480
11657   3852   4480
11659    438   4481
11660   4452   4481
11661   4482   4483
11662   3967   4482
11663   4188   4482
11664    699   4482
11665    681   4483
11666   4187   4483
11668   4484   4485
11671   2732   4484
11672    971   4485
11673   4385   4485
11674   2733   4485
11676   4486   4488
11680   2297   4488
11681   3819   4486
11683   2306   4488
11691   4491   4492
11692   3906   4491
11693   4486   4491
11694   4451   4491
11696   4488   4492
11706   4495   4497
11711   1416   4495
11714   4498   4499
11716   4178   4498
11718   2878   4499
11719   4410   4499
11720   4105   4499
11721   4500   4501
11722    875   4500
11723   4424   4500
11725   4114   4501
11726   4423   4501
11727   2994   4501
11737   4505   4506
11738   3742   4505
11739   4236   4505
11740   1059   4505
11741   4192   4506
11742   4316   4506
11751   4509   4510
11752   2100   4509
11753   4471   4509
11754   2237   4509
11755   2097   4510
11756   3961   4510
11757   2308   4510
11758   4511   4512
11764   1070   4511
11778   1015   4517
11784    539   4519
11785   4294   4519
11786   3852   4519
11794   4517   4522
11797    996   4522
11799   4524   4525
11800    996   4524
11801   4517   4524
11803    978   4525
11807   3342   4526
11808   4522   4526
11809   2141   4526
11822   4531   4532
11823   1732   4531
11825      3   4531
11827   4465   4532
11851   2980   4538
11854   4541   4542
11857     46   4541
11858   3312   4542
11859   4343   4542
11871   4546   4548
11873   2821   4546
11875    721   4548
11876   4197   4546
11883    700   4550
11884   1973   4550
11885   3503   4550
11899   3333   4553
11934   4566   4567
11936    241   4566
11938   3073   4567
11939   1244   4567
11940   4456   4567
11946   4337   4569
11947   1835   4569
11956    617   4572
11957   4264   4572
11958    549   4572
11966   3400   4575
11969   1077   4575
11972    940   4577
11973   4097   4577
11974   1218   4577
11978   4579   4580
11979   2114   4579
11981   3955   4579
11984   3241   4580
11985   4581   4582
11988   3187   4581
11989    671   4582
11991    684   4581
11992   4450   4582
12022   3855   4593
12025    347   4593
12026   4594   4595
12028   4541   4594
12029   4498   4594
12030    958   4595
12031   4343   4595
12032   4105   4595
12034   3374   4596
12035   4463   4596
12036    161   4596
12044   3518   4599
12046   3701   4599
12050   3528   4600
12053    802   4600
12070   4607   4608
12071    686   4607
12072   4450   4607
12073   3967   4607
12074    848   4608
12075   4003   4608
12086   4612   4613
12089   2464   4612
12091   4285   4613
12092    509   4613
12093   4614   4615
12094   4538   4614
12095   3863   4614
12096   2701   4614
12097    298   4615
12098   3865   4615
12105   4273   4617
12106   4063   4617
12107   4618   4619
12108   3229   4618
12109   4349   4618
12110   3488   4618
12111   2517   4619
12138   4627   4629
12140    647   4627
12142   3363   4629
12143    131   4627
12145   3053   4629
12146   4630   4631
12149   2795   4630
12150   1732   4631
12152   2436   4630
12153   3336   4631
12155   4633   4634
12157    764   4633
12159   3432   4634
12160   3417   4634
12161   4593   4634
12167   4013   4637
12170   1971   4637
12171   4638   4639
12174   1416   4638
12175   3831   4639
12176   4553   4639
12177   4497   4639
12182   4215   4641
12183   4538   4641
12184   3498   4641
12186   4642   4644
12188   1676   4642
12190   1835   4644
12191   1667   4642
12193   1504   4644
12198   4472   4646
12199   3036   4646
12200   2874   4646
12201   4647   4648
12204   4260   4647
12206   3701   4648
12207    876   4648
12208   4649   4650
12209   3906   4649
12210   4204   4649
12211   3991   4649
12212   3818   4650
12213   4205   4650
12214   3494   4650
12216   4076   4651
12217   4431   4651
12226   2802   4654
12227   4184   4654
12228   1347   4654
12245   4660   4661
12246   4054   4660
12247   4326   4660
12248    438   4660
12249   2780   4661
12250   4651   4661
12256    803   4663
12259   4664   4665
12260    576   4664
12262    568   4664
12263   2071   4665
12265   4345   4665
12266   4666   4667
12268   4244   4666
12269   3302   4666
12270   4248   4667
12271   4398   4667
12272   3366   4667
12274   2694   4668
12276   4247   4668
12280   4670   4671
12281    862   4670
12282   4082   4670
12283    741   4670
12284   4339   4671
12286   1722   4671
12287   4672   4673
12288   4455   4672
12290   1510   4672
12291   4099   4673
12292   4406   4673
12293   3564   4673
12295   4665   4674
12296   1472   4674
12305    602   4677
12308   3166   4677
12310   4679   4680
12313    629   4679
12314    802   4680
12315   4446   4680
12316   4663   4680
12324   4683   4684
12326   4477   4683
12327   4612   4683
12328     71   4684
12330   4285   4684
12339   3322   4687
12344   3515   4689
12346   1134   4689
12347   4690   4691
12348   3333   4690
12349   4437   4690
12350   3831   4690
12352   4420   4691
12353   4393   4691
12354   4692   4693
12355    580   4692
12356   4379   4692
12357    568   4692
12359   4438   4693
12385   4156   4701
12388   4703   4704
12390   2505   4703
12391   3893   4704
12393   3366   4703
12394   4398   4704
12412   1742   4710
12413   4302   4710
12414   3802   4710
12418   4712   4713
12419   3650   4712
12420   2493   4712
12421   1035   4712
12422   2670   4713
12423   4646   4713
12424    185   4713
12438   4647   4716
12450   4722   4723
12451   3017   4722
12452   4387   4722
12454    586   4723
12455   4386   4723
12456    576   4723
12466   4727   4728
12467   1529   4727
12469   3058   4727
12470   2967   4728
12472    497   4728
12487   4733   4734
12491   1671   4734
12493   2969   4733
12494   3374   4734
12496   4736   4737
12498   3967   4736
12499   1207   4736
12501   4608   4737
12502   1619   4737
12503   4738   4739
12504    643   4738
12505   4679   4738
12506    626   4738
12507   1209   4739
12508   4446   4739
12509   4736   4739
12511   3799   4740
12512   4716   4740
12513   3476   4740
12530   1294   4746
12535   4748   4749
12536   4566   4748
12537   4553   4748
12538   3985   4748
12539   3073   4749
12540   4638   4749
12541   4746   4749
12553   4754   4755
12556   2612   4755
12558   2779   4754
12559   3704   4755
12567   4758   4759
12568   4679   4758
12569   4600   4758
12570   4389   4758
12571    641   4759
12573    644   4759
12581   4762   4763
12582   1924   4762
12583   4746   4762
12584   3628   4762
12585   3164   4763
12587   3645   4763
12588   4764   4765
12591   3401   4764
12592   3450   4765
12595   2832   4765
12597   4767   4768
12599   4546   4767
12600   3543   4767
12601     48   4768
12602   4548   4768
12603     33   4768
12604   4769   4770
12605   4209   4769
12606   4668   4769
12607   3366   4769
12608   4524   4770
12621   1765   4773
12624   4666   4773
12632   1795   4778
12635   1789   4778
12636   4779   4780
12637   3603   4779
12638   4447   4779
12639   4541   4779
12640   2062   4780
12641   4449   4780
12642   3312   4780
12644   4431   4781
12646   2517   4781
12657   4785   4786
12658   1345   4785
12659   4654   4785
12660   3568   4785
12661   2109   4786
12662   2800   4786
12663   2883   4786
12672   3953   4789
12673   4631   4789
12678   4791   4792
12679   2704   4791
12680   4355   4791
12681      9   4791
12682   4197   4792
12683   4354   4792
12684      0   4792
12692   2428   4794
12694   4796   4797
12695   4486   4796
12696   4582   4796
12697   3520   4796
12698   2003   4797
12699   4581   4797
12700    324   4797
12712   3800   4801
12714   3936   4801
12716   1624   4802
12718   1619   4802
12729    940   4805
12749   4813   4814
12750   1181   4813
12752   1184   4813
12753   2891   4814
12754   4687   4814
12755   2780   4814
12756   4815   4816
12759   1261   4815
12760   2827   4816
12762   4484   4815
12763   4384   4816
12765   4818   4819
12768    432   4818
12769   1525   4819
12770   4727   4819
12772   4820   4821
12773   4080   4820
12775   3174   4820
12776   4248   4821
12777   4773   4821
12778   3720   4821
12779   4822   4823
12780   4437   4822
12781   4503   4822
12782   4420   4822
12783   4269   4823
12786   4824   4825
12787   3719   4824
12788   4465   4824
12789      0   4824
12790   2795   4825
12791   4531   4825
12792   4197   4825
12801   2933   4828
12802   4805   4828
12803    945   4828
12808   4512   4830
12809   4674   4830
12810   4114   4830
12821   4834   4835
12822   1329   4834
12823   1446   4834
12824   3522   4834
12825   1325   4835
12826   3468   4835
12827   1330   4835
12828   4836   4837
12829   2143   4836
12830   4677   4836
12831    606   4836
12832   2778   4837
12840   3457   4840
12843   4347   4840
12844   4841   4842
12845   4818   4841
12847    429   4841
12848   1445   4842
12850   3386   4842
12852   4384   4843
12854   2827   4843
12867   4848   4849
12868     46   4848
12869   4627   4848
12870     47   4848
12871   4498   4849
12872   4629   4849
12873     31   4849
12877   1037   4850
12880   3362   4850
12884   4137   4853
12885   4765   4853
12886   4180   4853
12894   4302   4856
12897   2146   4856
12899   4858   4859
12903   3194   4859
12904   4637   4859
12905   4330   4859
12907   4860   4862
12909     55   4860
12911   4858   4862
12912     64   4860
12915   4863   4864
12918   1287   4863
12919   4693   4864
12921   4056   4863
12922   3229   4864
12931   4868   4869
12932    739   4868
12934   2455   4868
12936    700   4869
12937   3127   4869
12947   4873   4874
12950   3995   4873
12951    920   4874
12953   4648   4873
12954   4103   4874
12957   1168   4876
12958   1279   4876
12959   4754   4876
12978   4882   4884
12980   1964   4882
12982   3167   4884
12983   1965   4882
12985   2268   4884
12990   2738   4886
12991   4704   4886
12992   4254   4886
12997   4716   4888
12998   4873   4888
12999   3853   4888
13004   1797   4890
13005   4778   4890
13006   1798   4890
13007   4891   4892
13008   3355   4891
13009   4813   4891
13011   4278   4892
13012   4687   4892
13013   3752   4892
13014   4893   4894
13015   4187   4893
13018   3608   4894
13019   4701   4894
13021   4895   4896
13023   4858   4895
13026   4637   4896
13027   1891   4896
13032    977   4898
13035   4484   4898
13046   4903   4904
13047   4133   4903
13048   4816   4903
13049   2502   4903
13051   4815   4904
13052   2501   4904
13053   4905   4906
13054   1616   4905
13055   3272   4905
13056    979   4905
13058    627   4906
13059   1622   4906
13065   3552   4909
13068   2463   4909
13070   2127   4910
13071   4526   4910
13072   3474   4910
13085   4915   4916
13086   4345   4915
13087   4864   4915
13088    568   4915
13089   3924   4916
13090   4863   4916
13091   1293   4916
13093   4917   4919
13095   3234   4917
13097   1466   4919
13100   4273   4919
13102   1226   4920
13103   4805   4920
13104   3691   4920
13108   4922   4923
13111   3016   4922
13112   4129   4923
13114   4532   4922
13115   3296   4923
13117   4925   4926
13118    515   4925
13119   4173   4925
13120     91   4925
13121    306   4926
13122   4174   4926
13123   3189   4926
13128   2846   4928
13131   3768   4928
13136   1216   4930
13139   1217   4930
13142   4933   4934
13145    285   4933
13146   1101   4934
13147   4909   4934
13158   4938   4939
13159   2992   4938
13160   4734   4938
13161   2289   4938
13162   4231   4939
13163   4733   4939
13164   1100   4939
13165   4940   4941
13167   4754   4940
13168   1174   4940
13169   3871   4941
13170   4755   4941
13171   2506   4941
13176      3   4943
13179   4197   4943
13181   4945   4946
13182   4406   4945
13183   4850   4945
13184   1022   4945
13185   4672   4946
13187   1719   4946
13188   4947   4948
13189   4904   4947
13190   4898   4947
13191   3610   4947
13192    413   4948
13194    419   4948
13200   2162   4951
13208   1044   4953
13209   4862   4953
13213   4955   4956
13215   1151   4955
13216   4764   4956
13218   3688   4955
13220   4957   4958
13221   3886   4957
13222   4856   4957
13223   3903   4957
13224   1216   4958
13239    950   4962
13242   3906   4962
13245   4965   4966
13246   4843   4965
13247   4955   4965
13248   1076   4965
13249   4951   4966
13250   4956   4966
13251   3401   4966
13256   4477   4968
13258   2753   4968
13283   4895   4976
13284   4977   4978
13285   4137   4977
13287   1046   4977
13288   3413   4978
13289   4840   4978
13290     77   4978
13291   4979   4980
13292   3653   4979
13293   4946   4979
13294   4671   4979
13295   3001   4980
13296   4850   4980
13297   4082   4980
13323   4989   4990
13324   1765   4989
13325   4811   4989
13326   4794   4989
13327   4240   4990
13329   1996   4990
13355   4999   5000
13356   4934   4999
13358   3180   4999
13359   2999   5000
13360   4930   5000
13361   3886   5000
13374   4647   5005
13377   3331   5005
13378   5006   5007
13379   4572   5006
13383   5005   5007
13384   4599   5007
13385   5008   5009
13386   4512   5008
13387   4575   5008
13389   4123   5009
13391    809   5009
13392   5010   5011
13395    577   5010
13396   1300   5011
13398   1303   5010
13399   1288   5011
13417   5018   5019
13420   1076   5018
13421   1151   5019
13423   1156   5018
13426   5021   5022
13427   4830   5021
13428   4923   5021
13429   4664   5021
13430   4511   5022
13431   4922   5022
13432   4722   5022
13436    996   5023
13439    968   5023
13453    606   5029
13456   3282   5029
13490   5041   5042
13491   1070   5041
13493   3215   5041
13494   4843   5042
13495   4951   5042
13496   4275   5042
13506   5046   5047
13507   1460   5046
13509   4119   5046
13510   1328   5047
13513   5048   5049
13514   3806   5048
13515   4856   5048
13517   2901   5049
13518   4958   5049
13519   3235   5049
13536   5055   5056
13539   2266   5055
13540   4492   5056
13541   4962   5056
13542   2264   5056
13547   3113   5058
13549   3097   5058
13550   5059   5060
13551   4801   5059
13552   5019   5059
13553   3769   5059
13554   3934   5060
13555   5018   5060
13556   1577   5060
13568   5065   5066
13570    191   5065
13573   1804   5065
13574    238   5066
13578   1080   5067
13581   5008   5067
13584   5070   5071
13585   1867   5070
13587   4633   5070
13589   4976   5071
13590   4593   5071
13598   5074   5075
13601   4316   5074
13602   1440   5075
13604   4192   5074
13605   2968   5075
13607   5077   5078
13608   4594   5077
13609   4962   5077
13610   3268   5077
13611   4447   5078
13612   5055   5078
13613   3844   5078
13630   5084   5085
13631   4355   5084
13632   4912   5084
13633    284   5084
13634   3606   5085
13636   4933   5085
13644   5088   5089
13645   2886   5088
13646   5075   5088
13647   3234   5088
13648   1364   5089
13649   5074   5089
13655   1148   5091
13658   1155   5091
13660   5093   5094
13661   4511   5093
13662   5067   5093
13663   1068   5093
13664   4532   5094
13666   1736   5094
13699   5105   5106
13700   3026   5105
13701   4746   5105
13704   4763   5106
13705   2980   5106
13706   5107   5108
13707    300   5107
13708   5023   5107
13709   3342   5107
13710    308   5108
13712   2860   5108
13722   5112   5113
13723   1563   5112
13724   5065   5112
13725   4759   5112
13727   5066   5113
13728   4600   5113
13761   5124   5125
13762   3191   5124
13763   3915   5124
13765   1508   5125
13766    514   5125
13785    627   5131
13787   3272   5131
13800   5136   5137
13801    392   5136
13802   4928   5136
13803   3903   5136
13804   1218   5137
13806   4958   5137
13807   5138   5139
13808   5131   5138
13809   4374   5138
13810   4041   5138
13812   4891   5139
13813   4429   5139
13819   2796   5142
13822   5007   5142
13823   5143   5144
13824   5124   5143
13825   4218   5143
13826   4286   5143
13827   5125   5144
13828   3282   5144
13829   3910   5144
13835    742   5147
13838   1717   5147
13839   5148   5149
13840   2704   5148
13841   4943   5148
13842     17   5148
13843    289   5149
13845    845   5149
13846   5150   5151
13849   3956   5150
13852    347   5150
13853   3432   5151
13855   5153   5154
13856   4365   5153
13857   4794   5153
13858   1751   5153
13859   2460   5154
13861   4029   5154
13862   5155   5156
13863    289   5155
13864   4933   5155
13865   4106   5155
13866   4442   5156
13867   4909   5156
13868   4262   5156
13869   5157   5158
13870   4811   5157
13871   5011   5157
13872   2223   5157
13873   4990   5158
13874   5010   5158
13875   2881   5158
13885   5162   5163
13889   4286   5163
13891   3942   5162
13892   3191   5163
13903   5168   5169
13904   3376   5168
13905   5058   5168
13907   4596   5169
13909    782   5169
13913    763   5170
13916   4828   5170
13919   5173   5174
13920   1504   5173
13921   5163   5173
13922   2624   5173
13923   1835   5174
13924   5162   5174
13925   3447   5174
13926   5175   5176
13927    514   5175
13928   5029   5175
13930    518   5176
13932   4894   5176
13949   5182   5183
13950   4767   5182
13951   4943   5182
13953   4106   5183
13954   5149   5183
13955   4343   5183
13956   5184   5185
13957   4044   5184
13958   5029   5184
13959   1769   5184
13960   4473   5185
13961   5176   5185
13963   5186   5187
13964   4882   5186
13965   5091   5186
13966   2548   5186
13967   4884   5187
13969   3439   5187
13978   3853   5190
13979   5191   5192
13980    971   5191
13981   4898   5191
13982    973   5191
13983   2289   5192
13984   4948   5192
13985   2992   5192
13986   5193   5194
13987   2916   5193
13989   3416   5193
13990   3518   5194
13991   5142   5194
13992   3591   5194
13993   5195   5196
13994   2652   5195
13996   2834   5195
13997   3804   5196
13998   5190   5196
14029   3620   5204
14032   5207   5208
14035   2759   5207
14036   3192   5208
14038   2883   5207
14039   2141   5208
14051   3664   5213
14053   1326   5213
14074   5220   5222
14076   3644   5220
14078   2014   5222
14079   4781   5220
14082   5223   5224
14083   3293   5223
14084   5220   5223
14085   1549   5223
14086   4265   5224
14087   5222   5224
14089   5225   5226
14090    913   5225
14091   4928   5225
14092    903   5225
14094   5137   5226
14095   2740   5226
14112   5232   5233
14113   5019   5232
14114   5091   5232
14115   1147   5232
14116   4801   5233
14117   5187   5233
14118    947   5233
14128   5237   5238
14129   4517   5237
14130   5208   5237
14131   1862   5237
14132   4525   5238
14133   5207   5238
14134   1666   5238
14146    885   5242
14149   4919   5242
14156   2826   5246
14165   1350   5249
14168   2171   5249
14169   5250   5251
14170   4194   5250
14171   5094   5250
14172   3617   5250
14173    809   5251
14174   5067   5251
14175   3055   5251
14177   5252   5254
14181   4481   5254
14182   3410   5252
14184   4265   5254
14185   5255   5256
14188   3251   5255
14189   2540   5256
14191   3804   5255
14192    929   5256
14204   2588   5260
14207   1883   5260
14213   3174   5263
14216   3153   5263
14219   5266   5267
14220   4296   5266
14221   5195   5266
14222   4677   5266
14223   4519   5267
14224   5190   5267
14225   4837   5267
14226   5268   5269
14227   1457   5268
14228   5204   5268
14229   3467   5268
14230   1460   5269
14232   1324   5269
14249   5275   5276
14252   3492   5275
14253   4251   5276
14254   5263   5276
14255   3720   5276
14256   5277   5278
14257   4920   5277
14258   5170   5277
14260   1217   5278
14262   4912   5278
14263   5279   5280
14264   3578   5279
14266   4424   5279
14267   4550   5280
14268   5147   5280
14269   4868   5280
14271    867   5281
14272   5242   5281
14273    872   5281
14277   5283   5284
14280    266   5283
14281   3438   5284
14283   5162   5283
14284    274   5284
14286   5286   5287
14288   5278   5286
14289    284   5286
14290    722   5287
14291   5170   5287
14292    719   5287
14293   5288   5289
14294   4012   5288
14296   5260   5288
14297   4202   5289
14298   4497   5289
14323   5297   5298
14324   4538   5297
14326   2701   5297
14328   5246   5298
14329    544   5298
14338   1450   5301
14343   3239   5303
14346   4940   5303
14348   5305   5306
14349   5151   5305
14350      9   5305
14351   4239   5305
14352   5150   5306
14353   4869   5306
14354   4162   5306
14355   5307   5308
14358   1112   5307
14359    483   5308
14361    865   5307
14362   2057   5308
14367   3871   5310
14370   4580   5310
14374   3820   5313
14375   5252   5313
14380   5315   5316
14381   1386   5315
14382   5310   5315
14383   3704   5315
14384   4198   5316
14388   3658   5317
14390   1421   5317
14394   5319   5320
14395   5085   5319
14396   5263   5319
14397   1101   5319
14398   4912   5320
14399   5275   5320
14400   1097   5320
14401   5321   5322
14402   4805   5321
14403   5284   5321
14405    945   5322
14406   5283   5322
14407   2904   5322
14421   2624   5327
14424   4097   5327
14426   5329   5330
14427   4553   5329
14428   5289   5329
14429    232   5329
14430   3985   5330
14431   5260   5330
14432    243   5330
14450   5336   5338
14452    260   5336
14454   4219   5338
14455    991   5336
14457   2114   5338
14459   4599   5339
14460   5256   5339
14461   5246   5339
14465   5341   5342
14466   4503   5341
14469   4823   5342
14470   5249   5342
14471    143   5342
14511   5355   5356
14514   4651   5355
14515   4326   5356
14517   4781   5355
14545   5366   5367
14547    430   5366
14548   4359   5367
14550   4818   5366
14551   4728   5367
14552   5368   5369
14553   2930   5368
14554   5336   5368
14555    266   5368
14557   5338   5369
14558   3438   5369
14559   5370   5371
14561   5366   5370
14562   5313   5370
14563   4191   5371
14564   5367   5371
14565   3945   5371
14568   5373   5374
14570    324   5373
14571   2003   5374
14573   4416   5373
14574   3829   5374
14575   5375   5376
14576   1255   5375
14577   5308   5375
14578   3841   5375
14579   2262   5376
14580   5307   5376
14581   2898   5376
14584   5378   5379
14586   4674   5378
14587   2071   5379
14589   4512   5378
14590   5041   5379
14591   5380   5381
14592   1924   5380
14593   3628   5380
14594   1549   5380
14595    240   5381
14596   1544   5381
14597   5113   5381
14607   5385   5386
14610   4003   5385
14611   4449   5386
14613   4737   5385
14614   4802   5386
14619   1046   5388
14622   4862   5388
14625   5391   5392
14629   2162   5392
14631   5047   5391
14637   1939   5394
14640   4180   5394
14653     48   5399
14656   4789   5399
14672   5066   5406
14673   5374   5406
14674   2298   5406
14691   5412   5413
14692   1077   5412
14693   5378   5412
14694   5046   5412
14695   4951   5413
14696   5379   5413
14697   5392   5413
14698   5414   5415
14699   4475   5414
14701     46   5414
14702   3510   5415
14703   5399   5415
14704     47   5415
14705   5416   5417
14706    515   5416
14708   4893   5416
14709    520   5417
14711   5175   5417
14721   5421   5422
14722   5070   5421
14725   4976   5422
14726   5388   5422
14753   5431   5432
14754   1336   5431
14757   1329   5432
14758   5394   5432
14759   1318   5432
14768   5435   5437
14770   2921   5435
14772   4411   5437
14773   4308   5435
14775   4689   5437
14776   5438   5439
14777   4349   5438
14778   5356   5438
14779   4382   5438
14780   4619   5439
14781   5355   5439
14782   3533   5439
14783   5440   5441
14785   5435   5440
14786   4077   5440
14787   2464   5441
14788   5437   5441
14789   4332   5441
14790   5442   5443
14791   3602   5442
14792   5416   5442
14793    562   5442
14794    602   5443
14795   5417   5443
14796    606   5443
14797   5444   5445
14798   4575   5444
14799   5269   5444
14800   2858   5444
14801   5009   5445
14802   5204   5445
14803   4027   5445
14804   5446   5447
14805   4663   5446
14806   5386   5446
14807   5055   5446
14808   4446   5447
14809   5385   5447
14810   4492   5447
14816   2740   5450
14819   2094   5450
14820   5451   5452
14821   2074   5451
14822   5392   5451
14823   4254   5451
14825   5391   5452
14826   2192   5452
14827   5453   5454
14830   1894   5453
14831   2997   5454
14833   1895   5453
14834   3300   5454
14838   5457   5458
14840    947   5457
14841   3800   5458
14843   4577   5457
14844   5226   5458
14848   1044   5459
14851   2930   5459
14861   5464   5465
14862   4211   5464
14863   5454   5464
14864   5301   5464
14866   5453   5465
14867   5317   5465
14877   5469   5470
14878   2756   5469
14880   5327   5469
14881   1499   5470
14882   5450   5470
14884   5471   5472
14885   1050   5471
14886   5369   5471
14887   5459   5471
14888   3415   5472
14889   4579   5472
14900   5476   5477
14901   1762   5476
14902   4773   5476
14903   4811   5476
14904   3102   5477
14905   4820   5477
14906   2223   5477
14933   3852   5485
14936    538   5485
14951    229   5491
14962   1249   5496
14966   5497   5498
14967   3515   5497
14968   5469   5497
14969   2901   5497
14970   3059   5498
14971   5450   5498
14972   3235   5498
14994   4617   5506
14997   1843   5506
14998   5507   5508
14999   2425   5507
15000   5399   5507
15001   5182   5507
15002   3068   5508
15003   5414   5508
15004   4542   5508
15037   5519   5520
15038   5327   5519
15039   5457   5519
15040   4286   5519
15041   5470   5520
15042   5458   5520
15043   3910   5520
15060   5526   5527
15061   4116   5526
15063    362   5526
15064   4131   5527
15065   5491   5527
15066   2337   5527
15072   3831   5530
15075   2966   5530
15092   5536   5537
15095   1352   5536
15096   5089   5537
15098    648   5536
15099   4917   5537
15122   5496   5545
15123   4010   5545
15124   5546   5547
15125   1624   5546
15127   3005   5546
15128   3145   5547
15129   5506   5547
15147   5553   5554
15148    877   5553
15150   4874   5553
15151   4740   5554
15152   5485   5554
15153   4888   5554
15266   5590   5591
15269   3073   5590
15271   5530   5591
15272   4638   5591
15274   5242   5592
15275   5537   5592
15276   4315   5592
15372   4842   5622
15375   4027   5622
15385   5627   5628
15386    894   5627
15388   4316   5627
15389   5204   5628
15390   5622   5628
15391   1440   5628
15394   5630   5631
15396   4668   5630
15397   4290   5631
15399   4770   5630
15400   2285   5631
15413   2153   5636
15421   5496   5638
15422   5636   5638
15423   4365   5638
15428   2000   5640
15429   5636   5640
15430   4778   5640
15445    484   5646
15448   5496   5646
15458   5650   5651
15459   4968   5650
15461   4684   5650
15462   4226   5651
15464   2891   5651
15494   5303   5661
15495   2779   5661
15496   5651   5661
15500   1424   5662
15513   5667   5668
15516   4238   5667
15519    991   5667
15520   4522   5668
15522   5670   5671
15523   4910   5670
15524   5668   5670
15525   5316   5670
15526   2114   5671
15527   5667   5671
15528   5310   5671
15529   5672   5673
15530   5341   5672
15532    151   5672
15533   3788   5673
15534   5646   5673
15535   1304   5673
15537   4495   5674
15538   5662   5674
15539   5317   5674
15543   5676   5677
15544   4525   5676
15545   5630   5676
15546   1671   5676
15547    971   5677
15548   5631   5677
15549   2289   5677
15554   4858   5679
15555   5662   5679
15556   4953   5679
15557   5680   5681
15560   1104   5680
15561   2222   5681
15563   3101   5680
15564   3396   5681
15566   5683   5684
15567   1668   5683
15568   5681   5683
15569   2969   5683
15570   2692   5684
15571   5680   5684
15572   4733   5684
15591   5691   5692
15594   5341   5691
15595   3469   5692
15597   5249   5692
15620   1181   5700
15621   5692   5700
15622   1184   5700
15630   5703   5704
15633   2733   5703
15634   1266   5704
15636   5023   5703
15637   5108   5704
15639   5706   5707
15641   5704   5706
15642   3215   5706
15644   5703   5707
15645   4275   5707
15647   5708   5710
15649   5190   5708
15651   4716   5710
15652   5006   5708
15654   5005   5710
15662   5713   5714
15663    617   5713
15664   5708   5713
15665   4837   5713
15666    808   5714
15667   5710   5714
15668   4005   5714
15674   5547   5717
15677    651   5717
15683   5213   5720
15686   5545   5720
15692    177   5723
15695    375   5723
15696   5724   5725
15697   2716   5724
15699   2812   5724
15700   4917   5725
15701   5717   5725
15702   4617   5725
15703   5726   5727
15704   5672   5726
15707   5646   5727
15708   5720   5727
15719   5731   5732
15720   5491   5731
15723   5526   5732
15724   5723   5732
15725   4416   5732
15729   4906   5733
15732   4802   5733
15735   5736   5737
15736   5546   5736
15737   5733   5736
15738   1616   5736
15739   5506   5737
15741   4062   5737
15742   5738   5739
15743    232   5738
15744   5731   5738
15745    243   5738
15746    378   5739
15747   5723   5739
15748    824   5739
15758   5743   5744
15759   5691   5743
15760   5726   5743
15761   3223   5743
15762   4418   5744
15763   5720   5744
15764   1461   5744
15765   5745   5746
15766   4282   5745
15767   5737   5745
15768   3094   5745
15769   4663   5746
15770   5733   5746
15771    629   5746
15772   5747   5748
15773   3871   5747
15775   5303   5747
15776   2997   5748
15778   5301   5748
15784   4477   5751
15787   2753   5751
15788   5752   5753
15789   4201   5752
15791   4077   5752
15792   4330   5753
15793   5751   5753
15794    462   5753
15799   3488   5755
15802   4120   5755
15804   5757   5758
15805    977   5757
15807   3610   5757
15808   1617   5758
15810   3876   5758
15815   1227   5760
15818    721   5760
15820   5762   5763
15823   2120   5762
15824   2171   5763
15826   4613   5762
15827   1178   5763
15830   5765   5767
15832   5301   5765
15834   5674   5767
15837   5679   5767
15838   5768   5769
15839   5047   5768
15840   5755   5768
15841   5452   5768
15842   1461   5769
15844   2186   5769
15845   5770   5771
15846   4420   5770
15847   5763   5770
15848   4823   5770
15850   5762   5771
15851   1657   5771
15853   5772   5774
15855    794   5772
15857   3147   5774
15858   4619   5772
15860   3533   5774
15861   5775   5776
15862   5755   5775
15863   5772   5775
15864   3981   5775
15865   5769   5776
15866   5774   5776
15867   1459   5776
15881   5757   5781
15883   1309   5781
15893   5785   5786
15894   2753   5785
15895   5765   5785
15896   4394   5785
15897   4330   5786
15898   5767   5786
15899   4497   5786
15900   5787   5788
15901   5726   5787
15902   2402   5787
15904   4426   5788
15905   1346   5788
15906   5781   5788
15907   5789   5790
15908   5193   5789
15909   5760   5789
15910   3464   5789
15911   5142   5790
15913   4264   5790
15917   4566   5791
15920    202   5791
15928   5706   5796
15931   2860   5796
15932   5797   5798
15933   4349   5797
15935   2074   5797
15936   4422   5798
15937   5796   5798
15938   2063   5798
15939   5799   5800
15940   4436   5799
15941   5791   5799
15942   3333   5799
15943   4131   5800
15945   5491   5800
15955   5804   5805
15956   4382   5804
15957   5797   5804
15958   4254   5804
15959   5316   5805
15960   5796   5805
15974   5459   5810
15977   5748   5810
15983   2942   5813
15986   4011   5813
15987   5814   5815
15988   4968   5814
15990   4860   5814
15991   5765   5815
15992   5810   5815
15993   4953   5815
15994   5816   5817
15995   1328   5816
15997   5431   5816
15998   5391   5817
15999   5813   5817
16000   2941   5817
16006   2313   5820
16009    241   5820
16010   5821   5822
16011   5800   5821
16013    321   5821
16014   5791   5822
16015   5820   5822
16016   4268   5822
16017   5823   5824
16018   5213   5823
16019   5816   5823
16020   1318   5823
16021   5545   5824
16022   5813   5824
16023   5636   5824
16029   3888   5827
16032   3447   5827
16034   5828   5830
16036   5169   5828
16038   4463   5830
16039   5058   5828
16041   3281   5830
16042   5831   5832
16043   4116   5831
16044   5828   5831
16045    332   5831
16046   4131   5832
16047   5830   5832
16048    321   5832
16049   5833   5834
16050   5731   5833
16051   5821   5833
16052   5373   5833
16053    238   5834
16054   5820   5834
16055   5406   5834
16060   1913   5836
16061   5827   5836
16068   4580   5839
16071   5747   5839
16075   1409   5840
16078   2709   5840
16081   5843   5844
16082   3187   5843
16084    320   5843
16085   3713   5844
16086   5840   5844
16087    678   5844
16091    783   5845
16097   5848   5849
16100   2652   5848
16101   3804   5849
16103   4326   5848
16104   4452   5849
16110   4569   5852
16111   5845   5852
16112   5827   5852
16113   5853   5854
16114   5814   5853
16117   5810   5854
16118   5839   5854
16119   5472   5854
16120   5855   5856
16121   5650   5855
16122   5853   5855
16123     74   5855
16124   5661   5856
16125   5839   5856
16126   1391   5856
16143   5862   5863
16144   5222   5862
16145   3251   5862
16146   5849   5862
16147   5356   5863
16148   3509   5863
16149   5848   5863
16151   5864   5866
16153   1045   5864
16155   3691   5866
16156   1050   5864
16158   5321   5866
16163   4480   5868
16166   4841   5868
16168   5870   5871
16169   4155   5870
16170   5840   5870
16171    174   5870
16172    197   5871
16173   5843   5871
16174   3828   5871
16184   5875   5876
16185   5370   5875
16186   5868   5875
16187   5252   5875
16188   4506   5876
16190   1059   5876
16191   5877   5878
16192   1044   5877
16193   5864   5877
16194   5388   5877
16195   4160   5878
16196   5866   5878
16197   5421   5878
16199   5879   5881
16201   1174   5879
16203   3134   5881
16204   4227   5879
16206   4503   5881
16212   1915   5884
16215   4337   5884
16216   5885   5886
16217   4146   5885
16219     52   5885
16220   1530   5886
16222   3154   5886
16232   5890   5891
16233   4683   5890
16234    453   5890
16235   5885   5890
16236     71   5891
16237   4819   5891
16238   5886   5891
16239   5892   5893
16240   5622   5892
16241   5868   5892
16242   5485   5892
16243   5627   5893
16244   5876   5893
16245   5553   5893
16246   5894   5895
16247   1580   5894
16249   2915   5894
16250   2269   5895
16251   5884   5895
16252   3775   5895
16253   5896   5897
16255   5894   5896
16256   1582   5896
16257   5852   5897
16258   5884   5897
16259   5836   5897
16260   5898   5899
16261   5700   5898
16262   5879   5898
16263   4876   5898
16264   5691   5899
16265   5881   5899
16266   4418   5899
16271   5168   5901
16274   4642   5901
16365   5931   5932
16366   4644   5931
16367   5901   5931
16368   3097   5931
16369   4569   5932
16371   5845   5932
16395   5940   5941
16398   5147   5940
16399   5279   5941
16401    736   5940
16402   4500   5941
16404   5943   5944
16405    877   5943
16406   5941   5943
16407   4103   5943
16408   4121   5944
16409   5940   5944
16410   4378   5944
16420   5948   5949
16421     64   5948
16423   2546   5948
16424   5853   5949
16426   3415   5949
16436   5953   5954
16437   5948   5953
16438   1439   5953
16439   3154   5953
16440   5949   5954
16441   3387   5954
16442     74   5954
16445   5956   5957
16447    438   5956
16448    430   5957
16450   4661   5956
16451   4687   5957
16454   5959   5960
16456   1668   5959
16457   2029   5960
16459   1677   5959
16460   2031   5960
16466   1227   5963
16469   5836   5963
16470   5964   5965
16471   5901   5964
16472   5959   5964
16473    782   5964
16474   5932   5965
16475   5960   5965
16477   5966   5967
16478    722   5966
16480    724   5966
16481    719   5967
16482   5963   5967
16483    721   5967
16484   5968   5969
16485   3293   5968
16486   5956   5968
16487   5254   5968
16488   2645   5969
16489   5957   5969
16490   5313   5969
16495   1288   5971
16498   4811   5971
16501   5973   5975
16503   3469   5973
16505   1184   5975
16506   3147   5973
16508   4076   5975
16509   5976   5977
16510   4794   5976
16511   5971   5976
16512   4057   5976
16513   5154   5977
16515   5590   5977
16517   5978   5980
16519   3622   5978
16522   3649   5978
16524   3180   5980
16525   5981   5982
16526   3513   5981
16527   5973   5981
16528   5131   5981
16529   4390   5982
16530   5975   5982
16531   5139   5982
16535   2888   5983
16538   3341   5983
16541   5986   5987
16542   5971   5986
16543   5983   5986
16544   1762   5986
16545   5977   5987
16547   3185   5987
16548   5988   5989
16549   1114   5988
16550   5978   5988
16551   1136   5988
16552   4410   5989
16553   5980   5989
16554   2584   5989
16555   5990   5991
16556   5591   5990
16557   5987   5990
16558   4211   5990
16559   3658   5991
16560   5983   5991
16561   5465   5991
16579   5997   5999
16581   4770   5997
16583   2739   5999
16584    996   5997
16586   5707   5999
16587   6000   6001
16588   5668   6000
16589   5997   6000
16590   4703   6000
16591   5805   6001
16592   5999   6001
16593   4886   6001
16667   6025   6026
16669   5105   6025
16670   1294   6025
16672   1815   6026
16673   4693   6026
16683   6030   6031
16684   6025   6030
16685   3341   6030
16686   1288   6030
16687   6026   6031
16688   3084   6031
16689   1300   6031
16692   6033   6034
16694   2460   6033
16695   3134   6034
16697   3788   6033
16698   4503   6034
16699   6035   6036
16700   4456   6035
16701   6033   6035
16702   5590   6035
16703   4437   6036
16704   6034   6036
16705   5530   6036
16748   6050   6052
16750   2203   6050
16752   3503   6052
16753   3701   6050
16755    876   6052
16758   3651   6053
16759     48   6053
16772   6058   6059
16773   6053   6058
16774   5760   6058
16775   4548   6058
16777   5790   6059
16778   2795   6059
16780   3929   6060
16781   6050   6060
16782   3750   6060
16787   6062   6064
16789    924   6062
16791   1810   6064
16792   3996   6062
16794   5224   6064
16795   6065   6066
16796   3929   6065
16797   6062   6065
16798   3894   6065
16799   2541   6066
16800   6064   6066
16801   1809   6066
16820   6073   6074
16822   5440   6073
16823   4612   6074
16825   2337   6073
16826   5771   6074
16827   6075   6076
16828    229   6075
16829   6073   6075
16830   5752   6075
16831   4691   6076
16832   6074   6076
16833   5751   6076
16834   6077   6078
16837   2584   6077
16838    722   6078
16840    285   6077
16841   5286   6078
16843   6080   6081
16844   4930   6080
16845   6078   6080
16846   3623   6080
16847   4999   6081
16848   6077   6081
16849   5980   6081
16850   6082   6083
16853   3399   6082
16854   1126   6083
16856   3888   6082
16857   1855   6083
16859   6085   6086
16860   5966   6085
16861   6083   6085
16862   3611   6085
16863   5963   6086
16864   6082   6086
16865   3950   6086
16898   6097   6098
16901   4082   6097
16902    736   6098
16904    127   6097
16905   5281   6098
16907   6100   6101
16908   5592   6100
16909   6098   6100
16910   4121   6100
16911   5536   6101
16912   6097   6101
16913   1037   6101
16915   6102   6104
16917   1656   6102
16919   3516   6104
16920   4308   6102
16922   4689   6104
16939   6110   6111
16940    776   6110
16941   6102   6110
16942   3098   6110
16943   2763   6111
16944   6104   6111
16945   1496   6111
16950   1769   6113
16953   4264   6113
16955   6115   6116
16956   4701   6115
16957   6113   6115
16958   5185   6115
16959   2670   6116
16961   3036   6116
16962   6117   6118
16963   6059   6117
16964   6113   6117
16965   4630   6117
16966   6053   6118
16967   6116   6118
16968   4789   6118
16974   3361   6121
16977   4701   6121
16978   6122   6123
16979    549   6122
16981    544   6122
16982   4264   6123
16983   6121   6123
16984   3464   6123
16986   6124   6126
16988    668   6124
16990    666   6126
16991   5965   6124
16993   1587   6126
16999   4483   6129
17002   3712   6129
17003   6130   6131
17004   5845   6130
17005   6124   6130
17006    678   6130
17007   5896   6131
17008   6126   6131
17009   3713   6131
17010   6132   6133
17011   6122   6132
17013    562   6132
17014   6121   6133
17015   6129   6133
17016   4893   6133
17035   6140   6141
17037   5298   6140
17038   4641   6141
17040   5339   6140
17041   5255   6141
17042   6142   6143
17043   5006   6142
17044   6140   6142
17045    549   6142
17046   5196   6143
17047   6141   6143
17048   3911   6143
17068   3956   6149
17071   4085   6149
17074   6152   6153
17075   4977   6152
17077   5422   6152
17078   4840   6153
17079   6149   6153
17084   3873   6154
17087   3922   6154
17090   6157   6158
17091   5394   6157
17092   6154   6157
17093   4853   6157
17094   5431   6158
17096   4764   6158
17102   1326   6161
17105   5727   6161
17119   3349   6166
17121   6161   6166
17133   6171   6172
17135   1380   6171
17136   4152   6172
17139   3876   6172
17140   6173   6174
17142   1380   6173
17143   6166   6173
17144   1309   6174
17145   4710   6174
17147   6175   6176
17148   5724   6175
17149   6171   6175
17150   1357   6175
17151   5717   6176
17152   6172   6176
17153   3933   6176
17157    478   6177
17160   4302   6177
17163   6180   6181
17164   6166   6180
17166    484   6180
17167   6174   6181
17168   6177   6181
17169    488   6181
17170   6182   6183
17171   1527   6182
17172   6177   6182
17173   4461   6182
17174   2587   6183
17175   6180   6183
17178   6184   6186
17180    484   6184
17182   5638   6186
17183   6183   6184
17185   5640   6186
17186   6187   6188
17187   4460   6187
17188   6184   6187
17189    483   6187
17190   4890   6188
17191   6186   6188
17192   2057   6188
17193   6189   6190
17196   1527   6189
17197   3378   6190
17199   1528   6189
17200   3058   6190
17202   6192   6193
17203   3235   6192
17204   6190   6192
17205   5048   6192
17206   3136   6193
17207   6189   6193
17208   4302   6193
17210   6194   6196
17212   6171   6194
17214   2812   6196
17215   5758   6194
17217   2401   6196
17218   6197   6198
17219   5781   6197
17220   6194   6197
17221   6173   6197
17222   5787   6198
17223   6196   6198
17224   6161   6198
17594   6314   6316
17596    557   6314
17598    679   6316
17599   4615   6314
17601   3443   6316
17602   6317   6318
17603    295   6317
17604   6314   6317
17605   6132   6317
17606    699   6318
17607   6316   6318
17608   6129   6318
17613   5106   6320
17616   3026   6320
17618   6322   6323
17619   1430   6322
17620   6320   6322
17621   5297   6322
17622   4250   6323
17624   5246   6323
17629   5151   6325
17632   4251   6325
17634   6327   6328
17635   3922   6327
17636   6325   6327
17637   6149   6327
17638   3873   6328
17640   6152   6328
17642   6329   6331
17644   4956   6329
17646   1904   6331
17647   2161   6329
17649   3721   6331
17650   6332   6333
17651   2941   6332
17652   6329   6332
17653   6158   6332
17654   3923   6333
17655   6331   6333
17656   6154   6333
17709   3432   6350
17712   4912   6350
17714   6352   6353
17715   5275   6352
17716   6350   6352
17717   6325   6352
17718   4154   6353
17720   6328   6353
17721   6354   6355
17722   5277   6354
17723   6350   6354
17724   4633   6354
17725   3691   6355
17726   6353   6355
17727   5421   6355
17793   6376   6378
17795   4976   6376
17797   4896   6378
17798   6153   6376
17800   1971   6378
17801   6379   6380
17802   3956   6379
17803   6376   6379
17804    347   6379
17805   1723   6380
17806   6378   6380
17807   1973   6380
17809   6381   6383
17811   4250   6381
17813   2203   6383
17814   4015   6381
17816   5071   6383
17817   6384   6385
17818   5662   6384
17819   6381   6384
17821   4895   6385
17822   6383   6385
17823   3750   6385
17824   6386   6387
17827   3750   6386
17828   5288   6387
17830   6384   6386
17831   4495   6387
17833   6389   6390
17834   6320   6389
17835   6387   6389
17836   3164   6389
17837   6323   6390
17838   6386   6390
17839   2540   6390
17841   6391   6393
17843   3777   6391
17845   3287   6393
17846   3894   6391
17848   4104   6393
17849   6394   6395
17850   6060   6394
17851   6391   6394
17852   1891   6394
17853   6052   6395
17854   6393   6395
17855   1973   6395
polygons 2381
1      5      6   5831  13840  13842
2     12   5831  12679  12681
3  12682  12684  12786  12789  12792
5  12678  12679  12682  13179  13840  13841
6   6829  11822  11825  13111  13114
7   6828   6829  13176  13841  13842
8  11825  12791  12792  13176  13179
9  11609  11827  13108  13114  13115
11  10496  10500  13112  13115
12      6   6828  10498  13108  13111  13112
13      5     12   7186  10496  10498  10501
14   7186   7188  12678  12681  12684
16   7188  10500  10501  11609  12788  12789
17   6931   6932  12867  12870  12873
18     50   6377  11714  11718  12871  12873
19     50   6932   6933  12601  12603
20  10415  12031  12032  13953  13955
21  11857  12028  12029  12867  12868  12871
22  11859  13949  13955  14998  15001  15004
23   6377   8569  12597  12600  12603
24   6931   6933  14653  14703  14704
26  12597  12601  13950  14653  15000  15001
27  11854  11857  14701  15003  15004
29  12868  12870  14698  14701  14704
30  16122  16123  16424  16440  16442
33     94     95  12909  12912
34  12912  15990  16114  16420  16421  16424
36    102  11651  12909  13256  15988  15990
37     95    102   7279  16216  16219  16222
38     94   7279  16421  16437  16439
40    115  12328  15461  16121  16123
41  12324  12328  16232  16233  16236
43  11651  12326  16219  16233  16235
44    115  16222  16236  16238  16436  16439  16442
47    126   6126   6131   6333   6335
48   6334   6335  10685  12226  12227
49   6131  10647  10649  10650  12662  12663
50   6333   6334   9204  10361  10363
52    148   9204   9206  10679  10682  10685
53    150   9206  10362  10363
54    148    150   7397  13117  13120  13123
55   7396   7397   8650  10681  10682
56    126  10361  10362  10649  13119  13120
58   6388   7396  10650  13122  13123
60   6388   8650  12657  12660  12663
63   7653   9561  13607  13610  13613
65    173   6948   7653  10665  10668
68  10665  11716  12029  13608  13610
69   8766  11857  12637  12639
72   9555   9557  11552  13611  13613
73    204   5185   7250   9557   9558
74   5185   8765   8766  12143  12868  12869
78  10668  11716  12145  12871  12872
79    210    173   9555   9558   9561
80    210    204   6948  12138  12143  12145
81  12028  12638  12639  13607  13608  13611
83    217    218   8005  11604  12034  12035
84    221    222    223  11601  11604
85   6751  10834  10835  11477  11480  11483
86    231   7487   7489  11479  11480
87    233    218    234  11482  11483
88    217    223    236    237    234
89    236    222    238    231    239
90    239    237  11477  11479  11482
91    241    242  11601  12035  12036
92   6674  12034  12036  12487  12493  12494
93    221    242    245    238   7489   7490
94    233   6751   8005  12494  13159  13160
95    251    245    241   6674   6676
96    251   7487   7490  10833  10834  10837
97   6676  10837  12493  13162  13163
98   7007   7013   8114   8609   8611
99    261   7008   8108   8111   8114
100    264    265   4788   8109   8111
101    268    269   4788   8606   8608
103    271    272    273   8605   8606   8609
104    265    274    261  10588  16169  16171
106    284   9510  16168  16171  16174
108    269    290    284    274    264
109    294    295    271   7013   8707   8709
110    272    295   9511   9514
111    290    268    273   9507   9510   9511
112   7007   7008   8709  10588  10589
114   8707  10589  16168  16169  16172
115    294   9507   9514  16172  16174
116  11899  12536  12537  15917  15941  15942
117  12539  12540  15266  15269  15272
118  11938  11940  15269  16700  16702
119  11509  11510  11577  16699  16700  16703
121  12349  12350  15072  16703  16705
122  12171  12175  15072  15271  15272
124  11577  11934  11940  15917  15920
125  11510  15920  15940  15941
126  11899  12175  12176  12348  12350
128  11509  12348  12349  15940  15942
133    346   7867  11899  14427  14429
134    346  14951  15720  15743  15744
135   7867  14951  15939  15942  15945
136  14426  14429  14432  15743  15745
138  12537  12538  14426  14427  14430
141  15720  15945  16011  16050  16051
144    379    380  16009  16053  16054
145    382  15744  15745  16049  16050  16053
146  11936  15917  16009  16014  16015
147    380    382  10025  14430  14432
148    379  10025  11936  12536  12538
150  11018  13885  13889  14277  14283  14284
152   8217   8221  14281  14284
153  14277  14280  14281  14552  14555  14558
154   8221  10797  11018  13825  13826
155   7406   9795  10799  14450  14452  14454
156   7402   9795  13762  13763
157   9880  13891  14280  14283
158  13762  13824  13826  13889  13892
160   7402   7406   9882  13885  13891  13892
161   9880   9882  14452  14554  14555
163   8217  10794  10797  14454  14557  14558
164  11243  11873  11876  12682  12683
165   6189  11237  11243  13631  13633
166  13843  13863  13865  13953  13954
168    440   6189   8567  11873  12599  12600
169   8567  10422  13145  13864  13865
172   8776  13634  13636  13863  13864
173    440  13145  13630  13633  13636
175   8774   8776  13839  13840  13843
176   6230   8341  10727  10728  10731
177  10622  10626  10727  10730  10733
178   9780   9781  10625  10731  10733
179    465    466   8756   8758   8761
180    467   8427   8758   9779   9780
181    466    472    473    474    475    467
183    474  10626  10628  13710  13712
184    484   7899   8340   8341   8761   8762
185    484    485    486    472    465
186    475   8427  10622  10625  10628
187    485   7899  13707  13709
188    473    486  13706  13707  13710
189   6230   8756   8762   9779   9781
192  15943  16011  16013  16046  16048
193    504  10455  11444  15061  15723  15725
194    505  11444  14570  14573
195    504    508    509    510    505
196    511    509  16042  16045  16048
197    510    511  14570  16013  16051  16052
198    508  10455  16043  16045
203  17068  17079  17798  17802  17803
204  13846  13849  17068  17629  17636  17637
205  12155  12159  17709  17723  17724
206  13853  17629  17709  17716  17717
207  12025  12159  12161  13846  13852  13853
208  13849  13852  17802  17804
209  13587  14722  17721  17724  17727
210  12025  13589  13590  17795  17803  17804
211  14721  17077  17640  17720  17726  17727
215  14725  17074  17077  17795  17798
218    563   6514  10329  14770  14785  14786
219    570  15063  15695  15723  15724
220  11090  11093  15060  15063  15066
221    570   6512  11090  14770  14773
222  14951  15065  15066  16825  16828  16829
224  14786  15791  16822  16829  16830
225    346  10738  15789  16828  16830
226    563  10738  10741  15742  15743  15746
227  10329  10741  15789  15791
229   6512   6514  15695  15746  15747
233    599    600  10511  11055  11056
234  11055  11057  13131  13801  13802
236    616    599   9758  13801  13803
237    620   9422   9426   9755   9758
238    620    600    616  13192  13194
239   9426   9427  13188  13191  13194
240   6272   8790  13052  13189  13191
241  10511  13046  13047  13188  13189  13192
243   9311  11056  11057  13047  13049
244   5200   6269   6272   9311  13128  13131
248   9424   9755  13128  13802  13803
253    654  12768  14547  14550
255   8900   8901  12768  12845  12847
256  14547  14561  14562  16448  16489  16490
258  12845  14550  14561  16166  16185  16186
260  11659  14181  16447  16486  16487
261    654   8895   8897   8900  16445  16447  16448
262   8897   8898  11654  11656  11659
263  14375  14562  16185  16187
264    685   8895   8898   8901
265    685  11656  12847  16163  16166
266  11654  14177  14181  16163  16186  16187
267    693   9250  10556  16217  16219
268  10552  10555  16217  16234  16235
269  12089  14783  14787  16820  16822  16823
271   5086  10555  11170  14787  14789
272   9245   9250  10328  15788  15791  15794
273  10328  11168  14783  14786  14789
274    693  11651  15784  15793  15794
275  12326  12327  15784  16823  16832  16833
277   5086  12089  12327  16233  16234
280   9245  10552  10556  11168  11170
283    726    727  11590  11591  11594
284    728  11594  17157  17172  17173
285    727    733    734    735    728
286    726    736    737    738    739    733
287    736  11591  17187  17189
289  11590  17170  17173  17183  17187  17188
290    752    753    738    754
291    755    758    752  17163  17166  17169
292    754    737    755  17180  17188  17189
293    735    762  17157  17168  17169
294  17166  17175  17180  17183
295    758    762    734    739    753
302   6968  12469  12770  16232  16234  16237
303   6965   6969  12466  12469  12472
304  11256  12472  14548  14551
305   7835   9576  11255  14545  14547  14548
306    654    786   7835  11013  12328  12330
307    786  12765  12768  16236  16237
309   9573   9576  11013  12091  12092
310    793   6969   6971   9573  11255  11256
311   5086   5087   6965   6968   6971
312    793   5087  12086  12089  12092
313    796    126    797  13926  13927  13930
314    800    796  10649  10652
315    800  13927  14709  14711
317  10697  10700  13118  13120
318  10652  13118  13119  14705  14706  14709
319  10693  10697  13015  14706  14708
320  10360  10362  10693  10699  10700
321  10364  10699  13014  13015  13018
322    797   8783  10360  10361  10364
323   8783  13018  13930  13932
324    821  11784  11786  14933  14936
325  11657  14933  16163  16241  16242
327  10164  14936  15375  16240  16242
328  10158  10160  12850  15372  15375
331    685   8043   8044  11048  11051
332  11048  11656  11657  11785  11786
334    847    848  11051  11784  11785
335    848   8038   8043  10160  10161
336    847    821  10158  10161  10164
337   8038   8044  12844  12847  12850
340    860  16981  17011  17596  17604  17605
341  14329  16979  16981  17037  17044  17045
342   8427  12093  12094  12097  12183  12184
343    467  12097  17599  17603  17604
344  12094  12096  14324  14326
345   8757   8758  17013  17603  17605
346   5820  12093  12096  17596  17599
348    882   8757   9779  17042  17045  17048
349    882  16979  17011  17013
351    860   5820  14323  14326  14329
353    887   6348  10498  10499
354    896   6347   6348  12355  12357
355    900    901    902   6842   6843
356    903   6842  11326  12355  12356
357    902    906      6    887    896    903
358   6827  12451  13111  13431  13432
359   6347  10499  12262  13112  13428  13429
363  11323  12260  12262  12356  12357
364   6843  11323  11326  12454  12456
365    900   6831  12450  12451  12454
366  12260  12450  12456  13426  13429  13432
368    906    901   6827   6828   6831
369  14224  14225  15649  15664  15665
370   6230   6233  12305  13996  14221  14222
371  13998  15649  15652  17042  17043  17046
375   6233   8762  14790  14791  14794
377    962  12828  12831  15663  15665
382  11958  13379  17043  17045
383  12305  12830  12831  14794  14796
384    882    962  11956  11958  14790  14793  14796
385   8756   8757  14791  14793
386  11956  13379  15652  15663  15664
389   9781  13993  13996  17046  17048
391   9208   9209  12504  12506
392    986   9209  10215  13785  13808  13810
393    994    986  12313  12505  12506
394    994   8469  13785  16526  16528
397   8469  11354  12313  12568  12570
398  11358  11488  13813  16529  16531
399  11352  11358  12567  12570  12573
400   1012   9208  10210  10215  10217
401  10217  11488  11489  12571  12573
403   1012  12504  12505  12567  12568  12571
404   8764   8766  11641  14699  14701
405   5180   6362   8460  14702  14704
406   5177   5180  12140  12869  12870
408   1029   1030   5177   6362   6363
409   1034   1035   1029  12140  12143
411   1036   1030   1035   9850  10103  10104
412   1034   1036   5185   5188
414   6363   8460  10098  10104  11642  11644
415   9848  10100  11638  11641  11644
416   5188   8764   8765   9846   9848   9850
419    504   1048  16081  16084  16087
420    505  11988  12699  12700  16082  16084
421   1057    509   8487   8490   8493
422    510   8493  12694  12697  12700
423   1057   1048    508  16988  17005  17006
424   1064   8488   8490  16986  16988  16990
425   8487   8488  11989  12696  12697
426   9125   9128  16990  17008  17009
427  16085  16087  17003  17006  17009
428   1064   9126   9128  11985  11988  11989
429   1075   9128  17002  17598  17607  17608
430   8231   8232  17598  17601
431   1075   1064   8232   8588   8589
432   8584   8588  11556  11989  11992
433   1089  11662  11664  12071  12073
435   7436   8586  11556  12071  12072
436   7393   9126  11665  16999  17002
437   1100   7393  11988  11991
438   1100   9963  11661  11662  11665
440   9963  11985  11991  11992  12072  12073
441   1089   7436   8236  17601  17606  17607
442  11661  11664  16999  17606  17608
445   9593   9595  11883  11885
446   7188   8726   9593   9594  12936  12937
447  11883  12931  12936  14267  14269
448  11468  11471  12934  14263  14266  14269
449   8726   9150  12787  12789
451  10929  11468  11474  11475  11609  11612
453   8683   9150   9594   9595  10717  10931  10932
454  10927  10931  11475  14264  14266
455  10501  10502  12931  12934  12937
456  10500  10502  11471  11474
458   6375   8567   8569  16837  16840
459   6192   6194  16481  16483
460   6188   6189   6192  14286  14289  14292
461   6188   6194  11871  11873  11875
462   1149  11875  12602  12603  16477  16480  16483
463  14290  14292  16477  16478  16481
464   5451  16478  16480  16834  16837  16838
465    440  14289  16834  16840  16841
466  14286  14290  16838  16841
467   1149   5451   6375   6377
470   1163  12932  13835  14268  14269
471   7517   7522   7523  11471  11726  11727
472  11723  14266  16399  16402
475   1176   1177  13835  16398  16401
476   1176   6754   7522  10092  10093
477   7523  10095  10096  12932  12934
478   6754  11721  11727  16395  16401  16402
480   1163   1177  10091  10092  10095
482  13632  13633  14262  14288  14289
483  14256  14262  17712  17722  17723
489   1210  13913  14291  14292
490   1212  12157  13913  14258  17722  17724
493   6188   8143   8146  11240  11243
494  11241  13631  13632  17709  17712
495   1212   1210   6192   8144   8146
496  11237  11240  11241  12159  12160
497   8143   8144  12155  12157  12160
498   1057   1225  13909  16036  16044  16045
500  13549  13905  16271  16367  16368
501   1048   8082   8083  10455  10458
502   8081   8082  16091  17004  17006
503   1242   1243   8081   8083
505   1243   7092  16091  16365  16368  16371
506  13903  13909  16271  16471  16473
507   1242   7092  10458  13549  16039  16043  16044
510   1225  16470  16473  16988  16991
511   5831   6386   7276   8774   8775
513  11241  12680  12681  13853  14349  14350
514     12   6386  10865  14350  14351
517   7276  10865  10908  14216  14253  14254
518  10908  14349  14351  17629  17632
520   7083  11000  11002  15766  15768
521   1277   8516  11002  11127  11128
522   1280   8521  12050  12053
523   8515   8516  11353  12050  12569  12570
524  12053  12310  12314  12568  12569
525   1280   1291  12256  12314  12316
526  12310  12313  12316  15769  15771
528  11130  11131  12256  15765  15766  15769
529   1291   8515   8521  11125  11128  11131
530   8467   8469  15765  15768  15771
532   1277   7083   8467  11353  11354
535   8814   8815  10090  15666  15668
536   7859   8815  10711  10714  14170  14172
537   7859  13377  15654  15666  15667
538   8347   9413  12511  12513
539   9413  10929  10930  14169  14170  14173
540   8342   8344   8347  14173  14175
541   8342  10088  12512  12513  15651  15667  15668
542  12438  13374  15651  15654
543   6955   8344  10088  10090
544   6955   8814  14169  14172  14175
546  10714  10932  12204  13374  13377
547    563   9285  10400  11571  11572
549   9350  10400  10403  15746  15748
550   1336   1337  15742  15745  15748
551   1337   5465   5950   9349   9350
554   5950   9341  10114  14204  14294  14296
555  10736  10738  14297  14428  14429
556  10112  10742  14293  14294  14297
557   9285  10117  10736  10741  10742
558   1336   5465  14204  14431  14432
559   1349   1350   1351   1352   1353
560   1354   1355   1356    901   1357   1349
561   1353   1354  10083  11559  11560
562   1361   1362    900   1356   1363
563   1364   1365   1366   1367   1361
564   1363   1355   1364  10083  12074  12075
566   1352   8587  11555  11556  11559
568   1351   1376   1377   7433   8586   8587
569   1366   1381   6845   6846   7433   7436
570   1350   1357    902   1382   1376
571   1362   1367   6841   6843   6846
572   1381   1365  12070  12071  12074
573   1377   1382   6841   6842   6845
574   6754   6755  14273  16902  16905
575    210  10348  16901  16904
576   1397   7869   7870  14271  14273
577   9556   9558  14271  16898  16904  16905
578   1176  12282  12283  16898  16901  16902
580   1405   7872   7873  10093  10094
581   1411  10092  10094  12281  12283
583    173   1413  10348  12281  12282
584   6755   7522   7868   7869   7872
585   1413   1415   1405   1411   9559   9561
586   1415   1416   7868   7870   7873
587   1416   1397   9555   9556   9559
589   1421  11722  16402  16405  16406
590   9414  10930  11475  11722  11723
591   1421   9414  12511  15147  15148  15151
592   8682  10931  12201  12204  12207
593   8682  10410  14264  16399  16406  16407
595  10410  12207  12947  12953  12954
596  12954  15148  15150  16405  16407
598   1436   6755  10446  11725  11727
599   1441  11113  11114  16404  16405  16408
600   1421   1441   8823  10476  10478
601  11113  15276  16908  16910
602   8823   8826  11114  14146  15274  15276
604  10476  10477  11721  11722  11725
605   1459   1436  14146  14272  14273
606   1459   8826  10446  10477  10478
608  16401  16408  16409  16902  16909  16910
610   1463   6302   9270   9272   9313   9314
611   1470   9270  10099  11643  11644
612   5207   9309   9311   9314
613   5200   5206   5207   6296   6302   6303
614   1475   1476   6303  11640  11641
615   1475   5206   6272  10574  10576
617   1483   6276  13128  14091  14092
618   1487   1483  10099  10100  10577  10579
619   1463   1470   1487  14090  14092
620   9309   9313  13131  14090  14091
621   1476   9848  10573  10574  10577
622   6269   6276  10573  10576  10579
623   8594  10064  16789  16792
624   1497   1498   1499   8592   8594
625   9092  10060  12206  12950  12953
627   1498   9726  10414  17841  17846  17848
628  10408  10410  16755  17848  17853  17854
629   1499   9726  16789  16797  16798
630   9840  10057  10060  16792  16796  16797
631  16780  16796  16798  17846  17850  17851
633  12206  12207  16748  16753  16755
634   1497  10408  10414  12951  12954
635   8592  10057  10064  12947  12950  12951
636   9092   9840  16753  16780  16781
637   8246   8247  10395  14421  14424
638   8250  13924  13925  14283  14405  14406
639  10395  11972  11973  12729  12801  12802
640  13889  13921  13922  14421  15038  15040
642   1542  11972  14840  14843
643   1543  11018  14840  15039  15040
644   1542   1543  12729  14284  14402  14403
645   8245   8247   8250  12801  12803
647  12802  12803  14401  14402  14405
648   7657   8657   8659  10044  10045
649   7652   8659  10665  11421  11422
651   9767  12026  12030  13242  13608  13609
652   9767  10750  12209  12210
653  10750  10939  10940  12030  12032
654  10044  12209  12211  13239  13242
655   7652   7657  13239  13609  13610
659  10938  10939  11425  11719  11720
660   9960  10045  10938  10940  12210  12211
663   1584   1585   5914  11672  11674
664   5911   5914   7399   7466   7467   7470
665   1585   6390   7395   7396   7399
666   1591   1594   7446  10680  10682
667   1591   7395   7397   7467   7469
668   1594   1597   7466   7469   7472
671   1606   7443   8653  10680  10681
672   1584   6390   8650   8653  13980  13982
673  11668  11672  13035  13980  13981
674   1615   7470   7472  11671  13032  13035
676   1618   1606  13032  13981  13982
677   1618   1615   1597   7443   7446
679   1620  11778  11794  15513  15519  15520
680  10856  10859  15516  15519
681  11794  11797  11800  11801
682   1620  10760  10762  10857  10859
684  10860  12390  15513  15516  16588  16590
685   7758   7762  10856  10857  10860
686   7977  10763  12605  12607
687   7758   7763  10759  10760  10763
689  11797  15520  16584  16588  16589
690  11800  12608  16581  16584
692   7762   7763   7977  12390  12393
693  10759  10762  11778  11801  12604  12605  12608
696   1664   4785   5862   8109   8110
697   1671   1664   5224  11416  13182  13184
698   4785   4788   5221   5224
699   1671   1677   1678   5859   5862
700   1679   1680   1681   5859   8110   8111
701   1678   1679   7961  12877  12880
702    264   5221  10871  10873  11413  11416
703    265   1681  10873  11026  11027
704   1677  12877  13183  13184
708  11029  11030  11413  12880  13182  13183
709   1680   7961  11024  11027  11030
711  13208  14848  15974  15992  15993
712  13208  13209  14622  16192  16194
713   5336   5338   5340  16153  16156
715   1714  14619  16153  16193  16194
716  14848  14885  14887  16156  16192  16193
717  14888  16113  16119  16424  16426
718   1720  12907  12912  14619  14622
719   1720   1714   5338  16421  16423
720   5340   8141  14884  14885  14888
721   5862   9227  10855  11738  11739
723   8125   9224  10172  10175  10178  11738  11740
725   7638   8593   8594  10173  10175
726   1739   1499   4785   7638   8607   8608
727   8611   9230  10176  10178
728   1498   1739   1664  10853  10855
729   1741   1497  10853  11739  11740
730   1741   8125   8592   8593
731   1742   1748  11764  13661  13663
732   1752   1742   6211   6212
733   1748   6212  12854  13490  13491  13494
735  11758  11764  13491  14584  14589  14590
736  11969  13386  13387  14589  14692  14693
737  11758  13386  13581  13661  13662
738   8087   8093  11966  11969
739   8088  11966  13387  13578  13581
740   1752   1776   1777  13578  13662  13663
742   8093  13249  13251  14691  14692  14695
743   1777   8087   8088  13245  13248  13251
744   1776   6211  12854  13246  13248
747   1783   1784   1785   1786   1787
748   1788   1789   1792   1793   1783   8401   8403
749   1787   1794   1795   1796   1788
750   1794   1786   1797   1798   1799
751   1799   1795   7348  14213  14396  14397
752   8401   9153   9157  14249  14252  14255
753   1792   9157   9299  11035  11036
754   1796   1789  14394  14397  14400
755  12772  12775  12778  14213  14254  14255
756   1798   7348  10340  12773  12775
757   8403  14252  14399  14400
758   1793   1784  11031  11032  11035
759   1785   1797  10340  10890  11032  11033
760   1817    726   7656   8659   8662
761   1413   1820   7652   7653   7656
762   1824   9143  11363  11594  11595
763  11360  11361  12284  13292  13294
764   1817   1820  11591  11592  12280  12281  12284
765   1831   1833   9139   9140   9143
766    727   1824   1831   8662  11420  11422
767   1833   6780   6949  10668  11420  11421
768   6948   6949  10348  13295  13297
772   6780   9140   9141  13291  13292  13295
773   1845   1846   9893   9896   9899
774   1847   1848   9899  11427  11429
775   1846   1847   8831  16519  16550  16551
776   9436   9437   9440  16519  16522
777   1831   8921  16522  16549  16550
779   1868   9140   9142   9894   9896
780   1848   8831   9440   9441
781   8921   9143   9219   9437   9438
782   9139   9142   9219  11430  11432
783   9436   9438   9441  11426  11429  11432
784   1833   1845   1868  16549  16551
786   6227   6229  13655  14114  14115
787   6227   8260  12592  12595
788  12591  13216  13250  13251
789   1890  13421  14113  14115
790   1890   6229  12588  12595  13213  13215  13216
791   1894   8260   8262  13655  13658
792  13215  13247  13248  13417  13420  13421
794   8087   8089   8262  12588  12591  12592
795   1902   1903   1894   8088   8089
796   1777   1902  13420  13423
797   1903  13417  13423  13658  14113  14114
800   6062  12753  12755  15464  15495  15496
802   1919   6423  12749  12750  12753
803   6062   6069  12558  12957  12959
804   1927   6069  12749  12752  12755
805   1927  12957  15622  16261  16263
807   7564  13168  14343  14346
808  10821  14343  15462  15494  15496
809   1919  10825  15620  16204  16261  16262
810   6423  10819  10825  15462  15464
811  12959  13167  13168  16201  16262  16263
813   7564  10819  10821  16201  16204
814  12750  12752  15620  15622
815  12558  13167  14346  15494  15495
816   5091   5092   6545  14848  14851
817   1957   5097   6545  14553  14555
818  14552  14553  14851  14886  14887
819   5091   5097   6457  10605  10606
820   5092  10605  16191  16192  16195
823   8219  14558  14885  14886
824   8219  14281  14403  16151  16156  16158
825   1957   6457  14280  14406  14407
829   1980    150  10700  11662  11663  12498  12499
830   1984  12499  12503  12506  12509
831   1985   1986   9203   9208  10360  10363  10366
832   1989   1985  12503  12504  12507
834   1984   1980   9203   9206   9209
835   1991  10366  10699  11665  11666
836   1992   9963  12498  12507  12509
837   1100   1991   1986   1989   1992
838  13139  14260  14288  16841  16844  16845
840   2003   6555  12801  13916  14290  14291
841   2004   2006  13102  14256  14257  14260
842   2007   2010   2004  11972  11974
843   2006   2012   2007  13136  13139
844   6555   8832   8834  10392  10395
845   2003   8834  16838  16845  16846
846   2010  12729  13102  13103
847   2020   8832  13136  16844  16846
848   2020   2012  10392  11973  11974
852   9911   9912  15815  16758  16773  16774
853   9907   9912  16466  16863  16865
854  15815  15818  16466  16482  16483
855  11875  15818  16774  16775
857   6933   8923   8925  16758  16759
858  12601  12602  16759  16773  16775
859   6932   8795   8796   8924   8925
860   8792  16480  16860  16862
861   8923   8924   9907   9908   9911
862   1149     50   8791   8792   8795
865  13859  16513  16515  16694  16701  16702
866   5072  11275  13855  13856  13859
867  11286  11287  12692  16510  16512
868   4975   9377  11274  11275  11581  11582
869   2069   4971   4975  11286  11288
870   2069  11576  11582  11939  11940
871  10262  11287  11288  11938  11939
872  10262  15269  16509  16512  16515
873   5072   9377  16694  16697
878   2078   5911   5916  15630  15633  15634
879   2083   2084   2078  11343  11349  11350
880   2083   5916  11671  12759  12762
881   2092   2084   6212  12756  12759  12760
882  12760  12763  12852  12854
883  11343  11346  11347  13491  13493
884   2092   1748  11347  11350
885  11342  11673  11674  15633  15644  15645
887  11346  11349  15634  15641  15642
888  13490  13493  13496  15639  15642  15645
890   5541  12553  12556  12958  12959
891   9105  10249  10251  12553  12558  12559
893  11331  11332  12556  12559
894   8542  10323  10325  12957  12958
895   5541   8542  11332  14776  14779  14782
897   9105  11154  11331  14515  14778  14779
898   6069  10323  12216  12249  12250
899  10267  11289  11290  13392  13398  13399
900  13396  13399  16683  16686  16689
901  10264  10267  16670  16684  16686
902   2137   2141  12918  13090  13091
903   2137   6350   6351  11289  11291
904   2141   2145  10264  11290  11291
906  12354  12357  12919  13087  13088
908   2154  12354  12355  16673  16687  16689
909   6346   6347   6350  13085  13088  13091
910   2154    896  13392  13395  13396
911   6346   6348   6351  13395  13398
912   2145  12915  12918  12919  16667  16670  16673
913   9071   9073  11480  15883  15904  15906
914  11479  15532  15704  15900  15901  15904
916  15883  17140  17144  17219  17221
917   9072   9073  17144  17167  17169
918  15445  15707  17105  17121  17164  17166
919  15703  15901  17105  17222  17224
920    752   2179   2180   7488   7489
921    231   2180  15529  15532  15535
922   2179    755  15445  15534  15535
923    758   7487   7488   9071   9072
925   8494   8497  12822  12824  14757  14759
926   7920   8499  12821  12824  12827
927   7921   8496   8497  14053  16018  16020
929  14753  14759  15997  16019  16020
931   8970  14051  15995  16018  16019
932   2211  14754  15995  15997
933   2215   8973   8975  12825  12827
934   2216   8969   8975  14051  14053
935   2215   2216   7917   7920   7921
936   2219   2220  14753  14754  14757
937   2221   2211   2219   8969   8970   8973
938   2220   2221  12821  12822  12825
940   2222   2224   1606  11481  11483
941   2227   2222   7443  11300  11302
942   2224    233   2229   8653  12658  12660
943   2230   2231   2232  12228  12658  12659
944   2229    218   2234   2230
945   2227   2235   2236  11481  11482
946  11303  11305  12227  12228
947   2232   2238   2235  11299  11302  11305
948   2236   2238   2231   2234    234
949   6404   6405  10102  10103  17147  17150  17153
950   9850  15677  17151  17153
951   5870  15697  17148  17150
952   2251  13648  15092  15095  15096
953   2254   2255   6404  13644  13645  13648
954   1036  15092  15098  15099  15677  15700  15701
956   5870   6405   7544  13645  13647
957   1030   2261   2251   2255   2262
958   2262   2254  10102  10104
959   2261   1035  15095  15098
960   1441  15148  15386  16243  16245
964  11742  15388  16188  16243  16244
965  11111  11114  15386  15388
966   1741  12951  15150  16190  16244  16245
968  10414  10853  10854  11317  11318
969  11737  11740  16188  16190
970  10470  11317  16408  16410
971  15699  17148  17149  17210  17212  17214
972  17135  17142  17212  17220  17221
974   2215   5867   6164  15697  15699
976   2299   5867   5870   7920   7923
977   2301   7917   7923  17119  17142  17143
978   2301   2299  17135  17149  17150
979   7921  17102  17119  17121
980   2216   6164  17102  17214  17223  17224
982   8896   8897  10250  12246  12248
983  11659  11660  12247  12248  16097  16103  16104
984  11566  11568  13978  13997  13998
985   9585  11562  11568  11654  11657  11660
986   5659   7569  11050  13994  14220  14221
987   5659   7038  11154  16100  16103
989   7038   7569   7570  10250  10251
990  11562  11566  16101  16104
991   7570   8896   8898  11046  11048  11050
994  11974  13804  14094  14838  14843  14844
995   2333   2334   2007  13800  13801  13804
996  12712  14116  14118  14838  14840  14841
997   9313   9418  12712  13551  13553
998   9309  11054  11057  11060  13421  13552  13553
999   1890   2343   8193  11058  11060
1000   2345   2004   2334   8193   8195
1001   9418  14089  14090  14841  14844
1004   2333   8195  11054  11055  11058
1005   2010   2345   2343   1542  14112  14115  14118
1006   8924  11025  11027  12419  12421
1008   2358   9908   9910  10876  11025  11026
1009    274   2362  10873  10876
1010   9907   9910   9913  16075  16078
1011   2358   2362  16075  16170  16171
1013   8929   9911   9913  10591  10593
1014  10587  10588  10591  12422  12424
1015    261   1681  12418  12421  12424
1016   6862   6864   8950   8951
1017   8950  11711  14388  15537  15539
1018   6864  11711  17616  17831  17834  17835
1019   2384   2385   8752  10124  10125
1020   2389   8752  10900  17618  17619  17622
1021  15537  15538  17818  17824  17830  17831
1022   2389   2384   6868   8951  14388  14390
1024   2385  14390  15500  15538  15539
1025  10125  15500  17814  17818  17819
1027   6862   6868  17616  17619  17620
1029  14802  14803  15375  15389  15390
1030   2406   2407   2408   8039  12848  12850
1031   2411   6309   8039  10159  10160
1032   2220   2413   2414   6309  14232  14799  14800
1033   2221   8316  14226  14229  14232
1034   8314   8320  14228  14229  15389  15391
1035   2411   2414   2421   2406
1036   2422  12848  15372  15390  15391
1037   2422   2408   8320  12821  12823  12826
1038   8314   8316  12825  12826
1039   2407   2421   2413  12822  12823
1041  13258  15894  15895  15987  15988  15991
1042  11372  14338  15832  15895  15896
1043  15778  15832  15977  15991  15992
1044   7563  14338  14343  15772  15775  15778
1045  11367  11369  13258  15458  15459  15462
1046  11366  11367  15894  15896
1048   7563  10821  11366  11369  11372
1050   2445   2219  14230  14232
1051  10463  13507  13509  14226  14227  14230
1052   2455   8315  14227  14229
1053   2455   5568  10010  10461  10463  10466
1054   5564   5568   8315   8316   8973   8974
1056   5564   5570  10010  15861  15864  15867
1057   2463  15842  15865  15867
1058   2463   5570   8969   8971   8974
1059   2211   2445  13506  13507  13510
1060   8970   8971  13510  15838  15839  15842
1061   2470   1459   2471  10462  10463
1062   2471   8826  14029  14227  14228
1066  10462  12296  13509  14586  14693  14694
1067  12808  12809  14586  14589
1068   2488  13507  14692  14694
1070   2470  10446  12296  12809  12810
1071   2488  11969  14230  14798  14799
1073   7001   7798  11858  15002  15004
1074   4967  13176  13951  14999  15001
1075   2497   1355   7798   7801
1076   1356   2497   6831   7000   7001   7004
1077   1354   7801  11204  11858  11859
1078   1349  11204  13845  13954  13955
1079   4967   6827   6829   7004   7005
1080   1357    906  13839  13842  13845
1081   6439   7656   7657  14358  14580  14581
1082   2506    739   8214  10047  10048
1083    733   8214   8657   8662   8663
1085   6439   9552   9554  10043  10044  10047
1086    738   2506   9548   9549   9552
1087    737   9549  14359  14577  14578
1088   1817    736  14355  14358  14359
1089   9774  14881  15041  15043
1090   6990   6991   9774  13765  13827  13829
1091   5996   7404  13892  13920  13921
1093   2530   5994   7404  13761  13762  13765
1094   2533   2535   2536   5994   5996
1095   2537   2533   5577  13920  13922
1096   2536   2537   5987   6987   6988
1097   6986   6987   6990  14877  14878  14881
1099   5577   5987  14421  14878  14880
1101   2530   2535   6986   6988   6991
1105   9246   9283   9285   9287  10328  10329
1106   2555   5603   9246  11168  11430  11431
1108   5603   9894   9895  12287  12290  12293
1109   8645   9898  11427  14768  14770  14772
1110   6514   8638   8645  10400  12291  12293
1111   2555   9287  11575  12288  12290
1112   2563   5459   8238   8241   8244
1113   5460   8240   8241  17196  17199
1114   8243   8244  12769  16220  16237  16238
1116   6968  10554  10555  17197  17200
1117   2583  12467  12469  17193  17199  17200
1120   2563  10571  10572  16216  16217  16220
1121   2589  12467  12769  12770
1122   5459   5460  10566  10569  10572
1124  10568  10569  17193  17196  17197
1125   2589   2583   8238   8240   8243
1126    222  10956  10958  10968  11510  11511
1127    221   9020  10955  10958  10961
1128   7700  11604  16038  16041
1129    223   7698   7700  10965  10968
1130  10504  10965  11511  15939  15940  15943
1132   7698  10504  16041  16046  16047
1133   9019   9020  11601  16038  16047  16048
1135   9019  10961  16010  16013  16016
1137  10955  10956  15920  16014  16016
1140   2621   2622   7738  14083  14085
1142   2629   7738  11358  11495  11498
1143   8515   8520   8855  10256  10257
1144   8849   8855  14591  14593  14596
1145   8520  12050  13728  14596  14597
1146   8905  14076  14084  14085  14593  14594
1147  10253  10254  12646  14076  14079
1150   5249  11352  11353  11498  12644  12646
1151   2629   2622  12573  13723  13725
1152   2621  13722  13723  14591  14594  14597
1154   5249   8516  10252  10253  10256
1156   9959  10938  13065  13867  13868
1157   5083   8598   8602  13065  13068
1158   2661   8408   8602   8604  10048  10049
1160   5081  11533  13068  13866  13867
1161   8598   8604   8663   9959   9960
1162   2669   2661   5081   5083
1163   2669   8408  11532  11533  12213  12214
1164  10043  10049  12208  12211  12214
1166  10515  11337  12852  13218  13246  13247
1168  11059  11060  13215  13218
1170   2682   2683   5207   6211  12760  13048  13049
1172   2682   9314  13550  13553  13556
1174   1776   2683  13420  13555  13556
1175  10510  11337  12763  13047  13048
1177   2690   2691   2692  17594  17596  17598
1178   2692   1075  16990  16993
1179   7957   9130  16256  17007  17009
1180   2690    860   6495  16247  16249
1181   2691  16247  16255  16993  17007  17008
1183   8304   8306  16249  16255  16256
1185   7957   8304  16974  16983  16984
1190   6495   8306  16978  16981  16984
1192   9125   9130  16974  17002  17014  17015
1193   2726   8761  14706  14791  14792
1195  14708  14792  14793  17010  17013  17016
1196    465   2731   2726  10697  11663  11664
1197  11666  13015  16999  17015  17016
1201   2731    466  17602  17603  17606
1202   9483   9892  14374  14559  14562  14565
1203   9229   9890   9892  10177  10178
1204  10704  11741  14559  14563  16184  16185  16188
1205   9890  11434  11435  14563  14565
1206  11437  11438  11737  11738  11741
1207   8125  14182  16184  16187  16190
1208  10174  10175  14182  14374  14375
1212   2758   6793  15127  15736  15738
1213  13053  13054  15729  15737  15738
1215   2770  12718  13059  15729  15732
1216   2775   1594  13053  13056  13059
1217   1597   2776   2758  13054  13056
1219   5291   5293   6790   6791  12716  12718
1220  12716  15125  15732  15736  15737
1221   2776   6788   6790   6793   7471   7472
1222   2775   2770   5293   7468   7469
1223   6788   6791  15125  15127
1226   8600  13065  13147  13356  13358
1228  13142  13145  13356  16840  16847  16848
1231  13358  16524  16847  16849
1232   8600   9959  11425  16524  16552  16553
1233  16553  16554  16837  16848  16849
1234   6375  11718  11719  16552  16554
1235    994  13058  15729  15770  15771
1236  13053  13055  13058  13785  13787
1237   4895  10276  15735  15738  15741
1238   4889   4895   4896   7667  13054  13055
1239   4889   7509   7510  10276  10278
1240   7258   7510   8323  16503  16506
1241   7257   7258  10278  15741  15767  15768
1242   7667   8324  13787  16503  16527  16528
1246   4896   7509   8323   8324
1249   2836  10458  15061  15063
1250   2837   4696  10504  15064  15066
1251   2840   2837   7147   7698   7699
1252   7141   7146   7147  16917  16941  16942
1253   2836   1242  11090  16920  16940  16941
1254   2840   4696  11093  16917  16920
1257   7091   7092  16940  16942
1258   7091   7146  13547  13549
1259   2853   9895   9896  10878  11028  11029
1260   7960   7966  11028  11030
1261   8934  12290  13185  13292  13293
1262   1868   2853   6780   7965   7966
1263  10878  11413  12292  12293
1265   5603   8934   9141   9142
1267   2867   2868   8003   8010  12491  12494
1268   8010  12191  13904  16271  16274
1269   2868   2871  12188  12191
1270   2877   2878   6674  15567  15569
1271   5789  15566  15567  15570  16456  16459
1272   2878   2883  16456  16472  16473
1273   5788  12487  12491  15570  15572
1275   2888   2871   2867   5788   5789
1276   2888  12188  16274  16459  16471  16472
1278   2877   2883  12036  13907  13909
1281  16203  16206  16695  16698
1282  15758  15759  15762  16264  16266
1283  14466  15594  16206  16264  16265
1284  14466  15529  15530  15533  16692  16697  16698
1285  15530  15594  15704  15759  15760
1286   5070   5072  10108  14962  15122  15123
1287   7213  10108  11451  16203  16265  16266
1288   9377  14962  15448  15533  15534
1289   5070   7213  16692  16694  16695
1293  11451  15123  15686  15762  15763
1294   2924   2925   5206  12759  13051  13052
1295   2682   2926   6299   6302
1296   2930   2924   6300   6303
1297   2930   2931   2932   2084   2925
1298   2932   2933   2934   1742   2092
1299   2935   2926   2683   1752   2934
1300   2933   2931   2935   6296   6299   6300
1302   5087   8474  12344  14775  14787  14788
1303   9441   9442  12344  12346  14967  14969
1304  11429  12346  14772  14775
1305   6971   8474  14966  14967  14970
1306   9218  10554  11170  11431  11432
1311   9218   9438  13514  17197  17204  17205
1312   6965  14970  14972  17200  17203  17204
1313  13517  13519  14966  14969  14972
1314  13513  13519  17203  17205
1318   2967   8689  11191  12284  12286
1319   2972   2977   7720   7723
1320   2978   2972  12286  13187  13293  13294
1321   2977   2980   2981   2967   2978
1324   9396  11191  11361  11362
1325   9287   9990   9991   9994
1326   2980   7720   9991   9993  11573  11575
1330   7723  11573  12288  13185  13187
1331   2555   8934   9994   9996  11360  11362
1332   2981   8689   9396   9990   9993   9996
1333  11823  12146  12149  12150  12790  12791
1334   3000   7878  12150  12153
1335   3000  11822  11823  13664  13666
1336   4993   6109   7858   7859  12149  12152
1337   7858   9152  10714  10717
1338   4993   8812   8815   8818
1339   7878   8812   8816  13666  14171  14172
1340  11612  11827  13664  14170  14171
1341   9422   9428  12414  17144  17145
1343   3019   6276   9424  12412  12414
1344   3021  12412  17140  17142  17145
1345   3019   3021  10579  17133  17135  17136
1346   8790  10575  10576  15804  15807  15810
1347   9427   9428  15807  15881  15883
1350  15810  17133  17139  17212  17215
1352   3036  10885  12268  12621  12624
1353  12621  13324  13325  14902  14903
1354   3036  13324  13326  13857  13858
1355  10882  10885  13855  13858  13861
1356   7768  12269  12624  14901  14902
1357   7766   7768  16541  16544  16547
1358  13325  13326  16498  16510  16511
1359   7766  10170  10882  12268  12269
1362  14901  14903  16498  16542  16544
1363   4996   8817   8818  10221  13957  13959
1364   4996  12152  16950  16964  16965
1365   7307   7876   8816   8817
1366   7876   9914   9915  12153  12672  12673
1367   7307   9915  10221  11636  11637
1368   9920  12672  16961  16967  16968
1369  11634  13960  16955  16958  16961
1370  13956  13959  16950  16957  16958
1371   6742   8488   8489   8588   8590
1372   1352   3082  10521  10745  10750  10751
1373   3082   9767  11559  11692  11694
1374   9480  11681  12695  12697
1375   6742   9477  10523  10751  12212  12213
1376   9475  11681  11692  11693  12208  12209  12212
1380  11555  11693  11694  11992  12695  12696
1381   8584   8587   8590  10521  10523
1382   9933  10613  10614  13004  13006
1383  10614  10863  10867  14348  14351  14354
1385   9815   9819  10905  17632  17635  17636
1386   9818  10354  17071  17635  17637
1387   9929   9933  10357  17068  17071
1389   3117  10867  10869  12635  13004  13005
1390   3121  10863  10869  10905  10908
1391  10354  10357  12632  13005  13006
1392   3121   3117   9819   9821
1393   9815   9818   9821  12632  12635
1397   3128    269   5221   9348   9350
1398   3129   3130   7641   8606   8607
1399    268   3128   1337   3132   3129
1400   3132   3135   3136   3130   5465   5466
1401   1739   5224   9348   9349   9725   9726
1403   3135  16791  16800  16801
1404   3136   7638   7641  16787  16789  16791
1406   5466   5950   9725  16795  16798  16801
1409   2731   1089   1381   3146    472
1410   3146   1365    486   5296   7401   7467   7468
1411    485   7395   7401  13121  13123
1412   5293   5296  12074  12501  12502
1413   3154   2770  12496  12499  12502
1415   1591   2775   3154   1980    148
1418   2726    484  13117  13118  13121
1419   9625   9628  16672  16687  16688
1420   6862   7893  13700  16669  16684  16685
1421   6712  13699  13705  16667  16669  16672
1422   6712   9628  11851  12094  12095
1425  11851  13705  14324  17613  17620  17621
1426   6868   7893   7895  10306  10307
1428  10306  10308  14326  17619  17621
1429   7050   9625  10307  10308  12095  12096
1432  13699  13700  17613  17616
1433  16110  16111  16369  16371
1434  11947  12190  16365  16366  16369
1435  11947  13923  13925  16032  16110  16112
1436   5577   8246   8248  16943  16945
1437   9703  16029  16091  16111  16112
1438   8245   8248   9705  16029  16032
1439   2537   7096  16939  16942  16945
1440   2533   7091   7096  12193  16366  16368
1441  12190  12193  13919  13920  13923
1442   1243   9703   9705  16939  16940  16943
1443  15266  16515  16545  16556  16557
1444   6864  12174  12540  12541  13700  13701
1445  12530  13701  16669  16670
1446  10260  10262  10264  12530  12539  12541
1448   7893   8951  16538  16559  16560
1450  10260  10267  16495  16511  16512
1451   8950  12174  15272  16555  16556  16559
1452  16495  16538  16542  16543  16685  16686
1456   3229  10977  13100  14149  14271  14272
1458  10010  10976  10977  11000  11005  11007
1459  10466  11005  11126  11127  11206  11207
1460   2470   1436   7869   9825  11207  11208
1462   1397   3229  11007  11129  11130
1463   2471   2455  13097  14146  14149
1464   5568  10976  13097  13100
1467  10461  10462  11206  11208
1468   7870   9825  11125  11126  11129
1471   3252   1848   6013  12346  16922  16943  16944
1472   2836    570   3253   8080   8083   8086
1473   8080   8081   9703  16853  16856
1474   8086   8642   9898   9899  16850  16853  16854
1475   3252   1847  16854  16857
1476   3253   6512   8642   8645
1477   6013   9705  16850  16856  16857
1478   3264   9884   9885  12186  12188  12190
1479   2868   5999  14035  14133  14134
1480   2871   3264   3269  14128  14131  14134
1481   5993   7402   7404  14032  14035  14036
1482   5993   5996   5999  12186  12191  12193
1483   3272   7406  14036  14130  14131
1484   9879   9884  13891  13923  13924
1485   3272   3269   9879   9882   9885
1486  13023  15554  15555  17817  17818  17821
1487  12911  13209  15554  15556
1488  12911  13023  13283  14622  14725  14726
1490  10607  13585  14722  16195  16197
1493   5092   5093  13208  15500  15555  15556
1495  10123  13584  13585  17809  17814  17816
1496   5093  10123  10125  10605  10607
1497  13283  13589  17816  17821  17822
1500   7446  11300  11301  13055  13056
1501  10212  10685  11303  13809  13810
1502   9203   9204  10212  10215
1504   3154   1984    986  13058  13059
1506  11299  11301  13787  13808  13809
1507   3314   7314   7315  16799  16801
1508   9839  16780  16782  17827  17838  17839
1509   7315  14207  14296  17828  17835  17836
1510   3314   5466  14204  14207
1511  10114  10115  17843  17851  17852
1512   9255  16782  17850  17852
1514   9255  10115  14294  17824  17827  17828
1515   5317   9839  16795  16796  16799
1518   5096   6545   6765  14827  14830  14831
1519   1620   3272   3339  14452  14455
1520   3339   3269   8070  10761  10762
1521   3342   3343   3344   5096   5097
1522   3344   1957   9879   9880   9883
1523   3348   3342  14830  14833
1525   8071  10760  10761  14827  14833  14834
1527   3343   3348   8070   8071   9883   9885
1528  10857  10858  14831  14834
1529   6765  10858  10859  14455  14553  14554
1530   8193   8194  10580  10581  10584
1531   7290  10584  10585  17084  17646  17655  17656
1532   9051  13213  13218  17642  17644  17646
1533   7290   8194   9051  11058  11059
1534  10526  12884  17084  17092  17093
1535  13216  17096  17644  17652  17653
1536   2343   6229  10528  10581  10582
1539   3372   3373  12803  13913  13916
1540  13103  13104  14402  16155  16158
1541  16155  16196  16197  17725  17727
1544   3381   3382   6460  10606  10607
1545   3373   3383   6460  14405  14407
1547   3382   3385  12157  13585  13587
1548   3385   3381   3383   3372   1212
1550   9755  12413  12414  12894  13222  13223
1551   7221   7223  14089  14092  14095
1553   7218  12412  12413  17206  17208
1554   1483   3019   7217   7218   7221
1555   7549  13518  13519  13806  14094  14095
1557  12894  13515  17202  17205  17208
1558   7217   7223   7549  17202  17203  17206
1560   2141   3406   3407   3408   8853   8855
1561   3408   3409  11285  11288  11291
1562  10025  10026  14591  14592  14595
1563  12582  12584  14592  14593
1564    379   3416   3406  14595  14596
1565   2145   8849   8853  12530  12583  12584
1566  10026  12535  12538  12541  12582  12583
1567   3407   3416   3409  11934  11936  11939
1568   3419   3420  10354  11216  11218
1569  10526  13285  17075  17638  17640
1570   8135  11216  12843  13288  13289
1572  17084  17087  17634  17635  17638
1574   3419   9818  14637  17087  17091  17092
1575   3420   8135  10673  14637  14640
1576  10673  12884  12886  13284  13285  13288
1579   8853  10257  12918  12921
1580   8902   8905  12581  12584  12587
1581   6710   8907  12587  13704  13705
1582   8902   8907   9403   9406  10254  10255
1583  11517  12359  16672  16673
1584   6710   6712   9403  11517  11519
1586   9406  11519  12359  12919  12922
1589    239  14465  14471  15530  15532
1590   3461   2235   8324  14165  15595  15597
1594  11477  11481  15904  15905
1595   2227   3461   4896  15900  15902  15905
1596   7509  15760  15761  15901  15902
1598   2236    237  14165  14470  14471
1601   8323  15591  15595  15759  15761
1603   2629   5643   9260  11488  11490
1604   5643   7738  16484  16485  16488
1605  12249  12754  12755  16445  16450  16451
1607   9260  13012  13013  16451  16488  16489
1608  11490  13007  13013  13812  13813
1609  12752  13009  13812  16505  16530  16531
1610   1927  10323  16505  16508
1611  11495  12217  12250  16450  16485  16486
1614   3500  12983  13658  13964  13965
1615   3500   3501   1894   6312  10159  10161
1616   2411   5341   8260   8261  16423  16437  16438
1617   8140   8141  12980  13964  13966
1618   3516   8043   8140  16426  16440  16441
1620   6309   6312   8261   8262
1622   3516    848   3501  12980  12983
1624   5336   5341  13655  13965  13966
1625   8038   8039  16436  16438  16441
1627   9992   9993  17800  17805  17806
1628   9283   9991   9992  10117  12167  12170
1629  12170  13026  17797  17800
1631  10112  10115  12167  13026  13027
1632  13027  17797  17806  17807  17849  17852  17855
1633   3534   7720  17845  17854  17855
1634   2980   3534  17805  17807
1636   4964   4967  11823  11825
1637  14653  14656  16759  16966  16968
1638  12149  16778  16963  16965
1639   4964  12150  12673  14656  14999  15000
1640  11871  11876  12790  12792  16772  16775  16778
1644   1353   3082  11204  12030  12031
1645  11560  11691  11694  14610  14809  14810
1646   7801  10083  12641  12642  14607  14610  14611
1647  11547  13611  13612  14611  14806  14807
1648  13536  13540  14804  14807  14810
1649  10580  10583  17718  17725  17726
1650  10530  10582  10583  16151  16153  16155
1651  13287  14619  14726  17075  17077
1652   1714  10524  10530  13285  13287
1653  10585  17638  17718  17720
1658   7867  12347  12348  16827  16828  16831
1659  11371  12175  12177  15893  15896  15899
1660  11162  14297  14298  15897  15899
1662  11367  12353  15787  16831  16833
1663  12176  12177  14298  14427  14428
1664  15787  15792  15793  15893  15894  15897
1665   3574    271   3575  10214  10217
1666   9259   9265  10214  11489  11490
1667   3130   3579  13573  13723  13724
1669   2622   3579   5643   7641   9488  10173  10174
1670   3574   8609   9265   9490  10176  10177
1671   3575    272  12571  13570  13724  13725
1672    273   3129  13570  13573
1673  13399  13870  13871  16495  16498
1677   3594  13329  13398  13873  13874
1679   4976  12692  13323  13326  13329
1680   3594   4976  11285  11286  11289
1682  10566  11359  11362  11365  11584  11585
1683  10569  11365  11595  17171  17173
1684   3605  10572  11216  11584  11586
1686   8691  11191  11592  13006  17186  17187  17190
1687   3611   3419  12632  15428  15430
1688   3420   3605   3611   5457   5459   5462
1689   5462  15428  17174  17178  17183  17185
1690   5457   5460  17170  17171  17174
1691   8691   9396  10357  11218  11585  11586
1693  11444  11445  16084  16173  16174
1694   3618   1989   3619   9514  14571  14574
1695   3619   1992  11991  12698  12699
1696  12698  12700  14568  14570  14571
1697   1986   3618    294   3622
1698   3622   1991   7393  16082  16172  16173
1701   2926   7306   7307   9860  13554  13556
1703   2934   3628  13660  13663  13666
1704   3628   2935   7306   7876   7878
1706   8812   8814   8817   9857   9860
1708   6955   6957   9857  13423  13554  13555
1709   1902   6957  13578  14174  14175
1711   7009   7823   8114   9229   9230
1712   3640   2251   5859   9227  11437  11439
1713   2262   6363  11624  11627  12198  12200
1714   7008   7009  11628  12198  12423  12424
1715   7823  11434  11624  11625  11628
1716   2255  11433  11439  11625  11627
1717   3649   1680   5177  12420  12421
1718   3649   1029   2261   3640   1679
1719  10950  14086  16787  16792  16794
1720  10060  11566  11567  14185  14191  14192
1721  11564  14086  14087  16104  16144  16146
1722   7602  14078  16144  16145
1723   5317   5324   7602  14185  14188  14189
1724   5324  14078  14087  16794  16799  16800
1725  14188  14191  16101  16145  16146
1727   9839   9840  14189  14192
1731   3673   3674   3675  16454  16459  16460
1732   3681   3673   5789   5794   5795
1733   3682   3683  16457  16460
1734   5386   6409   6410   6413   7110   7111
1735   3692   3693   5386   8074   8075
1736   5794   7107  15563  15570  15571
1737   3695   8074  15564  15567  15568
1738   3682   3675   6409   6412   6415
1739   3693   3699   3683   6413   6415
1740   3674   3681   3700   6410   6412
1741   3695   3699   3692  16454  16456  16457
1742   3700   5795   7105   7107   7110
1744   2003   3704  16478  16857  16860  16861
1745   1846   8794  16854  16861  16862
1747   5451   8792   8794  16548  16551  16554
1749   3252   3704   8828   8831   8834
1751   8828  16517  16519  16843  16846  16849
1754   5211   5214   7762  10767  10768
1755  10169  10483  10882  11387  11388
1756   3725   5214   9722  10483  10485
1757   7767   7977  12266  12269  12272
1758   7763   7766   7767  10768  10769
1759  12271  12272  12388  12393  12394
1760   3725  10169  10170  10767  10769
1763  10485  11382  11388  12391  12394
1766   5324   7314   8906  12585  12587
1769   3744   7315  12581  12582  12585
1770   3744   3745   3135   3314  14592  14594
1771   3745  14082  14085  16791  16794
1772   8902   8906  14074  14076  14078
1773   8689   8691   9933   9936
1775   3747  10095  10097  10612  10614
1776  14359  14362  17186  17189  17192
1777   3753   3747  13004  17190  17192
1778   3753  10091  10094  10097  14355  14361  14362
1779   1820   1411  14358  14361
1780   1163   3755   2967   9936  10612  10613
1781   3755   1177  12280  12283  12286
1783   6789   6791  11554  12640  12641
1784   5188   7250  15128  15674  15677
1785   9669  15124  15127  15674  17139  17151  17152
1786   3764   6788   6789   9669  10574  10575
1787   3764   1476   8764  12636  12637  12640
1788   9846  10577  17136  17152  17153
1789  11547  11552  11554  15124  15125  15128
1790   2406   7277   7281  16438  16439
1791   2421   7281   8133  10673  10676
1792   5338   5341   6227  10528  10530
1794   2414   8261  10676  12592  12885  12886
1795   7277   7279   8133  13288  13290
1798     94   1720  13284  13287  13290
1799   3775   3778  12259  12260  12263
1800   3781   3775  15932  15935  15938
1801   3778  11323  11521  11522  15936  15938
1803  11461  11462  15932  15933  15936
1804  12259  12262  12265  13086  13088
1806   3781   8387  11209  12263  12265
1807  11209  12108  12110  12922  13086  13087
1809   8387  12109  12110  15933  15935
1811   4975   4978  14362  14576  14577
1812   9550  11580  11582  14576  14578
1813   9307  11580  11581  15533  15535
1814   2179    754   9307   9549   9550
1816  15421  15445  15448  17178  17180  17182
1818  11275  14962  15421  15423
1819   4978  11274  15423  17182  17191  17192
1820   3817   6412  14833  14866  16535  16560  16561
1821   7758  10766  10768  14834  14862  14863
1823   3817   3674   8071   8072
1824   3700   3822   7767   7768  10763  10764
1825   3681   8072  10759  10761  10764
1826   3822   6410  16535  16543  16544
1827  10766  10769  16547  16557  16558
1830   1615   2776  15804  15805  15808
1831   2083   3828   3829   3830   2925
1833   3828   5298   5916   7470   7471
1834   6793   9669  15808  15810
1835   3836   3829   5298   6789   6790
1836  13032  13190  13191  15805  15807
1837   2924   3830   3836   3764   1475
1839  12762  13035  13051  13189  13190
1841   3383  16060  16212  16258  16259
1842   3842  16253  16256  16259  16466  16469
1843   3372   1210  16060  16469  16481  16482
1844   3381   9336  16212  16251  16252
1846   6490   8306  13987  15908  15910
1847   3385   8144   9335   9336  13987  13989
1848   3842   8304  15815  15909  15910
1849   6194   8146  13989  15818  15908  15909
1853  10706  12470  14551  14563  14564
1854   3862   3865  11751  11752  11755
1855   3866   3862   6668  12470  12472
1856   3865   3869   3866  11253  11256  11259
1857   6668  10706  11435  11625  11752  11753
1859   3876   3877   7823   9890  11257  11259
1860   3869   3876   9945  11755  11756
1862   3877   9945  11628  11629
1863  10275  10276  10279  17214  17217
1864   6164   8974   8975  10279  10281
1865   3881   5570  10275  10278  10281
1866   2463   3881   7510  15758  15761  15764
1867   8971  14051  15683  15763  15764
1868  14053  15683  15708  17102  17105
1871   6312   8089  11966  14798  14800
1872   1903   3500   3885   6957   8343   8344
1873   8346   8347  10164  13391  14801  14803
1874  13385  13391  13581  14173  14174
1875   3501    847   3890   3885
1876   3890    821   8342   8343   8346
1877  11474  11725  11726  12810  13115  13427  13428
1882  11205  11208  12265  12295  12296
1883   6346   7520   7523  10496  10499  10502
1884   6350   7517   7520   7872   7874
1885   7868   7874   9825  13089  13091
1886   3899   5997   5999   8007   8010
1888   3901   7143   8007  13547  13904  13905
1889   3905   2536   7096   7143   7146
1891   3906   5993   5994   5997
1892   3906   2535   3905   3901   3899
1893   5340   8217   8219  13963  13966  13969
1894  10795  10797  12982  13967  13969
1895  11979  14457  14557  14884  14886  14889
1897   7319   9926   9927  12978  12980  12982
1898   6173   7321   9927  11979  11981
1899   6173  10798  14454  14457
1900   8140   9926  11981  14888  14889
1901   3921   1351  10521  11534  11535
1902   1350   3921   3922  13843  13845
1904   3922  11530  11534  13862  13863  13866
1905   3924   6987   6989   8477   8478
1906   3928   3929   8477  16915  16917  16919
1907   3931   3932   3928   7144   7147
1908   3933   7141   7143   7144
1909   3905   3935   3931   3933   6988   6989
1910   5987   8478  16919  16944  16945
1911   3932   3935   3924   3929
1913   5659  10727  10732  14380  14381  14384
1914   7569  11984  14370  14381  14382
1915  11050  11053  11978  11981  11984
1918  11978  11979  14370  15526  15528
1919   6173   6176  13070  15522  15523  15526
1920   3955   6233   8341  13070  13072
1921  10728  13072  14384  15523  15525
1922   9927  11053  12308  14220  14222
1923   3955   6176   7321  12305  12308
1926  10731  10732  13994  13996
1928  16029  16061  16469  16856  16863  16864
1929   3842   7957   7958   9912   9913
1930   8085   9910  16853  16864  16865
1931   8080   8082   8085  16075  16086  16087
1933   7958   9130  16078  16085  16086
1934   3966   9795   9798  14036  14039
1935   3971   3966  10647  10652  10653
1936    800   3971   9798  13761  13763  13766
1937    796   6128   6131  13765  13766
1940   2530   3906   6128  12661  12662
1942   5997  12661  12663  14035  14038
1943  10650  10653  14032  14038  14039
1944   7415  12903  12905  15792  15794
1945   7415   8280   9250  11587  11589
1946   9245   9246   9994  11587  11588
1947  10742  11162  12167  12904  12905
1948   8280   8283  12170  12903  12904
1949   8283   9990   9992  11588  11589
1950    284   2362   3991   3253  15692  15695
1951   3991   8638   8642  10871  10876  10878
1952   3128    290  15692  15747  15748
1953   7323   7702  10795  13823  13825  13828
1954   3971   3995   3955  14709  14794  14795
1956  13453  13928  14711  14795  14796
1957   7702  12829  12831  13453  13456
1958  13456  13766  13827  13828  13927  13928
1959   3995   6176   9798  10798  10799
1960   7319   7323  12308  12829  12830
1961   1824    728   4002   8920   8921
1963   9218   9219  10568  11363  11365
1965   4002  12894  12897  17157  17160
1966  17160  17171  17172  17196  17207  17208
1968   8920   9437  12897  13514  13515
1969   2078   4013   1361   4014   3828
1970   7399   7401  13439  13707  13708
1971   4017   1367   4013  13710  15634  15637
1972    473   3146   1366   4017
1973   4014   1364   5291   5296   5298
1974   5914  13439  15633  15636
1975   7038   9105  14381  14383
1976  13165  13169  14346  15773  15775
1978  14367  14370  15773  16068  16071
1979  10249  10250  15495  16124  16126
1980   7570  11984  16068  16125  16126
1981  12559  13169  13170  14367  14382  14383
1983   4028  13856  13858  15413  15422  15423
1984   3036   4030   3117   4031   4028
1985   4030  10869  13323  13324  13327
1986   4033   3747  10867  13327  13329
1987   3753   4033   4971   4976   4978
1988   4031  12635  15413  15429  15430
1990   3775   7481  13493  14587  14590
1991  11347  11764  12452  13430  13432
1992   3778   7481  11346  12455  12456
1993  12263  12295  14584  14586  14587
1999  11564  11660  14181  14184
2000  12245  12248  16447  16450
2001  14082  14083  14086  14184  16485  16487
2002   4049  16457  16475  16986  16991  16993
2003   2692   4049   3699   8232   8234
2004   3692   5755   8234   8589   8590
2006   3695   2878   5755   6739   6742
2008   2883   1225   6739   8489   8490
2009   4060   6582  14625  14629  15998  16000
2010  15994  15997  16000  17094  17651  17653
2011   4060  13200  13249  13250  17644  17647
2015  13510  14631  15994  15995  15998
2016  13200  14629  14695  14697
2017   6582  17647  17651  17652
2018   2445   2488   8093  12591  14754  17094  17096
2021  15122  15421  15422  16021  16023
2022   4074  15428  15429  16017  16020  16023
2024   4074   5462   8495   8497
2025   8495   8496  17119  17164  17174  17175
2027   9919  12672  14656  14702  14703
2028   3628   2933   3000   4964   7005   7006
2029   6299   7306   9272   9915   9916
2030   6300   7003  11640  14699  15002  15003
2031   2931   7000   7003   7006
2033   4090   4091   7942  12750  13008  13009
2034   2232   4094   7939   7942
2035   4091  14168  15597  15620  15621
2036   4090   4094   2238  14165  14168
2037  15595  15621  15622  16501  16503  16505
2038   7939  11305  13008  13807  13809  13812
2039   3461   7667  11301  11302
2043  12780  12781  16698  16703  16704
2045  11458  12781  12782  16199  16204  16206
2046   6665  11371  11372  15072  15075
2047  12347  12349  12352  12780  12782
2048  10819  11369  11458  12352  12353
2049   6665   7214   7215   7563   7564
2050   7210   7214  16199  16201  16203
2051   7210   7215  15075  16695  16704  16705
2052   6772   9695   9701  13359  13361
2053   4112    599   2333   4113   6771   6772
2054   2012  13224  13804  13806
2055  13136  13220  13221  13224  13360  13361
2056   4119   6771  13139  13359  13360
2057   4119   4113   2334   2006
2058   9695   9699   9758  13221  13223
2059   4112    616   9699   9701
2060   7966   8795   8797  12142  12872  12873
2061  11419  11420  16548  16549  16552
2062   6949   7965  12142  12145
2063   2853   1845   8791   8794   8797
2064   6986   6989   6992   7940   7943
2065   3935   4126   7937   7942   7943
2066   6130   7937   7939   7940  12226  12228
2067   4126   3931   4129   2231   4094
2068   3933   3901   4130   2230   4129
2069   4130   3899  12657  12658  12661
2070   6126   6128   6130   6991   6992
2071  13598  13601  13602  15385  15388  15391
2072   8823  14029  15385  15386  15389
2074   8318   8320  13602  13646  13647
2076   8314   8315   8318  13093  13095  13097
2077  11111  13601  13649  15096  15275  15276
2078   6665  10770  14338  14862  14864
2079   7215   7216  10766  10767  10770
2080   5214   7214   7216  13165  13168  13171
2081  14831  14863  14864  15776  15778
2083  10856  10858  10861  15772  15773  15776
2084   5211  10860  10861  13169  13171
2085   4113   4147   8194   8195   8402   8403
2086   4149   1788   6772   6773
2087   4151   1793  10510  10511  10514
2088   1783   4149   4112    600   4151
2089   1789   4147   6771   6773
2090   4153   7290   8401   8402
2091   4153   1792   9051  10514  10515
2092  15524  15525  15959  16587  16588  16591
2093  10861  14367  15516  15527  15528
2094   9722  10314  10315  12556  13170  13171
2095   4160   8542  15844  15860  15865  15866
2097   4169  14826  15838  15841  15844
2098   8387  14820  14821  15799  15840  15841
2099   4160   4169   5541  10313  10315
2101  14821  14823  15935  15957  15958
2102  14777  14779  15933  15956  15957
2103  10313  10917  14820  14823  14826
2105   1585  11799  11800  11803  13436  13439
2106  11797  11807  11808  13436  13708  13709
2108  11794  11808  11809  14039  14129  14130
2109   7899  10653  11807  11809  13121  13122
2110   6388   6390  11803  14038  14132  14133
2113   9592   9595   9598  16748  16750  16752
2114  11884  11885  16752  17853  17855
2115   4197   9592   9593  12022  12025
2116   4197  11883  11884  17801  17804  17807
2117   9598  12022  13590  17813  17816
2118   9255  13021  13027  17821  17823
2119  16750  16781  16782  17813  17822  17823
2121   2497   4201   3829   4014   1363
2122  12075  12501  14610  14613
2123  12502  12718  14607  14613  14614
2125   3836   4201   7798  12640  12642
2127  11554  12716  14611  14614
2129    242   9020   9021   9369   9371
2130   2180    238   9307  10957  10958
2131    245   9365   9368   9371
2132    753   2506   7488   7490   9366   9368
2133   9021  10791  10960  10961
2134   9365   9366   9369   9552  10791  10792
2136  10556  10571  11583  11584  11587
2138   9634  11317  11319  13181  13184  13187
2139   2972  11319  13838  16398  16409  16410
2140   2978   3755  13835  13838
2141  12877  13296  13297  16901  16912  16913
2143   1677   9634  10470  16907  16910  16913
2144   5795  10764  12274  12605  12606
2145   3822   7110  14900  14901  14904
2146   7105  10337  12773  14904  14905
2147  12266  12270  12624  12776  12777
2148  10888  12270  12272  12276  12606  12607
2150   7107  10337  10890  12274  12276
2152   1543   8221  13969  14117  14118
2154   2345  10581  10583  13102  13104
2158   7413  12899  12903  12907  12909  12911
2159     95   7413   8280  12840  13289  13290
2160   8283  12840  17078  17793  17798  17800
2161   4242   7349  12775  14905  14906
2162   4247   4248   4249   4250   7348   7349
2163  10337  10340  15560  15563
2166   4257   5383   7111  14904  14906
2167   4259   4249   5383   8075   8076
2168   4247   1798  15557  15560  15561
2169   4250   4259   4257   4242
2170   4248   8076  15561  15564
2171   4017    474   4263   6846   6847
2172   4266   6845   6847   9627   9630
2173   4263    475   9630  12097  12098
2174   8237   9627  12098  17594  17599  17601
2175   4266   7433   8236   8237
2176  10256  11126  11128  12921  13089  13090
2180   1277   5249  12111  15855  15858
2181  10253  10255  12107  12108  12111
2182  11002  11005  15855  15863  15864
2183  11205  11206  11209  15799  15802
2184   4278   4279  10098  10099  10102
2186   4278   5698   6404  10563  10564
2187   4279   1487   5698   7221   7222
2188   2301   3021   7218  10560  10561
2189   2299   6405  10559  10560  10563
2190   3348   3817   3675   4287   4288
2191   4288   3343  11183  11186
2192   3673   3264   2888   8070   8072
2193   9883   9884  11183  11946  11947
2194   4287  11186  11946  16369  16460  16474  16475
2197   2413  10676  14640  14757  14758
2198  10109  10313  10314  10484  10485
2199   4169  10105  10109  11451  11452
2200   3725   5076   7210   7213   7216
2204   5076  10105  10108  10483  10484
2205   4160  11452  12958  16260  16263  16266
2206   7923   8240   8498   8499  10560  10562
2208   5457   8241   8494   8495   8498
2211  10561  10562  17199  17206  17207
2212   4310   3929  12092  15823  15826
2213   4310   3924   7943   9573  10993  10995
2214   6423  11016  12091  15820  15826  15827
2215   4126   4090   3932  15820  15823  15824
2216  11013  11016  12339  12753  12754
2218   4091   1919  15824  15827
2220  10624  10732  10733  16100  16148  16149
2222  10730  14384  15931  15959  15960
2223  10626  11467  15931  15936  15937
2225  11462  11464  14777  14778  16147  16148
2228   2981   9929   9936  17801  17802  17805
2229  11741  11742  13601  13604
2230   4330  12765  12769  12844  12845  12848
2231   2589   4330   2422   6670  13602  13605
2232   6666   6670  12466  12467  12470
2235   6666  10704  10706  13598  13604  13605
2237  10984  15645  16583  16586
2238   3781  14587  14696  14697  14821  14822
2239  15639  15928  15960  16586  16591  16592
2240   7481  15642  15928  15937  15938
2241   5931  12990  12992  14629  14822  14823
2243   5929   5931  10984  13200  13495  13496
2245   3991   2358   8085   8086
2246   8796   8797  11024  11025  11028
2247   2222   1618  15805  15881  15905  15906
2249   2758   4895  15808  17210  17215  17217
2251  12899  12905  15554  15837  15897  15898
2253  17817  17823  17827  17830
2256  11706  14293  14298  17828  17831
2258   8473   8478  14878  14967  14968
2259   3865   4351  14819  14881  14882
2260    793   4310   8473   8474   8477
2261   3866   6969  14819  14970  14971
2262   4351   3869   4352   4353   6990   6992
2263   4352  10996  11258  11259
2264   4353   7940  10992  10993  10996
2265    734   8214   8604  11097  11098
2267   4360   2661   4361  10837  10839
2268   4360   6720   8602  11096  11097
2269   6720   9075  10833  10836  10839
2270   9070   9071  10834  10836
2272    762   9070   9072   9075  11096  11098
2273    251   4361   8408   9367   9368
2275   9366   9367  10047  10049
2276   2407   7281   7283   8242   8244
2277   8238   8242   8498  12823  12824
2278   3605   2563   7283   8133   8135
2279   3611   4074  14637  14758  14759
2281   5755   8074   8076  10523  11535  11536
2282   4377   4378   4379   5383   5386
2283   4380   3693   4379   8231   8234   8237
2284   4378   4381   1377   4266   4380
2285   1376   4381   4377   4259   4382   3921
2286   4249   4382  11534  11536
2288   6448   8828   8832   9440   9442
2290   8473  12344  16919  16922
2291   6448  10392  14424  14880  14968  14969
2292   3704   6013   6555   8247   8248
2294    236  10968  12783  14469  14471
2295   4129   2234    217   7144   7699   7700
2296   3928   2840  15823  15850  15851
2297   2837  10965  12783  15845  15848  15851
2298  14168  14469  14470  15824  15847  15848
2299   1034    204  15098  16904  16911  16912
2300  14994  15129  15674  15701  15702
2301   3229   9556   9557  14997  15128  15129
2302  10977  12105  14994  14997
2304   4393   4394  13536  13539  13542
2305   4397   9559  13539  13612  13613
2306   6439   6442  13239  13541  13542
2307   4394   4399   6442  14579  14581
2308   4393   4397   1415   4401   4399
2309   4401   1405  14361  14579  14580
2310  12779  12782  15846  15848
2312  10825  11458  15827  15846  15847
2314   2621   3579   3136   3745
2315   9488  14374  16488  16490
2317   8593  10064  10950  14177  14182  14184
2320   6061   8343  10088  10089
2321   6058   9855   9857   9859  10089  10090
2322   3885   6058   6061  12978  12983  12985
2323   9859  12714  12985  13967  14116  14117
2324  11567  11568  12950  12998  12999
2325   9585  12999  14933  15152  15153
2327  14631  14825  15839  15841
2329   2690   5820  10305  10308  10311
2330  10309  10311  16246  16247  16250
2331   4421   8752   9334  16250  16252
2333   6490   6495   6496  14156  14328  14329
2334   2389   4421  10305  10306  10309
2335  10899  14156  17622  17624
2336   6496   9334   9335  10899  10900
2337  10563  10565  13605  13645  13646
2338   5867   7544   8318  12826  12827
2340   2583   6670  10559  10562  10565
2341   4330   2408   8242   8243
2343  10612  12931  12932  14353  14354
2344   4197  12936  13852  14352  14353
2345   3534   2977  11884  13838  14267  14268
2346   9153   9156   9819  17649  17654  17655
2347   4153   9157  17646  17649
2348   9156  10905  14253  14255
2349   8402  10584  14252  17714  17715  17718
2350   9815  17087  17654  17656
2351    735   4002  11095  11098  11101
2353  11099  11101  12897  13221  13222
2354    620   9075   9076   9699   9700
2355   9070   9073   9076   9426   9428
2357   5788   5794  12274  15396  15545  15546
2358   2867  14132  14134  15544  15546
2359   3339  11778  14129  14131
2362  11799  12608  15399  15544  15545
2363   1796   6773  13146  13355  13356  13359
2364  13142  13146  13636  14395  14397
2365   4147   4119  14260  14262  14398  14400
2368   3382   9334   9336  10123  10124
2369   3344   6457   6460  11183  16212  16215
2371   4452   2385   5091   5093   5096
2373   4453  11186  16215  16250  16251
2374   4421   2384   4452   3342   4288   4453
2375   3373   8250  16032  16060  16061
2376    241   2877   6739   9371   9477   9478
2378   4361   2669   4458   6676  15561  15568  15569
2381   4248   4458  11530  11533  11536
2382   9365   9367   9478  12212  12214
2383   1678   3640  15095  16911  16913
2385  11438  11439  13604  13648  13649
2386   1671   9634  10854  10855
2388  11099  11100  13355  13358  13361
2389   8920  11100  11101  16517  16522  16524
2390   2020   6448  13224  13517  13518
2391   8485  12044  14156  14459  14461
2394  15907  15910  15913  16982  16984
2395  11957  11958  16978  16979  16982
2397  11007  14997  15739  15766  15767
2398   4469  12256  13539  14805  14807
2399   1416   4397   4469  11129  11131
2401   4696  15851  16820  16825  16826
2402  12086  15826  15850  16823  16826
2403   6586  15413  15983  16022  16023
2404   4031   6581   6586   9821  17650  17651  17654
2405   6581  15983  15999  16000
2408   9413   9414  10476  13389  13391
2409  13114  13430  13431  13660  13661  13664
2411   8044   8899   8901  16441  16442
2412   8895   8896   8899  16120  16123  16126
2413   3516   9926  11046  11051  11053
2416   1799   4247   4458   5081   5082
2417   1795   5082  13068  13146  13147
2418   7273   7349  14213  14216
2420   3922   4382   4250   7273   8775   8776
2421   5935  15394  15399  15400  16579  16581  16583
2422  11031  11037  15397  15400
2423  11033  12276  15394  15396  15397
2424   9296  10892  11383  12270  12271
2426   5934  11383  12394  12990  12991
2427   5929   5934   5935   9296  11036  11037
2428   9623   9628   9630  11516  11517  11520
2429   6841   6847  11326  11520  11521
2430   4380   7052   9623   9625   9627
2431   4378   4496   7052  16688  16689
2434   4381   1382    903   2154   4496
2435   3574   6336   6337   7012   7013
2436   4503    797   6332   6333   6336
2437   4503   7012   8709   8782   8783
2438   3622   8707   8782  10364  10366
2439    295   3575   1012   1985   3618
2441   6332   6334   6337  10210  10212  10214
2442   3744  10026  14207  14430  14431
2444  11706  11711  12171  12174  12177
2445  12585  13704  17613  17834  17836
2447   4508  11032  15397  15548  15549
2448  12491  13160  13161  15543  15546  15549
2451   1797  13163  13164  15560  15571  15572
2452   4508   1785  13158  13161  13164
2456   3966   3995  11809  13070  13071
2460   8340  11807  13071  13072
2461  10956  10957  11576  11577  11580
2466    693    102   7413   7415
2467   7277   7283  16220  16222
2468   4028   6586  10885  11386  11387
2469   4524   9296   9299  17642  17647  17649
2470   4030   3121   9156  12621  12777  12778
2471   4524   6581   6582  11382  11383  11386
2474   4527   7323  12982  12985
2475   9415   9419   9862  12712  12714
2476   7704   9419   9777  13828  13829
2478   4527   7702   7704   9859   9862
2479   4533   1794   4360   5082   5083
2480   4149   1787   4533   6720   9700   9701
2481  14189  14460  14461  17624  17837  17839
2483   7602   8906   8907  10785  10786
2484   3682   4453   4287  10309  10310
2485   2691   3683   4049  10310  10311
2486  12997  12999  13978  15647  15649  15651
2487   9092  12046  14192  14459  14460
2488  12046  12201  12206  13374  13383  13384
2489   8485   8486  10899  17809  17811  17813
2490   8143   8728  13986  13989  13992
2491   8728   9597  12022  12160  12161
2492   8486   9597   9598  13990  13992
2493   5070   5076  10169  13859  13861
2494  10484  11386  11388  15983  15986
2495   9511  13568  13570  14574  14672  14673
2496   9510  11445  15692  15724  15725
2497   1336   3132    382  13568  13573  13574
2498  13574  14672  16053  16055
2499   6415   7053  10305  10307  10310
2500   4379   6413   7050   7052   7053
2501   3862   5695   7222   7223  14816  14819
2502   5695   6666   6668  10564  10565
2503   2930   3830   4201   7001   7003
2507   4548  12053  13727  13728  14672  14674
2508   4552   4548  11545  12314  12315
2510   4553   3619  11545  12507  12508
2511   4552   4553  14571  14673  14674
2515   4257   4377   4496  13396  13871  13872
2516   6409   7053   7895  16535  16538
2518  13870  13872  14900  14903  14906
2520   5695   5698  11752  11754
2521   4278   2254  11627  11753  11754
2524   9403  10784  10785  11463  11464
2525  10784  10786  16143  16145  16148
2528  15913  16777  16953  16963  16964
2530   6109  13819  15911  16777  16778
2531   4573   4993   4996  15662  15663  15666
2532   4573  11956  11957  16950  16953
2533   7858  13377  13383  13819  13822
2535  10325  15857  15860  16501  16506  16508
2536   3881   7258  15857  15866  15867
2537  11452  15762  15764  15842  15844
2538   8346  12513  14936  15151  15152
2539   3890   6061  11784  12832  14223  14225
2540    115    786   8899   8900
2541  14450  14455  14457  15519  15526  15527
2544   2224   6751  13979  13982  13985
2545  13979  13980  13983  15547  15549
2546   1584  11803  15543  15544  15547
2549  13159  13161  13983  13985
2550   4130   2229   8003   8005   8007
2551   2932   7004   7006  11350  12451  12452
2552   4013   1362  11349  12454  12455
2553   4584   6442   9554  10792  10793
2554   4584  11683  11696  13540  13542
2555   9481  10791  10793  11676  11681  11683
2556   9369   9475   9478   9481
2557   7083   7257  15853  15855  15857
2560  11340  11672  11673  15400  15547  15548
2561   4151   4508   1784  13192  13983  13984
2562  10514  11035  11037  11336  11337  11340
2564   3649   7960   7961  12138  12140  12142
2565   5180   6931   8925  12419  12420
2567  14095  14816  14844  14882  15041  15042
2568  11545  11680  11696  14808  14810
2569   4553  11676  11680  12694  12695  12698
2570  12496  12508  12509  14613  14808  14809
2571   4596   9270   9916  11635  11637
2572   8460   9919   9920  12199  12200
2573   1470   4596   4279  11751  11754  11757
2574  11631  11632  11635  11756  11757
2575  11629  11632  11634  12198  12199
2576    511   8493   9019   9021   9480   9481
2577  12315  12316  14804  14805  14808
2578   4527   6058  12828  12829  12832
2580   7835  12339  16448  16451
2583   6337   6338   9265  10996  10997
2584   4353   6130   6332   6335   6338
2585  10109  14825  14826  15986  15998  15999
2587   8486  12044  12046  16750  16753
2589  10770  15075  15271  16556  16558
2592   4596   1463   9415   9418   9421
2593   4351   9421   9774   9777  11755  11757
2594   4263  10628  11467  11520  11522
2595  10624  10625  10784  12182  12184
2596   8929  16758  16959  16966  16967
2598  16953  16956  16957  16977  16982  16983
2599  10591  12385  16955  16956  16959
2600   7958  10593  12385  16974  16977
2603  13712  15637  15641  15928  15931
2605  13436  15636  15644  16579  16584  16586
2606  12352  15845  15846  16826  16831  16832
2607  13256  13258  15784  15787
2608   8682   8683  16752  16755
2609   7723  11318  11319  17845  17848
2610   8721   9150   9152  13819  13991  13992
2611   8721   8726   8728  11240  12683  12684
2614  13019  13932  13961  16956  16958
2615   4573    962  13453  13958  13959
2617   4613   4503   9945  11632  13930  13960  13961
2618   4352   4613   3876   6336   6338
2619   9419   9421  10224  11635  11636
2620  15556  15830  15837  15991  15993
2621   4452  14390  14830  14866  14867
2623   6765  14851  15776  15974  15977
2624   9855   9860   9862  10221  10224
2626   7186  12937  14348  14350  14353
2627   3416   4616   4617  16006  16009
2628    380  13574  13727  14595  14597
2629   3406   4619   4616   8520   8521
2630   4620  14674  16006  16054  16055
2631   4620   4617   4619   1280   4548
2632    887      5   6386  13395  13874  13875
2633   3594   4033   6351   7520  10096  10097
2634  10863  10865  13327  13873  13875
2635   9076  10835  10836  13194  13984  13985
2636   4533   1786  10839  13162  13164
2637   4623   4552   4620  11680  11683
2638   4617   4624   4394   4584   4623
2639   1291   4469   4393   4624   4619
2640  12199  12422  12423  16959  16961
2641   4613   3877   7007   7009   7012
2644   9490   9892  10997  11257  11258
2645   3408   4626   4401   2137   7873   7874
2646   2069   4626   3409  14575  14576  14579
2649   4524   4060   5931   5934
2651   4626   4399   4624   4616   3407
2652   4242   7273   7276  13869  13872  13875
2653  14388  14867  16559  16561
2654   4623  10793  10960  16006  16015  16016
2656   5935  10984  11340  11342
2660  10745  10940  11532  13866  13868
2664  11093  14773  14785  16822  16825
2667  12044  13384  13822  13990  13991
2672  12201  12438  12953  12997  12998
2674   8108   8109   8605   8608   8611
2683  10461  13506  13509  15802  15839  15840
2684   8782  10587  10589  12385  13018  13019
2686   4889  15902  17217  17222  17223
2689   9341   9725  17843  17846
2694   7000   7005  14998  14999  15002
2695   4971  11274  12692  13856  13857
2697   8816   8818  12146  12152  12153
2704   8569  10415  10422  11718  11720
2708  13021  13283  17793  17795  17797
2709   6362  12200  12418  12420  12423
2710   7250   8765  11552  12637  12638
2712   5200  13046  13049  13052
2713   5211   9722  12388  12390  12391
2714   9348  10403  11416  12291  12292
2716   8791   8796   9908  16859  16862  16865
2717  12111  12646  14517  14780  14781
2718  11336  11342  12852  13494  13496
2719  16371  16474  16991  17004  17005
2720   6496   8485  13986  13987  13990
2722   5291   7466   7468   7471
2724  10524  10528  12595  12884  12885
2725   5317   7314  17833  17836  17839
2726  14861  14862  16555  16558  16561
2727   5336   8141  16420  16423  16426
2732   7105   7111   8075  15557  15563  15564
2733  11638  11642  14698  14699  14702
2737   7960   7965  12880  13295  13296
2740  13997  14191  17041  17046  17047
2743  11498  12216  12217  16508  16529  16530
2744  10315  10917  11332  15956  15958
2747   5564  10281  10976  12105  12106
2748   8245   8246  13919  13922  13925
2751   9893   9894  11426  11427  11430
2755   9259   9260   9483   9488   9490
2757  13993  13994  13997  16097  16100  16101
2761   7217   7222  10559  10561  10564
2763   8923   8929  12418  12419  12422
2765  14780  14782  15853  15858  15860
2767   8774  12679  12680  13630  13631  13634
2768  10587  10593  16078  16169  16170
2770   8108   8110   9224   9227   9230
2771   7544  13095  15696  15697  15700
2772  10275  12106  14994  15739  15741
2775   9406  11462  11463  12108  12109
2776   5911  11668  11671  11674
2777  12493  15566  15569  15572
2778   5929  12990  16583  16592  16593
2779   7549  14816  14971  14972
2780   9341   9349  10403  11570  11571
2782  12107  12110  15799  15858  15862  15863
2785  10089  12832  15662  15665  15668
2786   6062  10249  12245  12246  12249
2789  10112  10114  10117  11570  11572
2791   6109   9152  12786  12787  12790
2793   6126  12226  12657  12659  12662
2794   7704  10224  13456  13957  13958
2796  10711  10717  11612  12787  12788
2797  10279  12106  15696  15699  15702
2798   7319   7321  10794  10795  10798
2800  15064  15065  15943  15945
2802   6269   8790   9422   9424   9427
2804  14515  16103  16147  16149
2805   6296   9272  11638  11640  11643
2806  10158  10159  14797  14800  14803
2807   8340  10728  10730  13706  13709  13712
2809  11016  12330  15458  15461  15464
2811   9548   9554  14575  14578  14581
2812   9436   9442  13513  13514  13517
2813  10606  14401  14407  16158  16195  16196
2814  14328  14461  17037  17040
2816  10927  10930  12204  12438  12511  12512
2817   6490   9335  16246  16249  16252
2822   6710  10785  11851  12182  12183
2823   9695   9700  11095  11096  11099
2825   8487   8489   9475   9477   9480
2826  10833  10835  13158  13159  13162
2827  14398  14399  17712  17715  17716
2828  11934  11938  12535  12536  12539
2830  13095  13644  13647  15096  15099
2831   9914   9920  11631  11634  11637
2835  10422  12600  13949  13950  13953
2836  10251  11154  12246  12247
2838   7050   7895  16683  16685  16688
2839  14573  15719  15725  16050  16052
2841   7257   8467  16506  16526  16527
2845   7141   7699  13547  16034  16039  16041
2850   8775  13634  14216  14395  14396
2851   8598   8600  11095  11097  11100
2852  10170  13861  16513  16545  16547
2853   9125   9126  16081  16082  16085
2854   8231   8236   8584   8586   8589
2855  10679  10680  11299  11300  11303
2856  12393  12604  12607  16581  16589  16590
2857  10105  15123  15986  16021  16022
2858   7517  10091  10093  10096
2859  10252  10255  12915  12921  12922
2860   9415   9777  14841  15042  15043
2861  10786  12182  14188  17038  17041
2863   8849   8905  10252  10254  10257
2864  11352  11354  16525  16526  16529
2865   8605   8607  10172  10173  10176
2866   9153   9299  10892  12776  12778
2868  11569  11570  11573  17841  17843  17845
2870  11495  12644  14079  14083  14084
2871  11854  11858  12636  12639  12642
2872   8663  10043  10045  10048
2874   9224   9229  11433  11434  11437
2875   9576  10995  12339  13011  13012
2877   7917   8494   8496   8499
2879   7937  10993  13007  13008  13011
2880   9259  10992  10997  13011  13013
2881   8003  12034  13903  13904  13907
2882  10552  10554  10566  10568  10571
2887  17622  17811  17819  17830  17837  17838
2888  11583  11586  11589  12840  12843
2891   9780  12184  17038  17047  17048
2892   8683  11885  14263  14264  14267
2893  10477  12808  12810  13385  13386  13389
2894  10622  10624  11461  11464  11467
2895   9914   9916   9919  11642  11643
2896  10325  12216  14514  14781  14782
2901   8638   9893   9895   9898
2902  10679  10681  12227  12659  12660
2903   8657   9960  11419  11422  11425
2904   8721   9592   9594   9597
2907  10124  10900  17811  17814
2908  10478  13389  14029  14801  14802
2911   9139   9141  11359  11360  11363
2913  11253  11257  14548  14564  14565
2915  10510  10515  11054  11056  11059
2916  13104  14257  17721  17722  17725
2918  11331  14380  14383  15955  15956  15959
2921  11336  11668  11673  12756  12762  12763
2926   9283  11569  11572  11575
2927  10888  10892  11031  11033  11036
2928   9548   9550  10792  10955  10957  10960
2929  11576  11581  16697  16700  16701
2930  12105  13093  13100  15700  15702
2931   9996  11583  11585  11588
2932  11461  11463  11516  11519  11522
2933  10314  10917  12391  12991  12992
2934  11876  12599  13179  13950  13951
2935   9483  10172  10174  10177
2937   9507  11445  14568  14573  14574
2938  11366  11371  12347  12350  12353
2939   9585  11786  13978  14223  14224
2940  10992  10995  11253  11255  11258
2941  11978  14889  16068  16118  16119
2942   9623  12093  12095  12098
2943  10470  10854  11111  11113  11737  11739  11742
2944  10524  10526  10580  10582  10585
2945  10573  10575  17136  17139
2947  13220  13223  13800  13803  13806
2948  11691  11692  13242  13540  13541
2949  13823  13826  13829  15037  15040  15043
2950  10794  10799  13763  13824  13825
2951  11205  11207  13085  13086  13089
2952   9846  10098  10100  10103
2953   9855  12714  13550  13551  13554
2954  12070  12073  12496  12498  12501
2955   9929  10613  13849  14352  14354
2956  11624  11629  11751  11753  11756
2957  10466  15802  15862  15864
2960  10057  10950  11562  11564  11567
2961  11957  13378  13379  13822  15911  15913
2962  11555  11560  12070  12072  12075
2963  10751  11530  11532  11535
2966  10210  11489  13807  13810  13813
2967  11631  11636  13956  13957  13960
2968  11714  11720  12026  12029  12032
2970  10260  11285  11287  11290
2972  10888  10890  12772  12773  12776
2973  12280  12282  13291  13294  13297
2974  11218  12843  17071  17078  17079
2975  11973  14424  14843  15038  15039
2976  11569  11571  12287  12288  12291
2977  10408  11318  16404  16407  16410
2978  10415  10939  13862  13865  13868
2979  15060  15061  15064  16042  16043  16046
2981  10647  13117  13119  13122
2982  11419  11421  11714  11716  11719
2983  12886  14640  17091  17093
2984  10693  11661  11663  11666
2985  10704  11433  11435  11438
2986  10711  10927  10929  10932
2987  10736  11162  15788  15789  15792
2988  10745  12208  12210  12213
2990  12259  12295  12809  13427  13429
2991  11426  11431  14772  14788  14789
2992  10871  11024  11026  11029
2993  11382  11387  12266  12268  12271
2994  14249  14253  17632  17715  17717
2995  12992  15955  15958  16591  16593
2996  11509  11511  12779  12780  12783
2997  11000  11125  11127  11130
2998  12086  12091  12324  12327  12330
2999  11046  11785  14219  14220  14223
3000  12413  17145  17160  17167  17168
3002  14768  14773  14775  16915  16920  16922
3004  13378  13384  14459  17040  17043  17044
3005  12245  12247  12250  14511  14514  14515
3006  11946  16110  16215  16257  16258
3007  11359  11361  11590  11592  11595
3008  11854  11859  12026  12028  12031
3009  12107  12109  14776  14777  14780
3010  13014  13926  13932  14705  14708  14711
3011  11237  12678  12680  12683
3012  14614  14805  14806  15732  15769  15770
3014  11516  11521  12354  12356  12359
3015  11343  12450  12452  12455
3017  12287  12292  13181  13182  13185
3018  11468  11721  11723  11726
3019  12217  12644  14514  14517
3021  12310  12315  12503  12505  12508
3022  11547  12636  12638  12641
3023  12035  13907  16034  16036  16038
3024  11822  11827  12786  12788  12791
3025  12844  15372  16166  16240  16241
3026  12324  12326  13256  15459  15461
3027  11676  11691  11693  11696
3028  11706  15537  15834  15898  15899
3029  12779  12781  14465  14466  14469
3030  11758  12808  13426  13427  13430
3031  11799  11801  14128  14129  14132
3032  11808  13071  15520  15523  15524
3034  12466  12765  12770  14545  14550  14551
3035  12183  14323  14324  17035  17037  17038
3037  11871  12597  12599  12602
3038  12171  12176  12535  12537  12540
3040  12604  12606  15396  15399
3041  13385  13387  14797  14798  14801
3042  11985  12694  12696  12699
3044  12155  12161  13584  13587  13590
3045  12567  12569  13722  13725  13728
3047  13245  13246  13249  13494  13495
3048  12138  12867  12869  12872
3049  12146  12673  16962  16965  16968
3050  12899  12904  13021  13023  13026
3051  12186  16274  16366  16367
3053  12828  12830  14219  14222  14225
3054  12749  12754  13007  13009  13012
3056  13014  13019  16977  17014  17016
3057  12388  12991  16587  16590  16593
3058  13551  13552  14112  14113  14116
3059  12512  12997  15151  15153
3062  12487  13158  13160  13163
3063  14074  14079  14511  14517  16143  16144  16147
3064  12581  12583  13699  13701  13704
3066  12553  13165  13167  13170
3067  12588  12885  17090  17093  17096
3068  12772  12777  14900  14902  14905
3069  13005  15430  17185  17190  17191
3070  13855  13857  16509  16510  16513
3071  12802  13103  13916  14257  14258
3073  13323  13325  13869  13870  13873
3074  12756  13046  13048  13051
3075  13284  13289  17074  17075  17078
3077  13181  13183  13291  13293  13296
3078  13220  13222  13513  13515  13518
3079  12907  13209  15987  15990  15993
3080  12915  13085  13087  13090
3082  12947  12998  15147  15150  15153
3083  12978  13963  13964  13967
3084  13188  13190  13979  13981  13984
3085  13506  14625  14631  14691  14694  14697
3086  13142  13147  13862  13864  13867
3087  13630  13632  14394  14395  14398
3088  13093  14149  15099  15274  15275
3089  13108  13426  13428  13431
3090  13800  13802  14089  14091  14094
3091  13355  13360  16843  16844  16847
3092  15459  15988  16114  16121  16122
3093  13839  13841  13949  13951  13954
3094  13490  13495  14590  14695  14696
3095  13213  13245  13247  13250
3097  13536  13541  13607  13609  13612
3099  13584  13589  14721  14722  14725
3102  13903  13905  16036  16039
3104  13378  13383  15647  15652  15654
3105  13392  13869  13871  13874
3107  13417  13550  13552  13555
3108  13706  13708  15630  15636  15637
3109  13926  13928  13956  13958  13961
3115  13568  13722  13724  13727
3116  13660  13662  14169  14171  14174
3117  13598  13644  13646  13649
3118  13761  13823  13824  13827
3119  13963  13965  14112  14114  14117
3124  13807  13808  16525  16528  16531
3127  13986  13991  15907  15908  15911
3128  14263  14268  16395  16398  16399
3129  13846  14348  14349  14352
3131  13885  13919  13921  13924
3132  15683  15686  16017  16018  16021
3133  14256  14258  14286  14288  14291
3135  13993  13998  14219  14221  14224
3137  14226  14228  14797  14799  14802
3138  14032  14128  14130  14133
3141  14074  14082  14084  14087
3144  14272  15274  16905  16908  16909
3145  14323  14328  17618  17621  17624
3146  14465  14470  15591  15594  15597
3147  14177  14375  16484  16487  16490
3148  14185  14460  17035  17040  17041
3149  14293  14296  14426  14428  14431
3150  14249  14254  14394  14396  14399
3152  14277  14401  14403  14406
3154  14861  14864  14867  15539  15830  15832  15834
3155  15494  15775  16071  16124  16125
3156  14355  14575  14577  14580
3157  14380  14382  15522  15525  15528
3159  14877  14880  15037  15038  15041
3161  14450  14552  14554  14557
3164  14511  14776  14778  14781
3166  14545  14559  14561  14564
3167  14568  14673  16049  16052  16055
3168  14584  14691  14693  14696
3169  14705  14790  14792  14795
3170  14607  14804  14806  14809
3171  14721  14726  16191  16194  16197
3172  14625  14820  14822  14825
3173  14753  14758  17090  17091  17094
3174  14698  14703  14998  15000  15003
3180  14768  14783  14785  14788
3181  14877  14882  14966  14968  14971
3182  14827  14861  14863  14866
3183  14838  15037  15039  15042
3184  14884  14887  15974  16117  16119
3188  15147  15152  16239  16242  16245
3190  15060  15065  15719  15720  15723
3191  15122  15448  15686  15707  15708
3193  15124  15129  15735  15736  15739
3197  15266  15271  16699  16702  16705
3199  15092  15275  16907  16908  16911
3215  15385  15390  16239  16240  16243
3216  15394  15543  15545  15548
3217  15422  15429  17182  17185
3218  15458  15496  16120  16121  16124
3219  15529  15534  15703  15704  15707
3223  15538  15555  15834  15837
3224  15513  15522  15524  15527
3225  15557  15566  15568  15571
3226  15591  15621  16260  16261  16264
3230  15630  15639  15641  15644
3231  15647  15662  15664  15667
3232  15696  15701  17147  17148  17151
3233  15703  15708  15758  15760  15763
3234  15719  15724  15742  15744  15747
3235  15772  15977  16071  16117  16118
3236  15735  15737  15765  15767  15770
3237  15804  15881  17215  17219  17220
3238  15788  15793  16827  16830  16833
3239  15838  15840  15861  15862  15865
3240  15907  15909  16772  16774  16777
3241  15820  15845  15847  15850
3242  15830  15893  15895  15898
3243  15853  15861  15863  15866
3244  15900  15906  17218  17219  17222
3246  15939  15941  16010  16011  16014
3247  15932  15937  15955  15957  15960
3249  15987  15992  16113  16114  16117
3250  15994  15999  16017  16019  16022
3251  16010  16015  16049  16051  16054
3252  16061  16112  16257  16259
3253  16034  16042  16044  16047
3254  16113  16118  16120  16122  16125
3255  16081  16086  16168  16170  16173
3256  16111  16253  16257  17003  17004  17007
3257  16097  16143  16146  16149
3259  16151  16191  16193  16196
3260  16184  16186  16239  16241  16244
3261  16216  16232  16235  16238
3262  16199  16260  16262  16265
3263  16246  16251  16253  16255  16258
3265  16365  16367  16470  16471  16474
3273  16395  16404  16406  16409
3274  16420  16436  16437  16440
3276  16445  16484  16486  16489
3277  16454  16470  16472  16475
3278  16477  16482  16859  16860  16863
3279  16509  16511  16541  16542  16545
3280  16501  16525  16527  16530
3281  16517  16548  16550  16553
3282  16541  16543  16555  16557  16560
3284  16579  16587  16589  16592
3288  16667  16683  16684  16687
3291  16692  16699  16701  16704
3292  16772  16773  16962  16963  16966
3295  16748  16781  17849  17850  17853
3297  16787  16795  16797  16800
3299  16820  16827  16829  16832
3300  16834  16843  16845  16848
3301  16850  16859  16861  16864
3304  16898  16907  16909  16912
3305  16915  16939  16941  16944
3307  16955  16957  16962  16964  16967
3308  16978  16983  17010  17011  17014
3309  16986  17003  17005  17008
3310  17010  17015  17602  17605  17608
3312  17035  17042  17044  17047
3313  17074  17079  17634  17637  17640
3314  17090  17092  17650  17653  17656
3315  17121  17143  17218  17221  17224
3316  17140  17143  17163  17164  17167
3318  17133  17147  17149  17152
3319  17163  17168  17170  17172  17175
3320  17178  17186  17188  17191
3321  17193  17202  17204  17207
3322  17210  17218  17220  17223
3344  17594  17602  17604  17607
3345  17618  17620  17833  17834  17837
3346  17634  17636  17714  17717  17720
3347  17642  17650  17652  17655
3351  17714  17716  17721  17723  17726
3356  17793  17801  17803  17806
3357  17809  17817  17819  17822
3358  17824  17833  17835  17838
3359  17841  17849  17851  17854
cells 343
0      1      2      3      5      6      7      8      9     11     12     13     14     16   3024
1     17     18     19     20     21     22     23     24     26     27     29   2704   2835   2968   3008   3174
2     30     33     34     36     37     38     40     41     43     44   3026   3092   3261   3274
3     47     48     49     50     52     53     54     55     56     58     60   2793   2902   2981
4     63     65     68     69     72     73     74     21     78     79     80     81   2710   3048
5     83     84     85     86     87     88     89     90     91     92     93     94     95     96     97   2826   3062
6     98     99    100    101    103    104    106    108    109    110    111    112    114    115   2674
7    116    117    118    119    121    122    124    125    126    128   2828   3038   3197
8    133    134    135    136    138    141    116    144    145    146    147    148   3246   3251
9    150    152    153    154    155    156    157    158    160    161    163   2950   3161
10      5    164    165    166    168    169    172    173    175   2767   2835   2934   3011   3093
11    176    177    178    179    180    181    183    184    185    186    187    188    189   2807
12    141    192    193    194    195    196    197    198   2800   2839   2979   3190
13    203    204    205    206    207    208    209    210    211    215   3044   3099   3313   3346   3351
14    218    219    220    221    222    224    225    226    227    134    229   2664   3190   3234
15    233    234    236    237    238    239    240    241    243    244    248   2712   2802
16    253    255    256    258    260    261    262    263    264    265    266   3147   3276
17    267    268     43    269    271    272    224    273    274    275    277    280   3238   3299
18    283    284    285    286    287    289    290    291    292    293    294    295   3319
19    302    303    304    305    306    253    307    309    277    310    311     41    312   2998   3034
20    313    314    315     56    317    318    319    320    321    322    323   3010
21    324    325    327    328    265    331    332    334    335    336    337   3025
22    340    341    342    343    344    345    180    346    348    349    351   2891   3035   3312
23    353    354    355    356    357    358     12    359    363    364    365    366    368   3089
24    369    370    371    189    375    348    377    382    383    384    385    386    389   3053   3135
25    391    392    393    394    397    398    399    400    401    403   2864   2966   3124
26     29    404    405    406    408    409     74    411    412    414    415    416   2733   2952
27    419    195    420    421    422    423    424    425    426    427    428   2853   3042   3309
28    429    430    431    432    428    433    435    436    437    438    440    441    442   2854
29    445    446    447    448    449    451    453    454    455    456     16   2796   2892   2986
30    458    459    460    168    461    462    463    464    465    466     23    467   3037
31    448    470    471    472    475    476    477    478    480   2858   3018   3128
32    482    483    489    490    165    493    460    494    495    205    496    497   3133
33    498    500    501    502    503    505    506    507    198    423    510   2719   3102   3265
34    494      2    511    513    514    206    517    518   2767   2827   2850   2994   3087   3150
35    520    521    522    523    524    525    526    528    529    397    530    532   2997
36    535    536    537    538    539    540    541    542    543    544    546   2816   2986
37    547    549    550    551    136    226    554    555    556    557    558   2780   2789   3149
38    559    560    561    562    563    564    566    568    569    570    435    355    571    572    573   2962
39    574    575    576    577    578    580    581     79    583    584    476    585    586    587
40    589    472    590    591    454    592    593    595    596   2672   2816   3059   3082
41    574    598    599    600    589    478    601    602    604    605    606    608   3144   3273
42    415    610    611    244    612    613    614    615    617    618    619    620    621    622   2805
43    623    624    625    627    628    629    630    631    633    634    635    636    595   3295   3359
44    637    638    639    640    642    643    644    150    645    647   2748   2975   3131   3152
45    648    649     68    651    652    653    654    655    659    660   2903   2968   2982
46    663    664    665    666    667    668     55    671    672    673    674    676    677   2776
47    679    680    681    682    684    685    686    687    689    690    692    693   2856
48    696    697    698    699    700    701    702    703    100    704    708    709   2992
49    711     34    712    713    715    716    717    718    719    720   2727   3079   3184   3249
50    721    723    624    725    726    727    728    729    730    696   2674   2770   2865
51    731    732    733    735    736    737    738    739    740    742    743    744   3047   3094   3168
52    747    748    749    750    751    752    753    754    755    756    757    758    759   2866   2927   2972   3150
53    649    760     65    761    583    762    763    764    765    766    767    768    283    772   2911   2973   3007
54    773    774    775    776    777    779    780    781    782    783    784    765   2751
55    786    787    788    789    790    791    792    743    794    795    796    797   3095
56    800    802    803    804    805    807    808    809    810    811    813    814    815
57    816    817    818    819    820    823    716    824    825    153   2813   3152   3259
58    829    830    320     53    831    832    391    834    835    836    438    837   2984
59    466    838    840    841    842    843    844    845    846    847    848    639   3071   3133
60    852    853    854    855    857    858     19    859    860    861    862    462   2716   3278
61    865    866    867    868    869    870    871    872    873    118   2695   2929   3070
62    878    879    880    881    882    883    733    884    885    887    888   2718   2776   2921   3230
63    803    890    891    893    894    895    897    898   2786   2836   2896   3005   3164
64    899    900    901    902    903    904    354    906    908    909    910    911    912   3080   3288
65    913    914    916    917    918    919     86    920    921    922    291    923   3219   3244   3315   3316
66    925    926    927    929    931    932    933    934    935    936    937    938   2877
67    671    940    941    942    943    944    945    946    947     87    948   2855   2902
68    949    950    951    411    952    953    954    956    957    958    959   2771   2830   3232
69    960    964    599    965    729    966    634    968    596    969    970   2943   2977
70    971    972    974    976    977    978    951    979    935    980   3315   3322
71    982    983    262    984    332    985    986    987    989    990    991   2757   2836   2939   2999   3135
72    994    995    234    996    997    998    999   1000   1001    620    642    842   1004   1005    789   3058   3090
73   1006    703   1008   1009   1010    104   1011   1013   1014   1015    861   2763   2768
74   1016   1017   1018   1019   1020   1021   1022   1024   1025   1027   2887   2907   3345   3358
75   1029    328   1030   1031   1032   1033   1034   1035   1036   1037    938   1038   1039   2806   3137
76   1041   1042   1043   1044    808   1045   1046   1048   3092   3155   3218   3235   3249   3254
77   1050   1051   1052   1053   1054   1056   1057   1058   1033    937   1059   1060   2683   2957   3239
78   1061   1051   1062   1066   1067   1068    606   1070    736   1071   2893   2908   3041   3137
79   1073     22   1074    560   1075   1076   1077   1078      7   1079   1080    368   2694   3093
80    648   1081   1082    760   1083   1085   1086   1087    286   1088   2811   2872   3156
81    640   1089    158   1090   1091   1093   1094   1095   1096   1097   1099   1101   2949   3118   3159
82    273   1105    547    218   1106   1108   1109   1110   1111   2751   2901   2926   2976   2991   3180
83   1112   1113   1114   1116   1117    302   1120   1121   1122    268   1124   1125   2882   3261
84   1126     84   1127   1128   1129   1130    125   1132   1133   1135    192   1137   3246
85   1140   1142   1143   1144   1145   1146   1147    523   1150   1151    399   1152   1154   2863   2870   3045
86    660   1156   1157   1158   1160   1161   1162   1163   1164   2660   2872   2988
87   1166   1168   1170    612    792    998    882    243   1172   1174    744   1175   2915   3107
88    429    340   1177   1178    426   1179   1180   1181   1183   1185   1190   1192   3308   3310   3344
89    319   1193   1195    179   1196    442   1197    385    345   1201   2984   3310
90   1202   1203    263   1204   1205   1206   1207   1208    723    969   2874   2935   2985
91   1212   1213   1215    668   1216   1217   1219   1220   1221   1222   1223   2722
92    169   1156    659   1226   1228   1231    458   1232   1233   1234   2704   2978   3086
93   1235    394   1236   1237   1213   1238   1239   1240   1241   1242   1246    530   2841   3236
94   1249   1250   1132   1251   1252    507   1253    220   1254   1257   1258   2845   2979   3253
95   1259   1260   1108   1261   1262    779    772   1263    708   1265   2737   3017   3077
96   1267   1268   1269   1270   1271   1272   1273   1275   1276   1278    506     92   2777   2881
97   1281   1282   1283   1284   1285   1286    873   1287   1288   1289   1293   3191   3219   3233
98   1294    613   1170   1295   1296   1297   1298    881   1299   1300    732   2712   3074
99    271   1302   1303   1304   1305   1306    783   1311    311   1312   1116   1313   1314   2812   2991
100   1318   1319   1320   1321    763   1261   1324   1325   1326   1330   1111   1331   1332
101   1333   1334   1335   1336   1337   1338    536   1339   1340   2697   2791   2796   3024
102   1341   1343   1344   1345   1346    622    916   1347    972   1350   2802   2945   3237
103   1352   1353   1354   1355   1356   1357   1358   1359   1362   2852   3070   3279
104   1363   1364   1365   1366   1367   1368   1369   1370   2697   2831   2967   3049   3307
105   1371    425    432   1372    566   1373   1374   1375    652   1376   1380   1381   2825   2988
106   1382   1383    204   1385   1386   1387   1389   1390   1391   1392    518   1393   2955   3129
107   1397    551   1398   1399    101   1400    629   1401   1403   1404    726   1406    698   3297
108    185   1409   1196   1410   1411    317     54   1412   1222   1413    667   1415    829    433    572   1418   2954
109   1419   1420   1421   1422   1425   1426   1428   1429    344   1432   1027   2838   3288
110   1433   1434   1435   1436   1437   1438   1439   1440    505   1095   1257   1441   1442   2748
111    117    872   1443   1444   1445   1446   1448   1450   1420    901   1451   1452   1016   3279   3282
112    576   1456    605   1458   1459   1460   1462   1463   1464   1053   1061   1467   1468   2997
113    221   1109   1442   1253   1471    503   1472   1473   1474   1475    774   1476   1304   1477   3002   3305
114   1478   1441   1269   1479   1480   1481   1091    160   1482   1483   1484   1485   3131   3138
115   1486   1487   1488    712   1490   1493    820   1495   1496   1025   1497   3099   3171   3357
116    666   1500   1216   1501   1236   1502   1504    392   1506    834   1415     52   2855
117   1507   1508   1509   1510   1511   1512   1514   1515    554   1406    631   2689   2725   3358
118   1518    817   1519    682   1520   1521   1522   1523   1525   1527   1528    161   1485   1529
119   1530    999   1531   1532   1533   1534   1535   1536   1168    790   2724   2944   3067   3314   3347
120    490   1539   1540   1541    209    647   1490   1544   1545   1547   1548   2813   2916   3071
121   1550    248   1551   1314   1553   1554   1555   1557   1343   1558    617   2947   3078   3090
122   1560    904   1561   1562   1563   1564   1144   1565   1446   1566    871   1567    148   2828   2970
123   1568   1569   1570   1572   1534   1574   1386   1575   1576   2974   2983   3075   3313
124   1445   1421   1579   1565   1580    912   1581   1582   1583   1584   1586   2859   2863   3064
125   1589    914     90   1246   1285   1590    945   1594   1595   1596   1598   1601   3146
126   1603   1604   1605   1142    398   1607    804    898   1608   1609   1610   1611   2743   3054   3276
127   1614    791   1615   1616   1617   1618   1620   1031   1622    335   1624   1625   2727   3274
128   1627   1326   1628   1629   1631   1511   1632   1633   1634   2789   2868   2926   3359
129      8   1636   1637   1638   1639   1333   1640   1074    858     26   2934   3037   3049   3292
130   1644    561   1077   1373   1645     81    651   1646   1647   1648   2871   2948   3008   3022   3097   3170
131   1649   1650   1541    715   1651   1652   1569   1653    211   2944   3171   3259
132   1658    225   1046    126   1659    133   1660   1662    555   1663   1664   2938   2987   3238
133   1665   1666   1667   1151   1398   1669    103    401   1670   1671   1603   1672   2755   2865   2935
134   1673   1358   1677   1450    867   1679    899   1680   2970   3073   3105
135   1682   1683   1324   1684   1122   1686   1687   1688   1568   1391   1689   1690    289   1691   3007   3069   3320
136   1693    194   1694    420    437   1695    837    115   1696   1697   1698   2937
137   1365   1701    544   1339    740   1703   1704   1174   1299   1706   1708   1709    796   3116
138    700   1711   1712   1713    408    957   1714   1715   1716   1717   1015   1718     99   2709   2770   2874
139   1515    630   1719   1720   1721   1722   1723   1724   1725    990   1727   2960   3297
140   1731   1732   1271   1733   1734   1735   1736   1737   1738   1739   1740   1741   1742   2732   3225
141    860   1744   1475   1745    775   1747    464    845   1749   1233   1751   3281   3300
142   1754   1755   1359   1756    692   1757   1758   1759   1760   1763   2713   2993
143   1766   1724   1580   1563   1146   1769   1770   1507   1771   1403   1772   3141
144   1773   1318    581   1382   1775    480   1776   1777   1778   1779    764   1088   1780    287   1781   1686
145   1783    416   1784   1785   1223   1786   1787    621   1788    950   1789   2710   2945   3022
146   1790   1791     38   1792   1652   1576   1616    787   1794   1035   1795    719   1798   2724
147   1799   1800   1801   1803    363   1804   1806   1807   1809   1586    906   2775   2932   3014
148   1811   1812    868   1813   1288   1087   1814    292    922   1816   1776   1818   1819   3320
149   1525   1820   1821   1740   1823   1824   1825   1826   1827   1758    687   1357   2726   3182   3282
150    240    674   1830   1221   1831    880   1294   1833   1834   1835   1836   1346    615   1837   1786   1839
151   1841   1842   1843   1548   1844   1183    854    459   1846   1847    495   1848   1849   2817   3263
152   1853   1205   1854   1855   1856   1857   1715   1859    304   1860   1862   2913   2956
153   1596   1863   1239   1864    980   1865   1866   1867   1058    934   1868    919   2686   3233
154   1871    739    795   1615   1872    540   1873   1709   1874    336   1875   1876   2806   3041
155   1877    598   1070     11    456    359   1882   1883    471   1460    584   1884   1885    909   1804   2951   2990
156    500   1268   1482   1886   1440   1888   1889   1258   1094   1891   1892   3051
157   1893    720    163    823   1894   1895   1617   1897   1898   1899   1900   2798   3083
158   1901   1372    559   1902   1078    166     20    653   1644   1904   2660   2963   2978
159   1905   1906   1889   1907   1908   1909   1096   1910   1911   1439   1252   3305
160   1913    986   1914   1915   1898   1918   1919   1920    176   1921   1922    370   1923   1926   3157
161   1928   1437   1929   1930   1473   1931   1010    853   1842   1179    502   1933    427   3252   3256
162   1934   1935   1936    314     49   1937    156   1093   1940   1942   1943   1481   1891
163   1105    227    272   1944   1945   1946   1325    557   1947   1948   1628   1949   2987
164    229   1950    549   1397    108    702   1009   1951   1476   1263   1952   1110   2714
165   1923   1953   1936    315   1954   1956    383   1957   1958   1959   1960   2798   2950   3118
166    781   1961    762   1963   1311   1557   1965   1683   1966    284   1124   1968   3321
167   1969    878   1833   1970    664   1410    188   1971   1972   1973   1974    563   2722   3108
168   1975   1914    989    891    815   1976   1978   1979   1980   1981   3066   3155
169   1983   1354   1679   1984   1777   1389   1985   1819   1986   1987   1988   2695   3069   3217
170   1067   1990   1991    735    883   1992   1993    366   1799   2990   3015   3030
171    983   1611    260   1721   1999   2000   2001   2804   2870   3005   3019   3063   3141   3257
172   1272   2002   1741   2003   2004   1371    424   1178    510   2006    431   2008   3277
173    788   1535    932   2009   2010   2011    742   2015   1068   2016   1059   2017   2018   3085
174    918    294   1868    979   2021   2022    927   1689   2024   2025   1816   3132   3191   3217
175   1639   1334   2027   1366   1704   2028   1300   2029   2030   2031   2694   2733   2805   2895   3174
176   2033   2034   2035   2036   1609   1242   2037   1506   2038    947   2039   1590    814   3124   3280
177   2043   1281   2045    121   2046   2047    813   2048   1048   2049   2050   2051   2938
178   2052   2053   2054    843   2055   2056   2057    995    236   2058   2059   2947
179   1747    467    862   2060     18   1262    767   2061    784   2062     78   1234   2063   2982
180   2064   2034   2065   2066    943   2067   1909   2068   2069   1940   1101   1892   2070   2793
181   1463    602   1062   2071   2072    965   1052   1034   2074   2076   2077   2830   3088   3117
182   1528    685   1754   2078   2079   1821   2080   2081   2083   2084   1044   1976    807   2049
183   2085   2053   1004   2086    233   2087   2088    748   2089   2090   1533   2091   2915
184   1981    893   2092   2093    684   2084   2094   2713   2744   2918   2933   2995   3057   3157   3224
185   2095    895   2097   2098   2099   2101   1809   2102   2103   2744   2765   2782   3009   3239   3243
186    187   1970   1411    681   2105   2106   2108   2109   1943     58    665   2110   3031   3138
187   2113   2114   2115    445   2116   2117   2118   1512   2119   1632   1497    210   2708   3295   3356
188    564   2121   1075   1646   2122   1412   1973   2123   1783   2125   1835   2127   1219
189   2129   1127   2130     93   2131   2132   1086   1814    290   2133   2134    920   2928
190   1306   2136   1946   1682   1331   1106   1963   1265    280    782   2882   2911   2931
191   2138   2139   1320   1781    578    475    704   2140    608   2141    970   2143   2973   3077   3304
192    686   2144   2145   1356   1824   1757   2146   2147   2148   2150   1742   2972   3068
193    644    846   1005   2152   1893    713    824   2154   1536    786   1792   1650   1540    152   1624   3119
194   1488    718     33   2158   2159   1948   2160    215   1798   1651   1629   2708   3050   3075
195   2161   2162    756   2163   2166   2167   2168   2169   2170   2146   2732
196   1409    441    569   2171   2172   2173   1201    181    343   1972   2174   2175   3344
197   2176    521   1807   2180   1154   1459   2181   2182   2183   2782   2859   2951   2957   3080
198   2184    949    618   1788    978   1345   2186   2187   2188   2189   1554   2761   2952   3318
199   2190   1527   2191   1731   1276   2192   1823   1478   2193   1434   2194   3051   3265   3277
200   2018    936   1050   1794   1620   1032   1071    738   1871    794   2197   2983   3067   3173
201    890   2094   2080   1287   2198   2199   2200   2050   2204   1756   2099    811   2205   3066   3262
202   2025   1690   1966   2188   1344   1553   2206    977   2208   2211   1113   2877   3000   3316   3319
203   2212    309   2213   1911   2214   2215   2065   2033    802   2216   2218   2875   2879   3054
204   2102   1803   2220   1913    177   1975    987    897   2222   2223   2225   2804   2894   2918   3247
205   1773   1387    203   2228   1627   1332   1691   2160   1949   2888   2931   2974   3356
206   2071   2229   1121   2230    258   1036    964   2231   2232   1853   1204   2235   3025   3034   3166   3215   3260
207    888   1990   2237   2238   1800   2101   2239   2240   2241   2016   2243   2778   2995   3094   3247
208   1474   1259    773   1951   1008   1930   1745   2245   2063   2246   2716   2901   2992   3301
209   1830    677   2247   2039   1238   2249   1217   1595   1500    941   2686   3237   3244   3322
210   1660    556   1947   1514   2251   2253   2256   1021   1486   2118   1631   3028   3050   3223
211   2258   2259   1305   2260    310   2213   2261   1856   1097   2064   2262   1905   2263   2264   2940   3181
212   2265   2267   2268   2269   1082   2132    295   2270     96   1158    923   2272   2273   2275
213   2276   1039   2277   1688   1575   2278   2197   2024   2279   1112    925   1791   2208
214   2281   1735   1381   2282   2167   2283   2284   2285    568   1901   2004   2286   2175   2854
215   2258   1099   1303   1471   1436   1910    780   2288    844   1749   2290   2291    637   2292
216   2294   2295   1129     88   2296   1907   2215   2067   2036    948   1251   2297   1598   2298   3241
217   1784    954   1456   2299   2300    412   2301   2302    577     73   2930   3088   3144   3199   3304
218   2304   2305   2306    585   2307   2308    655   1081   1779    761   2309     63   3097
219   2310   2045   2298   2312   1283   2035    809   2218   3029   3146   3226   3262
220   1719   1604   2001    623   1771   2314   1140   2315   1404   2317   1208   1669    725   3147
221    543   1872   1708   2320   2321   2322   2323    797   1614   2953   3058   3083   3107   3119
222    730   2324    635   1999    325    985    966   2325   2317    266   1207   2960   3082   3188   3260
223   2183   1066   1467   1882   1806   2327   2098   1993   2238   2683   3085   3168   3172
224   2329   1428    351   1180   2330   2331   1020   2333   2334   2335   2336   2817   3145
225   2074   1037   2206   2337   2189    976    926   2338   1125   2340   2341   2277   2231    956
226   1780    470   2140   1321   1634   2228   2116   2343   2344    208    447   2345   2955
227   2346   2347   2348   1572   1653   2349   1531   2350   2090   1385    752   2994   3346
228    917    293   2351   1965   2272   1550    237   2058   2353   2354   1341   2355   2823   3000
229   1275   2357   2192   1732   2358   2359   1480    693   2144   1825   2362   1520   3031   3040
230   2363    754   2089    482   2364    173   2365    465   1228    838   2056   3087   3091   3300
231   1844   2368   1544   2369   1521   2191   1496   1019    819   2331   2371   2373   2374
232   1522    157    825   2193   2369    638   1435   2375   1484   1841   1545   3006   3252
233   2376   2006   1270   2281   1737   1375     95   2131   2378   1163   2273   2381   2382   2170   2963
234   2143    601   2383   1206    721   2077   2385   1712    699    952   2229   2386   2943   3199
235   2388   2055   1231    847   2389   2353   2288   1968   2390   1751    776   2812   3078   3091
236    777   1232    766    285   1961   2061   2389   2265   1161   2351   1083   2851   2903   3281
237   2333   2391   1190    341    382   1846   2394   2395   2667   2720   2814   2961   3004   3127
238   2301   1789   1220   2397   2398   2399    528   1462    587   2305   2127     72   1647   3012   3193   3236
239   1302    269   1254   2401   2402   2290   1906   2212   2296   2260    312   2664   3002   3180
240   2403   1988   1393   2022   1687   2350   2010   1574    929   2279   2404   2405   3173   3250   3314
241   2408    604    590      9   1877    737   1874    451   1340    539   2409   2893   3018   3030   3089   3116
242    264    991    331   2411   1618   1900    717     30   2412   1980   2413   1915   2941   3254
243   2416    751   2417   1904    172   2364   2418   2381   1160   2286   2162   2420   2850   3086
244   2421   2422   1759   2148   2423   2424   2426   2427   2778   2856   2927   3040   3057   3284
245   2428    908   1583   2429   2430   2431   2284   1419   2172    356    573   2434   3014
246   2435   2436   2437    322   2438     50   2439    109   1697    831   1502   1665    400   2441
247   1018   1432   1769   1566   2442   2256   1509   1444   2444    138   2445   1663   3038   3064   3149
248   2447   2448   2357   1273   1736   2150   2163   2451    759   2452   2423   3062   3216
249    184    318   1954   1193   2109   1920   2456   1418    375   1935   2460   2981   3169
250   2130    921     89   1589   2294   1126   1813    119   1284   2043   2461   2929   2996   3029   3291
251   1120    267     37   1684   2278   1570   2466   2159   1945   2467   1795   2136   2888
252   2468   2424   1352   2147   2469   2346   2470   2404   1392   2017   2471   1984   2866   2993   3347
253   1894    154   2474   2152    996    643   2475   2476   1953   2478   2323   2860   2949   3183
254   2479   2480   2268    749   2086   1226   2417   2388   1157   2052   2363   2823   2851
255   2445   1766   1581   2481   2483   1425   1723   2725   2814   2822   2861   3035   3145   3148   3345
256   1433   1181   2194   2484   1733   2002   2485   2330   2373   2719   3006   3256   3263   3309
257   2324    984    542    371   2486    625   1720   2487   2488   2672   2740   3004   3104   3148   3312
258   2368   2489   2336   2490   2491   1495   1847   2492   2117   1547    497   2720   2907   3044
259   2493   1755   1818   1983    866   1355   2204   2494   2021   1286   2468   2403   2857
260   2495   2496    111   1952   1399    550   2497    145   2498   1672   2839   2937   3167   3234
261   2283   2174   2003    346    430   2499   1739   2485   2430   2500   1429   2329   1177   2942
262   2211   1558   2501   1312   1117   2261   1855   2340   2502    303   2232   2761   2779   3321
263   1073     27     69   2503    404   2125   1837   2030   1296    614   1787   2871
264   1671   2495   2507    524   2508    403   1694   2439    110   2510   2511    832   3021   3045   3115
265   2496    106   1950   1931   1693    501   1249   1472   2245   1011    219    419    193   3255
266   2515    900   2431   1734   1673   1452   2516   2518   2500   2282   1826   1362   2166   2145   2838
267   2520   2502   1857   2385   2235    953   1716   2521   2337   2186   2985   3117
268   2225   1147   2524   2525   1582   2483   1722   1772   2181   2717   2775   3009   3063   3164
269   2528   2530   1638   1336   2531   1364    386   2532   2533    537   2961   3104   3231
270   2095   1610   1240   2535   2536    894    805   2037   1282   1601   1866   2537   1057   2205   3226
271   2486   2325    324   2538   2320   1876   2539    369    541   2785   2939   3059   3231
272     44    307   1114   2540    255   2276   1030   1790   2411   1625   2341    337   2230   2467
273   2359   1519   1483   2541   1919   1899    679    155   1934   2108   2456   1959   3032   3224
274     94   2544   1942    672     60   2358   1479   1267   1886   2069    942   2545   2448   2546   2110   2549   2550
275   2121   2503   1831   2551    879   1297   2031   1076   2552    365   1969    562   3015
276   1085   2306   2553    654   1376   2554   2555   2275   2556   2382   2134   1164   2948   3027
277   2557   2182   2536   1865   1458   1241    520   2302   2397   1056   2747   2772   3243
278   1839    673   2560   1175    241   2561   2087    758   2562   2447   2545   2422   2921   3074   3084
279   2246   1260   2060    859   1006   1717   2564    709    406   2565     17   3048
280   2054   2291   1313   1555   2390    848   2567    994   2779   2975   3159   3181   3183
281   1645   2568   1380   2122   1695   2569   2510   2570    836    440   2954   2962   3027   3042
282   2184    611    958    414   2571   2572   2573   2574   2575   2521   1713   2831   2895   2956
283   2576   1133     91    498   2008   1278    421   2376   2129    196   2556   2825   3023   3253
284   1215   1235   1413   1504   2123    393    526    830   2577   2570   3012   3021   3170
285   2535   1150   2557   2180    532   2717   2743   2765   2841   2864   2896   3019   3280
286   1622   1897   2413   1922    334   2474   2322   2578   1960   1875   2539   2999   3053
287   1991    358    731   1703   1335   2028   1079   2551   1298    884   1636      6   2409
288    306   2216   2580   1605     40   2540    800   1979    982   2412   2000    261   2786   2809   3218
289   1501     48   2066    946   2038   1608   2583   2441   1666   2264   2584   2879   2880   2966
290   2327   2097   2015   1060   2537   1293   2199    931   2585   1867   2857   3132   3250
291   2391   2335   2489   2119   1508   1727   2253   2587   2481    636   2487   2887   3357
292   1443   2589   1289   2200   2079    865   2493   1760   1827   2051   2852   3197   3291
293   2085   1000   2057   2365    757   2154    841    483   1530   2349   1649   2827   2916   3351
294   1089   2501   1854   2259   2592   2573    619   2593   2520   1551   2187   1001   2567   2860
295   2292   1438   1928   2375   1843    463   1477   1744    840   1539    645    489   3278   3301
296    342   1422   2173    186   2428   1584   2594   2595   2524   2822   2894   2932   2942
297   1848   1185   1013   1929   2596    852   2528   2394   2598   2599   2600   3240   3292   3307
298   2106    689   2222   2603   2239   2092   1921   2605   2460   2807   3032   3108   3230   3284
299   1197    321    835   2438   2600    436   1933   1192    114   1698   2684   2768   2853   3056   3255
300   1873    591    600    960   2072   2408    538   1029    327   2538   2908   3188   3215
301   1045   2312   2048   1662    275    810   2606   2214   2402   2607   2809   2998   3026   3241
302    628    593   2608   1319   2139   2609   2114   1633   2345   2892   2977   3128   3273
303   2610    449   1640    164    855   2530    461      3    493   1849   2611   2490   2791   3127   3240
304   2598   2614   2395    349   1195   1956    384   2615   1370   2532   3010   3056   3109   3169   3308
305   2617   2476   1937    313   1958   2593   2574     47   2618   2262   1860   1090   2436   2070   2584   2619   2794   2967   3109
306   2081   1518   2620   1043   1493    711   2621    816   2371   1024   2623   3154   3182   3223
307   2595   2525   1725   2220    389    178   1926   2740   2757   2861   2891   3257
308   1888   1128     83   2550   2068   2295    944   1908   2845   2881   3023   3102
309   2578   2478   1957   2321   1706    377   2615   2531   2624   1363    535   1338   2785   2794
310   2115    207   2344   2611    513    496   2626     14   2491    446   2904   3011   3129
311   1658   2606   2310   2047    128   2401   2297   1250   1130    222    135   2800   2996   3299
312   2627    144   2628   1145   2629   1564   2630   2507   2631    522   2498
313   2626    477    455   1775   1383   2632    911   1986   2633   2343    353   2634     13    514   1677   1883
314   2635   2269   2480   2088    747   2636   2549   2452   2354   2059    238   2561   2826
315   2637   2638   2631   2554   2568   2508    525   2577   1648   2639   2398   2304
316   1054   2338   1038    974    933   1864   2076   1464   2747   2771   2797   2930
317   2575   2640   1014   2599    112   2614   2641   2617   1862   1369   2437    323   1714   2684
318   2571    610   1295   1172   2592   2619   1701    997   2475   2029   1367   2624   2953
319   2564    701   2062   2383    959   2299    575    409    768     80   2141   1718   2737
320   2263   1859   2641   1711     98   2644   1203   2583   1670    727   2435   2618
321   1884    903   2645   1561   2633    869   2646   1680    580   1811   2309   1778   1987   2858   3156
322   2544    940     85    676   2247   1836   2635    239   1594    913   1347   2355   2270   3084
323   1607   2580   2644   2315    305    256   1202   2755   2875   2880   2913   2940   3166
324   2494   2426   2471   2649   2198   2241   2103   2585   2009   1763   2405   2933   3172
325   2645    902   1560   1143   2308   2639   2399   1579   2629    529   1468    586   2176   2651   1885
326   1834   1350   1785   2249   1212   1237    971   2300   1863   2772   2797   3193   3232   3318
327   2027   1368    405   2572   1637   2640     24   2565   2596    857   2709   2763
328   2378   1162   2416   2479    750   2636   2267     97   2451   2168   2777   3225
329   2603   1801   2223   2240   1992    887   1971    183   2171   2594   2552    571   2429    364
330    680   1529   2541   1918   1978   2083   2623    818   1895   2093   2941   3161   3184   3235
331   2420   1902   2285   2515    910   2632    357      1   1080    511    570   2434    175   2169   2652   3105
332    968   2138    627   1330   2609   1401    728   2386    697   2689   2714   2780   2868   2976   3017
333   2046   2589   1017   1042   2653   2444    122   2078   1451   1659   2726   3028   3154   3242
334    870    124   1812   1137   2461   2654   2307   2638   2651   2627   2553   1567   2646    146   2811   2928
335   2637   2511   2630   1696    197    422   1374   2555   2654   2569   2133   2576   1135   3167   3251
336   1562   2442   2497    147    558   1510   2314   1400   1770   1152   1667   2628   3115
337   1820   1022   2653   2621   1523   2190   2374   1448   2484   1426   2334   2499   2516   1738
338   2161    755   2470   1353   1985   2418   2348   1390   2634   2652    517   2518   3068   3073
339   2656   2427   2649   2469   2562   2091    753   2347   1166   2011   1532   2243   2718   3047   3095
340   2251   1944   2620   1041   1487    274     36   2466   2158   1664   2607   3079   3242
341   2610   2492    633   2608    592   2533   2587   2113    453    546   1337   2488   2667   2904
342   2237    885   2105   1974   2546    663   2605    690   2560   2362   2656   2421   3216
