vertices 2037
     3 2.72798027769674 5.76732423497649 5.12708778565183
     5 3.37522231078321 5.05946506165696 4.09885028678510
     8 3.82690526782927 5.29518414120548 4.23506829981413
     9 3.83829840564043 5.61908740081981 4.11651116602410
    17 3.07035066083184 5.01273341207250 4.79962446193219
    31 3.44291832362787 6.45857836857420 6.55964010553824
    33 3.57300787804254 6.41928872832858 6.41981212283907
    46 2.57914269806642 5.63351975902347 6.80916169394081
    47 2.64067297096318 6.29318661611979 6.63967934186118
    48 3.05548329948341 6.55382645696648 6.18008399226704
    52 5.77754102125079 0.73803017851397 2.26264742926197
    55 5.76839554252021 0.59273850085153 2.70328397767968
    64 6.04061031872101 0.48044638049539 3.09223171187931
    71 6.93501126940815 0.98252727085047 2.10030224581486
    74 0.03009653283125 1.04743720447207 2.53917566921490
    77 5.99092958123526 0.33510237311038 2.87955863431570
    85 1.39274241052144 2.96541428821641 6.54280533173038
    87 1.05263924714852 3.26429863261576 6.41263486904565
    88 1.16403484663658 2.49046343338957 0.07157896488613
    91 1.48186552421169 2.67062721786540 6.25921841057554
   102 0.79334444113103 1.85177289164063 6.44063893299671
   103 1.03781086295513 1.84320727846208 6.70780259975429
   124 3.37096741901001 5.51198175946038 1.04112288667238
   125 3.33346887954884 5.60481942616169 1.04003363244443
   127 2.80891609560248 5.56227754800378 1.09557235660928
   131 2.36663840973446 5.78084303241948 0.58845476743120
   138 5.06934269569521 3.86333015679424 6.96766681520553
   141 6.21417050139071 3.31871107701020 0.31312080398819
   142 5.72946351467759 3.25782516283217 0.48666657367077
   143 5.97440941256451 3.49870626372586 0.74861969521149
   145 5.50551750845645 3.64576148749023 0.70630833300875
   146 5.74949978976786 4.01887914885883 0.77144313785195
   147 6.44156527553983 3.75938321041351 6.71324554577417
   148 5.73634905952987 3.39167364875517 0.70492302119851
   150 6.28049704105396 3.41641481688145 0.42954150417639
   151 5.94791608792042 3.94883187427764 0.79473715081703
   152 5.20296303205448 3.57266380238332 0.29240161547663
   158 6.30293649188425 3.46295165588016 6.74134292444811
   161 5.18723837890474 3.66474438108809 6.63221797234966
   162 5.23551182845932 4.09324335846410 6.70558890130823
   163 5.12308631134384 4.02663324310626 6.96496555349662
   171 2.56498497432711 0.73723887938152 0.38032856064365
   173 3.01452834465113 1.11023677010589 0.98816014380792
   174 3.27340416027494 1.25496933910840 0.32521881843456
   175 2.01565114566087 1.67604404990609 0.58161028786461
   177 3.33080167240955 1.56945969995509 0.57201078947552
   179 3.10287977143628 0.97287110475921 0.49929617180718
   180 3.14350672425415 1.49389129265280 0.96896137513476
   181 2.73722979402250 1.81958421138387 1.06901532413105
   185 2.34917775041908 0.85374551045403 0.12599056727848
   190 2.37441739000896 2.12771726328381 0.61184630487747
   191 2.64497302313074 2.10995959257191 0.82517627341736
   194 2.46142022841105 2.16557688463732 0.48893570204508
   197 2.48548556234038 1.90119648865015 6.98743773967306
   202 4.81874624534573 3.51671091354722 1.49816019011812
   229 4.72805762511042 2.14440428348053 1.51374397880067
   232 4.45553273156959 1.96301869308422 1.64263326968306
   238 3.53646319474938 2.65398835623251 1.40061910844019
   240 3.63678336828974 2.97349138533614 1.92828229059543
   241 3.93135195372080 3.36787374874724 1.75663848615811
   243 3.75171464754192 2.13825409300449 1.58611821889079
   260 6.40942226718979 2.05549626539495 5.02425282668694
   266 5.89364954238691 1.56980410314055 4.96576089710737
   274 6.54365854161189 0.64384466574834 5.21089478983841
   284 4.32227258332483 6.20278947537608 5.36241761546570
   285 4.27648300098924 5.98735786072325 5.65965314297362
   289 3.78699333974338 5.03842428204563 5.23973917004557
   295 2.25849320870950 2.66230654537341 4.96605534222166
   297 1.61208427473151 2.81517356837251 5.50916158259452
   298 2.31136000839284 2.81197363060430 4.67075213091430
   299 1.92173078198570 3.02921819868459 5.44535873453691
   300 1.29198313575079 3.20011253888716 5.47525821785443
   304 1.80147235224154 3.32831968188258 5.40220123752492
   306 1.27541001585639 3.03534083444305 5.48507156943911
   308 1.83038622400656 3.51502162635847 5.06948880829060
   312 2.08375378754327 3.32814088384049 4.63773833871691
   320 3.70425766538158 2.25966443941577 0.02033609728256
   321 4.40916735389931 3.12405321862155 0.48754729785274
   322 4.12656100948870 2.15769469114905 6.82380177053977
   324 3.68251964853861 2.74174202712895 0.10600067022425
   330 4.01005305569663 2.94986308081586 0.00788244614708
   332 4.30486070447572 2.66921445786457 6.76740572787911
   347 4.19792041040472 6.56963446323300 3.66447879369387
   362 4.61076668624126 1.62141622250181 0.34826320306314
   365 4.54254305275702 1.10493569903086 1.56943430278804
   375 4.33959446337068 1.28242192346711 0.51608925755170
   378 4.26677711520914 1.13125558383805 1.31326936407665
   389 6.30579489643409 5.42022013060808 6.39220359375580
   390 6.34868201546821 5.44169000283263 5.90069402288848
   392 6.62969007754361 5.96215656243725 5.70232744373110
   413 6.57050846448117 5.15025207239120 5.72519994946126
   419 6.50553450954941 5.06764689769234 6.59460631237772
   429 0.42022240027344 0.86234649704101 2.68018068096242
   430 0.34885380066274 1.14706888082831 1.80393241508483
   432 0.20854216530887 0.97726450809289 2.02999092536736
   438 0.91857693714109 1.82213408142325 2.67304412491459
   442 0.80691142082571 1.21425194480257 2.98375166411385
   453 6.19564927784024 0.51636308818352 1.25285715600700
   462 5.51138246858425 0.69688717368718 2.21946369442257
   469 5.11261680336151 4.78313913903980 0.72752582317680
   470 4.94406860038851 5.87955012818031 0.94554913482709
   471 4.72111162821499 5.55233477067235 0.92054015356813
   472 4.65038046786071 5.48652054702606 1.42331120689040
   476 5.49856507196444 4.61478344757243 1.12693536141364
   478 5.49794548269396 5.68176444166877 0.53042369120465
   481 5.51845157112199 4.67655524219630 0.76616053725779
   483 4.78683148996941 5.23380243891715 1.56926445063505
   484 5.73953966137089 4.81252311788191 1.38822924669584
   485 5.08022688992072 4.72304191684554 1.12555122027929
   486 5.01912899335699 5.13659328212847 0.55349508175853
   487 5.42778374683329 5.33223503761714 0.38804192173598
   488 5.79301520566966 5.02798074854370 0.56015119577840
   497 0.10779708847364 0.64928726692927 0.77511468921748
   509 6.61359186779185 1.28381856648081 0.85271586060624
   510 6.39830188705872 0.84362502058099 0.75568258893912
   514 0.79586900794057 1.56336396919883 6.03459988252018
   515 1.56289376568838 2.59749527705855 5.87002416442606
   518 1.36526347926766 1.47023942313932 6.69352926070606
   520 0.87197047872503 1.88511558234048 5.74531900945920
   531 0.47045419924113 0.75569406365377 3.51715613004716
   538 1.25424484155252 0.06618764993829 3.42069070827206
   539 0.94733178722599 0.30993569060656 3.74014635761396
   540 0.75817472400871 0.27402797747183 3.72275997829222
   544 3.12027170892579 1.78496338040245 4.86440579920956
   549 2.35906029513065 1.54818784178973 4.89535109423751
   557 3.27992619642305 2.27521248241101 4.92097319244712
   562 2.17526202609024 1.81970626560064 5.05127019314215
   566 3.02450337801670 4.46345987802480 4.82701014897927
   568 2.70831444551745 4.56152189170736 3.55984967195724
   576 2.23263509616536 4.38606302888846 4.17835893311163
   577 3.39162157422303 4.74966491549820 3.90590486517937
   580 3.27295434906786 4.46025016975973 4.08053202807527
   585 2.98933859556368 4.67526439279872 4.96479719540843
   586 2.43244836524599 4.41463169854864 4.88230893862981
   587 2.60239318453171 4.68614380930097 5.04228916579593
   602 1.06412362909984 1.83826612251655 4.79843935828997
   606 1.40744191900754 1.25696091403050 5.13532240712615
   617 1.78596516486803 1.01127196725498 4.98377406876924
   626 1.74158159642538 3.15555745311996 0.28868408385351
   627 1.50011251540365 3.48268169550147 0.59151606497379
   629 1.75762600469743 3.59270386325052 0.90900102258352
   641 2.02005706210861 2.43184348134120 0.70044674996602
   643 2.01305398973468 2.65460002154729 0.41440471435436
   644 1.75044887412255 2.51160432475323 1.54873361864920
   647 2.38503649102819 6.56682583491066 0.36071102939310
   648 2.14787227514254 5.94955490514157 0.67360001403871
   651 1.96165063962882 5.67726960798338 0.54200982032141
   655 1.50717250493132 5.66796288491844 6.70128434762656
   657 1.66349135945678 6.57453391272120 0.28689847923193
   662 2.08976192137546 6.44993439465437 0.55622189531396
   666 3.55437991177488 2.56487835953035 5.75895212942802
   668 4.32089967129976 2.79760108058656 6.45754766452111
   671 3.61155406171602 3.13947846644035 6.18988567871889
   678 4.06860475678656 1.87370631218727 6.51187681501654
   679 3.53675136883980 2.62586222586225 5.58258891479724
   681 2.68878063972029 2.46742933445689 6.40947620948558
   684 2.73967190975714 2.94131841755888 6.58301224397566
   686 2.43465531032404 3.51110717514994 5.79140913663468
   699 2.30553589342978 3.06327820187922 5.75000083493474
   700 3.55186538713878 6.56777071327332 3.54088801607534
   719 4.29590009801529 0.25218136686115 5.49870435536550
   721 3.81063947251338 0.24378214249016 5.55672935722205
   722 4.75688321026393 6.92075648842735 5.89678857473960
   724 3.95947610384719 6.65641755594753 6.48795732726889
   736 2.92015452701869 5.77602848361772 2.10802928685189
   739 4.09768273223926 5.46453737795185 2.81397843287477
   741 3.64800494004739 5.70069690737037 1.83733535380857
   763 4.56324261707385 0.43733692754085 5.29084988467966
   764 4.41767377296054 0.46405744699420 4.93644179681458
   769 4.62796596584155 1.69895609976530 6.99916611007455
   776 4.92089546585871 1.64801431876967 6.78774907480815
   782 4.80832207206847 2.96520764675637 6.29375468736678
   783 4.64467794516156 1.47896168417717 6.54119697874213
   794 1.76383552469622 3.90221827738076 2.02199560468450
   795 2.04186565961434 3.56122503147210 2.10213614336132
   796 2.86489996914580 3.92492574369604 1.51466074388168
   802 2.69327119167949 3.47853830674309 1.10341279438745
   803 2.70103893123963 4.27795241231187 1.41992595237112
   809 1.64760048742248 6.39821816249269 3.63951079279498
   813 1.28364563398976 0.01681693468443 4.61494641506832
   824 3.54776365932505 1.54298018798488 1.35307224411820
   833 3.45498292630300 1.85689867080925 1.59175644953949
   835 2.89260152603934 4.65437484333988 6.02461676767930
   836 2.06323800623476 4.17746460540993 5.61116019885481
   838 2.71791433846315 4.62926561369106 6.05431566968756
   841 3.09817832608098 4.36296317653473 6.16471193728301
   843 3.33814405227238 4.47335199026957 5.24385821937194
   844 3.35196437280380 4.16913494256601 5.78909489741479
   845 3.19936866303853 4.66996774800893 5.24555821090425
   846 2.07681613957362 4.09294777422379 5.25821533255395
   848 2.09382105909275 3.83125766005308 5.78096799269781
   849 2.13631813714559 3.69973016464197 5.63214640013990
   850 3.02418445190715 3.79834409474128 5.09859845129230
   851 3.23213802982208 4.28536128158062 4.97224448210228
   852 2.43131141924608 4.63777106590249 5.72985682904488
   853 2.13605666899620 3.88658144179499 5.24731790144439
   862 3.76764993403397 5.41854961466918 1.53240735149242
   863 2.61953450481477 4.77721182757102 1.73280493171896
   865 3.74402534061355 5.14383278180008 1.79953774079161
   867 2.44006944075499 5.07137317248087 1.59943270402863
   870 2.93232344925112 4.73004425600866 1.50133633763224
   871 3.38624024201451 4.75670276985309 1.84988066786892
   872 2.64824127087467 5.25608496067573 2.40102605124740
   875 2.11959918141151 6.22259009189596 3.17324797971541
   876 3.01095034061150 0.21336200630483 3.23218375303995
   877 2.16430873335562 6.52951802212388 2.72416816369416
   885 1.77847887032789 5.67514887606648 2.48362109852122
   890 2.10028246465761 5.35927727663485 2.83970794525109
   894 1.92782618655954 6.38672575657338 2.42693861895630
   900 0.68707973446067 6.06285545862749 5.73545345331657
   901 1.21669686243541 5.40030911751030 6.20428269514495
   903 0.39608615873267 6.37622702687760 6.77247677762752
   909 1.28518705470906 5.34853801710869 6.55577013058366
   910 0.77287720959576 6.51381926719421 6.77853064924041
   911 0.81788170036377 6.65281583374386 6.38837349450695
   912 0.33304687668238 5.92926080388466 6.84971687855383
   913 0.35432226781843 6.53868530651015 6.12785263768806
   920 2.30607093974369 0.68095969998671 2.26527671763498
   923 2.70089437867308 0.53148409358215 2.07695958698260
   924 2.47558287501617 1.15549834608035 2.14402528695807
   927 2.83496551856469 0.84814528856194 1.99963407391059
   929 2.83596695806025 1.16745375864471 3.31874744258370
   940 6.22811843393977 0.03347508950600 5.40879534795706
   945 5.28190342972846 0.72354576740750 5.50286519517581
   947 6.52733493134401 0.18796681303855 5.40744478719484
   950 3.90626254966870 4.80032836489448 0.62116837643382
   958 3.52234288786539 4.61914609606203 6.61918170386214
   967 0.67876002402054 4.32798883739473 6.69413571494398
   968 0.69270677875170 3.68967953084682 5.62195807313847
   969 1.18045169377844 3.55447199016031 6.48407552839581
   971 6.91748526919462 3.99351560632524 5.90937132058583
   973 6.89757368752248 3.78210105462500 6.54081202650738
   976 0.14158205847911 3.94504008080362 6.82818897227015
   977 0.40146859122818 4.40609265515251 6.64249768891185
   978 0.10737765493485 3.53562887894026 5.84069592640520
   979 0.74302246946934 3.83504614189942 6.91756360882994
   991 6.50063158194568 2.39142067381131 4.49083280626270
   996 0.14900531150442 3.26226913486152 4.95667627898349
  1001 5.86463729460831 3.40343617808219 4.21829561983989
  1015 6.38476016539764 2.63312818721116 4.84838566304416
  1020 2.95036086874041 0.79654710556477 1.43342936240730
  1021 2.45221019241583 6.84439300701882 0.81768125376273
  1022 2.85803508538451 6.94223892582777 1.52260776188097
  1035 2.68844825373584 0.31001627322959 0.24915347941827
  1036 2.58777679369491 6.83433507331242 0.57599378320047
  1037 2.83810106696840 6.69438845626839 1.27971611825047
  1038 2.69991456617108 0.20456777228928 1.52339687095624
  1044 5.58366256818334 1.18200359543357 3.86143424508774
  1045 6.33732667256166 0.21413526391741 3.95866554549352
  1046 5.90922403128137 0.29140559412750 3.47563274588901
  1050 6.41798066425627 0.69761809587464 4.29062446783870
  1059 1.92909011077467 0.59390234824902 2.01727486832041
  1065 1.29332574197736 5.26251542294161 4.84835542020522
  1068 1.30797042283282 5.70169594325748 4.82917980831766
  1070 1.38571770336572 5.13721827477600 4.67372592788428
  1076 0.76046014227870 5.98384237039240 4.62622486697760
  1077 0.71763227942791 5.64210198813774 3.54744487364603
  1080 0.90604709387078 6.13028803621289 4.31506635278154
  1081 0.95958664997873 5.78747280607245 4.88434569072883
  1091 5.78055441999826 5.17759321023962 5.57219574624052
  1092 5.19204554410303 5.00369423466305 5.53100972771255
  1093 6.10678247012648 5.26482340586958 4.57907415695465
  1094 5.53275023656744 5.47146314387114 5.43151356556570
  1097 5.51503427756210 5.66519082105164 5.10493809495082
  1098 5.61895755392128 4.94129398253950 5.65359144758651
  1099 6.23752461793204 4.89459112118679 5.35928380547764
  1100 5.76615065830882 4.64708019887507 5.53655386962711
  1101 5.15539465695343 5.30757185963791 5.44002799464747
  1102 6.39254469611239 4.92146507566758 5.01846395120593
  1103 5.09731266122882 4.77013248296778 5.33098716625647
  1104 5.44391910735785 4.45178337947730 5.27515865538199
  1106 6.20757029124857 4.72593570806407 5.37248185089823
  1112 4.02039052119934 5.31107636683973 1.43189521392173
  1114 4.38692876779403 6.16629735982564 0.57745166048631
  1118 4.85752978731550 6.12566334906897 0.84100525558457
  1122 4.26172901262528 6.31713459802763 0.68105225955634
  1126 4.69732721324029 0.35348284712409 0.04332277767280
  1130 5.02855067836606 0.35558290493010 6.97277652876692
  1134 5.30032628107779 0.46641865442770 0.31628901444808
  1136 4.29016554180152 6.78182045000212 0.11313878407138
  1137 4.15800394176257 6.79068275839766 0.36754082569960
  1147 6.66007095263383 6.45699756756559 4.76819813782982
  1148 6.72327961898204 6.84186552224682 4.03502020554016
  1151 6.77500677024007 6.21750687121490 4.85072521852199
  1153 0.32832739337853 6.53002363301053 3.65144287578217
  1155 0.47307085590206 6.81725274449782 4.07830156186662
  1156 0.81545819025372 6.48295873839380 4.41215690536295
  1168 0.60980028743434 2.88418553934896 1.99621703978432
  1174 6.44196018574187 2.82867950868601 2.70709578020642
  1178 6.64702597674062 2.27911290916327 1.60889525854851
  1181 0.01423566723656 2.56716222748497 1.43071176042981
  1184 0.53047589972833 2.88984322991897 1.73666921781057
  1202 5.42818746328257 1.61136390333033 4.74167139351715
  1207 1.71846641422323 3.37936044069775 6.75133207665877
  1209 2.61698605930319 3.00204159737781 0.10949733600829
  1210 2.32936577285552 2.49225853895286 0.24850687844784
  1211 2.37409463718896 2.17907127672329 6.79311601387539
  1212 6.07932909999291 6.52664188133292 5.46319086715774
  1214 5.19614817862238 0.23837034505074 6.29760515352924
  1216 5.92765461951883 6.70590632049104 6.29731782315820
  1217 5.58155572202333 6.31160393461348 5.53966158520683
  1218 6.24439363860215 6.75126558206473 5.90168481385756
  1221 5.77994290192297 0.02074584637775 6.43724873397166
  1226 6.13538312290272 6.77803534227263 5.25632003864323
  1227 3.58533471476698 0.83889139239858 5.85584194234094
  1244 4.07388565583930 4.08174997099706 2.13551161404070
  1249 5.50663210974075 4.21787048250900 2.15274265316865
  1255 4.43047081164091 4.41355975638776 1.92225708986811
  1259 1.22219992139687 4.56694901302876 5.63597999228212
  1261 1.18122739640192 4.85273053743705 5.61234105806182
  1265 1.43001553556600 5.14361020139018 4.99767362995833
  1266 1.50180110217437 4.28778931979627 5.04217079235528
  1279 0.45797896053431 3.50513416724247 2.62314433736288
  1287 3.19512448310953 3.91162692853281 2.70238573580969
  1288 3.85763138061113 3.78983533313246 3.59093687106553
  1289 3.43533020443047 4.20169171846199 2.60273417959421
  1293 3.17045357515017 4.58712971086294 2.70139941844541
  1294 3.61152418341551 3.63801529820934 3.08989406602934
  1300 3.60522964496288 4.20236143777880 4.07153898254176
  1303 3.63402723647168 4.70584096898772 3.05665297908909
  1304 5.56823298766041 4.29834768165832 1.21973148824587
  1309 6.51696536073669 4.93474439815986 0.27845626584697
  1318 6.36287080633590 5.50749610753903 2.37278786935667
  1323 0.36065776463107 5.15867307498371 1.68581722699426
  1324 0.51791442165868 5.69690309278325 2.73380049232208
  1325 0.68944901446173 5.67168237723818 2.31873400828909
  1326 6.81391359507337 5.06646897558106 1.67123442564777
  1328 0.27978546945446 5.09193923513886 2.77736386134107
  1329 0.03589912381643 6.06086202858132 2.59469826691919
  1330 0.36679491437436 5.69364595131981 1.64060882433098
  1336 0.39580638341254 5.47007272865451 2.88694725902012
  1344 6.56111194960578 2.75169467406639 0.19442373538847
  1345 6.65228159666308 2.84791553105565 6.67574904328972
  1346 6.81375393684869 3.96895911541756 0.28123795357651
  1347 0.36535525010061 2.67371792677224 0.32221383455527
  1348 6.89066671818749 2.73603853138933 0.48703864062523
  1349 0.26279271164181 3.55939867679590 0.62050499434676
  1350 6.78462810301447 3.13022528554067 0.70408177526291
  1352 2.08773832778953 6.53588338080014 0.75500042317344
  1357 0.70819525089155 5.94227094664899 1.00584983547621
  1361 1.53984908532734 6.66859629683785 0.38644011430241
  1362 1.24496699646938 6.46098654102755 0.32659237209229
  1364 1.73551328189672 6.71274561363506 0.84286452454210
  1375 0.11237018010861 6.01200679436821 0.93178043304450
  1380 0.01889688413669 5.77918771387593 0.61016303647381
  1386 0.94767364411098 2.32549408904001 3.57499492022328
  1391 0.56045220090467 1.74892608025700 2.95201610447373
  1401 6.19756616446930 6.24154953492833 5.35715843430858
  1405 6.39083062388680 6.45495683073000 4.86748643225160
  1406 3.63097706099689 0.99770072473146 0.19132401184775
  1409 3.73438742159045 1.04534228830040 6.75703616672741
  1416 4.35155373551122 2.58741488536705 3.22291070236387
  1419 4.30177587276198 2.00232122332468 4.28351693740192
  1421 4.75449461822868 2.01260102276327 4.04919503661109
  1424 4.77165703110796 1.57132424702895 3.89969639808808
  1430 3.96501579849943 2.37817158875451 4.10761811865257
  1439 0.05617835072229 6.86029063426714 2.94742299466841
  1440 0.82652546501633 6.56445979719430 1.97729867710805
  1445 0.38244608343959 6.78364139419463 2.07453647372031
  1446 0.07029481489282 6.57278986773064 2.17906335173532
  1447 6.89695445200133 6.66549497748904 2.70786766967857
  1448 0.07444919825868 6.67408481418826 3.09106349718251
  1449 6.89997968026556 6.50175671242158 2.82646941934864
  1450 5.77452129777862 2.40328833962594 2.91669730479338
  1457 1.44848210053291 5.52039313027965 2.43205047570850
  1459 0.67336581132561 4.32986763275945 2.11726121289794
  1460 0.65618409544812 5.52233084990669 3.06330636636454
  1461 0.57031758685621 4.34166051960304 2.17931732462435
  1466 1.40502588413865 5.48885327846610 2.27806177055732
  1472 1.92712425742384 5.08158538978298 2.94745378787600
  1481 2.27334410820352 4.90065080787156 5.88296933587560
  1484 4.67721044261740 4.50187441467275 0.33628493573425
  1489 6.07087930413848 1.57122493425858 6.41546990680467
  1493 6.73986628854326 1.89959307421263 6.41373681900415
  1496 6.00461024794470 1.22411715147230 6.51799016672089
  1499 0.28337330303865 0.90481610519814 6.68794837664789
  1502 6.57734589744641 1.80981381696819 6.62199527191849
  1504 6.08861717767858 1.63151032286854 6.11084878633659
  1508 0.30200872823141 1.58620834272052 6.52387575772133
  1510 4.42594573371204 6.96732937330120 1.43270798795455
  1511 4.57358108073725 0.13744411010226 1.70182570323472
  1517 5.87623900005246 6.37146148004437 1.89288575737853
  1525 0.06008155744714 6.99716557507597 1.69254064400821
  1527 5.88524916538660 6.16535875298452 1.48350862035984
  1528 6.73533614293138 6.47864066723847 1.17278165282682
  1529 0.07171979542667 0.00046877363474 1.42323150738954
  1530 6.44690574596300 6.86209983194197 2.14666684426697
  1532 5.49157087921277 2.62472722890801 0.76213925390465
  1544 2.99091828759492 3.52411658966109 2.18110204926463
  1549 2.41522730496184 2.33652639520858 1.98103555294709
  1559 1.80305588580840 2.34549281226957 1.70143304646600
  1563 2.32595189729331 2.29674750355512 1.70993361051922
  1566 5.13487822228956 4.81778507324503 6.49280393703009
  1570 4.96328838673977 4.39518113201345 6.59384111368334
  1571 4.61137498981328 4.54195046937834 5.94448459567982
  1577 0.91567753891016 6.16467868642535 5.31299169924924
  1580 3.66561620970299 2.24218778233311 5.11295849177894
  1582 3.47668913456622 1.26440564255641 5.67575345184675
  1587 3.69445731155024 2.51204485627968 5.51453241106821
  1616 0.98494602266115 4.32203090158613 0.55006588453535
  1617 0.84970825853630 4.74102429975283 0.04634271587485
  1619 1.80397464679152 3.77934748667528 6.60066322457439
  1622 1.61861347770224 3.55951878281527 6.73511422047324
  1639 0.75649498029156 4.07853886529839 1.58963013914323
  1642 0.40783532726239 3.66272122871181 0.81691004381314
  1656 5.86574412782828 2.01365018261883 0.64286013503146
  1657 5.74053252722960 2.08278229083682 0.83828468552336
  1663 3.72482519248645 6.81393668753601 0.29846698064685
  1666 6.13156662465727 2.94976433128704 5.81695572509821
  1667 6.12027815065319 2.86179700267076 5.95539653032287
  1668 4.79790015974915 3.44358090593349 5.80994804845386
  1671 6.08409558234531 3.40609638752299 5.77548881068549
  1674 4.75092271494136 3.34689889874630 6.24350851204667
  1676 5.76009969375698 2.76166777790919 5.61208807459367
  1677 5.38774495864638 3.08782651455520 5.40282473337557
  1698 1.44185551247339 5.05247722143903 5.89542010094116
  1699 1.62444278158469 5.94600483894150 5.25844012543958
  1701 1.86139405958229 5.49806874927688 5.51226733128108
  1702 1.84910765359275 5.46903816711845 5.63475712368493
  1703 1.30974917656490 6.23231545373080 5.50045081866583
  1719 3.47700870403114 6.77461356590912 2.02815856360726
  1723 4.18096350932435 6.74517015585948 2.59451751181371
  1724 4.35972933147442 6.07579354634059 2.41172292219021
  1725 3.92939180980566 6.75199513501988 2.58720202843874
  1732 2.32468800673335 6.13211027998967 5.23811584139425
  1736 1.96883825277518 6.20923046988741 5.11441262074091
  1742 6.92590017602218 5.89570805056292 0.45960467951595
  1751 5.44985723276299 4.68795389730271 3.24580432282421
  1762 4.94082937636627 3.66216124874540 4.10675238788084
  1765 5.19996860924700 4.80757643147455 3.49283637462760
  1769 1.83343255397792 0.71699447719057 5.29491440261261
  1772 1.36617650156538 6.96630084372985 5.30482001308640
  1789 5.43281851800836 5.18755810535346 3.29265490782625
  1792 5.20131611150468 5.06941558695591 3.48432202130401
  1795 5.44299918180220 5.70446757522767 2.74484614935430
  1797 4.33768782636679 5.35877149005043 2.88162330248189
  1798 4.88844469056183 5.77733230536800 2.49720576220140
  1800 5.27112465570574 5.20269584459886 3.67049159032675
  1804 2.77653285035606 2.01990453134950 1.30539958101795
  1806 2.50313272120168 1.97561858358657 1.65047915861681
  1809 3.01402368376697 1.91325279835919 2.22389526253018
  1810 2.63844153461728 1.97802068634378 2.04138100052710
  1815 3.01752251971362 3.42008865547759 3.81598790867531
  1835 5.51838804242211 1.87312490776961 5.69650391621065
  1843 1.91331519432518 4.90928896342999 1.52054248047211
  1854 4.20853373386519 1.06252409209899 0.32340642295109
  1855 4.96423250015594 0.51844805600332 6.65426577310112
  1861 5.79845539549355 2.52562155844495 5.19157969945141
  1862 6.34131686762950 2.51708775630711 5.03682679828539
  1867 4.69077805133342 0.84020143628703 4.44780279418250
  1883 3.41080036469351 2.26119114404603 2.45964612944191
  1894 5.12686951315912 2.13402853112484 4.33484396159099
  1895 5.21194841831749 2.62706553041054 4.63277751473269
  1900 5.07376755365433 2.22769124040797 4.69794906706079
  1901 5.23961232079313 1.93166001947860 4.94946542313783
  1904 6.20466470573527 5.41610395059939 4.49127524572665
  1912 4.50007772584330 0.87064642971943 4.81649822898651
  1913 4.71098428402050 0.81282203217965 5.34119019663256
  1915 4.67716089048155 1.00803659296935 5.04716837834888
  1924 3.41923277530376 2.82356763637992 2.39621084859849
  1926 3.68185950501099 4.12635119273161 2.00249231504762
  1927 3.56594976506820 3.90215232682816 1.86275949847460
  1938 5.74813815775224 6.23037844763988 2.39691775998886
  1939 5.81538798210424 5.84581323131942 2.54049995886453
  1964 0.20884311729536 0.88633264798350 3.84677058199455
  1965 0.68845415230438 0.19081436360202 4.01369692286396
  1971 4.67786880043455 0.26492713199060 2.65398529519500
  1973 3.90520703693701 6.87430876730487 2.88071598928908
  1989 1.46674088516318 1.90857969937507 0.65375205240836
  1996 4.17394179017609 4.94738693481882 2.90143822449138
  2000 5.91130054431787 5.62698180831848 2.32962564566436
  2003 3.05648001784953 3.11548256927831 0.31600387602265
  2008 1.54116583177517 0.68163979657094 0.14322513191271
  2014 2.40160921775212 2.40191713259840 3.19953555841652
  2024 4.32633155533525 2.75908547993333 5.03344067907959
  2025 4.10428242642042 3.45100998593396 4.86787882802169
  2027 4.34759234683317 3.63076960339209 5.55959350245645
  2029 4.29266690892217 2.80400279391904 5.17340097690629
  2030 4.09500672803558 3.29997805955785 5.21758570256269
  2031 4.55550627601562 2.67910357288051 5.08270820969718
  2032 5.07418261348820 2.84549529402208 4.72721866012154
  2034 5.42909678799823 3.30972108253550 4.73575274232513
  2035 4.90518095586848 3.51994465171146 4.42950662968858
  2038 5.34096387698754 2.96337600480935 4.84946957256594
  2043 6.12091769637501 3.75114177367157 2.93561200178966
  2045 6.15597329592832 3.30589979339495 3.07722479273934
  2057 4.53270186586370 4.90808571641537 2.19486543821734
  2058 4.18977951817696 5.18112465132774 2.75415874465091
  2062 1.56069678544569 4.90060787999055 6.53085923728885
  2063 1.55687049504381 4.18237080634541 4.02626310553519
  2071 1.47056446436149 4.32099007041952 3.78068500697701
  2074 1.31750759984526 4.06406722091090 3.52576776748152
  2084 1.45569928036339 4.50707246191073 5.88499145842155
  2085 1.58245813333680 4.84189281141388 6.02998941753998
  2094 0.20161366501206 0.45173548671442 0.25030060797158
  2096 0.70612636017126 1.19143879237360 0.14255845078122
  2097 0.47777253001402 0.82519220195314 6.88270585940566
  2100 0.52387010446796 0.05153445680683 0.35449820068172
  2104 1.23963242052924 0.93414469874748 6.89330604947727
  2106 0.97850198501533 0.22937547772882 4.10090633498510
  2109 6.76579011284550 2.58613110991912 6.36323672820203
  2110 6.56456806349702 2.73339942351377 6.58108840961317
  2111 6.33327018646502 2.32866745668499 6.91252237608702
  2114 0.16892564643445 1.81206766384979 4.40069892409385
  2118 3.85537121917605 4.60503405910926 5.26332753032876
  2119 6.36232879820263 2.40169469313668 0.20180732906776
  2120 6.27254420578604 1.93270065007554 0.78216255865414
  2121 6.83349457085727 1.68632340499675 0.38850796057599
  2122 6.53671834841468 1.44299922728932 0.64511627004197
  2123 6.58675592769311 2.15877178050913 0.51176162996102
  2127 0.68530024809521 1.98652297542475 4.87047698575150
  2135 0.50866908627720 2.01727830594349 5.35227178054805
  2141 0.43366469488806 2.44386497775479 5.43882086971952
  2146 5.52389918760154 5.93853805664250 0.25156838214725
  2153 5.60500018085061 4.93561875577299 3.14933832644203
  2161 6.67108119852334 4.90320868947587 3.87412493271866
  2162 0.27427984218507 4.71403944933377 3.97162752209117
  2171 6.77912225290376 2.60990865598783 1.04484369795242
  2173 6.89321861630800 2.49377511079341 0.65950752692813
  2178 5.69280818493450 5.95276045935680 5.41610089574242
  2180 5.92679843971185 5.41825484763074 5.83003350052349
  2182 0.48579608344384 1.56159288551269 0.00766954123032
  2186 0.31935531369655 3.85177154587558 2.59935303258827
  2192 0.23426384734268 3.96172335162009 2.93691096553913
  2203 3.64087496106171 0.55155100059256 3.86020170443550
  2207 4.38451198513580 3.67407063382422 0.46512082549611
  2218 3.99197432677348 4.18063172444654 4.71481146048968
  2221 4.35137285451648 4.82388427087442 4.68980280417161
  2222 4.64782670019089 4.40204945407871 5.67530525649214
  2223 4.25640672002920 4.42409526255731 4.38856556193409
  2225 4.26349419870156 4.31322249266349 5.54305496990574
  2227 4.03507689207377 4.51208621002879 5.10969261091044
  2229 2.46699682490293 3.60732916435432 4.54778386795652
  2230 3.21227591288499 3.49270499833697 4.95952934733436
  2237 0.80029615582851 6.75911977067422 0.12814671099367
  2238 4.69465018041294 2.20208730092769 4.91963886548491
  2251 0.68719572697082 1.39724726915629 0.14508058390284
  2253 5.55630580791637 4.80471018853470 6.42615169992260
  2259 3.66514958188492 3.58997368739073 4.66714128044653
  2260 3.69222999641986 4.07927276038768 4.60637943877010
  2262 3.63613045704365 4.38262036467339 1.75178273515776
  2264 3.73172737350066 4.21891353488852 0.99687774822958
  2265 3.46599504731626 4.20654615043314 1.47854781822629
  2266 2.94656381803061 4.48827876700136 1.36019752869520
  2269 4.30607476766453 2.08152751417013 4.73581552960805
  2283 6.57919959154903 4.63959790732948 4.07621554419111
  2285 6.93993689046549 4.49332305774347 4.91948922826420
  2288 1.35087903497745 1.42535941419267 6.79035444910010
  2289 6.53604980724781 4.15387086369676 5.96365641824512
  2297 3.03806592971809 3.36357072032149 0.45152881915710
  2298 3.12766248555654 3.31120639178390 0.81185800947456
  2306 3.78887700289479 3.86711793157571 0.88381334239117
  2308 0.90530835317898 0.37633501290882 6.28968284438093
  2312 3.43570291064791 4.02951809826402 1.51771875755353
  2313 3.67313411354726 3.69309784966555 1.07374549439067
  2337 5.30253369483566 1.80078080693563 0.93204441068747
  2366 2.78008761988454 1.06649971932438 1.06861264792553
  2401 0.68797673045309 4.40638402526499 0.96736220682923
  2402 0.36377861757976 4.03505420635782 1.02905874383894
  2425 2.45416838745654 5.82886073895813 5.42350850430828
  2428 4.40447917016394 4.55844093903159 2.63961395401721
  2430 4.58029845448292 4.66920181263559 2.25652308198401
  2455 3.17690939749009 5.34982264942345 3.24117258191044
  2460 5.56384068175885 3.97597185119380 2.31827079082373
  2461 6.11347262908588 3.78411334241922 2.56540818951292
  2463 4.85199446622705 4.93018978124656 5.99422388362228
  2464 6.12834606777627 0.79882268430065 1.09551171177925
  2466 5.25329871679507 1.35433437042410 4.15538814103075
  2467 5.43193841221690 1.68622126450933 4.37746931877366
  2493 2.32330969905751 6.71678570839727 0.02901608481861
  2495 2.21742445383506 5.57086956845042 0.48107080465370
  2501 0.69411988525443 5.41184721159174 6.11924848370994
  2502 0.52709675403732 5.82032131093918 5.81650221103672
  2505 6.57343804361185 3.14296119202671 3.76405881267362
  2506 6.64953352247788 3.23508945158010 3.38710257788833
  2507 3.21056948829881 0.86374348385853 1.31837858356074
  2513 3.42702361518398 0.27414855556206 6.81616284535016
  2517 1.99087069203726 3.39951545307454 2.40149631536251
  2531 1.54197519063022 3.89564697780737 6.18297611499385
  2533 1.34490072700083 4.30443020858813 6.15585476702032
  2540 3.07426527529319 1.60672961330936 3.28497469187280
  2541 2.96413025616409 1.98009861866097 3.01460858161547
  2546 6.50757959540629 0.24424122900961 3.92895699138303
  2548 6.65326923951872 0.52530712097242 4.11754510742530
  2561 4.28244484260891 3.72596806885159 4.89161780462934
  2584 4.11665073080871 6.35621897385837 6.47204152859334
  2586 6.00384610645670 6.14572722620899 1.66379800210317
  2587 6.02559243713881 5.79290342075938 1.76005452665486
  2588 3.42156293787893 1.77453248219831 2.01505309699332
  2612 0.42794572455275 3.41215663565190 3.06833738073908
  2620 0.83322291635307 4.77082059284600 1.90237386490953
  2621 1.38332116559050 4.96010415567109 2.08268138972505
  2624 5.98492594897887 1.07018453981802 6.28041951107805
  2632 4.58388622810218 6.95867358994882 1.06648816495565
  2645 1.39494529054195 1.77970983428008 1.50814675559183
  2652 1.17103526972847 2.29804554227299 3.66274764214207
  2664 0.48932921944229 6.79305445475549 0.32365791413398
  2670 2.51646529950859 0.68396889803611 6.34713891680802
  2683 4.02265261930475 3.70496787492405 5.88745966363615
  2692 5.51616537134374 3.46291982916604 5.41762520688312
  2694 5.53191655572734 3.59792593790917 5.07299816707601
  2701 3.31867059469518 2.50347034811936 4.45914896201922
  2704 3.82142183288615 5.38515780962516 4.68541172229633
  2709 3.19371637740770 1.23935696681638 6.23798402038880
  2714 2.30549086024358 0.28872198484139 1.02330011754683
  2716 0.77617038757110 5.84783111225103 1.19360595723332
  2732 0.79619747600145 4.33229837439425 5.73052750208761
  2733 0.70968322099014 4.20720489645836 5.60705332663583
  2738 0.12401324860457 4.44256866397515 4.17583435304272
  2739 0.23935815080108 4.36021543852064 4.57944312048183
  2740 6.86371913103152 6.89439993145036 0.00275294066981
  2745 3.46305253884236 1.13002484115193 2.06602546362216
  2753 5.70510354809254 1.84035842246700 2.38187325712084
  2756 6.38263802957246 1.01177458309212 6.88646708737044
  2758 6.55589777478947 1.86558886265993 6.06389001583289
  2759 6.62300155197776 2.59172396729826 6.03392298545515
  2763 5.11435860892779 0.89769062488726 6.52726216291440
  2778 1.10613408920054 0.40591613403749 4.41509706607242
  2779 0.38702106369772 2.30081043098359 2.58698399352001
  2780 0.58107191922226 2.31690838578805 2.24739963033933
  2795 2.74301495414701 6.95674285652750 5.08072819659281
  2796 2.83806549556689 0.08533599616134 4.61163955169984
  2800 0.59392711751214 1.86374350898312 6.59614956050579
  2802 0.66695252280657 1.86236523889661 6.79331461625327
  2803 0.87709847806618 0.58493468601978 5.83409626566351
  2812 0.68581089324668 4.96196153235235 1.27856979664359
  2815 0.41777661628748 1.69965166848284 4.67075356857673
  2821 3.87152931081650 6.48551904644934 5.17343542149845
  2822 4.01255069794518 0.16580641316573 5.32608457721374
  2826 3.58451113671842 1.18155482666546 4.31077292936919
  2827 0.81290114325255 5.34787165865255 4.93345627420513
  2832 6.56359945315611 6.64424360425947 4.10706308039000
  2833 1.34349975167286 2.21022801973566 4.66311178956143
  2834 1.47170914914828 2.21773547189501 4.41049566864587
  2845 0.55914799890340 5.37103908606993 6.49131031141791
  2846 0.21904007513463 5.82139839387438 6.65162971632552
  2854 1.20243700551829 6.14340342786839 5.88917891396917
  2855 1.44479296272154 5.77735549793904 6.08490533821693
  2858 0.43622938551594 6.59877830601837 3.27115599371289
  2860 1.39444676709968 3.37759465133857 4.40522447203486
  2866 0.98793978999487 1.84748826688933 6.81122967996035
  2867 1.06966812114655 1.65224012090320 6.96952989360437
  2870 3.11404492972407 4.88788474464259 3.54049371423022
  2871 3.37219906786236 4.83803325744999 3.00166830430020
  2874 1.94553303170917 6.76898348520276 6.91740513542216
  2878 3.71936897444112 6.16085669242442 6.40252323992116
  2881 4.09274605477008 5.11939547155265 4.14770859174883
  2882 0.26150999967038 3.15136057522035 6.21153483764853
  2883 0.14393352579790 2.81012433415769 6.14425591266057
  2886 0.79920280961876 6.23174544192708 0.96772374694994
  2888 4.72565121768699 3.24284728388222 4.40934712597064
  2889 4.25111152580855 3.17603205531850 4.65716968382107
  2891 6.84997030494584 1.96409609053398 1.78339120660482
  2898 4.00138392711705 4.40892634038302 1.01084161054646
  2901 5.92818102418261 0.09385599207920 6.99307142905043
  2904 5.20487265910746 1.09219016609226 4.78957066158714
  2915 3.50041154266700 1.44206701900987 5.07333521607584
  2916 3.70547291621794 1.14659848998599 4.72809158449533
  2921 4.47169061677333 1.05297971989839 0.70682491906461
  2930 5.94427319438774 1.74613525708198 4.18284935571676
  2933 5.45815209802157 0.49046533388705 6.06199369753304
  2941 6.49759815895115 4.95132025502616 3.43261466435996
  2942 6.30329628398087 4.77150741422834 3.27827528373866
  2966 5.63938810683662 2.77113326208281 2.93531426438264
  2967 0.49942736155879 0.23626710865708 1.06185792559106
  2968 0.41277222458712 6.92113575205867 1.23312262743501
  2969 5.27572414783416 3.81553983436449 6.50753221617025
  2980 2.97227870922220 2.90960868720765 3.61949006431385
  2981 2.61309933902870 2.86352328319320 3.40555715186072
  2982 5.76404823980725 5.06854547856541 6.64498511506214
  2989 4.23390067185656 3.49537863258016 6.37205793518011
  2992 6.26517726988624 4.01523149680812 6.45601657467870
  2994 2.78463913300176 5.32511155484168 2.45031139412410
  2997 5.98892666003825 2.22355915383059 3.94748587823520
  2999 5.63648162802175 5.68524771978999 5.62745821798286
  3001 3.66001471917590 6.14637585975720 0.78035780808568
  3004 1.49287921042698 4.75589482930752 6.62441586953080
  3005 1.07553751865979 4.88471116876289 0.00755171665593
  3016 2.69633380175389 5.22355423590914 4.79605085150458
  3017 2.45898111374189 5.00206615731880 4.92781496919437
  3020 2.58745200418282 4.27090630723448 4.77345705179580
  3021 2.55843261161360 3.92452566779860 4.90168338991099
  3026 4.00730937800204 2.68813378303585 3.38610534976524
  3027 4.20978412598877 2.72129393549575 3.70779223287611
  3036 1.81327277004181 0.32406894452037 6.38715335315048
  3048 3.07577638005877 6.57299708316155 6.40299609346572
  3053 3.49665522573982 5.81267809827726 0.66458170138736
  3055 1.19592696874413 6.81553978175251 4.37825945013169
  3058 6.48792099860620 0.33105797112931 1.04239774457423
  3059 6.59590419449148 0.58494776833494 0.73250172811091
  3064 6.80871174146657 1.50027384780748 6.90649285881697
  3065 0.25798454496127 1.42238853831706 6.76454537390250
  3068 2.10717329229860 5.43662431371658 5.63020806732369
  3069 2.11266952771287 5.45813648399117 5.53598277804719
  3070 2.09733909638352 0.95381516366315 0.25403053293784
  3071 2.01378787592830 1.40970387791664 0.12417200453443
  3073 4.34316945536700 3.46999573107762 2.59118710652859
  3079 0.97212120648754 2.41284012049057 3.29975768279453
  3084 3.62225552740589 3.41684130202907 4.40340220097587
  3085 4.01809163713595 3.09727280486448 4.38472074204502
  3094 1.50002951705504 3.82177150192656 1.54479310077944
  3097 5.30507280464649 2.02871311390798 6.60611069827860
  3098 5.57441565863848 1.86338998177769 6.74238866451800
  3101 5.32163437325583 3.86197281889577 5.09324598248080
  3102 4.81162192738305 3.75137303610995 4.59424285384688
  3113 5.76868999395294 2.23505935984612 6.95029423057990
  3114 5.88031921864123 2.33093753203616 0.32196568074882
  3127 3.54375378866507 5.73266188705031 3.89457606720409
  3134 6.09418833552396 3.44374384936881 2.38672846426140
  3135 6.12161388693228 3.10995709146041 2.81174605584313
  3136 6.89903967949280 6.25548105455559 0.58800306302550
  3137 0.18981418185351 6.62861104737914 0.15746327015540
  3145 2.28571120281507 5.22244412067358 0.63741125700861
  3147 0.99776356006917 3.80105431560435 1.69251119326897
  3153 4.32004669695163 5.01867882466695 4.63729194470748
  3154 6.40498381835126 0.20514453812022 2.61377099060309
  3155 6.45893865917272 6.85117767240920 2.54110050487494
  3157 5.97681836704619 5.87696222292038 4.63447403044729
  3162 1.51758168047294 6.62833326409883 5.50926271992738
  3164 3.35743996835230 2.26600568132722 2.98329103809606
  3166 0.58958400469621 1.51116359888128 4.56223346477195
  3174 4.90152253014193 4.93265246855437 4.80142535722306
  3180 4.97946622939081 5.94165924885465 6.57770856971910
  3185 5.46472753654802 3.48310207081197 3.53202280419895
  3187 3.05750722173976 2.38545849371343 6.35826403165438
  3189 0.95491667959737 3.20909633555157 6.09686843094487
  3190 1.04621932802485 3.44905232219290 5.89503246768791
  3191 6.64734770643346 1.70333702399969 5.82462199146740
  3192 6.80033502063070 2.00123341783465 5.43577295525676
  3194 5.39440898471382 0.57427186994819 2.53203559972751
  3199 3.03590406423455 3.60345921314593 5.47859676467278
  3203 0.51093941928118 3.67714453410096 6.95257168256834
  3211 1.23938724832022 3.75894857888744 6.18316124619954
  3212 1.08205466772048 4.18860411895515 6.15500353463772
  3215 1.31700238330474 4.38123844747803 4.46933142857395
  3217 5.68771246302139 4.26990250463625 0.50817610172692
  3218 6.05947581783523 4.38349994844745 0.23415711045883
  3223 0.36446119864401 3.89166011519797 1.30100494308544
  3226 3.14834828443807 4.98525520055263 2.44144538059520
  3227 3.38079260041504 4.97463388312338 2.93544355830341
  3229 2.31890960837564 3.67396498146852 3.09796249710115
  3234 1.04204129535615 6.09702131955615 1.47597144411649
  3235 6.38362388076180 6.87443245469107 0.24531619307273
  3239 6.36328756791927 2.51313853361968 2.72891180686342
  3241 0.59734181279221 1.79507804127390 3.60661527163035
  3251 2.35485660466593 2.38920097097510 3.26699995352555
  3263 2.30952314672169 1.51823910886838 1.51242655615412
  3268 3.53427827485113 5.46211748851478 0.78381557258223
  3269 3.91852573848807 5.29578866480455 0.85164020318667
  3272 0.59526052571562 3.56587000743708 0.63064144542298
  3281 5.55042632836888 2.72023438879668 0.51919920073536
  3282 0.83167186381451 0.85435566563360 5.74244760206839
  3287 3.67561615607668 0.01820568456431 2.21725310092177
  3293 1.73631902840667 2.39410591051891 1.94456542838527
  3300 5.92276367820371 2.72650306446965 4.11413239461977
  3301 5.97306744968891 3.09207226781256 3.92431703416245
  3302 5.47477903076202 3.65896923344579 3.90799795940119
  3312 2.56206229559427 4.87692042980052 6.19430683721075
  3319 1.47648571485311 0.61514526237806 0.71366118811049
  3322 0.13130982813893 1.45469199545271 1.53751440490969
  3331 2.55157846194737 0.06060344819951 4.39121183719022
  3333 4.80559892268242 2.50245969818461 1.76521111795005
  3334 2.75217105203533 4.88689566485420 2.31911008732349
  3335 3.10604649098776 4.86650199101737 2.39955257734643
  3336 1.95113538701415 6.58100093768903 5.26109142330581
  3341 4.22412129408512 3.13803367950341 3.93606870993073
  3342 1.05496194377494 2.99956180747377 5.15802391934141
  3348 6.90228633981462 5.79177164852022 1.53069217755488
  3349 6.63948672055560 5.46326727902944 1.57692251781909
  3355 0.21861393417758 2.36476216880958 0.61806584863606
  3356 0.20840721535732 1.73101150114410 0.44027918988296
  3361 3.22346427944863 1.43580207901577 5.97706984283329
  3362 3.22073967977897 6.73686712289865 0.71704164789924
  3363 3.44939199441206 6.42389384778478 0.54463239781187
  3366 6.15837598365543 3.67994376278381 4.33073621026260
  3374 5.99530369101727 3.44885823607438 6.48502367128823
  3376 6.06141261325255 2.97854862865903 6.29201049207708
  3378 5.73494616056524 6.84586572838287 1.11339094649224
  3386 0.32941839830536 0.01655957043520 2.91732674954242
  3387 0.20807377804407 0.60074556591378 3.00660836945377
  3395 5.47081615189794 2.79479337359515 4.78059531075281
  3396 4.41991883319046 3.80882726073538 5.45236894845298
  3398 4.44811214078533 1.51798979150161 6.70070845654922
  3399 4.23157829387514 1.11364875207116 6.80992120691956
  3400 0.63659831948155 5.92159996798225 3.77551087133970
  3401 0.48519921963490 5.72268784391430 3.77742859581594
  3406 2.40529486455051 0.78155859793308 0.71450676957285
  3407 2.15203342529879 0.91947692631751 0.68391799681488
  3410 1.86040028936283 0.96292674602588 1.97533787697019
  3413 6.12957444479158 6.57343359553338 2.74975518401710
  3415 6.87804815964179 0.88662042042219 3.77885858591542
  3416 4.01954286561188 0.31657827910779 4.97389746712902
  3417 3.92750788018827 6.91856944249832 4.59380091685447
  3431 6.37073396888971 6.24429056504384 4.95439404124408
  3432 4.42961393003253 6.30934619044248 4.39854805169937
  3437 4.77761263919002 5.04418970446973 0.26192674472441
  3438 6.47671645015343 0.82304510433547 4.78390300316099
  3439 6.73898006799640 0.69945722943369 5.01226456438454
  3442 3.56484400251714 3.22085939405104 5.49816223019381
  3443 3.21788451336581 3.32021945730084 5.31488178054593
  3444 6.61352974372528 6.28113435773901 1.60399487614447
  3445 6.81714757851240 6.69142330993462 1.93541100387431
  3446 5.43237109022990 0.82228940971136 6.13078219992123
  3447 5.33740186404587 0.97898008890336 5.84561335770141
  3450 6.94626848108536 6.57869227459731 3.64767646926481
  3457 5.13966189470987 0.14231526956670 2.51812949162746
  3464 3.31077248715165 1.22069646967631 5.34033928420133
  3467 1.02879580621151 5.76256066861881 2.34090597977189
  3468 0.82479996911548 6.10136427672014 1.98120927334576
  3469 0.39203090068202 3.60906051964029 1.22657981981445
  3474 1.02628726055355 2.63679716213046 4.67991328136880
  3475 1.19842712069281 0.06669846082028 4.22504733393813
  3476 1.49700813563591 6.91991572714332 3.61462183122074
  3488 1.61010694657605 4.08404037183469 3.10966278272060
  3492 5.62631321483035 5.63153231479598 4.84977879663649
  3494 4.70286905112996 4.30200183689832 6.97458661676401
  3498 2.14612983115027 2.58429339006256 4.36859929521651
  3503 3.41851205933347 6.68868774329740 3.50286173285535
  3509 1.86249807144459 2.92240724828860 3.68027279938118
  3510 1.85253872736570 6.50885461019867 6.44938942155843
  3513 1.55935510325122 3.48585068738008 1.34550767010308
  3515 6.17653664129767 0.85458076850031 0.35969313217659
  3516 6.18726505740190 1.00144514808370 0.28652319783038
  3518 3.39158181031354 0.79731675391051 4.19081908336011
  3519 4.01400469597090 3.19411409032647 6.47872270160956
  3520 3.88000183631713 3.23241919662309 6.81474666493763
  3521 6.47955181227257 5.67718241288705 1.79044382643819
  3522 6.75075579328721 5.94925487151600 1.71250171247007
  3527 2.51993929374737 3.74298964957707 2.12787002959371
  3528 2.70426921993539 3.64156788276945 1.93484798575585
  3533 0.86489904253006 3.47693925659736 2.41384288622449
  3543 3.65230547015050 5.94347289506239 5.95178913372640
  3548 3.20763207129431 3.73714114943377 5.78861395202028
  3549 3.58605636295799 3.43500110632321 5.82506829775465
  3550 2.29528087530800 1.04811359238260 2.24795826283519
  3552 4.76367291064851 5.46348976561681 6.64087036967346
  3553 5.02499631678651 5.20363428757512 6.84735638165615
  3554 2.47061496709891 1.45959694911909 1.14937024345930
  3555 2.11247407647490 1.35283980317959 0.90646295452397
  3564 4.10219733378148 0.46187499824404 0.77265014712676
  3566 4.37027611035830 0.81366612311690 0.55807806587589
  3568 0.20977215097294 3.18251157236224 6.42374402350210
  3571 4.26447329068392 5.50171792290183 0.62492267047948
  3572 4.40654141374406 5.19082845782619 0.26769077404444
  3578 3.00986926883690 6.71947935742457 3.42646717764499
  3580 4.71790861860284 6.04758614324181 2.03048210373861
  3585 2.25841647188037 1.54871872860517 6.86893005472187
  3591 3.60107382204274 0.03506016530404 4.35901735021341
  3600 4.15077446927652 1.38950044297808 4.17213693576438
  3601 1.97722969775853 2.20664250561344 4.85666230873138
  3602 1.70561565540302 2.20572005583879 4.99629630232242
  3603 2.31192881912201 5.45606945516973 0.00746939363829
  3606 4.04153429823016 5.25577337047187 4.86645635198678
  3608 2.02786166633601 1.66444772051582 6.57027824994075
  3610 0.21852950724401 4.92486793057807 6.54788435319225
  3611 3.96606860289701 6.85227205706370 6.72057954320950
  3612 3.69585463031289 6.85683626782068 6.83864112184063
  3620 1.72879091622988 6.02417646589314 2.64586430186534
  3622 5.23800022822694 0.03365840760413 6.92273942636065
  3623 5.36177140695136 6.99876705973956 6.46459802309820
  3628 2.98590743112767 3.19591822611936 2.42265780596026
  3629 2.95436646701756 3.53799573042369 2.35021077895635
  3642 0.66303162574244 1.56205672983565 2.82622804350715
  3643 0.25452884197795 1.05809384932582 2.51599518070985
  3644 2.52573229678406 3.12412497325506 2.64677958290775
  3645 2.65281421301264 2.78810210454398 3.21969859398895
  3649 5.21870418410963 6.28907278710136 0.34139843334650
  3650 3.03149234176169 0.17879512478748 6.59470403737655
  3651 2.95747459984636 0.42742005723071 6.26249446765705
  3653 4.42134514899709 6.44015178775541 1.33244927693737
  3658 4.52940344421504 2.63237469865124 3.58065187850110
  3664 0.34045000469845 4.85855112716441 2.18161200378762
  3665 0.52020706081797 5.02642460637485 2.00139081132833
  3679 4.48190103316343 3.53825633203775 0.55195688177709
  3688 6.74262644135733 5.66743192883550 4.72155864763288
  3691 5.76260288177528 0.01352384216745 4.74568314711229
  3695 6.13814974409780 4.76501932929746 0.20179030676112
  3696 6.09820681739628 4.79942138440205 6.83739087448133
  3701 2.93355595692083 0.77407826395949 3.52014732501722
  3704 0.67976821289489 2.84895921061773 3.41253881377117
  3712 3.12966508919816 2.27416728109546 6.06159989388592
  3713 3.41173934741377 1.81549811007979 6.12415239018670
  3716 4.53436930567009 6.46007445662172 1.06510997485954
  3717 4.87103492352999 6.26320543511400 1.01362680681771
  3720 5.45183354318165 5.00807557373838 4.29292502781646
  3721 6.08149311649209 5.17162556766378 4.45808743704624
  3736 1.38391566318999 2.61146618442800 6.88293964836838
  3737 1.58805547042651 2.71858141963687 0.23696122760403
  3740 5.41611142554953 6.85196566409770 0.85954430046786
  3742 1.98285932729564 0.33989568728539 1.11316432755873
  3743 1.85172500706267 0.74107726515490 0.90345662309233
  3748 5.11632136388659 0.47332915674893 1.53688702035865
  3749 5.36959152872836 0.31877986069117 1.84029824613849
  3752 1.19717446755037 1.95769875631781 1.13834797221602
  3753 1.27617518465877 1.75755850527506 0.92685666519319
  3755 1.28650487443485 6.42730457727676 6.17769614732060
  3759 4.22042980998961 0.72324206777163 1.85962719588826
  3761 4.27967942636901 0.34668938003014 1.87373780379541
  3764 6.20591070105133 4.78983172629744 4.51302122800168
  3766 4.92341656233151 4.04257353486520 1.44302074001926
  3768 0.28580475995136 6.10198525132541 5.85147014138827
  3769 0.39250902452966 6.23276535735948 5.80182531822607
  3775 4.08259606229330 1.24757796792199 4.70928421284845
  3777 3.61091122958975 1.01215103847964 2.18564583968615
  3779 3.53488793319937 1.07842225019913 1.57247561433029
  3784 4.74754299173254 4.22665336979368 0.04439475022223
  3785 4.66020641955785 3.95362654981067 0.04775836971436
  3788 5.44404760741093 4.05897712302135 1.95050848270593
  3792 4.82899766208319 6.25520712677122 1.91399179094239
  3796 2.37588526453148 3.45042063304093 3.44676204711496
  3799 1.97785375669880 6.47091918979966 3.51103847894142
  3800 0.24092028677084 6.93803346170602 5.95399344435327
  3801 0.69692767465190 0.46548021162903 6.11997993332441
  3802 6.69120270068767 5.61736205152617 6.79445422672395
  3803 6.66257702741541 5.13487264964050 6.75037193782391
  3804 1.90695024844307 1.58683389807243 3.53030527584992
  3806 5.54441545341776 6.76481273632277 0.43305842816072
  3807 5.48901953107743 0.08409673113234 0.16841237065970
  3818 4.22658194442252 3.82454377240167 6.75737178796034
  3819 3.98403432898570 3.60819530539081 6.98803893505037
  3820 1.53536510054597 1.42104271788087 1.41461051788198
  3822 1.51623236285960 1.36265172702999 1.21660532622482
  3828 3.21037501535923 1.83848571865489 0.40298910318691
  3829 2.73679527859296 2.16038860038181 0.65906979674088
  3831 5.14723863697615 2.53352812706726 2.40161378415604
  3841 4.69451772164735 4.35073039181200 1.31757740598184
  3842 4.34796415264540 4.24177226722942 0.90967427891266
  3843 2.71931124120194 5.26341385518315 1.09663724887713
  3844 2.90132425690686 5.13759940281366 1.06647004997711
  3848 0.09589694732732 1.27271301004531 0.93087991988382
  3852 1.38456054684857 0.96834426090435 3.23551401471727
  3853 1.78785736965385 1.13680446094334 3.39266271711259
  3854 3.46711140794925 6.65330647919228 3.61003529836561
  3855 3.72753961079174 0.06391531958183 4.03772249360054
  3863 3.12629126760413 3.17576420783348 4.40554978692636
  3865 2.98680581013467 3.21600754636762 4.58830004564588
  3866 2.76622845055452 6.92519869321362 1.72033960708864
  3871 6.82299854314862 2.61041896550910 3.71866587316116
  3873 5.86223569991178 6.21557001749719 3.87025872216620
  3876 0.95545267354355 5.06714363452080 0.00652099718964
  3886 5.72876368942142 5.81597457998978 6.60158295643150
  3887 5.96132663077520 5.40944756455083 6.39591755977293
  3888 4.68180818473660 1.15478859893884 6.41729627119028
  3893 6.82827539571471 3.64548913155461 3.39556571646408
  3894 3.23423474423499 1.02908478029836 2.21278774018967
  3903 6.48400571358465 5.75184090369162 6.59209943296296
  3906 3.54848113834160 4.53608336124813 6.78447838965169
  3910 0.32790577395810 0.78311069369666 6.29733593493199
  3911 1.94833005629149 2.21735315333582 4.52483708857051
  3915 0.17690665978067 1.78574209240599 5.34776274147702
  3922 5.56352420529834 5.64434250322112 3.38631587327257
  3923 5.52577820805208 5.34165131516188 3.46659553569920
  3924 2.53616390194785 4.60176991283891 2.49690067924018
  3929 3.02948167431042 1.28378092593029 3.10913180256640
  3931 1.29964086768882 5.81802668106798 6.96442537165907
  3933 1.38430785687229 5.84003921346453 0.19584229056870
  3934 1.05578935097870 6.93811241870504 5.10635891232259
  3936 0.67671072684598 0.25170261962569 5.31301150407654
  3942 5.93264810567928 1.73044506891852 5.15813978802348
  3943 5.62375155634103 1.99900413630368 5.24603531235348
  3945 1.12644861047498 0.93917935615788 0.94624004519270
  3946 4.35216368501809 0.22159269805224 0.67320958825882
  3947 4.61401237118677 0.49266945345121 0.46332005457269
  3950 3.69074393498288 0.75960349651823 6.52665947533088
  3951 3.39617907263327 0.85088119089715 6.19468362119465
  3952 1.49439788692817 6.73195278313262 6.02503640653260
  3953 1.79227662809257 6.76706412648273 6.17150596860688
  3955 0.38308428876187 1.50057566984310 4.00938705312293
  3956 4.66991267061322 6.27459468045659 3.28806770507073
  3958 4.55481457332265 5.86945600287793 2.67838038811179
  3961 1.22799532664169 0.67229867663638 6.73225064508936
  3966 4.32548838962675 5.44557970451616 6.89082760950739
  3967 2.38465188548294 3.24344144414716 6.28278852116636
  3975 4.47909310316235 0.06171214328633 2.26482774830145
  3976 4.71794597924979 6.91749716198624 2.01811740992233
  3981 1.54029771920700 4.57041995672898 2.44006188480944
  3985 3.75091454343682 2.83001331550916 2.13151759558394
  3991 4.20880818096924 4.81577965942844 0.28226690245797
  3992 4.63669941079568 4.57060392656227 0.26529431346928
  3995 2.34184021096780 0.99587133957987 3.11398786606354
  3996 2.31083331716175 1.18091697331360 2.43405262303920
  4003 2.74786770613736 4.19784647811956 6.29698757326302
  4005 1.26885634645397 0.20450646458632 4.43793814602641
  4006 3.69447748124307 5.26622223177686 2.02894101570075
  4007 4.05932530234121 5.25040778018726 2.72661458535226
  4008 1.26257522974666 6.19636436110435 6.89106455657299
  4009 1.36601253236323 6.29620520666424 0.17814103424315
  4010 6.45692026375545 4.05702733009529 2.52681695545008
  4011 6.58906504642417 4.12723216874091 2.91692527306977
  4012 4.00304346679405 1.22667373728780 2.47686307282130
  4013 4.31830435704020 1.07506448367326 2.33712722189379
  4015 4.30349073049848 1.28035390960500 4.06239465564854
  4026 0.58567530791966 6.82292070141347 3.20578707274143
  4027 0.92635148573874 6.74897777959126 3.08232330597121
  4029 5.67090195498331 3.92243193446663 3.16600727528623
  4030 1.78875674129502 1.32015298897094 1.40985040032956
  4031 1.76672406278600 1.26262090976829 1.20056128382381
  4041 1.31412757884848 2.56297776475556 0.37272796864359
  4043 1.49523766473053 2.23205418101536 0.71348704224483
  4044 1.11762502693303 0.54898335907669 5.87990387314942
  4054 0.74603030920739 2.08022289715560 2.83567592225669
  4055 2.40966765775392 3.42589181505952 2.62129543464402
  4056 2.67877675055607 3.66277099216362 2.41706483456910
  4057 4.19955153356412 3.76936095242006 2.80018532326077
  4059 3.76076777610470 3.78323070111211 3.07435471198606
  4062 0.92885568699827 4.45019789016654 1.26917919098659
  4063 0.92127209580620 4.76021531447557 1.41980143003532
  4071 3.85383953756553 2.57719235142611 4.43040587351454
  4072 4.04359408237320 2.40584248144943 4.81786637686509
  4073 0.28411328437455 3.70333443278668 3.20013556419894
  4076 0.76513079981336 2.96484813233074 1.98192113337693
  4077 4.96232856905818 1.03496161023846 1.48063473651869
  4080 5.50398594224999 4.35865662706934 5.00011174651519
  4082 3.39665847407284 5.81752319022709 1.30256517002668
  4085 5.23000643264320 5.94108553289248 2.68308511722074
  4088 1.46445666085469 2.39814880768402 6.62805220593261
  4089 2.08353484358928 2.08591596659799 6.54540121629043
  4097 5.89017698104013 0.31517098314799 6.17907501518608
  4099 3.95723280262655 0.80874080894223 1.52073958319419
  4103 2.72273740025816 0.14565150697586 2.69366550732143
  4104 2.93804406240126 0.23863824134711 2.33731481490858
  4105 3.59004265114652 5.39435990899393 6.40111413989556
  4106 3.58180259107258 5.55541723786430 5.96292132856437
  4114 2.16804514106528 5.53644487723794 3.15630979094588
  4116 4.54699096351402 1.92387922322383 0.08595977778004
  4119 1.51966930138851 5.09163472391536 2.75383493300870
  4120 1.55813880343392 4.61638258554708 2.58502141358928
  4121 2.44519543696340 6.35504784327326 1.94771229701101
  4123 1.93294408586699 6.00972182169268 3.12538798378996
  4125 6.45733344211309 4.00084716794967 3.09123476667758
  4131 4.96290642695695 2.49753180955778 0.79756695828170
  4133 6.91298362896126 5.35639080961165 5.47557902012901
  4134 6.88826196715609 5.23934091207271 5.11804286865898
  4136 3.91812415666519 4.19968745319297 5.89412563977589
  4137 6.10320547527843 6.43303379618230 3.72276939856050
  4138 6.36380921060923 6.69544535084771 4.09923183342832
  4145 5.73214095189361 0.20593703672162 1.30649891066049
  4146 5.71497291757444 0.15642359277376 1.66366766223925
  4147 0.03465509700308 6.26975522802768 0.86881015329569
  4148 0.40735314441948 6.52497355862490 0.86876673527221
  4149 5.66849912089979 6.36581443453807 1.52476255157896
  4150 5.68167117513364 6.47700290456046 1.76857268317337
  4151 0.95976709511464 5.33580228125035 6.79416279266152
  4152 0.95300505094353 5.53857596587011 6.97493542151287
  4153 6.12058731240155 6.58216847633871 4.49763298561614
  4154 5.83276161529704 6.24925209566011 4.30572631931939
  4155 2.51937796438551 1.28206554629782 6.80822303888490
  4156 2.58711851160573 1.09573507967665 6.33624368528945
  4160 5.13595753692155 0.97616949186008 4.45549876155815
  4162 4.27596382183876 5.46681107157955 2.89360696993205
  4165 1.76267660299397 2.86975433343186 4.10154886548676
  4166 1.73444029847965 3.30914724810297 4.26881656526096
  4173 0.88969329679011 2.24332364660513 6.00088087066595
  4174 0.67473846932226 2.54931396023365 5.86865911351154
  4178 3.55844241363149 5.72886836008156 0.60913836128623
  4180 6.40553405140848 6.27030134796601 3.00633362485420
  4183 0.55525853127342 3.24457070789398 6.69708303069910
  4184 0.54322710358288 2.73397826834354 0.14074470504646
  4187 2.15626259291693 2.19366729581671 6.22532193781798
  4188 1.73308669031443 2.62755034964422 6.07680982510478
  4191 0.90674373266036 0.40536942297922 1.18544512872725
  4193 2.68057028064657 6.59827131625238 3.94375781173413
  4194 2.48863023503518 6.34740975308797 3.93383810284950
  4197 3.30433629081823 6.23592187576303 5.00097141643394
  4198 1.10653638991075 2.79301536755669 4.32791018393433
  4199 1.35066166213515 2.58152773952671 4.16661636180239
  4201 4.67533752465900 1.39828543044471 1.77118908431502
  4202 4.58292163828744 1.39747240478657 2.23271661357131
  4204 3.69000010972961 4.62645760432478 6.59488871012439
  4205 4.01282911631033 4.37138548747866 6.17770639501721
  4208 5.84228385104808 2.90261765821629 4.54396148165858
  4209 5.81746831657955 3.28936064025618 4.51415259462186
  4210 5.69505601011612 3.17866501611376 3.49329123857364
  4211 5.47141039389532 2.89169306830321 3.37342957279666
  4215 2.39720247942518 2.65454938062179 3.53058835580902
  4217 4.28135653528626 3.79355386092610 0.78814446743335
  4218 0.19028820805130 1.06131687542872 5.16325434714197
  4219 0.17352687551126 1.58701292443631 4.91891559053788
  4226 6.29980139903737 2.22616037323470 2.30694054368864
  4227 6.32375607578009 2.45233440368021 1.95979836905514
  4230 6.01207743968586 4.38224493614578 6.77742869245058
  4231 5.73769993806049 4.31913369679056 6.58769797815114
  4236 2.63415356283816 0.17876331926114 1.67406712716734
  4237 6.22435844269988 2.48792098800598 4.09929438104661
  4238 6.73272580876131 2.69343539320074 3.87353461757337
  4239 4.39242282496607 5.38833080413477 3.83572087355779
  4240 4.50136510448738 5.11314996393757 3.38918268177801
  4241 3.43331204414550 0.64902445292840 0.38871218274145
  4243 3.63762498962509 0.40123071656014 0.66134961825200
  4244 5.76528467974264 4.31818075739614 3.44703771460689
  4247 5.95600680265149 4.37984810150473 4.82588162070824
  4248 5.95180010485327 4.55533109244221 4.48542272104009
  4250 4.03068424452020 1.35421389435407 4.08005842111054
  4251 4.86976712481610 5.48752533002764 3.98490350884454
  4254 0.55659454336325 3.86837240710553 3.54862748543915
  4259 2.43843847746965 6.39900150668060 3.72682039952921
  4260 2.65236525449415 6.64573911261926 3.80311689039129
  4262 3.88585593492006 5.16137537631881 6.44164637899001
  4264 2.54144173959983 1.01217134321795 5.21108965841026
  4265 1.75465758032256 1.55157479226805 2.62369032560640
  4267 4.86308167882232 3.71397387390978 1.27225198866718
  4268 4.40120273468013 3.63585302934538 0.86860496218841
  4269 5.61474900386266 3.00925725870300 1.07930616772248
  4273 1.70771085057218 5.05516120309072 1.62655434996995
  4275 0.38746897715926 4.44347027263333 4.66131917895462
  4278 0.35822471795627 1.57149607931373 0.66633801276153
  4279 0.65807128277350 1.38235123763905 0.49420418142344
  4280 2.01524984112069 4.34264386066204 2.00159595206822
  4282 2.07148088662466 4.51460177350480 1.64859240883863
  4285 6.81637157963921 1.52836611655073 1.63258672451934
  4286 6.62681278764931 0.93293152379473 5.74214057627038
  4288 3.33110790832136 0.35846096035858 0.24467529721752
  4289 3.50196293046062 0.12433997438414 0.47424466369831
  4290 6.30630113735575 4.59689206034009 5.07978400351985
  4291 6.40459084002235 4.75183159839720 4.94573719491752
  4294 0.80480490219585 1.13497599321514 3.41130774985057
  4296 0.68227186655681 1.59402958800807 3.73801255585672
  4297 6.82337328607122 5.92302231745338 5.55608818967187
  4298 6.67806446617664 6.11321273976278 4.94349489593241
  4302 6.22987462010833 6.01818451892741 0.47076522012477
  4308 5.15354320560867 1.43820823374106 0.59578283913881
  4310 5.39558144068070 5.36427055425653 6.96477861192105
  4311 5.44361431115214 5.74783666470791 6.87342374812446
  4315 2.13703679394758 6.32601266279207 1.98943179878782
  4319 2.33740847703202 4.33606592817859 2.04319851041847
  4320 2.42546643207209 4.49322298215490 1.72484872737260
  4326 1.15446728214714 2.41519508613462 3.21997734091741
  4330 4.92783445519707 1.34833598899450 2.42421498755718
  4332 5.34734976571789 0.41079305894747 1.14583654897573
  4337 4.84066990171733 1.89682166124865 5.17371320806101
  4339 4.67450079369345 5.96937848536637 1.70135368224375
  4343 2.99058812291707 5.13255958899192 6.22309640756893
  4344 2.04107712084937 4.72844157609704 2.84578957004852
  4345 2.10549109023251 4.52938958465721 3.13615418362597
  4347 5.45910308667913 6.30598332252879 2.44881185325768
  4349 1.53175268592986 3.59395830918423 3.35819303398057
  4354 3.83621278425381 6.42138083074928 4.86696673665127
  4355 4.12165390752053 6.12917945161434 4.73181032261828
  4359 0.26821629530021 0.94690257326650 0.86662131119735
  4360 0.66837533768529 1.22616433944133 0.50618249307839
  4365 5.24240780324584 4.54287356603358 2.39054720024492
  4369 4.06187653071469 4.13996425618215 2.55574643615585
  4370 3.66653892538693 4.19737745902212 2.76400708635353
  4373 0.45531354883420 3.49546714992066 0.50246927392138
  4374 0.50621451099014 2.78043814659993 0.32032369562523
  4378 2.98106664631923 6.86814953806072 2.07426564656211
  4379 2.45542109745696 4.20522282699105 4.21538661401063
  4382 0.80484479127802 3.30110267440083 3.31781450321542
  4384 0.30294069878567 5.05088693615108 5.06179553409601
  4385 0.23304942600386 4.58879138021794 4.98411095138752
  4386 1.57032789806463 4.52554203361161 4.74719382919166
  4387 1.52141892385128 5.02065450249932 4.80130932767725
  4389 1.87375444333813 3.18690553520092 1.56885585426705
  4390 1.62978068554992 2.74103885724868 1.67927040381717
  4391 4.73956325022705 6.10434377896201 1.63609457942277
  4392 5.00571608213576 6.04695199558955 1.35464743552261
  4393 5.73196589437034 2.01271011017918 2.34768441628638
  4394 5.55588246378300 2.11694340347459 2.58124811395384
  4398 6.37068942010609 4.33415409515207 3.90824077207361
  4399 6.20824154638676 4.39891461264220 3.43598151284807
  4406 3.55115912583074 0.42676646346648 1.16500892111566
  4409 4.14193483910407 5.76825335465969 0.48386190488996
  4410 4.18312096442485 5.74584825051971 6.98227911048517
  4411 5.16365560755428 0.51199450360976 0.59244380005362
  4412 5.20602959605724 0.22381789315671 0.92380542464236
  4413 1.40532796248463 0.38270635606927 0.76463792740390
  4414 1.70138082228140 0.10670350801618 1.02990261767702
  4416 3.62298754611568 2.17048319409980 0.36907085752633
  4418 6.83249613971078 3.88761978566807 2.25118876604680
  4420 5.94843514830692 2.45439138729412 1.70183789848218
  4421 1.87581380350551 3.38966834244132 3.64772369675493
  4422 1.81319393963731 3.55772989248248 3.99552153428203
  4426 6.29719523195864 4.15566841926265 0.39863542671393
  4427 6.46724887795235 3.87085685870403 0.21735875977472
  4429 1.30760252000818 2.25889890472877 1.07162377723721
  4431 1.62192336345359 2.64377925461451 1.98404184205496
  4436 5.15210739608551 3.08214016153665 1.48414790533317
  4437 5.38347056394630 3.00904000390953 1.75983920531069
  4438 2.72107635162615 3.66460271546260 3.74174210224926
  4439 2.39326363509515 3.80505748364404 4.16417476204586
  4442 4.20793331397678 4.55068280812862 5.92773599569409
  4443 4.09961826030681 4.39636801440366 5.68410435112595
  4446 2.63895211061811 3.52028737537756 0.41792869358892
  4447 2.45967390500916 4.96184470917567 0.35499279890931
  4450 2.98535793671520 3.72905372538871 6.09242203786458
  4451 2.94492023337316 4.15584271002677 6.29521763845275
  4452 1.64368696767354 1.54421721268278 2.85221465927225
  4453 1.87183482125580 1.26521922084775 3.30643364259209
  4454 4.06056596607171 0.68807372966344 1.81021768746463
  4455 4.09362975083848 0.34525393618601 1.81733623212368
  4456 4.83501550058361 3.69965836086002 1.75508571369795
  4457 4.90171596988546 4.00214181985641 1.68511255457452
  4458 5.29128907549628 6.46851755655052 2.06165367572645
  4459 5.10587572170614 6.97283831656229 2.11634439144582
  4460 4.80804041565169 5.70797527203757 1.55334005554295
  4461 5.02417579047854 5.94520351909608 1.32972503718622
  4463 5.33101179053674 3.35553972416137 0.18380005317656
  4465 2.67907250900120 5.94449471592272 4.12691416449514
  4471 1.35065259519145 0.16087053554336 0.32435814682826
  4472 1.51225315763070 0.50812193194194 0.02314059246167
  4473 1.36426248082715 0.59477223406604 6.29577912273810
  4474 1.16073226970863 0.42835959027079 6.14138063233497
  4475 1.60602680615124 5.92253603878173 6.40118093732256
  4476 1.51221876982740 6.25484175672266 6.45928405559467
  4477 5.92729795666701 1.22782665600429 2.13119370335448
  4480 1.21720845623181 1.11499638654810 2.89958638943206
  4481 1.45490241722280 1.49717743546634 2.74032038750568
  4482 2.26090794771510 2.93585285598982 6.03397328776530
  4483 2.54020809909225 2.44216005429890 6.17695793661467
  4484 0.61890091822941 4.42144826341184 5.73318335168029
  4485 0.55219536376131 4.32379361246663 5.63395183339543
  4486 3.50077029053409 3.72554668715466 0.04004915997538
  4488 3.38655360568323 3.77316601504562 0.24256129925584
  4491 3.29188092460547 4.11013419827789 6.91999665754955
  4492 3.20376899504065 4.11012142192208 0.11881821874975
  4495 4.41431187892585 2.10091741747595 3.01319490090924
  4497 4.56728608333815 2.09003431850843 2.66512425250999
  4498 3.32820525847517 5.76025095553404 0.00514755692303
  4499 3.66050972952639 5.77543756051935 6.69263390843677
  4503 5.93984947853924 3.37879741869339 1.87971796994007
  4505 2.02246546527550 0.26711769479525 1.65005876849821
  4509 0.84217419601559 0.03132777404722 0.15078435728244
  4510 0.90987936615732 0.51499075497103 6.69225650401568
  4511 1.65615706916960 5.50905865774528 4.23622633068414
  4512 1.52675366311458 5.48186807623530 3.79794999425818
  4517 6.80464191781708 2.94778979344996 5.08366867565017
  4519 1.13550888026494 0.99447094170976 3.51416585289766
  4522 0.16597931026969 2.99819012753178 4.90254354217653
  4524 6.83360333398344 3.23353178950609 5.11623565881646
  4525 6.75283331100263 3.32542206008621 5.54561238836590
  4526 0.59293086483140 2.74349421309270 5.03369867007325
  4531 2.67730461908497 5.95578931797165 4.98841839335176
  4532 2.49569223990846 5.82158256427686 4.37292737264222
  4538 2.96761388960913 2.60024127103361 4.11010317183801
  4541 2.73164936996142 5.34329494060965 6.76032265432992
  4542 2.78316432885994 5.19393403980852 6.27528830047766
  4546 3.51133940068689 6.41727184642020 5.35482488857505
  4548 3.41801233109901 6.83819584599450 5.64478431789352
  4550 3.50694433885250 6.59743891700317 3.43986954208554
  4553 4.44611844738385 2.46859346360257 2.15389454590904
  4566 4.15292076481349 3.34805875027367 1.86168826549655
  4567 4.30156331551218 3.62791921234530 2.06320613814542
  4569 4.90248013333483 1.84388589219253 5.74393778761875
  4572 2.27258788599146 1.22747570675209 4.87821394186826
  4575 0.80739225491726 5.83394073197300 3.59219189770769
  4577 6.27622844504775 0.03215766237483 5.77068930625825
  4579 0.22853290457610 1.61759284533864 4.00213422429718
  4580 0.26068289200625 1.84728689136777 3.77167785052156
  4581 3.19577390575562 2.98578986131769 6.58560423912079
  4582 3.34484075259022 3.19357758118172 6.49090096078523
  4593 4.20062586835727 6.93978006194985 4.05300917543865
  4594 3.06930934967660 5.30618769101882 6.84709184488927
  4595 3.24854511920120 5.15651337189114 6.51747651807493
  4596 5.36975398798930 3.40182784536793 6.74078015492108
  4599 2.99172597548330 0.91872431251635 4.03585080345683
  4600 2.51867685364406 3.18502625750073 1.42529778641260
  4607 2.48268986264343 3.58569716339924 6.02798437458473
  4608 2.37657923733292 3.74096865027413 6.08511706413342
  4612 6.18775220170422 1.21994429713127 1.39253311216905
  4613 6.44903768563443 1.45486721792375 1.24181595724328
  4614 3.06398284966475 2.80986577761973 4.42559771524000
  4615 2.90118747833697 2.89595540201729 4.63935649075663
  4617 1.57745975605732 5.02731743193772 1.35804079026124
  4618 1.69107338326861 3.78596407456083 3.08074245640915
  4619 1.56922896680970 3.61611100837798 2.66995470466187
  4627 2.71261158689221 6.04042012266155 0.26471727248778
  4629 3.21385911766411 6.03859769065795 0.34116722017501
  4630 2.36275076579717 6.91336414915712 5.24097602586619
  4631 2.20769215309897 6.59977920576199 5.38235389411184
  4633 4.63121112051184 0.12705094380844 4.47289301135957
  4634 4.27687390877361 6.86334432238997 4.33383096641009
  4637 4.63009176543701 0.67609070419746 2.75808984446317
  4638 4.51087039804879 2.82180474705543 2.81004402904766
  4639 4.63991943853087 2.45213656011326 2.49724093062030
  4641 2.53481940293496 2.43305862799515 4.01567309429084
  4642 5.71742186335656 2.62123457424720 5.81693371862816
  4644 5.57913250433262 2.03551140535966 5.88003237292002
  4646 1.88708187184389 0.30724330840672 6.78267707854145
  4647 2.42732159477703 0.39311827302545 3.83653116398467
  4648 2.72945334180706 0.58556974032061 3.46503033788055
  4649 3.73291324284343 4.55388566442906 6.73802034143239
  4650 4.15048400021079 4.18906269454754 6.65013582123215
  4651 1.20121506115961 2.68278036123842 2.22190301523575
  4654 0.45153800687499 2.65323686517455 0.12161772783451
  4660 0.85813101191682 2.06776377189409 2.76190386573991
  4661 0.86125092213283 2.18495904112507 2.37023854915631
  4663 2.35134803218133 4.08030980405585 0.87148683801605
  4664 2.37319121054489 4.72705063445857 3.66615799466431
  4665 2.06222137990920 4.69827302951060 3.41793913136632
  4666 5.66588410029928 4.22920524703636 3.85928005011869
  4667 6.03988780995645 4.24559674360540 4.12768150302368
  4668 6.09981515103171 3.76598995306343 4.85982932906390
  4670 3.70474989793312 5.70880533589302 1.66136125758651
  4671 3.84851870116693 5.88811095726751 1.71081719794175
  4672 4.02968904052516 0.20177479451823 1.56488749768628
  4673 3.89829543957437 0.47658013003818 1.29580840247160
  4674 1.91719951007689 5.08976605753781 3.32518262829107
  4677 0.99791264807462 1.58031010526610 4.60303749781938
  4679 2.10657698403428 3.36483149213555 0.86220573434086
  4680 2.44561575731761 3.58348828898674 0.82520382091603
  4683 6.28782090674866 1.09469561797126 1.78805968460862
  4684 6.66500736336943 1.28365656308234 1.94545127607707
  4687 0.45003743921552 1.87163807240425 1.60443351217552
  4689 5.51263226646331 0.80042690024815 0.40683999758913
  4690 5.21010392221689 2.54849682781857 1.97627747662644
  4691 5.60279613789272 2.18171390204825 1.90946652006374
  4692 2.81470069116011 4.27871419779373 3.84999264423271
  4693 2.85931998585206 3.85675049394565 3.63912524257248
  4701 2.37337343034889 1.21747232910172 6.06173170851348
  4703 6.74812739978815 3.57573871391920 4.04430249386949
  4704 6.83295933248051 3.78498269356432 3.88020834318268
  4710 6.60360050489561 5.73462433551348 0.35695133173060
  4712 2.57816266616584 0.24215489016485 6.99440605352133
  4713 2.33139075182419 0.51988085853434 6.85804937515293
  4716 2.18756918719630 0.45062640418672 3.78399111854850
  4722 2.17402252885196 4.92173792215661 4.64923765590681
  4723 2.15648629878714 4.58697120945060 4.61479238217902
  4727 0.01539780903184 0.20599012169055 1.39917216655568
  4728 0.30997977306413 0.43868820146352 1.12755642917393
  4733 5.85870007254563 3.86070102083957 6.22692428703444
  4734 5.97760870008923 3.78136925203278 6.23676175131400
  4736 2.12120607436440 3.46681698772282 6.62656567828884
  4737 2.11689685250170 3.68196434372144 6.55780276840544
  4738 2.04227543807611 3.09484061835521 0.41910915601299
  4739 2.41139286252630 3.24751227597113 0.17989796261019
  4740 1.79452124495631 0.02354220342544 3.49714344325868
  4746 3.67742999426061 3.16763547576271 2.94326893282071
  4748 4.07385761069896 2.94861841297054 2.19898651807483
  4749 4.17184932594743 3.11611828954480 2.62444937460683
  4754 0.12375147105197 2.86066372876540 2.77737920985441
  4755 0.22389449189850 3.02607197031443 3.10515203625864
  4758 2.17102953344410 3.08394856858008 1.32862256366023
  4759 2.13848864690473 2.65884858223013 1.30631710420227
  4762 3.37693272282204 2.98250098496046 2.70284513551325
  4763 3.27672428768595 2.69908500599197 3.10077329549139
  4764 6.91631985431077 5.75664575125874 3.81258061379112
  4765 6.71071414679709 6.33766840186126 3.75297625668845
  4767 3.41380807815246 6.10215432358373 5.80192598910375
  4768 3.32350159246884 6.47089044062939 6.06430057969306
  4769 6.15973462444662 3.60960825572447 4.67100036365560
  4770 6.56403262680546 3.58595035347091 4.89826011829129
  4773 5.33584369297009 4.50351740668968 3.98593805933753
  4778 5.36602552064346 5.52400681749439 2.69914699266211
  4779 2.44055786513852 5.17945109798927 6.97381052122060
  4780 2.24784551614393 4.86978203306167 6.76183860532042
  4781 1.82048744274006 2.90779910761703 2.38539063854409
  4785 0.03323955927901 2.82875124206180 6.54534034087583
  4786 0.03472173816363 2.69132157784777 6.39652063088864
  4789 2.27272251425734 6.69048592973142 5.78867071850177
  4791 3.83712339000180 5.82817993447892 4.58990823069304
  4792 3.48056522383460 6.24630532583280 4.79678927183481
  4794 4.75740545756554 4.38255047220566 2.96425344800993
  4796 3.49441967504207 3.24284706768828 6.80113758026121
  4797 3.38368689939629 3.06976788137987 6.89442833416066
  4801 0.27928616116212 6.91231708254820 5.41713383639411
  4805 5.83940559266389 0.21369153004813 5.18109890233587
  4811 4.54041898176041 4.24241301390952 3.89088768720880
  4813 0.33138255948463 2.44060994993173 1.47903638547193
  4814 0.31557811592156 2.09807215966659 1.72370969318699
  4815 0.65168483815679 4.92671026351563 5.63864231267290
  4816 0.50987863861733 5.14008856262147 5.35907286269399
  4818 0.34266604304860 0.74729897796542 1.90055702327780
  4819 6.99630033607784 0.25674308416317 1.64244033481772
  4820 5.20904813669160 4.61927077017976 4.58176215595910
  4821 5.44767654593215 4.72588214785823 4.34036301548557
  4822 5.73121956570153 2.97445144901400 1.62843406363909
  4823 5.81022921557911 2.97517352352271 1.23844601277911
  4825 3.14483986408415 6.31508704663376 4.91002162514209
  4828 5.32983623678173 0.47297424572939 5.56164339263821
  4830 2.02535196667902 5.28118676379661 3.42870089848192
  4834 0.11217298307098 6.15901217939729 2.17038394004512
  4835 0.53680454771702 5.93212776861265 2.03887713960986
  4836 1.14914485284103 1.19667383849881 4.78942383144430
  4837 1.39946732841459 0.94914805317022 4.48868113715722
  4840 5.39759902801687 6.76356948374395 2.82423656846480
  4841 0.63727365117398 0.53515679275161 2.34011702001725
  4842 0.60056548854722 0.05770165580879 2.43949887968702
  4843 0.53964343058045 5.21585678194244 4.74527654484706
  4848 2.77786484587766 5.95079306952414 6.95967669396603
  4849 3.20867337043462 5.94880580196072 0.02649853359054
  4850 3.18253267712341 6.68541437959247 1.18739511555050
  4853 6.37911707472621 6.20998413806249 3.47745071174028
  4856 6.02524269431027 6.14709205141268 0.21825154249581
  4858 5.00872671101617 0.96724224765331 3.17789793925345
  4859 4.95348921833244 0.87762492069710 2.76854389738738
  4860 5.87251366254687 0.73674457539062 3.01653514261912
  4862 5.48170357902481 0.88630303494331 3.38665062154862
  4863 2.84480227696940 4.04098453758062 2.78287088445670
  4864 2.66240445260757 4.03005846547393 3.11986025886823
  4868 3.55267657909928 5.71342123091553 3.25974019413875
  4869 3.68039378804151 5.85268292436590 3.63985304807910
  4873 2.32737377600021 0.75995913665288 3.17063241339905
  4874 2.30785911850775 0.44318524116733 2.70717665255145
  4876 0.22933021323129 3.14890000761674 2.40013132167473
  4882 0.33419010528659 0.50632239540578 4.25361781078625
  4886 0.20466496803140 3.91212628768002 3.99936738465778
  4888 2.06444275295383 0.70063534031617 3.34887666475312
  4890 4.93505840006387 5.56635078563730 2.50993470972089
  4891 0.55148261077886 2.31070176820103 1.12598527351871
  4892 0.62790996221907 2.01532482135245 1.16856056823773
  4893 2.15201875416257 1.79235544809560 5.92484516160525
  4894 2.08416807141721 1.48737752232105 6.14151127469488
  4895 4.60391148233190 0.69932774659238 3.27769657314414
  4896 4.48568676369646 0.60952636038550 3.02409454324150
  4898 0.25935156824550 4.48723738125144 6.23190141346444
  4903 0.38810516044019 5.28031874094054 5.58644034475557
  4904 0.50327359454663 5.10051027983623 5.81521739715600
  4905 0.93486511810431 3.87409100007902 0.38200384314449
  4906 1.41330082744699 3.75554356142551 0.39537757154567
  4909 4.65317300225316 5.23574419320413 6.05015401002944
  4910 0.70233004093957 2.55596105334786 4.73410627587327
  4912 4.89629901816514 6.13550087125874 4.91297476079535
  4915 2.60842206314505 4.33543888988356 3.12360294897585
  4916 2.79238752746319 4.37333323926770 2.79011946744266
  4917 1.55850955397665 5.83882829497504 1.48490943958600
  4919 1.72124667237700 5.56441350011556 1.88862722976822
  4920 5.78443556011616 0.01155741786956 5.07562936509960
  4922 2.52431878524233 5.45695679642320 4.27646326333985
  4925 1.33128581321726 2.63602233098425 6.01913159052452
  4926 1.08687258128166 2.87312040929885 5.89106005639504
  4928 0.10238776084265 6.20526630122290 6.21544383583611
  4930 5.42489948930393 6.33029735928805 6.08481319064443
  4933 4.36269131222606 5.64858992162999 5.58013254864101
  4934 4.74152171596354 5.49251861168486 5.84006973205479
  4938 6.06482939278188 3.92881147410850 6.25457467390229
  4939 5.92779049273352 3.99010066284088 6.24382806903845
  4940 6.71224596263268 2.76765172604754 2.88755750469268
  4941 6.84759222711929 2.96187712494339 3.25790889256581
  4943 3.09065010801876 5.76163601582627 5.23334081942184
  4945 3.27045664570113 6.89940683566182 1.38637795754800
  4946 3.59583812237453 6.79115562095329 1.64359969579272
  4947 0.16554164075240 4.77931625069841 6.24119646505940
  4948 6.76364093835312 4.79869163789588 6.18405476533566
  4951 0.50397564047020 4.92481424783536 4.09079584452328
  4953 5.50709247366362 1.19673538323736 3.51088039325027
  4955 6.89080385080159 5.72918711204124 4.57325902130120
  4956 6.92132825417413 5.56407322444699 4.08552040552522
  4957 6.10230977902844 6.05877461385950 6.77612400645872
  4958 6.20658329163788 6.51679984692222 6.60224250554434
  4962 3.37733011137709 4.68298879889823 0.36322983378576
  4965 0.35206457238552 5.55723763165545 4.50184636577580
  4966 0.30177374599702 5.46242018643896 4.14167807585648
  4968 6.07452274965499 1.46006481963158 2.41498926760794
  4976 4.75145280795359 0.24432503777960 3.62144094835098
  4977 5.77476856886460 6.88187200041359 3.37642843861729
  4978 5.81027007422134 6.88766635065350 2.98671689812527
  4979 3.81238413788387 6.25169520616478 1.44282751054342
  4980 3.55890948655573 6.16622632020731 1.19102886127656
  4989 4.75915414997563 4.66413764327860 3.41199258551986
  4990 4.45063444915166 4.99275678218251 3.38469432338128
  4999 5.01005209151365 6.02125571442459 6.32874692601308
  5000 5.38754217704777 6.04212499832445 6.17702516239640
  5005 2.43110345072422 0.46945006820811 4.12738620188294
  5006 2.31506892916772 1.17058123246119 4.51734117757692
  5007 2.69351521375561 0.73733927914419 4.29769186221409
  5008 1.35209260087556 5.86631084451597 3.76701346259447
  5009 1.52214743187047 6.14433439454981 3.47022002472033
  5010 3.66804506422867 4.64060312691889 3.81763705104841
  5011 3.74875709879530 4.28975503217166 3.95860860779395
  5018 0.64575897246220 6.33266787187093 4.76441142024760
  5019 0.08609541826756 6.44839506235457 4.94518814785940
  5021 2.37489939232834 5.16419401025189 3.72018613829691
  5022 2.27363626302019 5.29109849603191 4.20882543926770
  5023 0.76862920255639 3.57990528365160 5.25225922687520
  5029 1.21496359956230 1.02597555561066 5.75634677623380
  5041 1.06954599583909 4.79566127480360 4.34698378399232
  5042 0.63237011282217 4.84988836358215 4.41773089242500
  5046 0.87434683001208 5.19742141464435 3.15940800356556
  5047 0.56090823130837 4.73901511671684 3.02689775233181
  5048 6.08339605099171 6.64308909907066 0.32046192734792
  5049 6.17656059879727 6.79676992486519 0.12839941676830
  5055 2.92642820000860 4.65109395427449 0.61127714856296
  5056 3.28542071486729 4.52529402382591 0.44797980052684
  5058 5.35712899168611 2.41809418435684 6.72146210031599
  5059 0.35116664735380 6.53536360586272 5.30477413304422
  5060 0.73890911871552 6.45083926896164 5.11823323695981
  5065 2.71659008616957 2.28058722926317 1.18196116142688
  5066 3.04923521359382 2.66825333474203 1.22178197829743
  5067 1.39629446801414 6.04422899510554 4.16872258547437
  5070 4.72627393456225 0.32065742483908 4.26150770547634
  5071 4.51665049586780 0.29593507924304 3.95065416239188
  5075 0.94277717096400 6.64889286622285 1.62135258110633
  5077 3.18079302839571 4.95515327202847 0.40784429231515
  5078 2.90478352433163 4.85184907822118 0.57843123301880
  5084 4.42918976602453 6.00969769330868 5.07208436139787
  5085 4.44658758540512 5.65530598938177 5.16538537817106
  5088 1.06034752552070 6.31848245708735 1.38615258070328
  5089 1.52228393162546 6.49122493893349 1.33200017278176
  5091 0.00261448608052 6.95461052621716 4.31030030316963
  5093 1.56344615635633 5.85286151021926 4.37545480618304
  5094 1.92138434917146 6.11071075747243 4.47841636058707
  5105 3.65629355497528 3.04388148113943 3.20348501947714
  5106 3.38191227208567 2.75546192153317 3.25907156574871
  5107 1.13081650468800 3.26901192175419 5.21598036023041
  5108 1.38871301465013 3.53699475404593 4.89374244380427
  5112 2.43359774093591 2.52946941807746 1.43071676122995
  5113 2.69460595666623 2.85176351258808 1.49535581241641
  5124 0.14084127633671 1.40746865026018 5.77270550525306
  5125 0.40990845128659 1.34674626030438 6.03906400196424
  5131 0.99990780374038 3.23820010924917 0.81638301181771
  5136 6.77638701469016 6.18386846568771 6.17607923660195
  5137 6.62880225503876 6.52143245441924 6.25038349884750
  5138 0.94682415984801 2.78039140685996 0.66898189901533
  5139 0.94599795153104 2.56104559484757 1.05772697860416
  5142 2.97118308365989 0.47595203059144 4.62674798368627
  5143 0.13946215113823 1.20555663560601 5.73256262482412
  5144 0.39914077382285 1.12610414479103 5.97963721396106
  5148 3.35729824342730 5.22169141056017 5.02485389431067
  5149 3.44045264059375 5.08555766071854 5.23069506658945
  5150 4.36893428894860 6.06706080247140 3.72373483199633
  5151 4.42630885202752 5.98978829387452 3.88204124729363
  5153 5.18661457897445 4.38480952412965 2.83169476839942
  5154 5.31931445009166 4.02552231010156 2.82086401531940
  5155 3.99019510906533 5.32302774486121 5.72290914288462
  5156 4.15989600607081 5.09604497283736 5.99721454336269
  5157 4.14496286696434 4.44819220146072 4.10350233082592
  5158 4.03852733347925 4.80411053505460 3.94226723341849
  5162 5.97375694209658 1.40996493819719 5.53249302581907
  5163 6.22636022825394 1.38059321769951 5.78550843312290
  5168 5.36814823411147 2.68907049646166 6.44357547416057
  5169 5.15141790192021 2.88575295006372 6.57443662326836
  5170 4.92328664380177 0.15653147912048 5.42839497073107
  5173 6.06303930184357 1.40270900085116 5.93853136592468
  5174 5.83337963231417 1.42567039687952 5.72574079981874
  5175 1.24599721194807 1.22360491365161 5.87079117798858
  5176 1.43425016479710 1.15016281435369 6.07189032715578
  5182 3.13733884999839 5.77868760661035 5.69153993957632
  5183 3.30280001221196 5.47701431855419 5.81283239374804
  5184 1.33490690412380 0.86939804835035 5.82575483180494
  5185 1.45804442004820 0.91519193704426 6.01304648961900
  5186 0.00225557587689 0.33788877413954 4.37384898149286
  5187 6.99455514125525 0.43706534257422 4.89828179637901
  5190 1.70127378760137 1.33830534728969 3.88599918066527
  5191 6.86047261167034 4.09637209330630 6.12747058616115
  5192 6.62231834941614 4.19235519893662 6.11251821494951
  5193 3.57620277442560 0.70918057064612 4.85526988174202
  5194 3.36351981207111 0.53778154584161 4.51699752750886
  5195 1.35799587808211 1.81405816416714 4.00667930798407
  5196 1.76068349834020 1.53360901747576 3.87194402963862
  5204 1.25041446278710 6.11652435304557 2.64898651387074
  5207 6.78985676175421 2.71850874949286 5.82639839615738
  5208 6.89000964331492 2.53377412405633 5.53173365157326
  5213 6.78518150480339 4.87006056682241 1.99922457302069
  5220 2.09916200593175 2.72051899187004 2.50082115551056
  5222 2.16405244141353 2.38044123282144 2.98321388363443
  5223 2.11208249778630 2.37722810653103 2.21213362708043
  5224 2.15614697483923 2.05073334868751 2.50813644427522
  5225 0.18149120258213 6.44749528310358 6.29158376674566
  5226 6.90395310704626 6.67665262029194 6.32206918476734
  5232 6.89717355338530 6.65554895517023 4.84456814606784
  5233 6.91309867320385 0.03915817520904 5.15114506283758
  5237 6.70281457008203 2.74488271881018 5.36006264786927
  5238 6.63197059607115 2.90693329590598 5.63637990861916
  5242 1.99002548989127 5.69285364514535 2.03922680414413
  5246 3.15944673594400 1.59608407387195 4.11170762073987
  5249 6.71859748707065 3.08508840279698 0.96023617068239
  5250 1.90378647703046 6.26489010890078 4.38960345324365
  5251 1.54507909124823 6.28143860216966 4.14889386786781
  5252 1.55366522986336 1.06370926474614 2.07397252493781
  5254 1.56043328513231 1.50149744276172 2.53079427187651
  5255 2.45819826868174 1.80357179558402 3.65348846631000
  5256 2.86406325561632 1.51125582483532 3.53359163579079
  5260 3.71828071041570 2.05491004520832 2.23456704781682
  5263 4.88193260980103 5.14043787561313 4.75193941909076
  5266 1.21130398397770 1.62683886364681 4.05092270268155
  5267 1.41749329350725 1.30306954452741 3.96782086872981
  5268 1.11175352935035 5.78098158668266 2.51376504422750
  5269 0.71343579663823 5.72528676028487 2.87827350832911
  5275 5.26370871091340 5.65159692691183 4.78266821365945
  5276 5.09570569521251 5.28773791818385 4.52430899149925
  5277 5.18235744394674 6.83179588767405 5.13967765144543
  5278 5.12104496204421 6.54706549316944 5.29638223175134
  5280 3.38063302770460 6.14375320516210 3.03368935839590
  5281 2.44266574162233 5.48291721459441 1.96905635247285
  5283 5.91793938518825 1.16911286856936 5.18045950348903
  5284 6.27417811055825 0.75590209133347 5.01463400150111
  5286 4.78520700660867 6.65846292864815 5.62469244326998
  5287 4.73244624401639 6.94447031703325 5.65378183017810
  5288 4.06892320198717 1.82279188746477 2.49916044008887
  5289 4.32239821842766 1.90135199581386 2.39404781323351
  5297 3.22487443772338 2.34883147504299 4.20042068547076
  5298 3.04038945895436 1.74038902252864 4.24681669612256
  5301 5.70411010591537 2.20320812633407 3.24209115553111
  5303 6.59023446665278 2.44659904385691 2.88188110185582
  5305 4.21852444350242 5.73085339703838 3.81504059768005
  5306 4.17749633054729 5.78883974727555 3.69152076211809
  5307 4.04319191901414 4.98680096191384 1.68236623147077
  5308 4.39005768955786 4.88920046999096 1.81881580113261
  5310 0.21510628156216 2.45350761820065 3.93640532788769
  5313 1.32214592911388 1.31046950608166 1.71513931882171
  5315 0.66614027135167 2.65735852932138 3.76329583740997
  5316 0.73217568895038 2.85279886532009 4.09384756019092
  5317 4.80992814333600 2.28695585271017 3.71959672125520
  5319 4.97357253163012 5.43116527115619 5.03983654617823
  5320 5.21327427064630 5.67122065842553 4.90938016460037
  5321 5.88151684211173 0.50623404391221 4.96835395687213
  5322 5.59040991784489 0.86646318726286 5.11355782584604
  5327 6.21902297768248 0.73183014943964 6.32511273850699
  5329 4.26865740257542 2.16893110021002 2.08451478254718
  5330 3.88498342259039 2.23866118597858 2.03127802846620
  5336 6.49315798191310 1.94284607729723 4.68348994383418
  5338 6.83125222403143 1.69998173857108 4.61526756353095
  5339 2.97579788621449 1.50597228392596 4.02457246957113
  5341 6.18893504466446 3.63064832634675 1.41161209976882
  5342 6.12481657749587 3.32982586644080 1.07833205817155
  5355 1.44113512772757 2.92661388959896 2.60158525345729
  5356 1.37258796071569 2.74430754479505 3.12214507343504
  5366 0.46787206487634 0.86519616005281 1.70598900275651
  5367 0.46357005534456 0.69802281068975 1.23076148621106
  5368 6.25716092527629 1.67010075417381 4.57187598891676
  5369 6.49036501984710 1.42303182599937 4.50039574067990
  5370 0.89179563571461 0.82574158186902 1.66147938357333
  5371 0.82656498656130 0.66560418221415 1.25508745658466
  5373 3.58143627011976 2.61348434657608 0.51547225885685
  5374 3.22245031075374 2.76102353332139 0.65159526122086
  5375 4.36240360148911 4.57351490187060 1.72713811662065
  5376 4.04762430376854 4.61126310207209 1.59981063229214
  5378 1.31222963485434 5.20137226925891 3.67403728344362
  5379 1.09099804377879 4.83134494857654 3.92797540374449
  5380 3.05136219252122 3.04859413697147 2.21739346981590
  5381 3.06946146586202 3.09740898547685 2.13381399277234
  5385 2.48085927130699 4.16340859682291 6.82855046668818
  5388 5.54484407066016 0.58533298748453 3.66521961189973
  5391 0.47246816561562 4.61611913918001 3.15972909092495
  5392 0.57695289160806 4.60821976251394 3.59207285723920
  5394 6.34007847777218 5.95764705912365 2.96288394118327
  5399 2.58155347407447 6.25730499173490 6.07755956593809
  5406 3.25277220318221 2.86839820508413 0.88481398245525
  5412 0.93423047358294 5.24709420000037 3.54035996929832
  5413 0.78924379545561 4.88746317545677 3.81065540602321
  5414 2.36260062260624 5.92794418970686 6.35523728952188
  5415 2.42401292266034 6.17408276121209 6.35535434540052
  5416 1.65589448722097 1.88867035996944 5.51837094486155
  5417 1.37775252761540 1.68257505991622 5.50201275077768
  5421 5.05939695371988 0.24691672013696 4.18435831709477
  5422 5.10115795476413 0.20695617633198 3.77037902415503
  5431 6.81708209492635 5.44750857952489 2.97793657989156
  5432 6.61802586667757 5.73424923003902 2.74784236441795
  5435 5.10410847268248 1.07671936202909 0.79693655531731
  5437 5.30642473311157 0.78266993004584 0.69916974825313
  5438 1.24813219543400 3.26440621771544 3.12360301482888
  5439 1.30576795009791 3.32955644988624 2.72641931638004
  5440 5.21070414003025 1.06878252575518 1.07326971609417
  5441 5.41108889932469 0.77246398573616 0.95328814458077
  5442 1.70677212939114 1.86309801495531 5.24108402111976
  5443 1.42293105631980 1.65009351863549 5.23564780400670
  5444 0.80973030784900 6.10057517775066 3.17603702349590
  5445 1.06226022480885 6.24733584143144 3.09668628186871
  5446 2.55281347009390 4.37636626382989 0.43464210705443
  5447 2.69825579592633 4.09733909500415 0.16563891757090
  5450 6.90323555878259 0.37544690929167 0.08588799379221
  5451 0.70916935144836 4.24877043617961 3.43009422687135
  5452 0.56202582786228 4.39998184003273 3.09049706844300
  5453 5.24253124500570 2.41807409587876 4.20091241371243
  5454 5.68721233161300 2.48139195604337 3.96515340614688
  5457 6.54163456593166 0.17550836143410 5.76607109524638
  5458 6.97244699339774 0.01686044144517 6.07527327487211
  5459 6.02141089781179 1.48566230165364 3.93501786065469
  5464 5.46570778672239 2.53956228033198 3.60079377760360
  5465 5.03848330880224 2.50341599392888 3.78893620810134
  5469 6.44294052235077 0.81249781620770 6.82712487516674
  5470 6.91280331733553 0.67297974403874 6.72499281261344
  5471 6.43714995857079 1.24975749229656 4.13856131220557
  5472 6.73894741294063 1.27824290949144 3.84541113295222
  5476 4.81456299939161 4.15279475822708 4.14997527760023
  5477 4.77801700483025 4.18294742225517 4.30476098549277
  5485 1.51077328924482 0.37440016844474 3.11063210140794
  5491 4.65148755877653 2.27986537503443 1.14462600217382
  5496 5.77384735056547 4.55155059467910 2.06058265007582
  5497 6.31779843018421 0.58919440663317 0.14707761395985
  5498 6.53715107794753 0.40889197426501 0.29256440405629
  5506 1.72243401525432 4.91647942573018 1.26236941068515
  5507 2.63113140907838 5.85805369288455 5.84078785574209
  5508 2.51076828239690 5.70337345882920 5.98753531492436
  5519 6.59300011295800 0.63753478392204 6.03067029281751
  5520 6.96316430859760 0.55848250613036 6.30590164309336
  5526 4.54179573553346 1.80540407511483 0.39791070625502
  5527 4.87338998813838 2.17297479513316 0.87164816939385
  5530 5.23928449155845 2.86184580498043 2.58722262043992
  5536 2.13258114612720 6.15604104755028 1.03057761724344
  5537 1.80476211889163 6.12783783543606 1.42469403713547
  5545 6.30163695469758 4.55078375144750 2.26202736788543
  5546 1.69136502425021 4.63042009946339 0.52089977644830
  5547 1.83733041351449 5.08211572292998 0.79225192899427
  5553 1.93884821565081 0.18252337592713 2.76361445473505
  5554 1.76756407011213 0.31681665014799 3.14891373610932
  5590 4.77422297699349 3.42067505997786 2.73974615048620
  5591 4.84467683559805 3.05186674549697 2.86403185373842
  5592 2.14026330972866 6.11443710121756 1.85495020702680
  5622 0.98582412982237 6.93342044962340 2.50618491036668
  5627 1.43245376391314 6.91278554710378 2.19972573684772
  5628 1.10788951517277 6.71988693215408 2.31097653043230
  5630 6.45090392221491 3.74485234559585 5.05614024018329
  5631 6.61793726291266 4.25505715798120 5.17391539870199
  5636 5.67015358040633 5.05338637128496 2.51404589019370
  5638 5.52202921664988 4.89354305586554 2.30154276540050
  5640 5.57881705360605 5.30855541827435 2.42047211592850
  5646 5.87048263634845 4.56757251368103 1.53264522018348
  5650 6.54512348607848 1.54595930637971 2.34008003097539
  5651 6.63803097038645 1.92803954826118 2.29351258024064
  5661 6.89686547109518 2.05822998066277 2.65371248215293
  5662 4.76635343075373 1.53823534625330 3.54765918919849
  5667 0.02188535917546 2.60685405568069 4.21672777806128
  5668 0.22327769152055 2.84586457028232 4.38110596682830
  5670 0.38804161646896 2.71059670543327 4.32355070244698
  5671 0.18137484016922 2.50276481044018 4.17968768347073
  5672 6.08182848345180 4.04334309624480 1.22719665405205
  5673 5.74911117490260 4.27929685985272 1.40975427697867
  5674 4.80743496993929 1.86554149955742 3.35065002875815
  5676 6.51623749414090 3.57225245819426 5.55945319253281
  5677 6.68475938368219 4.01374595493824 5.78030100034632
  5679 5.05930218994872 1.38116648050195 3.34650537353739
  5680 5.23975753199541 3.91091515887835 5.40939306399276
  5681 4.88932188061583 3.89762590339697 5.59547745018331
  5683 5.01291548256973 3.71901296289718 5.76304497702227
  5684 5.32351441309737 3.73207928857923 5.59215604769018
  5691 6.75357048237670 3.66282595870828 1.62708339402528
  5692 0.04639018157219 3.36099964806563 1.38256348054156
  5700 0.15199504204851 3.01508024529669 1.64975046329935
  5703 0.87112632387875 3.95390516352052 5.03314807132603
  5704 1.17323073048079 3.96504935982035 4.86636935324630
  5706 1.09878551836760 4.03040228904565 4.63334516151011
  5707 0.71331859806712 4.05877620690913 4.72195258231833
  5708 1.99376560953831 0.98377389581905 4.32634760674524
  5710 2.15908655607732 0.55562545513608 4.13127584475338
  5713 1.69139993051694 0.85540016656116 4.59076785094640
  5714 1.68618088156214 0.40288859368760 4.53538150933267
  5717 1.65280944153499 5.40218366084129 0.74696005809103
  5720 6.61680369489025 4.57997071462142 1.93998055331837
  5723 3.98456655010495 1.66577785478007 0.76181321659820
  5724 0.93369271458049 5.53741148508092 1.02655737420350
  5725 1.47105395535567 5.43940314771176 1.12543374914104
  5726 6.54304761382934 4.30733670312857 1.31982501073349
  5727 6.45389451994410 4.58403360447090 1.49823394704536
  5731 4.15644716951987 2.13050358871737 1.09355341250317
  5732 4.06000437708091 1.85072385477846 0.70537874462049
  5733 1.69334500896781 4.29329564592469 0.63599950238439
  5736 1.59514184933503 4.41056230839313 0.68444502336667
  5737 1.57422532250218 4.45570016703449 1.08076242522139
  5738 4.08438095383599 1.97047106474214 1.34031145486246
  5739 3.96524651028201 1.62686354490304 1.19388513100585
  5743 6.87771940648047 3.96057361298681 1.60129274645137
  5744 6.93113457861665 4.13227098502480 1.97350428987498
  5745 1.73975433834159 4.25246432529039 1.19099716663070
  5746 1.86359281143912 4.10636163380740 0.91181883670267
  5747 6.55661330770388 2.19196338454828 3.39638412327879
  5748 6.09036117632226 2.05136594064787 3.55448167023655
  5751 5.57792942447586 1.48129232416180 2.02944113155338
  5752 5.03762784220605 1.32071499828853 1.69629360584703
  5753 5.26535750037135 1.26319748922395 2.06435437926995
  5755 1.36076745750438 4.37980190404467 2.65777315086078
  5757 0.34573518492953 4.69996149934657 6.79455235394936
  5758 0.76302390955912 4.82949617932693 0.05184417586866
  5760 3.47416868252641 0.51101263027614 5.55883424814522
  5762 6.22761296724053 1.97569503707433 1.07557597850354
  5763 6.37463940341561 2.27875997548192 1.25879343421535
  5765 5.54531250195985 1.89415959553748 3.08858238154264
  5767 5.08036614232419 1.73730173252432 3.14568541269405
  5768 0.68654088223552 4.48153292674277 2.90608754370962
  5769 0.65399143938447 4.23914166879539 2.36476082829508
  5770 6.06461274170276 2.36625997239458 1.31939968806982
  5771 5.96502818433240 2.05094365924618 1.13106465836929
  5772 1.41220039297427 3.93702200841292 2.38444349172712
  5774 1.00148271092803 3.85577940669183 2.22416802307780
  5775 1.34583006921941 4.34155828094443 2.53172097901371
  5776 0.77912014044562 4.22321340961885 2.29464124487428
  5781 6.78075178359548 4.71880818270749 0.39700423877479
  5785 5.51332132552091 1.97138154422893 2.64037025234549
  5786 5.02498212639324 1.79387698603057 2.74542088516562
  5787 6.84724689399070 4.41091160279812 0.91932593620885
  5788 6.67280678838900 4.32251709679258 0.49465077713152
  5789 3.32717850500625 0.74800728412601 5.20589237082443
  5790 2.93448610573789 0.60497929723764 5.09081199530190
  5791 4.50706957510021 3.28545197895202 1.47695399867273
  5796 1.22518600900242 3.66566357952829 4.23624571430064
  5797 1.31515836274616 3.82531374625044 3.60722991299472
  5798 1.47137090658236 3.81892511210595 3.96498152240121
  5799 4.80985829877103 2.84964029420003 1.45965244836536
  5800 4.71010105258076 2.60315461851954 1.09631166688626
  5804 0.84165825665032 3.63154648426236 3.63192971776260
  5805 0.80284592368903 3.51983579381114 4.00739113092099
  5810 6.10793045365890 1.62362104137325 3.57780020058333
  5813 6.47584949797952 4.74764429935782 3.05288142212460
  5814 6.10242987882714 1.21903310320010 3.00550401059413
  5815 5.84848773340580 1.47374978281111 3.31429137303358
  5816 6.80208168716516 5.15738336668450 2.88084859820388
  5817 6.66592908612514 4.88517945848708 3.13146386279582
  5820 3.95155793497487 3.33080650929667 1.24928392496348
  5821 4.27718364348118 2.98020478069075 0.91986605672516
  5822 4.25219244378528 3.30951526077181 1.13913321343959
  5823 6.49618019898221 5.09869515875934 2.47196268199346
  5824 6.30041463929569 4.90051238659149 2.54310931314327
  5827 4.69009833413258 1.26054585636052 5.94399295395261
  5828 5.08028862221852 2.67529372066378 6.91589095894038
  5830 5.12307592388940 2.81927065756805 0.20320690963113
  5831 4.83048449709856 2.59452459986725 0.02647467638899
  5832 4.90626524597199 2.74745122957288 0.28556091244656
  5833 3.84923829780833 2.71018362225209 0.93589404872405
  5834 3.66920710396839 2.83003649456255 1.08745798438393
  5836 4.47420066141688 1.14377368365404 5.73138752114499
  5839 6.78809425996328 1.80537791462710 3.37317995759269
  5840 3.35438235046465 1.42799474449930 6.55425949515465
  5843 3.32159701945000 1.97332777353196 6.66561729383478
  5844 3.47640985733394 1.75621876024742 6.45875729121340
  5845 4.59876105575036 1.69734092714157 6.03444741299157
  5848 1.32001161583628 2.36332033959887 3.34214640682454
  5849 1.72689658103692 1.92867495602779 3.20964910282301
  5852 4.63739186704313 1.53587724620236 5.87684308997521
  5853 6.51082902833635 1.22649902380274 3.10610940912223
  5854 6.54910403653471 1.48914515688051 3.46609426235566
  5855 6.78549998665716 1.40842127033057 2.71257064410856
  5856 6.97438224282296 1.75452438016630 2.88050629227829
  5862 2.07833070301474 2.35665044372043 3.11717253757259
  5863 1.54474193585280 2.62009924390655 3.28227897233567
  5864 6.14214859981802 0.50794923284104 4.22331157985792
  5866 5.81640884187261 0.37579201743485 4.63483401722323
  5868 1.16234413232467 0.54589545925953 2.36160099441052
  5870 3.05484779923574 1.49930276493722 6.92546886879057
  5871 3.04423017859005 1.72461997115531 6.97116322701783
  5875 1.27252149553723 0.59357312578304 2.14799591059030
  5876 1.48633658908422 0.30765811251682 2.15166590643893
  5877 5.62728136845062 0.72959258941350 3.96728396176960
  5878 5.38627289969030 0.60727340908046 4.29442733697786
  5879 6.48857319957847 3.02395159618392 2.26091820304326
  5881 6.28167935377783 3.35136123841332 2.18913719920010
  5884 4.48128711693575 1.43161453532765 5.21134465511649
  5885 6.14287476139678 0.44659331163055 1.92969623926288
  5886 6.38723231761171 0.29194078414076 2.09491144643255
  5890 6.31861696987807 0.59260176979170 1.76989035449313
  5891 6.56334199125039 0.49211850029941 1.89169737097761
  5892 1.29362250367371 0.26290874683548 2.46801566042992
  5893 1.46484671818712 0.19293954928485 2.32728793214282
  5894 3.76290967324102 1.62985319431599 5.20962941461873
  5895 4.14539246019753 1.55021573187076 4.98678487907684
  5896 3.79709786107136 1.54048214103156 5.59467935245439
  5897 4.40200166809709 1.36256992029365 5.64689775048360
  5898 6.87612853092563 3.21512753803438 2.13262634475444
  5899 6.71148620575330 3.53611542483019 2.06818830731984
  5901 5.29845082561825 2.57264143162374 6.09596180359185
  5931 5.27676193290757 2.14419032709670 6.09097213513871
  5932 4.85743440169617 1.94965469659489 5.86911366010505
  5940 2.97994938125659 6.16062522875803 2.36476804754151
  5943 2.56940581571443 6.55417058591141 2.66861695422618
  5944 2.74257973396519 6.43834567427831 2.28489158532445
  5948 6.59174626386961 0.52080010924208 3.19664937613810
  5949 6.72039595164103 0.72831917100049 3.20309614222827
  5953 6.73510396928982 0.41090535196985 2.99597451559112
  5954 6.89173773985015 0.63869869445070 2.98916982853752
  5956 0.94506162780611 1.92370454138283 2.28050670307436
  5957 0.76220933711210 1.69902594480702 1.87304998467754
  5959 4.92236270463034 3.02755731483604 5.64667487285586
  5960 4.52935018093381 2.73414198693269 5.27758421157760
  5963 4.03756483605654 0.72156600122422 5.93746682632131
  5964 4.91451014355126 2.77221184635848 5.96382373050708
  5965 4.61988620268593 2.45455188101244 5.79794534764808
  5966 4.23770936340608 0.12248489848369 6.16231557133762
  5967 4.08798682269289 0.34260199732608 5.75113551702619
  5968 1.28493333700058 1.84916127451978 2.11737599798089
  5969 1.20380770046253 1.66337727579287 1.78779597625189
  5971 4.42647833101033 3.80070305759899 3.62283038192652
  5973 0.82582343514209 3.36438542666192 1.46773298089109
  5975 0.75197839809889 3.01095349192872 1.68544782250532
  5976 4.57650504457535 3.84863773212789 3.06245112355144
  5977 4.84106660184088 3.63269546215790 2.98409937625922
  5978 4.94805603100976 6.38427372102071 0.02391810261019
  5980 4.89666988368188 6.08703401494207 6.61790709374042
  5981 1.03887696311634 3.22877230227080 1.29981929769491
  5982 1.02467974898418 2.93851993414932 1.42435571439730
  5983 4.60441092599004 3.20269569460983 3.94355544041308
  5986 4.72132786050473 3.46352059627098 3.81485894231587
  5987 5.01016328469744 3.34371234279156 3.42712180193565
  5988 4.51929158163078 6.35147821701918 0.10509429204475
  5989 4.43033423427301 6.14543905996638 6.83817850539847
  5990 5.00946784523399 3.07011827843604 3.35738316415883
  5991 4.77618811191896 2.82672949397268 3.65850281720657
  5997 0.09386652930349 3.59903553458278 4.60915792305690
  5999 0.34014310252195 3.89720061904397 4.51029461752367
  6000 0.12659905722680 3.53283249825870 4.33120448841154
  6001 0.31920940346544 3.74299710372379 4.23643241326530
  6025 3.58151573625835 3.54021935860927 3.41496627285904
  6026 3.24874161670071 3.63506813610781 3.69548155682941
  6030 3.76972085290366 3.66190599509188 3.64550878657910
  6031 3.56128268033588 3.73812240232154 3.88167194040198
  6033 5.49828480406364 3.80041205082503 2.11855534656229
  6034 5.72693064670422 3.47927340099186 2.08776931760293
  6035 5.24642928091738 3.55285549978909 2.12196709238362
  6036 5.41617137291432 3.31273417892537 2.09585734958448
  6050 3.36418538326621 0.52481795171352 3.36596222846074
  6052 3.31298755738299 0.29139855238063 3.25370747746618
  6053 2.92152251616275 0.11737856495638 5.89387163707214
  6058 3.12421360296471 0.15087126490858 5.62974724735550
  6059 2.80078577048513 0.20437779721399 5.32251602961429
  6062 2.52010327053923 1.30863295241082 2.31859396360166
  6064 2.58750407248073 1.76649243105757 2.30484831499489
  6065 2.83934538694933 1.37621351746757 2.45969238602645
  6066 2.82395542496684 1.73843592286295 2.41338714582332
  6073 5.39984131043957 1.59003190597284 1.32733126489933
  6074 5.59778531232083 1.63538162284650 1.41942437255598
  6075 5.30159300032032 1.63827197630025 1.50689444014763
  6076 5.49135072693015 1.68283666376525 1.60894763245657
  6077 4.58361811828883 6.28713793387200 6.07716863708440
  6078 4.81039471602271 6.63115701992874 5.88232184469748
  6080 5.16746081864901 6.45668195326548 6.17319590089513
  6081 4.95420495045844 6.13691895186525 6.34072330986821
  6082 4.40146067316291 0.88762427223973 6.58613720124409
  6083 4.61315947283134 0.52802576297752 6.69900880494082
  6085 4.22486304840776 0.31662654003632 6.42903341729699
  6086 4.09240906647555 0.66144276681288 6.36406207777584
  6097 2.80374756166939 5.82599274762913 1.43911560919086
  6098 2.65001287600553 5.79068066553121 1.84989763371453
  6100 2.42690247402665 6.12190828087643 1.80028299386831
  6101 2.56586860415943 6.14323231988871 1.43447547349685
  6102 5.45538204470600 1.40795862074602 0.27155541355887
  6104 5.57143899178573 1.15527841087749 0.19750062069515
  6110 5.38241791032703 1.46219904316421 6.96131756658013
  6111 5.48016256441635 1.23167526243975 6.89655901857246
  6113 2.24477027392183 0.72681206418603 5.47920457252387
  6115 2.16537733116496 0.83395447115640 5.92317082490495
  6116 2.26964294454905 0.58629791819290 6.10391373170786
  6117 2.52369385195233 0.20327314611806 5.46401729689942
  6118 2.53561811240886 0.14258278704336 5.74320221260492
  6121 2.69542727891184 1.48847682744162 5.72603273123920
  6122 2.64319262911740 1.64960500677233 5.13441976829193
  6123 2.75388010850095 1.36726634722048 5.36398482224118
  6124 4.21165682882711 2.39958145977806 6.02646243494223
  6126 3.71407275615885 2.43784748793926 5.71770335711261
  6129 2.81432053119040 2.27601968580392 5.89115853172949
  6130 4.13287528124253 1.96597379526146 6.13641304244441
  6131 3.75024776323237 1.90764671523034 5.90593021177071
  6132 2.54539504904251 1.82263339426495 5.24958654545747
  6133 2.56198021259469 1.77033788210356 5.68946735354650
  6140 2.82704753410804 1.65040322974610 4.16158675190195
  6141 2.51437910248117 1.86609377273515 4.00305547069400
  6142 2.40400948711159 1.51033078532774 4.46047813583164
  6143 2.22557754709449 1.74133123986848 4.23367997136580
  6149 4.99753021114131 6.28682333856435 3.29570266453938
  6152 5.31335843711873 6.74925041514087 3.53345669037588
  6153 5.10215302498163 6.65861197261132 3.27758243016775
  6154 5.99189604798148 5.74644914659775 3.58527979768119
  6157 6.31662192227344 5.87467538527795 3.39772841655167
  6158 6.57701139161655 5.59001081158713 3.49476159475097
  6161 6.61258913477023 4.86943239339707 1.35841854153624
  6166 6.43324942633318 5.18611225731219 1.22004036036821
  6171 0.64881883309947 5.45394363116200 0.52474773017683
  6172 0.95806407723472 5.42237862287078 0.20051370844507
  6173 6.60586348297132 5.25721005944923 0.69735112497795
  6174 6.50211953587347 5.27989325959318 0.60019827967716
  6175 0.86618128443659 5.62347565954658 0.77065246243737
  6176 1.18392561480101 5.57299310408300 0.42440329300620
  6177 5.89551218801264 5.67733464581279 0.76587924786179
  6180 6.09239043830018 5.22176749029483 1.18618006106265
  6181 6.06479778258301 5.29988992328033 0.79693979674953
  6182 5.74347894748157 5.84733557442013 1.37530957928856
  6183 5.83813198075359 5.64220413197327 1.53808009048448
  6184 5.44774619349845 5.27212042897808 1.77374414767615
  6186 5.41186905080391 5.18436384123815 2.18944000052305
  6187 4.97418854222998 5.38124730636082 1.75058766761498
  6188 4.98901109550472 5.28954714496737 2.14933006580270
  6189 6.36330368971152 6.50200885675068 0.92393982842228
  6190 6.24229141945712 6.75527765738257 0.84382951105908
  6192 6.27133735505691 6.67365994055620 0.49018746404051
  6193 6.41415687436576 6.39825544901784 0.64286684667103
  6194 0.45499913190701 4.93548962018548 0.56245828781678
  6196 0.47989392727288 4.71261806754592 0.93109382907211
  6197 6.88124369023026 4.83482479264162 0.60841322155884
  6198 6.91681132103520 4.64334324276903 0.91853823155176
  6399 2.97914114959544 2.64661785355397 5.29863259989384
  6400 2.86946481322011 2.60444000562493 5.34957319797523
  6402 2.84360095233152 2.55089998059224 5.24701271053377
  6403 2.94888412874514 2.59242149433271 5.19500992108859
  6405 4.86324799010441 5.90577468846925 3.96524297888939
  6407 5.18430594006567 6.09148622111578 3.63825514320736
  6408 5.39972976099905 6.33685956660767 3.81932012126232
  6409 6.55201860191606 5.25128667015570 3.94739319759165
  6411 6.19578414526408 5.31739389571659 4.29303601322378
  6412 6.41896577575941 5.33473648179518 3.64815699366067
  6413 6.05449143270712 5.46700203287157 3.70811451241277
  6450 4.88788675784877 6.28671290522281 4.57003426289516
  6452 5.06254225413969 6.12595563687294 4.40001153521780
  6453 5.35077778791975 6.36332217192831 4.24626870648316
  6454 5.04596169560045 6.78070899385628 4.61249732710822
  6455 5.20578980383807 6.82337001705064 4.49056513702112
  6466 4.70239189246232 6.89720697111606 3.29082720018064
  6468 4.52997771851167 0.17177266354455 2.92693312852512
  6469 4.48931658267220 6.66454176032511 3.29247496085391
  6470 4.22233802631179 6.86152117669855 2.87702082097830
  6472 3.65234384829751 2.45059625218109 3.39853411495611
  6474 3.60325162626948 2.23667797174959 3.90557496289444
  6475 3.56202440574856 1.80224435384650 3.83306320924238
  6476 4.19713597993188 1.22411315140356 3.93504658036704
  6478 4.16620500854719 0.82962071443103 3.76920930361308
  6479 4.26999412315500 1.25725239406714 3.57223270785070
  6480 4.24566450364497 0.92744881144716 3.47594861098998
  6481 3.92149267073071 1.52433571631550 3.23086695305662
  6482 4.04017080966253 1.91355942542207 2.97687837501435
  6484 3.62030525314229 2.15062041535340 3.19623602415418
  6485 3.54651747652690 1.78084674471924 3.40907386107887
  6486 3.41027077079720 0.89381185462567 2.35080705041233
  6488 3.34223865222891 0.37618272878469 2.45539376983099
  6490 3.48814264329359 0.36395598826300 3.00222827578410
  6491 3.55377514087231 0.63283357302635 3.11934507751580
  6492 3.50923236382188 0.95051203089403 2.93740358296787
  6494 3.86150115725732 1.10106849662293 2.97725129215466
  6495 4.02707132076786 0.84691219473944 3.15768350170063
  6501 1.85850834775671 4.50638780563554 0.40635057601774
  6502 1.91929829489312 4.46644897382499 0.00905675220868
  6504 2.21389566612687 4.54578670039020 0.00787580515618
  6505 2.27878194444570 4.59579503770263 0.28091043911594
  6506 1.66643565282177 6.91339745587041 1.75005771756916
  6507 1.46681187313120 0.00318253641241 1.92560191551728
  6514 1.30108720599229 6.93378652662254 1.64146125549092
  6515 1.51120075523224 6.86557675409233 1.53743975892722
  6516 2.73104352635375 5.50463468884127 3.97746410929498
  6518 2.64529576365165 5.35379597902877 3.66692270307917
  6519 3.16106290482650 5.32745624994022 3.85687032162154
  6520 3.04512554207602 5.20492340215451 3.58287035540882
  6531 3.27089228087723 6.35308388183955 4.65045882603115
  6532 3.13694619691208 6.21007723794100 4.20302797288743
  6534 3.11717864202196 6.50703800237175 4.08299536790947
  6535 3.22304869564437 6.71255868239469 4.41101063767201
  6556 1.70672654510731 0.06788470419088 4.82348366911010
  6557 1.92998186342839 6.88130424464629 4.82224146104103
  6559 1.94878688743078 6.88566260435440 5.03113047737634
  6560 1.73063866745090 0.07516342154179 5.02798929377452
  6563 2.42999459476007 6.12997436138759 3.26854533012461
  6564 2.80216704653083 5.59961224782224 3.00269753801184
  6565 2.49369273212729 5.63939886757490 3.24420518522471
  6566 2.94815819052544 6.08515752499439 2.88996920869512
  6567 2.74216171054239 6.30687015801064 3.01667825146761
  6573 4.02907482765516 5.95816708720437 2.37497462464747
  6574 3.77405671037378 5.88525173423034 1.91595253167076
  6576 3.52816839151990 6.29863266994207 2.23261151578258
  6577 3.71780171235974 6.29137747998079 2.48362790419980
  6668 0.61715944425826 0.68757048968620 4.75193805233204
  6669 0.50348093726055 0.64548985687026 4.97543576145925
  6681 0.53128579446525 0.84178936708511 5.05621086349736
  6682 0.66261218435474 0.94367358451200 4.84232065917594
edges 4074
5      8      5
6      5     17
12      9      8
50     31     33
94     64     77
95     77     55
102     55     52
115     71     74
126    103    102
148     87     85
150     85     91
173    124    125
204    131    127
210    127    125
217    142    141
218    141    158
221    152    145
222    145    148
223    148    142
231    151    146
233    147    158
234    141    150
236    148    143
237    143    150
238    145    146
239    151    143
241    161    138
242    138    152
245    138    163
251    162    163
261    171    185
264    173    179
265    179    171
268    181    180
269    180    173
271    175    190
272    190    191
273    191    181
274    179    174
284    174    177
290    180    177
294    197    194
295    194    190
346    229    232
379    241    240
380    240    238
382    238    243
440    284    285
465    297    299
466    299    295
467    295    298
472    299    304
473    304    308
474    308    312
475    312    298
484    306    297
485    306    300
486    300    304
504    322    320
505    320    324
508    322    332
509    332    330
510    330    324
511    321    330
563    378    365
570    375    362
599    392    390
600    390    413
616    389    390
620    419    389
654    430    432
685    442    429
693    462     52
726    472    471
727    471    470
728    470    478
733    471    486
734    486    487
735    487    478
736    472    483
737    483    485
738    485    469
739    469    486
752    476    481
753    481    469
754    485    476
755    476    484
758    488    481
762    487    488
786    432     71
793    509    510
796    514    102
797    103    518
800    514    520
821    538    539
847    539    540
848    540    531
860    557    544
882    562    549
887    577      5
896    580    577
900    586    587
901    587    585
902    585    566
903    566    580
906    585     17
962    606    617
986    626    627
994    629    627
1012    641    643
1029    647    662
1030    662    657
1034    131    648
1035    648    662
1036    648    651
1048    322    678
1057    668    332
1064    671    666
1075    666    679
1089    699    686
1100    681    684
1149    724     33
1176    736    741
1210    719    763
1212    763    764
1225    668    782
1242    769    776
1243    776    783
1277    795    794
1280    796    802
1291    796    803
1336    243    833
1337    833    824
1349    835    845
1350    845    843
1351    843    844
1352    844    841
1353    841    835
1354    835    838
1355    838    852
1356    852    587
1357    585    845
1361    836    846
1362    846    586
1363    852    836
1364    836    848
1365    848    849
1366    849    853
1367    853    846
1376    843    851
1377    851    850
1381    849    686
1382    566    851
1397    863    867
1405    865    871
1411    862    865
1413    124    862
1415    870    871
1416    870    863
1421    877    875
1436    872    890
1441    877    894
1459    885    890
1463    911    913
1470    910    911
1475    901    909
1476    909    655
1483    903    912
1487    903    910
1497    920    923
1498    923    927
1499    927    924
1542    947    940
1543    274    947
1584    971    978
1585    978    968
1591    969     87
1594    979    969
1597    979    967
1606    973    976
1615    967    977
1618    977    976
1620    991   1015
1664   1020   1038
1671   1022   1038
1677   1022   1037
1678   1037   1021
1679   1021   1036
1680   1036   1035
1681   1035    171
1714   1045   1046
1720   1046     64
1739   1020    927
1741   1059    920
1742   1065   1068
1748   1070   1065
1752   1081   1068
1776   1081   1076
1777   1076   1080
1783   1091   1099
1784   1099   1106
1785   1106   1100
1786   1100   1098
1787   1098   1091
1788   1091   1094
1789   1094   1097
1792   1093   1102
1793   1102   1099
1794   1098   1092
1795   1092   1101
1796   1101   1094
1797   1100   1104
1798   1104   1103
1799   1103   1092
1817   1112    472
1820    862   1112
1824   1118    470
1831   1114   1118
1833   1122   1114
1845   1137   1136
1846   1136   1126
1847   1126   1130
1848   1130   1134
1868   1122   1137
1890   1151   1147
1894   1153   1155
1902   1080   1156
1903   1156   1155
1919   1181   1178
1927   1168   1184
1957    266   1202
1980   1207     85
1984    626   1207
1985    643   1210
1986   1210   1211
1989   1209   1210
1991   1211    681
1992    684   1209
2003   1214    722
2004   1212   1226
2006   1217   1212
2007   1212   1218
2010    940   1226
2012   1216   1218
2020   1221   1216
2069   1244   1255
2078   1259   1266
2083   1259   1261
2084   1261   1265
2092   1065   1265
2137   1289   1293
2141   1287   1289
2145   1287   1294
2154    580   1300
2179    476   1304
2180   1304    146
2211   1336   1328
2215   1330   1323
2216   1323   1326
2219   1324   1336
2220   1329   1324
2221   1324   1325
2222    976   1346
2224    147    973
2227   1349   1346
2229    158   1345
2230   1345   1344
2231   1344   1348
2232   1348   1347
2234    141   1344
2235   1349   1350
2236   1350    150
2238   1348   1350
2251   1364   1352
2254   1362   1361
2255   1361   1364
2261    662   1352
2262   1361    657
2299   1375   1357
2301   1380   1375
2333    392   1401
2334   1401   1212
2343   1147   1405
2345   1405   1226
2358   1406   1409
2362    174   1406
2384   1419   1421
2385   1421   1424
2389   1430   1419
2406   1439   1447
2407   1447   1446
2408   1446   1445
2411   1448   1439
2413   1329   1449
2414   1449   1448
2421   1449   1447
2422   1445   1440
2445   1460   1336
2455   1466   1457
2463   1459   1461
2470   1472    890
2471    885   1457
2488   1460   1077
2497    852   1481
2506   1484    469
2530   1508   1493
2533   1489   1504
2535   1493   1502
2536   1502   1489
2537   1489   1496
2555   1510   1511
2563   1517   1530
2583   1528   1529
2589   1529   1525
2621   1549   1563
2622   1563   1559
2629   1559    644
2661   1566   1570
2669   1571   1570
2682    900   1577
2683   1577   1081
2690    557   1580
2691   1580   1587
2692   1587    679
2726    297    515
2731    299    699
2758   1616   1617
2770   1619   1622
2775   1622    969
2776    967   1617
2836    362    769
2837   1532   1657
2840   1656   1657
2853   1663   1137
2867   1671   1666
2868   1666   1667
2871   1666   1676
2877    161   1674
2878   1674   1668
2883   1674    782
2888   1677   1676
2924    901   1698
2925   1698   1261
2926   1577   1703
2930   1702   1698
2931   1702   1701
2932   1701   1265
2933   1701   1699
2934   1699   1068
2935   1699   1703
2980   1725   1723
2981   1723   1724
3000   1732   1736
3019    912   1742
3021   1742   1380
3036   1765   1751
3082    958    841
3117   1792   1789
3121   1800   1792
3128    824    180
3129    181   1804
3130   1804   1806
3132    833   1804
3135   1809   1810
3136   1810   1806
3146    849    304
3154   1207   1622
3229   1843    867
3252   1855   1130
3253    375   1854
3264   1861   1676
3269   1861   1862
3272   1862    260
3314   1809   1883
3339   1862   1015
3342   1894   1900
3343   1900   1901
3344   1901   1202
3348   1895   1900
3372    763   1913
3373   1913    945
3381   1915   1912
3382   1912   1867
3383   1913   1915
3385   1912    764
3406   1544   1927
3407   1927   1926
3408   1926   1289
3409   1926   1244
3416    241   1927
3419   1795   1939
3420   1939   1938
3461   1642   1349
3500   1965   1155
3501   1965    540
3516    531   1964
3534   1973   1725
3574   1989    175
3575    190    641
3579   1806   1563
3594   1303   1996
3605   1517   1938
3611   1939   2000
3618    194   1210
3619   1209   2003
3622    197   1211
3628   1699   1736
3640   1021   1352
3649    647   1036
3673   1677   2038
3674   2038   2032
3675   2032   2031
3681   2034   2038
3682   2031   2024
3683   2024   2029
3692   2027   2030
3693   2030   2025
3695   1668   2027
3699   2030   2029
3700   2034   2035
3704   1214   1855
3725   2043   2045
3744   1924   1883
3745   1549   1810
3747   1797   2058
3753   2057   2058
3764   2062    909
3775   2063   2071
3778    576   2063
3781   2074   2071
3817   2032   1895
3822   2035   1762
3828   1259   2084
3829   2084   2085
3830   2085   1698
3836   2062   2085
3842   1227   1582
3862   2094   2100
3865   2097   2094
3866   2094    497
3869   2097   2096
3876   2096   2104
3877   2104   2008
3881   1639   1459
3885   1965   2106
3890    539   2106
3899   2109   2110
3901   2110   2111
3905   2111   1502
3906   1493   2109
3921   2118    843
3922   2118    289
3924   2122   2121
3928   1656   2120
3929   2120   2122
3931   2119   2123
3932   2123   2120
3933   2111   2119
3935   2121   2123
3955    602   2127
3966   2135   2141
3971   2135    520
3991   1406   1854
3995   2135   2127
4002    478   2146
4013   1266    846
4014    836   2084
4017    308    853
4028   1751   2153
4030   1765   1792
4031   1789   2153
4033   1996   2058
4049   2029   1587
4060   2161   2162
4074   2000   1318
4090   2173   2171
4091   2171   1181
4094   1348   2173
4112   2180    390
4113   1401   2178
4119   2178   1217
4126   2123   2173
4129   2119   1344
4130   2110   1345
4147   2178   1097
4149   2180   1091
4151   1099    413
4153   1093   1904
4160   2186   1279
4169   2192   2186
4197    347    700
4201   1481   2085
4242   2221   2223
4247   1103   2222
4248   2222   2225
4249   2225   2227
4250   2227   2221
4257   2223   2218
4259   2218   2227
4263    312   2229
4266   2230    850
4278   1362   2237
4279   2237    910
4287   2031   2238
4288   2238   1900
4310    509   2122
4330   1445   1525
4351   2097   1499
4352   2096   2251
4353   2251   2182
4360   2253   1566
4361   1570    162
4377   2218   2260
4378   2260   2259
4379   2259   2025
4380   2259   2230
4381   2260    851
4382   2227   2118
4393   2266   2265
4394   2265   2264
4397    870   2266
4399   2265   2262
4401    871   2262
4421   2269   1419
4452   1894   1421
4453   2269   2238
4458   1571   2222
4469    803   2266
4496   2260   1300
4503   2288    518
4508   2289   1106
4524   2161   2283
4533   2253   1098
4548    802   2298
4552   2297   2298
4553   2003   2297
4573    617   1769
4584   2306   2264
4596   2308    911
4613   2104   2288
4616   1927   2312
4617   2312   2313
4619    796   2312
4620   2313   2298
4623   2313   2306
4624   2312   2265
4626   1926   2262
4696   1657   2337
4785   1020   2366
4788    173   2366
4889   2401   2402
4895   1616   2401
4896   1642   2402
4964   1732   2425
4967      3   2425
4971   2428   2430
4975   1255   2430
4976   1996   2428
4978   2057   2430
5070   2460   2461
5072   1249   2460
5076   2043   2461
5081   1571   2463
5082   1092   2463
5083   1566   2463
5086    453   2464
5087    510   2464
5091   2466   2467
5092   1044   2466
5093   1424   2466
5096   1894   2467
5097   1202   2467
5177    647   2493
5180     47   2493
5185    131   2495
5188    651   2495
5200   2501   2502
5206    901   2501
5207    900   2502
5211   2505   2506
5214   2045   2506
5221    173   2507
5224   1020   2507
5249    795   2517
5291   2531   2533
5293   1619   2531
5296    848   2531
5298   2084   2533
5317   2540   2541
5324   2014   2541
5336   2546   2548
5338   1045   2546
5340   1050   2548
5341   1148   2546
5383   2218   2561
5386   2025   2561
5451    724   2584
5457   2586   2587
5459   1517   2586
5460   1527   2586
5462   2000   2587
5465    833   2588
5466   1809   2588
5541   1279   2612
5564   2620   2621
5568   1466   2621
5570   1459   2620
5577   1496   2624
5603   1510   2632
5643   1559   2645
5659   1386   2652
5695   2100   2664
5698   2237   2664
5755   2027   2683
5788   1671   2692
5789   1677   2692
5794   2692   2694
5795   2034   2694
5820    557   2701
5831      8   2704
5859   1021   2714
5862   1038   2714
5867   1330   2716
5870   1357   2716
5911   2732   2733
5914    968   2733
5916   1259   2732
5929   2738   2739
5931   2162   2738
5934   2283   2738
5935   2285   2739
5950   2588   2745
5987   1496   2756
5993   2758   2759
5994   1493   2758
5996   1504   2758
5997   2109   2759
5999   1667   2759
6013   1855   2763
6061   2106   2778
6062   2779   2780
6069   1168   2780
6109   2795   2796
6126   2800   2802
6128   1508   2800
6130   2182   2802
6131    102   2800
6164   1323   2812
6173   2114   2815
6176   2127   2815
6188   2821   2822
6189    284   2821
6192    719   2822
6194    721   2822
6211   1081   2827
6212   1065   2827
6227   1148   2832
6229   1147   2832
6230   2833   2834
6233    602   2833
6269   2845   2846
6272   2501   2845
6276    912   2846
6296   2854   2855
6299   1703   2854
6300   1702   2855
6302    900   2854
6303    901   2855
6309   1448   2858
6312   1153   2858
6332   2866   2867
6333    103   2866
6334     88   2866
6335   2802   2866
6336   2288   2867
6337   1989   2867
6338   2251   2867
6346   2870   2871
6347    568   2870
6348    577   2870
6350   1293   2871
6351   1303   2871
6362   2493   2874
6363    657   2874
6375   2584   2878
6377     33   2878
6386      8   2881
6388   2882   2883
6390    978   2882
6404   1362   2886
6405   1357   2886
6409   2888   2889
6410   2035   2888
6412   2032   2888
6413   2025   2889
6415   2024   2889
6423   1178   2891
6439    950   2898
6442   2264   2898
6448   1221   2901
6457   1202   2904
6460   1915   2904
6490   2915   2916
6495    544   2915
6496   2826   2916
6512    375   2921
6514    378   2921
6545   2467   2930
6555   1214   2933
6581   2941   2942
6582   2161   2941
6586   2153   2942
6665   1450   2966
6666   2967   2968
6668   2100   2967
6670   1529   2968
6674    161   2969
6676    162   2969
6710   2980   2981
6712   1815   2980
6720   2253   2982
6739   1674   2989
6742   2683   2989
6751    147   2992
6754    736   2994
6755    872   2994
6765   2930   2997
6771   2178   2999
6772   2180   2999
6773   1094   2999
6780   1122   3001
6788   3004   3005
6789   2062   3004
6790   2533   3004
6793   1617   3005
6827   3016   3017
6828     17   3016
6829      3   3016
6831    587   3017
6841   3020   3021
6842    566   3020
6843    586   3020
6845    850   3021
6846    853   3021
6847   2229   3021
6862   3026   3027
6864   1416   3026
6868   1430   3027
6931     47   3048
6932     31   3048
6933     48   3048
6948    125   3053
6949   3001   3053
6955    813   3055
6957   1156   3055
6965   3058   3059
6968    453   3058
6969    497   3059
6971    510   3059
6986   3064   3065
6987   2756   3064
6988   1502   3064
6989   2121   3064
6990   1499   3065
6991   1508   3065
6992   2182   3065
7000   3068   3069
7001   1481   3068
7003   1702   3068
7004   3017   3069
7005   2425   3069
7006   1701   3069
7007   3070   3071
7008    185   3070
7009   2008   3070
7012   2288   3071
7013    175   3071
7038   1386   3079
7050   3084   3085
7052   2259   3084
7053   2889   3085
7083    794   3094
7091   3097   3098
7092    776   3097
7096   1489   3098
7105   3101   3102
7107   2694   3101
7110   2035   3102
7111   2561   3102
7141   3113   3114
7143   2111   3113
7144   2119   3114
7146   3098   3113
7147   1656   3114
7186      9   3127
7210   3134   3135
7213   2461   3134
7214   1174   3135
7215   2966   3135
7216   2045   3135
7217   3136   3137
7218   1742   3136
7221    903   3137
7222   2664   3137
7223   2740   3137
7250   2495   3145
7257   3094   3147
7258   1639   3147
7273   2221   3153
7276   2881   3153
7277   3154   3155
7279     77   3154
7281   1447   3155
7283   1530   3155
7290   1904   3157
7306   1703   3162
7307   1772   3162
7314   2541   3164
7315   1883   3164
7321   2815   3166
7348   1103   3174
7349   2221   3174
7393    681   3187
7395   3189   3190
7396   2882   3189
7397     87   3189
7399    968   3190
7401    300   3190
7402   3191   3192
7404   2758   3191
7406    260   3192
7413     55   3194
7415    462   3194
7433    850   3199
7436    686   3199
7443    976   3203
7446    979   3203
7466   3211   3212
7467   3190   3211
7468   2531   3211
7469    969   3211
7470   2732   3212
7471   2533   3212
7472    967   3212
7481   2063   3215
7487   3217   3218
7488    481   3217
7489    146   3217
7490    163   3217
7509   2402   3223
7510   1639   3223
7517   3226   3227
7520   2871   3227
7522   2994   3226
7523   2455   3227
7544   2716   3234
7549   2740   3235
7563   1450   3239
7564   1174   3239
7569   1386   3241
7570   1391   3241
7602   2014   3251
7638    924   3263
7641   1806   3263
7652   3268   3269
7653    124   3268
7656   1112   3269
7657    950   3269
7667   1642   3272
7698   1532   3281
7699   3114   3281
7700    142   3281
7704   2803   3282
7720   1725   3287
7723   1719   3287
7738   1559   3293
7758   3300   3301
7762   2505   3301
7763   1001   3301
7766   3185   3302
7767   1001   3302
7768   1762   3302
7798   1481   3312
7801    838   3312
7823   2008   3319
7835    430   3322
7858   2796   3331
7867    229   3333
7868   3334   3335
7869    872   3334
7870    863   3334
7872   3226   3335
7873    871   3335
7874   1293   3335
7876   3162   3336
7878   1736   3336
7893   3027   3341
7895   3085   3341
7899    306   3342
7917   3348   3349
7920   1330   3348
7921   1326   3349
7923   1375   3348
7937   3355   3356
7939   1347   3355
7940   2182   3356
7942   2173   3355
7943   2121   3356
7957   1582   3361
7958   2709   3361
7960   3362   3363
7961   1036   3362
7965   3001   3363
7966   1663   3363
7977   1001   3366
8003   3374   3376
8005    158   3374
8007   2110   3376
8010   1667   3376
8038   3386   3387
8039   1439   3386
8043    531   3387
8044    429   3387
8070   1861   3395
8071   1895   3395
8072   2038   3395
8074   2027   3396
8075   2561   3396
8076   2225   3396
8080   3398   3399
8081    783   3398
8082    678   3398
8083    769   3398
8085   1409   3399
8086   1854   3399
8087   3400   3401
8088   1080   3400
8089   1153   3400
8093   1077   3401
8108   3406   3407
8109   2366   3406
8110   2714   3406
8111    171   3406
8114   3070   3407
8125   1059   3410
8133   3155   3413
8135   1938   3413
8140   1964   3415
8141   2548   3415
8143   3416   3417
8144    764   3416
8146   2822   3416
8193   1405   3431
8194   3157   3431
8195   1401   3431
8214    486   3437
8217   3438   3439
8219   1050   3438
8221    274   3439
8231   3442   3443
8232    679   3442
8234   2030   3442
8236   3199   3443
8237   2230   3443
8238   3444   3445
8240   1528   3444
8241   2586   3444
8242   1446   3445
8243   1525   3445
8244   1530   3445
8245   3446   3447
8246   2624   3446
8247   2933   3446
8248   2763   3446
8250    945   3447
8260   1148   3450
8261   1448   3450
8262   1153   3450
8280   3194   3457
8283   1971   3457
8304   1582   3464
8306   2915   3464
8314   3467   3468
8315   1466   3467
8316   1325   3467
8318   3234   3468
8320   1440   3468
8323   3223   3469
8324   1642   3469
8340   3342   3474
8341   2833   3474
8342   3475   3476
8343   2106   3475
8344   3055   3475
8346    538   3476
8347    809   3476
8387   2074   3488
8401   1093   3492
8402   3157   3492
8403   1097   3492
8408   1570   3494
8427    298   3498
8460   2874   3510
8467   3094   3513
8469    629   3513
8473   3515   3516
8474    510   3515
8477   2122   3516
8478   2756   3516
8485   2826   3518
8486   2203   3518
8487   3519   3520
8488    671   3519
8489   2989   3519
8490    668   3519
8493    330   3520
8494   3521   3522
8495   2587   3521
8496   3349   3521
8497   1318   3521
8498   3444   3522
8499   3348   3522
8515   3527   3528
8516    795   3527
8520   1544   3528
8521    796   3528
8542   1279   3533
8567    285   3543
8569   2878   3543
8584   3548   3549
8586   3199   3548
8587    844   3548
8588    671   3549
8589   3442   3549
8590   2683   3549
8592    920   3550
8593   3410   3550
8594    924   3550
8598   3552   3553
8600   3180   3552
8602   1566   3553
8604   3437   3553
8605   3554   3555
8606    181   3554
8607   3263   3554
8608   2366   3554
8609    175   3555
8611   3407   3555
8638   3564   3566
8642   1854   3566
8645   2921   3566
8650   2882   3568
8653    973   3568
8657   3571   3572
8659   3269   3571
8662    471   3571
8663   3437   3572
8682    876   3578
8683   3503   3578
8689   1724   3580
8691   1798   3580
8707    197   3585
8709   3071   3585
8728   3417   3591
8752   1419   3600
8756   3601   3602
8757    562   3601
8758    295   3601
8761    297   3602
8762   2833   3602
8764    655   3603
8765   2495   3603
8766     46   3603
8774   2704   3606
8775   3153   3606
8776    289   3606
8782   3585   3608
8783    518   3608
8790   2845   3610
8791   3611   3612
8792    724   3611
8794   1136   3611
8795     31   3612
8796   2513   3612
8797   1663   3612
8823    894   3620
8826    885   3620
8828   3622   3623
8831   1130   3622
8832   1221   3623
8834   1214   3623
8849   3628   3629
8853   1287   3629
8855   1544   3629
8895   3642   3643
8896   1391   3642
8897    438   3642
8898    442   3642
8899     74   3643
8900    432   3643
8901    429   3643
8902   3644   3645
8905   3628   3644
8906   2014   3645
8907   2981   3645
8920   2146   3649
8921   1118   3649
8923   3650   3651
8924   2513   3650
8925   3048   3650
8929   2670   3651
8934   1510   3653
8950   1416   3658
8951   3027   3658
8969   3664   3665
8970   1328   3664
8971   1461   3664
8973   1325   3665
8974   2620   3665
8975   1323   3665
9019    321   3679
9020    152   3679
9021   2207   3679
9051   1904   3688
9070   3695   3696
9071   3218   3695
9072    488   3695
9073   1309   3695
9075   2982   3696
9076    419   3696
9092    929   3701
9105   3079   3704
9125   3712   3713
9126   3187   3712
9128    666   3712
9130   3361   3713
9139   3716   3717
9140   1122   3716
9141   3653   3716
9142   2632   3716
9143   1118   3717
9153   3720   3721
9156   1800   3720
9157   1093   3721
9203   3736   3737
9204     88   3736
9206     85   3736
9208    643   3737
9209    626   3737
9218   3378   3740
9219   3717   3740
9224   3742   3743
9227   2714   3742
9229   3319   3743
9230   3407   3743
9245   3748   3749
9246   1511   3748
9250    462   3749
9259   3752   3753
9260   2645   3752
9265   1989   3753
9270    911   3755
9272   2854   3755
9283   3759   3761
9285    365   3759
9287   1511   3761
9296   2283   3764
9299   3721   3764
9307   1304   3766
9309   3768   3769
9311   2502   3768
9313    913   3769
9314    900   3769
9334   3600   3775
9335   2916   3775
9336   1912   3775
9341   2745   3777
9348   2507   3779
9349   2745   3779
9350    824   3779
9365   3784   3785
9366   1484   3784
9367   3494   3784
9368    163   3784
9369   2207   3785
9371    138   3785
9377   1249   3788
9396   3580   3792
9403   2981   3796
9406   3229   3796
9413    809   3799
9414    875   3799
9415   3800   3801
9418    913   3800
9419   2803   3801
9421   2308   3801
9422   3802   3803
9424   2846   3802
9426    419   3803
9427   3610   3803
9428   1309   3803
9436   3806   3807
9437   3649   3806
9438   3740   3806
9440   3622   3807
9441   1134   3807
9442   2901   3807
9475   3818   3819
9477   2989   3818
9478   3785   3818
9480   3520   3819
9481   2207   3819
9483   3820   3822
9488   2645   3820
9490   3753   3822
9507   3828   3829
9510    177   3828
9511    191   3829
9514    194   3829
9548   3841   3842
9549    485   3841
9550   3766   3841
9552   1484   3842
9554   2898   3842
9555   3843   3844
9556    867   3843
9557   3145   3843
9558    127   3843
9559    870   3844
9561    124   3844
9573    509   3848
9576   3322   3848
9585   3852   3853
9592   3854   3855
9593    700   3854
9595   3503   3854
9597   3591   3855
9598   2203   3855
9623   3863   3865
9625   3084   3863
9627   2230   3865
9628   1815   3863
9630   2229   3865
9634   1022   3866
9669   3005   3876
9695   3886   3887
9699    389   3887
9700   2982   3887
9701   2180   3887
9703    783   3888
9705   2763   3888
9722   2506   3893
9725   2745   3894
9726    927   3894
9755   3802   3903
9758    389   3903
9767    958   3906
9774   1499   3910
9777   3801   3910
9779   3601   3911
9780   3498   3911
9781   2834   3911
9795   3192   3915
9798   2135   3915
9815   3922   3923
9818   1795   3922
9819   1800   3923
9821   1789   3923
9825   3334   3924
9839   2540   3929
9840    929   3929
9846   3931   3933
9848    655   3931
9850    651   3933
9855   3934   3936
9857    813   3934
9860   1772   3934
9862   2803   3936
9879   3942   3943
9880    266   3942
9882    260   3942
9883   1901   3943
9884   1835   3943
9885   1861   3943
9890   3319   3945
9892   3822   3945
9893   3946   3947
9894   2632   3946
9895   3564   3946
9896   1137   3946
9898   3566   3947
9899   1126   3947
9907   3950   3951
9908   2513   3950
9910   1409   3950
9911   3651   3951
9912   1227   3951
9913   2709   3951
9914   3952   3953
9915   3162   3952
9916   3755   3952
9919   3510   3953
9920   3036   3953
9926   1964   3955
9927   3166   3955
9929   3956   3958
9933   1798   3958
9936   1724   3958
9945   2104   3961
9959   3552   3966
9960   3572   3966
9963    684   3967
9990   3975   3976
9991   3761   3975
9992   1971   3975
9993   1723   3975
9994   1511   3976
9996   3792   3976
10010   2621   3981
10025    240   3985
10026   1924   3985
10043   3991   3992
10044    950   3991
10045   3572   3991
10047   1484   3992
10048   3437   3992
10049   3494   3992
10057   3995   3996
10060    929   3995
10064   3550   3996
10083    838   4003
10088   3475   4005
10089   2778   4005
10090    813   4005
10091   4006   4007
10092    741   4006
10093   3226   4006
10094    865   4006
10095    739   4007
10096   3227   4007
10097   2058   4007
10098   4008   4009
10099    910   4008
10100   3931   4008
10102   1362   4009
10103   3933   4009
10104    657   4009
10105   4010   4011
10108   2461   4010
10109   2192   4011
10112   4012   4013
10114   3777   4012
10117   3759   4013
10123   1867   4015
10124   3600   4015
10125   1424   4015
10158   4026   4027
10159   2858   4026
10160   3386   4026
10161    540   4026
10164    538   4027
10169   2043   4029
10170   3185   4029
10172   4030   4031
10173   3263   4030
10174   3820   4030
10175   3410   4030
10176   3555   4031
10177   3822   4031
10178   3743   4031
10210   4041   4043
10212     88   4041
10214   1989   4043
10215   3737   4041
10217    641   4043
10221   1772   4044
10224   2803   4044
10249   2779   4054
10250   1391   4054
10251   3079   4054
10252   4055   4056
10253   2517   4055
10254   3644   4055
10255   3229   4055
10256   3527   4056
10257   3629   4056
10260   4057   4059
10262   3073   4057
10264   1294   4059
10267   1288   4059
10275   4062   4063
10276   2401   4062
10278   1639   4062
10279   2812   4063
10281   2620   4063
10305   4071   4072
10306   1430   4071
10307   3085   4071
10308   2701   4071
10309   2269   4072
10310   2024   4072
10311   1580   4072
10313   2192   4073
10314   3893   4073
10315   2612   4073
10323   1168   4076
10325   3533   4076
10328   3748   4077
10329    365   4077
10337   3101   4080
10340   1104   4080
10348    125   4082
10354   1795   4085
10357   1798   4085
10360   4088   4089
10361    103   4088
10362     91   4088
10363   3736   4088
10364   3608   4089
10366   1211   4089
10392   1221   4097
10395   2933   4097
10400    378   4099
10403   3779   4099
10408   4103   4104
10410    876   4103
10414    923   4104
10415   4105   4106
10422   3543   4106
10446    890   4114
10455    322   4116
10458    769   4116
10461   4119   4120
10462   1472   4119
10463   1457   4119
10466   3981   4120
10470   3866   4121
10476    875   4123
10477   4114   4123
10478   3620   4123
10483   2043   4125
10484   4011   4125
10485   3893   4125
10504   1532   4131
10510   4133   4134
10511    413   4133
10514   1102   4134
10515   3688   4134
10521    844   4136
10523   2683   4136
10524   4137   4138
10526   3873   4137
10528   2832   4138
10530   1045   4138
10552   4145   4146
10554   3378   4145
10555    453   4145
10556   3749   4146
10559   4147   4148
10560   1375   4147
10561   3136   4147
10562   1528   4147
10563   2886   4148
10564   2664   4148
10565   2968   4148
10566   4149   4150
10568   3378   4149
10569   1527   4149
10571   4146   4150
10572   1517   4150
10573   4151   4152
10574    909   4151
10575   3876   4151
10576   2845   4151
10577   3931   4152
10579    912   4152
10580   4153   4154
10581   1405   4153
10582   4138   4153
10583   3691   4153
10584   3157   4154
10585   3873   4154
10587   4155   4156
10588    185   4155
10589   3585   4155
10591   2670   4156
10593   2709   4156
10605   2466   4160
10606   2904   4160
10607   1867   4160
10612    739   4162
10613   3958   4162
10614   1797   4162
10622   4165   4166
10624   3509   4165
10625   3498   4165
10626   2860   4166
10628    312   4166
10647   4173   4174
10649    102   4173
10650   2883   4174
10652    520   4173
10653   2141   4174
10665   3268   4178
10668   3053   4178
10673   3413   4180
10676   1449   4180
10679   4183   4184
10680   3203   4183
10681   3568   4183
10682     87   4183
10685     88   4184
10693   4187   4188
10697    515   4188
10699   4089   4187
10700     91   4188
10706   2967   4191
10711   4193   4194
10714   3331   4193
10727   4198   4199
10728   3474   4198
10730   2860   4198
10731   2834   4199
10732   2652   4199
10733   4165   4199
10736   4201   4202
10738    232   4201
10741    365   4201
10742   4013   4202
10745   4204   4205
10750    958   4204
10751   4136   4205
10759   4208   4209
10760   3300   4208
10761   3395   4208
10762   1015   4208
10763   1001   4209
10764   2034   4209
10766   4210   4211
10767   2045   4210
10768   3301   4210
10769   3185   4210
10770   2966   4211
10784   3509   4215
10785   2981   4215
10786   3251   4215
10791   2207   4217
10792   3842   4217
10793   2306   4217
10794   4218   4219
10797   3439   4218
10798   2815   4219
10799   3915   4219
10819   4226   4227
10821   3239   4226
10825   1178   4227
10833   4230   4231
10834   3218   4230
10835   2992   4230
10836   3696   4230
10837    162   4231
10839   2253   4231
10853    923   4236
10854   3866   4236
10855   1038   4236
10856   4237   4238
10857   3300   4237
10858   2997   4237
10859    991   4237
10860   2505   4238
10861   3871   4238
10863   4239   4240
10865   2881   4239
10867   1797   4240
10869   1792   4240
10871   4241   4243
10873    179   4241
10876   1406   4241
10878   3564   4243
10882   4029   4244
10885   1751   4244
10888   4247   4248
10890   4080   4247
10892   3764   4248
10899   2826   4250
10900   3600   4250
10905   1800   4251
10908   4239   4251
10917   4073   4254
10927   4259   4260
10929   4194   4259
10930   3799   4259
10931   3578   4260
10932   4193   4260
10938   3966   4262
10939   4105   4262
10940   4204   4262
10950   3996   4265
10955   4267   4268
10956    202   4267
10957   3766   4267
10958    145   4267
10960   4217   4268
10961   3679   4268
10965   1532   4269
10968    148   4269
10976   2621   4273
10977   1843   4273
10984   2739   4275
10992   4278   4279
10993   3356   4278
10995   3848   4278
10996   2251   4279
10997   3753   4279
11000   4280   4282
11002    794   4280
11005   3981   4280
11007   1843   4282
11013   3322   4285
11016   2891   4285
11018    274   4286
11024   4288   4289
11025   2513   4288
11026   4241   4288
11027   1035   4288
11028   1663   4289
11029   4243   4289
11030   3362   4289
11031   4290   4291
11032   1106   4290
11033   4247   4290
11035   1102   4291
11036   3764   4291
11037   2285   4291
11046   4294   4296
11048    442   4294
11050   3241   4296
11051    531   4294
11053   3955   4296
11054   4297   4298
11055    392   4297
11056   4133   4297
11057   3768   4297
11058   3431   4298
11059   3688   4298
11060   1151   4298
11090    362   4308
11093   2337   4308
11095   4310   4311
11096   2982   4310
11097   3553   4310
11098    487   4310
11099   3886   4311
11100   3180   4311
11101   2146   4311
11113   4121   4315
11114    894   4315
11125   4319   4320
11126   3924   4319
11127   4280   4319
11128   3527   4319
11129    863   4320
11130   4282   4320
11131    803   4320
11154   3079   4326
11162   4202   4330
11168   3748   4332
11170   4145   4332
11183   1901   4337
11186   2238   4337
11191   3580   4339
11204    835   4343
11205   4344   4345
11206   4120   4344
11207   3924   4344
11208   1472   4344
11209   3488   4345
11216   1938   4347
11218   4085   4347
11237   4354   4355
11240   3417   4354
11241   3432   4355
11243   2821   4354
11253   4359   4360
11255   3848   4359
11256    497   4359
11257   3945   4360
11258   4279   4360
11259   2096   4360
11274   2430   4365
11275   1249   4365
11285   4369   4370
11286   2428   4369
11287   4057   4369
11288   1244   4369
11289   1303   4370
11290   4059   4370
11291   1289   4370
11299   4373   4374
11300   3203   4373
11301   3272   4373
11302   1349   4373
11303   4184   4374
11305   1347   4374
11317   3866   4378
11318   4104   4378
11319   1719   4378
11323    576   4379
11326   3020   4379
11331   3704   4382
11332   2612   4382
11336   4384   4385
11337   4134   4384
11340   2285   4385
11342   4275   4385
11343   4386   4387
11346   3215   4386
11347   1070   4387
11349   1266   4386
11350   1265   4387
11352   4389   4390
11353    795   4389
11354   3513   4389
11358    644   4390
11359   4391   4392
11360   3653   4391
11361   4339   4391
11362   3792   4391
11363   3717   4392
11365   4149   4392
11366   4393   4394
11367   2753   4393
11369   4226   4393
11371   3831   4394
11372   1450   4394
11382   4398   4399
11383   2283   4398
11386   2942   4399
11387   4244   4399
11388   4125   4399
11413   4243   4406
11416   2507   4406
11419   4409   4410
11420   1114   4409
11421   4178   4409
11422   3571   4409
11425   3966   4410
11426   4411   4412
11427   3947   4411
11429   1134   4411
11430   2632   4412
11431   4332   4412
11432   3740   4412
11433   4413   4414
11434   3319   4413
11435   4191   4413
11437   3742   4414
11439   1364   4414
11444    320   4416
11445   3828   4416
11451   4010   4418
11452   2186   4418
11458   4227   4420
11461   4421   4422
11462   4349   4421
11463   3796   4421
11464   3509   4421
11467   4166   4422
11477   4426   4427
11479    151   4426
11480   3218   4426
11481   1346   4427
11482    150   4427
11483    147   4427
11488    644   4429
11489   4043   4429
11490   3752   4429
11495   3293   4431
11498   4390   4431
11509   4436   4437
11510    202   4436
11511   4269   4436
11516   4438   4439
11517   1815   4438
11519   3796   4438
11520   2229   4439
11521   4379   4439
11522   4422   4439
11530   4442   4443
11532   4205   4442
11533   1571   4442
11534   2118   4443
11535   4136   4443
11536   2225   4443
11545   2297   4446
11552   3145   4447
11555   4450   4451
11556   3548   4450
11559    841   4451
11560   4003   4451
11562   4452   4453
11564   4265   4452
11566   3804   4453
11567   3995   4453
11568   3853   4453
11569   4454   4455
11570   3777   4454
11571   4099   4454
11572   3759   4454
11573   3287   4455
11575   3761   4455
11576   4456   4457
11577    202   4456
11580   3766   4457
11581   3788   4457
11582   1255   4457
11583   4458   4459
11584   4150   4458
11585   3792   4458
11586   4347   4458
11587   3749   4459
11588   3976   4459
11589   3457   4459
11590   4460   4461
11591    472   4460
11592   4339   4460
11594    470   4461
11595   4392   4461
11601    152   4463
11604    142   4463
11612   4194   4465
11624   4471   4472
11625   4413   4471
11627   1361   4471
11628   2008   4472
11629   3961   4472
11631   4473   4474
11632   3961   4473
11634   3036   4473
11635   2308   4474
11636   4044   4474
11637   3952   4474
11638   4475   4476
11640   2855   4475
11641    655   4475
11642   3510   4476
11643   3755   4476
11644   4008   4476
11651     52   4477
11654   4480   4481
11656    442   4480
11657   3852   4480
11659    438   4481
11660   4452   4481
11661   4482   4483
11662   3967   4482
11663   4188   4482
11664    699   4482
11665    681   4483
11666   4187   4483
11668   4484   4485
11671   2732   4484
11672    971   4485
11673   4385   4485
11674   2733   4485
11676   4486   4488
11680   2297   4488
11681   3819   4486
11683   2306   4488
11691   4491   4492
11692   3906   4491
11693   4486   4491
11694   4451   4491
11696   4488   4492
11706   4495   4497
11711   1416   4495
11714   4498   4499
11716   4178   4498
11718   2878   4499
11719   4410   4499
11720   4105   4499
11738   3742   4505
11739   4236   4505
11740   1059   4505
11751   4509   4510
11752   2100   4509
11753   4471   4509
11754   2237   4509
11755   2097   4510
11756   3961   4510
11757   2308   4510
11758   4511   4512
11764   1070   4511
11778   1015   4517
11784    539   4519
11785   4294   4519
11786   3852   4519
11794   4517   4522
11797    996   4522
11799   4524   4525
11800    996   4524
11801   4517   4524
11803    978   4525
11807   3342   4526
11808   4522   4526
11809   2141   4526
11822   4531   4532
11823   1732   4531
11825      3   4531
11827   4465   4532
11851   2980   4538
11854   4541   4542
11857     46   4541
11858   3312   4542
11859   4343   4542
11871   4546   4548
11873   2821   4546
11875    721   4548
11876   4197   4546
11883    700   4550
11884   1973   4550
11885   3503   4550
11899   3333   4553
11934   4566   4567
11936    241   4566
11938   3073   4567
11939   1244   4567
11940   4456   4567
11946   4337   4569
11947   1835   4569
11956    617   4572
11957   4264   4572
11958    549   4572
11966   3400   4575
11969   1077   4575
11972    940   4577
11973   4097   4577
11974   1218   4577
11978   4579   4580
11979   2114   4579
11981   3955   4579
11984   3241   4580
11985   4581   4582
11988   3187   4581
11989    671   4582
11991    684   4581
11992   4450   4582
12022   3855   4593
12025    347   4593
12026   4594   4595
12028   4541   4594
12029   4498   4594
12030    958   4595
12031   4343   4595
12032   4105   4595
12034   3374   4596
12035   4463   4596
12036    161   4596
12044   3518   4599
12046   3701   4599
12050   3528   4600
12053    802   4600
12070   4607   4608
12071    686   4607
12072   4450   4607
12073   3967   4607
12074    848   4608
12075   4003   4608
12086   4612   4613
12089   2464   4612
12091   4285   4613
12092    509   4613
12093   4614   4615
12094   4538   4614
12095   3863   4614
12096   2701   4614
12097    298   4615
12098   3865   4615
12105   4273   4617
12106   4063   4617
12107   4618   4619
12108   3229   4618
12109   4349   4618
12110   3488   4618
12111   2517   4619
12138   4627   4629
12140    647   4627
12142   3363   4629
12143    131   4627
12145   3053   4629
12146   4630   4631
12149   2795   4630
12150   1732   4631
12153   3336   4631
12155   4633   4634
12157    764   4633
12159   3432   4634
12160   3417   4634
12161   4593   4634
12167   4013   4637
12170   1971   4637
12171   4638   4639
12174   1416   4638
12175   3831   4639
12176   4553   4639
12177   4497   4639
12182   4215   4641
12183   4538   4641
12184   3498   4641
12186   4642   4644
12188   1676   4642
12190   1835   4644
12191   1667   4642
12193   1504   4644
12198   4472   4646
12199   3036   4646
12200   2874   4646
12201   4647   4648
12204   4260   4647
12206   3701   4648
12207    876   4648
12208   4649   4650
12209   3906   4649
12210   4204   4649
12211   3991   4649
12212   3818   4650
12213   4205   4650
12214   3494   4650
12216   4076   4651
12217   4431   4651
12226   2802   4654
12227   4184   4654
12228   1347   4654
12245   4660   4661
12246   4054   4660
12247   4326   4660
12248    438   4660
12249   2780   4661
12250   4651   4661
12256    803   4663
12259   4664   4665
12260    576   4664
12262    568   4664
12263   2071   4665
12265   4345   4665
12266   4666   4667
12268   4244   4666
12269   3302   4666
12270   4248   4667
12271   4398   4667
12272   3366   4667
12274   2694   4668
12276   4247   4668
12280   4670   4671
12281    862   4670
12282   4082   4670
12283    741   4670
12284   4339   4671
12287   4672   4673
12288   4455   4672
12290   1510   4672
12291   4099   4673
12292   4406   4673
12293   3564   4673
12295   4665   4674
12296   1472   4674
12305    602   4677
12308   3166   4677
12310   4679   4680
12313    629   4679
12314    802   4680
12315   4446   4680
12316   4663   4680
12324   4683   4684
12326   4477   4683
12327   4612   4683
12328     71   4684
12330   4285   4684
12339   3322   4687
12344   3515   4689
12346   1134   4689
12347   4690   4691
12348   3333   4690
12349   4437   4690
12350   3831   4690
12352   4420   4691
12353   4393   4691
12354   4692   4693
12355    580   4692
12356   4379   4692
12357    568   4692
12359   4438   4693
12385   4156   4701
12388   4703   4704
12390   2505   4703
12391   3893   4704
12393   3366   4703
12394   4398   4704
12412   1742   4710
12413   4302   4710
12414   3802   4710
12418   4712   4713
12419   3650   4712
12420   2493   4712
12421   1035   4712
12422   2670   4713
12423   4646   4713
12424    185   4713
12438   4647   4716
12450   4722   4723
12451   3017   4722
12452   4387   4722
12454    586   4723
12455   4386   4723
12456    576   4723
12466   4727   4728
12467   1529   4727
12469   3058   4727
12470   2967   4728
12472    497   4728
12487   4733   4734
12491   1671   4734
12493   2969   4733
12494   3374   4734
12496   4736   4737
12498   3967   4736
12499   1207   4736
12501   4608   4737
12502   1619   4737
12503   4738   4739
12504    643   4738
12505   4679   4738
12506    626   4738
12507   1209   4739
12508   4446   4739
12509   4736   4739
12511   3799   4740
12512   4716   4740
12513   3476   4740
12530   1294   4746
12535   4748   4749
12536   4566   4748
12537   4553   4748
12538   3985   4748
12539   3073   4749
12540   4638   4749
12541   4746   4749
12553   4754   4755
12556   2612   4755
12558   2779   4754
12559   3704   4755
12567   4758   4759
12568   4679   4758
12569   4600   4758
12570   4389   4758
12571    641   4759
12573    644   4759
12581   4762   4763
12582   1924   4762
12583   4746   4762
12584   3628   4762
12585   3164   4763
12587   3645   4763
12588   4764   4765
12591   3401   4764
12592   3450   4765
12595   2832   4765
12597   4767   4768
12599   4546   4767
12600   3543   4767
12601     48   4768
12602   4548   4768
12603     33   4768
12604   4769   4770
12605   4209   4769
12606   4668   4769
12607   3366   4769
12608   4524   4770
12621   1765   4773
12624   4666   4773
12632   1795   4778
12635   1789   4778
12636   4779   4780
12637   3603   4779
12638   4447   4779
12639   4541   4779
12640   2062   4780
12642   3312   4780
12644   4431   4781
12646   2517   4781
12657   4785   4786
12658   1345   4785
12659   4654   4785
12660   3568   4785
12661   2109   4786
12662   2800   4786
12663   2883   4786
12672   3953   4789
12673   4631   4789
12678   4791   4792
12679   2704   4791
12680   4355   4791
12681      9   4791
12682   4197   4792
12683   4354   4792
12692   2428   4794
12694   4796   4797
12695   4486   4796
12696   4582   4796
12697   3520   4796
12698   2003   4797
12699   4581   4797
12700    324   4797
12712   3800   4801
12714   3936   4801
12729    940   4805
12749   4813   4814
12750   1181   4813
12752   1184   4813
12753   2891   4814
12754   4687   4814
12755   2780   4814
12756   4815   4816
12759   1261   4815
12760   2827   4816
12762   4484   4815
12763   4384   4816
12765   4818   4819
12768    432   4818
12769   1525   4819
12770   4727   4819
12772   4820   4821
12773   4080   4820
12775   3174   4820
12776   4248   4821
12777   4773   4821
12778   3720   4821
12779   4822   4823
12780   4437   4822
12781   4503   4822
12782   4420   4822
12783   4269   4823
12790   2795   4825
12791   4531   4825
12792   4197   4825
12801   2933   4828
12802   4805   4828
12803    945   4828
12808   4512   4830
12809   4674   4830
12810   4114   4830
12821   4834   4835
12822   1329   4834
12823   1446   4834
12824   3522   4834
12825   1325   4835
12826   3468   4835
12827   1330   4835
12828   4836   4837
12830   4677   4836
12831    606   4836
12832   2778   4837
12840   3457   4840
12843   4347   4840
12844   4841   4842
12845   4818   4841
12847    429   4841
12848   1445   4842
12850   3386   4842
12852   4384   4843
12854   2827   4843
12867   4848   4849
12868     46   4848
12869   4627   4848
12870     47   4848
12871   4498   4849
12872   4629   4849
12873     31   4849
12877   1037   4850
12880   3362   4850
12884   4137   4853
12885   4765   4853
12886   4180   4853
12894   4302   4856
12897   2146   4856
12899   4858   4859
12903   3194   4859
12904   4637   4859
12905   4330   4859
12907   4860   4862
12909     55   4860
12911   4858   4862
12912     64   4860
12915   4863   4864
12918   1287   4863
12919   4693   4864
12921   4056   4863
12922   3229   4864
12931   4868   4869
12932    739   4868
12934   2455   4868
12936    700   4869
12937   3127   4869
12947   4873   4874
12950   3995   4873
12951    920   4874
12953   4648   4873
12954   4103   4874
12957   1168   4876
12958   1279   4876
12959   4754   4876
12980   1964   4882
12983   1965   4882
12990   2738   4886
12991   4704   4886
12992   4254   4886
12997   4716   4888
12998   4873   4888
12999   3853   4888
13004   1797   4890
13005   4778   4890
13006   1798   4890
13007   4891   4892
13008   3355   4891
13009   4813   4891
13011   4278   4892
13012   4687   4892
13013   3752   4892
13014   4893   4894
13015   4187   4893
13018   3608   4894
13019   4701   4894
13021   4895   4896
13023   4858   4895
13026   4637   4896
13032    977   4898
13035   4484   4898
13046   4903   4904
13047   4133   4903
13048   4816   4903
13049   2502   4903
13051   4815   4904
13052   2501   4904
13053   4905   4906
13054   1616   4905
13055   3272   4905
13056    979   4905
13058    627   4906
13059   1622   4906
13065   3552   4909
13068   2463   4909
13070   2127   4910
13071   4526   4910
13072   3474   4910
13085   4915   4916
13086   4345   4915
13087   4864   4915
13088    568   4915
13089   3924   4916
13090   4863   4916
13091   1293   4916
13093   4917   4919
13095   3234   4917
13097   1466   4919
13100   4273   4919
13102   1226   4920
13103   4805   4920
13104   3691   4920
13111   3016   4922
13114   4532   4922
13117   4925   4926
13118    515   4925
13119   4173   4925
13120     91   4925
13121    306   4926
13122   4174   4926
13123   3189   4926
13128   2846   4928
13131   3768   4928
13136   1216   4930
13139   1217   4930
13142   4933   4934
13145    285   4933
13146   1101   4934
13147   4909   4934
13158   4938   4939
13159   2992   4938
13160   4734   4938
13161   2289   4938
13162   4231   4939
13163   4733   4939
13164   1100   4939
13165   4940   4941
13167   4754   4940
13168   1174   4940
13169   3871   4941
13170   4755   4941
13171   2506   4941
13176      3   4943
13179   4197   4943
13181   4945   4946
13182   4406   4945
13183   4850   4945
13184   1022   4945
13185   4672   4946
13187   1719   4946
13188   4947   4948
13189   4904   4947
13190   4898   4947
13191   3610   4947
13192    413   4948
13194    419   4948
13200   2162   4951
13208   1044   4953
13209   4862   4953
13213   4955   4956
13215   1151   4955
13216   4764   4956
13218   3688   4955
13220   4957   4958
13221   3886   4957
13222   4856   4957
13223   3903   4957
13224   1216   4958
13239    950   4962
13242   3906   4962
13245   4965   4966
13246   4843   4965
13247   4955   4965
13248   1076   4965
13249   4951   4966
13250   4956   4966
13251   3401   4966
13256   4477   4968
13258   2753   4968
13283   4895   4976
13284   4977   4978
13285   4137   4977
13287   1046   4977
13288   3413   4978
13289   4840   4978
13290     77   4978
13291   4979   4980
13292   3653   4979
13293   4946   4979
13294   4671   4979
13295   3001   4980
13296   4850   4980
13297   4082   4980
13323   4989   4990
13324   1765   4989
13325   4811   4989
13326   4794   4989
13327   4240   4990
13329   1996   4990
13355   4999   5000
13356   4934   4999
13358   3180   4999
13359   2999   5000
13360   4930   5000
13361   3886   5000
13374   4647   5005
13377   3331   5005
13378   5006   5007
13379   4572   5006
13383   5005   5007
13384   4599   5007
13385   5008   5009
13386   4512   5008
13387   4575   5008
13389   4123   5009
13391    809   5009
13392   5010   5011
13395    577   5010
13396   1300   5011
13398   1303   5010
13399   1288   5011
13417   5018   5019
13420   1076   5018
13421   1151   5019
13423   1156   5018
13426   5021   5022
13427   4830   5021
13429   4664   5021
13430   4511   5022
13431   4922   5022
13432   4722   5022
13436    996   5023
13439    968   5023
13453    606   5029
13456   3282   5029
13490   5041   5042
13491   1070   5041
13493   3215   5041
13494   4843   5042
13495   4951   5042
13496   4275   5042
13506   5046   5047
13507   1460   5046
13509   4119   5046
13510   1328   5047
13513   5048   5049
13514   3806   5048
13515   4856   5048
13517   2901   5049
13518   4958   5049
13519   3235   5049
13536   5055   5056
13539   2266   5055
13540   4492   5056
13541   4962   5056
13542   2264   5056
13547   3113   5058
13549   3097   5058
13550   5059   5060
13551   4801   5059
13552   5019   5059
13553   3769   5059
13554   3934   5060
13555   5018   5060
13556   1577   5060
13568   5065   5066
13570    191   5065
13573   1804   5065
13574    238   5066
13578   1080   5067
13581   5008   5067
13584   5070   5071
13585   1867   5070
13587   4633   5070
13589   4976   5071
13590   4593   5071
13602   1440   5075
13605   2968   5075
13607   5077   5078
13608   4594   5077
13609   4962   5077
13610   3268   5077
13611   4447   5078
13612   5055   5078
13613   3844   5078
13630   5084   5085
13631   4355   5084
13632   4912   5084
13633    284   5084
13634   3606   5085
13636   4933   5085
13644   5088   5089
13645   2886   5088
13646   5075   5088
13647   3234   5088
13648   1364   5089
13655   1148   5091
13658   1155   5091
13660   5093   5094
13661   4511   5093
13662   5067   5093
13663   1068   5093
13664   4532   5094
13666   1736   5094
13699   5105   5106
13700   3026   5105
13701   4746   5105
13704   4763   5106
13705   2980   5106
13706   5107   5108
13707    300   5107
13708   5023   5107
13709   3342   5107
13710    308   5108
13712   2860   5108
13722   5112   5113
13723   1563   5112
13724   5065   5112
13725   4759   5112
13727   5066   5113
13728   4600   5113
13761   5124   5125
13762   3191   5124
13763   3915   5124
13765   1508   5125
13766    514   5125
13785    627   5131
13787   3272   5131
13800   5136   5137
13801    392   5136
13802   4928   5136
13803   3903   5136
13804   1218   5137
13806   4958   5137
13807   5138   5139
13808   5131   5138
13809   4374   5138
13810   4041   5138
13812   4891   5139
13813   4429   5139
13819   2796   5142
13822   5007   5142
13823   5143   5144
13824   5124   5143
13825   4218   5143
13826   4286   5143
13827   5125   5144
13828   3282   5144
13829   3910   5144
13839   5148   5149
13840   2704   5148
13841   4943   5148
13842     17   5148
13843    289   5149
13845    845   5149
13846   5150   5151
13849   3956   5150
13852    347   5150
13853   3432   5151
13855   5153   5154
13856   4365   5153
13857   4794   5153
13858   1751   5153
13859   2460   5154
13861   4029   5154
13862   5155   5156
13863    289   5155
13864   4933   5155
13865   4106   5155
13866   4442   5156
13867   4909   5156
13868   4262   5156
13869   5157   5158
13870   4811   5157
13871   5011   5157
13872   2223   5157
13873   4990   5158
13874   5010   5158
13875   2881   5158
13885   5162   5163
13889   4286   5163
13891   3942   5162
13892   3191   5163
13903   5168   5169
13904   3376   5168
13905   5058   5168
13907   4596   5169
13909    782   5169
13913    763   5170
13916   4828   5170
13919   5173   5174
13920   1504   5173
13921   5163   5173
13922   2624   5173
13923   1835   5174
13924   5162   5174
13925   3447   5174
13926   5175   5176
13927    514   5175
13928   5029   5175
13930    518   5176
13932   4894   5176
13949   5182   5183
13950   4767   5182
13951   4943   5182
13953   4106   5183
13954   5149   5183
13955   4343   5183
13956   5184   5185
13957   4044   5184
13958   5029   5184
13959   1769   5184
13960   4473   5185
13961   5176   5185
13963   5186   5187
13964   4882   5186
13965   5091   5186
13966   2548   5186
13969   3439   5187
13978   3853   5190
13979   5191   5192
13980    971   5191
13981   4898   5191
13982    973   5191
13983   2289   5192
13984   4948   5192
13985   2992   5192
13986   5193   5194
13987   2916   5193
13989   3416   5193
13990   3518   5194
13991   5142   5194
13992   3591   5194
13993   5195   5196
13994   2652   5195
13996   2834   5195
13997   3804   5196
13998   5190   5196
14029   3620   5204
14032   5207   5208
14035   2759   5207
14036   3192   5208
14038   2883   5207
14039   2141   5208
14051   3664   5213
14053   1326   5213
14074   5220   5222
14076   3644   5220
14078   2014   5222
14079   4781   5220
14082   5223   5224
14083   3293   5223
14084   5220   5223
14085   1549   5223
14086   4265   5224
14087   5222   5224
14089   5225   5226
14090    913   5225
14091   4928   5225
14092    903   5225
14094   5137   5226
14095   2740   5226
14112   5232   5233
14113   5019   5232
14114   5091   5232
14115   1147   5232
14116   4801   5233
14117   5187   5233
14118    947   5233
14128   5237   5238
14129   4517   5237
14130   5208   5237
14131   1862   5237
14132   4525   5238
14133   5207   5238
14134   1666   5238
14146    885   5242
14149   4919   5242
14156   2826   5246
14165   1350   5249
14168   2171   5249
14169   5250   5251
14170   4194   5250
14171   5094   5250
14173    809   5251
14174   5067   5251
14175   3055   5251
14177   5252   5254
14181   4481   5254
14182   3410   5252
14184   4265   5254
14185   5255   5256
14188   3251   5255
14189   2540   5256
14191   3804   5255
14192    929   5256
14204   2588   5260
14207   1883   5260
14213   3174   5263
14216   3153   5263
14219   5266   5267
14220   4296   5266
14221   5195   5266
14222   4677   5266
14223   4519   5267
14224   5190   5267
14225   4837   5267
14226   5268   5269
14227   1457   5268
14228   5204   5268
14229   3467   5268
14230   1460   5269
14232   1324   5269
14249   5275   5276
14252   3492   5275
14253   4251   5276
14254   5263   5276
14255   3720   5276
14256   5277   5278
14257   4920   5277
14258   5170   5277
14260   1217   5278
14262   4912   5278
14267   4550   5280
14269   4868   5280
14271    867   5281
14272   5242   5281
14273    872   5281
14277   5283   5284
14280    266   5283
14281   3438   5284
14283   5162   5283
14284    274   5284
14286   5286   5287
14288   5278   5286
14289    284   5286
14290    722   5287
14291   5170   5287
14292    719   5287
14293   5288   5289
14294   4012   5288
14296   5260   5288
14297   4202   5289
14298   4497   5289
14323   5297   5298
14324   4538   5297
14326   2701   5297
14328   5246   5298
14329    544   5298
14338   1450   5301
14343   3239   5303
14346   4940   5303
14348   5305   5306
14349   5151   5305
14350      9   5305
14351   4239   5305
14352   5150   5306
14353   4869   5306
14354   4162   5306
14355   5307   5308
14358   1112   5307
14359    483   5308
14361    865   5307
14362   2057   5308
14367   3871   5310
14370   4580   5310
14374   3820   5313
14375   5252   5313
14380   5315   5316
14381   1386   5315
14382   5310   5315
14383   3704   5315
14384   4198   5316
14388   3658   5317
14390   1421   5317
14394   5319   5320
14395   5085   5319
14396   5263   5319
14397   1101   5319
14398   4912   5320
14399   5275   5320
14400   1097   5320
14401   5321   5322
14402   4805   5321
14403   5284   5321
14405    945   5322
14406   5283   5322
14407   2904   5322
14421   2624   5327
14424   4097   5327
14426   5329   5330
14427   4553   5329
14428   5289   5329
14429    232   5329
14430   3985   5330
14431   5260   5330
14432    243   5330
14450   5336   5338
14452    260   5336
14454   4219   5338
14455    991   5336
14457   2114   5338
14459   4599   5339
14460   5256   5339
14461   5246   5339
14465   5341   5342
14466   4503   5341
14469   4823   5342
14470   5249   5342
14471    143   5342
14511   5355   5356
14514   4651   5355
14515   4326   5356
14517   4781   5355
14545   5366   5367
14547    430   5366
14548   4359   5367
14550   4818   5366
14551   4728   5367
14552   5368   5369
14553   2930   5368
14554   5336   5368
14555    266   5368
14557   5338   5369
14558   3438   5369
14559   5370   5371
14561   5366   5370
14562   5313   5370
14563   4191   5371
14564   5367   5371
14565   3945   5371
14568   5373   5374
14570    324   5373
14571   2003   5374
14573   4416   5373
14574   3829   5374
14575   5375   5376
14576   1255   5375
14577   5308   5375
14578   3841   5375
14579   2262   5376
14580   5307   5376
14581   2898   5376
14584   5378   5379
14586   4674   5378
14587   2071   5379
14589   4512   5378
14590   5041   5379
14591   5380   5381
14592   1924   5380
14593   3628   5380
14594   1549   5380
14595    240   5381
14596   1544   5381
14597   5113   5381
14610   4003   5385
14613   4737   5385
14619   1046   5388
14622   4862   5388
14625   5391   5392
14629   2162   5392
14631   5047   5391
14637   1939   5394
14640   4180   5394
14653     48   5399
14656   4789   5399
14672   5066   5406
14673   5374   5406
14674   2298   5406
14691   5412   5413
14692   1077   5412
14693   5378   5412
14694   5046   5412
14695   4951   5413
14696   5379   5413
14697   5392   5413
14698   5414   5415
14699   4475   5414
14701     46   5414
14702   3510   5415
14703   5399   5415
14704     47   5415
14705   5416   5417
14706    515   5416
14708   4893   5416
14709    520   5417
14711   5175   5417
14721   5421   5422
14722   5070   5421
14725   4976   5422
14726   5388   5422
14753   5431   5432
14754   1336   5431
14757   1329   5432
14758   5394   5432
14759   1318   5432
14768   5435   5437
14770   2921   5435
14772   4411   5437
14773   4308   5435
14775   4689   5437
14776   5438   5439
14777   4349   5438
14778   5356   5438
14779   4382   5438
14780   4619   5439
14781   5355   5439
14782   3533   5439
14783   5440   5441
14785   5435   5440
14786   4077   5440
14787   2464   5441
14788   5437   5441
14789   4332   5441
14790   5442   5443
14791   3602   5442
14792   5416   5442
14793    562   5442
14794    602   5443
14795   5417   5443
14796    606   5443
14797   5444   5445
14798   4575   5444
14799   5269   5444
14800   2858   5444
14801   5009   5445
14802   5204   5445
14803   4027   5445
14804   5446   5447
14805   4663   5446
14807   5055   5446
14808   4446   5447
14809   5385   5447
14810   4492   5447
14816   2740   5450
14819   2094   5450
14820   5451   5452
14821   2074   5451
14822   5392   5451
14823   4254   5451
14825   5391   5452
14826   2192   5452
14827   5453   5454
14830   1894   5453
14831   2997   5454
14833   1895   5453
14834   3300   5454
14838   5457   5458
14840    947   5457
14841   3800   5458
14843   4577   5457
14844   5226   5458
14848   1044   5459
14851   2930   5459
14861   5464   5465
14862   4211   5464
14863   5454   5464
14864   5301   5464
14866   5453   5465
14867   5317   5465
14877   5469   5470
14878   2756   5469
14880   5327   5469
14881   1499   5470
14882   5450   5470
14884   5471   5472
14885   1050   5471
14886   5369   5471
14887   5459   5471
14888   3415   5472
14889   4579   5472
14900   5476   5477
14901   1762   5476
14902   4773   5476
14903   4811   5476
14904   3102   5477
14905   4820   5477
14906   2223   5477
14933   3852   5485
14936    538   5485
14951    229   5491
14962   1249   5496
14966   5497   5498
14967   3515   5497
14968   5469   5497
14969   2901   5497
14970   3059   5498
14971   5450   5498
14972   3235   5498
14994   4617   5506
14997   1843   5506
14998   5507   5508
14999   2425   5507
15000   5399   5507
15001   5182   5507
15002   3068   5508
15003   5414   5508
15004   4542   5508
15037   5519   5520
15038   5327   5519
15039   5457   5519
15040   4286   5519
15041   5470   5520
15042   5458   5520
15043   3910   5520
15060   5526   5527
15061   4116   5526
15063    362   5526
15064   4131   5527
15065   5491   5527
15066   2337   5527
15072   3831   5530
15075   2966   5530
15092   5536   5537
15095   1352   5536
15096   5089   5537
15098    648   5536
15099   4917   5537
15122   5496   5545
15123   4010   5545
15124   5546   5547
15127   3005   5546
15128   3145   5547
15129   5506   5547
15147   5553   5554
15148    877   5553
15150   4874   5553
15151   4740   5554
15152   5485   5554
15153   4888   5554
15266   5590   5591
15269   3073   5590
15271   5530   5591
15272   4638   5591
15274   5242   5592
15275   5537   5592
15276   4315   5592
15372   4842   5622
15375   4027   5622
15385   5627   5628
15386    894   5627
15389   5204   5628
15390   5622   5628
15391   1440   5628
15394   5630   5631
15396   4668   5630
15397   4290   5631
15399   4770   5630
15400   2285   5631
15413   2153   5636
15421   5496   5638
15422   5636   5638
15423   4365   5638
15428   2000   5640
15429   5636   5640
15430   4778   5640
15445    484   5646
15448   5496   5646
15458   5650   5651
15459   4968   5650
15461   4684   5650
15462   4226   5651
15464   2891   5651
15494   5303   5661
15495   2779   5661
15496   5651   5661
15500   1424   5662
15513   5667   5668
15516   4238   5667
15519    991   5667
15520   4522   5668
15522   5670   5671
15523   4910   5670
15524   5668   5670
15525   5316   5670
15526   2114   5671
15527   5667   5671
15528   5310   5671
15529   5672   5673
15530   5341   5672
15532    151   5672
15533   3788   5673
15534   5646   5673
15535   1304   5673
15537   4495   5674
15538   5662   5674
15539   5317   5674
15543   5676   5677
15544   4525   5676
15545   5630   5676
15546   1671   5676
15547    971   5677
15548   5631   5677
15549   2289   5677
15554   4858   5679
15555   5662   5679
15556   4953   5679
15557   5680   5681
15560   1104   5680
15561   2222   5681
15563   3101   5680
15564   3396   5681
15566   5683   5684
15567   1668   5683
15568   5681   5683
15569   2969   5683
15570   2692   5684
15571   5680   5684
15572   4733   5684
15591   5691   5692
15594   5341   5691
15595   3469   5692
15597   5249   5692
15620   1181   5700
15621   5692   5700
15622   1184   5700
15630   5703   5704
15633   2733   5703
15634   1266   5704
15636   5023   5703
15637   5108   5704
15639   5706   5707
15641   5704   5706
15642   3215   5706
15644   5703   5707
15645   4275   5707
15647   5708   5710
15649   5190   5708
15651   4716   5710
15652   5006   5708
15654   5005   5710
15662   5713   5714
15663    617   5713
15664   5708   5713
15665   4837   5713
15667   5710   5714
15668   4005   5714
15674   5547   5717
15677    651   5717
15683   5213   5720
15686   5545   5720
15692    177   5723
15695    375   5723
15696   5724   5725
15697   2716   5724
15699   2812   5724
15700   4917   5725
15701   5717   5725
15702   4617   5725
15703   5726   5727
15704   5672   5726
15707   5646   5727
15708   5720   5727
15719   5731   5732
15720   5491   5731
15723   5526   5732
15724   5723   5732
15725   4416   5732
15729   4906   5733
15735   5736   5737
15736   5546   5736
15737   5733   5736
15738   1616   5736
15739   5506   5737
15741   4062   5737
15742   5738   5739
15743    232   5738
15744   5731   5738
15745    243   5738
15746    378   5739
15747   5723   5739
15748    824   5739
15758   5743   5744
15759   5691   5743
15760   5726   5743
15761   3223   5743
15762   4418   5744
15763   5720   5744
15764   1461   5744
15765   5745   5746
15766   4282   5745
15767   5737   5745
15768   3094   5745
15769   4663   5746
15770   5733   5746
15771    629   5746
15772   5747   5748
15773   3871   5747
15775   5303   5747
15776   2997   5748
15778   5301   5748
15784   4477   5751
15787   2753   5751
15788   5752   5753
15789   4201   5752
15791   4077   5752
15792   4330   5753
15793   5751   5753
15794    462   5753
15799   3488   5755
15802   4120   5755
15804   5757   5758
15805    977   5757
15807   3610   5757
15808   1617   5758
15810   3876   5758
15815   1227   5760
15818    721   5760
15820   5762   5763
15823   2120   5762
15824   2171   5763
15826   4613   5762
15827   1178   5763
15830   5765   5767
15832   5301   5765
15834   5674   5767
15837   5679   5767
15838   5768   5769
15839   5047   5768
15840   5755   5768
15841   5452   5768
15842   1461   5769
15844   2186   5769
15845   5770   5771
15846   4420   5770
15847   5763   5770
15848   4823   5770
15850   5762   5771
15851   1657   5771
15853   5772   5774
15855    794   5772
15857   3147   5774
15858   4619   5772
15860   3533   5774
15861   5775   5776
15862   5755   5775
15863   5772   5775
15864   3981   5775
15865   5769   5776
15866   5774   5776
15867   1459   5776
15881   5757   5781
15883   1309   5781
15893   5785   5786
15894   2753   5785
15895   5765   5785
15896   4394   5785
15897   4330   5786
15898   5767   5786
15899   4497   5786
15900   5787   5788
15901   5726   5787
15902   2402   5787
15904   4426   5788
15905   1346   5788
15906   5781   5788
15907   5789   5790
15908   5193   5789
15909   5760   5789
15910   3464   5789
15911   5142   5790
15913   4264   5790
15917   4566   5791
15920    202   5791
15928   5706   5796
15931   2860   5796
15932   5797   5798
15933   4349   5797
15935   2074   5797
15936   4422   5798
15937   5796   5798
15938   2063   5798
15939   5799   5800
15940   4436   5799
15941   5791   5799
15942   3333   5799
15943   4131   5800
15945   5491   5800
15955   5804   5805
15956   4382   5804
15957   5797   5804
15958   4254   5804
15959   5316   5805
15960   5796   5805
15974   5459   5810
15977   5748   5810
15983   2942   5813
15986   4011   5813
15987   5814   5815
15988   4968   5814
15990   4860   5814
15991   5765   5815
15992   5810   5815
15993   4953   5815
15994   5816   5817
15995   1328   5816
15997   5431   5816
15998   5391   5817
15999   5813   5817
16000   2941   5817
16006   2313   5820
16009    241   5820
16010   5821   5822
16011   5800   5821
16013    321   5821
16014   5791   5822
16015   5820   5822
16016   4268   5822
16017   5823   5824
16018   5213   5823
16019   5816   5823
16020   1318   5823
16021   5545   5824
16022   5813   5824
16023   5636   5824
16029   3888   5827
16032   3447   5827
16034   5828   5830
16036   5169   5828
16038   4463   5830
16039   5058   5828
16041   3281   5830
16042   5831   5832
16043   4116   5831
16044   5828   5831
16045    332   5831
16046   4131   5832
16047   5830   5832
16048    321   5832
16049   5833   5834
16050   5731   5833
16051   5821   5833
16052   5373   5833
16053    238   5834
16054   5820   5834
16055   5406   5834
16060   1913   5836
16061   5827   5836
16068   4580   5839
16071   5747   5839
16075   1409   5840
16078   2709   5840
16081   5843   5844
16082   3187   5843
16084    320   5843
16085   3713   5844
16086   5840   5844
16087    678   5844
16091    783   5845
16097   5848   5849
16100   2652   5848
16101   3804   5849
16103   4326   5848
16104   4452   5849
16110   4569   5852
16111   5845   5852
16112   5827   5852
16113   5853   5854
16114   5814   5853
16117   5810   5854
16118   5839   5854
16119   5472   5854
16120   5855   5856
16121   5650   5855
16122   5853   5855
16123     74   5855
16124   5661   5856
16125   5839   5856
16126   1391   5856
16143   5862   5863
16144   5222   5862
16145   3251   5862
16146   5849   5862
16147   5356   5863
16148   3509   5863
16149   5848   5863
16151   5864   5866
16153   1045   5864
16155   3691   5866
16156   1050   5864
16158   5321   5866
16163   4480   5868
16166   4841   5868
16168   5870   5871
16169   4155   5870
16170   5840   5870
16171    174   5870
16172    197   5871
16173   5843   5871
16174   3828   5871
16184   5875   5876
16185   5370   5875
16186   5868   5875
16187   5252   5875
16190   1059   5876
16191   5877   5878
16192   1044   5877
16193   5864   5877
16194   5388   5877
16195   4160   5878
16196   5866   5878
16197   5421   5878
16199   5879   5881
16201   1174   5879
16203   3134   5881
16204   4227   5879
16206   4503   5881
16212   1915   5884
16215   4337   5884
16216   5885   5886
16217   4146   5885
16219     52   5885
16220   1530   5886
16222   3154   5886
16232   5890   5891
16233   4683   5890
16234    453   5890
16235   5885   5890
16236     71   5891
16237   4819   5891
16238   5886   5891
16239   5892   5893
16240   5622   5892
16241   5868   5892
16242   5485   5892
16243   5627   5893
16244   5876   5893
16245   5553   5893
16246   5894   5895
16247   1580   5894
16249   2915   5894
16250   2269   5895
16251   5884   5895
16252   3775   5895
16253   5896   5897
16255   5894   5896
16256   1582   5896
16257   5852   5897
16258   5884   5897
16259   5836   5897
16260   5898   5899
16261   5700   5898
16262   5879   5898
16263   4876   5898
16264   5691   5899
16265   5881   5899
16266   4418   5899
16271   5168   5901
16274   4642   5901
16365   5931   5932
16366   4644   5931
16367   5901   5931
16368   3097   5931
16369   4569   5932
16371   5845   5932
16401    736   5940
16404   5943   5944
16405    877   5943
16407   4103   5943
16408   4121   5944
16409   5940   5944
16410   4378   5944
16420   5948   5949
16421     64   5948
16423   2546   5948
16424   5853   5949
16426   3415   5949
16436   5953   5954
16437   5948   5953
16438   1439   5953
16439   3154   5953
16440   5949   5954
16441   3387   5954
16442     74   5954
16445   5956   5957
16447    438   5956
16448    430   5957
16450   4661   5956
16451   4687   5957
16454   5959   5960
16456   1668   5959
16457   2029   5960
16459   1677   5959
16460   2031   5960
16466   1227   5963
16469   5836   5963
16470   5964   5965
16471   5901   5964
16472   5959   5964
16473    782   5964
16474   5932   5965
16475   5960   5965
16477   5966   5967
16478    722   5966
16480    724   5966
16481    719   5967
16482   5963   5967
16483    721   5967
16484   5968   5969
16485   3293   5968
16486   5956   5968
16487   5254   5968
16488   2645   5969
16489   5957   5969
16490   5313   5969
16495   1288   5971
16498   4811   5971
16501   5973   5975
16503   3469   5973
16505   1184   5975
16506   3147   5973
16508   4076   5975
16509   5976   5977
16510   4794   5976
16511   5971   5976
16512   4057   5976
16513   5154   5977
16515   5590   5977
16517   5978   5980
16519   3622   5978
16522   3649   5978
16524   3180   5980
16525   5981   5982
16526   3513   5981
16527   5973   5981
16528   5131   5981
16529   4390   5982
16530   5975   5982
16531   5139   5982
16535   2888   5983
16538   3341   5983
16541   5986   5987
16542   5971   5986
16543   5983   5986
16544   1762   5986
16545   5977   5987
16547   3185   5987
16548   5988   5989
16549   1114   5988
16550   5978   5988
16551   1136   5988
16552   4410   5989
16553   5980   5989
16554   2584   5989
16555   5990   5991
16556   5591   5990
16557   5987   5990
16558   4211   5990
16559   3658   5991
16560   5983   5991
16561   5465   5991
16579   5997   5999
16581   4770   5997
16583   2739   5999
16584    996   5997
16586   5707   5999
16587   6000   6001
16588   5668   6000
16589   5997   6000
16590   4703   6000
16591   5805   6001
16592   5999   6001
16593   4886   6001
16667   6025   6026
16669   5105   6025
16670   1294   6025
16672   1815   6026
16673   4693   6026
16683   6030   6031
16684   6025   6030
16685   3341   6030
16686   1288   6030
16687   6026   6031
16688   3084   6031
16689   1300   6031
16692   6033   6034
16694   2460   6033
16695   3134   6034
16697   3788   6033
16698   4503   6034
16699   6035   6036
16700   4456   6035
16701   6033   6035
16702   5590   6035
16703   4437   6036
16704   6034   6036
16705   5530   6036
16748   6050   6052
16750   2203   6050
16752   3503   6052
16753   3701   6050
16755    876   6052
16758   3651   6053
16759     48   6053
16772   6058   6059
16773   6053   6058
16774   5760   6058
16775   4548   6058
16777   5790   6059
16778   2795   6059
16787   6062   6064
16789    924   6062
16791   1810   6064
16792   3996   6062
16794   5224   6064
16795   6065   6066
16796   3929   6065
16797   6062   6065
16798   3894   6065
16799   2541   6066
16800   6064   6066
16801   1809   6066
16820   6073   6074
16822   5440   6073
16823   4612   6074
16825   2337   6073
16826   5771   6074
16827   6075   6076
16828    229   6075
16829   6073   6075
16830   5752   6075
16831   4691   6076
16832   6074   6076
16833   5751   6076
16834   6077   6078
16837   2584   6077
16838    722   6078
16840    285   6077
16841   5286   6078
16843   6080   6081
16844   4930   6080
16845   6078   6080
16846   3623   6080
16847   4999   6081
16848   6077   6081
16849   5980   6081
16850   6082   6083
16853   3399   6082
16854   1126   6083
16856   3888   6082
16857   1855   6083
16859   6085   6086
16860   5966   6085
16861   6083   6085
16862   3611   6085
16863   5963   6086
16864   6082   6086
16865   3950   6086
16898   6097   6098
16901   4082   6097
16902    736   6098
16904    127   6097
16905   5281   6098
16907   6100   6101
16908   5592   6100
16909   6098   6100
16910   4121   6100
16911   5536   6101
16912   6097   6101
16913   1037   6101
16915   6102   6104
16917   1656   6102
16919   3516   6104
16920   4308   6102
16922   4689   6104
16939   6110   6111
16940    776   6110
16941   6102   6110
16942   3098   6110
16943   2763   6111
16944   6104   6111
16945   1496   6111
16950   1769   6113
16953   4264   6113
16955   6115   6116
16956   4701   6115
16957   6113   6115
16958   5185   6115
16959   2670   6116
16961   3036   6116
16962   6117   6118
16963   6059   6117
16964   6113   6117
16965   4630   6117
16966   6053   6118
16967   6116   6118
16968   4789   6118
16974   3361   6121
16977   4701   6121
16978   6122   6123
16979    549   6122
16981    544   6122
16982   4264   6123
16983   6121   6123
16984   3464   6123
16986   6124   6126
16988    668   6124
16990    666   6126
16991   5965   6124
16993   1587   6126
16999   4483   6129
17002   3712   6129
17003   6130   6131
17004   5845   6130
17005   6124   6130
17006    678   6130
17007   5896   6131
17008   6126   6131
17009   3713   6131
17010   6132   6133
17011   6122   6132
17013    562   6132
17014   6121   6133
17015   6129   6133
17016   4893   6133
17035   6140   6141
17037   5298   6140
17038   4641   6141
17040   5339   6140
17041   5255   6141
17042   6142   6143
17043   5006   6142
17044   6140   6142
17045    549   6142
17046   5196   6143
17047   6141   6143
17048   3911   6143
17068   3956   6149
17071   4085   6149
17074   6152   6153
17075   4977   6152
17077   5422   6152
17078   4840   6153
17079   6149   6153
17084   3873   6154
17087   3922   6154
17090   6157   6158
17091   5394   6157
17092   6154   6157
17093   4853   6157
17094   5431   6158
17096   4764   6158
17102   1326   6161
17105   5727   6161
17119   3349   6166
17121   6161   6166
17133   6171   6172
17135   1380   6171
17136   4152   6172
17139   3876   6172
17140   6173   6174
17142   1380   6173
17143   6166   6173
17144   1309   6174
17145   4710   6174
17147   6175   6176
17148   5724   6175
17149   6171   6175
17150   1357   6175
17151   5717   6176
17152   6172   6176
17153   3933   6176
17157    478   6177
17160   4302   6177
17163   6180   6181
17164   6166   6180
17166    484   6180
17167   6174   6181
17168   6177   6181
17169    488   6181
17170   6182   6183
17171   1527   6182
17172   6177   6182
17173   4461   6182
17174   2587   6183
17175   6180   6183
17178   6184   6186
17180    484   6184
17182   5638   6186
17183   6183   6184
17185   5640   6186
17186   6187   6188
17187   4460   6187
17188   6184   6187
17189    483   6187
17190   4890   6188
17191   6186   6188
17192   2057   6188
17193   6189   6190
17196   1527   6189
17197   3378   6190
17199   1528   6189
17200   3058   6190
17202   6192   6193
17203   3235   6192
17204   6190   6192
17205   5048   6192
17206   3136   6193
17207   6189   6193
17208   4302   6193
17210   6194   6196
17212   6171   6194
17214   2812   6196
17215   5758   6194
17217   2401   6196
17218   6197   6198
17219   5781   6197
17220   6194   6197
17221   6173   6197
17222   5787   6198
17223   6196   6198
17224   6161   6198
17865   6399   6400
17868   3443   6399
17869    699   6400
17871    679   6399
17872   6129   6400
17874   6402   6403
17875   6132   6402
17876   6400   6402
17877    295   6402
17878    557   6403
17879   6399   6403
17880   4615   6403
17885   5151   6405
17888   4251   6405
17890   6407   6408
17891   3922   6407
17892   6405   6407
17893   6149   6407
17894   3873   6408
17896   6152   6408
17898   6409   6411
17900   4956   6409
17902   1904   6411
17903   2161   6409
17905   3721   6411
17906   6412   6413
17907   2941   6412
17908   6409   6412
17909   6158   6412
17910   3923   6413
17911   6411   6413
17912   6154   6413
18029   3432   6450
18032   4912   6450
18034   6452   6453
18035   5275   6452
18036   6450   6452
18037   6405   6452
18038   4154   6453
18040   6408   6453
18041   6454   6455
18042   5277   6454
18043   6450   6454
18044   4633   6454
18045   3691   6455
18046   6453   6455
18047   5421   6455
18081   6466   6468
18083   4976   6466
18085   4896   6468
18086   6153   6466
18088   1971   6468
18089   6469   6470
18090   3956   6469
18091   6466   6469
18092    347   6469
18093   1723   6470
18094   6468   6470
18095   1973   6470
18100   5106   6472
18103   3026   6472
18105   6474   6475
18106   1430   6474
18107   6472   6474
18108   5297   6474
18109   4250   6475
18111   5246   6475
18113   6476   6478
18115   4250   6476
18117   2203   6478
18118   4015   6476
18120   5071   6478
18121   6479   6480
18122   5662   6479
18123   6476   6479
18125   4895   6480
18126   6478   6480
18128   6481   6482
18132   5288   6482
18134   6479   6481
18135   4495   6482
18137   6484   6485
18138   6472   6484
18139   6482   6484
18140   3164   6484
18141   6475   6485
18142   6481   6485
18143   2540   6485
18145   6486   6488
18147   3777   6486
18149   3287   6488
18150   3894   6486
18152   4104   6488
18157   6052   6490
18158   6488   6490
18159   1973   6490
18160   6491   6492
18163   6050   6491
18164   3929   6492
18166   6490   6491
18167   6486   6492
18169   6494   6495
18170   4012   6494
18171   6492   6494
18172   6481   6494
18173   4896   6495
18174   6491   6495
18175   6480   6495
18192   6501   6502
18195   5546   6501
18196   3004   6502
18198   5733   6501
18199   1619   6502
18201   6504   6505
18202   5385   6504
18203   6502   6504
18204   4780   6504
18205   5446   6505
18206   6501   6505
18207   4447   6505
18208   6506   6507
18211   4315   6506
18212   5627   6507
18214   4505   6506
18215   5876   6507
18233   6514   6515
18234   6507   6514
18235   5075   6514
18236   4191   6514
18237   6506   6515
18238   5089   6515
18239   4414   6515
18241   6516   6518
18243   4465   6516
18246   4922   6516
18248   5021   6518
18249   6519   6520
18250      5   6519
18251   6516   6519
18252   3127   6519
18253   2870   6520
18254   6518   6520
18255   2455   6520
18288   6531   6532
18291   4825   6531
18292   4465   6532
18294   4792   6531
18295   3127   6532
18297   6534   6535
18298   3854   6534
18299   6532   6534
18300   4193   6534
18301   3591   6535
18302   6531   6535
18303   2796   6535
18368   6556   6557
18371   5714   6556
18372   3331   6557
18374    813   6556
18375   5250   6557
18377   6559   6560
18378   3336   6559
18379   6557   6559
18380   4630   6559
18381   1772   6560
18382   6556   6560
18383   1769   6560
18389   4259   6563
18392    875   6563
18393   6564   6565
18394   2994   6564
18396   2455   6564
18397   4114   6565
18398   6563   6565
18399   6518   6565
18400   6566   6567
18401   5940   6566
18402   6564   6566
18403   5280   6566
18404   5943   6567
18405   6563   6567
18406   3578   6567
18423   6573   6574
18426    739   6573
18427    741   6574
18429   1724   6573
18430   4671   6574
18432   6576   6577
18433   1719   6576
18434   6574   6576
18435   5940   6576
18436   1725   6577
18437   6573   6577
18438   5280   6577
18727   6668   6669
18730   4882   6668
18731   5187   6669
18733   2778   6668
18734   3936   6669
18768   6681   6682
18769   4218   6681
18770   3282   6681
18771   6669   6681
18772   3166   6682
18773   4836   6682
18774   6668   6682
polygons 2380
1      5      6   5831  13840  13842
2     12   5831  12679  12681
3  12682  12792  18291  18294
5  12678  12679  12682  13179  13840  13841
6   6829  11822  11825  13111  13114
7   6828   6829  13176  13841  13842
8  11825  12791  12792  13176  13179
9  11827  13114  18243  18246
12      6   6828  13111  18246  18250  18251
13      5     12   7186  18250  18252
14   7186  12678  12681  18288  18294  18295
16  18243  18251  18252  18292  18295
17   6931   6932  12867  12870  12873
18     50   6377  11714  11718  12871  12873
19     50   6932   6933  12601  12603
20  10415  12031  12032  13953  13955
21  11857  12028  12029  12867  12868  12871
22  11859  13949  13955  14998  15001  15004
23   6377   8569  12597  12600  12603
24   6931   6933  14653  14703  14704
26  12597  12601  13950  14653  15000  15001
27  11854  11857  14701  15003  15004
29  12868  12870  14698  14701  14704
30  16122  16123  16424  16440  16442
33     94     95  12909  12912
34  12912  15990  16114  16420  16421  16424
36    102  11651  12909  13256  15988  15990
37     95    102   7279  16216  16219  16222
38     94   7279  16421  16437  16439
40    115  12328  15461  16121  16123
41  12324  12328  16232  16233  16236
43  11651  12326  16219  16233  16235
44    115  16222  16236  16238  16436  16439  16442
47    126   6126   6131   6333   6335
48   6334   6335  10685  12226  12227
49   6131  10647  10649  10650  12662  12663
50   6333   6334   9204  10361  10363
52    148   9204   9206  10679  10682  10685
53    150   9206  10362  10363
54    148    150   7397  13117  13120  13123
55   7396   7397   8650  10681  10682
56    126  10361  10362  10649  13119  13120
58   6388   7396  10650  13122  13123
60   6388   8650  12657  12660  12663
63   7653   9561  13607  13610  13613
65    173   6948   7653  10665  10668
68  10665  11716  12029  13608  13610
69   8766  11857  12637  12639
72   9555   9557  11552  13611  13613
73    204   5185   7250   9557   9558
74   5185   8765   8766  12143  12868  12869
78  10668  11716  12145  12871  12872
79    210    173   9555   9558   9561
80    210    204   6948  12138  12143  12145
81  12028  12638  12639  13607  13608  13611
83    217    218   8005  11604  12034  12035
84    221    222    223  11601  11604
85   6751  10834  10835  11477  11480  11483
86    231   7487   7489  11479  11480
87    233    218    234  11482  11483
88    217    223    236    237    234
89    236    222    238    231    239
90    239    237  11477  11479  11482
91    241    242  11601  12035  12036
92   6674  12034  12036  12487  12493  12494
93    221    242    245    238   7489   7490
94    233   6751   8005  12494  13159  13160
95    251    245    241   6674   6676
96    251   7487   7490  10833  10834  10837
97   6676  10837  12493  13162  13163
98   7007   7013   8114   8609   8611
99    261   7008   8108   8111   8114
100    264    265   4788   8109   8111
101    268    269   4788   8606   8608
103    271    272    273   8605   8606   8609
104    265    274    261  10588  16169  16171
106    284   9510  16168  16171  16174
108    269    290    284    274    264
109    294    295    271   7013   8707   8709
110    272    295   9511   9514
111    290    268    273   9507   9510   9511
112   7007   7008   8709  10588  10589
114   8707  10589  16168  16169  16172
115    294   9507   9514  16172  16174
116  11899  12536  12537  15917  15941  15942
117  12539  12540  15266  15269  15272
118  11938  11940  15269  16700  16702
119  11509  11510  11577  16699  16700  16703
121  12349  12350  15072  16703  16705
122  12171  12175  15072  15271  15272
124  11577  11934  11940  15917  15920
125  11510  15920  15940  15941
126  11899  12175  12176  12348  12350
128  11509  12348  12349  15940  15942
133    346   7867  11899  14427  14429
134    346  14951  15720  15743  15744
135   7867  14951  15939  15942  15945
136  14426  14429  14432  15743  15745
138  12537  12538  14426  14427  14430
141  15720  15945  16011  16050  16051
144    379    380  16009  16053  16054
145    382  15744  15745  16049  16050  16053
146  11936  15917  16009  16014  16015
147    380    382  10025  14430  14432
148    379  10025  11936  12536  12538
150  11018  13885  13889  14277  14283  14284
152   8217   8221  14281  14284
153  14277  14280  14281  14552  14555  14558
154   8221  10797  11018  13825  13826
155   7406   9795  10799  14450  14452  14454
156   7402   9795  13762  13763
157   9880  13891  14280  14283
158  13762  13824  13826  13889  13892
160   7402   7406   9882  13885  13891  13892
161   9880   9882  14452  14554  14555
163   8217  10794  10797  14454  14557  14558
164  11243  11873  11876  12682  12683
165   6189  11237  11243  13631  13633
166  13843  13863  13865  13953  13954
168    440   6189   8567  11873  12599  12600
169   8567  10422  13145  13864  13865
172   8776  13634  13636  13863  13864
173    440  13145  13630  13633  13636
175   8774   8776  13839  13840  13843
176   6230   8341  10727  10728  10731
177  10622  10626  10727  10730  10733
178   9780   9781  10625  10731  10733
179    465    466   8756   8758   8761
180    467   8427   8758   9779   9780
181    466    472    473    474    475    467
183    474  10626  10628  13710  13712
184    484   7899   8340   8341   8761   8762
185    484    485    486    472    465
186    475   8427  10622  10625  10628
187    485   7899  13707  13709
188    473    486  13706  13707  13710
189   6230   8756   8762   9779   9781
192  15943  16011  16013  16046  16048
193    504  10455  11444  15061  15723  15725
194    505  11444  14570  14573
195    504    508    509    510    505
196    511    509  16042  16045  16048
197    510    511  14570  16013  16051  16052
198    508  10455  16043  16045
203  17068  17079  18086  18090  18091
204  13846  13849  17068  17885  17892  17893
205  12155  12159  18029  18043  18044
206  13853  17885  18029  18036  18037
207  12025  12159  12161  13846  13852  13853
208  13849  13852  18090  18092
209  13587  14722  18041  18044  18047
210  12025  13589  13590  18083  18091  18092
211  14721  17077  17896  18040  18046  18047
215  14725  17074  17077  18083  18086
218    563   6514  10329  14770  14785  14786
219    570  15063  15695  15723  15724
220  11090  11093  15060  15063  15066
221    570   6512  11090  14770  14773
222  14951  15065  15066  16825  16828  16829
224  14786  15791  16822  16829  16830
225    346  10738  15789  16828  16830
226    563  10738  10741  15742  15743  15746
227  10329  10741  15789  15791
229   6512   6514  15695  15746  15747
233    599    600  10511  11055  11056
234  11055  11057  13131  13801  13802
236    616    599   9758  13801  13803
237    620   9422   9426   9755   9758
238    620    600    616  13192  13194
239   9426   9427  13188  13191  13194
240   6272   8790  13052  13189  13191
241  10511  13046  13047  13188  13189  13192
243   9311  11056  11057  13047  13049
244   5200   6269   6272   9311  13128  13131
248   9424   9755  13128  13802  13803
253    654  12768  14547  14550
255   8900   8901  12768  12845  12847
256  14547  14561  14562  16448  16489  16490
258  12845  14550  14561  16166  16185  16186
260  11659  14181  16447  16486  16487
261    654   8895   8897   8900  16445  16447  16448
262   8897   8898  11654  11656  11659
263  14375  14562  16185  16187
264    685   8895   8898   8901
265    685  11656  12847  16163  16166
266  11654  14177  14181  16163  16186  16187
267    693   9250  10556  16217  16219
268  10552  10555  16217  16234  16235
269  12089  14783  14787  16820  16822  16823
271   5086  10555  11170  14787  14789
272   9245   9250  10328  15788  15791  15794
273  10328  11168  14783  14786  14789
274    693  11651  15784  15793  15794
275  12326  12327  15784  16823  16832  16833
277   5086  12089  12327  16233  16234
280   9245  10552  10556  11168  11170
283    726    727  11590  11591  11594
284    728  11594  17157  17172  17173
285    727    733    734    735    728
286    726    736    737    738    739    733
287    736  11591  17187  17189
289  11590  17170  17173  17183  17187  17188
290    752    753    738    754
291    755    758    752  17163  17166  17169
292    754    737    755  17180  17188  17189
293    735    762  17157  17168  17169
294  17166  17175  17180  17183
295    758    762    734    739    753
302   6968  12469  12770  16232  16234  16237
303   6965   6969  12466  12469  12472
304  11256  12472  14548  14551
305   7835   9576  11255  14545  14547  14548
306    654    786   7835  11013  12328  12330
307    786  12765  12768  16236  16237
309   9573   9576  11013  12091  12092
310    793   6969   6971   9573  11255  11256
311   5086   5087   6965   6968   6971
312    793   5087  12086  12089  12092
313    796    126    797  13926  13927  13930
314    800    796  10649  10652
315    800  13927  14709  14711
317  10697  10700  13118  13120
318  10652  13118  13119  14705  14706  14709
319  10693  10697  13015  14706  14708
320  10360  10362  10693  10699  10700
321  10364  10699  13014  13015  13018
322    797   8783  10360  10361  10364
323   8783  13018  13930  13932
324    821  11784  11786  14933  14936
325  11657  14933  16163  16241  16242
327  10164  14936  15375  16240  16242
328  10158  10160  12850  15372  15375
331    685   8043   8044  11048  11051
332  11048  11656  11657  11785  11786
334    847    848  11051  11784  11785
335    848   8038   8043  10160  10161
336    847    821  10158  10161  10164
337   8038   8044  12844  12847  12850
340    860  16981  17011  17874  17875  17878
341  14329  16979  16981  17037  17044  17045
342   8427  12093  12094  12097  12183  12184
343    467  12097  17874  17877  17880
344  12094  12096  14324  14326
345   8757   8758  17013  17875  17877
346   5820  12093  12096  17878  17880
348    882   8757   9779  17042  17045  17048
349    882  16979  17011  17013
351    860   5820  14323  14326  14329
353    887   6348  18249  18250  18253
354    896   6347   6348  12355  12357
355    900    901    902   6842   6843
356    903   6842  11326  12355  12356
357    902    906      6    887    896    903
358   6827  12451  13111  13431  13432
359   6347  12262  13429  18248  18253  18254
363  11323  12260  12262  12356  12357
364   6843  11323  11326  12454  12456
365    900   6831  12450  12451  12454
366  12260  12450  12456  13426  13429  13432
368    906    901   6827   6828   6831
369  14224  14225  15649  15664  15665
370   6230   6233  12305  13996  14221  14222
371  13998  15649  15652  17042  17043  17046
375   6233   8762  14790  14791  14794
377    962  12828  12831  15663  15665
382  11958  13379  17043  17045
383  12305  12830  12831  14794  14796
384    882    962  11956  11958  14790  14793  14796
385   8756   8757  14791  14793
386  11956  13379  15652  15663  15664
389   9781  13993  13996  17046  17048
391   9208   9209  12504  12506
392    986   9209  10215  13785  13808  13810
393    994    986  12313  12505  12506
394    994   8469  13785  16526  16528
397   8469  11354  12313  12568  12570
398  11358  11488  13813  16529  16531
399  11352  11358  12567  12570  12573
400   1012   9208  10210  10215  10217
401  10217  11488  11489  12571  12573
403   1012  12504  12505  12567  12568  12571
404   8764   8766  11641  14699  14701
405   5180   6362   8460  14702  14704
406   5177   5180  12140  12869  12870
408   1029   1030   5177   6362   6363
409   1034   1035   1029  12140  12143
411   1036   1030   1035   9850  10103  10104
412   1034   1036   5185   5188
414   6363   8460  10098  10104  11642  11644
415   9848  10100  11638  11641  11644
416   5188   8764   8765   9846   9848   9850
419    504   1048  16081  16084  16087
420    505  11988  12699  12700  16082  16084
421   1057    509   8487   8490   8493
422    510   8493  12694  12697  12700
423   1057   1048    508  16988  17005  17006
424   1064   8488   8490  16986  16988  16990
425   8487   8488  11989  12696  12697
426   9125   9128  16990  17008  17009
427  16085  16087  17003  17006  17009
428   1064   9126   9128  11985  11988  11989
429   1075   9128  17002  17865  17871  17872
430   8231   8232  17868  17871
431   1075   1064   8232   8588   8589
432   8584   8588  11556  11989  11992
433   1089  11662  11664  12071  12073
435   7436   8586  11556  12071  12072
436   7393   9126  11665  16999  17002
437   1100   7393  11988  11991
438   1100   9963  11661  11662  11665
440   9963  11985  11991  11992  12072  12073
441   1089   7436   8236  17865  17868  17869
442  11661  11664  16999  17869  17872
445   9593   9595  11883  11885
446   9593  12936  12937  18295  18298  18299
447  11883  12931  12936  14267  14269
448  12934  14269  18396  18402  18403
451  10929  11612  18241  18243  18389  18398  18399
453   8683   9595  10931  10932  18298  18300
454  10927  10931  18389  18405  18406
455  12931  12934  12937  18249  18252  18255
456  18254  18255  18393  18396  18399
458   6375   8567   8569  16837  16840
459   6192   6194  16481  16483
460   6188   6189   6192  14286  14289  14292
461   6188   6194  11871  11873  11875
462   1149  11875  12602  12603  16477  16480  16483
463  14290  14292  16477  16478  16481
464   5451  16478  16480  16834  16837  16838
465    440  14289  16834  16840  16841
466  14286  14290  16838  16841
467   1149   5451   6375   6377
470  12932  14269  18426  18437  18438
471   7517   7522   7523  18394  18396
475   1176  16401  18427  18434  18435
476   1176   6754   7522  10092  10093
477   7523  10095  10096  12932  12934
478   6754  16401  18394  18401  18402
480  10091  10092  10095  18423  18426  18427
482  13632  13633  14262  14288  14289
483  14256  14262  18032  18042  18043
489   1210  13913  14291  14292
490   1212  12157  13913  14258  18042  18044
493   6188   8143   8146  11240  11243
494  11241  13631  13632  18029  18032
495   1212   1210   6192   8144   8146
496  11237  11240  11241  12159  12160
497   8143   8144  12155  12157  12160
498   1057   1225  13909  16036  16044  16045
500  13549  13905  16271  16367  16368
501   1048   8082   8083  10455  10458
502   8081   8082  16091  17004  17006
503   1242   1243   8081   8083
505   1243   7092  16091  16365  16368  16371
506  13903  13909  16271  16471  16473
507   1242   7092  10458  13549  16039  16043  16044
510   1225  16470  16473  16988  16991
511   5831   6386   7276   8774   8775
513  11241  12680  12681  13853  14349  14350
514     12   6386  10865  14350  14351
517   7276  10865  10908  14216  14253  14254
518  10908  14349  14351  17885  17888
520   7083  11000  11002  15766  15768
521   1277   8516  11002  11127  11128
522   1280   8521  12050  12053
523   8515   8516  11353  12050  12569  12570
524  12053  12310  12314  12568  12569
525   1280   1291  12256  12314  12316
526  12310  12313  12316  15769  15771
528  11130  11131  12256  15765  15766  15769
529   1291   8515   8521  11125  11128  11131
530   8467   8469  15765  15768  15771
532   1277   7083   8467  11353  11354
535  10090  15668  18371  18374
536  10711  10714  14170  18372  18375
537  13377  15654  15667  18368  18371  18372
538   8347   9413  12511  12513
539   9413  10929  10930  14169  14170  14173
540   8342   8344   8347  14173  14175
541   8342  10088  12512  12513  15651  15667  15668
542  12438  13374  15651  15654
543   6955   8344  10088  10090
544   6955  14169  14175  18368  18374  18375
546  10714  10932  12204  13374  13377
547    563   9285  10400  11571  11572
549   9350  10400  10403  15746  15748
550   1336   1337  15742  15745  15748
551   1337   5465   5950   9349   9350
554   5950   9341  10114  14204  14294  14296
555  10736  10738  14297  14428  14429
556  10112  10742  14293  14294  14297
557   9285  10117  10736  10741  10742
558   1336   5465  14204  14431  14432
559   1349   1350   1351   1352   1353
560   1354   1355   1356    901   1357   1349
561   1353   1354  10083  11559  11560
562   1361   1362    900   1356   1363
563   1364   1365   1366   1367   1361
564   1363   1355   1364  10083  12074  12075
566   1352   8587  11555  11556  11559
568   1351   1376   1377   7433   8586   8587
569   1366   1381   6845   6846   7433   7436
570   1350   1357    902   1382   1376
571   1362   1367   6841   6843   6846
572   1381   1365  12070  12071  12074
573   1377   1382   6841   6842   6845
574   6754   6755  14273  16902  16905
575    210  10348  16901  16904
576   1397   7869   7870  14271  14273
577   9556   9558  14271  16898  16904  16905
578   1176  12282  12283  16898  16901  16902
580   1405   7872   7873  10093  10094
581   1411  10092  10094  12281  12283
583    173   1413  10348  12281  12282
584   6755   7522   7868   7869   7872
585   1413   1415   1405   1411   9559   9561
586   1415   1416   7868   7870   7873
587   1416   1397   9555   9556   9559
589   1421  16405  18392  18404  18405
590   9414  10930  18389  18392
591   1421   9414  12511  15147  15148  15151
592   8682  10931  12201  12204  12207
593   8682  10410  16407  18404  18406
595  10410  12207  12947  12953  12954
596  12954  15148  15150  16405  16407
598   1436   6755  10446  18393  18394  18397
599   1441  11113  11114  16404  16405  16408
600   1421   1441   8823  10476  10478
601  11113  15276  16908  16910
602   8823   8826  11114  14146  15274  15276
604  10476  10477  18392  18397  18398
605   1459   1436  14146  14272  14273
606   1459   8826  10446  10477  10478
608  16401  16408  16409  16902  16909  16910
610   1463   6302   9270   9272   9313   9314
611   1470   9270  10099  11643  11644
612   5207   9309   9311   9314
613   5200   5206   5207   6296   6302   6303
614   1475   1476   6303  11640  11641
615   1475   5206   6272  10574  10576
617   1483   6276  13128  14091  14092
618   1487   1483  10099  10100  10577  10579
619   1463   1470   1487  14090  14092
620   9309   9313  13131  14090  14091
621   1476   9848  10573  10574  10577
622   6269   6276  10573  10576  10579
623   8594  10064  16789  16792
624   1497   1498   1499   8592   8594
625   9092  10060  12206  12950  12953
627   1498   9726  10414  18145  18150  18152
628  10408  10410  16755  18152  18157  18158
629   1499   9726  16789  16797  16798
630   9840  10057  10060  16792  16796  16797
631  16796  16798  18150  18164  18167
633  12206  12207  16748  16753  16755
634   1497  10408  10414  12951  12954
635   8592  10057  10064  12947  12950  12951
636   9092   9840  16753  18160  18163  18164
637   8246   8247  10395  14421  14424
638   8250  13924  13925  14283  14405  14406
639  10395  11972  11973  12729  12801  12802
640  13889  13921  13922  14421  15038  15040
642   1542  11972  14840  14843
643   1543  11018  14840  15039  15040
644   1542   1543  12729  14284  14402  14403
645   8245   8247   8250  12801  12803
647  12802  12803  14401  14402  14405
648   7657   8657   8659  10044  10045
649   7652   8659  10665  11421  11422
651   9767  12026  12030  13242  13608  13609
652   9767  10750  12209  12210
653  10750  10939  10940  12030  12032
654  10044  12209  12211  13239  13242
655   7652   7657  13239  13609  13610
659  10938  10939  11425  11719  11720
660   9960  10045  10938  10940  12210  12211
663   1584   1585   5914  11672  11674
664   5911   5914   7399   7466   7467   7470
665   1585   6390   7395   7396   7399
666   1591   1594   7446  10680  10682
667   1591   7395   7397   7467   7469
668   1594   1597   7466   7469   7472
671   1606   7443   8653  10680  10681
672   1584   6390   8650   8653  13980  13982
673  11668  11672  13035  13980  13981
674   1615   7470   7472  11671  13032  13035
676   1618   1606  13032  13981  13982
677   1618   1615   1597   7443   7446
679   1620  11778  11794  15513  15519  15520
680  10856  10859  15516  15519
681  11794  11797  11800  11801
682   1620  10760  10762  10857  10859
684  10860  12390  15513  15516  16588  16590
685   7758   7762  10856  10857  10860
686   7977  10763  12605  12607
687   7758   7763  10759  10760  10763
689  11797  15520  16584  16588  16589
690  11800  12608  16581  16584
692   7762   7763   7977  12390  12393
693  10759  10762  11778  11801  12604  12605  12608
696   1664   4785   5862   8109   8110
697   1671   1664   5224  11416  13182  13184
698   4785   4788   5221   5224
699   1671   1677   1678   5859   5862
700   1679   1680   1681   5859   8110   8111
701   1678   1679   7961  12877  12880
702    264   5221  10871  10873  11413  11416
703    265   1681  10873  11026  11027
704   1677  12877  13183  13184
708  11029  11030  11413  12880  13182  13183
709   1680   7961  11024  11027  11030
711  13208  14848  15974  15992  15993
712  13208  13209  14622  16192  16194
713   5336   5338   5340  16153  16156
715   1714  14619  16153  16193  16194
716  14848  14885  14887  16156  16192  16193
717  14888  16113  16119  16424  16426
718   1720  12907  12912  14619  14622
719   1720   1714   5338  16421  16423
720   5340   8141  14884  14885  14888
721   5862   9227  10855  11738  11739
723   8125   9224  10172  10175  10178  11738  11740
725   7638   8593   8594  10173  10175
726   1739   1499   4785   7638   8607   8608
727   8611   9230  10176  10178
728   1498   1739   1664  10853  10855
729   1741   1497  10853  11739  11740
730   1741   8125   8592   8593
731   1742   1748  11764  13661  13663
732   1752   1742   6211   6212
733   1748   6212  12854  13490  13491  13494
735  11758  11764  13491  14584  14589  14590
736  11969  13386  13387  14589  14692  14693
737  11758  13386  13581  13661  13662
738   8087   8093  11966  11969
739   8088  11966  13387  13578  13581
740   1752   1776   1777  13578  13662  13663
742   8093  13249  13251  14691  14692  14695
743   1777   8087   8088  13245  13248  13251
744   1776   6211  12854  13246  13248
747   1783   1784   1785   1786   1787
748   1788   1789   1792   1793   1783   8401   8403
749   1787   1794   1795   1796   1788
750   1794   1786   1797   1798   1799
751   1799   1795   7348  14213  14396  14397
752   8401   9153   9157  14249  14252  14255
753   1792   9157   9299  11035  11036
754   1796   1789  14394  14397  14400
755  12772  12775  12778  14213  14254  14255
756   1798   7348  10340  12773  12775
757   8403  14252  14399  14400
758   1793   1784  11031  11032  11035
759   1785   1797  10340  10890  11032  11033
760   1817    726   7656   8659   8662
761   1413   1820   7652   7653   7656
762   1824   9143  11363  11594  11595
763  11360  11361  12284  13292  13294
764   1817   1820  11591  11592  12280  12281  12284
765   1831   1833   9139   9140   9143
766    727   1824   1831   8662  11420  11422
767   1833   6780   6949  10668  11420  11421
768   6948   6949  10348  13295  13297
772   6780   9140   9141  13291  13292  13295
773   1845   1846   9893   9896   9899
774   1847   1848   9899  11427  11429
775   1846   1847   8831  16519  16550  16551
776   9436   9437   9440  16519  16522
777   1831   8921  16522  16549  16550
779   1868   9140   9142   9894   9896
780   1848   8831   9440   9441
781   8921   9143   9219   9437   9438
782   9139   9142   9219  11430  11432
783   9436   9438   9441  11426  11429  11432
784   1833   1845   1868  16549  16551
786   6227   6229  13655  14114  14115
787   6227   8260  12592  12595
788  12591  13216  13250  13251
789   1890  13421  14113  14115
790   1890   6229  12588  12595  13213  13215  13216
791   1894   8260   8262  13655  13658
792  13215  13247  13248  13417  13420  13421
794   8087   8089   8262  12588  12591  12592
795   1902   1903   1894   8088   8089
796   1777   1902  13420  13423
797   1903  13417  13423  13658  14113  14114
800   6062  12753  12755  15464  15495  15496
802   1919   6423  12749  12750  12753
803   6062   6069  12558  12957  12959
804   1927   6069  12749  12752  12755
805   1927  12957  15622  16261  16263
807   7564  13168  14343  14346
808  10821  14343  15462  15494  15496
809   1919  10825  15620  16204  16261  16262
810   6423  10819  10825  15462  15464
811  12959  13167  13168  16201  16262  16263
813   7564  10819  10821  16201  16204
814  12750  12752  15620  15622
815  12558  13167  14346  15494  15495
816   5091   5092   6545  14848  14851
817   1957   5097   6545  14553  14555
818  14552  14553  14851  14886  14887
819   5091   5097   6457  10605  10606
820   5092  10605  16191  16192  16195
823   8219  14558  14885  14886
824   8219  14281  14403  16151  16156  16158
825   1957   6457  14280  14406  14407
829   1980    150  10700  11662  11663  12498  12499
830   1984  12499  12503  12506  12509
831   1985   1986   9203   9208  10360  10363  10366
832   1989   1985  12503  12504  12507
834   1984   1980   9203   9206   9209
835   1991  10366  10699  11665  11666
836   1992   9963  12498  12507  12509
837   1100   1991   1986   1989   1992
838  13139  14260  14288  16841  16844  16845
840   2003   6555  12801  13916  14290  14291
841   2004   2006  13102  14256  14257  14260
842   2007   2010   2004  11972  11974
843   2006   2012   2007  13136  13139
844   6555   8832   8834  10392  10395
845   2003   8834  16838  16845  16846
846   2010  12729  13102  13103
847   2020   8832  13136  16844  16846
848   2020   2012  10392  11973  11974
852   9911   9912  15815  16758  16773  16774
853   9907   9912  16466  16863  16865
854  15815  15818  16466  16482  16483
855  11875  15818  16774  16775
857   6933   8923   8925  16758  16759
858  12601  12602  16759  16773  16775
859   6932   8795   8796   8924   8925
860   8792  16480  16860  16862
861   8923   8924   9907   9908   9911
862   1149     50   8791   8792   8795
865  13859  16513  16515  16694  16701  16702
866   5072  11275  13855  13856  13859
867  11286  11287  12692  16510  16512
868   4975   9377  11274  11275  11581  11582
869   2069   4971   4975  11286  11288
870   2069  11576  11582  11939  11940
871  10262  11287  11288  11938  11939
872  10262  15269  16509  16512  16515
873   5072   9377  16694  16697
878   2078   5911   5916  15630  15633  15634
879   2083   2084   2078  11343  11349  11350
880   2083   5916  11671  12759  12762
881   2092   2084   6212  12756  12759  12760
882  12760  12763  12852  12854
883  11343  11346  11347  13491  13493
884   2092   1748  11347  11350
885  11342  11673  11674  15633  15644  15645
887  11346  11349  15634  15641  15642
888  13490  13493  13496  15639  15642  15645
890   5541  12553  12556  12958  12959
891   9105  10249  10251  12553  12558  12559
893  11331  11332  12556  12559
894   8542  10323  10325  12957  12958
895   5541   8542  11332  14776  14779  14782
897   9105  11154  11331  14515  14778  14779
898   6069  10323  12216  12249  12250
899  10267  11289  11290  13392  13398  13399
900  13396  13399  16683  16686  16689
901  10264  10267  16670  16684  16686
902   2137   2141  12918  13090  13091
903   2137   6350   6351  11289  11291
904   2141   2145  10264  11290  11291
906  12354  12357  12919  13087  13088
908   2154  12354  12355  16673  16687  16689
909   6346   6347   6350  13085  13088  13091
910   2154    896  13392  13395  13396
911   6346   6348   6351  13395  13398
912   2145  12915  12918  12919  16667  16670  16673
913   9071   9073  11480  15883  15904  15906
914  11479  15532  15704  15900  15901  15904
916  15883  17140  17144  17219  17221
917   9072   9073  17144  17167  17169
918  15445  15707  17105  17121  17164  17166
919  15703  15901  17105  17222  17224
920    752   2179   2180   7488   7489
921    231   2180  15529  15532  15535
922   2179    755  15445  15534  15535
923    758   7487   7488   9071   9072
925   8494   8497  12822  12824  14757  14759
926   7920   8499  12821  12824  12827
927   7921   8496   8497  14053  16018  16020
929  14753  14759  15997  16019  16020
931   8970  14051  15995  16018  16019
932   2211  14754  15995  15997
933   2215   8973   8975  12825  12827
934   2216   8969   8975  14051  14053
935   2215   2216   7917   7920   7921
936   2219   2220  14753  14754  14757
937   2221   2211   2219   8969   8970   8973
938   2220   2221  12821  12822  12825
940   2222   2224   1606  11481  11483
941   2227   2222   7443  11300  11302
942   2224    233   2229   8653  12658  12660
943   2230   2231   2232  12228  12658  12659
944   2229    218   2234   2230
945   2227   2235   2236  11481  11482
946  11303  11305  12227  12228
947   2232   2238   2235  11299  11302  11305
948   2236   2238   2231   2234    234
949   6404   6405  10102  10103  17147  17150  17153
950   9850  15677  17151  17153
951   5870  15697  17148  17150
952   2251  13648  15092  15095  15096
953   2254   2255   6404  13644  13645  13648
954   1036  15092  15098  15099  15677  15700  15701
956   5870   6405   7544  13645  13647
957   1030   2261   2251   2255   2262
958   2262   2254  10102  10104
959   2261   1035  15095  15098
960   1441  15148  15386  16243  16245
964  16243  16244  18212  18215
965  11114  15386  18208  18211  18212
966   1741  12951  15150  16190  16244  16245
968  10414  10853  10854  11317  11318
969  11740  16190  18208  18214  18215
970  10470  11317  16408  16410
971  15699  17148  17149  17210  17212  17214
972  17135  17142  17212  17220  17221
974   2215   5867   6164  15697  15699
976   2299   5867   5870   7920   7923
977   2301   7917   7923  17119  17142  17143
978   2301   2299  17135  17149  17150
979   7921  17102  17119  17121
980   2216   6164  17102  17214  17223  17224
982   8896   8897  10250  12246  12248
983  11659  11660  12247  12248  16097  16103  16104
984  11566  11568  13978  13997  13998
985   9585  11562  11568  11654  11657  11660
986   5659   7569  11050  13994  14220  14221
987   5659   7038  11154  16100  16103
989   7038   7569   7570  10250  10251
990  11562  11566  16101  16104
991   7570   8896   8898  11046  11048  11050
994  11974  13804  14094  14838  14843  14844
995   2333   2334   2007  13800  13801  13804
996  12712  14116  14118  14838  14840  14841
997   9313   9418  12712  13551  13553
998   9309  11054  11057  11060  13421  13552  13553
999   1890   2343   8193  11058  11060
1000   2345   2004   2334   8193   8195
1001   9418  14089  14090  14841  14844
1004   2333   8195  11054  11055  11058
1005   2010   2345   2343   1542  14112  14115  14118
1006   8924  11025  11027  12419  12421
1008   2358   9908   9910  10876  11025  11026
1009    274   2362  10873  10876
1010   9907   9910   9913  16075  16078
1011   2358   2362  16075  16170  16171
1013   8929   9911   9913  10591  10593
1014  10587  10588  10591  12422  12424
1015    261   1681  12418  12421  12424
1016   6862   6864   8950   8951
1017   8950  11711  14388  15537  15539
1018   6864  11711  18103  18135  18138  18139
1019   2384   2385   8752  10124  10125
1020   2389   8752  10900  18105  18106  18109
1021  15537  15538  18122  18128  18134  18135
1022   2389   2384   6868   8951  14388  14390
1024   2385  14390  15500  15538  15539
1025  10125  15500  18118  18122  18123
1027   6862   6868  18103  18106  18107
1029  14802  14803  15375  15389  15390
1030   2406   2407   2408   8039  12848  12850
1031   2411   6309   8039  10159  10160
1032   2220   2413   2414   6309  14232  14799  14800
1033   2221   8316  14226  14229  14232
1034   8314   8320  14228  14229  15389  15391
1035   2411   2414   2421   2406
1036   2422  12848  15372  15390  15391
1037   2422   2408   8320  12821  12823  12826
1038   8314   8316  12825  12826
1039   2407   2421   2413  12822  12823
1041  13258  15894  15895  15987  15988  15991
1042  11372  14338  15832  15895  15896
1043  15778  15832  15977  15991  15992
1044   7563  14338  14343  15772  15775  15778
1045  11367  11369  13258  15458  15459  15462
1046  11366  11367  15894  15896
1048   7563  10821  11366  11369  11372
1050   2445   2219  14230  14232
1051  10463  13507  13509  14226  14227  14230
1052   2455   8315  14227  14229
1053   2455   5568  10010  10461  10463  10466
1054   5564   5568   8315   8316   8973   8974
1056   5564   5570  10010  15861  15864  15867
1057   2463  15842  15865  15867
1058   2463   5570   8969   8971   8974
1059   2211   2445  13506  13507  13510
1060   8970   8971  13510  15838  15839  15842
1061   2470   1459   2471  10462  10463
1062   2471   8826  14029  14227  14228
1066  10462  12296  13509  14586  14693  14694
1067  12808  12809  14586  14589
1068   2488  13507  14692  14694
1070   2470  10446  12296  12809  12810
1071   2488  11969  14230  14798  14799
1073   7001   7798  11858  15002  15004
1074   4967  13176  13951  14999  15001
1075   2497   1355   7798   7801
1076   1356   2497   6831   7000   7001   7004
1077   1354   7801  11204  11858  11859
1078   1349  11204  13845  13954  13955
1079   4967   6827   6829   7004   7005
1080   1357    906  13839  13842  13845
1081   6439   7656   7657  14358  14580  14581
1082   2506    739   8214  10047  10048
1083    733   8214   8657   8662   8663
1085   6439   9552   9554  10043  10044  10047
1086    738   2506   9548   9549   9552
1087    737   9549  14359  14577  14578
1088   1817    736  14355  14358  14359
1089   9774  14881  15041  15043
1090   6990   6991   9774  13765  13827  13829
1091   5996   7404  13892  13920  13921
1093   2530   5994   7404  13761  13762  13765
1094   2533   2535   2536   5994   5996
1095   2537   2533   5577  13920  13922
1096   2536   2537   5987   6987   6988
1097   6986   6987   6990  14877  14878  14881
1099   5577   5987  14421  14878  14880
1101   2530   2535   6986   6988   6991
1105   9246   9283   9285   9287  10328  10329
1106   2555   5603   9246  11168  11430  11431
1108   5603   9894   9895  12287  12290  12293
1109   8645   9898  11427  14768  14770  14772
1110   6514   8638   8645  10400  12291  12293
1111   2555   9287  11575  12288  12290
1112   2563   5459   8238   8241   8244
1113   5460   8240   8241  17196  17199
1114   8243   8244  12769  16220  16237  16238
1116   6968  10554  10555  17197  17200
1117   2583  12467  12469  17193  17199  17200
1120   2563  10571  10572  16216  16217  16220
1121   2589  12467  12769  12770
1122   5459   5460  10566  10569  10572
1124  10568  10569  17193  17196  17197
1125   2589   2583   8238   8240   8243
1126    222  10956  10958  10968  11510  11511
1127    221   9020  10955  10958  10961
1128   7700  11604  16038  16041
1129    223   7698   7700  10965  10968
1130  10504  10965  11511  15939  15940  15943
1132   7698  10504  16041  16046  16047
1133   9019   9020  11601  16038  16047  16048
1135   9019  10961  16010  16013  16016
1137  10955  10956  15920  16014  16016
1140   2621   2622   7738  14083  14085
1142   2629   7738  11358  11495  11498
1143   8515   8520   8855  10256  10257
1144   8849   8855  14591  14593  14596
1145   8520  12050  13728  14596  14597
1146   8905  14076  14084  14085  14593  14594
1147  10253  10254  12646  14076  14079
1150   5249  11352  11353  11498  12644  12646
1151   2629   2622  12573  13723  13725
1152   2621  13722  13723  14591  14594  14597
1154   5249   8516  10252  10253  10256
1156   9959  10938  13065  13867  13868
1157   5083   8598   8602  13065  13068
1158   2661   8408   8602   8604  10048  10049
1160   5081  11533  13068  13866  13867
1161   8598   8604   8663   9959   9960
1162   2669   2661   5081   5083
1163   2669   8408  11532  11533  12213  12214
1164  10043  10049  12208  12211  12214
1166  10515  11337  12852  13218  13246  13247
1168  11059  11060  13215  13218
1170   2682   2683   5207   6211  12760  13048  13049
1172   2682   9314  13550  13553  13556
1174   1776   2683  13420  13555  13556
1175  10510  11337  12763  13047  13048
1177   2690   2691   2692  17871  17878  17879
1178   2692   1075  16990  16993
1179   7957   9130  16256  17007  17009
1180   2690    860   6495  16247  16249
1181   2691  16247  16255  16993  17007  17008
1183   8304   8306  16249  16255  16256
1185   7957   8304  16974  16983  16984
1190   6495   8306  16978  16981  16984
1192   9125   9130  16974  17002  17014  17015
1193   2726   8761  14706  14791  14792
1195  14708  14792  14793  17010  17013  17016
1196    465   2731   2726  10697  11663  11664
1197  11666  13015  16999  17015  17016
1201   2731    466  17869  17876  17877
1202   9483   9892  14374  14559  14562  14565
1203   9229   9890   9892  10177  10178
1204  14559  14563  16184  16185  18215  18234  18236
1205   9890  11434  11435  14563  14565
1206  11437  11738  18214  18237  18239
1207   8125  14182  16184  16187  16190
1208  10174  10175  14182  14374  14375
1212   2758   6793  15127  15736  15738
1213  13053  13054  15729  15737  15738
1215   2770  13059  15729  18192  18198  18199
1216   2775   1594  13053  13056  13059
1217   1597   2776   2758  13054  13056
1219   5291   5293   6790  18196  18199
1220  15736  15737  18195  18198
1221   2776   6788   6790   6793   7471   7472
1222   2775   2770   5293   7468   7469
1223   6788  15127  18192  18195  18196
1226   8600  13065  13147  13356  13358
1228  13142  13145  13356  16840  16847  16848
1231  13358  16524  16847  16849
1232   8600   9959  11425  16524  16552  16553
1233  16553  16554  16837  16848  16849
1234   6375  11718  11719  16552  16554
1235    994  13058  15729  15770  15771
1236  13053  13055  13058  13785  13787
1237   4895  10276  15735  15738  15741
1238   4889   4895   4896   7667  13054  13055
1239   4889   7509   7510  10276  10278
1240   7258   7510   8323  16503  16506
1241   7257   7258  10278  15741  15767  15768
1242   7667   8324  13787  16503  16527  16528
1246   4896   7509   8323   8324
1249   2836  10458  15061  15063
1250   2837   4696  10504  15064  15066
1251   2840   2837   7147   7698   7699
1252   7141   7146   7147  16917  16941  16942
1253   2836   1242  11090  16920  16940  16941
1254   2840   4696  11093  16917  16920
1257   7091   7092  16940  16942
1258   7091   7146  13547  13549
1259   2853   9895   9896  10878  11028  11029
1260   7960   7966  11028  11030
1261   8934  12290  13185  13292  13293
1262   1868   2853   6780   7965   7966
1263  10878  11413  12292  12293
1265   5603   8934   9141   9142
1267   2867   2868   8003   8010  12491  12494
1268   8010  12191  13904  16271  16274
1269   2868   2871  12188  12191
1270   2877   2878   6674  15567  15569
1271   5789  15566  15567  15570  16456  16459
1272   2878   2883  16456  16472  16473
1273   5788  12487  12491  15570  15572
1275   2888   2871   2867   5788   5789
1276   2888  12188  16274  16459  16471  16472
1278   2877   2883  12036  13907  13909
1281  16203  16206  16695  16698
1282  15758  15759  15762  16264  16266
1283  14466  15594  16206  16264  16265
1284  14466  15529  15530  15533  16692  16697  16698
1285  15530  15594  15704  15759  15760
1286   5070   5072  10108  14962  15122  15123
1287   7213  10108  11451  16203  16265  16266
1288   9377  14962  15448  15533  15534
1289   5070   7213  16692  16694  16695
1293  11451  15123  15686  15762  15763
1294   2924   2925   5206  12759  13051  13052
1295   2682   2926   6299   6302
1296   2930   2924   6300   6303
1297   2930   2931   2932   2084   2925
1298   2932   2933   2934   1742   2092
1299   2935   2926   2683   1752   2934
1300   2933   2931   2935   6296   6299   6300
1302   5087   8474  12344  14775  14787  14788
1303   9441   9442  12344  12346  14967  14969
1304  11429  12346  14772  14775
1305   6971   8474  14966  14967  14970
1306   9218  10554  11170  11431  11432
1311   9218   9438  13514  17197  17204  17205
1312   6965  14970  14972  17200  17203  17204
1313  13517  13519  14966  14969  14972
1314  13513  13519  17203  17205
1318   8689  11191  12284  18423  18429  18430
1319   7720   7723  18432  18433  18436
1320  13187  13293  13294  18430  18433  18434
1321   2980   2981  18429  18436  18437
1324   9396  11191  11361  11362
1325   9287   9990   9991   9994
1326   2980   7720   9991   9993  11573  11575
1330   7723  11573  12288  13185  13187
1331   2555   8934   9994   9996  11360  11362
1332   2981   8689   9396   9990   9993   9996
1333  11823  12146  12149  12150  12790  12791
1334   3000   7878  12150  12153
1335   3000  11822  11823  13664  13666
1336   6109   7858  12149  18372  18379  18380
1337   7858  10714  18297  18300  18303
1339   7878  13666  14171  18375  18378  18379
1340  11612  11827  13664  14170  14171
1341   9422   9428  12414  17144  17145
1343   3019   6276   9424  12412  12414
1344   3021  12412  17140  17142  17145
1345   3019   3021  10579  17133  17135  17136
1346   8790  10575  10576  15804  15807  15810
1347   9427   9428  15807  15881  15883
1350  15810  17133  17139  17212  17215
1352   3036  10885  12268  12621  12624
1353  12621  13324  13325  14902  14903
1354   3036  13324  13326  13857  13858
1355  10882  10885  13855  13858  13861
1356   7768  12269  12624  14901  14902
1357   7766   7768  16541  16544  16547
1358  13325  13326  16498  16510  16511
1359   7766  10170  10882  12268  12269
1362  14901  14903  16498  16542  16544
1363  10221  13957  13959  18381  18383
1364  16950  16964  16965  18377  18380  18383
1365   7307   7876  18377  18378  18381
1366   7876   9914   9915  12153  12672  12673
1367   7307   9915  10221  11636  11637
1368   9920  12672  16961  16967  16968
1369  11634  13960  16955  16958  16961
1370  13956  13959  16950  16957  16958
1371   6742   8488   8489   8588   8590
1372   1352   3082  10521  10745  10750  10751
1373   3082   9767  11559  11692  11694
1374   9480  11681  12695  12697
1375   6742   9477  10523  10751  12212  12213
1376   9475  11681  11692  11693  12208  12209  12212
1380  11555  11693  11694  11992  12695  12696
1381   8584   8587   8590  10521  10523
1382   9933  10613  10614  13004  13006
1383  10614  10863  10867  14348  14351  14354
1385   9815   9819  10905  17888  17891  17892
1386   9818  10354  17071  17891  17893
1387   9929   9933  10357  17068  17071
1389   3117  10867  10869  12635  13004  13005
1390   3121  10863  10869  10905  10908
1391  10354  10357  12632  13005  13006
1392   3121   3117   9819   9821
1393   9815   9818   9821  12632  12635
1397   3128    269   5221   9348   9350
1398   3129   3130   7641   8606   8607
1399    268   3128   1337   3132   3129
1400   3132   3135   3136   3130   5465   5466
1401   1739   5224   9348   9349   9725   9726
1403   3135  16791  16800  16801
1404   3136   7638   7641  16787  16789  16791
1406   5466   5950   9725  16795  16798  16801
1409   2731   1089   1381   3146    472
1410   3146   1365    486   5296   7401   7467   7468
1411    485   7395   7401  13121  13123
1412   5293   5296  12074  12501  12502
1413   3154   2770  12496  12499  12502
1415   1591   2775   3154   1980    148
1418   2726    484  13117  13118  13121
1419   9625   9628  16672  16687  16688
1420   6862   7893  13700  16669  16684  16685
1421   6712  13699  13705  16667  16669  16672
1422   6712   9628  11851  12094  12095
1425  11851  13705  14324  18100  18107  18108
1426   6868   7893   7895  10306  10307
1428  10306  10308  14326  18106  18108
1429   7050   9625  10307  10308  12095  12096
1432  13699  13700  18100  18103
1433  16110  16111  16369  16371
1434  11947  12190  16365  16366  16369
1435  11947  13923  13925  16032  16110  16112
1436   5577   8246   8248  16943  16945
1437   9703  16029  16091  16111  16112
1438   8245   8248   9705  16029  16032
1439   2537   7096  16939  16942  16945
1440   2533   7091   7096  12193  16366  16368
1441  12190  12193  13919  13920  13923
1442   1243   9703   9705  16939  16940  16943
1443  15266  16515  16545  16556  16557
1444   6864  12174  12540  12541  13700  13701
1445  12530  13701  16669  16670
1446  10260  10262  10264  12530  12539  12541
1448   7893   8951  16538  16559  16560
1450  10260  10267  16495  16511  16512
1451   8950  12174  15272  16555  16556  16559
1452  16495  16538  16542  16543  16685  16686
1456   3229  10977  13100  14149  14271  14272
1458  10010  10976  10977  11000  11005  11007
1459  10466  11005  11126  11127  11206  11207
1460   2470   1436   7869   9825  11207  11208
1462   1397   3229  11007  11129  11130
1463   2471   2455  13097  14146  14149
1464   5568  10976  13097  13100
1467  10461  10462  11206  11208
1468   7870   9825  11125  11126  11129
1471   3252   1848   6013  12346  16922  16943  16944
1472   2836    570   3253   8080   8083   8086
1473   8080   8081   9703  16853  16856
1474   8086   8642   9898   9899  16850  16853  16854
1475   3252   1847  16854  16857
1476   3253   6512   8642   8645
1477   6013   9705  16850  16856  16857
1478   3264   9884   9885  12186  12188  12190
1479   2868   5999  14035  14133  14134
1480   2871   3264   3269  14128  14131  14134
1481   5993   7402   7404  14032  14035  14036
1482   5993   5996   5999  12186  12191  12193
1483   3272   7406  14036  14130  14131
1484   9879   9884  13891  13923  13924
1485   3272   3269   9879   9882   9885
1486  13023  15554  15555  18121  18122  18125
1487  12911  13209  15554  15556
1488  12911  13023  13283  14622  14725  14726
1490  10607  13585  14722  16195  16197
1493   5092   5093  13208  15500  15555  15556
1495  10123  13584  13585  18113  18118  18120
1496   5093  10123  10125  10605  10607
1497  13283  13589  18120  18125  18126
1500   7446  11300  11301  13055  13056
1501  10212  10685  11303  13809  13810
1502   9203   9204  10212  10215
1504   3154   1984    986  13058  13059
1506  11299  11301  13787  13808  13809
1507   3314   7314   7315  16799  16801
1508   9839  18142  18143  18164  18171  18172
1509   7315  14207  14296  18132  18139  18140
1510   3314   5466  14204  14207
1511  10114  18147  18167  18170  18171
1514  14294  18128  18132  18170  18172
1515   5317   9839  16795  16796  16799
1518   5096   6545   6765  14827  14830  14831
1519   1620   3272   3339  14452  14455
1520   3339   3269   8070  10761  10762
1521   3342   3343   3344   5096   5097
1522   3344   1957   9879   9880   9883
1523   3348   3342  14830  14833
1525   8071  10760  10761  14827  14833  14834
1527   3343   3348   8070   8071   9883   9885
1528  10857  10858  14831  14834
1529   6765  10858  10859  14455  14553  14554
1530   8193   8194  10580  10581  10584
1531   7290  10584  10585  17084  17902  17911  17912
1532   9051  13213  13218  17898  17900  17902
1533   7290   8194   9051  11058  11059
1534  10526  12884  17084  17092  17093
1535  13216  17096  17900  17908  17909
1536   2343   6229  10528  10581  10582
1539   3372   3373  12803  13913  13916
1540  13103  13104  14402  16155  16158
1541  16155  16196  16197  18045  18047
1544   3381   3382   6460  10606  10607
1545   3373   3383   6460  14405  14407
1547   3382   3385  12157  13585  13587
1548   3385   3381   3383   3372   1212
1550   9755  12413  12414  12894  13222  13223
1551   7221   7223  14089  14092  14095
1553   7218  12412  12413  17206  17208
1554   1483   3019   7217   7218   7221
1555   7549  13518  13519  13806  14094  14095
1557  12894  13515  17202  17205  17208
1558   7217   7223   7549  17202  17203  17206
1560   2141   3406   3407   3408   8853   8855
1561   3408   3409  11285  11288  11291
1562  10025  10026  14591  14592  14595
1563  12582  12584  14592  14593
1564    379   3416   3406  14595  14596
1565   2145   8849   8853  12530  12583  12584
1566  10026  12535  12538  12541  12582  12583
1567   3407   3416   3409  11934  11936  11939
1568   3419   3420  10354  11216  11218
1569  10526  13285  17075  17894  17896
1570   8135  11216  12843  13288  13289
1572  17084  17087  17890  17891  17894
1574   3419   9818  14637  17087  17091  17092
1575   3420   8135  10673  14637  14640
1576  10673  12884  12886  13284  13285  13288
1579   8853  10257  12918  12921
1580   8902   8905  12581  12584  12587
1581   6710   8907  12587  13704  13705
1582   8902   8907   9403   9406  10254  10255
1583  11517  12359  16672  16673
1584   6710   6712   9403  11517  11519
1586   9406  11519  12359  12919  12922
1589    239  14465  14471  15530  15532
1590   3461   2235   8324  14165  15595  15597
1594  11477  11481  15904  15905
1595   2227   3461   4896  15900  15902  15905
1596   7509  15760  15761  15901  15902
1598   2236    237  14165  14470  14471
1601   8323  15591  15595  15759  15761
1603   2629   5643   9260  11488  11490
1604   5643   7738  16484  16485  16488
1605  12249  12754  12755  16445  16450  16451
1607   9260  13012  13013  16451  16488  16489
1608  11490  13007  13013  13812  13813
1609  12752  13009  13812  16505  16530  16531
1610   1927  10323  16505  16508
1611  11495  12217  12250  16450  16485  16486
1614   3500  12983  13658  13964  13965
1615   3500   3501   1894   6312  10159  10161
1616   2411   5341   8260   8261  16423  16437  16438
1617   8140   8141  12980  13964  13966
1618   3516   8043   8140  16426  16440  16441
1620   6309   6312   8261   8262
1622   3516    848   3501  12980  12983
1624   5336   5341  13655  13965  13966
1625   8038   8039  16436  16438  16441
1627   9992   9993  18088  18093  18094
1628   9283   9991   9992  10117  12167  12170
1629  12170  13026  18085  18088
1631  10112  12167  13026  18169  18170  18173
1632  18085  18094  18095  18159  18166  18173  18174
1633   3534   7720  18149  18158  18159
1634   2980   3534  18093  18095
1636   4964   4967  11823  11825
1637  14653  14656  16759  16966  16968
1638  12149  16778  16963  16965
1639   4964  12150  12673  14656  14999  15000
1640  11871  11876  12790  12792  16772  16775  16778
1644   1353   3082  11204  12030  12031
1645  11560  11691  11694  14610  14809  14810
1646   7801  10083  12642  14610  18202  18204
1647  13611  13612  14807  18205  18207
1648  13536  13540  14804  14807  14810
1649  10580  10583  18038  18045  18046
1650  10530  10582  10583  16151  16153  16155
1651  13287  14619  14726  17075  17077
1652   1714  10524  10530  13285  13287
1653  10585  17894  18038  18040
1658   7867  12347  12348  16827  16828  16831
1659  11371  12175  12177  15893  15896  15899
1660  11162  14297  14298  15897  15899
1662  11367  12353  15787  16831  16833
1663  12176  12177  14298  14427  14428
1664  15787  15792  15793  15893  15894  15897
1665   3574    271   3575  10214  10217
1666   9259   9265  10214  11489  11490
1667   3130   3579  13573  13723  13724
1669   2622   3579   5643   7641   9488  10173  10174
1670   3574   8609   9265   9490  10176  10177
1671   3575    272  12571  13570  13724  13725
1672    273   3129  13570  13573
1673  13399  13870  13871  16495  16498
1677   3594  13329  13398  13873  13874
1679   4976  12692  13323  13326  13329
1680   3594   4976  11285  11286  11289
1682  10566  11359  11362  11365  11584  11585
1683  10569  11365  11595  17171  17173
1684   3605  10572  11216  11584  11586
1686   8691  11191  11592  13006  17186  17187  17190
1687   3611   3419  12632  15428  15430
1688   3420   3605   3611   5457   5459   5462
1689   5462  15428  17174  17178  17183  17185
1690   5457   5460  17170  17171  17174
1691   8691   9396  10357  11218  11585  11586
1693  11444  11445  16084  16173  16174
1694   3618   1989   3619   9514  14571  14574
1695   3619   1992  11991  12698  12699
1696  12698  12700  14568  14570  14571
1697   1986   3618    294   3622
1698   3622   1991   7393  16082  16172  16173
1701   2926   7306   7307   9860  13554  13556
1703   2934   3628  13660  13663  13666
1704   3628   2935   7306   7876   7878
1706   9857   9860  18374  18381  18382
1708   6955   6957   9857  13423  13554  13555
1709   1902   6957  13578  14174  14175
1711   7009   7823   8114   9229   9230
1712   3640   2251   5859   9227  11437  11439
1713   2262   6363  11624  11627  12198  12200
1714   7008   7009  11628  12198  12423  12424
1715   7823  11434  11624  11625  11628
1716   2255  11433  11439  11625  11627
1717   3649   1680   5177  12420  12421
1718   3649   1029   2261   3640   1679
1719  10950  14086  16787  16792  16794
1720  10060  11566  11567  14185  14191  14192
1721  11564  14086  14087  16104  16144  16146
1722   7602  14078  16144  16145
1723   5317   5324   7602  14185  14188  14189
1724   5324  14078  14087  16794  16799  16800
1725  14188  14191  16101  16145  16146
1727   9839   9840  14189  14192
1731   3673   3674   3675  16454  16459  16460
1732   3681   3673   5789   5794   5795
1733   3682   3683  16457  16460
1734   5386   6409   6410   6413   7110   7111
1735   3692   3693   5386   8074   8075
1736   5794   7107  15563  15570  15571
1737   3695   8074  15564  15567  15568
1738   3682   3675   6409   6412   6415
1739   3693   3699   3683   6413   6415
1740   3674   3681   3700   6410   6412
1741   3695   3699   3692  16454  16456  16457
1742   3700   5795   7105   7107   7110
1744   2003   3704  16478  16857  16860  16861
1745   1846   8794  16854  16861  16862
1747   5451   8792   8794  16548  16551  16554
1749   3252   3704   8828   8831   8834
1751   8828  16517  16519  16843  16846  16849
1754   5211   5214   7762  10767  10768
1755  10169  10483  10882  11387  11388
1756   3725   5214   9722  10483  10485
1757   7767   7977  12266  12269  12272
1758   7763   7766   7767  10768  10769
1759  12271  12272  12388  12393  12394
1760   3725  10169  10170  10767  10769
1763  10485  11382  11388  12391  12394
1766   5324   7314   8906  12585  12587
1769   3744   7315  12581  12582  12585
1770   3744   3745   3135   3314  14592  14594
1771   3745  14082  14085  16791  16794
1772   8902   8906  14074  14076  14078
1773   8689   8691   9933   9936
1775   3747  10095  10097  10612  10614
1776  14359  14362  17186  17189  17192
1777   3753   3747  13004  17190  17192
1778   3753  10091  10094  10097  14355  14361  14362
1779   1820   1411  14358  14361
1780   9936  10612  10613  18426  18429
1781  12280  12283  18427  18430
1783   6789  12640  18196  18203  18204
1784   5188   7250  15128  15674  15677
1785   9669  15124  15127  15674  17139  17151  17152
1786   3764   6788   6789   9669  10574  10575
1787   3764   1476   8764  12636  12637  12640
1788   9846  10577  17136  17152  17153
1789  11552  15124  15128  18195  18206  18207
1790   2406   7277   7281  16438  16439
1791   2421   7281   8133  10673  10676
1792   5338   5341   6227  10528  10530
1794   2414   8261  10676  12592  12885  12886
1795   7277   7279   8133  13288  13290
1798     94   1720  13284  13287  13290
1799   3775   3778  12259  12260  12263
1800   3781   3775  15932  15935  15938
1801   3778  11323  11521  11522  15936  15938
1803  11461  11462  15932  15933  15936
1804  12259  12262  12265  13086  13088
1806   3781   8387  11209  12263  12265
1807  11209  12108  12110  12922  13086  13087
1809   8387  12109  12110  15933  15935
1811   4975   4978  14362  14576  14577
1812   9550  11580  11582  14576  14578
1813   9307  11580  11581  15533  15535
1814   2179    754   9307   9549   9550
1816  15421  15445  15448  17178  17180  17182
1818  11275  14962  15421  15423
1819   4978  11274  15423  17182  17191  17192
1820   3817   6412  14833  14866  16535  16560  16561
1821   7758  10766  10768  14834  14862  14863
1823   3817   3674   8071   8072
1824   3700   3822   7767   7768  10763  10764
1825   3681   8072  10759  10761  10764
1826   3822   6410  16535  16543  16544
1827  10766  10769  16547  16557  16558
1830   1615   2776  15804  15805  15808
1831   2083   3828   3829   3830   2925
1833   3828   5298   5916   7470   7471
1834   6793   9669  15808  15810
1835   3836   3829   5298   6789   6790
1836  13032  13190  13191  15805  15807
1837   2924   3830   3836   3764   1475
1839  12762  13035  13051  13189  13190
1841   3383  16060  16212  16258  16259
1842   3842  16253  16256  16259  16466  16469
1843   3372   1210  16060  16469  16481  16482
1844   3381   9336  16212  16251  16252
1846   6490   8306  13987  15908  15910
1847   3385   8144   9335   9336  13987  13989
1848   3842   8304  15815  15909  15910
1849   6194   8146  13989  15818  15908  15909
1853  10706  12470  14551  14563  14564
1854   3862   3865  11751  11752  11755
1855   3866   3862   6668  12470  12472
1856   3865   3869   3866  11253  11256  11259
1857   6668  10706  11435  11625  11752  11753
1859   3876   3877   7823   9890  11257  11259
1860   3869   3876   9945  11755  11756
1862   3877   9945  11628  11629
1863  10275  10276  10279  17214  17217
1864   6164   8974   8975  10279  10281
1865   3881   5570  10275  10278  10281
1866   2463   3881   7510  15758  15761  15764
1867   8971  14051  15683  15763  15764
1868  14053  15683  15708  17102  17105
1871   6312   8089  11966  14798  14800
1872   1903   3500   3885   6957   8343   8344
1873   8346   8347  10164  13391  14801  14803
1874  13385  13391  13581  14173  14174
1875   3501    847   3890   3885
1876   3890    821   8342   8343   8346
1877  12810  13427  18248  18397  18399
1882  11205  11208  12265  12295  12296
1883   6346   7520   7523  18253  18255
1884   6350   7517   7520   7872   7874
1885   7868   7874   9825  13089  13091
1886   3899   5997   5999   8007   8010
1888   3901   7143   8007  13547  13904  13905
1889   3905   2536   7096   7143   7146
1891   3906   5993   5994   5997
1892   3906   2535   3905   3901   3899
1893   5340   8217   8219  13963  13966  13969
1894  10797  13969  18731  18769  18771
1895  11979  14457  14557  14884  14886  14889
1897   9926   9927  12980  18730  18772  18774
1898   6173   7321   9927  11979  11981
1899   6173  10798  14454  14457
1900   8140   9926  11981  14888  14889
1901   3921   1351  10521  11534  11535
1902   1350   3921   3922  13843  13845
1904   3922  11530  11534  13862  13863  13866
1905   3924   6987   6989   8477   8478
1906   3928   3929   8477  16915  16917  16919
1907   3931   3932   3928   7144   7147
1908   3933   7141   7143   7144
1909   3905   3935   3931   3933   6988   6989
1910   5987   8478  16919  16944  16945
1911   3932   3935   3924   3929
1913   5659  10727  10732  14380  14381  14384
1914   7569  11984  14370  14381  14382
1915  11050  11053  11978  11981  11984
1918  11978  11979  14370  15526  15528
1919   6173   6176  13070  15522  15523  15526
1920   3955   6233   8341  13070  13072
1921  10728  13072  14384  15523  15525
1922   9927  11053  12308  14220  14222
1923   3955   6176   7321  12305  12308
1926  10731  10732  13994  13996
1928  16029  16061  16469  16856  16863  16864
1929   3842   7957   7958   9912   9913
1930   8085   9910  16853  16864  16865
1931   8080   8082   8085  16075  16086  16087
1933   7958   9130  16078  16085  16086
1934   3966   9795   9798  14036  14039
1935   3971   3966  10647  10652  10653
1936    800   3971   9798  13761  13763  13766
1937    796   6128   6131  13765  13766
1940   2530   3906   6128  12661  12662
1942   5997  12661  12663  14035  14038
1943  10650  10653  14032  14038  14039
1944   7415  12903  12905  15792  15794
1945   7415   8280   9250  11587  11589
1946   9245   9246   9994  11587  11588
1947  10742  11162  12167  12904  12905
1948   8280   8283  12170  12903  12904
1949   8283   9990   9992  11588  11589
1950    284   2362   3991   3253  15692  15695
1951   3991   8638   8642  10871  10876  10878
1952   3128    290  15692  15747  15748
1953  13823  13825  13828  18769  18770
1954   3971   3995   3955  14709  14794  14795
1956  13453  13928  14711  14795  14796
1957  12831  13453  13456  18768  18770  18773
1958  13456  13766  13827  13828  13927  13928
1959   3995   6176   9798  10798  10799
1960  12308  12830  18772  18773
1961   1824    728   4002   8920   8921
1963   9218   9219  10568  11363  11365
1965   4002  12894  12897  17157  17160
1966  17160  17171  17172  17196  17207  17208
1968   8920   9437  12897  13514  13515
1969   2078   4013   1361   4014   3828
1970   7399   7401  13439  13707  13708
1971   4017   1367   4013  13710  15634  15637
1972    473   3146   1366   4017
1973   4014   1364   5291   5296   5298
1974   5914  13439  15633  15636
1975   7038   9105  14381  14383
1976  13165  13169  14346  15773  15775
1978  14367  14370  15773  16068  16071
1979  10249  10250  15495  16124  16126
1980   7570  11984  16068  16125  16126
1981  12559  13169  13170  14367  14382  14383
1983   4028  13856  13858  15413  15422  15423
1984   3036   4030   3117   4031   4028
1985   4030  10869  13323  13324  13327
1986   4033   3747  10867  13327  13329
1987   3753   4033   4971   4976   4978
1988   4031  12635  15413  15429  15430
1990   3775   7481  13493  14587  14590
1991  11347  11764  12452  13430  13432
1992   3778   7481  11346  12455  12456
1993  12263  12295  14584  14586  14587
1999  11564  11660  14181  14184
2000  12245  12248  16447  16450
2001  14082  14083  14086  14184  16485  16487
2002   4049  16457  16475  16986  16991  16993
2003   2692   4049   3699   8232   8234
2004   3692   5755   8234   8589   8590
2006   3695   2878   5755   6739   6742
2008   2883   1225   6739   8489   8490
2009   4060   6582  14625  14629  15998  16000
2010  15994  15997  16000  17094  17907  17909
2011   4060  13200  13249  13250  17900  17903
2015  13510  14631  15994  15995  15998
2016  13200  14629  14695  14697
2017   6582  17903  17907  17908
2018   2445   2488   8093  12591  14754  17094  17096
2021  15122  15421  15422  16021  16023
2022   4074  15428  15429  16017  16020  16023
2024   4074   5462   8495   8497
2025   8495   8496  17119  17164  17174  17175
2027   9919  12672  14656  14702  14703
2028   3628   2933   3000   4964   7005   7006
2029   6299   7306   9272   9915   9916
2030   6300   7003  11640  14699  15002  15003
2031   2931   7000   7003   7006
2033   4090   4091   7942  12750  13008  13009
2034   2232   4094   7939   7942
2035   4091  14168  15597  15620  15621
2036   4090   4094   2238  14165  14168
2037  15595  15621  15622  16501  16503  16505
2038   7939  11305  13008  13807  13809  13812
2039   3461   7667  11301  11302
2043  12780  12781  16698  16703  16704
2045  11458  12781  12782  16199  16204  16206
2046   6665  11371  11372  15072  15075
2047  12347  12349  12352  12780  12782
2048  10819  11369  11458  12352  12353
2049   6665   7214   7215   7563   7564
2050   7210   7214  16199  16201  16203
2051   7210   7215  15075  16695  16704  16705
2052   6772   9695   9701  13359  13361
2053   4112    599   2333   4113   6771   6772
2054   2012  13224  13804  13806
2055  13136  13220  13221  13224  13360  13361
2056   4119   6771  13139  13359  13360
2057   4119   4113   2334   2006
2058   9695   9699   9758  13221  13223
2059   4112    616   9699   9701
2060   7966   8795   8797  12142  12872  12873
2061  11419  11420  16548  16549  16552
2062   6949   7965  12142  12145
2063   2853   1845   8791   8794   8797
2064   6986   6989   6992   7940   7943
2065   3935   4126   7937   7942   7943
2066   6130   7937   7939   7940  12226  12228
2067   4126   3931   4129   2231   4094
2068   3933   3901   4130   2230   4129
2069   4130   3899  12657  12658  12661
2070   6126   6128   6130   6991   6992
2071  13602  15385  15391  18212  18234  18235
2072   8823  14029  15385  15386  15389
2074   8318   8320  13602  13646  13647
2076   8314   8315   8318  13093  13095  13097
2077  15096  15275  15276  18211  18237  18238
2078   6665  10770  14338  14862  14864
2079   7215   7216  10766  10767  10770
2080   5214   7214   7216  13165  13168  13171
2081  14831  14863  14864  15776  15778
2083  10856  10858  10861  15772  15773  15776
2084   5211  10860  10861  13169  13171
2085   4113   4147   8194   8195   8402   8403
2086   4149   1788   6772   6773
2087   4151   1793  10510  10511  10514
2088   1783   4149   4112    600   4151
2089   1789   4147   6771   6773
2090   4153   7290   8401   8402
2091   4153   1792   9051  10514  10515
2092  15524  15525  15959  16587  16588  16591
2093  10861  14367  15516  15527  15528
2094   9722  10314  10315  12556  13170  13171
2095   4160   8542  15844  15860  15865  15866
2097   4169  14826  15838  15841  15844
2098   8387  14820  14821  15799  15840  15841
2099   4160   4169   5541  10313  10315
2101  14821  14823  15935  15957  15958
2102  14777  14779  15933  15956  15957
2103  10313  10917  14820  14823  14826
2105   1585  11799  11800  11803  13436  13439
2106  11797  11807  11808  13436  13708  13709
2108  11794  11808  11809  14039  14129  14130
2109   7899  10653  11807  11809  13121  13122
2110   6388   6390  11803  14038  14132  14133
2113   9592   9595   9598  16748  16750  16752
2114  11884  11885  16752  18157  18159
2115   4197   9592   9593  12022  12025
2116   4197  11883  11884  18089  18092  18095
2117   9598  12022  13590  18117  18120
2118  13021  18125  18173  18175
2119  16750  18117  18126  18163  18174  18175
2121   2497   4201   3829   4014   1363
2122  12075  12501  14610  14613
2123  12502  14613  18199  18202  18203
2125   3836   4201   7798  12640  12642
2129    242   9020   9021   9369   9371
2130   2180    238   9307  10957  10958
2131    245   9365   9368   9371
2132    753   2506   7488   7490   9366   9368
2133   9021  10791  10960  10961
2134   9365   9366   9369   9552  10791  10792
2136  10556  10571  11583  11584  11587
2138   9634  11317  11319  13181  13184  13187
2139  11319  16409  16410  18433  18435
2141  12877  13296  13297  16901  16912  16913
2143   1677   9634  10470  16907  16910  16913
2144   5795  10764  12274  12605  12606
2145   3822   7110  14900  14901  14904
2146   7105  10337  12773  14904  14905
2147  12266  12270  12624  12776  12777
2148  10888  12270  12272  12276  12606  12607
2150   7107  10337  10890  12274  12276
2152   1543   8221  13969  14117  14118
2154   2345  10581  10583  13102  13104
2158   7413  12899  12903  12907  12909  12911
2159     95   7413   8280  12840  13289  13290
2160   8283  12840  17078  18081  18086  18088
2161   4242   7349  12775  14905  14906
2162   4247   4248   4249   4250   7348   7349
2163  10337  10340  15560  15563
2166   4257   5383   7111  14904  14906
2167   4259   4249   5383   8075   8076
2168   4247   1798  15557  15560  15561
2169   4250   4259   4257   4242
2170   4248   8076  15561  15564
2171   4017    474   4263   6846   6847
2172   4266   6845   6847   9627   9630
2173   4263    475   9630  12097  12098
2174   8237   9627  12098  17868  17879  17880
2175   4266   7433   8236   8237
2176  10256  11126  11128  12921  13089  13090
2180   1277   5249  12111  15855  15858
2181  10253  10255  12107  12108  12111
2182  11002  11005  15855  15863  15864
2183  11205  11206  11209  15799  15802
2184   4278   4279  10098  10099  10102
2186   4278   5698   6404  10563  10564
2187   4279   1487   5698   7221   7222
2188   2301   3021   7218  10560  10561
2189   2299   6405  10559  10560  10563
2190   3348   3817   3675   4287   4288
2191   4288   3343  11183  11186
2192   3673   3264   2888   8070   8072
2193   9883   9884  11183  11946  11947
2194   4287  11186  11946  16369  16460  16474  16475
2197   2413  10676  14640  14757  14758
2198  10109  10313  10314  10484  10485
2199   4169  10105  10109  11451  11452
2200   3725   5076   7210   7213   7216
2204   5076  10105  10108  10483  10484
2205   4160  11452  12958  16260  16263  16266
2206   7923   8240   8498   8499  10560  10562
2208   5457   8241   8494   8495   8498
2211  10561  10562  17199  17206  17207
2212   4310   3929  12092  15823  15826
2213   4310   3924   7943   9573  10993  10995
2214   6423  11016  12091  15820  15826  15827
2215   4126   4090   3932  15820  15823  15824
2216  11013  11016  12339  12753  12754
2218   4091   1919  15824  15827
2220  10624  10732  10733  16100  16148  16149
2222  10730  14384  15931  15959  15960
2223  10626  11467  15931  15936  15937
2225  11462  11464  14777  14778  16147  16148
2228   2981   9929   9936  18089  18090  18093
2230   4330  12765  12769  12844  12845  12848
2231   2589   4330   2422   6670  13602  13605
2232   6666   6670  12466  12467  12470
2235   6666  10706  13605  18235  18236
2237  10984  15645  16583  16586
2238   3781  14587  14696  14697  14821  14822
2239  15639  15928  15960  16586  16591  16592
2240   7481  15642  15928  15937  15938
2241   5931  12990  12992  14629  14822  14823
2243   5929   5931  10984  13200  13495  13496
2245   3991   2358   8085   8086
2246   8796   8797  11024  11025  11028
2247   2222   1618  15805  15881  15905  15906
2249   2758   4895  15808  17210  17215  17217
2251  12899  12905  15554  15837  15897  15898
2253  18121  18134  18169  18172  18175
2256  11706  14293  14298  18132  18135
2258   8473   8478  14878  14967  14968
2259   3865   4351  14819  14881  14882
2260    793   4310   8473   8474   8477
2261   3866   6969  14819  14970  14971
2262   4351   3869   4352   4353   6990   6992
2263   4352  10996  11258  11259
2264   4353   7940  10992  10993  10996
2265    734   8214   8604  11097  11098
2267   4360   2661   4361  10837  10839
2268   4360   6720   8602  11096  11097
2269   6720   9075  10833  10836  10839
2270   9070   9071  10834  10836
2272    762   9070   9072   9075  11096  11098
2273    251   4361   8408   9367   9368
2275   9366   9367  10047  10049
2276   2407   7281   7283   8242   8244
2277   8238   8242   8498  12823  12824
2278   3605   2563   7283   8133   8135
2279   3611   4074  14637  14758  14759
2281   5755   8074   8076  10523  11535  11536
2282   4377   4378   4379   5383   5386
2283   4380   3693   4379   8231   8234   8237
2284   4378   4381   1377   4266   4380
2285   1376   4381   4377   4259   4382   3921
2286   4249   4382  11534  11536
2288   6448   8828   8832   9440   9442
2290   8473  12344  16919  16922
2291   6448  10392  14424  14880  14968  14969
2292   3704   6013   6555   8247   8248
2294    236  10968  12783  14469  14471
2295   4129   2234    217   7144   7699   7700
2296   3928   2840  15823  15850  15851
2297   2837  10965  12783  15845  15848  15851
2298  14168  14469  14470  15824  15847  15848
2299   1034    204  15098  16904  16911  16912
2300  14994  15129  15674  15701  15702
2301   3229   9556   9557  14997  15128  15129
2302  10977  12105  14994  14997
2304   4393   4394  13536  13539  13542
2305   4397   9559  13539  13612  13613
2306   6439   6442  13239  13541  13542
2307   4394   4399   6442  14579  14581
2308   4393   4397   1415   4401   4399
2309   4401   1405  14361  14579  14580
2310  12779  12782  15846  15848
2312  10825  11458  15827  15846  15847
2314   2621   3579   3136   3745
2315   9488  14374  16488  16490
2317   8593  10064  10950  14177  14182  14184
2320   6061   8343  10088  10089
2321   9855   9857  10089  10090  18727  18733  18734
2322   3885   6061  12983  18730  18733
2323  12714  14116  14117  18731  18734
2324  11567  11568  12950  12998  12999
2325   9585  12999  14933  15152  15153
2327  14631  14825  15839  15841
2329   2690   5820  10305  10308  10311
2330  10309  10311  16246  16247  16250
2331   4421   8752   9334  16250  16252
2333   6490   6495   6496  14156  14328  14329
2334   2389   4421  10305  10306  10309
2335  10899  14156  18109  18111
2336   6496   9334   9335  10899  10900
2337  10563  10565  13605  13645  13646
2338   5867   7544   8318  12826  12827
2340   2583   6670  10559  10562  10565
2341   4330   2408   8242   8243
2343  10612  12931  12932  14353  14354
2344   4197  12936  13852  14352  14353
2345   3534  11884  14267  18436  18438
2346   9153   9156   9819  17905  17910  17911
2347   4153   9157  17902  17905
2348   9156  10905  14253  14255
2349   8402  10584  14252  18034  18035  18038
2350   9815  17087  17910  17912
2351    735   4002  11095  11098  11101
2353  11099  11101  12897  13221  13222
2354    620   9075   9076   9699   9700
2355   9070   9073   9076   9426   9428
2357   5788   5794  12274  15396  15545  15546
2358   2867  14132  14134  15544  15546
2359   3339  11778  14129  14131
2362  11799  12608  15399  15544  15545
2363   1796   6773  13146  13355  13356  13359
2364  13142  13146  13636  14395  14397
2365   4147   4119  14260  14262  14398  14400
2368   3382   9334   9336  10123  10124
2369   3344   6457   6460  11183  16212  16215
2371   4452   2385   5091   5093   5096
2373   4453  11186  16215  16250  16251
2374   4421   2384   4452   3342   4288   4453
2375   3373   8250  16032  16060  16061
2376    241   2877   6739   9371   9477   9478
2378   4361   2669   4458   6676  15561  15568  15569
2381   4248   4458  11530  11533  11536
2382   9365   9367   9478  12212  12214
2383   1678   3640  15095  16911  16913
2385  11439  13648  18238  18239
2386   1671   9634  10854  10855
2388  11099  11100  13355  13358  13361
2389   8920  11100  11101  16517  16522  16524
2390   2020   6448  13224  13517  13518
2391   8485  12044  14156  14459  14461
2394  15907  15910  15913  16982  16984
2395  11957  11958  16978  16979  16982
2397  11007  14997  15739  15766  15767
2398   4469  12256  13539  14805  14807
2399   1416   4397   4469  11129  11131
2401   4696  15851  16820  16825  16826
2402  12086  15826  15850  16823  16826
2403   6586  15413  15983  16022  16023
2404   4031   6581   6586   9821  17906  17907  17910
2405   6581  15983  15999  16000
2408   9413   9414  10476  13389  13391
2409  13114  13430  13431  13660  13661  13664
2411   8044   8899   8901  16441  16442
2412   8895   8896   8899  16120  16123  16126
2413   3516   9926  11046  11051  11053
2416   1799   4247   4458   5081   5082
2417   1795   5082  13068  13146  13147
2418   7273   7349  14213  14216
2420   3922   4382   4250   7273   8775   8776
2421   5935  15394  15399  15400  16579  16581  16583
2422  11031  11037  15397  15400
2423  11033  12276  15394  15396  15397
2424   9296  10892  11383  12270  12271
2426   5934  11383  12394  12990  12991
2427   5929   5934   5935   9296  11036  11037
2428   9623   9628   9630  11516  11517  11520
2429   6841   6847  11326  11520  11521
2430   4380   7052   9623   9625   9627
2431   4378   4496   7052  16688  16689
2434   4381   1382    903   2154   4496
2435   3574   6336   6337   7012   7013
2436   4503    797   6332   6333   6336
2437   4503   7012   8709   8782   8783
2438   3622   8707   8782  10364  10366
2439    295   3575   1012   1985   3618
2441   6332   6334   6337  10210  10212  10214
2442   3744  10026  14207  14430  14431
2444  11706  11711  12171  12174  12177
2445  12585  13704  18100  18138  18140
2447   4508  11032  15397  15548  15549
2448  12491  13160  13161  15543  15546  15549
2451   1797  13163  13164  15560  15571  15572
2452   4508   1785  13158  13161  13164
2456   3966   3995  11809  13070  13071
2460   8340  11807  13071  13072
2461  10956  10957  11576  11577  11580
2466    693    102   7413   7415
2467   7277   7283  16220  16222
2468   4028   6586  10885  11386  11387
2469   4524   9296   9299  17898  17903  17905
2470   4030   3121   9156  12621  12777  12778
2471   4524   6581   6582  11382  11383  11386
2475   9415   9419   9862  12712  12714
2476   7704   9419   9777  13828  13829
2478   7704   9862  18734  18770  18771
2479   4533   1794   4360   5082   5083
2480   4149   1787   4533   6720   9700   9701
2481  14189  14460  14461  18111  18141  18143
2483   7602   8906   8907  10785  10786
2484   3682   4453   4287  10309  10310
2485   2691   3683   4049  10310  10311
2486  12997  12999  13978  15647  15649  15651
2487   9092  12046  14192  14459  14460
2488  12046  12201  12206  13374  13383  13384
2489   8485   8486  10899  18113  18115  18117
2490   8143   8728  13986  13989  13992
2491   8728   9597  12022  12160  12161
2492   8486   9597   9598  13990  13992
2493   5070   5076  10169  13859  13861
2494  10484  11386  11388  15983  15986
2495   9511  13568  13570  14574  14672  14673
2496   9510  11445  15692  15724  15725
2497   1336   3132    382  13568  13573  13574
2498  13574  14672  16053  16055
2499   6415   7053  10305  10307  10310
2500   4379   6413   7050   7052   7053
2501   3862   5695   7222   7223  14816  14819
2502   5695   6666   6668  10564  10565
2503   2930   3830   4201   7001   7003
2507   4548  12053  13727  13728  14672  14674
2508   4552   4548  11545  12314  12315
2510   4553   3619  11545  12507  12508
2511   4552   4553  14571  14673  14674
2515   4257   4377   4496  13396  13871  13872
2516   6409   7053   7895  16535  16538
2518  13870  13872  14900  14903  14906
2520   5695   5698  11752  11754
2521   4278   2254  11627  11753  11754
2524   9403  10784  10785  11463  11464
2525  10784  10786  16143  16145  16148
2528  15913  16777  16953  16963  16964
2530   6109  13819  15911  16777  16778
2531   4573  15662  15663  18371  18382  18383
2532   4573  11956  11957  16950  16953
2533   7858  13377  13383  13819  13822
2535  10325  15857  15860  16501  16506  16508
2536   3881   7258  15857  15866  15867
2537  11452  15762  15764  15842  15844
2538   8346  12513  14936  15151  15152
2539   3890   6061  11784  12832  14223  14225
2540    115    786   8899   8900
2541  14450  14455  14457  15519  15526  15527
2544   2224   6751  13979  13982  13985
2545  13979  13980  13983  15547  15549
2546   1584  11803  15543  15544  15547
2549  13159  13161  13983  13985
2550   4130   2229   8003   8005   8007
2551   2932   7004   7006  11350  12451  12452
2552   4013   1362  11349  12454  12455
2553   4584   6442   9554  10792  10793
2554   4584  11683  11696  13540  13542
2555   9481  10791  10793  11676  11681  11683
2556   9369   9475   9478   9481
2557   7083   7257  15853  15855  15857
2560  11340  11672  11673  15400  15547  15548
2561   4151   4508   1784  13192  13983  13984
2562  10514  11035  11037  11336  11337  11340
2564   3649   7960   7961  12138  12140  12142
2565   5180   6931   8925  12419  12420
2567  14095  14816  14844  14882  15041  15042
2568  11545  11680  11696  14808  14810
2569   4553  11676  11680  12694  12695  12698
2570  12496  12508  12509  14613  14808  14809
2571   4596   9270   9916  11635  11637
2572   8460   9919   9920  12199  12200
2573   1470   4596   4279  11751  11754  11757
2574  11631  11632  11635  11756  11757
2575  11629  11632  11634  12198  12199
2576    511   8493   9019   9021   9480   9481
2577  12315  12316  14804  14805  14808
2578  12828  12832  18733  18773  18774
2580   7835  12339  16448  16451
2583   6337   6338   9265  10996  10997
2584   4353   6130   6332   6335   6338
2585  10109  14825  14826  15986  15998  15999
2587   8486  12044  12046  16750  16753
2589  10770  15075  15271  16556  16558
2592   4596   1463   9415   9418   9421
2593   4351   9421   9774   9777  11755  11757
2594   4263  10628  11467  11520  11522
2595  10624  10625  10784  12182  12184
2596   8929  16758  16959  16966  16967
2598  16953  16956  16957  16977  16982  16983
2599  10591  12385  16955  16956  16959
2600   7958  10593  12385  16974  16977
2603  13712  15637  15641  15928  15931
2605  13436  15636  15644  16579  16584  16586
2606  12352  15845  15846  16826  16831  16832
2607  13256  13258  15784  15787
2608   8682   8683  16752  16755
2609   7723  11318  11319  18149  18152
2610  13819  13991  13992  18301  18303
2611   8728  11240  12683  18294  18301  18302
2614  13019  13932  13961  16956  16958
2615   4573    962  13453  13958  13959
2617   4613   4503   9945  11632  13930  13960  13961
2618   4352   4613   3876   6336   6338
2619   9419   9421  10224  11635  11636
2620  15556  15830  15837  15991  15993
2621   4452  14390  14830  14866  14867
2623   6765  14851  15776  15974  15977
2624   9855   9860   9862  10221  10224
2626   7186  12937  14348  14350  14353
2627   3416   4616   4617  16006  16009
2628    380  13574  13727  14595  14597
2629   3406   4619   4616   8520   8521
2630   4620  14674  16006  16054  16055
2631   4620   4617   4619   1280   4548
2632    887      5   6386  13395  13874  13875
2633   3594   4033   6351   7520  10096  10097
2634  10863  10865  13327  13873  13875
2635   9076  10835  10836  13194  13984  13985
2636   4533   1786  10839  13162  13164
2637   4623   4552   4620  11680  11683
2638   4617   4624   4394   4584   4623
2639   1291   4469   4393   4624   4619
2640  12199  12422  12423  16959  16961
2641   4613   3877   7007   7009   7012
2644   9490   9892  10997  11257  11258
2645   3408   4626   4401   2137   7873   7874
2646   2069   4626   3409  14575  14576  14579
2649   4524   4060   5931   5934
2651   4626   4399   4624   4616   3407
2652   4242   7273   7276  13869  13872  13875
2653  14388  14867  16559  16561
2654   4623  10793  10960  16006  16015  16016
2656   5935  10984  11340  11342
2660  10745  10940  11532  13866  13868
2664  11093  14773  14785  16822  16825
2667  12044  13384  13822  13990  13991
2672  12201  12438  12953  12997  12998
2674   8108   8109   8605   8608   8611
2683  10461  13506  13509  15802  15839  15840
2684   8782  10587  10589  12385  13018  13019
2686   4889  15902  17217  17222  17223
2689   9341   9725  18147  18150
2694   7000   7005  14998  14999  15002
2695   4971  11274  12692  13856  13857
2697  12146  12153  18378  18380
2704   8569  10415  10422  11718  11720
2708  13021  13283  18081  18083  18085
2709   6362  12200  12418  12420  12423
2710   7250   8765  11552  12637  12638
2712   5200  13046  13049  13052
2713   5211   9722  12388  12390  12391
2714   9348  10403  11416  12291  12292
2716   8791   8796   9908  16859  16862  16865
2717  12111  12646  14517  14780  14781
2718  11336  11342  12852  13494  13496
2719  16371  16474  16991  17004  17005
2720   6496   8485  13986  13987  13990
2722   5291   7466   7468   7471
2724  10524  10528  12595  12884  12885
2725   5317   7314  18137  18140  18143
2726  14861  14862  16555  16558  16561
2727   5336   8141  16420  16423  16426
2732   7105   7111   8075  15557  15563  15564
2733  11638  11642  14698  14699  14702
2737   7960   7965  12880  13295  13296
2740  13997  14191  17041  17046  17047
2743  11498  12216  12217  16508  16529  16530
2744  10315  10917  11332  15956  15958
2747   5564  10281  10976  12105  12106
2748   8245   8246  13919  13922  13925
2751   9893   9894  11426  11427  11430
2755   9259   9260   9483   9488   9490
2757  13993  13994  13997  16097  16100  16101
2761   7217   7222  10559  10561  10564
2763   8923   8929  12418  12419  12422
2765  14780  14782  15853  15858  15860
2767   8774  12679  12680  13630  13631  13634
2768  10587  10593  16078  16169  16170
2770   8108   8110   9224   9227   9230
2771   7544  13095  15696  15697  15700
2772  10275  12106  14994  15739  15741
2775   9406  11462  11463  12108  12109
2776   5911  11668  11671  11674
2777  12493  15566  15569  15572
2778   5929  12990  16583  16592  16593
2779   7549  14816  14971  14972
2780   9341   9349  10403  11570  11571
2782  12107  12110  15799  15858  15862  15863
2785  10089  12832  15662  15665  15668
2786   6062  10249  12245  12246  12249
2789  10112  10114  10117  11570  11572
2791   6109  12790  18291  18302  18303
2793   6126  12226  12657  12659  12662
2794   7704  10224  13456  13957  13958
2796  10711  11612  18292  18299  18300
2797  10279  12106  15696  15699  15702
2798   7321  10794  10798  18768  18769  18772
2800  15064  15065  15943  15945
2802   6269   8790   9422   9424   9427
2804  14515  16103  16147  16149
2805   6296   9272  11638  11640  11643
2806  10158  10159  14797  14800  14803
2807   8340  10728  10730  13706  13709  13712
2809  11016  12330  15458  15461  15464
2811   9548   9554  14575  14578  14581
2812   9436   9442  13513  13514  13517
2813  10606  14401  14407  16158  16195  16196
2814  14328  14461  17037  17040
2816  10927  10930  12204  12438  12511  12512
2817   6490   9335  16246  16249  16252
2822   6710  10785  11851  12182  12183
2823   9695   9700  11095  11096  11099
2825   8487   8489   9475   9477   9480
2826  10833  10835  13158  13159  13162
2827  14398  14399  18032  18035  18036
2828  11934  11938  12535  12536  12539
2830  13095  13644  13647  15096  15099
2831   9914   9920  11631  11634  11637
2835  10422  12600  13949  13950  13953
2836  10251  11154  12246  12247
2838   7050   7895  16683  16685  16688
2839  14573  15719  15725  16050  16052
2841   7257   8467  16506  16526  16527
2845   7141   7699  13547  16034  16039  16041
2850   8775  13634  14216  14395  14396
2851   8598   8600  11095  11097  11100
2852  10170  13861  16513  16545  16547
2853   9125   9126  16081  16082  16085
2854   8231   8236   8584   8586   8589
2855  10679  10680  11299  11300  11303
2856  12393  12604  12607  16581  16589  16590
2857  10105  15123  15986  16021  16022
2858   7517  10091  10093  10096
2859  10252  10255  12915  12921  12922
2860   9415   9777  14841  15042  15043
2861  10786  12182  14188  17038  17041
2863   8849   8905  10252  10254  10257
2864  11352  11354  16525  16526  16529
2865   8605   8607  10172  10173  10176
2866   9153   9299  10892  12776  12778
2868  11569  11570  11573  18145  18147  18149
2870  11495  12644  14079  14083  14084
2871  11854  11858  12636  12639  12642
2872   8663  10043  10045  10048
2874   9224   9229  11433  11434  11437
2875   9576  10995  12339  13011  13012
2877   7917   8494   8496   8499
2879   7937  10993  13007  13008  13011
2880   9259  10992  10997  13011  13013
2881   8003  12034  13903  13904  13907
2882  10552  10554  10566  10568  10571
2887  18109  18115  18123  18134  18141  18142
2888  11583  11586  11589  12840  12843
2891   9780  12184  17038  17047  17048
2892   8683  11885  14267  18400  18403  18406
2893  10477  12808  12810  13385  13386  13389
2894  10622  10624  11461  11464  11467
2895   9914   9916   9919  11642  11643
2896  10325  12216  14514  14781  14782
2901   8638   9893   9895   9898
2902  10679  10681  12227  12659  12660
2903   8657   9960  11419  11422  11425
2904   9592   9597  18297  18298  18301
2907  10124  10900  18115  18118
2908  10478  13389  14029  14801  14802
2911   9139   9141  11359  11360  11363
2913  11253  11257  14548  14564  14565
2915  10510  10515  11054  11056  11059
2916  13104  14257  18041  18042  18045
2918  11331  14380  14383  15955  15956  15959
2921  11336  11668  11673  12756  12762  12763
2926   9283  11569  11572  11575
2927  10888  10892  11031  11033  11036
2928   9548   9550  10792  10955  10957  10960
2929  11576  11581  16697  16700  16701
2930  12105  13093  13100  15700  15702
2931   9996  11583  11585  11588
2932  11461  11463  11516  11519  11522
2933  10314  10917  12391  12991  12992
2934  11876  12599  13179  13950  13951
2935   9483  10172  10174  10177
2937   9507  11445  14568  14573  14574
2938  11366  11371  12347  12350  12353
2939   9585  11786  13978  14223  14224
2940  10992  10995  11253  11255  11258
2941  11978  14889  16068  16118  16119
2942   9623  12093  12095  12098
2943  10470  10854  11113  11739  18211  18214
2944  10524  10526  10580  10582  10585
2945  10573  10575  17136  17139
2947  13220  13223  13800  13803  13806
2948  11691  11692  13242  13540  13541
2949  13823  13826  13829  15037  15040  15043
2950  10794  10799  13763  13824  13825
2951  11205  11207  13085  13086  13089
2952   9846  10098  10100  10103
2953   9855  12714  13550  13551  13554
2954  12070  12073  12496  12498  12501
2955   9929  10613  13849  14352  14354
2956  11624  11629  11751  11753  11756
2957  10466  15802  15862  15864
2960  10057  10950  11562  11564  11567
2961  11957  13378  13379  13822  15911  15913
2962  11555  11560  12070  12072  12075
2963  10751  11530  11532  11535
2966  10210  11489  13807  13810  13813
2967  11631  11636  13956  13957  13960
2968  11714  11720  12026  12029  12032
2970  10260  11285  11287  11290
2972  10888  10890  12772  12773  12776
2973  12280  12282  13291  13294  13297
2974  11218  12843  17071  17078  17079
2975  11973  14424  14843  15038  15039
2976  11569  11571  12287  12288  12291
2977  10408  11318  16404  16407  16410
2978  10415  10939  13862  13865  13868
2979  15060  15061  15064  16042  16043  16046
2981  10647  13117  13119  13122
2982  11419  11421  11714  11716  11719
2983  12886  14640  17091  17093
2984  10693  11661  11663  11666
2985  11433  11435  18233  18236  18239
2986  10711  10927  10929  10932
2987  10736  11162  15788  15789  15792
2988  10745  12208  12210  12213
2990  12259  12295  12809  13427  13429
2991  11426  11431  14772  14788  14789
2992  10871  11024  11026  11029
2993  11382  11387  12266  12268  12271
2994  14249  14253  17888  18035  18037
2995  12992  15955  15958  16591  16593
2996  11509  11511  12779  12780  12783
2997  11000  11125  11127  11130
2998  12086  12091  12324  12327  12330
2999  11046  11785  14219  14220  14223
3000  12413  17145  17160  17167  17168
3002  14768  14773  14775  16915  16920  16922
3004  13378  13384  14459  17040  17043  17044
3005  12245  12247  12250  14511  14514  14515
3006  11946  16110  16215  16257  16258
3007  11359  11361  11590  11592  11595
3008  11854  11859  12026  12028  12031
3009  12107  12109  14776  14777  14780
3010  13014  13926  13932  14705  14708  14711
3011  11237  12678  12680  12683
3012  14805  15769  15770  18198  18205  18206
3014  11516  11521  12354  12356  12359
3015  11343  12450  12452  12455
3017  12287  12292  13181  13182  13185
3019  12217  12644  14514  14517
3021  12310  12315  12503  12505  12508
3022  12636  12638  18201  18204  18207
3023  12035  13907  16034  16036  16038
3024  11822  11827  12791  18288  18291  18292
3025  12844  15372  16166  16240  16241
3026  12324  12326  13256  15459  15461
3027  11676  11691  11693  11696
3028  11706  15537  15834  15898  15899
3029  12779  12781  14465  14466  14469
3030  11758  12808  13426  13427  13430
3031  11799  11801  14128  14129  14132
3032  11808  13071  15520  15523  15524
3034  12466  12765  12770  14545  14550  14551
3035  12183  14323  14324  17035  17037  17038
3037  11871  12597  12599  12602
3038  12171  12176  12535  12537  12540
3040  12604  12606  15396  15399
3041  13385  13387  14797  14798  14801
3042  11985  12694  12696  12699
3044  12155  12161  13584  13587  13590
3045  12567  12569  13722  13725  13728
3047  13245  13246  13249  13494  13495
3048  12138  12867  12869  12872
3049  12146  12673  16962  16965  16968
3050  12899  12904  13021  13023  13026
3051  12186  16274  16366  16367
3053  12828  12830  14219  14222  14225
3054  12749  12754  13007  13009  13012
3056  13014  13019  16977  17014  17016
3057  12388  12991  16587  16590  16593
3058  13551  13552  14112  14113  14116
3059  12512  12997  15151  15153
3062  12487  13158  13160  13163
3063  14074  14079  14511  14517  16143  16144  16147
3064  12581  12583  13699  13701  13704
3066  12553  13165  13167  13170
3067  12588  12885  17090  17093  17096
3068  12772  12777  14900  14902  14905
3069  13005  15430  17185  17190  17191
3070  13855  13857  16509  16510  16513
3071  12802  13103  13916  14257  14258
3073  13323  13325  13869  13870  13873
3074  12756  13046  13048  13051
3075  13284  13289  17074  17075  17078
3077  13181  13183  13291  13293  13296
3078  13220  13222  13513  13515  13518
3079  12907  13209  15987  15990  15993
3080  12915  13085  13087  13090
3082  12947  12998  15147  15150  15153
3083  13963  13964  18727  18730  18731
3084  13188  13190  13979  13981  13984
3085  13506  14625  14631  14691  14694  14697
3086  13142  13147  13862  13864  13867
3087  13630  13632  14394  14395  14398
3088  13093  14149  15099  15274  15275
3089  13426  13431  18241  18246  18248
3090  13800  13802  14089  14091  14094
3091  13355  13360  16843  16844  16847
3092  15459  15988  16114  16121  16122
3093  13839  13841  13949  13951  13954
3094  13490  13495  14590  14695  14696
3095  13213  13245  13247  13250
3097  13536  13541  13607  13609  13612
3099  13584  13589  14721  14722  14725
3102  13903  13905  16036  16039
3104  13378  13383  15647  15652  15654
3105  13392  13869  13871  13874
3107  13417  13550  13552  13555
3108  13706  13708  15630  15636  15637
3109  13926  13928  13956  13958  13961
3115  13568  13722  13724  13727
3116  13660  13662  14169  14171  14174
3117  13644  13646  18233  18235  18238
3118  13761  13823  13824  13827
3119  13963  13965  14112  14114  14117
3124  13807  13808  16525  16528  16531
3127  13986  13991  15907  15908  15911
3128  18401  18403  18432  18435  18438
3129  13846  14348  14349  14352
3131  13885  13919  13921  13924
3132  15683  15686  16017  16018  16021
3133  14256  14258  14286  14288  14291
3135  13993  13998  14219  14221  14224
3137  14226  14228  14797  14799  14802
3138  14032  14128  14130  14133
3141  14074  14082  14084  14087
3144  14272  15274  16905  16908  16909
3145  14323  14328  18105  18108  18111
3146  14465  14470  15591  15594  15597
3147  14177  14375  16484  16487  16490
3148  14185  14460  17035  17040  17041
3149  14293  14296  14426  14428  14431
3150  14249  14254  14394  14396  14399
3152  14277  14401  14403  14406
3154  14861  14864  14867  15539  15830  15832  15834
3155  15494  15775  16071  16124  16125
3156  14355  14575  14577  14580
3157  14380  14382  15522  15525  15528
3159  14877  14880  15037  15038  15041
3161  14450  14552  14554  14557
3164  14511  14776  14778  14781
3166  14545  14559  14561  14564
3167  14568  14673  16049  16052  16055
3168  14584  14691  14693  14696
3169  14705  14790  14792  14795
3170  14804  14809  18201  18202  18205
3171  14721  14726  16191  16194  16197
3172  14625  14820  14822  14825
3173  14753  14758  17090  17091  17094
3174  14698  14703  14998  15000  15003
3180  14768  14783  14785  14788
3181  14877  14882  14966  14968  14971
3182  14827  14861  14863  14866
3183  14838  15037  15039  15042
3184  14884  14887  15974  16117  16119
3188  15147  15152  16239  16242  16245
3190  15060  15065  15719  15720  15723
3191  15122  15448  15686  15707  15708
3193  15124  15129  15735  15736  15739
3197  15266  15271  16699  16702  16705
3199  15092  15275  16907  16908  16911
3215  15385  15390  16239  16240  16243
3216  15394  15543  15545  15548
3217  15422  15429  17182  17185
3218  15458  15496  16120  16121  16124
3219  15529  15534  15703  15704  15707
3223  15538  15555  15834  15837
3224  15513  15522  15524  15527
3225  15557  15566  15568  15571
3226  15591  15621  16260  16261  16264
3230  15630  15639  15641  15644
3231  15647  15662  15664  15667
3232  15696  15701  17147  17148  17151
3233  15703  15708  15758  15760  15763
3234  15719  15724  15742  15744  15747
3235  15772  15977  16071  16117  16118
3236  15735  15737  15765  15767  15770
3237  15804  15881  17215  17219  17220
3238  15788  15793  16827  16830  16833
3239  15838  15840  15861  15862  15865
3240  15907  15909  16772  16774  16777
3241  15820  15845  15847  15850
3242  15830  15893  15895  15898
3243  15853  15861  15863  15866
3244  15900  15906  17218  17219  17222
3246  15939  15941  16010  16011  16014
3247  15932  15937  15955  15957  15960
3249  15987  15992  16113  16114  16117
3250  15994  15999  16017  16019  16022
3251  16010  16015  16049  16051  16054
3252  16061  16112  16257  16259
3253  16034  16042  16044  16047
3254  16113  16118  16120  16122  16125
3255  16081  16086  16168  16170  16173
3256  16111  16253  16257  17003  17004  17007
3257  16097  16143  16146  16149
3259  16151  16191  16193  16196
3260  16184  16186  16239  16241  16244
3261  16216  16232  16235  16238
3262  16199  16260  16262  16265
3263  16246  16251  16253  16255  16258
3265  16365  16367  16470  16471  16474
3273  16404  16409  18400  18401  18404
3274  16420  16436  16437  16440
3276  16445  16484  16486  16489
3277  16454  16470  16472  16475
3278  16477  16482  16859  16860  16863
3279  16509  16511  16541  16542  16545
3280  16501  16525  16527  16530
3281  16517  16548  16550  16553
3282  16541  16543  16555  16557  16560
3284  16579  16587  16589  16592
3288  16667  16683  16684  16687
3291  16692  16699  16701  16704
3292  16772  16773  16962  16963  16966
3295  16748  18157  18163  18166
3297  16787  16795  16797  16800
3299  16820  16827  16829  16832
3300  16834  16843  16845  16848
3301  16850  16859  16861  16864
3304  16898  16907  16909  16912
3305  16915  16939  16941  16944
3307  16955  16957  16962  16964  16967
3308  16978  16983  17010  17011  17014
3309  16986  17003  17005  17008
3310  17010  17015  17872  17875  17876
3312  17035  17042  17044  17047
3313  17074  17079  17890  17893  17896
3314  17090  17092  17906  17909  17912
3315  17121  17143  17218  17221  17224
3316  17140  17143  17163  17164  17167
3318  17133  17147  17149  17152
3319  17163  17168  17170  17172  17175
3320  17178  17186  17188  17191
3321  17193  17202  17204  17207
3322  17210  17218  17220  17223
3361  17865  17874  17876  17879
3362  17890  17892  18034  18037  18040
3363  17898  17906  17908  17911
3371  18034  18036  18041  18043  18046
3374  18081  18089  18091  18094
3375  18105  18107  18137  18138  18141
3376  18113  18121  18123  18126
3377  18128  18137  18139  18142
3378  18145  18158  18160  18166  18167
3379  18160  18169  18171  18174
3380  18192  18201  18203  18206
3381  18208  18233  18234  18237
3382  18241  18249  18251  18254
3385  18288  18297  18299  18302
3390  18368  18377  18379  18382
3391  18393  18398  18400  18402  18405
3393  18423  18432  18434  18437
3412  18727  18768  18771  18774
cells 343
0      1      2      3      5      6      7      8      9     12     13     14     16   3024
1     17     18     19     20     21     22     23     24     26     27     29   2704   2835   2968   3008   3174
2     30     33     34     36     37     38     40     41     43     44   3026   3092   3261   3274
3     47     48     49     50     52     53     54     55     56     58     60   2793   2902   2981
4     63     65     68     69     72     73     74     21     78     79     80     81   2710   3048
5     83     84     85     86     87     88     89     90     91     92     93     94     95     96     97   2826   3062
6     98     99    100    101    103    104    106    108    109    110    111    112    114    115   2674
7    116    117    118    119    121    122    124    125    126    128   2828   3038   3197
8    133    134    135    136    138    141    116    144    145    146    147    148   3246   3251
9    150    152    153    154    155    156    157    158    160    161    163   2950   3161
10      5    164    165    166    168    169    172    173    175   2767   2835   2934   3011   3093
11    176    177    178    179    180    181    183    184    185    186    187    188    189   2807
12    141    192    193    194    195    196    197    198   2800   2839   2979   3190
13    203    204    205    206    207    208    209    210    211    215   3044   3099   3313   3362   3371
14    218    219    220    221    222    224    225    226    227    134    229   2664   3190   3234
15    233    234    236    237    238    239    240    241    243    244    248   2712   2802
16    253    255    256    258    260    261    262    263    264    265    266   3147   3276
17    267    268     43    269    271    272    224    273    274    275    277    280   3238   3299
18    283    284    285    286    287    289    290    291    292    293    294    295   3319
19    302    303    304    305    306    253    307    309    277    310    311     41    312   2998   3034
20    313    314    315     56    317    318    319    320    321    322    323   3010
21    324    325    327    328    265    331    332    334    335    336    337   3025
22    340    341    342    343    344    345    180    346    348    349    351   2891   3035   3312
23    353    354    355    356    357    358     12    359    363    364    365    366    368   3089   3382
24    369    370    371    189    375    348    377    382    383    384    385    386    389   3053   3135
25    391    392    393    394    397    398    399    400    401    403   2864   2966   3124
26     29    404    405    406    408    409     74    411    412    414    415    416   2733   2952
27    419    195    420    421    422    423    424    425    426    427    428   2853   3042   3309
28    429    430    431    432    428    433    435    436    437    438    440    441    442   2854
29    445    446    447    448    451    453    454    455    456     16   2796   2892   2986   3382   3391
30    458    459    460    168    461    462    463    464    465    466     23    467   3037
31    448    470    471    475    476    477    478    480   2858   3128   3393
32    482    483    489    490    165    493    460    494    495    205    496    497   3133
33    498    500    501    502    503    505    506    507    198    423    510   2719   3102   3265
34    494      2    511    513    514    206    517    518   2767   2827   2850   2994   3087   3150
35    520    521    522    523    524    525    526    528    529    397    530    532   2997
36    535    536    537    538    539    540    541    542    543    544    546   2816   2986
37    547    549    550    551    136    226    554    555    556    557    558   2780   2789   3149
38    559    560    561    562    563    564    566    568    569    570    435    355    571    572    573   2962
39    574    575    576    577    578    580    581     79    583    584    476    585    586    587
40    589    590    591    454    592    593    595    596   2672   2816   3059   3082
41    574    598    599    600    589    478    601    602    604    605    606    608   3144   3273   3391
42    415    610    611    244    612    613    614    615    617    618    619    620    621    622   2805
43    623    624    625    627    628    629    630    631    633    634    635    636    595   3295   3378
44    637    638    639    640    642    643    644    150    645    647   2748   2975   3131   3152
45    648    649     68    651    652    653    654    655    659    660   2903   2968   2982
46    663    664    665    666    667    668     55    671    672    673    674    676    677   2776
47    679    680    681    682    684    685    686    687    689    690    692    693   2856
48    696    697    698    699    700    701    702    703    100    704    708    709   2992
49    711     34    712    713    715    716    717    718    719    720   2727   3079   3184   3249
50    721    723    624    725    726    727    728    729    730    696   2674   2770   2865
51    731    732    733    735    736    737    738    739    740    742    743    744   3047   3094   3168
52    747    748    749    750    751    752    753    754    755    756    757    758    759   2866   2927   2972   3150
53    649    760     65    761    583    762    763    764    765    766    767    768    283    772   2911   2973   3007
54    773    774    775    776    777    779    780    781    782    783    784    765   2751
55    786    787    788    789    790    791    792    743    794    795    796    797   3095
56    800    802    803    804    805    807    808    809    810    811    813    814    815
57    816    817    818    819    820    823    716    824    825    153   2813   3152   3259
58    829    830    320     53    831    832    391    834    835    836    438    837   2984
59    466    838    840    841    842    843    844    845    846    847    848    639   3071   3133
60    852    853    854    855    857    858     19    859    860    861    862    462   2716   3278
61    865    866    867    868    869    870    871    872    873    118   2695   2929   3070
62    878    879    880    881    882    883    733    884    885    887    888   2718   2776   2921   3230
63    803    890    891    893    894    895    897    898   2786   2836   2896   3005   3164
64    899    900    901    902    903    904    354    906    908    909    910    911    912   3080   3288
65    913    914    916    917    918    919     86    920    921    922    291    923   3219   3244   3315   3316
66    925    926    927    929    931    932    933    934    935    936    937    938   2877
67    671    940    941    942    943    944    945    946    947     87    948   2855   2902
68    949    950    951    411    952    953    954    956    957    958    959   2771   2830   3232
69    960    964    599    965    729    966    634    968    596    969    970   2943   2977
70    971    972    974    976    977    978    951    979    935    980   3315   3322
71    982    983    262    984    332    985    986    987    989    990    991   2757   2836   2939   2999   3135
72    994    995    234    996    997    998    999   1000   1001    620    642    842   1004   1005    789   3058   3090
73   1006    703   1008   1009   1010    104   1011   1013   1014   1015    861   2763   2768
74   1016   1017   1018   1019   1020   1021   1022   1024   1025   1027   2887   2907   3375   3377
75   1029    328   1030   1031   1032   1033   1034   1035   1036   1037    938   1038   1039   2806   3137
76   1041   1042   1043   1044    808   1045   1046   1048   3092   3155   3218   3235   3249   3254
77   1050   1051   1052   1053   1054   1056   1057   1058   1033    937   1059   1060   2683   2957   3239
78   1061   1051   1062   1066   1067   1068    606   1070    736   1071   2893   2908   3041   3137
79   1073     22   1074    560   1075   1076   1077   1078      7   1079   1080    368   2694   3093
80    648   1081   1082    760   1083   1085   1086   1087    286   1088   2811   2872   3156
81    640   1089    158   1090   1091   1093   1094   1095   1096   1097   1099   1101   2949   3118   3159
82    273   1105    547    218   1106   1108   1109   1110   1111   2751   2901   2926   2976   2991   3180
83   1112   1113   1114   1116   1117    302   1120   1121   1122    268   1124   1125   2882   3261
84   1126     84   1127   1128   1129   1130    125   1132   1133   1135    192   1137   3246
85   1140   1142   1143   1144   1145   1146   1147    523   1150   1151    399   1152   1154   2863   2870   3045
86    660   1156   1157   1158   1160   1161   1162   1163   1164   2660   2872   2988
87   1166   1168   1170    612    792    998    882    243   1172   1174    744   1175   2915   3107
88    429    340   1177   1178    426   1179   1180   1181   1183   1185   1190   1192   3308   3310   3361
89    319   1193   1195    179   1196    442   1197    385    345   1201   2984   3310
90   1202   1203    263   1204   1205   1206   1207   1208    723    969   2874   2935   2985   3381
91   1212   1213   1215    668   1216   1217   1219   1220   1221   1222   1223   2722
92    169   1156    659   1226   1228   1231    458   1232   1233   1234   2704   2978   3086
93   1235    394   1236   1237   1213   1238   1239   1240   1241   1242   1246    530   2841   3236
94   1249   1250   1132   1251   1252    507   1253    220   1254   1257   1258   2845   2979   3253
95   1259   1260   1108   1261   1262    779    772   1263    708   1265   2737   3017   3077
96   1267   1268   1269   1270   1271   1272   1273   1275   1276   1278    506     92   2777   2881
97   1281   1282   1283   1284   1285   1286    873   1287   1288   1289   1293   3191   3219   3233
98   1294    613   1170   1295   1296   1297   1298    881   1299   1300    732   2712   3074
99    271   1302   1303   1304   1305   1306    783   1311    311   1312   1116   1313   1314   2812   2991
100   1318   1319   1320   1321    763   1261   1324   1325   1326   1330   1111   1331   1332   3393
101   1333   1334   1335   1336   1337    536   1339   1340   2697   2791   2796   3024   3385
102   1341   1343   1344   1345   1346    622    916   1347    972   1350   2802   2945   3237
103   1352   1353   1354   1355   1356   1357   1358   1359   1362   2852   3070   3279
104   1363   1364   1365   1366   1367   1368   1369   1370   2697   2831   2967   3049   3307
105   1371    425    432   1372    566   1373   1374   1375    652   1376   1380   1381   2825   2988
106   1382   1383    204   1385   1386   1387   1389   1390   1391   1392    518   1393   2955   3129
107   1397    551   1398   1399    101   1400    629   1401   1403   1404    726   1406    698   3297
108    185   1409   1196   1410   1411    317     54   1412   1222   1413    667   1415    829    433    572   1418   2954
109   1419   1420   1421   1422   1425   1426   1428   1429    344   1432   1027   2838   3288
110   1433   1434   1435   1436   1437   1438   1439   1440    505   1095   1257   1441   1442   2748
111    117    872   1443   1444   1445   1446   1448   1450   1420    901   1451   1452   1016   3279   3282
112    576   1456    605   1458   1459   1460   1462   1463   1464   1053   1061   1467   1468   2997
113    221   1109   1442   1253   1471    503   1472   1473   1474   1475    774   1476   1304   1477   3002   3305
114   1478   1441   1269   1479   1480   1481   1091    160   1482   1483   1484   1485   3131   3138
115   1486   1487   1488    712   1490   1493    820   1495   1496   1025   1497   3099   3171   3376
116    666   1500   1216   1501   1236   1502   1504    392   1506    834   1415     52   2855
117   1507   1508   1509   1510   1511   1514   1515    554   1406    631   2689   2725   3377
118   1518    817   1519    682   1520   1521   1522   1523   1525   1527   1528    161   1485   1529
119   1530    999   1531   1532   1533   1534   1535   1536   1168    790   2724   2944   3067   3314   3363
120    490   1539   1540   1541    209    647   1490   1544   1545   1547   1548   2813   2916   3071
121   1550    248   1551   1314   1553   1554   1555   1557   1343   1558    617   2947   3078   3090
122   1560    904   1561   1562   1563   1564   1144   1565   1446   1566    871   1567    148   2828   2970
123   1568   1569   1570   1572   1534   1574   1386   1575   1576   2974   2983   3075   3313
124   1445   1421   1579   1565   1580    912   1581   1582   1583   1584   1586   2859   2863   3064
125   1589    914     90   1246   1285   1590    945   1594   1595   1596   1598   1601   3146
126   1603   1604   1605   1142    398   1607    804    898   1608   1609   1610   1611   2743   3054   3276
127   1614    791   1615   1616   1617   1618   1620   1031   1622    335   1624   1625   2727   3274
128   1627   1326   1628   1629   1631   1511   1632   1633   1634   2789   2868   2926   3378   3379
129      8   1636   1637   1638   1639   1333   1640   1074    858     26   2934   3037   3049   3292
130   1644    561   1077   1373   1645     81    651   1646   1647   1648   2871   2948   3008   3022   3097   3170
131   1649   1650   1541    715   1651   1652   1569   1653    211   2944   3171   3259
132   1658    225   1046    126   1659    133   1660   1662    555   1663   1664   2938   2987   3238
133   1665   1666   1667   1151   1398   1669    103    401   1670   1671   1603   1672   2755   2865   2935
134   1673   1358   1677   1450    867   1679    899   1680   2970   3073   3105
135   1682   1683   1324   1684   1122   1686   1687   1688   1568   1391   1689   1690    289   1691   3007   3069   3320
136   1693    194   1694    420    437   1695    837    115   1696   1697   1698   2937
137   1365   1701    544   1339    740   1703   1704   1174   1299   1706   1708   1709    796   3116   3390
138    700   1711   1712   1713    408    957   1714   1715   1716   1717   1015   1718     99   2709   2770   2874
139   1515    630   1719   1720   1721   1722   1723   1724   1725    990   1727   2960   3297
140   1731   1732   1271   1733   1734   1735   1736   1737   1738   1739   1740   1741   1742   2732   3225
141    860   1744   1475   1745    775   1747    464    845   1749   1233   1751   3281   3300
142   1754   1755   1359   1756    692   1757   1758   1759   1760   1763   2713   2993
143   1766   1724   1580   1563   1146   1769   1770   1507   1771   1403   1772   3141
144   1773   1318    581   1382   1775    480   1776   1777   1778   1779    764   1088   1780    287   1781   1686
145   1783    416   1784   1785   1223   1786   1787    621   1788    950   1789   2710   2945   3022   3380
146   1790   1791     38   1792   1652   1576   1616    787   1794   1035   1795    719   1798   2724
147   1799   1800   1801   1803    363   1804   1806   1807   1809   1586    906   2775   2932   3014
148   1811   1812    868   1813   1288   1087   1814    292    922   1816   1776   1818   1819   3320
149   1525   1820   1821   1740   1823   1824   1825   1826   1827   1758    687   1357   2726   3182   3282
150    240    674   1830   1221   1831    880   1294   1833   1834   1835   1836   1346    615   1837   1786   1839
151   1841   1842   1843   1548   1844   1183    854    459   1846   1847    495   1848   1849   2817   3263
152   1853   1205   1854   1855   1856   1857   1715   1859    304   1860   1862   2913   2956
153   1596   1863   1239   1864    980   1865   1866   1867   1058    934   1868    919   2686   3233
154   1871    739    795   1615   1872    540   1873   1709   1874    336   1875   1876   2806   3041
155   1877    598   1070    456    359   1882   1883    471   1460    584   1884   1885    909   1804   2951   2990
156    500   1268   1482   1886   1440   1888   1889   1258   1094   1891   1892   3051
157   1893    720    163    823   1894   1895   1617   1897   1898   1899   1900   2798   3083   3412
158   1901   1372    559   1902   1078    166     20    653   1644   1904   2660   2963   2978
159   1905   1906   1889   1907   1908   1909   1096   1910   1911   1439   1252   3305
160   1913    986   1914   1915   1898   1918   1919   1920    176   1921   1922    370   1923   1926   3157
161   1928   1437   1929   1930   1473   1931   1010    853   1842   1179    502   1933    427   3252   3256
162   1934   1935   1936    314     49   1937    156   1093   1940   1942   1943   1481   1891
163   1105    227    272   1944   1945   1946   1325    557   1947   1948   1628   1949   2987
164    229   1950    549   1397    108    702   1009   1951   1476   1263   1952   1110   2714
165   1923   1953   1936    315   1954   1956    383   1957   1958   1959   1960   2798   2950   3118
166    781   1961    762   1963   1311   1557   1965   1683   1966    284   1124   1968   3321
167   1969    878   1833   1970    664   1410    188   1971   1972   1973   1974    563   2722   3108
168   1975   1914    989    891    815   1976   1978   1979   1980   1981   3066   3155
169   1983   1354   1679   1984   1777   1389   1985   1819   1986   1987   1988   2695   3069   3217
170   1067   1990   1991    735    883   1992   1993    366   1799   2990   3015   3030
171    983   1611    260   1721   1999   2000   2001   2804   2870   3005   3019   3063   3141   3257
172   1272   2002   1741   2003   2004   1371    424   1178    510   2006    431   2008   3277
173    788   1535    932   2009   2010   2011    742   2015   1068   2016   1059   2017   2018   3085
174    918    294   1868    979   2021   2022    927   1689   2024   2025   1816   3132   3191   3217
175   1639   1334   2027   1366   1704   2028   1300   2029   2030   2031   2694   2733   2805   2895   3174
176   2033   2034   2035   2036   1609   1242   2037   1506   2038    947   2039   1590    814   3124   3280
177   2043   1281   2045    121   2046   2047    813   2048   1048   2049   2050   2051   2938
178   2052   2053   2054    843   2055   2056   2057    995    236   2058   2059   2947
179   1747    467    862   2060     18   1262    767   2061    784   2062     78   1234   2063   2982
180   2064   2034   2065   2066    943   2067   1909   2068   2069   1940   1101   1892   2070   2793
181   1463    602   1062   2071   2072    965   1052   1034   2074   2076   2077   2830   3088   3117   3381
182   1528    685   1754   2078   2079   1821   2080   2081   2083   2084   1044   1976    807   2049
183   2085   2053   1004   2086    233   2087   2088    748   2089   2090   1533   2091   2915
184   1981    893   2092   2093    684   2084   2094   2713   2744   2918   2933   2995   3057   3157   3224
185   2095    895   2097   2098   2099   2101   1809   2102   2103   2744   2765   2782   3009   3239   3243
186    187   1970   1411    681   2105   2106   2108   2109   1943     58    665   2110   3031   3138
187   2113   2114   2115    445   2116   2117   2118   2119   1632   1497    210   2708   3295   3374
188    564   2121   1075   1646   2122   1412   1973   2123   1783   2125   1835   1219
189   2129   1127   2130     93   2131   2132   1086   1814    290   2133   2134    920   2928
190   1306   2136   1946   1682   1331   1106   1963   1265    280    782   2882   2911   2931
191   2138   2139   1320   1781    578    475    704    608   2141    970   2143   2973   3077   3304
192    686   2144   2145   1356   1824   1757   2146   2147   2148   2150   1742   2972   3068
193    644    846   1005   2152   1893    713    824   2154   1536    786   1792   1650   1540    152   1624   3119
194   1488    718     33   2158   2159   1948   2160    215   1798   1651   1629   2708   3050   3075
195   2161   2162    756   2163   2166   2167   2168   2169   2170   2146   2732
196   1409    441    569   2171   2172   2173   1201    181    343   1972   2174   2175   3361
197   2176    521   1807   2180   1154   1459   2181   2182   2183   2782   2859   2951   2957   3080
198   2184    949    618   1788    978   1345   2186   2187   2188   2189   1554   2761   2952   3318
199   2190   1527   2191   1731   1276   2192   1823   1478   2193   1434   2194   3051   3265   3277
200   2018    936   1050   1794   1620   1032   1071    738   1871    794   2197   2983   3067   3173
201    890   2094   2080   1287   2198   2199   2200   2050   2204   1756   2099    811   2205   3066   3262
202   2025   1690   1966   2188   1344   1553   2206    977   2208   2211   1113   2877   3000   3316   3319
203   2212    309   2213   1911   2214   2215   2065   2033    802   2216   2218   2875   2879   3054
204   2102   1803   2220   1913    177   1975    987    897   2222   2223   2225   2804   2894   2918   3247
205   1773   1387    203   2228   1627   1332   1691   2160   1949   2888   2931   2974   3374
206   2071   1121   2230    258   1036    964   2231   2232   1853   1204   2235   3025   3034   3166   3215   3260
207    888   1990   2237   2238   1800   2101   2239   2240   2241   2016   2243   2778   2995   3094   3247
208   1474   1259    773   1951   1008   1930   1745   2245   2063   2246   2716   2901   2992   3301
209   1830    677   2247   2039   1238   2249   1217   1595   1500    941   2686   3237   3244   3322
210   1660    556   1947   1514   2251   2253   2256   1021   1486   2118   1631   3028   3050   3223
211   2258   2259   1305   2260    310   2213   2261   1856   1097   2064   2262   1905   2263   2264   2940   3181
212   2265   2267   2268   2269   1082   2132    295   2270     96   1158    923   2272   2273   2275
213   2276   1039   2277   1688   1575   2278   2197   2024   2279   1112    925   1791   2208
214   2281   1735   1381   2282   2167   2283   2284   2285    568   1901   2004   2286   2175   2854
215   2258   1099   1303   1471   1436   1910    780   2288    844   1749   2290   2291    637   2292
216   2294   2295   1129     88   2296   1907   2215   2067   2036    948   1251   2297   1598   2298   3241
217   1784    954   1456   2299   2300    412   2301   2302    577     73   2930   3088   3144   3199   3304
218   2304   2305   2306    585   2307   2308    655   1081   1779    761   2309     63   3097
219   2310   2045   2298   2312   1283   2035    809   2218   3029   3146   3226   3262
220   1719   1604   2001    623   1771   2314   1140   2315   1404   2317   1208   1669    725   3147
221    543   1872   1708   2320   2321   2322   2323    797   1614   2953   3058   3083   3107   3119
222    730   2324    635   1999    325    985    966   2325   2317    266   1207   2960   3082   3188   3260
223   2183   1066   1467   1882   1806   2327   2098   1993   2238   2683   3085   3168   3172
224   2329   1428    351   1180   2330   2331   1020   2333   2334   2335   2336   2817   3145
225   2074   1037   2206   2337   2189    976    926   2338   1125   2340   2341   2277   2231    956
226   1780    470   1321   1634   2228   2116   2343   2344    208    447   2345   2955
227   2346   2347   2348   1572   1653   2349   1531   2350   2090   1385    752   2994   3362
228    917    293   2351   1965   2272   1550    237   2058   2353   2354   1341   2355   2823   3000
229   1275   2357   2192   1732   2358   2359   1480    693   2144   1825   2362   1520   3031   3040
230   2363    754   2089    482   2364    173   2365    465   1228    838   2056   3087   3091   3300
231   1844   2368   1544   2369   1521   2191   1496   1019    819   2331   2371   2373   2374
232   1522    157    825   2193   2369    638   1435   2375   1484   1841   1545   3006   3252
233   2376   2006   1270   2281   1737   1375     95   2131   2378   1163   2273   2381   2382   2170   2963
234   2143    601   2383   1206    721   2077   2385   1712    699    952   2386   2943   3199
235   2388   2055   1231    847   2389   2353   2288   1968   2390   1751    776   2812   3078   3091
236    777   1232    766    285   1961   2061   2389   2265   1161   2351   1083   2851   2903   3281
237   2333   2391   1190    341    382   1846   2394   2395   2667   2720   2814   2961   3004   3127
238   2301   1789   1220   2397   2398   2399    528   1462    587   2305     72   1647   3012   3193   3236
239   1302    269   1254   2401   2402   2290   1906   2212   2296   2260    312   2664   3002   3180
240   2403   1988   1393   2022   1687   2350   2010   1574    929   2279   2404   2405   3173   3250   3314
241   2408    604    590      9   1877    737   1874    451   1340    539   2409   2893   3030   3089   3116
242    264    991    331   2411   1618   1900    717     30   2412   1980   2413   1915   2941   3254
243   2416    751   2417   1904    172   2364   2418   2381   1160   2286   2162   2420   2850   3086
244   2421   2422   1759   2148   2423   2424   2426   2427   2778   2856   2927   3040   3057   3284
245   2428    908   1583   2429   2430   2431   2284   1419   2172    356    573   2434   3014
246   2435   2436   2437    322   2438     50   2439    109   1697    831   1502   1665    400   2441
247   1018   1432   1769   1566   2442   2256   1509   1444   2444    138   2445   1663   3038   3064   3149
248   2447   2448   2357   1273   1736   2150   2163   2451    759   2452   2423   3062   3216
249    184    318   1954   1193   2109   1920   2456   1418    375   1935   2460   2981   3169
250   2130    921     89   1589   2294   1126   1813    119   1284   2043   2461   2929   2996   3029   3291
251   1120    267     37   1684   2278   1570   2466   2159   1945   2467   1795   2136   2888
252   2468   2424   1352   2147   2469   2346   2470   2404   1392   2017   2471   1984   2866   2993   3363
253   1894    154   2152    996    643   2475   2476   1953   2478   2323   2860   2949   3183
254   2479   2480   2268    749   2086   1226   2417   2388   1157   2052   2363   2823   2851
255   2445   1766   1581   2481   2483   1425   1723   2725   2814   2822   2861   3035   3145   3148   3375
256   1433   1181   2194   2484   1733   2002   2485   2330   2373   2719   3006   3256   3263   3309
257   2324    984    542    371   2486    625   1720   2487   2488   2672   2740   3004   3104   3148   3312
258   2368   2489   2336   2490   2491   1495   1847   2492   2117   1547    497   2720   2907   3044
259   2493   1755   1818   1983    866   1355   2204   2494   2021   1286   2468   2403   2857
260   2495   2496    111   1952   1399    550   2497    145   2498   1672   2839   2937   3167   3234
261   2283   2174   2003    346    430   2499   1739   2485   2430   2500   1429   2329   1177   2942
262   2211   1558   2501   1312   1117   2261   1855   2340   2502    303   2232   2761   2779   3321
263   1073     27     69   2503    404   2125   1837   2030   1296    614   1787   2871
264   1671   2495   2507    524   2508    403   1694   2439    110   2510   2511    832   3021   3045   3115
265   2496    106   1950   1931   1693    501   1249   1472   2245   1011    219    419    193   3255
266   2515    900   2431   1734   1673   1452   2516   2518   2500   2282   1826   1362   2166   2145   2838
267   2520   2502   1857   2385   2235    953   1716   2521   2337   2186   2985   3117
268   2225   1147   2524   2525   1582   2483   1722   1772   2181   2717   2775   3009   3063   3164
269   2528   2530   1638   1336   2531   1364    386   2532   2533    537   2961   3104   3231   3390
270   2095   1610   1240   2535   2536    894    805   2037   1282   1601   1866   2537   1057   2205   3226
271   2486   2325    324   2538   2320   1876   2539    369    541   2785   2939   3059   3231
272     44    307   1114   2540    255   2276   1030   1790   2411   1625   2341    337   2230   2467
273   2359   1519   1483   2541   1919   1899    679    155   1934   2108   2456   1959   3032   3224
274     94   2544   1942    672     60   2358   1479   1267   1886   2069    942   2545   2448   2546   2110   2549   2550
275   2121   2503   1831   2551    879   1297   2031   1076   2552    365   1969    562   3015
276   1085   2306   2553    654   1376   2554   2555   2275   2556   2382   2134   1164   2948   3027
277   2557   2182   2536   1865   1458   1241    520   2302   2397   1056   2747   2772   3243
278   1839    673   2560   1175    241   2561   2087    758   2562   2447   2545   2422   2921   3074   3084
279   2246   1260   2060    859   1006   1717   2564    709    406   2565     17   3048
280   2054   2291   1313   1555   2390    848   2567    994   2779   2975   3159   3181   3183
281   1645   2568   1380   2122   1695   2569   2510   2570    836    440   2954   2962   3027   3042
282   2184    611    958    414   2571   2572   2573   2574   2575   2521   1713   2831   2895   2956
283   2576   1133     91    498   2008   1278    421   2376   2129    196   2556   2825   3023   3253
284   1215   1235   1413   1504   2123    393    526    830   2577   2570   3012   3021   3170   3380
285   2535   1150   2557   2180    532   2717   2743   2765   2841   2864   2896   3019   3280
286   1622   1897   2413   1922    334   2322   2578   1960   1875   2539   2999   3053
287   1991    358    731   1703   1335   2028   1079   2551   1298    884   1636      6   2409
288    306   2216   2580   1605     40   2540    800   1979    982   2412   2000    261   2786   2809   3218
289   1501     48   2066    946   2038   1608   2583   2441   1666   2264   2584   2879   2880   2966
290   2327   2097   2015   1060   2537   1293   2199    931   2585   1867   2857   3132   3250
291   2391   2335   2489   2119   1508   1727   2253   2587   2481    636   2487   2887   3376   3379
292   1443   2589   1289   2200   2079    865   2493   1760   1827   2051   2852   3197   3291
293   2085   1000   2057   2365    757   2154    841    483   1530   2349   1649   2827   2916   3371
294   1089   2501   1854   2259   2592   2573    619   2593   2520   1551   2187   1001   2567   2860
295   2292   1438   1928   2375   1843    463   1477   1744    840   1539    645    489   3278   3301
296    342   1422   2173    186   2428   1584   2594   2595   2524   2822   2894   2932   2942
297   1848   1185   1013   1929   2596    852   2528   2394   2598   2599   2600   3240   3292   3307
298   2106    689   2222   2603   2239   2092   1921   2605   2460   2807   3032   3108   3230   3284
299   1197    321    835   2438   2600    436   1933   1192    114   1698   2684   2768   2853   3056   3255
300   1873    591    600    960   2072   2408    538   1029    327   2538   2908   3188   3215
301   1045   2312   2048   1662    275    810   2606   2214   2402   2607   2809   2998   3026   3241
302    628    593   2608   1319   2139   2609   2114   1633   2345   2892   2977   3128   3273
303   2610   1640    164    855   2530    461      3    493   1849   2611   2490   2791   3127   3240
304   2598   2614   2395    349   1195   1956    384   2615   1370   2532   3010   3056   3109   3169   3308
305   2617   2476   1937    313   1958   2593   2574     47   2618   2262   1860   1090   2436   2070   2584   2619   2794   2967   3109
306   2081   1518   2620   1043   1493    711   2621    816   2371   1024   2623   3154   3182   3223
307   2595   2525   1725   2220    389    178   1926   2740   2757   2861   2891   3257
308   1888   1128     83   2550   2068   2295    944   1908   2845   2881   3023   3102
309   2578   2478   1957   2321   1706    377   2615   2531   2624   1363    535   2785   2794   3412
310   2115    207   2344   2611    513    496   2626     14   2491    446   2904   3011   3129   3385
311   1658   2606   2310   2047    128   2401   2297   1250   1130    222    135   2800   2996   3299
312   2627    144   2628   1145   2629   1564   2630   2507   2631    522   2498
313   2626    477    455   1775   1383   2632    911   1986   2633   2343    353   2634     13    514   1677   1883
314   2635   2269   2480   2088    747   2636   2549   2452   2354   2059    238   2561   2826
315   2637   2638   2631   2554   2568   2508    525   2577   1648   2639   2398   2304
316   1054   2338   1038    974    933   1864   2076   1464   2747   2771   2797   2930
317   2575   2640   1014   2599    112   2614   2641   2617   1862   1369   2437    323   1714   2684
318   2571    610   1295   1172   2592   2619   1701    997   2475   2029   1367   2624   2953
319   2564    701   2062   2383    959   2299    575    409    768     80   2141   1718   2737
320   2263   1859   2641   1711     98   2644   1203   2583   1670    727   2435   2618
321   1884    903   2645   1561   2633    869   2646   1680    580   1811   2309   1778   1987   2858   3156
322   2544    940     85    676   2247   1836   2635    239   1594    913   1347   2355   2270   3084
323   1607   2580   2644   2315    305    256   1202   2755   2875   2880   2913   2940   3166
324   2494   2426   2471   2649   2198   2241   2103   2585   2009   1763   2405   2933   3172
325   2645    902   1560   1143   2308   2639   2399   1579   2629    529   1468    586   2176   2651   1885
326   1834   1350   1785   2249   1212   1237    971   2300   1863   2772   2797   3193   3232   3318
327   2027   1368    405   2572   1637   2640     24   2565   2596    857   2709   2763
328   2378   1162   2416   2479    750   2636   2267     97   2451   2168   2777   3225
329   2603   1801   2223   2240   1992    887   1971    183   2171   2594   2552    571   2429    364
330    680   1529   2541   1918   1978   2083   2623    818   1895   2093   2941   3161   3184   3235
331   2420   1902   2285   2515    910   2632    357      1   1080    511    570   2434    175   2169   2652   3105
332    968   2138    627   1330   2609   1401    728   2386    697   2689   2714   2780   2868   2976   3017
333   2046   2589   1017   1042   2653   2444    122   2078   1451   1659   2726   3028   3154   3242
334    870    124   1812   1137   2461   2654   2307   2638   2651   2627   2553   1567   2646    146   2811   2928
335   2637   2511   2630   1696    197    422   1374   2555   2654   2569   2133   2576   1135   3167   3251
336   1562   2442   2497    147    558   1510   2314   1400   1770   1152   1667   2628   3115
337   1820   1022   2653   2621   1523   2190   2374   1448   2484   1426   2334   2499   2516   1738
338   2161    755   2470   1353   1985   2418   2348   1390   2634   2652    517   2518   3068   3073
339   2656   2427   2649   2469   2562   2091    753   2347   1166   2011   1532   2243   2718   3047   3095
340   2251   1944   2620   1041   1487    274     36   2466   2158   1664   2607   3079   3242
341   2610   2492    633   2608    592   2533   2587   2113    453    546   1337   2488   2667   2904
342   2237    885   2105   1974   2546    663   2605    690   2560   2362   2656   2421   3216
