vertices 2037
     3 2.71953029445039 5.76900879080913 5.10710130808910
     5 3.36702341868054 5.06139582601001 4.07794999711525
     8 3.81840779867545 5.29685110979011 4.21414299428816
     9 3.82979367947912 5.62018208022214 4.09583850072942
    17 3.06170012010513 5.01453081324567 4.77964612554538
    31 3.43678035710739 6.45904481199234 6.54162218282956
    33 3.56635278220825 6.41981881317738 6.40255570025782
    46 2.57242643831665 5.63280167643511 6.79240576084661
    47 2.63317010758951 6.29421388412784 6.62075157503522
    48 3.04768569493455 6.55457482820715 6.16078664743726
    52 5.76899221456283 0.73876958210424 2.24176394354453
    55 5.75974371514183 0.59364695979363 2.68230029483732
    64 6.03222293597029 0.48146584213214 3.07190189567877
    71 6.92639677958478 0.98346581301311 2.07998317288203
    74 0.02154963916053 1.04838775492164 2.51872320946307
    77 5.98243694096325 0.33582949517262 2.85876657916305
    85 1.38404492429729 2.96737817994843 6.52251965565277
    87 1.04398013116399 3.26615590723916 6.39237445958447
    88 1.15550049420354 2.49222931373342 0.05141422964947
    91 1.47330539509023 2.67216816443656 6.23850339399593
   102 0.78479546730017 1.85314101056488 6.42045066451713
   103 1.02912645938335 1.84456442619678 6.68741889728612
   124 3.35973435597559 5.51543738579839 1.01968318543292
   125 3.32385086364399 5.60442094367976 1.01865590973137
   127 2.80217614587489 5.56236346453108 1.07385170542407
   131 2.36175687366556 5.78117099918657 0.56742681685210
   138 5.06107444392544 3.86481300220251 6.94718122715627
   141 6.20579986517293 3.32027290466671 0.29291718884785
   142 5.72089775756322 3.25939980418298 0.46655051251840
   143 5.96641302395772 3.50053413916714 0.72851952359637
   145 5.49712974301307 3.64721913572080 0.68608466965029
   146 5.74152951894826 4.02105232263732 0.75133693209681
   147 6.43329528086265 3.76130892432096 6.69306731800253
   148 5.72782782012991 3.39326345708697 0.68474981044336
   150 6.27230694777872 3.41827905434512 0.40968464061887
   151 5.93989707515362 3.95101504012631 0.77463314841415
   152 5.19474057567593 3.57402059857369 0.27221519163363
   158 6.29453383926733 3.46448996863960 6.72121141969032
   161 5.17895068760851 3.66634927474875 6.61186107583360
   162 5.22722036409401 4.09511640724794 6.68534889037047
   163 5.11495288674068 4.02858683072814 6.94446183787151
   171 2.55677419391447 0.73841152935774 0.36004834727095
   173 3.00582236229934 1.11143287186236 0.96807394610626
   174 3.26484850589822 1.25615604488222 0.30468385092969
   175 2.00689006294304 1.67729008210191 0.56133581362090
   177 3.32222895836766 1.57071154538905 0.55156417762823
   179 3.09417918207876 0.97383794126698 0.47895679452202
   180 3.13478739494858 1.49507611353886 0.94882563334504
   181 2.72849650296211 1.82070060041890 1.04881765430741
   185 2.34091584642258 0.85491950085844 0.10553221504176
   190 2.36594749858843 2.12920514125296 0.59152770781117
   191 2.63610320693593 2.11149203946960 0.80451445018482
   194 2.45283662944408 2.16700723148265 0.46878303131457
   197 2.47692228955642 1.90244530228766 6.96693849163315
   202 4.81041995102769 3.51836112791124 1.47772934017994
   229 4.71973382715239 2.14579612482895 1.49399717366149
   232 4.44740614071729 1.96446300098655 1.62284429874682
   238 3.52748545308232 2.65573047428061 1.38030810109043
   240 3.62783729774786 2.97543120500068 1.90845530570531
   241 3.92249286854612 3.36988667091209 1.73680307300097
   243 3.74282059959423 2.13977597623424 1.56591797728828
   260 6.40078210627695 2.05685187451778 5.00407472019604
   266 5.88494005207230 1.57111008938877 4.94570011198050
   274 6.53490057579561 0.64503112190660 5.19080279716347
   284 4.31365316529933 6.20416946500870 5.34279491212232
   285 4.26777727330605 5.98855872436213 5.64039041341139
   289 3.77824513368421 5.04019878303059 5.21952070950861
   295 2.25029396180706 2.66495827942330 4.94580750177020
   297 1.60373525089779 2.81675459239852 5.48875587365807
   298 2.30287015679792 2.81405783233388 4.65115400846435
   299 1.91340724605876 3.03108158213328 5.42485401952425
   300 1.28344265577211 3.20204922479328 5.45482117223258
   304 1.79283373003563 3.33033260860887 5.38169325339487
   306 1.26685870496813 3.03696993381822 5.46467608131857
   308 1.82160586593556 3.51704045543513 5.04899636159012
   312 2.07484295912056 3.33031023485352 4.61766560644864
   320 3.69592443523058 2.26109930222620 0.00027788243184
   321 4.40078141152694 3.12519471428294 0.46740243697987
   322 4.11819758549319 2.15907372805636 6.80382651425159
   324 3.67422277627623 2.74279970771548 0.08580354065824
   330 4.00167530023919 2.95087518047130 6.98772755269349
   332 4.29646323261837 2.67024996563362 6.74741783488493
   347 4.18942779298832 6.57022651175945 3.64370035791706
   362 4.60245232054698 1.62333153168494 0.32735096936826
   365 4.53389843221414 1.10565957211157 1.54921182618631
   375 4.33092571155463 1.28381613769752 0.49538666632807
   378 4.25833165287837 1.13202553492471 1.29313810497052
   389 6.29707302800280 5.42226594955338 6.37253048013572
   390 6.33999155975189 5.44376468488530 5.88076252779941
   392 6.62067922514444 5.96377988635297 5.68264340492309
   413 6.56200090149338 5.15214886936528 5.70513299349554
   419 6.49671398312515 5.06982234148006 6.57481774488165
   429 0.41133993828163 0.86328342256001 2.65977483069550
   430 0.33997114986167 1.14799618683279 1.78368207808199
   432 0.19965683562395 0.97822166646489 2.00971566070964
   438 0.90995794490207 1.82355311115343 2.65281795451067
   442 0.79830505320249 1.21541588511776 2.96358415446126
   453 6.18653174369828 0.51684905416597 1.23239785019146
   462 5.50331044394964 0.69773783516079 2.19867978742180
   469 5.10612584403980 4.78533766342051 0.70818826518720
   470 4.93539584449217 5.88209015770526 0.92629147681855
   471 4.71368442224818 5.55664703637307 0.90143926649053
   472 4.64309983684145 5.49079848395139 1.40527573243713
   476 5.49031682495312 4.61763971836282 1.10680385294439
   478 5.48905913451676 5.68452602700849 0.51101229335432
   481 5.51012093812072 4.67930007594537 0.74670293312151
   483 4.77960743766915 5.23826150816301 1.55109981772592
   484 5.73113564101074 4.81524075650414 1.36802194413140
   485 5.07385841760154 4.72542081672247 1.10539416827169
   486 5.01218771781629 5.14020214223275 0.53337507494528
   487 5.41893751054425 5.33501012804382 0.36856180220842
   488 5.78452758345493 5.03060555417324 0.54067488982791
   497 0.09901608607847 0.65020897891219 0.75518668643817
   509 6.60512588612669 1.28454965223002 0.83277206153377
   510 6.38941095316542 0.84340821209775 0.73549206027121
   514 0.78729832412150 1.56471990041614 6.01433883585581
   515 1.55461572733564 2.59907427446022 5.84963954550746
   518 1.35674171735998 1.47145144886612 6.67311182599362
   520 0.86342406491268 1.88658527692859 5.72500003942199
   531 0.46180300946880 0.75682112815575 3.49691503536205
   538 1.24572080649622 0.06728398230003 3.40026682287161
   539 0.93861573707240 0.31111243024699 3.71988137240764
   540 0.74946965508115 0.27520470240516 3.70248467023608
   544 3.11163417873770 1.78601683945201 4.84506013577515
   549 2.35079652177627 1.54974729312532 4.87533234740357
   557 3.27146618131925 2.27622323503930 4.90232557980391
   562 2.16727010547998 1.82099452719377 5.03114000102991
   566 3.01607067653790 4.46549026038046 4.80635939495611
   568 2.69984561057890 4.56389875989084 3.53915189938953
   576 2.22414539824883 4.38824654996135 4.15803695722857
   577 3.38335253303244 4.75207300941717 3.88529614733616
   580 3.26444055939838 4.46222929433919 4.06021706484062
   585 2.98084196008349 4.67776054299474 4.94445761267402
   586 2.42373845523030 4.41697644472502 4.86188021362379
   587 2.59380170313129 4.68863139404596 5.02197949572401
   602 1.05561832729354 1.83971867468474 4.77827215548907
   606 1.39899994426392 1.25820531310869 5.11521763621872
   617 1.77739668759252 1.01253289277478 4.96368234230192
   626 1.73288522230411 3.15747210471429 0.26847551551125
   627 1.49129438265804 3.48477884442019 0.57148417141897
   629 1.74880052232760 3.59482309305384 0.88899158520301
   641 2.01129728034860 2.43348647440768 0.68018182485919
   643 2.00427124478511 2.65622712752320 0.39414315460037
   644 1.74185072240897 2.51332023028914 1.52846812133981
   647 2.37772858667380 6.56752897035088 0.34028573100087
   648 2.13951070756454 5.95246935980104 0.65370192774890
   651 1.95291679937470 5.67930519217194 0.52164363168017
   655 1.49910328668264 5.67005439311096 6.68157876693501
   657 1.65513028040322 6.57473464023814 0.26650604232327
   662 2.08138333401672 6.45020051176450 0.53639400206666
   666 3.54652837325231 2.56450681661527 5.73700946605207
   668 4.31259601933907 2.79874043155705 6.43721130900387
   671 3.60325324594931 3.14053182823372 6.16951588563402
   678 4.06020045044287 1.87451781127207 6.49141787293354
   679 3.52904749515326 2.62477584705734 5.56203767561205
   681 2.68005003961985 2.46839343424483 6.38905048665348
   684 2.73107724854447 2.94288091236869 6.56269121223600
   686 2.42578598125063 3.51332063214184 5.77067709844345
   699 2.29664231643333 3.06524219670298 5.72884887579953
   700 3.54384593039751 6.56819420069292 3.52023846400162
   719 4.28739167364512 0.25316936634129 5.47904726662202
   721 3.80164324080974 0.24476555245737 5.53730853779949
   722 4.74828362904455 6.92165835640300 5.87803315419919
   724 3.94973852978135 6.65496254369943 6.46994614250722
   736 2.91212305560538 5.77794289870171 2.08569525687467
   739 4.09032677641587 5.46554949644843 2.79202649738050
   741 3.64191541938303 5.70464828918027 1.81250282267635
   763 4.55482867771007 0.43838743731359 5.27114906883095
   764 4.40919004457062 0.46511138019623 4.91654051565275
   769 4.61961702821523 1.70067734432512 6.97979356759649
   776 4.91332358709915 1.64957153377296 6.76786131266877
   782 4.80016023139987 2.96637094971112 6.27345091165981
   783 4.63612627613546 1.47994811803089 6.52055597980857
   794 1.75483226254981 3.90450468274497 2.00173175942418
   795 2.03306986466149 3.56331147358780 2.08193773347852
   796 2.85620686112946 3.92729470748343 1.49493714031666
   802 2.68438359333351 3.48056306751755 1.08337883895340
   803 2.69223781164038 4.28072732060086 1.40009689472343
   809 1.63909595601348 6.39948543793521 3.61912051363675
   813 1.27494777357297 0.01815334750130 4.59474507357177
   824 3.53887817106663 1.54420892060340 1.33276533784139
   833 3.44602393654855 1.85832062693950 1.57158125558786
   835 2.88407910157499 4.65663823116946 6.00455082678165
   836 2.05456561605699 4.17976216261727 5.59098225605943
   838 2.70949045364992 4.63154312433415 6.03424825672131
   841 3.08923247591880 4.36569596057007 6.14436226604912
   843 3.32969990485574 4.47575427439941 5.22356268969923
   844 3.34336478394214 4.17171028984321 5.76829094403273
   845 3.19091588800743 4.67240440984590 5.22527524934344
   846 2.06810249180696 4.09524827928850 5.23783021296377
   848 2.08517460563555 3.83345487257899 5.76075177355812
   849 2.12768869715498 3.70183415144456 5.61173842608273
   850 3.01522568532759 3.80033584668615 5.07794035129240
   851 3.22351773931933 4.28748680105676 4.95151737892428
   852 2.42270669813450 4.64011469606911 5.70969558922561
   853 2.12736527986331 3.88879159773690 5.22689517011921
   862 3.75944100486787 5.42115364418611 1.51470773848962
   863 2.61261598594301 4.78161188631338 1.71240732893807
   865 3.73565245154268 5.14888063632299 1.77953595687790
   867 2.43384391177481 5.07472371754879 1.57938430247341
   870 2.92383372437218 4.73439767445260 1.48225276504808
   871 3.37693124115088 4.76107993155504 1.83027473398737
   872 2.64185973319106 5.25800894661571 2.37887571727644
   875 2.11127626896375 6.22334877824016 3.15230209167240
   876 3.00243198101235 0.21420008015900 3.21189642305197
   877 2.15598836941576 6.53012717010643 2.70357688830267
   885 1.77041778897708 5.67725630047216 2.46307899937452
   890 2.09218899118399 5.36131356272668 2.81912698096993
   894 1.91968514179737 6.38735352891332 2.40652581506682
   900 0.67777722720058 6.06425978077602 5.71583049405172
   901 1.20823763881225 5.40225256994497 6.18435109550514
   903 0.38694546034235 6.37713160421170 6.75278385194297
   909 1.27686562035321 5.35044621822038 6.53604593942313
   910 0.76418994428102 6.51481403448759 6.75890714808864
   911 0.80927647848758 6.65393533051374 6.36845703659624
   912 0.32401957645174 5.93125039777259 6.82982098985762
   913 0.34560227761784 6.53976353220139 6.10789132802689
   920 2.29740391501892 0.68175289337451 2.24484436051240
   923 2.69226222389839 0.53234293596513 2.05651046428405
   924 2.46681942991207 1.15667886663521 2.12358129639982
   927 2.82639021822237 0.84918211885395 1.97914814778653
   929 2.82728312952194 1.16873214115922 3.29856591291304
   940 6.21903853941384 0.03440263409530 5.38868804255506
   945 5.27314186487517 0.72458305342705 5.48306009001023
   947 6.51861283646364 0.18907921929677 5.38735773447715
   950 3.89638728745947 4.80300749086925 0.60050820050270
   958 3.51416001700603 4.62185613093954 6.59952330186462
   967 0.67014347869401 4.33005423342030 6.67402198938339
   968 0.68406858736454 3.69159902244960 5.60173975376797
   969 1.17187456573038 3.55653929385168 6.46387544296589
   971 6.90902857573475 3.99548499899911 5.88905559521939
   973 6.88905281831635 3.78405849423085 6.52071080475282
   976 0.13304852459461 3.94700882956233 6.80809864751653
   977 0.39291980651687 4.40812299687006 6.62240193621458
   978 0.09893769385489 3.53756180742614 5.82038422594723
   979 0.73440470601970 3.83714192380342 6.89742576066997
   991 6.49199241476794 2.39309167824454 4.47050684508570
   996 0.14033695536942 3.26413423090286 4.93635840347797
  1001 5.85603520478740 3.40535927729700 4.19794224528031
  1015 6.37611774185763 2.63481317350615 4.82805256823593
  1020 2.94172804779826 0.79762494127259 1.41342431388921
  1021 2.44308086998329 6.84502545980126 0.79946682264138
  1022 2.84732652476174 6.94204997956672 1.50333853999987
  1035 2.68062203317420 0.31006924276131 0.22863589510209
  1036 2.58006878029433 6.83496509910904 0.55541596429559
  1037 2.82784534907318 6.69460541081671 1.26071877099966
  1038 2.69024758102803 0.20302894869281 1.50395432109904
  1044 5.57515146124489 1.18322292460570 3.84129211309563
  1045 6.32881819175691 0.21510170554027 3.93832772726229
  1046 5.90076183114325 0.29239536436690 3.45534331599269
  1050 6.40937166115479 0.69878249993750 4.27045968765135
  1059 1.92036970903537 0.59467613006259 1.99677051374062
  1065 1.28458128413529 5.26461027482293 4.82820343099109
  1068 1.29928249994936 5.70319296645577 4.80901516930222
  1070 1.37717187826711 5.13906611383585 4.65328918877590
  1076 0.75179341036649 5.98543353567156 4.60592864496919
  1077 0.70906833897431 5.64358074613624 3.52683912196934
  1080 0.89735751277001 6.13185641868658 4.29487450494052
  1081 0.95096235973286 5.78897595940726 4.86414233245225
  1091 5.77159848690731 5.17946439341826 5.55201394568215
  1092 5.18353662984686 5.00593784853507 5.51078733060455
  1093 6.09809361169369 5.26664762686156 4.55873522170376
  1094 5.52400896222673 5.47312311353046 5.41154088336493
  1097 5.50641310374677 5.66680884376888 5.08522452971030
  1098 5.61032536544415 4.94356875631478 5.63324734673241
  1099 6.22882777077706 4.89632909033350 5.33891057355350
  1100 5.75772515774034 4.64902453968321 5.51608769281689
  1101 5.14692303763980 5.30930096009997 5.42002787455163
  1102 6.38383633860432 4.92323355738568 4.99813917531216
  1103 5.08867467155956 4.77205385857117 5.31048858813779
  1104 5.43539203618578 4.45362240749396 5.25460928811950
  1106 6.19891765785772 4.72787613350405 5.35208306749651
  1112 4.01022211205868 5.31457627662052 1.41481875147743
  1114 4.37602764996333 6.16788289561964 0.55697348231814
  1118 4.84918089423656 6.12703379984298 0.82218529775557
  1122 4.25274514096410 6.31645650854215 0.65895551304084
  1126 4.68900097545910 0.35310838641798 0.02361450242314
  1130 5.01957609785884 0.35514078850055 6.95318778521434
  1134 5.29113822067001 0.46588528317496 0.29630407558413
  1136 4.28050847349257 6.78013950702118 0.09388310933577
  1137 4.14954969677923 6.78923223837008 0.34575560627780
  1147 6.65156306418189 6.45812667416034 4.74823963679220
  1148 6.71458563631718 6.84308626162608 4.01460118003689
  1151 6.76621915455239 6.21926006786009 4.83055218187071
  1153 0.31969516961392 6.53126445918819 3.63098165060342
  1155 0.46442473228648 6.81855335349572 4.05799770996069
  1156 0.80681373653066 6.48420299658242 4.39188949641514
  1168 0.60100917477926 2.88624637758460 1.97588992441917
  1174 6.43316799036669 2.83066236333564 2.68665040691851
  1178 6.63843213265876 2.28153558252366 1.58855219406951
  1181 0.00519026988677 2.56915922896590 1.41064581814738
  1184 0.52182416278003 2.89189845631132 1.71673514346610
  1202 5.41967647913278 1.61263745846995 4.72175821933680
  1207 1.70980375538689 3.38131056227221 6.73108436978803
  1209 2.60836676293843 3.00361629035232 0.08911187585642
  1210 2.32071783852723 2.49383263844216 0.22816478595809
  1211 2.36549066911974 2.18036970844328 6.77249487169775
  1212 6.07045064804797 6.52785576167358 5.44343689125402
  1214 5.18671110571684 0.23859160452286 6.27826729998757
  1216 5.91833878635725 6.70698685965662 6.27793309917827
  1217 5.57299141943125 6.31287493573398 5.51981178589449
  1218 6.23543893916252 6.75243623286143 5.88175873550670
  1221 5.77094206529080 0.02126215853911 6.41760633644779
  1226 6.12650551198948 6.77939149646965 5.23649746504971
  1227 3.57697132940129 0.83911244403662 5.83617162229496
  1244 4.06519632053914 4.08484434200424 2.11608995567775
  1249 5.49838709790646 4.21959136274134 2.13255372757456
  1255 4.42204281833607 4.41654555934279 1.90273608758404
  1259 1.21354606811968 4.56919728363301 5.61587900812020
  1261 1.17258777679503 4.85464810586003 5.59229163833143
  1265 1.42143353464420 5.14556373501657 4.97772630106477
  1266 1.49328436099320 4.29003610962122 5.02192689220696
  1279 0.44913953235575 3.50707817180785 2.60277420390832
  1287 3.18638101106617 3.91396489730240 2.68215668691283
  1288 3.84923952593387 3.79225286700041 3.57079428136136
  1289 3.42735836899465 4.20482101908209 2.58226534058773
  1293 3.16280833487462 4.58993727692817 2.68078619009184
  1294 3.60295981178628 3.64025698546307 3.06988745559416
  1300 3.59673777282660 4.20427708638677 4.05128431838938
  1303 3.62587615066895 4.70813378003542 3.03547759923656
  1304 5.56019195967147 4.30061792816834 1.19983241928290
  1309 6.50810056447396 4.93690389214666 0.25841372314785
  1318 6.35410948886685 5.50918699725572 2.35251280731730
  1323 0.35200705447767 5.16061694179936 1.66551807652376
  1324 0.50919234383440 5.69836346390510 2.71329672504565
  1325 0.68068673537135 5.67309776581843 2.29830085565253
  1326 6.80505741790581 5.06834035996340 1.65098692748981
  1328 0.27118636404267 5.09376430947718 2.75695072885054
  1329 0.02682541220770 6.06253713755539 2.57404348411579
  1330 0.35803948397052 5.69532740106058 1.62033109481920
  1336 0.38707014491441 5.47155629124004 2.86644197830651
  1344 6.55264474217483 2.75338744442171 0.17431711362039
  1345 6.64382375473675 2.84960616049022 6.65560098129423
  1346 6.80513886269925 3.97091555969900 0.26125781493756
  1347 0.35662369184938 2.67539988242111 0.30235491965534
  1348 6.88233766177328 2.73770980682547 0.46703957892885
  1349 0.25434141408904 3.56135377696780 0.60053464053348
  1350 6.77620524640302 3.13222339762134 0.68415713496037
  1352 2.07926101017524 6.53687253099009 0.73678553925607
  1357 0.69997856363919 5.94373510982508 0.98573129537603
  1361 1.53072775679310 6.66931706122009 0.36652128695521
  1362 1.23605940961942 6.46180015980745 0.30665806879928
  1364 1.72723688729984 6.71361752537012 0.82495075193642
  1375 0.10324197970601 6.01366876586323 0.91150248145312
  1380 0.00988177814765 5.78116840106129 0.59027961515511
  1386 0.93907365346521 2.32706914001466 3.55477319593605
  1391 0.55175922649668 1.75034659236836 2.93183814189419
  1401 6.18860027950189 6.24314186900538 5.33754326199384
  1405 6.38219487889468 6.45609552400331 4.84753531007925
  1406 3.62322285650244 0.99843403275676 0.17042757991914
  1409 3.72635921767567 1.04596592337291 6.73693174963168
  1416 4.34305996517161 2.58929742517470 3.20293722714563
  1419 4.29324442600478 2.00372156368581 4.26367223096817
  1421 4.74603144817469 2.01406203911376 4.02929279013454
  1424 4.76317890063108 1.57254140627487 3.87969363003081
  1430 3.95628738331368 2.37973103047317 4.08776770208060
  1439 0.04759227897718 6.86138379121058 2.92684302713379
  1440 0.81801606136071 6.56517240631133 1.95653794988002
  1445 0.37346952635342 6.78449632848560 2.05395543950612
  1446 0.06123125830390 6.57355875060854 2.15856152165210
  1447 6.88808947165161 6.66626677096087 2.68693800415509
  1448 0.06584645065012 6.67530152899046 3.07039951636489
  1449 6.89110079423963 6.50272392627611 2.80542994158382
  1450 5.76621364131776 2.40523991323555 2.89619370788978
  1457 1.43976631438195 5.52231974526160 2.41134264929581
  1459 0.66479158582321 4.33179444204411 2.09696699584526
  1460 0.64764888286845 5.52384365967602 3.04293265550377
  1461 0.56175152098300 4.34358344549192 2.15901878207372
  1466 1.39640482180403 5.49088343405606 2.25780167038682
  1472 1.91892870645021 5.08340643536993 2.92695042585351
  1481 2.26459804750370 4.90312196545875 5.86295357349431
  1484 4.66889826966805 4.50314603542659 0.31471759603126
  1489 6.06219575410435 1.57245829891901 6.39502938926503
  1493 6.73119337506885 1.90079573365904 6.39337433282906
  1496 5.99579953005474 1.22477767992718 6.49766659283459
  1499 0.27463332634363 0.90574063284168 6.66767625754261
  1502 6.56869928664915 1.81100868321908 6.60162651899172
  1504 6.07992847691579 1.63273276400019 6.09059041462242
  1508 0.29335650025005 1.58735636881902 6.50345361713499
  1510 4.41793777660143 6.96791494437307 1.41279893101621
  1511 4.56523577129934 0.13768861938571 1.68153896192258
  1517 5.86650099231555 6.37139011451492 1.87193491597612
  1525 0.05085995164130 6.99814512952067 1.67175776661869
  1527 5.87478059136328 6.16600773556573 1.46316029046695
  1528 6.72631280435338 6.47973075355894 1.15286658154870
  1529 0.06244585465379 0.00139386702318 1.40332476942097
  1530 6.43806756859417 6.86277172112390 2.12590099876524
  1532 5.48285125873953 2.62603316207877 0.74145900394458
  1544 2.98214264193737 3.52654686932146 2.16116181156272
  1549 2.40627479890902 2.33814810047005 1.96087698535602
  1559 1.79452197114737 2.34705821358089 1.68132708181087
  1563 2.31703997504478 2.29837627517005 1.68984750810930
  1566 5.12624961306022 4.81988757266793 6.47257747906114
  1570 4.95475463062135 4.39726594270897 6.57359278676909
  1571 4.60278436254511 4.54396933902623 5.92436256848320
  1577 0.90690769958578 6.16622200355657 5.29275654942171
  1580 3.65630536691388 2.24352008901601 5.09360114357781
  1582 3.46814423127618 1.26529030602666 5.65574898161748
  1587 3.68468252367425 2.51277667434940 5.49482904070156
  1616 0.97635489759459 4.32429992074313 0.53003465585240
  1617 0.84112408396703 4.74302844198786 0.02630349444696
  1619 1.79533131249596 3.78146547724585 6.58037657325451
  1622 1.60990165599999 3.56158039903288 6.71485323781972
  1639 0.74786994048009 4.08062957371049 1.56967943600841
  1642 0.39922132963361 3.66457219160810 0.79669289663934
  1656 5.85654625747116 2.01517282921125 0.62277939003615
  1657 5.73149892283080 2.08430581757382 0.81783296885576
  1663 3.71712794888225 6.81274545216916 0.27651566126243
  1666 6.12309364260471 2.95139505533799 5.79659939721614
  1667 6.11178931711468 2.86322076891723 5.93532771327392
  1668 4.78963913710206 3.44537635374817 5.78926654972729
  1671 6.07557030423804 3.40800489464037 5.75507924565318
  1674 4.74266926500778 3.34856183587291 6.22314306028046
  1676 5.75135784333075 2.76316309855704 5.59157971221984
  1677 5.37894278470568 3.08947036571597 5.38231339171266
  1698 1.43330515676392 5.05451350339445 5.87550892943591
  1699 1.61603285955855 5.94762753319323 5.23858970184682
  1701 1.85254696303052 5.50005572149426 5.49206419847731
  1702 1.84016306430695 5.47086388696138 5.61520793036500
  1703 1.30150923691901 6.23390789079118 5.48055327033307
  1719 3.46648719834130 6.77408578211020 2.00661173257472
  1723 4.17189293559646 6.74564209676906 2.57423581291962
  1724 4.35133414319338 6.07495880337156 2.39113244538516
  1725 3.92071031027231 6.75250170901455 2.56705049128407
  1732 2.31607165916568 6.13375952138795 5.21830301489401
  1736 1.96045389009309 6.21083724999119 5.09465938717257
  1742 6.91690753942094 5.89767276503220 0.43977739287793
  1751 5.44097666794192 4.69013444389042 3.22519660174249
  1762 4.93220311589847 3.66412861564310 4.08634159338766
  1765 5.19131677859816 4.80965956968049 3.47195135148689
  1769 1.82486429107987 0.71809812938062 5.27496284801541
  1772 1.35757298521886 6.96757045507329 5.28494386945587
  1789 5.42392212139721 5.18924399686382 3.27193313290889
  1792 5.19265835523589 5.07123743699127 3.46340527780508
  1795 5.43379796797052 5.70581922390006 2.72274383962880
  1797 4.32937778459604 5.36081470219986 2.85977274317362
  1798 4.88097647320906 5.77705058907120 2.47572219372897
  1800 5.26239484411339 5.20441908839078 3.64941823789604
  1804 2.76780972942867 2.02120533502755 1.28535865545694
  1806 2.49440905869121 1.97691729226749 1.63032403289488
  1809 3.00494475053169 1.91465747566186 2.20368128047898
  1810 2.62974233147519 1.97929936381173 2.02135259862995
  1815 3.00908690259840 3.42241399219429 3.79588690892057
  1835 5.50968150716262 1.87434935656596 5.67634908316603
  1843 1.90392741527886 4.91176959058685 1.49980564625669
  1854 4.19944261570228 1.06320140639200 0.30204259089503
  1855 4.95521942717795 0.51815129094462 6.63449543312779
  1861 5.78973298353359 2.52726113073064 5.17140657852827
  1862 6.33265288372568 2.51871418993018 5.01661529730444
  1867 4.68230584713943 0.84127584509490 4.42784590872748
  1883 3.40202558948949 2.26291304869347 2.43956208218148
  1894 5.11828463397830 2.13539352088523 4.31477894806294
  1895 5.20349677640685 2.62902714444854 4.61276004679729
  1900 5.06516285935521 2.22905558310599 4.67797013248894
  1901 5.23112500384429 1.93285853821695 4.92957037980714
  1904 6.19587416586751 5.41776379020528 4.47100979008508
  1912 4.49157504176508 0.87170116197878 4.79662413699850
  1913 4.70248989744059 0.81375829626979 5.32145822130577
  1915 4.66862795471587 1.00907724579027 5.02726669964511
  1924 3.41045889043197 2.82556515129938 2.37607126866878
  1926 3.67340049124376 4.12942805210327 1.98319225352851
  1927 3.55700761680738 3.90438331190466 1.84294997272145
  1938 5.73867402357941 6.23051724565788 2.37546741362783
  1939 5.80570862248243 5.84683229204213 2.51883354653955
  1964 0.20019900816837 0.88744310556802 3.82650933774073
  1965 0.67972299221801 0.19198298359592 3.99345076538394
  1971 4.66941545012462 0.26599662550312 2.63355505924055
  1973 3.89665174659917 6.87480547813564 2.86039833882326
  1989 1.45811219381786 1.90979384330106 0.63343779281334
  1996 4.16597208643309 4.94949323861239 2.88045482587850
  2000 5.90113297710148 5.62900487467432 2.30914950406365
  2003 3.04782116489960 3.11702426945272 0.29558528465491
  2008 1.53236910799345 0.68289482996406 0.12290780830770
  2014 2.39272517690270 2.40352071326676 3.17949858025372
  2024 4.31718268153503 2.76098597594120 5.01396582105954
  2025 4.09545024304930 3.45171910486470 4.84743014331399
  2027 4.33939994129343 3.63247497988759 5.53902581157251
  2029 4.28400422640485 2.80533007185314 5.15217313281009
  2030 4.08633837101650 3.30108163678248 5.19649250372787
  2031 4.54602166059656 2.68115609723185 5.06316420527191
  2032 5.06576333472582 2.84740736315854 4.70715413584057
  2034 5.42038060027350 3.31164479514951 4.71545121148587
  2035 4.89655814490900 3.52182851041289 4.40930096979215
  2038 5.33217688905517 2.96507552431488 4.82921033784286
  2043 6.11239576991792 3.75318660517671 2.91519953802260
  2045 6.14743284422844 3.30775350778943 3.05685738797804
  2057 4.52429316568467 4.91134649283365 2.17493901194982
  2058 4.18207898736715 5.18390174975168 2.73278791761124
  2062 1.55212411651215 4.90287777398717 6.51106889645393
  2063 1.54820917376010 4.18449721673579 4.00590616022258
  2071 1.46189697003363 4.32310901866517 3.76031378992219
  2074 1.30880851404397 4.06613014571714 3.50536866115553
  2084 1.44707004154878 4.50930672609819 5.86490737751471
  2085 1.57379901391628 4.84413023233664 6.00993162687327
  2094 0.19287277204670 0.45255744368002 0.23016694482520
  2096 0.69749203871102 1.19248814907054 0.12234699635613
  2097 0.46906394597897 0.82611000467231 6.86244006523269
  2100 0.51517382959754 0.05230748625787 0.33439954865094
  2104 1.23104806733900 0.93519693836797 6.87308733895366
  2106 0.96976406879744 0.23054993501776 4.08068604107015
  2109 6.75712858459717 2.58759293306537 6.34288159951021
  2110 6.55592897488758 2.73484047450925 6.56072361766160
  2111 6.32461197051077 2.32998601268495 6.89217551215158
  2114 0.16031623038057 1.81342798839749 4.38052653346699
  2118 3.84642484937636 4.60736654700540 5.24302358319512
  2119 6.35370393883673 2.40312064034570 0.18176575407624
  2120 6.26370825273218 1.93405817915730 0.76226289056979
  2121 6.82506600770930 1.68733992033706 0.36825267591152
  2122 6.52816596797758 1.44384837854328 0.62504194184616
  2123 6.57810569591048 2.16027513198588 0.49165072507755
  2127 0.67673035506387 1.98799129391432 4.85031972049126
  2135 0.50015265954357 2.01873173266575 5.33202359398189
  2141 0.42511503280345 2.44545236100201 5.41860591085192
  2146 5.51492721638292 5.94082928767057 0.23282004216639
  2153 5.59594152592462 4.93760761062792 3.12880413689146
  2161 6.66226864945514 4.90509744061291 3.85370338403227
  2162 0.26553951588916 4.71594697971497 3.95121395280602
  2171 6.77056746864884 2.61183035861727 1.02547181652115
  2173 6.88488802550424 2.49552951171185 0.63947537484858
  2178 5.68413550691925 5.95447259146720 5.39640268504678
  2180 5.91794008467792 5.42027102215670 5.81008012718235
  2182 0.47725840002167 1.56265829503543 6.98755574323665
  2186 0.31053622040153 3.85366108614815 2.57897400625845
  2192 0.22545097921617 3.96359237242876 2.91645544888192
  2203 3.63242005274719 0.55244344367728 3.84004444657824
  2207 4.37584500525355 3.67561163365328 0.44457788482229
  2218 3.98358190858618 4.18273714752829 4.69420399245639
  2221 4.34294047933241 4.82585567026400 4.66928009496318
  2222 4.63929307602050 4.40389666122262 5.65483085696017
  2223 4.24794528832863 4.42605286882738 4.36808270249458
  2225 4.25524554648143 4.31506855085829 5.52268566479751
  2227 4.02666500311200 4.51413757608766 5.08892992459853
  2229 2.45855383118359 3.60978419347243 4.52760615123927
  2230 3.20333554015548 3.49403622526488 4.93881712174298
  2237 0.79159629489778 6.75989828641696 0.10811706209796
  2238 4.68577962105672 2.20335371054867 4.89976902971136
  2251 0.67854606763021 1.39842950117637 0.12487077011284
  2253 5.54777229022736 4.80688780251645 6.40582170443898
  2259 3.65632481042915 3.59074875137734 4.64663904823616
  2260 3.68358502630424 4.08130400011830 4.58567258012221
  2262 3.62756049948549 4.38580919789930 1.73217255105468
  2264 3.72283931203150 4.22160149843948 0.97712795877267
  2265 3.45718605746745 4.20938238670494 1.45864111320280
  2266 2.93799213482446 4.49111495840192 1.34031100521677
  2269 4.29751875404892 2.08284293502892 4.71601927701868
  2283 6.57039685071457 4.64150606262063 4.05580217356406
  2285 6.93117259597331 4.49526644844863 4.89920053715941
  2288 1.34232460488140 1.42648985203972 6.77011618648850
  2289 6.52748154008734 4.15579761119172 5.94319489231263
  2297 3.02940012704171 3.36547363125975 0.43132932714418
  2298 3.11899758097941 3.31310300986745 0.79169351363422
  2306 3.78010419111172 3.86877578229993 0.86374868406160
  2308 0.89671724496811 0.37722049944879 6.26978860472294
  2312 3.42677328965212 4.03175756329094 1.49797329034400
  2313 3.66444070155949 3.69491579163008 1.05353187197145
  2337 5.29390654298823 1.80288381252772 0.91153903264548
  2366 2.77128187689425 1.06767200024082 1.04855352006633
  2401 0.67943568662507 4.40866911726035 0.94730409840778
  2402 0.35510939229844 4.03718067888189 1.00903049457418
  2425 2.44552569048492 5.83057234388727 5.40365356818199
  2428 4.39599407482526 4.56122425173096 2.61917427241150
  2430 4.57177453156345 4.67182259967944 2.23668457818736
  2455 3.16932997582187 5.35176205695463 3.21941525259490
  2460 5.55551192146830 3.97803662569847 2.29785156927452
  2461 6.10501963435988 3.78618590131238 2.54512001228202
  2463 4.84337772370327 4.93230419767611 5.97416109502269
  2464 6.11936714877198 0.79851887249591 1.07546893117785
  2466 5.24473069458536 1.35558266124647 4.13530137345532
  2467 5.42340809396698 1.68753278956530 4.35742407992017
  2493 2.31612620851754 6.71699865252123 0.00909286811877
  2495 2.21297714651275 5.57134190175481 0.46005556034524
  2501 0.68540445917578 5.41379117901912 6.09934302974123
  2502 0.51831314143540 5.82252989502641 5.79657963389520
  2505 6.56471657017553 3.14480819041569 3.74369759754396
  2506 6.64082198388743 3.23697576697846 3.36662264359118
  2507 3.20189587918759 0.86488104690828 1.29834343734245
  2513 3.41861402695639 0.27414838806008 6.79618068311887
  2517 1.98207103693078 3.40169194051929 2.38116117634350
  2531 1.53344698501642 3.89776618026462 6.16279665113458
  2533 1.33631639419651 4.30664287973883 6.13573046470459
  2540 3.06550396246630 1.60812471233192 3.26501214180547
  2541 2.95530025563431 1.98171565460130 2.99453552631432
  2546 6.49899781688506 0.24520389725856 3.90862483107035
  2548 6.64476226733720 0.52640616534181 4.09729760036172
  2561 4.27426239898986 3.72775528826727 4.87119309919441
  2584 4.10562483004012 6.35760482915168 6.45415751764289
  2586 5.99361776501784 6.14643996218007 1.64365140301179
  2587 6.01543030969914 5.79489020175088 1.73951873048759
  2588 3.41263892970474 1.77598368756527 1.99480154021000
  2612 0.41909541116106 3.41413089051689 3.04790772431597
  2620 0.82465432483055 4.77275511935071 1.88205578262765
  2621 1.37469058019941 4.96193683502828 2.06230812004270
  2624 5.97615549092726 1.07101164327516 6.26035520059129
  2632 4.57637477192640 6.95906376402545 1.04551120779671
  2645 1.38628249414234 1.78103634058942 1.48790861549637
  2652 1.16235249341050 2.29965539937714 3.64248470679623
  2664 0.48062503574242 6.79392031747768 0.30360950922476
  2670 2.50816220505735 0.68459669382283 6.32689611876843
  2683 4.01449559395155 3.70662833865676 5.86679673190475
  2692 5.50747542555372 3.46483126331922 5.39712273979893
  2694 5.52320887676827 3.59977870747243 5.05262984318108
  2701 3.31012253741879 2.50522536264265 4.43991181311596
  2704 3.81288080197666 5.38690079521295 4.66532451271630
  2709 3.18539333453236 1.24021721542873 6.21765039348181
  2714 2.29680170124129 0.28776040992490 1.00472059391843
  2716 0.76773804735151 5.84964305761011 1.17279979888096
  2732 0.78750695021589 4.33449588830340 5.71036521523116
  2733 0.70100373976847 4.20940743943211 5.58687442583861
  2738 0.11530469074661 4.44448248726051 4.15543424202150
  2739 0.23067743850368 4.36214951463991 4.55905433154359
  2740 6.85488691544347 6.89511271268674 6.98265974706088
  2745 3.45420659167940 1.13100528885132 2.04588560608300
  2753 5.69592391706309 1.84247909333535 2.36209205474101
  2756 6.37380312565176 1.01238428317232 6.86618922480747
  2758 6.54723940130927 1.86682233235313 6.04360701229549
  2759 6.61439353716321 2.59320033467600 6.01371053442763
  2763 5.10588939188454 0.89862247867338 6.50696164923894
  2778 1.09742323235111 0.40717318092356 4.39500965810342
  2779 0.37839398707014 2.30245366551436 2.56670452191791
  2780 0.57230539172530 2.31853980671761 2.22733979154921
  2795 2.73446491152542 6.95772731077811 5.06088281361986
  2796 2.82953302938659 0.08641925424148 4.59165095300097
  2800 0.58555730713459 1.86509925999802 6.57581975104391
  2802 0.65857812089768 1.86371008580419 6.77298638160401
  2803 0.86842819414195 0.58595100784688 5.81390406994610
  2812 0.67715039597368 4.96394825115460 1.25823651804060
  2815 0.40913518432628 1.70102841637317 4.65054805537734
  2821 3.86304221569975 6.48680619446123 5.15385308590623
  2822 4.00388697853575 0.16672597227835 5.30630035868028
  2826 3.57589222499946 1.18255531776333 4.29094625745844
  2827 0.80447609617615 5.34986229395336 4.91319891543077
  2832 6.55494107938617 6.64549180001354 4.08663533269453
  2833 1.33507804646215 2.21182265573057 4.64288935026027
  2834 1.46315917373657 2.21932440889478 4.39054309223977
  2845 0.55034654076336 5.37294941515642 6.47148795830545
  2846 0.21008214558397 5.82346827100175 6.63183742338711
  2854 1.19408505410358 6.14487097793898 5.86970431933656
  2855 1.43621401926435 5.77902931476525 6.06510597248134
  2858 0.42765851642265 6.60004263711308 3.25051108552393
  2860 1.38583763545383 3.37950268541621 4.38498650900845
  2866 0.97924275967902 1.84883994621817 6.79088222770448
  2867 1.06104134689236 1.65342797209411 6.94930992689433
  2870 3.10585422766826 4.89035916596544 3.51974957515647
  2871 3.36425437203115 4.84035248730147 2.98048626560367
  2874 1.93722039551303 6.76921343189873 6.89706113413190
  2878 3.71131536169846 6.16352631902413 6.38540192050053
  2881 4.08422055964219 5.12109825928795 4.12680112153589
  2882 0.25309363927601 3.15320988625757 6.19129179612146
  2883 0.13540405225055 2.81165565888520 6.12394030835225
  2886 0.79074034974647 6.23268004244310 0.94764542121923
  2888 4.71709488487160 3.24485016041620 4.38919820763817
  2889 4.24164262520460 3.17786581288430 4.63761013642368
  2891 6.84160929184125 1.96585761295178 1.76340174747589
  2898 3.99140290512256 4.41075647484412 0.99105528383719
  2901 5.91910504389484 0.09433706144849 6.97334989767872
  2904 5.19629462594971 1.09327226466666 4.76966200445122
  2915 3.49178767082642 1.44294580974551 5.05362079176916
  2916 3.69685988188465 1.14753751414186 4.70829113051281
  2921 4.46343501329425 1.05379095040381 0.68656438059607
  2930 5.93574932030812 1.74747731531658 4.16281373598315
  2933 5.44938082250516 0.49139682485215 6.04201099475136
  2941 6.48871581214654 4.95319262584832 3.41201629923528
  2942 6.29453754103367 4.77350177872906 3.25777579841119
  2966 5.63106809250567 2.77313577579049 2.91482490928595
  2967 0.49082101841692 0.23696570491021 1.04148952085997
  2968 0.40418851026134 6.92183135167125 1.21276380937149
  2969 5.26745288438810 3.81720582948074 6.48714345053323
  2980 2.96377815495909 2.91142105058007 3.59920844645772
  2981 2.60456359291586 2.86532662323904 3.38522046911113
  2982 5.75572999635605 5.07104150411946 6.62490169598699
  2989 4.22573502570848 3.49692944193407 6.35162999175821
  2992 6.25677923202804 4.01717614157969 6.43583014567732
  2994 2.77721004096803 5.32660287295618 2.42778459436532
  2997 5.98042523081064 2.22538295871707 3.92723945204296
  2999 5.62778978480517 5.68705085820553 5.60766728264264
  3001 3.65120866086363 6.14614019604635 0.75778921194874
  3004 1.48441349791458 4.75833156107586 6.60456443424509
  3005 1.06762316940189 4.88709071525543 6.98741166640870
  3016 2.68790757790700 5.22526445512090 4.77606878895268
  3017 2.45066834230767 5.00393747810945 4.90774976227006
  3020 2.57898712825467 4.27298795250026 4.75283735231678
  3021 2.54991517209833 3.92669243846175 4.88110241524824
  3026 3.99886996402719 2.69000197733422 3.36613666872253
  3027 4.20123014554223 2.72313110123160 3.68767595111787
  3036 1.80501059863481 0.32471610042255 6.36715015247588
  3048 3.06797879224599 6.57384397942649 6.38401846366881
  3053 3.48758031697351 5.81284939538820 0.64207954364706
  3055 1.18725142530123 6.81684368787489 4.35802081479517
  3058 6.47848666335579 0.33180338525472 1.02222746814180
  3059 6.58634448429492 0.58565153540116 0.71243256011217
  3064 6.80020541244634 1.50127092611405 6.88625110350694
  3065 0.24929763344104 1.42338261191015 6.74431185240866
  3068 2.09876710783339 5.43839288544824 5.61069497725830
  3069 2.10432106836258 5.46005509388738 5.51588259357238
  3070 2.08855285165851 0.95521327480451 0.23378285288710
  3071 2.00503402819780 1.41089479779941 0.10391222225570
  3073 4.33460900762785 3.47248374526573 2.57126874753365
  3079 0.96352489260643 2.41443575866398 3.27938300505062
  3084 3.61369293374115 3.41845544053338 4.38425735141594
  3085 4.00907062658099 3.09919882422416 4.36561977648733
  3094 1.49120773715152 3.82407695616455 1.52477753395431
  3097 5.29668641245602 2.02957426032495 6.58651111935767
  3098 5.56505695458733 1.86492751727599 6.72227738065698
  3101 5.31302293716623 3.86373312556035 5.07288043960299
  3102 4.80304884438434 3.75318278353106 4.57397273640711
  3113 5.75917444244212 2.23617714313609 6.92990245140731
  3114 5.87112813928554 2.33223363594176 0.30209892573905
  3127 3.53531617081028 5.73370907941948 3.87399128423988
  3134 6.08571417351174 3.44543762052768 2.36613619491258
  3135 6.11305013204585 3.11172051147723 2.79124835523158
  3136 6.89018167333046 6.25644113693919 0.56782618826083
  3137 0.18091749137734 6.62939020764657 0.13736428411024
  3145 2.28099619942205 5.22591431098521 0.61577849890554
  3147 0.98896619998779 3.80332909961781 1.67249020063158
  3153 4.31170732924686 5.02021353733844 4.61689323762894
  3154 6.39624054985106 0.20599674639425 2.59307380611218
  3155 6.45019274477182 6.85186988072345 2.52036233351179
  3157 5.96812011199073 5.87839011614842 4.61417275021307
  3162 1.50907620084473 6.62942362533028 5.48945366676596
  3164 3.34868552247460 2.26771389273061 2.96322092716483
  3166 0.58096157662556 1.51252951270655 4.54202005724706
  3174 4.89279445433551 4.93458296676990 4.78089538628600
  3180 4.97008278264588 5.94405386313776 6.55792470439940
  3185 5.45610479132926 3.48507284114474 3.51163253371355
  3187 3.04914435501990 2.38621983670008 6.33785095973076
  3189 0.94626974655186 3.21096071706928 6.07669235905489
  3190 1.03758286085639 3.45103453883471 5.87475623329968
  3191 6.63861908771530 1.70466781775937 5.80446393962979
  3192 6.79165346450352 2.00260791545962 5.41555262987595
  3194 5.38633579092163 0.57518023511703 2.51140818565801
  3199 3.02682414920115 3.60556461510023 5.45750060260095
  3203 0.50230834721771 3.67922669249874 6.93243947725688
  3211 1.23079509523837 3.76101794748617 6.16297421446627
  3212 1.07340235585939 4.19076260776733 6.13487129204166
  3215 1.30836498534241 4.38341358503990 4.44896442649255
  3217 5.67978488808733 4.27190713287552 0.48818287104524
  3218 6.05127197182450 4.38535169438587 0.21441360620622
  3223 0.35579393056929 3.89374362485255 1.28105001500345
  3226 3.13972188528435 4.98803645182548 2.41867249438280
  3227 3.37288598599805 4.97721344354554 2.91415965831091
  3229 2.31028508548788 3.67613136504897 3.07759542158173
  3234 1.03351582797657 6.09887220127214 1.45506931117571
  3235 6.37441649525319 6.87515881221021 0.22553837297860
  3239 6.35442900767364 2.51490353572639 2.70850497285671
  3241 0.58864073417257 1.79650191337479 3.58643809318591
  3251 2.34613821382966 2.39085261315488 3.24672894075192
  3263 2.30073401396160 1.51934361227261 1.49216020412650
  3268 3.52283756072382 5.46593388394520 0.76324850266010
  3269 3.90854200456992 5.29920022241532 0.83155574456000
  3272 0.58646252657021 3.56783465846806 0.61064813922330
  3281 5.54160620539349 2.72122258878814 0.49915898907916
  3282 0.82297168649213 0.85561754618326 5.72216601990674
  3287 3.66664302739017 0.01903513620157 2.19681818207220
  3293 1.72777534583659 2.39565750202873 1.92445369785430
  3300 5.91416967432262 2.72814162943930 4.09377533053946
  3301 5.96450543365011 3.09391389902079 3.90387915481016
  3302 5.46614527273856 3.66092510140647 3.88758853399222
  3312 2.55336121509571 4.87947915146064 6.17444210730767
  3319 1.46760908390309 0.61644213854242 0.69387589658391
  3322 0.12253363175496 1.45545960501751 1.51735150800047
  3331 2.54300449313051 0.06173607206118 4.37117807414266
  3333 4.79718287498688 2.50377125056741 1.74550201524275
  3334 2.74519995850818 4.89123757379551 2.29738945384093
  3335 3.09796706365349 4.87081833564537 2.37731239179442
  3336 1.94280123642322 6.58209462323231 5.24120996270556
  3341 4.21556446096276 3.14002667887429 3.91607813693548
  3342 1.04629871887935 3.00112895501131 5.13753989464381
  3348 6.89313020522976 5.79345207338954 1.51043419452752
  3349 6.63058818452075 5.46524441110581 1.55668679487297
  3355 0.21007309927805 2.36662071888628 0.59800626840721
  3356 0.19994587936218 1.73203909349546 0.42000351274197
  3361 3.21516027953432 1.43657186838552 5.95669771136175
  3362 3.21118889618771 6.73752161435958 0.69653841356527
  3363 3.44129860744830 6.42214922898534 0.52315359557692
  3366 6.14968540901739 3.68177106496726 4.31035119362620
  3374 5.98679218795614 3.45041857883489 6.46482274030544
  3376 6.05295672286109 2.97987923194407 6.27170119954681
  3378 5.72583524353095 6.84561139051294 1.09265340752563
  3386 0.32064881599887 0.01754360008071 2.89678263267744
  3387 0.19928950099004 0.60180628249878 2.98605752605254
  3395 5.46199718996844 2.79649670893943 4.76034714563728
  3396 4.41169658381134 3.81053274963937 5.43184309455619
  3398 4.43925365801879 1.51908623743713 6.68030383486569
  3399 4.22247368496770 1.11419842779844 6.78974027999605
  3400 0.62788051839038 5.92305769982895 3.75500548236812
  3401 0.47655641637354 5.72420728702889 3.75689035228328
  3406 2.39683986318244 0.78284860986570 0.69469840394372
  3407 2.14326390666114 0.92092766223955 0.66408315461383
  3410 1.85157864957934 0.96404137584647 1.95484257146487
  3413 6.12106191541406 6.57433419385106 2.72895514923059
  3415 6.86953630054595 0.88773089785030 3.75861689201861
  3416 4.01091306914894 0.31756904950512 4.95399088384712
  3417 3.91892634433159 6.91958588751997 4.57388698811316
  3431 6.36214141279616 6.24594497620987 4.93420536890615
  3432 4.42104164840028 6.31061335600724 4.37848685500280
  3437 4.77013573666062 5.04761643226714 0.24076829454149
  3438 6.46810876266087 0.82421633750746 4.76385339103561
  3439 6.73027424236030 0.70067840415709 4.99211833959505
  3442 3.55664560576461 3.22221361957095 5.47709571660971
  3443 3.20856335669522 3.32215077351807 5.29333230498189
  3444 6.60458271085912 6.28233464121513 1.58371595396095
  3445 6.80793869951652 6.69223086708153 1.91478925560361
  3446 5.42362259578751 0.82316391632121 6.11076124128023
  3447 5.32862343710031 0.97984901535590 5.82554928675822
  3450 6.93760066599098 6.57991734831354 3.62718374216415
  3457 5.13147784177050 0.14321943978954 2.49758358155876
  3464 3.30225637647366 1.22162261006044 5.32046055966251
  3467 1.02088280213603 5.76411482790176 2.32058979153169
  3468 0.81642763226553 6.10335727697652 1.96035325158515
  3469 0.38339273528455 3.61094659866685 1.20659895825413
  3474 1.01767419378814 2.63850018511601 4.65968524563414
  3475 1.18974243988648 0.06786483092406 4.20489816198592
  3476 1.48850413419153 6.92103587970397 3.59421111891568
  3488 1.60137814430471 4.08609695817007 3.08929686538658
  3492 5.61806676936663 5.63307319772068 4.82926620457233
  3494 4.69447213580793 4.30400602002067 6.95443095831668
  3498 2.13763910223103 2.58586089983490 4.34874095598519
  3503 3.40965508701459 6.68988194059970 3.48227151345781
  3509 1.85370576050564 2.92406532234222 3.65999723798868
  3510 1.84449899436247 6.50953830846185 6.43000221467305
  3513 1.55060878255153 3.48798047941136 1.32536836203439
  3515 6.16771543254176 0.85433823794761 0.33959695883409
  3516 6.17848627600352 1.00194538456843 0.26609128449212
  3518 3.38295430633445 0.79840732241737 4.17094709611657
  3519 4.00561505478730 3.19522187821381 6.45838068185075
  3520 3.87156068777765 3.23350877170772 6.79443436612830
  3521 6.47084002001578 5.67891951959003 1.76993892840913
  3522 6.74171371779214 5.95078430486567 1.69209537962333
  3527 2.51160384954030 3.74521280365017 2.10773957199860
  3528 2.69559508534292 3.64395995246261 1.91507493387847
  3533 0.85603460057497 3.47890345052479 2.39347990001008
  3543 3.64355528572868 5.94478014667942 5.93270426620518
  3548 3.19870750575910 3.73914335441511 5.76770421319778
  3549 3.57774024613314 3.43649082219633 5.80425512484784
  3550 2.28654732023376 1.04928359911434 2.22752427151032
  3552 4.75469515503992 5.46631785346842 6.62125907121072
  3553 5.01622011410459 5.20644689743094 6.82790451416712
  3554 2.46180075625508 1.46069548805567 1.12924193001736
  3555 2.10373229014904 1.35396154018074 0.88639298982453
  3564 4.09424374330719 0.46281513396498 0.75165392265108
  3566 4.36176323184194 0.81368725405795 0.53738884215201
  3568 0.20133344884695 3.18435811814008 6.40358831415335
  3571 4.25521657246150 5.50584028758533 0.60457953863670
  3572 4.39755156292017 5.19476578962128 0.24661870229211
  3578 3.00146126517226 6.72049652839562 3.40604623866657
  3580 4.71039288323872 6.04731563467145 2.00834546587409
  3585 2.24987204910618 1.54999978383223 6.84846907181989
  3591 3.59241873918797 0.03611490189543 4.33905402176918
  3600 4.14226114550982 1.39053791726842 4.15211130727676
  3601 1.96892214591855 2.20837304511531 4.83636941918571
  3602 1.69724367838390 2.20740104052311 4.97605935568924
  3603 2.30778366132109 5.45705493624559 6.98865456279869
  3606 4.03285515100696 5.25755046455780 4.84627654093760
  3608 2.01940549730396 1.66567722136675 6.54988494901815
  3610 0.20995834754176 4.92694951990295 6.52796351092262
  3611 3.95645143425328 6.85039572589716 6.70176607689594
  3612 3.68828948935857 6.85516971645428 6.81890236707014
  3620 1.72088528610342 6.02537874063400 2.62501102731332
  3622 5.22840793603891 0.03412109342636 6.90332344656508
  3623 5.35217771702793 6.99924668048533 6.44498706036871
  3628 2.97724681136143 3.19787645224367 2.40258484061488
  3629 2.94563966963375 3.54041182820486 2.33005661543854
  3642 0.65436974919425 1.56341536843504 2.80600804241894
  3643 0.24559002419463 1.05904100478522 2.49555153853075
  3644 2.51718533617265 3.12611478055324 2.62662701185533
  3645 2.64421923508125 2.79001778980886 3.19965340302247
  3649 5.21033798845950 6.29056438613600 0.32244906617645
  3650 3.02365702567840 0.17887603690410 6.57512921633451
  3651 2.94950487484590 0.42783606444970 6.24228108047688
  3653 4.41337769354424 6.43965732462675 1.31196534397693
  3658 4.52083162344598 2.63421879207116 3.56052339963900
  3664 0.33185058707914 4.86045143224294 2.16133118706959
  3665 0.51160042333813 5.02836079516936 1.98109444012602
  3679 4.47352923331760 3.53943494049006 0.53170299612304
  3688 6.73392762081803 5.66918519148889 4.70130364411794
  3691 5.75396857254270 0.01458695412118 4.72555135763573
  3695 6.13003114444556 4.76750309305957 0.18194037948120
  3696 6.08999678657251 4.80196556822154 6.81717940136044
  3701 2.92490875113576 0.77515305490860 3.50002209599583
  3704 0.67102245570127 2.85072050290831 3.39223783121885
  3712 3.12151710631722 2.27433187899081 6.04041126743164
  3713 3.40327900004897 1.81605630208227 6.10346652209780
  3716 4.52659017784939 6.45970622520191 1.04429644082736
  3717 4.86248711841256 6.26323624528256 0.99302562848988
  3720 5.44320897860517 5.00968044403133 4.27247131337431
  3721 6.07277158845931 5.17334054192104 4.43762655827110
  3736 1.37519968830187 2.61315184766460 6.86294796518858
  3737 1.57919443912001 2.72018814954478 0.21669968701863
  3740 5.40705327404582 6.85175497381297 0.83890399057372
  3742 1.97478736092776 0.33883252100085 1.09456459422702
  3743 1.84291923053847 0.74250456602195 0.88369917124541
  3748 5.10880929212575 0.47358476817855 1.51652350658553
  3749 5.36131728198554 0.31933694067366 1.81936300095401
  3752 1.18850417272038 1.95897392387522 1.11817159665380
  3753 1.26753033890741 1.75876243779625 0.90661516042753
  3755 1.27802986265539 6.42832643047842 6.15773488694140
  3759 4.21210596802571 0.72435625621120 1.83931289466302
  3761 4.27149490662534 0.34698902444058 1.85342930940710
  3764 6.19711860002159 4.79172222315578 4.49255238913711
  3766 4.91525177716353 4.04496277751438 1.42325485759306
  3768 0.27741419372109 6.10361069078485 5.83152104702676
  3769 0.38372418379400 6.23393092466420 5.78206861199139
  3775 4.07409537587127 1.24855566315858 4.68947501659337
  3777 3.60190719379230 1.01324274971182 2.16537147839429
  3779 3.52602681111597 1.07942798780283 1.55229563959980
  3784 4.73891830159991 4.22900871790824 0.02394701287787
  3785 4.65138725520239 3.95512354937309 0.02731510909154
  3788 5.43599619187251 4.06120845622952 1.93094422733944
  3792 4.82070549472555 6.25399221251882 1.89250127872235
  3796 2.36723614760842 3.45260542654253 3.42640428572113
  3799 1.96916928313395 6.47219282390757 3.49073815200519
  3800 0.23221489507107 6.93913559446271 5.93399604465274
  3801 0.68815301615718 0.46644245179635 6.09994337388232
  3802 6.68227035811027 5.61940860990040 6.77460780732012
  3803 6.65367156108474 5.13700927782816 6.73051341033587
  3804 1.89834726297135 1.58831553801088 3.51029001758518
  3806 5.53474790580639 6.76475289375680 0.41396465077497
  3807 5.47923370896933 0.08457804873869 0.14885371944124
  3818 4.21822532287262 3.82609486638824 6.73702595353901
  3819 3.97558358499863 3.60961306130739 6.96774284678870
  3820 1.52691179384739 1.42191396971286 1.39420614099099
  3822 1.50780662913443 1.36364551068866 1.19660366470475
  3828 3.20175705423651 1.83980506418025 0.38248354104547
  3829 2.72781398828610 2.16183580877819 0.63867063285351
  3831 5.13933969946914 2.53480550974066 2.38125932655221
  3841 4.68713107952029 4.35206070802183 1.29833986750938
  3842 4.33915684780741 4.24292807334081 0.88936636848035
  3843 2.71396575227644 5.26736344609582 1.07483599496756
  3844 2.89296596855995 5.14351476830856 1.04519461816259
  3848 0.08715066268749 1.27348789005992 0.91087317970046
  3852 1.37586244012550 0.96951165683819 3.21527382615214
  3853 1.77919751615293 1.13796876866787 3.37244035701785
  3854 3.45846930960376 6.65433830862425 3.58989352645227
  3855 3.71900008372669 0.06500598181791 4.01746420921708
  3863 3.11789461928536 3.17774227598976 4.38631255188658
  3865 2.97850639637727 3.21811257350555 4.56873991242078
  3866 2.75693077353804 6.92534335332716 1.69788589959084
  3871 6.81435183247825 2.61211004939272 3.69840961697054
  3873 5.85365169573318 6.21673326185666 3.84957872671333
  3876 0.94706473289244 5.07035832401170 6.98632916809161
  3886 5.71996153659871 5.81806463522469 6.58200836243588
  3887 5.95257990854529 5.41147257708205 6.37626231149675
  3888 4.67323436665830 1.15578441774063 6.39680519671429
  3893 6.81954234893545 3.64735241865719 3.37508952739505
  3894 3.22578840730497 1.03022207833578 2.19237719880614
  3903 6.47522289343716 5.75380312092546 6.57240667241940
  3906 3.54004138186500 4.53947442066178 6.76330895208418
  3910 0.31910080928865 0.78411630641081 6.27730968741683
  3911 1.94003132897104 2.21903655223442 4.50496827501930
  3915 0.16826647786820 1.78708511555138 5.32752342169024
  3922 5.55460700265851 5.64559187492676 3.36553792885042
  3923 5.51684375876648 5.34323502484590 3.44573356551805
  3924 2.52769216246678 4.60418298827101 2.47659792626254
  3929 3.02071879618232 1.28504321433135 3.08904403520990
  3931 1.29171022298330 5.82019366217382 6.94470259582660
  3933 1.37606457223174 5.84219342894815 0.17527784144545
  3934 1.04700689441348 6.93935765291371 5.08634981822197
  3936 0.66809387354460 0.25280116037467 5.29290928416179
  3942 5.92391686855672 1.73171961930351 5.13803254723604
  3943 5.61499190144965 2.00022958283719 5.22593174969640
  3945 1.11792560762284 0.94015641340859 0.92618651042886
  3946 4.34455757316491 0.22188804586522 0.65214355519517
  3947 4.60594024411318 0.49213808313320 0.44250747195236
  3950 3.68259754114194 0.75991749033065 6.50631187855637
  3951 3.38813071029781 0.85115854640100 6.17440494087782
  3952 1.48590173827872 6.73299367276707 6.00507149149969
  3953 1.78408354551885 6.76815338795741 6.15168644828886
  3955 0.37449514279889 1.50193152609050 3.98920063488974
  3956 4.66109302886231 6.27520363864742 3.26774763758823
  3958 4.54613682385809 5.86930302785674 2.65717688549427
  3961 1.21942878976285 0.67311347396231 6.71191395701473
  3966 4.31680666894623 5.44846340888808 6.87110350899105
  3967 2.37585187589475 3.24514746416170 6.26227445367757
  3975 4.47039061078068 0.06254482085228 2.24376572434564
  3976 4.70915646949569 6.91827955231098 1.99706153380298
  3981 1.53167438523498 4.57263451791019 2.41935025207947
  3985 3.74188622340875 2.83201174072394 2.11160600726122
  3991 4.19882527398921 4.81814967215074 0.26134038975477
  3992 4.62865037263840 4.57146157226658 0.24411577655902
  3995 2.33314071336727 0.99711899655316 3.09378093652671
  3996 2.30209820623986 1.18220966859834 2.41380183968892
  4003 2.73947004285655 4.20061539693891 6.27657654448746
  4005 1.26016845604329 0.20571797069113 4.41786664433347
  4006 3.68688815809801 5.26944206916890 2.00525684449913
  4007 4.05224220549385 5.25301909089177 2.70530161250110
  4008 1.25474837872896 6.19674252010716 6.87175291633883
  4009 1.35766587375071 6.29609982871372 0.15750003565500
  4010 6.44828603002619 4.05896204303311 2.50663486159228
  4011 6.58031246552242 4.12909842620742 2.89645507605464
  4012 3.99441593654751 1.22788366786978 2.45681002320669
  4013 4.30994417517246 1.07613440012842 2.31692045051567
  4015 4.29485398899512 1.28149338293435 4.04244588318840
  4026 0.57689872682084 6.82389365062894 3.18523058153945
  4027 0.91772742691477 6.74994565121522 3.06174535847446
  4029 5.66230031511452 3.92446383477155 3.14560377710241
  4030 1.77985790428640 1.32121238884452 1.38947190205707
  4031 1.75789413873092 1.26378948664490 1.18059288921947
  4041 1.30550088696468 2.56470903860244 0.35237075234773
  4043 1.48664814609850 2.23372025926292 0.69322676248674
  4044 1.10915251533183 0.54995715777266 5.85975932547315
  4054 0.73749057298236 2.08188056188652 2.81543687724020
  4055 2.40105422668736 3.42809420865734 2.60110535009968
  4056 2.67033015037653 3.66505934319123 2.39679896173375
  4057 4.19118950519953 3.77170301708252 2.78015164649175
  4059 3.75239455145435 3.78562932525570 3.05432635101246
  4062 0.92031173841586 4.45248509676569 1.24906167823700
  4063 0.91272464408006 4.76213802333581 1.39950715435359
  4071 3.84485881940468 2.57900974923549 4.41120193668374
  4072 4.03445524466919 2.40772645936467 4.79829742568687
  4073 0.27530885544723 3.70520505012837 3.17967413860534
  4076 0.75621351937101 2.96685899265989 1.96159079394314
  4077 4.95528921197274 1.03538059588196 1.46019742273512
  4080 5.49541149163230 4.36054395929577 4.97970721323399
  4082 3.38793996306657 5.81975843993578 1.28417076940895
  4085 5.22208113662092 5.94091974592030 2.66136858772006
  4088 1.45587069016428 2.39952722038551 6.60764548445002
  4089 2.07513363048192 2.08722969167333 6.52496000162607
  4097 5.88138434312352 0.31607515101819 6.15909752559216
  4099 3.94863657672723 0.80947751733359 1.50064675248575
  4103 2.71402986922683 0.14654022942777 2.67312410844717
  4104 2.92929170698119 0.23954374909093 2.31683491240975
  4105 3.58159981199851 5.39710644224510 6.38159384848782
  4106 3.57322571482297 5.55803033414067 5.94392229580387
  4114 2.15987726764946 5.53833939818177 3.13544282754515
  4116 4.53884321308178 1.92496841085859 0.06626482588901
  4119 1.51110183140257 5.09344364083590 2.73322798878443
  4120 1.54957709136606 4.61869784546922 2.56460815675279
  4121 2.43605796458831 6.35523947546047 1.92508104073496
  4123 1.92505833673490 6.01090974422714 3.10456816246438
  4125 6.44858332203195 4.00272412406376 3.07074639121675
  4131 4.95439616648626 2.49910889908612 0.77673578646900
  4133 6.90436879627804 5.35830374066738 5.45558543402977
  4134 6.87959987880476 5.24114767779853 5.09772864862822
  4136 3.90982924601997 4.20230516592226 5.87354827999277
  4137 6.09452211625394 6.43414139080607 3.70215391379728
  4138 6.35529279773091 6.69667105705017 4.07882187654902
  4145 5.72320988273238 0.20659312102606 1.28615447250211
  4146 5.70610560819200 0.15716474777712 1.64304690580273
  4147 0.02579446484063 6.27067645855499 0.84870898698895
  4148 0.39871811575310 6.52598196006688 0.84865578582658
  4149 5.65927442923189 6.36535196298852 1.50423135591794
  4150 5.67258277106674 6.47659257856096 1.74814356259658
  4151 0.95132641736553 5.33775306169846 6.77477040724654
  4152 0.94455587290640 5.54008531895324 6.95513913455219
  4153 6.11188625222028 6.58331068681385 4.47756189583270
  4154 5.82415686949554 6.25044668776760 4.28569638972506
  4155 2.51109976909613 1.28306676969531 6.78776595593843
  4156 2.57888986550956 1.09666780319337 6.31590209613807
  4160 5.12736032058601 0.97723889239011 4.43552628245446
  4162 4.26822599785274 5.46782971570419 2.87159241986677
  4165 1.75384099547936 2.87143017849703 4.08141156706378
  4166 1.72551014406902 3.31115207708628 4.24872200074140
  4173 0.88115947708066 2.24477438344627 5.98058958363053
  4174 0.66612529258199 2.55088006955968 5.84833527798383
  4178 3.54685279522525 5.73249331450729 0.58889777634150
  4180 6.39676462322195 6.27149798072925 2.98528556343178
  4183 0.54667121567130 3.24639187842694 6.67679461672781
  4184 0.53473981597900 2.73571735692294 0.12052464066582
  4187 2.14793935937174 2.19498427798975 6.20468405489038
  4188 1.72450968504246 2.62909301728864 6.05607628903218
  4191 0.89845057994280 0.40608962016562 1.16516052561778
  4193 2.67204282443234 6.59912237157895 3.92335161837321
  4194 2.48047993945876 6.34876295060573 3.91342515629224
  4197 3.29564897944444 6.23709612843913 4.98132003663443
  4198 1.09790249631471 2.79468410515331 4.30770162355236
  4199 1.34200031775112 2.58327560112991 4.14648154124999
  4201 4.66710496559863 1.39979886882137 1.75153125070209
  4202 4.57487456329538 1.39893823152919 2.21239749453082
  4204 3.68052103517969 4.62908446130034 6.57538779890403
  4205 4.00432929127901 4.37363193778018 6.15667379243320
  4208 5.83367151729349 2.90430438696136 4.52362363162723
  4209 5.80885879928105 3.29128780763776 4.49378644600952
  4210 5.68652242132820 3.18052041015773 3.47287955043502
  4211 5.46304598122008 2.89376142038228 3.35310807393515
  4215 2.38849630963293 2.65621700482646 3.51035005047243
  4217 4.27256816686518 3.79526456892259 0.76803280033058
  4218 0.18164179622268 1.06259617216789 5.14311834595822
  4219 0.16487432733366 1.58837247568611 4.89873575390918
  4226 6.29105428295127 2.22828857839044 2.28704091413656
  4227 6.31513766763221 2.45474132542484 1.93962949243377
  4230 6.00375797641667 4.38404197829434 6.75707167942637
  4231 5.72937855645533 4.32095163083161 6.56741292735243
  4236 2.62556471390831 0.17778578398748 1.65191309007632
  4237 6.21570751582150 2.48959206354381 4.07895057950284
  4238 6.72410317843733 2.69510360074116 3.85321615780734
  4239 4.38401484845129 5.39016305402384 3.81480523349079
  4240 4.49306542654622 5.11494175261700 3.36820741575625
  4241 3.42520063780690 0.64919625714255 0.36819016429778
  4243 3.62884010526566 0.40220116029305 0.64009395189929
  4244 5.75665136081760 4.32011562884748 3.42657584181871
  4247 5.94730041461125 4.38176054719360 4.80549639233690
  4248 5.94309516733994 4.55728617323437 4.46495333561051
  4250 4.02237092700724 1.35530366863528 4.06016946900341
  4251 4.86084578385625 5.48930778314486 3.96392278775955
  4254 0.54786256017698 3.87029713477491 3.52826635791232
  4259 2.43038950250401 6.40023973575575 3.70684633511545
  4260 2.64387269749332 6.64652846424163 3.78288204953618
  4262 3.87697604919686 5.16428564940614 6.42198440076388
  4264 2.53316849007088 1.01312409128572 5.19120631648848
  4265 1.74565338021211 1.55288955627960 2.60354292460986
  4267 4.85467376595162 3.71541309645489 1.25206197974112
  4268 4.39278253280412 3.63714595105254 0.84869032302475
  4269 5.60620104806720 3.01108724797584 1.05901930602088
  4273 1.69932968178551 5.05693739473729 1.60540730138714
  4275 0.37890697503365 4.44549694466482 4.64099955759802
  4278 0.34973845593066 1.57257510078243 0.64604160742010
  4279 0.64942627335352 1.38354114761649 0.47402551406254
  4280 2.00611504929201 4.34495185521870 1.98134664459825
  4282 2.06228877245874 4.51705143039705 1.62799705977816
  4285 6.80794981776523 1.52901672666890 1.61229688602981
  4286 6.61800048337616 0.93404348025036 5.72194934917029
  4288 3.32290276987900 0.35855429010202 0.22420019334492
  4289 3.49314005292797 0.12536081633151 0.45313334637285
  4290 6.29763612980500 4.59886178460999 5.05943291783329
  4291 6.39586491845947 4.75371839627321 4.92545852239877
  4294 0.79618441908768 1.13612958557237 3.39108192806219
  4296 0.67360561887943 1.59535983938280 3.71790572762302
  4297 6.81478593703348 5.92458753372306 5.53607442398625
  4298 6.66933863030014 6.11496938690453 4.92328598589166
  4302 6.21992581539733 6.02086056017353 0.45134487226481
  4308 5.14493515569877 1.43988972510643 0.57492259990395
  4310 5.38668874649618 5.36708717018959 6.94527255694325
  4311 5.43459176497841 5.74989606368126 6.85411194815681
  4315 2.13010394974237 6.32639149813874 1.96671670161278
  4319 2.32902476658836 4.33841511800812 2.02303385401330
  4320 2.41714262084637 4.49570990433174 1.70445937600686
  4326 1.14556026343269 2.41679114385389 3.19973310661266
  4330 4.91940402689133 1.34980457599033 2.40366550661483
  4332 5.33972801692046 0.41091909084817 1.12605632884335
  4337 4.83204353665038 1.89788232548447 5.15393094239972
  4339 4.66731092479816 5.96942620331633 1.68032857812856
  4343 2.98231286409818 5.13564650970273 6.20344336865967
  4344 2.03272313948026 4.73081530301960 2.82542428960512
  4345 2.09716183808792 4.53183682133721 3.11574603826758
  4347 5.45099181457206 6.30578021659174 2.42714847275504
  4349 1.52295052724491 3.59606625987681 3.33796063547863
  4354 3.82767755852573 6.42252194452133 4.84692486618588
  4355 4.11300799606658 6.13041727882765 4.71178946126317
  4359 0.25940474368734 0.94779651278638 0.84665686232364
  4360 0.65974389671485 1.22721364737710 0.48602004252798
  4365 5.23369323127392 4.54525891554661 2.37076199868808
  4369 4.05333321394805 4.14301040677650 2.53524545188036
  4370 3.65813369532550 4.20053388099124 2.74335121586089
  4373 0.44667461271013 3.49749431818436 0.48261626904064
  4374 0.49767532861886 2.78227883873247 0.30043274998955
  4378 2.97239255450166 6.86767202323041 2.05268454532535
  4379 2.44703622935918 4.20731216221187 4.19510380961446
  4382 0.79613003476564 3.30305880996485 3.29747842468870
  4384 0.29427643234069 5.05270810842048 5.04147940694966
  4385 0.22445789785008 4.59081372843474 4.96384304237391
  4386 1.56184756842134 4.52780275333807 4.72695745153335
  4387 1.51303215088319 5.02237339447509 4.78101294791067
  4389 1.86502207381441 3.18905651821049 1.54871692732074
  4390 1.62100071306577 2.74304814358002 1.65915989770652
  4391 4.73180813793320 6.10366952971353 1.61554432417859
  4392 4.99749681484449 6.04674763758147 1.33453756664101
  4393 5.72282457447060 2.01483091023429 2.32785765577546
  4394 5.54740539379919 2.11872981031567 2.56060166799088
  4398 6.36191674127059 4.33607483862008 3.88784401000235
  4399 6.19945652683568 4.40082647948806 3.41551766102451
  4406 3.54215490999639 0.42802557981399 1.14505741078634
  4409 4.13264392147094 5.77227223751277 0.46357091080305
  4410 4.17381833258089 5.74984125309507 6.96280098710598
  4411 5.15519420169992 0.51133532344287 0.57131644643106
  4412 5.19751049213710 0.22306562028550 0.90299348620432
  4413 1.39627662883256 0.38342113182113 0.74498897558622
  4414 1.69349298591299 0.10584086799403 1.01136026797208
  4416 3.61469703558660 2.17206007020211 0.34854904002149
  4418 6.82391576062729 3.88953270511872 2.23099121694058
  4420 5.94011603657717 2.45707004080467 1.68185259012985
  4421 1.86695283303489 3.39185009532491 3.62742010995739
  4422 1.80431032744056 3.55991485779191 3.97517297712904
  4426 6.28890805582779 4.15768813881426 0.37877574558159
  4427 6.45901442550585 3.87287296815213 0.19746009706018
  4429 1.29903322438869 2.26055564645418 1.05136634263053
  4431 1.61313989175592 2.64576692300907 1.96403487020144
  4436 5.14345742812367 3.08414646896789 1.46379054416646
  4437 5.37555328326044 3.01077843506390 1.74028011367457
  4438 2.71269191628964 3.66692185045987 3.72161060936095
  4439 2.38488593257753 3.80743706843922 4.14397079440362
  4442 4.19899392183696 4.55257126636652 5.90749515960411
  4443 4.09084323976943 4.39848143486169 5.66421726602907
  4446 2.63012349242163 3.52225853815176 0.39772716143093
  4447 2.45318427971747 4.96781161829486 0.33604896331609
  4450 2.97633179196585 3.73105894836148 6.07159552780169
  4451 2.93598524700046 4.15867714428775 6.27479253776768
  4452 1.63487402904414 1.54553473157420 2.83164280137013
  4453 1.86318741496844 1.26638380756477 3.28620210456060
  4454 4.05170383776267 0.68905997462370 1.78974006767077
  4455 4.08472634559360 0.34566194762333 1.79683281988370
  4456 4.82675271917195 3.70190930119577 1.73545090574823
  4457 4.89354780410601 4.00452258120543 1.66543435683644
  4458 5.28348943765816 6.46809276159692 2.04050350639564
  4459 5.09764997468227 6.97360672333268 2.09534420308945
  4460 4.79957143808336 5.71060378839144 1.53375748935907
  4461 5.01549876596804 5.94766871512202 1.31024315655330
  4463 5.32265003712228 3.35710643996508 0.16377876993846
  4465 2.67075402003278 5.94599051353304 4.10645791512847
  4471 1.34160512931268 0.16144749611631 0.30424210158068
  4472 1.50346841278762 0.50910127423547 0.00266943463969
  4473 1.35566982037333 0.59557747182708 6.27569093024192
  4474 1.15228128040272 0.42926653052709 6.12140156229747
  4475 1.59779744099321 5.92434874366910 6.38193534794400
  4476 1.50430483652403 6.25545106079903 6.43994135529013
  4477 5.91855704417471 1.22766187684698 2.11031299037920
  4480 1.20853959306394 1.11615254809105 2.87938845477464
  4481 1.44647082956709 1.49859137437786 2.71999891370306
  4482 2.25201251039912 2.93735186676397 6.01327430582439
  4483 2.53147292690529 2.44309904613518 6.15640146806613
  4484 0.61044949654158 4.42352119392087 5.71302293845476
  4485 0.54371139855964 4.32581051667112 5.61372426881607
  4486 3.49216999487630 3.72692815880073 0.01963613202660
  4488 3.37768990800601 3.77470652312611 0.22259019704560
  4491 3.28272806409848 4.11282038636862 6.89907915775725
  4492 3.19436073199243 4.11281796739633 0.09845528562800
  4495 4.40587802891951 2.10249624001943 2.99301670894759
  4497 4.55895615607670 2.09161337243594 2.64468097846795
  4498 3.31861962577532 5.76411271097691 6.98868686538424
  4499 3.65267821796247 5.77945388232201 6.67421996253228
  4503 5.93198943002349 3.38055109656438 1.86017722401398
  4505 2.01416936334203 0.26646311309635 1.62827680005554
  4509 0.83349113432370 0.03204846491265 0.13069029742758
  4510 0.90129101842131 0.51578883116961 6.67194188678920
  4511 1.64763875243296 5.51089560282757 4.21591448927192
  4512 1.51821334794822 5.48370532593922 3.77744500903543
  4517 6.79602532751824 2.94950155218828 5.06333004512630
  4519 1.12679628072131 0.99564761655277 3.49392575200933
  4522 0.15733305864379 2.99988567611483 4.88219561595117
  4524 6.82500010404078 3.23538889458562 5.09589950179642
  4525 6.74427111560923 3.32726995828897 5.52521353122987
  4526 0.58441082171858 2.74512956486577 5.01335739690458
  4531 2.66890537194902 5.95733759314090 4.96852999764616
  4532 2.48727606101723 5.82303080574771 4.35254602557591
  4538 2.95897325279155 2.60176750828470 4.09042744447085
  4541 2.72224610236512 5.34744907460623 6.74432703468666
  4542 2.77459275883982 5.19704244673827 6.25566873391404
  4546 3.50285332687936 6.41859398673194 5.33531685499404
  4548 3.40961983066859 6.83961207301868 5.62526801917157
  4550 3.49873168680199 6.59800072019933 3.41882942829502
  4553 4.43792074446977 2.46979314896347 2.13397220042324
  4566 4.14412724785135 3.35005263137603 1.84191547469158
  4567 4.29302253713990 3.63029717617141 2.04370604795029
  4569 4.89395467663074 1.84496805648442 5.72380297713785
  4572 2.26411640720885 1.22868152167754 4.85811462878385
  4575 0.79879292387811 5.83535938535314 3.57158821460609
  4577 6.26722436432806 0.03310096510640 5.75091894125630
  4579 0.21994473384196 1.61894419015756 3.98194306229544
  4580 0.25210496162589 1.84869843264753 3.75142636165613
  4581 3.18760733044728 2.98741817502093 6.56534991707725
  4582 3.33626956108786 3.19463579824216 6.47087067992809
  4593 4.19210986915350 6.94085448039236 4.03274728675688
  4594 3.05991277574330 5.31026326354201 6.83059613381572
  4595 3.24038510550594 5.15950012252125 6.49791077167130
  4596 5.36146853269315 3.40341444355755 6.72042999337116
  4599 2.98309815230516 0.91984407129487 4.01599246069332
  4600 2.50984118600833 3.18715457532954 1.40513940530068
  4607 2.47388141451634 3.58781231626703 6.00720466214202
  4608 2.36767336482524 3.74322318049645 6.06445861636602
  4612 6.17873268968696 1.21976462790516 1.37268561840526
  4613 6.44065981393103 1.45541436713575 1.22155806583828
  4614 3.05545324239624 2.81182820664272 4.40639716916762
  4615 2.89257034534126 2.89819341820279 4.62011863837956
  4617 1.56934604742337 5.02918772411223 1.33775685000668
  4618 1.68232044477641 3.78814583809165 3.06038647874562
  4619 1.56046945987638 3.61825575924607 2.64955149697484
  4627 2.70672557415785 6.03967817259351 0.24454253232893
  4629 3.20643862799483 6.03775682299609 0.32057795401468
  4630 2.35431139532612 6.91436524773649 5.22109432608789
  4631 2.19924127430770 6.60083788416553 5.36241849322887
  4633 4.62276060769810 0.12805055392222 4.45290959256059
  4634 4.26841993448666 6.86434587164171 4.31383506724787
  4637 4.62165184688406 0.67724522248172 2.73773646493240
  4638 4.50228116255537 2.82357270368661 2.79029358292604
  4639 4.63152238502789 2.45333246259976 2.47698374402397
  4641 2.52623534065033 2.43458268012059 3.99601539175903
  4642 5.70860352367154 2.62246225780329 5.79678136962853
  4644 5.57039957549227 2.03671557119637 5.85984288273979
  4646 1.87868994255794 0.30800010150236 6.76209191916125
  4647 2.41879079579871 0.39420822800048 3.81610596459632
  4648 2.72072450482502 0.58656985857685 3.44486511023100
  4649 3.72298590920491 4.55699024784588 6.71737350887908
  4650 4.14197974961764 4.19104738326294 6.62960727280965
  4651 1.19267774335122 2.68471018472236 2.20175344157137
  4654 0.44297908381235 2.65490095813738 0.10138006810871
  4660 0.84941363168772 2.06945292129388 2.74180078736883
  4661 0.85253952708524 2.18659759023260 2.35018715123750
  4663 2.34236165777297 4.08296868157613 0.85148922102608
  4664 2.36478850694839 4.72943533029813 3.64541150811544
  4665 2.05391764121095 4.70060908804121 3.39724339389039
  4666 5.65724216285697 4.23114376924295 3.83885757946876
  4667 6.03118971234032 4.24754532462930 4.10723147693352
  4668 6.09112742004365 3.76783171865131 4.83944040488956
  4670 3.69627914373924 5.71242835370131 1.64427151775113
  4671 3.83437844965627 5.88491107197201 1.69167359584443
  4672 4.02099915106457 0.20286762642875 1.54524607024862
  4673 3.88976866126567 0.47781245622752 1.27611634138809
  4674 1.90903333887788 5.09159668210575 3.30451665994198
  4677 0.98939265216873 1.58169549015083 4.58283370892452
  4679 2.09784161723823 3.36692491788056 0.84219292666255
  4680 2.43673469414881 3.58549431545174 0.80518436742628
  4683 6.27876613432902 1.09481055789198 1.76756300912390
  4684 6.65663499379900 1.28426217023504 1.92526052743353
  4687 0.44156601730774 1.87284771601995 1.58432621388158
  4689 5.50355193994072 0.79999242077225 0.38686652821086
  4690 5.20211019774133 2.54984292949926 1.95670483266881
  4691 5.59378668960151 2.18398846722012 1.88972957200009
  4692 2.80635400855070 4.28077053526447 3.82970094533566
  4693 2.85095641102551 3.85904693351782 3.61899353968964
  4701 2.36521125152863 1.21837080260710 6.04140967319594
  4703 6.73939258496826 3.57756409748978 4.02393023920603
  4704 6.82423814728274 3.78685791257145 3.85979906579913
  4710 6.59465053875006 5.73663871496617 0.33715810840964
  4712 2.57066336771266 0.24225014652400 6.97437236327735
  4713 2.32316548906787 0.52075354213919 6.83748754433537
  4716 2.17885495667673 0.45175811914766 3.76351539166165
  4722 2.16548665421653 4.92354616545506 4.62897938226501
  4723 2.14798151011191 4.58921634681608 4.59457323410549
  4727 0.00617707492289 0.20665683072978 1.37929629718217
  4728 0.30103748871411 0.43976856851257 1.10732071155783
  4733 5.85052514083291 3.86246518453332 6.20653741151625
  4734 5.96905689625236 3.78339433134813 6.21633750386793
  4736 2.11224371871435 3.46869046389385 6.60640586333675
  4737 2.10792433413361 3.68416044449568 6.53755645398424
  4738 2.03348762552159 3.09676782284451 0.39884914025986
  4739 2.40248486364769 3.24940613517910 0.15963063767728
  4740 1.78591321473419 0.02465195046367 3.47677176184981
  4746 3.66884567854242 3.16970577974511 2.92321730972408
  4748 4.06501932569059 2.95068298178396 2.17913890311598
  4749 4.16300662765763 3.11816184435526 2.60457072605670
  4754 0.11491484978166 2.86253952246876 2.75719068223368
  4755 0.21494917032136 3.02785160712924 3.08472568258957
  4758 2.16230083207887 3.08611298542909 1.30848842492491
  4759 2.12972884138677 2.66052602851882 1.28615696326248
  4762 3.36818578988199 2.98448990594348 2.68266857125053
  4763 3.26794453393940 2.70098299263678 3.08076564077412
  4764 6.90751193658222 5.75818962952838 3.79200479659047
  4765 6.70205222204723 6.33888064369468 3.73245828416190
  4767 3.40531354360246 6.10322835779171 5.78307496485837
  4768 3.31525162847100 6.47180119414414 6.04516820673903
  4769 6.15104092660325 3.61143677267815 4.65059331381030
  4770 6.55544394583547 3.58777427823771 4.87791624261974
  4773 5.32725286792625 4.50542431826126 3.96546935070723
  4778 5.35715409685991 5.52611237296348 2.67726119181245
  4779 2.43415735142633 5.18549706133686 6.95556231928296
  4780 2.23920673323884 4.87239544514146 6.74165023092820
  4781 1.81154505867364 2.90962994482522 2.36507959184997
  4785 0.02473768461676 2.83045386587504 6.52520762931796
  4786 0.02621944544834 2.69284873523960 6.37618156656889
  4789 2.26435048555596 6.69158725717727 5.76897244060651
  4791 3.82860887870402 5.82961214029483 4.56993596876483
  4792 3.47227491763065 6.24749713965399 4.77673867683082
  4794 4.74905771328824 4.38509368746467 2.94407828684069
  4796 3.48565523005141 3.24388306922268 6.78073084011975
  4797 3.37516926079853 3.07126172265489 6.87378667565990
  4801 0.27055050415287 6.91336612816847 5.39706286898610
  4805 5.83077141573873 0.21447550516050 5.16127126210068
  4811 4.53182816981406 4.24435491747516 3.87041329581454
  4813 0.32264922167066 2.44248594784350 1.45899713507888
  4814 0.30685626697164 2.09973614552038 1.70381213962733
  4815 0.64319646060203 4.92850594977139 5.61858468242834
  4816 0.50131019763619 5.14197674742928 5.33890181812181
  4818 0.33376744919312 0.74837964708031 1.88029186608111
  4819 6.98715779795980 0.25720028027552 1.62180587822102
  4820 5.20038942810263 4.62118626463720 4.56127991551744
  4821 5.43906113508858 4.72779929288219 4.31987463181623
  4822 5.72339604985348 2.97618613556597 1.60877345862547
  4823 5.80238341481531 2.97686067074488 1.21879561555347
  4825 3.13594515566822 6.31635713959574 4.89025660139731
  4828 5.32109268535593 0.47390560279633 5.54185735843894
  4830 2.01711716592471 5.28292457244597 3.40797978122835
  4834 0.10305399877160 6.16063977655764 2.14990396818487
  4835 0.52788432200005 5.93370911785802 2.01823362442751
  4836 1.14065763770698 1.19794177575229 4.76927364946529
  4837 1.39085920242200 0.95050816825840 4.46863929536789
  4840 5.38932702272674 6.76450288268301 2.80360298314587
  4841 0.62836688951517 0.53624492736619 2.31976880723759
  4842 0.59168760287163 0.05869167679832 2.41913167070649
  4843 0.53099385082400 5.21769918976032 4.72490156344171
  4848 2.77132340940064 5.95053794167289 6.94274739026312
  4849 3.20153099453150 5.94872885612124 0.00959267381935
  4850 3.17245916111000 6.68571409508653 1.16897914205333
  4853 6.37034601240862 6.21116930541979 3.45685438458170
  4856 6.01606101467995 6.14931255990786 0.19979822233824
  4858 5.00036492315258 0.96840250431707 3.15769817257845
  4859 4.94507707936928 0.87878332368941 2.74818184812370
  4860 5.86406006831796 0.73792183728076 2.99616981133419
  4862 5.47317183388181 0.88745565294448 3.36636599157640
  4863 2.83632363442913 4.04327069253986 2.76255357006452
  4864 2.65396482434365 4.03239779300494 3.09947486238942
  4868 3.54424964795129 5.71455425844208 3.23810896940489
  4869 3.67214977235910 5.85393616273124 3.61889269057947
  4873 2.31868099775978 0.76095193327729 3.15048322341064
  4874 2.29921020391674 0.44398432970133 2.68668287790350
  4876 0.22052473880573 3.15082564785682 2.37975790065225
  4882 0.32551637891811 0.50746120733687 4.23331163302072
  4886 0.19599396937994 3.91402546583532 3.97895667500313
  4888 2.05585198398127 0.70163721076321 3.32865041170706
  4890 4.92716744525719 5.56817824721498 2.48841375714785
  4891 0.54287572759611 2.31253189910896 1.10572994592278
  4892 0.61946835663613 2.01654728024503 1.14838252437720
  4893 2.14368681342912 1.79378430570958 5.90437367116552
  4894 2.07571282533076 1.48860401604498 6.12123906543565
  4895 4.59524296932410 0.70029278040221 3.25751597243075
  4896 4.47708023416480 0.61058707476023 3.00404748333338
  4898 0.25082400806540 4.48928911685254 6.21178052066167
  4903 0.37939653605841 5.28231388346910 5.56642101522811
  4904 0.49462066682250 5.10243792283011 5.79531295213371
  4905 0.92625760973311 3.87620386762507 0.36191979835832
  4906 1.40448125699800 3.75769755529698 0.37531509816962
  4909 4.64418677336581 5.23843384497982 6.03025050702719
  4910 0.69375182374173 2.55764281796375 4.71388016793807
  4912 4.88774815306762 6.13662969077009 4.89303028146302
  4915 2.59997636998624 4.33791783561416 3.10320365681150
  4916 2.78390604015454 4.37576776940935 2.76980528623339
  4917 1.55012114708745 5.84067813087533 1.46403252772666
  4919 1.71292170274321 5.56641670853150 1.86778197964984
  4920 5.77587955576014 0.01264718293884 5.05596322671941
  4922 2.51587100217946 5.45886730289832 4.25619103764971
  4925 1.32293347487449 2.63759676473528 5.99881242810609
  4926 1.07835388030435 2.87476463052914 5.87072220373111
  4928 0.09359400542656 6.20699870932195 6.19613282492561
  4930 5.41600904451400 6.33160643622927 6.06557909317972
  4933 4.35386794787687 5.65037617579245 5.56105498916753
  4934 4.73228712801146 5.49451739049917 5.82079422273675
  4938 6.05612802307900 3.93061883789247 6.23413449466054
  4939 5.91952620865237 3.99173618818732 6.22342895347555
  4940 6.70374908996977 2.76961100837568 2.86730826404824
  4941 6.83895913956020 2.96369715099043 3.23736751826905
  4943 3.08217532500361 5.76331932143260 5.21335389929690
  4945 3.25998839586025 6.89875572942374 1.36724628543974
  4946 3.58456225194864 6.79044854997667 1.62408989048223
  4947 0.15700327066039 4.78130787334499 6.22107898880183
  4948 6.75511217856971 4.80064058470878 6.16390598247252
  4951 0.49521157078523 4.92671980560798 4.07034873499703
  4953 5.49856697768459 1.19795519237070 3.49065205181532
  4955 6.88197800494027 5.73091106612019 4.55310850120021
  4956 6.91250518932193 5.56562537262045 4.06496033532217
  4957 6.09343661525361 6.06079584187933 6.75653882467993
  4958 6.19743787396156 6.51774598541987 6.58314649314270
  4962 3.36859550344260 4.68640193134271 0.34298252443841
  4965 0.34350890194573 5.55885895940469 4.48163508206326
  4966 0.29316129333828 5.46393669273941 4.12115687999806
  4968 6.06637010574516 1.46099426631005 2.39526779530271
  4976 4.74280078990581 0.24535110838306 3.60115109236448
  4977 5.76625348572606 6.88272167448402 3.35607914592531
  4978 5.80179458037191 6.88853259225449 2.96595536653076
  4979 3.79972774519110 6.25037266298450 1.42298842079529
  4980 3.54892219376131 6.16610628203076 1.17334719902973
  4989 4.75078449834558 4.66629856901433 3.39112712137364
  4990 4.44243600510245 4.99481102214840 3.36372913418498
  4999 5.00059379947835 6.02336314000493 6.30975726491736
  5000 5.37873957634293 6.04416993696062 6.15759106846166
  5005 2.42258028649138 0.47065196599488 4.10741555507437
  5006 2.30653239274289 1.17184243160877 4.49740752163292
  5007 2.68497884217617 0.73851630357248 4.27772422176407
  5008 1.34372027005046 5.86776886906611 3.74653720872403
  5009 1.51369476137613 6.14566348197874 3.44989229113547
  5010 3.65986235073429 4.64286575003795 3.79704171493797
  5011 3.74054371046678 4.29181896253797 3.93815163945589
  5018 0.63716603868407 6.33394135644571 4.74394067688111
  5019 0.07684949099591 6.44979500287508 4.92486306544521
  5021 2.36646742838886 5.16596695972679 3.69933850103288
  5022 2.26509827163273 5.29295420969162 4.18852711958609
  5023 0.76000670909240 3.58180177488930 5.23190296433043
  5029 1.20651274478895 1.02730950467622 5.73609145704073
  5041 1.06108753908535 4.79753025426634 4.32668957657295
  5042 0.62368936153734 4.85177734206130 4.39747779713386
  5046 0.86559488194950 5.19929029106086 3.13892630455814
  5047 0.55225345911332 4.74095318540184 3.00642576438133
  5048 6.07356646398133 6.64287712717693 0.30161771410093
  5049 6.16725580898257 6.79742554849379 0.10854856843968
  5055 2.91781431780388 4.65400049872115 0.59115989824472
  5056 3.27631914149464 4.52824678895936 0.42794118379939
  5058 5.34867801600846 2.41867942845845 6.70168010687116
  5059 0.34230804416427 6.53678912532723 5.28483458683299
  5060 0.73031949717719 6.45221537031530 5.09815746553287
  5065 2.70780247016452 2.28228303037533 1.16174030325873
  5066 3.04063035828441 2.67004195369299 1.20157697771188
  5067 1.38794482434537 6.04575031730771 4.14841574044677
  5070 4.71782509309504 0.32167693485746 4.24150663504709
  5071 4.50800244816675 0.29693133101808 3.93040008783060
  5075 0.93413677401026 6.64967304414755 1.60071382644553
  5077 3.17082693210929 4.96067663111009 0.38800106719534
  5078 2.89595441300082 4.85793425125158 0.55786423829932
  5084 4.42066773467616 6.01086046887189 5.05214868151318
  5085 4.43800444184118 5.65708985053373 5.14527060836088
  5088 1.05164820857991 6.31940877252022 1.36551988668329
  5089 1.51552483045501 6.49317830531058 1.31100767696866
  5091 6.99401506317596 6.95585464264706 4.28995983150824
  5093 1.55499321161068 5.85445466866438 4.35505003205771
  5094 1.91290875876853 6.11223560533685 4.45802720111433
  5105 3.64770088812891 3.04593522062212 3.18345795039303
  5106 3.37313431210580 2.75735203076859 3.23906203042193
  5107 1.12224449561764 3.27093414831600 5.19556841477434
  5108 1.38009162947210 3.53889848918238 4.87337174189088
  5112 2.42475799686779 2.53118736635148 1.41054425035908
  5113 2.68589640787937 2.85362137989992 1.47523429812062
  5124 0.13221495281892 1.40871819513808 5.75253733214337
  5125 0.40117280146158 1.34801131710325 6.01877788961418
  5131 0.99112831412304 3.24026458511598 0.79633165201117
  5136 6.76747718584799 6.18562348088638 6.15671878062759
  5137 6.62029407465607 6.52238443883051 6.23085159171252
  5138 0.93804704040230 2.78220433430801 0.64879786635620
  5139 0.93724668637013 2.56282079782817 1.03749566840891
  5142 2.96268637018059 0.47703591083681 4.60681563185083
  5143 0.13083443950772 1.20682610282310 5.71239223454638
  5144 0.39039340529852 1.12741343284287 5.95935934024444
  5148 3.34866525365039 5.22343050460940 5.00484711545655
  5149 3.43174357883567 5.08738582811651 5.21048731421735
  5150 4.36044865455799 6.06775003575806 3.70288236078541
  5151 4.41774988659045 5.99053756615567 3.86104291141083
  5153 5.17802076936364 4.38729282956861 2.81158245552662
  5154 5.31092576568995 4.02749461619400 2.80070719988704
  5155 3.98191505885761 5.32534043505080 5.70366793309401
  5156 4.15111169574395 5.09887362659994 5.97726765773971
  5157 4.13649403721469 4.45014073888574 4.08292762503537
  5158 4.03006803976957 4.80617045936579 3.92157886878255
  5162 5.96507521579533 1.41106110999768 5.51266450218660
  5163 6.21736258883705 1.38173640596863 5.76534238377516
  5168 5.35970166744146 2.69033147505780 6.42315177316644
  5169 5.14296547247372 2.88701647865397 6.55397246133045
  5170 4.91477343553370 0.15766741373268 5.40867446000983
  5173 6.05432183700128 1.40378870800376 5.91812617188046
  5174 5.82490333600803 1.42672341895149 5.70558534670971
  5175 1.23755051863691 1.22484771424781 5.85048955617580
  5176 1.42576995461542 1.15141378333477 6.05159067221439
  5182 3.12915923323475 5.78038362656650 5.67300599113104
  5183 3.29404380960445 5.47963248093024 5.79386457351838
  5184 1.32657207179596 0.87052542514715 5.80559523880627
  5185 1.44957578156768 0.91626625488650 5.99271641893473
  5186 6.99364373270950 0.33904855703503 4.35351116684875
  5187 6.98592257660860 0.43824167992391 4.87810658693061
  5190 1.69258536163537 1.33959594523141 3.86603264025878
  5191 6.85196296163449 4.09840553058177 6.10729817685433
  5192 6.61389658646840 4.19435369013526 6.09233592165408
  5193 3.56758419790717 0.71017998127126 4.83539629898735
  5194 3.35488568877272 0.53883623750101 4.49710454407564
  5195 1.34944734363411 1.81545861909088 3.98663559379049
  5196 1.75206694173728 1.53508794770273 3.85195300841296
  5204 1.24197235770877 6.11775966872746 2.62809151861653
  5207 6.78130056983187 2.72005749915421 5.80610250687466
  5208 6.88139512895114 2.53539369818248 5.51153942701186
  5213 6.77635455675082 4.87196019302265 1.97888889345000
  5220 2.09037522298703 2.72229455003262 2.48060466088871
  5222 2.15534637954531 2.38207318790572 2.96339181671455
  5223 2.10330745615604 2.37881837049743 2.19180169819747
  5224 2.14739330146436 2.05219804973550 2.48791935142898
  5225 0.17240999679373 6.44837879534181 6.27200347975076
  5226 6.89502765137556 6.67742127978816 6.30245410353748
  5232 6.88844961705156 6.65648581580446 4.82452877238365
  5233 6.90441585138884 0.04020366120291 5.13108494844022
  5237 6.69418065680978 2.74653318033221 5.33983926552859
  5238 6.62337031339033 2.90854587084863 5.61605744008670
  5242 1.98213240011037 5.69502970781619 2.01870671872503
  5246 3.15064392089670 1.59736406568752 4.09186111244720
  5249 6.71005275773006 3.08705510721831 0.94069332862966
  5250 1.89535308974140 6.26613309073425 4.36938900960700
  5251 1.53653607777088 6.28266554640945 4.12860301286181
  5252 1.54495525199920 1.06473360244929 2.05348453576675
  5254 1.55180301879681 1.50290040903875 2.51083690750911
  5255 2.44950101740712 1.80499392273000 3.63343572704934
  5256 2.85538784808160 1.51266434323071 3.51352119769405
  5260 3.70956070235350 2.05661677868473 2.21445847573957
  5263 4.87322237760983 5.14191474546296 4.73151654283220
  5266 1.20272281865777 1.62818810262898 4.03089794402136
  5267 1.40891758729439 1.30439394041856 3.94781783809311
  5268 1.10358375566851 5.78246777984388 2.49294492776378
  5269 0.70489029953194 5.72676718042292 2.85787743009171
  5275 5.25498663636570 5.65313518281992 4.76213907776449
  5276 5.08704001073283 5.28930927465503 4.50383858401001
  5277 5.17386035999542 6.83290129897104 5.11994171852972
  5278 5.11257199633493 6.54826501947484 5.27657147509648
  5280 3.37241668669082 6.14426877056941 3.01257726797109
  5281 2.43635157366235 5.48454077494499 1.94811085807350
  5283 5.90926837778003 1.17016856853774 5.16048383804966
  5284 6.26552170658214 0.75703814751802 4.99463098868061
  5286 4.77659336455835 6.65964975835184 5.60502067204940
  5287 4.72385908596799 6.94555156120581 5.63412306788758
  5288 4.06039786962147 1.82440345895203 2.47916367660274
  5289 4.31428901857028 1.90310628217795 2.37385772853541
  5297 3.21614321305043 2.35039722253216 4.18074023879746
  5298 3.03153090016282 1.74176791363947 4.22709445416443
  5301 5.69573358283879 2.20495052155078 3.22196710409066
  5303 6.58163110943181 2.44830549050296 2.86163268706309
  5305 4.21041901864321 5.73208552326243 3.79411804623798
  5306 4.16943332197993 5.79005327848470 3.67064845997260
  5307 4.03225196998065 4.99262743944954 1.66386256227827
  5308 4.38276324201153 4.89319384365261 1.80184064600596
  5310 0.20648168196157 2.45522110526939 3.91620468654947
  5313 1.31356632667961 1.31130990640141 1.69490033532390
  5315 0.65739512704872 2.65905209760543 3.74314695243239
  5316 0.72339513042877 2.85443026975072 4.07354953374490
  5317 4.80148244150526 2.28862950265889 3.69949579718618
  5319 4.96497870402389 5.43296009975870 5.01972695234772
  5320 5.20434020380814 5.67281789285384 4.88941864970896
  5321 5.87290684782880 0.50737692903609 4.94833682728844
  5322 5.58179806560894 0.86757950471933 5.09357941035804
  5327 6.21023107302627 0.73270010750397 6.30508849929263
  5329 4.26060049172606 2.17037293960586 2.06466990502852
  5330 3.87612502976898 2.24024517972732 2.01132624130999
  5336 6.48451649357796 1.94417937128870 4.66331385491135
  5338 6.82260426590017 1.70132847343261 4.59510568288389
  5339 2.96715864626662 1.50734679564248 4.00478555725183
  5341 6.18101758106616 3.63239346245003 1.39190536814349
  5342 6.11693828014676 3.33152210055111 1.05857391232250
  5355 1.43239582614782 2.92842389554418 2.58114454061533
  5356 1.36381967268552 2.74612554357465 3.10184936898474
  5366 0.45892984086760 0.86630830961662 1.68580461234058
  5367 0.45461902259967 0.69913651640979 1.21051313930979
  5368 6.24855525764537 1.67146100182183 4.55172755327632
  5369 6.48175947239026 1.42441006821222 4.48025530057235
  5370 0.88338337029037 0.82683968714159 1.64126372006598
  5371 0.81816842023292 0.66670364285281 1.23489709280907
  5373 3.57319518504342 2.61474653967697 0.49481988947775
  5374 3.21373369466758 2.76255326571081 0.63114262715602
  5375 4.35470156845370 4.57498689149446 1.70937778779391
  5376 4.03691443862458 4.61310110054382 1.58073182210743
  5378 1.30374535769313 5.20325262723964 3.65354065460304
  5379 1.08252866109271 4.83320526092884 3.90753163812089
  5380 3.04271003435353 3.05052800489851 2.19730094761845
  5381 3.06079192526581 3.09928168087466 2.11381545307770
  5385 2.47231334973215 4.16612067126035 6.80856434953746
  5388 5.53631505068091 0.58637308195105 3.64497254256866
  5391 0.46378052474901 4.61799122054963 3.13930487592515
  5392 0.56825584181852 4.61010099997902 3.57157672665847
  5394 6.33129090132007 5.95893254558870 2.94189417270206
  5399 2.57357942273755 6.25780904573293 6.05830593593854
  5406 3.24412366070846 2.87008922187909 0.86472549845319
  5412 0.92546755084567 5.24898384504336 3.51977146611575
  5413 0.78051755363845 4.88934823270059 3.79012865843199
  5414 2.35492972083296 5.92961509180550 6.33578866724502
  5415 2.41612432548738 6.17471604886143 6.33590595692901
  5416 1.64763204931043 1.89006953679749 5.49790815630082
  5417 1.36945182845127 1.68396563919761 5.48157195418312
  5421 5.05085437508124 0.24795586675976 4.16435857995160
  5422 5.09262052438291 0.20797429129687 3.75011504943194
  5431 6.80812233195982 5.44899135353350 2.95740525044226
  5432 6.60894133481338 5.73580996153327 2.72716700424148
  5435 5.09517460449966 1.07768113205705 0.77636682594248
  5437 5.29828056119369 0.78224065369455 0.67801443947454
  5438 1.23927720674172 3.26639332048065 3.10332518571411
  5439 1.29691664013367 3.33155743579343 2.70603809001318
  5440 5.20266065917539 1.06956287354756 1.05478257772419
  5441 5.40376343318428 0.77195587236424 0.93392935926877
  5442 1.69840666249502 1.86449230899791 5.22107574265210
  5443 1.41455819541903 1.65151931727944 5.21561832288680
  5444 0.80112102912640 6.10194694872924 3.15547374913396
  5445 1.05357802180674 6.24869080095416 3.07613803328696
  5446 2.54395854252076 4.37924937483314 0.41442397293704
  5447 2.68947214691518 4.10008496127344 0.14519665039022
  5450 6.89439627396554 0.37622345019042 0.06572860660588
  5451 0.70044466139637 4.25081808679062 3.40968332792628
  5452 0.55330131913389 4.40199874558748 3.07011143092698
  5453 5.23410786294431 2.41985077557057 4.18061825924882
  5454 5.67875696789931 2.48316711687346 3.94488756500978
  5457 6.53292306846114 0.17662803245649 5.74631104146791
  5458 6.96354845654965 0.01805032410891 6.05536719175127
  5459 6.01293342171333 1.48691755913500 3.91488298460353
  5464 5.45734773174322 2.54130792139413 3.58070132156129
  5465 5.03011342463909 2.50513972680798 3.76885664537898
  5469 6.43405125865998 0.81331575209698 6.80688448910725
  5470 6.90394937498376 0.67383165125518 6.70473477615272
  5471 6.42854252636986 1.25109960768099 4.11835432651649
  5472 6.73035512229780 1.27958316054559 3.82520161766583
  5476 4.80596907168417 4.15473917287251 4.12952383877631
  5477 4.76941730534525 4.18491379875579 4.28434303286020
  5485 1.50212190029416 0.37537868815052 3.09036310067185
  5491 4.64289957502449 2.28161839906078 1.12376028387665
  5496 5.76582834751316 4.55369332073884 2.04035365901679
  5497 6.30866501629802 0.58957956179712 0.12743896800422
  5498 6.52768149307256 0.40964475380140 0.27274124123934
  5506 1.71371259398478 4.91884315245258 1.24252437751473
  5507 2.62297409158350 5.85984051274884 5.82232181128715
  5508 2.50287597317004 5.70550659279700 5.96867673778471
  5519 6.58419372897566 0.63841331843040 6.01070152550161
  5520 6.95427107182755 0.55940957676326 6.28586731235987
  5526 4.53359495129298 1.80697972430097 0.37693677336003
  5527 4.86488052543295 2.17471018086144 0.85084401938788
  5530 5.23149068112031 2.86368855654653 2.56719205751942
  5536 2.12404008357287 6.15897262352782 1.01076144481589
  5537 1.79732471715712 6.13095736838623 1.40345275286102
  5545 6.29294739569739 4.55295559058512 2.24170823046269
  5546 1.68292466783004 4.63287182190129 0.50082062184996
  5547 1.82883420749094 5.08442082659340 0.77205781462484
  5553 1.93040446528410 0.18341694775339 2.74308799137642
  5554 1.75898279820787 0.31779496764319 3.12866961066085
  5590 4.76601282506427 3.42302744300224 2.71991088403326
  5591 4.83651406232953 3.05391152421195 2.84431049912610
  5592 2.13320187003593 6.11812664402258 1.83410497232149
  5622 0.97717255876917 6.93435369176095 2.48586281183201
  5627 1.42405248651287 6.91369778808508 2.17917123563749
  5628 1.09942367844564 6.72062077913865 2.29040409818151
  5630 6.44230327115850 3.74669101876945 5.03579164311814
  5631 6.60932149100188 4.25702411931328 5.15356277938245
  5636 5.66107417576752 5.05550905057159 2.49346978817658
  5638 5.51351629881857 4.89630359260375 2.28169875260809
  5640 5.56946051844045 5.31130913963825 2.39964811045567
  5646 5.86238924505753 4.56974013841980 1.51272199207170
  5650 6.53664831557240 1.54686627784720 2.32022673473784
  5651 6.62967801528919 1.92980375421930 2.27351993869127
  5661 6.88830717665318 2.05989524275217 2.63342290327745
  5662 4.75783441364654 1.53946231624327 3.52762917964607
  5667 0.01328370927934 2.60853926193803 4.19641143625718
  5668 0.21462444209263 2.84750864443179 4.36074129412731
  5670 0.37935303045701 2.71226653575873 4.30320230397203
  5671 0.17275136370801 2.50447451256241 4.15938866973772
  5672 6.07379782020721 4.04554258748490 1.20723759726940
  5673 5.74105742686600 4.28155227309187 1.38983651867060
  5674 4.79895886542496 1.86714851882648 3.33041419676424
  5676 6.50763900062688 3.57412526797406 5.53905260847541
  5677 6.67616937133702 4.01572104268319 5.75990476011909
  5679 5.05096016579020 1.38228823222586 3.32633093720695
  5680 5.23121720111569 3.91260510878069 5.38882586701582
  5681 4.88091056763106 3.89927750502054 5.57487825363240
  5683 5.00449472094152 3.72067198133912 5.74238376418810
  5684 5.31498496925898 3.73376679302221 5.57152261345005
  5691 6.74485652702615 3.66447186807188 1.60705416218439
  5692 0.03754335758662 3.36276411112882 1.36266990539805
  5700 0.14305538763268 3.01715064209090 1.62972720095287
  5703 0.86255884200003 3.95599656906077 5.01265008304171
  5704 1.16447508489728 3.96712508279860 4.84599862343952
  5706 1.09005607175986 4.03244497100552 4.61309552723349
  5707 0.70485440340036 4.06077751988393 4.70166398684304
  5708 1.98508469999961 0.98502771835015 4.30638478437296
  5710 2.15031899377217 0.55691547761020 4.11131982531507
  5713 1.68280463194766 0.85672087504195 4.57073742483550
  5714 1.67751706807271 0.40411774978126 4.51532260759718
  5717 1.64439918001700 5.40435116510012 0.72659948578448
  5720 6.60813581882501 4.58214689469225 1.91969925252742
  5723 3.97577576636958 1.66708147686151 0.74126307005467
  5724 0.92495779971338 5.53982290001690 1.00606795274999
  5725 1.46272233336282 5.44157425101811 1.10497612786145
  5726 6.53459455950637 4.30929487652457 1.29977891276612
  5727 6.44536260478738 4.58620541735147 1.47832030577139
  5731 4.14782126378944 2.13224914912348 1.07275702293529
  5732 4.05136545819476 1.85244060776017 0.68468654727807
  5733 1.68463643721413 4.29575208684083 0.61610872545824
  5736 1.58655383756453 4.41285239344397 0.66447351284557
  5737 1.56556902568778 4.45798252986857 1.06073869001653
  5738 4.07563348801211 1.97192595039488 1.32000081850610
  5739 3.95646940340192 1.62816827747519 1.17354300764819
  5743 6.86919669387330 3.96263722299191 1.58120732073228
  5744 6.92258903696464 4.13425491091481 1.95324102532053
  5745 1.73093448243102 4.25499090336207 1.17085121397037
  5746 1.85477008629092 4.10895602331853 0.89178907626971
  5747 6.54800135828012 2.19369324803643 3.37618664461444
  5748 6.08186354731036 2.05315538838726 3.53425369371031
  5751 5.56832990861443 1.48137621248175 2.00814327450012
  5752 5.03084478045228 1.32174070436484 1.67639556916181
  5753 5.25745565800107 1.26443434985352 2.04308982156539
  5755 1.35196925611804 4.38185517679755 2.63741895334246
  5757 0.33710322110434 4.70214443111202 6.77455507224334
  5758 0.75413130092515 4.83177664331909 0.03182666159617
  5760 3.46589123113373 0.51147783816774 5.53945618597723
  5762 6.21896525091268 1.97692225365258 1.05499931722378
  5763 6.36682981761725 2.28141418542609 1.23910062385968
  5765 5.53677861621331 1.89563618164125 3.06827421265042
  5767 5.07203837108357 1.73884120828403 3.12530314955743
  5768 0.67785237536291 4.48357648444378 2.88564675304630
  5769 0.64533591472321 4.24117472066322 2.34424441859325
  5770 6.05605931090210 2.36922977802963 1.29983732370667
  5771 5.95586836676654 2.05245196312865 1.11061532460679
  5772 1.40336631392845 3.93925862307514 2.36394450992053
  5774 0.99269877233409 3.85800843348037 2.20368123987183
  5775 1.33699122709282 4.34352803544541 2.51110588108543
  5776 0.77043135659436 4.22525398781947 2.27413901064314
  5781 6.77207864426177 4.72085560752325 0.37700925485977
  5785 5.50481003572272 1.97302998305542 2.61978272515809
  5786 5.01660152128893 1.79544714573239 2.72494556266771
  5787 6.83865194986447 4.41285546540475 0.89938298448191
  5788 6.66417088163739 4.32442147107254 0.47466538220660
  5789 3.31863899630435 0.74895047164580 5.18593401701387
  5790 2.92603183896958 0.60601862348277 5.07091117582102
  5791 4.49899522042335 3.28729203629882 1.45650410408707
  5796 1.21648888652197 3.66766122841948 4.21592589376243
  5797 1.30645748904297 3.82730770857236 3.58686394226557
  5798 1.46268128466939 3.82093810184754 3.94462850901342
  5799 4.80144195071969 2.85184811212718 1.43928933602815
  5800 4.70153984251249 2.60485388521866 1.07540251569659
  5804 0.83291598534080 3.63350365258507 3.61156956416277
  5805 0.79409670082860 3.52179400085380 3.98703449404133
  5810 6.09947131228451 1.62490198106688 3.55760461636612
  5813 6.46704727220915 4.74965487356005 3.03246136753735
  5814 6.09409167800604 1.22022656152463 2.98515542967008
  5815 5.84003943731796 1.47503096341555 3.29405938516197
  5816 6.79315479504042 5.15924615733712 2.86045686621302
  5817 6.65698491662053 4.88709135408704 3.11100849988694
  5820 3.94273523285880 3.33276098896134 1.22903998994995
  5821 4.26902902281889 2.98161666522132 0.89909263948800
  5822 4.24407389177084 3.31139669000743 1.11865293890705
  5823 6.48735376135960 5.10059495345937 2.45162348228399
  5824 6.29168139300024 4.90251676247349 2.52268764074403
  5827 4.68153760935866 1.26134183928758 5.92396939382605
  5828 5.07162465480758 2.67617662011949 6.89622060980899
  5830 5.11440410079830 2.82012318626425 0.18325916678481
  5831 4.82222717742767 2.59557529274903 0.00664775541228
  5832 4.89795608675214 2.74846349964368 0.26550358206398
  5833 3.84088021907567 2.71145662472127 0.91517246974489
  5834 3.66022831739809 2.83172414555671 1.06722214161352
  5836 4.46574035437280 1.14458855786526 5.71148126985518
  5839 6.77963782301486 1.80680824745676 3.35298903339567
  5840 3.34598419134520 1.42889222985737 6.53379504043928
  5843 3.31297626409730 1.97444756644819 6.64524066540256
  5844 3.46797487115248 1.75696824076509 6.43822004147462
  5845 4.59016869906133 1.69817370444809 6.01437065049383
  5848 1.31128485628178 2.36489125726280 3.32203001865965
  5849 1.71822248058096 1.93031079434012 3.18949593673487
  5852 4.62879864507715 1.53675608773649 5.85679585948307
  5853 6.50225694040115 1.22765326654759 3.08571793227279
  5854 6.54055264049860 1.49045722879577 3.44593593358190
  5855 6.77684984468550 1.40952516198848 2.69226774480368
  5856 6.96590185857538 1.75596026495321 2.86037166124968
  5862 2.06984424228905 2.35834648542274 3.09701433959426
  5863 1.53613561271721 2.62182103357437 3.26213341997479
  5864 6.13349926588164 0.50907953572648 4.20313746006758
  5866 5.80776132255943 0.37690314700226 4.61468227752744
  5868 1.15361014225736 0.54702788849442 2.34127284249949
  5870 3.04635664969662 1.50027525875310 6.90500832882447
  5871 3.03569533928943 1.72590736527922 6.95073049234802
  5875 1.26387413363618 0.59476619759161 2.12747032547124
  5876 1.47788890276894 0.30850577915721 2.13116139787362
  5877 5.61878245290523 0.73067029215660 3.94717539190721
  5878 5.37771977820667 0.60830812432212 4.27440637250396
  5879 6.47983229606347 3.02577756564382 2.24060371890240
  5881 6.27293739796474 3.35315860463524 2.16881854763205
  5884 4.47272349367212 1.43257980061558 5.19148364459788
  5885 6.13415369482088 0.44734682187547 1.90898716437626
  5886 6.37838514459809 0.29281073913643 2.07406249177141
  5890 6.30955963412584 0.59306830516215 1.74941694996559
  5891 6.55419072705571 0.49260592781427 1.87116778283269
  5892 1.28496237304374 0.26388248707542 2.44771682477038
  5893 1.45642179212856 0.19381865985098 2.30675962673034
  5894 3.75420928467307 1.63067967959183 5.18995032543638
  5895 4.13685818743267 1.55113537922311 4.96699467096723
  5896 3.78840066822254 1.54133066435729 5.57470403470929
  5897 4.39347900991515 1.36349932359754 5.62693638850813
  5898 6.86740965022335 3.21698199698891 2.11229807315049
  5899 6.70281489939445 3.53784767566552 2.04787267158819
  5901 5.28998319878245 2.57394622612201 6.07566996195470
  5931 5.26828522716762 2.14524954292458 6.07065884060948
  5932 4.84893760997902 1.95067045536028 5.84890291052085
  5940 2.97156868604578 6.16156768377702 2.34208243205992
  5943 2.56066312116714 6.55484864309858 2.64801570330394
  5944 2.73440068801434 6.43870323541876 2.26272712652332
  5948 6.58311957081529 0.52178381026716 3.17627753208064
  5949 6.71184476752593 0.72942152940575 3.18272689922303
  5953 6.72658508282017 0.41181780326317 2.97541982824459
  5954 6.88330407220383 0.63974211104495 2.96862579116165
  5956 0.93644480612653 1.92507998142574 2.26037965180092
  5957 0.75357650274494 1.70030876903370 1.85285940280358
  5959 4.91411973409443 3.02937239311957 5.62590491932453
  5960 4.52012954148751 2.73562299464318 5.25595791658658
  5963 4.02864426292997 0.72191943065189 5.91778112471052
  5964 4.90628211000805 2.77344583014384 5.94370469466905
  5965 4.61127904000382 2.45546705250868 5.77772275367388
  5966 4.22887597103252 0.12303087154890 6.14333884235835
  5967 4.07907512302138 0.34360098322427 5.73179799857124
  5968 1.27625435141028 1.85054406685767 2.09730646248166
  5969 1.19509277362179 1.66467221329749 1.76764220479380
  5971 4.41794195574406 3.80303747040899 3.60264968171551
  5973 0.81694861586205 3.36651397428550 1.44765702797669
  5975 0.74303416790483 3.01285890225532 1.66557781109458
  5976 4.56797203345292 3.85091611409006 3.04232351658569
  5977 4.83279170636226 3.63473134653311 2.96389651946299
  5978 4.93924088392554 6.38591097653174 0.00439297744342
  5980 4.88791526346673 6.08826768759895 6.59774749818168
  5981 1.03011813860460 3.23084294618725 1.27965801131608
  5982 1.01593969913140 2.94041243725527 1.40426465335704
  5983 4.59584237082970 3.20468030334159 3.92355649346564
  5986 4.71287540388749 3.46569640191336 3.79475589192415
  5987 5.00185797194202 3.34579781946445 3.40680237525742
  5988 4.50805372666082 6.35280157368292 0.08598949244073
  5989 4.41919109984713 6.14703552686182 6.81946471892226
  5990 5.00114545949242 3.07216938538319 3.33704830939592
  5991 4.76766752584132 2.82859066897870 3.63839243992099
  5997 0.08516343568288 3.60086689668054 4.58886965317360
  5999 0.33151338244840 3.89912862583293 4.48994152553108
  6000 0.11789751042341 3.53464772620799 4.31083373224007
  6001 0.31056580670905 3.74489137976727 4.21602304315519
  6025 3.57293962613587 3.54247698128212 3.39504713249795
  6026 3.24035062418251 3.63734287726167 3.67539568836325
  6030 3.76110200639670 3.66407194447867 3.62548310635090
  6031 3.55276038405223 3.74030172556382 3.86151385625661
  6033 5.49019161029921 3.80312300888593 2.09873812608474
  6034 5.71956768376343 3.48087909741201 2.06787478280198
  6035 5.23794620179625 3.55512549111387 2.10220244187130
  6036 5.40825704647382 3.31414444824110 2.07602246954013
  6050 3.35567584919768 0.52576300335999 3.34576499340200
  6052 3.30439679406723 0.29219532804188 3.23342808859670
  6053 2.91362350445212 0.11828068049514 5.87436944303654
  6058 3.11630032470875 0.15173783939278 5.61030641155861
  6059 2.79229697999546 0.20532453394728 5.30263737294503
  6062 2.51140698385644 1.30998375586276 2.29830465180314
  6064 2.57883858974296 1.76795877114133 2.28457001609204
  6065 2.83053073682050 1.37755453042193 2.43935252999200
  6066 2.81507822734994 1.73995532516891 2.39300800670224
  6073 5.39207131417539 1.59115834582135 1.30973667206614
  6074 5.58656372953779 1.63571338665283 1.40015949164619
  6075 5.29521422480591 1.63875670998055 1.48684038922266
  6076 5.48159451121909 1.68252910595431 1.58698749288332
  6077 4.57490266196818 6.28842994092302 6.05809212784788
  6078 4.80179237414654 6.63222246930376 5.86354830179749
  6080 5.15832332817216 6.45809269082345 6.15407332160477
  6081 4.94518500128247 6.13810793553511 6.32167084601046
  6082 4.39243337690828 0.88819038542201 6.56601974343948
  6083 4.60472345925405 0.52772336562819 6.67923703900330
  6085 4.21602318399522 0.31633492091084 6.40913162361617
  6086 4.08335524373418 0.66192134250855 6.34398859016392
  6097 2.79668101900564 5.82763818396395 1.41937379622911
  6098 2.64335875103031 5.79227584278640 1.82941098442935
  6100 2.41817921073950 6.12575149551336 1.77982243338563
  6101 2.55722763133133 6.14671772174567 1.41426587614309
  6102 5.44615857545614 1.40970434102447 0.25165918571846
  6104 5.56267510047922 1.15574786740477 0.17717940397323
  6110 5.37316862892510 1.46419880134569 6.94089910249664
  6111 5.47139368730527 1.23232735100885 6.87583178655814
  6113 2.23644031951149 0.72784980848798 5.45932045758882
  6115 2.15715379228117 0.83491724326845 5.90284762214693
  6116 2.26152067288634 0.58696407113644 6.08384120835399
  6117 2.51530117849087 0.20425363928862 5.44412466975465
  6118 2.52723499123024 0.14354361737770 5.72348615916932
  6121 2.68747974592379 1.48930852649090 5.70565510992566
  6122 2.63520091626548 1.65097523932348 5.11452048195607
  6123 2.74582450772561 1.36826479939082 5.34418365858874
  6124 4.20347161581506 2.40078840586931 6.00609217705974
  6126 3.70425252295216 2.43929079457604 5.69626930160440
  6129 2.80647626866966 2.27617799012479 5.86994663504612
  6130 4.12453899223548 1.96659219245299 6.11626579923930
  6131 3.74131023874042 1.90796306203991 5.88538658246336
  6132 2.53777378335412 1.82367709350018 5.22957365125355
  6133 2.55413518649719 1.77148926918221 5.66890783401218
  6140 2.81827448561438 1.65189964868745 4.14192924575489
  6141 2.50577568870484 1.86755914266757 3.98349903595531
  6142 2.39566105388579 1.51201396608184 4.44048923052048
  6143 2.21732866166097 1.74294981357127 4.21385875720867
  6149 4.98906600216370 6.28747593934385 3.27539511769368
  6152 5.30488034063973 6.75010426355805 3.51307540420978
  6153 5.09371564181250 6.65949666438155 3.25727565268693
  6154 5.98317935397557 5.74770992631456 3.56461107781248
  6157 6.30783860488601 5.87590328450910 3.37712402205263
  6158 6.56807814228591 5.59147696043937 3.47407166512827
  6161 6.60395000495195 4.87151272812172 1.33854944271997
  6166 6.42451383585929 5.18828769513498 1.20014042563863
  6171 0.63987180065328 5.45583457761217 0.50470542090466
  6172 0.94962271728138 5.42430388001690 0.17969829573279
  6173 6.59705814972532 5.25942203475849 0.67748011221233
  6174 6.49324631913210 5.28211985855240 0.58029062422859
  6175 0.85759514556119 5.62567336752615 0.75105478571702
  6176 1.17579719420570 5.57513499631779 0.40404022995159
  6177 5.88613610266636 5.68011345623477 0.74610127628991
  6180 6.08343650657384 5.22394919026425 1.16626851710660
  6181 6.05583709172604 5.30207313819468 0.77709427563206
  6182 5.73403229853238 5.84995657959498 1.35566956252202
  6183 5.82877929869936 5.64473404939219 1.51847181828619
  6184 5.43908821594201 5.27523739707009 1.75378756544956
  6186 5.40320580693326 5.18753821490659 2.16949289222320
  6187 4.96550374758488 5.38448945136383 1.73071022064659
  6188 4.98069301496900 5.29266978717830 2.12963249442686
  6189 6.35279838786328 6.50312744986140 0.90282012316149
  6190 6.23261512433540 6.75466218673744 0.82322293233077
  6192 6.26158807088310 6.67338974614339 0.47166393717946
  6193 6.40340154575875 6.39988595833016 0.62306721313465
  6194 0.44639159485190 4.93768376286756 0.54237277480154
  6196 0.47140811864547 4.71477582845958 0.91107715239459
  6197 6.87258277957177 4.83690379419062 0.58846020564735
  6198 6.90821216794307 4.64542574345121 0.89858760782411
  6399 2.96578290855347 2.64416025067244 5.27559453012311
  6400 2.86410562976249 2.60520530232997 5.32295559144551
  6402 2.84026106792556 2.55580812397546 5.22844500848388
  6403 2.93805756922776 2.59438046690386 5.18019610738784
  6405 4.85432968432935 5.90661232539433 3.94434682563835
  6407 5.17556447711486 6.09243740013256 3.61735437094736
  6408 5.39116288123545 6.33803566124558 3.79864145057904
  6409 6.54329968894904 5.25287241410290 3.92689452803013
  6411 6.18698460399648 5.31901275599561 4.27267697906050
  6412 6.41013086149930 5.33635832882810 3.62738761968057
  6413 6.04563657814356 5.46864527393525 3.68729184374767
  6450 4.87933660888448 6.28792020158822 4.54998454798508
  6452 5.05396568516918 6.12717964808749 4.37995104906489
  6453 5.34214103763024 6.36452373687899 4.22625097845269
  6454 5.03739428177794 6.78179586770782 4.59246432989630
  6455 5.19723677725434 6.82446185608464 4.47051292734621
  6466 4.69373917047993 6.89824988033435 3.27059475101129
  6468 4.52133384532307 0.17277156063832 2.90678149458938
  6469 4.48038543155707 6.66513044492801 3.27223845673201
  6470 4.21329431145158 6.86206635628542 2.85671646901107
  6472 3.64367358819056 2.45233009065491 3.37856333597236
  6474 3.59458920933142 2.23829280369132 3.88575106539974
  6475 3.55333983511691 1.80362386323930 3.81311807248269
  6476 4.18865296027729 1.22536275241885 3.91531031689219
  6478 4.15766452378346 0.83033940284401 3.74913146652682
  6479 4.26155852582310 1.25854275647460 3.55214221297640
  6480 4.23719631076958 0.92826110321757 3.45565512642778
  6481 3.91298613862591 1.52563366083295 3.21079519972396
  6482 4.03171675212058 1.91511738914683 2.95668307599230
  6484 3.61160983927366 2.15230623741560 3.17620076351479
  6485 3.53779625974099 1.78226533345002 3.38915042072173
  6486 3.40161495520948 0.89509334205879 2.33024377297425
  6488 3.33350233533680 0.37703027021286 2.43493720126993
  6490 3.47949609387611 0.36474840748063 2.98202041306187
  6491 3.54519056054423 0.63371947720193 3.09923107171959
  6492 3.50061808463818 0.95169319395077 2.91719092439544
  6494 3.85296155237510 1.10227060490689 2.95704141514588
  6495 4.01873853827077 0.84783454554583 3.13760763132289
  6501 1.84988758906718 4.50895028059756 0.38638870349242
  6502 1.91069625324710 4.46900001173068 6.98900075585994
  6504 2.20537900648905 4.54837142606878 6.98780731183929
  6505 2.27027216640195 4.59841383132133 0.26099224724564
  6506 1.65957171428754 6.91369092231965 1.72831081809639
  6507 1.45839022350091 0.00412364603688 1.90534265573945
  6514 1.29230481775511 6.93460432097488 1.62064467781482
  6515 1.50435922748409 6.86580615204060 1.51562253176970
  6516 2.72262954114643 5.50659478336405 3.95720505720753
  6518 2.63676893706759 5.35552691322398 3.64610464269851
  6519 3.15329111666681 5.32910836528084 3.83638572082023
  6520 3.03720315783226 5.20645302218678 3.56195313472800
  6531 3.26221988967586 6.35445608293042 4.63014014799787
  6532 3.12826362209214 6.21136703745681 4.18254493187039
  6534 3.10850913843337 6.50797404855376 4.06264672280122
  6535 3.21444061663058 6.71366175657852 4.39098377089011
  6556 1.69799561689870 0.06924740475556 4.80322142139151
  6557 1.92162533141710 6.88236519870701 4.80194944939443
  6559 1.94049179167712 6.88669068175450 5.01134334164154
  6560 1.72197759163150 0.07651059143969 5.00818870707325
  6563 2.42176951306892 6.13069523141749 3.24757691809503
  6564 2.79459763136522 5.60144363616370 2.98102938896341
  6565 2.48521545785382 5.64124723016010 3.22323515039924
  6566 2.93996649564370 6.08553362568521 2.86886885297101
  6567 2.73355437204299 6.30754839798478 2.99593354894709
  6573 4.02236117698206 5.95703552435848 2.35467541957502
  6574 3.76340583933721 5.88191847971926 1.88768222023074
  6576 3.51665877280838 6.29964690225848 2.20979940613414
  6577 3.70893962034640 6.29208737034795 2.46380699082085
  6668 0.60854446802938 0.68875877658170 4.73174938932809
  6669 0.49485261293367 0.64666795857548 4.95526268634932
  6681 0.52267001770511 0.84303963259582 5.03606546236019
  6682 0.65400578237335 0.94491747125226 4.82217050011701
edges 4074
5      8      5
6      5     17
12      9      8
50     31     33
94     64     77
95     77     55
102     55     52
115     71     74
126    103    102
148     87     85
150     85     91
173    124    125
204    131    127
210    127    125
217    142    141
218    141    158
221    152    145
222    145    148
223    148    142
231    151    146
233    147    158
234    141    150
236    148    143
237    143    150
238    145    146
239    151    143
241    161    138
242    138    152
245    138    163
251    162    163
261    171    185
264    173    179
265    179    171
268    181    180
269    180    173
271    175    190
272    190    191
273    191    181
274    179    174
284    174    177
290    180    177
294    197    194
295    194    190
346    229    232
379    241    240
380    240    238
382    238    243
440    284    285
465    297    299
466    299    295
467    295    298
472    299    304
473    304    308
474    308    312
475    312    298
484    306    297
485    306    300
486    300    304
504    322    320
505    320    324
508    322    332
509    332    330
510    330    324
511    321    330
563    378    365
570    375    362
599    392    390
600    390    413
616    389    390
620    419    389
654    430    432
685    442    429
693    462     52
726    472    471
727    471    470
728    470    478
733    471    486
734    486    487
735    487    478
736    472    483
737    483    485
738    485    469
739    469    486
752    476    481
753    481    469
754    485    476
755    476    484
758    488    481
762    487    488
786    432     71
793    509    510
796    514    102
797    103    518
800    514    520
821    538    539
847    539    540
848    540    531
860    557    544
882    562    549
887    577      5
896    580    577
900    586    587
901    587    585
902    585    566
903    566    580
906    585     17
962    606    617
986    626    627
994    629    627
1012    641    643
1029    647    662
1030    662    657
1034    131    648
1035    648    662
1036    648    651
1048    322    678
1057    668    332
1064    671    666
1075    666    679
1089    699    686
1100    681    684
1149    724     33
1176    736    741
1210    719    763
1212    763    764
1225    668    782
1242    769    776
1243    776    783
1277    795    794
1280    796    802
1291    796    803
1336    243    833
1337    833    824
1349    835    845
1350    845    843
1351    843    844
1352    844    841
1353    841    835
1354    835    838
1355    838    852
1356    852    587
1357    585    845
1361    836    846
1362    846    586
1363    852    836
1364    836    848
1365    848    849
1366    849    853
1367    853    846
1376    843    851
1377    851    850
1381    849    686
1382    566    851
1397    863    867
1405    865    871
1411    862    865
1413    124    862
1415    870    871
1416    870    863
1421    877    875
1436    872    890
1441    877    894
1459    885    890
1463    911    913
1470    910    911
1475    901    909
1476    909    655
1483    903    912
1487    903    910
1497    920    923
1498    923    927
1499    927    924
1542    947    940
1543    274    947
1584    971    978
1585    978    968
1591    969     87
1594    979    969
1597    979    967
1606    973    976
1615    967    977
1618    977    976
1620    991   1015
1664   1020   1038
1671   1022   1038
1677   1022   1037
1678   1037   1021
1679   1021   1036
1680   1036   1035
1681   1035    171
1714   1045   1046
1720   1046     64
1739   1020    927
1741   1059    920
1742   1065   1068
1748   1070   1065
1752   1081   1068
1776   1081   1076
1777   1076   1080
1783   1091   1099
1784   1099   1106
1785   1106   1100
1786   1100   1098
1787   1098   1091
1788   1091   1094
1789   1094   1097
1792   1093   1102
1793   1102   1099
1794   1098   1092
1795   1092   1101
1796   1101   1094
1797   1100   1104
1798   1104   1103
1799   1103   1092
1817   1112    472
1820    862   1112
1824   1118    470
1831   1114   1118
1833   1122   1114
1845   1137   1136
1846   1136   1126
1847   1126   1130
1848   1130   1134
1868   1122   1137
1890   1151   1147
1894   1153   1155
1902   1080   1156
1903   1156   1155
1919   1181   1178
1927   1168   1184
1957    266   1202
1980   1207     85
1984    626   1207
1985    643   1210
1986   1210   1211
1989   1209   1210
1991   1211    681
1992    684   1209
2003   1214    722
2004   1212   1226
2006   1217   1212
2007   1212   1218
2010    940   1226
2012   1216   1218
2020   1221   1216
2069   1244   1255
2078   1259   1266
2083   1259   1261
2084   1261   1265
2092   1065   1265
2137   1289   1293
2141   1287   1289
2145   1287   1294
2154    580   1300
2179    476   1304
2180   1304    146
2211   1336   1328
2215   1330   1323
2216   1323   1326
2219   1324   1336
2220   1329   1324
2221   1324   1325
2222    976   1346
2224    147    973
2227   1349   1346
2229    158   1345
2230   1345   1344
2231   1344   1348
2232   1348   1347
2234    141   1344
2235   1349   1350
2236   1350    150
2238   1348   1350
2251   1364   1352
2254   1362   1361
2255   1361   1364
2261    662   1352
2262   1361    657
2299   1375   1357
2301   1380   1375
2333    392   1401
2334   1401   1212
2343   1147   1405
2345   1405   1226
2358   1406   1409
2362    174   1406
2384   1419   1421
2385   1421   1424
2389   1430   1419
2406   1439   1447
2407   1447   1446
2408   1446   1445
2411   1448   1439
2413   1329   1449
2414   1449   1448
2421   1449   1447
2422   1445   1440
2445   1460   1336
2455   1466   1457
2463   1459   1461
2470   1472    890
2471    885   1457
2488   1460   1077
2497    852   1481
2506   1484    469
2530   1508   1493
2533   1489   1504
2535   1493   1502
2536   1502   1489
2537   1489   1496
2555   1510   1511
2563   1517   1530
2583   1528   1529
2589   1529   1525
2621   1549   1563
2622   1563   1559
2629   1559    644
2661   1566   1570
2669   1571   1570
2682    900   1577
2683   1577   1081
2690    557   1580
2691   1580   1587
2692   1587    679
2726    297    515
2731    299    699
2758   1616   1617
2770   1619   1622
2775   1622    969
2776    967   1617
2836    362    769
2837   1532   1657
2840   1656   1657
2853   1663   1137
2867   1671   1666
2868   1666   1667
2871   1666   1676
2877    161   1674
2878   1674   1668
2883   1674    782
2888   1677   1676
2924    901   1698
2925   1698   1261
2926   1577   1703
2930   1702   1698
2931   1702   1701
2932   1701   1265
2933   1701   1699
2934   1699   1068
2935   1699   1703
2980   1725   1723
2981   1723   1724
3000   1732   1736
3019    912   1742
3021   1742   1380
3036   1765   1751
3082    958    841
3117   1792   1789
3121   1800   1792
3128    824    180
3129    181   1804
3130   1804   1806
3132    833   1804
3135   1809   1810
3136   1810   1806
3146    849    304
3154   1207   1622
3229   1843    867
3252   1855   1130
3253    375   1854
3264   1861   1676
3269   1861   1862
3272   1862    260
3314   1809   1883
3339   1862   1015
3342   1894   1900
3343   1900   1901
3344   1901   1202
3348   1895   1900
3372    763   1913
3373   1913    945
3381   1915   1912
3382   1912   1867
3383   1913   1915
3385   1912    764
3406   1544   1927
3407   1927   1926
3408   1926   1289
3409   1926   1244
3416    241   1927
3419   1795   1939
3420   1939   1938
3461   1642   1349
3500   1965   1155
3501   1965    540
3516    531   1964
3534   1973   1725
3574   1989    175
3575    190    641
3579   1806   1563
3594   1303   1996
3605   1517   1938
3611   1939   2000
3618    194   1210
3619   1209   2003
3622    197   1211
3628   1699   1736
3640   1021   1352
3649    647   1036
3673   1677   2038
3674   2038   2032
3675   2032   2031
3681   2034   2038
3682   2031   2024
3683   2024   2029
3692   2027   2030
3693   2030   2025
3695   1668   2027
3699   2030   2029
3700   2034   2035
3704   1214   1855
3725   2043   2045
3744   1924   1883
3745   1549   1810
3747   1797   2058
3753   2057   2058
3764   2062    909
3775   2063   2071
3778    576   2063
3781   2074   2071
3817   2032   1895
3822   2035   1762
3828   1259   2084
3829   2084   2085
3830   2085   1698
3836   2062   2085
3842   1227   1582
3862   2094   2100
3865   2097   2094
3866   2094    497
3869   2097   2096
3876   2096   2104
3877   2104   2008
3881   1639   1459
3885   1965   2106
3890    539   2106
3899   2109   2110
3901   2110   2111
3905   2111   1502
3906   1493   2109
3921   2118    843
3922   2118    289
3924   2122   2121
3928   1656   2120
3929   2120   2122
3931   2119   2123
3932   2123   2120
3933   2111   2119
3935   2121   2123
3955    602   2127
3966   2135   2141
3971   2135    520
3991   1406   1854
3995   2135   2127
4002    478   2146
4013   1266    846
4014    836   2084
4017    308    853
4028   1751   2153
4030   1765   1792
4031   1789   2153
4033   1996   2058
4049   2029   1587
4060   2161   2162
4074   2000   1318
4090   2173   2171
4091   2171   1181
4094   1348   2173
4112   2180    390
4113   1401   2178
4119   2178   1217
4126   2123   2173
4129   2119   1344
4130   2110   1345
4147   2178   1097
4149   2180   1091
4151   1099    413
4153   1093   1904
4160   2186   1279
4169   2192   2186
4197    347    700
4201   1481   2085
4242   2221   2223
4247   1103   2222
4248   2222   2225
4249   2225   2227
4250   2227   2221
4257   2223   2218
4259   2218   2227
4263    312   2229
4266   2230    850
4278   1362   2237
4279   2237    910
4287   2031   2238
4288   2238   1900
4310    509   2122
4330   1445   1525
4351   2097   1499
4352   2096   2251
4353   2251   2182
4360   2253   1566
4361   1570    162
4377   2218   2260
4378   2260   2259
4379   2259   2025
4380   2259   2230
4381   2260    851
4382   2227   2118
4393   2266   2265
4394   2265   2264
4397    870   2266
4399   2265   2262
4401    871   2262
4421   2269   1419
4452   1894   1421
4453   2269   2238
4458   1571   2222
4469    803   2266
4496   2260   1300
4503   2288    518
4508   2289   1106
4524   2161   2283
4533   2253   1098
4548    802   2298
4552   2297   2298
4553   2003   2297
4573    617   1769
4584   2306   2264
4596   2308    911
4613   2104   2288
4616   1927   2312
4617   2312   2313
4619    796   2312
4620   2313   2298
4623   2313   2306
4624   2312   2265
4626   1926   2262
4696   1657   2337
4785   1020   2366
4788    173   2366
4889   2401   2402
4895   1616   2401
4896   1642   2402
4964   1732   2425
4967      3   2425
4971   2428   2430
4975   1255   2430
4976   1996   2428
4978   2057   2430
5070   2460   2461
5072   1249   2460
5076   2043   2461
5081   1571   2463
5082   1092   2463
5083   1566   2463
5086    453   2464
5087    510   2464
5091   2466   2467
5092   1044   2466
5093   1424   2466
5096   1894   2467
5097   1202   2467
5177    647   2493
5180     47   2493
5185    131   2495
5188    651   2495
5200   2501   2502
5206    901   2501
5207    900   2502
5211   2505   2506
5214   2045   2506
5221    173   2507
5224   1020   2507
5249    795   2517
5291   2531   2533
5293   1619   2531
5296    848   2531
5298   2084   2533
5317   2540   2541
5324   2014   2541
5336   2546   2548
5338   1045   2546
5340   1050   2548
5341   1148   2546
5383   2218   2561
5386   2025   2561
5451    724   2584
5457   2586   2587
5459   1517   2586
5460   1527   2586
5462   2000   2587
5465    833   2588
5466   1809   2588
5541   1279   2612
5564   2620   2621
5568   1466   2621
5570   1459   2620
5577   1496   2624
5603   1510   2632
5643   1559   2645
5659   1386   2652
5695   2100   2664
5698   2237   2664
5755   2027   2683
5788   1671   2692
5789   1677   2692
5794   2692   2694
5795   2034   2694
5820    557   2701
5831      8   2704
5859   1021   2714
5862   1038   2714
5867   1330   2716
5870   1357   2716
5911   2732   2733
5914    968   2733
5916   1259   2732
5929   2738   2739
5931   2162   2738
5934   2283   2738
5935   2285   2739
5950   2588   2745
5987   1496   2756
5993   2758   2759
5994   1493   2758
5996   1504   2758
5997   2109   2759
5999   1667   2759
6013   1855   2763
6061   2106   2778
6062   2779   2780
6069   1168   2780
6109   2795   2796
6126   2800   2802
6128   1508   2800
6130   2182   2802
6131    102   2800
6164   1323   2812
6173   2114   2815
6176   2127   2815
6188   2821   2822
6189    284   2821
6192    719   2822
6194    721   2822
6211   1081   2827
6212   1065   2827
6227   1148   2832
6229   1147   2832
6230   2833   2834
6233    602   2833
6269   2845   2846
6272   2501   2845
6276    912   2846
6296   2854   2855
6299   1703   2854
6300   1702   2855
6302    900   2854
6303    901   2855
6309   1448   2858
6312   1153   2858
6332   2866   2867
6333    103   2866
6334     88   2866
6335   2802   2866
6336   2288   2867
6337   1989   2867
6338   2251   2867
6346   2870   2871
6347    568   2870
6348    577   2870
6350   1293   2871
6351   1303   2871
6362   2493   2874
6363    657   2874
6375   2584   2878
6377     33   2878
6386      8   2881
6388   2882   2883
6390    978   2882
6404   1362   2886
6405   1357   2886
6409   2888   2889
6410   2035   2888
6412   2032   2888
6413   2025   2889
6415   2024   2889
6423   1178   2891
6439    950   2898
6442   2264   2898
6448   1221   2901
6457   1202   2904
6460   1915   2904
6490   2915   2916
6495    544   2915
6496   2826   2916
6512    375   2921
6514    378   2921
6545   2467   2930
6555   1214   2933
6581   2941   2942
6582   2161   2941
6586   2153   2942
6665   1450   2966
6666   2967   2968
6668   2100   2967
6670   1529   2968
6674    161   2969
6676    162   2969
6710   2980   2981
6712   1815   2980
6720   2253   2982
6739   1674   2989
6742   2683   2989
6751    147   2992
6754    736   2994
6755    872   2994
6765   2930   2997
6771   2178   2999
6772   2180   2999
6773   1094   2999
6780   1122   3001
6788   3004   3005
6789   2062   3004
6790   2533   3004
6793   1617   3005
6827   3016   3017
6828     17   3016
6829      3   3016
6831    587   3017
6841   3020   3021
6842    566   3020
6843    586   3020
6845    850   3021
6846    853   3021
6847   2229   3021
6862   3026   3027
6864   1416   3026
6868   1430   3027
6931     47   3048
6932     31   3048
6933     48   3048
6948    125   3053
6949   3001   3053
6955    813   3055
6957   1156   3055
6965   3058   3059
6968    453   3058
6969    497   3059
6971    510   3059
6986   3064   3065
6987   2756   3064
6988   1502   3064
6989   2121   3064
6990   1499   3065
6991   1508   3065
6992   2182   3065
7000   3068   3069
7001   1481   3068
7003   1702   3068
7004   3017   3069
7005   2425   3069
7006   1701   3069
7007   3070   3071
7008    185   3070
7009   2008   3070
7012   2288   3071
7013    175   3071
7038   1386   3079
7050   3084   3085
7052   2259   3084
7053   2889   3085
7083    794   3094
7091   3097   3098
7092    776   3097
7096   1489   3098
7105   3101   3102
7107   2694   3101
7110   2035   3102
7111   2561   3102
7141   3113   3114
7143   2111   3113
7144   2119   3114
7146   3098   3113
7147   1656   3114
7186      9   3127
7210   3134   3135
7213   2461   3134
7214   1174   3135
7215   2966   3135
7216   2045   3135
7217   3136   3137
7218   1742   3136
7221    903   3137
7222   2664   3137
7223   2740   3137
7250   2495   3145
7257   3094   3147
7258   1639   3147
7273   2221   3153
7276   2881   3153
7277   3154   3155
7279     77   3154
7281   1447   3155
7283   1530   3155
7290   1904   3157
7306   1703   3162
7307   1772   3162
7314   2541   3164
7315   1883   3164
7321   2815   3166
7348   1103   3174
7349   2221   3174
7393    681   3187
7395   3189   3190
7396   2882   3189
7397     87   3189
7399    968   3190
7401    300   3190
7402   3191   3192
7404   2758   3191
7406    260   3192
7413     55   3194
7415    462   3194
7433    850   3199
7436    686   3199
7443    976   3203
7446    979   3203
7466   3211   3212
7467   3190   3211
7468   2531   3211
7469    969   3211
7470   2732   3212
7471   2533   3212
7472    967   3212
7481   2063   3215
7487   3217   3218
7488    481   3217
7489    146   3217
7490    163   3217
7509   2402   3223
7510   1639   3223
7517   3226   3227
7520   2871   3227
7522   2994   3226
7523   2455   3227
7544   2716   3234
7549   2740   3235
7563   1450   3239
7564   1174   3239
7569   1386   3241
7570   1391   3241
7602   2014   3251
7638    924   3263
7641   1806   3263
7652   3268   3269
7653    124   3268
7656   1112   3269
7657    950   3269
7667   1642   3272
7698   1532   3281
7699   3114   3281
7700    142   3281
7704   2803   3282
7720   1725   3287
7723   1719   3287
7738   1559   3293
7758   3300   3301
7762   2505   3301
7763   1001   3301
7766   3185   3302
7767   1001   3302
7768   1762   3302
7798   1481   3312
7801    838   3312
7823   2008   3319
7835    430   3322
7858   2796   3331
7867    229   3333
7868   3334   3335
7869    872   3334
7870    863   3334
7872   3226   3335
7873    871   3335
7874   1293   3335
7876   3162   3336
7878   1736   3336
7893   3027   3341
7895   3085   3341
7899    306   3342
7917   3348   3349
7920   1330   3348
7921   1326   3349
7923   1375   3348
7937   3355   3356
7939   1347   3355
7940   2182   3356
7942   2173   3355
7943   2121   3356
7957   1582   3361
7958   2709   3361
7960   3362   3363
7961   1036   3362
7965   3001   3363
7966   1663   3363
7977   1001   3366
8003   3374   3376
8005    158   3374
8007   2110   3376
8010   1667   3376
8038   3386   3387
8039   1439   3386
8043    531   3387
8044    429   3387
8070   1861   3395
8071   1895   3395
8072   2038   3395
8074   2027   3396
8075   2561   3396
8076   2225   3396
8080   3398   3399
8081    783   3398
8082    678   3398
8083    769   3398
8085   1409   3399
8086   1854   3399
8087   3400   3401
8088   1080   3400
8089   1153   3400
8093   1077   3401
8108   3406   3407
8109   2366   3406
8110   2714   3406
8111    171   3406
8114   3070   3407
8125   1059   3410
8133   3155   3413
8135   1938   3413
8140   1964   3415
8141   2548   3415
8143   3416   3417
8144    764   3416
8146   2822   3416
8193   1405   3431
8194   3157   3431
8195   1401   3431
8214    486   3437
8217   3438   3439
8219   1050   3438
8221    274   3439
8231   3442   3443
8232    679   3442
8234   2030   3442
8236   3199   3443
8237   2230   3443
8238   3444   3445
8240   1528   3444
8241   2586   3444
8242   1446   3445
8243   1525   3445
8244   1530   3445
8245   3446   3447
8246   2624   3446
8247   2933   3446
8248   2763   3446
8250    945   3447
8260   1148   3450
8261   1448   3450
8262   1153   3450
8280   3194   3457
8283   1971   3457
8304   1582   3464
8306   2915   3464
8314   3467   3468
8315   1466   3467
8316   1325   3467
8318   3234   3468
8320   1440   3468
8323   3223   3469
8324   1642   3469
8340   3342   3474
8341   2833   3474
8342   3475   3476
8343   2106   3475
8344   3055   3475
8346    538   3476
8347    809   3476
8387   2074   3488
8401   1093   3492
8402   3157   3492
8403   1097   3492
8408   1570   3494
8427    298   3498
8460   2874   3510
8467   3094   3513
8469    629   3513
8473   3515   3516
8474    510   3515
8477   2122   3516
8478   2756   3516
8485   2826   3518
8486   2203   3518
8487   3519   3520
8488    671   3519
8489   2989   3519
8490    668   3519
8493    330   3520
8494   3521   3522
8495   2587   3521
8496   3349   3521
8497   1318   3521
8498   3444   3522
8499   3348   3522
8515   3527   3528
8516    795   3527
8520   1544   3528
8521    796   3528
8542   1279   3533
8567    285   3543
8569   2878   3543
8584   3548   3549
8586   3199   3548
8587    844   3548
8588    671   3549
8589   3442   3549
8590   2683   3549
8592    920   3550
8593   3410   3550
8594    924   3550
8598   3552   3553
8600   3180   3552
8602   1566   3553
8604   3437   3553
8605   3554   3555
8606    181   3554
8607   3263   3554
8608   2366   3554
8609    175   3555
8611   3407   3555
8638   3564   3566
8642   1854   3566
8645   2921   3566
8650   2882   3568
8653    973   3568
8657   3571   3572
8659   3269   3571
8662    471   3571
8663   3437   3572
8682    876   3578
8683   3503   3578
8689   1724   3580
8691   1798   3580
8707    197   3585
8709   3071   3585
8728   3417   3591
8752   1419   3600
8756   3601   3602
8757    562   3601
8758    295   3601
8761    297   3602
8762   2833   3602
8764    655   3603
8765   2495   3603
8766     46   3603
8774   2704   3606
8775   3153   3606
8776    289   3606
8782   3585   3608
8783    518   3608
8790   2845   3610
8791   3611   3612
8792    724   3611
8794   1136   3611
8795     31   3612
8796   2513   3612
8797   1663   3612
8823    894   3620
8826    885   3620
8828   3622   3623
8831   1130   3622
8832   1221   3623
8834   1214   3623
8849   3628   3629
8853   1287   3629
8855   1544   3629
8895   3642   3643
8896   1391   3642
8897    438   3642
8898    442   3642
8899     74   3643
8900    432   3643
8901    429   3643
8902   3644   3645
8905   3628   3644
8906   2014   3645
8907   2981   3645
8920   2146   3649
8921   1118   3649
8923   3650   3651
8924   2513   3650
8925   3048   3650
8929   2670   3651
8934   1510   3653
8950   1416   3658
8951   3027   3658
8969   3664   3665
8970   1328   3664
8971   1461   3664
8973   1325   3665
8974   2620   3665
8975   1323   3665
9019    321   3679
9020    152   3679
9021   2207   3679
9051   1904   3688
9070   3695   3696
9071   3218   3695
9072    488   3695
9073   1309   3695
9075   2982   3696
9076    419   3696
9092    929   3701
9105   3079   3704
9125   3712   3713
9126   3187   3712
9128    666   3712
9130   3361   3713
9139   3716   3717
9140   1122   3716
9141   3653   3716
9142   2632   3716
9143   1118   3717
9153   3720   3721
9156   1800   3720
9157   1093   3721
9203   3736   3737
9204     88   3736
9206     85   3736
9208    643   3737
9209    626   3737
9218   3378   3740
9219   3717   3740
9224   3742   3743
9227   2714   3742
9229   3319   3743
9230   3407   3743
9245   3748   3749
9246   1511   3748
9250    462   3749
9259   3752   3753
9260   2645   3752
9265   1989   3753
9270    911   3755
9272   2854   3755
9283   3759   3761
9285    365   3759
9287   1511   3761
9296   2283   3764
9299   3721   3764
9307   1304   3766
9309   3768   3769
9311   2502   3768
9313    913   3769
9314    900   3769
9334   3600   3775
9335   2916   3775
9336   1912   3775
9341   2745   3777
9348   2507   3779
9349   2745   3779
9350    824   3779
9365   3784   3785
9366   1484   3784
9367   3494   3784
9368    163   3784
9369   2207   3785
9371    138   3785
9377   1249   3788
9396   3580   3792
9403   2981   3796
9406   3229   3796
9413    809   3799
9414    875   3799
9415   3800   3801
9418    913   3800
9419   2803   3801
9421   2308   3801
9422   3802   3803
9424   2846   3802
9426    419   3803
9427   3610   3803
9428   1309   3803
9436   3806   3807
9437   3649   3806
9438   3740   3806
9440   3622   3807
9441   1134   3807
9442   2901   3807
9475   3818   3819
9477   2989   3818
9478   3785   3818
9480   3520   3819
9481   2207   3819
9483   3820   3822
9488   2645   3820
9490   3753   3822
9507   3828   3829
9510    177   3828
9511    191   3829
9514    194   3829
9548   3841   3842
9549    485   3841
9550   3766   3841
9552   1484   3842
9554   2898   3842
9555   3843   3844
9556    867   3843
9557   3145   3843
9558    127   3843
9559    870   3844
9561    124   3844
9573    509   3848
9576   3322   3848
9585   3852   3853
9592   3854   3855
9593    700   3854
9595   3503   3854
9597   3591   3855
9598   2203   3855
9623   3863   3865
9625   3084   3863
9627   2230   3865
9628   1815   3863
9630   2229   3865
9634   1022   3866
9669   3005   3876
9695   3886   3887
9699    389   3887
9700   2982   3887
9701   2180   3887
9703    783   3888
9705   2763   3888
9722   2506   3893
9725   2745   3894
9726    927   3894
9755   3802   3903
9758    389   3903
9767    958   3906
9774   1499   3910
9777   3801   3910
9779   3601   3911
9780   3498   3911
9781   2834   3911
9795   3192   3915
9798   2135   3915
9815   3922   3923
9818   1795   3922
9819   1800   3923
9821   1789   3923
9825   3334   3924
9839   2540   3929
9840    929   3929
9846   3931   3933
9848    655   3931
9850    651   3933
9855   3934   3936
9857    813   3934
9860   1772   3934
9862   2803   3936
9879   3942   3943
9880    266   3942
9882    260   3942
9883   1901   3943
9884   1835   3943
9885   1861   3943
9890   3319   3945
9892   3822   3945
9893   3946   3947
9894   2632   3946
9895   3564   3946
9896   1137   3946
9898   3566   3947
9899   1126   3947
9907   3950   3951
9908   2513   3950
9910   1409   3950
9911   3651   3951
9912   1227   3951
9913   2709   3951
9914   3952   3953
9915   3162   3952
9916   3755   3952
9919   3510   3953
9920   3036   3953
9926   1964   3955
9927   3166   3955
9929   3956   3958
9933   1798   3958
9936   1724   3958
9945   2104   3961
9959   3552   3966
9960   3572   3966
9963    684   3967
9990   3975   3976
9991   3761   3975
9992   1971   3975
9993   1723   3975
9994   1511   3976
9996   3792   3976
10010   2621   3981
10025    240   3985
10026   1924   3985
10043   3991   3992
10044    950   3991
10045   3572   3991
10047   1484   3992
10048   3437   3992
10049   3494   3992
10057   3995   3996
10060    929   3995
10064   3550   3996
10083    838   4003
10088   3475   4005
10089   2778   4005
10090    813   4005
10091   4006   4007
10092    741   4006
10093   3226   4006
10094    865   4006
10095    739   4007
10096   3227   4007
10097   2058   4007
10098   4008   4009
10099    910   4008
10100   3931   4008
10102   1362   4009
10103   3933   4009
10104    657   4009
10105   4010   4011
10108   2461   4010
10109   2192   4011
10112   4012   4013
10114   3777   4012
10117   3759   4013
10123   1867   4015
10124   3600   4015
10125   1424   4015
10158   4026   4027
10159   2858   4026
10160   3386   4026
10161    540   4026
10164    538   4027
10169   2043   4029
10170   3185   4029
10172   4030   4031
10173   3263   4030
10174   3820   4030
10175   3410   4030
10176   3555   4031
10177   3822   4031
10178   3743   4031
10210   4041   4043
10212     88   4041
10214   1989   4043
10215   3737   4041
10217    641   4043
10221   1772   4044
10224   2803   4044
10249   2779   4054
10250   1391   4054
10251   3079   4054
10252   4055   4056
10253   2517   4055
10254   3644   4055
10255   3229   4055
10256   3527   4056
10257   3629   4056
10260   4057   4059
10262   3073   4057
10264   1294   4059
10267   1288   4059
10275   4062   4063
10276   2401   4062
10278   1639   4062
10279   2812   4063
10281   2620   4063
10305   4071   4072
10306   1430   4071
10307   3085   4071
10308   2701   4071
10309   2269   4072
10310   2024   4072
10311   1580   4072
10313   2192   4073
10314   3893   4073
10315   2612   4073
10323   1168   4076
10325   3533   4076
10328   3748   4077
10329    365   4077
10337   3101   4080
10340   1104   4080
10348    125   4082
10354   1795   4085
10357   1798   4085
10360   4088   4089
10361    103   4088
10362     91   4088
10363   3736   4088
10364   3608   4089
10366   1211   4089
10392   1221   4097
10395   2933   4097
10400    378   4099
10403   3779   4099
10408   4103   4104
10410    876   4103
10414    923   4104
10415   4105   4106
10422   3543   4106
10446    890   4114
10455    322   4116
10458    769   4116
10461   4119   4120
10462   1472   4119
10463   1457   4119
10466   3981   4120
10470   3866   4121
10476    875   4123
10477   4114   4123
10478   3620   4123
10483   2043   4125
10484   4011   4125
10485   3893   4125
10504   1532   4131
10510   4133   4134
10511    413   4133
10514   1102   4134
10515   3688   4134
10521    844   4136
10523   2683   4136
10524   4137   4138
10526   3873   4137
10528   2832   4138
10530   1045   4138
10552   4145   4146
10554   3378   4145
10555    453   4145
10556   3749   4146
10559   4147   4148
10560   1375   4147
10561   3136   4147
10562   1528   4147
10563   2886   4148
10564   2664   4148
10565   2968   4148
10566   4149   4150
10568   3378   4149
10569   1527   4149
10571   4146   4150
10572   1517   4150
10573   4151   4152
10574    909   4151
10575   3876   4151
10576   2845   4151
10577   3931   4152
10579    912   4152
10580   4153   4154
10581   1405   4153
10582   4138   4153
10583   3691   4153
10584   3157   4154
10585   3873   4154
10587   4155   4156
10588    185   4155
10589   3585   4155
10591   2670   4156
10593   2709   4156
10605   2466   4160
10606   2904   4160
10607   1867   4160
10612    739   4162
10613   3958   4162
10614   1797   4162
10622   4165   4166
10624   3509   4165
10625   3498   4165
10626   2860   4166
10628    312   4166
10647   4173   4174
10649    102   4173
10650   2883   4174
10652    520   4173
10653   2141   4174
10665   3268   4178
10668   3053   4178
10673   3413   4180
10676   1449   4180
10679   4183   4184
10680   3203   4183
10681   3568   4183
10682     87   4183
10685     88   4184
10693   4187   4188
10697    515   4188
10699   4089   4187
10700     91   4188
10706   2967   4191
10711   4193   4194
10714   3331   4193
10727   4198   4199
10728   3474   4198
10730   2860   4198
10731   2834   4199
10732   2652   4199
10733   4165   4199
10736   4201   4202
10738    232   4201
10741    365   4201
10742   4013   4202
10745   4204   4205
10750    958   4204
10751   4136   4205
10759   4208   4209
10760   3300   4208
10761   3395   4208
10762   1015   4208
10763   1001   4209
10764   2034   4209
10766   4210   4211
10767   2045   4210
10768   3301   4210
10769   3185   4210
10770   2966   4211
10784   3509   4215
10785   2981   4215
10786   3251   4215
10791   2207   4217
10792   3842   4217
10793   2306   4217
10794   4218   4219
10797   3439   4218
10798   2815   4219
10799   3915   4219
10819   4226   4227
10821   3239   4226
10825   1178   4227
10833   4230   4231
10834   3218   4230
10835   2992   4230
10836   3696   4230
10837    162   4231
10839   2253   4231
10853    923   4236
10854   3866   4236
10855   1038   4236
10856   4237   4238
10857   3300   4237
10858   2997   4237
10859    991   4237
10860   2505   4238
10861   3871   4238
10863   4239   4240
10865   2881   4239
10867   1797   4240
10869   1792   4240
10871   4241   4243
10873    179   4241
10876   1406   4241
10878   3564   4243
10882   4029   4244
10885   1751   4244
10888   4247   4248
10890   4080   4247
10892   3764   4248
10899   2826   4250
10900   3600   4250
10905   1800   4251
10908   4239   4251
10917   4073   4254
10927   4259   4260
10929   4194   4259
10930   3799   4259
10931   3578   4260
10932   4193   4260
10938   3966   4262
10939   4105   4262
10940   4204   4262
10950   3996   4265
10955   4267   4268
10956    202   4267
10957   3766   4267
10958    145   4267
10960   4217   4268
10961   3679   4268
10965   1532   4269
10968    148   4269
10976   2621   4273
10977   1843   4273
10984   2739   4275
10992   4278   4279
10993   3356   4278
10995   3848   4278
10996   2251   4279
10997   3753   4279
11000   4280   4282
11002    794   4280
11005   3981   4280
11007   1843   4282
11013   3322   4285
11016   2891   4285
11018    274   4286
11024   4288   4289
11025   2513   4288
11026   4241   4288
11027   1035   4288
11028   1663   4289
11029   4243   4289
11030   3362   4289
11031   4290   4291
11032   1106   4290
11033   4247   4290
11035   1102   4291
11036   3764   4291
11037   2285   4291
11046   4294   4296
11048    442   4294
11050   3241   4296
11051    531   4294
11053   3955   4296
11054   4297   4298
11055    392   4297
11056   4133   4297
11057   3768   4297
11058   3431   4298
11059   3688   4298
11060   1151   4298
11090    362   4308
11093   2337   4308
11095   4310   4311
11096   2982   4310
11097   3553   4310
11098    487   4310
11099   3886   4311
11100   3180   4311
11101   2146   4311
11113   4121   4315
11114    894   4315
11125   4319   4320
11126   3924   4319
11127   4280   4319
11128   3527   4319
11129    863   4320
11130   4282   4320
11131    803   4320
11154   3079   4326
11162   4202   4330
11168   3748   4332
11170   4145   4332
11183   1901   4337
11186   2238   4337
11191   3580   4339
11204    835   4343
11205   4344   4345
11206   4120   4344
11207   3924   4344
11208   1472   4344
11209   3488   4345
11216   1938   4347
11218   4085   4347
11237   4354   4355
11240   3417   4354
11241   3432   4355
11243   2821   4354
11253   4359   4360
11255   3848   4359
11256    497   4359
11257   3945   4360
11258   4279   4360
11259   2096   4360
11274   2430   4365
11275   1249   4365
11285   4369   4370
11286   2428   4369
11287   4057   4369
11288   1244   4369
11289   1303   4370
11290   4059   4370
11291   1289   4370
11299   4373   4374
11300   3203   4373
11301   3272   4373
11302   1349   4373
11303   4184   4374
11305   1347   4374
11317   3866   4378
11318   4104   4378
11319   1719   4378
11323    576   4379
11326   3020   4379
11331   3704   4382
11332   2612   4382
11336   4384   4385
11337   4134   4384
11340   2285   4385
11342   4275   4385
11343   4386   4387
11346   3215   4386
11347   1070   4387
11349   1266   4386
11350   1265   4387
11352   4389   4390
11353    795   4389
11354   3513   4389
11358    644   4390
11359   4391   4392
11360   3653   4391
11361   4339   4391
11362   3792   4391
11363   3717   4392
11365   4149   4392
11366   4393   4394
11367   2753   4393
11369   4226   4393
11371   3831   4394
11372   1450   4394
11382   4398   4399
11383   2283   4398
11386   2942   4399
11387   4244   4399
11388   4125   4399
11413   4243   4406
11416   2507   4406
11419   4409   4410
11420   1114   4409
11421   4178   4409
11422   3571   4409
11425   3966   4410
11426   4411   4412
11427   3947   4411
11429   1134   4411
11430   2632   4412
11431   4332   4412
11432   3740   4412
11433   4413   4414
11434   3319   4413
11435   4191   4413
11437   3742   4414
11439   1364   4414
11444    320   4416
11445   3828   4416
11451   4010   4418
11452   2186   4418
11458   4227   4420
11461   4421   4422
11462   4349   4421
11463   3796   4421
11464   3509   4421
11467   4166   4422
11477   4426   4427
11479    151   4426
11480   3218   4426
11481   1346   4427
11482    150   4427
11483    147   4427
11488    644   4429
11489   4043   4429
11490   3752   4429
11495   3293   4431
11498   4390   4431
11509   4436   4437
11510    202   4436
11511   4269   4436
11516   4438   4439
11517   1815   4438
11519   3796   4438
11520   2229   4439
11521   4379   4439
11522   4422   4439
11530   4442   4443
11532   4205   4442
11533   1571   4442
11534   2118   4443
11535   4136   4443
11536   2225   4443
11545   2297   4446
11552   3145   4447
11555   4450   4451
11556   3548   4450
11559    841   4451
11560   4003   4451
11562   4452   4453
11564   4265   4452
11566   3804   4453
11567   3995   4453
11568   3853   4453
11569   4454   4455
11570   3777   4454
11571   4099   4454
11572   3759   4454
11573   3287   4455
11575   3761   4455
11576   4456   4457
11577    202   4456
11580   3766   4457
11581   3788   4457
11582   1255   4457
11583   4458   4459
11584   4150   4458
11585   3792   4458
11586   4347   4458
11587   3749   4459
11588   3976   4459
11589   3457   4459
11590   4460   4461
11591    472   4460
11592   4339   4460
11594    470   4461
11595   4392   4461
11601    152   4463
11604    142   4463
11612   4194   4465
11624   4471   4472
11625   4413   4471
11627   1361   4471
11628   2008   4472
11629   3961   4472
11631   4473   4474
11632   3961   4473
11634   3036   4473
11635   2308   4474
11636   4044   4474
11637   3952   4474
11638   4475   4476
11640   2855   4475
11641    655   4475
11642   3510   4476
11643   3755   4476
11644   4008   4476
11651     52   4477
11654   4480   4481
11656    442   4480
11657   3852   4480
11659    438   4481
11660   4452   4481
11661   4482   4483
11662   3967   4482
11663   4188   4482
11664    699   4482
11665    681   4483
11666   4187   4483
11668   4484   4485
11671   2732   4484
11672    971   4485
11673   4385   4485
11674   2733   4485
11676   4486   4488
11680   2297   4488
11681   3819   4486
11683   2306   4488
11691   4491   4492
11692   3906   4491
11693   4486   4491
11694   4451   4491
11696   4488   4492
11706   4495   4497
11711   1416   4495
11714   4498   4499
11716   4178   4498
11718   2878   4499
11719   4410   4499
11720   4105   4499
11738   3742   4505
11739   4236   4505
11740   1059   4505
11751   4509   4510
11752   2100   4509
11753   4471   4509
11754   2237   4509
11755   2097   4510
11756   3961   4510
11757   2308   4510
11758   4511   4512
11764   1070   4511
11778   1015   4517
11784    539   4519
11785   4294   4519
11786   3852   4519
11794   4517   4522
11797    996   4522
11799   4524   4525
11800    996   4524
11801   4517   4524
11803    978   4525
11807   3342   4526
11808   4522   4526
11809   2141   4526
11822   4531   4532
11823   1732   4531
11825      3   4531
11827   4465   4532
11851   2980   4538
11854   4541   4542
11857     46   4541
11858   3312   4542
11859   4343   4542
11871   4546   4548
11873   2821   4546
11875    721   4548
11876   4197   4546
11883    700   4550
11884   1973   4550
11885   3503   4550
11899   3333   4553
11934   4566   4567
11936    241   4566
11938   3073   4567
11939   1244   4567
11940   4456   4567
11946   4337   4569
11947   1835   4569
11956    617   4572
11957   4264   4572
11958    549   4572
11966   3400   4575
11969   1077   4575
11972    940   4577
11973   4097   4577
11974   1218   4577
11978   4579   4580
11979   2114   4579
11981   3955   4579
11984   3241   4580
11985   4581   4582
11988   3187   4581
11989    671   4582
11991    684   4581
11992   4450   4582
12022   3855   4593
12025    347   4593
12026   4594   4595
12028   4541   4594
12029   4498   4594
12030    958   4595
12031   4343   4595
12032   4105   4595
12034   3374   4596
12035   4463   4596
12036    161   4596
12044   3518   4599
12046   3701   4599
12050   3528   4600
12053    802   4600
12070   4607   4608
12071    686   4607
12072   4450   4607
12073   3967   4607
12074    848   4608
12075   4003   4608
12086   4612   4613
12089   2464   4612
12091   4285   4613
12092    509   4613
12093   4614   4615
12094   4538   4614
12095   3863   4614
12096   2701   4614
12097    298   4615
12098   3865   4615
12105   4273   4617
12106   4063   4617
12107   4618   4619
12108   3229   4618
12109   4349   4618
12110   3488   4618
12111   2517   4619
12138   4627   4629
12140    647   4627
12142   3363   4629
12143    131   4627
12145   3053   4629
12146   4630   4631
12149   2795   4630
12150   1732   4631
12153   3336   4631
12155   4633   4634
12157    764   4633
12159   3432   4634
12160   3417   4634
12161   4593   4634
12167   4013   4637
12170   1971   4637
12171   4638   4639
12174   1416   4638
12175   3831   4639
12176   4553   4639
12177   4497   4639
12182   4215   4641
12183   4538   4641
12184   3498   4641
12186   4642   4644
12188   1676   4642
12190   1835   4644
12191   1667   4642
12193   1504   4644
12198   4472   4646
12199   3036   4646
12200   2874   4646
12201   4647   4648
12204   4260   4647
12206   3701   4648
12207    876   4648
12208   4649   4650
12209   3906   4649
12210   4204   4649
12211   3991   4649
12212   3818   4650
12213   4205   4650
12214   3494   4650
12216   4076   4651
12217   4431   4651
12226   2802   4654
12227   4184   4654
12228   1347   4654
12245   4660   4661
12246   4054   4660
12247   4326   4660
12248    438   4660
12249   2780   4661
12250   4651   4661
12256    803   4663
12259   4664   4665
12260    576   4664
12262    568   4664
12263   2071   4665
12265   4345   4665
12266   4666   4667
12268   4244   4666
12269   3302   4666
12270   4248   4667
12271   4398   4667
12272   3366   4667
12274   2694   4668
12276   4247   4668
12280   4670   4671
12281    862   4670
12282   4082   4670
12283    741   4670
12284   4339   4671
12287   4672   4673
12288   4455   4672
12290   1510   4672
12291   4099   4673
12292   4406   4673
12293   3564   4673
12295   4665   4674
12296   1472   4674
12305    602   4677
12308   3166   4677
12310   4679   4680
12313    629   4679
12314    802   4680
12315   4446   4680
12316   4663   4680
12324   4683   4684
12326   4477   4683
12327   4612   4683
12328     71   4684
12330   4285   4684
12339   3322   4687
12344   3515   4689
12346   1134   4689
12347   4690   4691
12348   3333   4690
12349   4437   4690
12350   3831   4690
12352   4420   4691
12353   4393   4691
12354   4692   4693
12355    580   4692
12356   4379   4692
12357    568   4692
12359   4438   4693
12385   4156   4701
12388   4703   4704
12390   2505   4703
12391   3893   4704
12393   3366   4703
12394   4398   4704
12412   1742   4710
12413   4302   4710
12414   3802   4710
12418   4712   4713
12419   3650   4712
12420   2493   4712
12421   1035   4712
12422   2670   4713
12423   4646   4713
12424    185   4713
12438   4647   4716
12450   4722   4723
12451   3017   4722
12452   4387   4722
12454    586   4723
12455   4386   4723
12456    576   4723
12466   4727   4728
12467   1529   4727
12469   3058   4727
12470   2967   4728
12472    497   4728
12487   4733   4734
12491   1671   4734
12493   2969   4733
12494   3374   4734
12496   4736   4737
12498   3967   4736
12499   1207   4736
12501   4608   4737
12502   1619   4737
12503   4738   4739
12504    643   4738
12505   4679   4738
12506    626   4738
12507   1209   4739
12508   4446   4739
12509   4736   4739
12511   3799   4740
12512   4716   4740
12513   3476   4740
12530   1294   4746
12535   4748   4749
12536   4566   4748
12537   4553   4748
12538   3985   4748
12539   3073   4749
12540   4638   4749
12541   4746   4749
12553   4754   4755
12556   2612   4755
12558   2779   4754
12559   3704   4755
12567   4758   4759
12568   4679   4758
12569   4600   4758
12570   4389   4758
12571    641   4759
12573    644   4759
12581   4762   4763
12582   1924   4762
12583   4746   4762
12584   3628   4762
12585   3164   4763
12587   3645   4763
12588   4764   4765
12591   3401   4764
12592   3450   4765
12595   2832   4765
12597   4767   4768
12599   4546   4767
12600   3543   4767
12601     48   4768
12602   4548   4768
12603     33   4768
12604   4769   4770
12605   4209   4769
12606   4668   4769
12607   3366   4769
12608   4524   4770
12621   1765   4773
12624   4666   4773
12632   1795   4778
12635   1789   4778
12636   4779   4780
12637   3603   4779
12638   4447   4779
12639   4541   4779
12640   2062   4780
12642   3312   4780
12644   4431   4781
12646   2517   4781
12657   4785   4786
12658   1345   4785
12659   4654   4785
12660   3568   4785
12661   2109   4786
12662   2800   4786
12663   2883   4786
12672   3953   4789
12673   4631   4789
12678   4791   4792
12679   2704   4791
12680   4355   4791
12681      9   4791
12682   4197   4792
12683   4354   4792
12692   2428   4794
12694   4796   4797
12695   4486   4796
12696   4582   4796
12697   3520   4796
12698   2003   4797
12699   4581   4797
12700    324   4797
12712   3800   4801
12714   3936   4801
12729    940   4805
12749   4813   4814
12750   1181   4813
12752   1184   4813
12753   2891   4814
12754   4687   4814
12755   2780   4814
12756   4815   4816
12759   1261   4815
12760   2827   4816
12762   4484   4815
12763   4384   4816
12765   4818   4819
12768    432   4818
12769   1525   4819
12770   4727   4819
12772   4820   4821
12773   4080   4820
12775   3174   4820
12776   4248   4821
12777   4773   4821
12778   3720   4821
12779   4822   4823
12780   4437   4822
12781   4503   4822
12782   4420   4822
12783   4269   4823
12790   2795   4825
12791   4531   4825
12792   4197   4825
12801   2933   4828
12802   4805   4828
12803    945   4828
12808   4512   4830
12809   4674   4830
12810   4114   4830
12821   4834   4835
12822   1329   4834
12823   1446   4834
12824   3522   4834
12825   1325   4835
12826   3468   4835
12827   1330   4835
12828   4836   4837
12830   4677   4836
12831    606   4836
12832   2778   4837
12840   3457   4840
12843   4347   4840
12844   4841   4842
12845   4818   4841
12847    429   4841
12848   1445   4842
12850   3386   4842
12852   4384   4843
12854   2827   4843
12867   4848   4849
12868     46   4848
12869   4627   4848
12870     47   4848
12871   4498   4849
12872   4629   4849
12873     31   4849
12877   1037   4850
12880   3362   4850
12884   4137   4853
12885   4765   4853
12886   4180   4853
12894   4302   4856
12897   2146   4856
12899   4858   4859
12903   3194   4859
12904   4637   4859
12905   4330   4859
12907   4860   4862
12909     55   4860
12911   4858   4862
12912     64   4860
12915   4863   4864
12918   1287   4863
12919   4693   4864
12921   4056   4863
12922   3229   4864
12931   4868   4869
12932    739   4868
12934   2455   4868
12936    700   4869
12937   3127   4869
12947   4873   4874
12950   3995   4873
12951    920   4874
12953   4648   4873
12954   4103   4874
12957   1168   4876
12958   1279   4876
12959   4754   4876
12980   1964   4882
12983   1965   4882
12990   2738   4886
12991   4704   4886
12992   4254   4886
12997   4716   4888
12998   4873   4888
12999   3853   4888
13004   1797   4890
13005   4778   4890
13006   1798   4890
13007   4891   4892
13008   3355   4891
13009   4813   4891
13011   4278   4892
13012   4687   4892
13013   3752   4892
13014   4893   4894
13015   4187   4893
13018   3608   4894
13019   4701   4894
13021   4895   4896
13023   4858   4895
13026   4637   4896
13032    977   4898
13035   4484   4898
13046   4903   4904
13047   4133   4903
13048   4816   4903
13049   2502   4903
13051   4815   4904
13052   2501   4904
13053   4905   4906
13054   1616   4905
13055   3272   4905
13056    979   4905
13058    627   4906
13059   1622   4906
13065   3552   4909
13068   2463   4909
13070   2127   4910
13071   4526   4910
13072   3474   4910
13085   4915   4916
13086   4345   4915
13087   4864   4915
13088    568   4915
13089   3924   4916
13090   4863   4916
13091   1293   4916
13093   4917   4919
13095   3234   4917
13097   1466   4919
13100   4273   4919
13102   1226   4920
13103   4805   4920
13104   3691   4920
13111   3016   4922
13114   4532   4922
13117   4925   4926
13118    515   4925
13119   4173   4925
13120     91   4925
13121    306   4926
13122   4174   4926
13123   3189   4926
13128   2846   4928
13131   3768   4928
13136   1216   4930
13139   1217   4930
13142   4933   4934
13145    285   4933
13146   1101   4934
13147   4909   4934
13158   4938   4939
13159   2992   4938
13160   4734   4938
13161   2289   4938
13162   4231   4939
13163   4733   4939
13164   1100   4939
13165   4940   4941
13167   4754   4940
13168   1174   4940
13169   3871   4941
13170   4755   4941
13171   2506   4941
13176      3   4943
13179   4197   4943
13181   4945   4946
13182   4406   4945
13183   4850   4945
13184   1022   4945
13185   4672   4946
13187   1719   4946
13188   4947   4948
13189   4904   4947
13190   4898   4947
13191   3610   4947
13192    413   4948
13194    419   4948
13200   2162   4951
13208   1044   4953
13209   4862   4953
13213   4955   4956
13215   1151   4955
13216   4764   4956
13218   3688   4955
13220   4957   4958
13221   3886   4957
13222   4856   4957
13223   3903   4957
13224   1216   4958
13239    950   4962
13242   3906   4962
13245   4965   4966
13246   4843   4965
13247   4955   4965
13248   1076   4965
13249   4951   4966
13250   4956   4966
13251   3401   4966
13256   4477   4968
13258   2753   4968
13283   4895   4976
13284   4977   4978
13285   4137   4977
13287   1046   4977
13288   3413   4978
13289   4840   4978
13290     77   4978
13291   4979   4980
13292   3653   4979
13293   4946   4979
13294   4671   4979
13295   3001   4980
13296   4850   4980
13297   4082   4980
13323   4989   4990
13324   1765   4989
13325   4811   4989
13326   4794   4989
13327   4240   4990
13329   1996   4990
13355   4999   5000
13356   4934   4999
13358   3180   4999
13359   2999   5000
13360   4930   5000
13361   3886   5000
13374   4647   5005
13377   3331   5005
13378   5006   5007
13379   4572   5006
13383   5005   5007
13384   4599   5007
13385   5008   5009
13386   4512   5008
13387   4575   5008
13389   4123   5009
13391    809   5009
13392   5010   5011
13395    577   5010
13396   1300   5011
13398   1303   5010
13399   1288   5011
13417   5018   5019
13420   1076   5018
13421   1151   5019
13423   1156   5018
13426   5021   5022
13427   4830   5021
13429   4664   5021
13430   4511   5022
13431   4922   5022
13432   4722   5022
13436    996   5023
13439    968   5023
13453    606   5029
13456   3282   5029
13490   5041   5042
13491   1070   5041
13493   3215   5041
13494   4843   5042
13495   4951   5042
13496   4275   5042
13506   5046   5047
13507   1460   5046
13509   4119   5046
13510   1328   5047
13513   5048   5049
13514   3806   5048
13515   4856   5048
13517   2901   5049
13518   4958   5049
13519   3235   5049
13536   5055   5056
13539   2266   5055
13540   4492   5056
13541   4962   5056
13542   2264   5056
13547   3113   5058
13549   3097   5058
13550   5059   5060
13551   4801   5059
13552   5019   5059
13553   3769   5059
13554   3934   5060
13555   5018   5060
13556   1577   5060
13568   5065   5066
13570    191   5065
13573   1804   5065
13574    238   5066
13578   1080   5067
13581   5008   5067
13584   5070   5071
13585   1867   5070
13587   4633   5070
13589   4976   5071
13590   4593   5071
13602   1440   5075
13605   2968   5075
13607   5077   5078
13608   4594   5077
13609   4962   5077
13610   3268   5077
13611   4447   5078
13612   5055   5078
13613   3844   5078
13630   5084   5085
13631   4355   5084
13632   4912   5084
13633    284   5084
13634   3606   5085
13636   4933   5085
13644   5088   5089
13645   2886   5088
13646   5075   5088
13647   3234   5088
13648   1364   5089
13655   1148   5091
13658   1155   5091
13660   5093   5094
13661   4511   5093
13662   5067   5093
13663   1068   5093
13664   4532   5094
13666   1736   5094
13699   5105   5106
13700   3026   5105
13701   4746   5105
13704   4763   5106
13705   2980   5106
13706   5107   5108
13707    300   5107
13708   5023   5107
13709   3342   5107
13710    308   5108
13712   2860   5108
13722   5112   5113
13723   1563   5112
13724   5065   5112
13725   4759   5112
13727   5066   5113
13728   4600   5113
13761   5124   5125
13762   3191   5124
13763   3915   5124
13765   1508   5125
13766    514   5125
13785    627   5131
13787   3272   5131
13800   5136   5137
13801    392   5136
13802   4928   5136
13803   3903   5136
13804   1218   5137
13806   4958   5137
13807   5138   5139
13808   5131   5138
13809   4374   5138
13810   4041   5138
13812   4891   5139
13813   4429   5139
13819   2796   5142
13822   5007   5142
13823   5143   5144
13824   5124   5143
13825   4218   5143
13826   4286   5143
13827   5125   5144
13828   3282   5144
13829   3910   5144
13839   5148   5149
13840   2704   5148
13841   4943   5148
13842     17   5148
13843    289   5149
13845    845   5149
13846   5150   5151
13849   3956   5150
13852    347   5150
13853   3432   5151
13855   5153   5154
13856   4365   5153
13857   4794   5153
13858   1751   5153
13859   2460   5154
13861   4029   5154
13862   5155   5156
13863    289   5155
13864   4933   5155
13865   4106   5155
13866   4442   5156
13867   4909   5156
13868   4262   5156
13869   5157   5158
13870   4811   5157
13871   5011   5157
13872   2223   5157
13873   4990   5158
13874   5010   5158
13875   2881   5158
13885   5162   5163
13889   4286   5163
13891   3942   5162
13892   3191   5163
13903   5168   5169
13904   3376   5168
13905   5058   5168
13907   4596   5169
13909    782   5169
13913    763   5170
13916   4828   5170
13919   5173   5174
13920   1504   5173
13921   5163   5173
13922   2624   5173
13923   1835   5174
13924   5162   5174
13925   3447   5174
13926   5175   5176
13927    514   5175
13928   5029   5175
13930    518   5176
13932   4894   5176
13949   5182   5183
13950   4767   5182
13951   4943   5182
13953   4106   5183
13954   5149   5183
13955   4343   5183
13956   5184   5185
13957   4044   5184
13958   5029   5184
13959   1769   5184
13960   4473   5185
13961   5176   5185
13963   5186   5187
13964   4882   5186
13965   5091   5186
13966   2548   5186
13969   3439   5187
13978   3853   5190
13979   5191   5192
13980    971   5191
13981   4898   5191
13982    973   5191
13983   2289   5192
13984   4948   5192
13985   2992   5192
13986   5193   5194
13987   2916   5193
13989   3416   5193
13990   3518   5194
13991   5142   5194
13992   3591   5194
13993   5195   5196
13994   2652   5195
13996   2834   5195
13997   3804   5196
13998   5190   5196
14029   3620   5204
14032   5207   5208
14035   2759   5207
14036   3192   5208
14038   2883   5207
14039   2141   5208
14051   3664   5213
14053   1326   5213
14074   5220   5222
14076   3644   5220
14078   2014   5222
14079   4781   5220
14082   5223   5224
14083   3293   5223
14084   5220   5223
14085   1549   5223
14086   4265   5224
14087   5222   5224
14089   5225   5226
14090    913   5225
14091   4928   5225
14092    903   5225
14094   5137   5226
14095   2740   5226
14112   5232   5233
14113   5019   5232
14114   5091   5232
14115   1147   5232
14116   4801   5233
14117   5187   5233
14118    947   5233
14128   5237   5238
14129   4517   5237
14130   5208   5237
14131   1862   5237
14132   4525   5238
14133   5207   5238
14134   1666   5238
14146    885   5242
14149   4919   5242
14156   2826   5246
14165   1350   5249
14168   2171   5249
14169   5250   5251
14170   4194   5250
14171   5094   5250
14173    809   5251
14174   5067   5251
14175   3055   5251
14177   5252   5254
14181   4481   5254
14182   3410   5252
14184   4265   5254
14185   5255   5256
14188   3251   5255
14189   2540   5256
14191   3804   5255
14192    929   5256
14204   2588   5260
14207   1883   5260
14213   3174   5263
14216   3153   5263
14219   5266   5267
14220   4296   5266
14221   5195   5266
14222   4677   5266
14223   4519   5267
14224   5190   5267
14225   4837   5267
14226   5268   5269
14227   1457   5268
14228   5204   5268
14229   3467   5268
14230   1460   5269
14232   1324   5269
14249   5275   5276
14252   3492   5275
14253   4251   5276
14254   5263   5276
14255   3720   5276
14256   5277   5278
14257   4920   5277
14258   5170   5277
14260   1217   5278
14262   4912   5278
14267   4550   5280
14269   4868   5280
14271    867   5281
14272   5242   5281
14273    872   5281
14277   5283   5284
14280    266   5283
14281   3438   5284
14283   5162   5283
14284    274   5284
14286   5286   5287
14288   5278   5286
14289    284   5286
14290    722   5287
14291   5170   5287
14292    719   5287
14293   5288   5289
14294   4012   5288
14296   5260   5288
14297   4202   5289
14298   4497   5289
14323   5297   5298
14324   4538   5297
14326   2701   5297
14328   5246   5298
14329    544   5298
14338   1450   5301
14343   3239   5303
14346   4940   5303
14348   5305   5306
14349   5151   5305
14350      9   5305
14351   4239   5305
14352   5150   5306
14353   4869   5306
14354   4162   5306
14355   5307   5308
14358   1112   5307
14359    483   5308
14361    865   5307
14362   2057   5308
14367   3871   5310
14370   4580   5310
14374   3820   5313
14375   5252   5313
14380   5315   5316
14381   1386   5315
14382   5310   5315
14383   3704   5315
14384   4198   5316
14388   3658   5317
14390   1421   5317
14394   5319   5320
14395   5085   5319
14396   5263   5319
14397   1101   5319
14398   4912   5320
14399   5275   5320
14400   1097   5320
14401   5321   5322
14402   4805   5321
14403   5284   5321
14405    945   5322
14406   5283   5322
14407   2904   5322
14421   2624   5327
14424   4097   5327
14426   5329   5330
14427   4553   5329
14428   5289   5329
14429    232   5329
14430   3985   5330
14431   5260   5330
14432    243   5330
14450   5336   5338
14452    260   5336
14454   4219   5338
14455    991   5336
14457   2114   5338
14459   4599   5339
14460   5256   5339
14461   5246   5339
14465   5341   5342
14466   4503   5341
14469   4823   5342
14470   5249   5342
14471    143   5342
14511   5355   5356
14514   4651   5355
14515   4326   5356
14517   4781   5355
14545   5366   5367
14547    430   5366
14548   4359   5367
14550   4818   5366
14551   4728   5367
14552   5368   5369
14553   2930   5368
14554   5336   5368
14555    266   5368
14557   5338   5369
14558   3438   5369
14559   5370   5371
14561   5366   5370
14562   5313   5370
14563   4191   5371
14564   5367   5371
14565   3945   5371
14568   5373   5374
14570    324   5373
14571   2003   5374
14573   4416   5373
14574   3829   5374
14575   5375   5376
14576   1255   5375
14577   5308   5375
14578   3841   5375
14579   2262   5376
14580   5307   5376
14581   2898   5376
14584   5378   5379
14586   4674   5378
14587   2071   5379
14589   4512   5378
14590   5041   5379
14591   5380   5381
14592   1924   5380
14593   3628   5380
14594   1549   5380
14595    240   5381
14596   1544   5381
14597   5113   5381
14610   4003   5385
14613   4737   5385
14619   1046   5388
14622   4862   5388
14625   5391   5392
14629   2162   5392
14631   5047   5391
14637   1939   5394
14640   4180   5394
14653     48   5399
14656   4789   5399
14672   5066   5406
14673   5374   5406
14674   2298   5406
14691   5412   5413
14692   1077   5412
14693   5378   5412
14694   5046   5412
14695   4951   5413
14696   5379   5413
14697   5392   5413
14698   5414   5415
14699   4475   5414
14701     46   5414
14702   3510   5415
14703   5399   5415
14704     47   5415
14705   5416   5417
14706    515   5416
14708   4893   5416
14709    520   5417
14711   5175   5417
14721   5421   5422
14722   5070   5421
14725   4976   5422
14726   5388   5422
14753   5431   5432
14754   1336   5431
14757   1329   5432
14758   5394   5432
14759   1318   5432
14768   5435   5437
14770   2921   5435
14772   4411   5437
14773   4308   5435
14775   4689   5437
14776   5438   5439
14777   4349   5438
14778   5356   5438
14779   4382   5438
14780   4619   5439
14781   5355   5439
14782   3533   5439
14783   5440   5441
14785   5435   5440
14786   4077   5440
14787   2464   5441
14788   5437   5441
14789   4332   5441
14790   5442   5443
14791   3602   5442
14792   5416   5442
14793    562   5442
14794    602   5443
14795   5417   5443
14796    606   5443
14797   5444   5445
14798   4575   5444
14799   5269   5444
14800   2858   5444
14801   5009   5445
14802   5204   5445
14803   4027   5445
14804   5446   5447
14805   4663   5446
14807   5055   5446
14808   4446   5447
14809   5385   5447
14810   4492   5447
14816   2740   5450
14819   2094   5450
14820   5451   5452
14821   2074   5451
14822   5392   5451
14823   4254   5451
14825   5391   5452
14826   2192   5452
14827   5453   5454
14830   1894   5453
14831   2997   5454
14833   1895   5453
14834   3300   5454
14838   5457   5458
14840    947   5457
14841   3800   5458
14843   4577   5457
14844   5226   5458
14848   1044   5459
14851   2930   5459
14861   5464   5465
14862   4211   5464
14863   5454   5464
14864   5301   5464
14866   5453   5465
14867   5317   5465
14877   5469   5470
14878   2756   5469
14880   5327   5469
14881   1499   5470
14882   5450   5470
14884   5471   5472
14885   1050   5471
14886   5369   5471
14887   5459   5471
14888   3415   5472
14889   4579   5472
14900   5476   5477
14901   1762   5476
14902   4773   5476
14903   4811   5476
14904   3102   5477
14905   4820   5477
14906   2223   5477
14933   3852   5485
14936    538   5485
14951    229   5491
14962   1249   5496
14966   5497   5498
14967   3515   5497
14968   5469   5497
14969   2901   5497
14970   3059   5498
14971   5450   5498
14972   3235   5498
14994   4617   5506
14997   1843   5506
14998   5507   5508
14999   2425   5507
15000   5399   5507
15001   5182   5507
15002   3068   5508
15003   5414   5508
15004   4542   5508
15037   5519   5520
15038   5327   5519
15039   5457   5519
15040   4286   5519
15041   5470   5520
15042   5458   5520
15043   3910   5520
15060   5526   5527
15061   4116   5526
15063    362   5526
15064   4131   5527
15065   5491   5527
15066   2337   5527
15072   3831   5530
15075   2966   5530
15092   5536   5537
15095   1352   5536
15096   5089   5537
15098    648   5536
15099   4917   5537
15122   5496   5545
15123   4010   5545
15124   5546   5547
15127   3005   5546
15128   3145   5547
15129   5506   5547
15147   5553   5554
15148    877   5553
15150   4874   5553
15151   4740   5554
15152   5485   5554
15153   4888   5554
15266   5590   5591
15269   3073   5590
15271   5530   5591
15272   4638   5591
15274   5242   5592
15275   5537   5592
15276   4315   5592
15372   4842   5622
15375   4027   5622
15385   5627   5628
15386    894   5627
15389   5204   5628
15390   5622   5628
15391   1440   5628
15394   5630   5631
15396   4668   5630
15397   4290   5631
15399   4770   5630
15400   2285   5631
15413   2153   5636
15421   5496   5638
15422   5636   5638
15423   4365   5638
15428   2000   5640
15429   5636   5640
15430   4778   5640
15445    484   5646
15448   5496   5646
15458   5650   5651
15459   4968   5650
15461   4684   5650
15462   4226   5651
15464   2891   5651
15494   5303   5661
15495   2779   5661
15496   5651   5661
15500   1424   5662
15513   5667   5668
15516   4238   5667
15519    991   5667
15520   4522   5668
15522   5670   5671
15523   4910   5670
15524   5668   5670
15525   5316   5670
15526   2114   5671
15527   5667   5671
15528   5310   5671
15529   5672   5673
15530   5341   5672
15532    151   5672
15533   3788   5673
15534   5646   5673
15535   1304   5673
15537   4495   5674
15538   5662   5674
15539   5317   5674
15543   5676   5677
15544   4525   5676
15545   5630   5676
15546   1671   5676
15547    971   5677
15548   5631   5677
15549   2289   5677
15554   4858   5679
15555   5662   5679
15556   4953   5679
15557   5680   5681
15560   1104   5680
15561   2222   5681
15563   3101   5680
15564   3396   5681
15566   5683   5684
15567   1668   5683
15568   5681   5683
15569   2969   5683
15570   2692   5684
15571   5680   5684
15572   4733   5684
15591   5691   5692
15594   5341   5691
15595   3469   5692
15597   5249   5692
15620   1181   5700
15621   5692   5700
15622   1184   5700
15630   5703   5704
15633   2733   5703
15634   1266   5704
15636   5023   5703
15637   5108   5704
15639   5706   5707
15641   5704   5706
15642   3215   5706
15644   5703   5707
15645   4275   5707
15647   5708   5710
15649   5190   5708
15651   4716   5710
15652   5006   5708
15654   5005   5710
15662   5713   5714
15663    617   5713
15664   5708   5713
15665   4837   5713
15667   5710   5714
15668   4005   5714
15674   5547   5717
15677    651   5717
15683   5213   5720
15686   5545   5720
15692    177   5723
15695    375   5723
15696   5724   5725
15697   2716   5724
15699   2812   5724
15700   4917   5725
15701   5717   5725
15702   4617   5725
15703   5726   5727
15704   5672   5726
15707   5646   5727
15708   5720   5727
15719   5731   5732
15720   5491   5731
15723   5526   5732
15724   5723   5732
15725   4416   5732
15729   4906   5733
15735   5736   5737
15736   5546   5736
15737   5733   5736
15738   1616   5736
15739   5506   5737
15741   4062   5737
15742   5738   5739
15743    232   5738
15744   5731   5738
15745    243   5738
15746    378   5739
15747   5723   5739
15748    824   5739
15758   5743   5744
15759   5691   5743
15760   5726   5743
15761   3223   5743
15762   4418   5744
15763   5720   5744
15764   1461   5744
15765   5745   5746
15766   4282   5745
15767   5737   5745
15768   3094   5745
15769   4663   5746
15770   5733   5746
15771    629   5746
15772   5747   5748
15773   3871   5747
15775   5303   5747
15776   2997   5748
15778   5301   5748
15784   4477   5751
15787   2753   5751
15788   5752   5753
15789   4201   5752
15791   4077   5752
15792   4330   5753
15793   5751   5753
15794    462   5753
15799   3488   5755
15802   4120   5755
15804   5757   5758
15805    977   5757
15807   3610   5757
15808   1617   5758
15810   3876   5758
15815   1227   5760
15818    721   5760
15820   5762   5763
15823   2120   5762
15824   2171   5763
15826   4613   5762
15827   1178   5763
15830   5765   5767
15832   5301   5765
15834   5674   5767
15837   5679   5767
15838   5768   5769
15839   5047   5768
15840   5755   5768
15841   5452   5768
15842   1461   5769
15844   2186   5769
15845   5770   5771
15846   4420   5770
15847   5763   5770
15848   4823   5770
15850   5762   5771
15851   1657   5771
15853   5772   5774
15855    794   5772
15857   3147   5774
15858   4619   5772
15860   3533   5774
15861   5775   5776
15862   5755   5775
15863   5772   5775
15864   3981   5775
15865   5769   5776
15866   5774   5776
15867   1459   5776
15881   5757   5781
15883   1309   5781
15893   5785   5786
15894   2753   5785
15895   5765   5785
15896   4394   5785
15897   4330   5786
15898   5767   5786
15899   4497   5786
15900   5787   5788
15901   5726   5787
15902   2402   5787
15904   4426   5788
15905   1346   5788
15906   5781   5788
15907   5789   5790
15908   5193   5789
15909   5760   5789
15910   3464   5789
15911   5142   5790
15913   4264   5790
15917   4566   5791
15920    202   5791
15928   5706   5796
15931   2860   5796
15932   5797   5798
15933   4349   5797
15935   2074   5797
15936   4422   5798
15937   5796   5798
15938   2063   5798
15939   5799   5800
15940   4436   5799
15941   5791   5799
15942   3333   5799
15943   4131   5800
15945   5491   5800
15955   5804   5805
15956   4382   5804
15957   5797   5804
15958   4254   5804
15959   5316   5805
15960   5796   5805
15974   5459   5810
15977   5748   5810
15983   2942   5813
15986   4011   5813
15987   5814   5815
15988   4968   5814
15990   4860   5814
15991   5765   5815
15992   5810   5815
15993   4953   5815
15994   5816   5817
15995   1328   5816
15997   5431   5816
15998   5391   5817
15999   5813   5817
16000   2941   5817
16006   2313   5820
16009    241   5820
16010   5821   5822
16011   5800   5821
16013    321   5821
16014   5791   5822
16015   5820   5822
16016   4268   5822
16017   5823   5824
16018   5213   5823
16019   5816   5823
16020   1318   5823
16021   5545   5824
16022   5813   5824
16023   5636   5824
16029   3888   5827
16032   3447   5827
16034   5828   5830
16036   5169   5828
16038   4463   5830
16039   5058   5828
16041   3281   5830
16042   5831   5832
16043   4116   5831
16044   5828   5831
16045    332   5831
16046   4131   5832
16047   5830   5832
16048    321   5832
16049   5833   5834
16050   5731   5833
16051   5821   5833
16052   5373   5833
16053    238   5834
16054   5820   5834
16055   5406   5834
16060   1913   5836
16061   5827   5836
16068   4580   5839
16071   5747   5839
16075   1409   5840
16078   2709   5840
16081   5843   5844
16082   3187   5843
16084    320   5843
16085   3713   5844
16086   5840   5844
16087    678   5844
16091    783   5845
16097   5848   5849
16100   2652   5848
16101   3804   5849
16103   4326   5848
16104   4452   5849
16110   4569   5852
16111   5845   5852
16112   5827   5852
16113   5853   5854
16114   5814   5853
16117   5810   5854
16118   5839   5854
16119   5472   5854
16120   5855   5856
16121   5650   5855
16122   5853   5855
16123     74   5855
16124   5661   5856
16125   5839   5856
16126   1391   5856
16143   5862   5863
16144   5222   5862
16145   3251   5862
16146   5849   5862
16147   5356   5863
16148   3509   5863
16149   5848   5863
16151   5864   5866
16153   1045   5864
16155   3691   5866
16156   1050   5864
16158   5321   5866
16163   4480   5868
16166   4841   5868
16168   5870   5871
16169   4155   5870
16170   5840   5870
16171    174   5870
16172    197   5871
16173   5843   5871
16174   3828   5871
16184   5875   5876
16185   5370   5875
16186   5868   5875
16187   5252   5875
16190   1059   5876
16191   5877   5878
16192   1044   5877
16193   5864   5877
16194   5388   5877
16195   4160   5878
16196   5866   5878
16197   5421   5878
16199   5879   5881
16201   1174   5879
16203   3134   5881
16204   4227   5879
16206   4503   5881
16212   1915   5884
16215   4337   5884
16216   5885   5886
16217   4146   5885
16219     52   5885
16220   1530   5886
16222   3154   5886
16232   5890   5891
16233   4683   5890
16234    453   5890
16235   5885   5890
16236     71   5891
16237   4819   5891
16238   5886   5891
16239   5892   5893
16240   5622   5892
16241   5868   5892
16242   5485   5892
16243   5627   5893
16244   5876   5893
16245   5553   5893
16246   5894   5895
16247   1580   5894
16249   2915   5894
16250   2269   5895
16251   5884   5895
16252   3775   5895
16253   5896   5897
16255   5894   5896
16256   1582   5896
16257   5852   5897
16258   5884   5897
16259   5836   5897
16260   5898   5899
16261   5700   5898
16262   5879   5898
16263   4876   5898
16264   5691   5899
16265   5881   5899
16266   4418   5899
16271   5168   5901
16274   4642   5901
16365   5931   5932
16366   4644   5931
16367   5901   5931
16368   3097   5931
16369   4569   5932
16371   5845   5932
16401    736   5940
16404   5943   5944
16405    877   5943
16407   4103   5943
16408   4121   5944
16409   5940   5944
16410   4378   5944
16420   5948   5949
16421     64   5948
16423   2546   5948
16424   5853   5949
16426   3415   5949
16436   5953   5954
16437   5948   5953
16438   1439   5953
16439   3154   5953
16440   5949   5954
16441   3387   5954
16442     74   5954
16445   5956   5957
16447    438   5956
16448    430   5957
16450   4661   5956
16451   4687   5957
16454   5959   5960
16456   1668   5959
16457   2029   5960
16459   1677   5959
16460   2031   5960
16466   1227   5963
16469   5836   5963
16470   5964   5965
16471   5901   5964
16472   5959   5964
16473    782   5964
16474   5932   5965
16475   5960   5965
16477   5966   5967
16478    722   5966
16480    724   5966
16481    719   5967
16482   5963   5967
16483    721   5967
16484   5968   5969
16485   3293   5968
16486   5956   5968
16487   5254   5968
16488   2645   5969
16489   5957   5969
16490   5313   5969
16495   1288   5971
16498   4811   5971
16501   5973   5975
16503   3469   5973
16505   1184   5975
16506   3147   5973
16508   4076   5975
16509   5976   5977
16510   4794   5976
16511   5971   5976
16512   4057   5976
16513   5154   5977
16515   5590   5977
16517   5978   5980
16519   3622   5978
16522   3649   5978
16524   3180   5980
16525   5981   5982
16526   3513   5981
16527   5973   5981
16528   5131   5981
16529   4390   5982
16530   5975   5982
16531   5139   5982
16535   2888   5983
16538   3341   5983
16541   5986   5987
16542   5971   5986
16543   5983   5986
16544   1762   5986
16545   5977   5987
16547   3185   5987
16548   5988   5989
16549   1114   5988
16550   5978   5988
16551   1136   5988
16552   4410   5989
16553   5980   5989
16554   2584   5989
16555   5990   5991
16556   5591   5990
16557   5987   5990
16558   4211   5990
16559   3658   5991
16560   5983   5991
16561   5465   5991
16579   5997   5999
16581   4770   5997
16583   2739   5999
16584    996   5997
16586   5707   5999
16587   6000   6001
16588   5668   6000
16589   5997   6000
16590   4703   6000
16591   5805   6001
16592   5999   6001
16593   4886   6001
16667   6025   6026
16669   5105   6025
16670   1294   6025
16672   1815   6026
16673   4693   6026
16683   6030   6031
16684   6025   6030
16685   3341   6030
16686   1288   6030
16687   6026   6031
16688   3084   6031
16689   1300   6031
16692   6033   6034
16694   2460   6033
16695   3134   6034
16697   3788   6033
16698   4503   6034
16699   6035   6036
16700   4456   6035
16701   6033   6035
16702   5590   6035
16703   4437   6036
16704   6034   6036
16705   5530   6036
16748   6050   6052
16750   2203   6050
16752   3503   6052
16753   3701   6050
16755    876   6052
16758   3651   6053
16759     48   6053
16772   6058   6059
16773   6053   6058
16774   5760   6058
16775   4548   6058
16777   5790   6059
16778   2795   6059
16787   6062   6064
16789    924   6062
16791   1810   6064
16792   3996   6062
16794   5224   6064
16795   6065   6066
16796   3929   6065
16797   6062   6065
16798   3894   6065
16799   2541   6066
16800   6064   6066
16801   1809   6066
16820   6073   6074
16822   5440   6073
16823   4612   6074
16825   2337   6073
16826   5771   6074
16827   6075   6076
16828    229   6075
16829   6073   6075
16830   5752   6075
16831   4691   6076
16832   6074   6076
16833   5751   6076
16834   6077   6078
16837   2584   6077
16838    722   6078
16840    285   6077
16841   5286   6078
16843   6080   6081
16844   4930   6080
16845   6078   6080
16846   3623   6080
16847   4999   6081
16848   6077   6081
16849   5980   6081
16850   6082   6083
16853   3399   6082
16854   1126   6083
16856   3888   6082
16857   1855   6083
16859   6085   6086
16860   5966   6085
16861   6083   6085
16862   3611   6085
16863   5963   6086
16864   6082   6086
16865   3950   6086
16898   6097   6098
16901   4082   6097
16902    736   6098
16904    127   6097
16905   5281   6098
16907   6100   6101
16908   5592   6100
16909   6098   6100
16910   4121   6100
16911   5536   6101
16912   6097   6101
16913   1037   6101
16915   6102   6104
16917   1656   6102
16919   3516   6104
16920   4308   6102
16922   4689   6104
16939   6110   6111
16940    776   6110
16941   6102   6110
16942   3098   6110
16943   2763   6111
16944   6104   6111
16945   1496   6111
16950   1769   6113
16953   4264   6113
16955   6115   6116
16956   4701   6115
16957   6113   6115
16958   5185   6115
16959   2670   6116
16961   3036   6116
16962   6117   6118
16963   6059   6117
16964   6113   6117
16965   4630   6117
16966   6053   6118
16967   6116   6118
16968   4789   6118
16974   3361   6121
16977   4701   6121
16978   6122   6123
16979    549   6122
16981    544   6122
16982   4264   6123
16983   6121   6123
16984   3464   6123
16986   6124   6126
16988    668   6124
16990    666   6126
16991   5965   6124
16993   1587   6126
16999   4483   6129
17002   3712   6129
17003   6130   6131
17004   5845   6130
17005   6124   6130
17006    678   6130
17007   5896   6131
17008   6126   6131
17009   3713   6131
17010   6132   6133
17011   6122   6132
17013    562   6132
17014   6121   6133
17015   6129   6133
17016   4893   6133
17035   6140   6141
17037   5298   6140
17038   4641   6141
17040   5339   6140
17041   5255   6141
17042   6142   6143
17043   5006   6142
17044   6140   6142
17045    549   6142
17046   5196   6143
17047   6141   6143
17048   3911   6143
17068   3956   6149
17071   4085   6149
17074   6152   6153
17075   4977   6152
17077   5422   6152
17078   4840   6153
17079   6149   6153
17084   3873   6154
17087   3922   6154
17090   6157   6158
17091   5394   6157
17092   6154   6157
17093   4853   6157
17094   5431   6158
17096   4764   6158
17102   1326   6161
17105   5727   6161
17119   3349   6166
17121   6161   6166
17133   6171   6172
17135   1380   6171
17136   4152   6172
17139   3876   6172
17140   6173   6174
17142   1380   6173
17143   6166   6173
17144   1309   6174
17145   4710   6174
17147   6175   6176
17148   5724   6175
17149   6171   6175
17150   1357   6175
17151   5717   6176
17152   6172   6176
17153   3933   6176
17157    478   6177
17160   4302   6177
17163   6180   6181
17164   6166   6180
17166    484   6180
17167   6174   6181
17168   6177   6181
17169    488   6181
17170   6182   6183
17171   1527   6182
17172   6177   6182
17173   4461   6182
17174   2587   6183
17175   6180   6183
17178   6184   6186
17180    484   6184
17182   5638   6186
17183   6183   6184
17185   5640   6186
17186   6187   6188
17187   4460   6187
17188   6184   6187
17189    483   6187
17190   4890   6188
17191   6186   6188
17192   2057   6188
17193   6189   6190
17196   1527   6189
17197   3378   6190
17199   1528   6189
17200   3058   6190
17202   6192   6193
17203   3235   6192
17204   6190   6192
17205   5048   6192
17206   3136   6193
17207   6189   6193
17208   4302   6193
17210   6194   6196
17212   6171   6194
17214   2812   6196
17215   5758   6194
17217   2401   6196
17218   6197   6198
17219   5781   6197
17220   6194   6197
17221   6173   6197
17222   5787   6198
17223   6196   6198
17224   6161   6198
17865   6399   6400
17868   3443   6399
17869    699   6400
17871    679   6399
17872   6129   6400
17874   6402   6403
17875   6132   6402
17876   6400   6402
17877    295   6402
17878    557   6403
17879   6399   6403
17880   4615   6403
17885   5151   6405
17888   4251   6405
17890   6407   6408
17891   3922   6407
17892   6405   6407
17893   6149   6407
17894   3873   6408
17896   6152   6408
17898   6409   6411
17900   4956   6409
17902   1904   6411
17903   2161   6409
17905   3721   6411
17906   6412   6413
17907   2941   6412
17908   6409   6412
17909   6158   6412
17910   3923   6413
17911   6411   6413
17912   6154   6413
18029   3432   6450
18032   4912   6450
18034   6452   6453
18035   5275   6452
18036   6450   6452
18037   6405   6452
18038   4154   6453
18040   6408   6453
18041   6454   6455
18042   5277   6454
18043   6450   6454
18044   4633   6454
18045   3691   6455
18046   6453   6455
18047   5421   6455
18081   6466   6468
18083   4976   6466
18085   4896   6468
18086   6153   6466
18088   1971   6468
18089   6469   6470
18090   3956   6469
18091   6466   6469
18092    347   6469
18093   1723   6470
18094   6468   6470
18095   1973   6470
18100   5106   6472
18103   3026   6472
18105   6474   6475
18106   1430   6474
18107   6472   6474
18108   5297   6474
18109   4250   6475
18111   5246   6475
18113   6476   6478
18115   4250   6476
18117   2203   6478
18118   4015   6476
18120   5071   6478
18121   6479   6480
18122   5662   6479
18123   6476   6479
18125   4895   6480
18126   6478   6480
18128   6481   6482
18132   5288   6482
18134   6479   6481
18135   4495   6482
18137   6484   6485
18138   6472   6484
18139   6482   6484
18140   3164   6484
18141   6475   6485
18142   6481   6485
18143   2540   6485
18145   6486   6488
18147   3777   6486
18149   3287   6488
18150   3894   6486
18152   4104   6488
18157   6052   6490
18158   6488   6490
18159   1973   6490
18160   6491   6492
18163   6050   6491
18164   3929   6492
18166   6490   6491
18167   6486   6492
18169   6494   6495
18170   4012   6494
18171   6492   6494
18172   6481   6494
18173   4896   6495
18174   6491   6495
18175   6480   6495
18192   6501   6502
18195   5546   6501
18196   3004   6502
18198   5733   6501
18199   1619   6502
18201   6504   6505
18202   5385   6504
18203   6502   6504
18204   4780   6504
18205   5446   6505
18206   6501   6505
18207   4447   6505
18208   6506   6507
18211   4315   6506
18212   5627   6507
18214   4505   6506
18215   5876   6507
18233   6514   6515
18234   6507   6514
18235   5075   6514
18236   4191   6514
18237   6506   6515
18238   5089   6515
18239   4414   6515
18241   6516   6518
18243   4465   6516
18246   4922   6516
18248   5021   6518
18249   6519   6520
18250      5   6519
18251   6516   6519
18252   3127   6519
18253   2870   6520
18254   6518   6520
18255   2455   6520
18288   6531   6532
18291   4825   6531
18292   4465   6532
18294   4792   6531
18295   3127   6532
18297   6534   6535
18298   3854   6534
18299   6532   6534
18300   4193   6534
18301   3591   6535
18302   6531   6535
18303   2796   6535
18368   6556   6557
18371   5714   6556
18372   3331   6557
18374    813   6556
18375   5250   6557
18377   6559   6560
18378   3336   6559
18379   6557   6559
18380   4630   6559
18381   1772   6560
18382   6556   6560
18383   1769   6560
18389   4259   6563
18392    875   6563
18393   6564   6565
18394   2994   6564
18396   2455   6564
18397   4114   6565
18398   6563   6565
18399   6518   6565
18400   6566   6567
18401   5940   6566
18402   6564   6566
18403   5280   6566
18404   5943   6567
18405   6563   6567
18406   3578   6567
18423   6573   6574
18426    739   6573
18427    741   6574
18429   1724   6573
18430   4671   6574
18432   6576   6577
18433   1719   6576
18434   6574   6576
18435   5940   6576
18436   1725   6577
18437   6573   6577
18438   5280   6577
18727   6668   6669
18730   4882   6668
18731   5187   6669
18733   2778   6668
18734   3936   6669
18768   6681   6682
18769   4218   6681
18770   3282   6681
18771   6669   6681
18772   3166   6682
18773   4836   6682
18774   6668   6682
polygons 2380
1      5      6   5831  13840  13842
2     12   5831  12679  12681
3  12682  12792  18291  18294
5  12678  12679  12682  13179  13840  13841
6   6829  11822  11825  13111  13114
7   6828   6829  13176  13841  13842
8  11825  12791  12792  13176  13179
9  11827  13114  18243  18246
12      6   6828  13111  18246  18250  18251
13      5     12   7186  18250  18252
14   7186  12678  12681  18288  18294  18295
16  18243  18251  18252  18292  18295
17   6931   6932  12867  12870  12873
18     50   6377  11714  11718  12871  12873
19     50   6932   6933  12601  12603
20  10415  12031  12032  13953  13955
21  11857  12028  12029  12867  12868  12871
22  11859  13949  13955  14998  15001  15004
23   6377   8569  12597  12600  12603
24   6931   6933  14653  14703  14704
26  12597  12601  13950  14653  15000  15001
27  11854  11857  14701  15003  15004
29  12868  12870  14698  14701  14704
30  16122  16123  16424  16440  16442
33     94     95  12909  12912
34  12912  15990  16114  16420  16421  16424
36    102  11651  12909  13256  15988  15990
37     95    102   7279  16216  16219  16222
38     94   7279  16421  16437  16439
40    115  12328  15461  16121  16123
41  12324  12328  16232  16233  16236
43  11651  12326  16219  16233  16235
44    115  16222  16236  16238  16436  16439  16442
47    126   6126   6131   6333   6335
48   6334   6335  10685  12226  12227
49   6131  10647  10649  10650  12662  12663
50   6333   6334   9204  10361  10363
52    148   9204   9206  10679  10682  10685
53    150   9206  10362  10363
54    148    150   7397  13117  13120  13123
55   7396   7397   8650  10681  10682
56    126  10361  10362  10649  13119  13120
58   6388   7396  10650  13122  13123
60   6388   8650  12657  12660  12663
63   7653   9561  13607  13610  13613
65    173   6948   7653  10665  10668
68  10665  11716  12029  13608  13610
69   8766  11857  12637  12639
72   9555   9557  11552  13611  13613
73    204   5185   7250   9557   9558
74   5185   8765   8766  12143  12868  12869
78  10668  11716  12145  12871  12872
79    210    173   9555   9558   9561
80    210    204   6948  12138  12143  12145
81  12028  12638  12639  13607  13608  13611
83    217    218   8005  11604  12034  12035
84    221    222    223  11601  11604
85   6751  10834  10835  11477  11480  11483
86    231   7487   7489  11479  11480
87    233    218    234  11482  11483
88    217    223    236    237    234
89    236    222    238    231    239
90    239    237  11477  11479  11482
91    241    242  11601  12035  12036
92   6674  12034  12036  12487  12493  12494
93    221    242    245    238   7489   7490
94    233   6751   8005  12494  13159  13160
95    251    245    241   6674   6676
96    251   7487   7490  10833  10834  10837
97   6676  10837  12493  13162  13163
98   7007   7013   8114   8609   8611
99    261   7008   8108   8111   8114
100    264    265   4788   8109   8111
101    268    269   4788   8606   8608
103    271    272    273   8605   8606   8609
104    265    274    261  10588  16169  16171
106    284   9510  16168  16171  16174
108    269    290    284    274    264
109    294    295    271   7013   8707   8709
110    272    295   9511   9514
111    290    268    273   9507   9510   9511
112   7007   7008   8709  10588  10589
114   8707  10589  16168  16169  16172
115    294   9507   9514  16172  16174
116  11899  12536  12537  15917  15941  15942
117  12539  12540  15266  15269  15272
118  11938  11940  15269  16700  16702
119  11509  11510  11577  16699  16700  16703
121  12349  12350  15072  16703  16705
122  12171  12175  15072  15271  15272
124  11577  11934  11940  15917  15920
125  11510  15920  15940  15941
126  11899  12175  12176  12348  12350
128  11509  12348  12349  15940  15942
133    346   7867  11899  14427  14429
134    346  14951  15720  15743  15744
135   7867  14951  15939  15942  15945
136  14426  14429  14432  15743  15745
138  12537  12538  14426  14427  14430
141  15720  15945  16011  16050  16051
144    379    380  16009  16053  16054
145    382  15744  15745  16049  16050  16053
146  11936  15917  16009  16014  16015
147    380    382  10025  14430  14432
148    379  10025  11936  12536  12538
150  11018  13885  13889  14277  14283  14284
152   8217   8221  14281  14284
153  14277  14280  14281  14552  14555  14558
154   8221  10797  11018  13825  13826
155   7406   9795  10799  14450  14452  14454
156   7402   9795  13762  13763
157   9880  13891  14280  14283
158  13762  13824  13826  13889  13892
160   7402   7406   9882  13885  13891  13892
161   9880   9882  14452  14554  14555
163   8217  10794  10797  14454  14557  14558
164  11243  11873  11876  12682  12683
165   6189  11237  11243  13631  13633
166  13843  13863  13865  13953  13954
168    440   6189   8567  11873  12599  12600
169   8567  10422  13145  13864  13865
172   8776  13634  13636  13863  13864
173    440  13145  13630  13633  13636
175   8774   8776  13839  13840  13843
176   6230   8341  10727  10728  10731
177  10622  10626  10727  10730  10733
178   9780   9781  10625  10731  10733
179    465    466   8756   8758   8761
180    467   8427   8758   9779   9780
181    466    472    473    474    475    467
183    474  10626  10628  13710  13712
184    484   7899   8340   8341   8761   8762
185    484    485    486    472    465
186    475   8427  10622  10625  10628
187    485   7899  13707  13709
188    473    486  13706  13707  13710
189   6230   8756   8762   9779   9781
192  15943  16011  16013  16046  16048
193    504  10455  11444  15061  15723  15725
194    505  11444  14570  14573
195    504    508    509    510    505
196    511    509  16042  16045  16048
197    510    511  14570  16013  16051  16052
198    508  10455  16043  16045
203  17068  17079  18086  18090  18091
204  13846  13849  17068  17885  17892  17893
205  12155  12159  18029  18043  18044
206  13853  17885  18029  18036  18037
207  12025  12159  12161  13846  13852  13853
208  13849  13852  18090  18092
209  13587  14722  18041  18044  18047
210  12025  13589  13590  18083  18091  18092
211  14721  17077  17896  18040  18046  18047
215  14725  17074  17077  18083  18086
218    563   6514  10329  14770  14785  14786
219    570  15063  15695  15723  15724
220  11090  11093  15060  15063  15066
221    570   6512  11090  14770  14773
222  14951  15065  15066  16825  16828  16829
224  14786  15791  16822  16829  16830
225    346  10738  15789  16828  16830
226    563  10738  10741  15742  15743  15746
227  10329  10741  15789  15791
229   6512   6514  15695  15746  15747
233    599    600  10511  11055  11056
234  11055  11057  13131  13801  13802
236    616    599   9758  13801  13803
237    620   9422   9426   9755   9758
238    620    600    616  13192  13194
239   9426   9427  13188  13191  13194
240   6272   8790  13052  13189  13191
241  10511  13046  13047  13188  13189  13192
243   9311  11056  11057  13047  13049
244   5200   6269   6272   9311  13128  13131
248   9424   9755  13128  13802  13803
253    654  12768  14547  14550
255   8900   8901  12768  12845  12847
256  14547  14561  14562  16448  16489  16490
258  12845  14550  14561  16166  16185  16186
260  11659  14181  16447  16486  16487
261    654   8895   8897   8900  16445  16447  16448
262   8897   8898  11654  11656  11659
263  14375  14562  16185  16187
264    685   8895   8898   8901
265    685  11656  12847  16163  16166
266  11654  14177  14181  16163  16186  16187
267    693   9250  10556  16217  16219
268  10552  10555  16217  16234  16235
269  12089  14783  14787  16820  16822  16823
271   5086  10555  11170  14787  14789
272   9245   9250  10328  15788  15791  15794
273  10328  11168  14783  14786  14789
274    693  11651  15784  15793  15794
275  12326  12327  15784  16823  16832  16833
277   5086  12089  12327  16233  16234
280   9245  10552  10556  11168  11170
283    726    727  11590  11591  11594
284    728  11594  17157  17172  17173
285    727    733    734    735    728
286    726    736    737    738    739    733
287    736  11591  17187  17189
289  11590  17170  17173  17183  17187  17188
290    752    753    738    754
291    755    758    752  17163  17166  17169
292    754    737    755  17180  17188  17189
293    735    762  17157  17168  17169
294  17166  17175  17180  17183
295    758    762    734    739    753
302   6968  12469  12770  16232  16234  16237
303   6965   6969  12466  12469  12472
304  11256  12472  14548  14551
305   7835   9576  11255  14545  14547  14548
306    654    786   7835  11013  12328  12330
307    786  12765  12768  16236  16237
309   9573   9576  11013  12091  12092
310    793   6969   6971   9573  11255  11256
311   5086   5087   6965   6968   6971
312    793   5087  12086  12089  12092
313    796    126    797  13926  13927  13930
314    800    796  10649  10652
315    800  13927  14709  14711
317  10697  10700  13118  13120
318  10652  13118  13119  14705  14706  14709
319  10693  10697  13015  14706  14708
320  10360  10362  10693  10699  10700
321  10364  10699  13014  13015  13018
322    797   8783  10360  10361  10364
323   8783  13018  13930  13932
324    821  11784  11786  14933  14936
325  11657  14933  16163  16241  16242
327  10164  14936  15375  16240  16242
328  10158  10160  12850  15372  15375
331    685   8043   8044  11048  11051
332  11048  11656  11657  11785  11786
334    847    848  11051  11784  11785
335    848   8038   8043  10160  10161
336    847    821  10158  10161  10164
337   8038   8044  12844  12847  12850
340    860  16981  17011  17874  17875  17878
341  14329  16979  16981  17037  17044  17045
342   8427  12093  12094  12097  12183  12184
343    467  12097  17874  17877  17880
344  12094  12096  14324  14326
345   8757   8758  17013  17875  17877
346   5820  12093  12096  17878  17880
348    882   8757   9779  17042  17045  17048
349    882  16979  17011  17013
351    860   5820  14323  14326  14329
353    887   6348  18249  18250  18253
354    896   6347   6348  12355  12357
355    900    901    902   6842   6843
356    903   6842  11326  12355  12356
357    902    906      6    887    896    903
358   6827  12451  13111  13431  13432
359   6347  12262  13429  18248  18253  18254
363  11323  12260  12262  12356  12357
364   6843  11323  11326  12454  12456
365    900   6831  12450  12451  12454
366  12260  12450  12456  13426  13429  13432
368    906    901   6827   6828   6831
369  14224  14225  15649  15664  15665
370   6230   6233  12305  13996  14221  14222
371  13998  15649  15652  17042  17043  17046
375   6233   8762  14790  14791  14794
377    962  12828  12831  15663  15665
382  11958  13379  17043  17045
383  12305  12830  12831  14794  14796
384    882    962  11956  11958  14790  14793  14796
385   8756   8757  14791  14793
386  11956  13379  15652  15663  15664
389   9781  13993  13996  17046  17048
391   9208   9209  12504  12506
392    986   9209  10215  13785  13808  13810
393    994    986  12313  12505  12506
394    994   8469  13785  16526  16528
397   8469  11354  12313  12568  12570
398  11358  11488  13813  16529  16531
399  11352  11358  12567  12570  12573
400   1012   9208  10210  10215  10217
401  10217  11488  11489  12571  12573
403   1012  12504  12505  12567  12568  12571
404   8764   8766  11641  14699  14701
405   5180   6362   8460  14702  14704
406   5177   5180  12140  12869  12870
408   1029   1030   5177   6362   6363
409   1034   1035   1029  12140  12143
411   1036   1030   1035   9850  10103  10104
412   1034   1036   5185   5188
414   6363   8460  10098  10104  11642  11644
415   9848  10100  11638  11641  11644
416   5188   8764   8765   9846   9848   9850
419    504   1048  16081  16084  16087
420    505  11988  12699  12700  16082  16084
421   1057    509   8487   8490   8493
422    510   8493  12694  12697  12700
423   1057   1048    508  16988  17005  17006
424   1064   8488   8490  16986  16988  16990
425   8487   8488  11989  12696  12697
426   9125   9128  16990  17008  17009
427  16085  16087  17003  17006  17009
428   1064   9126   9128  11985  11988  11989
429   1075   9128  17002  17865  17871  17872
430   8231   8232  17868  17871
431   1075   1064   8232   8588   8589
432   8584   8588  11556  11989  11992
433   1089  11662  11664  12071  12073
435   7436   8586  11556  12071  12072
436   7393   9126  11665  16999  17002
437   1100   7393  11988  11991
438   1100   9963  11661  11662  11665
440   9963  11985  11991  11992  12072  12073
441   1089   7436   8236  17865  17868  17869
442  11661  11664  16999  17869  17872
445   9593   9595  11883  11885
446   9593  12936  12937  18295  18298  18299
447  11883  12931  12936  14267  14269
448  12934  14269  18396  18402  18403
451  10929  11612  18241  18243  18389  18398  18399
453   8683   9595  10931  10932  18298  18300
454  10927  10931  18389  18405  18406
455  12931  12934  12937  18249  18252  18255
456  18254  18255  18393  18396  18399
458   6375   8567   8569  16837  16840
459   6192   6194  16481  16483
460   6188   6189   6192  14286  14289  14292
461   6188   6194  11871  11873  11875
462   1149  11875  12602  12603  16477  16480  16483
463  14290  14292  16477  16478  16481
464   5451  16478  16480  16834  16837  16838
465    440  14289  16834  16840  16841
466  14286  14290  16838  16841
467   1149   5451   6375   6377
470  12932  14269  18426  18437  18438
471   7517   7522   7523  18394  18396
475   1176  16401  18427  18434  18435
476   1176   6754   7522  10092  10093
477   7523  10095  10096  12932  12934
478   6754  16401  18394  18401  18402
480  10091  10092  10095  18423  18426  18427
482  13632  13633  14262  14288  14289
483  14256  14262  18032  18042  18043
489   1210  13913  14291  14292
490   1212  12157  13913  14258  18042  18044
493   6188   8143   8146  11240  11243
494  11241  13631  13632  18029  18032
495   1212   1210   6192   8144   8146
496  11237  11240  11241  12159  12160
497   8143   8144  12155  12157  12160
498   1057   1225  13909  16036  16044  16045
500  13549  13905  16271  16367  16368
501   1048   8082   8083  10455  10458
502   8081   8082  16091  17004  17006
503   1242   1243   8081   8083
505   1243   7092  16091  16365  16368  16371
506  13903  13909  16271  16471  16473
507   1242   7092  10458  13549  16039  16043  16044
510   1225  16470  16473  16988  16991
511   5831   6386   7276   8774   8775
513  11241  12680  12681  13853  14349  14350
514     12   6386  10865  14350  14351
517   7276  10865  10908  14216  14253  14254
518  10908  14349  14351  17885  17888
520   7083  11000  11002  15766  15768
521   1277   8516  11002  11127  11128
522   1280   8521  12050  12053
523   8515   8516  11353  12050  12569  12570
524  12053  12310  12314  12568  12569
525   1280   1291  12256  12314  12316
526  12310  12313  12316  15769  15771
528  11130  11131  12256  15765  15766  15769
529   1291   8515   8521  11125  11128  11131
530   8467   8469  15765  15768  15771
532   1277   7083   8467  11353  11354
535  10090  15668  18371  18374
536  10711  10714  14170  18372  18375
537  13377  15654  15667  18368  18371  18372
538   8347   9413  12511  12513
539   9413  10929  10930  14169  14170  14173
540   8342   8344   8347  14173  14175
541   8342  10088  12512  12513  15651  15667  15668
542  12438  13374  15651  15654
543   6955   8344  10088  10090
544   6955  14169  14175  18368  18374  18375
546  10714  10932  12204  13374  13377
547    563   9285  10400  11571  11572
549   9350  10400  10403  15746  15748
550   1336   1337  15742  15745  15748
551   1337   5465   5950   9349   9350
554   5950   9341  10114  14204  14294  14296
555  10736  10738  14297  14428  14429
556  10112  10742  14293  14294  14297
557   9285  10117  10736  10741  10742
558   1336   5465  14204  14431  14432
559   1349   1350   1351   1352   1353
560   1354   1355   1356    901   1357   1349
561   1353   1354  10083  11559  11560
562   1361   1362    900   1356   1363
563   1364   1365   1366   1367   1361
564   1363   1355   1364  10083  12074  12075
566   1352   8587  11555  11556  11559
568   1351   1376   1377   7433   8586   8587
569   1366   1381   6845   6846   7433   7436
570   1350   1357    902   1382   1376
571   1362   1367   6841   6843   6846
572   1381   1365  12070  12071  12074
573   1377   1382   6841   6842   6845
574   6754   6755  14273  16902  16905
575    210  10348  16901  16904
576   1397   7869   7870  14271  14273
577   9556   9558  14271  16898  16904  16905
578   1176  12282  12283  16898  16901  16902
580   1405   7872   7873  10093  10094
581   1411  10092  10094  12281  12283
583    173   1413  10348  12281  12282
584   6755   7522   7868   7869   7872
585   1413   1415   1405   1411   9559   9561
586   1415   1416   7868   7870   7873
587   1416   1397   9555   9556   9559
589   1421  16405  18392  18404  18405
590   9414  10930  18389  18392
591   1421   9414  12511  15147  15148  15151
592   8682  10931  12201  12204  12207
593   8682  10410  16407  18404  18406
595  10410  12207  12947  12953  12954
596  12954  15148  15150  16405  16407
598   1436   6755  10446  18393  18394  18397
599   1441  11113  11114  16404  16405  16408
600   1421   1441   8823  10476  10478
601  11113  15276  16908  16910
602   8823   8826  11114  14146  15274  15276
604  10476  10477  18392  18397  18398
605   1459   1436  14146  14272  14273
606   1459   8826  10446  10477  10478
608  16401  16408  16409  16902  16909  16910
610   1463   6302   9270   9272   9313   9314
611   1470   9270  10099  11643  11644
612   5207   9309   9311   9314
613   5200   5206   5207   6296   6302   6303
614   1475   1476   6303  11640  11641
615   1475   5206   6272  10574  10576
617   1483   6276  13128  14091  14092
618   1487   1483  10099  10100  10577  10579
619   1463   1470   1487  14090  14092
620   9309   9313  13131  14090  14091
621   1476   9848  10573  10574  10577
622   6269   6276  10573  10576  10579
623   8594  10064  16789  16792
624   1497   1498   1499   8592   8594
625   9092  10060  12206  12950  12953
627   1498   9726  10414  18145  18150  18152
628  10408  10410  16755  18152  18157  18158
629   1499   9726  16789  16797  16798
630   9840  10057  10060  16792  16796  16797
631  16796  16798  18150  18164  18167
633  12206  12207  16748  16753  16755
634   1497  10408  10414  12951  12954
635   8592  10057  10064  12947  12950  12951
636   9092   9840  16753  18160  18163  18164
637   8246   8247  10395  14421  14424
638   8250  13924  13925  14283  14405  14406
639  10395  11972  11973  12729  12801  12802
640  13889  13921  13922  14421  15038  15040
642   1542  11972  14840  14843
643   1543  11018  14840  15039  15040
644   1542   1543  12729  14284  14402  14403
645   8245   8247   8250  12801  12803
647  12802  12803  14401  14402  14405
648   7657   8657   8659  10044  10045
649   7652   8659  10665  11421  11422
651   9767  12026  12030  13242  13608  13609
652   9767  10750  12209  12210
653  10750  10939  10940  12030  12032
654  10044  12209  12211  13239  13242
655   7652   7657  13239  13609  13610
659  10938  10939  11425  11719  11720
660   9960  10045  10938  10940  12210  12211
663   1584   1585   5914  11672  11674
664   5911   5914   7399   7466   7467   7470
665   1585   6390   7395   7396   7399
666   1591   1594   7446  10680  10682
667   1591   7395   7397   7467   7469
668   1594   1597   7466   7469   7472
671   1606   7443   8653  10680  10681
672   1584   6390   8650   8653  13980  13982
673  11668  11672  13035  13980  13981
674   1615   7470   7472  11671  13032  13035
676   1618   1606  13032  13981  13982
677   1618   1615   1597   7443   7446
679   1620  11778  11794  15513  15519  15520
680  10856  10859  15516  15519
681  11794  11797  11800  11801
682   1620  10760  10762  10857  10859
684  10860  12390  15513  15516  16588  16590
685   7758   7762  10856  10857  10860
686   7977  10763  12605  12607
687   7758   7763  10759  10760  10763
689  11797  15520  16584  16588  16589
690  11800  12608  16581  16584
692   7762   7763   7977  12390  12393
693  10759  10762  11778  11801  12604  12605  12608
696   1664   4785   5862   8109   8110
697   1671   1664   5224  11416  13182  13184
698   4785   4788   5221   5224
699   1671   1677   1678   5859   5862
700   1679   1680   1681   5859   8110   8111
701   1678   1679   7961  12877  12880
702    264   5221  10871  10873  11413  11416
703    265   1681  10873  11026  11027
704   1677  12877  13183  13184
708  11029  11030  11413  12880  13182  13183
709   1680   7961  11024  11027  11030
711  13208  14848  15974  15992  15993
712  13208  13209  14622  16192  16194
713   5336   5338   5340  16153  16156
715   1714  14619  16153  16193  16194
716  14848  14885  14887  16156  16192  16193
717  14888  16113  16119  16424  16426
718   1720  12907  12912  14619  14622
719   1720   1714   5338  16421  16423
720   5340   8141  14884  14885  14888
721   5862   9227  10855  11738  11739
723   8125   9224  10172  10175  10178  11738  11740
725   7638   8593   8594  10173  10175
726   1739   1499   4785   7638   8607   8608
727   8611   9230  10176  10178
728   1498   1739   1664  10853  10855
729   1741   1497  10853  11739  11740
730   1741   8125   8592   8593
731   1742   1748  11764  13661  13663
732   1752   1742   6211   6212
733   1748   6212  12854  13490  13491  13494
735  11758  11764  13491  14584  14589  14590
736  11969  13386  13387  14589  14692  14693
737  11758  13386  13581  13661  13662
738   8087   8093  11966  11969
739   8088  11966  13387  13578  13581
740   1752   1776   1777  13578  13662  13663
742   8093  13249  13251  14691  14692  14695
743   1777   8087   8088  13245  13248  13251
744   1776   6211  12854  13246  13248
747   1783   1784   1785   1786   1787
748   1788   1789   1792   1793   1783   8401   8403
749   1787   1794   1795   1796   1788
750   1794   1786   1797   1798   1799
751   1799   1795   7348  14213  14396  14397
752   8401   9153   9157  14249  14252  14255
753   1792   9157   9299  11035  11036
754   1796   1789  14394  14397  14400
755  12772  12775  12778  14213  14254  14255
756   1798   7348  10340  12773  12775
757   8403  14252  14399  14400
758   1793   1784  11031  11032  11035
759   1785   1797  10340  10890  11032  11033
760   1817    726   7656   8659   8662
761   1413   1820   7652   7653   7656
762   1824   9143  11363  11594  11595
763  11360  11361  12284  13292  13294
764   1817   1820  11591  11592  12280  12281  12284
765   1831   1833   9139   9140   9143
766    727   1824   1831   8662  11420  11422
767   1833   6780   6949  10668  11420  11421
768   6948   6949  10348  13295  13297
772   6780   9140   9141  13291  13292  13295
773   1845   1846   9893   9896   9899
774   1847   1848   9899  11427  11429
775   1846   1847   8831  16519  16550  16551
776   9436   9437   9440  16519  16522
777   1831   8921  16522  16549  16550
779   1868   9140   9142   9894   9896
780   1848   8831   9440   9441
781   8921   9143   9219   9437   9438
782   9139   9142   9219  11430  11432
783   9436   9438   9441  11426  11429  11432
784   1833   1845   1868  16549  16551
786   6227   6229  13655  14114  14115
787   6227   8260  12592  12595
788  12591  13216  13250  13251
789   1890  13421  14113  14115
790   1890   6229  12588  12595  13213  13215  13216
791   1894   8260   8262  13655  13658
792  13215  13247  13248  13417  13420  13421
794   8087   8089   8262  12588  12591  12592
795   1902   1903   1894   8088   8089
796   1777   1902  13420  13423
797   1903  13417  13423  13658  14113  14114
800   6062  12753  12755  15464  15495  15496
802   1919   6423  12749  12750  12753
803   6062   6069  12558  12957  12959
804   1927   6069  12749  12752  12755
805   1927  12957  15622  16261  16263
807   7564  13168  14343  14346
808  10821  14343  15462  15494  15496
809   1919  10825  15620  16204  16261  16262
810   6423  10819  10825  15462  15464
811  12959  13167  13168  16201  16262  16263
813   7564  10819  10821  16201  16204
814  12750  12752  15620  15622
815  12558  13167  14346  15494  15495
816   5091   5092   6545  14848  14851
817   1957   5097   6545  14553  14555
818  14552  14553  14851  14886  14887
819   5091   5097   6457  10605  10606
820   5092  10605  16191  16192  16195
823   8219  14558  14885  14886
824   8219  14281  14403  16151  16156  16158
825   1957   6457  14280  14406  14407
829   1980    150  10700  11662  11663  12498  12499
830   1984  12499  12503  12506  12509
831   1985   1986   9203   9208  10360  10363  10366
832   1989   1985  12503  12504  12507
834   1984   1980   9203   9206   9209
835   1991  10366  10699  11665  11666
836   1992   9963  12498  12507  12509
837   1100   1991   1986   1989   1992
838  13139  14260  14288  16841  16844  16845
840   2003   6555  12801  13916  14290  14291
841   2004   2006  13102  14256  14257  14260
842   2007   2010   2004  11972  11974
843   2006   2012   2007  13136  13139
844   6555   8832   8834  10392  10395
845   2003   8834  16838  16845  16846
846   2010  12729  13102  13103
847   2020   8832  13136  16844  16846
848   2020   2012  10392  11973  11974
852   9911   9912  15815  16758  16773  16774
853   9907   9912  16466  16863  16865
854  15815  15818  16466  16482  16483
855  11875  15818  16774  16775
857   6933   8923   8925  16758  16759
858  12601  12602  16759  16773  16775
859   6932   8795   8796   8924   8925
860   8792  16480  16860  16862
861   8923   8924   9907   9908   9911
862   1149     50   8791   8792   8795
865  13859  16513  16515  16694  16701  16702
866   5072  11275  13855  13856  13859
867  11286  11287  12692  16510  16512
868   4975   9377  11274  11275  11581  11582
869   2069   4971   4975  11286  11288
870   2069  11576  11582  11939  11940
871  10262  11287  11288  11938  11939
872  10262  15269  16509  16512  16515
873   5072   9377  16694  16697
878   2078   5911   5916  15630  15633  15634
879   2083   2084   2078  11343  11349  11350
880   2083   5916  11671  12759  12762
881   2092   2084   6212  12756  12759  12760
882  12760  12763  12852  12854
883  11343  11346  11347  13491  13493
884   2092   1748  11347  11350
885  11342  11673  11674  15633  15644  15645
887  11346  11349  15634  15641  15642
888  13490  13493  13496  15639  15642  15645
890   5541  12553  12556  12958  12959
891   9105  10249  10251  12553  12558  12559
893  11331  11332  12556  12559
894   8542  10323  10325  12957  12958
895   5541   8542  11332  14776  14779  14782
897   9105  11154  11331  14515  14778  14779
898   6069  10323  12216  12249  12250
899  10267  11289  11290  13392  13398  13399
900  13396  13399  16683  16686  16689
901  10264  10267  16670  16684  16686
902   2137   2141  12918  13090  13091
903   2137   6350   6351  11289  11291
904   2141   2145  10264  11290  11291
906  12354  12357  12919  13087  13088
908   2154  12354  12355  16673  16687  16689
909   6346   6347   6350  13085  13088  13091
910   2154    896  13392  13395  13396
911   6346   6348   6351  13395  13398
912   2145  12915  12918  12919  16667  16670  16673
913   9071   9073  11480  15883  15904  15906
914  11479  15532  15704  15900  15901  15904
916  15883  17140  17144  17219  17221
917   9072   9073  17144  17167  17169
918  15445  15707  17105  17121  17164  17166
919  15703  15901  17105  17222  17224
920    752   2179   2180   7488   7489
921    231   2180  15529  15532  15535
922   2179    755  15445  15534  15535
923    758   7487   7488   9071   9072
925   8494   8497  12822  12824  14757  14759
926   7920   8499  12821  12824  12827
927   7921   8496   8497  14053  16018  16020
929  14753  14759  15997  16019  16020
931   8970  14051  15995  16018  16019
932   2211  14754  15995  15997
933   2215   8973   8975  12825  12827
934   2216   8969   8975  14051  14053
935   2215   2216   7917   7920   7921
936   2219   2220  14753  14754  14757
937   2221   2211   2219   8969   8970   8973
938   2220   2221  12821  12822  12825
940   2222   2224   1606  11481  11483
941   2227   2222   7443  11300  11302
942   2224    233   2229   8653  12658  12660
943   2230   2231   2232  12228  12658  12659
944   2229    218   2234   2230
945   2227   2235   2236  11481  11482
946  11303  11305  12227  12228
947   2232   2238   2235  11299  11302  11305
948   2236   2238   2231   2234    234
949   6404   6405  10102  10103  17147  17150  17153
950   9850  15677  17151  17153
951   5870  15697  17148  17150
952   2251  13648  15092  15095  15096
953   2254   2255   6404  13644  13645  13648
954   1036  15092  15098  15099  15677  15700  15701
956   5870   6405   7544  13645  13647
957   1030   2261   2251   2255   2262
958   2262   2254  10102  10104
959   2261   1035  15095  15098
960   1441  15148  15386  16243  16245
964  16243  16244  18212  18215
965  11114  15386  18208  18211  18212
966   1741  12951  15150  16190  16244  16245
968  10414  10853  10854  11317  11318
969  11740  16190  18208  18214  18215
970  10470  11317  16408  16410
971  15699  17148  17149  17210  17212  17214
972  17135  17142  17212  17220  17221
974   2215   5867   6164  15697  15699
976   2299   5867   5870   7920   7923
977   2301   7917   7923  17119  17142  17143
978   2301   2299  17135  17149  17150
979   7921  17102  17119  17121
980   2216   6164  17102  17214  17223  17224
982   8896   8897  10250  12246  12248
983  11659  11660  12247  12248  16097  16103  16104
984  11566  11568  13978  13997  13998
985   9585  11562  11568  11654  11657  11660
986   5659   7569  11050  13994  14220  14221
987   5659   7038  11154  16100  16103
989   7038   7569   7570  10250  10251
990  11562  11566  16101  16104
991   7570   8896   8898  11046  11048  11050
994  11974  13804  14094  14838  14843  14844
995   2333   2334   2007  13800  13801  13804
996  12712  14116  14118  14838  14840  14841
997   9313   9418  12712  13551  13553
998   9309  11054  11057  11060  13421  13552  13553
999   1890   2343   8193  11058  11060
1000   2345   2004   2334   8193   8195
1001   9418  14089  14090  14841  14844
1004   2333   8195  11054  11055  11058
1005   2010   2345   2343   1542  14112  14115  14118
1006   8924  11025  11027  12419  12421
1008   2358   9908   9910  10876  11025  11026
1009    274   2362  10873  10876
1010   9907   9910   9913  16075  16078
1011   2358   2362  16075  16170  16171
1013   8929   9911   9913  10591  10593
1014  10587  10588  10591  12422  12424
1015    261   1681  12418  12421  12424
1016   6862   6864   8950   8951
1017   8950  11711  14388  15537  15539
1018   6864  11711  18103  18135  18138  18139
1019   2384   2385   8752  10124  10125
1020   2389   8752  10900  18105  18106  18109
1021  15537  15538  18122  18128  18134  18135
1022   2389   2384   6868   8951  14388  14390
1024   2385  14390  15500  15538  15539
1025  10125  15500  18118  18122  18123
1027   6862   6868  18103  18106  18107
1029  14802  14803  15375  15389  15390
1030   2406   2407   2408   8039  12848  12850
1031   2411   6309   8039  10159  10160
1032   2220   2413   2414   6309  14232  14799  14800
1033   2221   8316  14226  14229  14232
1034   8314   8320  14228  14229  15389  15391
1035   2411   2414   2421   2406
1036   2422  12848  15372  15390  15391
1037   2422   2408   8320  12821  12823  12826
1038   8314   8316  12825  12826
1039   2407   2421   2413  12822  12823
1041  13258  15894  15895  15987  15988  15991
1042  11372  14338  15832  15895  15896
1043  15778  15832  15977  15991  15992
1044   7563  14338  14343  15772  15775  15778
1045  11367  11369  13258  15458  15459  15462
1046  11366  11367  15894  15896
1048   7563  10821  11366  11369  11372
1050   2445   2219  14230  14232
1051  10463  13507  13509  14226  14227  14230
1052   2455   8315  14227  14229
1053   2455   5568  10010  10461  10463  10466
1054   5564   5568   8315   8316   8973   8974
1056   5564   5570  10010  15861  15864  15867
1057   2463  15842  15865  15867
1058   2463   5570   8969   8971   8974
1059   2211   2445  13506  13507  13510
1060   8970   8971  13510  15838  15839  15842
1061   2470   1459   2471  10462  10463
1062   2471   8826  14029  14227  14228
1066  10462  12296  13509  14586  14693  14694
1067  12808  12809  14586  14589
1068   2488  13507  14692  14694
1070   2470  10446  12296  12809  12810
1071   2488  11969  14230  14798  14799
1073   7001   7798  11858  15002  15004
1074   4967  13176  13951  14999  15001
1075   2497   1355   7798   7801
1076   1356   2497   6831   7000   7001   7004
1077   1354   7801  11204  11858  11859
1078   1349  11204  13845  13954  13955
1079   4967   6827   6829   7004   7005
1080   1357    906  13839  13842  13845
1081   6439   7656   7657  14358  14580  14581
1082   2506    739   8214  10047  10048
1083    733   8214   8657   8662   8663
1085   6439   9552   9554  10043  10044  10047
1086    738   2506   9548   9549   9552
1087    737   9549  14359  14577  14578
1088   1817    736  14355  14358  14359
1089   9774  14881  15041  15043
1090   6990   6991   9774  13765  13827  13829
1091   5996   7404  13892  13920  13921
1093   2530   5994   7404  13761  13762  13765
1094   2533   2535   2536   5994   5996
1095   2537   2533   5577  13920  13922
1096   2536   2537   5987   6987   6988
1097   6986   6987   6990  14877  14878  14881
1099   5577   5987  14421  14878  14880
1101   2530   2535   6986   6988   6991
1105   9246   9283   9285   9287  10328  10329
1106   2555   5603   9246  11168  11430  11431
1108   5603   9894   9895  12287  12290  12293
1109   8645   9898  11427  14768  14770  14772
1110   6514   8638   8645  10400  12291  12293
1111   2555   9287  11575  12288  12290
1112   2563   5459   8238   8241   8244
1113   5460   8240   8241  17196  17199
1114   8243   8244  12769  16220  16237  16238
1116   6968  10554  10555  17197  17200
1117   2583  12467  12469  17193  17199  17200
1120   2563  10571  10572  16216  16217  16220
1121   2589  12467  12769  12770
1122   5459   5460  10566  10569  10572
1124  10568  10569  17193  17196  17197
1125   2589   2583   8238   8240   8243
1126    222  10956  10958  10968  11510  11511
1127    221   9020  10955  10958  10961
1128   7700  11604  16038  16041
1129    223   7698   7700  10965  10968
1130  10504  10965  11511  15939  15940  15943
1132   7698  10504  16041  16046  16047
1133   9019   9020  11601  16038  16047  16048
1135   9019  10961  16010  16013  16016
1137  10955  10956  15920  16014  16016
1140   2621   2622   7738  14083  14085
1142   2629   7738  11358  11495  11498
1143   8515   8520   8855  10256  10257
1144   8849   8855  14591  14593  14596
1145   8520  12050  13728  14596  14597
1146   8905  14076  14084  14085  14593  14594
1147  10253  10254  12646  14076  14079
1150   5249  11352  11353  11498  12644  12646
1151   2629   2622  12573  13723  13725
1152   2621  13722  13723  14591  14594  14597
1154   5249   8516  10252  10253  10256
1156   9959  10938  13065  13867  13868
1157   5083   8598   8602  13065  13068
1158   2661   8408   8602   8604  10048  10049
1160   5081  11533  13068  13866  13867
1161   8598   8604   8663   9959   9960
1162   2669   2661   5081   5083
1163   2669   8408  11532  11533  12213  12214
1164  10043  10049  12208  12211  12214
1166  10515  11337  12852  13218  13246  13247
1168  11059  11060  13215  13218
1170   2682   2683   5207   6211  12760  13048  13049
1172   2682   9314  13550  13553  13556
1174   1776   2683  13420  13555  13556
1175  10510  11337  12763  13047  13048
1177   2690   2691   2692  17871  17878  17879
1178   2692   1075  16990  16993
1179   7957   9130  16256  17007  17009
1180   2690    860   6495  16247  16249
1181   2691  16247  16255  16993  17007  17008
1183   8304   8306  16249  16255  16256
1185   7957   8304  16974  16983  16984
1190   6495   8306  16978  16981  16984
1192   9125   9130  16974  17002  17014  17015
1193   2726   8761  14706  14791  14792
1195  14708  14792  14793  17010  17013  17016
1196    465   2731   2726  10697  11663  11664
1197  11666  13015  16999  17015  17016
1201   2731    466  17869  17876  17877
1202   9483   9892  14374  14559  14562  14565
1203   9229   9890   9892  10177  10178
1204  14559  14563  16184  16185  18215  18234  18236
1205   9890  11434  11435  14563  14565
1206  11437  11738  18214  18237  18239
1207   8125  14182  16184  16187  16190
1208  10174  10175  14182  14374  14375
1212   2758   6793  15127  15736  15738
1213  13053  13054  15729  15737  15738
1215   2770  13059  15729  18192  18198  18199
1216   2775   1594  13053  13056  13059
1217   1597   2776   2758  13054  13056
1219   5291   5293   6790  18196  18199
1220  15736  15737  18195  18198
1221   2776   6788   6790   6793   7471   7472
1222   2775   2770   5293   7468   7469
1223   6788  15127  18192  18195  18196
1226   8600  13065  13147  13356  13358
1228  13142  13145  13356  16840  16847  16848
1231  13358  16524  16847  16849
1232   8600   9959  11425  16524  16552  16553
1233  16553  16554  16837  16848  16849
1234   6375  11718  11719  16552  16554
1235    994  13058  15729  15770  15771
1236  13053  13055  13058  13785  13787
1237   4895  10276  15735  15738  15741
1238   4889   4895   4896   7667  13054  13055
1239   4889   7509   7510  10276  10278
1240   7258   7510   8323  16503  16506
1241   7257   7258  10278  15741  15767  15768
1242   7667   8324  13787  16503  16527  16528
1246   4896   7509   8323   8324
1249   2836  10458  15061  15063
1250   2837   4696  10504  15064  15066
1251   2840   2837   7147   7698   7699
1252   7141   7146   7147  16917  16941  16942
1253   2836   1242  11090  16920  16940  16941
1254   2840   4696  11093  16917  16920
1257   7091   7092  16940  16942
1258   7091   7146  13547  13549
1259   2853   9895   9896  10878  11028  11029
1260   7960   7966  11028  11030
1261   8934  12290  13185  13292  13293
1262   1868   2853   6780   7965   7966
1263  10878  11413  12292  12293
1265   5603   8934   9141   9142
1267   2867   2868   8003   8010  12491  12494
1268   8010  12191  13904  16271  16274
1269   2868   2871  12188  12191
1270   2877   2878   6674  15567  15569
1271   5789  15566  15567  15570  16456  16459
1272   2878   2883  16456  16472  16473
1273   5788  12487  12491  15570  15572
1275   2888   2871   2867   5788   5789
1276   2888  12188  16274  16459  16471  16472
1278   2877   2883  12036  13907  13909
1281  16203  16206  16695  16698
1282  15758  15759  15762  16264  16266
1283  14466  15594  16206  16264  16265
1284  14466  15529  15530  15533  16692  16697  16698
1285  15530  15594  15704  15759  15760
1286   5070   5072  10108  14962  15122  15123
1287   7213  10108  11451  16203  16265  16266
1288   9377  14962  15448  15533  15534
1289   5070   7213  16692  16694  16695
1293  11451  15123  15686  15762  15763
1294   2924   2925   5206  12759  13051  13052
1295   2682   2926   6299   6302
1296   2930   2924   6300   6303
1297   2930   2931   2932   2084   2925
1298   2932   2933   2934   1742   2092
1299   2935   2926   2683   1752   2934
1300   2933   2931   2935   6296   6299   6300
1302   5087   8474  12344  14775  14787  14788
1303   9441   9442  12344  12346  14967  14969
1304  11429  12346  14772  14775
1305   6971   8474  14966  14967  14970
1306   9218  10554  11170  11431  11432
1311   9218   9438  13514  17197  17204  17205
1312   6965  14970  14972  17200  17203  17204
1313  13517  13519  14966  14969  14972
1314  13513  13519  17203  17205
1318   8689  11191  12284  18423  18429  18430
1319   7720   7723  18432  18433  18436
1320  13187  13293  13294  18430  18433  18434
1321   2980   2981  18429  18436  18437
1324   9396  11191  11361  11362
1325   9287   9990   9991   9994
1326   2980   7720   9991   9993  11573  11575
1330   7723  11573  12288  13185  13187
1331   2555   8934   9994   9996  11360  11362
1332   2981   8689   9396   9990   9993   9996
1333  11823  12146  12149  12150  12790  12791
1334   3000   7878  12150  12153
1335   3000  11822  11823  13664  13666
1336   6109   7858  12149  18372  18379  18380
1337   7858  10714  18297  18300  18303
1339   7878  13666  14171  18375  18378  18379
1340  11612  11827  13664  14170  14171
1341   9422   9428  12414  17144  17145
1343   3019   6276   9424  12412  12414
1344   3021  12412  17140  17142  17145
1345   3019   3021  10579  17133  17135  17136
1346   8790  10575  10576  15804  15807  15810
1347   9427   9428  15807  15881  15883
1350  15810  17133  17139  17212  17215
1352   3036  10885  12268  12621  12624
1353  12621  13324  13325  14902  14903
1354   3036  13324  13326  13857  13858
1355  10882  10885  13855  13858  13861
1356   7768  12269  12624  14901  14902
1357   7766   7768  16541  16544  16547
1358  13325  13326  16498  16510  16511
1359   7766  10170  10882  12268  12269
1362  14901  14903  16498  16542  16544
1363  10221  13957  13959  18381  18383
1364  16950  16964  16965  18377  18380  18383
1365   7307   7876  18377  18378  18381
1366   7876   9914   9915  12153  12672  12673
1367   7307   9915  10221  11636  11637
1368   9920  12672  16961  16967  16968
1369  11634  13960  16955  16958  16961
1370  13956  13959  16950  16957  16958
1371   6742   8488   8489   8588   8590
1372   1352   3082  10521  10745  10750  10751
1373   3082   9767  11559  11692  11694
1374   9480  11681  12695  12697
1375   6742   9477  10523  10751  12212  12213
1376   9475  11681  11692  11693  12208  12209  12212
1380  11555  11693  11694  11992  12695  12696
1381   8584   8587   8590  10521  10523
1382   9933  10613  10614  13004  13006
1383  10614  10863  10867  14348  14351  14354
1385   9815   9819  10905  17888  17891  17892
1386   9818  10354  17071  17891  17893
1387   9929   9933  10357  17068  17071
1389   3117  10867  10869  12635  13004  13005
1390   3121  10863  10869  10905  10908
1391  10354  10357  12632  13005  13006
1392   3121   3117   9819   9821
1393   9815   9818   9821  12632  12635
1397   3128    269   5221   9348   9350
1398   3129   3130   7641   8606   8607
1399    268   3128   1337   3132   3129
1400   3132   3135   3136   3130   5465   5466
1401   1739   5224   9348   9349   9725   9726
1403   3135  16791  16800  16801
1404   3136   7638   7641  16787  16789  16791
1406   5466   5950   9725  16795  16798  16801
1409   2731   1089   1381   3146    472
1410   3146   1365    486   5296   7401   7467   7468
1411    485   7395   7401  13121  13123
1412   5293   5296  12074  12501  12502
1413   3154   2770  12496  12499  12502
1415   1591   2775   3154   1980    148
1418   2726    484  13117  13118  13121
1419   9625   9628  16672  16687  16688
1420   6862   7893  13700  16669  16684  16685
1421   6712  13699  13705  16667  16669  16672
1422   6712   9628  11851  12094  12095
1425  11851  13705  14324  18100  18107  18108
1426   6868   7893   7895  10306  10307
1428  10306  10308  14326  18106  18108
1429   7050   9625  10307  10308  12095  12096
1432  13699  13700  18100  18103
1433  16110  16111  16369  16371
1434  11947  12190  16365  16366  16369
1435  11947  13923  13925  16032  16110  16112
1436   5577   8246   8248  16943  16945
1437   9703  16029  16091  16111  16112
1438   8245   8248   9705  16029  16032
1439   2537   7096  16939  16942  16945
1440   2533   7091   7096  12193  16366  16368
1441  12190  12193  13919  13920  13923
1442   1243   9703   9705  16939  16940  16943
1443  15266  16515  16545  16556  16557
1444   6864  12174  12540  12541  13700  13701
1445  12530  13701  16669  16670
1446  10260  10262  10264  12530  12539  12541
1448   7893   8951  16538  16559  16560
1450  10260  10267  16495  16511  16512
1451   8950  12174  15272  16555  16556  16559
1452  16495  16538  16542  16543  16685  16686
1456   3229  10977  13100  14149  14271  14272
1458  10010  10976  10977  11000  11005  11007
1459  10466  11005  11126  11127  11206  11207
1460   2470   1436   7869   9825  11207  11208
1462   1397   3229  11007  11129  11130
1463   2471   2455  13097  14146  14149
1464   5568  10976  13097  13100
1467  10461  10462  11206  11208
1468   7870   9825  11125  11126  11129
1471   3252   1848   6013  12346  16922  16943  16944
1472   2836    570   3253   8080   8083   8086
1473   8080   8081   9703  16853  16856
1474   8086   8642   9898   9899  16850  16853  16854
1475   3252   1847  16854  16857
1476   3253   6512   8642   8645
1477   6013   9705  16850  16856  16857
1478   3264   9884   9885  12186  12188  12190
1479   2868   5999  14035  14133  14134
1480   2871   3264   3269  14128  14131  14134
1481   5993   7402   7404  14032  14035  14036
1482   5993   5996   5999  12186  12191  12193
1483   3272   7406  14036  14130  14131
1484   9879   9884  13891  13923  13924
1485   3272   3269   9879   9882   9885
1486  13023  15554  15555  18121  18122  18125
1487  12911  13209  15554  15556
1488  12911  13023  13283  14622  14725  14726
1490  10607  13585  14722  16195  16197
1493   5092   5093  13208  15500  15555  15556
1495  10123  13584  13585  18113  18118  18120
1496   5093  10123  10125  10605  10607
1497  13283  13589  18120  18125  18126
1500   7446  11300  11301  13055  13056
1501  10212  10685  11303  13809  13810
1502   9203   9204  10212  10215
1504   3154   1984    986  13058  13059
1506  11299  11301  13787  13808  13809
1507   3314   7314   7315  16799  16801
1508   9839  18142  18143  18164  18171  18172
1509   7315  14207  14296  18132  18139  18140
1510   3314   5466  14204  14207
1511  10114  18147  18167  18170  18171
1514  14294  18128  18132  18170  18172
1515   5317   9839  16795  16796  16799
1518   5096   6545   6765  14827  14830  14831
1519   1620   3272   3339  14452  14455
1520   3339   3269   8070  10761  10762
1521   3342   3343   3344   5096   5097
1522   3344   1957   9879   9880   9883
1523   3348   3342  14830  14833
1525   8071  10760  10761  14827  14833  14834
1527   3343   3348   8070   8071   9883   9885
1528  10857  10858  14831  14834
1529   6765  10858  10859  14455  14553  14554
1530   8193   8194  10580  10581  10584
1531   7290  10584  10585  17084  17902  17911  17912
1532   9051  13213  13218  17898  17900  17902
1533   7290   8194   9051  11058  11059
1534  10526  12884  17084  17092  17093
1535  13216  17096  17900  17908  17909
1536   2343   6229  10528  10581  10582
1539   3372   3373  12803  13913  13916
1540  13103  13104  14402  16155  16158
1541  16155  16196  16197  18045  18047
1544   3381   3382   6460  10606  10607
1545   3373   3383   6460  14405  14407
1547   3382   3385  12157  13585  13587
1548   3385   3381   3383   3372   1212
1550   9755  12413  12414  12894  13222  13223
1551   7221   7223  14089  14092  14095
1553   7218  12412  12413  17206  17208
1554   1483   3019   7217   7218   7221
1555   7549  13518  13519  13806  14094  14095
1557  12894  13515  17202  17205  17208
1558   7217   7223   7549  17202  17203  17206
1560   2141   3406   3407   3408   8853   8855
1561   3408   3409  11285  11288  11291
1562  10025  10026  14591  14592  14595
1563  12582  12584  14592  14593
1564    379   3416   3406  14595  14596
1565   2145   8849   8853  12530  12583  12584
1566  10026  12535  12538  12541  12582  12583
1567   3407   3416   3409  11934  11936  11939
1568   3419   3420  10354  11216  11218
1569  10526  13285  17075  17894  17896
1570   8135  11216  12843  13288  13289
1572  17084  17087  17890  17891  17894
1574   3419   9818  14637  17087  17091  17092
1575   3420   8135  10673  14637  14640
1576  10673  12884  12886  13284  13285  13288
1579   8853  10257  12918  12921
1580   8902   8905  12581  12584  12587
1581   6710   8907  12587  13704  13705
1582   8902   8907   9403   9406  10254  10255
1583  11517  12359  16672  16673
1584   6710   6712   9403  11517  11519
1586   9406  11519  12359  12919  12922
1589    239  14465  14471  15530  15532
1590   3461   2235   8324  14165  15595  15597
1594  11477  11481  15904  15905
1595   2227   3461   4896  15900  15902  15905
1596   7509  15760  15761  15901  15902
1598   2236    237  14165  14470  14471
1601   8323  15591  15595  15759  15761
1603   2629   5643   9260  11488  11490
1604   5643   7738  16484  16485  16488
1605  12249  12754  12755  16445  16450  16451
1607   9260  13012  13013  16451  16488  16489
1608  11490  13007  13013  13812  13813
1609  12752  13009  13812  16505  16530  16531
1610   1927  10323  16505  16508
1611  11495  12217  12250  16450  16485  16486
1614   3500  12983  13658  13964  13965
1615   3500   3501   1894   6312  10159  10161
1616   2411   5341   8260   8261  16423  16437  16438
1617   8140   8141  12980  13964  13966
1618   3516   8043   8140  16426  16440  16441
1620   6309   6312   8261   8262
1622   3516    848   3501  12980  12983
1624   5336   5341  13655  13965  13966
1625   8038   8039  16436  16438  16441
1627   9992   9993  18088  18093  18094
1628   9283   9991   9992  10117  12167  12170
1629  12170  13026  18085  18088
1631  10112  12167  13026  18169  18170  18173
1632  18085  18094  18095  18159  18166  18173  18174
1633   3534   7720  18149  18158  18159
1634   2980   3534  18093  18095
1636   4964   4967  11823  11825
1637  14653  14656  16759  16966  16968
1638  12149  16778  16963  16965
1639   4964  12150  12673  14656  14999  15000
1640  11871  11876  12790  12792  16772  16775  16778
1644   1353   3082  11204  12030  12031
1645  11560  11691  11694  14610  14809  14810
1646   7801  10083  12642  14610  18202  18204
1647  13611  13612  14807  18205  18207
1648  13536  13540  14804  14807  14810
1649  10580  10583  18038  18045  18046
1650  10530  10582  10583  16151  16153  16155
1651  13287  14619  14726  17075  17077
1652   1714  10524  10530  13285  13287
1653  10585  17894  18038  18040
1658   7867  12347  12348  16827  16828  16831
1659  11371  12175  12177  15893  15896  15899
1660  11162  14297  14298  15897  15899
1662  11367  12353  15787  16831  16833
1663  12176  12177  14298  14427  14428
1664  15787  15792  15793  15893  15894  15897
1665   3574    271   3575  10214  10217
1666   9259   9265  10214  11489  11490
1667   3130   3579  13573  13723  13724
1669   2622   3579   5643   7641   9488  10173  10174
1670   3574   8609   9265   9490  10176  10177
1671   3575    272  12571  13570  13724  13725
1672    273   3129  13570  13573
1673  13399  13870  13871  16495  16498
1677   3594  13329  13398  13873  13874
1679   4976  12692  13323  13326  13329
1680   3594   4976  11285  11286  11289
1682  10566  11359  11362  11365  11584  11585
1683  10569  11365  11595  17171  17173
1684   3605  10572  11216  11584  11586
1686   8691  11191  11592  13006  17186  17187  17190
1687   3611   3419  12632  15428  15430
1688   3420   3605   3611   5457   5459   5462
1689   5462  15428  17174  17178  17183  17185
1690   5457   5460  17170  17171  17174
1691   8691   9396  10357  11218  11585  11586
1693  11444  11445  16084  16173  16174
1694   3618   1989   3619   9514  14571  14574
1695   3619   1992  11991  12698  12699
1696  12698  12700  14568  14570  14571
1697   1986   3618    294   3622
1698   3622   1991   7393  16082  16172  16173
1701   2926   7306   7307   9860  13554  13556
1703   2934   3628  13660  13663  13666
1704   3628   2935   7306   7876   7878
1706   9857   9860  18374  18381  18382
1708   6955   6957   9857  13423  13554  13555
1709   1902   6957  13578  14174  14175
1711   7009   7823   8114   9229   9230
1712   3640   2251   5859   9227  11437  11439
1713   2262   6363  11624  11627  12198  12200
1714   7008   7009  11628  12198  12423  12424
1715   7823  11434  11624  11625  11628
1716   2255  11433  11439  11625  11627
1717   3649   1680   5177  12420  12421
1718   3649   1029   2261   3640   1679
1719  10950  14086  16787  16792  16794
1720  10060  11566  11567  14185  14191  14192
1721  11564  14086  14087  16104  16144  16146
1722   7602  14078  16144  16145
1723   5317   5324   7602  14185  14188  14189
1724   5324  14078  14087  16794  16799  16800
1725  14188  14191  16101  16145  16146
1727   9839   9840  14189  14192
1731   3673   3674   3675  16454  16459  16460
1732   3681   3673   5789   5794   5795
1733   3682   3683  16457  16460
1734   5386   6409   6410   6413   7110   7111
1735   3692   3693   5386   8074   8075
1736   5794   7107  15563  15570  15571
1737   3695   8074  15564  15567  15568
1738   3682   3675   6409   6412   6415
1739   3693   3699   3683   6413   6415
1740   3674   3681   3700   6410   6412
1741   3695   3699   3692  16454  16456  16457
1742   3700   5795   7105   7107   7110
1744   2003   3704  16478  16857  16860  16861
1745   1846   8794  16854  16861  16862
1747   5451   8792   8794  16548  16551  16554
1749   3252   3704   8828   8831   8834
1751   8828  16517  16519  16843  16846  16849
1754   5211   5214   7762  10767  10768
1755  10169  10483  10882  11387  11388
1756   3725   5214   9722  10483  10485
1757   7767   7977  12266  12269  12272
1758   7763   7766   7767  10768  10769
1759  12271  12272  12388  12393  12394
1760   3725  10169  10170  10767  10769
1763  10485  11382  11388  12391  12394
1766   5324   7314   8906  12585  12587
1769   3744   7315  12581  12582  12585
1770   3744   3745   3135   3314  14592  14594
1771   3745  14082  14085  16791  16794
1772   8902   8906  14074  14076  14078
1773   8689   8691   9933   9936
1775   3747  10095  10097  10612  10614
1776  14359  14362  17186  17189  17192
1777   3753   3747  13004  17190  17192
1778   3753  10091  10094  10097  14355  14361  14362
1779   1820   1411  14358  14361
1780   9936  10612  10613  18426  18429
1781  12280  12283  18427  18430
1783   6789  12640  18196  18203  18204
1784   5188   7250  15128  15674  15677
1785   9669  15124  15127  15674  17139  17151  17152
1786   3764   6788   6789   9669  10574  10575
1787   3764   1476   8764  12636  12637  12640
1788   9846  10577  17136  17152  17153
1789  11552  15124  15128  18195  18206  18207
1790   2406   7277   7281  16438  16439
1791   2421   7281   8133  10673  10676
1792   5338   5341   6227  10528  10530
1794   2414   8261  10676  12592  12885  12886
1795   7277   7279   8133  13288  13290
1798     94   1720  13284  13287  13290
1799   3775   3778  12259  12260  12263
1800   3781   3775  15932  15935  15938
1801   3778  11323  11521  11522  15936  15938
1803  11461  11462  15932  15933  15936
1804  12259  12262  12265  13086  13088
1806   3781   8387  11209  12263  12265
1807  11209  12108  12110  12922  13086  13087
1809   8387  12109  12110  15933  15935
1811   4975   4978  14362  14576  14577
1812   9550  11580  11582  14576  14578
1813   9307  11580  11581  15533  15535
1814   2179    754   9307   9549   9550
1816  15421  15445  15448  17178  17180  17182
1818  11275  14962  15421  15423
1819   4978  11274  15423  17182  17191  17192
1820   3817   6412  14833  14866  16535  16560  16561
1821   7758  10766  10768  14834  14862  14863
1823   3817   3674   8071   8072
1824   3700   3822   7767   7768  10763  10764
1825   3681   8072  10759  10761  10764
1826   3822   6410  16535  16543  16544
1827  10766  10769  16547  16557  16558
1830   1615   2776  15804  15805  15808
1831   2083   3828   3829   3830   2925
1833   3828   5298   5916   7470   7471
1834   6793   9669  15808  15810
1835   3836   3829   5298   6789   6790
1836  13032  13190  13191  15805  15807
1837   2924   3830   3836   3764   1475
1839  12762  13035  13051  13189  13190
1841   3383  16060  16212  16258  16259
1842   3842  16253  16256  16259  16466  16469
1843   3372   1210  16060  16469  16481  16482
1844   3381   9336  16212  16251  16252
1846   6490   8306  13987  15908  15910
1847   3385   8144   9335   9336  13987  13989
1848   3842   8304  15815  15909  15910
1849   6194   8146  13989  15818  15908  15909
1853  10706  12470  14551  14563  14564
1854   3862   3865  11751  11752  11755
1855   3866   3862   6668  12470  12472
1856   3865   3869   3866  11253  11256  11259
1857   6668  10706  11435  11625  11752  11753
1859   3876   3877   7823   9890  11257  11259
1860   3869   3876   9945  11755  11756
1862   3877   9945  11628  11629
1863  10275  10276  10279  17214  17217
1864   6164   8974   8975  10279  10281
1865   3881   5570  10275  10278  10281
1866   2463   3881   7510  15758  15761  15764
1867   8971  14051  15683  15763  15764
1868  14053  15683  15708  17102  17105
1871   6312   8089  11966  14798  14800
1872   1903   3500   3885   6957   8343   8344
1873   8346   8347  10164  13391  14801  14803
1874  13385  13391  13581  14173  14174
1875   3501    847   3890   3885
1876   3890    821   8342   8343   8346
1877  12810  13427  18248  18397  18399
1882  11205  11208  12265  12295  12296
1883   6346   7520   7523  18253  18255
1884   6350   7517   7520   7872   7874
1885   7868   7874   9825  13089  13091
1886   3899   5997   5999   8007   8010
1888   3901   7143   8007  13547  13904  13905
1889   3905   2536   7096   7143   7146
1891   3906   5993   5994   5997
1892   3906   2535   3905   3901   3899
1893   5340   8217   8219  13963  13966  13969
1894  10797  13969  18731  18769  18771
1895  11979  14457  14557  14884  14886  14889
1897   9926   9927  12980  18730  18772  18774
1898   6173   7321   9927  11979  11981
1899   6173  10798  14454  14457
1900   8140   9926  11981  14888  14889
1901   3921   1351  10521  11534  11535
1902   1350   3921   3922  13843  13845
1904   3922  11530  11534  13862  13863  13866
1905   3924   6987   6989   8477   8478
1906   3928   3929   8477  16915  16917  16919
1907   3931   3932   3928   7144   7147
1908   3933   7141   7143   7144
1909   3905   3935   3931   3933   6988   6989
1910   5987   8478  16919  16944  16945
1911   3932   3935   3924   3929
1913   5659  10727  10732  14380  14381  14384
1914   7569  11984  14370  14381  14382
1915  11050  11053  11978  11981  11984
1918  11978  11979  14370  15526  15528
1919   6173   6176  13070  15522  15523  15526
1920   3955   6233   8341  13070  13072
1921  10728  13072  14384  15523  15525
1922   9927  11053  12308  14220  14222
1923   3955   6176   7321  12305  12308
1926  10731  10732  13994  13996
1928  16029  16061  16469  16856  16863  16864
1929   3842   7957   7958   9912   9913
1930   8085   9910  16853  16864  16865
1931   8080   8082   8085  16075  16086  16087
1933   7958   9130  16078  16085  16086
1934   3966   9795   9798  14036  14039
1935   3971   3966  10647  10652  10653
1936    800   3971   9798  13761  13763  13766
1937    796   6128   6131  13765  13766
1940   2530   3906   6128  12661  12662
1942   5997  12661  12663  14035  14038
1943  10650  10653  14032  14038  14039
1944   7415  12903  12905  15792  15794
1945   7415   8280   9250  11587  11589
1946   9245   9246   9994  11587  11588
1947  10742  11162  12167  12904  12905
1948   8280   8283  12170  12903  12904
1949   8283   9990   9992  11588  11589
1950    284   2362   3991   3253  15692  15695
1951   3991   8638   8642  10871  10876  10878
1952   3128    290  15692  15747  15748
1953  13823  13825  13828  18769  18770
1954   3971   3995   3955  14709  14794  14795
1956  13453  13928  14711  14795  14796
1957  12831  13453  13456  18768  18770  18773
1958  13456  13766  13827  13828  13927  13928
1959   3995   6176   9798  10798  10799
1960  12308  12830  18772  18773
1961   1824    728   4002   8920   8921
1963   9218   9219  10568  11363  11365
1965   4002  12894  12897  17157  17160
1966  17160  17171  17172  17196  17207  17208
1968   8920   9437  12897  13514  13515
1969   2078   4013   1361   4014   3828
1970   7399   7401  13439  13707  13708
1971   4017   1367   4013  13710  15634  15637
1972    473   3146   1366   4017
1973   4014   1364   5291   5296   5298
1974   5914  13439  15633  15636
1975   7038   9105  14381  14383
1976  13165  13169  14346  15773  15775
1978  14367  14370  15773  16068  16071
1979  10249  10250  15495  16124  16126
1980   7570  11984  16068  16125  16126
1981  12559  13169  13170  14367  14382  14383
1983   4028  13856  13858  15413  15422  15423
1984   3036   4030   3117   4031   4028
1985   4030  10869  13323  13324  13327
1986   4033   3747  10867  13327  13329
1987   3753   4033   4971   4976   4978
1988   4031  12635  15413  15429  15430
1990   3775   7481  13493  14587  14590
1991  11347  11764  12452  13430  13432
1992   3778   7481  11346  12455  12456
1993  12263  12295  14584  14586  14587
1999  11564  11660  14181  14184
2000  12245  12248  16447  16450
2001  14082  14083  14086  14184  16485  16487
2002   4049  16457  16475  16986  16991  16993
2003   2692   4049   3699   8232   8234
2004   3692   5755   8234   8589   8590
2006   3695   2878   5755   6739   6742
2008   2883   1225   6739   8489   8490
2009   4060   6582  14625  14629  15998  16000
2010  15994  15997  16000  17094  17907  17909
2011   4060  13200  13249  13250  17900  17903
2015  13510  14631  15994  15995  15998
2016  13200  14629  14695  14697
2017   6582  17903  17907  17908
2018   2445   2488   8093  12591  14754  17094  17096
2021  15122  15421  15422  16021  16023
2022   4074  15428  15429  16017  16020  16023
2024   4074   5462   8495   8497
2025   8495   8496  17119  17164  17174  17175
2027   9919  12672  14656  14702  14703
2028   3628   2933   3000   4964   7005   7006
2029   6299   7306   9272   9915   9916
2030   6300   7003  11640  14699  15002  15003
2031   2931   7000   7003   7006
2033   4090   4091   7942  12750  13008  13009
2034   2232   4094   7939   7942
2035   4091  14168  15597  15620  15621
2036   4090   4094   2238  14165  14168
2037  15595  15621  15622  16501  16503  16505
2038   7939  11305  13008  13807  13809  13812
2039   3461   7667  11301  11302
2043  12780  12781  16698  16703  16704
2045  11458  12781  12782  16199  16204  16206
2046   6665  11371  11372  15072  15075
2047  12347  12349  12352  12780  12782
2048  10819  11369  11458  12352  12353
2049   6665   7214   7215   7563   7564
2050   7210   7214  16199  16201  16203
2051   7210   7215  15075  16695  16704  16705
2052   6772   9695   9701  13359  13361
2053   4112    599   2333   4113   6771   6772
2054   2012  13224  13804  13806
2055  13136  13220  13221  13224  13360  13361
2056   4119   6771  13139  13359  13360
2057   4119   4113   2334   2006
2058   9695   9699   9758  13221  13223
2059   4112    616   9699   9701
2060   7966   8795   8797  12142  12872  12873
2061  11419  11420  16548  16549  16552
2062   6949   7965  12142  12145
2063   2853   1845   8791   8794   8797
2064   6986   6989   6992   7940   7943
2065   3935   4126   7937   7942   7943
2066   6130   7937   7939   7940  12226  12228
2067   4126   3931   4129   2231   4094
2068   3933   3901   4130   2230   4129
2069   4130   3899  12657  12658  12661
2070   6126   6128   6130   6991   6992
2071  13602  15385  15391  18212  18234  18235
2072   8823  14029  15385  15386  15389
2074   8318   8320  13602  13646  13647
2076   8314   8315   8318  13093  13095  13097
2077  15096  15275  15276  18211  18237  18238
2078   6665  10770  14338  14862  14864
2079   7215   7216  10766  10767  10770
2080   5214   7214   7216  13165  13168  13171
2081  14831  14863  14864  15776  15778
2083  10856  10858  10861  15772  15773  15776
2084   5211  10860  10861  13169  13171
2085   4113   4147   8194   8195   8402   8403
2086   4149   1788   6772   6773
2087   4151   1793  10510  10511  10514
2088   1783   4149   4112    600   4151
2089   1789   4147   6771   6773
2090   4153   7290   8401   8402
2091   4153   1792   9051  10514  10515
2092  15524  15525  15959  16587  16588  16591
2093  10861  14367  15516  15527  15528
2094   9722  10314  10315  12556  13170  13171
2095   4160   8542  15844  15860  15865  15866
2097   4169  14826  15838  15841  15844
2098   8387  14820  14821  15799  15840  15841
2099   4160   4169   5541  10313  10315
2101  14821  14823  15935  15957  15958
2102  14777  14779  15933  15956  15957
2103  10313  10917  14820  14823  14826
2105   1585  11799  11800  11803  13436  13439
2106  11797  11807  11808  13436  13708  13709
2108  11794  11808  11809  14039  14129  14130
2109   7899  10653  11807  11809  13121  13122
2110   6388   6390  11803  14038  14132  14133
2113   9592   9595   9598  16748  16750  16752
2114  11884  11885  16752  18157  18159
2115   4197   9592   9593  12022  12025
2116   4197  11883  11884  18089  18092  18095
2117   9598  12022  13590  18117  18120
2118  13021  18125  18173  18175
2119  16750  18117  18126  18163  18174  18175
2121   2497   4201   3829   4014   1363
2122  12075  12501  14610  14613
2123  12502  14613  18199  18202  18203
2125   3836   4201   7798  12640  12642
2129    242   9020   9021   9369   9371
2130   2180    238   9307  10957  10958
2131    245   9365   9368   9371
2132    753   2506   7488   7490   9366   9368
2133   9021  10791  10960  10961
2134   9365   9366   9369   9552  10791  10792
2136  10556  10571  11583  11584  11587
2138   9634  11317  11319  13181  13184  13187
2139  11319  16409  16410  18433  18435
2141  12877  13296  13297  16901  16912  16913
2143   1677   9634  10470  16907  16910  16913
2144   5795  10764  12274  12605  12606
2145   3822   7110  14900  14901  14904
2146   7105  10337  12773  14904  14905
2147  12266  12270  12624  12776  12777
2148  10888  12270  12272  12276  12606  12607
2150   7107  10337  10890  12274  12276
2152   1543   8221  13969  14117  14118
2154   2345  10581  10583  13102  13104
2158   7413  12899  12903  12907  12909  12911
2159     95   7413   8280  12840  13289  13290
2160   8283  12840  17078  18081  18086  18088
2161   4242   7349  12775  14905  14906
2162   4247   4248   4249   4250   7348   7349
2163  10337  10340  15560  15563
2166   4257   5383   7111  14904  14906
2167   4259   4249   5383   8075   8076
2168   4247   1798  15557  15560  15561
2169   4250   4259   4257   4242
2170   4248   8076  15561  15564
2171   4017    474   4263   6846   6847
2172   4266   6845   6847   9627   9630
2173   4263    475   9630  12097  12098
2174   8237   9627  12098  17868  17879  17880
2175   4266   7433   8236   8237
2176  10256  11126  11128  12921  13089  13090
2180   1277   5249  12111  15855  15858
2181  10253  10255  12107  12108  12111
2182  11002  11005  15855  15863  15864
2183  11205  11206  11209  15799  15802
2184   4278   4279  10098  10099  10102
2186   4278   5698   6404  10563  10564
2187   4279   1487   5698   7221   7222
2188   2301   3021   7218  10560  10561
2189   2299   6405  10559  10560  10563
2190   3348   3817   3675   4287   4288
2191   4288   3343  11183  11186
2192   3673   3264   2888   8070   8072
2193   9883   9884  11183  11946  11947
2194   4287  11186  11946  16369  16460  16474  16475
2197   2413  10676  14640  14757  14758
2198  10109  10313  10314  10484  10485
2199   4169  10105  10109  11451  11452
2200   3725   5076   7210   7213   7216
2204   5076  10105  10108  10483  10484
2205   4160  11452  12958  16260  16263  16266
2206   7923   8240   8498   8499  10560  10562
2208   5457   8241   8494   8495   8498
2211  10561  10562  17199  17206  17207
2212   4310   3929  12092  15823  15826
2213   4310   3924   7943   9573  10993  10995
2214   6423  11016  12091  15820  15826  15827
2215   4126   4090   3932  15820  15823  15824
2216  11013  11016  12339  12753  12754
2218   4091   1919  15824  15827
2220  10624  10732  10733  16100  16148  16149
2222  10730  14384  15931  15959  15960
2223  10626  11467  15931  15936  15937
2225  11462  11464  14777  14778  16147  16148
2228   2981   9929   9936  18089  18090  18093
2230   4330  12765  12769  12844  12845  12848
2231   2589   4330   2422   6670  13602  13605
2232   6666   6670  12466  12467  12470
2235   6666  10706  13605  18235  18236
2237  10984  15645  16583  16586
2238   3781  14587  14696  14697  14821  14822
2239  15639  15928  15960  16586  16591  16592
2240   7481  15642  15928  15937  15938
2241   5931  12990  12992  14629  14822  14823
2243   5929   5931  10984  13200  13495  13496
2245   3991   2358   8085   8086
2246   8796   8797  11024  11025  11028
2247   2222   1618  15805  15881  15905  15906
2249   2758   4895  15808  17210  17215  17217
2251  12899  12905  15554  15837  15897  15898
2253  18121  18134  18169  18172  18175
2256  11706  14293  14298  18132  18135
2258   8473   8478  14878  14967  14968
2259   3865   4351  14819  14881  14882
2260    793   4310   8473   8474   8477
2261   3866   6969  14819  14970  14971
2262   4351   3869   4352   4353   6990   6992
2263   4352  10996  11258  11259
2264   4353   7940  10992  10993  10996
2265    734   8214   8604  11097  11098
2267   4360   2661   4361  10837  10839
2268   4360   6720   8602  11096  11097
2269   6720   9075  10833  10836  10839
2270   9070   9071  10834  10836
2272    762   9070   9072   9075  11096  11098
2273    251   4361   8408   9367   9368
2275   9366   9367  10047  10049
2276   2407   7281   7283   8242   8244
2277   8238   8242   8498  12823  12824
2278   3605   2563   7283   8133   8135
2279   3611   4074  14637  14758  14759
2281   5755   8074   8076  10523  11535  11536
2282   4377   4378   4379   5383   5386
2283   4380   3693   4379   8231   8234   8237
2284   4378   4381   1377   4266   4380
2285   1376   4381   4377   4259   4382   3921
2286   4249   4382  11534  11536
2288   6448   8828   8832   9440   9442
2290   8473  12344  16919  16922
2291   6448  10392  14424  14880  14968  14969
2292   3704   6013   6555   8247   8248
2294    236  10968  12783  14469  14471
2295   4129   2234    217   7144   7699   7700
2296   3928   2840  15823  15850  15851
2297   2837  10965  12783  15845  15848  15851
2298  14168  14469  14470  15824  15847  15848
2299   1034    204  15098  16904  16911  16912
2300  14994  15129  15674  15701  15702
2301   3229   9556   9557  14997  15128  15129
2302  10977  12105  14994  14997
2304   4393   4394  13536  13539  13542
2305   4397   9559  13539  13612  13613
2306   6439   6442  13239  13541  13542
2307   4394   4399   6442  14579  14581
2308   4393   4397   1415   4401   4399
2309   4401   1405  14361  14579  14580
2310  12779  12782  15846  15848
2312  10825  11458  15827  15846  15847
2314   2621   3579   3136   3745
2315   9488  14374  16488  16490
2317   8593  10064  10950  14177  14182  14184
2320   6061   8343  10088  10089
2321   9855   9857  10089  10090  18727  18733  18734
2322   3885   6061  12983  18730  18733
2323  12714  14116  14117  18731  18734
2324  11567  11568  12950  12998  12999
2325   9585  12999  14933  15152  15153
2327  14631  14825  15839  15841
2329   2690   5820  10305  10308  10311
2330  10309  10311  16246  16247  16250
2331   4421   8752   9334  16250  16252
2333   6490   6495   6496  14156  14328  14329
2334   2389   4421  10305  10306  10309
2335  10899  14156  18109  18111
2336   6496   9334   9335  10899  10900
2337  10563  10565  13605  13645  13646
2338   5867   7544   8318  12826  12827
2340   2583   6670  10559  10562  10565
2341   4330   2408   8242   8243
2343  10612  12931  12932  14353  14354
2344   4197  12936  13852  14352  14353
2345   3534  11884  14267  18436  18438
2346   9153   9156   9819  17905  17910  17911
2347   4153   9157  17902  17905
2348   9156  10905  14253  14255
2349   8402  10584  14252  18034  18035  18038
2350   9815  17087  17910  17912
2351    735   4002  11095  11098  11101
2353  11099  11101  12897  13221  13222
2354    620   9075   9076   9699   9700
2355   9070   9073   9076   9426   9428
2357   5788   5794  12274  15396  15545  15546
2358   2867  14132  14134  15544  15546
2359   3339  11778  14129  14131
2362  11799  12608  15399  15544  15545
2363   1796   6773  13146  13355  13356  13359
2364  13142  13146  13636  14395  14397
2365   4147   4119  14260  14262  14398  14400
2368   3382   9334   9336  10123  10124
2369   3344   6457   6460  11183  16212  16215
2371   4452   2385   5091   5093   5096
2373   4453  11186  16215  16250  16251
2374   4421   2384   4452   3342   4288   4453
2375   3373   8250  16032  16060  16061
2376    241   2877   6739   9371   9477   9478
2378   4361   2669   4458   6676  15561  15568  15569
2381   4248   4458  11530  11533  11536
2382   9365   9367   9478  12212  12214
2383   1678   3640  15095  16911  16913
2385  11439  13648  18238  18239
2386   1671   9634  10854  10855
2388  11099  11100  13355  13358  13361
2389   8920  11100  11101  16517  16522  16524
2390   2020   6448  13224  13517  13518
2391   8485  12044  14156  14459  14461
2394  15907  15910  15913  16982  16984
2395  11957  11958  16978  16979  16982
2397  11007  14997  15739  15766  15767
2398   4469  12256  13539  14805  14807
2399   1416   4397   4469  11129  11131
2401   4696  15851  16820  16825  16826
2402  12086  15826  15850  16823  16826
2403   6586  15413  15983  16022  16023
2404   4031   6581   6586   9821  17906  17907  17910
2405   6581  15983  15999  16000
2408   9413   9414  10476  13389  13391
2409  13114  13430  13431  13660  13661  13664
2411   8044   8899   8901  16441  16442
2412   8895   8896   8899  16120  16123  16126
2413   3516   9926  11046  11051  11053
2416   1799   4247   4458   5081   5082
2417   1795   5082  13068  13146  13147
2418   7273   7349  14213  14216
2420   3922   4382   4250   7273   8775   8776
2421   5935  15394  15399  15400  16579  16581  16583
2422  11031  11037  15397  15400
2423  11033  12276  15394  15396  15397
2424   9296  10892  11383  12270  12271
2426   5934  11383  12394  12990  12991
2427   5929   5934   5935   9296  11036  11037
2428   9623   9628   9630  11516  11517  11520
2429   6841   6847  11326  11520  11521
2430   4380   7052   9623   9625   9627
2431   4378   4496   7052  16688  16689
2434   4381   1382    903   2154   4496
2435   3574   6336   6337   7012   7013
2436   4503    797   6332   6333   6336
2437   4503   7012   8709   8782   8783
2438   3622   8707   8782  10364  10366
2439    295   3575   1012   1985   3618
2441   6332   6334   6337  10210  10212  10214
2442   3744  10026  14207  14430  14431
2444  11706  11711  12171  12174  12177
2445  12585  13704  18100  18138  18140
2447   4508  11032  15397  15548  15549
2448  12491  13160  13161  15543  15546  15549
2451   1797  13163  13164  15560  15571  15572
2452   4508   1785  13158  13161  13164
2456   3966   3995  11809  13070  13071
2460   8340  11807  13071  13072
2461  10956  10957  11576  11577  11580
2466    693    102   7413   7415
2467   7277   7283  16220  16222
2468   4028   6586  10885  11386  11387
2469   4524   9296   9299  17898  17903  17905
2470   4030   3121   9156  12621  12777  12778
2471   4524   6581   6582  11382  11383  11386
2475   9415   9419   9862  12712  12714
2476   7704   9419   9777  13828  13829
2478   7704   9862  18734  18770  18771
2479   4533   1794   4360   5082   5083
2480   4149   1787   4533   6720   9700   9701
2481  14189  14460  14461  18111  18141  18143
2483   7602   8906   8907  10785  10786
2484   3682   4453   4287  10309  10310
2485   2691   3683   4049  10310  10311
2486  12997  12999  13978  15647  15649  15651
2487   9092  12046  14192  14459  14460
2488  12046  12201  12206  13374  13383  13384
2489   8485   8486  10899  18113  18115  18117
2490   8143   8728  13986  13989  13992
2491   8728   9597  12022  12160  12161
2492   8486   9597   9598  13990  13992
2493   5070   5076  10169  13859  13861
2494  10484  11386  11388  15983  15986
2495   9511  13568  13570  14574  14672  14673
2496   9510  11445  15692  15724  15725
2497   1336   3132    382  13568  13573  13574
2498  13574  14672  16053  16055
2499   6415   7053  10305  10307  10310
2500   4379   6413   7050   7052   7053
2501   3862   5695   7222   7223  14816  14819
2502   5695   6666   6668  10564  10565
2503   2930   3830   4201   7001   7003
2507   4548  12053  13727  13728  14672  14674
2508   4552   4548  11545  12314  12315
2510   4553   3619  11545  12507  12508
2511   4552   4553  14571  14673  14674
2515   4257   4377   4496  13396  13871  13872
2516   6409   7053   7895  16535  16538
2518  13870  13872  14900  14903  14906
2520   5695   5698  11752  11754
2521   4278   2254  11627  11753  11754
2524   9403  10784  10785  11463  11464
2525  10784  10786  16143  16145  16148
2528  15913  16777  16953  16963  16964
2530   6109  13819  15911  16777  16778
2531   4573  15662  15663  18371  18382  18383
2532   4573  11956  11957  16950  16953
2533   7858  13377  13383  13819  13822
2535  10325  15857  15860  16501  16506  16508
2536   3881   7258  15857  15866  15867
2537  11452  15762  15764  15842  15844
2538   8346  12513  14936  15151  15152
2539   3890   6061  11784  12832  14223  14225
2540    115    786   8899   8900
2541  14450  14455  14457  15519  15526  15527
2544   2224   6751  13979  13982  13985
2545  13979  13980  13983  15547  15549
2546   1584  11803  15543  15544  15547
2549  13159  13161  13983  13985
2550   4130   2229   8003   8005   8007
2551   2932   7004   7006  11350  12451  12452
2552   4013   1362  11349  12454  12455
2553   4584   6442   9554  10792  10793
2554   4584  11683  11696  13540  13542
2555   9481  10791  10793  11676  11681  11683
2556   9369   9475   9478   9481
2557   7083   7257  15853  15855  15857
2560  11340  11672  11673  15400  15547  15548
2561   4151   4508   1784  13192  13983  13984
2562  10514  11035  11037  11336  11337  11340
2564   3649   7960   7961  12138  12140  12142
2565   5180   6931   8925  12419  12420
2567  14095  14816  14844  14882  15041  15042
2568  11545  11680  11696  14808  14810
2569   4553  11676  11680  12694  12695  12698
2570  12496  12508  12509  14613  14808  14809
2571   4596   9270   9916  11635  11637
2572   8460   9919   9920  12199  12200
2573   1470   4596   4279  11751  11754  11757
2574  11631  11632  11635  11756  11757
2575  11629  11632  11634  12198  12199
2576    511   8493   9019   9021   9480   9481
2577  12315  12316  14804  14805  14808
2578  12828  12832  18733  18773  18774
2580   7835  12339  16448  16451
2583   6337   6338   9265  10996  10997
2584   4353   6130   6332   6335   6338
2585  10109  14825  14826  15986  15998  15999
2587   8486  12044  12046  16750  16753
2589  10770  15075  15271  16556  16558
2592   4596   1463   9415   9418   9421
2593   4351   9421   9774   9777  11755  11757
2594   4263  10628  11467  11520  11522
2595  10624  10625  10784  12182  12184
2596   8929  16758  16959  16966  16967
2598  16953  16956  16957  16977  16982  16983
2599  10591  12385  16955  16956  16959
2600   7958  10593  12385  16974  16977
2603  13712  15637  15641  15928  15931
2605  13436  15636  15644  16579  16584  16586
2606  12352  15845  15846  16826  16831  16832
2607  13256  13258  15784  15787
2608   8682   8683  16752  16755
2609   7723  11318  11319  18149  18152
2610  13819  13991  13992  18301  18303
2611   8728  11240  12683  18294  18301  18302
2614  13019  13932  13961  16956  16958
2615   4573    962  13453  13958  13959
2617   4613   4503   9945  11632  13930  13960  13961
2618   4352   4613   3876   6336   6338
2619   9419   9421  10224  11635  11636
2620  15556  15830  15837  15991  15993
2621   4452  14390  14830  14866  14867
2623   6765  14851  15776  15974  15977
2624   9855   9860   9862  10221  10224
2626   7186  12937  14348  14350  14353
2627   3416   4616   4617  16006  16009
2628    380  13574  13727  14595  14597
2629   3406   4619   4616   8520   8521
2630   4620  14674  16006  16054  16055
2631   4620   4617   4619   1280   4548
2632    887      5   6386  13395  13874  13875
2633   3594   4033   6351   7520  10096  10097
2634  10863  10865  13327  13873  13875
2635   9076  10835  10836  13194  13984  13985
2636   4533   1786  10839  13162  13164
2637   4623   4552   4620  11680  11683
2638   4617   4624   4394   4584   4623
2639   1291   4469   4393   4624   4619
2640  12199  12422  12423  16959  16961
2641   4613   3877   7007   7009   7012
2644   9490   9892  10997  11257  11258
2645   3408   4626   4401   2137   7873   7874
2646   2069   4626   3409  14575  14576  14579
2649   4524   4060   5931   5934
2651   4626   4399   4624   4616   3407
2652   4242   7273   7276  13869  13872  13875
2653  14388  14867  16559  16561
2654   4623  10793  10960  16006  16015  16016
2656   5935  10984  11340  11342
2660  10745  10940  11532  13866  13868
2664  11093  14773  14785  16822  16825
2667  12044  13384  13822  13990  13991
2672  12201  12438  12953  12997  12998
2674   8108   8109   8605   8608   8611
2683  10461  13506  13509  15802  15839  15840
2684   8782  10587  10589  12385  13018  13019
2686   4889  15902  17217  17222  17223
2689   9341   9725  18147  18150
2694   7000   7005  14998  14999  15002
2695   4971  11274  12692  13856  13857
2697  12146  12153  18378  18380
2704   8569  10415  10422  11718  11720
2708  13021  13283  18081  18083  18085
2709   6362  12200  12418  12420  12423
2710   7250   8765  11552  12637  12638
2712   5200  13046  13049  13052
2713   5211   9722  12388  12390  12391
2714   9348  10403  11416  12291  12292
2716   8791   8796   9908  16859  16862  16865
2717  12111  12646  14517  14780  14781
2718  11336  11342  12852  13494  13496
2719  16371  16474  16991  17004  17005
2720   6496   8485  13986  13987  13990
2722   5291   7466   7468   7471
2724  10524  10528  12595  12884  12885
2725   5317   7314  18137  18140  18143
2726  14861  14862  16555  16558  16561
2727   5336   8141  16420  16423  16426
2732   7105   7111   8075  15557  15563  15564
2733  11638  11642  14698  14699  14702
2737   7960   7965  12880  13295  13296
2740  13997  14191  17041  17046  17047
2743  11498  12216  12217  16508  16529  16530
2744  10315  10917  11332  15956  15958
2747   5564  10281  10976  12105  12106
2748   8245   8246  13919  13922  13925
2751   9893   9894  11426  11427  11430
2755   9259   9260   9483   9488   9490
2757  13993  13994  13997  16097  16100  16101
2761   7217   7222  10559  10561  10564
2763   8923   8929  12418  12419  12422
2765  14780  14782  15853  15858  15860
2767   8774  12679  12680  13630  13631  13634
2768  10587  10593  16078  16169  16170
2770   8108   8110   9224   9227   9230
2771   7544  13095  15696  15697  15700
2772  10275  12106  14994  15739  15741
2775   9406  11462  11463  12108  12109
2776   5911  11668  11671  11674
2777  12493  15566  15569  15572
2778   5929  12990  16583  16592  16593
2779   7549  14816  14971  14972
2780   9341   9349  10403  11570  11571
2782  12107  12110  15799  15858  15862  15863
2785  10089  12832  15662  15665  15668
2786   6062  10249  12245  12246  12249
2789  10112  10114  10117  11570  11572
2791   6109  12790  18291  18302  18303
2793   6126  12226  12657  12659  12662
2794   7704  10224  13456  13957  13958
2796  10711  11612  18292  18299  18300
2797  10279  12106  15696  15699  15702
2798   7321  10794  10798  18768  18769  18772
2800  15064  15065  15943  15945
2802   6269   8790   9422   9424   9427
2804  14515  16103  16147  16149
2805   6296   9272  11638  11640  11643
2806  10158  10159  14797  14800  14803
2807   8340  10728  10730  13706  13709  13712
2809  11016  12330  15458  15461  15464
2811   9548   9554  14575  14578  14581
2812   9436   9442  13513  13514  13517
2813  10606  14401  14407  16158  16195  16196
2814  14328  14461  17037  17040
2816  10927  10930  12204  12438  12511  12512
2817   6490   9335  16246  16249  16252
2822   6710  10785  11851  12182  12183
2823   9695   9700  11095  11096  11099
2825   8487   8489   9475   9477   9480
2826  10833  10835  13158  13159  13162
2827  14398  14399  18032  18035  18036
2828  11934  11938  12535  12536  12539
2830  13095  13644  13647  15096  15099
2831   9914   9920  11631  11634  11637
2835  10422  12600  13949  13950  13953
2836  10251  11154  12246  12247
2838   7050   7895  16683  16685  16688
2839  14573  15719  15725  16050  16052
2841   7257   8467  16506  16526  16527
2845   7141   7699  13547  16034  16039  16041
2850   8775  13634  14216  14395  14396
2851   8598   8600  11095  11097  11100
2852  10170  13861  16513  16545  16547
2853   9125   9126  16081  16082  16085
2854   8231   8236   8584   8586   8589
2855  10679  10680  11299  11300  11303
2856  12393  12604  12607  16581  16589  16590
2857  10105  15123  15986  16021  16022
2858   7517  10091  10093  10096
2859  10252  10255  12915  12921  12922
2860   9415   9777  14841  15042  15043
2861  10786  12182  14188  17038  17041
2863   8849   8905  10252  10254  10257
2864  11352  11354  16525  16526  16529
2865   8605   8607  10172  10173  10176
2866   9153   9299  10892  12776  12778
2868  11569  11570  11573  18145  18147  18149
2870  11495  12644  14079  14083  14084
2871  11854  11858  12636  12639  12642
2872   8663  10043  10045  10048
2874   9224   9229  11433  11434  11437
2875   9576  10995  12339  13011  13012
2877   7917   8494   8496   8499
2879   7937  10993  13007  13008  13011
2880   9259  10992  10997  13011  13013
2881   8003  12034  13903  13904  13907
2882  10552  10554  10566  10568  10571
2887  18109  18115  18123  18134  18141  18142
2888  11583  11586  11589  12840  12843
2891   9780  12184  17038  17047  17048
2892   8683  11885  14267  18400  18403  18406
2893  10477  12808  12810  13385  13386  13389
2894  10622  10624  11461  11464  11467
2895   9914   9916   9919  11642  11643
2896  10325  12216  14514  14781  14782
2901   8638   9893   9895   9898
2902  10679  10681  12227  12659  12660
2903   8657   9960  11419  11422  11425
2904   9592   9597  18297  18298  18301
2907  10124  10900  18115  18118
2908  10478  13389  14029  14801  14802
2911   9139   9141  11359  11360  11363
2913  11253  11257  14548  14564  14565
2915  10510  10515  11054  11056  11059
2916  13104  14257  18041  18042  18045
2918  11331  14380  14383  15955  15956  15959
2921  11336  11668  11673  12756  12762  12763
2926   9283  11569  11572  11575
2927  10888  10892  11031  11033  11036
2928   9548   9550  10792  10955  10957  10960
2929  11576  11581  16697  16700  16701
2930  12105  13093  13100  15700  15702
2931   9996  11583  11585  11588
2932  11461  11463  11516  11519  11522
2933  10314  10917  12391  12991  12992
2934  11876  12599  13179  13950  13951
2935   9483  10172  10174  10177
2937   9507  11445  14568  14573  14574
2938  11366  11371  12347  12350  12353
2939   9585  11786  13978  14223  14224
2940  10992  10995  11253  11255  11258
2941  11978  14889  16068  16118  16119
2942   9623  12093  12095  12098
2943  10470  10854  11113  11739  18211  18214
2944  10524  10526  10580  10582  10585
2945  10573  10575  17136  17139
2947  13220  13223  13800  13803  13806
2948  11691  11692  13242  13540  13541
2949  13823  13826  13829  15037  15040  15043
2950  10794  10799  13763  13824  13825
2951  11205  11207  13085  13086  13089
2952   9846  10098  10100  10103
2953   9855  12714  13550  13551  13554
2954  12070  12073  12496  12498  12501
2955   9929  10613  13849  14352  14354
2956  11624  11629  11751  11753  11756
2957  10466  15802  15862  15864
2960  10057  10950  11562  11564  11567
2961  11957  13378  13379  13822  15911  15913
2962  11555  11560  12070  12072  12075
2963  10751  11530  11532  11535
2966  10210  11489  13807  13810  13813
2967  11631  11636  13956  13957  13960
2968  11714  11720  12026  12029  12032
2970  10260  11285  11287  11290
2972  10888  10890  12772  12773  12776
2973  12280  12282  13291  13294  13297
2974  11218  12843  17071  17078  17079
2975  11973  14424  14843  15038  15039
2976  11569  11571  12287  12288  12291
2977  10408  11318  16404  16407  16410
2978  10415  10939  13862  13865  13868
2979  15060  15061  15064  16042  16043  16046
2981  10647  13117  13119  13122
2982  11419  11421  11714  11716  11719
2983  12886  14640  17091  17093
2984  10693  11661  11663  11666
2985  11433  11435  18233  18236  18239
2986  10711  10927  10929  10932
2987  10736  11162  15788  15789  15792
2988  10745  12208  12210  12213
2990  12259  12295  12809  13427  13429
2991  11426  11431  14772  14788  14789
2992  10871  11024  11026  11029
2993  11382  11387  12266  12268  12271
2994  14249  14253  17888  18035  18037
2995  12992  15955  15958  16591  16593
2996  11509  11511  12779  12780  12783
2997  11000  11125  11127  11130
2998  12086  12091  12324  12327  12330
2999  11046  11785  14219  14220  14223
3000  12413  17145  17160  17167  17168
3002  14768  14773  14775  16915  16920  16922
3004  13378  13384  14459  17040  17043  17044
3005  12245  12247  12250  14511  14514  14515
3006  11946  16110  16215  16257  16258
3007  11359  11361  11590  11592  11595
3008  11854  11859  12026  12028  12031
3009  12107  12109  14776  14777  14780
3010  13014  13926  13932  14705  14708  14711
3011  11237  12678  12680  12683
3012  14805  15769  15770  18198  18205  18206
3014  11516  11521  12354  12356  12359
3015  11343  12450  12452  12455
3017  12287  12292  13181  13182  13185
3019  12217  12644  14514  14517
3021  12310  12315  12503  12505  12508
3022  12636  12638  18201  18204  18207
3023  12035  13907  16034  16036  16038
3024  11822  11827  12791  18288  18291  18292
3025  12844  15372  16166  16240  16241
3026  12324  12326  13256  15459  15461
3027  11676  11691  11693  11696
3028  11706  15537  15834  15898  15899
3029  12779  12781  14465  14466  14469
3030  11758  12808  13426  13427  13430
3031  11799  11801  14128  14129  14132
3032  11808  13071  15520  15523  15524
3034  12466  12765  12770  14545  14550  14551
3035  12183  14323  14324  17035  17037  17038
3037  11871  12597  12599  12602
3038  12171  12176  12535  12537  12540
3040  12604  12606  15396  15399
3041  13385  13387  14797  14798  14801
3042  11985  12694  12696  12699
3044  12155  12161  13584  13587  13590
3045  12567  12569  13722  13725  13728
3047  13245  13246  13249  13494  13495
3048  12138  12867  12869  12872
3049  12146  12673  16962  16965  16968
3050  12899  12904  13021  13023  13026
3051  12186  16274  16366  16367
3053  12828  12830  14219  14222  14225
3054  12749  12754  13007  13009  13012
3056  13014  13019  16977  17014  17016
3057  12388  12991  16587  16590  16593
3058  13551  13552  14112  14113  14116
3059  12512  12997  15151  15153
3062  12487  13158  13160  13163
3063  14074  14079  14511  14517  16143  16144  16147
3064  12581  12583  13699  13701  13704
3066  12553  13165  13167  13170
3067  12588  12885  17090  17093  17096
3068  12772  12777  14900  14902  14905
3069  13005  15430  17185  17190  17191
3070  13855  13857  16509  16510  16513
3071  12802  13103  13916  14257  14258
3073  13323  13325  13869  13870  13873
3074  12756  13046  13048  13051
3075  13284  13289  17074  17075  17078
3077  13181  13183  13291  13293  13296
3078  13220  13222  13513  13515  13518
3079  12907  13209  15987  15990  15993
3080  12915  13085  13087  13090
3082  12947  12998  15147  15150  15153
3083  13963  13964  18727  18730  18731
3084  13188  13190  13979  13981  13984
3085  13506  14625  14631  14691  14694  14697
3086  13142  13147  13862  13864  13867
3087  13630  13632  14394  14395  14398
3088  13093  14149  15099  15274  15275
3089  13426  13431  18241  18246  18248
3090  13800  13802  14089  14091  14094
3091  13355  13360  16843  16844  16847
3092  15459  15988  16114  16121  16122
3093  13839  13841  13949  13951  13954
3094  13490  13495  14590  14695  14696
3095  13213  13245  13247  13250
3097  13536  13541  13607  13609  13612
3099  13584  13589  14721  14722  14725
3102  13903  13905  16036  16039
3104  13378  13383  15647  15652  15654
3105  13392  13869  13871  13874
3107  13417  13550  13552  13555
3108  13706  13708  15630  15636  15637
3109  13926  13928  13956  13958  13961
3115  13568  13722  13724  13727
3116  13660  13662  14169  14171  14174
3117  13644  13646  18233  18235  18238
3118  13761  13823  13824  13827
3119  13963  13965  14112  14114  14117
3124  13807  13808  16525  16528  16531
3127  13986  13991  15907  15908  15911
3128  18401  18403  18432  18435  18438
3129  13846  14348  14349  14352
3131  13885  13919  13921  13924
3132  15683  15686  16017  16018  16021
3133  14256  14258  14286  14288  14291
3135  13993  13998  14219  14221  14224
3137  14226  14228  14797  14799  14802
3138  14032  14128  14130  14133
3141  14074  14082  14084  14087
3144  14272  15274  16905  16908  16909
3145  14323  14328  18105  18108  18111
3146  14465  14470  15591  15594  15597
3147  14177  14375  16484  16487  16490
3148  14185  14460  17035  17040  17041
3149  14293  14296  14426  14428  14431
3150  14249  14254  14394  14396  14399
3152  14277  14401  14403  14406
3154  14861  14864  14867  15539  15830  15832  15834
3155  15494  15775  16071  16124  16125
3156  14355  14575  14577  14580
3157  14380  14382  15522  15525  15528
3159  14877  14880  15037  15038  15041
3161  14450  14552  14554  14557
3164  14511  14776  14778  14781
3166  14545  14559  14561  14564
3167  14568  14673  16049  16052  16055
3168  14584  14691  14693  14696
3169  14705  14790  14792  14795
3170  14804  14809  18201  18202  18205
3171  14721  14726  16191  16194  16197
3172  14625  14820  14822  14825
3173  14753  14758  17090  17091  17094
3174  14698  14703  14998  15000  15003
3180  14768  14783  14785  14788
3181  14877  14882  14966  14968  14971
3182  14827  14861  14863  14866
3183  14838  15037  15039  15042
3184  14884  14887  15974  16117  16119
3188  15147  15152  16239  16242  16245
3190  15060  15065  15719  15720  15723
3191  15122  15448  15686  15707  15708
3193  15124  15129  15735  15736  15739
3197  15266  15271  16699  16702  16705
3199  15092  15275  16907  16908  16911
3215  15385  15390  16239  16240  16243
3216  15394  15543  15545  15548
3217  15422  15429  17182  17185
3218  15458  15496  16120  16121  16124
3219  15529  15534  15703  15704  15707
3223  15538  15555  15834  15837
3224  15513  15522  15524  15527
3225  15557  15566  15568  15571
3226  15591  15621  16260  16261  16264
3230  15630  15639  15641  15644
3231  15647  15662  15664  15667
3232  15696  15701  17147  17148  17151
3233  15703  15708  15758  15760  15763
3234  15719  15724  15742  15744  15747
3235  15772  15977  16071  16117  16118
3236  15735  15737  15765  15767  15770
3237  15804  15881  17215  17219  17220
3238  15788  15793  16827  16830  16833
3239  15838  15840  15861  15862  15865
3240  15907  15909  16772  16774  16777
3241  15820  15845  15847  15850
3242  15830  15893  15895  15898
3243  15853  15861  15863  15866
3244  15900  15906  17218  17219  17222
3246  15939  15941  16010  16011  16014
3247  15932  15937  15955  15957  15960
3249  15987  15992  16113  16114  16117
3250  15994  15999  16017  16019  16022
3251  16010  16015  16049  16051  16054
3252  16061  16112  16257  16259
3253  16034  16042  16044  16047
3254  16113  16118  16120  16122  16125
3255  16081  16086  16168  16170  16173
3256  16111  16253  16257  17003  17004  17007
3257  16097  16143  16146  16149
3259  16151  16191  16193  16196
3260  16184  16186  16239  16241  16244
3261  16216  16232  16235  16238
3262  16199  16260  16262  16265
3263  16246  16251  16253  16255  16258
3265  16365  16367  16470  16471  16474
3273  16404  16409  18400  18401  18404
3274  16420  16436  16437  16440
3276  16445  16484  16486  16489
3277  16454  16470  16472  16475
3278  16477  16482  16859  16860  16863
3279  16509  16511  16541  16542  16545
3280  16501  16525  16527  16530
3281  16517  16548  16550  16553
3282  16541  16543  16555  16557  16560
3284  16579  16587  16589  16592
3288  16667  16683  16684  16687
3291  16692  16699  16701  16704
3292  16772  16773  16962  16963  16966
3295  16748  18157  18163  18166
3297  16787  16795  16797  16800
3299  16820  16827  16829  16832
3300  16834  16843  16845  16848
3301  16850  16859  16861  16864
3304  16898  16907  16909  16912
3305  16915  16939  16941  16944
3307  16955  16957  16962  16964  16967
3308  16978  16983  17010  17011  17014
3309  16986  17003  17005  17008
3310  17010  17015  17872  17875  17876
3312  17035  17042  17044  17047
3313  17074  17079  17890  17893  17896
3314  17090  17092  17906  17909  17912
3315  17121  17143  17218  17221  17224
3316  17140  17143  17163  17164  17167
3318  17133  17147  17149  17152
3319  17163  17168  17170  17172  17175
3320  17178  17186  17188  17191
3321  17193  17202  17204  17207
3322  17210  17218  17220  17223
3361  17865  17874  17876  17879
3362  17890  17892  18034  18037  18040
3363  17898  17906  17908  17911
3371  18034  18036  18041  18043  18046
3374  18081  18089  18091  18094
3375  18105  18107  18137  18138  18141
3376  18113  18121  18123  18126
3377  18128  18137  18139  18142
3378  18145  18158  18160  18166  18167
3379  18160  18169  18171  18174
3380  18192  18201  18203  18206
3381  18208  18233  18234  18237
3382  18241  18249  18251  18254
3385  18288  18297  18299  18302
3390  18368  18377  18379  18382
3391  18393  18398  18400  18402  18405
3393  18423  18432  18434  18437
3412  18727  18768  18771  18774
cells 343
0      1      2      3      5      6      7      8      9     12     13     14     16   3024
1     17     18     19     20     21     22     23     24     26     27     29   2704   2835   2968   3008   3174
2     30     33     34     36     37     38     40     41     43     44   3026   3092   3261   3274
3     47     48     49     50     52     53     54     55     56     58     60   2793   2902   2981
4     63     65     68     69     72     73     74     21     78     79     80     81   2710   3048
5     83     84     85     86     87     88     89     90     91     92     93     94     95     96     97   2826   3062
6     98     99    100    101    103    104    106    108    109    110    111    112    114    115   2674
7    116    117    118    119    121    122    124    125    126    128   2828   3038   3197
8    133    134    135    136    138    141    116    144    145    146    147    148   3246   3251
9    150    152    153    154    155    156    157    158    160    161    163   2950   3161
10      5    164    165    166    168    169    172    173    175   2767   2835   2934   3011   3093
11    176    177    178    179    180    181    183    184    185    186    187    188    189   2807
12    141    192    193    194    195    196    197    198   2800   2839   2979   3190
13    203    204    205    206    207    208    209    210    211    215   3044   3099   3313   3362   3371
14    218    219    220    221    222    224    225    226    227    134    229   2664   3190   3234
15    233    234    236    237    238    239    240    241    243    244    248   2712   2802
16    253    255    256    258    260    261    262    263    264    265    266   3147   3276
17    267    268     43    269    271    272    224    273    274    275    277    280   3238   3299
18    283    284    285    286    287    289    290    291    292    293    294    295   3319
19    302    303    304    305    306    253    307    309    277    310    311     41    312   2998   3034
20    313    314    315     56    317    318    319    320    321    322    323   3010
21    324    325    327    328    265    331    332    334    335    336    337   3025
22    340    341    342    343    344    345    180    346    348    349    351   2891   3035   3312
23    353    354    355    356    357    358     12    359    363    364    365    366    368   3089   3382
24    369    370    371    189    375    348    377    382    383    384    385    386    389   3053   3135
25    391    392    393    394    397    398    399    400    401    403   2864   2966   3124
26     29    404    405    406    408    409     74    411    412    414    415    416   2733   2952
27    419    195    420    421    422    423    424    425    426    427    428   2853   3042   3309
28    429    430    431    432    428    433    435    436    437    438    440    441    442   2854
29    445    446    447    448    451    453    454    455    456     16   2796   2892   2986   3382   3391
30    458    459    460    168    461    462    463    464    465    466     23    467   3037
31    448    470    471    475    476    477    478    480   2858   3128   3393
32    482    483    489    490    165    493    460    494    495    205    496    497   3133
33    498    500    501    502    503    505    506    507    198    423    510   2719   3102   3265
34    494      2    511    513    514    206    517    518   2767   2827   2850   2994   3087   3150
35    520    521    522    523    524    525    526    528    529    397    530    532   2997
36    535    536    537    538    539    540    541    542    543    544    546   2816   2986
37    547    549    550    551    136    226    554    555    556    557    558   2780   2789   3149
38    559    560    561    562    563    564    566    568    569    570    435    355    571    572    573   2962
39    574    575    576    577    578    580    581     79    583    584    476    585    586    587
40    589    590    591    454    592    593    595    596   2672   2816   3059   3082
41    574    598    599    600    589    478    601    602    604    605    606    608   3144   3273   3391
42    415    610    611    244    612    613    614    615    617    618    619    620    621    622   2805
43    623    624    625    627    628    629    630    631    633    634    635    636    595   3295   3378
44    637    638    639    640    642    643    644    150    645    647   2748   2975   3131   3152
45    648    649     68    651    652    653    654    655    659    660   2903   2968   2982
46    663    664    665    666    667    668     55    671    672    673    674    676    677   2776
47    679    680    681    682    684    685    686    687    689    690    692    693   2856
48    696    697    698    699    700    701    702    703    100    704    708    709   2992
49    711     34    712    713    715    716    717    718    719    720   2727   3079   3184   3249
50    721    723    624    725    726    727    728    729    730    696   2674   2770   2865
51    731    732    733    735    736    737    738    739    740    742    743    744   3047   3094   3168
52    747    748    749    750    751    752    753    754    755    756    757    758    759   2866   2927   2972   3150
53    649    760     65    761    583    762    763    764    765    766    767    768    283    772   2911   2973   3007
54    773    774    775    776    777    779    780    781    782    783    784    765   2751
55    786    787    788    789    790    791    792    743    794    795    796    797   3095
56    800    802    803    804    805    807    808    809    810    811    813    814    815
57    816    817    818    819    820    823    716    824    825    153   2813   3152   3259
58    829    830    320     53    831    832    391    834    835    836    438    837   2984
59    466    838    840    841    842    843    844    845    846    847    848    639   3071   3133
60    852    853    854    855    857    858     19    859    860    861    862    462   2716   3278
61    865    866    867    868    869    870    871    872    873    118   2695   2929   3070
62    878    879    880    881    882    883    733    884    885    887    888   2718   2776   2921   3230
63    803    890    891    893    894    895    897    898   2786   2836   2896   3005   3164
64    899    900    901    902    903    904    354    906    908    909    910    911    912   3080   3288
65    913    914    916    917    918    919     86    920    921    922    291    923   3219   3244   3315   3316
66    925    926    927    929    931    932    933    934    935    936    937    938   2877
67    671    940    941    942    943    944    945    946    947     87    948   2855   2902
68    949    950    951    411    952    953    954    956    957    958    959   2771   2830   3232
69    960    964    599    965    729    966    634    968    596    969    970   2943   2977
70    971    972    974    976    977    978    951    979    935    980   3315   3322
71    982    983    262    984    332    985    986    987    989    990    991   2757   2836   2939   2999   3135
72    994    995    234    996    997    998    999   1000   1001    620    642    842   1004   1005    789   3058   3090
73   1006    703   1008   1009   1010    104   1011   1013   1014   1015    861   2763   2768
74   1016   1017   1018   1019   1020   1021   1022   1024   1025   1027   2887   2907   3375   3377
75   1029    328   1030   1031   1032   1033   1034   1035   1036   1037    938   1038   1039   2806   3137
76   1041   1042   1043   1044    808   1045   1046   1048   3092   3155   3218   3235   3249   3254
77   1050   1051   1052   1053   1054   1056   1057   1058   1033    937   1059   1060   2683   2957   3239
78   1061   1051   1062   1066   1067   1068    606   1070    736   1071   2893   2908   3041   3137
79   1073     22   1074    560   1075   1076   1077   1078      7   1079   1080    368   2694   3093
80    648   1081   1082    760   1083   1085   1086   1087    286   1088   2811   2872   3156
81    640   1089    158   1090   1091   1093   1094   1095   1096   1097   1099   1101   2949   3118   3159
82    273   1105    547    218   1106   1108   1109   1110   1111   2751   2901   2926   2976   2991   3180
83   1112   1113   1114   1116   1117    302   1120   1121   1122    268   1124   1125   2882   3261
84   1126     84   1127   1128   1129   1130    125   1132   1133   1135    192   1137   3246
85   1140   1142   1143   1144   1145   1146   1147    523   1150   1151    399   1152   1154   2863   2870   3045
86    660   1156   1157   1158   1160   1161   1162   1163   1164   2660   2872   2988
87   1166   1168   1170    612    792    998    882    243   1172   1174    744   1175   2915   3107
88    429    340   1177   1178    426   1179   1180   1181   1183   1185   1190   1192   3308   3310   3361
89    319   1193   1195    179   1196    442   1197    385    345   1201   2984   3310
90   1202   1203    263   1204   1205   1206   1207   1208    723    969   2874   2935   2985   3381
91   1212   1213   1215    668   1216   1217   1219   1220   1221   1222   1223   2722
92    169   1156    659   1226   1228   1231    458   1232   1233   1234   2704   2978   3086
93   1235    394   1236   1237   1213   1238   1239   1240   1241   1242   1246    530   2841   3236
94   1249   1250   1132   1251   1252    507   1253    220   1254   1257   1258   2845   2979   3253
95   1259   1260   1108   1261   1262    779    772   1263    708   1265   2737   3017   3077
96   1267   1268   1269   1270   1271   1272   1273   1275   1276   1278    506     92   2777   2881
97   1281   1282   1283   1284   1285   1286    873   1287   1288   1289   1293   3191   3219   3233
98   1294    613   1170   1295   1296   1297   1298    881   1299   1300    732   2712   3074
99    271   1302   1303   1304   1305   1306    783   1311    311   1312   1116   1313   1314   2812   2991
100   1318   1319   1320   1321    763   1261   1324   1325   1326   1330   1111   1331   1332   3393
101   1333   1334   1335   1336   1337    536   1339   1340   2697   2791   2796   3024   3385
102   1341   1343   1344   1345   1346    622    916   1347    972   1350   2802   2945   3237
103   1352   1353   1354   1355   1356   1357   1358   1359   1362   2852   3070   3279
104   1363   1364   1365   1366   1367   1368   1369   1370   2697   2831   2967   3049   3307
105   1371    425    432   1372    566   1373   1374   1375    652   1376   1380   1381   2825   2988
106   1382   1383    204   1385   1386   1387   1389   1390   1391   1392    518   1393   2955   3129
107   1397    551   1398   1399    101   1400    629   1401   1403   1404    726   1406    698   3297
108    185   1409   1196   1410   1411    317     54   1412   1222   1413    667   1415    829    433    572   1418   2954
109   1419   1420   1421   1422   1425   1426   1428   1429    344   1432   1027   2838   3288
110   1433   1434   1435   1436   1437   1438   1439   1440    505   1095   1257   1441   1442   2748
111    117    872   1443   1444   1445   1446   1448   1450   1420    901   1451   1452   1016   3279   3282
112    576   1456    605   1458   1459   1460   1462   1463   1464   1053   1061   1467   1468   2997
113    221   1109   1442   1253   1471    503   1472   1473   1474   1475    774   1476   1304   1477   3002   3305
114   1478   1441   1269   1479   1480   1481   1091    160   1482   1483   1484   1485   3131   3138
115   1486   1487   1488    712   1490   1493    820   1495   1496   1025   1497   3099   3171   3376
116    666   1500   1216   1501   1236   1502   1504    392   1506    834   1415     52   2855
117   1507   1508   1509   1510   1511   1514   1515    554   1406    631   2689   2725   3377
118   1518    817   1519    682   1520   1521   1522   1523   1525   1527   1528    161   1485   1529
119   1530    999   1531   1532   1533   1534   1535   1536   1168    790   2724   2944   3067   3314   3363
120    490   1539   1540   1541    209    647   1490   1544   1545   1547   1548   2813   2916   3071
121   1550    248   1551   1314   1553   1554   1555   1557   1343   1558    617   2947   3078   3090
122   1560    904   1561   1562   1563   1564   1144   1565   1446   1566    871   1567    148   2828   2970
123   1568   1569   1570   1572   1534   1574   1386   1575   1576   2974   2983   3075   3313
124   1445   1421   1579   1565   1580    912   1581   1582   1583   1584   1586   2859   2863   3064
125   1589    914     90   1246   1285   1590    945   1594   1595   1596   1598   1601   3146
126   1603   1604   1605   1142    398   1607    804    898   1608   1609   1610   1611   2743   3054   3276
127   1614    791   1615   1616   1617   1618   1620   1031   1622    335   1624   1625   2727   3274
128   1627   1326   1628   1629   1631   1511   1632   1633   1634   2789   2868   2926   3378   3379
129      8   1636   1637   1638   1639   1333   1640   1074    858     26   2934   3037   3049   3292
130   1644    561   1077   1373   1645     81    651   1646   1647   1648   2871   2948   3008   3022   3097   3170
131   1649   1650   1541    715   1651   1652   1569   1653    211   2944   3171   3259
132   1658    225   1046    126   1659    133   1660   1662    555   1663   1664   2938   2987   3238
133   1665   1666   1667   1151   1398   1669    103    401   1670   1671   1603   1672   2755   2865   2935
134   1673   1358   1677   1450    867   1679    899   1680   2970   3073   3105
135   1682   1683   1324   1684   1122   1686   1687   1688   1568   1391   1689   1690    289   1691   3007   3069   3320
136   1693    194   1694    420    437   1695    837    115   1696   1697   1698   2937
137   1365   1701    544   1339    740   1703   1704   1174   1299   1706   1708   1709    796   3116   3390
138    700   1711   1712   1713    408    957   1714   1715   1716   1717   1015   1718     99   2709   2770   2874
139   1515    630   1719   1720   1721   1722   1723   1724   1725    990   1727   2960   3297
140   1731   1732   1271   1733   1734   1735   1736   1737   1738   1739   1740   1741   1742   2732   3225
141    860   1744   1475   1745    775   1747    464    845   1749   1233   1751   3281   3300
142   1754   1755   1359   1756    692   1757   1758   1759   1760   1763   2713   2993
143   1766   1724   1580   1563   1146   1769   1770   1507   1771   1403   1772   3141
144   1773   1318    581   1382   1775    480   1776   1777   1778   1779    764   1088   1780    287   1781   1686
145   1783    416   1784   1785   1223   1786   1787    621   1788    950   1789   2710   2945   3022   3380
146   1790   1791     38   1792   1652   1576   1616    787   1794   1035   1795    719   1798   2724
147   1799   1800   1801   1803    363   1804   1806   1807   1809   1586    906   2775   2932   3014
148   1811   1812    868   1813   1288   1087   1814    292    922   1816   1776   1818   1819   3320
149   1525   1820   1821   1740   1823   1824   1825   1826   1827   1758    687   1357   2726   3182   3282
150    240    674   1830   1221   1831    880   1294   1833   1834   1835   1836   1346    615   1837   1786   1839
151   1841   1842   1843   1548   1844   1183    854    459   1846   1847    495   1848   1849   2817   3263
152   1853   1205   1854   1855   1856   1857   1715   1859    304   1860   1862   2913   2956
153   1596   1863   1239   1864    980   1865   1866   1867   1058    934   1868    919   2686   3233
154   1871    739    795   1615   1872    540   1873   1709   1874    336   1875   1876   2806   3041
155   1877    598   1070    456    359   1882   1883    471   1460    584   1884   1885    909   1804   2951   2990
156    500   1268   1482   1886   1440   1888   1889   1258   1094   1891   1892   3051
157   1893    720    163    823   1894   1895   1617   1897   1898   1899   1900   2798   3083   3412
158   1901   1372    559   1902   1078    166     20    653   1644   1904   2660   2963   2978
159   1905   1906   1889   1907   1908   1909   1096   1910   1911   1439   1252   3305
160   1913    986   1914   1915   1898   1918   1919   1920    176   1921   1922    370   1923   1926   3157
161   1928   1437   1929   1930   1473   1931   1010    853   1842   1179    502   1933    427   3252   3256
162   1934   1935   1936    314     49   1937    156   1093   1940   1942   1943   1481   1891
163   1105    227    272   1944   1945   1946   1325    557   1947   1948   1628   1949   2987
164    229   1950    549   1397    108    702   1009   1951   1476   1263   1952   1110   2714
165   1923   1953   1936    315   1954   1956    383   1957   1958   1959   1960   2798   2950   3118
166    781   1961    762   1963   1311   1557   1965   1683   1966    284   1124   1968   3321
167   1969    878   1833   1970    664   1410    188   1971   1972   1973   1974    563   2722   3108
168   1975   1914    989    891    815   1976   1978   1979   1980   1981   3066   3155
169   1983   1354   1679   1984   1777   1389   1985   1819   1986   1987   1988   2695   3069   3217
170   1067   1990   1991    735    883   1992   1993    366   1799   2990   3015   3030
171    983   1611    260   1721   1999   2000   2001   2804   2870   3005   3019   3063   3141   3257
172   1272   2002   1741   2003   2004   1371    424   1178    510   2006    431   2008   3277
173    788   1535    932   2009   2010   2011    742   2015   1068   2016   1059   2017   2018   3085
174    918    294   1868    979   2021   2022    927   1689   2024   2025   1816   3132   3191   3217
175   1639   1334   2027   1366   1704   2028   1300   2029   2030   2031   2694   2733   2805   2895   3174
176   2033   2034   2035   2036   1609   1242   2037   1506   2038    947   2039   1590    814   3124   3280
177   2043   1281   2045    121   2046   2047    813   2048   1048   2049   2050   2051   2938
178   2052   2053   2054    843   2055   2056   2057    995    236   2058   2059   2947
179   1747    467    862   2060     18   1262    767   2061    784   2062     78   1234   2063   2982
180   2064   2034   2065   2066    943   2067   1909   2068   2069   1940   1101   1892   2070   2793
181   1463    602   1062   2071   2072    965   1052   1034   2074   2076   2077   2830   3088   3117   3381
182   1528    685   1754   2078   2079   1821   2080   2081   2083   2084   1044   1976    807   2049
183   2085   2053   1004   2086    233   2087   2088    748   2089   2090   1533   2091   2915
184   1981    893   2092   2093    684   2084   2094   2713   2744   2918   2933   2995   3057   3157   3224
185   2095    895   2097   2098   2099   2101   1809   2102   2103   2744   2765   2782   3009   3239   3243
186    187   1970   1411    681   2105   2106   2108   2109   1943     58    665   2110   3031   3138
187   2113   2114   2115    445   2116   2117   2118   2119   1632   1497    210   2708   3295   3374
188    564   2121   1075   1646   2122   1412   1973   2123   1783   2125   1835   1219
189   2129   1127   2130     93   2131   2132   1086   1814    290   2133   2134    920   2928
190   1306   2136   1946   1682   1331   1106   1963   1265    280    782   2882   2911   2931
191   2138   2139   1320   1781    578    475    704    608   2141    970   2143   2973   3077   3304
192    686   2144   2145   1356   1824   1757   2146   2147   2148   2150   1742   2972   3068
193    644    846   1005   2152   1893    713    824   2154   1536    786   1792   1650   1540    152   1624   3119
194   1488    718     33   2158   2159   1948   2160    215   1798   1651   1629   2708   3050   3075
195   2161   2162    756   2163   2166   2167   2168   2169   2170   2146   2732
196   1409    441    569   2171   2172   2173   1201    181    343   1972   2174   2175   3361
197   2176    521   1807   2180   1154   1459   2181   2182   2183   2782   2859   2951   2957   3080
198   2184    949    618   1788    978   1345   2186   2187   2188   2189   1554   2761   2952   3318
199   2190   1527   2191   1731   1276   2192   1823   1478   2193   1434   2194   3051   3265   3277
200   2018    936   1050   1794   1620   1032   1071    738   1871    794   2197   2983   3067   3173
201    890   2094   2080   1287   2198   2199   2200   2050   2204   1756   2099    811   2205   3066   3262
202   2025   1690   1966   2188   1344   1553   2206    977   2208   2211   1113   2877   3000   3316   3319
203   2212    309   2213   1911   2214   2215   2065   2033    802   2216   2218   2875   2879   3054
204   2102   1803   2220   1913    177   1975    987    897   2222   2223   2225   2804   2894   2918   3247
205   1773   1387    203   2228   1627   1332   1691   2160   1949   2888   2931   2974   3374
206   2071   1121   2230    258   1036    964   2231   2232   1853   1204   2235   3025   3034   3166   3215   3260
207    888   1990   2237   2238   1800   2101   2239   2240   2241   2016   2243   2778   2995   3094   3247
208   1474   1259    773   1951   1008   1930   1745   2245   2063   2246   2716   2901   2992   3301
209   1830    677   2247   2039   1238   2249   1217   1595   1500    941   2686   3237   3244   3322
210   1660    556   1947   1514   2251   2253   2256   1021   1486   2118   1631   3028   3050   3223
211   2258   2259   1305   2260    310   2213   2261   1856   1097   2064   2262   1905   2263   2264   2940   3181
212   2265   2267   2268   2269   1082   2132    295   2270     96   1158    923   2272   2273   2275
213   2276   1039   2277   1688   1575   2278   2197   2024   2279   1112    925   1791   2208
214   2281   1735   1381   2282   2167   2283   2284   2285    568   1901   2004   2286   2175   2854
215   2258   1099   1303   1471   1436   1910    780   2288    844   1749   2290   2291    637   2292
216   2294   2295   1129     88   2296   1907   2215   2067   2036    948   1251   2297   1598   2298   3241
217   1784    954   1456   2299   2300    412   2301   2302    577     73   2930   3088   3144   3199   3304
218   2304   2305   2306    585   2307   2308    655   1081   1779    761   2309     63   3097
219   2310   2045   2298   2312   1283   2035    809   2218   3029   3146   3226   3262
220   1719   1604   2001    623   1771   2314   1140   2315   1404   2317   1208   1669    725   3147
221    543   1872   1708   2320   2321   2322   2323    797   1614   2953   3058   3083   3107   3119
222    730   2324    635   1999    325    985    966   2325   2317    266   1207   2960   3082   3188   3260
223   2183   1066   1467   1882   1806   2327   2098   1993   2238   2683   3085   3168   3172
224   2329   1428    351   1180   2330   2331   1020   2333   2334   2335   2336   2817   3145
225   2074   1037   2206   2337   2189    976    926   2338   1125   2340   2341   2277   2231    956
226   1780    470   1321   1634   2228   2116   2343   2344    208    447   2345   2955
227   2346   2347   2348   1572   1653   2349   1531   2350   2090   1385    752   2994   3362
228    917    293   2351   1965   2272   1550    237   2058   2353   2354   1341   2355   2823   3000
229   1275   2357   2192   1732   2358   2359   1480    693   2144   1825   2362   1520   3031   3040
230   2363    754   2089    482   2364    173   2365    465   1228    838   2056   3087   3091   3300
231   1844   2368   1544   2369   1521   2191   1496   1019    819   2331   2371   2373   2374
232   1522    157    825   2193   2369    638   1435   2375   1484   1841   1545   3006   3252
233   2376   2006   1270   2281   1737   1375     95   2131   2378   1163   2273   2381   2382   2170   2963
234   2143    601   2383   1206    721   2077   2385   1712    699    952   2386   2943   3199
235   2388   2055   1231    847   2389   2353   2288   1968   2390   1751    776   2812   3078   3091
236    777   1232    766    285   1961   2061   2389   2265   1161   2351   1083   2851   2903   3281
237   2333   2391   1190    341    382   1846   2394   2395   2667   2720   2814   2961   3004   3127
238   2301   1789   1220   2397   2398   2399    528   1462    587   2305     72   1647   3012   3193   3236
239   1302    269   1254   2401   2402   2290   1906   2212   2296   2260    312   2664   3002   3180
240   2403   1988   1393   2022   1687   2350   2010   1574    929   2279   2404   2405   3173   3250   3314
241   2408    604    590      9   1877    737   1874    451   1340    539   2409   2893   3030   3089   3116
242    264    991    331   2411   1618   1900    717     30   2412   1980   2413   1915   2941   3254
243   2416    751   2417   1904    172   2364   2418   2381   1160   2286   2162   2420   2850   3086
244   2421   2422   1759   2148   2423   2424   2426   2427   2778   2856   2927   3040   3057   3284
245   2428    908   1583   2429   2430   2431   2284   1419   2172    356    573   2434   3014
246   2435   2436   2437    322   2438     50   2439    109   1697    831   1502   1665    400   2441
247   1018   1432   1769   1566   2442   2256   1509   1444   2444    138   2445   1663   3038   3064   3149
248   2447   2448   2357   1273   1736   2150   2163   2451    759   2452   2423   3062   3216
249    184    318   1954   1193   2109   1920   2456   1418    375   1935   2460   2981   3169
250   2130    921     89   1589   2294   1126   1813    119   1284   2043   2461   2929   2996   3029   3291
251   1120    267     37   1684   2278   1570   2466   2159   1945   2467   1795   2136   2888
252   2468   2424   1352   2147   2469   2346   2470   2404   1392   2017   2471   1984   2866   2993   3363
253   1894    154   2152    996    643   2475   2476   1953   2478   2323   2860   2949   3183
254   2479   2480   2268    749   2086   1226   2417   2388   1157   2052   2363   2823   2851
255   2445   1766   1581   2481   2483   1425   1723   2725   2814   2822   2861   3035   3145   3148   3375
256   1433   1181   2194   2484   1733   2002   2485   2330   2373   2719   3006   3256   3263   3309
257   2324    984    542    371   2486    625   1720   2487   2488   2672   2740   3004   3104   3148   3312
258   2368   2489   2336   2490   2491   1495   1847   2492   2117   1547    497   2720   2907   3044
259   2493   1755   1818   1983    866   1355   2204   2494   2021   1286   2468   2403   2857
260   2495   2496    111   1952   1399    550   2497    145   2498   1672   2839   2937   3167   3234
261   2283   2174   2003    346    430   2499   1739   2485   2430   2500   1429   2329   1177   2942
262   2211   1558   2501   1312   1117   2261   1855   2340   2502    303   2232   2761   2779   3321
263   1073     27     69   2503    404   2125   1837   2030   1296    614   1787   2871
264   1671   2495   2507    524   2508    403   1694   2439    110   2510   2511    832   3021   3045   3115
265   2496    106   1950   1931   1693    501   1249   1472   2245   1011    219    419    193   3255
266   2515    900   2431   1734   1673   1452   2516   2518   2500   2282   1826   1362   2166   2145   2838
267   2520   2502   1857   2385   2235    953   1716   2521   2337   2186   2985   3117
268   2225   1147   2524   2525   1582   2483   1722   1772   2181   2717   2775   3009   3063   3164
269   2528   2530   1638   1336   2531   1364    386   2532   2533    537   2961   3104   3231   3390
270   2095   1610   1240   2535   2536    894    805   2037   1282   1601   1866   2537   1057   2205   3226
271   2486   2325    324   2538   2320   1876   2539    369    541   2785   2939   3059   3231
272     44    307   1114   2540    255   2276   1030   1790   2411   1625   2341    337   2230   2467
273   2359   1519   1483   2541   1919   1899    679    155   1934   2108   2456   1959   3032   3224
274     94   2544   1942    672     60   2358   1479   1267   1886   2069    942   2545   2448   2546   2110   2549   2550
275   2121   2503   1831   2551    879   1297   2031   1076   2552    365   1969    562   3015
276   1085   2306   2553    654   1376   2554   2555   2275   2556   2382   2134   1164   2948   3027
277   2557   2182   2536   1865   1458   1241    520   2302   2397   1056   2747   2772   3243
278   1839    673   2560   1175    241   2561   2087    758   2562   2447   2545   2422   2921   3074   3084
279   2246   1260   2060    859   1006   1717   2564    709    406   2565     17   3048
280   2054   2291   1313   1555   2390    848   2567    994   2779   2975   3159   3181   3183
281   1645   2568   1380   2122   1695   2569   2510   2570    836    440   2954   2962   3027   3042
282   2184    611    958    414   2571   2572   2573   2574   2575   2521   1713   2831   2895   2956
283   2576   1133     91    498   2008   1278    421   2376   2129    196   2556   2825   3023   3253
284   1215   1235   1413   1504   2123    393    526    830   2577   2570   3012   3021   3170   3380
285   2535   1150   2557   2180    532   2717   2743   2765   2841   2864   2896   3019   3280
286   1622   1897   2413   1922    334   2322   2578   1960   1875   2539   2999   3053
287   1991    358    731   1703   1335   2028   1079   2551   1298    884   1636      6   2409
288    306   2216   2580   1605     40   2540    800   1979    982   2412   2000    261   2786   2809   3218
289   1501     48   2066    946   2038   1608   2583   2441   1666   2264   2584   2879   2880   2966
290   2327   2097   2015   1060   2537   1293   2199    931   2585   1867   2857   3132   3250
291   2391   2335   2489   2119   1508   1727   2253   2587   2481    636   2487   2887   3376   3379
292   1443   2589   1289   2200   2079    865   2493   1760   1827   2051   2852   3197   3291
293   2085   1000   2057   2365    757   2154    841    483   1530   2349   1649   2827   2916   3371
294   1089   2501   1854   2259   2592   2573    619   2593   2520   1551   2187   1001   2567   2860
295   2292   1438   1928   2375   1843    463   1477   1744    840   1539    645    489   3278   3301
296    342   1422   2173    186   2428   1584   2594   2595   2524   2822   2894   2932   2942
297   1848   1185   1013   1929   2596    852   2528   2394   2598   2599   2600   3240   3292   3307
298   2106    689   2222   2603   2239   2092   1921   2605   2460   2807   3032   3108   3230   3284
299   1197    321    835   2438   2600    436   1933   1192    114   1698   2684   2768   2853   3056   3255
300   1873    591    600    960   2072   2408    538   1029    327   2538   2908   3188   3215
301   1045   2312   2048   1662    275    810   2606   2214   2402   2607   2809   2998   3026   3241
302    628    593   2608   1319   2139   2609   2114   1633   2345   2892   2977   3128   3273
303   2610   1640    164    855   2530    461      3    493   1849   2611   2490   2791   3127   3240
304   2598   2614   2395    349   1195   1956    384   2615   1370   2532   3010   3056   3109   3169   3308
305   2617   2476   1937    313   1958   2593   2574     47   2618   2262   1860   1090   2436   2070   2584   2619   2794   2967   3109
306   2081   1518   2620   1043   1493    711   2621    816   2371   1024   2623   3154   3182   3223
307   2595   2525   1725   2220    389    178   1926   2740   2757   2861   2891   3257
308   1888   1128     83   2550   2068   2295    944   1908   2845   2881   3023   3102
309   2578   2478   1957   2321   1706    377   2615   2531   2624   1363    535   2785   2794   3412
310   2115    207   2344   2611    513    496   2626     14   2491    446   2904   3011   3129   3385
311   1658   2606   2310   2047    128   2401   2297   1250   1130    222    135   2800   2996   3299
312   2627    144   2628   1145   2629   1564   2630   2507   2631    522   2498
313   2626    477    455   1775   1383   2632    911   1986   2633   2343    353   2634     13    514   1677   1883
314   2635   2269   2480   2088    747   2636   2549   2452   2354   2059    238   2561   2826
315   2637   2638   2631   2554   2568   2508    525   2577   1648   2639   2398   2304
316   1054   2338   1038    974    933   1864   2076   1464   2747   2771   2797   2930
317   2575   2640   1014   2599    112   2614   2641   2617   1862   1369   2437    323   1714   2684
318   2571    610   1295   1172   2592   2619   1701    997   2475   2029   1367   2624   2953
319   2564    701   2062   2383    959   2299    575    409    768     80   2141   1718   2737
320   2263   1859   2641   1711     98   2644   1203   2583   1670    727   2435   2618
321   1884    903   2645   1561   2633    869   2646   1680    580   1811   2309   1778   1987   2858   3156
322   2544    940     85    676   2247   1836   2635    239   1594    913   1347   2355   2270   3084
323   1607   2580   2644   2315    305    256   1202   2755   2875   2880   2913   2940   3166
324   2494   2426   2471   2649   2198   2241   2103   2585   2009   1763   2405   2933   3172
325   2645    902   1560   1143   2308   2639   2399   1579   2629    529   1468    586   2176   2651   1885
326   1834   1350   1785   2249   1212   1237    971   2300   1863   2772   2797   3193   3232   3318
327   2027   1368    405   2572   1637   2640     24   2565   2596    857   2709   2763
328   2378   1162   2416   2479    750   2636   2267     97   2451   2168   2777   3225
329   2603   1801   2223   2240   1992    887   1971    183   2171   2594   2552    571   2429    364
330    680   1529   2541   1918   1978   2083   2623    818   1895   2093   2941   3161   3184   3235
331   2420   1902   2285   2515    910   2632    357      1   1080    511    570   2434    175   2169   2652   3105
332    968   2138    627   1330   2609   1401    728   2386    697   2689   2714   2780   2868   2976   3017
333   2046   2589   1017   1042   2653   2444    122   2078   1451   1659   2726   3028   3154   3242
334    870    124   1812   1137   2461   2654   2307   2638   2651   2627   2553   1567   2646    146   2811   2928
335   2637   2511   2630   1696    197    422   1374   2555   2654   2569   2133   2576   1135   3167   3251
336   1562   2442   2497    147    558   1510   2314   1400   1770   1152   1667   2628   3115
337   1820   1022   2653   2621   1523   2190   2374   1448   2484   1426   2334   2499   2516   1738
338   2161    755   2470   1353   1985   2418   2348   1390   2634   2652    517   2518   3068   3073
339   2656   2427   2649   2469   2562   2091    753   2347   1166   2011   1532   2243   2718   3047   3095
340   2251   1944   2620   1041   1487    274     36   2466   2158   1664   2607   3079   3242
341   2610   2492    633   2608    592   2533   2587   2113    453    546   1337   2488   2667   2904
342   2237    885   2105   1974   2546    663   2605    690   2560   2362   2656   2421   3216
