,Initial_Stress,Final_Stress,Initial_s0,Final_s0
0,0.2826305478269877,0.2189496046537429,5.0,5.090646948121389
1,0.3123426196285015,0.24288142845250738,5.0,5.075706782347389
2,0.23490895877163265,0.18209658912121807,5.0,5.091477512497873
3,0.21408702611737462,0.16663279926961583,5.0,5.077256319269781
4,0.08202321085483022,0.06358786957794826,5.0,5.077756465555385
5,0.3863922367905608,0.29932315396176523,5.0,5.091602747042154
6,0.25515867602211184,0.19923333255848674,5.0,5.076910194333397
7,0.2787404094866721,0.21643748461400358,5.0,5.088447892581982
8,0.34615604590054305,0.269293670986157,5.0,5.089044521566475
9,0.22948110648449194,0.17825427623917212,5.0,5.0875633224269645
10,0.22414277254066772,0.17471100914746418,5.0,5.078240301998429
11,0.15309950374647974,0.11860610374574598,5.0,5.088078519913264
12,0.4096732018800848,0.3196512388078677,5.0,5.081510679301555
13,0.23086295508754384,0.17938952447807577,5.0,5.083432171044429
14,0.19590495718959655,0.15213774029921479,5.0,5.089755906207287
15,0.14008843299594043,0.10897096498384251,5.0,5.08095250633378
16,0.20937027724624735,0.16278534423112312,5.0,5.083961855345898
17,0.3521897268608558,0.2740635805460523,5.0,5.085690175099851
18,0.1307251543489043,0.10228024701586447,5.0,5.070024910050099
19,0.2238607779213324,0.17447714651222457,5.0,5.0762314547497756
20,0.13545782951123342,0.10532635509865695,5.0,5.088424176909125
21,0.21292781984906894,0.1652145635810116,5.0,5.09769341915038
22,0.3861351415972698,0.3020550795277709,5.0,5.078986570050752
23,0.26067698009877804,0.2032344215897569,5.0,5.0779653095499455
24,0.16673664232380903,0.1299652396605142,5.0,5.084083469463687
25,0.2980213663721807,0.23200895259674648,5.0,5.083028884552787
26,0.17063946263033491,0.1329568504870955,5.0,5.0887170640524815
27,0.36085066268508914,0.2810497523666676,5.0,5.087592410454871
28,0.2484966212354387,0.19367098157261287,5.0,5.082040496057765
29,0.18772584344215582,0.14564666160571615,5.0,5.091162997299303
30,0.2481567416393422,0.1927187134362912,5.0,5.087983731453427
31,0.13511683426664822,0.10517172601134805,5.0,5.081027596201775
32,0.2652321135336766,0.20695256860536615,5.0,5.080511552851608
33,0.08300671879011534,0.06453508074982284,5.0,5.080502326220637
34,0.2664068320197215,0.20745217003576244,5.0,5.082407823725612
35,0.210527984307729,0.16442420255255785,5.0,5.076239142301642
36,0.26252499795306394,0.20266079675590043,5.0,5.099555134040203
37,0.2009480920051876,0.1566730745978585,5.0,5.085610983560791
38,0.075525135582303,0.05868350897665109,5.0,5.082992125795283
39,0.22193116864535845,0.17185178695793724,5.0,5.094921711663405
40,0.27719313806402646,0.21517867041501582,5.0,5.088544765454079
41,0.21465821729208567,0.16720043535580753,5.0,5.0810480224501475
42,0.16128510797775952,0.1250457067404951,5.0,5.084858878971259
43,0.18214890729112088,0.1417686051885334,5.0,5.078395025725655
44,0.11310308999760887,0.08789899898015885,5.0,5.079787677955316
45,0.24831470263994637,0.19376678458911478,5.0,5.0804149091431405
46,0.20184437217881546,0.15658082462242118,5.0,5.093323811353541
47,0.2095996937966953,0.16247373431198597,5.0,5.090529948489113
48,0.17066760332342534,0.1324731109224807,5.0,5.085100236191495
49,0.25964436312172157,0.20241439665781547,5.0,5.079144289367319
50,0.17298357326006952,0.1347285732209853,5.0,5.08143405979113
51,0.21351383161304893,0.16664628558375216,5.0,5.078968847158505
52,0.18910870470539098,0.14716587746472098,5.0,5.081607682111331
53,0.13261732740872723,0.1027768039806074,5.0,5.080919188570023
54,0.2626761056623699,0.20506644315289502,5.0,5.075414201005559
55,0.07098893453609834,0.055357824135009115,5.0,5.080642829077648
56,0.19707403237956767,0.15334023027861687,5.0,5.081718682088789
57,0.22387403296056774,0.17376827220100122,5.0,5.094179219927311
58,0.21229314787383502,0.16526277737926454,5.0,5.081532713152939
59,0.1877176201951234,0.1462176621733523,5.0,5.083738944253859
60,0.2715108531522883,0.21047309184948326,5.0,5.081874879901003
61,0.19629984748363016,0.15273354609451806,5.0,5.084660845246418
62,0.25423758071380487,0.19727576880740183,5.0,5.090376025973704
63,0.27390287515453826,0.21254013117499304,5.0,5.089705787352905
64,0.07354433129081883,0.057106696916771504,5.0,5.0906859797586
65,0.12238580150180911,0.0953764408897595,5.0,5.082869006688373
66,0.29957894055570344,0.23404090140166334,5.0,5.079636209776872
67,0.16675996132069892,0.1296895686409183,5.0,5.085023253633922
68,0.2397352691082426,0.18660578301364117,5.0,5.080139619277588
69,0.14092625241736467,0.10934804865505454,5.0,5.083808688517681
70,0.27547166606619045,0.21377978990146895,5.0,5.082704615072826
71,0.15413475100022023,0.11976292094087215,5.0,5.086652992085217
72,0.2660275678958346,0.20686489079959436,5.0,5.081360623023894
73,0.20926557927678613,0.16242986725324637,5.0,5.085363379456398
74,0.16477048920001613,0.1283015657819958,5.0,5.083357660773533
75,0.1735014591599422,0.13505123925602536,5.0,5.083384649813896
76,0.43415142500405146,0.3372961656772181,5.0,5.089400106384971
77,0.3366938397366852,0.26198098782280155,5.0,5.086871142003639
78,0.19108382611202246,0.1486976090538169,5.0,5.0795740250531995
79,0.18467076577441666,0.14200107729655398,5.0,5.064839360873288
80,0.281065108507655,0.21873323507721643,5.0,5.090390173141923
81,0.23061836192175922,0.18074136750929848,5.0,5.058546718339718
82,0.14917329710423566,0.11628983369073331,5.0,5.078585999606835
83,0.43202629322306496,0.33755751954043944,5.0,5.080739882088077
84,0.224937461719231,0.1755816101393618,5.0,5.076158750086259
85,0.27471199102716426,0.21403617359252203,5.0,5.083821201079184
86,0.21646967912733284,0.1677081816184911,5.0,5.093650418773121
87,0.06271780382241388,0.04886018656518998,5.0,5.076922042952212
88,0.1704575123185843,0.13270017321934635,5.0,5.0862803415135005
89,0.12623522877864768,0.09809988962346639,5.0,5.08373364657368
90,0.22905280883661416,0.17843337415886462,5.0,5.077128978206975
91,0.20936703684854785,0.1633230460003825,5.0,5.077489463033533
92,0.22447501766384836,0.173099294905535,5.0,5.101036276395856
93,0.17892989656518576,0.14022232434210247,5.0,5.096487526670375
94,0.20371006352951904,0.15764458261703473,5.0,5.097025934907364
95,0.2983227833949553,0.23210902242607712,5.0,5.08506447833482
96,0.1633993363793662,0.12685248010447658,5.0,5.089397832486471
97,0.17704757909464108,0.13702936110598563,5.0,5.092468319789871
98,0.3448604630005254,0.26814843617987316,5.0,5.082081167414705
99,0.34515025162942026,0.2684203435089647,5.0,5.090189836984722
100,0.06842542423790343,0.05334482333490809,5.0,5.088022134489076
101,0.21744816883482287,0.16888384761701758,5.0,5.094820759235992
102,0.3181341919453613,0.24707205242944663,5.0,5.092225723896195
103,0.21110136919053968,0.16367886633216755,5.0,5.094284055662284
104,0.11961450701685084,0.09276273343252517,5.0,5.09122950636514
105,0.17372333591662636,0.13491314141207567,5.0,5.105376034152487
106,0.254878439785194,0.19809822138009248,5.0,5.083673429296329
107,0.3090379426615757,0.2393992440658439,5.0,5.095358979819755
108,0.2015919004411426,0.1561813615278539,5.0,5.089880660324804
109,0.24777569833541002,0.19262431932145918,5.0,5.083043511817795
110,0.16418914439655286,0.12613594440972076,5.0,5.085469604899071
111,0.15579105379641156,0.12144471635321274,5.0,5.07628357438783
112,0.12458585910438558,0.09667598591895454,5.0,5.083286003436136
113,0.19990228308610214,0.1562041631406651,5.0,5.080614115719815
114,0.23196507065234861,0.1805578673012045,5.0,5.088430748448571
115,0.3478418011651918,0.2699741289906541,5.0,5.093928627461404
116,0.2600542858656014,0.20132769891540825,5.0,5.091835797045556
117,0.13486865293558514,0.10493091867301252,5.0,5.09336069049418
118,0.22996517260419091,0.17872923519085848,5.0,5.086608282090301
119,0.12608486461741686,0.09794326016199772,5.0,5.0827477878844896
120,0.18410238077070917,0.14306237861357307,5.0,5.083466072019709
121,0.126353547994853,0.09799313543947252,5.0,5.090615772099021
122,0.20981459882216202,0.16315061105891804,5.0,5.090959050494046
123,0.1082840565462666,0.08411686013937447,5.0,5.089003454816998
124,0.2235115634386977,0.17301608924746326,5.0,5.090932677650466
125,0.2730335964923738,0.21261028192083387,5.0,5.084397664080802
126,0.11511522376979588,0.08960571430997777,5.0,5.08585223500023
127,0.16134612647850544,0.12491315946059345,5.0,5.09252890135194
128,0.27592502074439595,0.21492895223657937,5.0,5.085092481036231
129,0.327854712908453,0.25647332537383183,5.0,5.076321957141214
130,0.09350067333122025,0.07228362766909258,5.0,5.092808392622352
131,0.32640180300667554,0.2539145835679626,5.0,5.084231039667246
132,0.14128378320098145,0.10990546723192562,5.0,5.078540387328019
133,0.19730922116018923,0.15394872067686438,5.0,5.067008643475024
134,0.2667977208203638,0.20953010734561883,5.0,5.059643189291956
135,0.162934332393478,0.12646511754011436,5.0,5.088547206897989
136,0.22204016224053258,0.17318942674523452,5.0,5.080995323360131
137,0.2233725035754448,0.17433942687476112,5.0,5.080512280951073
138,0.3045000232721071,0.23652246472572425,5.0,5.078842859945745
139,0.2344136389165281,0.18242611299225964,5.0,5.079469084632642
140,0.2621703979176988,0.20383027286789712,5.0,5.084988749623323
141,0.2262203642641234,0.17673820957453712,5.0,5.072115331085554
142,0.2102453836601279,0.1639807185227129,5.0,5.081710471943461
143,0.284581473935434,0.22088123409701055,5.0,5.082345893065732
144,0.17572875217545536,0.1360660877264126,5.0,5.0865560465765025
145,0.13554500245363355,0.10551384863330304,5.0,5.078701222084554
146,0.3141348133872768,0.2447311055868553,5.0,5.084718897752047
147,0.1642476796468335,0.12724441072157466,5.0,5.098039101599774
148,0.08371238989491658,0.06543606291240822,5.0,5.0809182342537085
149,0.2923223945216511,0.22901685621236423,5.0,5.059776050640661
150,0.21408087487815441,0.1659213224206587,5.0,5.088780183325419
151,0.2995005567838598,0.23255932241884025,5.0,5.088606678368306
152,0.1504740672726308,0.11650275533705501,5.0,5.093327802864751
153,0.26487523732860274,0.20585266395924695,5.0,5.0859075635989015
154,0.30594793784931684,0.23774908667599937,5.0,5.09083242764877
155,0.22595924352400054,0.1759543176393613,5.0,5.082878388013157
156,0.12130559139765995,0.09505884110651541,5.0,5.072804951709049
157,0.13425201318703106,0.10501114995709848,5.0,5.0781087745589915
158,0.18456572662734394,0.14331575409757857,5.0,5.083041894703451
159,0.11506297679208966,0.08929243321593683,5.0,5.080442722515643
160,0.1859900971315649,0.14428924685895606,5.0,5.0897781267799225
161,0.27816693427182937,0.21651623507887485,5.0,5.085133550797174
162,0.17881232427350002,0.13941564404035056,5.0,5.076105639452466
163,0.1866604847160811,0.14494300926817205,5.0,5.084057594349005
164,0.23777761430451805,0.18491260978003632,5.0,5.085309493368504
165,0.258339404553934,0.20172771559123737,5.0,5.076748870478474
166,0.1268329714865022,0.09857512294437687,5.0,5.08130605906743
167,0.18129206471805448,0.14086992430337109,5.0,5.09087475094633
168,0.29885903869351904,0.23263817245013807,5.0,5.087849081738076
169,0.23980270690260475,0.18619137063685964,5.0,5.094949040991805
170,0.2969325278882142,0.23091701786294339,5.0,5.0870268835486865
171,0.29675572141577633,0.2308882128817351,5.0,5.084348292303265
172,0.14123332212658868,0.10956213441951235,5.0,5.084511918142383
173,0.2840298695154422,0.22020223671861372,5.0,5.089787785869371
174,0.3886614568192317,0.30210388406958855,5.0,5.0913954976111775
175,0.1949576224634002,0.15160635365211617,5.0,5.090155408922952
176,0.06746053225641924,0.05246804413361661,5.0,5.078905104684539
177,0.24468352614870925,0.19071690027334465,5.0,5.078532061227614
178,0.09141065736118059,0.07109236248794648,5.0,5.083419819183659
179,0.21108566941043683,0.16410713217940853,5.0,5.080515719963872
180,0.19994644465202427,0.1551629806699063,5.0,5.079853207463465
181,0.11232206390176191,0.08753338503660124,5.0,5.078671713583347
182,0.15186365739525076,0.11811740495720169,5.0,5.081292657183436
183,0.2956486158769218,0.22943586135609362,5.0,5.0935143941221295
184,0.2511961453199276,0.19513301778531011,5.0,5.092166408265086
185,0.19819609597736365,0.15368409981078135,5.0,5.08858939795493
186,0.2137472913124625,0.1668112146383468,5.0,5.072299027302503
187,0.10684536009611234,0.08327126942878671,5.0,5.086364890571993
188,0.20946274814170485,0.1625670258723524,5.0,5.086223675460166
189,0.20578341905014708,0.1599524933332629,5.0,5.0859259288151115
190,0.369407575999523,0.28650900317865036,5.0,5.098596475384429
191,0.2125539763675306,0.16580811060780454,5.0,5.080281548319183
192,0.12732374173736405,0.09895024531033203,5.0,5.08002386896762
193,0.3597227207728908,0.28021846926064975,5.0,5.08539378086474
194,0.3417940129018351,0.2667233481322041,5.0,5.07982448683201
195,0.15700491379905235,0.12261960004234862,5.0,5.070481962231623
196,0.1647982200385505,0.127963221723133,5.0,5.089577315420444
197,0.1964684972347297,0.15334358535663428,5.0,5.083515033520749
198,0.12522930102434993,0.09792793059248972,5.0,5.069260282166157
199,0.2184595912431635,0.17026383309901916,5.0,5.087722964116921
200,0.2907304208179704,0.22631952480318318,5.0,5.090861483376505
201,0.2124820787113737,0.1653802573012394,5.0,5.081246397846444
202,0.1601105994691714,0.12481908744114512,5.0,5.079929827184033
203,0.21446720649269135,0.1666079125682074,5.0,5.089112085304626
204,0.3241253276612226,0.2515458721376971,5.0,5.100206759731192
205,0.2955051709445615,0.2289373590751056,5.0,5.086325067377659
206,0.16967210473603855,0.1316650297607208,5.0,5.082700318321853
207,0.3383479419209192,0.263405561759289,5.0,5.0795199919352285
208,0.22686697348012252,0.17682709605415492,5.0,5.080362098312925
209,0.07072758845679505,0.05411990940867817,5.0,5.0751765294100615
210,0.2928521599640881,0.22779407735383128,5.0,5.086781009349934
211,0.14915384698165068,0.11591368476760189,5.0,5.080304612597164
212,0.24390966124859248,0.18973481141149817,5.0,5.082991964833052
213,0.27227337072189606,0.21224119326566626,5.0,5.077740551492331
214,0.29928668302103567,0.23311003180974144,5.0,5.087601006869544
215,0.03748946416446497,0.03024866802185544,5.0,5.08014915820473
216,0.3417251503320897,0.26640908837563304,5.0,5.081869965071544
217,0.2561272125857894,0.19815201837362117,5.0,5.0955570064592415
218,0.14218481776841307,0.11033175461750422,5.0,5.087772666698651
219,0.174768833435055,0.13558547075206162,5.0,5.085811189538223
220,0.21389020509176326,0.16647947207751046,5.0,5.082569060183806
221,0.24539869504102407,0.19108229441693103,5.0,5.08275441637581
222,0.29544801149286304,0.22978057186255085,5.0,5.08568061538301
223,0.21308677301585432,0.16655879923639716,5.0,5.079250592624689
224,0.24579920244243247,0.19011310675817206,5.0,5.093913000488408
225,0.19070058326252437,0.14885064347113508,5.0,5.074055038142058
226,0.2194082151764447,0.17108799638504513,5.0,5.082136208521542
227,0.1440412318144284,0.11015048201187982,5.0,5.0777215870514425
228,0.08070162867891706,0.06255019829775588,5.0,5.084522302777321
229,0.18854158206974914,0.14646135920885106,5.0,5.09061580864457
230,0.31112810241656086,0.24135735979681128,5.0,5.092367831156865
231,0.25822885458710276,0.201209702361143,5.0,5.078869770476677
232,0.18944268292579136,0.14718724603758426,5.0,5.07953899226508
233,0.22139949157286365,0.17163504015738662,5.0,5.083612305921665
234,0.2569485130500919,0.19968251861534192,5.0,5.0832348365341495
235,0.20548161651125207,0.15972666245013512,5.0,5.084246665011545
236,0.2861914471316853,0.22248457837867142,5.0,5.09005497089956
237,0.21822456100094834,0.17031411797328044,5.0,5.076113022400035
238,0.10831589610220105,0.08431882637925547,5.0,5.075079979773438
239,0.19778582044357473,0.15330558668208905,5.0,5.086523888000309
240,0.19657362400665424,0.1528152627281284,5.0,5.084870712951517
241,0.28638878503191845,0.22314528260136723,5.0,5.080261169758158
242,0.2728650717523997,0.21315937682864805,5.0,5.077550825371011
243,0.3248580053928385,0.2526239513157722,5.0,5.092045029352388
244,0.13581196500496096,0.1059410267058476,5.0,5.078240358578636
245,0.19730931284487419,0.15319175728315493,5.0,5.08913144929771
246,0.20495097539955354,0.15959481856487723,5.0,5.0810024109172325
247,0.2319845332894226,0.18115345683419692,5.0,5.0717849224239675
248,0.22076332928217668,0.1720584359508993,5.0,5.081964127129854
249,0.22656432115438885,0.1758174026300816,5.0,5.083601042250745
250,0.10893914587117015,0.08433860581319053,5.0,5.092000439944204
251,0.12243273503738172,0.09504643069192498,5.0,5.072689480442056
252,0.221257876395075,0.1722464815320568,5.0,5.083832135931532
253,0.18529309169360508,0.14524178102025154,5.0,5.1072441503300325
254,0.35132413802662876,0.2729406379974828,5.0,5.090648665725119
255,0.23004773041428295,0.17922961166963358,5.0,5.0828332687222755
256,0.1883665112883175,0.14664305772510544,5.0,5.084160325626543
257,0.15173521122102396,0.11787294322729835,5.0,5.082799368882993
258,0.27948371645484027,0.21603025612644644,5.0,5.097261524475272
259,0.14371005722138364,0.11183249605466783,5.0,5.089915598537695
260,0.15917806545674185,0.1236679810847765,5.0,5.080568844510989
261,0.32000719974543945,0.24930928045222267,5.0,5.085529968118738
262,0.2716071644142204,0.21143212501670927,5.0,5.084039999606675
263,0.3589288011067,0.2796764097673913,5.0,5.084338305959424
264,0.16715993073032287,0.13466018054867634,5.0,5.0
265,0.228308489309627,0.17873967616761766,5.0,5.072582706504498
266,0.14163362654485545,0.1095062410270502,5.0,5.087507496269428
267,0.23539490255741757,0.1827855030943364,5.0,5.091318643949183
268,0.18280228319706748,0.14233429383901441,5.0,5.0870900872797
269,0.1936340529374314,0.15055293391054247,5.0,5.081282852966735
270,0.2327924564798054,0.1808120861388396,5.0,5.086280559612399
271,0.2613595542680125,0.20348208499633524,5.0,5.084421181962169
272,0.26983573236036706,0.20962049982761544,5.0,5.094280986983479
273,0.20012489599671834,0.1557212258092362,5.0,5.0888674029900205
274,0.17021374406496426,0.13188210250267596,5.0,5.079863027352189
275,0.2409365102952279,0.18715643688908656,5.0,5.0833200582590266
276,0.15621809842727852,0.12077409164071295,5.0,5.086564270953033
277,0.3748225922421171,0.29319555083781,5.0,5.074398527917499
278,0.21146841232657732,0.1646458941561174,5.0,5.0802508064712
279,0.299674014354985,0.23414760348681374,5.0,5.078062573830673
280,0.15395366298373903,0.12028782038422114,5.0,5.076549446998868
281,0.15019667966659744,0.11650700952525916,5.0,5.0853598372408815
282,0.20212225996159616,0.15752350639842594,5.0,5.076416625490872
283,0.22571620628158628,0.17570615642804888,5.0,5.0782099421127125
284,0.45902554361887016,0.3570926152763666,5.0,5.091693709518781
285,0.43255175265509105,0.33630820490827684,5.0,5.09204888592488
286,0.46474016853908173,0.36248364880819306,5.0,5.089427123232655
287,0.19954875619102697,0.15604148167128773,5.0,5.073153375621295
288,0.27149679259312776,0.21113081916153653,5.0,5.0790568321075735
289,0.24692763129010808,0.19211885552362273,5.0,5.085733563340931
290,0.3697474561035714,0.28743276515480365,5.0,5.097183363650286
291,0.23946362349127037,0.18677164906769694,5.0,5.078477564849395
292,0.2839180776947976,0.22280842622915342,5.0,5.0642934524606
293,0.2592658727315338,0.2011903434737119,5.0,5.0883789337704055
294,0.21267262129937947,0.16545644709356033,5.0,5.080981721294746
295,0.2297200660804264,0.1798788698622411,5.0,5.071188117005407
296,0.17828523636652682,0.13887081861953166,5.0,5.081715609598048
297,0.26756433384717715,0.2079803655360013,5.0,5.081213716603896
298,0.31955083263409856,0.24906026903017398,5.0,5.084866817828493
299,0.18209239768523666,0.14158970911329416,5.0,5.079744109852475
300,0.17981423307677336,0.14022701893609135,5.0,5.082503826070743
301,0.3083020943626966,0.23918584292857759,5.0,5.090054762125282
302,0.2746388456324307,0.2139239227047407,5.0,5.079755833636117
303,0.18833048588135193,0.14578086139433322,5.0,5.0979311858629295
304,0.20511454616151514,0.15978101651983745,5.0,5.077666586137424
305,0.3282277924816639,0.2549919660533637,5.0,5.090193679657213
306,0.17462373958970523,0.13592833690512363,5.0,5.085026094729299
307,0.10776810393545033,0.08414655869057086,5.0,5.073424626824172
308,0.21906294147745764,0.171088351799088,5.0,5.073765670303585
309,0.17179468382728413,0.13362791651858963,5.0,5.0828378108877725
310,0.15410459467650872,0.12043129038370548,5.0,5.065597368513579
311,0.20934056430493042,0.162868046223135,5.0,5.077374894084707
312,0.22153724544806197,0.17153075221308423,5.0,5.0896018620436045
313,0.1773276691400043,0.13758674695118933,5.0,5.089219730594889
314,0.3302444088773522,0.2566937430381866,5.0,5.087382675724124
315,0.11345784164472161,0.08795018048954129,5.0,5.090322675391512
316,0.3028295894691062,0.23644205103309945,5.0,5.07697957795429
317,0.32598156878149,0.25330973744641083,5.0,5.0837694053879545
318,0.10222986030566306,0.07951464826544141,5.0,5.082222059961161
319,0.11200542119756562,0.08748335784247907,5.0,5.0790703928551295
320,0.22035350787407504,0.17128453952002487,5.0,5.082737979900234
321,0.2211684291204732,0.17171791616942755,5.0,5.086180714609938
322,0.20882402150782253,0.16216977744482652,5.0,5.08910417508285
323,0.09173505666741799,0.07144387337523173,5.0,5.0758577621543655
324,0.24735249702017437,0.19270109790069234,5.0,5.082721674551909
325,0.19885537222919258,0.15452088582896373,5.0,5.074650327301011
326,0.3090452174270608,0.24174769026067955,5.0,5.076682030265056
327,0.09988467652784405,0.07968058340095807,5.0,5.058589991462368
328,0.2561984102507522,0.19924654822553411,5.0,5.085986588195501
329,0.2897412508187107,0.22521020869819952,5.0,5.084849380058358
330,0.3356780147987408,0.2606146594333624,5.0,5.090361421522234
331,0.3428414641433246,0.2661304228711008,5.0,5.093927282671036
332,0.3000047204199279,0.23388846013771247,5.0,5.077954996021763
333,0.15842350994173438,0.12261935363011278,5.0,5.094245392746775
334,0.13259404923283302,0.10318857793192926,5.0,5.0857315582941975
335,0.18264556534241283,0.14206662562132755,5.0,5.083256888884371
336,0.16774967790963835,0.13460349550946682,5.0,5.0
337,0.18002037482363176,0.14188401949779006,5.0,5.064458147700837
338,0.284941400163067,0.22163925087331848,5.0,5.082828081663164
339,0.16444915055950582,0.1278181357074133,5.0,5.084391322815511
340,0.19975751350449444,0.1550908776140978,5.0,5.090656133595255
341,0.26752979626131745,0.2081642161412981,5.0,5.085977966216673
342,0.21006670092439172,0.1632725737338756,5.0,5.082976058799238
343,0.16358833161164088,0.12497092135132859,5.0,5.082351112674122
344,0.30052681199275666,0.24085045667183191,5.0,5.0
345,0.20743808388278584,0.17759959260035607,5.0,5.065167531522565
346,0.15170194137824522,0.1202693868261393,5.0,5.149840676939332
347,0.2799875578801474,0.22982658719804983,5.0,5.072653465153492
348,0.17641545804558723,0.14287410057422956,5.0,5.068837869836358
349,0.38428178490372744,0.3230937436821619,5.0,5.078530200759994
350,0.21619964224142585,0.17427972066935293,5.0,5.066589119154976
351,0.3511752637086192,0.28209349809697404,5.0,5.073624727701276
352,0.2095732265018886,0.16659405298729246,5.0,5.075643925316395
353,0.2872987020451374,0.23904678726597028,5.0,5.0678417390674735
354,0.24388862887314033,0.21832197695050493,5.0,5.086067464279829
355,0.23877156632721008,0.19692196111519455,5.0,5.067598262855508
356,0.2172389215214945,0.18947400871164732,5.0,5.0612793697368375
357,0.19334471390939667,0.16089670923996835,5.0,5.0635000441433675
358,0.37964827063259055,0.32687428227262916,5.0,5.073984612011744
359,0.36042557508350304,0.2944648182724816,5.0,5.0792013938954295
360,0.2382035400698863,0.19487215030077099,5.0,5.056595720206953
361,0.3141174286783217,0.2537956091302891,5.0,5.068497387847994
362,0.2202291989838574,0.18037816866172252,5.0,5.083657925434508
363,0.18862512505090612,0.14739904990168928,5.0,5.086337664300888
364,0.24481845700508975,0.19838586438023253,5.0,5.078519673244299
365,0.37116361839773093,0.3033724623046019,5.0,5.075888705992897
366,0.3392419838733849,0.2705671749576126,5.0,5.075156136386205
367,0.12467134021264559,0.10054901114868664,5.0,5.072952308240861
368,0.32944505091327403,0.23543110536587197,5.0,5.068784968535871
369,0.267704700044437,0.211382772310726,5.0,5.074279921306033
370,0.2852870975859054,0.2319746628364715,5.0,5.063692755784572
371,0.20036404434380461,0.16499523474781208,5.0,5.076972869064633
372,0.15286194314789348,0.12754900452426776,5.0,5.081941341499281
373,0.37868542824056073,0.3132232588270285,5.0,5.059319432385303
374,0.20386484012596173,0.1392854296061541,5.0,5.073653388656876
375,0.4119762039315409,0.3359655944131479,5.0,5.072108370076123
376,0.27306179166710254,0.22266090167449426,5.0,5.067632523251762
377,0.28942873493740007,0.2509360886439891,5.0,5.073086669173028
378,0.3512682146389552,0.2888643566547757,5.0,5.074467762168835
379,0.30463102608692916,0.24932002895960548,5.0,5.031470855506672
380,0.27142652732970474,0.22887728384527195,5.0,5.069763402483849
381,0.4484438081733937,0.3597054994942501,5.0,5.077300969118621
382,0.34588931203360507,0.2790350815533009,5.0,5.089417244686283
383,0.2529982077949706,0.1993700386395454,5.0,5.081587463658952
384,0.19844234896671442,0.15949117130330415,5.0,5.061844220785847
385,0.26508180221174826,0.21460690161148654,5.0,5.064593951896521
386,0.35478121828307096,0.2889790304613207,5.0,5.072724853001462
387,0.3735200419379312,0.2844042388704049,5.0,5.070122025377044
388,0.2077902868647783,0.1645597765594662,5.0,5.0797349639247
389,0.18266725683531582,0.14014157788959114,5.0,5.061156839085736
390,0.217385840306338,0.1886131323376774,5.0,5.074472495333797
391,0.2310450422413901,0.18787424314781398,5.0,5.0725896442966345
392,0.21928052940387732,0.17707532827898587,5.0,5.075956153745214
393,0.1479949425890883,0.12165854764231998,5.0,5.08230927943405
394,0.250732665378546,0.20102986915847088,5.0,5.064032029258563
395,0.19896363083114,0.15707220128742394,5.0,5.070381053503352
396,0.12912391054800265,0.10844663880269312,5.0,5.06408443748632
397,0.2598072943086769,0.2073997125440652,5.0,5.073486468882091
398,0.3926932880034817,0.3422610570917952,5.0,5.075130558871548
399,0.12611506842728137,0.10379940671510623,5.0,5.076858873394174
400,0.3648054678591002,0.30001830331865187,5.0,5.081000926852104
401,0.12979241682975595,0.10829043494212165,5.0,5.073410332794692
402,0.26757787910643227,0.2158741653114049,5.0,5.080289473504189
403,0.07737796692705534,0.07017853695838916,5.0,5.066609085925986
404,0.30821705983333203,0.25031636128176404,5.0,5.068451061907595
405,0.2946760684075673,0.23105091593743143,5.0,5.078032939358739
406,0.31978925821287807,0.2574387935825466,5.0,5.066566362589988
407,0.264434302493203,0.21067010266859665,5.0,5.076673959993814
408,0.37066892419118824,0.260627431655438,5.0,5.066129727046702
409,0.3384883719489482,0.2652231786959789,5.0,5.077057100938269
410,0.08078369885473058,0.06843273081114298,5.0,5.071508276483767
411,0.32706684437172817,0.29751493723297173,5.0,5.062967363926845
412,0.21012960084204724,0.18524970861499246,5.0,5.073256562018846
413,0.2989448168889104,0.24466093618601292,5.0,5.053507646698661
414,0.21179857927603196,0.1683817868396178,5.0,5.068471654773843
415,0.3067994016736806,0.25459721944226577,5.0,5.068927043155211
416,0.21867186400827898,0.18392192637253713,5.0,5.070184397446997
417,0.4865666382388554,0.3967240077812365,5.0,5.069936929204859
418,0.22702729920514475,0.19476919553703764,5.0,5.075435279556384
419,0.15036415558591787,0.12857114496559485,5.0,5.0825842651557185
420,0.24185895780266287,0.19486467991376744,5.0,5.078810269542249
421,0.18327600515503795,0.14735786991531108,5.0,5.074070320895574
422,0.24876988051282956,0.20826636807659926,5.0,5.071957658718507
423,0.16857809378705846,0.13495300231009888,5.0,5.028748359925306
424,0.29798282338173077,0.24019909341847634,5.0,5.07548092889027
425,0.27934517463104624,0.22817553998431372,5.0,5.077855012654977
426,0.5782047295864852,0.47014517798962374,5.0,5.074815727933819
427,0.21964699732541693,0.18098996723477012,5.0,5.07356825032117
428,0.2826915762234201,0.23885895233940602,5.0,5.0727558877183565
429,0.12801942401344468,0.10915265484799352,5.0,5.08195172133366
430,0.209531547981336,0.16999689975522225,5.0,5.058739894464788
431,0.2666303262663543,0.20487921287708577,5.0,5.0791081081336475
432,0.24435547225029608,0.20452486589594487,5.0,5.068104553859607
433,0.3867896061335927,0.3132703732164298,5.0,5.072275350632092
434,0.26325663072735317,0.20966927016173864,5.0,5.068913164305027
435,0.38793254541868727,0.31381745538274974,5.0,5.069683755069576
436,0.2074248172468396,0.1616606908626974,5.0,5.074876511295345
437,0.20166829294153876,0.1604983295727649,5.0,5.0
438,0.14603304969937558,0.11297316850941863,5.0,5.075194950595767
439,0.15989448308208298,0.13339752203361477,5.0,5.071945747878548
440,0.21632116297449722,0.1745689999790253,5.0,5.069348679719061
441,0.22403382340331435,0.18195541009545313,5.0,5.063768376722422
442,0.2237641315181329,0.18192143566989416,5.0,5.075778170047558
443,0.24228094044468884,0.19734472628993527,5.0,5.065899515038117
444,0.2762173899022913,0.22287215209593048,5.0,5.078244843493023
445,0.2806442276388508,0.22430860235711636,5.0,5.06654767816924
446,0.25850114387284684,0.21105377856291907,5.0,5.069231039842981
447,0.23125281756658023,0.21473539638100814,5.0,5.077048788019853
448,0.2818883184115031,0.23549516703597595,5.0,5.0705876194254795
449,0.2963060808874556,0.19624326208656973,5.0,5.070452606913758
450,0.31921871523132594,0.258094848918097,5.0,5.074851383613375
451,0.12478448512976192,0.12346190883147257,5.0,5.065620089012048
452,0.44223754063880905,0.35630268644374974,5.0,5.073489857502214
453,0.22554190538777696,0.17821603851309953,5.0,5.0707686193850865
454,0.18154633935279585,0.14831015513718604,5.0,5.062986839694492
455,0.18190856703807778,0.14724215601511847,5.0,5.055669220922612
456,0.35256681107956034,0.2900458410669109,5.0,5.066523431696179
457,0.2602529875706132,0.23326624457951195,5.0,5.069064964462617
458,0.13340385939865573,0.15551969910074437,5.0,5.063327315932513
459,0.3453667379052914,0.25905975670922343,5.0,5.091757128913583
460,0.10819131897015444,0.08672831122839364,5.0,5.07351148834621
461,0.16960201456084723,0.13695936346558657,5.0,5.063074132272742
462,0.23195044818221322,0.18679891669315363,5.0,5.055731856675312
463,0.3668412169302335,0.2987475128451269,5.0,5.06085436557318
464,0.27809365512097983,0.22785048021306042,5.0,5.059291122010547
465,0.19064919076907594,0.16509219102870643,5.0,5.073372540474974
466,0.33045742463920647,0.33165030353746117,5.0,5.078488670438688
467,0.2733418453300567,0.22602217088035492,5.0,5.084740099325495
468,0.29559517769969124,0.240935875945254,5.0,5.032047444264034
469,0.3198632699355439,0.244672220289611,5.0,5.0718772245031385
470,0.46108762866531583,0.37580591310553935,5.0,5.065386607166502
471,0.15872206973162983,0.13217506800740209,5.0,5.077062398395968
472,0.3982221591687003,0.32524494290029005,5.0,5.067382398311722
473,0.39360762958191753,0.2921370366932743,5.0,5.069885623274617
474,0.28411637939696877,0.22030611010802537,5.0,5.071521965955403
475,0.2929254418356526,0.24657358926483686,5.0,5.069339967324824
476,0.1493243388825818,0.1966828527603952,5.0,5.085621864660865
477,0.18097241578102352,0.14896055451598,5.0,5.071730528043243
478,0.22774252563192832,0.18191737329929336,5.0,5.076249340130712
479,0.305190787401181,0.22452415649746227,5.0,5.080505266813011
480,0.27225202414080574,0.21703816080478422,5.0,5.075357737121591
481,0.3282262804989551,0.20545165755857342,5.0,5.076052733117029
482,0.30190265715685194,0.2466023001902693,5.0,5.071857972400471
483,0.20464057639191813,0.16478454833157086,5.0,5.071543159045726
484,0.2138053979488368,0.173526015202504,5.0,5.071626693526534
485,0.43814033665730556,0.35420402708355403,5.0,5.071774085700991
486,0.3065319376849911,0.254494291071683,5.0,5.071137481799903
487,0.2885710795947771,0.2352353206345601,5.0,5.070770551702708
488,0.14992897079581713,0.11192767439212781,5.0,5.0762014368477715
489,0.32435662693942313,0.2718034945960439,5.0,5.075305861272534
490,0.15688297080385305,0.13002199937741987,5.0,5.046391907388772
491,0.159321079765548,0.12467163726926045,5.0,5.063060250509066
492,0.2781175970475167,0.22250434314119216,5.0,5.0727423715373465
493,0.33681050286676784,0.26371802392913435,5.0,5.077504059750719
494,0.2006861559856492,0.1472336283270872,5.0,5.076704141856991
495,0.29045420597281746,0.22056954872299017,5.0,5.076979162885582
496,0.2700079195018257,0.163878539671942,5.0,5.076975178888219
497,0.13503165618271606,0.11868730607324451,5.0,5.063498099399935
498,0.2986099331885055,0.2439918280422655,5.0,5.074575903072729
499,0.2635192491852989,0.2148293597180656,5.0,5.0694228058079105
500,0.2660275036193376,0.21991229027459824,5.0,5.0647353559558095
501,0.23812179220549812,0.18828093655052647,5.0,5.076583853619603
502,0.325552497640492,0.26390371580095584,5.0,5.066155829470755
503,0.3480767644873044,0.2893738596357778,5.0,5.076606558569043
504,0.3445124043784802,0.28245011260035247,5.0,5.074166019163693
505,0.21587792270318862,0.16821436707737547,5.0,5.066486195663673
506,0.32041763454237904,0.25859947666141325,5.0,5.081745910046882
507,0.28157901439574773,0.1992211713583607,5.0,5.073175215619736
508,0.25100237883165266,0.20923258504504783,5.0,5.074270618588148
509,0.3076561575577714,0.2726074794089518,5.0,5.067395886979762
510,0.33272099848062653,0.26500433886525254,5.0,5.0744041991938005
511,0.32030253688730803,0.25733814212606687,5.0,5.068957248777473
512,0.19885520229527165,0.16616484521867791,5.0,5.075236444591775
513,0.2743977937401785,0.22519798401184632,5.0,5.066600023878616
514,0.2213632392218392,0.1767976475123374,5.0,5.071297271152897
515,0.28455884557057276,0.22591562751890448,5.0,5.071509068147337
516,0.07872672837415129,0.07934569306764727,5.0,5.078501165688154
517,0.26243283493991454,0.22506890520673883,5.0,5.070839798014886
518,0.33710553957806066,0.27841650254857453,5.0,5.071326333808637
519,0.2535714714990416,0.20848148851838622,5.0,5.064723978403345
520,0.23174165211955855,0.18060260832397956,5.0,5.08488556606423
521,0.16345883466780076,0.13452495534975695,5.0,5.066206893472911
522,0.34291086954917605,0.2861208486520741,5.0,5.070808964207103
523,0.3417267354345672,0.2780054306078792,5.0,5.069063795449438
524,0.21638459480153283,0.19047466280556846,5.0,5.0755444822348394
525,0.24193411409325227,0.18189992261752308,5.0,5.085834781317313
526,0.2804582763825918,0.23414601197707885,5.0,5.065577959262573
527,0.3629644135353469,0.30009967868354925,5.0,5.062463489520388
528,0.29125630594607577,0.24114213186252043,5.0,5.078616747421956
529,0.2655733691819677,0.2062761577644232,5.0,5.073103534736605
530,0.1867586490328903,0.15165944744139592,5.0,5.068885695541905
531,0.34707332594189433,0.2840061159973478,5.0,5.0706854174179306
532,0.29863323659764607,0.24065165297776403,5.0,5.0607898035818355
533,0.29651847795485664,0.202226216262255,5.0,5.062679914339281
534,0.2620456703477334,0.2192514407327133,5.0,5.072797019067927
535,0.2535551763066204,0.20110381895821572,5.0,5.0785321654759485
536,0.12116965901516341,0.10266425011887437,5.0,5.073008674572144
537,0.1899326267150221,0.1634373783575811,5.0,5.072446774306991
538,0.33977929939794693,0.2747326315521882,5.0,5.069299502874491
539,0.19040626237498537,0.15281518770028724,5.0,5.0696078008500844
540,0.1470198681042405,0.11965230439945129,5.0,5.067886650644304
541,0.2663869915285091,0.21904460130192938,5.0,5.076460898239681
542,0.21334638307388065,0.16817672645913162,5.0,5.0641679142698415
543,0.32242616319690853,0.2657863654602781,5.0,5.0765255397187214
544,0.22992609445381063,0.1760122066891321,5.0,5.074748651168042
545,0.3837641136522283,0.3042175995571662,5.0,5.0728250051911505
546,0.2565600357808706,0.2107578750333179,5.0,5.065859754145903
547,0.19412113909267448,0.1615770318235502,5.0,5.0657111828068935
548,0.24055428239160825,0.19439939598888412,5.0,5.072074663937904
549,0.21630978355870245,0.17880061394077928,5.0,5.050816733019632
550,0.284262375165093,0.23043805780846616,5.0,5.077393234842988
551,0.2691901583188665,0.2133445209633663,5.0,5.072411559006893
552,0.17004264753110077,0.13877276448846598,5.0,5.06926966137752
553,0.17245895857580007,0.15850626245491517,5.0,5.072282172805469
554,0.3510971212570484,0.27726661186561874,5.0,5.147574644411588
555,0.25643393538712544,0.1616547576052345,5.0,5.065280319733914
556,0.28364932625719663,0.22784950262953574,5.0,5.0733095858447275
557,0.21196727782513047,0.17365999913471586,5.0,5.066985219867277
558,0.15596148261498266,0.1278845048883488,5.0,5.074813101004665
559,0.1894698180316965,0.15454699525033666,5.0,5.06863728826791
560,0.19758498433802218,0.16281489051449283,5.0,5.073873576399075
561,0.281514711059242,0.2317665586372062,5.0,5.065305064641352
562,0.14896265483786286,0.1203487612447155,5.0,5.063259983112074
563,0.34683609003360494,0.2818097028847677,5.0,5.074826141586799
564,0.2957536919793442,0.24348367767187407,5.0,5.073390738161212
565,0.37615316432723866,0.2939775706550156,5.0,5.074581166653829
566,0.18240973374300307,0.14791977093367237,5.0,5.07970507753738
567,0.31495596629535405,0.2410036674357705,5.0,5.075853951250249
568,0.18107726332579777,0.15072663926291763,5.0,5.082083874027639
569,0.19853797178749066,0.16605283310178387,5.0,5.066524584703416
570,0.2962181575069589,0.2397058697687573,5.0,5.08386001647283
571,0.31930920803062235,0.2660479221104375,5.0,5.0690930466656425
572,0.32585821527894354,0.25800902937753056,5.0,5.077741443964889
573,0.4654723838443606,0.29026731633680525,5.0,5.079388562845182
574,0.2393068745871827,0.19968078987823734,5.0,5.069330666088465
575,0.3521540447742084,0.24083913806111723,5.0,5.067476568377893
576,0.17066114811128763,0.13901000305418432,5.0,5.0645271114789825
577,0.1344606822072647,0.1271649919668667,5.0,5.084528963514838
578,0.3186062964477916,0.2645088977477089,5.0,5.072062469030394
579,0.20545621177310114,0.16731974706028763,5.0,5.073372117442316
580,0.2089264255924339,0.17442898195567258,5.0,5.0805042299615
581,0.12184405787696706,0.09918300148700965,5.0,5.071134048809434
582,0.3313675001050689,0.2694799008920479,5.0,5.069985096028615
583,0.2962573144655103,0.23188356001607935,5.0,5.075299878138866
584,0.2562501152501593,0.20905641663125585,5.0,5.074429608466398
585,0.2015799483638847,0.17956037150227866,5.0,5.080588519817306
586,0.296214804641733,0.24033682706299508,5.0,5.072779794188689
587,0.3415221786002671,0.26158912046521254,5.0,5.07831418381083
588,0.23820611514200274,0.19026601209025196,5.0,5.069409565973331
589,0.2798945491035869,0.2300792765032562,5.0,5.07099163399209
590,0.23178801254827452,0.16779773692334654,5.0,5.069666473380252
591,0.4041202369754475,0.3296579822291008,5.0,5.077517600628161
592,0.26229972202492746,0.21234905208052623,5.0,5.070783360594637
593,0.23702049578881645,0.1911093946827438,5.0,5.071727464673534
594,0.32757085741229286,0.27354250512738687,5.0,5.066202773091897
595,0.23339932463804947,0.18952491494077683,5.0,5.060948614287302
596,0.14090290561801488,0.11446696204094242,5.0,5.07420363895978
597,0.32985641313042335,0.26484162532932776,5.0,5.113899548512455
598,0.21293320436224739,0.18087740633613048,5.0,5.078516237620541
599,0.18633319351127398,0.13997574406288948,5.0,5.081729741490433
600,0.3615665863318156,0.2935008578620104,5.0,5.077741093253829
601,0.24748127799392927,0.19052181272440127,5.0,5.075482797293969
602,0.4209499405578496,0.32935643222609645,5.0,5.079047107133832
603,0.32674109020016684,0.2467655810224605,5.0,5.073582088591042
604,0.23545415087676846,0.19112516774863142,5.0,5.072939187933789
605,0.24934858423558803,0.20223722826538326,5.0,5.074210586354084
606,0.18250135567851467,0.1446294590133026,5.0,5.053441605962359
607,0.20116962753187528,0.1642381923326126,5.0,5.077007641395035
608,0.3281179406182,0.2731473150142396,5.0,5.080458804878507
609,0.23222534139837325,0.19131986982928018,5.0,5.063110301072227
610,0.3759337710678414,0.30774253519069306,5.0,5.0497339912546835
611,0.0937021740511077,0.07278073322051437,5.0,5.072141011513205
612,0.34238292029412976,0.2765741026165698,5.0,5.07609780167984
613,0.3316422624049009,0.2672696104999721,5.0,5.070580007654648
614,0.3514312711316432,0.2899555586078376,5.0,5.071080588714194
615,0.15074593532649772,0.14215823797557214,5.0,5.064506573999328
616,0.4022052491644674,0.33204520916889635,5.0,5.072895850697696
617,0.11821124530687888,0.09967970919468361,5.0,5.064842049057576
618,0.26666101962212907,0.21756257802399936,5.0,5.074298783087725
619,0.09220270046355661,0.07379779465264047,5.0,5.068375470568425
620,0.23405047418104186,0.18656962193334548,5.0,5.0636656898799615
621,0.40801644178027585,0.33004119994366243,5.0,5.066140349882806
622,0.34933088520583766,0.2828590741687541,5.0,5.063057710020242
623,0.2579705862527235,0.2122298692691078,5.0,5.07466242771498
624,0.10147290692582445,0.07861221885235414,5.0,5.068628882057631
625,0.33180626984380024,0.2677973573450563,5.0,5.077295219975992
626,0.11850144382135341,0.09356334130970412,5.0,5.043302147706248
627,0.1100407727142767,0.08067715427971534,5.0,5.064442048784219
628,0.23911787520920424,0.19652544766742563,5.0,5.078824929271235
629,0.12365847863039714,0.09963316761527463,5.0,5.086595231461075
630,0.26578050384733287,0.21714291334342994,5.0,5.0640213929079
631,0.21739127404451275,0.1749265788753096,5.0,5.063271753515179
632,0.13381070787158755,0.12268131671665827,5.0,5.080419593831067
633,0.20207006577239617,0.16634490815454295,5.0,5.073397276594678
634,0.23304115617341514,0.18117097145651972,5.0,5.067672225023854
635,0.29865645835774446,0.23950949638961072,5.0,5.077753610487719
636,0.09454912675771321,0.07417168798591,5.0,5.080170743189374
637,0.24976582574386863,0.2041729662863364,5.0,5.065507845334123
638,0.27808195232925526,0.22596730867375792,5.0,5.07482544463981
639,0.2890216265283623,0.22939214145942677,5.0,5.064882492451872
640,0.12132062853113679,0.09731714601662089,5.0,5.064816244286963
641,0.24581198642147073,0.22090642836583663,5.0,5.073238572305883
642,0.18190984754872974,0.1475886851387569,5.0,5.074149069504443
643,0.1502014615996461,0.14782638267466242,5.0,5.075445369382949
644,0.22553488744079786,0.17461907411708766,5.0,5.079341634350785
645,0.26944773143900447,0.21633135915520008,5.0,5.077755492792235
646,0.46336847432272443,0.3777949891935267,5.0,5.064084541817566
647,0.3194829187410333,0.26954869640707835,5.0,5.068502045284724
648,0.22758551288342366,0.19573013577411902,5.0,5.077250197090466
649,0.20058297627508193,0.16515930861057404,5.0,5.073029346699389
650,0.2696261393443229,0.2123389467056962,5.0,5.0708427938240686
651,0.2026852292868524,0.16479583945262055,5.0,5.072969747772147
652,0.2687382403181673,0.21635369965680384,5.0,5.071149897996197
653,0.16096823687321127,0.12660244780729224,5.0,5.0749176660445094
654,0.2510312232776237,0.20261680742979915,5.0,5.073211454898825
655,0.2855255883593475,0.2433989299798367,5.0,5.075762087818614
656,0.26342172846530665,0.2179528154038759,5.0,5.077907647072859
657,0.21688173316307857,0.1937345640496031,5.0,5.089900873741433
658,0.15459988880553044,0.1228494256887267,5.0,5.071392155621233
659,0.16048838013094624,0.13241529787252126,5.0,5.06788788791833
660,0.18171373959186266,0.15053210116354032,5.0,5.0706069738094595
661,0.2323417996134467,0.13146448715301795,5.0,5.07128178118494
662,0.34471303044715884,0.27923143768248904,5.0,5.065296119887215
663,0.12459848145935681,0.09957957637804093,5.0,5.069452856575687
664,0.36571919357610816,0.21725141917035673,5.0,5.069863365009164
665,0.2601275045565161,0.21249059888681288,5.0,5.0783932451742775
666,0.3540965405502994,0.2915016369996777,5.0,5.074461201601688
667,0.24104648086571157,0.1997868089823165,5.0,5.080115691783034
668,0.17113592627969698,0.13982808657642454,5.0,5.091512649974872
669,0.31122436811212784,0.2689160361230656,5.0,5.082691941714321
670,0.1741565632217532,0.1410637025462429,5.0,5.073988942926642
671,0.39986059634630244,0.32655286354121216,5.0,5.0567575587429126
672,0.29422748227166173,0.24000436561947325,5.0,5.066389528601221
673,0.2664185313116565,0.21858351024777578,5.0,5.072344993884368
674,0.1412520275373208,0.10992331263714639,5.0,5.075184173403482
675,0.23926601033638617,0.19243289161697952,5.0,5.050248973218459
676,0.2441727877182156,0.20203508575929086,5.0,5.071443617429452
677,0.10556720430870925,0.0896172081777471,5.0,5.068517975498512
678,0.2111419952739102,0.1784217190972075,5.0,5.079223646851112
679,0.14254928631609065,0.12250539454807718,5.0,5.068548590202306
680,0.2634173769355772,0.21800313978322228,5.0,5.089096164309614
681,0.27860421644505906,0.19670588288448365,5.0,5.062205828557573
682,0.15063510997334917,0.12389492491595033,5.0,5.064574220159157
683,0.2486034369082386,0.20235137905364964,5.0,5.067499123673214
684,0.29645318116813657,0.24561472625649716,5.0,5.066678712639421
685,0.2742531901641947,0.22676083766939037,5.0,5.0873101955123
686,0.1713476453907501,0.13409020864738386,5.0,5.08740690864518
687,0.19159609837789948,0.15345870073404644,5.0,5.0823886344515845
688,0.2099026347036934,0.1650947282618518,5.0,5.089577094284454
689,0.2890411384739595,0.22655286331539526,5.0,5.083146472984641
690,0.1854699976478582,0.14470265532357274,5.0,5.079373091732817
691,0.1613109467441678,0.12571723004014934,5.0,5.0758334065929755
692,0.3305914047404974,0.2593508223308765,5.0,5.085673338500598
693,0.2137608066239518,0.16743772474498875,5.0,5.081057125617079
694,0.19137507914639929,0.149575689132463,5.0,5.080959182114642
695,0.26325060052463245,0.2172553180586676,5.0,5.075979009704463
696,0.2756596955371591,0.21628552587100136,5.0,5.077424005081346
697,0.2718772044619888,0.21275923255763085,5.0,5.079928608205151
698,0.3224691011529941,0.2545478724458604,5.0,5.068920807348762
699,0.19335296082491404,0.15140899578314182,5.0,5.07224835067789
700,0.16923261541888812,0.13320814884655974,5.0,5.093695309410462
701,0.2953375177208821,0.232156087453655,5.0,5.079080929957955
702,0.23882136878092664,0.18646692165257073,5.0,5.088375982154272
703,0.1735547009599998,0.13660357109800925,5.0,5.065148066277505
704,0.2075323475268711,0.15790474801345245,5.0,5.080072340191073
705,0.21993501989802167,0.17243132317775045,5.0,5.081538746307883
706,0.17885338146977148,0.1040217409738402,5.0,5.070512331656358
707,0.24624602086479253,0.19321218265322626,5.0,5.089617238679525
708,0.20720156210295415,0.1664722623118835,5.0,5.0876734973512505
709,0.31806308443046083,0.24766795201192116,5.0,5.0856614490912655
710,0.2918215185058157,0.22904752396971162,5.0,5.080972219142863
711,0.19257066085670416,0.1508079226727168,5.0,5.082751095720237
712,0.28224226342194325,0.22124357773135195,5.0,5.098085932003729
713,0.32128325072734754,0.2535550255549559,5.0,5.089137835296267
714,0.15218213392174418,0.1191036615482608,5.0,5.078748963189685
715,0.30039805371922235,0.2351274584534918,5.0,5.086201707899365
716,0.4059473670020832,0.31746286111365174,5.0,5.083050396480271
717,0.17604963423896303,0.13827337135990803,5.0,5.073638713592121
718,0.2562995565838768,0.20064851354240787,5.0,5.087995275502015
719,0.21545418476253175,0.16935996263373176,5.0,5.079844715627839
720,0.21771434060690642,0.17025569577132016,5.0,5.083215118131861
721,0.282630709578527,0.2209437666169558,5.0,5.089675780041931
722,0.2415505484357634,0.18863359279731096,5.0,5.084225957023962
723,0.3445328121877016,0.2688250488242343,5.0,5.088959935908788
724,0.3583655544266018,0.28227722394169497,5.0,5.077684892255148
725,0.1647742089074853,0.12959736012381273,5.0,5.087755645859744
726,0.24066952697046573,0.19019351276655416,5.0,5.07786912349701
727,0.24826812464843218,0.19049866370240265,5.0,5.088705988671469
728,0.17740234585001424,0.1390556166809136,5.0,5.086986057880276
729,0.26940766717684883,0.21184766437749836,5.0,5.07221619457499
730,0.24738297644733187,0.19195209388144496,5.0,5.0910338760311635
731,0.12055810151859503,0.09348922633036971,5.0,5.076715077326881
732,0.11207967168372979,0.08649444414034146,5.0,5.094712063252231
733,0.1540410697572927,0.12093761970572314,5.0,5.077709882925694
734,0.1651501906344064,0.12981764653719619,5.0,5.079384595785186
735,0.22955793634988364,0.1831523209784065,5.0,5.069424893451968
736,0.19214902051411897,0.1506549892286133,5.0,5.08785922209694
737,0.23981452039998552,0.1869183180257128,5.0,5.092282995779414
738,0.18289427743748976,0.14859717541077888,5.0,5.077069961829368
739,0.32953724571258514,0.25747278909169413,5.0,5.08743373495923
740,0.2439251151128763,0.19022779757769726,5.0,5.082574802625581
741,0.26951720801726253,0.21087702580922651,5.0,5.0927439223305
742,0.20006129589683086,0.15626861110167334,5.0,5.08188684466381
743,0.2012643465363979,0.15583579653341384,5.0,5.08423287238247
744,0.40462406550728414,0.3186851032236846,5.0,5.074530039570551
745,0.21142143117581558,0.16512615986750223,5.0,5.08206826461663
746,0.1051254455120012,0.08247896343785188,5.0,5.081486187825117
747,0.22935368871972028,0.18125561869710072,5.0,5.059387700688234
748,0.27017672835380124,0.21078537581732126,5.0,5.072249406871627
749,0.29182588656236774,0.22845265439078966,5.0,5.089589408828283
750,0.2451135153238173,0.19206891009354765,5.0,5.079538627774731
751,0.16664228744847653,0.13051287154353608,5.0,5.080341981678975
752,0.20754887332388128,0.16277197097487106,5.0,5.079514871000823
753,0.31121100674461966,0.2439030038119131,5.0,5.083084739735488
754,0.35237864260715734,0.27787353234249224,5.0,5.078363593695316
755,0.39708438912862043,0.31084442840692916,5.0,5.0910655407533945
756,0.3167780151838877,0.24788933944385683,5.0,5.087398915388697
757,0.2691080285507532,0.21254218983921003,5.0,5.079130468763777
758,0.16051720196600305,0.12300483178494392,5.0,5.079892421852712
759,0.2797934443741612,0.21896516005660283,5.0,5.092079402393468
760,0.24352550269516704,0.1907325579046636,5.0,5.082312036354013
761,0.30368421790487776,0.23679529130960897,5.0,5.0851403975703935
762,0.14025835906768225,0.11060567374598107,5.0,5.092875573131099
763,0.19803830248707177,0.15293723022521943,5.0,5.084973197945404
764,0.18320566654464376,0.14316027471328852,5.0,5.085635127139634
765,0.33088399306997873,0.2602689364752371,5.0,5.087182966097874
766,0.18452836019937968,0.12598992174191215,5.0,5.070465794862038
767,0.17790271293053128,0.14099803514096665,5.0,5.077044708208849
768,0.23114624563928854,0.1788457351455538,5.0,5.075515691759547
769,0.3526566209810176,0.274448085714321,5.0,5.097991491998011
770,0.1944002727164975,0.15210789608233688,5.0,5.073927437683325
771,0.17767017979081312,0.13971917195985384,5.0,5.07302030972423
772,0.1178409981640105,0.09321520858430588,5.0,5.087421227496405
773,0.2961739714698568,0.23257128583175624,5.0,5.066465203728141
774,0.19058228706193425,0.149217536480436,5.0,5.081589540376967
775,0.2531683060866916,0.198564598609124,5.0,5.0873187518041
776,0.21790940042069118,0.20964244153475176,5.0,5.073927473338973
777,0.24995245484765238,0.19688941731210452,5.0,5.084456690869192
778,0.28929641504620096,0.22774206074225223,5.0,5.091070534528921
779,0.20351967061818854,0.1593394455200281,5.0,5.087960237388067
780,0.2944491649599976,0.23034913846118754,5.0,5.092780808261903
781,0.2530778021071687,0.1994661116204911,5.0,5.070438545820135
782,0.23088927587193608,0.1806808726596072,5.0,5.073660900390067
783,0.20556501772341518,0.15726363516348085,5.0,5.079154378474762
784,0.1882362693592523,0.14777869146713274,5.0,5.080192374223529
785,0.2585026564053643,0.20201953746986012,5.0,5.084590727102469
786,0.13322335251981432,0.10221997455072507,5.0,5.088657425286787
787,0.4413274782956036,0.3461871892887939,5.0,5.085703893852811
788,0.24723005388959418,0.19316574349266769,5.0,5.0911118908429565
789,0.29853102772068807,0.23491136338823904,5.0,5.081299783688378
790,0.10924194896478201,0.08592724577792876,5.0,5.0897960004327825
791,0.27794922194096694,0.2171771361470589,5.0,5.0855768458837325
792,0.23135055590166442,0.18160431387268072,5.0,5.07917864867518
793,0.19519652884963112,0.15331617840596612,5.0,5.083913743975783
794,0.22341207470061697,0.1750997585612568,5.0,5.0847113304027225
795,0.24021256493530463,0.1901766860218035,5.0,5.075826623871782
796,0.1881967428446738,0.14634144567586316,5.0,5.076193903536721
797,0.20620484819561247,0.1613877343519614,5.0,5.080423842640052
798,0.21830245931662629,0.17005009841841723,5.0,5.08323355182287
799,0.1646000629261246,0.1279550370227065,5.0,5.088573399564487
800,0.12241878204013767,0.09439086686942866,5.0,5.0824747852967445
801,0.3361713757559719,0.26275185712893756,5.0,5.086289053475435
802,0.2863852497547037,0.22532541655815408,5.0,5.087149124380579
803,0.16934311021945714,0.1337130322921386,5.0,5.078949037291176
804,0.22024246863571073,0.17194410952350325,5.0,5.088400747698856
805,0.25489290131029585,0.20017168638845384,5.0,5.079758932402294
806,0.16163240824805603,0.1276766601412911,5.0,5.093926838464045
807,0.1943320222974989,0.15361419320995018,5.0,5.064569820356644
808,0.14938007480890292,0.11822027654719458,5.0,5.075712649527295
809,0.17983300157365556,0.13985077806730362,5.0,5.068050773748585
810,0.1714918569400703,0.13364797029770514,5.0,5.092518422971031
811,0.1441227166923178,0.11361408620538271,5.0,5.079613703905741
812,0.22890648809347613,0.18431774850256732,5.0,5.089135574711889
813,0.2908020657109789,0.2277298420731948,5.0,5.084988061691842
814,0.13665827807119868,0.108092539511221,5.0,5.072973611844711
815,0.18888673127776112,0.1511069015025318,5.0,5.074996104796341
816,0.25917276770092856,0.20424346186216313,5.0,5.091692971791559
817,0.12635007238362994,0.09819626628713585,5.0,5.0909342890999465
818,0.20334361195842665,0.1581417690691307,5.0,5.080121169148368
819,0.35025520348055617,0.27323401085666765,5.0,5.085143455657821
820,0.2843888181200773,0.2233376597795247,5.0,5.078060172871508
821,0.26300591707903687,0.2065802818591841,5.0,5.081174119832861
822,0.2801714217294111,0.2225680797475067,5.0,5.080862882075641
823,0.10942513752248773,0.08625918777992447,5.0,5.07157030213321
824,0.23317331624284354,0.1834979466682819,5.0,5.081717455789763
825,0.20230392285041754,0.1584320667296879,5.0,5.0785189895707195
826,0.3336294213284987,0.26147111044389915,5.0,5.081819854240672
827,0.21194239167150752,0.1653950403605291,5.0,5.090499155121249
828,0.34417939237422956,0.2708303175312399,5.0,5.077292236898501
829,0.08027546269271602,0.06263988380045427,5.0,5.077267192530934
830,0.20898776045814405,0.1641588464968904,5.0,5.086095231113861
831,0.3265759741603551,0.2560647916395997,5.0,5.083508322005832
832,0.325833984327657,0.2556438525024578,5.0,5.082275889433232
833,0.23379069187244794,0.18380187214451116,5.0,5.087983221815575
834,0.1580013161783853,0.1244925671505066,5.0,5.078308791432766
835,0.1822761293283599,0.14323118287549252,5.0,5.076319399444147
836,0.2803861590746215,0.21875477204861093,5.0,5.087058291242439
837,0.22071780167335509,0.17292711351863144,5.0,5.07478688890707
838,0.15234308176811995,0.1184996454622822,5.0,5.086030075134067
839,0.2707343573639527,0.21306098923791195,5.0,5.071011394113887
840,0.2699464640578919,0.21055888572888803,5.0,5.07786874502294
841,0.26208835963536226,0.20529414971710835,5.0,5.0813341457823125
842,0.19795839514779234,0.15451514430597035,5.0,5.082765568801912
843,0.2016451654705611,0.15746665463492016,5.0,5.077676945535732
844,0.3387031096792552,0.2668342649835088,5.0,5.077318937656514
845,0.1449133168488057,0.11435412892755159,5.0,5.070120148802442
846,0.30408499499710406,0.23589751071948717,5.0,5.090247354668804
847,0.2869737398264962,0.22587443580282407,5.0,5.078820003228248
848,0.18544311831962257,0.1452246338772447,5.0,5.083767229472862
849,0.28414711284869476,0.22168131020347426,5.0,5.084712202688442
850,0.2631560857012909,0.20557917216688137,5.0,5.08691087957672
851,0.17052411049587501,0.133542832829314,5.0,5.087370819449104
852,0.19536216988533606,0.1534290999636907,5.0,5.087464860772801
853,0.2591562550597255,0.20777745271374182,5.0,5.036594057808932
854,0.2742331835055716,0.21458549956269213,5.0,5.0803561395470975
855,0.1133996923725975,0.09052529469020876,5.0,5.080856475752258
856,0.2507180760846579,0.1962496927873808,5.0,5.0792701095593795
857,0.13438460115148088,0.10507331593153135,5.0,5.084061865099896
858,0.22301129055974478,0.17566251721552828,5.0,5.070281169110551
859,0.2756207547432725,0.21125686065431537,5.0,5.0774214742657
860,0.14447580535192595,0.11266385265073564,5.0,5.082721362199694
861,0.35314751933880073,0.27798115306381255,5.0,5.082791769517323
862,0.35759451062569614,0.2798444297524292,5.0,5.093222026929416
863,0.34981128332119815,0.27533324400723447,5.0,5.071666965103336
864,0.19796706163290678,0.1555211670172143,5.0,5.07716781365068
865,0.23414256226949726,0.18302020536392716,5.0,5.056110185460332
866,0.32668985641882897,0.2543519191320115,5.0,5.078300246343899
867,0.19323442068647667,0.15055845251086453,5.0,5.093672078798539
868,0.22259043142392,0.1747514298913535,5.0,5.0842208699909275
869,0.21069777277156354,0.16480772478454397,5.0,5.081055203705249
870,0.4301730841299658,0.33777222060860923,5.0,5.0792501176843174
871,0.20077747589108141,0.15679140118599366,5.0,5.089429700320736
872,0.22935682211488762,0.1790937257154197,5.0,5.086841978802754
873,0.1424741992575429,0.11175640696741507,5.0,5.084372512823547
874,0.20408039455377636,0.1585089791789679,5.0,5.082330546941343
875,0.15722139363022403,0.12114210863593478,5.0,5.094888879578043
876,0.18038363254865186,0.14095273312826895,5.0,5.090974244583126
877,0.28241814359841877,0.22334163394277873,5.0,5.070729443893054
878,0.14296520855529327,0.11189539241756385,5.0,5.083449943197396
879,0.15738554063981391,0.12350290780691531,5.0,5.078031317224543
880,0.2668048701997938,0.20707337642840518,5.0,5.085325919083683
881,0.19477474147654972,0.15122998188212433,5.0,5.096718280211041
882,0.22730079680442272,0.17799144876710393,5.0,5.0923401398648505
883,0.15938079367909563,0.1250660342812574,5.0,5.081828359191212
884,0.23040332734261626,0.18022807006252806,5.0,5.0760175951694375
885,0.16412421227570695,0.12923011542070983,5.0,5.105594516548342
886,0.141187092958303,0.11004208156370732,5.0,5.0789943174752405
887,0.3796264750652343,0.2945643986443869,5.0,5.095014597057297
888,0.19304674842839153,0.1518931758151748,5.0,5.072792628626415
889,0.2784444766345777,0.2187047431009146,5.0,5.080112180872884
890,0.24400411066532857,0.1899343741017645,5.0,5.087506616811375
891,0.3115061791049045,0.2434401490865481,5.0,5.094871511661827
892,0.26712972032085935,0.20906801202334524,5.0,5.08213872776337
893,0.33154637119866504,0.2616766790551198,5.0,5.0709545661104105
894,0.1868808766893284,0.1464812002786482,5.0,5.0772762163195395
895,0.26275636863359586,0.20514942811773196,5.0,5.090752506513585
896,0.15674806366704463,0.12273278008151434,5.0,5.086354368695272
897,0.1577830582699573,0.12299646864144231,5.0,5.076328943764192
898,0.18904384256409212,0.14771562151295947,5.0,5.082285065549774
899,0.2767222939750993,0.22187549876867385,5.0,5.0
900,0.2221053638648962,0.1735051548541231,5.0,5.083287644746992
901,0.3818742993679538,0.29754602165695654,5.0,5.103766708313717
902,0.26321650471940194,0.20615782830481133,5.0,5.082930743764598
903,0.19689396116702573,0.15431978922012413,5.0,5.080168995437235
904,0.18716945574491617,0.14721437254525127,5.0,5.084564093796873
905,0.18104943719731748,0.14540658552080488,5.0,5.0
906,0.21217211785001733,0.16617839245552168,5.0,5.081855126843564
907,0.16883938295313738,0.1322854502084405,5.0,5.086703666368191
908,0.36863847657902626,0.2906479930502527,5.0,5.085392907260262
909,0.1763361702968098,0.13801727749058657,5.0,5.07763065195225
910,0.40327951552821895,0.3163987511973638,5.0,5.079089170350679
911,0.13663181986691653,0.10691766121696156,5.0,5.0873996729006965
912,0.29736470449509955,0.23404702958761892,5.0,5.0786330089078735
913,0.21291735632575848,0.16728792403321568,5.0,5.078089294094106
914,0.23140002771248813,0.18251774519188202,5.0,5.078281559733329
915,0.2459975138765178,0.19311792627296653,5.0,5.089582512744322
916,0.32796849500088143,0.2576767348302239,5.0,5.084915272463935
917,0.24208615579783066,0.18929348394557022,5.0,5.081404181600027
918,0.24062029345520286,0.18629944388192965,5.0,5.076859808044869
919,0.19506932575142377,0.1536331590328731,5.0,5.076584938914985
920,0.3591991845541511,0.27946030680884415,5.0,5.089713970528189
921,0.24732688960030447,0.1940099323965243,5.0,5.090469067863266
922,0.31052377898219374,0.2436354690037955,5.0,5.081734115125656
923,0.1721384313090044,0.13385189952513166,5.0,5.086418121217688
924,0.18425318555614134,0.14379988112339492,5.0,5.083269295896633
925,0.37129838174006213,0.29370466820298935,5.0,5.077113710393366
926,0.15608206563807703,0.12350964732363012,5.0,5.081593408318401
927,0.1828149060601043,0.142076506850223,5.0,5.0895263436436
928,0.28127623408045066,0.22003315126741052,5.0,5.075397150981615
929,0.2692478208146367,0.21203292964301745,5.0,5.073288180418691
930,0.20670257225399502,0.16010384284678536,5.0,5.1389828710032415
931,0.3077361462461654,0.24090085950603202,5.0,5.081483831276294
932,0.20800860505911434,0.16227688397468198,5.0,5.072827494637844
933,0.2862775502422694,0.22373874440789288,5.0,5.08915243097861
934,0.22906332150731168,0.18046074359767228,5.0,5.071393690183497
935,0.24512206432399997,0.19170144365545838,5.0,5.083746606716177
936,0.34315204080939976,0.2688858224327634,5.0,5.08716242021042
937,0.09959540625593699,0.07673393678274754,5.0,5.081950226294953
938,0.11399329358790466,0.08938062122017487,5.0,5.084747967864223
939,0.2297502711626258,0.18001079920591057,5.0,5.0924331000936895
940,0.1901785635753761,0.14854733992778202,5.0,5.0836188128243265
941,0.19909279544620917,0.15508520740889398,5.0,5.08974662898062
942,0.32232557132879713,0.2525818870858402,5.0,5.083458587952432
943,0.22204732995970988,0.17010674693771866,5.0,5.097501798783295
944,0.38605469462582187,0.3029146010781387,5.0,5.086759235641516
945,0.20682221531206912,0.16265438075713246,5.0,5.081427131064125
946,0.2897535742717059,0.22678054960179417,5.0,5.075711411672739
947,0.24818986499379125,0.19493657972240908,5.0,5.076634565585012
948,0.3253523618019658,0.25445984945545663,5.0,5.078111375725509
949,0.2939944627283715,0.23091021185628768,5.0,5.086647916639002
950,0.31614451856768766,0.24651548538737367,5.0,5.089512726975274
951,0.18013751069986017,0.1409635478670228,5.0,5.0802994582805105
952,0.15767452963691597,0.1237917821736545,5.0,5.075933516646662
953,0.2256925891945627,0.17806703785644673,5.0,5.0773445708079645
954,0.18837665680912252,0.14817971860512524,5.0,5.072506206926679
955,0.20838817661175035,0.16433334062395,5.0,5.034735807934121
956,0.23861780823123713,0.18759084977660834,5.0,5.078644072327725
957,0.18543814042570972,0.14485798354535262,5.0,5.066536214019033
958,0.19847302531150168,0.15500025106060678,5.0,5.087473124923827
959,0.206841408207441,0.1623002640243707,5.0,5.079856900766098
960,0.239578140108901,0.18411780562755864,5.0,5.077858960352257
961,0.28319685716465126,0.22366800218949479,5.0,5.083731257809694
962,0.2226956858642204,0.17476241232450151,5.0,5.083053099179029
963,0.17321402066434488,0.13108014080226882,5.0,5.0885788187754155
964,0.14954031412960522,0.11671020933843645,5.0,5.08907244685437
965,0.1743883260264194,0.13675047235925974,5.0,5.0808873320241865
966,0.19531015562214726,0.15191537797867793,5.0,5.109046809245941
967,0.1967994835050526,0.15418734401042955,5.0,5.081754542840118
968,0.2733609496513003,0.21418701389528194,5.0,5.074264012976775
969,0.20997947710823128,0.16465659876615213,5.0,5.079244466092039
970,0.34526234895933094,0.27159875590858673,5.0,5.075460569654977
971,0.18630759659133633,0.1456386974611681,5.0,5.086061597617544
972,0.23680158687815012,0.1857177461916093,5.0,5.076806540291106
973,0.3411893865162148,0.26806071442768864,5.0,5.082377102930309
974,0.26822811348345343,0.21148056723951525,5.0,5.078360891799738
975,0.37436885204885617,0.29235648896737076,5.0,5.086019048931885
976,0.2155531665387289,0.17127730148566012,5.0,5.1005967418738685
977,0.37122951669256077,0.2899007215229841,5.0,5.091867592795314
978,0.23227271612468714,0.18277829749296326,5.0,5.092234506637601
979,0.27024425557976617,0.21168736264447618,5.0,5.078591391518534
980,0.28879882117465416,0.2253650133150058,5.0,5.087792038672969
981,0.19782233358848011,0.15385558143391842,5.0,5.0889776750028926
982,0.1991968089640086,0.15790943401870894,5.0,5.07924385173963
983,0.2847299444672895,0.2218914099112308,5.0,5.082076733905678
984,0.1596366016689177,0.12678689069735471,5.0,5.072766952551095
985,0.3394967494173433,0.2647284227813216,5.0,5.082218867630717
986,0.27908125895289015,0.21774404881710874,5.0,5.089004608906471
987,0.22129227484787228,0.17411650270188062,5.0,5.077554797571597
988,0.2881229073438569,0.22321910321111638,5.0,5.092317329798481
989,0.14259439855313794,0.10819115557235004,5.0,5.08999382963836
990,0.24589108840330987,0.19331406036119647,5.0,5.080198021462703
991,0.40401813056315916,0.311826595189438,5.0,5.064636052678262
992,0.16507333371296484,0.1290788633356046,5.0,5.083821800759791
993,0.15369120163779915,0.12020404854826039,5.0,5.074672516488734
994,0.30878524108518657,0.24135486275940676,5.0,5.086421155239451
995,0.283414991667442,0.22216922687652207,5.0,5.0782882802598905
996,0.13028028884488596,0.10171296172151223,5.0,5.083428351686559
997,0.32867875318930206,0.2680660607278884,5.0,5.089031367969037
998,0.19083252659167393,0.14950448745317613,5.0,5.094439451279058
999,0.19495310335281513,0.15239702271884514,5.0,5.079550374354076
1000,0.10789375296576065,0.08648193119122038,5.0,5.087633291824094
1001,0.22544964510192456,0.17766764783872602,5.0,5.084846809809909
1002,0.26560936906241284,0.2251783730546325,5.0,5.08091553925631
1003,0.19608640465276483,0.15359449716255968,5.0,5.076185420710502
1004,0.20072931966199126,0.15629598661444466,5.0,5.084890495030248
1005,0.33616036173033903,0.26072185521236446,5.0,5.096282393853766
1006,0.31772888357238194,0.25213614059009937,5.0,5.068094111267012
1007,0.13085366714127256,0.10633646911064798,5.0,5.082195389551529
1008,0.17135509942386706,0.12525907115378843,5.0,5.096984461589562
1009,0.41154869139669503,0.32606181150299374,5.0,5.085870795104812
1010,0.2337119465355133,0.18438058432837467,5.0,5.0750269945582716
1011,0.2721500246071322,0.21222885991782747,5.0,5.08944725425188
1012,0.35720484468661784,0.27859337459170996,5.0,5.090433738344657
1013,0.17540495094763453,0.13777819691364757,5.0,5.077678597467878
1014,0.11793348376378288,0.09180894317473287,5.0,5.090722256393407
1015,0.1793187235097864,0.14068476318072753,5.0,5.080030622481395
1016,0.15851719089301985,0.12366943296270183,5.0,5.081032518509412
1017,0.26759271077938784,0.21009319469349574,5.0,5.081687202748846
1018,0.2713595056048148,0.2129115191694788,5.0,5.0766353356120675
1019,0.2915276812436982,0.23345102757761893,5.0,5.087484904725272
1020,0.30336525768356415,0.23768503663094054,5.0,5.082760915198268
1021,0.1323135848442143,0.10297682730860536,5.0,5.083119403995351
1022,0.16011273685552796,0.12534539428343439,5.0,5.082248129625508
1023,0.20935849213896662,0.1626375545370624,5.0,5.087248411555159
1024,0.18461858523516184,0.14428592565311682,5.0,5.0861926299000615
1025,0.2256186618189484,0.17631779835907846,5.0,5.080699123387067
1026,0.31806600868995116,0.25051640395535135,5.0,5.077362569243435
1027,0.298473685118418,0.23444048571408937,5.0,5.076949926411238
1028,0.15407616760920884,0.11975044192137174,5.0,5.082881508967265
1029,0.27361469045328346,0.142588365096326,5.0,5.064188096343347
1030,0.36999792893044203,0.3105882390879008,5.0,5.050144809282697
1031,0.2829585374273407,0.21873471272087142,5.0,5.055832151014821
1032,0.251663610271589,0.21324470313267263,5.0,5.052649127533622
1033,0.2375376583676585,0.16828733215942626,5.0,5.053877903191646
1034,0.15242388265302753,0.12794776893917148,5.0,5.053078491421559
1035,0.37277394856787227,0.3135507247888625,5.0,5.056105232687065
1036,0.18570263450832258,0.15628119976358001,5.0,5.051780787074893
1037,0.26304276902045,0.22931892051523695,5.0,5.052175704527748
1038,0.20651074805619585,0.17546573123442188,5.0,5.0451183625311735
1039,0.2265934971833763,0.21927011907672367,5.0,5.052599762684871
1040,0.3023446665717586,0.23612517512740516,5.0,5.052223061048169
1041,0.2814701195889475,0.21250807957498719,5.0,5.058136911665478
1042,0.24490489313339214,0.16332032593565193,5.0,5.044058698231115
1043,0.18257450727248403,0.16788947106097685,5.0,5.018374650550141
1044,0.3651491779680631,0.30324886609185886,5.0,5.055874287364599
1045,0.23124365893250087,0.13893293526236228,5.0,5.033178369982547
1046,0.3374684164890138,0.2883991799187222,5.0,5.0592645283630056
1047,0.14911355244782776,0.1261546254915762,5.0,5.053615264175546
1048,0.22827443457388297,0.18504683808842937,5.0,5.054495480047079
1049,0.35427206617486684,0.29455953970930415,5.0,5.052180793035355
1050,0.10021896407709607,0.09140801096051221,5.0,5.046642454446371
1051,0.30283053020803097,0.257876109125901,5.0,5.058023503935862
1052,0.23259908780310523,0.18527616132875835,5.0,5.052666071178971
1053,0.39567768492039646,0.1686248795181411,5.0,5.055547048891027
1054,0.4586932507321002,0.3752213460600451,5.0,5.056650522506727
1055,0.2838284842101584,0.240876907227219,5.0,5.0640478997940885
1056,0.21691416261604757,0.21695612873546133,5.0,5.056042423603779
1057,0.326807755428707,0.27234605982280824,5.0,5.055520944958278
1058,0.2330174314514768,0.17673087255144693,5.0,5.054303302226488
1059,0.20410991242816467,0.1079470156349216,5.0,5.0570712869941925
1060,0.1797340113006174,0.14059146014822432,5.0,5.054271406976314
1061,0.15519011269857663,0.13241081149559464,5.0,5.0554049019786085
1062,0.31180479003422557,0.2739689409704027,5.0,5.05850866571965
1063,0.24800021338149247,0.24171457819208997,5.0,5.054667959341526
1064,0.2904443360232707,0.23992542848034581,5.0,5.058117767182022
1065,0.22466495557891286,0.18404918120480285,5.0,5.052655832821511
1066,0.2763918603294315,0.26436177749902323,5.0,5.058505695044371
1067,0.2875687436112293,0.23024833532387068,5.0,5.053656099592665
1068,0.1592949142731266,0.15930916813870422,5.0,5.053392248486386
1069,0.22795263315478476,0.1527200431225897,5.0,5.0543994643138745
1070,0.38366758487862573,0.3233812932414317,5.0,5.065918608352016
1071,0.22875853824297843,0.2278476899577775,5.0,5.064789352945018
1072,0.4115378865109478,0.33048424431847256,5.0,5.054431089810789
1073,0.21703356704047794,0.22744280169282316,5.0,5.062961353358935
1074,0.2512986229719263,0.20747391654488667,5.0,5.051055164975011
1075,0.1339986682136276,0.10540052214286288,5.0,5.062236642366278
1076,0.19075866943402087,0.15657721071363073,5.0,5.052076308168294
1077,0.299466758907559,0.21222000890529769,5.0,5.058813236073902
1078,0.14691491597173623,0.1168080430120797,5.0,5.061110662370298
1079,0.22660798930485204,0.2168917145817968,5.0,5.058160126824767
1080,0.1857170435674369,0.1457927856407526,5.0,5.059753033355019
1081,0.3183824068069392,0.2923768147652972,5.0,5.024149197112475
1082,0.2789865542743466,0.2695932615798633,5.0,5.051302526231289
1083,0.27787480800505326,0.24395576149307407,5.0,5.057391767339414
1084,0.3069110137961897,0.24426063466195025,5.0,5.057136413946486
1085,0.3178180856594075,0.26809153800206453,5.0,5.058926812304492
1086,0.11376892784564308,0.10440020522340898,5.0,5.055394560525475
1087,0.2666009134438809,0.2353247802094396,5.0,5.0484256578215
1088,0.20911945478009653,0.1710009371347534,5.0,5.053810787168542
1089,0.141415891344723,0.23554569689818217,5.0,5.057578242870386
1090,0.31575527688974603,0.2711515247043398,5.0,5.053750245139046
1091,0.183896083252433,0.12060858258371199,5.0,5.054788885096304
1092,0.22955078882443192,0.1445220031427994,5.0,5.05739029047259
1093,0.26415402696193957,0.2296775600565566,5.0,5.056504112909508
1094,0.2875451377501219,0.2282140890423605,5.0,5.051648442219561
1095,0.29248883071721044,0.17788797199913442,5.0,5.052770130855722
1096,0.37403733782955007,0.21724892970992538,5.0,5.056255652074322
1097,0.29441816810339194,0.2507111990320321,5.0,5.051296766161677
1098,0.34708245775563884,0.28260688173417803,5.0,5.060776126535549
1099,0.27801479942731455,0.2228294595483602,5.0,5.061947172568102
1100,0.23086078856552517,0.1814131672875774,5.0,5.052167909589516
1101,0.12844465950941264,0.09238802038891736,5.0,5.065417565362447
1102,0.2987856792976409,0.30812574065644616,5.0,5.057728361297089
1103,0.2536895357229725,0.21374681167503562,5.0,5.054913417414584
1104,0.33308700867707497,0.2738783167346617,5.0,5.061787485815374
1105,0.09616807779227243,0.07784985867683347,5.0,5.059671803845847
1106,0.2285133195898621,0.2206614307667405,5.0,5.036712837229951
1107,0.14801461657970316,0.12825956324061805,5.0,5.057109129169763
1108,0.2920403856813818,0.2253787693120448,5.0,5.054858358462555
1109,0.2122241630241235,0.18747852768423823,5.0,5.04796884427499
1110,0.14025885595717846,0.12046764996924808,5.0,5.044934560003078
1111,0.1872452762964565,0.14746899678531333,5.0,5.057659362347584
1112,0.41630762962695167,0.3207391889750095,5.0,5.067703874522005
1113,0.16589299463718032,0.13210099385069896,5.0,5.050285943855979
1114,0.15216898035342563,0.12738418571193832,5.0,5.048696326836364
1115,0.3073239682037232,0.2503044578841649,5.0,5.057052653594543
1116,0.25374946135324894,0.2051670483088679,5.0,5.052802169573338
1117,0.12042647213242552,0.0887690209938008,5.0,5.054651191022499
1118,0.20335438370285353,0.18512104630425297,5.0,5.057317599134601
1119,0.14751652832821782,0.12163717350867365,5.0,5.054933056453885
1120,0.5208859959986123,0.4318571236052884,5.0,5.05794649547421
1121,0.2670398721935565,0.2031024960194281,5.0,5.0618238300153084
1122,0.1932151376642124,0.16273140179592294,5.0,5.059492527634495
1123,0.3309496299029684,0.2796886879443985,5.0,5.060847346015587
1124,0.28499505142776727,0.23563943755941374,5.0,5.052384536998904
1125,0.1902185245081438,0.16840206627545662,5.0,5.0586070314232146
1126,0.29253815395417604,0.2650216538227437,5.0,5.056110380979568
1127,0.2980437765019863,0.274900454891726,5.0,5.053114162757408
1128,0.23856782400239984,0.19420012526529162,5.0,5.055964180282633
1129,0.08436812370851343,0.06396904563639394,5.0,5.061024654876549
1130,0.12493708360254652,0.09040790298121171,5.0,5.058883479141079
1131,0.34942598157825233,0.2891106865798545,5.0,5.059335249724981
1132,0.3358476543370499,0.2693860488860924,5.0,5.060523832045112
1133,0.13554260170516907,0.04815817503863373,5.0,5.060158301705329
1134,0.30308887073543667,0.22836139330910976,5.0,5.057948963621692
1135,0.35766056141649094,0.255008758023034,5.0,5.050148367152545
1136,0.18747404617823116,0.22066930678280294,5.0,5.0585992538005975
1137,0.3046918396191445,0.0784030008308263,5.0,5.053347329436795
1138,0.3517542163786753,0.2970689531175431,5.0,5.051949383080387
1139,0.1466975859398758,0.1596423518006448,5.0,5.051185266015068
1140,0.16363286663989007,0.1965326794189992,5.0,5.047622139578909
1141,0.2754605438568216,0.22612102202243511,5.0,5.052589216210608
1142,0.16541415400771164,0.13403294830697465,5.0,5.058736561283057
1143,0.12235259359956863,0.101131968739542,5.0,5.048172578150618
1144,0.2095264502398424,0.17519350409509382,5.0,5.055858388904895
1145,0.2550106811378119,0.21773703040075887,5.0,5.055643027260048
1146,0.2429818480321173,0.1611073551632889,5.0,5.054509367789297
1147,0.21067800424004268,0.15416058875361505,5.0,5.058666200028803
1148,0.32719066665525554,0.27858442333358036,5.0,5.054621371840682
1149,0.2360973964330908,0.18931107117264534,5.0,5.05824751454603
1150,0.2300454906642846,0.16354726531484576,5.0,5.053999015882971
1151,0.23096395508108936,0.20703070771035792,5.0,5.056829444512205
1152,0.15944004673422052,0.11863341763037472,5.0,5.055920464647592
1153,0.20073029348056748,0.16171787569239116,5.0,5.0
1154,0.20837364707982498,0.16146008536954137,5.0,5.058129979316437
1155,0.14836462098483905,0.13834341814314066,5.0,5.059500559777108
1156,0.27231126295153096,0.21707002914873907,5.0,5.0553229453956305
1157,0.3381948092138307,0.30066400475244537,5.0,5.054920808383123
1158,0.11479896740172868,0.1085404822381788,5.0,5.0533081284144465
1159,0.31084293240182204,0.2617129076098723,5.0,5.061593860989664
1160,0.09879631464634064,0.09318486491829137,5.0,5.055034626765185
1161,0.18152775857354864,0.07427141822710781,5.0,5.056938205226267
1162,0.36410211489204714,0.3070048010733646,5.0,5.056326132701718
1163,0.2831435194199001,0.2343066851584128,5.0,5.052237034747975
1164,0.2161869311020712,0.18730239757210487,5.0,5.054993933481651
1165,0.23043448581053383,0.20092242177164654,5.0,5.055285465654196
1166,0.17277265648445628,0.15567213013330383,5.0,5.047239032976085
1167,0.33747054492043516,0.21514320857871416,5.0,5.057985810038863
1168,0.2616788191796007,0.16769270377775802,5.0,5.058492682160178
1169,0.4740899544572299,0.25633896739194495,5.0,5.0623237068081295
1170,0.17341782240518788,0.13681359358539535,5.0,5.062390931940941
1171,0.2384137957793233,0.21084995455565703,5.0,5.052348796249833
1172,0.11908232623532178,0.09600869869300421,5.0,5.0520676634852535
1173,0.18834583901237512,0.1737113902538483,5.0,5.057746273672512
1174,0.40226067761436757,0.3267476299739698,5.0,5.060996598749412
1175,0.28215166024617466,0.23129259979503458,5.0,5.0568335463441905
1176,0.17935694019656623,0.15813417460230528,5.0,5.051394492690822
1177,0.2540950683961145,0.18776367612003053,5.0,5.056942730574576
1178,0.2061550047384184,0.1540740161973586,5.0,5.053283271348343
1179,0.24185067307425046,0.20611597165750273,5.0,5.054898509410002
1180,0.33684478315032207,0.274642842619936,5.0,5.049452125832703
1181,0.19415279548892017,0.16019334480034475,5.0,5.0583332015027604
1182,0.26710296297636305,0.22766831893153228,5.0,5.063618616353347
1183,0.34857823904621776,0.2844621901693125,5.0,5.056645841340677
1184,0.3020192694621935,0.24588332435899285,5.0,5.018875183714675
1185,0.12872750282567802,0.12395214335770266,5.0,5.059309476779532
1186,0.34217729614001935,0.30159436890653657,5.0,5.059111631774416
1187,0.31968654770156757,0.26011510253389014,5.0,5.052119396891639
1188,0.1899845964867879,0.16137868062719662,5.0,5.048445574912845
1189,0.33228517233711696,0.2958487133449228,5.0,5.056698530359309
1190,0.3582180176936882,0.31153057552435026,5.0,5.05480872143254
1191,0.1636086441255673,0.1330865114368882,5.0,5.047767973097166
1192,0.1403271216168096,0.12131905512130414,5.0,5.055226259379371
1193,0.20115207881009756,0.09056378797450026,5.0,5.050121251753179
1194,0.2129946169785928,0.20946157069843552,5.0,5.056877238605724
1195,0.1937003870024987,0.1689861224555418,5.0,5.069419534141524
1196,0.3350839953335705,0.2754594023677581,5.0,5.050781982436767
1197,0.18124960289890835,0.1671824489217386,5.0,5.052882177990803
1198,0.23397249003477705,0.20732585793988867,5.0,5.054089531973558
1199,0.2455247191962353,0.17710534232412245,5.0,5.057901146020214
1200,0.18931117221755245,0.14853218190500872,5.0,5.053575814816611
1201,0.23899822285345862,0.18992750113297685,5.0,5.053615137890688
1202,0.3436703845911375,0.27471671705989453,5.0,5.052761752890298
1203,0.28661998868757,0.10130954287458382,5.0,5.052511805529036
1204,0.33129402242964123,0.27841564548444064,5.0,5.055511070317875
1205,0.43205174307957184,0.2669141609513459,5.0,5.063970488671501
1206,0.2609073450887267,0.21358203030032885,5.0,5.054215601830636
1207,0.31535132993812254,0.2714257071133046,5.0,5.051104281663603
1208,0.29180269438321615,0.26346227691274815,5.0,5.061998927014342
1209,0.4166669297936052,0.303744710965949,5.0,5.056170347227997
1210,0.25209953950089603,0.1969024655061795,5.0,5.061908579145928
1211,0.15059105853758203,0.16887475720805978,5.0,5.059777146250859
1212,0.1804397606096657,0.16001596887956415,5.0,5.060582650904024
1213,0.34309093873529317,0.28931832442523153,5.0,5.058667684586604
1214,0.16942697632080272,0.12143983915253376,5.0,5.057038903117412
1215,0.23822629708591525,0.18704057971779697,5.0,5.058544702171144
1216,0.14269668248157497,0.18835238493914375,5.0,5.057673463006456
1217,0.3565585426569464,0.29273399495172026,5.0,5.056080854657381
1218,0.21254993913702802,0.2401719851808639,5.0,5.031130141457982
1219,0.31387473026694956,0.1911421469322092,5.0,5.057679336649068
1220,0.20522234168458442,0.16945065265235293,5.0,5.0504192893045285
1221,0.26804678546587524,0.09298891868192838,5.0,5.059819883762637
1222,0.1658930700240282,0.10280239225192278,5.0,5.052070069787327
1223,0.41478986770147563,0.2940741889411056,5.0,5.056545854737937
1224,0.2501291575843858,0.1811805058652387,5.0,5.064085348624534
1225,0.26691220368781576,0.1076481371730933,5.0,5.05937062037086
1226,0.18396882672707138,0.19529081274836368,5.0,5.056797536382147
1227,0.16068657270073072,0.14097226737165736,5.0,5.051418559248839
1228,0.1776304816519727,0.17056481502656662,5.0,5.061264186916494
1229,0.14804185227193045,0.1225318004044802,5.0,5.036702656840495
1230,0.26878552199663264,0.22969168436743792,5.0,5.056780757988122
1231,0.3033163700731756,0.303659333895138,5.0,5.052875454078958
1232,0.41456464018521877,0.22703753470599963,5.0,5.056787051366536
1233,0.29633314383421916,0.29073856026596534,5.0,5.062251205601642
1234,0.27894870393733884,0.2355563680076751,5.0,5.0625759543432025
1235,0.2476437227535062,0.1896743411101336,5.0,5.053607467930554
1236,0.31829541774526304,0.27380318104697543,5.0,5.054311990910776
1237,0.15617333196487304,0.13743206217203952,5.0,5.056343643335106
1238,0.2183043249839156,0.1722523032873602,5.0,5.058429588903266
1239,0.30274479251219244,0.2371226246695073,5.0,5.055915049620596
1240,0.08116860276280558,0.06252109095698621,5.0,5.058915451552766
1241,0.27221610009586095,0.2233565118857499,5.0,5.056784170373518
1242,0.3123930201526439,0.10442701665545795,5.0,5.0506020656764505
1243,0.3663986076244379,0.2747532307889826,5.0,5.058286472548552
1244,0.25002284523310125,0.21047660146805214,5.0,5.070303673973839
1245,0.19820535834528563,0.15759653630218184,5.0,5.053688465340507
1246,0.21113883494138763,0.15507591571635437,5.0,5.053132760365564
1247,0.18546557769797056,0.15862696439077628,5.0,5.0580474396371855
1248,0.22737518736231732,0.2016769843531705,5.0,5.054634079749105
1249,0.22067961001994219,0.1791384231483626,5.0,5.0533027083489035
1250,0.10507501242543182,0.10508869466508308,5.0,5.056975605232301
1251,0.3035868066529246,0.23182351942246338,5.0,5.057788477583518
1252,0.16921925985129138,0.13798479783422435,5.0,5.0550809941465324
1253,0.29840501816475506,0.22772250130385108,5.0,5.053330142932451
1254,0.1652318541957074,0.15274885350751766,5.0,5.060828915795641
1255,0.28519554878906295,0.26551115335027486,5.0,5.054011255044406
1256,0.21009347259228917,0.1763472730237181,5.0,5.053057536309558
1257,0.3016100488041462,0.2508845055039379,5.0,5.0575287464615215
1258,0.1279178215055019,0.11456858472718534,5.0,5.059122635797149
1259,0.32176409029604036,0.20441113887952644,5.0,5.052748153128377
1260,0.3382149916427646,0.28163708300476165,5.0,5.054044521608239
1261,0.2912017416423345,0.2597237159931991,5.0,5.0573439793037345
1262,0.13400976162659273,0.10627213546521563,5.0,5.051143081413736
1263,0.45224832682169636,0.3347789141945241,5.0,5.065666928865378
1264,0.2773316123426335,0.20381944382599126,5.0,5.0578557960601245
1265,0.25036739748800185,0.199311501935586,5.0,5.052780524881388
1266,0.23997352507012026,0.2042000260067286,5.0,5.054837251479167
1267,0.1670896425569417,0.15166502747525157,5.0,5.065434022358568
1268,0.4494924566890024,0.3964837451114781,5.0,5.048564046691046
1269,0.316594437895791,0.26216158774235754,5.0,5.053426997671293
1270,0.38026380410844407,0.18817873020721265,5.0,5.06769236730185
1271,0.312427669758675,0.225386780348104,5.0,5.058114212085565
1272,0.25156061272774366,0.20123412391916284,5.0,5.0
1273,0.19893915682664787,0.08380741847605844,5.0,5.061465911489895
1274,0.39552939483108496,0.32977731935850096,5.0,5.02051922740451
1275,0.26278194095273677,0.1948410913519616,5.0,5.047110421276253
1276,0.2399615674283062,0.19007371607271506,5.0,5.066388122571315
1277,0.17074880763131284,0.13824126141073867,5.0,5.055099887019514
1278,0.28202029821859664,0.2031340613223982,5.0,5.060046050847884
1279,0.1604818143349105,0.12846923630028662,5.0,5.05786762026907
1280,0.15788476105620797,0.11491500448000136,5.0,5.0614193327558965
1281,0.13669269430845232,0.08124224434328697,5.0,5.057097614501727
1282,0.23516138433237632,0.13600454320834476,5.0,5.0609287162718
1283,0.19291174766273422,0.06597673104184532,5.0,5.054996239463785
1284,0.24264671937240845,0.19942701052922818,5.0,5.05969627293922
1285,0.37031053943065384,0.2004217583185186,5.0,5.05360958169998
1286,0.31908963940400814,0.27513492033871834,5.0,5.058141638349287
1287,0.41087628293727096,0.33088229148562154,5.0,5.061528698543301
1288,0.338827426456765,0.27393408997092794,5.0,5.058993908012406
1289,0.37715268072965547,0.21723110841251259,5.0,5.048714274968624
1290,0.21084985643712062,0.17293010114733343,5.0,5.065637006111823
1291,0.24860630815299367,0.2704230484518668,5.0,5.049816160385774
1292,0.2233532743528437,0.18109953968640746,5.0,5.051967533172155
1293,0.32823856963228537,0.2560381990721534,5.0,5.060580131252408
1294,0.1887716232550698,0.1626888235355899,5.0,5.05512492519717
1295,0.18706923497752959,0.17308093660921986,5.0,5.047082125855544
1296,0.19265327965143042,0.21209029390779377,5.0,5.047562884391441
1297,0.2270863228170379,0.15236938481929507,5.0,5.054305041722378
1298,0.23604694974983786,0.17774255565425734,5.0,5.053663857769601
1299,0.3107977574251899,0.25138416921841866,5.0,5.052312277528381
1300,0.10093441347127885,0.08040703010326222,5.0,5.049795835202522
1301,0.2182197819364582,0.17908262602335556,5.0,5.058340456722261
1302,0.2582834691848337,0.22245047821902442,5.0,5.056002395007972
1303,0.26858513167408593,0.22474770676287514,5.0,5.05558166898787
1304,0.36956756783260625,0.29165562918656884,5.0,5.053036421868571
1305,0.1781498140419231,0.1315262316776844,5.0,5.054833996774972
1306,0.22428829138290118,0.1838417147668101,5.0,5.058764783239358
1307,0.1306531722137101,0.1362698980018746,5.0,5.058764876143718
1308,0.157030043812858,0.12753956993912663,5.0,5.050725872310373
1309,0.22221396395405635,0.16406030996191667,5.0,5.06412943417299
1310,0.20406979395203062,0.13736274493424894,5.0,5.054066166615305
1311,0.2434658851446856,0.20438365203200748,5.0,5.058233274159223
1312,0.30581103315596736,0.25513986965967295,5.0,5.053640734899698
1313,0.25624551789744365,0.21668821152180606,5.0,5.04592821389636
1314,0.22846749017150114,0.1844044492902981,5.0,5.054888111017002
1315,0.22357340117390234,0.19568737524050417,5.0,5.04972024389442
1316,0.27375064914473324,0.2317703687853917,5.0,5.048738732818876
1317,0.2320836687889829,0.17974386668051678,5.0,5.050477287523574
1318,0.22775928463898665,0.17714039599507125,5.0,5.057619861661724
1319,0.25033796451127466,0.22800180747704246,5.0,5.069306602167689
1320,0.4380174454769443,0.36492678163266756,5.0,5.056562921738408
1321,0.22823388087080265,0.22938326999092995,5.0,5.065524226330158
1322,0.33898900394879705,0.23440815634082945,5.0,5.053235672749556
1323,0.24656753231441564,0.21194309332997818,5.0,5.055064959976656
1324,0.24989640317030815,0.2159429743607626,5.0,5.059434271708652
1325,0.20016916757895675,0.17036346100141797,5.0,5.055422330223864
1326,0.32946473472336435,0.2730371093754618,5.0,5.05794779038907
1327,0.17158053045531707,0.1074148269007984,5.0,5.049429992278505
1328,0.35611256488958176,0.3004778763848187,5.0,5.052541311766712
1329,0.3001784595946584,0.2479438921753736,5.0,5.05829836728819
1330,0.16300026368698672,0.18314620277244553,5.0,5.051654391735516
1331,0.3693891347109928,0.2973086821615216,5.0,5.063217913338933
1332,0.11179776445538869,0.1050250555316159,5.0,5.059931179671544
1333,0.19717133802437314,0.14814098296467937,5.0,5.061372019034476
1334,0.36093911960593195,0.2947901931919221,5.0,5.060071886318864
1335,0.21318595388810824,0.1720659805406506,5.0,5.062330659991501
1336,0.25430610140286736,0.22305752925111189,5.0,5.057391499160522
1337,0.15905516678570697,0.1483561791808612,5.0,5.063526798323634
1338,0.1682843035787973,0.12572475809395622,5.0,5.053103869220594
1339,0.2229926653013523,0.1885396482476156,5.0,5.05381077341549
1340,0.24688214111098894,0.207529100200877,5.0,5.05744604507723
1341,0.15573051855076647,0.21530668993936763,5.0,5.064278251721621
1342,0.2088245773461328,0.20109982324241127,5.0,5.0564120448607675
1343,0.17530567819635046,0.1464346244264847,5.0,5.0578662526455265
1344,0.2611410667037597,0.27926379699667114,5.0,5.062019092705512
1345,0.29375906760422454,0.24399749223774747,5.0,5.056952394438952
1346,0.10397595031339568,0.19751953225087004,5.0,5.053317373414288
1347,0.28458588855741707,0.23197841757388826,5.0,5.049885818920181
1348,0.3442564903278944,0.28298783906038505,5.0,5.065818318636515
1349,0.30421898863428587,0.2837421176720376,5.0,5.039446241943546
1350,0.13049141134214537,0.10333614355704679,5.0,5.055008620230543
1351,0.1126389616563257,0.09686002493497736,5.0,5.062932894137164
1352,0.3688430634196431,0.3148326766312357,5.0,5.060084360863009
1353,0.24130665270695761,0.184910345693015,5.0,5.0573000789897815
1354,0.2889406125847269,0.24938773409692372,5.0,5.056236034969741
1355,0.34379601271174853,0.2200382036467221,5.0,5.060706641289263
1356,0.16899300994425492,0.20066501640196166,5.0,5.052964991292974
1357,0.08994274370172017,0.10758739146353213,5.0,5.052846354741636
1358,0.2916453841306239,0.14493289639980222,5.0,5.059662490563266
1359,0.19056795640614932,0.14204959310501009,5.0,5.054643102555119
1360,0.25738623486993717,0.21090508407167785,5.0,5.048492386261199
1361,0.31652293052545155,0.14747735128943296,5.0,5.051542533881568
1362,0.413751626267985,0.3064982587820615,5.0,5.0579362136840444
1363,0.40948206320695224,0.3120801953761474,5.0,5.061575064104762
1364,0.23025656268822403,0.1388964414372429,5.0,5.053474178684043
1365,0.12774894323852526,0.08992723361305055,5.0,5.05715402981318
1366,0.26553316354566436,0.20138362927771847,5.0,5.05652344839044
1367,0.22423443938999643,0.22956953670088742,5.0,5.063866270175703
1368,0.1282891078375188,0.14644901521322873,5.0,5.0577227837504335
1369,0.08630793737730325,0.05888766545068824,5.0,5.054469750664481
1370,0.3108391369036163,0.21893173320059955,5.0,5.0517424318245485
1371,0.3118978674405597,0.2726213505565942,5.0,5.056895814865889
1372,0.2835284556280615,0.22186571717428105,5.0,5.091171443774565
1373,0.31405566731222456,0.2445185012660248,5.0,5.082660677313218
1374,0.15696010724547405,0.12308930223092429,5.0,5.088812423567832
1375,0.26416598921267576,0.2056885444872898,5.0,5.084165463788626
1376,0.22286536968973736,0.17485904184474788,5.0,5.081428403481221
1377,0.19417447749691474,0.15120750222352597,5.0,5.0818941119469585
1378,0.4288899049741446,0.3342882132794126,5.0,5.082067005584916
1379,0.1747514365965399,0.13828906422733456,5.0,5.0766993269883365
1380,0.29139809765608726,0.23342535845545975,5.0,5.084208639294925
1381,0.23461592647258112,0.18356586687845744,5.0,5.072185677605674
1382,0.2928804923355819,0.22826269451885572,5.0,5.07246708645317
1383,0.2335025433290452,0.18026361934332258,5.0,5.07615036265098
1384,0.27295643174467243,0.19602622408505788,5.0,5.091761350117201
1385,0.21604304339052605,0.1691258314948174,5.0,5.074472071592533
1386,0.17923204722018915,0.13816262950374214,5.0,5.093147279607804
1387,0.24970610973668106,0.19402203722476552,5.0,5.077852226751967
1388,0.18754759847316138,0.1486782106700062,5.0,5.068614015045618
1389,0.1500762768237769,0.11223448745302989,5.0,5.077678844650846
1390,0.23752900079187889,0.18488445781423113,5.0,5.07858792469138
1391,0.22966173206363116,0.18055506218891226,5.0,5.08374759363261
1392,0.3328949010494908,0.259784919568128,5.0,5.077033661186681
1393,0.25225362322266554,0.1906926894324159,5.0,5.0890854488451165
1394,0.3110412177235182,0.24360944464699252,5.0,5.092517903409224
1395,0.2827049724220898,0.21961874699609552,5.0,5.088745310432685
1396,0.4073279739974671,0.31604498351181887,5.0,5.083602380311945
1397,0.397922552951145,0.3158335155346854,5.0,5.088166399479324
1398,0.32562071626117617,0.2523376903530594,5.0,5.100282933874407
1399,0.353846564977333,0.2767641224437808,5.0,5.093570865033872
1400,0.36143282451952463,0.2645818019569717,5.0,5.085161170433681
1401,0.31522561990210063,0.24395783950265715,5.0,5.089700932880472
1402,0.2589364732064585,0.2018399961068461,5.0,5.082881471721583
1403,0.3455246320627665,0.2687097700712767,5.0,5.0953927988200665
1404,0.18246989304288053,0.14250103654079105,5.0,5.089177986030506
1405,0.32286667313456663,0.2756202595738717,5.0,5.089900609328666
1406,0.210401536798432,0.16394700547187568,5.0,5.080473301319675
1407,0.33129126971846823,0.2574183716393422,5.0,5.08674058288249
1408,0.1775194024126141,0.13641609186898562,5.0,5.081619174885921
1409,0.13121419913518917,0.10832047126026478,5.0,5.083407008883825
1410,0.32766143427495464,0.2568575070833051,5.0,5.085711162541653
1411,0.21942835269163585,0.1721413808190566,5.0,5.084175430393358
1412,0.20887819030178156,0.16222960369770023,5.0,5.079695438855429
1413,0.38196192442320953,0.29687568787972063,5.0,5.088383640031227
1414,0.2477056175215635,0.19369120930875727,5.0,5.0942431898875284
1415,0.26339002210703644,0.20785855572491496,5.0,5.0721285984939435
1416,0.18338626407915348,0.1432365142197034,5.0,5.092765344893797
1417,0.19388601171501385,0.1508685987108409,5.0,5.081329376637855
1418,0.22327820441219903,0.17153049729663583,5.0,5.09626278780507
1419,0.21685598377993243,0.1721743467569372,5.0,5.07779996400239
1420,0.16406288337494068,0.12739593451496856,5.0,5.079142534375007
1421,0.15794874497190903,0.12144012769387769,5.0,5.096001066847595
1422,0.2791643197703131,0.21618846208893805,5.0,5.0870026941723
1423,0.142526384214678,0.11256318711683866,5.0,5.0926167287262025
1424,0.20620390538458078,0.16044939714196804,5.0,5.083989816031664
1425,0.2779712729162389,0.21801879932948398,5.0,5.080323328253646
1426,0.276087202286605,0.22020340643749559,5.0,5.087943123052696
1427,0.2059870398800483,0.15875308834527035,5.0,5.084715982135348
1428,0.30142050420650324,0.23361925118653804,5.0,5.0917804240982
1429,0.13521376328918677,0.10542737507336919,5.0,5.085756204204861
1430,0.3763727549380047,0.29391662490575265,5.0,5.08142129655786
1431,0.22566009796378417,0.1743691738401939,5.0,5.085281325945656
1432,0.06759866297944872,0.05239158516564224,5.0,5.0832785888843635
1433,0.16604191725797612,0.13022848056415526,5.0,5.082696280248609
1434,0.36198965768048175,0.2794831795831657,5.0,5.078523767656629
1435,0.24453084482612897,0.1799907589839611,5.0,5.089731391370309
1436,0.2266397076916722,0.1773057642682767,5.0,5.089410904584044
1437,0.2754443165569591,0.21614534032133292,5.0,5.084590848861845
1438,0.1822210015432677,0.14051931407593699,5.0,5.084940149985648
1439,0.3312360151010605,0.2589098807731398,5.0,5.090551702655688
1440,0.21103407208839098,0.16493602404822905,5.0,5.084430916734997
1441,0.38955618322825925,0.3025831270219832,5.0,5.093775387276223
1442,0.3019887588288537,0.23585589863216605,5.0,5.083373766482833
1443,0.21391556696918523,0.16609518148530222,5.0,5.079870726623055
1444,0.1835684511082154,0.1407028860321784,5.0,5.089053835659607
1445,0.21471746449425488,0.16664407156456917,5.0,5.084841503920625
1446,0.23798308082322372,0.18434317805295541,5.0,5.095533993306267
1447,0.3552158555580025,0.2761659251656914,5.0,5.093561844854797
1448,0.09787585636434959,0.07596567560274092,5.0,5.088760793185543
1449,0.2115718009924772,0.1683555873247009,5.0,5.0
1450,0.16495672737726053,0.1211368145869216,5.0,5.087490881379821
1451,0.24600177059145123,0.19113743414730622,5.0,5.086514394391033
1452,0.21169450582935112,0.1653099767572096,5.0,5.074339692818652
1453,0.1761063144202546,0.13744248622546473,5.0,5.0786688125352875
1454,0.2532889985932629,0.1964316859190145,5.0,5.079189653678284
1455,0.42402394622311546,0.3279009395322978,5.0,5.10304417478074
1456,0.16666923816176848,0.12993482930299582,5.0,5.08916003669305
1457,0.3438013802371527,0.26486176962959496,5.0,5.077042388223028
1458,0.2718743308328999,0.21283479170266828,5.0,5.092761617437054
1459,0.09876269966291007,0.07968522269869638,5.0,5.073347927672449
1460,0.25439445816103823,0.19786536942080912,5.0,5.080180040425875
1461,0.16078220434502422,0.12472518083190587,5.0,5.087199498277588
1462,0.13713793052658274,0.10685677065995336,5.0,5.080072815901353
1463,0.27060726475710095,0.21182166153661497,5.0,5.078345289349304
1464,0.24319811211428344,0.1888884736981018,5.0,5.0911344960465055
1465,0.14927252019616954,0.11628076411644828,5.0,5.092382758532539
1466,0.3984521140461377,0.30468430354764564,5.0,5.096307326048777
1467,0.3359134594068287,0.2619992557297989,5.0,5.075629345657431
1468,0.25335296681024677,0.1956782991234991,5.0,5.085235212315515
1469,0.2686238668047569,0.2086900810767467,5.0,5.083966886965925
1470,0.17132220257822128,0.13174388775751011,5.0,5.087792913316926
1471,0.18096574327747428,0.1397722815733744,5.0,5.090338664342289
1472,0.15256619775230695,0.11941285628871179,5.0,5.089328227332244
1473,0.23918767905320482,0.2009636308218593,5.0,5.086562444164295
1474,0.2420722585073214,0.18805867682643873,5.0,5.090742054821256
1475,0.2607189945136965,0.20438193313059994,5.0,5.083200612994929
1476,0.19659904712945697,0.15013907158115236,5.0,5.09181508773362
1477,0.19819661964820368,0.15431779807370594,5.0,5.085333462783979
1478,0.22938964345028912,0.1772111949922206,5.0,5.088909474263108
1479,0.17295785097258776,0.1331213490200065,5.0,5.113849782138384
1480,0.20936197521694289,0.1635442712370807,5.0,5.1031807438633425
1481,0.2837106270982752,0.22075305984620353,5.0,5.076820425195949
1482,0.1973439622141988,0.15450929014661152,5.0,5.079418959146471
1483,0.18740160491361157,0.18864648708816367,5.0,5.072855825381897
1484,0.22168778823481672,0.17236157857729228,5.0,5.083224579905377
1485,0.16456027184581057,0.12905475177915182,5.0,5.090458380881362
1486,0.2141187206364492,0.16144525414628097,5.0,5.0813008347227395
1487,0.2046699849204725,0.16305040059519182,5.0,5.081436674058191
1488,0.3030106340486165,0.23642469438162717,5.0,5.083888815921709
1489,0.24748435942549274,0.19200910072316268,5.0,5.088314354755656
1490,0.22612896726722975,0.17769614928547073,5.0,5.090121094710556
1491,0.2907709819970048,0.21077166043136786,5.0,5.082015647389122
1492,0.18680590941332387,0.14525732511928413,5.0,5.092552398641885
1493,0.2901416803958887,0.22689133717456889,5.0,5.0819469350193724
1494,0.1642307500000475,0.12809909868863467,5.0,5.077688084791907
1495,0.2498187566361869,0.19323638172910618,5.0,5.08085619048158
1496,0.15111734522288423,0.11777284734578286,5.0,5.09511640009408
1497,0.17791816629230706,0.1425128411000257,5.0,5.08038444702672
1498,0.13214345071237088,0.10286687107632408,5.0,5.092877818204942
1499,0.24733130499076905,0.1946874520780031,5.0,5.087204718530796
1500,0.30355859234046245,0.23732224841948746,5.0,5.090194824746348
1501,0.21421339109459825,0.16751644202165805,5.0,5.07817450739295
1502,0.28145999952366574,0.218441273135767,5.0,5.090579915167739
1503,0.09472059939027244,0.07405206303859457,5.0,5.087768272520403
1504,0.18805008988703942,0.14668637711497112,5.0,5.093742493675535
1505,0.3412598139924168,0.2673428970542261,5.0,5.08523802968579
1506,0.18321682403339223,0.14288094747938185,5.0,5.0785490722078475
1507,0.29560816580754623,0.22771719726268436,5.0,5.089361173871669
1508,0.2580676482733415,0.20073617540143185,5.0,5.088210140976432
1509,0.28063535279571283,0.21946445235999157,5.0,5.074081162886603
1510,0.24600998265445195,0.18889864658314393,5.0,5.1216409889696735
1511,0.23527960473096843,0.18236577696345457,5.0,5.093949979118175
1512,0.3144974597267933,0.24460740938240888,5.0,5.095976318100002
1513,0.14631971894252338,0.13264645046847523,5.0,5.0988412875757305
1514,0.21459270497825345,0.16614367917609463,5.0,5.085483269457098
1515,0.09735318583105013,0.07596252653966995,5.0,5.0781794904767885
1516,0.158067392242347,0.12399482275439588,5.0,5.089385516800444
1517,0.3236555089180406,0.24829741611653922,5.0,5.086466853076006
1518,0.317002315100946,0.2454989776942813,5.0,5.087622893420729
1519,0.15994618148111894,0.13569288568833526,5.0,5.075211154121755
1520,0.20751704171140584,0.1617067848562178,5.0,5.082705161623409
1521,0.17945640168347343,0.14014676647188118,5.0,5.084825557096586
1522,0.3080066216205932,0.23978282698135933,5.0,5.089235832582082
1523,0.3717156995673485,0.2549144451067895,5.0,5.075522456885464
1524,0.21544942525027766,0.16764998260698394,5.0,5.090637336665811
1525,0.2627728899905155,0.2045780232365093,5.0,5.080613706497212
1526,0.3341174535727154,0.26128138076839313,5.0,5.093293443939064
1527,0.17840532235350337,0.13890630835419182,5.0,5.076938762547725
1528,0.20198639661530593,0.1559629142026575,5.0,5.08344644281598
1529,0.280894305868731,0.2174935138627343,5.0,5.088467553412297
1530,0.3392949409927988,0.2664524264501337,5.0,5.0773463109316275
1531,0.17777763658270773,0.13851976583720427,5.0,5.077203819578111
1532,0.2862483637420077,0.22189453022725014,5.0,5.0893658465042435
1533,0.3881284172090951,0.30159337203608916,5.0,5.089098131628331
1534,0.1272951631580621,0.09851866789749564,5.0,5.08161840348631
1535,0.25730061344457744,0.20072166438118066,5.0,5.083562360168603
1536,0.24682444528277836,0.19343553699533733,5.0,5.087940875802515
1537,0.26379588228259454,0.18999989507915216,5.0,5.083701785126751
1538,0.27420037101747585,0.21482440083604726,5.0,5.104546513497299
1539,0.3823178200808093,0.2978932260856607,5.0,5.080137961945539
1540,0.23081042131392593,0.1786355494651617,5.0,5.087423748461335
1541,0.2487830173270671,0.19430477986215144,5.0,5.084382536243206
1542,0.33289072276276577,0.259902173816975,5.0,5.089442417887682
1543,0.17544433530299752,0.13559621221002338,5.0,5.082277357715483
1544,0.31060611542575156,0.24308067128566924,5.0,5.081247705531302
1545,0.2558753543841097,0.198901578393325,5.0,5.083545997524439
1546,0.2808490829006749,0.21991087408562238,5.0,5.07794108467615
1547,0.2771192645811338,0.21574285600322984,5.0,5.086292902948024
1548,0.3210768238247492,0.22877334108381153,5.0,5.095167901873161
1549,0.16975991122835477,0.13428114568619265,5.0,5.0701847734044225
1550,0.14187274961375684,0.10909855010366831,5.0,5.081700246523608
1551,0.2935908935351863,0.22994452547100863,5.0,5.09150380735691
1552,0.3021814384919823,0.23632440007538225,5.0,5.087108502668762
1553,0.19572901275993604,0.14906214962828712,5.0,5.091832062403361
1554,0.16662338617907535,0.12945839624156386,5.0,5.088032938644904
1555,0.194363137969622,0.15081723294811833,5.0,5.106463658877978
1556,0.3520650249264623,0.272517044329345,5.0,5.091224721509642
1557,0.2277004660194597,0.17760789350589734,5.0,5.088557642595086
1558,0.22197052960215058,0.17557932911955354,5.0,5.09178368875693
1559,0.08000163655479109,0.06208006192161508,5.0,5.084593522047429
1560,0.27028688637479537,0.2107233259135578,5.0,5.083408996725893
1561,0.1980239509433792,0.15435366535795747,5.0,5.079574519599834
1562,0.29219310161515866,0.22561515192329595,5.0,5.088669430809727
1563,0.32569583443160566,0.2570138680317684,5.0,5.079873433096527
1564,0.1749501117445853,0.13316751102936308,5.0,5.087152626630482
1565,0.11513220702691207,0.09156681966923563,5.0,5.0630025030166514
1566,0.49398553284545055,0.388635188670986,5.0,5.093629279814564
1567,0.2035692369562887,0.15759248992838093,5.0,5.088879617987869
1568,0.26697898650662655,0.20948489154058847,5.0,5.0873752305349385
1569,0.16258895004738982,0.12655695394966127,5.0,5.083608067317513
1570,0.186201910374731,0.1477273759938862,5.0,5.073764561847982
1571,0.21611205839509928,0.16632608340961808,5.0,5.089864265191366
1572,0.27399545890113486,0.21406635891652093,5.0,5.086637179805944
1573,0.301921104550793,0.2356017157002619,5.0,5.086951261020598
1574,0.3335544954137597,0.29576815316206606,5.0,5.079471861565681
1575,0.4056362245779579,0.3178477126038024,5.0,5.098864433982655
1576,0.2774538436878402,0.21421848549672018,5.0,5.090913562334762
1577,0.19340682842936663,0.15013280185265,5.0,5.104545613731188
1578,0.30595625057822584,0.23734859741993786,5.0,5.0900973501487545
1579,0.32891262703051183,0.2585666833774296,5.0,5.079847410228124
1580,0.22876964316260828,0.17830676137505497,5.0,5.0803923980697085
1581,0.24073444126449317,0.18556230175087096,5.0,5.09279618875162
1582,0.26755585818813143,0.20018959253366708,5.0,5.094754867735158
1583,0.20391787148031026,0.15855146805473175,5.0,5.086603557874243
1584,0.25273590078600283,0.19702115867567205,5.0,5.085144135296797
1585,0.21967251539898935,0.16774163712905876,5.0,5.0841198454398295
1586,0.3058532674004506,0.24037454996619423,5.0,5.083559061723095
1587,0.1559671889322798,0.12090160007709772,5.0,5.086647516937113
1588,0.24060439703976622,0.18192094872098385,5.0,5.077967137135255
1589,0.1317053130157544,0.10222434109485146,5.0,5.081424183597303
1590,0.11671599155874723,0.09276296316450905,5.0,5.085176454213061
1591,0.16845628137527724,0.1305616139613569,5.0,5.079844585853426
1592,0.2567554373590055,0.20126255299413198,5.0,5.080511228453837
1593,0.14302967002650058,0.11202349248453758,5.0,5.078309635500968
1594,0.3616073800016515,0.2808448747387826,5.0,5.088329007005248
1595,0.16796696696245395,0.1312407071306808,5.0,5.074174407570888
1596,0.29704477338504653,0.23359713119757497,5.0,5.072818247882838
1597,0.10237034988047622,0.07968067776937882,5.0,5.089147605231572
1598,0.21155628946916938,0.16638083596096187,5.0,5.081276237601839
1599,0.20657795943733448,0.16016271269814808,5.0,5.0817378198629015
1600,0.25144999945034474,0.19725419602927408,5.0,5.083993756485876
1601,0.16764169194827194,0.12886093531953158,5.0,5.092104643741457
1602,0.352162041660824,0.2742631606732687,5.0,5.080405245344783
1603,0.2544099663867714,0.19757309428532233,5.0,5.08260261429621
1604,0.22765137805579938,0.17799737710147923,5.0,5.081868602568287
1605,0.1567779106654006,0.12237142540776269,5.0,5.0796606479561035
1606,0.47843130614653995,0.3499656201378012,5.0,5.097468794130133
1607,0.28407720745617016,0.2253883371472336,5.0,5.092911425782756
1608,0.21361631769642275,0.1668030885807027,5.0,5.0656509563699
1609,0.1629255392740876,0.12572990449647548,5.0,5.0876372727942165
1610,0.1163710535222997,0.09234769229756834,5.0,5.090189255718149
1611,0.4325863135741346,0.33822381085654196,5.0,5.076327461367223
1612,0.25095592463466576,0.1980765579892656,5.0,5.081727153200788
1613,0.4042370831544586,0.3118064455826972,5.0,5.102006097628662
1614,0.22326902071322463,0.1731910517508073,5.0,5.091076308150093
1615,0.2939739286023786,0.2287621157066324,5.0,5.064909467721952
1616,0.1849840132898568,0.1435480530644555,5.0,5.08298850837142
1617,0.2861164277057553,0.22650809837644215,5.0,5.064007126090937
1618,0.16598075085636332,0.12934611144712882,5.0,5.077849962531449
1619,0.2865472482106646,0.21758325271652224,5.0,5.096063903462635
1620,0.23388331935969497,0.18252396782663238,5.0,5.082355039585327
1621,0.26291974123280526,0.20219994457824975,5.0,5.08931204947868
1622,0.3057748055039766,0.23839311704652877,5.0,5.0912138358025505
1623,0.19187094870424892,0.15137758605467688,5.0,5.087849554518131
1624,0.2793530713090544,0.2174082323512665,5.0,5.083290945386452
1625,0.24876947149016848,0.19396626982049292,5.0,5.092738965220116
1626,0.154215600256997,0.11904620857182446,5.0,5.085089416286364
1627,0.20097513519788257,0.15631825732533577,5.0,5.083939154875399
1628,0.41559682291362465,0.32361572375675984,5.0,5.08247311328911
1629,0.2494131927121237,0.1932526478923735,5.0,5.088332023741939
1630,0.2939028002041042,0.22808119477404365,5.0,5.0848525654131915
1631,0.36744629142265683,0.2824194872883947,5.0,5.093702792574506
1632,0.29911525867745903,0.23595124373124177,5.0,5.076464327393166
1633,0.22285424553117172,0.17527330682216546,5.0,5.054406524082173
1634,0.3247513062731875,0.2514318305266867,5.0,5.075258726444591
1635,0.2643996705749767,0.20505017240895684,5.0,5.086230091747579
1636,0.3009586447732937,0.23351588290118563,5.0,5.0920739656554215
1637,0.1191589719894206,0.0923299106614569,5.0,5.076035703492741
1638,0.14122183366000973,0.11122449129681189,5.0,5.088329242512435
1639,0.17093386230489394,0.13333929513645526,5.0,5.079074432963386
1640,0.1250209490679155,0.0977473284958923,5.0,5.0751458041739195
1641,0.19933275893352875,0.1519420487022234,5.0,5.0812062118191115
1642,0.2852359520442995,0.22367342932470147,5.0,5.087590981599002
1643,0.2595641024101387,0.20087695713390297,5.0,5.087256550207799
1644,0.40237243390815314,0.3178229114106813,5.0,5.09201164507072
1645,0.16723527810365035,0.1294464903318986,5.0,5.090143271021761
1646,0.20748346251792538,0.16220337897311055,5.0,5.081946725548265
1647,0.2941380638998041,0.22717738095195483,5.0,5.079146062007913
1648,0.22699867588111444,0.1767492236968975,5.0,5.086684416594771
1649,0.17955243960449208,0.13946052066834902,5.0,5.096466736274037
1650,0.16364581820746937,0.12473592621402307,5.0,5.087481349895739
1651,0.11137523011475814,0.08652817710480354,5.0,5.083562872986276
1652,0.34119750284836203,0.24653520314105526,5.0,5.1012496020337394
1653,0.378469281456594,0.2994454611597215,5.0,5.077459289160053
1654,0.18474173209945444,0.14466268867430232,5.0,5.08844712205379
1655,0.26794236082674394,0.21146941635706773,5.0,5.0804198849987525
1656,0.2147990447893764,0.17115916895990246,5.0,5.069589251656117
1657,0.07800034867269923,0.061559855675167086,5.0,5.079029013160126
1658,0.24858119110174592,0.19602964924270483,5.0,5.077265423528283
1659,0.32394600961253706,0.2541812765479261,5.0,5.077112312805214
1660,0.2537346799864495,0.19838680271290776,5.0,5.077868241196759
1661,0.21503628600104108,0.1658459752747874,5.0,5.082684411854643
1662,0.14877580803562473,0.11500476404857318,5.0,5.104231579543637
1663,0.3458508933834874,0.2675667805291877,5.0,5.0898758559061275
1664,0.14346816753774294,0.11119324555663224,5.0,5.095019109747687
1665,0.24239910924323516,0.18868579027253563,5.0,5.079598706049797
1666,0.3883222192358873,0.3027756910742885,5.0,5.084569029192174
1667,0.1718857597597785,0.13328856927268662,5.0,5.095000464740638
1668,0.1732283191857067,0.13653102081600788,5.0,5.088945338483306
1669,0.3627828296510034,0.27684980389122416,5.0,5.086003684965972
1670,0.21287736837906812,0.16868638687820203,5.0,5.066497194771724
1671,0.32939754528984166,0.2563053929077528,5.0,5.083288080137489
1672,0.17700262753241458,0.142893189586762,5.0,5.057720239478103
1673,0.20390680320301446,0.18796362760329643,5.0,5.078415206268305
1674,0.13070963576885952,0.10605630824699341,5.0,5.084408556989803
1675,0.18313292108327373,0.13986116683226646,5.0,5.089389928675914
1676,0.26701217008143585,0.20910176672577263,5.0,5.0646644693584175
1677,0.4146833045555356,0.3235650471590915,5.0,5.090209288419976
1678,0.14697735794028355,0.11290584760698086,5.0,5.095186473658622
1679,0.2805036781650807,0.22410875143026032,5.0,5.08584864404936
1680,0.17048181039646804,0.12994953070703152,5.0,5.0876778098452125
1681,0.25218093747910597,0.19749655359631568,5.0,5.083413445039646
1682,0.21231844365306207,0.16356351906175226,5.0,5.08895135044007
1683,0.3084806831204998,0.23849507198191633,5.0,5.102290794797479
1684,0.1835967359338848,0.14217755315609315,5.0,5.094504570635543
1685,0.3062435383528965,0.23693256926236872,5.0,5.090308134517274
1686,0.1526738498201139,0.12001783277873401,5.0,5.090743069223835
1687,0.24387739259322028,0.18922054475864258,5.0,5.091086887601319
1688,0.1688667927461014,0.13081627742083035,5.0,5.094563575428976
1689,0.227860750348293,0.17801756884910747,5.0,5.079698004110567
1690,0.24233849906663774,0.1906061985227001,5.0,5.090268928940347
1691,0.2871304255947047,0.22137775560263706,5.0,5.099244339567868
1692,0.3200244637620455,0.25095606635111045,5.0,5.073826991504546
1693,0.11531117186455653,0.08837495895676373,5.0,5.081522855168323
1694,0.18539307250953674,0.1426429932210409,5.0,5.100912649337941
1695,0.3654125635721581,0.28453220766511333,5.0,5.090122282667293
1696,0.32640438507016456,0.25348640244153986,5.0,5.085850328610908
1697,0.26486089686993664,0.20459146443734677,5.0,5.0886748355462785
1698,0.29470133853913394,0.2367602486227689,5.0,5.0
1699,0.1295448418599323,0.1005179417211306,5.0,5.077358044100784
1700,0.11182558119943398,0.08682456044869769,5.0,5.086052661317053
1701,0.31332875190686793,0.20202448560096165,5.0,5.092046360602698
1702,0.22434629662603944,0.1755144758282039,5.0,5.086093874142126
1703,0.17036321138510835,0.1334339174131478,5.0,5.079049476196431
1704,0.11470226499904168,0.09058430190791711,5.0,5.081972168466606
1705,0.2050790910262852,0.15980280323293505,5.0,5.087088022662787
1706,0.24400896810141703,0.19187789313101222,5.0,5.079422775403399
1707,0.2103924116448721,0.1660442712823137,5.0,5.079351586843108
1708,0.17162134042578492,0.132738654554311,5.0,5.085504589597534
1709,0.1852532558898472,0.14479358824317212,5.0,5.0894779130388645
1710,0.25897141686127645,0.20289568406663838,5.0,5.0887500626040705
1711,0.1625027624008346,0.12895265294291058,5.0,5.091499707440841
1712,0.15541725304596787,0.12114705284362592,5.0,5.079673573988019
1713,0.31665371786158913,0.24578695725354882,5.0,5.079412337917022
1714,0.28631347642381066,0.22699713217971706,5.0,5.085337606686968
1715,0.13358789795553938,0.0826497593313994,5.0,5.18244473988843
1716,0.14720242410677908,0.1058793462141625,5.0,5.155048497736869
1717,0.3280592681446519,0.1383392691098969,5.0,5.330280304983219
1718,0.286255408910588,0.17493564615123447,5.0,5.150725486321894
1719,0.08496848938409579,0.227614044533188,5.0,4.867271621778411
1720,0.2157767205717227,0.1296638320651734,5.0,5.148549756260961
1721,0.2176050210125371,0.12170584431842157,5.0,5.135922015070831
1722,0.17157150817336886,0.173195186746243,5.0,5.10024347449372
1723,0.25550413997528665,0.1623729009210092,5.0,5.155012710009164
1724,0.22405612316529888,0.21930501945409775,5.0,5.0
1725,0.11228842381743331,0.06859717282745514,5.0,5.144481348655079
1726,0.2757502625874144,0.10845804569607731,5.0,5.1527000909991205
1727,0.18284355978967426,0.11327008632863411,5.0,5.139026909521922
1728,0.19803627547095748,0.1337786588250739,5.0,5.089331363564247
1729,0.2899101591800657,0.18361760299212182,5.0,5.139181507515698
1730,0.2281549619973806,0.14241508453378904,5.0,5.134933324365312
1731,0.2866613290025315,0.18615374195413403,5.0,5.132072067317246
1732,0.18180964445940373,0.12682866932573778,5.0,5.175433303258448
1733,0.3492361743688548,0.2382833305480595,5.0,5.1232327741746975
1734,0.24973143159338185,0.1385202621693714,5.0,5.158212944849536
1735,0.17258227066579823,0.07995322038582053,5.0,5.160552176583728
1736,0.1930008086276831,0.08227908003613016,5.0,5.257304331939379
1737,0.46634323561827973,0.13120160378886125,5.0,5.503925902456892
1738,0.10298569595461426,0.056462090405240306,5.0,5.152957642031835
1739,0.3062473395430658,0.14534027471368205,5.0,5.219926544506679
1740,0.24870934752302354,0.1337977857961281,5.0,5.171795585768004
1741,0.2954260550690191,0.1719942321990804,5.0,5.140874931945714
1742,0.5226396633934722,0.21874420343787093,5.0,5.282445575242569
1743,0.48142729470043855,0.14882382017186113,5.0,5.270507454209232
1744,0.2959802841225292,0.187791876068799,5.0,5.138309717258531
1745,0.3172218141860792,0.17575260558837724,5.0,5.188751021913713
1746,0.4887726801830241,0.3126268949875892,5.0,5.1522429953800675
1747,0.16564882566678873,0.09662560233456807,5.0,5.152331690739924
1748,0.42993614229299526,0.22433451499458035,5.0,5.133411708747451
1749,0.28860632721040047,0.21354566489006377,5.0,5.077638415620358
1750,0.3250325478851597,0.09742848633540369,5.0,5.497532504036764
1751,0.2613777744722059,0.14871406895707906,5.0,5.208926535631067
1752,0.31281743327442846,0.35860159057508356,5.0,4.9610190873130655
1753,0.24744253747800338,0.14915673094413973,5.0,5.149567760001839
1754,0.20125116505152407,0.135091808807702,5.0,5.110843571935781
1755,0.4280795816964147,0.26986422334637195,5.0,5.136674350834074
1756,0.2534120780954279,0.14616104129179686,5.0,5.174902045334324
1757,0.3144401668080916,0.2121787425723478,5.0,5.11817693422536
1758,0.19046775264197624,0.1439258135387259,5.0,5.162173831119441
1759,0.14322353664180376,0.0812940023574471,5.0,5.1869920153805715
1760,0.2311411924781268,0.15497291347376485,5.0,5.100468476686508
1761,0.5326809541031143,0.3302712334633916,5.0,5.1510676333761385
1762,0.23246700895085115,0.14416408962543537,5.0,5.138168155875142
1763,0.07740131766611824,0.11768547924008543,5.0,4.92578723195912
1764,0.28862404854162826,0.18329469581854285,5.0,5.121587019812761
1765,0.16407265828243167,0.08660924377683832,5.0,5.1652892469168155
1766,0.23483798173708803,0.12812167249380435,5.0,5.171947442924054
1767,0.20985555490484997,0.12032553998728435,5.0,5.143911394130685
1768,0.261635696978598,0.15666885723439683,5.0,5.166103479855622
1769,0.32875670698406534,0.1633964467275948,5.0,5.298177025816084
1770,0.2359977442017802,0.15245201282793275,5.0,5.1114592352516475
1771,0.04725932107934744,0.10122601693558275,5.0,4.852053393349607
1772,0.31637075066298803,0.188064875805818,5.0,5.18569939097226
1773,0.41051979148226825,0.16323587169942566,5.0,5.302783452930218
1774,0.25592627153021463,0.133048352010961,5.0,5.1992087007908605
1775,0.3099720501968479,0.2013275136656285,5.0,5.152003576656066
1776,0.2823375594840807,0.1637508073816092,5.0,5.165981193046614
1777,0.20151160944771584,0.10105716365865391,5.0,5.151827687081578
1778,0.26895544379310077,0.30193060492103485,5.0,5.0
1779,0.15214439502279786,0.13597153505210635,5.0,5.081225953431687
1780,0.24193904001938082,0.1375681655113662,5.0,5.108378015695978
1781,0.34379759059135595,0.23008555404307862,5.0,5.134188930293311
1782,0.17124228890183812,0.09164471343345404,5.0,5.159362869165216
1783,0.4481000189767792,0.274141369507932,5.0,5.1545326657493185
1784,0.3387879225481176,0.21707000910754104,5.0,5.1371070767783955
1785,0.2163862972276538,0.1395575417088507,5.0,5.131859534857979
1786,0.3855785652135777,0.1820192397857584,5.0,5.248173528028985
1787,0.3089438175819108,0.18080736536282016,5.0,5.133120430247802
1788,0.197063918993315,0.1255884613222209,5.0,5.15195943174815
1789,0.20657476633035632,0.11346980800641704,5.0,5.135469539939956
1790,0.08971453325910939,0.0518858017207543,5.0,5.159440421479875
1791,0.18097740302903564,0.10506142326382473,5.0,5.153651636554244
1792,0.20710425694506274,0.12271523090728431,5.0,5.148655491295635
1793,0.2785376200367953,0.176466420771208,5.0,5.122523067667704
1794,0.25535680581705145,0.15430346924524452,5.0,5.135029495214392
1795,0.20841109603174335,0.11867653664966216,5.0,5.1808130292804755
1796,0.1996065696591911,0.12272533121814688,5.0,5.13606849211226
1797,0.16387358275153607,0.0822363333969951,5.0,5.1842336174313
1798,0.4808111956246175,0.14693410802527107,5.0,5.3422730796476525
1799,0.24751761666857752,0.16786473054004936,5.0,5.143937279166613
1800,0.23403146791597584,0.15881168914806543,5.0,5.142234014983664
1801,0.30858684362158884,0.18542808418664025,5.0,5.130165650645733
1802,0.15900732902210024,0.18963357838712558,5.0,5.007603941905795
1803,0.22175013872436122,0.07382853492381136,5.0,5.141937734628428
1804,0.32739532218106016,0.2238722717163807,5.0,5.143954119587857
1805,0.33078554173156083,0.22612806956071452,5.0,5.1103203555489785
1806,0.237008609456006,0.1450159536871939,5.0,5.162726255042287
1807,0.3051497108079284,0.15535493113096743,5.0,5.218789135223139
1808,0.31366253258705257,0.17884541077003047,5.0,5.166695290465073
1809,0.21242834290186963,0.11852208611315806,5.0,5.152461619646385
1810,0.3518171804934882,0.11797716406120873,5.0,5.469568207934774
1811,0.3178711216465926,0.15005724928867392,5.0,5.13920941549368
1812,0.2894317525225816,0.15079205552654396,5.0,5.224228538903208
1813,0.26150300580312,0.16901587786487338,5.0,5.121622099833569
1814,0.09629383454445262,0.07780543572813903,5.0,5.054634037207402
1815,0.239847341573038,0.15662455941106967,5.0,5.130808727023561
1816,0.26098469500737487,0.14561267276689405,5.0,5.196237505936772
1817,0.3924657364494648,0.19872417093748196,5.0,5.217730486628831
1818,0.2575348683823151,0.15124898741267623,5.0,5.153591192753435
1819,0.4219763092047615,0.1905584160588455,5.0,5.170731521589298
1820,0.19581765205375334,0.11575084238468325,5.0,5.157463571803582
1821,0.4488235800262812,0.28123277077806363,5.0,5.179236819419586
1822,0.17306041955361207,0.176782615107958,5.0,5.1209528067223165
1823,0.14366115012478375,0.08503355641341537,5.0,5.1884149757159825
1824,0.2884040359600042,0.14009563301797867,5.0,5.160285741379544
1825,0.20805644216615815,0.11842076816767177,5.0,5.137664543150793
1826,0.2774167522191764,0.16144917888149324,5.0,5.14975605041494
1827,0.1971556514846673,0.10691794527412057,5.0,5.165260650656203
1828,0.24596634706341924,0.11672520535481823,5.0,5.302894473884958
1829,0.31676277654225826,0.19321648547706416,5.0,5.149530161971674
1830,0.24869004248873838,0.16350856410761228,5.0,5.161004826225009
1831,0.19999014119625724,0.14542394440757267,5.0,5.155701517988964
1832,0.2664383375900907,0.1733165617184902,5.0,5.142321182147427
1833,0.3083652738806597,0.1984822576949149,5.0,5.150875813291318
1834,0.23439440190794447,0.13171408217519565,5.0,5.138101618407003
1835,0.2925494294595654,0.15789483062017007,5.0,5.190265230429256
1836,0.28357793503296325,0.15500847991739797,5.0,5.198641362720631
1837,0.11667244761026518,0.12923978641797362,5.0,5.141934504992864
1838,0.2596034266565408,0.1476308827200421,5.0,5.167767131948162
1839,0.35799441005341315,0.1926930965976703,5.0,5.183884023060381
1840,0.2560247019462638,0.1416832570817741,5.0,5.1967391334266555
1841,0.2890306762199051,0.17901222209201795,5.0,5.138842031357758
1842,0.2072467365783457,0.13472592298411235,5.0,5.148406036105682
1843,0.3169692941192943,0.1888405291564117,5.0,5.160372367495656
1844,0.4090307256863719,0.24503925676100946,5.0,5.1491740820381615
1845,0.24759559660340558,0.1769154818899239,5.0,5.095246086092979
1846,0.40047971153679573,0.15936909632705532,5.0,5.220585723716873
1847,0.22701851919145577,0.15310373468205873,5.0,5.152302331098362
1848,0.2194618671568318,0.1348600034214057,5.0,5.125826635658228
1849,0.14488018363929056,0.08555329188154315,5.0,5.177740807959026
1850,0.19634876909932486,0.10200542500396059,5.0,5.132219823563169
1851,0.433874619853037,0.2675904135943681,5.0,5.136233274824988
1852,0.3265690104676453,0.18018400989816663,5.0,5.147712538976377
1853,0.2069194378459931,0.11658512430440127,5.0,5.132807747010464
1854,0.28964578280655706,0.12342687234734306,5.0,5.207273895459892
1855,0.16729026353901744,0.09689449954583818,5.0,5.131955560568073
1856,0.1590053233379083,0.1174862559405273,5.0,5.14330600692821
1857,0.2084320335426033,0.12102024437841752,5.0,5.127508676476609
1858,0.3002520258228498,0.18894996327965052,5.0,5.166406725721497
1859,0.19799020724871985,0.11428769277686335,5.0,5.170125507170988
1860,0.25867648994947245,0.13806149066494855,5.0,5.171990467492176
1861,0.26602545658019294,0.17224533265966513,5.0,5.131982390321399
1862,0.31109087051406026,0.18039894011554747,5.0,5.1501412989255435
1863,0.25077188026330277,0.17768733437027895,5.0,5.107708953080152
1864,0.30263464993334144,0.20312709165503784,5.0,5.127527543663701
1865,0.3104756857200296,0.22471202217759223,5.0,5.082327728102607
1866,0.226920641175965,0.16583821749376815,5.0,5.1457432122074565
1867,0.19559844292089434,0.10691052473422347,5.0,5.1608390872693555
1868,0.2719141217822154,0.14610184521089498,5.0,5.170805748803575
1869,0.1768307830764846,0.09192489798334036,5.0,5.188367303346428
1870,0.15985207370882293,0.09776945207006393,5.0,5.199340184159267
1871,0.1301124315940818,0.10969504989223322,5.0,5.058746413464457
1872,0.2338747454371355,0.1377640091991449,5.0,5.136163168406904
1873,0.3550376569957461,0.1814334224977141,5.0,5.17661386522863
1874,0.2706260189464271,0.08192835637582274,5.0,5.190354107466986
1875,0.22301882246618843,0.14361739087838798,5.0,5.154359542547091
1876,0.29374800243824706,0.17117650221845515,5.0,5.134625736129683
1877,0.27903732553103144,0.16857145763529324,5.0,5.142072615296147
1878,0.09046719728769403,0.11823565393369317,5.0,5.131501682311157
1879,0.2233803220898889,0.111434046121763,5.0,5.148157042888188
1880,0.2158872523795934,0.13635244710002326,5.0,5.139531001858675
1881,0.20821468950158128,0.13297196676271372,5.0,5.108128436356401
1882,0.10177131766882197,0.12033355889787567,5.0,5.136126736492805
1883,0.24375801079538872,0.1438248304547982,5.0,5.14765337121613
1884,0.18476051619712464,0.1142885084142371,5.0,5.12998693541622
1885,0.27014529921817876,0.2419201146435036,5.0,5.089363507561622
1886,0.1578273733527893,0.22898517807607488,5.0,4.897674139394006
1887,0.3419801187375353,0.18807315538537295,5.0,5.168162482459797
1888,0.3377992426373433,0.19992797123383443,5.0,5.155366385112883
1889,0.13617563833991908,0.08382945647743145,5.0,5.156194822514575
1890,0.17516943760738646,0.10675648077970412,5.0,5.123041379650735
1891,0.1582366817944727,0.10649776004858025,5.0,5.143410217038351
1892,0.16512903045747906,0.11439602729670906,5.0,5.100866442834544
1893,0.2471337336423347,0.14862074371454514,5.0,5.2657860722321725
1894,0.1558763041899911,0.07717723555527578,5.0,5.114073693885883
1895,0.29134038636129267,0.1760416065849899,5.0,5.157185629284662
1896,0.25032265028135847,0.19043460504123855,5.0,5.113106785187247
1897,0.19550562731576426,0.1418904854334999,5.0,5.1487050868122175
1898,0.3408803911531748,0.21894888106542565,5.0,5.161638133537361
1899,0.10282294846171358,0.06466292386587247,5.0,5.118087272426077
1900,0.105720293683081,0.05576390972587464,5.0,5.121847916680942
1901,0.29647048089467787,0.16542792274173213,5.0,5.15874396855871
1902,0.3137193945089227,0.18616828336005264,5.0,5.176085975017797
1903,0.19252160542006447,0.11639837712703371,5.0,5.151771914468268
1904,0.20418628700334973,0.11878933585205242,5.0,5.167004282525056
1905,0.2536935323109144,0.15509000550951257,5.0,5.135015607367759
1906,0.1834939085188061,0.12992221165041862,5.0,5.12396547189276
1907,0.2804264673724137,0.2022884676086345,5.0,5.174975686623675
1908,0.2594767826934956,0.11911026957876436,5.0,5.129821000781915
1909,0.4345816944666676,0.2511129416587916,5.0,5.175291629161656
1910,0.15079959416433897,0.09529718650787422,5.0,5.129323437971225
1911,0.13246110944157663,0.09442837601370069,5.0,5.120913706266945
1912,0.13238328641915786,0.07726871706643812,5.0,5.18223162849087
1913,0.2250443546226355,0.1136391063162202,5.0,5.189687223265436
1914,0.09466990201932657,0.15573908034863215,5.0,4.911534620814599
1915,0.3018553493593854,0.14808667552879184,5.0,5.2493737610619196
1916,0.18435388301721312,0.10602951294871188,5.0,5.134112497696686
1917,0.19611179697509118,0.11404856582035705,5.0,5.172339341918999
1918,0.1605354283247613,0.10147600402516666,5.0,5.14937934280157
1919,0.22877127208447234,0.13649052550989915,5.0,5.1719734845937815
1920,0.23738793005865655,0.14472178415894954,5.0,5.142675031453532
1921,0.24452251168742545,0.13763379271785092,5.0,5.1498873191739225
1922,0.20017942105059783,0.1317801678427195,5.0,5.121294035854724
1923,0.6260141318479011,0.2110792057992006,5.0,5.404929454025229
1924,0.13614930557921356,0.08181562988345559,5.0,5.137808384460758
1925,0.2487556797314281,0.20903008766401843,5.0,5.161222579431097
1926,0.21211492109473817,0.11866978042964582,5.0,5.189874701869606
1927,0.19937964169636957,0.14557914201084166,5.0,5.1920066151029864
1928,0.1458132803593677,0.11066127638983869,5.0,5.07147753066433
1929,0.36538714752097934,0.20796128357227472,5.0,5.1832424699793656
1930,0.1363496292321542,0.08936864029169389,5.0,5.138474021450463
1931,0.24665781865580305,0.1382110619381005,5.0,5.165775782527149
1932,0.15681180824260088,0.09624700647068829,5.0,5.136181136396907
1933,0.2553953467417873,0.15681800854039107,5.0,5.120423679975374
1934,0.10924951057378474,0.06678227344190824,5.0,5.181767456466133
1935,0.20200415459868037,0.13087978253122023,5.0,5.180600876248818
1936,0.3628816694975454,0.2152871520720847,5.0,5.185288354744486
1937,0.2111240841362474,0.07345329118896149,5.0,5.307424248651795
1938,0.28293013191195704,0.11874418161171407,5.0,5.142489419119638
1939,0.32936660284477615,0.1811494242298789,5.0,5.2350598582541785
1940,0.16532194724848503,0.10303665242503979,5.0,5.168611860785504
1941,0.2435612641947693,0.14816206157277423,5.0,5.118512849514056
1942,0.14057294540284215,0.08438395941935406,5.0,5.111096527897514
1943,0.32063736037178225,0.20275690933588864,5.0,5.130682735436105
1944,0.20245743016445705,0.1219876163534811,5.0,5.147155747697765
1945,0.3269987696676906,0.17921992658475594,5.0,5.204804641309622
1946,0.32168609410292426,0.21551348555849037,5.0,5.109115694303608
1947,0.243110146706488,0.14731637061911984,5.0,5.125754813962011
1948,0.18398968918234582,0.12635721283600443,5.0,5.167702752353707
1949,0.20994985281569578,0.1205970729639807,5.0,5.16755231194832
1950,0.193769058780203,0.09531033422216961,5.0,5.161747039942144
1951,0.16530557966408876,0.08687024636713536,5.0,5.157020281866487
1952,0.23320817580117326,0.14659904858417694,5.0,5.130475036643762
1953,0.14173528059411522,0.08048406633569083,5.0,5.140845694959788
1954,0.4346741920087904,0.263619737335791,5.0,5.156115871189071
1955,0.31691527752942794,0.1899452046974197,5.0,5.154666842777589
1956,0.11306086769608359,0.11657582566176816,5.0,4.963117759116029
1957,0.2995640455541342,0.19324020101646366,5.0,5.145226733784591
1958,0.22008861413330205,0.14298402022033896,5.0,5.129891691841859
1959,0.427227464311821,0.2570843725100834,5.0,5.154057799802363
1960,0.18185227420324201,0.11904452886586525,5.0,5.108143750932097
1961,0.17496462151444137,0.11866517992842163,5.0,5.161028607964537
1962,0.34148597334574937,0.21076561608908695,5.0,5.151723250795666
1963,0.3012378192240128,0.18623486541584744,5.0,5.1596121573710985
1964,0.27221565746710663,0.19319558379688173,5.0,5.089079919234445
1965,0.2102361903351091,0.13090500233197355,5.0,5.142863282850021
1966,0.010973420093902737,0.11184990271982054,5.0,4.788236317291332
1967,0.204429498258075,0.14852360194698022,5.0,5.177389856841739
1968,0.12463259586501407,0.10689384207001029,5.0,5.125477259826816
1969,0.269914391393268,0.17958563705486608,5.0,5.12403403648884
1970,0.32369448140154633,0.14576993392215987,5.0,5.116048393028212
1971,0.28380700875284504,0.17650475710030522,5.0,5.148002555998303
1972,0.15287095095618497,0.10325673579075834,5.0,5.125148568655211
1973,0.3903802965510037,0.21268015465060042,5.0,5.190489980961566
1974,0.2631109399184324,0.15612750479618664,5.0,5.161094935548096
1975,0.2658611032837852,0.06518135130608993,5.0,5.579768548247452
1976,0.2428463493129771,0.1436720600443503,5.0,5.158911489479552
1977,0.36663805797899784,0.2323343900225623,5.0,5.150147854336513
1978,0.17188522497255,0.08948509929267323,5.0,5.1620667713345725
1979,0.2312532732065402,0.13002478868222656,5.0,5.159745075721203
1980,0.1691184894169726,0.11932212550654286,5.0,5.147592912466443
1981,0.2475990361166207,0.16382597820171785,5.0,5.126633779055352
1982,0.36249536231753576,0.21006294165070627,5.0,5.180029134736914
1983,0.31137469204854873,0.18909481517546545,5.0,5.141578184608004
1984,0.219141808027687,0.17912748082090324,5.0,5.118540293051792
1985,0.18502450154419625,0.10779694268600948,5.0,5.183201362790539
1986,0.26553979165385444,0.16578231261315413,5.0,5.1508871881597695
1987,0.2939892238080355,0.17366683850302622,5.0,5.1458738741897925
1988,0.4182539389743958,0.21940515046055076,5.0,5.158533042947271
1989,0.36998466828860654,0.22041746004822405,5.0,5.163078419962233
1990,0.11013970481211888,0.07388227970681238,5.0,5.1511780694556375
1991,0.3325731616591372,0.18793534171496706,5.0,5.141693726163927
1992,0.3080198955750615,0.1790734155957352,5.0,5.156696645806669
1993,0.29330030658967976,0.17335270958567783,5.0,5.149545601911116
1994,0.18776347677676974,0.12469756348609684,5.0,5.128130530833932
1995,0.21139926744590642,0.12508423395408075,5.0,5.182687212522481
1996,0.13307370480244907,0.06479098982529663,5.0,5.148842668214222
1997,0.23294010240088925,0.1545384864599887,5.0,5.148220398098298
1998,0.14631679602295544,0.0936347963756039,5.0,5.143620401161941
1999,0.34324937919159715,0.21033667965850278,5.0,5.153634546111441
2000,0.15724189100932096,0.10464839360266398,5.0,5.130502999757232
2001,0.2563958873399419,0.15257248415571578,5.0,5.16555844986085
2002,0.2841488232700713,0.1902511365333096,5.0,5.129234655285355
2003,0.22387438304064222,0.11489793177177221,5.0,5.217281557292681
2004,0.24617863067354184,0.14747412285441697,5.0,5.133337421104898
2005,0.23258232667311374,0.13997282005449585,5.0,5.13074589753586
2006,0.2916323008946151,0.20613009858226872,5.0,5.157969749742
2007,0.2576013183538459,0.1394170672460343,5.0,5.148080461264053
2008,0.2923514750293903,0.17557084181522842,5.0,5.159731663729588
2009,0.21164777547552327,0.14414464533644145,5.0,5.107268768284534
2010,0.2673864828485635,0.19396081180686975,5.0,5.096808872387815
2011,0.2814260722757582,0.15732856908374915,5.0,5.205382062408539
2012,0.27531889996798586,0.17253748364747623,5.0,5.128725211200722
2013,0.21222911455000248,0.23031293555844157,5.0,5.004092806527298
2014,0.3608339350256282,0.19030777650576258,5.0,5.174967415175882
2015,0.30794996702806565,0.17727848044331473,5.0,5.150482074955889
2016,0.30686071510196977,0.18847952733821172,5.0,5.162399905986073
2017,0.2193760855848228,0.14923311268000328,5.0,5.140887693549914
2018,0.22931215324287302,0.14068057469502115,5.0,5.137278683093784
2019,0.2744791077428128,0.1357556388572284,5.0,5.194614708176379
2020,0.0872184540381784,0.04536068776314095,5.0,5.145215839928987
2021,0.2493718978686239,0.1531355603190382,5.0,5.143167892501701
2022,0.20560346734115842,0.12819394359960212,5.0,5.139100946803001
2023,0.23412163163383282,0.13639652268245017,5.0,5.154786168711851
2024,0.09224931492979382,0.05507533325068259,5.0,5.123392413696628
2025,0.2990352506800973,0.18577882180605443,5.0,5.135820661776949
2026,0.20942776918846118,0.1513200106625604,5.0,5.140629399866565
2027,0.17850438750256692,0.10383962550505632,5.0,5.139231695308437
2028,0.17149220963401168,0.10166499585252176,5.0,5.166895094333688
2029,0.16460311705399322,0.08515548242765747,5.0,5.172839999503465
2030,0.1235096663626265,0.06704200661947146,5.0,5.092209074897482
2031,0.19044517632740154,0.1250892179748897,5.0,5.151050384618561
2032,0.2396061819516626,0.15603434379291226,5.0,5.126647144192464
2033,0.35879145094779963,0.23461542932147728,5.0,5.161968905069303
2034,0.2273244745401215,0.13850855117431782,5.0,5.1368025804748285
2035,0.30194048945967933,0.18641307304122523,5.0,5.160418844632275
2036,0.1931908659117465,0.12332487019155158,5.0,5.126861362171589
2037,0.21853820883469677,0.13956903935919707,5.0,5.161882986836082
2038,0.1820514515010645,0.11363975575859786,5.0,5.127462206670481
2039,0.24322757250232896,0.13881643221851592,5.0,5.183612016844998
2040,0.282206101154834,0.17742971382136163,5.0,5.104790601650224
2041,0.21742846368524693,0.1707922002220773,5.0,5.061295234412855
2042,0.4280174484156989,0.23291473663309892,5.0,5.152761865004267
2043,0.3134396963430466,0.1946702735225998,5.0,5.159773149997946
2044,0.18368099036685848,0.13175768601935156,5.0,5.073737999090975
2045,0.2317956074890608,0.14508933675155988,5.0,5.12292660400993
2046,0.10883094938185534,0.08692979866618034,5.0,5.163756190924245
2047,0.2671539350622212,0.2035743911707456,5.0,5.101307465979783
2048,0.2397401641764576,0.138922983194967,5.0,5.1706066469746315
2049,0.2263636831035598,0.13396220111421653,5.0,5.138591515143167
2050,0.11607680858869318,0.0755937038111425,5.0,5.078567252264712
2051,0.31888811172909315,0.2068088570291079,5.0,5.1314470902843645
2052,0.21296627894330533,0.13754313489481818,5.0,5.166341984963676
2053,0.1957347000151861,0.1384772645010517,5.0,5.166664801398442
2054,0.15396896214809064,0.07159025184234213,5.0,5.158644507225008
2055,0.09472473066547926,0.057571904409442376,5.0,5.1447140775561095
2056,0.24153981744805586,0.15304973790465182,5.0,5.130041814626898
2057,0.23874299620076145,0.12964640642492276,5.0,5.186265664899752
2058,0.14092032112266661,0.0878082927328605,5.0,5.089906876075512
2059,0.17724495967687437,0.1382454777118941,5.0,5.072882610977034
2060,0.28130355493078185,0.22578796861305295,5.0,5.0
2061,0.22432466580733346,0.17876666287119014,5.0,5.08338391356256
2062,0.19031760207114634,0.15023647038380739,5.0,5.0743805692287225
2063,0.19567672986115525,0.1551490076548967,5.0,5.0866443765634894
2064,0.25695177593046714,0.2029551439198808,5.0,5.0771684705971865
2065,0.19690362783200155,0.15481202883748169,5.0,5.081159177850614
2066,0.22858139123832122,0.1823473332463108,5.0,5.0682357997272565
2067,0.13674882548472178,0.13671535813243607,5.0,5.072726422526808
2068,0.16325604893695012,0.12906951415416978,5.0,5.081095147222321
2069,0.25789555555445576,0.2040260811001019,5.0,5.069231846347799
2070,0.13249621587394667,0.10411799692689938,5.0,5.075679880710355
2071,0.15675720707702,0.12222989780517768,5.0,5.078516241024245
2072,0.20102567796243997,0.15871150808435408,5.0,5.066603179227753
2073,0.19571442283252827,0.15547984201768184,5.0,5.070131943934362
2074,0.15413396470030571,0.12342195319612714,5.0,5.06525790911561
2075,0.22238935427173323,0.17422488854895635,5.0,5.093210548095568
2076,0.26610577362079346,0.20831092262694506,5.0,5.085716554511155
2077,0.2367876131090516,0.1868866368584865,5.0,5.067248423271851
2078,0.18508722209486672,0.14823427369745557,5.0,5.086783768625587
2079,0.18620311680899038,0.14717957078303978,5.0,5.081438414217816
2080,0.2682077956092981,0.2169957918523162,5.0,5.077017521296998
2081,0.15203074439834796,0.12035517069606927,5.0,5.083365253745571
2082,0.29956532659738455,0.23441728587680644,5.0,5.075014278709489
2083,0.21319208254511768,0.16032535193803787,5.0,5.090189046758784
2084,0.3388822943141585,0.26695000266160196,5.0,5.0820017973963605
2085,0.37395482402391345,0.2946132711148126,5.0,5.085339870646477
2086,0.20302653781356095,0.1597510956939756,5.0,5.082969450632744
2087,0.16911436317069106,0.13327974492667183,5.0,5.079530966277961
2088,0.12950265283918405,0.10052667799883364,5.0,5.085671395422615
2089,0.15907686667090615,0.12564607330084454,5.0,5.0751795395654575
2090,0.24208498177040738,0.19151008552300086,5.0,5.078789918350486
2091,0.24182978812136402,0.18904554545791297,5.0,5.078151603211074
2092,0.26167450470797027,0.20701823875078518,5.0,5.068442620492082
2093,0.1251968633744558,0.09870089342637489,5.0,5.075996559898153
2094,0.34560638003100363,0.2678784357759404,5.0,5.078983821982845
2095,0.20995395947939466,0.1687945839639784,5.0,5.082866747388266
2096,0.24872073515544035,0.19565348841278773,5.0,5.079924570321932
2097,0.21972503772214536,0.17407752861609593,5.0,5.0785257621869295
2098,0.270247619243031,0.21089413485230546,5.0,5.068124865672035
2099,0.21364402928901516,0.1674061463067562,5.0,5.082867612167794
2100,0.08224632807946253,0.08527031288432074,5.0,5.0780496291427735
2101,0.1741328726847402,0.13549751882065264,5.0,5.080666140088983
2102,0.22699352672654172,0.17936057781876968,5.0,5.079807758664279
2103,0.1747004742445042,0.19774401822383658,5.0,5.076881911265856
2104,0.06594063822395468,0.052493733946489374,5.0,5.075812055513778
2105,0.21398090769188638,0.1661768765841236,5.0,5.078916110258618
2106,0.06748881673936125,0.052815345354973786,5.0,5.077695765449466
2107,0.22201676375686152,0.17638704167578745,5.0,5.07136711158835
2108,0.0911321522223536,0.07280419678475925,5.0,5.078203759102919
2109,0.1383346532798393,0.11086762381621817,5.0,5.080573896920413
2110,0.24353798542865812,0.19211842788285682,5.0,5.068884426479245
2111,0.188894194762945,0.14276889370151513,5.0,5.0785137662460755
2112,0.18702790615177523,0.14439114350133675,5.0,5.086669608391228
2113,0.2190515944278515,0.17111387278659984,5.0,5.07930608728036
2114,0.16312180485343264,0.13457679576598736,5.0,5.069319818104319
2115,0.2383461988917479,0.18714498978629557,5.0,5.079950198277627
2116,0.11820639403792632,0.093813980210671,5.0,5.074666486206132
2117,0.21753626706969675,0.1710486740788557,5.0,5.08353840025852
2118,0.30553342617487966,0.24100711596536084,5.0,5.076637838505196
2119,0.2675598795886185,0.20478573077741125,5.0,5.079524880086099
2120,0.1276730901822336,0.10196932887344512,5.0,5.081332188825112
2121,0.1856736629111797,0.14621332823461564,5.0,5.081543382953608
2122,0.3572699715124683,0.28235886914370967,5.0,5.075199530493286
2123,0.20442820037548293,0.16176021895733694,5.0,5.070817097355631
2124,0.40926159195057,0.32378719257791744,5.0,5.0816658212458865
2125,0.16953747699819854,0.13479086856107547,5.0,5.0777270252076345
2126,0.2345711511347035,0.19143085958828254,5.0,5.080148959610904
2127,0.16962589608134637,0.13075294429207485,5.0,5.078412461710853
2128,0.1460380037380138,0.11604664484047966,5.0,5.0726728449158465
2129,0.24677250536620488,0.18771490654314138,5.0,5.0776049597721595
2130,0.3158341053219438,0.24930279833214808,5.0,5.086285997702227
2131,0.24769408507903545,0.15838279803611854,5.0,5.080300969857765
2132,0.2936304202018958,0.22910321921528287,5.0,5.070917822876249
2133,0.2375875560869114,0.18673465196828998,5.0,5.083767005523665
2134,0.1535827824281295,0.11766756706529558,5.0,5.086969620802186
2135,0.16696093671234458,0.13238812985763848,5.0,5.07239490008029
2136,0.238420637757226,0.1874574153538675,5.0,5.088158052754732
2137,0.14519646660855767,0.11541698956654212,5.0,5.077323740823116
2138,0.2303999576648359,0.1796204599266984,5.0,5.090031303581259
2139,0.17222672463546318,0.13966618394060504,5.0,5.071789516746419
2140,0.18120893159708462,0.1418739703986973,5.0,5.082065837947525
2141,0.261402234382379,0.20530984992832546,5.0,5.075670897993039
2142,0.24290672040742134,0.20105259062751213,5.0,5.07791943025663
2143,0.2624336183705811,0.20336233045136298,5.0,5.086353624021518
2144,0.31059012395156893,0.24088567124906524,5.0,5.076405083754967
2145,0.2074288084214011,0.16414301099189288,5.0,5.07215331315118
2146,0.24655645209747967,0.1971873308623353,5.0,5.082517992831512
2147,0.22030335220212405,0.17496202364106828,5.0,5.087492257869268
2148,0.3221793869054681,0.2566724909077025,5.0,5.085221299312224
2149,0.2906812494581539,0.22967943087489617,5.0,5.079889409372971
2150,0.21635271195289163,0.16829467164658873,5.0,5.093138245850035
2151,0.26848568317644794,0.2102472761602826,5.0,5.077710451067903
2152,0.20422072138987635,0.159997734959747,5.0,5.092473226215413
2153,0.2505753131954904,0.19817666433065462,5.0,5.113185228809387
2154,0.19786214729498663,0.15566684154032706,5.0,5.0761537716345195
2155,0.22781122413017818,0.1793533218675345,5.0,5.0834864765115295
2156,0.08655795482089856,0.0717295158413559,5.0,5.071154157747948
2157,0.19138959210348427,0.15369651529261763,5.0,5.081749419625776
2158,0.15572853143279852,0.12325373565750275,5.0,5.074627347222833
2159,0.21791580018840695,0.17237997660848614,5.0,5.076899171406293
2160,0.16248032016445935,0.12981030129184568,5.0,5.078288352490112
2161,0.20866013352977997,0.16579119504251882,5.0,5.072607539880698
2162,0.304976862291477,0.2412333570333458,5.0,5.085629068544373
2163,0.2676154946345488,0.2110046082910142,5.0,5.08482660975484
2164,0.25855629965977345,0.20227715630917986,5.0,5.0843492664287915
2165,0.16557465366813195,0.13182776930426288,5.0,5.072650460996266
2166,0.23289925278565815,0.18258816787070553,5.0,5.084387876135041
2167,0.19782516371358616,0.1534478828290431,5.0,5.082032739711213
2168,0.23642276870283307,0.1869581424289971,5.0,5.082212337158047
2169,0.26184139617823576,0.20711186041423357,5.0,5.061618638591812
2170,0.23020521594042287,0.18231361069061447,5.0,5.081281442810761
2171,0.38734670411507577,0.30239746201214945,5.0,5.085291916912453
2172,0.26941677702224776,0.20976285569979436,5.0,5.071951276021007
2173,0.24448838482448498,0.19309292702924885,5.0,5.073323782952812
2174,0.21335714327587763,0.1681736867640451,5.0,5.080867866756806
2175,0.24421469096704862,0.21054793612405676,5.0,5.079087891647731
2176,0.25305017320808676,0.19805342289734873,5.0,5.091666339304437
2177,0.2535648424662429,0.20234414349971763,5.0,5.0734995752983725
2178,0.18677862159571434,0.14897519097294787,5.0,5.0775580213801685
2179,0.1602722113642796,0.12448376554087304,5.0,5.091819630924768
2180,0.32609412861940545,0.2706961974333535,5.0,5.079934253565446
2181,0.16490189383940201,0.13956777840625023,5.0,5.071276017736164
2182,0.30914472536235893,0.24307419281165343,5.0,5.0967941368076985
2183,0.20117814557556457,0.15660570073997881,5.0,5.093756234705777
2184,0.2518207981589331,0.20051366970284368,5.0,5.075555745688707
2185,0.1614068700256761,0.12807292195832543,5.0,5.084863713401964
2186,0.24864049604161753,0.1956211784802826,5.0,5.081393689097888
2187,0.3966139110124267,0.31240389472339924,5.0,5.07226923212972
2188,0.3916890414157679,0.30915309594529206,5.0,5.072363077805475
2189,0.14358721677279118,0.1135385343939066,5.0,5.082434260784554
2190,0.23682986103865478,0.18800256402580262,5.0,5.0716137231881575
2191,0.1894143786757294,0.14943816052011127,5.0,5.074309931700878
2192,0.1838755208331473,0.1474318392105356,5.0,5.09214042780731
2193,0.14905173868647292,0.11857378627105775,5.0,5.081467069127932
2194,0.14300543933901122,0.11406978793004519,5.0,5.0738501404477
2195,0.230750353914978,0.1765235324500436,5.0,5.070859575749482
2196,0.1738906965863991,0.13765909719386404,5.0,5.076613097468545
2197,0.15749936122009744,0.12052451469895442,5.0,5.084241760464661
2198,0.3082642241276661,0.2435128819305814,5.0,5.0830592561364085
2199,0.1771991521416676,0.13838205068161624,5.0,5.073385689371639
2200,0.15584501850507038,0.12322326612068069,5.0,5.077431189787065
2201,0.3321218006109299,0.26612167094383876,5.0,5.090702106138245
2202,0.29415967963683576,0.23205835842884315,5.0,5.084821955888339
2203,0.1471795443290942,0.115886187160957,5.0,5.078095127248403
2204,0.38560387253084016,0.3035196647233618,5.0,5.076837765676494
2205,0.1596513945142337,0.1243635309861797,5.0,5.08293412114079
2206,0.1813476445873825,0.15174841726343158,5.0,5.066545340519033
2207,0.15394842460189095,0.12038775264912271,5.0,5.069401819528281
2208,0.1979839479205472,0.15704990239550443,5.0,5.0767240809978365
2209,0.27888171010377527,0.22012648849823813,5.0,5.0836284214004035
2210,0.1391250357453495,0.10767778754602975,5.0,5.070825488874542
2211,0.24201609527061674,0.19091456912556604,5.0,5.082169816960436
2212,0.22369583296591533,0.17738804804090003,5.0,5.082668035084161
2213,0.1365485637014361,0.1027660093788747,5.0,5.0725704146806105
2214,0.14969816931018887,0.11923274104645665,5.0,5.066422045778296
2215,0.20738926064696717,0.16224857697677664,5.0,5.073121137166385
2216,0.24346630126666158,0.1914759208638409,5.0,5.076005289132217
2217,0.1684831122120536,0.13438571933174448,5.0,5.073542506581372
2218,0.11838155116329618,0.09333870592370674,5.0,5.071756617126546
2219,0.29979836647192926,0.23741555317293106,5.0,5.072416213728257
2220,0.2243914445394144,0.1850921990518909,5.0,5.079056800332786
2221,0.14845016157080382,0.1150842381956989,5.0,5.082328320032561
2222,0.2550807817417633,0.20085575084464868,5.0,5.080419679741199
2223,0.25211862978697597,0.1978038797889039,5.0,5.090225514656979
2224,0.16661854156574396,0.12833762434300477,5.0,5.076913317839509
2225,0.12858323656747928,0.10239654986740843,5.0,5.072568410022091
2226,0.2193253969196174,0.17436145991515928,5.0,5.0914591863633785
2227,0.13495586797992476,0.1062850081212332,5.0,5.078301403671306
2228,0.2802819052273602,0.22120085982206694,5.0,5.073960655718803
2229,0.4244182739023634,0.3345336826521965,5.0,5.086199091060717
2230,0.3868637284923506,0.3067777763791899,5.0,5.082628074249067
2231,0.3055658154916572,0.24076399406783944,5.0,5.073586272922368
2232,0.1990899728488711,0.15718243116617314,5.0,5.083514529382445
2233,0.25590411635420707,0.20242778640618708,5.0,5.0808089853446425
2234,0.2417736121692442,0.1890789088608149,5.0,5.07944670465001
2235,0.14940308748478226,0.11864964097704922,5.0,5.079291078263699
2236,0.25783739656809535,0.20365389987668792,5.0,5.083898877491055
2237,0.20003892402769674,0.15820527310541388,5.0,5.073132314376618
2238,0.3009773514077838,0.23867064806096205,5.0,5.086675033767234
2239,0.1859821749699837,0.14777752240110154,5.0,5.076083572560224
2240,0.11593120336397722,0.0963064446785129,5.0,5.080737617023203
2241,0.23916944297984122,0.188393982209746,5.0,5.081437677270406
2242,0.12457909705256909,0.09825031235991544,5.0,5.071874565960384
2243,0.15521303995750335,0.12311260473330732,5.0,5.088278863180085
2244,0.22312922303985805,0.1756122838588613,5.0,5.071639662546046
2245,0.27054515987396055,0.2135505936072173,5.0,5.094493900802677
2246,0.2196730179401467,0.17407518920869003,5.0,5.084901070104513
2247,0.12294768814833046,0.09619802499427155,5.0,5.083772696512341
2248,0.22098178188365591,0.1699682699383145,5.0,5.073233520774387
2249,0.09274824748276389,0.08057646156662424,5.0,5.073398869302732
2250,0.3396685659023455,0.2741354372783287,5.0,5.090163464697666
2251,0.1826623017083775,0.1435424693258045,5.0,5.07898955160865
2252,0.19775696898744344,0.15702079038302164,5.0,5.07106203695999
2253,0.1681433668383121,0.1332538498450646,5.0,5.073833722255303
2254,0.17257027585724583,0.13534427575809294,5.0,5.082693554720983
2255,0.1957819941676855,0.15454847149464523,5.0,5.081716767682201
2256,0.1983542631482218,0.15490176264219113,5.0,5.068370897376546
2257,0.17793640247850395,0.14223133908238283,5.0,5.065583068403763
2258,0.1595311990248014,0.12644026133078012,5.0,5.068386210189315
2259,0.1593369588397331,0.1257008561953772,5.0,5.079050836566399
2260,0.25067058479383597,0.10198773757944568,5.0,5.069197132573269
2261,0.1490221608703357,0.11819669777935493,5.0,5.074411457503585
2262,0.2285502376684323,0.1889863265146352,5.0,5.08574264301493
2263,0.24769090698660712,0.1980620300496443,5.0,5.084499594865095
2264,0.22687146471540887,0.1742162989199465,5.0,5.07890681463782
2265,0.28992853192808243,0.22802165318209866,5.0,5.08579108549613
2266,0.33373505983879515,0.2650935805425435,5.0,5.072746155690355
2267,0.15176280497002947,0.12070832808252618,5.0,5.0754260974099985
2268,0.30071201601830433,0.23504840913660718,5.0,5.093656377057512
2269,0.1472406164459341,0.1181476654101401,5.0,5.077847465613203
2270,0.21620123158203275,0.17379675184956844,5.0,5.086678617543541
2271,0.22838765060823207,0.18226543852682364,5.0,5.084139982588409
2272,0.2858544032609922,0.22383067964574432,5.0,5.088223651957877
2273,0.14057624897801602,0.11084688421151612,5.0,5.0780916969481105
2274,0.2375771731796983,0.1867132147276258,5.0,5.073530626431939
2275,0.12924440006811344,0.10571943742834788,5.0,5.080782828050072
2276,0.2156012511065717,0.17101050221321046,5.0,5.086513586101455
2277,0.20767439045032643,0.16271320242276,5.0,5.079663975929645
2278,0.24079903277286863,0.18778923666637226,5.0,5.077072207654041
2279,0.18561993307839963,0.14651193926220485,5.0,5.079432220595601
2280,0.18153068106170012,0.14199375488466548,5.0,5.071906561549708
2281,0.31427815519126456,0.24802615616661594,5.0,5.080168167599979
2282,0.28376964793256887,0.19626568402659683,5.0,5.0850234696017615
2283,0.2013782231045298,0.16021159452918432,5.0,5.075275533586927
2284,0.19527782436637486,0.1553344499815842,5.0,5.074156314664275
2285,0.07622095230103243,0.060830283154471254,5.0,5.073842912951063
2286,0.337247283639853,0.2678856712437264,5.0,5.0766911245627355
2287,0.17325439274487797,0.1358280491911633,5.0,5.072651066615492
2288,0.22979552934173553,0.18629225057300858,5.0,5.077188070059737
2289,0.2350075786365129,0.1852598354495506,5.0,5.079613906519818
2290,0.2059381559890603,0.166031126711369,5.0,5.065900525406857
2291,0.15822675899707916,0.12619730841640964,5.0,5.082353318385788
2292,0.1825311109210166,0.14514985000502245,5.0,5.083614338233655
2293,0.22835491617007553,0.1809792989958443,5.0,5.068262009474012
2294,0.13118363445925363,0.10331162433331043,5.0,5.072490589048186
2295,0.26515998758945547,0.21017148736750402,5.0,5.078128872766703
2296,0.11037003316605687,0.08740506510767498,5.0,5.077499809475672
2297,0.30617437598499553,0.24263322099018858,5.0,5.082153532891613
2298,0.1478618857162295,0.11907804812401679,5.0,5.077593004876615
2299,0.12366042155614987,0.09614367110655486,5.0,5.074663828214936
2300,0.18762673087157133,0.1477173155405569,5.0,5.080989965357956
2301,0.17583428773482335,0.1377937237324347,5.0,5.07361171090313
2302,0.38402686711146505,0.30695793354470147,5.0,5.0817387151918325
2303,0.18253987308257003,0.15177699854392945,5.0,5.072660904860706
2304,0.22650747367866275,0.17926874327279108,5.0,5.081627868108676
2305,0.20850540934353945,0.16271360460791207,5.0,5.076987026397406
2306,0.19880858927493228,0.15808686627972324,5.0,5.073780269137975
2307,0.3818945386219015,0.3023987529853681,5.0,5.084965015201028
2308,0.2049133496954163,0.16072984566017967,5.0,5.078964642996739
2309,0.1159739589004809,0.09241435588054847,5.0,5.077609913056236
2310,0.1048000691735893,0.07939477673861228,5.0,5.089838693910842
2311,0.2716209381541903,0.2133675679121685,5.0,5.079467320398887
2312,0.20113739267378916,0.14971444783351828,5.0,5.080997990220437
2313,0.2319115897969115,0.18697557517720387,5.0,5.065983492674491
2314,0.2763981597499623,0.217594816192606,5.0,5.0860342704195105
2315,0.3459453598764948,0.27202007465129063,5.0,5.082436350973891
2316,0.34427277539768664,0.2765855212423618,5.0,5.0793926409336
2317,0.22650785371013593,0.1815091875874667,5.0,5.076664042080292
2318,0.2281608214793256,0.18052824041414028,5.0,5.073091639146963
2319,0.26871065850304543,0.21250560385077233,5.0,5.085580683889095
2320,0.26493025438019235,0.20971537554207065,5.0,5.086087184502128
2321,0.14156373008751832,0.11093232300553213,5.0,5.078187938635628
2322,0.17766587247500065,0.14021558566643377,5.0,5.0922956552577325
2323,0.20519029758386376,0.16370841565128003,5.0,5.087233164622713
2324,0.253533600053653,0.20369753415703928,5.0,5.083018944153075
2325,0.33030328366435846,0.2601257828922279,5.0,5.08346746334472
2326,0.2864276591042836,0.22660566703797314,5.0,5.071137069033442
2327,0.2854355103457089,0.22459011030310583,5.0,5.079506937330116
2328,0.10936034604994749,0.08633134592272973,5.0,5.091176416036864
2329,0.2775673593883108,0.216422386333897,5.0,5.080058117145647
2330,0.27439112857696935,0.21419462878998585,5.0,5.087323808315247
2331,0.3486526396547831,0.2689010314128987,5.0,5.077890306599064
2332,0.16300051546187477,0.12774499048204813,5.0,5.084130178968156
2333,0.13553253470930215,0.12843826149510207,5.0,5.083815324793868
2334,0.2857626215551292,0.228775530080932,5.0,5.072558352849477
2335,0.28165311660423575,0.22400427787057176,5.0,5.084550760977793
2336,0.25906392741224926,0.21138761363670544,5.0,5.086861970556988
2337,0.3380482940076328,0.26360505678844814,5.0,5.080601828064042
2338,0.16045901169560173,0.1253880021056053,5.0,5.077241175122236
2339,0.1234404935475355,0.0944458931343155,5.0,5.073832153209619
2340,0.1836384454569946,0.14723694737841098,5.0,5.082622275980357
2341,0.1859371075781091,0.14937912305101497,5.0,5.0
2342,0.24538512404097146,0.1937669574312214,5.0,5.075810488630497
2343,0.23997864078469355,0.18786552779423227,5.0,5.083110970118696
2344,0.253428897281609,0.19923953589505405,5.0,5.0916684972635196
2345,0.20980785842240568,0.16641574117397906,5.0,5.075550006481846
2346,0.2049929161003754,0.16562972040765012,5.0,5.055027006002559
2347,0.2159698424732419,0.16401712204513086,5.0,5.07333805323583
2348,0.33390553251099053,0.27064380714240743,5.0,5.0713035490108815
2349,0.30902849999738224,0.24178134444781396,5.0,5.077300747561662
2350,0.23740947029954973,0.18887334649085852,5.0,5.081447477271288
2351,0.1404311328280914,0.1111926134483665,5.0,5.07940178675379
2352,0.263790264056013,0.2081234769640803,5.0,5.069245818170618
2353,0.30685004080589295,0.24167795019992744,5.0,5.079780098868643
2354,0.17885140453932258,0.14429584516441984,5.0,5.083555946319427
2355,0.27421514585076734,0.21534927293981487,5.0,5.075549015690726
2356,0.205601795981309,0.15983705583007324,5.0,5.091110110858423
2357,0.3365723082697185,0.2640147526304386,5.0,5.07699627654806
2358,0.30817598878132224,0.24804174460241846,5.0,5.074881477865585
2359,0.1844976748146554,0.19470124730939098,5.0,5.0833874843524995
2360,0.27891479211133285,0.22069198815369107,5.0,5.0575776772695935
2361,0.2742131841969835,0.21697505937127248,5.0,5.073969168206949
2362,0.1398399523853704,0.10989695029294944,5.0,5.0847889773737265
2363,0.2385363603659072,0.20566815532424487,5.0,5.078983857488835
2364,0.2421393961456353,0.19232142847434586,5.0,5.071375382989869
2365,0.17732478710155108,0.1399890175487214,5.0,5.07728719530224
2366,0.22087404188557835,0.17495836535365406,5.0,5.080182585799227
2367,0.23430593145561796,0.18538920301833706,5.0,5.073515069190817
2368,0.18390682243422574,0.14459672667346601,5.0,5.077764729659551
2369,0.25326136754326645,0.19975912169420418,5.0,5.0813390606462505
2370,0.142951162250458,0.11201604928512632,5.0,5.075601279748616
2371,0.16445652916818698,0.1304468331913936,5.0,5.075448092228152
2372,0.0922856282016391,0.0725408446656487,5.0,5.073760348320526
2373,0.22410506932021712,0.1775462556869698,5.0,5.077918052594894
2374,0.25661421656140004,0.19229493557747568,5.0,5.094091228357138
2375,0.32520737582476356,0.26076418688726344,5.0,5.07995474512283
2376,0.28612149520652386,0.22562967231970033,5.0,5.0827028473796165
2377,0.19789502466412312,0.15376851260094582,5.0,5.073031800021557
2378,0.3261398641784372,0.25609247246053346,5.0,5.08105488208237
2379,0.16802382317454745,0.12167789012817953,5.0,5.0806043070997475
2380,0.20680755754195768,0.1610035384719941,5.0,5.093980654478036
2381,0.22391178981928794,0.1748928063801749,5.0,5.069375730261694
2382,0.1518870766985425,0.10271263678717601,5.0,5.080214644255729
2383,0.1042522936678576,0.08008709280837811,5.0,5.073417914378844
2384,0.22219348735854405,0.17556616027264693,5.0,5.065775769612921
2385,0.455281401359926,0.36957261382415085,5.0,5.085218432229093
2386,0.35831927936688923,0.2826668377577244,5.0,5.08384388913746
2387,0.13610531124132552,0.11099481196811911,5.0,5.067543885019656
2388,0.2548851010900359,0.2378564057274598,5.0,5.077854231222956
2389,0.13401405048157988,0.10516356445573671,5.0,5.087128754712049
2390,0.2230461788332876,0.17534457128522685,5.0,5.085805908520147
2391,0.32403541743871966,0.25451589482717374,5.0,5.084329719259477
2392,0.14032605526741948,0.10942610337089087,5.0,5.0805000919673216
2393,0.2246272078958027,0.1785640526145299,5.0,5.084722369463641
2394,0.3461826296598063,0.275798114411518,5.0,5.0763539791297685
2395,0.23797887483046276,0.1880425118533191,5.0,5.073754165080793
2396,0.20540474392682406,0.1649611544148043,5.0,5.077268502959402
2397,0.16667353618092307,0.13002711009610535,5.0,5.06931204428553
2398,0.1253399014100749,0.10292421110671424,5.0,5.076985426281881
2399,0.203037407289266,0.16924578104523147,5.0,5.074463767534718
2400,0.13778215671797667,0.08492714932850998,5.0,5.087104084819423
2401,0.1601722239496537,0.1288811974143207,5.0,5.068410342330356
2402,0.32599399592339506,0.2664355993475953,5.0,5.075807273405903
2403,0.28045674040529,0.22816895235302437,5.0,5.067754815210064
2404,0.35830207875505304,0.28985471373720184,5.0,5.082423197335011
2405,0.21126766950731213,0.16795975527423646,5.0,5.07920706504458
2406,0.14055746325072715,0.11517401135545313,5.0,5.073408938137609
2407,0.4019176798157993,0.31849451062453826,5.0,5.0738259862545565
2408,0.11010193809986935,0.07293868496558864,5.0,5.06900863405269
2409,0.24926954836156034,0.2026025251474346,5.0,5.091612929135616
2410,0.14488560775325032,0.11801946243294115,5.0,5.075866251482823
2411,0.2822158799383314,0.2258245477095393,5.0,5.075879938494117
2412,0.13571457537141618,0.1083277588428182,5.0,5.07045201719988
2413,0.17938326744766364,0.14468898842155942,5.0,5.076072506970997
2414,0.20591378738597865,0.16808467744329914,5.0,5.0719116921536145
2415,0.14095849751531442,0.12899190819277173,5.0,5.064589465812412
2416,0.1872530927580911,0.15556261076499012,5.0,5.067639159671566
2417,0.3119569699172178,0.2628546071172875,5.0,5.0713517787720175
2418,0.23220518891207909,0.1860739785231489,5.0,5.07277253773478
2419,0.18554536547231604,0.15328609025361084,5.0,5.073974052532471
2420,0.20882100453497898,0.1718197580016163,5.0,5.0727160706009755
2421,0.13920561084339766,0.11059263310355982,5.0,5.070850100639577
2422,0.3110816782712571,0.25224200805641406,5.0,5.07302312501424
2423,0.2914151849253188,0.23678922800911062,5.0,5.0806348236843135
2424,0.10617063688847561,0.08653532635887995,5.0,5.065980141866735
2425,0.20279549212653092,0.16500230968028906,5.0,5.067743599704091
2426,0.25925461756820756,0.21143255488209733,5.0,5.070730412003366
2427,0.12924699129797879,0.10627853077535798,5.0,5.067825092022122
2428,0.14766484384901823,0.1211985100111942,5.0,5.063371039513296
2429,0.2836620807891881,0.23652698117322313,5.0,5.074392885806853
2430,0.2734426662575975,0.25770624769778383,5.0,5.075982150447134
2431,0.2500746511673704,0.1921583109258429,5.0,5.053895042343912
2432,0.46854244668270706,0.37914739668029873,5.0,5.08148763989948
2433,0.2821870255370138,0.22672327599481745,5.0,5.046182629942226
2434,0.2637604629925132,0.2109311954885824,5.0,5.071765857883408
2435,0.1919357967558668,0.1533443925971778,5.0,5.057540388556818
2436,0.2003921030265059,0.16490968122119765,5.0,5.074483069525106
2437,0.18321323964456582,0.1541139916665012,5.0,5.065661208615584
2438,0.21026411762727126,0.16611724940992167,5.0,5.073352230930412
2439,0.16875360869247968,0.1349244346682814,5.0,5.077055006765088
2440,0.3201819379895816,0.2562710911534287,5.0,5.072082326322507
2441,0.24010827779347865,0.19688101139044978,5.0,5.085970923327601
2442,0.22395205938698215,0.18029426788420388,5.0,5.072910532545665
2443,0.2251963011078848,0.18333534363536663,5.0,5.069274510411601
2444,0.22829858591441043,0.18765087340103115,5.0,5.069428271035328
2445,0.16489770038005136,0.13013531330344474,5.0,5.064671570666324
2446,0.25525187333053423,0.2093553976823923,5.0,5.071779986567728
2447,0.18573654763779301,0.14226971816787848,5.0,5.072917991297219
2448,0.2556141259732476,0.20527706803623036,5.0,5.071518327351132
2449,0.3379674549316505,0.2725360910007424,5.0,5.113878100789613
2450,0.23579976458417073,0.19024728093642818,5.0,5.071812922979042
2451,0.21842555442069234,0.17857189146974628,5.0,5.041904164424258
2452,0.2658493770166841,0.2181954873978138,5.0,5.0669353234907355
2453,0.26727342882109517,0.21662389779777325,5.0,5.070864982767951
2454,0.37016437155587334,0.25663344151495737,5.0,5.074044561181461
2455,0.21210175783202856,0.1689177492441275,5.0,5.06691809424848
2456,0.17747945728037529,0.14011916854610695,5.0,5.055945636506669
2457,0.3083913765765982,0.24988626414392812,5.0,5.070054653683584
2458,0.29487753074110823,0.238884054054874,5.0,5.067809558719123
2459,0.21060765521979796,0.16898257000003136,5.0,5.069912340719576
2460,0.36453206847940356,0.29698589338481707,5.0,5.072455214161344
2461,0.21927469581960568,0.17920820664599002,5.0,5.0775725831223095
2462,0.21303322862917096,0.17432458266022355,5.0,5.078844563191343
2463,0.14786392584651487,0.12107370212202584,5.0,5.072733561108027
2464,0.3355489155994311,0.2676430103245493,5.0,5.074431648713311
2465,0.1951009457138333,0.1615629654916344,5.0,5.075103898962592
2466,0.29748137910555994,0.24223218413881342,5.0,5.061598237203997
2467,0.2764708160233451,0.22292164998764652,5.0,5.065640339089272
2468,0.2943198778602152,0.2466547865259494,5.0,5.069189328458359
2469,0.1689246135001361,0.15319762441296836,5.0,5.064042092576919
2470,0.20815231720127936,0.17040536069139733,5.0,5.074007982539577
2471,0.17477313918818993,0.1788403015267026,5.0,5.082245992290346
2472,0.3060181515958502,0.24715322367851433,5.0,5.077945963711334
2473,0.17463944286244382,0.14943979544041786,5.0,5.067462305095489
2474,0.2246287897440158,0.18419628964444668,5.0,5.07321248471464
2475,0.19349440620677294,0.16112190462397225,5.0,5.064166813772966
2476,0.23638911410153862,0.18844785372673734,5.0,5.065974476795532
2477,0.29418067479621124,0.16169309810248267,5.0,5.0891576008330475
2478,0.29242726370797745,0.2362651920043235,5.0,5.076037751947711
2479,0.13817482782824508,0.11025397786085112,5.0,5.07686022204533
2480,0.2913882632516196,0.23909023595614576,5.0,5.063236328916565
2481,0.23627766001253314,0.1934822207052045,5.0,5.070712138264684
2482,0.18674289700008928,0.15189049326382165,5.0,5.070640141050715
2483,0.36052932516606684,0.2917021307270984,5.0,5.067364825919283
2484,0.2193594783137447,0.17528962485530508,5.0,5.073578660882259
2485,0.15546957814904516,0.12345035691235906,5.0,5.0780467576316735
2486,0.31268861133638604,0.25389551915042974,5.0,5.073262287409266
2487,0.3162634223743097,0.26068546970490636,5.0,5.069776339200125
2488,0.21330335481390028,0.2250227455227789,5.0,5.070797318022926
2489,0.2181574455120625,0.17720987479618966,5.0,5.073378410729923
2490,0.21244384074316436,0.17165788075811506,5.0,5.075436692809392
2491,0.29398026360150564,0.23627809182846238,5.0,5.076860041048619
2492,0.3246555183578492,0.26129857967275205,5.0,5.075468763288233
2493,0.22767834167183776,0.18636862723030534,5.0,5.070094281271054
2494,0.23778320855749135,0.18502272871332281,5.0,5.07036199797235
2495,0.36111337831381696,0.30941763807534417,5.0,5.0729085895109005
2496,0.32724549852537455,0.263906338690977,5.0,5.067899268154203
2497,0.1832707533995397,0.1555290773813922,5.0,5.070587811236216
2498,0.2140242608733578,0.16610178393369845,5.0,5.071985214580108
2499,0.23372538139402055,0.1893083539321465,5.0,5.070012530833177
2500,0.22331015887435557,0.1984632792051011,5.0,5.072365551035469
2501,0.17613658334016846,0.14045779946461834,5.0,5.070361883272785
2502,0.18772321450277718,0.15213214346037218,5.0,5.076535349141018
2503,0.2096913089435486,0.17326386102436997,5.0,5.07268288618528
2504,0.25429177563644845,0.208808563973516,5.0,5.075418381160937
2505,0.09755247221694363,0.0813391975404405,5.0,5.076007860177443
2506,0.2635797444947203,0.21494029092923517,5.0,5.06378801461473
2507,0.1435116997278445,0.11329445906429525,5.0,5.07903971972012
2508,0.28987646656594945,0.23320093849671597,5.0,5.075657788311512
2509,0.19413042014705972,0.15344673975029433,5.0,5.073390194006482
2510,0.36810838068607943,0.2981822732475736,5.0,5.07428852063339
2511,0.06102583054999111,0.050873680566358326,5.0,5.065917789359302
2512,0.18097544881838545,0.1490810056090821,5.0,5.0760615732777215
2513,0.31181446910053645,0.253531809788893,5.0,5.077208709713075
2514,0.213935554887851,0.17565950159026922,5.0,5.069510155898769
2515,0.2668191277736929,0.23060915846115448,5.0,5.080747387950204
2516,0.12661899137543164,0.10537593743126572,5.0,5.06748170338307
2517,0.22122101957257123,0.18067643759673224,5.0,5.076325216917663
2518,0.30654833015627303,0.2380054837893214,5.0,5.0693205354250725
2519,0.2635075443784882,0.21578856192815654,5.0,5.060986713003146
2520,0.23685871965402927,0.19206456294633867,5.0,5.066777585132094
2521,0.21075690541495873,0.16535373062201675,5.0,5.087350120276035
2522,0.24884677733297655,0.18964578428153,5.0,5.068140215570782
2523,0.14726860022957355,0.11707635084359658,5.0,5.099862105521993
2524,0.27923166624843376,0.22723495158812546,5.0,5.07457459580559
2525,0.19685122626802687,0.15368191122620156,5.0,5.077221152863709
2526,0.22436436633982115,0.17646332402868636,5.0,5.072446697168109
2527,0.31883457842335505,0.2611807479746655,5.0,5.073246840207926
2528,0.26516475351236934,0.2117423334372568,5.0,5.070477181594404
2529,0.24452630943356768,0.20620061339592644,5.0,5.055282457351096
2530,0.3312507122112127,0.2696470044289081,5.0,5.068193942965635
2531,0.1738969955543641,0.15109324016653658,5.0,5.0743660841606175
2532,0.189660881257548,0.15366492190555714,5.0,5.066600716203036
2533,0.2043094120482618,0.167523672726673,5.0,5.064303087664772
2534,0.1502282754387383,0.12167350009831135,5.0,5.074576573163974
2535,0.1425260389005567,0.11826680532416933,5.0,5.068243280896718
2536,0.35817853013090595,0.2879246289412045,5.0,5.067906851101753
2537,0.3086648582588609,0.2477867966217311,5.0,5.079623845891721
2538,0.23688987702893938,0.1936259633457964,5.0,5.077395738632635
2539,0.18006843235578218,0.1453091073966184,5.0,5.078365302722263
2540,0.16963794572705004,0.12808393812271246,5.0,5.065317920054211
2541,0.3574845399442699,0.29077227798266336,5.0,5.072349806871186
2542,0.24934771396821254,0.2016143193299329,5.0,5.072873611297535
2543,0.2359835638076262,0.19120100627915404,5.0,5.078147298017406
2544,0.10420506377960725,0.09415959288072318,5.0,5.0652657614248575
2545,0.34159287369631475,0.28460157140504583,5.0,5.064696309001953
2546,0.1466890718485674,0.11908943518795811,5.0,5.080104000198347
2547,0.31541852924779845,0.2584605418521213,5.0,5.085626277520108
2548,0.22713160943649635,0.18302635620128527,5.0,5.0721838544034
2549,0.42350904113465426,0.31334725083306747,5.0,5.082455147658447
2550,0.254729528333862,0.20923326551175814,5.0,5.073322064637402
2551,0.3486677569988643,0.28373097234504374,5.0,5.073535273415679
2552,0.15608379966285457,0.1332993304457778,5.0,5.063203331382988
2553,0.27714348097345276,0.22580634995922755,5.0,5.071935195406079
2554,0.23011450172435466,0.18827190527839854,5.0,5.064588253001547
2555,0.1980798381085369,0.1622095166945896,5.0,5.080413118106444
2556,0.21223823924407603,0.16306375952954455,5.0,5.107343047300423
2557,0.3397477804339111,0.2806698466405877,5.0,5.066650689708867
2558,0.1701039225392682,0.14680630682295615,5.0,5.074930516416183
2559,0.2893539502244966,0.2325698563244487,5.0,5.069510936711978
2560,0.33854110851223407,0.27838416032345714,5.0,5.079973901377679
2561,0.29039306771161755,0.24093305258228903,5.0,5.06938852882544
2562,0.15239546216020283,0.1220423456401547,5.0,5.073855440774304
2563,0.3077783052465868,0.2616391426267184,5.0,5.062652558251166
2564,0.25338727537607264,0.20425194335085994,5.0,5.075308653360926
2565,0.4941216204052399,0.40191749094883056,5.0,5.0796401359960175
2566,0.15436695724667815,0.12548914971565883,5.0,5.063618844261031
2567,0.18318761733500577,0.14850405229557873,5.0,5.0753124972252905
2568,0.27606622202111275,0.22314869297764273,5.0,5.081068893921632
2569,0.1520509292117136,0.11971256876876302,5.0,5.079388877744604
2570,0.3078642381597061,0.2464311463901261,5.0,5.0548623537036175
2571,0.21661948283024146,0.17543086215055403,5.0,5.070175439823652
2572,0.24618694600193547,0.195925474924023,5.0,5.068449099124095
2573,0.07920871918435601,0.06567855242498633,5.0,5.066793335219426
2574,0.3385969090108467,0.2768650728812405,5.0,5.068887037490288
2575,0.2945606827973457,0.24034032377366554,5.0,5.068716734843912
2576,0.38535984729112127,0.3158181254159882,5.0,5.07140957447203
2577,0.318562974717705,0.2636956062027913,5.0,5.045058547562649
2578,0.22968085795149573,0.18546026840638152,5.0,5.072074904932773
2579,0.19570931068138364,0.13088957731175,5.0,5.040627321189923
2580,0.3157220536453711,0.2388017674258507,5.0,5.083113642343848
2581,0.22942396941397702,0.19085982036593552,5.0,5.074351802068673
2582,0.24299706752893302,0.1981818028509088,5.0,5.082360738198082
2583,0.25775347490716394,0.20889672324339303,5.0,5.071906448218435
2584,0.20722526623107074,0.17091742478936367,5.0,5.067365359892904
2585,0.22559231337046115,0.18240067776652968,5.0,5.082609391086859
2586,0.27833261693858224,0.22383947571503948,5.0,5.0681642006234195
2587,0.3264222927544955,0.2672794429272205,5.0,5.078519663148251
2588,0.18048022140747566,0.14502668863256174,5.0,5.074014556525732
2589,0.23476598755736577,0.19045417548385157,5.0,5.0846934229611485
2590,0.21563095669891963,0.1786503321725108,5.0,5.074175393150027
2591,0.2184153988457589,0.14945451431306722,5.0,5.067067016805957
2592,0.06871203003049353,0.04613448682338628,5.0,5.057278450944311
2593,0.3992085725417436,0.3170593206818577,5.0,5.0787427407433405
2594,0.1802802469698468,0.14754112094088534,5.0,5.065204737711619
2595,0.2708789273034977,0.2030410742341302,5.0,5.08319710222251
2596,0.235379517103945,0.19028327966001712,5.0,5.0714378847426556
2597,0.17203869703778119,0.12873476266975792,5.0,5.078821766621928
2598,0.2717735531159191,0.22522220656028313,5.0,5.06529344080584
2599,0.29022042064527764,0.2424589183585255,5.0,5.066468180301831
2600,0.307053466231614,0.249923440281407,5.0,5.074415387361677
2601,0.3578907390097097,0.2992462530445713,5.0,5.06355730477086
2602,0.1800978164019995,0.1448880300725326,5.0,5.076123059278936
2603,0.2499627687578032,0.20476429702883192,5.0,5.074209341426252
2604,0.2558903256088527,0.20787626144996718,5.0,5.06540166715423
2605,0.19686234690726612,0.17070151462901473,5.0,5.068873337978994
2606,0.4717439901253564,0.38099956886435127,5.0,5.069480296099682
2607,0.3121069123667335,0.25691209790347136,5.0,5.07010462100391
2608,0.3739780117719227,0.3015192050830082,5.0,5.07377075214662
2609,0.1265666666358618,0.1012229635119386,5.0,5.076552281336646
2610,0.2509728300891243,0.20396893801628113,5.0,5.069834473216499
2611,0.3384606408303248,0.27536057990421425,5.0,5.071355646080962
2612,0.25783877609470696,0.19959093361834146,5.0,5.076550530829005
2613,0.251927273608221,0.2062082860145984,5.0,5.0715979786441245
2614,0.2344076588253201,0.1913610236401866,5.0,5.069396435338733
2615,0.12227883342697199,0.10032118430902615,5.0,5.086471362386655
2616,0.24511902512271577,0.2049080652671924,5.0,5.067060902250988
2617,0.29669468430936585,0.24191247287327622,5.0,5.062923539631008
2618,0.24890928217641828,0.19824644613225928,5.0,5.070867666106373
2619,0.3008563710174299,0.24631410420190436,5.0,5.062838269316243
2620,0.16300699396600238,0.13609777852183624,5.0,5.080693603725823
2621,0.2938785378610935,0.24037515776622165,5.0,5.0753008198598515
2622,0.12953838775815885,0.11281193864552863,5.0,5.075798537410989
2623,0.17214586894201878,0.13214360509535927,5.0,5.063147163826853
2624,0.11890224988491171,0.0950732511437915,5.0,5.075993600303237
2625,0.287441585257443,0.22917772810407366,5.0,5.0
2626,0.1908598346224184,0.16221382590203848,5.0,5.0695850547480426
2627,0.25097368816699084,0.20227300779252055,5.0,5.070880729644198
2628,0.2544622426912644,0.19525920603879665,5.0,5.067504083240291
2629,0.29807401236682773,0.24325557905514472,5.0,5.059132520616627
2630,0.17995547793977162,0.1471266897952055,5.0,5.076869300449349
2631,0.3101774322988786,0.2573191758293998,5.0,5.067934039220772
2632,0.19209563036675226,0.1593551940827418,5.0,5.0641935836436325
2633,0.21747920937885956,0.17736759724614504,5.0,5.075409670818836
2634,0.1965332503478785,0.15631206732145664,5.0,5.065796967113849
2635,0.26329407724768594,0.2063233022807931,5.0,5.06431344991265
2636,0.23064225759262613,0.1873335621106067,5.0,5.067287074036804
2637,0.21380025379957046,0.17175212279222585,5.0,5.0798161371035455
2638,0.3736230481539302,0.3012879180569392,5.0,5.072370653717018
2639,0.3252669809164901,0.26591415283630704,5.0,5.073663639564501
2640,0.301211397842309,0.24280849817282601,5.0,5.068973810055786
2641,0.196767926727621,0.15916544403187594,5.0,5.072856782431767
2642,0.3651004995199221,0.29639213127397757,5.0,5.070520756934442
2643,0.1281173850980577,0.10620179619355152,5.0,5.073384475236518
2644,0.22673457407529796,0.1862512756096022,5.0,5.074991637954325
2645,0.29176710681885676,0.23664592564923226,5.0,5.074536890836514
2646,0.22392297690443308,0.18421818527761946,5.0,5.071405042363484
2647,0.30560348724832376,0.24972810490156994,5.0,5.06699744374802
2648,0.2616820261526085,0.2095531149484806,5.0,5.0
2649,0.2500033460066473,0.20358934662910133,5.0,5.060542663470269
2650,0.3764691455121445,0.30019878019715707,5.0,5.067325100111564
2651,0.3650315955199288,0.2625765216123518,5.0,5.073703001536636
2652,0.2129164695136807,0.1739683527267024,5.0,5.089191721217352
2653,0.2602014112296509,0.20785901616030555,5.0,5.077632639772061
2654,0.15397847657428976,0.12279492672702363,5.0,5.080947707469381
2655,0.1844570610328573,0.14204896775881182,5.0,5.075268071140853
2656,0.3230544337154324,0.2600091403578977,5.0,5.079227809787259
2657,0.27324382204665976,0.21766217848845404,5.0,5.073372660572808
2658,0.13463761412377506,0.11038599149941364,5.0,5.068359793429229
2659,0.2502038716174435,0.1959254243843387,5.0,5.084040413839812
2660,0.404508116971114,0.32926047209010423,5.0,5.101184260754907
2661,0.16481998720193736,0.13232735381690408,5.0,5.0782408518120725
2662,0.26944279546789973,0.21925444450362008,5.0,5.064930566861809
2663,0.3276361100209071,0.2623807683291529,5.0,5.061386098253395
2664,0.19303375668199663,0.1551809471356631,5.0,5.062121864868141
2665,0.20257209020996259,0.16337422705474602,5.0,5.069448968442698
2666,0.10937269944104888,0.06154739569587586,5.0,5.071408450971697
2667,0.3222989887307921,0.2620136463151618,5.0,5.071201025474297
2668,0.09886143926513768,0.07415115265177885,5.0,5.067603763057509
2669,0.20265237834302585,0.1609746706190165,5.0,5.079151151862993
2670,0.17415510457078587,0.14253487529919995,5.0,5.071196075555999
2671,0.16855548042313906,0.144150887802734,5.0,5.067872314150206
2672,0.14673466824806014,0.16877519814801933,5.0,5.064691331491398
2673,0.18452912616503525,0.14906544657105059,5.0,5.070801705880008
2674,0.11974776444364132,0.09562827181335576,5.0,5.061440667733779
2675,0.17785841718778772,0.1469975797170917,5.0,5.075624000425565
2676,0.12103077130272011,0.09627247946501338,5.0,5.071954815904549
2677,0.23915292796823384,0.18895061626127907,5.0,5.067870377791053
2678,0.16423215461247875,0.1347031970791044,5.0,5.075522460503388
2679,0.2474506660364948,0.19924172406243512,5.0,5.0704127321499115
2680,0.18827943167999384,0.14372807141018518,5.0,5.062408528061644
2681,0.32375234224598093,0.2660267405154859,5.0,5.074050303407516
2682,0.1880445020512611,0.15699540961205138,5.0,5.070190530153953
2683,0.2920098647004483,0.2296088652193925,5.0,5.067723336274179
2684,0.20749514236943978,0.17100472993984495,5.0,5.069459079767924
2685,0.14248699758356498,0.1238008903101886,5.0,5.064883934854709
2686,0.23110050914347724,0.1872333820854516,5.0,5.067017211989837
2687,0.1649483324607619,0.13613894564065654,5.0,5.075544162731749
2688,0.20079448856264204,0.16479269982152267,5.0,5.066955221003839
2689,0.17179012275154526,0.13936545830020453,5.0,5.059248232768807
2690,0.1621955140348459,0.13335885091343613,5.0,5.0659342369288485
2691,0.206021914656368,0.16930232824096692,5.0,5.062193763445766
2692,0.40964279021961136,0.3313179155147298,5.0,5.061325240010506
2693,0.27027892871469894,0.221184213192404,5.0,5.0785416656190385
2694,0.1324008053301453,0.10842145831272898,5.0,5.079938092660372
2695,0.10547632123902706,0.08890164321722405,5.0,5.070423181017523
2696,0.12403066699003773,0.1115174375299377,5.0,5.0765204747958315
2697,0.17271949796695085,0.14048018382909344,5.0,5.071744194169456
2698,0.34346459479816693,0.28232011040480276,5.0,5.0736000438766204
2699,0.18300728120019594,0.14873450440746128,5.0,5.0733421107113585
2700,0.2997822842268192,0.24898362699333132,5.0,5.062773605345869
2701,0.2144823868356016,0.17372651816067752,5.0,5.060606622817545
2702,0.248865194961714,0.2036866221408793,5.0,5.075417887914062
2703,0.2750746300642992,0.22456222456830088,5.0,5.066023950773113
2704,0.20678935063012527,0.17267222004835125,5.0,5.08292675398085
2705,0.2563697570652823,0.21020943736306252,5.0,5.071049962946397
2706,0.14412690212946888,0.11821052041630997,5.0,5.073587800583237
2707,0.1559634213622243,0.126279601175884,5.0,5.073595548293879
2708,0.2667606414546826,0.21601392152236665,5.0,5.07906322057174
2709,0.21818249528133649,0.17674886708144377,5.0,5.065925998398297
2710,0.21788257634997565,0.18664602470294933,5.0,5.066955149037309
2711,0.25307126529017165,0.20505698143996565,5.0,5.067152390347722
2712,0.1765377397561656,0.13800824435490866,5.0,5.07075119586796
2713,0.16644483647745667,0.1348742684510159,5.0,5.063604404408455
2714,0.19038149078252453,0.1538318946546695,5.0,5.07104569227919
2715,0.18887937131368804,0.15507336062891164,5.0,5.076891787379516
2716,0.08684674043234941,0.07102376577135017,5.0,5.055454387773004
2717,0.22445989612315564,0.18511716188851146,5.0,5.064192956991409
2718,0.2584241136764889,0.2088854076321165,5.0,5.0767443246204635
2719,0.31465389707991376,0.2582724603439851,5.0,5.064097945003647
2720,0.24750347533386163,0.19029999848761292,5.0,5.073589053699781
2721,0.3057828127014517,0.2631278306624254,5.0,5.074334973760539
2722,0.2951757762207621,0.24112061219420322,5.0,5.064978004177378
2723,0.3158459245104761,0.2659138467444567,5.0,5.063664148700511
2724,0.31855522891526045,0.2632129806321253,5.0,5.072119765815604
2725,0.2085400818738148,0.17344918180018531,5.0,5.065410548410716
2726,0.09995761722720875,0.0824522004303414,5.0,5.068598196446814
2727,0.19460614650137886,0.1571130685511387,5.0,5.0703371529663155
2728,0.20118109157511355,0.1636605136111522,5.0,5.059627020199002
2729,0.06874206625658008,0.05294713273406515,5.0,5.073406677678527
2730,0.3032349859239649,0.24606764479587406,5.0,5.087795771536223
2731,0.31082686282853467,0.26000387543628733,5.0,5.073289710955793
2732,0.3239408523210876,0.2646624936598212,5.0,5.064056356282265
2733,0.24534848909117768,0.19785609294711626,5.0,5.071555689697345
2734,0.30955698793085173,0.25305259737482166,5.0,5.081136023414343
2735,0.3612940901571646,0.29493132853397297,5.0,5.079729830701387
2736,0.17281655628277748,0.1433463900957226,5.0,5.07678696906555
2737,0.14252063252260627,0.09106272954304906,5.0,5.076968112068432
2738,0.2654171712775528,0.2151988843837781,5.0,5.062128177932763
2739,0.23941702769529027,0.1939710467289013,5.0,5.073201393820375
2740,0.26910331775504526,0.2195698664026916,5.0,5.069295425868168
2741,0.16942161869016226,0.13838746545703307,5.0,5.065849681547476
2742,0.245002355310332,0.1977462652551436,5.0,5.074827792379937
2743,0.22909087328767086,0.18292675880306652,5.0,5.066253334688877
2744,0.2068853450100432,0.17037394127773642,5.0,5.069257748410347
2745,0.3666924291551821,0.29464952563447877,5.0,5.075000607112461
2746,0.11834436484430277,0.11922477984313429,5.0,5.101430967575498
2747,0.259018741051841,0.20217556127451686,5.0,5.076160510853196
2748,0.28754996758327045,0.22791225496317102,5.0,5.065388403894273
2749,0.34281779638032917,0.27694001965839066,5.0,5.077892890391151
2750,0.21468832510292257,0.16792842991551082,5.0,5.0760079340239805
2751,0.19210625798873848,0.152238657848085,5.0,5.050234001905354
2752,0.18721407094476383,0.15042470075759318,5.0,5.079029970667248
2753,0.2731426420230443,0.2149093611880546,5.0,5.077137616956726
2754,0.11013130049879694,0.10168150834453904,5.0,5.084121229168801
2755,0.279859920103271,0.22411417600593553,5.0,5.067973334020586
2756,0.12518279562857582,0.10660597009933903,5.0,5.070219526114483
2757,0.4014873926649656,0.323132668106897,5.0,5.072992695041645
2758,0.1650835551776184,0.13691478239233623,5.0,5.080170977052347
2759,0.36975803449669553,0.29137285662754264,5.0,5.077401419204701
2760,0.23053965011189836,0.20189506023363935,5.0,5.089856396999837
2761,0.2701587952057114,0.2274675832916524,5.0,5.07928864074457
2762,0.14290565009389633,0.10076295189836748,5.0,5.07717976991799
2763,0.26860400078433666,0.21067521412504475,5.0,5.080850573227487
2764,0.21125416068496494,0.16274307078813433,5.0,5.080810680585488
2765,0.2278605737583439,0.18475585521062676,5.0,5.0671359129809
2766,0.21951583363122085,0.16949727299039274,5.0,5.0867781246294275
2767,0.3012088333708953,0.24404109522159778,5.0,5.071571486519968
2768,0.22151578206591904,0.1550520370897217,5.0,5.072336983049821
2769,0.39340495858555546,0.31642916237353047,5.0,5.083523778209038
2770,0.26606356074704096,0.20902368941034366,5.0,5.088226485854861
2771,0.2606609831296596,0.20827038546480559,5.0,5.0
2772,0.162887296993665,0.12449273556192142,5.0,5.076749597970469
2773,0.2179632852227984,0.17474359958546015,5.0,5.070671833112659
2774,0.2373113839508767,0.1866099545983284,5.0,5.079531097524637
2775,0.23764352032108205,0.19270981233422946,5.0,5.077966025817382
2776,0.2410571278455984,0.18766998570891347,5.0,5.068304974574058
2777,0.24448786541765966,0.19736162566262827,5.0,5.0801557227554905
2778,0.24654081128017657,0.16743321632720254,5.0,5.073185681245098
2779,0.26475862775098347,0.21234026100074543,5.0,5.088546100620359
2780,0.2588723317275008,0.20767454201981583,5.0,5.066475001741342
2781,0.3396031455167081,0.12297330681809049,5.0,5.084972705912545
2782,0.32971925260939217,0.26277042863297384,5.0,5.071649970530627
2783,0.15286961705393698,0.10341476416312712,5.0,5.0824820763368095
2784,0.21036659948717595,0.16803057569564073,5.0,5.0655359317842485
2785,0.25301815656995963,0.1934287448457186,5.0,5.0901930686131
2786,0.20571258000258452,0.16822080891769242,5.0,5.080074578543652
2787,0.225035172544916,0.15357510993628654,5.0,5.081337366640284
2788,0.28026834269477163,0.2160638146079532,5.0,5.087445611806372
2789,0.17473579014740714,0.13744114349802516,5.0,5.074599432209714
2790,0.2195726530346933,0.18483891956622978,5.0,5.07742557665229
2791,0.21617908426464805,0.1679633674034149,5.0,5.081462616973171
2792,0.36741949505153415,0.2912577519059829,5.0,5.080214465697281
2793,0.3931518751488916,0.31643952562790023,5.0,5.0779068653236425
2794,0.22040047840061505,0.16952167624463765,5.0,5.072252900739507
2795,0.22316145680122212,0.17015025391866612,5.0,5.0953419672810085
2796,0.22842482002653663,0.1813920112993963,5.0,5.081477974149742
2797,0.19324161880508806,0.15975935545318676,5.0,5.072937715590733
2798,0.20886465389962994,0.16644848533655454,5.0,5.07436822488005
2799,0.25022844189490834,0.201459750421616,5.0,5.079362472948397
2800,0.19427825120349618,0.1716169739073674,5.0,5.0838686761920115
2801,0.24343676677177162,0.18772873332820006,5.0,5.075737583265498
2802,0.09685209703899345,0.07350151582901976,5.0,5.074698796648303
2803,0.18996829804614035,0.14682171484112527,5.0,5.0663290270473205
2804,0.13861317986513555,0.11126552853241245,5.0,5.08029482757463
2805,0.3005089289531586,0.241999382626912,5.0,5.077132601854153
2806,0.31227254831325624,0.23600406121206874,5.0,5.076738539351213
2807,0.19759315002532007,0.14776257918093694,5.0,5.072747100236965
2808,0.23109965899503493,0.18549737516201514,5.0,5.072551598628774
2809,0.19790282249110458,0.15685209099858866,5.0,5.0715994935895825
2810,0.21998755557566807,0.20485846187891943,5.0,5.06908170649651
2811,0.21970140055117549,0.17571941373267153,5.0,5.07729473820838
2812,0.22043483065154668,0.2487381149905301,5.0,5.082429535521609
2813,0.25296252838428734,0.20270383240239054,5.0,5.070914667249253
2814,0.1695797652811104,0.13809354774669202,5.0,5.074845237883743
2815,0.22133645913150968,0.1771743226298379,5.0,5.063595919920898
2816,0.15946637562507027,0.12398178798258563,5.0,5.072273449688165
2817,0.2849770877354043,0.20274282156812018,5.0,5.088154468954764
2818,0.13301163054140153,0.1034952610079597,5.0,5.074391077878824
2819,0.40337360754778806,0.3186054414809827,5.0,5.075951223512112
2820,0.32366662997507323,0.25529196906033036,5.0,5.067036359358861
2821,0.41886163803321375,0.32994121620853656,5.0,5.074128944859009
2822,0.23546205251149632,0.18821472561830155,5.0,5.0798142875779995
2823,0.13333547786343902,0.10852434962915147,5.0,5.070033275110548
2824,0.10118063846861647,0.07601907149422626,5.0,5.064928171090344
2825,0.15424171606644244,0.1281983331377906,5.0,5.076906625890647
2826,0.1303613342111949,0.10821952117255673,5.0,5.080741896943266
2827,0.32784762151495994,0.2631268605861088,5.0,5.080555828256079
2828,0.1992800660378813,0.16402033965998408,5.0,5.071101302876935
2829,0.22983654583128033,0.19400098876798577,5.0,5.0700779150575315
2830,0.20247012124565855,0.15399361380605514,5.0,5.081905820168053
2831,0.3792363710512243,0.2785020029189835,5.0,5.0920447137766
2832,0.1454546487322046,0.12004890214743247,5.0,5.072128205098423
2833,0.23037876236530108,0.16917338574562923,5.0,5.072841998617221
2834,0.2250260507354227,0.17463361680168743,5.0,5.077477630984983
2835,0.07993827860019898,0.054021093777735896,5.0,5.07848493729969
2836,0.1608058220827322,0.13138919004093652,5.0,5.0689817952226335
2837,0.23205739868074815,0.18300582663104215,5.0,5.0740830900381795
2838,0.35099906239285583,0.2844495823973283,5.0,5.061226892025896
2839,0.3444061238744669,0.2763195201985038,5.0,5.075625176357095
2840,0.16548890328327936,0.1353946453783832,5.0,5.076380997020902
2841,0.2687327695625046,0.23965831182935116,5.0,5.083851660879057
2842,0.14763003202345581,0.11583698098572925,5.0,5.069670620847937
2843,0.27604687194612976,0.22222852066106868,5.0,5.063093239510144
2844,0.35967318783563984,0.27977172292896735,5.0,5.0748276351338895
2845,0.23490961066896587,0.1836719423841089,5.0,5.070803233316337
2846,0.11181864897372562,0.07496307019466908,5.0,5.061013048982224
2847,0.16069892584723733,0.1287211878022112,5.0,5.073287417134074
2848,0.1833903523605771,0.16354001502133841,5.0,5.0831319089135985
2849,0.2182521593756559,0.17725316763739007,5.0,5.081554410041322
2850,0.1530244895754782,0.11816096292691358,5.0,5.064489207447567
2851,0.28352220195219147,0.2981829450257565,5.0,5.083401308545303
2852,0.2896094130856497,0.2327860735463525,5.0,5.064323579965189
2853,0.37089581805975014,0.301051976945391,5.0,5.078056828063335
2854,0.19553708052441787,0.17345673603778988,5.0,5.081537584314217
2855,0.251348208877485,0.18000415770566458,5.0,5.07999335833933
2856,0.28590711690668114,0.22627974596650935,5.0,5.0843210137128025
2857,0.17050451090946495,0.23898555050653858,5.0,5.074649979399508
2858,0.31146781527956247,0.24185992772139242,5.0,5.078004617915646
2859,0.3584667016866816,0.2844060124001099,5.0,5.077430876101081
2860,0.3323705652564952,0.26125450462190203,5.0,5.077194053338827
2861,0.21676706247681188,0.18130397432414824,5.0,5.0768341421650565
2862,0.27576167867282364,0.21157751285727833,5.0,5.085719718427004
2863,0.11107144615853937,0.09106386933708843,5.0,5.083948241965315
2864,0.17882226239985854,0.14986906623238483,5.0,5.073887869625304
2865,0.37993492555821784,0.2980592691067667,5.0,5.080616214258571
2866,0.4179284228194413,0.3361974537606861,5.0,5.077414570670324
2867,0.34058255803320003,0.27434858479923663,5.0,5.072759580285808
2868,0.120151441373052,0.0945564522742498,5.0,5.072148275326107
2869,0.24554943563124088,0.1823522206396817,5.0,5.071681063996989
2870,0.21661999900307638,0.1628957456712603,5.0,5.083099328292979
2871,0.1926911462633487,0.15426913632153139,5.0,5.074058389381548
2872,0.4295906483589791,0.34740504930091554,5.0,5.08199663267777
2873,0.211711346051624,0.1551724996412125,5.0,5.072124974053498
2874,0.07912337655207402,0.06412015281753436,5.0,5.073046753888875
2875,0.21062223144946524,0.16009451404411834,5.0,5.07936698725179
2876,0.10646387313312666,0.10242834770407128,5.0,5.07975255334463
2877,0.29443397367460755,0.24375344881342143,5.0,5.076522576175515
2878,0.24124212260607103,0.19791032429155375,5.0,5.0654837629223515
2879,0.21413442942825855,0.16605495166585982,5.0,5.068895987109157
2880,0.2623122733162837,0.22338970219086995,5.0,5.102123927980999
2881,0.326499244034298,0.2531382440437119,5.0,5.075866866393639
2882,0.11750016092565163,0.09041480268439361,5.0,5.073925050727155
2883,0.251287947590219,0.19019371053160306,5.0,5.0773625213390705
2884,0.309296522786058,0.24868486097707787,5.0,5.069444040111222
2885,0.28102288202644843,0.23438503490876328,5.0,5.0797074561449485
2886,0.19837664178133219,0.15961143964045044,5.0,5.079229742186406
2887,0.2155624088085395,0.16232797667688714,5.0,5.069469858459001
2888,0.2932535309335851,0.23279718452614895,5.0,5.0657239438311485
2889,0.2578719762733557,0.2066729057314497,5.0,5.0
2890,0.11235116198625583,0.10814596012980471,5.0,5.074545373778401
2891,0.237098188614979,0.1834256391897413,5.0,5.062910356539634
2892,0.22463904949898272,0.17306668148283832,5.0,5.0918726438036455
2893,0.12554617702167792,0.08451173937348422,5.0,5.069435206732447
2894,0.2758364907787729,0.2367375497763835,5.0,5.080777746002543
2895,0.12770432022934397,0.09574685406917316,5.0,5.069462259585427
2896,0.1867618544990728,0.15372914099713864,5.0,5.063063655075366
2897,0.2673412855517898,0.21015560638861053,5.0,5.085652756383503
2898,0.26554953279424254,0.24121691656272914,5.0,5.075876484827795
2899,0.27025163791577556,0.21416335096492456,5.0,5.086184485724754
2900,0.3447250306266698,0.2999790537492022,5.0,5.079567575192376
2901,0.2453330377335572,0.20318905855776903,5.0,5.071001310140089
2902,0.16448434933580658,0.1303105812419887,5.0,5.073548049872159
2903,0.20668579388365815,0.15681047328363906,5.0,5.080685932919673
2904,0.1943495457577762,0.1594629543509769,5.0,5.046463787113629
2905,0.27131586875193237,0.2108034700020729,5.0,5.085422381108486
2906,0.2713883445161438,0.21352392348550686,5.0,5.071404249887115
2907,0.27409955437780487,0.21910356412519427,5.0,5.065870426227566
2908,0.2095729833836597,0.1671875517633319,5.0,5.078201753839204
2909,0.16520359109468652,0.10776922129328836,5.0,5.08093527824661
2910,0.41173587284822144,0.3292623895067952,5.0,5.074817869979
2911,0.28092597473767755,0.2244891391445134,5.0,5.0795076059835065
2912,0.12006816643565821,0.09290665991967528,5.0,5.079061950786334
2913,0.27034860700850194,0.22094478099681525,5.0,5.079134477119673
2914,0.32574377858630843,0.2611812916275422,5.0,5.099200111271962
2915,0.23884336382332094,0.18931998581728493,5.0,5.079168636609985
2916,0.1354705328420116,0.10410713423011364,5.0,5.083142851316991
2917,0.25043206808395535,0.1986987754939067,5.0,5.055074974626148
2918,0.3565009757957669,0.28627149458427714,5.0,5.071864042035372
2919,0.3110499179160602,0.22095642532773407,5.0,5.081315685416339
2920,0.127269390325486,0.10702158707535703,5.0,5.078203049243095
2921,0.1349973339817423,0.10327138138841208,5.0,5.081252230880162
2922,0.16276134122112218,0.1309799118969006,5.0,5.064050914328417
2923,0.19878782351490276,0.15684869550679925,5.0,5.073193885663807
2924,0.24911351076941024,0.19642729097700773,5.0,5.078084647346275
2925,0.20822477307254772,0.1682123721520945,5.0,5.082997376309688
2926,0.26424347558193917,0.1920371958106184,5.0,5.07531091718648
2927,0.27466345808461967,0.22180613559269946,5.0,5.091582152640415
2928,0.3221402315376798,0.2241052593302879,5.0,5.09414216315613
2929,0.15414960966389302,0.1249936688722475,5.0,5.077700089762409
2930,0.2210933905228918,0.2463513561389652,5.0,5.081827283096567
2931,0.14314081665945877,0.12521344742587948,5.0,5.076207449649788
2932,0.2031325001425761,0.15816978536456916,5.0,5.073222794236365
2933,0.2980769997212198,0.23908476648586907,5.0,5.0725167675567295
2934,0.47219820389860345,0.20462466332554374,5.0,5.081063707741853
2935,0.3848161221222619,0.3353024576263317,5.0,5.081329631239893
2936,0.2560692983948465,0.24055466501438527,5.0,5.069167657462561
2937,0.26014850110142307,0.20992988333953244,5.0,5.085080000433617
2938,0.11926226626877745,0.08297617777028843,5.0,5.070082871463013
2939,0.24633370801806698,0.19924545819933992,5.0,5.074630871854575
2940,0.31234353796587566,0.24422558314619036,5.0,5.062908155589669
2941,0.24201715562770043,0.14179825504426646,5.0,5.080130093330659
2942,0.2765036645633847,0.22564063978098314,5.0,5.076460179145688
2943,0.22160703813164284,0.1875379097511778,5.0,5.078138701078716
2944,0.0786481659080529,0.0757400848970109,5.0,5.087425921419406
2945,0.2049257815039538,0.20789122216917577,5.0,5.076934003122133
2946,0.1902481757383887,0.13712513068534604,5.0,5.07327455719758
2947,0.1425223412920158,0.11304188938888027,5.0,5.087243461007436
2948,0.26327836520011316,0.21335701278963493,5.0,5.082442258684008
2949,0.24195338664689325,0.20602620928834714,5.0,5.080836607413577
2950,0.39951486639348754,0.3204922751700462,5.0,5.076187668384815
2951,0.148398880705646,0.12524692690048211,5.0,5.084770295045908
2952,0.3658581106793666,0.3031464204909793,5.0,5.067844241490107
2953,0.3622272227853074,0.29080962038984526,5.0,5.0719765178911835
2954,0.28894595932406997,0.18567129605055688,5.0,5.092439427433675
2955,0.30124041930903767,0.2245524775893919,5.0,5.075377545919002
2956,0.1584272377067537,0.12547074042545348,5.0,5.064526913776035
2957,0.24604353792216527,0.18991399903188877,5.0,5.086557581331546
2958,0.30129490407480786,0.24406969720859384,5.0,5.08509275122746
2959,0.2221362831121112,0.1758764787260101,5.0,5.085246491632471
2960,0.05354904899226409,0.03997687508933545,5.0,5.070274656665061
2961,0.2924227605962204,0.20657601502081346,5.0,5.073701473253953
2962,0.10805899417320086,0.08742517020489093,5.0,5.083027031134542
2963,0.14305678873089733,0.1160047629107962,5.0,5.073988089641048
2964,0.2664418842350118,0.270894484465357,5.0,5.0805351401526
2965,0.21904340839562386,0.17205519549806136,5.0,5.0799768912152565
2966,0.2300982863763934,0.1640512511363208,5.0,5.077201906188105
2967,0.18407130428736895,0.19345937131897606,5.0,5.067989438789944
2968,0.31810683755070723,0.24282296587915186,5.0,5.074340179407768
2969,0.17921259237348375,0.14069377664176352,5.0,5.065939288397674
2970,0.23899137869556797,0.1575539566794124,5.0,5.0723470326923525
2971,0.2073673150041575,0.15111569242069622,5.0,5.079100823860294
2972,0.26756403644648086,0.21028983794847367,5.0,5.0758796918048965
2973,0.23136148558494862,0.1703540685739584,5.0,5.081044761633384
2974,0.24090205798268305,0.19073125400759539,5.0,5.070045573488455
2975,0.2279658498121535,0.18960866296297607,5.0,5.076068792859463
2976,0.42893791450398555,0.3403457838012969,5.0,5.081353557557806
2977,0.2700408979310982,0.21704009295808457,5.0,5.068684942428128
2978,0.20753162074832532,0.1678092131561082,5.0,5.070634073167675
2979,0.2145714746924785,0.17678546459282884,5.0,5.075639909998442
2980,0.31401958009057496,0.25620040451277426,5.0,5.059711691149866
2981,0.28488164209780886,0.22494788681709377,5.0,5.076195865669693
2982,0.29990479197667885,0.24784750048307935,5.0,5.0711031667574336
2983,0.1369913882541931,0.13235900315574123,5.0,5.06720972492527
2984,0.2215083852381574,0.17099489298487636,5.0,5.078316305562858
2985,0.269448841587103,0.21167940645654404,5.0,5.069507901231303
2986,0.20294808220749094,0.1671714458891813,5.0,5.08212342543227
2987,0.15969221908326992,0.13705536213198455,5.0,5.068489006700911
2988,0.22536856168628128,0.21685250572754033,5.0,5.083299149408269
2989,0.23579045136814192,0.1785306411911305,5.0,5.090575496586425
2990,0.2092803037581823,0.16098541961247537,5.0,5.09861765227515
2991,0.2731829960057788,0.19561967401961056,5.0,5.0787831821944796
2992,0.17158631098551536,0.11894569772541685,5.0,5.078458479068617
2993,0.3137009519899918,0.2550749359056723,5.0,5.0782522187807455
2994,0.36154883760475753,0.2927896586132759,5.0,5.078623746013369
2995,0.3075815984028152,0.24090135542104918,5.0,5.0765090448108285
2996,0.18612028492276034,0.14738878299592517,5.0,5.070649370418288
2997,0.3392025123858684,0.26430215617905595,5.0,5.078428870206277
2998,0.24420743337616746,0.17343994412727848,5.0,5.076922708549079
2999,0.3188509941635991,0.2557775401763128,5.0,5.07474032416364
3000,0.1590272274021718,0.12747048578176523,5.0,5.074725015254327
3001,0.2513677570351198,0.2011329259504714,5.0,5.073906651601394
3002,0.3105361885425728,0.23988158793669256,5.0,5.078236108254499
3003,0.31267403001780736,0.25204127416040467,5.0,5.061332014179172
3004,0.32191896179842483,0.258715876417272,5.0,5.065422990426711
3005,0.2513386216988318,0.18837122987639177,5.0,5.087660438865349
3006,0.41167575404963674,0.32533791919870625,5.0,5.080377050278049
3007,0.26741391637605694,0.19036477693456755,5.0,5.080687341146497
3008,0.2626424413014663,0.21328605578784887,5.0,5.084202585363782
3009,0.3742305965696744,0.3240653915051085,5.0,5.094569508137727
3010,0.1474734322920348,0.11617602397847504,5.0,5.071508570886332
3011,0.15199143944105042,0.20619725434905156,5.0,5.078338482615337
3012,0.3827307536540132,0.30503961053900475,5.0,5.070701682718228
3013,0.3191428095830071,0.2565930266741925,5.0,5.079088293431804
3014,0.34154739200920514,0.2659659261873173,5.0,5.079293303922743
3015,0.23724265357150975,0.19054480347942793,5.0,5.0720751195737
3016,0.16037117408352297,0.12293747172515102,5.0,5.077722424317157
3017,0.18574832709186095,0.14196015322171762,5.0,5.075009728499413
3018,0.26260931527008036,0.20543730430429386,5.0,5.081373125916953
3019,0.3408393903482021,0.2676749766920752,5.0,5.0728448798516546
3020,0.2763438195152401,0.2173374873024957,5.0,5.072996274418484
3021,0.16155788549782257,0.12045656281437123,5.0,5.075483752913712
3022,0.1323783042887412,0.10396661319580014,5.0,5.070847198770236
3023,0.17131022131822493,0.14067508151654629,5.0,5.072173110123908
3024,0.11236997930874759,0.08503280063065954,5.0,5.054781921025473
3025,0.21255748551686726,0.18607978097954958,5.0,5.0731817447088545
3026,0.30189286839139373,0.24283480206006025,5.0,5.073144704689678
3027,0.20167875445044436,0.1559481911572278,5.0,5.075433932217983
3028,0.3410966389347312,0.27364216560525945,5.0,5.070485119509023
3029,0.09714479063829584,0.07753676356641381,5.0,5.072906774666013
3030,0.24274634327259803,0.19509373955340847,5.0,5.064769559323938
3031,0.1984203100520796,0.16948230762678818,5.0,5.072504205529826
3032,0.2139047739464519,0.1623325339578785,5.0,5.091722492103319
3033,0.15423791281111865,0.12362377891025234,5.0,5.058412936622583
3034,0.280492165841729,0.21716341977125309,5.0,5.086798840839366
3035,0.4932016740058509,0.39385410497312046,5.0,5.073038167699115
3036,0.35260004553912716,0.30171600519404285,5.0,5.075440607500523
3037,0.14757305747529004,0.11382108663029156,5.0,5.07216710208894
3038,0.21665806767122353,0.17102369394100692,5.0,5.074076084828434
3039,0.37265685807137006,0.29799150478411507,5.0,5.098089130841483
3040,0.3290309501308686,0.2631057177477021,5.0,5.086202112688767
3041,0.17202713595764396,0.14190203963407955,5.0,5.080689285330164
3042,0.2750969175457425,0.20925830671788326,5.0,5.078995215728428
3043,0.1883356547355557,0.1457842842635504,5.0,5.086222494991661
3044,0.11653955387811799,0.09413624894675143,5.0,5.0750211963227
3045,0.3342472073072451,0.25629187873814163,5.0,5.074848409220829
3046,0.39412789550233707,0.2992282257419634,5.0,5.064875621784957
3047,0.2521980631695946,0.2018292567990143,5.0,5.068675505654134
3048,0.16270565901632272,0.12676270686726698,5.0,5.086063067143174
3049,0.23954098613336638,0.18901557357253407,5.0,5.076049385455281
3050,0.36741885020066656,0.2883750132630376,5.0,5.088203137754679
3051,0.22497953651569857,0.17498015759290397,5.0,5.077928388163961
3052,0.3163862167846403,0.2530992634502537,5.0,5.073765345915762
3053,0.13397142863249423,0.10132769996946878,5.0,5.081370906236771
3054,0.20230707594026054,0.1534919045936769,5.0,5.073915939275411
3055,0.20249213680472344,0.1629846611060124,5.0,5.089728173332437
3056,0.25461267078860783,0.19957771878486374,5.0,5.083796459077572
3057,0.08876649766986211,0.06718430702214406,5.0,5.073017575415717
3058,0.37741606652667903,0.3024715001355739,5.0,5.072918955152295
3059,0.29167037556405595,0.2453910580925398,5.0,5.076589697157674
3060,0.22607209373111248,0.1813630116694649,5.0,5.073312929682228
3061,0.12001106103263082,0.08900238657630521,5.0,5.078242510376985
3062,0.11977257320341961,0.11803986506146935,5.0,5.075830751473331
3063,0.3120119195839526,0.25038622670196253,5.0,5.070219035762786
3064,0.24347158329343088,0.1975675241480468,5.0,5.081464137236642
3065,0.2167996915118393,0.17122034444356848,5.0,5.07997130648552
3066,0.2061229508819591,0.1629553828520176,5.0,5.072825498859901
3067,0.3972593509059469,0.31597612215666504,5.0,5.068167941367756
3068,0.25234168766358844,0.200224795706208,5.0,5.07260458229192
3069,0.3215461021148762,0.25901732324201854,5.0,5.07936384693271
3070,0.16661267699414117,0.1323335065281106,5.0,5.080538270519446
3071,0.19686921787723177,0.14111806433714913,5.0,5.074140421875057
3072,0.2043690034330501,0.15936077989025343,5.0,5.091182527330158
3073,0.1526806242865637,0.12279693460508989,5.0,5.076489613802169
3074,0.24191115820191067,0.19751700043008147,5.0,5.062241807831436
3075,0.33514848814816744,0.27995683143601746,5.0,5.058792635926954
3076,0.22440046136778768,0.14617249158671508,5.0,5.08406063179927
3077,0.21800508335097168,0.18515239440994424,5.0,5.079065792820403
3078,0.4690775684165338,0.37757099226869884,5.0,5.071592912026146
3079,0.18842106397895764,0.12391160925798872,5.0,5.0704939752793265
3080,0.31846368375590717,0.2575180301134695,5.0,5.073667100707331
3081,0.2857258686504376,0.23557248929522445,5.0,5.069717481615621
3082,0.23308658883223754,0.1888701667024898,5.0,5.0712937513770395
3083,0.3475378332404442,0.30508722474451955,5.0,5.079897690806101
3084,0.1260114347284309,0.09689349983126505,5.0,5.071700617804904
3085,0.41892245670623374,0.3438639282319489,5.0,5.070305816016898
3086,0.20795210294313926,0.240134898153622,5.0,5.070244797269368
3087,0.20050269125324371,0.15865508316642363,5.0,5.072646397626297
3088,0.3685913016039468,0.292864841018021,5.0,5.039890497817039
3089,0.11312027355322374,0.0863002915983404,5.0,5.090525333413725
3090,0.22323897620139688,0.17500591571304291,5.0,5.078789232838474
3091,0.16406492056393085,0.12413623138164587,5.0,5.0672456444457215
3092,0.30651590105145843,0.2413848131216496,5.0,5.084359886595546
3093,0.2615595070151766,0.20382111612114362,5.0,5.078100301388329
3094,0.1550614746305563,0.12347357103430978,5.0,5.0749105459421
3095,0.1711539606062662,0.13155297668830013,5.0,5.093053068198632
3096,0.1962555856669157,0.11710841703269059,5.0,5.067747018246482
3097,0.1361058187625348,0.10563311529845176,5.0,5.082567625325778
3098,0.30637596734007944,0.24582800615257228,5.0,5.0
3099,0.12032438147171387,0.09453863644656246,5.0,5.074580849419599
3100,0.12894120275562204,0.1094708412979497,5.0,5.073590015457716
3101,0.22185663857025828,0.17529274662424577,5.0,5.052674374201205
3102,0.23369811834537702,0.1826760720211652,5.0,5.076894528566536
3103,0.29412060143178853,0.2285885661142688,5.0,5.089996590183308
3104,0.15591687781980523,0.12245101500221534,5.0,5.082796619897119
3105,0.08638741552039386,0.06753822678921528,5.0,5.079075022830173
3106,0.18733758725055094,0.14360850552902982,5.0,5.081901278157925
3107,0.2890282246001228,0.22704439972761625,5.0,5.08107008625478
3108,0.29694378529185217,0.2374882394566773,5.0,5.070914333988963
3109,0.21077694032884708,0.16883613954024868,5.0,5.090112157159998
3110,0.1466204192222933,0.1146121842909511,5.0,5.068516665008698
3111,0.20796376781155934,0.1637560571224318,5.0,5.079656538164263
3112,0.41454656607621687,0.3409836983278123,5.0,5.091578603618787
3113,0.18278166012187658,0.14366388432112887,5.0,5.09354463480757
3114,0.21570055821759482,0.1686945152982433,5.0,5.086862858667676
3115,0.08252340183040241,0.06473920632339647,5.0,5.078931571259613
3116,0.30501359682459994,0.24160493650964976,5.0,5.075066733365565
3117,0.20187591408951167,0.159504753898581,5.0,5.081931838202234
3118,0.16633503693174823,0.13108909414214898,5.0,5.083582012840235
3119,0.19660448065907898,0.1533490559295072,5.0,5.081978129364133
3120,0.18930885924057117,0.15797367589373135,5.0,5.077795436282262
3121,0.19835126917178214,0.1560595349444518,5.0,5.080198797743121
3122,0.400262261469839,0.3066408302542547,5.0,5.113958084925017
3123,0.16155955320157855,0.12740293607209796,5.0,5.077735845195193
3124,0.2744880979508999,0.21182900940004856,5.0,5.09251334108173
3125,0.2699289714883135,0.21194256280597323,5.0,5.082135547831879
3126,0.1721317510392184,0.1338485406532981,5.0,5.08824241545037
3127,0.1734539933464283,0.1347702020131687,5.0,5.080837421698314
3128,0.31017480607723247,0.23869755909405055,5.0,5.088226896623951
3129,0.21640303583037457,0.17116345101292918,5.0,5.0740564775906805
3130,0.13650909352739915,0.1043733874691043,5.0,5.080105945863691
3131,0.2473989801946257,0.19418862667761005,5.0,5.088106864297917
3132,0.16370523546085436,0.12073032894254454,5.0,5.091081593412232
3133,0.28495204399929697,0.2234137826945043,5.0,5.081437556068469
3134,0.23551563069931047,0.18426912308937315,5.0,5.065959042145405
3135,0.2806433540497073,0.21789282275743838,5.0,5.08028418703244
3136,0.23925956252120373,0.18553374888617236,5.0,5.0872315695140635
3137,0.29346801734228256,0.23068262762647085,5.0,5.05210774789572
3138,0.25173066738848315,0.19870513380821664,5.0,5.102338691408308
3139,0.31445042511737564,0.25031139336330566,5.0,5.085680967516106
3140,0.279639036675676,0.2199426076802795,5.0,5.082173275984294
3141,0.12829425134604966,0.10161417984961496,5.0,5.074576032365528
3142,0.2969903369027458,0.23216337953338573,5.0,5.086277037412827
3143,0.14215977087045095,0.11194833512007496,5.0,5.0929713187770265
3144,0.21482231650877814,0.16717620037543335,5.0,5.080208119731049
3145,0.11710947360185853,0.0935031776094426,5.0,5.076278715242655
3146,0.22880361371351987,0.17849634277562743,5.0,5.073908106802447
3147,0.14737197230140442,0.11338853048595576,5.0,5.084192980714661
3148,0.24425268300242253,0.18966250567370968,5.0,5.078258998549767
3149,0.2559410177057624,0.2045388229644186,5.0,5.079821303974015
3150,0.14097775885514152,0.10897284445587285,5.0,5.078877213176973
3151,0.22394524215722944,0.1765257382310782,5.0,5.073300050197451
3152,0.15249866055825478,0.1180712418082035,5.0,5.08021334605985
3153,0.24567310948334176,0.19285313063760157,5.0,5.083315412834306
3154,0.2519326028308231,0.19787273145100992,5.0,5.082315573835752
3155,0.2132506037391051,0.16626131927146748,5.0,5.088605014235323
3156,0.20849665215174173,0.16512735406233514,5.0,5.05136665412782
3157,0.17858330166465808,0.14368470914566212,5.0,5.077606428269581
3158,0.23293617463173732,0.18236364812733485,5.0,5.067925133633162
3159,0.195850164034979,0.15552005089715792,5.0,5.077298088361593
3160,0.21277144525115288,0.16697385851691826,5.0,5.083955610815449
3161,0.12075536197340564,0.09560393427130365,5.0,5.075277952093007
3162,0.2407810553860934,0.1914450455754052,5.0,5.081414206613797
3163,0.3657608314460301,0.2905138444550104,5.0,5.071583722775834
3164,0.43705188038166143,0.344115132989276,5.0,5.086538594381782
3165,0.1846147099108797,0.1450699787721228,5.0,5.086776115787464
3166,0.15950302257198445,0.12450717094956065,5.0,5.073204839137517
3167,0.09756646708859962,0.07459643950374639,5.0,5.076258261430873
3168,0.21888264974532157,0.181607987733852,5.0,5.077273500361006
3169,0.15262991565838147,0.12173247807464538,5.0,5.0786330947418
3170,0.2784387412395295,0.2164827877045028,5.0,5.082307812402735
3171,0.25364130110008776,0.19976978549538826,5.0,5.080129917475098
3172,0.2289048433109313,0.17914554048704,5.0,5.074761570667086
3173,0.21871629790315317,0.17164188165168148,5.0,5.0836194354393704
3174,0.4017499025256519,0.3129295742869982,5.0,5.09390791929607
3175,0.16264598716727008,0.12657426220566936,5.0,5.08233810849231
3176,0.1619293524114649,0.12742766449133525,5.0,5.080323571670959
3177,0.21074568358750922,0.16711433880810478,5.0,5.081515051580521
3178,0.1732667998342643,0.13852266635649746,5.0,5.081395292616673
3179,0.19333401514174708,0.14999375818958804,5.0,5.095126801690295
3180,0.35256703556963886,0.2790383973433238,5.0,5.0800950360064245
3181,0.31806595180081265,0.2511804443794845,5.0,5.066124600684976
3182,0.16737371744097174,0.13123760721141764,5.0,5.076422418266802
3183,0.19784050947666265,0.15891000003245126,5.0,5.072100461706706
3184,0.24682910911896982,0.18789870102536232,5.0,5.086840818641241
3185,0.10638356170865548,0.08317628571904345,5.0,5.08367630267041
3186,0.30055397652035953,0.237120576668026,5.0,5.075218094859499
3187,0.4439734950512886,0.3483847218632321,5.0,5.089396224219307
3188,0.24684521356485267,0.1964018994980703,5.0,5.0790284528117
3189,0.2169438349559616,0.16890023515999442,5.0,5.08429446410803
3190,0.17335306153001162,0.13712263096318322,5.0,5.079886734951593
3191,0.14421856370231612,0.11288927969179552,5.0,5.084307458944286
3192,0.12503196246206194,0.08904745323021412,5.0,5.09128156559961
3193,0.14774927303402974,0.11597556970052558,5.0,5.077719254749429
3194,0.2705156912054969,0.2151120063490699,5.0,5.083311664214287
3195,0.1250299968858788,0.09824960661720183,5.0,5.071664651567662
3196,0.5215591262629429,0.4095236739160244,5.0,5.084962953166565
3197,0.16478699141815767,0.1304866159742828,5.0,5.085984736116229
3198,0.29420973905534487,0.22987214889960783,5.0,5.0866180266718075
3199,0.28301006000465634,0.22036405910343793,5.0,5.090696182163086
3200,0.3115555233971006,0.24504679448524902,5.0,5.072276975528824
3201,0.29989246446498874,0.23659428315991482,5.0,5.087518546471026
3202,0.2016428819117757,0.15788078395562044,5.0,5.081178353045637
3203,0.16181366606078162,0.12536580416456733,5.0,5.080855510095175
3204,0.22950540023068355,0.18047280151176548,5.0,5.0841409118371494
3205,0.2915220615054195,0.229494782371648,5.0,5.084113430203416
3206,0.16863221788255678,0.13761799831666677,5.0,5.085847918800859
3207,0.20840457648661892,0.1625760509651949,5.0,5.078075050568067
3208,0.3856770886135168,0.3013807173301567,5.0,5.0891873120174225
3209,0.23387081889807226,0.18369576189867298,5.0,5.078642263412281
3210,0.36707887541331896,0.2882046370197302,5.0,5.079853352863131
3211,0.09727027156545409,0.07782555774516342,5.0,5.071709094599957
3212,0.3332092258176105,0.2617797027826172,5.0,5.082081603759594
3213,0.26546380297301964,0.20415186213084646,5.0,5.087669283036709
3214,0.19843739553235307,0.15535997668384127,5.0,5.078892739569119
3215,0.3056711277597097,0.2447121199666612,5.0,5.0
3216,0.2402278442658774,0.19019825542473512,5.0,5.069636595499816
3217,0.270081339904932,0.2128773835969029,5.0,5.060676487692772
3218,0.1859971111731975,0.146910679795349,5.0,5.084463599591356
3219,0.14990287371718214,0.1190894445584727,5.0,5.089922076466014
3220,0.25813035955712293,0.20236449783894228,5.0,5.076687999777327
3221,0.09134705103936058,0.07281014509691353,5.0,5.0756731300142555
3222,0.16069328658579107,0.12671039043378507,5.0,5.067749252686378
3223,0.26778075781417443,0.2089774097875099,5.0,5.0810520898273825
3224,0.20017709639092418,0.1544260603154225,5.0,5.082749356888403
3225,0.24620585923163985,0.19431736881232098,5.0,5.07816459180245
3226,0.23631758580895723,0.1849773136224453,5.0,5.084619340516587
3227,0.27968363156373766,0.22175016607130416,5.0,5.038586606214368
3228,0.3856908040291813,0.30233807760860243,5.0,5.087848693103814
3229,0.18027091654826632,0.14168218726231085,5.0,5.083736173944597
3230,0.22992727142919778,0.18817624349811357,5.0,5.075482752114704
3231,0.28977810964691386,0.22641377753364733,5.0,5.0777046592112995
3232,0.2717820162561049,0.21132534460665342,5.0,5.081470193768007
3233,0.1272879670190139,0.09854093617822302,5.0,5.083420934956804
3234,0.21125134075588603,0.15806583303840904,5.0,5.083748124025087
3235,0.17216629807690942,0.13556096212531354,5.0,5.094268001739506
3236,0.16571404209796214,0.13056385813339433,5.0,5.070608611934189
3237,0.17488458604516155,0.13799239642694128,5.0,5.075022754101255
3238,0.18911571941147876,0.14803875852543025,5.0,5.07582096422281
3239,0.11311187051934657,0.08879144808589379,5.0,5.0779581532092966
3240,0.2109231609762836,0.16369450310889455,5.0,5.088394413005037
3241,0.17921653831926943,0.14143933283905885,5.0,5.075098059674676
3242,0.14083246864000332,0.11119183459121551,5.0,5.086354923571408
3243,0.26440302756026335,0.20716502840931383,5.0,5.077666623658832
3244,0.21115944119486185,0.16808549850869725,5.0,5.079755845149041
3245,0.14338443067868756,0.1104538979148948,5.0,5.078382212382948
3246,0.22178204146852498,0.1738735362628666,5.0,5.08443998595987
3247,0.23267419378956844,0.18067519606670945,5.0,5.092482039668482
3248,0.2720127388522555,0.21498416427910638,5.0,5.08707334869821
3249,0.22225554642848477,0.17574423084939172,5.0,5.085184244923697
3250,0.27547384589551016,0.21690068738240276,5.0,5.062877901767431
3251,0.21295050697763718,0.1680262093196081,5.0,5.080919368076273
3252,0.17892615832403003,0.13950989902576238,5.0,5.0803195292377445
3253,0.31188216284758186,0.24728798942152785,5.0,5.079063224266154
3254,0.350857166214374,0.27572805354103236,5.0,5.086870613030721
3255,0.19913899991159978,0.15786359515746384,5.0,5.082523624388244
3256,0.33627440252902874,0.26256206351032807,5.0,5.0912996796956556
3257,0.4131064415200949,0.3268801885317978,5.0,5.08084185950926
3258,0.27030733174353605,0.21354138618113883,5.0,5.089233446042485
3259,0.18678279192427327,0.14706568436266076,5.0,5.0832263956860135
3260,0.19198612924402725,0.1558781214633579,5.0,5.074335213817873
3261,0.14639305121851254,0.11321176464435712,5.0,5.08064499659767
3262,0.27685332306636123,0.2148699006102599,5.0,5.085886359668184
3263,0.16198490904088314,0.1270103248907435,5.0,5.095837033259354
3264,0.26696065939345437,0.20992316322899474,5.0,5.081913359039261
3265,0.15291061880970935,0.12178053156913082,5.0,5.065009430724965
3266,0.25476087249347024,0.1992884498691081,5.0,5.089622917922307
3267,0.28264724133403596,0.21155482558888683,5.0,5.090125091222539
3268,0.20018247659626942,0.15852332388399581,5.0,5.085632698024174
3269,0.19246294051572388,0.15124915104241254,5.0,5.080775126648396
3270,0.22166871465297233,0.15537677500023928,5.0,5.0966548661718125
3271,0.37502390221973747,0.240012566941886,5.0,5.087600381962911
3272,0.16088651707087354,0.12806069154763355,5.0,5.074467122114905
3273,0.16594301398076583,0.13001544104542107,5.0,5.083242974345632
3274,0.07453591023284889,0.05858750787307909,5.0,5.0866900763580425
3275,0.26739814745238255,0.20525939720459085,5.0,5.085127321058351
3276,0.2776109956494788,0.2178282837096862,5.0,5.08131256565
3277,0.27819182321502467,0.21583205837753827,5.0,5.081506039104351
3278,0.09291959120153082,0.07375530778793038,5.0,5.074453379647634
3279,0.09133933830629481,0.07277535849632866,5.0,5.079239449930251
3280,0.1978996783152629,0.15919836684380861,5.0,5.090473218728091
3281,0.1337306206870621,0.10578698964119038,5.0,5.07812664320622
3282,0.19887043369851165,0.1569622221255791,5.0,5.07825502500987
3283,0.2864035804748124,0.27044912417984457,5.0,5.077168396045568
3284,0.20052198992750014,0.15206629559458196,5.0,5.091209064530782
3285,0.19458769387413977,0.16124690484972692,5.0,5.087649871456188
3286,0.20313622248232632,0.15634670150846075,5.0,5.089713286434732
3287,0.059491280292159,0.04115571082875147,5.0,5.087921625749043
3288,0.17799616587369926,0.1372528042564911,5.0,5.087355442893138
3289,0.11783308099472611,0.0931319932088055,5.0,5.089284312232474
3290,0.41176935286735095,0.3257942784049026,5.0,5.0762223659318195
3291,0.290632015660063,0.22705512538353734,5.0,5.088913886045274
3292,0.16424914721870976,0.129646127934815,5.0,5.0803054114799995
3293,0.29780116199055673,0.235211897186411,5.0,5.078869762537899
3294,0.21672680073204798,0.17776281029867547,5.0,5.09271602892218
3295,0.39113844254421637,0.3061845774549077,5.0,5.0766453359051855
3296,0.2174528952570236,0.17890637174615054,5.0,5.083332536755112
3297,0.16187936792971658,0.12456989823556808,5.0,5.093920883332439
3298,0.2946796677287027,0.230595349228378,5.0,5.0819485040820656
3299,0.138255853420848,0.10244549901280875,5.0,5.037738297564163
3300,0.21416625247338583,0.16607180595737492,5.0,5.088393979242172
3301,0.2268661432282899,0.17782148347236926,5.0,5.090612106331864
3302,0.3686967088224822,0.28962054131801973,5.0,5.08316002647808
3303,0.07748414764376776,0.05197938824144144,5.0,5.089677227928782
3304,0.336356443783419,0.2657774792716593,5.0,5.074333720747193
3305,0.13894169582484595,0.10847088511331426,5.0,5.087907753592056
3306,0.21203442482173696,0.1653034082961914,5.0,5.081837356429704
3307,0.447562386958962,0.34957132471469476,5.0,5.091657217439476
3308,0.1429002297591766,0.09690338422575584,5.0,5.081365984033921
3309,0.2615231191838876,0.2047656755106917,5.0,5.0862204541964395
3310,0.21619943552528342,0.17097624197672823,5.0,5.07450571723413
3311,0.29021556889343936,0.2304230422005411,5.0,5.083427806016809
3312,0.1251382885770329,0.10065319185171762,5.0,5.074175946072943
3313,0.18442670519355286,0.14579016017727908,5.0,5.076363447658645
3314,0.3134114890261217,0.2462415849680507,5.0,5.086643490422658
3315,0.30342007957088746,0.23805013152337917,5.0,5.092440157156766
3316,0.1408995516876308,0.11382711196971762,5.0,5.085000419040959
3317,0.3177001638190873,0.24947725685971833,5.0,5.08032221001935
3318,0.2348923771944933,0.18466730266528963,5.0,5.100313246746584
3319,0.3844215419257162,0.27692003397181464,5.0,5.075898737819546
3320,0.2459163745188595,0.19272245437803848,5.0,5.07163396862369
3321,0.18918709005019885,0.1392099044846946,5.0,5.079163469369057
3322,0.14177588206770086,0.11159123467954868,5.0,5.082471452072772
3323,0.15969108688331035,0.12688363917797052,5.0,5.078769027690866
3324,0.28397037436155403,0.2242925418449908,5.0,5.084805619709787
3325,0.3150984867445126,0.24794016199880842,5.0,5.079876816920859
3326,0.22017610448545022,0.17121984855780337,5.0,5.0792718119237
3327,0.2056199764410609,0.16249698106353216,5.0,5.086885258391991
3328,0.31199334603334816,0.24644489017398352,5.0,5.078798992288869
3329,0.20550507375191507,0.17288023872893787,5.0,5.091256836421261
3330,0.179310347075764,0.14068027549056117,5.0,5.089629225532626
3331,0.27430855466632,0.21482963778308972,5.0,5.083737694321799
3332,0.26082937777924897,0.2026004916148748,5.0,5.083177741973222
3333,0.2513670403300876,0.19839735706325357,5.0,5.089315988327128
3334,0.2898624782663788,0.22288616231870584,5.0,5.082060637990002
3335,0.1964391277427242,0.15041731676177172,5.0,5.074530297853999
3336,0.3014107386810969,0.2383667828157734,5.0,5.0998668444270745
3337,0.3159368100344597,0.24966059961869258,5.0,5.084306728992285
3338,0.31101627920278774,0.24454359760967825,5.0,5.083784900830217
3339,0.1913530453325294,0.14930335357940816,5.0,5.063739618862231
3340,0.25461780330864014,0.20181145145410173,5.0,5.07974240208374
3341,0.12301537076504743,0.09625037201262543,5.0,5.073169901861094
3342,0.20940732992772948,0.1662151259208643,5.0,5.071534967463309
3343,0.15662152792845485,0.12370527630637218,5.0,5.073887936101036
3344,0.2614977356617034,0.20557266024288945,5.0,5.070877161363292
3345,0.3002280017701715,0.23258517067455153,5.0,5.079468684476405
3346,0.3936770394378264,0.31122535899805137,5.0,5.074664377966389
3347,0.3271209818412908,0.26291424545272446,5.0,5.07194709011439
3348,0.21575698891855621,0.16838707809702003,5.0,5.090864396098382
3349,0.4154790742767025,0.32657351418375824,5.0,5.096377109100079
3350,0.2522556883111209,0.196081006399905,5.0,5.081922074122618
3351,0.2854902054212958,0.21794488908227927,5.0,5.09069878137022
3352,0.31512942924173926,0.24819846963663417,5.0,5.088991853093159
3353,0.1337858141956374,0.10386695979487404,5.0,5.08512459511091
3354,0.26545417853624853,0.20894343998653397,5.0,5.082704655393933
3355,0.2710722897158926,0.19433577516615452,5.0,5.078357227612855
3356,0.20635154242061948,0.16276283393737923,5.0,5.07873447409569
3357,0.24050170860094844,0.22185607193655144,5.0,5.080928104043769
3358,0.2588882199460638,0.20575969600884103,5.0,5.071376254787712
3359,0.255557307014016,0.20137310836809108,5.0,5.077619852066766
3360,0.1074239619052797,0.0819478559170237,5.0,5.092554763597725
3361,0.1411373866894865,0.11436490620544215,5.0,5.093953629610706
3362,0.09980283789191824,0.07849926387393324,5.0,5.073766776329975
3363,0.2568635329144886,0.2005836941769661,5.0,5.074343217509849
3364,0.15621636510054948,0.1192280233416474,5.0,5.079512610157062
3365,0.13690884076541665,0.10866033350268012,5.0,5.072501032837371
3366,0.25981483133437466,0.20509988211032715,5.0,5.075963860614454
3367,0.20686059820922953,0.16994055924719875,5.0,5.091891198632972
3368,0.20776316708349163,0.16359910493439112,5.0,5.077443269890214
3369,0.2615839067758945,0.19858216738069556,5.0,5.090273496680933
3370,0.16868823100178032,0.13231809670637762,5.0,5.081522175149598
3371,0.3533367730110162,0.2824028064836839,5.0,5.058837747035954
3372,0.11282996246087107,0.08619341853907003,5.0,5.076207530598307
3373,0.2131459228837893,0.16951939915817238,5.0,5.069769624230291
3374,0.20557998857255622,0.1623829320933473,5.0,5.077586865590975
3375,0.25222677907021174,0.19157654291671689,5.0,5.089770810294043
3376,0.16939162645092964,0.13241960744602566,5.0,5.071325673623823
3377,0.1935866485387241,0.14871053729338457,5.0,5.090514958500467
3378,0.19166913203252856,0.15631325791887063,5.0,5.072001693119601
3379,0.309521429847051,0.2380208077944217,5.0,5.087536971479967
3380,0.23455422284278438,0.18476141366785526,5.0,5.081968932706342
3381,0.23848384186513583,0.1887395433581982,5.0,5.074372172491461
3382,0.30398803109688566,0.23314043411405194,5.0,5.091121689612299
3383,0.3100046244269974,0.24254329174714295,5.0,5.083857582270657
3384,0.2361245510877017,0.18680338723722756,5.0,5.083703400648307
3385,0.25052250600440784,0.20014416048993833,5.0,5.078769362452897
3386,0.14273483482300509,0.10832778631601192,5.0,5.090893716683587
3387,0.4133529679923551,0.3246182948545149,5.0,5.084084228699588
3388,0.25724834652503925,0.204392701455671,5.0,5.078206573495887
3389,0.29892562812268686,0.23299543279525914,5.0,5.070777305884349
3390,0.25841722678614554,0.20472553561764817,5.0,5.066377683797212
3391,0.1737105324465147,0.13524460731797083,5.0,5.078638105957891
3392,0.2333540981772244,0.18289879344304216,5.0,5.077286986930174
3393,0.2986944953723294,0.23389884262005878,5.0,5.0784127669328605
3394,0.22868005484783116,0.18297241456676305,5.0,5.0944071693158754
3395,0.27401901624781155,0.21405435164665776,5.0,5.080336729516146
3396,0.1286251294191305,0.10326644603687551,5.0,5.086008012920473
3397,0.1616298063791879,0.1249157950008355,5.0,5.089704765009584
3398,0.16498656272299606,0.12896375598519727,5.0,5.086188922156829
3399,0.1551752833512372,0.12069169404885893,5.0,5.0861527746087365
3400,0.1683815016985275,0.13348096731214232,5.0,5.078553628234346
3401,0.18065223308742562,0.1420092691981123,5.0,5.0888111354839705
3402,0.27819658408359893,0.21805993232064647,5.0,5.080575736149955
3403,0.10509612127797774,0.08219101988532884,5.0,5.073972419260837
3404,0.2707899227125168,0.21418848670848334,5.0,5.0898942600514285
3405,0.34805007154095247,0.27451141365171916,5.0,5.083557345342262
3406,0.18203929167440425,0.14551535451484143,5.0,5.071654463592461
3407,0.20548142285280946,0.1613784812634067,5.0,5.0805420913166355
3408,0.20436051471352323,0.16073079188364137,5.0,5.08495143063409
3409,0.21553314238926946,0.1678391768936638,5.0,5.0816041463824835
3410,0.321919926232781,0.25618686544515246,5.0,5.073439760555605
3411,0.19618107553413422,0.15197825449457358,5.0,5.076972854289332
3412,0.3509824693777661,0.27607332298840936,5.0,5.07197129902571
3413,0.1950071432072773,0.15257743451466332,5.0,5.084626018580822
3414,0.3407576052913883,0.2669803811604141,5.0,5.080986419323388
3415,0.3136902385940201,0.24586657783566468,5.0,5.0879315312031
3416,0.14218971973046957,0.1149947181588169,5.0,5.079616409007821
3417,0.1660638373998493,0.12907978754363203,5.0,5.073863390028572
3418,0.2648193481393384,0.2080850353738204,5.0,5.0808013905628435
3419,0.1913808718126493,0.1502506635967642,5.0,5.078083863483291
3420,0.21267103014766842,0.16569939997911198,5.0,5.082877799869792
3421,0.4455843295117945,0.3465019827343019,5.0,5.07620746010331
3422,0.17377326722375486,0.15188525329717273,5.0,5.0772860475193315
3423,0.2773235597094261,0.2156218966775506,5.0,5.084796676677081
3424,0.3390898840276406,0.2618283029046413,5.0,5.087188239052107
3425,0.19328937348804898,0.14998806721692137,5.0,5.08430991365505
3426,0.24472445556291844,0.19240747531805058,5.0,5.077596852004289
3427,0.12633443994575644,0.09899413486544184,5.0,5.074764974789234
3428,0.3920708993444646,0.3081336050241038,5.0,5.085066093858117
3429,0.18461858515380225,0.14630190502913787,5.0,5.070224876996674
3430,0.16306135037941805,0.16050093600653437,5.0,5.002154262984693
3431,0.23154741473620133,0.23662476348747608,5.0,5.001503106158678
3432,0.17011296669641318,0.15607966507730442,5.0,5.0015046168915145
3433,0.25431470678918733,0.24471838506285204,5.0,5.0011536457876815
3434,0.3003215573574176,0.2950050239494826,5.0,4.98951130946951
3435,0.3032810674913742,0.2703819155693823,5.0,5.002613272531722
3436,0.2241016213098077,0.2125366391477761,5.0,5.001531386639586
3437,0.19703752003839403,0.19063385145870804,5.0,5.001684328066016
3438,0.09713238890911247,0.09026548458770178,5.0,5.002007209508026
3439,0.3040824387951977,0.26889923873324095,5.0,4.998161059576081
3440,0.21589545148210898,0.20866233554047797,5.0,5.001441409895104
3441,0.2250436105051037,0.16999900897268416,5.0,5.00145192195915
3442,0.12396977553202038,0.1273735139332186,5.0,5.001700811292098
3443,0.325614585384834,0.3305761068649704,5.0,4.999837036253183
3444,0.19453156859202525,0.1793536390993722,5.0,5.001764044070409
3445,0.2521567749303393,0.23017461686211615,5.0,5.001396132826956
3446,0.22889933312822008,0.2227902132633115,5.0,5.001304227182715
3447,0.19100011361369873,0.18976534523649624,5.0,5.001279829352079
3448,0.036135514044257855,0.02654426024627532,5.0,5.001765360567436
3449,0.3318665190871455,0.2775335000173851,5.0,5.00467727176626
3450,0.27245584753684904,0.2741646945998222,5.0,5.002014103163246
3451,0.25296491683890343,0.2781457830350189,5.0,5.000898288096058
3452,0.2625868275847918,0.2506652099341533,5.0,5.002472749358269
3453,0.2696846161230644,0.27208520813932724,5.0,5.001328739210393
3454,0.2590737652384836,0.2534494444456292,5.0,5.0015214141722275
3455,0.4273276558108736,0.40783847857378563,5.0,5.000088180066511
3456,0.344860631964222,0.34069516680373213,5.0,5.001686673882357
3457,0.2716628050864207,0.25826754169610955,5.0,5.003615782113009
3458,0.15724137429213125,0.17083347031016705,5.0,5.003552292445788
3459,0.31598488023919313,0.3104404168472221,5.0,5.003136202870069
3460,0.203727720980023,0.20118725433282503,5.0,5.0026870612906915
3461,0.22983189338287846,0.21285454573902984,5.0,5.000325951447984
3462,0.1698521256172798,0.1674294028021439,5.0,5.001385857999363
3463,0.28755422551012,0.2905752535421344,5.0,5.000863785994083
3464,0.26534961385758415,0.28353457845381125,5.0,4.999733559061044
3465,0.26821166458644363,0.3113147397267817,5.0,4.9990726809536845
3466,0.26144598831237165,0.26071430116702965,5.0,5.001353984459032
3467,0.33914887661700366,0.37159879697743836,5.0,5.002452383354843
3468,0.2409922156479456,0.21231842447846616,5.0,5.001552820873121
3469,0.2680693879924616,0.2318188333468525,5.0,5.001946370417025
3470,0.2805551757022371,0.25200293109169847,5.0,4.993467165388026
3471,0.21090344515738813,0.20184763795295213,5.0,5.001553400909966
3472,0.17447551739519018,0.1738541582744948,5.0,5.00121303593656
3473,0.2224497178175744,0.2154779627372696,5.0,5.001045823169994
3474,0.2883446428502683,0.27250110469530653,5.0,5.001737220849369
3475,0.22429910893588278,0.23251937171789794,5.0,5.001452510756712
3476,0.19151052850922023,0.17797824458768008,5.0,5.003439931636864
3477,0.27467728611090636,0.23238867985605371,5.0,5.00200165181278
3478,0.23005423441338202,0.21295433850754786,5.0,5.000549478542462
3479,0.3057813451855256,0.24928772931769005,5.0,5.0044863771231896
3480,0.2295839272860496,0.22745646183272394,5.0,5.0015798785148835
3481,0.22149332361442897,0.26564221425073375,5.0,4.999888177926035
3482,0.1917980414927647,0.18527132947046399,5.0,5.003239651053377
3483,0.3317629593887974,0.33329271553157214,5.0,5.00138717884254
3484,0.196776225191033,0.1854421737431795,5.0,4.995386102602017
3485,0.17436900590401105,0.17295320522766744,5.0,5.00259069934172
3486,0.10850154147824065,0.1268067880360817,5.0,5.000328596834178
3487,0.2335221494466535,0.23053953365498248,5.0,5.002281581669568
3488,0.15466097060784456,0.20834270184372516,5.0,4.991995722217997
3489,0.23407198211626978,0.2201089221545054,5.0,4.990932779135502
3490,0.09440376422830865,0.10621667125310053,5.0,5.0018806341603295
3491,0.2716487081380592,0.2617053829674183,5.0,5.0022352623387345
3492,0.2970727599250871,0.3106509910837496,5.0,5.0015696495048
3493,0.23120100284664136,0.23883317098465162,5.0,5.0046942704956265
3494,0.19024541488287672,0.19003049797941518,5.0,5.002023278958507
3495,0.14947905854168075,0.15078497352037235,5.0,5.001095761482963
3496,0.26497092478173223,0.2595438389396467,5.0,5.001829349791942
3497,0.2937236440511146,0.2858566929393376,5.0,5.004332305724244
3498,0.23642476014293945,0.232755940922442,5.0,5.000725560491839
3499,0.19390535221567662,0.2008004834852255,5.0,5.002158186054526
3500,0.1867333680202865,0.1867546436202041,5.0,5.0015434971916495
3501,0.23179813798652704,0.23569377585679518,5.0,5.001358478055575
3502,0.32653155514223053,0.31946600451007745,5.0,5.001790969256454
3503,0.35784393474319764,0.3054374253572878,5.0,5.001435209657723
3504,0.18917885765682696,0.20641429920487386,5.0,5.0012342245641594
3505,0.20091661337349476,0.1953588376802644,5.0,5.002184266156533
3506,0.2821903694123178,0.27889408810281835,5.0,5.001977292921067
3507,0.37650046396524717,0.3674818101876973,5.0,5.001436442925202
3508,0.26898170249618736,0.268933840782716,5.0,5.001549261416738
3509,0.08280786430173381,0.07488447816759125,5.0,5.000990078620475
3510,0.2791932202555707,0.2825842378331411,5.0,5.001281335679089
3511,0.17231139336899326,0.1666342925639792,5.0,5.001262842807401
3512,0.16219604431846513,0.17690482110401984,5.0,5.00117489188562
3513,0.27806273288041705,0.17752946014046778,5.0,5.003413109978707
3514,0.2205235438386728,0.21515316510478288,5.0,5.001963989810685
3515,0.16635908688052292,0.16669926595634532,5.0,5.001340598196515
3516,0.3046125256138119,0.2739970079944032,5.0,5.004224820488767
3517,0.32430292121958604,0.3405444308114085,5.0,5.00240390501518
3518,0.18688793607176457,0.18460643754088046,5.0,5.001135171342694
3519,0.20439573091444418,0.20529856195307894,5.0,5.002129076116786
3520,0.555864130423374,0.5436911095306987,5.0,5.001107972967356
3521,0.15774231700018393,0.16133253448512597,5.0,5.001768372608204
3522,0.210335012568442,0.21514415227059192,5.0,5.001453373671589
3523,0.3036077610301755,0.3287043046446776,5.0,5.002472109887401
3524,0.30208383648711634,0.2962384407184755,5.0,4.999375682003233
3525,0.270620056899755,0.28060415860492083,5.0,4.999899012544251
3526,0.14437520350068134,0.16487838769413576,5.0,5.000175931148583
3527,0.1989510321988206,0.19350543051204272,5.0,5.003142700874044
3528,0.3320776486765986,0.3269837262348463,5.0,5.0017846297983315
3529,0.2825543410742821,0.29400648283163733,5.0,5.000955592990346
3530,0.30077267533341456,0.2912293405980113,5.0,5.001298218223029
3531,0.20374758497690149,0.2263574371397996,5.0,5.001431350050014
3532,0.2470414009921862,0.24789278851801178,5.0,5.0025552677043095
3533,0.14949472628519667,0.15442259497168465,5.0,5.00212606057155
3534,0.21832821529722368,0.21563883781995008,5.0,5.001185930872811
3535,0.17321060055125992,0.1813459085628919,5.0,5.001505664650745
3536,0.13850997709050739,0.11116675063629589,5.0,5.001565714933207
3537,0.28180131107271134,0.29126176007086846,5.0,5.001454047988441
3538,0.16870546254007057,0.16317720855444606,5.0,5.002271022397355
3539,0.38381011564164136,0.35141683265940116,5.0,5.002517535908062
3540,0.1808496643555959,0.1856304474409216,5.0,5.002387394200696
3541,0.3671261756892221,0.3580819961401964,5.0,5.001439011095314
3542,0.37737868359431515,0.3799137189159729,5.0,4.999879484110501
3543,0.16274450878254565,0.1716070989304197,5.0,4.996381467133508
3544,0.2206290016860437,0.2331710585790263,5.0,5.001781115899275
3545,0.3492192911490606,0.33483688823957913,5.0,5.001993051448839
3546,0.36032804853579625,0.36161188409283995,5.0,5.001287068957891
3547,0.26444855423033764,0.24335265617341229,5.0,5.001961976567344
3548,0.2409591532575066,0.24108072075143716,5.0,5.001369592678984
3549,0.36703167446247353,0.3830547588491475,5.0,5.001860463052159
3550,0.1462205806211181,0.14323844605979819,5.0,5.000972759381819
3551,0.3715068691893839,0.3612287121567912,5.0,5.001983233767957
3552,0.37675940390128804,0.381622488867877,5.0,5.001720632853619
3553,0.26413422485441895,0.2604353428977002,5.0,5.001650217324594
3554,0.2216647129708169,0.24806122014791354,5.0,4.999362798447828
3555,0.29600736121187987,0.2772963595556668,5.0,5.0016004120542945
3556,0.355772578084788,0.28895408765064157,5.0,5.001211794740081
3557,0.19631984973730487,0.19328670017469207,5.0,5.001678971192556
3558,0.413389792221303,0.4013684650834448,5.0,5.0000581450496195
3559,0.24785953817133488,0.24574842326928037,5.0,5.0017964998358
3560,0.1834220027487865,0.18285576053404795,5.0,5.000490108596969
3561,0.18848140941684144,0.19711939257408395,5.0,4.999983585573071
3562,0.11734055516728281,0.1173524252835827,5.0,5.000621955530757
3563,0.29655437304542276,0.27281764704366207,5.0,5.001037411277647
3564,0.25091052423612203,0.2456625204828098,5.0,4.999812290450523
3565,0.25909661821015106,0.2535703576407897,5.0,4.999868513497301
3566,0.24214873353833544,0.24014863138828058,5.0,5.001771812536431
3567,0.42694042983041536,0.4343411637711643,5.0,5.000515149993339
3568,0.3843447526141375,0.3861712945166087,5.0,5.001832880347052
3569,0.2508405545740946,0.2482117958864387,5.0,5.000936857566325
3570,0.27831074398677114,0.3033131131917448,5.0,5.0010658903548855
3571,0.1856856195703218,0.18211025240311884,5.0,5.001701063665367
3572,0.330170449385909,0.36743033265247993,5.0,5.001467833280806
3573,0.21070575333912434,0.21192122339920227,5.0,5.002021297395407
3574,0.35434877716510305,0.36784388205041174,5.0,5.001218756376877
3575,0.23861168806017696,0.2264539005171864,5.0,5.001344005788386
3576,0.2608196394144311,0.2605334197286633,5.0,4.993759303570124
3577,0.2399170450860968,0.24162856283193102,5.0,5.00128279900216
3578,0.2640381783059611,0.2566387849797229,5.0,5.001289973460787
3579,0.197408301479566,0.19272986127249392,5.0,5.001707483476867
3580,0.16004679697020774,0.15869196943971908,5.0,5.0008975033509095
3581,0.24032426070088553,0.24559286399364777,5.0,5.002614190459598
3582,0.39064633679394944,0.3865107150477627,5.0,5.001753147609422
3583,0.1980885104709691,0.19924846721999967,5.0,5.000850701847677
3584,0.2641990220110113,0.26792301296987353,5.0,5.000749926793384
3585,0.1835324895572814,0.1971843742849979,5.0,5.0021493140942574
3586,0.3036140198567914,0.3527695869578422,5.0,5.002314561793888
3587,0.2612688649038257,0.1968880758391367,5.0,4.974418399196638
3588,0.231265318683888,0.22537289150558482,5.0,5.000583499135658
3589,0.22214074571895104,0.23724453159868264,5.0,4.99634482177945
3590,0.2677220389196058,0.28057142598123086,5.0,5.001554151822845
3591,0.15445960316904017,0.14683332021765816,5.0,5.001339725284719
3592,0.5863526198551228,0.5742263481359446,5.0,5.001679643355104
3593,0.21868689658561924,0.24724757153363885,5.0,5.001593072266592
3594,0.20806923198473015,0.21280603412689603,5.0,5.0022063067066025
3595,0.20777867891410295,0.24565043476741932,5.0,5.000689366248583
3596,0.4599676586890511,0.45047913196314093,5.0,5.002446092337376
3597,0.2692301806186488,0.26296933357131835,5.0,5.001689685049877
3598,0.13041078398277395,0.14237289492545324,5.0,5.004386118522461
3599,0.2798402624272034,0.2667140796633287,5.0,5.002451290809651
3600,0.3174161652267127,0.3181031872542306,5.0,5.001850864647954
3601,0.22581229766540245,0.22331578875030655,5.0,5.01714861890866
3602,0.21296121226382092,0.21352844558419437,5.0,5.002437862929083
3603,0.21445056190905354,0.21395532766419278,5.0,5.001356399035757
3604,0.3222965977060075,0.3397138094044192,5.0,4.99551756268934
3605,0.1623370778810196,0.17509845858433715,5.0,4.997013010376401
3606,0.19508615588411193,0.15541148328548804,5.0,5.0
3607,0.2429170237451126,0.22852663966821818,5.0,5.001099833606393
3608,0.16506114261444416,0.19734001291353387,5.0,5.000501878131098
3609,0.20614597140001067,0.29146324317231587,5.0,5.000698619777211
3610,0.24147598602257037,0.22231831600430163,5.0,4.99949048760616
3611,0.26113726182709285,0.2761719831238507,5.0,5.001671797240563
3612,0.2004567666149426,0.19835130119074829,5.0,5.001730467734973
3613,0.30027614392459023,0.3202345707446208,5.0,5.001348742810663
3614,0.401860644414366,0.37214906615953547,5.0,5.000502259593871
3615,0.12852560139031555,0.1209893285353334,5.0,5.000850292176766
3616,0.12326899039982253,0.13329631394951336,5.0,5.000328485089858
3617,0.16729561863952558,0.19747057439421245,5.0,5.0007760800328604
3618,0.16073811843277253,0.14959742920559393,5.0,5.001708290751825
3619,0.3191771995601451,0.320726620688198,5.0,4.999941079103323
3620,0.4913473271605011,0.4849341770917226,5.0,5.001047113670438
3621,0.378206792263341,0.33950089455526733,5.0,4.998992319165909
3622,0.1476273351560069,0.15923639247033816,5.0,5.001448238402748
3623,0.1890817614357534,0.19012538585310357,5.0,5.000782029296467
3624,0.172285589614112,0.17008546230455712,5.0,5.000849048349405
3625,0.14272288235102604,0.08893398148498455,5.0,5.003393084310552
3626,0.32516030486863423,0.3125953970084199,5.0,5.000417700222366
3627,0.15712798423727392,0.1599854971084118,5.0,5.000268368114655
3628,0.24082087078329484,0.21245549847301448,5.0,5.005343437229328
3629,0.18369511557840434,0.17484850948669783,5.0,5.00203865220163
3630,0.06828251370377236,0.0642959732433872,5.0,5.001974107437928
3631,0.22605395464121414,0.23112412587774478,5.0,5.001779044752208
3632,0.24090146402071144,0.23049807503723496,5.0,5.000554324777644
3633,0.32407682449014485,0.324734526291544,5.0,5.001130397797677
3634,0.24215822627961892,0.2351255891923143,5.0,4.999507972405617
3635,0.22337643222818415,0.22231926809877445,5.0,5.000489177590373
3636,0.36011032335202997,0.3517341239026597,5.0,5.002165554056797
3637,0.1974249558784753,0.18933716122189992,5.0,5.002555189288449
3638,0.3364269187893063,0.33322330981313897,5.0,5.001040154983256
3639,0.39899672971077793,0.3247822327418437,5.0,4.9659155243810105
3640,0.2745605292197868,0.2945280780425734,5.0,5.002394074440906
3641,0.4210575720954144,0.19444786609901654,5.0,5.006351045470421
3642,0.16651281771871074,0.14226557371488302,5.0,5.0012806463266735
3643,0.2986396558105646,0.29219001927693977,5.0,5.001408887528225
3644,0.18524747636846328,0.18399374396060098,5.0,5.001150880768925
3645,0.3242184254476488,0.30997164606056327,5.0,5.001193938759174
3646,0.14782786684878446,0.14766365768644762,5.0,5.001669716643926
3647,0.30786838498246594,0.32173523164469464,5.0,5.001277546287302
3648,0.19897315609626842,0.189096697674227,5.0,5.002286477893874
3649,0.1906650040829614,0.17404173840561477,5.0,5.002913015656647
3650,0.22815298212276902,0.23256531180774642,5.0,5.001699450077872
3651,0.25382026417291637,0.3019809755847378,5.0,5.000870029754605
3652,0.24886218872458366,0.25499123256085965,5.0,5.000061349014002
3653,0.1981929905103781,0.2021696699769353,5.0,5.000943093787482
3654,0.35081027835292145,0.3498392985018073,5.0,5.001195377022469
3655,0.16970002989492605,0.1619929616052107,5.0,5.001393927950062
3656,0.21324234163273936,0.21625696058242405,5.0,5.000648664885334
3657,0.15853629098982425,0.1480861872160868,5.0,4.999895608452061
3658,0.2431994361245784,0.23609400148859372,5.0,5.002372597209321
3659,0.20391612716601504,0.2105569154426079,5.0,5.001669814098051
3660,0.2564129993834785,0.2511453122405909,5.0,5.001394216496209
3661,0.21153795630369143,0.2058738751538447,5.0,5.000154151490577
3662,0.42851655619875983,0.35228004291307324,5.0,5.001008896233667
3663,0.2836219102942843,0.2683921608096549,5.0,5.002253348319705
3664,0.22957484467554923,0.24457892147468785,5.0,5.005864335726793
3665,0.16945153732830165,0.16817110088855403,5.0,5.000803570901624
3666,0.3037252008598841,0.29823267497220596,5.0,5.001513059321034
3667,0.18964008697917123,0.18705936471948093,5.0,5.001466329430713
3668,0.3086019414073118,0.30728699633236234,5.0,5.00021252803462
3669,0.17956780065006717,0.17159638237137242,5.0,5.000486836093883
3670,0.19660596536660746,0.18838036803175218,5.0,5.002329573227859
3671,0.3191484712271888,0.3149770029109067,5.0,5.001620758357976
3672,0.24422088549711085,0.217576521847759,5.0,5.003503577019863
3673,0.17577647206321467,0.1704004860576669,5.0,4.9995439717252665
3674,0.2967838825469076,0.30221961116942775,5.0,5.001667295792984
3675,0.3283615808459539,0.322912142757948,5.0,5.000716801414153
3676,0.22483777889361645,0.22460210464964003,5.0,5.00200732894295
3677,0.3316859669239398,0.3179652115047129,5.0,5.000929493350945
3678,0.18045808024232146,0.1742844923844904,5.0,5.000563879327373
3679,0.3023621186433054,0.28861087544183484,5.0,5.001752169135711
3680,0.19560650385510314,0.18880166075035998,5.0,5.001226793358757
3681,0.3048498229825023,0.21009650251067424,5.0,5.0067140873926075
3682,0.42509753857012345,0.4152168690215181,5.0,5.0012134499317185
3683,0.14093500147794247,0.15825355861126766,5.0,4.993858089739485
3684,0.17555787533832845,0.21766970339957914,5.0,5.003794755492281
3685,0.34402969224751834,0.3389836365827512,5.0,5.001881868444764
3686,0.17093436569227682,0.18269025892577195,5.0,4.999364293362278
3687,0.23728456966453648,0.23879761575345637,5.0,5.009398839681207
3688,0.32687642949685647,0.31564914822968926,5.0,5.001435007445734
3689,0.4191809020486965,0.4108100625725517,5.0,5.0004272715754094
3690,0.2995015192093786,0.30427614942947967,5.0,5.002282977912271
3691,0.15057180546574522,0.14487128495574675,5.0,5.00161660603295
3692,0.17543502463558647,0.214864853997903,5.0,5.002973522720975
3693,0.23372979775942948,0.230424874328772,5.0,5.000964037702564
3694,0.3256701890670681,0.3084687525275265,5.0,5.001543012735583
3695,0.3186116367092642,0.30432668924199335,5.0,5.00232534469256
3696,0.1052255465417602,0.09107292351833984,5.0,5.003719938580673
3697,0.17952821816536324,0.1712522644968939,5.0,5.001388560257256
3698,0.2856258776598779,0.2758352901622998,5.0,5.003383992248915
3699,0.2687986433079208,0.27107652694255924,5.0,5.001583156732181
3700,0.29925941422425106,0.304102279066494,5.0,5.001326420627663
3701,0.3439182974287742,0.3758807590068254,5.0,5.002647067637218
3702,0.2549474523353792,0.2592117610480764,5.0,5.001441063181753
3703,0.24502498458031385,0.24046447854939568,5.0,5.001257163792676
3704,0.2992915060454342,0.28320175987390117,5.0,5.002191334341264
3705,0.3988745967973295,0.3826369690467748,5.0,5.001427585286695
3706,0.42054574373938713,0.3118756925860686,5.0,5.002311498019409
3707,0.09655159604145647,0.09838515227223898,5.0,5.002336906841052
3708,0.18902834534865143,0.1895423126147162,5.0,5.001122494535641
3709,0.28102043316152914,0.2706458489014141,5.0,5.000106687869321
3710,0.06614962250248757,0.0639233963344652,5.0,5.001339509347957
3711,0.15690577817500007,0.23258498059514254,5.0,5.005800197746479
3712,0.3961610606254098,0.39475146904327985,5.0,5.000305077478826
3713,0.21107638042080756,0.20608286660536668,5.0,5.004610434097163
3714,0.1571893471249186,0.15518292202866357,5.0,5.0011328235411945
3715,0.2344783775791235,0.2321004912879836,5.0,5.000911183915155
3716,0.22138859044794668,0.20707051787158304,5.0,5.001598156735749
3717,0.1265139608809136,0.12952797583795017,5.0,5.001663377982251
3718,0.37394027980218514,0.36837274988900126,5.0,5.001499536785241
3719,0.1604200658826047,0.1666222517094833,5.0,4.993094693188258
3720,0.2333524937139766,0.21443490263493348,5.0,5.020513843663146
3721,0.44271606649604456,0.4218571426052251,5.0,5.0004639033319265
3722,0.35586909203979733,0.3536418436353128,5.0,5.000472064789108
3723,0.2158553988676244,0.20760232427076786,5.0,5.001819488895132
3724,0.21623912493548247,0.21054614019221285,5.0,5.001762306105855
3725,0.36336557359284627,0.34355512304473623,5.0,5.001309220225014
3726,0.39075775992108963,0.3789829021075195,5.0,5.0016916561549785
3727,0.1885333661580908,0.1823619791094151,5.0,5.001203394357789
3728,0.34426685810321955,0.31376943197355933,5.0,4.997778507800517
3729,0.24067102462266488,0.25301240075016485,5.0,5.001627371316832
3730,0.30835870945962895,0.3126041075636341,5.0,5.001523623744042
3731,0.28156638214495033,0.28321544189863457,5.0,5.000821279967109
3732,0.3223245678024331,0.31311195943806935,5.0,5.00008508381284
3733,0.1809674493233202,0.1864778142576684,5.0,5.002518866412506
3734,0.20792349041386315,0.20613150043976924,5.0,5.000908854281185
3735,0.26037770525012305,0.23767682163517168,5.0,5.002411082738645
3736,0.23577014617108571,0.2193049669918421,5.0,5.003238719592558
3737,0.25721098846561974,0.25282198831140335,5.0,5.00196753055377
3738,0.36206974808658,0.354622510396835,5.0,5.002027206223598
3739,0.20800369775690575,0.18975356486045714,5.0,5.002756430980755
3740,0.19955973179179853,0.19169774628737057,5.0,5.001922597997099
3741,0.15695195240804538,0.14172066434569786,5.0,5.001065197545325
3742,0.21228524574459273,0.2264534440997079,5.0,5.001344814228803
3743,0.14419327879481347,0.14688883456346136,5.0,4.996615455553233
3744,0.35434721344445097,0.319530849545163,5.0,5.029455421939684
3745,0.23559898388076994,0.25548169395037545,5.0,5.002628352280887
3746,0.20251554987741383,0.1944292093447657,5.0,5.001086105264454
3747,0.15349376724575214,0.14142057424559873,5.0,5.00168488220738
3748,0.1792697105049963,0.18977006558694676,5.0,5.001868930357274
3749,0.21683709578478827,0.22486245411452987,5.0,4.997936854514462
3750,0.19798092891953822,0.20473108402103124,5.0,5.001428473301059
3751,0.19205700930124836,0.18308927892462212,5.0,5.00146027651815
3752,0.2159636374502747,0.21878489674752655,5.0,5.002029894284821
3753,0.39949223464152794,0.3390518393211496,5.0,5.003177991118495
3754,0.19591501082950225,0.1948840135414891,5.0,5.001840769069821
3755,0.3701085275129887,0.3643712214861421,5.0,5.0011811371309545
3756,0.16552917069755435,0.16922797218506447,5.0,5.001851387307417
3757,0.3321367288962147,0.3566987942830111,5.0,5.000689010118862
3758,0.2660412936007823,0.28409414815861833,5.0,5.002038336482126
3759,0.1620999088672901,0.16131907596428796,5.0,5.000775663031565
3760,0.25155109643008444,0.20049149408019074,5.0,5.0
3761,0.26952353616788494,0.27315409388848266,5.0,5.00090683686345
3762,0.2948112398652918,0.27967123496249324,5.0,5.001622848542304
3763,0.1621596324399135,0.16078739866177916,5.0,5.002533440410826
3764,0.438888464731753,0.4490610877289136,5.0,4.9949300144986175
3765,0.15151804148297665,0.1445408412544218,5.0,5.000893363816541
3766,0.4236342000537672,0.421810950609373,5.0,5.000837579530071
3767,0.26365112512491273,0.25262864134747054,5.0,5.001189506281136
3768,0.29608045551794904,0.2945654692132842,5.0,5.003586699869178
3769,0.12998208316734394,0.10238246401758877,5.0,5.002067694726682
3770,0.14663621833991614,0.1423383361338173,5.0,5.003620526905452
3771,0.4182201918486246,0.4344750837039748,5.0,5.003937867130643
3772,0.2414458538826194,0.2461967349564258,5.0,5.001679257684417
3773,0.20898358870777844,0.14642847537660053,5.0,5.065258816219105
3774,0.08324587185851229,0.06375068986535437,5.0,5.079129096182751
3775,0.2603393392773754,0.14852228011281943,5.0,5.085625763348425
3776,0.35232049127158827,0.27868221529764003,5.0,5.085856274809961
3777,0.15462689177916733,0.12369534865649934,5.0,5.093492205644221
3778,0.113984715670026,0.09795839253435079,5.0,5.035417764502332
3779,0.28476106826439684,0.2235440645375868,5.0,5.091454085422882
3780,0.23781517640464456,0.20695226421386947,5.0,5.08031317356477
3781,0.3302828109640954,0.2563828287386781,5.0,5.111293201856917
3782,0.1328104211794432,0.10810399796901926,5.0,5.070371911343523
3783,0.13816028615864595,0.1141200043748204,5.0,5.061017865455897
3784,0.24013608614440063,0.1865123351276876,5.0,5.07724529728967
3785,0.21456251628147993,0.16252822478567452,5.0,5.082496680271005
3786,0.2958582131488037,0.22998279118583298,5.0,5.076651294841845
3787,0.09967295320803915,0.07759335570047066,5.0,5.07462265839286
3788,0.3424169690407959,0.3021654175054522,5.0,5.079654256859367
3789,0.3825521125421876,0.302084678280343,5.0,5.082813994408246
3790,0.34633737010691434,0.2672003086928899,5.0,5.182954618009212
3791,0.22124941776807638,0.16987351548362173,5.0,5.077868215529326
3792,0.34110162151181056,0.2703224622012177,5.0,5.082212094564085
3793,0.2900976450085804,0.21112326167496387,5.0,5.080278649650465
3794,0.31776992059616616,0.2980338656182633,5.0,5.069344473443058
3795,0.3119490761748356,0.06051678918665515,5.0,5.075047092870459
3796,0.16578167303824376,0.13067710680415212,5.0,5.0845676960345365
3797,0.24262175612955228,0.20937404485946187,5.0,5.078904497673227
3798,0.16829860441878663,0.17426267982258703,5.0,5.083012098626742
3799,0.33270187367702153,0.26284298695219444,5.0,5.080436239986321
3800,0.24207819280140352,0.2684361335902534,5.0,5.075812066731338
3801,0.26598154842679067,0.2083932397573437,5.0,5.085192899102919
3802,0.31391079120704757,0.25573119305911174,5.0,5.079579300351238
3803,0.25232843492932977,0.20529584713160332,5.0,5.081399333514796
3804,0.34812665177459867,0.22419315819524432,5.0,5.090534802401212
3805,0.26989376367425355,0.17427699788623197,5.0,5.088658844504046
3806,0.13512080125195203,0.11100351753957849,5.0,5.070637914071909
3807,0.2101035433236238,0.16762105692134321,5.0,5.093947727823878
3808,0.24322162652501644,0.19912943260063654,5.0,5.120853344226868
3809,0.4130572748656487,0.32591246379813055,5.0,5.076441372823712
3810,0.3163225115767705,0.24971352194540786,5.0,5.079397632982436
3811,0.3663175988189722,0.2975985905606944,5.0,5.080414520022947
3812,0.23187354628306078,0.17964958374750606,5.0,5.085107121656316
3813,0.3224269433931537,0.24704288921116646,5.0,5.079317611813501
3814,0.19283805620682215,0.10572363769083526,5.0,5.1176946230544385
3815,0.30940035816612643,0.19020092084746776,5.0,5.057011227513684
3816,0.2996257383424126,0.24170238438211822,5.0,5.07495091948349
3817,0.3309125260101804,0.2454154262074657,5.0,5.081401213149466
3818,0.18778061852600314,0.1422923829695405,5.0,5.078932495031738
3819,0.3901064210210421,0.24853098208495505,5.0,5.069585666573975
3820,0.20440467464998546,0.15554469076275868,5.0,5.080836964393907
3821,0.2983307970231168,0.2118376221144167,5.0,5.090423319081703
3822,0.2391247435318311,0.18589371267097454,5.0,5.082339766945108
3823,0.39183538276362606,0.32458640254087756,5.0,5.07792788231602
3824,0.27572713134326277,0.22254840902186546,5.0,5.074556869478073
3825,0.13350382010339956,0.09475902921014057,5.0,5.076529436699708
3826,0.2794780602225426,0.22531075951239132,5.0,5.080865159224226
3827,0.3213855493391826,0.23052646209123862,5.0,5.087743367074156
3828,0.3127923667528685,0.2385048280045463,5.0,5.088390759079244
3829,0.22788557724728364,0.15703289637362672,5.0,5.0746778101859835
3830,0.2032982684550393,0.1670035674746616,5.0,5.077851452507742
3831,0.234067152724037,0.179841862341799,5.0,5.0764674709528546
3832,0.20607960307286133,0.1660134156931834,5.0,5.075283442982634
3833,0.25334258092607875,0.18782399484482903,5.0,5.071305368760433
3834,0.2819603987817847,0.24366116292600326,5.0,5.081302973044481
3835,0.292953811357644,0.2280666386629363,5.0,5.068051239972515
3836,0.2481518589685281,0.19018366318684765,5.0,5.09389948929841
3837,0.22661176669933436,0.1697767859682886,5.0,5.080530061256097
3838,0.23148079762777818,0.20375085501412316,5.0,5.077996591940899
3839,0.24751796170077878,0.19892684221682377,5.0,5.078453333795574
3840,0.17134083142365109,0.13286235367982657,5.0,5.077456606993165
3841,0.2065396028481188,0.16423841566179442,5.0,5.077958257192767
3842,0.23507457770947426,0.17270872840871698,5.0,5.086963392780115
3843,0.16178034190072044,0.1207686699121715,5.0,5.08396875720484
3844,0.18599264710530838,0.15123346502355228,5.0,5.070428889678613
3845,0.1944791415464171,0.15412970707241302,5.0,5.082823637904186
3846,0.28454657272773587,0.2217507509441593,5.0,5.076735592417441
3847,0.3993369499101789,0.2840825217847245,5.0,5.078905302156302
3848,0.27471310511119174,0.20820717985137493,5.0,5.08605488150776
3849,0.3233185077437577,0.2587998469756707,5.0,5.084793888039645
3850,0.37775899816457037,0.3008252631272549,5.0,5.070942996104462
3851,0.2640909875686639,0.20722656888835456,5.0,5.083749619539164
3852,0.28468154965137193,0.22682586479485023,5.0,5.088818016221692
3853,0.24154463324844722,0.18915227804122658,5.0,5.073938291630764
3854,0.3361969046248652,0.2606397366307732,5.0,5.08066780547014
3855,0.1773390879016674,0.14019049846351828,5.0,5.073092270455071
3856,0.32866918950723445,0.2755374098556025,5.0,5.077780463175712
3857,0.33208756873191203,0.2698197926441397,5.0,5.08077014835659
3858,0.26902619468984046,0.19033779584182642,5.0,5.088835321727885
3859,0.39704411831948394,0.31539564553399013,5.0,5.080376372229862
3860,0.36990966787582824,0.28814939080995194,5.0,5.08756643158871
3861,0.27098060127287193,0.21935558459965732,5.0,5.083787067396042
3862,0.2042557351307619,0.17484537212594553,5.0,5.077794838264955
3863,0.31355471390605016,0.25934194003221533,5.0,4.969676675125312
3864,0.2054417965624713,0.16549041861797498,5.0,5.0686183461012835
3865,0.2490711899281015,0.21458782677199395,5.0,5.062861988137728
3866,0.2853786562156546,0.2279805876771026,5.0,5.078429327480798
3867,0.3531002533539813,0.265877423336467,5.0,5.078522282848672
3868,0.36485280953557253,0.29362344684397645,5.0,5.076578029930232
3869,0.1862555559877619,0.1478039466059764,5.0,5.066476653833769
3870,0.4538712321244438,0.3533905905263459,5.0,5.077962380607275
3871,0.2401934071398415,0.19159653582838754,5.0,5.071816842790389
3872,0.19193826391361024,0.14965001033600567,5.0,5.087149367564052
3873,0.30344708454712954,0.24148681574887565,5.0,5.076433215395557
3874,0.34612755583107213,0.2755399580456832,5.0,5.082534637193534
3875,0.32314121332679746,0.2733288752264642,5.0,5.0810322248392215
3876,0.20623277186239242,0.15760343926470965,5.0,5.07767311186627
3877,0.2829380001836517,0.2204699788309894,5.0,5.079708858471816
3878,0.2046120811359402,0.15674784600082314,5.0,5.079329885439172
3879,0.1663918546420735,0.13299874202627793,5.0,5.072674360230884
3880,0.16970389720863377,0.12323792351324969,5.0,5.082003714199024
3881,0.14910919535908596,0.13393129340954513,5.0,5.073134254662808
3882,0.26781114465082445,0.23845560907714192,5.0,5.093384853606233
3883,0.27190941858661,0.11631111314415321,5.0,5.070722981415328
3884,0.23001025804980357,0.21675583719032376,5.0,5.076556705136195
3885,0.34219651948075525,0.26366386920324314,5.0,5.092327239805412
3886,0.21349248901678752,0.16967614873519965,5.0,5.0774985391721295
3887,0.15527351672181333,0.11687666546316455,5.0,5.086079082587638
3888,0.34474482414985586,0.2757660495526243,5.0,5.080390300138742
3889,0.17440040977193538,0.14483752451523957,5.0,5.081201411911023
3890,0.24335605163221996,0.18184975668447922,5.0,5.067837604483216
3891,0.34666744586788845,0.24541164452119624,5.0,5.080777087921851
3892,0.16334027010560725,0.1300152764768705,5.0,5.075741241219474
3893,0.26081023973001494,0.20804674858745054,5.0,5.075132045111328
3894,0.11745654988950704,0.10269851792497864,5.0,5.076309730432591
3895,0.3364892258696828,0.2707467455202597,5.0,5.084836210436476
3896,0.2185599257196722,0.18992794059444917,5.0,5.069874135239987
3897,0.34132660086883604,0.2601063494997924,5.0,5.080119168618351
3898,0.16528201893553796,0.14171728327214628,5.0,5.093471581332407
3899,0.321326640046919,0.23800805158617688,5.0,5.0857930461403456
3900,0.3255871484782238,0.26229382979539817,5.0,5.073649521726935
3901,0.1938069970962062,0.15271626040825081,5.0,5.083678437992969
3902,0.1968391044341704,0.16412072321200344,5.0,5.120814114918382
3903,0.17686060603197196,0.1395236012994332,5.0,5.081588301689424
3904,0.2518929123175726,0.1736257789632838,5.0,5.087879675431921
3905,0.32268226679124234,0.2598677487673544,5.0,5.076394067421637
3906,0.23088597986204928,0.18399049347380458,5.0,5.0829592392271294
3907,0.27364763303752326,0.2175180214223118,5.0,5.082759569022697
3908,0.23189689779468647,0.17243450005594507,5.0,5.066109487779871
3909,0.23424185993420732,0.17897730962917935,5.0,5.074462683809999
3910,0.16502855147729112,0.12972021911197862,5.0,5.077687058497631
3911,0.29884094625634594,0.23586650244301377,5.0,5.082282402187701
3912,0.36998612757719584,0.2927082997159618,5.0,5.0842607304486
3913,0.2257535947414926,0.1655876057385104,5.0,5.09252219526644
3914,0.3541138435897009,0.2870820152602409,5.0,5.086711285853882
3915,0.4263888295972855,0.32984526783473267,5.0,5.089264617798133
3916,0.42103725526983804,0.32940281209114985,5.0,5.085385181121973
3917,0.2709464022248027,0.2269754709089945,5.0,5.074334765144748
3918,0.40343924419309807,0.3209852010396209,5.0,5.070171718752592
3919,0.2627756239597514,0.20944362540346417,5.0,5.091495226189551
3920,0.2923763741650829,0.22908093527133855,5.0,5.077153157401231
3921,0.13252875183633805,0.10069821316839422,5.0,5.0884644234824705
3922,0.32286554396740397,0.25724837995208816,5.0,5.101686868905544
3923,0.28673033140627924,0.22448366374848527,5.0,5.078909392612401
3924,0.35734659344335773,0.2836507405082258,5.0,5.075544740784412
3925,0.1819957701984889,0.15015175682967474,5.0,5.0717547106616045
3926,0.20855730345530632,0.1739846733125372,5.0,5.087238649939803
3927,0.23243795935166545,0.18775870967731279,5.0,5.06918183588926
3928,0.07539011102709847,0.05876448831416936,5.0,5.083113221840865
3929,0.2984712640395446,0.2356186607224433,5.0,5.080168848714104
3930,0.23538457705665672,0.18053904757364858,5.0,5.082437442491887
3931,0.22962974663638724,0.15629121154437997,5.0,5.1043821933063604
3932,0.24969704126039116,0.19654017528916667,5.0,5.085128621701562
3933,0.1788853624854818,0.15620802020917868,5.0,5.083865864679584
3934,0.41249118600466406,0.32909748161158214,5.0,5.077319399330262
3935,0.21476712263656506,0.17113923679776677,5.0,5.0
3936,0.15232036555794082,0.11919460528162773,5.0,5.074874973338277
3937,0.21036822155400925,0.16052888571804846,5.0,5.084903224309274
3938,0.25429043203203094,0.19877383315285857,5.0,5.0804815766888645
3939,0.26266972095489227,0.2126992716335384,5.0,5.077602981874998
3940,0.5211121197847239,0.3103309012728279,5.0,5.086623848686269
3941,0.20774913970093545,0.16410384771903863,5.0,5.074807240941013
3942,0.284725234857482,0.2365763759710371,5.0,5.06910559204381
3943,0.11711743858470669,0.10083758467340287,5.0,5.079347143753088
3944,0.28389540590621953,0.2254475107746523,5.0,5.077834872822029
3945,0.22135844455224585,0.17780429550334675,5.0,5.081617738888573
3946,0.14667684079072374,0.11647633285453107,5.0,5.077712328581452
3947,0.15797375660759538,0.12300202342020206,5.0,5.106856712405685
3948,0.3707214782018693,0.293703102993603,5.0,5.088862055562009
3949,0.15027573958792595,0.09761949264240688,5.0,5.069153003944882
3950,0.2388225273823663,0.19309094050482167,5.0,5.068353592145742
3951,0.129031498746913,0.11375969848217782,5.0,5.087145006999743
3952,0.23149914251518333,0.1797493781117192,5.0,5.085814306772125
3953,0.2665455357799378,0.21172554020266454,5.0,5.073623250918624
3954,0.24174912004421945,0.1913150051482304,5.0,5.081170488349533
3955,0.3730804597439943,0.34622698526864126,5.0,5.091475225951081
3956,0.26038605322939623,0.20705112879456067,5.0,5.087166239137657
3957,0.22366240285011352,0.17278187542399648,5.0,5.085085006405512
3958,0.22362103329127136,0.15292932139368653,5.0,5.077387941668432
3959,0.29766388719062364,0.20823718371206523,5.0,5.0692430051412085
3960,0.15188523182501612,0.10048763401161498,5.0,5.073862532085958
3961,0.29769231259448325,0.23767287647557622,5.0,5.0729089041919995
3962,0.4853787881009082,0.36624114578949807,5.0,5.074934091178189
3963,0.24820871255798416,0.19769858952134967,5.0,5.078621840609792
3964,0.31049569133822374,0.25279371459429234,5.0,5.070995722031597
3965,0.25448434698810485,0.15292016549984877,5.0,5.078928993489784
3966,0.4962419887047227,0.39803537115039744,5.0,5.088543892905655
3967,0.4118600688531002,0.177431180045575,5.0,5.081629233180971
3968,0.09017600101919232,0.08357560773057204,5.0,5.085303829158212
3969,0.0716488723451909,0.06075891138516787,5.0,5.079200501914887
3970,0.32237630761173675,0.27404815631313983,5.0,5.071938702153798
3971,0.19557167105709294,0.1589974063241233,5.0,5.075836357269425
3972,0.2872632616728661,0.23066283617959238,5.0,5.066819180717905
3973,0.17549933284313113,0.13445486144064556,5.0,5.079486447935029
3974,0.13533507947766243,0.11303717595437257,5.0,5.062321961433369
3975,0.2806377099830435,0.22791230328173706,5.0,5.072529668764005
3976,0.27495123253741993,0.22026905796092933,5.0,5.069506190801141
3977,0.34885053502381314,0.275186005953427,5.0,5.094151071195121
3978,0.21744451563798362,0.16693080168851226,5.0,5.08131310394023
3979,0.26635142116284993,0.21118833229842315,5.0,5.078268976081359
3980,0.20847376226813719,0.12054154497925573,5.0,5.083224696320672
3981,0.08655086324949823,0.07126287476622206,5.0,5.076148469661357
3982,0.27648394148967226,0.226568854363842,5.0,5.089773290051811
3983,0.18991978155476463,0.14124049500838587,5.0,5.076332420091827
3984,0.4066267179688572,0.32912740571576626,5.0,5.090639632822818
3985,0.18424898256698619,0.14568936265328425,5.0,5.076018627199463
3986,0.06849605054743413,0.07284057695581225,5.0,5.074059478122823
3987,0.1401543212733556,0.11931119004395918,5.0,5.079710131846893
3988,0.11995325055440298,0.08556885971630446,5.0,5.077240942298031
3989,0.24932814665095804,0.20115022341041533,5.0,5.076788558618031
3990,0.2943459504348158,0.24337196493669766,5.0,5.088133838949771
3991,0.20748796383201396,0.148753694489006,5.0,5.073283877383696
3992,0.18613725405510695,0.1354874621572233,5.0,5.078148993834075
3993,0.33299664523353,0.2673849010854743,5.0,5.088909794161314
3994,0.2786456120737608,0.21417488586801392,5.0,5.116433303037198
3995,0.3423970145179849,0.2683268470012322,5.0,5.0755778416554165
3996,0.1825706382322574,0.14194650459664238,5.0,5.080743828010261
3997,0.09035987948316015,0.045399331941181176,5.0,5.065989987269823
3998,0.24200413786365726,0.19447936277845335,5.0,5.0
3999,0.20499129485097112,0.1659863730978859,5.0,5.078257831226054
4000,0.36674916591585927,0.2972056335644049,5.0,5.070500167157981
4001,0.35430096485138707,0.27498643015895374,5.0,5.086987388062552
4002,0.3714341404920871,0.2930479415043503,5.0,5.091773383069338
4003,0.4170326932884376,0.3277726432260867,5.0,5.074871842179354
4004,0.2586074549504671,0.18012593655371623,5.0,5.070964250687977
4005,0.3429141827558959,0.2699986648457684,5.0,5.0891978784028336
4006,0.17861941917876534,0.14827210632177468,5.0,5.079289314053783
4007,0.27437261023178294,0.21328995136941709,5.0,5.082246207345378
4008,0.29437834100405436,0.2378082958056802,5.0,5.102863563151496
4009,0.36639201129455023,0.3033105901752754,5.0,5.069134677631961
4010,0.27438904483253723,0.21677789888279475,5.0,5.084342055376387
4011,0.13703781573742657,0.1145239295092444,5.0,5.078296118524701
4012,0.3574166069478524,0.27929147943515065,5.0,5.077881151261057
4013,0.22695557581214842,0.17731951160276505,5.0,5.075507919833173
4014,0.1986368864060961,0.16293360664817036,5.0,5.081119849311024
4015,0.27061352009749995,0.1670941221727864,5.0,5.097705550714329
4016,0.20013223440755223,0.1609623609947599,5.0,5.0800742988697145
4017,0.29942684351559823,0.20520973395315245,5.0,5.06688702392073
4018,0.33394725454942864,0.26222638154591915,5.0,5.076099439025654
4019,0.19250056362402446,0.1419960773293497,5.0,5.086360676468988
4020,0.42544175177361,0.20220826916586487,5.0,5.0853836192149515
4021,0.40550379142109017,0.3119660288071273,5.0,5.085374052455105
4022,0.21799624193501943,0.17107531226196282,5.0,5.0861537716520555
4023,0.27772307854985656,0.2197740470916394,5.0,5.085071683040416
4024,0.28637352147512307,0.22974490361025857,5.0,5.079901821082506
4025,0.19370533505251797,0.14119362605640773,5.0,5.076729537158249
4026,0.1908795081835113,0.1653788597504975,5.0,5.077678812855293
4027,0.20382648454032526,0.14066917544604618,5.0,5.066354624650087
4028,0.310848887206864,0.2510318133265612,5.0,5.08380299313373
4029,0.22044772867543916,0.2077956956076068,5.0,5.082411005026701
4030,0.3623837508277328,0.2819555577147492,5.0,5.0811097985601705
4031,0.1964219606087234,0.18119909055417271,5.0,5.085691148534073
4032,0.1740980973637829,0.14503862265261147,5.0,5.078900072475063
4033,0.2280018226840239,0.2150540026267178,5.0,5.076186826012625
4034,0.3300110542560657,0.2651373632187356,5.0,5.075117898577393
4035,0.23194655945203668,0.17989799348312685,5.0,5.081568175521953
4036,0.15176366124405205,0.1283080904691173,5.0,5.0681218363416125
4037,0.20993471451802814,0.17729366777865163,5.0,5.079990473232918
4038,0.2647280153019116,0.20908701924294326,5.0,5.083596450954122
4039,0.19843622640610548,0.1591726824441445,5.0,5.079875340475191
4040,0.2648570399526602,0.20867569623753845,5.0,5.079302116891347
4041,0.18996378569804873,0.15672993238815036,5.0,5.058927191818885
4042,0.39141797193999994,0.3016517470573117,5.0,5.086804137151617
4043,0.3051437831072572,0.23954522947461032,5.0,5.088606813582768
4044,0.1773428029298314,0.14074482237519248,5.0,5.065537046206838
4045,0.23302152534665033,0.18138105985794684,5.0,5.07295871011789
4046,0.16014005808602594,0.1274088864377716,5.0,5.076815701805311
4047,0.20462161978044935,0.14082977188238033,5.0,5.073226262936776
4048,0.182679886476538,0.1499320789797185,5.0,5.050122134235737
4049,0.17417583219118904,0.15400984942060436,5.0,5.080488677871946
4050,0.25553772604032554,0.20647535509121506,5.0,5.085085863137566
4051,0.3901113301443966,0.3011257876826845,5.0,5.077794908223092
4052,0.42469672437763806,0.3320248357892974,5.0,5.083497733589271
4053,0.27171173966861706,0.21534059692771823,5.0,5.079577034995912
4054,0.2474108921059479,0.17229835350029643,5.0,5.078852512692729
4055,0.29437109921057836,0.23158448360732842,5.0,5.087456254138445
4056,0.1828331662926308,0.17284667667077658,5.0,5.081899608441258
4057,0.4087268179343744,0.30522352219533355,5.0,5.090613653205933
4058,0.30884426378639196,0.2470070502672449,5.0,5.075049801567442
4059,0.11389689645386314,0.09080735047427724,5.0,5.084226032426384
4060,0.29041395183711205,0.23425283100486727,5.0,5.081806354713487
4061,0.23547454731757278,0.17211784785872974,5.0,5.080418214098108
4062,0.17306435640039664,0.13015724069650858,5.0,5.069955705123528
4063,0.2626077194719927,0.21309613257874327,5.0,5.0844867634909985
4064,0.2563434042772863,0.20268178885838095,5.0,5.09166769115275
4065,0.19635916796579966,0.15342247692304123,5.0,5.082080151990844
4066,0.14461629392729192,0.11228689335325637,5.0,5.08000658467707
4067,0.35307355284233966,0.2803979712799627,5.0,5.087772695032573
4068,0.15823250077365358,0.15667622799749203,5.0,5.078076428415796
4069,0.3137135209860864,0.22812924729431305,5.0,5.07801330831696
4070,0.16899324069654975,0.13626354008752029,5.0,5.067311585252803
4071,0.2532374902119727,0.19694962857983622,5.0,5.0976726316470256
4072,0.14113511841647508,0.11116643910058421,5.0,5.07663120126538
4073,0.17349554662531053,0.13952358218744476,5.0,5.082734333869849
4074,0.16747488340100736,0.13997384742353625,5.0,5.07149869312582
4075,0.20455005646369018,0.15694544724000525,5.0,5.0710818743801855
4076,0.05738002271928244,0.04927464790078395,5.0,5.083574857170783
4077,0.22426899280207713,0.17608327788937506,5.0,5.082925765193078
4078,0.1444926273283591,0.07557744152977297,5.0,5.0854907908570635
4079,0.20402900658472722,0.21036467245391433,5.0,5.074678424159558
4080,0.2558167678360066,0.20572654650277877,5.0,5.087527829420804
4081,0.2957510965885566,0.22080395098434735,5.0,5.083136432697781
4082,0.32350681996132247,0.2539521828495952,5.0,5.08528939578885
4083,0.20319147313191066,0.13649528834232272,5.0,5.072210662562462
4084,0.11376175146558554,0.09566081432558349,5.0,5.090965941001739
4085,0.1895076654687271,0.1515123964202223,5.0,5.084373424403408
4086,0.25205651578736976,0.20381094774545172,5.0,5.084745844092158
4087,0.13491908353510373,0.12725468280580932,5.0,5.062064591573954
4088,0.20891330312409973,0.13610978983804167,5.0,5.081315229179646
4089,0.19275077272509322,0.15375101135412805,5.0,5.077293992941225
4090,0.2567401656984267,0.08551646539106295,5.0,5.084021623551358
4091,0.17641224480050766,0.146859307022003,5.0,5.063129875955532
4092,0.2206630268002372,0.1867157150892642,5.0,5.0795286716530885
4093,0.1895904772366619,0.14722584523335125,5.0,5.113771097276656
4094,0.2851299052214331,0.30809702810758766,5.0,5.074713468413554
4095,0.4014836963162083,0.32980057327402057,5.0,5.086106849231369
4096,0.23275106748578311,0.19387483025029417,5.0,5.083889465998004
4097,0.2884138811553363,0.2290210494599616,5.0,5.080536465428329
4098,0.4023247044099998,0.3245475833207152,5.0,5.079497467392837
4099,0.13090550021243086,0.13431396399143303,5.0,5.0725523892629365
4100,0.11852279978965963,0.1132745518122722,5.0,5.076465486692072
4101,0.2899902736047335,0.22818644753456963,5.0,5.072266911909509
4102,0.2807852728044562,0.2237777711268648,5.0,5.071850796483091
4103,0.1454616614595814,0.11438044988123508,5.0,5.082746719015434
4104,0.561773608883207,0.44650571708741693,5.0,5.080379830083901
4105,0.306430525510786,0.2521971186818981,5.0,5.093800830689608
4106,0.20319479703343402,0.2119563185420652,5.0,5.081355875041407
4107,0.18663664802795532,0.17906530600437987,5.0,5.077723484299463
4108,0.27763485916528996,0.21897583887678085,5.0,5.080003128042314
4109,0.30718598617002324,0.22676458678243439,5.0,5.086757591836735
4110,0.40533485368072864,0.38883419104893724,5.0,5.096486006471945
4111,0.1975209258612156,0.15433188393336783,5.0,5.086955315497281
4112,0.3601253525183701,0.2804511716622491,5.0,5.092471685873381
4113,0.09899629798048415,0.07319844189040059,5.0,5.095365811824051
4114,0.5721828754881002,0.4506365772596965,5.0,5.100776109978096
4115,0.30427139681524773,0.2468639090892153,5.0,5.089003323188681
4116,0.23263627109768525,0.19597235238038446,5.0,5.102108479388567
4117,0.31850855719444593,0.24169271830420325,5.0,5.086341011103697
4118,0.26412450136930676,0.17783070277214597,5.0,5.098358213336098
4119,0.23514469798869397,0.17306976985901412,5.0,5.089339374493864
4120,0.2315439013954137,0.10818723821915777,5.0,5.083113082220603
4121,0.2957073717632146,0.23749741555274684,5.0,5.08260284613967
4122,0.28887048506059054,0.24888453512001196,5.0,5.079598275784578
4123,0.17585305787677408,0.13650439982949525,5.0,5.093930548251242
4124,0.20338735838613253,0.1694057406494991,5.0,5.085938486363659
4125,0.243263451293237,0.20815477609283484,5.0,5.090116557049154
4126,0.3131528667744121,0.24104033039089345,5.0,5.091232805541779
4127,0.20791149587170454,0.14662794206049345,5.0,5.08853856083447
4128,0.2234047350448134,0.1842685983281075,5.0,5.0839107082771395
4129,0.2811728707873524,0.2121468550479012,5.0,5.0808817759953495
4130,0.2073840497532211,0.15875194870726916,5.0,5.0902034431104415
4131,0.3224646227933581,0.2550436263577722,5.0,5.090434833183313
4132,0.27633940460531736,0.21585854542399352,5.0,5.0833231918632205
4133,0.0905890721756113,0.06900428476599307,5.0,5.100109394370502
4134,0.19847028228571806,0.1002238431521918,5.0,5.087055297429588
4135,0.2654568558104433,0.20794311622612405,5.0,5.097031904119866
4136,0.16751548431660512,0.1226557148200802,5.0,5.078462403686093
4137,0.25709644533606135,0.20948104989464478,5.0,5.092526588072026
4138,0.13370435783685686,0.10330197685707643,5.0,5.093056752908325
4139,0.3865678436341493,0.2625421220594022,5.0,5.090228408206174
4140,0.2482381005972225,0.1913556177014576,5.0,5.089745377927191
4141,0.19699234484933048,0.1915473424375852,5.0,5.095284705432048
4142,0.15838552323386001,0.10170518595046207,5.0,5.094347767690746
4143,0.15053628060393387,0.11840681970627254,5.0,5.0844149193524135
4144,0.20927001578130566,0.16999332961280744,5.0,5.08654129887101
4145,0.24407608389479796,0.1930330738232553,5.0,5.095050789713564
4146,0.13987607168905014,0.09952176126102963,5.0,5.084243430755855
4147,0.2225079147061204,0.17099023904508304,5.0,5.100318007742892
4148,0.11454035952884611,0.07945458435932251,5.0,5.085356010561881
4149,0.27797416157885424,0.21469209244836152,5.0,5.077175233714355
4150,0.23752408108008405,0.14747158602432442,5.0,5.082374105763865
4151,0.15461761282272102,0.11982454975214063,5.0,5.076198564827354
4152,0.11057205085863298,0.10352208799587559,5.0,5.068756859291312
4153,0.11019832710277533,0.07945188095401245,5.0,5.081059356973192
4154,0.28262759843018137,0.1923354719536925,5.0,5.087909617336939
4155,0.3911405386385236,0.2983865085135431,5.0,5.079230566666926
4156,0.20790231251979385,0.1908981604340485,5.0,5.085455345259637
4157,0.29058386920838086,0.22113377251735877,5.0,5.073188022294461
4158,0.26631145614958474,0.2928921523168768,5.0,5.085713962672633
4159,0.18684244808971862,0.15499831766398076,5.0,5.084494385550613
4160,0.24928561428649143,0.1498957817354527,5.0,5.102031684083279
4161,0.2675562678055843,0.1957991316820331,5.0,5.081786877071499
4162,0.2489095364196907,0.20156535471730264,5.0,5.087387327530726
4163,0.34250415921753485,0.14234506934574276,5.0,5.087100990424611
4164,0.19528130394555165,0.15840972313546275,5.0,5.0889027526848984
4165,0.274648490153268,0.21159960281588952,5.0,5.096244837681123
4166,0.21213084715903263,0.156015234565813,5.0,5.07869499922978
4167,0.12565443738546622,0.09303959772549275,5.0,5.089649421953091
4168,0.3716992624404982,0.28400478645454863,5.0,5.089513162421486
4169,0.3115266913203727,0.23407150274457345,5.0,5.082045993595656
4170,0.22855059223603846,0.18138807175923732,5.0,5.090367875508717
4171,0.2812483729215436,0.22038312145933214,5.0,5.08251674040717
4172,0.22542538466727047,0.1736182239737677,5.0,5.08498404585227
4173,0.09581092038051242,0.05670383966914305,5.0,5.088254996267967
4174,0.211380175259966,0.14761183084354257,5.0,5.0881538466595355
4175,0.17039221750819444,0.129714129732742,5.0,5.090222877270731
4176,0.24940544357081462,0.18821548752017325,5.0,5.082217023102125
4177,0.20641347397883902,0.16818805174990792,5.0,5.081758346948186
4178,0.13186391137745446,0.10793095279815823,5.0,5.073121098903028
4179,0.29930853150874404,0.22693763531741518,5.0,5.088510943407627
4180,0.1661113325753918,0.13780924090457602,5.0,5.084949340489944
4181,0.20057882479774714,0.14166848872803328,5.0,5.082489929856111
4182,0.17187162320069027,0.12871932944207964,5.0,5.083467320612538
4183,0.14770595841998158,0.1517483518941436,5.0,5.08456609221172
4184,0.40307089508246485,0.30353596533041416,5.0,5.096064124131345
4185,0.18948657936035684,0.14343270368939476,5.0,5.08280393642039
4186,0.22952698038770492,0.14322914436578404,5.0,5.092788118577856
4187,0.32992850320964884,0.2373728351747053,5.0,5.0969801968681505
4188,0.3309192639671552,0.2565391210121354,5.0,5.089188716595059
4189,0.37044951832327766,0.24395833644135978,5.0,5.091203279299297
4190,0.2671996736551119,0.18677107290834738,5.0,5.085504864384767
4191,0.3934564335565196,0.32254161987189933,5.0,5.08720142260688
4192,0.27831267880742594,0.2034077212809331,5.0,5.091455752785352
4193,0.2734955406025448,0.1780965551831506,5.0,5.097477427495933
4194,0.1311171822658943,0.10155532768125508,5.0,5.094159942005163
4195,0.3397280066275745,0.21559122650039364,5.0,5.096452203595172
4196,0.1756018387705005,0.1346011561523559,5.0,5.08608997548567
4197,0.18577903541189045,0.1481280841664412,5.0,5.092470366788584
4198,0.21863351625710603,0.18335872416192733,5.0,5.090060074835883
4199,0.1863447750565317,0.14735091226458086,5.0,5.094221734520303
4200,0.42415419333968285,0.32224545327425014,5.0,5.1003442004350585
4201,0.2512111712239298,0.18977182178417418,5.0,5.089063134927567
4202,0.3055662761383473,0.23137761060128725,5.0,5.093242301945704
4203,0.14621948086786873,0.10121599219616784,5.0,5.07671806171202
4204,0.1680124597701247,0.135257718792672,5.0,5.092130360525706
4205,0.33648247916060514,0.2606447321418781,5.0,5.10660264631162
4206,0.17987224447386474,0.13806196710467677,5.0,5.093471943874137
4207,0.28315526245045675,0.2044533254851375,5.0,5.088677725078652
4208,0.2237144392405761,0.17843273051573527,5.0,5.091229227680367
4209,0.19936464697577838,0.1232084050384743,5.0,5.094940998121702
4210,0.27603269203834535,0.1811360395903585,5.0,5.088243107390085
4211,0.21607385086524045,0.12938519122961312,5.0,5.093808096062906
4212,0.1948963312997447,0.13953563886938603,5.0,5.090312515226891
4213,0.10548863188105817,0.07484825954273322,5.0,5.062448888636393
4214,0.19803861328643846,0.13608499609056346,5.0,5.096593488630958
4215,0.15756356548032713,0.12012040553974979,5.0,5.095825440090076
4216,0.2512482616670124,0.19852864227328804,5.0,5.05292768491878
4217,0.14575619624767344,0.13851277946728446,5.0,5.076827410037987
4218,0.3723461806751096,0.2722879161550902,5.0,5.09827136396515
4219,0.3006858447734837,0.23897748360064208,5.0,5.085881745980272
4220,0.20610502845522927,0.16451313591990657,5.0,5.081395677804448
4221,0.08331488908666218,0.058923905715023706,5.0,5.092020073541246
4222,0.1534958892178886,0.11982250925593008,5.0,5.083448286951171
4223,0.2194613634180873,0.16969077759910833,5.0,5.091417090480883
4224,0.11379368907864418,0.09964582124905075,5.0,5.094980608331499
4225,0.20394448924745,0.15941463676458278,5.0,5.081512418041241
4226,0.26107240664313425,0.19213826998281958,5.0,5.083412136239698
4227,0.1700341608963194,0.13652474127353031,5.0,5.086026055755504
4228,0.2941175357280885,0.24042276102676707,5.0,5.09742526682011
4229,0.16790136087403407,0.12267032473308859,5.0,5.082456299804532
4230,0.2816623540821537,0.20820515567662434,5.0,5.085659308527708
4231,0.1580411383394369,0.11388423718502483,5.0,5.089402342113933
4232,0.24757983463156363,0.1870274443352944,5.0,5.089768855003642
4233,0.31107638527004,0.2401035105177941,5.0,5.083953424289804
4234,0.1636242694404364,0.13577283572009824,5.0,5.086046838312974
4235,0.16883203721141893,0.17526569783469048,5.0,5.103250476072283
4236,0.22372880989094224,0.1647608691327489,5.0,5.099167567003784
4237,0.23305130452424816,0.20490807726513138,5.0,5.080082862386446
4238,0.19214672382764397,0.13590890200449235,5.0,5.094199569799525
4239,0.3166040908419381,0.24376419097598012,5.0,5.09608801043087
4240,0.11083986187647277,0.09295350725959128,5.0,5.062147504184429
4241,0.3784226253870926,0.2678040939307218,5.0,5.093471668853926
4242,0.20801619024942042,0.16389950873859338,5.0,5.075492310474035
4243,0.25047181088264603,0.17773504857639744,5.0,5.079751248585342
4244,0.184373708614731,0.1733220797318773,5.0,5.110213127362586
4245,0.2868705961386935,0.216770485443891,5.0,5.0830820929726706
4246,0.2926733527480909,0.22575388644278305,5.0,5.082422407922271
4247,0.1407161561413448,0.1017367014716557,5.0,5.07028236431216
4248,0.47011848152665636,0.33323588250038827,5.0,5.098911738696064
4249,0.07796190801804626,0.03933093428775192,5.0,5.101020212686551
4250,0.12889539476382073,0.11871776768594122,5.0,5.099396026493892
4251,0.16751191257474174,0.13376749181928838,5.0,5.0
4252,0.22698379821258463,0.16605758028461604,5.0,5.086554440170383
4253,0.26427141360388395,0.18888617901686977,5.0,5.0845999843496426
4254,0.21049087326864457,0.14506215681126644,5.0,5.083225655579406
4255,0.22781925142961645,0.16882585342598233,5.0,5.085193036529532
4256,0.2030706851948738,0.15892827435604584,5.0,5.074728581394297
4257,0.2135027154756124,0.1570983684421472,5.0,5.084148235058219
4258,0.26683789881843856,0.21401066371336874,5.0,5.088356486684642
4259,0.40663934382147615,0.31369330590877975,5.0,5.084657161180992
4260,0.28017558180024404,0.21780619778436539,5.0,5.084823909030938
4261,0.1968840412488495,0.1583596424693805,5.0,5.086541568103629
4262,0.20420306914096842,0.16487152449410292,5.0,5.090644042889947
4263,0.18827656572173068,0.10617014768617672,5.0,5.094523633416905
4264,0.26695116212675885,0.17851305184666022,5.0,5.084653268124395
4265,0.20106052645794925,0.16195167526495557,5.0,5.073551671335004
4266,0.24185535238809908,0.1874653681615871,5.0,5.091423388529828
4267,0.2045645965910654,0.15656343053045285,5.0,5.07409595677716
4268,0.241705206985245,0.16783550624978283,5.0,5.081338945076936
4269,0.18622791175629572,0.14098400904766062,5.0,5.080482227777816
4270,0.3564270027625822,0.2506496636588603,5.0,5.093497164777068
4271,0.3176358771547485,0.17107295877634132,5.0,5.082254127972332
4272,0.22274458523705198,0.1574991115601987,5.0,5.091793085066483
4273,0.1712789196992306,0.1316661568527322,5.0,5.049209295669703
4274,0.1740893526069709,0.15520945978638956,5.0,5.088151112491905
4275,0.11822832907302483,0.11578204192032615,5.0,5.084798457852049
4276,0.21140808766421681,0.13865806985324847,5.0,5.083453764471608
4277,0.15559128963751978,0.11568755590405089,5.0,5.079197541787526
4278,0.20966965735759313,0.1610822253383669,5.0,5.085434664650332
4279,0.37236609255456976,0.279075084193503,5.0,5.097777454602355
4280,0.2918568517252089,0.22306401895641825,5.0,5.088925796262975
4281,0.21984619196520527,0.15555985171982079,5.0,5.087906525585977
4282,0.32649120257051645,0.24414117996475448,5.0,5.089887782191456
4283,0.2638251570508545,0.16135983162693335,5.0,5.091553292533124
4284,0.2968276593750876,0.23370117864131856,5.0,5.0789636980428465
4285,0.20969104187288634,0.18123948051373762,5.0,5.07178113090994
4286,0.2599321650504729,0.227747334351333,5.0,5.088851219925399
4287,0.2408959500101635,0.1823002850138271,5.0,5.075971680227118
4288,0.22785485653989612,0.1992621683107325,5.0,5.07988560268311
4289,0.1391227842951941,0.11422326668604288,5.0,5.081094856627715
4290,0.14318741249746925,0.12060337196769455,5.0,5.076493047039108
4291,0.2984152220074412,0.2223847849097531,5.0,5.0921767618264635
4292,0.10545461147917123,0.10257667459807407,5.0,5.093960365574768
4293,0.2359987710960545,0.18145520716462937,5.0,5.091884902174142
4294,0.26070934478304,0.18967444233032227,5.0,5.100199127112264
4295,0.2884732151364333,0.2165377693571704,5.0,5.08446358703039
4296,0.2748748747890988,0.2112550633113821,5.0,5.082809173281371
4297,0.16667690585211137,0.12528389523371553,5.0,5.076214360625038
4298,0.21152990851493314,0.19047745292543228,5.0,5.095394401320235
4299,0.251336398069141,0.194141844112103,5.0,5.091196970650502
4300,0.2097480675616965,0.14968809436749764,5.0,5.085563071106813
4301,0.30294187426712127,0.214240900928944,5.0,5.089937894720027
4302,0.13463885846311663,0.09968068065164959,5.0,5.082027259472266
4303,0.20865012984033626,0.16133891641445586,5.0,5.069593557242689
4304,0.1716899094237312,0.12033494059176097,5.0,5.080323338426078
4305,0.19064699772136495,0.13408897075218196,5.0,5.092364934811773
4306,0.2078407984513806,0.09607786401886853,5.0,5.076645460712772
4307,0.22049379850376982,0.1700418901822216,5.0,5.08163140383469
4308,0.22949431130213793,0.1489774910824334,5.0,5.090256747066446
4309,0.3028951451877733,0.2417258112652224,5.0,5.090617473757035
4310,0.344821526822932,0.15346429750554735,5.0,5.09582006663913
4311,0.25763849217050216,0.1998110524038611,5.0,5.083543563496091
4312,0.20547360840655782,0.13439660343162996,5.0,5.094714314112272
4313,0.2782688605618855,0.250169878718836,5.0,5.0843959186329535
4314,0.21128848630034125,0.17202930127042304,5.0,5.097423202589546
4315,0.32236324972195485,0.21080919041815593,5.0,5.0863858753995395
4316,0.26203518620631283,0.15500884042747076,5.0,5.0863496254616525
4317,0.3669818101881235,0.27129258180250315,5.0,5.088838334771566
4318,0.2000683480325276,0.17318607926192353,5.0,5.092426733063089
4319,0.3038088186060517,0.23444150998035318,5.0,5.09165537627994
4320,0.24144571222262345,0.18170726550009997,5.0,5.091140492475157
4321,0.24095987850722533,0.134661479097278,5.0,5.087801067844966
4322,0.25585936136274023,0.1918863620699396,5.0,5.0833462796257045
4323,0.308988217598412,0.22492893840581063,5.0,5.092683688883746
4324,0.19575419671131233,0.14491344831126696,5.0,5.086480539540057
4325,0.31266944818764153,0.213161360306662,5.0,5.09230895256283
4326,0.39475655162366863,0.29301589962913477,5.0,5.091233920689477
4327,0.3168300021780204,0.24402593498513103,5.0,5.085966691737447
4328,0.32958200018649975,0.2515426918741971,5.0,5.0879797656061765
4329,0.2332380764601254,0.17207438786580642,5.0,5.076949765482386
4330,0.3809122606222717,0.27029331371665777,5.0,5.090438108563218
4331,0.2609414188828183,0.19220473686700656,5.0,5.0824559444425255
4332,0.2939161294764985,0.22572257152698527,5.0,5.085418491875169
4333,0.21132153519322072,0.14254196517038775,5.0,5.083015377228781
4334,0.19540249491868167,0.12190438816525617,5.0,5.093406592914107
4335,0.19031233492491384,0.14170335417276814,5.0,5.074160041211551
4336,0.20470937169202497,0.15114002962062223,5.0,5.081339281182657
4337,0.16598252598632546,0.141568343725887,5.0,5.074430808504777
4338,0.29518162522459845,0.21213628287609554,5.0,5.100015892824912
4339,0.22635033905392166,0.17552949579752886,5.0,5.092538112055438
4340,0.37898666125418634,0.2787050998051849,5.0,5.094266197410988
4341,0.31556660992453156,0.2381199099839708,5.0,5.08844429448148
4342,0.28123866550604415,0.2275190703370713,5.0,5.092825533121115
4343,0.3806027019149263,0.2809530610520934,5.0,5.09547912858106
4344,0.34864644796031574,0.25809844649363045,5.0,5.086129548770311
4345,0.1756193651197675,0.1463594451286927,5.0,5.0883842948648805
4346,0.10345911236725369,0.13951911600230837,5.0,5.088993351726021
4347,0.21948609232016203,0.15753070461502527,5.0,5.078288226233889
4348,0.2018053968083371,0.15297976318910167,5.0,5.092490821298403
4349,0.2994125663047167,0.2342025271534811,5.0,5.087603101009082
4350,0.4000897198158724,0.3078591325605967,5.0,5.084458825342395
4351,0.21719736070567297,0.15484527304312978,5.0,5.0946777723327585
4352,0.18799021915699754,0.14479972440555633,5.0,5.0893182698175465
4353,0.19186943879483032,0.15302641475967538,5.0,5.087048836206112
4354,0.19459888433520178,0.159961810561837,5.0,5.088473158438527
4355,0.22653572010976797,0.1655717213250436,5.0,5.099846943200914
4356,0.1890332927852687,0.12626894918077558,5.0,5.088801202462232
4357,0.2952695828998657,0.22916686668823605,5.0,5.082418434735949
4358,0.20064454631865658,0.14349351096071805,5.0,5.1098938479448375
4359,0.33589020760551436,0.25477941615530275,5.0,5.097141312880966
4360,0.24362814993786874,0.182426160027238,5.0,5.07686464696155
4361,0.18528818746299525,0.0432088742351836,5.0,5.090643519470559
4362,0.3461445875973843,0.30117688208954707,5.0,5.094101615493374
4363,0.2769741625919384,0.2131176624221598,5.0,5.099967674866663
4364,0.13969389366372398,0.08836340022843048,5.0,5.072517918175068
4365,0.1969748597221117,0.14472816154499857,5.0,5.0756263604757645
4366,0.17943565262985506,0.15257988562331148,5.0,5.089912676756834
4367,0.2536512659095562,0.1981512792034944,5.0,5.088108879613964
4368,0.14525236787786433,0.1069623328568815,5.0,5.089344627605028
4369,0.17812107289602164,0.16680623956145868,5.0,5.088268793857056
4370,0.09397543740129977,0.08344372825110713,5.0,5.08907226532795
4371,0.12846637795612437,0.09322400525596775,5.0,5.082913830660072
4372,0.2791382432752383,0.17702473434865518,5.0,5.078470943315017
4373,0.2744409879394769,0.20895035595673872,5.0,5.087025644746426
4374,0.2695376664288216,0.2149678542830702,5.0,5.109747952664909
4375,0.23385253051043864,0.17311438813971924,5.0,5.091032949015792
4376,0.21704062398805957,0.1630756552888848,5.0,5.085534775270917
4377,0.18044534067970286,0.13683380342747542,5.0,5.0899626357605765
4378,0.3262304203159423,0.24081903893955603,5.0,5.085530732901891
4379,0.15018355765076974,0.1207924229158539,5.0,5.1048577679025975
4380,0.27635587735025924,0.21275340440229118,5.0,5.093018525062201
4381,0.2900176284343341,0.215713098891386,5.0,5.089229925023879
4382,0.35798712312859005,0.2758220047046941,5.0,5.097562038651597
4383,0.17956380347108358,0.1348504280335907,5.0,5.09392345679383
4384,0.17169472621410153,0.14521828612358,5.0,5.098800080084045
4385,0.24350337551626877,0.14960162719650216,5.0,5.096318605003889
4386,0.26141041348336236,0.1498159479507889,5.0,5.085153504135862
4387,0.3368182641710249,0.23716025204107483,5.0,5.092276512244567
4388,0.280384386800806,0.20243365695030346,5.0,5.090707279020927
4389,0.1353719374430853,0.09550155496352664,5.0,5.084235647984547
4390,0.280144021479658,0.21700802645788775,5.0,5.087703929025791
4391,0.3314813092429658,0.2599311827675548,5.0,5.10051554008343
4392,0.35107327307041714,0.2784689266397852,5.0,5.122239239726829
4393,0.2338014500215604,0.18619408402607907,5.0,5.0
4394,0.2938249355079192,0.2209894539799797,5.0,5.084011712869154
4395,0.47037976151020855,0.37520952232167504,5.0,5.092419365423604
4396,0.24326505637049944,0.19345713196973124,5.0,5.078589165775211
4397,0.17616046446994837,0.15034402739363895,5.0,5.0856557903336075
4398,0.264794463562807,0.21138833470247698,5.0,5.084299385664863
4399,0.2376319895447645,0.19245123708302136,5.0,5.092141954253329
4400,0.3385738609607478,0.2022326791792135,5.0,5.087536048555492
4401,0.1709567010232078,0.09485474135820393,5.0,5.098665237361821
4402,0.24043358637139867,0.19516612261438548,5.0,5.099367330399547
4403,0.32940620291854517,0.20073057076611178,5.0,5.085513104619954
4404,0.0896438651030802,0.08376968444509625,5.0,5.081261484437611
4405,0.3651552042755106,0.2692479882884806,5.0,5.097289653590016
4406,0.23435934186377505,0.16718020544826384,5.0,5.089132838336337
4407,0.2705272150908915,0.19315293717197535,5.0,5.097247404070933
4408,0.09477388851036372,0.07754821009631574,5.0,5.081315939012985
4409,0.2180831219399728,0.17662825512234592,5.0,5.095008234085245
4410,0.2533304539280792,0.19047521743911,5.0,5.081264415951452
4411,0.1816850761641966,0.1627805403221555,5.0,5.093211684099774
4412,0.3932595660127469,0.3097980316831226,5.0,5.103897923922878
4413,0.1545024006672897,0.1082549346020758,5.0,5.068524352776285
4414,0.14676234747611772,0.10325801153630354,5.0,5.083134340035063
4415,0.15533431853257373,0.11524295382835581,5.0,5.089430600374696
4416,0.20590548300318035,0.0938172337354346,5.0,5.095638561132292
4417,0.32082266607917154,0.24434642009783025,5.0,5.086700768436172
4418,0.2738917814832982,0.18810294476198464,5.0,5.088581891095014
4419,0.31095930053095033,0.24008557269876785,5.0,5.092007487022325
4420,0.2615936804838901,0.14734709124565892,5.0,5.08682493885714
4421,0.2993777294004958,0.2265089726808106,5.0,5.085782916231194
4422,0.3797483815383764,0.2875043219970711,5.0,5.09380327221745
4423,0.13019290058990385,0.11023352849459434,5.0,5.084189188835353
4424,0.22193327436433408,0.18167736735114715,5.0,5.092683361815089
4425,0.24480437907983776,0.17223438205687036,5.0,5.098289164350538
4426,0.2651419785348088,0.21946359516629776,5.0,5.09830369643935
4427,0.16915804629668174,0.12768924467706644,5.0,5.079572087676896
4428,0.42834012395154497,0.3267642637405691,5.0,5.086360605848164
4429,0.33557929541267373,0.2462454012913312,5.0,5.089391668767229
4430,0.3112256390412942,0.23953573592813038,5.0,5.0953508689092875
4431,0.2916446007826634,0.29405127822641597,5.0,5.0820341980030115
4432,0.2683585528970893,0.17237250056150888,5.0,5.086163427234975
4433,0.20337633537334776,0.1596408966812003,5.0,5.089322076387628
4434,0.30548123432925256,0.2303890192386593,5.0,5.091847208994178
4435,0.08026072664028994,0.06035976789005082,5.0,5.0800951291862795
4436,0.32119769614441496,0.24743985082374165,5.0,5.100731507849829
4437,0.3012566426802976,0.21932993556041158,5.0,5.085827846773681
4438,0.20128469168417396,0.1619658469806755,5.0,5.11850360568884
4439,0.22855482181658138,0.1816001555081428,5.0,5.098389029807331
4440,0.2267532975646922,0.16350840865789862,5.0,5.093698253631471
4441,0.14469541364352145,0.10356968039329872,5.0,5.077515470595326
4442,0.1888725763073016,0.1531631124207764,5.0,5.087531515736652
4443,0.24863986547008055,0.19376244128473274,5.0,5.088238125058169
4444,0.15109626232643492,0.11151385745955256,5.0,5.064189589538817
4445,0.1754264549641389,0.14166524532737157,5.0,5.074702444607615
4446,0.2730577556634264,0.1941187813092461,5.0,5.0760011081709155
4447,0.19800460734600045,0.15682732673375965,5.0,5.082882888570381
4448,0.3434255113304103,0.24660838424613674,5.0,5.085564593036711
4449,0.23621633557103294,0.1800868300359102,5.0,5.089340710564567
4450,0.1848828370036022,0.15678025632432657,5.0,5.08693689143823
4451,0.2126160403883568,0.16569718510828702,5.0,5.088537897264587
4452,0.2423456305596945,0.1696578988698203,5.0,5.082386100217322
4453,0.29601491920957357,0.2264392619305471,5.0,5.085882426430262
4454,0.15138338450294797,0.11788126194386028,5.0,5.087828611111744
4455,0.27948496096061115,0.18914183517715344,5.0,5.09437041568094
4456,0.2534507096658929,0.19304850528601736,5.0,5.092860573780458
4457,0.26378866719474914,0.1890505279193484,5.0,5.08532730794891
4458,0.13553609002526823,0.09521639570832374,5.0,5.08619690706511
4459,0.29413334851330597,0.22798115544062325,5.0,5.093213854141396
4460,0.3258872759773077,0.2548355828784926,5.0,5.086459011357576
4461,0.16905156631295237,0.13579341675142098,5.0,5.0
4462,0.22631001628157144,0.16751963881681353,5.0,5.075118013430195
4463,0.25518844526244133,0.1978485247968147,5.0,5.0899316668298855
4464,0.18753125434517037,0.14717265302941984,5.0,5.08336198905134
4465,0.1744620864605435,0.13539704039576506,5.0,5.077358113430073
4466,0.24756690015595728,0.19117274493479441,5.0,5.117518921426445
4467,0.13422973325168908,0.15240662716733144,5.0,5.080506885313563
4468,0.19644724626395194,0.15394865740600472,5.0,5.086128650649586
4469,0.20067232263046297,0.15415686819455732,5.0,5.085520847671301
4470,0.1673013394941194,0.12874713400323168,5.0,5.079268973954614
4471,0.241358196125264,0.18719987828110596,5.0,5.097204903376431
4472,0.16320353597732096,0.12356127993947585,5.0,5.09037113488878
4473,0.23787423802845042,0.1848037087575879,5.0,5.08796868111002
4474,0.35814534235176154,0.27884962607457975,5.0,5.084794866329592
4475,0.26585969273107857,0.20710345395704577,5.0,5.076621568968873
4476,0.12659162921731149,0.09691429190527079,5.0,5.097614311548275
4477,0.10798801364726063,0.0848890937507476,5.0,5.076655242828743
4478,0.1883360404915233,0.1451975725883392,5.0,5.10200053677031
4479,0.23223803404385035,0.17584903191915813,5.0,5.082382703802173
4480,0.2639450895212925,0.2078494070199728,5.0,5.082158123938703
4481,0.06309543444524568,0.04951195896462712,5.0,5.086050245584488
4482,0.16220431632523713,0.12578468231035167,5.0,5.079275191701038
4483,0.21055616359978213,0.17840741387295067,5.0,5.082974290599029
4484,0.19837777513064525,0.15402065168029733,5.0,5.092628687576566
4485,0.18843638111669692,0.14717772414152364,5.0,5.08062271122979
4486,0.14913657739564723,0.11726610082304811,5.0,5.083868736352679
4487,0.2631841866341593,0.20636764829678833,5.0,5.08390250743906
4488,0.1530506107856946,0.11889021216333939,5.0,5.0862480274902655
4489,0.22051800442245595,0.17588586830671682,5.0,5.084575947545913
4490,0.2274919026799802,0.17753645228566728,5.0,5.087955193248703
4491,0.1291052601710334,0.100027280407608,5.0,5.078527157030903
4492,0.2667087431337347,0.2079350152963435,5.0,5.072226484636566
4493,0.24168617802413705,0.18879166620774113,5.0,5.088749680052755
4494,0.24188146944040279,0.18811356722024053,5.0,5.085827423149665
4495,0.21548799023865128,0.12332060011737889,5.0,5.0799960641288955
4496,0.20639220889402066,0.16225773821945844,5.0,5.0849806482157245
4497,0.22819235478950106,0.17742318861345896,5.0,5.091027865063262
4498,0.3733967244570848,0.291657272489097,5.0,5.073583104592627
4499,0.3946852718623912,0.3063350813212937,5.0,5.0897441999185045
4500,0.3390247406003859,0.2631579348875387,5.0,5.076067283507237
4501,0.1626304915503085,0.1274267633447047,5.0,5.0788424480031935
4502,0.2575961188152569,0.19730954530219347,5.0,5.08346788519856
4503,0.20559774347978377,0.1593860997249814,5.0,5.104742777190827
4504,0.22318136101425856,0.17472059762707814,5.0,5.079575508453482
4505,0.3153447733940038,0.24579045284273116,5.0,5.085934372467769
4506,0.3013010955377833,0.22992659168735075,5.0,5.088250024674998
4507,0.20330242623857164,0.1583088879201171,5.0,5.097303372962072
4508,0.2189892306640826,0.16779638588734525,5.0,5.09541438596564
4509,0.238905928846884,0.1858580928809319,5.0,5.072739081456472
4510,0.12737083914450276,0.09912068619677661,5.0,5.0896296747000935
4511,0.3566218254798541,0.26223026389820736,5.0,5.0871666478052635
4512,0.3381008158745038,0.259010585687777,5.0,5.10061145154685
4513,0.16689559602264392,0.12884917645100857,5.0,5.080304140705287
4514,0.3306841237878442,0.25234099395768905,5.0,5.08330874652736
4515,0.23166671022150953,0.1792594662577338,5.0,5.084571245330567
4516,0.230436887069565,0.17625476077293933,5.0,5.081894720921447
4517,0.20738287338970407,0.16409646081692186,5.0,5.083132790233513
4518,0.12818019741786935,0.101685348336914,5.0,5.093974799217245
4519,0.20853993979888008,0.16043867200576523,5.0,5.081734273187113
4520,0.18786632877246778,0.1457786270315895,5.0,5.0814598453260995
4521,0.1109804743711349,0.08605661906937911,5.0,5.078987366308851
4522,0.22044784253814198,0.1734649229991323,5.0,5.084093155238314
4523,0.15437006476198012,0.1132044529092564,5.0,5.0866339087421775
4524,0.16096902437116634,0.12597062248691593,5.0,5.091161793191308
4525,0.10004618535219212,0.07840380089155874,5.0,5.080483465826493
4526,0.2756022218140526,0.21348283387586697,5.0,5.085869771412748
4527,0.25794398856146583,0.20092983336892245,5.0,5.0905770855403265
4528,0.1630341441364993,0.12995037689686728,5.0,5.080407818150592
4529,0.1730655833655863,0.13478972646042853,5.0,5.086284951157625
4530,0.2624630400193573,0.2042189804832102,5.0,5.083934825893888
4531,0.30185730505683783,0.23240555971080368,5.0,5.086714485351278
4532,0.37086555813408917,0.28992722371911284,5.0,5.094123672781246
4533,0.1180376654529871,0.08458244566126827,5.0,5.083363157757406
4534,0.1486066943418518,0.11480946817213677,5.0,5.0782836268734055
4535,0.16825995599120303,0.12296407099196172,5.0,5.093424743950878
4536,0.37551774102705404,0.2901364034423901,5.0,5.094422298531995
4537,0.16648448623189727,0.129584523919265,5.0,5.0830225948038255
4538,0.14318041629516243,0.11162352432240141,5.0,5.086794666851251
4539,0.29993091222251755,0.2322239142165885,5.0,5.086635607611045
4540,0.22389735962283197,0.17461739247550212,5.0,5.079036509137831
4541,0.08887143967119027,0.0701232010354007,5.0,5.093425943267427
4542,0.22401823302914114,0.17801962593915954,5.0,5.0952647814589636
4543,0.1367048219764766,0.1064337743525412,5.0,5.096539086916838
4544,0.21256646454722117,0.16487098930536115,5.0,5.085758673045051
4545,0.2355730496393691,0.18156801494409947,5.0,5.077643830303469
4546,0.19987834385377035,0.1548776400108115,5.0,5.076683216081674
4547,0.22215041215375742,0.17181428405537325,5.0,5.082321532612353
4548,0.27681830149916453,0.2099269556147524,5.0,5.082348272657651
4549,0.305360506008149,0.23607947406685237,5.0,5.098988036682828
4550,0.2732298396647914,0.20943611422887431,5.0,5.0940082157337585
4551,0.14630949865025333,0.11489918083217443,5.0,5.089817850611391
4552,0.15015862936475188,0.12209912209273788,5.0,5.077231466591732
4553,0.29120083069815483,0.22498181681857377,5.0,5.105164835714628
4554,0.17537534210247485,0.13619240258346466,5.0,5.091841036221512
4555,0.2039490574359777,0.1598080241387585,5.0,5.091171262639502
4556,0.20728666573168786,0.15845388475038247,5.0,5.080372014568146
4557,0.27356936429167833,0.21264850623329856,5.0,5.096544284518316
4558,0.13688022490830343,0.1060332560681645,5.0,5.086012199592567
4559,0.29480019706258687,0.23280708481316237,5.0,5.066757773977475
4560,0.23445026515890444,0.1806862791647751,5.0,5.084641543967692
4561,0.3942517785238491,0.30257059000600817,5.0,5.087613960146431
4562,0.2991402117356581,0.23252176049818174,5.0,5.075712852121246
4563,0.21132662259385837,0.1642605883681929,5.0,5.088326669155689
4564,0.25264136585828445,0.19329580532984658,5.0,5.093917982592684
4565,0.228236336343574,0.17624651673942382,5.0,5.090464702180837
4566,0.24848789809594196,0.19305872894821785,5.0,5.082334611530737
4567,0.25340978032034545,0.19837044854628072,5.0,5.06396861080022
4568,0.23520924057358372,0.1828479666422136,5.0,5.0791944388759
4569,0.23862298299718177,0.17894666838417816,5.0,5.081403306017256
4570,0.16681909455753963,0.12864534099394165,5.0,5.081418712843568
4571,0.3409952214079741,0.2665358955796092,5.0,5.088342266456118
4572,0.30757445925521854,0.23790356665608747,5.0,5.089616991543311
4573,0.3509684544387843,0.2738738706697593,5.0,5.0837486596524695
4574,0.10148410239552574,0.07938962354506329,5.0,5.088845424586559
4575,0.267143040413786,0.21038304847756173,5.0,5.081052320633832
4576,0.3510180899773909,0.2642668414124756,5.0,5.0891908456926505
4577,0.196794949117848,0.15517676938800706,5.0,5.082191415485173
4578,0.17206111463558238,0.13292595571714316,5.0,5.0992430406398
4579,0.1492337865277944,0.15981455602067296,5.0,5.101409654529645
4580,0.15914525457887252,0.12213586380222141,5.0,5.076202336173683
4581,0.22853802014893065,0.17448428062473487,5.0,5.1065532927697355
4582,0.2942873771668879,0.22808801722850047,5.0,5.078612279120351
4583,0.27646452165884483,0.2176645612503687,5.0,5.080886247499432
4584,0.2016332524974731,0.15559715044658318,5.0,5.085480718964925
4585,0.3888280449309265,0.2976360828569856,5.0,5.084572520859076
4586,0.17240340425476286,0.13502087479218305,5.0,5.07959325963772
4587,0.1638002239544316,0.12659921679438035,5.0,5.095638137431573
4588,0.2036560624158812,0.15903366047749345,5.0,5.0703674144160615
4589,0.1868804021397994,0.1470317500451923,5.0,5.086054971884781
4590,0.13446458981421716,0.10381084459900003,5.0,5.068367160396203
4591,0.3547949321262198,0.2737960047459914,5.0,5.086475639509507
4592,0.21534785309532878,0.16701056250849455,5.0,5.093453909907861
4593,0.20419937444013647,0.15887029947610287,5.0,5.099847258695469
4594,0.1375613657313366,0.11067629817157698,5.0,5.092442483494111
4595,0.2973742964008659,0.2306460954540318,5.0,5.085140518141555
4596,0.23572285911938673,0.17871519064166363,5.0,5.086843458015045
4597,0.24116330371846106,0.19118853106498368,5.0,5.07976841043333
4598,0.051900793370818876,0.03826026335939625,5.0,5.076307477878883
4599,0.15848774673515154,0.12341096473994118,5.0,5.086839121064344
4600,0.1675353728172273,0.13104917094517454,5.0,5.0861446327182325
4601,0.3410706256323175,0.2634517941924127,5.0,5.088451701216554
4602,0.42857672113747003,0.3350819800293494,5.0,5.0791810665644554
4603,0.2758671270652744,0.21390292466332672,5.0,5.07499903448263
4604,0.23664265800548323,0.18356047990319846,5.0,5.08890634102273
4605,0.18127149931557462,0.13969747077011263,5.0,5.087071549653377
4606,0.15856654169846296,0.12186483461976905,5.0,5.0910016751569565
4607,0.31601791992045336,0.24582556564965585,5.0,5.0790292397743375
4608,0.2187608929172422,0.17202630544241848,5.0,5.089383807239196
4609,0.24118539529430905,0.18544787329868206,5.0,5.086341329232882
4610,0.11733691676102631,0.0917640523434522,5.0,5.069782296012502
4611,0.20152724982754333,0.15693310924416426,5.0,5.080926270441077
4612,0.21230185587621353,0.15594765522723653,5.0,5.088809061425366
4613,0.26478677019458874,0.20483775906767665,5.0,5.088268118866166
4614,0.31962585579382186,0.2495620499288811,5.0,5.07343291498441
4615,0.24004941267578506,0.1821048293035712,5.0,5.106248419755737
4616,0.294063473111172,0.22048304254307505,5.0,5.095191855658658
4617,0.2678705791826248,0.20654639127387697,5.0,5.080395739997421
4618,0.16439650407666773,0.11043221426177063,5.0,5.083445422887634
4619,0.25536785780825566,0.20460654883268048,5.0,5.0
4620,0.18924135406354425,0.14831302724914097,5.0,5.061382846806284
4621,0.15157387519075494,0.11807776537960524,5.0,5.077074330172424
4622,0.3625000948404331,0.28174356643144827,5.0,5.095622271692601
4623,0.328405405662725,0.25419184240608383,5.0,5.090099682401261
4624,0.20520993621806238,0.1588986081137841,5.0,5.08465583403602
4625,0.31115138087263805,0.2436914305257596,5.0,5.082985635717936
4626,0.28286210880759155,0.21852761742419102,5.0,5.0983366323904455
4627,0.3645037581480064,0.28366301037760644,5.0,5.080019317175335
4628,0.2070816548882508,0.15939032278455345,5.0,5.079576059894455
4629,0.32828506587870976,0.2525677234110202,5.0,5.109948339320471
4630,0.1665705295840052,0.13128764395277093,5.0,5.077779734726766
4631,0.19954415808528836,0.15189492938959248,5.0,5.078537066764257
4632,0.2255063489621114,0.1807485869874148,5.0,5.086733061433248
4633,0.1918759936360186,0.14943574140861393,5.0,5.082186726304858
4634,0.3090782054621748,0.23590788184020073,5.0,5.097266798977618
4635,0.1791351547130151,0.1352079664144452,5.0,5.092312390485736
4636,0.31793905912654497,0.2452525407409809,5.0,5.08793139726313
4637,0.29826944484619844,0.23050215619506131,5.0,5.090384683442473
4638,0.2768189107551986,0.21303919995335907,5.0,5.07477897410622
4639,0.11707642389685735,0.09227986663215393,5.0,5.078699129872408
4640,0.17798733383662446,0.13829264083362114,5.0,5.084777159698373
4641,0.17518387014779857,0.13754644579762698,5.0,5.061363742637699
4642,0.29423183530551134,0.2275712779275516,5.0,5.089583570579386
4643,0.20043561211022065,0.15820069013840832,5.0,5.051889424455238
4644,0.3210265233488434,0.24921412413503896,5.0,5.09225093852665
4645,0.19502923273983908,0.15086134587295164,5.0,5.082085173729203
4646,0.12578927259547945,0.10733205020358683,5.0,5.077764831934495
4647,0.18497607147025064,0.14571679269759463,5.0,5.0546602085996195
4648,0.15169564895649423,0.11502207816610732,5.0,5.097946513117204
4649,0.14725604071148934,0.11582076817737019,5.0,5.076140773777098
4650,0.3240332565132069,0.25359926567716684,5.0,5.076732660637555
4651,0.1563523874967654,0.12097119143278157,5.0,5.070243402766996
4652,0.3291753768305181,0.2555146872079529,5.0,5.085590218761107
4653,0.20550919125124434,0.15953055494120116,5.0,5.094560232909231
4654,0.2652039634936456,0.20719880940248125,5.0,5.076302610595196
4655,0.11630293208232656,0.08986460822265219,5.0,5.082275254684561
4656,0.3148720468388053,0.24515780137259713,5.0,5.079382976147322
4657,0.25461328942774286,0.19573799170497386,5.0,5.091706440789423
4658,0.24862875229795267,0.1934154229077173,5.0,5.073799784063331
4659,0.3042205098348507,0.23607352080112298,5.0,5.095377201311937
4660,0.2939150299220903,0.23247421110000432,5.0,5.0848580582016645
4661,0.15172510696026453,0.11747570527070861,5.0,5.075594441452775
4662,0.2056694367565457,0.16068046725412022,5.0,5.0786002487157145
4663,0.11623637630849015,0.10745708401296694,5.0,5.093016437366993
4664,0.2054689079926193,0.15843528907818305,5.0,5.089916852729104
4665,0.29405898200758984,0.22909666334037004,5.0,5.07882995046014
4666,0.2984203212403409,0.22876125101424738,5.0,5.113001139016511
4667,0.3005595981042526,0.2335606397124701,5.0,5.089042868268923
4668,0.3168546713761744,0.24505474206660027,5.0,5.130128125873092
4669,0.333988969554607,0.26066770667062533,5.0,5.087982747079547
4670,0.25544532809128073,0.19442542026344767,5.0,5.094004958232858
4671,0.2711331685194589,0.20958900571104278,5.0,5.085877336838536
4672,0.28064180835591945,0.21812730036760442,5.0,5.082897888655733
4673,0.29200227851174954,0.22764172314147224,5.0,5.077772467851309
4674,0.25269331399118067,0.19503817108605448,5.0,5.083932338607466
4675,0.17231828237362357,0.13160987256898993,5.0,5.078598036175634
4676,0.32683841413892156,0.2559078160481236,5.0,5.054963011537206
4677,0.2302409722863441,0.17942439080108352,5.0,5.0930167152091155
4678,0.08238876267659823,0.10798790827430915,5.0,5.092763752100158
4679,0.2689090347569745,0.2086295994058872,5.0,5.072623080478715
4680,0.18684601876964746,0.14587702050409102,5.0,5.0717091747030985
4681,0.34414260659251217,0.24488837939617003,5.0,5.092374540954454
4682,0.27482056686300305,0.20942541014741756,5.0,5.093799170384665
4683,0.3613232704173839,0.2813819111958419,5.0,5.090447040025925
4684,0.33475240555909536,0.2591942973721554,5.0,5.0805287706700675
4685,0.3448766011438227,0.2661034433900147,5.0,5.096914384633013
4686,0.25689644017294033,0.1993150844516678,5.0,5.090520660754079
4687,0.3227597200160033,0.2515065107992669,5.0,5.077656997032118
4688,0.1837776545900094,0.14574622306257834,5.0,5.083823457671173
4689,0.15810218687135946,0.12179244877996198,5.0,5.075960885282695
4690,0.2320996610948578,0.1799944472881979,5.0,5.074139662024795
4691,0.322986645425849,0.24993630328055416,5.0,5.103861763483071
4692,0.06516592479411676,0.05325406098117047,5.0,5.087622812564305
4693,0.3159076699345702,0.2440805993003885,5.0,5.085562030869619
4694,0.16140785436707894,0.12440586559275713,5.0,5.089281953587319
4695,0.2822969826474562,0.21835976304868931,5.0,5.101027631779713
4696,0.19072202004337124,0.14410004002267818,5.0,5.079814838191146
4697,0.12245612919942417,0.09591034448767566,5.0,5.080963004728032
4698,0.1395310390789144,0.10895607600515111,5.0,5.094394287048587
4699,0.31609839697637687,0.24609660114732268,5.0,5.083044315926912
4700,0.12354357903459201,0.09745359871002768,5.0,5.081510034731522
4701,0.2591273091878967,0.19973248106844577,5.0,5.092905467272528
4702,0.18117716487254953,0.15186570271746236,5.0,5.0876574450877765
4703,0.35326815112893106,0.2756411135292217,5.0,5.075613713199463
4704,0.20730436060815993,0.1601134110615401,5.0,5.105248502201949
4705,0.36487865487115534,0.28294772254949374,5.0,5.097401603259106
4706,0.1872657288633619,0.1458962533456678,5.0,5.091215895926551
4707,0.1576078124863609,0.12192666772874805,5.0,5.085452597740732
4708,0.2138275359767594,0.16468934738995256,5.0,5.075995418153427
4709,0.2470404926004699,0.17974302017871802,5.0,5.090663530410771
4710,0.20865446976136037,0.16275463508842591,5.0,5.097884845929137
4711,0.23302309023797263,0.1780025428479428,5.0,5.090368736624296
4712,0.21140669830184455,0.16458399626752973,5.0,5.088873200806896
4713,0.17179305635449849,0.13383989439478516,5.0,5.078604875867052
4714,0.17304035141300322,0.13273327653962563,5.0,5.087794134873054
4715,0.3096947747838732,0.23996897560971198,5.0,5.103066927555648
4716,0.1662626531126774,0.12952346336713894,5.0,5.083974929777568
4717,0.1762023437132365,0.13738681210959824,5.0,5.065333787480029
4718,0.31262027415148896,0.24219330255213278,5.0,5.086291168254187
4719,0.1313150115078905,0.10132000606186509,5.0,5.088253261107152
4720,0.1641043799281241,0.1263274208657611,5.0,5.083245575230153
4721,0.21188779614393982,0.16558516616419616,5.0,5.072278884075647
4722,0.12471125741805045,0.09939378534020782,5.0,5.08679408812819
4723,0.24623381553664592,0.1909450495789311,5.0,5.092707588432601
4724,0.2481666618263456,0.19200844123540717,5.0,5.0725692476921225
4725,0.30936453284110055,0.2382038106803689,5.0,5.084594914802585
4726,0.07759554389957368,0.05932607312589622,5.0,5.093477566062354
4727,0.2226030365222471,0.1722132189790211,5.0,5.086727626512868
4728,0.2365315389286975,0.182506427705305,5.0,5.098691678268796
4729,0.2737583438339166,0.2060804067354164,5.0,5.077809453979789
4730,0.36930634455303135,0.28701220258848725,5.0,5.083812301880428
4731,0.30771677720878965,0.2365484977514708,5.0,5.090893965137786
4732,0.11759190710908385,0.09406470598238692,5.0,5.079898850016971
4733,0.1757089880653444,0.13705234369457053,5.0,5.082573142647053
4734,0.26982902585989743,0.20854654297895692,5.0,5.088115782424474
4735,0.34534500061172335,0.259998017488124,5.0,5.088545247017757
4736,0.24606627523696423,0.2028401357531746,5.0,5.0879379503995725
4737,0.27691738797891574,0.21328833180572626,5.0,5.085582745101833
4738,0.2567725955476272,0.19831586989776717,5.0,5.084139508787056
4739,0.2628448114634363,0.20583307488774316,5.0,5.081888050782899
4740,0.15126850552870108,0.11607461587280099,5.0,5.1056584983813735
4741,0.16308974723637348,0.12796268271643763,5.0,5.086840798369252
4742,0.25091235807416057,0.1951592655466573,5.0,5.071388254270062
4743,0.3148977266303983,0.24203261326118208,5.0,5.083610136125607
4744,0.3056829735015085,0.23601031358264213,5.0,5.098576408343307
4745,0.17406348499456126,0.1354633899169464,5.0,5.0960078351553495
4746,0.37784828965515205,0.2951698011021393,5.0,5.090328817923622
4747,0.3689925548072508,0.2859720962720125,5.0,5.076178445678083
4748,0.12966680587725787,0.09782443265933516,5.0,5.088308657831666
4749,0.2230119495120666,0.17196218461331103,5.0,5.091672645786662
4750,0.21435697242546792,0.16066186544353256,5.0,5.091158540037064
4751,0.392954447310645,0.30436495188507706,5.0,5.090986450662269
4752,0.27539601935435676,0.21166603383022808,5.0,5.09173313394732
4753,0.4156801237433201,0.32360495876723516,5.0,5.081261761210172
4754,0.21828347721636532,0.16856833615807276,5.0,5.096512795566728
4755,0.17950552660181707,0.13891937248570985,5.0,5.089710160319694
4756,0.13705963254576514,0.10625729524485983,5.0,5.084102053607209
4757,0.08805547949119719,0.0685857930069731,5.0,5.083842889506309
4758,0.1769681408192445,0.1319877011268289,5.0,5.088140542663933
4759,0.16773327929808923,0.13453803066002623,5.0,5.08732256523273
4760,0.3478686399226354,0.26963509154118626,5.0,5.092039043529342
4761,0.269590817048426,0.20783845496666797,5.0,5.086961964223162
4762,0.2748161061381127,0.21278520352986974,5.0,5.083707582274464
4763,0.24278894709024268,0.18997615400515333,5.0,5.083169796146141
4764,0.25840159911428007,0.20148907595527765,5.0,5.088560482522269
4765,0.31710532862208063,0.2482834865030672,5.0,5.089344170631529
4766,0.19853210064921556,0.1560769398851528,5.0,5.0861946030268435
4767,0.23499897828107152,0.18118693205437264,5.0,5.089135291224842
4768,0.25413492397538207,0.19625443770208517,5.0,5.104843346938752
4769,0.27944146385893776,0.21443093154254966,5.0,5.0926704717972715
4770,0.13339153521908442,0.1022954995213684,5.0,5.077265415794985
4771,0.3605165728158908,0.2804801031117956,5.0,5.081498934954212
4772,0.353108786905737,0.2729084872147759,5.0,5.087461059869076
4773,0.3039078451845605,0.234735118802761,5.0,5.082571632655357
4774,0.1788926830406199,0.14185583288877246,5.0,5.085314243415775
4775,0.31351691160746453,0.24431412809803066,5.0,5.076236510736116
4776,0.3470895648344403,0.24170090238090736,5.0,5.083484499121749
4777,0.23753638310771574,0.18402823572166027,5.0,5.087360083599961
4778,0.12977062921272675,0.10095171184427698,5.0,5.07095135445609
4779,0.25141087799313677,0.19460458661833568,5.0,5.096820595541223
4780,0.22150460947783457,0.17319626859504444,5.0,5.072210913663877
4781,0.2539021264306862,0.1977587149376443,5.0,5.095188470142462
4782,0.11036649316737757,0.08418549541756315,5.0,5.09039580566065
4783,0.2935208687647284,0.22421792078179636,5.0,5.1000690429488404
4784,0.18249373239362487,0.15557513690326286,5.0,5.074670725102344
4785,0.18758460064942106,0.14634631481668792,5.0,5.0875228257269445
4786,0.33978603470946744,0.2645496030833865,5.0,5.093629007875329
4787,0.18958127687661253,0.14857934901512249,5.0,5.076650840030528
4788,0.1821870452917227,0.1448126183220857,5.0,5.075029605439854
4789,0.22942275996484685,0.17899244063673447,5.0,5.0832397314704725
4790,0.15798722009378063,0.1227244828664611,5.0,5.07798098120376
4791,0.28385538183456993,0.21956917372784335,5.0,5.0787646418996335
4792,0.22297459682944964,0.1721308115543394,5.0,5.082217321412061
4793,0.20313532329558726,0.1580142805288084,5.0,5.082724058058696
4794,0.1135755003297545,0.09039447790290733,5.0,5.093650585349838
4795,0.24243531312974054,0.20151201844880906,5.0,5.090762479451252
4796,0.17893018957498663,0.14098133276112113,5.0,5.093069526877159
4797,0.16306155872419126,0.12938584899757855,5.0,5.084370890251959
4798,0.2179224396039896,0.1721088110944391,5.0,5.093095146420836
4799,0.191336519106579,0.14949430751301507,5.0,5.085785973837238
4800,0.1760231911417225,0.13420767231831898,5.0,5.078323678691534
4801,0.19031329714211997,0.14815808298213184,5.0,5.084381763944235
4802,0.176398465334612,0.14873421652895602,5.0,5.080117284451147
4803,0.30869452528398766,0.23756153079978748,5.0,5.084084957050896
4804,0.24703235223097741,0.13799489111206664,5.0,5.0779288704237135
4805,0.26257920920416433,0.1986114036317761,5.0,5.054382411443532
4806,0.23492427188745646,0.1905253421652695,5.0,5.082956732184227
4807,0.17694367713391035,0.14034578006344844,5.0,5.066248265353348
4808,0.16897258649385694,0.1466196862505883,5.0,5.073379228657355
4809,0.08323555012777706,0.06206881758872451,5.0,5.089343520829965
4810,0.3474951786519631,0.2720082280739924,5.0,5.084886757917539
4811,0.12764641817978317,0.1001951665058034,5.0,5.076694427946551
4812,0.2506665516469315,0.19584482342983955,5.0,5.08199809716313
4813,0.17911289549601395,0.12442787368907515,5.0,5.093879501311127
4814,0.19100775930135128,0.12231911428586317,5.0,5.056901561524931
4815,0.17249996849466798,0.15199958554735815,5.0,5.105018514075779
4816,0.2188120704774854,0.14365179503585668,5.0,5.080119463462003
4817,0.20824205417996566,0.15348422814345763,5.0,5.072091815761279
4818,0.21457905362476448,0.16310170666356094,5.0,5.091642563005916
4819,0.12485485997822265,0.11285342950769839,5.0,5.060499834256449
4820,0.32663569411404536,0.2601482436077788,5.0,5.079969062044816
4821,0.20908230031473818,0.1763050243842672,5.0,5.08121986434384
4822,0.20018895456741204,0.1798378689435992,5.0,5.293710404586083
4823,0.25116015462202346,0.1751168585839913,5.0,5.084331106993094
4824,0.1556357402926727,0.11675001085632553,5.0,5.073661615388376
4825,0.3519314549010384,0.27283605750958806,5.0,5.0910981839337754
4826,0.3470642907223984,0.2738409785362371,5.0,5.1211620987153506
4827,0.32809947547321694,0.232115062298359,5.0,5.092213191408268
4828,0.17723634687144973,0.15124965521006462,5.0,5.087058139015088
4829,0.31495301994372227,0.247696781915008,5.0,5.074856664973115
4830,0.2713519860130489,0.2191248015804288,5.0,5.08392999422469
4831,0.1625282278496467,0.12028371486895628,5.0,5.072870126520064
4832,0.19419854694665206,0.15332136684714737,5.0,5.084253798241516
4833,0.37280668794909677,0.2071738802499986,5.0,5.083486948835354
4834,0.214768773091085,0.18358984004389878,5.0,5.075652398908463
4835,0.2917922465880023,0.2501457588356424,5.0,5.078321400082535
4836,0.26188910711934876,0.20950292981591956,5.0,5.082842400920686
4837,0.20644439692648975,0.1516517141184892,5.0,5.085520975077751
4838,0.18897546736990134,0.14129619823539208,5.0,5.076489214441695
4839,0.17310284088502947,0.131380586224367,5.0,5.085704376448152
4840,0.2308731281081633,0.17674624518701,5.0,5.069849996061322
4841,0.28420330989746323,0.2566879833664397,5.0,4.969072630897973
4842,0.2258983027863981,0.18409328222387655,5.0,5.081187114257535
4843,0.29351909697746903,0.231773142893402,5.0,5.072987345778621
4844,0.12698204909102517,0.09858462472846052,5.0,5.0821384374160505
4845,0.27981751418886747,0.22042403883086958,5.0,5.071381551849026
4846,0.3476846404408189,0.2806104092607803,5.0,5.1210502820021375
4847,0.417438425606381,0.3192034788832623,5.0,5.092867764185343
4848,0.11228489771107464,0.09334056306209448,5.0,5.086337294551022
4849,0.2879357055959493,0.21538486514927757,5.0,5.059703576475041
4850,0.218793554346719,0.17274065538761496,5.0,4.990513088973545
4851,0.36219836950247175,0.2727203291157937,5.0,5.093659160018769
4852,0.3761480899106655,0.3234773939168333,5.0,4.959739384587856
4853,0.19674753637871567,0.17043965828837448,5.0,5.106916682093878
4854,0.20079233218616266,0.14791376149852464,5.0,4.944520778046639
4855,0.08023598825443967,0.05955880870261532,5.0,5.11583458982547
4856,0.3270376417571028,0.25039883696837595,5.0,5.0713827575833825
4857,0.1930302801445083,0.15538417912736902,5.0,5.071571254020126
4858,0.2474713523947749,0.18735860977077756,5.0,5.071761687947216
4859,0.29299717208174525,0.22510022044198252,5.0,5.0922303013959525
4860,0.11692399231744499,0.09175952798421594,5.0,5.0798360109863605
4861,0.08603285089349733,0.07018277871908396,5.0,5.075639312600888
4862,0.1002912443106645,0.07867457483704321,5.0,5.0916818989882096
4863,0.21305404420763652,0.17521536800357929,5.0,5.082693696519334
4864,0.17008864632311238,0.05002122734888381,5.0,5.087629058275223
4865,0.1902632946260372,0.1364444974297242,5.0,5.085502649397853
4866,0.40929322962755355,0.35932668903865617,5.0,5.089549253625414
4867,0.21612500006841096,0.18472566022586623,5.0,5.071981624236459
4868,0.25430452581055785,0.1974757952285353,5.0,5.084702434053989
4869,0.1648634505254032,0.13454513584629646,5.0,5.076780035959976
4870,0.2559507434450412,0.10041409654216205,5.0,5.104437258921362
4871,0.28759692301538786,0.19134380877922919,5.0,5.084701048006153
4872,0.17186013700533942,0.138657210759199,5.0,5.066512191711645
4873,0.17348365731292992,0.1394731264271457,5.0,5.0473288657803295
4874,0.21727551639780285,0.1672612204933004,5.0,5.077120662132177
4875,0.25434714627995136,0.2349386009435701,5.0,5.105934546679718
4876,0.17975979057218838,0.11561985482832182,5.0,5.067732394220306
4877,0.2434199681853053,0.2020211803556804,5.0,5.044344450913822
4878,0.13392433959012107,0.11832064614363536,5.0,5.069187265704764
4879,0.1486266739388249,0.1156279094546051,5.0,5.088942996429546
4880,0.16974305924481303,0.1431815148232124,5.0,5.086824379327837
4881,0.0886171043929882,0.07885429381869768,5.0,5.080237508008532
4882,0.16112057290573167,0.13177114683250823,5.0,5.117698957687136
4883,0.23142716019456344,0.1747104281793952,5.0,5.084950708959282
4884,0.21182814566079933,0.1648995395136278,5.0,5.071596462382519
4885,0.18920519523705082,0.14241008184749426,5.0,5.082153556312523
4886,0.116715796956806,0.14281449657885947,5.0,5.079933192314829
4887,0.22285999370010545,0.1725100148491363,5.0,5.067243586393717
4888,0.27557052760308887,0.21261177718649815,5.0,5.067177152011517
4889,0.15624563467961772,0.10741306039131371,5.0,5.0779332992671655
4890,0.28530847472539045,0.23547894966267102,5.0,5.100663170430444
4891,0.28035293525685234,0.21811148167615035,5.0,5.090280563241256
4892,0.18108937071881415,0.14730609582428666,5.0,5.201179742452409
4893,0.2111362213867134,0.15227368286720733,5.0,5.083906842030013
4894,0.2646974438717469,0.2024738464709257,5.0,5.083508009780688
4895,0.35404039545384536,0.11880445306582432,5.0,4.95663945099448
4896,0.3092388768041612,0.2494823880896735,5.0,5.082357004603653
4897,0.3298284481603577,0.2583975819191505,5.0,5.072494473560507
4898,0.08054008079840713,0.0666656401763972,5.0,5.078227383305638
4899,0.16777179965254407,0.13433140734470883,5.0,5.078734710173807
4900,0.20871880518762942,0.15795572209777298,5.0,5.08130915417409
4901,0.09002971106475766,0.07602975213006447,5.0,5.077000124931592
4902,0.22727590029596456,0.17831171752026287,5.0,5.080160356236805
4903,0.3297219135893683,0.2583761289554849,5.0,5.096670349824093
4904,0.17978230753160074,0.13703549918071778,5.0,5.086647983512327
4905,0.1014859034342599,0.07604519638507135,5.0,5.079646322844296
4906,0.3121875553487157,0.24958957474502075,5.0,5.095300568582601
4907,0.2651518088458469,0.2119356806506234,5.0,5.074655703302202
4908,0.29567293609138123,0.18615943736867502,5.0,5.075810332813839
4909,0.2998984489599079,0.238504407544475,5.0,5.081091269421414
4910,0.22843328777727323,0.08973922763796893,5.0,5.114938335898769
4911,0.33502776082008134,0.2608520361150948,5.0,5.081831428666899
4912,0.2704956549177966,0.21043252391392364,5.0,5.0741359781087425
4913,0.20248307751024464,0.15548596652262425,5.0,5.080438676225851
4914,0.3106830535475644,0.23582097072464003,5.0,5.083359394271492
4915,0.29441472417782966,0.22211513236856184,5.0,5.0702402598933105
4916,0.28613493205201945,0.22914853156292914,5.0,5.076211147883338
4917,0.23814751551147584,0.19018086317145977,5.0,5.062837243174609
4918,0.20773581941163766,0.1559023037149705,5.0,5.0789299503018
4919,0.4533221372630578,0.3692808631606741,5.0,5.1085369239254685
4920,0.15081016287348858,0.11701411596663158,5.0,5.093662985899812
4921,0.16454907863825685,0.16225229966822652,5.0,5.094263473596161
4922,0.16922599665449067,0.14031897253816883,5.0,5.0895109289171625
4923,0.28485873988556887,0.16167608216040075,5.0,5.087571896634477
4924,0.3042502272983052,0.2532613859538039,5.0,5.109199763844359
4925,0.1819345801435326,0.1356269044273306,5.0,5.0804012610465765
4926,0.28108228518467326,0.21754126139483398,5.0,5.116798002493548
4927,0.4338458671180647,0.3407887322988836,5.0,5.075899546116416
4928,0.25480934670979716,0.20104238496526083,5.0,5.078825937832674
4929,0.22248215359559365,0.16497205950485094,5.0,5.058135747785926
4930,0.4355249910465089,0.3942388238993193,5.0,5.0939676001081935
4931,0.2115623539391267,0.16206420495003626,5.0,5.0759336357895
4932,0.3076742768296967,0.24314550419700898,5.0,5.090449566994373
4933,0.21564942754469563,0.1538004676266106,5.0,5.083705467792177
4934,0.2374480091439457,0.17401859944178177,5.0,5.057040217157018
4935,0.19589249472753356,0.15880527610094575,5.0,5.075418642216949
4936,0.3254191682553076,0.24028985891822474,5.0,5.087445214417388
4937,0.25255018381984873,0.20188490117792157,5.0,5.177527686320973
4938,0.2462869872511939,0.19558950436684586,5.0,5.065082718135088
4939,0.17293079033607706,0.13306891828364775,5.0,5.101252230393056
4940,0.2557542724794819,0.21151822141609733,5.0,5.080153385300177
4941,0.2666459820197511,0.30905827863319824,5.0,5.207500959677072
4942,0.12706906987683864,0.09776968270519593,5.0,5.08827889879683
4943,0.2484547620035129,0.19808238111764054,5.0,5.072460041649478
4944,0.2237052779514419,0.17651934517136936,5.0,5.039538167002622
4945,0.28002599707062004,0.22588305101518247,5.0,5.073888655997623
4946,0.17202470159168715,0.14202893356511015,5.0,5.093815124131957
4947,0.149974165135915,0.12596042119686035,5.0,5.06645571579921
4948,0.20399327799008926,0.16969358002609636,5.0,5.088146083207592
4949,0.3258435741545289,0.257466611941385,5.0,5.074256880659593
4950,0.30400461730106754,0.240168164555012,5.0,5.087765985412718
4951,0.19084919403176825,0.15921725983575263,5.0,5.084658675629399
4952,0.21253446060680892,0.14219179260306092,5.0,5.074593316964542
4953,0.2522532710303502,0.19286079751948515,5.0,5.101165778620365
4954,0.22158708312406428,0.17221961911621775,5.0,5.088116555770306
4955,0.27528382909232274,0.21402894237253323,5.0,5.074740859617206
4956,0.2728882808078472,0.17000188035868735,5.0,5.120223459937696
4957,0.24353181884375874,0.18224283868671243,5.0,5.073290272601687
4958,0.2967544868285825,0.2300116881906008,5.0,5.081096052572471
4959,0.1888991769520283,0.14572035075546264,5.0,5.087196250042991
4960,0.23581702456020226,0.17522126197738475,5.0,5.0799729049202735
4961,0.2930780290409929,0.20988754085535044,5.0,5.050192256592334
4962,0.16344404293850734,0.11838191263914888,5.0,5.052430468661573
4963,0.13577193533250798,0.10619261278103809,5.0,5.074570873851272
4964,0.23581111614186367,0.16675368596670292,5.0,5.0595198182458745
4965,0.20091816671229257,0.16262845135152326,5.0,5.088828706331272
4966,0.14568666246785655,0.12336630700943207,5.0,5.052213384188864
4967,0.2199335286944042,0.1470943092834167,5.0,5.108981119068794
4968,0.2802416778174932,0.22270656452910664,5.0,5.065225992232811
4969,0.1830432316420405,0.13086098043301653,5.0,5.091482274811678
4970,0.17884838455558438,0.13482233091614804,5.0,5.110694112048648
4971,0.20371888298030827,0.14749581690128089,5.0,5.074124138076419
4972,0.2963996615193174,0.23651832085127256,5.0,5.077775751948774
4973,0.1154148115015754,0.09008327243569114,5.0,5.070871552509866
4974,0.22883460975232595,0.17570302967159157,5.0,5.093611509189211
4975,0.19668793678257002,0.16566284356311212,5.0,4.970256623799338
4976,0.21087881496454397,0.12266113573036153,5.0,5.08121809316588
4977,0.2871991412454653,0.22197575215095933,5.0,5.095967400122401
4978,0.233573491924858,0.1849503995090147,5.0,5.065874835065491
4979,0.28743391202140667,0.22398773038345965,5.0,5.116103008235697
4980,0.1520055188138405,0.12634927678690067,5.0,5.07487283944144
4981,0.22543641868276088,0.1695823879338776,5.0,5.075413888614069
4982,0.20690392292019855,0.15747095549668244,5.0,5.078572574486246
4983,0.423303548806629,0.34579847720310664,5.0,5.097713367928405
4984,0.2687216319945309,0.18936843899642541,5.0,5.094404698593928
4985,0.1319912095013478,0.08562284589196523,5.0,5.032909836186086
4986,0.17119249024221506,0.12653135361414725,5.0,5.073594303597373
4987,0.13701930637809867,0.10882791669096403,5.0,5.083672701034168
4988,0.2970603796144713,0.2086212462557302,5.0,5.069419927736103
4989,0.21947230055937128,0.1687484400715713,5.0,5.0821781009025635
4990,0.16462590524548726,0.13200041657316097,5.0,5.088970073653005
4991,0.2296937598733384,0.19525229087321683,5.0,5.057934224836336
4992,0.1761804316733251,0.13776792631396584,5.0,5.074958975621291
4993,0.26664353332844026,0.19543391552059663,5.0,5.145253603627795
4994,0.21311014163079278,0.17617700126578784,5.0,5.069012326983131
4995,0.20010281875423974,0.16426493822038912,5.0,5.0614945707945225
4996,0.15912147509405727,0.13404666263061427,5.0,4.933133803529675
4997,0.37751039176384493,0.2959654360350644,5.0,5.0811942672147214
4998,0.2837374010096758,0.21815469305702773,5.0,5.075307484673814
4999,0.3664895344566703,0.2936768111287632,5.0,5.096222371184886
5000,0.10370228262535197,0.07522264776845122,5.0,5.06885234069915
5001,0.3211481383638348,0.2449013308453568,5.0,5.082532636711914
5002,0.3030439093083017,0.23439274077975414,5.0,5.0906865817207425
5003,0.14025958526389104,0.10624430042092481,5.0,5.079762024960566
5004,0.34683315524227076,0.2659720243048276,5.0,5.084284293422856
5005,0.10627014486472541,0.035028362588452655,5.0,5.0826514484204655
5006,0.10689972403775871,0.08625721994012325,5.0,5.089887376800322
5007,0.2190279184703876,0.16859702823989509,5.0,5.076094461703438
5008,0.13186683089340745,0.09803174318172547,5.0,5.089412736389862
5009,0.15446202555096433,0.10936188881367537,5.0,5.097167107573082
5010,0.2247634627650894,0.14865423643859255,5.0,5.054740603696164
5011,0.3129260922806505,0.25299143736887386,5.0,5.072034033395614
5012,0.3365840629618395,0.1770467761206852,5.0,5.08864731757992
5013,0.27260643029602205,0.20144094471184493,5.0,5.062626106817278
5014,0.21945540954547393,0.17988628251172045,5.0,5.05856836504659
5015,0.36813041337218455,0.21594693512508634,5.0,5.075247402070664
5016,0.134486287692829,0.10536937688489334,5.0,5.078102565354232
5017,0.26355730960854973,0.198246404711804,5.0,5.0853536975546465
5018,0.23453984480648193,0.18319746665568348,5.0,5.069196105499776
5019,0.08601743481415114,0.0754590857597176,5.0,5.075744936511368
5020,0.3360398610497859,0.27890415922981426,5.0,5.0908895448353775
5021,0.16152990119856825,0.12297960117579276,5.0,5.0617452661592655
5022,0.3141049088723462,0.24700105528737026,5.0,5.080946500453507
5023,0.1100777473753265,0.08288209671864566,5.0,5.080655999653647
5024,0.1846535457613141,0.1269238172825533,5.0,5.073819149159187
5025,0.2345735437323797,0.1889339723318404,5.0,5.0855118878757555
5026,0.2904632242449947,0.22204747195487085,5.0,5.089552576146907
5027,0.31288187755551466,0.24325817877064315,5.0,5.079194155283249
5028,0.3313240878268173,0.26474544679265777,5.0,5.044734754746827
5029,0.30105902370745796,0.2344458359956032,5.0,5.094405578656174
5030,0.18047092886597205,0.144733532268991,5.0,5.0
5031,0.11770996186680383,0.09461206260142474,5.0,5.0798373153218
5032,0.28995098768609595,0.22448108985843906,5.0,5.08002478546242
5033,0.2588973166496422,0.19428081881101633,5.0,5.1082069422222975
5034,0.24312669042976087,0.17897637636749286,5.0,5.0731522223765335
5035,0.24288747039791958,0.17250601096397733,5.0,5.09847701519722
5036,0.29721345862082327,0.2252117140108405,5.0,5.096502221819268
5037,0.19491524389156134,0.1422581613390207,5.0,4.863717814878719
5038,0.22328891739017243,0.14774818683884094,5.0,5.074296393365332
5039,0.14278173284657525,0.110335421799161,5.0,4.929505798014802
5040,0.27221245261755755,0.20639784216513746,5.0,5.0918859514061765
5041,0.2585308108742208,0.20752032728580483,5.0,5.066601287505401
5042,0.33132353792183533,0.2591960534017149,5.0,5.089750291652226
5043,0.22532984950288482,0.1780863486343609,5.0,5.092150341418753
5044,0.25565816739867997,0.19436969964216022,5.0,5.019213668570259
5045,0.1649683158397719,0.08841115989167636,5.0,5.076706398988229
5046,0.2567637700614511,0.19648701533845214,5.0,5.102056768681971
5047,0.1548034122409243,0.10437462016537535,5.0,5.0638336416212315
5048,0.22305407077543782,0.17932785793211803,5.0,5.0793227717617295
5049,0.23624196720211965,0.18297159339398517,5.0,5.064326645421184
5050,0.2174243982336308,0.17329993796929777,5.0,5.077738206167934
5051,0.2792004883121788,0.22113005996888635,5.0,5.098369600775943
5052,0.2241441613541555,0.14573509686189134,5.0,5.093965443811079
5053,0.170729495905515,0.14121482818538078,5.0,5.0759367536814715
5054,0.22627261432380052,0.16554256404283263,5.0,5.078981782916694
5055,0.2559056494628109,0.1902423688514161,5.0,5.097074395449637
5056,0.19013608075315047,0.16102609472083884,5.0,5.0859375040526
5057,0.1201182028323522,0.11792897141053194,5.0,5.080466904640977
5058,0.20758718748194505,0.16312099584998607,5.0,5.08019174315633
5059,0.27074042631283834,0.217124236117206,5.0,5.075849103505812
5060,0.5179387984593564,0.4160672738444051,5.0,5.096026748390736
5061,0.10595379638937263,0.08535493056381904,5.0,5.0770411263597115
5062,0.22080196409018504,0.19733470810754272,5.0,5.085650024144179
5063,0.39334399651113805,0.29724817370121526,5.0,5.059456867231882
5064,0.187082713434765,0.14028569657543932,5.0,5.094031861294717
5065,0.19851532781324677,0.15268846059675967,5.0,5.08509300259119
5066,0.20959180056109172,0.1649445335779749,5.0,5.0855862911408245
5067,0.16834632050575205,0.13950694313736745,5.0,5.049583772462176
5068,0.26792789568598563,0.20350244348875413,5.0,5.0899490496789035
5069,0.36707485396281947,0.3035162241476992,5.0,5.076530058032969
5070,0.3570858745667824,0.2762040072525864,5.0,5.079686952284623
5071,0.26339762540601974,0.19153732927329936,5.0,5.0618030210344145
5072,0.21748613020824714,0.17608400955380898,5.0,5.085855728828257
5073,0.15210841850869872,0.12464372686298542,5.0,5.064390389094582
5074,0.36683286245086055,0.29098190052860384,5.0,5.09702356353773
5075,0.25016891086947624,0.20845641706244322,5.0,5.075159783513676
5076,0.261646028978777,0.1451447107635837,5.0,5.076454248776692
5077,0.07127717082155827,0.09186491718761214,5.0,5.053860848634715
5078,0.2021851780417847,0.16617592927787184,5.0,5.081873675301738
5079,0.47179414008485177,0.3379582780075817,5.0,5.104179764186467
5080,0.23670073308385864,0.19483613658882204,5.0,5.090148826163228
5081,0.24645163154212724,0.19189114170785038,5.0,5.074368689252751
5082,0.1665694057587257,0.11335212626948965,5.0,5.033837971032131
5083,0.3320143189846856,0.259364995711479,5.0,5.090918113920591
5084,0.20413353754812413,0.16838192818890052,5.0,5.02610190730139
5085,0.13070549732966863,0.10205633089436605,5.0,5.0810084491874274
5086,0.27046246238435034,0.22271413401729068,5.0,5.081946592275353
5087,0.22529602508113422,0.1752901410351223,5.0,5.065738729104936
5088,0.3016592686684594,0.24044936755477286,5.0,5.088549341630122
5089,0.09714483755149872,0.05684782741751049,5.0,5.0792292263761585
5090,0.2596537659087341,0.2152481710658085,5.0,5.09444390330839
5091,0.1536558095134437,0.14224388050925074,5.0,5.086999212740144
5092,0.17166399684843658,0.16697412663622346,5.0,5.084069501381325
5093,0.30773529380786435,0.2224286841548131,5.0,5.108776790093952
5094,0.20312259179554948,0.159436378186101,5.0,5.081029803329118
5095,0.39657584797957157,0.09573373485543468,5.0,5.075510454526118
5096,0.35371899307349053,0.26252683813733313,5.0,5.103294315946529
5097,0.20665291497973648,0.16654870115378673,5.0,5.076618704852898
5098,0.24361025378500423,0.17763478339905414,5.0,5.094385223268043
5099,0.15384777386773973,0.13107718593627993,5.0,5.073385436707278
5100,0.25061183782848695,0.1979010736831217,5.0,5.106312689115846
5101,0.24809105970135348,0.24719823814292363,5.0,5.0361806797272735
5102,0.37919077413551094,0.24678371041028613,5.0,5.072252871601686
5103,0.35093557992300517,0.26877442056688394,5.0,5.068687063636057
5104,0.2164790188859551,0.15942232420277547,5.0,5.0977629517624745
5105,0.2397160298761538,0.20503741567758493,5.0,5.082440571700202
5106,0.21013240028596858,0.18077882525945876,5.0,5.010079585794163
5107,0.16683303042350595,0.12618730605341755,5.0,5.0725824023779875
5108,0.40584252028755663,0.31519860302732283,5.0,5.090468375381043
5109,0.17254872290443313,0.1651199883006711,5.0,5.081228235387103
5110,0.34499970223303533,0.2648703077096576,5.0,5.074249598516527
5111,0.3210442563533993,0.254594576299368,5.0,5.087521379553239
5112,0.22403856373324293,0.17518021020828822,5.0,5.087964847209099
5113,0.22386625966608542,0.17832575261532302,5.0,5.0
5114,0.18439581670645122,0.14642000440645087,5.0,5.069603747163152
5115,0.17787834200503072,0.1356547902369729,5.0,5.071517903197105
5116,0.2844484739578026,0.19728207612057136,5.0,5.093037861047538
5117,0.1489214297399768,0.12733027571400424,5.0,5.076638959139732
5118,0.34346814181251895,0.2904413253761091,5.0,5.065028069223265
5119,0.15354994158290136,0.14134783517899796,5.0,5.0801368251732
5120,0.26875139556168826,0.19371428141924785,5.0,5.074708515142232
5121,0.23621390735144177,0.13820648591022844,5.0,5.086787193822708
5122,0.2014797877058807,0.16485640183126038,5.0,5.085453235034008
5123,0.37828849431135536,0.06735010775284334,5.0,5.082734114816567
5124,0.11876200667758474,0.08652219721017329,5.0,5.077078596232392
5125,0.1795294871062838,0.14333192387353777,5.0,5.07031629545188
5126,0.21516026339613104,0.2242741342339678,5.0,5.059794664199195
5127,0.21983647648665428,0.16905704198019134,5.0,5.097605600075621
5128,0.42111370271902326,0.32908039127927435,5.0,5.082489445300604
5129,0.18938988127477008,0.14474239550121082,5.0,5.085412112856718
5130,0.1958108579988418,0.14907635670933028,5.0,5.083349618436106
5131,0.2383198846429364,0.1698479544034337,5.0,5.08608878750147
5132,0.2348449649700044,0.18158019287816685,5.0,5.08231223379477
5133,0.24903943186154476,0.18804700946365438,5.0,5.080818876581512
5134,0.2373611384060148,0.12510473203281036,5.0,5.065408493815955
5135,0.22368233120997472,0.1747499154384501,5.0,5.057684776212685
5136,0.15920088029494717,0.13967795758527113,5.0,5.069280171419059
5137,0.32495934519499214,0.24860721120607088,5.0,5.076178878308246
5138,0.18784975219279132,0.16076943602507732,5.0,5.1101524478830385
5139,0.27506995384187616,0.21724835124189523,5.0,5.087622191068606
5140,0.23539906673215683,0.1904593010558192,5.0,5.1360347641389215
5141,0.16155174031141528,0.1275952199226943,5.0,5.067665707418838
5142,0.23221468343506246,0.17869008550530574,5.0,5.098510166549337
5143,0.168222886738705,0.16654351212649243,5.0,5.0994673025346415
5144,0.25381671361003466,0.2146123673168192,5.0,4.804334441908846
5145,0.34371370258266687,0.26922438445819574,5.0,5.083244826097992
5146,0.21496533185636335,0.16781133544853866,5.0,5.08908292977428
5147,0.23662342790577773,0.1850744795617103,5.0,5.080198898319628
5148,0.12484520693912526,0.09798299047110548,5.0,5.072664089169789
5149,0.3131355233361537,0.24503187975541052,5.0,5.082938021955901
5150,0.2585551017983423,0.20255170852921867,5.0,5.080122319010245
5151,0.16280431055576727,0.12771257740749764,5.0,5.0757033763159765
5152,0.08865228936822245,0.06943233011985428,5.0,5.0831871634094306
5153,0.16158421184248417,0.1263628599263088,5.0,5.079173039389309
5154,0.21488262575280292,0.16840231647739357,5.0,5.078065994134917
5155,0.14499580377409504,0.11352172893085266,5.0,5.080798958834327
5156,0.23091305925211736,0.18046536491215792,5.0,5.082366303070707
5157,0.2034963841299391,0.15972399324839393,5.0,5.074004328597823
5158,0.10300863926437298,0.07959499706137274,5.0,5.095765387467788
5159,0.22104946063607378,0.17243956520190118,5.0,5.083858188321342
5160,0.22702725493183218,0.17847777830301148,5.0,5.07223497376847
5161,0.1742706766878701,0.1369548315075907,5.0,5.076231615173512
5162,0.1242087955139266,0.09705333858778009,5.0,5.089783013540519
5163,0.3110109264948069,0.24406602968863889,5.0,5.079335262971085
5164,0.25458522928487004,0.1990196342715267,5.0,5.084787959839927
5165,0.24746236256861942,0.19731814891257415,5.0,5.0
5166,0.2049602222418947,0.16038666341085128,5.0,5.080981001364728
5167,0.1466876127240171,0.11471703900895758,5.0,5.081813794837631
5168,0.35713939396390204,0.2798821935054788,5.0,5.085295178980838
5169,0.3070455014949649,0.24148954901884756,5.0,5.07528423639851
5170,0.2748847666697969,0.21537862036815913,5.0,5.082744963592578
5171,0.313170698814369,0.24421888623237975,5.0,5.0905070849363465
5172,0.25486695662464953,0.20005654339578793,5.0,5.076914142511111
5173,0.321679483896955,0.25256152759030115,5.0,5.0774437813045115
5174,0.10569924032430555,0.08256191303460492,5.0,5.083236478060735
5175,0.1807444919256216,0.141441742855691,5.0,5.080228990166615
5176,0.2954569859127745,0.23103363328041981,5.0,5.083701839927608
5177,0.12711682231271793,0.09932264145494019,5.0,5.083045434438782
5178,0.32846076514153943,0.2566924602569005,5.0,5.09280746878825
5179,0.1429243552854096,0.11220849458090798,5.0,5.075533397087391
5180,0.20153945194895395,0.15695497859934981,5.0,5.0876355833063425
5181,0.1736548076940927,0.13565854643229636,5.0,5.08500281537688
5182,0.12595958470308033,0.0984838323838314,5.0,5.081262743487773
5183,0.20352130125034207,0.15927780598611663,5.0,5.0818653078904585
5184,0.35302823356691126,0.27742814071715505,5.0,5.083522953139505
5185,0.2622426329504106,0.20585387227481844,5.0,5.07363014735283
5186,0.2935941788532581,0.23148137119112078,5.0,5.068556030001643
5187,0.26425175575680293,0.20653247254245,5.0,5.082434218087011
5188,0.33029397471579913,0.2585012661482079,5.0,5.084491822718498
5189,0.3108031395782307,0.24392937207184484,5.0,5.096710655991572
5190,0.25880459100173425,0.2018966286304542,5.0,5.089678621571014
5191,0.2823905522944914,0.22096752344689718,5.0,5.0880859962667735
5192,0.23626047021401653,0.18450719540118876,5.0,5.098025653305536
5193,0.26305995595204834,0.20539958536695913,5.0,5.082146063955486
5194,0.2106036293890159,0.16504069322678705,5.0,5.076387101026594
5195,0.3208461673258931,0.2524033735238007,5.0,5.073489203367103
5196,0.14064643053366588,0.10965395640100528,5.0,5.0834709536531
5197,0.18101468513951247,0.14090955733703203,5.0,5.072564237538826
5198,0.16006447168663263,0.12564872173294583,5.0,5.0946420374335055
5199,0.2805691977826468,0.21996057496694077,5.0,5.077338219914989
5200,0.28828460334916706,0.22676599840312395,5.0,5.078065921236563
5201,0.23950475786940073,0.1878235855667043,5.0,5.080032174096489
5202,0.31606530582662606,0.24746561052073535,5.0,5.085754979762376
5203,0.18979812287007247,0.14816309759454271,5.0,5.084351246331904
5204,0.08887875624393438,0.06974309633512521,5.0,5.07658253953621
5205,0.07695725541879606,0.06059658148399838,5.0,5.078446936096048
5206,0.3105739989191989,0.24222329941110288,5.0,5.091563897884104
5207,0.1470320075783913,0.11514247466926841,5.0,5.085590474655266
5208,0.14950051646853568,0.11695584276127535,5.0,5.078783744692057
5209,0.2156049125853654,0.17001978557318043,5.0,5.0783797045206835
5210,0.3113963847210022,0.24384822304052767,5.0,5.084875436194585
5211,0.24041951679846263,0.18723444692606983,5.0,5.092535242355956
5212,0.17292344886436384,0.1358887323896616,5.0,5.0730688635913435
5213,0.3688476487611012,0.28807854916052467,5.0,5.089910164651634
5214,0.1432396673173002,0.111886198481709,5.0,5.087037320853005
5215,0.19357661076254917,0.15126150448884634,5.0,5.085165812735504
5216,0.1161877848401962,0.09115127192710382,5.0,5.073538032113545
5217,0.2381708321007232,0.1871071448926479,5.0,5.08263965459304
5218,0.2198848248072811,0.17197873837884803,5.0,5.09187571173614
5219,0.24796523084086042,0.19437619958987562,5.0,5.08551365301793
5220,0.2326932166546427,0.1832105235599003,5.0,5.075177085553353
5221,0.05719011683201525,0.04447502643633905,5.0,5.078914879941321
5222,0.2278136772371333,0.17749369567035622,5.0,5.0859833729008574
5223,0.2826432164306749,0.2210547804658387,5.0,5.083396896461805
5224,0.16360420029168332,0.1279342162410918,5.0,5.075599008332494
5225,0.17463239428199362,0.13641922339306944,5.0,5.081978198391104
5226,0.17747753708566782,0.1385396961861336,5.0,5.082545684197246
5227,0.22218899308959927,0.1739946349237057,5.0,5.0837583805342845
5228,0.17881807205367162,0.13965074190699456,5.0,5.089164997166238
5229,0.2776214092833835,0.21687934296422262,5.0,5.089874808789228
5230,0.1433949088667743,0.1122848277750258,5.0,5.083085467209489
5231,0.37942346544374494,0.2971508738778269,5.0,5.086089860803007
5232,0.10243968831811467,0.08040980691689215,5.0,5.0737311248743655
5233,0.24988965276787778,0.1954066262141747,5.0,5.081937442767899
5234,0.2917229323505357,0.22792747122991674,5.0,5.084988643958122
5235,0.2589228898086595,0.20292086475253224,5.0,5.079720091646749
5236,0.17162151230049982,0.13436001929312313,5.0,5.085370347215168
5237,0.2888209064417191,0.22509949659274997,5.0,5.087266098485319
5238,0.2959335241309571,0.2287940947290492,5.0,5.103798275070073
5239,0.2849011649344291,0.22339724773398006,5.0,5.081732559933352
5240,0.21385405873210783,0.16807638479954534,5.0,5.073448903693132
5241,0.12164501485816515,0.09510077263775185,5.0,5.081606025051757
5242,0.20110424183577336,0.15728668571931492,5.0,5.084552456308851
5243,0.18849101221749098,0.14741287211766219,5.0,5.081928032090914
5244,0.12754506796794662,0.0996433886486322,5.0,5.07958666119305
5245,0.17287738255587404,0.13516838651844254,5.0,5.084880593488714
5246,0.24838674218671253,0.19495291635502898,5.0,5.078951474341773
5247,0.2073377884615244,0.16255098479236718,5.0,5.075745175263675
5248,0.2776592423632691,0.2168846871528778,5.0,5.087855784573065
5249,0.25544620236201787,0.20004237230742394,5.0,5.076798122582522
5250,0.27742934260314445,0.21616769128293822,5.0,5.08816274778936
5251,0.20853244452662967,0.16289574773425586,5.0,5.081807638344298
5252,0.45634230150191435,0.35758508885086937,5.0,5.083035918706749
5253,0.25640740222008973,0.20091679968605813,5.0,5.078573386754908
5254,0.3813587149545399,0.2975802110186683,5.0,5.098580126088228
5255,0.240885963249176,0.18873658139595018,5.0,5.080662010172903
5256,0.22822804752601877,0.17885770720392236,5.0,5.074339243838679
5257,0.24333147849469428,0.1909554821897229,5.0,5.074149925483491
5258,0.3025992955074128,0.23705224578230166,5.0,5.082000798778363
5259,0.39413688658401247,0.308537463072012,5.0,5.086122384877054
5260,0.2327835698537053,0.18260288260832525,5.0,5.07614423479156
5261,0.20805501976525353,0.16333858426141934,5.0,5.079312011826529
5262,0.2295431657002791,0.1797074684020059,5.0,5.086901527118677
5263,0.3863645853112929,0.3021281500476022,5.0,5.086656151181712
5264,0.11338703613023848,0.08890805885692776,5.0,5.075109147598411
5265,0.20324537520769104,0.15862035708826694,5.0,5.090251886497832
5266,0.2345703281797944,0.18331043323178997,5.0,5.083379594307633
5267,0.3397828535646381,0.2669572945126957,5.0,5.0824517618574205
5268,0.22769376165669963,0.1782570088861397,5.0,5.087528091247577
5269,0.27791945905231086,0.21763661516597432,5.0,5.082273728196105
5270,0.39814607295915105,0.31293361368914185,5.0,5.075042290377514
5271,0.20062575907388003,0.15728343993804583,5.0,5.072356204993325
5272,0.30323398256450496,0.23831554946783284,5.0,5.072356456128944
5273,0.33905778095108063,0.2654792720614797,5.0,5.058238373506576
5274,0.17817395802112013,0.13949134468895086,5.0,5.079683894558489
5275,0.24187097451006134,0.18831127138450854,5.0,5.09522579786835
5276,0.1681086039934938,0.1312606742175485,5.0,5.08035998276263
5277,0.22295645287458998,0.17458287738249378,5.0,5.0869477977142274
5278,0.1784935216148773,0.13948660753107944,5.0,5.083301348054352
5279,0.253256326814409,0.19803909869430525,5.0,5.086059884138239
5280,0.2936479478734686,0.23025443126178236,5.0,5.079866089120548
5281,0.2655214869188298,0.20794188365971544,5.0,5.082911179171923
5282,0.33073588843741475,0.25826565874481755,5.0,5.091129386894195
5283,0.21269558601434846,0.16788590671061265,5.0,5.072217726235051
5284,0.3656185579000737,0.28700885903908435,5.0,5.080049359315675
5285,0.15725671936386965,0.12279739116859378,5.0,5.083124870124092
5286,0.2232323359718873,0.17483416901218396,5.0,5.077882723982183
5287,0.24271683504904007,0.19029018664641106,5.0,5.081687461500781
5288,0.25344953554729366,0.19819091423213187,5.0,5.08244470916825
5289,0.3136415094991787,0.24466248434487725,5.0,5.095487284752913
5290,0.12472591067558092,0.09778406215436164,5.0,5.075035298580888
5291,0.2604213533635751,0.20368923790526794,5.0,5.080935249128755
5292,0.07907608069921657,0.061728594995710706,5.0,5.0819156702128065
5293,0.2813079307667836,0.21996555728167266,5.0,5.0789452557766435
5294,0.23085605607563142,0.1807085656922729,5.0,5.082099587091893
5295,0.2988287036784383,0.2338518444760631,5.0,5.079144513168359
5296,0.2198979561349772,0.17108961921971333,5.0,5.092383327414751
5297,0.1463009607143375,0.11461814852995511,5.0,5.078553182154906
5298,0.27997985243471635,0.218971066662891,5.0,5.087783891915256
5299,0.2739170856054942,0.21391437690490278,5.0,5.090479187895802
5300,0.208735564344962,0.16377459203752742,5.0,5.076247825757125
5301,0.22338970965432958,0.1753522563169715,5.0,5.079276445387473
5302,0.20357192579108951,0.15975057112126967,5.0,5.077950217622256
5303,0.41411424672368047,0.3255315500480752,5.0,5.080771465006402
5304,0.39815390501299674,0.31149997050182265,5.0,5.101125684378776
5305,0.14083774777749403,0.1105826669607215,5.0,5.071687522256569
5306,0.17340046168684387,0.13645707160614173,5.0,5.071215962467175
5307,0.18646992617640978,0.14660180083998886,5.0,5.079442375727599
5308,0.22879091383167394,0.17826905909733015,5.0,5.0937880956870885
5309,0.16750358220375006,0.13148169307923951,5.0,5.079213761256494
5310,0.13623332417713674,0.1051302146798403,5.0,5.080736482067003
5311,0.1998114164715208,0.15675491361000893,5.0,5.080037596434677
5312,0.14255493650281292,0.11141723181775776,5.0,5.082974013077086
5313,0.2512858644163072,0.19670424354523752,5.0,5.0629313204463156
5314,0.1638028463141623,0.12876898034495898,5.0,5.079805788462055
5315,0.34488999779961627,0.2715694961031856,5.0,5.073056902611803
5316,0.12360598250018762,0.09698651905085909,5.0,5.07909018480956
5317,0.15613053439153912,0.12163531816447315,5.0,5.092546399786375
5318,0.1658086711277318,0.13006381808074752,5.0,5.07517280838953
5319,0.1300711603082647,0.10143219732046704,5.0,5.085973658580949
5320,0.28082587917994295,0.21932437761216117,5.0,5.093069547019073
5321,0.2309224338668867,0.1807513345524301,5.0,5.0802758032075435
5322,0.22152799847003024,0.1731743248672828,5.0,5.089058883479636
5323,0.1363136213419498,0.10645495535934268,5.0,5.073871710192455
5324,0.24393609119894522,0.19136084630089756,5.0,5.084955983909394
5325,0.09876403553619384,0.07728616377702524,5.0,5.076009264629686
5326,0.36195987648889383,0.28267849741934925,5.0,5.092946888041059
5327,0.15532544382904834,0.12153780335386155,5.0,5.080351850514706
5328,0.2373392886025849,0.18589189235973635,5.0,5.087240424554604
5329,0.20936434066645937,0.16372126190938996,5.0,5.079805057919415
5330,0.2683971157499909,0.20999151970798557,5.0,5.086673215368087
5331,0.17641768525006274,0.13767624417443103,5.0,5.088664457056211
5332,0.18800745576581557,0.1467591111589449,5.0,5.083590752880269
5333,0.18128670247560352,0.14090411076901854,5.0,5.0920083606470445
5334,0.2427275418330368,0.19059638631293474,5.0,5.081986116085044
5335,0.18967778103550215,0.14865065073854233,5.0,5.081051614806764
5336,0.3038906166082487,0.2388353188663047,5.0,5.075257275781313
5337,0.23754006666807492,0.1867481135760155,5.0,5.070070838744245
5338,0.16213799162870401,0.12702909716426203,5.0,5.078962986749591
5339,0.18335115185738626,0.14352172285055997,5.0,5.084399885711965
5340,0.36539076193601394,0.2860243880213963,5.0,5.083971998237047
5341,0.3913990758891577,0.3056275338982388,5.0,5.094041229923789
5342,0.17147675507375504,0.1354975069152008,5.0,5.076987762459959
5343,0.14490586516932225,0.11295154452470269,5.0,5.087622622294461
5344,0.08980056288893645,0.07037080857054234,5.0,5.078666093203292
5345,0.23040326325708516,0.1791169681314364,5.0,5.099471130095123
5346,0.172778797507932,0.1354271453530803,5.0,5.083423490541188
5347,0.2312124963520803,0.18026189389478953,5.0,5.097839029688869
5348,0.21335489048465917,0.1717220093805072,5.0,5.0
5349,0.17130878323071386,0.13454116069796296,5.0,5.079169935362993
5350,0.1430461540583976,0.11179122963484511,5.0,5.079778120940137
5351,0.10757955657335949,0.08373734644466824,5.0,5.086882451991768
5352,0.12804990742026523,0.0998445698167405,5.0,5.09532576884955
5353,0.20325227041895877,0.15944525101558527,5.0,5.081689609890772
5354,0.24937379209010202,0.19483040692200615,5.0,5.087708342341273
5355,0.20404403042143926,0.16058979807304907,5.0,5.0674910221824465
5356,0.2209058794660641,0.17351729746668065,5.0,5.0705223734237315
5357,0.19508456045459033,0.15285543705434712,5.0,5.085145903797095
5358,0.23421615094024828,0.18304827854706385,5.0,5.08130560121951
5359,0.18115869382447114,0.14151822271127723,5.0,5.085076054758755
5360,0.23508707859196942,0.1833383540320066,5.0,5.088378792390751
5361,0.23620101371203073,0.1846682302989846,5.0,5.086962725157758
5362,0.16583488375866473,0.12965491235840432,5.0,5.079809698669262
5363,0.3919042516638487,0.30644666250899477,5.0,5.090570966894772
5364,0.09988188156794431,0.07799636403001209,5.0,5.082421996858546
5365,0.26370795087486076,0.20667737735772906,5.0,5.080002393137049
5366,0.21165721197788945,0.16503628363789713,5.0,5.092089883586519
5367,0.1932643486872061,0.15112971467683445,5.0,5.080432001231481
5368,0.19386197408283534,0.1515196006754087,5.0,5.0843890084565135
5369,0.2394195548739182,0.18710682090985353,5.0,5.0850717969309045
5370,0.20827649378530388,0.1627304157607009,5.0,5.079240879467228
5371,0.29394364781087123,0.23009675905133697,5.0,5.084573816218683
5372,0.3317523072848567,0.25940154939667126,5.0,5.092311286833331
5373,0.2474672006743326,0.19364577047765175,5.0,5.079518476038665
5374,0.2567839158244978,0.20124185197067912,5.0,5.07916373042014
5375,0.19418556203647852,0.15166741916811266,5.0,5.082687197285782
5376,0.16708447332467835,0.13159071996774896,5.0,5.065561045149316
5377,0.1404733729641825,0.109647567545887,5.0,5.079941894889588
5378,0.2822974138088188,0.2204826294393667,5.0,5.0856767702850725
5379,0.25419855469843156,0.19905849737911963,5.0,5.080723383360688
5380,0.2540816464105675,0.19995086470025003,5.0,5.074344922104563
5381,0.30768724102407785,0.2418668107852716,5.0,5.07657045042083
5382,0.17901477244843167,0.1398486012746034,5.0,5.089571283089365
5383,0.2189249955713306,0.17184655250058678,5.0,5.081634391782517
5384,0.2844320239593998,0.22254884392732766,5.0,5.079445069876503
5385,0.4158142493243906,0.3256475081168848,5.0,5.084510791425414
5386,0.22575871478663267,0.17749026019609104,5.0,5.0866333398665375
5387,0.26808602927365,0.21088032143069702,5.0,5.077603985641792
5388,0.2669318170133257,0.20980595931834434,5.0,5.0749737460062505
5389,0.23242655233142862,0.1830160883298817,5.0,5.076008218959256
5390,0.35691869428773493,0.2781631550193353,5.0,5.097437378084928
5391,0.20493057864882847,0.16015671806374654,5.0,5.078954502905395
5392,0.2751692549621916,0.2172601908656432,5.0,5.059600458738567
5393,0.22098553340405447,0.17413737005358443,5.0,5.0635904121401065
5394,0.18125438882967249,0.1416104940201799,5.0,5.088714321999701
5395,0.2405224195476403,0.18762804462866067,5.0,5.091533300611033
5396,0.11671306505777723,0.09163641556020807,5.0,5.077698800507768
5397,0.27932464252515565,0.21905489556321456,5.0,5.0751657445986265
5398,0.14874035499959293,0.11651094387542726,5.0,5.074729903962378
5399,0.20861902924574394,0.1634664414552246,5.0,5.077126973256334
5400,0.09373167402518168,0.07348242607547784,5.0,5.0760421389373
5401,0.12539385351148025,0.0979906665646253,5.0,5.084335498658126
5402,0.2776425570126895,0.2178291473957339,5.0,5.073923532849758
5403,0.506511905213576,0.3950491740773041,5.0,5.091785440247341
5404,0.21797637838578754,0.17017465089463446,5.0,5.084612970888713
5405,0.3135416861535787,0.24623909836910007,5.0,5.077251182786648
5406,0.40946273483939466,0.3226640838031192,5.0,5.07302618846964
5407,0.24665526543010552,0.19294357941950957,5.0,5.091656111682932
5408,0.14342745179012795,0.11221765506330728,5.0,5.0790908355339415
5409,0.18970209200851662,0.14852251390353755,5.0,5.0838376387506745
5410,0.24905951851106511,0.19353861677608641,5.0,5.088757042499941
5411,0.29442174146324396,0.23043789555445615,5.0,5.0832764961084465
5412,0.3118901874527624,0.24317646977719454,5.0,5.097897376466287
5413,0.28285558240804876,0.22222223617679737,5.0,5.0752691732626065
5414,0.19223986967101792,0.15023286827598137,5.0,5.080952586771543
5415,0.18407244989386862,0.14295659824576568,5.0,5.098917097622158
5416,0.09929410064459532,0.07754779141639934,5.0,5.078768327758008
5417,0.15300341924736216,0.11948235867629586,5.0,5.085452151717611
5418,0.15031059070814323,0.11791456455699911,5.0,5.076852907563216
5419,0.21244838709210012,0.1660500762424837,5.0,5.085464327592417
5420,0.1380083455197565,0.10797699212569423,5.0,5.074164242456476
5421,0.18870263472804627,0.14781686693742568,5.0,5.077743809956914
5422,0.4378400483013314,0.3392205952051772,5.0,5.111261897818196
5423,0.2282753003488327,0.17896864107264232,5.0,5.0908326775861745
5424,0.33247635396917374,0.2609708777211679,5.0,5.07735231746639
5425,0.15746877888190536,0.12317551504642599,5.0,5.091345728187591
5426,0.316895976218438,0.24824363305081543,5.0,5.081059266688834
5427,0.2798227809999245,0.21997446597823433,5.0,5.075261924566208
5428,0.17385367831975507,0.1358005124462225,5.0,5.083912794824315
5429,0.32863551724888196,0.2574094738249061,5.0,5.082129960525972
5430,0.24334539534820543,0.19089603485575135,5.0,5.076839451727917
5431,0.28388622580070955,0.2230295339406826,5.0,5.076664612384487
5432,0.11590690298977369,0.09073195756831942,5.0,5.078667966043815
5433,0.2838690731035576,0.22222737519294877,5.0,5.084491581027599
5434,0.24552427695996082,0.19176303890073676,5.0,5.089313900894457
5435,0.13076619557311941,0.10297451375151434,5.0,5.076043120079747
5436,0.3079586092587365,0.23956914148153974,5.0,5.094171896505477
5437,0.24335993198898476,0.19057307915276278,5.0,5.07906087982815
5438,0.2097018520291396,0.16412852128511657,5.0,5.080411714579514
5439,0.347987741848488,0.27282185922388935,5.0,5.093226464167389
5440,0.20064730540668707,0.1572080642921646,5.0,5.079625839266262
5441,0.12561763319402153,0.09901646682306287,5.0,5.076118666894844
5442,0.1656669422910324,0.12927748841763864,5.0,5.088776922159006
5443,0.33845023868028123,0.2643547409769048,5.0,5.085129779691027
5444,0.2839870526491657,0.22169140294861567,5.0,5.09226590426529
5445,0.246758013790505,0.19343430947790008,5.0,5.0802567139964605
5446,0.3022847815798002,0.23708180968714065,5.0,5.077554665519335
5447,0.22382215185468524,0.1742003237545635,5.0,5.092309570246281
5448,0.24318343811705456,0.18957422833033366,5.0,5.088500797851765
5449,0.19863586304579584,0.1552463130324766,5.0,5.088742984175125
5450,0.15987295142486446,0.12638194098340483,5.0,5.081149637082545
5451,0.2912487404188979,0.22866509824244774,5.0,5.080203030303627
5452,0.09559289044628283,0.07473927239477685,5.0,5.078497536390634
5453,0.2455750253704314,0.19264072028682122,5.0,5.079975020783456
5454,0.2817677027547796,0.22066299871512907,5.0,5.079157865917665
5455,0.21488733543009753,0.16779719102876622,5.0,5.084039110786476
5456,0.19254943320350448,0.14878364062044525,5.0,5.058768132022102
5457,0.17385090895043387,0.13628564489773298,5.0,5.077541244712398
5458,0.24578992934166877,0.19208072386554065,5.0,5.087152110979396
5459,0.3390658937683222,0.26535453975449785,5.0,5.085181375051517
5460,0.1866835842535599,0.14613413715352996,5.0,5.079492110700707
5461,0.3864462845727812,0.302518123998476,5.0,5.090999518202102
5462,0.15985530904027945,0.12492789158894435,5.0,5.073863246705983
5463,0.19732671751439268,0.15503956222897397,5.0,5.073187090448146
5464,0.19831724726205868,0.15516037104486735,5.0,5.072742114002029
5465,0.1257072035989697,0.09843595876376254,5.0,5.079570362153447
5466,0.1465286656931597,0.11454603177471123,5.0,5.08144699008775
5467,0.14802212516031954,0.1163376509498083,5.0,5.079886392942914
5468,0.16004659377903474,0.12552324116197933,5.0,5.077352975122444
5469,0.1718507946676513,0.13866493603383256,5.0,5.0363250537843385
5470,0.22139105182178853,0.17280508441518982,5.0,5.092814075172587
5471,0.22691924003247754,0.1777616034568632,5.0,5.087433632580769
5472,0.3031686959586193,0.23697765089741063,5.0,5.08601777561327
5473,0.1059669373917993,0.08257829640328729,5.0,5.091764797402618
5474,0.3047602308726727,0.2379772501506261,5.0,5.088722024492505
5475,0.19253861251278148,0.15031446061524378,5.0,5.0833773354049505
5476,0.2473721249169445,0.19331106817654997,5.0,5.087060597286417
5477,0.3196979684111305,0.2506193906503177,5.0,5.078797272698026
5478,0.1772960359235951,0.13958294984893738,5.0,5.073846910907154
5479,0.17177613429853422,0.13513000470615644,5.0,5.072612441579976
5480,0.2551433043895672,0.19808598775389785,5.0,5.091123014945547
5481,0.13669887737103137,0.10676010632747102,5.0,5.085645481437995
5482,0.2721537980657114,0.21246135377078568,5.0,5.083463506056862
5483,0.09008865006495026,0.07065734256106726,5.0,5.069333496938313
5484,0.20483520676837474,0.16033003460258577,5.0,5.078265100632295
5485,0.20488909212907047,0.16052984244803103,5.0,5.088348941443872
5486,0.13391323017587098,0.10482204167833431,5.0,5.0789329417702955
5487,0.21162329107289346,0.1657284014959407,5.0,5.079548126978706
