vertices 2038
     0 3.28738251844389 6.39070837091238 4.37459570695947
     3 2.76776729803910 5.78134800770214 5.06290415300935
     5 3.37883028813244 5.07136677775043 4.07492813784582
     8 3.83369689305302 5.33344280410857 4.20832159231156
     9 3.85710134483161 5.59818320170080 4.11226649177974
    17 3.12462505703665 5.06838045810733 4.76417724667691
    31 3.46657587433433 6.47609134111439 6.51798308961665
    33 3.60526710546189 6.43393430323200 6.36704406995307
    46 2.60749240099756 5.67031605506753 6.75993943613364
    47 2.67889549528546 6.31355765372159 6.60186980196456
    48 3.09155321721987 6.57014067969272 6.13987394763137
    52 5.82220808036913 0.75657910908768 2.22036084464548
    55 5.81270649141572 0.61168099497775 2.66324632600078
    64 6.08370468454771 0.49484468358609 3.04628741731507
    71 6.98224712036482 0.99043722743508 2.06340040511939
    74 0.07580468710388 1.05537354416122 2.50103470519176
    77 6.03426260327165 0.35298879850956 2.83932568401813
    85 1.42730882156668 2.97460032890009 6.51046646769658
    87 1.08833711528086 3.27609862649777 6.38127548823066
    88 1.19937698062242 2.49990619982964 0.03242013982249
    91 1.51641059555698 2.68018281459858 6.22038123055996
   102 0.82970903136496 1.86157069010711 6.40256104854143
   103 1.07146103833601 1.85316828849879 6.66813470669501
   124 3.41106894936295 5.52397511064839 1.03958400322125
   125 3.37048518508935 5.62540368153577 1.03835081145543
   127 2.83230277183345 5.58335800069775 1.08774798096327
   131 2.38261792771947 5.81669122279410 0.56956894230076
   138 5.10057149026002 3.88322430010162 6.94209142567611
   141 6.24705673106957 3.33731784833898 0.27828506706452
   142 5.75888973396975 3.27570266173646 0.45255391842903
   143 6.00420082904406 3.51818563643550 0.71684897988881
   145 5.53290341654579 3.66791529799935 0.67486481101286
   146 5.77468595382369 4.03809431274588 0.73893089137741
   147 6.47369472952142 3.77474446430935 6.68090788472389
   148 5.76625872544990 3.41121837862344 0.67335677727793
   150 6.31327698227085 3.43512849822954 0.39486067337193
   151 5.97826013065256 3.96594845225670 0.76273609979212
   152 5.23239935431486 3.59509474864308 0.26402456456172
   158 6.33655274555340 3.48212803313586 6.70762682255568
   161 5.22130125665632 3.68140705559675 6.60132818015324
   162 5.26928736001509 4.11008943924746 6.67459696048922
   163 5.15314918056611 4.04243401889340 6.93953848536386
   171 2.60254655463600 0.74894823776012 0.34779872859669
   173 3.05287626267784 1.12182513814876 0.95250303161278
   174 3.31281923208432 1.27156412431484 0.28721620609545
   175 2.05535801516862 1.69061035320097 0.54675077211226
   177 3.37130284375814 1.58791233004462 0.53569807414068
   179 3.13915324866936 0.98413857015402 0.46540667940962
   180 3.18474260927443 1.51245360952448 0.93243304081764
   181 2.77519143189360 1.84197952510251 1.03505074223155
   185 2.38825586562651 0.86453460882338 0.09392854117292
   190 2.40196108138523 2.13437189585213 0.58016198548406
   191 2.68799753440176 2.11567946521389 0.80854339382744
   194 2.49910758336478 2.17675407551800 0.44313406636086
   197 2.52579745261049 1.91631840327523 6.95319917930316
   202 4.84605273175976 3.54239127209106 1.46340752433341
   229 4.76488502561485 2.16756264954499 1.48073753676444
   232 4.49564121874841 1.98662642659550 1.60846903668563
   238 3.57260415250313 2.67404171916181 1.36751738530146
   240 3.67127089661293 2.99507052879410 1.89841669136025
   241 3.96487531510546 3.39215668534437 1.72666052894116
   243 3.78926022776407 2.16055544985615 1.55372465370213
   260 6.44304979545714 2.07327371859013 4.98844476394185
   266 5.92919055422576 1.58952583359287 4.92875126776306
   274 6.59179641232699 0.65888221655661 5.17134623981110
   284 4.35564091770412 6.21066395020778 5.31970089652214
   285 4.30725273588673 5.99854479520036 5.61174514504606
   289 3.81921288471154 5.05635402126456 5.20441309263198
   295 2.29156894190712 2.67494791241468 4.93791254970057
   297 1.64380173476176 2.82698117894310 5.48375264840206
   298 2.34376411779365 2.82452464125670 4.64520100099435
   299 1.95275958709826 3.04186486755079 5.42085406132151
   300 1.32940707470104 3.21440037399201 5.45071021486589
   304 1.83214980424208 3.34038557579105 5.37906702380948
   306 1.31222917220585 3.04254302886462 5.46084354511404
   308 1.86064167897229 3.52420666603130 5.05285512778772
   312 2.11822782330715 3.33500034087623 4.61438893193574
   320 3.74848306650482 2.27841409683242 6.98836277631285
   321 4.44587092472927 3.14224533005435 0.45597972967224
   322 4.16773427645955 2.17866233297779 6.79263617201281
   324 3.72478363380935 2.76032785468824 0.07592753980629
   330 4.04883655874026 2.96796031170547 6.97890184166151
   332 4.34472326020107 2.68679279120282 6.73717845720877
   347 4.28181523177927 6.56019827869493 3.55871554768319
   362 4.65097471415655 1.64812992040693 0.30887348777084
   365 4.58079426687981 1.12727846818541 1.52942087309985
   375 4.37866875180152 1.30304904963184 0.47808092625865
   378 4.30624567618367 1.15360574468402 1.27483754426854
   389 6.33944597977887 5.43307521462291 6.35763369082171
   390 6.38274536061797 5.45343484381277 5.86703960752483
   392 6.66833256211598 5.97917404164983 5.66491008318160
   413 6.60483514557820 5.16121331810778 5.69169498239594
   419 6.53981883195359 5.07950671830099 6.56195626595364
   429 0.46403888935399 0.86822923466174 2.64866937537809
   430 0.38809421074517 1.15866698310757 1.77159440631872
   432 0.24981568489152 0.98698981441799 1.99625459328378
   438 0.95255298337305 1.83114103198699 2.64806320214367
   442 0.84832530122902 1.22266606268301 2.95503953919154
   453 6.23969156964553 0.53699853034489 1.21982207552455
   462 5.55373900637886 0.71652116541611 2.17689916431363
   469 5.12877275126080 4.80181600021589 0.69410353352567
   470 4.97874138213995 5.89199274026853 0.90981883381230
   471 4.74845515811596 5.55821976788348 0.88679931464846
   472 4.67599070253649 5.49680908405006 1.42453877467629
   476 5.52472311093308 4.62888468414379 1.10534294711052
   478 5.53132970573663 5.69139256459436 0.49563851314810
   481 5.54615203004633 4.69140348378806 0.73361106221274
   483 4.79275631088688 5.28083847517101 1.55346053767570
   484 5.75947138129161 4.82233285828071 1.35953829268751
   485 5.09665061522151 4.74209207687962 1.10136996214277
   486 5.03907678088169 5.14433514181071 0.52522174399404
   487 5.46109269979954 5.34470777281166 0.35498591931401
   488 5.82196414272261 5.04239093209892 0.52718797453085
   497 0.14701015652158 0.66446040396745 0.74130506241282
   509 6.65584933180597 1.29312344507748 0.82091868642175
   510 6.44507189768866 0.86138984027595 0.72551264419677
   514 0.83488581866239 1.56721208416521 5.98468470003017
   515 1.59552591418251 2.61075868239709 5.83904616185928
   518 1.40214478484792 1.47972641878082 6.65472353428711
   520 0.90928656976554 1.88429128826136 5.70207064836986
   531 0.52265925285586 0.77612711706252 3.51132744662142
   538 1.29518198813407 0.07556485486062 3.39056619184820
   539 0.97028848259668 0.32836004086913 3.73156371350222
   540 0.80617581779690 0.29809631599763 3.71559335012026
   544 3.16463919846470 1.80880851649864 4.83133343812436
   549 2.40035797594348 1.56046078643766 4.85439185223921
   557 3.31936123203883 2.29209449150562 4.88830461321984
   562 2.20732644669135 1.83999559125152 5.01814263208277
   566 3.08237404301789 4.45630822306987 4.83287518364930
   568 2.73700972894816 4.56200549548480 3.55585832151042
   576 2.23937246245207 4.37979397957699 4.15313586536367
   577 3.40892496859101 4.76501021291438 3.88874719727041
   580 3.31019790306198 4.46111316946839 4.06563401357947
   585 3.04558813833720 4.67944062063407 4.97372030597547
   586 2.44136283209681 4.39994399066496 4.89674706224856
   587 2.62467135296380 4.69153428711471 5.06333447895631
   602 1.09519257951174 1.84331827119175 4.76642183598454
   606 1.45315315383557 1.25405152602580 5.10180487076620
   617 1.82874821371450 1.03724500986193 4.95444796140279
   626 1.76323803553810 3.11604819432030 0.25127988714992
   627 1.51197802080960 3.47167893262126 0.57339391294791
   629 1.78446278607734 3.58857383983540 0.90597319990832
   641 2.05444049091565 2.43633965071804 0.66677415178834
   643 2.04778495531466 2.65945893579513 0.38021786215088
   644 1.78707046507226 2.52044177045757 1.52264387188458
   647 2.41955089740160 6.58846273082059 0.35204076706908
   648 2.18865906637016 5.96863008453491 0.64718220621379
   651 2.00833123530583 5.72071741949209 0.51857814315760
   655 1.54704437452653 5.72045902216111 6.63914061414206
   657 1.69845840750438 6.60827241744668 0.25764152491030
   662 2.13583922127070 6.47769133349903 0.53674345881734
   666 3.59390084167635 2.58380017295410 5.73253992468875
   668 4.36028855469732 2.81537363469528 6.42733236322694
   671 3.65083159417410 3.15827266028212 6.16284920409299
   678 4.10884062903938 1.89125948301287 6.47589747936393
   679 3.57565113391856 2.64579963328186 5.55553892353806
   681 2.73635856307087 2.47901561099356 6.37722432772739
   684 2.78349648889944 2.94988390283775 6.55241909535263
   686 2.47035766761380 3.52187807031501 5.77123275667158
   699 2.34215100395916 3.07627680621467 5.72892908559042
   700 3.74640105684415 6.54954648850935 3.51293020540993
   719 4.33255383880387 0.26165011887453 5.46011355642299
   721 3.81198859391083 0.24184017562599 5.49357124064795
   722 4.79161512992921 6.92977748778602 5.84546473350547
   724 4.00128296976151 6.67545364559500 6.43535644104061
   736 2.97970427643483 5.78740494791299 2.11504827519355
   739 4.02549917526267 5.48424602453660 2.77547346330790
   741 3.59553967898147 5.66077451633952 2.00172344322785
   742 3.79037028096700 5.95668796070134 2.25151089317966
   763 4.60172497214161 0.45308592968066 5.25147866200152
   764 4.45974918625241 0.47913704882881 4.90186770556110
   769 4.66775448666031 1.72531513444859 6.97034102267704
   776 4.97210802540263 1.67315094643418 6.75111075830559
   782 4.84463828039675 2.98296536724406 6.26387609699810
   783 4.68618364156517 1.49855149909823 6.49783655712311
   794 1.79877716666998 3.91400812850136 1.99071336323178
   795 2.07514339573561 3.57649534908296 2.07030112586142
   796 2.89694673195703 3.94364220418962 1.48302247320914
   802 2.72679489094155 3.48961226430684 1.07315295168112
   803 2.72167476302451 4.32064527308563 1.37538897461648
   808 1.88693405919367 0.05710638648036 4.80823630977316
   809 1.70697281836115 6.36592219748120 3.60761676094486
   813 1.31385592021457 6.99351072165773 4.55780523900507
   824 3.58970352523260 1.56089812698413 1.31669787989609
   833 3.49487119513487 1.87915502139437 1.55897032294505
   835 2.92346062582049 4.67852035159126 6.00014839755251
   836 2.09365181743498 4.19494708617838 5.62621242722793
   838 2.72715749852943 4.65214298004344 6.03581414575121
   841 3.13588689587497 4.38051334681097 6.14331518139137
   843 3.36559938366697 4.48887951253722 5.21387032866931
   844 3.38635991639356 4.18543359914395 5.76513321870700
   845 3.22970382055391 4.68043320937592 5.21466073336693
   846 2.10969097401044 4.10346147934984 5.24255929993256
   848 2.12061461265408 3.86152999501949 5.78569183188730
   849 2.16807776205301 3.71178874129541 5.61262807613099
   850 3.05780127764538 3.81106579500041 5.08607017980995
   851 3.26347548270817 4.30742515584156 4.95678176369649
   852 2.46436057859102 4.65657519591061 5.74516245879298
   853 2.16853139994643 3.89862037397558 5.23221206776484
   862 3.77907434069451 5.43778724865330 1.50921016154737
   863 2.64085590166269 4.77326532520882 1.65365400787351
   865 3.75577406912439 5.14641917118301 1.78973873699440
   867 2.46721270614959 5.04741980007750 1.53408890295766
   870 2.92627829905746 4.73795228233430 1.44632467477541
   871 3.41520549559895 4.76988359095298 1.82770749785622
   872 2.66509904254028 5.23825324108356 2.39656367761542
   875 2.16911658579193 6.20563314299395 3.11090229326852
   876 3.02698849206716 0.24312732359748 3.19739866244919
   877 2.19574630033545 6.54781061609610 2.67734298371663
   885 1.79574603408085 5.63395349938518 2.45743266131753
   890 2.13090811572242 5.34324476213745 2.80232143401403
   894 1.93943645519176 6.41985667620840 2.38158215999305
   900 0.72318151206481 6.07820856503757 5.69588140556196
   901 1.24859839032667 5.41506383911795 6.17521058565175
   903 0.42772763899699 6.40240571658926 6.73615295968251
   909 1.30594377124573 5.37380220493906 6.48438805552263
   910 0.80860979741020 6.54149622980129 6.74194103092377
   911 0.85567454596321 6.67808502680408 6.35013304523491
   912 0.36394343785958 5.94622126428929 6.81661221296757
   913 0.38974302004842 6.56270620986490 6.08693049125331
   920 2.33641290342235 0.69929264627091 2.23614165480290
   923 2.73594939467146 0.53950161975318 2.04736968585881
   924 2.51932139952704 1.17573143780023 2.11041166487757
   927 2.87756718958585 0.86691235978932 1.96729272442789
   929 2.87456488774284 1.18894859548522 3.28517570796408
   940 6.27043925264493 0.05108884158278 5.36835695812217
   945 5.32480627209203 0.74093332114898 5.46666760082584
   947 6.58405779225995 0.21373331686756 5.36433240088223
   950 3.93512474863828 4.81472471966302 0.60308087955913
   958 3.54908141392441 4.63588882555058 6.58399766253617
   967 0.73765752017754 4.33233206357014 6.66932856512198
   968 0.73076970052871 3.70239303568097 5.59390479076026
   969 1.22917326001875 3.59095795980132 6.46465399980995
   971 6.95868579483651 4.00522696866974 5.87953140263504
   973 6.93660827105357 3.79712121845846 6.50664389867421
   976 0.17961427699063 3.95954961619397 6.79443481737301
   977 0.43725305407978 4.41514778981973 6.61090891710198
   978 0.14778775394512 3.54836261192183 5.81112639515784
   979 0.79786781927191 3.86109893096324 6.88496032686144
   991 6.53271291382839 2.41070595899761 4.45718385857653
   996 0.18162217040181 3.27251743482704 4.92617728762875
  1001 5.89669160617140 3.42245422004045 4.18339660956693
  1015 6.41919811043428 2.65051015951445 4.81423850524624
  1020 2.99408663873138 0.81257124031436 1.39427727231894
  1021 2.47987381383794 6.85638623138907 0.80143137620209
  1022 2.92335227404813 6.91427786356121 1.48976968753210
  1035 2.72165784153923 0.33090863042561 0.22098761495229
  1036 2.61604893509998 6.84498872352279 0.55866123380105
  1037 2.90169103632338 6.70686539972357 1.29429624778647
  1038 2.73630507036484 0.21490454759743 1.48999745261144
  1044 5.62068632954683 1.20393653718656 3.82015548086789
  1045 6.38071576911974 0.22914811382749 3.91389117040772
  1046 5.95232380788982 0.30551268923585 3.43119100155265
  1050 6.43151566906423 0.70011025769020 4.24062950324171
  1059 1.96446420135191 0.63038547689094 1.98764212065228
  1065 1.32023182719524 5.26801471116533 4.81131475065838
  1068 1.33189084231751 5.66896881313401 4.78927298402291
  1070 1.41808216970008 5.13659454719596 4.63287229638102
  1076 0.76963217348736 5.95268609617952 4.58015624187235
  1077 0.75404739604489 5.64714818720946 3.50722293377833
  1080 0.93207414839559 6.11781599665241 4.23850612609034
  1081 0.97667793931329 5.75118663064946 4.84558902906028
  1091 5.81644549448399 5.18957806548704 5.53852826287485
  1092 5.22645644629379 5.01686839194596 5.49685044186232
  1093 6.14089325982783 5.27865278436996 4.54340991564435
  1094 5.56983567234240 5.48382819098819 5.39735721330888
  1097 5.55372763054705 5.67767823681324 5.06911984459474
  1098 5.65446436778188 4.95388702262805 5.61984344646124
  1099 6.27190150886129 4.90612757834916 5.32616515734659
  1100 5.80008663016543 4.66171715768526 5.50379150777455
  1101 5.19047330926426 5.32049571711898 5.40565837769068
  1102 6.42702074585568 4.93272843110643 4.98502355496296
  1103 5.13197156494815 4.78505659525716 5.29851370876703
  1104 5.47777021918067 4.46661241501960 5.24264138479814
  1106 6.24214003071720 4.74010864649453 5.33923299058754
  1112 4.04149697702016 5.32709323366040 1.41689679418976
  1114 4.43639782442482 6.18123703965020 0.55156438432155
  1118 4.89263463435621 6.14205233505641 0.80295034888526
  1122 4.30787796309047 6.33871153804045 0.65856814140765
  1126 4.74029311642197 0.37575273584149 6.99641019796690
  1130 5.06774591049203 0.37832208394718 6.92576106656294
  1134 5.34735164611620 0.49332048133384 0.27994098535833
  1136 4.33642331041809 6.80829697191917 0.06984477017658
  1137 4.19984702601663 6.81795387931306 0.33744684761405
  1147 6.69877104772925 6.46987138371781 4.73142623983952
  1148 6.76326273291389 6.85439320075438 3.99278415637651
  1151 6.81068658550548 6.23606917667612 4.81293803479798
  1153 0.36827964491495 6.54264078014671 3.61360195300003
  1155 0.51455091962360 6.83004420505847 4.03978327271943
  1156 0.83553527205350 6.51493296583657 4.35201819033223
  1168 0.63975253167815 2.89925622621772 1.96566278772281
  1174 6.47189334885216 2.84967780458084 2.66868465683940
  1178 6.68089177791835 2.30166806895502 1.57219142304510
  1181 0.04155264631757 2.58485916902149 1.39782753060612
  1184 0.55992951401743 2.90485237101562 1.70392625271443
  1202 5.46498175704471 1.63088861815392 4.70734272459927
  1207 1.73908814920868 3.35553261734246 6.71163901464935
  1209 2.65793374735085 3.00626099289439 0.07932692062893
  1210 2.37165788627412 2.49243109275990 0.21312994541904
  1211 2.41823433979362 2.18483381199666 6.76535863813665
  1212 6.12169261161849 6.54155347620399 5.42659473087235
  1214 5.23782468589756 0.25626463142135 6.25753422099301
  1216 5.97022786429731 6.72222791314977 6.25904087222030
  1217 5.62044328988921 6.32590173566882 5.50349614714084
  1218 6.28670216708085 6.76657952010621 5.86514670355262
  1221 5.82209147700211 0.03837035175095 6.39874981797040
  1226 6.17791152317406 6.79434153342189 5.21742294372258
  1227 3.63059997690779 0.85039064621713 5.81787035007151
  1244 4.09549589722816 4.11061195403463 2.10679523220305
  1249 5.52845261589687 4.24305843932750 2.11672408042199
  1255 4.44493527455181 4.44442030199532 1.89750653212823
  1259 1.25571828416829 4.57362476441247 5.60863838030083
  1261 1.21390423331179 4.85703523423547 5.58314710159246
  1265 1.46534516477672 5.14395462958154 4.97119357905460
  1266 1.53615854761212 4.29721259038853 5.02581176896437
  1279 0.48680423858708 3.51935082167019 2.59148363183178
  1287 3.22222819949038 3.93242204609155 2.67599964255252
  1288 3.88969641831741 3.81013107633882 3.56275679028787
  1289 3.45499315917540 4.22032487025713 2.58058296144072
  1293 3.17316649173205 4.60914342632739 2.68890648960328
  1294 3.64146208238869 3.65832388395354 3.06145268293510
  1300 3.63611136604870 4.21910557707961 4.05026298759854
  1303 3.64800393042600 4.73267943680713 3.04797293201485
  1304 5.59001967299850 4.32405677682629 1.19523820449939
  1309 6.55028370392540 4.94785959511306 0.24734638924430
  1318 6.38634345572557 5.52263600157425 2.34035669953892
  1323 0.37611186300464 5.16797308817549 1.65585440236595
  1324 0.54637278747884 5.70919611319152 2.70002318423861
  1325 0.71460103034331 5.68477039252825 2.28770384526675
  1326 6.83583764554326 5.07951799160632 1.64212951040554
  1328 0.30725075345191 5.10283238595662 2.74344326621764
  1329 0.06357343530073 6.07488981410497 2.56187746126927
  1330 0.38851195076188 5.71052010958342 1.61100672776251
  1336 0.42367882652345 5.48048946275244 2.85384991124692
  1344 6.59586674454949 2.76684234273123 0.15921095785908
  1345 6.68756382188045 2.86425898444052 6.64031223554458
  1346 6.84840525401839 3.98407119388146 0.24927622572788
  1347 0.39253934185594 2.68769075212522 0.28952840969608
  1348 6.92387982556787 2.75012502841183 0.45094217832468
  1349 0.29303972742437 3.57476496476314 0.58796018537939
  1350 6.81638449738593 3.14895989713176 0.66986260177604
  1352 2.13182562932890 6.56333257087721 0.73854411089900
  1357 0.73330922584515 5.95935903256238 0.98195130499526
  1361 1.57668719437506 6.70042743704876 0.35599143176351
  1362 1.27776099451157 6.49270734286425 0.29486111913821
  1364 1.77416968121732 6.74133012204437 0.81793873177914
  1375 0.14272835368669 6.03130918487580 0.90996190059818
  1380 0.04713917401715 5.79321516664044 0.57857552246956
  1386 0.98333701919767 2.33280065928786 3.54309134997093
  1391 0.60113909761653 1.76187503643711 2.92014626390860
  1401 6.24011741774070 6.25590972677690 5.32113361890730
  1405 6.43423597387864 6.46824217281897 4.82903538632268
  1406 3.66788581092459 1.01656922949146 0.15393678953015
  1409 3.77055982543804 1.06445205921352 6.71934541752952
  1416 4.38807849128671 2.61076989927080 3.18777731123730
  1419 4.34303449378389 2.02235402367744 4.24920985707921
  1421 4.79216521111026 2.03433868242923 4.01593291004050
  1424 4.80948463830930 1.59177741219738 3.86431088460495
  1430 4.00412240214342 2.39905652420733 4.07527269791975
  1439 0.09674036241467 6.88985288674383 2.90974653442914
  1440 0.86213943431489 6.57056545693606 1.95501371200052
  1445 0.45098251663003 6.80840131136097 2.04144736484958
  1446 0.10415150752947 6.58771584704507 2.14944645614998
  1447 6.92983316592801 6.68502954539822 2.65887449629989
  1448 0.11544515283582 6.68493766195638 3.06979719359362
  1449 6.93079916317745 6.50552445823094 2.78970603169431
  1450 5.80924928004661 2.42410333865688 2.87637016367604
  1457 1.49607149877751 5.48399632405242 2.42216141598942
  1459 0.70071990470302 4.34235870481842 2.08560194092057
  1460 0.69175700449405 5.53201455830857 3.03448392331566
  1461 0.59602829597451 4.35452037133522 2.14889785286600
  1466 1.43921920821913 5.44212239131174 2.22240894055567
  1472 1.96919010411191 5.08187783382512 2.91404684118245
  1481 2.32841049477854 4.88936849748515 5.87509321334122
  1484 4.70584287914638 4.52579149820722 0.31877585245685
  1489 6.11368735863024 1.58699738888474 6.37370838290883
  1493 6.77727657269390 1.91132331487387 6.37271221868783
  1496 6.04725324493271 1.24081559060187 6.47518905823075
  1499 0.32427811990805 0.92187470478275 6.64590651164375
  1502 6.61518279638571 1.82152771417671 6.58020312479224
  1504 6.13117188114906 1.64679617937350 6.07510668858934
  1508 0.34114631590296 1.59659782136165 6.48385799349002
  1510 4.49382852289738 6.99217838655213 1.34044319719788
  1511 4.66101573030686 0.19143283010014 1.63863685274144
  1517 5.90174408303338 6.38388798692269 1.85501181191926
  1525 0.11950510118198 0.05885314443343 1.61201580289312
  1527 5.91346342117891 6.17876638413393 1.45797524097807
  1528 6.77300740248188 6.49658400804337 1.13777731554919
  1529 0.12865625049983 0.06006460484283 1.41811363681499
  1530 6.48958601595196 6.88093582814472 2.11356018388683
  1532 5.52410689156999 2.64900274165356 0.72417062053798
  1544 3.02277489907325 3.54539309574546 2.15048108319699
  1549 2.45558044719703 2.35789690628483 1.95266535742008
  1559 1.83742512678998 2.36339618730813 1.66787866084223
  1563 2.36246912214708 2.31576353482944 1.67315951560731
  1566 5.16705696225455 4.83176598061318 6.46104221709197
  1570 4.99627992908594 4.41245724101172 6.56139541855384
  1571 4.64544619159404 4.55701278821135 5.91256106675973
  1577 0.93264993696571 6.16422044214542 5.29992331297358
  1580 3.70828654612936 2.25912059998856 5.08155322384010
  1582 3.52373639647614 1.27758153630364 5.63553828771479
  1587 3.73762420023703 2.52914525377553 5.48508813729228
  1616 1.02281722710350 4.32952893773896 0.51775072462543
  1617 0.89068424267324 4.75585943511542 0.01594218423805
  1619 1.82072948943295 3.80433380876356 6.56409426383647
  1622 1.62583505724341 3.57990523631418 6.69714946152852
  1624 2.05535577191822 4.56386990450577 0.13078114569851
  1639 0.78305055343294 4.08983474655072 1.55704470699858
  1642 0.43628388742599 3.67620034946673 0.78330044510431
  1656 5.90031637260589 2.03468637609862 0.60456020032681
  1657 5.77362020436638 2.10522663110084 0.80191484134730
  1663 3.76024156304877 6.84021342026492 0.27021798921191
  1666 6.16761486226692 2.96564083159894 5.78406450629747
  1667 6.15656449889917 2.87872858212965 5.92058095047354
  1668 4.83322573400785 3.46164025183605 5.77992507980815
  1671 6.12021075350142 3.42169203288043 5.74269903512546
  1674 4.78682954582867 3.36468464034333 6.21393522379433
  1676 5.79835984138202 2.77852532287356 5.58083492036832
  1677 5.42412427591942 3.10515184146014 5.37106712263622
  1698 1.47776346664934 5.06691760911768 5.87223868942634
  1699 1.65611401354943 5.93445023053680 5.22251244176708
  1701 1.88964861061056 5.50957801443436 5.46840687138696
  1702 1.87665699612567 5.47915435965614 5.60746446007874
  1703 1.33193251671168 6.23309822198974 5.47447910391095
  1717 3.71561376930172 6.35731294523008 2.28457387017935
  1719 3.54043274783992 6.80564954355929 1.99454854557891
  1722 3.89097011284908 6.06363332219891 2.17557598496498
  1723 4.22272626323466 6.78958732427467 2.54448211098970
  1724 4.39723000809809 6.11789473344189 2.33454533123543
  1725 3.96505588262542 6.79846982563317 2.52412952835825
  1732 2.37825979242014 6.09332797487041 5.21911610582444
  1736 1.93516041379516 6.17222809104578 5.08657886060177
  1742 6.95393277330845 5.91031809069362 0.42679935797605
  1751 5.46940128131919 4.71538030853316 3.20877375765166
  1762 4.97295038268729 3.68256102378872 4.07128650562209
  1765 5.22761369718827 4.83155030613288 3.45229112925740
  1769 1.89300879880432 0.73421414426140 5.27046063451017
  1772 1.42688134493084 6.93203861325156 5.27013382994720
  1789 5.44589289646637 5.20976679878932 3.26436225849672
  1792 5.23130626179734 5.09981247662621 3.44394731868457
  1795 5.45592166634572 5.72037826114752 2.71380269311034
  1797 4.33021815548851 5.38271888587948 2.85224924346274
  1798 4.87621256089422 5.79938720596985 2.45745307545120
  1800 5.29701801603462 5.22025838516146 3.61370194752862
  1804 2.81308252688193 2.03867013172206 1.26768765837896
  1806 2.54241674721584 1.99230645601674 1.61429421016823
  1809 3.04929547240553 1.93393463429801 2.19157533942468
  1810 2.68297206840162 1.99512012584024 2.01469098987221
  1815 3.04927480086540 3.43153028196678 3.78936471855118
  1835 5.55780624637021 1.89033109651981 5.66047420808565
  1843 1.97099810941895 4.89238652895545 1.46399249629738
  1854 4.24929864289060 1.08431116641301 0.28714998971721
  1855 5.00538310094110 0.53630553161690 6.61351850074510
  1861 5.83535637525935 2.54272033331996 5.15910108211133
  1862 6.37624634343598 2.53411184362571 5.00258223798925
  1867 4.73555613800510 0.85928504089143 4.41057097440586
  1883 3.44824438056045 2.28523427280216 2.42676829594337
  1894 5.16190699032489 2.15389383421874 4.29860956288430
  1895 5.24790439140705 2.65103897287215 4.60225996784717
  1900 5.10899324674048 2.24705448715153 4.66693131458729
  1901 5.27603746920977 1.95047847670138 4.91659341981067
  1904 6.24007497075403 5.43068944746010 4.45490844703154
  1912 4.54048652046054 0.88854810819728 4.78485698406266
  1913 4.74695008528706 0.82988924999767 5.30304142810084
  1915 4.71310435906012 1.02377278910113 5.01277847043164
  1924 3.45509479201392 2.84482625865189 2.36344471704526
  1926 3.70827476142797 4.15174229098851 1.97499254519301
  1927 3.59418374891985 3.92565767923100 1.83348318641258
  1938 5.77391993908948 6.24650206668839 2.35707688907360
  1939 5.83760943418570 5.86049195599097 2.50169199929454
  1964 0.27107162322957 0.89653734707696 3.80362699237606
  1965 0.74003238968598 0.21805812793665 3.97806451704874
  1971 4.71805326699847 0.29346397488505 2.61562593449416
  1973 3.94576898336447 6.90213716399386 2.82894808557036
  1989 1.49957051764453 1.92669805266510 0.61856247408219
  1996 4.17752910802943 4.97865153184526 2.88209916762785
  2000 5.92924654105354 5.64542535719059 2.29589974025857
  2003 3.10036809248691 3.12384172083364 0.28953322853556
  2008 1.58223014448796 0.69196484859734 0.10587073780823
  2014 2.44159071278784 2.42035935856684 3.16967679494480
  2024 4.36638369480466 2.77545406014326 5.00251504790818
  2025 4.14049161477857 3.47276174911130 4.84001967292687
  2027 4.38284920518895 3.64825813701411 5.53072725320290
  2029 4.33201197946690 2.82116938105171 5.14602691553346
  2030 4.13210818958108 3.32027247644385 5.19161228363147
  2031 4.59472746180190 2.69609420881967 5.05116605487954
  2032 5.11326549310204 2.86381507488928 4.69502551917472
  2034 5.46387243137930 3.32711166722788 4.70205297358179
  2035 4.93856393134860 3.53788978127691 4.39733205885151
  2038 5.37584733987813 2.97991760359546 4.81501198593119
  2043 6.14932182937856 3.77415299220263 2.89968848471656
  2045 6.18425299957226 3.32756632748412 3.04056256613108
  2057 4.53401463586947 4.94523855144208 2.16149276201786
  2058 4.18385382150703 5.20454154147052 2.73671720132910
  2062 1.59772176272472 4.91723164864055 6.49298346961043
  2063 1.58801869126503 4.19176720785087 4.00178911817269
  2071 1.50216477056825 4.33207576186261 3.75175861564999
  2074 1.34757155618076 4.07390041842586 3.49471112877630
  2084 1.51063483176447 4.51100031916804 5.88445185201056
  2085 1.63083595314119 4.84265271397698 6.02258709248852
  2094 0.24127920237365 0.46559413227142 0.21331513743550
  2096 0.74035840532629 1.19801817238450 0.09338631790623
  2097 0.51960304876681 0.84134332848763 6.84218347766352
  2100 0.56816808670593 0.06341264919237 0.31734634864983
  2104 1.27856841917588 0.94278485153756 6.84951665274584
  2106 1.00236642434891 0.24458276164352 4.06025945152928
  2109 6.80421475596735 2.59952404534365 6.32288462459900
  2110 6.59949047153662 2.74974461827564 6.54516390431909
  2111 6.36877118041793 2.34594620548809 6.87509287847023
  2114 0.19880146036673 1.85113509648999 4.35269426026428
  2118 3.88657510455024 4.62244942278620 5.23090468832768
  2119 6.39809872512874 2.41939931181218 0.16626522136184
  2120 6.30770709150955 1.95326020302082 0.74406402164750
  2121 6.87018837802737 1.70167821291497 0.34941874671353
  2122 6.57556001852570 1.45847168514833 0.60556484984346
  2123 6.62106088035957 2.17821167929338 0.47400115595335
  2127 0.71836956997529 1.99092898907427 4.83779289683016
  2135 0.54558860144136 2.01826236580453 5.31109149421352
  2141 0.46980889863186 2.45613800621824 5.40382866596340
  2143 0.65746924689865 0.81150204322027 4.93335530828724
  2146 5.55878862347080 5.95087680037363 0.21243094978854
  2153 5.61924250400233 4.95621143513824 3.11540059208540
  2161 6.70225733105544 4.91448568913459 3.83866186791627
  2162 0.30866471921960 4.72469553580883 3.93617671928491
  2171 6.80914949936990 2.62773456242147 1.01515059028911
  2173 6.92615118544894 2.51024523260073 0.62123117232662
  2178 5.73142095080558 5.96582373901432 5.38053342460920
  2180 5.96318931937448 5.43058350054280 5.79667146306927
  2182 0.52375286776851 1.57511510225330 6.96218473272082
  2186 0.34786082668383 3.86773023788210 2.56752813015101
  2192 0.26348038850317 3.97669269884324 2.90283842583773
  2203 3.70150503693189 0.57875046569255 3.82025499357512
  2207 4.41959288782690 3.69549633993217 0.43353094581908
  2218 4.02341828214777 4.19919235187527 4.68676584107941
  2221 4.38454022616155 4.84102777206062 4.65450774815378
  2222 4.68157491650437 4.41678394837095 5.64388484677731
  2223 4.28751484932717 4.44449473978810 4.35744824112579
  2225 4.29985117106124 4.32801150178123 5.51343857244763
  2227 4.06759638646356 4.52833032820348 5.07606526054686
  2229 2.49711896258316 3.61280420832218 4.52608274506487
  2230 3.24709813835249 3.50654743288124 4.94550138098012
  2237 0.83517921766249 6.79487767208589 0.10095952850453
  2238 4.73374529981681 2.22046915476815 4.88707011230421
  2251 0.71905692048567 1.41720553780864 0.09518979920825
  2253 5.59035867660477 4.81791035885591 6.39558609368985
  2259 3.70633800474774 3.60823815728024 4.64452767133886
  2260 3.72937079079319 4.09822102958838 4.58251446831014
  2262 3.66316423269085 4.40583651090692 1.72917457923120
  2264 3.76002996852649 4.24064577221320 0.96940536608227
  2265 3.49261760928428 4.22558503562419 1.44973647894616
  2266 2.94455242254740 4.51426518170547 1.31858248023905
  2268 0.64303765790959 0.70767820313324 4.89293411556406
  2269 4.34771360158522 2.10061165431369 4.70433868402967
  2283 6.60992470413156 4.65113460671057 4.04151174422159
  2285 6.97510364691581 4.50382018005605 4.88668478423226
  2288 1.38856124426381 1.43851883396827 6.74358529724578
  2289 6.57029009960261 4.16701609727579 5.93065405504167
  2297 3.07870274174324 3.37301953769201 0.42596600774700
  2298 3.16669315866713 3.32396092915650 0.78142925877546
  2306 3.82152591285354 3.88616830861315 0.85572569252869
  2308 0.94516367265533 0.39028257048239 6.24950643876473
  2312 3.46425460881846 4.05126095707547 1.48830862599692
  2313 3.70762516049913 3.71298066780293 1.04370408380542
  2337 5.34024163952515 1.82772815138349 0.89493735135190
  2366 2.82496560858947 1.07979999105528 1.03155298474171
  2401 0.71295586610194 4.41162176600749 0.93735664181064
  2402 0.39243056936850 4.04801003148948 0.99527504280342
  2425 2.48992337088372 5.83981480457084 5.37210883033975
  2428 4.41736955109868 4.58238076922541 2.60946094133546
  2430 4.58891847210145 4.69551608392229 2.22571874194866
  2436 1.90088889019123 0.07098138125829 4.96697225403478
  2455 3.12375021435397 5.45278093221308 3.38874883168415
  2460 5.58698616103457 4.00114524355585 2.28227912279376
  2461 6.14250629594380 3.80763721716652 2.53323116386337
  2463 4.88504814797065 4.94373834527154 5.96138406813144
  2464 6.17495496906817 0.81539132289150 1.06481274747485
  2466 5.28918781156309 1.37611323530758 4.11675002674056
  2467 5.46757822082566 1.70782041303716 4.33913316945360
  2493 2.35700861880683 6.74968984269685 6.99939427898249
  2495 2.23139036514093 5.61709887226680 0.45975427356776
  2501 0.72562318622790 5.42329514000244 6.09053515740518
  2502 0.55731614397451 5.83048364112106 5.78172839709645
  2505 6.60430824742825 3.16196485477613 3.72802764574893
  2506 6.68063360843279 3.25519313883573 3.35220304872720
  2507 3.24869950284399 0.87770025122077 1.28053359570096
  2513 3.46416779112609 0.29034389623692 6.77970567198087
  2517 2.02348993060172 3.41204230863937 2.37324993155948
  2531 1.57811002829620 3.92100405635996 6.18291949149813
  2533 1.39861608294376 4.31061987538288 6.15371500360893
  2540 3.11115194393199 1.62722337304045 3.25308271349807
  2541 3.00018181270240 2.00089288369592 2.98497133437202
  2546 6.54609806099904 0.25884583288267 3.88528879092495
  2548 6.67855639404028 0.52538784222321 4.06247430407671
  2561 4.31557744947405 3.74345321089821 4.86296325322271
  2584 4.15812295358576 6.37167696953057 6.41951876391189
  2586 6.02531459385426 6.16008977513260 1.63054076851439
  2587 6.04461079680325 5.81055847652114 1.72654049520664
  2588 3.46159658633001 1.79670609629609 1.98082319440114
  2612 0.45659041700697 3.42650901608097 3.03453824769904
  2620 0.85704996629601 4.77038815903231 1.87573071612750
  2621 1.41446635598272 4.96221555768749 2.05135441683951
  2624 6.02771963148188 1.08827934105953 6.23948814837937
  2632 4.62452531233037 6.97913183150283 1.02608135668494
  2645 1.42793062650000 1.79394827410635 1.48354274397483
  2652 1.20222100273214 2.30663166247547 3.63001705186684
  2664 0.53637611344366 6.82848786859296 0.29009123445665
  2670 2.56118745336905 0.70136684347747 6.31141083279201
  2683 4.05793084117519 3.72200183400469 5.86070642021515
  2692 5.55199044085656 3.47861405946276 5.38551256934606
  2694 5.56718582877859 3.61445485035599 5.03888913242894
  2701 3.35604491557497 2.52054163115423 4.42928337709965
  2704 3.82940699517539 5.42062463684026 4.60795438472963
  2709 3.23609655573691 1.25302561277925 6.20506487725078
  2714 2.33997431990120 0.29613514841807 0.99588505355018
  2716 0.79915361807815 5.86374346506526 1.16604287009863
  2732 0.83294800494832 4.33866883245861 5.70209870082292
  2733 0.74679555018153 4.21323436340625 5.57916020724386
  2738 0.15676718149075 4.45246292287096 4.14182094097808
  2739 0.27251907936871 4.37009941895590 4.54829122325810
  2740 6.90354983337361 6.91657722242016 6.96933847283853
  2745 3.50411533537242 1.14707732823689 2.03425471943392
  2753 5.73958129000395 1.86285687543475 2.34589710999063
  2756 6.42454539946180 1.02854509549280 6.84358718591391
  2758 6.59529147196326 1.87861892334459 6.02788465611506
  2759 6.66417190637903 2.60572972425461 5.99989978508578
  2763 5.15667186564199 0.91588604932926 6.48516194763944
  2778 1.15023178489692 0.40494764571511 4.38250814672810
  2779 0.41982856545342 2.31547401232216 2.55291366879856
  2780 0.61200843545580 2.33213199662757 2.21637922262968
  2795 2.79336166423483 6.98290755247346 5.05511414291534
  2796 2.86727777295831 0.07249302117382 4.58320408170989
  2800 0.63113682870649 1.87304011687634 6.55651463761175
  2802 0.70242521273651 1.87167546204307 6.75115279480604
  2803 0.92593123147462 0.60163244171196 5.77758757953837
  2812 0.70290899236457 4.96858978133240 1.24367258714349
  2815 0.45757401459647 1.72098157281118 4.64127258444291
  2821 3.90494679518624 6.49315468977810 5.11798884619616
  2822 4.02254876850648 0.16483179108261 5.26421036203603
  2826 3.63580095542710 1.20293012142877 4.27341885499922
  2827 0.84622535631323 5.35036332622321 4.89327022467935
  2832 6.60334705987116 6.65710236808917 4.06441646250355
  2833 1.37690354983593 2.22171153697697 4.63062535145354
  2834 1.50369871861403 2.23017505449129 4.38106361744911
  2845 0.59448947959908 5.38521325326463 6.45604506364256
  2846 0.24985171637639 5.83713815858422 6.61834216829446
  2854 1.23476376050090 6.15621213394686 5.84688883989777
  2855 1.47767572057553 5.79319036673117 6.04872030338464
  2858 0.47255083292581 6.60911009242659 3.24668154942681
  2860 1.42614880673278 3.38340352192259 4.37642443706338
  2866 1.02170017203502 1.85724928430803 6.77022091837341
  2867 1.09974353764227 1.66964335810137 6.92325669319883
  2870 3.13581118022808 4.89101825556248 3.57167318780567
  2871 3.37449211126687 4.86415710188555 3.00125414591704
  2874 1.98299288069339 6.80330604242460 6.88708227919800
  2878 3.75259017051408 6.17393832461630 6.34976865000582
  2881 4.11977711326998 5.13598274964230 4.10754309813981
  2882 0.29891156649917 3.16710999376694 6.17834290591588
  2883 0.17820934993307 2.82009734227375 6.10930535343615
  2886 0.83002417214259 6.25703744364706 0.94477062649345
  2888 4.76076184695854 3.26237459678173 4.37743335490791
  2889 4.28937463084702 3.19451705659581 4.62553710549199
  2891 6.88805429994145 1.97994725788241 1.75013234281637
  2898 4.02758739314256 4.43295841625965 0.98427312810041
  2901 5.97042117345114 0.11140378032509 6.95239306797233
  2904 5.24300135182416 1.11087425952519 4.75422135655085
  2915 3.55281670287371 1.45862268988846 5.04314520579119
  2916 3.75873179987395 1.16486693330172 4.69475659207130
  2921 4.50946669304277 1.07923167896239 0.66392129605284
  2930 5.97524059361912 1.76975961759275 4.14479772720459
  2933 5.50021649721593 0.50919026956668 6.02140152056972
  2941 6.52456033214326 4.96234776857965 3.38931926917878
  2942 6.33449793425308 4.78849267565460 3.24017725014966
  2966 5.67246253235105 2.79617658681720 2.89599434635984
  2967 0.54255742748936 0.26398905461261 1.06583015579544
  2968 0.46194233562075 6.96164851916933 1.22426224667564
  2969 5.30980831227519 3.83195872333164 6.47717278961199
  2980 3.00673763979976 2.92587849677508 3.59279289734373
  2981 2.64668100833081 2.87844986227144 3.37812395311753
  2982 5.79655955763131 5.07970502924239 6.61269176259280
  2989 4.26997013915090 3.51297554923537 6.34319218980274
  2992 6.29908076164974 4.02863369688543 6.42636245267933
  2994 2.78145079786706 5.30913530536129 2.44943944598858
  2997 6.01820079289399 2.25051569378399 3.91042954159519
  2999 5.67394632208763 5.69785191689963 5.59326441868758
  3001 3.69129368581871 6.16257645748934 0.76777015487211
  3004 1.52890778716288 4.76837652442473 6.59373464402155
  3005 1.07216798537636 4.88569934953376 6.98259867881471
  3016 2.74225107045959 5.27001160934808 4.76228773044660
  3017 2.47244801924631 5.02330418213972 4.92956686383611
  3020 2.61385714328621 4.24145004695302 4.77763210466828
  3021 2.58975007159714 3.93751963347748 4.88969790223784
  3026 4.04030898551594 2.71067170751011 3.35324890529144
  3027 4.24598933861408 2.74393566441608 3.67751656937599
  3036 1.85530823904483 0.34000841794898 6.35446494112777
  3048 3.11295323925803 6.58908353204344 6.36869893734779
  3053 3.53434093878339 5.84087019180286 0.65852381628025
  3055 1.22776136379574 6.82964071984446 4.33094588554973
  3058 6.53330051775980 0.34864039722381 1.01025278443880
  3059 6.64329261096576 0.60131358608484 0.70166191076730
  3064 6.84540999082179 1.51328698896390 6.86341686949688
  3065 0.29786876017602 1.43555679641328 6.72095430928617
  3068 2.15053324992953 5.44656083764393 5.60035540670448
  3069 2.15511978760862 5.47029351415710 5.49090001603109
  3070 2.13965967971196 0.96456241667630 0.21847080231461
  3071 2.05656976991302 1.42337488886986 0.08556629287782
  3073 4.37242569866223 3.49414869983534 2.55941112705383
  3079 1.00886982019560 2.42009106524127 3.26454622358964
  3084 3.66156579699817 3.43124021819287 4.37493505760659
  3085 4.05560597672768 3.11551181825431 4.35406089800436
  3094 1.53621240522622 3.83082389672508 1.51240258222287
  3097 5.34437615674658 2.04473408002934 6.57329046516451
  3098 5.60724677530428 1.88391882010262 6.70568503227554
  3101 5.35598325379481 3.87973067530237 5.05997591639202
  3102 4.84523489481790 3.76913127818662 4.56269188016576
  3113 5.80137773822528 2.25234308247560 6.91248061636581
  3114 5.91500222879207 2.34894303382142 0.28629132169496
  3127 3.58169163463015 5.75157452611308 3.88617218327382
  3134 6.12334052744327 3.46395153494445 2.35231200917352
  3135 6.14994650305043 3.13195706150720 2.77425926380430
  3136 6.92589295122206 6.27895278087753 0.55881970760733
  3137 0.22200929564124 6.65688081961058 0.11950403433075
  3145 2.28750708989868 5.23141659486182 0.60218908642002
  3147 1.02718528450848 3.80994413824923 1.66208910621492
  3153 4.35569378886389 5.02804373082094 4.60391654811751
  3154 6.45255253703797 0.21754119332507 2.56782957108659
  3155 6.50291072063048 6.87072476902185 2.49679140126493
  3157 6.01589384788193 5.88613680321183 4.59570382027049
  3162 1.55040012895336 6.63654938851372 5.45803420927545
  3164 3.39537443812962 2.28972708891954 2.95390281415065
  3166 0.62092526511008 1.52195002083816 4.52667987793555
  3167 0.56431795071942 0.85044065274772 4.89081841031349
  3174 4.93349669541936 4.94880700721830 4.76424181223618
  3180 5.01449657341995 5.95575607584446 6.53959506500144
  3185 5.49340275021406 3.50558691444234 3.49524629455145
  3187 3.10031403655858 2.39998871476208 6.32632728014558
  3189 0.99273457389864 3.22285430202243 6.06626340680755
  3190 1.08490542872362 3.46086856661771 5.86670654864967
  3191 6.68530418782513 1.71722141773094 5.78868677091536
  3192 6.83791452310368 2.01658199513614 5.39999127281467
  3194 5.43546483328152 0.59448084486456 2.49119361991541
  3199 3.07182429124622 3.61920732967460 5.45571065049506
  3203 0.54624649917477 3.69163170312209 6.91999595531918
  3211 1.29028902795160 3.79124650492625 6.17866900724566
  3212 1.13822775673545 4.19261935351252 6.15218973541618
  3215 1.35017748647842 4.39124705966508 4.43852026518382
  3217 5.71375647475789 4.28615101291977 0.47856066677640
  3218 6.09064767667744 4.40108094635998 0.20083081407119
  3223 0.39161375526881 3.90345574802731 1.26898742724868
  3226 3.14785193250956 5.00631914586267 2.46223207821156
  3227 3.37464498592390 4.99517587765365 2.94101921078567
  3229 2.35069841877886 3.68436075789261 3.06967049372363
  3234 1.05840111736834 6.09198999493712 1.44343968078801
  3235 6.43571903515683 6.89936577205106 0.20747088110305
  3239 6.39267182834431 2.53259036076122 2.69022286673163
  3241 0.63367430104992 1.80724346880033 3.57377229895988
  3251 2.38980530601398 2.40587007232964 3.24439078641698
  3263 2.35082550096416 1.53428822641847 1.48242244619556
  3268 3.58279644748907 5.46862772993659 0.76672634541943
  3269 3.94533749039959 5.30645053770848 0.83121196292544
  3272 0.62515885949964 3.57845206758736 0.59716500906164
  3281 5.58190425892982 2.74272220746994 0.48509708114292
  3282 0.88745446487982 0.85443469236364 5.68941479854638
  3287 3.72298526736888 0.06527834538840 2.17890334826121
  3293 1.76885111616126 2.41415909480549 1.91795937811584
  3296 2.88464918970426 5.45287677797101 3.70985726489748
  3300 5.95434093185537 2.74488055578624 4.07594324550482
  3301 6.00490003581096 3.11118187729568 3.88769733823357
  3302 5.50395169959184 3.68054081538118 3.87177348589327
  3312 2.59279078068979 4.87215407705639 6.15873503925191
  3319 1.51719102707001 0.63697438034413 0.64837486294779
  3322 0.16075878390285 1.46789295427599 1.50415338983073
  3331 2.57212207656160 0.06554302017075 4.35828113504797
  3333 4.84100008666208 2.52540610107277 1.73318233007270
  3334 2.77593027293373 4.89166918246973 2.32440004718475
  3335 3.10701525425412 4.87561033946082 2.41159604600771
  3336 1.87424077384107 6.59869306809287 5.25582869294479
  3341 4.25985409634955 3.15739608706408 3.90493899842839
  3342 1.08685760739716 3.00629060273324 5.12582277130669
  3348 6.93300802837739 5.81144795484865 1.50151043505755
  3349 6.66323192020886 5.47734108740103 1.54738048601139
  3355 0.24861415624530 2.38273174663704 0.57987189050617
  3356 0.24044776209414 1.74689392481538 0.40089367593329
  3361 3.26600823652129 1.45108964542848 5.94308007142930
  3362 3.25321083473092 6.74997712395204 0.69904019365726
  3363 3.47817807427990 6.43794263006377 0.53058108174805
  3366 6.18924042945927 3.69627974968153 4.29551334158824
  3374 6.03091145525430 3.46832466207768 6.45274797291269
  3376 6.09788559923878 2.99498844668597 6.25737214011275
  3378 5.78640640397700 6.86396841218506 1.07047000380495
  3386 0.37137089164632 0.04180029226907 2.88221822241292
  3387 0.25309683706842 0.61185621872854 2.96701966632984
  3395 5.50270260081354 2.81516909046595 4.74693633441604
  3396 4.45491869220269 3.82670405084480 5.42320110121451
  3398 4.48398505033272 1.53872331236741 6.66255854681397
  3399 4.27052108679769 1.13492849951102 6.77184186484260
  3400 0.67585496124445 5.93072496079977 3.73826480850460
  3401 0.51993033890846 5.72957539413220 3.74064093754069
  3406 2.44602216643722 0.79388427713528 0.67672422428475
  3407 2.19159198451445 0.93378366889630 0.64607719402933
  3410 1.91824006624031 0.99119753135380 1.95883048308256
  3413 6.16456763440158 6.58977362526294 2.71184316889513
  3415 6.90850154986075 0.89503617163874 3.71444897013975
  3416 4.03450801965411 0.31305164329964 4.93445222732374
  3417 3.97690512447399 6.93673120876715 4.56218278787070
  3431 6.41409770832987 6.25751378630146 4.91728176800820
  3432 4.53199430671825 6.31886701521675 4.37414720904016
  3437 4.79991527181617 5.05261998055735 0.23879451742987
  3438 6.49981139285415 0.83598083711487 4.75639048361017
  3439 6.77438654167309 0.71707073774542 4.96995426318645
  3442 3.60228581945298 3.23913855138757 5.47324858473612
  3443 3.25435578035391 3.33782114747519 5.29113316210120
  3444 6.64804093741359 6.29753517003603 1.57232425237756
  3445 6.84968314266533 6.70872040058662 1.90256161254460
  3446 5.47419534893115 0.84013814392459 6.08983647468376
  3447 5.38012074189792 0.99502457770834 5.80823478998668
  3450 6.98692464907729 6.59265223404553 3.60956305233800
  3457 5.18111725328922 0.16795793835891 2.47829595566716
  3464 3.36198941312508 1.23658769164453 5.30768020937880
  3467 1.00169730692303 5.76410966795599 2.29906561400621
  3468 0.82882099944501 6.08808598211680 1.96241651529068
  3469 0.41855888444132 3.62197572895307 1.19488672766041
  3474 1.05956790143685 2.64648357503015 4.64852029509637
  3475 1.23742732447393 0.06733661835906 4.19083712742821
  3476 1.53644686740236 6.92909975820891 3.58392592571222
  3488 1.64178611096149 4.09202639815212 3.08019240156188
  3492 5.66676110266166 5.64302083319130 4.81066337896347
  3494 4.73270660578814 4.31881579154696 6.94401347102859
  3498 2.17786066575535 2.59604662188817 4.34112946193100
  3503 3.41287943644883 6.85758981546807 3.43341620235476
  3509 1.89476473364646 2.93428680723109 3.65223130163455
  3510 1.88730503893889 6.53437330866226 6.40568374341559
  3513 1.59695141131948 3.49576526110141 1.31737450673883
  3515 6.21741671195954 0.87266449663461 0.31943988260783
  3516 6.22751112667899 1.01690720022560 0.24769664189904
  3518 3.45051198465697 0.83507080451106 4.15731287181240
  3519 4.05168213904730 3.21316358475082 6.44949142193297
  3520 3.91799437695220 3.25102013116269 6.78643859610663
  3521 6.50447426741693 5.69121429471769 1.75941784124466
  3522 6.78309944006437 5.96758141116049 1.68093488039124
  3527 2.55196698448357 3.76066181094849 2.09703345609629
  3528 2.73659954643285 3.66044233010962 1.90490245655011
  3533 0.89489799262873 3.49076821762548 2.38208956265567
  3543 3.68478947905761 5.95431503955740 5.89951669129230
  3548 3.24445610721429 3.75276182673184 5.76576981325701
  3549 3.62384189120944 3.45250511299007 5.80002612262210
  3550 2.32772149750114 1.06158430656737 2.21959894152282
  3552 4.79695714651158 5.47545791115384 6.60426352538805
  3553 5.05737193955666 5.21536638310331 6.81143810166980
  3554 2.51172168120504 1.47648618815566 1.11407315454870
  3555 2.15119929543477 1.36523893236178 0.86798776419076
  3564 4.14047225303592 0.48213960373574 0.73508028924216
  3566 4.40932431061136 0.84165729870413 0.51609653893629
  3568 0.24711444915269 3.19785252371986 6.38948820040467
  3571 4.29881192156690 5.51116493968126 0.59958150183927
  3572 4.43976532296668 5.19622535309107 0.24356895114595
  3578 3.06131733079832 6.84709277583738 3.38385819385410
  3580 4.73559490881574 6.05028216562441 2.04290540586943
  3585 2.29928468541423 1.56119863098689 6.83363646992523
  3589 3.30303525511408 6.63798797248691 4.26093094465240
  3591 3.66681750511263 0.03975657484616 4.31659501467002
  3600 4.19308035138491 1.40857423803728 4.13456848593916
  3601 2.01161409286580 2.21974475735495 4.82772377357489
  3602 1.74137625110767 2.21736562058249 4.96645538635442
  3603 2.32208289590538 5.49380386375372 6.96816885083867
  3606 4.07976365663897 5.26934907948781 4.82837970593481
  3608 2.06880115228042 1.67655389536323 6.53344498506612
  3610 0.25290419537942 4.93690282447073 6.51545614352290
  3611 4.00983178118079 6.87839032690259 6.67623903493553
  3612 3.72729367031461 6.88312798755344 6.80148724124747
  3617 1.78521951120079 6.94080861860025 4.81895862975781
  3618 1.79098802979176 6.94519075692611 4.98858994489054
  3620 1.74309671031866 6.02798217439650 2.63224159441530
  3622 5.28027152720303 0.05143575888307 6.87623631816253
  3623 5.40314112092798 0.01661700327464 6.42527260062112
  3628 3.01931858699910 3.21623856489862 2.39350545193390
  3629 2.98549982869756 3.55922781906651 2.32215409939905
  3642 0.70310168930107 1.57753035859727 2.79571322033790
  3643 0.29361476143534 1.06702697327196 2.47909160883944
  3644 2.55834502872050 3.14125897706293 2.61762882531711
  3645 2.68697157837729 2.80341076845389 3.19131558824325
  3649 5.25639200805338 6.30105584305786 0.30056091963381
  3650 3.07205063315506 0.19607462923610 6.56106737267139
  3651 2.99974785547666 0.44491052293594 6.22859730888415
  3653 4.48104707420587 6.47294844080484 1.26238952318802
  3658 4.56823557814617 2.65573455856048 3.54866428166936
  3664 0.36765065751377 4.87087216162206 2.15128172670161
  3665 0.53993832927601 5.03163648392415 1.97764396521146
  3679 4.51791830373238 3.55923278671562 0.52074677993089
  3688 6.77436511179097 5.67603729933211 4.68308545110238
  3691 5.80359979522467 0.02885865348814 4.70522936161011
  3695 6.16846333648421 4.77689264067669 0.16874749707394
  3696 6.12969928960349 4.81025082375663 6.80683374858160
  3701 2.96880025496135 0.81548740787575 3.47726374622539
  3704 0.71197534569764 2.86290605153308 3.38004039777036
  3712 3.17201066851499 2.29117637014612 6.03235812449556
  3713 3.45521584260547 1.83301326372078 6.09258187022437
  3716 4.57523938124452 6.48392540048928 1.02955968881308
  3717 4.90850374149619 6.28329844850370 0.97685086590687
  3719 3.12396223356405 6.63920000344173 4.31751913628847
  3720 5.48287484948941 5.02194171838359 4.25589237359630
  3721 6.11488763322576 5.18420167983731 4.42100388231081
  3736 1.41775036292243 2.61885440318973 6.84662534175077
  3737 1.62582598221098 2.72511024875796 0.20291842763495
  3740 5.46490372704941 6.87177151942278 0.81323112841538
  3742 2.02426476354125 0.36041843284015 1.07705937173032
  3743 1.91371221573641 0.77589371859311 0.84710330949199
  3748 5.16430872580663 0.50563409739959 1.49759574602630
  3749 5.41734809654265 0.34921434412135 1.80759679453133
  3752 1.22843796384206 1.97982463834162 1.10323887764904
  3753 1.30804403450012 1.77594184969063 0.88731029576039
  3755 1.32527322917006 6.44948447352437 6.14120522554075
  3759 4.25272635237666 0.73882069961036 1.81458763114069
  3761 4.30133459537366 0.44251338678825 1.82677848143263
  3764 6.23824619653260 4.80221603572782 4.47699663598744
  3766 4.94887300650116 4.06946629850263 1.41477471326845
  3768 0.31375574384237 6.11643521665964 5.81481527772335
  3769 0.42639780467380 6.25228925405322 5.76146349428810
  3775 4.12409360766637 1.26314501503536 4.67870722723129
  3777 3.64244403063863 1.03761165378780 2.14699390741442
  3779 3.57734657163230 1.09538817348116 1.53642262972128
  3784 4.77984850013783 4.23973816538717 0.01744487009083
  3785 4.69426461240461 3.97300946153419 0.02066467022120
  3788 5.46745891983761 4.08719676815978 1.91815362087323
  3792 4.90317254940032 6.31671404307108 1.89463753564993
  3796 2.40915605253827 3.45768739282152 3.42032498181174
  3799 2.04619558177541 6.45426753868894 3.47006816464331
  3800 0.27865134491003 6.97139789071270 5.90454010955751
  3801 0.72919111067718 0.48379968669219 6.06788034172208
  3802 6.72603740178192 5.63351926980641 6.76147914367421
  3803 6.69728981360540 5.14725897268630 6.71813101255454
  3804 1.93767284167189 1.60278202113518 3.49880632555842
  3806 5.59106272444306 6.78346979268352 0.39192251197818
  3807 5.53781443884781 0.10230876246493 0.12736593508405
  3818 4.26353394736665 3.84472444026491 6.73146171101597
  3819 4.02206784199184 3.62841353666760 6.96111717829056
  3820 1.54392179590110 1.49186956006734 1.40946135918837
  3822 1.52010258968574 1.41285128515115 1.14345346630304
  3828 3.25262770439518 1.85338892331996 0.36959764204239
  3829 2.78881536879820 2.17215610326734 0.62331340011527
  3831 5.18321742453358 2.55616977678872 2.36390405993924
  3841 4.71917319358200 4.37693878075598 1.28811902580905
  3842 4.37876937635358 4.26642566518948 0.88378519001413
  3843 2.72834786892986 5.23655473570498 1.08107283461570
  3844 2.90239103504526 5.11821864245562 1.05297567467055
  3848 0.12493280630728 1.28520951134642 0.89525772445943
  3852 1.42140369279597 0.97727008115758 3.21338984413127
  3853 1.81643311622173 1.14577329976494 3.36804793103105
  3854 3.56455923867136 6.77540304559504 3.72514952937492
  3855 3.78796372752862 0.08348005218808 4.00267644302540
  3863 3.15895571654346 3.18358151078985 4.37874654405341
  3865 3.01782760336184 3.22281404669365 4.56411045106902
  3866 2.81820463322147 6.89894380505592 1.72439019244576
  3871 6.85495101059094 2.63155452455394 3.67370288774130
  3873 5.90093637461122 6.22855196631120 3.82904233875515
  3876 0.96192295754291 5.02867114822516 6.98338544694743
  3886 5.76600569932327 5.82806361212332 6.56448621711058
  3887 5.99684570703854 5.42269953727673 6.36090741191050
  3888 4.72360178317500 1.17308356291079 6.37444082133793
  3893 6.85776338149181 3.65977536629514 3.36181812636654
  3894 3.27611834727026 1.04728482765865 2.17992672397063
  3903 6.51900768836196 5.76754489032548 6.55859132291442
  3906 3.57772169945201 4.54587836177654 6.76387514747562
  3910 0.37237861510712 0.79374203950717 6.23330260586938
  3911 1.98282748177914 2.23120786318159 4.49563685206551
  3915 0.22163710485912 1.79431124831375 5.30644052189580
  3922 5.57608949118647 5.66205912048909 3.33937562058230
  3923 5.53205066705565 5.34721106999392 3.42114893262979
  3924 2.57108440889769 4.61580318259186 2.48773650300324
  3929 3.06595950402561 1.30486355622687 3.07577746006574
  3931 1.32331517291545 5.89473663915865 6.92341737473967
  3933 1.40883247954210 5.91614944518215 0.15803092658619
  3934 1.08762061955194 6.92783209901298 5.06578841493456
  3936 0.74416998370116 0.27187121899859 5.26571358755967
  3942 5.96901866635002 1.75044090432438 5.12277618028522
  3943 5.66150815424516 2.01707652620006 5.21239341419528
  3945 1.14512669862829 0.97598688660704 0.88823203401048
  3946 4.39159289358784 0.23964865688472 0.63437355932464
  3947 4.65760256735361 0.51600210165381 0.41879805167920
  3950 3.72686772112475 0.77577593494206 6.48733469342486
  3951 3.43805662095299 0.86447752814689 6.16198035900649
  3952 1.53134604723112 6.74590757556277 5.99047708073202
  3953 1.83241111159837 6.77987773968810 6.13946025473902
  3955 0.44603265923230 1.50514759343790 3.96266913694862
  3956 4.66320522965459 6.30194231255039 3.24698471587397
  3958 4.56527411732910 5.89677639564185 2.62558295703217
  3961 1.26862482480767 0.69017902943673 6.69673955810500
  3966 4.35636816923822 5.45811697217902 6.85572543303273
  3967 2.42508220641933 3.25790227367971 6.25370721868273
  3975 4.53332593203232 0.11223545709237 2.26141339147621
  3976 4.80994167893129 6.95059035177417 1.98849085577243
  3981 1.56899715044336 4.57333303422705 2.41073017862890
  3985 3.78479272721084 2.85354530399611 2.09907492653282
  3991 4.24860833127566 4.83239043395170 0.25796821985162
  3992 4.66287937788115 4.59846692809156 0.24344314125602
  3995 2.37738873901655 1.01616978265672 3.08095344711921
  3996 2.34361414627162 1.20066620830272 2.41436340298630
  4003 2.76693761738949 4.21264495641752 6.28472365136861
  4005 1.30726852601702 0.19326410987682 4.38723998675249
  4006 3.66198687651058 5.30503021747334 2.12164460224950
  4007 3.99425924579117 5.29505780042548 2.70676910116879
  4008 1.29415381674960 6.22658688999789 6.85660954969134
  4009 1.39804755068358 6.32638784726238 0.14290971213532
  4010 6.47929794433197 4.07525394147746 2.49548518655265
  4011 6.61153143662267 4.14475412973486 2.88408044387780
  4012 4.04434904106474 1.25887612325262 2.44292543631073
  4013 4.36157989268774 1.10398196519116 2.30061030729488
  4015 4.34278489168064 1.30178162218691 4.02629421481310
  4026 0.62998906241834 6.84206799603131 3.17888577330985
  4027 0.96990746184415 6.76528946673693 3.05390703052772
  4029 5.69798074810303 3.94479850302256 3.13151068082911
  4030 1.87813372173915 1.35502308495197 1.40006679411585
  4031 1.84921242925659 1.27938044976524 1.11931523436975
  4041 1.35038735224883 2.57146241574739 0.33707002574309
  4043 1.52842609589657 2.23877461543184 0.67780137509559
  4044 1.16847857265392 0.56318565686424 5.83231687534518
  4054 0.78668432748587 2.09186819633648 2.80669830262394
  4055 2.44224861711657 3.43928445739868 2.59329148259616
  4056 2.71264273560586 3.68034028166345 2.38835292057335
  4057 4.22603988120996 3.79490605726663 2.77155714048070
  4059 3.78911620568664 3.80450397804643 3.04636117824519
  4062 0.95236902181314 4.45458376526889 1.23972862207535
  4063 0.94519134037872 4.75974034798700 1.38805657146232
  4071 3.89332497054568 2.59666300638520 4.39900020021271
  4072 4.08512859507099 2.42381213324297 4.78739429338318
  4073 0.31343252480383 3.71693735389172 3.16660769802130
  4076 0.79649007155873 2.98049901570349 1.95144440703903
  4077 5.01434275648227 1.05800981041906 1.44124822218283
  4080 5.53737379890686 4.37320911295097 4.96736593379712
  4082 3.43633360527292 5.82822224632786 1.29774606939361
  4085 5.24725947598445 5.96108261599728 2.65202232217154
  4088 1.49743536773456 2.40531018127560 6.59125427774920
  4089 2.12191704081714 2.08946803753704 6.50982967535497
  4097 5.93318721055167 0.33407487612791 6.13891613942514
  4099 4.00098197324753 0.82799940217080 1.48259952503313
  4103 2.73792320705703 0.16664982768153 2.66673077699389
  4104 2.95500162887763 0.26818234122762 2.29278288885159
  4105 3.62259760897386 5.40559155294383 6.36597850345877
  4106 3.61478243024852 5.57091670003340 5.91190695582174
  4114 2.21483918949454 5.53998562371966 3.09665965445106
  4116 4.58760910904155 1.94500104268307 0.05451436110466
  4119 1.55412372631522 5.09442730040966 2.71916803384208
  4120 1.58722539715403 4.61892557690715 2.55276281602993
  4121 2.55122340299673 6.42713927710157 1.91527847089435
  4123 1.98169030879789 6.00758130055730 3.08397894084129
  4125 6.48278368547549 4.02109530040568 3.05443762810087
  4129 3.03346925511391 5.30216477564173 3.72275813078497
  4130 3.04544282381056 5.39213518145867 3.67889251322256
  4131 4.99968355041942 2.52264986762476 0.75854443568393
  4133 6.94486463896404 5.36536385637567 5.44341127462176
  4134 6.91907459712868 5.24638851157246 5.08262609039188
  4136 3.95358960437103 4.21825683126295 5.86687972709624
  4137 6.14531793748694 6.44642633466962 3.67969719654825
  4138 6.40713801733507 6.70790869620037 4.05615249742841
  4145 5.78521243339882 0.23659461242059 1.26963552882579
  4146 5.76521317679442 0.18616210185693 1.63289639680035
  4147 0.06442432464081 6.29343283664539 0.84628739726823
  4148 0.44827998779306 6.55163909993001 0.84822876514927
  4149 5.70933225500303 6.37243794558450 1.49524329966195
  4150 5.72317213993798 6.48438020067513 1.73955767005944
  4151 0.95670286193665 5.35742581844971 6.72632588068334
  4152 0.94446013201272 5.59298401302508 6.93473820371132
  4153 6.16237756134198 6.59543296074276 4.45674117269029
  4154 5.87192358616805 6.26184060640890 4.26363300877607
  4155 2.56097464777708 1.29510702246336 6.77379025091166
  4156 2.63063720019209 1.10903408729832 6.30151805122889
  4160 5.17315368557963 0.99458565076548 4.41793129294774
  4162 4.26614022936233 5.49476543789119 2.86424978288356
  4165 1.79397178915446 2.88107645892851 4.07444476889898
  4166 1.76516805445921 3.31603184307363 4.24093294687670
  4173 0.92625996053526 2.25271174975241 5.96474707698726
  4174 0.71077261693898 2.55915233924727 5.83301626410192
  4178 3.61014359271939 5.73636670371834 0.58947315882935
  4180 6.43939998772356 6.28414318467371 2.96904605715600
  4183 0.59006573707316 3.25738028330941 6.66227496833636
  4184 0.57579557705500 2.74845760279123 0.10083493599640
  4187 2.19487755474709 2.19814143171697 6.18996747648760
  4188 1.76189744215598 2.63912192941677 6.04170913149224
  4191 0.93006399969083 0.42872137676588 1.16315528162934
  4192 1.48642167693923 6.98887577528337 1.58504859917039
  4193 2.70848584844155 6.70758450017501 4.05364709952861
  4194 2.48269320983775 6.34644841445947 3.98660244547744
  4197 3.31762872640810 6.22209335936700 4.95222931509816
  4198 1.14004015415727 2.80239564506986 4.29855095493544
  4199 1.38261072827249 2.59289057447409 4.13849473986083
  4201 4.71540223815114 1.42361144604663 1.73587549349166
  4202 4.62412747028448 1.42201592368765 2.19523048290840
  4204 3.72629940287160 4.64407208116703 6.55836161705873
  4205 4.04749196270605 4.38748031958806 6.14326771724108
  4208 5.87369986089526 2.92261692602284 4.51010848357697
  4209 5.84944012322519 3.30707477080067 4.48097139889813
  4210 5.72508811920800 3.19970712184829 3.45506599182232
  4211 5.50415748029028 2.91635931787144 3.33624979809442
  4215 2.43061268991981 2.66730779400631 3.50321230283442
  4217 4.31366240416554 3.81651279887161 0.76185911197192
  4218 0.22403094322913 1.08000615786665 5.09127421397491
  4219 0.20748333970544 1.60561244990740 4.88610500636285
  4226 6.33056369309216 2.24886604845866 2.27173274076883
  4227 6.35555945564184 2.47530875493489 1.92585467716061
  4230 6.04461612333457 4.39897714602070 6.74898074643206
  4231 5.76974179088603 4.33499071190572 6.55796187502559
  4236 2.66401764350560 0.18861653238640 1.65562161444437
  4237 6.24999411505369 2.51054030214260 4.06038129823668
  4238 6.76100581918962 2.71744415302507 3.83434499092658
  4239 4.41059092747709 5.40387840363791 3.79771843882357
  4240 4.50806901749646 5.13986166099111 3.35579713167653
  4241 3.46797006084399 0.66091229117625 0.35568813274399
  4243 3.66964008782378 0.41866360593588 0.62374771352599
  4244 5.79245048309798 4.33583764335173 3.41052630626338
  4247 5.98924707410816 4.39359779370329 4.79260191329496
  4248 5.98527336143892 4.56977096549337 4.45001766930302
  4250 4.07797044496119 1.37468405061576 4.04617804400314
  4251 4.90691341316548 5.50190079811370 3.93864525125234
  4254 0.58685988823219 3.88129143151265 3.51626728827802
  4259 2.45401654098282 6.41639649537911 3.68530438523699
  4260 2.67836807237494 6.77571228352775 3.78018031657711
  4262 3.91761011501000 5.17332730074058 6.40720485062457
  4264 2.60798720975841 1.05810788550684 5.18435768687494
  4265 1.78985244183524 1.56831350409902 2.59724478408120
  4267 4.88892569057932 3.73590717272635 1.24164492961372
  4268 4.43512539506000 3.65758527370757 0.84350764177929
  4269 5.64723515234778 3.03510732062660 1.04185488999244
  4273 1.73783274021509 5.05791115493715 1.59258254923053
  4275 0.42066362031609 4.45292586065305 4.63014353865203
  4278 0.38875196275914 1.58998220090990 0.62472227831596
  4279 0.68860432082084 1.40217316371201 0.45403503132657
  4280 2.03850430621392 4.34336587475223 1.97235640620367
  4282 2.10420053226922 4.53844737409482 1.56930094263486
  4285 6.85553250316538 1.53649623370786 1.59662599816287
  4286 6.68006942559819 0.93786970222733 5.69795121277378
  4288 3.36838606690451 0.37819672349931 0.21676654422453
  4289 3.53813693489363 0.14907741236593 0.44430685436166
  4290 6.34059459193212 4.61061821683881 5.04650744726078
  4291 6.43849554829155 4.76420816294624 4.91303674833389
  4294 0.84328633389700 1.13669603913867 3.41627057826814
  4296 0.72553769043443 1.58078084387729 3.72489046795186
  4297 6.85571025297318 5.94032513825492 5.52375977339192
  4298 6.71082884626234 6.13032715084722 4.90775727915109
  4302 6.26858423667215 6.03014445971189 0.43539920616541
  4308 5.19221903639424 1.46403952337450 0.55700523724043
  4310 5.42964989905622 5.37603714655845 6.92978525949668
  4311 5.47902827899826 5.76070049919954 6.83731597001843
  4315 2.12791193073354 6.38469295419181 1.95993497515147
  4316 1.56431514950178 6.91502176794681 1.74840431517965
  4319 2.37152828751918 4.33774659823389 2.01618455691780
  4320 2.47482690609883 4.52008836711299 1.64518838781260
  4326 1.17976546056823 2.42227092573215 3.18981808598011
  4330 4.96956489512407 1.37185568600959 2.38553264620650
  4332 5.40124888932794 0.44251056416370 1.10598432391805
  4337 4.88013633352659 1.91479354945610 5.13965119044687
  4339 4.68906454902449 5.95439174802804 1.67590181909368
  4343 3.01890654404800 5.14234616659826 6.18838377016012
  4344 2.08187634743395 4.73595053875829 2.82094941139913
  4345 2.14355231626753 4.53753537462017 3.11243473380446
  4347 5.48924332735639 6.32616330273394 2.40977178370542
  4349 1.56089135698510 3.60197822515360 3.32762708462102
  4354 3.89064591728536 6.42595083163187 4.82327201339036
  4355 4.19472520467947 6.12962010154889 4.71070250540427
  4359 0.30334961948530 0.95996683040868 0.83059129196699
  4360 0.70002049312910 1.23645141178040 0.46804568123734
  4365 5.25951084735057 4.57199283006957 2.35916936738706
  4369 4.08410873982471 4.16629839241286 2.52867887489223
  4370 3.68796412789676 4.21731299323097 2.74144321680976
  4373 0.48723744265826 3.50974489365937 0.46976438596287
  4374 0.53714268856576 2.79677185271565 0.28793928769629
  4378 3.00336378272935 6.87133168380872 2.02858551865344
  4379 2.48096981452503 4.17996611658586 4.19418927530679
  4382 0.83743286660399 3.31332004454079 3.28691068518330
  4384 0.33754345012270 5.05501769578913 5.02617052045728
  4385 0.26733071463692 4.59828252828073 4.95080827625151
  4386 1.60890259863485 4.54007097507805 4.72289943693756
  4387 1.56234087225057 5.01398830302008 4.76948331024823
  4389 1.90946938687678 3.20210043611386 1.54109034135421
  4390 1.66489633139386 2.75308149559882 1.65411862337248
  4391 4.79515237230961 6.13864522989702 1.57410389577551
  4392 5.04044854214105 6.07019529540171 1.31937032481649
  4393 5.76658495895729 2.03732496804978 2.31137248830570
  4394 5.59197040977120 2.14035316350006 2.54312465738395
  4398 6.40234846894379 4.34879455395715 3.87507125870854
  4399 6.23774687548050 4.41554992810143 3.39766506214410
  4406 3.58614149009223 0.44496620112463 1.12827350509388
  4409 4.18060279099709 5.77097636803946 0.46138049144833
  4410 4.22086827767490 5.74726222776402 6.94365779602075
  4411 5.21478381035614 0.53678670967342 0.54731814618741
  4412 5.25510363111830 0.24965738189575 0.87684611808488
  4413 1.44578705519358 0.40523677681245 0.70878011530419
  4414 1.74171188868657 0.14168117689650 0.99491451200656
  4416 3.66798665872141 2.18860060050988 0.33546035244163
  4418 6.85859765149240 3.90398775635509 2.21686208199164
  4420 5.98299001177752 2.47852518375063 1.66941484683875
  4421 1.90770788906141 3.39480760528864 3.62066651011319
  4422 1.84340528542544 3.56302168886406 3.97106504812569
  4423 2.79002510657114 5.63085500661969 3.33972743733982
  4424 2.67358363611188 6.05458646466689 3.19613919017765
  4426 6.32820267976728 4.17256955687783 0.36641611150497
  4427 6.49899243111626 3.88573125675018 0.18436863659371
  4429 1.33686456334515 2.26644762961958 1.04010886114779
  4431 1.65714815553723 2.65702357580251 1.95571811730494
  4436 5.18135026073342 3.10813538257790 1.44914025999270
  4437 5.41713249340686 3.03393723936632 1.72877168554539
  4438 2.75561652059274 3.67273756545913 3.71779792828994
  4439 2.42503660613399 3.81133067047634 4.14385821206986
  4442 4.23983870497321 4.56477062551574 5.89557573559173
  4443 4.13326152946695 4.41294167193795 5.65747297923402
  4446 2.70385840633278 3.51108789142188 0.39348783429588
  4447 2.44955302059983 4.97786950577032 0.27592623864528
  4449 2.22137168415935 4.62740438557655 0.10472867756322
  4450 3.02534164473944 3.74137064532586 6.07028138869099
  4451 2.98307255987148 4.16831519105504 6.27827091733200
  4452 1.67701232060261 1.55951705638101 2.82810555414724
  4453 1.90434524715438 1.28381935290791 3.27585557461243
  4454 4.10902874878098 0.70649347770597 1.77069244058019
  4455 4.13962444038248 0.43606069562816 1.77739694008023
  4456 4.86178998832710 3.72764614137261 1.72366356879092
  4457 4.92719315229970 4.02916596804196 1.65452342460658
  4458 5.32710047100103 6.48882349382377 2.03098833274714
  4459 5.14859502235970 6.99883470658211 2.08202576836850
  4460 4.81401671178631 5.68793871743242 1.53757747256658
  4461 5.05964991403163 5.95754579454750 1.29282886859361
  4463 5.36422797882005 3.37223302611872 0.15287137214966
  4465 2.69065253287402 6.01628823012556 4.14020359412041
  4471 1.39316747086145 0.18237778822084 0.29525335728216
  4472 1.55472871872226 0.52562420325102 6.99241744763548
  4473 1.40916145232275 0.60959373903545 6.25771522115041
  4474 1.20627592672806 0.44145525227152 6.10117065056799
  4475 1.63959190572735 5.94424814901687 6.36263822273389
  4476 1.54590784941407 6.28225863305297 6.41736506889464
  4477 5.97019703330878 1.23594650489356 2.09062772343123
  4480 1.25124781416535 1.12656165163617 2.87264933193992
  4481 1.48647433177164 1.51093566701949 2.71427211006256
  4482 2.30054722518685 2.95330479537105 6.00059558113015
  4483 2.58570002674756 2.45333338910394 6.14156893462425
  4484 0.65384027917437 4.42840229678181 5.70415585180403
  4485 0.58780155339078 4.33159426578666 5.60629719381267
  4486 3.54225214754687 3.74156377330383 0.01303563013457
  4488 3.42582769017523 3.78871352942116 0.21740332438385
  4491 3.32924158269198 4.12460864553294 6.89426097660906
  4492 3.24056855690197 4.12325932002470 0.09285416931990
  4495 4.45184756193129 2.12538240781801 2.97762080676861
  4497 4.60591358504756 2.11492832106413 2.62574054871965
  4498 3.36649550097150 5.76737304368428 6.95569277767482
  4499 3.69139339341917 5.77901366853987 6.65012818883862
  4500 2.61574151860043 6.03627180265396 3.12237743351969
  4501 2.58835850311623 5.65638935850344 3.10355873012397
  4503 5.97098890165394 3.39874168421022 1.84444385121947
  4505 2.03817064491916 0.30100479400887 1.62048447730880
  4506 1.57720804103115 0.01562314039526 1.71489682452605
  4509 0.87371986919534 0.04394203634250 0.12170141414162
  4510 0.94742432224797 0.53203756301460 6.65522874714410
  4511 1.71513922437233 5.54182910708248 4.15880885739834
  4512 1.60011938932713 5.51896004113902 3.77324437873505
  4517 6.84205594609166 2.96492253505703 5.05042125038948
  4519 1.15469364775031 1.00374423321705 3.51336674359029
  4522 0.19756853457659 3.01409997965874 4.87247044890890
  4524 6.87074616014234 3.24425665323450 5.08310220157196
  4525 6.78990007476195 3.33636442548037 5.51299288092422
  4526 0.62894707605063 2.75453161591714 5.00325893745780
  4531 2.70669685854347 5.96055693054658 4.94332432544444
  4532 2.51734913761520 5.85773684756104 4.33537431324005
  4538 3.00398264367453 2.61639032063360 4.08148535111363
  4541 2.77366935299499 5.35073043745633 6.70894633032801
  4542 2.82198469396097 5.20181201740258 6.23822032506185
  4546 3.54414341001576 6.42567834024238 5.29517204386504
  4548 3.45585645627096 6.87411540541295 5.57764375293329
  4550 3.61517575753561 6.62951665964964 3.29193658349581
  4553 4.48413925622783 2.48948921487162 2.11968627091144
  4566 4.18245141025760 3.37362675532790 1.82970221308568
  4567 4.32923882618456 3.65307812759526 2.03142178202441
  4569 4.94204151516364 1.86066328521507 5.70875279828852
  4572 2.32926874133332 1.28331171680602 4.84036786025791
  4575 0.84604730520871 5.84204542565794 3.55393958939015
  4577 6.31894451806418 0.05072286406060 5.73309097240009
  4579 0.26181962155018 1.65169288049202 3.94603344320022
  4580 0.29697993650412 1.86055056565749 3.73472431824406
  4581 3.23544362634704 2.99547694442687 6.55460390019217
  4582 3.38805557242696 3.21033175755188 6.45855908277506
  4593 4.27706819208915 6.97691821062868 4.00678845177678
  4594 3.10460483917075 5.31369892153923 6.79782580944258
  4595 3.27848625131698 5.16760112762176 6.48294260588737
  4596 5.40333253172340 3.41955208546676 6.70930202679086
  4599 3.03197856857009 0.96550739794369 3.99644462342476
  4600 2.55428438014342 3.20047590801918 1.39645471229688
  4607 2.51975347321577 3.59452949589905 6.00996760318854
  4608 2.40147691520543 3.76842635614828 6.07918315167092
  4612 6.23258028232891 1.22738501670080 1.35763868818387
  4613 6.49095264862483 1.46178029770694 1.20926824896724
  4614 3.09946025666035 2.82584990547328 4.39746180668630
  4615 2.93641682596794 2.91065943672488 4.61222981329208
  4617 1.60456174190973 5.03229904983069 1.32084073574749
  4618 1.72159659826944 3.79537937134283 3.05084513305893
  4619 1.60120470220275 3.62746447127711 2.64176519763066
  4627 2.72986397841299 6.07579713280327 0.25593010266647
  4629 3.25104984847280 6.07002423096543 0.33708609275606
  4630 2.45001363655688 6.99432814016915 5.23968277098635
  4631 2.25493999888391 6.62923701616639 5.41510118403046
  4633 4.67887782437230 0.14479430706780 4.43919396087675
  4634 4.35846482188721 6.89746741337137 4.30434804727516
  4637 4.67445316968013 0.70575649664878 2.71965236386925
  4638 4.54522023491281 2.84610790615257 2.77698338210436
  4639 4.67655770239876 2.47331589362698 2.45978437865469
  4641 2.56837630351558 2.44624678815245 3.98626661932093
  4642 5.75683095465444 2.64003633578587 5.78264060647433
  4644 5.61891625554006 2.05308210529296 5.84499102793239
  4646 1.92809252533209 0.32385415140975 6.75524804238117
  4647 2.45016047546742 0.40524647320446 3.77530985551970
  4648 2.73453016741369 0.59120363636931 3.41661876873499
  4649 3.77376938838430 4.56580699846456 6.71416744978444
  4650 4.18885036640947 4.20357626264943 6.62565568023952
  4651 1.23452112817366 2.69632691193269 2.19347783316167
  4654 0.48311238521540 2.66716912769665 0.08104952249336
  4660 0.89028308574936 2.08081036261979 2.73938269930497
  4661 0.89449582611527 2.19996243054781 2.34026058860582
  4663 2.38666006767419 4.08402613965147 0.83827243489105
  4664 2.41354220766453 4.72178937331531 3.65691530434994
  4665 2.09850446362327 4.70225999402614 3.39010803025777
  4666 5.69400593721902 4.24610876017475 3.82374252725403
  4667 6.07211912690884 4.26125401733657 4.09401850688229
  4668 6.13119480470258 3.78152687036136 4.82633016847372
  4670 3.72317187693277 5.69055907752481 1.61453185360071
  4671 3.96717641425351 5.97459214657930 1.68262263536120
  4672 4.06176180970622 0.26174969355512 1.49251277544051
  4673 3.94266600129183 0.49832473494283 1.26065951213922
  4674 1.95962283899600 5.09258066283136 3.29260259041195
  4677 1.02786886039758 1.58071476681891 4.56991796525114
  4679 2.14772178532142 3.34898494753289 0.86668530572579
  4680 2.49944369346254 3.57831503500933 0.81947938166508
  4683 6.33150932581962 1.10401658643096 1.74739907110965
  4684 6.70760352612689 1.29392518405651 1.90551990533003
  4687 0.48037354590963 1.89184883668096 1.57329192534823
  4689 5.55344796158015 0.81606216822719 0.36769146542643
  4690 5.24519287045209 2.57212090217224 1.94369948672165
  4691 5.63779396021879 2.20697234805385 1.87491268845784
  4692 2.84359675573565 4.26867676987606 3.83039841496357
  4693 2.89100252118194 3.86364954384575 3.61794543650746
  4701 2.41926125949155 1.23000609361749 6.02867454039642
  4703 6.77844749937657 3.59139209405255 4.00869325934389
  4704 6.86289044925397 3.79853910712364 3.84662609064807
  4710 6.63722853927641 5.75107358166604 0.32448347857860
  4712 2.61100289442471 0.26263875611450 6.96601163357605
  4713 2.37075457501217 0.53494122485286 6.83123472525454
  4716 2.23292937384994 0.45229885831115 3.72468680966566
  4722 2.17352968683400 4.92402838915873 4.63503664873293
  4723 2.15015019197464 4.58998931946321 4.60543035798622
  4727 0.09123353578699 0.20271235476222 1.40186252708926
  4728 0.37592265078111 0.43674719659712 1.12671789637592
  4733 5.89703381383919 3.87773158296459 6.19648047848129
  4734 6.01262159989634 3.80072764708404 6.20605517461873
  4736 2.17843432989421 3.45537037763633 6.57894288930387
  4737 2.16951649115030 3.69770873534568 6.51373729692036
  4738 2.07599953790326 3.04933085026708 0.38723262422431
  4739 2.47383556033342 3.21988400029120 0.14078965803622
  4740 1.86189973092065 0.04359167194666 3.45527560795033
  4746 3.71038613340375 3.18825626767488 2.91196607333176
  4748 4.10572898722524 2.97325140417531 2.16612859599084
  4749 4.20362491350364 3.14048213093274 2.59223440855115
  4754 0.15368120499151 2.87825173686164 2.74528469868979
  4755 0.25259772741288 3.04150627047770 3.07023825801651
  4758 2.20805343113541 3.09826684657202 1.30060243522376
  4759 2.17487179527188 2.66640985967749 1.28017218663940
  4762 3.41236455812726 3.00364338698168 2.67298276245374
  4763 3.31388949455843 2.71741039414109 3.07126761410470
  4764 6.95237740514360 5.76782569109436 3.77649874251351
  4765 6.74862566681135 6.35268584927051 3.71569693265678
  4767 3.45040116000188 6.10891740821868 5.75299820252730
  4768 3.36075407038069 6.48588500795506 6.02281627549117
  4769 6.19080407408347 3.62481484555915 4.63652020776011
  4770 6.59920395094641 3.59953625749060 4.86502515458134
  4773 5.36521966456245 4.52150116882309 3.95142816359857
  4778 5.37873852560560 5.54443651418314 2.67046947700578
  4779 2.44973470172284 5.17380707058176 6.94233782932819
  4780 2.27800160612247 4.90816815252270 6.77417920161470
  4781 1.85446082902244 2.92038021785055 2.35607040687253
  4785 0.06976236726967 2.84472346256451 6.50984624853480
  4786 0.07102383171659 2.70341925772532 6.35615385535212
  4789 2.31665955013068 6.70134336061794 5.75610716604136
  4791 3.85993369725107 5.78330457793300 4.52821546135066
  4792 3.54821562340215 6.23011991308129 4.70792256073282
  4794 4.77732546485580 4.40916844408591 2.93294145303759
  4796 3.54035642859335 3.26045659823867 6.77408911297352
  4797 3.42767143798529 3.08153615436289 6.86978073532304
  4801 0.31937110661053 6.93714769801713 5.37447094548197
  4802 2.07530898118137 4.49219777720712 0.14070079689302
  4805 5.88210031745373 0.23165941507914 5.14334162154851
  4811 4.56827598297115 4.26324834883799 3.85685964255684
  4813 0.36250556480670 2.45704736871252 1.44709153452240
  4814 0.34718098175000 2.11360197533834 1.69163690211727
  4815 0.68685106297524 4.92725326652829 5.60754581620608
  4816 0.54181372281729 5.14433867463694 5.31904408421790
  4818 0.40399511498207 0.73679854734588 1.85336060674242
  4819 0.07624768892744 0.23821557424748 1.57813213629867
  4820 5.23929747863928 4.63633540662265 4.54563112575928
  4821 5.47784170220226 4.74240786512093 4.30367885370679
  4822 5.76535425405107 3.00025411213330 1.59683054019714
  4823 5.84534444453370 3.00086167788489 1.20339567747858
  4824 3.16192358811447 6.40440400918514 4.40827224211227
  4825 3.09305587439067 6.32479820924757 4.84667893411416
  4828 5.37308842884769 0.49097719260189 5.52518125069563
  4830 2.07888665596525 5.29827121638004 3.39928973150031
  4834 0.14254353023082 6.17315232911191 2.13967635761550
  4835 0.56472473237703 5.94329761450231 2.01207468366010
  4836 1.20393526848811 1.17999730702072 4.77317567774254
  4837 1.44163577295511 0.95209240153597 4.46076573218023
  4840 5.43671860036213 6.78455349280165 2.78631226356517
  4841 0.69453818905842 0.53751480752413 2.30601554591273
  4842 0.65675369208492 0.07455185255182 2.40465864839823
  4843 0.57499986226640 5.21856563101150 4.70837818965104
  4848 2.80490539162952 5.97838120768481 6.91002590164858
  4849 3.24020316532847 5.97150578586307 6.97824208570189
  4850 3.21911303216110 6.70152718247274 1.19966101923663
  4853 6.41384657524948 6.22587556733492 3.43924753757090
  4856 6.06282779263108 6.15999219710464 0.17933852465142
  4858 5.05138512600365 0.99116281512038 3.13923163005947
  4859 4.99425274151253 0.90191449303259 2.72885642268302
  4860 5.91465755825574 0.75391219017551 2.96911885546643
  4862 5.51778670852926 0.90916752662555 3.34406381981484
  4863 2.87590863953283 4.05678442526454 2.75591437990584
  4864 2.69185531676308 4.04161766281012 3.09560400373128
  4868 3.58113664123411 5.78104524546740 3.27872232696801
  4869 3.75650898799940 5.88799582083979 3.56423647807628
  4873 2.36388371344517 0.73757297323732 3.14842896082882
  4874 2.34335851250174 0.44091138679450 2.69797279483892
  4876 0.25897603851631 3.16486929596390 2.36947650749713
  4882 0.36169860908174 0.52646567927027 4.22157899072940
  4884 0.54337721187707 0.73510894272813 4.84420154158217
  4886 0.23545935548773 3.92498687958373 3.96627752678524
  4888 2.11672642582157 0.67810180231970 3.31883467606397
  4890 4.91907815400236 5.59056072303349 2.47084928270819
  4891 0.58461930908558 2.32686875319819 1.09214494510662
  4892 0.65946438616462 2.03892327015497 1.13310805770645
  4893 2.19323641168392 1.80707855188222 5.89367272334827
  4894 2.12640953297709 1.50167996229438 6.10862134792991
  4895 4.63590372409768 0.71813437400040 3.23960831346914
  4896 4.52326867951481 0.63584493475377 3.00058846585229
  4898 0.29522713366512 4.49493252286677 6.20040434837080
  4903 0.41550461585738 5.29033720740619 5.55356273888172
  4904 0.53352103758677 5.10746289768197 5.78834413037180
  4905 0.97785241742939 3.89263521492337 0.34730423625540
  4906 1.43734046704678 3.76121456642649 0.36850300728183
  4909 4.68773123208079 5.24719520770030 6.01582295455385
  4910 0.73830524090382 2.56655638041184 4.70165467224373
  4912 4.94519113899537 6.15033375772231 4.88062660245056
  4915 2.63571985435499 4.34969621262430 3.10321069634131
  4916 2.81921804332611 4.39703775687584 2.76811062520025
  4917 1.58348266932449 5.81927930534236 1.44289328410891
  4919 1.74962608425717 5.52949083325224 1.83736579171283
  4920 5.82619147343332 0.02717567260573 5.03676601978134
  4922 2.55598727815324 5.44425257418373 4.22597089305403
  4923 2.84774459261021 5.37692152992898 3.75790248624740
  4925 1.36950759551563 2.64748262186000 5.98458468670573
  4926 1.12648522939884 2.88384585745239 5.85744521374498
  4928 0.13115365326990 6.22236559849423 6.17705544995672
  4930 5.46463132428184 6.34548879391500 6.04552735185741
  4933 4.39298697186968 5.66551224662285 5.53513215404532
  4934 4.77782268244798 5.50605801727285 5.80302020480972
  4938 6.09544937353806 3.94106006598820 6.22293889466314
  4939 5.96257085813628 4.00089342580058 6.21245390503736
  4940 6.74851725598217 2.78727369995545 2.85370165081761
  4941 6.88136465803952 2.97837706094296 3.22027196056173
  4943 3.11866276549326 5.77757968180237 5.15574303622646
  4945 3.29458659411227 6.88827008044062 1.36493916758099
  4946 3.63504723437322 6.81150003424794 1.60755273709713
  4947 0.19977616311059 4.79081992122136 6.20927017923430
  4948 6.79820789992395 4.80979679858682 6.15192245183037
  4951 0.53488908404535 4.93152135647252 4.05313069066901
  4953 5.54315879093384 1.21850247487644 3.46781715753075
  4955 6.92731549922596 5.73800559998713 4.53087373352428
  4956 6.95672554623405 5.57455845087909 4.04966642796431
  4957 6.14043268975257 6.07152084030568 6.73931704676120
  4958 6.24654684950135 6.53510356795936 6.56200549752161
  4962 3.40494740782286 4.69282565013626 0.33835595458350
  4965 0.38746444954835 5.56304694356161 4.46204703515178
  4966 0.33592960352100 5.47014844797079 4.10469703954183
  4968 6.11937415242700 1.47227898012601 2.37937869687639
  4976 4.78898049164173 0.26951913439230 3.57674307771463
  4977 5.81708977355024 6.89940379611797 3.33279332212608
  4978 5.85070284272400 6.90485436657621 2.94796123144906
  4979 3.88028183388832 6.28513952953611 1.41611752579895
  4980 3.60242650529756 6.18659543164092 1.18063926548582
  4989 4.78169177716931 4.68639416619154 3.37512918703477
  4990 4.46036609902054 5.02470442624596 3.35215317041543
  4999 5.04535400458228 6.03427266642251 6.29182759892584
  5000 5.42615113360756 6.05415431978782 6.13909913021513
  5005 2.45257696956606 0.49119732330048 4.06575309530505
  5006 2.36850126286217 1.22960173378353 4.48054629145813
  5007 2.74600100178279 0.79281820136524 4.25126325665593
  5008 1.44316494280634 5.87495430337822 3.74493058946003
  5009 1.59747074156323 6.14073644777847 3.45750370990497
  5010 3.69033872923395 4.66358129188013 3.79280267217042
  5011 3.77892362932704 4.30891663613240 3.93429704434816
  5018 0.64357693453939 6.35236475588761 4.74227006244324
  5019 0.12504842062669 6.46487889232957 4.90869015663697
  5021 2.44001159744659 5.16937145330118 3.73211283710712
  5022 2.32494511366145 5.30375150175527 4.15830370259168
  5023 0.80694102781076 3.59366783848673 5.22517968252279
  5029 1.26141226179449 1.02780022528989 5.70954509579443
  5041 1.10892871034997 4.79922106962522 4.31634376508701
  5042 0.66538686478997 4.85566954508640 4.38737655136216
  5046 0.90792415756877 5.20734119434344 3.12857478510493
  5047 0.59104960708265 4.74370412974708 2.99572813921182
  5048 6.12067839799281 6.65935843984334 0.28201260222969
  5049 6.21644814504345 6.81684043325849 0.08484583979040
  5055 2.94709743746288 4.66038830023022 0.57703427060831
  5056 3.31587656317654 4.53834393234437 0.42034485148631
  5058 5.39550577648265 2.43259643033599 6.68764581728315
  5059 0.38777715842976 6.54989422139548 5.26238093573148
  5060 0.74391222852626 6.46680983507614 5.08860117446054
  5065 2.75555595821365 2.28162124325302 1.15008530857991
  5066 3.09607574774264 2.68529076909473 1.19023798183621
  5067 1.47862164628730 6.02412684897755 4.08246805580542
  5070 4.77446562340529 0.34459576017929 4.22466612286836
  5071 4.55921369304352 0.31631984738878 3.90704239160194
  5074 1.47166328236588 6.88194865606231 1.62214542687643
  5075 0.99286289648204 6.64356337404477 1.59183535067924
  5077 3.21562549912440 4.95139178614997 0.37862609826151
  5078 2.92548812351798 4.84178495881764 0.54815331381019
  5084 4.46621177652292 6.02147214479167 5.03711250034725
  5085 4.48035924608912 5.66972664747153 5.13341173702080
  5088 1.08695639463025 6.32957311447323 1.35835518810793
  5089 1.53634513016291 6.49127861553710 1.32557047359276
  5091 0.04062780860457 6.96766834191378 4.26890641611572
  5093 1.62972511517415 5.84696038566096 4.27806953159812
  5094 1.93777180343473 6.08755842544306 4.39142826841514
  5105 3.69033324597506 3.06214143289641 3.17412497138598
  5106 3.41895172743123 2.77374638653745 3.22921434424071
  5107 1.16625711841193 3.28587089837939 5.18761397583451
  5108 1.41878285722208 3.54623780589619 4.87591891272686
  5112 2.46449701025555 2.53874016252948 1.40338688031154
  5113 2.73169226279186 2.87081021688242 1.46859465395393
  5124 0.19045814579185 1.41207440681759 5.72947141126142
  5125 0.45246848411601 1.35129374990450 5.98657761182344
  5131 1.03074747527536 3.24557274978262 0.78482401766319
  5136 6.81499729846993 6.20198541381234 6.13870543825962
  5137 6.66782365500880 6.53887910147677 6.21185114734127
  5138 0.97655587475705 2.79375119575020 0.63745554200638
  5139 0.97363461755129 2.57306128717846 1.02561651081194
  5142 3.05194566002071 0.49129906459154 4.61262243868524
  5143 0.18921410297669 1.21241780996052 5.68701859963276
  5144 0.44259074539794 1.13225340685677 5.92593295635777
  5147 3.57507956535233 6.20069714088006 2.38897989963218
  5148 3.37284184046541 5.26147257841331 4.94982257265660
  5149 3.47377338004729 5.10360788490652 5.19536657850357
  5150 4.43672152553634 6.16000624362583 3.58082531800172
  5151 4.54830390901523 6.00965982311143 3.87204743232208
  5153 5.20653246165798 4.41415856337582 2.79805916783693
  5154 5.34339959832066 4.04853324764230 2.78608122547636
  5155 4.01785397626512 5.33984596379396 5.67738334252842
  5156 4.19251919106840 5.10655979553612 5.96245241188641
  5157 4.17451317530471 4.46863992104757 4.07436441176602
  5158 4.06366520015209 4.83298245487034 3.91128951535970
  5162 6.01227357701368 1.42620556518163 5.49921374025463
  5163 6.26522541536014 1.39616848402352 5.75006251938050
  5168 5.40579670648716 2.70517097773609 6.40876296909615
  5169 5.18564842768671 2.90442744931447 6.54224470468753
  5170 4.96720910959674 0.17211508089962 5.39091303448322
  5173 6.10491532716715 1.41751836460341 5.90131880357146
  5174 5.87485630530534 1.44100796084452 5.68863569017454
  5175 1.28701585999471 1.23316553681649 5.82604118019576
  5176 1.47834429076363 1.16034420508890 6.03400243360052
  5182 3.17635860039589 5.79167245831087 5.64554099557482
  5183 3.33980264312919 5.49367233238216 5.76495392044908
  5184 1.38111769140206 0.87630774121440 5.78232788271321
  5185 1.50421168133490 0.92646169484575 5.97599539962465
  5186 0.03436915307283 0.35116606674436 4.32924684147275
  5187 0.03017374693098 0.46231866851766 4.84555605824824
  5190 1.73275705777513 1.34497105553578 3.85721862449272
  5191 6.90128028759279 4.10796063501705 6.09733532607752
  5192 6.65769513386690 4.20599976413053 6.08156713127897
  5193 3.61379507482118 0.68548732505539 4.82477284302447
  5194 3.41852529182724 0.54278995922240 4.50987164695995
  5195 1.39064330908935 1.82514309151488 3.97748184583440
  5196 1.79287725769350 1.54803411340061 3.84225386912014
  5204 1.26892985620127 6.12796534766965 2.64797150546220
  5207 6.82923558417083 2.73106505623819 5.79584588232964
  5208 6.92954619159763 2.54600229809002 5.49791954894124
  5213 6.80645645861348 4.88417322002961 1.96758715275544
  5220 2.13165121369665 2.73396237877418 2.47034511937379
  5222 2.19556107254079 2.39733977983220 2.94419781201723
  5223 2.14570948241561 2.39880256154507 2.18867272699817
  5224 2.19041097998730 2.07446034228162 2.48406256987682
  5225 0.21272868389715 6.47114643345983 6.25422555620687
  5226 6.94240839295770 6.69463102038960 6.28346066741533
  5232 6.93656276957320 6.67038822598062 4.80657354433899
  5233 6.95531292600418 0.06386799686807 5.11280809951978
  5237 6.74002390004294 2.76115762032018 5.32547922036986
  5238 6.66946291399175 2.92313183905648 5.60267457228021
  5242 2.00343843958353 5.65423632766723 1.97356556913919
  5246 3.21055896865264 1.61805459768292 4.07507557493341
  5249 6.74881063672951 3.10321452497265 0.93005628111287
  5250 1.92101168685340 6.23937620374195 4.30441505315575
  5251 1.61388882508426 6.24990816553964 4.07005779876582
  5252 1.59578110354899 1.10209522900893 2.06160728653464
  5254 1.59490822121677 1.51699457518102 2.50166427681212
  5255 2.49358320419235 1.82457077142225 3.62299851680430
  5256 2.90352847171659 1.53082906468533 3.49975787495436
  5260 3.75752303541769 2.07843102442238 2.19976128395228
  5263 4.91622578035761 5.14076969210660 4.71819237683627
  5266 1.22885551062787 1.61532493910052 4.02835950259540
  5267 1.43025508186486 1.30371339787102 3.94783867472327
  5268 1.10919850648112 5.78800153832080 2.51804466599397
  5269 0.74871620600712 5.73816255787271 2.84865079762835
  5275 5.31531279468122 5.66361881330839 4.74505792632068
  5276 5.14070747043367 5.29374756763090 4.47991831129795
  5277 5.22883134838013 6.84808528866987 5.10122905674320
  5278 5.16620581256062 6.55954723275305 5.26076283211406
  5279 2.89907357817495 6.26830930739609 3.04396839123403
  5280 3.40852965048711 6.21786731909969 3.04137532421793
  5281 2.45355763908293 5.46070679327836 1.90445408257245
  5283 5.95531858942019 1.18433183480473 5.14370040613972
  5284 6.31307800495163 0.77235118389501 4.97512825858599
  5286 4.82096766249822 6.67708768097037 5.59566467555697
  5287 4.77015455741050 6.95099062442297 5.62308000263803
  5288 4.10879789639381 1.84752105313790 2.46370565448864
  5289 4.36318696570447 1.92711429124639 2.35738138102405
  5297 3.26261147112019 2.36630691120326 4.17082483658115
  5298 3.08503857989880 1.76879964749704 4.21777047468179
  5301 5.73909831353263 2.22391636088984 3.20152565350693
  5303 6.62558091162086 2.46432141897200 2.84738394508997
  5305 4.26975730312785 5.68431209733688 3.78899046025392
  5306 4.18656466996406 5.79893530975904 3.55620303964606
  5307 4.06453888335256 5.00515291789922 1.66709223634817
  5308 4.39756398883185 4.92339953375760 1.79829749299063
  5310 0.25492873523992 2.46971298392273 3.89961730997425
  5313 1.34946535361924 1.37760777240972 1.68667833096619
  5315 0.69757149721302 2.66900512209145 3.73344735664820
  5316 0.76308499937958 2.86293187796353 4.06262124217662
  5317 4.84708404734645 2.31318503679428 3.68473054627059
  5319 5.01379765955813 5.44041530401227 5.01416382139252
  5320 5.26182186338519 5.68458563689433 4.87982995585999
  5321 5.92337267877630 0.52503775936719 4.93082229747627
  5322 5.63175679404302 0.88463178993638 5.07786374745863
  5327 6.26131059061528 0.74958574682208 6.28385087976784
  5329 4.30887103229462 2.19187624387010 2.05097738880131
  5330 3.92182830626378 2.26106191855771 1.99791968942879
  5336 6.52490747818630 1.96006691383453 4.64426802187088
  5338 6.83715856156170 1.73418281409805 4.57689626517864
  5339 3.01710716213014 1.52290134335692 3.98376092331326
  5341 6.21853455420625 3.64868965061325 1.38016862169642
  5342 6.15443428246820 3.34870458244123 1.04699105060893
  5355 1.47330331823558 2.93947343448245 2.57300234603142
  5356 1.40352779430375 2.75887449065732 3.09079646418497
  5366 0.52606389048952 0.85410588998938 1.66251355443249
  5367 0.52446683880748 0.69712440062882 1.22499011526920
  5368 6.29289785277969 1.69312909892142 4.53377988948650
  5369 6.50548187130506 1.46962652371785 4.46590530672495
  5370 0.90874945841502 0.83840838604594 1.62251297630361
  5371 0.84020204827931 0.67752957328184 1.23458375673740
  5373 3.62488962751928 2.63152557175270 0.48272359977548
  5374 3.26610752610822 2.77615771222807 0.61832756923381
  5375 4.37588837583181 4.60412748650408 1.70406658727075
  5376 4.07233326530737 4.63834440438062 1.58147228303512
  5378 1.35716112572542 5.20870927589024 3.63893695538935
  5379 1.13145114940817 4.83407898116055 3.89632546300660
  5380 3.08651059287872 3.06795205199406 2.18550271304588
  5381 3.10411739600812 3.11622256749000 2.10313328635764
  5385 2.51999057007865 4.16376847876285 6.83320292520333
  5386 2.25113886507242 4.51275232997027 0.11975932388921
  5388 5.58282282848788 0.60383611090177 3.62552340159812
  5391 0.50529893768323 4.62555578714984 3.12396463248786
  5392 0.60916084512239 4.61887250561302 3.55945888702159
  5394 6.37061351285887 5.97011818543199 2.92611359134976
  5399 2.61638515674743 6.27605723696605 6.03819502598900
  5406 3.29584250506351 2.88517080835635 0.85572316550341
  5412 0.96624247282453 5.25694278493693 3.49955782872588
  5413 0.81796136307830 4.89284584400413 3.77434963305293
  5414 2.39778969840618 5.94878618990683 6.31634401231595
  5415 2.45987553510801 6.19453001692010 6.31427740911185
  5416 1.69391998274061 1.90098077014649 5.48275927833423
  5417 1.41270413006447 1.68733866607960 5.46403150918552
  5421 5.11059621744298 0.27336766292283 4.14706476949167
  5422 5.15230469150540 0.23380239818889 3.72891112076761
  5431 6.84003969530535 5.46075236617215 2.94546896510590
  5432 6.64210643232568 5.74872852596345 2.71494581083530
  5435 5.14086880249151 1.10698472641054 0.75371767227578
  5437 5.35355706279983 0.79779257499505 0.64971156472418
  5438 1.28021086243606 3.27638964720841 3.09360390914359
  5439 1.33832297138686 3.34181380842287 2.69761015583434
  5440 5.25541954598030 1.09724739406893 1.05232450340940
  5441 5.46578508039626 0.78666474187351 0.92401004930409
  5442 1.74494786441400 1.87715380390305 5.20776635288889
  5443 1.45848276656837 1.65652871830992 5.20350996215196
  5444 0.84720823573677 6.10603420842352 3.14638008544187
  5445 1.10347295628949 6.25394350043873 3.06530413289910
  5446 2.57730047714565 4.34558374947594 0.37202072752484
  5447 2.72923895226895 4.09996410939703 0.13832954837270
  5450 6.94282650786317 0.38839475028620 0.05004620795086
  5451 0.74013159047463 4.26143252367701 3.39825923700003
  5452 0.59211875867240 4.41588681714062 3.05653404093374
  5453 5.27738383996558 2.43979372707289 4.16463180330707
  5454 5.72206038640021 2.50363299651635 3.92874504545662
  5457 6.60256548402150 0.20449339587109 5.72689471459732
  5458 0.01390962871004 0.05345350928825 6.02172811888660
  5459 6.05402735256278 1.50583261664300 3.89162869964264
  5464 5.49905016737008 2.56238490386725 3.56390414006097
  5465 5.07117016651773 2.52570888474681 3.75298122557734
  5469 6.48482003448791 0.82984610069222 6.78448722983803
  5470 6.95182434641962 0.68940338606509 6.68319448040017
  5471 6.44626986646521 1.28533960206432 4.08031181914258
  5472 6.76153064826185 1.31182258575065 3.77827349158210
  5476 4.84611932778784 4.17302763578062 4.11602167640053
  5477 4.81004662590418 4.20318856966710 4.27159166297719
  5485 1.55045717343509 0.38299821232396 3.08572963037011
  5491 4.68659282118981 2.30457641650247 1.10734300870509
  5496 5.79009327698976 4.57028985073184 2.02596324937170
  5497 6.35970985909987 0.60613491561261 0.10534335062290
  5498 6.58425569211923 0.42150434227079 0.25360094577610
  5506 1.76769455640194 4.90750883916002 1.20637259231661
  5507 2.66727566231426 5.87076489345540 5.79738027183073
  5508 2.54714123726995 5.71598988710362 5.94514997959538
  5519 6.65118653850576 0.64831162197005 5.97635958457908
  5520 0.00519710947042 0.56891383108526 6.23896938238157
  5526 4.58237588085471 1.82935197393634 0.35832232149811
  5527 4.91070306782040 2.19760564392635 0.83279340111622
  5530 5.27482892648761 2.88590743701740 2.55052213179445
  5536 2.17144427742138 6.17205850962729 1.01551934012087
  5537 1.84139297711692 6.12572008118181 1.39662032952805
  5545 6.32454587066278 4.56897952853089 2.23018217582109
  5546 1.71925888132096 4.71381250691853 0.45687635057497
  5547 1.86511848916638 5.09595864351013 0.74616458064378
  5553 1.99237884512420 0.19260635425926 2.75367836611071
  5554 1.83673402989136 0.31849407845891 3.12892039082358
  5590 4.80440997634441 3.44672214109372 2.70672438763492
  5591 4.87690714579480 3.07612550788247 2.83058458948065
  5592 2.14093956172302 6.10249919102313 1.77420605693562
  5622 1.03283902560377 6.94337360240293 2.48640216231177
  5627 1.47668190614039 6.85830839661813 2.18330462108905
  5628 1.15415032577850 6.70999767032282 2.29348924524680
  5630 6.48568915765301 3.75954022576310 5.02426847984091
  5631 6.65291606226048 4.26674767049376 5.14126514479191
  5636 5.68060434533113 5.07561841804524 2.47923941472291
  5638 5.53522491542720 4.91969811421955 2.27136062292816
  5640 5.59200625043339 5.32354969791368 2.38809133788904
  5646 5.88603924051899 4.58442776966729 1.50165303429920
  5650 6.58511400993681 1.55821257451660 2.30468552633477
  5651 6.67736912110023 1.94352669359155 2.25771937844329
  5661 6.93488105292380 2.07402229002669 2.61779130082298
  5662 4.80343031671212 1.55934501938453 3.51266466374263
  5667 0.05613502198201 2.62675848248021 4.18390858288745
  5668 0.25583635626010 2.86175908147414 4.34745648366275
  5670 0.42376423519643 2.72339515656169 4.28865026717418
  5671 0.21988476524666 2.51915939406171 4.14546852107291
  5672 6.11221166800209 4.06066717339623 1.19632104721110
  5673 5.76860575113930 4.30518373197753 1.38390867762180
  5674 4.84471828731133 1.89154331740371 3.31352314049253
  5676 6.55088688055806 3.58673363894421 5.52721945140315
  5677 6.71944623414449 4.02619173312620 5.74655573700468
  5679 5.10317392221304 1.39852469314110 3.30632496228701
  5680 5.27460697483729 3.92875939049748 5.37603121105316
  5681 4.92121825638153 3.91541006778058 5.56434068993651
  5683 5.04643493639486 3.73517816943555 5.73332123543694
  5684 5.35929367311049 3.74832045842839 5.56062328355145
  5691 6.78003590369087 3.68000268393879 1.59512972005806
  5692 0.07413695637779 3.37640218760433 1.34970998635738
  5700 0.17903116846306 3.03122910247349 1.61650071129555
  5703 0.90665096741816 3.96047421076429 5.01180125648825
  5704 1.20569111154715 3.97116693238925 4.84780722805074
  5706 1.12900913698440 4.03934841107527 4.60395555275088
  5707 0.74446869739102 4.06828519018153 4.69157850109325
  5708 2.02113495794864 1.01458547799799 4.27387902947081
  5710 2.20377572080446 0.56500695875609 4.06775105688770
  5713 1.73707244330593 0.87382127309442 4.54306423477692
  5714 1.77076274473632 0.42668638240314 4.47859547946742
  5717 1.66797939826406 5.42591663599020 0.73060632867129
  5720 6.63907217059071 4.59736617731231 1.90913149379457
  5723 4.02371284059893 1.68447344150657 0.72406090944232
  5724 0.95557364239336 5.55399523203466 0.99395693068515
  5725 1.49716691053462 5.45279432264601 1.09298894698666
  5726 6.56706826886949 4.32105048177725 1.28788439585004
  5727 6.47696411450355 4.60107083965920 1.46793658261829
  5731 4.19708457329496 2.15551752730412 1.05671150545365
  5732 4.10031218393335 1.87371948318733 0.66633578809136
  5733 1.74996185328043 4.24361363768276 0.61138311872133
  5736 1.61691342082124 4.41579352230030 0.67086860688127
  5737 1.61569583056374 4.46037636074749 1.03571665587026
  5738 4.12468189250947 1.99322306695148 1.30658478281633
  5739 4.00489297336386 1.64496258515404 1.15796860954735
  5743 6.90240287121045 3.97287827173115 1.57004671210533
  5744 6.95605335989391 4.14489457191359 1.94331660730120
  5745 1.77899740188679 4.26602415714236 1.14320021546342
  5746 1.89836979736727 4.10445297471779 0.87609336509123
  5747 6.59069607899659 2.21542602899140 3.35226695175963
  5748 6.12131018791638 2.07448128228252 3.51015985256051
  5751 5.61057349402898 1.49453841229748 1.98520755654206
  5752 5.08917871825525 1.34261705874830 1.65881423478855
  5753 5.31043406195933 1.28510995939350 2.01979211872704
  5755 1.39401558313656 4.39005075507613 2.62481654442970
  5757 0.38131472959163 4.71092919874661 6.76303218801240
  5758 0.80635234443560 4.83956165713895 0.02039349476338
  5760 3.50799191151994 0.48642747403019 5.49274559324976
  5762 6.26244137687228 1.99676807800583 1.03962247032699
  5763 6.41133735443858 2.30247344464849 1.22480646787528
  5765 5.58041345089382 1.91464099399398 3.04705979463913
  5767 5.12453618331122 1.76049599562980 3.10248385479346
  5768 0.71200998899486 4.49484155617551 2.87911058928628
  5769 0.67994587963979 4.25151832902605 2.33551843306831
  5770 6.09980799854771 2.39069240632509 1.28527416734445
  5771 5.99853085180196 2.07316234979228 1.09528397224264
  5772 1.44428713216165 3.94861926950091 2.35549605151095
  5774 1.03038314930182 3.86606170008007 2.19395670295497
  5775 1.37914825498712 4.35261638730551 2.50194917716662
  5776 0.80740045268780 4.23489135986436 2.26422934404692
  5781 6.81361793780033 4.73168404757983 0.36722045677831
  5785 5.54872404811538 1.99195583650905 2.60330230348727
  5786 5.06860433146532 1.81664124178406 2.70667283359920
  5787 6.87648141281651 4.42632980917991 0.88278574647109
  5788 6.70641122183251 4.34043325764655 0.46389656699056
  5789 3.37416864024712 0.71877764965035 5.15511797452942
  5790 3.02797804032765 0.60579060719287 5.05227801924318
  5791 4.53923758981003 3.31272817157965 1.44224253267757
  5796 1.25628758262829 3.67376682745742 4.20636359379180
  5797 1.34404457202768 3.83261056689811 3.57671628655270
  5798 1.50090209705484 3.82510610128367 3.93938927054325
  5799 4.84380046432544 2.87735973485376 1.42488602652190
  5800 4.74439799643198 2.62858472119574 1.05892167863890
  5804 0.87428836806585 3.64158975921472 3.60025273950227
  5805 0.83474485563303 3.52917365636564 3.97710668410463
  5810 6.13978899801389 1.64388276306822 3.53383463042457
  5813 6.50013829118878 4.76515620871703 3.02216621970924
  5814 6.14450773217397 1.23549987227041 2.95803669030459
  5815 5.88365199350649 1.49533766921273 3.27250427294628
  5816 6.82342865609764 5.17076066993334 2.84814593360333
  5817 6.68590441348477 4.89863547258077 3.09862477681778
  5820 3.98584590702915 3.35563223315169 1.21895237218322
  5821 4.31570829723618 2.99905235716763 0.88462250134259
  5822 4.28872623611536 3.33566760133726 1.10907465214888
  5823 6.51804516305250 5.11366368045393 2.43995386444292
  5824 6.32390756785801 4.91833160628906 2.51029195678993
  5827 4.73152291669052 1.27641500008944 5.90866934839002
  5828 5.11523886714587 2.69366357262110 6.88418518194386
  5830 5.15881538009785 2.83943004668239 0.17283847361188
  5831 4.86692149757459 2.61312691619093 6.99435106645605
  5832 4.94309742148726 2.76769194205919 0.25508015517886
  5833 3.89040199097057 2.72828620252425 0.90040692372461
  5834 3.70467904460529 2.85018809803857 1.05567962052291
  5836 4.51021420235280 1.15631867025733 5.69071490342672
  5839 6.82694294545641 1.81863622871975 3.33079355272851
  5840 3.39605760453910 1.44071938183806 6.51992316850529
  5843 3.36422386142354 1.99007141111812 6.63067571489817
  5844 3.51943081234923 1.77361172398724 6.42329509748446
  5845 4.63895812323869 1.71503808757873 6.00020725840260
  5848 1.34921485936053 2.37020737649184 3.31473228143638
  5849 1.75652106364377 1.94062230113003 3.18207410822593
  5852 4.67783620361283 1.55359556567385 5.84140066705521
  5853 6.55361252421619 1.24270148011464 3.06100821643751
  5854 6.58968381786455 1.50695474443607 3.42224963724636
  5855 6.82517101580871 1.42132906494168 2.67741771972728
  5856 0.01278241698337 1.76760451998675 2.84628255001447
  5862 2.10288692705197 2.37102531519190 3.08979599677366
  5863 1.57829613208543 2.63189602720398 3.25391165118286
  5864 6.18317527439375 0.52617521749165 4.18103824103802
  5866 5.85706930271996 0.39377251852651 4.59405411320445
  5868 1.20791952780960 0.56746606584686 2.34119199136296
  5870 3.09651018649757 1.51261661095680 6.89164766511592
  5871 3.08585116283696 1.73935647384713 6.93747781340250
  5875 1.32938801677750 0.62914643929561 2.11225160092911
  5876 1.54854250886104 0.38622565898934 2.09164180267253
  5877 5.66579556189411 0.74799457331574 3.92649476560718
  5878 5.42569137577627 0.62452550680907 4.25465355228453
  5879 6.51902221856423 3.04279104869042 2.22574999366382
  5881 6.31208919209158 3.37078942485144 2.15359967943552
  5884 4.51675697263730 1.44411303204272 5.17685411057366
  5885 6.17924246171848 0.46425199347867 1.89173124048196
  5886 6.43353310037032 0.30024232171823 2.06378728443348
  5890 6.35972469171138 0.61130288762622 1.72833672247868
  5891 6.61224437172456 0.50400107358425 1.85376258931575
  5892 1.34780758621188 0.27582491618927 2.45611616203909
  5893 1.51382850938212 0.21340092281466 2.33222310849345
  5894 3.80702518214681 1.63953465918585 5.17680994927346
  5895 4.18590200032491 1.56161985248073 4.95595670636642
  5896 3.84092043400771 1.55088206405492 5.55498274370519
  5897 4.43726723262475 1.37607180355846 5.60582491355727
  5898 6.90278914632708 3.23180069148191 2.09920227540816
  5899 6.73784676427464 3.55366230919302 2.03424270204149
  5901 5.33611153209552 2.58999963762367 6.06339992153063
  5931 5.31506055986132 2.16160020252793 6.05765106537351
  5932 4.89637765044224 1.96761615772481 5.83599638371788
  5940 3.00027221133983 6.17860341238574 2.36042117931017
  5941 2.79054173945458 6.24181065315899 2.87849823222085
  5943 2.60112690761488 6.56604103655547 2.60642741390293
  5944 2.78070396289132 6.47735203409910 2.22658227630489
  5948 6.63576272333674 0.53493800717880 3.15327055109371
  5949 6.76324134336435 0.74100141534498 3.16044854619523
  5953 6.78234753559311 0.42408806656100 2.95145575367922
  5954 6.93755145452889 0.65015582849627 2.94626194871934
  5956 0.98044948304093 1.93596954705922 2.24902158724361
  5957 0.79966336385643 1.71541755342603 1.84463574770652
  5959 4.95847667634033 3.04403309817095 5.61574236189697
  5960 4.56819732204325 2.75172366414143 5.24948430367142
  5963 4.07610833821575 0.73550375505125 5.89736234923073
  5964 4.95132559987674 2.78928098746893 5.93170171728198
  5965 4.65834676841052 2.47270293065266 5.76623816246618
  5966 4.27607843441947 0.13417036733926 6.11350006019366
  5967 4.12574111837359 0.35166530383301 5.71149212650472
  5968 1.31993612242618 1.86506665528503 2.08811005479427
  5969 1.24312086114234 1.68070661177831 1.75428124690427
  5971 4.45442130439275 3.82474653731479 3.59043886031266
  5973 0.85628481498581 3.37268661086725 1.43895051847886
  5975 0.78388022772074 3.02694481721471 1.65198552245763
  5976 4.60052362909252 3.87492528842414 3.03055455997794
  5977 4.87056539394429 3.65650916629431 2.94907504636610
  5978 4.98527128485759 6.39611739803863 6.98205315916958
  5980 4.93367136159022 6.09862866434190 6.57857327078686
  5981 1.06812159515327 3.23656462840269 1.27263253087844
  5982 1.05302479653465 2.95421223801681 1.39501325820622
  5983 4.63741152031822 3.22252558125206 3.91111505414557
  5986 4.75384141157668 3.48534055878666 3.78176862105346
  5987 5.04248489462348 3.36672261902480 3.39174385176906
  5988 4.57003206515787 6.36660611654751 0.06250989060255
  5989 4.47827793644178 6.15768335451173 6.79410609707697
  5990 5.04234710686358 3.09365436783033 3.32141132916000
  5991 4.80927230494954 2.84680708142926 3.62473810576817
  5997 0.12757170423364 3.61237471109908 4.57644154265902
  5999 0.37182602645876 3.90712614586667 4.47918029513822
  6000 0.16037012207962 3.54667712325156 4.29903042483557
  6001 0.35075304882782 3.75351069423790 4.20610064762793
  6025 3.61301674992335 3.55729413325169 3.38718912372305
  6026 3.27781899613085 3.64772386270059 3.67035954753510
  6030 3.80215179676078 3.67956080173752 3.61823625547520
  6031 3.59444185113167 3.75310448510650 3.85710664222986
  6033 5.52297325667988 3.82889760379988 2.08528735436939
  6034 5.75747015825958 3.49990830658168 2.05339024776033
  6035 5.27309425512369 3.58165269734665 2.08885211531290
  6036 5.44894713124831 3.33407387728603 2.06154280548382
  6050 3.41091839433239 0.54926725096421 3.31354059037320
  6052 3.35633454920095 0.33630773354102 3.21508414797161
  6053 2.96248910338226 0.13286042046165 5.85639519073550
  6058 3.18889300594363 0.16579011855298 5.56124143388093
  6059 2.87970122057059 0.21763165626040 5.28099396436297
  6062 2.56723398286484 1.33702425727251 2.29313820987170
  6064 2.63284798443853 1.78390404865859 2.27904305092068
  6065 2.87443336084833 1.40021518736328 2.42838556470906
  6066 2.85878496806211 1.75768251983970 2.38243111516158
  6073 5.44253544886932 1.61121617135118 1.30773066341454
  6074 5.61871253202573 1.65129400989406 1.38930325758774
  6075 5.35380733720888 1.65480000624993 1.47057071111956
  6076 5.52231423563638 1.69414765555897 1.56060454965715
  6077 4.61220758405769 6.30070414208363 6.03217656054716
  6078 4.84264273847932 6.65319976490533 5.83119930793585
  6080 5.20929286998120 6.47177821623803 6.13241606913481
  6081 4.99124236772880 6.14670714194469 6.30330442805567
  6082 4.44356418090361 0.90536251574891 6.54439610882015
  6083 4.65697793772420 0.54586692077530 6.65791585357463
  6085 4.26482630602092 0.33327327643179 6.38674398673611
  6086 4.13222032562090 0.67684732165244 6.32193629539314
  6097 2.82046949890548 5.86461283359752 1.45905087626495
  6098 2.70045121205944 5.83569522489675 1.75608004685192
  6100 2.53064180969646 6.11080754327242 1.70367982759960
  6101 2.62536501063297 6.13533358000374 1.45795534618334
  6102 5.49215762844067 1.43526990003046 0.23858720796439
  6104 5.61412750637276 1.16880356067637 0.16043420342887
  6110 5.41787502199359 1.49246919282033 6.91897604622601
  6111 5.52119935060261 1.24790601341306 6.85117515203291
  6113 2.29864542729801 0.75375423753392 5.45835226421625
  6115 2.21684815695711 0.85260062191129 5.89064454536654
  6116 2.32067339469157 0.60575683364213 6.07105404255535
  6117 2.58437807634358 0.22346550664435 5.43202186648422
  6118 2.59109284229323 0.16118098734466 5.71059002955425
  6121 2.74186883947656 1.50351513419039 5.69376967951217
  6122 2.68989354392396 1.66751842714048 5.10098553656551
  6123 2.80183151839921 1.38409880594539 5.32865492180883
  6124 4.25053146420351 2.41636342829789 5.99476055338139
  6126 3.75764573617390 2.45375297895687 5.68991735321655
  6129 2.85356694655171 2.29275504326029 5.86087249941122
  6130 4.17236840654479 1.98351837542946 6.10337638887830
  6131 3.79332043675998 1.92638513636779 5.87483851524565
  6132 2.58769019230728 1.84456098147242 5.22072509313258
  6133 2.60486667780391 1.78950225916318 5.65789178313888
  6140 2.86135042234937 1.67339301410950 4.12917134569496
  6141 2.55005444142121 1.88665175552923 3.97270340015173
  6142 2.44244860135360 1.52681887820741 4.43370132689467
  6143 2.26065946250425 1.75935256986690 4.20476384423261
  6149 5.03346401562757 6.30295892338511 3.25138395625406
  6152 5.36466687752350 6.77277947589660 3.48928486719759
  6153 5.14770480637076 6.68312408493827 3.23183010368200
  6154 6.02750841042489 5.76444648979907 3.54497922704418
  6157 6.34796007139713 5.88796821089066 3.35936160817662
  6158 6.60627219466884 5.60189739575435 3.45498944265009
  6161 6.63497238666531 4.88371309370849 1.32937646770748
  6166 6.45653290877551 5.20073343674263 1.18972735648941
  6171 0.67849876506544 5.47464378408637 0.49956815467625
  6172 0.95481664686343 5.45233385540430 0.21549985044942
  6173 6.63312063218955 5.27190233244787 0.66211771319063
  6174 6.53447104250177 5.29361626472061 0.56882103923754
  6175 0.88932294733255 5.64023899198043 0.74197259028972
  6176 1.17517943601794 5.60226921239696 0.42571761272189
  6177 5.92850825071829 5.68686995851149 0.73277875569590
  6180 6.11986507983876 5.23670351603721 1.15442386417050
  6181 6.09416938007808 5.31453312899448 0.76476188983931
  6182 5.77138084835839 5.86097677336545 1.34925058427267
  6183 5.86144754641146 5.66277289135115 1.50773270094429
  6184 5.46670215208363 5.28913555028909 1.74041557123938
  6186 5.42888794285900 5.20100442741941 2.16344287317165
  6187 4.94968061995473 5.40914071289034 1.70665156371549
  6188 4.96729833264648 5.31680327493919 2.11737805818689
  6189 6.40619637809144 6.52024213432139 0.88703969813047
  6190 6.28775309127165 6.77119115846778 0.80742955876828
  6192 6.31828747303542 6.69061412345441 0.46236273375324
  6193 6.45694561340574 6.41875413359310 0.61215872847269
  6194 0.47932560490479 4.94488705385997 0.53466015500635
  6196 0.50074776766252 4.72312229145067 0.89886491888441
  6197 6.91110781998284 4.84506117976056 0.57428085680098
  6198 6.94503676249233 4.65438165930192 0.88274434396288
  6399 3.02259044949684 2.66710004619813 5.27502686969396
  6400 2.90277863725790 2.62010491907845 5.33067847379102
  6402 2.87416217748479 2.56133513032082 5.21742131831177
  6403 2.98901715405316 2.60723199868570 5.16039302937732
  6405 4.90566755187216 5.92299536152746 3.92481364699936
  6407 5.22164759175680 6.09968603998583 3.59306663979297
  6408 5.45241197248624 6.35008711509253 3.78159300092997
  6409 6.58380533097841 5.26309361086166 3.91176162619833
  6411 6.23110260986431 5.33045676070535 4.25350986774721
  6412 6.44788168186013 5.34826503525946 3.60867676572136
  6413 6.09119006236700 5.47792014115896 3.67035908736161
  6450 4.93880933341312 6.30200946030577 4.53445176643405
  6452 5.11508101430680 6.13925420109751 4.36277399708866
  6453 5.40631484974379 6.37567446676538 4.20714813526441
  6454 5.09657465869996 6.79855157641714 4.58099126712625
  6455 5.26081894657172 6.84311422757603 4.45640228849528
  6466 4.74284334591747 6.92422944731837 3.25097597004790
  6468 4.56737254290088 0.19885322148889 2.89216961698858
  6469 4.50590402457174 6.64848417660380 3.25342607749505
  6470 4.24674951161369 6.88107173548488 2.82509977200387
  6472 3.68827778132166 2.47282796034324 3.36583764679406
  6474 3.64182842351252 2.25649734170308 3.87364053780446
  6475 3.60303693642006 1.82370706720293 3.80049584945865
  6476 4.24063956629859 1.24854253780241 3.90511088189029
  6478 4.20857656407060 0.83766315319670 3.73038868727438
  6479 4.31454775320322 1.28287066407762 3.53416772486679
  6480 4.29017842825350 0.93631553263441 3.43042277089467
  6481 3.96493123481881 1.54770000793550 3.19547576200323
  6482 4.08120133044869 1.93831909556717 2.94184981278946
  6484 3.65731176758032 2.17587159749711 3.16469068446588
  6485 3.58593650462268 1.80372754983201 3.37731514113050
  6486 3.44096235401014 0.91981032278734 2.31200236951171
  6488 3.37667170137496 0.41928714423792 2.41653359038340
  6490 3.52162298739143 0.40638739251196 2.98378329655729
  6491 3.57939454623236 0.64000067250429 3.09314264524029
  6492 3.53630109554107 0.97653916759960 2.90261277999865
  6494 3.90674645636410 1.13465717644587 2.94418041363435
  6495 4.08678545805119 0.86269578418131 3.13485104764225
edges 4076
5      8      5
6      5     17
12      9      8
50     31     33
94     64     77
95     77     55
102     55     52
115     71     74
126    103    102
148     87     85
150     85     91
173    124    125
204    131    127
210    127    125
217    142    141
218    141    158
221    152    145
222    145    148
223    148    142
231    151    146
233    147    158
234    141    150
236    148    143
237    143    150
238    145    146
239    151    143
241    161    138
242    138    152
245    138    163
251    162    163
261    171    185
264    173    179
265    179    171
268    181    180
269    180    173
271    175    190
272    190    191
273    191    181
274    179    174
284    174    177
290    180    177
294    197    194
295    194    190
346    229    232
379    241    240
380    240    238
382    238    243
440    284    285
465    297    299
466    299    295
467    295    298
472    299    304
473    304    308
474    308    312
475    312    298
484    306    297
485    306    300
486    300    304
504    322    320
505    320    324
508    322    332
509    332    330
510    330    324
511    321    330
563    378    365
570    375    362
599    392    390
600    390    413
616    389    390
620    419    389
654    430    432
685    442    429
693    462     52
726    472    471
727    471    470
728    470    478
733    471    486
734    486    487
735    487    478
736    472    483
737    483    485
738    485    469
739    469    486
752    476    481
753    481    469
754    485    476
755    476    484
758    488    481
762    487    488
786    432     71
793    509    510
796    514    102
797    103    518
800    514    520
821    538    539
847    539    540
848    540    531
860    557    544
882    562    549
887    577      5
896    580    577
900    586    587
901    587    585
902    585    566
903    566    580
906    585     17
962    606    617
986    626    627
994    629    627
1012    641    643
1029    647    662
1030    662    657
1034    131    648
1035    648    662
1036    648    651
1048    322    678
1057    668    332
1064    671    666
1075    666    679
1089    699    686
1100    681    684
1149    724     33
1163    742    739
1176    736    741
1177    741    742
1210    719    763
1212    763    764
1225    668    782
1242    769    776
1243    776    783
1277    795    794
1280    796    802
1291    796    803
1336    243    833
1337    833    824
1349    835    845
1350    845    843
1351    843    844
1352    844    841
1353    841    835
1354    835    838
1355    838    852
1356    852    587
1357    585    845
1361    836    846
1362    846    586
1363    852    836
1364    836    848
1365    848    849
1366    849    853
1367    853    846
1376    843    851
1377    851    850
1381    849    686
1382    566    851
1397    863    867
1405    865    871
1411    862    865
1413    124    862
1415    870    871
1416    870    863
1421    877    875
1436    872    890
1441    877    894
1459    885    890
1463    911    913
1470    910    911
1475    901    909
1476    909    655
1483    903    912
1487    903    910
1497    920    923
1498    923    927
1499    927    924
1542    947    940
1543    274    947
1584    971    978
1585    978    968
1591    969     87
1594    979    969
1597    979    967
1606    973    976
1615    967    977
1618    977    976
1620    991   1015
1664   1020   1038
1671   1022   1038
1677   1022   1037
1678   1037   1021
1679   1021   1036
1680   1036   1035
1681   1035    171
1714   1045   1046
1720   1046     64
1739   1020    927
1741   1059    920
1742   1065   1068
1748   1070   1065
1752   1081   1068
1776   1081   1076
1777   1076   1080
1783   1091   1099
1784   1099   1106
1785   1106   1100
1786   1100   1098
1787   1098   1091
1788   1091   1094
1789   1094   1097
1792   1093   1102
1793   1102   1099
1794   1098   1092
1795   1092   1101
1796   1101   1094
1797   1100   1104
1798   1104   1103
1799   1103   1092
1817   1112    472
1820    862   1112
1824   1118    470
1831   1114   1118
1833   1122   1114
1845   1137   1136
1846   1136   1126
1847   1126   1130
1848   1130   1134
1868   1122   1137
1890   1151   1147
1894   1153   1155
1902   1080   1156
1903   1156   1155
1919   1181   1178
1927   1168   1184
1957    266   1202
1980   1207     85
1984    626   1207
1985    643   1210
1986   1210   1211
1989   1209   1210
1991   1211    681
1992    684   1209
2003   1214    722
2004   1212   1226
2006   1217   1212
2007   1212   1218
2010    940   1226
2012   1216   1218
2020   1221   1216
2069   1244   1255
2078   1259   1266
2083   1259   1261
2084   1261   1265
2092   1065   1265
2137   1289   1293
2141   1287   1289
2145   1287   1294
2154    580   1300
2179    476   1304
2180   1304    146
2211   1336   1328
2215   1330   1323
2216   1323   1326
2219   1324   1336
2220   1329   1324
2221   1324   1325
2222    976   1346
2224    147    973
2227   1349   1346
2229    158   1345
2230   1345   1344
2231   1344   1348
2232   1348   1347
2234    141   1344
2235   1349   1350
2236   1350    150
2238   1348   1350
2251   1364   1352
2254   1362   1361
2255   1361   1364
2261    662   1352
2262   1361    657
2299   1375   1357
2301   1380   1375
2333    392   1401
2334   1401   1212
2343   1147   1405
2345   1405   1226
2358   1406   1409
2362    174   1406
2384   1419   1421
2385   1421   1424
2389   1430   1419
2406   1439   1447
2407   1447   1446
2408   1446   1445
2411   1448   1439
2413   1329   1449
2414   1449   1448
2421   1449   1447
2422   1445   1440
2445   1460   1336
2455   1466   1457
2463   1459   1461
2470   1472    890
2471    885   1457
2488   1460   1077
2497    852   1481
2506   1484    469
2530   1508   1493
2533   1489   1504
2535   1493   1502
2536   1502   1489
2537   1489   1496
2555   1510   1511
2563   1517   1530
2583   1528   1529
2589   1529   1525
2621   1549   1563
2622   1563   1559
2629   1559    644
2661   1566   1570
2669   1571   1570
2682    900   1577
2683   1577   1081
2690    557   1580
2691   1580   1587
2692   1587    679
2726    297    515
2731    299    699
2758   1616   1617
2770   1619   1622
2775   1622    969
2776    967   1617
2836    362    769
2837   1532   1657
2840   1656   1657
2853   1663   1137
2867   1671   1666
2868   1666   1667
2871   1666   1676
2877    161   1674
2878   1674   1668
2883   1674    782
2888   1677   1676
2924    901   1698
2925   1698   1261
2926   1577   1703
2930   1702   1698
2931   1702   1701
2932   1701   1265
2933   1701   1699
2934   1699   1068
2935   1699   1703
2967   1722   1724
2972   1717   1719
2977   1725   1717
2978   1717   1722
2980   1725   1723
2981   1723   1724
3000   1732   1736
3019    912   1742
3021   1742   1380
3036   1765   1751
3082    958    841
3117   1792   1789
3121   1800   1792
3128    824    180
3129    181   1804
3130   1804   1806
3132    833   1804
3135   1809   1810
3136   1810   1806
3146    849    304
3154   1207   1622
3229   1843    867
3252   1855   1130
3253    375   1854
3264   1861   1676
3269   1861   1862
3272   1862    260
3314   1809   1883
3339   1862   1015
3342   1894   1900
3343   1900   1901
3344   1901   1202
3348   1895   1900
3372    763   1913
3373   1913    945
3381   1915   1912
3382   1912   1867
3383   1913   1915
3385   1912    764
3406   1544   1927
3407   1927   1926
3408   1926   1289
3409   1926   1244
3416    241   1927
3419   1795   1939
3420   1939   1938
3461   1642   1349
3500   1965   1155
3501   1965    540
3516    531   1964
3534   1973   1725
3574   1989    175
3575    190    641
3579   1806   1563
3594   1303   1996
3605   1517   1938
3611   1939   2000
3618    194   1210
3619   1209   2003
3622    197   1211
3628   1699   1736
3640   1021   1352
3649    647   1036
3673   1677   2038
3674   2038   2032
3675   2032   2031
3681   2034   2038
3682   2031   2024
3683   2024   2029
3692   2027   2030
3693   2030   2025
3695   1668   2027
3699   2030   2029
3700   2034   2035
3704   1214   1855
3725   2043   2045
3744   1924   1883
3745   1549   1810
3747   1797   2058
3753   2057   2058
3755    742   1722
3764   2062    909
3775   2063   2071
3778    576   2063
3781   2074   2071
3817   2032   1895
3822   2035   1762
3828   1259   2084
3829   2084   2085
3830   2085   1698
3836   2062   2085
3842   1227   1582
3862   2094   2100
3865   2097   2094
3866   2094    497
3869   2097   2096
3876   2096   2104
3877   2104   2008
3881   1639   1459
3885   1965   2106
3890    539   2106
3899   2109   2110
3901   2110   2111
3905   2111   1502
3906   1493   2109
3921   2118    843
3922   2118    289
3924   2122   2121
3928   1656   2120
3929   2120   2122
3931   2119   2123
3932   2123   2120
3933   2111   2119
3935   2121   2123
3955    602   2127
3966   2135   2141
3971   2135    520
3991   1406   1854
3995   2135   2127
4002    478   2146
4013   1266    846
4014    836   2084
4017    308    853
4028   1751   2153
4030   1765   1792
4031   1789   2153
4033   1996   2058
4049   2029   1587
4060   2161   2162
4074   2000   1318
4090   2173   2171
4091   2171   1181
4094   1348   2173
4112   2180    390
4113   1401   2178
4119   2178   1217
4126   2123   2173
4129   2119   1344
4130   2110   1345
4147   2178   1097
4149   2180   1091
4151   1099    413
4153   1093   1904
4160   2186   1279
4169   2192   2186
4197    347    700
4201   1481   2085
4242   2221   2223
4247   1103   2222
4248   2222   2225
4249   2225   2227
4250   2227   2221
4257   2223   2218
4259   2218   2227
4263    312   2229
4266   2230    850
4278   1362   2237
4279   2237    910
4287   2031   2238
4288   2238   1900
4310    509   2122
4330   1445   1525
4351   2097   1499
4352   2096   2251
4353   2251   2182
4360   2253   1566
4361   1570    162
4377   2218   2260
4378   2260   2259
4379   2259   2025
4380   2259   2230
4381   2260    851
4382   2227   2118
4393   2266   2265
4394   2265   2264
4397    870   2266
4399   2265   2262
4401    871   2262
4421   2269   1419
4452   1894   1421
4453   2269   2238
4458   1571   2222
4469    803   2266
4496   2260   1300
4503   2288    518
4508   2289   1106
4524   2161   2283
4527   2268   2143
4533   2253   1098
4548    802   2298
4552   2297   2298
4553   2003   2297
4573    617   1769
4584   2306   2264
4596   2308    911
4613   2104   2288
4616   1927   2312
4617   2312   2313
4619    796   2312
4620   2313   2298
4623   2313   2306
4624   2312   2265
4626   1926   2262
4696   1657   2337
4785   1020   2366
4788    173   2366
4889   2401   2402
4895   1616   2401
4896   1642   2402
4964   1732   2425
4967      3   2425
4971   2428   2430
4975   1255   2430
4976   1996   2428
4978   2057   2430
4993    808   2436
4996   1769   2436
5070   2460   2461
5072   1249   2460
5076   2043   2461
5081   1571   2463
5082   1092   2463
5083   1566   2463
5086    453   2464
5087    510   2464
5091   2466   2467
5092   1044   2466
5093   1424   2466
5096   1894   2467
5097   1202   2467
5177    647   2493
5180     47   2493
5185    131   2495
5188    651   2495
5200   2501   2502
5206    901   2501
5207    900   2502
5211   2505   2506
5214   2045   2506
5221    173   2507
5224   1020   2507
5249    795   2517
5291   2531   2533
5293   1619   2531
5296    848   2531
5298   2084   2533
5317   2540   2541
5324   2014   2541
5336   2546   2548
5338   1045   2546
5340   1050   2548
5341   1148   2546
5383   2218   2561
5386   2025   2561
5451    724   2584
5457   2586   2587
5459   1517   2586
5460   1527   2586
5462   2000   2587
5465    833   2588
5466   1809   2588
5541   1279   2612
5564   2620   2621
5568   1466   2621
5570   1459   2620
5577   1496   2624
5603   1510   2632
5643   1559   2645
5659   1386   2652
5695   2100   2664
5698   2237   2664
5755   2027   2683
5788   1671   2692
5789   1677   2692
5794   2692   2694
5795   2034   2694
5820    557   2701
5831      8   2704
5859   1021   2714
5862   1038   2714
5867   1330   2716
5870   1357   2716
5911   2732   2733
5914    968   2733
5916   1259   2732
5929   2738   2739
5931   2162   2738
5934   2283   2738
5935   2285   2739
5950   2588   2745
5987   1496   2756
5993   2758   2759
5994   1493   2758
5996   1504   2758
5997   2109   2759
5999   1667   2759
6013   1855   2763
6058   2268   2778
6061   2106   2778
6062   2779   2780
6069   1168   2780
6109   2795   2796
6126   2800   2802
6128   1508   2800
6130   2182   2802
6131    102   2800
6164   1323   2812
6173   2114   2815
6176   2127   2815
6188   2821   2822
6189    284   2821
6192    719   2822
6194    721   2822
6211   1081   2827
6212   1065   2827
6227   1148   2832
6229   1147   2832
6230   2833   2834
6233    602   2833
6269   2845   2846
6272   2501   2845
6276    912   2846
6296   2854   2855
6299   1703   2854
6300   1702   2855
6302    900   2854
6303    901   2855
6309   1448   2858
6312   1153   2858
6332   2866   2867
6333    103   2866
6334     88   2866
6335   2802   2866
6336   2288   2867
6337   1989   2867
6338   2251   2867
6346   2870   2871
6347    568   2870
6348    577   2870
6350   1293   2871
6351   1303   2871
6362   2493   2874
6363    657   2874
6375   2584   2878
6377     33   2878
6386      8   2881
6388   2882   2883
6390    978   2882
6404   1362   2886
6405   1357   2886
6409   2888   2889
6410   2035   2888
6412   2032   2888
6413   2025   2889
6415   2024   2889
6423   1178   2891
6439    950   2898
6442   2264   2898
6448   1221   2901
6457   1202   2904
6460   1915   2904
6490   2915   2916
6495    544   2915
6496   2826   2916
6512    375   2921
6514    378   2921
6545   2467   2930
6555   1214   2933
6581   2941   2942
6582   2161   2941
6586   2153   2942
6665   1450   2966
6666   2967   2968
6668   2100   2967
6670   1529   2968
6674    161   2969
6676    162   2969
6710   2980   2981
6712   1815   2980
6720   2253   2982
6739   1674   2989
6742   2683   2989
6751    147   2992
6754    736   2994
6755    872   2994
6765   2930   2997
6771   2178   2999
6772   2180   2999
6773   1094   2999
6780   1122   3001
6788   3004   3005
6789   2062   3004
6790   2533   3004
6791   1624   3004
6793   1617   3005
6827   3016   3017
6828     17   3016
6829      3   3016
6831    587   3017
6841   3020   3021
6842    566   3020
6843    586   3020
6845    850   3021
6846    853   3021
6847   2229   3021
6862   3026   3027
6864   1416   3026
6868   1430   3027
6931     47   3048
6932     31   3048
6933     48   3048
6948    125   3053
6949   3001   3053
6955    813   3055
6957   1156   3055
6965   3058   3059
6968    453   3058
6969    497   3059
6971    510   3059
6986   3064   3065
6987   2756   3064
6988   1502   3064
6989   2121   3064
6990   1499   3065
6991   1508   3065
6992   2182   3065
7000   3068   3069
7001   1481   3068
7003   1702   3068
7004   3017   3069
7005   2425   3069
7006   1701   3069
7007   3070   3071
7008    185   3070
7009   2008   3070
7012   2288   3071
7013    175   3071
7038   1386   3079
7050   3084   3085
7052   2259   3084
7053   2889   3085
7083    794   3094
7091   3097   3098
7092    776   3097
7096   1489   3098
7105   3101   3102
7107   2694   3101
7110   2035   3102
7111   2561   3102
7141   3113   3114
7143   2111   3113
7144   2119   3114
7146   3098   3113
7147   1656   3114
7186      9   3127
7188      0   3127
7210   3134   3135
7213   2461   3134
7214   1174   3135
7215   2966   3135
7216   2045   3135
7217   3136   3137
7218   1742   3136
7221    903   3137
7222   2664   3137
7223   2740   3137
7250   2495   3145
7257   3094   3147
7258   1639   3147
7273   2221   3153
7276   2881   3153
7277   3154   3155
7279     77   3154
7281   1447   3155
7283   1530   3155
7290   1904   3157
7306   1703   3162
7307   1772   3162
7314   2541   3164
7315   1883   3164
7319   3166   3167
7321   2815   3166
7323   2143   3167
7348   1103   3174
7349   2221   3174
7393    681   3187
7395   3189   3190
7396   2882   3189
7397     87   3189
7399    968   3190
7401    300   3190
7402   3191   3192
7404   2758   3191
7406    260   3192
7413     55   3194
7415    462   3194
7433    850   3199
7436    686   3199
7443    976   3203
7446    979   3203
7466   3211   3212
7467   3190   3211
7468   2531   3211
7469    969   3211
7470   2732   3212
7471   2533   3212
7472    967   3212
7481   2063   3215
7487   3217   3218
7488    481   3217
7489    146   3217
7490    163   3217
7509   2402   3223
7510   1639   3223
7517   3226   3227
7520   2871   3227
7522   2994   3226
7523   2455   3227
7544   2716   3234
7549   2740   3235
7563   1450   3239
7564   1174   3239
7569   1386   3241
7570   1391   3241
7602   2014   3251
7638    924   3263
7641   1806   3263
7652   3268   3269
7653    124   3268
7656   1112   3269
7657    950   3269
7667   1642   3272
7698   1532   3281
7699   3114   3281
7700    142   3281
7702   2143   3282
7704   2803   3282
7720   1725   3287
7723   1719   3287
7738   1559   3293
7758   3300   3301
7762   2505   3301
7763   1001   3301
7766   3185   3302
7767   1001   3302
7768   1762   3302
7798   1481   3312
7801    838   3312
7823   2008   3319
7835    430   3322
7858   2796   3331
7859    808   3331
7867    229   3333
7868   3334   3335
7869    872   3334
7870    863   3334
7872   3226   3335
7873    871   3335
7874   1293   3335
7876   3162   3336
7878   1736   3336
7893   3027   3341
7895   3085   3341
7899    306   3342
7917   3348   3349
7920   1330   3348
7921   1326   3349
7923   1375   3348
7937   3355   3356
7939   1347   3355
7940   2182   3356
7942   2173   3355
7943   2121   3356
7957   1582   3361
7958   2709   3361
7960   3362   3363
7961   1036   3362
7965   3001   3363
7966   1663   3363
7977   1001   3366
8003   3374   3376
8005    158   3374
8007   2110   3376
8010   1667   3376
8038   3386   3387
8039   1439   3386
8043    531   3387
8044    429   3387
8070   1861   3395
8071   1895   3395
8072   2038   3395
8074   2027   3396
8075   2561   3396
8076   2225   3396
8080   3398   3399
8081    783   3398
8082    678   3398
8083    769   3398
8085   1409   3399
8086   1854   3399
8087   3400   3401
8088   1080   3400
8089   1153   3400
8093   1077   3401
8108   3406   3407
8109   2366   3406
8110   2714   3406
8111    171   3406
8114   3070   3407
8125   1059   3410
8133   3155   3413
8135   1938   3413
8140   1964   3415
8141   2548   3415
8143   3416   3417
8144    764   3416
8146   2822   3416
8193   1405   3431
8194   3157   3431
8195   1401   3431
8214    486   3437
8217   3438   3439
8219   1050   3438
8221    274   3439
8231   3442   3443
8232    679   3442
8234   2030   3442
8236   3199   3443
8237   2230   3443
8238   3444   3445
8240   1528   3444
8241   2586   3444
8242   1446   3445
8243   1525   3445
8244   1530   3445
8245   3446   3447
8246   2624   3446
8247   2933   3446
8248   2763   3446
8250    945   3447
8260   1148   3450
8261   1448   3450
8262   1153   3450
8280   3194   3457
8283   1971   3457
8304   1582   3464
8306   2915   3464
8314   3467   3468
8315   1466   3467
8316   1325   3467
8318   3234   3468
8320   1440   3468
8323   3223   3469
8324   1642   3469
8340   3342   3474
8341   2833   3474
8342   3475   3476
8343   2106   3475
8344   3055   3475
8346    538   3476
8347    809   3476
8387   2074   3488
8401   1093   3492
8402   3157   3492
8403   1097   3492
8408   1570   3494
8427    298   3498
8460   2874   3510
8467   3094   3513
8469    629   3513
8473   3515   3516
8474    510   3515
8477   2122   3516
8478   2756   3516
8485   2826   3518
8486   2203   3518
8487   3519   3520
8488    671   3519
8489   2989   3519
8490    668   3519
8493    330   3520
8494   3521   3522
8495   2587   3521
8496   3349   3521
8497   1318   3521
8498   3444   3522
8499   3348   3522
8515   3527   3528
8516    795   3527
8520   1544   3528
8521    796   3528
8542   1279   3533
8567    285   3543
8569   2878   3543
8584   3548   3549
8586   3199   3548
8587    844   3548
8588    671   3549
8589   3442   3549
8590   2683   3549
8592    920   3550
8593   3410   3550
8594    924   3550
8598   3552   3553
8600   3180   3552
8602   1566   3553
8604   3437   3553
8605   3554   3555
8606    181   3554
8607   3263   3554
8608   2366   3554
8609    175   3555
8611   3407   3555
8638   3564   3566
8642   1854   3566
8645   2921   3566
8650   2882   3568
8653    973   3568
8657   3571   3572
8659   3269   3571
8662    471   3571
8663   3437   3572
8682    876   3578
8683   3503   3578
8689   1724   3580
8691   1798   3580
8707    197   3585
8709   3071   3585
8721   3589   3591
8726      0   3589
8728   3417   3591
8752   1419   3600
8756   3601   3602
8757    562   3601
8758    295   3601
8761    297   3602
8762   2833   3602
8764    655   3603
8765   2495   3603
8766     46   3603
8774   2704   3606
8775   3153   3606
8776    289   3606
8782   3585   3608
8783    518   3608
8790   2845   3610
8791   3611   3612
8792    724   3611
8794   1136   3611
8795     31   3612
8796   2513   3612
8797   1663   3612
8812   3617   3618
8814    813   3617
8815    808   3617
8816   3336   3618
8817   1772   3618
8818   2436   3618
8823    894   3620
8826    885   3620
8828   3622   3623
8831   1130   3622
8832   1221   3623
8834   1214   3623
8849   3628   3629
8853   1287   3629
8855   1544   3629
8895   3642   3643
8896   1391   3642
8897    438   3642
8898    442   3642
8899     74   3643
8900    432   3643
8901    429   3643
8902   3644   3645
8905   3628   3644
8906   2014   3645
8907   2981   3645
8920   2146   3649
8921   1118   3649
8923   3650   3651
8924   2513   3650
8925   3048   3650
8929   2670   3651
8934   1510   3653
8950   1416   3658
8951   3027   3658
8969   3664   3665
8970   1328   3664
8971   1461   3664
8973   1325   3665
8974   2620   3665
8975   1323   3665
9019    321   3679
9020    152   3679
9021   2207   3679
9051   1904   3688
9070   3695   3696
9071   3218   3695
9072    488   3695
9073   1309   3695
9075   2982   3696
9076    419   3696
9092    929   3701
9105   3079   3704
9125   3712   3713
9126   3187   3712
9128    666   3712
9130   3361   3713
9139   3716   3717
9140   1122   3716
9141   3653   3716
9142   2632   3716
9143   1118   3717
9150   3589   3719
9152   2796   3719
9153   3720   3721
9156   1800   3720
9157   1093   3721
9203   3736   3737
9204     88   3736
9206     85   3736
9208    643   3737
9209    626   3737
9218   3378   3740
9219   3717   3740
9224   3742   3743
9227   2714   3742
9229   3319   3743
9230   3407   3743
9245   3748   3749
9246   1511   3748
9250    462   3749
9259   3752   3753
9260   2645   3752
9265   1989   3753
9270    911   3755
9272   2854   3755
9283   3759   3761
9285    365   3759
9287   1511   3761
9296   2283   3764
9299   3721   3764
9307   1304   3766
9309   3768   3769
9311   2502   3768
9313    913   3769
9314    900   3769
9334   3600   3775
9335   2916   3775
9336   1912   3775
9341   2745   3777
9348   2507   3779
9349   2745   3779
9350    824   3779
9365   3784   3785
9366   1484   3784
9367   3494   3784
9368    163   3784
9369   2207   3785
9371    138   3785
9377   1249   3788
9396   3580   3792
9403   2981   3796
9406   3229   3796
9413    809   3799
9414    875   3799
9415   3800   3801
9418    913   3800
9419   2803   3801
9421   2308   3801
9422   3802   3803
9424   2846   3802
9426    419   3803
9427   3610   3803
9428   1309   3803
9436   3806   3807
9437   3649   3806
9438   3740   3806
9440   3622   3807
9441   1134   3807
9442   2901   3807
9475   3818   3819
9477   2989   3818
9478   3785   3818
9480   3520   3819
9481   2207   3819
9483   3820   3822
9488   2645   3820
9490   3753   3822
9507   3828   3829
9510    177   3828
9511    191   3829
9514    194   3829
9548   3841   3842
9549    485   3841
9550   3766   3841
9552   1484   3842
9554   2898   3842
9555   3843   3844
9556    867   3843
9557   3145   3843
9558    127   3843
9559    870   3844
9561    124   3844
9573    509   3848
9576   3322   3848
9585   3852   3853
9592   3854   3855
9593    700   3854
9594   3589   3854
9595   3503   3854
9597   3591   3855
9598   2203   3855
9623   3863   3865
9625   3084   3863
9627   2230   3865
9628   1815   3863
9630   2229   3865
9634   1022   3866
9669   3005   3876
9695   3886   3887
9699    389   3887
9700   2982   3887
9701   2180   3887
9703    783   3888
9705   2763   3888
9722   2506   3893
9725   2745   3894
9726    927   3894
9755   3802   3903
9758    389   3903
9767    958   3906
9774   1499   3910
9777   3801   3910
9779   3601   3911
9780   3498   3911
9781   2834   3911
9795   3192   3915
9798   2135   3915
9815   3922   3923
9818   1795   3922
9819   1800   3923
9821   1789   3923
9825   3334   3924
9839   2540   3929
9840    929   3929
9846   3931   3933
9848    655   3931
9850    651   3933
9855   3934   3936
9857    813   3934
9859   2268   3936
9860   1772   3934
9862   2803   3936
9879   3942   3943
9880    266   3942
9882    260   3942
9883   1901   3943
9884   1835   3943
9885   1861   3943
9890   3319   3945
9892   3822   3945
9893   3946   3947
9894   2632   3946
9895   3564   3946
9896   1137   3946
9898   3566   3947
9899   1126   3947
9907   3950   3951
9908   2513   3950
9910   1409   3950
9911   3651   3951
9912   1227   3951
9913   2709   3951
9914   3952   3953
9915   3162   3952
9916   3755   3952
9919   3510   3953
9920   3036   3953
9926   1964   3955
9927   3166   3955
9929   3956   3958
9933   1798   3958
9936   1724   3958
9945   2104   3961
9959   3552   3966
9960   3572   3966
9963    684   3967
9990   3975   3976
9991   3761   3975
9992   1971   3975
9993   1723   3975
9994   1511   3976
9996   3792   3976
10010   2621   3981
10025    240   3985
10026   1924   3985
10043   3991   3992
10044    950   3991
10045   3572   3991
10047   1484   3992
10048   3437   3992
10049   3494   3992
10057   3995   3996
10060    929   3995
10064   3550   3996
10083    838   4003
10088   3475   4005
10089   2778   4005
10090    813   4005
10091   4006   4007
10092    741   4006
10093   3226   4006
10094    865   4006
10095    739   4007
10096   3227   4007
10097   2058   4007
10098   4008   4009
10099    910   4008
10100   3931   4008
10102   1362   4009
10103   3933   4009
10104    657   4009
10105   4010   4011
10108   2461   4010
10109   2192   4011
10112   4012   4013
10114   3777   4012
10117   3759   4013
10123   1867   4015
10124   3600   4015
10125   1424   4015
10158   4026   4027
10159   2858   4026
10160   3386   4026
10161    540   4026
10164    538   4027
10169   2043   4029
10170   3185   4029
10172   4030   4031
10173   3263   4030
10174   3820   4030
10175   3410   4030
10176   3555   4031
10177   3822   4031
10178   3743   4031
10210   4041   4043
10212     88   4041
10214   1989   4043
10215   3737   4041
10217    641   4043
10221   1772   4044
10224   2803   4044
10249   2779   4054
10250   1391   4054
10251   3079   4054
10252   4055   4056
10253   2517   4055
10254   3644   4055
10255   3229   4055
10256   3527   4056
10257   3629   4056
10260   4057   4059
10262   3073   4057
10264   1294   4059
10267   1288   4059
10275   4062   4063
10276   2401   4062
10278   1639   4062
10279   2812   4063
10281   2620   4063
10305   4071   4072
10306   1430   4071
10307   3085   4071
10308   2701   4071
10309   2269   4072
10310   2024   4072
10311   1580   4072
10313   2192   4073
10314   3893   4073
10315   2612   4073
10323   1168   4076
10325   3533   4076
10328   3748   4077
10329    365   4077
10337   3101   4080
10340   1104   4080
10348    125   4082
10354   1795   4085
10357   1798   4085
10360   4088   4089
10361    103   4088
10362     91   4088
10363   3736   4088
10364   3608   4089
10366   1211   4089
10392   1221   4097
10395   2933   4097
10400    378   4099
10403   3779   4099
10408   4103   4104
10410    876   4103
10414    923   4104
10415   4105   4106
10422   3543   4106
10446    890   4114
10455    322   4116
10458    769   4116
10461   4119   4120
10462   1472   4119
10463   1457   4119
10466   3981   4120
10470   3866   4121
10476    875   4123
10477   4114   4123
10478   3620   4123
10483   2043   4125
10484   4011   4125
10485   3893   4125
10496   4129   4130
10498      5   4129
10499   2870   4129
10500   3296   4130
10501   3127   4130
10502   2455   4130
10504   1532   4131
10510   4133   4134
10511    413   4133
10514   1102   4134
10515   3688   4134
10521    844   4136
10523   2683   4136
10524   4137   4138
10526   3873   4137
10528   2832   4138
10530   1045   4138
10552   4145   4146
10554   3378   4145
10555    453   4145
10556   3749   4146
10559   4147   4148
10560   1375   4147
10561   3136   4147
10562   1528   4147
10563   2886   4148
10564   2664   4148
10565   2968   4148
10566   4149   4150
10568   3378   4149
10569   1527   4149
10571   4146   4150
10572   1517   4150
10573   4151   4152
10574    909   4151
10575   3876   4151
10576   2845   4151
10577   3931   4152
10579    912   4152
10580   4153   4154
10581   1405   4153
10582   4138   4153
10583   3691   4153
10584   3157   4154
10585   3873   4154
10587   4155   4156
10588    185   4155
10589   3585   4155
10591   2670   4156
10593   2709   4156
10605   2466   4160
10606   2904   4160
10607   1867   4160
10612    739   4162
10613   3958   4162
10614   1797   4162
10622   4165   4166
10624   3509   4165
10625   3498   4165
10626   2860   4166
10628    312   4166
10647   4173   4174
10649    102   4173
10650   2883   4174
10652    520   4173
10653   2141   4174
10665   3268   4178
10668   3053   4178
10673   3413   4180
10676   1449   4180
10679   4183   4184
10680   3203   4183
10681   3568   4183
10682     87   4183
10685     88   4184
10693   4187   4188
10697    515   4188
10699   4089   4187
10700     91   4188
10704   4191   4192
10706   2967   4191
10711   4193   4194
10714   3331   4193
10717   3719   4193
10727   4198   4199
10728   3474   4198
10730   2860   4198
10731   2834   4199
10732   2652   4199
10733   4165   4199
10736   4201   4202
10738    232   4201
10741    365   4201
10742   4013   4202
10745   4204   4205
10750    958   4204
10751   4136   4205
10759   4208   4209
10760   3300   4208
10761   3395   4208
10762   1015   4208
10763   1001   4209
10764   2034   4209
10766   4210   4211
10767   2045   4210
10768   3301   4210
10769   3185   4210
10770   2966   4211
10784   3509   4215
10785   2981   4215
10786   3251   4215
10791   2207   4217
10792   3842   4217
10793   2306   4217
10794   4218   4219
10795   3167   4218
10797   3439   4218
10798   2815   4219
10799   3915   4219
10819   4226   4227
10821   3239   4226
10825   1178   4227
10833   4230   4231
10834   3218   4230
10835   2992   4230
10836   3696   4230
10837    162   4231
10839   2253   4231
10853    923   4236
10854   3866   4236
10855   1038   4236
10856   4237   4238
10857   3300   4237
10858   2997   4237
10859    991   4237
10860   2505   4238
10861   3871   4238
10863   4239   4240
10865   2881   4239
10867   1797   4240
10869   1792   4240
10871   4241   4243
10873    179   4241
10876   1406   4241
10878   3564   4243
10882   4029   4244
10885   1751   4244
10888   4247   4248
10890   4080   4247
10892   3764   4248
10899   2826   4250
10900   3600   4250
10905   1800   4251
10908   4239   4251
10917   4073   4254
10927   4259   4260
10929   4194   4259
10930   3799   4259
10931   3578   4260
10932   4193   4260
10938   3966   4262
10939   4105   4262
10940   4204   4262
10950   3996   4265
10955   4267   4268
10956    202   4267
10957   3766   4267
10958    145   4267
10960   4217   4268
10961   3679   4268
10965   1532   4269
10968    148   4269
10976   2621   4273
10977   1843   4273
10984   2739   4275
10992   4278   4279
10993   3356   4278
10995   3848   4278
10996   2251   4279
10997   3753   4279
11000   4280   4282
11002    794   4280
11005   3981   4280
11007   1843   4282
11013   3322   4285
11016   2891   4285
11018    274   4286
11024   4288   4289
11025   2513   4288
11026   4241   4288
11027   1035   4288
11028   1663   4289
11029   4243   4289
11030   3362   4289
11031   4290   4291
11032   1106   4290
11033   4247   4290
11035   1102   4291
11036   3764   4291
11037   2285   4291
11046   4294   4296
11048    442   4294
11050   3241   4296
11051    531   4294
11053   3955   4296
11054   4297   4298
11055    392   4297
11056   4133   4297
11057   3768   4297
11058   3431   4298
11059   3688   4298
11060   1151   4298
11090    362   4308
11093   2337   4308
11095   4310   4311
11096   2982   4310
11097   3553   4310
11098    487   4310
11099   3886   4311
11100   3180   4311
11101   2146   4311
11111   4315   4316
11113   4121   4315
11114    894   4315
11125   4319   4320
11126   3924   4319
11127   4280   4319
11128   3527   4319
11129    863   4320
11130   4282   4320
11131    803   4320
11154   3079   4326
11162   4202   4330
11168   3748   4332
11170   4145   4332
11183   1901   4337
11186   2238   4337
11191   3580   4339
11204    835   4343
11205   4344   4345
11206   4120   4344
11207   3924   4344
11208   1472   4344
11209   3488   4345
11216   1938   4347
11218   4085   4347
11237   4354   4355
11240   3417   4354
11241   3432   4355
11243   2821   4354
11253   4359   4360
11255   3848   4359
11256    497   4359
11257   3945   4360
11258   4279   4360
11259   2096   4360
11274   2430   4365
11275   1249   4365
11285   4369   4370
11286   2428   4369
11287   4057   4369
11288   1244   4369
11289   1303   4370
11290   4059   4370
11291   1289   4370
11299   4373   4374
11300   3203   4373
11301   3272   4373
11302   1349   4373
11303   4184   4374
11305   1347   4374
11317   3866   4378
11318   4104   4378
11319   1719   4378
11323    576   4379
11326   3020   4379
11331   3704   4382
11332   2612   4382
11336   4384   4385
11337   4134   4384
11340   2285   4385
11342   4275   4385
11343   4386   4387
11346   3215   4386
11347   1070   4387
11349   1266   4386
11350   1265   4387
11352   4389   4390
11353    795   4389
11354   3513   4389
11358    644   4390
11359   4391   4392
11360   3653   4391
11361   4339   4391
11362   3792   4391
11363   3717   4392
11365   4149   4392
11366   4393   4394
11367   2753   4393
11369   4226   4393
11371   3831   4394
11372   1450   4394
11382   4398   4399
11383   2283   4398
11386   2942   4399
11387   4244   4399
11388   4125   4399
11413   4243   4406
11416   2507   4406
11419   4409   4410
11420   1114   4409
11421   4178   4409
11422   3571   4409
11425   3966   4410
11426   4411   4412
11427   3947   4411
11429   1134   4411
11430   2632   4412
11431   4332   4412
11432   3740   4412
11433   4413   4414
11434   3319   4413
11435   4191   4413
11437   3742   4414
11438   4192   4414
11439   1364   4414
11444    320   4416
11445   3828   4416
11451   4010   4418
11452   2186   4418
11458   4227   4420
11461   4421   4422
11462   4349   4421
11463   3796   4421
11464   3509   4421
11467   4166   4422
11468   4423   4424
11471   2455   4423
11474   3296   4423
11475   4259   4424
11477   4426   4427
11479    151   4426
11480   3218   4426
11481   1346   4427
11482    150   4427
11483    147   4427
11488    644   4429
11489   4043   4429
11490   3752   4429
11495   3293   4431
11498   4390   4431
11509   4436   4437
11510    202   4436
11511   4269   4436
11516   4438   4439
11517   1815   4438
11519   3796   4438
11520   2229   4439
11521   4379   4439
11522   4422   4439
11530   4442   4443
11532   4205   4442
11533   1571   4442
11534   2118   4443
11535   4136   4443
11536   2225   4443
11545   2297   4446
11547   4447   4449
11552   3145   4447
11554   1624   4449
11555   4450   4451
11556   3548   4450
11559    841   4451
11560   4003   4451
11562   4452   4453
11564   4265   4452
11566   3804   4453
11567   3995   4453
11568   3853   4453
11569   4454   4455
11570   3777   4454
11571   4099   4454
11572   3759   4454
11573   3287   4455
11575   3761   4455
11576   4456   4457
11577    202   4456
11580   3766   4457
11581   3788   4457
11582   1255   4457
11583   4458   4459
11584   4150   4458
11585   3792   4458
11586   4347   4458
11587   3749   4459
11588   3976   4459
11589   3457   4459
11590   4460   4461
11591    472   4460
11592   4339   4460
11594    470   4461
11595   4392   4461
11601    152   4463
11604    142   4463
11609   3296   4465
11612   4194   4465
11624   4471   4472
11625   4413   4471
11627   1361   4471
11628   2008   4472
11629   3961   4472
11631   4473   4474
11632   3961   4473
11634   3036   4473
11635   2308   4474
11636   4044   4474
11637   3952   4474
11638   4475   4476
11640   2855   4475
11641    655   4475
11642   3510   4476
11643   3755   4476
11644   4008   4476
11651     52   4477
11654   4480   4481
11656    442   4480
11657   3852   4480
11659    438   4481
11660   4452   4481
11661   4482   4483
11662   3967   4482
11663   4188   4482
11664    699   4482
11665    681   4483
11666   4187   4483
11668   4484   4485
11671   2732   4484
11672    971   4485
11673   4385   4485
11674   2733   4485
11676   4486   4488
11680   2297   4488
11681   3819   4486
11683   2306   4488
11691   4491   4492
11692   3906   4491
11693   4486   4491
11694   4451   4491
11696   4488   4492
11706   4495   4497
11711   1416   4495
11714   4498   4499
11716   4178   4498
11718   2878   4499
11719   4410   4499
11720   4105   4499
11721   4500   4501
11722    875   4500
11723   4424   4500
11725   4114   4501
11726   4423   4501
11727   2994   4501
11737   4505   4506
11738   3742   4505
11739   4236   4505
11740   1059   4505
11741   4192   4506
11742   4316   4506
11751   4509   4510
11752   2100   4509
11753   4471   4509
11754   2237   4509
11755   2097   4510
11756   3961   4510
11757   2308   4510
11758   4511   4512
11764   1070   4511
11778   1015   4517
11784    539   4519
11785   4294   4519
11786   3852   4519
11794   4517   4522
11797    996   4522
11799   4524   4525
11800    996   4524
11801   4517   4524
11803    978   4525
11807   3342   4526
11808   4522   4526
11809   2141   4526
11822   4531   4532
11823   1732   4531
11825      3   4531
11827   4465   4532
11851   2980   4538
11854   4541   4542
11857     46   4541
11858   3312   4542
11859   4343   4542
11871   4546   4548
11873   2821   4546
11875    721   4548
11876   4197   4546
11883    700   4550
11884   1973   4550
11885   3503   4550
11899   3333   4553
11934   4566   4567
11936    241   4566
11938   3073   4567
11939   1244   4567
11940   4456   4567
11946   4337   4569
11947   1835   4569
11956    617   4572
11957   4264   4572
11958    549   4572
11966   3400   4575
11969   1077   4575
11972    940   4577
11973   4097   4577
11974   1218   4577
11978   4579   4580
11979   2114   4579
11981   3955   4579
11984   3241   4580
11985   4581   4582
11988   3187   4581
11989    671   4582
11991    684   4581
11992   4450   4582
12022   3855   4593
12025    347   4593
12026   4594   4595
12028   4541   4594
12029   4498   4594
12030    958   4595
12031   4343   4595
12032   4105   4595
12034   3374   4596
12035   4463   4596
12036    161   4596
12044   3518   4599
12046   3701   4599
12050   3528   4600
12053    802   4600
12070   4607   4608
12071    686   4607
12072   4450   4607
12073   3967   4607
12074    848   4608
12075   4003   4608
12086   4612   4613
12089   2464   4612
12091   4285   4613
12092    509   4613
12093   4614   4615
12094   4538   4614
12095   3863   4614
12096   2701   4614
12097    298   4615
12098   3865   4615
12105   4273   4617
12106   4063   4617
12107   4618   4619
12108   3229   4618
12109   4349   4618
12110   3488   4618
12111   2517   4619
12138   4627   4629
12140    647   4627
12142   3363   4629
12143    131   4627
12145   3053   4629
12146   4630   4631
12149   2795   4630
12150   1732   4631
12152   2436   4630
12153   3336   4631
12155   4633   4634
12157    764   4633
12159   3432   4634
12160   3417   4634
12161   4593   4634
12167   4013   4637
12170   1971   4637
12171   4638   4639
12174   1416   4638
12175   3831   4639
12176   4553   4639
12177   4497   4639
12182   4215   4641
12183   4538   4641
12184   3498   4641
12186   4642   4644
12188   1676   4642
12190   1835   4644
12191   1667   4642
12193   1504   4644
12198   4472   4646
12199   3036   4646
12200   2874   4646
12201   4647   4648
12204   4260   4647
12206   3701   4648
12207    876   4648
12208   4649   4650
12209   3906   4649
12210   4204   4649
12211   3991   4649
12212   3818   4650
12213   4205   4650
12214   3494   4650
12216   4076   4651
12217   4431   4651
12226   2802   4654
12227   4184   4654
12228   1347   4654
12245   4660   4661
12246   4054   4660
12247   4326   4660
12248    438   4660
12249   2780   4661
12250   4651   4661
12256    803   4663
12259   4664   4665
12260    576   4664
12262    568   4664
12263   2071   4665
12265   4345   4665
12266   4666   4667
12268   4244   4666
12269   3302   4666
12270   4248   4667
12271   4398   4667
12272   3366   4667
12274   2694   4668
12276   4247   4668
12280   4670   4671
12281    862   4670
12282   4082   4670
12283    741   4670
12284   4339   4671
12286   1722   4671
12287   4672   4673
12288   4455   4672
12290   1510   4672
12291   4099   4673
12292   4406   4673
12293   3564   4673
12295   4665   4674
12296   1472   4674
12305    602   4677
12308   3166   4677
12310   4679   4680
12313    629   4679
12314    802   4680
12315   4446   4680
12316   4663   4680
12324   4683   4684
12326   4477   4683
12327   4612   4683
12328     71   4684
12330   4285   4684
12339   3322   4687
12344   3515   4689
12346   1134   4689
12347   4690   4691
12348   3333   4690
12349   4437   4690
12350   3831   4690
12352   4420   4691
12353   4393   4691
12354   4692   4693
12355    580   4692
12356   4379   4692
12357    568   4692
12359   4438   4693
12385   4156   4701
12388   4703   4704
12390   2505   4703
12391   3893   4704
12393   3366   4703
12394   4398   4704
12412   1742   4710
12413   4302   4710
12414   3802   4710
12418   4712   4713
12419   3650   4712
12420   2493   4712
12421   1035   4712
12422   2670   4713
12423   4646   4713
12424    185   4713
12438   4647   4716
12450   4722   4723
12451   3017   4722
12452   4387   4722
12454    586   4723
12455   4386   4723
12456    576   4723
12466   4727   4728
12467   1529   4727
12469   3058   4727
12470   2967   4728
12472    497   4728
12487   4733   4734
12491   1671   4734
12493   2969   4733
12494   3374   4734
12496   4736   4737
12498   3967   4736
12499   1207   4736
12501   4608   4737
12502   1619   4737
12503   4738   4739
12504    643   4738
12505   4679   4738
12506    626   4738
12507   1209   4739
12508   4446   4739
12509   4736   4739
12511   3799   4740
12512   4716   4740
12513   3476   4740
12530   1294   4746
12535   4748   4749
12536   4566   4748
12537   4553   4748
12538   3985   4748
12539   3073   4749
12540   4638   4749
12541   4746   4749
12553   4754   4755
12556   2612   4755
12558   2779   4754
12559   3704   4755
12567   4758   4759
12568   4679   4758
12569   4600   4758
12570   4389   4758
12571    641   4759
12573    644   4759
12581   4762   4763
12582   1924   4762
12583   4746   4762
12584   3628   4762
12585   3164   4763
12587   3645   4763
12588   4764   4765
12591   3401   4764
12592   3450   4765
12595   2832   4765
12597   4767   4768
12599   4546   4767
12600   3543   4767
12601     48   4768
12602   4548   4768
12603     33   4768
12604   4769   4770
12605   4209   4769
12606   4668   4769
12607   3366   4769
12608   4524   4770
12621   1765   4773
12624   4666   4773
12632   1795   4778
12635   1789   4778
12636   4779   4780
12637   3603   4779
12638   4447   4779
12639   4541   4779
12640   2062   4780
12641   4449   4780
12642   3312   4780
12644   4431   4781
12646   2517   4781
12657   4785   4786
12658   1345   4785
12659   4654   4785
12660   3568   4785
12661   2109   4786
12662   2800   4786
12663   2883   4786
12672   3953   4789
12673   4631   4789
12678   4791   4792
12679   2704   4791
12680   4355   4791
12681      9   4791
12682   4197   4792
12683   4354   4792
12684      0   4792
12692   2428   4794
12694   4796   4797
12695   4486   4796
12696   4582   4796
12697   3520   4796
12698   2003   4797
12699   4581   4797
12700    324   4797
12712   3800   4801
12714   3936   4801
12716   1624   4802
12718   1619   4802
12729    940   4805
12749   4813   4814
12750   1181   4813
12752   1184   4813
12753   2891   4814
12754   4687   4814
12755   2780   4814
12756   4815   4816
12759   1261   4815
12760   2827   4816
12762   4484   4815
12763   4384   4816
12765   4818   4819
12768    432   4818
12769   1525   4819
12770   4727   4819
12772   4820   4821
12773   4080   4820
12775   3174   4820
12776   4248   4821
12777   4773   4821
12778   3720   4821
12779   4822   4823
12780   4437   4822
12781   4503   4822
12782   4420   4822
12783   4269   4823
12786   4824   4825
12787   3719   4824
12788   4465   4824
12789      0   4824
12790   2795   4825
12791   4531   4825
12792   4197   4825
12801   2933   4828
12802   4805   4828
12803    945   4828
12808   4512   4830
12809   4674   4830
12810   4114   4830
12821   4834   4835
12822   1329   4834
12823   1446   4834
12824   3522   4834
12825   1325   4835
12826   3468   4835
12827   1330   4835
12828   4836   4837
12829   2143   4836
12830   4677   4836
12831    606   4836
12832   2778   4837
12840   3457   4840
12843   4347   4840
12844   4841   4842
12845   4818   4841
12847    429   4841
12848   1445   4842
12850   3386   4842
12852   4384   4843
12854   2827   4843
12867   4848   4849
12868     46   4848
12869   4627   4848
12870     47   4848
12871   4498   4849
12872   4629   4849
12873     31   4849
12877   1037   4850
12880   3362   4850
12884   4137   4853
12885   4765   4853
12886   4180   4853
12894   4302   4856
12897   2146   4856
12899   4858   4859
12903   3194   4859
12904   4637   4859
12905   4330   4859
12907   4860   4862
12909     55   4860
12911   4858   4862
12912     64   4860
12915   4863   4864
12918   1287   4863
12919   4693   4864
12921   4056   4863
12922   3229   4864
12931   4868   4869
12932    739   4868
12934   2455   4868
12936    700   4869
12937   3127   4869
12947   4873   4874
12950   3995   4873
12951    920   4874
12953   4648   4873
12954   4103   4874
12957   1168   4876
12958   1279   4876
12959   4754   4876
12978   4882   4884
12980   1964   4882
12982   3167   4884
12983   1965   4882
12985   2268   4884
12990   2738   4886
12991   4704   4886
12992   4254   4886
12997   4716   4888
12998   4873   4888
12999   3853   4888
13004   1797   4890
13005   4778   4890
13006   1798   4890
13007   4891   4892
13008   3355   4891
13009   4813   4891
13011   4278   4892
13012   4687   4892
13013   3752   4892
13014   4893   4894
13015   4187   4893
13018   3608   4894
13019   4701   4894
13021   4895   4896
13023   4858   4895
13026   4637   4896
13032    977   4898
13035   4484   4898
13046   4903   4904
13047   4133   4903
13048   4816   4903
13049   2502   4903
13051   4815   4904
13052   2501   4904
13053   4905   4906
13054   1616   4905
13055   3272   4905
13056    979   4905
13058    627   4906
13059   1622   4906
13065   3552   4909
13068   2463   4909
13070   2127   4910
13071   4526   4910
13072   3474   4910
13085   4915   4916
13086   4345   4915
13087   4864   4915
13088    568   4915
13089   3924   4916
13090   4863   4916
13091   1293   4916
13093   4917   4919
13095   3234   4917
13097   1466   4919
13100   4273   4919
13102   1226   4920
13103   4805   4920
13104   3691   4920
13108   4922   4923
13111   3016   4922
13112   4129   4923
13114   4532   4922
13115   3296   4923
13117   4925   4926
13118    515   4925
13119   4173   4925
13120     91   4925
13121    306   4926
13122   4174   4926
13123   3189   4926
13128   2846   4928
13131   3768   4928
13136   1216   4930
13139   1217   4930
13142   4933   4934
13145    285   4933
13146   1101   4934
13147   4909   4934
13158   4938   4939
13159   2992   4938
13160   4734   4938
13161   2289   4938
13162   4231   4939
13163   4733   4939
13164   1100   4939
13165   4940   4941
13167   4754   4940
13168   1174   4940
13169   3871   4941
13170   4755   4941
13171   2506   4941
13176      3   4943
13179   4197   4943
13181   4945   4946
13182   4406   4945
13183   4850   4945
13184   1022   4945
13185   4672   4946
13187   1719   4946
13188   4947   4948
13189   4904   4947
13190   4898   4947
13191   3610   4947
13192    413   4948
13194    419   4948
13200   2162   4951
13208   1044   4953
13209   4862   4953
13213   4955   4956
13215   1151   4955
13216   4764   4956
13218   3688   4955
13220   4957   4958
13221   3886   4957
13222   4856   4957
13223   3903   4957
13224   1216   4958
13239    950   4962
13242   3906   4962
13245   4965   4966
13246   4843   4965
13247   4955   4965
13248   1076   4965
13249   4951   4966
13250   4956   4966
13251   3401   4966
13256   4477   4968
13258   2753   4968
13283   4895   4976
13284   4977   4978
13285   4137   4977
13287   1046   4977
13288   3413   4978
13289   4840   4978
13290     77   4978
13291   4979   4980
13292   3653   4979
13293   4946   4979
13294   4671   4979
13295   3001   4980
13296   4850   4980
13297   4082   4980
13323   4989   4990
13324   1765   4989
13325   4811   4989
13326   4794   4989
13327   4240   4990
13329   1996   4990
13355   4999   5000
13356   4934   4999
13358   3180   4999
13359   2999   5000
13360   4930   5000
13361   3886   5000
13374   4647   5005
13377   3331   5005
13378   5006   5007
13379   4572   5006
13383   5005   5007
13384   4599   5007
13385   5008   5009
13386   4512   5008
13387   4575   5008
13389   4123   5009
13391    809   5009
13392   5010   5011
13395    577   5010
13396   1300   5011
13398   1303   5010
13399   1288   5011
13417   5018   5019
13420   1076   5018
13421   1151   5019
13423   1156   5018
13426   5021   5022
13427   4830   5021
13428   4923   5021
13429   4664   5021
13430   4511   5022
13431   4922   5022
13432   4722   5022
13436    996   5023
13439    968   5023
13453    606   5029
13456   3282   5029
13490   5041   5042
13491   1070   5041
13493   3215   5041
13494   4843   5042
13495   4951   5042
13496   4275   5042
13506   5046   5047
13507   1460   5046
13509   4119   5046
13510   1328   5047
13513   5048   5049
13514   3806   5048
13515   4856   5048
13517   2901   5049
13518   4958   5049
13519   3235   5049
13536   5055   5056
13539   2266   5055
13540   4492   5056
13541   4962   5056
13542   2264   5056
13547   3113   5058
13549   3097   5058
13550   5059   5060
13551   4801   5059
13552   5019   5059
13553   3769   5059
13554   3934   5060
13555   5018   5060
13556   1577   5060
13568   5065   5066
13570    191   5065
13573   1804   5065
13574    238   5066
13578   1080   5067
13581   5008   5067
13584   5070   5071
13585   1867   5070
13587   4633   5070
13589   4976   5071
13590   4593   5071
13598   5074   5075
13601   4316   5074
13602   1440   5075
13604   4192   5074
13605   2968   5075
13607   5077   5078
13608   4594   5077
13609   4962   5077
13610   3268   5077
13611   4447   5078
13612   5055   5078
13613   3844   5078
13630   5084   5085
13631   4355   5084
13632   4912   5084
13633    284   5084
13634   3606   5085
13636   4933   5085
13644   5088   5089
13645   2886   5088
13646   5075   5088
13647   3234   5088
13648   1364   5089
13649   5074   5089
13655   1148   5091
13658   1155   5091
13660   5093   5094
13661   4511   5093
13662   5067   5093
13663   1068   5093
13664   4532   5094
13666   1736   5094
13699   5105   5106
13700   3026   5105
13701   4746   5105
13704   4763   5106
13705   2980   5106
13706   5107   5108
13707    300   5107
13708   5023   5107
13709   3342   5107
13710    308   5108
13712   2860   5108
13722   5112   5113
13723   1563   5112
13724   5065   5112
13725   4759   5112
13727   5066   5113
13728   4600   5113
13761   5124   5125
13762   3191   5124
13763   3915   5124
13765   1508   5125
13766    514   5125
13785    627   5131
13787   3272   5131
13800   5136   5137
13801    392   5136
13802   4928   5136
13803   3903   5136
13804   1218   5137
13806   4958   5137
13807   5138   5139
13808   5131   5138
13809   4374   5138
13810   4041   5138
13812   4891   5139
13813   4429   5139
13819   2796   5142
13822   5007   5142
13823   5143   5144
13824   5124   5143
13825   4218   5143
13826   4286   5143
13827   5125   5144
13828   3282   5144
13829   3910   5144
13835    742   5147
13838   1717   5147
13839   5148   5149
13840   2704   5148
13841   4943   5148
13842     17   5148
13843    289   5149
13845    845   5149
13846   5150   5151
13849   3956   5150
13852    347   5150
13853   3432   5151
13855   5153   5154
13856   4365   5153
13857   4794   5153
13858   1751   5153
13859   2460   5154
13861   4029   5154
13862   5155   5156
13863    289   5155
13864   4933   5155
13865   4106   5155
13866   4442   5156
13867   4909   5156
13868   4262   5156
13869   5157   5158
13870   4811   5157
13871   5011   5157
13872   2223   5157
13873   4990   5158
13874   5010   5158
13875   2881   5158
13885   5162   5163
13889   4286   5163
13891   3942   5162
13892   3191   5163
13903   5168   5169
13904   3376   5168
13905   5058   5168
13907   4596   5169
13909    782   5169
13913    763   5170
13916   4828   5170
13919   5173   5174
13920   1504   5173
13921   5163   5173
13922   2624   5173
13923   1835   5174
13924   5162   5174
13925   3447   5174
13926   5175   5176
13927    514   5175
13928   5029   5175
13930    518   5176
13932   4894   5176
13949   5182   5183
13950   4767   5182
13951   4943   5182
13953   4106   5183
13954   5149   5183
13955   4343   5183
13956   5184   5185
13957   4044   5184
13958   5029   5184
13959   1769   5184
13960   4473   5185
13961   5176   5185
13963   5186   5187
13964   4882   5186
13965   5091   5186
13966   2548   5186
13967   4884   5187
13969   3439   5187
13978   3853   5190
13979   5191   5192
13980    971   5191
13981   4898   5191
13982    973   5191
13983   2289   5192
13984   4948   5192
13985   2992   5192
13986   5193   5194
13987   2916   5193
13989   3416   5193
13990   3518   5194
13991   5142   5194
13992   3591   5194
13993   5195   5196
13994   2652   5195
13996   2834   5195
13997   3804   5196
13998   5190   5196
14029   3620   5204
14032   5207   5208
14035   2759   5207
14036   3192   5208
14038   2883   5207
14039   2141   5208
14051   3664   5213
14053   1326   5213
14074   5220   5222
14076   3644   5220
14078   2014   5222
14079   4781   5220
14082   5223   5224
14083   3293   5223
14084   5220   5223
14085   1549   5223
14086   4265   5224
14087   5222   5224
14089   5225   5226
14090    913   5225
14091   4928   5225
14092    903   5225
14094   5137   5226
14095   2740   5226
14112   5232   5233
14113   5019   5232
14114   5091   5232
14115   1147   5232
14116   4801   5233
14117   5187   5233
14118    947   5233
14128   5237   5238
14129   4517   5237
14130   5208   5237
14131   1862   5237
14132   4525   5238
14133   5207   5238
14134   1666   5238
14146    885   5242
14149   4919   5242
14156   2826   5246
14165   1350   5249
14168   2171   5249
14169   5250   5251
14170   4194   5250
14171   5094   5250
14172   3617   5250
14173    809   5251
14174   5067   5251
14175   3055   5251
14177   5252   5254
14181   4481   5254
14182   3410   5252
14184   4265   5254
14185   5255   5256
14188   3251   5255
14189   2540   5256
14191   3804   5255
14192    929   5256
14204   2588   5260
14207   1883   5260
14213   3174   5263
14216   3153   5263
14219   5266   5267
14220   4296   5266
14221   5195   5266
14222   4677   5266
14223   4519   5267
14224   5190   5267
14225   4837   5267
14226   5268   5269
14227   1457   5268
14228   5204   5268
14229   3467   5268
14230   1460   5269
14232   1324   5269
14249   5275   5276
14252   3492   5275
14253   4251   5276
14254   5263   5276
14255   3720   5276
14256   5277   5278
14257   4920   5277
14258   5170   5277
14260   1217   5278
14262   4912   5278
14263   5279   5280
14264   3578   5279
14266   4424   5279
14267   4550   5280
14268   5147   5280
14269   4868   5280
14271    867   5281
14272   5242   5281
14273    872   5281
14277   5283   5284
14280    266   5283
14281   3438   5284
14283   5162   5283
14284    274   5284
14286   5286   5287
14288   5278   5286
14289    284   5286
14290    722   5287
14291   5170   5287
14292    719   5287
14293   5288   5289
14294   4012   5288
14296   5260   5288
14297   4202   5289
14298   4497   5289
14323   5297   5298
14324   4538   5297
14326   2701   5297
14328   5246   5298
14329    544   5298
14338   1450   5301
14343   3239   5303
14346   4940   5303
14348   5305   5306
14349   5151   5305
14350      9   5305
14351   4239   5305
14352   5150   5306
14353   4869   5306
14354   4162   5306
14355   5307   5308
14358   1112   5307
14359    483   5308
14361    865   5307
14362   2057   5308
14367   3871   5310
14370   4580   5310
14374   3820   5313
14375   5252   5313
14380   5315   5316
14381   1386   5315
14382   5310   5315
14383   3704   5315
14384   4198   5316
14388   3658   5317
14390   1421   5317
14394   5319   5320
14395   5085   5319
14396   5263   5319
14397   1101   5319
14398   4912   5320
14399   5275   5320
14400   1097   5320
14401   5321   5322
14402   4805   5321
14403   5284   5321
14405    945   5322
14406   5283   5322
14407   2904   5322
14421   2624   5327
14424   4097   5327
14426   5329   5330
14427   4553   5329
14428   5289   5329
14429    232   5329
14430   3985   5330
14431   5260   5330
14432    243   5330
14450   5336   5338
14452    260   5336
14454   4219   5338
14455    991   5336
14457   2114   5338
14459   4599   5339
14460   5256   5339
14461   5246   5339
14465   5341   5342
14466   4503   5341
14469   4823   5342
14470   5249   5342
14471    143   5342
14511   5355   5356
14514   4651   5355
14515   4326   5356
14517   4781   5355
14545   5366   5367
14547    430   5366
14548   4359   5367
14550   4818   5366
14551   4728   5367
14552   5368   5369
14553   2930   5368
14554   5336   5368
14555    266   5368
14557   5338   5369
14558   3438   5369
14559   5370   5371
14561   5366   5370
14562   5313   5370
14563   4191   5371
14564   5367   5371
14565   3945   5371
14568   5373   5374
14570    324   5373
14571   2003   5374
14573   4416   5373
14574   3829   5374
14575   5375   5376
14576   1255   5375
14577   5308   5375
14578   3841   5375
14579   2262   5376
14580   5307   5376
14581   2898   5376
14584   5378   5379
14586   4674   5378
14587   2071   5379
14589   4512   5378
14590   5041   5379
14591   5380   5381
14592   1924   5380
14593   3628   5380
14594   1549   5380
14595    240   5381
14596   1544   5381
14597   5113   5381
14607   5385   5386
14610   4003   5385
14611   4449   5386
14613   4737   5385
14614   4802   5386
14619   1046   5388
14622   4862   5388
14625   5391   5392
14629   2162   5392
14631   5047   5391
14637   1939   5394
14640   4180   5394
14653     48   5399
14656   4789   5399
14672   5066   5406
14673   5374   5406
14674   2298   5406
14691   5412   5413
14692   1077   5412
14693   5378   5412
14694   5046   5412
14695   4951   5413
14696   5379   5413
14697   5392   5413
14698   5414   5415
14699   4475   5414
14701     46   5414
14702   3510   5415
14703   5399   5415
14704     47   5415
14705   5416   5417
14706    515   5416
14708   4893   5416
14709    520   5417
14711   5175   5417
14721   5421   5422
14722   5070   5421
14725   4976   5422
14726   5388   5422
14753   5431   5432
14754   1336   5431
14757   1329   5432
14758   5394   5432
14759   1318   5432
14768   5435   5437
14770   2921   5435
14772   4411   5437
14773   4308   5435
14775   4689   5437
14776   5438   5439
14777   4349   5438
14778   5356   5438
14779   4382   5438
14780   4619   5439
14781   5355   5439
14782   3533   5439
14783   5440   5441
14785   5435   5440
14786   4077   5440
14787   2464   5441
14788   5437   5441
14789   4332   5441
14790   5442   5443
14791   3602   5442
14792   5416   5442
14793    562   5442
14794    602   5443
14795   5417   5443
14796    606   5443
14797   5444   5445
14798   4575   5444
14799   5269   5444
14800   2858   5444
14801   5009   5445
14802   5204   5445
14803   4027   5445
14804   5446   5447
14805   4663   5446
14806   5386   5446
14807   5055   5446
14808   4446   5447
14809   5385   5447
14810   4492   5447
14816   2740   5450
14819   2094   5450
14820   5451   5452
14821   2074   5451
14822   5392   5451
14823   4254   5451
14825   5391   5452
14826   2192   5452
14827   5453   5454
14830   1894   5453
14831   2997   5454
14833   1895   5453
14834   3300   5454
14838   5457   5458
14840    947   5457
14841   3800   5458
14843   4577   5457
14844   5226   5458
14848   1044   5459
14851   2930   5459
14861   5464   5465
14862   4211   5464
14863   5454   5464
14864   5301   5464
14866   5453   5465
14867   5317   5465
14877   5469   5470
14878   2756   5469
14880   5327   5469
14881   1499   5470
14882   5450   5470
14884   5471   5472
14885   1050   5471
14886   5369   5471
14887   5459   5471
14888   3415   5472
14889   4579   5472
14900   5476   5477
14901   1762   5476
14902   4773   5476
14903   4811   5476
14904   3102   5477
14905   4820   5477
14906   2223   5477
14933   3852   5485
14936    538   5485
14951    229   5491
14962   1249   5496
14966   5497   5498
14967   3515   5497
14968   5469   5497
14969   2901   5497
14970   3059   5498
14971   5450   5498
14972   3235   5498
14994   4617   5506
14997   1843   5506
14998   5507   5508
14999   2425   5507
15000   5399   5507
15001   5182   5507
15002   3068   5508
15003   5414   5508
15004   4542   5508
15037   5519   5520
15038   5327   5519
15039   5457   5519
15040   4286   5519
15041   5470   5520
15042   5458   5520
15043   3910   5520
15060   5526   5527
15061   4116   5526
15063    362   5526
15064   4131   5527
15065   5491   5527
15066   2337   5527
15072   3831   5530
15075   2966   5530
15092   5536   5537
15095   1352   5536
15096   5089   5537
15098    648   5536
15099   4917   5537
15122   5496   5545
15123   4010   5545
15124   5546   5547
15125   1624   5546
15127   3005   5546
15128   3145   5547
15129   5506   5547
15147   5553   5554
15148    877   5553
15150   4874   5553
15151   4740   5554
15152   5485   5554
15153   4888   5554
15266   5590   5591
15269   3073   5590
15271   5530   5591
15272   4638   5591
15274   5242   5592
15275   5537   5592
15276   4315   5592
15372   4842   5622
15375   4027   5622
15385   5627   5628
15386    894   5627
15388   4316   5627
15389   5204   5628
15390   5622   5628
15391   1440   5628
15394   5630   5631
15396   4668   5630
15397   4290   5631
15399   4770   5630
15400   2285   5631
15413   2153   5636
15421   5496   5638
15422   5636   5638
15423   4365   5638
15428   2000   5640
15429   5636   5640
15430   4778   5640
15445    484   5646
15448   5496   5646
15458   5650   5651
15459   4968   5650
15461   4684   5650
15462   4226   5651
15464   2891   5651
15494   5303   5661
15495   2779   5661
15496   5651   5661
15500   1424   5662
15513   5667   5668
15516   4238   5667
15519    991   5667
15520   4522   5668
15522   5670   5671
15523   4910   5670
15524   5668   5670
15525   5316   5670
15526   2114   5671
15527   5667   5671
15528   5310   5671
15529   5672   5673
15530   5341   5672
15532    151   5672
15533   3788   5673
15534   5646   5673
15535   1304   5673
15537   4495   5674
15538   5662   5674
15539   5317   5674
15543   5676   5677
15544   4525   5676
15545   5630   5676
15546   1671   5676
15547    971   5677
15548   5631   5677
15549   2289   5677
15554   4858   5679
15555   5662   5679
15556   4953   5679
15557   5680   5681
15560   1104   5680
15561   2222   5681
15563   3101   5680
15564   3396   5681
15566   5683   5684
15567   1668   5683
15568   5681   5683
15569   2969   5683
15570   2692   5684
15571   5680   5684
15572   4733   5684
15591   5691   5692
15594   5341   5691
15595   3469   5692
15597   5249   5692
15620   1181   5700
15621   5692   5700
15622   1184   5700
15630   5703   5704
15633   2733   5703
15634   1266   5704
15636   5023   5703
15637   5108   5704
15639   5706   5707
15641   5704   5706
15642   3215   5706
15644   5703   5707
15645   4275   5707
15647   5708   5710
15649   5190   5708
15651   4716   5710
15652   5006   5708
15654   5005   5710
15662   5713   5714
15663    617   5713
15664   5708   5713
15665   4837   5713
15666    808   5714
15667   5710   5714
15668   4005   5714
15674   5547   5717
15677    651   5717
15683   5213   5720
15686   5545   5720
15692    177   5723
15695    375   5723
15696   5724   5725
15697   2716   5724
15699   2812   5724
15700   4917   5725
15701   5717   5725
15702   4617   5725
15703   5726   5727
15704   5672   5726
15707   5646   5727
15708   5720   5727
15719   5731   5732
15720   5491   5731
15723   5526   5732
15724   5723   5732
15725   4416   5732
15729   4906   5733
15732   4802   5733
15735   5736   5737
15736   5546   5736
15737   5733   5736
15738   1616   5736
15739   5506   5737
15741   4062   5737
15742   5738   5739
15743    232   5738
15744   5731   5738
15745    243   5738
15746    378   5739
15747   5723   5739
15748    824   5739
15758   5743   5744
15759   5691   5743
15760   5726   5743
15761   3223   5743
15762   4418   5744
15763   5720   5744
15764   1461   5744
15765   5745   5746
15766   4282   5745
15767   5737   5745
15768   3094   5745
15769   4663   5746
15770   5733   5746
15771    629   5746
15772   5747   5748
15773   3871   5747
15775   5303   5747
15776   2997   5748
15778   5301   5748
15784   4477   5751
15787   2753   5751
15788   5752   5753
15789   4201   5752
15791   4077   5752
15792   4330   5753
15793   5751   5753
15794    462   5753
15799   3488   5755
15802   4120   5755
15804   5757   5758
15805    977   5757
15807   3610   5757
15808   1617   5758
15810   3876   5758
15815   1227   5760
15818    721   5760
15820   5762   5763
15823   2120   5762
15824   2171   5763
15826   4613   5762
15827   1178   5763
15830   5765   5767
15832   5301   5765
15834   5674   5767
15837   5679   5767
15838   5768   5769
15839   5047   5768
15840   5755   5768
15841   5452   5768
15842   1461   5769
15844   2186   5769
15845   5770   5771
15846   4420   5770
15847   5763   5770
15848   4823   5770
15850   5762   5771
15851   1657   5771
15853   5772   5774
15855    794   5772
15857   3147   5774
15858   4619   5772
15860   3533   5774
15861   5775   5776
15862   5755   5775
15863   5772   5775
15864   3981   5775
15865   5769   5776
15866   5774   5776
15867   1459   5776
15881   5757   5781
15883   1309   5781
15893   5785   5786
15894   2753   5785
15895   5765   5785
15896   4394   5785
15897   4330   5786
15898   5767   5786
15899   4497   5786
15900   5787   5788
15901   5726   5787
15902   2402   5787
15904   4426   5788
15905   1346   5788
15906   5781   5788
15907   5789   5790
15908   5193   5789
15909   5760   5789
15910   3464   5789
15911   5142   5790
15913   4264   5790
15917   4566   5791
15920    202   5791
15928   5706   5796
15931   2860   5796
15932   5797   5798
15933   4349   5797
15935   2074   5797
15936   4422   5798
15937   5796   5798
15938   2063   5798
15939   5799   5800
15940   4436   5799
15941   5791   5799
15942   3333   5799
15943   4131   5800
15945   5491   5800
15955   5804   5805
15956   4382   5804
15957   5797   5804
15958   4254   5804
15959   5316   5805
15960   5796   5805
15974   5459   5810
15977   5748   5810
15983   2942   5813
15986   4011   5813
15987   5814   5815
15988   4968   5814
15990   4860   5814
15991   5765   5815
15992   5810   5815
15993   4953   5815
15994   5816   5817
15995   1328   5816
15997   5431   5816
15998   5391   5817
15999   5813   5817
16000   2941   5817
16006   2313   5820
16009    241   5820
16010   5821   5822
16011   5800   5821
16013    321   5821
16014   5791   5822
16015   5820   5822
16016   4268   5822
16017   5823   5824
16018   5213   5823
16019   5816   5823
16020   1318   5823
16021   5545   5824
16022   5813   5824
16023   5636   5824
16029   3888   5827
16032   3447   5827
16034   5828   5830
16036   5169   5828
16038   4463   5830
16039   5058   5828
16041   3281   5830
16042   5831   5832
16043   4116   5831
16044   5828   5831
16045    332   5831
16046   4131   5832
16047   5830   5832
16048    321   5832
16049   5833   5834
16050   5731   5833
16051   5821   5833
16052   5373   5833
16053    238   5834
16054   5820   5834
16055   5406   5834
16060   1913   5836
16061   5827   5836
16068   4580   5839
16071   5747   5839
16075   1409   5840
16078   2709   5840
16081   5843   5844
16082   3187   5843
16084    320   5843
16085   3713   5844
16086   5840   5844
16087    678   5844
16091    783   5845
16097   5848   5849
16100   2652   5848
16101   3804   5849
16103   4326   5848
16104   4452   5849
16110   4569   5852
16111   5845   5852
16112   5827   5852
16113   5853   5854
16114   5814   5853
16117   5810   5854
16118   5839   5854
16119   5472   5854
16120   5855   5856
16121   5650   5855
16122   5853   5855
16123     74   5855
16124   5661   5856
16125   5839   5856
16126   1391   5856
16143   5862   5863
16144   5222   5862
16145   3251   5862
16146   5849   5862
16147   5356   5863
16148   3509   5863
16149   5848   5863
16151   5864   5866
16153   1045   5864
16155   3691   5866
16156   1050   5864
16158   5321   5866
16163   4480   5868
16166   4841   5868
16168   5870   5871
16169   4155   5870
16170   5840   5870
16171    174   5870
16172    197   5871
16173   5843   5871
16174   3828   5871
16184   5875   5876
16185   5370   5875
16186   5868   5875
16187   5252   5875
16188   4506   5876
16190   1059   5876
16191   5877   5878
16192   1044   5877
16193   5864   5877
16194   5388   5877
16195   4160   5878
16196   5866   5878
16197   5421   5878
16199   5879   5881
16201   1174   5879
16203   3134   5881
16204   4227   5879
16206   4503   5881
16212   1915   5884
16215   4337   5884
16216   5885   5886
16217   4146   5885
16219     52   5885
16220   1530   5886
16222   3154   5886
16232   5890   5891
16233   4683   5890
16234    453   5890
16235   5885   5890
16236     71   5891
16237   4819   5891
16238   5886   5891
16239   5892   5893
16240   5622   5892
16241   5868   5892
16242   5485   5892
16243   5627   5893
16244   5876   5893
16245   5553   5893
16246   5894   5895
16247   1580   5894
16249   2915   5894
16250   2269   5895
16251   5884   5895
16252   3775   5895
16253   5896   5897
16255   5894   5896
16256   1582   5896
16257   5852   5897
16258   5884   5897
16259   5836   5897
16260   5898   5899
16261   5700   5898
16262   5879   5898
16263   4876   5898
16264   5691   5899
16265   5881   5899
16266   4418   5899
16271   5168   5901
16274   4642   5901
16365   5931   5932
16366   4644   5931
16367   5901   5931
16368   3097   5931
16369   4569   5932
16371   5845   5932
16395   5940   5941
16398   5147   5940
16399   5279   5941
16401    736   5940
16402   4500   5941
16404   5943   5944
16405    877   5943
16406   5941   5943
16407   4103   5943
16408   4121   5944
16409   5940   5944
16410   4378   5944
16420   5948   5949
16421     64   5948
16423   2546   5948
16424   5853   5949
16426   3415   5949
16436   5953   5954
16437   5948   5953
16438   1439   5953
16439   3154   5953
16440   5949   5954
16441   3387   5954
16442     74   5954
16445   5956   5957
16447    438   5956
16448    430   5957
16450   4661   5956
16451   4687   5957
16454   5959   5960
16456   1668   5959
16457   2029   5960
16459   1677   5959
16460   2031   5960
16466   1227   5963
16469   5836   5963
16470   5964   5965
16471   5901   5964
16472   5959   5964
16473    782   5964
16474   5932   5965
16475   5960   5965
16477   5966   5967
16478    722   5966
16480    724   5966
16481    719   5967
16482   5963   5967
16483    721   5967
16484   5968   5969
16485   3293   5968
16486   5956   5968
16487   5254   5968
16488   2645   5969
16489   5957   5969
16490   5313   5969
16495   1288   5971
16498   4811   5971
16501   5973   5975
16503   3469   5973
16505   1184   5975
16506   3147   5973
16508   4076   5975
16509   5976   5977
16510   4794   5976
16511   5971   5976
16512   4057   5976
16513   5154   5977
16515   5590   5977
16517   5978   5980
16519   3622   5978
16522   3649   5978
16524   3180   5980
16525   5981   5982
16526   3513   5981
16527   5973   5981
16528   5131   5981
16529   4390   5982
16530   5975   5982
16531   5139   5982
16535   2888   5983
16538   3341   5983
16541   5986   5987
16542   5971   5986
16543   5983   5986
16544   1762   5986
16545   5977   5987
16547   3185   5987
16548   5988   5989
16549   1114   5988
16550   5978   5988
16551   1136   5988
16552   4410   5989
16553   5980   5989
16554   2584   5989
16555   5990   5991
16556   5591   5990
16557   5987   5990
16558   4211   5990
16559   3658   5991
16560   5983   5991
16561   5465   5991
16579   5997   5999
16581   4770   5997
16583   2739   5999
16584    996   5997
16586   5707   5999
16587   6000   6001
16588   5668   6000
16589   5997   6000
16590   4703   6000
16591   5805   6001
16592   5999   6001
16593   4886   6001
16667   6025   6026
16669   5105   6025
16670   1294   6025
16672   1815   6026
16673   4693   6026
16683   6030   6031
16684   6025   6030
16685   3341   6030
16686   1288   6030
16687   6026   6031
16688   3084   6031
16689   1300   6031
16692   6033   6034
16694   2460   6033
16695   3134   6034
16697   3788   6033
16698   4503   6034
16699   6035   6036
16700   4456   6035
16701   6033   6035
16702   5590   6035
16703   4437   6036
16704   6034   6036
16705   5530   6036
16748   6050   6052
16750   2203   6050
16752   3503   6052
16753   3701   6050
16755    876   6052
16758   3651   6053
16759     48   6053
16772   6058   6059
16773   6053   6058
16774   5760   6058
16775   4548   6058
16777   5790   6059
16778   2795   6059
16787   6062   6064
16789    924   6062
16791   1810   6064
16792   3996   6062
16794   5224   6064
16795   6065   6066
16796   3929   6065
16797   6062   6065
16798   3894   6065
16799   2541   6066
16800   6064   6066
16801   1809   6066
16820   6073   6074
16822   5440   6073
16823   4612   6074
16825   2337   6073
16826   5771   6074
16827   6075   6076
16828    229   6075
16829   6073   6075
16830   5752   6075
16831   4691   6076
16832   6074   6076
16833   5751   6076
16834   6077   6078
16837   2584   6077
16838    722   6078
16840    285   6077
16841   5286   6078
16843   6080   6081
16844   4930   6080
16845   6078   6080
16846   3623   6080
16847   4999   6081
16848   6077   6081
16849   5980   6081
16850   6082   6083
16853   3399   6082
16854   1126   6083
16856   3888   6082
16857   1855   6083
16859   6085   6086
16860   5966   6085
16861   6083   6085
16862   3611   6085
16863   5963   6086
16864   6082   6086
16865   3950   6086
16898   6097   6098
16901   4082   6097
16902    736   6098
16904    127   6097
16905   5281   6098
16907   6100   6101
16908   5592   6100
16909   6098   6100
16910   4121   6100
16911   5536   6101
16912   6097   6101
16913   1037   6101
16915   6102   6104
16917   1656   6102
16919   3516   6104
16920   4308   6102
16922   4689   6104
16939   6110   6111
16940    776   6110
16941   6102   6110
16942   3098   6110
16943   2763   6111
16944   6104   6111
16945   1496   6111
16950   1769   6113
16953   4264   6113
16955   6115   6116
16956   4701   6115
16957   6113   6115
16958   5185   6115
16959   2670   6116
16961   3036   6116
16962   6117   6118
16963   6059   6117
16964   6113   6117
16965   4630   6117
16966   6053   6118
16967   6116   6118
16968   4789   6118
16974   3361   6121
16977   4701   6121
16978   6122   6123
16979    549   6122
16981    544   6122
16982   4264   6123
16983   6121   6123
16984   3464   6123
16986   6124   6126
16988    668   6124
16990    666   6126
16991   5965   6124
16993   1587   6126
16999   4483   6129
17002   3712   6129
17003   6130   6131
17004   5845   6130
17005   6124   6130
17006    678   6130
17007   5896   6131
17008   6126   6131
17009   3713   6131
17010   6132   6133
17011   6122   6132
17013    562   6132
17014   6121   6133
17015   6129   6133
17016   4893   6133
17035   6140   6141
17037   5298   6140
17038   4641   6141
17040   5339   6140
17041   5255   6141
17042   6142   6143
17043   5006   6142
17044   6140   6142
17045    549   6142
17046   5196   6143
17047   6141   6143
17048   3911   6143
17068   3956   6149
17071   4085   6149
17074   6152   6153
17075   4977   6152
17077   5422   6152
17078   4840   6153
17079   6149   6153
17084   3873   6154
17087   3922   6154
17090   6157   6158
17091   5394   6157
17092   6154   6157
17093   4853   6157
17094   5431   6158
17096   4764   6158
17102   1326   6161
17105   5727   6161
17119   3349   6166
17121   6161   6166
17133   6171   6172
17135   1380   6171
17136   4152   6172
17139   3876   6172
17140   6173   6174
17142   1380   6173
17143   6166   6173
17144   1309   6174
17145   4710   6174
17147   6175   6176
17148   5724   6175
17149   6171   6175
17150   1357   6175
17151   5717   6176
17152   6172   6176
17153   3933   6176
17157    478   6177
17160   4302   6177
17163   6180   6181
17164   6166   6180
17166    484   6180
17167   6174   6181
17168   6177   6181
17169    488   6181
17170   6182   6183
17171   1527   6182
17172   6177   6182
17173   4461   6182
17174   2587   6183
17175   6180   6183
17178   6184   6186
17180    484   6184
17182   5638   6186
17183   6183   6184
17185   5640   6186
17186   6187   6188
17187   4460   6187
17188   6184   6187
17189    483   6187
17190   4890   6188
17191   6186   6188
17192   2057   6188
17193   6189   6190
17196   1527   6189
17197   3378   6190
17199   1528   6189
17200   3058   6190
17202   6192   6193
17203   3235   6192
17204   6190   6192
17205   5048   6192
17206   3136   6193
17207   6189   6193
17208   4302   6193
17210   6194   6196
17212   6171   6194
17214   2812   6196
17215   5758   6194
17217   2401   6196
17218   6197   6198
17219   5781   6197
17220   6194   6197
17221   6173   6197
17222   5787   6198
17223   6196   6198
17224   6161   6198
17865   6399   6400
17868   3443   6399
17869    699   6400
17871    679   6399
17872   6129   6400
17874   6402   6403
17875   6132   6402
17876   6400   6402
17877    295   6402
17878    557   6403
17879   6399   6403
17880   4615   6403
17885   5151   6405
17888   4251   6405
17890   6407   6408
17891   3922   6407
17892   6405   6407
17893   6149   6407
17894   3873   6408
17896   6152   6408
17898   6409   6411
17900   4956   6409
17902   1904   6411
17903   2161   6409
17905   3721   6411
17906   6412   6413
17907   2941   6412
17908   6409   6412
17909   6158   6412
17910   3923   6413
17911   6411   6413
17912   6154   6413
18029   3432   6450
18032   4912   6450
18034   6452   6453
18035   5275   6452
18036   6450   6452
18037   6405   6452
18038   4154   6453
18040   6408   6453
18041   6454   6455
18042   5277   6454
18043   6450   6454
18044   4633   6454
18045   3691   6455
18046   6453   6455
18047   5421   6455
18081   6466   6468
18083   4976   6466
18085   4896   6468
18086   6153   6466
18088   1971   6468
18089   6469   6470
18090   3956   6469
18091   6466   6469
18092    347   6469
18093   1723   6470
18094   6468   6470
18095   1973   6470
18100   5106   6472
18103   3026   6472
18105   6474   6475
18106   1430   6474
18107   6472   6474
18108   5297   6474
18109   4250   6475
18111   5246   6475
18113   6476   6478
18115   4250   6476
18117   2203   6478
18118   4015   6476
18120   5071   6478
18121   6479   6480
18122   5662   6479
18123   6476   6479
18125   4895   6480
18126   6478   6480
18128   6481   6482
18132   5288   6482
18134   6479   6481
18135   4495   6482
18137   6484   6485
18138   6472   6484
18139   6482   6484
18140   3164   6484
18141   6475   6485
18142   6481   6485
18143   2540   6485
18145   6486   6488
18147   3777   6486
18149   3287   6488
18150   3894   6486
18152   4104   6488
18157   6052   6490
18158   6488   6490
18159   1973   6490
18160   6491   6492
18163   6050   6491
18164   3929   6492
18166   6490   6491
18167   6486   6492
18169   6494   6495
18170   4012   6494
18171   6492   6494
18172   6481   6494
18173   4896   6495
18174   6491   6495
18175   6480   6495
polygons 2381
1      5      6   5831  13840  13842
2     12   5831  12679  12681
3  12682  12684  12786  12789  12792
5  12678  12679  12682  13179  13840  13841
6   6829  11822  11825  13111  13114
7   6828   6829  13176  13841  13842
8  11825  12791  12792  13176  13179
9  11609  11827  13108  13114  13115
11  10496  10500  13112  13115
12      6   6828  10498  13108  13111  13112
13      5     12   7186  10496  10498  10501
14   7186   7188  12678  12681  12684
16   7188  10500  10501  11609  12788  12789
17   6931   6932  12867  12870  12873
18     50   6377  11714  11718  12871  12873
19     50   6932   6933  12601  12603
20  10415  12031  12032  13953  13955
21  11857  12028  12029  12867  12868  12871
22  11859  13949  13955  14998  15001  15004
23   6377   8569  12597  12600  12603
24   6931   6933  14653  14703  14704
26  12597  12601  13950  14653  15000  15001
27  11854  11857  14701  15003  15004
29  12868  12870  14698  14701  14704
30  16122  16123  16424  16440  16442
33     94     95  12909  12912
34  12912  15990  16114  16420  16421  16424
36    102  11651  12909  13256  15988  15990
37     95    102   7279  16216  16219  16222
38     94   7279  16421  16437  16439
40    115  12328  15461  16121  16123
41  12324  12328  16232  16233  16236
43  11651  12326  16219  16233  16235
44    115  16222  16236  16238  16436  16439  16442
47    126   6126   6131   6333   6335
48   6334   6335  10685  12226  12227
49   6131  10647  10649  10650  12662  12663
50   6333   6334   9204  10361  10363
52    148   9204   9206  10679  10682  10685
53    150   9206  10362  10363
54    148    150   7397  13117  13120  13123
55   7396   7397   8650  10681  10682
56    126  10361  10362  10649  13119  13120
58   6388   7396  10650  13122  13123
60   6388   8650  12657  12660  12663
63   7653   9561  13607  13610  13613
65    173   6948   7653  10665  10668
68  10665  11716  12029  13608  13610
69   8766  11857  12637  12639
72   9555   9557  11552  13611  13613
73    204   5185   7250   9557   9558
74   5185   8765   8766  12143  12868  12869
78  10668  11716  12145  12871  12872
79    210    173   9555   9558   9561
80    210    204   6948  12138  12143  12145
81  12028  12638  12639  13607  13608  13611
83    217    218   8005  11604  12034  12035
84    221    222    223  11601  11604
85   6751  10834  10835  11477  11480  11483
86    231   7487   7489  11479  11480
87    233    218    234  11482  11483
88    217    223    236    237    234
89    236    222    238    231    239
90    239    237  11477  11479  11482
91    241    242  11601  12035  12036
92   6674  12034  12036  12487  12493  12494
93    221    242    245    238   7489   7490
94    233   6751   8005  12494  13159  13160
95    251    245    241   6674   6676
96    251   7487   7490  10833  10834  10837
97   6676  10837  12493  13162  13163
98   7007   7013   8114   8609   8611
99    261   7008   8108   8111   8114
100    264    265   4788   8109   8111
101    268    269   4788   8606   8608
103    271    272    273   8605   8606   8609
104    265    274    261  10588  16169  16171
106    284   9510  16168  16171  16174
108    269    290    284    274    264
109    294    295    271   7013   8707   8709
110    272    295   9511   9514
111    290    268    273   9507   9510   9511
112   7007   7008   8709  10588  10589
114   8707  10589  16168  16169  16172
115    294   9507   9514  16172  16174
116  11899  12536  12537  15917  15941  15942
117  12539  12540  15266  15269  15272
118  11938  11940  15269  16700  16702
119  11509  11510  11577  16699  16700  16703
121  12349  12350  15072  16703  16705
122  12171  12175  15072  15271  15272
124  11577  11934  11940  15917  15920
125  11510  15920  15940  15941
126  11899  12175  12176  12348  12350
128  11509  12348  12349  15940  15942
133    346   7867  11899  14427  14429
134    346  14951  15720  15743  15744
135   7867  14951  15939  15942  15945
136  14426  14429  14432  15743  15745
138  12537  12538  14426  14427  14430
141  15720  15945  16011  16050  16051
144    379    380  16009  16053  16054
145    382  15744  15745  16049  16050  16053
146  11936  15917  16009  16014  16015
147    380    382  10025  14430  14432
148    379  10025  11936  12536  12538
150  11018  13885  13889  14277  14283  14284
152   8217   8221  14281  14284
153  14277  14280  14281  14552  14555  14558
154   8221  10797  11018  13825  13826
155   7406   9795  10799  14450  14452  14454
156   7402   9795  13762  13763
157   9880  13891  14280  14283
158  13762  13824  13826  13889  13892
160   7402   7406   9882  13885  13891  13892
161   9880   9882  14452  14554  14555
163   8217  10794  10797  14454  14557  14558
164  11243  11873  11876  12682  12683
165   6189  11237  11243  13631  13633
166  13843  13863  13865  13953  13954
168    440   6189   8567  11873  12599  12600
169   8567  10422  13145  13864  13865
172   8776  13634  13636  13863  13864
173    440  13145  13630  13633  13636
175   8774   8776  13839  13840  13843
176   6230   8341  10727  10728  10731
177  10622  10626  10727  10730  10733
178   9780   9781  10625  10731  10733
179    465    466   8756   8758   8761
180    467   8427   8758   9779   9780
181    466    472    473    474    475    467
183    474  10626  10628  13710  13712
184    484   7899   8340   8341   8761   8762
185    484    485    486    472    465
186    475   8427  10622  10625  10628
187    485   7899  13707  13709
188    473    486  13706  13707  13710
189   6230   8756   8762   9779   9781
192  15943  16011  16013  16046  16048
193    504  10455  11444  15061  15723  15725
194    505  11444  14570  14573
195    504    508    509    510    505
196    511    509  16042  16045  16048
197    510    511  14570  16013  16051  16052
198    508  10455  16043  16045
203  17068  17079  18086  18090  18091
204  13846  13849  17068  17885  17892  17893
205  12155  12159  18029  18043  18044
206  13853  17885  18029  18036  18037
207  12025  12159  12161  13846  13852  13853
208  13849  13852  18090  18092
209  13587  14722  18041  18044  18047
210  12025  13589  13590  18083  18091  18092
211  14721  17077  17896  18040  18046  18047
215  14725  17074  17077  18083  18086
218    563   6514  10329  14770  14785  14786
219    570  15063  15695  15723  15724
220  11090  11093  15060  15063  15066
221    570   6512  11090  14770  14773
222  14951  15065  15066  16825  16828  16829
224  14786  15791  16822  16829  16830
225    346  10738  15789  16828  16830
226    563  10738  10741  15742  15743  15746
227  10329  10741  15789  15791
229   6512   6514  15695  15746  15747
233    599    600  10511  11055  11056
234  11055  11057  13131  13801  13802
236    616    599   9758  13801  13803
237    620   9422   9426   9755   9758
238    620    600    616  13192  13194
239   9426   9427  13188  13191  13194
240   6272   8790  13052  13189  13191
241  10511  13046  13047  13188  13189  13192
243   9311  11056  11057  13047  13049
244   5200   6269   6272   9311  13128  13131
248   9424   9755  13128  13802  13803
253    654  12768  14547  14550
255   8900   8901  12768  12845  12847
256  14547  14561  14562  16448  16489  16490
258  12845  14550  14561  16166  16185  16186
260  11659  14181  16447  16486  16487
261    654   8895   8897   8900  16445  16447  16448
262   8897   8898  11654  11656  11659
263  14375  14562  16185  16187
264    685   8895   8898   8901
265    685  11656  12847  16163  16166
266  11654  14177  14181  16163  16186  16187
267    693   9250  10556  16217  16219
268  10552  10555  16217  16234  16235
269  12089  14783  14787  16820  16822  16823
271   5086  10555  11170  14787  14789
272   9245   9250  10328  15788  15791  15794
273  10328  11168  14783  14786  14789
274    693  11651  15784  15793  15794
275  12326  12327  15784  16823  16832  16833
277   5086  12089  12327  16233  16234
280   9245  10552  10556  11168  11170
283    726    727  11590  11591  11594
284    728  11594  17157  17172  17173
285    727    733    734    735    728
286    726    736    737    738    739    733
287    736  11591  17187  17189
289  11590  17170  17173  17183  17187  17188
290    752    753    738    754
291    755    758    752  17163  17166  17169
292    754    737    755  17180  17188  17189
293    735    762  17157  17168  17169
294  17166  17175  17180  17183
295    758    762    734    739    753
302   6968  12469  12770  16232  16234  16237
303   6965   6969  12466  12469  12472
304  11256  12472  14548  14551
305   7835   9576  11255  14545  14547  14548
306    654    786   7835  11013  12328  12330
307    786  12765  12768  16236  16237
309   9573   9576  11013  12091  12092
310    793   6969   6971   9573  11255  11256
311   5086   5087   6965   6968   6971
312    793   5087  12086  12089  12092
313    796    126    797  13926  13927  13930
314    800    796  10649  10652
315    800  13927  14709  14711
317  10697  10700  13118  13120
318  10652  13118  13119  14705  14706  14709
319  10693  10697  13015  14706  14708
320  10360  10362  10693  10699  10700
321  10364  10699  13014  13015  13018
322    797   8783  10360  10361  10364
323   8783  13018  13930  13932
324    821  11784  11786  14933  14936
325  11657  14933  16163  16241  16242
327  10164  14936  15375  16240  16242
328  10158  10160  12850  15372  15375
331    685   8043   8044  11048  11051
332  11048  11656  11657  11785  11786
334    847    848  11051  11784  11785
335    848   8038   8043  10160  10161
336    847    821  10158  10161  10164
337   8038   8044  12844  12847  12850
340    860  16981  17011  17874  17875  17878
341  14329  16979  16981  17037  17044  17045
342   8427  12093  12094  12097  12183  12184
343    467  12097  17874  17877  17880
344  12094  12096  14324  14326
345   8757   8758  17013  17875  17877
346   5820  12093  12096  17878  17880
348    882   8757   9779  17042  17045  17048
349    882  16979  17011  17013
351    860   5820  14323  14326  14329
353    887   6348  10498  10499
354    896   6347   6348  12355  12357
355    900    901    902   6842   6843
356    903   6842  11326  12355  12356
357    902    906      6    887    896    903
358   6827  12451  13111  13431  13432
359   6347  10499  12262  13112  13428  13429
363  11323  12260  12262  12356  12357
364   6843  11323  11326  12454  12456
365    900   6831  12450  12451  12454
366  12260  12450  12456  13426  13429  13432
368    906    901   6827   6828   6831
369  14224  14225  15649  15664  15665
370   6230   6233  12305  13996  14221  14222
371  13998  15649  15652  17042  17043  17046
375   6233   8762  14790  14791  14794
377    962  12828  12831  15663  15665
382  11958  13379  17043  17045
383  12305  12830  12831  14794  14796
384    882    962  11956  11958  14790  14793  14796
385   8756   8757  14791  14793
386  11956  13379  15652  15663  15664
389   9781  13993  13996  17046  17048
391   9208   9209  12504  12506
392    986   9209  10215  13785  13808  13810
393    994    986  12313  12505  12506
394    994   8469  13785  16526  16528
397   8469  11354  12313  12568  12570
398  11358  11488  13813  16529  16531
399  11352  11358  12567  12570  12573
400   1012   9208  10210  10215  10217
401  10217  11488  11489  12571  12573
403   1012  12504  12505  12567  12568  12571
404   8764   8766  11641  14699  14701
405   5180   6362   8460  14702  14704
406   5177   5180  12140  12869  12870
408   1029   1030   5177   6362   6363
409   1034   1035   1029  12140  12143
411   1036   1030   1035   9850  10103  10104
412   1034   1036   5185   5188
414   6363   8460  10098  10104  11642  11644
415   9848  10100  11638  11641  11644
416   5188   8764   8765   9846   9848   9850
419    504   1048  16081  16084  16087
420    505  11988  12699  12700  16082  16084
421   1057    509   8487   8490   8493
422    510   8493  12694  12697  12700
423   1057   1048    508  16988  17005  17006
424   1064   8488   8490  16986  16988  16990
425   8487   8488  11989  12696  12697
426   9125   9128  16990  17008  17009
427  16085  16087  17003  17006  17009
428   1064   9126   9128  11985  11988  11989
429   1075   9128  17002  17865  17871  17872
430   8231   8232  17868  17871
431   1075   1064   8232   8588   8589
432   8584   8588  11556  11989  11992
433   1089  11662  11664  12071  12073
435   7436   8586  11556  12071  12072
436   7393   9126  11665  16999  17002
437   1100   7393  11988  11991
438   1100   9963  11661  11662  11665
440   9963  11985  11991  11992  12072  12073
441   1089   7436   8236  17865  17868  17869
442  11661  11664  16999  17869  17872
445   9593   9595  11883  11885
446   7188   8726   9593   9594  12936  12937
447  11883  12931  12936  14267  14269
448  11468  11471  12934  14263  14266  14269
449   8726   9150  12787  12789
451  10929  11468  11474  11475  11609  11612
453   8683   9150   9594   9595  10717  10931  10932
454  10927  10931  11475  14264  14266
455  10501  10502  12931  12934  12937
456  10500  10502  11471  11474
458   6375   8567   8569  16837  16840
459   6192   6194  16481  16483
460   6188   6189   6192  14286  14289  14292
461   6188   6194  11871  11873  11875
462   1149  11875  12602  12603  16477  16480  16483
463  14290  14292  16477  16478  16481
464   5451  16478  16480  16834  16837  16838
465    440  14289  16834  16840  16841
466  14286  14290  16838  16841
467   1149   5451   6375   6377
470   1163  12932  13835  14268  14269
471   7517   7522   7523  11471  11726  11727
472  11723  14266  16399  16402
475   1176   1177  13835  16398  16401
476   1176   6754   7522  10092  10093
477   7523  10095  10096  12932  12934
478   6754  11721  11727  16395  16401  16402
480   1163   1177  10091  10092  10095
482  13632  13633  14262  14288  14289
483  14256  14262  18032  18042  18043
489   1210  13913  14291  14292
490   1212  12157  13913  14258  18042  18044
493   6188   8143   8146  11240  11243
494  11241  13631  13632  18029  18032
495   1212   1210   6192   8144   8146
496  11237  11240  11241  12159  12160
497   8143   8144  12155  12157  12160
498   1057   1225  13909  16036  16044  16045
500  13549  13905  16271  16367  16368
501   1048   8082   8083  10455  10458
502   8081   8082  16091  17004  17006
503   1242   1243   8081   8083
505   1243   7092  16091  16365  16368  16371
506  13903  13909  16271  16471  16473
507   1242   7092  10458  13549  16039  16043  16044
510   1225  16470  16473  16988  16991
511   5831   6386   7276   8774   8775
513  11241  12680  12681  13853  14349  14350
514     12   6386  10865  14350  14351
517   7276  10865  10908  14216  14253  14254
518  10908  14349  14351  17885  17888
520   7083  11000  11002  15766  15768
521   1277   8516  11002  11127  11128
522   1280   8521  12050  12053
523   8515   8516  11353  12050  12569  12570
524  12053  12310  12314  12568  12569
525   1280   1291  12256  12314  12316
526  12310  12313  12316  15769  15771
528  11130  11131  12256  15765  15766  15769
529   1291   8515   8521  11125  11128  11131
530   8467   8469  15765  15768  15771
532   1277   7083   8467  11353  11354
535   8814   8815  10090  15666  15668
536   7859   8815  10711  10714  14170  14172
537   7859  13377  15654  15666  15667
538   8347   9413  12511  12513
539   9413  10929  10930  14169  14170  14173
540   8342   8344   8347  14173  14175
541   8342  10088  12512  12513  15651  15667  15668
542  12438  13374  15651  15654
543   6955   8344  10088  10090
544   6955   8814  14169  14172  14175
546  10714  10932  12204  13374  13377
547    563   9285  10400  11571  11572
549   9350  10400  10403  15746  15748
550   1336   1337  15742  15745  15748
551   1337   5465   5950   9349   9350
554   5950   9341  10114  14204  14294  14296
555  10736  10738  14297  14428  14429
556  10112  10742  14293  14294  14297
557   9285  10117  10736  10741  10742
558   1336   5465  14204  14431  14432
559   1349   1350   1351   1352   1353
560   1354   1355   1356    901   1357   1349
561   1353   1354  10083  11559  11560
562   1361   1362    900   1356   1363
563   1364   1365   1366   1367   1361
564   1363   1355   1364  10083  12074  12075
566   1352   8587  11555  11556  11559
568   1351   1376   1377   7433   8586   8587
569   1366   1381   6845   6846   7433   7436
570   1350   1357    902   1382   1376
571   1362   1367   6841   6843   6846
572   1381   1365  12070  12071  12074
573   1377   1382   6841   6842   6845
574   6754   6755  14273  16902  16905
575    210  10348  16901  16904
576   1397   7869   7870  14271  14273
577   9556   9558  14271  16898  16904  16905
578   1176  12282  12283  16898  16901  16902
580   1405   7872   7873  10093  10094
581   1411  10092  10094  12281  12283
583    173   1413  10348  12281  12282
584   6755   7522   7868   7869   7872
585   1413   1415   1405   1411   9559   9561
586   1415   1416   7868   7870   7873
587   1416   1397   9555   9556   9559
589   1421  11722  16402  16405  16406
590   9414  10930  11475  11722  11723
591   1421   9414  12511  15147  15148  15151
592   8682  10931  12201  12204  12207
593   8682  10410  14264  16399  16406  16407
595  10410  12207  12947  12953  12954
596  12954  15148  15150  16405  16407
598   1436   6755  10446  11725  11727
599   1441  11113  11114  16404  16405  16408
600   1421   1441   8823  10476  10478
601  11113  15276  16908  16910
602   8823   8826  11114  14146  15274  15276
604  10476  10477  11721  11722  11725
605   1459   1436  14146  14272  14273
606   1459   8826  10446  10477  10478
608  16401  16408  16409  16902  16909  16910
610   1463   6302   9270   9272   9313   9314
611   1470   9270  10099  11643  11644
612   5207   9309   9311   9314
613   5200   5206   5207   6296   6302   6303
614   1475   1476   6303  11640  11641
615   1475   5206   6272  10574  10576
617   1483   6276  13128  14091  14092
618   1487   1483  10099  10100  10577  10579
619   1463   1470   1487  14090  14092
620   9309   9313  13131  14090  14091
621   1476   9848  10573  10574  10577
622   6269   6276  10573  10576  10579
623   8594  10064  16789  16792
624   1497   1498   1499   8592   8594
625   9092  10060  12206  12950  12953
627   1498   9726  10414  18145  18150  18152
628  10408  10410  16755  18152  18157  18158
629   1499   9726  16789  16797  16798
630   9840  10057  10060  16792  16796  16797
631  16796  16798  18150  18164  18167
633  12206  12207  16748  16753  16755
634   1497  10408  10414  12951  12954
635   8592  10057  10064  12947  12950  12951
636   9092   9840  16753  18160  18163  18164
637   8246   8247  10395  14421  14424
638   8250  13924  13925  14283  14405  14406
639  10395  11972  11973  12729  12801  12802
640  13889  13921  13922  14421  15038  15040
642   1542  11972  14840  14843
643   1543  11018  14840  15039  15040
644   1542   1543  12729  14284  14402  14403
645   8245   8247   8250  12801  12803
647  12802  12803  14401  14402  14405
648   7657   8657   8659  10044  10045
649   7652   8659  10665  11421  11422
651   9767  12026  12030  13242  13608  13609
652   9767  10750  12209  12210
653  10750  10939  10940  12030  12032
654  10044  12209  12211  13239  13242
655   7652   7657  13239  13609  13610
659  10938  10939  11425  11719  11720
660   9960  10045  10938  10940  12210  12211
663   1584   1585   5914  11672  11674
664   5911   5914   7399   7466   7467   7470
665   1585   6390   7395   7396   7399
666   1591   1594   7446  10680  10682
667   1591   7395   7397   7467   7469
668   1594   1597   7466   7469   7472
671   1606   7443   8653  10680  10681
672   1584   6390   8650   8653  13980  13982
673  11668  11672  13035  13980  13981
674   1615   7470   7472  11671  13032  13035
676   1618   1606  13032  13981  13982
677   1618   1615   1597   7443   7446
679   1620  11778  11794  15513  15519  15520
680  10856  10859  15516  15519
681  11794  11797  11800  11801
682   1620  10760  10762  10857  10859
684  10860  12390  15513  15516  16588  16590
685   7758   7762  10856  10857  10860
686   7977  10763  12605  12607
687   7758   7763  10759  10760  10763
689  11797  15520  16584  16588  16589
690  11800  12608  16581  16584
692   7762   7763   7977  12390  12393
693  10759  10762  11778  11801  12604  12605  12608
696   1664   4785   5862   8109   8110
697   1671   1664   5224  11416  13182  13184
698   4785   4788   5221   5224
699   1671   1677   1678   5859   5862
700   1679   1680   1681   5859   8110   8111
701   1678   1679   7961  12877  12880
702    264   5221  10871  10873  11413  11416
703    265   1681  10873  11026  11027
704   1677  12877  13183  13184
708  11029  11030  11413  12880  13182  13183
709   1680   7961  11024  11027  11030
711  13208  14848  15974  15992  15993
712  13208  13209  14622  16192  16194
713   5336   5338   5340  16153  16156
715   1714  14619  16153  16193  16194
716  14848  14885  14887  16156  16192  16193
717  14888  16113  16119  16424  16426
718   1720  12907  12912  14619  14622
719   1720   1714   5338  16421  16423
720   5340   8141  14884  14885  14888
721   5862   9227  10855  11738  11739
723   8125   9224  10172  10175  10178  11738  11740
725   7638   8593   8594  10173  10175
726   1739   1499   4785   7638   8607   8608
727   8611   9230  10176  10178
728   1498   1739   1664  10853  10855
729   1741   1497  10853  11739  11740
730   1741   8125   8592   8593
731   1742   1748  11764  13661  13663
732   1752   1742   6211   6212
733   1748   6212  12854  13490  13491  13494
735  11758  11764  13491  14584  14589  14590
736  11969  13386  13387  14589  14692  14693
737  11758  13386  13581  13661  13662
738   8087   8093  11966  11969
739   8088  11966  13387  13578  13581
740   1752   1776   1777  13578  13662  13663
742   8093  13249  13251  14691  14692  14695
743   1777   8087   8088  13245  13248  13251
744   1776   6211  12854  13246  13248
747   1783   1784   1785   1786   1787
748   1788   1789   1792   1793   1783   8401   8403
749   1787   1794   1795   1796   1788
750   1794   1786   1797   1798   1799
751   1799   1795   7348  14213  14396  14397
752   8401   9153   9157  14249  14252  14255
753   1792   9157   9299  11035  11036
754   1796   1789  14394  14397  14400
755  12772  12775  12778  14213  14254  14255
756   1798   7348  10340  12773  12775
757   8403  14252  14399  14400
758   1793   1784  11031  11032  11035
759   1785   1797  10340  10890  11032  11033
760   1817    726   7656   8659   8662
761   1413   1820   7652   7653   7656
762   1824   9143  11363  11594  11595
763  11360  11361  12284  13292  13294
764   1817   1820  11591  11592  12280  12281  12284
765   1831   1833   9139   9140   9143
766    727   1824   1831   8662  11420  11422
767   1833   6780   6949  10668  11420  11421
768   6948   6949  10348  13295  13297
772   6780   9140   9141  13291  13292  13295
773   1845   1846   9893   9896   9899
774   1847   1848   9899  11427  11429
775   1846   1847   8831  16519  16550  16551
776   9436   9437   9440  16519  16522
777   1831   8921  16522  16549  16550
779   1868   9140   9142   9894   9896
780   1848   8831   9440   9441
781   8921   9143   9219   9437   9438
782   9139   9142   9219  11430  11432
783   9436   9438   9441  11426  11429  11432
784   1833   1845   1868  16549  16551
786   6227   6229  13655  14114  14115
787   6227   8260  12592  12595
788  12591  13216  13250  13251
789   1890  13421  14113  14115
790   1890   6229  12588  12595  13213  13215  13216
791   1894   8260   8262  13655  13658
792  13215  13247  13248  13417  13420  13421
794   8087   8089   8262  12588  12591  12592
795   1902   1903   1894   8088   8089
796   1777   1902  13420  13423
797   1903  13417  13423  13658  14113  14114
800   6062  12753  12755  15464  15495  15496
802   1919   6423  12749  12750  12753
803   6062   6069  12558  12957  12959
804   1927   6069  12749  12752  12755
805   1927  12957  15622  16261  16263
807   7564  13168  14343  14346
808  10821  14343  15462  15494  15496
809   1919  10825  15620  16204  16261  16262
810   6423  10819  10825  15462  15464
811  12959  13167  13168  16201  16262  16263
813   7564  10819  10821  16201  16204
814  12750  12752  15620  15622
815  12558  13167  14346  15494  15495
816   5091   5092   6545  14848  14851
817   1957   5097   6545  14553  14555
818  14552  14553  14851  14886  14887
819   5091   5097   6457  10605  10606
820   5092  10605  16191  16192  16195
823   8219  14558  14885  14886
824   8219  14281  14403  16151  16156  16158
825   1957   6457  14280  14406  14407
829   1980    150  10700  11662  11663  12498  12499
830   1984  12499  12503  12506  12509
831   1985   1986   9203   9208  10360  10363  10366
832   1989   1985  12503  12504  12507
834   1984   1980   9203   9206   9209
835   1991  10366  10699  11665  11666
836   1992   9963  12498  12507  12509
837   1100   1991   1986   1989   1992
838  13139  14260  14288  16841  16844  16845
840   2003   6555  12801  13916  14290  14291
841   2004   2006  13102  14256  14257  14260
842   2007   2010   2004  11972  11974
843   2006   2012   2007  13136  13139
844   6555   8832   8834  10392  10395
845   2003   8834  16838  16845  16846
846   2010  12729  13102  13103
847   2020   8832  13136  16844  16846
848   2020   2012  10392  11973  11974
852   9911   9912  15815  16758  16773  16774
853   9907   9912  16466  16863  16865
854  15815  15818  16466  16482  16483
855  11875  15818  16774  16775
857   6933   8923   8925  16758  16759
858  12601  12602  16759  16773  16775
859   6932   8795   8796   8924   8925
860   8792  16480  16860  16862
861   8923   8924   9907   9908   9911
862   1149     50   8791   8792   8795
865  13859  16513  16515  16694  16701  16702
866   5072  11275  13855  13856  13859
867  11286  11287  12692  16510  16512
868   4975   9377  11274  11275  11581  11582
869   2069   4971   4975  11286  11288
870   2069  11576  11582  11939  11940
871  10262  11287  11288  11938  11939
872  10262  15269  16509  16512  16515
873   5072   9377  16694  16697
878   2078   5911   5916  15630  15633  15634
879   2083   2084   2078  11343  11349  11350
880   2083   5916  11671  12759  12762
881   2092   2084   6212  12756  12759  12760
882  12760  12763  12852  12854
883  11343  11346  11347  13491  13493
884   2092   1748  11347  11350
885  11342  11673  11674  15633  15644  15645
887  11346  11349  15634  15641  15642
888  13490  13493  13496  15639  15642  15645
890   5541  12553  12556  12958  12959
891   9105  10249  10251  12553  12558  12559
893  11331  11332  12556  12559
894   8542  10323  10325  12957  12958
895   5541   8542  11332  14776  14779  14782
897   9105  11154  11331  14515  14778  14779
898   6069  10323  12216  12249  12250
899  10267  11289  11290  13392  13398  13399
900  13396  13399  16683  16686  16689
901  10264  10267  16670  16684  16686
902   2137   2141  12918  13090  13091
903   2137   6350   6351  11289  11291
904   2141   2145  10264  11290  11291
906  12354  12357  12919  13087  13088
908   2154  12354  12355  16673  16687  16689
909   6346   6347   6350  13085  13088  13091
910   2154    896  13392  13395  13396
911   6346   6348   6351  13395  13398
912   2145  12915  12918  12919  16667  16670  16673
913   9071   9073  11480  15883  15904  15906
914  11479  15532  15704  15900  15901  15904
916  15883  17140  17144  17219  17221
917   9072   9073  17144  17167  17169
918  15445  15707  17105  17121  17164  17166
919  15703  15901  17105  17222  17224
920    752   2179   2180   7488   7489
921    231   2180  15529  15532  15535
922   2179    755  15445  15534  15535
923    758   7487   7488   9071   9072
925   8494   8497  12822  12824  14757  14759
926   7920   8499  12821  12824  12827
927   7921   8496   8497  14053  16018  16020
929  14753  14759  15997  16019  16020
931   8970  14051  15995  16018  16019
932   2211  14754  15995  15997
933   2215   8973   8975  12825  12827
934   2216   8969   8975  14051  14053
935   2215   2216   7917   7920   7921
936   2219   2220  14753  14754  14757
937   2221   2211   2219   8969   8970   8973
938   2220   2221  12821  12822  12825
940   2222   2224   1606  11481  11483
941   2227   2222   7443  11300  11302
942   2224    233   2229   8653  12658  12660
943   2230   2231   2232  12228  12658  12659
944   2229    218   2234   2230
945   2227   2235   2236  11481  11482
946  11303  11305  12227  12228
947   2232   2238   2235  11299  11302  11305
948   2236   2238   2231   2234    234
949   6404   6405  10102  10103  17147  17150  17153
950   9850  15677  17151  17153
951   5870  15697  17148  17150
952   2251  13648  15092  15095  15096
953   2254   2255   6404  13644  13645  13648
954   1036  15092  15098  15099  15677  15700  15701
956   5870   6405   7544  13645  13647
957   1030   2261   2251   2255   2262
958   2262   2254  10102  10104
959   2261   1035  15095  15098
960   1441  15148  15386  16243  16245
964  11742  15388  16188  16243  16244
965  11111  11114  15386  15388
966   1741  12951  15150  16190  16244  16245
968  10414  10853  10854  11317  11318
969  11737  11740  16188  16190
970  10470  11317  16408  16410
971  15699  17148  17149  17210  17212  17214
972  17135  17142  17212  17220  17221
974   2215   5867   6164  15697  15699
976   2299   5867   5870   7920   7923
977   2301   7917   7923  17119  17142  17143
978   2301   2299  17135  17149  17150
979   7921  17102  17119  17121
980   2216   6164  17102  17214  17223  17224
982   8896   8897  10250  12246  12248
983  11659  11660  12247  12248  16097  16103  16104
984  11566  11568  13978  13997  13998
985   9585  11562  11568  11654  11657  11660
986   5659   7569  11050  13994  14220  14221
987   5659   7038  11154  16100  16103
989   7038   7569   7570  10250  10251
990  11562  11566  16101  16104
991   7570   8896   8898  11046  11048  11050
994  11974  13804  14094  14838  14843  14844
995   2333   2334   2007  13800  13801  13804
996  12712  14116  14118  14838  14840  14841
997   9313   9418  12712  13551  13553
998   9309  11054  11057  11060  13421  13552  13553
999   1890   2343   8193  11058  11060
1000   2345   2004   2334   8193   8195
1001   9418  14089  14090  14841  14844
1004   2333   8195  11054  11055  11058
1005   2010   2345   2343   1542  14112  14115  14118
1006   8924  11025  11027  12419  12421
1008   2358   9908   9910  10876  11025  11026
1009    274   2362  10873  10876
1010   9907   9910   9913  16075  16078
1011   2358   2362  16075  16170  16171
1013   8929   9911   9913  10591  10593
1014  10587  10588  10591  12422  12424
1015    261   1681  12418  12421  12424
1016   6862   6864   8950   8951
1017   8950  11711  14388  15537  15539
1018   6864  11711  18103  18135  18138  18139
1019   2384   2385   8752  10124  10125
1020   2389   8752  10900  18105  18106  18109
1021  15537  15538  18122  18128  18134  18135
1022   2389   2384   6868   8951  14388  14390
1024   2385  14390  15500  15538  15539
1025  10125  15500  18118  18122  18123
1027   6862   6868  18103  18106  18107
1029  14802  14803  15375  15389  15390
1030   2406   2407   2408   8039  12848  12850
1031   2411   6309   8039  10159  10160
1032   2220   2413   2414   6309  14232  14799  14800
1033   2221   8316  14226  14229  14232
1034   8314   8320  14228  14229  15389  15391
1035   2411   2414   2421   2406
1036   2422  12848  15372  15390  15391
1037   2422   2408   8320  12821  12823  12826
1038   8314   8316  12825  12826
1039   2407   2421   2413  12822  12823
1041  13258  15894  15895  15987  15988  15991
1042  11372  14338  15832  15895  15896
1043  15778  15832  15977  15991  15992
1044   7563  14338  14343  15772  15775  15778
1045  11367  11369  13258  15458  15459  15462
1046  11366  11367  15894  15896
1048   7563  10821  11366  11369  11372
1050   2445   2219  14230  14232
1051  10463  13507  13509  14226  14227  14230
1052   2455   8315  14227  14229
1053   2455   5568  10010  10461  10463  10466
1054   5564   5568   8315   8316   8973   8974
1056   5564   5570  10010  15861  15864  15867
1057   2463  15842  15865  15867
1058   2463   5570   8969   8971   8974
1059   2211   2445  13506  13507  13510
1060   8970   8971  13510  15838  15839  15842
1061   2470   1459   2471  10462  10463
1062   2471   8826  14029  14227  14228
1066  10462  12296  13509  14586  14693  14694
1067  12808  12809  14586  14589
1068   2488  13507  14692  14694
1070   2470  10446  12296  12809  12810
1071   2488  11969  14230  14798  14799
1073   7001   7798  11858  15002  15004
1074   4967  13176  13951  14999  15001
1075   2497   1355   7798   7801
1076   1356   2497   6831   7000   7001   7004
1077   1354   7801  11204  11858  11859
1078   1349  11204  13845  13954  13955
1079   4967   6827   6829   7004   7005
1080   1357    906  13839  13842  13845
1081   6439   7656   7657  14358  14580  14581
1082   2506    739   8214  10047  10048
1083    733   8214   8657   8662   8663
1085   6439   9552   9554  10043  10044  10047
1086    738   2506   9548   9549   9552
1087    737   9549  14359  14577  14578
1088   1817    736  14355  14358  14359
1089   9774  14881  15041  15043
1090   6990   6991   9774  13765  13827  13829
1091   5996   7404  13892  13920  13921
1093   2530   5994   7404  13761  13762  13765
1094   2533   2535   2536   5994   5996
1095   2537   2533   5577  13920  13922
1096   2536   2537   5987   6987   6988
1097   6986   6987   6990  14877  14878  14881
1099   5577   5987  14421  14878  14880
1101   2530   2535   6986   6988   6991
1105   9246   9283   9285   9287  10328  10329
1106   2555   5603   9246  11168  11430  11431
1108   5603   9894   9895  12287  12290  12293
1109   8645   9898  11427  14768  14770  14772
1110   6514   8638   8645  10400  12291  12293
1111   2555   9287  11575  12288  12290
1112   2563   5459   8238   8241   8244
1113   5460   8240   8241  17196  17199
1114   8243   8244  12769  16220  16237  16238
1116   6968  10554  10555  17197  17200
1117   2583  12467  12469  17193  17199  17200
1120   2563  10571  10572  16216  16217  16220
1121   2589  12467  12769  12770
1122   5459   5460  10566  10569  10572
1124  10568  10569  17193  17196  17197
1125   2589   2583   8238   8240   8243
1126    222  10956  10958  10968  11510  11511
1127    221   9020  10955  10958  10961
1128   7700  11604  16038  16041
1129    223   7698   7700  10965  10968
1130  10504  10965  11511  15939  15940  15943
1132   7698  10504  16041  16046  16047
1133   9019   9020  11601  16038  16047  16048
1135   9019  10961  16010  16013  16016
1137  10955  10956  15920  16014  16016
1140   2621   2622   7738  14083  14085
1142   2629   7738  11358  11495  11498
1143   8515   8520   8855  10256  10257
1144   8849   8855  14591  14593  14596
1145   8520  12050  13728  14596  14597
1146   8905  14076  14084  14085  14593  14594
1147  10253  10254  12646  14076  14079
1150   5249  11352  11353  11498  12644  12646
1151   2629   2622  12573  13723  13725
1152   2621  13722  13723  14591  14594  14597
1154   5249   8516  10252  10253  10256
1156   9959  10938  13065  13867  13868
1157   5083   8598   8602  13065  13068
1158   2661   8408   8602   8604  10048  10049
1160   5081  11533  13068  13866  13867
1161   8598   8604   8663   9959   9960
1162   2669   2661   5081   5083
1163   2669   8408  11532  11533  12213  12214
1164  10043  10049  12208  12211  12214
1166  10515  11337  12852  13218  13246  13247
1168  11059  11060  13215  13218
1170   2682   2683   5207   6211  12760  13048  13049
1172   2682   9314  13550  13553  13556
1174   1776   2683  13420  13555  13556
1175  10510  11337  12763  13047  13048
1177   2690   2691   2692  17871  17878  17879
1178   2692   1075  16990  16993
1179   7957   9130  16256  17007  17009
1180   2690    860   6495  16247  16249
1181   2691  16247  16255  16993  17007  17008
1183   8304   8306  16249  16255  16256
1185   7957   8304  16974  16983  16984
1190   6495   8306  16978  16981  16984
1192   9125   9130  16974  17002  17014  17015
1193   2726   8761  14706  14791  14792
1195  14708  14792  14793  17010  17013  17016
1196    465   2731   2726  10697  11663  11664
1197  11666  13015  16999  17015  17016
1201   2731    466  17869  17876  17877
1202   9483   9892  14374  14559  14562  14565
1203   9229   9890   9892  10177  10178
1204  10704  11741  14559  14563  16184  16185  16188
1205   9890  11434  11435  14563  14565
1206  11437  11438  11737  11738  11741
1207   8125  14182  16184  16187  16190
1208  10174  10175  14182  14374  14375
1212   2758   6793  15127  15736  15738
1213  13053  13054  15729  15737  15738
1215   2770  12718  13059  15729  15732
1216   2775   1594  13053  13056  13059
1217   1597   2776   2758  13054  13056
1219   5291   5293   6790   6791  12716  12718
1220  12716  15125  15732  15736  15737
1221   2776   6788   6790   6793   7471   7472
1222   2775   2770   5293   7468   7469
1223   6788   6791  15125  15127
1226   8600  13065  13147  13356  13358
1228  13142  13145  13356  16840  16847  16848
1231  13358  16524  16847  16849
1232   8600   9959  11425  16524  16552  16553
1233  16553  16554  16837  16848  16849
1234   6375  11718  11719  16552  16554
1235    994  13058  15729  15770  15771
1236  13053  13055  13058  13785  13787
1237   4895  10276  15735  15738  15741
1238   4889   4895   4896   7667  13054  13055
1239   4889   7509   7510  10276  10278
1240   7258   7510   8323  16503  16506
1241   7257   7258  10278  15741  15767  15768
1242   7667   8324  13787  16503  16527  16528
1246   4896   7509   8323   8324
1249   2836  10458  15061  15063
1250   2837   4696  10504  15064  15066
1251   2840   2837   7147   7698   7699
1252   7141   7146   7147  16917  16941  16942
1253   2836   1242  11090  16920  16940  16941
1254   2840   4696  11093  16917  16920
1257   7091   7092  16940  16942
1258   7091   7146  13547  13549
1259   2853   9895   9896  10878  11028  11029
1260   7960   7966  11028  11030
1261   8934  12290  13185  13292  13293
1262   1868   2853   6780   7965   7966
1263  10878  11413  12292  12293
1265   5603   8934   9141   9142
1267   2867   2868   8003   8010  12491  12494
1268   8010  12191  13904  16271  16274
1269   2868   2871  12188  12191
1270   2877   2878   6674  15567  15569
1271   5789  15566  15567  15570  16456  16459
1272   2878   2883  16456  16472  16473
1273   5788  12487  12491  15570  15572
1275   2888   2871   2867   5788   5789
1276   2888  12188  16274  16459  16471  16472
1278   2877   2883  12036  13907  13909
1281  16203  16206  16695  16698
1282  15758  15759  15762  16264  16266
1283  14466  15594  16206  16264  16265
1284  14466  15529  15530  15533  16692  16697  16698
1285  15530  15594  15704  15759  15760
1286   5070   5072  10108  14962  15122  15123
1287   7213  10108  11451  16203  16265  16266
1288   9377  14962  15448  15533  15534
1289   5070   7213  16692  16694  16695
1293  11451  15123  15686  15762  15763
1294   2924   2925   5206  12759  13051  13052
1295   2682   2926   6299   6302
1296   2930   2924   6300   6303
1297   2930   2931   2932   2084   2925
1298   2932   2933   2934   1742   2092
1299   2935   2926   2683   1752   2934
1300   2933   2931   2935   6296   6299   6300
1302   5087   8474  12344  14775  14787  14788
1303   9441   9442  12344  12346  14967  14969
1304  11429  12346  14772  14775
1305   6971   8474  14966  14967  14970
1306   9218  10554  11170  11431  11432
1311   9218   9438  13514  17197  17204  17205
1312   6965  14970  14972  17200  17203  17204
1313  13517  13519  14966  14969  14972
1314  13513  13519  17203  17205
1318   2967   8689  11191  12284  12286
1319   2972   2977   7720   7723
1320   2978   2972  12286  13187  13293  13294
1321   2977   2980   2981   2967   2978
1324   9396  11191  11361  11362
1325   9287   9990   9991   9994
1326   2980   7720   9991   9993  11573  11575
1330   7723  11573  12288  13185  13187
1331   2555   8934   9994   9996  11360  11362
1332   2981   8689   9396   9990   9993   9996
1333  11823  12146  12149  12150  12790  12791
1334   3000   7878  12150  12153
1335   3000  11822  11823  13664  13666
1336   4993   6109   7858   7859  12149  12152
1337   7858   9152  10714  10717
1338   4993   8812   8815   8818
1339   7878   8812   8816  13666  14171  14172
1340  11612  11827  13664  14170  14171
1341   9422   9428  12414  17144  17145
1343   3019   6276   9424  12412  12414
1344   3021  12412  17140  17142  17145
1345   3019   3021  10579  17133  17135  17136
1346   8790  10575  10576  15804  15807  15810
1347   9427   9428  15807  15881  15883
1350  15810  17133  17139  17212  17215
1352   3036  10885  12268  12621  12624
1353  12621  13324  13325  14902  14903
1354   3036  13324  13326  13857  13858
1355  10882  10885  13855  13858  13861
1356   7768  12269  12624  14901  14902
1357   7766   7768  16541  16544  16547
1358  13325  13326  16498  16510  16511
1359   7766  10170  10882  12268  12269
1362  14901  14903  16498  16542  16544
1363   4996   8817   8818  10221  13957  13959
1364   4996  12152  16950  16964  16965
1365   7307   7876   8816   8817
1366   7876   9914   9915  12153  12672  12673
1367   7307   9915  10221  11636  11637
1368   9920  12672  16961  16967  16968
1369  11634  13960  16955  16958  16961
1370  13956  13959  16950  16957  16958
1371   6742   8488   8489   8588   8590
1372   1352   3082  10521  10745  10750  10751
1373   3082   9767  11559  11692  11694
1374   9480  11681  12695  12697
1375   6742   9477  10523  10751  12212  12213
1376   9475  11681  11692  11693  12208  12209  12212
1380  11555  11693  11694  11992  12695  12696
1381   8584   8587   8590  10521  10523
1382   9933  10613  10614  13004  13006
1383  10614  10863  10867  14348  14351  14354
1385   9815   9819  10905  17888  17891  17892
1386   9818  10354  17071  17891  17893
1387   9929   9933  10357  17068  17071
1389   3117  10867  10869  12635  13004  13005
1390   3121  10863  10869  10905  10908
1391  10354  10357  12632  13005  13006
1392   3121   3117   9819   9821
1393   9815   9818   9821  12632  12635
1397   3128    269   5221   9348   9350
1398   3129   3130   7641   8606   8607
1399    268   3128   1337   3132   3129
1400   3132   3135   3136   3130   5465   5466
1401   1739   5224   9348   9349   9725   9726
1403   3135  16791  16800  16801
1404   3136   7638   7641  16787  16789  16791
1406   5466   5950   9725  16795  16798  16801
1409   2731   1089   1381   3146    472
1410   3146   1365    486   5296   7401   7467   7468
1411    485   7395   7401  13121  13123
1412   5293   5296  12074  12501  12502
1413   3154   2770  12496  12499  12502
1415   1591   2775   3154   1980    148
1418   2726    484  13117  13118  13121
1419   9625   9628  16672  16687  16688
1420   6862   7893  13700  16669  16684  16685
1421   6712  13699  13705  16667  16669  16672
1422   6712   9628  11851  12094  12095
1425  11851  13705  14324  18100  18107  18108
1426   6868   7893   7895  10306  10307
1428  10306  10308  14326  18106  18108
1429   7050   9625  10307  10308  12095  12096
1432  13699  13700  18100  18103
1433  16110  16111  16369  16371
1434  11947  12190  16365  16366  16369
1435  11947  13923  13925  16032  16110  16112
1436   5577   8246   8248  16943  16945
1437   9703  16029  16091  16111  16112
1438   8245   8248   9705  16029  16032
1439   2537   7096  16939  16942  16945
1440   2533   7091   7096  12193  16366  16368
1441  12190  12193  13919  13920  13923
1442   1243   9703   9705  16939  16940  16943
1443  15266  16515  16545  16556  16557
1444   6864  12174  12540  12541  13700  13701
1445  12530  13701  16669  16670
1446  10260  10262  10264  12530  12539  12541
1448   7893   8951  16538  16559  16560
1450  10260  10267  16495  16511  16512
1451   8950  12174  15272  16555  16556  16559
1452  16495  16538  16542  16543  16685  16686
1456   3229  10977  13100  14149  14271  14272
1458  10010  10976  10977  11000  11005  11007
1459  10466  11005  11126  11127  11206  11207
1460   2470   1436   7869   9825  11207  11208
1462   1397   3229  11007  11129  11130
1463   2471   2455  13097  14146  14149
1464   5568  10976  13097  13100
1467  10461  10462  11206  11208
1468   7870   9825  11125  11126  11129
1471   3252   1848   6013  12346  16922  16943  16944
1472   2836    570   3253   8080   8083   8086
1473   8080   8081   9703  16853  16856
1474   8086   8642   9898   9899  16850  16853  16854
1475   3252   1847  16854  16857
1476   3253   6512   8642   8645
1477   6013   9705  16850  16856  16857
1478   3264   9884   9885  12186  12188  12190
1479   2868   5999  14035  14133  14134
1480   2871   3264   3269  14128  14131  14134
1481   5993   7402   7404  14032  14035  14036
1482   5993   5996   5999  12186  12191  12193
1483   3272   7406  14036  14130  14131
1484   9879   9884  13891  13923  13924
1485   3272   3269   9879   9882   9885
1486  13023  15554  15555  18121  18122  18125
1487  12911  13209  15554  15556
1488  12911  13023  13283  14622  14725  14726
1490  10607  13585  14722  16195  16197
1493   5092   5093  13208  15500  15555  15556
1495  10123  13584  13585  18113  18118  18120
1496   5093  10123  10125  10605  10607
1497  13283  13589  18120  18125  18126
1500   7446  11300  11301  13055  13056
1501  10212  10685  11303  13809  13810
1502   9203   9204  10212  10215
1504   3154   1984    986  13058  13059
1506  11299  11301  13787  13808  13809
1507   3314   7314   7315  16799  16801
1508   9839  18142  18143  18164  18171  18172
1509   7315  14207  14296  18132  18139  18140
1510   3314   5466  14204  14207
1511  10114  18147  18167  18170  18171
1514  14294  18128  18132  18170  18172
1515   5317   9839  16795  16796  16799
1518   5096   6545   6765  14827  14830  14831
1519   1620   3272   3339  14452  14455
1520   3339   3269   8070  10761  10762
1521   3342   3343   3344   5096   5097
1522   3344   1957   9879   9880   9883
1523   3348   3342  14830  14833
1525   8071  10760  10761  14827  14833  14834
1527   3343   3348   8070   8071   9883   9885
1528  10857  10858  14831  14834
1529   6765  10858  10859  14455  14553  14554
1530   8193   8194  10580  10581  10584
1531   7290  10584  10585  17084  17902  17911  17912
1532   9051  13213  13218  17898  17900  17902
1533   7290   8194   9051  11058  11059
1534  10526  12884  17084  17092  17093
1535  13216  17096  17900  17908  17909
1536   2343   6229  10528  10581  10582
1539   3372   3373  12803  13913  13916
1540  13103  13104  14402  16155  16158
1541  16155  16196  16197  18045  18047
1544   3381   3382   6460  10606  10607
1545   3373   3383   6460  14405  14407
1547   3382   3385  12157  13585  13587
1548   3385   3381   3383   3372   1212
1550   9755  12413  12414  12894  13222  13223
1551   7221   7223  14089  14092  14095
1553   7218  12412  12413  17206  17208
1554   1483   3019   7217   7218   7221
1555   7549  13518  13519  13806  14094  14095
1557  12894  13515  17202  17205  17208
1558   7217   7223   7549  17202  17203  17206
1560   2141   3406   3407   3408   8853   8855
1561   3408   3409  11285  11288  11291
1562  10025  10026  14591  14592  14595
1563  12582  12584  14592  14593
1564    379   3416   3406  14595  14596
1565   2145   8849   8853  12530  12583  12584
1566  10026  12535  12538  12541  12582  12583
1567   3407   3416   3409  11934  11936  11939
1568   3419   3420  10354  11216  11218
1569  10526  13285  17075  17894  17896
1570   8135  11216  12843  13288  13289
1572  17084  17087  17890  17891  17894
1574   3419   9818  14637  17087  17091  17092
1575   3420   8135  10673  14637  14640
1576  10673  12884  12886  13284  13285  13288
1579   8853  10257  12918  12921
1580   8902   8905  12581  12584  12587
1581   6710   8907  12587  13704  13705
1582   8902   8907   9403   9406  10254  10255
1583  11517  12359  16672  16673
1584   6710   6712   9403  11517  11519
1586   9406  11519  12359  12919  12922
1589    239  14465  14471  15530  15532
1590   3461   2235   8324  14165  15595  15597
1594  11477  11481  15904  15905
1595   2227   3461   4896  15900  15902  15905
1596   7509  15760  15761  15901  15902
1598   2236    237  14165  14470  14471
1601   8323  15591  15595  15759  15761
1603   2629   5643   9260  11488  11490
1604   5643   7738  16484  16485  16488
1605  12249  12754  12755  16445  16450  16451
1607   9260  13012  13013  16451  16488  16489
1608  11490  13007  13013  13812  13813
1609  12752  13009  13812  16505  16530  16531
1610   1927  10323  16505  16508
1611  11495  12217  12250  16450  16485  16486
1614   3500  12983  13658  13964  13965
1615   3500   3501   1894   6312  10159  10161
1616   2411   5341   8260   8261  16423  16437  16438
1617   8140   8141  12980  13964  13966
1618   3516   8043   8140  16426  16440  16441
1620   6309   6312   8261   8262
1622   3516    848   3501  12980  12983
1624   5336   5341  13655  13965  13966
1625   8038   8039  16436  16438  16441
1627   9992   9993  18088  18093  18094
1628   9283   9991   9992  10117  12167  12170
1629  12170  13026  18085  18088
1631  10112  12167  13026  18169  18170  18173
1632  18085  18094  18095  18159  18166  18173  18174
1633   3534   7720  18149  18158  18159
1634   2980   3534  18093  18095
1636   4964   4967  11823  11825
1637  14653  14656  16759  16966  16968
1638  12149  16778  16963  16965
1639   4964  12150  12673  14656  14999  15000
1640  11871  11876  12790  12792  16772  16775  16778
1644   1353   3082  11204  12030  12031
1645  11560  11691  11694  14610  14809  14810
1646   7801  10083  12641  12642  14607  14610  14611
1647  11547  13611  13612  14611  14806  14807
1648  13536  13540  14804  14807  14810
1649  10580  10583  18038  18045  18046
1650  10530  10582  10583  16151  16153  16155
1651  13287  14619  14726  17075  17077
1652   1714  10524  10530  13285  13287
1653  10585  17894  18038  18040
1658   7867  12347  12348  16827  16828  16831
1659  11371  12175  12177  15893  15896  15899
1660  11162  14297  14298  15897  15899
1662  11367  12353  15787  16831  16833
1663  12176  12177  14298  14427  14428
1664  15787  15792  15793  15893  15894  15897
1665   3574    271   3575  10214  10217
1666   9259   9265  10214  11489  11490
1667   3130   3579  13573  13723  13724
1669   2622   3579   5643   7641   9488  10173  10174
1670   3574   8609   9265   9490  10176  10177
1671   3575    272  12571  13570  13724  13725
1672    273   3129  13570  13573
1673  13399  13870  13871  16495  16498
1677   3594  13329  13398  13873  13874
1679   4976  12692  13323  13326  13329
1680   3594   4976  11285  11286  11289
1682  10566  11359  11362  11365  11584  11585
1683  10569  11365  11595  17171  17173
1684   3605  10572  11216  11584  11586
1686   8691  11191  11592  13006  17186  17187  17190
1687   3611   3419  12632  15428  15430
1688   3420   3605   3611   5457   5459   5462
1689   5462  15428  17174  17178  17183  17185
1690   5457   5460  17170  17171  17174
1691   8691   9396  10357  11218  11585  11586
1693  11444  11445  16084  16173  16174
1694   3618   1989   3619   9514  14571  14574
1695   3619   1992  11991  12698  12699
1696  12698  12700  14568  14570  14571
1697   1986   3618    294   3622
1698   3622   1991   7393  16082  16172  16173
1701   2926   7306   7307   9860  13554  13556
1703   2934   3628  13660  13663  13666
1704   3628   2935   7306   7876   7878
1706   8812   8814   8817   9857   9860
1708   6955   6957   9857  13423  13554  13555
1709   1902   6957  13578  14174  14175
1711   7009   7823   8114   9229   9230
1712   3640   2251   5859   9227  11437  11439
1713   2262   6363  11624  11627  12198  12200
1714   7008   7009  11628  12198  12423  12424
1715   7823  11434  11624  11625  11628
1716   2255  11433  11439  11625  11627
1717   3649   1680   5177  12420  12421
1718   3649   1029   2261   3640   1679
1719  10950  14086  16787  16792  16794
1720  10060  11566  11567  14185  14191  14192
1721  11564  14086  14087  16104  16144  16146
1722   7602  14078  16144  16145
1723   5317   5324   7602  14185  14188  14189
1724   5324  14078  14087  16794  16799  16800
1725  14188  14191  16101  16145  16146
1727   9839   9840  14189  14192
1731   3673   3674   3675  16454  16459  16460
1732   3681   3673   5789   5794   5795
1733   3682   3683  16457  16460
1734   5386   6409   6410   6413   7110   7111
1735   3692   3693   5386   8074   8075
1736   5794   7107  15563  15570  15571
1737   3695   8074  15564  15567  15568
1738   3682   3675   6409   6412   6415
1739   3693   3699   3683   6413   6415
1740   3674   3681   3700   6410   6412
1741   3695   3699   3692  16454  16456  16457
1742   3700   5795   7105   7107   7110
1744   2003   3704  16478  16857  16860  16861
1745   1846   8794  16854  16861  16862
1747   5451   8792   8794  16548  16551  16554
1749   3252   3704   8828   8831   8834
1751   8828  16517  16519  16843  16846  16849
1754   5211   5214   7762  10767  10768
1755  10169  10483  10882  11387  11388
1756   3725   5214   9722  10483  10485
1757   7767   7977  12266  12269  12272
1758   7763   7766   7767  10768  10769
1759  12271  12272  12388  12393  12394
1760   3725  10169  10170  10767  10769
1763  10485  11382  11388  12391  12394
1766   5324   7314   8906  12585  12587
1769   3744   7315  12581  12582  12585
1770   3744   3745   3135   3314  14592  14594
1771   3745  14082  14085  16791  16794
1772   8902   8906  14074  14076  14078
1773   8689   8691   9933   9936
1775   3747  10095  10097  10612  10614
1776  14359  14362  17186  17189  17192
1777   3753   3747  13004  17190  17192
1778   3753  10091  10094  10097  14355  14361  14362
1779   1820   1411  14358  14361
1780   1163   3755   2967   9936  10612  10613
1781   3755   1177  12280  12283  12286
1783   6789   6791  11554  12640  12641
1784   5188   7250  15128  15674  15677
1785   9669  15124  15127  15674  17139  17151  17152
1786   3764   6788   6789   9669  10574  10575
1787   3764   1476   8764  12636  12637  12640
1788   9846  10577  17136  17152  17153
1789  11547  11552  11554  15124  15125  15128
1790   2406   7277   7281  16438  16439
1791   2421   7281   8133  10673  10676
1792   5338   5341   6227  10528  10530
1794   2414   8261  10676  12592  12885  12886
1795   7277   7279   8133  13288  13290
1798     94   1720  13284  13287  13290
1799   3775   3778  12259  12260  12263
1800   3781   3775  15932  15935  15938
1801   3778  11323  11521  11522  15936  15938
1803  11461  11462  15932  15933  15936
1804  12259  12262  12265  13086  13088
1806   3781   8387  11209  12263  12265
1807  11209  12108  12110  12922  13086  13087
1809   8387  12109  12110  15933  15935
1811   4975   4978  14362  14576  14577
1812   9550  11580  11582  14576  14578
1813   9307  11580  11581  15533  15535
1814   2179    754   9307   9549   9550
1816  15421  15445  15448  17178  17180  17182
1818  11275  14962  15421  15423
1819   4978  11274  15423  17182  17191  17192
1820   3817   6412  14833  14866  16535  16560  16561
1821   7758  10766  10768  14834  14862  14863
1823   3817   3674   8071   8072
1824   3700   3822   7767   7768  10763  10764
1825   3681   8072  10759  10761  10764
1826   3822   6410  16535  16543  16544
1827  10766  10769  16547  16557  16558
1830   1615   2776  15804  15805  15808
1831   2083   3828   3829   3830   2925
1833   3828   5298   5916   7470   7471
1834   6793   9669  15808  15810
1835   3836   3829   5298   6789   6790
1836  13032  13190  13191  15805  15807
1837   2924   3830   3836   3764   1475
1839  12762  13035  13051  13189  13190
1841   3383  16060  16212  16258  16259
1842   3842  16253  16256  16259  16466  16469
1843   3372   1210  16060  16469  16481  16482
1844   3381   9336  16212  16251  16252
1846   6490   8306  13987  15908  15910
1847   3385   8144   9335   9336  13987  13989
1848   3842   8304  15815  15909  15910
1849   6194   8146  13989  15818  15908  15909
1853  10706  12470  14551  14563  14564
1854   3862   3865  11751  11752  11755
1855   3866   3862   6668  12470  12472
1856   3865   3869   3866  11253  11256  11259
1857   6668  10706  11435  11625  11752  11753
1859   3876   3877   7823   9890  11257  11259
1860   3869   3876   9945  11755  11756
1862   3877   9945  11628  11629
1863  10275  10276  10279  17214  17217
1864   6164   8974   8975  10279  10281
1865   3881   5570  10275  10278  10281
1866   2463   3881   7510  15758  15761  15764
1867   8971  14051  15683  15763  15764
1868  14053  15683  15708  17102  17105
1871   6312   8089  11966  14798  14800
1872   1903   3500   3885   6957   8343   8344
1873   8346   8347  10164  13391  14801  14803
1874  13385  13391  13581  14173  14174
1875   3501    847   3890   3885
1876   3890    821   8342   8343   8346
1877  11474  11725  11726  12810  13115  13427  13428
1882  11205  11208  12265  12295  12296
1883   6346   7520   7523  10496  10499  10502
1884   6350   7517   7520   7872   7874
1885   7868   7874   9825  13089  13091
1886   3899   5997   5999   8007   8010
1888   3901   7143   8007  13547  13904  13905
1889   3905   2536   7096   7143   7146
1891   3906   5993   5994   5997
1892   3906   2535   3905   3901   3899
1893   5340   8217   8219  13963  13966  13969
1894  10795  10797  12982  13967  13969
1895  11979  14457  14557  14884  14886  14889
1897   7319   9926   9927  12978  12980  12982
1898   6173   7321   9927  11979  11981
1899   6173  10798  14454  14457
1900   8140   9926  11981  14888  14889
1901   3921   1351  10521  11534  11535
1902   1350   3921   3922  13843  13845
1904   3922  11530  11534  13862  13863  13866
1905   3924   6987   6989   8477   8478
1906   3928   3929   8477  16915  16917  16919
1907   3931   3932   3928   7144   7147
1908   3933   7141   7143   7144
1909   3905   3935   3931   3933   6988   6989
1910   5987   8478  16919  16944  16945
1911   3932   3935   3924   3929
1913   5659  10727  10732  14380  14381  14384
1914   7569  11984  14370  14381  14382
1915  11050  11053  11978  11981  11984
1918  11978  11979  14370  15526  15528
1919   6173   6176  13070  15522  15523  15526
1920   3955   6233   8341  13070  13072
1921  10728  13072  14384  15523  15525
1922   9927  11053  12308  14220  14222
1923   3955   6176   7321  12305  12308
1926  10731  10732  13994  13996
1928  16029  16061  16469  16856  16863  16864
1929   3842   7957   7958   9912   9913
1930   8085   9910  16853  16864  16865
1931   8080   8082   8085  16075  16086  16087
1933   7958   9130  16078  16085  16086
1934   3966   9795   9798  14036  14039
1935   3971   3966  10647  10652  10653
1936    800   3971   9798  13761  13763  13766
1937    796   6128   6131  13765  13766
1940   2530   3906   6128  12661  12662
1942   5997  12661  12663  14035  14038
1943  10650  10653  14032  14038  14039
1944   7415  12903  12905  15792  15794
1945   7415   8280   9250  11587  11589
1946   9245   9246   9994  11587  11588
1947  10742  11162  12167  12904  12905
1948   8280   8283  12170  12903  12904
1949   8283   9990   9992  11588  11589
1950    284   2362   3991   3253  15692  15695
1951   3991   8638   8642  10871  10876  10878
1952   3128    290  15692  15747  15748
1953   7323   7702  10795  13823  13825  13828
1954   3971   3995   3955  14709  14794  14795
1956  13453  13928  14711  14795  14796
1957   7702  12829  12831  13453  13456
1958  13456  13766  13827  13828  13927  13928
1959   3995   6176   9798  10798  10799
1960   7319   7323  12308  12829  12830
1961   1824    728   4002   8920   8921
1963   9218   9219  10568  11363  11365
1965   4002  12894  12897  17157  17160
1966  17160  17171  17172  17196  17207  17208
1968   8920   9437  12897  13514  13515
1969   2078   4013   1361   4014   3828
1970   7399   7401  13439  13707  13708
1971   4017   1367   4013  13710  15634  15637
1972    473   3146   1366   4017
1973   4014   1364   5291   5296   5298
1974   5914  13439  15633  15636
1975   7038   9105  14381  14383
1976  13165  13169  14346  15773  15775
1978  14367  14370  15773  16068  16071
1979  10249  10250  15495  16124  16126
1980   7570  11984  16068  16125  16126
1981  12559  13169  13170  14367  14382  14383
1983   4028  13856  13858  15413  15422  15423
1984   3036   4030   3117   4031   4028
1985   4030  10869  13323  13324  13327
1986   4033   3747  10867  13327  13329
1987   3753   4033   4971   4976   4978
1988   4031  12635  15413  15429  15430
1990   3775   7481  13493  14587  14590
1991  11347  11764  12452  13430  13432
1992   3778   7481  11346  12455  12456
1993  12263  12295  14584  14586  14587
1999  11564  11660  14181  14184
2000  12245  12248  16447  16450
2001  14082  14083  14086  14184  16485  16487
2002   4049  16457  16475  16986  16991  16993
2003   2692   4049   3699   8232   8234
2004   3692   5755   8234   8589   8590
2006   3695   2878   5755   6739   6742
2008   2883   1225   6739   8489   8490
2009   4060   6582  14625  14629  15998  16000
2010  15994  15997  16000  17094  17907  17909
2011   4060  13200  13249  13250  17900  17903
2015  13510  14631  15994  15995  15998
2016  13200  14629  14695  14697
2017   6582  17903  17907  17908
2018   2445   2488   8093  12591  14754  17094  17096
2021  15122  15421  15422  16021  16023
2022   4074  15428  15429  16017  16020  16023
2024   4074   5462   8495   8497
2025   8495   8496  17119  17164  17174  17175
2027   9919  12672  14656  14702  14703
2028   3628   2933   3000   4964   7005   7006
2029   6299   7306   9272   9915   9916
2030   6300   7003  11640  14699  15002  15003
2031   2931   7000   7003   7006
2033   4090   4091   7942  12750  13008  13009
2034   2232   4094   7939   7942
2035   4091  14168  15597  15620  15621
2036   4090   4094   2238  14165  14168
2037  15595  15621  15622  16501  16503  16505
2038   7939  11305  13008  13807  13809  13812
2039   3461   7667  11301  11302
2043  12780  12781  16698  16703  16704
2045  11458  12781  12782  16199  16204  16206
2046   6665  11371  11372  15072  15075
2047  12347  12349  12352  12780  12782
2048  10819  11369  11458  12352  12353
2049   6665   7214   7215   7563   7564
2050   7210   7214  16199  16201  16203
2051   7210   7215  15075  16695  16704  16705
2052   6772   9695   9701  13359  13361
2053   4112    599   2333   4113   6771   6772
2054   2012  13224  13804  13806
2055  13136  13220  13221  13224  13360  13361
2056   4119   6771  13139  13359  13360
2057   4119   4113   2334   2006
2058   9695   9699   9758  13221  13223
2059   4112    616   9699   9701
2060   7966   8795   8797  12142  12872  12873
2061  11419  11420  16548  16549  16552
2062   6949   7965  12142  12145
2063   2853   1845   8791   8794   8797
2064   6986   6989   6992   7940   7943
2065   3935   4126   7937   7942   7943
2066   6130   7937   7939   7940  12226  12228
2067   4126   3931   4129   2231   4094
2068   3933   3901   4130   2230   4129
2069   4130   3899  12657  12658  12661
2070   6126   6128   6130   6991   6992
2071  13598  13601  13602  15385  15388  15391
2072   8823  14029  15385  15386  15389
2074   8318   8320  13602  13646  13647
2076   8314   8315   8318  13093  13095  13097
2077  11111  13601  13649  15096  15275  15276
2078   6665  10770  14338  14862  14864
2079   7215   7216  10766  10767  10770
2080   5214   7214   7216  13165  13168  13171
2081  14831  14863  14864  15776  15778
2083  10856  10858  10861  15772  15773  15776
2084   5211  10860  10861  13169  13171
2085   4113   4147   8194   8195   8402   8403
2086   4149   1788   6772   6773
2087   4151   1793  10510  10511  10514
2088   1783   4149   4112    600   4151
2089   1789   4147   6771   6773
2090   4153   7290   8401   8402
2091   4153   1792   9051  10514  10515
2092  15524  15525  15959  16587  16588  16591
2093  10861  14367  15516  15527  15528
2094   9722  10314  10315  12556  13170  13171
2095   4160   8542  15844  15860  15865  15866
2097   4169  14826  15838  15841  15844
2098   8387  14820  14821  15799  15840  15841
2099   4160   4169   5541  10313  10315
2101  14821  14823  15935  15957  15958
2102  14777  14779  15933  15956  15957
2103  10313  10917  14820  14823  14826
2105   1585  11799  11800  11803  13436  13439
2106  11797  11807  11808  13436  13708  13709
2108  11794  11808  11809  14039  14129  14130
2109   7899  10653  11807  11809  13121  13122
2110   6388   6390  11803  14038  14132  14133
2113   9592   9595   9598  16748  16750  16752
2114  11884  11885  16752  18157  18159
2115   4197   9592   9593  12022  12025
2116   4197  11883  11884  18089  18092  18095
2117   9598  12022  13590  18117  18120
2118  13021  18125  18173  18175
2119  16750  18117  18126  18163  18174  18175
2121   2497   4201   3829   4014   1363
2122  12075  12501  14610  14613
2123  12502  12718  14607  14613  14614
2125   3836   4201   7798  12640  12642
2127  11554  12716  14611  14614
2129    242   9020   9021   9369   9371
2130   2180    238   9307  10957  10958
2131    245   9365   9368   9371
2132    753   2506   7488   7490   9366   9368
2133   9021  10791  10960  10961
2134   9365   9366   9369   9552  10791  10792
2136  10556  10571  11583  11584  11587
2138   9634  11317  11319  13181  13184  13187
2139   2972  11319  13838  16398  16409  16410
2140   2978   3755  13835  13838
2141  12877  13296  13297  16901  16912  16913
2143   1677   9634  10470  16907  16910  16913
2144   5795  10764  12274  12605  12606
2145   3822   7110  14900  14901  14904
2146   7105  10337  12773  14904  14905
2147  12266  12270  12624  12776  12777
2148  10888  12270  12272  12276  12606  12607
2150   7107  10337  10890  12274  12276
2152   1543   8221  13969  14117  14118
2154   2345  10581  10583  13102  13104
2158   7413  12899  12903  12907  12909  12911
2159     95   7413   8280  12840  13289  13290
2160   8283  12840  17078  18081  18086  18088
2161   4242   7349  12775  14905  14906
2162   4247   4248   4249   4250   7348   7349
2163  10337  10340  15560  15563
2166   4257   5383   7111  14904  14906
2167   4259   4249   5383   8075   8076
2168   4247   1798  15557  15560  15561
2169   4250   4259   4257   4242
2170   4248   8076  15561  15564
2171   4017    474   4263   6846   6847
2172   4266   6845   6847   9627   9630
2173   4263    475   9630  12097  12098
2174   8237   9627  12098  17868  17879  17880
2175   4266   7433   8236   8237
2176  10256  11126  11128  12921  13089  13090
2180   1277   5249  12111  15855  15858
2181  10253  10255  12107  12108  12111
2182  11002  11005  15855  15863  15864
2183  11205  11206  11209  15799  15802
2184   4278   4279  10098  10099  10102
2186   4278   5698   6404  10563  10564
2187   4279   1487   5698   7221   7222
2188   2301   3021   7218  10560  10561
2189   2299   6405  10559  10560  10563
2190   3348   3817   3675   4287   4288
2191   4288   3343  11183  11186
2192   3673   3264   2888   8070   8072
2193   9883   9884  11183  11946  11947
2194   4287  11186  11946  16369  16460  16474  16475
2197   2413  10676  14640  14757  14758
2198  10109  10313  10314  10484  10485
2199   4169  10105  10109  11451  11452
2200   3725   5076   7210   7213   7216
2204   5076  10105  10108  10483  10484
2205   4160  11452  12958  16260  16263  16266
2206   7923   8240   8498   8499  10560  10562
2208   5457   8241   8494   8495   8498
2211  10561  10562  17199  17206  17207
2212   4310   3929  12092  15823  15826
2213   4310   3924   7943   9573  10993  10995
2214   6423  11016  12091  15820  15826  15827
2215   4126   4090   3932  15820  15823  15824
2216  11013  11016  12339  12753  12754
2218   4091   1919  15824  15827
2220  10624  10732  10733  16100  16148  16149
2222  10730  14384  15931  15959  15960
2223  10626  11467  15931  15936  15937
2225  11462  11464  14777  14778  16147  16148
2228   2981   9929   9936  18089  18090  18093
2229  11741  11742  13601  13604
2230   4330  12765  12769  12844  12845  12848
2231   2589   4330   2422   6670  13602  13605
2232   6666   6670  12466  12467  12470
2235   6666  10704  10706  13598  13604  13605
2237  10984  15645  16583  16586
2238   3781  14587  14696  14697  14821  14822
2239  15639  15928  15960  16586  16591  16592
2240   7481  15642  15928  15937  15938
2241   5931  12990  12992  14629  14822  14823
2243   5929   5931  10984  13200  13495  13496
2245   3991   2358   8085   8086
2246   8796   8797  11024  11025  11028
2247   2222   1618  15805  15881  15905  15906
2249   2758   4895  15808  17210  17215  17217
2251  12899  12905  15554  15837  15897  15898
2253  18121  18134  18169  18172  18175
2256  11706  14293  14298  18132  18135
2258   8473   8478  14878  14967  14968
2259   3865   4351  14819  14881  14882
2260    793   4310   8473   8474   8477
2261   3866   6969  14819  14970  14971
2262   4351   3869   4352   4353   6990   6992
2263   4352  10996  11258  11259
2264   4353   7940  10992  10993  10996
2265    734   8214   8604  11097  11098
2267   4360   2661   4361  10837  10839
2268   4360   6720   8602  11096  11097
2269   6720   9075  10833  10836  10839
2270   9070   9071  10834  10836
2272    762   9070   9072   9075  11096  11098
2273    251   4361   8408   9367   9368
2275   9366   9367  10047  10049
2276   2407   7281   7283   8242   8244
2277   8238   8242   8498  12823  12824
2278   3605   2563   7283   8133   8135
2279   3611   4074  14637  14758  14759
2281   5755   8074   8076  10523  11535  11536
2282   4377   4378   4379   5383   5386
2283   4380   3693   4379   8231   8234   8237
2284   4378   4381   1377   4266   4380
2285   1376   4381   4377   4259   4382   3921
2286   4249   4382  11534  11536
2288   6448   8828   8832   9440   9442
2290   8473  12344  16919  16922
2291   6448  10392  14424  14880  14968  14969
2292   3704   6013   6555   8247   8248
2294    236  10968  12783  14469  14471
2295   4129   2234    217   7144   7699   7700
2296   3928   2840  15823  15850  15851
2297   2837  10965  12783  15845  15848  15851
2298  14168  14469  14470  15824  15847  15848
2299   1034    204  15098  16904  16911  16912
2300  14994  15129  15674  15701  15702
2301   3229   9556   9557  14997  15128  15129
2302  10977  12105  14994  14997
2304   4393   4394  13536  13539  13542
2305   4397   9559  13539  13612  13613
2306   6439   6442  13239  13541  13542
2307   4394   4399   6442  14579  14581
2308   4393   4397   1415   4401   4399
2309   4401   1405  14361  14579  14580
2310  12779  12782  15846  15848
2312  10825  11458  15827  15846  15847
2314   2621   3579   3136   3745
2315   9488  14374  16488  16490
2317   8593  10064  10950  14177  14182  14184
2320   6061   8343  10088  10089
2321   6058   9855   9857   9859  10089  10090
2322   3885   6058   6061  12978  12983  12985
2323   9859  12714  12985  13967  14116  14117
2324  11567  11568  12950  12998  12999
2325   9585  12999  14933  15152  15153
2327  14631  14825  15839  15841
2329   2690   5820  10305  10308  10311
2330  10309  10311  16246  16247  16250
2331   4421   8752   9334  16250  16252
2333   6490   6495   6496  14156  14328  14329
2334   2389   4421  10305  10306  10309
2335  10899  14156  18109  18111
2336   6496   9334   9335  10899  10900
2337  10563  10565  13605  13645  13646
2338   5867   7544   8318  12826  12827
2340   2583   6670  10559  10562  10565
2341   4330   2408   8242   8243
2343  10612  12931  12932  14353  14354
2344   4197  12936  13852  14352  14353
2345   3534   2977  11884  13838  14267  14268
2346   9153   9156   9819  17905  17910  17911
2347   4153   9157  17902  17905
2348   9156  10905  14253  14255
2349   8402  10584  14252  18034  18035  18038
2350   9815  17087  17910  17912
2351    735   4002  11095  11098  11101
2353  11099  11101  12897  13221  13222
2354    620   9075   9076   9699   9700
2355   9070   9073   9076   9426   9428
2357   5788   5794  12274  15396  15545  15546
2358   2867  14132  14134  15544  15546
2359   3339  11778  14129  14131
2362  11799  12608  15399  15544  15545
2363   1796   6773  13146  13355  13356  13359
2364  13142  13146  13636  14395  14397
2365   4147   4119  14260  14262  14398  14400
2368   3382   9334   9336  10123  10124
2369   3344   6457   6460  11183  16212  16215
2371   4452   2385   5091   5093   5096
2373   4453  11186  16215  16250  16251
2374   4421   2384   4452   3342   4288   4453
2375   3373   8250  16032  16060  16061
2376    241   2877   6739   9371   9477   9478
2378   4361   2669   4458   6676  15561  15568  15569
2381   4248   4458  11530  11533  11536
2382   9365   9367   9478  12212  12214
2383   1678   3640  15095  16911  16913
2385  11438  11439  13604  13648  13649
2386   1671   9634  10854  10855
2388  11099  11100  13355  13358  13361
2389   8920  11100  11101  16517  16522  16524
2390   2020   6448  13224  13517  13518
2391   8485  12044  14156  14459  14461
2394  15907  15910  15913  16982  16984
2395  11957  11958  16978  16979  16982
2397  11007  14997  15739  15766  15767
2398   4469  12256  13539  14805  14807
2399   1416   4397   4469  11129  11131
2401   4696  15851  16820  16825  16826
2402  12086  15826  15850  16823  16826
2403   6586  15413  15983  16022  16023
2404   4031   6581   6586   9821  17906  17907  17910
2405   6581  15983  15999  16000
2408   9413   9414  10476  13389  13391
2409  13114  13430  13431  13660  13661  13664
2411   8044   8899   8901  16441  16442
2412   8895   8896   8899  16120  16123  16126
2413   3516   9926  11046  11051  11053
2416   1799   4247   4458   5081   5082
2417   1795   5082  13068  13146  13147
2418   7273   7349  14213  14216
2420   3922   4382   4250   7273   8775   8776
2421   5935  15394  15399  15400  16579  16581  16583
2422  11031  11037  15397  15400
2423  11033  12276  15394  15396  15397
2424   9296  10892  11383  12270  12271
2426   5934  11383  12394  12990  12991
2427   5929   5934   5935   9296  11036  11037
2428   9623   9628   9630  11516  11517  11520
2429   6841   6847  11326  11520  11521
2430   4380   7052   9623   9625   9627
2431   4378   4496   7052  16688  16689
2434   4381   1382    903   2154   4496
2435   3574   6336   6337   7012   7013
2436   4503    797   6332   6333   6336
2437   4503   7012   8709   8782   8783
2438   3622   8707   8782  10364  10366
2439    295   3575   1012   1985   3618
2441   6332   6334   6337  10210  10212  10214
2442   3744  10026  14207  14430  14431
2444  11706  11711  12171  12174  12177
2445  12585  13704  18100  18138  18140
2447   4508  11032  15397  15548  15549
2448  12491  13160  13161  15543  15546  15549
2451   1797  13163  13164  15560  15571  15572
2452   4508   1785  13158  13161  13164
2456   3966   3995  11809  13070  13071
2460   8340  11807  13071  13072
2461  10956  10957  11576  11577  11580
2466    693    102   7413   7415
2467   7277   7283  16220  16222
2468   4028   6586  10885  11386  11387
2469   4524   9296   9299  17898  17903  17905
2470   4030   3121   9156  12621  12777  12778
2471   4524   6581   6582  11382  11383  11386
2474   4527   7323  12982  12985
2475   9415   9419   9862  12712  12714
2476   7704   9419   9777  13828  13829
2478   4527   7702   7704   9859   9862
2479   4533   1794   4360   5082   5083
2480   4149   1787   4533   6720   9700   9701
2481  14189  14460  14461  18111  18141  18143
2483   7602   8906   8907  10785  10786
2484   3682   4453   4287  10309  10310
2485   2691   3683   4049  10310  10311
2486  12997  12999  13978  15647  15649  15651
2487   9092  12046  14192  14459  14460
2488  12046  12201  12206  13374  13383  13384
2489   8485   8486  10899  18113  18115  18117
2490   8143   8728  13986  13989  13992
2491   8728   9597  12022  12160  12161
2492   8486   9597   9598  13990  13992
2493   5070   5076  10169  13859  13861
2494  10484  11386  11388  15983  15986
2495   9511  13568  13570  14574  14672  14673
2496   9510  11445  15692  15724  15725
2497   1336   3132    382  13568  13573  13574
2498  13574  14672  16053  16055
2499   6415   7053  10305  10307  10310
2500   4379   6413   7050   7052   7053
2501   3862   5695   7222   7223  14816  14819
2502   5695   6666   6668  10564  10565
2503   2930   3830   4201   7001   7003
2507   4548  12053  13727  13728  14672  14674
2508   4552   4548  11545  12314  12315
2510   4553   3619  11545  12507  12508
2511   4552   4553  14571  14673  14674
2515   4257   4377   4496  13396  13871  13872
2516   6409   7053   7895  16535  16538
2518  13870  13872  14900  14903  14906
2520   5695   5698  11752  11754
2521   4278   2254  11627  11753  11754
2524   9403  10784  10785  11463  11464
2525  10784  10786  16143  16145  16148
2528  15913  16777  16953  16963  16964
2530   6109  13819  15911  16777  16778
2531   4573   4993   4996  15662  15663  15666
2532   4573  11956  11957  16950  16953
2533   7858  13377  13383  13819  13822
2535  10325  15857  15860  16501  16506  16508
2536   3881   7258  15857  15866  15867
2537  11452  15762  15764  15842  15844
2538   8346  12513  14936  15151  15152
2539   3890   6061  11784  12832  14223  14225
2540    115    786   8899   8900
2541  14450  14455  14457  15519  15526  15527
2544   2224   6751  13979  13982  13985
2545  13979  13980  13983  15547  15549
2546   1584  11803  15543  15544  15547
2549  13159  13161  13983  13985
2550   4130   2229   8003   8005   8007
2551   2932   7004   7006  11350  12451  12452
2552   4013   1362  11349  12454  12455
2553   4584   6442   9554  10792  10793
2554   4584  11683  11696  13540  13542
2555   9481  10791  10793  11676  11681  11683
2556   9369   9475   9478   9481
2557   7083   7257  15853  15855  15857
2560  11340  11672  11673  15400  15547  15548
2561   4151   4508   1784  13192  13983  13984
2562  10514  11035  11037  11336  11337  11340
2564   3649   7960   7961  12138  12140  12142
2565   5180   6931   8925  12419  12420
2567  14095  14816  14844  14882  15041  15042
2568  11545  11680  11696  14808  14810
2569   4553  11676  11680  12694  12695  12698
2570  12496  12508  12509  14613  14808  14809
2571   4596   9270   9916  11635  11637
2572   8460   9919   9920  12199  12200
2573   1470   4596   4279  11751  11754  11757
2574  11631  11632  11635  11756  11757
2575  11629  11632  11634  12198  12199
2576    511   8493   9019   9021   9480   9481
2577  12315  12316  14804  14805  14808
2578   4527   6058  12828  12829  12832
2580   7835  12339  16448  16451
2583   6337   6338   9265  10996  10997
2584   4353   6130   6332   6335   6338
2585  10109  14825  14826  15986  15998  15999
2587   8486  12044  12046  16750  16753
2589  10770  15075  15271  16556  16558
2592   4596   1463   9415   9418   9421
2593   4351   9421   9774   9777  11755  11757
2594   4263  10628  11467  11520  11522
2595  10624  10625  10784  12182  12184
2596   8929  16758  16959  16966  16967
2598  16953  16956  16957  16977  16982  16983
2599  10591  12385  16955  16956  16959
2600   7958  10593  12385  16974  16977
2603  13712  15637  15641  15928  15931
2605  13436  15636  15644  16579  16584  16586
2606  12352  15845  15846  16826  16831  16832
2607  13256  13258  15784  15787
2608   8682   8683  16752  16755
2609   7723  11318  11319  18149  18152
2610   8721   9150   9152  13819  13991  13992
2611   8721   8726   8728  11240  12683  12684
2614  13019  13932  13961  16956  16958
2615   4573    962  13453  13958  13959
2617   4613   4503   9945  11632  13930  13960  13961
2618   4352   4613   3876   6336   6338
2619   9419   9421  10224  11635  11636
2620  15556  15830  15837  15991  15993
2621   4452  14390  14830  14866  14867
2623   6765  14851  15776  15974  15977
2624   9855   9860   9862  10221  10224
2626   7186  12937  14348  14350  14353
2627   3416   4616   4617  16006  16009
2628    380  13574  13727  14595  14597
2629   3406   4619   4616   8520   8521
2630   4620  14674  16006  16054  16055
2631   4620   4617   4619   1280   4548
2632    887      5   6386  13395  13874  13875
2633   3594   4033   6351   7520  10096  10097
2634  10863  10865  13327  13873  13875
2635   9076  10835  10836  13194  13984  13985
2636   4533   1786  10839  13162  13164
2637   4623   4552   4620  11680  11683
2638   4617   4624   4394   4584   4623
2639   1291   4469   4393   4624   4619
2640  12199  12422  12423  16959  16961
2641   4613   3877   7007   7009   7012
2644   9490   9892  10997  11257  11258
2645   3408   4626   4401   2137   7873   7874
2646   2069   4626   3409  14575  14576  14579
2649   4524   4060   5931   5934
2651   4626   4399   4624   4616   3407
2652   4242   7273   7276  13869  13872  13875
2653  14388  14867  16559  16561
2654   4623  10793  10960  16006  16015  16016
2656   5935  10984  11340  11342
2660  10745  10940  11532  13866  13868
2664  11093  14773  14785  16822  16825
2667  12044  13384  13822  13990  13991
2672  12201  12438  12953  12997  12998
2674   8108   8109   8605   8608   8611
2683  10461  13506  13509  15802  15839  15840
2684   8782  10587  10589  12385  13018  13019
2686   4889  15902  17217  17222  17223
2689   9341   9725  18147  18150
2694   7000   7005  14998  14999  15002
2695   4971  11274  12692  13856  13857
2697   8816   8818  12146  12152  12153
2704   8569  10415  10422  11718  11720
2708  13021  13283  18081  18083  18085
2709   6362  12200  12418  12420  12423
2710   7250   8765  11552  12637  12638
2712   5200  13046  13049  13052
2713   5211   9722  12388  12390  12391
2714   9348  10403  11416  12291  12292
2716   8791   8796   9908  16859  16862  16865
2717  12111  12646  14517  14780  14781
2718  11336  11342  12852  13494  13496
2719  16371  16474  16991  17004  17005
2720   6496   8485  13986  13987  13990
2722   5291   7466   7468   7471
2724  10524  10528  12595  12884  12885
2725   5317   7314  18137  18140  18143
2726  14861  14862  16555  16558  16561
2727   5336   8141  16420  16423  16426
2732   7105   7111   8075  15557  15563  15564
2733  11638  11642  14698  14699  14702
2737   7960   7965  12880  13295  13296
2740  13997  14191  17041  17046  17047
2743  11498  12216  12217  16508  16529  16530
2744  10315  10917  11332  15956  15958
2747   5564  10281  10976  12105  12106
2748   8245   8246  13919  13922  13925
2751   9893   9894  11426  11427  11430
2755   9259   9260   9483   9488   9490
2757  13993  13994  13997  16097  16100  16101
2761   7217   7222  10559  10561  10564
2763   8923   8929  12418  12419  12422
2765  14780  14782  15853  15858  15860
2767   8774  12679  12680  13630  13631  13634
2768  10587  10593  16078  16169  16170
2770   8108   8110   9224   9227   9230
2771   7544  13095  15696  15697  15700
2772  10275  12106  14994  15739  15741
2775   9406  11462  11463  12108  12109
2776   5911  11668  11671  11674
2777  12493  15566  15569  15572
2778   5929  12990  16583  16592  16593
2779   7549  14816  14971  14972
2780   9341   9349  10403  11570  11571
2782  12107  12110  15799  15858  15862  15863
2785  10089  12832  15662  15665  15668
2786   6062  10249  12245  12246  12249
2789  10112  10114  10117  11570  11572
2791   6109   9152  12786  12787  12790
2793   6126  12226  12657  12659  12662
2794   7704  10224  13456  13957  13958
2796  10711  10717  11612  12787  12788
2797  10279  12106  15696  15699  15702
2798   7319   7321  10794  10795  10798
2800  15064  15065  15943  15945
2802   6269   8790   9422   9424   9427
2804  14515  16103  16147  16149
2805   6296   9272  11638  11640  11643
2806  10158  10159  14797  14800  14803
2807   8340  10728  10730  13706  13709  13712
2809  11016  12330  15458  15461  15464
2811   9548   9554  14575  14578  14581
2812   9436   9442  13513  13514  13517
2813  10606  14401  14407  16158  16195  16196
2814  14328  14461  17037  17040
2816  10927  10930  12204  12438  12511  12512
2817   6490   9335  16246  16249  16252
2822   6710  10785  11851  12182  12183
2823   9695   9700  11095  11096  11099
2825   8487   8489   9475   9477   9480
2826  10833  10835  13158  13159  13162
2827  14398  14399  18032  18035  18036
2828  11934  11938  12535  12536  12539
2830  13095  13644  13647  15096  15099
2831   9914   9920  11631  11634  11637
2835  10422  12600  13949  13950  13953
2836  10251  11154  12246  12247
2838   7050   7895  16683  16685  16688
2839  14573  15719  15725  16050  16052
2841   7257   8467  16506  16526  16527
2845   7141   7699  13547  16034  16039  16041
2850   8775  13634  14216  14395  14396
2851   8598   8600  11095  11097  11100
2852  10170  13861  16513  16545  16547
2853   9125   9126  16081  16082  16085
2854   8231   8236   8584   8586   8589
2855  10679  10680  11299  11300  11303
2856  12393  12604  12607  16581  16589  16590
2857  10105  15123  15986  16021  16022
2858   7517  10091  10093  10096
2859  10252  10255  12915  12921  12922
2860   9415   9777  14841  15042  15043
2861  10786  12182  14188  17038  17041
2863   8849   8905  10252  10254  10257
2864  11352  11354  16525  16526  16529
2865   8605   8607  10172  10173  10176
2866   9153   9299  10892  12776  12778
2868  11569  11570  11573  18145  18147  18149
2870  11495  12644  14079  14083  14084
2871  11854  11858  12636  12639  12642
2872   8663  10043  10045  10048
2874   9224   9229  11433  11434  11437
2875   9576  10995  12339  13011  13012
2877   7917   8494   8496   8499
2879   7937  10993  13007  13008  13011
2880   9259  10992  10997  13011  13013
2881   8003  12034  13903  13904  13907
2882  10552  10554  10566  10568  10571
2887  18109  18115  18123  18134  18141  18142
2888  11583  11586  11589  12840  12843
2891   9780  12184  17038  17047  17048
2892   8683  11885  14263  14264  14267
2893  10477  12808  12810  13385  13386  13389
2894  10622  10624  11461  11464  11467
2895   9914   9916   9919  11642  11643
2896  10325  12216  14514  14781  14782
2901   8638   9893   9895   9898
2902  10679  10681  12227  12659  12660
2903   8657   9960  11419  11422  11425
2904   8721   9592   9594   9597
2907  10124  10900  18115  18118
2908  10478  13389  14029  14801  14802
2911   9139   9141  11359  11360  11363
2913  11253  11257  14548  14564  14565
2915  10510  10515  11054  11056  11059
2916  13104  14257  18041  18042  18045
2918  11331  14380  14383  15955  15956  15959
2921  11336  11668  11673  12756  12762  12763
2926   9283  11569  11572  11575
2927  10888  10892  11031  11033  11036
2928   9548   9550  10792  10955  10957  10960
2929  11576  11581  16697  16700  16701
2930  12105  13093  13100  15700  15702
2931   9996  11583  11585  11588
2932  11461  11463  11516  11519  11522
2933  10314  10917  12391  12991  12992
2934  11876  12599  13179  13950  13951
2935   9483  10172  10174  10177
2937   9507  11445  14568  14573  14574
2938  11366  11371  12347  12350  12353
2939   9585  11786  13978  14223  14224
2940  10992  10995  11253  11255  11258
2941  11978  14889  16068  16118  16119
2942   9623  12093  12095  12098
2943  10470  10854  11111  11113  11737  11739  11742
2944  10524  10526  10580  10582  10585
2945  10573  10575  17136  17139
2947  13220  13223  13800  13803  13806
2948  11691  11692  13242  13540  13541
2949  13823  13826  13829  15037  15040  15043
2950  10794  10799  13763  13824  13825
2951  11205  11207  13085  13086  13089
2952   9846  10098  10100  10103
2953   9855  12714  13550  13551  13554
2954  12070  12073  12496  12498  12501
2955   9929  10613  13849  14352  14354
2956  11624  11629  11751  11753  11756
2957  10466  15802  15862  15864
2960  10057  10950  11562  11564  11567
2961  11957  13378  13379  13822  15911  15913
2962  11555  11560  12070  12072  12075
2963  10751  11530  11532  11535
2966  10210  11489  13807  13810  13813
2967  11631  11636  13956  13957  13960
2968  11714  11720  12026  12029  12032
2970  10260  11285  11287  11290
2972  10888  10890  12772  12773  12776
2973  12280  12282  13291  13294  13297
2974  11218  12843  17071  17078  17079
2975  11973  14424  14843  15038  15039
2976  11569  11571  12287  12288  12291
2977  10408  11318  16404  16407  16410
2978  10415  10939  13862  13865  13868
2979  15060  15061  15064  16042  16043  16046
2981  10647  13117  13119  13122
2982  11419  11421  11714  11716  11719
2983  12886  14640  17091  17093
2984  10693  11661  11663  11666
2985  10704  11433  11435  11438
2986  10711  10927  10929  10932
2987  10736  11162  15788  15789  15792
2988  10745  12208  12210  12213
2990  12259  12295  12809  13427  13429
2991  11426  11431  14772  14788  14789
2992  10871  11024  11026  11029
2993  11382  11387  12266  12268  12271
2994  14249  14253  17888  18035  18037
2995  12992  15955  15958  16591  16593
2996  11509  11511  12779  12780  12783
2997  11000  11125  11127  11130
2998  12086  12091  12324  12327  12330
2999  11046  11785  14219  14220  14223
3000  12413  17145  17160  17167  17168
3002  14768  14773  14775  16915  16920  16922
3004  13378  13384  14459  17040  17043  17044
3005  12245  12247  12250  14511  14514  14515
3006  11946  16110  16215  16257  16258
3007  11359  11361  11590  11592  11595
3008  11854  11859  12026  12028  12031
3009  12107  12109  14776  14777  14780
3010  13014  13926  13932  14705  14708  14711
3011  11237  12678  12680  12683
3012  14614  14805  14806  15732  15769  15770
3014  11516  11521  12354  12356  12359
3015  11343  12450  12452  12455
3017  12287  12292  13181  13182  13185
3018  11468  11721  11723  11726
3019  12217  12644  14514  14517
3021  12310  12315  12503  12505  12508
3022  11547  12636  12638  12641
3023  12035  13907  16034  16036  16038
3024  11822  11827  12786  12788  12791
3025  12844  15372  16166  16240  16241
3026  12324  12326  13256  15459  15461
3027  11676  11691  11693  11696
3028  11706  15537  15834  15898  15899
3029  12779  12781  14465  14466  14469
3030  11758  12808  13426  13427  13430
3031  11799  11801  14128  14129  14132
3032  11808  13071  15520  15523  15524
3034  12466  12765  12770  14545  14550  14551
3035  12183  14323  14324  17035  17037  17038
3037  11871  12597  12599  12602
3038  12171  12176  12535  12537  12540
3040  12604  12606  15396  15399
3041  13385  13387  14797  14798  14801
3042  11985  12694  12696  12699
3044  12155  12161  13584  13587  13590
3045  12567  12569  13722  13725  13728
3047  13245  13246  13249  13494  13495
3048  12138  12867  12869  12872
3049  12146  12673  16962  16965  16968
3050  12899  12904  13021  13023  13026
3051  12186  16274  16366  16367
3053  12828  12830  14219  14222  14225
3054  12749  12754  13007  13009  13012
3056  13014  13019  16977  17014  17016
3057  12388  12991  16587  16590  16593
3058  13551  13552  14112  14113  14116
3059  12512  12997  15151  15153
3062  12487  13158  13160  13163
3063  14074  14079  14511  14517  16143  16144  16147
3064  12581  12583  13699  13701  13704
3066  12553  13165  13167  13170
3067  12588  12885  17090  17093  17096
3068  12772  12777  14900  14902  14905
3069  13005  15430  17185  17190  17191
3070  13855  13857  16509  16510  16513
3071  12802  13103  13916  14257  14258
3073  13323  13325  13869  13870  13873
3074  12756  13046  13048  13051
3075  13284  13289  17074  17075  17078
3077  13181  13183  13291  13293  13296
3078  13220  13222  13513  13515  13518
3079  12907  13209  15987  15990  15993
3080  12915  13085  13087  13090
3082  12947  12998  15147  15150  15153
3083  12978  13963  13964  13967
3084  13188  13190  13979  13981  13984
3085  13506  14625  14631  14691  14694  14697
3086  13142  13147  13862  13864  13867
3087  13630  13632  14394  14395  14398
3088  13093  14149  15099  15274  15275
3089  13108  13426  13428  13431
3090  13800  13802  14089  14091  14094
3091  13355  13360  16843  16844  16847
3092  15459  15988  16114  16121  16122
3093  13839  13841  13949  13951  13954
3094  13490  13495  14590  14695  14696
3095  13213  13245  13247  13250
3097  13536  13541  13607  13609  13612
3099  13584  13589  14721  14722  14725
3102  13903  13905  16036  16039
3104  13378  13383  15647  15652  15654
3105  13392  13869  13871  13874
3107  13417  13550  13552  13555
3108  13706  13708  15630  15636  15637
3109  13926  13928  13956  13958  13961
3115  13568  13722  13724  13727
3116  13660  13662  14169  14171  14174
3117  13598  13644  13646  13649
3118  13761  13823  13824  13827
3119  13963  13965  14112  14114  14117
3124  13807  13808  16525  16528  16531
3127  13986  13991  15907  15908  15911
3128  14263  14268  16395  16398  16399
3129  13846  14348  14349  14352
3131  13885  13919  13921  13924
3132  15683  15686  16017  16018  16021
3133  14256  14258  14286  14288  14291
3135  13993  13998  14219  14221  14224
3137  14226  14228  14797  14799  14802
3138  14032  14128  14130  14133
3141  14074  14082  14084  14087
3144  14272  15274  16905  16908  16909
3145  14323  14328  18105  18108  18111
3146  14465  14470  15591  15594  15597
3147  14177  14375  16484  16487  16490
3148  14185  14460  17035  17040  17041
3149  14293  14296  14426  14428  14431
3150  14249  14254  14394  14396  14399
3152  14277  14401  14403  14406
3154  14861  14864  14867  15539  15830  15832  15834
3155  15494  15775  16071  16124  16125
3156  14355  14575  14577  14580
3157  14380  14382  15522  15525  15528
3159  14877  14880  15037  15038  15041
3161  14450  14552  14554  14557
3164  14511  14776  14778  14781
3166  14545  14559  14561  14564
3167  14568  14673  16049  16052  16055
3168  14584  14691  14693  14696
3169  14705  14790  14792  14795
3170  14607  14804  14806  14809
3171  14721  14726  16191  16194  16197
3172  14625  14820  14822  14825
3173  14753  14758  17090  17091  17094
3174  14698  14703  14998  15000  15003
3180  14768  14783  14785  14788
3181  14877  14882  14966  14968  14971
3182  14827  14861  14863  14866
3183  14838  15037  15039  15042
3184  14884  14887  15974  16117  16119
3188  15147  15152  16239  16242  16245
3190  15060  15065  15719  15720  15723
3191  15122  15448  15686  15707  15708
3193  15124  15129  15735  15736  15739
3197  15266  15271  16699  16702  16705
3199  15092  15275  16907  16908  16911
3215  15385  15390  16239  16240  16243
3216  15394  15543  15545  15548
3217  15422  15429  17182  17185
3218  15458  15496  16120  16121  16124
3219  15529  15534  15703  15704  15707
3223  15538  15555  15834  15837
3224  15513  15522  15524  15527
3225  15557  15566  15568  15571
3226  15591  15621  16260  16261  16264
3230  15630  15639  15641  15644
3231  15647  15662  15664  15667
3232  15696  15701  17147  17148  17151
3233  15703  15708  15758  15760  15763
3234  15719  15724  15742  15744  15747
3235  15772  15977  16071  16117  16118
3236  15735  15737  15765  15767  15770
3237  15804  15881  17215  17219  17220
3238  15788  15793  16827  16830  16833
3239  15838  15840  15861  15862  15865
3240  15907  15909  16772  16774  16777
3241  15820  15845  15847  15850
3242  15830  15893  15895  15898
3243  15853  15861  15863  15866
3244  15900  15906  17218  17219  17222
3246  15939  15941  16010  16011  16014
3247  15932  15937  15955  15957  15960
3249  15987  15992  16113  16114  16117
3250  15994  15999  16017  16019  16022
3251  16010  16015  16049  16051  16054
3252  16061  16112  16257  16259
3253  16034  16042  16044  16047
3254  16113  16118  16120  16122  16125
3255  16081  16086  16168  16170  16173
3256  16111  16253  16257  17003  17004  17007
3257  16097  16143  16146  16149
3259  16151  16191  16193  16196
3260  16184  16186  16239  16241  16244
3261  16216  16232  16235  16238
3262  16199  16260  16262  16265
3263  16246  16251  16253  16255  16258
3265  16365  16367  16470  16471  16474
3273  16395  16404  16406  16409
3274  16420  16436  16437  16440
3276  16445  16484  16486  16489
3277  16454  16470  16472  16475
3278  16477  16482  16859  16860  16863
3279  16509  16511  16541  16542  16545
3280  16501  16525  16527  16530
3281  16517  16548  16550  16553
3282  16541  16543  16555  16557  16560
3284  16579  16587  16589  16592
3288  16667  16683  16684  16687
3291  16692  16699  16701  16704
3292  16772  16773  16962  16963  16966
3295  16748  18157  18163  18166
3297  16787  16795  16797  16800
3299  16820  16827  16829  16832
3300  16834  16843  16845  16848
3301  16850  16859  16861  16864
3304  16898  16907  16909  16912
3305  16915  16939  16941  16944
3307  16955  16957  16962  16964  16967
3308  16978  16983  17010  17011  17014
3309  16986  17003  17005  17008
3310  17010  17015  17872  17875  17876
3312  17035  17042  17044  17047
3313  17074  17079  17890  17893  17896
3314  17090  17092  17906  17909  17912
3315  17121  17143  17218  17221  17224
3316  17140  17143  17163  17164  17167
3318  17133  17147  17149  17152
3319  17163  17168  17170  17172  17175
3320  17178  17186  17188  17191
3321  17193  17202  17204  17207
3322  17210  17218  17220  17223
3361  17865  17874  17876  17879
3362  17890  17892  18034  18037  18040
3363  17898  17906  17908  17911
3371  18034  18036  18041  18043  18046
3374  18081  18089  18091  18094
3375  18105  18107  18137  18138  18141
3376  18113  18121  18123  18126
3377  18128  18137  18139  18142
3378  18145  18158  18160  18166  18167
3379  18160  18169  18171  18174
cells 343
0      1      2      3      5      6      7      8      9     11     12     13     14     16   3024
1     17     18     19     20     21     22     23     24     26     27     29   2704   2835   2968   3008   3174
2     30     33     34     36     37     38     40     41     43     44   3026   3092   3261   3274
3     47     48     49     50     52     53     54     55     56     58     60   2793   2902   2981
4     63     65     68     69     72     73     74     21     78     79     80     81   2710   3048
5     83     84     85     86     87     88     89     90     91     92     93     94     95     96     97   2826   3062
6     98     99    100    101    103    104    106    108    109    110    111    112    114    115   2674
7    116    117    118    119    121    122    124    125    126    128   2828   3038   3197
8    133    134    135    136    138    141    116    144    145    146    147    148   3246   3251
9    150    152    153    154    155    156    157    158    160    161    163   2950   3161
10      5    164    165    166    168    169    172    173    175   2767   2835   2934   3011   3093
11    176    177    178    179    180    181    183    184    185    186    187    188    189   2807
12    141    192    193    194    195    196    197    198   2800   2839   2979   3190
13    203    204    205    206    207    208    209    210    211    215   3044   3099   3313   3362   3371
14    218    219    220    221    222    224    225    226    227    134    229   2664   3190   3234
15    233    234    236    237    238    239    240    241    243    244    248   2712   2802
16    253    255    256    258    260    261    262    263    264    265    266   3147   3276
17    267    268     43    269    271    272    224    273    274    275    277    280   3238   3299
18    283    284    285    286    287    289    290    291    292    293    294    295   3319
19    302    303    304    305    306    253    307    309    277    310    311     41    312   2998   3034
20    313    314    315     56    317    318    319    320    321    322    323   3010
21    324    325    327    328    265    331    332    334    335    336    337   3025
22    340    341    342    343    344    345    180    346    348    349    351   2891   3035   3312
23    353    354    355    356    357    358     12    359    363    364    365    366    368   3089
24    369    370    371    189    375    348    377    382    383    384    385    386    389   3053   3135
25    391    392    393    394    397    398    399    400    401    403   2864   2966   3124
26     29    404    405    406    408    409     74    411    412    414    415    416   2733   2952
27    419    195    420    421    422    423    424    425    426    427    428   2853   3042   3309
28    429    430    431    432    428    433    435    436    437    438    440    441    442   2854
29    445    446    447    448    449    451    453    454    455    456     16   2796   2892   2986
30    458    459    460    168    461    462    463    464    465    466     23    467   3037
31    448    470    471    472    475    476    477    478    480   2858   3018   3128
32    482    483    489    490    165    493    460    494    495    205    496    497   3133
33    498    500    501    502    503    505    506    507    198    423    510   2719   3102   3265
34    494      2    511    513    514    206    517    518   2767   2827   2850   2994   3087   3150
35    520    521    522    523    524    525    526    528    529    397    530    532   2997
36    535    536    537    538    539    540    541    542    543    544    546   2816   2986
37    547    549    550    551    136    226    554    555    556    557    558   2780   2789   3149
38    559    560    561    562    563    564    566    568    569    570    435    355    571    572    573   2962
39    574    575    576    577    578    580    581     79    583    584    476    585    586    587
40    589    472    590    591    454    592    593    595    596   2672   2816   3059   3082
41    574    598    599    600    589    478    601    602    604    605    606    608   3144   3273
42    415    610    611    244    612    613    614    615    617    618    619    620    621    622   2805
43    623    624    625    627    628    629    630    631    633    634    635    636    595   3295   3378
44    637    638    639    640    642    643    644    150    645    647   2748   2975   3131   3152
45    648    649     68    651    652    653    654    655    659    660   2903   2968   2982
46    663    664    665    666    667    668     55    671    672    673    674    676    677   2776
47    679    680    681    682    684    685    686    687    689    690    692    693   2856
48    696    697    698    699    700    701    702    703    100    704    708    709   2992
49    711     34    712    713    715    716    717    718    719    720   2727   3079   3184   3249
50    721    723    624    725    726    727    728    729    730    696   2674   2770   2865
51    731    732    733    735    736    737    738    739    740    742    743    744   3047   3094   3168
52    747    748    749    750    751    752    753    754    755    756    757    758    759   2866   2927   2972   3150
53    649    760     65    761    583    762    763    764    765    766    767    768    283    772   2911   2973   3007
54    773    774    775    776    777    779    780    781    782    783    784    765   2751
55    786    787    788    789    790    791    792    743    794    795    796    797   3095
56    800    802    803    804    805    807    808    809    810    811    813    814    815
57    816    817    818    819    820    823    716    824    825    153   2813   3152   3259
58    829    830    320     53    831    832    391    834    835    836    438    837   2984
59    466    838    840    841    842    843    844    845    846    847    848    639   3071   3133
60    852    853    854    855    857    858     19    859    860    861    862    462   2716   3278
61    865    866    867    868    869    870    871    872    873    118   2695   2929   3070
62    878    879    880    881    882    883    733    884    885    887    888   2718   2776   2921   3230
63    803    890    891    893    894    895    897    898   2786   2836   2896   3005   3164
64    899    900    901    902    903    904    354    906    908    909    910    911    912   3080   3288
65    913    914    916    917    918    919     86    920    921    922    291    923   3219   3244   3315   3316
66    925    926    927    929    931    932    933    934    935    936    937    938   2877
67    671    940    941    942    943    944    945    946    947     87    948   2855   2902
68    949    950    951    411    952    953    954    956    957    958    959   2771   2830   3232
69    960    964    599    965    729    966    634    968    596    969    970   2943   2977
70    971    972    974    976    977    978    951    979    935    980   3315   3322
71    982    983    262    984    332    985    986    987    989    990    991   2757   2836   2939   2999   3135
72    994    995    234    996    997    998    999   1000   1001    620    642    842   1004   1005    789   3058   3090
73   1006    703   1008   1009   1010    104   1011   1013   1014   1015    861   2763   2768
74   1016   1017   1018   1019   1020   1021   1022   1024   1025   1027   2887   2907   3375   3377
75   1029    328   1030   1031   1032   1033   1034   1035   1036   1037    938   1038   1039   2806   3137
76   1041   1042   1043   1044    808   1045   1046   1048   3092   3155   3218   3235   3249   3254
77   1050   1051   1052   1053   1054   1056   1057   1058   1033    937   1059   1060   2683   2957   3239
78   1061   1051   1062   1066   1067   1068    606   1070    736   1071   2893   2908   3041   3137
79   1073     22   1074    560   1075   1076   1077   1078      7   1079   1080    368   2694   3093
80    648   1081   1082    760   1083   1085   1086   1087    286   1088   2811   2872   3156
81    640   1089    158   1090   1091   1093   1094   1095   1096   1097   1099   1101   2949   3118   3159
82    273   1105    547    218   1106   1108   1109   1110   1111   2751   2901   2926   2976   2991   3180
83   1112   1113   1114   1116   1117    302   1120   1121   1122    268   1124   1125   2882   3261
84   1126     84   1127   1128   1129   1130    125   1132   1133   1135    192   1137   3246
85   1140   1142   1143   1144   1145   1146   1147    523   1150   1151    399   1152   1154   2863   2870   3045
86    660   1156   1157   1158   1160   1161   1162   1163   1164   2660   2872   2988
87   1166   1168   1170    612    792    998    882    243   1172   1174    744   1175   2915   3107
88    429    340   1177   1178    426   1179   1180   1181   1183   1185   1190   1192   3308   3310   3361
89    319   1193   1195    179   1196    442   1197    385    345   1201   2984   3310
90   1202   1203    263   1204   1205   1206   1207   1208    723    969   2874   2935   2985
91   1212   1213   1215    668   1216   1217   1219   1220   1221   1222   1223   2722
92    169   1156    659   1226   1228   1231    458   1232   1233   1234   2704   2978   3086
93   1235    394   1236   1237   1213   1238   1239   1240   1241   1242   1246    530   2841   3236
94   1249   1250   1132   1251   1252    507   1253    220   1254   1257   1258   2845   2979   3253
95   1259   1260   1108   1261   1262    779    772   1263    708   1265   2737   3017   3077
96   1267   1268   1269   1270   1271   1272   1273   1275   1276   1278    506     92   2777   2881
97   1281   1282   1283   1284   1285   1286    873   1287   1288   1289   1293   3191   3219   3233
98   1294    613   1170   1295   1296   1297   1298    881   1299   1300    732   2712   3074
99    271   1302   1303   1304   1305   1306    783   1311    311   1312   1116   1313   1314   2812   2991
100   1318   1319   1320   1321    763   1261   1324   1325   1326   1330   1111   1331   1332
101   1333   1334   1335   1336   1337   1338    536   1339   1340   2697   2791   2796   3024
102   1341   1343   1344   1345   1346    622    916   1347    972   1350   2802   2945   3237
103   1352   1353   1354   1355   1356   1357   1358   1359   1362   2852   3070   3279
104   1363   1364   1365   1366   1367   1368   1369   1370   2697   2831   2967   3049   3307
105   1371    425    432   1372    566   1373   1374   1375    652   1376   1380   1381   2825   2988
106   1382   1383    204   1385   1386   1387   1389   1390   1391   1392    518   1393   2955   3129
107   1397    551   1398   1399    101   1400    629   1401   1403   1404    726   1406    698   3297
108    185   1409   1196   1410   1411    317     54   1412   1222   1413    667   1415    829    433    572   1418   2954
109   1419   1420   1421   1422   1425   1426   1428   1429    344   1432   1027   2838   3288
110   1433   1434   1435   1436   1437   1438   1439   1440    505   1095   1257   1441   1442   2748
111    117    872   1443   1444   1445   1446   1448   1450   1420    901   1451   1452   1016   3279   3282
112    576   1456    605   1458   1459   1460   1462   1463   1464   1053   1061   1467   1468   2997
113    221   1109   1442   1253   1471    503   1472   1473   1474   1475    774   1476   1304   1477   3002   3305
114   1478   1441   1269   1479   1480   1481   1091    160   1482   1483   1484   1485   3131   3138
115   1486   1487   1488    712   1490   1493    820   1495   1496   1025   1497   3099   3171   3376
116    666   1500   1216   1501   1236   1502   1504    392   1506    834   1415     52   2855
117   1507   1508   1509   1510   1511   1514   1515    554   1406    631   2689   2725   3377
118   1518    817   1519    682   1520   1521   1522   1523   1525   1527   1528    161   1485   1529
119   1530    999   1531   1532   1533   1534   1535   1536   1168    790   2724   2944   3067   3314   3363
120    490   1539   1540   1541    209    647   1490   1544   1545   1547   1548   2813   2916   3071
121   1550    248   1551   1314   1553   1554   1555   1557   1343   1558    617   2947   3078   3090
122   1560    904   1561   1562   1563   1564   1144   1565   1446   1566    871   1567    148   2828   2970
123   1568   1569   1570   1572   1534   1574   1386   1575   1576   2974   2983   3075   3313
124   1445   1421   1579   1565   1580    912   1581   1582   1583   1584   1586   2859   2863   3064
125   1589    914     90   1246   1285   1590    945   1594   1595   1596   1598   1601   3146
126   1603   1604   1605   1142    398   1607    804    898   1608   1609   1610   1611   2743   3054   3276
127   1614    791   1615   1616   1617   1618   1620   1031   1622    335   1624   1625   2727   3274
128   1627   1326   1628   1629   1631   1511   1632   1633   1634   2789   2868   2926   3378   3379
129      8   1636   1637   1638   1639   1333   1640   1074    858     26   2934   3037   3049   3292
130   1644    561   1077   1373   1645     81    651   1646   1647   1648   2871   2948   3008   3022   3097   3170
131   1649   1650   1541    715   1651   1652   1569   1653    211   2944   3171   3259
132   1658    225   1046    126   1659    133   1660   1662    555   1663   1664   2938   2987   3238
133   1665   1666   1667   1151   1398   1669    103    401   1670   1671   1603   1672   2755   2865   2935
134   1673   1358   1677   1450    867   1679    899   1680   2970   3073   3105
135   1682   1683   1324   1684   1122   1686   1687   1688   1568   1391   1689   1690    289   1691   3007   3069   3320
136   1693    194   1694    420    437   1695    837    115   1696   1697   1698   2937
137   1365   1701    544   1339    740   1703   1704   1174   1299   1706   1708   1709    796   3116
138    700   1711   1712   1713    408    957   1714   1715   1716   1717   1015   1718     99   2709   2770   2874
139   1515    630   1719   1720   1721   1722   1723   1724   1725    990   1727   2960   3297
140   1731   1732   1271   1733   1734   1735   1736   1737   1738   1739   1740   1741   1742   2732   3225
141    860   1744   1475   1745    775   1747    464    845   1749   1233   1751   3281   3300
142   1754   1755   1359   1756    692   1757   1758   1759   1760   1763   2713   2993
143   1766   1724   1580   1563   1146   1769   1770   1507   1771   1403   1772   3141
144   1773   1318    581   1382   1775    480   1776   1777   1778   1779    764   1088   1780    287   1781   1686
145   1783    416   1784   1785   1223   1786   1787    621   1788    950   1789   2710   2945   3022
146   1790   1791     38   1792   1652   1576   1616    787   1794   1035   1795    719   1798   2724
147   1799   1800   1801   1803    363   1804   1806   1807   1809   1586    906   2775   2932   3014
148   1811   1812    868   1813   1288   1087   1814    292    922   1816   1776   1818   1819   3320
149   1525   1820   1821   1740   1823   1824   1825   1826   1827   1758    687   1357   2726   3182   3282
150    240    674   1830   1221   1831    880   1294   1833   1834   1835   1836   1346    615   1837   1786   1839
151   1841   1842   1843   1548   1844   1183    854    459   1846   1847    495   1848   1849   2817   3263
152   1853   1205   1854   1855   1856   1857   1715   1859    304   1860   1862   2913   2956
153   1596   1863   1239   1864    980   1865   1866   1867   1058    934   1868    919   2686   3233
154   1871    739    795   1615   1872    540   1873   1709   1874    336   1875   1876   2806   3041
155   1877    598   1070     11    456    359   1882   1883    471   1460    584   1884   1885    909   1804   2951   2990
156    500   1268   1482   1886   1440   1888   1889   1258   1094   1891   1892   3051
157   1893    720    163    823   1894   1895   1617   1897   1898   1899   1900   2798   3083
158   1901   1372    559   1902   1078    166     20    653   1644   1904   2660   2963   2978
159   1905   1906   1889   1907   1908   1909   1096   1910   1911   1439   1252   3305
160   1913    986   1914   1915   1898   1918   1919   1920    176   1921   1922    370   1923   1926   3157
161   1928   1437   1929   1930   1473   1931   1010    853   1842   1179    502   1933    427   3252   3256
162   1934   1935   1936    314     49   1937    156   1093   1940   1942   1943   1481   1891
163   1105    227    272   1944   1945   1946   1325    557   1947   1948   1628   1949   2987
164    229   1950    549   1397    108    702   1009   1951   1476   1263   1952   1110   2714
165   1923   1953   1936    315   1954   1956    383   1957   1958   1959   1960   2798   2950   3118
166    781   1961    762   1963   1311   1557   1965   1683   1966    284   1124   1968   3321
167   1969    878   1833   1970    664   1410    188   1971   1972   1973   1974    563   2722   3108
168   1975   1914    989    891    815   1976   1978   1979   1980   1981   3066   3155
169   1983   1354   1679   1984   1777   1389   1985   1819   1986   1987   1988   2695   3069   3217
170   1067   1990   1991    735    883   1992   1993    366   1799   2990   3015   3030
171    983   1611    260   1721   1999   2000   2001   2804   2870   3005   3019   3063   3141   3257
172   1272   2002   1741   2003   2004   1371    424   1178    510   2006    431   2008   3277
173    788   1535    932   2009   2010   2011    742   2015   1068   2016   1059   2017   2018   3085
174    918    294   1868    979   2021   2022    927   1689   2024   2025   1816   3132   3191   3217
175   1639   1334   2027   1366   1704   2028   1300   2029   2030   2031   2694   2733   2805   2895   3174
176   2033   2034   2035   2036   1609   1242   2037   1506   2038    947   2039   1590    814   3124   3280
177   2043   1281   2045    121   2046   2047    813   2048   1048   2049   2050   2051   2938
178   2052   2053   2054    843   2055   2056   2057    995    236   2058   2059   2947
179   1747    467    862   2060     18   1262    767   2061    784   2062     78   1234   2063   2982
180   2064   2034   2065   2066    943   2067   1909   2068   2069   1940   1101   1892   2070   2793
181   1463    602   1062   2071   2072    965   1052   1034   2074   2076   2077   2830   3088   3117
182   1528    685   1754   2078   2079   1821   2080   2081   2083   2084   1044   1976    807   2049
183   2085   2053   1004   2086    233   2087   2088    748   2089   2090   1533   2091   2915
184   1981    893   2092   2093    684   2084   2094   2713   2744   2918   2933   2995   3057   3157   3224
185   2095    895   2097   2098   2099   2101   1809   2102   2103   2744   2765   2782   3009   3239   3243
186    187   1970   1411    681   2105   2106   2108   2109   1943     58    665   2110   3031   3138
187   2113   2114   2115    445   2116   2117   2118   2119   1632   1497    210   2708   3295   3374
188    564   2121   1075   1646   2122   1412   1973   2123   1783   2125   1835   2127   1219
189   2129   1127   2130     93   2131   2132   1086   1814    290   2133   2134    920   2928
190   1306   2136   1946   1682   1331   1106   1963   1265    280    782   2882   2911   2931
191   2138   2139   1320   1781    578    475    704   2140    608   2141    970   2143   2973   3077   3304
192    686   2144   2145   1356   1824   1757   2146   2147   2148   2150   1742   2972   3068
193    644    846   1005   2152   1893    713    824   2154   1536    786   1792   1650   1540    152   1624   3119
194   1488    718     33   2158   2159   1948   2160    215   1798   1651   1629   2708   3050   3075
195   2161   2162    756   2163   2166   2167   2168   2169   2170   2146   2732
196   1409    441    569   2171   2172   2173   1201    181    343   1972   2174   2175   3361
197   2176    521   1807   2180   1154   1459   2181   2182   2183   2782   2859   2951   2957   3080
198   2184    949    618   1788    978   1345   2186   2187   2188   2189   1554   2761   2952   3318
199   2190   1527   2191   1731   1276   2192   1823   1478   2193   1434   2194   3051   3265   3277
200   2018    936   1050   1794   1620   1032   1071    738   1871    794   2197   2983   3067   3173
201    890   2094   2080   1287   2198   2199   2200   2050   2204   1756   2099    811   2205   3066   3262
202   2025   1690   1966   2188   1344   1553   2206    977   2208   2211   1113   2877   3000   3316   3319
203   2212    309   2213   1911   2214   2215   2065   2033    802   2216   2218   2875   2879   3054
204   2102   1803   2220   1913    177   1975    987    897   2222   2223   2225   2804   2894   2918   3247
205   1773   1387    203   2228   1627   1332   1691   2160   1949   2888   2931   2974   3374
206   2071   2229   1121   2230    258   1036    964   2231   2232   1853   1204   2235   3025   3034   3166   3215   3260
207    888   1990   2237   2238   1800   2101   2239   2240   2241   2016   2243   2778   2995   3094   3247
208   1474   1259    773   1951   1008   1930   1745   2245   2063   2246   2716   2901   2992   3301
209   1830    677   2247   2039   1238   2249   1217   1595   1500    941   2686   3237   3244   3322
210   1660    556   1947   1514   2251   2253   2256   1021   1486   2118   1631   3028   3050   3223
211   2258   2259   1305   2260    310   2213   2261   1856   1097   2064   2262   1905   2263   2264   2940   3181
212   2265   2267   2268   2269   1082   2132    295   2270     96   1158    923   2272   2273   2275
213   2276   1039   2277   1688   1575   2278   2197   2024   2279   1112    925   1791   2208
214   2281   1735   1381   2282   2167   2283   2284   2285    568   1901   2004   2286   2175   2854
215   2258   1099   1303   1471   1436   1910    780   2288    844   1749   2290   2291    637   2292
216   2294   2295   1129     88   2296   1907   2215   2067   2036    948   1251   2297   1598   2298   3241
217   1784    954   1456   2299   2300    412   2301   2302    577     73   2930   3088   3144   3199   3304
218   2304   2305   2306    585   2307   2308    655   1081   1779    761   2309     63   3097
219   2310   2045   2298   2312   1283   2035    809   2218   3029   3146   3226   3262
220   1719   1604   2001    623   1771   2314   1140   2315   1404   2317   1208   1669    725   3147
221    543   1872   1708   2320   2321   2322   2323    797   1614   2953   3058   3083   3107   3119
222    730   2324    635   1999    325    985    966   2325   2317    266   1207   2960   3082   3188   3260
223   2183   1066   1467   1882   1806   2327   2098   1993   2238   2683   3085   3168   3172
224   2329   1428    351   1180   2330   2331   1020   2333   2334   2335   2336   2817   3145
225   2074   1037   2206   2337   2189    976    926   2338   1125   2340   2341   2277   2231    956
226   1780    470   2140   1321   1634   2228   2116   2343   2344    208    447   2345   2955
227   2346   2347   2348   1572   1653   2349   1531   2350   2090   1385    752   2994   3362
228    917    293   2351   1965   2272   1550    237   2058   2353   2354   1341   2355   2823   3000
229   1275   2357   2192   1732   2358   2359   1480    693   2144   1825   2362   1520   3031   3040
230   2363    754   2089    482   2364    173   2365    465   1228    838   2056   3087   3091   3300
231   1844   2368   1544   2369   1521   2191   1496   1019    819   2331   2371   2373   2374
232   1522    157    825   2193   2369    638   1435   2375   1484   1841   1545   3006   3252
233   2376   2006   1270   2281   1737   1375     95   2131   2378   1163   2273   2381   2382   2170   2963
234   2143    601   2383   1206    721   2077   2385   1712    699    952   2229   2386   2943   3199
235   2388   2055   1231    847   2389   2353   2288   1968   2390   1751    776   2812   3078   3091
236    777   1232    766    285   1961   2061   2389   2265   1161   2351   1083   2851   2903   3281
237   2333   2391   1190    341    382   1846   2394   2395   2667   2720   2814   2961   3004   3127
238   2301   1789   1220   2397   2398   2399    528   1462    587   2305   2127     72   1647   3012   3193   3236
239   1302    269   1254   2401   2402   2290   1906   2212   2296   2260    312   2664   3002   3180
240   2403   1988   1393   2022   1687   2350   2010   1574    929   2279   2404   2405   3173   3250   3314
241   2408    604    590      9   1877    737   1874    451   1340    539   2409   2893   3018   3030   3089   3116
242    264    991    331   2411   1618   1900    717     30   2412   1980   2413   1915   2941   3254
243   2416    751   2417   1904    172   2364   2418   2381   1160   2286   2162   2420   2850   3086
244   2421   2422   1759   2148   2423   2424   2426   2427   2778   2856   2927   3040   3057   3284
245   2428    908   1583   2429   2430   2431   2284   1419   2172    356    573   2434   3014
246   2435   2436   2437    322   2438     50   2439    109   1697    831   1502   1665    400   2441
247   1018   1432   1769   1566   2442   2256   1509   1444   2444    138   2445   1663   3038   3064   3149
248   2447   2448   2357   1273   1736   2150   2163   2451    759   2452   2423   3062   3216
249    184    318   1954   1193   2109   1920   2456   1418    375   1935   2460   2981   3169
250   2130    921     89   1589   2294   1126   1813    119   1284   2043   2461   2929   2996   3029   3291
251   1120    267     37   1684   2278   1570   2466   2159   1945   2467   1795   2136   2888
252   2468   2424   1352   2147   2469   2346   2470   2404   1392   2017   2471   1984   2866   2993   3363
253   1894    154   2474   2152    996    643   2475   2476   1953   2478   2323   2860   2949   3183
254   2479   2480   2268    749   2086   1226   2417   2388   1157   2052   2363   2823   2851
255   2445   1766   1581   2481   2483   1425   1723   2725   2814   2822   2861   3035   3145   3148   3375
256   1433   1181   2194   2484   1733   2002   2485   2330   2373   2719   3006   3256   3263   3309
257   2324    984    542    371   2486    625   1720   2487   2488   2672   2740   3004   3104   3148   3312
258   2368   2489   2336   2490   2491   1495   1847   2492   2117   1547    497   2720   2907   3044
259   2493   1755   1818   1983    866   1355   2204   2494   2021   1286   2468   2403   2857
260   2495   2496    111   1952   1399    550   2497    145   2498   1672   2839   2937   3167   3234
261   2283   2174   2003    346    430   2499   1739   2485   2430   2500   1429   2329   1177   2942
262   2211   1558   2501   1312   1117   2261   1855   2340   2502    303   2232   2761   2779   3321
263   1073     27     69   2503    404   2125   1837   2030   1296    614   1787   2871
264   1671   2495   2507    524   2508    403   1694   2439    110   2510   2511    832   3021   3045   3115
265   2496    106   1950   1931   1693    501   1249   1472   2245   1011    219    419    193   3255
266   2515    900   2431   1734   1673   1452   2516   2518   2500   2282   1826   1362   2166   2145   2838
267   2520   2502   1857   2385   2235    953   1716   2521   2337   2186   2985   3117
268   2225   1147   2524   2525   1582   2483   1722   1772   2181   2717   2775   3009   3063   3164
269   2528   2530   1638   1336   2531   1364    386   2532   2533    537   2961   3104   3231
270   2095   1610   1240   2535   2536    894    805   2037   1282   1601   1866   2537   1057   2205   3226
271   2486   2325    324   2538   2320   1876   2539    369    541   2785   2939   3059   3231
272     44    307   1114   2540    255   2276   1030   1790   2411   1625   2341    337   2230   2467
273   2359   1519   1483   2541   1919   1899    679    155   1934   2108   2456   1959   3032   3224
274     94   2544   1942    672     60   2358   1479   1267   1886   2069    942   2545   2448   2546   2110   2549   2550
275   2121   2503   1831   2551    879   1297   2031   1076   2552    365   1969    562   3015
276   1085   2306   2553    654   1376   2554   2555   2275   2556   2382   2134   1164   2948   3027
277   2557   2182   2536   1865   1458   1241    520   2302   2397   1056   2747   2772   3243
278   1839    673   2560   1175    241   2561   2087    758   2562   2447   2545   2422   2921   3074   3084
279   2246   1260   2060    859   1006   1717   2564    709    406   2565     17   3048
280   2054   2291   1313   1555   2390    848   2567    994   2779   2975   3159   3181   3183
281   1645   2568   1380   2122   1695   2569   2510   2570    836    440   2954   2962   3027   3042
282   2184    611    958    414   2571   2572   2573   2574   2575   2521   1713   2831   2895   2956
283   2576   1133     91    498   2008   1278    421   2376   2129    196   2556   2825   3023   3253
284   1215   1235   1413   1504   2123    393    526    830   2577   2570   3012   3021   3170
285   2535   1150   2557   2180    532   2717   2743   2765   2841   2864   2896   3019   3280
286   1622   1897   2413   1922    334   2474   2322   2578   1960   1875   2539   2999   3053
287   1991    358    731   1703   1335   2028   1079   2551   1298    884   1636      6   2409
288    306   2216   2580   1605     40   2540    800   1979    982   2412   2000    261   2786   2809   3218
289   1501     48   2066    946   2038   1608   2583   2441   1666   2264   2584   2879   2880   2966
290   2327   2097   2015   1060   2537   1293   2199    931   2585   1867   2857   3132   3250
291   2391   2335   2489   2119   1508   1727   2253   2587   2481    636   2487   2887   3376   3379
292   1443   2589   1289   2200   2079    865   2493   1760   1827   2051   2852   3197   3291
293   2085   1000   2057   2365    757   2154    841    483   1530   2349   1649   2827   2916   3371
294   1089   2501   1854   2259   2592   2573    619   2593   2520   1551   2187   1001   2567   2860
295   2292   1438   1928   2375   1843    463   1477   1744    840   1539    645    489   3278   3301
296    342   1422   2173    186   2428   1584   2594   2595   2524   2822   2894   2932   2942
297   1848   1185   1013   1929   2596    852   2528   2394   2598   2599   2600   3240   3292   3307
298   2106    689   2222   2603   2239   2092   1921   2605   2460   2807   3032   3108   3230   3284
299   1197    321    835   2438   2600    436   1933   1192    114   1698   2684   2768   2853   3056   3255
300   1873    591    600    960   2072   2408    538   1029    327   2538   2908   3188   3215
301   1045   2312   2048   1662    275    810   2606   2214   2402   2607   2809   2998   3026   3241
302    628    593   2608   1319   2139   2609   2114   1633   2345   2892   2977   3128   3273
303   2610    449   1640    164    855   2530    461      3    493   1849   2611   2490   2791   3127   3240
304   2598   2614   2395    349   1195   1956    384   2615   1370   2532   3010   3056   3109   3169   3308
305   2617   2476   1937    313   1958   2593   2574     47   2618   2262   1860   1090   2436   2070   2584   2619   2794   2967   3109
306   2081   1518   2620   1043   1493    711   2621    816   2371   1024   2623   3154   3182   3223
307   2595   2525   1725   2220    389    178   1926   2740   2757   2861   2891   3257
308   1888   1128     83   2550   2068   2295    944   1908   2845   2881   3023   3102
309   2578   2478   1957   2321   1706    377   2615   2531   2624   1363    535   1338   2785   2794
310   2115    207   2344   2611    513    496   2626     14   2491    446   2904   3011   3129
311   1658   2606   2310   2047    128   2401   2297   1250   1130    222    135   2800   2996   3299
312   2627    144   2628   1145   2629   1564   2630   2507   2631    522   2498
313   2626    477    455   1775   1383   2632    911   1986   2633   2343    353   2634     13    514   1677   1883
314   2635   2269   2480   2088    747   2636   2549   2452   2354   2059    238   2561   2826
315   2637   2638   2631   2554   2568   2508    525   2577   1648   2639   2398   2304
316   1054   2338   1038    974    933   1864   2076   1464   2747   2771   2797   2930
317   2575   2640   1014   2599    112   2614   2641   2617   1862   1369   2437    323   1714   2684
318   2571    610   1295   1172   2592   2619   1701    997   2475   2029   1367   2624   2953
319   2564    701   2062   2383    959   2299    575    409    768     80   2141   1718   2737
320   2263   1859   2641   1711     98   2644   1203   2583   1670    727   2435   2618
321   1884    903   2645   1561   2633    869   2646   1680    580   1811   2309   1778   1987   2858   3156
322   2544    940     85    676   2247   1836   2635    239   1594    913   1347   2355   2270   3084
323   1607   2580   2644   2315    305    256   1202   2755   2875   2880   2913   2940   3166
324   2494   2426   2471   2649   2198   2241   2103   2585   2009   1763   2405   2933   3172
325   2645    902   1560   1143   2308   2639   2399   1579   2629    529   1468    586   2176   2651   1885
326   1834   1350   1785   2249   1212   1237    971   2300   1863   2772   2797   3193   3232   3318
327   2027   1368    405   2572   1637   2640     24   2565   2596    857   2709   2763
328   2378   1162   2416   2479    750   2636   2267     97   2451   2168   2777   3225
329   2603   1801   2223   2240   1992    887   1971    183   2171   2594   2552    571   2429    364
330    680   1529   2541   1918   1978   2083   2623    818   1895   2093   2941   3161   3184   3235
331   2420   1902   2285   2515    910   2632    357      1   1080    511    570   2434    175   2169   2652   3105
332    968   2138    627   1330   2609   1401    728   2386    697   2689   2714   2780   2868   2976   3017
333   2046   2589   1017   1042   2653   2444    122   2078   1451   1659   2726   3028   3154   3242
334    870    124   1812   1137   2461   2654   2307   2638   2651   2627   2553   1567   2646    146   2811   2928
335   2637   2511   2630   1696    197    422   1374   2555   2654   2569   2133   2576   1135   3167   3251
336   1562   2442   2497    147    558   1510   2314   1400   1770   1152   1667   2628   3115
337   1820   1022   2653   2621   1523   2190   2374   1448   2484   1426   2334   2499   2516   1738
338   2161    755   2470   1353   1985   2418   2348   1390   2634   2652    517   2518   3068   3073
339   2656   2427   2649   2469   2562   2091    753   2347   1166   2011   1532   2243   2718   3047   3095
340   2251   1944   2620   1041   1487    274     36   2466   2158   1664   2607   3079   3242
341   2610   2492    633   2608    592   2533   2587   2113    453    546   1337   2488   2667   2904
342   2237    885   2105   1974   2546    663   2605    690   2560   2362   2656   2421   3216
