,Initial_Stress,Final_Stress,Initial_s0,Final_s0
0,0.1713476453907501,0.1619893129053689,5.0,5.022120836198383
1,0.19159609837789948,0.1810079233067361,5.0,5.021577708403706
2,0.2099026347036934,0.19885200803200176,5.0,5.02360485867297
3,0.2890411384739595,0.2731140899334068,5.0,5.02122445911553
4,0.1854699976478582,0.17531571971724147,5.0,5.0196088899930835
5,0.1613109467441678,0.1524844207642415,5.0,5.019474043646266
6,0.3305914047404974,0.3122348029601165,5.0,5.022361281020338
7,0.2137608066239518,0.20201861277242572,5.0,5.02064913520889
8,0.19137507914639929,0.1809061311221749,5.0,5.020435248023398
9,0.26325060052463245,0.24875099864075878,5.0,5.019858935531314
10,0.2756596955371591,0.26054625096865736,5.0,5.019695899843315
11,0.2718772044619888,0.25687784375787337,5.0,5.020133666652349
12,0.3224691011529941,0.30508955925495995,5.0,5.018414397035942
13,0.19335296082491404,0.18283689387855007,5.0,5.018548089333663
14,0.16923261541888812,0.15969214685505606,5.0,5.023295755099744
15,0.2953375177208821,0.2791548336047971,5.0,5.020344632232252
16,0.23882136878092664,0.22556952295848887,5.0,5.022679496720777
17,0.1735547009599998,0.16426456126777966,5.0,5.016576805474839
18,0.2075323475268711,0.1961393301574852,5.0,5.018981663691404
19,0.21993501989802167,0.20776698647137182,5.0,5.020692512051035
20,0.17885338146977148,0.16923363037253203,5.0,5.017428855167658
21,0.24624602086479253,0.23269273285873515,5.0,5.0227703439348925
22,0.20720156210295415,0.1957036836051067,5.0,5.022824675178059
23,0.31806308443046083,0.3005310933166583,5.0,5.02193611648992
24,0.2918215185058157,0.27636397434955295,5.0,5.019155852901722
25,0.19257066085670416,0.18186669109641684,5.0,5.0217713691256805
26,0.28224226342194325,0.26646586090567914,5.0,5.024574513327842
27,0.32128325072734754,0.3044897545911147,5.0,5.021636966833096
28,0.15218213392174418,0.14385829233198444,5.0,5.020058432976109
29,0.30039805371922235,0.28520458909182933,5.0,5.0
30,0.4059473670020832,0.38374026392613225,5.0,5.02121485098904
31,0.17604963423896303,0.16644108886568598,5.0,5.019497759147216
32,0.2562995565838768,0.2421819381541075,5.0,5.020965229990519
33,0.21545418476253175,0.20350662496136773,5.0,5.020502019850408
34,0.21771434060690642,0.20576769659995908,5.0,5.02142834636615
35,0.282630709578527,0.26706923163114515,5.0,5.021351871063073
36,0.2415505484357634,0.2282089341248581,5.0,5.021543111953495
37,0.3445328121877016,0.32522508576760356,5.0,5.022370872327793
38,0.3583655544266018,0.3388455508000656,5.0,5.019946773797486
39,0.1647742089074853,0.15570155780874306,5.0,5.02012987901197
40,0.24066952697046573,0.2274202841870665,5.0,5.020150735685629
41,0.24826812464843218,0.2344062022895923,5.0,5.022726243404838
42,0.17740234585001424,0.1674426899810979,5.0,5.0223679340659455
43,0.26940766717684883,0.25482896347385453,5.0,5.017605359372634
44,0.24738297644733187,0.23350305113734393,5.0,5.023037023771444
45,0.12055810151859503,0.11366734509556897,5.0,5.0199878717034085
46,0.11207967168372979,0.10582089508898007,5.0,5.024219341222507
47,0.1540410697572927,0.14570843821303825,5.0,5.019340728830839
48,0.1651501906344064,0.1559998399916629,5.0,5.0191320113177085
49,0.22955793634988364,0.21683930547502794,5.0,5.02309556877834
50,0.19214902051411897,0.1814166350114379,5.0,5.0229445579426635
51,0.23981452039998552,0.2263978155129578,5.0,5.023834423333033
52,0.18289427743748976,0.17263318008612538,5.0,5.0220321637554655
53,0.32953724571258514,0.3113706094152273,5.0,5.021807838326087
54,0.2439251151128763,0.23057600596818273,5.0,5.020887823397633
55,0.26951720801726253,0.25456086163662417,5.0,5.024042363891725
56,0.20006129589683086,0.18903593374287397,5.0,5.020541498306761
57,0.2012643465363979,0.19014345632586727,5.0,5.0214974368467225
58,0.40462406550728414,0.38278519551722356,5.0,5.018996638278077
59,0.21142143117581558,0.19977072369545734,5.0,5.021229714452451
60,0.1051254455120012,0.09925433458589805,5.0,5.020422112352403
61,0.22935368871972028,0.21660076624711122,5.0,5.020966748145632
62,0.27017672835380124,0.2552566117440278,5.0,5.0202699734663
63,0.29182588656236774,0.27588665496486886,5.0,5.021244380176517
64,0.2451135153238173,0.23157271357804365,5.0,5.020613024515637
65,0.16664228744847653,0.15745562526509627,5.0,5.020415697410625
66,0.20754887332388128,0.19610407136075847,5.0,5.019779018673161
67,0.31121100674461966,0.2939251857919589,5.0,5.022003678184577
68,0.35237864260715734,0.33292842083386565,5.0,5.019845255653417
69,0.39708438912862043,0.3751560437179391,5.0,5.02357730364305
70,0.3167780151838877,0.29939085517671016,5.0,5.022187246239183
71,0.2691080285507532,0.2544173285222917,5.0,5.018515860879207
72,0.16051720196600305,0.15159971268775085,5.0,5.020945901571778
73,0.2797934443741612,0.2644715874132564,5.0,5.024975540211107
74,0.24352550269516704,0.23038377583441294,5.0,5.019268552072935
75,0.30368421790487776,0.28689275045538487,5.0,5.022511393893296
76,0.14025835906768225,0.13237541348139192,5.0,5.024020429595932
77,0.19803830248707177,0.18742484227396505,5.0,5.023667577544364
78,0.18320566654464376,0.1730918339319083,5.0,5.022065269876608
79,0.33088399306997873,0.3125274981244113,5.0,5.0225529624368725
80,0.18452836019937968,0.17445937404211298,5.0,5.018773376279695
81,0.17790271293053128,0.1681764990201573,5.0,5.019483674108978
82,0.23114624563928854,0.21845573436907184,5.0,5.019600999355811
83,0.3526566209810176,0.33291032652459096,5.0,5.025798986270491
84,0.1944002727164975,0.18384227088611538,5.0,5.019027065891004
85,0.17767017979081312,0.16816578625301104,5.0,5.017924359246004
86,0.1178409981640105,0.1111763919654436,5.0,5.023186085800662
87,0.2961739714698568,0.28005706310215883,5.0,5.024266641510229
88,0.19058228706193425,0.18004697042475226,5.0,5.020862103659534
89,0.2531683060866916,0.23907409357759635,5.0,5.0219228104387525
90,0.21790940042069118,0.2059851968001889,5.0,5.020540109037421
91,0.24995245484765238,0.23616554808310775,5.0,5.022218728494652
92,0.28929641504620096,0.2734026876960203,5.0,5.023062827337608
93,0.20351967061818854,0.1920828964205905,5.0,5.021597025457565
94,0.2944491649599976,0.2781975848116822,5.0,5.02327714620189
95,0.2530778021071687,0.23985895483416786,5.0,5.018115497536835
96,0.23088927587193608,0.2180800474408977,5.0,5.020407280977359
97,0.20556501772341518,0.19419052414671079,5.0,5.021053126546162
98,0.1882362693592523,0.1781912156928338,5.0,5.021839729565114
99,0.2585026564053643,0.2441301311939752,5.0,5.021094779408015
100,0.13322335251981432,0.12580640778859253,5.0,5.023111019978428
101,0.4413274782956036,0.41712943638027977,5.0,5.022274784582912
102,0.24723005388959418,0.23334199260813482,5.0,5.023484812298893
103,0.29853102772068807,0.2821804358976654,5.0,5.020048601341243
104,0.10924194896478201,0.10302068618568816,5.0,5.022895313596321
105,0.27794922194096694,0.2625704421205137,5.0,5.022257099210847
106,0.23135055590166442,0.21884555967450892,5.0,5.022593141855198
107,0.19519652884963112,0.184379604687825,5.0,5.022724362957716
108,0.22341207470061697,0.21127473828225485,5.0,5.019700182216349
109,0.24021256493530463,0.2270284975603587,5.0,5.019420439438642
110,0.1881967428446738,0.17789074853236042,5.0,5.019538783639801
111,0.20620484819561247,0.194917854855569,5.0,5.020067659665095
112,0.21830245931662629,0.2060493903506675,5.0,5.021604068753094
113,0.1646000629261246,0.15537837240427255,5.0,5.022359881414529
114,0.12241878204013767,0.11570713692935652,5.0,5.020931012617691
115,0.3361713757559719,0.31763635627571984,5.0,5.021539785860014
116,0.2863852497547037,0.2706161139102712,5.0,5.021523083337005
117,0.16934311021945714,0.1599653978620088,5.0,5.020506353556895
118,0.22024246863571073,0.20799924471255316,5.0,5.023267811906598
119,0.25489290131029585,0.2408170023320928,5.0,5.02070418173953
120,0.16163240824805603,0.15257618517371152,5.0,5.024319613379378
121,0.1943320222974989,0.1836267606489117,5.0,5.01819598391541
122,0.14938007480890292,0.14135809469670924,5.0,5.018633649968205
123,0.17983300157365556,0.1703726355114934,5.0,5.018478344692978
124,0.1714918569400703,0.16184362910309025,5.0,5.023801259149536
125,0.1441227166923178,0.13614967343779738,5.0,5.020354044099724
126,0.22890648809347613,0.21635614835748407,5.0,5.02208952627881
127,0.2908020657109789,0.27484077570858134,5.0,5.021951185835087
128,0.13665827807119868,0.12917984445978958,5.0,5.018805160009023
129,0.18888673127776112,0.1784940835112212,5.0,5.019133709456751
130,0.25917276770092856,0.24472785650340256,5.0,5.023209655687726
131,0.12635007238362994,0.11939444040992875,5.0,5.023039212909923
132,0.20334361195842665,0.19190340014448304,5.0,5.023634955343317
133,0.35025520348055617,0.3309687613441892,5.0,5.021936638469873
134,0.2843888181200773,0.2687707125041958,5.0,5.020241212389971
135,0.26300591707903687,0.2486483670333579,5.0,5.020798312690218
136,0.2801714217294111,0.26490779868461645,5.0,5.021595201151294
137,0.10942513752248773,0.10355616517563182,5.0,5.017772295430936
138,0.23317331624284354,0.22029193711475892,5.0,5.0219502273355054
139,0.20230392285041754,0.1916235629104126,5.0,5.0
140,0.3336294213284987,0.3152539072395546,5.0,5.021000572158423
141,0.21194239167150752,0.1997793049631018,5.0,5.020256552511526
142,0.34417939237422956,0.32530224723907164,5.0,5.0206558281154035
143,0.08027546269271602,0.07582748527915606,5.0,5.01954940465958
144,0.20898776045814405,0.19746902554780799,5.0,5.021978880256945
145,0.3265759741603551,0.30867259957000215,5.0,5.022713727833672
146,0.325833984327657,0.3079690304344884,5.0,5.020733081387023
147,0.23379069187244794,0.22070403957223483,5.0,5.0226541059033725
148,0.1580013161783853,0.14931429054122636,5.0,5.020040997579116
149,0.1822761293283599,0.17234726731036676,5.0,5.019695111654263
150,0.2803861590746215,0.26489794460526084,5.0,5.02254754102248
151,0.22071780167335509,0.20866414005720957,5.0,5.018859222698904
152,0.15234308176811995,0.14399324051270868,5.0,5.0205211401402305
153,0.2707343573639527,0.2558473712676981,5.0,5.02125932597834
154,0.2699464640578919,0.2551320269051067,5.0,5.020364916831701
155,0.26208835963536226,0.24752615462045813,5.0,5.020826544536989
156,0.19795839514779234,0.18674371484232255,5.0,5.021025843427855
157,0.2016451654705611,0.1904907668419049,5.0,5.020651831803402
158,0.3387031096792552,0.32047430300644386,5.0,5.018862178501635
159,0.1449133168488057,0.13632641462318884,5.0,5.020484839107571
160,0.30408499499710406,0.28751194925773094,5.0,5.0239858245258695
161,0.2869737398264962,0.27116032675557555,5.0,5.021025736360789
162,0.18544311831962257,0.1752308301222376,5.0,5.021360607452463
163,0.28414711284869476,0.2684443578564095,5.0,5.02183685181719
164,0.2631560857012909,0.24885771534630807,5.0,5.017838980935769
165,0.17052411049587501,0.16130963760022254,5.0,5.021434481633227
166,0.19536216988533606,0.18584416680416327,5.0,5.0
167,0.2591562550597255,0.2451539889987573,5.0,5.0180445363812165
168,0.2742331835055716,0.2586419392614565,5.0,5.020024515634693
169,0.1133996923725975,0.10701805621319704,5.0,5.020396065370711
170,0.2507180760846579,0.23698746341381227,5.0,5.020578454493068
171,0.13438460115148088,0.12677051570682285,5.0,5.021811517957397
172,0.22301129055974478,0.21091365147343932,5.0,5.018055020718215
173,0.2756207547432725,0.26055302971614736,5.0,5.0198957940545075
174,0.14447580535192595,0.1365344034499092,5.0,5.019917290160896
175,0.35314751933880073,0.3338538273020688,5.0,5.021077594846606
176,0.35759451062569614,0.337746601610146,5.0,5.0263815792325595
177,0.34981128332119815,0.33094131410707317,5.0,5.018321991615746
178,0.19796706163290678,0.1869870807008327,5.0,5.020239079903037
179,0.23414256226949726,0.22109341698323726,5.0,5.022337915943336
180,0.32668985641882897,0.3088613360093786,5.0,5.020255224425858
181,0.19323442068647667,0.18323211981609488,5.0,5.0218927599892815
182,0.22259043142392,0.21011951016158692,5.0,5.022730907158168
183,0.21069777277156354,0.19929760123838847,5.0,5.0219422931608015
184,0.4301730841299658,0.40633822231000893,5.0,5.022751191121859
185,0.20077747589108141,0.18991516771017114,5.0,5.024439606731965
186,0.22935682211488762,0.21664039868330076,5.0,5.022472645876226
187,0.1424741992575429,0.13433311630561606,5.0,5.023469135764724
188,0.20408039455377636,0.19276152226959686,5.0,5.020577293286426
189,0.15722139363022403,0.14874160951425597,5.0,5.02002532205557
190,0.18038363254865186,0.17088299755921366,5.0,5.022228468628462
191,0.28241814359841877,0.2672926194400054,5.0,5.018357412028758
192,0.14296520855529327,0.13513949538742454,5.0,5.021589039365937
193,0.15738554063981391,0.14910721576467934,5.0,5.019727983921385
194,0.2668048701997938,0.25200913675755476,5.0,5.021861157410825
195,0.19477474147654972,0.1839144280697107,5.0,5.024990776434635
196,0.22730079680442272,0.2148944626855589,5.0,5.021715002517793
197,0.15938079367909563,0.1507324831991712,5.0,5.020546510606687
198,0.23040332734261626,0.217805808412314,5.0,5.0196104742709124
199,0.16412421227570695,0.15478166931145854,5.0,5.022642181457906
200,0.141187092958303,0.13286720361597082,5.0,5.019901910260538
201,0.3796264750652343,0.3586549914028556,5.0,5.023707522182068
202,0.19304674842839153,0.1825216136756913,5.0,5.018416925743843
203,0.2784444766345777,0.2629809745751781,5.0,5.018350602721853
204,0.24400411066532857,0.2303845989434843,5.0,5.022413892184225
205,0.3115061791049045,0.2941740714328396,5.0,5.024039440442936
206,0.26712972032085935,0.25299635680776,5.0,5.01850582191298
207,0.33154637119866504,0.314011099087506,5.0,5.020010823443322
208,0.1868808766893284,0.17652854555187214,5.0,5.01943749793015
209,0.26275636863359586,0.24811834530157606,5.0,5.024611970575155
210,0.15674806366704463,0.14798464552645596,5.0,5.022559272594309
211,0.1577830582699573,0.1490629790747917,5.0,5.02075639352948
212,0.18904384256409212,0.17838377005009098,5.0,5.020591971983617
213,0.2767222939750993,0.26132349501818,5.0,5.02088688621483
214,0.2221053638648962,0.20977128868010664,5.0,5.021946678990075
215,0.3818742993679538,0.36064627912247005,5.0,5.023127471262407
216,0.26321650471940194,0.24881090485687962,5.0,5.020607514027091
217,0.19689396116702573,0.18603879384802102,5.0,5.020756493558771
218,0.18716945574491617,0.17675670343557526,5.0,5.0214683524930415
219,0.18104943719731748,0.17100427123039252,5.0,5.019679741757033
220,0.21217211785001733,0.2004526406263094,5.0,5.021001578700837
221,0.16883938295313738,0.15934322161876846,5.0,5.020228157469928
222,0.36863847657902626,0.34819920781208547,5.0,5.0217112375769
223,0.1763361702968098,0.16650688930635105,5.0,5.020255080021769
224,0.40327951552821895,0.3813058073042481,5.0,5.016457240284717
225,0.13663181986691653,0.1290086362325491,5.0,5.021971398295433
226,0.29736470449509955,0.28111271264516646,5.0,5.02025489951361
227,0.21291735632575848,0.20142691795449474,5.0,5.01802474474812
228,0.23140002771248813,0.21871722272536642,5.0,5.020707324002869
229,0.2459975138765178,0.23238856665085672,5.0,5.022642757671711
230,0.32796849500088143,0.3097072053791019,5.0,5.021458712993727
231,0.24208615579783066,0.22873701119339307,5.0,5.021208733810587
232,0.24062029345520286,0.22750349884710186,5.0,5.019717895781222
233,0.19506932575142377,0.1844407985665697,5.0,5.018891461205861
234,0.3591991845541511,0.3393851150979308,5.0,5.0240746014322735
235,0.24732688960030447,0.23346812093374947,5.0,5.024789058038381
236,0.31052377898219374,0.29336895425126785,5.0,5.019343326080072
237,0.1721384313090044,0.1626055178894621,5.0,5.022310428411911
238,0.18425318555614134,0.17403454044532918,5.0,5.021675503639642
239,0.37129838174006213,0.35104796913852065,5.0,5.01913503052565
240,0.15608206563807703,0.14746905622686124,5.0,5.020356481429937
241,0.1828149060601043,0.17266009356945045,5.0,5.024339709428567
242,0.28127623408045066,0.2657356467260017,5.0,5.022163712254413
243,0.2692478208146367,0.25461487131028027,5.0,5.019252643106196
244,0.20670257225399502,0.1953399664932436,5.0,5.020834048708407
245,0.3077361462461654,0.2908979816340356,5.0,5.02255771694883
246,0.20800860505911434,0.19697924301350755,5.0,5.020193986687396
247,0.2862775502422694,0.270359266579854,5.0,5.023017108358339
248,0.22906332150731168,0.21661677864242357,5.0,5.018322685066181
249,0.24512206432399997,0.23157674245782545,5.0,5.021065186445819
250,0.34315204080939976,0.3241945237634667,5.0,5.022337142870761
251,0.09959540625593699,0.09412005541319535,5.0,5.02104084497506
252,0.11399329358790466,0.1076423794029413,5.0,5.023559424540327
253,0.2297502711626258,0.21702973100243628,5.0,5.023311903142025
254,0.1901785635753761,0.17959043904167293,5.0,5.02120254146921
255,0.19909279544620917,0.18794113280010505,5.0,5.0230144782249475
256,0.32232557132879713,0.3042685650310111,5.0,5.02118578439247
257,0.22204732995970988,0.20958583043589063,5.0,5.023118221549101
258,0.38605469462582187,0.36483591129572646,5.0,5.022342790858758
259,0.20682221531206912,0.19539560457807936,5.0,5.021257008948314
260,0.2897535742717059,0.27508919790915365,5.0,5.0
261,0.24818986499379125,0.2346117712201934,5.0,5.019528987557189
262,0.3253523618019658,0.30766648607842106,5.0,5.0197741399583595
263,0.2939944627283715,0.27770043718248183,5.0,5.021799041068844
264,0.31614451856768766,0.29842474108234707,5.0,5.0237206573454785
265,0.18013751069986017,0.170194863640184,5.0,5.0205989309923105
266,0.15767452963691597,0.1493807431851566,5.0,5.018318887623048
267,0.2256925891945627,0.21347830681084767,5.0,5.018553542642303
268,0.18837665680912252,0.17800814464697523,5.0,5.018762744047622
269,0.20838817661175035,0.19680417348553858,5.0,5.021106508902378
270,0.23861780823123713,0.22547258512030433,5.0,5.019588893489866
271,0.18543814042570972,0.1751530568529902,5.0,5.020684150291013
272,0.19847302531150168,0.1874610013801028,5.0,5.0227924102540555
273,0.206841408207441,0.19544531633411766,5.0,5.021091564961067
274,0.239578140108901,0.22640548950377437,5.0,5.020191044947664
275,0.28319685716465126,0.26752069126723144,5.0,5.022106008913854
276,0.2226956858642204,0.210478359840512,5.0,5.0214460416229745
277,0.17321402066434488,0.1635947251694092,5.0,5.022654816039198
278,0.14954031412960522,0.1410136528839221,5.0,5.021041232644103
279,0.1743883260264194,0.16487506480784497,5.0,5.02108095119679
280,0.19531015562214726,0.18429661531974162,5.0,5.021711206001083
281,0.1967994835050526,0.18601473714249228,5.0,5.019653852459802
282,0.2733609496513003,0.2582768976404093,5.0,5.022874149938161
283,0.20997947710823128,0.19764016542982787,5.0,5.018816181156245
284,0.34526234895933094,0.32653661960186064,5.0,5.0190111802021775
285,0.18630759659133633,0.17595722328440289,5.0,5.021721768979468
286,0.23680158687815012,0.22375703663073998,5.0,5.0191472418090655
287,0.3411893865162148,0.3225133703631955,5.0,5.021247355323535
288,0.26822811348345343,0.25356116345721613,5.0,5.020133995642819
289,0.37436885204885617,0.35362269826675363,5.0,5.022270545639769
290,0.2155531665387289,0.20343800603639073,5.0,5.025548113714464
291,0.37122951669256077,0.35051268474228525,5.0,5.02365093277259
292,0.23227271612468714,0.21926266953376317,5.0,5.023512519406355
293,0.27024425557976617,0.255433708773102,5.0,5.019868289573486
294,0.28879882117465416,0.2727705627589918,5.0,5.022569568512232
295,0.19782233358848011,0.1869114430638612,5.0,5.0221778464108
296,0.1991968089640086,0.18820633276210796,5.0,5.020530072279241
297,0.2847299444672895,0.26895654639026456,5.0,5.021177129834271
298,0.1596366016689177,0.1509338147302619,5.0,5.018382429820942
299,0.3394967494173433,0.32077742740608817,5.0,5.020935595384843
300,0.27908125895289015,0.26388633538910766,5.0,5.020071101858807
301,0.22129227484787228,0.20921287391006715,5.0,5.019323360670649
302,0.2881229073438569,0.2720671120413012,5.0,5.023325650726873
303,0.14259439855313794,0.13474626551478508,5.0,5.022985375597626
304,0.24589108840330987,0.2324382661972062,5.0,5.020618854914485
305,0.40401813056315916,0.3818768635301386,5.0,5.021950390018466
306,0.16507333371296484,0.15580080149084474,5.0,5.021343606888511
307,0.15369120163779915,0.14535590423162348,5.0,5.019460040939858
308,0.30878524108518657,0.29160722902183456,5.0,5.022543979048173
309,0.283414991667442,0.2678186546058927,5.0,5.0207293934031405
310,0.13028028884488596,0.12306452583459593,5.0,5.021677558372648
311,0.32867875318930206,0.3103662431837142,5.0,5.023640163351102
312,0.19083252659167393,0.18016486807149046,5.0,5.023106748016444
313,0.19495310335281513,0.18441202288648406,5.0,5.01853491582839
314,0.10789375296576065,0.10187091711309226,5.0,5.022489144790043
315,0.22544964510192456,0.2130494619564176,5.0,5.022215960325536
316,0.26560936906241284,0.25103594624739434,5.0,5.0200050595390255
317,0.19608640465276483,0.18545083565286635,5.0,5.015688892676886
318,0.20072931966199126,0.1895842412161488,5.0,5.022396663484585
319,0.33616036173033903,0.3175056436601129,5.0,5.0246902645451375
320,0.31772888357238194,0.30111391361566275,5.0,5.016145718891263
321,0.13085366714127256,0.12364405546496693,5.0,5.019909686165924
322,0.17135509942386706,0.162083980553962,5.0,5.025012392096819
323,0.41154869139669503,0.3889169554708205,5.0,5.022334849893033
324,0.2337119465355133,0.2209228963489791,5.0,5.019638510029267
325,0.2721500246071322,0.2570871684611742,5.0,5.022707789778282
326,0.35720484468661784,0.3375577212165386,5.0,5.023814478557602
327,0.17540495094763453,0.16591463921934735,5.0,5.0205163257488294
328,0.11793348376378288,0.11132966849586912,5.0,5.0237638607004165
329,0.1793187235097864,0.17061738324001352,5.0,5.0
330,0.15851719089301985,0.14978853514129198,5.0,5.020736869185969
331,0.26759271077938784,0.2528036117576833,5.0,5.020891803544458
332,0.2713595056048148,0.25656796655612735,5.0,5.018856940704
333,0.2915276812436982,0.2754054659259688,5.0,5.0225629595565024
334,0.30336525768356415,0.28640528443853164,5.0,5.0210223488053085
335,0.1323135848442143,0.12485454931729123,5.0,5.022585738455598
336,0.16011273685552796,0.15146656277760528,5.0,5.021033958881231
337,0.20935849213896662,0.1976561969804851,5.0,5.022416414615485
338,0.18461858523516184,0.17446298757021017,5.0,5.022354397604154
339,0.2256186618189484,0.2130546961209272,5.0,5.022597950692349
340,0.31806600868995116,0.30072144226807307,5.0,5.019775583656214
341,0.298473685118418,0.282245180480569,5.0,5.019732935595442
342,0.15407616760920884,0.1456114857219517,5.0,5.021498655760279
343,0.2835284556280615,0.2680384936060154,5.0,5.022624537471438
344,0.31405566731222456,0.2972584049465141,5.0,5.019698296999371
345,0.15696010724547405,0.14870325904003945,5.0,5.021327325982252
346,0.26416598921267576,0.2496298373829704,5.0,5.019409293727426
347,0.22286536968973736,0.21055234278461077,5.0,5.020086474727012
348,0.19417447749691474,0.183562758670633,5.0,5.0205006290048
349,0.4288899049741446,0.40577669154925555,5.0,5.020865136124737
350,0.1747514365965399,0.1643294096567729,5.0,5.019640809497181
351,0.29139809765608726,0.27564888711272384,5.0,5.020938232233316
352,0.23461592647258112,0.2232092237790151,5.0,5.0
353,0.2928804923355819,0.27707712850151833,5.0,5.0193837823848675
354,0.2335025433290452,0.22100438862297223,5.0,5.018703433750549
355,0.27295643174467243,0.25806347799608687,5.0,5.022388966465847
356,0.21604304339052605,0.2044399594563424,5.0,5.0184520389765375
357,0.17923204722018915,0.16942279718635267,5.0,5.022626407781354
358,0.24970610973668106,0.23623190212984713,5.0,5.018863210431306
359,0.18754759847316138,0.17738400063223447,5.0,5.020970587064069
360,0.1500762768237769,0.14195577853158303,5.0,5.019642124127515
361,0.23752900079187889,0.22487384221119844,5.0,5.018995801299404
362,0.22966173206363116,0.21716617413372585,5.0,5.020056190282629
363,0.3328949010494908,0.3153492364973389,5.0,5.016891977677451
364,0.25225362322266554,0.23839275712702523,5.0,5.022272566335975
365,0.3110412177235182,0.29433593327271823,5.0,5.022315476295063
366,0.2827049724220898,0.2689891690079256,5.0,5.0
367,0.4073279739974671,0.38538825925450815,5.0,5.02114547916892
368,0.397922552951145,0.37660477685875504,5.0,5.021567458422611
369,0.32562071626117617,0.30776792133522335,5.0,5.024559567255009
370,0.353846564977333,0.3351905703852345,5.0,5.021751065496423
371,0.36143282451952463,0.34170487641637615,5.0,5.0212205209295835
372,0.31522561990210063,0.2980082236404431,5.0,5.021843320103567
373,0.2589364732064585,0.24495803339928046,5.0,5.020574007965912
374,0.3455246320627665,0.32675046590770207,5.0,5.02223638949328
375,0.18246989304288053,0.17248611100396682,5.0,5.022306246560291
376,0.32286667313456663,0.30508620504962436,5.0,5.023332502986593
377,0.210401536798432,0.19874956463320648,5.0,5.025112224665449
378,0.33129126971846823,0.31333285662847343,5.0,5.021240910286524
379,0.1775194024126141,0.16781718051743333,5.0,5.020212107200832
380,0.13121419913518917,0.12403140630481935,5.0,5.021089350321137
381,0.32766143427495464,0.3098774152315984,5.0,5.021663384422235
382,0.21942835269163585,0.2078566846907275,5.0,5.0196651494041955
383,0.20887819030178156,0.19770590113865216,5.0,5.018789513471225
384,0.38196192442320953,0.3611328590476144,5.0,5.022341428021546
385,0.2477056175215635,0.234073892405821,5.0,5.023767283929965
386,0.26339002210703644,0.24937113845026926,5.0,5.018183870020518
387,0.18338626407915348,0.17330733433699952,5.0,5.022506294815061
388,0.19388601171501385,0.18343267682404774,5.0,5.020373762956103
389,0.22327820441219903,0.21105575832954782,5.0,5.023484632222219
390,0.21685598377993243,0.20513371772643985,5.0,5.019655838155064
391,0.16406288337494068,0.15525227631880978,5.0,5.019843213083792
392,0.15794874497190903,0.1491366768722726,5.0,5.024118009183676
393,0.2791643197703131,0.26399386597920294,5.0,5.0218380199845924
394,0.142526384214678,0.13471539449838166,5.0,5.023271124437132
395,0.20620390538458078,0.19541402405215424,5.0,5.018605642812535
396,0.2779712729162389,0.26307565403681643,5.0,5.019938249787446
397,0.276087202286605,0.2610308879795047,5.0,5.022019453924553
398,0.2059870398800483,0.19475165581282972,5.0,5.021134424862934
399,0.30142050420650324,0.28422515442918095,5.0,5.022389142480561
400,0.13521376328918677,0.1278197200639577,5.0,5.020624962758191
401,0.3763727549380047,0.3564541793415983,5.0,5.021460832988893
402,0.22566009796378417,0.21344079980560648,5.0,5.019247854394822
403,0.06759866297944872,0.06397217786507015,5.0,5.020559448742423
404,0.16604191725797612,0.15724336740308598,5.0,5.021137043181287
405,0.36198965768048175,0.342546729055224,5.0,5.019953273743489
406,0.24453084482612897,0.23122577371776498,5.0,5.022693359534047
407,0.2266397076916722,0.21433862617941535,5.0,5.025174363293878
408,0.2754443165569591,0.26047813396713737,5.0,5.021280908644288
409,0.1822210015432677,0.1722888455098217,5.0,5.0205918428017515
410,0.3312360151010605,0.31320898650796924,5.0,5.022802781672944
411,0.21103407208839098,0.19970569983166309,5.0,5.020864690622391
412,0.38955618322825925,0.3683180354303288,5.0,5.02320130303084
413,0.3019887588288537,0.28558573097671824,5.0,5.021075992800865
414,0.21391556696918523,0.20231989581745524,5.0,5.02041838646865
415,0.1835684511082154,0.17344020190655018,5.0,5.022420832214678
416,0.21471746449425488,0.20302301113075805,5.0,5.021373197608261
417,0.23798308082322372,0.22511703139127293,5.0,5.021806680103635
418,0.3552158555580025,0.33589623267007385,5.0,5.0230997918046505
419,0.09787585636434959,0.09247509094362005,5.0,5.0217040261935075
420,0.2115718009924772,0.20014346682539852,5.0,5.020412628061299
421,0.16495672737726053,0.15587037146184946,5.0,5.0220565643425985
422,0.24600177059145123,0.23252152077589794,5.0,5.022099534648117
423,0.21169450582935112,0.20042710138542752,5.0,5.0188183107002615
424,0.1761063144202546,0.16670103316802365,5.0,5.019621303275628
425,0.2532889985932629,0.2397048944481821,5.0,5.019621243079833
426,0.42402394622311546,0.4007790616446756,5.0,5.025644151429125
427,0.16666923816176848,0.15746272270938255,5.0,5.022034664015145
428,0.3438013802371527,0.32529637641037845,5.0,5.020238974112168
429,0.2718743308328999,0.2570182492623354,5.0,5.022932608670692
430,0.09876269966291007,0.09343251971891853,5.0,5.018684136937663
431,0.25439445816103823,0.24086645799828288,5.0,5.020528809762395
432,0.16078220434502422,0.1515880223360353,5.0,5.021221604719486
433,0.13713793052658274,0.12983756440229288,5.0,5.0195007394396995
434,0.27060726475710095,0.25591134784547753,5.0,5.018308116633907
435,0.24319811211428344,0.2299717516800539,5.0,5.022405025556811
436,0.14927252019616954,0.14135225427517217,5.0,5.0237626396468915
437,0.3984521140461377,0.3767968566430824,5.0,5.023890246404017
438,0.3359134594068287,0.3180790433956169,5.0,5.0187127714649815
439,0.25335296681024677,0.23950824488217592,5.0,5.021327859755722
440,0.2686238668047569,0.2539533860566654,5.0,5.020596349581847
441,0.17132220257822128,0.16188800375470103,5.0,5.020891217179306
442,0.18096574327747428,0.1710563148709381,5.0,5.022931756686013
443,0.15256619775230695,0.14434722247053444,5.0,5.021212119358882
444,0.23918767905320482,0.22631065369078662,5.0,5.021491668149061
445,0.2420722585073214,0.22889120318169298,5.0,5.0207624803842155
446,0.2607189945136965,0.2466068285962324,5.0,5.020007223559331
447,0.19659904712945697,0.18580854613778874,5.0,5.023111678705314
448,0.19819661964820368,0.1873772589316094,5.0,5.021464533131157
449,0.22938964345028912,0.21684667545655278,5.0,5.021936036577035
450,0.17295785097258776,0.1630765933193168,5.0,5.024896802432641
451,0.20936197521694289,0.19818288627607927,5.0,5.023476555135655
452,0.2837106270982752,0.2684735387910058,5.0,5.018623608024697
453,0.1973439622141988,0.1865546506986524,5.0,5.019393910003629
454,0.18740160491361157,0.1774455297066564,5.0,5.017780491007482
455,0.22168778823481672,0.20962120343582935,5.0,5.02120479091384
456,0.16456027184581057,0.15560555217718486,5.0,5.021859058458569
457,0.2141187206364492,0.20236741755360077,5.0,5.020974370094731
458,0.2046699849204725,0.1936608020388273,5.0,5.019808355156528
459,0.3030106340486165,0.286662148696081,5.0,5.02145166475767
460,0.24748435942549274,0.23396739110602804,5.0,5.02291166538714
461,0.22612896726722975,0.2138115443301558,5.0,5.022658110474101
462,0.2907709819970048,0.27511093542891873,5.0,5.020550826569812
463,0.18680590941332387,0.17684058675973735,5.0,5.025871954449688
464,0.2901416803958887,0.274484947962609,5.0,5.020614843295768
465,0.1642307500000475,0.15557610404659505,5.0,5.018870715835249
466,0.2498187566361869,0.23616330565588117,5.0,5.021007885863158
467,0.15111734522288423,0.1428477163764179,5.0,5.0239941186454296
468,0.17791816629230706,0.16829727740931588,5.0,5.019937985329852
469,0.13214345071237088,0.12487542134749474,5.0,5.022508255605018
470,0.24733130499076905,0.23399695868100268,5.0,5.021821416208407
471,0.30355859234046245,0.28710411203111663,5.0,5.0221899639076995
472,0.21421339109459825,0.20298335951122182,5.0,5.016747048418768
473,0.28145999952366574,0.2661462424808292,5.0,5.022340902110107
474,0.09472059939027244,0.08991451194143729,5.0,5.019753549868495
475,0.18805008988703942,0.17786366618321137,5.0,5.022096498712445
476,0.3412598139924168,0.3226605718525146,5.0,5.021380654772338
477,0.18321682403339223,0.1733908234381225,5.0,5.019828436101488
478,0.29560816580754623,0.27963889209947745,5.0,5.022080553095254
479,0.2580676482733415,0.24425397396697002,5.0,5.021513974814065
480,0.28063535279571283,0.26558293611533457,5.0,5.017766006913318
481,0.24600998265445195,0.2323143783535051,5.0,5.0255060083076675
482,0.23527960473096843,0.22239801314867513,5.0,5.022814735118191
483,0.3144974597267933,0.2971347011580783,5.0,5.023732306824398
484,0.14631971894252338,0.1381758352908884,5.0,5.025035794655306
485,0.21459270497825345,0.20294535556490323,5.0,5.020758434932944
486,0.09735318583105013,0.09206595995958788,5.0,5.017794922521297
487,0.158067392242347,0.14899061519989387,5.0,5.022020883387164
488,0.3236555089180406,0.3060424923330205,5.0,5.02164070316053
489,0.317002315100946,0.29973623152450224,5.0,5.02143824757427
490,0.15994618148111894,0.1511725981121128,5.0,5.019367461750077
491,0.20751704171140584,0.19609844253902664,5.0,5.020362428116787
492,0.17945640168347343,0.16893583056362682,5.0,5.02478565969481
493,0.3080066216205932,0.291210832159863,5.0,5.02227283156528
494,0.3717156995673485,0.35190480260711676,5.0,5.019434517301322
495,0.21544942525027766,0.2036245434447881,5.0,5.022293860888567
496,0.2627728899905155,0.24838460056603706,5.0,5.021395115696352
497,0.3341174535727154,0.31550429739897634,5.0,5.022777122549611
498,0.17840532235350337,0.1686734802233243,5.0,5.020392596247287
499,0.20198639661530593,0.19113771777559774,5.0,5.0209178056560955
500,0.280894305868731,0.2656433344481903,5.0,5.0220886558208555
501,0.3392949409927988,0.32112270024468015,5.0,5.01989907851951
502,0.17777763658270773,0.16819916608582242,5.0,5.0191434841387395
503,0.2862483637420077,0.2707829487110245,5.0,5.021802621102669
504,0.3881284172090951,0.36711041190800375,5.0,5.022075254288234
505,0.1272951631580621,0.12041417396124743,5.0,5.021117570203124
506,0.25730061344457744,0.24338218353457686,5.0,5.021071361816354
507,0.24682444528277836,0.23334019376708515,5.0,5.021827009001374
508,0.26379588228259454,0.24959835480893733,5.0,5.021144052263518
509,0.27420037101747585,0.25940239052003955,5.0,5.021655786894446
510,0.3823178200808093,0.36166365313969995,5.0,5.020585351669711
511,0.23081042131392593,0.21819404071052073,5.0,5.0218659799272825
512,0.2487830173270671,0.23521814254277795,5.0,5.020764465017704
513,0.33289072276276577,0.31477550642000796,5.0,5.022240113685923
514,0.17544433530299752,0.16579479824419363,5.0,5.019843749420483
515,0.31060611542575156,0.29392514106969125,5.0,5.019595601934954
516,0.2558753543841097,0.24203509954224,5.0,5.020328080608403
517,0.2808490829006749,0.2656114723993672,5.0,5.019395344986242
518,0.2771192645811338,0.26205585384983987,5.0,5.021513652904268
519,0.3210768238247492,0.3036109526349291,5.0,5.023410026496782
520,0.16975991122835477,0.16069848332333114,5.0,5.017877981835488
521,0.14187274961375684,0.13414272089955293,5.0,5.0199604902330375
522,0.2935908935351863,0.27742827351732746,5.0,5.022080988628463
523,0.3021814384919823,0.28488776943390115,5.0,5.0180395220897545
524,0.19572901275993604,0.18504930369888206,5.0,5.022187840745156
525,0.16662338617907535,0.1575191881878002,5.0,5.023009194666566
526,0.194363137969622,0.18377073178169234,5.0,5.025625669652829
527,0.3520650249264623,0.3328763202215792,5.0,5.022064765234671
528,0.2277004660194597,0.2152393493130038,5.0,5.023223673648456
529,0.22197052960215058,0.20982991014396646,5.0,5.024489217090986
530,0.08000163655479109,0.07566802546243978,5.0,5.021407830808746
531,0.27028688637479537,0.2558969129495319,5.0,5.017788124370259
532,0.1980239509433792,0.18721984173023576,5.0,5.020246150167509
533,0.29219310161515866,0.27626572214864575,5.0,5.022204607079157
534,0.32569583443160566,0.30827565028971815,5.0,5.020039854735083
535,0.1749501117445853,0.16538675098209388,5.0,5.02195756685305
536,0.11513220702691207,0.10910325629339779,5.0,5.019198198907704
537,0.49398553284545055,0.46738894316252755,5.0,5.022752501830263
538,0.2035692369562887,0.19241703694840195,5.0,5.0223574430531315
539,0.26697898650662655,0.25249245766966566,5.0,5.0225792981629525
540,0.16258895004738982,0.15384944183879945,5.0,5.021312204273576
541,0.186201910374731,0.17586988739518983,5.0,5.015612470160589
542,0.21611205839509928,0.20435722960576141,5.0,5.022368707477893
543,0.27399545890113486,0.25911805239067376,5.0,5.021465330681716
544,0.301921104550793,0.28576734483193267,5.0,5.021528185284971
545,0.3335544954137597,0.3157021174086152,5.0,5.019607925653089
546,0.4056362245779579,0.383389803039516,5.0,5.023976166716491
547,0.2774538436878402,0.2623997119090533,5.0,5.022247453469397
548,0.19340682842936663,0.1827686176067571,5.0,5.026109123893523
549,0.30595625057822584,0.2891482608631788,5.0,5.022174295192512
550,0.32891262703051183,0.31174814142239304,5.0,5.01869235702582
551,0.22876964316260828,0.21662421197780946,5.0,5.017244130306695
552,0.24073444126449317,0.227882559859361,5.0,5.020356146643072
553,0.26755585818813143,0.2523293561038542,5.0,5.022331122489527
554,0.20391787148031026,0.1928568794106449,5.0,5.02146977968744
555,0.25273590078600283,0.23925694451537916,5.0,5.022774554023428
556,0.21967251539898935,0.20770368850972276,5.0,5.0209021521019
557,0.3058532674004506,0.2893613173010394,5.0,5.020589306215468
558,0.1559671889322798,0.14757307332300384,5.0,5.021657390977987
559,0.24060439703976622,0.22762314625398017,5.0,5.020109304803411
560,0.1317053130157544,0.12456993201106203,5.0,5.020017860876633
561,0.11671599155874723,0.1103251116538344,5.0,5.021341859111574
562,0.16845628137527724,0.15922655411763564,5.0,5.019858186565749
563,0.2567554373590055,0.24291344372305312,5.0,5.019803734856714
564,0.14302967002650058,0.13534123098020623,5.0,5.020524757509834
565,0.3616073800016515,0.34188696692101006,5.0,5.021707440511296
566,0.16796696696245395,0.15887622517130873,5.0,5.019299792867988
567,0.29704477338504653,0.2812813312796967,5.0,5.017941441610567
568,0.10237034988047622,0.09679719341900128,5.0,5.0224936754782945
569,0.21155628946916938,0.20026620185603172,5.0,5.019148950321908
570,0.20657795943733448,0.19533383661234716,5.0,5.02043093678628
571,0.25144999945034474,0.23870082266850035,5.0,5.0
572,0.16764169194827194,0.15891648112924206,5.0,5.025253201863578
573,0.352162041660824,0.33318254778117495,5.0,5.020823466746851
574,0.2544099663867714,0.2406383234156355,5.0,5.0211242309002735
575,0.22765137805579938,0.21537364125547542,5.0,5.0201360692408326
576,0.1567779106654006,0.14852887245963386,5.0,5.01941636148608
577,0.47843130614653995,0.45239458078536043,5.0,5.0241532908444775
578,0.28407720745617016,0.26920906525925536,5.0,5.019324713225419
579,0.21361631769642275,0.20209822381602893,5.0,5.018334710497578
580,0.1629255392740876,0.15411030198241882,5.0,5.021860242100251
581,0.1163710535222997,0.11003873529200514,5.0,5.022368993181363
582,0.4325863135741346,0.40930287107751573,5.0,5.015180922286104
583,0.25095592463466576,0.23775993935287576,5.0,5.0197139877962815
584,0.4042370831544586,0.38208994723080036,5.0,5.025561724684797
585,0.22326902071322463,0.2108696104267791,5.0,5.022551912173583
586,0.2939739286023786,0.27814155021321496,5.0,5.019388240903346
587,0.1849840132898568,0.1749481840761422,5.0,5.020396833159744
588,0.2861164277057553,0.2706048734005366,5.0,5.020994233685494
589,0.16598075085636332,0.15702156098101216,5.0,5.019270639756064
590,0.2865472482106646,0.2710264363331685,5.0,5.02297703233431
591,0.23388331935969497,0.22115667263626992,5.0,5.020202146710071
592,0.26291974123280526,0.24860697812906762,5.0,5.0215775166884224
593,0.3057748055039766,0.28902294294459874,5.0,5.022504425744856
594,0.19187094870424892,0.1814360065845977,5.0,5.021996694197872
595,0.2793530713090544,0.2641284377739386,5.0,5.0210583407817655
596,0.24876947149016848,0.23519613911166415,5.0,5.023586487165161
597,0.154215600256997,0.14581524307192595,5.0,5.022028809986754
598,0.20097513519788257,0.1900318570089301,5.0,5.020936532056286
599,0.41559682291362465,0.39326498985936764,5.0,5.020793453171892
600,0.2494131927121237,0.23560432584012658,5.0,5.02144124474067
601,0.2939028002041042,0.27802117702268525,5.0,5.020895409289272
602,0.36744629142265683,0.3474333945485806,5.0,5.023723715615462
603,0.29911525867745903,0.28311333104614644,5.0,5.019240985494466
604,0.22285424553117172,0.21089731586021765,5.0,5.0186102797894705
605,0.3247513062731875,0.30724668451338966,5.0,5.019943469496795
606,0.2643996705749767,0.2500341200994318,5.0,5.021751745816214
607,0.3009586447732937,0.2844634717895751,5.0,5.022754046510114
608,0.1191589719894206,0.11268098449506314,5.0,5.018694091858542
609,0.14122183366000973,0.13360060897400916,5.0,5.019342946108916
610,0.17093386230489394,0.16168372345694682,5.0,5.019662688534332
611,0.1250209490679155,0.11831870365316366,5.0,5.018870776948594
612,0.19933275893352875,0.18859107029802447,5.0,5.02010469175616
613,0.2852359520442995,0.2698457405644812,5.0,5.02092519198551
614,0.2595641024101387,0.24553144100858493,5.0,5.019415326803562
615,0.40237243390815314,0.3806625338875249,5.0,5.02228153051794
616,0.16723527810365035,0.15816413589577571,5.0,5.0225660352890245
617,0.20748346251792538,0.1960661406517472,5.0,5.017398098908581
618,0.2941380638998041,0.2780695085210072,5.0,5.022577768196239
619,0.22699867588111444,0.21477635368287928,5.0,5.022501997747293
620,0.17955243960449208,0.1695316875512236,5.0,5.023603150439246
621,0.16364581820746937,0.15413216495072102,5.0,5.024607063966018
622,0.11137523011475814,0.10536012963796604,5.0,5.021466529958918
623,0.34119750284836203,0.3224285674088403,5.0,5.025258008600364
624,0.378469281456594,0.358190534498666,5.0,5.019315929895889
625,0.18474173209945444,0.17476772712890787,5.0,5.020952734642421
626,0.26794236082674394,0.2540287818744509,5.0,5.019944032404915
627,0.2147990447893764,0.2034188578280871,5.0,5.017598522352973
628,0.07800034867269923,0.07362452996077606,5.0,5.017019405980241
629,0.24858119110174592,0.23515539858896983,5.0,5.019302875556599
630,0.32394600961253706,0.30627779525221355,5.0,5.020587426994423
631,0.2537346799864495,0.24002505493882498,5.0,5.019290422822227
632,0.21503628600104108,0.2033635892116008,5.0,5.020574517344345
633,0.14877580803562473,0.14049148418719715,5.0,5.026002003417043
634,0.3458508933834874,0.32637928797431504,5.0,5.022966825605417
635,0.14346816753774294,0.13556615695582885,5.0,5.023659193030108
636,0.24239910924323516,0.22933496195331293,5.0,5.019606295988206
637,0.3883222192358873,0.3674678745036384,5.0,5.020271011263073
638,0.1718857597597785,0.16238070156114381,5.0,5.023950692904995
639,0.1732283191857067,0.16372568396880216,5.0,5.021814711244179
640,0.3627828296510034,0.34309275688466645,5.0,5.02065986157981
641,0.21287736837906812,0.2020539245153441,5.0,5.017368384885197
642,0.32939754528984166,0.31108336037364603,5.0,5.021636221549244
643,0.17700262753241458,0.1675511889693313,5.0,5.017860481950667
644,0.20390680320301446,0.19303317187836022,5.0,5.01941108101839
645,0.13070963576885952,0.12350999913068561,5.0,5.021301567238714
646,0.18313292108327373,0.17283594597878094,5.0,5.022590426476423
647,0.26701217008143585,0.25264537421156397,5.0,5.019982358329447
648,0.4146833045555356,0.39222733023507717,5.0,5.022252352629897
649,0.14697735794028355,0.13884313313037433,5.0,5.023877059759574
650,0.2805036781650807,0.2652038298497825,5.0,5.021511954563165
651,0.17048181039646804,0.16116825865244166,5.0,5.02160891283201
652,0.25218093747910597,0.24031716413858084,5.0,5.0
653,0.21231844365306207,0.20076423733869309,5.0,5.020287477397938
654,0.3084806831204998,0.29163375313691264,5.0,5.024146011895931
655,0.1835967359338848,0.17332917693608652,5.0,5.023462620807679
656,0.3062435383528965,0.2891978328492253,5.0,5.022569712457239
657,0.1526738498201139,0.14426125114327326,5.0,5.0222728573234665
658,0.24387739259322028,0.23063531831414852,5.0,5.023217707021805
659,0.1688667927461014,0.15904024052468224,5.0,5.024447188027077
660,0.227860750348293,0.2156096825160887,5.0,5.019647804211971
661,0.24233849906663774,0.22892817990765169,5.0,5.022515799788749
662,0.2871304255947047,0.27113622776192026,5.0,5.024632123340993
663,0.3200244637620455,0.3030697279013539,5.0,5.0180529264153595
664,0.11531117186455653,0.10883120978450789,5.0,5.0216313210389
665,0.18539307250953674,0.17520042886301668,5.0,5.025406925814604
666,0.3654125635721581,0.34537893891875826,5.0,5.022565323034094
667,0.32640438507016456,0.30864896931082186,5.0,5.021360831340207
668,0.26486089686993664,0.25032291988650024,5.0,5.023024182603102
669,0.29470133853913394,0.2806924438506315,5.0,5.0
670,0.1295448418599323,0.12251123762463734,5.0,5.019699969683051
671,0.11182558119943398,0.10551882752681374,5.0,5.020836497137946
672,0.31332875190686793,0.2961559708436057,5.0,5.02374087927274
673,0.22434629662603944,0.21212050157589202,5.0,5.021369212015534
674,0.17036321138510835,0.16121587362202905,5.0,5.019626436964595
675,0.11470226499904168,0.1085063603624905,5.0,5.020133260270621
676,0.2050790910262852,0.1938756911853301,5.0,5.021710044415322
677,0.24400896810141703,0.2309125519065005,5.0,5.019711968718923
678,0.2103924116448721,0.19903506069414734,5.0,5.019946502751571
679,0.17162134042578492,0.1621955684023939,5.0,5.021228502228041
680,0.1852532558898472,0.17510034421265952,5.0,5.021937553606088
681,0.25897141686127645,0.24489550960466344,5.0,5.02149829995699
682,0.1625027624008346,0.15360813753405123,5.0,5.022671032586246
683,0.15541725304596787,0.14676729769719743,5.0,5.017804087647351
684,0.31665371786158913,0.2996366060747635,5.0,5.019585734240106
685,0.28631347642381066,0.2708244585995714,5.0,5.018181364723322
686,0.14092032112266661,0.13311314832585697,5.0,5.023691980865497
687,0.17724495967687437,0.16764219425832683,5.0,5.018963662058038
688,0.28130355493078185,0.26617367348669485,5.0,5.019769434819228
689,0.22432466580733346,0.21181131756612492,5.0,5.021623976582497
690,0.19031760207114634,0.18092300564902652,5.0,5.0
691,0.19567672986115525,0.18513799237754358,5.0,5.021576108761723
692,0.25695177593046714,0.24319675769074944,5.0,5.019717217856998
693,0.19690362783200155,0.1861019082632447,5.0,5.021434693086677
694,0.22858139123832122,0.2160380140964473,5.0,5.02238540355691
695,0.13674882548472178,0.12927157612814955,5.0,5.01964730156776
696,0.16325604893695012,0.15436179330206645,5.0,5.02143656531759
697,0.25789555555445576,0.24419922634113322,5.0,5.017824122720933
698,0.13249621587394667,0.12535159120809425,5.0,5.019952711284432
699,0.15675720707702,0.14810608466967956,5.0,5.020642740664192
700,0.20102567796243997,0.1902394170133277,5.0,5.019533995146972
701,0.19571442283252827,0.18530422095608046,5.0,5.018044552884566
702,0.15413396470030571,0.14588163059896186,5.0,5.017107900377278
703,0.22238935427173323,0.21002384708474242,5.0,5.023145071967594
704,0.26610577362079346,0.2515872189309274,5.0,5.022189014319647
705,0.2367876131090516,0.22402249392368456,5.0,5.018507837819293
706,0.18508722209486672,0.1752223351043165,5.0,5.022608376614031
707,0.18620311680899038,0.17600458556734222,5.0,5.020704498167232
708,0.2682077956092981,0.2537857139917652,5.0,5.018819472882825
709,0.15203074439834796,0.14376189021330488,5.0,5.021881162919337
710,0.29956532659738455,0.2833861083745881,5.0,5.019652408720727
711,0.21319208254511768,0.20153577820923463,5.0,5.023097665592111
712,0.3388822943141585,0.32062464701812354,5.0,5.020439256660341
713,0.37395482402391345,0.35414758268619173,5.0,5.019399594590679
714,0.20302653781356095,0.19194716312069038,5.0,5.022030349308801
715,0.16911436317069106,0.15988461647050012,5.0,5.021282230295707
716,0.12950265283918405,0.12234288298637508,5.0,5.021974185285885
717,0.15907686667090615,0.15040438169428727,5.0,5.020117178540131
718,0.24208498177040738,0.22900904796212052,5.0,5.0201237601707405
719,0.24182978812136402,0.2288342736596185,5.0,5.019853021566032
720,0.26167450470797027,0.24770583931930346,5.0,5.020059432010848
721,0.1251968633744558,0.11839991153047214,5.0,5.020710406054825
722,0.34560638003100363,0.3268776869806804,5.0,5.0206079754108135
723,0.20995395947939466,0.19846100538822053,5.0,5.021227689261014
724,0.24872073515544035,0.23534705651148968,5.0,5.020560480185798
725,0.21972503772214536,0.20769737049142756,5.0,5.022166766322469
726,0.270247619243031,0.2562400849733485,5.0,5.018755167566651
727,0.21364402928901516,0.20185417842388254,5.0,5.022105230013505
728,0.08224632807946253,0.07766127660630295,5.0,5.01855484308356
729,0.1741328726847402,0.1646823994415454,5.0,5.020740536651651
730,0.22699352672654172,0.21465915670762192,5.0,5.020879851271189
731,0.1747004742445042,0.16522783137849584,5.0,5.01911775879905
732,0.06594063822395468,0.06246067457836424,5.0,5.019597724081963
733,0.21398090769188638,0.20230881798023148,5.0,5.020765042401507
734,0.06748881673936125,0.06379450565511724,5.0,5.02043629296816
735,0.22201676375686152,0.20990115932731968,5.0,5.018029208192614
736,0.0911321522223536,0.08619486703712442,5.0,5.022102992715407
737,0.1383346532798393,0.13083027432606786,5.0,5.0198913415608715
738,0.24353798542865812,0.23032261473174942,5.0,5.0190895060393625
739,0.188894194762945,0.17862230793160094,5.0,5.0212340289213575
740,0.18702790615177523,0.17683795814274195,5.0,5.0227986176693395
741,0.2190515944278515,0.20733639852641805,5.0,5.02373307231343
742,0.16312180485343264,0.15410473931799684,5.0,5.021914229253479
743,0.2383461988917479,0.22525274868675593,5.0,5.021537314725499
744,0.11820639403792632,0.11179254631478353,5.0,5.019635841491965
745,0.21753626706969675,0.20565427963732863,5.0,5.022162190038024
746,0.30553342617487966,0.28886081418578113,5.0,5.02035351129634
747,0.2675598795886185,0.25331617559124964,5.0,5.02057002932605
748,0.1276730901822336,0.12073802820310475,5.0,5.021475887615594
749,0.1856736629111797,0.1757340904475957,5.0,5.018955070803726
750,0.3572699715124683,0.3379443683383627,5.0,5.0199504722318355
751,0.20442820037548293,0.1934326393508521,5.0,5.018351420649738
752,0.40926159195057,0.3871239564772271,5.0,5.021142273978336
753,0.16953747699819854,0.16021287779192672,5.0,5.020697400750445
754,0.2345711511347035,0.22183203357682157,5.0,5.021481607281757
755,0.16962589608134637,0.1603882499766658,5.0,5.020383903102665
756,0.1460380037380138,0.13817866709306803,5.0,5.019161201276976
757,0.24677250536620488,0.23332939658488083,5.0,5.020923192420641
758,0.3158341053219438,0.2985545063421522,5.0,5.022320672805831
759,0.24769408507903545,0.23423528953365547,5.0,5.020864468008268
760,0.2936304202018958,0.2779925636572691,5.0,5.018643655721657
761,0.2375875560869114,0.22453662246693984,5.0,5.021021752439232
762,0.1535827824281295,0.14520305874950346,5.0,5.021414253324812
763,0.16696093671234458,0.15791160853678443,5.0,5.019444409645857
764,0.238420637757226,0.22531159935855483,5.0,5.02222648517324
765,0.14519646660855767,0.13734051191121144,5.0,5.020127568436115
766,0.2303999576648359,0.21773455132626762,5.0,5.024185818096676
767,0.17222672463546318,0.16300432169851398,5.0,5.018600408881282
768,0.18120893159708462,0.17118184022788396,5.0,5.021124409772781
769,0.261402234382379,0.24712512019535793,5.0,5.021290190528012
770,0.24290672040742134,0.22974909188107784,5.0,5.020292301724378
771,0.2624336183705811,0.24809606036925147,5.0,5.022628140251539
772,0.31059012395156893,0.2938739555101346,5.0,5.020145725137288
773,0.2074288084214011,0.196179329970944,5.0,5.019371518521778
774,0.24655645209747967,0.23299959695594863,5.0,5.0220854352216815
775,0.22030335220212405,0.2085303849184117,5.0,5.021846703309105
776,0.3221793869054681,0.3046203454626015,5.0,5.021678261794609
777,0.2906812494581539,0.2748141418221588,5.0,5.021397987626974
778,0.21635271195289163,0.20449319509295116,5.0,5.024196569802388
779,0.26848568317644794,0.25384208074214265,5.0,5.0204979595169075
780,0.20422072138987635,0.1930618992984865,5.0,5.023370073636588
781,0.2505753131954904,0.2371025696449176,5.0,5.0221211403546295
782,0.19786214729498663,0.18716027697656878,5.0,5.019644229528009
783,0.22781122413017818,0.21543241406729408,5.0,5.02167003915134
784,0.08655795482089856,0.08200438362795137,5.0,5.0187822320126685
785,0.19138959210348427,0.18091722000327426,5.0,5.020577427235118
786,0.15572853143279852,0.14744010176320277,5.0,5.0187444362307065
787,0.21791580018840695,0.2059753438678671,5.0,5.020842911374821
788,0.16248032016445935,0.15371015715613945,5.0,5.020776553356585
789,0.20866013352977997,0.19726342582555523,5.0,5.018696763486288
790,0.304976862291477,0.2880940843629691,5.0,5.022243154682364
791,0.2676154946345488,0.2529834146665386,5.0,5.021631480048594
792,0.25855629965977345,0.24447117634038174,5.0,5.021472081715066
793,0.16557465366813195,0.1567292503479989,5.0,5.019260423182539
794,0.23289925278565815,0.22020607692459304,5.0,5.021900318562995
795,0.19782516371358616,0.18698430366378216,5.0,5.022128185529882
796,0.23642276870283307,0.22359511724354753,5.0,5.0215561314036705
797,0.26184139617823576,0.247692305228691,5.0,5.019686192401052
798,0.23020521594042287,0.21761168562051214,5.0,5.021680721973745
799,0.38734670411507577,0.3662063007462497,5.0,5.022555062697895
800,0.26941677702224776,0.254961006956552,5.0,5.0184293889340115
801,0.24448838482448498,0.23127623377638828,5.0,5.019246318257977
802,0.21335714327587763,0.20162240483152916,5.0,5.0215895304642455
803,0.24421469096704862,0.23085870566820188,5.0,5.020910904987694
804,0.25305017320808676,0.2391564842933689,5.0,5.023862281529103
805,0.2535648424662429,0.24133968930996896,5.0,5.0
806,0.18677862159571434,0.17668559542343876,5.0,5.019837677875891
807,0.1602722113642796,0.1514519428480645,5.0,5.02366989233181
808,0.32609412861940545,0.30848097209243286,5.0,5.020679607321199
809,0.16490189383940201,0.15646206781308059,5.0,5.0187980140649024
810,0.30914472536235893,0.2924226770696716,5.0,5.020186245365066
811,0.20117814557556457,0.19018546772955403,5.0,5.024547340936092
812,0.2518207981589331,0.2382788480670317,5.0,5.018546940417439
813,0.1614068700256761,0.1523644739186656,5.0,5.0238576026626625
814,0.24864049604161753,0.23518296746235312,5.0,5.020757343471951
815,0.3966139110124267,0.3754041983473375,5.0,5.019567804631722
816,0.3916890414157679,0.3706450645741366,5.0,5.020234642906951
817,0.14358721677279118,0.13573019015889543,5.0,5.0217950243304355
818,0.23682986103865478,0.22411031754611566,5.0,5.019183565424408
819,0.1894143786757294,0.1790933513577322,5.0,5.0198364918093485
820,0.1838755208331473,0.17381058877068778,5.0,5.021953576251628
821,0.14905173868647292,0.14059715881524992,5.0,5.019004048577811
822,0.14300543933901122,0.13517637106594016,5.0,5.019190119240671
823,0.230750353914978,0.2185329124465072,5.0,5.018147111210531
824,0.1738906965863991,0.1647904885624949,5.0,5.021534231981102
825,0.15749936122009744,0.14878939674866576,5.0,5.02263410520861
826,0.3082642241276661,0.2915292293247016,5.0,5.024290953210384
827,0.1771991521416676,0.16758601597016431,5.0,5.018828178948436
828,0.15584501850507038,0.14722314938364156,5.0,5.020319943770755
829,0.3321218006109299,0.3140445571639263,5.0,5.023164362777068
830,0.29415967963683576,0.2782040190831536,5.0,5.021816265363048
831,0.1471795443290942,0.13918810851655672,5.0,5.0207389478099795
832,0.38560387253084016,0.3650251155678492,5.0,5.020239540435707
833,0.1596513945142337,0.1510296015996695,5.0,5.021657275916507
834,0.1813476445873825,0.17144969606737126,5.0,5.018603838500715
835,0.15394842460189095,0.14602603428615057,5.0,5.015921183404712
836,0.1979839479205472,0.18753245448708533,5.0,5.019066293975296
837,0.27888171010377527,0.26360110678797644,5.0,5.0210755473681346
838,0.1391250357453495,0.13154900059171482,5.0,5.019094325565421
839,0.24201609527061674,0.22880815651067588,5.0,5.021282949421844
840,0.22369583296591533,0.21156357414883598,5.0,5.022758705678099
841,0.1365485637014361,0.1289854930944443,5.0,5.020945957391181
842,0.14969816931018887,0.14163440809227001,5.0,5.020251064336332
843,0.20738926064696717,0.19631711247405348,5.0,5.018718308629602
844,0.24346630126666158,0.23032589037969142,5.0,5.019843244550097
845,0.1684831122120536,0.1602736887317393,5.0,5.0
846,0.11838155116329618,0.11204660501661667,5.0,5.018508488971207
847,0.29979836647192926,0.2838065513247512,5.0,5.018843854992623
848,0.2243914445394144,0.212240611511872,5.0,5.01992906060555
849,0.14845016157080382,0.14035381096462007,5.0,5.021163168063856
850,0.2550807817417633,0.24126877936784585,5.0,5.020642350303159
851,0.25211862978697597,0.23786907109321787,5.0,5.021572100474723
852,0.16661854156574396,0.1577306772769198,5.0,5.018551171783958
853,0.12858323656747928,0.1217693626173948,5.0,5.0189268639972
854,0.2193253969196174,0.20700310952563683,5.0,5.02260721634074
855,0.13495586797992476,0.12753950672990166,5.0,5.019868221771304
856,0.2802819052273602,0.2651076953404312,5.0,5.019363269967068
857,0.4244182739023634,0.40110039863257385,5.0,5.022948032066221
858,0.3868637284923506,0.3655551508849242,5.0,5.0222430998961975
859,0.3055658154916572,0.28910072596865466,5.0,5.020065624691474
860,0.1990899728488711,0.1880118642042654,5.0,5.021770668178807
861,0.25590411635420707,0.2419728826045875,5.0,5.021018781449733
862,0.2417736121692442,0.2287162217626837,5.0,5.020330763117116
863,0.14940308748478226,0.14119523462614803,5.0,5.02033305731751
864,0.25783739656809535,0.24378033494652662,5.0,5.021962234001496
865,0.20003892402769674,0.18931173065522455,5.0,5.018796935321532
866,0.3009773514077838,0.28462203344575765,5.0,5.022178895575573
867,0.1859821749699837,0.17707520595801052,5.0,5.0
868,0.11593120336397722,0.10957748117443611,5.0,5.021439387128845
869,0.23916944297984122,0.22614265102840325,5.0,5.0186876975761585
870,0.12457909705256909,0.11788561020278965,5.0,5.019047347569057
871,0.15521303995750335,0.14632255901367142,5.0,5.022970684515791
872,0.22312922303985805,0.21117164417770784,5.0,5.0186279523151445
873,0.27054515987396055,0.2558128444967176,5.0,5.023932039597678
874,0.2196730179401467,0.2077476224374093,5.0,5.021424477490646
875,0.12294768814833046,0.11630700000211669,5.0,5.021752318804502
876,0.22098178188365591,0.20892207682886976,5.0,5.0211090122497115
877,0.09274824748276389,0.08767424703870397,5.0,5.0182943542443414
878,0.3396685659023455,0.32105885800489187,5.0,5.023090603946878
879,0.1826623017083775,0.172772385960952,5.0,5.019509300497038
880,0.19775696898744344,0.18726643468111326,5.0,5.017923618743891
881,0.1681433668383121,0.15916694637516215,5.0,5.018961180385055
882,0.17257027585724583,0.1640152666854946,5.0,5.0
883,0.1957819941676855,0.18516691318407053,5.0,5.022012220381402
884,0.1983542631482218,0.187763293009241,5.0,5.018252362711877
885,0.17793640247850395,0.1678229791867798,5.0,5.020707524228971
886,0.1595311990248014,0.1510084814217545,5.0,5.018443572348135
887,0.1593369588397331,0.1505932813629094,5.0,5.020679977913964
888,0.25067058479383597,0.2372453512669379,5.0,5.019248694897831
889,0.1490221608703357,0.140933977684089,5.0,5.019419102613867
890,0.2285502376684323,0.21611277359274395,5.0,5.022468405556646
891,0.24769090698660712,0.23444681148893443,5.0,5.020207878813707
892,0.22687146471540887,0.21458409565219694,5.0,5.020299162358368
893,0.28992853192808243,0.27413547263033533,5.0,5.021910418928615
894,0.33373505983879515,0.3154188577685171,5.0,5.015872361767402
895,0.15176280497002947,0.14359736661323774,5.0,5.019882087800607
896,0.30071201601830433,0.2843597431997378,5.0,5.0231413666153735
897,0.1472406164459341,0.13921985457358477,5.0,5.021806096853574
898,0.21620123158203275,0.20439937565397925,5.0,5.022567666401292
899,0.22838765060823207,0.2158802719792905,5.0,5.02239622848208
900,0.2858544032609922,0.270136959659647,5.0,5.022363652904911
901,0.14057624897801602,0.1329681597337644,5.0,5.019919498008534
902,0.2375771731796983,0.22481476506265619,5.0,5.019016108899432
903,0.12924440006811344,0.12194062490525792,5.0,5.021356513742905
904,0.2156012511065717,0.20357093568776174,5.0,5.0231807403945705
905,0.20767439045032643,0.19634824508155058,5.0,5.021093888009913
906,0.24079903277286863,0.22700096828245075,5.0,5.016654090463204
907,0.18561993307839963,0.17556118577252677,5.0,5.020653882377895
908,0.18153068106170012,0.1716470443532485,5.0,5.019565189933184
909,0.31427815519126456,0.2973676650169268,5.0,5.0202669315431425
910,0.28376964793256887,0.26826548111807624,5.0,5.022828923170026
911,0.2013782231045298,0.19025842588054687,5.0,5.020290665026925
912,0.19527782436637486,0.18474699978948483,5.0,5.019359636566545
913,0.07622095230103243,0.07273182704324777,5.0,5.017111699618706
914,0.337247283639853,0.31900577556932186,5.0,5.020418194403273
915,0.17325439274487797,0.16387950285827535,5.0,5.019523006320066
916,0.22979552934173553,0.2173443121638987,5.0,5.021260607297018
917,0.2350075786365129,0.22235076266680287,5.0,5.019442870815478
918,0.2059381559890603,0.19501590976825445,5.0,5.016998682386387
919,0.15822675899707916,0.14964749883839956,5.0,5.021943975235281
920,0.1825311109210166,0.17275583354915636,5.0,5.018135961760901
921,0.22835491617007553,0.21624169205191657,5.0,5.0173397318924895
922,0.13118363445925363,0.12414259150057583,5.0,5.01903846391218
923,0.26515998758945547,0.25071685962335954,5.0,5.018753893572194
924,0.11037003316605687,0.10435846978199281,5.0,5.020272640713692
925,0.30617437598499553,0.2893993634205323,5.0,5.0218955635352724
926,0.1478618857162295,0.13975260891900554,5.0,5.021398556677195
927,0.12366042155614987,0.11689986837171684,5.0,5.019636579580977
928,0.18762673087157133,0.17739515850276288,5.0,5.021350464592391
929,0.17583428773482335,0.16633568195441462,5.0,5.018777421340497
930,0.38402686711146505,0.3632007889643998,5.0,5.0214640303184765
931,0.18253987308257003,0.17285424735812938,5.0,5.019324066943556
932,0.22650747367866275,0.21425872785297706,5.0,5.021186012660959
933,0.20850540934353945,0.19725386150297686,5.0,5.0203447356913244
934,0.19880858927493228,0.18807291100447454,5.0,5.020181424660368
935,0.3818945386219015,0.3607752397866981,5.0,5.0176668971024885
936,0.2049133496954163,0.1937033019334331,5.0,5.020256856935523
937,0.1159739589004809,0.1097228058631432,5.0,5.019147570569373
938,0.1048000691735893,0.0989701447973752,5.0,5.02342928954266
939,0.2716209381541903,0.2568987854484708,5.0,5.020789579364999
940,0.20113739267378916,0.19019830312272568,5.0,5.020603728311466
941,0.2319115897969115,0.21921376954014704,5.0,5.017673372948073
942,0.2763981597499623,0.26115759197493116,5.0,5.022621742969511
943,0.3459453598764948,0.3271216720149741,5.0,5.022099796615134
944,0.34427277539768664,0.3255625276204335,5.0,5.020399692466517
945,0.22650785371013593,0.21427149017554714,5.0,5.019809920606297
946,0.2281608214793256,0.215734336239219,5.0,5.020446896175104
947,0.26871065850304543,0.2541712562010441,5.0,5.021071027587185
948,0.26493025438019235,0.2504074882298466,5.0,5.022304514114797
949,0.14156373008751832,0.1338250650021231,5.0,5.021180858933354
950,0.17766587247500065,0.1678343271860958,5.0,5.023893773334001
951,0.20519029758386376,0.19401823549569497,5.0,5.022249111495309
952,0.253533600053653,0.23968660027071964,5.0,5.0217967497494165
953,0.33030328366435846,0.3122517621768577,5.0,5.023086081832844
954,0.2864276591042836,0.2706557498926383,5.0,5.015109886262588
955,0.2854355103457089,0.2698927369342281,5.0,5.021356895595774
956,0.10936034604994749,0.10305918996344832,5.0,5.020093305027977
957,0.2775673593883108,0.262486754415838,5.0,5.020795578137518
958,0.27439112857696935,0.25924895034981543,5.0,5.0228487829005
959,0.3486526396547831,0.3298493109270535,5.0,5.020236929410951
960,0.16300051546187477,0.15420722059747405,5.0,5.020610487815675
961,0.13553253470930215,0.12814991917474172,5.0,5.020023268408549
962,0.2857626215551292,0.27061437895178275,5.0,5.018811963974814
963,0.28165311660423575,0.26629963180631777,5.0,5.0220935328369265
964,0.25906392741224926,0.24478241518356203,5.0,5.022829948947374
965,0.3380482940076328,0.31988594144631977,5.0,5.019884766184983
966,0.16045901169560173,0.15165637866873127,5.0,5.0185599019278815
967,0.1234404935475355,0.11679900534120469,5.0,5.0194906001791395
968,0.1836384454569946,0.1735467427970625,5.0,5.02167672983453
969,0.1859371075781091,0.17580400254733397,5.0,5.021177953615066
970,0.24538512404097146,0.23212429104975452,5.0,5.02022762549533
971,0.23997864078469355,0.22670599478197184,5.0,5.021724364880731
972,0.253428897281609,0.2395487885041283,5.0,5.0235649817249595
973,0.20980785842240568,0.19843375466787339,5.0,5.019336537453105
974,0.2049929161003754,0.19385227178635778,5.0,5.019880490360524
975,0.2159698424732419,0.20437874811225232,5.0,5.019171239088767
976,0.33390553251099053,0.31622591784242204,5.0,5.018982446227778
977,0.30902849999738224,0.2923757366458042,5.0,5.020060409954272
978,0.23740947029954973,0.22437966190245473,5.0,5.021365636882766
979,0.1404311328280914,0.13279585008130979,5.0,5.02110698706792
980,0.263790264056013,0.24996126225890447,5.0,5.019522891992132
981,0.30685004080589295,0.29018606689956283,5.0,5.021160684651678
982,0.17885140453932258,0.16888267261359435,5.0,5.0211850430003935
983,0.27421514585076734,0.2590906591715787,5.0,5.018193276391898
984,0.205601795981309,0.19464776982935938,5.0,5.02344632405058
985,0.3365723082697185,0.3182611787265883,5.0,5.017614339849565
986,0.30817598878132224,0.2917748746924427,5.0,5.018802347597262
987,0.1844976748146554,0.17444691527201162,5.0,5.021741815402736
988,0.27891479211133285,0.2637309991193928,5.0,5.022255479347519
989,0.2742131841969835,0.2594383165307599,5.0,5.019190761988703
990,0.1398399523853704,0.13205197752087972,5.0,5.0230411810392095
991,0.2385363603659072,0.22531841898952076,5.0,5.01995614344688
992,0.2421393961456353,0.22926265628047737,5.0,5.018272076019716
993,0.17732478710155108,0.1677273092468783,5.0,5.020177586404628
994,0.22087404188557835,0.2088841808233297,5.0,5.0214675668261055
995,0.23430593145561796,0.22161570447466739,5.0,5.019401298838622
996,0.18390682243422574,0.17385504873927204,5.0,5.020849566352545
997,0.25326136754326645,0.23954114589112874,5.0,5.021496692896799
998,0.142951162250458,0.13522795540384536,5.0,5.01960792205443
999,0.16445652916818698,0.15556978411781452,5.0,5.019677212928411
1000,0.0922856282016391,0.08729877057478186,5.0,5.0195095669899725
1001,0.22410506932021712,0.21217369178776924,5.0,5.019666984328062
1002,0.25661421656140004,0.24253369922353096,5.0,5.022646960672308
1003,0.32520737582476356,0.30750633532091154,5.0,5.021916051432651
1004,0.28612149520652386,0.27046757240790753,5.0,5.021907320900905
1005,0.19789502466412312,0.18720556598708304,5.0,5.019017561821197
1006,0.3261398641784372,0.308341844645486,5.0,5.020793580345595
1007,0.16802382317454745,0.15884429926532184,5.0,5.020156335395205
1008,0.20680755754195768,0.19528372307916264,5.0,5.025184780725107
1009,0.22391178981928794,0.21195082268472976,5.0,5.018635419652782
1010,0.1518870766985425,0.14392937767471015,5.0,5.0211526749133295
1011,0.1042522936678576,0.09862135089536594,5.0,5.0175761968448995
1012,0.22219348735854405,0.21079331032520332,5.0,5.017299509218791
1013,0.455281401359926,0.4309463725825464,5.0,5.021611378989608
1014,0.35831927936688923,0.33902607543289265,5.0,5.021469379705987
1015,0.13610531124132552,0.12895664351462865,5.0,5.016811368452148
1016,0.2548851010900359,0.24110959424910372,5.0,5.019550075205874
1017,0.13401405048157988,0.1266126062457762,5.0,5.022727996167111
1018,0.2230461788332876,0.21093714862945578,5.0,5.02244797011425
1019,0.32403541743871966,0.30627975520584605,5.0,5.022287974942037
1020,0.14032605526741948,0.13257810187559294,5.0,5.017722950955692
1021,0.2246272078958027,0.21248055181538583,5.0,5.0206348319213046
1022,0.3461826296598063,0.3277330285860831,5.0,5.020265125111676
1023,0.23797887483046276,0.2249023485259385,5.0,5.023060967031627
1024,0.20540474392682406,0.19428770928079198,5.0,5.020516025586419
1025,0.16667353618092307,0.157555630721683,5.0,5.020159154359218
1026,0.1253399014100749,0.11860222024540845,5.0,5.020218305943178
1027,0.203037407289266,0.19189647552342537,5.0,5.018930564806086
1028,0.13778215671797667,0.13019082708371377,5.0,5.023807690515296
1029,0.1601722239496537,0.149409804476202,5.0,5.021416034825421
1030,0.32599399592339506,0.3114853363310539,5.0,4.99858746154449
1031,0.28045674040529,0.26531618334359464,5.0,5.016723593456991
1032,0.35830207875505304,0.33855027064654,5.0,5.02001375805774
1033,0.21126766950731213,0.19608783434552857,5.0,5.022299041021778
1034,0.14055746325072715,0.13456781840966592,5.0,5.023841927086599
1035,0.4019176798157993,0.37000944778589484,5.0,5.022036680388071
1036,0.11010193809986935,0.08396087136631336,5.0,5.021248754720347
1037,0.24926954836156034,0.23409500159071306,5.0,5.023150824847251
1038,0.14488560775325032,0.13808494876256794,5.0,5.02072364330596
1039,0.2822158799383314,0.2581151454142774,5.0,5.05206577845831
1040,0.13571457537141618,0.12645470449289187,5.0,5.006190372522736
1041,0.17938326744766364,0.16790999303842202,5.0,5.0222103722952305
1042,0.20591378738597865,0.19624968883252358,5.0,5.000551800355062
1043,0.14095849751531442,0.14934575537220307,5.0,5.023985087950171
1044,0.1872530927580911,0.1800892995136676,5.0,5.023006982141869
1045,0.3119569699172178,0.30542774197418443,5.0,5.021401669169965
1046,0.23220518891207909,0.21633243097916743,5.0,5.021377234529991
1047,0.18554536547231604,0.1789035457534538,5.0,5.020379471884322
1048,0.20882100453497898,0.2020366623600609,5.0,4.998880133149486
1049,0.13920561084339766,0.12680278800612244,5.0,5.035231451221351
1050,0.3110816782712571,0.29275861562780725,5.0,5.019127192012203
1051,0.2914151849253188,0.27614406964911176,5.0,5.024809761705278
1052,0.10617063688847561,0.09968592500960516,5.0,5.010160478865542
1053,0.20279549212653092,0.19193281336383916,5.0,5.018201481845983
1054,0.25925461756820756,0.2462681271467675,5.0,5.020474541775455
1055,0.12924699129797879,0.12353738047296736,5.0,5.009088082350841
1056,0.14766484384901823,0.14044738998677087,5.0,5.019221266845451
1057,0.2836620807891881,0.27562881987054033,5.0,5.0196846731234235
1058,0.2734426662575975,0.30014113238959506,5.0,5.02480467699483
1059,0.2500746511673704,0.22053126541224244,5.0,5.0276122382749655
1060,0.46854244668270706,0.44118430549713206,5.0,5.026703808893336
1061,0.2821870255370138,0.26027199497299547,5.0,5.029677246355924
1062,0.2637604629925132,0.24382709217064558,5.0,5.029681526429108
1063,0.1919357967558668,0.1781624567086808,5.0,5.02257492181271
1064,0.2003921030265059,0.1915011530457833,5.0,5.020786867417399
1065,0.18321323964456582,0.17860530649052575,5.0,5.020086894598057
1066,0.21026411762727126,0.1930725618953879,5.0,5.024043343221614
1067,0.16875360869247968,0.15660643765476134,5.0,5.024448435963187
1068,0.3201819379895816,0.2978861113487672,5.0,5.022636100927134
1069,0.24010827779347865,0.2293054250177271,5.0,5.020527643338308
1070,0.22395205938698215,0.21158471409011925,5.0,5.009214814283096
1071,0.2251963011078848,0.21301135924402304,5.0,5.022624999094427
1072,0.22829858591441043,0.21769232914490355,5.0,5.021610616725551
1073,0.16489770038005136,0.15154914377736395,5.0,5.018573664247654
1074,0.25525187333053423,0.24366546935318611,5.0,4.983529842132164
1075,0.18573654763779301,0.1654383237815682,5.0,5.00399254342069
1076,0.2556141259732476,0.23996651183469675,5.0,5.025790529535703
1077,0.3379674549316505,0.3182484962049532,5.0,5.0332484249991705
1078,0.23579976458417073,0.21950482504916713,5.0,5.036037598195557
1079,0.21842555442069234,0.20475048300917376,5.0,5.0455698474124056
1080,0.2658493770166841,0.2532543792998996,5.0,5.02058958720907
1081,0.26727342882109517,0.2510948820803669,5.0,5.02247800255665
1082,0.37016437155587334,0.29850088062367175,5.0,5.027072443963094
1083,0.21210175783202856,0.19521013108262752,5.0,5.019664614867105
1084,0.17747945728037529,0.16234508411692516,5.0,5.016996379213436
1085,0.3083913765765982,0.2888862676341093,5.0,5.019725559504371
1086,0.29487753074110823,0.2770477429473015,5.0,5.02651900549254
1087,0.21060765521979796,0.19637288136855058,5.0,5.012994522693237
1088,0.36453206847940356,0.3485757916215817,5.0,4.996018252708101
1089,0.21927469581960568,0.20815536638436893,5.0,5.0
1090,0.21303322862917096,0.20276465086509843,5.0,5.025990024509799
1091,0.14786392584651487,0.14273789632246547,5.0,5.040155899856078
1092,0.3355489155994311,0.3113220614359964,5.0,4.9554837504369065
1093,0.1951009457138333,0.18746350455665128,5.0,5.022178687105132
1094,0.29748137910555994,0.27962403285424076,5.0,5.01881656906578
1095,0.2764708160233451,0.2579021242486639,5.0,5.022135803363712
1096,0.2943198778602152,0.2860874296023235,5.0,5.022673475451986
1097,0.1689246135001361,0.1783695937058889,5.0,5.004199575876527
1098,0.20815231720127936,0.19791827056405786,5.0,5.0227075516418385
1099,0.17477313918818993,0.20833938490585235,5.0,5.010910542864302
1100,0.3060181515958502,0.28705539570396943,5.0,5.026422657743614
1101,0.17463944286244382,0.17381569287579635,5.0,5.017921389546567
1102,0.2246287897440158,0.21558541855823554,5.0,5.009114108174542
1103,0.19349440620677294,0.18699473773196007,5.0,4.997640553529932
1104,0.23638911410153862,0.21825394320461244,5.0,5.020059720604637
1105,0.29418067479621124,0.18856628092685468,5.0,5.030481702901151
1106,0.29242726370797745,0.2751777018676269,5.0,5.023126762795149
1107,0.13817482782824508,0.12624431506638478,5.0,5.022511422835789
1108,0.2913882632516196,0.274745500251669,5.0,5.02134020102706
1109,0.23627766001253314,0.22477938435418499,5.0,5.024120507000935
1110,0.18674289700008928,0.17664372079820834,5.0,5.023478343088659
1111,0.36052932516606684,0.3381644118666467,5.0,5.024137582771022
1112,0.2193594783137447,0.20970539098538277,5.0,4.954002213888877
1113,0.15546957814904516,0.14447755384906413,5.0,5.007572277551509
1114,0.31268861133638604,0.29442624815693463,5.0,5.023359563605201
1115,0.3162634223743097,0.3012983066642634,5.0,5.059932122349533
1116,0.21330335481390028,0.261704804548073,5.0,5.023945952322144
1117,0.2181574455120625,0.20962973070071356,5.0,4.98598521915687
1118,0.21244384074316436,0.19907392402503854,5.0,5.024660855338077
1119,0.29398026360150564,0.2764353433428708,5.0,5.018139510910569
1120,0.3246555183578492,0.30642089531667005,5.0,5.00905985275649
1121,0.22767834167183776,0.21677185622202066,5.0,5.0
1122,0.23778320855749135,0.21443427300146145,5.0,5.022228703655358
1123,0.36111337831381696,0.35887551030066067,5.0,5.02330814891236
1124,0.32724549852537455,0.3014809334938531,5.0,5.061521400708049
1125,0.1832707533995397,0.18085059349855337,5.0,5.032254536644105
1126,0.2140242608733578,0.1924009032989642,5.0,5.021076999317149
1127,0.23372538139402055,0.2172912898318855,5.0,5.049441061254214
1128,0.22331015887435557,0.23069070615279297,5.0,5.02128560187149
1129,0.17613658334016846,0.16267516005610627,5.0,5.022303295230142
1130,0.18772321450277718,0.17652144675647086,5.0,5.023590693761104
1131,0.2096913089435486,0.2010455112786964,5.0,5.026331017070493
1132,0.25429177563644845,0.2425134821735191,5.0,5.024020769104123
1133,0.09755247221694363,0.09378344065779509,5.0,5.028962070033822
1134,0.2635797444947203,0.25148010895890893,5.0,4.998557201520226
1135,0.1435116997278445,0.13197239072611322,5.0,5.023121642703616
1136,0.28987646656594945,0.27004046156920136,5.0,5.023496766233828
1137,0.19413042014705972,0.17832520723081902,5.0,5.0217361277847505
1138,0.36810838068607943,0.3463589050077107,5.0,5.022256651897141
1139,0.06102583054999111,0.058570960043364595,5.0,5.0327707725343185
1140,0.18097544881838545,0.17331299997961724,5.0,5.023870957192829
1141,0.31181446910053645,0.29465847015763535,5.0,5.027056718183509
1142,0.213935554887851,0.20348683622792985,5.0,5.0278390733818945
1143,0.2668191277736929,0.2674213942341259,5.0,5.033028128665364
1144,0.12661899137543164,0.12190513294028138,5.0,5.019121515140421
1145,0.22122101957257123,0.2107828754074781,5.0,5.016791479707301
1146,0.30654833015627303,0.27630503169677056,5.0,5.015737642886435
1147,0.2635075443784882,0.24995654896062058,5.0,5.02503054978928
1148,0.23685871965402927,0.2232953622299345,5.0,5.013151163956691
1149,0.21075690541495873,0.19154124143185824,5.0,5.024763239567074
1150,0.24884677733297655,0.21910177997435842,5.0,5.039761519200994
1151,0.14726860022957355,0.13814418871649026,5.0,5.0280391482156706
1152,0.27923166624843376,0.263427711028267,5.0,5.025142761369663
1153,0.19685122626802687,0.179195533204473,5.0,5.021527225579883
1154,0.22436436633982115,0.20476901625625965,5.0,5.024823343873006
1155,0.31883457842335505,0.30348435659266104,5.0,5.022573670412145
1156,0.26516475351236934,0.2471491533574548,5.0,5.008750260981438
1157,0.24452630943356768,0.23872614553483196,5.0,5.018794378102811
1158,0.3312507122112127,0.3091900103393743,5.0,5.114322796295321
1159,0.1738969955543641,0.1752444491522509,5.0,5.024891955334114
1160,0.189660881257548,0.17764863893964078,5.0,5.026250070518996
1161,0.2043094120482618,0.19360229023072573,5.0,5.022544470578367
1162,0.1502282754387383,0.14191420968476987,5.0,5.025842013364548
1163,0.1425260389005567,0.13709224573076373,5.0,5.01925208990424
1164,0.35817853013090595,0.33431464298338676,5.0,5.015108757055193
1165,0.3086648582588609,0.29726840479680194,5.0,4.939481145507827
1166,0.23688987702893938,0.22326338063881868,5.0,5.035931589974707
1167,0.18006843235578218,0.16917125959775792,5.0,5.022820290672145
1168,0.16963794572705004,0.14836872551379643,5.0,5.021618753656645
1169,0.3574845399442699,0.3366002460193449,5.0,5.01973951975093
1170,0.24934771396821254,0.22997494414204822,5.0,5.0536316471439235
1171,0.2359835638076262,0.2229591741254775,5.0,5.022968732243873
1172,0.10420506377960725,0.1090995258713825,5.0,5.020986192643164
1173,0.34159287369631475,0.33007829235588737,5.0,5.015834239811374
1174,0.1466890718485674,0.13788641430614534,5.0,5.015781435393762
1175,0.31541852924779845,0.3011280151734357,5.0,5.0218329406191575
1176,0.22713160943649635,0.2123710646266086,5.0,5.020807549783788
1177,0.42350904113465426,0.36501037400904757,5.0,5.027422968337589
1178,0.254729528333862,0.24600872022553677,5.0,5.023179292989273
1179,0.3486677569988643,0.32957853944427473,5.0,5.026883830608817
1180,0.15608379966285457,0.15489070911476954,5.0,5.0211582216883865
1181,0.27714348097345276,0.2627368028022199,5.0,5.036351493629123
1182,0.23011450172435466,0.21754522042602686,5.0,5.022424012376945
1183,0.1980798381085369,0.1889963776835637,5.0,5.025988047873202
1184,0.21223823924407603,0.19040978911878903,5.0,5.030656235665321
1185,0.3397477804339111,0.3243482889114728,5.0,5.015408570606601
1186,0.1701039225392682,0.170190417702605,5.0,5.025193623335049
1187,0.2893539502244966,0.27056873065483766,5.0,5.022652523492024
1188,0.33854110851223407,0.32374036032759945,5.0,5.024476714594641
1189,0.29039306771161755,0.27997073694945396,5.0,5.0219118977361
1190,0.15239546216020283,0.14019871876052203,5.0,5.03385713657325
1191,0.3077783052465868,0.3035044615786868,5.0,5.016708356289188
1192,0.25338727537607264,0.23792806005804978,5.0,5.020194223940475
1193,0.4941216204052399,0.46631849705369377,5.0,5.022763224948603
1194,0.15436695724667815,0.1457082613130669,5.0,5.01704353458333
1195,0.18318761733500577,0.1720238325992629,5.0,5.023718473150538
1196,0.27606622202111275,0.2587675899824111,5.0,5.011027488081785
1197,0.1520509292117136,0.14369966695526282,5.0,5.020402123092156
1198,0.3078642381597061,0.28695243794278813,5.0,5.025846709917774
1199,0.21661948283024146,0.2056628224150716,5.0,5.020078341749725
1200,0.24618694600193547,0.22729545253039385,5.0,5.021151575460578
1201,0.07920871918435601,0.07657485302263067,5.0,5.021419060349865
1202,0.3385969090108467,0.320594461474522,5.0,5.004597043002743
1203,0.2945606827973457,0.2792795112898967,5.0,5.023729504518544
1204,0.38535984729112127,0.3625096342243024,5.0,5.037970622209933
1205,0.318562974717705,0.30401412241502346,5.0,5.02525475914732
1206,0.22968085795149573,0.21544319921873356,5.0,5.020576636407217
1207,0.19570931068138364,0.1507036050793944,5.0,5.0152362119078475
1208,0.3157220536453711,0.27778601979954765,5.0,5.027491763693819
1209,0.22942396941397702,0.22009938742478408,5.0,5.049070390761488
1210,0.24299706752893302,0.230501142043136,5.0,5.02832069907325
1211,0.25775347490716394,0.24257269219707478,5.0,5.025546440024549
1212,0.20722526623107074,0.19779836995636169,5.0,5.031836591199097
1213,0.22559231337046115,0.21240415236491184,5.0,5.025002979706068
1214,0.27833261693858224,0.26025023543863424,5.0,5.021025900184375
1215,0.3264222927544955,0.31142296707050354,5.0,5.012507500879249
1216,0.18048022140747566,0.16627687556405402,5.0,5.034893286591604
1217,0.23476598755736577,0.22154372725660743,5.0,5.027320754620392
1218,0.21563095669891963,0.20724911054829587,5.0,5.018292543776424
1219,0.2184153988457589,0.17364473378827538,5.0,5.019099950085755
1220,0.06871203003049353,0.054673160875730265,5.0,5.027608278055737
1221,0.3992085725417436,0.36849184576727434,5.0,5.0276395199887425
1222,0.1802802469698468,0.17065890909495374,5.0,5.036061620895191
1223,0.2708789273034977,0.2372806880633409,5.0,5.024670180816839
1224,0.235379517103945,0.22062314657379822,5.0,5.019262508214428
1225,0.17203869703778119,0.15026202710691305,5.0,5.017340151957956
1226,0.2717735531159191,0.2609763593894576,5.0,5.023001215918219
1227,0.29022042064527764,0.28124708237309504,5.0,5.01937999635806
1228,0.307053466231614,0.2922717369986729,5.0,5.0161865902745095
1229,0.3578907390097097,0.34627735495214473,5.0,5.02226799036694
1230,0.1800978164019995,0.167847686068878,5.0,5.014727728914323
1231,0.2499627687578032,0.23905370719741414,5.0,5.003895940626704
1232,0.2558903256088527,0.24037923448537124,5.0,5.019328638849165
1233,0.19686234690726612,0.19825030214210115,5.0,5.021775572403184
1234,0.4717439901253564,0.4423245723995417,5.0,5.019513028798732
1235,0.3121069123667335,0.2983500754163215,5.0,5.022531264888137
1236,0.3739780117719227,0.34937871362976947,5.0,5.046208924098243
1237,0.1265666666358618,0.11924445053784827,5.0,5.022451936785055
1238,0.2509728300891243,0.23751888911744312,5.0,5.020032819005795
1239,0.3384606408303248,0.31907703000289445,5.0,5.022634952668126
1240,0.25783877609470696,0.2324931882390453,5.0,5.0200681678535375
1241,0.251927273608221,0.23780559812362734,5.0,5.033203441350782
1242,0.2344076588253201,0.221399369661057,5.0,5.008017915055252
1243,0.12227883342697199,0.11637403735035257,5.0,5.020777591824199
1244,0.24511902512271577,0.2380773329809902,5.0,5.021107861349767
1245,0.29669468430936585,0.28248026177161867,5.0,5.004156668690092
1246,0.24890928217641828,0.22905027304340675,5.0,5.0272198651897515
1247,0.3008563710174299,0.28508287491596274,5.0,5.026577067508349
1248,0.16300699396600238,0.15803759871045409,5.0,5.025729981773601
1249,0.2938785378610935,0.2796860430406105,5.0,5.023040688757092
1250,0.12953838775815885,0.13054059595502254,5.0,5.024371864629762
1251,0.17214586894201878,0.1535651017912658,5.0,5.015849810760145
1252,0.11890224988491171,0.109180719064212,5.0,5.027264575745978
1253,0.287441585257443,0.2580223259363901,5.0,5.018458718046261
1254,0.1908598346224184,0.181787563110275,5.0,5.0759730601314335
1255,0.25097368816699084,0.23615040860165704,5.0,4.9938451171652165
1256,0.2544622426912644,0.2267734897141067,5.0,5.019179254891579
1257,0.29807401236682773,0.281219397705996,5.0,5.015423508566945
1258,0.17995547793977162,0.17051196078288267,5.0,5.024297141773859
1259,0.3101774322988786,0.2978264034144318,5.0,5.027144912110257
1260,0.19209563036675226,0.18504427985153793,5.0,5.018601296036769
1261,0.21747920937885956,0.20667236918214926,5.0,5.02471931105843
1262,0.1965332503478785,0.18137274094883904,5.0,5.015806536137202
1263,0.26329407724768594,0.23949134206573652,5.0,5.02509112540384
1264,0.23064225759262613,0.21714206304449046,5.0,5.011502686818634
1265,0.21380025379957046,0.19925403075534542,5.0,5.02478958754776
1266,0.3736230481539302,0.34940085572078194,5.0,5.025235263044543
1267,0.3252669809164901,0.3058517810530277,5.0,5.0124141737181205
1268,0.301211397842309,0.2812043344829982,5.0,5.018555994181524
1269,0.196767926727621,0.18430315014611742,5.0,5.022319484336206
1270,0.3651004995199221,0.34371213495743125,5.0,5.018511282421239
1271,0.1281173850980577,0.12510880314152462,5.0,5.031127290746902
1272,0.22673457407529796,0.21672416551375995,5.0,5.020870392120296
1273,0.29176710681885676,0.27357729906141603,5.0,5.02101893984733
1274,0.22392297690443308,0.2117609389398789,5.0,5.044204778888881
1275,0.30560348724832376,0.28930782175831427,5.0,5.0257410129850655
1276,0.2616820261526085,0.24148149079215453,5.0,5.031675271159406
1277,0.2500033460066473,0.23497016821431327,5.0,5.011833578694178
1278,0.3764691455121445,0.34801730738499437,5.0,5.023073760726122
1279,0.3650315955199288,0.30547952919435506,5.0,5.033267710464511
1280,0.2129164695136807,0.20190403077639085,5.0,5.029551511457342
1281,0.2602014112296509,0.2400042151643227,5.0,5.027826747030524
1282,0.15397847657428976,0.1423680832705796,5.0,5.025133379879634
1283,0.1844570610328573,0.16504523523268633,5.0,5.018382892166944
1284,0.3230544337154324,0.3113504577870281,5.0,4.940126425168048
1285,0.27324382204665976,0.2542724227282187,5.0,5.013568648233759
1286,0.13463761412377506,0.1279299252281716,5.0,5.01012372524384
1287,0.2502038716174435,0.23777263989104114,5.0,5.0
1288,0.404508116971114,0.38536909350464255,5.0,5.010013394393473
1289,0.16481998720193736,0.15395329694280635,5.0,5.023572152985105
1290,0.26944279546789973,0.2529177347562235,5.0,5.026567324714923
1291,0.3276361100209071,0.3041900819034209,5.0,5.014525956152012
1292,0.19303375668199663,0.18246566754538707,5.0,5.0
1293,0.20257209020996259,0.18949094073105144,5.0,5.024357980809615
1294,0.10937269944104888,0.0718438507707253,5.0,5.019096294267138
1295,0.3222989887307921,0.30272767452942806,5.0,5.027819483680229
1296,0.09886143926513768,0.08647623714116692,5.0,5.026818750067186
1297,0.20265237834302585,0.1880841466648695,5.0,5.025430818887449
1298,0.17415510457078587,0.1649099070559621,5.0,5.021128119509823
1299,0.16855548042313906,0.16482427820859002,5.0,5.002078217734063
1300,0.14673466824806014,0.19566058076109694,5.0,5.021933123308671
1301,0.18452912616503525,0.17303912581159464,5.0,5.024172572815777
1302,0.11974776444364132,0.11026125776506035,5.0,5.009204827592972
1303,0.17785841718778772,0.1708160124512681,5.0,5.0265186369723835
1304,0.12103077130272011,0.11517660065871382,5.0,4.987492929649422
1305,0.23915292796823384,0.21892914487305615,5.0,5.0259255712643025
1306,0.16423215461247875,0.15794089154183277,5.0,5.018216342729476
1307,0.2474506660364948,0.23132804512902605,5.0,5.022753290114856
1308,0.18827943167999384,0.1669221944589767,5.0,5.01277442093266
1309,0.32375234224598093,0.3103545036863946,5.0,5.016603583622397
1310,0.1880445020512611,0.182883370441973,5.0,5.023475617395485
1311,0.2920098647004483,0.2660015000704712,5.0,5.036416508168831
1312,0.20749514236943978,0.19825021338857174,5.0,5.022095678428862
1313,0.14248699758356498,0.14294147547728486,5.0,5.039982141227997
1314,0.23110050914347724,0.21657568012328676,5.0,5.015693567208848
1315,0.1649483324607619,0.1612785595914803,5.0,5.000407557159168
1316,0.20079448856264204,0.19073296037326637,5.0,5.022210487907737
1317,0.17179012275154526,0.163684613745247,5.0,5.0025821464102815
1318,0.1621955140348459,0.15330414876170573,5.0,5.030330568081274
1319,0.206021914656368,0.19566921966581918,5.0,5.024694850250553
1320,0.40964279021961136,0.3823633216353748,5.0,5.024341130180332
1321,0.27027892871469894,0.2561099730611982,5.0,5.023419512128635
1322,0.1324008053301453,0.1266884610224719,5.0,5.028711191541131
1323,0.10547632123902706,0.1032140780587576,5.0,5.022092693101454
1324,0.12403066699003773,0.13096338086193482,5.0,5.022016768784754
1325,0.17271949796695085,0.16440850393266238,5.0,4.978050982604705
1326,0.34346459479816693,0.33167000876638464,5.0,5.010272791005574
1327,0.18300728120019594,0.1695283817830222,5.0,5.030632779019397
1328,0.2997822842268192,0.2899299507307904,5.0,4.9971260051465105
1329,0.2144823868356016,0.20059849410340003,5.0,5.025439519882546
1330,0.248865194961714,0.23621115321744246,5.0,5.026602855938469
1331,0.2750746300642992,0.2602451205418539,5.0,5.022147424851058
1332,0.20678935063012527,0.20204318378777764,5.0,5.0224967115681185
1333,0.2563697570652823,0.24392206130990068,5.0,5.02192019242897
1334,0.14412690212946888,0.1375986841922221,5.0,5.02495523414507
1335,0.1559634213622243,0.1493033516455573,5.0,4.987392625601892
1336,0.2667606414546826,0.2512246493304249,5.0,5.027879797716039
1337,0.21818249528133649,0.20141373557170605,5.0,5.0360894334085415
1338,0.21788257634997565,0.2169711692000449,5.0,5.040887483167067
1339,0.25307126529017165,0.23673536354242275,5.0,5.026562089136943
1340,0.1765377397561656,0.16040622231396173,5.0,5.018579244253418
1341,0.16644483647745667,0.15714362486114664,5.0,5.010720942999676
1342,0.19038149078252453,0.1787457811889881,5.0,5.022251907288284
1343,0.18887937131368804,0.1805410388873483,5.0,5.018499503380909
1344,0.08684674043234941,0.0818307441721835,5.0,5.01955132128594
1345,0.22445989612315564,0.21299422724977934,5.0,5.0151280352012595
1346,0.2584241136764889,0.2451395209281595,5.0,5.00642239181583
1347,0.31465389707991376,0.29866566659680704,5.0,5.023830726579677
1348,0.24750347533386163,0.22042898085707696,5.0,5.023453039887711
1349,0.3057828127014517,0.30579121564279643,5.0,5.0204303081767065
1350,0.2951757762207621,0.2802045236771875,5.0,5.015219833843361
1351,0.3158459245104761,0.3079811734994691,5.0,5.019827664808769
1352,0.31855522891526045,0.3061416546527014,5.0,5.022653135732362
1353,0.2085400818738148,0.20161241372491268,5.0,5.022176217649417
1354,0.09995761722720875,0.09340009784406633,5.0,5.043708317940592
1355,0.19460614650137886,0.18092649302630326,5.0,5.021478468059035
1356,0.20118109157511355,0.19082007898264175,5.0,5.0
1357,0.06874206625658008,0.061481169031104344,5.0,5.020257431875077
1358,0.3032349859239649,0.2891247233290273,5.0,5.010173648856133
1359,0.31082686282853467,0.3028823177845301,5.0,5.024559551486121
1360,0.3239408523210876,0.3072757004867652,5.0,5.02278557069558
1361,0.24534848909117768,0.22934040342270512,5.0,5.024248849607638
1362,0.30955698793085173,0.296065027327846,5.0,5.016222304628686
1363,0.3612940901571646,0.341136514365316,5.0,5.044903539813017
1364,0.17281655628277748,0.1670394688198491,5.0,5.022968965269881
1365,0.14252063252260627,0.10455125834304635,5.0,5.045785029408663
1366,0.2654171712775528,0.24981917481794302,5.0,5.020184272367247
1367,0.23941702769529027,0.22600542007429714,5.0,5.017526826649092
1368,0.26910331775504526,0.2581459512305646,5.0,5.0031225192618844
1369,0.16942161869016226,0.164616027672559,5.0,4.967226017143531
1370,0.245002355310332,0.2296217118528019,5.0,5.026003336705971
1371,0.22909087328767086,0.2097148341541415,5.0,5.013802381100829
1372,0.20050269125324371,0.18936531533699186,5.0,5.019364550997052
1373,0.3685913016039468,0.34623561511232515,5.0,5.022250362549681
1374,0.11312027355322374,0.10407613904709456,5.0,5.022686864978478
1375,0.22323897620139688,0.2099397800032008,5.0,5.021756708259986
1376,0.16406492056393085,0.14819778284839136,5.0,5.01802286929486
1377,0.30651590105145843,0.28880418977754085,5.0,5.022580542761821
1378,0.2615595070151766,0.24592400785356094,5.0,5.0203386123696525
1379,0.1550614746305563,0.14822576438271784,5.0,5.0200076652211845
1380,0.1711539606062662,0.16078828466775197,5.0,5.025528456729607
1381,0.1962555856669157,0.18609070455497045,5.0,5.0340409633228145
1382,0.1361058187625348,0.12719536825879452,5.0,5.021819910221472
1383,0.30637596734007944,0.28887057556636253,5.0,5.016769580631646
1384,0.12032438147171387,0.11313306607304363,5.0,5.016820089813061
1385,0.12894120275562204,0.12159032020716176,5.0,5.021044092266722
1386,0.22185663857025828,0.21091266892713345,5.0,5.022817838974429
1387,0.23369811834537702,0.2198394573770326,5.0,5.0204022890361255
1388,0.29412060143178853,0.27515152904389684,5.0,5.024386015884916
1389,0.15591687781980523,0.14674940302975314,5.0,5.022353642328712
1390,0.08638741552039386,0.08170708272007787,5.0,5.019749239908924
1391,0.18733758725055094,0.17619984394002142,5.0,5.0211080479434145
1392,0.2890282246001228,0.2726775325828561,5.0,5.0235509479564655
1393,0.29694378529185217,0.2813758449121755,5.0,5.019384739843069
1394,0.21077694032884708,0.20003342057604545,5.0,5.024879645445566
1395,0.1466204192222933,0.13814080642352655,5.0,5.019728358664102
1396,0.20796376781155934,0.19825848905508336,5.0,5.0
1397,0.41454656607621687,0.4088055226957479,5.0,5.024303768077658
1398,0.18278166012187658,0.17206383468890984,5.0,5.025231092761313
1399,0.21570055821759482,0.20424236659972617,5.0,5.0229355585653845
1400,0.08252340183040241,0.07744681490995453,5.0,5.021567402059031
1401,0.30501359682459994,0.28838218013563743,5.0,5.0209843302159385
1402,0.20187591408951167,0.19192669896221926,5.0,5.0
1403,0.16633503693174823,0.15625587566117383,5.0,5.0222070908329375
1404,0.19660448065907898,0.18499858305275674,5.0,5.022457760790964
1405,0.18930885924057117,0.17861904212607005,5.0,5.02107524020305
1406,0.19835126917178214,0.18673813344079848,5.0,5.021336854496612
1407,0.400262261469839,0.37584888134019034,5.0,5.0252726026158
1408,0.16155955320157855,0.1518542304256656,5.0,5.02118837846079
1409,0.2744880979508999,0.2550921913159936,5.0,5.024867508154323
1410,0.2699289714883135,0.25378937205359975,5.0,5.021450068537128
1411,0.1721317510392184,0.16132973409623186,5.0,5.023861177547078
1412,0.1734539933464283,0.1641790881564993,5.0,5.023831170966995
1413,0.31017480607723247,0.2865907858149621,5.0,5.023607540077926
1414,0.21640303583037457,0.2040461653514516,5.0,5.020540334927457
1415,0.13650909352739915,0.12575414959923625,5.0,5.021431354919459
1416,0.2473989801946257,0.233465626331413,5.0,5.023094187730326
1417,0.16370523546085436,0.15490036900434356,5.0,5.021377720282603
1418,0.28495204399929697,0.26831884690099717,5.0,5.023007583215504
1419,0.23551563069931047,0.22235485805149136,5.0,5.02327064928072
1420,0.2806433540497073,0.2619238505345234,5.0,5.022031804466316
1421,0.23925956252120373,0.22438753760845187,5.0,5.0217695252771755
1422,0.29346801734228256,0.2782167859950091,5.0,5.021080303088663
1423,0.25173066738848315,0.2388141487497708,5.0,5.02644362807164
1424,0.31445042511737564,0.297118908605551,5.0,5.023254006433131
1425,0.279639036675676,0.2640737824087709,5.0,5.022310639087921
1426,0.12829425134604966,0.12164599503136664,5.0,5.019901612819462
1427,0.2969903369027458,0.27897775174330564,5.0,5.02333832143222
1428,0.14215977087045095,0.1339644749315636,5.0,5.023609580792225
1429,0.21482231650877814,0.20228937003816294,5.0,5.0228678178779695
1430,0.11710947360185853,0.10999564121823702,5.0,5.021460118598373
1431,0.22880361371351987,0.2129163237872842,5.0,5.0192311777368115
1432,0.14737197230140442,0.13879334515740038,5.0,5.022131555517966
1433,0.24425268300242253,0.22749741841356697,5.0,5.020700236207176
1434,0.2559410177057624,0.24502449749678634,5.0,5.020844717299715
1435,0.14097775885514152,0.1338138316109927,5.0,5.021236257261945
1436,0.22394524215722944,0.21126915972524163,5.0,5.021393862957018
1437,0.15249866055825478,0.1413166616578767,5.0,5.021636860033034
1438,0.24567310948334176,0.23173925192180556,5.0,5.0219413963556825
1439,0.2519326028308231,0.23733814708690693,5.0,5.022472543778447
1440,0.2132506037391051,0.20088673105896215,5.0,5.023424996748416
1441,0.20849665215174173,0.1974207223321478,5.0,5.0
1442,0.17858330166465808,0.1722638834884902,5.0,5.02110227335578
1443,0.23293617463173732,0.22081623922258853,5.0,5.0192541998837115
1444,0.195850164034979,0.18476424762218246,5.0,5.018790985449666
1445,0.21277144525115288,0.20090267424589903,5.0,5.022096070212241
1446,0.12075536197340564,0.11407868149733535,5.0,5.019833067435497
1447,0.2407810553860934,0.2305328065286849,5.0,5.021702926638554
1448,0.3657608314460301,0.34657267854766727,5.0,5.017900157459714
1449,0.43705188038166143,0.41348674508714933,5.0,5.022396807302121
1450,0.1846147099108797,0.17391533466755948,5.0,5.030220254986748
1451,0.15950302257198445,0.15063696350660427,5.0,5.019251101338078
1452,0.09756646708859962,0.08937625916728331,5.0,5.020445784799099
1453,0.21888264974532157,0.21801350367615702,5.0,5.020855034760485
1454,0.15262991565838147,0.14596542544100277,5.0,5.022110193287901
1455,0.2784387412395295,0.2596116319774884,5.0,5.022486801173711
1456,0.25364130110008776,0.23990853384548672,5.0,5.021702096641674
1457,0.2289048433109313,0.2149030579371911,5.0,5.020139308931819
1458,0.21871629790315317,0.20616783137659112,5.0,5.023640164859318
1459,0.4017499025256519,0.37637981746517424,5.0,5.025159491851712
1460,0.16264598716727008,0.15190721786820882,5.0,5.022342956617507
1461,0.1619293524114649,0.1522841601790883,5.0,5.021394212709609
1462,0.21074568358750922,0.20081831102343806,5.0,5.021074363988509
1463,0.1732667998342643,0.1660584985761604,5.0,5.019100785546735
1464,0.19333401514174708,0.18200025038981127,5.0,5.020913662655531
1465,0.35256703556963886,0.3325059300332318,5.0,5.021962927510177
1466,0.31806595180081265,0.3011719204594667,5.0,5.0162429152700305
1467,0.16737371744097174,0.15657959256751908,5.0,5.021491671586613
1468,0.19784050947666265,0.1869422377218004,5.0,5.02981191714575
1469,0.24682910911896982,0.23122748057473363,5.0,5.024089003083407
1470,0.10638356170865548,0.10033100775261339,5.0,5.022251359249896
1471,0.30055397652035953,0.28495371902976463,5.0,5.020255007423442
1472,0.4439734950512886,0.41784009423989343,5.0,5.023304323722586
1473,0.24684521356485267,0.23325894163678895,5.0,5.02009556731271
1474,0.2169438349559616,0.2030584660978627,5.0,5.022330121178085
1475,0.17335306153001162,0.16442748620518444,5.0,5.021629038054227
1476,0.14421856370231612,0.13640541210874613,5.0,5.022586814552952
1477,0.12503196246206194,0.1091618651391646,5.0,5.0238566036137655
1478,0.14774927303402974,0.1390029010923426,5.0,5.018742689136264
1479,0.2705156912054969,0.258128401080596,5.0,5.021768431277875
1480,0.1250299968858788,0.11751093083727704,5.0,5.017814464573753
1481,0.5215591262629429,0.4902580174593669,5.0,5.022606059098198
1482,0.16478699141815767,0.15588604733584988,5.0,5.022432382292514
1483,0.29420973905534487,0.2771793091403627,5.0,5.020931173534713
1484,0.28301006000465634,0.26671683527477663,5.0,5.023962950762195
1485,0.3115555233971006,0.2942718779466238,5.0,5.019409575088627
1486,0.29989246446498874,0.28180504100207604,5.0,5.023434303337799
1487,0.2016428819117757,0.1893971685163549,5.0,5.0199443220278095
1488,0.16181366606078162,0.15202972592522035,5.0,5.022423181549405
1489,0.22950540023068355,0.2170493537746847,5.0,5.021863083704687
1490,0.2915220615054195,0.2741383232754848,5.0,5.02234286235864
1491,0.16863221788255678,0.16638751373178584,5.0,5.023044407064727
1492,0.20840457648661892,0.19505931927573283,5.0,5.021044010079061
1493,0.3856770886135168,0.36314060806579596,5.0,5.024074924227593
1494,0.23387081889807226,0.21952358558237184,5.0,5.020996599855678
1495,0.36707887541331896,0.3448613456792433,5.0,5.02100520557204
1496,0.09727027156545409,0.09280867801740778,5.0,5.0190091132619585
1497,0.3332092258176105,0.3140112584892536,5.0,5.019760377851865
1498,0.26546380297301964,0.24782776243532756,5.0,5.023889566401936
1499,0.19843739553235307,0.186140055168587,5.0,5.022017225366513
1500,0.3056711277597097,0.28772056493090603,5.0,5.022510853656144
1501,0.2402278442658774,0.22673140648452184,5.0,5.018611176986596
1502,0.270081339904932,0.2550128531609541,5.0,5.022027059252938
1503,0.1859971111731975,0.17648033005375963,5.0,5.021949979547191
1504,0.14990287371718214,0.1429592066876617,5.0,5.024373015466219
1505,0.25813035955712293,0.24218199205256696,5.0,5.0206038865609415
1506,0.09134705103936058,0.0875182942402224,5.0,5.020239004695615
1507,0.16069328658579107,0.15172172515296523,5.0,5.018237773484406
1508,0.26778075781417443,0.25002483877077153,5.0,5.021416669774226
1509,0.20017709639092418,0.18509364557814223,5.0,5.022191184007072
1510,0.24620585923163985,0.23241292651052192,5.0,5.02204314850955
1511,0.23631758580895723,0.22171799511090695,5.0,5.02253339401209
1512,0.27968363156373766,0.26443497548352735,5.0,5.019137361011925
1513,0.3856908040291813,0.36313417460986397,5.0,5.023490783801998
1514,0.18027091654826632,0.16983303973421227,5.0,5.022077568284109
1515,0.22992727142919778,0.21745880163746345,5.0,5.019795704851395
1516,0.28977810964691386,0.26900915928240865,5.0,5.020776167826693
1517,0.2717820162561049,0.2527441474217951,5.0,5.021388645839613
1518,0.1272879670190139,0.11950128215458689,5.0,5.021170952979768
1519,0.21125134075588603,0.19064467206499192,5.0,5.0218542873761685
1520,0.17216629807690942,0.16243854097326893,5.0,5.024713357068249
1521,0.16571404209796214,0.15588458093376678,5.0,5.0186457527428185
1522,0.17488458604516155,0.16548290971123936,5.0,5.020228490748648
1523,0.18911571941147876,0.1775029024138446,5.0,5.022131502232705
1524,0.11311187051934657,0.10705244992505802,5.0,5.021261606109073
1525,0.2109231609762836,0.19789983100484676,5.0,5.023639768989359
1526,0.17921653831926943,0.16952494240381055,5.0,5.0176692272273105
1527,0.14083246864000332,0.13283209179718347,5.0,5.022437428066535
1528,0.26440302756026335,0.24952738663485086,5.0,5.020693574987467
1529,0.21115944119486185,0.19936225847292977,5.0,5.022086202957157
1530,0.14338443067868756,0.13445273020098214,5.0,5.019837167018126
1531,0.22178204146852498,0.20775007487750785,5.0,5.022534872642348
1532,0.23267419378956844,0.21826766007469778,5.0,5.024750843205554
1533,0.2720127388522555,0.25800236473285065,5.0,5.023070966085745
1534,0.22225554642848477,0.20928366946397348,5.0,5.022881982877472
1535,0.27547384589551016,0.2584948752552668,5.0,5.018707606057955
1536,0.21295050697763718,0.20183353725794717,5.0,5.019303111611775
1537,0.17892615832403003,0.1674624054778433,5.0,5.021488636300164
1538,0.31188216284758186,0.294924067395679,5.0,5.02061529337535
1539,0.350857166214374,0.3313568460669143,5.0,5.023322722645398
1540,0.19913899991159978,0.18677037412576514,5.0,5.023444521781171
1541,0.33627440252902874,0.31664548729162867,5.0,5.023982280102928
1542,0.4131064415200949,0.39207932987460614,5.0,5.021443392163354
1543,0.27030733174353605,0.2569133706956308,5.0,5.0
1544,0.18678279192427327,0.17680717016911718,5.0,5.022181407158053
1545,0.19198612924402725,0.18726527474493593,5.0,5.020058550542874
1546,0.14639305121851254,0.13786495942617805,5.0,5.017007327829717
1547,0.27685332306636123,0.2600583761630779,5.0,5.022723453196187
1548,0.16198490904088314,0.15215482014085646,5.0,5.016359794948908
1549,0.26696065939345437,0.2518219956005423,5.0,5.021593088045195
1550,0.15291061880970935,0.14399130229767865,5.0,5.017619421961639
1551,0.25476087249347024,0.24056101096571614,5.0,5.024103185433644
1552,0.28264724133403596,0.2643780587407547,5.0,5.025684058441104
1553,0.20018247659626942,0.18977101647028838,5.0,5.02249360767097
1554,0.19246294051572388,0.18135859841197477,5.0,5.02120806654939
1555,0.22166871465297233,0.1893646025824911,5.0,5.025250056784341
1556,0.37502390221973747,0.2898467263100428,5.0,5.023784615756224
1557,0.16088651707087354,0.15346903187298033,5.0,5.020485784215518
1558,0.16594301398076583,0.1566731229353724,5.0,5.022379462770834
1559,0.07453591023284889,0.07008410867340742,5.0,5.025502828285502
1560,0.26739814745238255,0.2521539061914142,5.0,5.022259332526451
1561,0.2776109956494788,0.26266142847866103,5.0,5.021384510785296
1562,0.27819182321502467,0.259399189808029,5.0,5.021894042737873
1563,0.09291959120153082,0.08817717049567064,5.0,5.019645044364696
1564,0.09133933830629481,0.08686829349869729,5.0,5.021216733280616
1565,0.1978996783152629,0.18957722197791327,5.0,5.023710375303931
1566,0.1337306206870621,0.1275845809434475,5.0,5.020934671751318
1567,0.19887043369851165,0.18848866496595051,5.0,5.020825717952944
1568,0.2864035804748124,0.3246058690746585,5.0,5.020108254087452
1569,0.20052198992750014,0.18356116634623665,5.0,5.023825085983349
1570,0.19458769387413977,0.18371787212090962,5.0,5.02388539736061
1571,0.20313622248232632,0.1901606200473578,5.0,5.024157649706433
1572,0.059491280292159,0.04951996301186323,5.0,5.023311715440828
1573,0.17799616587369926,0.16579939640539854,5.0,5.022900754338435
1574,0.11783308099472611,0.1123237254999605,5.0,5.024393088483325
1575,0.41176935286735095,0.3894155094062184,5.0,5.020633811511308
1576,0.290632015660063,0.272805015019272,5.0,5.02354849890108
1577,0.16424914721870976,0.15479440393939692,5.0,5.020009536662613
1578,0.29780116199055673,0.28142370734358946,5.0,5.022076821660146
1579,0.21672680073204798,0.20437489808090503,5.0,5.024482295466264
1580,0.39113844254421637,0.36626166983316844,5.0,5.023419448511692
1581,0.2174528952570236,0.20344606900352646,5.0,5.020484571843946
1582,0.16187936792971658,0.15184127306105455,5.0,5.025148357536793
1583,0.2946796677287027,0.27673093211110844,5.0,5.021670642767404
1584,0.138255853420848,0.1306776628473998,5.0,5.018105488414841
1585,0.21416625247338583,0.19962381488869996,5.0,5.0240835945856155
1586,0.2268661432282899,0.2137847163299127,5.0,5.025693053259861
1587,0.3686967088224822,0.3468569175192402,5.0,5.022453526685622
1588,0.07748414764376776,0.06304199752747386,5.0,5.02355213578066
1589,0.336356443783419,0.3174085517127332,5.0,5.020549452495242
1590,0.13894169582484595,0.1315555055842359,5.0,5.022221701768705
1591,0.21203442482173696,0.20041267879732572,5.0,5.022797934967516
1592,0.447562386958962,0.4205550392119075,5.0,5.0245129022168555
1593,0.1429002297591766,0.11515782747758996,5.0,5.021761071375979
1594,0.2615231191838876,0.2465047856027911,5.0,5.0233655829154245
1595,0.21619943552528342,0.20577402923226096,5.0,5.019907752958392
1596,0.29021556889343936,0.27674319480580567,5.0,5.022043923110218
1597,0.1251382885770329,0.11921008307794101,5.0,5.0198121609954605
1598,0.18442670519355286,0.1748676710509458,5.0,5.018491075052918
1599,0.3134114890261217,0.2952323896702851,5.0,5.022043254783961
1600,0.30342007957088746,0.28532129357497893,5.0,5.023932663200261
1601,0.1408995516876308,0.1336442203118342,5.0,5.0228069355027305
1602,0.3177001638190873,0.298854732783741,5.0,5.019183053678384
1603,0.2348923771944933,0.22098140930408916,5.0,5.023584928312879
1604,0.3844215419257162,0.33164206766795545,5.0,5.02108973810409
1605,0.2459163745188595,0.2326061938510331,5.0,5.019671654877964
1606,0.18918709005019885,0.17750138961226014,5.0,5.016947705290953
1607,0.14177588206770086,0.13352507814880044,5.0,5.02138795352665
1608,0.15969108688331035,0.15192901153699956,5.0,5.021452781950222
1609,0.28397037436155403,0.26718858485035013,5.0,5.023355421160796
1610,0.3150984867445126,0.29807023217215045,5.0,5.019703428331148
1611,0.22017610448545022,0.20604678025046752,5.0,5.021835727362136
1612,0.2056199764410609,0.19465042887610906,5.0,5.023939653013505
1613,0.31199334603334816,0.29362938476226685,5.0,5.023167608536063
1614,0.20550507375191507,0.19184254292033098,5.0,5.024287659660649
1615,0.179310347075764,0.16868852609013985,5.0,5.023190144936578
1616,0.27430855466632,0.25849175259562407,5.0,5.022666115151813
1617,0.26082937777924897,0.2439742983565747,5.0,5.0221433936620485
1618,0.2513670403300876,0.2392143277826475,5.0,5.02296806926493
1619,0.2898624782663788,0.2670399027168082,5.0,5.0224742128286515
1620,0.1964391277427242,0.18001224156739415,5.0,5.020751388584186
1621,0.3014107386810969,0.2860304264325655,5.0,5.022761498337047
1622,0.3159368100344597,0.298666660891729,5.0,5.022048979471823
1623,0.31101627920278774,0.2935749935969989,5.0,5.021022563012965
1624,0.1913530453325294,0.1815845721431335,5.0,5.021700128047284
1625,0.25461780330864014,0.24083401775882307,5.0,5.020875605630941
1626,0.12301537076504743,0.1150797698157271,5.0,5.020197681473704
1627,0.20940732992772948,0.19730687356059007,5.0,5.0198989375924175
1628,0.15662152792845485,0.14843675041994797,5.0,5.020264672679495
1629,0.2614977356617034,0.24690747248697487,5.0,5.0205989809452145
1630,0.3002280017701715,0.2793594375474264,5.0,5.02062569689306
1631,0.3936770394378264,0.3713319756195488,5.0,5.019549992120229
1632,0.3271209818412908,0.31233420010113355,5.0,5.019049467383017
1633,0.21575698891855621,0.2025777930835595,5.0,5.0239175975269035
1634,0.4154790742767025,0.39366470820073673,5.0,5.022495151368469
1635,0.2522556883111209,0.23510592071800684,5.0,5.022285548750816
1636,0.2854902054212958,0.2629488865100922,5.0,5.024012054094582
1637,0.31512942924173926,0.29880812024938086,5.0,5.022941300103687
1638,0.1337858141956374,0.12925581164795918,5.0,5.022658786920493
1639,0.26545417853624853,0.25211034663264353,5.0,5.022150857263918
1640,0.2710722897158926,0.25609594756013476,5.0,5.014247273177501
1641,0.20635154242061948,0.19400146437534516,5.0,5.02024837132085
1642,0.24050170860094844,0.2637968622252478,5.0,5.02154750673971
1643,0.2588882199460638,0.24323115178181398,5.0,5.016704767787088
1644,0.255557307014016,0.24044630154463364,5.0,5.021159784069331
1645,0.1074239619052797,0.09834663035446933,5.0,5.024747670107379
1646,0.1411373866894865,0.1336823897198558,5.0,5.025489416371052
1647,0.09980283789191824,0.09443636546735545,5.0,5.020253738691958
1648,0.2568635329144886,0.24222320776464157,5.0,5.020459102152133
1649,0.15621636510054948,0.14651186436529762,5.0,5.020768257688006
1650,0.13690884076541665,0.1297993194214475,5.0,5.01977087620725
1651,0.25981483133437466,0.24534996817084287,5.0,5.021074901336506
1652,0.20686059820922953,0.20412212668012408,5.0,5.023880203522255
1653,0.20776316708349163,0.19585954713364107,5.0,5.020695428044801
1654,0.2615839067758945,0.24272160450283398,5.0,5.022446163068102
1655,0.16868823100178032,0.15869431307875015,5.0,5.021896727157209
1656,0.3533367730110162,0.3347514818312527,5.0,5.018398926534378
1657,0.11282996246087107,0.1065099869698023,5.0,5.020473520388142
1658,0.2131459228837893,0.202543848046985,5.0,5.017854635177619
1659,0.20557998857255622,0.19431005054667216,5.0,5.020518126189524
1660,0.25222677907021174,0.22782363596069777,5.0,5.023450835534877
1661,0.16939162645092964,0.1590864327547339,5.0,5.018535846619523
1662,0.1935866485387241,0.1817082439870943,5.0,5.023827495387367
1663,0.19166913203252856,0.18690550987478516,5.0,5.018723957777018
1664,0.309521429847051,0.28630225549832655,5.0,5.023169538558303
1665,0.23455422284278438,0.22080592269938237,5.0,5.022118723300979
1666,0.23848384186513583,0.22594243051375518,5.0,5.019690143518085
1667,0.30398803109688566,0.2826209341888206,5.0,5.024299224599975
1668,0.3100046244269974,0.2931614453470057,5.0,5.022361589277899
1669,0.2361245510877017,0.2235287333713536,5.0,5.023094946473163
1670,0.25052250600440784,0.23612380335289163,5.0,5.020736795796088
1671,0.14273483482300509,0.1289993054545291,5.0,5.0241299150749
1672,0.4133529679923551,0.38943240205415375,5.0,5.02191911541952
1673,0.25724834652503925,0.24461299466285036,5.0,5.020701120782247
1674,0.29892562812268686,0.2781449234958945,5.0,5.018564212894576
1675,0.25841722678614554,0.2431978439774649,5.0,5.0212428694364775
1676,0.1737105324465147,0.16423304555721852,5.0,5.021351976617039
1677,0.2333540981772244,0.21914989743947189,5.0,5.020975449847489
1678,0.2986944953723294,0.28010070278203814,5.0,5.022055379327064
1679,0.22868005484783116,0.21818417848100014,5.0,5.024921368780859
1680,0.27401901624781155,0.25797232826115124,5.0,5.020919928863492
1681,0.1286251294191305,0.12148201900704203,5.0,5.022542445573324
1682,0.1616298063791879,0.15038572652429827,5.0,5.024189430875747
1683,0.16498656272299606,0.15743698628832736,5.0,5.02375818909643
1684,0.1551752833512372,0.14525315188842947,5.0,5.023592382858562
1685,0.1683815016985275,0.16036389381364669,5.0,5.02111336086994
1686,0.18065223308742562,0.1694293369156692,5.0,5.022396189375478
1687,0.27819658408359893,0.2622861273022967,5.0,5.021334942922389
1688,0.10509612127797774,0.09858191361455182,5.0,5.020713789037856
1689,0.2707899227125168,0.2572925486456814,5.0,5.02361526668615
1690,0.34805007154095247,0.32845652995626495,5.0,5.022192353171775
1691,0.18203929167440425,0.1736232352280056,5.0,5.018776760628443
1692,0.20548142285280946,0.1931222464121447,5.0,5.022287347403749
1693,0.20436051471352323,0.19256890588133535,5.0,5.022987288671681
1694,0.21553314238926946,0.2023799777587023,5.0,5.0198013984497525
1695,0.321919926232781,0.3061934083780393,5.0,5.019771590883524
1696,0.19618107553413422,0.18408584158849228,5.0,5.020537420684024
1697,0.3509824693777661,0.33243951008023565,5.0,5.019557307370484
1698,0.1950071432072773,0.18563202017484803,5.0,5.0
1699,0.3407576052913883,0.3206902532584244,5.0,5.02183454560635
1700,0.3136902385940201,0.296226556504398,5.0,5.023845471030661
1701,0.14218971973046957,0.13620725509334908,5.0,5.022646712815844
1702,0.1660638373998493,0.15335959205800775,5.0,5.019136462806246
1703,0.2648193481393384,0.24959925063111932,5.0,5.020818907305076
1704,0.1913808718126493,0.18017534610687425,5.0,5.020526169626471
1705,0.21267103014766842,0.19812071144946142,5.0,5.0228159455723365
1706,0.4455843295117945,0.41322352106832083,5.0,5.020445995997189
1707,0.17377326722375486,0.1822276746770206,5.0,5.020027214067966
1708,0.2773235597094261,0.26002115267831494,5.0,5.022675693986569
1709,0.3390898840276406,0.3131883876466648,5.0,5.022783397848052
1710,0.19328937348804898,0.18283428486053888,5.0,5.016680758749601
1711,0.24472445556291844,0.2303444401230208,5.0,5.021138061393042
1712,0.12633443994575644,0.11992783585711986,5.0,5.02085004497963
1713,0.3920708993444646,0.37031795876624063,5.0,5.022447789404358
1714,0.18461858515380225,0.1749022402189302,5.0,5.015786391799253
1715,0.16306135037941805,0.15442923120462226,5.0,5.018954180979351
1716,0.23154741473620133,0.21887635903950464,5.0,5.0231315392669185
1717,0.17011296669641318,0.16099468875751088,5.0,5.025285388371561
1718,0.25431470678918733,0.24034492182046807,5.0,5.021255818688237
1719,0.3003215573574176,0.28399518421753966,5.0,5.01883754995923
1720,0.3032810674913742,0.28659385689290384,5.0,5.0233183796530945
1721,0.2241016213098077,0.21184179486042254,5.0,5.019977830290276
1722,0.19703752003839403,0.18624344490149292,5.0,5.020987466762206
1723,0.09713238890911247,0.0918169226069081,5.0,5.022517266818349
1724,0.3040824387951977,0.2874538027655582,5.0,5.021825588791202
1725,0.21589545148210898,0.2037982194595156,5.0,5.024032813422261
1726,0.2250436105051037,0.2127229485229769,5.0,5.020290460928667
1727,0.12396977553202038,0.1174745804113928,5.0,5.020287422000669
1728,0.325614585384834,0.3095091818742983,5.0,5.0
1729,0.19453156859202525,0.183829484465027,5.0,5.021053473581372
1730,0.2521567749303393,0.23833757167930236,5.0,5.020799025882212
1731,0.22889933312822008,0.21593075253009286,5.0,5.019974544521233
1732,0.19100011361369873,0.18049552916145095,5.0,5.02253215736963
1733,0.036135514044257855,0.03407179653228365,5.0,5.021445788011603
1734,0.3318665190871455,0.3123356088829923,5.0,5.028492342329773
1735,0.27245584753684904,0.25751454734123613,5.0,5.021743288060376
1736,0.25296491683890343,0.23961638932914653,5.0,5.019132124983168
1737,0.2625868275847918,0.2479959824373139,5.0,5.021996795473314
1738,0.2696846161230644,0.2550838602536143,5.0,5.020309233410272
1739,0.2590737652384836,0.2448636509748463,5.0,5.021782008492082
1740,0.4273276558108736,0.40371911775940283,5.0,5.023863558624377
1741,0.344860631964222,0.32606628437669993,5.0,5.021684892440668
1742,0.2716628050864207,0.2564563505098192,5.0,5.025424087241932
1743,0.15724137429213125,0.14856942719877253,5.0,5.020203241996013
1744,0.31598488023919313,0.29882752382517186,5.0,5.020881313482315
1745,0.203727720980023,0.19241901562010488,5.0,5.019825418847903
1746,0.22983189338287846,0.21722426354430024,5.0,5.021410091865688
1747,0.1698521256172798,0.1605777525297838,5.0,5.02135926764657
1748,0.28755422551012,0.27173346541152577,5.0,5.023677508572133
1749,0.26534961385758415,0.250818270723413,5.0,5.0194409733802825
1750,0.26821166458644363,0.25323813619331137,5.0,5.025630534462531
1751,0.26144598831237165,0.24711978022310732,5.0,5.021293357079317
1752,0.33914887661700366,0.32039259719681445,5.0,5.024419321027471
1753,0.2409922156479456,0.22769411858102107,5.0,5.0228975141329535
1754,0.2680693879924616,0.2533838015953911,5.0,5.022926035061799
1755,0.2805551757022371,0.2655339889678514,5.0,5.0219248120950155
1756,0.21090344515738813,0.1993068090633352,5.0,5.02321722978972
1757,0.17447551739519018,0.1650687023830797,5.0,5.018721813837921
1758,0.2224497178175744,0.21020179220876867,5.0,5.023145820875552
1759,0.2883446428502683,0.2727992381036308,5.0,5.0207082805369385
1760,0.22429910893588278,0.21201172522649303,5.0,5.02026925807006
1761,0.19151052850922023,0.18037977251773119,5.0,5.021224310330146
1762,0.27467728611090636,0.2594973243111194,5.0,5.022172886919964
1763,0.23005423441338202,0.2173026538548546,5.0,5.024855930942822
1764,0.3057813451855256,0.2904969155132433,5.0,5.0
1765,0.2295839272860496,0.21704220485464587,5.0,5.021216369726149
1766,0.22149332361442897,0.20861414727657102,5.0,5.029333157353522
1767,0.1917980414927647,0.18120551971976373,5.0,5.021291366990024
1768,0.3317629593887974,0.3135058461460094,5.0,5.023224192013531
1769,0.196776225191033,0.18567182965588902,5.0,5.024018153764578
1770,0.17436900590401105,0.16481087968379438,5.0,5.020297338967854
1771,0.10850154147824065,0.10244364178549437,5.0,5.023122134928082
1772,0.2335221494466535,0.22092373763213735,5.0,5.022274234705639
1773,0.15466097060784456,0.14612192089607734,5.0,5.020625029687462
1774,0.23407198211626978,0.22146945002389162,5.0,5.019589549706174
1775,0.09440376422830865,0.08917328968791116,5.0,5.021673629955048
1776,0.2716487081380592,0.2567833827256689,5.0,5.020861816211797
1777,0.2970727599250871,0.2809863756924922,5.0,5.019888933118235
1778,0.23120100284664136,0.2183222657092252,5.0,5.021862973484339
1779,0.19024541488287672,0.17982719573633177,5.0,5.021011375224207
1780,0.14947905854168075,0.14128024615189627,5.0,5.020570330308471
1781,0.26497092478173223,0.2504203373105085,5.0,5.020317182676477
1782,0.2937236440511146,0.2778069328660524,5.0,5.021702912768848
1783,0.23642476014293945,0.22338066414041502,5.0,5.023326089701072
1784,0.19390535221567662,0.18330821528153796,5.0,5.021203025039629
1785,0.1867333680202865,0.17652242134944984,5.0,5.0205382363963835
1786,0.23179813798652704,0.21933578447801483,5.0,5.019278749269995
1787,0.32653155514223053,0.30890149090364205,5.0,5.020442443714268
1788,0.35784393474319764,0.33808299620913695,5.0,5.024202811737242
1789,0.18917885765682696,0.17874379612809133,5.0,5.019332093607147
1790,0.20091661337349476,0.18980672974647494,5.0,5.0232376692280845
1791,0.2821903694123178,0.2666714662524261,5.0,5.020464565785652
1792,0.37650046396524717,0.3563613003124242,5.0,5.0200504523183564
1793,0.26898170249618736,0.25469493612421346,5.0,5.021389109112331
1794,0.08280786430173381,0.0782891576240714,5.0,5.018695805583242
1795,0.2791932202555707,0.26379762454917155,5.0,5.022566989410064
1796,0.17231139336899326,0.16279045028819317,5.0,5.020644362006568
1797,0.16219604431846513,0.15325810362036707,5.0,5.022335321707798
1798,0.27806273288041705,0.26269984634859034,5.0,5.023189104266477
1799,0.2205235438386728,0.20852707103339596,5.0,5.020428720921748
1800,0.16635908688052292,0.1573041474220669,5.0,5.019322210487456
1801,0.3046125256138119,0.2882147367989576,5.0,5.019596969569333
1802,0.32430292121958604,0.3062397543951356,5.0,5.026120156766671
1803,0.18688793607176457,0.1765788397964685,5.0,5.021651947297219
1804,0.20439573091444418,0.19321826786835405,5.0,5.021072264855118
1805,0.555864130423374,0.5256100322262836,5.0,5.024209554504759
1806,0.15774231700018393,0.14892457579905272,5.0,5.021927623985896
1807,0.210335012568442,0.1987404455735069,5.0,5.020922442197051
1808,0.3036077610301755,0.2867300010490401,5.0,5.020999479755464
1809,0.30208383648711634,0.28608971944510486,5.0,5.017359070319962
1810,0.270620056899755,0.2554973438819732,5.0,5.022578230650021
1811,0.14437520350068134,0.1351088334943873,5.0,5.021866409872162
1812,0.1989510321988206,0.18786934409609146,5.0,5.023100892375174
1813,0.3320776486765986,0.31385039487992206,5.0,5.023059737861386
1814,0.2825543410742821,0.26725899043880275,5.0,5.018388252790045
1815,0.30077267533341456,0.2842275897363733,5.0,5.022531927403282
1816,0.20374758497690149,0.19246614577323928,5.0,5.021126841311689
1817,0.2470414009921862,0.23347668478241324,5.0,5.0218292480467674
1818,0.14949472628519667,0.14118413451602563,5.0,5.02144035780816
1819,0.21832821529722368,0.20626647594281255,5.0,5.024745476910555
1820,0.17321060055125992,0.16360149425307213,5.0,5.022639993640929
1821,0.13850997709050739,0.13078570146790014,5.0,5.0222631375260285
1822,0.28180131107271134,0.2662788994681453,5.0,5.022342828044186
1823,0.16870546254007057,0.1603427155134418,5.0,5.0
1824,0.38381011564164136,0.3629619669592514,5.0,5.022471188585476
1825,0.1808496643555959,0.17091093394547818,5.0,5.022883419107682
1826,0.3671261756892221,0.3468767420584151,5.0,5.022521967612814
1827,0.37737868359431515,0.35705410644657243,5.0,5.025027976769687
1828,0.16274450878254565,0.15379458605999785,5.0,5.018744003211353
1829,0.2206290016860437,0.20832085058022143,5.0,5.016167072648665
1830,0.3492192911490606,0.33007541572322485,5.0,5.022380809273805
1831,0.36032804853579625,0.3406067509173947,5.0,5.02203902826043
1832,0.26444855423033764,0.24989608933769447,5.0,5.021897275255789
1833,0.2409591532575066,0.22798998450380847,5.0,5.020060807484086
1834,0.36703167446247353,0.3470202906102129,5.0,5.022119624486621
1835,0.1462205806211181,0.13798675703651453,5.0,5.020698810102662
1836,0.3715068691893839,0.3512271166417822,5.0,5.022027407762026
1837,0.37675940390128804,0.35621547133911036,5.0,5.022752202613692
1838,0.26413422485441895,0.24974327877229419,5.0,5.0201583197972965
1839,0.2216647129708169,0.20958290594281603,5.0,5.021164216984131
1840,0.29600736121187987,0.27985474942608257,5.0,5.020730995110512
1841,0.355772578084788,0.3363255777264831,5.0,5.0230944701668
1842,0.19631984973730487,0.18558514101059975,5.0,5.019705073123273
1843,0.413389792221303,0.39068040647850943,5.0,5.024672380462016
1844,0.24785953817133488,0.2343930037800399,5.0,5.019242654593743
1845,0.1834220027487865,0.1733977554368331,5.0,5.021718732541274
1846,0.18848140941684144,0.1781656611268423,5.0,5.021487909308897
1847,0.11734055516728281,0.11087654025778848,5.0,5.022969276244247
1848,0.29655437304542276,0.2802820358196849,5.0,5.0220935322691584
1849,0.25091052423612203,0.23754590266141018,5.0,5.0178505036575505
1850,0.25909661821015106,0.2449059269492,5.0,5.020272710892755
1851,0.24214873353833544,0.22881250950652077,5.0,5.022729669533126
1852,0.42694042983041536,0.4036418132866979,5.0,5.0226668519093565
1853,0.3843447526141375,0.3632888779682131,5.0,5.023165156465028
1854,0.2508405545740946,0.2370628459617623,5.0,5.02063296890177
1855,0.27831074398677114,0.2633479104290424,5.0,5.019958678215
1856,0.1856856195703218,0.1753989365733568,5.0,5.023302912237515
1857,0.330170449385909,0.3120612417111903,5.0,5.021605561217708
1858,0.21070575333912434,0.1994180168403792,5.0,5.0189119635795
1859,0.35434877716510305,0.3355152820554914,5.0,5.0191448711410125
1860,0.23861168806017696,0.2254997325473489,5.0,5.021992351486775
1861,0.2608196394144311,0.24617008138649354,5.0,5.023054144205119
1862,0.2399170450860968,0.22733088566473625,5.0,5.022575071067514
1863,0.2640381783059611,0.24940079208305677,5.0,5.025899616091705
1864,0.197408301479566,0.18678005263729514,5.0,5.018809624268155
1865,0.16004679697020774,0.15130855145479938,5.0,5.021350884127003
1866,0.24032426070088553,0.22694859886308283,5.0,5.02118060224614
1867,0.39064633679394944,0.36937885103025003,5.0,5.020948334727988
1868,0.1980885104709691,0.18710836296033917,5.0,5.021780566788738
1869,0.2641990220110113,0.249989498081699,5.0,5.019505409441933
1870,0.1835324895572814,0.17355733639717963,5.0,5.022748223177365
1871,0.3036140198567914,0.28710376288653405,5.0,5.024287643717491
1872,0.2612688649038257,0.24668936260814744,5.0,5.016595624949929
1873,0.231265318683888,0.21860314732353703,5.0,5.020497869529885
1874,0.22214074571895104,0.20999593089668456,5.0,5.021832494201446
1875,0.2677220389196058,0.25290510174954295,5.0,5.02453786510503
1876,0.15445960316904017,0.14593617793660796,5.0,5.023517761054572
1877,0.5863526198551228,0.5544787477903028,5.0,5.023040858402457
1878,0.21868689658561924,0.2067910446233574,5.0,5.01995336718875
1879,0.20806923198473015,0.19679758229751054,5.0,5.0194420766973025
1880,0.20777867891410295,0.1963013644815952,5.0,5.022353833900262
1881,0.4599676586890511,0.4354354682396191,5.0,5.019807686172042
1882,0.2692301806186488,0.2544508805556749,5.0,5.024495898736081
1883,0.13041078398277395,0.12362054322730698,5.0,5.020684763522869
1884,0.2798402624272034,0.26455168180755817,5.0,5.023219501655349
1885,0.3174161652267127,0.30003280710807023,5.0,5.021234863973678
1886,0.22581229766540245,0.21476910486920686,5.0,5.0
1887,0.21296121226382092,0.20104165474086333,5.0,5.0227025289296545
1888,0.21445056190905354,0.20292705190065408,5.0,5.019752932137553
1889,0.3222965977060075,0.3047892252353641,5.0,5.023421778212471
1890,0.1623370778810196,0.15313570770120166,5.0,5.023151239961381
1891,0.19508615588411193,0.18427259401631635,5.0,5.023131451403531
1892,0.2429170237451126,0.22962552200661968,5.0,5.0223583072189815
1893,0.16506114261444416,0.1561670749511086,5.0,5.018239573793721
1894,0.20614597140001067,0.19508648956893393,5.0,5.021083254814336
1895,0.24147598602257037,0.22812438913339061,5.0,5.025302129452109
1896,0.26113726182709285,0.24651846490564666,5.0,5.019234181435088
1897,0.2004567666149426,0.18940237019121553,5.0,5.021653798981696
1898,0.30027614392459023,0.2837985420716336,5.0,5.025137596466749
1899,0.401860644414366,0.37971523840191224,5.0,5.025001749709341
1900,0.12852560139031555,0.12153900283890873,5.0,5.018466733099656
1901,0.12326899039982253,0.11649734058818217,5.0,5.021853229720605
1902,0.16729561863952558,0.15800586507665426,5.0,5.025021877857787
1903,0.16073811843277253,0.15201572953779507,5.0,5.02301667959939
1904,0.3191771995601451,0.3016984371808633,5.0,5.020151792129939
1905,0.4913473271605011,0.4643428041467317,5.0,5.023523110839356
1906,0.378206792263341,0.35737562346724405,5.0,5.0217983442747816
1907,0.1476273351560069,0.13961585869416404,5.0,5.021341980455878
1908,0.1890817614357534,0.17883962192184621,5.0,5.022098867456437
1909,0.172285589614112,0.1628297836031969,5.0,5.021459199328691
1910,0.14272288235102604,0.13496891032399927,5.0,5.020130135111849
1911,0.32516030486863423,0.30756941770325863,5.0,5.019560556135181
1912,0.15712798423727392,0.14825787780416433,5.0,5.019705274364803
1913,0.24082087078329484,0.2278037988446604,5.0,5.022730465755387
1914,0.18369511557840434,0.17348890182318955,5.0,5.022649649372122
1915,0.06828251370377236,0.06444861094855314,5.0,5.024144327634064
1916,0.22605395464121414,0.2136314536358237,5.0,5.022489200827014
1917,0.24090146402071144,0.22785428929672769,5.0,5.019963371325051
1918,0.32407682449014485,0.3063620263977851,5.0,5.021109846646423
1919,0.24215822627961892,0.22874344646193645,5.0,5.02258150458208
1920,0.22337643222818415,0.21124681126926914,5.0,5.021400566924292
1921,0.36011032335202997,0.3404506949166497,5.0,5.0210371901480055
1922,0.1974249558784753,0.18655630318387884,5.0,5.023945678689321
1923,0.3364269187893063,0.31839857492911383,5.0,5.018850447828775
1924,0.39899672971077793,0.37736244506287986,5.0,5.016234951778298
1925,0.2745605292197868,0.25927382503312413,5.0,5.026369997568825
1926,0.4210575720954144,0.3980324744632662,5.0,5.022591605637956
1927,0.16651281771871074,0.15750843866776032,5.0,5.019278896654669
1928,0.2986396558105646,0.2820164801546279,5.0,5.023574533582202
1929,0.18524747636846328,0.17481893221387046,5.0,5.023478829999695
1930,0.3242184254476488,0.3064826155974323,5.0,5.021509293984101
1931,0.14782786684878446,0.1396564199882666,5.0,5.022259358849821
1932,0.30786838498246594,0.29096977066108987,5.0,5.021116638629728
1933,0.19897315609626842,0.1878661036749214,5.0,5.021932068579753
1934,0.1906650040829614,0.17983882542075924,5.0,5.017377546846493
1935,0.22815298212276902,0.21568262109611558,5.0,5.02235040099368
1936,0.25382026417291637,0.24027260111537885,5.0,5.0216242759635765
1937,0.24886218872458366,0.23504859200145778,5.0,5.025162944006469
1938,0.1981929905103781,0.18749447643810901,5.0,5.019124301726778
1939,0.35081027835292145,0.3316103268069446,5.0,5.023369064733032
1940,0.16970002989492605,0.16050418575731795,5.0,5.018548175161364
1941,0.21324234163273936,0.20158251029597918,5.0,5.020458149908533
1942,0.15853629098982425,0.1502451305419057,5.0,5.019359817929514
1943,0.2431994361245784,0.22972558819235944,5.0,5.023197660068206
1944,0.20391612716601504,0.19283591456893334,5.0,5.025674406751666
1945,0.2564129993834785,0.2421213804065634,5.0,5.021649237650498
1946,0.21153795630369143,0.1998964726328809,5.0,5.021700753145701
1947,0.42851655619875983,0.4052048799514203,5.0,5.021514890519034
1948,0.2836219102942843,0.26823328512652633,5.0,5.019420960277756
1949,0.22957484467554923,0.21675883169997645,5.0,5.016654255697581
1950,0.16945153732830165,0.160050819483174,5.0,5.022055364727054
1951,0.3037252008598841,0.2872946286783047,5.0,5.020079934650168
1952,0.18964008697917123,0.1792075222447047,5.0,5.021523450200149
1953,0.3086019414073118,0.29203492644055196,5.0,5.019944552612312
1954,0.17956780065006717,0.16956169258187503,5.0,5.020456685909851
1955,0.19660596536660746,0.18571701871415236,5.0,5.023694333173241
1956,0.3191484712271888,0.30172847482824094,5.0,5.020800251802164
1957,0.24422088549711085,0.23085803489692425,5.0,5.024833965792288
1958,0.17577647206321467,0.16608106231334174,5.0,5.019475653398864
1959,0.2967838825469076,0.28037344481111726,5.0,5.023022898123992
1960,0.3283615808459539,0.31016921831952904,5.0,5.024975628999773
1961,0.22483777889361645,0.21236119352719363,5.0,5.023590762992791
1962,0.3316859669239398,0.3134225429491799,5.0,5.023275391124775
1963,0.18045808024232146,0.17058139667529582,5.0,5.0194028873546515
1964,0.3023621186433054,0.2858322274814469,5.0,5.0229073735493035
1965,0.19560650385510314,0.1849138627885274,5.0,5.019891096521842
1966,0.3048498229825023,0.28809144082672367,5.0,5.0230536523350455
1967,0.42509753857012345,0.4020287026674789,5.0,5.020602715108176
1968,0.14093500147794247,0.13332497658299447,5.0,5.020622290843297
1969,0.17555787533832845,0.16592042822285258,5.0,5.021528964863826
1970,0.34402969224751834,0.3254819267674087,5.0,5.01891909606897
1971,0.17093436569227682,0.16154258488669493,5.0,5.020852826640194
1972,0.23728456966453648,0.2243846463869894,5.0,5.021099735972188
1973,0.32687642949685647,0.31092838853649507,5.0,5.0
1974,0.4191809020486965,0.3967498178206088,5.0,5.019416368219618
1975,0.2995015192093786,0.2835927166033445,5.0,5.0191152809730255
1976,0.15057180546574522,0.14255519326467736,5.0,5.0262798855540325
1977,0.17543502463558647,0.16566004922082445,5.0,5.022391045091608
1978,0.23372979775942948,0.22095326230703538,5.0,5.021281106277344
1979,0.3256701890670681,0.3075401201240484,5.0,5.025587022397335
1980,0.3186116367092642,0.30108603103394516,5.0,5.022019914846716
1981,0.1052255465417602,0.09904925084448735,5.0,5.022778381701807
1982,0.17952821816536324,0.16961932691739157,5.0,5.022179052125608
1983,0.2856258776598779,0.2706325342808358,5.0,5.016961731342091
1984,0.2687986433079208,0.2541167792185186,5.0,5.020435286539273
1985,0.29925941422425106,0.28305476249164063,5.0,5.020815631916298
1986,0.3439182974287742,0.3250966995195552,5.0,5.022072622000122
1987,0.2549474523353792,0.24120015735783884,5.0,5.018760087378613
1988,0.24502498458031385,0.2316380211353377,5.0,5.022902894937102
1989,0.2992915060454342,0.28278124691011874,5.0,5.02228883977998
1990,0.3988745967973295,0.37726587354248453,5.0,5.020526541563921
1991,0.42054574373938713,0.3979687673938317,5.0,5.019273558405555
1992,0.09655159604145647,0.09140761993930835,5.0,5.024465065330697
1993,0.18902834534865143,0.17857358473877638,5.0,5.021369381279808
1994,0.28102043316152914,0.265624529184449,5.0,5.021275687151245
1995,0.06614962250248757,0.06251032025420677,5.0,5.022540354595382
1996,0.15690577817500007,0.14825805504968148,5.0,5.022171157852613
1997,0.3961610606254098,0.3745451016209902,5.0,5.021831129611627
1998,0.21107638042080756,0.19927413101930247,5.0,5.02343542323187
1999,0.1571893471249186,0.14843835582166642,5.0,5.021154041348099
2000,0.2344783775791235,0.22176773071753564,5.0,5.019081222451174
2001,0.22138859044794668,0.20917613705502625,5.0,5.017047577932043
2002,0.1265139608809136,0.1195755011300268,5.0,5.021272562704162
2003,0.37394027980218514,0.35323073471569066,5.0,5.025013009430843
2004,0.1604200658826047,0.1516979677745618,5.0,5.017450400246588
2005,0.2333524937139766,0.22064335201426988,5.0,5.027627359525253
2006,0.44271606649604456,0.4189589774140121,5.0,5.020139150807408
2007,0.35586909203979733,0.3364332143541091,5.0,5.021552746785387
2008,0.2158553988676244,0.20382451713258254,5.0,5.02213429374696
2009,0.21623912493548247,0.20449851189306156,5.0,5.019727186546881
2010,0.36336557359284627,0.34315882241936424,5.0,5.025101342121472
2011,0.39075775992108963,0.3690788849728339,5.0,5.023827707890565
2012,0.1885333661580908,0.17816531545456216,5.0,5.0204417401124335
2013,0.34426685810321955,0.3252981068701917,5.0,5.021058615631748
2014,0.24067102462266488,0.22728607978293813,5.0,5.023057222816938
2015,0.30835870945962895,0.2913623875853657,5.0,5.022966116953835
2016,0.28156638214495033,0.2656893750832101,5.0,5.021478854344759
2017,0.3223245678024331,0.3053196767945757,5.0,5.017940593806083
2018,0.1809674493233202,0.1709665431525813,5.0,5.024520065208131
2019,0.20792349041386315,0.19648780108307284,5.0,5.023419985480269
2020,0.26037770525012305,0.24598889125895007,5.0,5.022850683341362
2021,0.23577014617108571,0.222780097243654,5.0,5.02263330815639
2022,0.25721098846561974,0.2430463291836671,5.0,5.022770227300271
2023,0.36206974808658,0.3423669499378814,5.0,5.0220488819079545
2024,0.20800369775690575,0.19669837772625542,5.0,5.021927730930198
2025,0.19955973179179853,0.18821941373736695,5.0,5.024423273106153
2026,0.15695195240804538,0.14826991799362976,5.0,5.02416895033047
2027,0.21228524574459273,0.2001299539528345,5.0,5.021634590702231
2028,0.14419327879481347,0.136346989556134,5.0,5.02058803722206
2029,0.35434721344445097,0.3347714950633569,5.0,5.022109293663748
2030,0.23559898388076994,0.22280389487209606,5.0,5.022000449054369
2031,0.20251554987741383,0.19161797776562906,5.0,5.018886101111377
2032,0.15349376724575214,0.14496180225731403,5.0,5.023546316864378
2033,0.1792697105049963,0.16940818672499391,5.0,5.020546695660375
2034,0.21683709578478827,0.20508611843699254,5.0,5.019750408272126
2035,0.19798092891953822,0.1871973030186045,5.0,5.022490470465497
2036,0.19205700930124836,0.18143784383149564,5.0,5.023635685047241
2037,0.2159636374502747,0.20418234792482726,5.0,5.0195566663949
2038,0.39949223464152794,0.37809172584475115,5.0,5.01861250458739
2039,0.19591501082950225,0.18512774460023773,5.0,5.022379427477386
2040,0.3701085275129887,0.3501827254991996,5.0,5.019333344343746
2041,0.16552917069755435,0.1566013996212008,5.0,5.0235422816458986
2042,0.3321367288962147,0.31391596805383526,5.0,5.021810801588096
2043,0.2660412936007823,0.2513736708302585,5.0,5.023739444083892
2044,0.1620999088672901,0.15318952579065104,5.0,5.022825183071413
2045,0.25155109643008444,0.23773530607282867,5.0,5.019591597940547
2046,0.26952353616788494,0.2549226275353549,5.0,5.019876864734973
2047,0.2948112398652918,0.2786706194212798,5.0,5.022323815067411
2048,0.1621596324399135,0.15322957301432538,5.0,5.022292966126747
2049,0.438888464731753,0.41518486935649457,5.0,5.0202245305667414
2050,0.15151804148297665,0.14256962621603742,5.0,5.018044958982886
2051,0.4236342000537672,0.4004582889009485,5.0,5.022436555090337
2052,0.26365112512491273,0.24913876822136016,5.0,5.02344649571155
2053,0.29608045551794904,0.2801794257001109,5.0,5.019007433401681
2054,0.12998208316734394,0.1228162527157517,5.0,5.0209629964678815
2055,0.14663621833991614,0.13863489533231466,5.0,5.021560363239281
2056,0.4182201918486246,0.3957297671687994,5.0,5.020713342134604
2057,0.2414458538826194,0.2283736468371158,5.0,5.0195857352710505
2058,0.2099898108240903,0.19833535607561625,5.0,5.019802148615753
2059,0.15209953219336425,0.14349165830071198,5.0,5.020486304914327
2060,0.2473375015139223,0.23338455916259848,5.0,5.024809857405632
2061,0.3026265614351831,0.28600136146494615,5.0,5.020340626301394
2062,0.17049557850722485,0.16079597845552285,5.0,5.022837373381224
2063,0.18581800933398895,0.1754346101218287,5.0,5.021705614760412
2064,0.25004348812330246,0.23579167641524168,5.0,5.023165013683961
2065,0.26525331459916224,0.2503489034876032,5.0,5.023592908948373
2066,0.18212375912301537,0.17169959495054687,5.0,5.023790959547929
2067,0.1455484311842956,0.13737029424463842,5.0,5.024147718391374
2068,0.2632630679167631,0.24851645640355136,5.0,5.021140114294296
2069,0.2679102188607667,0.25304889127642927,5.0,5.0233439327994045
2070,0.28536122864089775,0.2694896918698413,5.0,5.021721916751707
2071,0.25996647667981176,0.24549527242760694,5.0,5.021234392840741
2072,0.10061161626274773,0.09500986118336319,5.0,5.01984637697948
2073,0.39255688140489275,0.37083759816649753,5.0,5.024681753713951
2074,0.26940223052221146,0.254007331020069,5.0,5.021845312443034
2075,0.28075651287868375,0.2653333812487131,5.0,5.019160478561453
2076,0.19140475172113014,0.18069707478785824,5.0,5.020378999119188
2077,0.24316255423397903,0.22974829888679604,5.0,5.017966544699233
2078,0.24567205058062447,0.23192784673660882,5.0,5.021504810600499
2079,0.27901965113871485,0.26314241091211454,5.0,5.014405239230664
2080,0.2159877510763759,0.20385705302332058,5.0,5.021650610405057
2081,0.19343351849141044,0.18249144860566746,5.0,5.016864913930235
2082,0.27236903246162014,0.25717142354343436,5.0,5.022200853255976
2083,0.18863441455937124,0.17823198311334543,5.0,5.0257773809989015
2084,0.42853211162299143,0.4046944111949191,5.0,5.021493001261277
2085,0.19652799350617234,0.1855533014554267,5.0,5.020349947243146
2086,0.16619880174113488,0.1569006822431509,5.0,5.020973578686263
2087,0.22416956742790672,0.21159298741369148,5.0,5.020981884312334
2088,0.3222509598322276,0.3042519011628422,5.0,5.021815071627582
2089,0.4375753507845461,0.41295544089778513,5.0,5.0254059674060425
2090,0.23950238436190974,0.2259335685578756,5.0,5.024047027848164
2091,0.16000592748288422,0.1512551076092432,5.0,5.019454307038371
2092,0.31072076803967796,0.29333050822616413,5.0,5.022720463720045
2093,0.15597484371193016,0.14719343074146263,5.0,5.021515869684254
2094,0.36876220468586673,0.34773420840745883,5.0,5.019902476779725
2095,0.19745158729805445,0.18641931660106525,5.0,5.021795011879258
2096,0.19611265140736367,0.18519013769132986,5.0,5.020244600650026
2097,0.2348558686581521,0.22173414125949886,5.0,5.023230460256123
2098,0.23806890421832838,0.2246909443583529,5.0,5.023825708969287
2099,0.20663900065473317,0.19500808687891547,5.0,5.023613969306497
2100,0.31661337561210146,0.29916771176693246,5.0,5.02030094009684
2101,0.3361130414203237,0.3174789956971402,5.0,5.02022040730167
2102,0.24841097675440804,0.23448721909000203,5.0,5.02357166503308
2103,0.2641504260935168,0.24949150456734803,5.0,5.020629381388568
2104,0.3581005135478261,0.3384146973790385,5.0,5.021292948489737
2105,0.1613354586112259,0.1522599850459112,5.0,5.021956900807334
2106,0.1981476699431286,0.1868606957844332,5.0,5.0237419237716185
2107,0.2824623956149588,0.2666769665136497,5.0,5.021605875383708
2108,0.2997828689619033,0.2828508040309776,5.0,5.023267780004215
2109,0.2970489884491281,0.2808037968314354,5.0,5.021154356032547
2110,0.15670410004687274,0.1475948329221799,5.0,5.019312542969097
2111,0.16794119516275763,0.1585063078214577,5.0,5.023146451673455
2112,0.36648738578936446,0.34577140745672796,5.0,5.024952247450383
2113,0.3256678112614877,0.3075255219083193,5.0,5.0215907253591485
2114,0.19209581318886726,0.18125964612201684,5.0,5.021894273013103
2115,0.23558099803494859,0.22268633794081105,5.0,5.022376824717867
2116,0.20719748383892567,0.19563054211496245,5.0,5.02161292868041
2117,0.13452702151507978,0.12698258579085353,5.0,5.020990459909269
2118,0.27911649451850784,0.2635963684826741,5.0,5.0222326701111
2119,0.2849528641481891,0.26895262586496615,5.0,5.023979564581262
2120,0.34586788980625705,0.326590207452113,5.0,5.021305749465688
2121,0.3051374389803658,0.2879493871573833,5.0,5.027216702919217
2122,0.18549666622050176,0.17504753718440313,5.0,5.022376957626333
2123,0.3112672775182519,0.2937910357799065,5.0,5.022456300250342
2124,0.2887466028988035,0.2741829205174211,5.0,5.0
2125,0.166294860091327,0.15687143669179293,5.0,5.020646714956447
2126,0.19389759387770722,0.18321758782890707,5.0,5.024965418267788
2127,0.14800472816814247,0.13976931138037085,5.0,5.026614833379357
2128,0.23857466310684106,0.22502169896537438,5.0,5.024454560366509
2129,0.13860386377443001,0.13091167960765349,5.0,5.018676749777491
2130,0.17438325311502711,0.1642387927100668,5.0,5.023937823557789
2131,0.2873241362349037,0.273151503386182,5.0,5.0
2132,0.39499151524272413,0.3729867739759496,5.0,5.0233800321835
2133,0.204089583797189,0.19266465959525259,5.0,5.021602144403525
2134,0.38291324221990175,0.3612044107265211,5.0,5.024558336494662
2135,0.3045700369204625,0.2877793090138401,5.0,5.0200431077838115
2136,0.26745767606542814,0.2524018210805872,5.0,5.023245621706405
2137,0.23154643208329295,0.21858596677734643,5.0,5.02149102804637
2138,0.23665378739224519,0.2237922294868564,5.0,5.023552306678898
2139,0.10400735413358686,0.09818217771238413,5.0,5.020094408289264
2140,0.19374628884836032,0.182838691186205,5.0,5.021806302170999
2141,0.18918636924466514,0.1782983665908151,5.0,5.023305634658453
2142,0.24756810358501857,0.23395516318809872,5.0,5.020689580626696
2143,0.21227137388735273,0.2002575227227732,5.0,5.023616660951724
2144,0.4410199116379838,0.4167091341372011,5.0,5.020461815066
2145,0.317300651179764,0.2992766917894436,5.0,5.022856049439177
2146,0.1514905501307744,0.14312615094660575,5.0,5.020695644996378
2147,0.11652401191186801,0.1097019404477868,5.0,5.022931287272359
2148,0.16244815601340679,0.1533393489905539,5.0,5.021266841274468
2149,0.25731479188143824,0.24314771635868682,5.0,5.020046664902464
2150,0.2802062297064256,0.2647468003016229,5.0,5.02007967355369
2151,0.2811442982020951,0.26531835436612594,5.0,5.02172501636986
2152,0.2569578276082467,0.24241871817482186,5.0,5.023341334423037
2153,0.3953369949045509,0.37331746411156375,5.0,5.023403360682046
2154,0.20165300157303845,0.19062090799927356,5.0,5.01737481048643
2155,0.32784248809356953,0.3096224881250145,5.0,5.020456205727353
2156,0.2265531816868971,0.2139779722633286,5.0,5.020005733867761
2157,0.18165494285269035,0.17123239789094313,5.0,5.023337260302236
2158,0.2645335451843476,0.2497018684787966,5.0,5.022162067650147
2159,0.2814166936472897,0.26570897307133134,5.0,5.018935092733603
2160,0.363152116642941,0.3425261916302724,5.0,5.025310750555363
2161,0.21936804010564415,0.20706059343497052,5.0,5.021454289194418
2162,0.24058500156624185,0.2268392512355757,5.0,5.022955334064392
2163,0.23933194155083215,0.2259283746066858,5.0,5.020670351053358
2164,0.22166281513214536,0.2097613197058752,5.0,5.016086021014656
2165,0.29878762186572616,0.28208083371950843,5.0,5.0216189180108906
2166,0.22617176806656092,0.2137076258385573,5.0,5.0197934526411725
2167,0.15326495219111558,0.14462977259881327,5.0,5.022401629543474
2168,0.19161198790291323,0.18107824042011655,5.0,5.020286226253319
2169,0.2978503616031334,0.28112876927161534,5.0,5.021259868966865
2170,0.3734154156031546,0.352296387011223,5.0,5.027323432509014
2171,0.34236856342461364,0.3232814157748696,5.0,5.020153744490061
2172,0.23187728637152438,0.21872105271906817,5.0,5.022480523991835
2173,0.31502764689890816,0.29720358360525867,5.0,5.022043452094271
2174,0.24563469614503508,0.23196119415474636,5.0,5.019618106042545
2175,0.17337574925964194,0.16392784996872978,5.0,5.019467177319736
2176,0.15108375431788001,0.14256242654177154,5.0,5.02253556160003
2177,0.16743048008185757,0.1580598362438317,5.0,5.0215711487847425
2178,0.2761400963844787,0.2609050347346731,5.0,5.020350155818978
2179,0.13141055632688636,0.12404403420369903,5.0,5.020290117601718
2180,0.24085104994416362,0.22764201151260832,5.0,5.020523604943481
2181,0.32571822249742377,0.3074286926695877,5.0,5.021398527973391
2182,0.35320091664216946,0.333422736182897,5.0,5.022796040811128
2183,0.20582969007601148,0.19414409774751284,5.0,5.022387927616956
2184,0.24048899192199946,0.22696744117514678,5.0,5.02248524055152
2185,0.28084222178681184,0.26526281742868263,5.0,5.020617896798232
2186,0.25596526048960944,0.24162303923384765,5.0,5.022044074695486
2187,0.21643587713601176,0.2044318424150049,5.0,5.022114590502262
2188,0.1324086054780722,0.1250127518537072,5.0,5.02400866879845
2189,0.21609700684551747,0.20397989809869288,5.0,5.0219996114373
2190,0.22332890758225532,0.21085092804149252,5.0,5.0202993180542865
2191,0.1380243274073647,0.12989800021846176,5.0,5.024186425224109
2192,0.2374766240081203,0.22404238554564082,5.0,5.023008371663282
2193,0.1374990613712923,0.12992869172260924,5.0,5.020006015913525
2194,0.26714016178798805,0.25246703377688773,5.0,5.018593385282131
2195,0.26740150907776883,0.2522840351173936,5.0,5.022126204283746
2196,0.21701909496231475,0.2048765277813145,5.0,5.023137270509714
2197,0.267554187634226,0.25247584998906003,5.0,5.023055114018122
2198,0.20525613778644547,0.19361481604101227,5.0,5.021591816552107
2199,0.29864802009633395,0.28199562842088977,5.0,5.023572353872758
2200,0.32403243584182184,0.30586648406440364,5.0,5.0217880582818
2201,0.3617867073491623,0.34155400565064875,5.0,5.024853191578549
2202,0.12818968568906963,0.12102755069801163,5.0,5.020072661779569
2203,0.273011032484505,0.2576372516034926,5.0,5.019868472082987
2204,0.2992579552418233,0.2823598695684715,5.0,5.0237908456507085
2205,0.24343839140534018,0.2298461799310456,5.0,5.02030739400662
2206,0.2914120973976284,0.2749897483147674,5.0,5.023631340707908
2207,0.3479688412977162,0.32880333279010787,5.0,5.020687815632758
2208,0.25076442929082954,0.23684480323154666,5.0,5.02071786898485
2209,0.3150113942359285,0.29722027953200736,5.0,5.020924120675092
2210,0.16036759629815722,0.1513459498827623,5.0,5.021065792279629
2211,0.16071455645075217,0.15161536841905932,5.0,5.022863721639137
2212,0.2801239281008101,0.26444626146919425,5.0,5.0219413943733215
2213,0.13472689604031496,0.12723727766576465,5.0,5.021798433780216
2214,0.10960381681001374,0.10344966103749087,5.0,5.021771686565488
2215,0.2030032809740363,0.19188408520654088,5.0,5.0207817406870525
2216,0.26693391302510716,0.2522720932683933,5.0,5.023519517649984
2217,0.32887834702170693,0.3107322821420939,5.0,5.024614249280859
2218,0.2533355085318998,0.23909785342775547,5.0,5.023520119178855
2219,0.31166914575068416,0.2945701465211106,5.0,5.019635382030163
2220,0.2173637841521321,0.20551668317591598,5.0,5.018422468340198
2221,0.24293993014883442,0.22961993740564068,5.0,5.021344049606471
2222,0.31958979949259003,0.30172749935453025,5.0,5.022143006352389
2223,0.25794743735638037,0.24328246679984966,5.0,5.023914184314515
2224,0.220978005530726,0.2085739091196972,5.0,5.022048412815359
2225,0.46048994544298094,0.43533994340519544,5.0,5.0202693348715055
2226,0.23530233517504895,0.22211004919178023,5.0,5.02130237449526
2227,0.4087036435923834,0.38623083255720747,5.0,5.0203944134336975
2228,0.1390573378911757,0.13133665575704567,5.0,5.019504389327283
2229,0.2725483481859894,0.2572328898674332,5.0,5.022211794146019
2230,0.23898447458719474,0.22672579081682898,5.0,5.0
2231,0.21778620853694153,0.20552669610676388,5.0,5.022829050426338
2232,0.20502892154347618,0.19354421163686708,5.0,5.0240364454437625
2233,0.4011765729246788,0.3787972644650526,5.0,5.021643675301872
2234,0.18193072917424868,0.171815023361644,5.0,5.020271141955712
2235,0.20700770094201526,0.19547327915511614,5.0,5.020644182859808
2236,0.1710151777699307,0.16126625972781516,5.0,5.024132297957191
2237,0.2674133797000078,0.25235875795991647,5.0,5.022844601952539
2238,0.25187174056174877,0.23884456588597214,5.0,5.011176286038026
2239,0.1987921297346409,0.18786284619963256,5.0,5.018223439073459
2240,0.374607252871485,0.3537037169761583,5.0,5.025320310397063
2241,0.29842464408676816,0.28179763468608465,5.0,5.020606198410871
2242,0.1961199524466617,0.1847160295374468,5.0,5.020641522379217
2243,0.19749602256848098,0.18639070377001588,5.0,5.022362308103094
2244,0.23364092196193864,0.22060888160553027,5.0,5.019504738181801
2245,0.18415975766948134,0.1738305728436591,5.0,5.021624851949538
2246,0.3484646764807724,0.3292276390142439,5.0,5.0199920320836355
2247,0.5080864228946431,0.4798989893997516,5.0,5.022799645660587
2248,0.16139753688118308,0.15208606929698631,5.0,5.023290947168322
2249,0.4844295646121586,0.4575214281506397,5.0,5.0231448416440205
2250,0.14680588501445957,0.13860017615279818,5.0,5.021320183347342
2251,0.3405330940611677,0.3215564803088029,5.0,5.0224604603673395
2252,0.22793451058730407,0.2151009372779904,5.0,5.024589755034654
2253,0.1867592400837288,0.17640281973549699,5.0,5.0217181892698814
2254,0.09900711312929977,0.0934755534427969,5.0,5.023261718073231
2255,0.27855285719910405,0.26314344234273856,5.0,5.019365824229576
2256,0.22469036780794993,0.21203145599458284,5.0,5.021876991697436
2257,0.2727185282082534,0.2582404650868624,5.0,5.016659244753843
2258,0.1282364179765232,0.12112652598571283,5.0,5.021040072395682
2259,0.15755768104022194,0.1487867866940915,5.0,5.020018397400525
2260,0.2424594386511525,0.22894311361316078,5.0,5.019390806545632
2261,0.2846078951556694,0.2688134668841635,5.0,5.021991457632309
2262,0.26455112912153655,0.24976410440478758,5.0,5.020744991465884
2263,0.2936130526064089,0.27728391602679614,5.0,5.023679391956559
2264,0.23745579734853428,0.2241772299684246,5.0,5.0209472790163545
2265,0.23350315428536184,0.22033891607900125,5.0,5.022667252498536
2266,0.12010082946916101,0.11325337000987457,5.0,5.022949166346109
2267,0.25670904449995025,0.2444592005879358,5.0,5.0
2268,0.14731317302030256,0.1390235808181326,5.0,5.021484446825655
2269,0.2647006516853576,0.24959940352654586,5.0,5.024110966676911
2270,0.18701227771951268,0.17653146586197144,5.0,5.020098134832658
2271,0.11960697881508553,0.11296574687763039,5.0,5.0206054602054895
2272,0.24472152721248008,0.23092940766026393,5.0,5.024036484253704
2273,0.09128469547346785,0.08610556060675711,5.0,5.023444645458568
2274,0.21426544654513502,0.2022960960857103,5.0,5.0205933474410624
2275,0.22484639602223822,0.21206454130782482,5.0,5.023883855418321
2276,0.1662819917582039,0.1569738594358825,5.0,5.020003555855732
2277,0.3467415575786308,0.3273150793752635,5.0,5.022339504655404
2278,0.1994717571956337,0.1883940996763236,5.0,5.021853731023951
2279,0.2075828280185097,0.19594625466621496,5.0,5.021685563549321
2280,0.3070597200543672,0.2901034793162547,5.0,5.0169902257356735
2281,0.12448282355019358,0.1175660770449174,5.0,5.021031033961405
2282,0.227797366258238,0.2149196560116413,5.0,5.023109563705255
2283,0.2852645900368238,0.2692171083629198,5.0,5.02221110941611
2284,0.17568587754696563,0.16601992175541835,5.0,5.020908880409332
2285,0.4129515513988544,0.39089927477958275,5.0,5.016818640745724
2286,0.22573131154257253,0.21277664190133416,5.0,5.0213772198507645
2287,0.301677484063817,0.28447862812943003,5.0,5.023069040010677
2288,0.30348600450120333,0.2864827889630597,5.0,5.017930724750164
2289,0.16431157040790856,0.15522324842505797,5.0,5.0202260657353115
2290,0.2785765936919937,0.2626509252493845,5.0,5.024183481812159
2291,0.1405550743431183,0.13269342041064092,5.0,5.021516115146323
2292,0.4016918954557913,0.379020726260223,5.0,5.024115716539699
2293,0.15847590321204996,0.14967466430470022,5.0,5.022240203247756
2294,0.37755534479486275,0.3567445699193481,5.0,5.0206575346364435
2295,0.19929702003882865,0.1881108213957534,5.0,5.021190857640425
2296,0.10369181645387071,0.09785578981940479,5.0,5.021685461756338
2297,0.2673903368811119,0.252393947776848,5.0,5.022382453934524
2298,0.19338485712228648,0.18375163941611827,5.0,5.0
2299,0.3846904707112797,0.3633629012695201,5.0,5.020644518155413
2300,0.28632295510187844,0.27025162958404425,5.0,5.02424020327366
2301,0.18996278022729807,0.17937845493017024,5.0,5.02128846291928
2302,0.2975966358330351,0.2812422406550026,5.0,5.018910348571826
2303,0.322947581735719,0.3049736112920285,5.0,5.02135512680054
2304,0.23797282417747256,0.2245351785341385,5.0,5.022544631161123
2305,0.3862782665501663,0.3645957817186325,5.0,5.02327157352763
2306,0.23467590090551838,0.2215167020634159,5.0,5.023198360925374
2307,0.25357398419967647,0.23935742630500223,5.0,5.023133926300423
2308,0.29215552132882694,0.2759645848460248,5.0,5.021501243119362
2309,0.2582548761335033,0.24367062587518595,5.0,5.023569469992362
2310,0.33269434490005456,0.3141386387929559,5.0,5.021300983197534
2311,0.30723400759915087,0.28999032193229035,5.0,5.022529161009075
2312,0.12879372040591042,0.1216544616790809,5.0,5.019061859104328
2313,0.21110880053601222,0.19920607300774762,5.0,5.022094590541792
2314,0.25556423496014813,0.24128762877444965,5.0,5.023321190972894
2315,0.1433061404835998,0.135221024873444,5.0,5.020368767911547
2316,0.2621095165155316,0.2471936684884437,5.0,5.023322188092356
2317,0.10009130365867036,0.09438922465623145,5.0,5.021176054784231
2318,0.22063140784017699,0.20828429772340185,5.0,5.020695885026321
2319,0.2879861473145273,0.2725146501522999,5.0,5.0208602124603985
2320,0.2617564570798687,0.2473856629184772,5.0,5.021749382685909
2321,0.22994836924240558,0.2172384897412929,5.0,5.019860441833384
2322,0.19699747796451805,0.18591260013489852,5.0,5.021996256012393
2323,0.18487555310403447,0.17443093078474603,5.0,5.02114748042537
2324,0.2599520764300587,0.24524827425267337,5.0,5.022784192976113
2325,0.17243758179822977,0.16278477088934862,5.0,5.020428309479836
2326,0.22165927836365662,0.20925853082467394,5.0,5.020633533612946
2327,0.15950738955321042,0.1508919733639944,5.0,5.019125378075646
2328,0.17871404045848482,0.16857225529765119,5.0,5.026123762392336
2329,0.27299291676728155,0.2580873077019846,5.0,5.017918202845824
2330,0.2954691569301766,0.27897478387319796,5.0,5.021472887846938
2331,0.27447350461168707,0.2590559675059929,5.0,5.024930971551331
2332,0.20203193427903754,0.19090530229901614,5.0,5.019199685994655
2333,0.3279816849832311,0.30966087097585926,5.0,5.0211920990958525
2334,0.17966662077602558,0.16953251679718861,5.0,5.02223188384181
2335,0.23671108209844127,0.22330599842859122,5.0,5.023039984383351
2336,0.19605293290427617,0.18501644501447267,5.0,5.02122920645677
2337,0.36842039859796283,0.3477100998936591,5.0,5.023626536698922
2338,0.26024230484338085,0.24563451163336403,5.0,5.023830172212236
2339,0.22012373392235052,0.2078356743758789,5.0,5.0221417509355515
2340,0.3292810112360931,0.31082717069959354,5.0,5.0233570479379
2341,0.2893203763094816,0.27299048178076535,5.0,5.022557878987639
2342,0.20519248099371556,0.19380118744148933,5.0,5.02047568051716
2343,0.3671650168086604,0.3468809467400775,5.0,5.016319617041463
2344,0.07679016411459583,0.07243753653413831,5.0,5.021757906421476
2345,0.24670589288345934,0.23279079498047595,5.0,5.022963656192427
2346,0.17161089728077505,0.16191120564366934,5.0,5.023096973160106
2347,0.17349822722376507,0.16371490731719507,5.0,5.022377023611355
2348,0.29049108160846715,0.2740570644710034,5.0,5.023883798789184
2349,0.22623613333838377,0.21350759625818294,5.0,5.023145624173839
2350,0.20398095532401905,0.19238659106432388,5.0,5.024215548187216
2351,0.2911596700029513,0.27483612836374927,5.0,5.022291313025358
2352,0.2718304061955483,0.256591886382173,5.0,5.025944128667419
2353,0.22600563760883885,0.213348682850925,5.0,5.022320468719155
2354,0.15434857698390947,0.14576935369970112,5.0,5.02024680419586
2355,0.12575914057095616,0.11871094935151638,5.0,5.014156028876302
2356,0.30678256381698255,0.28932164272984573,5.0,5.029035053214086
2357,0.16029249475741603,0.15144962748085034,5.0,5.020902889824139
2358,0.12286163706512765,0.11594251243154852,5.0,5.021162639269816
2359,0.21052621941001548,0.1988274908191896,5.0,5.020867122699277
2360,0.177718063605671,0.16782054605641683,5.0,5.019647513316388
2361,0.15050135941067233,0.14196678220085546,5.0,5.021350154260444
2362,0.22249768227039413,0.20995699838477178,5.0,5.022464548159853
2363,0.2200867197165528,0.20768189505008205,5.0,5.022665560093902
2364,0.2711067561144118,0.25602627501031217,5.0,5.021629090937116
2365,0.15812911939517482,0.14930518947640015,5.0,5.021679278546491
2366,0.27409844477176804,0.25921138999482474,5.0,5.020383828081325
2367,0.34308738361674695,0.3230652857018923,5.0,5.024709854611604
2368,0.16419301532558106,0.15504616215465838,5.0,5.02151106693594
2369,0.21225049542993601,0.19995118985782945,5.0,5.01977782471541
2370,0.06455819405339147,0.06102409174154899,5.0,5.023586563387354
2371,0.1636119602814916,0.1545413347388478,5.0,5.021826757612313
2372,0.1968077659265146,0.18574154032794898,5.0,5.0221192404972115
2373,0.15259451863256235,0.14400287619532093,5.0,5.0220792992708585
2374,0.21293355022693583,0.20118053797002444,5.0,5.021548625323531
2375,0.1358257240412304,0.12814092111856445,5.0,5.026012732519458
2376,0.2628844407292781,0.2482007181865209,5.0,5.0236053481947
2377,0.30823948591760275,0.2908846161130312,5.0,5.021860491157835
2378,0.1644125874082225,0.1557582876222514,5.0,5.0225499177098865
2379,0.3093955994520059,0.29203958346042214,5.0,5.022355014190909
2380,0.29616166054928095,0.2793136325996002,5.0,5.02323042024492
2381,0.22379802916900138,0.21117061736123555,5.0,5.024689498709165
2382,0.2536357904527584,0.2393603515563303,5.0,5.021242826145453
2383,0.24761614760604256,0.2340419184751783,5.0,5.019519193315034
2384,0.11657321365404139,0.11006809062246026,5.0,5.021564173857422
2385,0.21217281035311775,0.2002121174165692,5.0,5.0221803584457
2386,0.34716148608058695,0.3277264635374828,5.0,5.021705406833696
2387,0.2407810545168394,0.2273813670356477,5.0,5.020956294531533
2388,0.2745428036516804,0.25900380511093357,5.0,5.023582696277158
2389,0.19168066045692655,0.18132671177880866,5.0,5.019174226517595
2390,0.2306374674945202,0.21778200740983333,5.0,5.022680342072761
2391,0.16711986668908185,0.15772295005282233,5.0,5.023292163189721
2392,0.3274938284376283,0.30935640889999605,5.0,5.020625281552196
2393,0.20597946914989196,0.19438482827116377,5.0,5.021532008541456
2394,0.14653002206655574,0.13847310258572554,5.0,5.023275823740443
2395,0.28169208523232725,0.26564567478890466,5.0,5.026622889474597
2396,0.3266957249640057,0.3083429265812223,5.0,5.024636555771824
2397,0.1866485492155585,0.17649999187004517,5.0,5.024345720702783
2398,0.22367216809658697,0.21082551513631387,5.0,5.025874966628399
2399,0.31331057444655497,0.2953713492797456,5.0,5.022429227911376
2400,0.12718845577151705,0.11971738494844764,5.0,5.023184116595916
2401,0.1155838018818367,0.10780015334464421,5.0,5.01790133690303
2402,0.21938167786168528,0.20183106123482397,5.0,5.01420734873224
2403,0.12523480232829898,0.12351146846166872,5.0,5.016998580414214
2404,0.22289745425291474,0.21003417057431872,5.0,5.011647347594792
2405,0.16109210110698902,0.14368356373126945,5.0,5.022682376336398
2406,0.18077758292641355,0.17314971422720538,5.0,5.019876664874197
2407,0.29604748865277664,0.2703726847724155,5.0,4.997806903215185
2408,0.2591411553484466,0.2437875606926041,5.0,5.02136756632293
2409,0.282529983800605,0.26135569544570236,5.0,5.014506579904063
2410,0.09886943149574212,0.1020123332493943,5.0,5.022728802763838
2411,0.2428857185872173,0.22495428520804417,5.0,5.018502109658662
2412,0.2276475352101177,0.21367646187592015,5.0,5.015131910524895
2413,0.15518380675594146,0.16605674385254732,5.0,5.020175377558909
2414,0.21200373729015887,0.19450599802028767,5.0,5.071897928682665
2415,0.24058683005438852,0.21933685283432203,5.0,5.008102024741552
2416,0.3468537169159249,0.3358600373910634,5.0,5.029124840279087
2417,0.11482483969895507,0.11157747676763297,5.0,5.0290784032083735
2418,0.263141078491536,0.254623054290845,5.0,5.013994300301592
2419,0.15011872698103024,0.18620544867201905,5.0,5.00975891080909
2420,0.2910048856330081,0.2665631403658364,5.0,5.025478746637413
2421,0.31940101533363996,0.32239769353415326,5.0,4.832577331876893
2422,0.28829560554325395,0.2921691484137374,5.0,5.013702005784708
2423,0.19345164746777233,0.18518460450008933,5.0,5.0203223919634254
2424,0.1987971562414732,0.18467840143057135,5.0,5.005917161430249
2425,0.2568389011390062,0.24745298722047626,5.0,5.0149697052421605
2426,0.13551925452621472,0.1318998678107668,5.0,5.041108671826802
2427,0.32578302577443474,0.3105577105554813,5.0,5.022381773406552
2428,0.13415718512838892,0.12201318048219689,5.0,5.031284140452659
2429,0.2657326399759887,0.24849807798213286,5.0,5.015852377619465
2430,0.2517633425932482,0.23073106569775326,5.0,5.083578873580805
2431,0.2642811545053314,0.2560390733982607,5.0,5.032775743167575
2432,0.35468034539527227,0.33098869020687394,5.0,5.026218957253743
2433,0.2969090803748813,0.251047050351872,5.0,5.020335787482226
2434,0.21369992225877787,0.20159474982283232,5.0,5.014807153985288
2435,0.2751845462686673,0.25883088275697164,5.0,5.020887002307282
2436,0.17741210632284732,0.17625947051111956,5.0,5.014195570497053
2437,0.28839437429736026,0.2690805186197618,5.0,5.0153664933111575
2438,0.27430430433061614,0.25405351814702026,5.0,5.030377650830724
2439,0.19301573916043546,0.14695820561828654,5.0,5.026136915002182
2440,0.17479866139403533,0.1674707390833856,5.0,5.016574260670259
2441,0.22498264854242356,0.22261753521030347,5.0,5.01600413927588
2442,0.12247346215718213,0.09718469038265876,5.0,5.174083606448603
2443,0.2952290226953611,0.2770135621499903,5.0,5.021787967465832
2444,0.259337935104633,0.24318261898943572,5.0,5.022233043980222
2445,0.19236075477022485,0.17716989678882333,5.0,5.017158332150711
2446,0.29993789759865486,0.281435231570456,5.0,5.01912948704363
2447,0.29858170666648354,0.29096158662620164,5.0,4.9905815019459165
2448,0.32038679825998795,0.25958366339630556,5.0,5.009520190177383
2449,0.3827657418934629,0.36129352202498666,5.0,5.018577737950762
2450,0.24304541938833024,0.24070708794408713,5.0,5.010702213339675
2451,0.35328348798272713,0.31072899055770975,5.0,5.021768256668704
2452,0.30797808356083944,0.2762625532617753,5.0,5.016420539598991
2453,0.20410410268584256,0.19351880627990292,5.0,5.014675667279045
2454,0.277614718653169,0.2721131037112201,5.0,5.01280139797065
2455,0.31707832855471585,0.29791697778301307,5.0,5.032830261753647
2456,0.25879637647239173,0.2460545517973276,5.0,5.037387703999938
2457,0.1572567481437206,0.14922867560530917,5.0,5.011436361545121
2458,0.22649139323563938,0.21952531831298727,5.0,5.009841232940229
2459,0.14351327276602932,0.13391851508277797,5.0,5.011204784943457
2460,0.2360789191726198,0.21728633235957684,5.0,5.023712265912046
2461,0.2509382999825982,0.24658532336312633,5.0,5.022895682356623
2462,0.16749034132621143,0.158554842725374,5.0,5.027806282619034
2463,0.18851353443269292,0.17226517818904963,5.0,5.020079782259614
2464,0.12024740436424763,0.12305995249230217,5.0,5.025666332648919
2465,0.23487477051442052,0.2252667100481951,5.0,5.016923819070271
2466,0.22851065372828394,0.22519753544552623,5.0,5.021485550669329
2467,0.3083868540765442,0.29917765990112155,5.0,5.057751287986942
2468,0.18542332730016553,0.15901498434676653,5.0,4.962337086452875
2469,0.3461976829504063,0.3385339261910767,5.0,5.012190735961468
2470,0.16819407904505135,0.13432083946369677,5.0,5.025013656847737
2471,0.23655927305175828,0.24598790479051846,5.0,5.0212145020291565
2472,0.21615225545868966,0.19931650354931674,5.0,5.013471698180254
2473,0.21340494096335894,0.2059608490463658,5.0,5.005522126838429
2474,0.14196728306930795,0.13696539785866801,5.0,5.043642807051452
2475,0.31833898584243747,0.29499589286744987,5.0,5.024333196532487
2476,0.2666808220407664,0.26484312708654256,5.0,5.008993633297072
2477,0.316906915826793,0.27494658675564065,5.0,5.026092446097445
2478,0.35154438097647867,0.3365800611190328,5.0,5.019962538770759
2479,0.28907125234151154,0.2703202276578478,5.0,5.019404851287348
2480,0.2345768080131465,0.2224610723828102,5.0,5.0
2481,0.308569829889638,0.2904921434694687,5.0,5.026715303944584
2482,0.25602379356203353,0.2401105242853594,5.0,5.020774925340126
2483,0.2081665596484361,0.2028088830213326,5.0,5.008679873729216
2484,0.22151439002872575,0.23858711565270152,5.0,5.016059096899177
2485,0.1779131909778724,0.1499763197186319,5.0,5.025492909092009
2486,0.21940801402368093,0.20235130926722178,5.0,5.0131729455569385
2487,0.3753583457905738,0.37584518628941477,5.0,5.017328071592262
2488,0.16036758506437732,0.14318630445578195,5.0,5.017504786900293
2489,0.08984797022990532,0.09238997750623756,5.0,4.888977101890761
2490,0.13924916563398582,0.14958178097281993,5.0,5.021570546957861
2491,0.19473923632410384,0.18642498854173994,5.0,5.02161352999595
2492,0.2822087683020722,0.2645076574202774,5.0,5.023935360574914
2493,0.26945530890641023,0.25625064437394474,5.0,5.0
2494,0.2524395679818332,0.2408601285229801,5.0,5.016256985891641
2495,0.27297164262666707,0.2547534194896015,5.0,5.010499545174012
2496,0.35212417325239276,0.33767774213873936,5.0,5.024643543969969
2497,0.20591186234030778,0.19365744492078374,5.0,5.008750548678194
2498,0.35947874811593783,0.31660903209523794,5.0,5.014380125967053
2499,0.1641345585177083,0.14646622234271023,5.0,5.019058504382565
2500,0.13775902297327325,0.13384350238260434,5.0,5.023028332790931
2501,0.2601017602435789,0.25423237110224517,5.0,5.016337104447377
2502,0.23061194099995874,0.21448992199709083,5.0,5.021596476211538
2503,0.3873551812274969,0.37361955538216507,5.0,5.016509545231038
2504,0.2458518330419317,0.23369302025975913,5.0,5.020598801385487
2505,0.2398149110960448,0.23181006000334015,5.0,5.002546467097089
2506,0.2612375670781124,0.2823850473639,5.0,5.014532565181504
2507,0.16406091249807564,0.1441544001602717,5.0,5.008076306722966
2508,0.27740452589263853,0.22364282947481784,5.0,5.01153205605684
2509,0.23588852294539975,0.18649533656581663,5.0,5.025451997694175
2510,0.2558010043334551,0.2458466911158741,5.0,5.026594125449888
2511,0.13730699658010015,0.11895035224514472,5.0,5.024039835151948
2512,0.26392503642785825,0.27901521813605745,5.0,5.019627998565541
2513,0.36923199324073974,0.3495363455777596,5.0,5.027310566052172
2514,0.33956543346978507,0.29747472168079514,5.0,4.999577257114076
2515,0.25432512133460317,0.24300406110311767,5.0,5.011605464923896
2516,0.30656221475532264,0.3051915008541721,5.0,5.015531507631739
2517,0.48727300869817247,0.4640866607154279,5.0,5.016821738141797
2518,0.2292380541242225,0.2150536997835517,5.0,5.038139963677022
2519,0.2158289112833418,0.17260207234319958,5.0,5.0238908799417725
2520,0.14395572528292888,0.13961959230845622,5.0,5.0137544497139075
2521,0.2689010830933678,0.2599288099488928,5.0,5.006518896245815
2522,0.10906031665119986,0.10057535623959812,5.0,5.025981284706145
2523,0.2634923428789555,0.24578611587176424,5.0,5.037228822976019
2524,0.08584657085155478,0.0826750555903295,5.0,5.072309571247651
2525,0.3106977870461667,0.29257721397069214,5.0,5.015230445063326
2526,0.1969636034043203,0.2539466185536965,5.0,5.015463004130201
2527,0.23562792419217682,0.22845896356249185,5.0,4.974916402740419
2528,0.28678240341294914,0.27255579307463673,5.0,5.013900039831505
2529,0.19462650045208463,0.18232840126746774,5.0,5.021263432554068
2530,0.2744306957593192,0.25894836184872116,5.0,5.022905087551761
2531,0.19418887809515795,0.1976370594568353,5.0,5.027033238477987
2532,0.17064403131171013,0.1696106491054179,5.0,5.024016648420666
2533,0.17056167296488378,0.15612554113140664,5.0,5.011085292195778
2534,0.2422746988192752,0.23636867617439306,5.0,5.028838802654976
2535,0.19866033945404182,0.17999128567122935,5.0,5.019102148979098
2536,0.21343165583904344,0.19586915171929142,5.0,5.017404749334506
2537,0.1683348615150908,0.1611536498040198,5.0,5.016174577503847
2538,0.2487298832139364,0.23457963820725802,5.0,5.007885631958269
2539,0.2297092705153394,0.21784855566833627,5.0,5.054798293338081
2540,0.3062406559786919,0.2913733724634544,5.0,5.020595822961322
2541,0.15950322289455543,0.1486215048343258,5.0,5.0262569166006
2542,0.2104824137336223,0.20380457123887075,5.0,5.016899564110382
2543,0.3694630820481317,0.36051254431885393,5.0,4.948558247698687
2544,0.37153227513259823,0.35405215565768544,5.0,5.027266413527816
2545,0.27903331061438985,0.2644205207983301,5.0,5.0169349227574145
2546,0.1318460065458953,0.11496365552410626,5.0,5.012439969726543
2547,0.3345306198538285,0.3149798278583531,5.0,4.997402469631371
2548,0.1511381381896275,0.1498736521017583,5.0,5.0195627849933455
2549,0.2023675799222795,0.1995599526280063,5.0,5.0165356728351895
2550,0.2550164834501887,0.246149018970796,5.0,5.058671997225481
2551,0.2671253093512673,0.24046151632181711,5.0,5.131605664983985
2552,0.37128133123209683,0.3323503358819524,5.0,5.007375935721585
2553,0.19055461356843773,0.1743438843447005,5.0,5.015559686472004
2554,0.1617711760714311,0.1569498457416334,5.0,5.045839475163394
2555,0.20601969746906001,0.18665825329159613,5.0,5.017110483639469
2556,0.17763156121495394,0.16352600437688602,5.0,5.015413460518738
2557,0.284689695700306,0.19459934117273403,5.0,5.0195299449595865
2558,0.22854463427412286,0.20194960167511722,5.0,5.012165607914314
2559,0.21438510212020168,0.2012893342728732,5.0,5.026931314239063
2560,0.28516673367879686,0.3042904742572199,5.0,5.014338634145954
2561,0.1828457257038858,0.15990486696553008,5.0,5.00272396687417
2562,0.400641472454466,0.3843456070139837,5.0,5.031809458842114
2563,0.1776181930895675,0.16822954866103823,5.0,5.084238723486703
2564,0.16187700656991577,0.15135666797349945,5.0,5.034952823736152
2565,0.31218509263403127,0.29369983380291376,5.0,4.991088002448105
2566,0.2755632442065412,0.2663266050468991,5.0,5.022715997431941
2567,0.2019522025821714,0.20060829301512895,5.0,5.013884206834405
2568,0.2432648634235297,0.23616742596948637,5.0,5.028023380449271
2569,0.27680939582331,0.2514806757787793,5.0,5.022286134286427
2570,0.32854066507304314,0.3105671547167028,5.0,5.012163162276204
2571,0.1204801556758186,0.11631473434795359,5.0,5.009471948013724
2572,0.25760341235291895,0.23044527148556826,5.0,5.12898393759567
2573,0.21742827597342718,0.22177441595829106,5.0,5.017576957112064
2574,0.23262484352426083,0.17127522078266844,5.0,5.018947739332074
2575,0.27754102512373535,0.26959986902129573,5.0,5.012452355752384
2576,0.35793039880618926,0.34573229547779305,5.0,5.001717554254705
2577,0.1643945295363307,0.15221927406274682,5.0,5.054825252418933
2578,0.2262257838412136,0.20929987193989175,5.0,5.017210414083699
2579,0.10994012556523414,0.05316121066775237,5.0,5.015604982761888
2580,0.19350852695389453,0.17656681827500176,5.0,5.016300598962298
2581,0.31077570573985525,0.2913840458789665,5.0,4.98987647738292
2582,0.20590841335484655,0.17864035544194534,5.0,5.0173960594230405
2583,0.2779011275205654,0.2741444179506378,5.0,5.01502573873343
2584,0.247542738394954,0.24252827089456153,5.0,5.004608379597073
2585,0.25997199006327953,0.25843023034878154,5.0,5.029136544871102
2586,0.19104890203284608,0.16265962626655028,5.0,5.014450209576351
2587,0.25270169780382834,0.2918646166458023,5.0,5.003806814018761
2588,0.17520857886840413,0.18639650845856615,5.0,5.01265967013186
2589,0.2869180803024711,0.2821781029529453,5.0,4.893439833264166
2590,0.17589744359933346,0.16802449245464923,5.0,5.013099589402632
2591,0.25787988296532305,0.2326220840135429,5.0,5.023738591651545
2592,0.48037600489055055,0.45066878375818753,5.0,5.019484165317865
2593,0.09683469539295864,0.09661288417584957,5.0,5.006448577982381
2594,0.2341762004382797,0.23315443123944468,5.0,5.0106278713608265
2595,0.18645783264578086,0.18234033189102083,5.0,5.018255142172103
2596,0.17124102751054626,0.13209360010952986,5.0,5.024379489539044
2597,0.07941634840879908,0.06382215522147416,5.0,4.9970919219560805
2598,0.27928779952220273,0.2748287226377686,5.0,5.014260258749923
2599,0.30161674333119826,0.264593245922383,5.0,5.021857159795928
2600,0.22124605971399203,0.2120533131306389,5.0,5.009403644486907
2601,0.21486182527340003,0.20289878616681745,5.0,5.018521398967675
2602,0.13561262427269383,0.1267393503700014,5.0,5.0369406264773
2603,0.2274118479495537,0.2179790735642697,5.0,5.022244165139984
2604,0.24817329336142024,0.23308772013014356,5.0,5.021627463339717
2605,0.26061490476793314,0.2553188266166897,5.0,5.024631822512262
2606,0.26555601914837634,0.25191156017709204,5.0,5.0284775805979365
2607,0.2332255313796261,0.22834798940801693,5.0,5.015882458453964
2608,0.1945144123761242,0.17535776755379517,5.0,5.017643498866002
2609,0.20981191525837284,0.19967736432426775,5.0,5.019345559397355
2610,0.2542145402767684,0.2437938566026463,5.0,5.029163010910631
2611,0.32791127004675524,0.2847450079130227,5.0,5.01004901357164
2612,0.31216760914597486,0.3060051958189196,5.0,4.995376581183288
2613,0.19343737644827175,0.2017102468851928,5.0,5.008063604566191
2614,0.1809391459717007,0.16518129865370224,5.0,5.012509686734159
2615,0.21276097852442288,0.20022732352178974,5.0,5.0213359189708395
2616,0.17898066231316756,0.18145321738818798,5.0,4.930300654792363
2617,0.2366888160133669,0.23623483083521113,5.0,5.01705850690346
2618,0.19941643551972743,0.195624475703156,5.0,4.999843188624755
2619,0.26955090792879255,0.25538407030539867,5.0,5.014572565840272
2620,0.2668751342140545,0.2546207399903764,5.0,5.017760520512269
2621,0.17250311630047932,0.16738548643148343,5.0,5.000847389938432
2622,0.2300115846714188,0.22240476180873436,5.0,5.016440597589318
2623,0.14731753192451502,0.1534731594252856,5.0,5.016538314958625
2624,0.17899468766691462,0.18456632970643172,5.0,5.016626828820305
2625,0.21220844723818244,0.19378141138714833,5.0,5.019685780672338
2626,0.2234738259745812,0.2145086072772442,5.0,5.0215236967736665
2627,0.20653590365008578,0.19738095586276372,5.0,5.006960614274352
2628,0.3871678520939912,0.3495537256151682,5.0,5.0152880055316285
2629,0.21635061577934867,0.21031472418619734,5.0,5.02583881445803
2630,0.19169811982642027,0.20299424687051193,5.0,5.0200984327134535
2631,0.19227460447722322,0.1876862935224557,5.0,5.044380243178113
2632,0.1926769782420663,0.18492562519828515,5.0,5.0159274932322795
2633,0.29737496498118654,0.25844110480187177,5.0,5.011601529146201
2634,0.17089962276185378,0.16971556307035285,5.0,4.979651290801712
2635,0.2828800389399544,0.2759262823236517,5.0,5.03417001020221
2636,0.19823936474665582,0.15833993493680643,5.0,5.017800622479234
2637,0.4052000103909841,0.38287352878869574,5.0,5.028416986359909
2638,0.20991686463635162,0.20203359394054177,5.0,5.011817896816098
2639,0.16811374440501048,0.23383183117177375,5.0,5.0311595727429115
2640,0.39393915385136347,0.37425287692560705,5.0,5.014879267704178
2641,0.12988532721756751,0.09048092686107401,5.0,5.01430116735615
2642,0.38009922559109355,0.35869618817610616,5.0,5.011087144094644
2643,0.2234042888452632,0.2041188707672239,5.0,5.007351223358283
2644,0.1715567146966599,0.15788517518024925,5.0,5.01159593072523
2645,0.2168249811028602,0.21029346092320877,5.0,5.01444676583267
2646,0.31477349455304027,0.3090597899063112,5.0,5.012883578513474
2647,0.20834183113523586,0.1911008266041596,5.0,5.01658514288855
2648,0.3385493211425319,0.32926259292762095,5.0,5.005493600053734
2649,0.2955993032366422,0.27424340325880414,5.0,5.001444259675285
2650,0.22087373114289788,0.21312362448390187,5.0,5.01190421083181
2651,0.24055146125927118,0.21593405586900705,5.0,5.024286438934844
2652,0.2519444842118246,0.23879007236532002,5.0,5.021424415333513
2653,0.2784663597779178,0.2761013142698123,5.0,4.951351965447541
2654,0.16161008741025262,0.1336856128238364,5.0,5.019187809599757
2655,0.17743333305695574,0.2375946060483447,5.0,5.012961856863187
2656,0.1938165341241278,0.1830072330571093,5.0,5.053173589474929
2657,0.14292087538880804,0.09160394908764324,5.0,5.019289034082899
2658,0.23171781715060158,0.21828380338266595,5.0,5.097628557504903
2659,0.38842938011853345,0.3685825368061286,5.0,5.000073451885179
2660,0.14998068754018457,0.1403496748548354,5.0,5.023249213693983
2661,0.3265706420981558,0.3075110465389188,5.0,5.018970929790294
2662,0.27452397030537146,0.2712303787247323,5.0,4.9845195640111495
2663,0.1951724152859884,0.18205327668121862,5.0,5.010113043420974
2664,0.17218617310063822,0.1601340973696459,5.0,5.008370865024601
2665,0.19868689890933267,0.2188477883782074,5.0,5.0020677300171545
2666,0.2017831531168397,0.19169066975597548,5.0,5.020008191166125
2667,0.1692878265875868,0.16003519577266978,5.0,5.023112735342199
2668,0.28172619518163367,0.2944868676081027,5.0,5.01703012518238
2669,0.13000591170433795,0.12255973157714606,5.0,5.015899173830576
2670,0.16121633785012346,0.14746705166037977,5.0,5.019434229999371
2671,0.1881844816827205,0.1831726489439336,5.0,5.01506622648578
2672,0.17636088017588425,0.24103298217448654,5.0,5.026857778051657
2673,0.17217601400922522,0.16641449685946164,5.0,5.000996995238882
2674,0.1647121466332231,0.15670132574827278,5.0,5.0
2675,0.16925934096671025,0.16724935068381952,5.0,4.9776218564136965
2676,0.34608437100933154,0.2987728206421414,5.0,5.01665830338176
2677,0.3240132541790208,0.31044257365391625,5.0,5.011255570962652
2678,0.20713505899137696,0.18386863707851564,5.0,5.008875388357872
2679,0.257303465536717,0.23998507923489942,5.0,4.991313509123714
2680,0.3574683672724943,0.3381956266124333,5.0,5.0073644899264735
2681,0.2950891768628776,0.24667116532692557,5.0,5.045222218860168
2682,0.1583979115431291,0.20690655130282987,5.0,5.040611023890049
2683,0.18462821814083408,0.21427536537689962,5.0,5.018371113151723
2684,0.16796932615937243,0.16307231665877397,5.0,5.011960477308621
2685,0.35968436197306985,0.34937648276648514,5.0,4.9620172893367975
2686,0.32459704740685846,0.3140409809983713,5.0,5.02364877273922
2687,0.10981626925808752,0.10879160177958846,5.0,5.015763242787674
2688,0.27728569640280787,0.23991905034345873,5.0,5.0194390994567595
2689,0.14638506452241407,0.1295543294258561,5.0,5.019104989233849
2690,0.17301815041601953,0.17997043944605995,5.0,4.996503858097174
2691,0.2008033593187042,0.19526751687364885,5.0,5.023030135628215
2692,0.1331843974409832,0.12506563190316267,5.0,5.020773240567644
2693,0.19248214953297116,0.19186343660036265,5.0,5.018463883204429
2694,0.22207055464662706,0.22223414260901442,5.0,5.034652180187464
2695,0.277192541381273,0.26270932870606534,5.0,5.0
2696,0.18903662183680559,0.18707077588954402,5.0,5.011896312481818
2697,0.16360920409770285,0.15110034287347673,5.0,5.017860033043631
2698,0.18645830213114256,0.1943764480459842,5.0,5.0314217941058725
2699,0.30339568535735095,0.281565507552652,5.0,5.0064589813042115
2700,0.20815748292042446,0.2005756083692809,5.0,5.016595139638609
2701,0.15209123794295554,0.15338049906913898,5.0,5.016873765316481
2702,0.12507807989688624,0.1156478120759925,5.0,5.021900419354717
2703,0.21809733088635452,0.20787463993934496,5.0,5.026293360894822
2704,0.24714821226340766,0.2137974758621466,5.0,5.010708578388909
2705,0.18993299068665515,0.14498947634657355,5.0,5.020802863607896
2706,0.25357167875968956,0.2460895583411915,5.0,5.011500754617266
2707,0.16293286099786286,0.1528732299681821,5.0,5.010193674358812
2708,0.15820190486959862,0.14868938723958247,5.0,5.018725380566913
2709,0.3467823859569965,0.32548905387385973,5.0,5.020083290586728
2710,0.3419078699839435,0.33851427698517944,5.0,5.0232976637465665
2711,0.30776465911827944,0.27588665925939315,5.0,5.022454163294574
2712,0.13076964010017922,0.12213404928859672,5.0,5.029603186423932
2713,0.2303384774518782,0.19864248530844253,5.0,5.013748260007356
2714,0.18151070734936625,0.1659840018026093,5.0,5.013093869802967
2715,0.12882065847720692,0.13068148327664764,5.0,4.981303353249267
2716,0.2018537606927575,0.17727765805741247,5.0,5.016910877430805
2717,0.28969202712701825,0.2711206610576211,5.0,5.025324558278745
2718,0.2689932770231198,0.26209556119553623,5.0,5.00902183118674
2719,0.3482818201485074,0.33422095206842695,5.0,5.02092314868686
2720,0.22626309068533534,0.2144642891475319,5.0,5.0310164996338536
2721,0.25001326976677163,0.24173981650438203,5.0,5.0224168644329925
2722,0.24615139733455949,0.2413926798467545,5.0,4.999179865607299
2723,0.37022279544502124,0.3443714053994227,5.0,5.0137465621561805
2724,0.24238249693464464,0.24275087727653188,5.0,5.019822157175344
2725,0.2852831610804305,0.2752627832714436,5.0,5.02317136446492
2726,0.2540688601281522,0.24383429024669323,5.0,5.015477045297594
2727,0.2094158756678175,0.207275722278903,5.0,5.009511304511252
2728,0.1915463029090596,0.26537985448851575,5.0,5.01401179707357
2729,0.26280766573430325,0.23193335313087116,5.0,5.022315664453343
2730,0.24060192468830155,0.22874780362447833,5.0,5.0
2731,0.12992743810499574,0.12880042333153452,5.0,5.017878471254065
2732,0.3164079174995149,0.3172576536748517,5.0,5.0102535349505395
2733,0.27517516698823785,0.2742529543995833,5.0,5.017124528677428
2734,0.3323400290796368,0.29704982066622243,5.0,5.011676102749529
2735,0.22183626716738947,0.21231135556576675,5.0,5.027324951955183
2736,0.23088278630892667,0.19734856535333156,5.0,5.012270531168488
2737,0.1899573878407872,0.2171983488369127,5.0,5.046632334587171
2738,0.3580324468304541,0.3320395002285377,5.0,5.027626712941045
2739,0.28788318510136657,0.2680143845335641,5.0,5.013033245168312
2740,0.27032827365761025,0.26147093146974054,5.0,5.004253087023125
2741,0.2177178610354924,0.20596807699735842,5.0,5.020799051265952
2742,0.38616738901430225,0.37198104824494926,5.0,5.015918678366962
2743,0.16557103719621624,0.1671123287562366,5.0,5.008998114076801
2744,0.20898358870777844,0.19764287606174746,5.0,5.0181664678137405
2745,0.08324587185851229,0.07860668325152642,5.0,5.02095345059792
2746,0.2603393392773754,0.2455529943815309,5.0,5.0247713253851956
2747,0.35232049127158827,0.3327207931389118,5.0,5.022254009070606
2748,0.15462689177916733,0.14591315940092908,5.0,5.024693036706571
2749,0.113984715670026,0.10766958265534288,5.0,5.022078454779253
2750,0.28476106826439684,0.2677321927361276,5.0,5.029461139846418
2751,0.23781517640464456,0.22444843625123956,5.0,5.024938270513308
2752,0.3302828109640954,0.31179930985997584,5.0,5.021928893258956
2753,0.1328104211794432,0.12534681857629204,5.0,5.019966682164627
2754,0.13816028615864595,0.13047461395162108,5.0,5.020074554861251
2755,0.24013608614440063,0.22655590055304287,5.0,5.022676722670303
2756,0.21456251628147993,0.20244450787005275,5.0,5.023045803138988
2757,0.2958582131488037,0.27943154786142443,5.0,5.021822254183466
2758,0.09967295320803915,0.09443205777247532,5.0,5.02225310228293
2759,0.3424169690407959,0.32305744886147547,5.0,5.024570132283843
2760,0.3825521125421876,0.3619141837148039,5.0,5.019963430795054
2761,0.34633737010691434,0.3271433760068234,5.0,5.020537432322296
2762,0.22124941776807638,0.20891812341932914,5.0,5.02160444610964
2763,0.34110162151181056,0.32220821374825426,5.0,5.020657545159386
2764,0.2900976450085804,0.27386409152648317,5.0,5.022989893925072
2765,0.31776992059616616,0.30040110676774856,5.0,5.02130796233204
2766,0.3119490761748356,0.2941142474903635,5.0,5.022402932013312
2767,0.16578167303824376,0.15652813276961708,5.0,5.022477441816395
2768,0.24262175612955228,0.2289016260986385,5.0,5.0235849767482055
2769,0.16829860441878663,0.15998262406119346,5.0,5.019399647674732
2770,0.33270187367702153,0.31430443843973044,5.0,5.02282103067949
2771,0.24207819280140352,0.2286891600961145,5.0,5.020912575283463
2772,0.26598154842679067,0.2513075021405975,5.0,5.021708841794448
2773,0.31391079120704757,0.2962653166717826,5.0,5.022515384942388
2774,0.25232843492932977,0.23810114968679108,5.0,5.022336237250524
2775,0.34812665177459867,0.32844017941083603,5.0,5.02542079583626
2776,0.26989376367425355,0.2547585377907622,5.0,5.024246293447039
2777,0.13512080125195203,0.12746740919163413,5.0,5.020017898373483
2778,0.2101035433236238,0.1982402839168662,5.0,5.025838945207282
2779,0.24322162652501644,0.22982531506584514,5.0,5.022507707275876
2780,0.4130572748656487,0.3902477577677681,5.0,5.020258661651953
2781,0.3163225115767705,0.29855811695858336,5.0,5.023642580960583
2782,0.3663175988189722,0.345811873377488,5.0,5.02275421473823
2783,0.23187354628306078,0.21892485078384216,5.0,5.023451939027286
2784,0.3224269433931537,0.30446910517396186,5.0,5.025086920543824
2785,0.19283805620682215,0.18208590364238075,5.0,5.024835814151505
2786,0.30940035816612643,0.2921479788063095,5.0,5.02230892980295
2787,0.2996257383424126,0.2834213803967758,5.0,5.020696452037763
2788,0.3309125260101804,0.31239646638956486,5.0,5.023982291347817
2789,0.18778061852600314,0.17726406962039398,5.0,5.021610052591159
2790,0.3901064210210421,0.36843826387380685,5.0,5.020218962028045
2791,0.20440467464998546,0.19297156430762552,5.0,5.0230320407201745
2792,0.2983307970231168,0.2815231520313317,5.0,5.025189401362571
2793,0.2391247435318311,0.22570176106288353,5.0,5.022080585795949
2794,0.39183538276362606,0.36973148898266817,5.0,5.023786977502178
2795,0.27572713134326277,0.2604633824682434,5.0,5.021830222545471
2796,0.13350382010339956,0.12603673928575043,5.0,5.0213839744245625
2797,0.2794780602225426,0.2638731441576443,5.0,5.023178378939788
2798,0.3213855493391826,0.30314714067127757,5.0,5.025722927755254
2799,0.3127923667528685,0.29517872156990776,5.0,5.022644601117587
2800,0.22788557724728364,0.21565993054402566,5.0,5.0
2801,0.2032982684550393,0.1919917961001152,5.0,5.021100403530951
2802,0.234067152724037,0.22114338422156732,5.0,5.02180931202556
2803,0.20607960307286133,0.19417552530809723,5.0,5.023146473110867
2804,0.25334258092607875,0.23931331544407297,5.0,5.021243041332735
2805,0.2819603987817847,0.2663665525657457,5.0,5.022275724560421
2806,0.292953811357644,0.27692029106994087,5.0,5.019718868922602
2807,0.2481518589685281,0.23409779048331947,5.0,5.026026085243567
2808,0.22661176669933436,0.21387924040236905,5.0,5.0201022326087585
2809,0.23148079762777818,0.2183941302835104,5.0,5.022930431506785
2810,0.24751796170077878,0.23364632418079712,5.0,5.022283832549448
2811,0.17134083142365109,0.16182483235571432,5.0,5.021222457509706
2812,0.2065396028481188,0.19496225927499333,5.0,5.022173338263736
2813,0.23507457770947426,0.2219216258229484,5.0,5.025279740869832
2814,0.16178034190072044,0.1526871209589249,5.0,5.022575973500372
2815,0.18599264710530838,0.17580609490384091,5.0,5.019878513897851
2816,0.1944791415464171,0.1835177518412494,5.0,5.023893199509759
2817,0.28454657272773587,0.268742322752755,5.0,5.020236874722288
2818,0.3993369499101789,0.37681862338580197,5.0,5.0261286729848464
2819,0.27471310511119174,0.2587587082126819,5.0,5.023366598807915
2820,0.3233185077437577,0.3051731498627912,5.0,5.0233602253500464
2821,0.37775899816457037,0.3569034384079812,5.0,5.020672615138269
2822,0.2640909875686639,0.24920945175673892,5.0,5.024219269020218
2823,0.28468154965137193,0.2685357603506262,5.0,5.024477833815002
2824,0.24154463324844722,0.22810114346053267,5.0,5.021964356202568
2825,0.3361969046248652,0.31733660229644034,5.0,5.0220113344157635
2826,0.1773390879016674,0.16746242970150838,5.0,5.022153200023105
2827,0.32866918950723445,0.3102674759838078,5.0,5.0217779119920625
2828,0.33208756873191203,0.3135422528329954,5.0,5.023352212011778
2829,0.26902619468984046,0.25417984306375474,5.0,5.024934924165061
2830,0.39704411831948394,0.3749830018280371,5.0,5.022680373929864
2831,0.36990966787582824,0.3492510420584758,5.0,5.024515388325135
2832,0.27098060127287193,0.25583268724162855,5.0,5.0222993201851285
2833,0.2042557351307619,0.19280797846354236,5.0,5.021904701572675
2834,0.31355471390605016,0.29609226614601436,5.0,5.021621499619506
2835,0.2054417965624713,0.19418343972385266,5.0,5.019954248216321
2836,0.2490711899281015,0.23515802748433168,5.0,5.021490505439878
2837,0.2853786562156546,0.26956688254499195,5.0,5.0205484645039
2838,0.3531002533539813,0.3336367425198916,5.0,5.019375808738147
2839,0.36485280953557253,0.34455840922495096,5.0,5.024497605450611
2840,0.1862555559877619,0.1760084572511933,5.0,5.018368231253492
2841,0.4538712321244438,0.4296257312803018,5.0,5.0175298496896215
2842,0.2401934071398415,0.22679573706527445,5.0,5.0205393662864495
2843,0.19193826391361024,0.180901498116522,5.0,5.0246582538461215
2844,0.30344708454712954,0.28648318636435977,5.0,5.020603668581538
2845,0.34612755583107213,0.3267814120457402,5.0,5.022698660716856
2846,0.32314121332679746,0.3048971210678615,5.0,5.024244969494784
2847,0.20623277186239242,0.1948065709102469,5.0,5.021645067137719
2848,0.2829380001836517,0.267841281559521,5.0,5.019073992498395
2849,0.2046120811359402,0.19314084567564627,5.0,5.021592735081919
2850,0.1663918546420735,0.15703661273171443,5.0,5.0201506098953885
2851,0.16970389720863377,0.1601742090216356,5.0,5.022880216217427
2852,0.14910919535908596,0.14081919806374987,5.0,5.020179332506949
2853,0.26781114465082445,0.2526933554111581,5.0,5.026658533420019
2854,0.27190941858661,0.2569093030794345,5.0,5.0204854080358
2855,0.23001025804980357,0.2171040405546063,5.0,5.022485123095208
2856,0.34219651948075525,0.3229292879571697,5.0,5.0262070766493405
2857,0.21349248901678752,0.2016461552668971,5.0,5.0211616547245175
2858,0.15527351672181333,0.14661853964318738,5.0,5.021155703688569
2859,0.34474482414985586,0.3254909906788621,5.0,5.022622662089544
2860,0.17440040977193538,0.16455888614455105,5.0,5.023140835494599
2861,0.24335605163221996,0.22996258302309447,5.0,5.019278166370018
2862,0.34666744586788845,0.3268590772729285,5.0,5.0203162131003065
2863,0.16334027010560725,0.15429544211245516,5.0,5.0222537338778395
2864,0.26081023973001494,0.24643804596770735,5.0,5.020419240127554
2865,0.11745654988950704,0.1103368602329926,5.0,5.021434990017335
2866,0.3364892258696828,0.3196414873025655,5.0,5.0
2867,0.2185599257196722,0.20638214401110644,5.0,5.02076957808832
2868,0.34132660086883604,0.321569794063703,5.0,5.0251431301703064
2869,0.16528201893553796,0.15597640994032824,5.0,5.02503816937149
2870,0.321326640046919,0.30344848667457236,5.0,5.024882359835967
2871,0.3255871484782238,0.3075260085128704,5.0,5.020755501337311
2872,0.1938069970962062,0.18291624260452122,5.0,5.022774040792806
2873,0.1968391044341704,0.1857456151604695,5.0,5.021961762571534
2874,0.17686060603197196,0.16694174818851204,5.0,5.022743361484752
2875,0.2518929123175726,0.23760740673938807,5.0,5.0258263649820645
2876,0.32268226679124234,0.30480158036172433,5.0,5.020737892663707
2877,0.23088597986204928,0.21904823533595152,5.0,5.0
2878,0.27364763303752326,0.25820995813198255,5.0,5.023950993993314
2879,0.23189689779468647,0.21899873469851894,5.0,5.020818291816784
2880,0.23424185993420732,0.2212128936807496,5.0,5.02026210978908
2881,0.16502855147729112,0.15641062392289085,5.0,5.024057005655482
2882,0.29884094625634594,0.2821931041910981,5.0,5.022363451167724
2883,0.36998612757719584,0.3493861465221362,5.0,5.022333890481008
2884,0.2257535947414926,0.21301901679740554,5.0,5.023722082638722
2885,0.3541138435897009,0.33429385939070566,5.0,5.024759403884005
2886,0.4263888295972855,0.40225358933749766,5.0,5.023780842557324
2887,0.42103725526983804,0.3977853856952607,5.0,5.022017984422584
2888,0.2709464022248027,0.2559107899984976,5.0,5.019771533360089
2889,0.40343924419309807,0.38145494115723366,5.0,5.01876962853431
2890,0.2627756239597514,0.24811887803057653,5.0,5.0248768591471915
2891,0.2923763741650829,0.2760207816153031,5.0,5.021970288378013
2892,0.13252875183633805,0.12507812234603222,5.0,5.02309700228424
2893,0.32286554396740397,0.30497698725583566,5.0,5.0198079468342005
2894,0.28673033140627924,0.27095652748064136,5.0,5.021584159454706
2895,0.35734659344335773,0.3376819938983675,5.0,5.019819606194469
2896,0.1819957701984889,0.17195420838204334,5.0,5.020157268540046
2897,0.20855730345530632,0.19664785828801756,5.0,5.024552120513972
2898,0.23243795935166545,0.21927920540302948,5.0,5.022905402506073
2899,0.07539011102709847,0.07115290637901928,5.0,5.021701513067747
2900,0.2984712640395446,0.2819390841273566,5.0,5.022030374521949
2901,0.23538457705665672,0.22219394360493672,5.0,5.022745744181991
2902,0.22962974663638724,0.2163799744764736,5.0,5.024649477977654
2903,0.24969704126039116,0.23590102687264536,5.0,5.021522909199154
2904,0.1788853624854818,0.16871416116364069,5.0,5.023946656832505
2905,0.41249118600466406,0.3900649664774509,5.0,5.019963754111831
2906,0.21476712263656506,0.20296091649389902,5.0,5.016704714564835
2907,0.15232036555794082,0.14383663579846817,5.0,5.021297678389063
2908,0.21036822155400925,0.19842636629961619,5.0,5.023463463476467
2909,0.25429043203203094,0.24006431548135065,5.0,5.022801239376049
2910,0.26266972095489227,0.2480541843557853,5.0,5.020273108020419
2911,0.5211121197847239,0.4918965385272258,5.0,5.0248086769271705
2912,0.20774913970093545,0.1973242089917211,5.0,5.0
2913,0.284725234857482,0.26914229184834526,5.0,5.019852864576961
2914,0.11711743858470669,0.11044988994793603,5.0,5.021481083481953
2915,0.28389540590621953,0.26804879433372486,5.0,5.022952240476464
2916,0.22135844455224585,0.2089068478908549,5.0,5.022319858195656
2917,0.14667684079072374,0.13839605283271283,5.0,5.022744727872173
2918,0.15797375660759538,0.14903078105723533,5.0,5.0247166045569625
2919,0.3707214782018693,0.3498864884878303,5.0,5.024122185242765
2920,0.15027573958792595,0.1422134405022586,5.0,5.018786325107278
2921,0.2388225273823663,0.22586649743497067,5.0,5.018562896959873
2922,0.129031498746913,0.12179615936547439,5.0,5.024271461913292
2923,0.23149914251518333,0.21851334570854797,5.0,5.021506711548263
2924,0.2665455357799378,0.2516858254537637,5.0,5.020673028713629
2925,0.24174912004421945,0.22827582885038278,5.0,5.0216058416920895
2926,0.3730804597439943,0.352026255877699,5.0,5.025831248180559
2927,0.26038605322939623,0.2456950685199608,5.0,5.023250440984475
2928,0.22366240285011352,0.2110794021480762,5.0,5.022194566988105
2929,0.22362103329127136,0.21118949950651822,5.0,5.021651660740574
2930,0.29766388719062364,0.28117117485494014,5.0,5.020151811991491
2931,0.15188523182501612,0.14341435604961483,5.0,5.021873047474434
2932,0.29769231259448325,0.2813508146130139,5.0,5.0202444185838235
2933,0.4853787881009082,0.45865993859306986,5.0,5.020984986376753
2934,0.24820871255798416,0.23441685780087318,5.0,5.022029324748525
2935,0.31049569133822374,0.29347983448613024,5.0,5.019993422124411
2936,0.25448434698810485,0.2406906407117413,5.0,5.020036407641637
2937,0.4962419887047227,0.4683071737629452,5.0,5.025157654328938
2938,0.4118600688531002,0.388558077918409,5.0,5.023821145732388
2939,0.09017600101919232,0.08505104820361797,5.0,5.024038229542738
2940,0.0716488723451909,0.06767758895630949,5.0,5.022576130164689
2941,0.32237630761173675,0.3043988328605687,5.0,5.0202960058102075
2942,0.19557167105709294,0.184656340115805,5.0,5.0216293242919985
2943,0.2872632616728661,0.27158536795301336,5.0,5.018843786603657
2944,0.17549933284313113,0.1656657375540438,5.0,5.021816145079505
2945,0.13533507947766243,0.12782325449104448,5.0,5.020355351995889
2946,0.2806377099830435,0.2650982823512318,5.0,5.018610197064373
2947,0.27495123253741993,0.26035479845779697,5.0,5.017917368845719
2948,0.34885053502381314,0.3294111732641072,5.0,5.0214793279818615
2949,0.21744451563798362,0.20504868758925898,5.0,5.0258156279846045
2950,0.26635142116284993,0.25151679975793195,5.0,5.022955769154214
2951,0.20847376226813719,0.1971178798871076,5.0,5.032353765485329
2952,0.08655086324949823,0.0815604793129161,5.0,5.023498507237543
2953,0.27648394148967226,0.26070090902688237,5.0,5.025412134336378
2954,0.18991978155476463,0.17991541572491898,5.0,5.018497355182543
2955,0.4066267179688572,0.3837244970532372,5.0,5.025677095166365
2956,0.18424898256698619,0.17395971395686205,5.0,5.020943711492505
2957,0.06849605054743413,0.06463476974813953,5.0,5.0200070086754245
2958,0.1401543212733556,0.1322758789822862,5.0,5.022848652644436
2959,0.11995325055440298,0.1132983669429426,5.0,5.021490000515367
2960,0.24932814665095804,0.23542811354612847,5.0,5.020887083290013
2961,0.2943459504348158,0.2779284750476976,5.0,5.023785403880261
2962,0.20748796383201396,0.19572004854730407,5.0,5.021431260553246
2963,0.18613725405510695,0.1755958889437994,5.0,5.022969003104931
2964,0.33299664523353,0.31457927230206106,5.0,5.022914474456863
2965,0.2786456120737608,0.2631652922888523,5.0,5.020872790763322
2966,0.3423970145179849,0.32364031226095036,5.0,5.019992855808688
2967,0.1825706382322574,0.1723773737168277,5.0,5.022789163589518
2968,0.09035987948316015,0.08521686129533568,5.0,5.024543310420588
2969,0.24200413786365726,0.22841954585548407,5.0,5.023345559759402
2970,0.20499129485097112,0.19366232524442206,5.0,5.020705167617683
2971,0.36674916591585927,0.34672152927926536,5.0,5.01996588494154
2972,0.35430096485138707,0.33395538560375515,5.0,5.024448357151936
2973,0.3714341404920871,0.3505966091896231,5.0,5.024618658130473
2974,0.4170326932884376,0.39438202516361787,5.0,5.018072870448753
2975,0.2586074549504671,0.24440226123634945,5.0,5.01590593458312
2976,0.3429141827558959,0.323625947590664,5.0,5.024077537993987
2977,0.17861941917876534,0.16860252074500215,5.0,5.0217922717075325
2978,0.27437261023178294,0.25900360027855585,5.0,5.022901627950995
2979,0.29437834100405436,0.27789021226830957,5.0,5.022939044163088
2980,0.36639201129455023,0.3459737433385386,5.0,5.0213047391326615
2981,0.27438904483253723,0.2593419332608946,5.0,5.0211678054453746
2982,0.13703781573742657,0.1287764721516984,5.0,5.022560894667638
2983,0.3574166069478524,0.3374458975195669,5.0,5.022387539812083
2984,0.22695557581214842,0.2144520678898667,5.0,5.020799718508959
2985,0.1986368864060961,0.1875618142708695,5.0,5.021904150289416
2986,0.27061352009749995,0.25521900317719703,5.0,5.02672522419382
2987,0.20013223440755223,0.18887149418441052,5.0,5.022034522791499
2988,0.29942684351559823,0.28257125458207333,5.0,5.017271252577427
2989,0.33394725454942864,0.31582672546176926,5.0,5.018528389291337
2990,0.19250056362402446,0.18169240890456484,5.0,5.021346273424969
2991,0.42544175177361,0.40159674511533816,5.0,5.023992107048727
2992,0.40550379142109017,0.3830679911327697,5.0,5.021587534000398
2993,0.21799624193501943,0.20570989865992972,5.0,5.022969742547838
2994,0.27772307854985656,0.26226191630177254,5.0,5.020871672747065
2995,0.28637352147512307,0.2705420743795248,5.0,5.021532881403177
2996,0.19370533505251797,0.182972013499636,5.0,5.0214934430105185
2997,0.1908795081835113,0.18014493575044765,5.0,5.021748942644102
2998,0.20382648454032526,0.19262671334575554,5.0,5.018600742715691
2999,0.310848887206864,0.29319680287628835,5.0,5.0239443510084225
3000,0.22044772867543916,0.208095582884551,5.0,5.0236068157554925
3001,0.3623837508277328,0.34269567078502927,5.0,5.020705897296551
3002,0.1964219606087234,0.18528938847979304,5.0,5.023914779743501
3003,0.1740980973637829,0.16432716876939502,5.0,5.0219666230847615
3004,0.2280018226840239,0.21532721785904285,5.0,5.020518968339971
3005,0.3300110542560657,0.31173402402229167,5.0,5.020553371759844
3006,0.23194655945203668,0.21889849459379596,5.0,5.022542147095637
3007,0.15176366124405205,0.1434330679434499,5.0,5.01930080733489
3008,0.20993471451802814,0.1981871864403868,5.0,5.022671087931485
3009,0.2647280153019116,0.24991950519294726,5.0,5.021960819361242
3010,0.19843622640610548,0.18733020793484267,5.0,5.02132584612462
3011,0.2648570399526602,0.2501878448646464,5.0,5.0223116998003015
3012,0.18996378569804873,0.1794049636611612,5.0,5.021730804832432
3013,0.39141797193999994,0.3694701147330788,5.0,5.024256671128855
3014,0.3051437831072572,0.2880534588702961,5.0,5.025558574032161
3015,0.1773428029298314,0.16740883304457754,5.0,5.0194088712943685
3016,0.23302152534665033,0.2200638552798284,5.0,5.018295141774436
3017,0.16014005808602594,0.1511900045641943,5.0,5.020310123521181
3018,0.20462161978044935,0.19329402917929817,5.0,5.020788230117192
3019,0.182679886476538,0.1725050218210531,5.0,5.020900375258908
3020,0.17417583219118904,0.1643050835163491,5.0,5.023461861969256
3021,0.25553772604032554,0.24114319954708252,5.0,5.023841569130747
3022,0.3901113301443966,0.36838700178773753,5.0,5.023054407547978
3023,0.42469672437763806,0.4008408911868455,5.0,5.023820464002293
3024,0.27171173966861706,0.2564580236631504,5.0,5.023923627681102
3025,0.2474108921059479,0.2338501304489653,5.0,5.021287182614422
3026,0.29437109921057836,0.27776411904511655,5.0,5.0239913173523565
3027,0.1828331662926308,0.17263882391320884,5.0,5.023551533559916
3028,0.4087268179343744,0.3861444051681333,5.0,5.019720039277189
3029,0.30884426378639196,0.2917129360905162,5.0,5.021263199627493
3030,0.11389689645386314,0.1074362051192661,5.0,5.02308708669462
3031,0.29041395183711205,0.27408443419991446,5.0,5.022644569504955
3032,0.23547454731757278,0.22228055271329117,5.0,5.023582918017171
3033,0.17306435640039664,0.1642866370785807,5.0,5.0
3034,0.2626077194719927,0.24791266429091752,5.0,5.024072990844086
3035,0.2563434042772863,0.24191976017033778,5.0,5.022523775636412
3036,0.19635916796579966,0.1851272330476681,5.0,5.023399077005628
3037,0.14461629392729192,0.13649444838468572,5.0,5.022218281078423
3038,0.35307355284233966,0.3332686947717811,5.0,5.024023868421805
3039,0.15823250077365358,0.1491649610760808,5.0,5.02160145697343
3040,0.3137135209860864,0.29617722807458136,5.0,5.022348315415641
3041,0.16899324069654975,0.15998187078267323,5.0,5.0179150399975025
3042,0.2532374902119727,0.23875230361359678,5.0,5.026240963924238
3043,0.14113511841647508,0.13326312191467116,5.0,5.021221854143212
3044,0.17349554662531053,0.1637871296606097,5.0,5.023133507034627
3045,0.16747488340100736,0.15821606264124477,5.0,5.021860274254202
3046,0.20455005646369018,0.1931580535914954,5.0,5.020218174594424
3047,0.05738002271928244,0.054109386652886116,5.0,5.02355103742314
3048,0.22426899280207713,0.21163020288515866,5.0,5.023236938623006
3049,0.1444926273283591,0.136417518769681,5.0,5.023646701541589
3050,0.20402900658472722,0.19272794857703945,5.0,5.0213128691626085
3051,0.2558167678360066,0.2418937198530069,5.0,5.0207344279288435
3052,0.2957510965885566,0.27848612424495545,5.0,5.023560505047691
3053,0.32350681996132247,0.30541598143845206,5.0,5.02565634521118
3054,0.20319147313191066,0.1916218233159943,5.0,5.020700610774265
3055,0.11376175146558554,0.10725150671124006,5.0,5.02468073754418
3056,0.1895076654687271,0.17884068196650382,5.0,5.023053146465175
3057,0.25205651578736976,0.23811926308750753,5.0,5.0220133893654495
3058,0.13491908353510373,0.1274127837970329,5.0,5.021772162371629
3059,0.20891330312409973,0.19688651618710162,5.0,5.0257788390059766
3060,0.19275077272509322,0.18185273686936343,5.0,5.023496496210731
3061,0.2567401656984267,0.24214492183921865,5.0,5.02521485125679
3062,0.17641224480050766,0.16679343150342452,5.0,5.018671691399783
3063,0.2206630268002372,0.20801754302355202,5.0,5.021516811718696
3064,0.1895904772366619,0.17900184249700257,5.0,5.029767462446477
3065,0.2851299052214331,0.2693678609515415,5.0,5.021924805487119
3066,0.4014836963162083,0.37888747213501706,5.0,5.02471592159945
3067,0.23275106748578311,0.21960948824006654,5.0,5.022790915453639
3068,0.2884138811553363,0.27087494981751026,5.0,5.030695165279413
3069,0.4023247044099998,0.3798499197695946,5.0,5.0226353965997195
3070,0.13090550021243086,0.12351453600409101,5.0,5.017106164400467
3071,0.11852279978965963,0.11182503323705117,5.0,5.021702007119293
3072,0.2899902736047335,0.2740222593193218,5.0,5.019992041628534
3073,0.2807852728044562,0.26515162369342105,5.0,5.021236901549004
3074,0.1454616614595814,0.1371916807126059,5.0,5.023215352885639
3075,0.561773608883207,0.53092787508794,5.0,5.022328002109182
3076,0.306430525510786,0.2892492990608049,5.0,5.025882602508389
3077,0.20319479703343402,0.1916553418948579,5.0,5.023841858006852
3078,0.18663664802795532,0.1761953971634862,5.0,5.0222549293142205
3079,0.27763485916528996,0.2621020191392849,5.0,5.021796284395048
3080,0.30718598617002324,0.28988811239233647,5.0,5.024971702152907
3081,0.40533485368072864,0.382202193052686,5.0,5.026095499810932
3082,0.1975209258612156,0.18623445985567555,5.0,5.024192429034127
3083,0.3601253525183701,0.33997206925500345,5.0,5.027155603629687
3084,0.09899629798048415,0.09337331339077237,5.0,5.0259786452063615
3085,0.5721828754881002,0.5402459692522015,5.0,5.02623413863752
3086,0.30427139681524773,0.28675569892523933,5.0,5.028372163806418
3087,0.34371370258266687,0.3238614258237493,5.0,5.028286162678732
3088,0.21496533185636335,0.20330612998900133,5.0,5.024081179272519
3089,0.23662342790577773,0.21818605308187844,5.0,5.02043022393603
3090,0.12484520693912526,0.11717247015625931,5.0,5.020230432213282
3091,0.3131355233361537,0.2976209574501878,5.0,5.029196437758996
3092,0.2585551017983423,0.2371328859508135,5.0,5.019904248473459
3093,0.16280431055576727,0.14729155500809354,5.0,5.018876601188058
3094,0.08865228936822245,0.14070659223707338,5.0,5.020258180217718
3095,0.16158421184248417,0.1606045813665904,5.0,5.0237366353556645
3096,0.21488262575280292,0.20393170199718424,5.0,5.023356805405985
3097,0.14499580377409504,0.19510065365055773,5.0,5.023953905488305
3098,0.23091305925211736,0.20058032644093515,5.0,5.029993262889549
3099,0.2034963841299391,0.19179070818831745,5.0,5.018051978892677
3100,0.10300863926437298,0.07504188563365966,5.0,5.004309058545058
3101,0.22104946063607378,0.20769497536596293,5.0,5.0400310562211725
3102,0.22702725493183218,0.2040919606982774,5.0,5.116915886376159
3103,0.1742706766878701,0.1577569139415289,5.0,5.024416831685459
3104,0.1242087955139266,0.12309575220139601,5.0,5.022331036613066
3105,0.3110109264948069,0.28614757570184923,5.0,5.008286826814619
3106,0.25458522928487004,0.21723573127681695,5.0,5.038321543436828
3107,0.24746236256861942,0.22269563679783655,5.0,5.020462152011023
3108,0.2049602222418947,0.19134082318848344,5.0,5.019398047048664
3109,0.1466876127240171,0.13634657246626114,5.0,5.026329401188887
3110,0.35713939396390204,0.34280867543280014,5.0,5.027614349047189
3111,0.3070455014949649,0.27015140793125014,5.0,5.023719841580299
3112,0.2748847666697969,0.2543070315304983,5.0,5.02433921351324
3113,0.313170698814369,0.2777920386392585,5.0,5.023407754690901
3114,0.25486695662464953,0.2314849905105758,5.0,5.0264271075989075
3115,0.321679483896955,0.30559919188364737,5.0,5.025253760830246
3116,0.10569924032430555,0.09978193262578938,5.0,5.036242397738047
3117,0.1807444919256216,0.12274983476039947,5.0,5.012125328894506
3118,0.2954569859127745,0.27246759991304015,5.0,5.059962215338247
3119,0.12711682231271793,0.11621215486663905,5.0,5.037873581283305
3120,0.32846076514153943,0.3039783444155315,5.0,5.025995583770433
3121,0.1429243552854096,0.1310341533434607,5.0,5.018887597075352
3122,0.20153945194895395,0.18823752568169594,5.0,5.009089769386641
3123,0.1736548076940927,0.16733018499763763,5.0,5.036905167664694
3124,0.12595958470308033,0.12534924883930598,5.0,5.022623034294469
3125,0.20352130125034207,0.20272686995668132,5.0,5.024960337759623
3126,0.35302823356691126,0.3245825492217127,5.0,5.0246093759927835
3127,0.2622426329504106,0.2382384796831576,5.0,5.0427729471808735
3128,0.2935941788532581,0.27549646984531095,5.0,5.020741860842923
3129,0.26425175575680293,0.2541230964915637,5.0,4.914366243188342
3130,0.33029397471579913,0.3090065142401275,5.0,5.0135235738605655
3131,0.3108031395782307,0.2856161506448647,5.0,5.024712156738573
3132,0.25880459100173425,0.25030064055483536,5.0,4.996221726407919
3133,0.2823905522944914,0.26592381796407594,5.0,5.04176757270109
3134,0.23626047021401653,0.2250446811102318,5.0,5.026641176291395
3135,0.26305995595204834,0.2453875347409098,5.0,5.036041371419975
3136,0.2106036293890159,0.19602299896727882,5.0,5.023622089149766
3137,0.3208461673258931,0.28688118406865404,5.0,5.0363590501419875
3138,0.14064643053366588,0.12510075508082563,5.0,5.021392124502615
3139,0.18101468513951247,0.17487260715597008,5.0,5.027401302304533
3140,0.16006447168663263,0.14373193265166018,5.0,5.028180442091541
3141,0.2805691977826468,0.25417958120257045,5.0,5.012269687110225
3142,0.28828460334916706,0.26845460837895163,5.0,5.027188011147272
3143,0.23950475786940073,0.24166300350074965,5.0,4.9632213049649465
3144,0.31606530582662606,0.2953054252675671,5.0,5.018194652757941
3145,0.18979812287007247,0.16926999820968502,5.0,5.025107355082223
3146,0.08887875624393438,0.0828338855585018,5.0,5.024124160239785
3147,0.07695725541879606,0.10465150308220128,5.0,5.022624056212344
3148,0.3105739989191989,0.29418972087050554,5.0,5.041501253133616
3149,0.1470320075783913,0.13096103504077483,5.0,5.0334442625540365
3150,0.14950051646853568,0.14456236118190113,5.0,5.012334846062689
3151,0.2156049125853654,0.2037988189629223,5.0,5.02292539220095
3152,0.3113963847210022,0.2488867162112116,5.0,5.029897942803698
3153,0.24041951679846263,0.21400769500930839,5.0,5.028783501097234
3154,0.17292344886436384,0.16614667828022345,5.0,5.0045330240695485
3155,0.3688476487611012,0.34205996786431836,5.0,5.040134298417467
3156,0.1432396673173002,0.12880868172918802,5.0,5.045703305856755
3157,0.19357661076254917,0.18088078644395034,5.0,5.018397809470452
3158,0.1161877848401962,0.11131907897142579,5.0,5.021514579117108
3159,0.2381708321007232,0.21906696036229256,5.0,5.0242128466558444
3160,0.2198848248072811,0.2064302000898226,5.0,5.030505249080814
3161,0.24796523084086042,0.2283348794277893,5.0,5.024749022701789
3162,0.2326932166546427,0.21208671319892192,5.0,5.027115835379652
3163,0.05719011683201525,0.06020037725673921,5.0,5.018473590206947
3164,0.2278136772371333,0.21462036829407993,5.0,5.045802851076999
3165,0.2826432164306749,0.26325182084605014,5.0,5.08400569243582
3166,0.16360420029168332,0.13885862779503944,5.0,5.0256027144234405
3167,0.17463239428199362,0.16461092344925965,5.0,5.01058591119512
3168,0.17747753708566782,0.16604125640271028,5.0,5.027122821348993
3169,0.22218899308959927,0.2072507284513141,5.0,5.022162611487291
3170,0.17881807205367162,0.1656695163346409,5.0,5.050234450534914
3171,0.2776214092833835,0.2593859783702417,5.0,5.029391335445252
3172,0.1433949088667743,0.1324736526475172,5.0,5.014913389786004
3173,0.37942346544374494,0.34600830719204256,5.0,5.024149388370445
3174,0.10243968831811467,0.10628695325121362,5.0,4.949796395578767
3175,0.24988965276787778,0.23532469266664502,5.0,5.017421562963333
3176,0.2917229323505357,0.228099157328292,5.0,5.021672437757525
3177,0.2589228898086595,0.25180992014733405,5.0,5.023598744625568
3178,0.17162151230049982,0.17088267999384543,5.0,5.031624557502976
3179,0.2888209064417191,0.2590629719951454,5.0,5.025371863517565
3180,0.2959335241309571,0.28077244433988624,5.0,5.0192969837725965
3181,0.2849011649344291,0.2616291620670166,5.0,5.024653482072825
3182,0.21385405873210783,0.1930039843915332,5.0,5.020226070455038
3183,0.12164501485816515,0.1041434334124598,5.0,5.022311470740304
3184,0.20110424183577336,0.18559454725946112,5.0,5.024419262918185
3185,0.18849101221749098,0.17161377141766487,5.0,5.04421043546234
3186,0.12754506796794662,0.11752368192121865,5.0,5.017681616720857
3187,0.17287738255587404,0.1567166498846846,5.0,5.032536825512475
3188,0.24838674218671253,0.23677818517331084,5.0,5.0
3189,0.2073377884615244,0.18929542978398883,5.0,5.021219041103402
3190,0.2776592423632691,0.26536685026526086,5.0,5.02467844221246
3191,0.25544620236201787,0.22912912949336728,5.0,5.023834391625446
3192,0.27742934260314445,0.25961265223773866,5.0,5.01961696092982
3193,0.20853244452662967,0.1877523667583405,5.0,5.0293373251243345
3194,0.45634230150191435,0.4174853431507006,5.0,5.0356365436293515
3195,0.25640740222008973,0.2323888947643784,5.0,5.036299119944987
3196,0.3813587149545399,0.34736153250515955,5.0,5.042522121788613
3197,0.240885963249176,0.22220100400886067,5.0,5.0200569689152275
3198,0.22822804752601877,0.20753205306224953,5.0,5.025940396654409
3199,0.24333147849469428,0.2313371728632989,5.0,5.020217898298078
3200,0.3025992955074128,0.26879883196506604,5.0,5.024165360308013
3201,0.39413688658401247,0.37533191188021564,5.0,5.020977911166096
3202,0.2327835698537053,0.21821566867353637,5.0,5.024680881666921
3203,0.20805501976525353,0.20126629484744307,5.0,5.031778220315868
3204,0.2295431657002791,0.2144130000309883,5.0,5.025970604791752
3205,0.3863645853112929,0.34294986153929274,5.0,5.027506994705622
3206,0.11338703613023848,0.1095200299432375,5.0,4.980449768843815
3207,0.20324537520769104,0.18856149962926727,5.0,5.037050793819864
3208,0.2345703281797944,0.2297778470409435,5.0,4.990577980674642
3209,0.3397828535646381,0.3334609380887714,5.0,4.898948256981566
3210,0.22769376165669963,0.25203260841501396,5.0,5.021479747006401
3211,0.27791945905231086,0.23193097356928205,5.0,5.017081607640925
3212,0.39814607295915105,0.36833443320587933,5.0,5.024806342550194
3213,0.20062575907388003,0.2220777136696186,5.0,5.006843650794197
3214,0.30323398256450496,0.2888020466580812,5.0,5.016824213595852
3215,0.33905778095108063,0.31296301056118425,5.0,5.024635380302751
3216,0.17817395802112013,0.17165642800340897,5.0,5.025469160903109
3217,0.24187097451006134,0.22409857614646778,5.0,5.030643819212965
3218,0.1681086039934938,0.1596146455870111,5.0,5.0
3219,0.22295645287458998,0.21377994298907788,5.0,5.025824768263156
3220,0.1784935216148773,0.18188845120774788,5.0,5.0263042691991
3221,0.253256326814409,0.21661411429445776,5.0,5.020939759919685
3222,0.2936479478734686,0.27163978107877074,5.0,5.017044245226021
3223,0.2655214869188298,0.24013750283218593,5.0,5.014244012404667
3224,0.33073588843741475,0.3445447380663651,5.0,5.027923671410752
3225,0.21269558601434846,0.20322434258695965,5.0,5.026228625505196
3226,0.3656185579000737,0.33895247049763166,5.0,5.030114556674539
3227,0.15725671936386965,0.14482593988166959,5.0,5.018570178081205
3228,0.2232323359718873,0.21140125455827619,5.0,5.0336612439780115
3229,0.24271683504904007,0.2293807565995698,5.0,5.02654624408672
3230,0.25344953554729366,0.2358997966665397,5.0,5.0276423060864595
3231,0.3136415094991787,0.3013690730564038,5.0,5.028429355618771
3232,0.12472591067558092,0.10411826640675437,5.0,5.022091859389954
3233,0.2604213533635751,0.2428516835884822,5.0,5.05319155475247
3234,0.07907608069921657,0.0716854709462198,5.0,5.025422876628358
3235,0.2813079307667836,0.2623175150565562,5.0,5.026715864898916
3236,0.23085605607563142,0.2092147460814895,5.0,5.038687764934382
3237,0.2988287036784383,0.2814416690448389,5.0,5.019085430226191
3238,0.2198979561349772,0.22864924046197177,5.0,5.022563785277256
3239,0.1463009607143375,0.13397552407489655,5.0,5.021397949188602
3240,0.27997985243471635,0.2648579782942837,5.0,5.025206457699181
3241,0.2739170856054942,0.2579051435417421,5.0,5.003923605840006
3242,0.208735564344962,0.19793140633549444,5.0,5.0198290817842395
3243,0.22338970965432958,0.1697200124438396,5.0,4.996729963137385
3244,0.20357192579108951,0.11584251549015345,5.0,5.0199800728219035
3245,0.41411424672368047,0.39000656360851993,5.0,5.019822627962478
3246,0.39815390501299674,0.36901656544702743,5.0,5.028902599264926
3247,0.14083774777749403,0.11461791287289436,5.0,5.019471027980771
3248,0.17340046168684387,0.14767938377940593,5.0,5.020715888996055
3249,0.18646992617640978,0.18250993553443662,5.0,5.024025949026694
3250,0.22879091383167394,0.20322597192510594,5.0,5.0322568216040064
3251,0.16750358220375006,0.15528635009181269,5.0,5.014885540054195
3252,0.13623332417713674,0.13436166298571095,5.0,5.020414981826047
3253,0.1998114164715208,0.17798065022927134,5.0,4.968555554664293
3254,0.14255493650281292,0.15412154077243945,5.0,5.020366705366026
3255,0.2512858644163072,0.225775546095343,5.0,5.028299238368534
3256,0.1638028463141623,0.21463529560736472,5.0,5.024754891656453
3257,0.34488999779961627,0.3240820176175693,5.0,5.025929318386133
3258,0.12360598250018762,0.1144531688621091,5.0,5.027152144992648
3259,0.15613053439153912,0.1352919567763886,5.0,5.042158872847278
3260,0.1658086711277318,0.16362467225252786,5.0,5.0171377679151075
3261,0.1300711603082647,0.13763075602180197,5.0,5.033114853293172
3262,0.28082587917994295,0.2649155943880701,5.0,5.027895183048612
3263,0.2309224338668867,0.20130287589529727,5.0,5.145534755806054
3264,0.22152799847003024,0.20244464340012147,5.0,5.020009616591432
3265,0.1363136213419498,0.12664174611271783,5.0,5.0334392733093924
3266,0.24393609119894522,0.22817971222276356,5.0,5.024063523918754
3267,0.09876403553619384,0.08852868031378658,5.0,5.1197825524245655
3268,0.36195987648889383,0.34400608149834855,5.0,5.018847579716823
3269,0.15532544382904834,0.15140859474050994,5.0,4.978296771274762
3270,0.2373392886025849,0.2251988371224789,5.0,5.019564112256338
3271,0.20936434066645937,0.1873096923768809,5.0,5.026305031992049
3272,0.2683971157499909,0.24415241722824854,5.0,5.020462475093259
3273,0.17641768525006274,0.15847286632048418,5.0,5.041077976730461
3274,0.18800745576581557,0.17202595577906,5.0,5.0320288363751065
3275,0.18128670247560352,0.16879188791710797,5.0,5.0354740931804365
3276,0.2427275418330368,0.22730575390430263,5.0,5.027108971836798
3277,0.18967778103550215,0.17485293410021874,5.0,5.0268367529189195
3278,0.3038906166082487,0.28790549026917756,5.0,5.02504049377313
3279,0.23754006666807492,0.2192974594321193,5.0,5.033532886438206
3280,0.16213799162870401,0.1504742482813326,5.0,5.026800198230896
3281,0.18335115185738626,0.1705083232409652,5.0,5.047146406005636
3282,0.36539076193601394,0.3275798025585863,5.0,5.025818418184187
3283,0.3913990758891577,0.3565398866823548,5.0,5.020800186505614
3284,0.17147675507375504,0.18129723094608208,5.0,5.022658961810524
3285,0.14490586516932225,0.1428934125022545,5.0,5.025389217462131
3286,0.08980056288893645,0.0800861237074395,5.0,5.028679941479508
3287,0.23040326325708516,0.21643825854513188,5.0,5.021465570907813
3288,0.172778797507932,0.1643634081039569,5.0,5.018770760114206
3289,0.2312124963520803,0.21930386433152638,5.0,5.031236810579811
3290,0.21335489048465917,0.19817848746631284,5.0,5.02753770520556
3291,0.17130878323071386,0.16467649498026327,5.0,4.99861255716028
3292,0.1430461540583976,0.16956649620290354,5.0,5.028527800166396
3293,0.10757955657335949,0.09973596867269752,5.0,5.0282666901775475
3294,0.12804990742026523,0.1632073701739487,5.0,5.025977534838928
3295,0.20325227041895877,0.19276655837111645,5.0,5.030163681971995
3296,0.24937379209010202,0.22347161391562564,5.0,5.024926777120369
3297,0.20404403042143926,0.19075910175713673,5.0,5.013465492181153
3298,0.2209058794660641,0.20511854472445346,5.0,5.019638032095939
3299,0.19508456045459033,0.17511497013040422,5.0,5.0883303606152275
3300,0.23421615094024828,0.22089023155148046,5.0,5.017315746266107
3301,0.18115869382447114,0.1734970118350998,5.0,5.014446797884782
3302,0.23508707859196942,0.21944251250314561,5.0,5.014855642223592
3303,0.23620101371203073,0.192343039448853,5.0,5.009642330407127
3304,0.16583488375866473,0.15765905441636363,5.0,5.0
3305,0.3919042516638487,0.3739822760533862,5.0,5.026620238882336
3306,0.09988188156794431,0.08908898486026184,5.0,5.020078648697055
3307,0.26370795087486076,0.16588690783024407,5.0,5.020793646980222
3308,0.21165721197788945,0.19150111251759117,5.0,5.028414337124394
3309,0.1932643486872061,0.16641466761676393,5.0,5.010529406794726
3310,0.19386197408283534,0.17961740632539835,5.0,5.032499004123201
3311,0.2394195548739182,0.22731851228488242,5.0,5.0
3312,0.20827649378530388,0.19392078589098127,5.0,5.021009707898028
3313,0.29394364781087123,0.26653500483682846,5.0,5.022770459178014
3314,0.3317523072848567,0.3209188204848359,5.0,5.030518530032975
3315,0.2474672006743326,0.23057801784489862,5.0,5.017894956749975
3316,0.2567839158244978,0.23892476684760156,5.0,5.021291600952162
3317,0.19418556203647852,0.1813734292214504,5.0,5.02697614748195
3318,0.16708447332467835,0.1617048657473712,5.0,5.020211244432309
3319,0.1404733729641825,0.13027864359421226,5.0,5.026799374981374
3320,0.2822974138088188,0.26378264169355603,5.0,5.037565462860556
3321,0.25419855469843156,0.23529243420735568,5.0,5.025967892438032
3322,0.2540816464105675,0.24228477360040301,5.0,5.028973985326353
3323,0.30768724102407785,0.2929125156584944,5.0,5.01954362332147
3324,0.17901477244843167,0.1611310725678552,5.0,5.034057897521391
3325,0.2189249955713306,0.19292277080936038,5.0,5.03121473854339
3326,0.2844320239593998,0.26415154307991573,5.0,5.059989618104934
3327,0.4158142493243906,0.3862854574488839,5.0,5.023571523276358
3328,0.22575871478663267,0.2096924722087592,5.0,5.025583370586473
3329,0.26808602927365,0.2391548178521321,5.0,5.018859533838098
3330,0.2669318170133257,0.24299912336558838,5.0,5.0267702373269785
3331,0.23242655233142862,0.2169375499697006,5.0,5.022786158329051
3332,0.35691869428773493,0.3334878873023468,5.0,5.048458418570512
3333,0.20493057864882847,0.1904381931895862,5.0,5.027560747945747
3334,0.2751692549621916,0.2556204497176999,5.0,5.0236362367053555
3335,0.22098553340405447,0.20459409002705864,5.0,5.0215833422244405
3336,0.18125438882967249,0.17321324158149598,5.0,4.982598098710875
3337,0.2405224195476403,0.22295538436027584,5.0,5.075073274946433
3338,0.11671306505777723,0.1091965435200537,5.0,5.023506846691923
3339,0.27932464252515565,0.25930713263913807,5.0,5.030530360354426
3340,0.14874035499959293,0.14307023949128683,5.0,5.018018259143551
3341,0.20861902924574394,0.18625667787074662,5.0,5.032884265338211
3342,0.09373167402518168,0.09760715378835982,5.0,5.004075636324901
3343,0.12539385351148025,0.12979508179837995,5.0,5.01882502680667
3344,0.2776425570126895,0.24632296388479635,5.0,5.0277303477280455
3345,0.506511905213576,0.4714548111368573,5.0,5.019911420517955
3346,0.21797637838578754,0.20386919709938,5.0,5.026098712370688
3347,0.3135416861535787,0.2964711333686467,5.0,5.042492595942081
3348,0.40946273483939466,0.37435066460123556,5.0,4.980627149952905
3349,0.24665526543010552,0.22522739815481652,5.0,5.034730850114508
3350,0.14342745179012795,0.13183576508757744,5.0,5.0418937448945655
3351,0.18970209200851662,0.15921714136979115,5.0,5.0197929402256225
3352,0.24905951851106511,0.23283261060113536,5.0,5.026796605201582
3353,0.29442174146324396,0.16322537326197417,5.0,5.017047912950581
3354,0.3118901874527624,0.29489258222153913,5.0,5.023494542761151
3355,0.28285558240804876,0.2677206487069108,5.0,5.0221937243935155
3356,0.19223986967101792,0.18294446114807283,5.0,5.0
3357,0.18407244989386862,0.16578272867897725,5.0,5.029039789512106
3358,0.09929410064459532,0.06607835195079925,5.0,5.007846905295041
3359,0.15300341924736216,0.14261206001365045,5.0,5.028299741291153
3360,0.15031059070814323,0.1423780953531908,5.0,5.022003036252647
3361,0.21244838709210012,0.19981778568729203,5.0,5.019856047548323
3362,0.1380083455197565,0.12813453748879167,5.0,5.035064252807979
3363,0.18870263472804627,0.1760765019895274,5.0,5.021602254407647
3364,0.4378400483013314,0.402572895014075,5.0,5.026028013694956
3365,0.2282753003488327,0.20882955418456195,5.0,5.042897552053978
3366,0.33247635396917374,0.30881065390630535,5.0,5.023977485550448
3367,0.15746877888190536,0.14413751480361015,5.0,5.034051588119377
3368,0.316895976218438,0.1816123394162501,5.0,5.0163507988620015
3369,0.2798227809999245,0.257818162314541,5.0,4.959977369460047
3370,0.17385367831975507,0.16204831287095423,5.0,5.0430230951178245
3371,0.32863551724888196,0.3027861974468462,5.0,5.022891110692882
3372,0.24334539534820543,0.2146477147873238,5.0,5.01654841847456
3373,0.28388622580070955,0.27572005631632734,5.0,5.023066977406367
3374,0.11590690298977369,0.10129547052035281,5.0,5.009363450483617
3375,0.2838690731035576,0.26764290003077273,5.0,5.055895429534187
3376,0.24552427695996082,0.2288629765614314,5.0,5.035351722488546
3377,0.13076619557311941,0.11798847351751562,5.0,5.020080157954929
3378,0.3079586092587365,0.2931604483164054,5.0,5.026331900683241
3379,0.24335993198898476,0.24350437174058626,5.0,5.020826356342614
3380,0.2097018520291396,0.1974193279190084,5.0,5.023020297157421
3381,0.347987741848488,0.3291181115486259,5.0,5.0213174582033115
3382,0.20064730540668707,0.18714992182356616,5.0,5.02228491174904
3383,0.12561763319402153,0.12217587515695016,5.0,5.024982494252734
3384,0.1656669422910324,0.16150724164285135,5.0,5.023998085794075
3385,0.33845023868028123,0.3283535931281911,5.0,5.0133497707634245
3386,0.2839870526491657,0.26842001683589367,5.0,5.023827625228794
3387,0.246758013790505,0.2348993008546847,5.0,5.022455236039836
3388,0.3022847815798002,0.30578705639774495,5.0,5.020269214553803
3389,0.22382215185468524,0.20852754347270008,5.0,5.017574990743201
3390,0.24318343811705456,0.23516335862063675,5.0,5.021023253380532
3391,0.19863586304579584,0.18810089012224074,5.0,5.027865838575183
3392,0.15987295142486446,0.15123243183082735,5.0,5.030187187182289
3393,0.2912487404188979,0.27689328131743873,5.0,5.026422107018256
3394,0.09559289044628283,0.08815636983571551,5.0,5.012994637884578
3395,0.2455750253704314,0.234069431698809,5.0,5.025823282109565
3396,0.2817677027547796,0.23998359576293837,5.0,5.022128851881611
3397,0.21488733543009753,0.2240652529285394,5.0,5.0198614486365845
3398,0.19254943320350448,0.17426524046582959,5.0,5.0193031136687605
3399,0.17385090895043387,0.16759286478715252,5.0,4.977168584056697
3400,0.24578992934166877,0.22813431947116292,5.0,5.038086239236934
3401,0.3390658937683222,0.3078278017216036,5.0,5.032038628258482
3402,0.1866835842535599,0.17443274578985424,5.0,5.001614612995873
3403,0.3864462845727812,0.39583152462120186,5.0,4.9997637966096775
3404,0.15985530904027945,0.16533919688257614,5.0,5.024808513894001
3405,0.19732671751439268,0.1799074334306423,5.0,5.08479759513337
3406,0.19831724726205868,0.19069521968868042,5.0,5.020551173971777
3407,0.1257072035989697,0.11003217423432265,5.0,5.0237433960830735
3408,0.1465286656931597,0.15287159820487228,5.0,4.964146542475882
3409,0.14802212516031954,0.1412637782217303,5.0,5.025208418834666
3410,0.16004659377903474,0.15725200942833584,5.0,5.026012980895098
3411,0.1718507946676513,0.1558197830345035,5.0,5.0202485153368315
3412,0.22139105182178853,0.23802782097235653,5.0,5.026242581484066
3413,0.22691924003247754,0.2096021504131269,5.0,5.028256651004535
3414,0.3031686959586193,0.2765857475308424,5.0,5.0225933209385065
3415,0.1059669373917993,0.10755192054917728,5.0,5.018313333652413
3416,0.3047602308726727,0.284550572356042,5.0,5.014910906877406
3417,0.19253861251278148,0.19557069850301945,5.0,4.916081135185921
3418,0.2473721249169445,0.23137165743469912,5.0,5.020669826844024
3419,0.3196979684111305,0.3001424226003082,5.0,4.992247652863204
3420,0.1772960359235951,0.1771053766805395,5.0,5.023594187982834
3421,0.17177613429853422,0.1606809407314167,5.0,5.0139099617632255
3422,0.2551433043895672,0.24268462930604895,5.0,5.030473368942232
3423,0.13669887737103137,0.12312904600553387,5.0,5.033679200209056
3424,0.2721537980657114,0.2594928990193053,5.0,5.0055740663778625
3425,0.09008865006495026,0.08705994915470838,5.0,5.020106931724166
3426,0.20483520676837474,0.18895289580205166,5.0,5.022803280334829
3427,0.20488909212907047,0.18672631624453895,5.0,5.018006419254082
3428,0.13391323017587098,0.12778756551719472,5.0,5.169485893973134
3429,0.21162329107289346,0.20405498360478047,5.0,5.033433606691302
